solid OpenSCAD_Model
  facet normal -0.619045 -0.785356 0
    outer loop
      vertex -24.2363 1.73939 0
      vertex -24.1037 1.63487 5
      vertex -24.2363 1.73939 5
    endloop
  endfacet
  facet normal -0.619045 -0.785356 -0
    outer loop
      vertex -24.1037 1.63487 5
      vertex -24.2363 1.73939 0
      vertex -24.1037 1.63487 0
    endloop
  endfacet
  facet normal 0.346081 -0.938205 0
    outer loop
      vertex -26.3228 1.98634 0
      vertex -26.1644 2.04477 5
      vertex -26.3228 1.98634 5
    endloop
  endfacet
  facet normal 0.346081 -0.938205 0
    outer loop
      vertex -26.1644 2.04477 5
      vertex -26.3228 1.98634 0
      vertex -26.1644 2.04477 0
    endloop
  endfacet
  facet normal 0.908316 -0.418284 0
    outer loop
      vertex -27.4863 0.822769 5
      vertex -27.4157 0.976079 0
      vertex -27.4157 0.976079 5
    endloop
  endfacet
  facet normal 0.908316 -0.418284 0
    outer loop
      vertex -27.4157 0.976079 0
      vertex -27.4863 0.822769 5
      vertex -27.4863 0.822769 0
    endloop
  endfacet
  facet normal -0.993028 0.117875 0
    outer loop
      vertex -23.3765 -0.336333 0
      vertex -23.3566 -0.168687 5
      vertex -23.3566 -0.168687 0
    endloop
  endfacet
  facet normal -0.993028 0.117875 0
    outer loop
      vertex -23.3566 -0.168687 5
      vertex -23.3765 -0.336333 0
      vertex -23.3765 -0.336333 5
    endloop
  endfacet
  facet normal -0.908316 -0.418284 0
    outer loop
      vertex -23.5137 0.822769 0
      vertex -23.5843 0.976079 5
      vertex -23.5843 0.976079 0
    endloop
  endfacet
  facet normal -0.908316 -0.418284 0
    outer loop
      vertex -23.5843 0.976079 5
      vertex -23.5137 0.822769 0
      vertex -23.5137 0.822769 5
    endloop
  endfacet
  facet normal -0.872463 -0.48868 0
    outer loop
      vertex -23.5843 0.976079 0
      vertex -23.6668 1.12337 5
      vertex -23.6668 1.12337 0
    endloop
  endfacet
  facet normal -0.872463 -0.48868 0
    outer loop
      vertex -23.6668 1.12337 5
      vertex -23.5843 0.976079 0
      vertex -23.5843 0.976079 5
    endloop
  endfacet
  facet normal -0.418698 -0.908126 0
    outer loop
      vertex -24.6772 1.98634 0
      vertex -24.5239 1.91566 5
      vertex -24.6772 1.98634 5
    endloop
  endfacet
  facet normal -0.418698 -0.908126 -0
    outer loop
      vertex -24.5239 1.91566 5
      vertex -24.6772 1.98634 0
      vertex -24.5239 1.91566 0
    endloop
  endfacet
  facet normal 0.734313 -0.678811 0
    outer loop
      vertex -27.1349 1.39631 5
      vertex -27.0203 1.52028 0
      vertex -27.0203 1.52028 5
    endloop
  endfacet
  facet normal 0.734313 -0.678811 0
    outer loop
      vertex -27.0203 1.52028 0
      vertex -27.1349 1.39631 5
      vertex -27.1349 1.39631 0
    endloop
  endfacet
  facet normal 0.191146 -0.981562 0
    outer loop
      vertex -26 2.09097 0
      vertex -26.0019 2.0906 5
      vertex -26.0019 2.0906 0
    endloop
  endfacet
  facet normal 0.195034 -0.980796 1.53398e-06
    outer loop
      vertex -26.0019 2.0906 5
      vertex -26 2.09097 0
      vertex -25.8363 2.12353 5
    endloop
  endfacet
  facet normal 0.195079 -0.980788 0
    outer loop
      vertex -25.8363 2.12353 5
      vertex -26 2.09097 0
      vertex -25.8363 2.12353 0
    endloop
  endfacet
  facet normal -0.938058 0.346479 0
    outer loop
      vertex -23.5137 -0.822769 0
      vertex -23.4552 -0.664386 5
      vertex -23.4552 -0.664386 0
    endloop
  endfacet
  facet normal -0.938058 0.346479 0
    outer loop
      vertex -23.4552 -0.664386 5
      vertex -23.5137 -0.822769 0
      vertex -23.5137 -0.822769 5
    endloop
  endfacet
  facet normal 0.195034 0.980796 -0
    outer loop
      vertex -25.8363 -2.12353 0
      vertex -26.0019 -2.0906 5
      vertex -25.8363 -2.12353 5
    endloop
  endfacet
  facet normal 0.195079 0.980788 1.55177e-06
    outer loop
      vertex -26 -2.09097 0
      vertex -26.0019 -2.0906 5
      vertex -25.8363 -2.12353 0
    endloop
  endfacet
  facet normal 0.191146 0.981562 0
    outer loop
      vertex -26.0019 -2.0906 5
      vertex -26 -2.09097 0
      vertex -26.0019 -2.0906 0
    endloop
  endfacet
  facet normal 0.678691 0.734424 -0
    outer loop
      vertex -26.8963 -1.63487 0
      vertex -27.0203 -1.52028 5
      vertex -26.8963 -1.63487 5
    endloop
  endfacet
  facet normal 0.678691 0.734424 0
    outer loop
      vertex -27.0203 -1.52028 5
      vertex -26.8963 -1.63487 0
      vertex -27.0203 -1.52028 0
    endloop
  endfacet
  facet normal 0.980825 0.194892 0
    outer loop
      vertex -27.5906 -0.501907 5
      vertex -27.6235 -0.336333 0
      vertex -27.6235 -0.336333 5
    endloop
  endfacet
  facet normal 0.980825 0.194892 0
    outer loop
      vertex -27.6235 -0.336333 0
      vertex -27.5906 -0.501907 5
      vertex -27.5906 -0.501907 0
    endloop
  endfacet
  facet normal -0.980825 -0.194892 0
    outer loop
      vertex -23.3765 0.336333 0
      vertex -23.4094 0.501907 5
      vertex -23.4094 0.501907 0
    endloop
  endfacet
  facet normal -0.980825 -0.194892 0
    outer loop
      vertex -23.4094 0.501907 5
      vertex -23.3765 0.336333 0
      vertex -23.3765 0.336333 5
    endloop
  endfacet
  facet normal -0.734313 -0.678811 0
    outer loop
      vertex -23.8651 1.39631 0
      vertex -23.9797 1.52028 5
      vertex -23.9797 1.52028 0
    endloop
  endfacet
  facet normal -0.734313 -0.678811 0
    outer loop
      vertex -23.9797 1.52028 5
      vertex -23.8651 1.39631 0
      vertex -23.8651 1.39631 5
    endloop
  endfacet
  facet normal -0.785345 -0.619058 0
    outer loop
      vertex -23.7606 1.26374 0
      vertex -23.8651 1.39631 5
      vertex -23.8651 1.39631 0
    endloop
  endfacet
  facet normal -0.785345 -0.619058 0
    outer loop
      vertex -23.8651 1.39631 5
      vertex -23.7606 1.26374 0
      vertex -23.7606 1.26374 5
    endloop
  endfacet
  facet normal -0.678691 -0.734424 0
    outer loop
      vertex -24.1037 1.63487 0
      vertex -23.9797 1.52028 5
      vertex -24.1037 1.63487 5
    endloop
  endfacet
  facet normal -0.678691 -0.734424 -0
    outer loop
      vertex -23.9797 1.52028 5
      vertex -24.1037 1.63487 0
      vertex -23.9797 1.52028 0
    endloop
  endfacet
  facet normal -0.555753 -0.831348 0
    outer loop
      vertex -24.3766 1.83318 0
      vertex -24.2363 1.73939 5
      vertex -24.3766 1.83318 5
    endloop
  endfacet
  facet normal -0.555753 -0.831348 -0
    outer loop
      vertex -24.2363 1.73939 5
      vertex -24.3766 1.83318 0
      vertex -24.2363 1.73939 0
    endloop
  endfacet
  facet normal -0.0392702 -0.999229 0
    outer loop
      vertex -25.5 2.15 0
      vertex -25.3313 2.14337 5
      vertex -25.5 2.15 5
    endloop
  endfacet
  facet normal -0.0392702 -0.999229 -0
    outer loop
      vertex -25.3313 2.14337 5
      vertex -25.5 2.15 0
      vertex -25.3313 2.14337 0
    endloop
  endfacet
  facet normal -0.488567 -0.872526 0
    outer loop
      vertex -24.5239 1.91566 0
      vertex -24.3766 1.83318 5
      vertex -24.5239 1.91566 5
    endloop
  endfacet
  facet normal -0.488567 -0.872526 -0
    outer loop
      vertex -24.3766 1.83318 5
      vertex -24.5239 1.91566 0
      vertex -24.3766 1.83318 0
    endloop
  endfacet
  facet normal -0.346081 -0.938205 0
    outer loop
      vertex -24.8356 2.04477 0
      vertex -24.6772 1.98634 5
      vertex -24.8356 2.04477 5
    endloop
  endfacet
  facet normal -0.346081 -0.938205 -0
    outer loop
      vertex -24.6772 1.98634 5
      vertex -24.8356 2.04477 0
      vertex -24.6772 1.98634 0
    endloop
  endfacet
  facet normal -0.271442 -0.962455 0
    outer loop
      vertex -24.9981 2.0906 0
      vertex -24.8356 2.04477 5
      vertex -24.9981 2.0906 5
    endloop
  endfacet
  facet normal -0.271442 -0.962455 -0
    outer loop
      vertex -24.8356 2.04477 5
      vertex -24.9981 2.0906 0
      vertex -24.8356 2.04477 0
    endloop
  endfacet
  facet normal 0.993028 -0.117875 0
    outer loop
      vertex -27.6434 0.168687 5
      vertex -27.6235 0.336333 0
      vertex -27.6235 0.336333 5
    endloop
  endfacet
  facet normal 0.993028 -0.117875 0
    outer loop
      vertex -27.6235 0.336333 0
      vertex -27.6434 0.168687 5
      vertex -27.6434 0.168687 0
    endloop
  endfacet
  facet normal 0.938058 -0.346479 0
    outer loop
      vertex -27.5448 0.664386 5
      vertex -27.4863 0.822769 0
      vertex -27.4863 0.822769 5
    endloop
  endfacet
  facet normal 0.938058 -0.346479 0
    outer loop
      vertex -27.4863 0.822769 0
      vertex -27.5448 0.664386 5
      vertex -27.5448 0.664386 0
    endloop
  endfacet
  facet normal 0.962492 -0.27131 0
    outer loop
      vertex -27.5906 0.501907 5
      vertex -27.5448 0.664386 0
      vertex -27.5448 0.664386 5
    endloop
  endfacet
  facet normal 0.962492 -0.27131 0
    outer loop
      vertex -27.5448 0.664386 0
      vertex -27.5906 0.501907 5
      vertex -27.5906 0.501907 0
    endloop
  endfacet
  facet normal 0.872463 -0.48868 0
    outer loop
      vertex -27.4157 0.976079 5
      vertex -27.3332 1.12337 0
      vertex -27.3332 1.12337 5
    endloop
  endfacet
  facet normal 0.872463 -0.48868 0
    outer loop
      vertex -27.3332 1.12337 0
      vertex -27.4157 0.976079 5
      vertex -27.4157 0.976079 0
    endloop
  endfacet
  facet normal 0.831448 -0.555602 0
    outer loop
      vertex -27.3332 1.12337 5
      vertex -27.2394 1.26374 0
      vertex -27.2394 1.26374 5
    endloop
  endfacet
  facet normal 0.831448 -0.555602 0
    outer loop
      vertex -27.2394 1.26374 0
      vertex -27.3332 1.12337 5
      vertex -27.3332 1.12337 0
    endloop
  endfacet
  facet normal 0.271442 -0.962455 0
    outer loop
      vertex -26.1644 2.04477 0
      vertex -26.0019 2.0906 5
      vertex -26.1644 2.04477 5
    endloop
  endfacet
  facet normal 0.271442 -0.962455 0
    outer loop
      vertex -26.0019 2.0906 5
      vertex -26.1644 2.04477 0
      vertex -26.0019 2.0906 0
    endloop
  endfacet
  facet normal 0.117556 -0.993066 0
    outer loop
      vertex -25.8363 2.12353 0
      vertex -25.6687 2.14337 5
      vertex -25.8363 2.12353 5
    endloop
  endfacet
  facet normal 0.117556 -0.993066 0
    outer loop
      vertex -25.6687 2.14337 5
      vertex -25.8363 2.12353 0
      vertex -25.6687 2.14337 0
    endloop
  endfacet
  facet normal 0.488567 -0.872526 0
    outer loop
      vertex -26.6234 1.83318 0
      vertex -26.4761 1.91566 5
      vertex -26.6234 1.83318 5
    endloop
  endfacet
  facet normal 0.488567 -0.872526 0
    outer loop
      vertex -26.4761 1.91566 5
      vertex -26.6234 1.83318 0
      vertex -26.4761 1.91566 0
    endloop
  endfacet
  facet normal 0.418698 -0.908126 0
    outer loop
      vertex -26.4761 1.91566 0
      vertex -26.3228 1.98634 5
      vertex -26.4761 1.91566 5
    endloop
  endfacet
  facet normal 0.418698 -0.908126 0
    outer loop
      vertex -26.3228 1.98634 5
      vertex -26.4761 1.91566 0
      vertex -26.3228 1.98634 0
    endloop
  endfacet
  facet normal 0.678691 -0.734424 0
    outer loop
      vertex -27.0203 1.52028 0
      vertex -26.8963 1.63487 5
      vertex -27.0203 1.52028 5
    endloop
  endfacet
  facet normal 0.678691 -0.734424 0
    outer loop
      vertex -26.8963 1.63487 5
      vertex -27.0203 1.52028 0
      vertex -26.8963 1.63487 0
    endloop
  endfacet
  facet normal -0.999235 -0.0390958 0
    outer loop
      vertex -23.35 0 0
      vertex -23.3566 0.168687 5
      vertex -23.3566 0.168687 0
    endloop
  endfacet
  facet normal -0.999235 -0.0390958 0
    outer loop
      vertex -23.3566 0.168687 5
      vertex -23.35 0 0
      vertex -23.35 0 5
    endloop
  endfacet
  facet normal -0.0392702 0.999229 0
    outer loop
      vertex -25.3313 -2.14337 0
      vertex -25.5 -2.15 5
      vertex -25.3313 -2.14337 5
    endloop
  endfacet
  facet normal -0.0392702 0.999229 0
    outer loop
      vertex -25.5 -2.15 5
      vertex -25.3313 -2.14337 0
      vertex -25.5 -2.15 0
    endloop
  endfacet
  facet normal -0.962492 0.27131 0
    outer loop
      vertex -23.4552 -0.664386 0
      vertex -23.4094 -0.501907 5
      vertex -23.4094 -0.501907 0
    endloop
  endfacet
  facet normal -0.962492 0.27131 0
    outer loop
      vertex -23.4094 -0.501907 5
      vertex -23.4552 -0.664386 0
      vertex -23.4552 -0.664386 5
    endloop
  endfacet
  facet normal -0.785345 0.619058 0
    outer loop
      vertex -23.8651 -1.39631 0
      vertex -23.7606 -1.26374 5
      vertex -23.7606 -1.26374 0
    endloop
  endfacet
  facet normal -0.785345 0.619058 0
    outer loop
      vertex -23.7606 -1.26374 5
      vertex -23.8651 -1.39631 0
      vertex -23.8651 -1.39631 5
    endloop
  endfacet
  facet normal -0.195034 0.980796 0
    outer loop
      vertex -24.9981 -2.0906 0
      vertex -25.1637 -2.12353 5
      vertex -24.9981 -2.0906 5
    endloop
  endfacet
  facet normal -0.195034 0.980796 0
    outer loop
      vertex -25.1637 -2.12353 5
      vertex -24.9981 -2.0906 0
      vertex -25.1637 -2.12353 0
    endloop
  endfacet
  facet normal -0.271442 0.962455 0
    outer loop
      vertex -24.8356 -2.04477 0
      vertex -24.9981 -2.0906 5
      vertex -24.8356 -2.04477 5
    endloop
  endfacet
  facet normal -0.271442 0.962455 0
    outer loop
      vertex -24.9981 -2.0906 5
      vertex -24.8356 -2.04477 0
      vertex -24.9981 -2.0906 0
    endloop
  endfacet
  facet normal -0.619045 0.785356 0
    outer loop
      vertex -24.1037 -1.63487 0
      vertex -24.2363 -1.73939 5
      vertex -24.1037 -1.63487 5
    endloop
  endfacet
  facet normal -0.619045 0.785356 0
    outer loop
      vertex -24.2363 -1.73939 5
      vertex -24.1037 -1.63487 0
      vertex -24.2363 -1.73939 0
    endloop
  endfacet
  facet normal -0.418698 0.908126 0
    outer loop
      vertex -24.5239 -1.91566 0
      vertex -24.6772 -1.98634 5
      vertex -24.5239 -1.91566 5
    endloop
  endfacet
  facet normal -0.418698 0.908126 0
    outer loop
      vertex -24.6772 -1.98634 5
      vertex -24.5239 -1.91566 0
      vertex -24.6772 -1.98634 0
    endloop
  endfacet
  facet normal 0.117556 0.993066 -0
    outer loop
      vertex -25.6687 -2.14337 0
      vertex -25.8363 -2.12353 5
      vertex -25.6687 -2.14337 5
    endloop
  endfacet
  facet normal 0.117556 0.993066 0
    outer loop
      vertex -25.8363 -2.12353 5
      vertex -25.6687 -2.14337 0
      vertex -25.8363 -2.12353 0
    endloop
  endfacet
  facet normal 0.346081 0.938205 -0
    outer loop
      vertex -26.1644 -2.04477 0
      vertex -26.3228 -1.98634 5
      vertex -26.1644 -2.04477 5
    endloop
  endfacet
  facet normal 0.346081 0.938205 0
    outer loop
      vertex -26.3228 -1.98634 5
      vertex -26.1644 -2.04477 0
      vertex -26.3228 -1.98634 0
    endloop
  endfacet
  facet normal 0.488567 0.872526 -0
    outer loop
      vertex -26.4761 -1.91566 0
      vertex -26.6234 -1.83318 5
      vertex -26.4761 -1.91566 5
    endloop
  endfacet
  facet normal 0.488567 0.872526 0
    outer loop
      vertex -26.6234 -1.83318 5
      vertex -26.4761 -1.91566 0
      vertex -26.6234 -1.83318 0
    endloop
  endfacet
  facet normal 0.962492 0.27131 0
    outer loop
      vertex -27.5448 -0.664386 5
      vertex -27.5906 -0.501907 0
      vertex -27.5906 -0.501907 5
    endloop
  endfacet
  facet normal 0.962492 0.27131 0
    outer loop
      vertex -27.5906 -0.501907 0
      vertex -27.5448 -0.664386 5
      vertex -27.5448 -0.664386 0
    endloop
  endfacet
  facet normal 0.908316 0.418284 0
    outer loop
      vertex -27.4157 -0.976079 5
      vertex -27.4863 -0.822769 0
      vertex -27.4863 -0.822769 5
    endloop
  endfacet
  facet normal 0.908316 0.418284 0
    outer loop
      vertex -27.4863 -0.822769 0
      vertex -27.4157 -0.976079 5
      vertex -27.4157 -0.976079 0
    endloop
  endfacet
  facet normal 0.734313 0.678811 0
    outer loop
      vertex -27.0203 -1.52028 5
      vertex -27.1349 -1.39631 0
      vertex -27.1349 -1.39631 5
    endloop
  endfacet
  facet normal 0.734313 0.678811 0
    outer loop
      vertex -27.1349 -1.39631 0
      vertex -27.0203 -1.52028 5
      vertex -27.0203 -1.52028 0
    endloop
  endfacet
  facet normal -0.993028 -0.117875 0
    outer loop
      vertex -23.3566 0.168687 0
      vertex -23.3765 0.336333 5
      vertex -23.3765 0.336333 0
    endloop
  endfacet
  facet normal -0.993028 -0.117875 0
    outer loop
      vertex -23.3765 0.336333 5
      vertex -23.3566 0.168687 0
      vertex -23.3566 0.168687 5
    endloop
  endfacet
  facet normal -0.938058 -0.346479 0
    outer loop
      vertex -23.4552 0.664386 0
      vertex -23.5137 0.822769 5
      vertex -23.5137 0.822769 0
    endloop
  endfacet
  facet normal -0.938058 -0.346479 0
    outer loop
      vertex -23.5137 0.822769 5
      vertex -23.4552 0.664386 0
      vertex -23.4552 0.664386 5
    endloop
  endfacet
  facet normal -0.962492 -0.27131 0
    outer loop
      vertex -23.4094 0.501907 0
      vertex -23.4552 0.664386 5
      vertex -23.4552 0.664386 0
    endloop
  endfacet
  facet normal -0.962492 -0.27131 0
    outer loop
      vertex -23.4552 0.664386 5
      vertex -23.4094 0.501907 0
      vertex -23.4094 0.501907 5
    endloop
  endfacet
  facet normal -0.831448 -0.555602 0
    outer loop
      vertex -23.6668 1.12337 0
      vertex -23.7606 1.26374 5
      vertex -23.7606 1.26374 0
    endloop
  endfacet
  facet normal -0.831448 -0.555602 0
    outer loop
      vertex -23.7606 1.26374 5
      vertex -23.6668 1.12337 0
      vertex -23.6668 1.12337 5
    endloop
  endfacet
  facet normal -0.195034 -0.980796 0
    outer loop
      vertex -25.1637 2.12353 0
      vertex -24.9981 2.0906 5
      vertex -25.1637 2.12353 5
    endloop
  endfacet
  facet normal -0.195034 -0.980796 -0
    outer loop
      vertex -24.9981 2.0906 5
      vertex -25.1637 2.12353 0
      vertex -24.9981 2.0906 0
    endloop
  endfacet
  facet normal -0.117556 -0.993066 0
    outer loop
      vertex -25.3313 2.14337 0
      vertex -25.1637 2.12353 5
      vertex -25.3313 2.14337 5
    endloop
  endfacet
  facet normal -0.117556 -0.993066 -0
    outer loop
      vertex -25.1637 2.12353 5
      vertex -25.3313 2.14337 0
      vertex -25.1637 2.12353 0
    endloop
  endfacet
  facet normal 0.999235 -0.0390958 0
    outer loop
      vertex -27.65 0 5
      vertex -27.6434 0.168687 0
      vertex -27.6434 0.168687 5
    endloop
  endfacet
  facet normal 0.999235 -0.0390958 0
    outer loop
      vertex -27.6434 0.168687 0
      vertex -27.65 0 5
      vertex -27.65 0 0
    endloop
  endfacet
  facet normal 0.980825 -0.194892 0
    outer loop
      vertex -27.6235 0.336333 5
      vertex -27.5906 0.501907 0
      vertex -27.5906 0.501907 5
    endloop
  endfacet
  facet normal 0.980825 -0.194892 0
    outer loop
      vertex -27.5906 0.501907 0
      vertex -27.6235 0.336333 5
      vertex -27.6235 0.336333 0
    endloop
  endfacet
  facet normal 0.785345 -0.619058 0
    outer loop
      vertex -27.2394 1.26374 5
      vertex -27.1349 1.39631 0
      vertex -27.1349 1.39631 5
    endloop
  endfacet
  facet normal 0.785345 -0.619058 0
    outer loop
      vertex -27.1349 1.39631 0
      vertex -27.2394 1.26374 5
      vertex -27.2394 1.26374 0
    endloop
  endfacet
  facet normal 0.0392702 -0.999229 0
    outer loop
      vertex -25.6687 2.14337 0
      vertex -25.5 2.15 5
      vertex -25.6687 2.14337 5
    endloop
  endfacet
  facet normal 0.0392702 -0.999229 0
    outer loop
      vertex -25.5 2.15 5
      vertex -25.6687 2.14337 0
      vertex -25.5 2.15 0
    endloop
  endfacet
  facet normal 0.619045 -0.785356 0
    outer loop
      vertex -26.8963 1.63487 0
      vertex -26.7637 1.73939 5
      vertex -26.8963 1.63487 5
    endloop
  endfacet
  facet normal 0.619045 -0.785356 0
    outer loop
      vertex -26.7637 1.73939 5
      vertex -26.8963 1.63487 0
      vertex -26.7637 1.73939 0
    endloop
  endfacet
  facet normal 0.555753 -0.831348 0
    outer loop
      vertex -26.7637 1.73939 0
      vertex -26.6234 1.83318 5
      vertex -26.7637 1.73939 5
    endloop
  endfacet
  facet normal 0.555753 -0.831348 0
    outer loop
      vertex -26.6234 1.83318 5
      vertex -26.7637 1.73939 0
      vertex -26.6234 1.83318 0
    endloop
  endfacet
  facet normal -0.980825 0.194892 0
    outer loop
      vertex -23.4094 -0.501907 0
      vertex -23.3765 -0.336333 5
      vertex -23.3765 -0.336333 0
    endloop
  endfacet
  facet normal -0.980825 0.194892 0
    outer loop
      vertex -23.3765 -0.336333 5
      vertex -23.4094 -0.501907 0
      vertex -23.4094 -0.501907 5
    endloop
  endfacet
  facet normal -0.117556 0.993066 0
    outer loop
      vertex -25.1637 -2.12353 0
      vertex -25.3313 -2.14337 5
      vertex -25.1637 -2.12353 5
    endloop
  endfacet
  facet normal -0.117556 0.993066 0
    outer loop
      vertex -25.3313 -2.14337 5
      vertex -25.1637 -2.12353 0
      vertex -25.3313 -2.14337 0
    endloop
  endfacet
  facet normal -0.346081 0.938205 0
    outer loop
      vertex -24.6772 -1.98634 0
      vertex -24.8356 -2.04477 5
      vertex -24.6772 -1.98634 5
    endloop
  endfacet
  facet normal -0.346081 0.938205 0
    outer loop
      vertex -24.8356 -2.04477 5
      vertex -24.6772 -1.98634 0
      vertex -24.8356 -2.04477 0
    endloop
  endfacet
  facet normal -0.734313 0.678811 0
    outer loop
      vertex -23.9797 -1.52028 0
      vertex -23.8651 -1.39631 5
      vertex -23.8651 -1.39631 0
    endloop
  endfacet
  facet normal -0.734313 0.678811 0
    outer loop
      vertex -23.8651 -1.39631 5
      vertex -23.9797 -1.52028 0
      vertex -23.9797 -1.52028 5
    endloop
  endfacet
  facet normal -0.678691 0.734424 0
    outer loop
      vertex -23.9797 -1.52028 0
      vertex -24.1037 -1.63487 5
      vertex -23.9797 -1.52028 5
    endloop
  endfacet
  facet normal -0.678691 0.734424 0
    outer loop
      vertex -24.1037 -1.63487 5
      vertex -23.9797 -1.52028 0
      vertex -24.1037 -1.63487 0
    endloop
  endfacet
  facet normal -0.488567 0.872526 0
    outer loop
      vertex -24.3766 -1.83318 0
      vertex -24.5239 -1.91566 5
      vertex -24.3766 -1.83318 5
    endloop
  endfacet
  facet normal -0.488567 0.872526 0
    outer loop
      vertex -24.5239 -1.91566 5
      vertex -24.3766 -1.83318 0
      vertex -24.5239 -1.91566 0
    endloop
  endfacet
  facet normal 0.271442 0.962455 -0
    outer loop
      vertex -26.0019 -2.0906 0
      vertex -26.1644 -2.04477 5
      vertex -26.0019 -2.0906 5
    endloop
  endfacet
  facet normal 0.271442 0.962455 0
    outer loop
      vertex -26.1644 -2.04477 5
      vertex -26.0019 -2.0906 0
      vertex -26.1644 -2.04477 0
    endloop
  endfacet
  facet normal 0.418698 0.908126 -0
    outer loop
      vertex -26.3228 -1.98634 0
      vertex -26.4761 -1.91566 5
      vertex -26.3228 -1.98634 5
    endloop
  endfacet
  facet normal 0.418698 0.908126 0
    outer loop
      vertex -26.4761 -1.91566 5
      vertex -26.3228 -1.98634 0
      vertex -26.4761 -1.91566 0
    endloop
  endfacet
  facet normal 0.619045 0.785356 -0
    outer loop
      vertex -26.7637 -1.73939 0
      vertex -26.8963 -1.63487 5
      vertex -26.7637 -1.73939 5
    endloop
  endfacet
  facet normal 0.619045 0.785356 0
    outer loop
      vertex -26.8963 -1.63487 5
      vertex -26.7637 -1.73939 0
      vertex -26.8963 -1.63487 0
    endloop
  endfacet
  facet normal 0.938058 0.346479 0
    outer loop
      vertex -27.4863 -0.822769 5
      vertex -27.5448 -0.664386 0
      vertex -27.5448 -0.664386 5
    endloop
  endfacet
  facet normal 0.938058 0.346479 0
    outer loop
      vertex -27.5448 -0.664386 0
      vertex -27.4863 -0.822769 5
      vertex -27.4863 -0.822769 0
    endloop
  endfacet
  facet normal 0.999235 0.0390958 0
    outer loop
      vertex -27.6434 -0.168687 5
      vertex -27.65 0 0
      vertex -27.65 0 5
    endloop
  endfacet
  facet normal 0.999235 0.0390958 0
    outer loop
      vertex -27.65 0 0
      vertex -27.6434 -0.168687 5
      vertex -27.6434 -0.168687 0
    endloop
  endfacet
  facet normal 0.872463 0.48868 0
    outer loop
      vertex -27.3332 -1.12337 5
      vertex -27.4157 -0.976079 0
      vertex -27.4157 -0.976079 5
    endloop
  endfacet
  facet normal 0.872463 0.48868 0
    outer loop
      vertex -27.4157 -0.976079 0
      vertex -27.3332 -1.12337 5
      vertex -27.3332 -1.12337 0
    endloop
  endfacet
  facet normal 0.831448 0.555602 0
    outer loop
      vertex -27.2394 -1.26374 5
      vertex -27.3332 -1.12337 0
      vertex -27.3332 -1.12337 5
    endloop
  endfacet
  facet normal 0.831448 0.555602 0
    outer loop
      vertex -27.3332 -1.12337 0
      vertex -27.2394 -1.26374 5
      vertex -27.2394 -1.26374 0
    endloop
  endfacet
  facet normal -0.999235 0.0390958 0
    outer loop
      vertex -23.3566 -0.168687 0
      vertex -23.35 0 5
      vertex -23.35 0 0
    endloop
  endfacet
  facet normal -0.999235 0.0390958 0
    outer loop
      vertex -23.35 0 5
      vertex -23.3566 -0.168687 0
      vertex -23.3566 -0.168687 5
    endloop
  endfacet
  facet normal -0.908316 0.418284 0
    outer loop
      vertex -23.5843 -0.976079 0
      vertex -23.5137 -0.822769 5
      vertex -23.5137 -0.822769 0
    endloop
  endfacet
  facet normal -0.908316 0.418284 0
    outer loop
      vertex -23.5137 -0.822769 5
      vertex -23.5843 -0.976079 0
      vertex -23.5843 -0.976079 5
    endloop
  endfacet
  facet normal -0.872463 0.48868 0
    outer loop
      vertex -23.6668 -1.12337 0
      vertex -23.5843 -0.976079 5
      vertex -23.5843 -0.976079 0
    endloop
  endfacet
  facet normal -0.872463 0.48868 0
    outer loop
      vertex -23.5843 -0.976079 5
      vertex -23.6668 -1.12337 0
      vertex -23.6668 -1.12337 5
    endloop
  endfacet
  facet normal -0.555753 0.831348 0
    outer loop
      vertex -24.2363 -1.73939 0
      vertex -24.3766 -1.83318 5
      vertex -24.2363 -1.73939 5
    endloop
  endfacet
  facet normal -0.555753 0.831348 0
    outer loop
      vertex -24.3766 -1.83318 5
      vertex -24.2363 -1.73939 0
      vertex -24.3766 -1.83318 0
    endloop
  endfacet
  facet normal 0.0392702 0.999229 -0
    outer loop
      vertex -25.5 -2.15 0
      vertex -25.6687 -2.14337 5
      vertex -25.5 -2.15 5
    endloop
  endfacet
  facet normal 0.0392702 0.999229 0
    outer loop
      vertex -25.6687 -2.14337 5
      vertex -25.5 -2.15 0
      vertex -25.6687 -2.14337 0
    endloop
  endfacet
  facet normal 0.555753 0.831348 -0
    outer loop
      vertex -26.6234 -1.83318 0
      vertex -26.7637 -1.73939 5
      vertex -26.6234 -1.83318 5
    endloop
  endfacet
  facet normal 0.555753 0.831348 0
    outer loop
      vertex -26.7637 -1.73939 5
      vertex -26.6234 -1.83318 0
      vertex -26.7637 -1.73939 0
    endloop
  endfacet
  facet normal 0.993028 0.117875 0
    outer loop
      vertex -27.6235 -0.336333 5
      vertex -27.6434 -0.168687 0
      vertex -27.6434 -0.168687 5
    endloop
  endfacet
  facet normal 0.993028 0.117875 0
    outer loop
      vertex -27.6434 -0.168687 0
      vertex -27.6235 -0.336333 5
      vertex -27.6235 -0.336333 0
    endloop
  endfacet
  facet normal 0.785345 0.619058 0
    outer loop
      vertex -27.1349 -1.39631 5
      vertex -27.2394 -1.26374 0
      vertex -27.2394 -1.26374 5
    endloop
  endfacet
  facet normal 0.785345 0.619058 0
    outer loop
      vertex -27.2394 -1.26374 0
      vertex -27.1349 -1.39631 5
      vertex -27.1349 -1.39631 0
    endloop
  endfacet
  facet normal -0.831448 0.555602 0
    outer loop
      vertex -23.7606 -1.26374 0
      vertex -23.6668 -1.12337 5
      vertex -23.6668 -1.12337 0
    endloop
  endfacet
  facet normal -0.831448 0.555602 0
    outer loop
      vertex -23.6668 -1.12337 5
      vertex -23.7606 -1.26374 0
      vertex -23.7606 -1.26374 5
    endloop
  endfacet
  facet normal -0.999235 -0.0390958 0
    outer loop
      vertex 11.65 0 0
      vertex 11.6434 0.168687 2
      vertex 11.6434 0.168687 0
    endloop
  endfacet
  facet normal -0.999235 -0.0390958 0
    outer loop
      vertex 11.6434 0.168687 2
      vertex 11.65 0 0
      vertex 11.65 0 2
    endloop
  endfacet
  facet normal -0.67831 -0.734776 0
    outer loop
      vertex 11 1.53902 0
      vertex 11.0203 1.52028 2
      vertex 11 1.53902 2
    endloop
  endfacet
  facet normal -0.67831 -0.734776 -0
    outer loop
      vertex 11.0203 1.52028 2
      vertex 11 1.53902 0
      vertex 11.0203 1.52028 0
    endloop
  endfacet
  facet normal -0.908316 -0.418284 0
    outer loop
      vertex 11.4863 0.822769 0
      vertex 11.4157 0.976079 2
      vertex 11.4157 0.976079 0
    endloop
  endfacet
  facet normal -0.908316 -0.418284 0
    outer loop
      vertex 11.4157 0.976079 2
      vertex 11.4863 0.822769 0
      vertex 11.4863 0.822769 2
    endloop
  endfacet
  facet normal -0.980825 -0.194892 0
    outer loop
      vertex 11.6235 0.336333 0
      vertex 11.5906 0.501907 2
      vertex 11.5906 0.501907 0
    endloop
  endfacet
  facet normal -0.980825 -0.194892 0
    outer loop
      vertex 11.5906 0.501907 2
      vertex 11.6235 0.336333 0
      vertex 11.6235 0.336333 2
    endloop
  endfacet
  facet normal -0.993028 -0.117875 0
    outer loop
      vertex 11.6434 0.168687 0
      vertex 11.6235 0.336333 2
      vertex 11.6235 0.336333 0
    endloop
  endfacet
  facet normal -0.993028 -0.117875 0
    outer loop
      vertex 11.6235 0.336333 2
      vertex 11.6434 0.168687 0
      vertex 11.6434 0.168687 2
    endloop
  endfacet
  facet normal -0.785345 -0.619058 0
    outer loop
      vertex 11.2394 1.26374 0
      vertex 11.1349 1.39631 2
      vertex 11.1349 1.39631 0
    endloop
  endfacet
  facet normal -0.785345 -0.619058 0
    outer loop
      vertex 11.1349 1.39631 2
      vertex 11.2394 1.26374 0
      vertex 11.2394 1.26374 2
    endloop
  endfacet
  facet normal -0.734313 -0.678811 0
    outer loop
      vertex 11.1349 1.39631 0
      vertex 11.0203 1.52028 2
      vertex 11.0203 1.52028 0
    endloop
  endfacet
  facet normal -0.734313 -0.678811 0
    outer loop
      vertex 11.0203 1.52028 2
      vertex 11.1349 1.39631 0
      vertex 11.1349 1.39631 2
    endloop
  endfacet
  facet normal -0.872463 -0.48868 0
    outer loop
      vertex 11.4157 0.976079 0
      vertex 11.3332 1.12337 2
      vertex 11.3332 1.12337 0
    endloop
  endfacet
  facet normal -0.872463 -0.48868 0
    outer loop
      vertex 11.3332 1.12337 2
      vertex 11.4157 0.976079 0
      vertex 11.4157 0.976079 2
    endloop
  endfacet
  facet normal -0.999235 0.0390958 0
    outer loop
      vertex 11.6434 -0.168687 0
      vertex 11.65 0 2
      vertex 11.65 0 0
    endloop
  endfacet
  facet normal -0.999235 0.0390958 0
    outer loop
      vertex 11.65 0 2
      vertex 11.6434 -0.168687 0
      vertex 11.6434 -0.168687 2
    endloop
  endfacet
  facet normal -0.67831 0.734776 0
    outer loop
      vertex 11.0203 -1.52028 0
      vertex 11 -1.53902 2
      vertex 11.0203 -1.52028 2
    endloop
  endfacet
  facet normal -0.67831 0.734776 0
    outer loop
      vertex 11 -1.53902 2
      vertex 11.0203 -1.52028 0
      vertex 11 -1.53902 0
    endloop
  endfacet
  facet normal -0.908316 0.418284 0
    outer loop
      vertex 11.4157 -0.976079 0
      vertex 11.4863 -0.822769 2
      vertex 11.4863 -0.822769 0
    endloop
  endfacet
  facet normal -0.908316 0.418284 0
    outer loop
      vertex 11.4863 -0.822769 2
      vertex 11.4157 -0.976079 0
      vertex 11.4157 -0.976079 2
    endloop
  endfacet
  facet normal -0.962492 0.27131 0
    outer loop
      vertex 11.5448 -0.664386 0
      vertex 11.5906 -0.501907 2
      vertex 11.5906 -0.501907 0
    endloop
  endfacet
  facet normal -0.962492 0.27131 0
    outer loop
      vertex 11.5906 -0.501907 2
      vertex 11.5448 -0.664386 0
      vertex 11.5448 -0.664386 2
    endloop
  endfacet
  facet normal -0.993028 0.117875 0
    outer loop
      vertex 11.6235 -0.336333 0
      vertex 11.6434 -0.168687 2
      vertex 11.6434 -0.168687 0
    endloop
  endfacet
  facet normal -0.993028 0.117875 0
    outer loop
      vertex 11.6434 -0.168687 2
      vertex 11.6235 -0.336333 0
      vertex 11.6235 -0.336333 2
    endloop
  endfacet
  facet normal -0.962492 -0.27131 0
    outer loop
      vertex 11.5906 0.501907 0
      vertex 11.5448 0.664386 2
      vertex 11.5448 0.664386 0
    endloop
  endfacet
  facet normal -0.962492 -0.27131 0
    outer loop
      vertex 11.5448 0.664386 2
      vertex 11.5906 0.501907 0
      vertex 11.5906 0.501907 2
    endloop
  endfacet
  facet normal -0.938058 -0.346479 0
    outer loop
      vertex 11.5448 0.664386 0
      vertex 11.4863 0.822769 2
      vertex 11.4863 0.822769 0
    endloop
  endfacet
  facet normal -0.938058 -0.346479 0
    outer loop
      vertex 11.4863 0.822769 2
      vertex 11.5448 0.664386 0
      vertex 11.5448 0.664386 2
    endloop
  endfacet
  facet normal -0.734313 0.678811 0
    outer loop
      vertex 11.0203 -1.52028 0
      vertex 11.1349 -1.39631 2
      vertex 11.1349 -1.39631 0
    endloop
  endfacet
  facet normal -0.734313 0.678811 0
    outer loop
      vertex 11.1349 -1.39631 2
      vertex 11.0203 -1.52028 0
      vertex 11.0203 -1.52028 2
    endloop
  endfacet
  facet normal -0.872463 0.48868 0
    outer loop
      vertex 11.3332 -1.12337 0
      vertex 11.4157 -0.976079 2
      vertex 11.4157 -0.976079 0
    endloop
  endfacet
  facet normal -0.872463 0.48868 0
    outer loop
      vertex 11.4157 -0.976079 2
      vertex 11.3332 -1.12337 0
      vertex 11.3332 -1.12337 2
    endloop
  endfacet
  facet normal -0.785345 0.619058 0
    outer loop
      vertex 11.1349 -1.39631 0
      vertex 11.2394 -1.26374 2
      vertex 11.2394 -1.26374 0
    endloop
  endfacet
  facet normal -0.785345 0.619058 0
    outer loop
      vertex 11.2394 -1.26374 2
      vertex 11.1349 -1.39631 0
      vertex 11.1349 -1.39631 2
    endloop
  endfacet
  facet normal -0.831448 0.555602 0
    outer loop
      vertex 11.2394 -1.26374 0
      vertex 11.3332 -1.12337 2
      vertex 11.3332 -1.12337 0
    endloop
  endfacet
  facet normal -0.831448 0.555602 0
    outer loop
      vertex 11.3332 -1.12337 2
      vertex 11.2394 -1.26374 0
      vertex 11.2394 -1.26374 2
    endloop
  endfacet
  facet normal -0.938058 0.346479 0
    outer loop
      vertex 11.4863 -0.822769 0
      vertex 11.5448 -0.664386 2
      vertex 11.5448 -0.664386 0
    endloop
  endfacet
  facet normal -0.938058 0.346479 0
    outer loop
      vertex 11.5448 -0.664386 2
      vertex 11.4863 -0.822769 0
      vertex 11.4863 -0.822769 2
    endloop
  endfacet
  facet normal -0.980825 0.194892 0
    outer loop
      vertex 11.5906 -0.501907 0
      vertex 11.6235 -0.336333 2
      vertex 11.6235 -0.336333 0
    endloop
  endfacet
  facet normal -0.980825 0.194892 0
    outer loop
      vertex 11.6235 -0.336333 2
      vertex 11.5906 -0.501907 0
      vertex 11.5906 -0.501907 2
    endloop
  endfacet
  facet normal -0.831448 -0.555602 0
    outer loop
      vertex 11.3332 1.12337 0
      vertex 11.2394 1.26374 2
      vertex 11.2394 1.26374 0
    endloop
  endfacet
  facet normal -0.831448 -0.555602 0
    outer loop
      vertex 11.2394 1.26374 2
      vertex 11.3332 1.12337 0
      vertex 11.3332 1.12337 2
    endloop
  endfacet
  facet normal -0.55561 -0.831443 0
    outer loop
      vertex -0.42377 12.3633 0
      vertex 0.522885 11.7307 1.5
      vertex -0.42377 12.3633 1.5
    endloop
  endfacet
  facet normal -0.55561 -0.831443 -0
    outer loop
      vertex 0.522885 11.7307 1.5
      vertex -0.42377 12.3633 0
      vertex 0.522885 11.7307 0
    endloop
  endfacet
  facet normal 0.346055 -0.938214 0
    outer loop
      vertex -13.5489 13.3963 0
      vertex -12.4807 13.7903 1.5
      vertex -13.5489 13.3963 1.5
    endloop
  endfacet
  facet normal 0.346055 -0.938214 0
    outer loop
      vertex -12.4807 13.7903 1.5
      vertex -13.5489 13.3963 0
      vertex -12.4807 13.7903 0
    endloop
  endfacet
  facet normal 0.908129 -0.418691 0
    outer loop
      vertex -21.3963 5.54891 1.5
      vertex -20.9196 6.58286 0
      vertex -20.9196 6.58286 1.5
    endloop
  endfacet
  facet normal 0.908129 -0.418691 0
    outer loop
      vertex -20.9196 6.58286 0
      vertex -21.3963 5.54891 1.5
      vertex -21.3963 5.54891 0
    endloop
  endfacet
  facet normal 0.908129 0.418691 0
    outer loop
      vertex -20.9196 -6.58286 1.5
      vertex -21.3963 -5.54891 0
      vertex -21.3963 -5.54891 1.5
    endloop
  endfacet
  facet normal 0.908129 0.418691 0
    outer loop
      vertex -21.3963 -5.54891 0
      vertex -20.9196 -6.58286 1.5
      vertex -20.9196 -6.58286 0
    endloop
  endfacet
  facet normal -0.831472 -0.555566 0
    outer loop
      vertex 4.08013 8 0
      vertex 3.73075 8.52289 1.5
      vertex 3.73075 8.52289 0
    endloop
  endfacet
  facet normal -0.831472 -0.555566 0
    outer loop
      vertex 3.73075 8.52289 1.5
      vertex 4.08013 8 0
      vertex 4.08013 8 1.5
    endloop
  endfacet
  facet normal -0.488612 -0.872501 0
    outer loop
      vertex -1.41714 12.9196 0
      vertex -0.42377 12.3633 1.5
      vertex -1.41714 12.9196 1.5
    endloop
  endfacet
  facet normal -0.488612 -0.872501 -0
    outer loop
      vertex -0.42377 12.3633 1.5
      vertex -1.41714 12.9196 0
      vertex -0.42377 12.3633 0
    endloop
  endfacet
  facet normal 0.555592 -0.831455 0
    outer loop
      vertex -16.5229 11.7307 0
      vertex -15.5762 12.3633 1.5
      vertex -16.5229 11.7307 1.5
    endloop
  endfacet
  facet normal 0.555592 -0.831455 0
    outer loop
      vertex -15.5762 12.3633 1.5
      vertex -16.5229 11.7307 0
      vertex -15.5762 12.3633 0
    endloop
  endfacet
  facet normal -0.734301 0.678824 0
    outer loop
      vertex 2.25305 -10.253 0
      vertex 3.02589 -9.417 1.5
      vertex 3.02589 -9.417 0
    endloop
  endfacet
  facet normal -0.734301 0.678824 0
    outer loop
      vertex 3.02589 -9.417 1.5
      vertex 2.25305 -10.253 0
      vertex 2.25305 -10.253 1.5
    endloop
  endfacet
  facet normal -0.195076 0.980788 0
    outer loop
      vertex -4.61504 -14.0994 0
      vertex -5.7317 -14.3215 1.5
      vertex -4.61504 -14.0994 1.5
    endloop
  endfacet
  facet normal -0.195076 0.980788 0
    outer loop
      vertex -5.7317 -14.3215 1.5
      vertex -4.61504 -14.0994 0
      vertex -5.7317 -14.3215 0
    endloop
  endfacet
  facet normal -0.61906 0.785344 0
    outer loop
      vertex 1.417 -11.0259 0
      vertex 0.522885 -11.7307 1.5
      vertex 1.417 -11.0259 1.5
    endloop
  endfacet
  facet normal -0.61906 0.785344 0
    outer loop
      vertex 0.522885 -11.7307 1.5
      vertex 1.417 -11.0259 0
      vertex 0.522885 -11.7307 0
    endloop
  endfacet
  facet normal 0.0392609 0.999229 -0
    outer loop
      vertex -8 -14.5 0
      vertex -9.13766 -14.4553 1.5
      vertex -8 -14.5 1.5
    endloop
  endfacet
  facet normal 0.0392609 0.999229 0
    outer loop
      vertex -9.13766 -14.4553 1.5
      vertex -8 -14.5 0
      vertex -9.13766 -14.4553 0
    endloop
  endfacet
  facet normal 0.488638 0.872487 -0
    outer loop
      vertex -14.5829 -12.9196 0
      vertex -15.5762 -12.3633 1.5
      vertex -14.5829 -12.9196 1.5
    endloop
  endfacet
  facet normal 0.488638 0.872487 0
    outer loop
      vertex -15.5762 -12.3633 1.5
      vertex -14.5829 -12.9196 0
      vertex -15.5762 -12.3633 0
    endloop
  endfacet
  facet normal -0.0392609 -0.999229 0
    outer loop
      vertex -8 14.5 0
      vertex -6.86234 14.4553 1.5
      vertex -8 14.5 1.5
    endloop
  endfacet
  facet normal -0.0392609 -0.999229 -0
    outer loop
      vertex -6.86234 14.4553 1.5
      vertex -8 14.5 0
      vertex -6.86234 14.4553 0
    endloop
  endfacet
  facet normal -0.195076 -0.980788 0
    outer loop
      vertex -5.7317 14.3215 0
      vertex -4.61504 14.0994 1.5
      vertex -5.7317 14.3215 1.5
    endloop
  endfacet
  facet normal -0.195076 -0.980788 -0
    outer loop
      vertex -4.61504 14.0994 1.5
      vertex -5.7317 14.3215 0
      vertex -4.61504 14.0994 0
    endloop
  endfacet
  facet normal -0.418691 -0.908129 0
    outer loop
      vertex -2.45109 13.3963 0
      vertex -1.41714 12.9196 1.5
      vertex -2.45109 13.3963 1.5
    endloop
  endfacet
  facet normal -0.418691 -0.908129 -0
    outer loop
      vertex -1.41714 12.9196 1.5
      vertex -2.45109 13.3963 0
      vertex -1.41714 12.9196 0
    endloop
  endfacet
  facet normal -0.346067 -0.93821 0
    outer loop
      vertex -3.51925 13.7903 0
      vertex -2.45109 13.3963 1.5
      vertex -3.51925 13.7903 1.5
    endloop
  endfacet
  facet normal -0.346067 -0.93821 -0
    outer loop
      vertex -2.45109 13.3963 1.5
      vertex -3.51925 13.7903 0
      vertex -2.45109 13.3963 0
    endloop
  endfacet
  facet normal -0.11752 -0.993071 0
    outer loop
      vertex -6.86234 14.4553 0
      vertex -5.7317 14.3215 1.5
      vertex -6.86234 14.4553 1.5
    endloop
  endfacet
  facet normal -0.11752 -0.993071 -0
    outer loop
      vertex -5.7317 14.3215 1.5
      vertex -6.86234 14.4553 0
      vertex -5.7317 14.3215 0
    endloop
  endfacet
  facet normal 0.999229 -0.0392609 0
    outer loop
      vertex -22.5 0 1.5
      vertex -22.4553 1.13766 0
      vertex -22.4553 1.13766 1.5
    endloop
  endfacet
  facet normal 0.999229 -0.0392609 0
    outer loop
      vertex -22.4553 1.13766 0
      vertex -22.5 0 1.5
      vertex -22.5 0 0
    endloop
  endfacet
  facet normal 0.980788 -0.195076 0
    outer loop
      vertex -22.3215 2.2683 1.5
      vertex -22.0994 3.38496 0
      vertex -22.0994 3.38496 1.5
    endloop
  endfacet
  facet normal 0.980788 -0.195076 0
    outer loop
      vertex -22.0994 3.38496 0
      vertex -22.3215 2.2683 1.5
      vertex -22.3215 2.2683 0
    endloop
  endfacet
  facet normal 0.93821 -0.346067 0
    outer loop
      vertex -21.7903 4.48075 1.5
      vertex -21.3963 5.54891 0
      vertex -21.3963 5.54891 1.5
    endloop
  endfacet
  facet normal 0.93821 -0.346067 0
    outer loop
      vertex -21.3963 5.54891 0
      vertex -21.7903 4.48075 1.5
      vertex -21.7903 4.48075 0
    endloop
  endfacet
  facet normal 0.993071 -0.11752 0
    outer loop
      vertex -22.4553 1.13766 1.5
      vertex -22.3215 2.2683 0
      vertex -22.3215 2.2683 1.5
    endloop
  endfacet
  facet normal 0.993071 -0.11752 0
    outer loop
      vertex -22.3215 2.2683 0
      vertex -22.4553 1.13766 1.5
      vertex -22.4553 1.13766 0
    endloop
  endfacet
  facet normal 0.785342 -0.619062 0
    outer loop
      vertex -19.7307 8.52289 1.5
      vertex -19.0259 9.417 0
      vertex -19.0259 9.417 1.5
    endloop
  endfacet
  facet normal 0.785342 -0.619062 0
    outer loop
      vertex -19.0259 9.417 0
      vertex -19.7307 8.52289 1.5
      vertex -19.7307 8.52289 0
    endloop
  endfacet
  facet normal 0.831444 -0.555608 0
    outer loop
      vertex -20.3633 7.57623 1.5
      vertex -19.7307 8.52289 0
      vertex -19.7307 8.52289 1.5
    endloop
  endfacet
  facet normal 0.831444 -0.555608 0
    outer loop
      vertex -19.7307 8.52289 0
      vertex -20.3633 7.57623 1.5
      vertex -20.3633 7.57623 0
    endloop
  endfacet
  facet normal 0.0392609 -0.999229 0
    outer loop
      vertex -9.13766 14.4553 0
      vertex -8 14.5 1.5
      vertex -9.13766 14.4553 1.5
    endloop
  endfacet
  facet normal 0.0392609 -0.999229 0
    outer loop
      vertex -8 14.5 1.5
      vertex -9.13766 14.4553 0
      vertex -8 14.5 0
    endloop
  endfacet
  facet normal 0.271506 -0.962437 0
    outer loop
      vertex -12.4807 13.7903 0
      vertex -11.385 14.0994 1.5
      vertex -12.4807 13.7903 1.5
    endloop
  endfacet
  facet normal 0.271506 -0.962437 0
    outer loop
      vertex -11.385 14.0994 1.5
      vertex -12.4807 13.7903 0
      vertex -11.385 14.0994 0
    endloop
  endfacet
  facet normal 0.11752 -0.993071 0
    outer loop
      vertex -10.2683 14.3215 0
      vertex -9.13766 14.4553 1.5
      vertex -10.2683 14.3215 1.5
    endloop
  endfacet
  facet normal 0.11752 -0.993071 0
    outer loop
      vertex -9.13766 14.4553 1.5
      vertex -10.2683 14.3215 0
      vertex -9.13766 14.4553 0
    endloop
  endfacet
  facet normal 0.418674 -0.908137 0
    outer loop
      vertex -14.5829 12.9196 0
      vertex -13.5489 13.3963 1.5
      vertex -14.5829 12.9196 1.5
    endloop
  endfacet
  facet normal 0.418674 -0.908137 0
    outer loop
      vertex -13.5489 13.3963 1.5
      vertex -14.5829 12.9196 0
      vertex -13.5489 13.3963 0
    endloop
  endfacet
  facet normal 0.488638 -0.872487 0
    outer loop
      vertex -15.5762 12.3633 0
      vertex -14.5829 12.9196 1.5
      vertex -15.5762 12.3633 1.5
    endloop
  endfacet
  facet normal 0.488638 -0.872487 0
    outer loop
      vertex -14.5829 12.9196 1.5
      vertex -15.5762 12.3633 0
      vertex -14.5829 12.9196 0
    endloop
  endfacet
  facet normal -0.0392609 0.999229 0
    outer loop
      vertex -6.86234 -14.4553 0
      vertex -8 -14.5 1.5
      vertex -6.86234 -14.4553 1.5
    endloop
  endfacet
  facet normal -0.0392609 0.999229 0
    outer loop
      vertex -8 -14.5 1.5
      vertex -6.86234 -14.4553 0
      vertex -8 -14.5 0
    endloop
  endfacet
  facet normal -0.11752 0.993071 0
    outer loop
      vertex -5.7317 -14.3215 0
      vertex -6.86234 -14.4553 1.5
      vertex -5.7317 -14.3215 1.5
    endloop
  endfacet
  facet normal -0.11752 0.993071 0
    outer loop
      vertex -6.86234 -14.4553 1.5
      vertex -5.7317 -14.3215 0
      vertex -6.86234 -14.4553 0
    endloop
  endfacet
  facet normal -0.418691 0.908129 0
    outer loop
      vertex -1.41714 -12.9196 0
      vertex -2.45109 -13.3963 1.5
      vertex -1.41714 -12.9196 1.5
    endloop
  endfacet
  facet normal -0.418691 0.908129 0
    outer loop
      vertex -2.45109 -13.3963 1.5
      vertex -1.41714 -12.9196 0
      vertex -2.45109 -13.3963 0
    endloop
  endfacet
  facet normal -0.55561 0.831443 0
    outer loop
      vertex 0.522885 -11.7307 0
      vertex -0.42377 -12.3633 1.5
      vertex 0.522885 -11.7307 1.5
    endloop
  endfacet
  facet normal -0.55561 0.831443 0
    outer loop
      vertex -0.42377 -12.3633 1.5
      vertex 0.522885 -11.7307 0
      vertex -0.42377 -12.3633 0
    endloop
  endfacet
  facet normal 0.346055 0.938214 -0
    outer loop
      vertex -12.4807 -13.7903 0
      vertex -13.5489 -13.3963 1.5
      vertex -12.4807 -13.7903 1.5
    endloop
  endfacet
  facet normal 0.346055 0.938214 0
    outer loop
      vertex -13.5489 -13.3963 1.5
      vertex -12.4807 -13.7903 0
      vertex -13.5489 -13.3963 0
    endloop
  endfacet
  facet normal 0.11752 0.993071 -0
    outer loop
      vertex -9.13766 -14.4553 0
      vertex -10.2683 -14.3215 1.5
      vertex -9.13766 -14.4553 1.5
    endloop
  endfacet
  facet normal 0.11752 0.993071 0
    outer loop
      vertex -10.2683 -14.3215 1.5
      vertex -9.13766 -14.4553 0
      vertex -10.2683 -14.3215 0
    endloop
  endfacet
  facet normal 0.418674 0.908137 -0
    outer loop
      vertex -13.5489 -13.3963 0
      vertex -14.5829 -12.9196 1.5
      vertex -13.5489 -13.3963 1.5
    endloop
  endfacet
  facet normal 0.418674 0.908137 0
    outer loop
      vertex -14.5829 -12.9196 1.5
      vertex -13.5489 -13.3963 0
      vertex -14.5829 -12.9196 0
    endloop
  endfacet
  facet normal 0.999229 0.0392609 0
    outer loop
      vertex -22.4553 -1.13766 1.5
      vertex -22.5 0 0
      vertex -22.5 0 1.5
    endloop
  endfacet
  facet normal 0.999229 0.0392609 0
    outer loop
      vertex -22.5 0 0
      vertex -22.4553 -1.13766 1.5
      vertex -22.4553 -1.13766 0
    endloop
  endfacet
  facet normal 0.831444 0.555608 0
    outer loop
      vertex -19.7307 -8.52289 1.5
      vertex -20.3633 -7.57623 0
      vertex -20.3633 -7.57623 1.5
    endloop
  endfacet
  facet normal 0.831444 0.555608 0
    outer loop
      vertex -20.3633 -7.57623 0
      vertex -19.7307 -8.52289 1.5
      vertex -19.7307 -8.52289 0
    endloop
  endfacet
  facet normal -0.734301 -0.678824 0
    outer loop
      vertex 3.02589 9.417 0
      vertex 2.25305 10.253 1.5
      vertex 2.25305 10.253 0
    endloop
  endfacet
  facet normal -0.734301 -0.678824 0
    outer loop
      vertex 2.25305 10.253 1.5
      vertex 3.02589 9.417 0
      vertex 3.02589 9.417 1.5
    endloop
  endfacet
  facet normal -0.785317 -0.619094 0
    outer loop
      vertex 3.73075 8.52289 0
      vertex 3.02589 9.417 1.5
      vertex 3.02589 9.417 0
    endloop
  endfacet
  facet normal -0.785317 -0.619094 0
    outer loop
      vertex 3.02589 9.417 1.5
      vertex 3.73075 8.52289 0
      vertex 3.73075 8.52289 1.5
    endloop
  endfacet
  facet normal -0.678831 -0.734295 0
    outer loop
      vertex 1.417 11.0259 0
      vertex 2.25305 10.253 1.5
      vertex 1.417 11.0259 1.5
    endloop
  endfacet
  facet normal -0.678831 -0.734295 -0
    outer loop
      vertex 2.25305 10.253 1.5
      vertex 1.417 11.0259 0
      vertex 2.25305 10.253 0
    endloop
  endfacet
  facet normal -0.61906 -0.785344 0
    outer loop
      vertex 0.522885 11.7307 0
      vertex 1.417 11.0259 1.5
      vertex 0.522885 11.7307 1.5
    endloop
  endfacet
  facet normal -0.61906 -0.785344 -0
    outer loop
      vertex 1.417 11.0259 1.5
      vertex 0.522885 11.7307 0
      vertex 1.417 11.0259 0
    endloop
  endfacet
  facet normal -0.271485 -0.962443 0
    outer loop
      vertex -4.61504 14.0994 0
      vertex -3.51925 13.7903 1.5
      vertex -4.61504 14.0994 1.5
    endloop
  endfacet
  facet normal -0.271485 -0.962443 -0
    outer loop
      vertex -3.51925 13.7903 1.5
      vertex -4.61504 14.0994 0
      vertex -3.51925 13.7903 0
    endloop
  endfacet
  facet normal 0 0 -1
    outer loop
      vertex -11 -8 1.5
      vertex 3.73075 -8.52289 1.5
      vertex 3.02589 -9.417 1.5
    endloop
  endfacet
  facet normal 0 0 -1
    outer loop
      vertex -11 -8 1.5
      vertex 3.02589 -9.417 1.5
      vertex 2.25305 -10.253 1.5
    endloop
  endfacet
  facet normal 0 0 -1
    outer loop
      vertex -11 -8 1.5
      vertex 2.25305 -10.253 1.5
      vertex 1.417 -11.0259 1.5
    endloop
  endfacet
  facet normal 0 0 -1
    outer loop
      vertex -11 -8 1.5
      vertex 1.417 -11.0259 1.5
      vertex 0.522885 -11.7307 1.5
    endloop
  endfacet
  facet normal 0 0 -1
    outer loop
      vertex -11 -8 1.5
      vertex 0.522885 -11.7307 1.5
      vertex -0.42377 -12.3633 1.5
    endloop
  endfacet
  facet normal 0 0 -1
    outer loop
      vertex -11 -8 1.5
      vertex -0.42377 -12.3633 1.5
      vertex -1.41714 -12.9196 1.5
    endloop
  endfacet
  facet normal 0 0 -1
    outer loop
      vertex -11 -8 1.5
      vertex -1.41714 -12.9196 1.5
      vertex -2.45109 -13.3963 1.5
    endloop
  endfacet
  facet normal 0 0 -1
    outer loop
      vertex -11 -8 1.5
      vertex -2.45109 -13.3963 1.5
      vertex -3.51925 -13.7903 1.5
    endloop
  endfacet
  facet normal 0 0 -1
    outer loop
      vertex -11 -8 1.5
      vertex -3.51925 -13.7903 1.5
      vertex -4.61504 -14.0994 1.5
    endloop
  endfacet
  facet normal 0 0 -1
    outer loop
      vertex -11 -8 1.5
      vertex -4.61504 -14.0994 1.5
      vertex -5.7317 -14.3215 1.5
    endloop
  endfacet
  facet normal 0 0 -1
    outer loop
      vertex -11 -8 1.5
      vertex -5.7317 -14.3215 1.5
      vertex -6.86234 -14.4553 1.5
    endloop
  endfacet
  facet normal 0 0 -1
    outer loop
      vertex -11 -8 1.5
      vertex -6.86234 -14.4553 1.5
      vertex -8 -14.5 1.5
    endloop
  endfacet
  facet normal 0 0 -1
    outer loop
      vertex -11 -8 1.5
      vertex -8 -14.5 1.5
      vertex -9.13766 -14.4553 1.5
    endloop
  endfacet
  facet normal 0 0 -1
    outer loop
      vertex -11 -8 1.5
      vertex -9.13766 -14.4553 1.5
      vertex -10.2683 -14.3215 1.5
    endloop
  endfacet
  facet normal 0 0 -1
    outer loop
      vertex 3.73075 -8.52289 1.5
      vertex -11 -8 1.5
      vertex 4.08013 -8 1.5
    endloop
  endfacet
  facet normal 0 0 -1
    outer loop
      vertex -12.4807 -13.7903 1.5
      vertex -11 -8 1.5
      vertex -11.385 -14.0994 1.5
    endloop
  endfacet
  facet normal 0 0 -1
    outer loop
      vertex -11.385 -14.0994 1.5
      vertex -11 -8 1.5
      vertex -10.2683 -14.3215 1.5
    endloop
  endfacet
  facet normal 0 0 -1
    outer loop
      vertex -11 8 1.5
      vertex 3.73075 8.52289 1.5
      vertex 4.08013 8 1.5
    endloop
  endfacet
  facet normal -0 0 -1
    outer loop
      vertex 3.73075 8.52289 1.5
      vertex -11 8 1.5
      vertex 3.02589 9.417 1.5
    endloop
  endfacet
  facet normal -0 0 -1
    outer loop
      vertex 3.02589 9.417 1.5
      vertex -11 8 1.5
      vertex 2.25305 10.253 1.5
    endloop
  endfacet
  facet normal -0 0 -1
    outer loop
      vertex 2.25305 10.253 1.5
      vertex -11 8 1.5
      vertex 1.417 11.0259 1.5
    endloop
  endfacet
  facet normal -0 0 -1
    outer loop
      vertex 1.417 11.0259 1.5
      vertex -11 8 1.5
      vertex 0.522885 11.7307 1.5
    endloop
  endfacet
  facet normal -0 0 -1
    outer loop
      vertex 0.522885 11.7307 1.5
      vertex -11 8 1.5
      vertex -0.42377 12.3633 1.5
    endloop
  endfacet
  facet normal -0 0 -1
    outer loop
      vertex -0.42377 12.3633 1.5
      vertex -11 8 1.5
      vertex -1.41714 12.9196 1.5
    endloop
  endfacet
  facet normal -0 0 -1
    outer loop
      vertex -1.41714 12.9196 1.5
      vertex -11 8 1.5
      vertex -2.45109 13.3963 1.5
    endloop
  endfacet
  facet normal -0 0 -1
    outer loop
      vertex -2.45109 13.3963 1.5
      vertex -11 8 1.5
      vertex -3.51925 13.7903 1.5
    endloop
  endfacet
  facet normal -0 0 -1
    outer loop
      vertex -3.51925 13.7903 1.5
      vertex -11 8 1.5
      vertex -4.61504 14.0994 1.5
    endloop
  endfacet
  facet normal -0 0 -1
    outer loop
      vertex -4.61504 14.0994 1.5
      vertex -11 8 1.5
      vertex -5.7317 14.3215 1.5
    endloop
  endfacet
  facet normal -0 0 -1
    outer loop
      vertex -5.7317 14.3215 1.5
      vertex -11 8 1.5
      vertex -6.86234 14.4553 1.5
    endloop
  endfacet
  facet normal -0 0 -1
    outer loop
      vertex -6.86234 14.4553 1.5
      vertex -11 8 1.5
      vertex -8 14.5 1.5
    endloop
  endfacet
  facet normal 0 0 -1
    outer loop
      vertex -8 14.5 1.5
      vertex -11 8 1.5
      vertex -9.13766 14.4553 1.5
    endloop
  endfacet
  facet normal 0 0 -1
    outer loop
      vertex -9.13766 14.4553 1.5
      vertex -11 8 1.5
      vertex -10.2683 14.3215 1.5
    endloop
  endfacet
  facet normal 0 0 -1
    outer loop
      vertex -11 8 1.5
      vertex -11.385 14.0994 1.5
      vertex -10.2683 14.3215 1.5
    endloop
  endfacet
  facet normal 0 0 -1
    outer loop
      vertex -13.5489 -13.3963 1.5
      vertex -11 -8 1.5
      vertex -12.4807 -13.7903 1.5
    endloop
  endfacet
  facet normal 0 0 -1
    outer loop
      vertex -14.5829 -12.9196 1.5
      vertex -11 -8 1.5
      vertex -13.5489 -13.3963 1.5
    endloop
  endfacet
  facet normal 0 0 -1
    outer loop
      vertex -11 8 1.5
      vertex -12.4807 13.7903 1.5
      vertex -11.385 14.0994 1.5
    endloop
  endfacet
  facet normal 0 0 -1
    outer loop
      vertex -15.5762 -12.3633 1.5
      vertex -11 -8 1.5
      vertex -14.5829 -12.9196 1.5
    endloop
  endfacet
  facet normal 0 0 -1
    outer loop
      vertex -11 8 1.5
      vertex -13.5489 13.3963 1.5
      vertex -12.4807 13.7903 1.5
    endloop
  endfacet
  facet normal 0 0 -1
    outer loop
      vertex -16.5229 -11.7307 1.5
      vertex -11 -8 1.5
      vertex -15.5762 -12.3633 1.5
    endloop
  endfacet
  facet normal 0 0 -1
    outer loop
      vertex -11 8 1.5
      vertex -14.5829 12.9196 1.5
      vertex -13.5489 13.3963 1.5
    endloop
  endfacet
  facet normal 0 0 -1
    outer loop
      vertex -17.417 -11.0259 1.5
      vertex -11 -8 1.5
      vertex -16.5229 -11.7307 1.5
    endloop
  endfacet
  facet normal 0 0 -1
    outer loop
      vertex -11 8 1.5
      vertex -15.5762 12.3633 1.5
      vertex -14.5829 12.9196 1.5
    endloop
  endfacet
  facet normal 0 0 -1
    outer loop
      vertex -18.253 -10.253 1.5
      vertex -11 -8 1.5
      vertex -17.417 -11.0259 1.5
    endloop
  endfacet
  facet normal 0 0 -1
    outer loop
      vertex -11 8 1.5
      vertex -16.5229 11.7307 1.5
      vertex -15.5762 12.3633 1.5
    endloop
  endfacet
  facet normal 0 0 -1
    outer loop
      vertex -19.0259 -9.417 1.5
      vertex -11 -8 1.5
      vertex -18.253 -10.253 1.5
    endloop
  endfacet
  facet normal 0 0 -1
    outer loop
      vertex -11 8 1.5
      vertex -17.417 11.0259 1.5
      vertex -16.5229 11.7307 1.5
    endloop
  endfacet
  facet normal 0 0 -1
    outer loop
      vertex -19.7307 -8.52289 1.5
      vertex -11 -8 1.5
      vertex -19.0259 -9.417 1.5
    endloop
  endfacet
  facet normal 0 0 -1
    outer loop
      vertex -11 8 1.5
      vertex -18.253 10.253 1.5
      vertex -17.417 11.0259 1.5
    endloop
  endfacet
  facet normal 0 0 -1
    outer loop
      vertex -20.3633 -7.57623 1.5
      vertex -11 -8 1.5
      vertex -19.7307 -8.52289 1.5
    endloop
  endfacet
  facet normal 0 0 -1
    outer loop
      vertex -11 8 1.5
      vertex -19.0259 9.417 1.5
      vertex -18.253 10.253 1.5
    endloop
  endfacet
  facet normal 0 0 -1
    outer loop
      vertex -20.9196 -6.58286 1.5
      vertex -11 -8 1.5
      vertex -20.3633 -7.57623 1.5
    endloop
  endfacet
  facet normal 0 0 -1
    outer loop
      vertex -11 8 1.5
      vertex -19.7307 8.52289 1.5
      vertex -19.0259 9.417 1.5
    endloop
  endfacet
  facet normal 0 0 -1
    outer loop
      vertex -21.3963 -5.54891 1.5
      vertex -11 -8 1.5
      vertex -20.9196 -6.58286 1.5
    endloop
  endfacet
  facet normal -0 0 -1
    outer loop
      vertex -11 8 1.5
      vertex -20.3633 7.57623 1.5
      vertex -19.7307 8.52289 1.5
    endloop
  endfacet
  facet normal 0 0 -1
    outer loop
      vertex -21.7903 -4.48075 1.5
      vertex -11 -8 1.5
      vertex -21.3963 -5.54891 1.5
    endloop
  endfacet
  facet normal 0 0 -1
    outer loop
      vertex -11 8 1.5
      vertex -20.9196 6.58286 1.5
      vertex -20.3633 7.57623 1.5
    endloop
  endfacet
  facet normal 0 0 -1
    outer loop
      vertex -22.0994 -3.38496 1.5
      vertex -11 -8 1.5
      vertex -21.7903 -4.48075 1.5
    endloop
  endfacet
  facet normal 0 0 -1
    outer loop
      vertex -11 8 1.5
      vertex -21.3963 5.54891 1.5
      vertex -20.9196 6.58286 1.5
    endloop
  endfacet
  facet normal 0 0 -1
    outer loop
      vertex -22.3215 -2.2683 1.5
      vertex -11 -8 1.5
      vertex -22.0994 -3.38496 1.5
    endloop
  endfacet
  facet normal 0 0 -1
    outer loop
      vertex -11 8 1.5
      vertex -21.7903 4.48075 1.5
      vertex -21.3963 5.54891 1.5
    endloop
  endfacet
  facet normal 0 0 -1
    outer loop
      vertex -22.4553 -1.13766 1.5
      vertex -11 -8 1.5
      vertex -22.3215 -2.2683 1.5
    endloop
  endfacet
  facet normal 0 0 -1
    outer loop
      vertex -11 8 1.5
      vertex -22.0994 3.38496 1.5
      vertex -21.7903 4.48075 1.5
    endloop
  endfacet
  facet normal 0 0 -1
    outer loop
      vertex -22.5 0 1.5
      vertex -11 -8 1.5
      vertex -22.4553 -1.13766 1.5
    endloop
  endfacet
  facet normal 0 0 -1
    outer loop
      vertex -11 8 1.5
      vertex -22.3215 2.2683 1.5
      vertex -22.0994 3.38496 1.5
    endloop
  endfacet
  facet normal 0 0 -1
    outer loop
      vertex -11 -8 1.5
      vertex -22.5 0 1.5
      vertex -11 8 1.5
    endloop
  endfacet
  facet normal 0 0 -1
    outer loop
      vertex -11 8 1.5
      vertex -22.4553 1.13766 1.5
      vertex -22.3215 2.2683 1.5
    endloop
  endfacet
  facet normal 0 0 -1
    outer loop
      vertex -11 8 1.5
      vertex -22.5 0 1.5
      vertex -22.4553 1.13766 1.5
    endloop
  endfacet
  facet normal 0.962443 -0.271485 0
    outer loop
      vertex -22.0994 3.38496 1.5
      vertex -21.7903 4.48075 0
      vertex -21.7903 4.48075 1.5
    endloop
  endfacet
  facet normal 0.962443 -0.271485 0
    outer loop
      vertex -21.7903 4.48075 0
      vertex -22.0994 3.38496 1.5
      vertex -22.0994 3.38496 0
    endloop
  endfacet
  facet normal 0.872501 -0.488612 0
    outer loop
      vertex -20.9196 6.58286 1.5
      vertex -20.3633 7.57623 0
      vertex -20.3633 7.57623 1.5
    endloop
  endfacet
  facet normal 0.872501 -0.488612 0
    outer loop
      vertex -20.3633 7.57623 0
      vertex -20.9196 6.58286 1.5
      vertex -20.9196 6.58286 0
    endloop
  endfacet
  facet normal 0.734275 -0.678853 0
    outer loop
      vertex -19.0259 9.417 1.5
      vertex -18.253 10.253 0
      vertex -18.253 10.253 1.5
    endloop
  endfacet
  facet normal 0.734275 -0.678853 0
    outer loop
      vertex -18.253 10.253 0
      vertex -19.0259 9.417 1.5
      vertex -19.0259 9.417 0
    endloop
  endfacet
  facet normal 0.195069 -0.98079 0
    outer loop
      vertex -11.385 14.0994 0
      vertex -10.2683 14.3215 1.5
      vertex -11.385 14.0994 1.5
    endloop
  endfacet
  facet normal 0.195069 -0.98079 0
    outer loop
      vertex -10.2683 14.3215 1.5
      vertex -11.385 14.0994 0
      vertex -10.2683 14.3215 0
    endloop
  endfacet
  facet normal 0.678853 -0.734275 0
    outer loop
      vertex -18.253 10.253 0
      vertex -17.417 11.0259 1.5
      vertex -18.253 10.253 1.5
    endloop
  endfacet
  facet normal 0.678853 -0.734275 0
    outer loop
      vertex -17.417 11.0259 1.5
      vertex -18.253 10.253 0
      vertex -17.417 11.0259 0
    endloop
  endfacet
  facet normal 0.619066 -0.785339 0
    outer loop
      vertex -17.417 11.0259 0
      vertex -16.5229 11.7307 1.5
      vertex -17.417 11.0259 1.5
    endloop
  endfacet
  facet normal 0.619066 -0.785339 0
    outer loop
      vertex -16.5229 11.7307 1.5
      vertex -17.417 11.0259 0
      vertex -16.5229 11.7307 0
    endloop
  endfacet
  facet normal -0.831472 0.555566 0
    outer loop
      vertex 3.73075 -8.52289 0
      vertex 4.08013 -8 1.5
      vertex 4.08013 -8 0
    endloop
  endfacet
  facet normal -0.831472 0.555566 0
    outer loop
      vertex 4.08013 -8 1.5
      vertex 3.73075 -8.52289 0
      vertex 3.73075 -8.52289 1.5
    endloop
  endfacet
  facet normal -0.346067 0.93821 0
    outer loop
      vertex -2.45109 -13.3963 0
      vertex -3.51925 -13.7903 1.5
      vertex -2.45109 -13.3963 1.5
    endloop
  endfacet
  facet normal -0.346067 0.93821 0
    outer loop
      vertex -3.51925 -13.7903 1.5
      vertex -2.45109 -13.3963 0
      vertex -3.51925 -13.7903 0
    endloop
  endfacet
  facet normal -0.488612 0.872501 0
    outer loop
      vertex -0.42377 -12.3633 0
      vertex -1.41714 -12.9196 1.5
      vertex -0.42377 -12.3633 1.5
    endloop
  endfacet
  facet normal -0.488612 0.872501 0
    outer loop
      vertex -1.41714 -12.9196 1.5
      vertex -0.42377 -12.3633 0
      vertex -1.41714 -12.9196 0
    endloop
  endfacet
  facet normal 0.271506 0.962437 -0
    outer loop
      vertex -11.385 -14.0994 0
      vertex -12.4807 -13.7903 1.5
      vertex -11.385 -14.0994 1.5
    endloop
  endfacet
  facet normal 0.271506 0.962437 0
    outer loop
      vertex -12.4807 -13.7903 1.5
      vertex -11.385 -14.0994 0
      vertex -12.4807 -13.7903 0
    endloop
  endfacet
  facet normal 0.555592 0.831455 -0
    outer loop
      vertex -15.5762 -12.3633 0
      vertex -16.5229 -11.7307 1.5
      vertex -15.5762 -12.3633 1.5
    endloop
  endfacet
  facet normal 0.555592 0.831455 0
    outer loop
      vertex -16.5229 -11.7307 1.5
      vertex -15.5762 -12.3633 0
      vertex -16.5229 -11.7307 0
    endloop
  endfacet
  facet normal 0.678853 0.734275 -0
    outer loop
      vertex -17.417 -11.0259 0
      vertex -18.253 -10.253 1.5
      vertex -17.417 -11.0259 1.5
    endloop
  endfacet
  facet normal 0.678853 0.734275 0
    outer loop
      vertex -18.253 -10.253 1.5
      vertex -17.417 -11.0259 0
      vertex -18.253 -10.253 0
    endloop
  endfacet
  facet normal 0.993071 0.11752 0
    outer loop
      vertex -22.3215 -2.2683 1.5
      vertex -22.4553 -1.13766 0
      vertex -22.4553 -1.13766 1.5
    endloop
  endfacet
  facet normal 0.993071 0.11752 0
    outer loop
      vertex -22.4553 -1.13766 0
      vertex -22.3215 -2.2683 1.5
      vertex -22.3215 -2.2683 0
    endloop
  endfacet
  facet normal 0.93821 0.346067 0
    outer loop
      vertex -21.3963 -5.54891 1.5
      vertex -21.7903 -4.48075 0
      vertex -21.7903 -4.48075 1.5
    endloop
  endfacet
  facet normal 0.93821 0.346067 0
    outer loop
      vertex -21.7903 -4.48075 0
      vertex -21.3963 -5.54891 1.5
      vertex -21.3963 -5.54891 0
    endloop
  endfacet
  facet normal 0.980788 0.195076 0
    outer loop
      vertex -22.0994 -3.38496 1.5
      vertex -22.3215 -2.2683 0
      vertex -22.3215 -2.2683 1.5
    endloop
  endfacet
  facet normal 0.980788 0.195076 0
    outer loop
      vertex -22.3215 -2.2683 0
      vertex -22.0994 -3.38496 1.5
      vertex -22.0994 -3.38496 0
    endloop
  endfacet
  facet normal 0.734275 0.678853 0
    outer loop
      vertex -18.253 -10.253 1.5
      vertex -19.0259 -9.417 0
      vertex -19.0259 -9.417 1.5
    endloop
  endfacet
  facet normal 0.734275 0.678853 0
    outer loop
      vertex -19.0259 -9.417 0
      vertex -18.253 -10.253 1.5
      vertex -18.253 -10.253 0
    endloop
  endfacet
  facet normal 0.872501 0.488612 0
    outer loop
      vertex -20.3633 -7.57623 1.5
      vertex -20.9196 -6.58286 0
      vertex -20.9196 -6.58286 1.5
    endloop
  endfacet
  facet normal 0.872501 0.488612 0
    outer loop
      vertex -20.9196 -6.58286 0
      vertex -20.3633 -7.57623 1.5
      vertex -20.3633 -7.57623 0
    endloop
  endfacet
  facet normal 0.785342 0.619062 0
    outer loop
      vertex -19.0259 -9.417 1.5
      vertex -19.7307 -8.52289 0
      vertex -19.7307 -8.52289 1.5
    endloop
  endfacet
  facet normal 0.785342 0.619062 0
    outer loop
      vertex -19.7307 -8.52289 0
      vertex -19.0259 -9.417 1.5
      vertex -19.0259 -9.417 0
    endloop
  endfacet
  facet normal -0.271485 0.962443 0
    outer loop
      vertex -3.51925 -13.7903 0
      vertex -4.61504 -14.0994 1.5
      vertex -3.51925 -13.7903 1.5
    endloop
  endfacet
  facet normal -0.271485 0.962443 0
    outer loop
      vertex -4.61504 -14.0994 1.5
      vertex -3.51925 -13.7903 0
      vertex -4.61504 -14.0994 0
    endloop
  endfacet
  facet normal -0.678831 0.734295 0
    outer loop
      vertex 2.25305 -10.253 0
      vertex 1.417 -11.0259 1.5
      vertex 2.25305 -10.253 1.5
    endloop
  endfacet
  facet normal -0.678831 0.734295 0
    outer loop
      vertex 1.417 -11.0259 1.5
      vertex 2.25305 -10.253 0
      vertex 1.417 -11.0259 0
    endloop
  endfacet
  facet normal 0.195069 0.98079 -0
    outer loop
      vertex -10.2683 -14.3215 0
      vertex -11.385 -14.0994 1.5
      vertex -10.2683 -14.3215 1.5
    endloop
  endfacet
  facet normal 0.195069 0.98079 0
    outer loop
      vertex -11.385 -14.0994 1.5
      vertex -10.2683 -14.3215 0
      vertex -11.385 -14.0994 0
    endloop
  endfacet
  facet normal 0.619066 0.785339 -0
    outer loop
      vertex -16.5229 -11.7307 0
      vertex -17.417 -11.0259 1.5
      vertex -16.5229 -11.7307 1.5
    endloop
  endfacet
  facet normal 0.619066 0.785339 0
    outer loop
      vertex -17.417 -11.0259 1.5
      vertex -16.5229 -11.7307 0
      vertex -17.417 -11.0259 0
    endloop
  endfacet
  facet normal 0.962443 0.271485 0
    outer loop
      vertex -21.7903 -4.48075 1.5
      vertex -22.0994 -3.38496 0
      vertex -22.0994 -3.38496 1.5
    endloop
  endfacet
  facet normal 0.962443 0.271485 0
    outer loop
      vertex -22.0994 -3.38496 0
      vertex -21.7903 -4.48075 1.5
      vertex -21.7903 -4.48075 0
    endloop
  endfacet
  facet normal -0.785317 0.619094 0
    outer loop
      vertex 3.02589 -9.417 0
      vertex 3.73075 -8.52289 1.5
      vertex 3.73075 -8.52289 0
    endloop
  endfacet
  facet normal -0.785317 0.619094 0
    outer loop
      vertex 3.73075 -8.52289 1.5
      vertex 3.02589 -9.417 0
      vertex 3.02589 -9.417 1.5
    endloop
  endfacet
  facet normal 1 -0 0
    outer loop
      vertex -2.5 18.3189 5
      vertex -2.5 22 2
      vertex -2.5 22 5
    endloop
  endfacet
  facet normal 1 0 0
    outer loop
      vertex -2.5 22 2
      vertex -2.5 18.3189 5
      vertex -2.5 18.3189 2
    endloop
  endfacet
  facet normal -1 0 0
    outer loop
      vertex 2.5 18.3189 2
      vertex 2.5 22 5
      vertex 2.5 22 2
    endloop
  endfacet
  facet normal -1 -0 0
    outer loop
      vertex 2.5 22 5
      vertex 2.5 18.3189 2
      vertex 2.5 18.3189 5
    endloop
  endfacet
  facet normal 0 0 1
    outer loop
      vertex 2.5 22 2
      vertex -2.5 22 2
      vertex 2.5 18.3189 2
    endloop
  endfacet
  facet normal -0 0 1
    outer loop
      vertex 11.6434 0.168687 2
      vertex 18.5 0 2
      vertex 18.443 1.45149 2
    endloop
  endfacet
  facet normal 0 0 1
    outer loop
      vertex 11.5448 0.664386 2
      vertex 18.443 1.45149 2
      vertex 18.2722 2.89404 2
    endloop
  endfacet
  facet normal 0 0 1
    outer loop
      vertex 18.5 0 2
      vertex 11.6434 0.168687 2
      vertex 11.65 0 2
    endloop
  endfacet
  facet normal 0 0 1
    outer loop
      vertex 11.3332 1.12337 2
      vertex 18.2722 2.89404 2
      vertex 17.9888 4.31874 2
    endloop
  endfacet
  facet normal 0 0 1
    outer loop
      vertex 11.6434 -0.168687 2
      vertex 18.5 0 2
      vertex 11.65 0 2
    endloop
  endfacet
  facet normal 0 0 1
    outer loop
      vertex 11.1349 1.39631 2
      vertex 17.9888 4.31874 2
      vertex 17.5945 5.71681 2
    endloop
  endfacet
  facet normal 0 0 1
    outer loop
      vertex 18.5 0 2
      vertex 11.6434 -0.168687 2
      vertex 18.443 -1.45149 2
    endloop
  endfacet
  facet normal 0 0 1
    outer loop
      vertex 11 8 2
      vertex 17.5945 5.71681 2
      vertex 17.0918 7.07964 2
    endloop
  endfacet
  facet normal -0 0 1
    outer loop
      vertex 11.6235 -0.336333 2
      vertex 18.443 -1.45149 2
      vertex 11.6434 -0.168687 2
    endloop
  endfacet
  facet normal -0 0 1
    outer loop
      vertex 11 8 2
      vertex 17.0918 7.07964 2
      vertex 16.4836 8.39882 2
    endloop
  endfacet
  facet normal -0 0 1
    outer loop
      vertex 11.5906 -0.501907 2
      vertex 18.443 -1.45149 2
      vertex 11.6235 -0.336333 2
    endloop
  endfacet
  facet normal 0 0 1
    outer loop
      vertex 11 8 2
      vertex 16.4836 8.39882 2
      vertex 15.7738 9.66622 2
    endloop
  endfacet
  facet normal -0 0 1
    outer loop
      vertex 11.5448 -0.664386 2
      vertex 18.443 -1.45149 2
      vertex 11.5906 -0.501907 2
    endloop
  endfacet
  facet normal 0 0 1
    outer loop
      vertex 11 8 2
      vertex 15.7738 9.66622 2
      vertex 14.9668 10.874 2
    endloop
  endfacet
  facet normal 0 0 1
    outer loop
      vertex 18.443 -1.45149 2
      vertex 11.5448 -0.664386 2
      vertex 18.2722 -2.89404 2
    endloop
  endfacet
  facet normal 0 0 1
    outer loop
      vertex 11 8 2
      vertex 14.9668 10.874 2
      vertex 14.0675 12.0148 2
    endloop
  endfacet
  facet normal -0 0 1
    outer loop
      vertex 11.4863 -0.822769 2
      vertex 18.2722 -2.89404 2
      vertex 11.5448 -0.664386 2
    endloop
  endfacet
  facet normal 0 0 1
    outer loop
      vertex 11 8 2
      vertex 14.0675 12.0148 2
      vertex 13.0815 13.0815 2
    endloop
  endfacet
  facet normal -0 0 1
    outer loop
      vertex 11.3332 -1.12337 2
      vertex 18.2722 -2.89404 2
      vertex 11.4157 -0.976079 2
    endloop
  endfacet
  facet normal 0 0 1
    outer loop
      vertex 11 8 2
      vertex 13.0815 13.0815 2
      vertex 12.0148 14.0675 2
    endloop
  endfacet
  facet normal 0 0 1
    outer loop
      vertex 18.2722 -2.89404 2
      vertex 11.3332 -1.12337 2
      vertex 17.9888 -4.31874 2
    endloop
  endfacet
  facet normal -0 0 1
    outer loop
      vertex 11.2394 -1.26374 2
      vertex 17.9888 -4.31874 2
      vertex 11.3332 -1.12337 2
    endloop
  endfacet
  facet normal -0 0 1
    outer loop
      vertex 11.4157 -0.976079 2
      vertex 18.2722 -2.89404 2
      vertex 11.4863 -0.822769 2
    endloop
  endfacet
  facet normal 0 0 1
    outer loop
      vertex 18.443 1.45149 2
      vertex 11.6235 0.336333 2
      vertex 11.6434 0.168687 2
    endloop
  endfacet
  facet normal 0 0 1
    outer loop
      vertex 18.443 1.45149 2
      vertex 11.5906 0.501907 2
      vertex 11.6235 0.336333 2
    endloop
  endfacet
  facet normal 0 0 1
    outer loop
      vertex 17.5945 5.71681 2
      vertex 11 8 2
      vertex 11 1.53902 2
    endloop
  endfacet
  facet normal 0 0 1
    outer loop
      vertex 18.443 1.45149 2
      vertex 11.5448 0.664386 2
      vertex 11.5906 0.501907 2
    endloop
  endfacet
  facet normal 0 0 1
    outer loop
      vertex 18.2722 2.89404 2
      vertex 11.4863 0.822769 2
      vertex 11.5448 0.664386 2
    endloop
  endfacet
  facet normal 0 0 1
    outer loop
      vertex 18.2722 2.89404 2
      vertex 11.4157 0.976079 2
      vertex 11.4863 0.822769 2
    endloop
  endfacet
  facet normal 0 0 1
    outer loop
      vertex 18.2722 2.89404 2
      vertex 11.3332 1.12337 2
      vertex 11.4157 0.976079 2
    endloop
  endfacet
  facet normal 0 0 1
    outer loop
      vertex 17.9888 4.31874 2
      vertex 11.2394 1.26374 2
      vertex 11.3332 1.12337 2
    endloop
  endfacet
  facet normal 0 0 1
    outer loop
      vertex 17.9888 4.31874 2
      vertex 11.1349 1.39631 2
      vertex 11.2394 1.26374 2
    endloop
  endfacet
  facet normal 0 0 1
    outer loop
      vertex 17.5945 5.71681 2
      vertex 11.0203 1.52028 2
      vertex 11.1349 1.39631 2
    endloop
  endfacet
  facet normal 0 0 1
    outer loop
      vertex 10.874 14.9668 2
      vertex 11 8 2
      vertex 12.0148 14.0675 2
    endloop
  endfacet
  facet normal 0 0 1
    outer loop
      vertex 9.66622 15.7738 2
      vertex 11 8 2
      vertex 10.874 14.9668 2
    endloop
  endfacet
  facet normal 0 0 1
    outer loop
      vertex 8.39882 16.4836 2
      vertex 11 8 2
      vertex 9.66622 15.7738 2
    endloop
  endfacet
  facet normal 0 0 1
    outer loop
      vertex 7.07964 17.0918 2
      vertex 11 8 2
      vertex 8.39882 16.4836 2
    endloop
  endfacet
  facet normal 0 0 1
    outer loop
      vertex 5.71681 17.5945 2
      vertex 11 8 2
      vertex 7.07964 17.0918 2
    endloop
  endfacet
  facet normal 0 0 1
    outer loop
      vertex 4.31874 17.9888 2
      vertex 11 8 2
      vertex 5.71681 17.5945 2
    endloop
  endfacet
  facet normal 0 0 1
    outer loop
      vertex 2.89404 18.2722 2
      vertex 11 8 2
      vertex 4.31874 17.9888 2
    endloop
  endfacet
  facet normal 0 0 1
    outer loop
      vertex 2.5 18.3189 2
      vertex 11 8 2
      vertex 2.89404 18.2722 2
    endloop
  endfacet
  facet normal 0 0 1
    outer loop
      vertex -2.5 18.3189 2
      vertex 2.5 18.3189 2
      vertex -2.5 22 2
    endloop
  endfacet
  facet normal 0 0 1
    outer loop
      vertex 2.5 18.3189 2
      vertex -2.5 18.3189 2
      vertex 11 8 2
    endloop
  endfacet
  facet normal 0 0 1
    outer loop
      vertex -11 8 2
      vertex -2.5 18.3189 2
      vertex -2.89404 18.2722 2
    endloop
  endfacet
  facet normal 0 0 1
    outer loop
      vertex -11 8 2
      vertex -2.89404 18.2722 2
      vertex -4.31874 17.9888 2
    endloop
  endfacet
  facet normal 0 0 1
    outer loop
      vertex -11 8 2
      vertex -4.31874 17.9888 2
      vertex -5.71681 17.5945 2
    endloop
  endfacet
  facet normal 0 0 1
    outer loop
      vertex -11 8 2
      vertex -5.71681 17.5945 2
      vertex -7.07964 17.0918 2
    endloop
  endfacet
  facet normal 0 0 1
    outer loop
      vertex -11 8 2
      vertex -7.07964 17.0918 2
      vertex -8.39882 16.4836 2
    endloop
  endfacet
  facet normal 0 0 1
    outer loop
      vertex -11 8 2
      vertex -8.39882 16.4836 2
      vertex -9.66622 15.7738 2
    endloop
  endfacet
  facet normal 0 0 1
    outer loop
      vertex -11 8 2
      vertex -9.66622 15.7738 2
      vertex -10.874 14.9668 2
    endloop
  endfacet
  facet normal 0 0 1
    outer loop
      vertex -2.5 18.3189 2
      vertex -11 8 2
      vertex 11 8 2
    endloop
  endfacet
  facet normal -0 0 1
    outer loop
      vertex -13.0815 13.0815 2
      vertex -11 8 2
      vertex -12.0148 14.0675 2
    endloop
  endfacet
  facet normal -0 0 1
    outer loop
      vertex -12.0148 14.0675 2
      vertex -11 8 2
      vertex -10.874 14.9668 2
    endloop
  endfacet
  facet normal -0 0 1
    outer loop
      vertex 11.1349 -1.39631 2
      vertex 17.9888 -4.31874 2
      vertex 11.2394 -1.26374 2
    endloop
  endfacet
  facet normal 0 0 1
    outer loop
      vertex 17.9888 -4.31874 2
      vertex 11.1349 -1.39631 2
      vertex 17.5945 -5.71681 2
    endloop
  endfacet
  facet normal -0 0 1
    outer loop
      vertex 11.0203 -1.52028 2
      vertex 17.5945 -5.71681 2
      vertex 11.1349 -1.39631 2
    endloop
  endfacet
  facet normal 0 0 1
    outer loop
      vertex 14.0675 -12.0148 2
      vertex 11 -8 2
      vertex 13.0815 -13.0815 2
    endloop
  endfacet
  facet normal -0 0 1
    outer loop
      vertex 11 -1.53902 2
      vertex 17.5945 -5.71681 2
      vertex 11.0203 -1.52028 2
    endloop
  endfacet
  facet normal 0 0 1
    outer loop
      vertex 14.9668 -10.874 2
      vertex 11 -8 2
      vertex 14.0675 -12.0148 2
    endloop
  endfacet
  facet normal 0 0 1
    outer loop
      vertex 11 -8 2
      vertex 17.5945 -5.71681 2
      vertex 11 -1.53902 2
    endloop
  endfacet
  facet normal 0 0 1
    outer loop
      vertex 15.7738 -9.66622 2
      vertex 11 -8 2
      vertex 14.9668 -10.874 2
    endloop
  endfacet
  facet normal 0 0 1
    outer loop
      vertex 16.4836 -8.39882 2
      vertex 11 -8 2
      vertex 15.7738 -9.66622 2
    endloop
  endfacet
  facet normal 0 0 1
    outer loop
      vertex 17.0918 -7.07964 2
      vertex 11 -8 2
      vertex 16.4836 -8.39882 2
    endloop
  endfacet
  facet normal 0 0 1
    outer loop
      vertex 17.5945 -5.71681 2
      vertex 11 -8 2
      vertex 17.0918 -7.07964 2
    endloop
  endfacet
  facet normal 0 0 1
    outer loop
      vertex 13.0815 -13.0815 2
      vertex 11 -8 2
      vertex 12.0148 -14.0675 2
    endloop
  endfacet
  facet normal 0 0 1
    outer loop
      vertex 11 -8 2
      vertex 10.874 -14.9668 2
      vertex 12.0148 -14.0675 2
    endloop
  endfacet
  facet normal 0 0 1
    outer loop
      vertex 11 -8 2
      vertex 9.66622 -15.7738 2
      vertex 10.874 -14.9668 2
    endloop
  endfacet
  facet normal 0 0 1
    outer loop
      vertex 11 -8 2
      vertex 8.39882 -16.4836 2
      vertex 9.66622 -15.7738 2
    endloop
  endfacet
  facet normal 0 0 1
    outer loop
      vertex 11 -8 2
      vertex 7.07964 -17.0918 2
      vertex 8.39882 -16.4836 2
    endloop
  endfacet
  facet normal 0 0 1
    outer loop
      vertex 11 -8 2
      vertex 5.71681 -17.5945 2
      vertex 7.07964 -17.0918 2
    endloop
  endfacet
  facet normal 0 0 1
    outer loop
      vertex 11 -8 2
      vertex 4.31874 -17.9888 2
      vertex 5.71681 -17.5945 2
    endloop
  endfacet
  facet normal 0 0 1
    outer loop
      vertex 11 -8 2
      vertex 2.89404 -18.2722 2
      vertex 4.31874 -17.9888 2
    endloop
  endfacet
  facet normal 0 0 1
    outer loop
      vertex 11 -8 2
      vertex 1.45149 -18.443 2
      vertex 2.89404 -18.2722 2
    endloop
  endfacet
  facet normal 0 0 1
    outer loop
      vertex 11 -8 2
      vertex 0 -18.5 2
      vertex 1.45149 -18.443 2
    endloop
  endfacet
  facet normal -0 0 1
    outer loop
      vertex -11 -8 2
      vertex 0 -18.5 2
      vertex 11 -8 2
    endloop
  endfacet
  facet normal 0 0 1
    outer loop
      vertex 0 -18.5 2
      vertex -11 -8 2
      vertex -1.45149 -18.443 2
    endloop
  endfacet
  facet normal 0 0 1
    outer loop
      vertex -1.45149 -18.443 2
      vertex -11 -8 2
      vertex -2.89404 -18.2722 2
    endloop
  endfacet
  facet normal 0 0 1
    outer loop
      vertex -2.89404 -18.2722 2
      vertex -11 -8 2
      vertex -4.31874 -17.9888 2
    endloop
  endfacet
  facet normal 0 0 1
    outer loop
      vertex -4.31874 -17.9888 2
      vertex -11 -8 2
      vertex -5.71681 -17.5945 2
    endloop
  endfacet
  facet normal 0 0 1
    outer loop
      vertex -5.71681 -17.5945 2
      vertex -11 -8 2
      vertex -7.07964 -17.0918 2
    endloop
  endfacet
  facet normal 0 0 1
    outer loop
      vertex -7.07964 -17.0918 2
      vertex -11 -8 2
      vertex -8.39882 -16.4836 2
    endloop
  endfacet
  facet normal 0 0 1
    outer loop
      vertex -8.39882 -16.4836 2
      vertex -11 -8 2
      vertex -9.66622 -15.7738 2
    endloop
  endfacet
  facet normal 0 0 1
    outer loop
      vertex -9.66622 -15.7738 2
      vertex -11 -8 2
      vertex -10.874 -14.9668 2
    endloop
  endfacet
  facet normal -0 0 1
    outer loop
      vertex -14.0675 12.0148 2
      vertex -11 8 2
      vertex -13.0815 13.0815 2
    endloop
  endfacet
  facet normal 0 0 1
    outer loop
      vertex -11 -8 2
      vertex -12.0148 -14.0675 2
      vertex -10.874 -14.9668 2
    endloop
  endfacet
  facet normal -0 0 1
    outer loop
      vertex -14.9668 10.874 2
      vertex -11 8 2
      vertex -14.0675 12.0148 2
    endloop
  endfacet
  facet normal 0 0 1
    outer loop
      vertex -11 -8 2
      vertex -13.0815 -13.0815 2
      vertex -12.0148 -14.0675 2
    endloop
  endfacet
  facet normal -0 0 1
    outer loop
      vertex -15.7738 9.66622 2
      vertex -11 8 2
      vertex -14.9668 10.874 2
    endloop
  endfacet
  facet normal 0 0 1
    outer loop
      vertex -11 -8 2
      vertex -14.0675 -12.0148 2
      vertex -13.0815 -13.0815 2
    endloop
  endfacet
  facet normal -0 0 1
    outer loop
      vertex -16.4836 8.39882 2
      vertex -11 8 2
      vertex -15.7738 9.66622 2
    endloop
  endfacet
  facet normal 0 0 1
    outer loop
      vertex -11 -8 2
      vertex -14.9668 -10.874 2
      vertex -14.0675 -12.0148 2
    endloop
  endfacet
  facet normal 0 0 1
    outer loop
      vertex -17.0918 7.07964 2
      vertex -11 8 2
      vertex -16.4836 8.39882 2
    endloop
  endfacet
  facet normal 0 0 1
    outer loop
      vertex -11 -8 2
      vertex -15.7738 -9.66622 2
      vertex -14.9668 -10.874 2
    endloop
  endfacet
  facet normal 0 0 1
    outer loop
      vertex -17.5945 5.71681 2
      vertex -11 8 2
      vertex -17.0918 7.07964 2
    endloop
  endfacet
  facet normal 0 0 1
    outer loop
      vertex -11 -8 2
      vertex -16.4836 -8.39882 2
      vertex -15.7738 -9.66622 2
    endloop
  endfacet
  facet normal 0 0 1
    outer loop
      vertex -17.9888 4.31874 2
      vertex -11 8 2
      vertex -17.5945 5.71681 2
    endloop
  endfacet
  facet normal 0 0 1
    outer loop
      vertex -11 -8 2
      vertex -17.0918 -7.07964 2
      vertex -16.4836 -8.39882 2
    endloop
  endfacet
  facet normal 0 0 1
    outer loop
      vertex -18.2722 2.89404 2
      vertex -11 8 2
      vertex -17.9888 4.31874 2
    endloop
  endfacet
  facet normal 0 0 1
    outer loop
      vertex -11 -8 2
      vertex -17.5945 -5.71681 2
      vertex -17.0918 -7.07964 2
    endloop
  endfacet
  facet normal 0 0 1
    outer loop
      vertex -18.443 1.45149 2
      vertex -11 8 2
      vertex -18.2722 2.89404 2
    endloop
  endfacet
  facet normal 0 0 1
    outer loop
      vertex -11 -8 2
      vertex -17.9888 -4.31874 2
      vertex -17.5945 -5.71681 2
    endloop
  endfacet
  facet normal 0 0 1
    outer loop
      vertex -18.5 0 2
      vertex -11 8 2
      vertex -18.443 1.45149 2
    endloop
  endfacet
  facet normal 0 0 1
    outer loop
      vertex -11 -8 2
      vertex -18.2722 -2.89404 2
      vertex -17.9888 -4.31874 2
    endloop
  endfacet
  facet normal 0 0 1
    outer loop
      vertex -11 8 2
      vertex -18.5 0 2
      vertex -11 -8 2
    endloop
  endfacet
  facet normal 0 0 1
    outer loop
      vertex -11 -8 2
      vertex -18.443 -1.45149 2
      vertex -18.2722 -2.89404 2
    endloop
  endfacet
  facet normal 0 0 1
    outer loop
      vertex -11 -8 2
      vertex -18.5 0 2
      vertex -18.443 -1.45149 2
    endloop
  endfacet
  facet normal 0 0 1
    outer loop
      vertex 17.5945 5.71681 2
      vertex 11 1.53902 2
      vertex 11.0203 1.52028 2
    endloop
  endfacet
  facet normal 0 -1 0
    outer loop
      vertex -2.5 22 5
      vertex -1 22 4
      vertex -1 22 5
    endloop
  endfacet
  facet normal 0 -1 -0
    outer loop
      vertex -1 22 4
      vertex -2.5 22 2
      vertex 1 22 4
    endloop
  endfacet
  facet normal 0 -1 0
    outer loop
      vertex -2.5 22 2
      vertex -1 22 4
      vertex -2.5 22 5
    endloop
  endfacet
  facet normal 0 -1 0
    outer loop
      vertex 1 22 4
      vertex 2.5 22 5
      vertex 1 22 5
    endloop
  endfacet
  facet normal 0 -1 0
    outer loop
      vertex 1 22 4
      vertex 2.5 22 2
      vertex 2.5 22 5
    endloop
  endfacet
  facet normal 0 -1 0
    outer loop
      vertex 2.5 22 2
      vertex 1 22 4
      vertex -2.5 22 2
    endloop
  endfacet
  facet normal 1 -0 0
    outer loop
      vertex -1 22 5
      vertex -1 25 4
      vertex -1 25 5
    endloop
  endfacet
  facet normal 1 0 0
    outer loop
      vertex -1 25 4
      vertex -1 22 5
      vertex -1 22 4
    endloop
  endfacet
  facet normal -1 0 0
    outer loop
      vertex 1 22 4
      vertex 1 25 5
      vertex 1 25 4
    endloop
  endfacet
  facet normal -1 -0 0
    outer loop
      vertex 1 25 5
      vertex 1 22 4
      vertex 1 22 5
    endloop
  endfacet
  facet normal -0 0 1
    outer loop
      vertex -1 25 4
      vertex 1 22 4
      vertex 1 25 4
    endloop
  endfacet
  facet normal 0 0 1
    outer loop
      vertex 1 22 4
      vertex -1 25 4
      vertex -1 22 4
    endloop
  endfacet
  facet normal -1 0 0
    outer loop
      vertex -28 -20 -3
      vertex -28 -23 -3
      vertex -28 -20 0
    endloop
  endfacet
  facet normal -1 0 0
    outer loop
      vertex -28 23 -3
      vertex -28 20 -3
      vertex -28 23 0
    endloop
  endfacet
  facet normal -1 0 0
    outer loop
      vertex -28 23 0
      vertex -28 25 5
      vertex -28 25 0
    endloop
  endfacet
  facet normal -1 0 0
    outer loop
      vertex -28 20 0
      vertex -28 23 0
      vertex -28 20 -3
    endloop
  endfacet
  facet normal -1 0 0
    outer loop
      vertex -28 23 0
      vertex -28 20 0
      vertex -28 25 5
    endloop
  endfacet
  facet normal -1 0 0
    outer loop
      vertex -28 -20 0
      vertex -28 25 5
      vertex -28 20 0
    endloop
  endfacet
  facet normal -1 0 0
    outer loop
      vertex -28 -23 0
      vertex -28 -20 0
      vertex -28 -23 -3
    endloop
  endfacet
  facet normal -1 0 0
    outer loop
      vertex -28 -25 5
      vertex -28 -20 0
      vertex -28 -23 0
    endloop
  endfacet
  facet normal -1 0 0
    outer loop
      vertex -28 -25 5
      vertex -28 -23 0
      vertex -28 -25 0
    endloop
  endfacet
  facet normal -1 0 0
    outer loop
      vertex -28 -20 0
      vertex -28 -25 5
      vertex -28 25 5
    endloop
  endfacet
  facet normal 0 0 1
    outer loop
      vertex -1 25 5
      vertex -2.5 22 5
      vertex -1 22 5
    endloop
  endfacet
  facet normal 0 0 1
    outer loop
      vertex -2.5 22 5
      vertex -2.89404 18.2722 5
      vertex -2.5 18.3189 5
    endloop
  endfacet
  facet normal 0 0 1
    outer loop
      vertex -2.5 22 5
      vertex -4.31874 17.9888 5
      vertex -2.89404 18.2722 5
    endloop
  endfacet
  facet normal 0 0 1
    outer loop
      vertex -2.5 22 5
      vertex -5.71681 17.5945 5
      vertex -4.31874 17.9888 5
    endloop
  endfacet
  facet normal 0 0 1
    outer loop
      vertex -14.0729 17.8532 5
      vertex -2.5 22 5
      vertex -1 25 5
    endloop
  endfacet
  facet normal 0 0 1
    outer loop
      vertex -2.5 22 5
      vertex -7.07964 17.0918 5
      vertex -5.71681 17.5945 5
    endloop
  endfacet
  facet normal 0 -0 1
    outer loop
      vertex -13.4325 17.5579 5
      vertex -2.5 22 5
      vertex -13.638 17.673 5
    endloop
  endfacet
  facet normal -0 -0 1
    outer loop
      vertex -13.2366 17.4271 5
      vertex -7.07964 17.0918 5
      vertex -13.4325 17.5579 5
    endloop
  endfacet
  facet normal -0 -0 1
    outer loop
      vertex -12.8787 17.1213 5
      vertex -8.39882 16.4836 5
      vertex -13.0517 17.2812 5
    endloop
  endfacet
  facet normal -0 -0 1
    outer loop
      vertex -12.4421 16.5675 5
      vertex -9.66622 15.7738 5
      vertex -12.5729 16.7634 5
    endloop
  endfacet
  facet normal 0 0 1
    outer loop
      vertex -10.874 14.9668 5
      vertex -12.0092 15.2354 5
      vertex -12 15 5
    endloop
  endfacet
  facet normal 0 0 1
    outer loop
      vertex -10.874 14.9668 5
      vertex -12.0369 15.4693 5
      vertex -12.0092 15.2354 5
    endloop
  endfacet
  facet normal 0 0 1
    outer loop
      vertex -10.874 14.9668 5
      vertex -12.0829 15.7003 5
      vertex -12.0369 15.4693 5
    endloop
  endfacet
  facet normal 0 0 1
    outer loop
      vertex -10.874 14.9668 5
      vertex -12.1468 15.9271 5
      vertex -12.0829 15.7003 5
    endloop
  endfacet
  facet normal 0 0 1
    outer loop
      vertex -9.66622 15.7738 5
      vertex -12.1468 15.9271 5
      vertex -10.874 14.9668 5
    endloop
  endfacet
  facet normal -0 -0 1
    outer loop
      vertex -12.1468 15.9271 5
      vertex -9.66622 15.7738 5
      vertex -12.2284 16.148 5
    endloop
  endfacet
  facet normal -0 -0 1
    outer loop
      vertex -12.2284 16.148 5
      vertex -9.66622 15.7738 5
      vertex -12.327 16.362 5
    endloop
  endfacet
  facet normal -0 -0 1
    outer loop
      vertex -12.327 16.362 5
      vertex -9.66622 15.7738 5
      vertex -12.4421 16.5675 5
    endloop
  endfacet
  facet normal 0 0 1
    outer loop
      vertex -8.39882 16.4836 5
      vertex -12.5729 16.7634 5
      vertex -9.66622 15.7738 5
    endloop
  endfacet
  facet normal -0 -0 1
    outer loop
      vertex -12.5729 16.7634 5
      vertex -8.39882 16.4836 5
      vertex -12.7188 16.9483 5
    endloop
  endfacet
  facet normal -0 -0 1
    outer loop
      vertex -12.7188 16.9483 5
      vertex -8.39882 16.4836 5
      vertex -12.8787 17.1213 5
    endloop
  endfacet
  facet normal 0 0 1
    outer loop
      vertex -8.39882 16.4836 5
      vertex -13.2366 17.4271 5
      vertex -13.0517 17.2812 5
    endloop
  endfacet
  facet normal 0 0 1
    outer loop
      vertex -7.07964 17.0918 5
      vertex -13.2366 17.4271 5
      vertex -8.39882 16.4836 5
    endloop
  endfacet
  facet normal 0 0 1
    outer loop
      vertex -2.5 22 5
      vertex -13.4325 17.5579 5
      vertex -7.07964 17.0918 5
    endloop
  endfacet
  facet normal 0 0 1
    outer loop
      vertex -2.5 22 5
      vertex -13.852 17.7716 5
      vertex -13.638 17.673 5
    endloop
  endfacet
  facet normal 0 0 1
    outer loop
      vertex -2.5 22 5
      vertex -14.0729 17.8532 5
      vertex -13.852 17.7716 5
    endloop
  endfacet
  facet normal 0 0 1
    outer loop
      vertex -1 25 5
      vertex -14.2997 17.9171 5
      vertex -14.0729 17.8532 5
    endloop
  endfacet
  facet normal 0 0 1
    outer loop
      vertex -1 25 5
      vertex -14.5307 17.9631 5
      vertex -14.2997 17.9171 5
    endloop
  endfacet
  facet normal 0 0 1
    outer loop
      vertex -1 25 5
      vertex -14.7646 17.9908 5
      vertex -14.5307 17.9631 5
    endloop
  endfacet
  facet normal 0 0 1
    outer loop
      vertex -1 25 5
      vertex -15 18 5
      vertex -14.7646 17.9908 5
    endloop
  endfacet
  facet normal -0 0 1
    outer loop
      vertex -28 25 5
      vertex -15 18 5
      vertex -1 25 5
    endloop
  endfacet
  facet normal 0 0 1
    outer loop
      vertex -15 18 5
      vertex -28 25 5
      vertex -15.2354 17.9908 5
    endloop
  endfacet
  facet normal 0 0 1
    outer loop
      vertex -15.2354 17.9908 5
      vertex -28 25 5
      vertex -15.4693 17.9631 5
    endloop
  endfacet
  facet normal 0 0 1
    outer loop
      vertex -15.4693 17.9631 5
      vertex -28 25 5
      vertex -15.7003 17.9171 5
    endloop
  endfacet
  facet normal 0 0 1
    outer loop
      vertex -15.7003 17.9171 5
      vertex -28 25 5
      vertex -15.9271 17.8532 5
    endloop
  endfacet
  facet normal 0 0 1
    outer loop
      vertex -15.9271 17.8532 5
      vertex -28 25 5
      vertex -16.148 17.7716 5
    endloop
  endfacet
  facet normal 0 0 1
    outer loop
      vertex -17.9908 14.7646 5
      vertex -18.443 1.45149 5
      vertex -18.2722 2.89404 5
    endloop
  endfacet
  facet normal 0 0 1
    outer loop
      vertex -17.9908 14.7646 5
      vertex -24.5239 1.91566 5
      vertex -18.443 1.45149 5
    endloop
  endfacet
  facet normal -0 -0 1
    outer loop
      vertex -23.9797 1.52028 5
      vertex -18.443 1.45149 5
      vertex -24.1037 1.63487 5
    endloop
  endfacet
  facet normal 0 0 1
    outer loop
      vertex -28 25 5
      vertex -18 15 5
      vertex -17.9908 15.2354 5
    endloop
  endfacet
  facet normal 0 0 1
    outer loop
      vertex -28 25 5
      vertex -17.9908 15.2354 5
      vertex -17.9631 15.4693 5
    endloop
  endfacet
  facet normal 0 0 1
    outer loop
      vertex -28 25 5
      vertex -17.9631 15.4693 5
      vertex -17.9171 15.7003 5
    endloop
  endfacet
  facet normal 0 0 1
    outer loop
      vertex -28 25 5
      vertex -17.9171 15.7003 5
      vertex -17.8532 15.9271 5
    endloop
  endfacet
  facet normal 0 0 1
    outer loop
      vertex -18.5 0 5
      vertex -23.3566 0.168687 5
      vertex -23.35 0 5
    endloop
  endfacet
  facet normal 0 0 1
    outer loop
      vertex -18.5 0 5
      vertex -23.3765 0.336333 5
      vertex -23.3566 0.168687 5
    endloop
  endfacet
  facet normal 0 0 1
    outer loop
      vertex -18.443 1.45149 5
      vertex -23.3765 0.336333 5
      vertex -18.5 0 5
    endloop
  endfacet
  facet normal 0 -0 1
    outer loop
      vertex -23.3765 0.336333 5
      vertex -18.443 1.45149 5
      vertex -23.4094 0.501907 5
    endloop
  endfacet
  facet normal 0 -0 1
    outer loop
      vertex -23.4094 0.501907 5
      vertex -18.443 1.45149 5
      vertex -23.4552 0.664386 5
    endloop
  endfacet
  facet normal 0 0 1
    outer loop
      vertex -28 25 5
      vertex -17.8532 15.9271 5
      vertex -17.7716 16.148 5
    endloop
  endfacet
  facet normal 0 -0 1
    outer loop
      vertex -23.4552 0.664386 5
      vertex -18.443 1.45149 5
      vertex -23.5137 0.822769 5
    endloop
  endfacet
  facet normal 0 -0 1
    outer loop
      vertex -23.5137 0.822769 5
      vertex -18.443 1.45149 5
      vertex -23.5843 0.976079 5
    endloop
  endfacet
  facet normal 0 -0 1
    outer loop
      vertex -23.5843 0.976079 5
      vertex -18.443 1.45149 5
      vertex -23.6668 1.12337 5
    endloop
  endfacet
  facet normal 0 -0 1
    outer loop
      vertex -23.6668 1.12337 5
      vertex -18.443 1.45149 5
      vertex -23.7606 1.26374 5
    endloop
  endfacet
  facet normal 0 -0 1
    outer loop
      vertex -23.7606 1.26374 5
      vertex -18.443 1.45149 5
      vertex -23.8651 1.39631 5
    endloop
  endfacet
  facet normal 0 -0 1
    outer loop
      vertex -23.8651 1.39631 5
      vertex -18.443 1.45149 5
      vertex -23.9797 1.52028 5
    endloop
  endfacet
  facet normal 0 0 1
    outer loop
      vertex -18.443 1.45149 5
      vertex -24.2363 1.73939 5
      vertex -24.1037 1.63487 5
    endloop
  endfacet
  facet normal 0 0 1
    outer loop
      vertex -18.443 1.45149 5
      vertex -24.3766 1.83318 5
      vertex -24.2363 1.73939 5
    endloop
  endfacet
  facet normal 0 0 1
    outer loop
      vertex -28 25 5
      vertex -17.7716 16.148 5
      vertex -17.673 16.362 5
    endloop
  endfacet
  facet normal 0 0 1
    outer loop
      vertex -18.443 1.45149 5
      vertex -24.5239 1.91566 5
      vertex -24.3766 1.83318 5
    endloop
  endfacet
  facet normal 0 0 1
    outer loop
      vertex -17.9908 14.7646 5
      vertex -24.6772 1.98634 5
      vertex -24.5239 1.91566 5
    endloop
  endfacet
  facet normal 0 0 1
    outer loop
      vertex -17.9908 14.7646 5
      vertex -24.8356 2.04477 5
      vertex -24.6772 1.98634 5
    endloop
  endfacet
  facet normal 0 0 1
    outer loop
      vertex -17.9908 14.7646 5
      vertex -24.9981 2.0906 5
      vertex -24.8356 2.04477 5
    endloop
  endfacet
  facet normal 0 0 1
    outer loop
      vertex -17.9908 14.7646 5
      vertex -25.1637 2.12353 5
      vertex -24.9981 2.0906 5
    endloop
  endfacet
  facet normal 0 0 1
    outer loop
      vertex -17.9908 14.7646 5
      vertex -25.3313 2.14337 5
      vertex -25.1637 2.12353 5
    endloop
  endfacet
  facet normal 0 0 1
    outer loop
      vertex -17.9908 14.7646 5
      vertex -25.5 2.15 5
      vertex -25.3313 2.14337 5
    endloop
  endfacet
  facet normal 0 0 1
    outer loop
      vertex -17.9908 14.7646 5
      vertex -25.6687 2.14337 5
      vertex -25.5 2.15 5
    endloop
  endfacet
  facet normal 0 0 1
    outer loop
      vertex -28 25 5
      vertex -17.673 16.362 5
      vertex -17.5579 16.5675 5
    endloop
  endfacet
  facet normal 0 0 1
    outer loop
      vertex -17.9908 14.7646 5
      vertex -25.8363 2.12353 5
      vertex -25.6687 2.14337 5
    endloop
  endfacet
  facet normal 0 0 1
    outer loop
      vertex -17.9908 14.7646 5
      vertex -26.0019 2.0906 5
      vertex -25.8363 2.12353 5
    endloop
  endfacet
  facet normal 0 0 1
    outer loop
      vertex -17.9908 14.7646 5
      vertex -28 25 5
      vertex -26.1644 2.04477 5
    endloop
  endfacet
  facet normal 0 0 1
    outer loop
      vertex -17.9908 14.7646 5
      vertex -26.1644 2.04477 5
      vertex -26.0019 2.0906 5
    endloop
  endfacet
  facet normal 0 0 1
    outer loop
      vertex -26.1644 2.04477 5
      vertex -28 25 5
      vertex -26.3228 1.98634 5
    endloop
  endfacet
  facet normal 0 0 1
    outer loop
      vertex -26.3228 1.98634 5
      vertex -28 25 5
      vertex -26.4761 1.91566 5
    endloop
  endfacet
  facet normal 0 0 1
    outer loop
      vertex -26.4761 1.91566 5
      vertex -28 25 5
      vertex -26.6234 1.83318 5
    endloop
  endfacet
  facet normal 0 0 1
    outer loop
      vertex -26.6234 1.83318 5
      vertex -28 25 5
      vertex -26.7637 1.73939 5
    endloop
  endfacet
  facet normal 0 0 1
    outer loop
      vertex -26.7637 1.73939 5
      vertex -28 25 5
      vertex -26.8963 1.63487 5
    endloop
  endfacet
  facet normal 0 0 1
    outer loop
      vertex -26.8963 1.63487 5
      vertex -28 25 5
      vertex -27.0203 1.52028 5
    endloop
  endfacet
  facet normal 0 0 1
    outer loop
      vertex -27.0203 1.52028 5
      vertex -28 25 5
      vertex -27.1349 1.39631 5
    endloop
  endfacet
  facet normal 0 0 1
    outer loop
      vertex -27.1349 1.39631 5
      vertex -28 25 5
      vertex -27.2394 1.26374 5
    endloop
  endfacet
  facet normal 0 0 1
    outer loop
      vertex -27.6434 0.168687 5
      vertex -28 25 5
      vertex -27.65 0 5
    endloop
  endfacet
  facet normal 0 0 1
    outer loop
      vertex -27.6235 0.336333 5
      vertex -28 25 5
      vertex -27.6434 0.168687 5
    endloop
  endfacet
  facet normal 0 0 1
    outer loop
      vertex -27.5906 0.501907 5
      vertex -28 25 5
      vertex -27.6235 0.336333 5
    endloop
  endfacet
  facet normal 0 0 1
    outer loop
      vertex -27.5448 0.664386 5
      vertex -28 25 5
      vertex -27.5906 0.501907 5
    endloop
  endfacet
  facet normal 0 0 1
    outer loop
      vertex -27.4863 0.822769 5
      vertex -28 25 5
      vertex -27.5448 0.664386 5
    endloop
  endfacet
  facet normal 0 0 1
    outer loop
      vertex -27.4157 0.976079 5
      vertex -28 25 5
      vertex -27.4863 0.822769 5
    endloop
  endfacet
  facet normal 0 0 1
    outer loop
      vertex -27.3332 1.12337 5
      vertex -28 25 5
      vertex -27.4157 0.976079 5
    endloop
  endfacet
  facet normal 0 0 1
    outer loop
      vertex -27.2394 1.26374 5
      vertex -28 25 5
      vertex -27.3332 1.12337 5
    endloop
  endfacet
  facet normal 0 0 1
    outer loop
      vertex -17.4271 16.7634 5
      vertex -28 25 5
      vertex -17.5579 16.5675 5
    endloop
  endfacet
  facet normal 0 0 1
    outer loop
      vertex -17.2812 16.9483 5
      vertex -28 25 5
      vertex -17.4271 16.7634 5
    endloop
  endfacet
  facet normal 0 0 1
    outer loop
      vertex -17.1213 17.1213 5
      vertex -28 25 5
      vertex -17.2812 16.9483 5
    endloop
  endfacet
  facet normal 0 0 1
    outer loop
      vertex -16.9483 17.2812 5
      vertex -28 25 5
      vertex -17.1213 17.1213 5
    endloop
  endfacet
  facet normal 0 0 1
    outer loop
      vertex -16.7634 17.4271 5
      vertex -28 25 5
      vertex -16.9483 17.2812 5
    endloop
  endfacet
  facet normal 0 0 1
    outer loop
      vertex -16.5675 17.5579 5
      vertex -28 25 5
      vertex -16.7634 17.4271 5
    endloop
  endfacet
  facet normal 0 0 1
    outer loop
      vertex -16.362 17.673 5
      vertex -28 25 5
      vertex -16.5675 17.5579 5
    endloop
  endfacet
  facet normal 0 0 1
    outer loop
      vertex -16.148 17.7716 5
      vertex -28 25 5
      vertex -16.362 17.673 5
    endloop
  endfacet
  facet normal 0 0 1
    outer loop
      vertex -12.0092 14.7646 5
      vertex -10.874 14.9668 5
      vertex -12 15 5
    endloop
  endfacet
  facet normal 0 0 1
    outer loop
      vertex -12.0369 14.5307 5
      vertex -10.874 14.9668 5
      vertex -12.0092 14.7646 5
    endloop
  endfacet
  facet normal 0 0 1
    outer loop
      vertex -10.874 14.9668 5
      vertex -12.0369 14.5307 5
      vertex -12.0148 14.0675 5
    endloop
  endfacet
  facet normal -0 0 1
    outer loop
      vertex -12.0829 14.2997 5
      vertex -12.0148 14.0675 5
      vertex -12.0369 14.5307 5
    endloop
  endfacet
  facet normal -0 0 1
    outer loop
      vertex -12.1468 14.0729 5
      vertex -12.0148 14.0675 5
      vertex -12.0829 14.2997 5
    endloop
  endfacet
  facet normal 0 0 1
    outer loop
      vertex -12.0148 14.0675 5
      vertex -12.1468 14.0729 5
      vertex -12.2182 13.8795 5
    endloop
  endfacet
  facet normal -0 0 1
    outer loop
      vertex -14.0729 12.1468 5
      vertex -14.0675 12.0148 5
      vertex -13.8795 12.2182 5
    endloop
  endfacet
  facet normal -0 0 1
    outer loop
      vertex -14.2997 12.0829 5
      vertex -14.0675 12.0148 5
      vertex -14.0729 12.1468 5
    endloop
  endfacet
  facet normal -0 0 1
    outer loop
      vertex -14.5307 12.0369 5
      vertex -14.0675 12.0148 5
      vertex -14.2997 12.0829 5
    endloop
  endfacet
  facet normal 0 0 1
    outer loop
      vertex -14.9668 10.874 5
      vertex -14.5307 12.0369 5
      vertex -14.7646 12.0092 5
    endloop
  endfacet
  facet normal 0 0 1
    outer loop
      vertex -14.5307 12.0369 5
      vertex -14.9668 10.874 5
      vertex -14.0675 12.0148 5
    endloop
  endfacet
  facet normal -0 0 1
    outer loop
      vertex -15 12 5
      vertex -14.9668 10.874 5
      vertex -14.7646 12.0092 5
    endloop
  endfacet
  facet normal 0 0 1
    outer loop
      vertex -15.2354 12.0092 5
      vertex -14.9668 10.874 5
      vertex -15 12 5
    endloop
  endfacet
  facet normal 0 0 1
    outer loop
      vertex -15.4693 12.0369 5
      vertex -14.9668 10.874 5
      vertex -15.2354 12.0092 5
    endloop
  endfacet
  facet normal 0 0 1
    outer loop
      vertex -15.7003 12.0829 5
      vertex -14.9668 10.874 5
      vertex -15.4693 12.0369 5
    endloop
  endfacet
  facet normal 0 0 1
    outer loop
      vertex -15.9271 12.1468 5
      vertex -14.9668 10.874 5
      vertex -15.7003 12.0829 5
    endloop
  endfacet
  facet normal 0 0 1
    outer loop
      vertex -14.9668 10.874 5
      vertex -15.9271 12.1468 5
      vertex -15.7738 9.66622 5
    endloop
  endfacet
  facet normal 0 0 1
    outer loop
      vertex -16.148 12.2284 5
      vertex -15.7738 9.66622 5
      vertex -15.9271 12.1468 5
    endloop
  endfacet
  facet normal 0 0 1
    outer loop
      vertex -16.362 12.327 5
      vertex -15.7738 9.66622 5
      vertex -16.148 12.2284 5
    endloop
  endfacet
  facet normal 0 0 1
    outer loop
      vertex -16.5675 12.4421 5
      vertex -15.7738 9.66622 5
      vertex -16.362 12.327 5
    endloop
  endfacet
  facet normal 0 0 1
    outer loop
      vertex -16.7634 12.5729 5
      vertex -15.7738 9.66622 5
      vertex -16.5675 12.4421 5
    endloop
  endfacet
  facet normal 0 0 1
    outer loop
      vertex -15.7738 9.66622 5
      vertex -16.7634 12.5729 5
      vertex -16.4836 8.39882 5
    endloop
  endfacet
  facet normal 0 0 1
    outer loop
      vertex -16.9483 12.7188 5
      vertex -16.4836 8.39882 5
      vertex -16.7634 12.5729 5
    endloop
  endfacet
  facet normal 0 0 1
    outer loop
      vertex -17.1213 12.8787 5
      vertex -16.4836 8.39882 5
      vertex -16.9483 12.7188 5
    endloop
  endfacet
  facet normal 0 0 1
    outer loop
      vertex -17.2812 13.0517 5
      vertex -16.4836 8.39882 5
      vertex -17.1213 12.8787 5
    endloop
  endfacet
  facet normal 0 0 1
    outer loop
      vertex -17.4271 13.2366 5
      vertex -16.4836 8.39882 5
      vertex -17.2812 13.0517 5
    endloop
  endfacet
  facet normal 0 0 1
    outer loop
      vertex -16.4836 8.39882 5
      vertex -17.4271 13.2366 5
      vertex -17.0918 7.07964 5
    endloop
  endfacet
  facet normal 0 0 1
    outer loop
      vertex -17.5579 13.4325 5
      vertex -17.0918 7.07964 5
      vertex -17.4271 13.2366 5
    endloop
  endfacet
  facet normal 0 0 1
    outer loop
      vertex -17.673 13.638 5
      vertex -17.0918 7.07964 5
      vertex -17.5579 13.4325 5
    endloop
  endfacet
  facet normal 0 0 1
    outer loop
      vertex -17.0918 7.07964 5
      vertex -17.673 13.638 5
      vertex -17.5945 5.71681 5
    endloop
  endfacet
  facet normal 0 0 1
    outer loop
      vertex -17.7716 13.852 5
      vertex -17.5945 5.71681 5
      vertex -17.673 13.638 5
    endloop
  endfacet
  facet normal 0 0 1
    outer loop
      vertex -17.8532 14.0729 5
      vertex -17.5945 5.71681 5
      vertex -17.7716 13.852 5
    endloop
  endfacet
  facet normal 0 0 1
    outer loop
      vertex -17.9888 4.31874 5
      vertex -17.8532 14.0729 5
      vertex -17.9171 14.2997 5
    endloop
  endfacet
  facet normal 0 0 1
    outer loop
      vertex -17.9888 4.31874 5
      vertex -17.9171 14.2997 5
      vertex -17.9631 14.5307 5
    endloop
  endfacet
  facet normal 0 0 1
    outer loop
      vertex -17.8532 14.0729 5
      vertex -17.9888 4.31874 5
      vertex -17.5945 5.71681 5
    endloop
  endfacet
  facet normal 0 0 1
    outer loop
      vertex -18.2722 2.89404 5
      vertex -17.9631 14.5307 5
      vertex -17.9908 14.7646 5
    endloop
  endfacet
  facet normal 0 0 1
    outer loop
      vertex -28 25 5
      vertex -17.9908 14.7646 5
      vertex -18 15 5
    endloop
  endfacet
  facet normal 0 0 1
    outer loop
      vertex -17.9631 14.5307 5
      vertex -18.2722 2.89404 5
      vertex -17.9888 4.31874 5
    endloop
  endfacet
  facet normal 0 0 1
    outer loop
      vertex -14.0675 -12.0148 5
      vertex -14.0729 -12.1468 5
      vertex -13.8795 -12.2182 5
    endloop
  endfacet
  facet normal 0 0 1
    outer loop
      vertex -14.0675 -12.0148 5
      vertex -14.2997 -12.0829 5
      vertex -14.0729 -12.1468 5
    endloop
  endfacet
  facet normal 0 0 1
    outer loop
      vertex -14.0675 -12.0148 5
      vertex -14.5307 -12.0369 5
      vertex -14.2997 -12.0829 5
    endloop
  endfacet
  facet normal 0 0 1
    outer loop
      vertex -14.9668 -10.874 5
      vertex -14.5307 -12.0369 5
      vertex -14.0675 -12.0148 5
    endloop
  endfacet
  facet normal 0 0 1
    outer loop
      vertex -14.5307 -12.0369 5
      vertex -14.9668 -10.874 5
      vertex -14.7646 -12.0092 5
    endloop
  endfacet
  facet normal 0 0 1
    outer loop
      vertex -14.9668 -10.874 5
      vertex -15 -12 5
      vertex -14.7646 -12.0092 5
    endloop
  endfacet
  facet normal 0 0 1
    outer loop
      vertex -14.9668 -10.874 5
      vertex -15.2354 -12.0092 5
      vertex -15 -12 5
    endloop
  endfacet
  facet normal 0 0 1
    outer loop
      vertex -14.9668 -10.874 5
      vertex -15.4693 -12.0369 5
      vertex -15.2354 -12.0092 5
    endloop
  endfacet
  facet normal 0 0 1
    outer loop
      vertex -14.9668 -10.874 5
      vertex -15.7003 -12.0829 5
      vertex -15.4693 -12.0369 5
    endloop
  endfacet
  facet normal 0 0 1
    outer loop
      vertex -15.9271 -12.1468 5
      vertex -14.9668 -10.874 5
      vertex -15.7738 -9.66622 5
    endloop
  endfacet
  facet normal 0 0 1
    outer loop
      vertex -14.9668 -10.874 5
      vertex -15.9271 -12.1468 5
      vertex -15.7003 -12.0829 5
    endloop
  endfacet
  facet normal 0 0 1
    outer loop
      vertex -15.7738 -9.66622 5
      vertex -16.148 -12.2284 5
      vertex -15.9271 -12.1468 5
    endloop
  endfacet
  facet normal 0 0 1
    outer loop
      vertex -15.7738 -9.66622 5
      vertex -16.362 -12.327 5
      vertex -16.148 -12.2284 5
    endloop
  endfacet
  facet normal 0 0 1
    outer loop
      vertex -16.7634 -12.5729 5
      vertex -15.7738 -9.66622 5
      vertex -16.4836 -8.39882 5
    endloop
  endfacet
  facet normal 0 0 1
    outer loop
      vertex -15.7738 -9.66622 5
      vertex -16.5675 -12.4421 5
      vertex -16.362 -12.327 5
    endloop
  endfacet
  facet normal 0 0 1
    outer loop
      vertex -15.7738 -9.66622 5
      vertex -16.7634 -12.5729 5
      vertex -16.5675 -12.4421 5
    endloop
  endfacet
  facet normal 0 0 1
    outer loop
      vertex -16.4836 -8.39882 5
      vertex -16.9483 -12.7188 5
      vertex -16.7634 -12.5729 5
    endloop
  endfacet
  facet normal 0 0 1
    outer loop
      vertex -17.4271 -13.2366 5
      vertex -16.4836 -8.39882 5
      vertex -17.0918 -7.07964 5
    endloop
  endfacet
  facet normal 0 0 1
    outer loop
      vertex -16.4836 -8.39882 5
      vertex -17.1213 -12.8787 5
      vertex -16.9483 -12.7188 5
    endloop
  endfacet
  facet normal 0 0 1
    outer loop
      vertex -16.4836 -8.39882 5
      vertex -17.2812 -13.0517 5
      vertex -17.1213 -12.8787 5
    endloop
  endfacet
  facet normal 0 0 1
    outer loop
      vertex -16.4836 -8.39882 5
      vertex -17.4271 -13.2366 5
      vertex -17.2812 -13.0517 5
    endloop
  endfacet
  facet normal 0 0 1
    outer loop
      vertex -17.0918 -7.07964 5
      vertex -17.5579 -13.4325 5
      vertex -17.4271 -13.2366 5
    endloop
  endfacet
  facet normal 0 0 1
    outer loop
      vertex -24.9981 -2.0906 5
      vertex -17.0918 -7.07964 5
      vertex -17.5945 -5.71681 5
    endloop
  endfacet
  facet normal 0 0 1
    outer loop
      vertex -17.0918 -7.07964 5
      vertex -25.1637 -2.12353 5
      vertex -17.5579 -13.4325 5
    endloop
  endfacet
  facet normal 0 0 1
    outer loop
      vertex -17.5579 -13.4325 5
      vertex -25.1637 -2.12353 5
      vertex -17.673 -13.638 5
    endloop
  endfacet
  facet normal -0 0 1
    outer loop
      vertex -25.3313 -2.14337 5
      vertex -17.673 -13.638 5
      vertex -25.1637 -2.12353 5
    endloop
  endfacet
  facet normal 0 0 1
    outer loop
      vertex -17.673 -13.638 5
      vertex -25.3313 -2.14337 5
      vertex -17.7716 -13.852 5
    endloop
  endfacet
  facet normal -0 0 1
    outer loop
      vertex -25.5 -2.15 5
      vertex -17.7716 -13.852 5
      vertex -25.3313 -2.14337 5
    endloop
  endfacet
  facet normal 0 0 1
    outer loop
      vertex -24.5239 -1.91566 5
      vertex -17.5945 -5.71681 5
      vertex -17.9888 -4.31874 5
    endloop
  endfacet
  facet normal 0 0 1
    outer loop
      vertex -17.0918 -7.07964 5
      vertex -24.9981 -2.0906 5
      vertex -25.1637 -2.12353 5
    endloop
  endfacet
  facet normal 0 0 1
    outer loop
      vertex -25.6687 -2.14337 5
      vertex -17.7716 -13.852 5
      vertex -25.5 -2.15 5
    endloop
  endfacet
  facet normal 0 0 1
    outer loop
      vertex -24.1037 -1.63487 5
      vertex -17.9888 -4.31874 5
      vertex -18.2722 -2.89404 5
    endloop
  endfacet
  facet normal -0 0 1
    outer loop
      vertex 12.0148 -14.0675 5
      vertex 12.1468 -14.0729 5
      vertex 12.2182 -13.8795 5
    endloop
  endfacet
  facet normal 0 0 1
    outer loop
      vertex 12.0148 -14.0675 5
      vertex 12.0829 -14.2997 5
      vertex 12.1468 -14.0729 5
    endloop
  endfacet
  facet normal 0 0 1
    outer loop
      vertex 12.0148 -14.0675 5
      vertex 12.0369 -14.5307 5
      vertex 12.0829 -14.2997 5
    endloop
  endfacet
  facet normal 0 0 1
    outer loop
      vertex 10.874 -14.9668 5
      vertex 12.0369 -14.5307 5
      vertex 12.0148 -14.0675 5
    endloop
  endfacet
  facet normal 0 0 1
    outer loop
      vertex 12.0369 -14.5307 5
      vertex 10.874 -14.9668 5
      vertex 12.0092 -14.7646 5
    endloop
  endfacet
  facet normal 0 0 1
    outer loop
      vertex 12.0092 -14.7646 5
      vertex 10.874 -14.9668 5
      vertex 12 -15 5
    endloop
  endfacet
  facet normal 0 0 1
    outer loop
      vertex 28 -25 5
      vertex 17.9908 -14.7646 5
      vertex 18 -15 5
    endloop
  endfacet
  facet normal -0 0 1
    outer loop
      vertex 17.8532 -14.0729 5
      vertex 28 -25 5
      vertex 17.9888 -4.31874 5
    endloop
  endfacet
  facet normal 0 0 1
    outer loop
      vertex 28 -25 5
      vertex 17.9631 -14.5307 5
      vertex 17.9908 -14.7646 5
    endloop
  endfacet
  facet normal 0 0 1
    outer loop
      vertex 28 -25 5
      vertex 17.9171 -14.2997 5
      vertex 17.9631 -14.5307 5
    endloop
  endfacet
  facet normal 0 0 1
    outer loop
      vertex 28 -25 5
      vertex 17.8532 -14.0729 5
      vertex 17.9171 -14.2997 5
    endloop
  endfacet
  facet normal -0 0 1
    outer loop
      vertex 17.5945 -5.71681 5
      vertex 17.8532 -14.0729 5
      vertex 17.9888 -4.31874 5
    endloop
  endfacet
  facet normal 0 0 1
    outer loop
      vertex 17.8532 -14.0729 5
      vertex 17.5945 -5.71681 5
      vertex 17.7716 -13.852 5
    endloop
  endfacet
  facet normal 0 0 1
    outer loop
      vertex 17.7716 -13.852 5
      vertex 17.5945 -5.71681 5
      vertex 17.673 -13.638 5
    endloop
  endfacet
  facet normal -0 0 1
    outer loop
      vertex 17.0918 -7.07964 5
      vertex 17.673 -13.638 5
      vertex 17.5945 -5.71681 5
    endloop
  endfacet
  facet normal 0 0 1
    outer loop
      vertex 17.673 -13.638 5
      vertex 17.0918 -7.07964 5
      vertex 17.5579 -13.4325 5
    endloop
  endfacet
  facet normal 0 0 1
    outer loop
      vertex 17.5579 -13.4325 5
      vertex 17.0918 -7.07964 5
      vertex 17.4271 -13.2366 5
    endloop
  endfacet
  facet normal -0 0 1
    outer loop
      vertex 16.4836 -8.39882 5
      vertex 17.4271 -13.2366 5
      vertex 17.0918 -7.07964 5
    endloop
  endfacet
  facet normal 0 0 1
    outer loop
      vertex 17.4271 -13.2366 5
      vertex 16.4836 -8.39882 5
      vertex 17.2812 -13.0517 5
    endloop
  endfacet
  facet normal 0 0 1
    outer loop
      vertex 17.2812 -13.0517 5
      vertex 16.4836 -8.39882 5
      vertex 17.1213 -12.8787 5
    endloop
  endfacet
  facet normal 0 0 1
    outer loop
      vertex 17.1213 -12.8787 5
      vertex 16.4836 -8.39882 5
      vertex 16.9483 -12.7188 5
    endloop
  endfacet
  facet normal 0 0 1
    outer loop
      vertex 16.9483 -12.7188 5
      vertex 16.4836 -8.39882 5
      vertex 16.7634 -12.5729 5
    endloop
  endfacet
  facet normal -0 0 1
    outer loop
      vertex 15.7738 -9.66622 5
      vertex 16.7634 -12.5729 5
      vertex 16.4836 -8.39882 5
    endloop
  endfacet
  facet normal 0 0 1
    outer loop
      vertex 16.7634 -12.5729 5
      vertex 15.7738 -9.66622 5
      vertex 16.5675 -12.4421 5
    endloop
  endfacet
  facet normal 0 0 1
    outer loop
      vertex 16.5675 -12.4421 5
      vertex 15.7738 -9.66622 5
      vertex 16.362 -12.327 5
    endloop
  endfacet
  facet normal 0 0 1
    outer loop
      vertex 16.362 -12.327 5
      vertex 15.7738 -9.66622 5
      vertex 16.148 -12.2284 5
    endloop
  endfacet
  facet normal 0 0 1
    outer loop
      vertex 16.148 -12.2284 5
      vertex 15.7738 -9.66622 5
      vertex 15.9271 -12.1468 5
    endloop
  endfacet
  facet normal -0 0 1
    outer loop
      vertex 14.9668 -10.874 5
      vertex 15.9271 -12.1468 5
      vertex 15.7738 -9.66622 5
    endloop
  endfacet
  facet normal 0 0 1
    outer loop
      vertex 15.9271 -12.1468 5
      vertex 14.9668 -10.874 5
      vertex 15.7003 -12.0829 5
    endloop
  endfacet
  facet normal 0 0 1
    outer loop
      vertex 15.7003 -12.0829 5
      vertex 14.9668 -10.874 5
      vertex 15.4693 -12.0369 5
    endloop
  endfacet
  facet normal 0 0 1
    outer loop
      vertex 15.4693 -12.0369 5
      vertex 14.9668 -10.874 5
      vertex 15.2354 -12.0092 5
    endloop
  endfacet
  facet normal 0 0 1
    outer loop
      vertex 15.2354 -12.0092 5
      vertex 14.9668 -10.874 5
      vertex 15 -12 5
    endloop
  endfacet
  facet normal 0 0 1
    outer loop
      vertex 14.9668 -10.874 5
      vertex 14.7646 -12.0092 5
      vertex 15 -12 5
    endloop
  endfacet
  facet normal 0 0 1
    outer loop
      vertex 14.9668 -10.874 5
      vertex 14.5307 -12.0369 5
      vertex 14.7646 -12.0092 5
    endloop
  endfacet
  facet normal -0 0 1
    outer loop
      vertex 14.0675 -12.0148 5
      vertex 14.5307 -12.0369 5
      vertex 14.9668 -10.874 5
    endloop
  endfacet
  facet normal 0 0 1
    outer loop
      vertex 14.5307 -12.0369 5
      vertex 14.0675 -12.0148 5
      vertex 14.2997 -12.0829 5
    endloop
  endfacet
  facet normal 0 0 1
    outer loop
      vertex 14.2997 -12.0829 5
      vertex 14.0675 -12.0148 5
      vertex 14.0729 -12.1468 5
    endloop
  endfacet
  facet normal 0 0 1
    outer loop
      vertex 14.0729 -12.1468 5
      vertex 14.0675 -12.0148 5
      vertex 13.8795 -12.2182 5
    endloop
  endfacet
  facet normal 0 0 1
    outer loop
      vertex 28 25 5
      vertex 18.5 0 5
      vertex 28 -25 5
    endloop
  endfacet
  facet normal 0 0 1
    outer loop
      vertex 28 25 5
      vertex 18.443 1.45149 5
      vertex 18.5 0 5
    endloop
  endfacet
  facet normal 0 0 1
    outer loop
      vertex 28 25 5
      vertex 18.2722 2.89404 5
      vertex 18.443 1.45149 5
    endloop
  endfacet
  facet normal 0 0 1
    outer loop
      vertex 17.9908 14.7646 5
      vertex 28 25 5
      vertex 18 15 5
    endloop
  endfacet
  facet normal 0 0 1
    outer loop
      vertex 28 25 5
      vertex 17.9908 15.2354 5
      vertex 18 15 5
    endloop
  endfacet
  facet normal 0 0 1
    outer loop
      vertex 28 25 5
      vertex 17.9631 15.4693 5
      vertex 17.9908 15.2354 5
    endloop
  endfacet
  facet normal 0 0 1
    outer loop
      vertex 28 25 5
      vertex 17.9171 15.7003 5
      vertex 17.9631 15.4693 5
    endloop
  endfacet
  facet normal 0 0 1
    outer loop
      vertex 28 25 5
      vertex 17.8532 15.9271 5
      vertex 17.9171 15.7003 5
    endloop
  endfacet
  facet normal 0 0 1
    outer loop
      vertex 28 25 5
      vertex 17.7716 16.148 5
      vertex 17.8532 15.9271 5
    endloop
  endfacet
  facet normal 0 0 1
    outer loop
      vertex 28 25 5
      vertex 17.673 16.362 5
      vertex 17.7716 16.148 5
    endloop
  endfacet
  facet normal 0 0 1
    outer loop
      vertex 28 25 5
      vertex 17.5579 16.5675 5
      vertex 17.673 16.362 5
    endloop
  endfacet
  facet normal 0 0 1
    outer loop
      vertex 28 25 5
      vertex 17.4271 16.7634 5
      vertex 17.5579 16.5675 5
    endloop
  endfacet
  facet normal 0 0 1
    outer loop
      vertex 28 25 5
      vertex 17.2812 16.9483 5
      vertex 17.4271 16.7634 5
    endloop
  endfacet
  facet normal 0 0 1
    outer loop
      vertex 28 25 5
      vertex 17.1213 17.1213 5
      vertex 17.2812 16.9483 5
    endloop
  endfacet
  facet normal 0 0 1
    outer loop
      vertex 28 25 5
      vertex 16.9483 17.2812 5
      vertex 17.1213 17.1213 5
    endloop
  endfacet
  facet normal 0 0 1
    outer loop
      vertex 28 25 5
      vertex 16.7634 17.4271 5
      vertex 16.9483 17.2812 5
    endloop
  endfacet
  facet normal 0 0 1
    outer loop
      vertex 28 25 5
      vertex 16.5675 17.5579 5
      vertex 16.7634 17.4271 5
    endloop
  endfacet
  facet normal 0 0 1
    outer loop
      vertex 28 25 5
      vertex 16.362 17.673 5
      vertex 16.5675 17.5579 5
    endloop
  endfacet
  facet normal 0 0 1
    outer loop
      vertex 28 25 5
      vertex 16.148 17.7716 5
      vertex 16.362 17.673 5
    endloop
  endfacet
  facet normal 0 0 1
    outer loop
      vertex 28 25 5
      vertex 15.9271 17.8532 5
      vertex 16.148 17.7716 5
    endloop
  endfacet
  facet normal 0 0 1
    outer loop
      vertex 28 25 5
      vertex 15.7003 17.9171 5
      vertex 15.9271 17.8532 5
    endloop
  endfacet
  facet normal 0 0 1
    outer loop
      vertex 28 25 5
      vertex 15.4693 17.9631 5
      vertex 15.7003 17.9171 5
    endloop
  endfacet
  facet normal 0 0 1
    outer loop
      vertex 28 25 5
      vertex 15.2354 17.9908 5
      vertex 15.4693 17.9631 5
    endloop
  endfacet
  facet normal 0 0 1
    outer loop
      vertex 28 25 5
      vertex 15 18 5
      vertex 15.2354 17.9908 5
    endloop
  endfacet
  facet normal -0 0 1
    outer loop
      vertex 1 25 5
      vertex 15 18 5
      vertex 28 25 5
    endloop
  endfacet
  facet normal 0 0 1
    outer loop
      vertex 15 18 5
      vertex 1 25 5
      vertex 14.7646 17.9908 5
    endloop
  endfacet
  facet normal 0 0 1
    outer loop
      vertex 14.7646 17.9908 5
      vertex 1 25 5
      vertex 14.5307 17.9631 5
    endloop
  endfacet
  facet normal 0 0 1
    outer loop
      vertex 14.5307 17.9631 5
      vertex 1 25 5
      vertex 14.2997 17.9171 5
    endloop
  endfacet
  facet normal 0 0 1
    outer loop
      vertex 14.2997 17.9171 5
      vertex 1 25 5
      vertex 14.0729 17.8532 5
    endloop
  endfacet
  facet normal -0 -0 1
    outer loop
      vertex 2.5 22 5
      vertex 14.0729 17.8532 5
      vertex 1 25 5
    endloop
  endfacet
  facet normal 0 0 1
    outer loop
      vertex 12.0092 15.2354 5
      vertex 10.874 14.9668 5
      vertex 12 15 5
    endloop
  endfacet
  facet normal 0 0 1
    outer loop
      vertex 12.0369 15.4693 5
      vertex 10.874 14.9668 5
      vertex 12.0092 15.2354 5
    endloop
  endfacet
  facet normal 0 0 1
    outer loop
      vertex 12.0829 15.7003 5
      vertex 10.874 14.9668 5
      vertex 12.0369 15.4693 5
    endloop
  endfacet
  facet normal 0 0 1
    outer loop
      vertex 12.1468 15.9271 5
      vertex 10.874 14.9668 5
      vertex 12.0829 15.7003 5
    endloop
  endfacet
  facet normal 0 0 1
    outer loop
      vertex 9.66622 15.7738 5
      vertex 12.1468 15.9271 5
      vertex 12.2284 16.148 5
    endloop
  endfacet
  facet normal 0 0 1
    outer loop
      vertex 9.66622 15.7738 5
      vertex 12.2284 16.148 5
      vertex 12.327 16.362 5
    endloop
  endfacet
  facet normal 0 0 1
    outer loop
      vertex 9.66622 15.7738 5
      vertex 12.327 16.362 5
      vertex 12.4421 16.5675 5
    endloop
  endfacet
  facet normal 0 0 1
    outer loop
      vertex 9.66622 15.7738 5
      vertex 12.4421 16.5675 5
      vertex 12.5729 16.7634 5
    endloop
  endfacet
  facet normal 0 0 1
    outer loop
      vertex 8.39882 16.4836 5
      vertex 12.5729 16.7634 5
      vertex 12.7188 16.9483 5
    endloop
  endfacet
  facet normal 0 0 1
    outer loop
      vertex 8.39882 16.4836 5
      vertex 12.7188 16.9483 5
      vertex 12.8787 17.1213 5
    endloop
  endfacet
  facet normal 0 0 1
    outer loop
      vertex 12.1468 15.9271 5
      vertex 9.66622 15.7738 5
      vertex 10.874 14.9668 5
    endloop
  endfacet
  facet normal 0 0 1
    outer loop
      vertex 8.39882 16.4836 5
      vertex 12.8787 17.1213 5
      vertex 13.0517 17.2812 5
    endloop
  endfacet
  facet normal 0 0 1
    outer loop
      vertex 8.39882 16.4836 5
      vertex 13.0517 17.2812 5
      vertex 13.2366 17.4271 5
    endloop
  endfacet
  facet normal 0 0 1
    outer loop
      vertex 7.07964 17.0918 5
      vertex 13.2366 17.4271 5
      vertex 13.4325 17.5579 5
    endloop
  endfacet
  facet normal 0 0 1
    outer loop
      vertex 2.5 22 5
      vertex 13.4325 17.5579 5
      vertex 13.638 17.673 5
    endloop
  endfacet
  facet normal 0 0 1
    outer loop
      vertex 14.0729 17.8532 5
      vertex 2.5 22 5
      vertex 13.852 17.7716 5
    endloop
  endfacet
  facet normal 0 0 1
    outer loop
      vertex 12.5729 16.7634 5
      vertex 8.39882 16.4836 5
      vertex 9.66622 15.7738 5
    endloop
  endfacet
  facet normal 0 0 1
    outer loop
      vertex 13.4325 17.5579 5
      vertex 2.5 22 5
      vertex 7.07964 17.0918 5
    endloop
  endfacet
  facet normal 0 0 1
    outer loop
      vertex 13.2366 17.4271 5
      vertex 7.07964 17.0918 5
      vertex 8.39882 16.4836 5
    endloop
  endfacet
  facet normal 0 0 1
    outer loop
      vertex 7.07964 17.0918 5
      vertex 2.5 22 5
      vertex 5.71681 17.5945 5
    endloop
  endfacet
  facet normal 0 0 1
    outer loop
      vertex 5.71681 17.5945 5
      vertex 2.5 22 5
      vertex 4.31874 17.9888 5
    endloop
  endfacet
  facet normal 0 0 1
    outer loop
      vertex 4.31874 17.9888 5
      vertex 2.5 22 5
      vertex 2.89404 18.2722 5
    endloop
  endfacet
  facet normal 0 0 1
    outer loop
      vertex 13.852 17.7716 5
      vertex 2.5 22 5
      vertex 13.638 17.673 5
    endloop
  endfacet
  facet normal 0 0 1
    outer loop
      vertex 2.5 22 5
      vertex 1 25 5
      vertex 1 22 5
    endloop
  endfacet
  facet normal -0 0 1
    outer loop
      vertex 18.443 -1.45149 5
      vertex 28 -25 5
      vertex 18.5 0 5
    endloop
  endfacet
  facet normal -0 0 1
    outer loop
      vertex 18.2722 -2.89404 5
      vertex 28 -25 5
      vertex 18.443 -1.45149 5
    endloop
  endfacet
  facet normal -0 0 1
    outer loop
      vertex 17.9888 -4.31874 5
      vertex 28 -25 5
      vertex 18.2722 -2.89404 5
    endloop
  endfacet
  facet normal -0 0 1
    outer loop
      vertex 17.9908 -15.2354 5
      vertex 28 -25 5
      vertex 18 -15 5
    endloop
  endfacet
  facet normal -0 0 1
    outer loop
      vertex 17.9631 -15.4693 5
      vertex 28 -25 5
      vertex 17.9908 -15.2354 5
    endloop
  endfacet
  facet normal -0 0 1
    outer loop
      vertex 17.9171 -15.7003 5
      vertex 28 -25 5
      vertex 17.9631 -15.4693 5
    endloop
  endfacet
  facet normal -0 0 1
    outer loop
      vertex 17.8532 -15.9271 5
      vertex 28 -25 5
      vertex 17.9171 -15.7003 5
    endloop
  endfacet
  facet normal -0 0 1
    outer loop
      vertex 17.7716 -16.148 5
      vertex 28 -25 5
      vertex 17.8532 -15.9271 5
    endloop
  endfacet
  facet normal -0 0 1
    outer loop
      vertex 17.673 -16.362 5
      vertex 28 -25 5
      vertex 17.7716 -16.148 5
    endloop
  endfacet
  facet normal -0 0 1
    outer loop
      vertex 17.5579 -16.5675 5
      vertex 28 -25 5
      vertex 17.673 -16.362 5
    endloop
  endfacet
  facet normal -0 0 1
    outer loop
      vertex 17.4271 -16.7634 5
      vertex 28 -25 5
      vertex 17.5579 -16.5675 5
    endloop
  endfacet
  facet normal -0 0 1
    outer loop
      vertex 17.2812 -16.9483 5
      vertex 28 -25 5
      vertex 17.4271 -16.7634 5
    endloop
  endfacet
  facet normal -0 0 1
    outer loop
      vertex 17.1213 -17.1213 5
      vertex 28 -25 5
      vertex 17.2812 -16.9483 5
    endloop
  endfacet
  facet normal -0 0 1
    outer loop
      vertex 16.9483 -17.2812 5
      vertex 28 -25 5
      vertex 17.1213 -17.1213 5
    endloop
  endfacet
  facet normal -0 0 1
    outer loop
      vertex 16.7634 -17.4271 5
      vertex 28 -25 5
      vertex 16.9483 -17.2812 5
    endloop
  endfacet
  facet normal -0 0 1
    outer loop
      vertex 16.5675 -17.5579 5
      vertex 28 -25 5
      vertex 16.7634 -17.4271 5
    endloop
  endfacet
  facet normal -0 0 1
    outer loop
      vertex 16.362 -17.673 5
      vertex 28 -25 5
      vertex 16.5675 -17.5579 5
    endloop
  endfacet
  facet normal -0 0 1
    outer loop
      vertex 16.148 -17.7716 5
      vertex 28 -25 5
      vertex 16.362 -17.673 5
    endloop
  endfacet
  facet normal -0 0 1
    outer loop
      vertex 15.9271 -17.8532 5
      vertex 28 -25 5
      vertex 16.148 -17.7716 5
    endloop
  endfacet
  facet normal -0 0 1
    outer loop
      vertex 15.7003 -17.9171 5
      vertex 28 -25 5
      vertex 15.9271 -17.8532 5
    endloop
  endfacet
  facet normal -0 0 1
    outer loop
      vertex 15.4693 -17.9631 5
      vertex 28 -25 5
      vertex 15.7003 -17.9171 5
    endloop
  endfacet
  facet normal -0 0 1
    outer loop
      vertex 15.2354 -17.9908 5
      vertex 28 -25 5
      vertex 15.4693 -17.9631 5
    endloop
  endfacet
  facet normal -0 0 1
    outer loop
      vertex 15 -18 5
      vertex 28 -25 5
      vertex 15.2354 -17.9908 5
    endloop
  endfacet
  facet normal 0 0 1
    outer loop
      vertex 14.7646 -17.9908 5
      vertex 28 -25 5
      vertex 15 -18 5
    endloop
  endfacet
  facet normal 0 0 1
    outer loop
      vertex 14.5307 -17.9631 5
      vertex 28 -25 5
      vertex 14.7646 -17.9908 5
    endloop
  endfacet
  facet normal 0 0 1
    outer loop
      vertex 14.2997 -17.9171 5
      vertex 28 -25 5
      vertex 14.5307 -17.9631 5
    endloop
  endfacet
  facet normal 0 0 1
    outer loop
      vertex 4.31874 -17.9888 5
      vertex 14.2997 -17.9171 5
      vertex 14.0729 -17.8532 5
    endloop
  endfacet
  facet normal 0 0 1
    outer loop
      vertex 5.71681 -17.5945 5
      vertex 14.0729 -17.8532 5
      vertex 13.852 -17.7716 5
    endloop
  endfacet
  facet normal 0 0 1
    outer loop
      vertex 5.71681 -17.5945 5
      vertex 13.852 -17.7716 5
      vertex 13.638 -17.673 5
    endloop
  endfacet
  facet normal 0 0 1
    outer loop
      vertex 10.874 -14.9668 5
      vertex 12.0092 -15.2354 5
      vertex 12 -15 5
    endloop
  endfacet
  facet normal 0 0 1
    outer loop
      vertex 10.874 -14.9668 5
      vertex 12.0369 -15.4693 5
      vertex 12.0092 -15.2354 5
    endloop
  endfacet
  facet normal 0 0 1
    outer loop
      vertex 10.874 -14.9668 5
      vertex 12.0829 -15.7003 5
      vertex 12.0369 -15.4693 5
    endloop
  endfacet
  facet normal 0 0 1
    outer loop
      vertex 10.874 -14.9668 5
      vertex 12.1468 -15.9271 5
      vertex 12.0829 -15.7003 5
    endloop
  endfacet
  facet normal -0 0 1
    outer loop
      vertex 9.66622 -15.7738 5
      vertex 12.1468 -15.9271 5
      vertex 10.874 -14.9668 5
    endloop
  endfacet
  facet normal 0 0 1
    outer loop
      vertex 12.1468 -15.9271 5
      vertex 9.66622 -15.7738 5
      vertex 12.2284 -16.148 5
    endloop
  endfacet
  facet normal 0 0 1
    outer loop
      vertex 12.2284 -16.148 5
      vertex 9.66622 -15.7738 5
      vertex 12.327 -16.362 5
    endloop
  endfacet
  facet normal 0 0 1
    outer loop
      vertex 12.327 -16.362 5
      vertex 9.66622 -15.7738 5
      vertex 12.4421 -16.5675 5
    endloop
  endfacet
  facet normal 0 0 1
    outer loop
      vertex 12.4421 -16.5675 5
      vertex 9.66622 -15.7738 5
      vertex 12.5729 -16.7634 5
    endloop
  endfacet
  facet normal -0 0 1
    outer loop
      vertex 8.39882 -16.4836 5
      vertex 12.5729 -16.7634 5
      vertex 9.66622 -15.7738 5
    endloop
  endfacet
  facet normal 0 0 1
    outer loop
      vertex 12.5729 -16.7634 5
      vertex 8.39882 -16.4836 5
      vertex 12.7188 -16.9483 5
    endloop
  endfacet
  facet normal 0 0 1
    outer loop
      vertex 12.7188 -16.9483 5
      vertex 8.39882 -16.4836 5
      vertex 12.8787 -17.1213 5
    endloop
  endfacet
  facet normal 0 0 1
    outer loop
      vertex 12.8787 -17.1213 5
      vertex 8.39882 -16.4836 5
      vertex 13.0517 -17.2812 5
    endloop
  endfacet
  facet normal 0 0 1
    outer loop
      vertex 13.0517 -17.2812 5
      vertex 8.39882 -16.4836 5
      vertex 13.2366 -17.4271 5
    endloop
  endfacet
  facet normal -0 0 1
    outer loop
      vertex 7.07964 -17.0918 5
      vertex 13.2366 -17.4271 5
      vertex 8.39882 -16.4836 5
    endloop
  endfacet
  facet normal 0 0 1
    outer loop
      vertex 13.2366 -17.4271 5
      vertex 7.07964 -17.0918 5
      vertex 13.4325 -17.5579 5
    endloop
  endfacet
  facet normal 0 0 1
    outer loop
      vertex 13.4325 -17.5579 5
      vertex 7.07964 -17.0918 5
      vertex 13.638 -17.673 5
    endloop
  endfacet
  facet normal -0 0 1
    outer loop
      vertex 5.71681 -17.5945 5
      vertex 13.638 -17.673 5
      vertex 7.07964 -17.0918 5
    endloop
  endfacet
  facet normal 0 0 1
    outer loop
      vertex 14.0729 -17.8532 5
      vertex 5.71681 -17.5945 5
      vertex 4.31874 -17.9888 5
    endloop
  endfacet
  facet normal 0 0 1
    outer loop
      vertex 14.2997 -17.9171 5
      vertex 4.31874 -17.9888 5
      vertex 28 -25 5
    endloop
  endfacet
  facet normal -0 0 1
    outer loop
      vertex 2.89404 -18.2722 5
      vertex 28 -25 5
      vertex 4.31874 -17.9888 5
    endloop
  endfacet
  facet normal -0 0 1
    outer loop
      vertex 1.45149 -18.443 5
      vertex 28 -25 5
      vertex 2.89404 -18.2722 5
    endloop
  endfacet
  facet normal -0 0 1
    outer loop
      vertex 0 -18.5 5
      vertex 28 -25 5
      vertex 1.45149 -18.443 5
    endloop
  endfacet
  facet normal 0 0 1
    outer loop
      vertex -28 -25 5
      vertex 0 -18.5 5
      vertex -1.45149 -18.443 5
    endloop
  endfacet
  facet normal 0 0 1
    outer loop
      vertex -28 -25 5
      vertex -1.45149 -18.443 5
      vertex -2.89404 -18.2722 5
    endloop
  endfacet
  facet normal 0 0 1
    outer loop
      vertex -28 -25 5
      vertex -2.89404 -18.2722 5
      vertex -4.31874 -17.9888 5
    endloop
  endfacet
  facet normal 0 0 1
    outer loop
      vertex -12.0092 -15.2354 5
      vertex -10.874 -14.9668 5
      vertex -12 -15 5
    endloop
  endfacet
  facet normal 0 0 1
    outer loop
      vertex -12.0369 -15.4693 5
      vertex -10.874 -14.9668 5
      vertex -12.0092 -15.2354 5
    endloop
  endfacet
  facet normal 0 0 1
    outer loop
      vertex -12.0829 -15.7003 5
      vertex -10.874 -14.9668 5
      vertex -12.0369 -15.4693 5
    endloop
  endfacet
  facet normal 0 0 1
    outer loop
      vertex -12.1468 -15.9271 5
      vertex -10.874 -14.9668 5
      vertex -12.0829 -15.7003 5
    endloop
  endfacet
  facet normal 0 0 1
    outer loop
      vertex -10.874 -14.9668 5
      vertex -12.1468 -15.9271 5
      vertex -9.66622 -15.7738 5
    endloop
  endfacet
  facet normal 0 0 1
    outer loop
      vertex -12.2284 -16.148 5
      vertex -9.66622 -15.7738 5
      vertex -12.1468 -15.9271 5
    endloop
  endfacet
  facet normal 0 0 1
    outer loop
      vertex -12.327 -16.362 5
      vertex -9.66622 -15.7738 5
      vertex -12.2284 -16.148 5
    endloop
  endfacet
  facet normal 0 0 1
    outer loop
      vertex -12.4421 -16.5675 5
      vertex -9.66622 -15.7738 5
      vertex -12.327 -16.362 5
    endloop
  endfacet
  facet normal 0 0 1
    outer loop
      vertex -12.5729 -16.7634 5
      vertex -9.66622 -15.7738 5
      vertex -12.4421 -16.5675 5
    endloop
  endfacet
  facet normal 0 0 1
    outer loop
      vertex -9.66622 -15.7738 5
      vertex -12.5729 -16.7634 5
      vertex -8.39882 -16.4836 5
    endloop
  endfacet
  facet normal 0 0 1
    outer loop
      vertex -12.7188 -16.9483 5
      vertex -8.39882 -16.4836 5
      vertex -12.5729 -16.7634 5
    endloop
  endfacet
  facet normal 0 0 1
    outer loop
      vertex -12.8787 -17.1213 5
      vertex -8.39882 -16.4836 5
      vertex -12.7188 -16.9483 5
    endloop
  endfacet
  facet normal 0 0 1
    outer loop
      vertex -13.0517 -17.2812 5
      vertex -8.39882 -16.4836 5
      vertex -12.8787 -17.1213 5
    endloop
  endfacet
  facet normal 0 0 1
    outer loop
      vertex -13.2366 -17.4271 5
      vertex -8.39882 -16.4836 5
      vertex -13.0517 -17.2812 5
    endloop
  endfacet
  facet normal 0 0 1
    outer loop
      vertex -8.39882 -16.4836 5
      vertex -13.2366 -17.4271 5
      vertex -7.07964 -17.0918 5
    endloop
  endfacet
  facet normal 0 0 1
    outer loop
      vertex -13.4325 -17.5579 5
      vertex -7.07964 -17.0918 5
      vertex -13.2366 -17.4271 5
    endloop
  endfacet
  facet normal 0 0 1
    outer loop
      vertex -13.638 -17.673 5
      vertex -7.07964 -17.0918 5
      vertex -13.4325 -17.5579 5
    endloop
  endfacet
  facet normal 0 0 1
    outer loop
      vertex -7.07964 -17.0918 5
      vertex -13.638 -17.673 5
      vertex -5.71681 -17.5945 5
    endloop
  endfacet
  facet normal 0 0 1
    outer loop
      vertex -13.852 -17.7716 5
      vertex -5.71681 -17.5945 5
      vertex -13.638 -17.673 5
    endloop
  endfacet
  facet normal 0 0 1
    outer loop
      vertex -14.0729 -17.8532 5
      vertex -5.71681 -17.5945 5
      vertex -13.852 -17.7716 5
    endloop
  endfacet
  facet normal 0 0 1
    outer loop
      vertex -5.71681 -17.5945 5
      vertex -14.0729 -17.8532 5
      vertex -4.31874 -17.9888 5
    endloop
  endfacet
  facet normal -0 0 1
    outer loop
      vertex -14.2997 -17.9171 5
      vertex -4.31874 -17.9888 5
      vertex -14.0729 -17.8532 5
    endloop
  endfacet
  facet normal 0 0 1
    outer loop
      vertex -4.31874 -17.9888 5
      vertex -14.2997 -17.9171 5
      vertex -28 -25 5
    endloop
  endfacet
  facet normal 0 0 1
    outer loop
      vertex -28 -25 5
      vertex -14.2997 -17.9171 5
      vertex -14.5307 -17.9631 5
    endloop
  endfacet
  facet normal 0 0 1
    outer loop
      vertex -28 -25 5
      vertex -14.5307 -17.9631 5
      vertex -14.7646 -17.9908 5
    endloop
  endfacet
  facet normal 0 0 1
    outer loop
      vertex -28 -25 5
      vertex -14.7646 -17.9908 5
      vertex -15 -18 5
    endloop
  endfacet
  facet normal 0 0 1
    outer loop
      vertex -28 -25 5
      vertex -15 -18 5
      vertex -15.2354 -17.9908 5
    endloop
  endfacet
  facet normal 0 0 1
    outer loop
      vertex -28 -25 5
      vertex -15.2354 -17.9908 5
      vertex -15.4693 -17.9631 5
    endloop
  endfacet
  facet normal 0 0 1
    outer loop
      vertex -23.6668 -1.12337 5
      vertex -18.2722 -2.89404 5
      vertex -18.443 -1.45149 5
    endloop
  endfacet
  facet normal -0 0 1
    outer loop
      vertex -23.3765 -0.336333 5
      vertex -18.443 -1.45149 5
      vertex -18.5 0 5
    endloop
  endfacet
  facet normal 0 0 1
    outer loop
      vertex -23.3566 -0.168687 5
      vertex -18.5 0 5
      vertex -23.35 0 5
    endloop
  endfacet
  facet normal 0 0 1
    outer loop
      vertex -23.3765 -0.336333 5
      vertex -18.5 0 5
      vertex -23.3566 -0.168687 5
    endloop
  endfacet
  facet normal 0 0 1
    outer loop
      vertex -18.443 -1.45149 5
      vertex -23.3765 -0.336333 5
      vertex -23.4094 -0.501907 5
    endloop
  endfacet
  facet normal 0 0 1
    outer loop
      vertex -18.443 -1.45149 5
      vertex -23.4094 -0.501907 5
      vertex -23.4552 -0.664386 5
    endloop
  endfacet
  facet normal 0 0 1
    outer loop
      vertex -18.443 -1.45149 5
      vertex -23.4552 -0.664386 5
      vertex -23.5137 -0.822769 5
    endloop
  endfacet
  facet normal 0 0 1
    outer loop
      vertex -18.443 -1.45149 5
      vertex -23.5137 -0.822769 5
      vertex -23.5843 -0.976079 5
    endloop
  endfacet
  facet normal 0 0 1
    outer loop
      vertex -18.443 -1.45149 5
      vertex -23.5843 -0.976079 5
      vertex -23.6668 -1.12337 5
    endloop
  endfacet
  facet normal 0 0 1
    outer loop
      vertex -18.2722 -2.89404 5
      vertex -23.6668 -1.12337 5
      vertex -23.7606 -1.26374 5
    endloop
  endfacet
  facet normal 0 0 1
    outer loop
      vertex -18.2722 -2.89404 5
      vertex -23.7606 -1.26374 5
      vertex -23.8651 -1.39631 5
    endloop
  endfacet
  facet normal 0 0 1
    outer loop
      vertex -18.2722 -2.89404 5
      vertex -23.8651 -1.39631 5
      vertex -23.9797 -1.52028 5
    endloop
  endfacet
  facet normal 0 0 1
    outer loop
      vertex -18.2722 -2.89404 5
      vertex -23.9797 -1.52028 5
      vertex -24.1037 -1.63487 5
    endloop
  endfacet
  facet normal 0 0 1
    outer loop
      vertex -17.9888 -4.31874 5
      vertex -24.1037 -1.63487 5
      vertex -24.2363 -1.73939 5
    endloop
  endfacet
  facet normal 0 0 1
    outer loop
      vertex -17.9888 -4.31874 5
      vertex -24.2363 -1.73939 5
      vertex -24.3766 -1.83318 5
    endloop
  endfacet
  facet normal 0 0 1
    outer loop
      vertex -17.9888 -4.31874 5
      vertex -24.3766 -1.83318 5
      vertex -24.5239 -1.91566 5
    endloop
  endfacet
  facet normal 0 0 1
    outer loop
      vertex -17.5945 -5.71681 5
      vertex -24.5239 -1.91566 5
      vertex -24.6772 -1.98634 5
    endloop
  endfacet
  facet normal 0 0 1
    outer loop
      vertex -17.5945 -5.71681 5
      vertex -24.6772 -1.98634 5
      vertex -24.8356 -2.04477 5
    endloop
  endfacet
  facet normal 0 0 1
    outer loop
      vertex -17.5945 -5.71681 5
      vertex -24.8356 -2.04477 5
      vertex -24.9981 -2.0906 5
    endloop
  endfacet
  facet normal 0 0 1
    outer loop
      vertex -17.7716 -13.852 5
      vertex -25.6687 -2.14337 5
      vertex -17.8532 -14.0729 5
    endloop
  endfacet
  facet normal 0 0 1
    outer loop
      vertex -25.8363 -2.12353 5
      vertex -17.8532 -14.0729 5
      vertex -25.6687 -2.14337 5
    endloop
  endfacet
  facet normal 0 0 1
    outer loop
      vertex -17.8532 -14.0729 5
      vertex -25.8363 -2.12353 5
      vertex -17.9171 -14.2997 5
    endloop
  endfacet
  facet normal 0 0 1
    outer loop
      vertex -26.0019 -2.0906 5
      vertex -17.9171 -14.2997 5
      vertex -25.8363 -2.12353 5
    endloop
  endfacet
  facet normal 0 0 1
    outer loop
      vertex -17.9171 -14.2997 5
      vertex -26.0019 -2.0906 5
      vertex -17.9631 -14.5307 5
    endloop
  endfacet
  facet normal 0 0 1
    outer loop
      vertex -26.1644 -2.04477 5
      vertex -17.9631 -14.5307 5
      vertex -26.0019 -2.0906 5
    endloop
  endfacet
  facet normal 0 0 1
    outer loop
      vertex -17.9631 -14.5307 5
      vertex -26.1644 -2.04477 5
      vertex -17.9908 -14.7646 5
    endloop
  endfacet
  facet normal 0 0 1
    outer loop
      vertex -28 -25 5
      vertex -17.9908 -14.7646 5
      vertex -26.1644 -2.04477 5
    endloop
  endfacet
  facet normal 0 0 1
    outer loop
      vertex -17.9908 -14.7646 5
      vertex -28 -25 5
      vertex -18 -15 5
    endloop
  endfacet
  facet normal 0 0 1
    outer loop
      vertex -18 -15 5
      vertex -28 -25 5
      vertex -17.9908 -15.2354 5
    endloop
  endfacet
  facet normal 0 0 1
    outer loop
      vertex -17.9908 -15.2354 5
      vertex -28 -25 5
      vertex -17.9631 -15.4693 5
    endloop
  endfacet
  facet normal 0 0 1
    outer loop
      vertex -17.9171 -15.7003 5
      vertex -28 -25 5
      vertex -17.8532 -15.9271 5
    endloop
  endfacet
  facet normal 0 0 1
    outer loop
      vertex -17.8532 -15.9271 5
      vertex -28 -25 5
      vertex -17.7716 -16.148 5
    endloop
  endfacet
  facet normal 0 0 1
    outer loop
      vertex -17.7716 -16.148 5
      vertex -28 -25 5
      vertex -17.673 -16.362 5
    endloop
  endfacet
  facet normal 0 0 1
    outer loop
      vertex -17.9631 -15.4693 5
      vertex -28 -25 5
      vertex -17.9171 -15.7003 5
    endloop
  endfacet
  facet normal 0 0 1
    outer loop
      vertex -28 -25 5
      vertex -26.1644 -2.04477 5
      vertex -26.3228 -1.98634 5
    endloop
  endfacet
  facet normal 0 0 1
    outer loop
      vertex -28 -25 5
      vertex -26.3228 -1.98634 5
      vertex -26.4761 -1.91566 5
    endloop
  endfacet
  facet normal 0 0 1
    outer loop
      vertex -28 -25 5
      vertex -26.4761 -1.91566 5
      vertex -26.6234 -1.83318 5
    endloop
  endfacet
  facet normal 0 0 1
    outer loop
      vertex -28 -25 5
      vertex -26.6234 -1.83318 5
      vertex -26.7637 -1.73939 5
    endloop
  endfacet
  facet normal 0 0 1
    outer loop
      vertex -28 -25 5
      vertex -26.7637 -1.73939 5
      vertex -26.8963 -1.63487 5
    endloop
  endfacet
  facet normal 0 0 1
    outer loop
      vertex -28 -25 5
      vertex -26.8963 -1.63487 5
      vertex -27.0203 -1.52028 5
    endloop
  endfacet
  facet normal 0 0 1
    outer loop
      vertex -28 -25 5
      vertex -27.0203 -1.52028 5
      vertex -27.1349 -1.39631 5
    endloop
  endfacet
  facet normal 0 0 1
    outer loop
      vertex -28 -25 5
      vertex -27.1349 -1.39631 5
      vertex -27.2394 -1.26374 5
    endloop
  endfacet
  facet normal 0 0 1
    outer loop
      vertex -28 -25 5
      vertex -27.2394 -1.26374 5
      vertex -27.3332 -1.12337 5
    endloop
  endfacet
  facet normal 0 0 1
    outer loop
      vertex 0 -18.5 5
      vertex -28 -25 5
      vertex 28 -25 5
    endloop
  endfacet
  facet normal 0 0 1
    outer loop
      vertex -15.7003 -17.9171 5
      vertex -28 -25 5
      vertex -15.4693 -17.9631 5
    endloop
  endfacet
  facet normal 0 0 1
    outer loop
      vertex -15.9271 -17.8532 5
      vertex -28 -25 5
      vertex -15.7003 -17.9171 5
    endloop
  endfacet
  facet normal 0 0 1
    outer loop
      vertex -16.148 -17.7716 5
      vertex -28 -25 5
      vertex -15.9271 -17.8532 5
    endloop
  endfacet
  facet normal 0 0 1
    outer loop
      vertex -16.362 -17.673 5
      vertex -28 -25 5
      vertex -16.148 -17.7716 5
    endloop
  endfacet
  facet normal 0 0 1
    outer loop
      vertex -16.5675 -17.5579 5
      vertex -28 -25 5
      vertex -16.362 -17.673 5
    endloop
  endfacet
  facet normal 0 0 1
    outer loop
      vertex -16.7634 -17.4271 5
      vertex -28 -25 5
      vertex -16.5675 -17.5579 5
    endloop
  endfacet
  facet normal 0 0 1
    outer loop
      vertex -16.9483 -17.2812 5
      vertex -28 -25 5
      vertex -16.7634 -17.4271 5
    endloop
  endfacet
  facet normal 0 0 1
    outer loop
      vertex -17.1213 -17.1213 5
      vertex -28 -25 5
      vertex -16.9483 -17.2812 5
    endloop
  endfacet
  facet normal 0 0 1
    outer loop
      vertex -17.2812 -16.9483 5
      vertex -28 -25 5
      vertex -17.1213 -17.1213 5
    endloop
  endfacet
  facet normal 0 0 1
    outer loop
      vertex -17.4271 -16.7634 5
      vertex -28 -25 5
      vertex -17.2812 -16.9483 5
    endloop
  endfacet
  facet normal 0 0 1
    outer loop
      vertex -17.5579 -16.5675 5
      vertex -28 -25 5
      vertex -17.4271 -16.7634 5
    endloop
  endfacet
  facet normal 0 0 1
    outer loop
      vertex -17.673 -16.362 5
      vertex -28 -25 5
      vertex -17.5579 -16.5675 5
    endloop
  endfacet
  facet normal 0 0 1
    outer loop
      vertex -27.4157 -0.976079 5
      vertex -28 -25 5
      vertex -27.3332 -1.12337 5
    endloop
  endfacet
  facet normal 0 0 1
    outer loop
      vertex -27.4863 -0.822769 5
      vertex -28 -25 5
      vertex -27.4157 -0.976079 5
    endloop
  endfacet
  facet normal 0 0 1
    outer loop
      vertex -27.5448 -0.664386 5
      vertex -28 -25 5
      vertex -27.4863 -0.822769 5
    endloop
  endfacet
  facet normal 0 0 1
    outer loop
      vertex -27.5906 -0.501907 5
      vertex -28 -25 5
      vertex -27.5448 -0.664386 5
    endloop
  endfacet
  facet normal 0 0 1
    outer loop
      vertex -27.6235 -0.336333 5
      vertex -28 -25 5
      vertex -27.5906 -0.501907 5
    endloop
  endfacet
  facet normal 0 0 1
    outer loop
      vertex -27.6434 -0.168687 5
      vertex -28 -25 5
      vertex -27.6235 -0.336333 5
    endloop
  endfacet
  facet normal 0 0 1
    outer loop
      vertex -27.65 0 5
      vertex -28 -25 5
      vertex -27.6434 -0.168687 5
    endloop
  endfacet
  facet normal 0 0 1
    outer loop
      vertex -28 -25 5
      vertex -27.65 0 5
      vertex -28 25 5
    endloop
  endfacet
  facet normal 0 0 1
    outer loop
      vertex 17.9631 14.5307 5
      vertex 28 25 5
      vertex 17.9908 14.7646 5
    endloop
  endfacet
  facet normal 0 0 1
    outer loop
      vertex 17.9171 14.2997 5
      vertex 28 25 5
      vertex 17.9631 14.5307 5
    endloop
  endfacet
  facet normal 0 0 1
    outer loop
      vertex 28 25 5
      vertex 17.9888 4.31874 5
      vertex 18.2722 2.89404 5
    endloop
  endfacet
  facet normal 0 0 1
    outer loop
      vertex 17.8532 14.0729 5
      vertex 28 25 5
      vertex 17.9171 14.2997 5
    endloop
  endfacet
  facet normal 0 0 1
    outer loop
      vertex 28 25 5
      vertex 17.8532 14.0729 5
      vertex 17.9888 4.31874 5
    endloop
  endfacet
  facet normal 0 0 1
    outer loop
      vertex 17.5945 5.71681 5
      vertex 17.8532 14.0729 5
      vertex 17.7716 13.852 5
    endloop
  endfacet
  facet normal 0 0 1
    outer loop
      vertex 17.5945 5.71681 5
      vertex 17.7716 13.852 5
      vertex 17.673 13.638 5
    endloop
  endfacet
  facet normal 0 0 1
    outer loop
      vertex 17.8532 14.0729 5
      vertex 17.5945 5.71681 5
      vertex 17.9888 4.31874 5
    endloop
  endfacet
  facet normal 0 0 1
    outer loop
      vertex 17.0918 7.07964 5
      vertex 17.673 13.638 5
      vertex 17.5579 13.4325 5
    endloop
  endfacet
  facet normal 0 0 1
    outer loop
      vertex 17.0918 7.07964 5
      vertex 17.5579 13.4325 5
      vertex 17.4271 13.2366 5
    endloop
  endfacet
  facet normal 0 0 1
    outer loop
      vertex 16.4836 8.39882 5
      vertex 17.4271 13.2366 5
      vertex 17.2812 13.0517 5
    endloop
  endfacet
  facet normal 0 0 1
    outer loop
      vertex 16.4836 8.39882 5
      vertex 17.2812 13.0517 5
      vertex 17.1213 12.8787 5
    endloop
  endfacet
  facet normal 0 0 1
    outer loop
      vertex 17.673 13.638 5
      vertex 17.0918 7.07964 5
      vertex 17.5945 5.71681 5
    endloop
  endfacet
  facet normal 0 0 1
    outer loop
      vertex 16.4836 8.39882 5
      vertex 17.1213 12.8787 5
      vertex 16.9483 12.7188 5
    endloop
  endfacet
  facet normal 0 0 1
    outer loop
      vertex 16.4836 8.39882 5
      vertex 16.9483 12.7188 5
      vertex 16.7634 12.5729 5
    endloop
  endfacet
  facet normal 0 0 1
    outer loop
      vertex 15.7738 9.66622 5
      vertex 16.7634 12.5729 5
      vertex 16.5675 12.4421 5
    endloop
  endfacet
  facet normal 0 0 1
    outer loop
      vertex 17.4271 13.2366 5
      vertex 16.4836 8.39882 5
      vertex 17.0918 7.07964 5
    endloop
  endfacet
  facet normal 0 0 1
    outer loop
      vertex 15.7738 9.66622 5
      vertex 16.5675 12.4421 5
      vertex 16.362 12.327 5
    endloop
  endfacet
  facet normal 0 0 1
    outer loop
      vertex 15.7738 9.66622 5
      vertex 16.362 12.327 5
      vertex 16.148 12.2284 5
    endloop
  endfacet
  facet normal 0 0 1
    outer loop
      vertex 15.7738 9.66622 5
      vertex 16.148 12.2284 5
      vertex 15.9271 12.1468 5
    endloop
  endfacet
  facet normal 0 0 1
    outer loop
      vertex 16.7634 12.5729 5
      vertex 15.7738 9.66622 5
      vertex 16.4836 8.39882 5
    endloop
  endfacet
  facet normal 0 0 1
    outer loop
      vertex 14.9668 10.874 5
      vertex 15.9271 12.1468 5
      vertex 15.7003 12.0829 5
    endloop
  endfacet
  facet normal 0 0 1
    outer loop
      vertex 14.9668 10.874 5
      vertex 15.7003 12.0829 5
      vertex 15.4693 12.0369 5
    endloop
  endfacet
  facet normal 0 0 1
    outer loop
      vertex 14.9668 10.874 5
      vertex 15.4693 12.0369 5
      vertex 15.2354 12.0092 5
    endloop
  endfacet
  facet normal 0 0 1
    outer loop
      vertex 14.9668 10.874 5
      vertex 15.2354 12.0092 5
      vertex 15 12 5
    endloop
  endfacet
  facet normal 0 0 1
    outer loop
      vertex 15.9271 12.1468 5
      vertex 14.9668 10.874 5
      vertex 15.7738 9.66622 5
    endloop
  endfacet
  facet normal 0 0 1
    outer loop
      vertex 14.7646 12.0092 5
      vertex 14.9668 10.874 5
      vertex 15 12 5
    endloop
  endfacet
  facet normal 0 0 1
    outer loop
      vertex 14.5307 12.0369 5
      vertex 14.9668 10.874 5
      vertex 14.7646 12.0092 5
    endloop
  endfacet
  facet normal 0 0 1
    outer loop
      vertex 14.0675 12.0148 5
      vertex 14.5307 12.0369 5
      vertex 14.2997 12.0829 5
    endloop
  endfacet
  facet normal 0 0 1
    outer loop
      vertex 14.0675 12.0148 5
      vertex 14.2997 12.0829 5
      vertex 14.0729 12.1468 5
    endloop
  endfacet
  facet normal 0 0 1
    outer loop
      vertex 14.5307 12.0369 5
      vertex 14.0675 12.0148 5
      vertex 14.9668 10.874 5
    endloop
  endfacet
  facet normal 0 -0 1
    outer loop
      vertex 14.0675 12.0148 5
      vertex 14.0729 12.1468 5
      vertex 13.8795 12.2182 5
    endloop
  endfacet
  facet normal 0 0 1
    outer loop
      vertex 12.1468 14.0729 5
      vertex 12.0148 14.0675 5
      vertex 12.2182 13.8795 5
    endloop
  endfacet
  facet normal 0 0 1
    outer loop
      vertex 12.0829 14.2997 5
      vertex 12.0148 14.0675 5
      vertex 12.1468 14.0729 5
    endloop
  endfacet
  facet normal 0 0 1
    outer loop
      vertex 12.0369 14.5307 5
      vertex 12.0148 14.0675 5
      vertex 12.0829 14.2997 5
    endloop
  endfacet
  facet normal 0 0 1
    outer loop
      vertex 10.874 14.9668 5
      vertex 12.0369 14.5307 5
      vertex 12.0092 14.7646 5
    endloop
  endfacet
  facet normal -0 0 1
    outer loop
      vertex 10.874 14.9668 5
      vertex 12.0092 14.7646 5
      vertex 12 15 5
    endloop
  endfacet
  facet normal 0 0 1
    outer loop
      vertex 12.0369 14.5307 5
      vertex 10.874 14.9668 5
      vertex 12.0148 14.0675 5
    endloop
  endfacet
  facet normal 0 0 1
    outer loop
      vertex -10.874 -14.9668 5
      vertex -12.0092 -14.7646 5
      vertex -12 -15 5
    endloop
  endfacet
  facet normal -0 0 1
    outer loop
      vertex -12.0369 -14.5307 5
      vertex -10.874 -14.9668 5
      vertex -12.0148 -14.0675 5
    endloop
  endfacet
  facet normal 0 0 1
    outer loop
      vertex -10.874 -14.9668 5
      vertex -12.0369 -14.5307 5
      vertex -12.0092 -14.7646 5
    endloop
  endfacet
  facet normal 0 0 1
    outer loop
      vertex -12.0148 -14.0675 5
      vertex -12.0829 -14.2997 5
      vertex -12.0369 -14.5307 5
    endloop
  endfacet
  facet normal 0 0 1
    outer loop
      vertex -12.0148 -14.0675 5
      vertex -12.1468 -14.0729 5
      vertex -12.0829 -14.2997 5
    endloop
  endfacet
  facet normal 0 -0 1
    outer loop
      vertex -12.1468 -14.0729 5
      vertex -12.0148 -14.0675 5
      vertex -12.2182 -13.8795 5
    endloop
  endfacet
  facet normal 0 0 1
    outer loop
      vertex 2.89404 18.2722 5
      vertex 2.5 22 5
      vertex 2.5 18.3189 5
    endloop
  endfacet
  facet normal 0 0 -1
    outer loop
      vertex -13.0815 -13.0815 5
      vertex -12.2284 -13.852 5
      vertex -12.2182 -13.8795 5
    endloop
  endfacet
  facet normal 0 0 -1
    outer loop
      vertex -12.2284 -13.852 5
      vertex -13.0815 -13.0815 5
      vertex -12.327 -13.638 5
    endloop
  endfacet
  facet normal 0 0 -1
    outer loop
      vertex -12.327 -13.638 5
      vertex -13.0815 -13.0815 5
      vertex -12.4421 -13.4325 5
    endloop
  endfacet
  facet normal 0 0 -1
    outer loop
      vertex -12.4421 -13.4325 5
      vertex -13.0815 -13.0815 5
      vertex -12.5729 -13.2366 5
    endloop
  endfacet
  facet normal 0 0 -1
    outer loop
      vertex -12.5729 -13.2366 5
      vertex -13.0815 -13.0815 5
      vertex -12.7188 -13.0517 5
    endloop
  endfacet
  facet normal -0 0 -1
    outer loop
      vertex -12.7188 -13.0517 5
      vertex -13.0815 -13.0815 5
      vertex -12.8787 -12.8787 5
    endloop
  endfacet
  facet normal -0 0 -1
    outer loop
      vertex -12.8787 -12.8787 5
      vertex -13.0815 -13.0815 5
      vertex -13.0517 -12.7188 5
    endloop
  endfacet
  facet normal 0 0 -1
    outer loop
      vertex -13.0815 -13.0815 5
      vertex -13.2366 -12.5729 5
      vertex -13.0517 -12.7188 5
    endloop
  endfacet
  facet normal 0 0 -1
    outer loop
      vertex -13.0815 -13.0815 5
      vertex -13.4325 -12.4421 5
      vertex -13.2366 -12.5729 5
    endloop
  endfacet
  facet normal 0 0 -1
    outer loop
      vertex -13.0815 -13.0815 5
      vertex -13.638 -12.327 5
      vertex -13.4325 -12.4421 5
    endloop
  endfacet
  facet normal 0 0 -1
    outer loop
      vertex -13.0815 -13.0815 5
      vertex -13.852 -12.2284 5
      vertex -13.638 -12.327 5
    endloop
  endfacet
  facet normal -0 -0 -1
    outer loop
      vertex -13.852 -12.2284 5
      vertex -13.0815 -13.0815 5
      vertex -13.8795 -12.2182 5
    endloop
  endfacet
  facet normal 0 0 -1
    outer loop
      vertex -13.0815 13.0815 5
      vertex -12.2284 13.852 5
      vertex -12.327 13.638 5
    endloop
  endfacet
  facet normal 0 0 -1
    outer loop
      vertex -13.0815 13.0815 5
      vertex -12.327 13.638 5
      vertex -12.4421 13.4325 5
    endloop
  endfacet
  facet normal 0 0 -1
    outer loop
      vertex -13.0815 13.0815 5
      vertex -12.4421 13.4325 5
      vertex -12.5729 13.2366 5
    endloop
  endfacet
  facet normal 0 0 -1
    outer loop
      vertex -13.0815 13.0815 5
      vertex -12.5729 13.2366 5
      vertex -12.7188 13.0517 5
    endloop
  endfacet
  facet normal 0 0 -1
    outer loop
      vertex -13.0815 13.0815 5
      vertex -12.7188 13.0517 5
      vertex -12.8787 12.8787 5
    endloop
  endfacet
  facet normal 0 0 -1
    outer loop
      vertex -13.0815 13.0815 5
      vertex -12.8787 12.8787 5
      vertex -13.0517 12.7188 5
    endloop
  endfacet
  facet normal -0 0 -1
    outer loop
      vertex -12.2284 13.852 5
      vertex -13.0815 13.0815 5
      vertex -12.2182 13.8795 5
    endloop
  endfacet
  facet normal 0 0 -1
    outer loop
      vertex -13.2366 12.5729 5
      vertex -13.0815 13.0815 5
      vertex -13.0517 12.7188 5
    endloop
  endfacet
  facet normal 0 0 -1
    outer loop
      vertex -13.4325 12.4421 5
      vertex -13.0815 13.0815 5
      vertex -13.2366 12.5729 5
    endloop
  endfacet
  facet normal 0 0 -1
    outer loop
      vertex -13.638 12.327 5
      vertex -13.0815 13.0815 5
      vertex -13.4325 12.4421 5
    endloop
  endfacet
  facet normal 0 0 -1
    outer loop
      vertex -13.852 12.2284 5
      vertex -13.0815 13.0815 5
      vertex -13.638 12.327 5
    endloop
  endfacet
  facet normal 0 0 -1
    outer loop
      vertex -13.0815 13.0815 5
      vertex -13.852 12.2284 5
      vertex -13.8795 12.2182 5
    endloop
  endfacet
  facet normal 0 0 -1
    outer loop
      vertex 13.0815 13.0815 5
      vertex 13.852 12.2284 5
      vertex 13.638 12.327 5
    endloop
  endfacet
  facet normal 0 0 -1
    outer loop
      vertex 13.0815 13.0815 5
      vertex 13.638 12.327 5
      vertex 13.4325 12.4421 5
    endloop
  endfacet
  facet normal 0 0 -1
    outer loop
      vertex 13.0815 13.0815 5
      vertex 13.4325 12.4421 5
      vertex 13.2366 12.5729 5
    endloop
  endfacet
  facet normal 0 0 -1
    outer loop
      vertex 13.852 12.2284 5
      vertex 13.0815 13.0815 5
      vertex 13.8795 12.2182 5
    endloop
  endfacet
  facet normal 0 0 -1
    outer loop
      vertex 13.0517 12.7188 5
      vertex 13.0815 13.0815 5
      vertex 13.2366 12.5729 5
    endloop
  endfacet
  facet normal 0 0 -1
    outer loop
      vertex 12.8787 12.8787 5
      vertex 13.0815 13.0815 5
      vertex 13.0517 12.7188 5
    endloop
  endfacet
  facet normal 0 0 -1
    outer loop
      vertex 12.7188 13.0517 5
      vertex 13.0815 13.0815 5
      vertex 12.8787 12.8787 5
    endloop
  endfacet
  facet normal 0 0 -1
    outer loop
      vertex 12.5729 13.2366 5
      vertex 13.0815 13.0815 5
      vertex 12.7188 13.0517 5
    endloop
  endfacet
  facet normal 0 0 -1
    outer loop
      vertex 12.4421 13.4325 5
      vertex 13.0815 13.0815 5
      vertex 12.5729 13.2366 5
    endloop
  endfacet
  facet normal 0 0 -1
    outer loop
      vertex 12.327 13.638 5
      vertex 13.0815 13.0815 5
      vertex 12.4421 13.4325 5
    endloop
  endfacet
  facet normal 0 0 -1
    outer loop
      vertex 12.2284 13.852 5
      vertex 13.0815 13.0815 5
      vertex 12.327 13.638 5
    endloop
  endfacet
  facet normal 0 0 -1
    outer loop
      vertex 13.0815 13.0815 5
      vertex 12.2284 13.852 5
      vertex 12.2182 13.8795 5
    endloop
  endfacet
  facet normal 0 0 -1
    outer loop
      vertex 13.0815 -13.0815 5
      vertex 13.852 -12.2284 5
      vertex 13.8795 -12.2182 5
    endloop
  endfacet
  facet normal 0 0 -1
    outer loop
      vertex 13.852 -12.2284 5
      vertex 13.0815 -13.0815 5
      vertex 13.638 -12.327 5
    endloop
  endfacet
  facet normal 0 0 -1
    outer loop
      vertex 13.638 -12.327 5
      vertex 13.0815 -13.0815 5
      vertex 13.4325 -12.4421 5
    endloop
  endfacet
  facet normal 0 0 -1
    outer loop
      vertex 13.4325 -12.4421 5
      vertex 13.0815 -13.0815 5
      vertex 13.2366 -12.5729 5
    endloop
  endfacet
  facet normal 0 0 -1
    outer loop
      vertex 13.0815 -13.0815 5
      vertex 13.0517 -12.7188 5
      vertex 13.2366 -12.5729 5
    endloop
  endfacet
  facet normal 0 0 -1
    outer loop
      vertex 13.0815 -13.0815 5
      vertex 12.8787 -12.8787 5
      vertex 13.0517 -12.7188 5
    endloop
  endfacet
  facet normal 0 0 -1
    outer loop
      vertex 13.0815 -13.0815 5
      vertex 12.7188 -13.0517 5
      vertex 12.8787 -12.8787 5
    endloop
  endfacet
  facet normal -0 0 -1
    outer loop
      vertex 13.0815 -13.0815 5
      vertex 12.5729 -13.2366 5
      vertex 12.7188 -13.0517 5
    endloop
  endfacet
  facet normal 0 0 -1
    outer loop
      vertex 13.0815 -13.0815 5
      vertex 12.4421 -13.4325 5
      vertex 12.5729 -13.2366 5
    endloop
  endfacet
  facet normal 0 0 -1
    outer loop
      vertex 13.0815 -13.0815 5
      vertex 12.327 -13.638 5
      vertex 12.4421 -13.4325 5
    endloop
  endfacet
  facet normal 0 0 -1
    outer loop
      vertex 13.0815 -13.0815 5
      vertex 12.2284 -13.852 5
      vertex 12.327 -13.638 5
    endloop
  endfacet
  facet normal 0 -0 -1
    outer loop
      vertex 12.2284 -13.852 5
      vertex 13.0815 -13.0815 5
      vertex 12.2182 -13.8795 5
    endloop
  endfacet
  facet normal 0 0 1
    outer loop
      vertex -13.704 -14.898 5
      vertex -13.704 -15.102 5
      vertex -13.7 -15 5
    endloop
  endfacet
  facet normal 0 0 1
    outer loop
      vertex -13.716 -14.7966 5
      vertex -13.704 -15.102 5
      vertex -13.704 -14.898 5
    endloop
  endfacet
  facet normal 0 0 1
    outer loop
      vertex -13.716 -14.7966 5
      vertex -13.716 -15.2034 5
      vertex -13.704 -15.102 5
    endloop
  endfacet
  facet normal 0 0 1
    outer loop
      vertex -13.7359 -14.6965 5
      vertex -13.716 -15.2034 5
      vertex -13.716 -14.7966 5
    endloop
  endfacet
  facet normal 0 0 1
    outer loop
      vertex -13.7359 -14.6965 5
      vertex -13.7359 -15.3035 5
      vertex -13.716 -15.2034 5
    endloop
  endfacet
  facet normal 0 0 1
    outer loop
      vertex -13.7636 -14.5983 5
      vertex -13.7359 -15.3035 5
      vertex -13.7359 -14.6965 5
    endloop
  endfacet
  facet normal 0 0 1
    outer loop
      vertex -13.7636 -14.5983 5
      vertex -13.7636 -15.4017 5
      vertex -13.7359 -15.3035 5
    endloop
  endfacet
  facet normal 0 0 1
    outer loop
      vertex -13.799 -14.5025 5
      vertex -13.7636 -15.4017 5
      vertex -13.7636 -14.5983 5
    endloop
  endfacet
  facet normal 0 0 1
    outer loop
      vertex -13.799 -14.5025 5
      vertex -13.799 -15.4975 5
      vertex -13.7636 -15.4017 5
    endloop
  endfacet
  facet normal 0 0 1
    outer loop
      vertex -13.8417 -14.4098 5
      vertex -13.799 -15.4975 5
      vertex -13.799 -14.5025 5
    endloop
  endfacet
  facet normal 0 0 1
    outer loop
      vertex -13.8417 -14.4098 5
      vertex -13.8417 -15.5902 5
      vertex -13.799 -15.4975 5
    endloop
  endfacet
  facet normal 0 0 1
    outer loop
      vertex -13.8916 -14.3208 5
      vertex -13.8417 -15.5902 5
      vertex -13.8417 -14.4098 5
    endloop
  endfacet
  facet normal 0 0 1
    outer loop
      vertex -13.8916 -14.3208 5
      vertex -13.8916 -15.6792 5
      vertex -13.8417 -15.5902 5
    endloop
  endfacet
  facet normal 0 0 1
    outer loop
      vertex -13.9483 -14.2359 5
      vertex -13.8916 -15.6792 5
      vertex -13.8916 -14.3208 5
    endloop
  endfacet
  facet normal 0 0 1
    outer loop
      vertex -13.9483 -14.2359 5
      vertex -13.9483 -15.7641 5
      vertex -13.8916 -15.6792 5
    endloop
  endfacet
  facet normal 0 0 1
    outer loop
      vertex -14.0115 -14.1557 5
      vertex -13.9483 -15.7641 5
      vertex -13.9483 -14.2359 5
    endloop
  endfacet
  facet normal 0 0 1
    outer loop
      vertex -14.0115 -14.1557 5
      vertex -14.0115 -15.8443 5
      vertex -13.9483 -15.7641 5
    endloop
  endfacet
  facet normal 0 0 1
    outer loop
      vertex -14.0808 -14.0808 5
      vertex -14.0115 -15.8443 5
      vertex -14.0115 -14.1557 5
    endloop
  endfacet
  facet normal 0 0 1
    outer loop
      vertex -14.0808 -14.0808 5
      vertex -14.0808 -15.9192 5
      vertex -14.0115 -15.8443 5
    endloop
  endfacet
  facet normal 0 0 1
    outer loop
      vertex -14.1557 -14.0115 5
      vertex -14.0808 -15.9192 5
      vertex -14.0808 -14.0808 5
    endloop
  endfacet
  facet normal 0 0 1
    outer loop
      vertex -14.1557 -14.0115 5
      vertex -14.1557 -15.9885 5
      vertex -14.0808 -15.9192 5
    endloop
  endfacet
  facet normal 0 0 1
    outer loop
      vertex -14.2359 -13.9483 5
      vertex -14.1557 -15.9885 5
      vertex -14.1557 -14.0115 5
    endloop
  endfacet
  facet normal 0 0 1
    outer loop
      vertex -14.2359 -13.9483 5
      vertex -14.2359 -16.0517 5
      vertex -14.1557 -15.9885 5
    endloop
  endfacet
  facet normal 0 0 1
    outer loop
      vertex -14.3208 -13.8916 5
      vertex -14.2359 -16.0517 5
      vertex -14.2359 -13.9483 5
    endloop
  endfacet
  facet normal 0 0 1
    outer loop
      vertex -14.3208 -13.8916 5
      vertex -14.3208 -16.1084 5
      vertex -14.2359 -16.0517 5
    endloop
  endfacet
  facet normal 0 0 1
    outer loop
      vertex -14.4098 -13.8417 5
      vertex -14.3208 -16.1084 5
      vertex -14.3208 -13.8916 5
    endloop
  endfacet
  facet normal 0 0 1
    outer loop
      vertex -14.4098 -13.8417 5
      vertex -14.4098 -16.1583 5
      vertex -14.3208 -16.1084 5
    endloop
  endfacet
  facet normal 0 0 1
    outer loop
      vertex -14.5025 -13.799 5
      vertex -14.4098 -16.1583 5
      vertex -14.4098 -13.8417 5
    endloop
  endfacet
  facet normal 0 0 1
    outer loop
      vertex -14.5025 -13.799 5
      vertex -14.5025 -16.201 5
      vertex -14.4098 -16.1583 5
    endloop
  endfacet
  facet normal 0 0 1
    outer loop
      vertex -14.5983 -13.7636 5
      vertex -14.5025 -16.201 5
      vertex -14.5025 -13.799 5
    endloop
  endfacet
  facet normal 0 0 1
    outer loop
      vertex -14.5983 -13.7636 5
      vertex -14.5983 -16.2364 5
      vertex -14.5025 -16.201 5
    endloop
  endfacet
  facet normal 0 0 1
    outer loop
      vertex -14.6965 -13.7359 5
      vertex -14.5983 -16.2364 5
      vertex -14.5983 -13.7636 5
    endloop
  endfacet
  facet normal 0 0 1
    outer loop
      vertex -14.6965 -13.7359 5
      vertex -14.6965 -16.2641 5
      vertex -14.5983 -16.2364 5
    endloop
  endfacet
  facet normal 0 0 1
    outer loop
      vertex -14.7966 -13.716 5
      vertex -14.6965 -16.2641 5
      vertex -14.6965 -13.7359 5
    endloop
  endfacet
  facet normal 0 0 1
    outer loop
      vertex -14.7966 -13.716 5
      vertex -14.7966 -16.284 5
      vertex -14.6965 -16.2641 5
    endloop
  endfacet
  facet normal 0 0 1
    outer loop
      vertex -14.898 -13.704 5
      vertex -14.7966 -16.284 5
      vertex -14.7966 -13.716 5
    endloop
  endfacet
  facet normal 0 0 1
    outer loop
      vertex -14.898 -13.704 5
      vertex -14.898 -16.296 5
      vertex -14.7966 -16.284 5
    endloop
  endfacet
  facet normal 0 0 1
    outer loop
      vertex -15 -13.7 5
      vertex -14.898 -16.296 5
      vertex -14.898 -13.704 5
    endloop
  endfacet
  facet normal 0 0 1
    outer loop
      vertex -15 -13.7 5
      vertex -15 -16.3 5
      vertex -14.898 -16.296 5
    endloop
  endfacet
  facet normal -0 0 1
    outer loop
      vertex -15.102 -13.704 5
      vertex -15 -16.3 5
      vertex -15 -13.7 5
    endloop
  endfacet
  facet normal 0 0 1
    outer loop
      vertex -15.102 -13.704 5
      vertex -15.102 -16.296 5
      vertex -15 -16.3 5
    endloop
  endfacet
  facet normal -0 0 1
    outer loop
      vertex -15.2034 -13.716 5
      vertex -15.102 -16.296 5
      vertex -15.102 -13.704 5
    endloop
  endfacet
  facet normal 0 0 1
    outer loop
      vertex -15.2034 -13.716 5
      vertex -15.2034 -16.284 5
      vertex -15.102 -16.296 5
    endloop
  endfacet
  facet normal -0 0 1
    outer loop
      vertex -15.3035 -13.7359 5
      vertex -15.2034 -16.284 5
      vertex -15.2034 -13.716 5
    endloop
  endfacet
  facet normal 0 0 1
    outer loop
      vertex -15.3035 -13.7359 5
      vertex -15.3035 -16.2641 5
      vertex -15.2034 -16.284 5
    endloop
  endfacet
  facet normal -0 0 1
    outer loop
      vertex -15.4017 -13.7636 5
      vertex -15.3035 -16.2641 5
      vertex -15.3035 -13.7359 5
    endloop
  endfacet
  facet normal 0 0 1
    outer loop
      vertex -15.4017 -13.7636 5
      vertex -15.4017 -16.2364 5
      vertex -15.3035 -16.2641 5
    endloop
  endfacet
  facet normal -0 0 1
    outer loop
      vertex -15.4975 -13.799 5
      vertex -15.4017 -16.2364 5
      vertex -15.4017 -13.7636 5
    endloop
  endfacet
  facet normal 0 0 1
    outer loop
      vertex -15.4975 -13.799 5
      vertex -15.4975 -16.201 5
      vertex -15.4017 -16.2364 5
    endloop
  endfacet
  facet normal -0 0 1
    outer loop
      vertex -15.5902 -13.8417 5
      vertex -15.4975 -16.201 5
      vertex -15.4975 -13.799 5
    endloop
  endfacet
  facet normal 0 0 1
    outer loop
      vertex -15.5902 -13.8417 5
      vertex -15.5902 -16.1583 5
      vertex -15.4975 -16.201 5
    endloop
  endfacet
  facet normal -0 0 1
    outer loop
      vertex -15.6792 -13.8916 5
      vertex -15.5902 -16.1583 5
      vertex -15.5902 -13.8417 5
    endloop
  endfacet
  facet normal 0 0 1
    outer loop
      vertex -15.6792 -13.8916 5
      vertex -15.6792 -16.1084 5
      vertex -15.5902 -16.1583 5
    endloop
  endfacet
  facet normal -0 0 1
    outer loop
      vertex -15.7641 -13.9483 5
      vertex -15.6792 -16.1084 5
      vertex -15.6792 -13.8916 5
    endloop
  endfacet
  facet normal 0 0 1
    outer loop
      vertex -15.7641 -13.9483 5
      vertex -15.7641 -16.0517 5
      vertex -15.6792 -16.1084 5
    endloop
  endfacet
  facet normal -0 0 1
    outer loop
      vertex -15.8443 -14.0115 5
      vertex -15.7641 -16.0517 5
      vertex -15.7641 -13.9483 5
    endloop
  endfacet
  facet normal 0 0 1
    outer loop
      vertex -15.8443 -14.0115 5
      vertex -15.8443 -15.9885 5
      vertex -15.7641 -16.0517 5
    endloop
  endfacet
  facet normal -0 0 1
    outer loop
      vertex -15.9192 -14.0808 5
      vertex -15.8443 -15.9885 5
      vertex -15.8443 -14.0115 5
    endloop
  endfacet
  facet normal 0 0 1
    outer loop
      vertex -15.9192 -14.0808 5
      vertex -15.9192 -15.9192 5
      vertex -15.8443 -15.9885 5
    endloop
  endfacet
  facet normal -0 0 1
    outer loop
      vertex -15.9885 -14.1557 5
      vertex -15.9192 -15.9192 5
      vertex -15.9192 -14.0808 5
    endloop
  endfacet
  facet normal 0 0 1
    outer loop
      vertex -15.9885 -14.1557 5
      vertex -15.9885 -15.8443 5
      vertex -15.9192 -15.9192 5
    endloop
  endfacet
  facet normal -0 0 1
    outer loop
      vertex -16.0517 -14.2359 5
      vertex -15.9885 -15.8443 5
      vertex -15.9885 -14.1557 5
    endloop
  endfacet
  facet normal 0 0 1
    outer loop
      vertex -16.0517 -14.2359 5
      vertex -16.0517 -15.7641 5
      vertex -15.9885 -15.8443 5
    endloop
  endfacet
  facet normal -0 0 1
    outer loop
      vertex -16.1084 -14.3208 5
      vertex -16.0517 -15.7641 5
      vertex -16.0517 -14.2359 5
    endloop
  endfacet
  facet normal 0 0 1
    outer loop
      vertex -16.1084 -14.3208 5
      vertex -16.1084 -15.6792 5
      vertex -16.0517 -15.7641 5
    endloop
  endfacet
  facet normal -0 0 1
    outer loop
      vertex -16.1583 -14.4098 5
      vertex -16.1084 -15.6792 5
      vertex -16.1084 -14.3208 5
    endloop
  endfacet
  facet normal 0 0 1
    outer loop
      vertex -16.1583 -14.4098 5
      vertex -16.1583 -15.5902 5
      vertex -16.1084 -15.6792 5
    endloop
  endfacet
  facet normal -0 0 1
    outer loop
      vertex -16.201 -14.5025 5
      vertex -16.1583 -15.5902 5
      vertex -16.1583 -14.4098 5
    endloop
  endfacet
  facet normal 0 0 1
    outer loop
      vertex -16.201 -14.5025 5
      vertex -16.201 -15.4975 5
      vertex -16.1583 -15.5902 5
    endloop
  endfacet
  facet normal -0 0 1
    outer loop
      vertex -16.2364 -14.5983 5
      vertex -16.201 -15.4975 5
      vertex -16.201 -14.5025 5
    endloop
  endfacet
  facet normal 0 0 1
    outer loop
      vertex -16.2364 -14.5983 5
      vertex -16.2364 -15.4017 5
      vertex -16.201 -15.4975 5
    endloop
  endfacet
  facet normal -0 0 1
    outer loop
      vertex -16.2641 -14.6965 5
      vertex -16.2364 -15.4017 5
      vertex -16.2364 -14.5983 5
    endloop
  endfacet
  facet normal 0 0 1
    outer loop
      vertex -16.2641 -14.6965 5
      vertex -16.2641 -15.3035 5
      vertex -16.2364 -15.4017 5
    endloop
  endfacet
  facet normal -0 0 1
    outer loop
      vertex -16.284 -14.7966 5
      vertex -16.2641 -15.3035 5
      vertex -16.2641 -14.6965 5
    endloop
  endfacet
  facet normal 0 0 1
    outer loop
      vertex -16.284 -14.7966 5
      vertex -16.284 -15.2034 5
      vertex -16.2641 -15.3035 5
    endloop
  endfacet
  facet normal -0 0 1
    outer loop
      vertex -16.296 -14.898 5
      vertex -16.284 -15.2034 5
      vertex -16.284 -14.7966 5
    endloop
  endfacet
  facet normal 0 0 1
    outer loop
      vertex -16.296 -14.898 5
      vertex -16.296 -15.102 5
      vertex -16.284 -15.2034 5
    endloop
  endfacet
  facet normal 0 -0 1
    outer loop
      vertex -16.296 -15.102 5
      vertex -16.296 -14.898 5
      vertex -16.3 -15 5
    endloop
  endfacet
  facet normal 0 0 1
    outer loop
      vertex -13.704 15.102 5
      vertex -13.704 14.898 5
      vertex -13.7 15 5
    endloop
  endfacet
  facet normal 0 0 1
    outer loop
      vertex -13.716 15.2034 5
      vertex -13.704 14.898 5
      vertex -13.704 15.102 5
    endloop
  endfacet
  facet normal 0 0 1
    outer loop
      vertex -13.716 15.2034 5
      vertex -13.716 14.7966 5
      vertex -13.704 14.898 5
    endloop
  endfacet
  facet normal 0 0 1
    outer loop
      vertex -13.7359 15.3035 5
      vertex -13.716 14.7966 5
      vertex -13.716 15.2034 5
    endloop
  endfacet
  facet normal 0 0 1
    outer loop
      vertex -13.7359 15.3035 5
      vertex -13.7359 14.6965 5
      vertex -13.716 14.7966 5
    endloop
  endfacet
  facet normal 0 0 1
    outer loop
      vertex -13.7636 15.4017 5
      vertex -13.7359 14.6965 5
      vertex -13.7359 15.3035 5
    endloop
  endfacet
  facet normal 0 0 1
    outer loop
      vertex -13.7636 15.4017 5
      vertex -13.7636 14.5983 5
      vertex -13.7359 14.6965 5
    endloop
  endfacet
  facet normal 0 0 1
    outer loop
      vertex -13.799 15.4975 5
      vertex -13.7636 14.5983 5
      vertex -13.7636 15.4017 5
    endloop
  endfacet
  facet normal 0 0 1
    outer loop
      vertex -13.799 15.4975 5
      vertex -13.799 14.5025 5
      vertex -13.7636 14.5983 5
    endloop
  endfacet
  facet normal 0 0 1
    outer loop
      vertex -13.8417 15.5902 5
      vertex -13.799 14.5025 5
      vertex -13.799 15.4975 5
    endloop
  endfacet
  facet normal 0 0 1
    outer loop
      vertex -13.8417 15.5902 5
      vertex -13.8417 14.4098 5
      vertex -13.799 14.5025 5
    endloop
  endfacet
  facet normal 0 0 1
    outer loop
      vertex -13.8916 15.6792 5
      vertex -13.8417 14.4098 5
      vertex -13.8417 15.5902 5
    endloop
  endfacet
  facet normal 0 0 1
    outer loop
      vertex -13.8916 15.6792 5
      vertex -13.8916 14.3208 5
      vertex -13.8417 14.4098 5
    endloop
  endfacet
  facet normal 0 0 1
    outer loop
      vertex -13.9483 15.7641 5
      vertex -13.8916 14.3208 5
      vertex -13.8916 15.6792 5
    endloop
  endfacet
  facet normal 0 0 1
    outer loop
      vertex -13.9483 15.7641 5
      vertex -13.9483 14.2359 5
      vertex -13.8916 14.3208 5
    endloop
  endfacet
  facet normal 0 0 1
    outer loop
      vertex -14.0115 15.8443 5
      vertex -13.9483 14.2359 5
      vertex -13.9483 15.7641 5
    endloop
  endfacet
  facet normal 0 0 1
    outer loop
      vertex -14.0115 15.8443 5
      vertex -14.0115 14.1557 5
      vertex -13.9483 14.2359 5
    endloop
  endfacet
  facet normal 0 0 1
    outer loop
      vertex -14.0808 15.9192 5
      vertex -14.0115 14.1557 5
      vertex -14.0115 15.8443 5
    endloop
  endfacet
  facet normal 0 0 1
    outer loop
      vertex -14.0808 15.9192 5
      vertex -14.0808 14.0808 5
      vertex -14.0115 14.1557 5
    endloop
  endfacet
  facet normal 0 0 1
    outer loop
      vertex -14.1557 15.9885 5
      vertex -14.0808 14.0808 5
      vertex -14.0808 15.9192 5
    endloop
  endfacet
  facet normal 0 0 1
    outer loop
      vertex -14.1557 15.9885 5
      vertex -14.1557 14.0115 5
      vertex -14.0808 14.0808 5
    endloop
  endfacet
  facet normal 0 0 1
    outer loop
      vertex -14.2359 16.0517 5
      vertex -14.1557 14.0115 5
      vertex -14.1557 15.9885 5
    endloop
  endfacet
  facet normal 0 0 1
    outer loop
      vertex -14.2359 16.0517 5
      vertex -14.2359 13.9483 5
      vertex -14.1557 14.0115 5
    endloop
  endfacet
  facet normal 0 0 1
    outer loop
      vertex -14.3208 16.1084 5
      vertex -14.2359 13.9483 5
      vertex -14.2359 16.0517 5
    endloop
  endfacet
  facet normal 0 0 1
    outer loop
      vertex -14.3208 16.1084 5
      vertex -14.3208 13.8916 5
      vertex -14.2359 13.9483 5
    endloop
  endfacet
  facet normal 0 0 1
    outer loop
      vertex -14.4098 16.1583 5
      vertex -14.3208 13.8916 5
      vertex -14.3208 16.1084 5
    endloop
  endfacet
  facet normal 0 0 1
    outer loop
      vertex -14.4098 16.1583 5
      vertex -14.4098 13.8417 5
      vertex -14.3208 13.8916 5
    endloop
  endfacet
  facet normal 0 0 1
    outer loop
      vertex -14.5025 16.201 5
      vertex -14.4098 13.8417 5
      vertex -14.4098 16.1583 5
    endloop
  endfacet
  facet normal 0 0 1
    outer loop
      vertex -14.5025 16.201 5
      vertex -14.5025 13.799 5
      vertex -14.4098 13.8417 5
    endloop
  endfacet
  facet normal 0 0 1
    outer loop
      vertex -14.5983 16.2364 5
      vertex -14.5025 13.799 5
      vertex -14.5025 16.201 5
    endloop
  endfacet
  facet normal 0 0 1
    outer loop
      vertex -14.5983 16.2364 5
      vertex -14.5983 13.7636 5
      vertex -14.5025 13.799 5
    endloop
  endfacet
  facet normal 0 0 1
    outer loop
      vertex -14.6965 16.2641 5
      vertex -14.5983 13.7636 5
      vertex -14.5983 16.2364 5
    endloop
  endfacet
  facet normal 0 0 1
    outer loop
      vertex -14.6965 16.2641 5
      vertex -14.6965 13.7359 5
      vertex -14.5983 13.7636 5
    endloop
  endfacet
  facet normal 0 0 1
    outer loop
      vertex -14.7966 16.284 5
      vertex -14.6965 13.7359 5
      vertex -14.6965 16.2641 5
    endloop
  endfacet
  facet normal 0 0 1
    outer loop
      vertex -14.7966 16.284 5
      vertex -14.7966 13.716 5
      vertex -14.6965 13.7359 5
    endloop
  endfacet
  facet normal 0 0 1
    outer loop
      vertex -14.898 16.296 5
      vertex -14.7966 13.716 5
      vertex -14.7966 16.284 5
    endloop
  endfacet
  facet normal 0 0 1
    outer loop
      vertex -14.898 16.296 5
      vertex -14.898 13.704 5
      vertex -14.7966 13.716 5
    endloop
  endfacet
  facet normal 0 0 1
    outer loop
      vertex -15 16.3 5
      vertex -14.898 13.704 5
      vertex -14.898 16.296 5
    endloop
  endfacet
  facet normal 0 0 1
    outer loop
      vertex -15 16.3 5
      vertex -15 13.7 5
      vertex -14.898 13.704 5
    endloop
  endfacet
  facet normal -0 0 1
    outer loop
      vertex -15.102 16.296 5
      vertex -15 13.7 5
      vertex -15 16.3 5
    endloop
  endfacet
  facet normal 0 0 1
    outer loop
      vertex -15.102 16.296 5
      vertex -15.102 13.704 5
      vertex -15 13.7 5
    endloop
  endfacet
  facet normal -0 0 1
    outer loop
      vertex -15.2034 16.284 5
      vertex -15.102 13.704 5
      vertex -15.102 16.296 5
    endloop
  endfacet
  facet normal 0 0 1
    outer loop
      vertex -15.2034 16.284 5
      vertex -15.2034 13.716 5
      vertex -15.102 13.704 5
    endloop
  endfacet
  facet normal -0 0 1
    outer loop
      vertex -15.3035 16.2641 5
      vertex -15.2034 13.716 5
      vertex -15.2034 16.284 5
    endloop
  endfacet
  facet normal 0 0 1
    outer loop
      vertex -15.3035 16.2641 5
      vertex -15.3035 13.7359 5
      vertex -15.2034 13.716 5
    endloop
  endfacet
  facet normal -0 0 1
    outer loop
      vertex -15.4017 16.2364 5
      vertex -15.3035 13.7359 5
      vertex -15.3035 16.2641 5
    endloop
  endfacet
  facet normal 0 0 1
    outer loop
      vertex -15.4017 16.2364 5
      vertex -15.4017 13.7636 5
      vertex -15.3035 13.7359 5
    endloop
  endfacet
  facet normal -0 0 1
    outer loop
      vertex -15.4975 16.201 5
      vertex -15.4017 13.7636 5
      vertex -15.4017 16.2364 5
    endloop
  endfacet
  facet normal 0 0 1
    outer loop
      vertex -15.4975 16.201 5
      vertex -15.4975 13.799 5
      vertex -15.4017 13.7636 5
    endloop
  endfacet
  facet normal -0 0 1
    outer loop
      vertex -15.5902 16.1583 5
      vertex -15.4975 13.799 5
      vertex -15.4975 16.201 5
    endloop
  endfacet
  facet normal 0 0 1
    outer loop
      vertex -15.5902 16.1583 5
      vertex -15.5902 13.8417 5
      vertex -15.4975 13.799 5
    endloop
  endfacet
  facet normal -0 0 1
    outer loop
      vertex -15.6792 16.1084 5
      vertex -15.5902 13.8417 5
      vertex -15.5902 16.1583 5
    endloop
  endfacet
  facet normal 0 0 1
    outer loop
      vertex -15.6792 16.1084 5
      vertex -15.6792 13.8916 5
      vertex -15.5902 13.8417 5
    endloop
  endfacet
  facet normal -0 0 1
    outer loop
      vertex -15.7641 16.0517 5
      vertex -15.6792 13.8916 5
      vertex -15.6792 16.1084 5
    endloop
  endfacet
  facet normal 0 0 1
    outer loop
      vertex -15.7641 16.0517 5
      vertex -15.7641 13.9483 5
      vertex -15.6792 13.8916 5
    endloop
  endfacet
  facet normal -0 0 1
    outer loop
      vertex -15.8443 15.9885 5
      vertex -15.7641 13.9483 5
      vertex -15.7641 16.0517 5
    endloop
  endfacet
  facet normal 0 0 1
    outer loop
      vertex -15.8443 15.9885 5
      vertex -15.8443 14.0115 5
      vertex -15.7641 13.9483 5
    endloop
  endfacet
  facet normal -0 0 1
    outer loop
      vertex -15.9192 15.9192 5
      vertex -15.8443 14.0115 5
      vertex -15.8443 15.9885 5
    endloop
  endfacet
  facet normal 0 0 1
    outer loop
      vertex -15.9192 15.9192 5
      vertex -15.9192 14.0808 5
      vertex -15.8443 14.0115 5
    endloop
  endfacet
  facet normal -0 0 1
    outer loop
      vertex -15.9885 15.8443 5
      vertex -15.9192 14.0808 5
      vertex -15.9192 15.9192 5
    endloop
  endfacet
  facet normal 0 0 1
    outer loop
      vertex -15.9885 15.8443 5
      vertex -15.9885 14.1557 5
      vertex -15.9192 14.0808 5
    endloop
  endfacet
  facet normal -0 0 1
    outer loop
      vertex -16.0517 15.7641 5
      vertex -15.9885 14.1557 5
      vertex -15.9885 15.8443 5
    endloop
  endfacet
  facet normal 0 0 1
    outer loop
      vertex -16.0517 15.7641 5
      vertex -16.0517 14.2359 5
      vertex -15.9885 14.1557 5
    endloop
  endfacet
  facet normal -0 0 1
    outer loop
      vertex -16.1084 15.6792 5
      vertex -16.0517 14.2359 5
      vertex -16.0517 15.7641 5
    endloop
  endfacet
  facet normal 0 0 1
    outer loop
      vertex -16.1084 15.6792 5
      vertex -16.1084 14.3208 5
      vertex -16.0517 14.2359 5
    endloop
  endfacet
  facet normal -0 0 1
    outer loop
      vertex -16.1583 15.5902 5
      vertex -16.1084 14.3208 5
      vertex -16.1084 15.6792 5
    endloop
  endfacet
  facet normal 0 0 1
    outer loop
      vertex -16.1583 15.5902 5
      vertex -16.1583 14.4098 5
      vertex -16.1084 14.3208 5
    endloop
  endfacet
  facet normal -0 0 1
    outer loop
      vertex -16.201 15.4975 5
      vertex -16.1583 14.4098 5
      vertex -16.1583 15.5902 5
    endloop
  endfacet
  facet normal 0 0 1
    outer loop
      vertex -16.201 15.4975 5
      vertex -16.201 14.5025 5
      vertex -16.1583 14.4098 5
    endloop
  endfacet
  facet normal -0 0 1
    outer loop
      vertex -16.2364 15.4017 5
      vertex -16.201 14.5025 5
      vertex -16.201 15.4975 5
    endloop
  endfacet
  facet normal 0 0 1
    outer loop
      vertex -16.2364 15.4017 5
      vertex -16.2364 14.5983 5
      vertex -16.201 14.5025 5
    endloop
  endfacet
  facet normal -0 0 1
    outer loop
      vertex -16.2641 15.3035 5
      vertex -16.2364 14.5983 5
      vertex -16.2364 15.4017 5
    endloop
  endfacet
  facet normal 0 0 1
    outer loop
      vertex -16.2641 15.3035 5
      vertex -16.2641 14.6965 5
      vertex -16.2364 14.5983 5
    endloop
  endfacet
  facet normal -0 0 1
    outer loop
      vertex -16.284 15.2034 5
      vertex -16.2641 14.6965 5
      vertex -16.2641 15.3035 5
    endloop
  endfacet
  facet normal 0 0 1
    outer loop
      vertex -16.284 15.2034 5
      vertex -16.284 14.7966 5
      vertex -16.2641 14.6965 5
    endloop
  endfacet
  facet normal -0 0 1
    outer loop
      vertex -16.296 15.102 5
      vertex -16.284 14.7966 5
      vertex -16.284 15.2034 5
    endloop
  endfacet
  facet normal 0 0 1
    outer loop
      vertex -16.296 15.102 5
      vertex -16.296 14.898 5
      vertex -16.284 14.7966 5
    endloop
  endfacet
  facet normal 0 -0 1
    outer loop
      vertex -16.296 14.898 5
      vertex -16.296 15.102 5
      vertex -16.3 15 5
    endloop
  endfacet
  facet normal 0 0 1
    outer loop
      vertex 16.296 -14.898 5
      vertex 16.296 -15.102 5
      vertex 16.3 -15 5
    endloop
  endfacet
  facet normal 0 0 1
    outer loop
      vertex 16.284 -14.7966 5
      vertex 16.296 -15.102 5
      vertex 16.296 -14.898 5
    endloop
  endfacet
  facet normal 0 0 1
    outer loop
      vertex 16.284 -14.7966 5
      vertex 16.284 -15.2034 5
      vertex 16.296 -15.102 5
    endloop
  endfacet
  facet normal 0 0 1
    outer loop
      vertex 16.2641 -14.6965 5
      vertex 16.284 -15.2034 5
      vertex 16.284 -14.7966 5
    endloop
  endfacet
  facet normal 0 0 1
    outer loop
      vertex 16.2641 -14.6965 5
      vertex 16.2641 -15.3035 5
      vertex 16.284 -15.2034 5
    endloop
  endfacet
  facet normal 0 0 1
    outer loop
      vertex 16.2364 -14.5983 5
      vertex 16.2641 -15.3035 5
      vertex 16.2641 -14.6965 5
    endloop
  endfacet
  facet normal 0 0 1
    outer loop
      vertex 16.2364 -14.5983 5
      vertex 16.2364 -15.4017 5
      vertex 16.2641 -15.3035 5
    endloop
  endfacet
  facet normal 0 0 1
    outer loop
      vertex 16.201 -14.5025 5
      vertex 16.2364 -15.4017 5
      vertex 16.2364 -14.5983 5
    endloop
  endfacet
  facet normal 0 0 1
    outer loop
      vertex 16.201 -14.5025 5
      vertex 16.201 -15.4975 5
      vertex 16.2364 -15.4017 5
    endloop
  endfacet
  facet normal 0 0 1
    outer loop
      vertex 16.1583 -14.4098 5
      vertex 16.201 -15.4975 5
      vertex 16.201 -14.5025 5
    endloop
  endfacet
  facet normal 0 0 1
    outer loop
      vertex 16.1583 -14.4098 5
      vertex 16.1583 -15.5902 5
      vertex 16.201 -15.4975 5
    endloop
  endfacet
  facet normal 0 0 1
    outer loop
      vertex 16.1084 -14.3208 5
      vertex 16.1583 -15.5902 5
      vertex 16.1583 -14.4098 5
    endloop
  endfacet
  facet normal 0 0 1
    outer loop
      vertex 16.1084 -14.3208 5
      vertex 16.1084 -15.6792 5
      vertex 16.1583 -15.5902 5
    endloop
  endfacet
  facet normal 0 0 1
    outer loop
      vertex 16.0517 -14.2359 5
      vertex 16.1084 -15.6792 5
      vertex 16.1084 -14.3208 5
    endloop
  endfacet
  facet normal 0 0 1
    outer loop
      vertex 16.0517 -14.2359 5
      vertex 16.0517 -15.7641 5
      vertex 16.1084 -15.6792 5
    endloop
  endfacet
  facet normal 0 0 1
    outer loop
      vertex 15.9885 -14.1557 5
      vertex 16.0517 -15.7641 5
      vertex 16.0517 -14.2359 5
    endloop
  endfacet
  facet normal 0 0 1
    outer loop
      vertex 15.9885 -14.1557 5
      vertex 15.9885 -15.8443 5
      vertex 16.0517 -15.7641 5
    endloop
  endfacet
  facet normal 0 0 1
    outer loop
      vertex 15.9192 -14.0808 5
      vertex 15.9885 -15.8443 5
      vertex 15.9885 -14.1557 5
    endloop
  endfacet
  facet normal 0 0 1
    outer loop
      vertex 15.9192 -14.0808 5
      vertex 15.9192 -15.9192 5
      vertex 15.9885 -15.8443 5
    endloop
  endfacet
  facet normal 0 0 1
    outer loop
      vertex 15.8443 -14.0115 5
      vertex 15.9192 -15.9192 5
      vertex 15.9192 -14.0808 5
    endloop
  endfacet
  facet normal 0 0 1
    outer loop
      vertex 15.8443 -14.0115 5
      vertex 15.8443 -15.9885 5
      vertex 15.9192 -15.9192 5
    endloop
  endfacet
  facet normal 0 0 1
    outer loop
      vertex 15.7641 -13.9483 5
      vertex 15.8443 -15.9885 5
      vertex 15.8443 -14.0115 5
    endloop
  endfacet
  facet normal 0 0 1
    outer loop
      vertex 15.7641 -13.9483 5
      vertex 15.7641 -16.0517 5
      vertex 15.8443 -15.9885 5
    endloop
  endfacet
  facet normal 0 0 1
    outer loop
      vertex 15.6792 -13.8916 5
      vertex 15.7641 -16.0517 5
      vertex 15.7641 -13.9483 5
    endloop
  endfacet
  facet normal 0 0 1
    outer loop
      vertex 15.6792 -13.8916 5
      vertex 15.6792 -16.1084 5
      vertex 15.7641 -16.0517 5
    endloop
  endfacet
  facet normal 0 0 1
    outer loop
      vertex 15.5902 -13.8417 5
      vertex 15.6792 -16.1084 5
      vertex 15.6792 -13.8916 5
    endloop
  endfacet
  facet normal 0 0 1
    outer loop
      vertex 15.5902 -13.8417 5
      vertex 15.5902 -16.1583 5
      vertex 15.6792 -16.1084 5
    endloop
  endfacet
  facet normal 0 0 1
    outer loop
      vertex 15.4975 -13.799 5
      vertex 15.5902 -16.1583 5
      vertex 15.5902 -13.8417 5
    endloop
  endfacet
  facet normal 0 0 1
    outer loop
      vertex 15.4975 -13.799 5
      vertex 15.4975 -16.201 5
      vertex 15.5902 -16.1583 5
    endloop
  endfacet
  facet normal 0 0 1
    outer loop
      vertex 15.4017 -13.7636 5
      vertex 15.4975 -16.201 5
      vertex 15.4975 -13.799 5
    endloop
  endfacet
  facet normal 0 0 1
    outer loop
      vertex 15.4017 -13.7636 5
      vertex 15.4017 -16.2364 5
      vertex 15.4975 -16.201 5
    endloop
  endfacet
  facet normal 0 0 1
    outer loop
      vertex 15.3035 -13.7359 5
      vertex 15.4017 -16.2364 5
      vertex 15.4017 -13.7636 5
    endloop
  endfacet
  facet normal 0 0 1
    outer loop
      vertex 15.3035 -13.7359 5
      vertex 15.3035 -16.2641 5
      vertex 15.4017 -16.2364 5
    endloop
  endfacet
  facet normal 0 0 1
    outer loop
      vertex 15.2034 -13.716 5
      vertex 15.3035 -16.2641 5
      vertex 15.3035 -13.7359 5
    endloop
  endfacet
  facet normal 0 0 1
    outer loop
      vertex 15.2034 -13.716 5
      vertex 15.2034 -16.284 5
      vertex 15.3035 -16.2641 5
    endloop
  endfacet
  facet normal 0 0 1
    outer loop
      vertex 15.102 -13.704 5
      vertex 15.2034 -16.284 5
      vertex 15.2034 -13.716 5
    endloop
  endfacet
  facet normal 0 0 1
    outer loop
      vertex 15.102 -13.704 5
      vertex 15.102 -16.296 5
      vertex 15.2034 -16.284 5
    endloop
  endfacet
  facet normal 0 0 1
    outer loop
      vertex 15 -13.7 5
      vertex 15.102 -16.296 5
      vertex 15.102 -13.704 5
    endloop
  endfacet
  facet normal 0 0 1
    outer loop
      vertex 15 -13.7 5
      vertex 15 -16.3 5
      vertex 15.102 -16.296 5
    endloop
  endfacet
  facet normal -0 0 1
    outer loop
      vertex 14.898 -13.704 5
      vertex 15 -16.3 5
      vertex 15 -13.7 5
    endloop
  endfacet
  facet normal 0 0 1
    outer loop
      vertex 14.898 -13.704 5
      vertex 14.898 -16.296 5
      vertex 15 -16.3 5
    endloop
  endfacet
  facet normal -0 0 1
    outer loop
      vertex 14.7966 -13.716 5
      vertex 14.898 -16.296 5
      vertex 14.898 -13.704 5
    endloop
  endfacet
  facet normal 0 0 1
    outer loop
      vertex 14.7966 -13.716 5
      vertex 14.7966 -16.284 5
      vertex 14.898 -16.296 5
    endloop
  endfacet
  facet normal -0 0 1
    outer loop
      vertex 14.6965 -13.7359 5
      vertex 14.7966 -16.284 5
      vertex 14.7966 -13.716 5
    endloop
  endfacet
  facet normal 0 0 1
    outer loop
      vertex 14.6965 -13.7359 5
      vertex 14.6965 -16.2641 5
      vertex 14.7966 -16.284 5
    endloop
  endfacet
  facet normal -0 0 1
    outer loop
      vertex 14.5983 -13.7636 5
      vertex 14.6965 -16.2641 5
      vertex 14.6965 -13.7359 5
    endloop
  endfacet
  facet normal 0 0 1
    outer loop
      vertex 14.5983 -13.7636 5
      vertex 14.5983 -16.2364 5
      vertex 14.6965 -16.2641 5
    endloop
  endfacet
  facet normal -0 0 1
    outer loop
      vertex 14.5025 -13.799 5
      vertex 14.5983 -16.2364 5
      vertex 14.5983 -13.7636 5
    endloop
  endfacet
  facet normal 0 0 1
    outer loop
      vertex 14.5025 -13.799 5
      vertex 14.5025 -16.201 5
      vertex 14.5983 -16.2364 5
    endloop
  endfacet
  facet normal -0 0 1
    outer loop
      vertex 14.4098 -13.8417 5
      vertex 14.5025 -16.201 5
      vertex 14.5025 -13.799 5
    endloop
  endfacet
  facet normal 0 0 1
    outer loop
      vertex 14.4098 -13.8417 5
      vertex 14.4098 -16.1583 5
      vertex 14.5025 -16.201 5
    endloop
  endfacet
  facet normal -0 0 1
    outer loop
      vertex 14.3208 -13.8916 5
      vertex 14.4098 -16.1583 5
      vertex 14.4098 -13.8417 5
    endloop
  endfacet
  facet normal 0 0 1
    outer loop
      vertex 14.3208 -13.8916 5
      vertex 14.3208 -16.1084 5
      vertex 14.4098 -16.1583 5
    endloop
  endfacet
  facet normal -0 0 1
    outer loop
      vertex 14.2359 -13.9483 5
      vertex 14.3208 -16.1084 5
      vertex 14.3208 -13.8916 5
    endloop
  endfacet
  facet normal 0 0 1
    outer loop
      vertex 14.2359 -13.9483 5
      vertex 14.2359 -16.0517 5
      vertex 14.3208 -16.1084 5
    endloop
  endfacet
  facet normal -0 0 1
    outer loop
      vertex 14.1557 -14.0115 5
      vertex 14.2359 -16.0517 5
      vertex 14.2359 -13.9483 5
    endloop
  endfacet
  facet normal 0 0 1
    outer loop
      vertex 14.1557 -14.0115 5
      vertex 14.1557 -15.9885 5
      vertex 14.2359 -16.0517 5
    endloop
  endfacet
  facet normal -0 0 1
    outer loop
      vertex 14.0808 -14.0808 5
      vertex 14.1557 -15.9885 5
      vertex 14.1557 -14.0115 5
    endloop
  endfacet
  facet normal 0 0 1
    outer loop
      vertex 14.0808 -14.0808 5
      vertex 14.0808 -15.9192 5
      vertex 14.1557 -15.9885 5
    endloop
  endfacet
  facet normal -0 0 1
    outer loop
      vertex 14.0115 -14.1557 5
      vertex 14.0808 -15.9192 5
      vertex 14.0808 -14.0808 5
    endloop
  endfacet
  facet normal 0 0 1
    outer loop
      vertex 14.0115 -14.1557 5
      vertex 14.0115 -15.8443 5
      vertex 14.0808 -15.9192 5
    endloop
  endfacet
  facet normal -0 0 1
    outer loop
      vertex 13.9483 -14.2359 5
      vertex 14.0115 -15.8443 5
      vertex 14.0115 -14.1557 5
    endloop
  endfacet
  facet normal 0 0 1
    outer loop
      vertex 13.9483 -14.2359 5
      vertex 13.9483 -15.7641 5
      vertex 14.0115 -15.8443 5
    endloop
  endfacet
  facet normal -0 0 1
    outer loop
      vertex 13.8916 -14.3208 5
      vertex 13.9483 -15.7641 5
      vertex 13.9483 -14.2359 5
    endloop
  endfacet
  facet normal 0 0 1
    outer loop
      vertex 13.8916 -14.3208 5
      vertex 13.8916 -15.6792 5
      vertex 13.9483 -15.7641 5
    endloop
  endfacet
  facet normal -0 0 1
    outer loop
      vertex 13.8417 -14.4098 5
      vertex 13.8916 -15.6792 5
      vertex 13.8916 -14.3208 5
    endloop
  endfacet
  facet normal 0 0 1
    outer loop
      vertex 13.8417 -14.4098 5
      vertex 13.8417 -15.5902 5
      vertex 13.8916 -15.6792 5
    endloop
  endfacet
  facet normal -0 0 1
    outer loop
      vertex 13.799 -14.5025 5
      vertex 13.8417 -15.5902 5
      vertex 13.8417 -14.4098 5
    endloop
  endfacet
  facet normal 0 0 1
    outer loop
      vertex 13.799 -14.5025 5
      vertex 13.799 -15.4975 5
      vertex 13.8417 -15.5902 5
    endloop
  endfacet
  facet normal -0 0 1
    outer loop
      vertex 13.7636 -14.5983 5
      vertex 13.799 -15.4975 5
      vertex 13.799 -14.5025 5
    endloop
  endfacet
  facet normal 0 0 1
    outer loop
      vertex 13.7636 -14.5983 5
      vertex 13.7636 -15.4017 5
      vertex 13.799 -15.4975 5
    endloop
  endfacet
  facet normal -0 0 1
    outer loop
      vertex 13.7359 -14.6965 5
      vertex 13.7636 -15.4017 5
      vertex 13.7636 -14.5983 5
    endloop
  endfacet
  facet normal 0 0 1
    outer loop
      vertex 13.7359 -14.6965 5
      vertex 13.7359 -15.3035 5
      vertex 13.7636 -15.4017 5
    endloop
  endfacet
  facet normal -0 0 1
    outer loop
      vertex 13.716 -14.7966 5
      vertex 13.7359 -15.3035 5
      vertex 13.7359 -14.6965 5
    endloop
  endfacet
  facet normal 0 0 1
    outer loop
      vertex 13.716 -14.7966 5
      vertex 13.716 -15.2034 5
      vertex 13.7359 -15.3035 5
    endloop
  endfacet
  facet normal -0 0 1
    outer loop
      vertex 13.704 -14.898 5
      vertex 13.716 -15.2034 5
      vertex 13.716 -14.7966 5
    endloop
  endfacet
  facet normal 0 0 1
    outer loop
      vertex 13.704 -14.898 5
      vertex 13.704 -15.102 5
      vertex 13.716 -15.2034 5
    endloop
  endfacet
  facet normal 0 -0 1
    outer loop
      vertex 13.704 -15.102 5
      vertex 13.704 -14.898 5
      vertex 13.7 -15 5
    endloop
  endfacet
  facet normal 0 0 1
    outer loop
      vertex 16.296 15.102 5
      vertex 16.296 14.898 5
      vertex 16.3 15 5
    endloop
  endfacet
  facet normal 0 0 1
    outer loop
      vertex 16.284 15.2034 5
      vertex 16.296 14.898 5
      vertex 16.296 15.102 5
    endloop
  endfacet
  facet normal 0 0 1
    outer loop
      vertex 16.284 15.2034 5
      vertex 16.284 14.7966 5
      vertex 16.296 14.898 5
    endloop
  endfacet
  facet normal 0 0 1
    outer loop
      vertex 16.2641 15.3035 5
      vertex 16.284 14.7966 5
      vertex 16.284 15.2034 5
    endloop
  endfacet
  facet normal 0 0 1
    outer loop
      vertex 16.2641 15.3035 5
      vertex 16.2641 14.6965 5
      vertex 16.284 14.7966 5
    endloop
  endfacet
  facet normal 0 0 1
    outer loop
      vertex 16.2364 15.4017 5
      vertex 16.2641 14.6965 5
      vertex 16.2641 15.3035 5
    endloop
  endfacet
  facet normal 0 0 1
    outer loop
      vertex 16.2364 15.4017 5
      vertex 16.2364 14.5983 5
      vertex 16.2641 14.6965 5
    endloop
  endfacet
  facet normal 0 0 1
    outer loop
      vertex 16.201 15.4975 5
      vertex 16.2364 14.5983 5
      vertex 16.2364 15.4017 5
    endloop
  endfacet
  facet normal 0 0 1
    outer loop
      vertex 16.201 15.4975 5
      vertex 16.201 14.5025 5
      vertex 16.2364 14.5983 5
    endloop
  endfacet
  facet normal 0 0 1
    outer loop
      vertex 16.1583 15.5902 5
      vertex 16.201 14.5025 5
      vertex 16.201 15.4975 5
    endloop
  endfacet
  facet normal 0 0 1
    outer loop
      vertex 16.1583 15.5902 5
      vertex 16.1583 14.4098 5
      vertex 16.201 14.5025 5
    endloop
  endfacet
  facet normal 0 0 1
    outer loop
      vertex 16.1084 15.6792 5
      vertex 16.1583 14.4098 5
      vertex 16.1583 15.5902 5
    endloop
  endfacet
  facet normal 0 0 1
    outer loop
      vertex 16.1084 15.6792 5
      vertex 16.1084 14.3208 5
      vertex 16.1583 14.4098 5
    endloop
  endfacet
  facet normal 0 0 1
    outer loop
      vertex 16.0517 15.7641 5
      vertex 16.1084 14.3208 5
      vertex 16.1084 15.6792 5
    endloop
  endfacet
  facet normal 0 0 1
    outer loop
      vertex 16.0517 15.7641 5
      vertex 16.0517 14.2359 5
      vertex 16.1084 14.3208 5
    endloop
  endfacet
  facet normal 0 0 1
    outer loop
      vertex 15.9885 15.8443 5
      vertex 16.0517 14.2359 5
      vertex 16.0517 15.7641 5
    endloop
  endfacet
  facet normal 0 0 1
    outer loop
      vertex 15.9885 15.8443 5
      vertex 15.9885 14.1557 5
      vertex 16.0517 14.2359 5
    endloop
  endfacet
  facet normal 0 0 1
    outer loop
      vertex 15.9192 15.9192 5
      vertex 15.9885 14.1557 5
      vertex 15.9885 15.8443 5
    endloop
  endfacet
  facet normal 0 0 1
    outer loop
      vertex 15.9192 15.9192 5
      vertex 15.9192 14.0808 5
      vertex 15.9885 14.1557 5
    endloop
  endfacet
  facet normal 0 0 1
    outer loop
      vertex 15.8443 15.9885 5
      vertex 15.9192 14.0808 5
      vertex 15.9192 15.9192 5
    endloop
  endfacet
  facet normal 0 0 1
    outer loop
      vertex 15.8443 15.9885 5
      vertex 15.8443 14.0115 5
      vertex 15.9192 14.0808 5
    endloop
  endfacet
  facet normal 0 0 1
    outer loop
      vertex 15.7641 16.0517 5
      vertex 15.8443 14.0115 5
      vertex 15.8443 15.9885 5
    endloop
  endfacet
  facet normal 0 0 1
    outer loop
      vertex 15.7641 16.0517 5
      vertex 15.7641 13.9483 5
      vertex 15.8443 14.0115 5
    endloop
  endfacet
  facet normal 0 0 1
    outer loop
      vertex 15.6792 16.1084 5
      vertex 15.7641 13.9483 5
      vertex 15.7641 16.0517 5
    endloop
  endfacet
  facet normal 0 0 1
    outer loop
      vertex 15.6792 16.1084 5
      vertex 15.6792 13.8916 5
      vertex 15.7641 13.9483 5
    endloop
  endfacet
  facet normal 0 0 1
    outer loop
      vertex 15.5902 16.1583 5
      vertex 15.6792 13.8916 5
      vertex 15.6792 16.1084 5
    endloop
  endfacet
  facet normal 0 0 1
    outer loop
      vertex 15.5902 16.1583 5
      vertex 15.5902 13.8417 5
      vertex 15.6792 13.8916 5
    endloop
  endfacet
  facet normal 0 0 1
    outer loop
      vertex 15.4975 16.201 5
      vertex 15.5902 13.8417 5
      vertex 15.5902 16.1583 5
    endloop
  endfacet
  facet normal 0 0 1
    outer loop
      vertex 15.4975 16.201 5
      vertex 15.4975 13.799 5
      vertex 15.5902 13.8417 5
    endloop
  endfacet
  facet normal 0 0 1
    outer loop
      vertex 15.4017 16.2364 5
      vertex 15.4975 13.799 5
      vertex 15.4975 16.201 5
    endloop
  endfacet
  facet normal 0 0 1
    outer loop
      vertex 15.4017 16.2364 5
      vertex 15.4017 13.7636 5
      vertex 15.4975 13.799 5
    endloop
  endfacet
  facet normal 0 0 1
    outer loop
      vertex 15.3035 16.2641 5
      vertex 15.4017 13.7636 5
      vertex 15.4017 16.2364 5
    endloop
  endfacet
  facet normal 0 0 1
    outer loop
      vertex 15.3035 16.2641 5
      vertex 15.3035 13.7359 5
      vertex 15.4017 13.7636 5
    endloop
  endfacet
  facet normal 0 0 1
    outer loop
      vertex 15.2034 16.284 5
      vertex 15.3035 13.7359 5
      vertex 15.3035 16.2641 5
    endloop
  endfacet
  facet normal 0 0 1
    outer loop
      vertex 15.2034 16.284 5
      vertex 15.2034 13.716 5
      vertex 15.3035 13.7359 5
    endloop
  endfacet
  facet normal 0 0 1
    outer loop
      vertex 15.102 16.296 5
      vertex 15.2034 13.716 5
      vertex 15.2034 16.284 5
    endloop
  endfacet
  facet normal 0 0 1
    outer loop
      vertex 15.102 16.296 5
      vertex 15.102 13.704 5
      vertex 15.2034 13.716 5
    endloop
  endfacet
  facet normal 0 0 1
    outer loop
      vertex 15 16.3 5
      vertex 15.102 13.704 5
      vertex 15.102 16.296 5
    endloop
  endfacet
  facet normal 0 0 1
    outer loop
      vertex 15 16.3 5
      vertex 15 13.7 5
      vertex 15.102 13.704 5
    endloop
  endfacet
  facet normal -0 0 1
    outer loop
      vertex 14.898 16.296 5
      vertex 15 13.7 5
      vertex 15 16.3 5
    endloop
  endfacet
  facet normal 0 0 1
    outer loop
      vertex 14.898 16.296 5
      vertex 14.898 13.704 5
      vertex 15 13.7 5
    endloop
  endfacet
  facet normal -0 0 1
    outer loop
      vertex 14.7966 16.284 5
      vertex 14.898 13.704 5
      vertex 14.898 16.296 5
    endloop
  endfacet
  facet normal 0 0 1
    outer loop
      vertex 14.7966 16.284 5
      vertex 14.7966 13.716 5
      vertex 14.898 13.704 5
    endloop
  endfacet
  facet normal -0 0 1
    outer loop
      vertex 14.6965 16.2641 5
      vertex 14.7966 13.716 5
      vertex 14.7966 16.284 5
    endloop
  endfacet
  facet normal 0 0 1
    outer loop
      vertex 14.6965 16.2641 5
      vertex 14.6965 13.7359 5
      vertex 14.7966 13.716 5
    endloop
  endfacet
  facet normal -0 0 1
    outer loop
      vertex 14.5983 16.2364 5
      vertex 14.6965 13.7359 5
      vertex 14.6965 16.2641 5
    endloop
  endfacet
  facet normal 0 0 1
    outer loop
      vertex 14.5983 16.2364 5
      vertex 14.5983 13.7636 5
      vertex 14.6965 13.7359 5
    endloop
  endfacet
  facet normal -0 0 1
    outer loop
      vertex 14.5025 16.201 5
      vertex 14.5983 13.7636 5
      vertex 14.5983 16.2364 5
    endloop
  endfacet
  facet normal 0 0 1
    outer loop
      vertex 14.5025 16.201 5
      vertex 14.5025 13.799 5
      vertex 14.5983 13.7636 5
    endloop
  endfacet
  facet normal -0 0 1
    outer loop
      vertex 14.4098 16.1583 5
      vertex 14.5025 13.799 5
      vertex 14.5025 16.201 5
    endloop
  endfacet
  facet normal 0 0 1
    outer loop
      vertex 14.4098 16.1583 5
      vertex 14.4098 13.8417 5
      vertex 14.5025 13.799 5
    endloop
  endfacet
  facet normal -0 0 1
    outer loop
      vertex 14.3208 16.1084 5
      vertex 14.4098 13.8417 5
      vertex 14.4098 16.1583 5
    endloop
  endfacet
  facet normal 0 0 1
    outer loop
      vertex 14.3208 16.1084 5
      vertex 14.3208 13.8916 5
      vertex 14.4098 13.8417 5
    endloop
  endfacet
  facet normal -0 0 1
    outer loop
      vertex 14.2359 16.0517 5
      vertex 14.3208 13.8916 5
      vertex 14.3208 16.1084 5
    endloop
  endfacet
  facet normal 0 0 1
    outer loop
      vertex 14.2359 16.0517 5
      vertex 14.2359 13.9483 5
      vertex 14.3208 13.8916 5
    endloop
  endfacet
  facet normal -0 0 1
    outer loop
      vertex 14.1557 15.9885 5
      vertex 14.2359 13.9483 5
      vertex 14.2359 16.0517 5
    endloop
  endfacet
  facet normal 0 0 1
    outer loop
      vertex 14.1557 15.9885 5
      vertex 14.1557 14.0115 5
      vertex 14.2359 13.9483 5
    endloop
  endfacet
  facet normal -0 0 1
    outer loop
      vertex 14.0808 15.9192 5
      vertex 14.1557 14.0115 5
      vertex 14.1557 15.9885 5
    endloop
  endfacet
  facet normal 0 0 1
    outer loop
      vertex 14.0808 15.9192 5
      vertex 14.0808 14.0808 5
      vertex 14.1557 14.0115 5
    endloop
  endfacet
  facet normal -0 0 1
    outer loop
      vertex 14.0115 15.8443 5
      vertex 14.0808 14.0808 5
      vertex 14.0808 15.9192 5
    endloop
  endfacet
  facet normal 0 0 1
    outer loop
      vertex 14.0115 15.8443 5
      vertex 14.0115 14.1557 5
      vertex 14.0808 14.0808 5
    endloop
  endfacet
  facet normal -0 0 1
    outer loop
      vertex 13.9483 15.7641 5
      vertex 14.0115 14.1557 5
      vertex 14.0115 15.8443 5
    endloop
  endfacet
  facet normal 0 0 1
    outer loop
      vertex 13.9483 15.7641 5
      vertex 13.9483 14.2359 5
      vertex 14.0115 14.1557 5
    endloop
  endfacet
  facet normal -0 0 1
    outer loop
      vertex 13.8916 15.6792 5
      vertex 13.9483 14.2359 5
      vertex 13.9483 15.7641 5
    endloop
  endfacet
  facet normal 0 0 1
    outer loop
      vertex 13.8916 15.6792 5
      vertex 13.8916 14.3208 5
      vertex 13.9483 14.2359 5
    endloop
  endfacet
  facet normal -0 0 1
    outer loop
      vertex 13.8417 15.5902 5
      vertex 13.8916 14.3208 5
      vertex 13.8916 15.6792 5
    endloop
  endfacet
  facet normal 0 0 1
    outer loop
      vertex 13.8417 15.5902 5
      vertex 13.8417 14.4098 5
      vertex 13.8916 14.3208 5
    endloop
  endfacet
  facet normal -0 0 1
    outer loop
      vertex 13.799 15.4975 5
      vertex 13.8417 14.4098 5
      vertex 13.8417 15.5902 5
    endloop
  endfacet
  facet normal 0 0 1
    outer loop
      vertex 13.799 15.4975 5
      vertex 13.799 14.5025 5
      vertex 13.8417 14.4098 5
    endloop
  endfacet
  facet normal -0 0 1
    outer loop
      vertex 13.7636 15.4017 5
      vertex 13.799 14.5025 5
      vertex 13.799 15.4975 5
    endloop
  endfacet
  facet normal 0 0 1
    outer loop
      vertex 13.7636 15.4017 5
      vertex 13.7636 14.5983 5
      vertex 13.799 14.5025 5
    endloop
  endfacet
  facet normal -0 0 1
    outer loop
      vertex 13.7359 15.3035 5
      vertex 13.7636 14.5983 5
      vertex 13.7636 15.4017 5
    endloop
  endfacet
  facet normal 0 0 1
    outer loop
      vertex 13.7359 15.3035 5
      vertex 13.7359 14.6965 5
      vertex 13.7636 14.5983 5
    endloop
  endfacet
  facet normal -0 0 1
    outer loop
      vertex 13.716 15.2034 5
      vertex 13.7359 14.6965 5
      vertex 13.7359 15.3035 5
    endloop
  endfacet
  facet normal 0 0 1
    outer loop
      vertex 13.716 15.2034 5
      vertex 13.716 14.7966 5
      vertex 13.7359 14.6965 5
    endloop
  endfacet
  facet normal -0 0 1
    outer loop
      vertex 13.704 15.102 5
      vertex 13.716 14.7966 5
      vertex 13.716 15.2034 5
    endloop
  endfacet
  facet normal 0 0 1
    outer loop
      vertex 13.704 15.102 5
      vertex 13.704 14.898 5
      vertex 13.716 14.7966 5
    endloop
  endfacet
  facet normal 0 -0 1
    outer loop
      vertex 13.704 14.898 5
      vertex 13.704 15.102 5
      vertex 13.7 15 5
    endloop
  endfacet
  facet normal 1 0 0
    outer loop
      vertex 28 25 5
      vertex 28 23 0
      vertex 28 25 0
    endloop
  endfacet
  facet normal 1 0 0
    outer loop
      vertex 28 23 0
      vertex 28 20 0
      vertex 28 23 -3
    endloop
  endfacet
  facet normal 1 0 0
    outer loop
      vertex 28 25 5
      vertex 28 20 0
      vertex 28 23 0
    endloop
  endfacet
  facet normal 1 0 0
    outer loop
      vertex 28 25 5
      vertex 28 -20 0
      vertex 28 20 0
    endloop
  endfacet
  facet normal 1 0 0
    outer loop
      vertex 28 -20 0
      vertex 28 -23 0
      vertex 28 -20 -3
    endloop
  endfacet
  facet normal 1 -0 0
    outer loop
      vertex 28 -25 5
      vertex 28 -20 0
      vertex 28 25 5
    endloop
  endfacet
  facet normal 1 0 0
    outer loop
      vertex 28 -20 0
      vertex 28 -25 5
      vertex 28 -23 0
    endloop
  endfacet
  facet normal 1 0 0
    outer loop
      vertex 28 -23 0
      vertex 28 -25 5
      vertex 28 -25 0
    endloop
  endfacet
  facet normal 1 0 0
    outer loop
      vertex 28 23 -3
      vertex 28 20 0
      vertex 28 20 -3
    endloop
  endfacet
  facet normal 1 0 0
    outer loop
      vertex 28 -20 -3
      vertex 28 -23 0
      vertex 28 -23 -3
    endloop
  endfacet
  facet normal 0 1 -0
    outer loop
      vertex 23 25 0
      vertex 1 25 5
      vertex 28 25 5
    endloop
  endfacet
  facet normal 0 1 0
    outer loop
      vertex 23 25 0
      vertex 28 25 5
      vertex 26 25 0
    endloop
  endfacet
  facet normal 0 1 0
    outer loop
      vertex 26 25 0
      vertex 28 25 5
      vertex 28 25 0
    endloop
  endfacet
  facet normal 0 1 0
    outer loop
      vertex -23 25 0
      vertex -1 25 5
      vertex -1 25 4
    endloop
  endfacet
  facet normal 0 1 0
    outer loop
      vertex 1 25 5
      vertex 23 25 0
      vertex 1 25 4
    endloop
  endfacet
  facet normal 0 1 0
    outer loop
      vertex 1 25 4
      vertex 23 25 0
      vertex -1 25 4
    endloop
  endfacet
  facet normal 0 1 0
    outer loop
      vertex -23 25 0
      vertex -1 25 4
      vertex 23 25 0
    endloop
  endfacet
  facet normal 0 1 0
    outer loop
      vertex -1 25 5
      vertex -23 25 0
      vertex -28 25 5
    endloop
  endfacet
  facet normal 0 1 -0
    outer loop
      vertex -26 25 0
      vertex -28 25 5
      vertex -23 25 0
    endloop
  endfacet
  facet normal 0 1 0
    outer loop
      vertex -28 25 5
      vertex -26 25 0
      vertex -28 25 0
    endloop
  endfacet
  facet normal 0 1 -0
    outer loop
      vertex -23 25 -3
      vertex -26 25 0
      vertex -23 25 0
    endloop
  endfacet
  facet normal 0 1 0
    outer loop
      vertex -26 25 0
      vertex -23 25 -3
      vertex -26 25 -3
    endloop
  endfacet
  facet normal 0 1 -0
    outer loop
      vertex 26 25 -3
      vertex 23 25 0
      vertex 26 25 0
    endloop
  endfacet
  facet normal 0 1 0
    outer loop
      vertex 23 25 0
      vertex 26 25 -3
      vertex 23 25 -3
    endloop
  endfacet
  facet normal 0 0 -1
    outer loop
      vertex 26 -25 0
      vertex 28 -23 0
      vertex 28 -25 0
    endloop
  endfacet
  facet normal -0 0 -1
    outer loop
      vertex 28 -23 0
      vertex 26 -25 0
      vertex 26 -23 0
    endloop
  endfacet
  facet normal 0 0 -1
    outer loop
      vertex -28 -25 0
      vertex -26 -23 0
      vertex -26 -25 0
    endloop
  endfacet
  facet normal -0 0 -1
    outer loop
      vertex -26 -23 0
      vertex -28 -25 0
      vertex -28 -23 0
    endloop
  endfacet
  facet normal 0 0 -1
    outer loop
      vertex 26 -20 0
      vertex 28 20 0
      vertex 28 -20 0
    endloop
  endfacet
  facet normal -0 0 -1
    outer loop
      vertex 28 20 0
      vertex 26 -20 0
      vertex 26 20 0
    endloop
  endfacet
  facet normal 0 0 -1
    outer loop
      vertex -28 -20 0
      vertex -26 -2.09097 0
      vertex -26 -20 0
    endloop
  endfacet
  facet normal -0 0 -1
    outer loop
      vertex -26 -2.09097 0
      vertex -28 -20 0
      vertex -26.0019 -2.0906 0
    endloop
  endfacet
  facet normal -0 0 -1
    outer loop
      vertex -26.0019 -2.0906 0
      vertex -28 -20 0
      vertex -26.1644 -2.04477 0
    endloop
  endfacet
  facet normal -0 0 -1
    outer loop
      vertex -26.1644 -2.04477 0
      vertex -28 -20 0
      vertex -26.3228 -1.98634 0
    endloop
  endfacet
  facet normal -0 0 -1
    outer loop
      vertex -26.3228 -1.98634 0
      vertex -28 -20 0
      vertex -26.4761 -1.91566 0
    endloop
  endfacet
  facet normal -0 0 -1
    outer loop
      vertex -26.4761 -1.91566 0
      vertex -28 -20 0
      vertex -26.6234 -1.83318 0
    endloop
  endfacet
  facet normal -0 0 -1
    outer loop
      vertex -26.6234 -1.83318 0
      vertex -28 -20 0
      vertex -26.7637 -1.73939 0
    endloop
  endfacet
  facet normal -0 0 -1
    outer loop
      vertex -26.7637 -1.73939 0
      vertex -28 -20 0
      vertex -26.8963 -1.63487 0
    endloop
  endfacet
  facet normal -0 0 -1
    outer loop
      vertex -26.8963 -1.63487 0
      vertex -28 -20 0
      vertex -27.0203 -1.52028 0
    endloop
  endfacet
  facet normal -0 0 -1
    outer loop
      vertex -27.0203 -1.52028 0
      vertex -28 -20 0
      vertex -27.1349 -1.39631 0
    endloop
  endfacet
  facet normal -0 0 -1
    outer loop
      vertex -27.1349 -1.39631 0
      vertex -28 -20 0
      vertex -27.2394 -1.26374 0
    endloop
  endfacet
  facet normal -0 0 -1
    outer loop
      vertex -27.2394 -1.26374 0
      vertex -28 -20 0
      vertex -27.3332 -1.12337 0
    endloop
  endfacet
  facet normal -0 0 -1
    outer loop
      vertex -27.3332 -1.12337 0
      vertex -28 -20 0
      vertex -27.4157 -0.976079 0
    endloop
  endfacet
  facet normal -0 0 -1
    outer loop
      vertex -27.4157 -0.976079 0
      vertex -28 -20 0
      vertex -27.4863 -0.822769 0
    endloop
  endfacet
  facet normal -0 0 -1
    outer loop
      vertex -27.4863 -0.822769 0
      vertex -28 -20 0
      vertex -27.5448 -0.664386 0
    endloop
  endfacet
  facet normal -0 0 -1
    outer loop
      vertex -27.5448 -0.664386 0
      vertex -28 -20 0
      vertex -27.5906 -0.501907 0
    endloop
  endfacet
  facet normal -0 0 -1
    outer loop
      vertex -27.5906 -0.501907 0
      vertex -28 -20 0
      vertex -27.6235 -0.336333 0
    endloop
  endfacet
  facet normal -0 0 -1
    outer loop
      vertex -27.6434 -0.168687 0
      vertex -28 -20 0
      vertex -27.65 0 0
    endloop
  endfacet
  facet normal -0 0 -1
    outer loop
      vertex -27.6235 -0.336333 0
      vertex -28 -20 0
      vertex -27.6434 -0.168687 0
    endloop
  endfacet
  facet normal 0 0 -1
    outer loop
      vertex -28 20 0
      vertex -26 2.09097 0
      vertex -26.0019 2.0906 0
    endloop
  endfacet
  facet normal 0 0 -1
    outer loop
      vertex -28 20 0
      vertex -26.0019 2.0906 0
      vertex -26.1644 2.04477 0
    endloop
  endfacet
  facet normal 0 0 -1
    outer loop
      vertex -28 20 0
      vertex -26.1644 2.04477 0
      vertex -26.3228 1.98634 0
    endloop
  endfacet
  facet normal 0 0 -1
    outer loop
      vertex -28 20 0
      vertex -26.3228 1.98634 0
      vertex -26.4761 1.91566 0
    endloop
  endfacet
  facet normal 0 0 -1
    outer loop
      vertex -28 20 0
      vertex -26.4761 1.91566 0
      vertex -26.6234 1.83318 0
    endloop
  endfacet
  facet normal 0 0 -1
    outer loop
      vertex -28 20 0
      vertex -26.6234 1.83318 0
      vertex -26.7637 1.73939 0
    endloop
  endfacet
  facet normal 0 0 -1
    outer loop
      vertex -28 20 0
      vertex -26.7637 1.73939 0
      vertex -26.8963 1.63487 0
    endloop
  endfacet
  facet normal 0 0 -1
    outer loop
      vertex -28 20 0
      vertex -26.8963 1.63487 0
      vertex -27.0203 1.52028 0
    endloop
  endfacet
  facet normal 0 0 -1
    outer loop
      vertex -28 20 0
      vertex -27.0203 1.52028 0
      vertex -27.1349 1.39631 0
    endloop
  endfacet
  facet normal 0 0 -1
    outer loop
      vertex -28 20 0
      vertex -27.1349 1.39631 0
      vertex -27.2394 1.26374 0
    endloop
  endfacet
  facet normal 0 0 -1
    outer loop
      vertex -28 20 0
      vertex -27.2394 1.26374 0
      vertex -27.3332 1.12337 0
    endloop
  endfacet
  facet normal 0 0 -1
    outer loop
      vertex -28 20 0
      vertex -27.3332 1.12337 0
      vertex -27.4157 0.976079 0
    endloop
  endfacet
  facet normal 0 0 -1
    outer loop
      vertex -28 20 0
      vertex -27.4157 0.976079 0
      vertex -27.4863 0.822769 0
    endloop
  endfacet
  facet normal 0 0 -1
    outer loop
      vertex -28 20 0
      vertex -27.4863 0.822769 0
      vertex -27.5448 0.664386 0
    endloop
  endfacet
  facet normal 0 0 -1
    outer loop
      vertex -28 20 0
      vertex -27.5448 0.664386 0
      vertex -27.5906 0.501907 0
    endloop
  endfacet
  facet normal 0 0 -1
    outer loop
      vertex -28 20 0
      vertex -27.5906 0.501907 0
      vertex -27.6235 0.336333 0
    endloop
  endfacet
  facet normal 0 0 -1
    outer loop
      vertex -28 20 0
      vertex -27.6235 0.336333 0
      vertex -27.6434 0.168687 0
    endloop
  endfacet
  facet normal 0 0 -1
    outer loop
      vertex -26 2.09097 0
      vertex -28 20 0
      vertex -26 20 0
    endloop
  endfacet
  facet normal 0 0 -1
    outer loop
      vertex -27.65 0 0
      vertex -28 20 0
      vertex -27.6434 0.168687 0
    endloop
  endfacet
  facet normal 0 0 -1
    outer loop
      vertex -28 20 0
      vertex -27.65 0 0
      vertex -28 -20 0
    endloop
  endfacet
  facet normal 0 0 -1
    outer loop
      vertex 26 23 0
      vertex 28 25 0
      vertex 28 23 0
    endloop
  endfacet
  facet normal -0 0 -1
    outer loop
      vertex 28 25 0
      vertex 26 23 0
      vertex 26 25 0
    endloop
  endfacet
  facet normal 0 0 -1
    outer loop
      vertex -28 23 0
      vertex -26 25 0
      vertex -26 23 0
    endloop
  endfacet
  facet normal -0 0 -1
    outer loop
      vertex -26 25 0
      vertex -28 23 0
      vertex -28 25 0
    endloop
  endfacet
  facet normal 0 0 -1
    outer loop
      vertex -23 -25 0
      vertex 23 -23 0
      vertex 23 -25 0
    endloop
  endfacet
  facet normal -0 0 -1
    outer loop
      vertex 23 -23 0
      vertex -23 -25 0
      vertex -23 -23 0
    endloop
  endfacet
  facet normal 0 0 -1
    outer loop
      vertex -23 23 0
      vertex 23 25 0
      vertex 23 23 0
    endloop
  endfacet
  facet normal -0 0 -1
    outer loop
      vertex 23 25 0
      vertex -23 23 0
      vertex -23 25 0
    endloop
  endfacet
  facet normal 0 0 -1
    outer loop
      vertex 23 -20 0
      vertex 11.65 0 0
      vertex 23 20 0
    endloop
  endfacet
  facet normal 0 0 -1
    outer loop
      vertex 23 -20 0
      vertex 11.6434 -0.168687 0
      vertex 11.65 0 0
    endloop
  endfacet
  facet normal 0 0 -1
    outer loop
      vertex 23 -20 0
      vertex 11.6235 -0.336333 0
      vertex 11.6434 -0.168687 0
    endloop
  endfacet
  facet normal 0 0 -1
    outer loop
      vertex 23 -20 0
      vertex 11.5906 -0.501907 0
      vertex 11.6235 -0.336333 0
    endloop
  endfacet
  facet normal 0 0 -1
    outer loop
      vertex 23 -20 0
      vertex 11.5448 -0.664386 0
      vertex 11.5906 -0.501907 0
    endloop
  endfacet
  facet normal 0 0 -1
    outer loop
      vertex 11 -8 0
      vertex 11.5448 -0.664386 0
      vertex 23 -20 0
    endloop
  endfacet
  facet normal 0 0 -1
    outer loop
      vertex 11.5448 -0.664386 0
      vertex 11 -8 0
      vertex 11.4863 -0.822769 0
    endloop
  endfacet
  facet normal 0 0 -1
    outer loop
      vertex 11.4863 -0.822769 0
      vertex 11 -8 0
      vertex 11.4157 -0.976079 0
    endloop
  endfacet
  facet normal 0 0 -1
    outer loop
      vertex 11.4157 -0.976079 0
      vertex 11 -8 0
      vertex 11.3332 -1.12337 0
    endloop
  endfacet
  facet normal 0 0 -1
    outer loop
      vertex 11.3332 -1.12337 0
      vertex 11 -8 0
      vertex 11.2394 -1.26374 0
    endloop
  endfacet
  facet normal 0 0 -1
    outer loop
      vertex 11.2394 -1.26374 0
      vertex 11 -8 0
      vertex 11.1349 -1.39631 0
    endloop
  endfacet
  facet normal 0 0 -1
    outer loop
      vertex 11.1349 -1.39631 0
      vertex 11 -8 0
      vertex 11.0203 -1.52028 0
    endloop
  endfacet
  facet normal 0 0 -1
    outer loop
      vertex 1.417 -11.0259 0
      vertex 11 -8 0
      vertex 23 -20 0
    endloop
  endfacet
  facet normal -0 0 -1
    outer loop
      vertex 11 -8 0
      vertex 3.73075 -8.52289 0
      vertex 4.08013 -8 0
    endloop
  endfacet
  facet normal 0 0 -1
    outer loop
      vertex 11 -8 0
      vertex 3.02589 -9.417 0
      vertex 3.73075 -8.52289 0
    endloop
  endfacet
  facet normal 0 0 -1
    outer loop
      vertex 11 -8 0
      vertex 2.25305 -10.253 0
      vertex 3.02589 -9.417 0
    endloop
  endfacet
  facet normal 0 0 -1
    outer loop
      vertex 11 -8 0
      vertex 1.417 -11.0259 0
      vertex 2.25305 -10.253 0
    endloop
  endfacet
  facet normal 0 0 -1
    outer loop
      vertex 23 -20 0
      vertex 0.522885 -11.7307 0
      vertex 1.417 -11.0259 0
    endloop
  endfacet
  facet normal 0 0 -1
    outer loop
      vertex 23 -20 0
      vertex -0.42377 -12.3633 0
      vertex 0.522885 -11.7307 0
    endloop
  endfacet
  facet normal 0 0 -1
    outer loop
      vertex 23 -20 0
      vertex -1.41714 -12.9196 0
      vertex -0.42377 -12.3633 0
    endloop
  endfacet
  facet normal 0 0 -1
    outer loop
      vertex 23 -20 0
      vertex -2.45109 -13.3963 0
      vertex -1.41714 -12.9196 0
    endloop
  endfacet
  facet normal 0 0 -1
    outer loop
      vertex 23 -20 0
      vertex -3.51925 -13.7903 0
      vertex -2.45109 -13.3963 0
    endloop
  endfacet
  facet normal 0 0 -1
    outer loop
      vertex 23 -20 0
      vertex -4.61504 -14.0994 0
      vertex -3.51925 -13.7903 0
    endloop
  endfacet
  facet normal 0 0 -1
    outer loop
      vertex 23 -20 0
      vertex -5.7317 -14.3215 0
      vertex -4.61504 -14.0994 0
    endloop
  endfacet
  facet normal 0 0 -1
    outer loop
      vertex -23 -20 0
      vertex -5.7317 -14.3215 0
      vertex 23 -20 0
    endloop
  endfacet
  facet normal 0 0 -1
    outer loop
      vertex -5.7317 -14.3215 0
      vertex -23 -20 0
      vertex -6.86234 -14.4553 0
    endloop
  endfacet
  facet normal 0 0 -1
    outer loop
      vertex -6.86234 -14.4553 0
      vertex -23 -20 0
      vertex -8 -14.5 0
    endloop
  endfacet
  facet normal -0 0 -1
    outer loop
      vertex -8 -14.5 0
      vertex -23 -20 0
      vertex -9.13766 -14.4553 0
    endloop
  endfacet
  facet normal -0 0 -1
    outer loop
      vertex -22.4553 -1.13766 0
      vertex -23 -20 0
      vertex -22.5 0 0
    endloop
  endfacet
  facet normal -0 0 -1
    outer loop
      vertex -22.3215 -2.2683 0
      vertex -23 -20 0
      vertex -22.4553 -1.13766 0
    endloop
  endfacet
  facet normal -0 0 -1
    outer loop
      vertex -22.0994 -3.38496 0
      vertex -23 -20 0
      vertex -22.3215 -2.2683 0
    endloop
  endfacet
  facet normal -0 0 -1
    outer loop
      vertex -21.7903 -4.48075 0
      vertex -23 -20 0
      vertex -22.0994 -3.38496 0
    endloop
  endfacet
  facet normal -0 0 -1
    outer loop
      vertex -21.3963 -5.54891 0
      vertex -23 -20 0
      vertex -21.7903 -4.48075 0
    endloop
  endfacet
  facet normal -0 0 -1
    outer loop
      vertex -20.9196 -6.58286 0
      vertex -23 -20 0
      vertex -21.3963 -5.54891 0
    endloop
  endfacet
  facet normal -0 0 -1
    outer loop
      vertex -20.3633 -7.57623 0
      vertex -23 -20 0
      vertex -20.9196 -6.58286 0
    endloop
  endfacet
  facet normal -0 0 -1
    outer loop
      vertex -19.7307 -8.52289 0
      vertex -23 -20 0
      vertex -20.3633 -7.57623 0
    endloop
  endfacet
  facet normal -0 0 -1
    outer loop
      vertex -19.0259 -9.417 0
      vertex -23 -20 0
      vertex -19.7307 -8.52289 0
    endloop
  endfacet
  facet normal -0 0 -1
    outer loop
      vertex -18.253 -10.253 0
      vertex -23 -20 0
      vertex -19.0259 -9.417 0
    endloop
  endfacet
  facet normal -0 0 -1
    outer loop
      vertex -17.417 -11.0259 0
      vertex -23 -20 0
      vertex -18.253 -10.253 0
    endloop
  endfacet
  facet normal -0 0 -1
    outer loop
      vertex -16.5229 -11.7307 0
      vertex -23 -20 0
      vertex -17.417 -11.0259 0
    endloop
  endfacet
  facet normal -0 0 -1
    outer loop
      vertex -15.5762 -12.3633 0
      vertex -23 -20 0
      vertex -16.5229 -11.7307 0
    endloop
  endfacet
  facet normal -0 0 -1
    outer loop
      vertex -14.5829 -12.9196 0
      vertex -23 -20 0
      vertex -15.5762 -12.3633 0
    endloop
  endfacet
  facet normal -0 0 -1
    outer loop
      vertex -13.5489 -13.3963 0
      vertex -23 -20 0
      vertex -14.5829 -12.9196 0
    endloop
  endfacet
  facet normal -0 0 -1
    outer loop
      vertex -12.4807 -13.7903 0
      vertex -23 -20 0
      vertex -13.5489 -13.3963 0
    endloop
  endfacet
  facet normal -0 0 -1
    outer loop
      vertex -11.385 -14.0994 0
      vertex -23 -20 0
      vertex -12.4807 -13.7903 0
    endloop
  endfacet
  facet normal -0 0 -1
    outer loop
      vertex -10.2683 -14.3215 0
      vertex -23 -20 0
      vertex -11.385 -14.0994 0
    endloop
  endfacet
  facet normal -0 0 -1
    outer loop
      vertex -9.13766 -14.4553 0
      vertex -23 -20 0
      vertex -10.2683 -14.3215 0
    endloop
  endfacet
  facet normal 0 0 -1
    outer loop
      vertex 11.6434 0.168687 0
      vertex 23 20 0
      vertex 11.65 0 0
    endloop
  endfacet
  facet normal 0 0 -1
    outer loop
      vertex 11.6235 0.336333 0
      vertex 23 20 0
      vertex 11.6434 0.168687 0
    endloop
  endfacet
  facet normal 0 0 -1
    outer loop
      vertex 11.5906 0.501907 0
      vertex 23 20 0
      vertex 11.6235 0.336333 0
    endloop
  endfacet
  facet normal 0 0 -1
    outer loop
      vertex 11.5448 0.664386 0
      vertex 23 20 0
      vertex 11.5906 0.501907 0
    endloop
  endfacet
  facet normal 0 0 -1
    outer loop
      vertex 11 8 0
      vertex 11.5448 0.664386 0
      vertex 11.4863 0.822769 0
    endloop
  endfacet
  facet normal 0 0 -1
    outer loop
      vertex 11 8 0
      vertex 11.4863 0.822769 0
      vertex 11.4157 0.976079 0
    endloop
  endfacet
  facet normal 0 0 -1
    outer loop
      vertex 11 8 0
      vertex 11.4157 0.976079 0
      vertex 11.3332 1.12337 0
    endloop
  endfacet
  facet normal 0 0 -1
    outer loop
      vertex 11 8 0
      vertex 11.3332 1.12337 0
      vertex 11.2394 1.26374 0
    endloop
  endfacet
  facet normal 0 0 -1
    outer loop
      vertex 11 8 0
      vertex 11.2394 1.26374 0
      vertex 11.1349 1.39631 0
    endloop
  endfacet
  facet normal 0 0 -1
    outer loop
      vertex 11 8 0
      vertex 11.1349 1.39631 0
      vertex 11.0203 1.52028 0
    endloop
  endfacet
  facet normal 0 0 -1
    outer loop
      vertex 11 8 0
      vertex 11.0203 1.52028 0
      vertex 11 1.53902 0
    endloop
  endfacet
  facet normal 0 0 -1
    outer loop
      vertex 11.5448 0.664386 0
      vertex 11 8 0
      vertex 23 20 0
    endloop
  endfacet
  facet normal 0 0 -1
    outer loop
      vertex 3.73075 8.52289 0
      vertex 11 8 0
      vertex 4.08013 8 0
    endloop
  endfacet
  facet normal 0 0 -1
    outer loop
      vertex 3.02589 9.417 0
      vertex 11 8 0
      vertex 3.73075 8.52289 0
    endloop
  endfacet
  facet normal 0 0 -1
    outer loop
      vertex 2.25305 10.253 0
      vertex 11 8 0
      vertex 3.02589 9.417 0
    endloop
  endfacet
  facet normal 0 0 -1
    outer loop
      vertex 1.417 11.0259 0
      vertex 11 8 0
      vertex 2.25305 10.253 0
    endloop
  endfacet
  facet normal 0 0 -1
    outer loop
      vertex 11 8 0
      vertex 1.417 11.0259 0
      vertex 23 20 0
    endloop
  endfacet
  facet normal 0 0 -1
    outer loop
      vertex 0.522885 11.7307 0
      vertex 23 20 0
      vertex 1.417 11.0259 0
    endloop
  endfacet
  facet normal 0 0 -1
    outer loop
      vertex -0.42377 12.3633 0
      vertex 23 20 0
      vertex 0.522885 11.7307 0
    endloop
  endfacet
  facet normal 0 0 -1
    outer loop
      vertex -1.41714 12.9196 0
      vertex 23 20 0
      vertex -0.42377 12.3633 0
    endloop
  endfacet
  facet normal 0 0 -1
    outer loop
      vertex -2.45109 13.3963 0
      vertex 23 20 0
      vertex -1.41714 12.9196 0
    endloop
  endfacet
  facet normal 0 0 -1
    outer loop
      vertex -3.51925 13.7903 0
      vertex 23 20 0
      vertex -2.45109 13.3963 0
    endloop
  endfacet
  facet normal 0 0 -1
    outer loop
      vertex -4.61504 14.0994 0
      vertex 23 20 0
      vertex -3.51925 13.7903 0
    endloop
  endfacet
  facet normal 0 0 -1
    outer loop
      vertex -5.7317 14.3215 0
      vertex 23 20 0
      vertex -4.61504 14.0994 0
    endloop
  endfacet
  facet normal 0 0 -1
    outer loop
      vertex -23 20 0
      vertex -5.7317 14.3215 0
      vertex -6.86234 14.4553 0
    endloop
  endfacet
  facet normal 0 0 -1
    outer loop
      vertex -23 20 0
      vertex -6.86234 14.4553 0
      vertex -8 14.5 0
    endloop
  endfacet
  facet normal 0 0 -1
    outer loop
      vertex -23 20 0
      vertex -8 14.5 0
      vertex -9.13766 14.4553 0
    endloop
  endfacet
  facet normal 0 0 -1
    outer loop
      vertex -23 20 0
      vertex -9.13766 14.4553 0
      vertex -10.2683 14.3215 0
    endloop
  endfacet
  facet normal 0 0 -1
    outer loop
      vertex -5.7317 14.3215 0
      vertex -23 20 0
      vertex 23 20 0
    endloop
  endfacet
  facet normal 0 0 -1
    outer loop
      vertex -11.385 14.0994 0
      vertex -23 20 0
      vertex -10.2683 14.3215 0
    endloop
  endfacet
  facet normal 0 0 -1
    outer loop
      vertex -12.4807 13.7903 0
      vertex -23 20 0
      vertex -11.385 14.0994 0
    endloop
  endfacet
  facet normal 0 0 -1
    outer loop
      vertex -13.5489 13.3963 0
      vertex -23 20 0
      vertex -12.4807 13.7903 0
    endloop
  endfacet
  facet normal 0 0 -1
    outer loop
      vertex -14.5829 12.9196 0
      vertex -23 20 0
      vertex -13.5489 13.3963 0
    endloop
  endfacet
  facet normal 0 0 -1
    outer loop
      vertex -15.5762 12.3633 0
      vertex -23 20 0
      vertex -14.5829 12.9196 0
    endloop
  endfacet
  facet normal 0 0 -1
    outer loop
      vertex -16.5229 11.7307 0
      vertex -23 20 0
      vertex -15.5762 12.3633 0
    endloop
  endfacet
  facet normal 0 0 -1
    outer loop
      vertex -17.417 11.0259 0
      vertex -23 20 0
      vertex -16.5229 11.7307 0
    endloop
  endfacet
  facet normal 0 0 -1
    outer loop
      vertex -18.253 10.253 0
      vertex -23 20 0
      vertex -17.417 11.0259 0
    endloop
  endfacet
  facet normal 0 0 -1
    outer loop
      vertex -19.0259 9.417 0
      vertex -23 20 0
      vertex -18.253 10.253 0
    endloop
  endfacet
  facet normal 0 0 -1
    outer loop
      vertex -19.7307 8.52289 0
      vertex -23 20 0
      vertex -19.0259 9.417 0
    endloop
  endfacet
  facet normal 0 0 -1
    outer loop
      vertex -20.3633 7.57623 0
      vertex -23 20 0
      vertex -19.7307 8.52289 0
    endloop
  endfacet
  facet normal 0 0 -1
    outer loop
      vertex -20.9196 6.58286 0
      vertex -23 20 0
      vertex -20.3633 7.57623 0
    endloop
  endfacet
  facet normal 0 0 -1
    outer loop
      vertex -21.3963 5.54891 0
      vertex -23 20 0
      vertex -20.9196 6.58286 0
    endloop
  endfacet
  facet normal 0 0 -1
    outer loop
      vertex -21.7903 4.48075 0
      vertex -23 20 0
      vertex -21.3963 5.54891 0
    endloop
  endfacet
  facet normal 0 0 -1
    outer loop
      vertex -22.0994 3.38496 0
      vertex -23 20 0
      vertex -21.7903 4.48075 0
    endloop
  endfacet
  facet normal 0 0 -1
    outer loop
      vertex -22.3215 2.2683 0
      vertex -23 20 0
      vertex -22.0994 3.38496 0
    endloop
  endfacet
  facet normal 0 0 -1
    outer loop
      vertex -22.4553 1.13766 0
      vertex -23 20 0
      vertex -22.3215 2.2683 0
    endloop
  endfacet
  facet normal 0 0 -1
    outer loop
      vertex -22.5 0 0
      vertex -23 20 0
      vertex -22.4553 1.13766 0
    endloop
  endfacet
  facet normal 0 0 -1
    outer loop
      vertex -23 20 0
      vertex -22.5 0 0
      vertex -23 -20 0
    endloop
  endfacet
  facet normal 0 0 -1
    outer loop
      vertex 11.0203 -1.52028 0
      vertex 11 -8 0
      vertex 11 -1.53902 0
    endloop
  endfacet
  facet normal 0 0 1
    outer loop
      vertex -23.3566 0.168687 0
      vertex -23.3566 -0.168687 0
      vertex -23.35 0 0
    endloop
  endfacet
  facet normal 0 0 1
    outer loop
      vertex -23.3765 0.336333 0
      vertex -23.3566 -0.168687 0
      vertex -23.3566 0.168687 0
    endloop
  endfacet
  facet normal 0 0 1
    outer loop
      vertex -23.3765 0.336333 0
      vertex -23.3765 -0.336333 0
      vertex -23.3566 -0.168687 0
    endloop
  endfacet
  facet normal 0 0 1
    outer loop
      vertex -23.4094 0.501907 0
      vertex -23.3765 -0.336333 0
      vertex -23.3765 0.336333 0
    endloop
  endfacet
  facet normal 0 0 1
    outer loop
      vertex -23.4094 0.501907 0
      vertex -23.4094 -0.501907 0
      vertex -23.3765 -0.336333 0
    endloop
  endfacet
  facet normal 0 0 1
    outer loop
      vertex -23.4552 0.664386 0
      vertex -23.4094 -0.501907 0
      vertex -23.4094 0.501907 0
    endloop
  endfacet
  facet normal 0 0 1
    outer loop
      vertex -23.4552 0.664386 0
      vertex -23.4552 -0.664386 0
      vertex -23.4094 -0.501907 0
    endloop
  endfacet
  facet normal 0 0 1
    outer loop
      vertex -23.5137 0.822769 0
      vertex -23.4552 -0.664386 0
      vertex -23.4552 0.664386 0
    endloop
  endfacet
  facet normal 0 0 1
    outer loop
      vertex -23.5137 0.822769 0
      vertex -23.5137 -0.822769 0
      vertex -23.4552 -0.664386 0
    endloop
  endfacet
  facet normal 0 0 1
    outer loop
      vertex -23.5843 0.976079 0
      vertex -23.5137 -0.822769 0
      vertex -23.5137 0.822769 0
    endloop
  endfacet
  facet normal 0 0 1
    outer loop
      vertex -23.5843 0.976079 0
      vertex -23.5843 -0.976079 0
      vertex -23.5137 -0.822769 0
    endloop
  endfacet
  facet normal 0 0 1
    outer loop
      vertex -23.6668 1.12337 0
      vertex -23.5843 -0.976079 0
      vertex -23.5843 0.976079 0
    endloop
  endfacet
  facet normal 0 0 1
    outer loop
      vertex -23.6668 1.12337 0
      vertex -23.6668 -1.12337 0
      vertex -23.5843 -0.976079 0
    endloop
  endfacet
  facet normal 0 0 1
    outer loop
      vertex -23.7606 1.26374 0
      vertex -23.6668 -1.12337 0
      vertex -23.6668 1.12337 0
    endloop
  endfacet
  facet normal 0 0 1
    outer loop
      vertex -23.7606 1.26374 0
      vertex -23.7606 -1.26374 0
      vertex -23.6668 -1.12337 0
    endloop
  endfacet
  facet normal 0 0 1
    outer loop
      vertex -23.8651 1.39631 0
      vertex -23.7606 -1.26374 0
      vertex -23.7606 1.26374 0
    endloop
  endfacet
  facet normal 0 0 1
    outer loop
      vertex -23.8651 1.39631 0
      vertex -23.8651 -1.39631 0
      vertex -23.7606 -1.26374 0
    endloop
  endfacet
  facet normal 0 0 1
    outer loop
      vertex -23.9797 1.52028 0
      vertex -23.8651 -1.39631 0
      vertex -23.8651 1.39631 0
    endloop
  endfacet
  facet normal 0 0 1
    outer loop
      vertex -23.9797 1.52028 0
      vertex -23.9797 -1.52028 0
      vertex -23.8651 -1.39631 0
    endloop
  endfacet
  facet normal 0 0 1
    outer loop
      vertex -24.1037 1.63487 0
      vertex -23.9797 -1.52028 0
      vertex -23.9797 1.52028 0
    endloop
  endfacet
  facet normal 0 0 1
    outer loop
      vertex -24.1037 1.63487 0
      vertex -24.1037 -1.63487 0
      vertex -23.9797 -1.52028 0
    endloop
  endfacet
  facet normal 0 0 1
    outer loop
      vertex -24.2363 1.73939 0
      vertex -24.1037 -1.63487 0
      vertex -24.1037 1.63487 0
    endloop
  endfacet
  facet normal 0 0 1
    outer loop
      vertex -24.2363 1.73939 0
      vertex -24.2363 -1.73939 0
      vertex -24.1037 -1.63487 0
    endloop
  endfacet
  facet normal 0 0 1
    outer loop
      vertex -24.3766 1.83318 0
      vertex -24.2363 -1.73939 0
      vertex -24.2363 1.73939 0
    endloop
  endfacet
  facet normal 0 0 1
    outer loop
      vertex -24.3766 1.83318 0
      vertex -24.3766 -1.83318 0
      vertex -24.2363 -1.73939 0
    endloop
  endfacet
  facet normal 0 0 1
    outer loop
      vertex -24.5239 1.91566 0
      vertex -24.3766 -1.83318 0
      vertex -24.3766 1.83318 0
    endloop
  endfacet
  facet normal 0 0 1
    outer loop
      vertex -24.5239 1.91566 0
      vertex -24.5239 -1.91566 0
      vertex -24.3766 -1.83318 0
    endloop
  endfacet
  facet normal 0 0 1
    outer loop
      vertex -24.6772 1.98634 0
      vertex -24.5239 -1.91566 0
      vertex -24.5239 1.91566 0
    endloop
  endfacet
  facet normal 0 0 1
    outer loop
      vertex -24.6772 1.98634 0
      vertex -24.6772 -1.98634 0
      vertex -24.5239 -1.91566 0
    endloop
  endfacet
  facet normal 0 0 1
    outer loop
      vertex -24.8356 2.04477 0
      vertex -24.6772 -1.98634 0
      vertex -24.6772 1.98634 0
    endloop
  endfacet
  facet normal 0 0 1
    outer loop
      vertex -24.8356 2.04477 0
      vertex -24.8356 -2.04477 0
      vertex -24.6772 -1.98634 0
    endloop
  endfacet
  facet normal 0 0 1
    outer loop
      vertex -24.9981 2.0906 0
      vertex -24.8356 -2.04477 0
      vertex -24.8356 2.04477 0
    endloop
  endfacet
  facet normal 0 0 1
    outer loop
      vertex -24.9981 2.0906 0
      vertex -24.9981 -2.0906 0
      vertex -24.8356 -2.04477 0
    endloop
  endfacet
  facet normal 0 0 1
    outer loop
      vertex -25.1637 2.12353 0
      vertex -24.9981 -2.0906 0
      vertex -24.9981 2.0906 0
    endloop
  endfacet
  facet normal 0 0 1
    outer loop
      vertex -25.1637 2.12353 0
      vertex -25.1637 -2.12353 0
      vertex -24.9981 -2.0906 0
    endloop
  endfacet
  facet normal 0 0 1
    outer loop
      vertex -25.3313 2.14337 0
      vertex -25.1637 -2.12353 0
      vertex -25.1637 2.12353 0
    endloop
  endfacet
  facet normal 0 0 1
    outer loop
      vertex -25.3313 2.14337 0
      vertex -25.3313 -2.14337 0
      vertex -25.1637 -2.12353 0
    endloop
  endfacet
  facet normal 0 0 1
    outer loop
      vertex -25.5 2.15 0
      vertex -25.3313 -2.14337 0
      vertex -25.3313 2.14337 0
    endloop
  endfacet
  facet normal 0 0 1
    outer loop
      vertex -25.5 2.15 0
      vertex -25.5 -2.15 0
      vertex -25.3313 -2.14337 0
    endloop
  endfacet
  facet normal -0 0 1
    outer loop
      vertex -25.6687 2.14337 0
      vertex -25.5 -2.15 0
      vertex -25.5 2.15 0
    endloop
  endfacet
  facet normal 0 0 1
    outer loop
      vertex -25.6687 2.14337 0
      vertex -25.6687 -2.14337 0
      vertex -25.5 -2.15 0
    endloop
  endfacet
  facet normal -0 0 1
    outer loop
      vertex -25.8363 2.12353 0
      vertex -25.6687 -2.14337 0
      vertex -25.6687 2.14337 0
    endloop
  endfacet
  facet normal 0 0 1
    outer loop
      vertex -25.8363 2.12353 0
      vertex -25.8363 -2.12353 0
      vertex -25.6687 -2.14337 0
    endloop
  endfacet
  facet normal -0 0 1
    outer loop
      vertex -26 2.09097 0
      vertex -25.8363 -2.12353 0
      vertex -25.8363 2.12353 0
    endloop
  endfacet
  facet normal 0 0 1
    outer loop
      vertex -25.8363 -2.12353 0
      vertex -26 2.09097 0
      vertex -26 -2.09097 0
    endloop
  endfacet
  facet normal 0 -1 0
    outer loop
      vertex 23 -25 -3
      vertex 26 -25 0
      vertex 23 -25 0
    endloop
  endfacet
  facet normal 0 -1 -0
    outer loop
      vertex 26 -25 0
      vertex 23 -25 -3
      vertex 26 -25 -3
    endloop
  endfacet
  facet normal 0 -1 0
    outer loop
      vertex -26 -25 -3
      vertex -23 -25 0
      vertex -26 -25 0
    endloop
  endfacet
  facet normal 0 -1 -0
    outer loop
      vertex -23 -25 0
      vertex -26 -25 -3
      vertex -23 -25 -3
    endloop
  endfacet
  facet normal 0 -1 0
    outer loop
      vertex -26 -25 0
      vertex -28 -25 5
      vertex -28 -25 0
    endloop
  endfacet
  facet normal 0 -1 0
    outer loop
      vertex -23 -25 0
      vertex -28 -25 5
      vertex -26 -25 0
    endloop
  endfacet
  facet normal 0 -1 0
    outer loop
      vertex -28 -25 5
      vertex -23 -25 0
      vertex 28 -25 5
    endloop
  endfacet
  facet normal 0 -1 0
    outer loop
      vertex 23 -25 0
      vertex 28 -25 5
      vertex -23 -25 0
    endloop
  endfacet
  facet normal 0 -1 0
    outer loop
      vertex 26 -25 0
      vertex 28 -25 5
      vertex 23 -25 0
    endloop
  endfacet
  facet normal 0 -1 -0
    outer loop
      vertex 28 -25 5
      vertex 26 -25 0
      vertex 28 -25 0
    endloop
  endfacet
  facet normal -0.99923 -0.0392397 0
    outer loop
      vertex 18.5 0 2
      vertex 18.443 1.45149 5
      vertex 18.443 1.45149 2
    endloop
  endfacet
  facet normal -0.99923 -0.0392397 0
    outer loop
      vertex 18.443 1.45149 5
      vertex 18.5 0 2
      vertex 18.5 0 5
    endloop
  endfacet
  facet normal 0.99923 -0.0392397 0
    outer loop
      vertex -18.5 0 5
      vertex -18.443 1.45149 2
      vertex -18.443 1.45149 5
    endloop
  endfacet
  facet normal 0.99923 -0.0392397 0
    outer loop
      vertex -18.443 1.45149 2
      vertex -18.5 0 5
      vertex -18.5 0 2
    endloop
  endfacet
  facet normal 0.0392397 0.99923 -0
    outer loop
      vertex 0 -18.5 2
      vertex -1.45149 -18.443 5
      vertex 0 -18.5 5
    endloop
  endfacet
  facet normal 0.0392397 0.99923 0
    outer loop
      vertex -1.45149 -18.443 5
      vertex 0 -18.5 2
      vertex -1.45149 -18.443 2
    endloop
  endfacet
  facet normal 0.73436 0.67876 0
    outer loop
      vertex -13.8795 -12.2182 5
      vertex -14.0675 -12.0148 2
      vertex -14.0675 -12.0148 5
    endloop
  endfacet
  facet normal 0.734334 0.678789 -0
    outer loop
      vertex -13.0815 -13.0815 2
      vertex -13.8795 -12.2182 5
      vertex -13.0815 -13.0815 5
    endloop
  endfacet
  facet normal 0.734339 0.678783 2.93726e-06
    outer loop
      vertex -13.8795 -12.2182 5
      vertex -13.0815 -13.0815 2
      vertex -14.0675 -12.0148 2
    endloop
  endfacet
  facet normal -0.734334 -0.678789 0
    outer loop
      vertex 13.0815 13.0815 2
      vertex 13.8795 12.2182 5
      vertex 13.0815 13.0815 5
    endloop
  endfacet
  facet normal -0.734339 -0.678783 2.93726e-06
    outer loop
      vertex 14.0675 12.0148 2
      vertex 13.8795 12.2182 5
      vertex 13.0815 13.0815 2
    endloop
  endfacet
  facet normal -0.73436 -0.67876 0
    outer loop
      vertex 13.8795 12.2182 5
      vertex 14.0675 12.0148 2
      vertex 14.0675 12.0148 5
    endloop
  endfacet
  facet normal 0.678789 -0.734334 0
    outer loop
      vertex -13.0815 13.0815 2
      vertex -12.2182 13.8795 5
      vertex -13.0815 13.0815 5
    endloop
  endfacet
  facet normal 0.678783 -0.734339 2.93726e-06
    outer loop
      vertex -12.0148 14.0675 2
      vertex -12.2182 13.8795 5
      vertex -13.0815 13.0815 2
    endloop
  endfacet
  facet normal 0.67876 -0.73436 0
    outer loop
      vertex -12.2182 13.8795 5
      vertex -12.0148 14.0675 2
      vertex -12.0148 14.0675 5
    endloop
  endfacet
  facet normal 0.346072 -0.938208 0
    outer loop
      vertex -7.07964 17.0918 2
      vertex -5.71681 17.5945 5
      vertex -7.07964 17.0918 5
    endloop
  endfacet
  facet normal 0.346072 -0.938208 0
    outer loop
      vertex -5.71681 17.5945 5
      vertex -7.07964 17.0918 2
      vertex -5.71681 17.5945 2
    endloop
  endfacet
  facet normal -0.90813 -0.418688 0
    outer loop
      vertex 17.0918 7.07964 2
      vertex 16.4836 8.39882 5
      vertex 16.4836 8.39882 2
    endloop
  endfacet
  facet normal -0.90813 -0.418688 0
    outer loop
      vertex 16.4836 8.39882 5
      vertex 17.0918 7.07964 2
      vertex 17.0918 7.07964 5
    endloop
  endfacet
  facet normal -0.418688 -0.90813 0
    outer loop
      vertex 7.07964 17.0918 2
      vertex 8.39882 16.4836 5
      vertex 7.07964 17.0918 5
    endloop
  endfacet
  facet normal -0.418688 -0.90813 -0
    outer loop
      vertex 8.39882 16.4836 5
      vertex 7.07964 17.0918 2
      vertex 8.39882 16.4836 2
    endloop
  endfacet
  facet normal -0.555564 -0.831474 0
    outer loop
      vertex 9.66622 15.7738 2
      vertex 10.874 14.9668 5
      vertex 9.66622 15.7738 5
    endloop
  endfacet
  facet normal -0.555564 -0.831474 -0
    outer loop
      vertex 10.874 14.9668 5
      vertex 9.66622 15.7738 2
      vertex 10.874 14.9668 2
    endloop
  endfacet
  facet normal 0.90813 -0.418688 0
    outer loop
      vertex -17.0918 7.07964 5
      vertex -16.4836 8.39882 2
      vertex -16.4836 8.39882 5
    endloop
  endfacet
  facet normal 0.90813 -0.418688 0
    outer loop
      vertex -16.4836 8.39882 2
      vertex -17.0918 7.07964 5
      vertex -17.0918 7.07964 2
    endloop
  endfacet
  facet normal 0.117692 -0.99305 0
    outer loop
      vertex -2.89404 18.2722 2
      vertex -2.5 18.3189 5
      vertex -2.89404 18.2722 5
    endloop
  endfacet
  facet normal 0.117692 -0.99305 0
    outer loop
      vertex -2.5 18.3189 5
      vertex -2.89404 18.2722 2
      vertex -2.5 18.3189 2
    endloop
  endfacet
  facet normal -0.962455 -0.271443 0
    outer loop
      vertex 17.9888 4.31874 2
      vertex 17.5945 5.71681 5
      vertex 17.5945 5.71681 2
    endloop
  endfacet
  facet normal -0.962455 -0.271443 0
    outer loop
      vertex 17.5945 5.71681 5
      vertex 17.9888 4.31874 2
      vertex 17.9888 4.31874 5
    endloop
  endfacet
  facet normal -0.993063 -0.11758 0
    outer loop
      vertex 18.443 1.45149 2
      vertex 18.2722 2.89404 5
      vertex 18.2722 2.89404 2
    endloop
  endfacet
  facet normal -0.993063 -0.11758 0
    outer loop
      vertex 18.2722 2.89404 5
      vertex 18.443 1.45149 2
      vertex 18.443 1.45149 5
    endloop
  endfacet
  facet normal -0.938208 -0.346072 0
    outer loop
      vertex 17.5945 5.71681 2
      vertex 17.0918 7.07964 5
      vertex 17.0918 7.07964 2
    endloop
  endfacet
  facet normal -0.938208 -0.346072 0
    outer loop
      vertex 17.0918 7.07964 5
      vertex 17.5945 5.71681 2
      vertex 17.5945 5.71681 5
    endloop
  endfacet
  facet normal -0.831474 -0.555564 0
    outer loop
      vertex 15.7738 9.66622 2
      vertex 14.9668 10.874 5
      vertex 14.9668 10.874 2
    endloop
  endfacet
  facet normal -0.831474 -0.555564 0
    outer loop
      vertex 14.9668 10.874 5
      vertex 15.7738 9.66622 2
      vertex 15.7738 9.66622 5
    endloop
  endfacet
  facet normal -0.785328 -0.619079 0
    outer loop
      vertex 14.9668 10.874 2
      vertex 14.0675 12.0148 5
      vertex 14.0675 12.0148 2
    endloop
  endfacet
  facet normal -0.785328 -0.619079 0
    outer loop
      vertex 14.0675 12.0148 5
      vertex 14.9668 10.874 2
      vertex 14.9668 10.874 5
    endloop
  endfacet
  facet normal -0.87249 -0.488633 0
    outer loop
      vertex 16.4836 8.39882 2
      vertex 15.7738 9.66622 5
      vertex 15.7738 9.66622 2
    endloop
  endfacet
  facet normal -0.87249 -0.488633 0
    outer loop
      vertex 15.7738 9.66622 5
      vertex 16.4836 8.39882 2
      vertex 16.4836 8.39882 5
    endloop
  endfacet
  facet normal -0.195097 -0.980784 0
    outer loop
      vertex 2.89404 18.2722 2
      vertex 4.31874 17.9888 5
      vertex 2.89404 18.2722 5
    endloop
  endfacet
  facet normal -0.195097 -0.980784 -0
    outer loop
      vertex 4.31874 17.9888 5
      vertex 2.89404 18.2722 2
      vertex 4.31874 17.9888 2
    endloop
  endfacet
  facet normal -0.346072 -0.938208 0
    outer loop
      vertex 5.71681 17.5945 2
      vertex 7.07964 17.0918 5
      vertex 5.71681 17.5945 5
    endloop
  endfacet
  facet normal -0.346072 -0.938208 -0
    outer loop
      vertex 7.07964 17.0918 5
      vertex 5.71681 17.5945 2
      vertex 7.07964 17.0918 2
    endloop
  endfacet
  facet normal -0.117692 -0.99305 0
    outer loop
      vertex 2.5 18.3189 2
      vertex 2.89404 18.2722 5
      vertex 2.5 18.3189 5
    endloop
  endfacet
  facet normal -0.117692 -0.99305 -0
    outer loop
      vertex 2.89404 18.2722 5
      vertex 2.5 18.3189 2
      vertex 2.89404 18.2722 2
    endloop
  endfacet
  facet normal -0.488633 -0.87249 0
    outer loop
      vertex 8.39882 16.4836 2
      vertex 9.66622 15.7738 5
      vertex 8.39882 16.4836 5
    endloop
  endfacet
  facet normal -0.488633 -0.87249 -0
    outer loop
      vertex 9.66622 15.7738 5
      vertex 8.39882 16.4836 2
      vertex 9.66622 15.7738 2
    endloop
  endfacet
  facet normal -0.619079 -0.785328 0
    outer loop
      vertex 10.874 14.9668 2
      vertex 12.0148 14.0675 5
      vertex 10.874 14.9668 5
    endloop
  endfacet
  facet normal -0.619079 -0.785328 -0
    outer loop
      vertex 12.0148 14.0675 5
      vertex 10.874 14.9668 2
      vertex 12.0148 14.0675 2
    endloop
  endfacet
  facet normal 0.980784 -0.195097 0
    outer loop
      vertex -18.2722 2.89404 5
      vertex -17.9888 4.31874 2
      vertex -17.9888 4.31874 5
    endloop
  endfacet
  facet normal 0.980784 -0.195097 0
    outer loop
      vertex -17.9888 4.31874 2
      vertex -18.2722 2.89404 5
      vertex -18.2722 2.89404 2
    endloop
  endfacet
  facet normal 0.831474 -0.555564 0
    outer loop
      vertex -15.7738 9.66622 5
      vertex -14.9668 10.874 2
      vertex -14.9668 10.874 5
    endloop
  endfacet
  facet normal 0.831474 -0.555564 0
    outer loop
      vertex -14.9668 10.874 2
      vertex -15.7738 9.66622 5
      vertex -15.7738 9.66622 2
    endloop
  endfacet
  facet normal 0.87249 -0.488633 0
    outer loop
      vertex -16.4836 8.39882 5
      vertex -15.7738 9.66622 2
      vertex -15.7738 9.66622 5
    endloop
  endfacet
  facet normal 0.87249 -0.488633 0
    outer loop
      vertex -15.7738 9.66622 2
      vertex -16.4836 8.39882 5
      vertex -16.4836 8.39882 2
    endloop
  endfacet
  facet normal 0.938208 -0.346072 0
    outer loop
      vertex -17.5945 5.71681 5
      vertex -17.0918 7.07964 2
      vertex -17.0918 7.07964 5
    endloop
  endfacet
  facet normal 0.938208 -0.346072 0
    outer loop
      vertex -17.0918 7.07964 2
      vertex -17.5945 5.71681 5
      vertex -17.5945 5.71681 2
    endloop
  endfacet
  facet normal 0.993063 -0.11758 0
    outer loop
      vertex -18.443 1.45149 5
      vertex -18.2722 2.89404 2
      vertex -18.2722 2.89404 5
    endloop
  endfacet
  facet normal 0.993063 -0.11758 0
    outer loop
      vertex -18.2722 2.89404 2
      vertex -18.443 1.45149 5
      vertex -18.443 1.45149 2
    endloop
  endfacet
  facet normal 0.488633 -0.87249 0
    outer loop
      vertex -9.66622 15.7738 2
      vertex -8.39882 16.4836 5
      vertex -9.66622 15.7738 5
    endloop
  endfacet
  facet normal 0.488633 -0.87249 0
    outer loop
      vertex -8.39882 16.4836 5
      vertex -9.66622 15.7738 2
      vertex -8.39882 16.4836 2
    endloop
  endfacet
  facet normal 0.418688 -0.90813 0
    outer loop
      vertex -8.39882 16.4836 2
      vertex -7.07964 17.0918 5
      vertex -8.39882 16.4836 5
    endloop
  endfacet
  facet normal 0.418688 -0.90813 0
    outer loop
      vertex -7.07964 17.0918 5
      vertex -8.39882 16.4836 2
      vertex -7.07964 17.0918 2
    endloop
  endfacet
  facet normal 0.555564 -0.831474 0
    outer loop
      vertex -10.874 14.9668 2
      vertex -9.66622 15.7738 5
      vertex -10.874 14.9668 5
    endloop
  endfacet
  facet normal 0.555564 -0.831474 0
    outer loop
      vertex -9.66622 15.7738 5
      vertex -10.874 14.9668 2
      vertex -9.66622 15.7738 2
    endloop
  endfacet
  facet normal -0.0392397 0.99923 0
    outer loop
      vertex 1.45149 -18.443 2
      vertex 0 -18.5 5
      vertex 1.45149 -18.443 5
    endloop
  endfacet
  facet normal -0.0392397 0.99923 0
    outer loop
      vertex 0 -18.5 5
      vertex 1.45149 -18.443 2
      vertex 0 -18.5 2
    endloop
  endfacet
  facet normal -0.555564 0.831474 0
    outer loop
      vertex 10.874 -14.9668 2
      vertex 9.66622 -15.7738 5
      vertex 10.874 -14.9668 5
    endloop
  endfacet
  facet normal -0.555564 0.831474 0
    outer loop
      vertex 9.66622 -15.7738 5
      vertex 10.874 -14.9668 2
      vertex 9.66622 -15.7738 2
    endloop
  endfacet
  facet normal -0.418688 0.90813 0
    outer loop
      vertex 8.39882 -16.4836 2
      vertex 7.07964 -17.0918 5
      vertex 8.39882 -16.4836 5
    endloop
  endfacet
  facet normal -0.418688 0.90813 0
    outer loop
      vertex 7.07964 -17.0918 5
      vertex 8.39882 -16.4836 2
      vertex 7.07964 -17.0918 2
    endloop
  endfacet
  facet normal -0.87249 0.488633 0
    outer loop
      vertex 15.7738 -9.66622 2
      vertex 16.4836 -8.39882 5
      vertex 16.4836 -8.39882 2
    endloop
  endfacet
  facet normal -0.87249 0.488633 0
    outer loop
      vertex 16.4836 -8.39882 5
      vertex 15.7738 -9.66622 2
      vertex 15.7738 -9.66622 5
    endloop
  endfacet
  facet normal 0.488633 0.87249 -0
    outer loop
      vertex -8.39882 -16.4836 2
      vertex -9.66622 -15.7738 5
      vertex -8.39882 -16.4836 5
    endloop
  endfacet
  facet normal 0.488633 0.87249 0
    outer loop
      vertex -9.66622 -15.7738 5
      vertex -8.39882 -16.4836 2
      vertex -9.66622 -15.7738 2
    endloop
  endfacet
  facet normal 0.346072 0.938208 -0
    outer loop
      vertex -5.71681 -17.5945 2
      vertex -7.07964 -17.0918 5
      vertex -5.71681 -17.5945 5
    endloop
  endfacet
  facet normal 0.346072 0.938208 0
    outer loop
      vertex -7.07964 -17.0918 5
      vertex -5.71681 -17.5945 2
      vertex -7.07964 -17.0918 2
    endloop
  endfacet
  facet normal 0.11758 0.993063 -0
    outer loop
      vertex -1.45149 -18.443 2
      vertex -2.89404 -18.2722 5
      vertex -1.45149 -18.443 5
    endloop
  endfacet
  facet normal 0.11758 0.993063 0
    outer loop
      vertex -2.89404 -18.2722 5
      vertex -1.45149 -18.443 2
      vertex -2.89404 -18.2722 2
    endloop
  endfacet
  facet normal 0.87249 0.488633 0
    outer loop
      vertex -15.7738 -9.66622 5
      vertex -16.4836 -8.39882 2
      vertex -16.4836 -8.39882 5
    endloop
  endfacet
  facet normal 0.87249 0.488633 0
    outer loop
      vertex -16.4836 -8.39882 2
      vertex -15.7738 -9.66622 5
      vertex -15.7738 -9.66622 2
    endloop
  endfacet
  facet normal 0.90813 0.418688 0
    outer loop
      vertex -16.4836 -8.39882 5
      vertex -17.0918 -7.07964 2
      vertex -17.0918 -7.07964 5
    endloop
  endfacet
  facet normal 0.90813 0.418688 0
    outer loop
      vertex -17.0918 -7.07964 2
      vertex -16.4836 -8.39882 5
      vertex -16.4836 -8.39882 2
    endloop
  endfacet
  facet normal 0.831474 0.555564 0
    outer loop
      vertex -14.9668 -10.874 5
      vertex -15.7738 -9.66622 2
      vertex -15.7738 -9.66622 5
    endloop
  endfacet
  facet normal 0.831474 0.555564 0
    outer loop
      vertex -15.7738 -9.66622 2
      vertex -14.9668 -10.874 5
      vertex -14.9668 -10.874 2
    endloop
  endfacet
  facet normal 0.938208 0.346072 0
    outer loop
      vertex -17.0918 -7.07964 5
      vertex -17.5945 -5.71681 2
      vertex -17.5945 -5.71681 5
    endloop
  endfacet
  facet normal 0.938208 0.346072 0
    outer loop
      vertex -17.5945 -5.71681 2
      vertex -17.0918 -7.07964 5
      vertex -17.0918 -7.07964 2
    endloop
  endfacet
  facet normal 0.99923 0.0392397 0
    outer loop
      vertex -18.443 -1.45149 5
      vertex -18.5 0 2
      vertex -18.5 0 5
    endloop
  endfacet
  facet normal 0.99923 0.0392397 0
    outer loop
      vertex -18.5 0 2
      vertex -18.443 -1.45149 5
      vertex -18.443 -1.45149 2
    endloop
  endfacet
  facet normal -0.980784 -0.195097 0
    outer loop
      vertex 18.2722 2.89404 2
      vertex 17.9888 4.31874 5
      vertex 17.9888 4.31874 2
    endloop
  endfacet
  facet normal -0.980784 -0.195097 0
    outer loop
      vertex 17.9888 4.31874 5
      vertex 18.2722 2.89404 2
      vertex 18.2722 2.89404 5
    endloop
  endfacet
  facet normal -0.271443 -0.962455 0
    outer loop
      vertex 4.31874 17.9888 2
      vertex 5.71681 17.5945 5
      vertex 4.31874 17.9888 5
    endloop
  endfacet
  facet normal -0.271443 -0.962455 -0
    outer loop
      vertex 5.71681 17.5945 5
      vertex 4.31874 17.9888 2
      vertex 5.71681 17.5945 2
    endloop
  endfacet
  facet normal -0.67876 -0.73436 0
    outer loop
      vertex 12.0148 14.0675 2
      vertex 12.2182 13.8795 5
      vertex 12.0148 14.0675 5
    endloop
  endfacet
  facet normal -0.678783 -0.734339 2.93726e-06
    outer loop
      vertex 13.0815 13.0815 2
      vertex 12.2182 13.8795 5
      vertex 12.0148 14.0675 2
    endloop
  endfacet
  facet normal -0.678789 -0.734334 0
    outer loop
      vertex 12.2182 13.8795 5
      vertex 13.0815 13.0815 2
      vertex 13.0815 13.0815 5
    endloop
  endfacet
  facet normal 0.785328 -0.619079 0
    outer loop
      vertex -14.9668 10.874 5
      vertex -14.0675 12.0148 2
      vertex -14.0675 12.0148 5
    endloop
  endfacet
  facet normal 0.785328 -0.619079 0
    outer loop
      vertex -14.0675 12.0148 2
      vertex -14.9668 10.874 5
      vertex -14.9668 10.874 2
    endloop
  endfacet
  facet normal 0.734334 -0.678789 0
    outer loop
      vertex -13.8795 12.2182 5
      vertex -13.0815 13.0815 2
      vertex -13.0815 13.0815 5
    endloop
  endfacet
  facet normal 0.73436 -0.67876 0
    outer loop
      vertex -14.0675 12.0148 2
      vertex -13.8795 12.2182 5
      vertex -14.0675 12.0148 5
    endloop
  endfacet
  facet normal 0.734339 -0.678783 2.93726e-06
    outer loop
      vertex -13.8795 12.2182 5
      vertex -14.0675 12.0148 2
      vertex -13.0815 13.0815 2
    endloop
  endfacet
  facet normal 0.962455 -0.271443 0
    outer loop
      vertex -17.9888 4.31874 5
      vertex -17.5945 5.71681 2
      vertex -17.5945 5.71681 5
    endloop
  endfacet
  facet normal 0.962455 -0.271443 0
    outer loop
      vertex -17.5945 5.71681 2
      vertex -17.9888 4.31874 5
      vertex -17.9888 4.31874 2
    endloop
  endfacet
  facet normal 0.619079 -0.785328 0
    outer loop
      vertex -12.0148 14.0675 2
      vertex -10.874 14.9668 5
      vertex -12.0148 14.0675 5
    endloop
  endfacet
  facet normal 0.619079 -0.785328 0
    outer loop
      vertex -10.874 14.9668 5
      vertex -12.0148 14.0675 2
      vertex -10.874 14.9668 2
    endloop
  endfacet
  facet normal 0.271443 -0.962455 0
    outer loop
      vertex -5.71681 17.5945 2
      vertex -4.31874 17.9888 5
      vertex -5.71681 17.5945 5
    endloop
  endfacet
  facet normal 0.271443 -0.962455 0
    outer loop
      vertex -4.31874 17.9888 5
      vertex -5.71681 17.5945 2
      vertex -4.31874 17.9888 2
    endloop
  endfacet
  facet normal -0.11758 0.993063 0
    outer loop
      vertex 2.89404 -18.2722 2
      vertex 1.45149 -18.443 5
      vertex 2.89404 -18.2722 5
    endloop
  endfacet
  facet normal -0.11758 0.993063 0
    outer loop
      vertex 1.45149 -18.443 5
      vertex 2.89404 -18.2722 2
      vertex 1.45149 -18.443 2
    endloop
  endfacet
  facet normal -0.271443 0.962455 0
    outer loop
      vertex 5.71681 -17.5945 2
      vertex 4.31874 -17.9888 5
      vertex 5.71681 -17.5945 5
    endloop
  endfacet
  facet normal -0.271443 0.962455 0
    outer loop
      vertex 4.31874 -17.9888 5
      vertex 5.71681 -17.5945 2
      vertex 4.31874 -17.9888 2
    endloop
  endfacet
  facet normal -0.346072 0.938208 0
    outer loop
      vertex 7.07964 -17.0918 2
      vertex 5.71681 -17.5945 5
      vertex 7.07964 -17.0918 5
    endloop
  endfacet
  facet normal -0.346072 0.938208 0
    outer loop
      vertex 5.71681 -17.5945 5
      vertex 7.07964 -17.0918 2
      vertex 5.71681 -17.5945 2
    endloop
  endfacet
  facet normal -0.195097 0.980784 0
    outer loop
      vertex 4.31874 -17.9888 2
      vertex 2.89404 -18.2722 5
      vertex 4.31874 -17.9888 5
    endloop
  endfacet
  facet normal -0.195097 0.980784 0
    outer loop
      vertex 2.89404 -18.2722 5
      vertex 4.31874 -17.9888 2
      vertex 2.89404 -18.2722 2
    endloop
  endfacet
  facet normal -0.619079 0.785328 0
    outer loop
      vertex 12.0148 -14.0675 2
      vertex 10.874 -14.9668 5
      vertex 12.0148 -14.0675 5
    endloop
  endfacet
  facet normal -0.619079 0.785328 0
    outer loop
      vertex 10.874 -14.9668 5
      vertex 12.0148 -14.0675 2
      vertex 10.874 -14.9668 2
    endloop
  endfacet
  facet normal -0.488633 0.87249 0
    outer loop
      vertex 9.66622 -15.7738 2
      vertex 8.39882 -16.4836 5
      vertex 9.66622 -15.7738 5
    endloop
  endfacet
  facet normal -0.488633 0.87249 0
    outer loop
      vertex 8.39882 -16.4836 5
      vertex 9.66622 -15.7738 2
      vertex 8.39882 -16.4836 2
    endloop
  endfacet
  facet normal -0.73436 0.67876 0
    outer loop
      vertex 14.0675 -12.0148 2
      vertex 13.8795 -12.2182 5
      vertex 14.0675 -12.0148 5
    endloop
  endfacet
  facet normal -0.734339 0.678783 2.93726e-06
    outer loop
      vertex 13.0815 -13.0815 2
      vertex 13.8795 -12.2182 5
      vertex 14.0675 -12.0148 2
    endloop
  endfacet
  facet normal -0.734334 0.678789 0
    outer loop
      vertex 13.8795 -12.2182 5
      vertex 13.0815 -13.0815 2
      vertex 13.0815 -13.0815 5
    endloop
  endfacet
  facet normal -0.831474 0.555564 0
    outer loop
      vertex 14.9668 -10.874 2
      vertex 15.7738 -9.66622 5
      vertex 15.7738 -9.66622 2
    endloop
  endfacet
  facet normal -0.831474 0.555564 0
    outer loop
      vertex 15.7738 -9.66622 5
      vertex 14.9668 -10.874 2
      vertex 14.9668 -10.874 5
    endloop
  endfacet
  facet normal -0.90813 0.418688 0
    outer loop
      vertex 16.4836 -8.39882 2
      vertex 17.0918 -7.07964 5
      vertex 17.0918 -7.07964 2
    endloop
  endfacet
  facet normal -0.90813 0.418688 0
    outer loop
      vertex 17.0918 -7.07964 5
      vertex 16.4836 -8.39882 2
      vertex 16.4836 -8.39882 5
    endloop
  endfacet
  facet normal -0.993063 0.11758 0
    outer loop
      vertex 18.2722 -2.89404 2
      vertex 18.443 -1.45149 5
      vertex 18.443 -1.45149 2
    endloop
  endfacet
  facet normal -0.993063 0.11758 0
    outer loop
      vertex 18.443 -1.45149 5
      vertex 18.2722 -2.89404 2
      vertex 18.2722 -2.89404 5
    endloop
  endfacet
  facet normal -0.962455 0.271443 0
    outer loop
      vertex 17.5945 -5.71681 2
      vertex 17.9888 -4.31874 5
      vertex 17.9888 -4.31874 2
    endloop
  endfacet
  facet normal -0.962455 0.271443 0
    outer loop
      vertex 17.9888 -4.31874 5
      vertex 17.5945 -5.71681 2
      vertex 17.5945 -5.71681 5
    endloop
  endfacet
  facet normal 0.67876 0.73436 -0
    outer loop
      vertex -12.0148 -14.0675 2
      vertex -12.2182 -13.8795 5
      vertex -12.0148 -14.0675 5
    endloop
  endfacet
  facet normal 0.678783 0.734339 2.93726e-06
    outer loop
      vertex -13.0815 -13.0815 2
      vertex -12.2182 -13.8795 5
      vertex -12.0148 -14.0675 2
    endloop
  endfacet
  facet normal 0.678789 0.734334 0
    outer loop
      vertex -12.2182 -13.8795 5
      vertex -13.0815 -13.0815 2
      vertex -13.0815 -13.0815 5
    endloop
  endfacet
  facet normal 0.555564 0.831474 -0
    outer loop
      vertex -9.66622 -15.7738 2
      vertex -10.874 -14.9668 5
      vertex -9.66622 -15.7738 5
    endloop
  endfacet
  facet normal 0.555564 0.831474 0
    outer loop
      vertex -10.874 -14.9668 5
      vertex -9.66622 -15.7738 2
      vertex -10.874 -14.9668 2
    endloop
  endfacet
  facet normal 0.418688 0.90813 -0
    outer loop
      vertex -7.07964 -17.0918 2
      vertex -8.39882 -16.4836 5
      vertex -7.07964 -17.0918 5
    endloop
  endfacet
  facet normal 0.418688 0.90813 0
    outer loop
      vertex -8.39882 -16.4836 5
      vertex -7.07964 -17.0918 2
      vertex -8.39882 -16.4836 2
    endloop
  endfacet
  facet normal 0.271443 0.962455 -0
    outer loop
      vertex -4.31874 -17.9888 2
      vertex -5.71681 -17.5945 5
      vertex -4.31874 -17.9888 5
    endloop
  endfacet
  facet normal 0.271443 0.962455 0
    outer loop
      vertex -5.71681 -17.5945 5
      vertex -4.31874 -17.9888 2
      vertex -5.71681 -17.5945 2
    endloop
  endfacet
  facet normal 0.785328 0.619079 0
    outer loop
      vertex -14.0675 -12.0148 5
      vertex -14.9668 -10.874 2
      vertex -14.9668 -10.874 5
    endloop
  endfacet
  facet normal 0.785328 0.619079 0
    outer loop
      vertex -14.9668 -10.874 2
      vertex -14.0675 -12.0148 5
      vertex -14.0675 -12.0148 2
    endloop
  endfacet
  facet normal 0.980784 0.195097 0
    outer loop
      vertex -17.9888 -4.31874 5
      vertex -18.2722 -2.89404 2
      vertex -18.2722 -2.89404 5
    endloop
  endfacet
  facet normal 0.980784 0.195097 0
    outer loop
      vertex -18.2722 -2.89404 2
      vertex -17.9888 -4.31874 5
      vertex -17.9888 -4.31874 2
    endloop
  endfacet
  facet normal 0.993063 0.11758 0
    outer loop
      vertex -18.2722 -2.89404 5
      vertex -18.443 -1.45149 2
      vertex -18.443 -1.45149 5
    endloop
  endfacet
  facet normal 0.993063 0.11758 0
    outer loop
      vertex -18.443 -1.45149 2
      vertex -18.2722 -2.89404 5
      vertex -18.2722 -2.89404 2
    endloop
  endfacet
  facet normal 0.195097 -0.980784 0
    outer loop
      vertex -4.31874 17.9888 2
      vertex -2.89404 18.2722 5
      vertex -4.31874 17.9888 5
    endloop
  endfacet
  facet normal 0.195097 -0.980784 0
    outer loop
      vertex -2.89404 18.2722 5
      vertex -4.31874 17.9888 2
      vertex -2.89404 18.2722 2
    endloop
  endfacet
  facet normal -0.678789 0.734334 0
    outer loop
      vertex 13.0815 -13.0815 2
      vertex 12.2182 -13.8795 5
      vertex 13.0815 -13.0815 5
    endloop
  endfacet
  facet normal -0.678783 0.734339 2.93726e-06
    outer loop
      vertex 12.0148 -14.0675 2
      vertex 12.2182 -13.8795 5
      vertex 13.0815 -13.0815 2
    endloop
  endfacet
  facet normal -0.67876 0.73436 0
    outer loop
      vertex 12.2182 -13.8795 5
      vertex 12.0148 -14.0675 2
      vertex 12.0148 -14.0675 5
    endloop
  endfacet
  facet normal -0.785328 0.619079 0
    outer loop
      vertex 14.0675 -12.0148 2
      vertex 14.9668 -10.874 5
      vertex 14.9668 -10.874 2
    endloop
  endfacet
  facet normal -0.785328 0.619079 0
    outer loop
      vertex 14.9668 -10.874 5
      vertex 14.0675 -12.0148 2
      vertex 14.0675 -12.0148 5
    endloop
  endfacet
  facet normal -0.938208 0.346072 0
    outer loop
      vertex 17.0918 -7.07964 2
      vertex 17.5945 -5.71681 5
      vertex 17.5945 -5.71681 2
    endloop
  endfacet
  facet normal -0.938208 0.346072 0
    outer loop
      vertex 17.5945 -5.71681 5
      vertex 17.0918 -7.07964 2
      vertex 17.0918 -7.07964 5
    endloop
  endfacet
  facet normal -0.99923 0.0392397 0
    outer loop
      vertex 18.443 -1.45149 2
      vertex 18.5 0 5
      vertex 18.5 0 2
    endloop
  endfacet
  facet normal -0.99923 0.0392397 0
    outer loop
      vertex 18.5 0 5
      vertex 18.443 -1.45149 2
      vertex 18.443 -1.45149 5
    endloop
  endfacet
  facet normal -0.980784 0.195097 0
    outer loop
      vertex 17.9888 -4.31874 2
      vertex 18.2722 -2.89404 5
      vertex 18.2722 -2.89404 2
    endloop
  endfacet
  facet normal -0.980784 0.195097 0
    outer loop
      vertex 18.2722 -2.89404 5
      vertex 17.9888 -4.31874 2
      vertex 17.9888 -4.31874 5
    endloop
  endfacet
  facet normal 0.619079 0.785328 -0
    outer loop
      vertex -10.874 -14.9668 2
      vertex -12.0148 -14.0675 5
      vertex -10.874 -14.9668 5
    endloop
  endfacet
  facet normal 0.619079 0.785328 0
    outer loop
      vertex -12.0148 -14.0675 5
      vertex -10.874 -14.9668 2
      vertex -12.0148 -14.0675 2
    endloop
  endfacet
  facet normal 0.195097 0.980784 -0
    outer loop
      vertex -2.89404 -18.2722 2
      vertex -4.31874 -17.9888 5
      vertex -2.89404 -18.2722 5
    endloop
  endfacet
  facet normal 0.195097 0.980784 0
    outer loop
      vertex -4.31874 -17.9888 5
      vertex -2.89404 -18.2722 2
      vertex -4.31874 -17.9888 2
    endloop
  endfacet
  facet normal 0.962455 0.271443 0
    outer loop
      vertex -17.5945 -5.71681 5
      vertex -17.9888 -4.31874 2
      vertex -17.9888 -4.31874 5
    endloop
  endfacet
  facet normal 0.962455 0.271443 0
    outer loop
      vertex -17.9888 -4.31874 2
      vertex -17.5945 -5.71681 5
      vertex -17.5945 -5.71681 2
    endloop
  endfacet
  facet normal 1 -0 0
    outer loop
      vertex -11 -8 2
      vertex -11 8 1.5
      vertex -11 8 2
    endloop
  endfacet
  facet normal 1 0 0
    outer loop
      vertex -11 8 1.5
      vertex -11 -8 2
      vertex -11 -8 1.5
    endloop
  endfacet
  facet normal -1 0 0
    outer loop
      vertex 11 1.53902 0
      vertex 11 8 2
      vertex 11 8 0
    endloop
  endfacet
  facet normal -1 -0 0
    outer loop
      vertex 11 8 2
      vertex 11 1.53902 0
      vertex 11 1.53902 2
    endloop
  endfacet
  facet normal -1 0 0
    outer loop
      vertex 11 -8 0
      vertex 11 -1.53902 2
      vertex 11 -1.53902 0
    endloop
  endfacet
  facet normal -1 -0 0
    outer loop
      vertex 11 -1.53902 2
      vertex 11 -8 0
      vertex 11 -8 2
    endloop
  endfacet
  facet normal 0 -1 0
    outer loop
      vertex 4.08013 8 1.5
      vertex -11 8 2
      vertex -11 8 1.5
    endloop
  endfacet
  facet normal 0 -1 0
    outer loop
      vertex -11 8 2
      vertex 4.08013 8 1.5
      vertex 11 8 2
    endloop
  endfacet
  facet normal 0 -1 0
    outer loop
      vertex 11 8 0
      vertex 4.08013 8 1.5
      vertex 4.08013 8 0
    endloop
  endfacet
  facet normal 0 -1 0
    outer loop
      vertex 4.08013 8 1.5
      vertex 11 8 0
      vertex 11 8 2
    endloop
  endfacet
  facet normal 0 1 0
    outer loop
      vertex 11 -8 2
      vertex 4.08013 -8 1.5
      vertex -11 -8 2
    endloop
  endfacet
  facet normal 0 1 -0
    outer loop
      vertex 11 -8 0
      vertex 4.08013 -8 1.5
      vertex 11 -8 2
    endloop
  endfacet
  facet normal 0 1 0
    outer loop
      vertex 4.08013 -8 1.5
      vertex 11 -8 0
      vertex 4.08013 -8 0
    endloop
  endfacet
  facet normal 0 1 0
    outer loop
      vertex -11 -8 2
      vertex 4.08013 -8 1.5
      vertex -11 -8 1.5
    endloop
  endfacet
  facet normal 0.999237 0.0390526 0
    outer loop
      vertex -12 -15 13
      vertex -12.0092 -14.7646 5
      vertex -12.0092 -14.7646 13
    endloop
  endfacet
  facet normal 0.999237 0.0390526 0
    outer loop
      vertex -12.0092 -14.7646 5
      vertex -12 -15 13
      vertex -12 -15 5
    endloop
  endfacet
  facet normal -0.999237 0.0390526 0
    outer loop
      vertex -18 -15 5
      vertex -17.9908 -14.7646 13
      vertex -17.9908 -14.7646 5
    endloop
  endfacet
  facet normal -0.999237 0.0390526 0
    outer loop
      vertex -17.9908 -14.7646 13
      vertex -18 -15 5
      vertex -18 -15 13
    endloop
  endfacet
  facet normal 0.0390526 0.999237 -0
    outer loop
      vertex -14.7646 -12.0092 5
      vertex -15 -12 13
      vertex -14.7646 -12.0092 13
    endloop
  endfacet
  facet normal 0.0390526 0.999237 0
    outer loop
      vertex -15 -12 13
      vertex -14.7646 -12.0092 5
      vertex -15 -12 5
    endloop
  endfacet
  facet normal 0.734364 0.678756 0
    outer loop
      vertex -12.7188 -13.0517 13
      vertex -12.8787 -12.8787 5
      vertex -12.8787 -12.8787 13
    endloop
  endfacet
  facet normal 0.734364 0.678756 0
    outer loop
      vertex -12.8787 -12.8787 5
      vertex -12.7188 -13.0517 13
      vertex -12.7188 -13.0517 5
    endloop
  endfacet
  facet normal -0.678756 0.734364 0
    outer loop
      vertex -16.9483 -12.7188 5
      vertex -17.1213 -12.8787 13
      vertex -16.9483 -12.7188 13
    endloop
  endfacet
  facet normal -0.678756 0.734364 0
    outer loop
      vertex -17.1213 -12.8787 13
      vertex -16.9483 -12.7188 5
      vertex -17.1213 -12.8787 5
    endloop
  endfacet
  facet normal -0.346512 0.938046 0
    outer loop
      vertex -15.9271 -12.1468 5
      vertex -16.148 -12.2284 13
      vertex -15.9271 -12.1468 13
    endloop
  endfacet
  facet normal -0.346512 0.938046 0
    outer loop
      vertex -16.148 -12.2284 13
      vertex -15.9271 -12.1468 5
      vertex -16.148 -12.2284 5
    endloop
  endfacet
  facet normal -0.962526 -0.271188 0
    outer loop
      vertex -17.8532 -15.9271 5
      vertex -17.9171 -15.7003 13
      vertex -17.9171 -15.7003 5
    endloop
  endfacet
  facet normal -0.962526 -0.271188 0
    outer loop
      vertex -17.9171 -15.7003 13
      vertex -17.8532 -15.9271 5
      vertex -17.8532 -15.9271 13
    endloop
  endfacet
  facet normal 0.908232 0.418466 0
    outer loop
      vertex -12.2284 -13.852 13
      vertex -12.327 -13.638 5
      vertex -12.327 -13.638 13
    endloop
  endfacet
  facet normal 0.908232 0.418466 0
    outer loop
      vertex -12.327 -13.638 5
      vertex -12.2284 -13.852 13
      vertex -12.2284 -13.852 5
    endloop
  endfacet
  facet normal 0.418466 0.908232 -0
    outer loop
      vertex -13.638 -12.327 5
      vertex -13.852 -12.2284 13
      vertex -13.638 -12.327 13
    endloop
  endfacet
  facet normal 0.418466 0.908232 0
    outer loop
      vertex -13.852 -12.2284 13
      vertex -13.638 -12.327 5
      vertex -13.852 -12.2284 5
    endloop
  endfacet
  facet normal -0.87247 0.488668 0
    outer loop
      vertex -17.673 -13.638 5
      vertex -17.5579 -13.4325 13
      vertex -17.5579 -13.4325 5
    endloop
  endfacet
  facet normal -0.87247 0.488668 0
    outer loop
      vertex -17.5579 -13.4325 13
      vertex -17.673 -13.638 5
      vertex -17.673 -13.638 13
    endloop
  endfacet
  facet normal -0.1953 0.980744 0
    outer loop
      vertex -15.4693 -12.0369 5
      vertex -15.7003 -12.0829 13
      vertex -15.4693 -12.0369 13
    endloop
  endfacet
  facet normal -0.1953 0.980744 0
    outer loop
      vertex -15.7003 -12.0829 13
      vertex -15.4693 -12.0369 5
      vertex -15.7003 -12.0829 5
    endloop
  endfacet
  facet normal 0.87247 -0.488668 0
    outer loop
      vertex -12.4421 -16.5675 13
      vertex -12.327 -16.362 5
      vertex -12.327 -16.362 13
    endloop
  endfacet
  facet normal 0.87247 -0.488668 0
    outer loop
      vertex -12.327 -16.362 5
      vertex -12.4421 -16.5675 13
      vertex -12.4421 -16.5675 5
    endloop
  endfacet
  facet normal 0.271188 -0.962526 0
    outer loop
      vertex -14.2997 -17.9171 5
      vertex -14.0729 -17.8532 13
      vertex -14.2997 -17.9171 13
    endloop
  endfacet
  facet normal 0.271188 -0.962526 0
    outer loop
      vertex -14.0729 -17.8532 13
      vertex -14.2997 -17.9171 5
      vertex -14.0729 -17.8532 5
    endloop
  endfacet
  facet normal 0.678756 -0.734364 0
    outer loop
      vertex -13.0517 -17.2812 5
      vertex -12.8787 -17.1213 13
      vertex -13.0517 -17.2812 13
    endloop
  endfacet
  facet normal 0.678756 -0.734364 0
    outer loop
      vertex -12.8787 -17.1213 13
      vertex -13.0517 -17.2812 5
      vertex -12.8787 -17.1213 5
    endloop
  endfacet
  facet normal 0.962526 -0.271188 0
    outer loop
      vertex -12.1468 -15.9271 13
      vertex -12.0829 -15.7003 5
      vertex -12.0829 -15.7003 13
    endloop
  endfacet
  facet normal 0.962526 -0.271188 0
    outer loop
      vertex -12.0829 -15.7003 5
      vertex -12.1468 -15.9271 13
      vertex -12.1468 -15.9271 5
    endloop
  endfacet
  facet normal -0.346512 -0.938046 0
    outer loop
      vertex -16.148 -17.7716 5
      vertex -15.9271 -17.8532 13
      vertex -16.148 -17.7716 13
    endloop
  endfacet
  facet normal -0.346512 -0.938046 -0
    outer loop
      vertex -15.9271 -17.8532 13
      vertex -16.148 -17.7716 5
      vertex -15.9271 -17.8532 5
    endloop
  endfacet
  facet normal 0.962526 0.271188 0
    outer loop
      vertex -12.0829 -14.2997 13
      vertex -12.1468 -14.0729 5
      vertex -12.1468 -14.0729 13
    endloop
  endfacet
  facet normal 0.962526 0.271188 0
    outer loop
      vertex -12.1468 -14.0729 5
      vertex -12.0829 -14.2997 13
      vertex -12.0829 -14.2997 5
    endloop
  endfacet
  facet normal 0.937584 0.347758 0
    outer loop
      vertex -12.2284 -13.852 13
      vertex -12.2182 -13.8795 5
      vertex -12.2284 -13.852 5
    endloop
  endfacet
  facet normal 0.938046 0.346512 4.87283e-06
    outer loop
      vertex -12.1468 -14.0729 13
      vertex -12.2182 -13.8795 5
      vertex -12.2284 -13.852 13
    endloop
  endfacet
  facet normal 0.938111 0.346335 0
    outer loop
      vertex -12.2182 -13.8795 5
      vertex -12.1468 -14.0729 13
      vertex -12.1468 -14.0729 5
    endloop
  endfacet
  facet normal 0.831658 0.555288 0
    outer loop
      vertex -12.4421 -13.4325 13
      vertex -12.5729 -13.2366 5
      vertex -12.5729 -13.2366 13
    endloop
  endfacet
  facet normal 0.831658 0.555288 0
    outer loop
      vertex -12.5729 -13.2366 5
      vertex -12.4421 -13.4325 13
      vertex -12.4421 -13.4325 5
    endloop
  endfacet
  facet normal 0.87247 0.488668 0
    outer loop
      vertex -12.327 -13.638 13
      vertex -12.4421 -13.4325 5
      vertex -12.4421 -13.4325 13
    endloop
  endfacet
  facet normal 0.87247 0.488668 0
    outer loop
      vertex -12.4421 -13.4325 5
      vertex -12.327 -13.638 13
      vertex -12.327 -13.638 5
    endloop
  endfacet
  facet normal 0.271188 0.962526 -0
    outer loop
      vertex -14.0729 -12.1468 5
      vertex -14.2997 -12.0829 13
      vertex -14.0729 -12.1468 13
    endloop
  endfacet
  facet normal 0.271188 0.962526 0
    outer loop
      vertex -14.2997 -12.0829 13
      vertex -14.0729 -12.1468 5
      vertex -14.2997 -12.0829 5
    endloop
  endfacet
  facet normal 0.1953 0.980744 -0
    outer loop
      vertex -14.2997 -12.0829 5
      vertex -14.5307 -12.0369 13
      vertex -14.2997 -12.0829 13
    endloop
  endfacet
  facet normal 0.1953 0.980744 0
    outer loop
      vertex -14.5307 -12.0369 13
      vertex -14.2997 -12.0829 5
      vertex -14.5307 -12.0369 5
    endloop
  endfacet
  facet normal 0.678756 0.734364 -0
    outer loop
      vertex -12.8787 -12.8787 5
      vertex -13.0517 -12.7188 13
      vertex -12.8787 -12.8787 13
    endloop
  endfacet
  facet normal 0.678756 0.734364 0
    outer loop
      vertex -13.0517 -12.7188 13
      vertex -12.8787 -12.8787 5
      vertex -13.0517 -12.7188 5
    endloop
  endfacet
  facet normal -0.962526 0.271188 0
    outer loop
      vertex -17.9171 -14.2997 5
      vertex -17.8532 -14.0729 13
      vertex -17.8532 -14.0729 5
    endloop
  endfacet
  facet normal -0.962526 0.271188 0
    outer loop
      vertex -17.8532 -14.0729 13
      vertex -17.9171 -14.2997 5
      vertex -17.9171 -14.2997 13
    endloop
  endfacet
  facet normal -0.734364 0.678756 0
    outer loop
      vertex -17.2812 -13.0517 5
      vertex -17.1213 -12.8787 13
      vertex -17.1213 -12.8787 5
    endloop
  endfacet
  facet normal -0.734364 0.678756 0
    outer loop
      vertex -17.1213 -12.8787 13
      vertex -17.2812 -13.0517 5
      vertex -17.2812 -13.0517 13
    endloop
  endfacet
  facet normal -0.908232 0.418466 0
    outer loop
      vertex -17.7716 -13.852 5
      vertex -17.673 -13.638 13
      vertex -17.673 -13.638 5
    endloop
  endfacet
  facet normal -0.908232 0.418466 0
    outer loop
      vertex -17.673 -13.638 13
      vertex -17.7716 -13.852 5
      vertex -17.7716 -13.852 13
    endloop
  endfacet
  facet normal -0.980744 0.1953 0
    outer loop
      vertex -17.9631 -14.5307 5
      vertex -17.9171 -14.2997 13
      vertex -17.9171 -14.2997 5
    endloop
  endfacet
  facet normal -0.980744 0.1953 0
    outer loop
      vertex -17.9171 -14.2997 13
      vertex -17.9631 -14.5307 5
      vertex -17.9631 -14.5307 13
    endloop
  endfacet
  facet normal -0.488668 0.87247 0
    outer loop
      vertex -16.362 -12.327 5
      vertex -16.5675 -12.4421 13
      vertex -16.362 -12.327 13
    endloop
  endfacet
  facet normal -0.488668 0.87247 0
    outer loop
      vertex -16.5675 -12.4421 13
      vertex -16.362 -12.327 5
      vertex -16.5675 -12.4421 5
    endloop
  endfacet
  facet normal -0.619452 0.785035 0
    outer loop
      vertex -16.7634 -12.5729 5
      vertex -16.9483 -12.7188 13
      vertex -16.7634 -12.5729 13
    endloop
  endfacet
  facet normal -0.619452 0.785035 0
    outer loop
      vertex -16.9483 -12.7188 13
      vertex -16.7634 -12.5729 5
      vertex -16.9483 -12.7188 5
    endloop
  endfacet
  facet normal -0.117605 0.99306 0
    outer loop
      vertex -15.2354 -12.0092 5
      vertex -15.4693 -12.0369 13
      vertex -15.2354 -12.0092 13
    endloop
  endfacet
  facet normal -0.117605 0.99306 0
    outer loop
      vertex -15.4693 -12.0369 13
      vertex -15.2354 -12.0092 5
      vertex -15.4693 -12.0369 5
    endloop
  endfacet
  facet normal 0.418466 -0.908232 0
    outer loop
      vertex -13.852 -17.7716 5
      vertex -13.638 -17.673 13
      vertex -13.852 -17.7716 13
    endloop
  endfacet
  facet normal 0.418466 -0.908232 0
    outer loop
      vertex -13.638 -17.673 13
      vertex -13.852 -17.7716 5
      vertex -13.638 -17.673 5
    endloop
  endfacet
  facet normal 0.734364 -0.678756 0
    outer loop
      vertex -12.8787 -17.1213 13
      vertex -12.7188 -16.9483 5
      vertex -12.7188 -16.9483 13
    endloop
  endfacet
  facet normal 0.734364 -0.678756 0
    outer loop
      vertex -12.7188 -16.9483 5
      vertex -12.8787 -17.1213 13
      vertex -12.8787 -17.1213 5
    endloop
  endfacet
  facet normal -0.678756 -0.734364 0
    outer loop
      vertex -17.1213 -17.1213 5
      vertex -16.9483 -17.2812 13
      vertex -17.1213 -17.1213 13
    endloop
  endfacet
  facet normal -0.678756 -0.734364 -0
    outer loop
      vertex -16.9483 -17.2812 13
      vertex -17.1213 -17.1213 5
      vertex -16.9483 -17.2812 5
    endloop
  endfacet
  facet normal -0.555288 -0.831658 0
    outer loop
      vertex -16.7634 -17.4271 5
      vertex -16.5675 -17.5579 13
      vertex -16.7634 -17.4271 13
    endloop
  endfacet
  facet normal -0.555288 -0.831658 -0
    outer loop
      vertex -16.5675 -17.5579 13
      vertex -16.7634 -17.4271 5
      vertex -16.5675 -17.5579 5
    endloop
  endfacet
  facet normal -0.488668 -0.87247 0
    outer loop
      vertex -16.5675 -17.5579 5
      vertex -16.362 -17.673 13
      vertex -16.5675 -17.5579 13
    endloop
  endfacet
  facet normal -0.488668 -0.87247 -0
    outer loop
      vertex -16.362 -17.673 13
      vertex -16.5675 -17.5579 5
      vertex -16.362 -17.673 5
    endloop
  endfacet
  facet normal -0.1953 -0.980744 0
    outer loop
      vertex -15.7003 -17.9171 5
      vertex -15.4693 -17.9631 13
      vertex -15.7003 -17.9171 13
    endloop
  endfacet
  facet normal -0.1953 -0.980744 -0
    outer loop
      vertex -15.4693 -17.9631 13
      vertex -15.7003 -17.9171 5
      vertex -15.4693 -17.9631 5
    endloop
  endfacet
  facet normal -0.908232 -0.418466 0
    outer loop
      vertex -17.673 -16.362 5
      vertex -17.7716 -16.148 13
      vertex -17.7716 -16.148 5
    endloop
  endfacet
  facet normal -0.908232 -0.418466 0
    outer loop
      vertex -17.7716 -16.148 13
      vertex -17.673 -16.362 5
      vertex -17.673 -16.362 13
    endloop
  endfacet
  facet normal 0.980744 0.1953 0
    outer loop
      vertex -12.0369 -14.5307 13
      vertex -12.0829 -14.2997 5
      vertex -12.0829 -14.2997 13
    endloop
  endfacet
  facet normal 0.980744 0.1953 0
    outer loop
      vertex -12.0829 -14.2997 5
      vertex -12.0369 -14.5307 13
      vertex -12.0369 -14.5307 5
    endloop
  endfacet
  facet normal 0.99306 0.117605 0
    outer loop
      vertex -12.0092 -14.7646 13
      vertex -12.0369 -14.5307 5
      vertex -12.0369 -14.5307 13
    endloop
  endfacet
  facet normal 0.99306 0.117605 0
    outer loop
      vertex -12.0369 -14.5307 5
      vertex -12.0092 -14.7646 13
      vertex -12.0092 -14.7646 5
    endloop
  endfacet
  facet normal 0.785035 0.619452 0
    outer loop
      vertex -12.5729 -13.2366 13
      vertex -12.7188 -13.0517 5
      vertex -12.7188 -13.0517 13
    endloop
  endfacet
  facet normal 0.785035 0.619452 0
    outer loop
      vertex -12.7188 -13.0517 5
      vertex -12.5729 -13.2366 13
      vertex -12.5729 -13.2366 5
    endloop
  endfacet
  facet normal 0.347758 0.937584 0
    outer loop
      vertex -13.8795 -12.2182 5
      vertex -13.852 -12.2284 13
      vertex -13.852 -12.2284 5
    endloop
  endfacet
  facet normal 0.346512 0.938046 4.87283e-06
    outer loop
      vertex -13.852 -12.2284 13
      vertex -13.8795 -12.2182 5
      vertex -14.0729 -12.1468 13
    endloop
  endfacet
  facet normal 0.346335 0.938111 0
    outer loop
      vertex -14.0729 -12.1468 13
      vertex -13.8795 -12.2182 5
      vertex -14.0729 -12.1468 5
    endloop
  endfacet
  facet normal 0.117605 0.99306 -0
    outer loop
      vertex -14.5307 -12.0369 5
      vertex -14.7646 -12.0092 13
      vertex -14.5307 -12.0369 13
    endloop
  endfacet
  facet normal 0.117605 0.99306 0
    outer loop
      vertex -14.7646 -12.0092 13
      vertex -14.5307 -12.0369 5
      vertex -14.7646 -12.0092 5
    endloop
  endfacet
  facet normal 0.488668 0.87247 -0
    outer loop
      vertex -13.4325 -12.4421 5
      vertex -13.638 -12.327 13
      vertex -13.4325 -12.4421 13
    endloop
  endfacet
  facet normal 0.488668 0.87247 0
    outer loop
      vertex -13.638 -12.327 13
      vertex -13.4325 -12.4421 5
      vertex -13.638 -12.327 5
    endloop
  endfacet
  facet normal 0.555288 0.831658 -0
    outer loop
      vertex -13.2366 -12.5729 5
      vertex -13.4325 -12.4421 13
      vertex -13.2366 -12.5729 13
    endloop
  endfacet
  facet normal 0.555288 0.831658 0
    outer loop
      vertex -13.4325 -12.4421 13
      vertex -13.2366 -12.5729 5
      vertex -13.4325 -12.4421 5
    endloop
  endfacet
  facet normal 0.619452 0.785035 -0
    outer loop
      vertex -13.0517 -12.7188 5
      vertex -13.2366 -12.5729 13
      vertex -13.0517 -12.7188 13
    endloop
  endfacet
  facet normal 0.619452 0.785035 0
    outer loop
      vertex -13.2366 -12.5729 13
      vertex -13.0517 -12.7188 5
      vertex -13.2366 -12.5729 5
    endloop
  endfacet
  facet normal -0.938046 0.346512 0
    outer loop
      vertex -17.8532 -14.0729 5
      vertex -17.7716 -13.852 13
      vertex -17.7716 -13.852 5
    endloop
  endfacet
  facet normal -0.938046 0.346512 0
    outer loop
      vertex -17.7716 -13.852 13
      vertex -17.8532 -14.0729 5
      vertex -17.8532 -14.0729 13
    endloop
  endfacet
  facet normal -0.99306 0.117605 0
    outer loop
      vertex -17.9908 -14.7646 5
      vertex -17.9631 -14.5307 13
      vertex -17.9631 -14.5307 5
    endloop
  endfacet
  facet normal -0.99306 0.117605 0
    outer loop
      vertex -17.9631 -14.5307 13
      vertex -17.9908 -14.7646 5
      vertex -17.9908 -14.7646 13
    endloop
  endfacet
  facet normal 0 0 1
    outer loop
      vertex -13.7 -15 13
      vertex -12 -15 13
      vertex -12.0092 -14.7646 13
    endloop
  endfacet
  facet normal 0 0 1
    outer loop
      vertex -13.704 -14.898 13
      vertex -12.0092 -14.7646 13
      vertex -12.0369 -14.5307 13
    endloop
  endfacet
  facet normal 0 0 1
    outer loop
      vertex -12 -15 13
      vertex -13.7 -15 13
      vertex -12.0092 -15.2354 13
    endloop
  endfacet
  facet normal 0 0 1
    outer loop
      vertex -13.716 -14.7966 13
      vertex -12.0369 -14.5307 13
      vertex -12.0829 -14.2997 13
    endloop
  endfacet
  facet normal -0 0 1
    outer loop
      vertex -13.704 -15.102 13
      vertex -12.0092 -15.2354 13
      vertex -13.7 -15 13
    endloop
  endfacet
  facet normal 0 0 1
    outer loop
      vertex -13.7359 -14.6965 13
      vertex -12.0829 -14.2997 13
      vertex -12.1468 -14.0729 13
    endloop
  endfacet
  facet normal 0 0 1
    outer loop
      vertex -12.0092 -15.2354 13
      vertex -13.704 -15.102 13
      vertex -12.0369 -15.4693 13
    endloop
  endfacet
  facet normal 0 0 1
    outer loop
      vertex -13.7636 -14.5983 13
      vertex -12.1468 -14.0729 13
      vertex -12.2284 -13.852 13
    endloop
  endfacet
  facet normal -0 0 1
    outer loop
      vertex -13.716 -15.2034 13
      vertex -12.0369 -15.4693 13
      vertex -13.704 -15.102 13
    endloop
  endfacet
  facet normal 0 0 1
    outer loop
      vertex -13.799 -14.5025 13
      vertex -12.2284 -13.852 13
      vertex -12.327 -13.638 13
    endloop
  endfacet
  facet normal 0 0 1
    outer loop
      vertex -12.0369 -15.4693 13
      vertex -13.716 -15.2034 13
      vertex -12.0829 -15.7003 13
    endloop
  endfacet
  facet normal 0 0 1
    outer loop
      vertex -13.8417 -14.4098 13
      vertex -12.327 -13.638 13
      vertex -12.4421 -13.4325 13
    endloop
  endfacet
  facet normal -0 0 1
    outer loop
      vertex -13.7359 -15.3035 13
      vertex -12.0829 -15.7003 13
      vertex -13.716 -15.2034 13
    endloop
  endfacet
  facet normal 0 0 1
    outer loop
      vertex -13.8916 -14.3208 13
      vertex -12.4421 -13.4325 13
      vertex -12.5729 -13.2366 13
    endloop
  endfacet
  facet normal 0 0 1
    outer loop
      vertex -12.0829 -15.7003 13
      vertex -13.7359 -15.3035 13
      vertex -12.1468 -15.9271 13
    endloop
  endfacet
  facet normal 0 0 1
    outer loop
      vertex -13.9483 -14.2359 13
      vertex -12.5729 -13.2366 13
      vertex -12.7188 -13.0517 13
    endloop
  endfacet
  facet normal -0 0 1
    outer loop
      vertex -13.7636 -15.4017 13
      vertex -12.1468 -15.9271 13
      vertex -13.7359 -15.3035 13
    endloop
  endfacet
  facet normal 0 0 1
    outer loop
      vertex -14.0115 -14.1557 13
      vertex -12.7188 -13.0517 13
      vertex -12.8787 -12.8787 13
    endloop
  endfacet
  facet normal 0 0 1
    outer loop
      vertex -12.1468 -15.9271 13
      vertex -13.7636 -15.4017 13
      vertex -12.2284 -16.148 13
    endloop
  endfacet
  facet normal 0 0 1
    outer loop
      vertex -14.0808 -14.0808 13
      vertex -12.8787 -12.8787 13
      vertex -13.0517 -12.7188 13
    endloop
  endfacet
  facet normal -0 0 1
    outer loop
      vertex -13.799 -15.4975 13
      vertex -12.2284 -16.148 13
      vertex -13.7636 -15.4017 13
    endloop
  endfacet
  facet normal 0 0 1
    outer loop
      vertex -14.1557 -14.0115 13
      vertex -13.0517 -12.7188 13
      vertex -13.2366 -12.5729 13
    endloop
  endfacet
  facet normal 0 0 1
    outer loop
      vertex -12.2284 -16.148 13
      vertex -13.799 -15.4975 13
      vertex -12.327 -16.362 13
    endloop
  endfacet
  facet normal 0 0 1
    outer loop
      vertex -14.2359 -13.9483 13
      vertex -13.2366 -12.5729 13
      vertex -13.4325 -12.4421 13
    endloop
  endfacet
  facet normal -0 0 1
    outer loop
      vertex -13.8417 -15.5902 13
      vertex -12.327 -16.362 13
      vertex -13.799 -15.4975 13
    endloop
  endfacet
  facet normal 0 0 1
    outer loop
      vertex -14.3208 -13.8916 13
      vertex -13.4325 -12.4421 13
      vertex -13.638 -12.327 13
    endloop
  endfacet
  facet normal 0 0 1
    outer loop
      vertex -12.327 -16.362 13
      vertex -13.8417 -15.5902 13
      vertex -12.4421 -16.5675 13
    endloop
  endfacet
  facet normal -0 0 1
    outer loop
      vertex -13.8916 -15.6792 13
      vertex -12.4421 -16.5675 13
      vertex -13.8417 -15.5902 13
    endloop
  endfacet
  facet normal 0 0 1
    outer loop
      vertex -12.0092 -14.7646 13
      vertex -13.704 -14.898 13
      vertex -13.7 -15 13
    endloop
  endfacet
  facet normal 0 0 1
    outer loop
      vertex -12.0369 -14.5307 13
      vertex -13.716 -14.7966 13
      vertex -13.704 -14.898 13
    endloop
  endfacet
  facet normal 0 0 1
    outer loop
      vertex -12.0829 -14.2997 13
      vertex -13.7359 -14.6965 13
      vertex -13.716 -14.7966 13
    endloop
  endfacet
  facet normal 0 0 1
    outer loop
      vertex -12.1468 -14.0729 13
      vertex -13.7636 -14.5983 13
      vertex -13.7359 -14.6965 13
    endloop
  endfacet
  facet normal 0 0 1
    outer loop
      vertex -12.2284 -13.852 13
      vertex -13.799 -14.5025 13
      vertex -13.7636 -14.5983 13
    endloop
  endfacet
  facet normal 0 0 1
    outer loop
      vertex -12.327 -13.638 13
      vertex -13.8417 -14.4098 13
      vertex -13.799 -14.5025 13
    endloop
  endfacet
  facet normal 0 0 1
    outer loop
      vertex -14.4098 -13.8417 13
      vertex -13.638 -12.327 13
      vertex -13.852 -12.2284 13
    endloop
  endfacet
  facet normal 0 0 1
    outer loop
      vertex -12.4421 -13.4325 13
      vertex -13.8916 -14.3208 13
      vertex -13.8417 -14.4098 13
    endloop
  endfacet
  facet normal 0 0 1
    outer loop
      vertex -12.5729 -13.2366 13
      vertex -13.9483 -14.2359 13
      vertex -13.8916 -14.3208 13
    endloop
  endfacet
  facet normal 0 0 1
    outer loop
      vertex -12.7188 -13.0517 13
      vertex -14.0115 -14.1557 13
      vertex -13.9483 -14.2359 13
    endloop
  endfacet
  facet normal 0 0 1
    outer loop
      vertex -14.5025 -13.799 13
      vertex -13.852 -12.2284 13
      vertex -14.0729 -12.1468 13
    endloop
  endfacet
  facet normal 0 0 1
    outer loop
      vertex -12.8787 -12.8787 13
      vertex -14.0808 -14.0808 13
      vertex -14.0115 -14.1557 13
    endloop
  endfacet
  facet normal 0 0 1
    outer loop
      vertex -13.0517 -12.7188 13
      vertex -14.1557 -14.0115 13
      vertex -14.0808 -14.0808 13
    endloop
  endfacet
  facet normal 0 0 1
    outer loop
      vertex -13.2366 -12.5729 13
      vertex -14.2359 -13.9483 13
      vertex -14.1557 -14.0115 13
    endloop
  endfacet
  facet normal 0 0 1
    outer loop
      vertex -14.5983 -13.7636 13
      vertex -14.0729 -12.1468 13
      vertex -14.2997 -12.0829 13
    endloop
  endfacet
  facet normal 0 0 1
    outer loop
      vertex -13.4325 -12.4421 13
      vertex -14.3208 -13.8916 13
      vertex -14.2359 -13.9483 13
    endloop
  endfacet
  facet normal 0 0 1
    outer loop
      vertex -13.638 -12.327 13
      vertex -14.4098 -13.8417 13
      vertex -14.3208 -13.8916 13
    endloop
  endfacet
  facet normal 0 0 1
    outer loop
      vertex -13.852 -12.2284 13
      vertex -14.5025 -13.799 13
      vertex -14.4098 -13.8417 13
    endloop
  endfacet
  facet normal 0 0 1
    outer loop
      vertex -14.6965 -13.7359 13
      vertex -14.2997 -12.0829 13
      vertex -14.5307 -12.0369 13
    endloop
  endfacet
  facet normal 0 0 1
    outer loop
      vertex -14.0729 -12.1468 13
      vertex -14.5983 -13.7636 13
      vertex -14.5025 -13.799 13
    endloop
  endfacet
  facet normal 0 0 1
    outer loop
      vertex -14.2997 -12.0829 13
      vertex -14.6965 -13.7359 13
      vertex -14.5983 -13.7636 13
    endloop
  endfacet
  facet normal 0 0 1
    outer loop
      vertex -14.7966 -13.716 13
      vertex -14.5307 -12.0369 13
      vertex -14.7646 -12.0092 13
    endloop
  endfacet
  facet normal 0 0 1
    outer loop
      vertex -14.5307 -12.0369 13
      vertex -14.7966 -13.716 13
      vertex -14.6965 -13.7359 13
    endloop
  endfacet
  facet normal 0 0 1
    outer loop
      vertex -14.7646 -12.0092 13
      vertex -14.898 -13.704 13
      vertex -14.7966 -13.716 13
    endloop
  endfacet
  facet normal 0 0 1
    outer loop
      vertex -15 -12 13
      vertex -14.898 -13.704 13
      vertex -14.7646 -12.0092 13
    endloop
  endfacet
  facet normal 0 0 1
    outer loop
      vertex -15 -12 13
      vertex -15 -13.7 13
      vertex -14.898 -13.704 13
    endloop
  endfacet
  facet normal 0 0 1
    outer loop
      vertex -15 -12 13
      vertex -15.102 -13.704 13
      vertex -15 -13.7 13
    endloop
  endfacet
  facet normal -0 0 1
    outer loop
      vertex -15.2354 -12.0092 13
      vertex -15.102 -13.704 13
      vertex -15 -12 13
    endloop
  endfacet
  facet normal 0 0 1
    outer loop
      vertex -15.102 -13.704 13
      vertex -15.2354 -12.0092 13
      vertex -15.2034 -13.716 13
    endloop
  endfacet
  facet normal -0 0 1
    outer loop
      vertex -15.4693 -12.0369 13
      vertex -15.2034 -13.716 13
      vertex -15.2354 -12.0092 13
    endloop
  endfacet
  facet normal 0 0 1
    outer loop
      vertex -15.2034 -13.716 13
      vertex -15.4693 -12.0369 13
      vertex -15.3035 -13.7359 13
    endloop
  endfacet
  facet normal -0 0 1
    outer loop
      vertex -15.7003 -12.0829 13
      vertex -15.3035 -13.7359 13
      vertex -15.4693 -12.0369 13
    endloop
  endfacet
  facet normal 0 0 1
    outer loop
      vertex -15.3035 -13.7359 13
      vertex -15.7003 -12.0829 13
      vertex -15.4017 -13.7636 13
    endloop
  endfacet
  facet normal -0 0 1
    outer loop
      vertex -15.9271 -12.1468 13
      vertex -15.4017 -13.7636 13
      vertex -15.7003 -12.0829 13
    endloop
  endfacet
  facet normal 0 0 1
    outer loop
      vertex -15.4017 -13.7636 13
      vertex -15.9271 -12.1468 13
      vertex -15.4975 -13.799 13
    endloop
  endfacet
  facet normal -0 0 1
    outer loop
      vertex -16.148 -12.2284 13
      vertex -15.4975 -13.799 13
      vertex -15.9271 -12.1468 13
    endloop
  endfacet
  facet normal 0 0 1
    outer loop
      vertex -15.4975 -13.799 13
      vertex -16.148 -12.2284 13
      vertex -15.5902 -13.8417 13
    endloop
  endfacet
  facet normal -0 0 1
    outer loop
      vertex -16.362 -12.327 13
      vertex -15.5902 -13.8417 13
      vertex -16.148 -12.2284 13
    endloop
  endfacet
  facet normal 0 0 1
    outer loop
      vertex -15.5902 -13.8417 13
      vertex -16.362 -12.327 13
      vertex -15.6792 -13.8916 13
    endloop
  endfacet
  facet normal -0 0 1
    outer loop
      vertex -16.5675 -12.4421 13
      vertex -15.6792 -13.8916 13
      vertex -16.362 -12.327 13
    endloop
  endfacet
  facet normal 0 0 1
    outer loop
      vertex -15.6792 -13.8916 13
      vertex -16.5675 -12.4421 13
      vertex -15.7641 -13.9483 13
    endloop
  endfacet
  facet normal -0 0 1
    outer loop
      vertex -16.7634 -12.5729 13
      vertex -15.7641 -13.9483 13
      vertex -16.5675 -12.4421 13
    endloop
  endfacet
  facet normal 0 0 1
    outer loop
      vertex -15.7641 -13.9483 13
      vertex -16.7634 -12.5729 13
      vertex -15.8443 -14.0115 13
    endloop
  endfacet
  facet normal -0 0 1
    outer loop
      vertex -16.9483 -12.7188 13
      vertex -15.8443 -14.0115 13
      vertex -16.7634 -12.5729 13
    endloop
  endfacet
  facet normal 0 0 1
    outer loop
      vertex -15.8443 -14.0115 13
      vertex -16.9483 -12.7188 13
      vertex -15.9192 -14.0808 13
    endloop
  endfacet
  facet normal -0 0 1
    outer loop
      vertex -17.1213 -12.8787 13
      vertex -15.9192 -14.0808 13
      vertex -16.9483 -12.7188 13
    endloop
  endfacet
  facet normal 0 0 1
    outer loop
      vertex -15.9192 -14.0808 13
      vertex -17.1213 -12.8787 13
      vertex -15.9885 -14.1557 13
    endloop
  endfacet
  facet normal -0 0 1
    outer loop
      vertex -17.2812 -13.0517 13
      vertex -15.9885 -14.1557 13
      vertex -17.1213 -12.8787 13
    endloop
  endfacet
  facet normal 0 0 1
    outer loop
      vertex -15.9885 -14.1557 13
      vertex -17.2812 -13.0517 13
      vertex -16.0517 -14.2359 13
    endloop
  endfacet
  facet normal -0 0 1
    outer loop
      vertex -17.4271 -13.2366 13
      vertex -16.0517 -14.2359 13
      vertex -17.2812 -13.0517 13
    endloop
  endfacet
  facet normal -0 0 1
    outer loop
      vertex -17.5579 -13.4325 13
      vertex -16.1084 -14.3208 13
      vertex -17.4271 -13.2366 13
    endloop
  endfacet
  facet normal 0 0 1
    outer loop
      vertex -16.0517 -14.2359 13
      vertex -17.4271 -13.2366 13
      vertex -16.1084 -14.3208 13
    endloop
  endfacet
  facet normal 0 0 1
    outer loop
      vertex -12.4421 -16.5675 13
      vertex -13.8916 -15.6792 13
      vertex -12.5729 -16.7634 13
    endloop
  endfacet
  facet normal -0 0 1
    outer loop
      vertex -13.9483 -15.7641 13
      vertex -12.5729 -16.7634 13
      vertex -13.8916 -15.6792 13
    endloop
  endfacet
  facet normal 0 0 1
    outer loop
      vertex -12.5729 -16.7634 13
      vertex -13.9483 -15.7641 13
      vertex -12.7188 -16.9483 13
    endloop
  endfacet
  facet normal -0 0 1
    outer loop
      vertex -14.0115 -15.8443 13
      vertex -12.7188 -16.9483 13
      vertex -13.9483 -15.7641 13
    endloop
  endfacet
  facet normal 0 0 1
    outer loop
      vertex -12.7188 -16.9483 13
      vertex -14.0115 -15.8443 13
      vertex -12.8787 -17.1213 13
    endloop
  endfacet
  facet normal -0 0 1
    outer loop
      vertex -14.0808 -15.9192 13
      vertex -12.8787 -17.1213 13
      vertex -14.0115 -15.8443 13
    endloop
  endfacet
  facet normal 0 0 1
    outer loop
      vertex -12.8787 -17.1213 13
      vertex -14.0808 -15.9192 13
      vertex -13.0517 -17.2812 13
    endloop
  endfacet
  facet normal -0 0 1
    outer loop
      vertex -14.1557 -15.9885 13
      vertex -13.0517 -17.2812 13
      vertex -14.0808 -15.9192 13
    endloop
  endfacet
  facet normal 0 0 1
    outer loop
      vertex -13.0517 -17.2812 13
      vertex -14.1557 -15.9885 13
      vertex -13.2366 -17.4271 13
    endloop
  endfacet
  facet normal -0 0 1
    outer loop
      vertex -14.2359 -16.0517 13
      vertex -13.2366 -17.4271 13
      vertex -14.1557 -15.9885 13
    endloop
  endfacet
  facet normal 0 0 1
    outer loop
      vertex -13.2366 -17.4271 13
      vertex -14.2359 -16.0517 13
      vertex -13.4325 -17.5579 13
    endloop
  endfacet
  facet normal -0 0 1
    outer loop
      vertex -14.3208 -16.1084 13
      vertex -13.4325 -17.5579 13
      vertex -14.2359 -16.0517 13
    endloop
  endfacet
  facet normal 0 0 1
    outer loop
      vertex -13.4325 -17.5579 13
      vertex -14.3208 -16.1084 13
      vertex -13.638 -17.673 13
    endloop
  endfacet
  facet normal -0 0 1
    outer loop
      vertex -14.4098 -16.1583 13
      vertex -13.638 -17.673 13
      vertex -14.3208 -16.1084 13
    endloop
  endfacet
  facet normal 0 0 1
    outer loop
      vertex -13.638 -17.673 13
      vertex -14.4098 -16.1583 13
      vertex -13.852 -17.7716 13
    endloop
  endfacet
  facet normal -0 0 1
    outer loop
      vertex -14.5025 -16.201 13
      vertex -13.852 -17.7716 13
      vertex -14.4098 -16.1583 13
    endloop
  endfacet
  facet normal 0 0 1
    outer loop
      vertex -13.852 -17.7716 13
      vertex -14.5025 -16.201 13
      vertex -14.0729 -17.8532 13
    endloop
  endfacet
  facet normal -0 0 1
    outer loop
      vertex -14.5983 -16.2364 13
      vertex -14.0729 -17.8532 13
      vertex -14.5025 -16.201 13
    endloop
  endfacet
  facet normal 0 0 1
    outer loop
      vertex -14.0729 -17.8532 13
      vertex -14.5983 -16.2364 13
      vertex -14.2997 -17.9171 13
    endloop
  endfacet
  facet normal -0 0 1
    outer loop
      vertex -14.6965 -16.2641 13
      vertex -14.2997 -17.9171 13
      vertex -14.5983 -16.2364 13
    endloop
  endfacet
  facet normal 0 0 1
    outer loop
      vertex -14.2997 -17.9171 13
      vertex -14.6965 -16.2641 13
      vertex -14.5307 -17.9631 13
    endloop
  endfacet
  facet normal -0 0 1
    outer loop
      vertex -14.7966 -16.284 13
      vertex -14.5307 -17.9631 13
      vertex -14.6965 -16.2641 13
    endloop
  endfacet
  facet normal 0 0 1
    outer loop
      vertex -14.5307 -17.9631 13
      vertex -14.7966 -16.284 13
      vertex -14.7646 -17.9908 13
    endloop
  endfacet
  facet normal -0 0 1
    outer loop
      vertex -14.898 -16.296 13
      vertex -14.7646 -17.9908 13
      vertex -14.7966 -16.284 13
    endloop
  endfacet
  facet normal -0 0 1
    outer loop
      vertex -15 -16.3 13
      vertex -14.7646 -17.9908 13
      vertex -14.898 -16.296 13
    endloop
  endfacet
  facet normal 0 0 1
    outer loop
      vertex -15 -16.3 13
      vertex -15 -18 13
      vertex -14.7646 -17.9908 13
    endloop
  endfacet
  facet normal 0 0 1
    outer loop
      vertex -15.102 -16.296 13
      vertex -15 -18 13
      vertex -15 -16.3 13
    endloop
  endfacet
  facet normal 0 0 1
    outer loop
      vertex -15.2354 -17.9908 13
      vertex -15.102 -16.296 13
      vertex -15.2034 -16.284 13
    endloop
  endfacet
  facet normal 0 0 1
    outer loop
      vertex -15.102 -16.296 13
      vertex -15.2354 -17.9908 13
      vertex -15 -18 13
    endloop
  endfacet
  facet normal 0 0 1
    outer loop
      vertex -15.4693 -17.9631 13
      vertex -15.2034 -16.284 13
      vertex -15.3035 -16.2641 13
    endloop
  endfacet
  facet normal 0 0 1
    outer loop
      vertex -15.7003 -17.9171 13
      vertex -15.3035 -16.2641 13
      vertex -15.4017 -16.2364 13
    endloop
  endfacet
  facet normal 0 0 1
    outer loop
      vertex -15.2034 -16.284 13
      vertex -15.4693 -17.9631 13
      vertex -15.2354 -17.9908 13
    endloop
  endfacet
  facet normal 0 0 1
    outer loop
      vertex -15.9271 -17.8532 13
      vertex -15.4017 -16.2364 13
      vertex -15.4975 -16.201 13
    endloop
  endfacet
  facet normal 0 0 1
    outer loop
      vertex -16.148 -17.7716 13
      vertex -15.4975 -16.201 13
      vertex -15.5902 -16.1583 13
    endloop
  endfacet
  facet normal 0 0 1
    outer loop
      vertex -16.362 -17.673 13
      vertex -15.5902 -16.1583 13
      vertex -15.6792 -16.1084 13
    endloop
  endfacet
  facet normal 0 0 1
    outer loop
      vertex -15.3035 -16.2641 13
      vertex -15.7003 -17.9171 13
      vertex -15.4693 -17.9631 13
    endloop
  endfacet
  facet normal 0 0 1
    outer loop
      vertex -16.5675 -17.5579 13
      vertex -15.6792 -16.1084 13
      vertex -15.7641 -16.0517 13
    endloop
  endfacet
  facet normal 0 0 1
    outer loop
      vertex -16.7634 -17.4271 13
      vertex -15.7641 -16.0517 13
      vertex -15.8443 -15.9885 13
    endloop
  endfacet
  facet normal 0 0 1
    outer loop
      vertex -16.9483 -17.2812 13
      vertex -15.8443 -15.9885 13
      vertex -15.9192 -15.9192 13
    endloop
  endfacet
  facet normal 0 0 1
    outer loop
      vertex -15.4017 -16.2364 13
      vertex -15.9271 -17.8532 13
      vertex -15.7003 -17.9171 13
    endloop
  endfacet
  facet normal 0 0 1
    outer loop
      vertex -17.1213 -17.1213 13
      vertex -15.9192 -15.9192 13
      vertex -15.9885 -15.8443 13
    endloop
  endfacet
  facet normal 0 0 1
    outer loop
      vertex -17.2812 -16.9483 13
      vertex -15.9885 -15.8443 13
      vertex -16.0517 -15.7641 13
    endloop
  endfacet
  facet normal 0 0 1
    outer loop
      vertex -17.4271 -16.7634 13
      vertex -16.0517 -15.7641 13
      vertex -16.1084 -15.6792 13
    endloop
  endfacet
  facet normal 0 0 1
    outer loop
      vertex -15.4975 -16.201 13
      vertex -16.148 -17.7716 13
      vertex -15.9271 -17.8532 13
    endloop
  endfacet
  facet normal 0 0 1
    outer loop
      vertex -17.5579 -16.5675 13
      vertex -16.1084 -15.6792 13
      vertex -16.1583 -15.5902 13
    endloop
  endfacet
  facet normal 0 0 1
    outer loop
      vertex -17.673 -16.362 13
      vertex -16.1583 -15.5902 13
      vertex -16.201 -15.4975 13
    endloop
  endfacet
  facet normal 0 0 1
    outer loop
      vertex -17.7716 -16.148 13
      vertex -16.201 -15.4975 13
      vertex -16.2364 -15.4017 13
    endloop
  endfacet
  facet normal 0 0 1
    outer loop
      vertex -17.8532 -15.9271 13
      vertex -16.2364 -15.4017 13
      vertex -16.2641 -15.3035 13
    endloop
  endfacet
  facet normal 0 0 1
    outer loop
      vertex -17.9171 -15.7003 13
      vertex -16.2641 -15.3035 13
      vertex -16.284 -15.2034 13
    endloop
  endfacet
  facet normal 0 0 1
    outer loop
      vertex -17.9631 -15.4693 13
      vertex -16.284 -15.2034 13
      vertex -16.296 -15.102 13
    endloop
  endfacet
  facet normal 0 0 1
    outer loop
      vertex -15.5902 -16.1583 13
      vertex -16.362 -17.673 13
      vertex -16.148 -17.7716 13
    endloop
  endfacet
  facet normal 0 0 1
    outer loop
      vertex -17.9908 -15.2354 13
      vertex -16.296 -15.102 13
      vertex -16.3 -15 13
    endloop
  endfacet
  facet normal 0 0 1
    outer loop
      vertex -16.1084 -14.3208 13
      vertex -17.5579 -13.4325 13
      vertex -16.1583 -14.4098 13
    endloop
  endfacet
  facet normal -0 0 1
    outer loop
      vertex -17.673 -13.638 13
      vertex -16.1583 -14.4098 13
      vertex -17.5579 -13.4325 13
    endloop
  endfacet
  facet normal 0 0 1
    outer loop
      vertex -15.6792 -16.1084 13
      vertex -16.5675 -17.5579 13
      vertex -16.362 -17.673 13
    endloop
  endfacet
  facet normal 0 0 1
    outer loop
      vertex -16.1583 -14.4098 13
      vertex -17.673 -13.638 13
      vertex -16.201 -14.5025 13
    endloop
  endfacet
  facet normal 0 0 1
    outer loop
      vertex -15.7641 -16.0517 13
      vertex -16.7634 -17.4271 13
      vertex -16.5675 -17.5579 13
    endloop
  endfacet
  facet normal -0 0 1
    outer loop
      vertex -17.7716 -13.852 13
      vertex -16.201 -14.5025 13
      vertex -17.673 -13.638 13
    endloop
  endfacet
  facet normal 0 0 1
    outer loop
      vertex -15.8443 -15.9885 13
      vertex -16.9483 -17.2812 13
      vertex -16.7634 -17.4271 13
    endloop
  endfacet
  facet normal 0 0 1
    outer loop
      vertex -16.201 -14.5025 13
      vertex -17.7716 -13.852 13
      vertex -16.2364 -14.5983 13
    endloop
  endfacet
  facet normal 0 0 1
    outer loop
      vertex -15.9192 -15.9192 13
      vertex -17.1213 -17.1213 13
      vertex -16.9483 -17.2812 13
    endloop
  endfacet
  facet normal -0 0 1
    outer loop
      vertex -17.8532 -14.0729 13
      vertex -16.2364 -14.5983 13
      vertex -17.7716 -13.852 13
    endloop
  endfacet
  facet normal 0 0 1
    outer loop
      vertex -15.9885 -15.8443 13
      vertex -17.2812 -16.9483 13
      vertex -17.1213 -17.1213 13
    endloop
  endfacet
  facet normal 0 0 1
    outer loop
      vertex -16.2364 -14.5983 13
      vertex -17.8532 -14.0729 13
      vertex -16.2641 -14.6965 13
    endloop
  endfacet
  facet normal 0 0 1
    outer loop
      vertex -16.0517 -15.7641 13
      vertex -17.4271 -16.7634 13
      vertex -17.2812 -16.9483 13
    endloop
  endfacet
  facet normal -0 0 1
    outer loop
      vertex -17.9171 -14.2997 13
      vertex -16.2641 -14.6965 13
      vertex -17.8532 -14.0729 13
    endloop
  endfacet
  facet normal 0 0 1
    outer loop
      vertex -16.1084 -15.6792 13
      vertex -17.5579 -16.5675 13
      vertex -17.4271 -16.7634 13
    endloop
  endfacet
  facet normal 0 0 1
    outer loop
      vertex -16.2641 -14.6965 13
      vertex -17.9171 -14.2997 13
      vertex -16.284 -14.7966 13
    endloop
  endfacet
  facet normal 0 0 1
    outer loop
      vertex -16.1583 -15.5902 13
      vertex -17.673 -16.362 13
      vertex -17.5579 -16.5675 13
    endloop
  endfacet
  facet normal -0 0 1
    outer loop
      vertex -17.9631 -14.5307 13
      vertex -16.284 -14.7966 13
      vertex -17.9171 -14.2997 13
    endloop
  endfacet
  facet normal 0 0 1
    outer loop
      vertex -16.201 -15.4975 13
      vertex -17.7716 -16.148 13
      vertex -17.673 -16.362 13
    endloop
  endfacet
  facet normal 0 0 1
    outer loop
      vertex -16.284 -14.7966 13
      vertex -17.9631 -14.5307 13
      vertex -16.296 -14.898 13
    endloop
  endfacet
  facet normal 0 0 1
    outer loop
      vertex -16.2364 -15.4017 13
      vertex -17.8532 -15.9271 13
      vertex -17.7716 -16.148 13
    endloop
  endfacet
  facet normal -0 0 1
    outer loop
      vertex -17.9908 -14.7646 13
      vertex -16.296 -14.898 13
      vertex -17.9631 -14.5307 13
    endloop
  endfacet
  facet normal 0 0 1
    outer loop
      vertex -16.2641 -15.3035 13
      vertex -17.9171 -15.7003 13
      vertex -17.8532 -15.9271 13
    endloop
  endfacet
  facet normal 0 0 1
    outer loop
      vertex -16.296 -14.898 13
      vertex -17.9908 -14.7646 13
      vertex -16.3 -15 13
    endloop
  endfacet
  facet normal 0 0 1
    outer loop
      vertex -16.284 -15.2034 13
      vertex -17.9631 -15.4693 13
      vertex -17.9171 -15.7003 13
    endloop
  endfacet
  facet normal 0 0 1
    outer loop
      vertex -18 -15 13
      vertex -16.3 -15 13
      vertex -17.9908 -14.7646 13
    endloop
  endfacet
  facet normal 0 0 1
    outer loop
      vertex -16.296 -15.102 13
      vertex -17.9908 -15.2354 13
      vertex -17.9631 -15.4693 13
    endloop
  endfacet
  facet normal 0 0 1
    outer loop
      vertex -16.3 -15 13
      vertex -18 -15 13
      vertex -17.9908 -15.2354 13
    endloop
  endfacet
  facet normal -0.418466 0.908232 0
    outer loop
      vertex -16.148 -12.2284 5
      vertex -16.362 -12.327 13
      vertex -16.148 -12.2284 13
    endloop
  endfacet
  facet normal -0.418466 0.908232 0
    outer loop
      vertex -16.362 -12.327 13
      vertex -16.148 -12.2284 5
      vertex -16.362 -12.327 5
    endloop
  endfacet
  facet normal -0.555288 0.831658 0
    outer loop
      vertex -16.5675 -12.4421 5
      vertex -16.7634 -12.5729 13
      vertex -16.5675 -12.4421 13
    endloop
  endfacet
  facet normal -0.555288 0.831658 0
    outer loop
      vertex -16.7634 -12.5729 13
      vertex -16.5675 -12.4421 5
      vertex -16.7634 -12.5729 5
    endloop
  endfacet
  facet normal -0.271188 0.962526 0
    outer loop
      vertex -15.7003 -12.0829 5
      vertex -15.9271 -12.1468 13
      vertex -15.7003 -12.0829 13
    endloop
  endfacet
  facet normal -0.271188 0.962526 0
    outer loop
      vertex -15.9271 -12.1468 13
      vertex -15.7003 -12.0829 5
      vertex -15.9271 -12.1468 5
    endloop
  endfacet
  facet normal -0.0390526 0.999237 0
    outer loop
      vertex -15 -12 5
      vertex -15.2354 -12.0092 13
      vertex -15 -12 13
    endloop
  endfacet
  facet normal -0.0390526 0.999237 0
    outer loop
      vertex -15.2354 -12.0092 13
      vertex -15 -12 5
      vertex -15.2354 -12.0092 5
    endloop
  endfacet
  facet normal 0.0390526 -0.999237 0
    outer loop
      vertex -15 -18 5
      vertex -14.7646 -17.9908 13
      vertex -15 -18 13
    endloop
  endfacet
  facet normal 0.0390526 -0.999237 0
    outer loop
      vertex -14.7646 -17.9908 13
      vertex -15 -18 5
      vertex -14.7646 -17.9908 5
    endloop
  endfacet
  facet normal 0.1953 -0.980744 0
    outer loop
      vertex -14.5307 -17.9631 5
      vertex -14.2997 -17.9171 13
      vertex -14.5307 -17.9631 13
    endloop
  endfacet
  facet normal 0.1953 -0.980744 0
    outer loop
      vertex -14.2997 -17.9171 13
      vertex -14.5307 -17.9631 5
      vertex -14.2997 -17.9171 5
    endloop
  endfacet
  facet normal 0.346512 -0.938046 0
    outer loop
      vertex -14.0729 -17.8532 5
      vertex -13.852 -17.7716 13
      vertex -14.0729 -17.8532 13
    endloop
  endfacet
  facet normal 0.346512 -0.938046 0
    outer loop
      vertex -13.852 -17.7716 13
      vertex -14.0729 -17.8532 5
      vertex -13.852 -17.7716 5
    endloop
  endfacet
  facet normal 0.555288 -0.831658 0
    outer loop
      vertex -13.4325 -17.5579 5
      vertex -13.2366 -17.4271 13
      vertex -13.4325 -17.5579 13
    endloop
  endfacet
  facet normal 0.555288 -0.831658 0
    outer loop
      vertex -13.2366 -17.4271 13
      vertex -13.4325 -17.5579 5
      vertex -13.2366 -17.4271 5
    endloop
  endfacet
  facet normal 0.488668 -0.87247 0
    outer loop
      vertex -13.638 -17.673 5
      vertex -13.4325 -17.5579 13
      vertex -13.638 -17.673 13
    endloop
  endfacet
  facet normal 0.488668 -0.87247 0
    outer loop
      vertex -13.4325 -17.5579 13
      vertex -13.638 -17.673 5
      vertex -13.4325 -17.5579 5
    endloop
  endfacet
  facet normal 0.785035 -0.619452 0
    outer loop
      vertex -12.7188 -16.9483 13
      vertex -12.5729 -16.7634 5
      vertex -12.5729 -16.7634 13
    endloop
  endfacet
  facet normal 0.785035 -0.619452 0
    outer loop
      vertex -12.5729 -16.7634 5
      vertex -12.7188 -16.9483 13
      vertex -12.7188 -16.9483 5
    endloop
  endfacet
  facet normal 0.908232 -0.418466 0
    outer loop
      vertex -12.327 -16.362 13
      vertex -12.2284 -16.148 5
      vertex -12.2284 -16.148 13
    endloop
  endfacet
  facet normal 0.908232 -0.418466 0
    outer loop
      vertex -12.2284 -16.148 5
      vertex -12.327 -16.362 13
      vertex -12.327 -16.362 5
    endloop
  endfacet
  facet normal 0.980744 -0.1953 0
    outer loop
      vertex -12.0829 -15.7003 13
      vertex -12.0369 -15.4693 5
      vertex -12.0369 -15.4693 13
    endloop
  endfacet
  facet normal 0.980744 -0.1953 0
    outer loop
      vertex -12.0369 -15.4693 5
      vertex -12.0829 -15.7003 13
      vertex -12.0829 -15.7003 5
    endloop
  endfacet
  facet normal 0.99306 -0.117605 0
    outer loop
      vertex -12.0369 -15.4693 13
      vertex -12.0092 -15.2354 5
      vertex -12.0092 -15.2354 13
    endloop
  endfacet
  facet normal 0.99306 -0.117605 0
    outer loop
      vertex -12.0092 -15.2354 5
      vertex -12.0369 -15.4693 13
      vertex -12.0369 -15.4693 5
    endloop
  endfacet
  facet normal -0.619452 -0.785035 0
    outer loop
      vertex -16.9483 -17.2812 5
      vertex -16.7634 -17.4271 13
      vertex -16.9483 -17.2812 13
    endloop
  endfacet
  facet normal -0.619452 -0.785035 -0
    outer loop
      vertex -16.7634 -17.4271 13
      vertex -16.9483 -17.2812 5
      vertex -16.7634 -17.4271 5
    endloop
  endfacet
  facet normal -0.418466 -0.908232 0
    outer loop
      vertex -16.362 -17.673 5
      vertex -16.148 -17.7716 13
      vertex -16.362 -17.673 13
    endloop
  endfacet
  facet normal -0.418466 -0.908232 -0
    outer loop
      vertex -16.148 -17.7716 13
      vertex -16.362 -17.673 5
      vertex -16.148 -17.7716 5
    endloop
  endfacet
  facet normal -0.271188 -0.962526 0
    outer loop
      vertex -15.9271 -17.8532 5
      vertex -15.7003 -17.9171 13
      vertex -15.9271 -17.8532 13
    endloop
  endfacet
  facet normal -0.271188 -0.962526 -0
    outer loop
      vertex -15.7003 -17.9171 13
      vertex -15.9271 -17.8532 5
      vertex -15.7003 -17.9171 5
    endloop
  endfacet
  facet normal -0.117605 -0.99306 0
    outer loop
      vertex -15.4693 -17.9631 5
      vertex -15.2354 -17.9908 13
      vertex -15.4693 -17.9631 13
    endloop
  endfacet
  facet normal -0.117605 -0.99306 -0
    outer loop
      vertex -15.2354 -17.9908 13
      vertex -15.4693 -17.9631 5
      vertex -15.2354 -17.9908 5
    endloop
  endfacet
  facet normal -0.831658 -0.555288 0
    outer loop
      vertex -17.4271 -16.7634 5
      vertex -17.5579 -16.5675 13
      vertex -17.5579 -16.5675 5
    endloop
  endfacet
  facet normal -0.831658 -0.555288 0
    outer loop
      vertex -17.5579 -16.5675 13
      vertex -17.4271 -16.7634 5
      vertex -17.4271 -16.7634 13
    endloop
  endfacet
  facet normal -0.734364 -0.678756 0
    outer loop
      vertex -17.1213 -17.1213 5
      vertex -17.2812 -16.9483 13
      vertex -17.2812 -16.9483 5
    endloop
  endfacet
  facet normal -0.734364 -0.678756 0
    outer loop
      vertex -17.2812 -16.9483 13
      vertex -17.1213 -17.1213 5
      vertex -17.1213 -17.1213 13
    endloop
  endfacet
  facet normal -0.87247 -0.488668 0
    outer loop
      vertex -17.5579 -16.5675 5
      vertex -17.673 -16.362 13
      vertex -17.673 -16.362 5
    endloop
  endfacet
  facet normal -0.87247 -0.488668 0
    outer loop
      vertex -17.673 -16.362 13
      vertex -17.5579 -16.5675 5
      vertex -17.5579 -16.5675 13
    endloop
  endfacet
  facet normal -0.938046 -0.346512 0
    outer loop
      vertex -17.7716 -16.148 5
      vertex -17.8532 -15.9271 13
      vertex -17.8532 -15.9271 5
    endloop
  endfacet
  facet normal -0.938046 -0.346512 0
    outer loop
      vertex -17.8532 -15.9271 13
      vertex -17.7716 -16.148 5
      vertex -17.7716 -16.148 13
    endloop
  endfacet
  facet normal -0.980744 -0.1953 0
    outer loop
      vertex -17.9171 -15.7003 5
      vertex -17.9631 -15.4693 13
      vertex -17.9631 -15.4693 5
    endloop
  endfacet
  facet normal -0.980744 -0.1953 0
    outer loop
      vertex -17.9631 -15.4693 13
      vertex -17.9171 -15.7003 5
      vertex -17.9171 -15.7003 13
    endloop
  endfacet
  facet normal -0.999237 -0.0390526 0
    outer loop
      vertex -17.9908 -15.2354 5
      vertex -18 -15 13
      vertex -18 -15 5
    endloop
  endfacet
  facet normal -0.999237 -0.0390526 0
    outer loop
      vertex -18 -15 13
      vertex -17.9908 -15.2354 5
      vertex -17.9908 -15.2354 13
    endloop
  endfacet
  facet normal -0.831658 0.555288 0
    outer loop
      vertex -17.5579 -13.4325 5
      vertex -17.4271 -13.2366 13
      vertex -17.4271 -13.2366 5
    endloop
  endfacet
  facet normal -0.831658 0.555288 0
    outer loop
      vertex -17.4271 -13.2366 13
      vertex -17.5579 -13.4325 5
      vertex -17.5579 -13.4325 13
    endloop
  endfacet
  facet normal -0.785035 0.619452 0
    outer loop
      vertex -17.4271 -13.2366 5
      vertex -17.2812 -13.0517 13
      vertex -17.2812 -13.0517 5
    endloop
  endfacet
  facet normal -0.785035 0.619452 0
    outer loop
      vertex -17.2812 -13.0517 13
      vertex -17.4271 -13.2366 5
      vertex -17.4271 -13.2366 13
    endloop
  endfacet
  facet normal 0.117605 -0.99306 0
    outer loop
      vertex -14.7646 -17.9908 5
      vertex -14.5307 -17.9631 13
      vertex -14.7646 -17.9908 13
    endloop
  endfacet
  facet normal 0.117605 -0.99306 0
    outer loop
      vertex -14.5307 -17.9631 13
      vertex -14.7646 -17.9908 5
      vertex -14.5307 -17.9631 5
    endloop
  endfacet
  facet normal 0.619452 -0.785035 0
    outer loop
      vertex -13.2366 -17.4271 5
      vertex -13.0517 -17.2812 13
      vertex -13.2366 -17.4271 13
    endloop
  endfacet
  facet normal 0.619452 -0.785035 0
    outer loop
      vertex -13.0517 -17.2812 13
      vertex -13.2366 -17.4271 5
      vertex -13.0517 -17.2812 5
    endloop
  endfacet
  facet normal 0.831658 -0.555288 0
    outer loop
      vertex -12.5729 -16.7634 13
      vertex -12.4421 -16.5675 5
      vertex -12.4421 -16.5675 13
    endloop
  endfacet
  facet normal 0.831658 -0.555288 0
    outer loop
      vertex -12.4421 -16.5675 5
      vertex -12.5729 -16.7634 13
      vertex -12.5729 -16.7634 5
    endloop
  endfacet
  facet normal 0.938046 -0.346512 0
    outer loop
      vertex -12.2284 -16.148 13
      vertex -12.1468 -15.9271 5
      vertex -12.1468 -15.9271 13
    endloop
  endfacet
  facet normal 0.938046 -0.346512 0
    outer loop
      vertex -12.1468 -15.9271 5
      vertex -12.2284 -16.148 13
      vertex -12.2284 -16.148 5
    endloop
  endfacet
  facet normal 0.999237 -0.0390526 0
    outer loop
      vertex -12.0092 -15.2354 13
      vertex -12 -15 5
      vertex -12 -15 13
    endloop
  endfacet
  facet normal 0.999237 -0.0390526 0
    outer loop
      vertex -12 -15 5
      vertex -12.0092 -15.2354 13
      vertex -12.0092 -15.2354 5
    endloop
  endfacet
  facet normal -0.0390526 -0.999237 0
    outer loop
      vertex -15.2354 -17.9908 5
      vertex -15 -18 13
      vertex -15.2354 -17.9908 13
    endloop
  endfacet
  facet normal -0.0390526 -0.999237 -0
    outer loop
      vertex -15 -18 13
      vertex -15.2354 -17.9908 5
      vertex -15 -18 5
    endloop
  endfacet
  facet normal -0.785035 -0.619452 0
    outer loop
      vertex -17.2812 -16.9483 5
      vertex -17.4271 -16.7634 13
      vertex -17.4271 -16.7634 5
    endloop
  endfacet
  facet normal -0.785035 -0.619452 0
    outer loop
      vertex -17.4271 -16.7634 13
      vertex -17.2812 -16.9483 5
      vertex -17.2812 -16.9483 13
    endloop
  endfacet
  facet normal -0.99306 -0.117605 0
    outer loop
      vertex -17.9631 -15.4693 5
      vertex -17.9908 -15.2354 13
      vertex -17.9908 -15.2354 5
    endloop
  endfacet
  facet normal -0.99306 -0.117605 0
    outer loop
      vertex -17.9908 -15.2354 13
      vertex -17.9631 -15.4693 5
      vertex -17.9631 -15.4693 13
    endloop
  endfacet
  facet normal -0.999232 -0.0391856 0
    outer loop
      vertex -13.7 -15 5
      vertex -13.704 -14.898 13
      vertex -13.704 -14.898 5
    endloop
  endfacet
  facet normal -0.999232 -0.0391856 0
    outer loop
      vertex -13.704 -14.898 13
      vertex -13.7 -15 5
      vertex -13.7 -15 13
    endloop
  endfacet
  facet normal 0.999232 -0.0391856 0
    outer loop
      vertex -16.3 -15 13
      vertex -16.296 -14.898 5
      vertex -16.296 -14.898 13
    endloop
  endfacet
  facet normal 0.999232 -0.0391856 0
    outer loop
      vertex -16.296 -14.898 5
      vertex -16.3 -15 13
      vertex -16.3 -15 5
    endloop
  endfacet
  facet normal 0.0391856 -0.999232 0
    outer loop
      vertex -15.102 -13.704 5
      vertex -15 -13.7 13
      vertex -15.102 -13.704 13
    endloop
  endfacet
  facet normal 0.0391856 -0.999232 0
    outer loop
      vertex -15 -13.7 13
      vertex -15.102 -13.704 5
      vertex -15 -13.7 5
    endloop
  endfacet
  facet normal -0.0391856 0.999232 0
    outer loop
      vertex -14.898 -16.296 5
      vertex -15 -16.3 13
      vertex -14.898 -16.296 13
    endloop
  endfacet
  facet normal -0.0391856 0.999232 0
    outer loop
      vertex -15 -16.3 13
      vertex -14.898 -16.296 5
      vertex -15 -16.3 5
    endloop
  endfacet
  facet normal -0.679134 -0.734014 0
    outer loop
      vertex -14.1557 -14.0115 5
      vertex -14.0808 -14.0808 13
      vertex -14.1557 -14.0115 13
    endloop
  endfacet
  facet normal -0.679134 -0.734014 -0
    outer loop
      vertex -14.0808 -14.0808 13
      vertex -14.1557 -14.0115 5
      vertex -14.0808 -14.0808 5
    endloop
  endfacet
  facet normal 0.734014 -0.679134 0
    outer loop
      vertex -15.9885 -14.1557 13
      vertex -15.9192 -14.0808 5
      vertex -15.9192 -14.0808 13
    endloop
  endfacet
  facet normal 0.734014 -0.679134 0
    outer loop
      vertex -15.9192 -14.0808 5
      vertex -15.9885 -14.1557 13
      vertex -15.9885 -14.1557 5
    endloop
  endfacet
  facet normal 0.418375 -0.908275 0
    outer loop
      vertex -15.5902 -13.8417 5
      vertex -15.4975 -13.799 13
      vertex -15.5902 -13.8417 13
    endloop
  endfacet
  facet normal 0.418375 -0.908275 0
    outer loop
      vertex -15.4975 -13.799 13
      vertex -15.5902 -13.8417 5
      vertex -15.4975 -13.799 5
    endloop
  endfacet
  facet normal -0.908275 -0.418375 0
    outer loop
      vertex -13.799 -14.5025 5
      vertex -13.8417 -14.4098 13
      vertex -13.8417 -14.4098 5
    endloop
  endfacet
  facet normal -0.908275 -0.418375 0
    outer loop
      vertex -13.8417 -14.4098 13
      vertex -13.799 -14.5025 5
      vertex -13.799 -14.5025 13
    endloop
  endfacet
  facet normal -0.346613 -0.938008 0
    outer loop
      vertex -14.5983 -13.7636 5
      vertex -14.5025 -13.799 13
      vertex -14.5983 -13.7636 13
    endloop
  endfacet
  facet normal -0.346613 -0.938008 -0
    outer loop
      vertex -14.5025 -13.799 13
      vertex -14.5983 -13.7636 5
      vertex -14.5025 -13.799 5
    endloop
  endfacet
  facet normal -0.555378 -0.831598 0
    outer loop
      vertex -14.3208 -13.8916 5
      vertex -14.2359 -13.9483 13
      vertex -14.3208 -13.8916 13
    endloop
  endfacet
  facet normal -0.555378 -0.831598 -0
    outer loop
      vertex -14.2359 -13.9483 13
      vertex -14.3208 -13.8916 5
      vertex -14.2359 -13.9483 5
    endloop
  endfacet
  facet normal 0.908275 -0.418375 0
    outer loop
      vertex -16.201 -14.5025 13
      vertex -16.1583 -14.4098 5
      vertex -16.1583 -14.4098 13
    endloop
  endfacet
  facet normal 0.908275 -0.418375 0
    outer loop
      vertex -16.1583 -14.4098 5
      vertex -16.201 -14.5025 13
      vertex -16.201 -14.5025 5
    endloop
  endfacet
  facet normal 0.271483 -0.962443 0
    outer loop
      vertex -15.4017 -13.7636 5
      vertex -15.3035 -13.7359 13
      vertex -15.4017 -13.7636 13
    endloop
  endfacet
  facet normal 0.271483 -0.962443 0
    outer loop
      vertex -15.3035 -13.7359 13
      vertex -15.4017 -13.7636 5
      vertex -15.3035 -13.7359 5
    endloop
  endfacet
  facet normal -0.962443 0.271483 0
    outer loop
      vertex -13.7636 -15.4017 5
      vertex -13.7359 -15.3035 13
      vertex -13.7359 -15.3035 5
    endloop
  endfacet
  facet normal -0.962443 0.271483 0
    outer loop
      vertex -13.7359 -15.3035 13
      vertex -13.7636 -15.4017 5
      vertex -13.7636 -15.4017 13
    endloop
  endfacet
  facet normal -0.962443 -0.271483 0
    outer loop
      vertex -13.7359 -14.6965 5
      vertex -13.7636 -14.5983 13
      vertex -13.7636 -14.5983 5
    endloop
  endfacet
  facet normal -0.962443 -0.271483 0
    outer loop
      vertex -13.7636 -14.5983 13
      vertex -13.7359 -14.6965 5
      vertex -13.7359 -14.6965 13
    endloop
  endfacet
  facet normal -0.99307 -0.117523 0
    outer loop
      vertex -13.704 -14.898 5
      vertex -13.716 -14.7966 13
      vertex -13.716 -14.7966 5
    endloop
  endfacet
  facet normal -0.99307 -0.117523 0
    outer loop
      vertex -13.716 -14.7966 13
      vertex -13.704 -14.898 5
      vertex -13.704 -14.898 13
    endloop
  endfacet
  facet normal -0.938008 -0.346613 0
    outer loop
      vertex -13.7636 -14.5983 5
      vertex -13.799 -14.5025 13
      vertex -13.799 -14.5025 5
    endloop
  endfacet
  facet normal -0.938008 -0.346613 0
    outer loop
      vertex -13.799 -14.5025 13
      vertex -13.7636 -14.5983 5
      vertex -13.7636 -14.5983 13
    endloop
  endfacet
  facet normal -0.785434 -0.618945 0
    outer loop
      vertex -13.9483 -14.2359 5
      vertex -14.0115 -14.1557 13
      vertex -14.0115 -14.1557 5
    endloop
  endfacet
  facet normal -0.785434 -0.618945 0
    outer loop
      vertex -14.0115 -14.1557 13
      vertex -13.9483 -14.2359 5
      vertex -13.9483 -14.2359 13
    endloop
  endfacet
  facet normal -0.734014 -0.679134 0
    outer loop
      vertex -14.0115 -14.1557 5
      vertex -14.0808 -14.0808 13
      vertex -14.0808 -14.0808 5
    endloop
  endfacet
  facet normal -0.734014 -0.679134 0
    outer loop
      vertex -14.0808 -14.0808 13
      vertex -14.0115 -14.1557 5
      vertex -14.0115 -14.1557 13
    endloop
  endfacet
  facet normal -0.872255 -0.489051 0
    outer loop
      vertex -13.8417 -14.4098 5
      vertex -13.8916 -14.3208 13
      vertex -13.8916 -14.3208 5
    endloop
  endfacet
  facet normal -0.872255 -0.489051 0
    outer loop
      vertex -13.8916 -14.3208 13
      vertex -13.8417 -14.4098 5
      vertex -13.8417 -14.4098 13
    endloop
  endfacet
  facet normal -0.194985 -0.980806 0
    outer loop
      vertex -14.7966 -13.716 5
      vertex -14.6965 -13.7359 13
      vertex -14.7966 -13.716 13
    endloop
  endfacet
  facet normal -0.194985 -0.980806 -0
    outer loop
      vertex -14.6965 -13.7359 13
      vertex -14.7966 -13.716 5
      vertex -14.6965 -13.7359 5
    endloop
  endfacet
  facet normal -0.271483 -0.962443 0
    outer loop
      vertex -14.6965 -13.7359 5
      vertex -14.5983 -13.7636 13
      vertex -14.6965 -13.7359 13
    endloop
  endfacet
  facet normal -0.271483 -0.962443 -0
    outer loop
      vertex -14.5983 -13.7636 13
      vertex -14.6965 -13.7359 5
      vertex -14.5983 -13.7636 5
    endloop
  endfacet
  facet normal -0.618945 -0.785434 0
    outer loop
      vertex -14.2359 -13.9483 5
      vertex -14.1557 -14.0115 13
      vertex -14.2359 -13.9483 13
    endloop
  endfacet
  facet normal -0.618945 -0.785434 -0
    outer loop
      vertex -14.1557 -14.0115 13
      vertex -14.2359 -13.9483 5
      vertex -14.1557 -14.0115 5
    endloop
  endfacet
  facet normal 0.980806 -0.194985 0
    outer loop
      vertex -16.284 -14.7966 13
      vertex -16.2641 -14.6965 5
      vertex -16.2641 -14.6965 13
    endloop
  endfacet
  facet normal 0.980806 -0.194985 0
    outer loop
      vertex -16.2641 -14.6965 5
      vertex -16.284 -14.7966 13
      vertex -16.284 -14.7966 5
    endloop
  endfacet
  facet normal 0.831598 -0.555378 0
    outer loop
      vertex -16.1084 -14.3208 13
      vertex -16.0517 -14.2359 5
      vertex -16.0517 -14.2359 13
    endloop
  endfacet
  facet normal 0.831598 -0.555378 0
    outer loop
      vertex -16.0517 -14.2359 5
      vertex -16.1084 -14.3208 13
      vertex -16.1084 -14.3208 5
    endloop
  endfacet
  facet normal 0.785434 -0.618945 0
    outer loop
      vertex -16.0517 -14.2359 13
      vertex -15.9885 -14.1557 5
      vertex -15.9885 -14.1557 13
    endloop
  endfacet
  facet normal 0.785434 -0.618945 0
    outer loop
      vertex -15.9885 -14.1557 5
      vertex -16.0517 -14.2359 13
      vertex -16.0517 -14.2359 5
    endloop
  endfacet
  facet normal 0.872255 -0.489051 0
    outer loop
      vertex -16.1583 -14.4098 13
      vertex -16.1084 -14.3208 5
      vertex -16.1084 -14.3208 13
    endloop
  endfacet
  facet normal 0.872255 -0.489051 0
    outer loop
      vertex -16.1084 -14.3208 5
      vertex -16.1583 -14.4098 13
      vertex -16.1583 -14.4098 5
    endloop
  endfacet
  facet normal 0.938008 -0.346613 0
    outer loop
      vertex -16.2364 -14.5983 13
      vertex -16.201 -14.5025 5
      vertex -16.201 -14.5025 13
    endloop
  endfacet
  facet normal 0.938008 -0.346613 0
    outer loop
      vertex -16.201 -14.5025 5
      vertex -16.2364 -14.5983 13
      vertex -16.2364 -14.5983 5
    endloop
  endfacet
  facet normal 0.99307 -0.117523 0
    outer loop
      vertex -16.296 -14.898 13
      vertex -16.284 -14.7966 5
      vertex -16.284 -14.7966 13
    endloop
  endfacet
  facet normal 0.99307 -0.117523 0
    outer loop
      vertex -16.284 -14.7966 5
      vertex -16.296 -14.898 13
      vertex -16.296 -14.898 5
    endloop
  endfacet
  facet normal 0.618945 -0.785434 0
    outer loop
      vertex -15.8443 -14.0115 5
      vertex -15.7641 -13.9483 13
      vertex -15.8443 -14.0115 13
    endloop
  endfacet
  facet normal 0.618945 -0.785434 0
    outer loop
      vertex -15.7641 -13.9483 13
      vertex -15.8443 -14.0115 5
      vertex -15.7641 -13.9483 5
    endloop
  endfacet
  facet normal 0.489051 -0.872255 0
    outer loop
      vertex -15.6792 -13.8916 5
      vertex -15.5902 -13.8417 13
      vertex -15.6792 -13.8916 13
    endloop
  endfacet
  facet normal 0.489051 -0.872255 0
    outer loop
      vertex -15.5902 -13.8417 13
      vertex -15.6792 -13.8916 5
      vertex -15.5902 -13.8417 5
    endloop
  endfacet
  facet normal 0.679134 -0.734014 0
    outer loop
      vertex -15.9192 -14.0808 5
      vertex -15.8443 -14.0115 13
      vertex -15.9192 -14.0808 13
    endloop
  endfacet
  facet normal 0.679134 -0.734014 0
    outer loop
      vertex -15.8443 -14.0115 13
      vertex -15.9192 -14.0808 5
      vertex -15.8443 -14.0115 5
    endloop
  endfacet
  facet normal 0.346613 -0.938008 0
    outer loop
      vertex -15.4975 -13.799 5
      vertex -15.4017 -13.7636 13
      vertex -15.4975 -13.799 13
    endloop
  endfacet
  facet normal 0.346613 -0.938008 0
    outer loop
      vertex -15.4017 -13.7636 13
      vertex -15.4975 -13.799 5
      vertex -15.4017 -13.7636 5
    endloop
  endfacet
  facet normal 0.117523 -0.99307 0
    outer loop
      vertex -15.2034 -13.716 5
      vertex -15.102 -13.704 13
      vertex -15.2034 -13.716 13
    endloop
  endfacet
  facet normal 0.117523 -0.99307 0
    outer loop
      vertex -15.102 -13.704 13
      vertex -15.2034 -13.716 5
      vertex -15.102 -13.704 5
    endloop
  endfacet
  facet normal -0.99307 0.117523 0
    outer loop
      vertex -13.716 -15.2034 5
      vertex -13.704 -15.102 13
      vertex -13.704 -15.102 5
    endloop
  endfacet
  facet normal -0.99307 0.117523 0
    outer loop
      vertex -13.704 -15.102 13
      vertex -13.716 -15.2034 5
      vertex -13.716 -15.2034 13
    endloop
  endfacet
  facet normal -0.489051 0.872255 0
    outer loop
      vertex -14.3208 -16.1084 5
      vertex -14.4098 -16.1583 13
      vertex -14.3208 -16.1084 13
    endloop
  endfacet
  facet normal -0.489051 0.872255 0
    outer loop
      vertex -14.4098 -16.1583 13
      vertex -14.3208 -16.1084 5
      vertex -14.4098 -16.1583 5
    endloop
  endfacet
  facet normal 0.908275 0.418375 0
    outer loop
      vertex -16.1583 -15.5902 13
      vertex -16.201 -15.4975 5
      vertex -16.201 -15.4975 13
    endloop
  endfacet
  facet normal 0.908275 0.418375 0
    outer loop
      vertex -16.201 -15.4975 5
      vertex -16.1583 -15.5902 13
      vertex -16.1583 -15.5902 5
    endloop
  endfacet
  facet normal -0.117523 0.99307 0
    outer loop
      vertex -14.7966 -16.284 5
      vertex -14.898 -16.296 13
      vertex -14.7966 -16.284 13
    endloop
  endfacet
  facet normal -0.117523 0.99307 0
    outer loop
      vertex -14.898 -16.296 13
      vertex -14.7966 -16.284 5
      vertex -14.898 -16.296 5
    endloop
  endfacet
  facet normal -0.980806 -0.194985 0
    outer loop
      vertex -13.716 -14.7966 5
      vertex -13.7359 -14.6965 13
      vertex -13.7359 -14.6965 5
    endloop
  endfacet
  facet normal -0.980806 -0.194985 0
    outer loop
      vertex -13.7359 -14.6965 13
      vertex -13.716 -14.7966 5
      vertex -13.716 -14.7966 13
    endloop
  endfacet
  facet normal -0.831598 -0.555378 0
    outer loop
      vertex -13.8916 -14.3208 5
      vertex -13.9483 -14.2359 13
      vertex -13.9483 -14.2359 5
    endloop
  endfacet
  facet normal -0.831598 -0.555378 0
    outer loop
      vertex -13.9483 -14.2359 13
      vertex -13.8916 -14.3208 5
      vertex -13.8916 -14.3208 13
    endloop
  endfacet
  facet normal -0.117523 -0.99307 0
    outer loop
      vertex -14.898 -13.704 5
      vertex -14.7966 -13.716 13
      vertex -14.898 -13.704 13
    endloop
  endfacet
  facet normal -0.117523 -0.99307 -0
    outer loop
      vertex -14.7966 -13.716 13
      vertex -14.898 -13.704 5
      vertex -14.7966 -13.716 5
    endloop
  endfacet
  facet normal -0.0391856 -0.999232 0
    outer loop
      vertex -15 -13.7 5
      vertex -14.898 -13.704 13
      vertex -15 -13.7 13
    endloop
  endfacet
  facet normal -0.0391856 -0.999232 -0
    outer loop
      vertex -14.898 -13.704 13
      vertex -15 -13.7 5
      vertex -14.898 -13.704 5
    endloop
  endfacet
  facet normal -0.489051 -0.872255 0
    outer loop
      vertex -14.4098 -13.8417 5
      vertex -14.3208 -13.8916 13
      vertex -14.4098 -13.8417 13
    endloop
  endfacet
  facet normal -0.489051 -0.872255 -0
    outer loop
      vertex -14.3208 -13.8916 13
      vertex -14.4098 -13.8417 5
      vertex -14.3208 -13.8916 5
    endloop
  endfacet
  facet normal -0.418375 -0.908275 0
    outer loop
      vertex -14.5025 -13.799 5
      vertex -14.4098 -13.8417 13
      vertex -14.5025 -13.799 13
    endloop
  endfacet
  facet normal -0.418375 -0.908275 -0
    outer loop
      vertex -14.4098 -13.8417 13
      vertex -14.5025 -13.799 5
      vertex -14.4098 -13.8417 5
    endloop
  endfacet
  facet normal 0.962443 -0.271483 0
    outer loop
      vertex -16.2641 -14.6965 13
      vertex -16.2364 -14.5983 5
      vertex -16.2364 -14.5983 13
    endloop
  endfacet
  facet normal 0.962443 -0.271483 0
    outer loop
      vertex -16.2364 -14.5983 5
      vertex -16.2641 -14.6965 13
      vertex -16.2641 -14.6965 5
    endloop
  endfacet
  facet normal 0.194985 -0.980806 0
    outer loop
      vertex -15.3035 -13.7359 5
      vertex -15.2034 -13.716 13
      vertex -15.3035 -13.7359 13
    endloop
  endfacet
  facet normal 0.194985 -0.980806 0
    outer loop
      vertex -15.2034 -13.716 13
      vertex -15.3035 -13.7359 5
      vertex -15.2034 -13.716 5
    endloop
  endfacet
  facet normal -0.999232 0.0391856 0
    outer loop
      vertex -13.704 -15.102 5
      vertex -13.7 -15 13
      vertex -13.7 -15 5
    endloop
  endfacet
  facet normal -0.999232 0.0391856 0
    outer loop
      vertex -13.7 -15 13
      vertex -13.704 -15.102 5
      vertex -13.704 -15.102 13
    endloop
  endfacet
  facet normal -0.872255 0.489051 0
    outer loop
      vertex -13.8916 -15.6792 5
      vertex -13.8417 -15.5902 13
      vertex -13.8417 -15.5902 5
    endloop
  endfacet
  facet normal -0.872255 0.489051 0
    outer loop
      vertex -13.8417 -15.5902 13
      vertex -13.8916 -15.6792 5
      vertex -13.8916 -15.6792 13
    endloop
  endfacet
  facet normal -0.938008 0.346613 0
    outer loop
      vertex -13.799 -15.4975 5
      vertex -13.7636 -15.4017 13
      vertex -13.7636 -15.4017 5
    endloop
  endfacet
  facet normal -0.938008 0.346613 0
    outer loop
      vertex -13.7636 -15.4017 13
      vertex -13.799 -15.4975 5
      vertex -13.799 -15.4975 13
    endloop
  endfacet
  facet normal -0.980806 0.194985 0
    outer loop
      vertex -13.7359 -15.3035 5
      vertex -13.716 -15.2034 13
      vertex -13.716 -15.2034 5
    endloop
  endfacet
  facet normal -0.980806 0.194985 0
    outer loop
      vertex -13.716 -15.2034 13
      vertex -13.7359 -15.3035 5
      vertex -13.7359 -15.3035 13
    endloop
  endfacet
  facet normal -0.618945 0.785434 0
    outer loop
      vertex -14.1557 -15.9885 5
      vertex -14.2359 -16.0517 13
      vertex -14.1557 -15.9885 13
    endloop
  endfacet
  facet normal -0.618945 0.785434 0
    outer loop
      vertex -14.2359 -16.0517 13
      vertex -14.1557 -15.9885 5
      vertex -14.2359 -16.0517 5
    endloop
  endfacet
  facet normal -0.785434 0.618945 0
    outer loop
      vertex -14.0115 -15.8443 5
      vertex -13.9483 -15.7641 13
      vertex -13.9483 -15.7641 5
    endloop
  endfacet
  facet normal -0.785434 0.618945 0
    outer loop
      vertex -13.9483 -15.7641 13
      vertex -14.0115 -15.8443 5
      vertex -14.0115 -15.8443 13
    endloop
  endfacet
  facet normal 0.938008 0.346613 0
    outer loop
      vertex -16.201 -15.4975 13
      vertex -16.2364 -15.4017 5
      vertex -16.2364 -15.4017 13
    endloop
  endfacet
  facet normal 0.938008 0.346613 0
    outer loop
      vertex -16.2364 -15.4017 5
      vertex -16.201 -15.4975 13
      vertex -16.201 -15.4975 5
    endloop
  endfacet
  facet normal 0.999232 0.0391856 0
    outer loop
      vertex -16.296 -15.102 13
      vertex -16.3 -15 5
      vertex -16.3 -15 13
    endloop
  endfacet
  facet normal 0.999232 0.0391856 0
    outer loop
      vertex -16.3 -15 5
      vertex -16.296 -15.102 13
      vertex -16.296 -15.102 5
    endloop
  endfacet
  facet normal -0.418375 0.908275 0
    outer loop
      vertex -14.4098 -16.1583 5
      vertex -14.5025 -16.201 13
      vertex -14.4098 -16.1583 13
    endloop
  endfacet
  facet normal -0.418375 0.908275 0
    outer loop
      vertex -14.5025 -16.201 13
      vertex -14.4098 -16.1583 5
      vertex -14.5025 -16.201 5
    endloop
  endfacet
  facet normal -0.346613 0.938008 0
    outer loop
      vertex -14.5025 -16.201 5
      vertex -14.5983 -16.2364 13
      vertex -14.5025 -16.201 13
    endloop
  endfacet
  facet normal -0.346613 0.938008 0
    outer loop
      vertex -14.5983 -16.2364 13
      vertex -14.5025 -16.201 5
      vertex -14.5983 -16.2364 5
    endloop
  endfacet
  facet normal -0.194985 0.980806 0
    outer loop
      vertex -14.6965 -16.2641 5
      vertex -14.7966 -16.284 13
      vertex -14.6965 -16.2641 13
    endloop
  endfacet
  facet normal -0.194985 0.980806 0
    outer loop
      vertex -14.7966 -16.284 13
      vertex -14.6965 -16.2641 5
      vertex -14.7966 -16.284 5
    endloop
  endfacet
  facet normal 0.555378 -0.831598 0
    outer loop
      vertex -15.7641 -13.9483 5
      vertex -15.6792 -13.8916 13
      vertex -15.7641 -13.9483 13
    endloop
  endfacet
  facet normal 0.555378 -0.831598 0
    outer loop
      vertex -15.6792 -13.8916 13
      vertex -15.7641 -13.9483 5
      vertex -15.6792 -13.8916 5
    endloop
  endfacet
  facet normal -0.679134 0.734014 0
    outer loop
      vertex -14.0808 -15.9192 5
      vertex -14.1557 -15.9885 13
      vertex -14.0808 -15.9192 13
    endloop
  endfacet
  facet normal -0.679134 0.734014 0
    outer loop
      vertex -14.1557 -15.9885 13
      vertex -14.0808 -15.9192 5
      vertex -14.1557 -15.9885 5
    endloop
  endfacet
  facet normal -0.734014 0.679134 0
    outer loop
      vertex -14.0808 -15.9192 5
      vertex -14.0115 -15.8443 13
      vertex -14.0115 -15.8443 5
    endloop
  endfacet
  facet normal -0.734014 0.679134 0
    outer loop
      vertex -14.0115 -15.8443 13
      vertex -14.0808 -15.9192 5
      vertex -14.0808 -15.9192 13
    endloop
  endfacet
  facet normal -0.555378 0.831598 0
    outer loop
      vertex -14.2359 -16.0517 5
      vertex -14.3208 -16.1084 13
      vertex -14.2359 -16.0517 13
    endloop
  endfacet
  facet normal -0.555378 0.831598 0
    outer loop
      vertex -14.3208 -16.1084 13
      vertex -14.2359 -16.0517 5
      vertex -14.3208 -16.1084 5
    endloop
  endfacet
  facet normal -0.831598 0.555378 0
    outer loop
      vertex -13.9483 -15.7641 5
      vertex -13.8916 -15.6792 13
      vertex -13.8916 -15.6792 5
    endloop
  endfacet
  facet normal -0.831598 0.555378 0
    outer loop
      vertex -13.8916 -15.6792 13
      vertex -13.9483 -15.7641 5
      vertex -13.9483 -15.7641 13
    endloop
  endfacet
  facet normal 0.489051 0.872255 -0
    outer loop
      vertex -15.5902 -16.1583 5
      vertex -15.6792 -16.1084 13
      vertex -15.5902 -16.1583 13
    endloop
  endfacet
  facet normal 0.489051 0.872255 0
    outer loop
      vertex -15.6792 -16.1084 13
      vertex -15.5902 -16.1583 5
      vertex -15.6792 -16.1084 5
    endloop
  endfacet
  facet normal 0.194985 0.980806 -0
    outer loop
      vertex -15.2034 -16.284 5
      vertex -15.3035 -16.2641 13
      vertex -15.2034 -16.284 13
    endloop
  endfacet
  facet normal 0.194985 0.980806 0
    outer loop
      vertex -15.3035 -16.2641 13
      vertex -15.2034 -16.284 5
      vertex -15.3035 -16.2641 5
    endloop
  endfacet
  facet normal 0.831598 0.555378 0
    outer loop
      vertex -16.0517 -15.7641 13
      vertex -16.1084 -15.6792 5
      vertex -16.1084 -15.6792 13
    endloop
  endfacet
  facet normal 0.831598 0.555378 0
    outer loop
      vertex -16.1084 -15.6792 5
      vertex -16.0517 -15.7641 13
      vertex -16.0517 -15.7641 5
    endloop
  endfacet
  facet normal 0.785434 0.618945 0
    outer loop
      vertex -15.9885 -15.8443 13
      vertex -16.0517 -15.7641 5
      vertex -16.0517 -15.7641 13
    endloop
  endfacet
  facet normal 0.785434 0.618945 0
    outer loop
      vertex -16.0517 -15.7641 5
      vertex -15.9885 -15.8443 13
      vertex -15.9885 -15.8443 5
    endloop
  endfacet
  facet normal 0.99307 0.117523 0
    outer loop
      vertex -16.284 -15.2034 13
      vertex -16.296 -15.102 5
      vertex -16.296 -15.102 13
    endloop
  endfacet
  facet normal 0.99307 0.117523 0
    outer loop
      vertex -16.296 -15.102 5
      vertex -16.284 -15.2034 13
      vertex -16.284 -15.2034 5
    endloop
  endfacet
  facet normal -0.271483 0.962443 0
    outer loop
      vertex -14.5983 -16.2364 5
      vertex -14.6965 -16.2641 13
      vertex -14.5983 -16.2364 13
    endloop
  endfacet
  facet normal -0.271483 0.962443 0
    outer loop
      vertex -14.6965 -16.2641 13
      vertex -14.5983 -16.2364 5
      vertex -14.6965 -16.2641 5
    endloop
  endfacet
  facet normal -0.908275 0.418375 0
    outer loop
      vertex -13.8417 -15.5902 5
      vertex -13.799 -15.4975 13
      vertex -13.799 -15.4975 5
    endloop
  endfacet
  facet normal -0.908275 0.418375 0
    outer loop
      vertex -13.799 -15.4975 13
      vertex -13.8417 -15.5902 5
      vertex -13.8417 -15.5902 13
    endloop
  endfacet
  facet normal 0.0391856 0.999232 -0
    outer loop
      vertex -15 -16.3 5
      vertex -15.102 -16.296 13
      vertex -15 -16.3 13
    endloop
  endfacet
  facet normal 0.0391856 0.999232 0
    outer loop
      vertex -15.102 -16.296 13
      vertex -15 -16.3 5
      vertex -15.102 -16.296 5
    endloop
  endfacet
  facet normal 0.271483 0.962443 -0
    outer loop
      vertex -15.3035 -16.2641 5
      vertex -15.4017 -16.2364 13
      vertex -15.3035 -16.2641 13
    endloop
  endfacet
  facet normal 0.271483 0.962443 0
    outer loop
      vertex -15.4017 -16.2364 13
      vertex -15.3035 -16.2641 5
      vertex -15.4017 -16.2364 5
    endloop
  endfacet
  facet normal 0.117523 0.99307 -0
    outer loop
      vertex -15.102 -16.296 5
      vertex -15.2034 -16.284 13
      vertex -15.102 -16.296 13
    endloop
  endfacet
  facet normal 0.117523 0.99307 0
    outer loop
      vertex -15.2034 -16.284 13
      vertex -15.102 -16.296 5
      vertex -15.2034 -16.284 5
    endloop
  endfacet
  facet normal 0.734014 0.679134 0
    outer loop
      vertex -15.9192 -15.9192 13
      vertex -15.9885 -15.8443 5
      vertex -15.9885 -15.8443 13
    endloop
  endfacet
  facet normal 0.734014 0.679134 0
    outer loop
      vertex -15.9885 -15.8443 5
      vertex -15.9192 -15.9192 13
      vertex -15.9192 -15.9192 5
    endloop
  endfacet
  facet normal 0.679134 0.734014 -0
    outer loop
      vertex -15.8443 -15.9885 5
      vertex -15.9192 -15.9192 13
      vertex -15.8443 -15.9885 13
    endloop
  endfacet
  facet normal 0.679134 0.734014 0
    outer loop
      vertex -15.9192 -15.9192 13
      vertex -15.8443 -15.9885 5
      vertex -15.9192 -15.9192 5
    endloop
  endfacet
  facet normal 0.962443 0.271483 0
    outer loop
      vertex -16.2364 -15.4017 13
      vertex -16.2641 -15.3035 5
      vertex -16.2641 -15.3035 13
    endloop
  endfacet
  facet normal 0.962443 0.271483 0
    outer loop
      vertex -16.2641 -15.3035 5
      vertex -16.2364 -15.4017 13
      vertex -16.2364 -15.4017 5
    endloop
  endfacet
  facet normal 0.980806 0.194985 0
    outer loop
      vertex -16.2641 -15.3035 13
      vertex -16.284 -15.2034 5
      vertex -16.284 -15.2034 13
    endloop
  endfacet
  facet normal 0.980806 0.194985 0
    outer loop
      vertex -16.284 -15.2034 5
      vertex -16.2641 -15.3035 13
      vertex -16.2641 -15.3035 5
    endloop
  endfacet
  facet normal 0.346613 0.938008 -0
    outer loop
      vertex -15.4017 -16.2364 5
      vertex -15.4975 -16.201 13
      vertex -15.4017 -16.2364 13
    endloop
  endfacet
  facet normal 0.346613 0.938008 0
    outer loop
      vertex -15.4975 -16.201 13
      vertex -15.4017 -16.2364 5
      vertex -15.4975 -16.201 5
    endloop
  endfacet
  facet normal 0.872255 0.489051 0
    outer loop
      vertex -16.1084 -15.6792 13
      vertex -16.1583 -15.5902 5
      vertex -16.1583 -15.5902 13
    endloop
  endfacet
  facet normal 0.872255 0.489051 0
    outer loop
      vertex -16.1583 -15.5902 5
      vertex -16.1084 -15.6792 13
      vertex -16.1084 -15.6792 5
    endloop
  endfacet
  facet normal 0.555378 0.831598 -0
    outer loop
      vertex -15.6792 -16.1084 5
      vertex -15.7641 -16.0517 13
      vertex -15.6792 -16.1084 13
    endloop
  endfacet
  facet normal 0.555378 0.831598 0
    outer loop
      vertex -15.7641 -16.0517 13
      vertex -15.6792 -16.1084 5
      vertex -15.7641 -16.0517 5
    endloop
  endfacet
  facet normal 0.618945 0.785434 -0
    outer loop
      vertex -15.7641 -16.0517 5
      vertex -15.8443 -15.9885 13
      vertex -15.7641 -16.0517 13
    endloop
  endfacet
  facet normal 0.618945 0.785434 0
    outer loop
      vertex -15.8443 -15.9885 13
      vertex -15.7641 -16.0517 5
      vertex -15.8443 -15.9885 5
    endloop
  endfacet
  facet normal 0.418375 0.908275 -0
    outer loop
      vertex -15.4975 -16.201 5
      vertex -15.5902 -16.1583 13
      vertex -15.4975 -16.201 13
    endloop
  endfacet
  facet normal 0.418375 0.908275 0
    outer loop
      vertex -15.5902 -16.1583 13
      vertex -15.4975 -16.201 5
      vertex -15.5902 -16.1583 5
    endloop
  endfacet
  facet normal 0.999237 0.0390526 0
    outer loop
      vertex -12 15 13
      vertex -12.0092 15.2354 5
      vertex -12.0092 15.2354 13
    endloop
  endfacet
  facet normal 0.999237 0.0390526 0
    outer loop
      vertex -12.0092 15.2354 5
      vertex -12 15 13
      vertex -12 15 5
    endloop
  endfacet
  facet normal -0.999237 0.0390526 0
    outer loop
      vertex -18 15 5
      vertex -17.9908 15.2354 13
      vertex -17.9908 15.2354 5
    endloop
  endfacet
  facet normal -0.999237 0.0390526 0
    outer loop
      vertex -17.9908 15.2354 13
      vertex -18 15 5
      vertex -18 15 13
    endloop
  endfacet
  facet normal 0.0390526 0.999237 -0
    outer loop
      vertex -14.7646 17.9908 5
      vertex -15 18 13
      vertex -14.7646 17.9908 13
    endloop
  endfacet
  facet normal 0.0390526 0.999237 0
    outer loop
      vertex -15 18 13
      vertex -14.7646 17.9908 5
      vertex -15 18 5
    endloop
  endfacet
  facet normal 0.734364 0.678756 0
    outer loop
      vertex -12.7188 16.9483 13
      vertex -12.8787 17.1213 5
      vertex -12.8787 17.1213 13
    endloop
  endfacet
  facet normal 0.734364 0.678756 0
    outer loop
      vertex -12.8787 17.1213 5
      vertex -12.7188 16.9483 13
      vertex -12.7188 16.9483 5
    endloop
  endfacet
  facet normal -0.678756 0.734364 0
    outer loop
      vertex -16.9483 17.2812 5
      vertex -17.1213 17.1213 13
      vertex -16.9483 17.2812 13
    endloop
  endfacet
  facet normal -0.678756 0.734364 0
    outer loop
      vertex -17.1213 17.1213 13
      vertex -16.9483 17.2812 5
      vertex -17.1213 17.1213 5
    endloop
  endfacet
  facet normal -0.346512 0.938046 0
    outer loop
      vertex -15.9271 17.8532 5
      vertex -16.148 17.7716 13
      vertex -15.9271 17.8532 13
    endloop
  endfacet
  facet normal -0.346512 0.938046 0
    outer loop
      vertex -16.148 17.7716 13
      vertex -15.9271 17.8532 5
      vertex -16.148 17.7716 5
    endloop
  endfacet
  facet normal -0.962526 -0.271188 0
    outer loop
      vertex -17.8532 14.0729 5
      vertex -17.9171 14.2997 13
      vertex -17.9171 14.2997 5
    endloop
  endfacet
  facet normal -0.962526 -0.271188 0
    outer loop
      vertex -17.9171 14.2997 13
      vertex -17.8532 14.0729 5
      vertex -17.8532 14.0729 13
    endloop
  endfacet
  facet normal 0.908232 0.418466 0
    outer loop
      vertex -12.2284 16.148 13
      vertex -12.327 16.362 5
      vertex -12.327 16.362 13
    endloop
  endfacet
  facet normal 0.908232 0.418466 0
    outer loop
      vertex -12.327 16.362 5
      vertex -12.2284 16.148 13
      vertex -12.2284 16.148 5
    endloop
  endfacet
  facet normal 0.418466 0.908232 -0
    outer loop
      vertex -13.638 17.673 5
      vertex -13.852 17.7716 13
      vertex -13.638 17.673 13
    endloop
  endfacet
  facet normal 0.418466 0.908232 0
    outer loop
      vertex -13.852 17.7716 13
      vertex -13.638 17.673 5
      vertex -13.852 17.7716 5
    endloop
  endfacet
  facet normal -0.87247 0.488668 0
    outer loop
      vertex -17.673 16.362 5
      vertex -17.5579 16.5675 13
      vertex -17.5579 16.5675 5
    endloop
  endfacet
  facet normal -0.87247 0.488668 0
    outer loop
      vertex -17.5579 16.5675 13
      vertex -17.673 16.362 5
      vertex -17.673 16.362 13
    endloop
  endfacet
  facet normal -0.1953 0.980744 0
    outer loop
      vertex -15.4693 17.9631 5
      vertex -15.7003 17.9171 13
      vertex -15.4693 17.9631 13
    endloop
  endfacet
  facet normal -0.1953 0.980744 0
    outer loop
      vertex -15.7003 17.9171 13
      vertex -15.4693 17.9631 5
      vertex -15.7003 17.9171 5
    endloop
  endfacet
  facet normal 0.87247 -0.488668 0
    outer loop
      vertex -12.4421 13.4325 13
      vertex -12.327 13.638 5
      vertex -12.327 13.638 13
    endloop
  endfacet
  facet normal 0.87247 -0.488668 0
    outer loop
      vertex -12.327 13.638 5
      vertex -12.4421 13.4325 13
      vertex -12.4421 13.4325 5
    endloop
  endfacet
  facet normal 0.271188 -0.962526 0
    outer loop
      vertex -14.2997 12.0829 5
      vertex -14.0729 12.1468 13
      vertex -14.2997 12.0829 13
    endloop
  endfacet
  facet normal 0.271188 -0.962526 0
    outer loop
      vertex -14.0729 12.1468 13
      vertex -14.2997 12.0829 5
      vertex -14.0729 12.1468 5
    endloop
  endfacet
  facet normal 0.678756 -0.734364 0
    outer loop
      vertex -13.0517 12.7188 5
      vertex -12.8787 12.8787 13
      vertex -13.0517 12.7188 13
    endloop
  endfacet
  facet normal 0.678756 -0.734364 0
    outer loop
      vertex -12.8787 12.8787 13
      vertex -13.0517 12.7188 5
      vertex -12.8787 12.8787 5
    endloop
  endfacet
  facet normal 0.962526 -0.271188 0
    outer loop
      vertex -12.1468 14.0729 13
      vertex -12.0829 14.2997 5
      vertex -12.0829 14.2997 13
    endloop
  endfacet
  facet normal 0.962526 -0.271188 0
    outer loop
      vertex -12.0829 14.2997 5
      vertex -12.1468 14.0729 13
      vertex -12.1468 14.0729 5
    endloop
  endfacet
  facet normal -0.346512 -0.938046 0
    outer loop
      vertex -16.148 12.2284 5
      vertex -15.9271 12.1468 13
      vertex -16.148 12.2284 13
    endloop
  endfacet
  facet normal -0.346512 -0.938046 -0
    outer loop
      vertex -15.9271 12.1468 13
      vertex -16.148 12.2284 5
      vertex -15.9271 12.1468 5
    endloop
  endfacet
  facet normal 0.962526 0.271188 0
    outer loop
      vertex -12.0829 15.7003 13
      vertex -12.1468 15.9271 5
      vertex -12.1468 15.9271 13
    endloop
  endfacet
  facet normal 0.962526 0.271188 0
    outer loop
      vertex -12.1468 15.9271 5
      vertex -12.0829 15.7003 13
      vertex -12.0829 15.7003 5
    endloop
  endfacet
  facet normal 0.938046 0.346512 0
    outer loop
      vertex -12.1468 15.9271 13
      vertex -12.2284 16.148 5
      vertex -12.2284 16.148 13
    endloop
  endfacet
  facet normal 0.938046 0.346512 0
    outer loop
      vertex -12.2284 16.148 5
      vertex -12.1468 15.9271 13
      vertex -12.1468 15.9271 5
    endloop
  endfacet
  facet normal 0.831658 0.555288 0
    outer loop
      vertex -12.4421 16.5675 13
      vertex -12.5729 16.7634 5
      vertex -12.5729 16.7634 13
    endloop
  endfacet
  facet normal 0.831658 0.555288 0
    outer loop
      vertex -12.5729 16.7634 5
      vertex -12.4421 16.5675 13
      vertex -12.4421 16.5675 5
    endloop
  endfacet
  facet normal 0.87247 0.488668 0
    outer loop
      vertex -12.327 16.362 13
      vertex -12.4421 16.5675 5
      vertex -12.4421 16.5675 13
    endloop
  endfacet
  facet normal 0.87247 0.488668 0
    outer loop
      vertex -12.4421 16.5675 5
      vertex -12.327 16.362 13
      vertex -12.327 16.362 5
    endloop
  endfacet
  facet normal 0.271188 0.962526 -0
    outer loop
      vertex -14.0729 17.8532 5
      vertex -14.2997 17.9171 13
      vertex -14.0729 17.8532 13
    endloop
  endfacet
  facet normal 0.271188 0.962526 0
    outer loop
      vertex -14.2997 17.9171 13
      vertex -14.0729 17.8532 5
      vertex -14.2997 17.9171 5
    endloop
  endfacet
  facet normal 0.1953 0.980744 -0
    outer loop
      vertex -14.2997 17.9171 5
      vertex -14.5307 17.9631 13
      vertex -14.2997 17.9171 13
    endloop
  endfacet
  facet normal 0.1953 0.980744 0
    outer loop
      vertex -14.5307 17.9631 13
      vertex -14.2997 17.9171 5
      vertex -14.5307 17.9631 5
    endloop
  endfacet
  facet normal 0.678756 0.734364 -0
    outer loop
      vertex -12.8787 17.1213 5
      vertex -13.0517 17.2812 13
      vertex -12.8787 17.1213 13
    endloop
  endfacet
  facet normal 0.678756 0.734364 0
    outer loop
      vertex -13.0517 17.2812 13
      vertex -12.8787 17.1213 5
      vertex -13.0517 17.2812 5
    endloop
  endfacet
  facet normal -0.962526 0.271188 0
    outer loop
      vertex -17.9171 15.7003 5
      vertex -17.8532 15.9271 13
      vertex -17.8532 15.9271 5
    endloop
  endfacet
  facet normal -0.962526 0.271188 0
    outer loop
      vertex -17.8532 15.9271 13
      vertex -17.9171 15.7003 5
      vertex -17.9171 15.7003 13
    endloop
  endfacet
  facet normal -0.734364 0.678756 0
    outer loop
      vertex -17.2812 16.9483 5
      vertex -17.1213 17.1213 13
      vertex -17.1213 17.1213 5
    endloop
  endfacet
  facet normal -0.734364 0.678756 0
    outer loop
      vertex -17.1213 17.1213 13
      vertex -17.2812 16.9483 5
      vertex -17.2812 16.9483 13
    endloop
  endfacet
  facet normal -0.908232 0.418466 0
    outer loop
      vertex -17.7716 16.148 5
      vertex -17.673 16.362 13
      vertex -17.673 16.362 5
    endloop
  endfacet
  facet normal -0.908232 0.418466 0
    outer loop
      vertex -17.673 16.362 13
      vertex -17.7716 16.148 5
      vertex -17.7716 16.148 13
    endloop
  endfacet
  facet normal -0.980744 0.1953 0
    outer loop
      vertex -17.9631 15.4693 5
      vertex -17.9171 15.7003 13
      vertex -17.9171 15.7003 5
    endloop
  endfacet
  facet normal -0.980744 0.1953 0
    outer loop
      vertex -17.9171 15.7003 13
      vertex -17.9631 15.4693 5
      vertex -17.9631 15.4693 13
    endloop
  endfacet
  facet normal -0.488668 0.87247 0
    outer loop
      vertex -16.362 17.673 5
      vertex -16.5675 17.5579 13
      vertex -16.362 17.673 13
    endloop
  endfacet
  facet normal -0.488668 0.87247 0
    outer loop
      vertex -16.5675 17.5579 13
      vertex -16.362 17.673 5
      vertex -16.5675 17.5579 5
    endloop
  endfacet
  facet normal -0.619452 0.785035 0
    outer loop
      vertex -16.7634 17.4271 5
      vertex -16.9483 17.2812 13
      vertex -16.7634 17.4271 13
    endloop
  endfacet
  facet normal -0.619452 0.785035 0
    outer loop
      vertex -16.9483 17.2812 13
      vertex -16.7634 17.4271 5
      vertex -16.9483 17.2812 5
    endloop
  endfacet
  facet normal -0.117605 0.99306 0
    outer loop
      vertex -15.2354 17.9908 5
      vertex -15.4693 17.9631 13
      vertex -15.2354 17.9908 13
    endloop
  endfacet
  facet normal -0.117605 0.99306 0
    outer loop
      vertex -15.4693 17.9631 13
      vertex -15.2354 17.9908 5
      vertex -15.4693 17.9631 5
    endloop
  endfacet
  facet normal 0.418466 -0.908232 0
    outer loop
      vertex -13.852 12.2284 5
      vertex -13.638 12.327 13
      vertex -13.852 12.2284 13
    endloop
  endfacet
  facet normal 0.418466 -0.908232 0
    outer loop
      vertex -13.638 12.327 13
      vertex -13.852 12.2284 5
      vertex -13.638 12.327 5
    endloop
  endfacet
  facet normal 0.734364 -0.678756 0
    outer loop
      vertex -12.8787 12.8787 13
      vertex -12.7188 13.0517 5
      vertex -12.7188 13.0517 13
    endloop
  endfacet
  facet normal 0.734364 -0.678756 0
    outer loop
      vertex -12.7188 13.0517 5
      vertex -12.8787 12.8787 13
      vertex -12.8787 12.8787 5
    endloop
  endfacet
  facet normal -0.678756 -0.734364 0
    outer loop
      vertex -17.1213 12.8787 5
      vertex -16.9483 12.7188 13
      vertex -17.1213 12.8787 13
    endloop
  endfacet
  facet normal -0.678756 -0.734364 -0
    outer loop
      vertex -16.9483 12.7188 13
      vertex -17.1213 12.8787 5
      vertex -16.9483 12.7188 5
    endloop
  endfacet
  facet normal -0.555288 -0.831658 0
    outer loop
      vertex -16.7634 12.5729 5
      vertex -16.5675 12.4421 13
      vertex -16.7634 12.5729 13
    endloop
  endfacet
  facet normal -0.555288 -0.831658 -0
    outer loop
      vertex -16.5675 12.4421 13
      vertex -16.7634 12.5729 5
      vertex -16.5675 12.4421 5
    endloop
  endfacet
  facet normal -0.488668 -0.87247 0
    outer loop
      vertex -16.5675 12.4421 5
      vertex -16.362 12.327 13
      vertex -16.5675 12.4421 13
    endloop
  endfacet
  facet normal -0.488668 -0.87247 -0
    outer loop
      vertex -16.362 12.327 13
      vertex -16.5675 12.4421 5
      vertex -16.362 12.327 5
    endloop
  endfacet
  facet normal -0.1953 -0.980744 0
    outer loop
      vertex -15.7003 12.0829 5
      vertex -15.4693 12.0369 13
      vertex -15.7003 12.0829 13
    endloop
  endfacet
  facet normal -0.1953 -0.980744 -0
    outer loop
      vertex -15.4693 12.0369 13
      vertex -15.7003 12.0829 5
      vertex -15.4693 12.0369 5
    endloop
  endfacet
  facet normal -0.908232 -0.418466 0
    outer loop
      vertex -17.673 13.638 5
      vertex -17.7716 13.852 13
      vertex -17.7716 13.852 5
    endloop
  endfacet
  facet normal -0.908232 -0.418466 0
    outer loop
      vertex -17.7716 13.852 13
      vertex -17.673 13.638 5
      vertex -17.673 13.638 13
    endloop
  endfacet
  facet normal 0.980744 0.1953 0
    outer loop
      vertex -12.0369 15.4693 13
      vertex -12.0829 15.7003 5
      vertex -12.0829 15.7003 13
    endloop
  endfacet
  facet normal 0.980744 0.1953 0
    outer loop
      vertex -12.0829 15.7003 5
      vertex -12.0369 15.4693 13
      vertex -12.0369 15.4693 5
    endloop
  endfacet
  facet normal 0.99306 0.117605 0
    outer loop
      vertex -12.0092 15.2354 13
      vertex -12.0369 15.4693 5
      vertex -12.0369 15.4693 13
    endloop
  endfacet
  facet normal 0.99306 0.117605 0
    outer loop
      vertex -12.0369 15.4693 5
      vertex -12.0092 15.2354 13
      vertex -12.0092 15.2354 5
    endloop
  endfacet
  facet normal 0.785035 0.619452 0
    outer loop
      vertex -12.5729 16.7634 13
      vertex -12.7188 16.9483 5
      vertex -12.7188 16.9483 13
    endloop
  endfacet
  facet normal 0.785035 0.619452 0
    outer loop
      vertex -12.7188 16.9483 5
      vertex -12.5729 16.7634 13
      vertex -12.5729 16.7634 5
    endloop
  endfacet
  facet normal 0.346512 0.938046 -0
    outer loop
      vertex -13.852 17.7716 5
      vertex -14.0729 17.8532 13
      vertex -13.852 17.7716 13
    endloop
  endfacet
  facet normal 0.346512 0.938046 0
    outer loop
      vertex -14.0729 17.8532 13
      vertex -13.852 17.7716 5
      vertex -14.0729 17.8532 5
    endloop
  endfacet
  facet normal 0.117605 0.99306 -0
    outer loop
      vertex -14.5307 17.9631 5
      vertex -14.7646 17.9908 13
      vertex -14.5307 17.9631 13
    endloop
  endfacet
  facet normal 0.117605 0.99306 0
    outer loop
      vertex -14.7646 17.9908 13
      vertex -14.5307 17.9631 5
      vertex -14.7646 17.9908 5
    endloop
  endfacet
  facet normal 0.488668 0.87247 -0
    outer loop
      vertex -13.4325 17.5579 5
      vertex -13.638 17.673 13
      vertex -13.4325 17.5579 13
    endloop
  endfacet
  facet normal 0.488668 0.87247 0
    outer loop
      vertex -13.638 17.673 13
      vertex -13.4325 17.5579 5
      vertex -13.638 17.673 5
    endloop
  endfacet
  facet normal 0.555288 0.831658 -0
    outer loop
      vertex -13.2366 17.4271 5
      vertex -13.4325 17.5579 13
      vertex -13.2366 17.4271 13
    endloop
  endfacet
  facet normal 0.555288 0.831658 0
    outer loop
      vertex -13.4325 17.5579 13
      vertex -13.2366 17.4271 5
      vertex -13.4325 17.5579 5
    endloop
  endfacet
  facet normal 0.619452 0.785035 -0
    outer loop
      vertex -13.0517 17.2812 5
      vertex -13.2366 17.4271 13
      vertex -13.0517 17.2812 13
    endloop
  endfacet
  facet normal 0.619452 0.785035 0
    outer loop
      vertex -13.2366 17.4271 13
      vertex -13.0517 17.2812 5
      vertex -13.2366 17.4271 5
    endloop
  endfacet
  facet normal -0.938046 0.346512 0
    outer loop
      vertex -17.8532 15.9271 5
      vertex -17.7716 16.148 13
      vertex -17.7716 16.148 5
    endloop
  endfacet
  facet normal -0.938046 0.346512 0
    outer loop
      vertex -17.7716 16.148 13
      vertex -17.8532 15.9271 5
      vertex -17.8532 15.9271 13
    endloop
  endfacet
  facet normal -0.99306 0.117605 0
    outer loop
      vertex -17.9908 15.2354 5
      vertex -17.9631 15.4693 13
      vertex -17.9631 15.4693 5
    endloop
  endfacet
  facet normal -0.99306 0.117605 0
    outer loop
      vertex -17.9631 15.4693 13
      vertex -17.9908 15.2354 5
      vertex -17.9908 15.2354 13
    endloop
  endfacet
  facet normal 0 0 1
    outer loop
      vertex -13.7 15 13
      vertex -12 15 13
      vertex -12.0092 15.2354 13
    endloop
  endfacet
  facet normal 0 0 1
    outer loop
      vertex -13.704 15.102 13
      vertex -12.0092 15.2354 13
      vertex -12.0369 15.4693 13
    endloop
  endfacet
  facet normal 0 0 1
    outer loop
      vertex -12 15 13
      vertex -13.7 15 13
      vertex -12.0092 14.7646 13
    endloop
  endfacet
  facet normal 0 0 1
    outer loop
      vertex -13.716 15.2034 13
      vertex -12.0369 15.4693 13
      vertex -12.0829 15.7003 13
    endloop
  endfacet
  facet normal -0 0 1
    outer loop
      vertex -13.704 14.898 13
      vertex -12.0092 14.7646 13
      vertex -13.7 15 13
    endloop
  endfacet
  facet normal 0 0 1
    outer loop
      vertex -13.7359 15.3035 13
      vertex -12.0829 15.7003 13
      vertex -12.1468 15.9271 13
    endloop
  endfacet
  facet normal 0 0 1
    outer loop
      vertex -12.0092 14.7646 13
      vertex -13.704 14.898 13
      vertex -12.0369 14.5307 13
    endloop
  endfacet
  facet normal 0 0 1
    outer loop
      vertex -13.7636 15.4017 13
      vertex -12.1468 15.9271 13
      vertex -12.2284 16.148 13
    endloop
  endfacet
  facet normal -0 0 1
    outer loop
      vertex -13.716 14.7966 13
      vertex -12.0369 14.5307 13
      vertex -13.704 14.898 13
    endloop
  endfacet
  facet normal 0 0 1
    outer loop
      vertex -13.799 15.4975 13
      vertex -12.2284 16.148 13
      vertex -12.327 16.362 13
    endloop
  endfacet
  facet normal 0 0 1
    outer loop
      vertex -12.0369 14.5307 13
      vertex -13.716 14.7966 13
      vertex -12.0829 14.2997 13
    endloop
  endfacet
  facet normal 0 0 1
    outer loop
      vertex -13.8417 15.5902 13
      vertex -12.327 16.362 13
      vertex -12.4421 16.5675 13
    endloop
  endfacet
  facet normal -0 0 1
    outer loop
      vertex -13.7359 14.6965 13
      vertex -12.0829 14.2997 13
      vertex -13.716 14.7966 13
    endloop
  endfacet
  facet normal 0 0 1
    outer loop
      vertex -13.8916 15.6792 13
      vertex -12.4421 16.5675 13
      vertex -12.5729 16.7634 13
    endloop
  endfacet
  facet normal 0 0 1
    outer loop
      vertex -12.0829 14.2997 13
      vertex -13.7359 14.6965 13
      vertex -12.1468 14.0729 13
    endloop
  endfacet
  facet normal 0 0 1
    outer loop
      vertex -13.9483 15.7641 13
      vertex -12.5729 16.7634 13
      vertex -12.7188 16.9483 13
    endloop
  endfacet
  facet normal -0 0 1
    outer loop
      vertex -13.7636 14.5983 13
      vertex -12.1468 14.0729 13
      vertex -13.7359 14.6965 13
    endloop
  endfacet
  facet normal 0 0 1
    outer loop
      vertex -14.0115 15.8443 13
      vertex -12.7188 16.9483 13
      vertex -12.8787 17.1213 13
    endloop
  endfacet
  facet normal 0 0 1
    outer loop
      vertex -12.1468 14.0729 13
      vertex -13.7636 14.5983 13
      vertex -12.2284 13.852 13
    endloop
  endfacet
  facet normal 0 0 1
    outer loop
      vertex -14.0808 15.9192 13
      vertex -12.8787 17.1213 13
      vertex -13.0517 17.2812 13
    endloop
  endfacet
  facet normal -0 0 1
    outer loop
      vertex -13.799 14.5025 13
      vertex -12.2284 13.852 13
      vertex -13.7636 14.5983 13
    endloop
  endfacet
  facet normal 0 0 1
    outer loop
      vertex -14.1557 15.9885 13
      vertex -13.0517 17.2812 13
      vertex -13.2366 17.4271 13
    endloop
  endfacet
  facet normal 0 0 1
    outer loop
      vertex -12.2284 13.852 13
      vertex -13.799 14.5025 13
      vertex -12.327 13.638 13
    endloop
  endfacet
  facet normal 0 0 1
    outer loop
      vertex -14.2359 16.0517 13
      vertex -13.2366 17.4271 13
      vertex -13.4325 17.5579 13
    endloop
  endfacet
  facet normal -0 0 1
    outer loop
      vertex -13.8417 14.4098 13
      vertex -12.327 13.638 13
      vertex -13.799 14.5025 13
    endloop
  endfacet
  facet normal 0 0 1
    outer loop
      vertex -14.3208 16.1084 13
      vertex -13.4325 17.5579 13
      vertex -13.638 17.673 13
    endloop
  endfacet
  facet normal 0 0 1
    outer loop
      vertex -12.327 13.638 13
      vertex -13.8417 14.4098 13
      vertex -12.4421 13.4325 13
    endloop
  endfacet
  facet normal -0 0 1
    outer loop
      vertex -13.8916 14.3208 13
      vertex -12.4421 13.4325 13
      vertex -13.8417 14.4098 13
    endloop
  endfacet
  facet normal 0 0 1
    outer loop
      vertex -12.0092 15.2354 13
      vertex -13.704 15.102 13
      vertex -13.7 15 13
    endloop
  endfacet
  facet normal 0 0 1
    outer loop
      vertex -12.0369 15.4693 13
      vertex -13.716 15.2034 13
      vertex -13.704 15.102 13
    endloop
  endfacet
  facet normal 0 0 1
    outer loop
      vertex -12.0829 15.7003 13
      vertex -13.7359 15.3035 13
      vertex -13.716 15.2034 13
    endloop
  endfacet
  facet normal 0 0 1
    outer loop
      vertex -12.1468 15.9271 13
      vertex -13.7636 15.4017 13
      vertex -13.7359 15.3035 13
    endloop
  endfacet
  facet normal 0 0 1
    outer loop
      vertex -12.2284 16.148 13
      vertex -13.799 15.4975 13
      vertex -13.7636 15.4017 13
    endloop
  endfacet
  facet normal 0 0 1
    outer loop
      vertex -12.327 16.362 13
      vertex -13.8417 15.5902 13
      vertex -13.799 15.4975 13
    endloop
  endfacet
  facet normal 0 0 1
    outer loop
      vertex -14.4098 16.1583 13
      vertex -13.638 17.673 13
      vertex -13.852 17.7716 13
    endloop
  endfacet
  facet normal 0 0 1
    outer loop
      vertex -12.4421 16.5675 13
      vertex -13.8916 15.6792 13
      vertex -13.8417 15.5902 13
    endloop
  endfacet
  facet normal 0 0 1
    outer loop
      vertex -12.5729 16.7634 13
      vertex -13.9483 15.7641 13
      vertex -13.8916 15.6792 13
    endloop
  endfacet
  facet normal 0 0 1
    outer loop
      vertex -12.7188 16.9483 13
      vertex -14.0115 15.8443 13
      vertex -13.9483 15.7641 13
    endloop
  endfacet
  facet normal 0 0 1
    outer loop
      vertex -14.5025 16.201 13
      vertex -13.852 17.7716 13
      vertex -14.0729 17.8532 13
    endloop
  endfacet
  facet normal 0 0 1
    outer loop
      vertex -12.8787 17.1213 13
      vertex -14.0808 15.9192 13
      vertex -14.0115 15.8443 13
    endloop
  endfacet
  facet normal 0 0 1
    outer loop
      vertex -13.0517 17.2812 13
      vertex -14.1557 15.9885 13
      vertex -14.0808 15.9192 13
    endloop
  endfacet
  facet normal 0 0 1
    outer loop
      vertex -13.2366 17.4271 13
      vertex -14.2359 16.0517 13
      vertex -14.1557 15.9885 13
    endloop
  endfacet
  facet normal 0 0 1
    outer loop
      vertex -14.5983 16.2364 13
      vertex -14.0729 17.8532 13
      vertex -14.2997 17.9171 13
    endloop
  endfacet
  facet normal 0 0 1
    outer loop
      vertex -13.4325 17.5579 13
      vertex -14.3208 16.1084 13
      vertex -14.2359 16.0517 13
    endloop
  endfacet
  facet normal 0 0 1
    outer loop
      vertex -13.638 17.673 13
      vertex -14.4098 16.1583 13
      vertex -14.3208 16.1084 13
    endloop
  endfacet
  facet normal 0 0 1
    outer loop
      vertex -13.852 17.7716 13
      vertex -14.5025 16.201 13
      vertex -14.4098 16.1583 13
    endloop
  endfacet
  facet normal 0 0 1
    outer loop
      vertex -14.6965 16.2641 13
      vertex -14.2997 17.9171 13
      vertex -14.5307 17.9631 13
    endloop
  endfacet
  facet normal 0 0 1
    outer loop
      vertex -14.0729 17.8532 13
      vertex -14.5983 16.2364 13
      vertex -14.5025 16.201 13
    endloop
  endfacet
  facet normal 0 0 1
    outer loop
      vertex -14.2997 17.9171 13
      vertex -14.6965 16.2641 13
      vertex -14.5983 16.2364 13
    endloop
  endfacet
  facet normal 0 0 1
    outer loop
      vertex -14.7966 16.284 13
      vertex -14.5307 17.9631 13
      vertex -14.7646 17.9908 13
    endloop
  endfacet
  facet normal 0 0 1
    outer loop
      vertex -14.5307 17.9631 13
      vertex -14.7966 16.284 13
      vertex -14.6965 16.2641 13
    endloop
  endfacet
  facet normal 0 0 1
    outer loop
      vertex -14.7646 17.9908 13
      vertex -14.898 16.296 13
      vertex -14.7966 16.284 13
    endloop
  endfacet
  facet normal 0 0 1
    outer loop
      vertex -15 18 13
      vertex -14.898 16.296 13
      vertex -14.7646 17.9908 13
    endloop
  endfacet
  facet normal 0 0 1
    outer loop
      vertex -15 18 13
      vertex -15 16.3 13
      vertex -14.898 16.296 13
    endloop
  endfacet
  facet normal 0 0 1
    outer loop
      vertex -15 18 13
      vertex -15.102 16.296 13
      vertex -15 16.3 13
    endloop
  endfacet
  facet normal -0 0 1
    outer loop
      vertex -15.2354 17.9908 13
      vertex -15.102 16.296 13
      vertex -15 18 13
    endloop
  endfacet
  facet normal 0 0 1
    outer loop
      vertex -15.102 16.296 13
      vertex -15.2354 17.9908 13
      vertex -15.2034 16.284 13
    endloop
  endfacet
  facet normal -0 0 1
    outer loop
      vertex -15.4693 17.9631 13
      vertex -15.2034 16.284 13
      vertex -15.2354 17.9908 13
    endloop
  endfacet
  facet normal 0 0 1
    outer loop
      vertex -15.2034 16.284 13
      vertex -15.4693 17.9631 13
      vertex -15.3035 16.2641 13
    endloop
  endfacet
  facet normal -0 0 1
    outer loop
      vertex -15.7003 17.9171 13
      vertex -15.3035 16.2641 13
      vertex -15.4693 17.9631 13
    endloop
  endfacet
  facet normal 0 0 1
    outer loop
      vertex -15.3035 16.2641 13
      vertex -15.7003 17.9171 13
      vertex -15.4017 16.2364 13
    endloop
  endfacet
  facet normal -0 0 1
    outer loop
      vertex -15.9271 17.8532 13
      vertex -15.4017 16.2364 13
      vertex -15.7003 17.9171 13
    endloop
  endfacet
  facet normal 0 0 1
    outer loop
      vertex -15.4017 16.2364 13
      vertex -15.9271 17.8532 13
      vertex -15.4975 16.201 13
    endloop
  endfacet
  facet normal -0 0 1
    outer loop
      vertex -16.148 17.7716 13
      vertex -15.4975 16.201 13
      vertex -15.9271 17.8532 13
    endloop
  endfacet
  facet normal 0 0 1
    outer loop
      vertex -15.4975 16.201 13
      vertex -16.148 17.7716 13
      vertex -15.5902 16.1583 13
    endloop
  endfacet
  facet normal -0 0 1
    outer loop
      vertex -16.362 17.673 13
      vertex -15.5902 16.1583 13
      vertex -16.148 17.7716 13
    endloop
  endfacet
  facet normal 0 0 1
    outer loop
      vertex -15.5902 16.1583 13
      vertex -16.362 17.673 13
      vertex -15.6792 16.1084 13
    endloop
  endfacet
  facet normal -0 0 1
    outer loop
      vertex -16.5675 17.5579 13
      vertex -15.6792 16.1084 13
      vertex -16.362 17.673 13
    endloop
  endfacet
  facet normal 0 0 1
    outer loop
      vertex -15.6792 16.1084 13
      vertex -16.5675 17.5579 13
      vertex -15.7641 16.0517 13
    endloop
  endfacet
  facet normal -0 0 1
    outer loop
      vertex -16.7634 17.4271 13
      vertex -15.7641 16.0517 13
      vertex -16.5675 17.5579 13
    endloop
  endfacet
  facet normal 0 0 1
    outer loop
      vertex -15.7641 16.0517 13
      vertex -16.7634 17.4271 13
      vertex -15.8443 15.9885 13
    endloop
  endfacet
  facet normal -0 0 1
    outer loop
      vertex -16.9483 17.2812 13
      vertex -15.8443 15.9885 13
      vertex -16.7634 17.4271 13
    endloop
  endfacet
  facet normal 0 0 1
    outer loop
      vertex -15.8443 15.9885 13
      vertex -16.9483 17.2812 13
      vertex -15.9192 15.9192 13
    endloop
  endfacet
  facet normal -0 0 1
    outer loop
      vertex -17.1213 17.1213 13
      vertex -15.9192 15.9192 13
      vertex -16.9483 17.2812 13
    endloop
  endfacet
  facet normal 0 0 1
    outer loop
      vertex -15.9192 15.9192 13
      vertex -17.1213 17.1213 13
      vertex -15.9885 15.8443 13
    endloop
  endfacet
  facet normal -0 0 1
    outer loop
      vertex -17.2812 16.9483 13
      vertex -15.9885 15.8443 13
      vertex -17.1213 17.1213 13
    endloop
  endfacet
  facet normal 0 0 1
    outer loop
      vertex -15.9885 15.8443 13
      vertex -17.2812 16.9483 13
      vertex -16.0517 15.7641 13
    endloop
  endfacet
  facet normal -0 0 1
    outer loop
      vertex -17.4271 16.7634 13
      vertex -16.0517 15.7641 13
      vertex -17.2812 16.9483 13
    endloop
  endfacet
  facet normal -0 0 1
    outer loop
      vertex -17.5579 16.5675 13
      vertex -16.1084 15.6792 13
      vertex -17.4271 16.7634 13
    endloop
  endfacet
  facet normal 0 0 1
    outer loop
      vertex -16.0517 15.7641 13
      vertex -17.4271 16.7634 13
      vertex -16.1084 15.6792 13
    endloop
  endfacet
  facet normal 0 0 1
    outer loop
      vertex -12.4421 13.4325 13
      vertex -13.8916 14.3208 13
      vertex -12.5729 13.2366 13
    endloop
  endfacet
  facet normal -0 0 1
    outer loop
      vertex -13.9483 14.2359 13
      vertex -12.5729 13.2366 13
      vertex -13.8916 14.3208 13
    endloop
  endfacet
  facet normal 0 0 1
    outer loop
      vertex -12.5729 13.2366 13
      vertex -13.9483 14.2359 13
      vertex -12.7188 13.0517 13
    endloop
  endfacet
  facet normal -0 0 1
    outer loop
      vertex -14.0115 14.1557 13
      vertex -12.7188 13.0517 13
      vertex -13.9483 14.2359 13
    endloop
  endfacet
  facet normal 0 0 1
    outer loop
      vertex -12.7188 13.0517 13
      vertex -14.0115 14.1557 13
      vertex -12.8787 12.8787 13
    endloop
  endfacet
  facet normal -0 0 1
    outer loop
      vertex -14.0808 14.0808 13
      vertex -12.8787 12.8787 13
      vertex -14.0115 14.1557 13
    endloop
  endfacet
  facet normal 0 0 1
    outer loop
      vertex -12.8787 12.8787 13
      vertex -14.0808 14.0808 13
      vertex -13.0517 12.7188 13
    endloop
  endfacet
  facet normal -0 0 1
    outer loop
      vertex -14.1557 14.0115 13
      vertex -13.0517 12.7188 13
      vertex -14.0808 14.0808 13
    endloop
  endfacet
  facet normal 0 0 1
    outer loop
      vertex -13.0517 12.7188 13
      vertex -14.1557 14.0115 13
      vertex -13.2366 12.5729 13
    endloop
  endfacet
  facet normal -0 0 1
    outer loop
      vertex -14.2359 13.9483 13
      vertex -13.2366 12.5729 13
      vertex -14.1557 14.0115 13
    endloop
  endfacet
  facet normal 0 0 1
    outer loop
      vertex -13.2366 12.5729 13
      vertex -14.2359 13.9483 13
      vertex -13.4325 12.4421 13
    endloop
  endfacet
  facet normal -0 0 1
    outer loop
      vertex -14.3208 13.8916 13
      vertex -13.4325 12.4421 13
      vertex -14.2359 13.9483 13
    endloop
  endfacet
  facet normal 0 0 1
    outer loop
      vertex -13.4325 12.4421 13
      vertex -14.3208 13.8916 13
      vertex -13.638 12.327 13
    endloop
  endfacet
  facet normal -0 0 1
    outer loop
      vertex -14.4098 13.8417 13
      vertex -13.638 12.327 13
      vertex -14.3208 13.8916 13
    endloop
  endfacet
  facet normal 0 0 1
    outer loop
      vertex -13.638 12.327 13
      vertex -14.4098 13.8417 13
      vertex -13.852 12.2284 13
    endloop
  endfacet
  facet normal -0 0 1
    outer loop
      vertex -14.5025 13.799 13
      vertex -13.852 12.2284 13
      vertex -14.4098 13.8417 13
    endloop
  endfacet
  facet normal 0 0 1
    outer loop
      vertex -13.852 12.2284 13
      vertex -14.5025 13.799 13
      vertex -14.0729 12.1468 13
    endloop
  endfacet
  facet normal -0 0 1
    outer loop
      vertex -14.5983 13.7636 13
      vertex -14.0729 12.1468 13
      vertex -14.5025 13.799 13
    endloop
  endfacet
  facet normal 0 0 1
    outer loop
      vertex -14.0729 12.1468 13
      vertex -14.5983 13.7636 13
      vertex -14.2997 12.0829 13
    endloop
  endfacet
  facet normal -0 0 1
    outer loop
      vertex -14.6965 13.7359 13
      vertex -14.2997 12.0829 13
      vertex -14.5983 13.7636 13
    endloop
  endfacet
  facet normal 0 0 1
    outer loop
      vertex -14.2997 12.0829 13
      vertex -14.6965 13.7359 13
      vertex -14.5307 12.0369 13
    endloop
  endfacet
  facet normal -0 0 1
    outer loop
      vertex -14.7966 13.716 13
      vertex -14.5307 12.0369 13
      vertex -14.6965 13.7359 13
    endloop
  endfacet
  facet normal 0 0 1
    outer loop
      vertex -14.5307 12.0369 13
      vertex -14.7966 13.716 13
      vertex -14.7646 12.0092 13
    endloop
  endfacet
  facet normal -0 0 1
    outer loop
      vertex -14.898 13.704 13
      vertex -14.7646 12.0092 13
      vertex -14.7966 13.716 13
    endloop
  endfacet
  facet normal -0 0 1
    outer loop
      vertex -15 13.7 13
      vertex -14.7646 12.0092 13
      vertex -14.898 13.704 13
    endloop
  endfacet
  facet normal 0 0 1
    outer loop
      vertex -15 13.7 13
      vertex -15 12 13
      vertex -14.7646 12.0092 13
    endloop
  endfacet
  facet normal 0 0 1
    outer loop
      vertex -15.102 13.704 13
      vertex -15 12 13
      vertex -15 13.7 13
    endloop
  endfacet
  facet normal 0 0 1
    outer loop
      vertex -15.2354 12.0092 13
      vertex -15.102 13.704 13
      vertex -15.2034 13.716 13
    endloop
  endfacet
  facet normal 0 0 1
    outer loop
      vertex -15.102 13.704 13
      vertex -15.2354 12.0092 13
      vertex -15 12 13
    endloop
  endfacet
  facet normal 0 0 1
    outer loop
      vertex -15.4693 12.0369 13
      vertex -15.2034 13.716 13
      vertex -15.3035 13.7359 13
    endloop
  endfacet
  facet normal 0 0 1
    outer loop
      vertex -15.7003 12.0829 13
      vertex -15.3035 13.7359 13
      vertex -15.4017 13.7636 13
    endloop
  endfacet
  facet normal 0 0 1
    outer loop
      vertex -15.2034 13.716 13
      vertex -15.4693 12.0369 13
      vertex -15.2354 12.0092 13
    endloop
  endfacet
  facet normal 0 0 1
    outer loop
      vertex -15.9271 12.1468 13
      vertex -15.4017 13.7636 13
      vertex -15.4975 13.799 13
    endloop
  endfacet
  facet normal 0 0 1
    outer loop
      vertex -16.148 12.2284 13
      vertex -15.4975 13.799 13
      vertex -15.5902 13.8417 13
    endloop
  endfacet
  facet normal 0 0 1
    outer loop
      vertex -16.362 12.327 13
      vertex -15.5902 13.8417 13
      vertex -15.6792 13.8916 13
    endloop
  endfacet
  facet normal 0 0 1
    outer loop
      vertex -15.3035 13.7359 13
      vertex -15.7003 12.0829 13
      vertex -15.4693 12.0369 13
    endloop
  endfacet
  facet normal 0 0 1
    outer loop
      vertex -16.5675 12.4421 13
      vertex -15.6792 13.8916 13
      vertex -15.7641 13.9483 13
    endloop
  endfacet
  facet normal 0 0 1
    outer loop
      vertex -16.7634 12.5729 13
      vertex -15.7641 13.9483 13
      vertex -15.8443 14.0115 13
    endloop
  endfacet
  facet normal 0 0 1
    outer loop
      vertex -16.9483 12.7188 13
      vertex -15.8443 14.0115 13
      vertex -15.9192 14.0808 13
    endloop
  endfacet
  facet normal 0 0 1
    outer loop
      vertex -15.4017 13.7636 13
      vertex -15.9271 12.1468 13
      vertex -15.7003 12.0829 13
    endloop
  endfacet
  facet normal 0 0 1
    outer loop
      vertex -17.1213 12.8787 13
      vertex -15.9192 14.0808 13
      vertex -15.9885 14.1557 13
    endloop
  endfacet
  facet normal 0 0 1
    outer loop
      vertex -17.2812 13.0517 13
      vertex -15.9885 14.1557 13
      vertex -16.0517 14.2359 13
    endloop
  endfacet
  facet normal 0 0 1
    outer loop
      vertex -17.4271 13.2366 13
      vertex -16.0517 14.2359 13
      vertex -16.1084 14.3208 13
    endloop
  endfacet
  facet normal 0 0 1
    outer loop
      vertex -15.4975 13.799 13
      vertex -16.148 12.2284 13
      vertex -15.9271 12.1468 13
    endloop
  endfacet
  facet normal 0 0 1
    outer loop
      vertex -17.5579 13.4325 13
      vertex -16.1084 14.3208 13
      vertex -16.1583 14.4098 13
    endloop
  endfacet
  facet normal 0 0 1
    outer loop
      vertex -17.673 13.638 13
      vertex -16.1583 14.4098 13
      vertex -16.201 14.5025 13
    endloop
  endfacet
  facet normal 0 0 1
    outer loop
      vertex -17.7716 13.852 13
      vertex -16.201 14.5025 13
      vertex -16.2364 14.5983 13
    endloop
  endfacet
  facet normal 0 0 1
    outer loop
      vertex -17.8532 14.0729 13
      vertex -16.2364 14.5983 13
      vertex -16.2641 14.6965 13
    endloop
  endfacet
  facet normal 0 0 1
    outer loop
      vertex -17.9171 14.2997 13
      vertex -16.2641 14.6965 13
      vertex -16.284 14.7966 13
    endloop
  endfacet
  facet normal 0 0 1
    outer loop
      vertex -17.9631 14.5307 13
      vertex -16.284 14.7966 13
      vertex -16.296 14.898 13
    endloop
  endfacet
  facet normal 0 0 1
    outer loop
      vertex -15.5902 13.8417 13
      vertex -16.362 12.327 13
      vertex -16.148 12.2284 13
    endloop
  endfacet
  facet normal 0 0 1
    outer loop
      vertex -17.9908 14.7646 13
      vertex -16.296 14.898 13
      vertex -16.3 15 13
    endloop
  endfacet
  facet normal 0 0 1
    outer loop
      vertex -16.1084 15.6792 13
      vertex -17.5579 16.5675 13
      vertex -16.1583 15.5902 13
    endloop
  endfacet
  facet normal -0 0 1
    outer loop
      vertex -17.673 16.362 13
      vertex -16.1583 15.5902 13
      vertex -17.5579 16.5675 13
    endloop
  endfacet
  facet normal 0 0 1
    outer loop
      vertex -15.6792 13.8916 13
      vertex -16.5675 12.4421 13
      vertex -16.362 12.327 13
    endloop
  endfacet
  facet normal 0 0 1
    outer loop
      vertex -16.1583 15.5902 13
      vertex -17.673 16.362 13
      vertex -16.201 15.4975 13
    endloop
  endfacet
  facet normal 0 0 1
    outer loop
      vertex -15.7641 13.9483 13
      vertex -16.7634 12.5729 13
      vertex -16.5675 12.4421 13
    endloop
  endfacet
  facet normal -0 0 1
    outer loop
      vertex -17.7716 16.148 13
      vertex -16.201 15.4975 13
      vertex -17.673 16.362 13
    endloop
  endfacet
  facet normal 0 0 1
    outer loop
      vertex -15.8443 14.0115 13
      vertex -16.9483 12.7188 13
      vertex -16.7634 12.5729 13
    endloop
  endfacet
  facet normal 0 0 1
    outer loop
      vertex -16.201 15.4975 13
      vertex -17.7716 16.148 13
      vertex -16.2364 15.4017 13
    endloop
  endfacet
  facet normal 0 0 1
    outer loop
      vertex -15.9192 14.0808 13
      vertex -17.1213 12.8787 13
      vertex -16.9483 12.7188 13
    endloop
  endfacet
  facet normal -0 0 1
    outer loop
      vertex -17.8532 15.9271 13
      vertex -16.2364 15.4017 13
      vertex -17.7716 16.148 13
    endloop
  endfacet
  facet normal 0 0 1
    outer loop
      vertex -15.9885 14.1557 13
      vertex -17.2812 13.0517 13
      vertex -17.1213 12.8787 13
    endloop
  endfacet
  facet normal 0 0 1
    outer loop
      vertex -16.2364 15.4017 13
      vertex -17.8532 15.9271 13
      vertex -16.2641 15.3035 13
    endloop
  endfacet
  facet normal 0 0 1
    outer loop
      vertex -16.0517 14.2359 13
      vertex -17.4271 13.2366 13
      vertex -17.2812 13.0517 13
    endloop
  endfacet
  facet normal -0 0 1
    outer loop
      vertex -17.9171 15.7003 13
      vertex -16.2641 15.3035 13
      vertex -17.8532 15.9271 13
    endloop
  endfacet
  facet normal 0 0 1
    outer loop
      vertex -16.1084 14.3208 13
      vertex -17.5579 13.4325 13
      vertex -17.4271 13.2366 13
    endloop
  endfacet
  facet normal 0 0 1
    outer loop
      vertex -16.2641 15.3035 13
      vertex -17.9171 15.7003 13
      vertex -16.284 15.2034 13
    endloop
  endfacet
  facet normal 0 0 1
    outer loop
      vertex -16.1583 14.4098 13
      vertex -17.673 13.638 13
      vertex -17.5579 13.4325 13
    endloop
  endfacet
  facet normal -0 0 1
    outer loop
      vertex -17.9631 15.4693 13
      vertex -16.284 15.2034 13
      vertex -17.9171 15.7003 13
    endloop
  endfacet
  facet normal 0 0 1
    outer loop
      vertex -16.201 14.5025 13
      vertex -17.7716 13.852 13
      vertex -17.673 13.638 13
    endloop
  endfacet
  facet normal 0 0 1
    outer loop
      vertex -16.284 15.2034 13
      vertex -17.9631 15.4693 13
      vertex -16.296 15.102 13
    endloop
  endfacet
  facet normal 0 0 1
    outer loop
      vertex -16.2364 14.5983 13
      vertex -17.8532 14.0729 13
      vertex -17.7716 13.852 13
    endloop
  endfacet
  facet normal -0 0 1
    outer loop
      vertex -17.9908 15.2354 13
      vertex -16.296 15.102 13
      vertex -17.9631 15.4693 13
    endloop
  endfacet
  facet normal 0 0 1
    outer loop
      vertex -16.2641 14.6965 13
      vertex -17.9171 14.2997 13
      vertex -17.8532 14.0729 13
    endloop
  endfacet
  facet normal 0 0 1
    outer loop
      vertex -16.296 15.102 13
      vertex -17.9908 15.2354 13
      vertex -16.3 15 13
    endloop
  endfacet
  facet normal 0 0 1
    outer loop
      vertex -16.284 14.7966 13
      vertex -17.9631 14.5307 13
      vertex -17.9171 14.2997 13
    endloop
  endfacet
  facet normal 0 0 1
    outer loop
      vertex -18 15 13
      vertex -16.3 15 13
      vertex -17.9908 15.2354 13
    endloop
  endfacet
  facet normal 0 0 1
    outer loop
      vertex -16.296 14.898 13
      vertex -17.9908 14.7646 13
      vertex -17.9631 14.5307 13
    endloop
  endfacet
  facet normal 0 0 1
    outer loop
      vertex -16.3 15 13
      vertex -18 15 13
      vertex -17.9908 14.7646 13
    endloop
  endfacet
  facet normal -0.418466 0.908232 0
    outer loop
      vertex -16.148 17.7716 5
      vertex -16.362 17.673 13
      vertex -16.148 17.7716 13
    endloop
  endfacet
  facet normal -0.418466 0.908232 0
    outer loop
      vertex -16.362 17.673 13
      vertex -16.148 17.7716 5
      vertex -16.362 17.673 5
    endloop
  endfacet
  facet normal -0.555288 0.831658 0
    outer loop
      vertex -16.5675 17.5579 5
      vertex -16.7634 17.4271 13
      vertex -16.5675 17.5579 13
    endloop
  endfacet
  facet normal -0.555288 0.831658 0
    outer loop
      vertex -16.7634 17.4271 13
      vertex -16.5675 17.5579 5
      vertex -16.7634 17.4271 5
    endloop
  endfacet
  facet normal -0.271188 0.962526 0
    outer loop
      vertex -15.7003 17.9171 5
      vertex -15.9271 17.8532 13
      vertex -15.7003 17.9171 13
    endloop
  endfacet
  facet normal -0.271188 0.962526 0
    outer loop
      vertex -15.9271 17.8532 13
      vertex -15.7003 17.9171 5
      vertex -15.9271 17.8532 5
    endloop
  endfacet
  facet normal -0.0390526 0.999237 0
    outer loop
      vertex -15 18 5
      vertex -15.2354 17.9908 13
      vertex -15 18 13
    endloop
  endfacet
  facet normal -0.0390526 0.999237 0
    outer loop
      vertex -15.2354 17.9908 13
      vertex -15 18 5
      vertex -15.2354 17.9908 5
    endloop
  endfacet
  facet normal 0.0390526 -0.999237 0
    outer loop
      vertex -15 12 5
      vertex -14.7646 12.0092 13
      vertex -15 12 13
    endloop
  endfacet
  facet normal 0.0390526 -0.999237 0
    outer loop
      vertex -14.7646 12.0092 13
      vertex -15 12 5
      vertex -14.7646 12.0092 5
    endloop
  endfacet
  facet normal 0.1953 -0.980744 0
    outer loop
      vertex -14.5307 12.0369 5
      vertex -14.2997 12.0829 13
      vertex -14.5307 12.0369 13
    endloop
  endfacet
  facet normal 0.1953 -0.980744 0
    outer loop
      vertex -14.2997 12.0829 13
      vertex -14.5307 12.0369 5
      vertex -14.2997 12.0829 5
    endloop
  endfacet
  facet normal 0.346512 -0.938046 0
    outer loop
      vertex -14.0729 12.1468 5
      vertex -13.852 12.2284 13
      vertex -14.0729 12.1468 13
    endloop
  endfacet
  facet normal 0.346335 -0.938111 5.56609e-06
    outer loop
      vertex -13.8795 12.2182 5
      vertex -13.852 12.2284 13
      vertex -14.0729 12.1468 5
    endloop
  endfacet
  facet normal 0.347758 -0.937584 0
    outer loop
      vertex -13.852 12.2284 13
      vertex -13.8795 12.2182 5
      vertex -13.852 12.2284 5
    endloop
  endfacet
  facet normal 0.555288 -0.831658 0
    outer loop
      vertex -13.4325 12.4421 5
      vertex -13.2366 12.5729 13
      vertex -13.4325 12.4421 13
    endloop
  endfacet
  facet normal 0.555288 -0.831658 0
    outer loop
      vertex -13.2366 12.5729 13
      vertex -13.4325 12.4421 5
      vertex -13.2366 12.5729 5
    endloop
  endfacet
  facet normal 0.488668 -0.87247 0
    outer loop
      vertex -13.638 12.327 5
      vertex -13.4325 12.4421 13
      vertex -13.638 12.327 13
    endloop
  endfacet
  facet normal 0.488668 -0.87247 0
    outer loop
      vertex -13.4325 12.4421 13
      vertex -13.638 12.327 5
      vertex -13.4325 12.4421 5
    endloop
  endfacet
  facet normal 0.785035 -0.619452 0
    outer loop
      vertex -12.7188 13.0517 13
      vertex -12.5729 13.2366 5
      vertex -12.5729 13.2366 13
    endloop
  endfacet
  facet normal 0.785035 -0.619452 0
    outer loop
      vertex -12.5729 13.2366 5
      vertex -12.7188 13.0517 13
      vertex -12.7188 13.0517 5
    endloop
  endfacet
  facet normal 0.908232 -0.418466 0
    outer loop
      vertex -12.327 13.638 13
      vertex -12.2284 13.852 5
      vertex -12.2284 13.852 13
    endloop
  endfacet
  facet normal 0.908232 -0.418466 0
    outer loop
      vertex -12.2284 13.852 5
      vertex -12.327 13.638 13
      vertex -12.327 13.638 5
    endloop
  endfacet
  facet normal 0.980744 -0.1953 0
    outer loop
      vertex -12.0829 14.2997 13
      vertex -12.0369 14.5307 5
      vertex -12.0369 14.5307 13
    endloop
  endfacet
  facet normal 0.980744 -0.1953 0
    outer loop
      vertex -12.0369 14.5307 5
      vertex -12.0829 14.2997 13
      vertex -12.0829 14.2997 5
    endloop
  endfacet
  facet normal 0.99306 -0.117605 0
    outer loop
      vertex -12.0369 14.5307 13
      vertex -12.0092 14.7646 5
      vertex -12.0092 14.7646 13
    endloop
  endfacet
  facet normal 0.99306 -0.117605 0
    outer loop
      vertex -12.0092 14.7646 5
      vertex -12.0369 14.5307 13
      vertex -12.0369 14.5307 5
    endloop
  endfacet
  facet normal -0.619452 -0.785035 0
    outer loop
      vertex -16.9483 12.7188 5
      vertex -16.7634 12.5729 13
      vertex -16.9483 12.7188 13
    endloop
  endfacet
  facet normal -0.619452 -0.785035 -0
    outer loop
      vertex -16.7634 12.5729 13
      vertex -16.9483 12.7188 5
      vertex -16.7634 12.5729 5
    endloop
  endfacet
  facet normal -0.418466 -0.908232 0
    outer loop
      vertex -16.362 12.327 5
      vertex -16.148 12.2284 13
      vertex -16.362 12.327 13
    endloop
  endfacet
  facet normal -0.418466 -0.908232 -0
    outer loop
      vertex -16.148 12.2284 13
      vertex -16.362 12.327 5
      vertex -16.148 12.2284 5
    endloop
  endfacet
  facet normal -0.271188 -0.962526 0
    outer loop
      vertex -15.9271 12.1468 5
      vertex -15.7003 12.0829 13
      vertex -15.9271 12.1468 13
    endloop
  endfacet
  facet normal -0.271188 -0.962526 -0
    outer loop
      vertex -15.7003 12.0829 13
      vertex -15.9271 12.1468 5
      vertex -15.7003 12.0829 5
    endloop
  endfacet
  facet normal -0.117605 -0.99306 0
    outer loop
      vertex -15.4693 12.0369 5
      vertex -15.2354 12.0092 13
      vertex -15.4693 12.0369 13
    endloop
  endfacet
  facet normal -0.117605 -0.99306 -0
    outer loop
      vertex -15.2354 12.0092 13
      vertex -15.4693 12.0369 5
      vertex -15.2354 12.0092 5
    endloop
  endfacet
  facet normal -0.831658 -0.555288 0
    outer loop
      vertex -17.4271 13.2366 5
      vertex -17.5579 13.4325 13
      vertex -17.5579 13.4325 5
    endloop
  endfacet
  facet normal -0.831658 -0.555288 0
    outer loop
      vertex -17.5579 13.4325 13
      vertex -17.4271 13.2366 5
      vertex -17.4271 13.2366 13
    endloop
  endfacet
  facet normal -0.734364 -0.678756 0
    outer loop
      vertex -17.1213 12.8787 5
      vertex -17.2812 13.0517 13
      vertex -17.2812 13.0517 5
    endloop
  endfacet
  facet normal -0.734364 -0.678756 0
    outer loop
      vertex -17.2812 13.0517 13
      vertex -17.1213 12.8787 5
      vertex -17.1213 12.8787 13
    endloop
  endfacet
  facet normal -0.87247 -0.488668 0
    outer loop
      vertex -17.5579 13.4325 5
      vertex -17.673 13.638 13
      vertex -17.673 13.638 5
    endloop
  endfacet
  facet normal -0.87247 -0.488668 0
    outer loop
      vertex -17.673 13.638 13
      vertex -17.5579 13.4325 5
      vertex -17.5579 13.4325 13
    endloop
  endfacet
  facet normal -0.938046 -0.346512 0
    outer loop
      vertex -17.7716 13.852 5
      vertex -17.8532 14.0729 13
      vertex -17.8532 14.0729 5
    endloop
  endfacet
  facet normal -0.938046 -0.346512 0
    outer loop
      vertex -17.8532 14.0729 13
      vertex -17.7716 13.852 5
      vertex -17.7716 13.852 13
    endloop
  endfacet
  facet normal -0.980744 -0.1953 0
    outer loop
      vertex -17.9171 14.2997 5
      vertex -17.9631 14.5307 13
      vertex -17.9631 14.5307 5
    endloop
  endfacet
  facet normal -0.980744 -0.1953 0
    outer loop
      vertex -17.9631 14.5307 13
      vertex -17.9171 14.2997 5
      vertex -17.9171 14.2997 13
    endloop
  endfacet
  facet normal -0.999237 -0.0390526 0
    outer loop
      vertex -17.9908 14.7646 5
      vertex -18 15 13
      vertex -18 15 5
    endloop
  endfacet
  facet normal -0.999237 -0.0390526 0
    outer loop
      vertex -18 15 13
      vertex -17.9908 14.7646 5
      vertex -17.9908 14.7646 13
    endloop
  endfacet
  facet normal -0.831658 0.555288 0
    outer loop
      vertex -17.5579 16.5675 5
      vertex -17.4271 16.7634 13
      vertex -17.4271 16.7634 5
    endloop
  endfacet
  facet normal -0.831658 0.555288 0
    outer loop
      vertex -17.4271 16.7634 13
      vertex -17.5579 16.5675 5
      vertex -17.5579 16.5675 13
    endloop
  endfacet
  facet normal -0.785035 0.619452 0
    outer loop
      vertex -17.4271 16.7634 5
      vertex -17.2812 16.9483 13
      vertex -17.2812 16.9483 5
    endloop
  endfacet
  facet normal -0.785035 0.619452 0
    outer loop
      vertex -17.2812 16.9483 13
      vertex -17.4271 16.7634 5
      vertex -17.4271 16.7634 13
    endloop
  endfacet
  facet normal 0.117605 -0.99306 0
    outer loop
      vertex -14.7646 12.0092 5
      vertex -14.5307 12.0369 13
      vertex -14.7646 12.0092 13
    endloop
  endfacet
  facet normal 0.117605 -0.99306 0
    outer loop
      vertex -14.5307 12.0369 13
      vertex -14.7646 12.0092 5
      vertex -14.5307 12.0369 5
    endloop
  endfacet
  facet normal 0.619452 -0.785035 0
    outer loop
      vertex -13.2366 12.5729 5
      vertex -13.0517 12.7188 13
      vertex -13.2366 12.5729 13
    endloop
  endfacet
  facet normal 0.619452 -0.785035 0
    outer loop
      vertex -13.0517 12.7188 13
      vertex -13.2366 12.5729 5
      vertex -13.0517 12.7188 5
    endloop
  endfacet
  facet normal 0.831658 -0.555288 0
    outer loop
      vertex -12.5729 13.2366 13
      vertex -12.4421 13.4325 5
      vertex -12.4421 13.4325 13
    endloop
  endfacet
  facet normal 0.831658 -0.555288 0
    outer loop
      vertex -12.4421 13.4325 5
      vertex -12.5729 13.2366 13
      vertex -12.5729 13.2366 5
    endloop
  endfacet
  facet normal 0.938111 -0.346335 0
    outer loop
      vertex -12.1468 14.0729 13
      vertex -12.2182 13.8795 5
      vertex -12.1468 14.0729 5
    endloop
  endfacet
  facet normal 0.938046 -0.346512 4.87283e-06
    outer loop
      vertex -12.2284 13.852 13
      vertex -12.2182 13.8795 5
      vertex -12.1468 14.0729 13
    endloop
  endfacet
  facet normal 0.937584 -0.347758 0
    outer loop
      vertex -12.2182 13.8795 5
      vertex -12.2284 13.852 13
      vertex -12.2284 13.852 5
    endloop
  endfacet
  facet normal 0.999237 -0.0390526 0
    outer loop
      vertex -12.0092 14.7646 13
      vertex -12 15 5
      vertex -12 15 13
    endloop
  endfacet
  facet normal 0.999237 -0.0390526 0
    outer loop
      vertex -12 15 5
      vertex -12.0092 14.7646 13
      vertex -12.0092 14.7646 5
    endloop
  endfacet
  facet normal -0.0390526 -0.999237 0
    outer loop
      vertex -15.2354 12.0092 5
      vertex -15 12 13
      vertex -15.2354 12.0092 13
    endloop
  endfacet
  facet normal -0.0390526 -0.999237 -0
    outer loop
      vertex -15 12 13
      vertex -15.2354 12.0092 5
      vertex -15 12 5
    endloop
  endfacet
  facet normal -0.785035 -0.619452 0
    outer loop
      vertex -17.2812 13.0517 5
      vertex -17.4271 13.2366 13
      vertex -17.4271 13.2366 5
    endloop
  endfacet
  facet normal -0.785035 -0.619452 0
    outer loop
      vertex -17.4271 13.2366 13
      vertex -17.2812 13.0517 5
      vertex -17.2812 13.0517 13
    endloop
  endfacet
  facet normal -0.99306 -0.117605 0
    outer loop
      vertex -17.9631 14.5307 5
      vertex -17.9908 14.7646 13
      vertex -17.9908 14.7646 5
    endloop
  endfacet
  facet normal -0.99306 -0.117605 0
    outer loop
      vertex -17.9908 14.7646 13
      vertex -17.9631 14.5307 5
      vertex -17.9631 14.5307 13
    endloop
  endfacet
  facet normal -0.999232 -0.0391856 0
    outer loop
      vertex -13.7 15 5
      vertex -13.704 15.102 13
      vertex -13.704 15.102 5
    endloop
  endfacet
  facet normal -0.999232 -0.0391856 0
    outer loop
      vertex -13.704 15.102 13
      vertex -13.7 15 5
      vertex -13.7 15 13
    endloop
  endfacet
  facet normal 0.999232 -0.0391856 0
    outer loop
      vertex -16.3 15 13
      vertex -16.296 15.102 5
      vertex -16.296 15.102 13
    endloop
  endfacet
  facet normal 0.999232 -0.0391856 0
    outer loop
      vertex -16.296 15.102 5
      vertex -16.3 15 13
      vertex -16.3 15 5
    endloop
  endfacet
  facet normal 0.0391856 -0.999232 0
    outer loop
      vertex -15.102 16.296 5
      vertex -15 16.3 13
      vertex -15.102 16.296 13
    endloop
  endfacet
  facet normal 0.0391856 -0.999232 0
    outer loop
      vertex -15 16.3 13
      vertex -15.102 16.296 5
      vertex -15 16.3 5
    endloop
  endfacet
  facet normal -0.0391856 0.999232 0
    outer loop
      vertex -14.898 13.704 5
      vertex -15 13.7 13
      vertex -14.898 13.704 13
    endloop
  endfacet
  facet normal -0.0391856 0.999232 0
    outer loop
      vertex -15 13.7 13
      vertex -14.898 13.704 5
      vertex -15 13.7 5
    endloop
  endfacet
  facet normal -0.679134 -0.734014 0
    outer loop
      vertex -14.1557 15.9885 5
      vertex -14.0808 15.9192 13
      vertex -14.1557 15.9885 13
    endloop
  endfacet
  facet normal -0.679134 -0.734014 -0
    outer loop
      vertex -14.0808 15.9192 13
      vertex -14.1557 15.9885 5
      vertex -14.0808 15.9192 5
    endloop
  endfacet
  facet normal 0.734014 -0.679134 0
    outer loop
      vertex -15.9885 15.8443 13
      vertex -15.9192 15.9192 5
      vertex -15.9192 15.9192 13
    endloop
  endfacet
  facet normal 0.734014 -0.679134 0
    outer loop
      vertex -15.9192 15.9192 5
      vertex -15.9885 15.8443 13
      vertex -15.9885 15.8443 5
    endloop
  endfacet
  facet normal 0.418375 -0.908275 0
    outer loop
      vertex -15.5902 16.1583 5
      vertex -15.4975 16.201 13
      vertex -15.5902 16.1583 13
    endloop
  endfacet
  facet normal 0.418375 -0.908275 0
    outer loop
      vertex -15.4975 16.201 13
      vertex -15.5902 16.1583 5
      vertex -15.4975 16.201 5
    endloop
  endfacet
  facet normal -0.908275 -0.418375 0
    outer loop
      vertex -13.799 15.4975 5
      vertex -13.8417 15.5902 13
      vertex -13.8417 15.5902 5
    endloop
  endfacet
  facet normal -0.908275 -0.418375 0
    outer loop
      vertex -13.8417 15.5902 13
      vertex -13.799 15.4975 5
      vertex -13.799 15.4975 13
    endloop
  endfacet
  facet normal -0.346613 -0.938008 0
    outer loop
      vertex -14.5983 16.2364 5
      vertex -14.5025 16.201 13
      vertex -14.5983 16.2364 13
    endloop
  endfacet
  facet normal -0.346613 -0.938008 -0
    outer loop
      vertex -14.5025 16.201 13
      vertex -14.5983 16.2364 5
      vertex -14.5025 16.201 5
    endloop
  endfacet
  facet normal -0.555378 -0.831598 0
    outer loop
      vertex -14.3208 16.1084 5
      vertex -14.2359 16.0517 13
      vertex -14.3208 16.1084 13
    endloop
  endfacet
  facet normal -0.555378 -0.831598 -0
    outer loop
      vertex -14.2359 16.0517 13
      vertex -14.3208 16.1084 5
      vertex -14.2359 16.0517 5
    endloop
  endfacet
  facet normal 0.908275 -0.418375 0
    outer loop
      vertex -16.201 15.4975 13
      vertex -16.1583 15.5902 5
      vertex -16.1583 15.5902 13
    endloop
  endfacet
  facet normal 0.908275 -0.418375 0
    outer loop
      vertex -16.1583 15.5902 5
      vertex -16.201 15.4975 13
      vertex -16.201 15.4975 5
    endloop
  endfacet
  facet normal 0.271483 -0.962443 0
    outer loop
      vertex -15.4017 16.2364 5
      vertex -15.3035 16.2641 13
      vertex -15.4017 16.2364 13
    endloop
  endfacet
  facet normal 0.271483 -0.962443 0
    outer loop
      vertex -15.3035 16.2641 13
      vertex -15.4017 16.2364 5
      vertex -15.3035 16.2641 5
    endloop
  endfacet
  facet normal -0.962443 0.271483 0
    outer loop
      vertex -13.7636 14.5983 5
      vertex -13.7359 14.6965 13
      vertex -13.7359 14.6965 5
    endloop
  endfacet
  facet normal -0.962443 0.271483 0
    outer loop
      vertex -13.7359 14.6965 13
      vertex -13.7636 14.5983 5
      vertex -13.7636 14.5983 13
    endloop
  endfacet
  facet normal -0.962443 -0.271483 0
    outer loop
      vertex -13.7359 15.3035 5
      vertex -13.7636 15.4017 13
      vertex -13.7636 15.4017 5
    endloop
  endfacet
  facet normal -0.962443 -0.271483 0
    outer loop
      vertex -13.7636 15.4017 13
      vertex -13.7359 15.3035 5
      vertex -13.7359 15.3035 13
    endloop
  endfacet
  facet normal -0.99307 -0.117523 0
    outer loop
      vertex -13.704 15.102 5
      vertex -13.716 15.2034 13
      vertex -13.716 15.2034 5
    endloop
  endfacet
  facet normal -0.99307 -0.117523 0
    outer loop
      vertex -13.716 15.2034 13
      vertex -13.704 15.102 5
      vertex -13.704 15.102 13
    endloop
  endfacet
  facet normal -0.938008 -0.346613 0
    outer loop
      vertex -13.7636 15.4017 5
      vertex -13.799 15.4975 13
      vertex -13.799 15.4975 5
    endloop
  endfacet
  facet normal -0.938008 -0.346613 0
    outer loop
      vertex -13.799 15.4975 13
      vertex -13.7636 15.4017 5
      vertex -13.7636 15.4017 13
    endloop
  endfacet
  facet normal -0.785434 -0.618945 0
    outer loop
      vertex -13.9483 15.7641 5
      vertex -14.0115 15.8443 13
      vertex -14.0115 15.8443 5
    endloop
  endfacet
  facet normal -0.785434 -0.618945 0
    outer loop
      vertex -14.0115 15.8443 13
      vertex -13.9483 15.7641 5
      vertex -13.9483 15.7641 13
    endloop
  endfacet
  facet normal -0.734014 -0.679134 0
    outer loop
      vertex -14.0115 15.8443 5
      vertex -14.0808 15.9192 13
      vertex -14.0808 15.9192 5
    endloop
  endfacet
  facet normal -0.734014 -0.679134 0
    outer loop
      vertex -14.0808 15.9192 13
      vertex -14.0115 15.8443 5
      vertex -14.0115 15.8443 13
    endloop
  endfacet
  facet normal -0.872255 -0.489051 0
    outer loop
      vertex -13.8417 15.5902 5
      vertex -13.8916 15.6792 13
      vertex -13.8916 15.6792 5
    endloop
  endfacet
  facet normal -0.872255 -0.489051 0
    outer loop
      vertex -13.8916 15.6792 13
      vertex -13.8417 15.5902 5
      vertex -13.8417 15.5902 13
    endloop
  endfacet
  facet normal -0.194985 -0.980806 0
    outer loop
      vertex -14.7966 16.284 5
      vertex -14.6965 16.2641 13
      vertex -14.7966 16.284 13
    endloop
  endfacet
  facet normal -0.194985 -0.980806 -0
    outer loop
      vertex -14.6965 16.2641 13
      vertex -14.7966 16.284 5
      vertex -14.6965 16.2641 5
    endloop
  endfacet
  facet normal -0.271483 -0.962443 0
    outer loop
      vertex -14.6965 16.2641 5
      vertex -14.5983 16.2364 13
      vertex -14.6965 16.2641 13
    endloop
  endfacet
  facet normal -0.271483 -0.962443 -0
    outer loop
      vertex -14.5983 16.2364 13
      vertex -14.6965 16.2641 5
      vertex -14.5983 16.2364 5
    endloop
  endfacet
  facet normal -0.618945 -0.785434 0
    outer loop
      vertex -14.2359 16.0517 5
      vertex -14.1557 15.9885 13
      vertex -14.2359 16.0517 13
    endloop
  endfacet
  facet normal -0.618945 -0.785434 -0
    outer loop
      vertex -14.1557 15.9885 13
      vertex -14.2359 16.0517 5
      vertex -14.1557 15.9885 5
    endloop
  endfacet
  facet normal 0.980806 -0.194985 0
    outer loop
      vertex -16.284 15.2034 13
      vertex -16.2641 15.3035 5
      vertex -16.2641 15.3035 13
    endloop
  endfacet
  facet normal 0.980806 -0.194985 0
    outer loop
      vertex -16.2641 15.3035 5
      vertex -16.284 15.2034 13
      vertex -16.284 15.2034 5
    endloop
  endfacet
  facet normal 0.831598 -0.555378 0
    outer loop
      vertex -16.1084 15.6792 13
      vertex -16.0517 15.7641 5
      vertex -16.0517 15.7641 13
    endloop
  endfacet
  facet normal 0.831598 -0.555378 0
    outer loop
      vertex -16.0517 15.7641 5
      vertex -16.1084 15.6792 13
      vertex -16.1084 15.6792 5
    endloop
  endfacet
  facet normal 0.785434 -0.618945 0
    outer loop
      vertex -16.0517 15.7641 13
      vertex -15.9885 15.8443 5
      vertex -15.9885 15.8443 13
    endloop
  endfacet
  facet normal 0.785434 -0.618945 0
    outer loop
      vertex -15.9885 15.8443 5
      vertex -16.0517 15.7641 13
      vertex -16.0517 15.7641 5
    endloop
  endfacet
  facet normal 0.872255 -0.489051 0
    outer loop
      vertex -16.1583 15.5902 13
      vertex -16.1084 15.6792 5
      vertex -16.1084 15.6792 13
    endloop
  endfacet
  facet normal 0.872255 -0.489051 0
    outer loop
      vertex -16.1084 15.6792 5
      vertex -16.1583 15.5902 13
      vertex -16.1583 15.5902 5
    endloop
  endfacet
  facet normal 0.938008 -0.346613 0
    outer loop
      vertex -16.2364 15.4017 13
      vertex -16.201 15.4975 5
      vertex -16.201 15.4975 13
    endloop
  endfacet
  facet normal 0.938008 -0.346613 0
    outer loop
      vertex -16.201 15.4975 5
      vertex -16.2364 15.4017 13
      vertex -16.2364 15.4017 5
    endloop
  endfacet
  facet normal 0.99307 -0.117523 0
    outer loop
      vertex -16.296 15.102 13
      vertex -16.284 15.2034 5
      vertex -16.284 15.2034 13
    endloop
  endfacet
  facet normal 0.99307 -0.117523 0
    outer loop
      vertex -16.284 15.2034 5
      vertex -16.296 15.102 13
      vertex -16.296 15.102 5
    endloop
  endfacet
  facet normal 0.618945 -0.785434 0
    outer loop
      vertex -15.8443 15.9885 5
      vertex -15.7641 16.0517 13
      vertex -15.8443 15.9885 13
    endloop
  endfacet
  facet normal 0.618945 -0.785434 0
    outer loop
      vertex -15.7641 16.0517 13
      vertex -15.8443 15.9885 5
      vertex -15.7641 16.0517 5
    endloop
  endfacet
  facet normal 0.489051 -0.872255 0
    outer loop
      vertex -15.6792 16.1084 5
      vertex -15.5902 16.1583 13
      vertex -15.6792 16.1084 13
    endloop
  endfacet
  facet normal 0.489051 -0.872255 0
    outer loop
      vertex -15.5902 16.1583 13
      vertex -15.6792 16.1084 5
      vertex -15.5902 16.1583 5
    endloop
  endfacet
  facet normal 0.679134 -0.734014 0
    outer loop
      vertex -15.9192 15.9192 5
      vertex -15.8443 15.9885 13
      vertex -15.9192 15.9192 13
    endloop
  endfacet
  facet normal 0.679134 -0.734014 0
    outer loop
      vertex -15.8443 15.9885 13
      vertex -15.9192 15.9192 5
      vertex -15.8443 15.9885 5
    endloop
  endfacet
  facet normal 0.346613 -0.938008 0
    outer loop
      vertex -15.4975 16.201 5
      vertex -15.4017 16.2364 13
      vertex -15.4975 16.201 13
    endloop
  endfacet
  facet normal 0.346613 -0.938008 0
    outer loop
      vertex -15.4017 16.2364 13
      vertex -15.4975 16.201 5
      vertex -15.4017 16.2364 5
    endloop
  endfacet
  facet normal 0.117523 -0.99307 0
    outer loop
      vertex -15.2034 16.284 5
      vertex -15.102 16.296 13
      vertex -15.2034 16.284 13
    endloop
  endfacet
  facet normal 0.117523 -0.99307 0
    outer loop
      vertex -15.102 16.296 13
      vertex -15.2034 16.284 5
      vertex -15.102 16.296 5
    endloop
  endfacet
  facet normal -0.99307 0.117523 0
    outer loop
      vertex -13.716 14.7966 5
      vertex -13.704 14.898 13
      vertex -13.704 14.898 5
    endloop
  endfacet
  facet normal -0.99307 0.117523 0
    outer loop
      vertex -13.704 14.898 13
      vertex -13.716 14.7966 5
      vertex -13.716 14.7966 13
    endloop
  endfacet
  facet normal -0.489051 0.872255 0
    outer loop
      vertex -14.3208 13.8916 5
      vertex -14.4098 13.8417 13
      vertex -14.3208 13.8916 13
    endloop
  endfacet
  facet normal -0.489051 0.872255 0
    outer loop
      vertex -14.4098 13.8417 13
      vertex -14.3208 13.8916 5
      vertex -14.4098 13.8417 5
    endloop
  endfacet
  facet normal 0.908275 0.418375 0
    outer loop
      vertex -16.1583 14.4098 13
      vertex -16.201 14.5025 5
      vertex -16.201 14.5025 13
    endloop
  endfacet
  facet normal 0.908275 0.418375 0
    outer loop
      vertex -16.201 14.5025 5
      vertex -16.1583 14.4098 13
      vertex -16.1583 14.4098 5
    endloop
  endfacet
  facet normal -0.117523 0.99307 0
    outer loop
      vertex -14.7966 13.716 5
      vertex -14.898 13.704 13
      vertex -14.7966 13.716 13
    endloop
  endfacet
  facet normal -0.117523 0.99307 0
    outer loop
      vertex -14.898 13.704 13
      vertex -14.7966 13.716 5
      vertex -14.898 13.704 5
    endloop
  endfacet
  facet normal -0.980806 -0.194985 0
    outer loop
      vertex -13.716 15.2034 5
      vertex -13.7359 15.3035 13
      vertex -13.7359 15.3035 5
    endloop
  endfacet
  facet normal -0.980806 -0.194985 0
    outer loop
      vertex -13.7359 15.3035 13
      vertex -13.716 15.2034 5
      vertex -13.716 15.2034 13
    endloop
  endfacet
  facet normal -0.831598 -0.555378 0
    outer loop
      vertex -13.8916 15.6792 5
      vertex -13.9483 15.7641 13
      vertex -13.9483 15.7641 5
    endloop
  endfacet
  facet normal -0.831598 -0.555378 0
    outer loop
      vertex -13.9483 15.7641 13
      vertex -13.8916 15.6792 5
      vertex -13.8916 15.6792 13
    endloop
  endfacet
  facet normal -0.117523 -0.99307 0
    outer loop
      vertex -14.898 16.296 5
      vertex -14.7966 16.284 13
      vertex -14.898 16.296 13
    endloop
  endfacet
  facet normal -0.117523 -0.99307 -0
    outer loop
      vertex -14.7966 16.284 13
      vertex -14.898 16.296 5
      vertex -14.7966 16.284 5
    endloop
  endfacet
  facet normal -0.0391856 -0.999232 0
    outer loop
      vertex -15 16.3 5
      vertex -14.898 16.296 13
      vertex -15 16.3 13
    endloop
  endfacet
  facet normal -0.0391856 -0.999232 -0
    outer loop
      vertex -14.898 16.296 13
      vertex -15 16.3 5
      vertex -14.898 16.296 5
    endloop
  endfacet
  facet normal -0.489051 -0.872255 0
    outer loop
      vertex -14.4098 16.1583 5
      vertex -14.3208 16.1084 13
      vertex -14.4098 16.1583 13
    endloop
  endfacet
  facet normal -0.489051 -0.872255 -0
    outer loop
      vertex -14.3208 16.1084 13
      vertex -14.4098 16.1583 5
      vertex -14.3208 16.1084 5
    endloop
  endfacet
  facet normal -0.418375 -0.908275 0
    outer loop
      vertex -14.5025 16.201 5
      vertex -14.4098 16.1583 13
      vertex -14.5025 16.201 13
    endloop
  endfacet
  facet normal -0.418375 -0.908275 -0
    outer loop
      vertex -14.4098 16.1583 13
      vertex -14.5025 16.201 5
      vertex -14.4098 16.1583 5
    endloop
  endfacet
  facet normal 0.962443 -0.271483 0
    outer loop
      vertex -16.2641 15.3035 13
      vertex -16.2364 15.4017 5
      vertex -16.2364 15.4017 13
    endloop
  endfacet
  facet normal 0.962443 -0.271483 0
    outer loop
      vertex -16.2364 15.4017 5
      vertex -16.2641 15.3035 13
      vertex -16.2641 15.3035 5
    endloop
  endfacet
  facet normal 0.194985 -0.980806 0
    outer loop
      vertex -15.3035 16.2641 5
      vertex -15.2034 16.284 13
      vertex -15.3035 16.2641 13
    endloop
  endfacet
  facet normal 0.194985 -0.980806 0
    outer loop
      vertex -15.2034 16.284 13
      vertex -15.3035 16.2641 5
      vertex -15.2034 16.284 5
    endloop
  endfacet
  facet normal -0.999232 0.0391856 0
    outer loop
      vertex -13.704 14.898 5
      vertex -13.7 15 13
      vertex -13.7 15 5
    endloop
  endfacet
  facet normal -0.999232 0.0391856 0
    outer loop
      vertex -13.7 15 13
      vertex -13.704 14.898 5
      vertex -13.704 14.898 13
    endloop
  endfacet
  facet normal -0.872255 0.489051 0
    outer loop
      vertex -13.8916 14.3208 5
      vertex -13.8417 14.4098 13
      vertex -13.8417 14.4098 5
    endloop
  endfacet
  facet normal -0.872255 0.489051 0
    outer loop
      vertex -13.8417 14.4098 13
      vertex -13.8916 14.3208 5
      vertex -13.8916 14.3208 13
    endloop
  endfacet
  facet normal -0.938008 0.346613 0
    outer loop
      vertex -13.799 14.5025 5
      vertex -13.7636 14.5983 13
      vertex -13.7636 14.5983 5
    endloop
  endfacet
  facet normal -0.938008 0.346613 0
    outer loop
      vertex -13.7636 14.5983 13
      vertex -13.799 14.5025 5
      vertex -13.799 14.5025 13
    endloop
  endfacet
  facet normal -0.980806 0.194985 0
    outer loop
      vertex -13.7359 14.6965 5
      vertex -13.716 14.7966 13
      vertex -13.716 14.7966 5
    endloop
  endfacet
  facet normal -0.980806 0.194985 0
    outer loop
      vertex -13.716 14.7966 13
      vertex -13.7359 14.6965 5
      vertex -13.7359 14.6965 13
    endloop
  endfacet
  facet normal -0.618945 0.785434 0
    outer loop
      vertex -14.1557 14.0115 5
      vertex -14.2359 13.9483 13
      vertex -14.1557 14.0115 13
    endloop
  endfacet
  facet normal -0.618945 0.785434 0
    outer loop
      vertex -14.2359 13.9483 13
      vertex -14.1557 14.0115 5
      vertex -14.2359 13.9483 5
    endloop
  endfacet
  facet normal -0.785434 0.618945 0
    outer loop
      vertex -14.0115 14.1557 5
      vertex -13.9483 14.2359 13
      vertex -13.9483 14.2359 5
    endloop
  endfacet
  facet normal -0.785434 0.618945 0
    outer loop
      vertex -13.9483 14.2359 13
      vertex -14.0115 14.1557 5
      vertex -14.0115 14.1557 13
    endloop
  endfacet
  facet normal 0.938008 0.346613 0
    outer loop
      vertex -16.201 14.5025 13
      vertex -16.2364 14.5983 5
      vertex -16.2364 14.5983 13
    endloop
  endfacet
  facet normal 0.938008 0.346613 0
    outer loop
      vertex -16.2364 14.5983 5
      vertex -16.201 14.5025 13
      vertex -16.201 14.5025 5
    endloop
  endfacet
  facet normal 0.999232 0.0391856 0
    outer loop
      vertex -16.296 14.898 13
      vertex -16.3 15 5
      vertex -16.3 15 13
    endloop
  endfacet
  facet normal 0.999232 0.0391856 0
    outer loop
      vertex -16.3 15 5
      vertex -16.296 14.898 13
      vertex -16.296 14.898 5
    endloop
  endfacet
  facet normal -0.418375 0.908275 0
    outer loop
      vertex -14.4098 13.8417 5
      vertex -14.5025 13.799 13
      vertex -14.4098 13.8417 13
    endloop
  endfacet
  facet normal -0.418375 0.908275 0
    outer loop
      vertex -14.5025 13.799 13
      vertex -14.4098 13.8417 5
      vertex -14.5025 13.799 5
    endloop
  endfacet
  facet normal -0.346613 0.938008 0
    outer loop
      vertex -14.5025 13.799 5
      vertex -14.5983 13.7636 13
      vertex -14.5025 13.799 13
    endloop
  endfacet
  facet normal -0.346613 0.938008 0
    outer loop
      vertex -14.5983 13.7636 13
      vertex -14.5025 13.799 5
      vertex -14.5983 13.7636 5
    endloop
  endfacet
  facet normal -0.194985 0.980806 0
    outer loop
      vertex -14.6965 13.7359 5
      vertex -14.7966 13.716 13
      vertex -14.6965 13.7359 13
    endloop
  endfacet
  facet normal -0.194985 0.980806 0
    outer loop
      vertex -14.7966 13.716 13
      vertex -14.6965 13.7359 5
      vertex -14.7966 13.716 5
    endloop
  endfacet
  facet normal 0.555378 -0.831598 0
    outer loop
      vertex -15.7641 16.0517 5
      vertex -15.6792 16.1084 13
      vertex -15.7641 16.0517 13
    endloop
  endfacet
  facet normal 0.555378 -0.831598 0
    outer loop
      vertex -15.6792 16.1084 13
      vertex -15.7641 16.0517 5
      vertex -15.6792 16.1084 5
    endloop
  endfacet
  facet normal -0.679134 0.734014 0
    outer loop
      vertex -14.0808 14.0808 5
      vertex -14.1557 14.0115 13
      vertex -14.0808 14.0808 13
    endloop
  endfacet
  facet normal -0.679134 0.734014 0
    outer loop
      vertex -14.1557 14.0115 13
      vertex -14.0808 14.0808 5
      vertex -14.1557 14.0115 5
    endloop
  endfacet
  facet normal -0.734014 0.679134 0
    outer loop
      vertex -14.0808 14.0808 5
      vertex -14.0115 14.1557 13
      vertex -14.0115 14.1557 5
    endloop
  endfacet
  facet normal -0.734014 0.679134 0
    outer loop
      vertex -14.0115 14.1557 13
      vertex -14.0808 14.0808 5
      vertex -14.0808 14.0808 13
    endloop
  endfacet
  facet normal -0.555378 0.831598 0
    outer loop
      vertex -14.2359 13.9483 5
      vertex -14.3208 13.8916 13
      vertex -14.2359 13.9483 13
    endloop
  endfacet
  facet normal -0.555378 0.831598 0
    outer loop
      vertex -14.3208 13.8916 13
      vertex -14.2359 13.9483 5
      vertex -14.3208 13.8916 5
    endloop
  endfacet
  facet normal -0.831598 0.555378 0
    outer loop
      vertex -13.9483 14.2359 5
      vertex -13.8916 14.3208 13
      vertex -13.8916 14.3208 5
    endloop
  endfacet
  facet normal -0.831598 0.555378 0
    outer loop
      vertex -13.8916 14.3208 13
      vertex -13.9483 14.2359 5
      vertex -13.9483 14.2359 13
    endloop
  endfacet
  facet normal 0.489051 0.872255 -0
    outer loop
      vertex -15.5902 13.8417 5
      vertex -15.6792 13.8916 13
      vertex -15.5902 13.8417 13
    endloop
  endfacet
  facet normal 0.489051 0.872255 0
    outer loop
      vertex -15.6792 13.8916 13
      vertex -15.5902 13.8417 5
      vertex -15.6792 13.8916 5
    endloop
  endfacet
  facet normal 0.194985 0.980806 -0
    outer loop
      vertex -15.2034 13.716 5
      vertex -15.3035 13.7359 13
      vertex -15.2034 13.716 13
    endloop
  endfacet
  facet normal 0.194985 0.980806 0
    outer loop
      vertex -15.3035 13.7359 13
      vertex -15.2034 13.716 5
      vertex -15.3035 13.7359 5
    endloop
  endfacet
  facet normal 0.831598 0.555378 0
    outer loop
      vertex -16.0517 14.2359 13
      vertex -16.1084 14.3208 5
      vertex -16.1084 14.3208 13
    endloop
  endfacet
  facet normal 0.831598 0.555378 0
    outer loop
      vertex -16.1084 14.3208 5
      vertex -16.0517 14.2359 13
      vertex -16.0517 14.2359 5
    endloop
  endfacet
  facet normal 0.785434 0.618945 0
    outer loop
      vertex -15.9885 14.1557 13
      vertex -16.0517 14.2359 5
      vertex -16.0517 14.2359 13
    endloop
  endfacet
  facet normal 0.785434 0.618945 0
    outer loop
      vertex -16.0517 14.2359 5
      vertex -15.9885 14.1557 13
      vertex -15.9885 14.1557 5
    endloop
  endfacet
  facet normal 0.99307 0.117523 0
    outer loop
      vertex -16.284 14.7966 13
      vertex -16.296 14.898 5
      vertex -16.296 14.898 13
    endloop
  endfacet
  facet normal 0.99307 0.117523 0
    outer loop
      vertex -16.296 14.898 5
      vertex -16.284 14.7966 13
      vertex -16.284 14.7966 5
    endloop
  endfacet
  facet normal -0.271483 0.962443 0
    outer loop
      vertex -14.5983 13.7636 5
      vertex -14.6965 13.7359 13
      vertex -14.5983 13.7636 13
    endloop
  endfacet
  facet normal -0.271483 0.962443 0
    outer loop
      vertex -14.6965 13.7359 13
      vertex -14.5983 13.7636 5
      vertex -14.6965 13.7359 5
    endloop
  endfacet
  facet normal -0.908275 0.418375 0
    outer loop
      vertex -13.8417 14.4098 5
      vertex -13.799 14.5025 13
      vertex -13.799 14.5025 5
    endloop
  endfacet
  facet normal -0.908275 0.418375 0
    outer loop
      vertex -13.799 14.5025 13
      vertex -13.8417 14.4098 5
      vertex -13.8417 14.4098 13
    endloop
  endfacet
  facet normal 0.0391856 0.999232 -0
    outer loop
      vertex -15 13.7 5
      vertex -15.102 13.704 13
      vertex -15 13.7 13
    endloop
  endfacet
  facet normal 0.0391856 0.999232 0
    outer loop
      vertex -15.102 13.704 13
      vertex -15 13.7 5
      vertex -15.102 13.704 5
    endloop
  endfacet
  facet normal 0.271483 0.962443 -0
    outer loop
      vertex -15.3035 13.7359 5
      vertex -15.4017 13.7636 13
      vertex -15.3035 13.7359 13
    endloop
  endfacet
  facet normal 0.271483 0.962443 0
    outer loop
      vertex -15.4017 13.7636 13
      vertex -15.3035 13.7359 5
      vertex -15.4017 13.7636 5
    endloop
  endfacet
  facet normal 0.117523 0.99307 -0
    outer loop
      vertex -15.102 13.704 5
      vertex -15.2034 13.716 13
      vertex -15.102 13.704 13
    endloop
  endfacet
  facet normal 0.117523 0.99307 0
    outer loop
      vertex -15.2034 13.716 13
      vertex -15.102 13.704 5
      vertex -15.2034 13.716 5
    endloop
  endfacet
  facet normal 0.734014 0.679134 0
    outer loop
      vertex -15.9192 14.0808 13
      vertex -15.9885 14.1557 5
      vertex -15.9885 14.1557 13
    endloop
  endfacet
  facet normal 0.734014 0.679134 0
    outer loop
      vertex -15.9885 14.1557 5
      vertex -15.9192 14.0808 13
      vertex -15.9192 14.0808 5
    endloop
  endfacet
  facet normal 0.679134 0.734014 -0
    outer loop
      vertex -15.8443 14.0115 5
      vertex -15.9192 14.0808 13
      vertex -15.8443 14.0115 13
    endloop
  endfacet
  facet normal 0.679134 0.734014 0
    outer loop
      vertex -15.9192 14.0808 13
      vertex -15.8443 14.0115 5
      vertex -15.9192 14.0808 5
    endloop
  endfacet
  facet normal 0.962443 0.271483 0
    outer loop
      vertex -16.2364 14.5983 13
      vertex -16.2641 14.6965 5
      vertex -16.2641 14.6965 13
    endloop
  endfacet
  facet normal 0.962443 0.271483 0
    outer loop
      vertex -16.2641 14.6965 5
      vertex -16.2364 14.5983 13
      vertex -16.2364 14.5983 5
    endloop
  endfacet
  facet normal 0.980806 0.194985 0
    outer loop
      vertex -16.2641 14.6965 13
      vertex -16.284 14.7966 5
      vertex -16.284 14.7966 13
    endloop
  endfacet
  facet normal 0.980806 0.194985 0
    outer loop
      vertex -16.284 14.7966 5
      vertex -16.2641 14.6965 13
      vertex -16.2641 14.6965 5
    endloop
  endfacet
  facet normal 0.346613 0.938008 -0
    outer loop
      vertex -15.4017 13.7636 5
      vertex -15.4975 13.799 13
      vertex -15.4017 13.7636 13
    endloop
  endfacet
  facet normal 0.346613 0.938008 0
    outer loop
      vertex -15.4975 13.799 13
      vertex -15.4017 13.7636 5
      vertex -15.4975 13.799 5
    endloop
  endfacet
  facet normal 0.872255 0.489051 0
    outer loop
      vertex -16.1084 14.3208 13
      vertex -16.1583 14.4098 5
      vertex -16.1583 14.4098 13
    endloop
  endfacet
  facet normal 0.872255 0.489051 0
    outer loop
      vertex -16.1583 14.4098 5
      vertex -16.1084 14.3208 13
      vertex -16.1084 14.3208 5
    endloop
  endfacet
  facet normal 0.555378 0.831598 -0
    outer loop
      vertex -15.6792 13.8916 5
      vertex -15.7641 13.9483 13
      vertex -15.6792 13.8916 13
    endloop
  endfacet
  facet normal 0.555378 0.831598 0
    outer loop
      vertex -15.7641 13.9483 13
      vertex -15.6792 13.8916 5
      vertex -15.7641 13.9483 5
    endloop
  endfacet
  facet normal 0.618945 0.785434 -0
    outer loop
      vertex -15.7641 13.9483 5
      vertex -15.8443 14.0115 13
      vertex -15.7641 13.9483 13
    endloop
  endfacet
  facet normal 0.618945 0.785434 0
    outer loop
      vertex -15.8443 14.0115 13
      vertex -15.7641 13.9483 5
      vertex -15.8443 14.0115 5
    endloop
  endfacet
  facet normal 0.418375 0.908275 -0
    outer loop
      vertex -15.4975 13.799 5
      vertex -15.5902 13.8417 13
      vertex -15.4975 13.799 13
    endloop
  endfacet
  facet normal 0.418375 0.908275 0
    outer loop
      vertex -15.5902 13.8417 13
      vertex -15.4975 13.799 5
      vertex -15.5902 13.8417 5
    endloop
  endfacet
  facet normal 0.999237 0.0390526 0
    outer loop
      vertex 18 -15 13
      vertex 17.9908 -14.7646 5
      vertex 17.9908 -14.7646 13
    endloop
  endfacet
  facet normal 0.999237 0.0390526 0
    outer loop
      vertex 17.9908 -14.7646 5
      vertex 18 -15 13
      vertex 18 -15 5
    endloop
  endfacet
  facet normal -0.999237 0.0390526 0
    outer loop
      vertex 12 -15 5
      vertex 12.0092 -14.7646 13
      vertex 12.0092 -14.7646 5
    endloop
  endfacet
  facet normal -0.999237 0.0390526 0
    outer loop
      vertex 12.0092 -14.7646 13
      vertex 12 -15 5
      vertex 12 -15 13
    endloop
  endfacet
  facet normal 0.0390526 0.999237 -0
    outer loop
      vertex 15.2354 -12.0092 5
      vertex 15 -12 13
      vertex 15.2354 -12.0092 13
    endloop
  endfacet
  facet normal 0.0390526 0.999237 0
    outer loop
      vertex 15 -12 13
      vertex 15.2354 -12.0092 5
      vertex 15 -12 5
    endloop
  endfacet
  facet normal 0.734364 0.678756 0
    outer loop
      vertex 17.2812 -13.0517 13
      vertex 17.1213 -12.8787 5
      vertex 17.1213 -12.8787 13
    endloop
  endfacet
  facet normal 0.734364 0.678756 0
    outer loop
      vertex 17.1213 -12.8787 5
      vertex 17.2812 -13.0517 13
      vertex 17.2812 -13.0517 5
    endloop
  endfacet
  facet normal -0.678756 0.734364 0
    outer loop
      vertex 13.0517 -12.7188 5
      vertex 12.8787 -12.8787 13
      vertex 13.0517 -12.7188 13
    endloop
  endfacet
  facet normal -0.678756 0.734364 0
    outer loop
      vertex 12.8787 -12.8787 13
      vertex 13.0517 -12.7188 5
      vertex 12.8787 -12.8787 5
    endloop
  endfacet
  facet normal -0.346512 0.938046 0
    outer loop
      vertex 14.0729 -12.1468 5
      vertex 13.852 -12.2284 13
      vertex 14.0729 -12.1468 13
    endloop
  endfacet
  facet normal -0.346335 0.938111 5.56609e-06
    outer loop
      vertex 13.8795 -12.2182 5
      vertex 13.852 -12.2284 13
      vertex 14.0729 -12.1468 5
    endloop
  endfacet
  facet normal -0.347758 0.937584 0
    outer loop
      vertex 13.852 -12.2284 13
      vertex 13.8795 -12.2182 5
      vertex 13.852 -12.2284 5
    endloop
  endfacet
  facet normal -0.962526 -0.271188 0
    outer loop
      vertex 12.1468 -15.9271 5
      vertex 12.0829 -15.7003 13
      vertex 12.0829 -15.7003 5
    endloop
  endfacet
  facet normal -0.962526 -0.271188 0
    outer loop
      vertex 12.0829 -15.7003 13
      vertex 12.1468 -15.9271 5
      vertex 12.1468 -15.9271 13
    endloop
  endfacet
  facet normal 0.908232 0.418466 0
    outer loop
      vertex 17.7716 -13.852 13
      vertex 17.673 -13.638 5
      vertex 17.673 -13.638 13
    endloop
  endfacet
  facet normal 0.908232 0.418466 0
    outer loop
      vertex 17.673 -13.638 5
      vertex 17.7716 -13.852 13
      vertex 17.7716 -13.852 5
    endloop
  endfacet
  facet normal 0.418466 0.908232 -0
    outer loop
      vertex 16.362 -12.327 5
      vertex 16.148 -12.2284 13
      vertex 16.362 -12.327 13
    endloop
  endfacet
  facet normal 0.418466 0.908232 0
    outer loop
      vertex 16.148 -12.2284 13
      vertex 16.362 -12.327 5
      vertex 16.148 -12.2284 5
    endloop
  endfacet
  facet normal -0.87247 0.488668 0
    outer loop
      vertex 12.327 -13.638 5
      vertex 12.4421 -13.4325 13
      vertex 12.4421 -13.4325 5
    endloop
  endfacet
  facet normal -0.87247 0.488668 0
    outer loop
      vertex 12.4421 -13.4325 13
      vertex 12.327 -13.638 5
      vertex 12.327 -13.638 13
    endloop
  endfacet
  facet normal -0.1953 0.980744 0
    outer loop
      vertex 14.5307 -12.0369 5
      vertex 14.2997 -12.0829 13
      vertex 14.5307 -12.0369 13
    endloop
  endfacet
  facet normal -0.1953 0.980744 0
    outer loop
      vertex 14.2997 -12.0829 13
      vertex 14.5307 -12.0369 5
      vertex 14.2997 -12.0829 5
    endloop
  endfacet
  facet normal 0.87247 -0.488668 0
    outer loop
      vertex 17.5579 -16.5675 13
      vertex 17.673 -16.362 5
      vertex 17.673 -16.362 13
    endloop
  endfacet
  facet normal 0.87247 -0.488668 0
    outer loop
      vertex 17.673 -16.362 5
      vertex 17.5579 -16.5675 13
      vertex 17.5579 -16.5675 5
    endloop
  endfacet
  facet normal 0.271188 -0.962526 0
    outer loop
      vertex 15.7003 -17.9171 5
      vertex 15.9271 -17.8532 13
      vertex 15.7003 -17.9171 13
    endloop
  endfacet
  facet normal 0.271188 -0.962526 0
    outer loop
      vertex 15.9271 -17.8532 13
      vertex 15.7003 -17.9171 5
      vertex 15.9271 -17.8532 5
    endloop
  endfacet
  facet normal 0.678756 -0.734364 0
    outer loop
      vertex 16.9483 -17.2812 5
      vertex 17.1213 -17.1213 13
      vertex 16.9483 -17.2812 13
    endloop
  endfacet
  facet normal 0.678756 -0.734364 0
    outer loop
      vertex 17.1213 -17.1213 13
      vertex 16.9483 -17.2812 5
      vertex 17.1213 -17.1213 5
    endloop
  endfacet
  facet normal 0.962526 -0.271188 0
    outer loop
      vertex 17.8532 -15.9271 13
      vertex 17.9171 -15.7003 5
      vertex 17.9171 -15.7003 13
    endloop
  endfacet
  facet normal 0.962526 -0.271188 0
    outer loop
      vertex 17.9171 -15.7003 5
      vertex 17.8532 -15.9271 13
      vertex 17.8532 -15.9271 5
    endloop
  endfacet
  facet normal -0.346512 -0.938046 0
    outer loop
      vertex 13.852 -17.7716 5
      vertex 14.0729 -17.8532 13
      vertex 13.852 -17.7716 13
    endloop
  endfacet
  facet normal -0.346512 -0.938046 -0
    outer loop
      vertex 14.0729 -17.8532 13
      vertex 13.852 -17.7716 5
      vertex 14.0729 -17.8532 5
    endloop
  endfacet
  facet normal 0.962526 0.271188 0
    outer loop
      vertex 17.9171 -14.2997 13
      vertex 17.8532 -14.0729 5
      vertex 17.8532 -14.0729 13
    endloop
  endfacet
  facet normal 0.962526 0.271188 0
    outer loop
      vertex 17.8532 -14.0729 5
      vertex 17.9171 -14.2997 13
      vertex 17.9171 -14.2997 5
    endloop
  endfacet
  facet normal 0.938046 0.346512 0
    outer loop
      vertex 17.8532 -14.0729 13
      vertex 17.7716 -13.852 5
      vertex 17.7716 -13.852 13
    endloop
  endfacet
  facet normal 0.938046 0.346512 0
    outer loop
      vertex 17.7716 -13.852 5
      vertex 17.8532 -14.0729 13
      vertex 17.8532 -14.0729 5
    endloop
  endfacet
  facet normal 0.831658 0.555288 0
    outer loop
      vertex 17.5579 -13.4325 13
      vertex 17.4271 -13.2366 5
      vertex 17.4271 -13.2366 13
    endloop
  endfacet
  facet normal 0.831658 0.555288 0
    outer loop
      vertex 17.4271 -13.2366 5
      vertex 17.5579 -13.4325 13
      vertex 17.5579 -13.4325 5
    endloop
  endfacet
  facet normal 0.87247 0.488668 0
    outer loop
      vertex 17.673 -13.638 13
      vertex 17.5579 -13.4325 5
      vertex 17.5579 -13.4325 13
    endloop
  endfacet
  facet normal 0.87247 0.488668 0
    outer loop
      vertex 17.5579 -13.4325 5
      vertex 17.673 -13.638 13
      vertex 17.673 -13.638 5
    endloop
  endfacet
  facet normal 0.271188 0.962526 -0
    outer loop
      vertex 15.9271 -12.1468 5
      vertex 15.7003 -12.0829 13
      vertex 15.9271 -12.1468 13
    endloop
  endfacet
  facet normal 0.271188 0.962526 0
    outer loop
      vertex 15.7003 -12.0829 13
      vertex 15.9271 -12.1468 5
      vertex 15.7003 -12.0829 5
    endloop
  endfacet
  facet normal 0.1953 0.980744 -0
    outer loop
      vertex 15.7003 -12.0829 5
      vertex 15.4693 -12.0369 13
      vertex 15.7003 -12.0829 13
    endloop
  endfacet
  facet normal 0.1953 0.980744 0
    outer loop
      vertex 15.4693 -12.0369 13
      vertex 15.7003 -12.0829 5
      vertex 15.4693 -12.0369 5
    endloop
  endfacet
  facet normal 0.678756 0.734364 -0
    outer loop
      vertex 17.1213 -12.8787 5
      vertex 16.9483 -12.7188 13
      vertex 17.1213 -12.8787 13
    endloop
  endfacet
  facet normal 0.678756 0.734364 0
    outer loop
      vertex 16.9483 -12.7188 13
      vertex 17.1213 -12.8787 5
      vertex 16.9483 -12.7188 5
    endloop
  endfacet
  facet normal -0.962526 0.271188 0
    outer loop
      vertex 12.0829 -14.2997 5
      vertex 12.1468 -14.0729 13
      vertex 12.1468 -14.0729 5
    endloop
  endfacet
  facet normal -0.962526 0.271188 0
    outer loop
      vertex 12.1468 -14.0729 13
      vertex 12.0829 -14.2997 5
      vertex 12.0829 -14.2997 13
    endloop
  endfacet
  facet normal -0.734364 0.678756 0
    outer loop
      vertex 12.7188 -13.0517 5
      vertex 12.8787 -12.8787 13
      vertex 12.8787 -12.8787 5
    endloop
  endfacet
  facet normal -0.734364 0.678756 0
    outer loop
      vertex 12.8787 -12.8787 13
      vertex 12.7188 -13.0517 5
      vertex 12.7188 -13.0517 13
    endloop
  endfacet
  facet normal -0.908232 0.418466 0
    outer loop
      vertex 12.2284 -13.852 5
      vertex 12.327 -13.638 13
      vertex 12.327 -13.638 5
    endloop
  endfacet
  facet normal -0.908232 0.418466 0
    outer loop
      vertex 12.327 -13.638 13
      vertex 12.2284 -13.852 5
      vertex 12.2284 -13.852 13
    endloop
  endfacet
  facet normal -0.980744 0.1953 0
    outer loop
      vertex 12.0369 -14.5307 5
      vertex 12.0829 -14.2997 13
      vertex 12.0829 -14.2997 5
    endloop
  endfacet
  facet normal -0.980744 0.1953 0
    outer loop
      vertex 12.0829 -14.2997 13
      vertex 12.0369 -14.5307 5
      vertex 12.0369 -14.5307 13
    endloop
  endfacet
  facet normal -0.488668 0.87247 0
    outer loop
      vertex 13.638 -12.327 5
      vertex 13.4325 -12.4421 13
      vertex 13.638 -12.327 13
    endloop
  endfacet
  facet normal -0.488668 0.87247 0
    outer loop
      vertex 13.4325 -12.4421 13
      vertex 13.638 -12.327 5
      vertex 13.4325 -12.4421 5
    endloop
  endfacet
  facet normal -0.619452 0.785035 0
    outer loop
      vertex 13.2366 -12.5729 5
      vertex 13.0517 -12.7188 13
      vertex 13.2366 -12.5729 13
    endloop
  endfacet
  facet normal -0.619452 0.785035 0
    outer loop
      vertex 13.0517 -12.7188 13
      vertex 13.2366 -12.5729 5
      vertex 13.0517 -12.7188 5
    endloop
  endfacet
  facet normal -0.117605 0.99306 0
    outer loop
      vertex 14.7646 -12.0092 5
      vertex 14.5307 -12.0369 13
      vertex 14.7646 -12.0092 13
    endloop
  endfacet
  facet normal -0.117605 0.99306 0
    outer loop
      vertex 14.5307 -12.0369 13
      vertex 14.7646 -12.0092 5
      vertex 14.5307 -12.0369 5
    endloop
  endfacet
  facet normal 0.418466 -0.908232 0
    outer loop
      vertex 16.148 -17.7716 5
      vertex 16.362 -17.673 13
      vertex 16.148 -17.7716 13
    endloop
  endfacet
  facet normal 0.418466 -0.908232 0
    outer loop
      vertex 16.362 -17.673 13
      vertex 16.148 -17.7716 5
      vertex 16.362 -17.673 5
    endloop
  endfacet
  facet normal 0.734364 -0.678756 0
    outer loop
      vertex 17.1213 -17.1213 13
      vertex 17.2812 -16.9483 5
      vertex 17.2812 -16.9483 13
    endloop
  endfacet
  facet normal 0.734364 -0.678756 0
    outer loop
      vertex 17.2812 -16.9483 5
      vertex 17.1213 -17.1213 13
      vertex 17.1213 -17.1213 5
    endloop
  endfacet
  facet normal -0.678756 -0.734364 0
    outer loop
      vertex 12.8787 -17.1213 5
      vertex 13.0517 -17.2812 13
      vertex 12.8787 -17.1213 13
    endloop
  endfacet
  facet normal -0.678756 -0.734364 -0
    outer loop
      vertex 13.0517 -17.2812 13
      vertex 12.8787 -17.1213 5
      vertex 13.0517 -17.2812 5
    endloop
  endfacet
  facet normal -0.555288 -0.831658 0
    outer loop
      vertex 13.2366 -17.4271 5
      vertex 13.4325 -17.5579 13
      vertex 13.2366 -17.4271 13
    endloop
  endfacet
  facet normal -0.555288 -0.831658 -0
    outer loop
      vertex 13.4325 -17.5579 13
      vertex 13.2366 -17.4271 5
      vertex 13.4325 -17.5579 5
    endloop
  endfacet
  facet normal -0.488668 -0.87247 0
    outer loop
      vertex 13.4325 -17.5579 5
      vertex 13.638 -17.673 13
      vertex 13.4325 -17.5579 13
    endloop
  endfacet
  facet normal -0.488668 -0.87247 -0
    outer loop
      vertex 13.638 -17.673 13
      vertex 13.4325 -17.5579 5
      vertex 13.638 -17.673 5
    endloop
  endfacet
  facet normal -0.1953 -0.980744 0
    outer loop
      vertex 14.2997 -17.9171 5
      vertex 14.5307 -17.9631 13
      vertex 14.2997 -17.9171 13
    endloop
  endfacet
  facet normal -0.1953 -0.980744 -0
    outer loop
      vertex 14.5307 -17.9631 13
      vertex 14.2997 -17.9171 5
      vertex 14.5307 -17.9631 5
    endloop
  endfacet
  facet normal -0.908232 -0.418466 0
    outer loop
      vertex 12.327 -16.362 5
      vertex 12.2284 -16.148 13
      vertex 12.2284 -16.148 5
    endloop
  endfacet
  facet normal -0.908232 -0.418466 0
    outer loop
      vertex 12.2284 -16.148 13
      vertex 12.327 -16.362 5
      vertex 12.327 -16.362 13
    endloop
  endfacet
  facet normal 0.980744 0.1953 0
    outer loop
      vertex 17.9631 -14.5307 13
      vertex 17.9171 -14.2997 5
      vertex 17.9171 -14.2997 13
    endloop
  endfacet
  facet normal 0.980744 0.1953 0
    outer loop
      vertex 17.9171 -14.2997 5
      vertex 17.9631 -14.5307 13
      vertex 17.9631 -14.5307 5
    endloop
  endfacet
  facet normal 0.99306 0.117605 0
    outer loop
      vertex 17.9908 -14.7646 13
      vertex 17.9631 -14.5307 5
      vertex 17.9631 -14.5307 13
    endloop
  endfacet
  facet normal 0.99306 0.117605 0
    outer loop
      vertex 17.9631 -14.5307 5
      vertex 17.9908 -14.7646 13
      vertex 17.9908 -14.7646 5
    endloop
  endfacet
  facet normal 0.785035 0.619452 0
    outer loop
      vertex 17.4271 -13.2366 13
      vertex 17.2812 -13.0517 5
      vertex 17.2812 -13.0517 13
    endloop
  endfacet
  facet normal 0.785035 0.619452 0
    outer loop
      vertex 17.2812 -13.0517 5
      vertex 17.4271 -13.2366 13
      vertex 17.4271 -13.2366 5
    endloop
  endfacet
  facet normal 0.346512 0.938046 -0
    outer loop
      vertex 16.148 -12.2284 5
      vertex 15.9271 -12.1468 13
      vertex 16.148 -12.2284 13
    endloop
  endfacet
  facet normal 0.346512 0.938046 0
    outer loop
      vertex 15.9271 -12.1468 13
      vertex 16.148 -12.2284 5
      vertex 15.9271 -12.1468 5
    endloop
  endfacet
  facet normal 0.117605 0.99306 -0
    outer loop
      vertex 15.4693 -12.0369 5
      vertex 15.2354 -12.0092 13
      vertex 15.4693 -12.0369 13
    endloop
  endfacet
  facet normal 0.117605 0.99306 0
    outer loop
      vertex 15.2354 -12.0092 13
      vertex 15.4693 -12.0369 5
      vertex 15.2354 -12.0092 5
    endloop
  endfacet
  facet normal 0.488668 0.87247 -0
    outer loop
      vertex 16.5675 -12.4421 5
      vertex 16.362 -12.327 13
      vertex 16.5675 -12.4421 13
    endloop
  endfacet
  facet normal 0.488668 0.87247 0
    outer loop
      vertex 16.362 -12.327 13
      vertex 16.5675 -12.4421 5
      vertex 16.362 -12.327 5
    endloop
  endfacet
  facet normal 0.555288 0.831658 -0
    outer loop
      vertex 16.7634 -12.5729 5
      vertex 16.5675 -12.4421 13
      vertex 16.7634 -12.5729 13
    endloop
  endfacet
  facet normal 0.555288 0.831658 0
    outer loop
      vertex 16.5675 -12.4421 13
      vertex 16.7634 -12.5729 5
      vertex 16.5675 -12.4421 5
    endloop
  endfacet
  facet normal 0.619452 0.785035 -0
    outer loop
      vertex 16.9483 -12.7188 5
      vertex 16.7634 -12.5729 13
      vertex 16.9483 -12.7188 13
    endloop
  endfacet
  facet normal 0.619452 0.785035 0
    outer loop
      vertex 16.7634 -12.5729 13
      vertex 16.9483 -12.7188 5
      vertex 16.7634 -12.5729 5
    endloop
  endfacet
  facet normal -0.937584 0.347758 0
    outer loop
      vertex 12.2182 -13.8795 5
      vertex 12.2284 -13.852 13
      vertex 12.2284 -13.852 5
    endloop
  endfacet
  facet normal -0.938111 0.346335 5.56609e-06
    outer loop
      vertex 12.1468 -14.0729 5
      vertex 12.2284 -13.852 13
      vertex 12.2182 -13.8795 5
    endloop
  endfacet
  facet normal -0.938046 0.346512 0
    outer loop
      vertex 12.2284 -13.852 13
      vertex 12.1468 -14.0729 5
      vertex 12.1468 -14.0729 13
    endloop
  endfacet
  facet normal -0.99306 0.117605 0
    outer loop
      vertex 12.0092 -14.7646 5
      vertex 12.0369 -14.5307 13
      vertex 12.0369 -14.5307 5
    endloop
  endfacet
  facet normal -0.99306 0.117605 0
    outer loop
      vertex 12.0369 -14.5307 13
      vertex 12.0092 -14.7646 5
      vertex 12.0092 -14.7646 13
    endloop
  endfacet
  facet normal 0 0 1
    outer loop
      vertex 16.3 -15 13
      vertex 18 -15 13
      vertex 17.9908 -14.7646 13
    endloop
  endfacet
  facet normal 0 0 1
    outer loop
      vertex 16.296 -14.898 13
      vertex 17.9908 -14.7646 13
      vertex 17.9631 -14.5307 13
    endloop
  endfacet
  facet normal 0 0 1
    outer loop
      vertex 18 -15 13
      vertex 16.3 -15 13
      vertex 17.9908 -15.2354 13
    endloop
  endfacet
  facet normal 0 0 1
    outer loop
      vertex 16.284 -14.7966 13
      vertex 17.9631 -14.5307 13
      vertex 17.9171 -14.2997 13
    endloop
  endfacet
  facet normal -0 0 1
    outer loop
      vertex 16.296 -15.102 13
      vertex 17.9908 -15.2354 13
      vertex 16.3 -15 13
    endloop
  endfacet
  facet normal 0 0 1
    outer loop
      vertex 16.2641 -14.6965 13
      vertex 17.9171 -14.2997 13
      vertex 17.8532 -14.0729 13
    endloop
  endfacet
  facet normal 0 0 1
    outer loop
      vertex 17.9908 -15.2354 13
      vertex 16.296 -15.102 13
      vertex 17.9631 -15.4693 13
    endloop
  endfacet
  facet normal 0 0 1
    outer loop
      vertex 16.2364 -14.5983 13
      vertex 17.8532 -14.0729 13
      vertex 17.7716 -13.852 13
    endloop
  endfacet
  facet normal -0 0 1
    outer loop
      vertex 16.284 -15.2034 13
      vertex 17.9631 -15.4693 13
      vertex 16.296 -15.102 13
    endloop
  endfacet
  facet normal 0 0 1
    outer loop
      vertex 16.201 -14.5025 13
      vertex 17.7716 -13.852 13
      vertex 17.673 -13.638 13
    endloop
  endfacet
  facet normal 0 0 1
    outer loop
      vertex 17.9631 -15.4693 13
      vertex 16.284 -15.2034 13
      vertex 17.9171 -15.7003 13
    endloop
  endfacet
  facet normal 0 0 1
    outer loop
      vertex 16.1583 -14.4098 13
      vertex 17.673 -13.638 13
      vertex 17.5579 -13.4325 13
    endloop
  endfacet
  facet normal -0 0 1
    outer loop
      vertex 16.2641 -15.3035 13
      vertex 17.9171 -15.7003 13
      vertex 16.284 -15.2034 13
    endloop
  endfacet
  facet normal 0 0 1
    outer loop
      vertex 16.1084 -14.3208 13
      vertex 17.5579 -13.4325 13
      vertex 17.4271 -13.2366 13
    endloop
  endfacet
  facet normal 0 0 1
    outer loop
      vertex 17.9171 -15.7003 13
      vertex 16.2641 -15.3035 13
      vertex 17.8532 -15.9271 13
    endloop
  endfacet
  facet normal 0 0 1
    outer loop
      vertex 16.0517 -14.2359 13
      vertex 17.4271 -13.2366 13
      vertex 17.2812 -13.0517 13
    endloop
  endfacet
  facet normal -0 0 1
    outer loop
      vertex 16.2364 -15.4017 13
      vertex 17.8532 -15.9271 13
      vertex 16.2641 -15.3035 13
    endloop
  endfacet
  facet normal 0 0 1
    outer loop
      vertex 15.9885 -14.1557 13
      vertex 17.2812 -13.0517 13
      vertex 17.1213 -12.8787 13
    endloop
  endfacet
  facet normal 0 0 1
    outer loop
      vertex 17.8532 -15.9271 13
      vertex 16.2364 -15.4017 13
      vertex 17.7716 -16.148 13
    endloop
  endfacet
  facet normal 0 0 1
    outer loop
      vertex 15.9192 -14.0808 13
      vertex 17.1213 -12.8787 13
      vertex 16.9483 -12.7188 13
    endloop
  endfacet
  facet normal -0 0 1
    outer loop
      vertex 16.201 -15.4975 13
      vertex 17.7716 -16.148 13
      vertex 16.2364 -15.4017 13
    endloop
  endfacet
  facet normal 0 0 1
    outer loop
      vertex 15.8443 -14.0115 13
      vertex 16.9483 -12.7188 13
      vertex 16.7634 -12.5729 13
    endloop
  endfacet
  facet normal 0 0 1
    outer loop
      vertex 17.7716 -16.148 13
      vertex 16.201 -15.4975 13
      vertex 17.673 -16.362 13
    endloop
  endfacet
  facet normal 0 0 1
    outer loop
      vertex 15.7641 -13.9483 13
      vertex 16.7634 -12.5729 13
      vertex 16.5675 -12.4421 13
    endloop
  endfacet
  facet normal -0 0 1
    outer loop
      vertex 16.1583 -15.5902 13
      vertex 17.673 -16.362 13
      vertex 16.201 -15.4975 13
    endloop
  endfacet
  facet normal 0 0 1
    outer loop
      vertex 15.6792 -13.8916 13
      vertex 16.5675 -12.4421 13
      vertex 16.362 -12.327 13
    endloop
  endfacet
  facet normal 0 0 1
    outer loop
      vertex 17.673 -16.362 13
      vertex 16.1583 -15.5902 13
      vertex 17.5579 -16.5675 13
    endloop
  endfacet
  facet normal -0 0 1
    outer loop
      vertex 16.1084 -15.6792 13
      vertex 17.5579 -16.5675 13
      vertex 16.1583 -15.5902 13
    endloop
  endfacet
  facet normal 0 0 1
    outer loop
      vertex 17.9908 -14.7646 13
      vertex 16.296 -14.898 13
      vertex 16.3 -15 13
    endloop
  endfacet
  facet normal 0 0 1
    outer loop
      vertex 17.9631 -14.5307 13
      vertex 16.284 -14.7966 13
      vertex 16.296 -14.898 13
    endloop
  endfacet
  facet normal 0 0 1
    outer loop
      vertex 17.9171 -14.2997 13
      vertex 16.2641 -14.6965 13
      vertex 16.284 -14.7966 13
    endloop
  endfacet
  facet normal 0 0 1
    outer loop
      vertex 17.8532 -14.0729 13
      vertex 16.2364 -14.5983 13
      vertex 16.2641 -14.6965 13
    endloop
  endfacet
  facet normal 0 0 1
    outer loop
      vertex 17.7716 -13.852 13
      vertex 16.201 -14.5025 13
      vertex 16.2364 -14.5983 13
    endloop
  endfacet
  facet normal 0 0 1
    outer loop
      vertex 17.673 -13.638 13
      vertex 16.1583 -14.4098 13
      vertex 16.201 -14.5025 13
    endloop
  endfacet
  facet normal 0 0 1
    outer loop
      vertex 15.5902 -13.8417 13
      vertex 16.362 -12.327 13
      vertex 16.148 -12.2284 13
    endloop
  endfacet
  facet normal 0 0 1
    outer loop
      vertex 17.5579 -13.4325 13
      vertex 16.1084 -14.3208 13
      vertex 16.1583 -14.4098 13
    endloop
  endfacet
  facet normal 0 0 1
    outer loop
      vertex 17.4271 -13.2366 13
      vertex 16.0517 -14.2359 13
      vertex 16.1084 -14.3208 13
    endloop
  endfacet
  facet normal 0 0 1
    outer loop
      vertex 17.2812 -13.0517 13
      vertex 15.9885 -14.1557 13
      vertex 16.0517 -14.2359 13
    endloop
  endfacet
  facet normal 0 0 1
    outer loop
      vertex 15.4975 -13.799 13
      vertex 16.148 -12.2284 13
      vertex 15.9271 -12.1468 13
    endloop
  endfacet
  facet normal 0 0 1
    outer loop
      vertex 17.1213 -12.8787 13
      vertex 15.9192 -14.0808 13
      vertex 15.9885 -14.1557 13
    endloop
  endfacet
  facet normal 0 0 1
    outer loop
      vertex 16.9483 -12.7188 13
      vertex 15.8443 -14.0115 13
      vertex 15.9192 -14.0808 13
    endloop
  endfacet
  facet normal 0 0 1
    outer loop
      vertex 16.7634 -12.5729 13
      vertex 15.7641 -13.9483 13
      vertex 15.8443 -14.0115 13
    endloop
  endfacet
  facet normal 0 0 1
    outer loop
      vertex 15.4017 -13.7636 13
      vertex 15.9271 -12.1468 13
      vertex 15.7003 -12.0829 13
    endloop
  endfacet
  facet normal 0 0 1
    outer loop
      vertex 16.5675 -12.4421 13
      vertex 15.6792 -13.8916 13
      vertex 15.7641 -13.9483 13
    endloop
  endfacet
  facet normal 0 0 1
    outer loop
      vertex 16.362 -12.327 13
      vertex 15.5902 -13.8417 13
      vertex 15.6792 -13.8916 13
    endloop
  endfacet
  facet normal 0 0 1
    outer loop
      vertex 16.148 -12.2284 13
      vertex 15.4975 -13.799 13
      vertex 15.5902 -13.8417 13
    endloop
  endfacet
  facet normal 0 0 1
    outer loop
      vertex 15.3035 -13.7359 13
      vertex 15.7003 -12.0829 13
      vertex 15.4693 -12.0369 13
    endloop
  endfacet
  facet normal 0 0 1
    outer loop
      vertex 15.9271 -12.1468 13
      vertex 15.4017 -13.7636 13
      vertex 15.4975 -13.799 13
    endloop
  endfacet
  facet normal 0 0 1
    outer loop
      vertex 15.7003 -12.0829 13
      vertex 15.3035 -13.7359 13
      vertex 15.4017 -13.7636 13
    endloop
  endfacet
  facet normal 0 0 1
    outer loop
      vertex 15.2034 -13.716 13
      vertex 15.4693 -12.0369 13
      vertex 15.2354 -12.0092 13
    endloop
  endfacet
  facet normal 0 0 1
    outer loop
      vertex 15.4693 -12.0369 13
      vertex 15.2034 -13.716 13
      vertex 15.3035 -13.7359 13
    endloop
  endfacet
  facet normal 0 0 1
    outer loop
      vertex 15.2354 -12.0092 13
      vertex 15.102 -13.704 13
      vertex 15.2034 -13.716 13
    endloop
  endfacet
  facet normal 0 0 1
    outer loop
      vertex 15 -12 13
      vertex 15.102 -13.704 13
      vertex 15.2354 -12.0092 13
    endloop
  endfacet
  facet normal 0 0 1
    outer loop
      vertex 15 -12 13
      vertex 15 -13.7 13
      vertex 15.102 -13.704 13
    endloop
  endfacet
  facet normal 0 0 1
    outer loop
      vertex 15 -12 13
      vertex 14.898 -13.704 13
      vertex 15 -13.7 13
    endloop
  endfacet
  facet normal -0 0 1
    outer loop
      vertex 14.7646 -12.0092 13
      vertex 14.898 -13.704 13
      vertex 15 -12 13
    endloop
  endfacet
  facet normal 0 0 1
    outer loop
      vertex 14.898 -13.704 13
      vertex 14.7646 -12.0092 13
      vertex 14.7966 -13.716 13
    endloop
  endfacet
  facet normal -0 0 1
    outer loop
      vertex 14.5307 -12.0369 13
      vertex 14.7966 -13.716 13
      vertex 14.7646 -12.0092 13
    endloop
  endfacet
  facet normal 0 0 1
    outer loop
      vertex 14.7966 -13.716 13
      vertex 14.5307 -12.0369 13
      vertex 14.6965 -13.7359 13
    endloop
  endfacet
  facet normal -0 0 1
    outer loop
      vertex 14.2997 -12.0829 13
      vertex 14.6965 -13.7359 13
      vertex 14.5307 -12.0369 13
    endloop
  endfacet
  facet normal 0 0 1
    outer loop
      vertex 14.6965 -13.7359 13
      vertex 14.2997 -12.0829 13
      vertex 14.5983 -13.7636 13
    endloop
  endfacet
  facet normal -0 0 1
    outer loop
      vertex 14.0729 -12.1468 13
      vertex 14.5983 -13.7636 13
      vertex 14.2997 -12.0829 13
    endloop
  endfacet
  facet normal 0 0 1
    outer loop
      vertex 14.5983 -13.7636 13
      vertex 14.0729 -12.1468 13
      vertex 14.5025 -13.799 13
    endloop
  endfacet
  facet normal -0 0 1
    outer loop
      vertex 13.852 -12.2284 13
      vertex 14.5025 -13.799 13
      vertex 14.0729 -12.1468 13
    endloop
  endfacet
  facet normal 0 0 1
    outer loop
      vertex 14.5025 -13.799 13
      vertex 13.852 -12.2284 13
      vertex 14.4098 -13.8417 13
    endloop
  endfacet
  facet normal -0 0 1
    outer loop
      vertex 13.638 -12.327 13
      vertex 14.4098 -13.8417 13
      vertex 13.852 -12.2284 13
    endloop
  endfacet
  facet normal 0 0 1
    outer loop
      vertex 14.4098 -13.8417 13
      vertex 13.638 -12.327 13
      vertex 14.3208 -13.8916 13
    endloop
  endfacet
  facet normal -0 0 1
    outer loop
      vertex 13.4325 -12.4421 13
      vertex 14.3208 -13.8916 13
      vertex 13.638 -12.327 13
    endloop
  endfacet
  facet normal 0 0 1
    outer loop
      vertex 14.3208 -13.8916 13
      vertex 13.4325 -12.4421 13
      vertex 14.2359 -13.9483 13
    endloop
  endfacet
  facet normal -0 0 1
    outer loop
      vertex 13.2366 -12.5729 13
      vertex 14.2359 -13.9483 13
      vertex 13.4325 -12.4421 13
    endloop
  endfacet
  facet normal 0 0 1
    outer loop
      vertex 14.2359 -13.9483 13
      vertex 13.2366 -12.5729 13
      vertex 14.1557 -14.0115 13
    endloop
  endfacet
  facet normal -0 0 1
    outer loop
      vertex 13.0517 -12.7188 13
      vertex 14.1557 -14.0115 13
      vertex 13.2366 -12.5729 13
    endloop
  endfacet
  facet normal 0 0 1
    outer loop
      vertex 14.1557 -14.0115 13
      vertex 13.0517 -12.7188 13
      vertex 14.0808 -14.0808 13
    endloop
  endfacet
  facet normal -0 0 1
    outer loop
      vertex 12.8787 -12.8787 13
      vertex 14.0808 -14.0808 13
      vertex 13.0517 -12.7188 13
    endloop
  endfacet
  facet normal 0 0 1
    outer loop
      vertex 14.0808 -14.0808 13
      vertex 12.8787 -12.8787 13
      vertex 14.0115 -14.1557 13
    endloop
  endfacet
  facet normal -0 0 1
    outer loop
      vertex 12.7188 -13.0517 13
      vertex 14.0115 -14.1557 13
      vertex 12.8787 -12.8787 13
    endloop
  endfacet
  facet normal 0 0 1
    outer loop
      vertex 14.0115 -14.1557 13
      vertex 12.7188 -13.0517 13
      vertex 13.9483 -14.2359 13
    endloop
  endfacet
  facet normal -0 0 1
    outer loop
      vertex 12.5729 -13.2366 13
      vertex 13.9483 -14.2359 13
      vertex 12.7188 -13.0517 13
    endloop
  endfacet
  facet normal -0 0 1
    outer loop
      vertex 12.4421 -13.4325 13
      vertex 13.8916 -14.3208 13
      vertex 12.5729 -13.2366 13
    endloop
  endfacet
  facet normal 0 0 1
    outer loop
      vertex 13.9483 -14.2359 13
      vertex 12.5729 -13.2366 13
      vertex 13.8916 -14.3208 13
    endloop
  endfacet
  facet normal 0 0 1
    outer loop
      vertex 17.5579 -16.5675 13
      vertex 16.1084 -15.6792 13
      vertex 17.4271 -16.7634 13
    endloop
  endfacet
  facet normal -0 0 1
    outer loop
      vertex 16.0517 -15.7641 13
      vertex 17.4271 -16.7634 13
      vertex 16.1084 -15.6792 13
    endloop
  endfacet
  facet normal 0 0 1
    outer loop
      vertex 17.4271 -16.7634 13
      vertex 16.0517 -15.7641 13
      vertex 17.2812 -16.9483 13
    endloop
  endfacet
  facet normal -0 0 1
    outer loop
      vertex 15.9885 -15.8443 13
      vertex 17.2812 -16.9483 13
      vertex 16.0517 -15.7641 13
    endloop
  endfacet
  facet normal 0 0 1
    outer loop
      vertex 17.2812 -16.9483 13
      vertex 15.9885 -15.8443 13
      vertex 17.1213 -17.1213 13
    endloop
  endfacet
  facet normal -0 0 1
    outer loop
      vertex 15.9192 -15.9192 13
      vertex 17.1213 -17.1213 13
      vertex 15.9885 -15.8443 13
    endloop
  endfacet
  facet normal 0 0 1
    outer loop
      vertex 17.1213 -17.1213 13
      vertex 15.9192 -15.9192 13
      vertex 16.9483 -17.2812 13
    endloop
  endfacet
  facet normal -0 0 1
    outer loop
      vertex 15.8443 -15.9885 13
      vertex 16.9483 -17.2812 13
      vertex 15.9192 -15.9192 13
    endloop
  endfacet
  facet normal 0 0 1
    outer loop
      vertex 16.9483 -17.2812 13
      vertex 15.8443 -15.9885 13
      vertex 16.7634 -17.4271 13
    endloop
  endfacet
  facet normal -0 0 1
    outer loop
      vertex 15.7641 -16.0517 13
      vertex 16.7634 -17.4271 13
      vertex 15.8443 -15.9885 13
    endloop
  endfacet
  facet normal 0 0 1
    outer loop
      vertex 16.7634 -17.4271 13
      vertex 15.7641 -16.0517 13
      vertex 16.5675 -17.5579 13
    endloop
  endfacet
  facet normal -0 0 1
    outer loop
      vertex 15.6792 -16.1084 13
      vertex 16.5675 -17.5579 13
      vertex 15.7641 -16.0517 13
    endloop
  endfacet
  facet normal 0 0 1
    outer loop
      vertex 16.5675 -17.5579 13
      vertex 15.6792 -16.1084 13
      vertex 16.362 -17.673 13
    endloop
  endfacet
  facet normal -0 0 1
    outer loop
      vertex 15.5902 -16.1583 13
      vertex 16.362 -17.673 13
      vertex 15.6792 -16.1084 13
    endloop
  endfacet
  facet normal 0 0 1
    outer loop
      vertex 16.362 -17.673 13
      vertex 15.5902 -16.1583 13
      vertex 16.148 -17.7716 13
    endloop
  endfacet
  facet normal -0 0 1
    outer loop
      vertex 15.4975 -16.201 13
      vertex 16.148 -17.7716 13
      vertex 15.5902 -16.1583 13
    endloop
  endfacet
  facet normal 0 0 1
    outer loop
      vertex 16.148 -17.7716 13
      vertex 15.4975 -16.201 13
      vertex 15.9271 -17.8532 13
    endloop
  endfacet
  facet normal -0 0 1
    outer loop
      vertex 15.4017 -16.2364 13
      vertex 15.9271 -17.8532 13
      vertex 15.4975 -16.201 13
    endloop
  endfacet
  facet normal 0 0 1
    outer loop
      vertex 15.9271 -17.8532 13
      vertex 15.4017 -16.2364 13
      vertex 15.7003 -17.9171 13
    endloop
  endfacet
  facet normal -0 0 1
    outer loop
      vertex 15.3035 -16.2641 13
      vertex 15.7003 -17.9171 13
      vertex 15.4017 -16.2364 13
    endloop
  endfacet
  facet normal 0 0 1
    outer loop
      vertex 15.7003 -17.9171 13
      vertex 15.3035 -16.2641 13
      vertex 15.4693 -17.9631 13
    endloop
  endfacet
  facet normal -0 0 1
    outer loop
      vertex 15.2034 -16.284 13
      vertex 15.4693 -17.9631 13
      vertex 15.3035 -16.2641 13
    endloop
  endfacet
  facet normal 0 0 1
    outer loop
      vertex 15.4693 -17.9631 13
      vertex 15.2034 -16.284 13
      vertex 15.2354 -17.9908 13
    endloop
  endfacet
  facet normal -0 0 1
    outer loop
      vertex 15.102 -16.296 13
      vertex 15.2354 -17.9908 13
      vertex 15.2034 -16.284 13
    endloop
  endfacet
  facet normal -0 0 1
    outer loop
      vertex 15 -16.3 13
      vertex 15.2354 -17.9908 13
      vertex 15.102 -16.296 13
    endloop
  endfacet
  facet normal 0 0 1
    outer loop
      vertex 15 -16.3 13
      vertex 15 -18 13
      vertex 15.2354 -17.9908 13
    endloop
  endfacet
  facet normal 0 0 1
    outer loop
      vertex 14.898 -16.296 13
      vertex 15 -18 13
      vertex 15 -16.3 13
    endloop
  endfacet
  facet normal 0 0 1
    outer loop
      vertex 14.7646 -17.9908 13
      vertex 14.898 -16.296 13
      vertex 14.7966 -16.284 13
    endloop
  endfacet
  facet normal 0 0 1
    outer loop
      vertex 14.898 -16.296 13
      vertex 14.7646 -17.9908 13
      vertex 15 -18 13
    endloop
  endfacet
  facet normal 0 0 1
    outer loop
      vertex 14.5307 -17.9631 13
      vertex 14.7966 -16.284 13
      vertex 14.6965 -16.2641 13
    endloop
  endfacet
  facet normal 0 0 1
    outer loop
      vertex 14.2997 -17.9171 13
      vertex 14.6965 -16.2641 13
      vertex 14.5983 -16.2364 13
    endloop
  endfacet
  facet normal 0 0 1
    outer loop
      vertex 14.7966 -16.284 13
      vertex 14.5307 -17.9631 13
      vertex 14.7646 -17.9908 13
    endloop
  endfacet
  facet normal 0 0 1
    outer loop
      vertex 14.0729 -17.8532 13
      vertex 14.5983 -16.2364 13
      vertex 14.5025 -16.201 13
    endloop
  endfacet
  facet normal 0 0 1
    outer loop
      vertex 13.852 -17.7716 13
      vertex 14.5025 -16.201 13
      vertex 14.4098 -16.1583 13
    endloop
  endfacet
  facet normal 0 0 1
    outer loop
      vertex 13.638 -17.673 13
      vertex 14.4098 -16.1583 13
      vertex 14.3208 -16.1084 13
    endloop
  endfacet
  facet normal 0 0 1
    outer loop
      vertex 14.6965 -16.2641 13
      vertex 14.2997 -17.9171 13
      vertex 14.5307 -17.9631 13
    endloop
  endfacet
  facet normal 0 0 1
    outer loop
      vertex 13.4325 -17.5579 13
      vertex 14.3208 -16.1084 13
      vertex 14.2359 -16.0517 13
    endloop
  endfacet
  facet normal 0 0 1
    outer loop
      vertex 13.2366 -17.4271 13
      vertex 14.2359 -16.0517 13
      vertex 14.1557 -15.9885 13
    endloop
  endfacet
  facet normal 0 0 1
    outer loop
      vertex 13.0517 -17.2812 13
      vertex 14.1557 -15.9885 13
      vertex 14.0808 -15.9192 13
    endloop
  endfacet
  facet normal 0 0 1
    outer loop
      vertex 14.5983 -16.2364 13
      vertex 14.0729 -17.8532 13
      vertex 14.2997 -17.9171 13
    endloop
  endfacet
  facet normal 0 0 1
    outer loop
      vertex 12.8787 -17.1213 13
      vertex 14.0808 -15.9192 13
      vertex 14.0115 -15.8443 13
    endloop
  endfacet
  facet normal 0 0 1
    outer loop
      vertex 12.7188 -16.9483 13
      vertex 14.0115 -15.8443 13
      vertex 13.9483 -15.7641 13
    endloop
  endfacet
  facet normal 0 0 1
    outer loop
      vertex 12.5729 -16.7634 13
      vertex 13.9483 -15.7641 13
      vertex 13.8916 -15.6792 13
    endloop
  endfacet
  facet normal 0 0 1
    outer loop
      vertex 14.5025 -16.201 13
      vertex 13.852 -17.7716 13
      vertex 14.0729 -17.8532 13
    endloop
  endfacet
  facet normal 0 0 1
    outer loop
      vertex 12.4421 -16.5675 13
      vertex 13.8916 -15.6792 13
      vertex 13.8417 -15.5902 13
    endloop
  endfacet
  facet normal 0 0 1
    outer loop
      vertex 12.327 -16.362 13
      vertex 13.8417 -15.5902 13
      vertex 13.799 -15.4975 13
    endloop
  endfacet
  facet normal 0 0 1
    outer loop
      vertex 12.2284 -16.148 13
      vertex 13.799 -15.4975 13
      vertex 13.7636 -15.4017 13
    endloop
  endfacet
  facet normal 0 0 1
    outer loop
      vertex 12.1468 -15.9271 13
      vertex 13.7636 -15.4017 13
      vertex 13.7359 -15.3035 13
    endloop
  endfacet
  facet normal 0 0 1
    outer loop
      vertex 12.0829 -15.7003 13
      vertex 13.7359 -15.3035 13
      vertex 13.716 -15.2034 13
    endloop
  endfacet
  facet normal 0 0 1
    outer loop
      vertex 12.0369 -15.4693 13
      vertex 13.716 -15.2034 13
      vertex 13.704 -15.102 13
    endloop
  endfacet
  facet normal 0 0 1
    outer loop
      vertex 14.4098 -16.1583 13
      vertex 13.638 -17.673 13
      vertex 13.852 -17.7716 13
    endloop
  endfacet
  facet normal 0 0 1
    outer loop
      vertex 12.0092 -15.2354 13
      vertex 13.704 -15.102 13
      vertex 13.7 -15 13
    endloop
  endfacet
  facet normal 0 0 1
    outer loop
      vertex 13.8916 -14.3208 13
      vertex 12.4421 -13.4325 13
      vertex 13.8417 -14.4098 13
    endloop
  endfacet
  facet normal -0 0 1
    outer loop
      vertex 12.327 -13.638 13
      vertex 13.8417 -14.4098 13
      vertex 12.4421 -13.4325 13
    endloop
  endfacet
  facet normal 0 0 1
    outer loop
      vertex 14.3208 -16.1084 13
      vertex 13.4325 -17.5579 13
      vertex 13.638 -17.673 13
    endloop
  endfacet
  facet normal 0 0 1
    outer loop
      vertex 13.8417 -14.4098 13
      vertex 12.327 -13.638 13
      vertex 13.799 -14.5025 13
    endloop
  endfacet
  facet normal 0 0 1
    outer loop
      vertex 14.2359 -16.0517 13
      vertex 13.2366 -17.4271 13
      vertex 13.4325 -17.5579 13
    endloop
  endfacet
  facet normal -0 0 1
    outer loop
      vertex 12.2284 -13.852 13
      vertex 13.799 -14.5025 13
      vertex 12.327 -13.638 13
    endloop
  endfacet
  facet normal 0 0 1
    outer loop
      vertex 14.1557 -15.9885 13
      vertex 13.0517 -17.2812 13
      vertex 13.2366 -17.4271 13
    endloop
  endfacet
  facet normal 0 0 1
    outer loop
      vertex 13.799 -14.5025 13
      vertex 12.2284 -13.852 13
      vertex 13.7636 -14.5983 13
    endloop
  endfacet
  facet normal 0 0 1
    outer loop
      vertex 14.0808 -15.9192 13
      vertex 12.8787 -17.1213 13
      vertex 13.0517 -17.2812 13
    endloop
  endfacet
  facet normal -0 0 1
    outer loop
      vertex 12.1468 -14.0729 13
      vertex 13.7636 -14.5983 13
      vertex 12.2284 -13.852 13
    endloop
  endfacet
  facet normal 0 0 1
    outer loop
      vertex 14.0115 -15.8443 13
      vertex 12.7188 -16.9483 13
      vertex 12.8787 -17.1213 13
    endloop
  endfacet
  facet normal 0 0 1
    outer loop
      vertex 13.7636 -14.5983 13
      vertex 12.1468 -14.0729 13
      vertex 13.7359 -14.6965 13
    endloop
  endfacet
  facet normal 0 0 1
    outer loop
      vertex 13.9483 -15.7641 13
      vertex 12.5729 -16.7634 13
      vertex 12.7188 -16.9483 13
    endloop
  endfacet
  facet normal -0 0 1
    outer loop
      vertex 12.0829 -14.2997 13
      vertex 13.7359 -14.6965 13
      vertex 12.1468 -14.0729 13
    endloop
  endfacet
  facet normal 0 0 1
    outer loop
      vertex 13.8916 -15.6792 13
      vertex 12.4421 -16.5675 13
      vertex 12.5729 -16.7634 13
    endloop
  endfacet
  facet normal 0 0 1
    outer loop
      vertex 13.7359 -14.6965 13
      vertex 12.0829 -14.2997 13
      vertex 13.716 -14.7966 13
    endloop
  endfacet
  facet normal 0 0 1
    outer loop
      vertex 13.8417 -15.5902 13
      vertex 12.327 -16.362 13
      vertex 12.4421 -16.5675 13
    endloop
  endfacet
  facet normal -0 0 1
    outer loop
      vertex 12.0369 -14.5307 13
      vertex 13.716 -14.7966 13
      vertex 12.0829 -14.2997 13
    endloop
  endfacet
  facet normal 0 0 1
    outer loop
      vertex 13.799 -15.4975 13
      vertex 12.2284 -16.148 13
      vertex 12.327 -16.362 13
    endloop
  endfacet
  facet normal 0 0 1
    outer loop
      vertex 13.716 -14.7966 13
      vertex 12.0369 -14.5307 13
      vertex 13.704 -14.898 13
    endloop
  endfacet
  facet normal 0 0 1
    outer loop
      vertex 13.7636 -15.4017 13
      vertex 12.1468 -15.9271 13
      vertex 12.2284 -16.148 13
    endloop
  endfacet
  facet normal -0 0 1
    outer loop
      vertex 12.0092 -14.7646 13
      vertex 13.704 -14.898 13
      vertex 12.0369 -14.5307 13
    endloop
  endfacet
  facet normal 0 0 1
    outer loop
      vertex 13.7359 -15.3035 13
      vertex 12.0829 -15.7003 13
      vertex 12.1468 -15.9271 13
    endloop
  endfacet
  facet normal 0 0 1
    outer loop
      vertex 13.704 -14.898 13
      vertex 12.0092 -14.7646 13
      vertex 13.7 -15 13
    endloop
  endfacet
  facet normal 0 0 1
    outer loop
      vertex 13.716 -15.2034 13
      vertex 12.0369 -15.4693 13
      vertex 12.0829 -15.7003 13
    endloop
  endfacet
  facet normal 0 0 1
    outer loop
      vertex 12 -15 13
      vertex 13.7 -15 13
      vertex 12.0092 -14.7646 13
    endloop
  endfacet
  facet normal 0 0 1
    outer loop
      vertex 13.704 -15.102 13
      vertex 12.0092 -15.2354 13
      vertex 12.0369 -15.4693 13
    endloop
  endfacet
  facet normal 0 0 1
    outer loop
      vertex 13.7 -15 13
      vertex 12 -15 13
      vertex 12.0092 -15.2354 13
    endloop
  endfacet
  facet normal -0.418466 0.908232 0
    outer loop
      vertex 13.852 -12.2284 5
      vertex 13.638 -12.327 13
      vertex 13.852 -12.2284 13
    endloop
  endfacet
  facet normal -0.418466 0.908232 0
    outer loop
      vertex 13.638 -12.327 13
      vertex 13.852 -12.2284 5
      vertex 13.638 -12.327 5
    endloop
  endfacet
  facet normal -0.555288 0.831658 0
    outer loop
      vertex 13.4325 -12.4421 5
      vertex 13.2366 -12.5729 13
      vertex 13.4325 -12.4421 13
    endloop
  endfacet
  facet normal -0.555288 0.831658 0
    outer loop
      vertex 13.2366 -12.5729 13
      vertex 13.4325 -12.4421 5
      vertex 13.2366 -12.5729 5
    endloop
  endfacet
  facet normal -0.271188 0.962526 0
    outer loop
      vertex 14.2997 -12.0829 5
      vertex 14.0729 -12.1468 13
      vertex 14.2997 -12.0829 13
    endloop
  endfacet
  facet normal -0.271188 0.962526 0
    outer loop
      vertex 14.0729 -12.1468 13
      vertex 14.2997 -12.0829 5
      vertex 14.0729 -12.1468 5
    endloop
  endfacet
  facet normal -0.0390526 0.999237 0
    outer loop
      vertex 15 -12 5
      vertex 14.7646 -12.0092 13
      vertex 15 -12 13
    endloop
  endfacet
  facet normal -0.0390526 0.999237 0
    outer loop
      vertex 14.7646 -12.0092 13
      vertex 15 -12 5
      vertex 14.7646 -12.0092 5
    endloop
  endfacet
  facet normal 0.0390526 -0.999237 0
    outer loop
      vertex 15 -18 5
      vertex 15.2354 -17.9908 13
      vertex 15 -18 13
    endloop
  endfacet
  facet normal 0.0390526 -0.999237 0
    outer loop
      vertex 15.2354 -17.9908 13
      vertex 15 -18 5
      vertex 15.2354 -17.9908 5
    endloop
  endfacet
  facet normal 0.1953 -0.980744 0
    outer loop
      vertex 15.4693 -17.9631 5
      vertex 15.7003 -17.9171 13
      vertex 15.4693 -17.9631 13
    endloop
  endfacet
  facet normal 0.1953 -0.980744 0
    outer loop
      vertex 15.7003 -17.9171 13
      vertex 15.4693 -17.9631 5
      vertex 15.7003 -17.9171 5
    endloop
  endfacet
  facet normal 0.346512 -0.938046 0
    outer loop
      vertex 15.9271 -17.8532 5
      vertex 16.148 -17.7716 13
      vertex 15.9271 -17.8532 13
    endloop
  endfacet
  facet normal 0.346512 -0.938046 0
    outer loop
      vertex 16.148 -17.7716 13
      vertex 15.9271 -17.8532 5
      vertex 16.148 -17.7716 5
    endloop
  endfacet
  facet normal 0.555288 -0.831658 0
    outer loop
      vertex 16.5675 -17.5579 5
      vertex 16.7634 -17.4271 13
      vertex 16.5675 -17.5579 13
    endloop
  endfacet
  facet normal 0.555288 -0.831658 0
    outer loop
      vertex 16.7634 -17.4271 13
      vertex 16.5675 -17.5579 5
      vertex 16.7634 -17.4271 5
    endloop
  endfacet
  facet normal 0.488668 -0.87247 0
    outer loop
      vertex 16.362 -17.673 5
      vertex 16.5675 -17.5579 13
      vertex 16.362 -17.673 13
    endloop
  endfacet
  facet normal 0.488668 -0.87247 0
    outer loop
      vertex 16.5675 -17.5579 13
      vertex 16.362 -17.673 5
      vertex 16.5675 -17.5579 5
    endloop
  endfacet
  facet normal 0.785035 -0.619452 0
    outer loop
      vertex 17.2812 -16.9483 13
      vertex 17.4271 -16.7634 5
      vertex 17.4271 -16.7634 13
    endloop
  endfacet
  facet normal 0.785035 -0.619452 0
    outer loop
      vertex 17.4271 -16.7634 5
      vertex 17.2812 -16.9483 13
      vertex 17.2812 -16.9483 5
    endloop
  endfacet
  facet normal 0.908232 -0.418466 0
    outer loop
      vertex 17.673 -16.362 13
      vertex 17.7716 -16.148 5
      vertex 17.7716 -16.148 13
    endloop
  endfacet
  facet normal 0.908232 -0.418466 0
    outer loop
      vertex 17.7716 -16.148 5
      vertex 17.673 -16.362 13
      vertex 17.673 -16.362 5
    endloop
  endfacet
  facet normal 0.980744 -0.1953 0
    outer loop
      vertex 17.9171 -15.7003 13
      vertex 17.9631 -15.4693 5
      vertex 17.9631 -15.4693 13
    endloop
  endfacet
  facet normal 0.980744 -0.1953 0
    outer loop
      vertex 17.9631 -15.4693 5
      vertex 17.9171 -15.7003 13
      vertex 17.9171 -15.7003 5
    endloop
  endfacet
  facet normal 0.99306 -0.117605 0
    outer loop
      vertex 17.9631 -15.4693 13
      vertex 17.9908 -15.2354 5
      vertex 17.9908 -15.2354 13
    endloop
  endfacet
  facet normal 0.99306 -0.117605 0
    outer loop
      vertex 17.9908 -15.2354 5
      vertex 17.9631 -15.4693 13
      vertex 17.9631 -15.4693 5
    endloop
  endfacet
  facet normal -0.619452 -0.785035 0
    outer loop
      vertex 13.0517 -17.2812 5
      vertex 13.2366 -17.4271 13
      vertex 13.0517 -17.2812 13
    endloop
  endfacet
  facet normal -0.619452 -0.785035 -0
    outer loop
      vertex 13.2366 -17.4271 13
      vertex 13.0517 -17.2812 5
      vertex 13.2366 -17.4271 5
    endloop
  endfacet
  facet normal -0.418466 -0.908232 0
    outer loop
      vertex 13.638 -17.673 5
      vertex 13.852 -17.7716 13
      vertex 13.638 -17.673 13
    endloop
  endfacet
  facet normal -0.418466 -0.908232 -0
    outer loop
      vertex 13.852 -17.7716 13
      vertex 13.638 -17.673 5
      vertex 13.852 -17.7716 5
    endloop
  endfacet
  facet normal -0.271188 -0.962526 0
    outer loop
      vertex 14.0729 -17.8532 5
      vertex 14.2997 -17.9171 13
      vertex 14.0729 -17.8532 13
    endloop
  endfacet
  facet normal -0.271188 -0.962526 -0
    outer loop
      vertex 14.2997 -17.9171 13
      vertex 14.0729 -17.8532 5
      vertex 14.2997 -17.9171 5
    endloop
  endfacet
  facet normal -0.117605 -0.99306 0
    outer loop
      vertex 14.5307 -17.9631 5
      vertex 14.7646 -17.9908 13
      vertex 14.5307 -17.9631 13
    endloop
  endfacet
  facet normal -0.117605 -0.99306 -0
    outer loop
      vertex 14.7646 -17.9908 13
      vertex 14.5307 -17.9631 5
      vertex 14.7646 -17.9908 5
    endloop
  endfacet
  facet normal -0.831658 -0.555288 0
    outer loop
      vertex 12.5729 -16.7634 5
      vertex 12.4421 -16.5675 13
      vertex 12.4421 -16.5675 5
    endloop
  endfacet
  facet normal -0.831658 -0.555288 0
    outer loop
      vertex 12.4421 -16.5675 13
      vertex 12.5729 -16.7634 5
      vertex 12.5729 -16.7634 13
    endloop
  endfacet
  facet normal -0.734364 -0.678756 0
    outer loop
      vertex 12.8787 -17.1213 5
      vertex 12.7188 -16.9483 13
      vertex 12.7188 -16.9483 5
    endloop
  endfacet
  facet normal -0.734364 -0.678756 0
    outer loop
      vertex 12.7188 -16.9483 13
      vertex 12.8787 -17.1213 5
      vertex 12.8787 -17.1213 13
    endloop
  endfacet
  facet normal -0.87247 -0.488668 0
    outer loop
      vertex 12.4421 -16.5675 5
      vertex 12.327 -16.362 13
      vertex 12.327 -16.362 5
    endloop
  endfacet
  facet normal -0.87247 -0.488668 0
    outer loop
      vertex 12.327 -16.362 13
      vertex 12.4421 -16.5675 5
      vertex 12.4421 -16.5675 13
    endloop
  endfacet
  facet normal -0.938046 -0.346512 0
    outer loop
      vertex 12.2284 -16.148 5
      vertex 12.1468 -15.9271 13
      vertex 12.1468 -15.9271 5
    endloop
  endfacet
  facet normal -0.938046 -0.346512 0
    outer loop
      vertex 12.1468 -15.9271 13
      vertex 12.2284 -16.148 5
      vertex 12.2284 -16.148 13
    endloop
  endfacet
  facet normal -0.980744 -0.1953 0
    outer loop
      vertex 12.0829 -15.7003 5
      vertex 12.0369 -15.4693 13
      vertex 12.0369 -15.4693 5
    endloop
  endfacet
  facet normal -0.980744 -0.1953 0
    outer loop
      vertex 12.0369 -15.4693 13
      vertex 12.0829 -15.7003 5
      vertex 12.0829 -15.7003 13
    endloop
  endfacet
  facet normal -0.999237 -0.0390526 0
    outer loop
      vertex 12.0092 -15.2354 5
      vertex 12 -15 13
      vertex 12 -15 5
    endloop
  endfacet
  facet normal -0.999237 -0.0390526 0
    outer loop
      vertex 12 -15 13
      vertex 12.0092 -15.2354 5
      vertex 12.0092 -15.2354 13
    endloop
  endfacet
  facet normal -0.831658 0.555288 0
    outer loop
      vertex 12.4421 -13.4325 5
      vertex 12.5729 -13.2366 13
      vertex 12.5729 -13.2366 5
    endloop
  endfacet
  facet normal -0.831658 0.555288 0
    outer loop
      vertex 12.5729 -13.2366 13
      vertex 12.4421 -13.4325 5
      vertex 12.4421 -13.4325 13
    endloop
  endfacet
  facet normal -0.785035 0.619452 0
    outer loop
      vertex 12.5729 -13.2366 5
      vertex 12.7188 -13.0517 13
      vertex 12.7188 -13.0517 5
    endloop
  endfacet
  facet normal -0.785035 0.619452 0
    outer loop
      vertex 12.7188 -13.0517 13
      vertex 12.5729 -13.2366 5
      vertex 12.5729 -13.2366 13
    endloop
  endfacet
  facet normal 0.117605 -0.99306 0
    outer loop
      vertex 15.2354 -17.9908 5
      vertex 15.4693 -17.9631 13
      vertex 15.2354 -17.9908 13
    endloop
  endfacet
  facet normal 0.117605 -0.99306 0
    outer loop
      vertex 15.4693 -17.9631 13
      vertex 15.2354 -17.9908 5
      vertex 15.4693 -17.9631 5
    endloop
  endfacet
  facet normal 0.619452 -0.785035 0
    outer loop
      vertex 16.7634 -17.4271 5
      vertex 16.9483 -17.2812 13
      vertex 16.7634 -17.4271 13
    endloop
  endfacet
  facet normal 0.619452 -0.785035 0
    outer loop
      vertex 16.9483 -17.2812 13
      vertex 16.7634 -17.4271 5
      vertex 16.9483 -17.2812 5
    endloop
  endfacet
  facet normal 0.831658 -0.555288 0
    outer loop
      vertex 17.4271 -16.7634 13
      vertex 17.5579 -16.5675 5
      vertex 17.5579 -16.5675 13
    endloop
  endfacet
  facet normal 0.831658 -0.555288 0
    outer loop
      vertex 17.5579 -16.5675 5
      vertex 17.4271 -16.7634 13
      vertex 17.4271 -16.7634 5
    endloop
  endfacet
  facet normal 0.938046 -0.346512 0
    outer loop
      vertex 17.7716 -16.148 13
      vertex 17.8532 -15.9271 5
      vertex 17.8532 -15.9271 13
    endloop
  endfacet
  facet normal 0.938046 -0.346512 0
    outer loop
      vertex 17.8532 -15.9271 5
      vertex 17.7716 -16.148 13
      vertex 17.7716 -16.148 5
    endloop
  endfacet
  facet normal 0.999237 -0.0390526 0
    outer loop
      vertex 17.9908 -15.2354 13
      vertex 18 -15 5
      vertex 18 -15 13
    endloop
  endfacet
  facet normal 0.999237 -0.0390526 0
    outer loop
      vertex 18 -15 5
      vertex 17.9908 -15.2354 13
      vertex 17.9908 -15.2354 5
    endloop
  endfacet
  facet normal -0.0390526 -0.999237 0
    outer loop
      vertex 14.7646 -17.9908 5
      vertex 15 -18 13
      vertex 14.7646 -17.9908 13
    endloop
  endfacet
  facet normal -0.0390526 -0.999237 -0
    outer loop
      vertex 15 -18 13
      vertex 14.7646 -17.9908 5
      vertex 15 -18 5
    endloop
  endfacet
  facet normal -0.785035 -0.619452 0
    outer loop
      vertex 12.7188 -16.9483 5
      vertex 12.5729 -16.7634 13
      vertex 12.5729 -16.7634 5
    endloop
  endfacet
  facet normal -0.785035 -0.619452 0
    outer loop
      vertex 12.5729 -16.7634 13
      vertex 12.7188 -16.9483 5
      vertex 12.7188 -16.9483 13
    endloop
  endfacet
  facet normal -0.99306 -0.117605 0
    outer loop
      vertex 12.0369 -15.4693 5
      vertex 12.0092 -15.2354 13
      vertex 12.0092 -15.2354 5
    endloop
  endfacet
  facet normal -0.99306 -0.117605 0
    outer loop
      vertex 12.0092 -15.2354 13
      vertex 12.0369 -15.4693 5
      vertex 12.0369 -15.4693 13
    endloop
  endfacet
  facet normal -0.999232 -0.0391856 0
    outer loop
      vertex 16.3 -15 5
      vertex 16.296 -14.898 13
      vertex 16.296 -14.898 5
    endloop
  endfacet
  facet normal -0.999232 -0.0391856 0
    outer loop
      vertex 16.296 -14.898 13
      vertex 16.3 -15 5
      vertex 16.3 -15 13
    endloop
  endfacet
  facet normal 0.999232 -0.0391856 0
    outer loop
      vertex 13.7 -15 13
      vertex 13.704 -14.898 5
      vertex 13.704 -14.898 13
    endloop
  endfacet
  facet normal 0.999232 -0.0391856 0
    outer loop
      vertex 13.704 -14.898 5
      vertex 13.7 -15 13
      vertex 13.7 -15 5
    endloop
  endfacet
  facet normal 0.0391856 -0.999232 0
    outer loop
      vertex 14.898 -13.704 5
      vertex 15 -13.7 13
      vertex 14.898 -13.704 13
    endloop
  endfacet
  facet normal 0.0391856 -0.999232 0
    outer loop
      vertex 15 -13.7 13
      vertex 14.898 -13.704 5
      vertex 15 -13.7 5
    endloop
  endfacet
  facet normal -0.0391856 0.999232 0
    outer loop
      vertex 15.102 -16.296 5
      vertex 15 -16.3 13
      vertex 15.102 -16.296 13
    endloop
  endfacet
  facet normal -0.0391856 0.999232 0
    outer loop
      vertex 15 -16.3 13
      vertex 15.102 -16.296 5
      vertex 15 -16.3 5
    endloop
  endfacet
  facet normal -0.679134 -0.734014 0
    outer loop
      vertex 15.8443 -14.0115 5
      vertex 15.9192 -14.0808 13
      vertex 15.8443 -14.0115 13
    endloop
  endfacet
  facet normal -0.679134 -0.734014 -0
    outer loop
      vertex 15.9192 -14.0808 13
      vertex 15.8443 -14.0115 5
      vertex 15.9192 -14.0808 5
    endloop
  endfacet
  facet normal 0.734014 -0.679134 0
    outer loop
      vertex 14.0115 -14.1557 13
      vertex 14.0808 -14.0808 5
      vertex 14.0808 -14.0808 13
    endloop
  endfacet
  facet normal 0.734014 -0.679134 0
    outer loop
      vertex 14.0808 -14.0808 5
      vertex 14.0115 -14.1557 13
      vertex 14.0115 -14.1557 5
    endloop
  endfacet
  facet normal 0.418375 -0.908275 0
    outer loop
      vertex 14.4098 -13.8417 5
      vertex 14.5025 -13.799 13
      vertex 14.4098 -13.8417 13
    endloop
  endfacet
  facet normal 0.418375 -0.908275 0
    outer loop
      vertex 14.5025 -13.799 13
      vertex 14.4098 -13.8417 5
      vertex 14.5025 -13.799 5
    endloop
  endfacet
  facet normal -0.908275 -0.418375 0
    outer loop
      vertex 16.201 -14.5025 5
      vertex 16.1583 -14.4098 13
      vertex 16.1583 -14.4098 5
    endloop
  endfacet
  facet normal -0.908275 -0.418375 0
    outer loop
      vertex 16.1583 -14.4098 13
      vertex 16.201 -14.5025 5
      vertex 16.201 -14.5025 13
    endloop
  endfacet
  facet normal -0.346613 -0.938008 0
    outer loop
      vertex 15.4017 -13.7636 5
      vertex 15.4975 -13.799 13
      vertex 15.4017 -13.7636 13
    endloop
  endfacet
  facet normal -0.346613 -0.938008 -0
    outer loop
      vertex 15.4975 -13.799 13
      vertex 15.4017 -13.7636 5
      vertex 15.4975 -13.799 5
    endloop
  endfacet
  facet normal -0.555378 -0.831598 0
    outer loop
      vertex 15.6792 -13.8916 5
      vertex 15.7641 -13.9483 13
      vertex 15.6792 -13.8916 13
    endloop
  endfacet
  facet normal -0.555378 -0.831598 -0
    outer loop
      vertex 15.7641 -13.9483 13
      vertex 15.6792 -13.8916 5
      vertex 15.7641 -13.9483 5
    endloop
  endfacet
  facet normal 0.908275 -0.418375 0
    outer loop
      vertex 13.799 -14.5025 13
      vertex 13.8417 -14.4098 5
      vertex 13.8417 -14.4098 13
    endloop
  endfacet
  facet normal 0.908275 -0.418375 0
    outer loop
      vertex 13.8417 -14.4098 5
      vertex 13.799 -14.5025 13
      vertex 13.799 -14.5025 5
    endloop
  endfacet
  facet normal 0.271483 -0.962443 0
    outer loop
      vertex 14.5983 -13.7636 5
      vertex 14.6965 -13.7359 13
      vertex 14.5983 -13.7636 13
    endloop
  endfacet
  facet normal 0.271483 -0.962443 0
    outer loop
      vertex 14.6965 -13.7359 13
      vertex 14.5983 -13.7636 5
      vertex 14.6965 -13.7359 5
    endloop
  endfacet
  facet normal -0.962443 0.271483 0
    outer loop
      vertex 16.2364 -15.4017 5
      vertex 16.2641 -15.3035 13
      vertex 16.2641 -15.3035 5
    endloop
  endfacet
  facet normal -0.962443 0.271483 0
    outer loop
      vertex 16.2641 -15.3035 13
      vertex 16.2364 -15.4017 5
      vertex 16.2364 -15.4017 13
    endloop
  endfacet
  facet normal -0.962443 -0.271483 0
    outer loop
      vertex 16.2641 -14.6965 5
      vertex 16.2364 -14.5983 13
      vertex 16.2364 -14.5983 5
    endloop
  endfacet
  facet normal -0.962443 -0.271483 0
    outer loop
      vertex 16.2364 -14.5983 13
      vertex 16.2641 -14.6965 5
      vertex 16.2641 -14.6965 13
    endloop
  endfacet
  facet normal -0.99307 -0.117523 0
    outer loop
      vertex 16.296 -14.898 5
      vertex 16.284 -14.7966 13
      vertex 16.284 -14.7966 5
    endloop
  endfacet
  facet normal -0.99307 -0.117523 0
    outer loop
      vertex 16.284 -14.7966 13
      vertex 16.296 -14.898 5
      vertex 16.296 -14.898 13
    endloop
  endfacet
  facet normal -0.938008 -0.346613 0
    outer loop
      vertex 16.2364 -14.5983 5
      vertex 16.201 -14.5025 13
      vertex 16.201 -14.5025 5
    endloop
  endfacet
  facet normal -0.938008 -0.346613 0
    outer loop
      vertex 16.201 -14.5025 13
      vertex 16.2364 -14.5983 5
      vertex 16.2364 -14.5983 13
    endloop
  endfacet
  facet normal -0.785434 -0.618945 0
    outer loop
      vertex 16.0517 -14.2359 5
      vertex 15.9885 -14.1557 13
      vertex 15.9885 -14.1557 5
    endloop
  endfacet
  facet normal -0.785434 -0.618945 0
    outer loop
      vertex 15.9885 -14.1557 13
      vertex 16.0517 -14.2359 5
      vertex 16.0517 -14.2359 13
    endloop
  endfacet
  facet normal -0.734014 -0.679134 0
    outer loop
      vertex 15.9885 -14.1557 5
      vertex 15.9192 -14.0808 13
      vertex 15.9192 -14.0808 5
    endloop
  endfacet
  facet normal -0.734014 -0.679134 0
    outer loop
      vertex 15.9192 -14.0808 13
      vertex 15.9885 -14.1557 5
      vertex 15.9885 -14.1557 13
    endloop
  endfacet
  facet normal -0.872255 -0.489051 0
    outer loop
      vertex 16.1583 -14.4098 5
      vertex 16.1084 -14.3208 13
      vertex 16.1084 -14.3208 5
    endloop
  endfacet
  facet normal -0.872255 -0.489051 0
    outer loop
      vertex 16.1084 -14.3208 13
      vertex 16.1583 -14.4098 5
      vertex 16.1583 -14.4098 13
    endloop
  endfacet
  facet normal -0.194985 -0.980806 0
    outer loop
      vertex 15.2034 -13.716 5
      vertex 15.3035 -13.7359 13
      vertex 15.2034 -13.716 13
    endloop
  endfacet
  facet normal -0.194985 -0.980806 -0
    outer loop
      vertex 15.3035 -13.7359 13
      vertex 15.2034 -13.716 5
      vertex 15.3035 -13.7359 5
    endloop
  endfacet
  facet normal -0.271483 -0.962443 0
    outer loop
      vertex 15.3035 -13.7359 5
      vertex 15.4017 -13.7636 13
      vertex 15.3035 -13.7359 13
    endloop
  endfacet
  facet normal -0.271483 -0.962443 -0
    outer loop
      vertex 15.4017 -13.7636 13
      vertex 15.3035 -13.7359 5
      vertex 15.4017 -13.7636 5
    endloop
  endfacet
  facet normal -0.618945 -0.785434 0
    outer loop
      vertex 15.7641 -13.9483 5
      vertex 15.8443 -14.0115 13
      vertex 15.7641 -13.9483 13
    endloop
  endfacet
  facet normal -0.618945 -0.785434 -0
    outer loop
      vertex 15.8443 -14.0115 13
      vertex 15.7641 -13.9483 5
      vertex 15.8443 -14.0115 5
    endloop
  endfacet
  facet normal 0.980806 -0.194985 0
    outer loop
      vertex 13.716 -14.7966 13
      vertex 13.7359 -14.6965 5
      vertex 13.7359 -14.6965 13
    endloop
  endfacet
  facet normal 0.980806 -0.194985 0
    outer loop
      vertex 13.7359 -14.6965 5
      vertex 13.716 -14.7966 13
      vertex 13.716 -14.7966 5
    endloop
  endfacet
  facet normal 0.831598 -0.555378 0
    outer loop
      vertex 13.8916 -14.3208 13
      vertex 13.9483 -14.2359 5
      vertex 13.9483 -14.2359 13
    endloop
  endfacet
  facet normal 0.831598 -0.555378 0
    outer loop
      vertex 13.9483 -14.2359 5
      vertex 13.8916 -14.3208 13
      vertex 13.8916 -14.3208 5
    endloop
  endfacet
  facet normal 0.785434 -0.618945 0
    outer loop
      vertex 13.9483 -14.2359 13
      vertex 14.0115 -14.1557 5
      vertex 14.0115 -14.1557 13
    endloop
  endfacet
  facet normal 0.785434 -0.618945 0
    outer loop
      vertex 14.0115 -14.1557 5
      vertex 13.9483 -14.2359 13
      vertex 13.9483 -14.2359 5
    endloop
  endfacet
  facet normal 0.872255 -0.489051 0
    outer loop
      vertex 13.8417 -14.4098 13
      vertex 13.8916 -14.3208 5
      vertex 13.8916 -14.3208 13
    endloop
  endfacet
  facet normal 0.872255 -0.489051 0
    outer loop
      vertex 13.8916 -14.3208 5
      vertex 13.8417 -14.4098 13
      vertex 13.8417 -14.4098 5
    endloop
  endfacet
  facet normal 0.938008 -0.346613 0
    outer loop
      vertex 13.7636 -14.5983 13
      vertex 13.799 -14.5025 5
      vertex 13.799 -14.5025 13
    endloop
  endfacet
  facet normal 0.938008 -0.346613 0
    outer loop
      vertex 13.799 -14.5025 5
      vertex 13.7636 -14.5983 13
      vertex 13.7636 -14.5983 5
    endloop
  endfacet
  facet normal 0.99307 -0.117523 0
    outer loop
      vertex 13.704 -14.898 13
      vertex 13.716 -14.7966 5
      vertex 13.716 -14.7966 13
    endloop
  endfacet
  facet normal 0.99307 -0.117523 0
    outer loop
      vertex 13.716 -14.7966 5
      vertex 13.704 -14.898 13
      vertex 13.704 -14.898 5
    endloop
  endfacet
  facet normal 0.618945 -0.785434 0
    outer loop
      vertex 14.1557 -14.0115 5
      vertex 14.2359 -13.9483 13
      vertex 14.1557 -14.0115 13
    endloop
  endfacet
  facet normal 0.618945 -0.785434 0
    outer loop
      vertex 14.2359 -13.9483 13
      vertex 14.1557 -14.0115 5
      vertex 14.2359 -13.9483 5
    endloop
  endfacet
  facet normal 0.489051 -0.872255 0
    outer loop
      vertex 14.3208 -13.8916 5
      vertex 14.4098 -13.8417 13
      vertex 14.3208 -13.8916 13
    endloop
  endfacet
  facet normal 0.489051 -0.872255 0
    outer loop
      vertex 14.4098 -13.8417 13
      vertex 14.3208 -13.8916 5
      vertex 14.4098 -13.8417 5
    endloop
  endfacet
  facet normal 0.679134 -0.734014 0
    outer loop
      vertex 14.0808 -14.0808 5
      vertex 14.1557 -14.0115 13
      vertex 14.0808 -14.0808 13
    endloop
  endfacet
  facet normal 0.679134 -0.734014 0
    outer loop
      vertex 14.1557 -14.0115 13
      vertex 14.0808 -14.0808 5
      vertex 14.1557 -14.0115 5
    endloop
  endfacet
  facet normal 0.346613 -0.938008 0
    outer loop
      vertex 14.5025 -13.799 5
      vertex 14.5983 -13.7636 13
      vertex 14.5025 -13.799 13
    endloop
  endfacet
  facet normal 0.346613 -0.938008 0
    outer loop
      vertex 14.5983 -13.7636 13
      vertex 14.5025 -13.799 5
      vertex 14.5983 -13.7636 5
    endloop
  endfacet
  facet normal 0.117523 -0.99307 0
    outer loop
      vertex 14.7966 -13.716 5
      vertex 14.898 -13.704 13
      vertex 14.7966 -13.716 13
    endloop
  endfacet
  facet normal 0.117523 -0.99307 0
    outer loop
      vertex 14.898 -13.704 13
      vertex 14.7966 -13.716 5
      vertex 14.898 -13.704 5
    endloop
  endfacet
  facet normal -0.99307 0.117523 0
    outer loop
      vertex 16.284 -15.2034 5
      vertex 16.296 -15.102 13
      vertex 16.296 -15.102 5
    endloop
  endfacet
  facet normal -0.99307 0.117523 0
    outer loop
      vertex 16.296 -15.102 13
      vertex 16.284 -15.2034 5
      vertex 16.284 -15.2034 13
    endloop
  endfacet
  facet normal -0.489051 0.872255 0
    outer loop
      vertex 15.6792 -16.1084 5
      vertex 15.5902 -16.1583 13
      vertex 15.6792 -16.1084 13
    endloop
  endfacet
  facet normal -0.489051 0.872255 0
    outer loop
      vertex 15.5902 -16.1583 13
      vertex 15.6792 -16.1084 5
      vertex 15.5902 -16.1583 5
    endloop
  endfacet
  facet normal 0.908275 0.418375 0
    outer loop
      vertex 13.8417 -15.5902 13
      vertex 13.799 -15.4975 5
      vertex 13.799 -15.4975 13
    endloop
  endfacet
  facet normal 0.908275 0.418375 0
    outer loop
      vertex 13.799 -15.4975 5
      vertex 13.8417 -15.5902 13
      vertex 13.8417 -15.5902 5
    endloop
  endfacet
  facet normal -0.117523 0.99307 0
    outer loop
      vertex 15.2034 -16.284 5
      vertex 15.102 -16.296 13
      vertex 15.2034 -16.284 13
    endloop
  endfacet
  facet normal -0.117523 0.99307 0
    outer loop
      vertex 15.102 -16.296 13
      vertex 15.2034 -16.284 5
      vertex 15.102 -16.296 5
    endloop
  endfacet
  facet normal -0.980806 -0.194985 0
    outer loop
      vertex 16.284 -14.7966 5
      vertex 16.2641 -14.6965 13
      vertex 16.2641 -14.6965 5
    endloop
  endfacet
  facet normal -0.980806 -0.194985 0
    outer loop
      vertex 16.2641 -14.6965 13
      vertex 16.284 -14.7966 5
      vertex 16.284 -14.7966 13
    endloop
  endfacet
  facet normal -0.831598 -0.555378 0
    outer loop
      vertex 16.1084 -14.3208 5
      vertex 16.0517 -14.2359 13
      vertex 16.0517 -14.2359 5
    endloop
  endfacet
  facet normal -0.831598 -0.555378 0
    outer loop
      vertex 16.0517 -14.2359 13
      vertex 16.1084 -14.3208 5
      vertex 16.1084 -14.3208 13
    endloop
  endfacet
  facet normal -0.117523 -0.99307 0
    outer loop
      vertex 15.102 -13.704 5
      vertex 15.2034 -13.716 13
      vertex 15.102 -13.704 13
    endloop
  endfacet
  facet normal -0.117523 -0.99307 -0
    outer loop
      vertex 15.2034 -13.716 13
      vertex 15.102 -13.704 5
      vertex 15.2034 -13.716 5
    endloop
  endfacet
  facet normal -0.0391856 -0.999232 0
    outer loop
      vertex 15 -13.7 5
      vertex 15.102 -13.704 13
      vertex 15 -13.7 13
    endloop
  endfacet
  facet normal -0.0391856 -0.999232 -0
    outer loop
      vertex 15.102 -13.704 13
      vertex 15 -13.7 5
      vertex 15.102 -13.704 5
    endloop
  endfacet
  facet normal -0.489051 -0.872255 0
    outer loop
      vertex 15.5902 -13.8417 5
      vertex 15.6792 -13.8916 13
      vertex 15.5902 -13.8417 13
    endloop
  endfacet
  facet normal -0.489051 -0.872255 -0
    outer loop
      vertex 15.6792 -13.8916 13
      vertex 15.5902 -13.8417 5
      vertex 15.6792 -13.8916 5
    endloop
  endfacet
  facet normal -0.418375 -0.908275 0
    outer loop
      vertex 15.4975 -13.799 5
      vertex 15.5902 -13.8417 13
      vertex 15.4975 -13.799 13
    endloop
  endfacet
  facet normal -0.418375 -0.908275 -0
    outer loop
      vertex 15.5902 -13.8417 13
      vertex 15.4975 -13.799 5
      vertex 15.5902 -13.8417 5
    endloop
  endfacet
  facet normal 0.962443 -0.271483 0
    outer loop
      vertex 13.7359 -14.6965 13
      vertex 13.7636 -14.5983 5
      vertex 13.7636 -14.5983 13
    endloop
  endfacet
  facet normal 0.962443 -0.271483 0
    outer loop
      vertex 13.7636 -14.5983 5
      vertex 13.7359 -14.6965 13
      vertex 13.7359 -14.6965 5
    endloop
  endfacet
  facet normal 0.194985 -0.980806 0
    outer loop
      vertex 14.6965 -13.7359 5
      vertex 14.7966 -13.716 13
      vertex 14.6965 -13.7359 13
    endloop
  endfacet
  facet normal 0.194985 -0.980806 0
    outer loop
      vertex 14.7966 -13.716 13
      vertex 14.6965 -13.7359 5
      vertex 14.7966 -13.716 5
    endloop
  endfacet
  facet normal -0.999232 0.0391856 0
    outer loop
      vertex 16.296 -15.102 5
      vertex 16.3 -15 13
      vertex 16.3 -15 5
    endloop
  endfacet
  facet normal -0.999232 0.0391856 0
    outer loop
      vertex 16.3 -15 13
      vertex 16.296 -15.102 5
      vertex 16.296 -15.102 13
    endloop
  endfacet
  facet normal -0.872255 0.489051 0
    outer loop
      vertex 16.1084 -15.6792 5
      vertex 16.1583 -15.5902 13
      vertex 16.1583 -15.5902 5
    endloop
  endfacet
  facet normal -0.872255 0.489051 0
    outer loop
      vertex 16.1583 -15.5902 13
      vertex 16.1084 -15.6792 5
      vertex 16.1084 -15.6792 13
    endloop
  endfacet
  facet normal -0.938008 0.346613 0
    outer loop
      vertex 16.201 -15.4975 5
      vertex 16.2364 -15.4017 13
      vertex 16.2364 -15.4017 5
    endloop
  endfacet
  facet normal -0.938008 0.346613 0
    outer loop
      vertex 16.2364 -15.4017 13
      vertex 16.201 -15.4975 5
      vertex 16.201 -15.4975 13
    endloop
  endfacet
  facet normal -0.980806 0.194985 0
    outer loop
      vertex 16.2641 -15.3035 5
      vertex 16.284 -15.2034 13
      vertex 16.284 -15.2034 5
    endloop
  endfacet
  facet normal -0.980806 0.194985 0
    outer loop
      vertex 16.284 -15.2034 13
      vertex 16.2641 -15.3035 5
      vertex 16.2641 -15.3035 13
    endloop
  endfacet
  facet normal -0.618945 0.785434 0
    outer loop
      vertex 15.8443 -15.9885 5
      vertex 15.7641 -16.0517 13
      vertex 15.8443 -15.9885 13
    endloop
  endfacet
  facet normal -0.618945 0.785434 0
    outer loop
      vertex 15.7641 -16.0517 13
      vertex 15.8443 -15.9885 5
      vertex 15.7641 -16.0517 5
    endloop
  endfacet
  facet normal -0.785434 0.618945 0
    outer loop
      vertex 15.9885 -15.8443 5
      vertex 16.0517 -15.7641 13
      vertex 16.0517 -15.7641 5
    endloop
  endfacet
  facet normal -0.785434 0.618945 0
    outer loop
      vertex 16.0517 -15.7641 13
      vertex 15.9885 -15.8443 5
      vertex 15.9885 -15.8443 13
    endloop
  endfacet
  facet normal 0.938008 0.346613 0
    outer loop
      vertex 13.799 -15.4975 13
      vertex 13.7636 -15.4017 5
      vertex 13.7636 -15.4017 13
    endloop
  endfacet
  facet normal 0.938008 0.346613 0
    outer loop
      vertex 13.7636 -15.4017 5
      vertex 13.799 -15.4975 13
      vertex 13.799 -15.4975 5
    endloop
  endfacet
  facet normal 0.999232 0.0391856 0
    outer loop
      vertex 13.704 -15.102 13
      vertex 13.7 -15 5
      vertex 13.7 -15 13
    endloop
  endfacet
  facet normal 0.999232 0.0391856 0
    outer loop
      vertex 13.7 -15 5
      vertex 13.704 -15.102 13
      vertex 13.704 -15.102 5
    endloop
  endfacet
  facet normal -0.418375 0.908275 0
    outer loop
      vertex 15.5902 -16.1583 5
      vertex 15.4975 -16.201 13
      vertex 15.5902 -16.1583 13
    endloop
  endfacet
  facet normal -0.418375 0.908275 0
    outer loop
      vertex 15.4975 -16.201 13
      vertex 15.5902 -16.1583 5
      vertex 15.4975 -16.201 5
    endloop
  endfacet
  facet normal -0.346613 0.938008 0
    outer loop
      vertex 15.4975 -16.201 5
      vertex 15.4017 -16.2364 13
      vertex 15.4975 -16.201 13
    endloop
  endfacet
  facet normal -0.346613 0.938008 0
    outer loop
      vertex 15.4017 -16.2364 13
      vertex 15.4975 -16.201 5
      vertex 15.4017 -16.2364 5
    endloop
  endfacet
  facet normal -0.194985 0.980806 0
    outer loop
      vertex 15.3035 -16.2641 5
      vertex 15.2034 -16.284 13
      vertex 15.3035 -16.2641 13
    endloop
  endfacet
  facet normal -0.194985 0.980806 0
    outer loop
      vertex 15.2034 -16.284 13
      vertex 15.3035 -16.2641 5
      vertex 15.2034 -16.284 5
    endloop
  endfacet
  facet normal 0.555378 -0.831598 0
    outer loop
      vertex 14.2359 -13.9483 5
      vertex 14.3208 -13.8916 13
      vertex 14.2359 -13.9483 13
    endloop
  endfacet
  facet normal 0.555378 -0.831598 0
    outer loop
      vertex 14.3208 -13.8916 13
      vertex 14.2359 -13.9483 5
      vertex 14.3208 -13.8916 5
    endloop
  endfacet
  facet normal -0.679134 0.734014 0
    outer loop
      vertex 15.9192 -15.9192 5
      vertex 15.8443 -15.9885 13
      vertex 15.9192 -15.9192 13
    endloop
  endfacet
  facet normal -0.679134 0.734014 0
    outer loop
      vertex 15.8443 -15.9885 13
      vertex 15.9192 -15.9192 5
      vertex 15.8443 -15.9885 5
    endloop
  endfacet
  facet normal -0.734014 0.679134 0
    outer loop
      vertex 15.9192 -15.9192 5
      vertex 15.9885 -15.8443 13
      vertex 15.9885 -15.8443 5
    endloop
  endfacet
  facet normal -0.734014 0.679134 0
    outer loop
      vertex 15.9885 -15.8443 13
      vertex 15.9192 -15.9192 5
      vertex 15.9192 -15.9192 13
    endloop
  endfacet
  facet normal -0.555378 0.831598 0
    outer loop
      vertex 15.7641 -16.0517 5
      vertex 15.6792 -16.1084 13
      vertex 15.7641 -16.0517 13
    endloop
  endfacet
  facet normal -0.555378 0.831598 0
    outer loop
      vertex 15.6792 -16.1084 13
      vertex 15.7641 -16.0517 5
      vertex 15.6792 -16.1084 5
    endloop
  endfacet
  facet normal -0.831598 0.555378 0
    outer loop
      vertex 16.0517 -15.7641 5
      vertex 16.1084 -15.6792 13
      vertex 16.1084 -15.6792 5
    endloop
  endfacet
  facet normal -0.831598 0.555378 0
    outer loop
      vertex 16.1084 -15.6792 13
      vertex 16.0517 -15.7641 5
      vertex 16.0517 -15.7641 13
    endloop
  endfacet
  facet normal 0.489051 0.872255 -0
    outer loop
      vertex 14.4098 -16.1583 5
      vertex 14.3208 -16.1084 13
      vertex 14.4098 -16.1583 13
    endloop
  endfacet
  facet normal 0.489051 0.872255 0
    outer loop
      vertex 14.3208 -16.1084 13
      vertex 14.4098 -16.1583 5
      vertex 14.3208 -16.1084 5
    endloop
  endfacet
  facet normal 0.194985 0.980806 -0
    outer loop
      vertex 14.7966 -16.284 5
      vertex 14.6965 -16.2641 13
      vertex 14.7966 -16.284 13
    endloop
  endfacet
  facet normal 0.194985 0.980806 0
    outer loop
      vertex 14.6965 -16.2641 13
      vertex 14.7966 -16.284 5
      vertex 14.6965 -16.2641 5
    endloop
  endfacet
  facet normal 0.831598 0.555378 0
    outer loop
      vertex 13.9483 -15.7641 13
      vertex 13.8916 -15.6792 5
      vertex 13.8916 -15.6792 13
    endloop
  endfacet
  facet normal 0.831598 0.555378 0
    outer loop
      vertex 13.8916 -15.6792 5
      vertex 13.9483 -15.7641 13
      vertex 13.9483 -15.7641 5
    endloop
  endfacet
  facet normal 0.785434 0.618945 0
    outer loop
      vertex 14.0115 -15.8443 13
      vertex 13.9483 -15.7641 5
      vertex 13.9483 -15.7641 13
    endloop
  endfacet
  facet normal 0.785434 0.618945 0
    outer loop
      vertex 13.9483 -15.7641 5
      vertex 14.0115 -15.8443 13
      vertex 14.0115 -15.8443 5
    endloop
  endfacet
  facet normal 0.99307 0.117523 0
    outer loop
      vertex 13.716 -15.2034 13
      vertex 13.704 -15.102 5
      vertex 13.704 -15.102 13
    endloop
  endfacet
  facet normal 0.99307 0.117523 0
    outer loop
      vertex 13.704 -15.102 5
      vertex 13.716 -15.2034 13
      vertex 13.716 -15.2034 5
    endloop
  endfacet
  facet normal -0.271483 0.962443 0
    outer loop
      vertex 15.4017 -16.2364 5
      vertex 15.3035 -16.2641 13
      vertex 15.4017 -16.2364 13
    endloop
  endfacet
  facet normal -0.271483 0.962443 0
    outer loop
      vertex 15.3035 -16.2641 13
      vertex 15.4017 -16.2364 5
      vertex 15.3035 -16.2641 5
    endloop
  endfacet
  facet normal -0.908275 0.418375 0
    outer loop
      vertex 16.1583 -15.5902 5
      vertex 16.201 -15.4975 13
      vertex 16.201 -15.4975 5
    endloop
  endfacet
  facet normal -0.908275 0.418375 0
    outer loop
      vertex 16.201 -15.4975 13
      vertex 16.1583 -15.5902 5
      vertex 16.1583 -15.5902 13
    endloop
  endfacet
  facet normal 0.0391856 0.999232 -0
    outer loop
      vertex 15 -16.3 5
      vertex 14.898 -16.296 13
      vertex 15 -16.3 13
    endloop
  endfacet
  facet normal 0.0391856 0.999232 0
    outer loop
      vertex 14.898 -16.296 13
      vertex 15 -16.3 5
      vertex 14.898 -16.296 5
    endloop
  endfacet
  facet normal 0.271483 0.962443 -0
    outer loop
      vertex 14.6965 -16.2641 5
      vertex 14.5983 -16.2364 13
      vertex 14.6965 -16.2641 13
    endloop
  endfacet
  facet normal 0.271483 0.962443 0
    outer loop
      vertex 14.5983 -16.2364 13
      vertex 14.6965 -16.2641 5
      vertex 14.5983 -16.2364 5
    endloop
  endfacet
  facet normal 0.117523 0.99307 -0
    outer loop
      vertex 14.898 -16.296 5
      vertex 14.7966 -16.284 13
      vertex 14.898 -16.296 13
    endloop
  endfacet
  facet normal 0.117523 0.99307 0
    outer loop
      vertex 14.7966 -16.284 13
      vertex 14.898 -16.296 5
      vertex 14.7966 -16.284 5
    endloop
  endfacet
  facet normal 0.734014 0.679134 0
    outer loop
      vertex 14.0808 -15.9192 13
      vertex 14.0115 -15.8443 5
      vertex 14.0115 -15.8443 13
    endloop
  endfacet
  facet normal 0.734014 0.679134 0
    outer loop
      vertex 14.0115 -15.8443 5
      vertex 14.0808 -15.9192 13
      vertex 14.0808 -15.9192 5
    endloop
  endfacet
  facet normal 0.679134 0.734014 -0
    outer loop
      vertex 14.1557 -15.9885 5
      vertex 14.0808 -15.9192 13
      vertex 14.1557 -15.9885 13
    endloop
  endfacet
  facet normal 0.679134 0.734014 0
    outer loop
      vertex 14.0808 -15.9192 13
      vertex 14.1557 -15.9885 5
      vertex 14.0808 -15.9192 5
    endloop
  endfacet
  facet normal 0.962443 0.271483 0
    outer loop
      vertex 13.7636 -15.4017 13
      vertex 13.7359 -15.3035 5
      vertex 13.7359 -15.3035 13
    endloop
  endfacet
  facet normal 0.962443 0.271483 0
    outer loop
      vertex 13.7359 -15.3035 5
      vertex 13.7636 -15.4017 13
      vertex 13.7636 -15.4017 5
    endloop
  endfacet
  facet normal 0.980806 0.194985 0
    outer loop
      vertex 13.7359 -15.3035 13
      vertex 13.716 -15.2034 5
      vertex 13.716 -15.2034 13
    endloop
  endfacet
  facet normal 0.980806 0.194985 0
    outer loop
      vertex 13.716 -15.2034 5
      vertex 13.7359 -15.3035 13
      vertex 13.7359 -15.3035 5
    endloop
  endfacet
  facet normal 0.346613 0.938008 -0
    outer loop
      vertex 14.5983 -16.2364 5
      vertex 14.5025 -16.201 13
      vertex 14.5983 -16.2364 13
    endloop
  endfacet
  facet normal 0.346613 0.938008 0
    outer loop
      vertex 14.5025 -16.201 13
      vertex 14.5983 -16.2364 5
      vertex 14.5025 -16.201 5
    endloop
  endfacet
  facet normal 0.872255 0.489051 0
    outer loop
      vertex 13.8916 -15.6792 13
      vertex 13.8417 -15.5902 5
      vertex 13.8417 -15.5902 13
    endloop
  endfacet
  facet normal 0.872255 0.489051 0
    outer loop
      vertex 13.8417 -15.5902 5
      vertex 13.8916 -15.6792 13
      vertex 13.8916 -15.6792 5
    endloop
  endfacet
  facet normal 0.555378 0.831598 -0
    outer loop
      vertex 14.3208 -16.1084 5
      vertex 14.2359 -16.0517 13
      vertex 14.3208 -16.1084 13
    endloop
  endfacet
  facet normal 0.555378 0.831598 0
    outer loop
      vertex 14.2359 -16.0517 13
      vertex 14.3208 -16.1084 5
      vertex 14.2359 -16.0517 5
    endloop
  endfacet
  facet normal 0.618945 0.785434 -0
    outer loop
      vertex 14.2359 -16.0517 5
      vertex 14.1557 -15.9885 13
      vertex 14.2359 -16.0517 13
    endloop
  endfacet
  facet normal 0.618945 0.785434 0
    outer loop
      vertex 14.1557 -15.9885 13
      vertex 14.2359 -16.0517 5
      vertex 14.1557 -15.9885 5
    endloop
  endfacet
  facet normal 0.418375 0.908275 -0
    outer loop
      vertex 14.5025 -16.201 5
      vertex 14.4098 -16.1583 13
      vertex 14.5025 -16.201 13
    endloop
  endfacet
  facet normal 0.418375 0.908275 0
    outer loop
      vertex 14.4098 -16.1583 13
      vertex 14.5025 -16.201 5
      vertex 14.4098 -16.1583 5
    endloop
  endfacet
  facet normal 0.999237 0.0390526 0
    outer loop
      vertex 18 15 13
      vertex 17.9908 15.2354 5
      vertex 17.9908 15.2354 13
    endloop
  endfacet
  facet normal 0.999237 0.0390526 0
    outer loop
      vertex 17.9908 15.2354 5
      vertex 18 15 13
      vertex 18 15 5
    endloop
  endfacet
  facet normal -0.999237 0.0390526 0
    outer loop
      vertex 12 15 5
      vertex 12.0092 15.2354 13
      vertex 12.0092 15.2354 5
    endloop
  endfacet
  facet normal -0.999237 0.0390526 0
    outer loop
      vertex 12.0092 15.2354 13
      vertex 12 15 5
      vertex 12 15 13
    endloop
  endfacet
  facet normal 0.0390526 0.999237 -0
    outer loop
      vertex 15.2354 17.9908 5
      vertex 15 18 13
      vertex 15.2354 17.9908 13
    endloop
  endfacet
  facet normal 0.0390526 0.999237 0
    outer loop
      vertex 15 18 13
      vertex 15.2354 17.9908 5
      vertex 15 18 5
    endloop
  endfacet
  facet normal 0.734364 0.678756 0
    outer loop
      vertex 17.2812 16.9483 13
      vertex 17.1213 17.1213 5
      vertex 17.1213 17.1213 13
    endloop
  endfacet
  facet normal 0.734364 0.678756 0
    outer loop
      vertex 17.1213 17.1213 5
      vertex 17.2812 16.9483 13
      vertex 17.2812 16.9483 5
    endloop
  endfacet
  facet normal -0.678756 0.734364 0
    outer loop
      vertex 13.0517 17.2812 5
      vertex 12.8787 17.1213 13
      vertex 13.0517 17.2812 13
    endloop
  endfacet
  facet normal -0.678756 0.734364 0
    outer loop
      vertex 12.8787 17.1213 13
      vertex 13.0517 17.2812 5
      vertex 12.8787 17.1213 5
    endloop
  endfacet
  facet normal -0.346512 0.938046 0
    outer loop
      vertex 14.0729 17.8532 5
      vertex 13.852 17.7716 13
      vertex 14.0729 17.8532 13
    endloop
  endfacet
  facet normal -0.346512 0.938046 0
    outer loop
      vertex 13.852 17.7716 13
      vertex 14.0729 17.8532 5
      vertex 13.852 17.7716 5
    endloop
  endfacet
  facet normal -0.962526 -0.271188 0
    outer loop
      vertex 12.1468 14.0729 5
      vertex 12.0829 14.2997 13
      vertex 12.0829 14.2997 5
    endloop
  endfacet
  facet normal -0.962526 -0.271188 0
    outer loop
      vertex 12.0829 14.2997 13
      vertex 12.1468 14.0729 5
      vertex 12.1468 14.0729 13
    endloop
  endfacet
  facet normal 0.908232 0.418466 0
    outer loop
      vertex 17.7716 16.148 13
      vertex 17.673 16.362 5
      vertex 17.673 16.362 13
    endloop
  endfacet
  facet normal 0.908232 0.418466 0
    outer loop
      vertex 17.673 16.362 5
      vertex 17.7716 16.148 13
      vertex 17.7716 16.148 5
    endloop
  endfacet
  facet normal 0.418466 0.908232 -0
    outer loop
      vertex 16.362 17.673 5
      vertex 16.148 17.7716 13
      vertex 16.362 17.673 13
    endloop
  endfacet
  facet normal 0.418466 0.908232 0
    outer loop
      vertex 16.148 17.7716 13
      vertex 16.362 17.673 5
      vertex 16.148 17.7716 5
    endloop
  endfacet
  facet normal -0.87247 0.488668 0
    outer loop
      vertex 12.327 16.362 5
      vertex 12.4421 16.5675 13
      vertex 12.4421 16.5675 5
    endloop
  endfacet
  facet normal -0.87247 0.488668 0
    outer loop
      vertex 12.4421 16.5675 13
      vertex 12.327 16.362 5
      vertex 12.327 16.362 13
    endloop
  endfacet
  facet normal -0.1953 0.980744 0
    outer loop
      vertex 14.5307 17.9631 5
      vertex 14.2997 17.9171 13
      vertex 14.5307 17.9631 13
    endloop
  endfacet
  facet normal -0.1953 0.980744 0
    outer loop
      vertex 14.2997 17.9171 13
      vertex 14.5307 17.9631 5
      vertex 14.2997 17.9171 5
    endloop
  endfacet
  facet normal 0.87247 -0.488668 0
    outer loop
      vertex 17.5579 13.4325 13
      vertex 17.673 13.638 5
      vertex 17.673 13.638 13
    endloop
  endfacet
  facet normal 0.87247 -0.488668 0
    outer loop
      vertex 17.673 13.638 5
      vertex 17.5579 13.4325 13
      vertex 17.5579 13.4325 5
    endloop
  endfacet
  facet normal 0.271188 -0.962526 0
    outer loop
      vertex 15.7003 12.0829 5
      vertex 15.9271 12.1468 13
      vertex 15.7003 12.0829 13
    endloop
  endfacet
  facet normal 0.271188 -0.962526 0
    outer loop
      vertex 15.9271 12.1468 13
      vertex 15.7003 12.0829 5
      vertex 15.9271 12.1468 5
    endloop
  endfacet
  facet normal 0.678756 -0.734364 0
    outer loop
      vertex 16.9483 12.7188 5
      vertex 17.1213 12.8787 13
      vertex 16.9483 12.7188 13
    endloop
  endfacet
  facet normal 0.678756 -0.734364 0
    outer loop
      vertex 17.1213 12.8787 13
      vertex 16.9483 12.7188 5
      vertex 17.1213 12.8787 5
    endloop
  endfacet
  facet normal 0.962526 -0.271188 0
    outer loop
      vertex 17.8532 14.0729 13
      vertex 17.9171 14.2997 5
      vertex 17.9171 14.2997 13
    endloop
  endfacet
  facet normal 0.962526 -0.271188 0
    outer loop
      vertex 17.9171 14.2997 5
      vertex 17.8532 14.0729 13
      vertex 17.8532 14.0729 5
    endloop
  endfacet
  facet normal -0.347758 -0.937584 0
    outer loop
      vertex 13.8795 12.2182 5
      vertex 13.852 12.2284 13
      vertex 13.852 12.2284 5
    endloop
  endfacet
  facet normal -0.346512 -0.938046 4.87283e-06
    outer loop
      vertex 13.852 12.2284 13
      vertex 13.8795 12.2182 5
      vertex 14.0729 12.1468 13
    endloop
  endfacet
  facet normal -0.346335 -0.938111 -0
    outer loop
      vertex 14.0729 12.1468 13
      vertex 13.8795 12.2182 5
      vertex 14.0729 12.1468 5
    endloop
  endfacet
  facet normal 0.962526 0.271188 0
    outer loop
      vertex 17.9171 15.7003 13
      vertex 17.8532 15.9271 5
      vertex 17.8532 15.9271 13
    endloop
  endfacet
  facet normal 0.962526 0.271188 0
    outer loop
      vertex 17.8532 15.9271 5
      vertex 17.9171 15.7003 13
      vertex 17.9171 15.7003 5
    endloop
  endfacet
  facet normal 0.938046 0.346512 0
    outer loop
      vertex 17.8532 15.9271 13
      vertex 17.7716 16.148 5
      vertex 17.7716 16.148 13
    endloop
  endfacet
  facet normal 0.938046 0.346512 0
    outer loop
      vertex 17.7716 16.148 5
      vertex 17.8532 15.9271 13
      vertex 17.8532 15.9271 5
    endloop
  endfacet
  facet normal 0.831658 0.555288 0
    outer loop
      vertex 17.5579 16.5675 13
      vertex 17.4271 16.7634 5
      vertex 17.4271 16.7634 13
    endloop
  endfacet
  facet normal 0.831658 0.555288 0
    outer loop
      vertex 17.4271 16.7634 5
      vertex 17.5579 16.5675 13
      vertex 17.5579 16.5675 5
    endloop
  endfacet
  facet normal 0.87247 0.488668 0
    outer loop
      vertex 17.673 16.362 13
      vertex 17.5579 16.5675 5
      vertex 17.5579 16.5675 13
    endloop
  endfacet
  facet normal 0.87247 0.488668 0
    outer loop
      vertex 17.5579 16.5675 5
      vertex 17.673 16.362 13
      vertex 17.673 16.362 5
    endloop
  endfacet
  facet normal 0.271188 0.962526 -0
    outer loop
      vertex 15.9271 17.8532 5
      vertex 15.7003 17.9171 13
      vertex 15.9271 17.8532 13
    endloop
  endfacet
  facet normal 0.271188 0.962526 0
    outer loop
      vertex 15.7003 17.9171 13
      vertex 15.9271 17.8532 5
      vertex 15.7003 17.9171 5
    endloop
  endfacet
  facet normal 0.1953 0.980744 -0
    outer loop
      vertex 15.7003 17.9171 5
      vertex 15.4693 17.9631 13
      vertex 15.7003 17.9171 13
    endloop
  endfacet
  facet normal 0.1953 0.980744 0
    outer loop
      vertex 15.4693 17.9631 13
      vertex 15.7003 17.9171 5
      vertex 15.4693 17.9631 5
    endloop
  endfacet
  facet normal 0.678756 0.734364 -0
    outer loop
      vertex 17.1213 17.1213 5
      vertex 16.9483 17.2812 13
      vertex 17.1213 17.1213 13
    endloop
  endfacet
  facet normal 0.678756 0.734364 0
    outer loop
      vertex 16.9483 17.2812 13
      vertex 17.1213 17.1213 5
      vertex 16.9483 17.2812 5
    endloop
  endfacet
  facet normal -0.962526 0.271188 0
    outer loop
      vertex 12.0829 15.7003 5
      vertex 12.1468 15.9271 13
      vertex 12.1468 15.9271 5
    endloop
  endfacet
  facet normal -0.962526 0.271188 0
    outer loop
      vertex 12.1468 15.9271 13
      vertex 12.0829 15.7003 5
      vertex 12.0829 15.7003 13
    endloop
  endfacet
  facet normal -0.734364 0.678756 0
    outer loop
      vertex 12.7188 16.9483 5
      vertex 12.8787 17.1213 13
      vertex 12.8787 17.1213 5
    endloop
  endfacet
  facet normal -0.734364 0.678756 0
    outer loop
      vertex 12.8787 17.1213 13
      vertex 12.7188 16.9483 5
      vertex 12.7188 16.9483 13
    endloop
  endfacet
  facet normal -0.908232 0.418466 0
    outer loop
      vertex 12.2284 16.148 5
      vertex 12.327 16.362 13
      vertex 12.327 16.362 5
    endloop
  endfacet
  facet normal -0.908232 0.418466 0
    outer loop
      vertex 12.327 16.362 13
      vertex 12.2284 16.148 5
      vertex 12.2284 16.148 13
    endloop
  endfacet
  facet normal -0.980744 0.1953 0
    outer loop
      vertex 12.0369 15.4693 5
      vertex 12.0829 15.7003 13
      vertex 12.0829 15.7003 5
    endloop
  endfacet
  facet normal -0.980744 0.1953 0
    outer loop
      vertex 12.0829 15.7003 13
      vertex 12.0369 15.4693 5
      vertex 12.0369 15.4693 13
    endloop
  endfacet
  facet normal -0.488668 0.87247 0
    outer loop
      vertex 13.638 17.673 5
      vertex 13.4325 17.5579 13
      vertex 13.638 17.673 13
    endloop
  endfacet
  facet normal -0.488668 0.87247 0
    outer loop
      vertex 13.4325 17.5579 13
      vertex 13.638 17.673 5
      vertex 13.4325 17.5579 5
    endloop
  endfacet
  facet normal -0.619452 0.785035 0
    outer loop
      vertex 13.2366 17.4271 5
      vertex 13.0517 17.2812 13
      vertex 13.2366 17.4271 13
    endloop
  endfacet
  facet normal -0.619452 0.785035 0
    outer loop
      vertex 13.0517 17.2812 13
      vertex 13.2366 17.4271 5
      vertex 13.0517 17.2812 5
    endloop
  endfacet
  facet normal -0.117605 0.99306 0
    outer loop
      vertex 14.7646 17.9908 5
      vertex 14.5307 17.9631 13
      vertex 14.7646 17.9908 13
    endloop
  endfacet
  facet normal -0.117605 0.99306 0
    outer loop
      vertex 14.5307 17.9631 13
      vertex 14.7646 17.9908 5
      vertex 14.5307 17.9631 5
    endloop
  endfacet
  facet normal 0.418466 -0.908232 0
    outer loop
      vertex 16.148 12.2284 5
      vertex 16.362 12.327 13
      vertex 16.148 12.2284 13
    endloop
  endfacet
  facet normal 0.418466 -0.908232 0
    outer loop
      vertex 16.362 12.327 13
      vertex 16.148 12.2284 5
      vertex 16.362 12.327 5
    endloop
  endfacet
  facet normal 0.734364 -0.678756 0
    outer loop
      vertex 17.1213 12.8787 13
      vertex 17.2812 13.0517 5
      vertex 17.2812 13.0517 13
    endloop
  endfacet
  facet normal 0.734364 -0.678756 0
    outer loop
      vertex 17.2812 13.0517 5
      vertex 17.1213 12.8787 13
      vertex 17.1213 12.8787 5
    endloop
  endfacet
  facet normal -0.678756 -0.734364 0
    outer loop
      vertex 12.8787 12.8787 5
      vertex 13.0517 12.7188 13
      vertex 12.8787 12.8787 13
    endloop
  endfacet
  facet normal -0.678756 -0.734364 -0
    outer loop
      vertex 13.0517 12.7188 13
      vertex 12.8787 12.8787 5
      vertex 13.0517 12.7188 5
    endloop
  endfacet
  facet normal -0.555288 -0.831658 0
    outer loop
      vertex 13.2366 12.5729 5
      vertex 13.4325 12.4421 13
      vertex 13.2366 12.5729 13
    endloop
  endfacet
  facet normal -0.555288 -0.831658 -0
    outer loop
      vertex 13.4325 12.4421 13
      vertex 13.2366 12.5729 5
      vertex 13.4325 12.4421 5
    endloop
  endfacet
  facet normal -0.488668 -0.87247 0
    outer loop
      vertex 13.4325 12.4421 5
      vertex 13.638 12.327 13
      vertex 13.4325 12.4421 13
    endloop
  endfacet
  facet normal -0.488668 -0.87247 -0
    outer loop
      vertex 13.638 12.327 13
      vertex 13.4325 12.4421 5
      vertex 13.638 12.327 5
    endloop
  endfacet
  facet normal -0.1953 -0.980744 0
    outer loop
      vertex 14.2997 12.0829 5
      vertex 14.5307 12.0369 13
      vertex 14.2997 12.0829 13
    endloop
  endfacet
  facet normal -0.1953 -0.980744 -0
    outer loop
      vertex 14.5307 12.0369 13
      vertex 14.2997 12.0829 5
      vertex 14.5307 12.0369 5
    endloop
  endfacet
  facet normal -0.908232 -0.418466 0
    outer loop
      vertex 12.327 13.638 5
      vertex 12.2284 13.852 13
      vertex 12.2284 13.852 5
    endloop
  endfacet
  facet normal -0.908232 -0.418466 0
    outer loop
      vertex 12.2284 13.852 13
      vertex 12.327 13.638 5
      vertex 12.327 13.638 13
    endloop
  endfacet
  facet normal 0.980744 0.1953 0
    outer loop
      vertex 17.9631 15.4693 13
      vertex 17.9171 15.7003 5
      vertex 17.9171 15.7003 13
    endloop
  endfacet
  facet normal 0.980744 0.1953 0
    outer loop
      vertex 17.9171 15.7003 5
      vertex 17.9631 15.4693 13
      vertex 17.9631 15.4693 5
    endloop
  endfacet
  facet normal 0.99306 0.117605 0
    outer loop
      vertex 17.9908 15.2354 13
      vertex 17.9631 15.4693 5
      vertex 17.9631 15.4693 13
    endloop
  endfacet
  facet normal 0.99306 0.117605 0
    outer loop
      vertex 17.9631 15.4693 5
      vertex 17.9908 15.2354 13
      vertex 17.9908 15.2354 5
    endloop
  endfacet
  facet normal 0.785035 0.619452 0
    outer loop
      vertex 17.4271 16.7634 13
      vertex 17.2812 16.9483 5
      vertex 17.2812 16.9483 13
    endloop
  endfacet
  facet normal 0.785035 0.619452 0
    outer loop
      vertex 17.2812 16.9483 5
      vertex 17.4271 16.7634 13
      vertex 17.4271 16.7634 5
    endloop
  endfacet
  facet normal 0.346512 0.938046 -0
    outer loop
      vertex 16.148 17.7716 5
      vertex 15.9271 17.8532 13
      vertex 16.148 17.7716 13
    endloop
  endfacet
  facet normal 0.346512 0.938046 0
    outer loop
      vertex 15.9271 17.8532 13
      vertex 16.148 17.7716 5
      vertex 15.9271 17.8532 5
    endloop
  endfacet
  facet normal 0.117605 0.99306 -0
    outer loop
      vertex 15.4693 17.9631 5
      vertex 15.2354 17.9908 13
      vertex 15.4693 17.9631 13
    endloop
  endfacet
  facet normal 0.117605 0.99306 0
    outer loop
      vertex 15.2354 17.9908 13
      vertex 15.4693 17.9631 5
      vertex 15.2354 17.9908 5
    endloop
  endfacet
  facet normal 0.488668 0.87247 -0
    outer loop
      vertex 16.5675 17.5579 5
      vertex 16.362 17.673 13
      vertex 16.5675 17.5579 13
    endloop
  endfacet
  facet normal 0.488668 0.87247 0
    outer loop
      vertex 16.362 17.673 13
      vertex 16.5675 17.5579 5
      vertex 16.362 17.673 5
    endloop
  endfacet
  facet normal 0.555288 0.831658 -0
    outer loop
      vertex 16.7634 17.4271 5
      vertex 16.5675 17.5579 13
      vertex 16.7634 17.4271 13
    endloop
  endfacet
  facet normal 0.555288 0.831658 0
    outer loop
      vertex 16.5675 17.5579 13
      vertex 16.7634 17.4271 5
      vertex 16.5675 17.5579 5
    endloop
  endfacet
  facet normal 0.619452 0.785035 -0
    outer loop
      vertex 16.9483 17.2812 5
      vertex 16.7634 17.4271 13
      vertex 16.9483 17.2812 13
    endloop
  endfacet
  facet normal 0.619452 0.785035 0
    outer loop
      vertex 16.7634 17.4271 13
      vertex 16.9483 17.2812 5
      vertex 16.7634 17.4271 5
    endloop
  endfacet
  facet normal -0.938046 0.346512 0
    outer loop
      vertex 12.1468 15.9271 5
      vertex 12.2284 16.148 13
      vertex 12.2284 16.148 5
    endloop
  endfacet
  facet normal -0.938046 0.346512 0
    outer loop
      vertex 12.2284 16.148 13
      vertex 12.1468 15.9271 5
      vertex 12.1468 15.9271 13
    endloop
  endfacet
  facet normal -0.99306 0.117605 0
    outer loop
      vertex 12.0092 15.2354 5
      vertex 12.0369 15.4693 13
      vertex 12.0369 15.4693 5
    endloop
  endfacet
  facet normal -0.99306 0.117605 0
    outer loop
      vertex 12.0369 15.4693 13
      vertex 12.0092 15.2354 5
      vertex 12.0092 15.2354 13
    endloop
  endfacet
  facet normal 0 0 1
    outer loop
      vertex 16.3 15 13
      vertex 18 15 13
      vertex 17.9908 15.2354 13
    endloop
  endfacet
  facet normal 0 0 1
    outer loop
      vertex 16.296 15.102 13
      vertex 17.9908 15.2354 13
      vertex 17.9631 15.4693 13
    endloop
  endfacet
  facet normal 0 0 1
    outer loop
      vertex 18 15 13
      vertex 16.3 15 13
      vertex 17.9908 14.7646 13
    endloop
  endfacet
  facet normal 0 0 1
    outer loop
      vertex 16.284 15.2034 13
      vertex 17.9631 15.4693 13
      vertex 17.9171 15.7003 13
    endloop
  endfacet
  facet normal -0 0 1
    outer loop
      vertex 16.296 14.898 13
      vertex 17.9908 14.7646 13
      vertex 16.3 15 13
    endloop
  endfacet
  facet normal 0 0 1
    outer loop
      vertex 16.2641 15.3035 13
      vertex 17.9171 15.7003 13
      vertex 17.8532 15.9271 13
    endloop
  endfacet
  facet normal 0 0 1
    outer loop
      vertex 17.9908 14.7646 13
      vertex 16.296 14.898 13
      vertex 17.9631 14.5307 13
    endloop
  endfacet
  facet normal 0 0 1
    outer loop
      vertex 16.2364 15.4017 13
      vertex 17.8532 15.9271 13
      vertex 17.7716 16.148 13
    endloop
  endfacet
  facet normal -0 0 1
    outer loop
      vertex 16.284 14.7966 13
      vertex 17.9631 14.5307 13
      vertex 16.296 14.898 13
    endloop
  endfacet
  facet normal 0 0 1
    outer loop
      vertex 16.201 15.4975 13
      vertex 17.7716 16.148 13
      vertex 17.673 16.362 13
    endloop
  endfacet
  facet normal 0 0 1
    outer loop
      vertex 17.9631 14.5307 13
      vertex 16.284 14.7966 13
      vertex 17.9171 14.2997 13
    endloop
  endfacet
  facet normal 0 0 1
    outer loop
      vertex 16.1583 15.5902 13
      vertex 17.673 16.362 13
      vertex 17.5579 16.5675 13
    endloop
  endfacet
  facet normal -0 0 1
    outer loop
      vertex 16.2641 14.6965 13
      vertex 17.9171 14.2997 13
      vertex 16.284 14.7966 13
    endloop
  endfacet
  facet normal 0 0 1
    outer loop
      vertex 16.1084 15.6792 13
      vertex 17.5579 16.5675 13
      vertex 17.4271 16.7634 13
    endloop
  endfacet
  facet normal 0 0 1
    outer loop
      vertex 17.9171 14.2997 13
      vertex 16.2641 14.6965 13
      vertex 17.8532 14.0729 13
    endloop
  endfacet
  facet normal 0 0 1
    outer loop
      vertex 16.0517 15.7641 13
      vertex 17.4271 16.7634 13
      vertex 17.2812 16.9483 13
    endloop
  endfacet
  facet normal -0 0 1
    outer loop
      vertex 16.2364 14.5983 13
      vertex 17.8532 14.0729 13
      vertex 16.2641 14.6965 13
    endloop
  endfacet
  facet normal 0 0 1
    outer loop
      vertex 15.9885 15.8443 13
      vertex 17.2812 16.9483 13
      vertex 17.1213 17.1213 13
    endloop
  endfacet
  facet normal 0 0 1
    outer loop
      vertex 17.8532 14.0729 13
      vertex 16.2364 14.5983 13
      vertex 17.7716 13.852 13
    endloop
  endfacet
  facet normal 0 0 1
    outer loop
      vertex 15.9192 15.9192 13
      vertex 17.1213 17.1213 13
      vertex 16.9483 17.2812 13
    endloop
  endfacet
  facet normal -0 0 1
    outer loop
      vertex 16.201 14.5025 13
      vertex 17.7716 13.852 13
      vertex 16.2364 14.5983 13
    endloop
  endfacet
  facet normal 0 0 1
    outer loop
      vertex 15.8443 15.9885 13
      vertex 16.9483 17.2812 13
      vertex 16.7634 17.4271 13
    endloop
  endfacet
  facet normal 0 0 1
    outer loop
      vertex 17.7716 13.852 13
      vertex 16.201 14.5025 13
      vertex 17.673 13.638 13
    endloop
  endfacet
  facet normal 0 0 1
    outer loop
      vertex 15.7641 16.0517 13
      vertex 16.7634 17.4271 13
      vertex 16.5675 17.5579 13
    endloop
  endfacet
  facet normal -0 0 1
    outer loop
      vertex 16.1583 14.4098 13
      vertex 17.673 13.638 13
      vertex 16.201 14.5025 13
    endloop
  endfacet
  facet normal 0 0 1
    outer loop
      vertex 15.6792 16.1084 13
      vertex 16.5675 17.5579 13
      vertex 16.362 17.673 13
    endloop
  endfacet
  facet normal 0 0 1
    outer loop
      vertex 17.673 13.638 13
      vertex 16.1583 14.4098 13
      vertex 17.5579 13.4325 13
    endloop
  endfacet
  facet normal -0 0 1
    outer loop
      vertex 16.1084 14.3208 13
      vertex 17.5579 13.4325 13
      vertex 16.1583 14.4098 13
    endloop
  endfacet
  facet normal 0 0 1
    outer loop
      vertex 17.9908 15.2354 13
      vertex 16.296 15.102 13
      vertex 16.3 15 13
    endloop
  endfacet
  facet normal 0 0 1
    outer loop
      vertex 17.9631 15.4693 13
      vertex 16.284 15.2034 13
      vertex 16.296 15.102 13
    endloop
  endfacet
  facet normal 0 0 1
    outer loop
      vertex 17.9171 15.7003 13
      vertex 16.2641 15.3035 13
      vertex 16.284 15.2034 13
    endloop
  endfacet
  facet normal 0 0 1
    outer loop
      vertex 17.8532 15.9271 13
      vertex 16.2364 15.4017 13
      vertex 16.2641 15.3035 13
    endloop
  endfacet
  facet normal 0 0 1
    outer loop
      vertex 17.7716 16.148 13
      vertex 16.201 15.4975 13
      vertex 16.2364 15.4017 13
    endloop
  endfacet
  facet normal 0 0 1
    outer loop
      vertex 17.673 16.362 13
      vertex 16.1583 15.5902 13
      vertex 16.201 15.4975 13
    endloop
  endfacet
  facet normal 0 0 1
    outer loop
      vertex 15.5902 16.1583 13
      vertex 16.362 17.673 13
      vertex 16.148 17.7716 13
    endloop
  endfacet
  facet normal 0 0 1
    outer loop
      vertex 17.5579 16.5675 13
      vertex 16.1084 15.6792 13
      vertex 16.1583 15.5902 13
    endloop
  endfacet
  facet normal 0 0 1
    outer loop
      vertex 17.4271 16.7634 13
      vertex 16.0517 15.7641 13
      vertex 16.1084 15.6792 13
    endloop
  endfacet
  facet normal 0 0 1
    outer loop
      vertex 17.2812 16.9483 13
      vertex 15.9885 15.8443 13
      vertex 16.0517 15.7641 13
    endloop
  endfacet
  facet normal 0 0 1
    outer loop
      vertex 15.4975 16.201 13
      vertex 16.148 17.7716 13
      vertex 15.9271 17.8532 13
    endloop
  endfacet
  facet normal 0 0 1
    outer loop
      vertex 17.1213 17.1213 13
      vertex 15.9192 15.9192 13
      vertex 15.9885 15.8443 13
    endloop
  endfacet
  facet normal 0 0 1
    outer loop
      vertex 16.9483 17.2812 13
      vertex 15.8443 15.9885 13
      vertex 15.9192 15.9192 13
    endloop
  endfacet
  facet normal 0 0 1
    outer loop
      vertex 16.7634 17.4271 13
      vertex 15.7641 16.0517 13
      vertex 15.8443 15.9885 13
    endloop
  endfacet
  facet normal 0 0 1
    outer loop
      vertex 15.4017 16.2364 13
      vertex 15.9271 17.8532 13
      vertex 15.7003 17.9171 13
    endloop
  endfacet
  facet normal 0 0 1
    outer loop
      vertex 16.5675 17.5579 13
      vertex 15.6792 16.1084 13
      vertex 15.7641 16.0517 13
    endloop
  endfacet
  facet normal 0 0 1
    outer loop
      vertex 16.362 17.673 13
      vertex 15.5902 16.1583 13
      vertex 15.6792 16.1084 13
    endloop
  endfacet
  facet normal 0 0 1
    outer loop
      vertex 16.148 17.7716 13
      vertex 15.4975 16.201 13
      vertex 15.5902 16.1583 13
    endloop
  endfacet
  facet normal 0 0 1
    outer loop
      vertex 15.3035 16.2641 13
      vertex 15.7003 17.9171 13
      vertex 15.4693 17.9631 13
    endloop
  endfacet
  facet normal 0 0 1
    outer loop
      vertex 15.9271 17.8532 13
      vertex 15.4017 16.2364 13
      vertex 15.4975 16.201 13
    endloop
  endfacet
  facet normal 0 0 1
    outer loop
      vertex 15.7003 17.9171 13
      vertex 15.3035 16.2641 13
      vertex 15.4017 16.2364 13
    endloop
  endfacet
  facet normal 0 0 1
    outer loop
      vertex 15.2034 16.284 13
      vertex 15.4693 17.9631 13
      vertex 15.2354 17.9908 13
    endloop
  endfacet
  facet normal 0 0 1
    outer loop
      vertex 15.4693 17.9631 13
      vertex 15.2034 16.284 13
      vertex 15.3035 16.2641 13
    endloop
  endfacet
  facet normal 0 0 1
    outer loop
      vertex 15.2354 17.9908 13
      vertex 15.102 16.296 13
      vertex 15.2034 16.284 13
    endloop
  endfacet
  facet normal 0 0 1
    outer loop
      vertex 15 18 13
      vertex 15.102 16.296 13
      vertex 15.2354 17.9908 13
    endloop
  endfacet
  facet normal 0 0 1
    outer loop
      vertex 15 18 13
      vertex 15 16.3 13
      vertex 15.102 16.296 13
    endloop
  endfacet
  facet normal 0 0 1
    outer loop
      vertex 15 18 13
      vertex 14.898 16.296 13
      vertex 15 16.3 13
    endloop
  endfacet
  facet normal -0 0 1
    outer loop
      vertex 14.7646 17.9908 13
      vertex 14.898 16.296 13
      vertex 15 18 13
    endloop
  endfacet
  facet normal 0 0 1
    outer loop
      vertex 14.898 16.296 13
      vertex 14.7646 17.9908 13
      vertex 14.7966 16.284 13
    endloop
  endfacet
  facet normal -0 0 1
    outer loop
      vertex 14.5307 17.9631 13
      vertex 14.7966 16.284 13
      vertex 14.7646 17.9908 13
    endloop
  endfacet
  facet normal 0 0 1
    outer loop
      vertex 14.7966 16.284 13
      vertex 14.5307 17.9631 13
      vertex 14.6965 16.2641 13
    endloop
  endfacet
  facet normal -0 0 1
    outer loop
      vertex 14.2997 17.9171 13
      vertex 14.6965 16.2641 13
      vertex 14.5307 17.9631 13
    endloop
  endfacet
  facet normal 0 0 1
    outer loop
      vertex 14.6965 16.2641 13
      vertex 14.2997 17.9171 13
      vertex 14.5983 16.2364 13
    endloop
  endfacet
  facet normal -0 0 1
    outer loop
      vertex 14.0729 17.8532 13
      vertex 14.5983 16.2364 13
      vertex 14.2997 17.9171 13
    endloop
  endfacet
  facet normal 0 0 1
    outer loop
      vertex 14.5983 16.2364 13
      vertex 14.0729 17.8532 13
      vertex 14.5025 16.201 13
    endloop
  endfacet
  facet normal -0 0 1
    outer loop
      vertex 13.852 17.7716 13
      vertex 14.5025 16.201 13
      vertex 14.0729 17.8532 13
    endloop
  endfacet
  facet normal 0 0 1
    outer loop
      vertex 14.5025 16.201 13
      vertex 13.852 17.7716 13
      vertex 14.4098 16.1583 13
    endloop
  endfacet
  facet normal -0 0 1
    outer loop
      vertex 13.638 17.673 13
      vertex 14.4098 16.1583 13
      vertex 13.852 17.7716 13
    endloop
  endfacet
  facet normal 0 0 1
    outer loop
      vertex 14.4098 16.1583 13
      vertex 13.638 17.673 13
      vertex 14.3208 16.1084 13
    endloop
  endfacet
  facet normal -0 0 1
    outer loop
      vertex 13.4325 17.5579 13
      vertex 14.3208 16.1084 13
      vertex 13.638 17.673 13
    endloop
  endfacet
  facet normal 0 0 1
    outer loop
      vertex 14.3208 16.1084 13
      vertex 13.4325 17.5579 13
      vertex 14.2359 16.0517 13
    endloop
  endfacet
  facet normal -0 0 1
    outer loop
      vertex 13.2366 17.4271 13
      vertex 14.2359 16.0517 13
      vertex 13.4325 17.5579 13
    endloop
  endfacet
  facet normal 0 0 1
    outer loop
      vertex 14.2359 16.0517 13
      vertex 13.2366 17.4271 13
      vertex 14.1557 15.9885 13
    endloop
  endfacet
  facet normal -0 0 1
    outer loop
      vertex 13.0517 17.2812 13
      vertex 14.1557 15.9885 13
      vertex 13.2366 17.4271 13
    endloop
  endfacet
  facet normal 0 0 1
    outer loop
      vertex 14.1557 15.9885 13
      vertex 13.0517 17.2812 13
      vertex 14.0808 15.9192 13
    endloop
  endfacet
  facet normal -0 0 1
    outer loop
      vertex 12.8787 17.1213 13
      vertex 14.0808 15.9192 13
      vertex 13.0517 17.2812 13
    endloop
  endfacet
  facet normal 0 0 1
    outer loop
      vertex 14.0808 15.9192 13
      vertex 12.8787 17.1213 13
      vertex 14.0115 15.8443 13
    endloop
  endfacet
  facet normal -0 0 1
    outer loop
      vertex 12.7188 16.9483 13
      vertex 14.0115 15.8443 13
      vertex 12.8787 17.1213 13
    endloop
  endfacet
  facet normal 0 0 1
    outer loop
      vertex 14.0115 15.8443 13
      vertex 12.7188 16.9483 13
      vertex 13.9483 15.7641 13
    endloop
  endfacet
  facet normal -0 0 1
    outer loop
      vertex 12.5729 16.7634 13
      vertex 13.9483 15.7641 13
      vertex 12.7188 16.9483 13
    endloop
  endfacet
  facet normal -0 0 1
    outer loop
      vertex 12.4421 16.5675 13
      vertex 13.8916 15.6792 13
      vertex 12.5729 16.7634 13
    endloop
  endfacet
  facet normal 0 0 1
    outer loop
      vertex 13.9483 15.7641 13
      vertex 12.5729 16.7634 13
      vertex 13.8916 15.6792 13
    endloop
  endfacet
  facet normal 0 0 1
    outer loop
      vertex 17.5579 13.4325 13
      vertex 16.1084 14.3208 13
      vertex 17.4271 13.2366 13
    endloop
  endfacet
  facet normal -0 0 1
    outer loop
      vertex 16.0517 14.2359 13
      vertex 17.4271 13.2366 13
      vertex 16.1084 14.3208 13
    endloop
  endfacet
  facet normal 0 0 1
    outer loop
      vertex 17.4271 13.2366 13
      vertex 16.0517 14.2359 13
      vertex 17.2812 13.0517 13
    endloop
  endfacet
  facet normal -0 0 1
    outer loop
      vertex 15.9885 14.1557 13
      vertex 17.2812 13.0517 13
      vertex 16.0517 14.2359 13
    endloop
  endfacet
  facet normal 0 0 1
    outer loop
      vertex 17.2812 13.0517 13
      vertex 15.9885 14.1557 13
      vertex 17.1213 12.8787 13
    endloop
  endfacet
  facet normal -0 0 1
    outer loop
      vertex 15.9192 14.0808 13
      vertex 17.1213 12.8787 13
      vertex 15.9885 14.1557 13
    endloop
  endfacet
  facet normal 0 0 1
    outer loop
      vertex 17.1213 12.8787 13
      vertex 15.9192 14.0808 13
      vertex 16.9483 12.7188 13
    endloop
  endfacet
  facet normal -0 0 1
    outer loop
      vertex 15.8443 14.0115 13
      vertex 16.9483 12.7188 13
      vertex 15.9192 14.0808 13
    endloop
  endfacet
  facet normal 0 0 1
    outer loop
      vertex 16.9483 12.7188 13
      vertex 15.8443 14.0115 13
      vertex 16.7634 12.5729 13
    endloop
  endfacet
  facet normal -0 0 1
    outer loop
      vertex 15.7641 13.9483 13
      vertex 16.7634 12.5729 13
      vertex 15.8443 14.0115 13
    endloop
  endfacet
  facet normal 0 0 1
    outer loop
      vertex 16.7634 12.5729 13
      vertex 15.7641 13.9483 13
      vertex 16.5675 12.4421 13
    endloop
  endfacet
  facet normal -0 0 1
    outer loop
      vertex 15.6792 13.8916 13
      vertex 16.5675 12.4421 13
      vertex 15.7641 13.9483 13
    endloop
  endfacet
  facet normal 0 0 1
    outer loop
      vertex 16.5675 12.4421 13
      vertex 15.6792 13.8916 13
      vertex 16.362 12.327 13
    endloop
  endfacet
  facet normal -0 0 1
    outer loop
      vertex 15.5902 13.8417 13
      vertex 16.362 12.327 13
      vertex 15.6792 13.8916 13
    endloop
  endfacet
  facet normal 0 0 1
    outer loop
      vertex 16.362 12.327 13
      vertex 15.5902 13.8417 13
      vertex 16.148 12.2284 13
    endloop
  endfacet
  facet normal -0 0 1
    outer loop
      vertex 15.4975 13.799 13
      vertex 16.148 12.2284 13
      vertex 15.5902 13.8417 13
    endloop
  endfacet
  facet normal 0 0 1
    outer loop
      vertex 16.148 12.2284 13
      vertex 15.4975 13.799 13
      vertex 15.9271 12.1468 13
    endloop
  endfacet
  facet normal -0 0 1
    outer loop
      vertex 15.4017 13.7636 13
      vertex 15.9271 12.1468 13
      vertex 15.4975 13.799 13
    endloop
  endfacet
  facet normal 0 0 1
    outer loop
      vertex 15.9271 12.1468 13
      vertex 15.4017 13.7636 13
      vertex 15.7003 12.0829 13
    endloop
  endfacet
  facet normal -0 0 1
    outer loop
      vertex 15.3035 13.7359 13
      vertex 15.7003 12.0829 13
      vertex 15.4017 13.7636 13
    endloop
  endfacet
  facet normal 0 0 1
    outer loop
      vertex 15.7003 12.0829 13
      vertex 15.3035 13.7359 13
      vertex 15.4693 12.0369 13
    endloop
  endfacet
  facet normal -0 0 1
    outer loop
      vertex 15.2034 13.716 13
      vertex 15.4693 12.0369 13
      vertex 15.3035 13.7359 13
    endloop
  endfacet
  facet normal 0 0 1
    outer loop
      vertex 15.4693 12.0369 13
      vertex 15.2034 13.716 13
      vertex 15.2354 12.0092 13
    endloop
  endfacet
  facet normal -0 0 1
    outer loop
      vertex 15.102 13.704 13
      vertex 15.2354 12.0092 13
      vertex 15.2034 13.716 13
    endloop
  endfacet
  facet normal -0 0 1
    outer loop
      vertex 15 13.7 13
      vertex 15.2354 12.0092 13
      vertex 15.102 13.704 13
    endloop
  endfacet
  facet normal 0 0 1
    outer loop
      vertex 15 13.7 13
      vertex 15 12 13
      vertex 15.2354 12.0092 13
    endloop
  endfacet
  facet normal 0 0 1
    outer loop
      vertex 14.898 13.704 13
      vertex 15 12 13
      vertex 15 13.7 13
    endloop
  endfacet
  facet normal 0 0 1
    outer loop
      vertex 14.7646 12.0092 13
      vertex 14.898 13.704 13
      vertex 14.7966 13.716 13
    endloop
  endfacet
  facet normal 0 0 1
    outer loop
      vertex 14.898 13.704 13
      vertex 14.7646 12.0092 13
      vertex 15 12 13
    endloop
  endfacet
  facet normal 0 0 1
    outer loop
      vertex 14.5307 12.0369 13
      vertex 14.7966 13.716 13
      vertex 14.6965 13.7359 13
    endloop
  endfacet
  facet normal 0 0 1
    outer loop
      vertex 14.2997 12.0829 13
      vertex 14.6965 13.7359 13
      vertex 14.5983 13.7636 13
    endloop
  endfacet
  facet normal 0 0 1
    outer loop
      vertex 14.7966 13.716 13
      vertex 14.5307 12.0369 13
      vertex 14.7646 12.0092 13
    endloop
  endfacet
  facet normal 0 0 1
    outer loop
      vertex 14.0729 12.1468 13
      vertex 14.5983 13.7636 13
      vertex 14.5025 13.799 13
    endloop
  endfacet
  facet normal 0 0 1
    outer loop
      vertex 13.852 12.2284 13
      vertex 14.5025 13.799 13
      vertex 14.4098 13.8417 13
    endloop
  endfacet
  facet normal 0 0 1
    outer loop
      vertex 13.638 12.327 13
      vertex 14.4098 13.8417 13
      vertex 14.3208 13.8916 13
    endloop
  endfacet
  facet normal 0 0 1
    outer loop
      vertex 14.6965 13.7359 13
      vertex 14.2997 12.0829 13
      vertex 14.5307 12.0369 13
    endloop
  endfacet
  facet normal 0 0 1
    outer loop
      vertex 13.4325 12.4421 13
      vertex 14.3208 13.8916 13
      vertex 14.2359 13.9483 13
    endloop
  endfacet
  facet normal 0 0 1
    outer loop
      vertex 13.2366 12.5729 13
      vertex 14.2359 13.9483 13
      vertex 14.1557 14.0115 13
    endloop
  endfacet
  facet normal 0 0 1
    outer loop
      vertex 13.0517 12.7188 13
      vertex 14.1557 14.0115 13
      vertex 14.0808 14.0808 13
    endloop
  endfacet
  facet normal 0 0 1
    outer loop
      vertex 14.5983 13.7636 13
      vertex 14.0729 12.1468 13
      vertex 14.2997 12.0829 13
    endloop
  endfacet
  facet normal 0 0 1
    outer loop
      vertex 12.8787 12.8787 13
      vertex 14.0808 14.0808 13
      vertex 14.0115 14.1557 13
    endloop
  endfacet
  facet normal 0 0 1
    outer loop
      vertex 12.7188 13.0517 13
      vertex 14.0115 14.1557 13
      vertex 13.9483 14.2359 13
    endloop
  endfacet
  facet normal 0 0 1
    outer loop
      vertex 12.5729 13.2366 13
      vertex 13.9483 14.2359 13
      vertex 13.8916 14.3208 13
    endloop
  endfacet
  facet normal 0 0 1
    outer loop
      vertex 14.5025 13.799 13
      vertex 13.852 12.2284 13
      vertex 14.0729 12.1468 13
    endloop
  endfacet
  facet normal 0 0 1
    outer loop
      vertex 12.4421 13.4325 13
      vertex 13.8916 14.3208 13
      vertex 13.8417 14.4098 13
    endloop
  endfacet
  facet normal 0 0 1
    outer loop
      vertex 12.327 13.638 13
      vertex 13.8417 14.4098 13
      vertex 13.799 14.5025 13
    endloop
  endfacet
  facet normal 0 0 1
    outer loop
      vertex 12.2284 13.852 13
      vertex 13.799 14.5025 13
      vertex 13.7636 14.5983 13
    endloop
  endfacet
  facet normal 0 0 1
    outer loop
      vertex 12.1468 14.0729 13
      vertex 13.7636 14.5983 13
      vertex 13.7359 14.6965 13
    endloop
  endfacet
  facet normal 0 0 1
    outer loop
      vertex 12.0829 14.2997 13
      vertex 13.7359 14.6965 13
      vertex 13.716 14.7966 13
    endloop
  endfacet
  facet normal 0 0 1
    outer loop
      vertex 12.0369 14.5307 13
      vertex 13.716 14.7966 13
      vertex 13.704 14.898 13
    endloop
  endfacet
  facet normal 0 0 1
    outer loop
      vertex 14.4098 13.8417 13
      vertex 13.638 12.327 13
      vertex 13.852 12.2284 13
    endloop
  endfacet
  facet normal 0 0 1
    outer loop
      vertex 12.0092 14.7646 13
      vertex 13.704 14.898 13
      vertex 13.7 15 13
    endloop
  endfacet
  facet normal 0 0 1
    outer loop
      vertex 13.8916 15.6792 13
      vertex 12.4421 16.5675 13
      vertex 13.8417 15.5902 13
    endloop
  endfacet
  facet normal -0 0 1
    outer loop
      vertex 12.327 16.362 13
      vertex 13.8417 15.5902 13
      vertex 12.4421 16.5675 13
    endloop
  endfacet
  facet normal 0 0 1
    outer loop
      vertex 14.3208 13.8916 13
      vertex 13.4325 12.4421 13
      vertex 13.638 12.327 13
    endloop
  endfacet
  facet normal 0 0 1
    outer loop
      vertex 13.8417 15.5902 13
      vertex 12.327 16.362 13
      vertex 13.799 15.4975 13
    endloop
  endfacet
  facet normal 0 0 1
    outer loop
      vertex 14.2359 13.9483 13
      vertex 13.2366 12.5729 13
      vertex 13.4325 12.4421 13
    endloop
  endfacet
  facet normal -0 0 1
    outer loop
      vertex 12.2284 16.148 13
      vertex 13.799 15.4975 13
      vertex 12.327 16.362 13
    endloop
  endfacet
  facet normal 0 0 1
    outer loop
      vertex 14.1557 14.0115 13
      vertex 13.0517 12.7188 13
      vertex 13.2366 12.5729 13
    endloop
  endfacet
  facet normal 0 0 1
    outer loop
      vertex 13.799 15.4975 13
      vertex 12.2284 16.148 13
      vertex 13.7636 15.4017 13
    endloop
  endfacet
  facet normal 0 0 1
    outer loop
      vertex 14.0808 14.0808 13
      vertex 12.8787 12.8787 13
      vertex 13.0517 12.7188 13
    endloop
  endfacet
  facet normal -0 0 1
    outer loop
      vertex 12.1468 15.9271 13
      vertex 13.7636 15.4017 13
      vertex 12.2284 16.148 13
    endloop
  endfacet
  facet normal 0 0 1
    outer loop
      vertex 14.0115 14.1557 13
      vertex 12.7188 13.0517 13
      vertex 12.8787 12.8787 13
    endloop
  endfacet
  facet normal 0 0 1
    outer loop
      vertex 13.7636 15.4017 13
      vertex 12.1468 15.9271 13
      vertex 13.7359 15.3035 13
    endloop
  endfacet
  facet normal 0 0 1
    outer loop
      vertex 13.9483 14.2359 13
      vertex 12.5729 13.2366 13
      vertex 12.7188 13.0517 13
    endloop
  endfacet
  facet normal -0 0 1
    outer loop
      vertex 12.0829 15.7003 13
      vertex 13.7359 15.3035 13
      vertex 12.1468 15.9271 13
    endloop
  endfacet
  facet normal 0 0 1
    outer loop
      vertex 13.8916 14.3208 13
      vertex 12.4421 13.4325 13
      vertex 12.5729 13.2366 13
    endloop
  endfacet
  facet normal 0 0 1
    outer loop
      vertex 13.7359 15.3035 13
      vertex 12.0829 15.7003 13
      vertex 13.716 15.2034 13
    endloop
  endfacet
  facet normal 0 0 1
    outer loop
      vertex 13.8417 14.4098 13
      vertex 12.327 13.638 13
      vertex 12.4421 13.4325 13
    endloop
  endfacet
  facet normal -0 0 1
    outer loop
      vertex 12.0369 15.4693 13
      vertex 13.716 15.2034 13
      vertex 12.0829 15.7003 13
    endloop
  endfacet
  facet normal 0 0 1
    outer loop
      vertex 13.799 14.5025 13
      vertex 12.2284 13.852 13
      vertex 12.327 13.638 13
    endloop
  endfacet
  facet normal 0 0 1
    outer loop
      vertex 13.716 15.2034 13
      vertex 12.0369 15.4693 13
      vertex 13.704 15.102 13
    endloop
  endfacet
  facet normal 0 0 1
    outer loop
      vertex 13.7636 14.5983 13
      vertex 12.1468 14.0729 13
      vertex 12.2284 13.852 13
    endloop
  endfacet
  facet normal -0 0 1
    outer loop
      vertex 12.0092 15.2354 13
      vertex 13.704 15.102 13
      vertex 12.0369 15.4693 13
    endloop
  endfacet
  facet normal 0 0 1
    outer loop
      vertex 13.7359 14.6965 13
      vertex 12.0829 14.2997 13
      vertex 12.1468 14.0729 13
    endloop
  endfacet
  facet normal 0 0 1
    outer loop
      vertex 13.704 15.102 13
      vertex 12.0092 15.2354 13
      vertex 13.7 15 13
    endloop
  endfacet
  facet normal 0 0 1
    outer loop
      vertex 13.716 14.7966 13
      vertex 12.0369 14.5307 13
      vertex 12.0829 14.2997 13
    endloop
  endfacet
  facet normal 0 0 1
    outer loop
      vertex 12 15 13
      vertex 13.7 15 13
      vertex 12.0092 15.2354 13
    endloop
  endfacet
  facet normal 0 0 1
    outer loop
      vertex 13.704 14.898 13
      vertex 12.0092 14.7646 13
      vertex 12.0369 14.5307 13
    endloop
  endfacet
  facet normal 0 0 1
    outer loop
      vertex 13.7 15 13
      vertex 12 15 13
      vertex 12.0092 14.7646 13
    endloop
  endfacet
  facet normal -0.418466 0.908232 0
    outer loop
      vertex 13.852 17.7716 5
      vertex 13.638 17.673 13
      vertex 13.852 17.7716 13
    endloop
  endfacet
  facet normal -0.418466 0.908232 0
    outer loop
      vertex 13.638 17.673 13
      vertex 13.852 17.7716 5
      vertex 13.638 17.673 5
    endloop
  endfacet
  facet normal -0.555288 0.831658 0
    outer loop
      vertex 13.4325 17.5579 5
      vertex 13.2366 17.4271 13
      vertex 13.4325 17.5579 13
    endloop
  endfacet
  facet normal -0.555288 0.831658 0
    outer loop
      vertex 13.2366 17.4271 13
      vertex 13.4325 17.5579 5
      vertex 13.2366 17.4271 5
    endloop
  endfacet
  facet normal -0.271188 0.962526 0
    outer loop
      vertex 14.2997 17.9171 5
      vertex 14.0729 17.8532 13
      vertex 14.2997 17.9171 13
    endloop
  endfacet
  facet normal -0.271188 0.962526 0
    outer loop
      vertex 14.0729 17.8532 13
      vertex 14.2997 17.9171 5
      vertex 14.0729 17.8532 5
    endloop
  endfacet
  facet normal -0.0390526 0.999237 0
    outer loop
      vertex 15 18 5
      vertex 14.7646 17.9908 13
      vertex 15 18 13
    endloop
  endfacet
  facet normal -0.0390526 0.999237 0
    outer loop
      vertex 14.7646 17.9908 13
      vertex 15 18 5
      vertex 14.7646 17.9908 5
    endloop
  endfacet
  facet normal 0.0390526 -0.999237 0
    outer loop
      vertex 15 12 5
      vertex 15.2354 12.0092 13
      vertex 15 12 13
    endloop
  endfacet
  facet normal 0.0390526 -0.999237 0
    outer loop
      vertex 15.2354 12.0092 13
      vertex 15 12 5
      vertex 15.2354 12.0092 5
    endloop
  endfacet
  facet normal 0.1953 -0.980744 0
    outer loop
      vertex 15.4693 12.0369 5
      vertex 15.7003 12.0829 13
      vertex 15.4693 12.0369 13
    endloop
  endfacet
  facet normal 0.1953 -0.980744 0
    outer loop
      vertex 15.7003 12.0829 13
      vertex 15.4693 12.0369 5
      vertex 15.7003 12.0829 5
    endloop
  endfacet
  facet normal 0.346512 -0.938046 0
    outer loop
      vertex 15.9271 12.1468 5
      vertex 16.148 12.2284 13
      vertex 15.9271 12.1468 13
    endloop
  endfacet
  facet normal 0.346512 -0.938046 0
    outer loop
      vertex 16.148 12.2284 13
      vertex 15.9271 12.1468 5
      vertex 16.148 12.2284 5
    endloop
  endfacet
  facet normal 0.555288 -0.831658 0
    outer loop
      vertex 16.5675 12.4421 5
      vertex 16.7634 12.5729 13
      vertex 16.5675 12.4421 13
    endloop
  endfacet
  facet normal 0.555288 -0.831658 0
    outer loop
      vertex 16.7634 12.5729 13
      vertex 16.5675 12.4421 5
      vertex 16.7634 12.5729 5
    endloop
  endfacet
  facet normal 0.488668 -0.87247 0
    outer loop
      vertex 16.362 12.327 5
      vertex 16.5675 12.4421 13
      vertex 16.362 12.327 13
    endloop
  endfacet
  facet normal 0.488668 -0.87247 0
    outer loop
      vertex 16.5675 12.4421 13
      vertex 16.362 12.327 5
      vertex 16.5675 12.4421 5
    endloop
  endfacet
  facet normal 0.785035 -0.619452 0
    outer loop
      vertex 17.2812 13.0517 13
      vertex 17.4271 13.2366 5
      vertex 17.4271 13.2366 13
    endloop
  endfacet
  facet normal 0.785035 -0.619452 0
    outer loop
      vertex 17.4271 13.2366 5
      vertex 17.2812 13.0517 13
      vertex 17.2812 13.0517 5
    endloop
  endfacet
  facet normal 0.908232 -0.418466 0
    outer loop
      vertex 17.673 13.638 13
      vertex 17.7716 13.852 5
      vertex 17.7716 13.852 13
    endloop
  endfacet
  facet normal 0.908232 -0.418466 0
    outer loop
      vertex 17.7716 13.852 5
      vertex 17.673 13.638 13
      vertex 17.673 13.638 5
    endloop
  endfacet
  facet normal 0.980744 -0.1953 0
    outer loop
      vertex 17.9171 14.2997 13
      vertex 17.9631 14.5307 5
      vertex 17.9631 14.5307 13
    endloop
  endfacet
  facet normal 0.980744 -0.1953 0
    outer loop
      vertex 17.9631 14.5307 5
      vertex 17.9171 14.2997 13
      vertex 17.9171 14.2997 5
    endloop
  endfacet
  facet normal 0.99306 -0.117605 0
    outer loop
      vertex 17.9631 14.5307 13
      vertex 17.9908 14.7646 5
      vertex 17.9908 14.7646 13
    endloop
  endfacet
  facet normal 0.99306 -0.117605 0
    outer loop
      vertex 17.9908 14.7646 5
      vertex 17.9631 14.5307 13
      vertex 17.9631 14.5307 5
    endloop
  endfacet
  facet normal -0.619452 -0.785035 0
    outer loop
      vertex 13.0517 12.7188 5
      vertex 13.2366 12.5729 13
      vertex 13.0517 12.7188 13
    endloop
  endfacet
  facet normal -0.619452 -0.785035 -0
    outer loop
      vertex 13.2366 12.5729 13
      vertex 13.0517 12.7188 5
      vertex 13.2366 12.5729 5
    endloop
  endfacet
  facet normal -0.418466 -0.908232 0
    outer loop
      vertex 13.638 12.327 5
      vertex 13.852 12.2284 13
      vertex 13.638 12.327 13
    endloop
  endfacet
  facet normal -0.418466 -0.908232 -0
    outer loop
      vertex 13.852 12.2284 13
      vertex 13.638 12.327 5
      vertex 13.852 12.2284 5
    endloop
  endfacet
  facet normal -0.271188 -0.962526 0
    outer loop
      vertex 14.0729 12.1468 5
      vertex 14.2997 12.0829 13
      vertex 14.0729 12.1468 13
    endloop
  endfacet
  facet normal -0.271188 -0.962526 -0
    outer loop
      vertex 14.2997 12.0829 13
      vertex 14.0729 12.1468 5
      vertex 14.2997 12.0829 5
    endloop
  endfacet
  facet normal -0.117605 -0.99306 0
    outer loop
      vertex 14.5307 12.0369 5
      vertex 14.7646 12.0092 13
      vertex 14.5307 12.0369 13
    endloop
  endfacet
  facet normal -0.117605 -0.99306 -0
    outer loop
      vertex 14.7646 12.0092 13
      vertex 14.5307 12.0369 5
      vertex 14.7646 12.0092 5
    endloop
  endfacet
  facet normal -0.831658 -0.555288 0
    outer loop
      vertex 12.5729 13.2366 5
      vertex 12.4421 13.4325 13
      vertex 12.4421 13.4325 5
    endloop
  endfacet
  facet normal -0.831658 -0.555288 0
    outer loop
      vertex 12.4421 13.4325 13
      vertex 12.5729 13.2366 5
      vertex 12.5729 13.2366 13
    endloop
  endfacet
  facet normal -0.734364 -0.678756 0
    outer loop
      vertex 12.8787 12.8787 5
      vertex 12.7188 13.0517 13
      vertex 12.7188 13.0517 5
    endloop
  endfacet
  facet normal -0.734364 -0.678756 0
    outer loop
      vertex 12.7188 13.0517 13
      vertex 12.8787 12.8787 5
      vertex 12.8787 12.8787 13
    endloop
  endfacet
  facet normal -0.87247 -0.488668 0
    outer loop
      vertex 12.4421 13.4325 5
      vertex 12.327 13.638 13
      vertex 12.327 13.638 5
    endloop
  endfacet
  facet normal -0.87247 -0.488668 0
    outer loop
      vertex 12.327 13.638 13
      vertex 12.4421 13.4325 5
      vertex 12.4421 13.4325 13
    endloop
  endfacet
  facet normal -0.938111 -0.346335 0
    outer loop
      vertex 12.2182 13.8795 5
      vertex 12.1468 14.0729 13
      vertex 12.1468 14.0729 5
    endloop
  endfacet
  facet normal -0.937584 -0.347758 -0
    outer loop
      vertex 12.2284 13.852 13
      vertex 12.2182 13.8795 5
      vertex 12.2284 13.852 5
    endloop
  endfacet
  facet normal -0.938046 -0.346512 4.87283e-06
    outer loop
      vertex 12.2182 13.8795 5
      vertex 12.2284 13.852 13
      vertex 12.1468 14.0729 13
    endloop
  endfacet
  facet normal -0.980744 -0.1953 0
    outer loop
      vertex 12.0829 14.2997 5
      vertex 12.0369 14.5307 13
      vertex 12.0369 14.5307 5
    endloop
  endfacet
  facet normal -0.980744 -0.1953 0
    outer loop
      vertex 12.0369 14.5307 13
      vertex 12.0829 14.2997 5
      vertex 12.0829 14.2997 13
    endloop
  endfacet
  facet normal -0.999237 -0.0390526 0
    outer loop
      vertex 12.0092 14.7646 5
      vertex 12 15 13
      vertex 12 15 5
    endloop
  endfacet
  facet normal -0.999237 -0.0390526 0
    outer loop
      vertex 12 15 13
      vertex 12.0092 14.7646 5
      vertex 12.0092 14.7646 13
    endloop
  endfacet
  facet normal -0.831658 0.555288 0
    outer loop
      vertex 12.4421 16.5675 5
      vertex 12.5729 16.7634 13
      vertex 12.5729 16.7634 5
    endloop
  endfacet
  facet normal -0.831658 0.555288 0
    outer loop
      vertex 12.5729 16.7634 13
      vertex 12.4421 16.5675 5
      vertex 12.4421 16.5675 13
    endloop
  endfacet
  facet normal -0.785035 0.619452 0
    outer loop
      vertex 12.5729 16.7634 5
      vertex 12.7188 16.9483 13
      vertex 12.7188 16.9483 5
    endloop
  endfacet
  facet normal -0.785035 0.619452 0
    outer loop
      vertex 12.7188 16.9483 13
      vertex 12.5729 16.7634 5
      vertex 12.5729 16.7634 13
    endloop
  endfacet
  facet normal 0.117605 -0.99306 0
    outer loop
      vertex 15.2354 12.0092 5
      vertex 15.4693 12.0369 13
      vertex 15.2354 12.0092 13
    endloop
  endfacet
  facet normal 0.117605 -0.99306 0
    outer loop
      vertex 15.4693 12.0369 13
      vertex 15.2354 12.0092 5
      vertex 15.4693 12.0369 5
    endloop
  endfacet
  facet normal 0.619452 -0.785035 0
    outer loop
      vertex 16.7634 12.5729 5
      vertex 16.9483 12.7188 13
      vertex 16.7634 12.5729 13
    endloop
  endfacet
  facet normal 0.619452 -0.785035 0
    outer loop
      vertex 16.9483 12.7188 13
      vertex 16.7634 12.5729 5
      vertex 16.9483 12.7188 5
    endloop
  endfacet
  facet normal 0.831658 -0.555288 0
    outer loop
      vertex 17.4271 13.2366 13
      vertex 17.5579 13.4325 5
      vertex 17.5579 13.4325 13
    endloop
  endfacet
  facet normal 0.831658 -0.555288 0
    outer loop
      vertex 17.5579 13.4325 5
      vertex 17.4271 13.2366 13
      vertex 17.4271 13.2366 5
    endloop
  endfacet
  facet normal 0.938046 -0.346512 0
    outer loop
      vertex 17.7716 13.852 13
      vertex 17.8532 14.0729 5
      vertex 17.8532 14.0729 13
    endloop
  endfacet
  facet normal 0.938046 -0.346512 0
    outer loop
      vertex 17.8532 14.0729 5
      vertex 17.7716 13.852 13
      vertex 17.7716 13.852 5
    endloop
  endfacet
  facet normal 0.999237 -0.0390526 0
    outer loop
      vertex 17.9908 14.7646 13
      vertex 18 15 5
      vertex 18 15 13
    endloop
  endfacet
  facet normal 0.999237 -0.0390526 0
    outer loop
      vertex 18 15 5
      vertex 17.9908 14.7646 13
      vertex 17.9908 14.7646 5
    endloop
  endfacet
  facet normal -0.0390526 -0.999237 0
    outer loop
      vertex 14.7646 12.0092 5
      vertex 15 12 13
      vertex 14.7646 12.0092 13
    endloop
  endfacet
  facet normal -0.0390526 -0.999237 -0
    outer loop
      vertex 15 12 13
      vertex 14.7646 12.0092 5
      vertex 15 12 5
    endloop
  endfacet
  facet normal -0.785035 -0.619452 0
    outer loop
      vertex 12.7188 13.0517 5
      vertex 12.5729 13.2366 13
      vertex 12.5729 13.2366 5
    endloop
  endfacet
  facet normal -0.785035 -0.619452 0
    outer loop
      vertex 12.5729 13.2366 13
      vertex 12.7188 13.0517 5
      vertex 12.7188 13.0517 13
    endloop
  endfacet
  facet normal -0.99306 -0.117605 0
    outer loop
      vertex 12.0369 14.5307 5
      vertex 12.0092 14.7646 13
      vertex 12.0092 14.7646 5
    endloop
  endfacet
  facet normal -0.99306 -0.117605 0
    outer loop
      vertex 12.0092 14.7646 13
      vertex 12.0369 14.5307 5
      vertex 12.0369 14.5307 13
    endloop
  endfacet
  facet normal -0.999232 -0.0391856 0
    outer loop
      vertex 16.3 15 5
      vertex 16.296 15.102 13
      vertex 16.296 15.102 5
    endloop
  endfacet
  facet normal -0.999232 -0.0391856 0
    outer loop
      vertex 16.296 15.102 13
      vertex 16.3 15 5
      vertex 16.3 15 13
    endloop
  endfacet
  facet normal 0.999232 -0.0391856 0
    outer loop
      vertex 13.7 15 13
      vertex 13.704 15.102 5
      vertex 13.704 15.102 13
    endloop
  endfacet
  facet normal 0.999232 -0.0391856 0
    outer loop
      vertex 13.704 15.102 5
      vertex 13.7 15 13
      vertex 13.7 15 5
    endloop
  endfacet
  facet normal 0.0391856 -0.999232 0
    outer loop
      vertex 14.898 16.296 5
      vertex 15 16.3 13
      vertex 14.898 16.296 13
    endloop
  endfacet
  facet normal 0.0391856 -0.999232 0
    outer loop
      vertex 15 16.3 13
      vertex 14.898 16.296 5
      vertex 15 16.3 5
    endloop
  endfacet
  facet normal -0.0391856 0.999232 0
    outer loop
      vertex 15.102 13.704 5
      vertex 15 13.7 13
      vertex 15.102 13.704 13
    endloop
  endfacet
  facet normal -0.0391856 0.999232 0
    outer loop
      vertex 15 13.7 13
      vertex 15.102 13.704 5
      vertex 15 13.7 5
    endloop
  endfacet
  facet normal -0.679134 -0.734014 0
    outer loop
      vertex 15.8443 15.9885 5
      vertex 15.9192 15.9192 13
      vertex 15.8443 15.9885 13
    endloop
  endfacet
  facet normal -0.679134 -0.734014 -0
    outer loop
      vertex 15.9192 15.9192 13
      vertex 15.8443 15.9885 5
      vertex 15.9192 15.9192 5
    endloop
  endfacet
  facet normal 0.734014 -0.679134 0
    outer loop
      vertex 14.0115 15.8443 13
      vertex 14.0808 15.9192 5
      vertex 14.0808 15.9192 13
    endloop
  endfacet
  facet normal 0.734014 -0.679134 0
    outer loop
      vertex 14.0808 15.9192 5
      vertex 14.0115 15.8443 13
      vertex 14.0115 15.8443 5
    endloop
  endfacet
  facet normal 0.418375 -0.908275 0
    outer loop
      vertex 14.4098 16.1583 5
      vertex 14.5025 16.201 13
      vertex 14.4098 16.1583 13
    endloop
  endfacet
  facet normal 0.418375 -0.908275 0
    outer loop
      vertex 14.5025 16.201 13
      vertex 14.4098 16.1583 5
      vertex 14.5025 16.201 5
    endloop
  endfacet
  facet normal -0.908275 -0.418375 0
    outer loop
      vertex 16.201 15.4975 5
      vertex 16.1583 15.5902 13
      vertex 16.1583 15.5902 5
    endloop
  endfacet
  facet normal -0.908275 -0.418375 0
    outer loop
      vertex 16.1583 15.5902 13
      vertex 16.201 15.4975 5
      vertex 16.201 15.4975 13
    endloop
  endfacet
  facet normal -0.346613 -0.938008 0
    outer loop
      vertex 15.4017 16.2364 5
      vertex 15.4975 16.201 13
      vertex 15.4017 16.2364 13
    endloop
  endfacet
  facet normal -0.346613 -0.938008 -0
    outer loop
      vertex 15.4975 16.201 13
      vertex 15.4017 16.2364 5
      vertex 15.4975 16.201 5
    endloop
  endfacet
  facet normal -0.555378 -0.831598 0
    outer loop
      vertex 15.6792 16.1084 5
      vertex 15.7641 16.0517 13
      vertex 15.6792 16.1084 13
    endloop
  endfacet
  facet normal -0.555378 -0.831598 -0
    outer loop
      vertex 15.7641 16.0517 13
      vertex 15.6792 16.1084 5
      vertex 15.7641 16.0517 5
    endloop
  endfacet
  facet normal 0.908275 -0.418375 0
    outer loop
      vertex 13.799 15.4975 13
      vertex 13.8417 15.5902 5
      vertex 13.8417 15.5902 13
    endloop
  endfacet
  facet normal 0.908275 -0.418375 0
    outer loop
      vertex 13.8417 15.5902 5
      vertex 13.799 15.4975 13
      vertex 13.799 15.4975 5
    endloop
  endfacet
  facet normal 0.271483 -0.962443 0
    outer loop
      vertex 14.5983 16.2364 5
      vertex 14.6965 16.2641 13
      vertex 14.5983 16.2364 13
    endloop
  endfacet
  facet normal 0.271483 -0.962443 0
    outer loop
      vertex 14.6965 16.2641 13
      vertex 14.5983 16.2364 5
      vertex 14.6965 16.2641 5
    endloop
  endfacet
  facet normal -0.962443 0.271483 0
    outer loop
      vertex 16.2364 14.5983 5
      vertex 16.2641 14.6965 13
      vertex 16.2641 14.6965 5
    endloop
  endfacet
  facet normal -0.962443 0.271483 0
    outer loop
      vertex 16.2641 14.6965 13
      vertex 16.2364 14.5983 5
      vertex 16.2364 14.5983 13
    endloop
  endfacet
  facet normal -0.962443 -0.271483 0
    outer loop
      vertex 16.2641 15.3035 5
      vertex 16.2364 15.4017 13
      vertex 16.2364 15.4017 5
    endloop
  endfacet
  facet normal -0.962443 -0.271483 0
    outer loop
      vertex 16.2364 15.4017 13
      vertex 16.2641 15.3035 5
      vertex 16.2641 15.3035 13
    endloop
  endfacet
  facet normal -0.99307 -0.117523 0
    outer loop
      vertex 16.296 15.102 5
      vertex 16.284 15.2034 13
      vertex 16.284 15.2034 5
    endloop
  endfacet
  facet normal -0.99307 -0.117523 0
    outer loop
      vertex 16.284 15.2034 13
      vertex 16.296 15.102 5
      vertex 16.296 15.102 13
    endloop
  endfacet
  facet normal -0.938008 -0.346613 0
    outer loop
      vertex 16.2364 15.4017 5
      vertex 16.201 15.4975 13
      vertex 16.201 15.4975 5
    endloop
  endfacet
  facet normal -0.938008 -0.346613 0
    outer loop
      vertex 16.201 15.4975 13
      vertex 16.2364 15.4017 5
      vertex 16.2364 15.4017 13
    endloop
  endfacet
  facet normal -0.785434 -0.618945 0
    outer loop
      vertex 16.0517 15.7641 5
      vertex 15.9885 15.8443 13
      vertex 15.9885 15.8443 5
    endloop
  endfacet
  facet normal -0.785434 -0.618945 0
    outer loop
      vertex 15.9885 15.8443 13
      vertex 16.0517 15.7641 5
      vertex 16.0517 15.7641 13
    endloop
  endfacet
  facet normal -0.734014 -0.679134 0
    outer loop
      vertex 15.9885 15.8443 5
      vertex 15.9192 15.9192 13
      vertex 15.9192 15.9192 5
    endloop
  endfacet
  facet normal -0.734014 -0.679134 0
    outer loop
      vertex 15.9192 15.9192 13
      vertex 15.9885 15.8443 5
      vertex 15.9885 15.8443 13
    endloop
  endfacet
  facet normal -0.872255 -0.489051 0
    outer loop
      vertex 16.1583 15.5902 5
      vertex 16.1084 15.6792 13
      vertex 16.1084 15.6792 5
    endloop
  endfacet
  facet normal -0.872255 -0.489051 0
    outer loop
      vertex 16.1084 15.6792 13
      vertex 16.1583 15.5902 5
      vertex 16.1583 15.5902 13
    endloop
  endfacet
  facet normal -0.194985 -0.980806 0
    outer loop
      vertex 15.2034 16.284 5
      vertex 15.3035 16.2641 13
      vertex 15.2034 16.284 13
    endloop
  endfacet
  facet normal -0.194985 -0.980806 -0
    outer loop
      vertex 15.3035 16.2641 13
      vertex 15.2034 16.284 5
      vertex 15.3035 16.2641 5
    endloop
  endfacet
  facet normal -0.271483 -0.962443 0
    outer loop
      vertex 15.3035 16.2641 5
      vertex 15.4017 16.2364 13
      vertex 15.3035 16.2641 13
    endloop
  endfacet
  facet normal -0.271483 -0.962443 -0
    outer loop
      vertex 15.4017 16.2364 13
      vertex 15.3035 16.2641 5
      vertex 15.4017 16.2364 5
    endloop
  endfacet
  facet normal -0.618945 -0.785434 0
    outer loop
      vertex 15.7641 16.0517 5
      vertex 15.8443 15.9885 13
      vertex 15.7641 16.0517 13
    endloop
  endfacet
  facet normal -0.618945 -0.785434 -0
    outer loop
      vertex 15.8443 15.9885 13
      vertex 15.7641 16.0517 5
      vertex 15.8443 15.9885 5
    endloop
  endfacet
  facet normal 0.980806 -0.194985 0
    outer loop
      vertex 13.716 15.2034 13
      vertex 13.7359 15.3035 5
      vertex 13.7359 15.3035 13
    endloop
  endfacet
  facet normal 0.980806 -0.194985 0
    outer loop
      vertex 13.7359 15.3035 5
      vertex 13.716 15.2034 13
      vertex 13.716 15.2034 5
    endloop
  endfacet
  facet normal 0.831598 -0.555378 0
    outer loop
      vertex 13.8916 15.6792 13
      vertex 13.9483 15.7641 5
      vertex 13.9483 15.7641 13
    endloop
  endfacet
  facet normal 0.831598 -0.555378 0
    outer loop
      vertex 13.9483 15.7641 5
      vertex 13.8916 15.6792 13
      vertex 13.8916 15.6792 5
    endloop
  endfacet
  facet normal 0.785434 -0.618945 0
    outer loop
      vertex 13.9483 15.7641 13
      vertex 14.0115 15.8443 5
      vertex 14.0115 15.8443 13
    endloop
  endfacet
  facet normal 0.785434 -0.618945 0
    outer loop
      vertex 14.0115 15.8443 5
      vertex 13.9483 15.7641 13
      vertex 13.9483 15.7641 5
    endloop
  endfacet
  facet normal 0.872255 -0.489051 0
    outer loop
      vertex 13.8417 15.5902 13
      vertex 13.8916 15.6792 5
      vertex 13.8916 15.6792 13
    endloop
  endfacet
  facet normal 0.872255 -0.489051 0
    outer loop
      vertex 13.8916 15.6792 5
      vertex 13.8417 15.5902 13
      vertex 13.8417 15.5902 5
    endloop
  endfacet
  facet normal 0.938008 -0.346613 0
    outer loop
      vertex 13.7636 15.4017 13
      vertex 13.799 15.4975 5
      vertex 13.799 15.4975 13
    endloop
  endfacet
  facet normal 0.938008 -0.346613 0
    outer loop
      vertex 13.799 15.4975 5
      vertex 13.7636 15.4017 13
      vertex 13.7636 15.4017 5
    endloop
  endfacet
  facet normal 0.99307 -0.117523 0
    outer loop
      vertex 13.704 15.102 13
      vertex 13.716 15.2034 5
      vertex 13.716 15.2034 13
    endloop
  endfacet
  facet normal 0.99307 -0.117523 0
    outer loop
      vertex 13.716 15.2034 5
      vertex 13.704 15.102 13
      vertex 13.704 15.102 5
    endloop
  endfacet
  facet normal 0.618945 -0.785434 0
    outer loop
      vertex 14.1557 15.9885 5
      vertex 14.2359 16.0517 13
      vertex 14.1557 15.9885 13
    endloop
  endfacet
  facet normal 0.618945 -0.785434 0
    outer loop
      vertex 14.2359 16.0517 13
      vertex 14.1557 15.9885 5
      vertex 14.2359 16.0517 5
    endloop
  endfacet
  facet normal 0.489051 -0.872255 0
    outer loop
      vertex 14.3208 16.1084 5
      vertex 14.4098 16.1583 13
      vertex 14.3208 16.1084 13
    endloop
  endfacet
  facet normal 0.489051 -0.872255 0
    outer loop
      vertex 14.4098 16.1583 13
      vertex 14.3208 16.1084 5
      vertex 14.4098 16.1583 5
    endloop
  endfacet
  facet normal 0.679134 -0.734014 0
    outer loop
      vertex 14.0808 15.9192 5
      vertex 14.1557 15.9885 13
      vertex 14.0808 15.9192 13
    endloop
  endfacet
  facet normal 0.679134 -0.734014 0
    outer loop
      vertex 14.1557 15.9885 13
      vertex 14.0808 15.9192 5
      vertex 14.1557 15.9885 5
    endloop
  endfacet
  facet normal 0.346613 -0.938008 0
    outer loop
      vertex 14.5025 16.201 5
      vertex 14.5983 16.2364 13
      vertex 14.5025 16.201 13
    endloop
  endfacet
  facet normal 0.346613 -0.938008 0
    outer loop
      vertex 14.5983 16.2364 13
      vertex 14.5025 16.201 5
      vertex 14.5983 16.2364 5
    endloop
  endfacet
  facet normal 0.117523 -0.99307 0
    outer loop
      vertex 14.7966 16.284 5
      vertex 14.898 16.296 13
      vertex 14.7966 16.284 13
    endloop
  endfacet
  facet normal 0.117523 -0.99307 0
    outer loop
      vertex 14.898 16.296 13
      vertex 14.7966 16.284 5
      vertex 14.898 16.296 5
    endloop
  endfacet
  facet normal -0.99307 0.117523 0
    outer loop
      vertex 16.284 14.7966 5
      vertex 16.296 14.898 13
      vertex 16.296 14.898 5
    endloop
  endfacet
  facet normal -0.99307 0.117523 0
    outer loop
      vertex 16.296 14.898 13
      vertex 16.284 14.7966 5
      vertex 16.284 14.7966 13
    endloop
  endfacet
  facet normal -0.489051 0.872255 0
    outer loop
      vertex 15.6792 13.8916 5
      vertex 15.5902 13.8417 13
      vertex 15.6792 13.8916 13
    endloop
  endfacet
  facet normal -0.489051 0.872255 0
    outer loop
      vertex 15.5902 13.8417 13
      vertex 15.6792 13.8916 5
      vertex 15.5902 13.8417 5
    endloop
  endfacet
  facet normal 0.908275 0.418375 0
    outer loop
      vertex 13.8417 14.4098 13
      vertex 13.799 14.5025 5
      vertex 13.799 14.5025 13
    endloop
  endfacet
  facet normal 0.908275 0.418375 0
    outer loop
      vertex 13.799 14.5025 5
      vertex 13.8417 14.4098 13
      vertex 13.8417 14.4098 5
    endloop
  endfacet
  facet normal -0.117523 0.99307 0
    outer loop
      vertex 15.2034 13.716 5
      vertex 15.102 13.704 13
      vertex 15.2034 13.716 13
    endloop
  endfacet
  facet normal -0.117523 0.99307 0
    outer loop
      vertex 15.102 13.704 13
      vertex 15.2034 13.716 5
      vertex 15.102 13.704 5
    endloop
  endfacet
  facet normal -0.980806 -0.194985 0
    outer loop
      vertex 16.284 15.2034 5
      vertex 16.2641 15.3035 13
      vertex 16.2641 15.3035 5
    endloop
  endfacet
  facet normal -0.980806 -0.194985 0
    outer loop
      vertex 16.2641 15.3035 13
      vertex 16.284 15.2034 5
      vertex 16.284 15.2034 13
    endloop
  endfacet
  facet normal -0.831598 -0.555378 0
    outer loop
      vertex 16.1084 15.6792 5
      vertex 16.0517 15.7641 13
      vertex 16.0517 15.7641 5
    endloop
  endfacet
  facet normal -0.831598 -0.555378 0
    outer loop
      vertex 16.0517 15.7641 13
      vertex 16.1084 15.6792 5
      vertex 16.1084 15.6792 13
    endloop
  endfacet
  facet normal -0.117523 -0.99307 0
    outer loop
      vertex 15.102 16.296 5
      vertex 15.2034 16.284 13
      vertex 15.102 16.296 13
    endloop
  endfacet
  facet normal -0.117523 -0.99307 -0
    outer loop
      vertex 15.2034 16.284 13
      vertex 15.102 16.296 5
      vertex 15.2034 16.284 5
    endloop
  endfacet
  facet normal -0.0391856 -0.999232 0
    outer loop
      vertex 15 16.3 5
      vertex 15.102 16.296 13
      vertex 15 16.3 13
    endloop
  endfacet
  facet normal -0.0391856 -0.999232 -0
    outer loop
      vertex 15.102 16.296 13
      vertex 15 16.3 5
      vertex 15.102 16.296 5
    endloop
  endfacet
  facet normal -0.489051 -0.872255 0
    outer loop
      vertex 15.5902 16.1583 5
      vertex 15.6792 16.1084 13
      vertex 15.5902 16.1583 13
    endloop
  endfacet
  facet normal -0.489051 -0.872255 -0
    outer loop
      vertex 15.6792 16.1084 13
      vertex 15.5902 16.1583 5
      vertex 15.6792 16.1084 5
    endloop
  endfacet
  facet normal -0.418375 -0.908275 0
    outer loop
      vertex 15.4975 16.201 5
      vertex 15.5902 16.1583 13
      vertex 15.4975 16.201 13
    endloop
  endfacet
  facet normal -0.418375 -0.908275 -0
    outer loop
      vertex 15.5902 16.1583 13
      vertex 15.4975 16.201 5
      vertex 15.5902 16.1583 5
    endloop
  endfacet
  facet normal 0.962443 -0.271483 0
    outer loop
      vertex 13.7359 15.3035 13
      vertex 13.7636 15.4017 5
      vertex 13.7636 15.4017 13
    endloop
  endfacet
  facet normal 0.962443 -0.271483 0
    outer loop
      vertex 13.7636 15.4017 5
      vertex 13.7359 15.3035 13
      vertex 13.7359 15.3035 5
    endloop
  endfacet
  facet normal 0.194985 -0.980806 0
    outer loop
      vertex 14.6965 16.2641 5
      vertex 14.7966 16.284 13
      vertex 14.6965 16.2641 13
    endloop
  endfacet
  facet normal 0.194985 -0.980806 0
    outer loop
      vertex 14.7966 16.284 13
      vertex 14.6965 16.2641 5
      vertex 14.7966 16.284 5
    endloop
  endfacet
  facet normal -0.999232 0.0391856 0
    outer loop
      vertex 16.296 14.898 5
      vertex 16.3 15 13
      vertex 16.3 15 5
    endloop
  endfacet
  facet normal -0.999232 0.0391856 0
    outer loop
      vertex 16.3 15 13
      vertex 16.296 14.898 5
      vertex 16.296 14.898 13
    endloop
  endfacet
  facet normal -0.872255 0.489051 0
    outer loop
      vertex 16.1084 14.3208 5
      vertex 16.1583 14.4098 13
      vertex 16.1583 14.4098 5
    endloop
  endfacet
  facet normal -0.872255 0.489051 0
    outer loop
      vertex 16.1583 14.4098 13
      vertex 16.1084 14.3208 5
      vertex 16.1084 14.3208 13
    endloop
  endfacet
  facet normal -0.938008 0.346613 0
    outer loop
      vertex 16.201 14.5025 5
      vertex 16.2364 14.5983 13
      vertex 16.2364 14.5983 5
    endloop
  endfacet
  facet normal -0.938008 0.346613 0
    outer loop
      vertex 16.2364 14.5983 13
      vertex 16.201 14.5025 5
      vertex 16.201 14.5025 13
    endloop
  endfacet
  facet normal -0.980806 0.194985 0
    outer loop
      vertex 16.2641 14.6965 5
      vertex 16.284 14.7966 13
      vertex 16.284 14.7966 5
    endloop
  endfacet
  facet normal -0.980806 0.194985 0
    outer loop
      vertex 16.284 14.7966 13
      vertex 16.2641 14.6965 5
      vertex 16.2641 14.6965 13
    endloop
  endfacet
  facet normal -0.618945 0.785434 0
    outer loop
      vertex 15.8443 14.0115 5
      vertex 15.7641 13.9483 13
      vertex 15.8443 14.0115 13
    endloop
  endfacet
  facet normal -0.618945 0.785434 0
    outer loop
      vertex 15.7641 13.9483 13
      vertex 15.8443 14.0115 5
      vertex 15.7641 13.9483 5
    endloop
  endfacet
  facet normal -0.785434 0.618945 0
    outer loop
      vertex 15.9885 14.1557 5
      vertex 16.0517 14.2359 13
      vertex 16.0517 14.2359 5
    endloop
  endfacet
  facet normal -0.785434 0.618945 0
    outer loop
      vertex 16.0517 14.2359 13
      vertex 15.9885 14.1557 5
      vertex 15.9885 14.1557 13
    endloop
  endfacet
  facet normal 0.938008 0.346613 0
    outer loop
      vertex 13.799 14.5025 13
      vertex 13.7636 14.5983 5
      vertex 13.7636 14.5983 13
    endloop
  endfacet
  facet normal 0.938008 0.346613 0
    outer loop
      vertex 13.7636 14.5983 5
      vertex 13.799 14.5025 13
      vertex 13.799 14.5025 5
    endloop
  endfacet
  facet normal 0.999232 0.0391856 0
    outer loop
      vertex 13.704 14.898 13
      vertex 13.7 15 5
      vertex 13.7 15 13
    endloop
  endfacet
  facet normal 0.999232 0.0391856 0
    outer loop
      vertex 13.7 15 5
      vertex 13.704 14.898 13
      vertex 13.704 14.898 5
    endloop
  endfacet
  facet normal -0.418375 0.908275 0
    outer loop
      vertex 15.5902 13.8417 5
      vertex 15.4975 13.799 13
      vertex 15.5902 13.8417 13
    endloop
  endfacet
  facet normal -0.418375 0.908275 0
    outer loop
      vertex 15.4975 13.799 13
      vertex 15.5902 13.8417 5
      vertex 15.4975 13.799 5
    endloop
  endfacet
  facet normal -0.346613 0.938008 0
    outer loop
      vertex 15.4975 13.799 5
      vertex 15.4017 13.7636 13
      vertex 15.4975 13.799 13
    endloop
  endfacet
  facet normal -0.346613 0.938008 0
    outer loop
      vertex 15.4017 13.7636 13
      vertex 15.4975 13.799 5
      vertex 15.4017 13.7636 5
    endloop
  endfacet
  facet normal -0.194985 0.980806 0
    outer loop
      vertex 15.3035 13.7359 5
      vertex 15.2034 13.716 13
      vertex 15.3035 13.7359 13
    endloop
  endfacet
  facet normal -0.194985 0.980806 0
    outer loop
      vertex 15.2034 13.716 13
      vertex 15.3035 13.7359 5
      vertex 15.2034 13.716 5
    endloop
  endfacet
  facet normal 0.555378 -0.831598 0
    outer loop
      vertex 14.2359 16.0517 5
      vertex 14.3208 16.1084 13
      vertex 14.2359 16.0517 13
    endloop
  endfacet
  facet normal 0.555378 -0.831598 0
    outer loop
      vertex 14.3208 16.1084 13
      vertex 14.2359 16.0517 5
      vertex 14.3208 16.1084 5
    endloop
  endfacet
  facet normal -0.679134 0.734014 0
    outer loop
      vertex 15.9192 14.0808 5
      vertex 15.8443 14.0115 13
      vertex 15.9192 14.0808 13
    endloop
  endfacet
  facet normal -0.679134 0.734014 0
    outer loop
      vertex 15.8443 14.0115 13
      vertex 15.9192 14.0808 5
      vertex 15.8443 14.0115 5
    endloop
  endfacet
  facet normal -0.734014 0.679134 0
    outer loop
      vertex 15.9192 14.0808 5
      vertex 15.9885 14.1557 13
      vertex 15.9885 14.1557 5
    endloop
  endfacet
  facet normal -0.734014 0.679134 0
    outer loop
      vertex 15.9885 14.1557 13
      vertex 15.9192 14.0808 5
      vertex 15.9192 14.0808 13
    endloop
  endfacet
  facet normal -0.555378 0.831598 0
    outer loop
      vertex 15.7641 13.9483 5
      vertex 15.6792 13.8916 13
      vertex 15.7641 13.9483 13
    endloop
  endfacet
  facet normal -0.555378 0.831598 0
    outer loop
      vertex 15.6792 13.8916 13
      vertex 15.7641 13.9483 5
      vertex 15.6792 13.8916 5
    endloop
  endfacet
  facet normal -0.831598 0.555378 0
    outer loop
      vertex 16.0517 14.2359 5
      vertex 16.1084 14.3208 13
      vertex 16.1084 14.3208 5
    endloop
  endfacet
  facet normal -0.831598 0.555378 0
    outer loop
      vertex 16.1084 14.3208 13
      vertex 16.0517 14.2359 5
      vertex 16.0517 14.2359 13
    endloop
  endfacet
  facet normal 0.489051 0.872255 -0
    outer loop
      vertex 14.4098 13.8417 5
      vertex 14.3208 13.8916 13
      vertex 14.4098 13.8417 13
    endloop
  endfacet
  facet normal 0.489051 0.872255 0
    outer loop
      vertex 14.3208 13.8916 13
      vertex 14.4098 13.8417 5
      vertex 14.3208 13.8916 5
    endloop
  endfacet
  facet normal 0.194985 0.980806 -0
    outer loop
      vertex 14.7966 13.716 5
      vertex 14.6965 13.7359 13
      vertex 14.7966 13.716 13
    endloop
  endfacet
  facet normal 0.194985 0.980806 0
    outer loop
      vertex 14.6965 13.7359 13
      vertex 14.7966 13.716 5
      vertex 14.6965 13.7359 5
    endloop
  endfacet
  facet normal 0.831598 0.555378 0
    outer loop
      vertex 13.9483 14.2359 13
      vertex 13.8916 14.3208 5
      vertex 13.8916 14.3208 13
    endloop
  endfacet
  facet normal 0.831598 0.555378 0
    outer loop
      vertex 13.8916 14.3208 5
      vertex 13.9483 14.2359 13
      vertex 13.9483 14.2359 5
    endloop
  endfacet
  facet normal 0.785434 0.618945 0
    outer loop
      vertex 14.0115 14.1557 13
      vertex 13.9483 14.2359 5
      vertex 13.9483 14.2359 13
    endloop
  endfacet
  facet normal 0.785434 0.618945 0
    outer loop
      vertex 13.9483 14.2359 5
      vertex 14.0115 14.1557 13
      vertex 14.0115 14.1557 5
    endloop
  endfacet
  facet normal 0.99307 0.117523 0
    outer loop
      vertex 13.716 14.7966 13
      vertex 13.704 14.898 5
      vertex 13.704 14.898 13
    endloop
  endfacet
  facet normal 0.99307 0.117523 0
    outer loop
      vertex 13.704 14.898 5
      vertex 13.716 14.7966 13
      vertex 13.716 14.7966 5
    endloop
  endfacet
  facet normal -0.271483 0.962443 0
    outer loop
      vertex 15.4017 13.7636 5
      vertex 15.3035 13.7359 13
      vertex 15.4017 13.7636 13
    endloop
  endfacet
  facet normal -0.271483 0.962443 0
    outer loop
      vertex 15.3035 13.7359 13
      vertex 15.4017 13.7636 5
      vertex 15.3035 13.7359 5
    endloop
  endfacet
  facet normal -0.908275 0.418375 0
    outer loop
      vertex 16.1583 14.4098 5
      vertex 16.201 14.5025 13
      vertex 16.201 14.5025 5
    endloop
  endfacet
  facet normal -0.908275 0.418375 0
    outer loop
      vertex 16.201 14.5025 13
      vertex 16.1583 14.4098 5
      vertex 16.1583 14.4098 13
    endloop
  endfacet
  facet normal 0.0391856 0.999232 -0
    outer loop
      vertex 15 13.7 5
      vertex 14.898 13.704 13
      vertex 15 13.7 13
    endloop
  endfacet
  facet normal 0.0391856 0.999232 0
    outer loop
      vertex 14.898 13.704 13
      vertex 15 13.7 5
      vertex 14.898 13.704 5
    endloop
  endfacet
  facet normal 0.271483 0.962443 -0
    outer loop
      vertex 14.6965 13.7359 5
      vertex 14.5983 13.7636 13
      vertex 14.6965 13.7359 13
    endloop
  endfacet
  facet normal 0.271483 0.962443 0
    outer loop
      vertex 14.5983 13.7636 13
      vertex 14.6965 13.7359 5
      vertex 14.5983 13.7636 5
    endloop
  endfacet
  facet normal 0.117523 0.99307 -0
    outer loop
      vertex 14.898 13.704 5
      vertex 14.7966 13.716 13
      vertex 14.898 13.704 13
    endloop
  endfacet
  facet normal 0.117523 0.99307 0
    outer loop
      vertex 14.7966 13.716 13
      vertex 14.898 13.704 5
      vertex 14.7966 13.716 5
    endloop
  endfacet
  facet normal 0.734014 0.679134 0
    outer loop
      vertex 14.0808 14.0808 13
      vertex 14.0115 14.1557 5
      vertex 14.0115 14.1557 13
    endloop
  endfacet
  facet normal 0.734014 0.679134 0
    outer loop
      vertex 14.0115 14.1557 5
      vertex 14.0808 14.0808 13
      vertex 14.0808 14.0808 5
    endloop
  endfacet
  facet normal 0.679134 0.734014 -0
    outer loop
      vertex 14.1557 14.0115 5
      vertex 14.0808 14.0808 13
      vertex 14.1557 14.0115 13
    endloop
  endfacet
  facet normal 0.679134 0.734014 0
    outer loop
      vertex 14.0808 14.0808 13
      vertex 14.1557 14.0115 5
      vertex 14.0808 14.0808 5
    endloop
  endfacet
  facet normal 0.962443 0.271483 0
    outer loop
      vertex 13.7636 14.5983 13
      vertex 13.7359 14.6965 5
      vertex 13.7359 14.6965 13
    endloop
  endfacet
  facet normal 0.962443 0.271483 0
    outer loop
      vertex 13.7359 14.6965 5
      vertex 13.7636 14.5983 13
      vertex 13.7636 14.5983 5
    endloop
  endfacet
  facet normal 0.980806 0.194985 0
    outer loop
      vertex 13.7359 14.6965 13
      vertex 13.716 14.7966 5
      vertex 13.716 14.7966 13
    endloop
  endfacet
  facet normal 0.980806 0.194985 0
    outer loop
      vertex 13.716 14.7966 5
      vertex 13.7359 14.6965 13
      vertex 13.7359 14.6965 5
    endloop
  endfacet
  facet normal 0.346613 0.938008 -0
    outer loop
      vertex 14.5983 13.7636 5
      vertex 14.5025 13.799 13
      vertex 14.5983 13.7636 13
    endloop
  endfacet
  facet normal 0.346613 0.938008 0
    outer loop
      vertex 14.5025 13.799 13
      vertex 14.5983 13.7636 5
      vertex 14.5025 13.799 5
    endloop
  endfacet
  facet normal 0.872255 0.489051 0
    outer loop
      vertex 13.8916 14.3208 13
      vertex 13.8417 14.4098 5
      vertex 13.8417 14.4098 13
    endloop
  endfacet
  facet normal 0.872255 0.489051 0
    outer loop
      vertex 13.8417 14.4098 5
      vertex 13.8916 14.3208 13
      vertex 13.8916 14.3208 5
    endloop
  endfacet
  facet normal 0.555378 0.831598 -0
    outer loop
      vertex 14.3208 13.8916 5
      vertex 14.2359 13.9483 13
      vertex 14.3208 13.8916 13
    endloop
  endfacet
  facet normal 0.555378 0.831598 0
    outer loop
      vertex 14.2359 13.9483 13
      vertex 14.3208 13.8916 5
      vertex 14.2359 13.9483 5
    endloop
  endfacet
  facet normal 0.618945 0.785434 -0
    outer loop
      vertex 14.2359 13.9483 5
      vertex 14.1557 14.0115 13
      vertex 14.2359 13.9483 13
    endloop
  endfacet
  facet normal 0.618945 0.785434 0
    outer loop
      vertex 14.1557 14.0115 13
      vertex 14.2359 13.9483 5
      vertex 14.1557 14.0115 5
    endloop
  endfacet
  facet normal 0.418375 0.908275 -0
    outer loop
      vertex 14.5025 13.799 5
      vertex 14.4098 13.8417 13
      vertex 14.5025 13.799 13
    endloop
  endfacet
  facet normal 0.418375 0.908275 0
    outer loop
      vertex 14.4098 13.8417 13
      vertex 14.5025 13.799 5
      vertex 14.4098 13.8417 5
    endloop
  endfacet
  facet normal 0 0 -1
    outer loop
      vertex -28 20 -3
      vertex -26 23 -3
      vertex -26 20 -3
    endloop
  endfacet
  facet normal -0 0 -1
    outer loop
      vertex -26 23 -3
      vertex -28 20 -3
      vertex -28 23 -3
    endloop
  endfacet
  facet normal 0 0 -1
    outer loop
      vertex -28 -23 -3
      vertex -26 -20 -3
      vertex -26 -23 -3
    endloop
  endfacet
  facet normal -0 0 -1
    outer loop
      vertex -26 -20 -3
      vertex -28 -23 -3
      vertex -28 -20 -3
    endloop
  endfacet
  facet normal 0 0 -1
    outer loop
      vertex -26 -23 -3
      vertex -23 -23 -3
      vertex -23 -25 -3
    endloop
  endfacet
  facet normal 0 0 -1
    outer loop
      vertex -23 -23 -3
      vertex -26 -23 -3
      vertex -23 -20 -3
    endloop
  endfacet
  facet normal 0 0 -1
    outer loop
      vertex -23 -20 -3
      vertex -26 -20 -3
      vertex -23 20 -3
    endloop
  endfacet
  facet normal 0 0 -1
    outer loop
      vertex -26 20 -3
      vertex -23 20 -3
      vertex -26 -20 -3
    endloop
  endfacet
  facet normal 0 0 -1
    outer loop
      vertex -26 -23 -3
      vertex -23 -25 -3
      vertex -26 -25 -3
    endloop
  endfacet
  facet normal -0 0 -1
    outer loop
      vertex -23 -20 -3
      vertex -26 -23 -3
      vertex -26 -20 -3
    endloop
  endfacet
  facet normal 0 0 -1
    outer loop
      vertex -23 20 -3
      vertex -26 20 -3
      vertex -23 23 -3
    endloop
  endfacet
  facet normal 0 0 -1
    outer loop
      vertex -26 23 -3
      vertex -23 23 -3
      vertex -26 20 -3
    endloop
  endfacet
  facet normal 0 0 -1
    outer loop
      vertex -23 23 -3
      vertex -26 23 -3
      vertex -23 25 -3
    endloop
  endfacet
  facet normal -0 0 -1
    outer loop
      vertex -23 25 -3
      vertex -26 23 -3
      vertex -26 25 -3
    endloop
  endfacet
  facet normal 0 0 -1
    outer loop
      vertex -23 20 -3
      vertex 23 23 -3
      vertex 23 20 -3
    endloop
  endfacet
  facet normal -0 0 -1
    outer loop
      vertex 23 23 -3
      vertex -23 20 -3
      vertex -23 23 -3
    endloop
  endfacet
  facet normal 0 0 -1
    outer loop
      vertex -23 -23 -3
      vertex 23 -20 -3
      vertex 23 -23 -3
    endloop
  endfacet
  facet normal -0 0 -1
    outer loop
      vertex 23 -20 -3
      vertex -23 -23 -3
      vertex -23 -20 -3
    endloop
  endfacet
  facet normal 0 0 -1
    outer loop
      vertex 23 -23 -3
      vertex 26 -23 -3
      vertex 26 -25 -3
    endloop
  endfacet
  facet normal 0 0 -1
    outer loop
      vertex 26 -23 -3
      vertex 23 -23 -3
      vertex 26 -20 -3
    endloop
  endfacet
  facet normal 0 0 -1
    outer loop
      vertex 26 -20 -3
      vertex 23 -20 -3
      vertex 26 20 -3
    endloop
  endfacet
  facet normal 0 0 -1
    outer loop
      vertex 23 20 -3
      vertex 26 20 -3
      vertex 23 -20 -3
    endloop
  endfacet
  facet normal 0 0 -1
    outer loop
      vertex 23 -23 -3
      vertex 26 -25 -3
      vertex 23 -25 -3
    endloop
  endfacet
  facet normal -0 0 -1
    outer loop
      vertex 26 -20 -3
      vertex 23 -23 -3
      vertex 23 -20 -3
    endloop
  endfacet
  facet normal 0 0 -1
    outer loop
      vertex 26 20 -3
      vertex 23 20 -3
      vertex 26 23 -3
    endloop
  endfacet
  facet normal 0 0 -1
    outer loop
      vertex 23 23 -3
      vertex 26 23 -3
      vertex 23 20 -3
    endloop
  endfacet
  facet normal 0 0 -1
    outer loop
      vertex 26 23 -3
      vertex 23 23 -3
      vertex 26 25 -3
    endloop
  endfacet
  facet normal -0 0 -1
    outer loop
      vertex 26 25 -3
      vertex 23 23 -3
      vertex 23 25 -3
    endloop
  endfacet
  facet normal 0 0 -1
    outer loop
      vertex 26 -23 -3
      vertex 28 -20 -3
      vertex 28 -23 -3
    endloop
  endfacet
  facet normal -0 0 -1
    outer loop
      vertex 28 -20 -3
      vertex 26 -23 -3
      vertex 26 -20 -3
    endloop
  endfacet
  facet normal 0 0 -1
    outer loop
      vertex 26 20 -3
      vertex 28 23 -3
      vertex 28 20 -3
    endloop
  endfacet
  facet normal -0 0 -1
    outer loop
      vertex 28 23 -3
      vertex 26 20 -3
      vertex 26 23 -3
    endloop
  endfacet
  facet normal 0 -1 0
    outer loop
      vertex 26 -23 -3
      vertex 28 -23 0
      vertex 26 -23 0
    endloop
  endfacet
  facet normal 0 -1 -0
    outer loop
      vertex 28 -23 0
      vertex 26 -23 -3
      vertex 28 -23 -3
    endloop
  endfacet
  facet normal 0 -1 0
    outer loop
      vertex -28 -23 -3
      vertex -26 -23 0
      vertex -28 -23 0
    endloop
  endfacet
  facet normal 0 -1 -0
    outer loop
      vertex -26 -23 0
      vertex -28 -23 -3
      vertex -26 -23 -3
    endloop
  endfacet
  facet normal 0 -1 0
    outer loop
      vertex -23 -23 -3
      vertex 23 -23 0
      vertex -23 -23 0
    endloop
  endfacet
  facet normal 0 -1 -0
    outer loop
      vertex 23 -23 0
      vertex -23 -23 -3
      vertex 23 -23 -3
    endloop
  endfacet
  facet normal 0 1 -0
    outer loop
      vertex 28 -20 -3
      vertex 26 -20 0
      vertex 28 -20 0
    endloop
  endfacet
  facet normal 0 1 0
    outer loop
      vertex 26 -20 0
      vertex 28 -20 -3
      vertex 26 -20 -3
    endloop
  endfacet
  facet normal 0 1 -0
    outer loop
      vertex -26 -20 -3
      vertex -28 -20 0
      vertex -26 -20 0
    endloop
  endfacet
  facet normal 0 1 0
    outer loop
      vertex -28 -20 0
      vertex -26 -20 -3
      vertex -28 -20 -3
    endloop
  endfacet
  facet normal 0 1 -0
    outer loop
      vertex 23 -20 -3
      vertex -23 -20 0
      vertex 23 -20 0
    endloop
  endfacet
  facet normal 0 1 0
    outer loop
      vertex -23 -20 0
      vertex 23 -20 -3
      vertex -23 -20 -3
    endloop
  endfacet
  facet normal 0 -1 0
    outer loop
      vertex 26 20 -3
      vertex 28 20 0
      vertex 26 20 0
    endloop
  endfacet
  facet normal 0 -1 -0
    outer loop
      vertex 28 20 0
      vertex 26 20 -3
      vertex 28 20 -3
    endloop
  endfacet
  facet normal 0 -1 0
    outer loop
      vertex -28 20 -3
      vertex -26 20 0
      vertex -28 20 0
    endloop
  endfacet
  facet normal 0 -1 -0
    outer loop
      vertex -26 20 0
      vertex -28 20 -3
      vertex -26 20 -3
    endloop
  endfacet
  facet normal 0 -1 0
    outer loop
      vertex -23 20 -3
      vertex 23 20 0
      vertex -23 20 0
    endloop
  endfacet
  facet normal 0 -1 -0
    outer loop
      vertex 23 20 0
      vertex -23 20 -3
      vertex 23 20 -3
    endloop
  endfacet
  facet normal 0 1 -0
    outer loop
      vertex 28 23 -3
      vertex 26 23 0
      vertex 28 23 0
    endloop
  endfacet
  facet normal 0 1 0
    outer loop
      vertex 26 23 0
      vertex 28 23 -3
      vertex 26 23 -3
    endloop
  endfacet
  facet normal 0 1 -0
    outer loop
      vertex -26 23 -3
      vertex -28 23 0
      vertex -26 23 0
    endloop
  endfacet
  facet normal 0 1 0
    outer loop
      vertex -28 23 0
      vertex -26 23 -3
      vertex -28 23 -3
    endloop
  endfacet
  facet normal 0 1 -0
    outer loop
      vertex 23 23 -3
      vertex -23 23 0
      vertex 23 23 0
    endloop
  endfacet
  facet normal 0 1 0
    outer loop
      vertex -23 23 0
      vertex 23 23 -3
      vertex -23 23 -3
    endloop
  endfacet
  facet normal -1 0 0
    outer loop
      vertex -26 -25 -3
      vertex -26 -23 0
      vertex -26 -23 -3
    endloop
  endfacet
  facet normal -1 -0 0
    outer loop
      vertex -26 -23 0
      vertex -26 -25 -3
      vertex -26 -25 0
    endloop
  endfacet
  facet normal -1 0 0
    outer loop
      vertex -26 23 -3
      vertex -26 25 0
      vertex -26 25 -3
    endloop
  endfacet
  facet normal -1 -0 0
    outer loop
      vertex -26 25 0
      vertex -26 23 -3
      vertex -26 23 0
    endloop
  endfacet
  facet normal -1 0 0
    outer loop
      vertex -26 20 -3
      vertex -26 2.09097 0
      vertex -26 20 0
    endloop
  endfacet
  facet normal -1 0 0
    outer loop
      vertex -26 20 -3
      vertex -26 -2.09097 0
      vertex -26 2.09097 0
    endloop
  endfacet
  facet normal -1 0 0
    outer loop
      vertex -26 -20 -3
      vertex -26 -2.09097 0
      vertex -26 20 -3
    endloop
  endfacet
  facet normal -1 -0 0
    outer loop
      vertex -26 -2.09097 0
      vertex -26 -20 -3
      vertex -26 -20 0
    endloop
  endfacet
  facet normal 1 -0 0
    outer loop
      vertex -23 -25 0
      vertex -23 -23 -3
      vertex -23 -23 0
    endloop
  endfacet
  facet normal 1 0 0
    outer loop
      vertex -23 -23 -3
      vertex -23 -25 0
      vertex -23 -25 -3
    endloop
  endfacet
  facet normal 1 -0 0
    outer loop
      vertex -23 23 0
      vertex -23 25 -3
      vertex -23 25 0
    endloop
  endfacet
  facet normal 1 0 0
    outer loop
      vertex -23 25 -3
      vertex -23 23 0
      vertex -23 23 -3
    endloop
  endfacet
  facet normal 1 -0 0
    outer loop
      vertex -23 -20 0
      vertex -23 20 -3
      vertex -23 20 0
    endloop
  endfacet
  facet normal 1 0 0
    outer loop
      vertex -23 20 -3
      vertex -23 -20 0
      vertex -23 -20 -3
    endloop
  endfacet
  facet normal -1 0 0
    outer loop
      vertex 23 -25 -3
      vertex 23 -23 0
      vertex 23 -23 -3
    endloop
  endfacet
  facet normal -1 -0 0
    outer loop
      vertex 23 -23 0
      vertex 23 -25 -3
      vertex 23 -25 0
    endloop
  endfacet
  facet normal -1 0 0
    outer loop
      vertex 23 23 -3
      vertex 23 25 0
      vertex 23 25 -3
    endloop
  endfacet
  facet normal -1 -0 0
    outer loop
      vertex 23 25 0
      vertex 23 23 -3
      vertex 23 23 0
    endloop
  endfacet
  facet normal -1 0 0
    outer loop
      vertex 23 -20 -3
      vertex 23 20 0
      vertex 23 20 -3
    endloop
  endfacet
  facet normal -1 -0 0
    outer loop
      vertex 23 20 0
      vertex 23 -20 -3
      vertex 23 -20 0
    endloop
  endfacet
  facet normal 1 -0 0
    outer loop
      vertex 26 -25 0
      vertex 26 -23 -3
      vertex 26 -23 0
    endloop
  endfacet
  facet normal 1 0 0
    outer loop
      vertex 26 -23 -3
      vertex 26 -25 0
      vertex 26 -25 -3
    endloop
  endfacet
  facet normal 1 -0 0
    outer loop
      vertex 26 23 0
      vertex 26 25 -3
      vertex 26 25 0
    endloop
  endfacet
  facet normal 1 0 0
    outer loop
      vertex 26 25 -3
      vertex 26 23 0
      vertex 26 23 -3
    endloop
  endfacet
  facet normal 1 -0 0
    outer loop
      vertex 26 -20 0
      vertex 26 20 -3
      vertex 26 20 0
    endloop
  endfacet
  facet normal 1 0 0
    outer loop
      vertex 26 20 -3
      vertex 26 -20 0
      vertex 26 -20 -3
    endloop
  endfacet
endsolid OpenSCAD_Model
