solid OpenSCAD_Model
  facet normal 0.604869 0.796325 -0
    outer loop
      vertex 3.8623 4.19821 3.15
      vertex 3.76909 4.26901 3.5
      vertex 3.8623 4.19821 3.5
    endloop
  endfacet
  facet normal 0.604869 0.796325 0
    outer loop
      vertex 3.76909 4.26901 3.5
      vertex 3.8623 4.19821 3.15
      vertex 3.76909 4.26901 3.15
    endloop
  endfacet
  facet normal 0.863553 0.504259 0
    outer loop
      vertex 3.92133 4.09712 3.5
      vertex 3.8623 4.19821 3.15
      vertex 3.8623 4.19821 3.5
    endloop
  endfacet
  facet normal 0.863553 0.504259 0
    outer loop
      vertex 3.8623 4.19821 3.15
      vertex 3.92133 4.09712 3.5
      vertex 3.92133 4.09712 3.15
    endloop
  endfacet
  facet normal 0.796325 -0.604869 0
    outer loop
      vertex 3.83663 3.77472 3.5
      vertex 3.90743 3.86793 3.15
      vertex 3.90743 3.86793 3.5
    endloop
  endfacet
  facet normal 0.796325 -0.604869 0
    outer loop
      vertex 3.90743 3.86793 3.15
      vertex 3.83663 3.77472 3.5
      vertex 3.83663 3.77472 3.15
    endloop
  endfacet
  facet normal 0.990802 0.135319 0
    outer loop
      vertex 3.93717 3.98114 3.5
      vertex 3.92133 4.09712 3.15
      vertex 3.92133 4.09712 3.5
    endloop
  endfacet
  facet normal 0.990802 0.135319 0
    outer loop
      vertex 3.92133 4.09712 3.15
      vertex 3.93717 3.98114 3.5
      vertex 3.93717 3.98114 3.15
    endloop
  endfacet
  facet normal 0.135414 -0.990789 0
    outer loop
      vertex 3.61957 3.69985 3.15
      vertex 3.73554 3.7157 3.5
      vertex 3.61957 3.69985 3.5
    endloop
  endfacet
  facet normal 0.135414 -0.990789 0
    outer loop
      vertex 3.73554 3.7157 3.5
      vertex 3.61957 3.69985 3.15
      vertex 3.73554 3.7157 3.15
    endloop
  endfacet
  facet normal 0 0 -1
    outer loop
      vertex 3.90743 3.86793 3.15
      vertex 3.92133 4.09712 3.15
      vertex 3.93717 3.98114 3.15
    endloop
  endfacet
  facet normal 0 0 -1
    outer loop
      vertex 3.90743 3.86793 3.15
      vertex 3.8623 4.19821 3.15
      vertex 3.92133 4.09712 3.15
    endloop
  endfacet
  facet normal 0 0 -1
    outer loop
      vertex 3.83663 3.77472 3.15
      vertex 3.8623 4.19821 3.15
      vertex 3.90743 3.86793 3.15
    endloop
  endfacet
  facet normal 0 0 -1
    outer loop
      vertex 3.83663 3.77472 3.15
      vertex 3.76909 4.26901 3.15
      vertex 3.8623 4.19821 3.15
    endloop
  endfacet
  facet normal 0 0 -1
    outer loop
      vertex 3.73554 3.7157 3.15
      vertex 3.76909 4.26901 3.15
      vertex 3.83663 3.77472 3.15
    endloop
  endfacet
  facet normal 0 0 -1
    outer loop
      vertex 3.73554 3.7157 3.15
      vertex 3.65588 4.29875 3.15
      vertex 3.76909 4.26901 3.15
    endloop
  endfacet
  facet normal 0 0 -1
    outer loop
      vertex 3.61957 3.69985 3.15
      vertex 3.65588 4.29875 3.15
      vertex 3.73554 3.7157 3.15
    endloop
  endfacet
  facet normal 0 0 -1
    outer loop
      vertex 3.61957 3.69985 3.15
      vertex 3.5399 4.2829 3.15
      vertex 3.65588 4.29875 3.15
    endloop
  endfacet
  facet normal 0 0 -1
    outer loop
      vertex 3.50636 3.72959 3.15
      vertex 3.5399 4.2829 3.15
      vertex 3.61957 3.69985 3.15
    endloop
  endfacet
  facet normal 0 0 -1
    outer loop
      vertex 3.50636 3.72959 3.15
      vertex 3.43882 4.22388 3.15
      vertex 3.5399 4.2829 3.15
    endloop
  endfacet
  facet normal 0 0 -1
    outer loop
      vertex 3.41314 3.80039 3.15
      vertex 3.43882 4.22388 3.15
      vertex 3.50636 3.72959 3.15
    endloop
  endfacet
  facet normal 0 0 -1
    outer loop
      vertex 3.41314 3.80039 3.15
      vertex 3.36802 4.13067 3.15
      vertex 3.43882 4.22388 3.15
    endloop
  endfacet
  facet normal 0 0 -1
    outer loop
      vertex 3.35412 3.90148 3.15
      vertex 3.36802 4.13067 3.15
      vertex 3.41314 3.80039 3.15
    endloop
  endfacet
  facet normal 0 0 -1
    outer loop
      vertex 3.36802 4.13067 3.15
      vertex 3.35412 3.90148 3.15
      vertex 3.33827 4.01746 3.15
    endloop
  endfacet
  facet normal 0.504195 -0.86359 0
    outer loop
      vertex 3.73554 3.7157 3.15
      vertex 3.83663 3.77472 3.5
      vertex 3.73554 3.7157 3.5
    endloop
  endfacet
  facet normal 0.504195 -0.86359 0
    outer loop
      vertex 3.83663 3.77472 3.5
      vertex 3.73554 3.7157 3.15
      vertex 3.83663 3.77472 3.15
    endloop
  endfacet
  facet normal -0.504232 0.863568 0
    outer loop
      vertex 3.5399 4.2829 3.15
      vertex 3.43882 4.22388 3.5
      vertex 3.5399 4.2829 3.5
    endloop
  endfacet
  facet normal -0.504232 0.863568 0
    outer loop
      vertex 3.43882 4.22388 3.5
      vertex 3.5399 4.2829 3.15
      vertex 3.43882 4.22388 3.15
    endloop
  endfacet
  facet normal 0.254077 0.967184 -0
    outer loop
      vertex 3.76909 4.26901 3.15
      vertex 3.65588 4.29875 3.5
      vertex 3.76909 4.26901 3.5
    endloop
  endfacet
  facet normal 0.254077 0.967184 0
    outer loop
      vertex 3.65588 4.29875 3.5
      vertex 3.76909 4.26901 3.15
      vertex 3.65588 4.29875 3.15
    endloop
  endfacet
  facet normal -0.86359 -0.504195 0
    outer loop
      vertex 3.41314 3.80039 3.15
      vertex 3.35412 3.90148 3.5
      vertex 3.35412 3.90148 3.15
    endloop
  endfacet
  facet normal -0.86359 -0.504195 0
    outer loop
      vertex 3.35412 3.90148 3.5
      vertex 3.41314 3.80039 3.15
      vertex 3.41314 3.80039 3.5
    endloop
  endfacet
  facet normal 0.967184 -0.254077 0
    outer loop
      vertex 3.90743 3.86793 3.5
      vertex 3.93717 3.98114 3.15
      vertex 3.93717 3.98114 3.5
    endloop
  endfacet
  facet normal 0.967184 -0.254077 0
    outer loop
      vertex 3.93717 3.98114 3.15
      vertex 3.90743 3.86793 3.5
      vertex 3.90743 3.86793 3.15
    endloop
  endfacet
  facet normal -0.254077 -0.967184 0
    outer loop
      vertex 3.50636 3.72959 3.15
      vertex 3.61957 3.69985 3.5
      vertex 3.50636 3.72959 3.5
    endloop
  endfacet
  facet normal -0.254077 -0.967184 -0
    outer loop
      vertex 3.61957 3.69985 3.5
      vertex 3.50636 3.72959 3.15
      vertex 3.61957 3.69985 3.15
    endloop
  endfacet
  facet normal -0.604828 -0.796356 0
    outer loop
      vertex 3.41314 3.80039 3.15
      vertex 3.50636 3.72959 3.5
      vertex 3.41314 3.80039 3.5
    endloop
  endfacet
  facet normal -0.604828 -0.796356 -0
    outer loop
      vertex 3.50636 3.72959 3.5
      vertex 3.41314 3.80039 3.15
      vertex 3.50636 3.72959 3.15
    endloop
  endfacet
  facet normal -0.135403 0.990791 0
    outer loop
      vertex 3.65588 4.29875 3.15
      vertex 3.5399 4.2829 3.5
      vertex 3.65588 4.29875 3.5
    endloop
  endfacet
  facet normal -0.135403 0.990791 0
    outer loop
      vertex 3.5399 4.2829 3.5
      vertex 3.65588 4.29875 3.15
      vertex 3.5399 4.2829 3.15
    endloop
  endfacet
  facet normal -0.967163 0.254157 0
    outer loop
      vertex 3.33827 4.01746 3.15
      vertex 3.36802 4.13067 3.5
      vertex 3.36802 4.13067 3.15
    endloop
  endfacet
  facet normal -0.967163 0.254157 0
    outer loop
      vertex 3.36802 4.13067 3.5
      vertex 3.33827 4.01746 3.15
      vertex 3.33827 4.01746 3.5
    endloop
  endfacet
  facet normal -0.796325 0.604869 0
    outer loop
      vertex 3.36802 4.13067 3.15
      vertex 3.43882 4.22388 3.5
      vertex 3.43882 4.22388 3.15
    endloop
  endfacet
  facet normal -0.796325 0.604869 0
    outer loop
      vertex 3.43882 4.22388 3.5
      vertex 3.36802 4.13067 3.15
      vertex 3.36802 4.13067 3.5
    endloop
  endfacet
  facet normal -0.990791 -0.135403 0
    outer loop
      vertex 3.35412 3.90148 3.15
      vertex 3.33827 4.01746 3.5
      vertex 3.33827 4.01746 3.15
    endloop
  endfacet
  facet normal -0.990791 -0.135403 0
    outer loop
      vertex 3.33827 4.01746 3.5
      vertex 3.35412 3.90148 3.15
      vertex 3.35412 3.90148 3.5
    endloop
  endfacet
  facet normal 0.604869 0.796325 -0
    outer loop
      vertex 4.3002 5.09723 3.15
      vertex 4.20699 5.16803 3.5
      vertex 4.3002 5.09723 3.5
    endloop
  endfacet
  facet normal 0.604869 0.796325 0
    outer loop
      vertex 4.20699 5.16803 3.5
      vertex 4.3002 5.09723 3.15
      vertex 4.20699 5.16803 3.15
    endloop
  endfacet
  facet normal 0.863568 0.504232 0
    outer loop
      vertex 4.35922 4.99615 3.5
      vertex 4.3002 5.09723 3.15
      vertex 4.3002 5.09723 3.5
    endloop
  endfacet
  facet normal 0.863568 0.504232 0
    outer loop
      vertex 4.3002 5.09723 3.15
      vertex 4.35922 4.99615 3.5
      vertex 4.35922 4.99615 3.15
    endloop
  endfacet
  facet normal 0.796325 -0.604869 0
    outer loop
      vertex 4.27452 4.67375 3.5
      vertex 4.34532 4.76696 3.15
      vertex 4.34532 4.76696 3.5
    endloop
  endfacet
  facet normal 0.796325 -0.604869 0
    outer loop
      vertex 4.34532 4.76696 3.15
      vertex 4.27452 4.67375 3.5
      vertex 4.27452 4.67375 3.15
    endloop
  endfacet
  facet normal 0.990791 0.135403 0
    outer loop
      vertex 4.37507 4.88017 3.5
      vertex 4.35922 4.99615 3.15
      vertex 4.35922 4.99615 3.5
    endloop
  endfacet
  facet normal 0.990791 0.135403 0
    outer loop
      vertex 4.35922 4.99615 3.15
      vertex 4.37507 4.88017 3.5
      vertex 4.37507 4.88017 3.15
    endloop
  endfacet
  facet normal 0.135319 -0.990802 0
    outer loop
      vertex 4.05746 4.59888 3.15
      vertex 4.17344 4.61472 3.5
      vertex 4.05746 4.59888 3.5
    endloop
  endfacet
  facet normal 0.135319 -0.990802 0
    outer loop
      vertex 4.17344 4.61472 3.5
      vertex 4.05746 4.59888 3.15
      vertex 4.17344 4.61472 3.15
    endloop
  endfacet
  facet normal 0 0 -1
    outer loop
      vertex 4.34532 4.76696 3.15
      vertex 4.35922 4.99615 3.15
      vertex 4.37507 4.88017 3.15
    endloop
  endfacet
  facet normal 0 0 -1
    outer loop
      vertex 4.34532 4.76696 3.15
      vertex 4.3002 5.09723 3.15
      vertex 4.35922 4.99615 3.15
    endloop
  endfacet
  facet normal 0 0 -1
    outer loop
      vertex 4.27452 4.67375 3.15
      vertex 4.3002 5.09723 3.15
      vertex 4.34532 4.76696 3.15
    endloop
  endfacet
  facet normal 0 0 -1
    outer loop
      vertex 4.27452 4.67375 3.15
      vertex 4.20699 5.16803 3.15
      vertex 4.3002 5.09723 3.15
    endloop
  endfacet
  facet normal 0 0 -1
    outer loop
      vertex 4.17344 4.61472 3.15
      vertex 4.20699 5.16803 3.15
      vertex 4.27452 4.67375 3.15
    endloop
  endfacet
  facet normal 0 0 -1
    outer loop
      vertex 4.17344 4.61472 3.15
      vertex 4.09377 5.19778 3.15
      vertex 4.20699 5.16803 3.15
    endloop
  endfacet
  facet normal 0 0 -1
    outer loop
      vertex 4.05746 4.59888 3.15
      vertex 4.09377 5.19778 3.15
      vertex 4.17344 4.61472 3.15
    endloop
  endfacet
  facet normal 0 0 -1
    outer loop
      vertex 4.05746 4.59888 3.15
      vertex 3.9778 5.18193 3.15
      vertex 4.09377 5.19778 3.15
    endloop
  endfacet
  facet normal 0 0 -1
    outer loop
      vertex 3.94425 4.62862 3.15
      vertex 3.9778 5.18193 3.15
      vertex 4.05746 4.59888 3.15
    endloop
  endfacet
  facet normal 0 0 -1
    outer loop
      vertex 3.94425 4.62862 3.15
      vertex 3.87671 5.12291 3.15
      vertex 3.9778 5.18193 3.15
    endloop
  endfacet
  facet normal 0 0 -1
    outer loop
      vertex 3.85104 4.69942 3.15
      vertex 3.87671 5.12291 3.15
      vertex 3.94425 4.62862 3.15
    endloop
  endfacet
  facet normal 0 0 -1
    outer loop
      vertex 3.85104 4.69942 3.15
      vertex 3.80591 5.02969 3.15
      vertex 3.87671 5.12291 3.15
    endloop
  endfacet
  facet normal 0 0 -1
    outer loop
      vertex 3.79201 4.80051 3.15
      vertex 3.80591 5.02969 3.15
      vertex 3.85104 4.69942 3.15
    endloop
  endfacet
  facet normal 0 0 -1
    outer loop
      vertex 3.80591 5.02969 3.15
      vertex 3.79201 4.80051 3.15
      vertex 3.77617 4.91648 3.15
    endloop
  endfacet
  facet normal 0.504296 -0.863531 0
    outer loop
      vertex 4.17344 4.61472 3.15
      vertex 4.27452 4.67375 3.5
      vertex 4.17344 4.61472 3.5
    endloop
  endfacet
  facet normal 0.504296 -0.863531 0
    outer loop
      vertex 4.27452 4.67375 3.5
      vertex 4.17344 4.61472 3.15
      vertex 4.27452 4.67375 3.15
    endloop
  endfacet
  facet normal -0.504195 0.86359 0
    outer loop
      vertex 3.9778 5.18193 3.15
      vertex 3.87671 5.12291 3.5
      vertex 3.9778 5.18193 3.5
    endloop
  endfacet
  facet normal -0.504195 0.86359 0
    outer loop
      vertex 3.87671 5.12291 3.5
      vertex 3.9778 5.18193 3.15
      vertex 3.87671 5.12291 3.15
    endloop
  endfacet
  facet normal 0.254136 0.967169 -0
    outer loop
      vertex 4.20699 5.16803 3.15
      vertex 4.09377 5.19778 3.5
      vertex 4.20699 5.16803 3.5
    endloop
  endfacet
  facet normal 0.254136 0.967169 0
    outer loop
      vertex 4.09377 5.19778 3.5
      vertex 4.20699 5.16803 3.15
      vertex 4.09377 5.19778 3.15
    endloop
  endfacet
  facet normal -0.863553 -0.504259 0
    outer loop
      vertex 3.85104 4.69942 3.15
      vertex 3.79201 4.80051 3.5
      vertex 3.79201 4.80051 3.15
    endloop
  endfacet
  facet normal -0.863553 -0.504259 0
    outer loop
      vertex 3.79201 4.80051 3.5
      vertex 3.85104 4.69942 3.15
      vertex 3.85104 4.69942 3.5
    endloop
  endfacet
  facet normal 0.967163 -0.254157 0
    outer loop
      vertex 4.34532 4.76696 3.5
      vertex 4.37507 4.88017 3.15
      vertex 4.37507 4.88017 3.5
    endloop
  endfacet
  facet normal 0.967163 -0.254157 0
    outer loop
      vertex 4.37507 4.88017 3.15
      vertex 4.34532 4.76696 3.5
      vertex 4.34532 4.76696 3.15
    endloop
  endfacet
  facet normal -0.254077 -0.967184 0
    outer loop
      vertex 3.94425 4.62862 3.15
      vertex 4.05746 4.59888 3.5
      vertex 3.94425 4.62862 3.5
    endloop
  endfacet
  facet normal -0.254077 -0.967184 -0
    outer loop
      vertex 4.05746 4.59888 3.5
      vertex 3.94425 4.62862 3.15
      vertex 4.05746 4.59888 3.15
    endloop
  endfacet
  facet normal -0.604869 -0.796325 0
    outer loop
      vertex 3.85104 4.69942 3.15
      vertex 3.94425 4.62862 3.5
      vertex 3.85104 4.69942 3.5
    endloop
  endfacet
  facet normal -0.604869 -0.796325 -0
    outer loop
      vertex 3.94425 4.62862 3.5
      vertex 3.85104 4.69942 3.15
      vertex 3.94425 4.62862 3.15
    endloop
  endfacet
  facet normal -0.135414 0.990789 0
    outer loop
      vertex 4.09377 5.19778 3.15
      vertex 3.9778 5.18193 3.5
      vertex 4.09377 5.19778 3.5
    endloop
  endfacet
  facet normal -0.135414 0.990789 0
    outer loop
      vertex 3.9778 5.18193 3.5
      vertex 4.09377 5.19778 3.15
      vertex 3.9778 5.18193 3.15
    endloop
  endfacet
  facet normal -0.967184 0.254077 0
    outer loop
      vertex 3.77617 4.91648 3.15
      vertex 3.80591 5.02969 3.5
      vertex 3.80591 5.02969 3.15
    endloop
  endfacet
  facet normal -0.967184 0.254077 0
    outer loop
      vertex 3.80591 5.02969 3.5
      vertex 3.77617 4.91648 3.15
      vertex 3.77617 4.91648 3.5
    endloop
  endfacet
  facet normal -0.796356 0.604828 0
    outer loop
      vertex 3.80591 5.02969 3.15
      vertex 3.87671 5.12291 3.5
      vertex 3.87671 5.12291 3.15
    endloop
  endfacet
  facet normal -0.796356 0.604828 0
    outer loop
      vertex 3.87671 5.12291 3.5
      vertex 3.80591 5.02969 3.15
      vertex 3.80591 5.02969 3.5
    endloop
  endfacet
  facet normal -0.990801 -0.135331 0
    outer loop
      vertex 3.79201 4.80051 3.15
      vertex 3.77617 4.91648 3.5
      vertex 3.77617 4.91648 3.15
    endloop
  endfacet
  facet normal -0.990801 -0.135331 0
    outer loop
      vertex 3.77617 4.91648 3.5
      vertex 3.79201 4.80051 3.15
      vertex 3.79201 4.80051 3.5
    endloop
  endfacet
  facet normal 0.604869 0.796325 -0
    outer loop
      vertex 4.73809 5.99626 3.15
      vertex 4.64488 6.06706 3.5
      vertex 4.73809 5.99626 3.5
    endloop
  endfacet
  facet normal 0.604869 0.796325 0
    outer loop
      vertex 4.64488 6.06706 3.5
      vertex 4.73809 5.99626 3.15
      vertex 4.64488 6.06706 3.15
    endloop
  endfacet
  facet normal -0.604923 -0.796284 0
    outer loop
      vertex 4.28893 5.59845 3.15
      vertex 4.38214 5.52764 3.5
      vertex 4.28893 5.59845 3.5
    endloop
  endfacet
  facet normal -0.604923 -0.796284 -0
    outer loop
      vertex 4.38214 5.52764 3.5
      vertex 4.28893 5.59845 3.15
      vertex 4.38214 5.52764 3.15
    endloop
  endfacet
  facet normal -0.796284 0.604923 0
    outer loop
      vertex 4.2438 5.92872 3.15
      vertex 4.31461 6.02193 3.5
      vertex 4.31461 6.02193 3.15
    endloop
  endfacet
  facet normal -0.796284 0.604923 0
    outer loop
      vertex 4.31461 6.02193 3.5
      vertex 4.2438 5.92872 3.15
      vertex 4.2438 5.92872 3.5
    endloop
  endfacet
  facet normal 0.990801 0.135331 0
    outer loop
      vertex 4.81296 5.7792 3.5
      vertex 4.79712 5.89517 3.15
      vertex 4.79712 5.89517 3.5
    endloop
  endfacet
  facet normal 0.990801 0.135331 0
    outer loop
      vertex 4.79712 5.89517 3.15
      vertex 4.81296 5.7792 3.5
      vertex 4.81296 5.7792 3.15
    endloop
  endfacet
  facet normal 0.796325 -0.604869 0
    outer loop
      vertex 4.71242 5.57277 3.5
      vertex 4.78322 5.66598 3.15
      vertex 4.78322 5.66598 3.5
    endloop
  endfacet
  facet normal 0.796325 -0.604869 0
    outer loop
      vertex 4.78322 5.66598 3.15
      vertex 4.71242 5.57277 3.5
      vertex 4.71242 5.57277 3.15
    endloop
  endfacet
  facet normal 0.96719 -0.254056 0
    outer loop
      vertex 4.78322 5.66598 3.5
      vertex 4.81296 5.7792 3.15
      vertex 4.81296 5.7792 3.5
    endloop
  endfacet
  facet normal 0.96719 -0.254056 0
    outer loop
      vertex 4.81296 5.7792 3.15
      vertex 4.78322 5.66598 3.5
      vertex 4.78322 5.66598 3.15
    endloop
  endfacet
  facet normal 0.254077 0.967184 -0
    outer loop
      vertex 4.64488 6.06706 3.15
      vertex 4.53167 6.0968 3.5
      vertex 4.64488 6.06706 3.5
    endloop
  endfacet
  facet normal 0.254077 0.967184 0
    outer loop
      vertex 4.53167 6.0968 3.5
      vertex 4.64488 6.06706 3.15
      vertex 4.53167 6.0968 3.15
    endloop
  endfacet
  facet normal -0.504296 0.863531 0
    outer loop
      vertex 4.41569 6.08096 3.15
      vertex 4.31461 6.02193 3.5
      vertex 4.41569 6.08096 3.5
    endloop
  endfacet
  facet normal -0.504296 0.863531 0
    outer loop
      vertex 4.31461 6.02193 3.5
      vertex 4.41569 6.08096 3.15
      vertex 4.31461 6.02193 3.15
    endloop
  endfacet
  facet normal -0.135319 0.990802 0
    outer loop
      vertex 4.53167 6.0968 3.15
      vertex 4.41569 6.08096 3.5
      vertex 4.53167 6.0968 3.5
    endloop
  endfacet
  facet normal -0.135319 0.990802 0
    outer loop
      vertex 4.41569 6.08096 3.5
      vertex 4.53167 6.0968 3.15
      vertex 4.41569 6.08096 3.15
    endloop
  endfacet
  facet normal -0.967184 0.254077 0
    outer loop
      vertex 4.21406 5.81551 3.15
      vertex 4.2438 5.92872 3.5
      vertex 4.2438 5.92872 3.15
    endloop
  endfacet
  facet normal -0.967184 0.254077 0
    outer loop
      vertex 4.2438 5.92872 3.5
      vertex 4.21406 5.81551 3.15
      vertex 4.21406 5.81551 3.5
    endloop
  endfacet
  facet normal 0.863553 0.504259 0
    outer loop
      vertex 4.79712 5.89517 3.5
      vertex 4.73809 5.99626 3.15
      vertex 4.73809 5.99626 3.5
    endloop
  endfacet
  facet normal 0.863553 0.504259 0
    outer loop
      vertex 4.73809 5.99626 3.15
      vertex 4.79712 5.89517 3.5
      vertex 4.79712 5.89517 3.15
    endloop
  endfacet
  facet normal 0 0 -1
    outer loop
      vertex 4.78322 5.66598 3.15
      vertex 4.79712 5.89517 3.15
      vertex 4.81296 5.7792 3.15
    endloop
  endfacet
  facet normal 0 0 -1
    outer loop
      vertex 4.78322 5.66598 3.15
      vertex 4.73809 5.99626 3.15
      vertex 4.79712 5.89517 3.15
    endloop
  endfacet
  facet normal 0 0 -1
    outer loop
      vertex 4.71242 5.57277 3.15
      vertex 4.73809 5.99626 3.15
      vertex 4.78322 5.66598 3.15
    endloop
  endfacet
  facet normal 0 0 -1
    outer loop
      vertex 4.71242 5.57277 3.15
      vertex 4.64488 6.06706 3.15
      vertex 4.73809 5.99626 3.15
    endloop
  endfacet
  facet normal 0 0 -1
    outer loop
      vertex 4.61133 5.51375 3.15
      vertex 4.64488 6.06706 3.15
      vertex 4.71242 5.57277 3.15
    endloop
  endfacet
  facet normal 0 0 -1
    outer loop
      vertex 4.61133 5.51375 3.15
      vertex 4.53167 6.0968 3.15
      vertex 4.64488 6.06706 3.15
    endloop
  endfacet
  facet normal 0 0 -1
    outer loop
      vertex 4.49536 5.4979 3.15
      vertex 4.53167 6.0968 3.15
      vertex 4.61133 5.51375 3.15
    endloop
  endfacet
  facet normal 0 0 -1
    outer loop
      vertex 4.49536 5.4979 3.15
      vertex 4.41569 6.08096 3.15
      vertex 4.53167 6.0968 3.15
    endloop
  endfacet
  facet normal 0 0 -1
    outer loop
      vertex 4.38214 5.52764 3.15
      vertex 4.41569 6.08096 3.15
      vertex 4.49536 5.4979 3.15
    endloop
  endfacet
  facet normal 0 0 -1
    outer loop
      vertex 4.38214 5.52764 3.15
      vertex 4.31461 6.02193 3.15
      vertex 4.41569 6.08096 3.15
    endloop
  endfacet
  facet normal 0 0 -1
    outer loop
      vertex 4.28893 5.59845 3.15
      vertex 4.31461 6.02193 3.15
      vertex 4.38214 5.52764 3.15
    endloop
  endfacet
  facet normal 0 0 -1
    outer loop
      vertex 4.28893 5.59845 3.15
      vertex 4.2438 5.92872 3.15
      vertex 4.31461 6.02193 3.15
    endloop
  endfacet
  facet normal 0 0 -1
    outer loop
      vertex 4.22991 5.69953 3.15
      vertex 4.2438 5.92872 3.15
      vertex 4.28893 5.59845 3.15
    endloop
  endfacet
  facet normal 0 0 -1
    outer loop
      vertex 4.2438 5.92872 3.15
      vertex 4.22991 5.69953 3.15
      vertex 4.21406 5.81551 3.15
    endloop
  endfacet
  facet normal -0.254056 -0.96719 0
    outer loop
      vertex 4.38214 5.52764 3.15
      vertex 4.49536 5.4979 3.5
      vertex 4.38214 5.52764 3.5
    endloop
  endfacet
  facet normal -0.254056 -0.96719 -0
    outer loop
      vertex 4.49536 5.4979 3.5
      vertex 4.38214 5.52764 3.15
      vertex 4.49536 5.4979 3.15
    endloop
  endfacet
  facet normal 0.504195 -0.86359 0
    outer loop
      vertex 4.61133 5.51375 3.15
      vertex 4.71242 5.57277 3.5
      vertex 4.61133 5.51375 3.5
    endloop
  endfacet
  facet normal 0.504195 -0.86359 0
    outer loop
      vertex 4.71242 5.57277 3.5
      vertex 4.61133 5.51375 3.15
      vertex 4.71242 5.57277 3.15
    endloop
  endfacet
  facet normal 0.135414 -0.990789 0
    outer loop
      vertex 4.49536 5.4979 3.15
      vertex 4.61133 5.51375 3.5
      vertex 4.49536 5.4979 3.5
    endloop
  endfacet
  facet normal 0.135414 -0.990789 0
    outer loop
      vertex 4.61133 5.51375 3.5
      vertex 4.49536 5.4979 3.15
      vertex 4.61133 5.51375 3.15
    endloop
  endfacet
  facet normal -0.863568 -0.504232 0
    outer loop
      vertex 4.28893 5.59845 3.15
      vertex 4.22991 5.69953 3.5
      vertex 4.22991 5.69953 3.15
    endloop
  endfacet
  facet normal -0.863568 -0.504232 0
    outer loop
      vertex 4.22991 5.69953 3.5
      vertex 4.28893 5.59845 3.15
      vertex 4.28893 5.59845 3.5
    endloop
  endfacet
  facet normal -0.990791 -0.135403 0
    outer loop
      vertex 4.22991 5.69953 3.15
      vertex 4.21406 5.81551 3.5
      vertex 4.21406 5.81551 3.15
    endloop
  endfacet
  facet normal -0.990791 -0.135403 0
    outer loop
      vertex 4.21406 5.81551 3.5
      vertex 4.22991 5.69953 3.15
      vertex 4.22991 5.69953 3.5
    endloop
  endfacet
  facet normal 0.604923 0.796284 -0
    outer loop
      vertex 5.17599 6.89528 3.15
      vertex 5.08278 6.96609 3.5
      vertex 5.17599 6.89528 3.5
    endloop
  endfacet
  facet normal 0.604923 0.796284 0
    outer loop
      vertex 5.08278 6.96609 3.5
      vertex 5.17599 6.89528 3.15
      vertex 5.08278 6.96609 3.15
    endloop
  endfacet
  facet normal -0.604869 -0.796325 0
    outer loop
      vertex 4.72683 6.49747 3.15
      vertex 4.82004 6.42667 3.5
      vertex 4.72683 6.49747 3.5
    endloop
  endfacet
  facet normal -0.604869 -0.796325 -0
    outer loop
      vertex 4.82004 6.42667 3.5
      vertex 4.72683 6.49747 3.15
      vertex 4.82004 6.42667 3.15
    endloop
  endfacet
  facet normal -0.796325 0.604869 0
    outer loop
      vertex 4.6817 6.82775 3.15
      vertex 4.7525 6.92096 3.5
      vertex 4.7525 6.92096 3.15
    endloop
  endfacet
  facet normal -0.796325 0.604869 0
    outer loop
      vertex 4.7525 6.92096 3.5
      vertex 4.6817 6.82775 3.15
      vertex 4.6817 6.82775 3.5
    endloop
  endfacet
  facet normal 0.990791 0.135403 0
    outer loop
      vertex 5.25086 6.67822 3.5
      vertex 5.23501 6.7942 3.15
      vertex 5.23501 6.7942 3.5
    endloop
  endfacet
  facet normal 0.990791 0.135403 0
    outer loop
      vertex 5.23501 6.7942 3.15
      vertex 5.25086 6.67822 3.5
      vertex 5.25086 6.67822 3.15
    endloop
  endfacet
  facet normal 0.796325 -0.604869 0
    outer loop
      vertex 5.15031 6.4718 3.5
      vertex 5.22111 6.56501 3.15
      vertex 5.22111 6.56501 3.5
    endloop
  endfacet
  facet normal 0.796325 -0.604869 0
    outer loop
      vertex 5.22111 6.56501 3.15
      vertex 5.15031 6.4718 3.5
      vertex 5.15031 6.4718 3.15
    endloop
  endfacet
  facet normal 0.967163 -0.254157 0
    outer loop
      vertex 5.22111 6.56501 3.5
      vertex 5.25086 6.67822 3.15
      vertex 5.25086 6.67822 3.5
    endloop
  endfacet
  facet normal 0.967163 -0.254157 0
    outer loop
      vertex 5.25086 6.67822 3.15
      vertex 5.22111 6.56501 3.5
      vertex 5.22111 6.56501 3.15
    endloop
  endfacet
  facet normal 0.254056 0.96719 -0
    outer loop
      vertex 5.08278 6.96609 3.15
      vertex 4.96956 6.99583 3.5
      vertex 5.08278 6.96609 3.5
    endloop
  endfacet
  facet normal 0.254056 0.96719 0
    outer loop
      vertex 4.96956 6.99583 3.5
      vertex 5.08278 6.96609 3.15
      vertex 4.96956 6.99583 3.15
    endloop
  endfacet
  facet normal -0.504195 0.86359 0
    outer loop
      vertex 4.85359 6.97998 3.15
      vertex 4.7525 6.92096 3.5
      vertex 4.85359 6.97998 3.5
    endloop
  endfacet
  facet normal -0.504195 0.86359 0
    outer loop
      vertex 4.7525 6.92096 3.5
      vertex 4.85359 6.97998 3.15
      vertex 4.7525 6.92096 3.15
    endloop
  endfacet
  facet normal -0.135414 0.990789 0
    outer loop
      vertex 4.96956 6.99583 3.15
      vertex 4.85359 6.97998 3.5
      vertex 4.96956 6.99583 3.5
    endloop
  endfacet
  facet normal -0.135414 0.990789 0
    outer loop
      vertex 4.85359 6.97998 3.5
      vertex 4.96956 6.99583 3.15
      vertex 4.85359 6.97998 3.15
    endloop
  endfacet
  facet normal -0.967184 0.254077 0
    outer loop
      vertex 4.65196 6.71454 3.15
      vertex 4.6817 6.82775 3.5
      vertex 4.6817 6.82775 3.15
    endloop
  endfacet
  facet normal -0.967184 0.254077 0
    outer loop
      vertex 4.6817 6.82775 3.5
      vertex 4.65196 6.71454 3.15
      vertex 4.65196 6.71454 3.5
    endloop
  endfacet
  facet normal 0.863568 0.504232 0
    outer loop
      vertex 5.23501 6.7942 3.5
      vertex 5.17599 6.89528 3.15
      vertex 5.17599 6.89528 3.5
    endloop
  endfacet
  facet normal 0.863568 0.504232 0
    outer loop
      vertex 5.17599 6.89528 3.15
      vertex 5.23501 6.7942 3.5
      vertex 5.23501 6.7942 3.15
    endloop
  endfacet
  facet normal 0 0 -1
    outer loop
      vertex 5.22111 6.56501 3.15
      vertex 5.23501 6.7942 3.15
      vertex 5.25086 6.67822 3.15
    endloop
  endfacet
  facet normal 0 0 -1
    outer loop
      vertex 5.22111 6.56501 3.15
      vertex 5.17599 6.89528 3.15
      vertex 5.23501 6.7942 3.15
    endloop
  endfacet
  facet normal 0 0 -1
    outer loop
      vertex 5.15031 6.4718 3.15
      vertex 5.17599 6.89528 3.15
      vertex 5.22111 6.56501 3.15
    endloop
  endfacet
  facet normal 0 0 -1
    outer loop
      vertex 5.15031 6.4718 3.15
      vertex 5.08278 6.96609 3.15
      vertex 5.17599 6.89528 3.15
    endloop
  endfacet
  facet normal 0 0 -1
    outer loop
      vertex 5.04923 6.41278 3.15
      vertex 5.08278 6.96609 3.15
      vertex 5.15031 6.4718 3.15
    endloop
  endfacet
  facet normal 0 0 -1
    outer loop
      vertex 5.04923 6.41278 3.15
      vertex 4.96956 6.99583 3.15
      vertex 5.08278 6.96609 3.15
    endloop
  endfacet
  facet normal 0 0 -1
    outer loop
      vertex 4.93325 6.39693 3.15
      vertex 4.96956 6.99583 3.15
      vertex 5.04923 6.41278 3.15
    endloop
  endfacet
  facet normal 0 0 -1
    outer loop
      vertex 4.93325 6.39693 3.15
      vertex 4.85359 6.97998 3.15
      vertex 4.96956 6.99583 3.15
    endloop
  endfacet
  facet normal 0 0 -1
    outer loop
      vertex 4.82004 6.42667 3.15
      vertex 4.85359 6.97998 3.15
      vertex 4.93325 6.39693 3.15
    endloop
  endfacet
  facet normal 0 0 -1
    outer loop
      vertex 4.82004 6.42667 3.15
      vertex 4.7525 6.92096 3.15
      vertex 4.85359 6.97998 3.15
    endloop
  endfacet
  facet normal 0 0 -1
    outer loop
      vertex 4.72683 6.49747 3.15
      vertex 4.7525 6.92096 3.15
      vertex 4.82004 6.42667 3.15
    endloop
  endfacet
  facet normal 0 0 -1
    outer loop
      vertex 4.72683 6.49747 3.15
      vertex 4.6817 6.82775 3.15
      vertex 4.7525 6.92096 3.15
    endloop
  endfacet
  facet normal 0 0 -1
    outer loop
      vertex 4.6678 6.59856 3.15
      vertex 4.6817 6.82775 3.15
      vertex 4.72683 6.49747 3.15
    endloop
  endfacet
  facet normal 0 0 -1
    outer loop
      vertex 4.6817 6.82775 3.15
      vertex 4.6678 6.59856 3.15
      vertex 4.65196 6.71454 3.15
    endloop
  endfacet
  facet normal -0.254077 -0.967184 0
    outer loop
      vertex 4.82004 6.42667 3.15
      vertex 4.93325 6.39693 3.5
      vertex 4.82004 6.42667 3.5
    endloop
  endfacet
  facet normal -0.254077 -0.967184 -0
    outer loop
      vertex 4.93325 6.39693 3.5
      vertex 4.82004 6.42667 3.15
      vertex 4.93325 6.39693 3.15
    endloop
  endfacet
  facet normal 0.504232 -0.863568 0
    outer loop
      vertex 5.04923 6.41278 3.15
      vertex 5.15031 6.4718 3.5
      vertex 5.04923 6.41278 3.5
    endloop
  endfacet
  facet normal 0.504232 -0.863568 0
    outer loop
      vertex 5.15031 6.4718 3.5
      vertex 5.04923 6.41278 3.15
      vertex 5.15031 6.4718 3.15
    endloop
  endfacet
  facet normal 0.135403 -0.990791 0
    outer loop
      vertex 4.93325 6.39693 3.15
      vertex 5.04923 6.41278 3.5
      vertex 4.93325 6.39693 3.5
    endloop
  endfacet
  facet normal 0.135403 -0.990791 0
    outer loop
      vertex 5.04923 6.41278 3.5
      vertex 4.93325 6.39693 3.15
      vertex 5.04923 6.41278 3.15
    endloop
  endfacet
  facet normal -0.863553 -0.504259 0
    outer loop
      vertex 4.72683 6.49747 3.15
      vertex 4.6678 6.59856 3.5
      vertex 4.6678 6.59856 3.15
    endloop
  endfacet
  facet normal -0.863553 -0.504259 0
    outer loop
      vertex 4.6678 6.59856 3.5
      vertex 4.72683 6.49747 3.15
      vertex 4.72683 6.49747 3.5
    endloop
  endfacet
  facet normal -0.990802 -0.135319 0
    outer loop
      vertex 4.6678 6.59856 3.15
      vertex 4.65196 6.71454 3.5
      vertex 4.65196 6.71454 3.15
    endloop
  endfacet
  facet normal -0.990802 -0.135319 0
    outer loop
      vertex 4.65196 6.71454 3.5
      vertex 4.6678 6.59856 3.15
      vertex 4.6678 6.59856 3.5
    endloop
  endfacet
  facet normal -0.898888 0.438179 2.9852e-05
    outer loop
      vertex 7.55653 13.1867 0.5
      vertex 7.44989 12.9678 2.51
      vertex 7.46895 13.0069 2.51
    endloop
  endfacet
  facet normal -0.899108 0.437726 0.000174969
    outer loop
      vertex 7.46801 13.005 3.34952
      vertex 7.43688 12.941 3.49365
      vertex 7.44632 12.9604 3.46907
    endloop
  endfacet
  facet normal -0.899028 0.437892 4.06223e-05
    outer loop
      vertex 7.46894 13.0069 2.64999
      vertex 7.02903 12.1037 2.9702
      vertex 7.43688 12.941 3.49365
    endloop
  endfacet
  facet normal -0.898832 0.438292 -0.000751661
    outer loop
      vertex 7.02809 12.1018 2.98636
      vertex 7.43688 12.941 3.49365
      vertex 7.02903 12.1037 2.9702
    endloop
  endfacet
  facet normal -0.898997 0.437954 -5.95263e-05
    outer loop
      vertex 7.39347 12.8519 3.55646
      vertex 7.43688 12.941 3.49365
      vertex 7.02809 12.1018 2.98636
    endloop
  endfacet
  facet normal -0.899255 0.437424 -0.000830369
    outer loop
      vertex 7.43688 12.941 3.49365
      vertex 7.39986 12.865 3.54927
      vertex 7.42611 12.9189 3.51521
    endloop
  endfacet
  facet normal -0.9004 0.435028 -0.00550507
    outer loop
      vertex 7.42611 12.9189 3.51521
      vertex 7.39986 12.865 3.54927
      vertex 7.41421 12.8945 3.53339
    endloop
  endfacet
  facet normal -0.899027 0.437892 -8.76299e-06
    outer loop
      vertex 7.0501 12.147 2.51
      vertex 7.44989 12.9678 2.51
      vertex 7.55653 13.1867 0.5
    endloop
  endfacet
  facet normal -0.899027 0.437892 0.000277977
    outer loop
      vertex 7.03105 12.1078 2.64999
      vertex 7.44989 12.9678 2.51
      vertex 7.0501 12.147 2.51
    endloop
  endfacet
  facet normal -0.899321 0.437281 -0.00262003
    outer loop
      vertex 7.46894 13.0069 2.64999
      vertex 7.03105 12.1078 2.89606
      vertex 7.03093 12.1076 2.90387
    endloop
  endfacet
  facet normal -0.899034 0.437879 -6.60554e-06
    outer loop
      vertex 7.46894 13.0069 2.64999
      vertex 7.03093 12.1076 2.90387
      vertex 7.02903 12.1037 2.9702
    endloop
  endfacet
  facet normal -0.898674 0.43861 0.00270889
    outer loop
      vertex 7.41421 12.8945 3.53339
      vertex 7.39986 12.865 3.54927
      vertex 7.40132 12.868 3.54788
    endloop
  endfacet
  facet normal -0.898046 0.439889 0.00334213
    outer loop
      vertex 7.43688 12.941 3.49365
      vertex 7.39347 12.8519 3.55646
      vertex 7.39986 12.865 3.54927
    endloop
  endfacet
  facet normal -0.89913 0.437682 0.000384033
    outer loop
      vertex 7.02281 12.0909 3.0471
      vertex 7.39347 12.8519 3.55646
      vertex 7.02809 12.1018 2.98636
    endloop
  endfacet
  facet normal -0.898937 0.438078 -0.000348121
    outer loop
      vertex 7.39347 12.8519 3.55646
      vertex 7.02281 12.0909 3.0471
      vertex 7.36992 12.8036 3.58749
    endloop
  endfacet
  facet normal -0.898625 0.438716 -0.00138993
    outer loop
      vertex 7.02093 12.0871 3.06314
      vertex 7.36992 12.8036 3.58749
      vertex 7.02281 12.0909 3.0471
    endloop
  endfacet
  facet normal -0.89906 0.437825 0.000116289
    outer loop
      vertex 7.36992 12.8036 3.58749
      vertex 7.02093 12.0871 3.06314
      vertex 7.36398 12.7914 3.59656
    endloop
  endfacet
  facet normal -0.89909 0.437764 0.000216278
    outer loop
      vertex 7.01218 12.0691 3.12196
      vertex 7.36398 12.7914 3.59656
      vertex 7.02093 12.0871 3.06314
    endloop
  endfacet
  facet normal -0.899151 0.437638 0.000454778
    outer loop
      vertex 7.36398 12.7914 3.59656
      vertex 7.01218 12.0691 3.12196
      vertex 7.34234 12.7469 3.63446
    endloop
  endfacet
  facet normal -0.899264 0.437405 0.000834337
    outer loop
      vertex 7.00947 12.0635 3.1369
      vertex 7.34234 12.7469 3.63446
      vertex 7.01218 12.0691 3.12196
    endloop
  endfacet
  facet normal -0.899014 0.43792 -4.04368e-05
    outer loop
      vertex 7.34234 12.7469 3.63446
      vertex 7.00947 12.0635 3.1369
      vertex 7.33703 12.736 3.6451
    endloop
  endfacet
  facet normal -0.898925 0.438102 -0.000337622
    outer loop
      vertex 6.99746 12.0389 3.19254
      vertex 7.33703 12.736 3.6451
      vertex 7.00947 12.0635 3.1369
    endloop
  endfacet
  facet normal -0.89905 0.437847 0
    outer loop
      vertex 7.14052 12.3326 4.5
      vertex 7.25 12.5574 4.25
      vertex 7.25 12.5574 4.09288
    endloop
  endfacet
  facet normal -0.898609 0.43875 0.00100513
    outer loop
      vertex 7.25 12.5574 4.25
      vertex 7.14052 12.3326 4.5
      vertex 7.24906 12.5554 4.28264
    endloop
  endfacet
  facet normal -0.903079 0.429436 -0.00572777
    outer loop
      vertex 7.14052 12.3326 4.5
      vertex 7.25 12.5574 4.09288
      vertex 7.25003 12.5574 4.08815
    endloop
  endfacet
  facet normal -0.899258 0.437418 -0.000354731
    outer loop
      vertex 7.14052 12.3326 4.5
      vertex 7.25003 12.5574 4.08815
      vertex 7.25048 12.5583 4.05717
    endloop
  endfacet
  facet normal -0.899167 0.437605 -0.000446841
    outer loop
      vertex 7.24906 12.5554 4.28264
      vertex 7.14052 12.3326 4.5
      vertex 7.24627 12.5497 4.3147
    endloop
  endfacet
  facet normal -0.899427 0.437069 -0.00122427
    outer loop
      vertex 7.24627 12.5497 4.3147
      vertex 7.14052 12.3326 4.5
      vertex 7.24166 12.5403 4.34567
    endloop
  endfacet
  facet normal -0.899406 0.437112 0.00132405
    outer loop
      vertex 6.86551 11.768 3.45691
      vertex 7.25048 12.5583 4.05717
      vertex 7.2509 12.5592 4.04535
    endloop
  endfacet
  facet normal -0.898409 0.439154 0.00224993
    outer loop
      vertex 7.24166 12.5403 4.34567
      vertex 7.14052 12.3326 4.5
      vertex 7.23533 12.5272 4.375
    endloop
  endfacet
  facet normal -0.899071 0.437802 0.000152187
    outer loop
      vertex 6.87205 11.7814 3.45071
      vertex 7.2509 12.5592 4.04535
      vertex 7.25459 12.5668 3.98145
    endloop
  endfacet
  facet normal -0.899233 0.437469 -0.000998542
    outer loop
      vertex 7.23533 12.5272 4.375
      vertex 7.14052 12.3326 4.5
      vertex 7.22737 12.5109 4.40219
    endloop
  endfacet
  facet normal -0.898882 0.438191 0.000628649
    outer loop
      vertex 7.22737 12.5109 4.40219
      vertex 7.14052 12.3326 4.5
      vertex 7.21793 12.4915 4.42677
    endloop
  endfacet
  facet normal -0.89892 0.438112 -0.000356629
    outer loop
      vertex 7.33703 12.736 3.6451
      vertex 6.99746 12.0389 3.19254
      vertex 7.31781 12.6966 3.68896
    endloop
  endfacet
  facet normal -0.898951 0.43805 -0.000254927
    outer loop
      vertex 6.99385 12.0315 3.20683
      vertex 7.31781 12.6966 3.68896
      vertex 6.99746 12.0389 3.19254
    endloop
  endfacet
  facet normal -0.89913 0.437681 0.000329607
    outer loop
      vertex 6.97873 12.0004 3.2585
      vertex 7.31302 12.6868 3.70142
      vertex 6.99385 12.0315 3.20683
    endloop
  endfacet
  facet normal -0.898566 0.438836 -0.00156052
    outer loop
      vertex 6.97441 11.9916 3.27135
      vertex 7.29649 12.6528 3.75061
      vertex 6.97873 12.0004 3.2585
    endloop
  endfacet
  facet normal -0.89907 0.437805 0.000199236
    outer loop
      vertex 7.29649 12.6528 3.75061
      vertex 6.97441 11.9916 3.27135
      vertex 7.2925 12.6446 3.76424
    endloop
  endfacet
  facet normal -0.89913 0.437681 0.000402465
    outer loop
      vertex 6.95642 11.9546 3.31821
      vertex 7.2925 12.6446 3.76424
      vertex 6.97441 11.9916 3.27135
    endloop
  endfacet
  facet normal -0.899139 0.437664 0.000362209
    outer loop
      vertex 7.31302 12.6868 3.70142
      vertex 6.97873 12.0004 3.2585
      vertex 7.29649 12.6528 3.75061
    endloop
  endfacet
  facet normal -0.899019 0.437909 2.01994e-06
    outer loop
      vertex 6.94347 11.9281 0.5
      vertex 7.0501 12.147 2.51
      vertex 7.55653 13.1867 0.5
    endloop
  endfacet
  facet normal -0.898978 0.437993 -9.28822e-06
    outer loop
      vertex 7.0501 12.147 2.51
      vertex 6.94347 11.9281 0.5
      vertex 7.03105 12.1079 2.51
    endloop
  endfacet
  facet normal -0.899189 0.43756 0.00014959
    outer loop
      vertex 7.44989 12.9678 2.51
      vertex 7.46894 13.0069 2.64999
      vertex 7.46801 13.005 2.61736
    endloop
  endfacet
  facet normal -0.899042 0.437862 4.54003e-05
    outer loop
      vertex 7.03105 12.1078 2.64999
      vertex 7.46894 13.0069 2.64999
      vertex 7.44989 12.9678 2.51
    endloop
  endfacet
  facet normal -0.897337 0.441343 -0.00147367
    outer loop
      vertex 7.44989 12.9678 2.51
      vertex 7.46801 13.005 2.61736
      vertex 7.46521 12.9992 2.5853
    endloop
  endfacet
  facet normal -0.899232 0.437472 0
    outer loop
      vertex 7.43688 12.941 3.49365
      vertex 7.46894 13.0069 3.31688
      vertex 7.46894 13.0069 2.64999
    endloop
  endfacet
  facet normal -0.900117 0.435646 0.00146763
    outer loop
      vertex 7.44989 12.9678 2.51
      vertex 7.46521 12.9992 2.5853
      vertex 7.46061 12.9898 2.55432
    endloop
  endfacet
  facet normal -0.899427 0.437071 -0.000184829
    outer loop
      vertex 7.43688 12.941 3.49365
      vertex 7.46801 13.005 3.34952
      vertex 7.46894 13.0069 3.31688
    endloop
  endfacet
  facet normal -0.897923 0.440151 -0.00129945
    outer loop
      vertex 7.44989 12.9678 2.51
      vertex 7.46061 12.9898 2.55432
      vertex 7.45428 12.9768 2.52499
    endloop
  endfacet
  facet normal -0.898104 0.439782 0.00112433
    outer loop
      vertex 7.46801 13.005 3.34952
      vertex 7.44632 12.9604 3.46907
      vertex 7.46521 12.9992 3.38158
    endloop
  endfacet
  facet normal -0.901021 0.43377 -0.00217159
    outer loop
      vertex 7.46521 12.9992 3.38158
      vertex 7.44632 12.9604 3.46907
      vertex 7.46061 12.9898 3.41255
    endloop
  endfacet
  facet normal -0.901151 0.433499 -0.00234575
    outer loop
      vertex 7.46061 12.9898 3.41255
      vertex 7.44632 12.9604 3.46907
      vertex 7.45428 12.9768 3.44188
    endloop
  endfacet
  facet normal -0.897923 0.440151 0.00129945
    outer loop
      vertex 7.03938 12.125 2.55432
      vertex 7.0501 12.147 2.51
      vertex 7.04571 12.138 2.52499
    endloop
  endfacet
  facet normal -0.897199 0.441621 0.00220408
    outer loop
      vertex 7.03478 12.1155 2.5853
      vertex 7.0501 12.147 2.51
      vertex 7.03938 12.125 2.55432
    endloop
  endfacet
  facet normal -0.899012 0.437925 0.000289203
    outer loop
      vertex 7.0501 12.147 2.51
      vertex 7.03478 12.1155 2.5853
      vertex 7.03105 12.1078 2.64999
    endloop
  endfacet
  facet normal -0.892623 0.450799 0.00218997
    outer loop
      vertex 7.03105 12.1078 2.64999
      vertex 7.03478 12.1155 2.5853
      vertex 7.03198 12.1098 2.61736
    endloop
  endfacet
  facet normal -0.899042 0.437862 0
    outer loop
      vertex 7.46894 13.0069 2.64999
      vertex 7.03105 12.1078 2.64999
      vertex 7.03105 12.1078 2.89606
    endloop
  endfacet
  facet normal -0.898806 0.438346 -0.000761276
    outer loop
      vertex 7.31781 12.6966 3.68896
      vertex 6.99385 12.0315 3.20683
      vertex 7.31302 12.6868 3.70142
    endloop
  endfacet
  facet normal -0.898962 0.438027 -0.000258737
    outer loop
      vertex 7.2925 12.6446 3.76424
      vertex 6.95642 11.9546 3.31821
      vertex 7.27889 12.6167 3.81805
    endloop
  endfacet
  facet normal -0.898868 0.438219 -0.000574372
    outer loop
      vertex 6.95144 11.9444 3.32957
      vertex 7.27889 12.6167 3.81805
      vertex 6.95642 11.9546 3.31821
    endloop
  endfacet
  facet normal -0.89886 0.438235 -0.000601748
    outer loop
      vertex 7.27889 12.6167 3.81805
      vertex 6.95144 11.9444 3.32957
      vertex 7.27576 12.6103 3.83255
    endloop
  endfacet
  facet normal -0.898982 0.437986 -0.000192523
    outer loop
      vertex 6.93092 11.9023 3.37067
      vertex 7.27576 12.6103 3.83255
      vertex 6.95144 11.9444 3.32957
    endloop
  endfacet
  facet normal -0.899134 0.437673 0.000400148
    outer loop
      vertex 7.27576 12.6103 3.83255
      vertex 6.93092 11.9023 3.37067
      vertex 7.26532 12.5888 3.89006
    endloop
  endfacet
  facet normal -0.899452 0.437018 0.00147084
    outer loop
      vertex 6.9253 11.8907 3.38052
      vertex 7.26532 12.5888 3.89006
      vertex 6.93092 11.9023 3.37067
    endloop
  endfacet
  facet normal -0.898619 0.438727 -0.00142626
    outer loop
      vertex 7.26532 12.5888 3.89006
      vertex 6.9253 11.8907 3.38052
      vertex 7.26305 12.5842 3.90529
    endloop
  endfacet
  facet normal -0.898922 0.438109 -0.000415159
    outer loop
      vertex 6.90267 11.8443 3.41505
      vertex 7.26305 12.5842 3.90529
      vertex 6.9253 11.8907 3.38052
    endloop
  endfacet
  facet normal -0.899168 0.437603 0.000529831
    outer loop
      vertex 7.26305 12.5842 3.90529
      vertex 6.90267 11.8443 3.41505
      vertex 7.25598 12.5696 3.96547
    endloop
  endfacet
  facet normal -0.899365 0.437197 0.00119125
    outer loop
      vertex 6.89641 11.8314 3.42329
      vertex 7.25598 12.5696 3.96547
      vertex 6.90267 11.8443 3.41505
    endloop
  endfacet
  facet normal -0.898644 0.438677 -0.00130276
    outer loop
      vertex 7.25598 12.5696 3.96547
      vertex 6.89641 11.8314 3.42329
      vertex 7.25459 12.5668 3.98145
    endloop
  endfacet
  facet normal -0.898906 0.438141 0.000495828
    outer loop
      vertex 7.21793 12.4915 4.42677
      vertex 7.14052 12.3326 4.5
      vertex 7.20717 12.4694 4.44833
    endloop
  endfacet
  facet normal -0.898774 0.438406 0.00232828
    outer loop
      vertex 7.19526 12.445 4.46651
      vertex 7.14052 12.3326 4.5
      vertex 7.18242 12.4186 4.48097
    endloop
  endfacet
  facet normal -0.899425 0.437043 -0.00526699
    outer loop
      vertex 7.18242 12.4186 4.48097
      vertex 7.14052 12.3326 4.5
      vertex 7.16885 12.3908 4.49149
    endloop
  endfacet
  facet normal -0.898407 0.439011 0.0115833
    outer loop
      vertex 7.16885 12.3908 4.49149
      vertex 7.14052 12.3326 4.5
      vertex 7.15481 12.3619 4.49786
    endloop
  endfacet
  facet normal -0.899308 0.437311 -0.00222063
    outer loop
      vertex 7.20717 12.4694 4.44833
      vertex 7.14052 12.3326 4.5
      vertex 7.19526 12.445 4.46651
    endloop
  endfacet
  facet normal -0.899004 0.43794 -9.99378e-05
    outer loop
      vertex 6.87205 11.7814 3.45071
      vertex 7.25459 12.5668 3.98145
      vertex 6.89641 11.8314 3.42329
    endloop
  endfacet
  facet normal -0.898809 0.43834 -0.000718314
    outer loop
      vertex 7.2509 12.5592 4.04535
      vertex 6.87205 11.7814 3.45071
      vertex 6.86551 11.768 3.45691
    endloop
  endfacet
  facet normal -0.899004 0.437941 -2.52952e-05
    outer loop
      vertex 7.25048 12.5583 4.05717
      vertex 6.86551 11.768 3.45691
      vertex 7.14052 12.3326 4.5
    endloop
  endfacet
  facet normal -0.899061 0.437824 5.32094e-05
    outer loop
      vertex 6.83975 11.7151 3.47688
      vertex 7.14052 12.3326 4.5
      vertex 6.86551 11.768 3.45691
    endloop
  endfacet
  facet normal -0.898899 0.438155 -0.000194411
    outer loop
      vertex 6.83273 11.7007 3.48119
      vertex 7.14052 12.3326 4.5
      vertex 6.83975 11.7151 3.47688
    endloop
  endfacet
  facet normal -0.898994 0.437961 -4.5565e-05
    outer loop
      vertex 6.80613 11.6461 3.49326
      vertex 7.14052 12.3326 4.5
      vertex 6.83273 11.7007 3.48119
    endloop
  endfacet
  facet normal -0.899715 0.436476 0.00120666
    outer loop
      vertex 6.79905 11.6315 3.49539
      vertex 7.14052 12.3326 4.5
      vertex 6.80613 11.6461 3.49326
    endloop
  endfacet
  facet normal -0.898969 0.438012 -0.000119035
    outer loop
      vertex 6.77001 11.5719 3.49974
      vertex 7.14052 12.3326 4.5
      vertex 6.79905 11.6315 3.49539
    endloop
  endfacet
  facet normal -0.898017 0.439956 -0.00194968
    outer loop
      vertex 6.76658 11.5649 3.5
      vertex 7.14052 12.3326 4.5
      vertex 6.77001 11.5719 3.49974
    endloop
  endfacet
  facet normal -0.899026 0.437894 1.03752e-05
    outer loop
      vertex 6.76658 11.5649 3.5
      vertex 2.88341 3.59247 4.5
      vertex 7.14052 12.3326 4.5
    endloop
  endfacet
  facet normal -0.899027 0.437894 6.38088e-06
    outer loop
      vertex 2.50947 2.82476 3.5
      vertex 2.88341 3.59247 4.5
      vertex 6.76658 11.5649 3.5
    endloop
  endfacet
  facet normal -0.898991 0.437968 -6.34309e-05
    outer loop
      vertex 2.88341 3.59247 4.5
      vertex 2.50947 2.82476 3.5
      vertex 2.87999 3.58545 4.50026
    endloop
  endfacet
  facet normal -0.898995 0.43796 -5.62192e-05
    outer loop
      vertex 2.87999 3.58545 4.50026
      vertex 2.50947 2.82476 3.5
      vertex 2.85094 3.52582 4.50461
    endloop
  endfacet
  facet normal -0.899186 0.437567 0.000283046
    outer loop
      vertex 2.50947 2.82476 3.5
      vertex 2.84387 3.51129 4.50674
      vertex 2.85094 3.52582 4.50461
    endloop
  endfacet
  facet normal -0.899022 0.437904 -1.62e-06
    outer loop
      vertex 2.50947 2.82476 3.5
      vertex 2.81727 3.45668 4.51881
      vertex 2.84387 3.51129 4.50674
    endloop
  endfacet
  facet normal -0.899101 0.437741 0.000123785
    outer loop
      vertex 2.50947 2.82476 3.5
      vertex 2.81025 3.44226 4.52312
      vertex 2.81727 3.45668 4.51881
    endloop
  endfacet
  facet normal -0.899007 0.437935 -2.10238e-05
    outer loop
      vertex 2.50947 2.82476 3.5
      vertex 2.78449 3.38938 4.54309
      vertex 2.81025 3.44226 4.52312
    endloop
  endfacet
  facet normal -0.89903 0.437887 1.07326e-05
    outer loop
      vertex 2.39952 2.59901 3.94283
      vertex 2.78449 3.38938 4.54309
      vertex 2.50947 2.82476 3.5
    endloop
  endfacet
  facet normal -0.899003 0.437943 -8.0358e-05
    outer loop
      vertex 2.3991 2.59815 3.95465
      vertex 2.78449 3.38938 4.54309
      vertex 2.39952 2.59901 3.94283
    endloop
  endfacet
  facet normal -0.89905 0.437847 8.02649e-05
    outer loop
      vertex 2.78449 3.38938 4.54309
      vertex 2.3991 2.59815 3.95465
      vertex 2.77795 3.37595 4.54929
    endloop
  endfacet
  facet normal -0.899015 0.437919 -3.62977e-05
    outer loop
      vertex 2.39541 2.59058 4.01852
      vertex 2.77795 3.37595 4.54929
      vertex 2.3991 2.59815 3.95465
    endloop
  endfacet
  facet normal -0.899 0.437948 -9.00441e-05
    outer loop
      vertex 2.77795 3.37595 4.54929
      vertex 2.39541 2.59058 4.01852
      vertex 2.75358 3.32593 4.57671
    endloop
  endfacet
  facet normal -0.899011 0.437927 -5.39202e-05
    outer loop
      vertex 2.75358 3.32593 4.57671
      vertex 2.39401 2.58771 4.03453
      vertex 2.74732 3.31308 4.58495
    endloop
  endfacet
  facet normal -0.899019 0.43791 -2.55314e-05
    outer loop
      vertex 2.38696 2.57324 4.09456
      vertex 2.74732 3.31308 4.58495
      vertex 2.39401 2.58771 4.03453
    endloop
  endfacet
  facet normal -0.899043 0.437861 6.58804e-05
    outer loop
      vertex 2.74732 3.31308 4.58495
      vertex 2.38696 2.57324 4.09456
      vertex 2.7247 3.26663 4.61948
    endloop
  endfacet
  facet normal -0.899155 0.437631 0.000441571
    outer loop
      vertex 2.38468 2.56854 4.10994
      vertex 2.7247 3.26663 4.61948
      vertex 2.38696 2.57324 4.09456
    endloop
  endfacet
  facet normal -0.898967 0.438017 -0.000212439
    outer loop
      vertex 2.7247 3.26663 4.61948
      vertex 2.38468 2.56854 4.10994
      vertex 2.71907 3.25508 4.62933
    endloop
  endfacet
  facet normal -0.89904 0.437867 3.27514e-05
    outer loop
      vertex 2.37424 2.5471 4.16745
      vertex 2.71907 3.25508 4.62933
      vertex 2.38468 2.56854 4.10994
    endloop
  endfacet
  facet normal -0.899031 0.437885 -1.14237e-06
    outer loop
      vertex 2.71907 3.25508 4.62933
      vertex 2.37424 2.5471 4.16745
      vertex 2.69855 3.21295 4.67043
    endloop
  endfacet
  facet normal -0.899135 0.437671 0.000377855
    outer loop
      vertex 2.69855 3.21295 4.67043
      vertex 2.3711 2.54067 4.18195
      vertex 2.69358 3.20273 4.68179
    endloop
  endfacet
  facet normal -0.899038 0.43787 5.16803e-05
    outer loop
      vertex 2.3575 2.51274 4.23576
      vertex 2.69358 3.20273 4.68179
      vertex 2.3711 2.54067 4.18195
    endloop
  endfacet
  facet normal -0.899002 0.437945 -9.25501e-05
    outer loop
      vertex 2.69358 3.20273 4.68179
      vertex 2.3575 2.51274 4.23576
      vertex 2.67558 3.16579 4.72865
    endloop
  endfacet
  facet normal -0.899017 0.437914 -4.12964e-05
    outer loop
      vertex 2.35351 2.50455 4.24939
      vertex 2.67558 3.16579 4.72865
      vertex 2.3575 2.51274 4.23576
    endloop
  endfacet
  facet normal -0.899101 0.437741 0.000253703
    outer loop
      vertex 2.67558 3.16579 4.72865
      vertex 2.35351 2.50455 4.24939
      vertex 2.67127 3.15693 4.7415
    endloop
  endfacet
  facet normal -0.899013 0.437923 -4.4459e-05
    outer loop
      vertex 2.33697 2.4706 4.29858
      vertex 2.67127 3.15693 4.7415
      vertex 2.35351 2.50455 4.24939
    endloop
  endfacet
  facet normal -0.899005 0.437939 -7.59513e-05
    outer loop
      vertex 2.67127 3.15693 4.7415
      vertex 2.33697 2.4706 4.29858
      vertex 2.65614 3.12588 4.79317
    endloop
  endfacet
  facet normal -0.899068 0.437808 0.000138848
    outer loop
      vertex 2.33219 2.46078 4.31104
      vertex 2.65614 3.12588 4.79317
      vertex 2.33697 2.4706 4.29858
    endloop
  endfacet
  facet normal -0.899105 0.437732 -0.000360344
    outer loop
      vertex 2.42262 2.64645 3.59781
      vertex 2.50947 2.82476 3.5
      vertex 2.49518 2.79541 3.50214
    endloop
  endfacet
  facet normal -0.898987 0.437976 0.000108972
    outer loop
      vertex 2.42262 2.64645 3.59781
      vertex 2.49518 2.79541 3.50214
      vertex 2.48114 2.76659 3.50851
    endloop
  endfacet
  facet normal -0.899165 0.437609 -0.000502537
    outer loop
      vertex 2.42262 2.64645 3.59781
      vertex 2.48114 2.76659 3.50851
      vertex 2.46758 2.73874 3.51903
    endloop
  endfacet
  facet normal -0.899055 0.437837 -0.000172027
    outer loop
      vertex 2.42262 2.64645 3.59781
      vertex 2.46758 2.73874 3.51903
      vertex 2.45474 2.71238 3.53349
    endloop
  endfacet
  facet normal -0.898741 0.438479 0.000924808
    outer loop
      vertex 2.43207 2.66583 3.57323
      vertex 2.45474 2.71238 3.53349
      vertex 2.44283 2.68793 3.55167
    endloop
  endfacet
  facet normal -0.899498 0.436923 -0.00132963
    outer loop
      vertex 2.42262 2.64645 3.59781
      vertex 2.45474 2.71238 3.53349
      vertex 2.43207 2.66583 3.57323
    endloop
  endfacet
  facet normal -0.898934 0.438084 0.000432729
    outer loop
      vertex 2.50947 2.82476 3.5
      vertex 2.42262 2.64645 3.59781
      vertex 2.41467 2.63011 3.625
    endloop
  endfacet
  facet normal -0.899137 0.437667 -0.000370083
    outer loop
      vertex 2.50947 2.82476 3.5
      vertex 2.41467 2.63011 3.625
      vertex 2.40833 2.61711 3.65433
    endloop
  endfacet
  facet normal -0.898944 0.438063 0.00028833
    outer loop
      vertex 2.50947 2.82476 3.5
      vertex 2.40833 2.61711 3.65433
      vertex 2.40373 2.60765 3.6853
    endloop
  endfacet
  facet normal -0.899033 0.43788 2.33645e-05
    outer loop
      vertex 2.50947 2.82476 3.5
      vertex 2.40373 2.60765 3.6853
      vertex 2.40094 2.60192 3.71736
    endloop
  endfacet
  facet normal -0.899097 0.437749 -0.000143202
    outer loop
      vertex 2.50947 2.82476 3.5
      vertex 2.40094 2.60192 3.71736
      vertex 2.4 2.6 3.75
    endloop
  endfacet
  facet normal -0.899035 0.437877 0
    outer loop
      vertex 2.50947 2.82476 3.5
      vertex 2.4 2.6 3.75
      vertex 2.4 2.6 3.90712
    endloop
  endfacet
  facet normal -0.898464 0.439047 0.000799018
    outer loop
      vertex 2.50947 2.82476 3.5
      vertex 2.4 2.6 3.90712
      vertex 2.39997 2.59993 3.91185
    endloop
  endfacet
  facet normal -0.899084 0.437777 -5.9176e-05
    outer loop
      vertex 2.50947 2.82476 3.5
      vertex 2.39997 2.59993 3.91185
      vertex 2.39952 2.59901 3.94283
    endloop
  endfacet
  facet normal -0.898996 0.437956 -0.000103652
    outer loop
      vertex 2.39401 2.58771 4.03453
      vertex 2.75358 3.32593 4.57671
      vertex 2.39541 2.59058 4.01852
    endloop
  endfacet
  facet normal -0.898918 0.438116 -0.000380498
    outer loop
      vertex 2.3711 2.54067 4.18195
      vertex 2.69855 3.21295 4.67043
      vertex 2.37424 2.5471 4.16745
    endloop
  endfacet
  facet normal -0.899149 0.437643 0.000420081
    outer loop
      vertex 2.65614 3.12588 4.79317
      vertex 2.33219 2.46078 4.31104
      vertex 2.65254 3.11847 4.80746
    endloop
  endfacet
  facet normal -0.899006 0.437936 -5.8725e-05
    outer loop
      vertex 2.31296 2.42131 4.3549
      vertex 2.65254 3.11847 4.80746
      vertex 2.33219 2.46078 4.31104
    endloop
  endfacet
  facet normal -0.899011 0.437926 -4.04024e-05
    outer loop
      vertex 2.65254 3.11847 4.80746
      vertex 2.31296 2.42131 4.3549
      vertex 2.64053 3.09382 4.8631
    endloop
  endfacet
  facet normal -0.899085 0.437774 0.000207898
    outer loop
      vertex 2.30766 2.41042 4.36554
      vertex 2.64053 3.09382 4.8631
      vertex 2.31296 2.42131 4.3549
    endloop
  endfacet
  facet normal -0.899066 0.437812 0.000143496
    outer loop
      vertex 2.64053 3.09382 4.8631
      vertex 2.30766 2.41042 4.36554
      vertex 2.63782 3.08825 4.87804
    endloop
  endfacet
  facet normal -0.899046 0.437854 7.5485e-05
    outer loop
      vertex 2.28602 2.36598 4.40344
      vertex 2.63782 3.08825 4.87804
      vertex 2.30766 2.41042 4.36554
    endloop
  endfacet
  facet normal -0.899004 0.437941 -8.90578e-05
    outer loop
      vertex 2.63782 3.08825 4.87804
      vertex 2.28602 2.36598 4.40344
      vertex 2.62907 3.0703 4.93686
    endloop
  endfacet
  facet normal -0.898991 0.437967 -0.000131202
    outer loop
      vertex 2.28008 2.35379 4.41251
      vertex 2.62907 3.0703 4.93686
      vertex 2.28602 2.36598 4.40344
    endloop
  endfacet
  facet normal -0.899023 0.437901 -1.89031e-05
    outer loop
      vertex 2.18105 2.15049 4.68312
      vertex 2.62907 3.0703 4.93686
      vertex 2.28008 2.35379 4.41251
    endloop
  endfacet
  facet normal -0.899054 0.437838 0.00026251
    outer loop
      vertex 2.62907 3.0703 4.93686
      vertex 2.18105 2.15049 4.68312
      vertex 2.62719 3.06643 4.9529
    endloop
  endfacet
  facet normal -0.899015 0.437917 -7.22082e-05
    outer loop
      vertex 2.62719 3.06643 4.9529
      vertex 2.18105 2.15049 4.68312
      vertex 2.6219 3.05558 5.01364
    endloop
  endfacet
  facet normal -0.899065 0.437814 0.000276792
    outer loop
      vertex 2.6219 3.05558 5.01364
      vertex 2.18105 2.15049 4.68312
      vertex 2.62097 3.05366 5.0298
    endloop
  endfacet
  facet normal -0.899013 0.437923 -7.28965e-05
    outer loop
      vertex 2.62097 3.05366 5.0298
      vertex 2.18105 2.15049 4.68312
      vertex 2.61906 3.04975 5.09613
    endloop
  endfacet
  facet normal -0.899167 0.437605 0.000783205
    outer loop
      vertex 2.61906 3.04975 5.09613
      vertex 2.18105 2.15049 4.68312
      vertex 2.61895 3.04951 5.10394
    endloop
  endfacet
  facet normal -0.898971 0.438007 8.02756e-05
    outer loop
      vertex 2.18105 2.15049 4.68312
      vertex 2.28008 2.35379 4.41251
      vertex 2.25653 2.30545 4.44354
    endloop
  endfacet
  facet normal -0.899251 0.437432 -0.000379793
    outer loop
      vertex 2.18105 2.15049 4.68312
      vertex 2.25653 2.30545 4.44354
      vertex 2.25014 2.29232 4.45073
    endloop
  endfacet
  facet normal -0.898152 0.43968 0.00226847
    outer loop
      vertex 2.19572 2.1806 4.55812
      vertex 2.25014 2.29232 4.45073
      vertex 2.24867 2.28931 4.45212
    endloop
  endfacet
  facet normal -0.898954 0.438043 0.000229173
    outer loop
      vertex 2.20368 2.19694 4.53093
      vertex 2.24867 2.28931 4.45212
      vertex 2.23579 2.26287 4.46661
    endloop
  endfacet
  facet normal -0.898741 0.438479 0.000924808
    outer loop
      vertex 2.21312 2.21632 4.50635
      vertex 2.23579 2.26287 4.46661
      vertex 2.22388 2.23842 4.48479
    endloop
  endfacet
  facet normal -0.899123 0.437696 -0.000210095
    outer loop
      vertex 2.20368 2.19694 4.53093
      vertex 2.23579 2.26287 4.46661
      vertex 2.21312 2.21632 4.50635
    endloop
  endfacet
  facet normal -0.899063 0.43782 -9.4477e-05
    outer loop
      vertex 2.24867 2.28931 4.45212
      vertex 2.20368 2.19694 4.53093
      vertex 2.19572 2.1806 4.55812
    endloop
  endfacet
  facet normal -0.899069 0.437808 -0.000143786
    outer loop
      vertex 2.25014 2.29232 4.45073
      vertex 2.19572 2.1806 4.55812
      vertex 2.18938 2.16759 4.58745
    endloop
  endfacet
  facet normal -0.898943 0.438066 0.000148257
    outer loop
      vertex 2.25014 2.29232 4.45073
      vertex 2.18938 2.16759 4.58745
      vertex 2.18478 2.15814 4.61842
    endloop
  endfacet
  facet normal -0.899045 0.437857 -5.92265e-05
    outer loop
      vertex 2.25014 2.29232 4.45073
      vertex 2.18478 2.15814 4.61842
      vertex 2.18105 2.15049 4.68312
    endloop
  endfacet
  facet normal -0.899549 0.436821 -0.000210778
    outer loop
      vertex 2.18105 2.15049 4.68312
      vertex 2.18478 2.15814 4.61842
      vertex 2.18199 2.15241 4.65048
    endloop
  endfacet
  facet normal -0.899023 0.437901 0
    outer loop
      vertex 2.18105 2.15049 7.2
      vertex 2.61895 3.04951 5.10394
      vertex 2.18105 2.15049 4.68312
    endloop
  endfacet
  facet normal -0.899023 0.437901 0
    outer loop
      vertex 2.61895 3.04951 5.10394
      vertex 2.18105 2.15049 7.2
      vertex 2.61895 3.04951 7.2
    endloop
  endfacet
  facet normal -0.899008 0.437932 0
    outer loop
      vertex 2.61895 3.04951 8
      vertex 2.61176 3.03475 11.1708
      vertex 2.61895 3.04951 11.2041
    endloop
  endfacet
  facet normal -0.898603 0.438763 4.7892e-06
    outer loop
      vertex 2.61895 3.04951 8
      vertex 2.61051 3.03219 11.1665
      vertex 2.61176 3.03475 11.1708
    endloop
  endfacet
  facet normal -0.899043 0.437861 -1.31392e-06
    outer loop
      vertex 2.61895 3.04951 8
      vertex 2.59399 2.99827 11.1101
      vertex 2.61051 3.03219 11.1665
    endloop
  endfacet
  facet normal -0.899023 0.437901 -5.14809e-07
    outer loop
      vertex 2.61895 3.04951 8
      vertex 2.57438 2.95801 11.059
      vertex 2.59399 2.99827 11.1101
    endloop
  endfacet
  facet normal -0.899106 0.437731 -6.78496e-06
    outer loop
      vertex 2.61895 3.04951 8
      vertex 2.5729 2.95497 11.0552
      vertex 2.57438 2.95801 11.059
    endloop
  endfacet
  facet normal -0.899039 0.437869 -1.50006e-06
    outer loop
      vertex 2.61895 3.04951 8
      vertex 2.55054 2.90906 11.0104
      vertex 2.5729 2.95497 11.0552
    endloop
  endfacet
  facet normal -0.898565 0.438841 5.45976e-05
    outer loop
      vertex 2.61895 3.04951 8
      vertex 2.54885 2.9056 11.007
      vertex 2.55054 2.90906 11.0104
    endloop
  endfacet
  facet normal -0.899517 0.436886 -6.11563e-05
    outer loop
      vertex 2.61895 3.04951 8
      vertex 2.54699 2.90177 11.0042
      vertex 2.54885 2.9056 11.007
    endloop
  endfacet
  facet normal -0.899019 0.43791 1.14291e-06
    outer loop
      vertex 2.61895 3.04951 8
      vertex 2.52226 2.851 10.9664
      vertex 2.54699 2.90177 11.0042
    endloop
  endfacet
  facet normal -0.898757 0.438447 4.56042e-05
    outer loop
      vertex 2.61895 3.04951 8
      vertex 2.52025 2.84688 10.9642
      vertex 2.52226 2.851 10.9664
    endloop
  endfacet
  facet normal -0.899009 0.437931 1.97149e-06
    outer loop
      vertex 2.61895 3.04951 8
      vertex 2.49357 2.79211 10.9341
      vertex 2.52025 2.84688 10.9642
    endloop
  endfacet
  facet normal -0.899042 0.437862 -5.5791e-06
    outer loop
      vertex 2.61895 3.04951 8
      vertex 2.46541 2.73429 10.9123
      vertex 2.49357 2.79211 10.9341
    endloop
  endfacet
  facet normal -0.899311 0.43731 -7.93739e-05
    outer loop
      vertex 2.61895 3.04951 8
      vertex 2.46329 2.72993 10.9106
      vertex 2.46541 2.73429 10.9123
    endloop
  endfacet
  facet normal -0.899148 0.437646 -3.38427e-05
    outer loop
      vertex 2.61895 3.04951 8
      vertex 2.46109 2.72541 10.9096
      vertex 2.46329 2.72993 10.9106
    endloop
  endfacet
  facet normal -0.899032 0.437883 -1.2005e-06
    outer loop
      vertex 2.61895 3.04951 8
      vertex 2.43192 2.66552 10.8964
      vertex 2.46109 2.72541 10.9096
    endloop
  endfacet
  facet normal -0.898696 0.438572 0.000111914
    outer loop
      vertex 2.61895 3.04951 8
      vertex 2.42968 2.66093 10.8961
      vertex 2.43192 2.66552 10.8964
    endloop
  endfacet
  facet normal -0.899012 0.437923 4.20378e-06
    outer loop
      vertex 2.61895 3.04951 8
      vertex 2.4 2.6 10.8916
      vertex 2.42968 2.66093 10.8961
    endloop
  endfacet
  facet normal -0.899023 0.437901 0
    outer loop
      vertex 2.18105 2.15049 8
      vertex 2.4 2.6 10.8916
      vertex 2.61895 3.04951 8
    endloop
  endfacet
  facet normal -0.899012 0.437923 -4.20378e-06
    outer loop
      vertex 2.4 2.6 10.8916
      vertex 2.18105 2.15049 8
      vertex 2.37032 2.53907 10.8961
    endloop
  endfacet
  facet normal -0.898696 0.438572 -0.000111914
    outer loop
      vertex 2.37032 2.53907 10.8961
      vertex 2.18105 2.15049 8
      vertex 2.36808 2.53448 10.8964
    endloop
  endfacet
  facet normal -0.899032 0.437883 1.2005e-06
    outer loop
      vertex 2.36808 2.53448 10.8964
      vertex 2.18105 2.15049 8
      vertex 2.33891 2.47459 10.9096
    endloop
  endfacet
  facet normal -0.899148 0.437646 3.38427e-05
    outer loop
      vertex 2.33891 2.47459 10.9096
      vertex 2.18105 2.15049 8
      vertex 2.33671 2.47007 10.9106
    endloop
  endfacet
  facet normal -0.899311 0.43731 7.93739e-05
    outer loop
      vertex 2.33671 2.47007 10.9106
      vertex 2.18105 2.15049 8
      vertex 2.33459 2.46571 10.9123
    endloop
  endfacet
  facet normal -0.899042 0.437862 5.5791e-06
    outer loop
      vertex 2.33459 2.46571 10.9123
      vertex 2.18105 2.15049 8
      vertex 2.30643 2.40789 10.9341
    endloop
  endfacet
  facet normal -0.899009 0.437931 -1.97149e-06
    outer loop
      vertex 2.30643 2.40789 10.9341
      vertex 2.18105 2.15049 8
      vertex 2.27975 2.35312 10.9642
    endloop
  endfacet
  facet normal -0.898757 0.438447 -4.56042e-05
    outer loop
      vertex 2.27975 2.35312 10.9642
      vertex 2.18105 2.15049 8
      vertex 2.27774 2.349 10.9664
    endloop
  endfacet
  facet normal -0.899019 0.43791 -1.14291e-06
    outer loop
      vertex 2.27774 2.349 10.9664
      vertex 2.18105 2.15049 8
      vertex 2.25301 2.29823 11.0042
    endloop
  endfacet
  facet normal -0.899517 0.436886 6.11563e-05
    outer loop
      vertex 2.25301 2.29823 11.0042
      vertex 2.18105 2.15049 8
      vertex 2.25115 2.2944 11.007
    endloop
  endfacet
  facet normal -0.898565 0.438841 -5.45976e-05
    outer loop
      vertex 2.25115 2.2944 11.007
      vertex 2.18105 2.15049 8
      vertex 2.24946 2.29094 11.0104
    endloop
  endfacet
  facet normal -0.899039 0.437869 1.50006e-06
    outer loop
      vertex 2.24946 2.29094 11.0104
      vertex 2.18105 2.15049 8
      vertex 2.2271 2.24503 11.0552
    endloop
  endfacet
  facet normal -0.899106 0.437731 6.78496e-06
    outer loop
      vertex 2.2271 2.24503 11.0552
      vertex 2.18105 2.15049 8
      vertex 2.22562 2.24199 11.059
    endloop
  endfacet
  facet normal -0.899023 0.437901 5.14809e-07
    outer loop
      vertex 2.22562 2.24199 11.059
      vertex 2.18105 2.15049 8
      vertex 2.20601 2.20173 11.1101
    endloop
  endfacet
  facet normal -0.899043 0.437861 1.31392e-06
    outer loop
      vertex 2.20601 2.20173 11.1101
      vertex 2.18105 2.15049 8
      vertex 2.18949 2.16781 11.1665
    endloop
  endfacet
  facet normal -0.898603 0.438763 -4.7892e-06
    outer loop
      vertex 2.18949 2.16781 11.1665
      vertex 2.18105 2.15049 8
      vertex 2.18824 2.16525 11.1708
    endloop
  endfacet
  facet normal -0.899008 0.437932 0
    outer loop
      vertex 2.18824 2.16525 11.1708
      vertex 2.18105 2.15049 8
      vertex 2.18105 2.15049 11.2041
    endloop
  endfacet
  facet normal 0.898496 -0.43898 -0.00129778
    outer loop
      vertex 8.03955 11.8947 4.5
      vertex 8.14902 12.1195 4.25
      vertex 8.14809 12.1175 4.28264
    endloop
  endfacet
  facet normal 0.899411 -0.437103 0.000458069
    outer loop
      vertex 8.29889 12.4271 3.54927
      vertex 8.36797 12.569 3.31688
      vertex 8.36703 12.5671 3.34952
    endloop
  endfacet
  facet normal 0.899033 -0.437881 0
    outer loop
      vertex 8.36797 12.569 3.31688
      vertex 7.92806 11.6658 2.9702
      vertex 8.36797 12.569 2.64999
    endloop
  endfacet
  facet normal 0.898454 -0.439066 -0.0012444
    outer loop
      vertex 8.29889 12.4271 3.54927
      vertex 8.36703 12.5671 3.34952
      vertex 8.36424 12.5613 3.38158
    endloop
  endfacet
  facet normal 0.899034 -0.437879 6.60554e-06
    outer loop
      vertex 7.92996 11.6697 2.90387
      vertex 8.36797 12.569 2.64999
      vertex 7.92806 11.6658 2.9702
    endloop
  endfacet
  facet normal 0.899586 -0.436742 0.00105654
    outer loop
      vertex 8.29889 12.4271 3.54927
      vertex 8.36424 12.5613 3.38158
      vertex 8.35964 12.5519 3.41255
    endloop
  endfacet
  facet normal 0.898558 -0.438835 -0.00420089
    outer loop
      vertex 7.93007 11.67 2.89606
      vertex 8.36797 12.569 2.64999
      vertex 7.92996 11.6697 2.90387
    endloop
  endfacet
  facet normal 0.899436 -0.437051 0.000707885
    outer loop
      vertex 8.29889 12.4271 3.54927
      vertex 8.35964 12.5519 3.41255
      vertex 8.3533 12.5389 3.44188
    endloop
  endfacet
  facet normal 0.899019 -0.437909 0
    outer loop
      vertex 7.93007 11.67 2.64999
      vertex 8.36797 12.569 2.64999
      vertex 7.93007 11.67 2.89606
    endloop
  endfacet
  facet normal 0.899019 -0.437909 -9.32229e-05
    outer loop
      vertex 8.34891 12.5299 2.51
      vertex 8.36797 12.569 2.64999
      vertex 7.93007 11.67 2.64999
    endloop
  endfacet
  facet normal 0.898531 -0.438908 -0.00168372
    outer loop
      vertex 8.29889 12.4271 3.54927
      vertex 8.3533 12.5389 3.44188
      vertex 8.34534 12.5225 3.46907
    endloop
  endfacet
  facet normal 0.898888 -0.438179 -2.9852e-05
    outer loop
      vertex 8.34891 12.5299 2.51
      vertex 8.45555 12.7488 0.5
      vertex 8.36797 12.569 2.51
    endloop
  endfacet
  facet normal 0.898881 -0.438193 -0.000631112
    outer loop
      vertex 8.29889 12.4271 3.54927
      vertex 8.34534 12.5225 3.46907
      vertex 8.3359 12.5031 3.49365
    endloop
  endfacet
  facet normal 0.898961 -0.438029 -0.00035356
    outer loop
      vertex 8.29889 12.4271 3.54927
      vertex 8.3359 12.5031 3.49365
      vertex 8.32514 12.481 3.51521
    endloop
  endfacet
  facet normal 0.901185 -0.433345 0.00877342
    outer loop
      vertex 8.29889 12.4271 3.54927
      vertex 8.32514 12.481 3.51521
      vertex 8.31323 12.4566 3.53339
    endloop
  endfacet
  facet normal 0.918728 -0.363357 0.15463
    outer loop
      vertex 8.29889 12.4271 3.54927
      vertex 8.31323 12.4566 3.53339
      vertex 8.30035 12.4302 3.54788
    endloop
  endfacet
  facet normal 0.898195 -0.439595 -0.00142536
    outer loop
      vertex 8.36797 12.569 3.31688
      vertex 8.29889 12.4271 3.54927
      vertex 8.29249 12.414 3.55646
    endloop
  endfacet
  facet normal 0.898821 -0.438316 -0.00040089
    outer loop
      vertex 8.36797 12.569 3.31688
      vertex 8.29249 12.414 3.55646
      vertex 8.26895 12.3657 3.58749
    endloop
  endfacet
  facet normal 0.899565 -0.436787 -0.000481026
    outer loop
      vertex 8.36797 12.569 2.64999
      vertex 8.34891 12.5299 2.51
      vertex 8.36703 12.5671 2.61736
    endloop
  endfacet
  facet normal 0.899025 -0.437898 -1.15784e-05
    outer loop
      vertex 8.36797 12.569 3.31688
      vertex 8.26895 12.3657 3.58749
      vertex 7.91995 11.6492 3.06314
    endloop
  endfacet
  facet normal 0.899057 -0.437831 -0.000124794
    outer loop
      vertex 7.91995 11.6492 3.06314
      vertex 8.26895 12.3657 3.58749
      vertex 8.26301 12.3535 3.59656
    endloop
  endfacet
  facet normal 0.899114 -0.437714 -0.000329092
    outer loop
      vertex 7.9112 11.6312 3.12196
      vertex 8.26301 12.3535 3.59656
      vertex 8.24136 12.309 3.63446
    endloop
  endfacet
  facet normal 0.898473 -0.439025 0.00192015
    outer loop
      vertex 7.90849 11.6256 3.1369
      vertex 8.24136 12.309 3.63446
      vertex 8.23606 12.2982 3.6451
    endloop
  endfacet
  facet normal 0.899064 -0.437817 -0.000108711
    outer loop
      vertex 7.89649 11.601 3.19254
      vertex 8.23606 12.2982 3.6451
      vertex 8.21683 12.2587 3.68896
    endloop
  endfacet
  facet normal 0.898941 -0.43807 0.000308674
    outer loop
      vertex 7.89288 11.5936 3.20683
      vertex 8.21683 12.2587 3.68896
      vertex 8.21205 12.2489 3.70142
    endloop
  endfacet
  facet normal 0.899106 -0.43773 -0.000235792
    outer loop
      vertex 7.87776 11.5625 3.2585
      vertex 8.21205 12.2489 3.70142
      vertex 8.19551 12.2149 3.75061
    endloop
  endfacet
  facet normal 0.899073 -0.437798 -0.000193541
    outer loop
      vertex 7.87344 11.5537 3.27135
      vertex 8.19551 12.2149 3.75061
      vertex 8.19152 12.2067 3.76424
    endloop
  endfacet
  facet normal 0.898998 -0.437954 0.000138677
    outer loop
      vertex 7.85545 11.5167 3.31821
      vertex 8.19152 12.2067 3.76424
      vertex 8.17792 12.1788 3.81805
    endloop
  endfacet
  facet normal 0.89886 -0.438235 0.000601748
    outer loop
      vertex 7.85047 11.5065 3.32957
      vertex 8.17792 12.1788 3.81805
      vertex 8.17479 12.1724 3.83255
    endloop
  endfacet
  facet normal 0.899102 -0.437739 -0.000274448
    outer loop
      vertex 7.82995 11.4644 3.37067
      vertex 8.17479 12.1724 3.83255
      vertex 8.16434 12.1509 3.89006
    endloop
  endfacet
  facet normal 0.898759 -0.438442 0.000942953
    outer loop
      vertex 7.82432 11.4528 3.38052
      vertex 8.16434 12.1509 3.89006
      vertex 8.16208 12.1463 3.90529
    endloop
  endfacet
  facet normal 0.899005 -0.437939 9.7203e-05
    outer loop
      vertex 7.8017 11.4064 3.41505
      vertex 8.16208 12.1463 3.90529
      vertex 8.15501 12.1318 3.96547
    endloop
  endfacet
  facet normal 0.899222 -0.437492 -0.000614239
    outer loop
      vertex 7.79544 11.3935 3.42329
      vertex 8.15501 12.1318 3.96547
      vertex 8.15361 12.1289 3.98145
    endloop
  endfacet
  facet normal 0.899297 -0.437338 0.000786274
    outer loop
      vertex 8.03955 11.8947 4.5
      vertex 8.14809 12.1175 4.28264
      vertex 8.14529 12.1118 4.3147
    endloop
  endfacet
  facet normal 0.899065 -0.437814 0
    outer loop
      vertex 8.14902 12.1195 4.25
      vertex 8.03955 11.8947 4.5
      vertex 8.14902 12.1195 4.09288
    endloop
  endfacet
  facet normal 0.903095 -0.429403 0.00572787
    outer loop
      vertex 8.14902 12.1195 4.09288
      vertex 8.03955 11.8947 4.5
      vertex 8.14905 12.1195 4.08815
    endloop
  endfacet
  facet normal 0.899318 -0.437294 0.000849175
    outer loop
      vertex 8.03955 11.8947 4.5
      vertex 8.14529 12.1118 4.3147
      vertex 8.14069 12.1024 4.34567
    endloop
  endfacet
  facet normal 0.899065 -0.437815 -1.73847e-05
    outer loop
      vertex 8.03955 11.8947 4.5
      vertex 8.14069 12.1024 4.34567
      vertex 8.13436 12.0894 4.375
    endloop
  endfacet
  facet normal 0.898191 -0.439603 -0.00114322
    outer loop
      vertex 8.14905 12.1195 4.08815
      vertex 8.03955 11.8947 4.5
      vertex 8.1495 12.1205 4.05717
    endloop
  endfacet
  facet normal 0.898713 -0.438534 -0.00140519
    outer loop
      vertex 8.03955 11.8947 4.5
      vertex 8.13436 12.0894 4.375
      vertex 8.1264 12.073 4.40219
    endloop
  endfacet
  facet normal 0.899045 -0.437856 -4.02648e-05
    outer loop
      vertex 7.76453 11.3301 3.45691
      vertex 8.1495 12.1205 4.05717
      vertex 8.03955 11.8947 4.5
    endloop
  endfacet
  facet normal 0.898882 -0.438191 -0.000628649
    outer loop
      vertex 8.03955 11.8947 4.5
      vertex 8.1264 12.073 4.40219
      vertex 8.11696 12.0536 4.42677
    endloop
  endfacet
  facet normal 0.89905 -0.437847 0.00029446
    outer loop
      vertex 8.03955 11.8947 4.5
      vertex 8.11696 12.0536 4.42677
      vertex 8.10619 12.0315 4.44833
    endloop
  endfacet
  facet normal 0.898374 -0.439226 0.00219428
    outer loop
      vertex 8.1495 12.1205 4.05717
      vertex 7.76453 11.3301 3.45691
      vertex 8.14992 12.1213 4.04535
    endloop
  endfacet
  facet normal 0.899212 -0.43751 0.00139618
    outer loop
      vertex 8.03955 11.8947 4.5
      vertex 8.10619 12.0315 4.44833
      vertex 8.09429 12.0071 4.46651
    endloop
  endfacet
  facet normal 0.898936 -0.438079 -0.00096544
    outer loop
      vertex 8.03955 11.8947 4.5
      vertex 8.09429 12.0071 4.46651
      vertex 8.08144 11.9807 4.48097
    endloop
  endfacet
  facet normal 0.899351 -0.43721 0.00387331
    outer loop
      vertex 8.03955 11.8947 4.5
      vertex 8.08144 11.9807 4.48097
      vertex 8.06788 11.9529 4.49149
    endloop
  endfacet
  facet normal 0.899604 -0.436619 0.00876363
    outer loop
      vertex 8.03955 11.8947 4.5
      vertex 8.06788 11.9529 4.49149
      vertex 8.05384 11.9241 4.49786
    endloop
  endfacet
  facet normal 0.898645 -0.438674 0.00127407
    outer loop
      vertex 7.77108 11.3435 3.45071
      vertex 8.14992 12.1213 4.04535
      vertex 7.76453 11.3301 3.45691
    endloop
  endfacet
  facet normal 0.899704 -0.436498 -0.00114776
    outer loop
      vertex 8.36424 12.5613 2.5853
      vertex 8.34891 12.5299 2.51
      vertex 8.35964 12.5519 2.55432
    endloop
  endfacet
  facet normal 0.898978 -0.437993 9.28822e-06
    outer loop
      vertex 7.8425 11.4902 0.5
      vertex 7.94913 11.7091 2.51
      vertex 7.93008 11.67 2.51
    endloop
  endfacet
  facet normal 0.899022 -0.437904 -2.79787e-06
    outer loop
      vertex 7.94913 11.7091 2.51
      vertex 7.8425 11.4902 0.5
      vertex 8.45555 12.7488 0.5
    endloop
  endfacet
  facet normal 0.899029 -0.437889 0
    outer loop
      vertex 3.08008 1.71259 7.2
      vertex 3.51797 2.61162 5.10394
      vertex 3.51797 2.61162 7.2
    endloop
  endfacet
  facet normal 0.898862 -0.438231 0.000200879
    outer loop
      vertex 3.28599 2.13534 4.09456
      vertex 3.51797 2.61162 5.10394
      vertex 3.2837 2.13065 4.10994
    endloop
  endfacet
  facet normal 0.898954 -0.438042 8.46218e-05
    outer loop
      vertex 3.29444 2.15268 4.01852
      vertex 3.51797 2.61162 5.10394
      vertex 3.29304 2.14981 4.03453
    endloop
  endfacet
  facet normal 0.899032 -0.437882 8.05589e-07
    outer loop
      vertex 3.51797 2.61162 5.10394
      vertex 3.29444 2.15268 4.01852
      vertex 3.4085 2.38686 3.5
    endloop
  endfacet
  facet normal 0.899459 -0.437004 0.000556187
    outer loop
      vertex 3.29855 2.16112 3.94283
      vertex 3.4085 2.38686 3.5
      vertex 3.29812 2.16025 3.95465
    endloop
  endfacet
  facet normal 0.898838 -0.438282 -0.000249534
    outer loop
      vertex 3.29899 2.16204 3.91185
      vertex 3.4085 2.38686 3.5
      vertex 3.29855 2.16112 3.94283
    endloop
  endfacet
  facet normal 0.899027 -0.437893 0
    outer loop
      vertex 3.29903 2.16211 3.75
      vertex 3.4085 2.38686 3.5
      vertex 3.29903 2.16211 3.90712
    endloop
  endfacet
  facet normal 0.89896 -0.43803 -0.000152745
    outer loop
      vertex 3.29996 2.16403 3.71736
      vertex 3.4085 2.38686 3.5
      vertex 3.29903 2.16211 3.75
    endloop
  endfacet
  facet normal 0.899108 -0.437727 0.000270049
    outer loop
      vertex 3.30736 2.17921 3.65433
      vertex 3.4085 2.38686 3.5
      vertex 3.30275 2.16976 3.6853
    endloop
  endfacet
  facet normal 0.899038 -0.437871 4.66472e-05
    outer loop
      vertex 3.4085 2.38686 3.5
      vertex 3.32165 2.20855 3.59781
      vertex 3.39421 2.35752 3.50214
    endloop
  endfacet
  facet normal 0.899566 -0.436781 0.00164461
    outer loop
      vertex 3.35376 2.27448 3.53349
      vertex 3.33109 2.22794 3.57323
      vertex 3.34186 2.25004 3.55167
    endloop
  endfacet
  facet normal 0.899151 -0.437639 0.000402881
    outer loop
      vertex 3.38017 2.3287 3.50851
      vertex 3.32165 2.20855 3.59781
      vertex 3.36661 2.30085 3.51903
    endloop
  endfacet
  facet normal 0.898981 -0.437988 -0.000178775
    outer loop
      vertex 3.39421 2.35752 3.50214
      vertex 3.32165 2.20855 3.59781
      vertex 3.38017 2.3287 3.50851
    endloop
  endfacet
  facet normal 0.898828 -0.438301 -0.000556405
    outer loop
      vertex 3.36661 2.30085 3.51903
      vertex 3.32165 2.20855 3.59781
      vertex 3.35376 2.27448 3.53349
    endloop
  endfacet
  facet normal 0.898826 -0.438306 -0.000562557
    outer loop
      vertex 3.35376 2.27448 3.53349
      vertex 3.32165 2.20855 3.59781
      vertex 3.33109 2.22794 3.57323
    endloop
  endfacet
  facet normal 0.899092 -0.437759 0.000300646
    outer loop
      vertex 3.32165 2.20855 3.59781
      vertex 3.4085 2.38686 3.5
      vertex 3.31369 2.19222 3.625
    endloop
  endfacet
  facet normal 0.899005 -0.437939 -3.63506e-05
    outer loop
      vertex 3.30275 2.16976 3.6853
      vertex 3.4085 2.38686 3.5
      vertex 3.29996 2.16403 3.71736
    endloop
  endfacet
  facet normal 0.899848 -0.436202 0.00115429
    outer loop
      vertex 3.29903 2.16211 3.90712
      vertex 3.4085 2.38686 3.5
      vertex 3.29899 2.16204 3.91185
    endloop
  endfacet
  facet normal 0.898914 -0.438124 -0.000134594
    outer loop
      vertex 3.29812 2.16025 3.95465
      vertex 3.4085 2.38686 3.5
      vertex 3.29444 2.15268 4.01852
    endloop
  endfacet
  facet normal 0.899012 -0.437924 2.1299e-05
    outer loop
      vertex 3.29304 2.14981 4.03453
      vertex 3.51797 2.61162 5.10394
      vertex 3.28599 2.13534 4.09456
    endloop
  endfacet
  facet normal 0.899047 -0.437852 -2.61057e-05
    outer loop
      vertex 3.51797 2.61162 5.10394
      vertex 3.27326 2.10921 4.16745
      vertex 3.2837 2.13065 4.10994
    endloop
  endfacet
  facet normal 0.899196 -0.437547 -0.000228858
    outer loop
      vertex 3.51797 2.61162 5.10394
      vertex 3.27013 2.10277 4.18195
      vertex 3.27326 2.10921 4.16745
    endloop
  endfacet
  facet normal 0.898993 -0.437963 5.54515e-05
    outer loop
      vertex 3.51797 2.61162 5.10394
      vertex 3.25652 2.07484 4.23576
      vertex 3.27013 2.10277 4.18195
    endloop
  endfacet
  facet normal 0.898905 -0.438143 0.000192724
    outer loop
      vertex 3.51797 2.61162 5.10394
      vertex 3.25253 2.06666 4.24939
      vertex 3.25652 2.07484 4.23576
    endloop
  endfacet
  facet normal 0.899086 -0.437773 -9.91027e-05
    outer loop
      vertex 3.51797 2.61162 5.10394
      vertex 3.236 2.0327 4.29858
      vertex 3.25253 2.06666 4.24939
    endloop
  endfacet
  facet normal 0.898898 -0.438157 0.000242611
    outer loop
      vertex 3.51797 2.61162 5.10394
      vertex 3.23121 2.02288 4.31104
      vertex 3.236 2.0327 4.29858
    endloop
  endfacet
  facet normal 0.899051 -0.437844 -4.46142e-05
    outer loop
      vertex 3.51797 2.61162 5.10394
      vertex 3.21199 1.98341 4.3549
      vertex 3.23121 2.02288 4.31104
    endloop
  endfacet
  facet normal 0.898925 -0.438102 0.000222466
    outer loop
      vertex 3.51797 2.61162 5.10394
      vertex 3.20668 1.97252 4.36554
      vertex 3.21199 1.98341 4.3549
    endloop
  endfacet
  facet normal 0.899029 -0.437888 -2.97016e-06
    outer loop
      vertex 3.1791 1.91589 4.41251
      vertex 3.51797 2.61162 5.10394
      vertex 3.08008 1.71259 4.68312
    endloop
  endfacet
  facet normal 0.89903 -0.437887 -7.73561e-06
    outer loop
      vertex 3.51797 2.61162 5.10394
      vertex 3.18504 1.92809 4.40344
      vertex 3.20668 1.97252 4.36554
    endloop
  endfacet
  facet normal 0.899066 -0.437813 -9.62006e-05
    outer loop
      vertex 3.51797 2.61162 5.10394
      vertex 3.1791 1.91589 4.41251
      vertex 3.18504 1.92809 4.40344
    endloop
  endfacet
  facet normal 0.899097 -0.43775 0.000125422
    outer loop
      vertex 3.1791 1.91589 4.41251
      vertex 3.08008 1.71259 4.68312
      vertex 3.15556 1.86755 4.44354
    endloop
  endfacet
  facet normal 0.898834 -0.438289 -0.000305994
    outer loop
      vertex 3.15556 1.86755 4.44354
      vertex 3.08008 1.71259 4.68312
      vertex 3.14916 1.85442 4.45073
    endloop
  endfacet
  facet normal 0.899022 -0.437904 -1.54247e-05
    outer loop
      vertex 3.08381 1.72025 4.61842
      vertex 3.14916 1.85442 4.45073
      vertex 3.08008 1.71259 4.68312
    endloop
  endfacet
  facet normal 0.898964 -0.438022 -0.000131317
    outer loop
      vertex 3.08841 1.7297 4.58745
      vertex 3.14916 1.85442 4.45073
      vertex 3.08381 1.72025 4.61842
    endloop
  endfacet
  facet normal 0.899222 -0.437492 0.000466088
    outer loop
      vertex 3.09475 1.7427 4.55812
      vertex 3.14916 1.85442 4.45073
      vertex 3.08841 1.7297 4.58745
    endloop
  endfacet
  facet normal 0.899502 -0.436913 0.00168085
    outer loop
      vertex 3.13482 1.82497 4.46661
      vertex 3.11214 1.77843 4.50635
      vertex 3.12291 1.80052 4.48479
    endloop
  endfacet
  facet normal 0.898592 -0.438783 -0.00102904
    outer loop
      vertex 3.13482 1.82497 4.46661
      vertex 3.1027 1.75904 4.53093
      vertex 3.11214 1.77843 4.50635
    endloop
  endfacet
  facet normal 0.899171 -0.437596 0.000476865
    outer loop
      vertex 3.1477 1.85142 4.45212
      vertex 3.1027 1.75904 4.53093
      vertex 3.13482 1.82497 4.46661
    endloop
  endfacet
  facet normal 0.898794 -0.43837 -0.000645428
    outer loop
      vertex 3.1027 1.75904 4.53093
      vertex 3.1477 1.85142 4.45212
      vertex 3.09475 1.7427 4.55812
    endloop
  endfacet
  facet normal 0.899288 -0.437357 0.000640196
    outer loop
      vertex 3.14916 1.85442 4.45073
      vertex 3.09475 1.7427 4.55812
      vertex 3.1477 1.85142 4.45212
    endloop
  endfacet
  facet normal 0.899029 -0.437889 0
    outer loop
      vertex 3.51797 2.61162 5.10394
      vertex 3.08008 1.71259 7.2
      vertex 3.08008 1.71259 4.68312
    endloop
  endfacet
  facet normal 0.898174 -0.439641 -0.000269884
    outer loop
      vertex 3.08381 1.72025 4.61842
      vertex 3.08008 1.71259 4.68312
      vertex 3.08101 1.71451 4.65048
    endloop
  endfacet
  facet normal 0.899032 -0.437884 9.95589e-06
    outer loop
      vertex 8.34891 12.5299 2.51
      vertex 7.94913 11.7091 2.51
      vertex 8.45555 12.7488 0.5
    endloop
  endfacet
  facet normal 0.899032 -0.437884 0.000102106
    outer loop
      vertex 8.34891 12.5299 2.51
      vertex 7.93007 11.67 2.64999
      vertex 7.94913 11.7091 2.51
    endloop
  endfacet
  facet normal 0.89974 -0.436425 0.000605985
    outer loop
      vertex 7.9338 11.6776 2.5853
      vertex 7.94913 11.7091 2.51
      vertex 7.93007 11.67 2.64999
    endloop
  endfacet
  facet normal 0.897923 -0.440151 -0.00129945
    outer loop
      vertex 7.94913 11.7091 2.51
      vertex 7.93841 11.6871 2.55432
      vertex 7.94474 11.7001 2.52499
    endloop
  endfacet
  facet normal 0.897805 -0.440392 -0.0014474
    outer loop
      vertex 7.94913 11.7091 2.51
      vertex 7.9338 11.6776 2.5853
      vertex 7.93841 11.6871 2.55432
    endloop
  endfacet
  facet normal 0.898693 -0.438579 0.000130057
    outer loop
      vertex 8.35964 12.5519 2.55432
      vertex 8.34891 12.5299 2.51
      vertex 8.3533 12.5389 2.52499
    endloop
  endfacet
  facet normal 0.896666 -0.442702 0.00205782
    outer loop
      vertex 8.36703 12.5671 2.61736
      vertex 8.34891 12.5299 2.51
      vertex 8.36424 12.5613 2.5853
    endloop
  endfacet
  facet normal 0.898916 -0.438121 0.000776616
    outer loop
      vertex 8.36797 12.569 3.31688
      vertex 7.92712 11.6639 2.98636
      vertex 7.92806 11.6658 2.9702
    endloop
  endfacet
  facet normal 0.899086 -0.437773 -0.000404231
    outer loop
      vertex 8.36797 12.569 3.31688
      vertex 7.92184 11.653 3.0471
      vertex 7.92712 11.6639 2.98636
    endloop
  endfacet
  facet normal 0.898798 -0.438357 0.00205552
    outer loop
      vertex 8.36797 12.569 3.31688
      vertex 7.91995 11.6492 3.06314
      vertex 7.92184 11.653 3.0471
    endloop
  endfacet
  facet normal 0.899086 -0.437773 -0.000219448
    outer loop
      vertex 8.26301 12.3535 3.59656
      vertex 7.9112 11.6312 3.12196
      vertex 7.91995 11.6492 3.06314
    endloop
  endfacet
  facet normal 0.899264 -0.437405 -0.000834337
    outer loop
      vertex 8.24136 12.309 3.63446
      vertex 7.90849 11.6256 3.1369
      vertex 7.9112 11.6312 3.12196
    endloop
  endfacet
  facet normal 0.898977 -0.437997 0.000233688
    outer loop
      vertex 8.23606 12.2982 3.6451
      vertex 7.89649 11.601 3.19254
      vertex 7.90849 11.6256 3.1369
    endloop
  endfacet
  facet normal 0.898955 -0.438042 0.000260017
    outer loop
      vertex 8.21683 12.2587 3.68896
      vertex 7.89288 11.5936 3.20683
      vertex 7.89649 11.601 3.19254
    endloop
  endfacet
  facet normal 0.89913 -0.437681 -0.000329607
    outer loop
      vertex 8.21205 12.2489 3.70142
      vertex 7.87776 11.5625 3.2585
      vertex 7.89288 11.5936 3.20683
    endloop
  endfacet
  facet normal 0.89857 -0.438828 0.00156675
    outer loop
      vertex 8.19551 12.2149 3.75061
      vertex 7.87344 11.5537 3.27135
      vertex 7.87776 11.5625 3.2585
    endloop
  endfacet
  facet normal 0.899133 -0.437674 -0.000395654
    outer loop
      vertex 8.19152 12.2067 3.76424
      vertex 7.85545 11.5167 3.31821
      vertex 7.87344 11.5537 3.27135
    endloop
  endfacet
  facet normal 0.898868 -0.438219 0.000574372
    outer loop
      vertex 8.17792 12.1788 3.81805
      vertex 7.85047 11.5065 3.32957
      vertex 7.85545 11.5167 3.31821
    endloop
  endfacet
  facet normal 0.898982 -0.437986 0.000192523
    outer loop
      vertex 8.17479 12.1724 3.83255
      vertex 7.82995 11.4644 3.37067
      vertex 7.85047 11.5065 3.32957
    endloop
  endfacet
  facet normal 0.899311 -0.437308 -0.000979632
    outer loop
      vertex 8.16434 12.1509 3.89006
      vertex 7.82432 11.4528 3.38052
      vertex 7.82995 11.4644 3.37067
    endloop
  endfacet
  facet normal 0.898958 -0.438035 0.000277454
    outer loop
      vertex 8.16208 12.1463 3.90529
      vertex 7.8017 11.4064 3.41505
      vertex 7.82432 11.4528 3.38052
    endloop
  endfacet
  facet normal 0.899376 -0.437175 -0.00114814
    outer loop
      vertex 8.15501 12.1318 3.96547
      vertex 7.79544 11.3935 3.42329
      vertex 7.8017 11.4064 3.41505
    endloop
  endfacet
  facet normal 0.899006 -0.437936 0.000109289
    outer loop
      vertex 8.15361 12.1289 3.98145
      vertex 7.77108 11.3435 3.45071
      vertex 7.79544 11.3935 3.42329
    endloop
  endfacet
  facet normal 0.899075 -0.437794 -0.000150927
    outer loop
      vertex 8.14992 12.1213 4.04535
      vertex 7.77108 11.3435 3.45071
      vertex 8.15361 12.1289 3.98145
    endloop
  endfacet
  facet normal 0.899115 -0.437712 -0.000136759
    outer loop
      vertex 8.03955 11.8947 4.5
      vertex 7.73878 11.2772 3.47688
      vertex 7.76453 11.3301 3.45691
    endloop
  endfacet
  facet normal 0.898691 -0.438582 0.000513402
    outer loop
      vertex 8.03955 11.8947 4.5
      vertex 7.73175 11.2628 3.48119
      vertex 7.73878 11.2772 3.47688
    endloop
  endfacet
  facet normal 0.898993 -0.437963 3.7805e-05
    outer loop
      vertex 8.03955 11.8947 4.5
      vertex 7.70515 11.2082 3.49326
      vertex 7.73175 11.2628 3.48119
    endloop
  endfacet
  facet normal 0.899934 -0.436023 -0.00159737
    outer loop
      vertex 8.03955 11.8947 4.5
      vertex 7.69808 11.1936 3.49539
      vertex 7.70515 11.2082 3.49326
    endloop
  endfacet
  facet normal 0.898912 -0.438128 0.000219183
    outer loop
      vertex 8.03955 11.8947 4.5
      vertex 7.66903 11.134 3.49974
      vertex 7.69808 11.1936 3.49539
    endloop
  endfacet
  facet normal 0.898511 -0.43895 0.00099266
    outer loop
      vertex 8.03955 11.8947 4.5
      vertex 7.66561 11.127 3.5
      vertex 7.66903 11.134 3.49974
    endloop
  endfacet
  facet normal 0.899026 -0.437895 -9.99055e-06
    outer loop
      vertex 3.78244 3.15458 4.5
      vertex 7.66561 11.127 3.5
      vertex 8.03955 11.8947 4.5
    endloop
  endfacet
  facet normal 0.898991 -0.437967 6.76895e-05
    outer loop
      vertex 3.4085 2.38686 3.5
      vertex 3.78244 3.15458 4.5
      vertex 3.77902 3.14756 4.50026
    endloop
  endfacet
  facet normal 0.899022 -0.437903 7.45609e-06
    outer loop
      vertex 3.4085 2.38686 3.5
      vertex 3.77902 3.14756 4.50026
      vertex 3.74997 3.08792 4.50461
    endloop
  endfacet
  facet normal 0.899027 -0.437894 -2.00194e-06
    outer loop
      vertex 3.78244 3.15458 4.5
      vertex 3.4085 2.38686 3.5
      vertex 7.66561 11.127 3.5
    endloop
  endfacet
  facet normal 0.898857 -0.438242 0.000299638
    outer loop
      vertex 3.74289 3.0734 4.50674
      vertex 3.4085 2.38686 3.5
      vertex 3.74997 3.08792 4.50461
    endloop
  endfacet
  facet normal 0.89905 -0.437846 -3.43538e-05
    outer loop
      vertex 3.71629 3.01878 4.51881
      vertex 3.4085 2.38686 3.5
      vertex 3.74289 3.0734 4.50674
    endloop
  endfacet
  facet normal 0.899001 -0.437946 4.25879e-05
    outer loop
      vertex 3.70927 3.00437 4.52312
      vertex 3.4085 2.38686 3.5
      vertex 3.71629 3.01878 4.51881
    endloop
  endfacet
  facet normal 0.899035 -0.437877 -9.03439e-06
    outer loop
      vertex 3.68351 2.95148 4.54309
      vertex 3.4085 2.38686 3.5
      vertex 3.70927 3.00437 4.52312
    endloop
  endfacet
  facet normal 0.899057 -0.437832 -3.95117e-05
    outer loop
      vertex 3.67697 2.93805 4.54929
      vertex 3.4085 2.38686 3.5
      vertex 3.68351 2.95148 4.54309
    endloop
  endfacet
  facet normal 0.899019 -0.437909 1.06903e-05
    outer loop
      vertex 3.65261 2.88804 4.57671
      vertex 3.4085 2.38686 3.5
      vertex 3.67697 2.93805 4.54929
    endloop
  endfacet
  facet normal 0.899107 -0.437728 -9.34208e-05
    outer loop
      vertex 3.64635 2.87518 4.58495
      vertex 3.4085 2.38686 3.5
      vertex 3.65261 2.88804 4.57671
    endloop
  endfacet
  facet normal 0.899053 -0.43784 -3.12006e-05
    outer loop
      vertex 3.62373 2.82873 4.61948
      vertex 3.4085 2.38686 3.5
      vertex 3.64635 2.87518 4.58495
    endloop
  endfacet
  facet normal 0.898927 -0.438098 9.47487e-05
    outer loop
      vertex 3.6181 2.81718 4.62933
      vertex 3.4085 2.38686 3.5
      vertex 3.62373 2.82873 4.61948
    endloop
  endfacet
  facet normal 0.898999 -0.43795 2.4997e-05
    outer loop
      vertex 3.59758 2.77506 4.67043
      vertex 3.4085 2.38686 3.5
      vertex 3.6181 2.81718 4.62933
    endloop
  endfacet
  facet normal 0.898974 -0.438001 4.60366e-05
    outer loop
      vertex 3.5926 2.76484 4.68179
      vertex 3.4085 2.38686 3.5
      vertex 3.59758 2.77506 4.67043
    endloop
  endfacet
  facet normal 0.899079 -0.437787 -3.85943e-05
    outer loop
      vertex 3.57461 2.72789 4.72865
      vertex 3.4085 2.38686 3.5
      vertex 3.5926 2.76484 4.68179
    endloop
  endfacet
  facet normal 0.898897 -0.438159 8.91946e-05
    outer loop
      vertex 3.57029 2.71903 4.7415
      vertex 3.4085 2.38686 3.5
      vertex 3.57461 2.72789 4.72865
    endloop
  endfacet
  facet normal 0.899018 -0.437912 7.24387e-06
    outer loop
      vertex 3.55517 2.68799 4.79317
      vertex 3.4085 2.38686 3.5
      vertex 3.57029 2.71903 4.7415
    endloop
  endfacet
  facet normal 0.899002 -0.437944 1.64838e-05
    outer loop
      vertex 3.55156 2.68058 4.80746
      vertex 3.4085 2.38686 3.5
      vertex 3.55517 2.68799 4.79317
    endloop
  endfacet
  facet normal 0.899089 -0.437765 -3.31155e-05
    outer loop
      vertex 3.53956 2.65593 4.8631
      vertex 3.4085 2.38686 3.5
      vertex 3.55156 2.68058 4.80746
    endloop
  endfacet
  facet normal 0.898735 -0.438492 0.000144434
    outer loop
      vertex 3.53684 2.65036 4.87804
      vertex 3.4085 2.38686 3.5
      vertex 3.53956 2.65593 4.8631
    endloop
  endfacet
  facet normal 0.899124 -0.437693 -4.4598e-05
    outer loop
      vertex 3.5281 2.6324 4.93686
      vertex 3.4085 2.38686 3.5
      vertex 3.53684 2.65036 4.87804
    endloop
  endfacet
  facet normal 0.898756 -0.438449 0.000115298
    outer loop
      vertex 3.52621 2.62853 4.9529
      vertex 3.4085 2.38686 3.5
      vertex 3.5281 2.6324 4.93686
    endloop
  endfacet
  facet normal 0.899108 -0.437726 -3.35478e-05
    outer loop
      vertex 3.52093 2.61768 5.01364
      vertex 3.4085 2.38686 3.5
      vertex 3.52621 2.62853 4.9529
    endloop
  endfacet
  facet normal 0.898635 -0.438697 0.000149659
    outer loop
      vertex 3.51999 2.61576 5.0298
      vertex 3.4085 2.38686 3.5
      vertex 3.52093 2.61768 5.01364
    endloop
  endfacet
  facet normal 0.899143 -0.437656 -4.31591e-05
    outer loop
      vertex 3.51809 2.61185 5.09613
      vertex 3.4085 2.38686 3.5
      vertex 3.51999 2.61576 5.0298
    endloop
  endfacet
  facet normal 0.896897 -0.442239 0.000757068
    outer loop
      vertex 3.4085 2.38686 3.5
      vertex 3.51809 2.61185 5.09613
      vertex 3.51797 2.61162 5.10394
    endloop
  endfacet
  facet normal 0.899085 -0.437774 0.00040973
    outer loop
      vertex 7.9338 11.6776 2.5853
      vertex 7.93007 11.67 2.64999
      vertex 7.93101 11.6719 2.61736
    endloop
  endfacet
  facet normal 0.898938 -0.438076 -0.000309786
    outer loop
      vertex 3.31369 2.19222 3.625
      vertex 3.4085 2.38686 3.5
      vertex 3.30736 2.17921 3.65433
    endloop
  endfacet
  facet normal 0.899125 -0.437692 0
    outer loop
      vertex 3.51078 2.59685 11.1708
      vertex 3.51797 2.61162 8
      vertex 3.51797 2.61162 11.2041
    endloop
  endfacet
  facet normal 0.899309 -0.437315 2.17404e-06
    outer loop
      vertex 3.50954 2.5943 11.1665
      vertex 3.51797 2.61162 8
      vertex 3.51078 2.59685 11.1708
    endloop
  endfacet
  facet normal 0.898991 -0.437966 -2.23636e-06
    outer loop
      vertex 3.49301 2.56037 11.1101
      vertex 3.51797 2.61162 8
      vertex 3.50954 2.5943 11.1665
    endloop
  endfacet
  facet normal 0.899024 -0.437899 -8.64341e-07
    outer loop
      vertex 3.4734 2.52011 11.059
      vertex 3.51797 2.61162 8
      vertex 3.49301 2.56037 11.1101
    endloop
  endfacet
  facet normal 0.898558 -0.438854 -3.62264e-05
    outer loop
      vertex 3.47192 2.51708 11.0552
      vertex 3.51797 2.61162 8
      vertex 3.4734 2.52011 11.059
    endloop
  endfacet
  facet normal 0.899039 -0.437869 1.50006e-06
    outer loop
      vertex 3.44956 2.47117 11.0104
      vertex 3.51797 2.61162 8
      vertex 3.47192 2.51708 11.0552
    endloop
  endfacet
  facet normal 0.899543 -0.436833 6.13209e-05
    outer loop
      vertex 3.44788 2.46771 11.007
      vertex 3.51797 2.61162 8
      vertex 3.44956 2.47117 11.0104
    endloop
  endfacet
  facet normal 0.898625 -0.438717 -5.02848e-05
    outer loop
      vertex 3.44601 2.46388 11.0042
      vertex 3.51797 2.61162 8
      vertex 3.44788 2.46771 11.007
    endloop
  endfacet
  facet normal 0.899019 -0.43791 -1.14291e-06
    outer loop
      vertex 3.42128 2.41311 10.9664
      vertex 3.51797 2.61162 8
      vertex 3.44601 2.46388 11.0042
    endloop
  endfacet
  facet normal 0.899161 -0.437618 2.30035e-05
    outer loop
      vertex 3.41927 2.40898 10.9642
      vertex 3.51797 2.61162 8
      vertex 3.42128 2.41311 10.9664
    endloop
  endfacet
  facet normal 0.899071 -0.437803 7.42e-06
    outer loop
      vertex 3.3926 2.35421 10.9341
      vertex 3.51797 2.61162 8
      vertex 3.41927 2.40898 10.9642
    endloop
  endfacet
  facet normal 0.898984 -0.437982 -1.20351e-05
    outer loop
      vertex 3.36443 2.29639 10.9123
      vertex 3.51797 2.61162 8
      vertex 3.3926 2.35421 10.9341
    endloop
  endfacet
  facet normal 0.899311 -0.43731 7.79331e-05
    outer loop
      vertex 3.36231 2.29203 10.9106
      vertex 3.51797 2.61162 8
      vertex 3.36443 2.29639 10.9123
    endloop
  endfacet
  facet normal 0.898775 -0.438411 -7.16138e-05
    outer loop
      vertex 3.36011 2.28752 10.9096
      vertex 3.51797 2.61162 8
      vertex 3.36231 2.29203 10.9106
    endloop
  endfacet
  facet normal 0.899032 -0.437883 1.2005e-06
    outer loop
      vertex 3.33094 2.22763 10.8964
      vertex 3.51797 2.61162 8
      vertex 3.36011 2.28752 10.9096
    endloop
  endfacet
  facet normal 0.898696 -0.438572 -0.000111914
    outer loop
      vertex 3.3287 2.22304 10.8961
      vertex 3.51797 2.61162 8
      vertex 3.33094 2.22763 10.8964
    endloop
  endfacet
  facet normal 0.89907 -0.437805 1.54e-05
    outer loop
      vertex 3.29903 2.16211 10.8916
      vertex 3.51797 2.61162 8
      vertex 3.3287 2.22304 10.8961
    endloop
  endfacet
  facet normal 0.89904 -0.437866 -5.34369e-06
    outer loop
      vertex 3.08008 1.71259 8
      vertex 3.29903 2.16211 10.8916
      vertex 3.26935 2.10117 10.8961
    endloop
  endfacet
  facet normal 0.898696 -0.438572 0.000111914
    outer loop
      vertex 3.08008 1.71259 8
      vertex 3.26935 2.10117 10.8961
      vertex 3.26711 2.09658 10.8964
    endloop
  endfacet
  facet normal 0.899032 -0.437883 -1.2005e-06
    outer loop
      vertex 3.08008 1.71259 8
      vertex 3.26711 2.09658 10.8964
      vertex 3.23794 2.03669 10.9096
    endloop
  endfacet
  facet normal 0.898775 -0.438411 7.16138e-05
    outer loop
      vertex 3.08008 1.71259 8
      vertex 3.23794 2.03669 10.9096
      vertex 3.23574 2.03218 10.9106
    endloop
  endfacet
  facet normal 0.899311 -0.43731 -7.79331e-05
    outer loop
      vertex 3.08008 1.71259 8
      vertex 3.23574 2.03218 10.9106
      vertex 3.23362 2.02782 10.9123
    endloop
  endfacet
  facet normal 0.898984 -0.437982 1.20351e-05
    outer loop
      vertex 3.08008 1.71259 8
      vertex 3.23362 2.02782 10.9123
      vertex 3.20545 1.97 10.9341
    endloop
  endfacet
  facet normal 0.899071 -0.437803 -7.42e-06
    outer loop
      vertex 3.08008 1.71259 8
      vertex 3.20545 1.97 10.9341
      vertex 3.17878 1.91523 10.9642
    endloop
  endfacet
  facet normal 0.899161 -0.437618 -2.30035e-05
    outer loop
      vertex 3.08008 1.71259 8
      vertex 3.17878 1.91523 10.9642
      vertex 3.17677 1.9111 10.9664
    endloop
  endfacet
  facet normal 0.899019 -0.43791 1.14291e-06
    outer loop
      vertex 3.08008 1.71259 8
      vertex 3.17677 1.9111 10.9664
      vertex 3.15204 1.86033 11.0042
    endloop
  endfacet
  facet normal 0.899517 -0.436886 -6.11563e-05
    outer loop
      vertex 3.08008 1.71259 8
      vertex 3.15204 1.86033 11.0042
      vertex 3.15018 1.8565 11.007
    endloop
  endfacet
  facet normal 0.898565 -0.438841 5.45976e-05
    outer loop
      vertex 3.08008 1.71259 8
      vertex 3.15018 1.8565 11.007
      vertex 3.14849 1.85304 11.0104
    endloop
  endfacet
  facet normal 0.899039 -0.437869 -1.50006e-06
    outer loop
      vertex 3.08008 1.71259 8
      vertex 3.14849 1.85304 11.0104
      vertex 3.12613 1.80713 11.0552
    endloop
  endfacet
  facet normal 0.898558 -0.438854 3.62264e-05
    outer loop
      vertex 3.08008 1.71259 8
      vertex 3.12613 1.80713 11.0552
      vertex 3.12465 1.8041 11.059
    endloop
  endfacet
  facet normal 0.899024 -0.437899 8.64341e-07
    outer loop
      vertex 3.08008 1.71259 8
      vertex 3.12465 1.8041 11.059
      vertex 3.10504 1.76384 11.1101
    endloop
  endfacet
  facet normal 0.899093 -0.437758 -2.01353e-06
    outer loop
      vertex 3.08008 1.71259 8
      vertex 3.10504 1.76384 11.1101
      vertex 3.08852 1.72991 11.1665
    endloop
  endfacet
  facet normal 0.89793 -0.440138 1.41041e-05
    outer loop
      vertex 3.08008 1.71259 8
      vertex 3.08852 1.72991 11.1665
      vertex 3.08727 1.72736 11.1708
    endloop
  endfacet
  facet normal 0.899125 -0.437692 0
    outer loop
      vertex 3.08008 1.71259 8
      vertex 3.08727 1.72736 11.1708
      vertex 3.08008 1.71259 11.2041
    endloop
  endfacet
  facet normal 0.899029 -0.437889 -7.97378e-07
    outer loop
      vertex 3.29903 2.16211 10.8916
      vertex 3.08008 1.71259 8
      vertex 3.51797 2.61162 8
    endloop
  endfacet
  facet normal 0.364129 0.747566 -0.555478
    outer loop
      vertex 8.34891 12.5299 2.51
      vertex 7.45428 12.9768 2.52499
      vertex 8.3533 12.5389 2.52499
    endloop
  endfacet
  facet normal 0.364129 0.747566 -0.555478
    outer loop
      vertex 7.45428 12.9768 2.52499
      vertex 8.34891 12.5299 2.51
      vertex 7.44989 12.9678 2.51
    endloop
  endfacet
  facet normal 0.39274 0.806315 -0.44228
    outer loop
      vertex 8.3533 12.5389 2.52499
      vertex 7.46061 12.9898 2.55432
      vertex 8.35964 12.5519 2.55432
    endloop
  endfacet
  facet normal 0.392767 0.806361 -0.442172
    outer loop
      vertex 7.46061 12.9898 2.55432
      vertex 8.3533 12.5389 2.52499
      vertex 7.45428 12.9768 2.52499
    endloop
  endfacet
  facet normal 0.414866 0.851741 -0.320037
    outer loop
      vertex 8.35964 12.5519 2.55432
      vertex 7.46521 12.9992 2.5853
      vertex 8.36424 12.5613 2.5853
    endloop
  endfacet
  facet normal 0.414866 0.851741 -0.320037
    outer loop
      vertex 7.46521 12.9992 2.5853
      vertex 8.35964 12.5519 2.55432
      vertex 7.46061 12.9898 2.55432
    endloop
  endfacet
  facet normal 0.429336 0.881437 -0.196824
    outer loop
      vertex 8.36424 12.5613 2.5853
      vertex 7.46801 13.005 2.61736
      vertex 8.36703 12.5671 2.61736
    endloop
  endfacet
  facet normal 0.42932 0.881416 -0.196953
    outer loop
      vertex 7.46801 13.005 2.61736
      vertex 8.36424 12.5613 2.5853
      vertex 7.46521 12.9992 2.5853
    endloop
  endfacet
  facet normal 0.436976 0.897134 -0.0648272
    outer loop
      vertex 8.36703 12.5671 2.61736
      vertex 7.46894 13.0069 2.64999
      vertex 8.36797 12.569 2.64999
    endloop
  endfacet
  facet normal 0.436984 0.89714 -0.0646939
    outer loop
      vertex 7.46894 13.0069 2.64999
      vertex 8.36703 12.5671 2.61736
      vertex 7.46801 13.005 2.61736
    endloop
  endfacet
  facet normal 0.437898 0.899025 -0
    outer loop
      vertex 8.36797 12.569 2.64999
      vertex 7.46894 13.0069 3.31688
      vertex 8.36797 12.569 3.31688
    endloop
  endfacet
  facet normal 0.437898 0.899025 0
    outer loop
      vertex 7.46894 13.0069 3.31688
      vertex 8.36797 12.569 2.64999
      vertex 7.46894 13.0069 2.64999
    endloop
  endfacet
  facet normal 0.436977 0.897135 0.0648074
    outer loop
      vertex 7.46894 13.0069 3.31688
      vertex 8.36703 12.5671 3.34952
      vertex 8.36797 12.569 3.31688
    endloop
  endfacet
  facet normal 0.436985 0.897141 0.0646741
    outer loop
      vertex 8.36703 12.5671 3.34952
      vertex 7.46894 13.0069 3.31688
      vertex 7.46801 13.005 3.34952
    endloop
  endfacet
  facet normal 0.429336 0.881437 0.196824
    outer loop
      vertex 7.46801 13.005 3.34952
      vertex 8.36424 12.5613 3.38158
      vertex 8.36703 12.5671 3.34952
    endloop
  endfacet
  facet normal 0.42932 0.881416 0.196953
    outer loop
      vertex 8.36424 12.5613 3.38158
      vertex 7.46801 13.005 3.34952
      vertex 7.46521 12.9992 3.38158
    endloop
  endfacet
  facet normal 0.414853 0.851713 0.32013
    outer loop
      vertex 7.46521 12.9992 3.38158
      vertex 8.35964 12.5519 3.41255
      vertex 8.36424 12.5613 3.38158
    endloop
  endfacet
  facet normal 0.414853 0.851713 0.32013
    outer loop
      vertex 8.35964 12.5519 3.41255
      vertex 7.46521 12.9992 3.38158
      vertex 7.46061 12.9898 3.41255
    endloop
  endfacet
  facet normal 0.39274 0.806315 0.44228
    outer loop
      vertex 7.46061 12.9898 3.41255
      vertex 8.3533 12.5389 3.44188
      vertex 8.35964 12.5519 3.41255
    endloop
  endfacet
  facet normal 0.392767 0.806361 0.442172
    outer loop
      vertex 8.3533 12.5389 3.44188
      vertex 7.46061 12.9898 3.41255
      vertex 7.45428 12.9768 3.44188
    endloop
  endfacet
  facet normal 0.363719 0.746724 0.556877
    outer loop
      vertex 7.45428 12.9768 3.44188
      vertex 8.34534 12.5225 3.46907
      vertex 8.3533 12.5389 3.44188
    endloop
  endfacet
  facet normal 0.363719 0.746724 0.556877
    outer loop
      vertex 8.34534 12.5225 3.46907
      vertex 7.45428 12.9768 3.44188
      vertex 7.44632 12.9604 3.46907
    endloop
  endfacet
  facet normal 0.329107 0.675666 0.65967
    outer loop
      vertex 7.44632 12.9604 3.46907
      vertex 8.3359 12.5031 3.49365
      vertex 8.34534 12.5225 3.46907
    endloop
  endfacet
  facet normal 0.329107 0.675666 0.65967
    outer loop
      vertex 8.3359 12.5031 3.49365
      vertex 7.44632 12.9604 3.46907
      vertex 7.43688 12.941 3.49365
    endloop
  endfacet
  facet normal 0.288757 0.592825 0.751783
    outer loop
      vertex 7.43688 12.941 3.49365
      vertex 8.32514 12.481 3.51521
      vertex 8.3359 12.5031 3.49365
    endloop
  endfacet
  facet normal 0.288725 0.592766 0.751842
    outer loop
      vertex 8.32514 12.481 3.51521
      vertex 7.43688 12.941 3.49365
      vertex 7.42611 12.9189 3.51521
    endloop
  endfacet
  facet normal 0.243634 0.500192 0.830933
    outer loop
      vertex 7.42611 12.9189 3.51521
      vertex 8.31323 12.4566 3.53339
      vertex 8.32514 12.481 3.51521
    endloop
  endfacet
  facet normal 0.243663 0.500247 0.830892
    outer loop
      vertex 8.31323 12.4566 3.53339
      vertex 7.42611 12.9189 3.51521
      vertex 7.41421 12.8945 3.53339
    endloop
  endfacet
  facet normal 0.193724 0.39772 0.896822
    outer loop
      vertex 7.41421 12.8945 3.53339
      vertex 8.30035 12.4302 3.54788
      vertex 8.31323 12.4566 3.53339
    endloop
  endfacet
  facet normal 0.193187 0.396713 0.897384
    outer loop
      vertex 8.30035 12.4302 3.54788
      vertex 7.41421 12.8945 3.53339
      vertex 7.40132 12.868 3.54788
    endloop
  endfacet
  facet normal 0.164587 0.337982 0.926649
    outer loop
      vertex 7.40132 12.868 3.54788
      vertex 8.29889 12.4271 3.54927
      vertex 8.30035 12.4302 3.54788
    endloop
  endfacet
  facet normal 0.168405 0.345743 0.923094
    outer loop
      vertex 8.29889 12.4271 3.54927
      vertex 7.40132 12.868 3.54788
      vertex 7.39986 12.865 3.54927
    endloop
  endfacet
  facet normal 0.193678 0.397631 0.896871
    outer loop
      vertex 7.39986 12.865 3.54927
      vertex 8.29249 12.414 3.55646
      vertex 8.29889 12.4271 3.54927
    endloop
  endfacet
  facet normal 0.193727 0.397726 0.896819
    outer loop
      vertex 8.29249 12.414 3.55646
      vertex 7.39986 12.865 3.54927
      vertex 7.39347 12.8519 3.55646
    endloop
  endfacet
  facet normal 0.218995 0.449603 0.865967
    outer loop
      vertex 7.39347 12.8519 3.55646
      vertex 8.26895 12.3657 3.58749
      vertex 8.29249 12.414 3.55646
    endloop
  endfacet
  facet normal 0.21898 0.449576 0.865985
    outer loop
      vertex 8.26895 12.3657 3.58749
      vertex 7.39347 12.8519 3.55646
      vertex 7.36992 12.8036 3.58749
    endloop
  endfacet
  facet normal 0.243345 0.499599 0.831375
    outer loop
      vertex 7.36992 12.8036 3.58749
      vertex 8.26301 12.3535 3.59656
      vertex 8.26895 12.3657 3.58749
    endloop
  endfacet
  facet normal 0.243345 0.499599 0.831375
    outer loop
      vertex 8.26301 12.3535 3.59656
      vertex 7.36992 12.8036 3.58749
      vertex 7.36398 12.7914 3.59656
    endloop
  endfacet
  facet normal 0.266253 0.546631 0.793917
    outer loop
      vertex 7.36398 12.7914 3.59656
      vertex 8.24136 12.309 3.63446
      vertex 8.26301 12.3535 3.59656
    endloop
  endfacet
  facet normal 0.26627 0.54666 0.793891
    outer loop
      vertex 8.24136 12.309 3.63446
      vertex 7.36398 12.7914 3.59656
      vertex 7.34234 12.7469 3.63446
    endloop
  endfacet
  facet normal 0.290108 0.5956 0.749065
    outer loop
      vertex 7.34234 12.7469 3.63446
      vertex 8.23606 12.2982 3.6451
      vertex 8.24136 12.309 3.63446
    endloop
  endfacet
  facet normal 0.28878 0.593015 0.751624
    outer loop
      vertex 8.23606 12.2982 3.6451
      vertex 7.34234 12.7469 3.63446
      vertex 7.33703 12.736 3.6451
    endloop
  endfacet
  facet normal 0.309328 0.635211 0.707688
    outer loop
      vertex 7.33703 12.736 3.6451
      vertex 8.21683 12.2587 3.68896
      vertex 8.23606 12.2982 3.6451
    endloop
  endfacet
  facet normal 0.309721 0.635865 0.706929
    outer loop
      vertex 8.21683 12.2587 3.68896
      vertex 7.33703 12.736 3.6451
      vertex 7.31781 12.6966 3.68896
    endloop
  endfacet
  facet normal 0.32954 0.676554 0.658542
    outer loop
      vertex 7.31781 12.6966 3.68896
      vertex 8.21205 12.2489 3.70142
      vertex 8.21683 12.2587 3.68896
    endloop
  endfacet
  facet normal 0.32948 0.676438 0.658692
    outer loop
      vertex 8.21205 12.2489 3.70142
      vertex 7.31781 12.6966 3.68896
      vertex 7.31302 12.6868 3.70142
    endloop
  endfacet
  facet normal 0.347186 0.71279 0.609419
    outer loop
      vertex 7.31302 12.6868 3.70142
      vertex 8.19551 12.2149 3.75061
      vertex 8.21205 12.2489 3.70142
    endloop
  endfacet
  facet normal 0.347204 0.712819 0.609375
    outer loop
      vertex 8.19551 12.2149 3.75061
      vertex 7.31302 12.6868 3.70142
      vertex 7.29649 12.6528 3.75061
    endloop
  endfacet
  facet normal 0.363954 0.747208 0.556073
    outer loop
      vertex 7.29649 12.6528 3.75061
      vertex 8.19152 12.2067 3.76424
      vertex 8.19551 12.2149 3.75061
    endloop
  endfacet
  facet normal 0.363954 0.747208 0.556073
    outer loop
      vertex 8.19152 12.2067 3.76424
      vertex 7.29649 12.6528 3.75061
      vertex 7.2925 12.6446 3.76424
    endloop
  endfacet
  facet normal 0.379322 0.778759 0.49965
    outer loop
      vertex 7.2925 12.6446 3.76424
      vertex 8.17792 12.1788 3.81805
      vertex 8.19152 12.2067 3.76424
    endloop
  endfacet
  facet normal 0.379306 0.778733 0.499703
    outer loop
      vertex 8.17792 12.1788 3.81805
      vertex 7.2925 12.6446 3.76424
      vertex 7.27889 12.6167 3.81805
    endloop
  endfacet
  facet normal 0.39302 0.806889 0.440982
    outer loop
      vertex 7.27889 12.6167 3.81805
      vertex 8.17479 12.1724 3.83255
      vertex 8.17792 12.1788 3.81805
    endloop
  endfacet
  facet normal 0.39302 0.806889 0.440982
    outer loop
      vertex 8.17479 12.1724 3.83255
      vertex 7.27889 12.6167 3.81805
      vertex 7.27576 12.6103 3.83255
    endloop
  endfacet
  facet normal 0.404356 0.830163 0.383829
    outer loop
      vertex 7.27576 12.6103 3.83255
      vertex 8.16434 12.1509 3.89006
      vertex 8.17479 12.1724 3.83255
    endloop
  endfacet
  facet normal 0.404371 0.830184 0.38377
    outer loop
      vertex 8.16434 12.1509 3.89006
      vertex 7.27576 12.6103 3.83255
      vertex 7.26532 12.5888 3.89006
    endloop
  endfacet
  facet normal 0.415032 0.852071 0.318943
    outer loop
      vertex 7.26532 12.5888 3.89006
      vertex 8.16208 12.1463 3.90529
      vertex 8.16434 12.1509 3.89006
    endloop
  endfacet
  facet normal 0.414992 0.851998 0.319187
    outer loop
      vertex 8.16208 12.1463 3.90529
      vertex 7.26532 12.5888 3.89006
      vertex 7.26305 12.5842 3.90529
    endloop
  endfacet
  facet normal 0.422965 0.868368 0.258918
    outer loop
      vertex 7.26305 12.5842 3.90529
      vertex 8.15501 12.1318 3.96547
      vertex 8.16208 12.1463 3.90529
    endloop
  endfacet
  facet normal 0.422728 0.86808 0.260264
    outer loop
      vertex 8.15501 12.1318 3.96547
      vertex 7.26305 12.5842 3.90529
      vertex 7.25598 12.5696 3.96547
    endloop
  endfacet
  facet normal 0.429189 0.881347 0.197545
    outer loop
      vertex 7.25598 12.5696 3.96547
      vertex 8.15361 12.1289 3.98145
      vertex 8.15501 12.1318 3.96547
    endloop
  endfacet
  facet normal 0.429756 0.882301 0.191978
    outer loop
      vertex 8.15361 12.1289 3.98145
      vertex 7.25598 12.5696 3.96547
      vertex 7.25459 12.5668 3.98145
    endloop
  endfacet
  facet normal 0.434124 0.891267 0.131073
    outer loop
      vertex 7.25459 12.5668 3.98145
      vertex 8.14992 12.1213 4.04535
      vertex 8.15361 12.1289 3.98145
    endloop
  endfacet
  facet normal 0.434124 0.891267 0.131073
    outer loop
      vertex 8.14992 12.1213 4.04535
      vertex 7.25459 12.5668 3.98145
      vertex 7.2509 12.5592 4.04535
    endloop
  endfacet
  facet normal 0.436629 0.89641 0.0761855
    outer loop
      vertex 7.2509 12.5592 4.04535
      vertex 8.1495 12.1205 4.05717
      vertex 8.14992 12.1213 4.04535
    endloop
  endfacet
  facet normal 0.436284 0.895906 0.0837187
    outer loop
      vertex 8.1495 12.1205 4.05717
      vertex 7.2509 12.5592 4.04535
      vertex 7.25048 12.5583 4.05717
    endloop
  endfacet
  facet normal 0.437547 0.8985 0.0353582
    outer loop
      vertex 7.25048 12.5583 4.05717
      vertex 8.14905 12.1195 4.08815
      vertex 8.1495 12.1205 4.05717
    endloop
  endfacet
  facet normal 0.437671 0.898549 0.0324611
    outer loop
      vertex 8.14905 12.1195 4.08815
      vertex 7.25048 12.5583 4.05717
      vertex 7.25003 12.5574 4.08815
    endloop
  endfacet
  facet normal 0.4379 0.89902 0.00277738
    outer loop
      vertex 7.25003 12.5574 4.08815
      vertex 8.14902 12.1195 4.09288
      vertex 8.14905 12.1195 4.08815
    endloop
  endfacet
  facet normal 0.4379 0.89902 0.00277738
    outer loop
      vertex 8.14902 12.1195 4.09288
      vertex 7.25003 12.5574 4.08815
      vertex 7.25 12.5574 4.09288
    endloop
  endfacet
  facet normal 0.437901 0.899023 -0
    outer loop
      vertex 8.14902 12.1195 4.09288
      vertex 7.25 12.5574 4.25
      vertex 8.14902 12.1195 4.25
    endloop
  endfacet
  facet normal 0.437901 0.899023 0
    outer loop
      vertex 7.25 12.5574 4.25
      vertex 8.14902 12.1195 4.09288
      vertex 7.25 12.5574 4.09288
    endloop
  endfacet
  facet normal 0.436905 0.896978 0.0674105
    outer loop
      vertex 7.25 12.5574 4.25
      vertex 8.14809 12.1175 4.28264
      vertex 8.14902 12.1195 4.25
    endloop
  endfacet
  facet normal 0.436897 0.896972 0.0675437
    outer loop
      vertex 8.14809 12.1175 4.28264
      vertex 7.25 12.5574 4.25
      vertex 7.24906 12.5554 4.28264
    endloop
  endfacet
  facet normal 0.429551 0.88189 0.194308
    outer loop
      vertex 7.24906 12.5554 4.28264
      vertex 8.14529 12.1118 4.3147
      vertex 8.14809 12.1175 4.28264
    endloop
  endfacet
  facet normal 0.429566 0.881911 0.194179
    outer loop
      vertex 8.14529 12.1118 4.3147
      vertex 7.24906 12.5554 4.28264
      vertex 7.24627 12.5497 4.3147
    endloop
  endfacet
  facet normal 0.414856 0.851711 0.32013
    outer loop
      vertex 7.24627 12.5497 4.3147
      vertex 8.14069 12.1024 4.34567
      vertex 8.14529 12.1118 4.3147
    endloop
  endfacet
  facet normal 0.414835 0.851676 0.32025
    outer loop
      vertex 8.14069 12.1024 4.34567
      vertex 7.24627 12.5497 4.3147
      vertex 7.24166 12.5403 4.34567
    endloop
  endfacet
  facet normal 0.392764 0.806363 0.442172
    outer loop
      vertex 7.24166 12.5403 4.34567
      vertex 8.13436 12.0894 4.375
      vertex 8.14069 12.1024 4.34567
    endloop
  endfacet
  facet normal 0.392213 0.805416 0.44438
    outer loop
      vertex 8.13436 12.0894 4.375
      vertex 7.24166 12.5403 4.34567
      vertex 7.23533 12.5272 4.375
    endloop
  endfacet
  facet normal 0.363648 0.746758 0.556877
    outer loop
      vertex 7.23533 12.5272 4.375
      vertex 8.1264 12.073 4.40219
      vertex 8.13436 12.0894 4.375
    endloop
  endfacet
  facet normal 0.364272 0.747868 0.554978
    outer loop
      vertex 8.1264 12.073 4.40219
      vertex 7.23533 12.5272 4.375
      vertex 7.22737 12.5109 4.40219
    endloop
  endfacet
  facet normal 0.329104 0.675667 0.65967
    outer loop
      vertex 7.22737 12.5109 4.40219
      vertex 8.11696 12.0536 4.42677
      vertex 8.1264 12.073 4.40219
    endloop
  endfacet
  facet normal 0.329104 0.675667 0.65967
    outer loop
      vertex 8.11696 12.0536 4.42677
      vertex 7.22737 12.5109 4.40219
      vertex 7.21793 12.4915 4.42677
    endloop
  endfacet
  facet normal 0.288725 0.592766 0.751842
    outer loop
      vertex 7.21793 12.4915 4.42677
      vertex 8.10619 12.0315 4.44833
      vertex 8.11696 12.0536 4.42677
    endloop
  endfacet
  facet normal 0.288757 0.592825 0.751783
    outer loop
      vertex 8.10619 12.0315 4.44833
      vertex 7.21793 12.4915 4.42677
      vertex 7.20717 12.4694 4.44833
    endloop
  endfacet
  facet normal 0.243663 0.500247 0.830892
    outer loop
      vertex 7.20717 12.4694 4.44833
      vertex 8.09429 12.0071 4.46651
      vertex 8.10619 12.0315 4.44833
    endloop
  endfacet
  facet normal 0.243634 0.500192 0.830933
    outer loop
      vertex 8.09429 12.0071 4.46651
      vertex 7.20717 12.4694 4.44833
      vertex 7.19526 12.445 4.46651
    endloop
  endfacet
  facet normal 0.193469 0.397201 0.897107
    outer loop
      vertex 7.19526 12.445 4.46651
      vertex 8.08144 11.9807 4.48097
      vertex 8.09429 12.0071 4.46651
    endloop
  endfacet
  facet normal 0.193494 0.397248 0.897081
    outer loop
      vertex 8.08144 11.9807 4.48097
      vertex 7.19526 12.445 4.46651
      vertex 7.18242 12.4186 4.48097
    endloop
  endfacet
  facet normal 0.141004 0.289485 0.94674
    outer loop
      vertex 7.18242 12.4186 4.48097
      vertex 8.06788 11.9529 4.49149
      vertex 8.08144 11.9807 4.48097
    endloop
  endfacet
  facet normal 0.140985 0.289449 0.946754
    outer loop
      vertex 8.06788 11.9529 4.49149
      vertex 7.18242 12.4186 4.48097
      vertex 7.16885 12.3908 4.49149
    endloop
  endfacet
  facet normal 0.0853889 0.175308 0.980804
    outer loop
      vertex 7.16885 12.3908 4.49149
      vertex 8.05384 11.9241 4.49786
      vertex 8.06788 11.9529 4.49149
    endloop
  endfacet
  facet normal 0.0851433 0.174843 0.980908
    outer loop
      vertex 8.05384 11.9241 4.49786
      vertex 7.16885 12.3908 4.49149
      vertex 7.15481 12.3619 4.49786
    endloop
  endfacet
  facet normal 0.0286007 0.0587321 0.997864
    outer loop
      vertex 7.15481 12.3619 4.49786
      vertex 8.03955 11.8947 4.5
      vertex 8.05384 11.9241 4.49786
    endloop
  endfacet
  facet normal 0.0286846 0.0588908 0.997852
    outer loop
      vertex 8.03955 11.8947 4.5
      vertex 7.15481 12.3619 4.49786
      vertex 7.14052 12.3326 4.5
    endloop
  endfacet
  facet normal 0 0 1
    outer loop
      vertex 7.14052 12.3326 4.5
      vertex 3.78244 3.15458 4.5
      vertex 8.03955 11.8947 4.5
    endloop
  endfacet
  facet normal 0 -0 1
    outer loop
      vertex 3.78244 3.15458 4.5
      vertex 7.14052 12.3326 4.5
      vertex 2.88341 3.59247 4.5
    endloop
  endfacet
  facet normal 0.0145719 0.0299174 0.999446
    outer loop
      vertex 2.88341 3.59247 4.5
      vertex 3.77902 3.14756 4.50026
      vertex 3.78244 3.15458 4.5
    endloop
  endfacet
  facet normal 0.0145719 0.0299174 0.999446
    outer loop
      vertex 3.77902 3.14756 4.50026
      vertex 2.88341 3.59247 4.5
      vertex 2.87999 3.58545 4.50026
    endloop
  endfacet
  facet normal 0.028652 0.0588253 0.997857
    outer loop
      vertex 2.87999 3.58545 4.50026
      vertex 3.74997 3.08792 4.50461
      vertex 3.77902 3.14756 4.50026
    endloop
  endfacet
  facet normal 0.0286564 0.0588329 0.997856
    outer loop
      vertex 3.74997 3.08792 4.50461
      vertex 2.87999 3.58545 4.50026
      vertex 2.85094 3.52582 4.50461
    endloop
  endfacet
  facet normal 0.0572433 0.117523 0.991419
    outer loop
      vertex 2.85094 3.52582 4.50461
      vertex 3.74289 3.0734 4.50674
      vertex 3.74997 3.08792 4.50461
    endloop
  endfacet
  facet normal 0.0572267 0.117491 0.991424
    outer loop
      vertex 3.74289 3.0734 4.50674
      vertex 2.85094 3.52582 4.50461
      vertex 2.84387 3.51129 4.50674
    endloop
  endfacet
  facet normal 0.0853302 0.175189 0.98083
    outer loop
      vertex 2.84387 3.51129 4.50674
      vertex 3.71629 3.01878 4.51881
      vertex 3.74289 3.0734 4.50674
    endloop
  endfacet
  facet normal 0.085344 0.175213 0.980824
    outer loop
      vertex 3.71629 3.01878 4.51881
      vertex 2.84387 3.51129 4.50674
      vertex 2.81727 3.45668 4.51881
    endloop
  endfacet
  facet normal 0.113708 0.233444 0.965699
    outer loop
      vertex 2.81727 3.45668 4.51881
      vertex 3.70927 3.00437 4.52312
      vertex 3.71629 3.01878 4.51881
    endloop
  endfacet
  facet normal 0.113646 0.233323 0.965735
    outer loop
      vertex 3.70927 3.00437 4.52312
      vertex 2.81727 3.45668 4.51881
      vertex 2.81025 3.44226 4.52312
    endloop
  endfacet
  facet normal 0.140756 0.288983 0.94693
    outer loop
      vertex 2.81025 3.44226 4.52312
      vertex 3.68351 2.95148 4.54309
      vertex 3.70927 3.00437 4.52312
    endloop
  endfacet
  facet normal 0.140778 0.289021 0.946915
    outer loop
      vertex 3.68351 2.95148 4.54309
      vertex 2.81025 3.44226 4.52312
      vertex 2.78449 3.38938 4.54309
    endloop
  endfacet
  facet normal 0.167868 0.344638 0.923604
    outer loop
      vertex 2.78449 3.38938 4.54309
      vertex 3.67697 2.93805 4.54929
      vertex 3.68351 2.95148 4.54309
    endloop
  endfacet
  facet normal 0.167868 0.344638 0.923604
    outer loop
      vertex 3.67697 2.93805 4.54929
      vertex 2.78449 3.38938 4.54309
      vertex 2.77795 3.37595 4.54929
    endloop
  endfacet
  facet normal 0.193608 0.397483 0.896952
    outer loop
      vertex 2.77795 3.37595 4.54929
      vertex 3.65261 2.88804 4.57671
      vertex 3.67697 2.93805 4.54929
    endloop
  endfacet
  facet normal 0.193566 0.397409 0.896994
    outer loop
      vertex 3.65261 2.88804 4.57671
      vertex 2.77795 3.37595 4.54929
      vertex 2.75358 3.32593 4.57671
    endloop
  endfacet
  facet normal 0.218593 0.448793 0.866488
    outer loop
      vertex 2.75358 3.32593 4.57671
      vertex 3.64635 2.87518 4.58495
      vertex 3.65261 2.88804 4.57671
    endloop
  endfacet
  facet normal 0.2187 0.449002 0.866353
    outer loop
      vertex 3.64635 2.87518 4.58495
      vertex 2.75358 3.32593 4.57671
      vertex 2.74732 3.31308 4.58495
    endloop
  endfacet
  facet normal 0.243325 0.499557 0.831406
    outer loop
      vertex 2.74732 3.31308 4.58495
      vertex 3.62373 2.82873 4.61948
      vertex 3.64635 2.87518 4.58495
    endloop
  endfacet
  facet normal 0.243325 0.499557 0.831406
    outer loop
      vertex 3.62373 2.82873 4.61948
      vertex 2.74732 3.31308 4.58495
      vertex 2.7247 3.26663 4.61948
    endloop
  endfacet
  facet normal 0.266414 0.546961 0.793636
    outer loop
      vertex 2.7247 3.26663 4.61948
      vertex 3.6181 2.81718 4.62933
      vertex 3.62373 2.82873 4.61948
    endloop
  endfacet
  facet normal 0.266414 0.546961 0.793636
    outer loop
      vertex 3.6181 2.81718 4.62933
      vertex 2.7247 3.26663 4.61948
      vertex 2.71907 3.25508 4.62933
    endloop
  endfacet
  facet normal 0.288771 0.592861 0.751749
    outer loop
      vertex 2.71907 3.25508 4.62933
      vertex 3.59758 2.77506 4.67043
      vertex 3.6181 2.81718 4.62933
    endloop
  endfacet
  facet normal 0.288734 0.592799 0.751812
    outer loop
      vertex 3.59758 2.77506 4.67043
      vertex 2.71907 3.25508 4.62933
      vertex 2.69855 3.21295 4.67043
    endloop
  endfacet
  facet normal 0.309515 0.635464 0.707379
    outer loop
      vertex 2.69855 3.21295 4.67043
      vertex 3.5926 2.76484 4.68179
      vertex 3.59758 2.77506 4.67043
    endloop
  endfacet
  facet normal 0.309578 0.635585 0.707243
    outer loop
      vertex 3.5926 2.76484 4.68179
      vertex 2.69855 3.21295 4.67043
      vertex 2.69358 3.20273 4.68179
    endloop
  endfacet
  facet normal 0.32922 0.675913 0.659361
    outer loop
      vertex 2.69358 3.20273 4.68179
      vertex 3.57461 2.72789 4.72865
      vertex 3.5926 2.76484 4.68179
    endloop
  endfacet
  facet normal 0.329239 0.675944 0.659319
    outer loop
      vertex 3.57461 2.72789 4.72865
      vertex 2.69358 3.20273 4.68179
      vertex 2.67558 3.16579 4.72865
    endloop
  endfacet
  facet normal 0.347448 0.713327 0.608642
    outer loop
      vertex 2.67558 3.16579 4.72865
      vertex 3.57029 2.71903 4.7415
      vertex 3.57461 2.72789 4.72865
    endloop
  endfacet
  facet normal 0.347508 0.713443 0.608472
    outer loop
      vertex 3.57029 2.71903 4.7415
      vertex 2.67558 3.16579 4.72865
      vertex 2.67127 3.15693 4.7415
    endloop
  endfacet
  facet normal 0.364095 0.747497 0.555592
    outer loop
      vertex 2.67127 3.15693 4.7415
      vertex 3.55517 2.68799 4.79317
      vertex 3.57029 2.71903 4.7415
    endloop
  endfacet
  facet normal 0.364042 0.747413 0.555741
    outer loop
      vertex 3.55517 2.68799 4.79317
      vertex 2.67127 3.15693 4.7415
      vertex 2.65614 3.12588 4.79317
    endloop
  endfacet
  facet normal 0.379312 0.778765 0.499648
    outer loop
      vertex 2.65614 3.12588 4.79317
      vertex 3.55156 2.68058 4.80746
      vertex 3.55517 2.68799 4.79317
    endloop
  endfacet
  facet normal 0.379366 0.778866 0.499448
    outer loop
      vertex 3.55156 2.68058 4.80746
      vertex 2.65614 3.12588 4.79317
      vertex 2.65254 3.11847 4.80746
    endloop
  endfacet
  facet normal 0.392799 0.806444 0.441992
    outer loop
      vertex 2.65254 3.11847 4.80746
      vertex 3.53956 2.65593 4.8631
      vertex 3.55156 2.68058 4.80746
    endloop
  endfacet
  facet normal 0.392783 0.806421 0.442049
    outer loop
      vertex 3.53956 2.65593 4.8631
      vertex 2.65254 3.11847 4.80746
      vertex 2.64053 3.09382 4.8631
    endloop
  endfacet
  facet normal 0.404458 0.830392 0.383227
    outer loop
      vertex 2.64053 3.09382 4.8631
      vertex 3.53684 2.65036 4.87804
      vertex 3.53956 2.65593 4.8631
    endloop
  endfacet
  facet normal 0.404504 0.830476 0.382996
    outer loop
      vertex 3.53684 2.65036 4.87804
      vertex 2.64053 3.09382 4.8631
      vertex 2.63782 3.08825 4.87804
    endloop
  endfacet
  facet normal 0.414639 0.851285 0.321541
    outer loop
      vertex 2.63782 3.08825 4.87804
      vertex 3.5281 2.6324 4.93686
      vertex 3.53684 2.65036 4.87804
    endloop
  endfacet
  facet normal 0.414653 0.851303 0.321474
    outer loop
      vertex 3.5281 2.6324 4.93686
      vertex 2.63782 3.08825 4.87804
      vertex 2.62907 3.0703 4.93686
    endloop
  endfacet
  facet normal 0.422917 0.86827 0.259322
    outer loop
      vertex 2.62907 3.0703 4.93686
      vertex 3.52621 2.62853 4.9529
      vertex 3.5281 2.6324 4.93686
    endloop
  endfacet
  facet normal 0.42295 0.868328 0.259076
    outer loop
      vertex 3.52621 2.62853 4.9529
      vertex 2.62907 3.0703 4.93686
      vertex 2.62719 3.06643 4.9529
    endloop
  endfacet
  facet normal 0.429508 0.881791 0.194851
    outer loop
      vertex 2.62719 3.06643 4.9529
      vertex 3.52093 2.61768 5.01364
      vertex 3.52621 2.62853 4.9529
    endloop
  endfacet
  facet normal 0.429498 0.881781 0.194919
    outer loop
      vertex 3.52093 2.61768 5.01364
      vertex 2.62719 3.06643 4.9529
      vertex 2.6219 3.05558 5.01364
    endloop
  endfacet
  facet normal 0.434116 0.89126 0.131144
    outer loop
      vertex 2.6219 3.05558 5.01364
      vertex 3.51999 2.61576 5.0298
      vertex 3.52093 2.61768 5.01364
    endloop
  endfacet
  facet normal 0.434135 0.89129 0.13088
    outer loop
      vertex 3.51999 2.61576 5.0298
      vertex 2.6219 3.05558 5.01364
      vertex 2.62097 3.05366 5.0298
    endloop
  endfacet
  facet normal 0.436964 0.897098 0.0653986
    outer loop
      vertex 2.62097 3.05366 5.0298
      vertex 3.51809 2.61185 5.09613
      vertex 3.51999 2.61576 5.0298
    endloop
  endfacet
  facet normal 0.436958 0.897096 0.0654642
    outer loop
      vertex 3.51809 2.61185 5.09613
      vertex 2.62097 3.05366 5.0298
      vertex 2.61906 3.04975 5.09613
    endloop
  endfacet
  facet normal 0.437656 0.89853 0.0331857
    outer loop
      vertex 2.61906 3.04975 5.09613
      vertex 3.51797 2.61162 5.10394
      vertex 3.51809 2.61185 5.09613
    endloop
  endfacet
  facet normal 0.437644 0.898514 0.0337752
    outer loop
      vertex 3.51797 2.61162 5.10394
      vertex 2.61906 3.04975 5.09613
      vertex 2.61895 3.04951 5.10394
    endloop
  endfacet
  facet normal 0.437893 0.899027 -0
    outer loop
      vertex 3.51797 2.61162 5.10394
      vertex 2.61895 3.04951 7.2
      vertex 3.51797 2.61162 7.2
    endloop
  endfacet
  facet normal 0.437893 0.899027 0
    outer loop
      vertex 2.61895 3.04951 7.2
      vertex 3.51797 2.61162 5.10394
      vertex 2.61895 3.04951 5.10394
    endloop
  endfacet
  facet normal 0.699243 0.630011 -0.337852
    outer loop
      vertex 3.44306 2.64811 11.0783
      vertex 3.43273 2.65314 11.0663
      vertex 3.43849 2.65034 11.073
    endloop
  endfacet
  facet normal 0.437932 0.899008 2.64857e-06
    outer loop
      vertex 3.51797 2.61162 8
      vertex 3.21955 2.75698 10.9199
      vertex 3.2852 2.725 10.9459
    endloop
  endfacet
  facet normal 0.437961 0.898994 1.0723e-05
    outer loop
      vertex 3.51797 2.61162 8
      vertex 3.17272 2.77978 10.9069
      vertex 3.2 2.76649 10.9122
    endloop
  endfacet
  facet normal 0.437893 0.899027 -1.5505e-06
    outer loop
      vertex 3.11256 2.80909 10.8952
      vertex 3.51797 2.61162 8
      vertex 3.02436 2.85205 10.8952
    endloop
  endfacet
  facet normal 0.437983 0.898983 1.39275e-05
    outer loop
      vertex 3.17272 2.77978 10.9069
      vertex 3.51797 2.61162 8
      vertex 3.11256 2.80909 10.8952
    endloop
  endfacet
  facet normal 0.437454 0.899241 -5.77537e-05
    outer loop
      vertex 3.21955 2.75698 10.9199
      vertex 3.51797 2.61162 8
      vertex 3.2 2.76649 10.9122
    endloop
  endfacet
  facet normal 0.438576 0.898694 6.56651e-05
    outer loop
      vertex 3.2919 2.72173 10.95
      vertex 3.51797 2.61162 8
      vertex 3.2852 2.725 10.9459
    endloop
  endfacet
  facet normal 0.437884 0.899032 -2.40481e-17
    outer loop
      vertex 3.34407 2.69632 10.9864
      vertex 3.51797 2.61162 8
      vertex 3.2919 2.72173 10.95
    endloop
  endfacet
  facet normal 0.437808 0.899069 -5.47739e-06
    outer loop
      vertex 3.36668 2.68531 11.0021
      vertex 3.51797 2.61162 8
      vertex 3.34407 2.69632 10.9864
    endloop
  endfacet
  facet normal 0.43788 0.899033 -9.73369e-07
    outer loop
      vertex 3.43273 2.65314 11.0663
      vertex 3.51797 2.61162 8
      vertex 3.36668 2.68531 11.0021
    endloop
  endfacet
  facet normal 0.437793 0.899076 -3.9705e-06
    outer loop
      vertex 3.44306 2.64811 11.0783
      vertex 3.51797 2.61162 8
      vertex 3.43273 2.65314 11.0663
    endloop
  endfacet
  facet normal 0.437965 0.898992 1.19966e-06
    outer loop
      vertex 3.49725 2.62171 11.1613
      vertex 3.51797 2.61162 8
      vertex 3.44306 2.64811 11.0783
    endloop
  endfacet
  facet normal 0.437851 0.899048 2.79247e-07
    outer loop
      vertex 3.51304 2.61402 11.1917
      vertex 3.51797 2.61162 8
      vertex 3.49725 2.62171 11.1613
    endloop
  endfacet
  facet normal 0.437705 0.899119 -0
    outer loop
      vertex 3.51797 2.61162 8
      vertex 3.51304 2.61402 11.1917
      vertex 3.51797 2.61162 11.2041
    endloop
  endfacet
  facet normal 0.699243 0.630011 0.337852
    outer loop
      vertex 2.70419 3.008 11.0663
      vertex 2.69386 3.01303 11.0783
      vertex 2.69843 3.0108 11.073
    endloop
  endfacet
  facet normal 0.43781 0.899067 9.60055e-06
    outer loop
      vertex 2.61895 3.04951 8
      vertex 2.91737 2.90416 10.9199
      vertex 2.93692 2.89464 10.9122
    endloop
  endfacet
  facet normal 0.437865 0.899041 3.41992e-06
    outer loop
      vertex 2.61895 3.04951 8
      vertex 2.9642 2.88135 10.9069
      vertex 3.02436 2.85205 10.8952
    endloop
  endfacet
  facet normal 0.437893 0.899027 -1.55282e-06
    outer loop
      vertex 2.61895 3.04951 8
      vertex 3.02436 2.85205 10.8952
      vertex 3.51797 2.61162 8
    endloop
  endfacet
  facet normal 0.437961 0.898994 -1.0723e-05
    outer loop
      vertex 2.9642 2.88135 10.9069
      vertex 2.61895 3.04951 8
      vertex 2.93692 2.89464 10.9122
    endloop
  endfacet
  facet normal 0.437824 0.899061 7.84383e-06
    outer loop
      vertex 2.91737 2.90416 10.9199
      vertex 2.61895 3.04951 8
      vertex 2.85172 2.93613 10.9459
    endloop
  endfacet
  facet normal 0.438576 0.898694 -6.56651e-05
    outer loop
      vertex 2.85172 2.93613 10.9459
      vertex 2.61895 3.04951 8
      vertex 2.84502 2.9394 10.95
    endloop
  endfacet
  facet normal 0.437884 0.899032 2.40481e-17
    outer loop
      vertex 2.84502 2.9394 10.95
      vertex 2.61895 3.04951 8
      vertex 2.79285 2.96481 10.9864
    endloop
  endfacet
  facet normal 0.437808 0.899069 5.47739e-06
    outer loop
      vertex 2.79285 2.96481 10.9864
      vertex 2.61895 3.04951 8
      vertex 2.77024 2.97582 11.0021
    endloop
  endfacet
  facet normal 0.437985 0.898982 -5.56544e-06
    outer loop
      vertex 2.77024 2.97582 11.0021
      vertex 2.61895 3.04951 8
      vertex 2.70419 3.008 11.0663
    endloop
  endfacet
  facet normal 0.43779 0.899077 1.13011e-06
    outer loop
      vertex 2.70419 3.008 11.0663
      vertex 2.61895 3.04951 8
      vertex 2.69386 3.01303 11.0783
    endloop
  endfacet
  facet normal 0.437832 0.899057 -1.23144e-07
    outer loop
      vertex 2.69386 3.01303 11.0783
      vertex 2.61895 3.04951 8
      vertex 2.63967 3.03942 11.1613
    endloop
  endfacet
  facet normal 0.437851 0.899048 -2.79247e-07
    outer loop
      vertex 2.63967 3.03942 11.1613
      vertex 2.61895 3.04951 8
      vertex 2.62388 3.04711 11.1917
    endloop
  endfacet
  facet normal 0.437705 0.899119 0
    outer loop
      vertex 2.62388 3.04711 11.1917
      vertex 2.61895 3.04951 8
      vertex 2.61895 3.04951 11.2041
    endloop
  endfacet
  facet normal -0.437898 -0.899025 0
    outer loop
      vertex 2.18105 2.15049 4.68312
      vertex 3.08008 1.71259 7.2
      vertex 2.18105 2.15049 7.2
    endloop
  endfacet
  facet normal -0.437898 -0.899025 -0
    outer loop
      vertex 3.08008 1.71259 7.2
      vertex 2.18105 2.15049 4.68312
      vertex 3.08008 1.71259 4.68312
    endloop
  endfacet
  facet normal -0.431749 -0.901971 0.00641212
    outer loop
      vertex 2.25596 2.114 11.0783
      vertex 2.26629 2.10897 11.0663
      vertex 2.26054 2.11177 11.073
    endloop
  endfacet
  facet normal -0.437931 -0.899008 4.09004e-06
    outer loop
      vertex 2.18105 2.15049 8
      vertex 2.47948 2.00513 10.9199
      vertex 2.41383 2.03711 10.9459
    endloop
  endfacet
  facet normal -0.437834 -0.899056 -9.45923e-06
    outer loop
      vertex 2.18105 2.15049 8
      vertex 2.52631 1.98232 10.9069
      vertex 2.49902 1.99561 10.9122
    endloop
  endfacet
  facet normal -0.437893 -0.899027 -3.80233e-08
    outer loop
      vertex 2.58647 1.95302 10.8952
      vertex 2.18105 2.15049 8
      vertex 2.67467 1.91006 10.8952
    endloop
  endfacet
  facet normal -0.437865 -0.899041 -4.97059e-06
    outer loop
      vertex 2.52631 1.98232 10.9069
      vertex 2.18105 2.15049 8
      vertex 2.58647 1.95302 10.8952
    endloop
  endfacet
  facet normal -0.437985 -0.898982 1.08933e-05
    outer loop
      vertex 2.47948 2.00513 10.9199
      vertex 2.18105 2.15049 8
      vertex 2.49902 1.99561 10.9122
    endloop
  endfacet
  facet normal -0.437038 -0.899443 -8.32103e-05
    outer loop
      vertex 2.40712 2.04037 10.95
      vertex 2.18105 2.15049 8
      vertex 2.41383 2.03711 10.9459
    endloop
  endfacet
  facet normal -0.437885 -0.899031 -2.89288e-06
    outer loop
      vertex 2.35495 2.06578 10.9864
      vertex 2.18105 2.15049 8
      vertex 2.40712 2.04037 10.95
    endloop
  endfacet
  facet normal -0.438118 -0.898917 1.38818e-05
    outer loop
      vertex 2.33234 2.0768 11.0021
      vertex 2.18105 2.15049 8
      vertex 2.35495 2.06578 10.9864
    endloop
  endfacet
  facet normal -0.43788 -0.899033 -9.73369e-07
    outer loop
      vertex 2.26629 2.10897 11.0663
      vertex 2.18105 2.15049 8
      vertex 2.33234 2.0768 11.0021
    endloop
  endfacet
  facet normal -0.437793 -0.899076 -3.9705e-06
    outer loop
      vertex 2.25596 2.114 11.0783
      vertex 2.18105 2.15049 8
      vertex 2.26629 2.10897 11.0663
    endloop
  endfacet
  facet normal -0.437965 -0.898992 1.19966e-06
    outer loop
      vertex 2.20177 2.1404 11.1613
      vertex 2.18105 2.15049 8
      vertex 2.25596 2.114 11.0783
    endloop
  endfacet
  facet normal -0.437618 -0.899161 -1.61266e-06
    outer loop
      vertex 2.18599 2.14808 11.1917
      vertex 2.18105 2.15049 8
      vertex 2.20177 2.1404 11.1613
    endloop
  endfacet
  facet normal -0.438459 -0.898751 0
    outer loop
      vertex 2.18105 2.15049 8
      vertex 2.18599 2.14808 11.1917
      vertex 2.18105 2.15049 11.2041
    endloop
  endfacet
  facet normal -0.431749 -0.901971 -0.00641212
    outer loop
      vertex 2.99484 1.75411 11.0663
      vertex 3.00517 1.74908 11.0783
      vertex 3.00059 1.75131 11.073
    endloop
  endfacet
  facet normal -0.437985 -0.898982 -1.08933e-05
    outer loop
      vertex 3.08008 1.71259 8
      vertex 2.78165 1.85795 10.9199
      vertex 2.76211 1.86747 10.9122
    endloop
  endfacet
  facet normal -0.437865 -0.899041 6.44288e-06
    outer loop
      vertex 3.08008 1.71259 8
      vertex 2.73483 1.88076 10.9069
      vertex 2.67467 1.91006 10.8952
    endloop
  endfacet
  facet normal -0.437898 -0.899025 8.34169e-07
    outer loop
      vertex 3.08008 1.71259 8
      vertex 2.67467 1.91006 10.8952
      vertex 2.18105 2.15049 8
    endloop
  endfacet
  facet normal -0.437961 -0.898994 -7.70012e-06
    outer loop
      vertex 2.73483 1.88076 10.9069
      vertex 3.08008 1.71259 8
      vertex 2.76211 1.86747 10.9122
    endloop
  endfacet
  facet normal -0.437931 -0.899008 -4.09004e-06
    outer loop
      vertex 2.78165 1.85795 10.9199
      vertex 3.08008 1.71259 8
      vertex 2.8473 1.82597 10.9459
    endloop
  endfacet
  facet normal -0.437038 -0.899443 8.32103e-05
    outer loop
      vertex 2.8473 1.82597 10.9459
      vertex 3.08008 1.71259 8
      vertex 2.85401 1.82271 10.95
    endloop
  endfacet
  facet normal -0.437885 -0.899031 2.89288e-06
    outer loop
      vertex 2.85401 1.82271 10.95
      vertex 3.08008 1.71259 8
      vertex 2.90618 1.7973 10.9864
    endloop
  endfacet
  facet normal -0.438118 -0.898917 -1.38818e-05
    outer loop
      vertex 2.90618 1.7973 10.9864
      vertex 3.08008 1.71259 8
      vertex 2.92879 1.78628 11.0021
    endloop
  endfacet
  facet normal -0.43788 -0.899033 9.73369e-07
    outer loop
      vertex 2.92879 1.78628 11.0021
      vertex 3.08008 1.71259 8
      vertex 2.99484 1.75411 11.0663
    endloop
  endfacet
  facet normal -0.437793 -0.899076 3.9705e-06
    outer loop
      vertex 2.99484 1.75411 11.0663
      vertex 3.08008 1.71259 8
      vertex 3.00517 1.74908 11.0783
    endloop
  endfacet
  facet normal -0.437965 -0.898992 -1.19966e-06
    outer loop
      vertex 3.00517 1.74908 11.0783
      vertex 3.08008 1.71259 8
      vertex 3.05936 1.72268 11.1613
    endloop
  endfacet
  facet normal -0.437618 -0.899161 1.61266e-06
    outer loop
      vertex 3.05936 1.72268 11.1613
      vertex 3.08008 1.71259 8
      vertex 3.07514 1.715 11.1917
    endloop
  endfacet
  facet normal -0.438459 -0.898751 0
    outer loop
      vertex 3.07514 1.715 11.1917
      vertex 3.08008 1.71259 8
      vertex 3.08008 1.71259 11.2041
    endloop
  endfacet
  facet normal -0.436961 -0.897103 -0.0653548
    outer loop
      vertex 2.18199 2.15241 4.65048
      vertex 3.08008 1.71259 4.68312
      vertex 2.18105 2.15049 4.68312
    endloop
  endfacet
  facet normal -0.436969 -0.897109 -0.0652215
    outer loop
      vertex 3.08008 1.71259 4.68312
      vertex 2.18199 2.15241 4.65048
      vertex 3.08101 1.71451 4.65048
    endloop
  endfacet
  facet normal -0.429498 -0.881769 -0.194973
    outer loop
      vertex 2.18478 2.15814 4.61842
      vertex 3.08101 1.71451 4.65048
      vertex 2.18199 2.15241 4.65048
    endloop
  endfacet
  facet normal -0.429451 -0.881705 -0.195366
    outer loop
      vertex 3.08101 1.71451 4.65048
      vertex 2.18478 2.15814 4.61842
      vertex 3.08381 1.72025 4.61842
    endloop
  endfacet
  facet normal -0.414662 -0.851341 -0.321363
    outer loop
      vertex 2.18938 2.16759 4.58745
      vertex 3.08381 1.72025 4.61842
      vertex 2.18478 2.15814 4.61842
    endloop
  endfacet
  facet normal -0.414662 -0.851341 -0.321363
    outer loop
      vertex 3.08381 1.72025 4.61842
      vertex 2.18938 2.16759 4.58745
      vertex 3.08841 1.7297 4.58745
    endloop
  endfacet
  facet normal -0.392685 -0.80622 -0.442501
    outer loop
      vertex 2.19572 2.1806 4.55812
      vertex 3.08841 1.7297 4.58745
      vertex 2.18938 2.16759 4.58745
    endloop
  endfacet
  facet normal -0.39274 -0.806315 -0.44228
    outer loop
      vertex 3.08841 1.7297 4.58745
      vertex 2.19572 2.1806 4.55812
      vertex 3.09475 1.7427 4.55812
    endloop
  endfacet
  facet normal -0.364049 -0.747411 -0.555738
    outer loop
      vertex 2.20368 2.19694 4.53093
      vertex 3.09475 1.7427 4.55812
      vertex 2.19572 2.1806 4.55812
    endloop
  endfacet
  facet normal -0.36408 -0.747465 -0.555646
    outer loop
      vertex 3.09475 1.7427 4.55812
      vertex 2.20368 2.19694 4.53093
      vertex 3.1027 1.75904 4.53093
    endloop
  endfacet
  facet normal -0.329227 -0.675911 -0.659359
    outer loop
      vertex 2.21312 2.21632 4.50635
      vertex 3.1027 1.75904 4.53093
      vertex 2.20368 2.19694 4.53093
    endloop
  endfacet
  facet normal -0.329161 -0.675791 -0.659515
    outer loop
      vertex 3.1027 1.75904 4.53093
      vertex 2.21312 2.21632 4.50635
      vertex 3.11214 1.77843 4.50635
    endloop
  endfacet
  facet normal -0.288785 -0.592889 -0.751722
    outer loop
      vertex 3.11214 1.77843 4.50635
      vertex 2.22388 2.23842 4.48479
      vertex 3.12291 1.80052 4.48479
    endloop
  endfacet
  facet normal -0.288751 -0.592827 -0.751783
    outer loop
      vertex 2.22388 2.23842 4.48479
      vertex 3.11214 1.77843 4.50635
      vertex 2.21312 2.21632 4.50635
    endloop
  endfacet
  facet normal -0.243356 -0.499621 -0.831358
    outer loop
      vertex 3.12291 1.80052 4.48479
      vertex 2.23579 2.26287 4.46661
      vertex 3.13482 1.82497 4.46661
    endloop
  endfacet
  facet normal -0.243356 -0.499621 -0.831358
    outer loop
      vertex 2.23579 2.26287 4.46661
      vertex 3.12291 1.80052 4.48479
      vertex 2.22388 2.23842 4.48479
    endloop
  endfacet
  facet normal -0.19348 -0.397233 -0.89709
    outer loop
      vertex 3.13482 1.82497 4.46661
      vertex 2.24867 2.28931 4.45212
      vertex 3.1477 1.85142 4.45212
    endloop
  endfacet
  facet normal -0.193531 -0.397329 -0.897037
    outer loop
      vertex 2.24867 2.28931 4.45212
      vertex 3.13482 1.82497 4.46661
      vertex 2.23579 2.26287 4.46661
    endloop
  endfacet
  facet normal -0.168406 -0.345742 -0.923094
    outer loop
      vertex 3.1477 1.85142 4.45212
      vertex 2.25014 2.29232 4.45073
      vertex 3.14916 1.85442 4.45073
    endloop
  endfacet
  facet normal -0.167828 -0.344568 -0.923638
    outer loop
      vertex 2.25014 2.29232 4.45073
      vertex 3.1477 1.85142 4.45212
      vertex 2.24867 2.28931 4.45212
    endloop
  endfacet
  facet normal -0.19339 -0.39704 -0.897195
    outer loop
      vertex 3.14916 1.85442 4.45073
      vertex 2.25653 2.30545 4.44354
      vertex 3.15556 1.86755 4.44354
    endloop
  endfacet
  facet normal -0.193439 -0.397135 -0.897143
    outer loop
      vertex 2.25653 2.30545 4.44354
      vertex 3.14916 1.85442 4.45073
      vertex 2.25014 2.29232 4.45073
    endloop
  endfacet
  facet normal -0.218885 -0.449377 -0.866112
    outer loop
      vertex 3.15556 1.86755 4.44354
      vertex 2.28008 2.35379 4.41251
      vertex 3.1791 1.91589 4.41251
    endloop
  endfacet
  facet normal -0.21887 -0.449351 -0.866129
    outer loop
      vertex 2.28008 2.35379 4.41251
      vertex 3.15556 1.86755 4.44354
      vertex 2.25653 2.30545 4.44354
    endloop
  endfacet
  facet normal -0.243342 -0.4996 -0.831375
    outer loop
      vertex 3.1791 1.91589 4.41251
      vertex 2.28602 2.36598 4.40344
      vertex 3.18504 1.92809 4.40344
    endloop
  endfacet
  facet normal -0.243458 -0.499826 -0.831205
    outer loop
      vertex 2.28602 2.36598 4.40344
      vertex 3.1791 1.91589 4.41251
      vertex 2.28008 2.35379 4.41251
    endloop
  endfacet
  facet normal -0.266484 -0.547099 -0.793517
    outer loop
      vertex 3.18504 1.92809 4.40344
      vertex 2.30766 2.41042 4.36554
      vertex 3.20668 1.97252 4.36554
    endloop
  endfacet
  facet normal -0.266449 -0.547038 -0.793571
    outer loop
      vertex 2.30766 2.41042 4.36554
      vertex 3.18504 1.92809 4.40344
      vertex 2.28602 2.36598 4.40344
    endloop
  endfacet
  facet normal -0.288954 -0.593237 -0.751382
    outer loop
      vertex 3.20668 1.97252 4.36554
      vertex 2.31296 2.42131 4.3549
      vertex 3.21199 1.98341 4.3549
    endloop
  endfacet
  facet normal -0.289016 -0.593357 -0.751264
    outer loop
      vertex 2.31296 2.42131 4.3549
      vertex 3.20668 1.97252 4.36554
      vertex 2.30766 2.41042 4.36554
    endloop
  endfacet
  facet normal -0.309499 -0.635409 -0.707436
    outer loop
      vertex 3.21199 1.98341 4.3549
      vertex 2.33219 2.46078 4.31104
      vertex 3.23121 2.02288 4.31104
    endloop
  endfacet
  facet normal -0.309481 -0.635379 -0.707472
    outer loop
      vertex 2.33219 2.46078 4.31104
      vertex 3.21199 1.98341 4.3549
      vertex 2.31296 2.42131 4.3549
    endloop
  endfacet
  facet normal -0.329304 -0.676071 -0.659156
    outer loop
      vertex 2.33697 2.4706 4.29858
      vertex 3.23121 2.02288 4.31104
      vertex 2.33219 2.46078 4.31104
    endloop
  endfacet
  facet normal -0.329244 -0.675954 -0.659306
    outer loop
      vertex 3.23121 2.02288 4.31104
      vertex 2.33697 2.4706 4.29858
      vertex 3.236 2.0327 4.29858
    endloop
  endfacet
  facet normal -0.34734 -0.713105 -0.608963
    outer loop
      vertex 2.35351 2.50455 4.24939
      vertex 3.236 2.0327 4.29858
      vertex 2.33697 2.4706 4.29858
    endloop
  endfacet
  facet normal -0.347321 -0.713074 -0.60901
    outer loop
      vertex 3.236 2.0327 4.29858
      vertex 2.35351 2.50455 4.24939
      vertex 3.25253 2.06666 4.24939
    endloop
  endfacet
  facet normal -0.364059 -0.747439 -0.555695
    outer loop
      vertex 2.3575 2.51274 4.23576
      vertex 3.25253 2.06666 4.24939
      vertex 2.35351 2.50455 4.24939
    endloop
  endfacet
  facet normal -0.364176 -0.747663 -0.555315
    outer loop
      vertex 3.25253 2.06666 4.24939
      vertex 2.3575 2.51274 4.23576
      vertex 3.25652 2.07484 4.23576
    endloop
  endfacet
  facet normal -0.37924 -0.77859 -0.499975
    outer loop
      vertex 2.3711 2.54067 4.18195
      vertex 3.25652 2.07484 4.23576
      vertex 2.3575 2.51274 4.23576
    endloop
  endfacet
  facet normal -0.379223 -0.778564 -0.500028
    outer loop
      vertex 3.25652 2.07484 4.23576
      vertex 2.3711 2.54067 4.18195
      vertex 3.27013 2.10277 4.18195
    endloop
  endfacet
  facet normal -0.392683 -0.806198 -0.442543
    outer loop
      vertex 2.37424 2.5471 4.16745
      vertex 3.27013 2.10277 4.18195
      vertex 2.3711 2.54067 4.18195
    endloop
  endfacet
  facet normal -0.39263 -0.806098 -0.442773
    outer loop
      vertex 3.27013 2.10277 4.18195
      vertex 2.37424 2.5471 4.16745
      vertex 3.27326 2.10921 4.16745
    endloop
  endfacet
  facet normal -0.404498 -0.830463 -0.383031
    outer loop
      vertex 2.38468 2.56854 4.10994
      vertex 3.27326 2.10921 4.16745
      vertex 2.37424 2.5471 4.16745
    endloop
  endfacet
  facet normal -0.404498 -0.830463 -0.383031
    outer loop
      vertex 3.27326 2.10921 4.16745
      vertex 2.38468 2.56854 4.10994
      vertex 3.2837 2.13065 4.10994
    endloop
  endfacet
  facet normal -0.41463 -0.851265 -0.321606
    outer loop
      vertex 2.38696 2.57324 4.09456
      vertex 3.2837 2.13065 4.10994
      vertex 2.38468 2.56854 4.10994
    endloop
  endfacet
  facet normal -0.414671 -0.851341 -0.321351
    outer loop
      vertex 3.2837 2.13065 4.10994
      vertex 2.38696 2.57324 4.09456
      vertex 3.28599 2.13534 4.09456
    endloop
  endfacet
  facet normal -0.422957 -0.868351 -0.258985
    outer loop
      vertex 2.39401 2.58771 4.03453
      vertex 3.28599 2.13534 4.09456
      vertex 2.38696 2.57324 4.09456
    endloop
  endfacet
  facet normal -0.422957 -0.868351 -0.258985
    outer loop
      vertex 3.28599 2.13534 4.09456
      vertex 2.39401 2.58771 4.03453
      vertex 3.29304 2.14981 4.03453
    endloop
  endfacet
  facet normal -0.429439 -0.881659 -0.195601
    outer loop
      vertex 2.39541 2.59058 4.01852
      vertex 3.29304 2.14981 4.03453
      vertex 2.39401 2.58771 4.03453
    endloop
  endfacet
  facet normal -0.429439 -0.881659 -0.195601
    outer loop
      vertex 3.29304 2.14981 4.03453
      vertex 2.39541 2.59058 4.01852
      vertex 3.29444 2.15268 4.01852
    endloop
  endfacet
  facet normal -0.43414 -0.89131 -0.130722
    outer loop
      vertex 2.3991 2.59815 3.95465
      vertex 3.29444 2.15268 4.01852
      vertex 2.39541 2.59058 4.01852
    endloop
  endfacet
  facet normal -0.434148 -0.891316 -0.130655
    outer loop
      vertex 3.29444 2.15268 4.01852
      vertex 2.3991 2.59815 3.95465
      vertex 3.29812 2.16025 3.95465
    endloop
  endfacet
  facet normal -0.436473 -0.89609 -0.080707
    outer loop
      vertex 2.39952 2.59901 3.94283
      vertex 3.29812 2.16025 3.95465
      vertex 2.3991 2.59815 3.95465
    endloop
  endfacet
  facet normal -0.436421 -0.896014 -0.0818268
    outer loop
      vertex 3.29812 2.16025 3.95465
      vertex 2.39952 2.59901 3.94283
      vertex 3.29855 2.16112 3.94283
    endloop
  endfacet
  facet normal -0.43765 -0.898538 -0.0330406
    outer loop
      vertex 2.39997 2.59993 3.91185
      vertex 3.29855 2.16112 3.94283
      vertex 2.39952 2.59901 3.94283
    endloop
  endfacet
  facet normal -0.437656 -0.89854 -0.0328995
    outer loop
      vertex 3.29855 2.16112 3.94283
      vertex 2.39997 2.59993 3.91185
      vertex 3.29899 2.16204 3.91185
    endloop
  endfacet
  facet normal -0.437837 -0.898911 -0.0160801
    outer loop
      vertex 2.4 2.6 3.90712
      vertex 3.29899 2.16204 3.91185
      vertex 2.39997 2.59993 3.91185
    endloop
  endfacet
  facet normal -0.437826 -0.898899 -0.0170055
    outer loop
      vertex 3.29899 2.16204 3.91185
      vertex 2.4 2.6 3.90712
      vertex 3.29903 2.16211 3.90712
    endloop
  endfacet
  facet normal -0.437889 -0.899029 0
    outer loop
      vertex 2.4 2.6 3.75
      vertex 3.29903 2.16211 3.90712
      vertex 2.4 2.6 3.90712
    endloop
  endfacet
  facet normal -0.437889 -0.899029 -0
    outer loop
      vertex 3.29903 2.16211 3.90712
      vertex 2.4 2.6 3.75
      vertex 3.29903 2.16211 3.75
    endloop
  endfacet
  facet normal -0.436953 -0.897107 -0.0653548
    outer loop
      vertex 2.40094 2.60192 3.71736
      vertex 3.29903 2.16211 3.75
      vertex 2.4 2.6 3.75
    endloop
  endfacet
  facet normal -0.436961 -0.897113 -0.0652215
    outer loop
      vertex 3.29903 2.16211 3.75
      vertex 2.40094 2.60192 3.71736
      vertex 3.29996 2.16403 3.71736
    endloop
  endfacet
  facet normal -0.42949 -0.881773 -0.194973
    outer loop
      vertex 2.40373 2.60765 3.6853
      vertex 3.29996 2.16403 3.71736
      vertex 2.40094 2.60192 3.71736
    endloop
  endfacet
  facet normal -0.42949 -0.881773 -0.194973
    outer loop
      vertex 3.29996 2.16403 3.71736
      vertex 2.40373 2.60765 3.6853
      vertex 3.30275 2.16976 3.6853
    endloop
  endfacet
  facet normal -0.414629 -0.851264 -0.32161
    outer loop
      vertex 2.40833 2.61711 3.65433
      vertex 3.30275 2.16976 3.6853
      vertex 2.40373 2.60765 3.6853
    endloop
  endfacet
  facet normal -0.414652 -0.8513 -0.321483
    outer loop
      vertex 3.30275 2.16976 3.6853
      vertex 2.40833 2.61711 3.65433
      vertex 3.30736 2.17921 3.65433
    endloop
  endfacet
  facet normal -0.39274 -0.806315 -0.44228
    outer loop
      vertex 2.41467 2.63011 3.625
      vertex 3.30736 2.17921 3.65433
      vertex 2.40833 2.61711 3.65433
    endloop
  endfacet
  facet normal -0.392712 -0.806266 -0.442393
    outer loop
      vertex 3.30736 2.17921 3.65433
      vertex 2.41467 2.63011 3.625
      vertex 3.31369 2.19222 3.625
    endloop
  endfacet
  facet normal -0.364073 -0.747468 -0.555646
    outer loop
      vertex 2.42262 2.64645 3.59781
      vertex 3.31369 2.19222 3.625
      vertex 2.41467 2.63011 3.625
    endloop
  endfacet
  facet normal -0.364105 -0.747525 -0.555548
    outer loop
      vertex 3.31369 2.19222 3.625
      vertex 2.42262 2.64645 3.59781
      vertex 3.32165 2.20855 3.59781
    endloop
  endfacet
  facet normal -0.329195 -0.675852 -0.659435
    outer loop
      vertex 2.43207 2.66583 3.57323
      vertex 3.32165 2.20855 3.59781
      vertex 2.42262 2.64645 3.59781
    endloop
  endfacet
  facet normal -0.329161 -0.675791 -0.659515
    outer loop
      vertex 3.32165 2.20855 3.59781
      vertex 2.43207 2.66583 3.57323
      vertex 3.33109 2.22794 3.57323
    endloop
  endfacet
  facet normal -0.28872 -0.592769 -0.751842
    outer loop
      vertex 3.33109 2.22794 3.57323
      vertex 2.44283 2.68793 3.55167
      vertex 3.34186 2.25004 3.55167
    endloop
  endfacet
  facet normal -0.288751 -0.592827 -0.751783
    outer loop
      vertex 2.44283 2.68793 3.55167
      vertex 3.33109 2.22794 3.57323
      vertex 2.43207 2.66583 3.57323
    endloop
  endfacet
  facet normal -0.243441 -0.49979 -0.831232
    outer loop
      vertex 3.34186 2.25004 3.55167
      vertex 2.45474 2.71238 3.53349
      vertex 3.35376 2.27448 3.53349
    endloop
  endfacet
  facet normal -0.243351 -0.499623 -0.831358
    outer loop
      vertex 2.45474 2.71238 3.53349
      vertex 3.34186 2.25004 3.55167
      vertex 2.44283 2.68793 3.55167
    endloop
  endfacet
  facet normal -0.193608 -0.397496 -0.896946
    outer loop
      vertex 3.35376 2.27448 3.53349
      vertex 2.46758 2.73874 3.51903
      vertex 3.36661 2.30085 3.51903
    endloop
  endfacet
  facet normal -0.193685 -0.397639 -0.896866
    outer loop
      vertex 2.46758 2.73874 3.51903
      vertex 3.35376 2.27448 3.53349
      vertex 2.45474 2.71238 3.53349
    endloop
  endfacet
  facet normal -0.140817 -0.28911 -0.946882
    outer loop
      vertex 3.36661 2.30085 3.51903
      vertex 2.48114 2.76659 3.50851
      vertex 3.38017 2.3287 3.50851
    endloop
  endfacet
  facet normal -0.140817 -0.28911 -0.946882
    outer loop
      vertex 2.48114 2.76659 3.50851
      vertex 3.36661 2.30085 3.51903
      vertex 2.46758 2.73874 3.51903
    endloop
  endfacet
  facet normal -0.0853413 -0.175214 -0.980825
    outer loop
      vertex 3.38017 2.3287 3.50851
      vertex 2.49518 2.79541 3.50214
      vertex 3.39421 2.35752 3.50214
    endloop
  endfacet
  facet normal -0.0853413 -0.175214 -0.980825
    outer loop
      vertex 2.49518 2.79541 3.50214
      vertex 3.38017 2.3287 3.50851
      vertex 2.48114 2.76659 3.50851
    endloop
  endfacet
  facet normal -0.0286531 -0.0588262 -0.997857
    outer loop
      vertex 3.39421 2.35752 3.50214
      vertex 2.50947 2.82476 3.5
      vertex 3.4085 2.38686 3.5
    endloop
  endfacet
  facet normal -0.0286447 -0.0588103 -0.997858
    outer loop
      vertex 2.50947 2.82476 3.5
      vertex 3.39421 2.35752 3.50214
      vertex 2.49518 2.79541 3.50214
    endloop
  endfacet
  facet normal 0 0 -1
    outer loop
      vertex 3.8623 4.19821 3.5
      vertex 4.05746 4.59888 3.5
      vertex 3.92133 4.09712 3.5
    endloop
  endfacet
  facet normal -0 0 -1
    outer loop
      vertex 4.05746 4.59888 3.5
      vertex 3.8623 4.19821 3.5
      vertex 3.94425 4.62862 3.5
    endloop
  endfacet
  facet normal 0 0 -1
    outer loop
      vertex 3.76909 4.26901 3.5
      vertex 3.94425 4.62862 3.5
      vertex 3.8623 4.19821 3.5
    endloop
  endfacet
  facet normal -0 0 -1
    outer loop
      vertex 3.94425 4.62862 3.5
      vertex 3.76909 4.26901 3.5
      vertex 3.85104 4.69942 3.5
    endloop
  endfacet
  facet normal 0 0 -1
    outer loop
      vertex 3.65588 4.29875 3.5
      vertex 3.85104 4.69942 3.5
      vertex 3.76909 4.26901 3.5
    endloop
  endfacet
  facet normal -0 0 -1
    outer loop
      vertex 3.85104 4.69942 3.5
      vertex 3.65588 4.29875 3.5
      vertex 3.79201 4.80051 3.5
    endloop
  endfacet
  facet normal 0 0 -1
    outer loop
      vertex 4.3002 5.09723 3.5
      vertex 4.49536 5.4979 3.5
      vertex 4.35922 4.99615 3.5
    endloop
  endfacet
  facet normal -0 0 -1
    outer loop
      vertex 4.49536 5.4979 3.5
      vertex 4.3002 5.09723 3.5
      vertex 4.38214 5.52764 3.5
    endloop
  endfacet
  facet normal 0 0 -1
    outer loop
      vertex 4.20699 5.16803 3.5
      vertex 4.38214 5.52764 3.5
      vertex 4.3002 5.09723 3.5
    endloop
  endfacet
  facet normal -0 0 -1
    outer loop
      vertex 4.38214 5.52764 3.5
      vertex 4.20699 5.16803 3.5
      vertex 4.28893 5.59845 3.5
    endloop
  endfacet
  facet normal 0 0 -1
    outer loop
      vertex 4.09377 5.19778 3.5
      vertex 4.28893 5.59845 3.5
      vertex 4.20699 5.16803 3.5
    endloop
  endfacet
  facet normal -0 0 -1
    outer loop
      vertex 4.28893 5.59845 3.5
      vertex 4.09377 5.19778 3.5
      vertex 4.22991 5.69953 3.5
    endloop
  endfacet
  facet normal 0 0 -1
    outer loop
      vertex 5.23501 6.7942 3.5
      vertex 7.66561 11.127 3.5
      vertex 5.25086 6.67822 3.5
    endloop
  endfacet
  facet normal 0 0 -1
    outer loop
      vertex 7.66561 11.127 3.5
      vertex 5.22111 6.56501 3.5
      vertex 5.25086 6.67822 3.5
    endloop
  endfacet
  facet normal 0 0 -1
    outer loop
      vertex 5.04923 6.41278 3.5
      vertex 4.79712 5.89517 3.5
      vertex 4.93325 6.39693 3.5
    endloop
  endfacet
  facet normal 0 0 -1
    outer loop
      vertex 4.79712 5.89517 3.5
      vertex 5.04923 6.41278 3.5
      vertex 4.81296 5.7792 3.5
    endloop
  endfacet
  facet normal 0 0 -1
    outer loop
      vertex 5.15031 6.4718 3.5
      vertex 4.81296 5.7792 3.5
      vertex 5.04923 6.41278 3.5
    endloop
  endfacet
  facet normal 0 0 -1
    outer loop
      vertex 5.22111 6.56501 3.5
      vertex 4.81296 5.7792 3.5
      vertex 5.15031 6.4718 3.5
    endloop
  endfacet
  facet normal 0 0 -1
    outer loop
      vertex 3.4085 2.38686 3.5
      vertex 5.22111 6.56501 3.5
      vertex 7.66561 11.127 3.5
    endloop
  endfacet
  facet normal 0 0 -1
    outer loop
      vertex 5.22111 6.56501 3.5
      vertex 4.78322 5.66598 3.5
      vertex 4.81296 5.7792 3.5
    endloop
  endfacet
  facet normal 0 0 -1
    outer loop
      vertex 4.61133 5.51375 3.5
      vertex 4.35922 4.99615 3.5
      vertex 4.49536 5.4979 3.5
    endloop
  endfacet
  facet normal 0 0 -1
    outer loop
      vertex 4.35922 4.99615 3.5
      vertex 4.61133 5.51375 3.5
      vertex 4.37507 4.88017 3.5
    endloop
  endfacet
  facet normal 0 0 -1
    outer loop
      vertex 4.71242 5.57277 3.5
      vertex 4.37507 4.88017 3.5
      vertex 4.61133 5.51375 3.5
    endloop
  endfacet
  facet normal 0 0 -1
    outer loop
      vertex 4.78322 5.66598 3.5
      vertex 4.37507 4.88017 3.5
      vertex 4.71242 5.57277 3.5
    endloop
  endfacet
  facet normal 0 0 -1
    outer loop
      vertex 5.22111 6.56501 3.5
      vertex 3.4085 2.38686 3.5
      vertex 4.78322 5.66598 3.5
    endloop
  endfacet
  facet normal 0 0 -1
    outer loop
      vertex 4.78322 5.66598 3.5
      vertex 4.34532 4.76696 3.5
      vertex 4.37507 4.88017 3.5
    endloop
  endfacet
  facet normal 0 0 -1
    outer loop
      vertex 4.17344 4.61472 3.5
      vertex 3.92133 4.09712 3.5
      vertex 4.05746 4.59888 3.5
    endloop
  endfacet
  facet normal 0 0 -1
    outer loop
      vertex 3.92133 4.09712 3.5
      vertex 4.17344 4.61472 3.5
      vertex 3.93717 3.98114 3.5
    endloop
  endfacet
  facet normal 0 0 -1
    outer loop
      vertex 4.27452 4.67375 3.5
      vertex 3.93717 3.98114 3.5
      vertex 4.17344 4.61472 3.5
    endloop
  endfacet
  facet normal 0 0 -1
    outer loop
      vertex 4.34532 4.76696 3.5
      vertex 3.93717 3.98114 3.5
      vertex 4.27452 4.67375 3.5
    endloop
  endfacet
  facet normal 0 0 -1
    outer loop
      vertex 4.78322 5.66598 3.5
      vertex 3.4085 2.38686 3.5
      vertex 4.34532 4.76696 3.5
    endloop
  endfacet
  facet normal 0 0 -1
    outer loop
      vertex 4.34532 4.76696 3.5
      vertex 3.90743 3.86793 3.5
      vertex 3.93717 3.98114 3.5
    endloop
  endfacet
  facet normal 0 0 -1
    outer loop
      vertex 4.34532 4.76696 3.5
      vertex 3.4085 2.38686 3.5
      vertex 3.90743 3.86793 3.5
    endloop
  endfacet
  facet normal 0 0 -1
    outer loop
      vertex 3.4085 2.38686 3.5
      vertex 3.83663 3.77472 3.5
      vertex 3.90743 3.86793 3.5
    endloop
  endfacet
  facet normal 0 0 -1
    outer loop
      vertex 3.4085 2.38686 3.5
      vertex 3.73554 3.7157 3.5
      vertex 3.83663 3.77472 3.5
    endloop
  endfacet
  facet normal 0 0 -1
    outer loop
      vertex 3.4085 2.38686 3.5
      vertex 3.61957 3.69985 3.5
      vertex 3.73554 3.7157 3.5
    endloop
  endfacet
  facet normal 0 0 -1
    outer loop
      vertex 3.4085 2.38686 3.5
      vertex 3.50636 3.72959 3.5
      vertex 3.61957 3.69985 3.5
    endloop
  endfacet
  facet normal 0 0 -1
    outer loop
      vertex 2.50947 2.82476 3.5
      vertex 3.50636 3.72959 3.5
      vertex 3.4085 2.38686 3.5
    endloop
  endfacet
  facet normal -0 0 -1
    outer loop
      vertex 3.50636 3.72959 3.5
      vertex 2.50947 2.82476 3.5
      vertex 3.41314 3.80039 3.5
    endloop
  endfacet
  facet normal -0 0 -1
    outer loop
      vertex 3.41314 3.80039 3.5
      vertex 2.50947 2.82476 3.5
      vertex 3.35412 3.90148 3.5
    endloop
  endfacet
  facet normal -0 0 -1
    outer loop
      vertex 3.35412 3.90148 3.5
      vertex 2.50947 2.82476 3.5
      vertex 3.33827 4.01746 3.5
    endloop
  endfacet
  facet normal 0 0 -1
    outer loop
      vertex 5.17599 6.89528 3.5
      vertex 7.66561 11.127 3.5
      vertex 5.23501 6.7942 3.5
    endloop
  endfacet
  facet normal 0 0 -1
    outer loop
      vertex 5.08278 6.96609 3.5
      vertex 7.66561 11.127 3.5
      vertex 5.17599 6.89528 3.5
    endloop
  endfacet
  facet normal -0 0 -1
    outer loop
      vertex 7.66561 11.127 3.5
      vertex 5.08278 6.96609 3.5
      vertex 6.76658 11.5649 3.5
    endloop
  endfacet
  facet normal 0 0 -1
    outer loop
      vertex 4.96956 6.99583 3.5
      vertex 6.76658 11.5649 3.5
      vertex 5.08278 6.96609 3.5
    endloop
  endfacet
  facet normal 0 0 -1
    outer loop
      vertex 4.85359 6.97998 3.5
      vertex 6.76658 11.5649 3.5
      vertex 4.96956 6.99583 3.5
    endloop
  endfacet
  facet normal 0 0 -1
    outer loop
      vertex 4.7525 6.92096 3.5
      vertex 6.76658 11.5649 3.5
      vertex 4.85359 6.97998 3.5
    endloop
  endfacet
  facet normal 0 0 -1
    outer loop
      vertex 4.6817 6.82775 3.5
      vertex 6.76658 11.5649 3.5
      vertex 4.7525 6.92096 3.5
    endloop
  endfacet
  facet normal 0 0 -1
    outer loop
      vertex 4.41569 6.08096 3.5
      vertex 4.6678 6.59856 3.5
      vertex 4.53167 6.0968 3.5
    endloop
  endfacet
  facet normal -0 0 -1
    outer loop
      vertex 4.6678 6.59856 3.5
      vertex 4.41569 6.08096 3.5
      vertex 4.65196 6.71454 3.5
    endloop
  endfacet
  facet normal 0 0 -1
    outer loop
      vertex 4.31461 6.02193 3.5
      vertex 4.65196 6.71454 3.5
      vertex 4.41569 6.08096 3.5
    endloop
  endfacet
  facet normal -0 0 -1
    outer loop
      vertex 4.65196 6.71454 3.5
      vertex 4.31461 6.02193 3.5
      vertex 4.6817 6.82775 3.5
    endloop
  endfacet
  facet normal 0 0 -1
    outer loop
      vertex 4.2438 5.92872 3.5
      vertex 4.6817 6.82775 3.5
      vertex 4.31461 6.02193 3.5
    endloop
  endfacet
  facet normal 0 0 -1
    outer loop
      vertex 2.50947 2.82476 3.5
      vertex 4.6817 6.82775 3.5
      vertex 4.2438 5.92872 3.5
    endloop
  endfacet
  facet normal 0 0 -1
    outer loop
      vertex 3.9778 5.18193 3.5
      vertex 4.22991 5.69953 3.5
      vertex 4.09377 5.19778 3.5
    endloop
  endfacet
  facet normal -0 0 -1
    outer loop
      vertex 4.22991 5.69953 3.5
      vertex 3.9778 5.18193 3.5
      vertex 4.21406 5.81551 3.5
    endloop
  endfacet
  facet normal 0 0 -1
    outer loop
      vertex 3.87671 5.12291 3.5
      vertex 4.21406 5.81551 3.5
      vertex 3.9778 5.18193 3.5
    endloop
  endfacet
  facet normal -0 0 -1
    outer loop
      vertex 4.21406 5.81551 3.5
      vertex 3.87671 5.12291 3.5
      vertex 4.2438 5.92872 3.5
    endloop
  endfacet
  facet normal 0 0 -1
    outer loop
      vertex 3.80591 5.02969 3.5
      vertex 4.2438 5.92872 3.5
      vertex 3.87671 5.12291 3.5
    endloop
  endfacet
  facet normal 0 0 -1
    outer loop
      vertex 2.50947 2.82476 3.5
      vertex 4.2438 5.92872 3.5
      vertex 3.80591 5.02969 3.5
    endloop
  endfacet
  facet normal 0 0 -1
    outer loop
      vertex 3.5399 4.2829 3.5
      vertex 3.79201 4.80051 3.5
      vertex 3.65588 4.29875 3.5
    endloop
  endfacet
  facet normal -0 0 -1
    outer loop
      vertex 3.79201 4.80051 3.5
      vertex 3.5399 4.2829 3.5
      vertex 3.77617 4.91648 3.5
    endloop
  endfacet
  facet normal 0 0 -1
    outer loop
      vertex 3.43882 4.22388 3.5
      vertex 3.77617 4.91648 3.5
      vertex 3.5399 4.2829 3.5
    endloop
  endfacet
  facet normal -0 0 -1
    outer loop
      vertex 3.77617 4.91648 3.5
      vertex 3.43882 4.22388 3.5
      vertex 3.80591 5.02969 3.5
    endloop
  endfacet
  facet normal 0 0 -1
    outer loop
      vertex 3.36802 4.13067 3.5
      vertex 3.80591 5.02969 3.5
      vertex 3.43882 4.22388 3.5
    endloop
  endfacet
  facet normal 0 0 -1
    outer loop
      vertex 2.50947 2.82476 3.5
      vertex 3.80591 5.02969 3.5
      vertex 3.36802 4.13067 3.5
    endloop
  endfacet
  facet normal -0 0 -1
    outer loop
      vertex 4.6817 6.82775 3.5
      vertex 2.50947 2.82476 3.5
      vertex 6.76658 11.5649 3.5
    endloop
  endfacet
  facet normal 0 0 -1
    outer loop
      vertex 2.50947 2.82476 3.5
      vertex 3.36802 4.13067 3.5
      vertex 3.33827 4.01746 3.5
    endloop
  endfacet
  facet normal 0 0 -1
    outer loop
      vertex 4.73809 5.99626 3.5
      vertex 4.93325 6.39693 3.5
      vertex 4.79712 5.89517 3.5
    endloop
  endfacet
  facet normal -0 0 -1
    outer loop
      vertex 4.93325 6.39693 3.5
      vertex 4.73809 5.99626 3.5
      vertex 4.82004 6.42667 3.5
    endloop
  endfacet
  facet normal 0 0 -1
    outer loop
      vertex 4.64488 6.06706 3.5
      vertex 4.82004 6.42667 3.5
      vertex 4.73809 5.99626 3.5
    endloop
  endfacet
  facet normal -0 0 -1
    outer loop
      vertex 4.82004 6.42667 3.5
      vertex 4.64488 6.06706 3.5
      vertex 4.72683 6.49747 3.5
    endloop
  endfacet
  facet normal 0 0 -1
    outer loop
      vertex 4.53167 6.0968 3.5
      vertex 4.72683 6.49747 3.5
      vertex 4.64488 6.06706 3.5
    endloop
  endfacet
  facet normal -0 0 -1
    outer loop
      vertex 4.72683 6.49747 3.5
      vertex 4.53167 6.0968 3.5
      vertex 4.6678 6.59856 3.5
    endloop
  endfacet
  facet normal -0.0146059 -0.0299862 -0.999444
    outer loop
      vertex 7.66561 11.127 3.5
      vertex 6.77001 11.5719 3.49974
      vertex 7.66903 11.134 3.49974
    endloop
  endfacet
  facet normal -0.0145975 -0.0299694 -0.999444
    outer loop
      vertex 6.77001 11.5719 3.49974
      vertex 7.66561 11.127 3.5
      vertex 6.76658 11.5649 3.5
    endloop
  endfacet
  facet normal -0.028668 -0.0588568 -0.997855
    outer loop
      vertex 7.66903 11.134 3.49974
      vertex 6.79905 11.6315 3.49539
      vertex 7.69808 11.1936 3.49539
    endloop
  endfacet
  facet normal -0.0286701 -0.0588605 -0.997854
    outer loop
      vertex 6.79905 11.6315 3.49539
      vertex 7.66903 11.134 3.49974
      vertex 6.77001 11.5719 3.49974
    endloop
  endfacet
  facet normal -0.0570096 -0.117042 -0.991489
    outer loop
      vertex 7.69808 11.1936 3.49539
      vertex 6.80613 11.6461 3.49326
      vertex 7.70515 11.2082 3.49326
    endloop
  endfacet
  facet normal -0.0569939 -0.117011 -0.991494
    outer loop
      vertex 6.80613 11.6461 3.49326
      vertex 7.69808 11.1936 3.49539
      vertex 6.79905 11.6315 3.49539
    endloop
  endfacet
  facet normal -0.0853561 -0.175238 -0.980819
    outer loop
      vertex 7.70515 11.2082 3.49326
      vertex 6.83273 11.7007 3.48119
      vertex 7.73175 11.2628 3.48119
    endloop
  endfacet
  facet normal -0.0853561 -0.175238 -0.980819
    outer loop
      vertex 6.83273 11.7007 3.48119
      vertex 7.70515 11.2082 3.49326
      vertex 6.80613 11.6461 3.49326
    endloop
  endfacet
  facet normal -0.113737 -0.233508 -0.96568
    outer loop
      vertex 7.73175 11.2628 3.48119
      vertex 6.83975 11.7151 3.47688
      vertex 7.73878 11.2772 3.47688
    endloop
  endfacet
  facet normal -0.113767 -0.233567 -0.965662
    outer loop
      vertex 6.83975 11.7151 3.47688
      vertex 7.73175 11.2628 3.48119
      vertex 6.83273 11.7007 3.48119
    endloop
  endfacet
  facet normal -0.140749 -0.288961 -0.946938
    outer loop
      vertex 7.73878 11.2772 3.47688
      vertex 6.86551 11.768 3.45691
      vertex 7.76453 11.3301 3.45691
    endloop
  endfacet
  facet normal -0.140738 -0.288943 -0.946945
    outer loop
      vertex 6.86551 11.768 3.45691
      vertex 7.73878 11.2772 3.47688
      vertex 6.83975 11.7151 3.47688
    endloop
  endfacet
  facet normal -0.168084 -0.345084 -0.923399
    outer loop
      vertex 7.76453 11.3301 3.45691
      vertex 6.87205 11.7814 3.45071
      vertex 7.77108 11.3435 3.45071
    endloop
  endfacet
  facet normal -0.168127 -0.34517 -0.923359
    outer loop
      vertex 6.87205 11.7814 3.45071
      vertex 7.76453 11.3301 3.45691
      vertex 6.86551 11.768 3.45691
    endloop
  endfacet
  facet normal -0.193632 -0.397536 -0.896924
    outer loop
      vertex 7.77108 11.3435 3.45071
      vertex 6.89641 11.8314 3.42329
      vertex 7.79544 11.3935 3.42329
    endloop
  endfacet
  facet normal -0.193632 -0.397536 -0.896924
    outer loop
      vertex 6.89641 11.8314 3.42329
      vertex 7.77108 11.3435 3.45071
      vertex 6.87205 11.7814 3.45071
    endloop
  endfacet
  facet normal -0.218185 -0.447945 -0.86703
    outer loop
      vertex 7.79544 11.3935 3.42329
      vertex 6.90267 11.8443 3.41505
      vertex 7.8017 11.4064 3.41505
    endloop
  endfacet
  facet normal -0.218185 -0.447945 -0.86703
    outer loop
      vertex 6.90267 11.8443 3.41505
      vertex 7.79544 11.3935 3.42329
      vertex 6.89641 11.8314 3.42329
    endloop
  endfacet
  facet normal -0.243473 -0.499857 -0.831182
    outer loop
      vertex 7.8017 11.4064 3.41505
      vertex 6.9253 11.8907 3.38052
      vertex 7.82432 11.4528 3.38052
    endloop
  endfacet
  facet normal -0.243457 -0.499829 -0.831204
    outer loop
      vertex 6.9253 11.8907 3.38052
      vertex 7.8017 11.4064 3.41505
      vertex 6.90267 11.8443 3.41505
    endloop
  endfacet
  facet normal -0.265828 -0.545758 -0.79466
    outer loop
      vertex 7.82432 11.4528 3.38052
      vertex 6.93092 11.9023 3.37067
      vertex 7.82995 11.4644 3.37067
    endloop
  endfacet
  facet normal -0.265887 -0.545873 -0.79456
    outer loop
      vertex 6.93092 11.9023 3.37067
      vertex 7.82432 11.4528 3.38052
      vertex 6.9253 11.8907 3.38052
    endloop
  endfacet
  facet normal -0.288834 -0.59299 -0.751624
    outer loop
      vertex 7.82995 11.4644 3.37067
      vertex 6.95144 11.9444 3.32957
      vertex 7.85047 11.5065 3.32957
    endloop
  endfacet
  facet normal -0.288834 -0.59299 -0.751624
    outer loop
      vertex 6.95144 11.9444 3.32957
      vertex 7.82995 11.4644 3.37067
      vertex 6.93092 11.9023 3.37067
    endloop
  endfacet
  facet normal -0.309766 -0.635965 -0.70682
    outer loop
      vertex 7.85047 11.5065 3.32957
      vertex 6.95642 11.9546 3.31821
      vertex 7.85545 11.5167 3.31821
    endloop
  endfacet
  facet normal -0.309766 -0.635965 -0.70682
    outer loop
      vertex 6.95642 11.9546 3.31821
      vertex 7.85047 11.5065 3.32957
      vertex 6.95144 11.9444 3.32957
    endloop
  endfacet
  facet normal -0.329067 -0.67559 -0.659768
    outer loop
      vertex 6.97441 11.9916 3.27135
      vertex 7.85545 11.5167 3.31821
      vertex 6.95642 11.9546 3.31821
    endloop
  endfacet
  facet normal -0.329067 -0.67559 -0.659768
    outer loop
      vertex 7.85545 11.5167 3.31821
      vertex 6.97441 11.9916 3.27135
      vertex 7.87344 11.5537 3.27135
    endloop
  endfacet
  facet normal -0.348152 -0.714773 -0.606539
    outer loop
      vertex 6.97873 12.0004 3.2585
      vertex 7.87344 11.5537 3.27135
      vertex 6.97441 11.9916 3.27135
    endloop
  endfacet
  facet normal -0.348152 -0.714773 -0.606539
    outer loop
      vertex 7.87344 11.5537 3.27135
      vertex 6.97873 12.0004 3.2585
      vertex 7.87776 11.5625 3.2585
    endloop
  endfacet
  facet normal -0.363917 -0.747138 -0.556192
    outer loop
      vertex 6.99385 12.0315 3.20683
      vertex 7.87776 11.5625 3.2585
      vertex 6.97873 12.0004 3.2585
    endloop
  endfacet
  facet normal -0.363917 -0.747138 -0.556192
    outer loop
      vertex 7.87776 11.5625 3.2585
      vertex 6.99385 12.0315 3.20683
      vertex 7.89288 11.5936 3.20683
    endloop
  endfacet
  facet normal -0.379423 -0.778973 -0.499238
    outer loop
      vertex 6.99746 12.0389 3.19254
      vertex 7.89288 11.5936 3.20683
      vertex 6.99385 12.0315 3.20683
    endloop
  endfacet
  facet normal -0.379423 -0.778973 -0.499238
    outer loop
      vertex 7.89288 11.5936 3.20683
      vertex 6.99746 12.0389 3.19254
      vertex 7.89649 11.601 3.19254
    endloop
  endfacet
  facet normal -0.392916 -0.806675 -0.441465
    outer loop
      vertex 7.00947 12.0635 3.1369
      vertex 7.89649 11.601 3.19254
      vertex 6.99746 12.0389 3.19254
    endloop
  endfacet
  facet normal -0.392932 -0.806699 -0.441409
    outer loop
      vertex 7.89649 11.601 3.19254
      vertex 7.00947 12.0635 3.1369
      vertex 7.90849 11.6256 3.1369
    endloop
  endfacet
  facet normal -0.404253 -0.829941 -0.384417
    outer loop
      vertex 7.01218 12.0691 3.12196
      vertex 7.90849 11.6256 3.1369
      vertex 7.00947 12.0635 3.1369
    endloop
  endfacet
  facet normal -0.404253 -0.829941 -0.384417
    outer loop
      vertex 7.90849 11.6256 3.1369
      vertex 7.01218 12.0691 3.12196
      vertex 7.9112 11.6312 3.12196
    endloop
  endfacet
  facet normal -0.41456 -0.851103 -0.322123
    outer loop
      vertex 7.02093 12.0871 3.06314
      vertex 7.9112 11.6312 3.12196
      vertex 7.01218 12.0691 3.12196
    endloop
  endfacet
  facet normal -0.41456 -0.851103 -0.322123
    outer loop
      vertex 7.9112 11.6312 3.12196
      vertex 7.02093 12.0871 3.06314
      vertex 7.91995 11.6492 3.06314
    endloop
  endfacet
  facet normal -0.423363 -0.869175 -0.255535
    outer loop
      vertex 7.02281 12.0909 3.0471
      vertex 7.91995 11.6492 3.06314
      vertex 7.02093 12.0871 3.06314
    endloop
  endfacet
  facet normal -0.423331 -0.869118 -0.255782
    outer loop
      vertex 7.91995 11.6492 3.06314
      vertex 7.02281 12.0909 3.0471
      vertex 7.92184 11.653 3.0471
    endloop
  endfacet
  facet normal -0.429443 -0.881668 -0.195549
    outer loop
      vertex 7.02809 12.1018 2.98636
      vertex 7.92184 11.653 3.0471
      vertex 7.02281 12.0909 3.0471
    endloop
  endfacet
  facet normal -0.429443 -0.881668 -0.195549
    outer loop
      vertex 7.92184 11.653 3.0471
      vertex 7.02809 12.1018 2.98636
      vertex 7.92712 11.6639 2.98636
    endloop
  endfacet
  facet normal -0.434178 -0.891389 -0.13006
    outer loop
      vertex 7.02903 12.1037 2.9702
      vertex 7.92712 11.6639 2.98636
      vertex 7.02809 12.1018 2.98636
    endloop
  endfacet
  facet normal -0.434178 -0.891389 -0.13006
    outer loop
      vertex 7.92712 11.6639 2.98636
      vertex 7.02903 12.1037 2.9702
      vertex 7.92806 11.6658 2.9702
    endloop
  endfacet
  facet normal -0.436964 -0.897108 -0.0652639
    outer loop
      vertex 7.03093 12.1076 2.90387
      vertex 7.92806 11.6658 2.9702
      vertex 7.02903 12.1037 2.9702
    endloop
  endfacet
  facet normal -0.436964 -0.897108 -0.0652639
    outer loop
      vertex 7.92806 11.6658 2.9702
      vertex 7.03093 12.1076 2.90387
      vertex 7.92996 11.6697 2.90387
    endloop
  endfacet
  facet normal -0.437704 -0.898627 -0.0297375
    outer loop
      vertex 7.03105 12.1078 2.89606
      vertex 7.92996 11.6697 2.90387
      vertex 7.03093 12.1076 2.90387
    endloop
  endfacet
  facet normal -0.437458 -0.898319 -0.0406679
    outer loop
      vertex 7.92996 11.6697 2.90387
      vertex 7.03105 12.1078 2.89606
      vertex 7.93007 11.67 2.89606
    endloop
  endfacet
  facet normal -0.437821 -0.899062 0
    outer loop
      vertex 7.03105 12.1078 2.64999
      vertex 7.93007 11.67 2.89606
      vertex 7.03105 12.1078 2.89606
    endloop
  endfacet
  facet normal -0.437821 -0.899062 -0
    outer loop
      vertex 7.93007 11.67 2.89606
      vertex 7.03105 12.1078 2.64999
      vertex 7.93007 11.67 2.64999
    endloop
  endfacet
  facet normal -0.436824 -0.897016 -0.0674312
    outer loop
      vertex 7.03198 12.1098 2.61736
      vertex 7.93007 11.67 2.64999
      vertex 7.03105 12.1078 2.64999
    endloop
  endfacet
  facet normal -0.436976 -0.897134 -0.0648272
    outer loop
      vertex 7.93007 11.67 2.64999
      vertex 7.03198 12.1098 2.61736
      vertex 7.93101 11.6719 2.61736
    endloop
  endfacet
  facet normal -0.429551 -0.88189 -0.194308
    outer loop
      vertex 7.03478 12.1155 2.5853
      vertex 7.93101 11.6719 2.61736
      vertex 7.03198 12.1098 2.61736
    endloop
  endfacet
  facet normal -0.429566 -0.881911 -0.194179
    outer loop
      vertex 7.93101 11.6719 2.61736
      vertex 7.03478 12.1155 2.5853
      vertex 7.9338 11.6776 2.5853
    endloop
  endfacet
  facet normal -0.414504 -0.850987 -0.322502
    outer loop
      vertex 7.03938 12.125 2.55432
      vertex 7.9338 11.6776 2.5853
      vertex 7.03478 12.1155 2.5853
    endloop
  endfacet
  facet normal -0.414482 -0.850952 -0.322621
    outer loop
      vertex 7.9338 11.6776 2.5853
      vertex 7.03938 12.125 2.55432
      vertex 7.93841 11.6871 2.55432
    endloop
  endfacet
  facet normal -0.392764 -0.806363 -0.442172
    outer loop
      vertex 7.04571 12.138 2.52499
      vertex 7.93841 11.6871 2.55432
      vertex 7.03938 12.125 2.55432
    endloop
  endfacet
  facet normal -0.392764 -0.806363 -0.442172
    outer loop
      vertex 7.93841 11.6871 2.55432
      vertex 7.04571 12.138 2.52499
      vertex 7.94474 11.7001 2.52499
    endloop
  endfacet
  facet normal -0.364125 -0.747567 -0.555478
    outer loop
      vertex 7.0501 12.147 2.51
      vertex 7.94474 11.7001 2.52499
      vertex 7.04571 12.138 2.52499
    endloop
  endfacet
  facet normal -0.364125 -0.747567 -0.555478
    outer loop
      vertex 7.94474 11.7001 2.52499
      vertex 7.0501 12.147 2.51
      vertex 7.94913 11.7091 2.51
    endloop
  endfacet
  facet normal 0.434112 0.891243 0.131272
    outer loop
      vertex 8.00604 12.9677 1
      vertex 7.46895 13.0069 2.51
      vertex 8.36797 12.569 2.51
    endloop
  endfacet
  facet normal 0 0 1
    outer loop
      vertex 7.46895 13.0069 2.51
      vertex 8.34891 12.5299 2.51
      vertex 8.36797 12.569 2.51
    endloop
  endfacet
  facet normal 0 0 1
    outer loop
      vertex 8.34891 12.5299 2.51
      vertex 7.46895 13.0069 2.51
      vertex 7.44989 12.9678 2.51
    endloop
  endfacet
  facet normal 0 0 1
    outer loop
      vertex 7.0501 12.147 2.51
      vertex 7.93008 11.67 2.51
      vertex 7.94913 11.7091 2.51
    endloop
  endfacet
  facet normal 0 0 1
    outer loop
      vertex 7.93008 11.67 2.51
      vertex 7.0501 12.147 2.51
      vertex 7.03105 12.1079 2.51
    endloop
  endfacet
  facet normal 0.49951 -0.24329 -0.831444
    outer loop
      vertex 7.66663 11.5758 0.103323
      vertex 8.2308 12.8583 0.066987
      vertex 8.27969 12.8345 0.103323
    endloop
  endfacet
  facet normal 0.49951 -0.24329 -0.831444
    outer loop
      vertex 8.2308 12.8583 0.066987
      vertex 7.66663 11.5758 0.103323
      vertex 7.61774 11.5996 0.066987
    endloop
  endfacet
  facet normal 0.611787 0.784328 0.102694
    outer loop
      vertex 8.39533 12.7781 0.75
      vertex 8.36797 12.569 2.51
      vertex 8.42133 12.7655 0.691341
    endloop
  endfacet
  facet normal -0.897088 0.436969 -0.0655041
    outer loop
      vertex 7.56037 13.1848 0.434736
      vertex 6.94347 11.9281 0.5
      vertex 7.55653 13.1867 0.5
    endloop
  endfacet
  facet normal -0.897083 0.436959 -0.065641
    outer loop
      vertex 6.94347 11.9281 0.5
      vertex 7.56037 13.1848 0.434736
      vertex 6.94732 11.9262 0.434736
    endloop
  endfacet
  facet normal 0.806498 -0.392836 -0.441861
    outer loop
      vertex 8.42133 12.7655 0.308658
      vertex 7.78228 11.5195 0.25
      vertex 8.39533 12.7781 0.25
    endloop
  endfacet
  facet normal 0.806271 -0.392695 -0.4424
    outer loop
      vertex 7.78228 11.5195 0.25
      vertex 8.42133 12.7655 0.308658
      vertex 7.80828 11.5068 0.308658
    endloop
  endfacet
  facet normal 0.365373 0.92391 0.11355
    outer loop
      vertex 7.73239 13.101 0.896676
      vertex 7.46895 13.0069 2.51
      vertex 7.78128 13.0772 0.933012
    endloop
  endfacet
  facet normal -0.412336 -0.902552 0.124015
    outer loop
      vertex 7.45166 11.6805 0.995722
      vertex 7.50933 11.6524 0.982963
      vertex 7.93008 11.67 2.51
    endloop
  endfacet
  facet normal -0.155341 -0.982927 0.0986079
    outer loop
      vertex 7.80828 11.5068 0.691341
      vertex 7.82718 11.4976 0.629409
      vertex 7.93008 11.67 2.51
    endloop
  endfacet
  facet normal -0.520049 -0.846905 0.110913
    outer loop
      vertex 7.03105 12.1079 2.51
      vertex 7.07513 11.8639 0.853553
      vertex 7.11934 11.8424 0.896676
    endloop
  endfacet
  facet normal -0.851323 0.41467 -0.3214
    outer loop
      vertex 7.59074 13.17 0.308658
      vertex 6.95879 11.9206 0.37059
      vertex 7.57184 13.1792 0.37059
    endloop
  endfacet
  facet normal -0.851323 0.41467 -0.3214
    outer loop
      vertex 6.95879 11.9206 0.37059
      vertex 7.59074 13.17 0.308658
      vertex 6.97769 11.9114 0.308658
    endloop
  endfacet
  facet normal 0.747525 -0.364111 -0.555544
    outer loop
      vertex 8.39533 12.7781 0.25
      vertex 7.74961 11.5354 0.195619
      vertex 8.36266 12.794 0.195619
    endloop
  endfacet
  facet normal 0.747525 -0.364111 -0.555544
    outer loop
      vertex 7.74961 11.5354 0.195619
      vertex 8.39533 12.7781 0.25
      vertex 7.78228 11.5195 0.25
    endloop
  endfacet
  facet normal 0.897102 -0.436941 -0.0655041
    outer loop
      vertex 8.45555 12.7488 0.5
      vertex 7.83865 11.492 0.434736
      vertex 8.45171 12.7507 0.434736
    endloop
  endfacet
  facet normal 0.897122 -0.436978 -0.0649743
    outer loop
      vertex 7.83865 11.492 0.434736
      vertex 8.45555 12.7488 0.5
      vertex 7.8425 11.4902 0.5
    endloop
  endfacet
  facet normal 0.289025 -0.14077 -0.946915
    outer loop
      vertex 7.56501 11.6253 0.0380602
      vertex 8.12238 12.9111 0.0170364
      vertex 8.17806 12.884 0.0380602
    endloop
  endfacet
  facet normal 0.289025 -0.14077 -0.946915
    outer loop
      vertex 8.12238 12.9111 0.0170364
      vertex 7.56501 11.6253 0.0380602
      vertex 7.50933 11.6524 0.0170364
    endloop
  endfacet
  facet normal -0.175372 0.0854229 -0.980789
    outer loop
      vertex 7.33431 11.7377 0.00427723
      vertex 7.8897 13.0244 0.0170364
      vertex 7.94737 12.9963 0.00427723
    endloop
  endfacet
  facet normal -0.175372 0.0854229 -0.980789
    outer loop
      vertex 7.8897 13.0244 0.0170364
      vertex 7.33431 11.7377 0.00427723
      vertex 7.27664 11.7658 0.0170364
    endloop
  endfacet
  facet normal -0.499504 0.243303 -0.831444
    outer loop
      vertex 7.16823 11.8186 0.066987
      vertex 7.73239 13.101 0.103323
      vertex 7.78128 13.0772 0.066987
    endloop
  endfacet
  facet normal -0.499504 0.243303 -0.831444
    outer loop
      vertex 7.73239 13.101 0.103323
      vertex 7.16823 11.8186 0.066987
      vertex 7.11934 11.8424 0.103323
    endloop
  endfacet
  facet normal 0.412349 0.902553 0.123959
    outer loop
      vertex 7.8897 13.0244 0.982963
      vertex 7.46895 13.0069 2.51
      vertex 7.94737 12.9963 0.995722
    endloop
  endfacet
  facet normal -0.365336 -0.923917 0.113605
    outer loop
      vertex 7.61774 11.5996 0.933012
      vertex 7.66663 11.5758 0.896676
      vertex 7.93008 11.67 2.51
    endloop
  endfacet
  facet normal -0.287592 -0.951919 0.105551
    outer loop
      vertex 7.74961 11.5354 0.80438
      vertex 7.78228 11.5195 0.75
      vertex 7.93008 11.67 2.51
    endloop
  endfacet
  facet normal -0.434105 -0.891238 0.131328
    outer loop
      vertex 7.03105 12.1079 2.51
      vertex 7.39299 11.7091 1
      vertex 7.93008 11.67 2.51
    endloop
  endfacet
  facet normal -0.613639 -0.782893 0.102593
    outer loop
      vertex 7.03105 12.1079 2.51
      vertex 6.97769 11.9114 0.691341
      vertex 7.0037 11.8987 0.75
    endloop
  endfacet
  facet normal -0.990166 -0.128775 0.0546629
    outer loop
      vertex 7.03105 12.1079 2.51
      vertex 6.94347 11.9281 0.5
      vertex 6.94732 11.9262 0.565263
    endloop
  endfacet
  facet normal -0.881735 0.429483 -0.195158
    outer loop
      vertex 7.57184 13.1792 0.37059
      vertex 6.94732 11.9262 0.434736
      vertex 7.56037 13.1848 0.434736
    endloop
  endfacet
  facet normal -0.881735 0.429483 -0.195158
    outer loop
      vertex 6.94732 11.9262 0.434736
      vertex 7.57184 13.1792 0.37059
      vertex 6.95879 11.9206 0.37059
    endloop
  endfacet
  facet normal -0.747259 0.363952 -0.556006
    outer loop
      vertex 7.64942 13.1414 0.195619
      vertex 7.0037 11.8987 0.25
      vertex 7.61675 13.1574 0.25
    endloop
  endfacet
  facet normal -0.74758 0.364144 -0.555449
    outer loop
      vertex 7.0037 11.8987 0.25
      vertex 7.64942 13.1414 0.195619
      vertex 7.03636 11.8828 0.195619
    endloop
  endfacet
  facet normal 0.851298 -0.414625 -0.321524
    outer loop
      vertex 8.44024 12.7563 0.37059
      vertex 7.80828 11.5068 0.308658
      vertex 8.42133 12.7655 0.308658
    endloop
  endfacet
  facet normal 0.851333 -0.414649 -0.3214
    outer loop
      vertex 7.80828 11.5068 0.308658
      vertex 8.44024 12.7563 0.37059
      vertex 7.82718 11.4976 0.37059
    endloop
  endfacet
  facet normal -0.592548 0.288623 -0.752053
    outer loop
      vertex 7.11934 11.8424 0.103323
      vertex 7.68818 13.1226 0.146446
      vertex 7.73239 13.101 0.103323
    endloop
  endfacet
  facet normal -0.592855 0.28875 -0.751762
    outer loop
      vertex 7.68818 13.1226 0.146446
      vertex 7.11934 11.8424 0.103323
      vertex 7.07513 11.8639 0.146446
    endloop
  endfacet
  facet normal -0.506868 0.860276 0.0548687
    outer loop
      vertex 7.55653 13.1867 0.5
      vertex 7.46895 13.0069 2.51
      vertex 7.56037 13.1848 0.565263
    endloop
  endfacet
  facet normal 0.289928 0.951195 0.105685
    outer loop
      vertex 7.61675 13.1574 0.75
      vertex 7.46895 13.0069 2.51
      vertex 7.64942 13.1414 0.80438
    endloop
  endfacet
  facet normal 0.397487 0.909735 0.119947
    outer loop
      vertex 7.83402 13.0515 0.961939
      vertex 7.46895 13.0069 2.51
      vertex 7.8897 13.0244 0.982963
    endloop
  endfacet
  facet normal 0.45667 0.880964 0.123916
    outer loop
      vertex 8.06471 12.9392 0.995722
      vertex 8.36797 12.569 2.51
      vertex 8.12238 12.9111 0.982963
    endloop
  endfacet
  facet normal 0.486024 0.86613 0.116617
    outer loop
      vertex 8.17806 12.884 0.961939
      vertex 8.36797 12.569 2.51
      vertex 8.2308 12.8583 0.933012
    endloop
  endfacet
  facet normal 0.501872 0.857443 0.113645
    outer loop
      vertex 8.2308 12.8583 0.933012
      vertex 8.36797 12.569 2.51
      vertex 8.27969 12.8345 0.896676
    endloop
  endfacet
  facet normal 0.521463 0.846063 0.1107
    outer loop
      vertex 8.27969 12.8345 0.896676
      vertex 8.36797 12.569 2.51
      vertex 8.32389 12.8129 0.853553
    endloop
  endfacet
  facet normal 0.57169 0.813651 0.105555
    outer loop
      vertex 8.36266 12.794 0.80438
      vertex 8.36797 12.569 2.51
      vertex 8.39533 12.7781 0.75
    endloop
  endfacet
  facet normal 0.515788 -0.855012 0.0540092
    outer loop
      vertex 7.83865 11.492 0.565263
      vertex 7.8425 11.4902 0.5
      vertex 7.93008 11.67 2.51
    endloop
  endfacet
  facet normal 0.0186438 -0.995743 0.090263
    outer loop
      vertex 7.82718 11.4976 0.629409
      vertex 7.83865 11.492 0.565263
      vertex 7.93008 11.67 2.51
    endloop
  endfacet
  facet normal -0.397467 -0.909736 0.120001
    outer loop
      vertex 7.50933 11.6524 0.982963
      vertex 7.56501 11.6253 0.961939
      vertex 7.93008 11.67 2.51
    endloop
  endfacet
  facet normal -0.345176 -0.931977 0.110783
    outer loop
      vertex 7.66663 11.5758 0.896676
      vertex 7.71084 11.5543 0.853553
      vertex 7.93008 11.67 2.51
    endloop
  endfacet
  facet normal -0.239857 -0.965362 0.102692
    outer loop
      vertex 7.78228 11.5195 0.75
      vertex 7.80828 11.5068 0.691341
      vertex 7.93008 11.67 2.51
    endloop
  endfacet
  facet normal -0.426942 -0.895076 0.128681
    outer loop
      vertex 7.39299 11.7091 1
      vertex 7.45166 11.6805 0.995722
      vertex 7.93008 11.67 2.51
    endloop
  endfacet
  facet normal -0.470757 -0.87405 0.120101
    outer loop
      vertex 7.03105 12.1079 2.51
      vertex 7.22096 11.7929 0.961939
      vertex 7.27664 11.7658 0.982963
    endloop
  endfacet
  facet normal -0.571858 -0.81353 0.105586
    outer loop
      vertex 7.03105 12.1079 2.51
      vertex 7.0037 11.8987 0.75
      vertex 7.03636 11.8828 0.80438
    endloop
  endfacet
  facet normal -0.796304 -0.598139 0.0901697
    outer loop
      vertex 7.03105 12.1079 2.51
      vertex 6.94732 11.9262 0.565263
      vertex 6.95879 11.9206 0.629409
    endloop
  endfacet
  facet normal -0.806449 0.392812 -0.441972
    outer loop
      vertex 7.61675 13.1574 0.25
      vertex 6.97769 11.9114 0.308658
      vertex 7.59074 13.17 0.308658
    endloop
  endfacet
  facet normal -0.806222 0.392671 -0.44251
    outer loop
      vertex 6.97769 11.9114 0.308658
      vertex 7.61675 13.1574 0.25
      vertex 7.0037 11.8987 0.25
    endloop
  endfacet
  facet normal 0.592609 -0.288653 -0.751993
    outer loop
      vertex 7.71084 11.5543 0.146446
      vertex 8.27969 12.8345 0.103323
      vertex 8.32389 12.8129 0.146446
    endloop
  endfacet
  facet normal 0.592853 -0.288754 -0.751762
    outer loop
      vertex 8.27969 12.8345 0.103323
      vertex 7.71084 11.5543 0.146446
      vertex 7.66663 11.5758 0.103323
    endloop
  endfacet
  facet normal 0.675867 -0.329207 -0.659414
    outer loop
      vertex 8.36266 12.794 0.195619
      vertex 7.71084 11.5543 0.146446
      vertex 8.32389 12.8129 0.146446
    endloop
  endfacet
  facet normal 0.675867 -0.329207 -0.659414
    outer loop
      vertex 7.71084 11.5543 0.146446
      vertex 8.36266 12.794 0.195619
      vertex 7.74961 11.5354 0.195619
    endloop
  endfacet
  facet normal 0.397573 -0.193641 -0.896905
    outer loop
      vertex 7.61774 11.5996 0.066987
      vertex 8.17806 12.884 0.0380602
      vertex 8.2308 12.8583 0.066987
    endloop
  endfacet
  facet normal 0.397623 -0.193663 -0.896878
    outer loop
      vertex 8.17806 12.884 0.0380602
      vertex 7.61774 11.5996 0.066987
      vertex 7.56501 11.6253 0.0380602
    endloop
  endfacet
  facet normal -0.438152 -0.898901 0.000512099
    outer loop
      vertex 7.33431 11.7377 0.995722
      vertex 7.45166 11.6805 0.995722
      vertex 7.39299 11.7091 1
    endloop
  endfacet
  facet normal -0.438152 -0.898901 0.000713828
    outer loop
      vertex 7.27664 11.7658 0.982963
      vertex 7.45166 11.6805 0.995722
      vertex 7.33431 11.7377 0.995722
    endloop
  endfacet
  facet normal -0.438089 -0.898932 -0.00036001
    outer loop
      vertex 7.27664 11.7658 0.982963
      vertex 7.50933 11.6524 0.982963
      vertex 7.45166 11.6805 0.995722
    endloop
  endfacet
  facet normal -0.438088 -0.898931 0.00150916
    outer loop
      vertex 7.22096 11.7929 0.961939
      vertex 7.50933 11.6524 0.982963
      vertex 7.27664 11.7658 0.982963
    endloop
  endfacet
  facet normal -0.437939 -0.899004 -0.00102077
    outer loop
      vertex 7.22096 11.7929 0.961939
      vertex 7.56501 11.6253 0.961939
      vertex 7.50933 11.6524 0.982963
    endloop
  endfacet
  facet normal -0.43794 -0.899004 -0.000409832
    outer loop
      vertex 7.16823 11.8186 0.933012
      vertex 7.56501 11.6253 0.961939
      vertex 7.22096 11.7929 0.961939
    endloop
  endfacet
  facet normal -0.437982 -0.898984 0.000313673
    outer loop
      vertex 7.16823 11.8186 0.933012
      vertex 7.61774 11.5996 0.933012
      vertex 7.56501 11.6253 0.961939
    endloop
  endfacet
  facet normal -0.437982 -0.898984 0.000471799
    outer loop
      vertex 7.11934 11.8424 0.896676
      vertex 7.61774 11.5996 0.933012
      vertex 7.16823 11.8186 0.933012
    endloop
  endfacet
  facet normal -0.437932 -0.899008 -0.000387517
    outer loop
      vertex 7.11934 11.8424 0.896676
      vertex 7.66663 11.5758 0.896676
      vertex 7.61774 11.5996 0.933012
    endloop
  endfacet
  facet normal -0.437932 -0.899008 0.000748552
    outer loop
      vertex 7.07513 11.8639 0.853553
      vertex 7.66663 11.5758 0.896676
      vertex 7.11934 11.8424 0.896676
    endloop
  endfacet
  facet normal -0.437849 -0.899048 -0.000644465
    outer loop
      vertex 7.07513 11.8639 0.853553
      vertex 7.71084 11.5543 0.853553
      vertex 7.66663 11.5758 0.896676
    endloop
  endfacet
  facet normal -0.43785 -0.899048 -0.000337275
    outer loop
      vertex 7.03636 11.8828 0.80438
      vertex 7.71084 11.5543 0.853553
      vertex 7.07513 11.8639 0.853553
    endloop
  endfacet
  facet normal -0.437887 -0.89903 0.000300602
    outer loop
      vertex 7.03636 11.8828 0.80438
      vertex 7.74961 11.5354 0.80438
      vertex 7.71084 11.5543 0.853553
    endloop
  endfacet
  facet normal -0.437887 -0.89903 0.000125375
    outer loop
      vertex 7.0037 11.8987 0.75
      vertex 7.74961 11.5354 0.80438
      vertex 7.03636 11.8828 0.80438
    endloop
  endfacet
  facet normal -0.437868 -0.899039 -0.000192
    outer loop
      vertex 7.0037 11.8987 0.75
      vertex 7.78228 11.5195 0.75
      vertex 7.74961 11.5354 0.80438
    endloop
  endfacet
  facet normal -0.437868 -0.899039 -0.000491619
    outer loop
      vertex 6.97769 11.9114 0.691341
      vertex 7.78228 11.5195 0.75
      vertex 7.0037 11.8987 0.75
    endloop
  endfacet
  facet normal -0.437929 -0.89901 0.000533133
    outer loop
      vertex 6.97769 11.9114 0.691341
      vertex 7.80828 11.5068 0.691341
      vertex 7.78228 11.5195 0.75
    endloop
  endfacet
  facet normal -0.437929 -0.89901 9.63323e-05
    outer loop
      vertex 6.95879 11.9206 0.629409
      vertex 7.80828 11.5068 0.691341
      vertex 6.97769 11.9114 0.691341
    endloop
  endfacet
  facet normal -0.437918 -0.899015 -9.21396e-05
    outer loop
      vertex 6.95879 11.9206 0.629409
      vertex 7.82718 11.4976 0.629409
      vertex 7.80828 11.5068 0.691341
    endloop
  endfacet
  facet normal -0.437918 -0.899015 -0.00018034
    outer loop
      vertex 6.94732 11.9262 0.565263
      vertex 7.82718 11.4976 0.629409
      vertex 6.95879 11.9206 0.629409
    endloop
  endfacet
  facet normal -0.437939 -0.899005 0.000175696
    outer loop
      vertex 6.94732 11.9262 0.565263
      vertex 7.83865 11.492 0.565263
      vertex 7.82718 11.4976 0.629409
    endloop
  endfacet
  facet normal -0.437939 -0.899005 -0.00033779
    outer loop
      vertex 6.94347 11.9281 0.5
      vertex 7.83865 11.492 0.565263
      vertex 6.94732 11.9262 0.565263
    endloop
  endfacet
  facet normal -0.437897 -0.899024 -0.00103674
    outer loop
      vertex 6.94347 11.9281 0.5
      vertex 7.8425 11.4902 0.5
      vertex 7.83865 11.492 0.565263
    endloop
  endfacet
  facet normal -0.437897 -0.899025 0.000340798
    outer loop
      vertex 6.94732 11.9262 0.434736
      vertex 7.8425 11.4902 0.5
      vertex 6.94347 11.9281 0.5
    endloop
  endfacet
  facet normal -0.437938 -0.899004 0.0010397
    outer loop
      vertex 6.94732 11.9262 0.434736
      vertex 7.83865 11.492 0.434736
      vertex 7.8425 11.4902 0.5
    endloop
  endfacet
  facet normal -0.437939 -0.899005 0.000175696
    outer loop
      vertex 6.95879 11.9206 0.37059
      vertex 7.83865 11.492 0.434736
      vertex 6.94732 11.9262 0.434736
    endloop
  endfacet
  facet normal -0.437918 -0.899015 -0.00018034
    outer loop
      vertex 6.95879 11.9206 0.37059
      vertex 7.82718 11.4976 0.37059
      vertex 7.83865 11.492 0.434736
    endloop
  endfacet
  facet normal -0.437918 -0.899015 -9.21396e-05
    outer loop
      vertex 6.97769 11.9114 0.308658
      vertex 7.82718 11.4976 0.37059
      vertex 6.95879 11.9206 0.37059
    endloop
  endfacet
  facet normal -0.437929 -0.89901 9.63323e-05
    outer loop
      vertex 6.97769 11.9114 0.308658
      vertex 7.80828 11.5068 0.308658
      vertex 7.82718 11.4976 0.37059
    endloop
  endfacet
  facet normal -0.437929 -0.89901 0.000458484
    outer loop
      vertex 7.0037 11.8987 0.25
      vertex 7.80828 11.5068 0.308658
      vertex 6.97769 11.9114 0.308658
    endloop
  endfacet
  facet normal -0.437868 -0.899039 -0.000566275
    outer loop
      vertex 7.0037 11.8987 0.25
      vertex 7.78228 11.5195 0.25
      vertex 7.80828 11.5068 0.308658
    endloop
  endfacet
  facet normal -0.437868 -0.899039 -0.000111478
    outer loop
      vertex 7.03636 11.8828 0.195619
      vertex 7.78228 11.5195 0.25
      vertex 7.0037 11.8987 0.25
    endloop
  endfacet
  facet normal -0.437887 -0.89903 0.000205895
    outer loop
      vertex 7.03636 11.8828 0.195619
      vertex 7.74961 11.5354 0.195619
      vertex 7.78228 11.5195 0.25
    endloop
  endfacet
  facet normal -0.437887 -0.89903 0.000300602
    outer loop
      vertex 7.07513 11.8639 0.146446
      vertex 7.74961 11.5354 0.195619
      vertex 7.03636 11.8828 0.195619
    endloop
  endfacet
  facet normal -0.43785 -0.899048 -0.000337275
    outer loop
      vertex 7.07513 11.8639 0.146446
      vertex 7.71084 11.5543 0.146446
      vertex 7.74961 11.5354 0.195619
    endloop
  endfacet
  facet normal -0.437849 -0.899048 -0.000644465
    outer loop
      vertex 7.11934 11.8424 0.103323
      vertex 7.71084 11.5543 0.146446
      vertex 7.07513 11.8639 0.146446
    endloop
  endfacet
  facet normal -0.437932 -0.899008 0.000748552
    outer loop
      vertex 7.11934 11.8424 0.103323
      vertex 7.66663 11.5758 0.103323
      vertex 7.71084 11.5543 0.146446
    endloop
  endfacet
  facet normal -0.437932 -0.899008 -0.000387517
    outer loop
      vertex 7.16823 11.8186 0.066987
      vertex 7.66663 11.5758 0.103323
      vertex 7.11934 11.8424 0.103323
    endloop
  endfacet
  facet normal -0.437982 -0.898984 0.000471799
    outer loop
      vertex 7.16823 11.8186 0.066987
      vertex 7.61774 11.5996 0.066987
      vertex 7.66663 11.5758 0.103323
    endloop
  endfacet
  facet normal -0.437982 -0.898984 0.000313676
    outer loop
      vertex 7.22096 11.7929 0.0380602
      vertex 7.61774 11.5996 0.066987
      vertex 7.16823 11.8186 0.066987
    endloop
  endfacet
  facet normal -0.43794 -0.899004 -0.000409835
    outer loop
      vertex 7.22096 11.7929 0.0380602
      vertex 7.56501 11.6253 0.0380602
      vertex 7.61774 11.5996 0.066987
    endloop
  endfacet
  facet normal -0.437939 -0.899004 -0.00102078
    outer loop
      vertex 7.27664 11.7658 0.0170364
      vertex 7.56501 11.6253 0.0380602
      vertex 7.22096 11.7929 0.0380602
    endloop
  endfacet
  facet normal -0.438088 -0.898931 0.00150917
    outer loop
      vertex 7.27664 11.7658 0.0170364
      vertex 7.50933 11.6524 0.0170364
      vertex 7.56501 11.6253 0.0380602
    endloop
  endfacet
  facet normal -0.438089 -0.898932 -0.000360005
    outer loop
      vertex 7.33431 11.7377 0.00427723
      vertex 7.50933 11.6524 0.0170364
      vertex 7.27664 11.7658 0.0170364
    endloop
  endfacet
  facet normal -0.438152 -0.898901 0.000713819
    outer loop
      vertex 7.33431 11.7377 0.00427723
      vertex 7.45166 11.6805 0.00427723
      vertex 7.50933 11.6524 0.0170364
    endloop
  endfacet
  facet normal -0.438152 -0.898901 -0.000512191
    outer loop
      vertex 7.45166 11.6805 0.00427723
      vertex 7.33431 11.7377 0.00427723
      vertex 7.39299 11.7091 0
    endloop
  endfacet
  facet normal 0.437539 0.899138 0.0105089
    outer loop
      vertex 8.06471 12.9392 0.995722
      vertex 7.94737 12.9963 0.995722
      vertex 8.00604 12.9677 1
    endloop
  endfacet
  facet normal 0.437561 0.899185 -0.00258078
    outer loop
      vertex 8.12238 12.9111 0.982963
      vertex 7.94737 12.9963 0.995722
      vertex 8.06471 12.9392 0.995722
    endloop
  endfacet
  facet normal 0.437791 0.899076 0.00130133
    outer loop
      vertex 8.12238 12.9111 0.982963
      vertex 7.8897 13.0244 0.982963
      vertex 7.94737 12.9963 0.995722
    endloop
  endfacet
  facet normal 0.437792 0.899076 0.000535932
    outer loop
      vertex 8.17806 12.884 0.961939
      vertex 7.8897 13.0244 0.982963
      vertex 8.12238 12.9111 0.982963
    endloop
  endfacet
  facet normal 0.437739 0.899102 -0.00036247
    outer loop
      vertex 8.17806 12.884 0.961939
      vertex 7.83402 13.0515 0.961939
      vertex 7.8897 13.0244 0.982963
    endloop
  endfacet
  facet normal 0.437739 0.899102 -0.000711726
    outer loop
      vertex 8.2308 12.8583 0.933012
      vertex 7.83402 13.0515 0.961939
      vertex 8.17806 12.884 0.961939
    endloop
  endfacet
  facet normal 0.437813 0.899066 0.000544697
    outer loop
      vertex 8.2308 12.8583 0.933012
      vertex 7.78128 13.0772 0.933012
      vertex 7.83402 13.0515 0.961939
    endloop
  endfacet
  facet normal 0.437813 0.899066 0.000189625
    outer loop
      vertex 8.27969 12.8345 0.896676
      vertex 7.78128 13.0772 0.933012
      vertex 8.2308 12.8583 0.933012
    endloop
  endfacet
  facet normal 0.437792 0.899076 -0.000155748
    outer loop
      vertex 8.27969 12.8345 0.896676
      vertex 7.73239 13.101 0.896676
      vertex 7.78128 13.0772 0.933012
    endloop
  endfacet
  facet normal 0.437792 0.899075 -0.00161444
    outer loop
      vertex 8.32389 12.8129 0.853553
      vertex 7.73239 13.101 0.896676
      vertex 8.27969 12.8345 0.896676
    endloop
  endfacet
  facet normal 0.437963 0.898992 0.00129531
    outer loop
      vertex 8.32389 12.8129 0.853553
      vertex 7.68818 13.1226 0.853553
      vertex 7.73239 13.101 0.896676
    endloop
  endfacet
  facet normal 0.437964 0.898993 -0.000225756
    outer loop
      vertex 8.36266 12.794 0.80438
      vertex 7.68818 13.1226 0.853553
      vertex 8.32389 12.8129 0.853553
    endloop
  endfacet
  facet normal 0.437892 0.899027 -0.00144348
    outer loop
      vertex 8.36266 12.794 0.80438
      vertex 7.64942 13.1414 0.80438
      vertex 7.68818 13.1226 0.853553
    endloop
  endfacet
  facet normal 0.437892 0.899028 0.000209586
    outer loop
      vertex 8.39533 12.7781 0.75
      vertex 7.64942 13.1414 0.80438
      vertex 8.36266 12.794 0.80438
    endloop
  endfacet
  facet normal 0.437961 0.898993 0.00139181
    outer loop
      vertex 8.39533 12.7781 0.75
      vertex 7.61675 13.1574 0.75
      vertex 7.64942 13.1414 0.80438
    endloop
  endfacet
  facet normal 0.437962 0.898993 0.00101752
    outer loop
      vertex 8.42133 12.7655 0.691341
      vertex 7.61675 13.1574 0.75
      vertex 8.39533 12.7781 0.75
    endloop
  endfacet
  facet normal 0.437841 0.899052 -0.00102618
    outer loop
      vertex 8.42133 12.7655 0.691341
      vertex 7.59074 13.17 0.691341
      vertex 7.61675 13.1574 0.75
    endloop
  endfacet
  facet normal 0.437841 0.899052 0.000134001
    outer loop
      vertex 8.44024 12.7563 0.629409
      vertex 7.59074 13.17 0.691341
      vertex 8.42133 12.7655 0.691341
    endloop
  endfacet
  facet normal 0.43783 0.899058 -5.90102e-05
    outer loop
      vertex 8.44024 12.7563 0.629409
      vertex 7.57184 13.1792 0.629409
      vertex 7.59074 13.17 0.691341
    endloop
  endfacet
  facet normal 0.43783 0.899058 -0.000199762
    outer loop
      vertex 8.45171 12.7507 0.565263
      vertex 7.57184 13.1792 0.629409
      vertex 8.44024 12.7563 0.629409
    endloop
  endfacet
  facet normal 0.437853 0.899046 0.000194619
    outer loop
      vertex 8.45171 12.7507 0.565263
      vertex 7.56037 13.1848 0.565263
      vertex 7.57184 13.1792 0.629409
    endloop
  endfacet
  facet normal 0.437853 0.899046 -0.000411136
    outer loop
      vertex 8.45555 12.7488 0.5
      vertex 7.56037 13.1848 0.565263
      vertex 8.45171 12.7507 0.565263
    endloop
  endfacet
  facet normal 0.437901 0.899023 0.000407614
    outer loop
      vertex 8.45555 12.7488 0.5
      vertex 7.55653 13.1867 0.5
      vertex 7.56037 13.1848 0.565263
    endloop
  endfacet
  facet normal 0.437901 0.899023 0.000407607
    outer loop
      vertex 8.45171 12.7507 0.434736
      vertex 7.55653 13.1867 0.5
      vertex 8.45555 12.7488 0.5
    endloop
  endfacet
  facet normal 0.437853 0.899046 -0.00041113
    outer loop
      vertex 8.45171 12.7507 0.434736
      vertex 7.56037 13.1848 0.434736
      vertex 7.55653 13.1867 0.5
    endloop
  endfacet
  facet normal 0.437853 0.899046 0.000194619
    outer loop
      vertex 8.44024 12.7563 0.37059
      vertex 7.56037 13.1848 0.434736
      vertex 8.45171 12.7507 0.434736
    endloop
  endfacet
  facet normal 0.43783 0.899058 -0.000199762
    outer loop
      vertex 8.44024 12.7563 0.37059
      vertex 7.57184 13.1792 0.37059
      vertex 7.56037 13.1848 0.434736
    endloop
  endfacet
  facet normal 0.43783 0.899058 -0.000129706
    outer loop
      vertex 8.42133 12.7655 0.308658
      vertex 7.57184 13.1792 0.37059
      vertex 8.44024 12.7563 0.37059
    endloop
  endfacet
  facet normal 0.437841 0.899052 6.33041e-05
    outer loop
      vertex 8.42133 12.7655 0.308658
      vertex 7.59074 13.17 0.308658
      vertex 7.57184 13.1792 0.37059
    endloop
  endfacet
  facet normal 0.437841 0.899052 -0.000951556
    outer loop
      vertex 8.39533 12.7781 0.25
      vertex 7.59074 13.17 0.308658
      vertex 8.42133 12.7655 0.308658
    endloop
  endfacet
  facet normal 0.437962 0.898993 0.0010922
    outer loop
      vertex 8.39533 12.7781 0.25
      vertex 7.61675 13.1574 0.25
      vertex 7.59074 13.17 0.308658
    endloop
  endfacet
  facet normal 0.437962 0.898994 -0.000261354
    outer loop
      vertex 8.36266 12.794 0.195619
      vertex 7.61675 13.1574 0.25
      vertex 8.39533 12.7781 0.25
    endloop
  endfacet
  facet normal 0.437892 0.899027 -0.00144362
    outer loop
      vertex 8.36266 12.794 0.195619
      vertex 7.64942 13.1414 0.195619
      vertex 7.61675 13.1574 0.25
    endloop
  endfacet
  facet normal 0.437892 0.899027 0.000295761
    outer loop
      vertex 8.32389 12.8129 0.146446
      vertex 7.64942 13.1414 0.195619
      vertex 8.36266 12.794 0.195619
    endloop
  endfacet
  facet normal 0.437963 0.898992 0.0015134
    outer loop
      vertex 8.32389 12.8129 0.146446
      vertex 7.68818 13.1226 0.146446
      vertex 7.64942 13.1414 0.195619
    endloop
  endfacet
  facet normal 0.437963 0.898992 0.00139687
    outer loop
      vertex 8.27969 12.8345 0.103323
      vertex 7.68818 13.1226 0.146446
      vertex 8.32389 12.8129 0.146446
    endloop
  endfacet
  facet normal 0.437792 0.899075 -0.00151292
    outer loop
      vertex 8.27969 12.8345 0.103323
      vertex 7.73239 13.101 0.103323
      vertex 7.68818 13.1226 0.146446
    endloop
  endfacet
  facet normal 0.437792 0.899076 -0.000155748
    outer loop
      vertex 8.2308 12.8583 0.066987
      vertex 7.73239 13.101 0.103323
      vertex 8.27969 12.8345 0.103323
    endloop
  endfacet
  facet normal 0.437813 0.899066 0.000189625
    outer loop
      vertex 8.2308 12.8583 0.066987
      vertex 7.78128 13.0772 0.066987
      vertex 7.73239 13.101 0.103323
    endloop
  endfacet
  facet normal 0.437813 0.899066 0.000544701
    outer loop
      vertex 8.17806 12.884 0.0380602
      vertex 7.78128 13.0772 0.066987
      vertex 8.2308 12.8583 0.066987
    endloop
  endfacet
  facet normal 0.437739 0.899102 -0.000711731
    outer loop
      vertex 8.17806 12.884 0.0380602
      vertex 7.83402 13.0515 0.0380602
      vertex 7.78128 13.0772 0.066987
    endloop
  endfacet
  facet normal 0.437739 0.899102 -0.000362474
    outer loop
      vertex 8.12238 12.9111 0.0170364
      vertex 7.83402 13.0515 0.0380602
      vertex 8.17806 12.884 0.0380602
    endloop
  endfacet
  facet normal 0.437792 0.899076 0.000535937
    outer loop
      vertex 8.12238 12.9111 0.0170364
      vertex 7.8897 13.0244 0.0170364
      vertex 7.83402 13.0515 0.0380602
    endloop
  endfacet
  facet normal 0.437791 0.899076 0.00130131
    outer loop
      vertex 8.06471 12.9392 0.00427723
      vertex 7.8897 13.0244 0.0170364
      vertex 8.12238 12.9111 0.0170364
    endloop
  endfacet
  facet normal 0.437561 0.899185 -0.00258075
    outer loop
      vertex 8.06471 12.9392 0.00427723
      vertex 7.94737 12.9963 0.00427723
      vertex 7.8897 13.0244 0.0170364
    endloop
  endfacet
  facet normal 0.437539 0.899138 -0.0105108
    outer loop
      vertex 7.94737 12.9963 0.00427723
      vertex 8.06471 12.9392 0.00427723
      vertex 8.00604 12.9677 0
    endloop
  endfacet
  facet normal -0.397567 0.193654 -0.896905
    outer loop
      vertex 7.22096 11.7929 0.0380602
      vertex 7.78128 13.0772 0.066987
      vertex 7.83402 13.0515 0.0380602
    endloop
  endfacet
  facet normal -0.397617 0.193675 -0.896878
    outer loop
      vertex 7.78128 13.0772 0.066987
      vertex 7.22096 11.7929 0.0380602
      vertex 7.16823 11.8186 0.066987
    endloop
  endfacet
  facet normal -0.28902 0.14078 -0.946915
    outer loop
      vertex 7.27664 11.7658 0.0170364
      vertex 7.83402 13.0515 0.0380602
      vertex 7.8897 13.0244 0.0170364
    endloop
  endfacet
  facet normal -0.28902 0.14078 -0.946915
    outer loop
      vertex 7.83402 13.0515 0.0380602
      vertex 7.27664 11.7658 0.0170364
      vertex 7.22096 11.7929 0.0380602
    endloop
  endfacet
  facet normal -0.0184177 0.995751 0.0902232
    outer loop
      vertex 7.56037 13.1848 0.565263
      vertex 7.46895 13.0069 2.51
      vertex 7.57184 13.1792 0.629409
    endloop
  endfacet
  facet normal 0.155486 0.982909 0.0985611
    outer loop
      vertex 7.57184 13.1792 0.629409
      vertex 7.46895 13.0069 2.51
      vertex 7.59074 13.17 0.691341
    endloop
  endfacet
  facet normal 0.236846 0.966125 0.102504
    outer loop
      vertex 7.59074 13.17 0.691341
      vertex 7.46895 13.0069 2.51
      vertex 7.61675 13.1574 0.75
    endloop
  endfacet
  facet normal 0.319538 0.941394 0.108045
    outer loop
      vertex 7.64942 13.1414 0.80438
      vertex 7.46895 13.0069 2.51
      vertex 7.68818 13.1226 0.853553
    endloop
  endfacet
  facet normal 0.346811 0.931349 0.110953
    outer loop
      vertex 7.68818 13.1226 0.853553
      vertex 7.46895 13.0069 2.51
      vertex 7.73239 13.101 0.896676
    endloop
  endfacet
  facet normal 0.382636 0.916507 0.116639
    outer loop
      vertex 7.78128 13.0772 0.933012
      vertex 7.46895 13.0069 2.51
      vertex 7.83402 13.0515 0.961939
    endloop
  endfacet
  facet normal 0.426949 0.895081 0.128624
    outer loop
      vertex 7.94737 12.9963 0.995722
      vertex 7.46895 13.0069 2.51
      vertex 8.00604 12.9677 1
    endloop
  endfacet
  facet normal 0.440886 0.888265 0.128862
    outer loop
      vertex 8.00604 12.9677 1
      vertex 8.36797 12.569 2.51
      vertex 8.06471 12.9392 0.995722
    endloop
  endfacet
  facet normal 0.677582 0.728805 0.0986253
    outer loop
      vertex 8.42133 12.7655 0.691341
      vertex 8.36797 12.569 2.51
      vertex 8.44024 12.7563 0.629409
    endloop
  endfacet
  facet normal 0.796314 0.598124 0.0901729
    outer loop
      vertex 8.44024 12.7563 0.629409
      vertex 8.36797 12.569 2.51
      vertex 8.45171 12.7507 0.565263
    endloop
  endfacet
  facet normal 0.990335 0.127517 0.0545578
    outer loop
      vertex 8.45171 12.7507 0.565263
      vertex 8.36797 12.569 2.51
      vertex 8.45555 12.7488 0.5
    endloop
  endfacet
  facet normal 0.881746 -0.429462 -0.195158
    outer loop
      vertex 8.45171 12.7507 0.434736
      vertex 7.82718 11.4976 0.37059
      vertex 8.44024 12.7563 0.37059
    endloop
  endfacet
  facet normal 0.881746 -0.429462 -0.195158
    outer loop
      vertex 7.82718 11.4976 0.37059
      vertex 8.45171 12.7507 0.434736
      vertex 7.83865 11.492 0.434736
    endloop
  endfacet
  facet normal 0.470757 0.87405 0.120101
    outer loop
      vertex 8.12238 12.9111 0.982963
      vertex 8.36797 12.569 2.51
      vertex 8.17806 12.884 0.961939
    endloop
  endfacet
  facet normal 0.543095 0.832677 0.108153
    outer loop
      vertex 8.32389 12.8129 0.853553
      vertex 8.36797 12.569 2.51
      vertex 8.36266 12.794 0.80438
    endloop
  endfacet
  facet normal -0.382663 -0.916487 0.116705
    outer loop
      vertex 7.56501 11.6253 0.961939
      vertex 7.61774 11.5996 0.933012
      vertex 7.93008 11.67 2.51
    endloop
  endfacet
  facet normal -0.321328 -0.940761 0.10824
    outer loop
      vertex 7.71084 11.5543 0.853553
      vertex 7.74961 11.5354 0.80438
      vertex 7.93008 11.67 2.51
    endloop
  endfacet
  facet normal -0.442044 -0.887741 0.128502
    outer loop
      vertex 7.03105 12.1079 2.51
      vertex 7.33431 11.7377 0.995722
      vertex 7.39299 11.7091 1
    endloop
  endfacet
  facet normal -0.45667 -0.880964 0.123916
    outer loop
      vertex 7.03105 12.1079 2.51
      vertex 7.27664 11.7658 0.982963
      vertex 7.33431 11.7377 0.995722
    endloop
  endfacet
  facet normal -0.486091 -0.866095 0.116602
    outer loop
      vertex 7.03105 12.1079 2.51
      vertex 7.16823 11.8186 0.933012
      vertex 7.22096 11.7929 0.961939
    endloop
  endfacet
  facet normal -0.501871 -0.857444 0.113642
    outer loop
      vertex 7.03105 12.1079 2.51
      vertex 7.11934 11.8424 0.896676
      vertex 7.16823 11.8186 0.933012
    endloop
  endfacet
  facet normal -0.543136 -0.832644 0.108198
    outer loop
      vertex 7.03105 12.1079 2.51
      vertex 7.03636 11.8828 0.80438
      vertex 7.07513 11.8639 0.853553
    endloop
  endfacet
  facet normal -0.677795 -0.728608 0.0986104
    outer loop
      vertex 7.03105 12.1079 2.51
      vertex 6.95879 11.9206 0.629409
      vertex 6.97769 11.9114 0.691341
    endloop
  endfacet
  facet normal 0.175375 -0.0854163 -0.980789
    outer loop
      vertex 7.50933 11.6524 0.0170364
      vertex 8.06471 12.9392 0.00427723
      vertex 8.12238 12.9111 0.0170364
    endloop
  endfacet
  facet normal 0.175375 -0.0854163 -0.980789
    outer loop
      vertex 8.06471 12.9392 0.00427723
      vertex 7.50933 11.6524 0.0170364
      vertex 7.45166 11.6805 0.00427723
    endloop
  endfacet
  facet normal -0.676224 0.329387 -0.658958
    outer loop
      vertex 7.68818 13.1226 0.146446
      vertex 7.03636 11.8828 0.195619
      vertex 7.64942 13.1414 0.195619
    endloop
  endfacet
  facet normal -0.675877 0.329186 -0.659414
    outer loop
      vertex 7.03636 11.8828 0.195619
      vertex 7.68818 13.1226 0.146446
      vertex 7.07513 11.8639 0.146446
    endloop
  endfacet
  facet normal -0.0587883 0.0286351 -0.99786
    outer loop
      vertex 7.39299 11.7091 0
      vertex 7.94737 12.9963 0.00427723
      vertex 8.00604 12.9677 0
    endloop
  endfacet
  facet normal -0.0587801 0.0286316 -0.99786
    outer loop
      vertex 7.94737 12.9963 0.00427723
      vertex 7.39299 11.7091 0
      vertex 7.33431 11.7377 0.00427723
    endloop
  endfacet
  facet normal 0.0588285 -0.0286524 -0.997857
    outer loop
      vertex 7.45166 11.6805 0.00427723
      vertex 8.00604 12.9677 0
      vertex 8.06471 12.9392 0.00427723
    endloop
  endfacet
  facet normal 0.0587883 -0.0286351 -0.99786
    outer loop
      vertex 8.00604 12.9677 0
      vertex 7.45166 11.6805 0.00427723
      vertex 7.39299 11.7091 0
    endloop
  endfacet
  facet normal -0.660851 0.453753 -0.597816
    outer loop
      vertex 2.37084 2.686 10.9597
      vertex 2.31269 2.70302 11.0369
      vertex 2.3361 2.75108 11.0475
    endloop
  endfacet
  facet normal -0.169678 -0.645326 -0.744825
    outer loop
      vertex 2.76211 1.86747 10.9122
      vertex 2.75329 1.84936 10.9299
      vertex 2.73483 1.88076 10.9069
    endloop
  endfacet
  facet normal -0.660741 0.453863 -0.597854
    outer loop
      vertex 2.39862 2.74304 10.9723
      vertex 2.37084 2.686 10.9597
      vertex 2.3361 2.75108 11.0475
    endloop
  endfacet
  facet normal -0.737085 0.595863 -0.318832
    outer loop
      vertex 2.31741 2.82471 11.1627
      vertex 2.26381 2.80041 11.2412
      vertex 2.33321 2.85715 11.1868
    endloop
  endfacet
  facet normal -0.309376 -0.337481 0.88904
    outer loop
      vertex 2.55691 2.11447 12.087
      vertex 2.64155 2.06612 12.0981
      vertex 2.5947 2.19205 12.1296
    endloop
  endfacet
  facet normal -0.506526 -0.742405 -0.438482
    outer loop
      vertex 2.43901 1.87241 11.0822
      vertex 2.50264 1.78092 11.1636
      vertex 2.42038 1.83415 11.1685
    endloop
  endfacet
  facet normal -0.564119 0.651753 0.50694
    outer loop
      vertex 2.39995 2.88217 11.7806
      vertex 2.38011 2.84143 11.8109
      vertex 2.47439 2.89861 11.8423
    endloop
  endfacet
  facet normal 0.422524 -0.00554256 0.906335
    outer loop
      vertex 3.14674 2.44074 12.136
      vertex 3.10684 2.35882 12.1541
      vertex 3.22397 2.39231 12.0997
    endloop
  endfacet
  facet normal -0.792217 0.349966 0.499917
    outer loop
      vertex 2.22582 2.63668 11.7789
      vertex 2.26506 2.60523 11.8631
      vertex 2.24478 2.6756 11.7817
    endloop
  endfacet
  facet normal -0.574604 0.433287 -0.694328
    outer loop
      vertex 2.46109 2.72541 10.9096
      vertex 2.39862 2.74304 10.9723
      vertex 2.46329 2.72993 10.9106
    endloop
  endfacet
  facet normal -0.574629 0.433238 -0.694339
    outer loop
      vertex 2.39862 2.74304 10.9723
      vertex 2.46109 2.72541 10.9096
      vertex 2.37084 2.686 10.9597
    endloop
  endfacet
  facet normal 0.807174 0.04362 0.5887
    outer loop
      vertex 3.4444 2.47312 11.8974
      vertex 3.41755 2.41798 11.9383
      vertex 3.48828 2.40477 11.8423
    endloop
  endfacet
  facet normal -0.00720051 0.858008 -0.513586
    outer loop
      vertex 2.9021 3.03957 11.0949
      vertex 2.8795 2.99317 11.0177
      vertex 2.80638 3.05002 11.1137
    endloop
  endfacet
  facet normal 0.0765671 -0.982621 -0.169095
    outer loop
      vertex 2.95338 1.64275 11.3686
      vertex 2.8557 1.63624 11.3622
      vertex 2.96035 1.65706 11.2886
    endloop
  endfacet
  facet normal -0.72667 -0.619461 0.297016
    outer loop
      vertex 2.27916 1.96761 11.7074
      vertex 2.33238 1.86989 11.6338
      vertex 2.34546 1.89674 11.7218
    endloop
  endfacet
  facet normal -0.0770733 0.714902 0.694964
    outer loop
      vertex 2.75957 2.95392 11.9256
      vertex 2.8221 2.87531 12.0134
      vertex 2.85268 2.9381 11.9522
    endloop
  endfacet
  facet normal 0.478112 0.684109 0.550821
    outer loop
      vertex 3.15361 2.89336 11.9056
      vertex 3.2366 2.84164 11.8978
      vertex 3.17742 2.94226 11.8242
    endloop
  endfacet
  facet normal -0.943152 0.0399826 -0.329949
    outer loop
      vertex 2.14207 2.46473 11.2154
      vertex 2.15986 2.38924 11.1554
      vertex 2.12954 2.43901 11.2481
    endloop
  endfacet
  facet normal 0.169097 0.64484 -0.745377
    outer loop
      vertex 2.9642 2.88135 10.9069
      vertex 3.03714 2.87829 10.9208
      vertex 3.02436 2.85205 10.8952
    endloop
  endfacet
  facet normal 0.169044 0.645288 -0.745001
    outer loop
      vertex 3.03714 2.87829 10.9208
      vertex 2.9642 2.88135 10.9069
      vertex 2.94574 2.91274 10.9299
    endloop
  endfacet
  facet normal -0.808109 -0.518941 -0.278675
    outer loop
      vertex 2.22262 2.04556 11.2114
      vertex 2.27916 1.96761 11.1926
      vertex 2.21114 2.02198 11.2886
    endloop
  endfacet
  facet normal -0.559324 0.828298 -0.0328362
    outer loop
      vertex 2.46978 3.02552 11.3956
      vertex 2.38879 2.97127 11.4067
      vertex 2.47134 3.02873 11.45
    endloop
  endfacet
  facet normal 0.706475 0.577747 -0.408781
    outer loop
      vertex 3.35357 2.86537 11.1782
      vertex 3.40282 2.75951 11.1137
      vertex 3.33558 2.82843 11.0949
    endloop
  endfacet
  facet normal 0.550332 0.832424 0.0648484
    outer loop
      vertex 3.21853 3.02664 11.5477
      vertex 3.30041 2.97264 11.546
      vertex 3.22133 3.0324 11.45
    endloop
  endfacet
  facet normal 0.707838 -0.523593 -0.474147
    outer loop
      vertex 3.41665 2.00932 11.1296
      vertex 3.34032 1.96463 11.065
      vertex 3.36292 2.01103 11.0475
    endloop
  endfacet
  facet normal 0.317574 -0.73725 0.596329
    outer loop
      vertex 3.14377 1.8559 11.8974
      vertex 3.03103 1.80216 11.891
      vertex 3.11949 1.80605 11.8487
    endloop
  endfacet
  facet normal -0.654304 -0.753589 0.0631734
    outer loop
      vertex 2.32178 1.84813 11.45
      vertex 2.39586 1.78381 11.45
      vertex 2.39861 1.78947 11.546
    endloop
  endfacet
  facet normal -0.701036 -0.049771 0.711387
    outer loop
      vertex 2.28148 2.34412 11.9383
      vertex 2.33837 2.2832 11.9901
      vertex 2.31044 2.4036 11.971
    endloop
  endfacet
  facet normal -0.632853 -0.709257 -0.310565
    outer loop
      vertex 2.42038 1.83415 11.1685
      vertex 2.40683 1.80635 11.2596
      vertex 2.33238 1.86989 11.2662
    endloop
  endfacet
  facet normal 0.0535633 0.982158 -0.180266
    outer loop
      vertex 2.93317 3.10335 11.2662
      vertex 2.83581 3.11044 11.2759
      vertex 2.84332 3.12587 11.3622
    endloop
  endfacet
  facet normal 0.952238 0.144334 0.269093
    outer loop
      vertex 3.54399 2.51915 11.6973
      vertex 3.56816 2.4324 11.6583
      vertex 3.55651 2.54487 11.6392
    endloop
  endfacet
  facet normal -0.830724 0.104747 -0.54674
    outer loop
      vertex 2.2597 2.45784 10.9931
      vertex 2.2343 2.40568 11.0217
      vertex 2.19765 2.46682 11.0891
    endloop
  endfacet
  facet normal -0.884205 0.294048 -0.362929
    outer loop
      vertex 2.20718 2.59842 11.1296
      vertex 2.18919 2.56148 11.1435
      vertex 2.17063 2.6091 11.2273
    endloop
  endfacet
  facet normal -0.610016 -0.381399 0.694561
    outer loop
      vertex 2.37198 2.15817 11.9837
      vertex 2.34301 2.0987 11.9256
      vertex 2.44346 2.09793 12.0134
    endloop
  endfacet
  facet normal -0.542946 -0.817193 0.193403
    outer loop
      vertex 2.40683 1.80635 11.6404
      vertex 2.39861 1.78947 11.546
      vertex 2.48886 1.75263 11.6437
    endloop
  endfacet
  facet normal -0.294037 -0.90106 -0.3188
    outer loop
      vertex 2.66992 1.6782 11.2596
      vertex 2.57706 1.70967 11.2563
      vertex 2.68347 1.70601 11.1685
    endloop
  endfacet
  facet normal -0.827404 -0.558745 0.0566318
    outer loop
      vertex 2.20184 2.00288 11.45
      vertex 2.25926 1.92675 11.5378
      vertex 2.20417 2.00768 11.5314
    endloop
  endfacet
  facet normal -0.0223106 -0.343944 0.938725
    outer loop
      vertex 2.80879 2.18543 12.1729
      vertex 2.7682 2.10209 12.1414
      vertex 2.89769 2.14582 12.1605
    endloop
  endfacet
  facet normal -0.376459 0.840031 -0.390676
    outer loop
      vertex 2.61051 3.03219 11.1665
      vertex 2.5301 3.01299 11.2027
      vertex 2.61176 3.03475 11.1708
    endloop
  endfacet
  facet normal -0.377401 0.838168 -0.393756
    outer loop
      vertex 2.5301 3.01299 11.2027
      vertex 2.61051 3.03219 11.1665
      vertex 2.51437 2.98068 11.149
    endloop
  endfacet
  facet normal 0.108379 -0.917313 -0.383132
    outer loop
      vertex 2.97183 1.68063 11.2114
      vertex 2.89264 1.71208 11.1137
      vertex 2.98763 1.71307 11.1382
    endloop
  endfacet
  facet normal 0.294054 0.901096 0.318682
    outer loop
      vertex 3.0291 3.0839 11.6404
      vertex 3.01556 3.0561 11.7315
      vertex 3.12196 3.05243 11.6437
    endloop
  endfacet
  facet normal -0.858408 -0.373704 0.351398
    outer loop
      vertex 2.17681 2.12924 11.6658
      vertex 2.23842 2.07799 11.7618
      vertex 2.1911 2.15857 11.7319
    endloop
  endfacet
  facet normal -0.133063 0.866457 0.481192
    outer loop
      vertex 2.7114 3.04904 11.7618
      vertex 2.78497 3.00608 11.8595
      vertex 2.80638 3.05002 11.7863
    endloop
  endfacet
  facet normal 0.734694 -0.104642 0.67028
    outer loop
      vertex 3.358 2.29572 11.9947
      vertex 3.4125 2.2492 11.9277
      vertex 3.43932 2.30427 11.9069
    endloop
  endfacet
  facet normal 0.611559 0.665927 -0.427244
    outer loop
      vertex 3.35357 2.86537 11.1782
      vertex 3.26001 2.8897 11.0822
      vertex 3.27865 2.92795 11.1685
    endloop
  endfacet
  facet normal 0.308734 0.931277 -0.193408
    outer loop
      vertex 3.12196 3.05243 11.2563
      vertex 3.0291 3.0839 11.2596
      vertex 3.03732 3.10078 11.354
    endloop
  endfacet
  facet normal 0.611628 0.665798 -0.427344
    outer loop
      vertex 3.35357 2.86537 11.1782
      vertex 3.33558 2.82843 11.0949
      vertex 3.26001 2.8897 11.0822
    endloop
  endfacet
  facet normal 0.325756 -0.944322 0.0462406
    outer loop
      vertex 3.14177 1.69336 11.5145
      vertex 3.04928 1.6619 11.5236
      vertex 3.13991 1.68956 11.45
    endloop
  endfacet
  facet normal 0.0758172 -0.715401 0.694589
    outer loop
      vertex 2.87693 1.8868 12.0134
      vertex 2.93945 1.80818 11.9256
      vertex 2.96842 1.86766 11.9837
    endloop
  endfacet
  facet normal 0.614545 -0.350533 -0.706725
    outer loop
      vertex 3.32819 2.0761 10.9597
      vertex 3.26935 2.10117 10.8961
      vertex 3.35646 2.13413 10.9555
    endloop
  endfacet
  facet normal 0.616305 -0.346973 -0.70695
    outer loop
      vertex 3.26935 2.10117 10.8961
      vertex 3.32819 2.0761 10.9597
      vertex 3.26711 2.09658 10.8964
    endloop
  endfacet
  facet normal -0.147185 -0.89202 0.42736
    outer loop
      vertex 2.7021 1.74427 11.8178
      vertex 2.77893 1.6856 11.7218
      vertex 2.79692 1.72254 11.8051
    endloop
  endfacet
  facet normal 0.450999 -0.884544 -0.119084
    outer loop
      vertex 3.22925 1.73658 11.3956
      vertex 3.14729 1.7047 11.322
      vertex 3.2339 1.74614 11.3422
    endloop
  endfacet
  facet normal -0.169699 -0.644893 0.745195
    outer loop
      vertex 2.69411 1.94998 12.0437
      vertex 2.75329 1.84936 11.9701
      vertex 2.78497 1.9144 12.0336
    endloop
  endfacet
  facet normal 0.0886204 -0.115378 0.989361
    outer loop
      vertex 2.89361 2.35957 12.1984
      vertex 2.93901 2.23066 12.1793
      vertex 2.98106 2.31698 12.1856
    endloop
  endfacet
  facet normal -0.567464 -0.294181 0.769053
    outer loop
      vertex 2.37198 2.15817 11.9837
      vertex 2.44346 2.09793 12.0134
      vertex 2.40402 2.22394 12.0325
    endloop
  endfacet
  facet normal 0.647114 0.738724 0.188495
    outer loop
      vertex 3.30041 2.97264 11.546
      vertex 3.36664 2.89222 11.6338
      vertex 3.37458 2.90851 11.5427
    endloop
  endfacet
  facet normal 0.952113 0.144812 -0.269277
    outer loop
      vertex 3.55651 2.54487 11.2608
      vertex 3.57872 2.45407 11.2905
      vertex 3.54399 2.51915 11.2027
    endloop
  endfacet
  facet normal 0.775326 0.204313 0.597599
    outer loop
      vertex 3.39035 2.53988 11.9447
      vertex 3.4444 2.47312 11.8974
      vertex 3.41721 2.59502 11.891
    endloop
  endfacet
  facet normal -0.133156 0.866237 -0.481562
    outer loop
      vertex 2.69843 3.0108 11.073
      vertex 2.7114 3.04904 11.1382
      vertex 2.80638 3.05002 11.1137
    endloop
  endfacet
  facet normal -0.135287 0.866166 -0.481097
    outer loop
      vertex 2.7114 3.04904 11.1382
      vertex 2.69843 3.0108 11.073
      vertex 2.69386 3.01303 11.0783
    endloop
  endfacet
  facet normal -0.939067 -0.314815 0.138001
    outer loop
      vertex 2.12788 2.1872 11.5145
      vertex 2.16013 2.09499 11.5236
      vertex 2.13341 2.19854 11.578
    endloop
  endfacet
  facet normal -0.848464 0.234712 0.474361
    outer loop
      vertex 2.18919 2.56148 11.7565
      vertex 2.21905 2.51077 11.835
      vertex 2.20718 2.59842 11.7704
    endloop
  endfacet
  facet normal -0.841503 0.381644 -0.382388
    outer loop
      vertex 2.21103 2.69204 11.2089
      vertex 2.22582 2.63668 11.1211
      vertex 2.19725 2.66376 11.211
    endloop
  endfacet
  facet normal -0.872867 0.471993 -0.123798
    outer loop
      vertex 2.21272 2.7535 11.3148
      vertex 2.18225 2.72018 11.4026
      vertex 2.18491 2.72565 11.4047
    endloop
  endfacet
  facet normal -0.789083 -0.480212 -0.383071
    outer loop
      vertex 2.23842 2.07799 11.1382
      vertex 2.2962 2.00259 11.1137
      vertex 2.22262 2.04556 11.2114
    endloop
  endfacet
  facet normal -0.887568 -0.433861 -0.154882
    outer loop
      vertex 2.21114 2.02198 11.2886
      vertex 2.20417 2.00768 11.3686
      vertex 2.16013 2.09499 11.3764
    endloop
  endfacet
  facet normal -0.443817 -0.612952 -0.653694
    outer loop
      vertex 2.57368 1.92677 10.9208
      vertex 2.54542 1.86874 10.9944
      vertex 2.4902 1.97751 10.9299
    endloop
  endfacet
  facet normal -0.948469 0.316754 0.00857207
    outer loop
      vertex 2.15539 2.66505 11.4564
      vertex 2.12413 2.57162 11.45
      vertex 2.12468 2.57275 11.4691
    endloop
  endfacet
  facet normal -0.316146 -0.946495 0.0647975
    outer loop
      vertex 2.5687 1.6925 11.5477
      vertex 2.56589 1.68675 11.45
      vertex 2.6617 1.66132 11.546
    endloop
  endfacet
  facet normal -0.808059 -0.519081 0.27856
    outer loop
      vertex 2.21114 2.02198 11.6114
      vertex 2.26678 1.94218 11.6241
      vertex 2.27916 1.96761 11.7074
    endloop
  endfacet
  facet normal -0.647315 -0.457432 0.609704
    outer loop
      vertex 2.31761 2.04654 11.8595
      vertex 2.38605 1.98008 11.8823
      vertex 2.34301 2.0987 11.9256
    endloop
  endfacet
  facet normal -0.462438 0.66331 -0.588363
    outer loop
      vertex 2.52226 2.851 10.9664
      vertex 2.45084 2.85026 11.0217
      vertex 2.54699 2.90177 11.0042
    endloop
  endfacet
  facet normal -0.626883 0.523383 -0.577137
    outer loop
      vertex 2.39862 2.74304 10.9723
      vertex 2.3361 2.75108 11.0475
      vertex 2.42544 2.7981 10.9931
    endloop
  endfacet
  facet normal 0.928556 0.29312 0.227738
    outer loop
      vertex 3.52221 2.63286 11.6658
      vertex 3.55651 2.54487 11.6392
      vertex 3.56562 2.56356 11.578
    endloop
  endfacet
  facet normal -0.074997 -0.451603 0.889061
    outer loop
      vertex 2.85779 2.06391 12.1296
      vertex 2.72975 2.02316 12.0981
      vertex 2.82 1.98632 12.087
    endloop
  endfacet
  facet normal -0.199628 0.978494 0.0519491
    outer loop
      vertex 2.65186 3.10454 11.45
      vertex 2.64974 3.1002 11.5236
      vertex 2.74798 3.12415 11.45
    endloop
  endfacet
  facet normal 0.429474 0.881742 0.195148
    outer loop
      vertex 3.13033 3.0696 11.5477
      vertex 3.21016 3.00947 11.6437
      vertex 3.21853 3.02664 11.5477
    endloop
  endfacet
  facet normal 0.429474 0.881742 0.195148
    outer loop
      vertex 3.21016 3.00947 11.6437
      vertex 3.13033 3.0696 11.5477
      vertex 3.12196 3.05243 11.6437
    endloop
  endfacet
  facet normal 0.632852 0.709255 0.310573
    outer loop
      vertex 3.29219 2.95576 11.6404
      vertex 3.27865 2.92795 11.7315
      vertex 3.36664 2.89222 11.6338
    endloop
  endfacet
  facet normal -0.446377 0.893953 -0.0399493
    outer loop
      vertex 2.55726 3.06875 11.3855
      vertex 2.46978 3.02552 11.3956
      vertex 2.47134 3.02873 11.45
    endloop
  endfacet
  facet normal -0.163321 0.804383 -0.571222
    outer loop
      vertex 2.78497 3.00608 11.0405
      vertex 2.77024 2.97582 11.0021
      vertex 2.70419 3.008 11.0663
    endloop
  endfacet
  facet normal -0.217204 0.942113 -0.255432
    outer loop
      vertex 2.72719 3.08147 11.2114
      vertex 2.63306 3.06595 11.2342
      vertex 2.73868 3.10505 11.2886
    endloop
  endfacet
  facet normal -0.401714 0.788114 -0.466371
    outer loop
      vertex 2.57438 2.95801 11.059
      vertex 2.49569 2.94234 11.1003
      vertex 2.51437 2.98068 11.149
    endloop
  endfacet
  facet normal -0.403309 0.78472 -0.470698
    outer loop
      vertex 2.49569 2.94234 11.1003
      vertex 2.57438 2.95801 11.059
      vertex 2.5729 2.95497 11.0552
    endloop
  endfacet
  facet normal 0.20922 0.727022 -0.653962
    outer loop
      vertex 3.06541 2.93632 10.9944
      vertex 2.94574 2.91274 10.9299
      vertex 2.97352 2.96978 11.0022
    endloop
  endfacet
  facet normal -0.0862419 -0.766222 -0.636763
    outer loop
      vertex 2.84635 1.82401 10.9478
      vertex 2.81952 1.76894 11.0177
      vertex 2.75329 1.84936 10.9299
    endloop
  endfacet
  facet normal 0.0604417 0.996335 0.0605256
    outer loop
      vertex 2.94377 3.12511 11.45
      vertex 2.84332 3.12587 11.5378
      vertex 2.94111 3.11964 11.5427
    endloop
  endfacet
  facet normal 0.827451 0.558674 -0.056646
    outer loop
      vertex 3.44229 2.84053 11.45
      vertex 3.49485 2.75443 11.3686
      vertex 3.43977 2.83536 11.3622
    endloop
  endfacet
  facet normal 0.294072 0.901082 -0.318705
    outer loop
      vertex 3.10818 3.02414 11.1636
      vertex 3.01556 3.0561 11.1685
      vertex 3.12196 3.05243 11.2563
    endloop
  endfacet
  facet normal 0.497564 -0.590693 0.635226
    outer loop
      vertex 3.27359 1.964 11.9069
      vertex 3.17063 1.91104 11.9383
      vertex 3.24818 1.91184 11.8783
    endloop
  endfacet
  facet normal -0.706386 -0.57784 0.408803
    outer loop
      vertex 2.2962 2.00259 11.7863
      vertex 2.34546 1.89674 11.7218
      vertex 2.36345 1.93368 11.8051
    endloop
  endfacet
  facet normal 0.875834 -0.407412 0.25871
    outer loop
      vertex 3.488 2.07006 11.6911
      vertex 3.51083 2.05894 11.5963
      vertex 3.50178 2.09835 11.689
    endloop
  endfacet
  facet normal -0.403137 -0.531238 0.745162
    outer loop
      vertex 2.52188 2.04254 12.0336
      vertex 2.4902 1.97751 11.9701
      vertex 2.60591 1.99294 12.0437
    endloop
  endfacet
  facet normal -0.550357 -0.832414 0.0647633
    outer loop
      vertex 2.39861 1.78947 11.546
      vertex 2.4777 1.72971 11.45
      vertex 2.4805 1.73546 11.5477
    endloop
  endfacet
  facet normal 0.913143 0.0648935 -0.40244
    outer loop
      vertex 3.5549 2.40517 11.1963
      vertex 3.53917 2.37287 11.1554
      vertex 3.52825 2.48684 11.149
    endloop
  endfacet
  facet normal 0.123802 0.551911 0.824662
    outer loop
      vertex 2.91406 2.84771 12.0336
      vertex 2.87902 2.77578 12.087
      vertex 2.96927 2.73895 12.0981
    endloop
  endfacet
  facet normal 0.401984 -0.787902 -0.466498
    outer loop
      vertex 3.18466 1.78143 11.149
      vertex 3.10504 1.76384 11.1101
      vertex 3.12465 1.8041 11.059
    endloop
  endfacet
  facet normal -0.0534367 -0.982143 -0.180387
    outer loop
      vertex 2.8557 1.63624 11.3622
      vertex 2.75792 1.64246 11.3573
      vertex 2.76586 1.65876 11.2662
    endloop
  endfacet
  facet normal 0.32574 -0.944329 -0.0462179
    outer loop
      vertex 3.13991 1.68956 11.45
      vertex 3.04717 1.65757 11.45
      vertex 3.04928 1.6619 11.3764
    endloop
  endfacet
  facet normal 0.217421 -0.942166 -0.25505
    outer loop
      vertex 3.05558 1.67484 11.3041
      vertex 2.96035 1.65706 11.2886
      vertex 3.06597 1.69616 11.2342
    endloop
  endfacet
  facet normal 0.256286 0.229385 0.938989
    outer loop
      vertex 3.01902 2.61705 12.1414
      vertex 3.06442 2.48814 12.1605
      vertex 3.10432 2.57005 12.1296
    endloop
  endfacet
  facet normal 0.325902 -0.469515 0.820575
    outer loop
      vertex 3.0715 2.07928 12.0997
      vertex 3.11962 1.98405 12.0261
      vertex 3.15344 2.05349 12.0524
    endloop
  endfacet
  facet normal 0.740288 0.647653 -0.180331
    outer loop
      vertex 3.37458 2.90851 11.3573
      vertex 3.43977 2.83536 11.3622
      vertex 3.36664 2.89222 11.2662
    endloop
  endfacet
  facet normal 0.928526 0.293396 -0.227505
    outer loop
      vertex 3.5326 2.65418 11.3041
      vertex 3.56562 2.56356 11.322
      vertex 3.52221 2.63286 11.2342
    endloop
  endfacet
  facet normal -0.0451598 0.497389 0.866351
    outer loop
      vertex 2.78827 2.80586 12.065
      vertex 2.75179 2.73096 12.1061
      vertex 2.87902 2.77578 12.087
    endloop
  endfacet
  facet normal -0.341359 0.912023 0.227352
    outer loop
      vertex 2.64344 3.08726 11.5959
      vertex 2.55174 3.0574 11.578
      vertex 2.63306 3.06595 11.6658
    endloop
  endfacet
  facet normal -0.46484 0.658466 -0.5919
    outer loop
      vertex 2.54699 2.90177 11.0042
      vertex 2.47439 2.89861 11.0577
      vertex 2.54885 2.9056 11.007
    endloop
  endfacet
  facet normal -0.46244 0.663315 -0.588356
    outer loop
      vertex 2.47439 2.89861 11.0577
      vertex 2.54699 2.90177 11.0042
      vertex 2.45084 2.85026 11.0217
    endloop
  endfacet
  facet normal -0.47379 0.168161 0.864433
    outer loop
      vertex 2.47491 2.56351 12.0736
      vertex 2.43927 2.49034 12.0683
      vertex 2.55129 2.52631 12.1227
    endloop
  endfacet
  facet normal -0.789045 -0.480118 0.383268
    outer loop
      vertex 2.23842 2.07799 11.7618
      vertex 2.27916 1.96761 11.7074
      vertex 2.2962 2.00259 11.7863
    endloop
  endfacet
  facet normal -0.569106 0.219721 0.792365
    outer loop
      vertex 2.37271 2.53143 12.0091
      vertex 2.43927 2.49034 12.0683
      vertex 2.40494 2.5976 12.0139
    endloop
  endfacet
  facet normal -0.76413 0.408084 -0.499574
    outer loop
      vertex 2.26374 2.71453 11.1211
      vertex 2.28888 2.65412 11.0333
      vertex 2.24478 2.6756 11.1183
    endloop
  endfacet
  facet normal -0.798494 0.171015 -0.577201
    outer loop
      vertex 2.28653 2.51291 10.9723
      vertex 2.2597 2.45784 10.9931
      vertex 2.24165 2.55717 11.0475
    endloop
  endfacet
  facet normal -0.953586 0.247724 -0.17119
    outer loop
      vertex 2.13638 2.53879 11.2795
      vertex 2.12727 2.5201 11.3032
      vertex 2.14289 2.61015 11.3465
    endloop
  endfacet
  facet normal -0.459977 0.866115 0.195615
    outer loop
      vertex 2.46512 3.01596 11.5578
      vertex 2.45745 3.00021 11.6095
      vertex 2.55174 3.0574 11.578
    endloop
  endfacet
  facet normal -0.633394 0.675862 0.376859
    outer loop
      vertex 2.34749 2.88648 11.6846
      vertex 2.33321 2.85715 11.7132
      vertex 2.4179 2.91901 11.7446
    endloop
  endfacet
  facet normal -0.108276 0.917355 -0.383062
    outer loop
      vertex 2.80638 3.05002 11.1137
      vertex 2.7114 3.04904 11.1382
      vertex 2.72719 3.08147 11.2114
    endloop
  endfacet
  facet normal -0.72667 -0.619461 -0.297016
    outer loop
      vertex 2.34546 1.89674 11.1782
      vertex 2.33238 1.86989 11.2662
      vertex 2.27916 1.96761 11.1926
    endloop
  endfacet
  facet normal -0.985846 -0.0475988 0.160757
    outer loop
      vertex 2.10447 2.38754 11.5359
      vertex 2.11264 2.29229 11.5578
      vertex 2.12031 2.30804 11.6095
    endloop
  endfacet
  facet normal -0.956666 0.145039 -0.252496
    outer loop
      vertex 2.14207 2.46473 11.2154
      vertex 2.12954 2.43901 11.2481
      vertex 2.13638 2.53879 11.2795
    endloop
  endfacet
  facet normal -0.939013 -0.314896 0.138182
    outer loop
      vertex 2.13341 2.19854 11.578
      vertex 2.16013 2.09499 11.5236
      vertex 2.16643 2.10793 11.5959
    endloop
  endfacet
  facet normal -0.965529 -0.171771 -0.195571
    outer loop
      vertex 2.12031 2.30804 11.2905
      vertex 2.13341 2.19854 11.322
      vertex 2.11264 2.29229 11.3422
    endloop
  endfacet
  facet normal -0.866565 -0.166298 -0.470542
    outer loop
      vertex 2.22562 2.24199 11.059
      vertex 2.18945 2.31361 11.1003
      vertex 2.2271 2.24503 11.0552
    endloop
  endfacet
  facet normal -0.868209 -0.169557 -0.46633
    outer loop
      vertex 2.18945 2.31361 11.1003
      vertex 2.22562 2.24199 11.059
      vertex 2.17078 2.27527 11.149
    endloop
  endfacet
  facet normal -0.478117 -0.684071 -0.550864
    outer loop
      vertex 2.54542 1.86874 10.9944
      vertex 2.43901 1.87241 11.0822
      vertex 2.46242 1.92047 11.0022
    endloop
  endfacet
  facet normal -0.209172 -0.727092 -0.653899
    outer loop
      vertex 2.72551 1.79233 11.0022
      vertex 2.63362 1.82578 10.9944
      vertex 2.75329 1.84936 10.9299
    endloop
  endfacet
  facet normal -0.550289 -0.832452 0.0648435
    outer loop
      vertex 2.39586 1.78381 11.45
      vertex 2.4777 1.72971 11.45
      vertex 2.39861 1.78947 11.546
    endloop
  endfacet
  facet normal -0.654304 -0.753589 -0.0631734
    outer loop
      vertex 2.39861 1.78947 11.354
      vertex 2.39586 1.78381 11.45
      vertex 2.32178 1.84813 11.45
    endloop
  endfacet
  facet normal -0.974478 -0.190427 -0.118871
    outer loop
      vertex 2.13341 2.19854 11.322
      vertex 2.12788 2.1872 11.3855
      vertex 2.10798 2.28273 11.3956
    endloop
  endfacet
  facet normal -0.740339 -0.647597 -0.180325
    outer loop
      vertex 2.33238 1.86989 11.2662
      vertex 2.32444 1.8536 11.3573
      vertex 2.25926 1.92675 11.3622
    endloop
  endfacet
  facet normal 0.264863 -0.329256 0.906332
    outer loop
      vertex 3.02566 2.19215 12.1541
      vertex 2.98576 2.11023 12.136
      vertex 3.0715 2.07928 12.0997
    endloop
  endfacet
  facet normal -0.358215 -0.43776 0.82465
    outer loop
      vertex 2.55691 2.11447 12.087
      vertex 2.52188 2.04254 12.0336
      vertex 2.64155 2.06612 12.0981
    endloop
  endfacet
  facet normal -0.67973 -0.52387 0.513349
    outer loop
      vertex 2.31761 2.04654 11.8595
      vertex 2.2962 2.00259 11.7863
      vertex 2.38605 1.98008 11.8823
    endloop
  endfacet
  facet normal -0.756021 0.556989 0.343795
    outer loop
      vertex 2.31741 2.82471 11.7373
      vertex 2.26381 2.80041 11.6588
      vertex 2.30037 2.78973 11.7565
    endloop
  endfacet
  facet normal -0.535463 0.513573 -0.670464
    outer loop
      vertex 2.49357 2.79211 10.9341
      vertex 2.46541 2.73429 10.9123
      vertex 2.42544 2.7981 10.9931
    endloop
  endfacet
  facet normal -0.681209 0.578267 -0.448956
    outer loop
      vertex 2.38011 2.84143 11.0891
      vertex 2.30037 2.78973 11.1435
      vertex 2.31741 2.82471 11.1627
    endloop
  endfacet
  facet normal -0.3571 0.880193 -0.312635
    outer loop
      vertex 2.63306 3.06595 11.2342
      vertex 2.5301 3.01299 11.2027
      vertex 2.54263 3.03871 11.2608
    endloop
  endfacet
  facet normal 0.772396 -0.0273492 0.634552
    outer loop
      vertex 3.38858 2.35851 11.971
      vertex 3.43932 2.30427 11.9069
      vertex 3.41755 2.41798 11.9383
    endloop
  endfacet
  facet normal 0.0854366 0.175408 0.980782
    outer loop
      vertex 2.89023 2.57667 12.1729
      vertex 2.93639 2.44739 12.192
      vertex 2.97843 2.53371 12.1729
    endloop
  endfacet
  facet normal 0.0854366 0.175408 0.980782
    outer loop
      vertex 2.93639 2.44739 12.192
      vertex 2.89023 2.57667 12.1729
      vertex 2.84819 2.49035 12.192
    endloop
  endfacet
  facet normal 0.369755 -0.112348 0.922312
    outer loop
      vertex 3.06625 2.27549 12.1602
      vertex 3.14773 2.2358 12.1227
      vertex 3.18618 2.31473 12.1169
    endloop
  endfacet
  facet normal -0.096708 0.392162 0.914799
    outer loop
      vertex 2.75179 2.73096 12.1061
      vertex 2.80134 2.61628 12.1605
      vertex 2.84124 2.6982 12.1296
    endloop
  endfacet
  facet normal -0.478893 0.405349 0.778687
    outer loop
      vertex 2.46884 2.7288 11.9947
      vertex 2.51055 2.63669 12.0683
      vertex 2.54558 2.70862 12.0524
    endloop
  endfacet
  facet normal -0.374375 0.37075 0.849934
    outer loop
      vertex 2.62753 2.68283 12.0997
      vertex 2.51055 2.63669 12.0683
      vertex 2.58974 2.60524 12.1169
    endloop
  endfacet
  facet normal -0.16425 0.534815 0.828852
    outer loop
      vertex 2.69857 2.82868 12.0325
      vertex 2.75179 2.73096 12.1061
      vertex 2.78827 2.80586 12.065
    endloop
  endfacet
  facet normal 0.085515 0.765973 0.63716
    outer loop
      vertex 2.8795 2.99317 11.8823
      vertex 2.94574 2.91274 11.9701
      vertex 2.97352 2.96978 11.8978
    endloop
  endfacet
  facet normal -0.133502 0.866255 0.481434
    outer loop
      vertex 2.7114 3.04904 11.7618
      vertex 2.69155 3.0083 11.8296
      vertex 2.78497 3.00608 11.8595
    endloop
  endfacet
  facet normal -0.317508 0.737184 0.596446
    outer loop
      vertex 2.57953 2.95606 11.8487
      vertex 2.55525 2.9062 11.8974
      vertex 2.668 2.95994 11.891
    endloop
  endfacet
  facet normal -0.0389132 0.791727 -0.609634
    outer loop
      vertex 2.79285 2.96481 10.9864
      vertex 2.78497 3.00608 11.0405
      vertex 2.8795 2.99317 11.0177
    endloop
  endfacet
  facet normal -0.0376652 0.791853 -0.609549
    outer loop
      vertex 2.78497 3.00608 11.0405
      vertex 2.79285 2.96481 10.9864
      vertex 2.77024 2.97582 11.0021
    endloop
  endfacet
  facet normal 0.583915 0.608906 -0.536914
    outer loop
      vertex 3.33558 2.82843 11.0949
      vertex 3.31298 2.78203 11.0177
      vertex 3.26001 2.8897 11.0822
    endloop
  endfacet
  facet normal -0.532375 0.519468 -0.668378
    outer loop
      vertex 2.39862 2.74304 10.9723
      vertex 2.46541 2.73429 10.9123
      vertex 2.46329 2.72993 10.9106
    endloop
  endfacet
  facet normal -0.535037 0.513926 -0.670533
    outer loop
      vertex 2.46541 2.73429 10.9123
      vertex 2.39862 2.74304 10.9723
      vertex 2.42544 2.7981 10.9931
    endloop
  endfacet
  facet normal -0.934565 -0.108102 -0.338973
    outer loop
      vertex 2.17078 2.27527 11.149
      vertex 2.15504 2.24296 11.2027
      vertex 2.13086 2.32971 11.2417
    endloop
  endfacet
  facet normal -0.941056 0.177099 -0.288182
    outer loop
      vertex 2.14676 2.5601 11.2587
      vertex 2.15635 2.49406 11.1868
      vertex 2.13638 2.53879 11.2795
    endloop
  endfacet
  facet normal 0.679785 0.523873 -0.513273
    outer loop
      vertex 3.40282 2.75951 11.1137
      vertex 3.38142 2.71556 11.0405
      vertex 3.31298 2.78203 11.0177
    endloop
  endfacet
  facet normal 0.690723 -0.690895 -0.21346
    outer loop
      vertex 3.40425 1.89811 11.3032
      vertex 3.32845 1.82823 11.2841
      vertex 3.33901 1.84991 11.2481
    endloop
  endfacet
  facet normal 0.798385 -0.171088 -0.57733
    outer loop
      vertex 3.47997 2.25134 11.065
      vertex 3.45737 2.20493 11.0475
      vertex 3.43932 2.30427 10.9931
    endloop
  endfacet
  facet normal 0.632753 0.709407 -0.310428
    outer loop
      vertex 3.36664 2.89222 11.2662
      vertex 3.35357 2.86537 11.1782
      vertex 3.27865 2.92795 11.1685
    endloop
  endfacet
  facet normal 0.392745 0.806333 -0.442243
    outer loop
      vertex 3.17742 2.94226 11.0758
      vertex 3.10818 3.02414 11.1636
      vertex 3.19638 2.98118 11.1636
    endloop
  endfacet
  facet normal 0.392745 0.806333 -0.442243
    outer loop
      vertex 3.10818 3.02414 11.1636
      vertex 3.17742 2.94226 11.0758
      vertex 3.08922 2.98522 11.0758
    endloop
  endfacet
  facet normal 0.511072 0.45761 -0.727597
    outer loop
      vertex 3.21955 2.75698 10.9199
      vertex 3.28615 2.72696 10.9478
      vertex 3.2852 2.725 10.9459
    endloop
  endfacet
  facet normal 0.51159 0.461219 -0.72495
    outer loop
      vertex 3.28615 2.72696 10.9478
      vertex 3.21955 2.75698 10.9199
      vertex 3.20882 2.7846 10.9299
    endloop
  endfacet
  facet normal 0.308734 0.931277 0.193408
    outer loop
      vertex 3.03732 3.10078 11.546
      vertex 3.0291 3.0839 11.6404
      vertex 3.12196 3.05243 11.6437
    endloop
  endfacet
  facet normal 0.632852 0.709255 -0.310573
    outer loop
      vertex 3.36664 2.89222 11.2662
      vertex 3.27865 2.92795 11.1685
      vertex 3.29219 2.95576 11.2596
    endloop
  endfacet
  facet normal 0.808117 0.518961 0.278615
    outer loop
      vertex 3.41986 2.7945 11.7074
      vertex 3.4764 2.71655 11.6886
      vertex 3.48788 2.74012 11.6114
    endloop
  endfacet
  facet normal 0.414654 0.851315 0.321442
    outer loop
      vertex 3.12196 3.05243 11.6437
      vertex 3.19638 2.98118 11.7364
      vertex 3.21016 3.00947 11.6437
    endloop
  endfacet
  facet normal 0.414654 0.851315 0.321442
    outer loop
      vertex 3.19638 2.98118 11.7364
      vertex 3.12196 3.05243 11.6437
      vertex 3.10818 3.02414 11.7364
    endloop
  endfacet
  facet normal 0.163484 -0.535172 0.828772
    outer loop
      vertex 2.94724 2.03115 12.1061
      vertex 3.00046 1.93343 12.0325
      vertex 3.03501 2.00438 12.0715
    endloop
  endfacet
  facet normal 0.473748 -0.168116 0.864465
    outer loop
      vertex 3.14773 2.2358 12.1227
      vertex 3.22412 2.19859 12.0736
      vertex 3.25976 2.27177 12.0683
    endloop
  endfacet
  facet normal 0.0393102 -0.792179 0.609022
    outer loop
      vertex 2.84635 1.82401 11.9522
      vertex 2.81952 1.76894 11.8823
      vertex 2.93945 1.80818 11.9256
    endloop
  endfacet
  facet normal 0.197909 -0.732569 0.651287
    outer loop
      vertex 2.96842 1.86766 11.9837
      vertex 2.93945 1.80818 11.9256
      vertex 3.03103 1.80216 11.891
    endloop
  endfacet
  facet normal 0.53535 -0.513899 0.670305
    outer loop
      vertex 3.23018 2.0333 11.9947
      vertex 3.27359 1.964 11.9069
      vertex 3.30041 2.01907 11.9277
    endloop
  endfacet
  facet normal 0.511857 -0.75892 0.402545
    outer loop
      vertex 3.28113 1.8431 11.7446
      vertex 3.18466 1.78143 11.751
      vertex 3.26539 1.81079 11.7037
    endloop
  endfacet
  facet normal -0.293957 -0.901122 0.3187
    outer loop
      vertex 2.59084 1.73796 11.7364
      vertex 2.57706 1.70967 11.6437
      vertex 2.68347 1.70601 11.7315
    endloop
  endfacet
  facet normal -0.294037 -0.90106 0.3188
    outer loop
      vertex 2.68347 1.70601 11.7315
      vertex 2.57706 1.70967 11.6437
      vertex 2.66992 1.6782 11.6404
    endloop
  endfacet
  facet normal 0.446289 -0.894003 0.0398002
    outer loop
      vertex 3.14177 1.69336 11.5145
      vertex 3.13991 1.68956 11.45
      vertex 3.22769 1.73338 11.45
    endloop
  endfacet
  facet normal 0.459769 -0.866094 -0.1962
    outer loop
      vertex 3.24158 1.76189 11.2905
      vertex 3.14729 1.7047 11.322
      vertex 3.1564 1.7234 11.2608
    endloop
  endfacet
  facet normal 0.446283 -0.894007 -0.0397908
    outer loop
      vertex 3.22769 1.73338 11.45
      vertex 3.14177 1.69336 11.3855
      vertex 3.22925 1.73658 11.3956
    endloop
  endfacet
  facet normal 0.679598 -0.713773 -0.169332
    outer loop
      vertex 3.39047 1.86982 11.3577
      vertex 3.32005 1.81098 11.3231
      vertex 3.32845 1.82823 11.2841
    endloop
  endfacet
  facet normal 0.830665 -0.10486 -0.54681
    outer loop
      vertex 3.50138 2.29528 11.0891
      vertex 3.43932 2.30427 10.9931
      vertex 3.46473 2.35642 11.0217
    endloop
  endfacet
  facet normal 0.594696 -0.589389 -0.54677
    outer loop
      vertex 3.34032 1.96463 11.065
      vertex 3.31892 1.92068 11.0891
      vertex 3.27359 1.964 10.9931
    endloop
  endfacet
  facet normal -0.293957 -0.901122 -0.3187
    outer loop
      vertex 2.68347 1.70601 11.1685
      vertex 2.57706 1.70967 11.2563
      vertex 2.59084 1.73796 11.1636
    endloop
  endfacet
  facet normal -0.147308 -0.892041 -0.427275
    outer loop
      vertex 2.77893 1.6856 11.1782
      vertex 2.68347 1.70601 11.1685
      vertex 2.7021 1.74427 11.0822
    endloop
  endfacet
  facet normal 0.53507 -0.513859 -0.670559
    outer loop
      vertex 3.23362 2.02782 10.9123
      vertex 3.30041 2.01907 10.9723
      vertex 3.27359 1.964 10.9931
    endloop
  endfacet
  facet normal 0.532375 -0.519468 -0.668378
    outer loop
      vertex 3.30041 2.01907 10.9723
      vertex 3.23362 2.02782 10.9123
      vertex 3.23574 2.03218 10.9106
    endloop
  endfacet
  facet normal 0.535348 -0.513628 -0.670514
    outer loop
      vertex 3.27359 1.964 10.9931
      vertex 3.20545 1.97 10.9341
      vertex 3.23362 2.02782 10.9123
    endloop
  endfacet
  facet normal 0.574616 -0.433571 0.694141
    outer loop
      vertex 3.26186 2.09834 12.0091
      vertex 3.23018 2.0333 11.9947
      vertex 3.32819 2.0761 11.9403
    endloop
  endfacet
  facet normal 0.478842 -0.405383 0.778701
    outer loop
      vertex 3.18847 2.12541 12.0683
      vertex 3.15344 2.05349 12.0524
      vertex 3.23018 2.0333 11.9947
    endloop
  endfacet
  facet normal 0.827412 0.558732 0.0566483
    outer loop
      vertex 3.43977 2.83536 11.5378
      vertex 3.49719 2.75923 11.45
      vertex 3.44229 2.84053 11.45
    endloop
  endfacet
  facet normal 0.611559 0.665927 0.427244
    outer loop
      vertex 3.27865 2.92795 11.7315
      vertex 3.26001 2.8897 11.8178
      vertex 3.35357 2.86537 11.7218
    endloop
  endfacet
  facet normal 0.965367 0.171952 -0.196214
    outer loop
      vertex 3.56562 2.56356 11.322
      vertex 3.57872 2.45407 11.2905
      vertex 3.55651 2.54487 11.2608
    endloop
  endfacet
  facet normal 0.764423 0.429141 -0.481139
    outer loop
      vertex 3.43849 2.65034 11.073
      vertex 3.38142 2.71556 11.0405
      vertex 3.40282 2.75951 11.1137
    endloop
  endfacet
  facet normal 0.765269 0.4317 -0.477491
    outer loop
      vertex 3.38142 2.71556 11.0405
      vertex 3.43849 2.65034 11.073
      vertex 3.43273 2.65314 11.0663
    endloop
  endfacet
  facet normal 0.956569 -0.145269 0.25273
    outer loop
      vertex 3.55696 2.29737 11.6846
      vertex 3.56265 2.22332 11.6205
      vertex 3.57175 2.24201 11.5968
    endloop
  endfacet
  facet normal 0.594616 -0.589471 0.546769
    outer loop
      vertex 3.27359 1.964 11.9069
      vertex 3.24818 1.91184 11.8783
      vertex 3.31892 1.92068 11.8109
    endloop
  endfacet
  facet normal 0.820966 0.545369 -0.169079
    outer loop
      vertex 3.49485 2.75443 11.3686
      vertex 3.48788 2.74012 11.2886
      vertex 3.43977 2.83536 11.3622
    endloop
  endfacet
  facet normal -0.807216 -0.0450336 0.588536
    outer loop
      vertex 2.2343 2.40568 11.8783
      vertex 2.21075 2.35733 11.8423
      vertex 2.28148 2.34412 11.9383
    endloop
  endfacet
  facet normal -0.655309 0.267956 0.706236
    outer loop
      vertex 2.31431 2.56994 11.9403
      vertex 2.37271 2.53143 12.0091
      vertex 2.40494 2.5976 12.0139
    endloop
  endfacet
  facet normal -0.658688 0.0361632 0.751546
    outer loop
      vertex 2.34103 2.46639 11.9947
      vertex 2.37041 2.34897 12.0261
      vertex 2.40423 2.41841 12.0524
    endloop
  endfacet
  facet normal -0.658934 -0.214043 0.721104
    outer loop
      vertex 2.33837 2.2832 11.9901
      vertex 2.37198 2.15817 11.9837
      vertex 2.40402 2.22394 12.0325
    endloop
  endfacet
  facet normal -0.792386 0.350073 -0.499574
    outer loop
      vertex 2.28888 2.65412 11.0333
      vertex 2.22582 2.63668 11.1211
      vertex 2.24478 2.6756 11.1183
    endloop
  endfacet
  facet normal -0.707838 0.523593 -0.474147
    outer loop
      vertex 2.3361 2.75108 11.0475
      vertex 2.28237 2.75279 11.1296
      vertex 2.3587 2.79748 11.065
    endloop
  endfacet
  facet normal -0.884632 0.292741 -0.362945
    outer loop
      vertex 2.20718 2.59842 11.1296
      vertex 2.17063 2.6091 11.2273
      vertex 2.1837 2.63595 11.2171
    endloop
  endfacet
  facet normal -0.90445 0.348519 -0.245979
    outer loop
      vertex 2.17162 2.66912 11.3087
      vertex 2.17063 2.6091 11.2273
      vertex 2.16368 2.65282 11.3148
    endloop
  endfacet
  facet normal -0.756021 0.556989 -0.343795
    outer loop
      vertex 2.30037 2.78973 11.1435
      vertex 2.26381 2.80041 11.2412
      vertex 2.31741 2.82471 11.1627
    endloop
  endfacet
  facet normal -0.861143 0.437393 -0.259076
    outer loop
      vertex 2.22481 2.72033 11.211
      vertex 2.1882 2.70316 11.3037
      vertex 2.19656 2.72033 11.3049
    endloop
  endfacet
  facet normal -0.956482 0.145451 0.252956
    outer loop
      vertex 2.12727 2.5201 11.5968
      vertex 2.14207 2.46473 11.6846
      vertex 2.13638 2.53879 11.6205
    endloop
  endfacet
  facet normal -0.841503 0.381644 0.382388
    outer loop
      vertex 2.19725 2.66376 11.689
      vertex 2.22582 2.63668 11.7789
      vertex 2.21103 2.69204 11.6911
    endloop
  endfacet
  facet normal -0.905084 0.347437 -0.245174
    outer loop
      vertex 2.1837 2.63595 11.2171
      vertex 2.17063 2.6091 11.2273
      vertex 2.17162 2.66912 11.3087
    endloop
  endfacet
  facet normal -0.719644 0.631654 -0.288315
    outer loop
      vertex 2.33321 2.85715 11.1868
      vertex 2.27529 2.82398 11.2587
      vertex 2.28567 2.8453 11.2795
    endloop
  endfacet
  facet normal -0.830732 0.104692 0.54674
    outer loop
      vertex 2.21905 2.51077 11.835
      vertex 2.19765 2.46682 11.8109
      vertex 2.2597 2.45784 11.9069
    endloop
  endfacet
  facet normal -0.626883 0.523383 0.577137
    outer loop
      vertex 2.42544 2.7981 11.9069
      vertex 2.3361 2.75108 11.8525
      vertex 2.39862 2.74304 11.9277
    endloop
  endfacet
  facet normal -0.491095 0.802452 0.338963
    outer loop
      vertex 2.5301 3.01299 11.6973
      vertex 2.44689 2.97854 11.6583
      vertex 2.51437 2.98068 11.751
    endloop
  endfacet
  facet normal -0.330946 0.93347 0.138232
    outer loop
      vertex 2.64974 3.1002 11.5236
      vertex 2.55174 3.0574 11.578
      vertex 2.64344 3.08726 11.5959
    endloop
  endfacet
  facet normal -0.740325 -0.647619 -0.180301
    outer loop
      vertex 2.26678 1.94218 11.2759
      vertex 2.33238 1.86989 11.2662
      vertex 2.25926 1.92675 11.3622
    endloop
  endfacet
  facet normal -0.820906 -0.545466 -0.169058
    outer loop
      vertex 2.26678 1.94218 11.2759
      vertex 2.25926 1.92675 11.3622
      vertex 2.21114 2.02198 11.2886
    endloop
  endfacet
  facet normal -0.8935 -0.446056 0.0518787
    outer loop
      vertex 2.16013 2.09499 11.5236
      vertex 2.20184 2.00288 11.45
      vertex 2.20417 2.00768 11.5314
    endloop
  endfacet
  facet normal -0.820926 -0.545447 -0.169022
    outer loop
      vertex 2.21114 2.02198 11.2886
      vertex 2.25926 1.92675 11.3622
      vertex 2.20417 2.00768 11.3686
    endloop
  endfacet
  facet normal -0.91318 -0.261422 0.312667
    outer loop
      vertex 2.14251 2.21724 11.6392
      vertex 2.17681 2.12924 11.6658
      vertex 2.15504 2.24296 11.6973
    endloop
  endfacet
  facet normal -0.922713 0.0819405 0.376679
    outer loop
      vertex 2.14207 2.46473 11.6846
      vertex 2.15986 2.38924 11.7446
      vertex 2.15635 2.49406 11.7132
    endloop
  endfacet
  facet normal -0.952188 -0.144357 0.269256
    outer loop
      vertex 2.13086 2.32971 11.6583
      vertex 2.14251 2.21724 11.6392
      vertex 2.15504 2.24296 11.6973
    endloop
  endfacet
  facet normal -0.91306 -0.0648747 0.402632
    outer loop
      vertex 2.14412 2.35693 11.7037
      vertex 2.17078 2.27527 11.751
      vertex 2.15986 2.38924 11.7446
    endloop
  endfacet
  facet normal -0.989324 0.0779392 0.123137
    outer loop
      vertex 2.10906 2.48269 11.5124
      vertex 2.11058 2.40008 11.5769
      vertex 2.1135 2.49181 11.5423
    endloop
  endfacet
  facet normal -0.975829 0.202048 -0.0832775
    outer loop
      vertex 2.1135 2.49181 11.3577
      vertex 2.10906 2.48269 11.3876
      vertex 2.12631 2.5761 11.4121
    endloop
  endfacet
  facet normal -0.875229 0.179834 -0.449036
    outer loop
      vertex 2.18919 2.56148 11.1435
      vertex 2.19765 2.46682 11.0891
      vertex 2.17215 2.52649 11.1627
    endloop
  endfacet
  facet normal -0.996995 -0.0702159 -0.0327335
    outer loop
      vertex 2.10798 2.28273 11.3956
      vertex 2.10642 2.27952 11.45
      vertex 2.10077 2.37993 11.4067
    endloop
  endfacet
  facet normal -0.168492 -0.935564 -0.310372
    outer loop
      vertex 2.77893 1.6856 11.1782
      vertex 2.76586 1.65876 11.2662
      vertex 2.68347 1.70601 11.1685
    endloop
  endfacet
  facet normal -0.789152 -0.479974 -0.383228
    outer loop
      vertex 2.2962 2.00259 11.1137
      vertex 2.27916 1.96761 11.1926
      vertex 2.22262 2.04556 11.2114
    endloop
  endfacet
  facet normal -0.765144 -0.427771 -0.481213
    outer loop
      vertex 2.26054 2.11177 11.073
      vertex 2.23842 2.07799 11.1382
      vertex 2.25596 2.114 11.0783
    endloop
  endfacet
  facet normal -0.764166 -0.42911 -0.481575
    outer loop
      vertex 2.23842 2.07799 11.1382
      vertex 2.26054 2.11177 11.073
      vertex 2.2962 2.00259 11.1137
    endloop
  endfacet
  facet normal -0.584163 -0.60885 -0.536707
    outer loop
      vertex 2.46242 1.92047 11.0022
      vertex 2.43901 1.87241 11.0822
      vertex 2.38605 1.98008 11.0177
    endloop
  endfacet
  facet normal -0.528224 -0.787014 0.318731
    outer loop
      vertex 2.40683 1.80635 11.6404
      vertex 2.48886 1.75263 11.6437
      vertex 2.42038 1.83415 11.7315
    endloop
  endfacet
  facet normal -0.316146 -0.946495 -0.0647975
    outer loop
      vertex 2.6617 1.66132 11.354
      vertex 2.56589 1.68675 11.45
      vertex 2.5687 1.6925 11.3523
    endloop
  endfacet
  facet normal -0.974478 -0.190427 0.118871
    outer loop
      vertex 2.10798 2.28273 11.5044
      vertex 2.12788 2.1872 11.5145
      vertex 2.13341 2.19854 11.578
    endloop
  endfacet
  facet normal -0.827404 -0.558743 -0.0566488
    outer loop
      vertex 2.25926 1.92675 11.3622
      vertex 2.25674 1.92158 11.45
      vertex 2.20417 2.00768 11.3686
    endloop
  endfacet
  facet normal -0.542973 -0.817167 -0.193438
    outer loop
      vertex 2.48886 1.75263 11.2563
      vertex 2.4805 1.73546 11.3523
      vertex 2.39861 1.78947 11.354
    endloop
  endfacet
  facet normal -0.647156 -0.738701 -0.188442
    outer loop
      vertex 2.40683 1.80635 11.2596
      vertex 2.39861 1.78947 11.354
      vertex 2.33238 1.86989 11.2662
    endloop
  endfacet
  facet normal -0.610382 -0.380027 0.694992
    outer loop
      vertex 2.34301 2.0987 11.9256
      vertex 2.41287 2.03514 11.9522
      vertex 2.44346 2.09793 12.0134
    endloop
  endfacet
  facet normal -0.12388 -0.551942 0.824629
    outer loop
      vertex 2.72975 2.02316 12.0981
      vertex 2.78497 1.9144 12.0336
      vertex 2.82 1.98632 12.087
    endloop
  endfacet
  facet normal 0.569054 -0.219751 0.792393
    outer loop
      vertex 3.22412 2.19859 12.0736
      vertex 3.29409 2.16451 12.0139
      vertex 3.25976 2.27177 12.0683
    endloop
  endfacet
  facet normal -0.26482 0.329276 0.906337
    outer loop
      vertex 2.62753 2.68283 12.0997
      vertex 2.67337 2.56996 12.1541
      vertex 2.71327 2.65187 12.136
    endloop
  endfacet
  facet normal -0.523869 0.312689 0.79233
    outer loop
      vertex 2.43717 2.66376 12.0091
      vertex 2.40494 2.5976 12.0139
      vertex 2.51055 2.63669 12.0683
    endloop
  endfacet
  facet normal -0.789199 -0.480057 0.383027
    outer loop
      vertex 2.22262 2.04556 11.6886
      vertex 2.27916 1.96761 11.7074
      vertex 2.23842 2.07799 11.7618
    endloop
  endfacet
  facet normal -0.858318 -0.374228 0.351061
    outer loop
      vertex 2.17681 2.12924 11.6658
      vertex 2.22262 2.04556 11.6886
      vertex 2.23842 2.07799 11.7618
    endloop
  endfacet
  facet normal -0.443466 -0.612929 0.653955
    outer loop
      vertex 2.46242 1.92047 11.8978
      vertex 2.54542 1.86874 11.9056
      vertex 2.4902 1.97751 11.9701
    endloop
  endfacet
  facet normal -0.55043 -0.539519 0.637139
    outer loop
      vertex 2.38605 1.98008 11.8823
      vertex 2.46242 1.92047 11.8978
      vertex 2.4902 1.97751 11.9701
    endloop
  endfacet
  facet normal -0.835456 -0.327443 0.441355
    outer loop
      vertex 2.20904 2.19541 11.7933
      vertex 2.23842 2.07799 11.7618
      vertex 2.25827 2.11873 11.8296
    endloop
  endfacet
  facet normal -0.764259 -0.429278 0.481278
    outer loop
      vertex 2.23842 2.07799 11.7618
      vertex 2.2962 2.00259 11.7863
      vertex 2.31761 2.04654 11.8595
    endloop
  endfacet
  facet normal -0.574611 0.432948 -0.694534
    outer loop
      vertex 2.43192 2.66552 10.8964
      vertex 2.37084 2.686 10.9597
      vertex 2.46109 2.72541 10.9096
    endloop
  endfacet
  facet normal -0.719697 0.631577 -0.288352
    outer loop
      vertex 2.33321 2.85715 11.1868
      vertex 2.28567 2.8453 11.2795
      vertex 2.34749 2.88648 11.2154
    endloop
  endfacet
  facet normal -0.662794 0.748381 -0.0251123
    outer loop
      vertex 2.38879 2.97127 11.4067
      vertex 2.31659 2.90878 11.45
      vertex 2.39004 2.97383 11.45
    endloop
  endfacet
  facet normal -0.401984 0.787902 -0.466498
    outer loop
      vertex 2.57438 2.95801 11.059
      vertex 2.51437 2.98068 11.149
      vertex 2.59399 2.99827 11.1101
    endloop
  endfacet
  facet normal -0.500331 0.58496 -0.63835
    outer loop
      vertex 2.52025 2.84688 10.9642
      vertex 2.45084 2.85026 11.0217
      vertex 2.52226 2.851 10.9664
    endloop
  endfacet
  facet normal -0.497535 0.590629 -0.635308
    outer loop
      vertex 2.45084 2.85026 11.0217
      vertex 2.52025 2.84688 10.9642
      vertex 2.42544 2.7981 10.9931
    endloop
  endfacet
  facet normal -0.656473 0.629046 -0.416348
    outer loop
      vertex 2.38011 2.84143 11.0891
      vertex 2.31741 2.82471 11.1627
      vertex 2.33321 2.85715 11.1868
    endloop
  endfacet
  facet normal 0.209039 0.727288 0.653724
    outer loop
      vertex 3.06541 2.93632 11.9056
      vertex 2.94574 2.91274 11.9701
      vertex 3.03714 2.87829 11.9792
    endloop
  endfacet
  facet normal 0.928526 0.293396 0.227505
    outer loop
      vertex 3.52221 2.63286 11.6658
      vertex 3.56562 2.56356 11.578
      vertex 3.5326 2.65418 11.5959
    endloop
  endfacet
  facet normal 0.567464 0.294181 0.769053
    outer loop
      vertex 3.25557 2.66417 12.0134
      vertex 3.29501 2.53816 12.0325
      vertex 3.32705 2.60393 11.9837
    endloop
  endfacet
  facet normal -0.217482 0.942182 0.254942
    outer loop
      vertex 2.64344 3.08726 11.5959
      vertex 2.63306 3.06595 11.6658
      vertex 2.73868 3.10505 11.6114
    endloop
  endfacet
  facet normal 0.140901 0.289248 0.946828
    outer loop
      vertex 2.93083 2.66001 12.1414
      vertex 2.97843 2.53371 12.1729
      vertex 3.01902 2.61705 12.1414
    endloop
  endfacet
  facet normal 0.140882 0.289242 0.946832
    outer loop
      vertex 2.97843 2.53371 12.1729
      vertex 2.93083 2.66001 12.1414
      vertex 2.89023 2.57667 12.1729
    endloop
  endfacet
  facet normal -0.118218 0.62818 0.769035
    outer loop
      vertex 2.7306 2.89445 11.9837
      vertex 2.69857 2.82868 12.0325
      vertex 2.8221 2.87531 12.0134
    endloop
  endfacet
  facet normal -0.0757813 0.715454 0.694538
    outer loop
      vertex 2.75957 2.95392 11.9256
      vertex 2.7306 2.89445 11.9837
      vertex 2.8221 2.87531 12.0134
    endloop
  endfacet
  facet normal -0.197902 0.732627 0.651224
    outer loop
      vertex 2.668 2.95994 11.891
      vertex 2.7306 2.89445 11.9837
      vertex 2.75957 2.95392 11.9256
    endloop
  endfacet
  facet normal -0.393013 0.582553 0.711458
    outer loop
      vertex 2.5284 2.85107 11.9383
      vertex 2.49943 2.79159 11.971
      vertex 2.61144 2.84383 11.9901
    endloop
  endfacet
  facet normal 0.511574 0.459612 0.725981
    outer loop
      vertex 3.17714 2.71956 12.0336
      vertex 3.25557 2.66417 12.0134
      vertex 3.20882 2.7846 11.9701
    endloop
  endfacet
  facet normal 0.419752 0.271136 0.866195
    outer loop
      vertex 3.10432 2.57005 12.1296
      vertex 3.18526 2.51982 12.1061
      vertex 3.14211 2.64764 12.087
    endloop
  endfacet
  facet normal -0.285567 0.802655 0.523637
    outer loop
      vertex 2.60083 2.99978 11.7933
      vertex 2.57953 2.95606 11.8487
      vertex 2.668 2.95994 11.891
    endloop
  endfacet
  facet normal -0.512072 0.759374 0.401414
    outer loop
      vertex 2.51437 2.98068 11.751
      vertex 2.4179 2.91901 11.7446
      vertex 2.49569 2.94234 11.7997
    endloop
  endfacet
  facet normal -0.0894922 0.956226 0.278608
    outer loop
      vertex 2.83581 3.11044 11.6241
      vertex 2.73868 3.10505 11.6114
      vertex 2.82342 3.08501 11.7074
    endloop
  endfacet
  facet normal 0.0535373 0.982155 0.18029
    outer loop
      vertex 2.94111 3.11964 11.5427
      vertex 2.84332 3.12587 11.5378
      vertex 2.93317 3.10335 11.6338
    endloop
  endfacet
  facet normal 0.168364 0.935553 0.310475
    outer loop
      vertex 2.93317 3.10335 11.6338
      vertex 2.92009 3.0765 11.7218
      vertex 3.01556 3.0561 11.7315
    endloop
  endfacet
  facet normal -0.205716 0.966257 0.155012
    outer loop
      vertex 2.64974 3.1002 11.5236
      vertex 2.64344 3.08726 11.5959
      vertex 2.73868 3.10505 11.6114
    endloop
  endfacet
  facet normal -0.00658284 0.858219 -0.513241
    outer loop
      vertex 2.8795 2.99317 11.0177
      vertex 2.78497 3.00608 11.0405
      vertex 2.80638 3.05002 11.1137
    endloop
  endfacet
  facet normal -0.134824 0.867667 -0.478516
    outer loop
      vertex 2.80638 3.05002 11.1137
      vertex 2.70419 3.008 11.0663
      vertex 2.69843 3.0108 11.073
    endloop
  endfacet
  facet normal -0.133089 0.866458 -0.481184
    outer loop
      vertex 2.70419 3.008 11.0663
      vertex 2.80638 3.05002 11.1137
      vertex 2.78497 3.00608 11.0405
    endloop
  endfacet
  facet normal -0.257428 0.859599 -0.441384
    outer loop
      vertex 2.7114 3.04904 11.1382
      vertex 2.69386 3.01303 11.0783
      vertex 2.63967 3.03942 11.1613
    endloop
  endfacet
  facet normal -0.217482 0.942182 -0.254942
    outer loop
      vertex 2.73868 3.10505 11.2886
      vertex 2.63306 3.06595 11.2342
      vertex 2.64344 3.08726 11.3041
    endloop
  endfacet
  facet normal -0.616305 0.346973 -0.70695
    outer loop
      vertex 2.42968 2.66093 10.8961
      vertex 2.37084 2.686 10.9597
      vertex 2.43192 2.66552 10.8964
    endloop
  endfacet
  facet normal -0.614545 0.350533 -0.706725
    outer loop
      vertex 2.37084 2.686 10.9597
      vertex 2.42968 2.66093 10.8961
      vertex 2.34257 2.62797 10.9555
    endloop
  endfacet
  facet normal -0.0481779 -0.686054 -0.725953
    outer loop
      vertex 2.78165 1.85795 10.9199
      vertex 2.75329 1.84936 10.9299
      vertex 2.76211 1.86747 10.9122
    endloop
  endfacet
  facet normal -0.839275 -0.110689 -0.53232
    outer loop
      vertex 2.24946 2.29094 11.0104
      vertex 2.2271 2.24503 11.0552
      vertex 2.18945 2.31361 11.1003
    endloop
  endfacet
  facet normal -0.550091 -0.540368 -0.636711
    outer loop
      vertex 2.4902 1.97751 10.9299
      vertex 2.38605 1.98008 11.0177
      vertex 2.41287 2.03514 10.9478
    endloop
  endfacet
  facet normal 0.085515 0.765973 -0.63716
    outer loop
      vertex 2.97352 2.96978 11.0022
      vertex 2.94574 2.91274 10.9299
      vertex 2.8795 2.99317 11.0177
    endloop
  endfacet
  facet normal 0.679981 0.523309 -0.513589
    outer loop
      vertex 3.40282 2.75951 11.1137
      vertex 3.31298 2.78203 11.0177
      vertex 3.33558 2.82843 11.0949
    endloop
  endfacet
  facet normal 0.839275 0.110689 -0.53232
    outer loop
      vertex 3.50957 2.4485 11.1003
      vertex 3.44956 2.47117 11.0104
      vertex 3.47192 2.51708 11.0552
    endloop
  endfacet
  facet normal 0.789055 0.480251 -0.383082
    outer loop
      vertex 3.4764 2.71655 11.2114
      vertex 3.4606 2.68412 11.1382
      vertex 3.40282 2.75951 11.1137
    endloop
  endfacet
  facet normal 0.892644 0.219532 -0.39369
    outer loop
      vertex 3.50954 2.5943 11.1665
      vertex 3.52825 2.48684 11.149
      vertex 3.49301 2.56037 11.1101
    endloop
  endfacet
  facet normal 0.506487 0.742443 -0.438463
    outer loop
      vertex 3.27865 2.92795 11.1685
      vertex 3.26001 2.8897 11.0822
      vertex 3.19638 2.98118 11.1636
    endloop
  endfacet
  facet normal 0.528152 0.78705 -0.31876
    outer loop
      vertex 3.29219 2.95576 11.2596
      vertex 3.27865 2.92795 11.1685
      vertex 3.21016 3.00947 11.2563
    endloop
  endfacet
  facet normal 0.364097 0.747518 -0.555563
    outer loop
      vertex 3.15361 2.89336 10.9944
      vertex 3.08922 2.98522 11.0758
      vertex 3.17742 2.94226 11.0758
    endloop
  endfacet
  facet normal 0.364097 0.747518 -0.555563
    outer loop
      vertex 3.08922 2.98522 11.0758
      vertex 3.15361 2.89336 10.9944
      vertex 3.06541 2.93632 10.9944
    endloop
  endfacet
  facet normal 0.403816 0.530859 -0.745065
    outer loop
      vertex 3.17272 2.77978 10.9069
      vertex 3.12534 2.83533 10.9208
      vertex 3.20882 2.7846 10.9299
    endloop
  endfacet
  facet normal 0.403503 0.530668 -0.745371
    outer loop
      vertex 3.12534 2.83533 10.9208
      vertex 3.17272 2.77978 10.9069
      vertex 3.11256 2.80909 10.8952
    endloop
  endfacet
  facet normal 0.478067 0.684138 -0.550824
    outer loop
      vertex 3.26001 2.8897 11.0822
      vertex 3.15361 2.89336 10.9944
      vertex 3.17742 2.94226 11.0758
    endloop
  endfacet
  facet normal 0.506468 0.742445 -0.438481
    outer loop
      vertex 3.19638 2.98118 11.1636
      vertex 3.26001 2.8897 11.0822
      vertex 3.17742 2.94226 11.0758
    endloop
  endfacet
  facet normal 0.647899 0.457441 -0.609076
    outer loop
      vertex 3.34407 2.69632 10.9864
      vertex 3.28615 2.72696 10.9478
      vertex 3.31298 2.78203 11.0177
    endloop
  endfacet
  facet normal 0.647864 0.455417 -0.610629
    outer loop
      vertex 3.28615 2.72696 10.9478
      vertex 3.34407 2.69632 10.9864
      vertex 3.2919 2.72173 10.95
    endloop
  endfacet
  facet normal 0.436956 0.897101 -0.0654123
    outer loop
      vertex 3.21853 3.02664 11.3523
      vertex 3.13313 3.07536 11.45
      vertex 3.22133 3.0324 11.45
    endloop
  endfacet
  facet normal 0.436956 0.897101 -0.0654123
    outer loop
      vertex 3.13313 3.07536 11.45
      vertex 3.21853 3.02664 11.3523
      vertex 3.13033 3.0696 11.3523
    endloop
  endfacet
  facet normal 0.647114 0.738724 -0.188495
    outer loop
      vertex 3.37458 2.90851 11.3573
      vertex 3.36664 2.89222 11.2662
      vertex 3.30041 2.97264 11.354
    endloop
  endfacet
  facet normal 0.654355 0.753545 -0.063162
    outer loop
      vertex 3.30317 2.97829 11.45
      vertex 3.37724 2.91397 11.45
      vertex 3.30041 2.97264 11.354
    endloop
  endfacet
  facet normal 0.647156 0.738701 0.188442
    outer loop
      vertex 3.29219 2.95576 11.6404
      vertex 3.36664 2.89222 11.6338
      vertex 3.30041 2.97264 11.546
    endloop
  endfacet
  facet normal 0.294072 0.901082 0.318705
    outer loop
      vertex 3.12196 3.05243 11.6437
      vertex 3.01556 3.0561 11.7315
      vertex 3.10818 3.02414 11.7364
    endloop
  endfacet
  facet normal 0.654355 0.753545 0.063162
    outer loop
      vertex 3.30041 2.97264 11.546
      vertex 3.37724 2.91397 11.45
      vertex 3.30317 2.97829 11.45
    endloop
  endfacet
  facet normal 0.436956 0.897101 0.0654123
    outer loop
      vertex 3.13313 3.07536 11.45
      vertex 3.21853 3.02664 11.5477
      vertex 3.22133 3.0324 11.45
    endloop
  endfacet
  facet normal 0.436956 0.897101 0.0654123
    outer loop
      vertex 3.21853 3.02664 11.5477
      vertex 3.13313 3.07536 11.45
      vertex 3.13033 3.0696 11.5477
    endloop
  endfacet
  facet normal 0.199629 -0.978499 -0.0518435
    outer loop
      vertex 3.04717 1.65757 11.45
      vertex 2.95105 1.63796 11.45
      vertex 3.04928 1.6619 11.3764
    endloop
  endfacet
  facet normal -0.243824 -0.79824 0.550784
    outer loop
      vertex 2.63362 1.82578 11.9056
      vertex 2.6098 1.77689 11.8242
      vertex 2.72551 1.79233 11.8978
    endloop
  endfacet
  facet normal -0.368159 -0.166463 0.91474
    outer loop
      vertex 2.55229 2.32137 12.136
      vertex 2.51376 2.24228 12.1061
      vertex 2.6346 2.27396 12.1605
    endloop
  endfacet
  facet normal -0.0464669 -0.686151 0.725974
    outer loop
      vertex 2.78497 1.9144 12.0336
      vertex 2.75329 1.84936 11.9701
      vertex 2.87693 1.8868 12.0134
    endloop
  endfacet
  facet normal 0.264105 -0.329609 0.906425
    outer loop
      vertex 3.02566 2.19215 12.1541
      vertex 3.0715 2.07928 12.0997
      vertex 3.10929 2.15686 12.1169
    endloop
  endfacet
  facet normal 0.377437 -0.838593 0.392814
    outer loop
      vertex 3.0982 1.76233 11.7933
      vertex 3.08025 1.72549 11.7319
      vertex 3.18466 1.78143 11.751
    endloop
  endfacet
  facet normal -0.0398659 -0.953994 0.297162
    outer loop
      vertex 2.8756 1.6771 11.7074
      vertex 2.76586 1.65876 11.6338
      vertex 2.86322 1.65167 11.6241
    endloop
  endfacet
  facet normal -0.046934 -0.685397 0.726656
    outer loop
      vertex 2.87693 1.8868 12.0134
      vertex 2.75329 1.84936 11.9701
      vertex 2.84635 1.82401 11.9522
    endloop
  endfacet
  facet normal 0.356817 -0.880034 0.313404
    outer loop
      vertex 3.08025 1.72549 11.7319
      vertex 3.06597 1.69616 11.6658
      vertex 3.16892 1.74912 11.6973
    endloop
  endfacet
  facet normal 0.497684 -0.59134 0.634529
    outer loop
      vertex 3.1996 1.97051 11.971
      vertex 3.17063 1.91104 11.9383
      vertex 3.27359 1.964 11.9069
    endloop
  endfacet
  facet normal -0.272233 -0.856513 0.438492
    outer loop
      vertex 2.7021 1.74427 11.8178
      vertex 2.59084 1.73796 11.7364
      vertex 2.68347 1.70601 11.7315
    endloop
  endfacet
  facet normal -0.308694 -0.931282 -0.193446
    outer loop
      vertex 2.6617 1.66132 11.354
      vertex 2.5687 1.6925 11.3523
      vertex 2.57706 1.70967 11.2563
    endloop
  endfacet
  facet normal -0.119275 -0.835178 0.53689
    outer loop
      vertex 2.72551 1.79233 11.8978
      vertex 2.79692 1.72254 11.8051
      vertex 2.81952 1.76894 11.8823
    endloop
  endfacet
  facet normal 0.257569 -0.859929 0.440659
    outer loop
      vertex 3.0982 1.76233 11.7933
      vertex 2.98763 1.71307 11.7618
      vertex 3.08025 1.72549 11.7319
    endloop
  endfacet
  facet normal -0.364107 -0.747538 0.55553
    outer loop
      vertex 2.6098 1.77689 11.8242
      vertex 2.54542 1.86874 11.9056
      vertex 2.5216 1.81985 11.8242
    endloop
  endfacet
  facet normal -0.364107 -0.747538 0.55553
    outer loop
      vertex 2.54542 1.86874 11.9056
      vertex 2.6098 1.77689 11.8242
      vertex 2.63362 1.82578 11.9056
    endloop
  endfacet
  facet normal 0.662787 -0.748387 -0.0250931
    outer loop
      vertex 3.38243 1.85332 11.45
      vertex 3.30899 1.78828 11.45
      vertex 3.31023 1.79083 11.4067
    endloop
  endfacet
  facet normal -0.308734 -0.931277 0.193408
    outer loop
      vertex 2.57706 1.70967 11.6437
      vertex 2.6617 1.66132 11.546
      vertex 2.66992 1.6782 11.6404
    endloop
  endfacet
  facet normal 0.93459 0.10802 -0.338931
    outer loop
      vertex 3.54399 2.51915 11.2027
      vertex 3.56816 2.4324 11.2417
      vertex 3.52825 2.48684 11.149
    endloop
  endfacet
  facet normal 0.974484 0.190252 -0.119099
    outer loop
      vertex 3.59105 2.47938 11.3956
      vertex 3.58639 2.46982 11.3422
      vertex 3.56562 2.56356 11.322
    endloop
  endfacet
  facet normal 0.952066 0.143912 -0.269926
    outer loop
      vertex 3.57872 2.45407 11.2905
      vertex 3.56816 2.4324 11.2417
      vertex 3.54399 2.51915 11.2027
    endloop
  endfacet
  facet normal 0.804943 0.0397916 -0.592016
    outer loop
      vertex 3.48828 2.40477 11.0577
      vertex 3.44601 2.46388 11.0042
      vertex 3.44788 2.46771 11.007
    endloop
  endfacet
  facet normal 0.807358 0.0448306 -0.588357
    outer loop
      vertex 3.44601 2.46388 11.0042
      vertex 3.48828 2.40477 11.0577
      vertex 3.46473 2.35642 11.0217
    endloop
  endfacet
  facet normal 0.564135 -0.651821 -0.506835
    outer loop
      vertex 3.29907 1.87994 11.1194
      vertex 3.22463 1.86349 11.0577
      vertex 3.31892 1.92068 11.0891
    endloop
  endfacet
  facet normal 0.764701 -0.240699 -0.597743
    outer loop
      vertex 3.45737 2.20493 11.0475
      vertex 3.43396 2.15688 11.0369
      vertex 3.38472 2.19216 10.9597
    endloop
  endfacet
  facet normal 0.681235 -0.578033 -0.449217
    outer loop
      vertex 3.39866 1.97238 11.1435
      vertex 3.31892 1.92068 11.0891
      vertex 3.34032 1.96463 11.065
    endloop
  endfacet
  facet normal 0.594616 -0.589471 -0.546769
    outer loop
      vertex 3.31892 1.92068 11.0891
      vertex 3.24818 1.91184 11.0217
      vertex 3.27359 1.964 10.9931
    endloop
  endfacet
  facet normal 0.235162 -0.90635 -0.35104
    outer loop
      vertex 3.06597 1.69616 11.2342
      vertex 3.05936 1.72268 11.1613
      vertex 3.07514 1.715 11.1917
    endloop
  endfacet
  facet normal 0.234501 -0.90652 -0.351042
    outer loop
      vertex 3.05936 1.72268 11.1613
      vertex 3.06597 1.69616 11.2342
      vertex 2.98763 1.71307 11.1382
    endloop
  endfacet
  facet normal 0.357108 -0.880171 0.312685
    outer loop
      vertex 3.16892 1.74912 11.6973
      vertex 3.06597 1.69616 11.6658
      vertex 3.1564 1.7234 11.6392
    endloop
  endfacet
  facet normal -0.0398659 -0.953994 -0.297162
    outer loop
      vertex 2.86322 1.65167 11.2759
      vertex 2.76586 1.65876 11.2662
      vertex 2.8756 1.6771 11.1926
    endloop
  endfacet
  facet normal 0.00660889 -0.858171 -0.513321
    outer loop
      vertex 2.91405 1.75603 11.0405
      vertex 2.89264 1.71208 11.1137
      vertex 2.81952 1.76894 11.0177
    endloop
  endfacet
  facet normal 0.497496 -0.590691 -0.635281
    outer loop
      vertex 3.24818 1.91184 11.0217
      vertex 3.17878 1.91523 10.9642
      vertex 3.27359 1.964 10.9931
    endloop
  endfacet
  facet normal 0.500779 -0.584029 -0.638851
    outer loop
      vertex 3.17878 1.91523 10.9642
      vertex 3.24818 1.91184 11.0217
      vertex 3.17677 1.9111 10.9664
    endloop
  endfacet
  facet normal 0.734688 -0.10482 0.670258
    outer loop
      vertex 3.38858 2.35851 11.971
      vertex 3.358 2.29572 11.9947
      vertex 3.43932 2.30427 11.9069
    endloop
  endfacet
  facet normal 0.574599 -0.433296 0.694327
    outer loop
      vertex 3.32819 2.0761 11.9403
      vertex 3.23018 2.0333 11.9947
      vertex 3.30041 2.01907 11.9277
    endloop
  endfacet
  facet normal 0.615003 -0.350721 0.706234
    outer loop
      vertex 3.29409 2.16451 12.0139
      vertex 3.32819 2.0761 11.9403
      vertex 3.35646 2.13413 11.9445
    endloop
  endfacet
  facet normal 0.830668 -0.104836 0.546809
    outer loop
      vertex 3.43932 2.30427 11.9069
      vertex 3.47997 2.25134 11.835
      vertex 3.50138 2.29528 11.8109
    endloop
  endfacet
  facet normal 0.700959 0.049741 0.711465
    outer loop
      vertex 3.36065 2.47891 11.9901
      vertex 3.38858 2.35851 11.971
      vertex 3.41755 2.41798 11.9383
    endloop
  endfacet
  facet normal 0.478605 -0.405541 0.778764
    outer loop
      vertex 3.18847 2.12541 12.0683
      vertex 3.23018 2.0333 11.9947
      vertex 3.26186 2.09834 12.0091
    endloop
  endfacet
  facet normal 0.368136 0.16654 0.914735
    outer loop
      vertex 3.06442 2.48814 12.1605
      vertex 3.14674 2.44074 12.136
      vertex 3.18526 2.51982 12.1061
    endloop
  endfacet
  facet normal 0.655292 -0.267947 0.706255
    outer loop
      vertex 3.32632 2.23068 12.0091
      vertex 3.29409 2.16451 12.0139
      vertex 3.38472 2.19216 11.9403
    endloop
  endfacet
  facet normal 0.740313 0.647612 0.180374
    outer loop
      vertex 3.36664 2.89222 11.6338
      vertex 3.43225 2.81992 11.6241
      vertex 3.43977 2.83536 11.5378
    endloop
  endfacet
  facet normal 0.835512 0.327408 0.441275
    outer loop
      vertex 3.44076 2.64337 11.8296
      vertex 3.48998 2.56669 11.7933
      vertex 3.4606 2.68412 11.7618
    endloop
  endfacet
  facet normal 0.528207 0.787036 0.318705
    outer loop
      vertex 3.19638 2.98118 11.7364
      vertex 3.27865 2.92795 11.7315
      vertex 3.21016 3.00947 11.6437
    endloop
  endfacet
  facet normal 0.443451 0.612938 0.653956
    outer loop
      vertex 3.15361 2.89336 11.9056
      vertex 3.20882 2.7846 11.9701
      vertex 3.2366 2.84164 11.8978
    endloop
  endfacet
  facet normal 0.913143 0.0648935 0.40244
    outer loop
      vertex 3.52825 2.48684 11.751
      vertex 3.53917 2.37287 11.7446
      vertex 3.5549 2.40517 11.7037
    endloop
  endfacet
  facet normal 0.98158 -0.190282 0.017121
    outer loop
      vertex 3.59266 2.28494 11.4815
      vertex 3.5749 2.19049 11.45
      vertex 3.59357 2.2868 11.45
    endloop
  endfacet
  facet normal 0.735577 -0.466618 0.491114
    outer loop
      vertex 3.38633 2.05909 11.8631
      vertex 3.36292 2.01103 11.8525
      vertex 3.41665 2.00932 11.7704
    endloop
  endfacet
  facet normal 0.562964 -0.820701 0.0975806
    outer loop
      vertex 3.31394 1.79844 11.5359
      vertex 3.2339 1.74614 11.5578
      vertex 3.31023 1.79083 11.4933
    endloop
  endfacet
  facet normal 0.97904 0.199735 -0.0398245
    outer loop
      vertex 3.59261 2.48258 11.45
      vertex 3.59105 2.47938 11.3956
      vertex 3.57115 2.57491 11.3855
    endloop
  endfacet
  facet normal 0.821245 -0.290831 -0.490891
    outer loop
      vertex 3.49184 2.16369 11.1296
      vertex 3.47321 2.12543 11.1211
      vertex 3.45737 2.20493 11.0475
    endloop
  endfacet
  facet normal 0.858341 0.37417 -0.351067
    outer loop
      vertex 3.51304 2.61402 11.1917
      vertex 3.4606 2.68412 11.1382
      vertex 3.52221 2.63286 11.2342
    endloop
  endfacet
  facet normal 0.858333 0.374061 -0.351202
    outer loop
      vertex 3.4606 2.68412 11.1382
      vertex 3.51304 2.61402 11.1917
      vertex 3.49725 2.62171 11.1613
    endloop
  endfacet
  facet normal 0.944328 0.325739 -0.0462362
    outer loop
      vertex 3.54101 2.67145 11.45
      vertex 3.573 2.57871 11.45
      vertex 3.5389 2.66712 11.3764
    endloop
  endfacet
  facet normal 0.726595 0.619499 -0.297121
    outer loop
      vertex 3.43225 2.81992 11.2759
      vertex 3.41986 2.7945 11.1926
      vertex 3.36664 2.89222 11.2662
    endloop
  endfacet
  facet normal 0.789141 0.479954 -0.383277
    outer loop
      vertex 3.41986 2.7945 11.1926
      vertex 3.4764 2.71655 11.2114
      vertex 3.40282 2.75951 11.1137
    endloop
  endfacet
  facet normal 0.808117 0.518961 -0.278615
    outer loop
      vertex 3.48788 2.74012 11.2886
      vertex 3.4764 2.71655 11.2114
      vertex 3.41986 2.7945 11.1926
    endloop
  endfacet
  facet normal 0.764167 0.429192 -0.481501
    outer loop
      vertex 3.4606 2.68412 11.1382
      vertex 3.43849 2.65034 11.073
      vertex 3.40282 2.75951 11.1137
    endloop
  endfacet
  facet normal 0.765919 0.426791 -0.480851
    outer loop
      vertex 3.43849 2.65034 11.073
      vertex 3.4606 2.68412 11.1382
      vertex 3.44306 2.64811 11.0783
    endloop
  endfacet
  facet normal -0.212979 0.43342 0.875664
    outer loop
      vertex 2.66401 2.75773 12.0715
      vertex 2.62753 2.68283 12.0997
      vertex 2.75179 2.73096 12.1061
    endloop
  endfacet
  facet normal -0.86115 0.0422497 0.506592
    outer loop
      vertex 2.19765 2.46682 11.8109
      vertex 2.21075 2.35733 11.8423
      vertex 2.2343 2.40568 11.8783
    endloop
  endfacet
  facet normal -0.899975 0.129019 0.416412
    outer loop
      vertex 2.15635 2.49406 11.7132
      vertex 2.19765 2.46682 11.8109
      vertex 2.17215 2.52649 11.7373
    endloop
  endfacet
  facet normal -0.909553 0.396679 0.123932
    outer loop
      vertex 2.16847 2.69189 11.4953
      vertex 2.16368 2.65282 11.5852
      vertex 2.17162 2.66912 11.5913
    endloop
  endfacet
  facet normal -0.74026 -0.130489 0.659536
    outer loop
      vertex 2.28148 2.34412 11.9383
      vertex 2.30867 2.22222 11.9447
      vertex 2.33837 2.2832 11.9901
    endloop
  endfacet
  facet normal -0.614386 0.127164 0.778691
    outer loop
      vertex 2.34103 2.46639 11.9947
      vertex 2.40423 2.41841 12.0524
      vertex 2.43927 2.49034 12.0683
    endloop
  endfacet
  facet normal -0.467583 -0.369073 0.803213
    outer loop
      vertex 2.44346 2.09793 12.0134
      vertex 2.52188 2.04254 12.0336
      vertex 2.47728 2.16738 12.065
    endloop
  endfacet
  facet normal -0.699713 -0.0492519 0.712725
    outer loop
      vertex 2.31044 2.4036 11.971
      vertex 2.33837 2.2832 11.9901
      vertex 2.37041 2.34897 12.0261
    endloop
  endfacet
  facet normal 0.202086 0.116739 0.972385
    outer loop
      vertex 2.97843 2.53371 12.1729
      vertex 2.93639 2.44739 12.192
      vertex 3.06442 2.48814 12.1605
    endloop
  endfacet
  facet normal -0.522185 0.0664333 0.850241
    outer loop
      vertex 2.40423 2.41841 12.0524
      vertex 2.47506 2.36979 12.0997
      vertex 2.43927 2.49034 12.0683
    endloop
  endfacet
  facet normal -0.652699 0.27232 -0.706984
    outer loop
      vertex 2.31431 2.56994 10.9597
      vertex 2.37032 2.53907 10.8961
      vertex 2.36808 2.53448 10.8964
    endloop
  endfacet
  facet normal -0.654883 0.267773 -0.706701
    outer loop
      vertex 2.37032 2.53907 10.8961
      vertex 2.31431 2.56994 10.9597
      vertex 2.34257 2.62797 10.9555
    endloop
  endfacet
  facet normal -0.792546 0.349336 -0.499835
    outer loop
      vertex 2.28888 2.65412 11.0333
      vertex 2.26506 2.60523 11.0369
      vertex 2.22582 2.63668 11.1211
    endloop
  endfacet
  facet normal -0.931392 0.293363 -0.215516
    outer loop
      vertex 2.15616 2.63739 11.3233
      vertex 2.15824 2.58368 11.2412
      vertex 2.1492 2.62308 11.3339
    endloop
  endfacet
  facet normal -0.798371 0.171114 -0.577342
    outer loop
      vertex 2.24165 2.55717 11.0475
      vertex 2.2597 2.45784 10.9931
      vertex 2.21905 2.51077 11.065
    endloop
  endfacet
  facet normal -0.922713 0.0819405 -0.376679
    outer loop
      vertex 2.15635 2.49406 11.1868
      vertex 2.15986 2.38924 11.1554
      vertex 2.14207 2.46473 11.2154
    endloop
  endfacet
  facet normal -0.989324 0.0779392 -0.123137
    outer loop
      vertex 2.1135 2.49181 11.3577
      vertex 2.11058 2.40008 11.3231
      vertex 2.10906 2.48269 11.3876
    endloop
  endfacet
  facet normal -0.735343 0.467138 -0.490972
    outer loop
      vertex 2.3361 2.75108 11.0475
      vertex 2.26374 2.71453 11.1211
      vertex 2.28237 2.75279 11.1296
    endloop
  endfacet
  facet normal -0.735441 0.466601 -0.491335
    outer loop
      vertex 2.31269 2.70302 11.0369
      vertex 2.26374 2.71453 11.1211
      vertex 2.3361 2.75108 11.0475
    endloop
  endfacet
  facet normal -0.793428 0.57657 -0.195033
    outer loop
      vertex 2.27529 2.82398 11.2587
      vertex 2.2272 2.78324 11.3339
      vertex 2.28567 2.8453 11.2795
    endloop
  endfacet
  facet normal -0.831582 0.498294 -0.245304
    outer loop
      vertex 2.23835 2.74814 11.2171
      vertex 2.20478 2.73721 11.3087
      vertex 2.25143 2.77499 11.2273
    endloop
  endfacet
  facet normal -0.7371 0.595798 -0.318918
    outer loop
      vertex 2.33321 2.85715 11.1868
      vertex 2.26381 2.80041 11.2412
      vertex 2.27529 2.82398 11.2587
    endloop
  endfacet
  facet normal -0.756404 0.556419 -0.343876
    outer loop
      vertex 2.30037 2.78973 11.1435
      vertex 2.25143 2.77499 11.2273
      vertex 2.26381 2.80041 11.2412
    endloop
  endfacet
  facet normal -0.537059 0.708132 0.458386
    outer loop
      vertex 2.49569 2.94234 11.7997
      vertex 2.4179 2.91901 11.7446
      vertex 2.47439 2.89861 11.8423
    endloop
  endfacet
  facet normal -0.766386 0.632042 0.11478
    outer loop
      vertex 2.24739 2.82469 11.506
      vertex 2.24369 2.81708 11.5232
      vertex 2.30245 2.87974 11.5705
    endloop
  endfacet
  facet normal -0.450885 0.884624 0.118923
    outer loop
      vertex 2.55726 3.06875 11.5145
      vertex 2.46978 3.02552 11.5044
      vertex 2.55174 3.0574 11.578
    endloop
  endfacet
  facet normal -0.331032 0.933463 0.138071
    outer loop
      vertex 2.55726 3.06875 11.5145
      vertex 2.55174 3.0574 11.578
      vertex 2.64974 3.1002 11.5236
    endloop
  endfacet
  facet normal -0.831884 0.497529 -0.245833
    outer loop
      vertex 2.25143 2.77499 11.2273
      vertex 2.20478 2.73721 11.3087
      vertex 2.21272 2.7535 11.3148
    endloop
  endfacet
  facet normal -0.993235 -0.0624993 -0.0978646
    outer loop
      vertex 2.11264 2.29229 11.3422
      vertex 2.10798 2.28273 11.3956
      vertex 2.10077 2.37993 11.4067
    endloop
  endfacet
  facet normal -0.970065 0.117737 -0.212397
    outer loop
      vertex 2.12727 2.5201 11.3032
      vertex 2.11898 2.41734 11.2841
      vertex 2.1196 2.50435 11.3295
    endloop
  endfacet
  facet normal -0.846396 0.467882 0.254362
    outer loop
      vertex 2.20478 2.73721 11.5913
      vertex 2.22481 2.72033 11.689
      vertex 2.23835 2.74814 11.6829
    endloop
  endfacet
  facet normal -0.704085 0.663631 0.252702
    outer loop
      vertex 2.29478 2.86399 11.5968
      vertex 2.28567 2.8453 11.6205
      vertex 2.34749 2.88648 11.6846
    endloop
  endfacet
  facet normal -0.941058 0.177113 0.288169
    outer loop
      vertex 2.13638 2.53879 11.6205
      vertex 2.14207 2.46473 11.6846
      vertex 2.14676 2.5601 11.6413
    endloop
  endfacet
  facet normal -0.764609 0.240566 0.597914
    outer loop
      vertex 2.24165 2.55717 11.8525
      vertex 2.28653 2.51291 11.9277
      vertex 2.26506 2.60523 11.8631
    endloop
  endfacet
  facet normal -0.536626 0.708244 -0.458718
    outer loop
      vertex 2.47439 2.89861 11.0577
      vertex 2.39995 2.88217 11.1194
      vertex 2.49569 2.94234 11.1003
    endloop
  endfacet
  facet normal -0.633409 0.676226 -0.37618
    outer loop
      vertex 2.39995 2.88217 11.1194
      vertex 2.33321 2.85715 11.1868
      vertex 2.4179 2.91901 11.1554
    endloop
  endfacet
  facet normal -0.8935 -0.446056 -0.0518787
    outer loop
      vertex 2.20417 2.00768 11.3686
      vertex 2.20184 2.00288 11.45
      vertex 2.16013 2.09499 11.3764
    endloop
  endfacet
  facet normal -0.939067 -0.314815 -0.138001
    outer loop
      vertex 2.13341 2.19854 11.322
      vertex 2.16013 2.09499 11.3764
      vertex 2.12788 2.1872 11.3855
    endloop
  endfacet
  facet normal -0.740325 -0.647619 0.180301
    outer loop
      vertex 2.25926 1.92675 11.5378
      vertex 2.33238 1.86989 11.6338
      vertex 2.26678 1.94218 11.6241
    endloop
  endfacet
  facet normal -0.887568 -0.433861 0.154882
    outer loop
      vertex 2.16013 2.09499 11.5236
      vertex 2.20417 2.00768 11.5314
      vertex 2.21114 2.02198 11.6114
    endloop
  endfacet
  facet normal -0.893485 -0.446081 -0.0519191
    outer loop
      vertex 2.16013 2.09499 11.3764
      vertex 2.20184 2.00288 11.45
      vertex 2.15802 2.09065 11.45
    endloop
  endfacet
  facet normal -0.893485 -0.446081 0.0519191
    outer loop
      vertex 2.15802 2.09065 11.45
      vertex 2.20184 2.00288 11.45
      vertex 2.16013 2.09499 11.5236
    endloop
  endfacet
  facet normal -0.944337 -0.325707 -0.0462788
    outer loop
      vertex 2.16013 2.09499 11.3764
      vertex 2.15802 2.09065 11.45
      vertex 2.12603 2.1834 11.45
    endloop
  endfacet
  facet normal -0.951977 -0.144453 0.269952
    outer loop
      vertex 2.12031 2.30804 11.6095
      vertex 2.14251 2.21724 11.6392
      vertex 2.13086 2.32971 11.6583
    endloop
  endfacet
  facet normal -0.941042 0.177131 0.28821
    outer loop
      vertex 2.14676 2.5601 11.6413
      vertex 2.14207 2.46473 11.6846
      vertex 2.15635 2.49406 11.7132
    endloop
  endfacet
  facet normal -0.905084 0.347437 0.245174
    outer loop
      vertex 2.17162 2.66912 11.5913
      vertex 2.17063 2.6091 11.6727
      vertex 2.1837 2.63595 11.6829
    endloop
  endfacet
  facet normal -0.985781 -0.0470787 0.161305
    outer loop
      vertex 2.10447 2.38754 11.5359
      vertex 2.12031 2.30804 11.6095
      vertex 2.11058 2.40008 11.5769
    endloop
  endfacet
  facet normal -0.974965 -0.0248024 0.220969
    outer loop
      vertex 2.11058 2.40008 11.5769
      vertex 2.12031 2.30804 11.6095
      vertex 2.11898 2.41734 11.6159
    endloop
  endfacet
  facet normal -0.93448 0.345497 -0.0858983
    outer loop
      vertex 2.14289 2.61015 11.3465
      vertex 2.13737 2.5988 11.3609
      vertex 2.15965 2.67378 11.4201
    endloop
  endfacet
  facet normal -0.974965 -0.0248024 -0.220969
    outer loop
      vertex 2.11898 2.41734 11.2841
      vertex 2.12031 2.30804 11.2905
      vertex 2.11058 2.40008 11.3231
    endloop
  endfacet
  facet normal -0.965404 -0.171901 -0.196074
    outer loop
      vertex 2.14251 2.21724 11.2608
      vertex 2.13341 2.19854 11.322
      vertex 2.12031 2.30804 11.2905
    endloop
  endfacet
  facet normal -0.892627 -0.219535 -0.393727
    outer loop
      vertex 2.18949 2.16781 11.1665
      vertex 2.15504 2.24296 11.2027
      vertex 2.17078 2.27527 11.149
    endloop
  endfacet
  facet normal -0.893331 -0.221036 -0.391283
    outer loop
      vertex 2.15504 2.24296 11.2027
      vertex 2.18949 2.16781 11.1665
      vertex 2.18824 2.16525 11.1708
    endloop
  endfacet
  facet normal -0.528224 -0.787014 -0.318731
    outer loop
      vertex 2.42038 1.83415 11.1685
      vertex 2.48886 1.75263 11.2563
      vertex 2.40683 1.80635 11.2596
    endloop
  endfacet
  facet normal -0.11933 -0.835283 -0.536715
    outer loop
      vertex 2.81952 1.76894 11.0177
      vertex 2.7021 1.74427 11.0822
      vertex 2.72551 1.79233 11.0022
    endloop
  endfacet
  facet normal -0.329226 -0.675925 -0.659345
    outer loop
      vertex 2.57368 1.92677 10.9208
      vertex 2.63362 1.82578 10.9944
      vertex 2.54542 1.86874 10.9944
    endloop
  endfacet
  facet normal -0.329226 -0.675925 -0.659345
    outer loop
      vertex 2.63362 1.82578 10.9944
      vertex 2.57368 1.92677 10.9208
      vertex 2.66188 1.88381 10.9208
    endloop
  endfacet
  facet normal -0.706432 -0.577826 -0.408744
    outer loop
      vertex 2.2962 2.00259 11.1137
      vertex 2.34546 1.89674 11.1782
      vertex 2.27916 1.96761 11.1926
    endloop
  endfacet
  facet normal -0.647864 -0.455417 -0.610629
    outer loop
      vertex 2.41287 2.03514 10.9478
      vertex 2.35495 2.06578 10.9864
      vertex 2.40712 2.04037 10.95
    endloop
  endfacet
  facet normal -0.647901 -0.457542 -0.608998
    outer loop
      vertex 2.35495 2.06578 10.9864
      vertex 2.41287 2.03514 10.9478
      vertex 2.38605 1.98008 11.0177
    endloop
  endfacet
  facet normal -0.726604 -0.619495 -0.297108
    outer loop
      vertex 2.27916 1.96761 11.1926
      vertex 2.33238 1.86989 11.2662
      vertex 2.26678 1.94218 11.2759
    endloop
  endfacet
  facet normal -0.808059 -0.519081 -0.27856
    outer loop
      vertex 2.27916 1.96761 11.1926
      vertex 2.26678 1.94218 11.2759
      vertex 2.21114 2.02198 11.2886
    endloop
  endfacet
  facet normal -0.875691 -0.409805 -0.255391
    outer loop
      vertex 2.22262 2.04556 11.2114
      vertex 2.21114 2.02198 11.2886
      vertex 2.17681 2.12924 11.2342
    endloop
  endfacet
  facet normal -0.835502 -0.327269 -0.441397
    outer loop
      vertex 2.25596 2.114 11.0783
      vertex 2.23842 2.07799 11.1382
      vertex 2.20177 2.1404 11.1613
    endloop
  endfacet
  facet normal -0.209026 -0.727308 -0.653706
    outer loop
      vertex 2.75329 1.84936 10.9299
      vertex 2.63362 1.82578 10.9944
      vertex 2.66188 1.88381 10.9208
    endloop
  endfacet
  facet normal -0.506454 -0.742415 0.438549
    outer loop
      vertex 2.43901 1.87241 11.8178
      vertex 2.50264 1.78092 11.7364
      vertex 2.5216 1.81985 11.8242
    endloop
  endfacet
  facet normal -0.147308 -0.892041 0.427275
    outer loop
      vertex 2.7021 1.74427 11.8178
      vertex 2.68347 1.70601 11.7315
      vertex 2.77893 1.6856 11.7218
    endloop
  endfacet
  facet normal -0.632799 -0.70934 0.310486
    outer loop
      vertex 2.34546 1.89674 11.7218
      vertex 2.33238 1.86989 11.6338
      vertex 2.42038 1.83415 11.7315
    endloop
  endfacet
  facet normal -0.747251 -0.661783 -0.0604923
    outer loop
      vertex 2.32444 1.8536 11.3573
      vertex 2.32178 1.84813 11.45
      vertex 2.25926 1.92675 11.3622
    endloop
  endfacet
  facet normal -0.654352 -0.753541 0.0632411
    outer loop
      vertex 2.32178 1.84813 11.45
      vertex 2.39861 1.78947 11.546
      vertex 2.32444 1.8536 11.5427
    endloop
  endfacet
  facet normal -0.7473 -0.661735 -0.0604142
    outer loop
      vertex 2.25926 1.92675 11.3622
      vertex 2.32178 1.84813 11.45
      vertex 2.25674 1.92158 11.45
    endloop
  endfacet
  facet normal -0.528252 -0.787006 -0.318702
    outer loop
      vertex 2.50264 1.78092 11.1636
      vertex 2.48886 1.75263 11.2563
      vertex 2.42038 1.83415 11.1685
    endloop
  endfacet
  facet normal -0.542946 -0.817193 -0.193403
    outer loop
      vertex 2.48886 1.75263 11.2563
      vertex 2.39861 1.78947 11.354
      vertex 2.40683 1.80635 11.2596
    endloop
  endfacet
  facet normal -0.443817 -0.612952 0.653694
    outer loop
      vertex 2.4902 1.97751 11.9701
      vertex 2.54542 1.86874 11.9056
      vertex 2.57368 1.92677 11.9792
    endloop
  endfacet
  facet normal -0.329226 -0.675925 0.659345
    outer loop
      vertex 2.63362 1.82578 11.9056
      vertex 2.57368 1.92677 11.9792
      vertex 2.54542 1.86874 11.9056
    endloop
  endfacet
  facet normal -0.329226 -0.675925 0.659345
    outer loop
      vertex 2.57368 1.92677 11.9792
      vertex 2.63362 1.82578 11.9056
      vertex 2.66188 1.88381 11.9792
    endloop
  endfacet
  facet normal -0.204516 0.170164 0.963959
    outer loop
      vertex 2.67337 2.56996 12.1541
      vertex 2.63278 2.48662 12.1602
      vertex 2.71797 2.44512 12.1856
    endloop
  endfacet
  facet normal 0.204741 -0.170089 0.963925
    outer loop
      vertex 2.98106 2.31698 12.1856
      vertex 2.93901 2.23066 12.1793
      vertex 3.02566 2.19215 12.1541
    endloop
  endfacet
  facet normal 0.374251 -0.370249 0.850207
    outer loop
      vertex 3.18847 2.12541 12.0683
      vertex 3.0715 2.07928 12.0997
      vertex 3.15344 2.05349 12.0524
    endloop
  endfacet
  facet normal -0.374237 0.370197 0.850236
    outer loop
      vertex 2.54558 2.70862 12.0524
      vertex 2.51055 2.63669 12.0683
      vertex 2.62753 2.68283 12.0997
    endloop
  endfacet
  facet normal 0.0286278 0.0587749 0.997861
    outer loop
      vertex 2.84819 2.49035 12.192
      vertex 2.89361 2.35957 12.1984
      vertex 2.93639 2.44739 12.192
    endloop
  endfacet
  facet normal 0.0286278 0.0587749 0.997861
    outer loop
      vertex 2.89361 2.35957 12.1984
      vertex 2.84819 2.49035 12.192
      vertex 2.80541 2.40253 12.1984
    endloop
  endfacet
  facet normal -0.726604 -0.619495 0.297108
    outer loop
      vertex 2.26678 1.94218 11.6241
      vertex 2.33238 1.86989 11.6338
      vertex 2.27916 1.96761 11.7074
    endloop
  endfacet
  facet normal -0.706432 -0.577826 0.408744
    outer loop
      vertex 2.27916 1.96761 11.7074
      vertex 2.34546 1.89674 11.7218
      vertex 2.2962 2.00259 11.7863
    endloop
  endfacet
  facet normal -0.764355 -0.428874 0.481486
    outer loop
      vertex 2.25827 2.11873 11.8296
      vertex 2.23842 2.07799 11.7618
      vertex 2.31761 2.04654 11.8595
    endloop
  endfacet
  facet normal -0.868114 -0.168627 0.466844
    outer loop
      vertex 2.17078 2.27527 11.751
      vertex 2.20904 2.19541 11.7933
      vertex 2.23034 2.23913 11.8487
    endloop
  endfacet
  facet normal -0.506526 -0.742405 0.438482
    outer loop
      vertex 2.42038 1.83415 11.7315
      vertex 2.50264 1.78092 11.7364
      vertex 2.43901 1.87241 11.8178
    endloop
  endfacet
  facet normal -0.478135 -0.684109 0.550802
    outer loop
      vertex 2.46242 1.92047 11.8978
      vertex 2.5216 1.81985 11.8242
      vertex 2.54542 1.86874 11.9056
    endloop
  endfacet
  facet normal -0.497644 0.591216 -0.634676
    outer loop
      vertex 2.49357 2.79211 10.9341
      vertex 2.42544 2.7981 10.9931
      vertex 2.52025 2.84688 10.9642
    endloop
  endfacet
  facet normal -0.764696 0.240402 -0.597869
    outer loop
      vertex 2.31431 2.56994 10.9597
      vertex 2.28653 2.51291 10.9723
      vertex 2.24165 2.55717 11.0475
    endloop
  endfacet
  facet normal -0.594649 0.589397 -0.546813
    outer loop
      vertex 2.45084 2.85026 11.0217
      vertex 2.42544 2.7981 10.9931
      vertex 2.38011 2.84143 11.0891
    endloop
  endfacet
  facet normal -0.491095 0.802452 -0.338963
    outer loop
      vertex 2.51437 2.98068 11.149
      vertex 2.44689 2.97854 11.2417
      vertex 2.5301 3.01299 11.2027
    endloop
  endfacet
  facet normal 0.25705 0.229615 0.938724
    outer loop
      vertex 2.97843 2.53371 12.1729
      vertex 3.06442 2.48814 12.1605
      vertex 3.01902 2.61705 12.1414
    endloop
  endfacet
  facet normal 0.403523 0.530274 0.74564
    outer loop
      vertex 3.12534 2.83533 11.9792
      vertex 3.09311 2.76916 12.0437
      vertex 3.20882 2.7846 11.9701
    endloop
  endfacet
  facet normal 0.374387 -0.370798 0.849908
    outer loop
      vertex 3.10929 2.15686 12.1169
      vertex 3.0715 2.07928 12.0997
      vertex 3.18847 2.12541 12.0683
    endloop
  endfacet
  facet normal 0.419409 0.271049 0.866388
    outer loop
      vertex 3.14211 2.64764 12.087
      vertex 3.18526 2.51982 12.1061
      vertex 3.22175 2.59473 12.065
    endloop
  endfacet
  facet normal 0.243891 0.798178 0.550844
    outer loop
      vertex 2.99692 3.01784 11.8178
      vertex 2.97352 2.96978 11.8978
      vertex 3.08922 2.98522 11.8242
    endloop
  endfacet
  facet normal -0.284822 0.803128 0.523318
    outer loop
      vertex 2.60083 2.99978 11.7933
      vertex 2.668 2.95994 11.891
      vertex 2.69155 3.0083 11.8296
    endloop
  endfacet
  facet normal -0.234494 0.906524 0.351037
    outer loop
      vertex 2.72719 3.08147 11.6886
      vertex 2.63306 3.06595 11.6658
      vertex 2.7114 3.04904 11.7618
    endloop
  endfacet
  facet normal 0.0469999 0.685378 0.726669
    outer loop
      vertex 2.85268 2.9381 11.9522
      vertex 2.8221 2.87531 12.0134
      vertex 2.94574 2.91274 11.9701
    endloop
  endfacet
  facet normal 0.0863192 0.766208 0.636769
    outer loop
      vertex 2.8795 2.99317 11.8823
      vertex 2.85268 2.9381 11.9522
      vertex 2.94574 2.91274 11.9701
    endloop
  endfacet
  facet normal 0.368397 0.165646 0.914793
    outer loop
      vertex 3.10432 2.57005 12.1296
      vertex 3.06442 2.48814 12.1605
      vertex 3.18526 2.51982 12.1061
    endloop
  endfacet
  facet normal 0.46756 0.369129 0.803201
    outer loop
      vertex 3.17714 2.71956 12.0336
      vertex 3.22175 2.59473 12.065
      vertex 3.25557 2.66417 12.0134
    endloop
  endfacet
  facet normal -0.237735 0.650798 0.721072
    outer loop
      vertex 2.7306 2.89445 11.9837
      vertex 2.61144 2.84383 11.9901
      vertex 2.69857 2.82868 12.0325
    endloop
  endfacet
  facet normal -0.280151 0.563612 0.777082
    outer loop
      vertex 2.61144 2.84383 11.9901
      vertex 2.66401 2.75773 12.0715
      vertex 2.69857 2.82868 12.0325
    endloop
  endfacet
  facet normal 0.0535633 0.982158 0.180266
    outer loop
      vertex 2.84332 3.12587 11.5378
      vertex 2.83581 3.11044 11.6241
      vertex 2.93317 3.10335 11.6338
    endloop
  endfacet
  facet normal -0.10857 0.917348 0.382995
    outer loop
      vertex 2.72719 3.08147 11.6886
      vertex 2.7114 3.04904 11.7618
      vertex 2.82342 3.08501 11.7074
    endloop
  endfacet
  facet normal -0.559324 0.828298 0.0328362
    outer loop
      vertex 2.47134 3.02873 11.45
      vertex 2.38879 2.97127 11.4933
      vertex 2.46978 3.02552 11.5044
    endloop
  endfacet
  facet normal -0.108352 0.917221 0.383362
    outer loop
      vertex 2.82342 3.08501 11.7074
      vertex 2.7114 3.04904 11.7618
      vertex 2.80638 3.05002 11.7863
    endloop
  endfacet
  facet normal -0.108625 0.917214 -0.3833
    outer loop
      vertex 2.80638 3.05002 11.1137
      vertex 2.72719 3.08147 11.2114
      vertex 2.82342 3.08501 11.1926
    endloop
  endfacet
  facet normal 0.429474 0.881742 -0.195148
    outer loop
      vertex 3.21016 3.00947 11.2563
      vertex 3.13033 3.0696 11.3523
      vertex 3.21853 3.02664 11.3523
    endloop
  endfacet
  facet normal 0.429474 0.881742 -0.195148
    outer loop
      vertex 3.13033 3.0696 11.3523
      vertex 3.21016 3.00947 11.2563
      vertex 3.12196 3.05243 11.2563
    endloop
  endfacet
  facet normal 0.0193434 0.912461 -0.408706
    outer loop
      vertex 2.9021 3.03957 11.0949
      vertex 2.80638 3.05002 11.1137
      vertex 2.92009 3.0765 11.1782
    endloop
  endfacet
  facet normal -0.199619 0.978495 -0.0519615
    outer loop
      vertex 2.74564 3.11935 11.3686
      vertex 2.64974 3.1002 11.3764
      vertex 2.74798 3.12415 11.45
    endloop
  endfacet
  facet normal -0.341359 0.912023 -0.227352
    outer loop
      vertex 2.63306 3.06595 11.2342
      vertex 2.55174 3.0574 11.322
      vertex 2.64344 3.08726 11.3041
    endloop
  endfacet
  facet normal -0.0701869 0.995925 -0.0566294
    outer loop
      vertex 2.84332 3.12587 11.3622
      vertex 2.74564 3.11935 11.3686
      vertex 2.84584 3.13104 11.45
    endloop
  endfacet
  facet normal 0.0863192 0.766208 -0.636769
    outer loop
      vertex 2.94574 2.91274 10.9299
      vertex 2.85268 2.9381 10.9478
      vertex 2.8795 2.99317 11.0177
    endloop
  endfacet
  facet normal 0.169782 0.645478 -0.744669
    outer loop
      vertex 2.94574 2.91274 10.9299
      vertex 2.9642 2.88135 10.9069
      vertex 2.93692 2.89464 10.9122
    endloop
  endfacet
  facet normal -0.737608 0.0981737 -0.668054
    outer loop
      vertex 2.33459 2.46571 10.9123
      vertex 2.28653 2.51291 10.9723
      vertex 2.33671 2.47007 10.9106
    endloop
  endfacet
  facet normal -0.734457 0.104558 -0.670552
    outer loop
      vertex 2.28653 2.51291 10.9723
      vertex 2.33459 2.46571 10.9123
      vertex 2.2597 2.45784 10.9931
    endloop
  endfacet
  facet normal -0.868208 -0.169177 -0.46647
    outer loop
      vertex 2.22562 2.24199 11.059
      vertex 2.20601 2.20173 11.1101
      vertex 2.17078 2.27527 11.149
    endloop
  endfacet
  facet normal -0.941043 0.177142 -0.2882
    outer loop
      vertex 2.15635 2.49406 11.1868
      vertex 2.14207 2.46473 11.2154
      vertex 2.13638 2.53879 11.2795
    endloop
  endfacet
  facet normal -0.892728 -0.219517 -0.393509
    outer loop
      vertex 2.20601 2.20173 11.1101
      vertex 2.18949 2.16781 11.1665
      vertex 2.17078 2.27527 11.149
    endloop
  endfacet
  facet normal 0.243884 0.798181 -0.550843
    outer loop
      vertex 3.06541 2.93632 10.9944
      vertex 2.97352 2.96978 11.0022
      vertex 2.99692 3.01784 11.0822
    endloop
  endfacet
  facet normal 0.119321 0.835292 -0.536703
    outer loop
      vertex 2.97352 2.96978 11.0022
      vertex 2.8795 2.99317 11.0177
      vertex 2.99692 3.01784 11.0822
    endloop
  endfacet
  facet normal 0.0482964 0.686217 -0.725791
    outer loop
      vertex 2.94574 2.91274 10.9299
      vertex 2.93692 2.89464 10.9122
      vertex 2.91737 2.90416 10.9199
    endloop
  endfacet
  facet normal 0.868161 0.169268 -0.466524
    outer loop
      vertex 3.49301 2.56037 11.1101
      vertex 3.52825 2.48684 11.149
      vertex 3.4734 2.52011 11.059
    endloop
  endfacet
  facet normal 0.51023 0.461071 -0.726002
    outer loop
      vertex 3.21955 2.75698 10.9199
      vertex 3.2 2.76649 10.9122
      vertex 3.20882 2.7846 10.9299
    endloop
  endfacet
  facet normal 0.294054 0.901096 -0.318682
    outer loop
      vertex 3.12196 3.05243 11.2563
      vertex 3.01556 3.0561 11.1685
      vertex 3.0291 3.0839 11.2596
    endloop
  endfacet
  facet normal 0.528207 0.787036 -0.318705
    outer loop
      vertex 3.21016 3.00947 11.2563
      vertex 3.27865 2.92795 11.1685
      vertex 3.19638 2.98118 11.1636
    endloop
  endfacet
  facet normal 0.209039 0.727288 -0.653724
    outer loop
      vertex 3.03714 2.87829 10.9208
      vertex 2.94574 2.91274 10.9299
      vertex 3.06541 2.93632 10.9944
    endloop
  endfacet
  facet normal 0.329216 0.675905 -0.659371
    outer loop
      vertex 3.12534 2.83533 10.9208
      vertex 3.06541 2.93632 10.9944
      vertex 3.15361 2.89336 10.9944
    endloop
  endfacet
  facet normal 0.329216 0.675905 -0.659371
    outer loop
      vertex 3.06541 2.93632 10.9944
      vertex 3.12534 2.83533 10.9208
      vertex 3.03714 2.87829 10.9208
    endloop
  endfacet
  facet normal 0.584117 0.608887 -0.536716
    outer loop
      vertex 3.26001 2.8897 11.0822
      vertex 3.31298 2.78203 11.0177
      vertex 3.2366 2.84164 11.0022
    endloop
  endfacet
  facet normal 0.443751 0.612958 -0.653734
    outer loop
      vertex 3.15361 2.89336 10.9944
      vertex 3.20882 2.7846 10.9299
      vertex 3.12534 2.83533 10.9208
    endloop
  endfacet
  facet normal 0.550102 0.540265 -0.63679
    outer loop
      vertex 3.31298 2.78203 11.0177
      vertex 3.28615 2.72696 10.9478
      vertex 3.20882 2.7846 10.9299
    endloop
  endfacet
  facet normal 0.550387 0.539553 -0.637148
    outer loop
      vertex 3.31298 2.78203 11.0177
      vertex 3.20882 2.7846 10.9299
      vertex 3.2366 2.84164 11.0022
    endloop
  endfacet
  facet normal 0.288748 0.592821 -0.75179
    outer loop
      vertex 3.11256 2.80909 10.8952
      vertex 3.03714 2.87829 10.9208
      vertex 3.12534 2.83533 10.9208
    endloop
  endfacet
  facet normal 0.288748 0.592821 -0.75179
    outer loop
      vertex 3.03714 2.87829 10.9208
      vertex 3.11256 2.80909 10.8952
      vertex 3.02436 2.85205 10.8952
    endloop
  endfacet
  facet normal 0.542944 0.817173 0.193493
    outer loop
      vertex 3.21853 3.02664 11.5477
      vertex 3.21016 3.00947 11.6437
      vertex 3.30041 2.97264 11.546
    endloop
  endfacet
  facet normal 0.542876 0.817239 -0.193405
    outer loop
      vertex 3.30041 2.97264 11.354
      vertex 3.29219 2.95576 11.2596
      vertex 3.21016 3.00947 11.2563
    endloop
  endfacet
  facet normal 0.647156 0.738701 -0.188442
    outer loop
      vertex 3.30041 2.97264 11.354
      vertex 3.36664 2.89222 11.2662
      vertex 3.29219 2.95576 11.2596
    endloop
  endfacet
  facet normal 0.740288 0.647653 0.180331
    outer loop
      vertex 3.36664 2.89222 11.6338
      vertex 3.43977 2.83536 11.5378
      vertex 3.37458 2.90851 11.5427
    endloop
  endfacet
  facet normal 0.654353 0.753547 -0.0631601
    outer loop
      vertex 3.37724 2.91397 11.45
      vertex 3.37458 2.90851 11.3573
      vertex 3.30041 2.97264 11.354
    endloop
  endfacet
  facet normal 0.542876 0.817239 0.193405
    outer loop
      vertex 3.21016 3.00947 11.6437
      vertex 3.29219 2.95576 11.6404
      vertex 3.30041 2.97264 11.546
    endloop
  endfacet
  facet normal 0.528152 0.78705 0.31876
    outer loop
      vertex 3.21016 3.00947 11.6437
      vertex 3.27865 2.92795 11.7315
      vertex 3.29219 2.95576 11.6404
    endloop
  endfacet
  facet normal -0.182564 -0.964966 0.188446
    outer loop
      vertex 2.66992 1.6782 11.6404
      vertex 2.6617 1.66132 11.546
      vertex 2.76586 1.65876 11.6338
    endloop
  endfacet
  facet normal -0.119522 -0.835237 0.536744
    outer loop
      vertex 2.72551 1.79233 11.8978
      vertex 2.7021 1.74427 11.8178
      vertex 2.79692 1.72254 11.8051
    endloop
  endfacet
  facet normal 0.0770121 -0.71489 0.694983
    outer loop
      vertex 2.87693 1.8868 12.0134
      vertex 2.84635 1.82401 11.9522
      vertex 2.93945 1.80818 11.9256
    endloop
  endfacet
  facet normal -0.168718 -0.644639 0.745637
    outer loop
      vertex 2.69411 1.94998 12.0437
      vertex 2.66188 1.88381 11.9792
      vertex 2.75329 1.84936 11.9701
    endloop
  endfacet
  facet normal -0.124579 -0.552152 0.824384
    outer loop
      vertex 2.72975 2.02316 12.0981
      vertex 2.69411 1.94998 12.0437
      vertex 2.78497 1.9144 12.0336
    endloop
  endfacet
  facet normal 0.434534 -0.496292 0.751581
    outer loop
      vertex 3.15344 2.05349 12.0524
      vertex 3.11962 1.98405 12.0261
      vertex 3.23018 2.0333 11.9947
    endloop
  endfacet
  facet normal 0.316668 -0.221734 0.922256
    outer loop
      vertex 3.06625 2.27549 12.1602
      vertex 3.02566 2.19215 12.1541
      vertex 3.10929 2.15686 12.1169
    endloop
  endfacet
  facet normal -0.00235634 -0.595702 0.803202
    outer loop
      vertex 2.91075 1.95624 12.065
      vertex 2.78497 1.9144 12.0336
      vertex 2.87693 1.8868 12.0134
    endloop
  endfacet
  facet normal 0.118225 -0.628193 0.769023
    outer loop
      vertex 3.00046 1.93343 12.0325
      vertex 2.87693 1.8868 12.0134
      vertex 2.96842 1.86766 11.9837
    endloop
  endfacet
  facet normal -0.0194132 -0.912413 0.408809
    outer loop
      vertex 2.79692 1.72254 11.8051
      vertex 2.77893 1.6856 11.7218
      vertex 2.89264 1.71208 11.7863
    endloop
  endfacet
  facet normal 0.377076 -0.838272 0.393844
    outer loop
      vertex 3.18466 1.78143 11.751
      vertex 3.08025 1.72549 11.7319
      vertex 3.16892 1.74912 11.6973
    endloop
  endfacet
  facet normal 0.237687 -0.650812 0.721075
    outer loop
      vertex 3.00046 1.93343 12.0325
      vertex 2.96842 1.86766 11.9837
      vertex 3.08758 1.91827 11.9901
    endloop
  endfacet
  facet normal 0.21346 -0.434767 0.874879
    outer loop
      vertex 2.98576 2.11023 12.136
      vertex 2.94724 2.03115 12.1061
      vertex 3.0715 2.07928 12.0997
    endloop
  endfacet
  facet normal 0.564156 -0.651985 0.5066
    outer loop
      vertex 3.24818 1.91184 11.8783
      vertex 3.22463 1.86349 11.8423
      vertex 3.31892 1.92068 11.8109
    endloop
  endfacet
  facet normal 0.570567 -0.805395 -0.1606
    outer loop
      vertex 3.32005 1.81098 11.3231
      vertex 3.2339 1.74614 11.3422
      vertex 3.24158 1.76189 11.2905
    endloop
  endfacet
  facet normal 0.32574 -0.944329 0.0462179
    outer loop
      vertex 3.04928 1.6619 11.5236
      vertex 3.04717 1.65757 11.45
      vertex 3.13991 1.68956 11.45
    endloop
  endfacet
  facet normal 0.284762 -0.803209 0.523227
    outer loop
      vertex 3.03103 1.80216 11.891
      vertex 3.00747 1.75381 11.8296
      vertex 3.0982 1.76233 11.7933
    endloop
  endfacet
  facet normal -0.308734 -0.931277 -0.193408
    outer loop
      vertex 2.66992 1.6782 11.2596
      vertex 2.6617 1.66132 11.354
      vertex 2.57706 1.70967 11.2563
    endloop
  endfacet
  facet normal -0.429478 -0.88175 -0.195105
    outer loop
      vertex 2.48886 1.75263 11.2563
      vertex 2.5687 1.6925 11.3523
      vertex 2.4805 1.73546 11.3523
    endloop
  endfacet
  facet normal -0.429478 -0.88175 -0.195105
    outer loop
      vertex 2.5687 1.6925 11.3523
      vertex 2.48886 1.75263 11.2563
      vertex 2.57706 1.70967 11.2563
    endloop
  endfacet
  facet normal -0.243802 -0.798195 -0.550858
    outer loop
      vertex 2.72551 1.79233 11.0022
      vertex 2.7021 1.74427 11.0822
      vertex 2.63362 1.82578 10.9944
    endloop
  endfacet
  facet normal -0.189879 -0.979774 -0.0631569
    outer loop
      vertex 2.75526 1.637 11.45
      vertex 2.6617 1.66132 11.354
      vertex 2.75792 1.64246 11.3573
    endloop
  endfacet
  facet normal -0.550289 -0.832452 -0.0648435
    outer loop
      vertex 2.39861 1.78947 11.354
      vertex 2.4777 1.72971 11.45
      vertex 2.39586 1.78381 11.45
    endloop
  endfacet
  facet normal -0.550357 -0.832414 -0.0647633
    outer loop
      vertex 2.4805 1.73546 11.3523
      vertex 2.4777 1.72971 11.45
      vertex 2.39861 1.78947 11.354
    endloop
  endfacet
  facet normal 0.00660889 -0.858171 0.513321
    outer loop
      vertex 2.81952 1.76894 11.8823
      vertex 2.89264 1.71208 11.7863
      vertex 2.91405 1.75603 11.8595
    endloop
  endfacet
  facet normal 0.23496 -0.906273 0.351373
    outer loop
      vertex 3.08025 1.72549 11.7319
      vertex 2.98763 1.71307 11.7618
      vertex 3.06597 1.69616 11.6658
    endloop
  endfacet
  facet normal -0.243885 -0.798165 0.550865
    outer loop
      vertex 2.72551 1.79233 11.8978
      vertex 2.6098 1.77689 11.8242
      vertex 2.7021 1.74427 11.8178
    endloop
  endfacet
  facet normal 0.459769 -0.866094 0.1962
    outer loop
      vertex 3.1564 1.7234 11.6392
      vertex 3.14729 1.7047 11.578
      vertex 3.24158 1.76189 11.6095
    endloop
  endfacet
  facet normal 0.446283 -0.894007 0.0397908
    outer loop
      vertex 3.22925 1.73658 11.5044
      vertex 3.14177 1.69336 11.5145
      vertex 3.22769 1.73338 11.45
    endloop
  endfacet
  facet normal 0.730501 -0.310927 -0.608023
    outer loop
      vertex 3.43396 2.15688 11.0369
      vertex 3.41015 2.10798 11.0333
      vertex 3.38472 2.19216 10.9597
    endloop
  endfacet
  facet normal 0.660921 -0.453768 -0.597727
    outer loop
      vertex 3.38633 2.05909 11.0369
      vertex 3.36292 2.01103 11.0475
      vertex 3.32819 2.0761 10.9597
    endloop
  endfacet
  facet normal 0.994991 -0.0663775 -0.0747398
    outer loop
      vertex 3.59266 2.28494 11.4185
      vertex 3.58997 2.27941 11.3876
      vertex 3.59826 2.38217 11.4067
    endloop
  endfacet
  facet normal 0.72995 -0.311442 -0.608422
    outer loop
      vertex 3.41015 2.10798 11.0333
      vertex 3.35646 2.13413 10.9555
      vertex 3.38472 2.19216 10.9597
    endloop
  endfacet
  facet normal 0.848433 -0.234745 -0.474401
    outer loop
      vertex 3.50983 2.20062 11.1435
      vertex 3.49184 2.16369 11.1296
      vertex 3.47997 2.25134 11.065
    endloop
  endfacet
  facet normal 0.922867 -0.0819117 -0.376306
    outer loop
      vertex 3.53917 2.37287 11.1554
      vertex 3.54267 2.26805 11.1868
      vertex 3.52122 2.33602 11.1194
    endloop
  endfacet
  facet normal 0.464882 -0.658464 -0.59187
    outer loop
      vertex 3.15204 1.86033 11.0042
      vertex 3.22463 1.86349 11.0577
      vertex 3.15018 1.8565 11.007
    endloop
  endfacet
  facet normal 0.462481 -0.663313 -0.588326
    outer loop
      vertex 3.22463 1.86349 11.0577
      vertex 3.15204 1.86033 11.0042
      vertex 3.24818 1.91184 11.0217
    endloop
  endfacet
  facet normal 0.78297 -0.598029 -0.171229
    outer loop
      vertex 3.46552 1.96593 11.3465
      vertex 3.40425 1.89811 11.3032
      vertex 3.41335 1.91681 11.2795
    endloop
  endfacet
  facet normal 0.904475 -0.252377 -0.343846
    outer loop
      vertex 3.54078 2.17843 11.2412
      vertex 3.5284 2.153 11.2273
      vertex 3.50983 2.20062 11.1435
    endloop
  endfacet
  facet normal 0.760688 -0.643766 -0.0831857
    outer loop
      vertex 3.44894 1.93188 11.4121
      vertex 3.38603 1.86071 11.3876
      vertex 3.39047 1.86982 11.3577
    endloop
  endfacet
  facet normal -0.085545 -0.766018 -0.637102
    outer loop
      vertex 2.81952 1.76894 11.0177
      vertex 2.72551 1.79233 11.0022
      vertex 2.75329 1.84936 10.9299
    endloop
  endfacet
  facet normal 0.00711566 -0.857998 -0.513605
    outer loop
      vertex 2.89264 1.71208 11.1137
      vertex 2.79692 1.72254 11.0949
      vertex 2.81952 1.76894 11.0177
    endloop
  endfacet
  facet normal 0.134947 -0.867694 -0.478431
    outer loop
      vertex 2.89264 1.71208 11.1137
      vertex 2.99484 1.75411 11.0663
      vertex 3.00059 1.75131 11.073
    endloop
  endfacet
  facet normal 0.133101 -0.866408 -0.48127
    outer loop
      vertex 2.99484 1.75411 11.0663
      vertex 2.89264 1.71208 11.1137
      vertex 2.91405 1.75603 11.0405
    endloop
  endfacet
  facet normal 0.46248 -0.663307 -0.588333
    outer loop
      vertex 3.24818 1.91184 11.0217
      vertex 3.15204 1.86033 11.0042
      vertex 3.17677 1.9111 10.9664
    endloop
  endfacet
  facet normal 0.0789437 -0.713322 -0.696376
    outer loop
      vertex 2.85401 1.82271 10.95
      vertex 2.84635 1.82401 10.9478
      vertex 2.8473 1.82597 10.9459
    endloop
  endfacet
  facet normal 0.523847 -0.312633 0.792367
    outer loop
      vertex 3.29409 2.16451 12.0139
      vertex 3.18847 2.12541 12.0683
      vertex 3.26186 2.09834 12.0091
    endloop
  endfacet
  facet normal 0.614951 -0.350762 0.706259
    outer loop
      vertex 3.29409 2.16451 12.0139
      vertex 3.26186 2.09834 12.0091
      vertex 3.32819 2.0761 11.9403
    endloop
  endfacet
  facet normal 0.473576 -0.167154 0.864746
    outer loop
      vertex 3.18618 2.31473 12.1169
      vertex 3.14773 2.2358 12.1227
      vertex 3.25976 2.27177 12.0683
    endloop
  endfacet
  facet normal 0.61436 -0.126825 0.778767
    outer loop
      vertex 3.25976 2.27177 12.0683
      vertex 3.32632 2.23068 12.0091
      vertex 3.358 2.29572 11.9947
    endloop
  endfacet
  facet normal 0.569106 -0.219721 0.792365
    outer loop
      vertex 3.25976 2.27177 12.0683
      vertex 3.29409 2.16451 12.0139
      vertex 3.32632 2.23068 12.0091
    endloop
  endfacet
  facet normal 0.657942 -0.0365204 0.752183
    outer loop
      vertex 3.32862 2.41314 12.0261
      vertex 3.358 2.29572 11.9947
      vertex 3.38858 2.35851 11.971
    endloop
  endfacet
  facet normal 0.739157 0.130236 0.660822
    outer loop
      vertex 3.39035 2.53988 11.9447
      vertex 3.41755 2.41798 11.9383
      vertex 3.4444 2.47312 11.8974
    endloop
  endfacet
  facet normal 0.616479 0.126877 0.777081
    outer loop
      vertex 3.29501 2.53816 12.0325
      vertex 3.26045 2.46722 12.0715
      vertex 3.36065 2.47891 11.9901
    endloop
  endfacet
  facet normal 0.478053 0.684111 0.55087
    outer loop
      vertex 3.17742 2.94226 11.8242
      vertex 3.2366 2.84164 11.8978
      vertex 3.26001 2.8897 11.8178
    endloop
  endfacet
  facet normal 0.168734 0.644633 0.745639
    outer loop
      vertex 2.94574 2.91274 11.9701
      vertex 3.00491 2.81212 12.0437
      vertex 3.03714 2.87829 11.9792
    endloop
  endfacet
  facet normal 0.726595 0.619499 0.297121
    outer loop
      vertex 3.36664 2.89222 11.6338
      vertex 3.41986 2.7945 11.7074
      vertex 3.43225 2.81992 11.6241
    endloop
  endfacet
  facet normal 0.4739 0.0999559 0.874887
    outer loop
      vertex 3.14674 2.44074 12.136
      vertex 3.22397 2.39231 12.0997
      vertex 3.18526 2.51982 12.1061
    endloop
  endfacet
  facet normal 0.827408 0.558729 -0.0567326
    outer loop
      vertex 3.49719 2.75923 11.45
      vertex 3.49485 2.75443 11.3686
      vertex 3.44229 2.84053 11.45
    endloop
  endfacet
  facet normal 0.893458 0.446127 0.0519914
    outer loop
      vertex 3.49485 2.75443 11.5314
      vertex 3.5389 2.66712 11.5236
      vertex 3.49719 2.75923 11.45
    endloop
  endfacet
  facet normal 0.550387 0.539553 0.637148
    outer loop
      vertex 3.2366 2.84164 11.8978
      vertex 3.20882 2.7846 11.9701
      vertex 3.31298 2.78203 11.8823
    endloop
  endfacet
  facet normal 0.72673 0.619431 0.296933
    outer loop
      vertex 3.35357 2.86537 11.7218
      vertex 3.41986 2.7945 11.7074
      vertex 3.36664 2.89222 11.6338
    endloop
  endfacet
  facet normal 0.730501 -0.310927 0.608023
    outer loop
      vertex 3.38472 2.19216 11.9403
      vertex 3.41015 2.10798 11.8667
      vertex 3.43396 2.15688 11.8631
    endloop
  endfacet
  facet normal 0.537051 -0.708149 0.458368
    outer loop
      vertex 3.22463 1.86349 11.8423
      vertex 3.20334 1.81977 11.7997
      vertex 3.28113 1.8431 11.7446
    endloop
  endfacet
  facet normal 0.974922 0.0247244 -0.221169
    outer loop
      vertex 3.58845 2.36202 11.3231
      vertex 3.58004 2.34477 11.2841
      vertex 3.57872 2.45407 11.2905
    endloop
  endfacet
  facet normal 0.934673 0.109021 0.338379
    outer loop
      vertex 3.52825 2.48684 11.751
      vertex 3.5549 2.40517 11.7037
      vertex 3.56816 2.4324 11.6583
    endloop
  endfacet
  facet normal 0.979043 0.199719 -0.0398475
    outer loop
      vertex 3.573 2.57871 11.45
      vertex 3.59261 2.48258 11.45
      vertex 3.57115 2.57491 11.3855
    endloop
  endfacet
  facet normal 0.934673 0.109021 -0.338379
    outer loop
      vertex 3.56816 2.4324 11.2417
      vertex 3.5549 2.40517 11.1963
      vertex 3.52825 2.48684 11.149
    endloop
  endfacet
  facet normal 0.893458 0.446127 -0.0519914
    outer loop
      vertex 3.49719 2.75923 11.45
      vertex 3.5389 2.66712 11.3764
      vertex 3.49485 2.75443 11.3686
    endloop
  endfacet
  facet normal 0.944336 0.32571 -0.0462748
    outer loop
      vertex 3.573 2.57871 11.45
      vertex 3.57115 2.57491 11.3855
      vertex 3.5389 2.66712 11.3764
    endloop
  endfacet
  facet normal 0.893509 0.446042 -0.0518568
    outer loop
      vertex 3.54101 2.67145 11.45
      vertex 3.5389 2.66712 11.3764
      vertex 3.49719 2.75923 11.45
    endloop
  endfacet
  facet normal 0.887521 0.433933 0.154945
    outer loop
      vertex 3.48788 2.74012 11.6114
      vertex 3.5389 2.66712 11.5236
      vertex 3.49485 2.75443 11.5314
    endloop
  endfacet
  facet normal 0.979043 0.199719 0.0398475
    outer loop
      vertex 3.57115 2.57491 11.5145
      vertex 3.59261 2.48258 11.45
      vertex 3.573 2.57871 11.45
    endloop
  endfacet
  facet normal 0.939024 0.314866 -0.138177
    outer loop
      vertex 3.5389 2.66712 11.3764
      vertex 3.56562 2.56356 11.322
      vertex 3.5326 2.65418 11.3041
    endloop
  endfacet
  facet normal 0.706467 0.577749 -0.408791
    outer loop
      vertex 3.41986 2.7945 11.1926
      vertex 3.40282 2.75951 11.1137
      vertex 3.35357 2.86537 11.1782
    endloop
  endfacet
  facet normal 0.72673 0.619431 -0.296933
    outer loop
      vertex 3.36664 2.89222 11.2662
      vertex 3.41986 2.7945 11.1926
      vertex 3.35357 2.86537 11.1782
    endloop
  endfacet
  facet normal 0.893842 0.222134 -0.38949
    outer loop
      vertex 3.54399 2.51915 11.2027
      vertex 3.50954 2.5943 11.1665
      vertex 3.51078 2.59685 11.1708
    endloop
  endfacet
  facet normal 0.892627 0.219535 -0.393727
    outer loop
      vertex 3.50954 2.5943 11.1665
      vertex 3.54399 2.51915 11.2027
      vertex 3.52825 2.48684 11.149
    endloop
  endfacet
  facet normal 0.835502 0.327269 -0.441397
    outer loop
      vertex 3.49725 2.62171 11.1613
      vertex 3.44306 2.64811 11.0783
      vertex 3.4606 2.68412 11.1382
    endloop
  endfacet
  facet normal -0.523847 0.312513 0.792414
    outer loop
      vertex 2.51055 2.63669 12.0683
      vertex 2.40494 2.5976 12.0139
      vertex 2.47491 2.56351 12.0736
    endloop
  endfacet
  facet normal -0.569028 0.219767 0.792408
    outer loop
      vertex 2.40494 2.5976 12.0139
      vertex 2.43927 2.49034 12.0683
      vertex 2.47491 2.56351 12.0736
    endloop
  endfacet
  facet normal -0.884632 0.292741 0.362945
    outer loop
      vertex 2.1837 2.63595 11.6829
      vertex 2.17063 2.6091 11.6727
      vertex 2.20718 2.59842 11.7704
    endloop
  endfacet
  facet normal -0.660788 0.453873 0.597795
    outer loop
      vertex 2.39862 2.74304 11.9277
      vertex 2.31269 2.70302 11.8631
      vertex 2.37084 2.686 11.9403
    endloop
  endfacet
  facet normal -0.888642 -0.013715 0.458397
    outer loop
      vertex 2.15986 2.38924 11.7446
      vertex 2.18945 2.31361 11.7997
      vertex 2.21075 2.35733 11.8423
    endloop
  endfacet
  facet normal -0.860907 0.0423938 0.506993
    outer loop
      vertex 2.1778 2.42608 11.7806
      vertex 2.21075 2.35733 11.8423
      vertex 2.19765 2.46682 11.8109
    endloop
  endfacet
  facet normal -0.695638 0.185155 0.694122
    outer loop
      vertex 2.31431 2.56994 11.9403
      vertex 2.34103 2.46639 11.9947
      vertex 2.37271 2.53143 12.0091
    endloop
  endfacet
  facet normal -0.61436 0.126825 0.778767
    outer loop
      vertex 2.37271 2.53143 12.0091
      vertex 2.34103 2.46639 11.9947
      vertex 2.43927 2.49034 12.0683
    endloop
  endfacet
  facet normal -0.695386 0.185328 0.694328
    outer loop
      vertex 2.28653 2.51291 11.9277
      vertex 2.34103 2.46639 11.9947
      vertex 2.31431 2.56994 11.9403
    endloop
  endfacet
  facet normal -0.707838 0.523593 0.474147
    outer loop
      vertex 2.3587 2.79748 11.835
      vertex 2.28237 2.75279 11.7704
      vertex 2.3361 2.75108 11.8525
    endloop
  endfacet
  facet normal -0.570571 -0.0329026 0.820589
    outer loop
      vertex 2.40423 2.41841 12.0524
      vertex 2.37041 2.34897 12.0261
      vertex 2.47506 2.36979 12.0997
    endloop
  endfacet
  facet normal -0.616774 -0.124927 0.777164
    outer loop
      vertex 2.37041 2.34897 12.0261
      vertex 2.33837 2.2832 11.9901
      vertex 2.43857 2.29489 12.0715
    endloop
  endfacet
  facet normal -0.69912 -0.294254 0.651649
    outer loop
      vertex 2.30867 2.22222 11.9447
      vertex 2.28182 2.16709 11.891
      vertex 2.37198 2.15817 11.9837
    endloop
  endfacet
  facet normal -0.660253 -0.214332 0.719811
    outer loop
      vertex 2.30867 2.22222 11.9447
      vertex 2.37198 2.15817 11.9837
      vertex 2.33837 2.2832 11.9901
    endloop
  endfacet
  facet normal -0.570895 -0.030769 0.820446
    outer loop
      vertex 2.37041 2.34897 12.0261
      vertex 2.43857 2.29489 12.0715
      vertex 2.47506 2.36979 12.0997
    endloop
  endfacet
  facet normal -0.616468 -0.12695 0.777078
    outer loop
      vertex 2.33837 2.2832 11.9901
      vertex 2.40402 2.22394 12.0325
      vertex 2.43857 2.29489 12.0715
    endloop
  endfacet
  facet normal -0.0854328 -0.1754 0.980783
    outer loop
      vertex 2.76264 2.31471 12.192
      vertex 2.80879 2.18543 12.1729
      vertex 2.85084 2.27175 12.192
    endloop
  endfacet
  facet normal -0.0854328 -0.1754 0.980783
    outer loop
      vertex 2.80879 2.18543 12.1729
      vertex 2.76264 2.31471 12.192
      vertex 2.72059 2.22839 12.1729
    endloop
  endfacet
  facet normal -0.316363 0.221888 0.922323
    outer loop
      vertex 2.58974 2.60524 12.1169
      vertex 2.55129 2.52631 12.1227
      vertex 2.63278 2.48662 12.1602
    endloop
  endfacet
  facet normal -0.848464 0.234712 -0.474361
    outer loop
      vertex 2.20718 2.59842 11.1296
      vertex 2.21905 2.51077 11.065
      vertex 2.18919 2.56148 11.1435
    endloop
  endfacet
  facet normal -0.82076 0.291421 -0.491352
    outer loop
      vertex 2.26506 2.60523 11.0369
      vertex 2.24165 2.55717 11.0475
      vertex 2.22582 2.63668 11.1211
    endloop
  endfacet
  facet normal -0.763671 0.408637 -0.499823
    outer loop
      vertex 2.31269 2.70302 11.0369
      vertex 2.28888 2.65412 11.0333
      vertex 2.26374 2.71453 11.1211
    endloop
  endfacet
  facet normal -0.695183 0.383264 -0.608136
    outer loop
      vertex 2.37084 2.686 10.9597
      vertex 2.28888 2.65412 11.0333
      vertex 2.31269 2.70302 11.0369
    endloop
  endfacet
  facet normal -0.860712 0.438456 -0.25871
    outer loop
      vertex 2.22481 2.72033 11.211
      vertex 2.21103 2.69204 11.2089
      vertex 2.1882 2.70316 11.3037
    endloop
  endfacet
  facet normal -0.888989 -0.0143557 -0.457704
    outer loop
      vertex 2.1778 2.42608 11.1194
      vertex 2.18945 2.31361 11.1003
      vertex 2.15986 2.38924 11.1554
    endloop
  endfacet
  facet normal -0.922915 0.0817949 -0.376216
    outer loop
      vertex 2.1778 2.42608 11.1194
      vertex 2.15986 2.38924 11.1554
      vertex 2.15635 2.49406 11.1868
    endloop
  endfacet
  facet normal -0.960324 0.00473008 -0.278848
    outer loop
      vertex 2.12954 2.43901 11.2481
      vertex 2.13086 2.32971 11.2417
      vertex 2.11898 2.41734 11.2841
    endloop
  endfacet
  facet normal -0.931392 0.293363 0.215516
    outer loop
      vertex 2.1492 2.62308 11.5661
      vertex 2.15824 2.58368 11.6588
      vertex 2.15616 2.63739 11.5767
    endloop
  endfacet
  facet normal -0.904625 0.251891 -0.343809
    outer loop
      vertex 2.18919 2.56148 11.1435
      vertex 2.17215 2.52649 11.1627
      vertex 2.15824 2.58368 11.2412
    endloop
  endfacet
  facet normal -0.923563 0.213013 -0.318837
    outer loop
      vertex 2.15824 2.58368 11.2412
      vertex 2.15635 2.49406 11.1868
      vertex 2.14676 2.5601 11.2587
    endloop
  endfacet
  facet normal -0.798011 0.470996 -0.375955
    outer loop
      vertex 2.26374 2.71453 11.1211
      vertex 2.22481 2.72033 11.211
      vertex 2.23835 2.74814 11.2171
    endloop
  endfacet
  facet normal -0.819226 0.427424 -0.382331
    outer loop
      vertex 2.26374 2.71453 11.1211
      vertex 2.21103 2.69204 11.2089
      vertex 2.22481 2.72033 11.211
    endloop
  endfacet
  facet normal -0.613654 0.717089 -0.330474
    outer loop
      vertex 2.4179 2.91901 11.1554
      vertex 2.36002 2.9122 11.2481
      vertex 2.43363 2.95132 11.1963
    endloop
  endfacet
  facet normal -0.656314 0.62924 -0.416303
    outer loop
      vertex 2.38011 2.84143 11.0891
      vertex 2.33321 2.85715 11.1868
      vertex 2.39995 2.88217 11.1194
    endloop
  endfacet
  facet normal -0.564149 0.651986 -0.506606
    outer loop
      vertex 2.45084 2.85026 11.0217
      vertex 2.38011 2.84143 11.0891
      vertex 2.47439 2.89861 11.0577
    endloop
  endfacet
  facet normal -0.626888 0.523102 -0.577387
    outer loop
      vertex 2.42544 2.7981 10.9931
      vertex 2.3361 2.75108 11.0475
      vertex 2.3587 2.79748 11.065
    endloop
  endfacet
  facet normal -0.595773 0.753261 -0.278661
    outer loop
      vertex 2.44689 2.97854 11.2417
      vertex 2.36002 2.9122 11.2481
      vertex 2.37058 2.93387 11.2841
    endloop
  endfacet
  facet normal -0.564119 0.651753 -0.50694
    outer loop
      vertex 2.47439 2.89861 11.0577
      vertex 2.38011 2.84143 11.0891
      vertex 2.39995 2.88217 11.1194
    endloop
  endfacet
  facet normal -0.402354 0.787533 0.466801
    outer loop
      vertex 2.60083 2.99978 11.7933
      vertex 2.51437 2.98068 11.751
      vertex 2.57953 2.95606 11.8487
    endloop
  endfacet
  facet normal -0.257551 0.859915 0.440697
    outer loop
      vertex 2.61877 3.03662 11.7319
      vertex 2.60083 2.99978 11.7933
      vertex 2.7114 3.04904 11.7618
    endloop
  endfacet
  facet normal -0.3571 0.880193 0.312635
    outer loop
      vertex 2.54263 3.03871 11.6392
      vertex 2.5301 3.01299 11.6973
      vertex 2.63306 3.06595 11.6658
    endloop
  endfacet
  facet normal -0.559329 0.828296 -0.0328239
    outer loop
      vertex 2.47134 3.02873 11.45
      vertex 2.38879 2.97127 11.4067
      vertex 2.39004 2.97383 11.45
    endloop
  endfacet
  facet normal -0.866098 0.485846 0.11759
    outer loop
      vertex 2.18743 2.73082 11.4925
      vertex 2.18491 2.72565 11.4953
      vertex 2.22024 2.76893 11.5767
    endloop
  endfacet
  facet normal -0.490294 0.803195 0.338363
    outer loop
      vertex 2.44689 2.97854 11.6583
      vertex 2.43363 2.95132 11.7037
      vertex 2.51437 2.98068 11.751
    endloop
  endfacet
  facet normal -0.330946 0.93347 -0.138232
    outer loop
      vertex 2.64344 3.08726 11.3041
      vertex 2.55174 3.0574 11.322
      vertex 2.64974 3.1002 11.3764
    endloop
  endfacet
  facet normal -0.559329 0.828296 0.0328239
    outer loop
      vertex 2.39004 2.97383 11.45
      vertex 2.38879 2.97127 11.4933
      vertex 2.47134 3.02873 11.45
    endloop
  endfacet
  facet normal -0.805561 0.551761 -0.215942
    outer loop
      vertex 2.26381 2.80041 11.2412
      vertex 2.22024 2.76893 11.3233
      vertex 2.2272 2.78324 11.3339
    endloop
  endfacet
  facet normal -0.970239 0.2135 0.114253
    outer loop
      vertex 2.12901 2.58163 11.506
      vertex 2.1196 2.50435 11.5705
      vertex 2.13271 2.58924 11.5232
    endloop
  endfacet
  facet normal -0.994971 0.0663142 0.0750713
    outer loop
      vertex 2.10636 2.47716 11.4815
      vertex 2.10077 2.37993 11.4933
      vertex 2.10906 2.48269 11.5124
    endloop
  endfacet
  facet normal -0.695183 0.383264 0.608136
    outer loop
      vertex 2.31269 2.70302 11.8631
      vertex 2.28888 2.65412 11.8667
      vertex 2.37084 2.686 11.9403
    endloop
  endfacet
  facet normal -0.690726 0.690943 0.213296
    outer loop
      vertex 2.37058 2.93387 11.6159
      vertex 2.29478 2.86399 11.5968
      vertex 2.36002 2.9122 11.6519
    endloop
  endfacet
  facet normal -0.834986 0.54971 0.0248306
    outer loop
      vertex 2.19798 2.75249 11.4564
      vertex 2.19743 2.75137 11.4627
      vertex 2.25009 2.83022 11.4879
    endloop
  endfacet
  facet normal -0.665628 0.742511 0.0749368
    outer loop
      vertex 2.31569 2.90693 11.4815
      vertex 2.313 2.9014 11.5124
      vertex 2.38879 2.97127 11.4933
    endloop
  endfacet
  facet normal -0.594564 0.589483 0.546812
    outer loop
      vertex 2.38011 2.84143 11.8109
      vertex 2.3587 2.79748 11.835
      vertex 2.42544 2.7981 11.9069
    endloop
  endfacet
  facet normal -0.776575 0.514978 0.362945
    outer loop
      vertex 2.25143 2.77499 11.6727
      vertex 2.28237 2.75279 11.7704
      vertex 2.30037 2.78973 11.7565
    endloop
  endfacet
  facet normal -0.90435 0.252734 0.343913
    outer loop
      vertex 2.15824 2.58368 11.6588
      vertex 2.18919 2.56148 11.7565
      vertex 2.17063 2.6091 11.6727
    endloop
  endfacet
  facet normal -0.798371 0.171114 0.577342
    outer loop
      vertex 2.21905 2.51077 11.835
      vertex 2.2597 2.45784 11.9069
      vertex 2.24165 2.55717 11.8525
    endloop
  endfacet
  facet normal -0.570587 0.805362 -0.160697
    outer loop
      vertex 2.45745 3.00021 11.2905
      vertex 2.37898 2.95112 11.3231
      vertex 2.46512 3.01596 11.3422
    endloop
  endfacet
  facet normal -0.459821 0.866099 -0.196053
    outer loop
      vertex 2.54263 3.03871 11.2608
      vertex 2.45745 3.00021 11.2905
      vertex 2.55174 3.0574 11.322
    endloop
  endfacet
  facet normal -0.858365 -0.37414 -0.35104
    outer loop
      vertex 2.23842 2.07799 11.1382
      vertex 2.18599 2.14808 11.1917
      vertex 2.20177 2.1404 11.1613
    endloop
  endfacet
  facet normal -0.858356 -0.37401 -0.351201
    outer loop
      vertex 2.18599 2.14808 11.1917
      vertex 2.23842 2.07799 11.1382
      vertex 2.17681 2.12924 11.2342
    endloop
  endfacet
  facet normal -0.858318 -0.374228 -0.351061
    outer loop
      vertex 2.23842 2.07799 11.1382
      vertex 2.22262 2.04556 11.2114
      vertex 2.17681 2.12924 11.2342
    endloop
  endfacet
  facet normal -0.808109 -0.518941 0.278675
    outer loop
      vertex 2.21114 2.02198 11.6114
      vertex 2.27916 1.96761 11.7074
      vertex 2.22262 2.04556 11.6886
    endloop
  endfacet
  facet normal -0.875691 -0.409805 0.255391
    outer loop
      vertex 2.17681 2.12924 11.6658
      vertex 2.21114 2.02198 11.6114
      vertex 2.22262 2.04556 11.6886
    endloop
  endfacet
  facet normal -0.827412 -0.558732 0.0566483
    outer loop
      vertex 2.20184 2.00288 11.45
      vertex 2.25674 1.92158 11.45
      vertex 2.25926 1.92675 11.5378
    endloop
  endfacet
  facet normal -0.7473 -0.661735 0.0604142
    outer loop
      vertex 2.25674 1.92158 11.45
      vertex 2.32178 1.84813 11.45
      vertex 2.25926 1.92675 11.5378
    endloop
  endfacet
  facet normal -0.827412 -0.558732 -0.0566313
    outer loop
      vertex 2.20417 2.00768 11.3686
      vertex 2.25674 1.92158 11.45
      vertex 2.20184 2.00288 11.45
    endloop
  endfacet
  facet normal -0.740339 -0.647597 0.180325
    outer loop
      vertex 2.25926 1.92675 11.5378
      vertex 2.32444 1.8536 11.5427
      vertex 2.33238 1.86989 11.6338
    endloop
  endfacet
  facet normal -0.944337 -0.325707 0.0462788
    outer loop
      vertex 2.12603 2.1834 11.45
      vertex 2.15802 2.09065 11.45
      vertex 2.16013 2.09499 11.5236
    endloop
  endfacet
  facet normal -0.928541 -0.293464 0.227353
    outer loop
      vertex 2.13341 2.19854 11.578
      vertex 2.16643 2.10793 11.5959
      vertex 2.17681 2.12924 11.6658
    endloop
  endfacet
  facet normal -0.904625 0.251891 0.343809
    outer loop
      vertex 2.15824 2.58368 11.6588
      vertex 2.17215 2.52649 11.7373
      vertex 2.18919 2.56148 11.7565
    endloop
  endfacet
  facet normal -0.821017 0.290853 0.491259
    outer loop
      vertex 2.22582 2.63668 11.7789
      vertex 2.20718 2.59842 11.7704
      vertex 2.26506 2.60523 11.8631
    endloop
  endfacet
  facet normal -0.960634 0.00466363 0.277777
    outer loop
      vertex 2.12954 2.43901 11.6519
      vertex 2.13086 2.32971 11.6583
      vertex 2.14412 2.35693 11.7037
    endloop
  endfacet
  facet normal -0.94293 0.0410499 0.33045
    outer loop
      vertex 2.12954 2.43901 11.6519
      vertex 2.14412 2.35693 11.7037
      vertex 2.15986 2.38924 11.7446
    endloop
  endfacet
  facet normal -0.969802 0.117919 0.213494
    outer loop
      vertex 2.12727 2.5201 11.5968
      vertex 2.11898 2.41734 11.6159
      vertex 2.12954 2.43901 11.6519
    endloop
  endfacet
  facet normal -0.960324 0.00473008 0.278848
    outer loop
      vertex 2.11898 2.41734 11.6159
      vertex 2.13086 2.32971 11.6583
      vertex 2.12954 2.43901 11.6519
    endloop
  endfacet
  facet normal -0.93885 0.336538 -0.0728135
    outer loop
      vertex 2.13737 2.5988 11.3609
      vertex 2.13271 2.58924 11.3768
      vertex 2.15809 2.67058 11.4255
    endloop
  endfacet
  facet normal -0.91306 -0.0648747 -0.402632
    outer loop
      vertex 2.15986 2.38924 11.1554
      vertex 2.17078 2.27527 11.149
      vertex 2.14412 2.35693 11.1963
    endloop
  endfacet
  facet normal -0.974782 -0.0248471 -0.22177
    outer loop
      vertex 2.13086 2.32971 11.2417
      vertex 2.12031 2.30804 11.2905
      vertex 2.11898 2.41734 11.2841
    endloop
  endfacet
  facet normal -0.944336 -0.32571 0.0462748
    outer loop
      vertex 2.12603 2.1834 11.45
      vertex 2.16013 2.09499 11.5236
      vertex 2.12788 2.1872 11.5145
    endloop
  endfacet
  facet normal -0.997847 0.060525 0.0252418
    outer loop
      vertex 2.10546 2.47531 11.45
      vertex 2.09952 2.37738 11.45
      vertex 2.10077 2.37993 11.4933
    endloop
  endfacet
  facet normal -0.981574 0.190326 -0.0170051
    outer loop
      vertex 2.12468 2.57275 11.4309
      vertex 2.10636 2.47716 11.4185
      vertex 2.12413 2.57162 11.45
    endloop
  endfacet
  facet normal -0.478072 -0.684148 -0.550807
    outer loop
      vertex 2.54542 1.86874 10.9944
      vertex 2.5216 1.81985 11.0758
      vertex 2.43901 1.87241 11.0822
    endloop
  endfacet
  facet normal -0.272233 -0.856513 -0.438492
    outer loop
      vertex 2.68347 1.70601 11.1685
      vertex 2.59084 1.73796 11.1636
      vertex 2.7021 1.74427 11.0822
    endloop
  endfacet
  facet normal -0.364107 -0.747538 -0.55553
    outer loop
      vertex 2.54542 1.86874 10.9944
      vertex 2.6098 1.77689 11.0758
      vertex 2.5216 1.81985 11.0758
    endloop
  endfacet
  facet normal -0.364107 -0.747538 -0.55553
    outer loop
      vertex 2.6098 1.77689 11.0758
      vertex 2.54542 1.86874 10.9944
      vertex 2.63362 1.82578 10.9944
    endloop
  endfacet
  facet normal -0.243906 -0.79821 -0.55079
    outer loop
      vertex 2.7021 1.74427 11.0822
      vertex 2.6098 1.77689 11.0758
      vertex 2.63362 1.82578 10.9944
    endloop
  endfacet
  facet normal -0.771821 0.0275358 -0.635244
    outer loop
      vertex 2.27975 2.35312 10.9642
      vertex 2.2343 2.40568 11.0217
      vertex 2.2597 2.45784 10.9931
    endloop
  endfacet
  facet normal -0.768717 0.033984 -0.638685
    outer loop
      vertex 2.2343 2.40568 11.0217
      vertex 2.27975 2.35312 10.9642
      vertex 2.27774 2.349 10.9664
    endloop
  endfacet
  facet normal -0.443466 -0.612929 -0.653955
    outer loop
      vertex 2.4902 1.97751 10.9299
      vertex 2.54542 1.86874 10.9944
      vertex 2.46242 1.92047 11.0022
    endloop
  endfacet
  facet normal -0.679896 -0.523393 -0.513615
    outer loop
      vertex 2.38605 1.98008 11.0177
      vertex 2.36345 1.93368 11.0949
      vertex 2.2962 2.00259 11.1137
    endloop
  endfacet
  facet normal -0.583961 -0.608869 -0.536905
    outer loop
      vertex 2.38605 1.98008 11.0177
      vertex 2.43901 1.87241 11.0822
      vertex 2.36345 1.93368 11.0949
    endloop
  endfacet
  facet normal -0.316113 -0.946509 -0.0647613
    outer loop
      vertex 2.65895 1.65567 11.45
      vertex 2.56589 1.68675 11.45
      vertex 2.6617 1.66132 11.354
    endloop
  endfacet
  facet normal -0.189931 -0.979767 -0.0631041
    outer loop
      vertex 2.75526 1.637 11.45
      vertex 2.65895 1.65567 11.45
      vertex 2.6617 1.66132 11.354
    endloop
  endfacet
  facet normal -0.542973 -0.817167 0.193438
    outer loop
      vertex 2.39861 1.78947 11.546
      vertex 2.4805 1.73546 11.5477
      vertex 2.48886 1.75263 11.6437
    endloop
  endfacet
  facet normal -0.429478 -0.88175 0.195105
    outer loop
      vertex 2.5687 1.6925 11.5477
      vertex 2.48886 1.75263 11.6437
      vertex 2.4805 1.73546 11.5477
    endloop
  endfacet
  facet normal -0.429478 -0.88175 0.195105
    outer loop
      vertex 2.48886 1.75263 11.6437
      vertex 2.5687 1.6925 11.5477
      vertex 2.57706 1.70967 11.6437
    endloop
  endfacet
  facet normal -0.747251 -0.661783 0.0604923
    outer loop
      vertex 2.25926 1.92675 11.5378
      vertex 2.32178 1.84813 11.45
      vertex 2.32444 1.8536 11.5427
    endloop
  endfacet
  facet normal -0.647114 -0.738724 0.188495
    outer loop
      vertex 2.32444 1.8536 11.5427
      vertex 2.39861 1.78947 11.546
      vertex 2.33238 1.86989 11.6338
    endloop
  endfacet
  facet normal -0.647114 -0.738724 -0.188495
    outer loop
      vertex 2.33238 1.86989 11.2662
      vertex 2.39861 1.78947 11.354
      vertex 2.32444 1.8536 11.3573
    endloop
  endfacet
  facet normal -0.654352 -0.753541 -0.0632411
    outer loop
      vertex 2.32444 1.8536 11.3573
      vertex 2.39861 1.78947 11.354
      vertex 2.32178 1.84813 11.45
    endloop
  endfacet
  facet normal -0.414654 -0.851315 -0.321442
    outer loop
      vertex 2.50264 1.78092 11.1636
      vertex 2.57706 1.70967 11.2563
      vertex 2.48886 1.75263 11.2563
    endloop
  endfacet
  facet normal -0.414654 -0.851315 -0.321442
    outer loop
      vertex 2.57706 1.70967 11.2563
      vertex 2.50264 1.78092 11.1636
      vertex 2.59084 1.73796 11.1636
    endloop
  endfacet
  facet normal -0.61161 -0.665882 -0.427241
    outer loop
      vertex 2.43901 1.87241 11.0822
      vertex 2.42038 1.83415 11.1685
      vertex 2.34546 1.89674 11.1782
    endloop
  endfacet
  facet normal -0.632799 -0.70934 -0.310486
    outer loop
      vertex 2.42038 1.83415 11.1685
      vertex 2.33238 1.86989 11.2662
      vertex 2.34546 1.89674 11.1782
    endloop
  endfacet
  facet normal -0.145529 -0.0012251 0.989353
    outer loop
      vertex 2.67593 2.35881 12.1793
      vertex 2.76264 2.31471 12.192
      vertex 2.80541 2.40253 12.1984
    endloop
  endfacet
  facet normal -0.202077 -0.11672 0.972389
    outer loop
      vertex 2.6346 2.27396 12.1605
      vertex 2.72059 2.22839 12.1729
      vertex 2.76264 2.31471 12.192
    endloop
  endfacet
  facet normal -0.497599 0.590631 0.635256
    outer loop
      vertex 2.45084 2.85026 11.8783
      vertex 2.42544 2.7981 11.9069
      vertex 2.5284 2.85107 11.9383
    endloop
  endfacet
  facet normal -0.473867 -0.0999078 0.87491
    outer loop
      vertex 2.47506 2.36979 12.0997
      vertex 2.51376 2.24228 12.1061
      vertex 2.55229 2.32137 12.136
    endloop
  endfacet
  facet normal 0.0453082 -0.497644 0.866197
    outer loop
      vertex 2.85779 2.06391 12.1296
      vertex 2.82 1.98632 12.087
      vertex 2.94724 2.03115 12.1061
    endloop
  endfacet
  facet normal 0.212989 -0.433448 0.875648
    outer loop
      vertex 3.0715 2.07928 12.0997
      vertex 2.94724 2.03115 12.1061
      vertex 3.03501 2.00438 12.0715
    endloop
  endfacet
  facet normal 0.422344 -0.00476775 0.906423
    outer loop
      vertex 3.10684 2.35882 12.1541
      vertex 3.18618 2.31473 12.1169
      vertex 3.22397 2.39231 12.0997
    endloop
  endfacet
  facet normal 0.314411 0.0562368 0.94762
    outer loop
      vertex 3.06442 2.48814 12.1605
      vertex 3.10684 2.35882 12.1541
      vertex 3.14674 2.44074 12.136
    endloop
  endfacet
  facet normal 0.00252361 0.595287 0.803509
    outer loop
      vertex 2.91406 2.84771 12.0336
      vertex 2.78827 2.80586 12.065
      vertex 2.87902 2.77578 12.087
    endloop
  endfacet
  facet normal -0.118504 0.628734 0.768538
    outer loop
      vertex 2.8221 2.87531 12.0134
      vertex 2.69857 2.82868 12.0325
      vertex 2.78827 2.80586 12.065
    endloop
  endfacet
  facet normal -0.535455 0.513851 0.670258
    outer loop
      vertex 2.42544 2.7981 11.9069
      vertex 2.46884 2.7288 11.9947
      vertex 2.49943 2.79159 11.971
    endloop
  endfacet
  facet normal -0.43455 0.496346 0.751536
    outer loop
      vertex 2.57941 2.77806 12.0261
      vertex 2.46884 2.7288 11.9947
      vertex 2.54558 2.70862 12.0524
    endloop
  endfacet
  facet normal -0.648033 -0.457418 0.608951
    outer loop
      vertex 2.34301 2.0987 11.9256
      vertex 2.38605 1.98008 11.8823
      vertex 2.41287 2.03514 11.9522
    endloop
  endfacet
  facet normal -0.734355 -0.367192 0.570871
    outer loop
      vertex 2.25827 2.11873 11.8296
      vertex 2.31761 2.04654 11.8595
      vertex 2.28182 2.16709 11.891
    endloop
  endfacet
  facet normal -0.584116 -0.608746 0.536876
    outer loop
      vertex 2.38605 1.98008 11.8823
      vertex 2.36345 1.93368 11.8051
      vertex 2.46242 1.92047 11.8978
    endloop
  endfacet
  facet normal -0.679896 -0.523393 0.513615
    outer loop
      vertex 2.2962 2.00259 11.7863
      vertex 2.36345 1.93368 11.8051
      vertex 2.38605 1.98008 11.8823
    endloop
  endfacet
  facet normal -0.536769 0.708797 -0.457696
    outer loop
      vertex 2.49569 2.94234 11.1003
      vertex 2.39995 2.88217 11.1194
      vertex 2.4179 2.91901 11.1554
    endloop
  endfacet
  facet normal -0.358097 0.879781 -0.312653
    outer loop
      vertex 2.63306 3.06595 11.2342
      vertex 2.62388 3.04711 11.1917
      vertex 2.61895 3.04951 11.2041
    endloop
  endfacet
  facet normal -0.356786 0.880044 -0.313411
    outer loop
      vertex 2.61895 3.04951 11.2041
      vertex 2.5301 3.01299 11.2027
      vertex 2.63306 3.06595 11.2342
    endloop
  endfacet
  facet normal -0.356833 0.880145 -0.313073
    outer loop
      vertex 2.5301 3.01299 11.2027
      vertex 2.61895 3.04951 11.2041
      vertex 2.61176 3.03475 11.1708
    endloop
  endfacet
  facet normal 0.0749758 0.451665 0.889032
    outer loop
      vertex 2.87902 2.77578 12.087
      vertex 2.84124 2.6982 12.1296
      vertex 2.96927 2.73895 12.0981
    endloop
  endfacet
  facet normal -0.045289 0.497682 0.866177
    outer loop
      vertex 2.87902 2.77578 12.087
      vertex 2.75179 2.73096 12.1061
      vertex 2.84124 2.6982 12.1296
    endloop
  endfacet
  facet normal 0.308884 0.337329 0.889269
    outer loop
      vertex 3.01902 2.61705 12.1414
      vertex 3.10432 2.57005 12.1296
      vertex 3.05747 2.69599 12.0981
    endloop
  endfacet
  facet normal 0.260146 -0.0563462 0.963924
    outer loop
      vertex 3.0231 2.4033 12.1793
      vertex 2.98106 2.31698 12.1856
      vertex 3.10684 2.35882 12.1541
    endloop
  endfacet
  facet normal 0.369824 -0.11263 0.92225
    outer loop
      vertex 3.10684 2.35882 12.1541
      vertex 3.06625 2.27549 12.1602
      vertex 3.18618 2.31473 12.1169
    endloop
  endfacet
  facet normal 0.0464915 0.686199 0.725927
    outer loop
      vertex 2.94574 2.91274 11.9701
      vertex 2.8221 2.87531 12.0134
      vertex 2.91406 2.84771 12.0336
    endloop
  endfacet
  facet normal 0.272296 0.856503 0.438472
    outer loop
      vertex 3.10818 3.02414 11.7364
      vertex 2.99692 3.01784 11.8178
      vertex 3.08922 2.98522 11.8242
    endloop
  endfacet
  facet normal -0.00658284 0.858219 0.513241
    outer loop
      vertex 2.80638 3.05002 11.7863
      vertex 2.78497 3.00608 11.8595
      vertex 2.8795 2.99317 11.8823
    endloop
  endfacet
  facet normal -0.463327 0.662396 0.588694
    outer loop
      vertex 2.47439 2.89861 11.8423
      vertex 2.5284 2.85107 11.9383
      vertex 2.55525 2.9062 11.8974
    endloop
  endfacet
  facet normal 0.00233389 0.595653 0.803238
    outer loop
      vertex 2.8221 2.87531 12.0134
      vertex 2.78827 2.80586 12.065
      vertex 2.91406 2.84771 12.0336
    endloop
  endfacet
  facet normal 0.329216 0.675905 0.659371
    outer loop
      vertex 3.06541 2.93632 11.9056
      vertex 3.12534 2.83533 11.9792
      vertex 3.15361 2.89336 11.9056
    endloop
  endfacet
  facet normal 0.329216 0.675905 0.659371
    outer loop
      vertex 3.12534 2.83533 11.9792
      vertex 3.06541 2.93632 11.9056
      vertex 3.03714 2.87829 11.9792
    endloop
  endfacet
  facet normal 0.243886 0.798184 0.550837
    outer loop
      vertex 3.08922 2.98522 11.8242
      vertex 2.97352 2.96978 11.8978
      vertex 3.06541 2.93632 11.9056
    endloop
  endfacet
  facet normal 0.0193434 0.912461 0.408706
    outer loop
      vertex 2.92009 3.0765 11.7218
      vertex 2.80638 3.05002 11.7863
      vertex 2.9021 3.03957 11.8051
    endloop
  endfacet
  facet normal 0.56818 0.294317 0.768472
    outer loop
      vertex 3.22175 2.59473 12.065
      vertex 3.29501 2.53816 12.0325
      vertex 3.25557 2.66417 12.0134
    endloop
  endfacet
  facet normal 0.611628 0.665798 0.427344
    outer loop
      vertex 3.26001 2.8897 11.8178
      vertex 3.33558 2.82843 11.8051
      vertex 3.35357 2.86537 11.7218
    endloop
  endfacet
  facet normal 0.52225 -0.0664098 0.850203
    outer loop
      vertex 3.22397 2.39231 12.0997
      vertex 3.25976 2.27177 12.0683
      vertex 3.29479 2.34369 12.0524
    endloop
  endfacet
  facet normal 0.616759 0.125026 0.77716
    outer loop
      vertex 3.26045 2.46722 12.0715
      vertex 3.32862 2.41314 12.0261
      vertex 3.36065 2.47891 11.9901
    endloop
  endfacet
  facet normal -0.430788 0.729154 0.531747
    outer loop
      vertex 2.57953 2.95606 11.8487
      vertex 2.47439 2.89861 11.8423
      vertex 2.55525 2.9062 11.8974
    endloop
  endfacet
  facet normal -0.199331 0.731862 0.651648
    outer loop
      vertex 2.668 2.95994 11.891
      vertex 2.64114 2.90481 11.9447
      vertex 2.7306 2.89445 11.9837
    endloop
  endfacet
  facet normal -0.00720051 0.858008 0.513586
    outer loop
      vertex 2.80638 3.05002 11.7863
      vertex 2.8795 2.99317 11.8823
      vertex 2.9021 3.03957 11.8051
    endloop
  endfacet
  facet normal 0.0398654 0.953993 0.297167
    outer loop
      vertex 2.83581 3.11044 11.6241
      vertex 2.82342 3.08501 11.7074
      vertex 2.93317 3.10335 11.6338
    endloop
  endfacet
  facet normal -0.205556 0.966318 0.154846
    outer loop
      vertex 2.74564 3.11935 11.5314
      vertex 2.64974 3.1002 11.5236
      vertex 2.73868 3.10505 11.6114
    endloop
  endfacet
  facet normal 0.182692 0.964937 0.188468
    outer loop
      vertex 2.94111 3.11964 11.5427
      vertex 2.93317 3.10335 11.6338
      vertex 3.03732 3.10078 11.546
    endloop
  endfacet
  facet normal -0.377451 0.838567 0.392856
    outer loop
      vertex 2.61877 3.03662 11.7319
      vertex 2.51437 2.98068 11.751
      vertex 2.60083 2.99978 11.7933
    endloop
  endfacet
  facet normal -0.257299 0.859705 0.441253
    outer loop
      vertex 2.7114 3.04904 11.7618
      vertex 2.60083 2.99978 11.7933
      vertex 2.69155 3.0083 11.8296
    endloop
  endfacet
  facet normal -0.234602 0.906452 -0.351151
    outer loop
      vertex 2.63306 3.06595 11.2342
      vertex 2.63967 3.03942 11.1613
      vertex 2.62388 3.04711 11.1917
    endloop
  endfacet
  facet normal -0.234651 0.906439 -0.351151
    outer loop
      vertex 2.63967 3.03942 11.1613
      vertex 2.63306 3.06595 11.2342
      vertex 2.7114 3.04904 11.1382
    endloop
  endfacet
  facet normal -0.234494 0.906524 -0.351037
    outer loop
      vertex 2.7114 3.04904 11.1382
      vertex 2.63306 3.06595 11.2342
      vertex 2.72719 3.08147 11.2114
    endloop
  endfacet
  facet normal 0.182679 0.964943 -0.188452
    outer loop
      vertex 3.0291 3.0839 11.2596
      vertex 2.93317 3.10335 11.2662
      vertex 3.03732 3.10078 11.354
    endloop
  endfacet
  facet normal -0.0896266 0.956182 -0.278717
    outer loop
      vertex 2.82342 3.08501 11.1926
      vertex 2.72719 3.08147 11.2114
      vertex 2.73868 3.10505 11.2886
    endloop
  endfacet
  facet normal -0.840015 -0.111482 -0.530987
    outer loop
      vertex 2.24946 2.29094 11.0104
      vertex 2.21075 2.35733 11.0577
      vertex 2.25115 2.2944 11.007
    endloop
  endfacet
  facet normal -0.839261 -0.10997 -0.532492
    outer loop
      vertex 2.21075 2.35733 11.0577
      vertex 2.24946 2.29094 11.0104
      vertex 2.18945 2.31361 11.1003
    endloop
  endfacet
  facet normal -0.730357 0.311062 -0.608128
    outer loop
      vertex 2.28888 2.65412 11.0333
      vertex 2.31431 2.56994 10.9597
      vertex 2.26506 2.60523 11.0369
    endloop
  endfacet
  facet normal -0.76467 0.240617 -0.597816
    outer loop
      vertex 2.31431 2.56994 10.9597
      vertex 2.24165 2.55717 11.0475
      vertex 2.26506 2.60523 11.0369
    endloop
  endfacet
  facet normal -0.94293 0.0410499 -0.33045
    outer loop
      vertex 2.15986 2.38924 11.1554
      vertex 2.14412 2.35693 11.1963
      vertex 2.12954 2.43901 11.2481
    endloop
  endfacet
  facet normal -0.91359 -0.0649942 -0.401409
    outer loop
      vertex 2.18945 2.31361 11.1003
      vertex 2.17078 2.27527 11.149
      vertex 2.15986 2.38924 11.1554
    endloop
  endfacet
  facet normal 0.414654 0.851315 -0.321442
    outer loop
      vertex 3.19638 2.98118 11.1636
      vertex 3.12196 3.05243 11.2563
      vertex 3.21016 3.00947 11.2563
    endloop
  endfacet
  facet normal 0.414654 0.851315 -0.321442
    outer loop
      vertex 3.12196 3.05243 11.2563
      vertex 3.19638 2.98118 11.1636
      vertex 3.10818 3.02414 11.1636
    endloop
  endfacet
  facet normal 0.119474 0.835131 -0.536919
    outer loop
      vertex 2.99692 3.01784 11.0822
      vertex 2.8795 2.99317 11.0177
      vertex 2.9021 3.03957 11.0949
    endloop
  endfacet
  facet normal 0.147206 0.892058 -0.427274
    outer loop
      vertex 2.99692 3.01784 11.0822
      vertex 2.9021 3.03957 11.0949
      vertex 2.92009 3.0765 11.1782
    endloop
  endfacet
  facet normal -0.0701919 0.99592 0.0567097
    outer loop
      vertex 2.74798 3.12415 11.45
      vertex 2.74564 3.11935 11.5314
      vertex 2.84332 3.12587 11.5378
    endloop
  endfacet
  facet normal 0.0477733 0.687059 -0.725029
    outer loop
      vertex 2.91737 2.90416 10.9199
      vertex 2.85268 2.9381 10.9478
      vertex 2.94574 2.91274 10.9299
    endloop
  endfacet
  facet normal 0.0434183 0.682506 -0.729589
    outer loop
      vertex 2.85268 2.9381 10.9478
      vertex 2.91737 2.90416 10.9199
      vertex 2.85172 2.93613 10.9459
    endloop
  endfacet
  facet normal -0.0392111 0.792092 -0.60914
    outer loop
      vertex 2.8795 2.99317 11.0177
      vertex 2.84502 2.9394 10.95
      vertex 2.79285 2.96481 10.9864
    endloop
  endfacet
  facet normal -0.0403661 0.792337 -0.608747
    outer loop
      vertex 2.84502 2.9394 10.95
      vertex 2.8795 2.99317 11.0177
      vertex 2.85268 2.9381 10.9478
    endloop
  endfacet
  facet normal 0.888903 0.0143169 -0.457872
    outer loop
      vertex 3.53917 2.37287 11.1554
      vertex 3.52122 2.33602 11.1194
      vertex 3.50957 2.4485 11.1003
    endloop
  endfacet
  facet normal 0.734467 -0.104426 -0.670562
    outer loop
      vertex 3.4125 2.2492 10.9723
      vertex 3.36443 2.29639 10.9123
      vertex 3.43932 2.30427 10.9931
    endloop
  endfacet
  facet normal 0.73757 -0.0981368 -0.668101
    outer loop
      vertex 3.36443 2.29639 10.9123
      vertex 3.4125 2.2492 10.9723
      vertex 3.36231 2.29203 10.9106
    endloop
  endfacet
  facet normal 0.695137 -0.185495 -0.694533
    outer loop
      vertex 3.36011 2.28752 10.9096
      vertex 3.38472 2.19216 10.9597
      vertex 3.33094 2.22763 10.8964
    endloop
  endfacet
  facet normal 0.243893 0.798182 -0.550838
    outer loop
      vertex 3.08922 2.98522 11.0758
      vertex 3.06541 2.93632 10.9944
      vertex 2.99692 3.01784 11.0822
    endloop
  endfacet
  facet normal 0.443451 0.612938 -0.653956
    outer loop
      vertex 3.2366 2.84164 11.0022
      vertex 3.20882 2.7846 10.9299
      vertex 3.15361 2.89336 10.9944
    endloop
  endfacet
  facet normal 0.478099 0.684082 -0.550866
    outer loop
      vertex 3.26001 2.8897 11.0822
      vertex 3.2366 2.84164 11.0022
      vertex 3.15361 2.89336 10.9944
    endloop
  endfacet
  facet normal 0.182679 0.964943 0.188452
    outer loop
      vertex 3.03732 3.10078 11.546
      vertex 2.93317 3.10335 11.6338
      vertex 3.0291 3.0839 11.6404
    endloop
  endfacet
  facet normal 0.316141 0.94649 -0.0648925
    outer loop
      vertex 3.13313 3.07536 11.45
      vertex 3.03732 3.10078 11.354
      vertex 3.04008 3.10644 11.45
    endloop
  endfacet
  facet normal 0.308662 0.931287 0.193476
    outer loop
      vertex 3.03732 3.10078 11.546
      vertex 3.12196 3.05243 11.6437
      vertex 3.13033 3.0696 11.5477
    endloop
  endfacet
  facet normal 0.168321 0.935549 0.310509
    outer loop
      vertex 2.93317 3.10335 11.6338
      vertex 3.01556 3.0561 11.7315
      vertex 3.0291 3.0839 11.6404
    endloop
  endfacet
  facet normal 0.550361 0.832407 0.0648135
    outer loop
      vertex 3.22133 3.0324 11.45
      vertex 3.30041 2.97264 11.546
      vertex 3.30317 2.97829 11.45
    endloop
  endfacet
  facet normal 0.747201 0.661845 -0.0604232
    outer loop
      vertex 3.37724 2.91397 11.45
      vertex 3.43977 2.83536 11.3622
      vertex 3.37458 2.90851 11.3573
    endloop
  endfacet
  facet normal 0.747205 0.661842 -0.0604178
    outer loop
      vertex 3.44229 2.84053 11.45
      vertex 3.43977 2.83536 11.3622
      vertex 3.37724 2.91397 11.45
    endloop
  endfacet
  facet normal 0.820949 0.545385 0.169111
    outer loop
      vertex 3.43225 2.81992 11.6241
      vertex 3.48788 2.74012 11.6114
      vertex 3.43977 2.83536 11.5378
    endloop
  endfacet
  facet normal 0.654353 0.753547 0.0631601
    outer loop
      vertex 3.30041 2.97264 11.546
      vertex 3.37458 2.90851 11.5427
      vertex 3.37724 2.91397 11.45
    endloop
  endfacet
  facet normal -0.243318 -0.499549 0.831413
    outer loop
      vertex 2.64155 2.06612 12.0981
      vertex 2.69411 1.94998 12.0437
      vertex 2.72975 2.02316 12.0981
    endloop
  endfacet
  facet normal -0.243318 -0.499549 0.831413
    outer loop
      vertex 2.69411 1.94998 12.0437
      vertex 2.64155 2.06612 12.0981
      vertex 2.60591 1.99294 12.0437
    endloop
  endfacet
  facet normal -0.288604 -0.592525 0.752079
    outer loop
      vertex 2.60591 1.99294 12.0437
      vertex 2.66188 1.88381 11.9792
      vertex 2.69411 1.94998 12.0437
    endloop
  endfacet
  facet normal -0.288604 -0.592525 0.752079
    outer loop
      vertex 2.66188 1.88381 11.9792
      vertex 2.60591 1.99294 12.0437
      vertex 2.57368 1.92677 11.9792
    endloop
  endfacet
  facet normal 0.0326734 -0.231076 0.972387
    outer loop
      vertex 2.85084 2.27175 12.192
      vertex 2.80879 2.18543 12.1729
      vertex 2.89769 2.14582 12.1605
    endloop
  endfacet
  facet normal 0.0323102 -0.231207 0.972368
    outer loop
      vertex 2.85084 2.27175 12.192
      vertex 2.89769 2.14582 12.1605
      vertex 2.93901 2.23066 12.1793
    endloop
  endfacet
  facet normal 0.393001 -0.582619 0.711411
    outer loop
      vertex 3.1996 1.97051 11.971
      vertex 3.08758 1.91827 11.9901
      vertex 3.17063 1.91104 11.9383
    endloop
  endfacet
  facet normal 0.392602 -0.581285 0.712721
    outer loop
      vertex 3.11962 1.98405 12.0261
      vertex 3.08758 1.91827 11.9901
      vertex 3.1996 1.97051 11.971
    endloop
  endfacet
  facet normal 0.118531 -0.628786 0.768492
    outer loop
      vertex 2.91075 1.95624 12.065
      vertex 2.87693 1.8868 12.0134
      vertex 3.00046 1.93343 12.0325
    endloop
  endfacet
  facet normal 0.0966917 -0.392197 0.914785
    outer loop
      vertex 2.89769 2.14582 12.1605
      vertex 2.85779 2.06391 12.1296
      vertex 2.94724 2.03115 12.1061
    endloop
  endfacet
  facet normal 0.149567 -0.282222 0.947618
    outer loop
      vertex 3.02566 2.19215 12.1541
      vertex 2.89769 2.14582 12.1605
      vertex 2.98576 2.11023 12.136
    endloop
  endfacet
  facet normal -0.00254723 -0.595333 0.803475
    outer loop
      vertex 2.82 1.98632 12.087
      vertex 2.78497 1.9144 12.0336
      vertex 2.91075 1.95624 12.065
    endloop
  endfacet
  facet normal -0.0862419 -0.766222 0.636763
    outer loop
      vertex 2.75329 1.84936 11.9701
      vertex 2.81952 1.76894 11.8823
      vertex 2.84635 1.82401 11.9522
    endloop
  endfacet
  facet normal -0.085545 -0.766018 0.637102
    outer loop
      vertex 2.75329 1.84936 11.9701
      vertex 2.72551 1.79233 11.8978
      vertex 2.81952 1.76894 11.8823
    endloop
  endfacet
  facet normal 0.462191 -0.663328 0.588537
    outer loop
      vertex 3.17063 1.91104 11.9383
      vertex 3.22463 1.86349 11.8423
      vertex 3.24818 1.91184 11.8783
    endloop
  endfacet
  facet normal 0.199372 -0.731785 0.651722
    outer loop
      vertex 2.96842 1.86766 11.9837
      vertex 3.03103 1.80216 11.891
      vertex 3.05788 1.8573 11.9447
    endloop
  endfacet
  facet normal 0.707888 -0.523268 0.474432
    outer loop
      vertex 3.41665 2.00932 11.7704
      vertex 3.34032 1.96463 11.835
      vertex 3.39866 1.97238 11.7565
    endloop
  endfacet
  facet normal 0.594696 -0.589389 0.54677
    outer loop
      vertex 3.27359 1.964 11.9069
      vertex 3.31892 1.92068 11.8109
      vertex 3.34032 1.96463 11.835
    endloop
  endfacet
  facet normal 0.463336 -0.662376 0.588709
    outer loop
      vertex 3.17063 1.91104 11.9383
      vertex 3.14377 1.8559 11.8974
      vertex 3.22463 1.86349 11.8423
    endloop
  endfacet
  facet normal 0.401549 -0.788146 0.46646
    outer loop
      vertex 3.20334 1.81977 11.7997
      vertex 3.11949 1.80605 11.8487
      vertex 3.18466 1.78143 11.751
    endloop
  endfacet
  facet normal 0.512072 -0.759374 0.401414
    outer loop
      vertex 3.20334 1.81977 11.7997
      vertex 3.18466 1.78143 11.751
      vertex 3.28113 1.8431 11.7446
    endloop
  endfacet
  facet normal 0.108409 -0.91726 0.383251
    outer loop
      vertex 2.89264 1.71208 11.7863
      vertex 2.8756 1.6771 11.7074
      vertex 2.98763 1.71307 11.7618
    endloop
  endfacet
  facet normal -0.168197 -0.935538 -0.310608
    outer loop
      vertex 2.76586 1.65876 11.2662
      vertex 2.66992 1.6782 11.2596
      vertex 2.68347 1.70601 11.1685
    endloop
  endfacet
  facet normal -0.182564 -0.964966 -0.188446
    outer loop
      vertex 2.76586 1.65876 11.2662
      vertex 2.6617 1.66132 11.354
      vertex 2.66992 1.6782 11.2596
    endloop
  endfacet
  facet normal -0.189931 -0.979767 0.0631041
    outer loop
      vertex 2.6617 1.66132 11.546
      vertex 2.65895 1.65567 11.45
      vertex 2.75526 1.637 11.45
    endloop
  endfacet
  facet normal -0.436998 -0.897087 -0.0653209
    outer loop
      vertex 2.4805 1.73546 11.3523
      vertex 2.56589 1.68675 11.45
      vertex 2.4777 1.72971 11.45
    endloop
  endfacet
  facet normal -0.436957 -0.897104 -0.0653654
    outer loop
      vertex 2.56589 1.68675 11.45
      vertex 2.4805 1.73546 11.3523
      vertex 2.5687 1.6925 11.3523
    endloop
  endfacet
  facet normal -0.0193485 -0.912458 -0.408713
    outer loop
      vertex 2.8756 1.6771 11.1926
      vertex 2.77893 1.6856 11.1782
      vertex 2.89264 1.71208 11.1137
    endloop
  endfacet
  facet normal 0.0766276 -0.982631 -0.169012
    outer loop
      vertex 2.96035 1.65706 11.2886
      vertex 2.8557 1.63624 11.3622
      vertex 2.86322 1.65167 11.2759
    endloop
  endfacet
  facet normal -0.189879 -0.979774 0.0631569
    outer loop
      vertex 2.75792 1.64246 11.5427
      vertex 2.6617 1.66132 11.546
      vertex 2.75526 1.637 11.45
    endloop
  endfacet
  facet normal 0.163579 -0.804609 0.570829
    outer loop
      vertex 3.03103 1.80216 11.891
      vertex 2.91405 1.75603 11.8595
      vertex 3.00747 1.75381 11.8296
    endloop
  endfacet
  facet normal 0.199613 -0.978501 0.0518664
    outer loop
      vertex 2.95338 1.64275 11.5314
      vertex 2.95105 1.63796 11.45
      vertex 3.04928 1.6619 11.5236
    endloop
  endfacet
  facet normal 0.199613 -0.978501 -0.0518664
    outer loop
      vertex 3.04928 1.6619 11.3764
      vertex 2.95105 1.63796 11.45
      vertex 2.95338 1.64275 11.3686
    endloop
  endfacet
  facet normal 0.00711566 -0.857998 0.513605
    outer loop
      vertex 2.81952 1.76894 11.8823
      vertex 2.79692 1.72254 11.8051
      vertex 2.89264 1.71208 11.7863
    endloop
  endfacet
  facet normal 0.108495 -0.917311 0.383106
    outer loop
      vertex 2.98763 1.71307 11.7618
      vertex 2.8756 1.6771 11.7074
      vertex 2.97183 1.68063 11.6886
    endloop
  endfacet
  facet normal -0.209172 -0.727092 0.653899
    outer loop
      vertex 2.75329 1.84936 11.9701
      vertex 2.63362 1.82578 11.9056
      vertex 2.72551 1.79233 11.8978
    endloop
  endfacet
  facet normal -0.209026 -0.727308 0.653706
    outer loop
      vertex 2.66188 1.88381 11.9792
      vertex 2.63362 1.82578 11.9056
      vertex 2.75329 1.84936 11.9701
    endloop
  endfacet
  facet normal -0.528252 -0.787006 0.318702
    outer loop
      vertex 2.42038 1.83415 11.7315
      vertex 2.48886 1.75263 11.6437
      vertex 2.50264 1.78092 11.7364
    endloop
  endfacet
  facet normal -0.414654 -0.851315 0.321442
    outer loop
      vertex 2.57706 1.70967 11.6437
      vertex 2.50264 1.78092 11.7364
      vertex 2.48886 1.75263 11.6437
    endloop
  endfacet
  facet normal -0.414654 -0.851315 0.321442
    outer loop
      vertex 2.50264 1.78092 11.7364
      vertex 2.57706 1.70967 11.6437
      vertex 2.59084 1.73796 11.7364
    endloop
  endfacet
  facet normal 0.55933 -0.828297 -0.0327619
    outer loop
      vertex 3.30899 1.78828 11.45
      vertex 3.22769 1.73338 11.45
      vertex 3.31023 1.79083 11.4067
    endloop
  endfacet
  facet normal 0.331084 -0.933467 -0.13792
    outer loop
      vertex 3.14177 1.69336 11.3855
      vertex 3.04928 1.6619 11.3764
      vertex 3.14729 1.7047 11.322
    endloop
  endfacet
  facet normal 0.614569 -0.351468 -0.70624
    outer loop
      vertex 3.35646 2.13413 10.9555
      vertex 3.26935 2.10117 10.8961
      vertex 3.29903 2.16211 10.8916
    endloop
  endfacet
  facet normal 0.65482 -0.267737 -0.706773
    outer loop
      vertex 3.3287 2.22304 10.8961
      vertex 3.38472 2.19216 10.9597
      vertex 3.35646 2.13413 10.9555
    endloop
  endfacet
  facet normal 0.652635 -0.272285 -0.707056
    outer loop
      vertex 3.38472 2.19216 10.9597
      vertex 3.3287 2.22304 10.8961
      vertex 3.33094 2.22763 10.8964
    endloop
  endfacet
  facet normal 0.868162 0.169494 -0.46644
    outer loop
      vertex 3.50957 2.4485 11.1003
      vertex 3.4734 2.52011 11.059
      vertex 3.52825 2.48684 11.149
    endloop
  endfacet
  facet normal 0.866655 0.166504 -0.470304
    outer loop
      vertex 3.4734 2.52011 11.059
      vertex 3.50957 2.4485 11.1003
      vertex 3.47192 2.51708 11.0552
    endloop
  endfacet
  facet normal 0.913525 0.0649795 -0.40156
    outer loop
      vertex 3.52825 2.48684 11.149
      vertex 3.53917 2.37287 11.1554
      vertex 3.50957 2.4485 11.1003
    endloop
  endfacet
  facet normal 0.830668 -0.104836 -0.546809
    outer loop
      vertex 3.50138 2.29528 11.0891
      vertex 3.47997 2.25134 11.065
      vertex 3.43932 2.30427 10.9931
    endloop
  endfacet
  facet normal 0.707888 -0.523268 -0.474432
    outer loop
      vertex 3.39866 1.97238 11.1435
      vertex 3.34032 1.96463 11.065
      vertex 3.41665 2.00932 11.1296
    endloop
  endfacet
  facet normal 0.922632 -0.0820812 -0.376846
    outer loop
      vertex 3.55696 2.29737 11.2154
      vertex 3.54267 2.26805 11.1868
      vertex 3.53917 2.37287 11.1554
    endloop
  endfacet
  facet normal 0.923667 -0.212884 -0.31862
    outer loop
      vertex 3.54267 2.26805 11.1868
      vertex 3.54078 2.17843 11.2412
      vertex 3.52688 2.23561 11.1627
    endloop
  endfacet
  facet normal 0.4508 -0.884684 -0.118802
    outer loop
      vertex 3.22925 1.73658 11.3956
      vertex 3.14177 1.69336 11.3855
      vertex 3.14729 1.7047 11.322
    endloop
  endfacet
  facet normal 0.797326 -0.472014 -0.37613
    outer loop
      vertex 3.46068 2.01397 11.2171
      vertex 3.41665 2.00932 11.1296
      vertex 3.43529 2.04758 11.1211
    endloop
  endfacet
  facet normal 0.564156 -0.651985 -0.5066
    outer loop
      vertex 3.31892 1.92068 11.0891
      vertex 3.22463 1.86349 11.0577
      vertex 3.24818 1.91184 11.0217
    endloop
  endfacet
  facet normal 0.330914 -0.933481 -0.138236
    outer loop
      vertex 3.14729 1.7047 11.322
      vertex 3.04928 1.6619 11.3764
      vertex 3.05558 1.67484 11.3041
    endloop
  endfacet
  facet normal 0.656372 -0.62917 -0.416319
    outer loop
      vertex 3.36582 1.90496 11.1868
      vertex 3.31892 1.92068 11.0891
      vertex 3.38162 1.93739 11.1627
    endloop
  endfacet
  facet normal 0.490378 -0.803103 -0.33846
    outer loop
      vertex 3.25213 1.78356 11.2417
      vertex 3.18466 1.78143 11.149
      vertex 3.26539 1.81079 11.1963
    endloop
  endfacet
  facet normal 0.430291 -0.729025 -0.532327
    outer loop
      vertex 3.20334 1.81977 11.1003
      vertex 3.12613 1.80713 11.0552
      vertex 3.14849 1.85304 11.0104
    endloop
  endfacet
  facet normal 0.43079 -0.728618 -0.53248
    outer loop
      vertex 3.14849 1.85304 11.0104
      vertex 3.22463 1.86349 11.0577
      vertex 3.20334 1.81977 11.1003
    endloop
  endfacet
  facet normal 0.4297 -0.730907 -0.530219
    outer loop
      vertex 3.22463 1.86349 11.0577
      vertex 3.14849 1.85304 11.0104
      vertex 3.15018 1.8565 11.007
    endloop
  endfacet
  facet normal 0.875834 -0.407412 -0.25871
    outer loop
      vertex 3.51083 2.05894 11.3037
      vertex 3.488 2.07006 11.2089
      vertex 3.50178 2.09835 11.211
    endloop
  endfacet
  facet normal 0.862924 -0.337673 -0.37595
    outer loop
      vertex 3.51532 2.12616 11.2171
      vertex 3.50178 2.09835 11.211
      vertex 3.47321 2.12543 11.1211
    endloop
  endfacet
  facet normal -0.0194132 -0.912413 -0.408809
    outer loop
      vertex 2.89264 1.71208 11.1137
      vertex 2.77893 1.6856 11.1782
      vertex 2.79692 1.72254 11.0949
    endloop
  endfacet
  facet normal -0.0396665 -0.954088 -0.296888
    outer loop
      vertex 2.8756 1.6771 11.1926
      vertex 2.76586 1.65876 11.2662
      vertex 2.77893 1.6856 11.1782
    endloop
  endfacet
  facet normal -0.0448683 -0.684034 -0.728069
    outer loop
      vertex 2.84635 1.82401 10.9478
      vertex 2.78165 1.85795 10.9199
      vertex 2.8473 1.82597 10.9459
    endloop
  endfacet
  facet normal -0.0476367 -0.686925 -0.725166
    outer loop
      vertex 2.78165 1.85795 10.9199
      vertex 2.84635 1.82401 10.9478
      vertex 2.75329 1.84936 10.9299
    endloop
  endfacet
  facet normal 0.163254 -0.804495 -0.571083
    outer loop
      vertex 2.99484 1.75411 11.0663
      vertex 2.91405 1.75603 11.0405
      vertex 2.92879 1.78628 11.0021
    endloop
  endfacet
  facet normal 0.574611 -0.432948 -0.694534
    outer loop
      vertex 3.32819 2.0761 10.9597
      vertex 3.23794 2.03669 10.9096
      vertex 3.26711 2.09658 10.8964
    endloop
  endfacet
  facet normal 0.574633 -0.433305 -0.694293
    outer loop
      vertex 3.30041 2.01907 10.9723
      vertex 3.23794 2.03669 10.9096
      vertex 3.32819 2.0761 10.9597
    endloop
  endfacet
  facet normal 0.574268 -0.434041 -0.694136
    outer loop
      vertex 3.23794 2.03669 10.9096
      vertex 3.30041 2.01907 10.9723
      vertex 3.23574 2.03218 10.9106
    endloop
  endfacet
  facet normal 0.497582 -0.591154 -0.634783
    outer loop
      vertex 3.27359 1.964 10.9931
      vertex 3.17878 1.91523 10.9642
      vertex 3.20545 1.97 10.9341
    endloop
  endfacet
  facet normal 0.0389116 -0.791731 -0.60963
    outer loop
      vertex 2.90618 1.7973 10.9864
      vertex 2.91405 1.75603 11.0405
      vertex 2.81952 1.76894 11.0177
    endloop
  endfacet
  facet normal 0.0372723 -0.791896 -0.609517
    outer loop
      vertex 2.91405 1.75603 11.0405
      vertex 2.90618 1.7973 10.9864
      vertex 2.92879 1.78628 11.0021
    endloop
  endfacet
  facet normal 0.0392083 -0.792095 -0.609138
    outer loop
      vertex 2.81952 1.76894 11.0177
      vertex 2.85401 1.82271 10.95
      vertex 2.90618 1.7973 10.9864
    endloop
  endfacet
  facet normal 0.0403647 -0.79234 -0.608743
    outer loop
      vertex 2.85401 1.82271 10.95
      vertex 2.81952 1.76894 11.0177
      vertex 2.84635 1.82401 10.9478
    endloop
  endfacet
  facet normal 0.798385 -0.171088 0.57733
    outer loop
      vertex 3.43932 2.30427 11.9069
      vertex 3.45737 2.20493 11.8525
      vertex 3.47997 2.25134 11.835
    endloop
  endfacet
  facet normal 0.655292 -0.268006 0.706233
    outer loop
      vertex 3.29409 2.16451 12.0139
      vertex 3.35646 2.13413 11.9445
      vertex 3.38472 2.19216 11.9403
    endloop
  endfacet
  facet normal 0.86115 -0.0422497 0.506592
    outer loop
      vertex 3.46473 2.35642 11.8783
      vertex 3.50138 2.29528 11.8109
      vertex 3.48828 2.40477 11.8423
    endloop
  endfacet
  facet normal 0.868107 0.168775 0.466803
    outer loop
      vertex 3.46869 2.52297 11.8487
      vertex 3.52825 2.48684 11.751
      vertex 3.48998 2.56669 11.7933
    endloop
  endfacet
  facet normal 0.506468 0.742445 0.438481
    outer loop
      vertex 3.17742 2.94226 11.8242
      vertex 3.26001 2.8897 11.8178
      vertex 3.19638 2.98118 11.7364
    endloop
  endfacet
  facet normal 0.506487 0.742443 0.438463
    outer loop
      vertex 3.19638 2.98118 11.7364
      vertex 3.26001 2.8897 11.8178
      vertex 3.27865 2.92795 11.7315
    endloop
  endfacet
  facet normal 0.443751 0.612958 0.653734
    outer loop
      vertex 3.12534 2.83533 11.9792
      vertex 3.20882 2.7846 11.9701
      vertex 3.15361 2.89336 11.9056
    endloop
  endfacet
  facet normal 0.403119 0.531201 0.745199
    outer loop
      vertex 3.09311 2.76916 12.0437
      vertex 3.17714 2.71956 12.0336
      vertex 3.20882 2.7846 11.9701
    endloop
  endfacet
  facet normal 0.776201 0.204446 0.596418
    outer loop
      vertex 3.41721 2.59502 11.891
      vertex 3.4444 2.47312 11.8974
      vertex 3.46869 2.52297 11.8487
    endloop
  endfacet
  facet normal 0.808066 0.269971 0.523589
    outer loop
      vertex 3.41721 2.59502 11.891
      vertex 3.46869 2.52297 11.8487
      vertex 3.48998 2.56669 11.7933
    endloop
  endfacet
  facet normal 0.965525 0.171787 0.195575
    outer loop
      vertex 3.56562 2.56356 11.578
      vertex 3.57872 2.45407 11.6095
      vertex 3.58639 2.46982 11.5578
    endloop
  endfacet
  facet normal 0.887536 0.433887 0.154993
    outer loop
      vertex 3.48788 2.74012 11.6114
      vertex 3.5326 2.65418 11.5959
      vertex 3.5389 2.66712 11.5236
    endloop
  endfacet
  facet normal 0.887521 0.433933 -0.154945
    outer loop
      vertex 3.49485 2.75443 11.3686
      vertex 3.5389 2.66712 11.3764
      vertex 3.48788 2.74012 11.2886
    endloop
  endfacet
  facet normal 0.887536 0.433887 -0.154993
    outer loop
      vertex 3.5389 2.66712 11.3764
      vertex 3.5326 2.65418 11.3041
      vertex 3.48788 2.74012 11.2886
    endloop
  endfacet
  facet normal 0.58407 0.608783 0.536885
    outer loop
      vertex 3.2366 2.84164 11.8978
      vertex 3.31298 2.78203 11.8823
      vertex 3.33558 2.82843 11.8051
    endloop
  endfacet
  facet normal 0.632753 0.709407 0.310428
    outer loop
      vertex 3.27865 2.92795 11.7315
      vertex 3.35357 2.86537 11.7218
      vertex 3.36664 2.89222 11.6338
    endloop
  endfacet
  facet normal 0.69523 -0.382725 0.608421
    outer loop
      vertex 3.35646 2.13413 11.9445
      vertex 3.32819 2.0761 11.9403
      vertex 3.41015 2.10798 11.8667
    endloop
  endfacet
  facet normal 0.940958 -0.177318 -0.288368
    outer loop
      vertex 3.55696 2.29737 11.2154
      vertex 3.56265 2.22332 11.2795
      vertex 3.54267 2.26805 11.1868
    endloop
  endfacet
  facet normal 0.88866 0.0138681 0.458357
    outer loop
      vertex 3.48828 2.40477 11.8423
      vertex 3.53917 2.37287 11.7446
      vertex 3.50957 2.4485 11.7997
    endloop
  endfacet
  facet normal 0.807216 0.0450336 0.588536
    outer loop
      vertex 3.41755 2.41798 11.9383
      vertex 3.46473 2.35642 11.8783
      vertex 3.48828 2.40477 11.8423
    endloop
  endfacet
  facet normal 0.965525 0.171787 -0.195575
    outer loop
      vertex 3.58639 2.46982 11.3422
      vertex 3.57872 2.45407 11.2905
      vertex 3.56562 2.56356 11.322
    endloop
  endfacet
  facet normal 0.660826 -0.453949 0.597695
    outer loop
      vertex 3.32819 2.0761 11.9403
      vertex 3.30041 2.01907 11.9277
      vertex 3.38633 2.05909 11.8631
    endloop
  endfacet
  facet normal 0.974749 0.0247667 0.221927
    outer loop
      vertex 3.56816 2.4324 11.6583
      vertex 3.58004 2.34477 11.6159
      vertex 3.57872 2.45407 11.6095
    endloop
  endfacet
  facet normal 0.985873 0.0473074 -0.160672
    outer loop
      vertex 3.58639 2.46982 11.3422
      vertex 3.58845 2.36202 11.3231
      vertex 3.57872 2.45407 11.2905
    endloop
  endfacet
  facet normal 0.942965 -0.0408852 -0.330373
    outer loop
      vertex 3.5549 2.40517 11.1963
      vertex 3.56949 2.3231 11.2481
      vertex 3.53917 2.37287 11.1554
    endloop
  endfacet
  facet normal 0.960621 -0.0045786 -0.277823
    outer loop
      vertex 3.56816 2.4324 11.2417
      vertex 3.56949 2.3231 11.2481
      vertex 3.5549 2.40517 11.1963
    endloop
  endfacet
  facet normal 0.875803 0.409718 -0.255147
    outer loop
      vertex 3.5326 2.65418 11.3041
      vertex 3.52221 2.63286 11.2342
      vertex 3.48788 2.74012 11.2886
    endloop
  endfacet
  facet normal 0.939062 0.314809 -0.138049
    outer loop
      vertex 3.57115 2.57491 11.3855
      vertex 3.56562 2.56356 11.322
      vertex 3.5389 2.66712 11.3764
    endloop
  endfacet
  facet normal 0.943153 -0.0399734 -0.329945
    outer loop
      vertex 3.56949 2.3231 11.2481
      vertex 3.55696 2.29737 11.2154
      vertex 3.53917 2.37287 11.1554
    endloop
  endfacet
  facet normal 0.944336 0.32571 0.0462748
    outer loop
      vertex 3.5389 2.66712 11.5236
      vertex 3.57115 2.57491 11.5145
      vertex 3.573 2.57871 11.45
    endloop
  endfacet
  facet normal 0.974475 0.190424 0.1189
    outer loop
      vertex 3.56562 2.56356 11.578
      vertex 3.59105 2.47938 11.5044
      vertex 3.57115 2.57491 11.5145
    endloop
  endfacet
  facet normal 0.893509 0.446042 0.0518568
    outer loop
      vertex 3.49719 2.75923 11.45
      vertex 3.5389 2.66712 11.5236
      vertex 3.54101 2.67145 11.45
    endloop
  endfacet
  facet normal 0.944328 0.325739 0.0462362
    outer loop
      vertex 3.5389 2.66712 11.5236
      vertex 3.573 2.57871 11.45
      vertex 3.54101 2.67145 11.45
    endloop
  endfacet
  facet normal 0.820966 0.545369 0.169079
    outer loop
      vertex 3.43977 2.83536 11.5378
      vertex 3.48788 2.74012 11.6114
      vertex 3.49485 2.75443 11.5314
    endloop
  endfacet
  facet normal 0.82745 0.558666 0.0567301
    outer loop
      vertex 3.43977 2.83536 11.5378
      vertex 3.49485 2.75443 11.5314
      vertex 3.49719 2.75923 11.45
    endloop
  endfacet
  facet normal 0.974475 0.190424 -0.1189
    outer loop
      vertex 3.57115 2.57491 11.3855
      vertex 3.59105 2.47938 11.3956
      vertex 3.56562 2.56356 11.322
    endloop
  endfacet
  facet normal 0.974749 0.0247667 -0.221927
    outer loop
      vertex 3.57872 2.45407 11.2905
      vertex 3.58004 2.34477 11.2841
      vertex 3.56816 2.4324 11.2417
    endloop
  endfacet
  facet normal -0.0958552 0.392504 0.914742
    outer loop
      vertex 2.75179 2.73096 12.1061
      vertex 2.71327 2.65187 12.136
      vertex 2.80134 2.61628 12.1605
    endloop
  endfacet
  facet normal -0.264151 0.329587 0.906419
    outer loop
      vertex 2.62753 2.68283 12.0997
      vertex 2.58974 2.60524 12.1169
      vertex 2.67337 2.56996 12.1541
    endloop
  endfacet
  facet normal -0.238302 0.651975 0.71982
    outer loop
      vertex 2.64114 2.90481 11.9447
      vertex 2.61144 2.84383 11.9901
      vertex 2.7306 2.89445 11.9837
    endloop
  endfacet
  facet normal -0.574636 0.433239 0.694332
    outer loop
      vertex 2.39862 2.74304 11.9277
      vertex 2.37084 2.686 11.9403
      vertex 2.46884 2.7288 11.9947
    endloop
  endfacet
  facet normal -0.497719 0.591276 0.634562
    outer loop
      vertex 2.5284 2.85107 11.9383
      vertex 2.42544 2.7981 11.9069
      vertex 2.49943 2.79159 11.971
    endloop
  endfacet
  facet normal -0.434368 0.495526 0.752182
    outer loop
      vertex 2.49943 2.79159 11.971
      vertex 2.46884 2.7288 11.9947
      vertex 2.57941 2.77806 12.0261
    endloop
  endfacet
  facet normal -0.892986 -0.219773 0.392779
    outer loop
      vertex 2.17078 2.27527 11.751
      vertex 2.1911 2.15857 11.7319
      vertex 2.20904 2.19541 11.7933
    endloop
  endfacet
  facet normal -0.900015 0.128842 0.41638
    outer loop
      vertex 2.15635 2.49406 11.7132
      vertex 2.1778 2.42608 11.7806
      vertex 2.19765 2.46682 11.8109
    endloop
  endfacet
  facet normal -0.80717 -0.0434941 0.588714
    outer loop
      vertex 2.21075 2.35733 11.8423
      vertex 2.25462 2.28899 11.8974
      vertex 2.28148 2.34412 11.9383
    endloop
  endfacet
  facet normal -0.830724 0.104747 0.54674
    outer loop
      vertex 2.19765 2.46682 11.8109
      vertex 2.2343 2.40568 11.8783
      vertex 2.2597 2.45784 11.9069
    endloop
  endfacet
  facet normal -0.798494 0.171015 0.577201
    outer loop
      vertex 2.24165 2.55717 11.8525
      vertex 2.2597 2.45784 11.9069
      vertex 2.28653 2.51291 11.9277
    endloop
  endfacet
  facet normal -0.734649 0.104742 0.670313
    outer loop
      vertex 2.28653 2.51291 11.9277
      vertex 2.2597 2.45784 11.9069
      vertex 2.34103 2.46639 11.9947
    endloop
  endfacet
  facet normal -0.260064 0.056137 0.963958
    outer loop
      vertex 2.63278 2.48662 12.1602
      vertex 2.59218 2.40328 12.1541
      vertex 2.71797 2.44512 12.1856
    endloop
  endfacet
  facet normal -0.369741 0.112294 0.922324
    outer loop
      vertex 2.55129 2.52631 12.1227
      vertex 2.51285 2.44738 12.1169
      vertex 2.63278 2.48662 12.1602
    endloop
  endfacet
  facet normal -0.808022 -0.269923 0.523681
    outer loop
      vertex 2.23034 2.23913 11.8487
      vertex 2.20904 2.19541 11.7933
      vertex 2.28182 2.16709 11.891
    endloop
  endfacet
  facet normal -0.835869 -0.327354 0.440639
    outer loop
      vertex 2.1911 2.15857 11.7319
      vertex 2.23842 2.07799 11.7618
      vertex 2.20904 2.19541 11.7933
    endloop
  endfacet
  facet normal -0.51163 -0.459615 0.72594
    outer loop
      vertex 2.44346 2.09793 12.0134
      vertex 2.4902 1.97751 11.9701
      vertex 2.52188 2.04254 12.0336
    endloop
  endfacet
  facet normal -0.467165 -0.368994 0.803493
    outer loop
      vertex 2.47728 2.16738 12.065
      vertex 2.52188 2.04254 12.0336
      vertex 2.55691 2.11447 12.087
    endloop
  endfacet
  facet normal -0.25705 -0.229615 0.938724
    outer loop
      vertex 2.6346 2.27396 12.1605
      vertex 2.68 2.14505 12.1414
      vertex 2.72059 2.22839 12.1729
    endloop
  endfacet
  facet normal -0.140888 -0.289254 0.946828
    outer loop
      vertex 2.72059 2.22839 12.1729
      vertex 2.7682 2.10209 12.1414
      vertex 2.80879 2.18543 12.1729
    endloop
  endfacet
  facet normal -0.140888 -0.289254 0.946828
    outer loop
      vertex 2.7682 2.10209 12.1414
      vertex 2.72059 2.22839 12.1729
      vertex 2.68 2.14505 12.1414
    endloop
  endfacet
  facet normal -0.830732 0.104692 -0.54674
    outer loop
      vertex 2.2597 2.45784 10.9931
      vertex 2.19765 2.46682 11.0891
      vertex 2.21905 2.51077 11.065
    endloop
  endfacet
  facet normal -0.875186 0.179877 -0.449103
    outer loop
      vertex 2.21905 2.51077 11.065
      vertex 2.19765 2.46682 11.0891
      vertex 2.18919 2.56148 11.1435
    endloop
  endfacet
  facet normal -0.821148 0.290983 -0.490963
    outer loop
      vertex 2.22582 2.63668 11.1211
      vertex 2.24165 2.55717 11.0475
      vertex 2.20718 2.59842 11.1296
    endloop
  endfacet
  facet normal -0.848641 0.234523 -0.474138
    outer loop
      vertex 2.24165 2.55717 11.0475
      vertex 2.21905 2.51077 11.065
      vertex 2.20718 2.59842 11.1296
    endloop
  endfacet
  facet normal -0.841109 0.382218 -0.382683
    outer loop
      vertex 2.24478 2.6756 11.1183
      vertex 2.22582 2.63668 11.1211
      vertex 2.21103 2.69204 11.2089
    endloop
  endfacet
  facet normal -0.819475 0.426631 -0.382683
    outer loop
      vertex 2.26374 2.71453 11.1211
      vertex 2.24478 2.6756 11.1183
      vertex 2.21103 2.69204 11.2089
    endloop
  endfacet
  facet normal -0.862811 0.33792 -0.375989
    outer loop
      vertex 2.22582 2.63668 11.1211
      vertex 2.1837 2.63595 11.2171
      vertex 2.19725 2.66376 11.211
    endloop
  endfacet
  facet normal -0.863128 0.336946 -0.376135
    outer loop
      vertex 2.22582 2.63668 11.1211
      vertex 2.20718 2.59842 11.1296
      vertex 2.1837 2.63595 11.2171
    endloop
  endfacet
  facet normal -0.860907 0.0423938 -0.506993
    outer loop
      vertex 2.19765 2.46682 11.0891
      vertex 2.21075 2.35733 11.0577
      vertex 2.1778 2.42608 11.1194
    endloop
  endfacet
  facet normal -0.888463 -0.0141269 -0.45873
    outer loop
      vertex 2.21075 2.35733 11.0577
      vertex 2.18945 2.31361 11.1003
      vertex 2.1778 2.42608 11.1194
    endloop
  endfacet
  facet normal -0.92356 0.213017 -0.318843
    outer loop
      vertex 2.17215 2.52649 11.1627
      vertex 2.15635 2.49406 11.1868
      vertex 2.15824 2.58368 11.2412
    endloop
  endfacet
  facet normal -0.918266 0.320205 -0.232929
    outer loop
      vertex 2.17063 2.6091 11.2273
      vertex 2.15824 2.58368 11.2412
      vertex 2.16368 2.65282 11.3148
    endloop
  endfacet
  facet normal -0.90435 0.252734 -0.343913
    outer loop
      vertex 2.17063 2.6091 11.2273
      vertex 2.18919 2.56148 11.1435
      vertex 2.15824 2.58368 11.2412
    endloop
  endfacet
  facet normal -0.775961 0.515894 -0.362959
    outer loop
      vertex 2.28237 2.75279 11.1296
      vertex 2.23835 2.74814 11.2171
      vertex 2.25143 2.77499 11.2273
    endloop
  endfacet
  facet normal -0.797435 0.471853 -0.376102
    outer loop
      vertex 2.28237 2.75279 11.1296
      vertex 2.26374 2.71453 11.1211
      vertex 2.23835 2.74814 11.2171
    endloop
  endfacet
  facet normal -0.707867 0.523404 -0.474312
    outer loop
      vertex 2.3587 2.79748 11.065
      vertex 2.28237 2.75279 11.1296
      vertex 2.30037 2.78973 11.1435
    endloop
  endfacet
  facet normal -0.776575 0.514978 -0.362945
    outer loop
      vertex 2.30037 2.78973 11.1435
      vertex 2.28237 2.75279 11.1296
      vertex 2.25143 2.77499 11.2273
    endloop
  endfacet
  facet normal -0.594564 0.589483 -0.546812
    outer loop
      vertex 2.42544 2.7981 10.9931
      vertex 2.3587 2.79748 11.065
      vertex 2.38011 2.84143 11.0891
    endloop
  endfacet
  facet normal -0.681225 0.578126 -0.449113
    outer loop
      vertex 2.3587 2.79748 11.065
      vertex 2.30037 2.78973 11.1435
      vertex 2.38011 2.84143 11.0891
    endloop
  endfacet
  facet normal -0.848638 0.52176 -0.0870676
    outer loop
      vertex 2.23351 2.79618 11.3465
      vertex 2.19188 2.73995 11.4153
      vertex 2.19373 2.74376 11.4201
    endloop
  endfacet
  facet normal -0.633394 0.675862 -0.376859
    outer loop
      vertex 2.4179 2.91901 11.1554
      vertex 2.33321 2.85715 11.1868
      vertex 2.34749 2.88648 11.2154
    endloop
  endfacet
  facet normal -0.462207 0.663327 0.588525
    outer loop
      vertex 2.47439 2.89861 11.8423
      vertex 2.45084 2.85026 11.8783
      vertex 2.5284 2.85107 11.9383
    endloop
  endfacet
  facet normal -0.536257 0.708931 0.458089
    outer loop
      vertex 2.4179 2.91901 11.7446
      vertex 2.39995 2.88217 11.7806
      vertex 2.47439 2.89861 11.8423
    endloop
  endfacet
  facet normal -0.234929 0.906289 0.351351
    outer loop
      vertex 2.63306 3.06595 11.6658
      vertex 2.61877 3.03662 11.7319
      vertex 2.7114 3.04904 11.7618
    endloop
  endfacet
  facet normal -0.473164 0.838583 0.269989
    outer loop
      vertex 2.45745 3.00021 11.6095
      vertex 2.44689 2.97854 11.6583
      vertex 2.54263 3.03871 11.6392
    endloop
  endfacet
  facet normal -0.34163 0.911854 0.227619
    outer loop
      vertex 2.55174 3.0574 11.578
      vertex 2.54263 3.03871 11.6392
      vertex 2.63306 3.06595 11.6658
    endloop
  endfacet
  facet normal -0.459821 0.866099 0.196053
    outer loop
      vertex 2.55174 3.0574 11.578
      vertex 2.45745 3.00021 11.6095
      vertex 2.54263 3.03871 11.6392
    endloop
  endfacet
  facet normal -0.793396 0.576662 -0.194894
    outer loop
      vertex 2.28567 2.8453 11.2795
      vertex 2.2272 2.78324 11.3339
      vertex 2.23351 2.79618 11.3465
    endloop
  endfacet
  facet normal -0.450947 0.884581 0.119011
    outer loop
      vertex 2.46978 3.02552 11.5044
      vertex 2.46512 3.01596 11.5578
      vertex 2.55174 3.0574 11.578
    endloop
  endfacet
  facet normal -0.581585 0.782887 -0.221013
    outer loop
      vertex 2.45745 3.00021 11.2905
      vertex 2.37058 2.93387 11.2841
      vertex 2.37898 2.95112 11.3231
    endloop
  endfacet
  facet normal -0.703957 0.663873 -0.252423
    outer loop
      vertex 2.34749 2.88648 11.2154
      vertex 2.28567 2.8453 11.2795
      vertex 2.36002 2.9122 11.2481
    endloop
  endfacet
  facet normal -0.756926 0.65153 0.0507065
    outer loop
      vertex 2.31569 2.90693 11.4815
      vertex 2.25009 2.83022 11.4879
      vertex 2.313 2.9014 11.5124
    endloop
  endfacet
  facet normal -0.581443 0.782776 0.221777
    outer loop
      vertex 2.45745 3.00021 11.6095
      vertex 2.37058 2.93387 11.6159
      vertex 2.44689 2.97854 11.6583
    endloop
  endfacet
  facet normal -0.199619 0.978495 0.0519615
    outer loop
      vertex 2.74798 3.12415 11.45
      vertex 2.64974 3.1002 11.5236
      vertex 2.74564 3.11935 11.5314
    endloop
  endfacet
  facet normal -0.446377 0.893953 0.0399493
    outer loop
      vertex 2.47134 3.02873 11.45
      vertex 2.46978 3.02552 11.5044
      vertex 2.55726 3.06875 11.5145
    endloop
  endfacet
  facet normal -0.205716 0.966257 -0.155012
    outer loop
      vertex 2.73868 3.10505 11.2886
      vertex 2.64344 3.08726 11.3041
      vertex 2.64974 3.1002 11.3764
    endloop
  endfacet
  facet normal -0.446328 0.893981 -0.039867
    outer loop
      vertex 2.55726 3.06875 11.3855
      vertex 2.47134 3.02873 11.45
      vertex 2.55911 3.07255 11.45
    endloop
  endfacet
  facet normal -0.817868 0.526491 -0.232163
    outer loop
      vertex 2.26381 2.80041 11.2412
      vertex 2.21272 2.7535 11.3148
      vertex 2.22024 2.76893 11.3233
    endloop
  endfacet
  facet normal -0.818149 0.525763 -0.232822
    outer loop
      vertex 2.25143 2.77499 11.2273
      vertex 2.21272 2.7535 11.3148
      vertex 2.26381 2.80041 11.2412
    endloop
  endfacet
  facet normal -0.679598 0.713773 -0.169332
    outer loop
      vertex 2.37058 2.93387 11.2841
      vertex 2.30856 2.89228 11.3577
      vertex 2.37898 2.95112 11.3231
    endloop
  endfacet
  facet normal -0.805225 0.552345 -0.215702
    outer loop
      vertex 2.26381 2.80041 11.2412
      vertex 2.2272 2.78324 11.3339
      vertex 2.27529 2.82398 11.2587
    endloop
  endfacet
  facet normal -0.872927 0.471863 -0.123868
    outer loop
      vertex 2.20478 2.73721 11.3087
      vertex 2.18225 2.72018 11.4026
      vertex 2.21272 2.7535 11.3148
    endloop
  endfacet
  facet normal -0.875779 0.40753 -0.258711
    outer loop
      vertex 2.21103 2.69204 11.2089
      vertex 2.19725 2.66376 11.211
      vertex 2.1882 2.70316 11.3037
    endloop
  endfacet
  facet normal -0.934474 0.345512 -0.0859119
    outer loop
      vertex 2.1615 2.67759 11.4153
      vertex 2.14289 2.61015 11.3465
      vertex 2.15965 2.67378 11.4201
    endloop
  endfacet
  facet normal -0.979655 0.19428 0.0503191
    outer loop
      vertex 2.12468 2.57275 11.4691
      vertex 2.10636 2.47716 11.4815
      vertex 2.12631 2.5761 11.4879
    endloop
  endfacet
  facet normal -0.953767 0.247456 -0.170567
    outer loop
      vertex 2.14289 2.61015 11.3465
      vertex 2.12727 2.5201 11.3032
      vertex 2.13737 2.5988 11.3609
    endloop
  endfacet
  facet normal -0.979635 0.194243 -0.0508367
    outer loop
      vertex 2.10906 2.48269 11.3876
      vertex 2.10636 2.47716 11.4185
      vertex 2.12631 2.5761 11.4121
    endloop
  endfacet
  facet normal -0.985873 -0.047312 -0.160673
    outer loop
      vertex 2.12031 2.30804 11.2905
      vertex 2.11264 2.29229 11.3422
      vertex 2.11058 2.40008 11.3231
    endloop
  endfacet
  facet normal -0.980984 0.0950561 0.16922
    outer loop
      vertex 2.1135 2.49181 11.5423
      vertex 2.11058 2.40008 11.5769
      vertex 2.11898 2.41734 11.6159
    endloop
  endfacet
  facet normal -0.943152 0.0399826 0.329949
    outer loop
      vertex 2.12954 2.43901 11.6519
      vertex 2.15986 2.38924 11.7446
      vertex 2.14207 2.46473 11.6846
    endloop
  endfacet
  facet normal -0.979655 0.19428 -0.0503191
    outer loop
      vertex 2.12631 2.5761 11.4121
      vertex 2.10636 2.47716 11.4185
      vertex 2.12468 2.57275 11.4309
    endloop
  endfacet
  facet normal -0.782872 0.598261 0.170866
    outer loop
      vertex 2.29478 2.86399 11.5968
      vertex 2.23351 2.79618 11.5535
      vertex 2.28567 2.8453 11.6205
    endloop
  endfacet
  facet normal -0.612867 0.718018 0.329914
    outer loop
      vertex 2.36002 2.9122 11.6519
      vertex 2.34749 2.88648 11.6846
      vertex 2.4179 2.91901 11.7446
    endloop
  endfacet
  facet normal -0.860712 0.438456 0.25871
    outer loop
      vertex 2.22481 2.72033 11.689
      vertex 2.1882 2.70316 11.5963
      vertex 2.21103 2.69204 11.6911
    endloop
  endfacet
  facet normal -0.76395 0.40802 0.499901
    outer loop
      vertex 2.26374 2.71453 11.7789
      vertex 2.24478 2.6756 11.7817
      vertex 2.31269 2.70302 11.8631
    endloop
  endfacet
  facet normal -0.841109 0.382218 0.382683
    outer loop
      vertex 2.21103 2.69204 11.6911
      vertex 2.22582 2.63668 11.7789
      vertex 2.24478 2.6756 11.7817
    endloop
  endfacet
  facet normal -0.862697 0.337779 0.376377
    outer loop
      vertex 2.1837 2.63595 11.6829
      vertex 2.20718 2.59842 11.7704
      vertex 2.19725 2.66376 11.689
    endloop
  endfacet
  facet normal -0.884205 0.294048 0.362929
    outer loop
      vertex 2.17063 2.6091 11.6727
      vertex 2.18919 2.56148 11.7565
      vertex 2.20718 2.59842 11.7704
    endloop
  endfacet
  facet normal -0.980984 0.0950561 -0.16922
    outer loop
      vertex 2.11898 2.41734 11.2841
      vertex 2.11058 2.40008 11.3231
      vertex 2.1135 2.49181 11.3577
    endloop
  endfacet
  facet normal -0.887597 -0.433767 -0.154977
    outer loop
      vertex 2.16643 2.10793 11.3041
      vertex 2.21114 2.02198 11.2886
      vertex 2.16013 2.09499 11.3764
    endloop
  endfacet
  facet normal -0.913007 -0.261551 -0.313063
    outer loop
      vertex 2.18105 2.15049 11.2041
      vertex 2.15504 2.24296 11.2027
      vertex 2.18824 2.16525 11.1708
    endloop
  endfacet
  facet normal -0.91295 -0.261537 -0.313242
    outer loop
      vertex 2.18105 2.15049 11.2041
      vertex 2.17681 2.12924 11.2342
      vertex 2.15504 2.24296 11.2027
    endloop
  endfacet
  facet normal -0.913129 -0.261183 -0.313017
    outer loop
      vertex 2.17681 2.12924 11.2342
      vertex 2.18105 2.15049 11.2041
      vertex 2.18599 2.14808 11.1917
    endloop
  endfacet
  facet normal -0.939013 -0.314896 -0.138182
    outer loop
      vertex 2.16643 2.10793 11.3041
      vertex 2.16013 2.09499 11.3764
      vertex 2.13341 2.19854 11.322
    endloop
  endfacet
  facet normal -0.820906 -0.545466 0.169058
    outer loop
      vertex 2.21114 2.02198 11.6114
      vertex 2.25926 1.92675 11.5378
      vertex 2.26678 1.94218 11.6241
    endloop
  endfacet
  facet normal -0.820926 -0.545447 0.169022
    outer loop
      vertex 2.20417 2.00768 11.5314
      vertex 2.25926 1.92675 11.5378
      vertex 2.21114 2.02198 11.6114
    endloop
  endfacet
  facet normal -0.974782 -0.0248471 0.22177
    outer loop
      vertex 2.11898 2.41734 11.6159
      vertex 2.12031 2.30804 11.6095
      vertex 2.13086 2.32971 11.6583
    endloop
  endfacet
  facet normal -0.928578 -0.293125 0.227639
    outer loop
      vertex 2.13341 2.19854 11.578
      vertex 2.17681 2.12924 11.6658
      vertex 2.14251 2.21724 11.6392
    endloop
  endfacet
  facet normal -0.995003 0.0664124 -0.0745566
    outer loop
      vertex 2.10447 2.38754 11.3641
      vertex 2.10077 2.37993 11.4067
      vertex 2.10906 2.48269 11.3876
    endloop
  endfacet
  facet normal -0.944336 -0.32571 -0.0462748
    outer loop
      vertex 2.12788 2.1872 11.3855
      vertex 2.16013 2.09499 11.3764
      vertex 2.12603 2.1834 11.45
    endloop
  endfacet
  facet normal -0.887597 -0.433767 0.154977
    outer loop
      vertex 2.16013 2.09499 11.5236
      vertex 2.21114 2.02198 11.6114
      vertex 2.16643 2.10793 11.5959
    endloop
  endfacet
  facet normal -0.875891 -0.409649 0.254955
    outer loop
      vertex 2.16643 2.10793 11.5959
      vertex 2.21114 2.02198 11.6114
      vertex 2.17681 2.12924 11.6658
    endloop
  endfacet
  facet normal -0.90445 0.348519 0.245979
    outer loop
      vertex 2.16368 2.65282 11.5852
      vertex 2.17063 2.6091 11.6727
      vertex 2.17162 2.66912 11.5913
    endloop
  endfacet
  facet normal -0.86321 0.337049 0.375853
    outer loop
      vertex 2.19725 2.66376 11.689
      vertex 2.20718 2.59842 11.7704
      vertex 2.22582 2.63668 11.7789
    endloop
  endfacet
  facet normal -0.875229 0.179834 0.449036
    outer loop
      vertex 2.17215 2.52649 11.7373
      vertex 2.19765 2.46682 11.8109
      vertex 2.18919 2.56148 11.7565
    endloop
  endfacet
  facet normal -0.875186 0.179877 0.449103
    outer loop
      vertex 2.18919 2.56148 11.7565
      vertex 2.19765 2.46682 11.8109
      vertex 2.21905 2.51077 11.835
    endloop
  endfacet
  facet normal -0.888778 -0.0148444 0.458098
    outer loop
      vertex 2.15986 2.38924 11.7446
      vertex 2.21075 2.35733 11.8423
      vertex 2.1778 2.42608 11.7806
    endloop
  endfacet
  facet normal -0.922915 0.0817949 0.376216
    outer loop
      vertex 2.15635 2.49406 11.7132
      vertex 2.15986 2.38924 11.7446
      vertex 2.1778 2.42608 11.7806
    endloop
  endfacet
  facet normal -0.956657 0.144874 0.252622
    outer loop
      vertex 2.12727 2.5201 11.5968
      vertex 2.12954 2.43901 11.6519
      vertex 2.14207 2.46473 11.6846
    endloop
  endfacet
  facet normal -0.970098 0.213884 0.114734
    outer loop
      vertex 2.12901 2.58163 11.506
      vertex 2.1135 2.49181 11.5423
      vertex 2.1196 2.50435 11.5705
    endloop
  endfacet
  facet normal -0.969802 0.117919 -0.213494
    outer loop
      vertex 2.12954 2.43901 11.2481
      vertex 2.11898 2.41734 11.2841
      vertex 2.12727 2.5201 11.3032
    endloop
  endfacet
  facet normal -0.95647 0.145225 -0.25313
    outer loop
      vertex 2.13638 2.53879 11.2795
      vertex 2.12954 2.43901 11.2481
      vertex 2.12727 2.5201 11.3032
    endloop
  endfacet
  facet normal -0.980856 0.0955302 -0.169691
    outer loop
      vertex 2.1196 2.50435 11.3295
      vertex 2.11898 2.41734 11.2841
      vertex 2.1135 2.49181 11.3577
    endloop
  endfacet
  facet normal -0.947503 0.318741 -0.0253536
    outer loop
      vertex 2.12631 2.5761 11.4121
      vertex 2.12468 2.57275 11.4309
      vertex 2.15539 2.66505 11.4436
    endloop
  endfacet
  facet normal -0.97904 -0.199731 -0.039861
    outer loop
      vertex 2.10798 2.28273 11.3956
      vertex 2.12788 2.1872 11.3855
      vertex 2.10642 2.27952 11.45
    endloop
  endfacet
  facet normal -0.979038 -0.199739 -0.0398485
    outer loop
      vertex 2.12788 2.1872 11.3855
      vertex 2.12603 2.1834 11.45
      vertex 2.10642 2.27952 11.45
    endloop
  endfacet
  facet normal -0.952075 -0.144077 -0.269806
    outer loop
      vertex 2.13086 2.32971 11.2417
      vertex 2.15504 2.24296 11.2027
      vertex 2.12031 2.30804 11.2905
    endloop
  endfacet
  facet normal -0.928578 -0.293125 -0.227639
    outer loop
      vertex 2.14251 2.21724 11.2608
      vertex 2.17681 2.12924 11.2342
      vertex 2.13341 2.19854 11.322
    endloop
  endfacet
  facet normal -0.392729 -0.8063 -0.442317
    outer loop
      vertex 2.5216 1.81985 11.0758
      vertex 2.59084 1.73796 11.1636
      vertex 2.50264 1.78092 11.1636
    endloop
  endfacet
  facet normal -0.392729 -0.8063 -0.442317
    outer loop
      vertex 2.59084 1.73796 11.1636
      vertex 2.5216 1.81985 11.0758
      vertex 2.6098 1.77689 11.0758
    endloop
  endfacet
  facet normal -0.506454 -0.742415 -0.438549
    outer loop
      vertex 2.5216 1.81985 11.0758
      vertex 2.50264 1.78092 11.1636
      vertex 2.43901 1.87241 11.0822
    endloop
  endfacet
  facet normal -0.119474 -0.835131 -0.536919
    outer loop
      vertex 2.79692 1.72254 11.0949
      vertex 2.7021 1.74427 11.0822
      vertex 2.81952 1.76894 11.0177
    endloop
  endfacet
  facet normal -0.147185 -0.89202 -0.42736
    outer loop
      vertex 2.79692 1.72254 11.0949
      vertex 2.77893 1.6856 11.1782
      vertex 2.7021 1.74427 11.0822
    endloop
  endfacet
  facet normal -0.807375 -0.0447658 -0.588337
    outer loop
      vertex 2.27774 2.349 10.9664
      vertex 2.25301 2.29823 11.0042
      vertex 2.2343 2.40568 11.0217
    endloop
  endfacet
  facet normal -0.288673 -0.592667 -0.75194
    outer loop
      vertex 2.66188 1.88381 10.9208
      vertex 2.58647 1.95302 10.8952
      vertex 2.67467 1.91006 10.8952
    endloop
  endfacet
  facet normal -0.288673 -0.592667 -0.75194
    outer loop
      vertex 2.58647 1.95302 10.8952
      vertex 2.66188 1.88381 10.9208
      vertex 2.57368 1.92677 10.9208
    endloop
  endfacet
  facet normal -0.55043 -0.539519 -0.637139
    outer loop
      vertex 2.4902 1.97751 10.9299
      vertex 2.46242 1.92047 11.0022
      vertex 2.38605 1.98008 11.0177
    endloop
  endfacet
  facet normal -0.308694 -0.931282 0.193446
    outer loop
      vertex 2.57706 1.70967 11.6437
      vertex 2.5687 1.6925 11.5477
      vertex 2.6617 1.66132 11.546
    endloop
  endfacet
  facet normal -0.0396665 -0.954088 0.296888
    outer loop
      vertex 2.77893 1.6856 11.7218
      vertex 2.76586 1.65876 11.6338
      vertex 2.8756 1.6771 11.7074
    endloop
  endfacet
  facet normal -0.0535626 -0.982157 0.180272
    outer loop
      vertex 2.86322 1.65167 11.6241
      vertex 2.76586 1.65876 11.6338
      vertex 2.8557 1.63624 11.5378
    endloop
  endfacet
  facet normal -0.436998 -0.897087 0.0653209
    outer loop
      vertex 2.56589 1.68675 11.45
      vertex 2.4805 1.73546 11.5477
      vertex 2.4777 1.72971 11.45
    endloop
  endfacet
  facet normal -0.436957 -0.897104 0.0653654
    outer loop
      vertex 2.4805 1.73546 11.5477
      vertex 2.56589 1.68675 11.45
      vertex 2.5687 1.6925 11.5477
    endloop
  endfacet
  facet normal -0.316113 -0.946509 0.0647613
    outer loop
      vertex 2.6617 1.66132 11.546
      vertex 2.56589 1.68675 11.45
      vertex 2.65895 1.65567 11.45
    endloop
  endfacet
  facet normal -0.632853 -0.709257 0.310565
    outer loop
      vertex 2.33238 1.86989 11.6338
      vertex 2.40683 1.80635 11.6404
      vertex 2.42038 1.83415 11.7315
    endloop
  endfacet
  facet normal -0.647156 -0.738701 0.188442
    outer loop
      vertex 2.33238 1.86989 11.6338
      vertex 2.39861 1.78947 11.546
      vertex 2.40683 1.80635 11.6404
    endloop
  endfacet
  facet normal -0.706386 -0.57784 -0.408803
    outer loop
      vertex 2.36345 1.93368 11.0949
      vertex 2.34546 1.89674 11.1782
      vertex 2.2962 2.00259 11.1137
    endloop
  endfacet
  facet normal -0.611676 -0.665759 -0.427337
    outer loop
      vertex 2.43901 1.87241 11.0822
      vertex 2.34546 1.89674 11.1782
      vertex 2.36345 1.93368 11.0949
    endloop
  endfacet
  facet normal 0.145522 0.00121188 0.989354
    outer loop
      vertex 2.93639 2.44739 12.192
      vertex 2.89361 2.35957 12.1984
      vertex 3.0231 2.4033 12.1793
    endloop
  endfacet
  facet normal 0.145474 0.00135843 0.989361
    outer loop
      vertex 2.89361 2.35957 12.1984
      vertex 2.98106 2.31698 12.1856
      vertex 3.0231 2.4033 12.1793
    endloop
  endfacet
  facet normal -0.368397 -0.165646 0.914793
    outer loop
      vertex 2.51376 2.24228 12.1061
      vertex 2.5947 2.19205 12.1296
      vertex 2.6346 2.27396 12.1605
    endloop
  endfacet
  facet normal -0.256286 -0.229385 0.938989
    outer loop
      vertex 2.5947 2.19205 12.1296
      vertex 2.68 2.14505 12.1414
      vertex 2.6346 2.27396 12.1605
    endloop
  endfacet
  facet normal 0.095837 -0.392539 0.914728
    outer loop
      vertex 2.89769 2.14582 12.1605
      vertex 2.94724 2.03115 12.1061
      vertex 2.98576 2.11023 12.136
    endloop
  endfacet
  facet normal 0.327655 -0.468526 0.820442
    outer loop
      vertex 3.0715 2.07928 12.0997
      vertex 3.03501 2.00438 12.0715
      vertex 3.11962 1.98405 12.0261
    endloop
  endfacet
  facet normal 0.149797 -0.28289 0.947383
    outer loop
      vertex 2.93901 2.23066 12.1793
      vertex 2.89769 2.14582 12.1605
      vertex 3.02566 2.19215 12.1541
    endloop
  endfacet
  facet normal 0.0887599 -0.115328 0.989354
    outer loop
      vertex 2.89361 2.35957 12.1984
      vertex 2.85084 2.27175 12.192
      vertex 2.93901 2.23066 12.1793
    endloop
  endfacet
  facet normal 0.424427 -0.26937 0.864466
    outer loop
      vertex 3.14773 2.2358 12.1227
      vertex 3.18847 2.12541 12.0683
      vertex 3.22412 2.19859 12.0736
    endloop
  endfacet
  facet normal 0.52384 -0.31258 0.792392
    outer loop
      vertex 3.22412 2.19859 12.0736
      vertex 3.18847 2.12541 12.0683
      vertex 3.29409 2.16451 12.0139
    endloop
  endfacet
  facet normal -0.213441 0.434714 0.874909
    outer loop
      vertex 2.75179 2.73096 12.1061
      vertex 2.62753 2.68283 12.0997
      vertex 2.71327 2.65187 12.136
    endloop
  endfacet
  facet normal -0.316687 0.221743 0.922247
    outer loop
      vertex 2.58974 2.60524 12.1169
      vertex 2.63278 2.48662 12.1602
      vertex 2.67337 2.56996 12.1541
    endloop
  endfacet
  facet normal -0.163461 0.535183 0.82877
    outer loop
      vertex 2.69857 2.82868 12.0325
      vertex 2.66401 2.75773 12.0715
      vertex 2.75179 2.73096 12.1061
    endloop
  endfacet
  facet normal -0.353607 0.663275 0.659568
    outer loop
      vertex 2.64114 2.90481 11.9447
      vertex 2.5284 2.85107 11.9383
      vertex 2.61144 2.84383 11.9901
    endloop
  endfacet
  facet normal -0.28185 0.562651 0.777164
    outer loop
      vertex 2.61144 2.84383 11.9901
      vertex 2.57941 2.77806 12.0261
      vertex 2.66401 2.75773 12.0715
    endloop
  endfacet
  facet normal -0.392642 0.58131 0.712679
    outer loop
      vertex 2.61144 2.84383 11.9901
      vertex 2.49943 2.79159 11.971
      vertex 2.57941 2.77806 12.0261
    endloop
  endfacet
  facet normal -0.611676 -0.665759 0.427337
    outer loop
      vertex 2.36345 1.93368 11.8051
      vertex 2.34546 1.89674 11.7218
      vertex 2.43901 1.87241 11.8178
    endloop
  endfacet
  facet normal -0.61161 -0.665882 0.427241
    outer loop
      vertex 2.34546 1.89674 11.7218
      vertex 2.42038 1.83415 11.7315
      vertex 2.43901 1.87241 11.8178
    endloop
  endfacet
  facet normal -0.695193 0.185537 -0.694466
    outer loop
      vertex 2.36808 2.53448 10.8964
      vertex 2.33891 2.47459 10.9096
      vertex 2.31431 2.56994 10.9597
    endloop
  endfacet
  facet normal -0.695439 0.185368 -0.694265
    outer loop
      vertex 2.33891 2.47459 10.9096
      vertex 2.28653 2.51291 10.9723
      vertex 2.31431 2.56994 10.9597
    endloop
  endfacet
  facet normal -0.695618 0.184994 -0.694185
    outer loop
      vertex 2.28653 2.51291 10.9723
      vertex 2.33891 2.47459 10.9096
      vertex 2.33671 2.47007 10.9106
    endloop
  endfacet
  facet normal -0.612867 0.718018 -0.329914
    outer loop
      vertex 2.4179 2.91901 11.1554
      vertex 2.34749 2.88648 11.2154
      vertex 2.36002 2.9122 11.2481
    endloop
  endfacet
  facet normal -0.473057 0.838856 -0.269328
    outer loop
      vertex 2.5301 3.01299 11.2027
      vertex 2.45745 3.00021 11.2905
      vertex 2.54263 3.03871 11.2608
    endloop
  endfacet
  facet normal -0.377468 0.838228 -0.393562
    outer loop
      vertex 2.59399 2.99827 11.1101
      vertex 2.51437 2.98068 11.149
      vertex 2.61051 3.03219 11.1665
    endloop
  endfacet
  facet normal -0.430224 0.729034 -0.532369
    outer loop
      vertex 2.5729 2.95497 11.0552
      vertex 2.55054 2.90906 11.0104
      vertex 2.49569 2.94234 11.1003
    endloop
  endfacet
  facet normal -0.430765 0.728592 -0.532536
    outer loop
      vertex 2.55054 2.90906 11.0104
      vertex 2.47439 2.89861 11.0577
      vertex 2.49569 2.94234 11.1003
    endloop
  endfacet
  facet normal -0.42966 0.730912 -0.530245
    outer loop
      vertex 2.47439 2.89861 11.0577
      vertex 2.55054 2.90906 11.0104
      vertex 2.54885 2.9056 11.007
    endloop
  endfacet
  facet normal -0.595894 0.753509 -0.277731
    outer loop
      vertex 2.43363 2.95132 11.1963
      vertex 2.36002 2.9122 11.2481
      vertex 2.44689 2.97854 11.2417
    endloop
  endfacet
  facet normal -0.490294 0.803195 -0.338363
    outer loop
      vertex 2.51437 2.98068 11.149
      vertex 2.43363 2.95132 11.1963
      vertex 2.44689 2.97854 11.2417
    endloop
  endfacet
  facet normal 0.0226105 0.343175 0.938999
    outer loop
      vertex 2.84124 2.6982 12.1296
      vertex 2.80134 2.61628 12.1605
      vertex 2.93083 2.66001 12.1414
    endloop
  endfacet
  facet normal 0.309362 0.337453 0.889056
    outer loop
      vertex 3.05747 2.69599 12.0981
      vertex 3.10432 2.57005 12.1296
      vertex 3.14211 2.64764 12.087
    endloop
  endfacet
  facet normal 0.357939 0.43854 0.824356
    outer loop
      vertex 3.09311 2.76916 12.0437
      vertex 3.05747 2.69599 12.0981
      vertex 3.17714 2.71956 12.0336
    endloop
  endfacet
  facet normal 0.260078 -0.0561196 0.963955
    outer loop
      vertex 2.98106 2.31698 12.1856
      vertex 3.06625 2.27549 12.1602
      vertex 3.10684 2.35882 12.1541
    endloop
  endfacet
  facet normal 0.204532 -0.170171 0.963955
    outer loop
      vertex 2.98106 2.31698 12.1856
      vertex 3.02566 2.19215 12.1541
      vertex 3.06625 2.27549 12.1602
    endloop
  endfacet
  facet normal 0.039745 0.95405 0.297001
    outer loop
      vertex 2.93317 3.10335 11.6338
      vertex 2.82342 3.08501 11.7074
      vertex 2.92009 3.0765 11.7218
    endloop
  endfacet
  facet normal 0.272336 0.856463 0.438524
    outer loop
      vertex 3.01556 3.0561 11.7315
      vertex 2.99692 3.01784 11.8178
      vertex 3.10818 3.02414 11.7364
    endloop
  endfacet
  facet normal -0.0389471 0.791651 0.609731
    outer loop
      vertex 2.78497 3.00608 11.8595
      vertex 2.75957 2.95392 11.9256
      vertex 2.8795 2.99317 11.8823
    endloop
  endfacet
  facet normal -0.0393849 0.792188 0.609005
    outer loop
      vertex 2.8795 2.99317 11.8823
      vertex 2.75957 2.95392 11.9256
      vertex 2.85268 2.9381 11.9522
    endloop
  endfacet
  facet normal 0.364097 0.747518 0.555563
    outer loop
      vertex 3.08922 2.98522 11.8242
      vertex 3.15361 2.89336 11.9056
      vertex 3.17742 2.94226 11.8242
    endloop
  endfacet
  facet normal 0.364097 0.747518 0.555563
    outer loop
      vertex 3.15361 2.89336 11.9056
      vertex 3.08922 2.98522 11.8242
      vertex 3.06541 2.93632 11.9056
    endloop
  endfacet
  facet normal 0.392745 0.806333 0.442243
    outer loop
      vertex 3.10818 3.02414 11.7364
      vertex 3.17742 2.94226 11.8242
      vertex 3.19638 2.98118 11.7364
    endloop
  endfacet
  facet normal 0.392745 0.806333 0.442243
    outer loop
      vertex 3.17742 2.94226 11.8242
      vertex 3.10818 3.02414 11.7364
      vertex 3.08922 2.98522 11.8242
    endloop
  endfacet
  facet normal -0.163183 0.804029 0.57176
    outer loop
      vertex 2.78497 3.00608 11.8595
      vertex 2.668 2.95994 11.891
      vertex 2.75957 2.95392 11.9256
    endloop
  endfacet
  facet normal -0.16361 0.804539 0.57092
    outer loop
      vertex 2.69155 3.0083 11.8296
      vertex 2.668 2.95994 11.891
      vertex 2.78497 3.00608 11.8595
    endloop
  endfacet
  facet normal 0.699127 0.29412 0.651701
    outer loop
      vertex 3.32705 2.60393 11.9837
      vertex 3.39035 2.53988 11.9447
      vertex 3.41721 2.59502 11.891
    endloop
  endfacet
  facet normal 0.679785 0.523873 0.513273
    outer loop
      vertex 3.31298 2.78203 11.8823
      vertex 3.38142 2.71556 11.8595
      vertex 3.40282 2.75951 11.7863
    endloop
  endfacet
  facet normal 0.699787 0.0492811 0.71265
    outer loop
      vertex 3.32862 2.41314 12.0261
      vertex 3.38858 2.35851 11.971
      vertex 3.36065 2.47891 11.9901
    endloop
  endfacet
  facet normal 0.522373 0.200303 0.828858
    outer loop
      vertex 3.22175 2.59473 12.065
      vertex 3.18526 2.51982 12.1061
      vertex 3.29501 2.53816 12.0325
    endloop
  endfacet
  facet normal -0.353193 0.662259 0.660809
    outer loop
      vertex 2.55525 2.9062 11.8974
      vertex 2.5284 2.85107 11.9383
      vertex 2.64114 2.90481 11.9447
    endloop
  endfacet
  facet normal -0.317123 0.736501 0.597493
    outer loop
      vertex 2.668 2.95994 11.891
      vertex 2.55525 2.9062 11.8974
      vertex 2.64114 2.90481 11.9447
    endloop
  endfacet
  facet normal 0.20922 0.727022 0.653962
    outer loop
      vertex 2.97352 2.96978 11.8978
      vertex 2.94574 2.91274 11.9701
      vertex 3.06541 2.93632 11.9056
    endloop
  endfacet
  facet normal 0.0194222 0.912407 0.408822
    outer loop
      vertex 2.82342 3.08501 11.7074
      vertex 2.80638 3.05002 11.7863
      vertex 2.92009 3.0765 11.7218
    endloop
  endfacet
  facet normal -0.0766608 0.982634 0.168976
    outer loop
      vertex 2.74564 3.11935 11.5314
      vertex 2.73868 3.10505 11.6114
      vertex 2.84332 3.12587 11.5378
    endloop
  endfacet
  facet normal -0.0766286 0.982629 0.169021
    outer loop
      vertex 2.84332 3.12587 11.5378
      vertex 2.73868 3.10505 11.6114
      vertex 2.83581 3.11044 11.6241
    endloop
  endfacet
  facet normal -0.0896266 0.956182 0.278717
    outer loop
      vertex 2.73868 3.10505 11.6114
      vertex 2.72719 3.08147 11.6886
      vertex 2.82342 3.08501 11.7074
    endloop
  endfacet
  facet normal -0.217204 0.942113 0.255432
    outer loop
      vertex 2.73868 3.10505 11.6114
      vertex 2.63306 3.06595 11.6658
      vertex 2.72719 3.08147 11.6886
    endloop
  endfacet
  facet normal -0.356806 0.880053 0.313362
    outer loop
      vertex 2.63306 3.06595 11.6658
      vertex 2.5301 3.01299 11.6973
      vertex 2.61877 3.03662 11.7319
    endloop
  endfacet
  facet normal -0.377088 0.838244 0.393893
    outer loop
      vertex 2.5301 3.01299 11.6973
      vertex 2.51437 2.98068 11.751
      vertex 2.61877 3.03662 11.7319
    endloop
  endfacet
  facet normal -0.0894922 0.956226 -0.278608
    outer loop
      vertex 2.82342 3.08501 11.1926
      vertex 2.73868 3.10505 11.2886
      vertex 2.83581 3.11044 11.2759
    endloop
  endfacet
  facet normal -0.0766286 0.982629 -0.169021
    outer loop
      vertex 2.83581 3.11044 11.2759
      vertex 2.73868 3.10505 11.2886
      vertex 2.84332 3.12587 11.3622
    endloop
  endfacet
  facet normal -0.772224 0.0273254 -0.634762
    outer loop
      vertex 2.30643 2.40789 10.9341
      vertex 2.27975 2.35312 10.9642
      vertex 2.2597 2.45784 10.9931
    endloop
  endfacet
  facet normal -0.93465 -0.109123 -0.33841
    outer loop
      vertex 2.14412 2.35693 11.1963
      vertex 2.17078 2.27527 11.149
      vertex 2.13086 2.32971 11.2417
    endloop
  endfacet
  facet normal -0.960634 0.00466363 -0.277777
    outer loop
      vertex 2.14412 2.35693 11.1963
      vertex 2.13086 2.32971 11.2417
      vertex 2.12954 2.43901 11.2481
    endloop
  endfacet
  facet normal 0.0194222 0.912407 -0.408822
    outer loop
      vertex 2.92009 3.0765 11.1782
      vertex 2.80638 3.05002 11.1137
      vertex 2.82342 3.08501 11.1926
    endloop
  endfacet
  facet normal 0.182692 0.964937 -0.188468
    outer loop
      vertex 3.03732 3.10078 11.354
      vertex 2.93317 3.10335 11.2662
      vertex 2.94111 3.11964 11.3573
    endloop
  endfacet
  facet normal 0.272296 0.856503 -0.438472
    outer loop
      vertex 3.08922 2.98522 11.0758
      vertex 2.99692 3.01784 11.0822
      vertex 3.10818 3.02414 11.1636
    endloop
  endfacet
  facet normal 0.0535373 0.982155 -0.18029
    outer loop
      vertex 2.93317 3.10335 11.2662
      vertex 2.84332 3.12587 11.3622
      vertex 2.94111 3.11964 11.3573
    endloop
  endfacet
  facet normal 0.807336 0.0448219 -0.588387
    outer loop
      vertex 3.44601 2.46388 11.0042
      vertex 3.46473 2.35642 11.0217
      vertex 3.42128 2.41311 10.9664
    endloop
  endfacet
  facet normal 0.73445 -0.10503 -0.670486
    outer loop
      vertex 3.43932 2.30427 10.9931
      vertex 3.36443 2.29639 10.9123
      vertex 3.3926 2.35421 10.9341
    endloop
  endfacet
  facet normal 0.888535 0.0141567 -0.458591
    outer loop
      vertex 3.50957 2.4485 11.1003
      vertex 3.52122 2.33602 11.1194
      vertex 3.48828 2.40477 11.0577
    endloop
  endfacet
  facet normal 0.403582 0.531394 -0.74481
    outer loop
      vertex 3.2 2.76649 10.9122
      vertex 3.17272 2.77978 10.9069
      vertex 3.20882 2.7846 10.9299
    endloop
  endfacet
  facet normal 0.610483 0.378526 -0.695721
    outer loop
      vertex 3.2919 2.72173 10.95
      vertex 3.2852 2.725 10.9459
      vertex 3.28615 2.72696 10.9478
    endloop
  endfacet
  facet normal 0.647374 0.457452 -0.609627
    outer loop
      vertex 3.38142 2.71556 11.0405
      vertex 3.34407 2.69632 10.9864
      vertex 3.31298 2.78203 11.0177
    endloop
  endfacet
  facet normal 0.6466 0.458677 -0.609528
    outer loop
      vertex 3.34407 2.69632 10.9864
      vertex 3.38142 2.71556 11.0405
      vertex 3.36668 2.68531 11.0021
    endloop
  endfacet
  facet normal 0.734065 0.367338 -0.571149
    outer loop
      vertex 3.43273 2.65314 11.0663
      vertex 3.36668 2.68531 11.0021
      vertex 3.38142 2.71556 11.0405
    endloop
  endfacet
  facet normal 0.79857 -0.170939 -0.577118
    outer loop
      vertex 3.43932 2.30427 10.9931
      vertex 3.45737 2.20493 11.0475
      vertex 3.4125 2.2492 10.9723
    endloop
  endfacet
  facet normal 0.316141 0.94649 0.0648925
    outer loop
      vertex 3.04008 3.10644 11.45
      vertex 3.03732 3.10078 11.546
      vertex 3.13313 3.07536 11.45
    endloop
  endfacet
  facet normal 0.308662 0.931287 -0.193476
    outer loop
      vertex 3.13033 3.0696 11.3523
      vertex 3.12196 3.05243 11.2563
      vertex 3.03732 3.10078 11.354
    endloop
  endfacet
  facet normal 0.316113 0.946502 0.0648615
    outer loop
      vertex 3.13313 3.07536 11.45
      vertex 3.03732 3.10078 11.546
      vertex 3.13033 3.0696 11.5477
    endloop
  endfacet
  facet normal 0.189893 0.979765 -0.0632624
    outer loop
      vertex 3.03732 3.10078 11.354
      vertex 2.94111 3.11964 11.3573
      vertex 2.94377 3.12511 11.45
    endloop
  endfacet
  facet normal 0.550361 0.832407 -0.0648135
    outer loop
      vertex 3.30317 2.97829 11.45
      vertex 3.30041 2.97264 11.354
      vertex 3.22133 3.0324 11.45
    endloop
  endfacet
  facet normal 0.316113 0.946502 -0.0648615
    outer loop
      vertex 3.13033 3.0696 11.3523
      vertex 3.03732 3.10078 11.354
      vertex 3.13313 3.07536 11.45
    endloop
  endfacet
  facet normal 0.9132 0.261496 -0.312546
    outer loop
      vertex 3.55651 2.54487 11.2608
      vertex 3.54399 2.51915 11.2027
      vertex 3.52221 2.63286 11.2342
    endloop
  endfacet
  facet normal 0.740313 0.647612 -0.180374
    outer loop
      vertex 3.43977 2.83536 11.3622
      vertex 3.43225 2.81992 11.2759
      vertex 3.36664 2.89222 11.2662
    endloop
  endfacet
  facet normal 0.747205 0.661842 0.0604178
    outer loop
      vertex 3.37724 2.91397 11.45
      vertex 3.43977 2.83536 11.5378
      vertex 3.44229 2.84053 11.45
    endloop
  endfacet
  facet normal 0.747201 0.661845 0.0604232
    outer loop
      vertex 3.37458 2.90851 11.5427
      vertex 3.43977 2.83536 11.5378
      vertex 3.37724 2.91397 11.45
    endloop
  endfacet
  facet normal -0.193687 -0.397653 0.89686
    outer loop
      vertex 2.68 2.14505 12.1414
      vertex 2.72975 2.02316 12.0981
      vertex 2.7682 2.10209 12.1414
    endloop
  endfacet
  facet normal -0.193687 -0.397653 0.89686
    outer loop
      vertex 2.72975 2.02316 12.0981
      vertex 2.68 2.14505 12.1414
      vertex 2.64155 2.06612 12.0981
    endloop
  endfacet
  facet normal -0.308898 -0.337357 0.889254
    outer loop
      vertex 2.5947 2.19205 12.1296
      vertex 2.64155 2.06612 12.0981
      vertex 2.68 2.14505 12.1414
    endloop
  endfacet
  facet normal 0.353601 -0.663336 0.659508
    outer loop
      vertex 3.08758 1.91827 11.9901
      vertex 3.05788 1.8573 11.9447
      vertex 3.17063 1.91104 11.9383
    endloop
  endfacet
  facet normal 0.238276 -0.652035 0.719775
    outer loop
      vertex 3.08758 1.91827 11.9901
      vertex 2.96842 1.86766 11.9837
      vertex 3.05788 1.8573 11.9447
    endloop
  endfacet
  facet normal 0.535483 -0.513788 0.670283
    outer loop
      vertex 3.23018 2.0333 11.9947
      vertex 3.1996 1.97051 11.971
      vertex 3.27359 1.964 11.9069
    endloop
  endfacet
  facet normal 0.434351 -0.495466 0.752232
    outer loop
      vertex 3.23018 2.0333 11.9947
      vertex 3.11962 1.98405 12.0261
      vertex 3.1996 1.97051 11.971
    endloop
  endfacet
  facet normal 0.0451782 -0.49735 0.866373
    outer loop
      vertex 2.94724 2.03115 12.1061
      vertex 2.82 1.98632 12.087
      vertex 2.91075 1.95624 12.065
    endloop
  endfacet
  facet normal 0.164299 -0.534792 0.828857
    outer loop
      vertex 2.94724 2.03115 12.1061
      vertex 2.91075 1.95624 12.065
      vertex 3.00046 1.93343 12.0325
    endloop
  endfacet
  facet normal 0.163138 -0.804082 0.571697
    outer loop
      vertex 2.93945 1.80818 11.9256
      vertex 2.91405 1.75603 11.8595
      vertex 3.03103 1.80216 11.891
    endloop
  endfacet
  facet normal 0.0389233 -0.791704 0.609663
    outer loop
      vertex 2.93945 1.80818 11.9256
      vertex 2.81952 1.76894 11.8823
      vertex 2.91405 1.75603 11.8595
    endloop
  endfacet
  facet normal 0.771795 -0.0276624 0.63527
    outer loop
      vertex 3.41755 2.41798 11.9383
      vertex 3.43932 2.30427 11.9069
      vertex 3.46473 2.35642 11.8783
    endloop
  endfacet
  facet normal 0.72995 -0.311442 0.608422
    outer loop
      vertex 3.35646 2.13413 11.9445
      vertex 3.41015 2.10798 11.8667
      vertex 3.38472 2.19216 11.9403
    endloop
  endfacet
  facet normal 0.353148 -0.662224 0.660867
    outer loop
      vertex 3.17063 1.91104 11.9383
      vertex 3.05788 1.8573 11.9447
      vertex 3.14377 1.8559 11.8974
    endloop
  endfacet
  facet normal 0.317103 -0.736415 0.597611
    outer loop
      vertex 3.05788 1.8573 11.9447
      vertex 3.03103 1.80216 11.891
      vertex 3.14377 1.8559 11.8974
    endloop
  endfacet
  facet normal 0.61358 -0.717176 0.330421
    outer loop
      vertex 3.28113 1.8431 11.7446
      vertex 3.26539 1.81079 11.7037
      vertex 3.33901 1.84991 11.6519
    endloop
  endfacet
  facet normal 0.719684 -0.631585 0.288367
    outer loop
      vertex 3.36582 1.90496 11.7132
      vertex 3.35154 1.87563 11.6846
      vertex 3.42373 1.93812 11.6413
    endloop
  endfacet
  facet normal 0.402368 -0.787501 0.466843
    outer loop
      vertex 3.11949 1.80605 11.8487
      vertex 3.0982 1.76233 11.7933
      vertex 3.18466 1.78143 11.751
    endloop
  endfacet
  facet normal 0.285681 -0.802625 0.523621
    outer loop
      vertex 3.03103 1.80216 11.891
      vertex 3.0982 1.76233 11.7933
      vertex 3.11949 1.80605 11.8487
    endloop
  endfacet
  facet normal 0.4508 -0.884684 0.118802
    outer loop
      vertex 3.14729 1.7047 11.578
      vertex 3.14177 1.69336 11.5145
      vertex 3.22925 1.73658 11.5044
    endloop
  endfacet
  facet normal 0.595887 -0.753463 0.277871
    outer loop
      vertex 3.26539 1.81079 11.7037
      vertex 3.25213 1.78356 11.6583
      vertex 3.33901 1.84991 11.6519
    endloop
  endfacet
  facet normal -0.182666 -0.964922 -0.188569
    outer loop
      vertex 2.75792 1.64246 11.3573
      vertex 2.6617 1.66132 11.354
      vertex 2.76586 1.65876 11.2662
    endloop
  endfacet
  facet normal 0.0894933 -0.956223 -0.278617
    outer loop
      vertex 2.96035 1.65706 11.2886
      vertex 2.86322 1.65167 11.2759
      vertex 2.8756 1.6771 11.1926
    endloop
  endfacet
  facet normal -0.0534367 -0.982143 0.180387
    outer loop
      vertex 2.76586 1.65876 11.6338
      vertex 2.75792 1.64246 11.5427
      vertex 2.8557 1.63624 11.5378
    endloop
  endfacet
  facet normal -0.182666 -0.964922 0.188569
    outer loop
      vertex 2.76586 1.65876 11.6338
      vertex 2.6617 1.66132 11.546
      vertex 2.75792 1.64246 11.5427
    endloop
  endfacet
  facet normal 0.0702144 -0.995925 -0.0565956
    outer loop
      vertex 2.95105 1.63796 11.45
      vertex 2.85318 1.63106 11.45
      vertex 2.95338 1.64275 11.3686
    endloop
  endfacet
  facet normal -0.0535626 -0.982157 -0.180272
    outer loop
      vertex 2.8557 1.63624 11.3622
      vertex 2.76586 1.65876 11.2662
      vertex 2.86322 1.65167 11.2759
    endloop
  endfacet
  facet normal 0.55936 -0.82828 0.0326819
    outer loop
      vertex 3.22925 1.73658 11.5044
      vertex 3.22769 1.73338 11.45
      vertex 3.31023 1.79083 11.4933
    endloop
  endfacet
  facet normal 0.341334 -0.912012 0.227434
    outer loop
      vertex 3.06597 1.69616 11.6658
      vertex 3.05558 1.67484 11.5959
      vertex 3.14729 1.7047 11.578
    endloop
  endfacet
  facet normal 0.341656 -0.911812 0.227752
    outer loop
      vertex 3.1564 1.7234 11.6392
      vertex 3.06597 1.69616 11.6658
      vertex 3.14729 1.7047 11.578
    endloop
  endfacet
  facet normal 0.331084 -0.933467 0.13792
    outer loop
      vertex 3.14729 1.7047 11.578
      vertex 3.04928 1.6619 11.5236
      vertex 3.14177 1.69336 11.5145
    endloop
  endfacet
  facet normal 0.257284 -0.859692 0.441288
    outer loop
      vertex 3.00747 1.75381 11.8296
      vertex 2.98763 1.71307 11.7618
      vertex 3.0982 1.76233 11.7933
    endloop
  endfacet
  facet normal 0.133507 -0.866247 0.481447
    outer loop
      vertex 2.91405 1.75603 11.8595
      vertex 2.98763 1.71307 11.7618
      vertex 3.00747 1.75381 11.8296
    endloop
  endfacet
  facet normal -0.272278 -0.856468 0.43855
    outer loop
      vertex 2.6098 1.77689 11.8242
      vertex 2.59084 1.73796 11.7364
      vertex 2.7021 1.74427 11.8178
    endloop
  endfacet
  facet normal -0.392729 -0.8063 0.442317
    outer loop
      vertex 2.59084 1.73796 11.7364
      vertex 2.5216 1.81985 11.8242
      vertex 2.50264 1.78092 11.7364
    endloop
  endfacet
  facet normal -0.392729 -0.8063 0.442317
    outer loop
      vertex 2.5216 1.81985 11.8242
      vertex 2.59084 1.73796 11.7364
      vertex 2.6098 1.77689 11.8242
    endloop
  endfacet
  facet normal 0.563122 -0.820558 0.0978656
    outer loop
      vertex 3.2339 1.74614 11.5578
      vertex 3.22925 1.73658 11.5044
      vertex 3.31023 1.79083 11.4933
    endloop
  endfacet
  facet normal 0.633394 -0.675862 0.376859
    outer loop
      vertex 3.36582 1.90496 11.7132
      vertex 3.28113 1.8431 11.7446
      vertex 3.35154 1.87563 11.6846
    endloop
  endfacet
  facet normal 0.776644 -0.514827 0.363012
    outer loop
      vertex 3.41665 2.00932 11.7704
      vertex 3.39866 1.97238 11.7565
      vertex 3.4476 1.98712 11.6727
    endloop
  endfacet
  facet normal 0.473104 -0.838582 0.270099
    outer loop
      vertex 3.25213 1.78356 11.6583
      vertex 3.1564 1.7234 11.6392
      vertex 3.24158 1.76189 11.6095
    endloop
  endfacet
  facet normal 0.655657 -0.267115 -0.706232
    outer loop
      vertex 3.35646 2.13413 10.9555
      vertex 3.29903 2.16211 10.8916
      vertex 3.3287 2.22304 10.8961
    endloop
  endfacet
  facet normal 0.890326 -0.377702 -0.254284
    outer loop
      vertex 3.52741 2.09299 11.3087
      vertex 3.50178 2.09835 11.211
      vertex 3.51532 2.12616 11.2171
    endloop
  endfacet
  facet normal 0.839264 0.110104 -0.53246
    outer loop
      vertex 3.48828 2.40477 11.0577
      vertex 3.44956 2.47117 11.0104
      vertex 3.50957 2.4485 11.1003
    endloop
  endfacet
  facet normal 0.840523 0.112634 -0.529939
    outer loop
      vertex 3.44956 2.47117 11.0104
      vertex 3.48828 2.40477 11.0577
      vertex 3.44788 2.46771 11.007
    endloop
  endfacet
  facet normal 0.843762 -0.531737 -0.0729504
    outer loop
      vertex 3.50374 2.01514 11.4255
      vertex 3.45534 1.94502 11.3768
      vertex 3.45999 1.95458 11.3609
    endloop
  endfacet
  facet normal 0.69523 -0.382725 -0.608421
    outer loop
      vertex 3.41015 2.10798 11.0333
      vertex 3.32819 2.0761 10.9597
      vertex 3.35646 2.13413 10.9555
    endloop
  endfacet
  facet normal 0.562964 -0.820701 -0.0975806
    outer loop
      vertex 3.31023 1.79083 11.4067
      vertex 3.2339 1.74614 11.3422
      vertex 3.31394 1.79844 11.3641
    endloop
  endfacet
  facet normal 0.581585 -0.782887 -0.221013
    outer loop
      vertex 3.32005 1.81098 11.3231
      vertex 3.24158 1.76189 11.2905
      vertex 3.32845 1.82823 11.2841
    endloop
  endfacet
  facet normal 0.61358 -0.717176 -0.330421
    outer loop
      vertex 3.33901 1.84991 11.2481
      vertex 3.26539 1.81079 11.1963
      vertex 3.28113 1.8431 11.1554
    endloop
  endfacet
  facet normal 0.581422 -0.782759 -0.221893
    outer loop
      vertex 3.32845 1.82823 11.2841
      vertex 3.24158 1.76189 11.2905
      vertex 3.25213 1.78356 11.2417
    endloop
  endfacet
  facet normal 0.133233 -0.866226 -0.481561
    outer loop
      vertex 3.00059 1.75131 11.073
      vertex 2.98763 1.71307 11.1382
      vertex 2.89264 1.71208 11.1137
    endloop
  endfacet
  facet normal 0.135066 -0.866165 -0.481161
    outer loop
      vertex 2.98763 1.71307 11.1382
      vertex 3.00059 1.75131 11.073
      vertex 3.00517 1.74908 11.0783
    endloop
  endfacet
  facet normal 0.257322 -0.859611 -0.441422
    outer loop
      vertex 3.05936 1.72268 11.1613
      vertex 2.98763 1.71307 11.1382
      vertex 3.00517 1.74908 11.0783
    endloop
  endfacet
  facet normal 0.491012 -0.802516 -0.338934
    outer loop
      vertex 3.25213 1.78356 11.2417
      vertex 3.16892 1.74912 11.2027
      vertex 3.18466 1.78143 11.149
    endloop
  endfacet
  facet normal 0.401714 -0.788114 -0.466371
    outer loop
      vertex 3.12465 1.8041 11.059
      vertex 3.20334 1.81977 11.1003
      vertex 3.18466 1.78143 11.149
    endloop
  endfacet
  facet normal 0.40288 -0.785638 -0.469532
    outer loop
      vertex 3.20334 1.81977 11.1003
      vertex 3.12465 1.8041 11.059
      vertex 3.12613 1.80713 11.0552
    endloop
  endfacet
  facet normal 0.68122 -0.578168 -0.449067
    outer loop
      vertex 3.38162 1.93739 11.1627
      vertex 3.31892 1.92068 11.0891
      vertex 3.39866 1.97238 11.1435
    endloop
  endfacet
  facet normal 0.841558 -0.381537 -0.382373
    outer loop
      vertex 3.50178 2.09835 11.211
      vertex 3.488 2.07006 11.2089
      vertex 3.47321 2.12543 11.1211
    endloop
  endfacet
  facet normal 0.108517 -0.917258 -0.383226
    outer loop
      vertex 2.97183 1.68063 11.2114
      vertex 2.8756 1.6771 11.1926
      vertex 2.89264 1.71208 11.1137
    endloop
  endfacet
  facet normal 0.089512 -0.956217 -0.278633
    outer loop
      vertex 2.96035 1.65706 11.2886
      vertex 2.8756 1.6771 11.1926
      vertex 2.97183 1.68063 11.2114
    endloop
  endfacet
  facet normal -0.168955 -0.645139 -0.745151
    outer loop
      vertex 2.66188 1.88381 10.9208
      vertex 2.73483 1.88076 10.9069
      vertex 2.75329 1.84936 10.9299
    endloop
  endfacet
  facet normal -0.169006 -0.644707 -0.745513
    outer loop
      vertex 2.73483 1.88076 10.9069
      vertex 2.66188 1.88381 10.9208
      vertex 2.67467 1.91006 10.8952
    endloop
  endfacet
  facet normal 0.695399 -0.185304 0.694322
    outer loop
      vertex 3.358 2.29572 11.9947
      vertex 3.38472 2.19216 11.9403
      vertex 3.4125 2.2492 11.9277
    endloop
  endfacet
  facet normal 0.695627 -0.185147 0.694135
    outer loop
      vertex 3.32632 2.23068 12.0091
      vertex 3.38472 2.19216 11.9403
      vertex 3.358 2.29572 11.9947
    endloop
  endfacet
  facet normal 0.169798 0.644908 0.745159
    outer loop
      vertex 2.94574 2.91274 11.9701
      vertex 2.91406 2.84771 12.0336
      vertex 3.00491 2.81212 12.0437
    endloop
  endfacet
  facet normal 0.124663 0.552169 0.82436
    outer loop
      vertex 2.91406 2.84771 12.0336
      vertex 2.96927 2.73895 12.0981
      vertex 3.00491 2.81212 12.0437
    endloop
  endfacet
  facet normal 0.875803 0.409718 0.255147
    outer loop
      vertex 3.48788 2.74012 11.6114
      vertex 3.52221 2.63286 11.6658
      vertex 3.5326 2.65418 11.5959
    endloop
  endfacet
  facet normal 0.835814 0.327343 0.440752
    outer loop
      vertex 3.4606 2.68412 11.7618
      vertex 3.48998 2.56669 11.7933
      vertex 3.50793 2.60353 11.7319
    endloop
  endfacet
  facet normal 0.808101 0.519006 0.278578
    outer loop
      vertex 3.41986 2.7945 11.7074
      vertex 3.48788 2.74012 11.6114
      vertex 3.43225 2.81992 11.6241
    endloop
  endfacet
  facet normal 0.875717 0.409785 0.255335
    outer loop
      vertex 3.4764 2.71655 11.6886
      vertex 3.52221 2.63286 11.6658
      vertex 3.48788 2.74012 11.6114
    endloop
  endfacet
  facet normal 0.808101 0.519006 -0.278578
    outer loop
      vertex 3.43225 2.81992 11.2759
      vertex 3.48788 2.74012 11.2886
      vertex 3.41986 2.7945 11.1926
    endloop
  endfacet
  facet normal 0.820949 0.545385 -0.169111
    outer loop
      vertex 3.43977 2.83536 11.3622
      vertex 3.48788 2.74012 11.2886
      vertex 3.43225 2.81992 11.2759
    endloop
  endfacet
  facet normal 0.583968 0.609006 0.536744
    outer loop
      vertex 3.26001 2.8897 11.8178
      vertex 3.2366 2.84164 11.8978
      vertex 3.33558 2.82843 11.8051
    endloop
  endfacet
  facet normal 0.789199 0.480057 0.383027
    outer loop
      vertex 3.41986 2.7945 11.7074
      vertex 3.4606 2.68412 11.7618
      vertex 3.4764 2.71655 11.6886
    endloop
  endfacet
  facet normal 0.735054 -0.46726 0.491288
    outer loop
      vertex 3.38633 2.05909 11.8631
      vertex 3.41665 2.00932 11.7704
      vertex 3.43529 2.04758 11.7789
    endloop
  endfacet
  facet normal 0.695166 -0.383468 0.608027
    outer loop
      vertex 3.41015 2.10798 11.8667
      vertex 3.32819 2.0761 11.9403
      vertex 3.38633 2.05909 11.8631
    endloop
  endfacet
  facet normal 0.737031 -0.595965 0.318766
    outer loop
      vertex 3.43522 1.96169 11.6588
      vertex 3.36582 1.90496 11.7132
      vertex 3.42373 1.93812 11.6413
    endloop
  endfacet
  facet normal 0.81921 -0.427419 0.382371
    outer loop
      vertex 3.488 2.07006 11.6911
      vertex 3.43529 2.04758 11.7789
      vertex 3.47422 2.04177 11.689
    endloop
  endfacet
  facet normal 0.970044 -0.21397 0.115028
    outer loop
      vertex 3.57942 2.25776 11.5705
      vertex 3.57002 2.18047 11.506
      vertex 3.58553 2.2703 11.5423
    endloop
  endfacet
  facet normal 0.922867 -0.0819117 0.376306
    outer loop
      vertex 3.52122 2.33602 11.7806
      vertex 3.54267 2.26805 11.7132
      vertex 3.53917 2.37287 11.7446
    endloop
  endfacet
  facet normal 0.892916 0.219803 0.392922
    outer loop
      vertex 3.48998 2.56669 11.7933
      vertex 3.52825 2.48684 11.751
      vertex 3.50793 2.60353 11.7319
    endloop
  endfacet
  facet normal 0.839664 0.110369 0.531773
    outer loop
      vertex 3.4444 2.47312 11.8974
      vertex 3.48828 2.40477 11.8423
      vertex 3.46869 2.52297 11.8487
    endloop
  endfacet
  facet normal 0.764615 -0.240626 0.597883
    outer loop
      vertex 3.4125 2.2492 11.9277
      vertex 3.43396 2.15688 11.8631
      vertex 3.45737 2.20493 11.8525
    endloop
  endfacet
  facet normal 0.792767 -0.34923 0.499559
    outer loop
      vertex 3.41015 2.10798 11.8667
      vertex 3.45425 2.0865 11.7817
      vertex 3.43396 2.15688 11.8631
    endloop
  endfacet
  facet normal 0.993245 0.0626235 0.0976879
    outer loop
      vertex 3.58639 2.46982 11.5578
      vertex 3.59455 2.37456 11.5359
      vertex 3.59826 2.38217 11.4933
    endloop
  endfacet
  facet normal 0.86811 0.169596 0.466501
    outer loop
      vertex 3.46869 2.52297 11.8487
      vertex 3.50957 2.4485 11.7997
      vertex 3.52825 2.48684 11.751
    endloop
  endfacet
  facet normal 0.93132 -0.293469 0.215685
    outer loop
      vertex 3.54078 2.17843 11.6588
      vertex 3.54983 2.13902 11.5661
      vertex 3.55226 2.202 11.6413
    endloop
  endfacet
  facet normal 0.931215 -0.293728 -0.215785
    outer loop
      vertex 3.54983 2.13902 11.3339
      vertex 3.54286 2.12471 11.3233
      vertex 3.54078 2.17843 11.2412
    endloop
  endfacet
  facet normal 0.985855 0.0474979 0.160727
    outer loop
      vertex 3.57872 2.45407 11.6095
      vertex 3.59455 2.37456 11.5359
      vertex 3.58639 2.46982 11.5578
    endloop
  endfacet
  facet normal 0.989292 -0.0780736 0.123308
    outer loop
      vertex 3.58845 2.36202 11.5769
      vertex 3.58997 2.27941 11.5124
      vertex 3.59455 2.37456 11.5359
    endloop
  endfacet
  facet normal 0.928556 0.29312 -0.227738
    outer loop
      vertex 3.56562 2.56356 11.322
      vertex 3.55651 2.54487 11.2608
      vertex 3.52221 2.63286 11.2342
    endloop
  endfacet
  facet normal 0.913368 0.260763 -0.312667
    outer loop
      vertex 3.52221 2.63286 11.2342
      vertex 3.51797 2.61162 11.2041
      vertex 3.51304 2.61402 11.1917
    endloop
  endfacet
  facet normal 0.912948 0.261635 -0.313166
    outer loop
      vertex 3.51797 2.61162 11.2041
      vertex 3.54399 2.51915 11.2027
      vertex 3.51078 2.59685 11.1708
    endloop
  endfacet
  facet normal 0.912931 0.261631 -0.313218
    outer loop
      vertex 3.54399 2.51915 11.2027
      vertex 3.51797 2.61162 11.2041
      vertex 3.52221 2.63286 11.2342
    endloop
  endfacet
  facet normal 0.939062 0.314809 0.138049
    outer loop
      vertex 3.5389 2.66712 11.5236
      vertex 3.56562 2.56356 11.578
      vertex 3.57115 2.57491 11.5145
    endloop
  endfacet
  facet normal 0.939024 0.314866 0.138177
    outer loop
      vertex 3.5326 2.65418 11.5959
      vertex 3.56562 2.56356 11.578
      vertex 3.5389 2.66712 11.5236
    endloop
  endfacet
  facet normal 0.997847 -0.060536 0.0252522
    outer loop
      vertex 3.59826 2.38217 11.4933
      vertex 3.59266 2.28494 11.4815
      vertex 3.59357 2.2868 11.45
    endloop
  endfacet
  facet normal 0.980936 -0.0951496 -0.169445
    outer loop
      vertex 3.58845 2.36202 11.3231
      vertex 3.58553 2.2703 11.3577
      vertex 3.58004 2.34477 11.2841
    endloop
  endfacet
  facet normal -0.424508 0.269349 0.864433
    outer loop
      vertex 2.51055 2.63669 12.0683
      vertex 2.47491 2.56351 12.0736
      vertex 2.55129 2.52631 12.1227
    endloop
  endfacet
  facet normal -0.423533 0.269865 0.86475
    outer loop
      vertex 2.51055 2.63669 12.0683
      vertex 2.55129 2.52631 12.1227
      vertex 2.58974 2.60524 12.1169
    endloop
  endfacet
  facet normal -0.730357 0.311062 0.608128
    outer loop
      vertex 2.26506 2.60523 11.8631
      vertex 2.31431 2.56994 11.9403
      vertex 2.28888 2.65412 11.8667
    endloop
  endfacet
  facet normal -0.614931 0.350805 0.706254
    outer loop
      vertex 2.37084 2.686 11.9403
      vertex 2.40494 2.5976 12.0139
      vertex 2.43717 2.66376 12.0091
    endloop
  endfacet
  facet normal -0.574652 0.433503 0.694154
    outer loop
      vertex 2.46884 2.7288 11.9947
      vertex 2.37084 2.686 11.9403
      vertex 2.43717 2.66376 12.0091
    endloop
  endfacet
  facet normal -0.478672 0.405497 0.778746
    outer loop
      vertex 2.46884 2.7288 11.9947
      vertex 2.43717 2.66376 12.0091
      vertex 2.51055 2.63669 12.0683
    endloop
  endfacet
  facet normal -0.626888 0.523102 0.577387
    outer loop
      vertex 2.3587 2.79748 11.835
      vertex 2.3361 2.75108 11.8525
      vertex 2.42544 2.7981 11.9069
    endloop
  endfacet
  facet normal -0.535316 0.513967 0.67028
    outer loop
      vertex 2.42544 2.7981 11.9069
      vertex 2.39862 2.74304 11.9277
      vertex 2.46884 2.7288 11.9947
    endloop
  endfacet
  facet normal -0.65786 0.0365593 0.752252
    outer loop
      vertex 2.31044 2.4036 11.971
      vertex 2.37041 2.34897 12.0261
      vertex 2.34103 2.46639 11.9947
    endloop
  endfacet
  facet normal -0.771846 0.0275662 0.635211
    outer loop
      vertex 2.2343 2.40568 11.8783
      vertex 2.28148 2.34412 11.9383
      vertex 2.2597 2.45784 11.9069
    endloop
  endfacet
  facet normal -0.522184 -0.201263 0.828745
    outer loop
      vertex 2.43857 2.29489 12.0715
      vertex 2.40402 2.22394 12.0325
      vertex 2.51376 2.24228 12.1061
    endloop
  endfacet
  facet normal -0.472554 -0.0994711 0.87567
    outer loop
      vertex 2.43857 2.29489 12.0715
      vertex 2.51376 2.24228 12.1061
      vertex 2.47506 2.36979 12.0997
    endloop
  endfacet
  facet normal -0.314461 -0.056254 0.947602
    outer loop
      vertex 2.55229 2.32137 12.136
      vertex 2.6346 2.27396 12.1605
      vertex 2.59218 2.40328 12.1541
    endloop
  endfacet
  facet normal -0.473601 0.167106 0.864741
    outer loop
      vertex 2.43927 2.49034 12.0683
      vertex 2.51285 2.44738 12.1169
      vertex 2.55129 2.52631 12.1227
    endloop
  endfacet
  facet normal -0.522735 0.0661874 0.849922
    outer loop
      vertex 2.43927 2.49034 12.0683
      vertex 2.47506 2.36979 12.0997
      vertex 2.51285 2.44738 12.1169
    endloop
  endfacet
  facet normal -0.369833 0.112666 0.922242
    outer loop
      vertex 2.51285 2.44738 12.1169
      vertex 2.59218 2.40328 12.1541
      vertex 2.63278 2.48662 12.1602
    endloop
  endfacet
  facet normal -0.93465 -0.109123 0.33841
    outer loop
      vertex 2.13086 2.32971 11.6583
      vertex 2.17078 2.27527 11.751
      vertex 2.14412 2.35693 11.7037
    endloop
  endfacet
  facet normal -0.912879 -0.261573 0.313419
    outer loop
      vertex 2.15504 2.24296 11.6973
      vertex 2.17681 2.12924 11.6658
      vertex 2.1911 2.15857 11.7319
    endloop
  endfacet
  facet normal -0.733694 -0.367214 0.571705
    outer loop
      vertex 2.28182 2.16709 11.891
      vertex 2.31761 2.04654 11.8595
      vertex 2.34301 2.0987 11.9256
    endloop
  endfacet
  facet normal -0.69885 -0.2958 0.651238
    outer loop
      vertex 2.28182 2.16709 11.891
      vertex 2.34301 2.0987 11.9256
      vertex 2.37198 2.15817 11.9837
    endloop
  endfacet
  facet normal -0.776217 -0.204511 0.596375
    outer loop
      vertex 2.23034 2.23913 11.8487
      vertex 2.28182 2.16709 11.891
      vertex 2.25462 2.28899 11.8974
    endloop
  endfacet
  facet normal -0.91359 -0.0649942 0.401409
    outer loop
      vertex 2.15986 2.38924 11.7446
      vertex 2.17078 2.27527 11.751
      vertex 2.18945 2.31361 11.7997
    endloop
  endfacet
  facet normal -0.522389 -0.200376 0.82883
    outer loop
      vertex 2.40402 2.22394 12.0325
      vertex 2.47728 2.16738 12.065
      vertex 2.51376 2.24228 12.1061
    endloop
  endfacet
  facet normal -0.568146 -0.29431 0.768499
    outer loop
      vertex 2.40402 2.22394 12.0325
      vertex 2.44346 2.09793 12.0134
      vertex 2.47728 2.16738 12.065
    endloop
  endfacet
  facet normal -0.550091 -0.540368 0.636711
    outer loop
      vertex 2.41287 2.03514 11.9522
      vertex 2.38605 1.98008 11.8823
      vertex 2.4902 1.97751 11.9701
    endloop
  endfacet
  facet normal -0.510658 -0.459508 0.726692
    outer loop
      vertex 2.41287 2.03514 11.9522
      vertex 2.4902 1.97751 11.9701
      vertex 2.44346 2.09793 12.0134
    endloop
  endfacet
  facet normal -0.899975 0.129019 -0.416412
    outer loop
      vertex 2.17215 2.52649 11.1627
      vertex 2.19765 2.46682 11.0891
      vertex 2.15635 2.49406 11.1868
    endloop
  endfacet
  facet normal -0.900015 0.128842 -0.41638
    outer loop
      vertex 2.19765 2.46682 11.0891
      vertex 2.1778 2.42608 11.1194
      vertex 2.15635 2.49406 11.1868
    endloop
  endfacet
  facet normal -0.88716 0.442595 -0.130599
    outer loop
      vertex 2.17949 2.71453 11.4014
      vertex 2.1882 2.70316 11.3037
      vertex 2.17669 2.70877 11.4009
    endloop
  endfacet
  facet normal -0.846396 0.467882 -0.254362
    outer loop
      vertex 2.23835 2.74814 11.2171
      vertex 2.22481 2.72033 11.211
      vertex 2.20478 2.73721 11.3087
    endloop
  endfacet
  facet normal -0.633409 0.676226 0.37618
    outer loop
      vertex 2.4179 2.91901 11.7446
      vertex 2.33321 2.85715 11.7132
      vertex 2.39995 2.88217 11.7806
    endloop
  endfacet
  facet normal -0.831582 0.498294 0.245304
    outer loop
      vertex 2.25143 2.77499 11.6727
      vertex 2.20478 2.73721 11.5913
      vertex 2.23835 2.74814 11.6829
    endloop
  endfacet
  facet normal -0.707867 0.523404 0.474312
    outer loop
      vertex 2.30037 2.78973 11.7565
      vertex 2.28237 2.75279 11.7704
      vertex 2.3587 2.79748 11.835
    endloop
  endfacet
  facet normal -0.737085 0.595863 0.318832
    outer loop
      vertex 2.33321 2.85715 11.7132
      vertex 2.26381 2.80041 11.6588
      vertex 2.31741 2.82471 11.7373
    endloop
  endfacet
  facet normal -0.430552 0.72862 0.532671
    outer loop
      vertex 2.49569 2.94234 11.7997
      vertex 2.47439 2.89861 11.8423
      vertex 2.57953 2.95606 11.8487
    endloop
  endfacet
  facet normal -0.401585 0.788139 0.46644
    outer loop
      vertex 2.51437 2.98068 11.751
      vertex 2.49569 2.94234 11.7997
      vertex 2.57953 2.95606 11.8487
    endloop
  endfacet
  facet normal -0.613654 0.717089 0.330474
    outer loop
      vertex 2.43363 2.95132 11.7037
      vertex 2.36002 2.9122 11.6519
      vertex 2.4179 2.91901 11.7446
    endloop
  endfacet
  facet normal -0.511838 0.75888 0.402645
    outer loop
      vertex 2.43363 2.95132 11.7037
      vertex 2.4179 2.91901 11.7446
      vertex 2.51437 2.98068 11.751
    endloop
  endfacet
  facet normal -0.34163 0.911854 -0.227619
    outer loop
      vertex 2.63306 3.06595 11.2342
      vertex 2.54263 3.03871 11.2608
      vertex 2.55174 3.0574 11.322
    endloop
  endfacet
  facet normal -0.563071 0.820605 -0.0977729
    outer loop
      vertex 2.46512 3.01596 11.3422
      vertex 2.38879 2.97127 11.4067
      vertex 2.46978 3.02552 11.3956
    endloop
  endfacet
  facet normal -0.662794 0.748381 0.0251123
    outer loop
      vertex 2.39004 2.97383 11.45
      vertex 2.31659 2.90878 11.45
      vertex 2.38879 2.97127 11.4933
    endloop
  endfacet
  facet normal -0.671266 0.730896 -0.123256
    outer loop
      vertex 2.37898 2.95112 11.3231
      vertex 2.30856 2.89228 11.3577
      vertex 2.313 2.9014 11.3876
    endloop
  endfacet
  facet normal -0.834182 0.551432 -0.00797653
    outer loop
      vertex 2.25227 2.83471 11.45
      vertex 2.19798 2.75249 11.4436
      vertex 2.19817 2.75287 11.45
    endloop
  endfacet
  facet normal -0.581585 0.782887 0.221013
    outer loop
      vertex 2.37898 2.95112 11.5769
      vertex 2.37058 2.93387 11.6159
      vertex 2.45745 3.00021 11.6095
    endloop
  endfacet
  facet normal -0.473402 0.838707 0.269188
    outer loop
      vertex 2.54263 3.03871 11.6392
      vertex 2.44689 2.97854 11.6583
      vertex 2.5301 3.01299 11.6973
    endloop
  endfacet
  facet normal -0.760728 0.643694 0.0833732
    outer loop
      vertex 2.313 2.9014 11.5124
      vertex 2.24739 2.82469 11.506
      vertex 2.30856 2.89228 11.5423
    endloop
  endfacet
  facet normal -0.563071 0.820605 0.0977729
    outer loop
      vertex 2.46978 3.02552 11.5044
      vertex 2.38879 2.97127 11.4933
      vertex 2.46512 3.01596 11.5578
    endloop
  endfacet
  facet normal -0.199628 0.978494 -0.0519491
    outer loop
      vertex 2.74798 3.12415 11.45
      vertex 2.64974 3.1002 11.3764
      vertex 2.65186 3.10454 11.45
    endloop
  endfacet
  facet normal -0.3257 0.944339 0.0462937
    outer loop
      vertex 2.55911 3.07255 11.45
      vertex 2.55726 3.06875 11.5145
      vertex 2.64974 3.1002 11.5236
    endloop
  endfacet
  facet normal -0.459977 0.866115 -0.195615
    outer loop
      vertex 2.55174 3.0574 11.322
      vertex 2.45745 3.00021 11.2905
      vertex 2.46512 3.01596 11.3422
    endloop
  endfacet
  facet normal -0.450947 0.884581 -0.119011
    outer loop
      vertex 2.55174 3.0574 11.322
      vertex 2.46512 3.01596 11.3422
      vertex 2.46978 3.02552 11.3956
    endloop
  endfacet
  facet normal -0.0766608 0.982634 -0.168976
    outer loop
      vertex 2.84332 3.12587 11.3622
      vertex 2.73868 3.10505 11.2886
      vertex 2.74564 3.11935 11.3686
    endloop
  endfacet
  facet normal -0.205556 0.966318 -0.154846
    outer loop
      vertex 2.73868 3.10505 11.2886
      vertex 2.64974 3.1002 11.3764
      vertex 2.74564 3.11935 11.3686
    endloop
  endfacet
  facet normal -0.703875 0.66393 0.2525
    outer loop
      vertex 2.36002 2.9122 11.6519
      vertex 2.29478 2.86399 11.5968
      vertex 2.34749 2.88648 11.6846
    endloop
  endfacet
  facet normal -0.835143 0.549428 -0.0257869
    outer loop
      vertex 2.25009 2.83022 11.4121
      vertex 2.19798 2.75249 11.4436
      vertex 2.25172 2.83358 11.4309
    endloop
  endfacet
  facet normal -0.853468 0.511808 -0.0982069
    outer loop
      vertex 2.2272 2.78324 11.3339
      vertex 2.18976 2.73562 11.4111
      vertex 2.23351 2.79618 11.3465
    endloop
  endfacet
  facet normal -0.865805 0.486482 -0.117125
    outer loop
      vertex 2.21272 2.7535 11.3148
      vertex 2.18491 2.72565 11.4047
      vertex 2.22024 2.76893 11.3233
    endloop
  endfacet
  facet normal -0.902168 0.411846 -0.128358
    outer loop
      vertex 2.17388 2.70301 11.4014
      vertex 2.17984 2.68599 11.3049
      vertex 2.17113 2.69736 11.4026
    endloop
  endfacet
  facet normal -0.890216 0.377971 -0.25427
    outer loop
      vertex 2.19725 2.66376 11.211
      vertex 2.1837 2.63595 11.2171
      vertex 2.17162 2.66912 11.3087
    endloop
  endfacet
  facet normal -0.879984 0.45738 -0.128188
    outer loop
      vertex 2.19656 2.72033 11.3049
      vertex 2.18225 2.72018 11.4026
      vertex 2.20478 2.73721 11.3087
    endloop
  endfacet
  facet normal -0.845699 0.469104 -0.25443
    outer loop
      vertex 2.22481 2.72033 11.211
      vertex 2.19656 2.72033 11.3049
      vertex 2.20478 2.73721 11.3087
    endloop
  endfacet
  facet normal -0.909555 0.396642 -0.124035
    outer loop
      vertex 2.17162 2.66912 11.3087
      vertex 2.16368 2.65282 11.3148
      vertex 2.17113 2.69736 11.4026
    endloop
  endfacet
  facet normal -0.931353 0.293459 -0.215553
    outer loop
      vertex 2.15824 2.58368 11.2412
      vertex 2.14676 2.5601 11.2587
      vertex 2.1492 2.62308 11.3339
    endloop
  endfacet
  facet normal -0.962799 0.228797 -0.143769
    outer loop
      vertex 2.12727 2.5201 11.3032
      vertex 2.1196 2.50435 11.3295
      vertex 2.13271 2.58924 11.3768
    endloop
  endfacet
  facet normal -0.962607 0.229299 -0.144255
    outer loop
      vertex 2.13737 2.5988 11.3609
      vertex 2.12727 2.5201 11.3032
      vertex 2.13271 2.58924 11.3768
    endloop
  endfacet
  facet normal -0.993235 -0.0624993 0.0978646
    outer loop
      vertex 2.10077 2.37993 11.4933
      vertex 2.10798 2.28273 11.5044
      vertex 2.11264 2.29229 11.5578
    endloop
  endfacet
  facet normal -0.995003 0.0664124 0.0745566
    outer loop
      vertex 2.10906 2.48269 11.5124
      vertex 2.10077 2.37993 11.4933
      vertex 2.10447 2.38754 11.5359
    endloop
  endfacet
  facet normal -0.947416 0.318945 -0.0260096
    outer loop
      vertex 2.15594 2.66617 11.4373
      vertex 2.12631 2.5761 11.4121
      vertex 2.15539 2.66505 11.4436
    endloop
  endfacet
  facet normal -0.93885 0.336538 0.0728135
    outer loop
      vertex 2.15809 2.67058 11.4745
      vertex 2.13271 2.58924 11.5232
      vertex 2.13737 2.5988 11.5391
    endloop
  endfacet
  facet normal -0.845699 0.469104 0.25443
    outer loop
      vertex 2.20478 2.73721 11.5913
      vertex 2.19656 2.72033 11.5951
      vertex 2.22481 2.72033 11.689
    endloop
  endfacet
  facet normal -0.775961 0.515894 0.362959
    outer loop
      vertex 2.25143 2.77499 11.6727
      vertex 2.23835 2.74814 11.6829
      vertex 2.28237 2.75279 11.7704
    endloop
  endfacet
  facet normal -0.756404 0.556419 0.343876
    outer loop
      vertex 2.26381 2.80041 11.6588
      vertex 2.25143 2.77499 11.6727
      vertex 2.30037 2.78973 11.7565
    endloop
  endfacet
  facet normal -0.819475 0.426631 0.382683
    outer loop
      vertex 2.26374 2.71453 11.7789
      vertex 2.21103 2.69204 11.6911
      vertex 2.24478 2.6756 11.7817
    endloop
  endfacet
  facet normal -0.797828 0.470993 0.376346
    outer loop
      vertex 2.23835 2.74814 11.6829
      vertex 2.22481 2.72033 11.689
      vertex 2.28237 2.75279 11.7704
    endloop
  endfacet
  facet normal -0.764747 0.240445 0.597786
    outer loop
      vertex 2.26506 2.60523 11.8631
      vertex 2.28653 2.51291 11.9277
      vertex 2.31431 2.56994 11.9403
    endloop
  endfacet
  facet normal -0.819226 0.427424 0.382331
    outer loop
      vertex 2.22481 2.72033 11.689
      vertex 2.21103 2.69204 11.6911
      vertex 2.26374 2.71453 11.7789
    endloop
  endfacet
  facet normal -0.875891 -0.409649 -0.254955
    outer loop
      vertex 2.17681 2.12924 11.2342
      vertex 2.21114 2.02198 11.2886
      vertex 2.16643 2.10793 11.3041
    endloop
  endfacet
  facet normal -0.928541 -0.293464 -0.227353
    outer loop
      vertex 2.17681 2.12924 11.2342
      vertex 2.16643 2.10793 11.3041
      vertex 2.13341 2.19854 11.322
    endloop
  endfacet
  facet normal -0.965529 -0.171771 0.195571
    outer loop
      vertex 2.11264 2.29229 11.5578
      vertex 2.13341 2.19854 11.578
      vertex 2.12031 2.30804 11.6095
    endloop
  endfacet
  facet normal -0.965404 -0.171901 0.196074
    outer loop
      vertex 2.12031 2.30804 11.6095
      vertex 2.13341 2.19854 11.578
      vertex 2.14251 2.21724 11.6392
    endloop
  endfacet
  facet normal -0.974488 -0.190233 0.119096
    outer loop
      vertex 2.10798 2.28273 11.5044
      vertex 2.13341 2.19854 11.578
      vertex 2.11264 2.29229 11.5578
    endloop
  endfacet
  facet normal -0.979038 -0.199739 0.0398485
    outer loop
      vertex 2.10642 2.27952 11.45
      vertex 2.12603 2.1834 11.45
      vertex 2.12788 2.1872 11.5145
    endloop
  endfacet
  facet normal -0.902161 0.411801 0.128555
    outer loop
      vertex 2.17113 2.69736 11.4974
      vertex 2.17162 2.66912 11.5913
      vertex 2.17388 2.70301 11.4986
    endloop
  endfacet
  facet normal -0.890216 0.377971 0.25427
    outer loop
      vertex 2.17162 2.66912 11.5913
      vertex 2.1837 2.63595 11.6829
      vertex 2.19725 2.66376 11.689
    endloop
  endfacet
  facet normal -0.848641 0.234523 0.474138
    outer loop
      vertex 2.20718 2.59842 11.7704
      vertex 2.21905 2.51077 11.835
      vertex 2.24165 2.55717 11.8525
    endloop
  endfacet
  facet normal -0.820865 0.291524 0.491115
    outer loop
      vertex 2.20718 2.59842 11.7704
      vertex 2.24165 2.55717 11.8525
      vertex 2.26506 2.60523 11.8631
    endloop
  endfacet
  facet normal -0.970115 0.213777 -0.114785
    outer loop
      vertex 2.1196 2.50435 11.3295
      vertex 2.1135 2.49181 11.3577
      vertex 2.13271 2.58924 11.3768
    endloop
  endfacet
  facet normal -0.94274 0.328546 -0.0574364
    outer loop
      vertex 2.13271 2.58924 11.3768
      vertex 2.12901 2.58163 11.394
      vertex 2.15809 2.67058 11.4255
    endloop
  endfacet
  facet normal -0.993255 -0.0627821 0.0974839
    outer loop
      vertex 2.10077 2.37993 11.4933
      vertex 2.11264 2.29229 11.5578
      vertex 2.10447 2.38754 11.5359
    endloop
  endfacet
  facet normal -0.989257 0.0782229 0.123499
    outer loop
      vertex 2.10906 2.48269 11.5124
      vertex 2.10447 2.38754 11.5359
      vertex 2.11058 2.40008 11.5769
    endloop
  endfacet
  facet normal -0.996983 -0.0702961 0.0329211
    outer loop
      vertex 2.09952 2.37738 11.45
      vertex 2.10642 2.27952 11.45
      vertex 2.10077 2.37993 11.4933
    endloop
  endfacet
  facet normal -0.974488 -0.190233 -0.119096
    outer loop
      vertex 2.11264 2.29229 11.3422
      vertex 2.13341 2.19854 11.322
      vertex 2.10798 2.28273 11.3956
    endloop
  endfacet
  facet normal -0.985747 -0.0474401 -0.16141
    outer loop
      vertex 2.11058 2.40008 11.3231
      vertex 2.11264 2.29229 11.3422
      vertex 2.10447 2.38754 11.3641
    endloop
  endfacet
  facet normal -0.989257 0.0782229 -0.123499
    outer loop
      vertex 2.11058 2.40008 11.3231
      vertex 2.10447 2.38754 11.3641
      vertex 2.10906 2.48269 11.3876
    endloop
  endfacet
  facet normal -0.952106 -0.144672 -0.269378
    outer loop
      vertex 2.15504 2.24296 11.2027
      vertex 2.14251 2.21724 11.2608
      vertex 2.12031 2.30804 11.2905
    endloop
  endfacet
  facet normal -0.91318 -0.261422 -0.312667
    outer loop
      vertex 2.15504 2.24296 11.2027
      vertex 2.17681 2.12924 11.2342
      vertex 2.14251 2.21724 11.2608
    endloop
  endfacet
  facet normal -0.272278 -0.856468 -0.43855
    outer loop
      vertex 2.7021 1.74427 11.0822
      vertex 2.59084 1.73796 11.1636
      vertex 2.6098 1.77689 11.0758
    endloop
  endfacet
  facet normal -0.40338 -0.530531 -0.745534
    outer loop
      vertex 2.57368 1.92677 10.9208
      vertex 2.52631 1.98232 10.9069
      vertex 2.58647 1.95302 10.8952
    endloop
  endfacet
  facet normal -0.403858 -0.530823 -0.745068
    outer loop
      vertex 2.52631 1.98232 10.9069
      vertex 2.57368 1.92677 10.9208
      vertex 2.4902 1.97751 10.9299
    endloop
  endfacet
  facet normal -0.67973 -0.52387 -0.513349
    outer loop
      vertex 2.38605 1.98008 11.0177
      vertex 2.2962 2.00259 11.1137
      vertex 2.31761 2.04654 11.0405
    endloop
  endfacet
  facet normal -0.765573 -0.432506 -0.476273
    outer loop
      vertex 2.31761 2.04654 11.0405
      vertex 2.26054 2.11177 11.073
      vertex 2.26629 2.10897 11.0663
    endloop
  endfacet
  facet normal -0.764434 -0.429057 -0.481197
    outer loop
      vertex 2.26054 2.11177 11.073
      vertex 2.31761 2.04654 11.0405
      vertex 2.2962 2.00259 11.1137
    endloop
  endfacet
  facet normal -0.0603522 -0.996347 0.0604163
    outer loop
      vertex 2.75792 1.64246 11.5427
      vertex 2.75526 1.637 11.45
      vertex 2.8557 1.63624 11.5378
    endloop
  endfacet
  facet normal 0.0702138 -0.995917 0.0567416
    outer loop
      vertex 2.8557 1.63624 11.5378
      vertex 2.85318 1.63106 11.45
      vertex 2.95105 1.63796 11.45
    endloop
  endfacet
  facet normal -0.0286291 -0.0587775 0.997861
    outer loop
      vertex 2.80541 2.40253 12.1984
      vertex 2.85084 2.27175 12.192
      vertex 2.89361 2.35957 12.1984
    endloop
  endfacet
  facet normal -0.0286291 -0.0587775 0.997861
    outer loop
      vertex 2.85084 2.27175 12.192
      vertex 2.80541 2.40253 12.1984
      vertex 2.76264 2.31471 12.192
    endloop
  endfacet
  facet normal 0.315093 0.0564723 0.947379
    outer loop
      vertex 3.0231 2.4033 12.1793
      vertex 3.10684 2.35882 12.1541
      vertex 3.06442 2.48814 12.1605
    endloop
  endfacet
  facet normal 0.201964 0.117107 0.972366
    outer loop
      vertex 2.93639 2.44739 12.192
      vertex 3.0231 2.4033 12.1793
      vertex 3.06442 2.48814 12.1605
    endloop
  endfacet
  facet normal 0.4236 -0.269808 0.864735
    outer loop
      vertex 3.14773 2.2358 12.1227
      vertex 3.10929 2.15686 12.1169
      vertex 3.18847 2.12541 12.0683
    endloop
  endfacet
  facet normal 0.316418 -0.221846 0.922315
    outer loop
      vertex 3.06625 2.27549 12.1602
      vertex 3.10929 2.15686 12.1169
      vertex 3.14773 2.2358 12.1227
    endloop
  endfacet
  facet normal -0.0225932 -0.34322 0.938983
    outer loop
      vertex 2.89769 2.14582 12.1605
      vertex 2.7682 2.10209 12.1414
      vertex 2.85779 2.06391 12.1296
    endloop
  endfacet
  facet normal -0.0751667 -0.451212 0.889246
    outer loop
      vertex 2.7682 2.10209 12.1414
      vertex 2.72975 2.02316 12.0981
      vertex 2.85779 2.06391 12.1296
    endloop
  endfacet
  facet normal -0.0323058 0.231208 0.972368
    outer loop
      vertex 2.80134 2.61628 12.1605
      vertex 2.76001 2.53144 12.1793
      vertex 2.84819 2.49035 12.192
    endloop
  endfacet
  facet normal -0.149554 0.282249 0.947612
    outer loop
      vertex 2.71327 2.65187 12.136
      vertex 2.67337 2.56996 12.1541
      vertex 2.80134 2.61628 12.1605
    endloop
  endfacet
  facet normal -0.325856 0.469541 0.820579
    outer loop
      vertex 2.57941 2.77806 12.0261
      vertex 2.54558 2.70862 12.0524
      vertex 2.62753 2.68283 12.0997
    endloop
  endfacet
  facet normal -0.327698 0.468502 0.820439
    outer loop
      vertex 2.57941 2.77806 12.0261
      vertex 2.62753 2.68283 12.0997
      vertex 2.66401 2.75773 12.0715
    endloop
  endfacet
  facet normal -0.478053 -0.684111 0.55087
    outer loop
      vertex 2.43901 1.87241 11.8178
      vertex 2.5216 1.81985 11.8242
      vertex 2.46242 1.92047 11.8978
    endloop
  endfacet
  facet normal -0.584014 -0.608969 0.536735
    outer loop
      vertex 2.36345 1.93368 11.8051
      vertex 2.43901 1.87241 11.8178
      vertex 2.46242 1.92047 11.8978
    endloop
  endfacet
  facet normal -0.72995 0.311442 -0.608422
    outer loop
      vertex 2.34257 2.62797 10.9555
      vertex 2.31431 2.56994 10.9597
      vertex 2.28888 2.65412 11.0333
    endloop
  endfacet
  facet normal -0.69523 0.382725 -0.608421
    outer loop
      vertex 2.37084 2.686 10.9597
      vertex 2.34257 2.62797 10.9555
      vertex 2.28888 2.65412 11.0333
    endloop
  endfacet
  facet normal -0.581443 0.782776 -0.221777
    outer loop
      vertex 2.44689 2.97854 11.2417
      vertex 2.37058 2.93387 11.2841
      vertex 2.45745 3.00021 11.2905
    endloop
  endfacet
  facet normal -0.473574 0.838405 -0.269822
    outer loop
      vertex 2.5301 3.01299 11.2027
      vertex 2.44689 2.97854 11.2417
      vertex 2.45745 3.00021 11.2905
    endloop
  endfacet
  facet normal -0.511838 0.75888 -0.402645
    outer loop
      vertex 2.51437 2.98068 11.149
      vertex 2.4179 2.91901 11.1554
      vertex 2.43363 2.95132 11.1963
    endloop
  endfacet
  facet normal -0.512072 0.759374 -0.401414
    outer loop
      vertex 2.49569 2.94234 11.1003
      vertex 2.4179 2.91901 11.1554
      vertex 2.51437 2.98068 11.149
    endloop
  endfacet
  facet normal 0.193671 0.39762 0.896878
    outer loop
      vertex 2.96927 2.73895 12.0981
      vertex 3.01902 2.61705 12.1414
      vertex 3.05747 2.69599 12.0981
    endloop
  endfacet
  facet normal 0.193696 0.397628 0.896869
    outer loop
      vertex 3.01902 2.61705 12.1414
      vertex 2.96927 2.73895 12.0981
      vertex 2.93083 2.66001 12.1414
    endloop
  endfacet
  facet normal 0.0751934 0.451164 0.889268
    outer loop
      vertex 2.96927 2.73895 12.0981
      vertex 2.84124 2.6982 12.1296
      vertex 2.93083 2.66001 12.1414
    endloop
  endfacet
  facet normal 0.46714 0.369049 0.803482
    outer loop
      vertex 3.14211 2.64764 12.087
      vertex 3.22175 2.59473 12.065
      vertex 3.17714 2.71956 12.0336
    endloop
  endfacet
  facet normal 0.358231 0.437794 0.824625
    outer loop
      vertex 3.05747 2.69599 12.0981
      vertex 3.14211 2.64764 12.087
      vertex 3.17714 2.71956 12.0336
    endloop
  endfacet
  facet normal 0.119525 0.835243 0.536733
    outer loop
      vertex 2.9021 3.03957 11.8051
      vertex 2.97352 2.96978 11.8978
      vertex 2.99692 3.01784 11.8178
    endloop
  endfacet
  facet normal 0.119263 0.835181 0.536888
    outer loop
      vertex 2.9021 3.03957 11.8051
      vertex 2.8795 2.99317 11.8823
      vertex 2.97352 2.96978 11.8978
    endloop
  endfacet
  facet normal 0.679981 0.523309 0.513589
    outer loop
      vertex 3.33558 2.82843 11.8051
      vertex 3.31298 2.78203 11.8823
      vertex 3.40282 2.75951 11.7863
    endloop
  endfacet
  facet normal 0.706467 0.577749 0.408791
    outer loop
      vertex 3.35357 2.86537 11.7218
      vertex 3.40282 2.75951 11.7863
      vertex 3.41986 2.7945 11.7074
    endloop
  endfacet
  facet normal 0.698821 0.295878 0.651234
    outer loop
      vertex 3.35601 2.66341 11.9256
      vertex 3.32705 2.60393 11.9837
      vertex 3.41721 2.59502 11.891
    endloop
  endfacet
  facet normal 0.550102 0.540265 0.63679
    outer loop
      vertex 3.20882 2.7846 11.9701
      vertex 3.28615 2.72696 11.9522
      vertex 3.31298 2.78203 11.8823
    endloop
  endfacet
  facet normal 0.658964 0.214015 0.721085
    outer loop
      vertex 3.29501 2.53816 12.0325
      vertex 3.36065 2.47891 11.9901
      vertex 3.32705 2.60393 11.9837
    endloop
  endfacet
  facet normal 0.522155 0.201244 0.828767
    outer loop
      vertex 3.18526 2.51982 12.1061
      vertex 3.26045 2.46722 12.0715
      vertex 3.29501 2.53816 12.0325
    endloop
  endfacet
  facet normal 0.522732 -0.0661941 0.849924
    outer loop
      vertex 3.18618 2.31473 12.1169
      vertex 3.25976 2.27177 12.0683
      vertex 3.22397 2.39231 12.0997
    endloop
  endfacet
  facet normal 0.570584 0.0328079 0.820584
    outer loop
      vertex 3.22397 2.39231 12.0997
      vertex 3.29479 2.34369 12.0524
      vertex 3.32862 2.41314 12.0261
    endloop
  endfacet
  facet normal 0.147206 0.892058 0.427274
    outer loop
      vertex 2.92009 3.0765 11.7218
      vertex 2.9021 3.03957 11.8051
      vertex 2.99692 3.01784 11.8178
    endloop
  endfacet
  facet normal 0.147202 0.892057 0.427277
    outer loop
      vertex 2.92009 3.0765 11.7218
      vertex 2.99692 3.01784 11.8178
      vertex 3.01556 3.0561 11.7315
    endloop
  endfacet
  facet normal -0.0701198 0.995925 -0.056712
    outer loop
      vertex 2.84584 3.13104 11.45
      vertex 2.74564 3.11935 11.3686
      vertex 2.74798 3.12415 11.45
    endloop
  endfacet
  facet normal -0.0701201 0.99593 0.0566316
    outer loop
      vertex 2.84584 3.13104 11.45
      vertex 2.74798 3.12415 11.45
      vertex 2.84332 3.12587 11.5378
    endloop
  endfacet
  facet normal -0.079614 0.711828 -0.697827
    outer loop
      vertex 2.85268 2.9381 10.9478
      vertex 2.85172 2.93613 10.9459
      vertex 2.84502 2.9394 10.95
    endloop
  endfacet
  facet normal -0.86115 0.0422497 -0.506592
    outer loop
      vertex 2.2343 2.40568 11.0217
      vertex 2.21075 2.35733 11.0577
      vertex 2.19765 2.46682 11.0891
    endloop
  endfacet
  facet normal -0.807397 -0.0447746 -0.588307
    outer loop
      vertex 2.25301 2.29823 11.0042
      vertex 2.21075 2.35733 11.0577
      vertex 2.2343 2.40568 11.0217
    endloop
  endfacet
  facet normal -0.805557 -0.0409276 -0.591103
    outer loop
      vertex 2.21075 2.35733 11.0577
      vertex 2.25301 2.29823 11.0042
      vertex 2.25115 2.2944 11.007
    endloop
  endfacet
  facet normal 0.039745 0.95405 -0.297001
    outer loop
      vertex 2.92009 3.0765 11.1782
      vertex 2.82342 3.08501 11.1926
      vertex 2.93317 3.10335 11.2662
    endloop
  endfacet
  facet normal 0.0398654 0.953993 -0.297167
    outer loop
      vertex 2.93317 3.10335 11.2662
      vertex 2.82342 3.08501 11.1926
      vertex 2.83581 3.11044 11.2759
    endloop
  endfacet
  facet normal 0.168364 0.935553 -0.310475
    outer loop
      vertex 3.01556 3.0561 11.1685
      vertex 2.92009 3.0765 11.1782
      vertex 2.93317 3.10335 11.2662
    endloop
  endfacet
  facet normal 0.168321 0.935549 -0.310509
    outer loop
      vertex 3.0291 3.0839 11.2596
      vertex 3.01556 3.0561 11.1685
      vertex 2.93317 3.10335 11.2662
    endloop
  endfacet
  facet normal 0.772311 -0.0272831 -0.634659
    outer loop
      vertex 3.41927 2.40898 10.9642
      vertex 3.43932 2.30427 10.9931
      vertex 3.3926 2.35421 10.9341
    endloop
  endfacet
  facet normal 0.768701 -0.0338801 -0.638711
    outer loop
      vertex 3.46473 2.35642 11.0217
      vertex 3.41927 2.40898 10.9642
      vertex 3.42128 2.41311 10.9664
    endloop
  endfacet
  facet normal 0.77173 -0.0275856 -0.635352
    outer loop
      vertex 3.41927 2.40898 10.9642
      vertex 3.46473 2.35642 11.0217
      vertex 3.43932 2.30427 10.9931
    endloop
  endfacet
  facet normal 0.18993 0.97976 -0.0632255
    outer loop
      vertex 3.03732 3.10078 11.354
      vertex 2.94377 3.12511 11.45
      vertex 3.04008 3.10644 11.45
    endloop
  endfacet
  facet normal 0.0604417 0.996335 -0.0605256
    outer loop
      vertex 2.94111 3.11964 11.3573
      vertex 2.84332 3.12587 11.3622
      vertex 2.94377 3.12511 11.45
    endloop
  endfacet
  facet normal 0.550332 0.832424 -0.0648484
    outer loop
      vertex 3.22133 3.0324 11.45
      vertex 3.30041 2.97264 11.354
      vertex 3.21853 3.02664 11.3523
    endloop
  endfacet
  facet normal -0.357922 -0.438507 0.82438
    outer loop
      vertex 2.52188 2.04254 12.0336
      vertex 2.60591 1.99294 12.0437
      vertex 2.64155 2.06612 12.0981
    endloop
  endfacet
  facet normal 0.28184 -0.562618 0.777192
    outer loop
      vertex 3.03501 2.00438 12.0715
      vertex 3.08758 1.91827 11.9901
      vertex 3.11962 1.98405 12.0261
    endloop
  endfacet
  facet normal 0.280138 -0.563581 0.77711
    outer loop
      vertex 3.03501 2.00438 12.0715
      vertex 3.00046 1.93343 12.0325
      vertex 3.08758 1.91827 11.9901
    endloop
  endfacet
  facet normal 0.626962 -0.523317 0.577112
    outer loop
      vertex 3.30041 2.01907 11.9277
      vertex 3.27359 1.964 11.9069
      vertex 3.36292 2.01103 11.8525
    endloop
  endfacet
  facet normal 0.626965 -0.523107 0.577299
    outer loop
      vertex 3.36292 2.01103 11.8525
      vertex 3.27359 1.964 11.9069
      vertex 3.34032 1.96463 11.835
    endloop
  endfacet
  facet normal 0.473346 -0.838708 0.269282
    outer loop
      vertex 3.16892 1.74912 11.6973
      vertex 3.1564 1.7234 11.6392
      vertex 3.25213 1.78356 11.6583
    endloop
  endfacet
  facet normal 0.681235 -0.578033 0.449217
    outer loop
      vertex 3.34032 1.96463 11.835
      vertex 3.31892 1.92068 11.8109
      vertex 3.39866 1.97238 11.7565
    endloop
  endfacet
  facet normal 0.671224 -0.730972 0.123041
    outer loop
      vertex 3.39047 1.86982 11.5423
      vertex 3.32005 1.81098 11.5769
      vertex 3.38603 1.86071 11.5124
    endloop
  endfacet
  facet normal 0.671422 -0.730723 0.123436
    outer loop
      vertex 3.32005 1.81098 11.5769
      vertex 3.31394 1.79844 11.5359
      vertex 3.38603 1.86071 11.5124
    endloop
  endfacet
  facet normal 0.430502 -0.728655 0.532662
    outer loop
      vertex 3.22463 1.86349 11.8423
      vertex 3.11949 1.80605 11.8487
      vertex 3.20334 1.81977 11.7997
    endloop
  endfacet
  facet normal 0.430752 -0.729222 0.531685
    outer loop
      vertex 3.14377 1.8559 11.8974
      vertex 3.11949 1.80605 11.8487
      vertex 3.22463 1.86349 11.8423
    endloop
  endfacet
  facet normal -0.168492 -0.935564 0.310372
    outer loop
      vertex 2.68347 1.70601 11.7315
      vertex 2.76586 1.65876 11.6338
      vertex 2.77893 1.6856 11.7218
    endloop
  endfacet
  facet normal -0.168197 -0.935538 0.310608
    outer loop
      vertex 2.68347 1.70601 11.7315
      vertex 2.66992 1.6782 11.6404
      vertex 2.76586 1.65876 11.6338
    endloop
  endfacet
  facet normal -0.0604395 -0.996336 0.0605162
    outer loop
      vertex 2.8557 1.63624 11.5378
      vertex 2.75526 1.637 11.45
      vertex 2.85318 1.63106 11.45
    endloop
  endfacet
  facet normal -0.0603522 -0.996347 -0.0604163
    outer loop
      vertex 2.8557 1.63624 11.3622
      vertex 2.75526 1.637 11.45
      vertex 2.75792 1.64246 11.3573
    endloop
  endfacet
  facet normal 0.20564 -0.966271 -0.155021
    outer loop
      vertex 3.04928 1.6619 11.3764
      vertex 2.96035 1.65706 11.2886
      vertex 3.05558 1.67484 11.3041
    endloop
  endfacet
  facet normal 0.20556 -0.966302 -0.154938
    outer loop
      vertex 3.04928 1.6619 11.3764
      vertex 2.95338 1.64275 11.3686
      vertex 2.96035 1.65706 11.2886
    endloop
  endfacet
  facet normal 0.0766276 -0.982631 0.169012
    outer loop
      vertex 2.86322 1.65167 11.6241
      vertex 2.8557 1.63624 11.5378
      vertex 2.96035 1.65706 11.6114
    endloop
  endfacet
  facet normal 0.199629 -0.978499 0.0518435
    outer loop
      vertex 3.04928 1.6619 11.5236
      vertex 2.95105 1.63796 11.45
      vertex 3.04717 1.65757 11.45
    endloop
  endfacet
  facet normal -0.0193485 -0.912458 0.408713
    outer loop
      vertex 2.89264 1.71208 11.7863
      vertex 2.77893 1.6856 11.7218
      vertex 2.8756 1.6771 11.7074
    endloop
  endfacet
  facet normal 0.133156 -0.866409 0.481254
    outer loop
      vertex 2.91405 1.75603 11.8595
      vertex 2.89264 1.71208 11.7863
      vertex 2.98763 1.71307 11.7618
    endloop
  endfacet
  facet normal 0.671224 -0.730972 -0.123041
    outer loop
      vertex 3.38603 1.86071 11.3876
      vertex 3.32005 1.81098 11.3231
      vertex 3.39047 1.86982 11.3577
    endloop
  endfacet
  facet normal 0.904373 -0.348669 -0.246048
    outer loop
      vertex 3.53535 2.10928 11.3148
      vertex 3.52741 2.09299 11.3087
      vertex 3.5284 2.153 11.2273
    endloop
  endfacet
  facet normal 0.756068 -0.556887 -0.343858
    outer loop
      vertex 3.43522 1.96169 11.2412
      vertex 3.38162 1.93739 11.1627
      vertex 3.39866 1.97238 11.1435
    endloop
  endfacet
  facet normal 0.450999 -0.884544 0.119084
    outer loop
      vertex 3.2339 1.74614 11.5578
      vertex 3.14729 1.7047 11.578
      vertex 3.22925 1.73658 11.5044
    endloop
  endfacet
  facet normal 0.570328 -0.805548 0.160682
    outer loop
      vertex 3.24158 1.76189 11.6095
      vertex 3.2339 1.74614 11.5578
      vertex 3.31394 1.79844 11.5359
    endloop
  endfacet
  facet normal 0.860999 -0.0423395 -0.506842
    outer loop
      vertex 3.52122 2.33602 11.1194
      vertex 3.50138 2.29528 11.0891
      vertex 3.48828 2.40477 11.0577
    endloop
  endfacet
  facet normal 0.86115 -0.0422497 -0.506592
    outer loop
      vertex 3.48828 2.40477 11.0577
      vertex 3.50138 2.29528 11.0891
      vertex 3.46473 2.35642 11.0217
    endloop
  endfacet
  facet normal 0.900058 -0.128833 -0.41629
    outer loop
      vertex 3.54267 2.26805 11.1868
      vertex 3.52688 2.23561 11.1627
      vertex 3.50138 2.29528 11.0891
    endloop
  endfacet
  facet normal 0.900081 -0.128733 -0.416272
    outer loop
      vertex 3.52122 2.33602 11.1194
      vertex 3.54267 2.26805 11.1868
      vertex 3.50138 2.29528 11.0891
    endloop
  endfacet
  facet normal 0.792608 -0.349129 -0.499881
    outer loop
      vertex 3.47321 2.12543 11.1211
      vertex 3.41015 2.10798 11.0333
      vertex 3.43396 2.15688 11.0369
    endloop
  endfacet
  facet normal 0.820707 -0.291438 -0.491431
    outer loop
      vertex 3.45737 2.20493 11.0475
      vertex 3.47321 2.12543 11.1211
      vertex 3.43396 2.15688 11.0369
    endloop
  endfacet
  facet normal 0.764086 -0.408167 -0.499572
    outer loop
      vertex 3.45425 2.0865 11.1183
      vertex 3.43529 2.04758 11.1211
      vertex 3.41015 2.10798 11.0333
    endloop
  endfacet
  facet normal 0.660755 -0.453934 -0.597785
    outer loop
      vertex 3.36292 2.01103 11.0475
      vertex 3.30041 2.01907 10.9723
      vertex 3.32819 2.0761 10.9597
    endloop
  endfacet
  facet normal 0.735275 -0.467288 -0.49093
    outer loop
      vertex 3.41665 2.00932 11.1296
      vertex 3.36292 2.01103 11.0475
      vertex 3.43529 2.04758 11.1211
    endloop
  endfacet
  facet normal 0.695166 -0.383468 -0.608027
    outer loop
      vertex 3.38633 2.05909 11.0369
      vertex 3.32819 2.0761 10.9597
      vertex 3.41015 2.10798 11.0333
    endloop
  endfacet
  facet normal 0.341656 -0.911812 -0.227752
    outer loop
      vertex 3.14729 1.7047 11.322
      vertex 3.06597 1.69616 11.2342
      vertex 3.1564 1.7234 11.2608
    endloop
  endfacet
  facet normal 0.46001 -0.866119 -0.195522
    outer loop
      vertex 3.2339 1.74614 11.3422
      vertex 3.14729 1.7047 11.322
      vertex 3.24158 1.76189 11.2905
    endloop
  endfacet
  facet normal 0.473522 -0.838401 -0.269928
    outer loop
      vertex 3.24158 1.76189 11.2905
      vertex 3.16892 1.74912 11.2027
      vertex 3.25213 1.78356 11.2417
    endloop
  endfacet
  facet normal 0.377503 -0.838165 -0.393663
    outer loop
      vertex 3.18466 1.78143 11.149
      vertex 3.08852 1.72991 11.1665
      vertex 3.10504 1.76384 11.1101
    endloop
  endfacet
  facet normal 0.656231 -0.629343 -0.416279
    outer loop
      vertex 3.36582 1.90496 11.1868
      vertex 3.29907 1.87994 11.1194
      vertex 3.31892 1.92068 11.0891
    endloop
  endfacet
  facet normal 0.818196 -0.52564 -0.232933
    outer loop
      vertex 3.48631 2.0086 11.3148
      vertex 3.43522 1.96169 11.2412
      vertex 3.4476 1.98712 11.2273
    endloop
  endfacet
  facet normal 0.595761 -0.753205 -0.27884
    outer loop
      vertex 3.32845 1.82823 11.2841
      vertex 3.25213 1.78356 11.2417
      vertex 3.33901 1.84991 11.2481
    endloop
  endfacet
  facet normal 0.595887 -0.753463 -0.277871
    outer loop
      vertex 3.33901 1.84991 11.2481
      vertex 3.25213 1.78356 11.2417
      vertex 3.26539 1.81079 11.1963
    endloop
  endfacet
  facet normal 0.633406 -0.676165 -0.376294
    outer loop
      vertex 3.36582 1.90496 11.1868
      vertex 3.28113 1.8431 11.1554
      vertex 3.29907 1.87994 11.1194
    endloop
  endfacet
  facet normal 0.376165 -0.840814 -0.389272
    outer loop
      vertex 3.08852 1.72991 11.1665
      vertex 3.16892 1.74912 11.2027
      vertex 3.08727 1.72736 11.1708
    endloop
  endfacet
  facet normal 0.377506 -0.838168 -0.393655
    outer loop
      vertex 3.16892 1.74912 11.2027
      vertex 3.08852 1.72991 11.1665
      vertex 3.18466 1.78143 11.149
    endloop
  endfacet
  facet normal 0.793388 -0.576625 -0.195033
    outer loop
      vertex 3.46552 1.96593 11.3465
      vertex 3.41335 1.91681 11.2795
      vertex 3.47182 1.97886 11.3339
    endloop
  endfacet
  facet normal 0.86582 -0.486465 0.117081
    outer loop
      vertex 3.48631 2.0086 11.5852
      vertex 3.47879 1.99317 11.5767
      vertex 3.51412 2.03646 11.4953
    endloop
  endfacet
  facet normal 0.243336 0.499587 0.831384
    outer loop
      vertex 3.00491 2.81212 12.0437
      vertex 3.05747 2.69599 12.0981
      vertex 3.09311 2.76916 12.0437
    endloop
  endfacet
  facet normal 0.243336 0.499587 0.831384
    outer loop
      vertex 3.05747 2.69599 12.0981
      vertex 3.00491 2.81212 12.0437
      vertex 2.96927 2.73895 12.0981
    endloop
  endfacet
  facet normal 0.288604 0.592525 0.752079
    outer loop
      vertex 3.03714 2.87829 11.9792
      vertex 3.09311 2.76916 12.0437
      vertex 3.12534 2.83533 11.9792
    endloop
  endfacet
  facet normal 0.288604 0.592525 0.752079
    outer loop
      vertex 3.09311 2.76916 12.0437
      vertex 3.03714 2.87829 11.9792
      vertex 3.00491 2.81212 12.0437
    endloop
  endfacet
  facet normal 0.858336 0.374196 0.35105
    outer loop
      vertex 3.4606 2.68412 11.7618
      vertex 3.52221 2.63286 11.6658
      vertex 3.4764 2.71655 11.6886
    endloop
  endfacet
  facet normal 0.858405 0.373796 0.351308
    outer loop
      vertex 3.4606 2.68412 11.7618
      vertex 3.50793 2.60353 11.7319
      vertex 3.52221 2.63286 11.6658
    endloop
  endfacet
  facet normal 0.756479 -0.556274 0.343945
    outer loop
      vertex 3.4476 1.98712 11.6727
      vertex 3.39866 1.97238 11.7565
      vertex 3.43522 1.96169 11.6588
    endloop
  endfacet
  facet normal 0.884482 -0.293069 0.363046
    outer loop
      vertex 3.49184 2.16369 11.7704
      vertex 3.51532 2.12616 11.6829
      vertex 3.5284 2.153 11.6727
    endloop
  endfacet
  facet normal 0.821062 -0.290651 0.491303
    outer loop
      vertex 3.43396 2.15688 11.8631
      vertex 3.47321 2.12543 11.7789
      vertex 3.49184 2.16369 11.7704
    endloop
  endfacet
  facet normal 0.904475 -0.252377 0.343846
    outer loop
      vertex 3.50983 2.20062 11.7565
      vertex 3.5284 2.153 11.6727
      vertex 3.54078 2.17843 11.6588
    endloop
  endfacet
  facet normal 0.904373 -0.348669 0.246048
    outer loop
      vertex 3.5284 2.153 11.6727
      vertex 3.52741 2.09299 11.5913
      vertex 3.53535 2.10928 11.5852
    endloop
  endfacet
  facet normal 0.985812 0.0471524 0.161091
    outer loop
      vertex 3.57872 2.45407 11.6095
      vertex 3.58845 2.36202 11.5769
      vertex 3.59455 2.37456 11.5359
    endloop
  endfacet
  facet normal 0.960379 -0.00463039 0.278657
    outer loop
      vertex 3.56816 2.4324 11.6583
      vertex 3.56949 2.3231 11.6519
      vertex 3.58004 2.34477 11.6159
    endloop
  endfacet
  facet normal 0.830665 -0.10486 0.54681
    outer loop
      vertex 3.46473 2.35642 11.8783
      vertex 3.43932 2.30427 11.9069
      vertex 3.50138 2.29528 11.8109
    endloop
  endfacet
  facet normal 0.940957 -0.177304 0.288382
    outer loop
      vertex 3.54267 2.26805 11.7132
      vertex 3.55226 2.202 11.6413
      vertex 3.55696 2.29737 11.6846
    endloop
  endfacet
  facet normal 0.884157 -0.294065 0.363033
    outer loop
      vertex 3.50983 2.20062 11.7565
      vertex 3.49184 2.16369 11.7704
      vertex 3.5284 2.153 11.6727
    endloop
  endfacet
  facet normal 0.848433 -0.234745 0.474401
    outer loop
      vertex 3.47997 2.25134 11.835
      vertex 3.49184 2.16369 11.7704
      vertex 3.50983 2.20062 11.7565
    endloop
  endfacet
  facet normal 0.913525 0.0649795 0.40156
    outer loop
      vertex 3.50957 2.4485 11.7997
      vertex 3.53917 2.37287 11.7446
      vertex 3.52825 2.48684 11.751
    endloop
  endfacet
  facet normal 0.839179 0.110246 0.532563
    outer loop
      vertex 3.46869 2.52297 11.8487
      vertex 3.48828 2.40477 11.8423
      vertex 3.50957 2.4485 11.7997
    endloop
  endfacet
  facet normal 0.79857 -0.170939 0.577118
    outer loop
      vertex 3.4125 2.2492 11.9277
      vertex 3.45737 2.20493 11.8525
      vertex 3.43932 2.30427 11.9069
    endloop
  endfacet
  facet normal 0.764811 -0.240453 0.597701
    outer loop
      vertex 3.38472 2.19216 11.9403
      vertex 3.43396 2.15688 11.8631
      vertex 3.4125 2.2492 11.9277
    endloop
  endfacet
  facet normal 0.965367 0.171952 0.196214
    outer loop
      vertex 3.55651 2.54487 11.6392
      vertex 3.57872 2.45407 11.6095
      vertex 3.56562 2.56356 11.578
    endloop
  endfacet
  facet normal 0.951917 0.14448 0.270146
    outer loop
      vertex 3.55651 2.54487 11.6392
      vertex 3.56816 2.4324 11.6583
      vertex 3.57872 2.45407 11.6095
    endloop
  endfacet
  facet normal 0.989321 -0.0779554 -0.123158
    outer loop
      vertex 3.58997 2.27941 11.3876
      vertex 3.58553 2.2703 11.3577
      vertex 3.58845 2.36202 11.3231
    endloop
  endfacet
  facet normal 0.98579 0.0473925 -0.161161
    outer loop
      vertex 3.59455 2.37456 11.3641
      vertex 3.58845 2.36202 11.3231
      vertex 3.58639 2.46982 11.3422
    endloop
  endfacet
  facet normal 0.994988 -0.0663665 0.0747971
    outer loop
      vertex 3.59455 2.37456 11.5359
      vertex 3.58997 2.27941 11.5124
      vertex 3.59826 2.38217 11.4933
    endloop
  endfacet
  facet normal 0.879872 -0.457596 0.128182
    outer loop
      vertex 3.50246 2.04177 11.5951
      vertex 3.49424 2.0249 11.5913
      vertex 3.51954 2.04758 11.4986
    endloop
  endfacet
  facet normal 0.996995 0.0702103 0.0327203
    outer loop
      vertex 3.59105 2.47938 11.5044
      vertex 3.59826 2.38217 11.4933
      vertex 3.59261 2.48258 11.45
    endloop
  endfacet
  facet normal 0.97904 0.199735 0.0398245
    outer loop
      vertex 3.57115 2.57491 11.5145
      vertex 3.59105 2.47938 11.5044
      vertex 3.59261 2.48258 11.45
    endloop
  endfacet
  facet normal 0.858336 0.374196 -0.35105
    outer loop
      vertex 3.4764 2.71655 11.2114
      vertex 3.52221 2.63286 11.2342
      vertex 3.4606 2.68412 11.1382
    endloop
  endfacet
  facet normal 0.875717 0.409785 -0.255335
    outer loop
      vertex 3.48788 2.74012 11.2886
      vertex 3.52221 2.63286 11.2342
      vertex 3.4764 2.71655 11.2114
    endloop
  endfacet
  facet normal 0.996995 0.0702103 -0.0327203
    outer loop
      vertex 3.59261 2.48258 11.45
      vertex 3.59826 2.38217 11.4067
      vertex 3.59105 2.47938 11.3956
    endloop
  endfacet
  facet normal 0.996998 0.0701953 0.0326853
    outer loop
      vertex 3.59261 2.48258 11.45
      vertex 3.59826 2.38217 11.4933
      vertex 3.5995 2.38472 11.45
    endloop
  endfacet
  facet normal -0.735577 0.466618 0.491114
    outer loop
      vertex 2.28237 2.75279 11.7704
      vertex 2.31269 2.70302 11.8631
      vertex 2.3361 2.75108 11.8525
    endloop
  endfacet
  facet normal -0.660796 0.453742 0.597886
    outer loop
      vertex 2.3361 2.75108 11.8525
      vertex 2.31269 2.70302 11.8631
      vertex 2.39862 2.74304 11.9277
    endloop
  endfacet
  facet normal -0.564149 0.651986 0.506606
    outer loop
      vertex 2.47439 2.89861 11.8423
      vertex 2.38011 2.84143 11.8109
      vertex 2.45084 2.85026 11.8783
    endloop
  endfacet
  facet normal -0.594649 0.589397 0.546813
    outer loop
      vertex 2.38011 2.84143 11.8109
      vertex 2.42544 2.7981 11.9069
      vertex 2.45084 2.85026 11.8783
    endloop
  endfacet
  facet normal -0.775375 -0.204383 0.597513
    outer loop
      vertex 2.25462 2.28899 11.8974
      vertex 2.28182 2.16709 11.891
      vertex 2.30867 2.22222 11.9447
    endloop
  endfacet
  facet normal -0.739133 -0.130168 0.660862
    outer loop
      vertex 2.25462 2.28899 11.8974
      vertex 2.30867 2.22222 11.9447
      vertex 2.28148 2.34412 11.9383
    endloop
  endfacet
  facet normal -0.734645 0.104903 0.670293
    outer loop
      vertex 2.2597 2.45784 11.9069
      vertex 2.31044 2.4036 11.971
      vertex 2.34103 2.46639 11.9947
    endloop
  endfacet
  facet normal -0.772436 0.0272588 0.634507
    outer loop
      vertex 2.2597 2.45784 11.9069
      vertex 2.28148 2.34412 11.9383
      vertex 2.31044 2.4036 11.971
    endloop
  endfacet
  facet normal -0.20196 -0.117072 0.972371
    outer loop
      vertex 2.67593 2.35881 12.1793
      vertex 2.6346 2.27396 12.1605
      vertex 2.76264 2.31471 12.192
    endloop
  endfacet
  facet normal -0.145487 -0.001352 0.989359
    outer loop
      vertex 2.71797 2.44512 12.1856
      vertex 2.67593 2.35881 12.1793
      vertex 2.80541 2.40253 12.1984
    endloop
  endfacet
  facet normal -0.868117 -0.169736 0.466436
    outer loop
      vertex 2.17078 2.27527 11.751
      vertex 2.23034 2.23913 11.8487
      vertex 2.18945 2.31361 11.7997
    endloop
  endfacet
  facet normal -0.807918 -0.270971 0.5233
    outer loop
      vertex 2.20904 2.19541 11.7933
      vertex 2.25827 2.11873 11.8296
      vertex 2.28182 2.16709 11.891
    endloop
  endfacet
  facet normal -0.934565 -0.108102 0.338973
    outer loop
      vertex 2.13086 2.32971 11.6583
      vertex 2.15504 2.24296 11.6973
      vertex 2.17078 2.27527 11.751
    endloop
  endfacet
  facet normal -0.892478 -0.219865 0.393882
    outer loop
      vertex 2.15504 2.24296 11.6973
      vertex 2.1911 2.15857 11.7319
      vertex 2.17078 2.27527 11.751
    endloop
  endfacet
  facet normal -0.419763 -0.271159 0.866182
    outer loop
      vertex 2.51376 2.24228 12.1061
      vertex 2.55691 2.11447 12.087
      vertex 2.5947 2.19205 12.1296
    endloop
  endfacet
  facet normal -0.419474 -0.271086 0.866345
    outer loop
      vertex 2.47728 2.16738 12.065
      vertex 2.55691 2.11447 12.087
      vertex 2.51376 2.24228 12.1061
    endloop
  endfacet
  facet normal -0.656473 0.629046 0.416348
    outer loop
      vertex 2.33321 2.85715 11.7132
      vertex 2.31741 2.82471 11.7373
      vertex 2.38011 2.84143 11.8109
    endloop
  endfacet
  facet normal -0.656314 0.62924 0.416303
    outer loop
      vertex 2.39995 2.88217 11.7806
      vertex 2.33321 2.85715 11.7132
      vertex 2.38011 2.84143 11.8109
    endloop
  endfacet
  facet normal -0.446328 0.893981 0.039867
    outer loop
      vertex 2.55911 3.07255 11.45
      vertex 2.47134 3.02873 11.45
      vertex 2.55726 3.06875 11.5145
    endloop
  endfacet
  facet normal -0.3257 0.944339 -0.0462937
    outer loop
      vertex 2.64974 3.1002 11.3764
      vertex 2.55726 3.06875 11.3855
      vertex 2.55911 3.07255 11.45
    endloop
  endfacet
  facet normal -0.563028 0.820643 -0.0976968
    outer loop
      vertex 2.46512 3.01596 11.3422
      vertex 2.38509 2.96366 11.3641
      vertex 2.38879 2.97127 11.4067
    endloop
  endfacet
  facet normal -0.570438 0.805345 -0.161308
    outer loop
      vertex 2.46512 3.01596 11.3422
      vertex 2.37898 2.95112 11.3231
      vertex 2.38509 2.96366 11.3641
    endloop
  endfacet
  facet normal -0.85971 0.498986 -0.109143
    outer loop
      vertex 2.22024 2.76893 11.3233
      vertex 2.18976 2.73562 11.4111
      vertex 2.2272 2.78324 11.3339
    endloop
  endfacet
  facet normal -0.766426 0.631999 -0.114752
    outer loop
      vertex 2.30856 2.89228 11.3577
      vertex 2.24369 2.81708 11.3768
      vertex 2.24739 2.82469 11.394
    endloop
  endfacet
  facet normal -0.595773 0.753261 0.278661
    outer loop
      vertex 2.37058 2.93387 11.6159
      vertex 2.36002 2.9122 11.6519
      vertex 2.44689 2.97854 11.6583
    endloop
  endfacet
  facet normal -0.595894 0.753509 0.277731
    outer loop
      vertex 2.44689 2.97854 11.6583
      vertex 2.36002 2.9122 11.6519
      vertex 2.43363 2.95132 11.7037
    endloop
  endfacet
  facet normal -0.570385 0.80549 0.160766
    outer loop
      vertex 2.46512 3.01596 11.5578
      vertex 2.38509 2.96366 11.5359
      vertex 2.45745 3.00021 11.6095
    endloop
  endfacet
  facet normal -0.563028 0.820643 0.0976968
    outer loop
      vertex 2.38879 2.97127 11.4933
      vertex 2.38509 2.96366 11.5359
      vertex 2.46512 3.01596 11.5578
    endloop
  endfacet
  facet normal -0.325707 0.944336 -0.0463033
    outer loop
      vertex 2.64974 3.1002 11.3764
      vertex 2.55911 3.07255 11.45
      vertex 2.65186 3.10454 11.45
    endloop
  endfacet
  facet normal -0.325707 0.944336 0.0463033
    outer loop
      vertex 2.65186 3.10454 11.45
      vertex 2.55911 3.07255 11.45
      vertex 2.64974 3.1002 11.5236
    endloop
  endfacet
  facet normal -0.331032 0.933463 -0.138071
    outer loop
      vertex 2.64974 3.1002 11.3764
      vertex 2.55174 3.0574 11.322
      vertex 2.55726 3.06875 11.3855
    endloop
  endfacet
  facet normal -0.450885 0.884624 -0.118923
    outer loop
      vertex 2.55174 3.0574 11.322
      vertex 2.46978 3.02552 11.3956
      vertex 2.55726 3.06875 11.3855
    endloop
  endfacet
  facet normal -0.848282 0.522471 0.086271
    outer loop
      vertex 2.23903 2.80752 11.5391
      vertex 2.19188 2.73995 11.4847
      vertex 2.23351 2.79618 11.5535
    endloop
  endfacet
  facet normal -0.859662 0.499087 0.109057
    outer loop
      vertex 2.18976 2.73562 11.4889
      vertex 2.18743 2.73082 11.4925
      vertex 2.2272 2.78324 11.5661
    endloop
  endfacet
  facet normal -0.760732 0.643713 0.0831909
    outer loop
      vertex 2.25009 2.83022 11.4879
      vertex 2.24739 2.82469 11.506
      vertex 2.313 2.9014 11.5124
    endloop
  endfacet
  facet normal -0.773838 0.616785 0.144049
    outer loop
      vertex 2.24369 2.81708 11.5232
      vertex 2.23903 2.80752 11.5391
      vertex 2.29478 2.86399 11.5968
    endloop
  endfacet
  facet normal -0.88778 0.441377 -0.130512
    outer loop
      vertex 2.19656 2.72033 11.3049
      vertex 2.1882 2.70316 11.3037
      vertex 2.17949 2.71453 11.4014
    endloop
  endfacet
  facet normal -0.875426 0.408144 -0.258937
    outer loop
      vertex 2.1882 2.70316 11.3037
      vertex 2.19725 2.66376 11.211
      vertex 2.17984 2.68599 11.3049
    endloop
  endfacet
  facet normal -0.890727 0.376722 -0.254335
    outer loop
      vertex 2.19725 2.66376 11.211
      vertex 2.17162 2.66912 11.3087
      vertex 2.17984 2.68599 11.3049
    endloop
  endfacet
  facet normal -0.943162 0.269211 -0.194862
    outer loop
      vertex 2.14676 2.5601 11.2587
      vertex 2.13638 2.53879 11.2795
      vertex 2.1492 2.62308 11.3339
    endloop
  endfacet
  facet normal -0.942909 0.269607 -0.195535
    outer loop
      vertex 2.1492 2.62308 11.3339
      vertex 2.13638 2.53879 11.2795
      vertex 2.14289 2.61015 11.3465
    endloop
  endfacet
  facet normal -0.993255 -0.0627821 -0.0974839
    outer loop
      vertex 2.10447 2.38754 11.3641
      vertex 2.11264 2.29229 11.3422
      vertex 2.10077 2.37993 11.4067
    endloop
  endfacet
  facet normal -0.997862 0.0603992 0.0249631
    outer loop
      vertex 2.10546 2.47531 11.45
      vertex 2.10077 2.37993 11.4933
      vertex 2.10636 2.47716 11.4815
    endloop
  endfacet
  facet normal -0.947503 0.318741 0.0253536
    outer loop
      vertex 2.15539 2.66505 11.4564
      vertex 2.12468 2.57275 11.4691
      vertex 2.12631 2.5761 11.4879
    endloop
  endfacet
  facet normal -0.948469 0.316754 -0.00857207
    outer loop
      vertex 2.12468 2.57275 11.4309
      vertex 2.12413 2.57162 11.45
      vertex 2.15539 2.66505 11.4436
    endloop
  endfacet
  facet normal -0.939085 0.336024 0.0721661
    outer loop
      vertex 2.15809 2.67058 11.4745
      vertex 2.13737 2.5988 11.5391
      vertex 2.15965 2.67378 11.4799
    endloop
  endfacet
  facet normal -0.92356 0.213017 0.318843
    outer loop
      vertex 2.15824 2.58368 11.6588
      vertex 2.15635 2.49406 11.7132
      vertex 2.17215 2.52649 11.7373
    endloop
  endfacet
  facet normal -0.928848 0.357058 0.0987517
    outer loop
      vertex 2.1615 2.67759 11.4847
      vertex 2.14289 2.61015 11.5535
      vertex 2.1492 2.62308 11.5661
    endloop
  endfacet
  facet normal -0.880089 0.457159 0.128253
    outer loop
      vertex 2.18225 2.72018 11.4974
      vertex 2.17949 2.71453 11.4986
      vertex 2.20478 2.73721 11.5913
    endloop
  endfacet
  facet normal -0.681225 0.578126 0.449113
    outer loop
      vertex 2.38011 2.84143 11.8109
      vertex 2.30037 2.78973 11.7565
      vertex 2.3587 2.79748 11.835
    endloop
  endfacet
  facet normal -0.681209 0.578267 0.448956
    outer loop
      vertex 2.31741 2.82471 11.7373
      vertex 2.30037 2.78973 11.7565
      vertex 2.38011 2.84143 11.8109
    endloop
  endfacet
  facet normal -0.655309 0.268015 0.706214
    outer loop
      vertex 2.34257 2.62797 11.9445
      vertex 2.31431 2.56994 11.9403
      vertex 2.40494 2.5976 12.0139
    endloop
  endfacet
  facet normal -0.615027 0.35073 0.706209
    outer loop
      vertex 2.37084 2.686 11.9403
      vertex 2.34257 2.62797 11.9445
      vertex 2.40494 2.5976 12.0139
    endloop
  endfacet
  facet normal -0.996995 -0.0702159 0.0327335
    outer loop
      vertex 2.10077 2.37993 11.4933
      vertex 2.10642 2.27952 11.45
      vertex 2.10798 2.28273 11.5044
    endloop
  endfacet
  facet normal -0.97904 -0.199731 0.039861
    outer loop
      vertex 2.10642 2.27952 11.45
      vertex 2.12788 2.1872 11.5145
      vertex 2.10798 2.28273 11.5044
    endloop
  endfacet
  facet normal -0.149778 0.282899 0.947383
    outer loop
      vertex 2.80134 2.61628 12.1605
      vertex 2.67337 2.56996 12.1541
      vertex 2.76001 2.53144 12.1793
    endloop
  endfacet
  facet normal -0.204753 0.170071 0.963925
    outer loop
      vertex 2.67337 2.56996 12.1541
      vertex 2.71797 2.44512 12.1856
      vertex 2.76001 2.53144 12.1793
    endloop
  endfacet
  facet normal -0.0887479 0.115333 0.989354
    outer loop
      vertex 2.76001 2.53144 12.1793
      vertex 2.80541 2.40253 12.1984
      vertex 2.84819 2.49035 12.192
    endloop
  endfacet
  facet normal -0.0886326 0.115374 0.98936
    outer loop
      vertex 2.76001 2.53144 12.1793
      vertex 2.71797 2.44512 12.1856
      vertex 2.80541 2.40253 12.1984
    endloop
  endfacet
  facet normal -0.61457 0.351525 -0.706211
    outer loop
      vertex 2.42968 2.66093 10.8961
      vertex 2.4 2.6 10.8916
      vertex 2.34257 2.62797 10.9555
    endloop
  endfacet
  facet normal -0.655636 0.267213 -0.706215
    outer loop
      vertex 2.4 2.6 10.8916
      vertex 2.37032 2.53907 10.8961
      vertex 2.34257 2.62797 10.9555
    endloop
  endfacet
  facet normal -0.756926 0.65153 -0.0507065
    outer loop
      vertex 2.313 2.9014 11.3876
      vertex 2.25009 2.83022 11.4121
      vertex 2.31569 2.90693 11.4185
    endloop
  endfacet
  facet normal -0.679941 0.713318 -0.169878
    outer loop
      vertex 2.37058 2.93387 11.2841
      vertex 2.30245 2.87974 11.3295
      vertex 2.30856 2.89228 11.3577
    endloop
  endfacet
  facet normal 0.0223117 0.343941 0.938726
    outer loop
      vertex 2.93083 2.66001 12.1414
      vertex 2.80134 2.61628 12.1605
      vertex 2.89023 2.57667 12.1729
    endloop
  endfacet
  facet normal -0.0326778 0.231075 0.972387
    outer loop
      vertex 2.80134 2.61628 12.1605
      vertex 2.84819 2.49035 12.192
      vertex 2.89023 2.57667 12.1729
    endloop
  endfacet
  facet normal 0.764364 0.428895 0.481452
    outer loop
      vertex 3.38142 2.71556 11.8595
      vertex 3.44076 2.64337 11.8296
      vertex 3.4606 2.68412 11.7618
    endloop
  endfacet
  facet normal 0.706475 0.577747 0.408781
    outer loop
      vertex 3.33558 2.82843 11.8051
      vertex 3.40282 2.75951 11.7863
      vertex 3.35357 2.86537 11.7218
    endloop
  endfacet
  facet normal 0.510714 0.459517 0.726646
    outer loop
      vertex 3.20882 2.7846 11.9701
      vertex 3.25557 2.66417 12.0134
      vertex 3.28615 2.72696 11.9522
    endloop
  endfacet
  facet normal 0.647968 0.457377 0.609052
    outer loop
      vertex 3.28615 2.72696 11.9522
      vertex 3.35601 2.66341 11.9256
      vertex 3.31298 2.78203 11.8823
    endloop
  endfacet
  facet normal 0.734369 0.367217 0.570836
    outer loop
      vertex 3.38142 2.71556 11.8595
      vertex 3.41721 2.59502 11.891
      vertex 3.44076 2.64337 11.8296
    endloop
  endfacet
  facet normal 0.807971 0.270927 0.523241
    outer loop
      vertex 3.44076 2.64337 11.8296
      vertex 3.41721 2.59502 11.891
      vertex 3.48998 2.56669 11.7933
    endloop
  endfacet
  facet normal 0.74023 0.130542 0.659559
    outer loop
      vertex 3.36065 2.47891 11.9901
      vertex 3.41755 2.41798 11.9383
      vertex 3.39035 2.53988 11.9447
    endloop
  endfacet
  facet normal 0.660307 0.214308 0.719769
    outer loop
      vertex 3.32705 2.60393 11.9837
      vertex 3.36065 2.47891 11.9901
      vertex 3.39035 2.53988 11.9447
    endloop
  endfacet
  facet normal 0.472565 0.0995119 0.87566
    outer loop
      vertex 3.18526 2.51982 12.1061
      vertex 3.22397 2.39231 12.0997
      vertex 3.26045 2.46722 12.0715
    endloop
  endfacet
  facet normal 0.570881 0.0308507 0.820453
    outer loop
      vertex 3.26045 2.46722 12.0715
      vertex 3.22397 2.39231 12.0997
      vertex 3.32862 2.41314 12.0261
    endloop
  endfacet
  facet normal 0.61438 -0.127089 0.778708
    outer loop
      vertex 3.29479 2.34369 12.0524
      vertex 3.25976 2.27177 12.0683
      vertex 3.358 2.29572 11.9947
    endloop
  endfacet
  facet normal 0.658619 -0.0361965 0.751606
    outer loop
      vertex 3.29479 2.34369 12.0524
      vertex 3.358 2.29572 11.9947
      vertex 3.32862 2.41314 12.0261
    endloop
  endfacet
  facet normal -0.403515 -0.531607 -0.744694
    outer loop
      vertex 2.52631 1.98232 10.9069
      vertex 2.4902 1.97751 10.9299
      vertex 2.49902 1.99561 10.9122
    endloop
  endfacet
  facet normal -0.511454 -0.461054 -0.725151
    outer loop
      vertex 2.41287 2.03514 10.9478
      vertex 2.47948 2.00513 10.9199
      vertex 2.4902 1.97751 10.9299
    endloop
  endfacet
  facet normal -0.510567 -0.454911 -0.729642
    outer loop
      vertex 2.47948 2.00513 10.9199
      vertex 2.41287 2.03514 10.9478
      vertex 2.41383 2.03711 10.9459
    endloop
  endfacet
  facet normal -0.609295 -0.376268 -0.697984
    outer loop
      vertex 2.41383 2.03711 10.9459
      vertex 2.41287 2.03514 10.9478
      vertex 2.40712 2.04037 10.95
    endloop
  endfacet
  facet normal -0.734447 0.104893 -0.670511
    outer loop
      vertex 2.33459 2.46571 10.9123
      vertex 2.30643 2.40789 10.9341
      vertex 2.2597 2.45784 10.9931
    endloop
  endfacet
  facet normal 0.189893 0.979765 0.0632624
    outer loop
      vertex 2.94377 3.12511 11.45
      vertex 2.94111 3.11964 11.5427
      vertex 3.03732 3.10078 11.546
    endloop
  endfacet
  facet normal 0.18993 0.97976 0.0632255
    outer loop
      vertex 3.04008 3.10644 11.45
      vertex 2.94377 3.12511 11.45
      vertex 3.03732 3.10078 11.546
    endloop
  endfacet
  facet normal 0.272336 0.856463 -0.438524
    outer loop
      vertex 3.10818 3.02414 11.1636
      vertex 2.99692 3.01784 11.0822
      vertex 3.01556 3.0561 11.1685
    endloop
  endfacet
  facet normal 0.147202 0.892057 -0.427277
    outer loop
      vertex 3.01556 3.0561 11.1685
      vertex 2.99692 3.01784 11.0822
      vertex 2.92009 3.0765 11.1782
    endloop
  endfacet
  facet normal 0.884157 -0.294065 -0.363033
    outer loop
      vertex 3.5284 2.153 11.2273
      vertex 3.49184 2.16369 11.1296
      vertex 3.50983 2.20062 11.1435
    endloop
  endfacet
  facet normal 0.848666 -0.234497 -0.474107
    outer loop
      vertex 3.47997 2.25134 11.065
      vertex 3.49184 2.16369 11.1296
      vertex 3.45737 2.20493 11.0475
    endloop
  endfacet
  facet normal 0.764739 -0.240391 -0.597818
    outer loop
      vertex 3.45737 2.20493 11.0475
      vertex 3.38472 2.19216 10.9597
      vertex 3.4125 2.2492 10.9723
    endloop
  endfacet
  facet normal 0.69542 -0.185281 -0.694307
    outer loop
      vertex 3.4125 2.2492 10.9723
      vertex 3.36011 2.28752 10.9096
      vertex 3.36231 2.29203 10.9106
    endloop
  endfacet
  facet normal 0.695407 -0.185309 -0.694313
    outer loop
      vertex 3.36011 2.28752 10.9096
      vertex 3.4125 2.2492 10.9723
      vertex 3.38472 2.19216 10.9597
    endloop
  endfacet
  facet normal 0.0603324 0.996349 -0.0604005
    outer loop
      vertex 2.94377 3.12511 11.45
      vertex 2.84332 3.12587 11.3622
      vertex 2.84584 3.13104 11.45
    endloop
  endfacet
  facet normal 0.0603324 0.996349 0.0604005
    outer loop
      vertex 2.84584 3.13104 11.45
      vertex 2.84332 3.12587 11.5378
      vertex 2.94377 3.12511 11.45
    endloop
  endfacet
  facet normal 0.542944 0.817173 -0.193493
    outer loop
      vertex 3.30041 2.97264 11.354
      vertex 3.21016 3.00947 11.2563
      vertex 3.21853 3.02664 11.3523
    endloop
  endfacet
  facet normal -0.403569 -0.530246 0.745635
    outer loop
      vertex 2.4902 1.97751 11.9701
      vertex 2.57368 1.92677 11.9792
      vertex 2.60591 1.99294 12.0437
    endloop
  endfacet
  facet normal 0.775923 -0.515902 0.363028
    outer loop
      vertex 3.41665 2.00932 11.7704
      vertex 3.4476 1.98712 11.6727
      vertex 3.46068 2.01397 11.6829
    endloop
  endfacet
  facet normal 0.707838 -0.523593 0.474147
    outer loop
      vertex 3.36292 2.01103 11.8525
      vertex 3.34032 1.96463 11.835
      vertex 3.41665 2.00932 11.7704
    endloop
  endfacet
  facet normal 0.564135 -0.651821 0.506835
    outer loop
      vertex 3.31892 1.92068 11.8109
      vertex 3.22463 1.86349 11.8423
      vertex 3.29907 1.87994 11.7806
    endloop
  endfacet
  facet normal 0.536349 -0.708849 0.458108
    outer loop
      vertex 3.29907 1.87994 11.7806
      vertex 3.22463 1.86349 11.8423
      vertex 3.28113 1.8431 11.7446
    endloop
  endfacet
  facet normal 0.679598 -0.713773 0.169332
    outer loop
      vertex 3.32845 1.82823 11.6159
      vertex 3.32005 1.81098 11.5769
      vertex 3.39047 1.86982 11.5423
    endloop
  endfacet
  facet normal 0.612867 -0.718018 0.329914
    outer loop
      vertex 3.35154 1.87563 11.6846
      vertex 3.28113 1.8431 11.7446
      vertex 3.33901 1.84991 11.6519
    endloop
  endfacet
  facet normal -0.0604395 -0.996336 -0.0605162
    outer loop
      vertex 2.85318 1.63106 11.45
      vertex 2.75526 1.637 11.45
      vertex 2.8557 1.63624 11.3622
    endloop
  endfacet
  facet normal 0.0700926 -0.995925 -0.0567455
    outer loop
      vertex 2.95338 1.64275 11.3686
      vertex 2.85318 1.63106 11.45
      vertex 2.8557 1.63624 11.3622
    endloop
  endfacet
  facet normal 0.20564 -0.966271 0.155021
    outer loop
      vertex 3.05558 1.67484 11.5959
      vertex 2.96035 1.65706 11.6114
      vertex 3.04928 1.6619 11.5236
    endloop
  endfacet
  facet normal 0.330914 -0.933481 0.138236
    outer loop
      vertex 3.05558 1.67484 11.5959
      vertex 3.04928 1.6619 11.5236
      vertex 3.14729 1.7047 11.578
    endloop
  endfacet
  facet normal 0.0894933 -0.956223 0.278617
    outer loop
      vertex 2.8756 1.6771 11.7074
      vertex 2.86322 1.65167 11.6241
      vertex 2.96035 1.65706 11.6114
    endloop
  endfacet
  facet normal 0.0765671 -0.982621 0.169095
    outer loop
      vertex 2.96035 1.65706 11.6114
      vertex 2.8557 1.63624 11.5378
      vertex 2.95338 1.64275 11.5314
    endloop
  endfacet
  facet normal 0.665686 -0.742488 -0.0746628
    outer loop
      vertex 3.38603 1.86071 11.3876
      vertex 3.31023 1.79083 11.4067
      vertex 3.31394 1.79844 11.3641
    endloop
  endfacet
  facet normal 0.755018 -0.655483 -0.0170385
    outer loop
      vertex 3.44675 1.9274 11.45
      vertex 3.38334 1.85518 11.4185
      vertex 3.4473 1.92853 11.4309
    endloop
  endfacet
  facet normal 0.904561 -0.252116 -0.343814
    outer loop
      vertex 3.52688 2.23561 11.1627
      vertex 3.54078 2.17843 11.2412
      vertex 3.50983 2.20062 11.1435
    endloop
  endfacet
  facet normal 0.793362 -0.576699 -0.194921
    outer loop
      vertex 3.47182 1.97886 11.3339
      vertex 3.41335 1.91681 11.2795
      vertex 3.42373 1.93812 11.2587
    endloop
  endfacet
  facet normal 0.55933 -0.828297 0.0327619
    outer loop
      vertex 3.31023 1.79083 11.4933
      vertex 3.22769 1.73338 11.45
      vertex 3.30899 1.78828 11.45
    endloop
  endfacet
  facet normal 0.46001 -0.866119 0.195522
    outer loop
      vertex 3.24158 1.76189 11.6095
      vertex 3.14729 1.7047 11.578
      vertex 3.2339 1.74614 11.5578
    endloop
  endfacet
  facet normal 0.81921 -0.427419 -0.382371
    outer loop
      vertex 3.47422 2.04177 11.211
      vertex 3.43529 2.04758 11.1211
      vertex 3.488 2.07006 11.2089
    endloop
  endfacet
  facet normal 0.792419 -0.349999 -0.499572
    outer loop
      vertex 3.45425 2.0865 11.1183
      vertex 3.41015 2.10798 11.0333
      vertex 3.47321 2.12543 11.1211
    endloop
  endfacet
  facet normal 0.735402 -0.466596 -0.491399
    outer loop
      vertex 3.43529 2.04758 11.1211
      vertex 3.36292 2.01103 11.0475
      vertex 3.38633 2.05909 11.0369
    endloop
  endfacet
  facet normal 0.763545 -0.408819 -0.499866
    outer loop
      vertex 3.43529 2.04758 11.1211
      vertex 3.38633 2.05909 11.0369
      vertex 3.41015 2.10798 11.0333
    endloop
  endfacet
  facet normal 0.626965 -0.523107 -0.577299
    outer loop
      vertex 3.34032 1.96463 11.065
      vertex 3.27359 1.964 10.9931
      vertex 3.36292 2.01103 11.0475
    endloop
  endfacet
  facet normal 0.626962 -0.523317 -0.577112
    outer loop
      vertex 3.36292 2.01103 11.0475
      vertex 3.27359 1.964 10.9931
      vertex 3.30041 2.01907 10.9723
    endloop
  endfacet
  facet normal 0.446289 -0.894003 -0.0398002
    outer loop
      vertex 3.22769 1.73338 11.45
      vertex 3.13991 1.68956 11.45
      vertex 3.14177 1.69336 11.3855
    endloop
  endfacet
  facet normal 0.325756 -0.944322 -0.0462406
    outer loop
      vertex 3.13991 1.68956 11.45
      vertex 3.04928 1.6619 11.3764
      vertex 3.14177 1.69336 11.3855
    endloop
  endfacet
  facet normal 0.341334 -0.912012 -0.227434
    outer loop
      vertex 3.14729 1.7047 11.322
      vertex 3.05558 1.67484 11.3041
      vertex 3.06597 1.69616 11.2342
    endloop
  endfacet
  facet normal 0.356754 -0.880138 -0.313185
    outer loop
      vertex 3.06597 1.69616 11.2342
      vertex 3.07514 1.715 11.1917
      vertex 3.08008 1.71259 11.2041
    endloop
  endfacet
  facet normal 0.356953 -0.880098 -0.31307
    outer loop
      vertex 3.08008 1.71259 11.2041
      vertex 3.16892 1.74912 11.2027
      vertex 3.06597 1.69616 11.2342
    endloop
  endfacet
  facet normal 0.356925 -0.880038 -0.313269
    outer loop
      vertex 3.16892 1.74912 11.2027
      vertex 3.08008 1.71259 11.2041
      vertex 3.08727 1.72736 11.1708
    endloop
  endfacet
  facet normal 0.536798 -0.708731 -0.457764
    outer loop
      vertex 3.28113 1.8431 11.1554
      vertex 3.20334 1.81977 11.1003
      vertex 3.29907 1.87994 11.1194
    endloop
  endfacet
  facet normal 0.536672 -0.708248 -0.458658
    outer loop
      vertex 3.29907 1.87994 11.1194
      vertex 3.20334 1.81977 11.1003
      vertex 3.22463 1.86349 11.0577
    endloop
  endfacet
  facet normal 0.612867 -0.718018 -0.329914
    outer loop
      vertex 3.33901 1.84991 11.2481
      vertex 3.28113 1.8431 11.1554
      vertex 3.35154 1.87563 11.2154
    endloop
  endfacet
  facet normal 0.633394 -0.675862 -0.376859
    outer loop
      vertex 3.35154 1.87563 11.2154
      vertex 3.28113 1.8431 11.1554
      vertex 3.36582 1.90496 11.1868
    endloop
  endfacet
  facet normal 0.512072 -0.759374 -0.401414
    outer loop
      vertex 3.28113 1.8431 11.1554
      vertex 3.18466 1.78143 11.149
      vertex 3.20334 1.81977 11.1003
    endloop
  endfacet
  facet normal 0.511857 -0.75892 -0.402545
    outer loop
      vertex 3.26539 1.81079 11.1963
      vertex 3.18466 1.78143 11.149
      vertex 3.28113 1.8431 11.1554
    endloop
  endfacet
  facet normal 0.797922 -0.471127 -0.375977
    outer loop
      vertex 3.47422 2.04177 11.211
      vertex 3.46068 2.01397 11.2171
      vertex 3.43529 2.04758 11.1211
    endloop
  endfacet
  facet normal 0.760817 -0.643565 -0.0835535
    outer loop
      vertex 3.44894 1.93188 11.4121
      vertex 3.39047 1.86982 11.3577
      vertex 3.45163 1.93741 11.394
    endloop
  endfacet
  facet normal 0.704003 -0.66384 -0.252379
    outer loop
      vertex 3.41335 1.91681 11.2795
      vertex 3.33901 1.84991 11.2481
      vertex 3.35154 1.87563 11.2154
    endloop
  endfacet
  facet normal 0.704037 -0.663496 -0.253191
    outer loop
      vertex 3.40425 1.89811 11.3032
      vertex 3.33901 1.84991 11.2481
      vertex 3.41335 1.91681 11.2795
    endloop
  endfacet
  facet normal 0.846362 -0.468008 0.254242
    outer loop
      vertex 3.47422 2.04177 11.689
      vertex 3.46068 2.01397 11.6829
      vertex 3.49424 2.0249 11.5913
    endloop
  endfacet
  facet normal 0.797733 -0.471124 0.376383
    outer loop
      vertex 3.47422 2.04177 11.689
      vertex 3.41665 2.00932 11.7704
      vertex 3.46068 2.01397 11.6829
    endloop
  endfacet
  facet normal 0.656231 -0.629343 0.416279
    outer loop
      vertex 3.31892 1.92068 11.8109
      vertex 3.29907 1.87994 11.7806
      vertex 3.36582 1.90496 11.7132
    endloop
  endfacet
  facet normal 0.633406 -0.676165 0.376294
    outer loop
      vertex 3.29907 1.87994 11.7806
      vertex 3.28113 1.8431 11.7446
      vertex 3.36582 1.90496 11.7132
    endloop
  endfacet
  facet normal 0.756935 -0.651569 -0.0500737
    outer loop
      vertex 3.4473 1.92853 11.4309
      vertex 3.38334 1.85518 11.4185
      vertex 3.44894 1.93188 11.4121
    endloop
  endfacet
  facet normal 0.835076 -0.549562 -0.0250802
    outer loop
      vertex 3.50104 2.00961 11.4436
      vertex 3.4473 1.92853 11.4309
      vertex 3.44894 1.93188 11.4121
    endloop
  endfacet
  facet normal 0.792219 -0.349873 0.499978
    outer loop
      vertex 3.43396 2.15688 11.8631
      vertex 3.45425 2.0865 11.7817
      vertex 3.47321 2.12543 11.7789
    endloop
  endfacet
  facet normal 0.841145 -0.382137 0.382682
    outer loop
      vertex 3.45425 2.0865 11.7817
      vertex 3.488 2.07006 11.6911
      vertex 3.47321 2.12543 11.7789
    endloop
  endfacet
  facet normal 0.862819 -0.337544 0.376308
    outer loop
      vertex 3.49184 2.16369 11.7704
      vertex 3.50178 2.09835 11.689
      vertex 3.51532 2.12616 11.6829
    endloop
  endfacet
  facet normal 0.890326 -0.377702 0.254284
    outer loop
      vertex 3.51532 2.12616 11.6829
      vertex 3.50178 2.09835 11.689
      vertex 3.52741 2.09299 11.5913
    endloop
  endfacet
  facet normal 0.91842 -0.319876 0.232777
    outer loop
      vertex 3.5284 2.153 11.6727
      vertex 3.53535 2.10928 11.5852
      vertex 3.54078 2.17843 11.6588
    endloop
  endfacet
  facet normal 0.98158 -0.190282 -0.017121
    outer loop
      vertex 3.59357 2.2868 11.45
      vertex 3.5749 2.19049 11.45
      vertex 3.59266 2.28494 11.4185
    endloop
  endfacet
  facet normal 0.943153 -0.0399734 0.329945
    outer loop
      vertex 3.53917 2.37287 11.7446
      vertex 3.55696 2.29737 11.6846
      vertex 3.56949 2.3231 11.6519
    endloop
  endfacet
  facet normal 0.953667 -0.247605 0.170913
    outer loop
      vertex 3.56265 2.22332 11.6205
      vertex 3.55613 2.15196 11.5535
      vertex 3.57175 2.24201 11.5968
    endloop
  endfacet
  facet normal 0.860999 -0.0423395 0.506842
    outer loop
      vertex 3.48828 2.40477 11.8423
      vertex 3.50138 2.29528 11.8109
      vertex 3.52122 2.33602 11.7806
    endloop
  endfacet
  facet normal 0.900081 -0.128733 0.416272
    outer loop
      vertex 3.50138 2.29528 11.8109
      vertex 3.54267 2.26805 11.7132
      vertex 3.52122 2.33602 11.7806
    endloop
  endfacet
  facet normal 0.892469 0.219884 0.393891
    outer loop
      vertex 3.50793 2.60353 11.7319
      vertex 3.52825 2.48684 11.751
      vertex 3.54399 2.51915 11.6973
    endloop
  endfacet
  facet normal 0.93459 0.10802 0.338931
    outer loop
      vertex 3.52825 2.48684 11.751
      vertex 3.56816 2.4324 11.6583
      vertex 3.54399 2.51915 11.6973
    endloop
  endfacet
  facet normal 0.820852 -0.291581 0.491103
    outer loop
      vertex 3.45737 2.20493 11.8525
      vertex 3.43396 2.15688 11.8631
      vertex 3.49184 2.16369 11.7704
    endloop
  endfacet
  facet normal 0.848666 -0.234497 0.474107
    outer loop
      vertex 3.45737 2.20493 11.8525
      vertex 3.49184 2.16369 11.7704
      vertex 3.47997 2.25134 11.835
    endloop
  endfacet
  facet normal 0.974922 0.0247244 0.221169
    outer loop
      vertex 3.57872 2.45407 11.6095
      vertex 3.58004 2.34477 11.6159
      vertex 3.58845 2.36202 11.5769
    endloop
  endfacet
  facet normal 0.989321 -0.0779554 0.123158
    outer loop
      vertex 3.58845 2.36202 11.5769
      vertex 3.58553 2.2703 11.5423
      vertex 3.58997 2.27941 11.5124
    endloop
  endfacet
  facet normal 0.960379 -0.00463039 -0.278657
    outer loop
      vertex 3.58004 2.34477 11.2841
      vertex 3.56949 2.3231 11.2481
      vertex 3.56816 2.4324 11.2417
    endloop
  endfacet
  facet normal 0.956562 -0.145137 -0.252831
    outer loop
      vertex 3.57175 2.24201 11.3032
      vertex 3.56265 2.22332 11.2795
      vertex 3.56949 2.3231 11.2481
    endloop
  endfacet
  facet normal 0.993236 0.062493 -0.0978635
    outer loop
      vertex 3.59105 2.47938 11.3956
      vertex 3.59826 2.38217 11.4067
      vertex 3.58639 2.46982 11.3422
    endloop
  endfacet
  facet normal 0.996998 0.0701953 -0.0326853
    outer loop
      vertex 3.5995 2.38472 11.45
      vertex 3.59826 2.38217 11.4067
      vertex 3.59261 2.48258 11.45
    endloop
  endfacet
  facet normal 0.909467 -0.396851 0.124011
    outer loop
      vertex 3.52741 2.09299 11.5913
      vertex 3.53056 2.07021 11.4953
      vertex 3.53535 2.10928 11.5852
    endloop
  endfacet
  facet normal 0.943095 -0.269306 0.195055
    outer loop
      vertex 3.55226 2.202 11.6413
      vertex 3.55613 2.15196 11.5535
      vertex 3.56265 2.22332 11.6205
    endloop
  endfacet
  facet normal 0.896076 -0.424256 0.130596
    outer loop
      vertex 3.51083 2.05894 11.5963
      vertex 3.52234 2.05333 11.4991
      vertex 3.52514 2.05909 11.4986
    endloop
  endfacet
  facet normal 0.834124 -0.55151 -0.00860936
    outer loop
      vertex 3.50104 2.00961 11.4436
      vertex 3.44675 1.9274 11.45
      vertex 3.4473 1.92853 11.4309
    endloop
  endfacet
  facet normal 0.979639 -0.19425 0.0507409
    outer loop
      vertex 3.59266 2.28494 11.4815
      vertex 3.57271 2.186 11.4879
      vertex 3.57435 2.18936 11.4691
    endloop
  endfacet
  facet normal 0.974484 0.190252 0.119099
    outer loop
      vertex 3.56562 2.56356 11.578
      vertex 3.58639 2.46982 11.5578
      vertex 3.59105 2.47938 11.5044
    endloop
  endfacet
  facet normal 0.993236 0.062493 0.0978635
    outer loop
      vertex 3.58639 2.46982 11.5578
      vertex 3.59826 2.38217 11.4933
      vertex 3.59105 2.47938 11.5044
    endloop
  endfacet
  facet normal -0.763814 0.408688 0.499562
    outer loop
      vertex 2.31269 2.70302 11.8631
      vertex 2.24478 2.6756 11.7817
      vertex 2.28888 2.65412 11.8667
    endloop
  endfacet
  facet normal -0.79268 0.349422 0.499562
    outer loop
      vertex 2.24478 2.6756 11.7817
      vertex 2.26506 2.60523 11.8631
      vertex 2.28888 2.65412 11.8667
    endloop
  endfacet
  facet normal -0.260125 0.0563423 0.96393
    outer loop
      vertex 2.59218 2.40328 12.1541
      vertex 2.67593 2.35881 12.1793
      vertex 2.71797 2.44512 12.1856
    endloop
  endfacet
  facet normal -0.315044 -0.0564557 0.947396
    outer loop
      vertex 2.59218 2.40328 12.1541
      vertex 2.6346 2.27396 12.1605
      vertex 2.67593 2.35881 12.1793
    endloop
  endfacet
  facet normal -0.839727 -0.110385 0.531671
    outer loop
      vertex 2.21075 2.35733 11.8423
      vertex 2.23034 2.23913 11.8487
      vertex 2.25462 2.28899 11.8974
    endloop
  endfacet
  facet normal -0.839108 -0.110228 0.53268
    outer loop
      vertex 2.18945 2.31361 11.7997
      vertex 2.23034 2.23913 11.8487
      vertex 2.21075 2.35733 11.8423
    endloop
  endfacet
  facet normal -0.76075 0.643669 -0.0833624
    outer loop
      vertex 2.30856 2.89228 11.3577
      vertex 2.25009 2.83022 11.4121
      vertex 2.313 2.9014 11.3876
    endloop
  endfacet
  facet normal -0.754967 0.655541 0.0170434
    outer loop
      vertex 2.25227 2.83471 11.45
      vertex 2.25172 2.83358 11.4691
      vertex 2.31569 2.90693 11.4815
    endloop
  endfacet
  facet normal -0.853221 0.512348 -0.0975329
    outer loop
      vertex 2.23351 2.79618 11.3465
      vertex 2.18976 2.73562 11.4111
      vertex 2.19188 2.73995 11.4153
    endloop
  endfacet
  facet normal -0.665628 0.742511 -0.0749368
    outer loop
      vertex 2.38879 2.97127 11.4067
      vertex 2.313 2.9014 11.3876
      vertex 2.31569 2.90693 11.4185
    endloop
  endfacet
  facet normal -0.756917 0.651532 -0.0508176
    outer loop
      vertex 2.31569 2.90693 11.4185
      vertex 2.25009 2.83022 11.4121
      vertex 2.25172 2.83358 11.4309
    endloop
  endfacet
  facet normal -0.69074 0.691182 -0.212477
    outer loop
      vertex 2.37058 2.93387 11.2841
      vertex 2.29478 2.86399 11.3032
      vertex 2.30245 2.87974 11.3295
    endloop
  endfacet
  facet normal -0.690726 0.690943 -0.213296
    outer loop
      vertex 2.36002 2.9122 11.2481
      vertex 2.29478 2.86399 11.3032
      vertex 2.37058 2.93387 11.2841
    endloop
  endfacet
  facet normal -0.843668 0.531938 -0.072568
    outer loop
      vertex 2.23903 2.80752 11.3609
      vertex 2.19529 2.74696 11.4255
      vertex 2.24369 2.81708 11.3768
    endloop
  endfacet
  facet normal -0.760696 0.643753 -0.0832087
    outer loop
      vertex 2.30856 2.89228 11.3577
      vertex 2.24739 2.82469 11.394
      vertex 2.25009 2.83022 11.4121
    endloop
  endfacet
  facet normal -0.754967 0.655541 -0.0170434
    outer loop
      vertex 2.31569 2.90693 11.4185
      vertex 2.25172 2.83358 11.4309
      vertex 2.25227 2.83471 11.45
    endloop
  endfacet
  facet normal -0.671266 0.730896 0.123256
    outer loop
      vertex 2.313 2.9014 11.5124
      vertex 2.30856 2.89228 11.5423
      vertex 2.37898 2.95112 11.5769
    endloop
  endfacet
  facet normal -0.570692 0.805182 0.161221
    outer loop
      vertex 2.38509 2.96366 11.5359
      vertex 2.37898 2.95112 11.5769
      vertex 2.45745 3.00021 11.6095
    endloop
  endfacet
  facet normal -0.766458 0.631927 0.11494
    outer loop
      vertex 2.30856 2.89228 11.5423
      vertex 2.24739 2.82469 11.506
      vertex 2.30245 2.87974 11.5705
    endloop
  endfacet
  facet normal -0.756917 0.651532 0.0508176
    outer loop
      vertex 2.25172 2.83358 11.4691
      vertex 2.25009 2.83022 11.4879
      vertex 2.31569 2.90693 11.4815
    endloop
  endfacet
  facet normal -0.843394 0.532465 0.0718878
    outer loop
      vertex 2.19529 2.74696 11.4745
      vertex 2.19373 2.74376 11.4799
      vertex 2.23903 2.80752 11.5391
    endloop
  endfacet
  facet normal -0.853492 0.511777 0.0981635
    outer loop
      vertex 2.23351 2.79618 11.5535
      vertex 2.19188 2.73995 11.4847
      vertex 2.2272 2.78324 11.5661
    endloop
  endfacet
  facet normal -0.719679 0.631588 0.288373
    outer loop
      vertex 2.34749 2.88648 11.6846
      vertex 2.27529 2.82398 11.6413
      vertex 2.33321 2.85715 11.7132
    endloop
  endfacet
  facet normal -0.77372 0.616982 0.143842
    outer loop
      vertex 2.30245 2.87974 11.5705
      vertex 2.24369 2.81708 11.5232
      vertex 2.29478 2.86399 11.5968
    endloop
  endfacet
  facet normal -0.679598 0.713773 0.169332
    outer loop
      vertex 2.37898 2.95112 11.5769
      vertex 2.30856 2.89228 11.5423
      vertex 2.37058 2.93387 11.6159
    endloop
  endfacet
  facet normal -0.839981 0.539506 0.0580065
    outer loop
      vertex 2.24739 2.82469 11.506
      vertex 2.19529 2.74696 11.4745
      vertex 2.24369 2.81708 11.5232
    endloop
  endfacet
  facet normal -0.843668 0.531938 0.072568
    outer loop
      vertex 2.24369 2.81708 11.5232
      vertex 2.19529 2.74696 11.4745
      vertex 2.23903 2.80752 11.5391
    endloop
  endfacet
  facet normal -0.880099 0.457154 -0.128205
    outer loop
      vertex 2.19656 2.72033 11.3049
      vertex 2.17949 2.71453 11.4014
      vertex 2.18225 2.72018 11.4026
    endloop
  endfacet
  facet normal -0.916634 0.382148 -0.11724
    outer loop
      vertex 2.16368 2.65282 11.3148
      vertex 2.15616 2.63739 11.3233
      vertex 2.16847 2.69189 11.4047
    endloop
  endfacet
  facet normal -0.918589 0.319664 -0.232397
    outer loop
      vertex 2.16368 2.65282 11.3148
      vertex 2.15824 2.58368 11.2412
      vertex 2.15616 2.63739 11.3233
    endloop
  endfacet
  facet normal -0.923004 0.369058 -0.108901
    outer loop
      vertex 2.16595 2.68672 11.4075
      vertex 2.15616 2.63739 11.3233
      vertex 2.16361 2.68193 11.4111
    endloop
  endfacet
  facet normal -0.97021 0.213675 -0.114169
    outer loop
      vertex 2.13271 2.58924 11.3768
      vertex 2.1135 2.49181 11.3577
      vertex 2.12901 2.58163 11.394
    endloop
  endfacet
  facet normal -0.975731 0.202329 -0.0837346
    outer loop
      vertex 2.12901 2.58163 11.394
      vertex 2.1135 2.49181 11.3577
      vertex 2.12631 2.5761 11.4121
    endloop
  endfacet
  facet normal -0.997862 0.0603992 -0.0249631
    outer loop
      vertex 2.10636 2.47716 11.4185
      vertex 2.10077 2.37993 11.4067
      vertex 2.10546 2.47531 11.45
    endloop
  endfacet
  facet normal -0.994971 0.0663142 -0.0750713
    outer loop
      vertex 2.10906 2.48269 11.3876
      vertex 2.10077 2.37993 11.4067
      vertex 2.10636 2.47716 11.4185
    endloop
  endfacet
  facet normal -0.97576 0.202169 0.0837875
    outer loop
      vertex 2.12631 2.5761 11.4879
      vertex 2.10906 2.48269 11.5124
      vertex 2.12901 2.58163 11.506
    endloop
  endfacet
  facet normal -0.979635 0.194243 0.0508367
    outer loop
      vertex 2.12631 2.5761 11.4879
      vertex 2.10636 2.47716 11.4815
      vertex 2.10906 2.48269 11.5124
    endloop
  endfacet
  facet normal -0.975811 0.202145 0.0832455
    outer loop
      vertex 2.12901 2.58163 11.506
      vertex 2.10906 2.48269 11.5124
      vertex 2.1135 2.49181 11.5423
    endloop
  endfacet
  facet normal -0.980856 0.0955302 0.169691
    outer loop
      vertex 2.1135 2.49181 11.5423
      vertex 2.11898 2.41734 11.6159
      vertex 2.1196 2.50435 11.5705
    endloop
  endfacet
  facet normal -0.981584 0.190283 -0.0168699
    outer loop
      vertex 2.10636 2.47716 11.4185
      vertex 2.10546 2.47531 11.45
      vertex 2.12413 2.57162 11.45
    endloop
  endfacet
  facet normal -0.981584 0.190283 0.0168699
    outer loop
      vertex 2.12413 2.57162 11.45
      vertex 2.10546 2.47531 11.45
      vertex 2.10636 2.47716 11.4815
    endloop
  endfacet
  facet normal -0.970065 0.117737 0.212397
    outer loop
      vertex 2.1196 2.50435 11.5705
      vertex 2.11898 2.41734 11.6159
      vertex 2.12727 2.5201 11.5968
    endloop
  endfacet
  facet normal -0.962799 0.228797 0.143769
    outer loop
      vertex 2.13271 2.58924 11.5232
      vertex 2.1196 2.50435 11.5705
      vertex 2.12727 2.5201 11.5968
    endloop
  endfacet
  facet normal -0.943169 0.269105 0.194974
    outer loop
      vertex 2.14289 2.61015 11.5535
      vertex 2.13638 2.53879 11.6205
      vertex 2.14676 2.5601 11.6413
    endloop
  endfacet
  facet normal -0.953586 0.247724 0.17119
    outer loop
      vertex 2.14289 2.61015 11.5535
      vertex 2.12727 2.5201 11.5968
      vertex 2.13638 2.53879 11.6205
    endloop
  endfacet
  facet normal -0.931353 0.293459 0.215553
    outer loop
      vertex 2.1492 2.62308 11.5661
      vertex 2.14676 2.5601 11.6413
      vertex 2.15824 2.58368 11.6588
    endloop
  endfacet
  facet normal -0.923563 0.213013 0.318837
    outer loop
      vertex 2.14676 2.5601 11.6413
      vertex 2.15635 2.49406 11.7132
      vertex 2.15824 2.58368 11.6588
    endloop
  endfacet
  facet normal -0.894959 0.42663 0.13052
    outer loop
      vertex 2.17388 2.70301 11.4986
      vertex 2.17984 2.68599 11.5951
      vertex 2.1882 2.70316 11.5963
    endloop
  endfacet
  facet normal -0.875779 0.40753 0.258711
    outer loop
      vertex 2.1882 2.70316 11.5963
      vertex 2.19725 2.66376 11.689
      vertex 2.21103 2.69204 11.6911
    endloop
  endfacet
  facet normal -0.918266 0.320205 0.232929
    outer loop
      vertex 2.16368 2.65282 11.5852
      vertex 2.15824 2.58368 11.6588
      vertex 2.17063 2.6091 11.6727
    endloop
  endfacet
  facet normal 0.647341 0.457389 0.609709
    outer loop
      vertex 3.31298 2.78203 11.8823
      vertex 3.35601 2.66341 11.9256
      vertex 3.38142 2.71556 11.8595
    endloop
  endfacet
  facet normal 0.733637 0.367242 0.571761
    outer loop
      vertex 3.35601 2.66341 11.9256
      vertex 3.41721 2.59502 11.891
      vertex 3.38142 2.71556 11.8595
    endloop
  endfacet
  facet normal -0.646718 -0.458598 -0.609462
    outer loop
      vertex 2.35495 2.06578 10.9864
      vertex 2.31761 2.04654 11.0405
      vertex 2.33234 2.0768 11.0021
    endloop
  endfacet
  facet normal -0.647379 -0.457553 -0.609546
    outer loop
      vertex 2.31761 2.04654 11.0405
      vertex 2.35495 2.06578 10.9864
      vertex 2.38605 1.98008 11.0177
    endloop
  endfacet
  facet normal -0.734061 -0.36741 -0.571108
    outer loop
      vertex 2.33234 2.0768 11.0021
      vertex 2.31761 2.04654 11.0405
      vertex 2.26629 2.10897 11.0663
    endloop
  endfacet
  facet normal 0.81943 -0.426719 0.382682
    outer loop
      vertex 3.45425 2.0865 11.7817
      vertex 3.43529 2.04758 11.7789
      vertex 3.488 2.07006 11.6911
    endloop
  endfacet
  facet normal 0.660837 -0.45375 0.597834
    outer loop
      vertex 3.38633 2.05909 11.8631
      vertex 3.30041 2.01907 11.9277
      vertex 3.36292 2.01103 11.8525
    endloop
  endfacet
  facet normal 0.490378 -0.803103 0.33846
    outer loop
      vertex 3.26539 1.81079 11.7037
      vertex 3.18466 1.78143 11.751
      vertex 3.25213 1.78356 11.6583
    endloop
  endfacet
  facet normal 0.491012 -0.802516 0.338934
    outer loop
      vertex 3.18466 1.78143 11.751
      vertex 3.16892 1.74912 11.6973
      vertex 3.25213 1.78356 11.6583
    endloop
  endfacet
  facet normal 0.20556 -0.966302 0.154938
    outer loop
      vertex 2.96035 1.65706 11.6114
      vertex 2.95338 1.64275 11.5314
      vertex 3.04928 1.6619 11.5236
    endloop
  endfacet
  facet normal 0.0700836 -0.995934 0.0565999
    outer loop
      vertex 2.95338 1.64275 11.5314
      vertex 2.8557 1.63624 11.5378
      vertex 2.95105 1.63796 11.45
    endloop
  endfacet
  facet normal 0.217421 -0.942166 0.25505
    outer loop
      vertex 3.06597 1.69616 11.6658
      vertex 2.96035 1.65706 11.6114
      vertex 3.05558 1.67484 11.5959
    endloop
  endfacet
  facet normal 0.089512 -0.956217 0.278633
    outer loop
      vertex 2.97183 1.68063 11.6886
      vertex 2.8756 1.6771 11.7074
      vertex 2.96035 1.65706 11.6114
    endloop
  endfacet
  facet normal 0.671422 -0.730723 -0.123436
    outer loop
      vertex 3.38603 1.86071 11.3876
      vertex 3.31394 1.79844 11.3641
      vertex 3.32005 1.81098 11.3231
    endloop
  endfacet
  facet normal 0.570391 -0.805375 -0.161325
    outer loop
      vertex 3.31394 1.79844 11.3641
      vertex 3.2339 1.74614 11.3422
      vertex 3.32005 1.81098 11.3231
    endloop
  endfacet
  facet normal 0.55936 -0.82828 -0.0326819
    outer loop
      vertex 3.31023 1.79083 11.4067
      vertex 3.22769 1.73338 11.45
      vertex 3.22925 1.73658 11.3956
    endloop
  endfacet
  facet normal 0.563122 -0.820558 -0.0978656
    outer loop
      vertex 3.31023 1.79083 11.4067
      vertex 3.22925 1.73658 11.3956
      vertex 3.2339 1.74614 11.3422
    endloop
  endfacet
  facet normal 0.860712 -0.438456 -0.25871
    outer loop
      vertex 3.51083 2.05894 11.3037
      vertex 3.47422 2.04177 11.211
      vertex 3.488 2.07006 11.2089
    endloop
  endfacet
  facet normal 0.9027 -0.410718 -0.128232
    outer loop
      vertex 3.52741 2.09299 11.3087
      vertex 3.5279 2.06475 11.4026
      vertex 3.51919 2.07611 11.3049
    endloop
  endfacet
  facet normal 0.875108 -0.180029 -0.449195
    outer loop
      vertex 3.50138 2.29528 11.0891
      vertex 3.50983 2.20062 11.1435
      vertex 3.47997 2.25134 11.065
    endloop
  endfacet
  facet normal 0.875147 -0.179991 -0.449134
    outer loop
      vertex 3.52688 2.23561 11.1627
      vertex 3.50983 2.20062 11.1435
      vertex 3.50138 2.29528 11.0891
    endloop
  endfacet
  facet normal 0.665634 -0.742506 0.0749354
    outer loop
      vertex 3.38603 1.86071 11.5124
      vertex 3.31023 1.79083 11.4933
      vertex 3.38334 1.85518 11.4815
    endloop
  endfacet
  facet normal 0.754989 -0.65552 -0.0168961
    outer loop
      vertex 3.44675 1.9274 11.45
      vertex 3.38243 1.85332 11.45
      vertex 3.38334 1.85518 11.4185
    endloop
  endfacet
  facet normal 0.21726 -0.942127 -0.255334
    outer loop
      vertex 3.06597 1.69616 11.2342
      vertex 2.96035 1.65706 11.2886
      vertex 2.97183 1.68063 11.2114
    endloop
  endfacet
  facet normal 0.234572 -0.906482 -0.351093
    outer loop
      vertex 3.06597 1.69616 11.2342
      vertex 2.97183 1.68063 11.2114
      vertex 2.98763 1.71307 11.1382
    endloop
  endfacet
  facet normal 0.69074 -0.691182 -0.212477
    outer loop
      vertex 3.39658 1.88236 11.3295
      vertex 3.32845 1.82823 11.2841
      vertex 3.40425 1.89811 11.3032
    endloop
  endfacet
  facet normal 0.773998 -0.616519 -0.144329
    outer loop
      vertex 3.45534 1.94502 11.3768
      vertex 3.40425 1.89811 11.3032
      vertex 3.45999 1.95458 11.3609
    endloop
  endfacet
  facet normal 0.719742 -0.631549 -0.288301
    outer loop
      vertex 3.41335 1.91681 11.2795
      vertex 3.35154 1.87563 11.2154
      vertex 3.36582 1.90496 11.1868
    endloop
  endfacet
  facet normal 0.859575 -0.499287 -0.108827
    outer loop
      vertex 3.50926 2.02649 11.4111
      vertex 3.47182 1.97886 11.3339
      vertex 3.47879 1.99317 11.3233
    endloop
  endfacet
  facet normal 0.948469 -0.316754 0.00857207
    outer loop
      vertex 3.57435 2.18936 11.4691
      vertex 3.54364 2.09706 11.4564
      vertex 3.5749 2.19049 11.45
    endloop
  endfacet
  facet normal 0.77372 -0.616982 -0.143842
    outer loop
      vertex 3.45534 1.94502 11.3768
      vertex 3.39658 1.88236 11.3295
      vertex 3.40425 1.89811 11.3032
    endloop
  endfacet
  facet normal 0.831614 -0.49828 -0.245227
    outer loop
      vertex 3.49424 2.0249 11.3087
      vertex 3.4476 1.98712 11.2273
      vertex 3.46068 2.01397 11.2171
    endloop
  endfacet
  facet normal 0.775923 -0.515902 -0.363028
    outer loop
      vertex 3.46068 2.01397 11.2171
      vertex 3.4476 1.98712 11.2273
      vertex 3.41665 2.00932 11.1296
    endloop
  endfacet
  facet normal 0.81943 -0.426719 -0.382682
    outer loop
      vertex 3.488 2.07006 11.2089
      vertex 3.43529 2.04758 11.1211
      vertex 3.45425 2.0865 11.1183
    endloop
  endfacet
  facet normal 0.841145 -0.382137 -0.382682
    outer loop
      vertex 3.488 2.07006 11.2089
      vertex 3.45425 2.0865 11.1183
      vertex 3.47321 2.12543 11.1211
    endloop
  endfacet
  facet normal 0.817868 -0.526491 0.232163
    outer loop
      vertex 3.48631 2.0086 11.5852
      vertex 3.43522 1.96169 11.6588
      vertex 3.47879 1.99317 11.5767
    endloop
  endfacet
  facet normal 0.797464 -0.472016 0.375836
    outer loop
      vertex 3.43529 2.04758 11.7789
      vertex 3.41665 2.00932 11.7704
      vertex 3.47422 2.04177 11.689
    endloop
  endfacet
  facet normal 0.970065 -0.117737 -0.212397
    outer loop
      vertex 3.57942 2.25776 11.3295
      vertex 3.57175 2.24201 11.3032
      vertex 3.58004 2.34477 11.2841
    endloop
  endfacet
  facet normal 0.894967 -0.42664 -0.13043
    outer loop
      vertex 3.52514 2.05909 11.4014
      vertex 3.51083 2.05894 11.3037
      vertex 3.51919 2.07611 11.3049
    endloop
  endfacet
  facet normal 0.755018 -0.655483 0.0170385
    outer loop
      vertex 3.4473 1.92853 11.4691
      vertex 3.38334 1.85518 11.4815
      vertex 3.44675 1.9274 11.45
    endloop
  endfacet
  facet normal 0.662772 -0.748403 -0.0250447
    outer loop
      vertex 3.38243 1.85332 11.45
      vertex 3.31023 1.79083 11.4067
      vertex 3.38334 1.85518 11.4185
    endloop
  endfacet
  facet normal 0.922632 -0.0820812 0.376846
    outer loop
      vertex 3.53917 2.37287 11.7446
      vertex 3.54267 2.26805 11.7132
      vertex 3.55696 2.29737 11.6846
    endloop
  endfacet
  facet normal 0.875108 -0.180029 0.449195
    outer loop
      vertex 3.47997 2.25134 11.835
      vertex 3.50983 2.20062 11.7565
      vertex 3.50138 2.29528 11.8109
    endloop
  endfacet
  facet normal 0.923667 -0.212884 0.31862
    outer loop
      vertex 3.52688 2.23561 11.7373
      vertex 3.54078 2.17843 11.6588
      vertex 3.54267 2.26805 11.7132
    endloop
  endfacet
  facet normal 0.888755 0.0146593 0.458148
    outer loop
      vertex 3.48828 2.40477 11.8423
      vertex 3.52122 2.33602 11.7806
      vertex 3.53917 2.37287 11.7446
    endloop
  endfacet
  facet normal 0.942965 -0.0408852 0.330373
    outer loop
      vertex 3.53917 2.37287 11.7446
      vertex 3.56949 2.3231 11.6519
      vertex 3.5549 2.40517 11.7037
    endloop
  endfacet
  facet normal 0.960621 -0.0045786 0.277823
    outer loop
      vertex 3.5549 2.40517 11.7037
      vertex 3.56949 2.3231 11.6519
      vertex 3.56816 2.4324 11.6583
    endloop
  endfacet
  facet normal 0.9132 0.261496 0.312546
    outer loop
      vertex 3.52221 2.63286 11.6658
      vertex 3.54399 2.51915 11.6973
      vertex 3.55651 2.54487 11.6392
    endloop
  endfacet
  facet normal 0.912892 0.261651 0.313318
    outer loop
      vertex 3.50793 2.60353 11.7319
      vertex 3.54399 2.51915 11.6973
      vertex 3.52221 2.63286 11.6658
    endloop
  endfacet
  facet normal 0.980936 -0.0951496 0.169445
    outer loop
      vertex 3.58004 2.34477 11.6159
      vertex 3.58553 2.2703 11.5423
      vertex 3.58845 2.36202 11.5769
    endloop
  endfacet
  facet normal 0.97581 -0.202146 0.0832631
    outer loop
      vertex 3.58997 2.27941 11.5124
      vertex 3.57002 2.18047 11.506
      vertex 3.57271 2.186 11.4879
    endloop
  endfacet
  facet normal 0.997847 -0.060536 -0.0252522
    outer loop
      vertex 3.59357 2.2868 11.45
      vertex 3.59266 2.28494 11.4185
      vertex 3.59826 2.38217 11.4067
    endloop
  endfacet
  facet normal 0.993245 0.0626235 -0.0976879
    outer loop
      vertex 3.59826 2.38217 11.4067
      vertex 3.59455 2.37456 11.3641
      vertex 3.58639 2.46982 11.3422
    endloop
  endfacet
  facet normal 0.834132 -0.551501 0.00842371
    outer loop
      vertex 3.50104 2.00961 11.4564
      vertex 3.44675 1.9274 11.45
      vertex 3.50086 2.00924 11.45
    endloop
  endfacet
  facet normal 0.943113 -0.269261 0.19503
    outer loop
      vertex 3.55226 2.202 11.6413
      vertex 3.54983 2.13902 11.5661
      vertex 3.55613 2.15196 11.5535
    endloop
  endfacet
  facet normal 0.929078 -0.35657 0.0983468
    outer loop
      vertex 3.54983 2.13902 11.5661
      vertex 3.53753 2.08452 11.4847
      vertex 3.55613 2.15196 11.5535
    endloop
  endfacet
  facet normal 0.956671 -0.144934 0.252536
    outer loop
      vertex 3.55696 2.29737 11.6846
      vertex 3.57175 2.24201 11.5968
      vertex 3.56949 2.3231 11.6519
    endloop
  endfacet
  facet normal 0.948467 -0.316767 0.00836253
    outer loop
      vertex 3.5749 2.19049 11.45
      vertex 3.54364 2.09706 11.4564
      vertex 3.54382 2.09743 11.45
    endloop
  endfacet
  facet normal 0.940978 -0.177279 0.288326
    outer loop
      vertex 3.55696 2.29737 11.6846
      vertex 3.55226 2.202 11.6413
      vertex 3.56265 2.22332 11.6205
    endloop
  endfacet
  facet normal 0.979647 -0.194266 0.0505166
    outer loop
      vertex 3.58997 2.27941 11.5124
      vertex 3.57271 2.186 11.4879
      vertex 3.59266 2.28494 11.4815
    endloop
  endfacet
  facet normal 0.994991 -0.0663775 0.0747398
    outer loop
      vertex 3.59826 2.38217 11.4933
      vertex 3.58997 2.27941 11.5124
      vertex 3.59266 2.28494 11.4815
    endloop
  endfacet
  facet normal 0.997859 -0.06043 -0.0250173
    outer loop
      vertex 3.5995 2.38472 11.45
      vertex 3.59357 2.2868 11.45
      vertex 3.59826 2.38217 11.4067
    endloop
  endfacet
  facet normal 0.997859 -0.06043 0.0250173
    outer loop
      vertex 3.59826 2.38217 11.4933
      vertex 3.59357 2.2868 11.45
      vertex 3.5995 2.38472 11.45
    endloop
  endfacet
  facet normal -0.735172 0.467116 0.491249
    outer loop
      vertex 2.28237 2.75279 11.7704
      vertex 2.26374 2.71453 11.7789
      vertex 2.31269 2.70302 11.8631
    endloop
  endfacet
  facet normal -0.797568 0.471854 0.375818
    outer loop
      vertex 2.28237 2.75279 11.7704
      vertex 2.22481 2.72033 11.689
      vertex 2.26374 2.71453 11.7789
    endloop
  endfacet
  facet normal -0.72995 0.311442 0.608422
    outer loop
      vertex 2.28888 2.65412 11.8667
      vertex 2.31431 2.56994 11.9403
      vertex 2.34257 2.62797 11.9445
    endloop
  endfacet
  facet normal -0.69523 0.382725 0.608421
    outer loop
      vertex 2.37084 2.686 11.9403
      vertex 2.28888 2.65412 11.8667
      vertex 2.34257 2.62797 11.9445
    endloop
  endfacet
  facet normal -0.422378 0.00478735 0.906407
    outer loop
      vertex 2.51285 2.44738 12.1169
      vertex 2.47506 2.36979 12.0997
      vertex 2.59218 2.40328 12.1541
    endloop
  endfacet
  facet normal -0.422545 0.00550378 0.906325
    outer loop
      vertex 2.47506 2.36979 12.0997
      vertex 2.55229 2.32137 12.136
      vertex 2.59218 2.40328 12.1541
    endloop
  endfacet
  facet normal -0.859652 0.499099 -0.10908
    outer loop
      vertex 2.22024 2.76893 11.3233
      vertex 2.18743 2.73082 11.4075
      vertex 2.18976 2.73562 11.4111
    endloop
  endfacet
  facet normal -0.866098 0.485846 -0.11759
    outer loop
      vertex 2.22024 2.76893 11.3233
      vertex 2.18491 2.72565 11.4047
      vertex 2.18743 2.73082 11.4075
    endloop
  endfacet
  facet normal -0.703973 0.66371 -0.252808
    outer loop
      vertex 2.36002 2.9122 11.2481
      vertex 2.28567 2.8453 11.2795
      vertex 2.29478 2.86399 11.3032
    endloop
  endfacet
  facet normal -0.782872 0.598261 -0.170866
    outer loop
      vertex 2.28567 2.8453 11.2795
      vertex 2.23351 2.79618 11.3465
      vertex 2.29478 2.86399 11.3032
    endloop
  endfacet
  facet normal -0.773838 0.616785 -0.144049
    outer loop
      vertex 2.29478 2.86399 11.3032
      vertex 2.23903 2.80752 11.3609
      vertex 2.24369 2.81708 11.3768
    endloop
  endfacet
  facet normal -0.78289 0.598205 -0.170979
    outer loop
      vertex 2.29478 2.86399 11.3032
      vertex 2.23351 2.79618 11.3465
      vertex 2.23903 2.80752 11.3609
    endloop
  endfacet
  facet normal -0.754945 0.65557 0.0169319
    outer loop
      vertex 2.31659 2.90878 11.45
      vertex 2.25227 2.83471 11.45
      vertex 2.31569 2.90693 11.4815
    endloop
  endfacet
  facet normal -0.662763 0.748411 0.0250182
    outer loop
      vertex 2.31659 2.90878 11.45
      vertex 2.31569 2.90693 11.4815
      vertex 2.38879 2.97127 11.4933
    endloop
  endfacet
  facet normal -0.834986 0.54971 -0.0248306
    outer loop
      vertex 2.25009 2.83022 11.4121
      vertex 2.19743 2.75137 11.4373
      vertex 2.19798 2.75249 11.4436
    endloop
  endfacet
  facet normal -0.834155 0.551464 -0.00860569
    outer loop
      vertex 2.25172 2.83358 11.4309
      vertex 2.19798 2.75249 11.4436
      vertex 2.25227 2.83471 11.45
    endloop
  endfacet
  facet normal -0.835143 0.549428 0.0257869
    outer loop
      vertex 2.25172 2.83358 11.4691
      vertex 2.19798 2.75249 11.4564
      vertex 2.25009 2.83022 11.4879
    endloop
  endfacet
  facet normal -0.840052 0.539339 0.0585352
    outer loop
      vertex 2.19653 2.74951 11.4688
      vertex 2.19529 2.74696 11.4745
      vertex 2.24739 2.82469 11.506
    endloop
  endfacet
  facet normal -0.84854 0.521894 0.0872116
    outer loop
      vertex 2.19373 2.74376 11.4799
      vertex 2.19188 2.73995 11.4847
      vertex 2.23903 2.80752 11.5391
    endloop
  endfacet
  facet normal -0.7371 0.595798 0.318918
    outer loop
      vertex 2.27529 2.82398 11.6413
      vertex 2.26381 2.80041 11.6588
      vertex 2.33321 2.85715 11.7132
    endloop
  endfacet
  facet normal -0.78289 0.598205 0.170979
    outer loop
      vertex 2.23903 2.80752 11.5391
      vertex 2.23351 2.79618 11.5535
      vertex 2.29478 2.86399 11.5968
    endloop
  endfacet
  facet normal -0.818149 0.525763 0.232822
    outer loop
      vertex 2.26381 2.80041 11.6588
      vertex 2.21272 2.7535 11.5852
      vertex 2.25143 2.77499 11.6727
    endloop
  endfacet
  facet normal -0.817868 0.526491 0.232163
    outer loop
      vertex 2.22024 2.76893 11.5767
      vertex 2.21272 2.7535 11.5852
      vertex 2.26381 2.80041 11.6588
    endloop
  endfacet
  facet normal -0.671368 0.730769 0.123458
    outer loop
      vertex 2.38509 2.96366 11.5359
      vertex 2.313 2.9014 11.5124
      vertex 2.37898 2.95112 11.5769
    endloop
  endfacet
  facet normal -0.66565 0.742504 0.0748251
    outer loop
      vertex 2.38879 2.97127 11.4933
      vertex 2.313 2.9014 11.5124
      vertex 2.38509 2.96366 11.5359
    endloop
  endfacet
  facet normal -0.69074 0.691182 0.212477
    outer loop
      vertex 2.30245 2.87974 11.5705
      vertex 2.29478 2.86399 11.5968
      vertex 2.37058 2.93387 11.6159
    endloop
  endfacet
  facet normal -0.679941 0.713318 0.169878
    outer loop
      vertex 2.30856 2.89228 11.5423
      vertex 2.30245 2.87974 11.5705
      vertex 2.37058 2.93387 11.6159
    endloop
  endfacet
  facet normal -0.939085 0.336024 -0.0721661
    outer loop
      vertex 2.15965 2.67378 11.4201
      vertex 2.13737 2.5988 11.3609
      vertex 2.15809 2.67058 11.4255
    endloop
  endfacet
  facet normal -0.910238 0.395303 -0.123298
    outer loop
      vertex 2.17113 2.69736 11.4026
      vertex 2.16368 2.65282 11.3148
      vertex 2.16847 2.69189 11.4047
    endloop
  endfacet
  facet normal -0.945714 0.322374 -0.0412339
    outer loop
      vertex 2.15684 2.66803 11.4312
      vertex 2.12901 2.58163 11.394
      vertex 2.15594 2.66617 11.4373
    endloop
  endfacet
  facet normal -0.945486 0.322892 -0.0423877
    outer loop
      vertex 2.12901 2.58163 11.394
      vertex 2.12631 2.5761 11.4121
      vertex 2.15594 2.66617 11.4373
    endloop
  endfacet
  facet normal -0.997847 0.060525 -0.0252418
    outer loop
      vertex 2.10077 2.37993 11.4067
      vertex 2.09952 2.37738 11.45
      vertex 2.10546 2.47531 11.45
    endloop
  endfacet
  facet normal -0.996983 -0.0702961 -0.0329211
    outer loop
      vertex 2.10077 2.37993 11.4067
      vertex 2.10642 2.27952 11.45
      vertex 2.09952 2.37738 11.45
    endloop
  endfacet
  facet normal -0.945486 0.322892 0.0423877
    outer loop
      vertex 2.15594 2.66617 11.4627
      vertex 2.12631 2.5761 11.4879
      vertex 2.12901 2.58163 11.506
    endloop
  endfacet
  facet normal -0.94274 0.328546 0.0574364
    outer loop
      vertex 2.15809 2.67058 11.4745
      vertex 2.12901 2.58163 11.506
      vertex 2.13271 2.58924 11.5232
    endloop
  endfacet
  facet normal -0.947416 0.318945 0.0260096
    outer loop
      vertex 2.15539 2.66505 11.4564
      vertex 2.12631 2.5761 11.4879
      vertex 2.15594 2.66617 11.4627
    endloop
  endfacet
  facet normal -0.981574 0.190326 0.0170051
    outer loop
      vertex 2.12413 2.57162 11.45
      vertex 2.10636 2.47716 11.4815
      vertex 2.12468 2.57275 11.4691
    endloop
  endfacet
  facet normal -0.942898 0.269783 0.195349
    outer loop
      vertex 2.14289 2.61015 11.5535
      vertex 2.14676 2.5601 11.6413
      vertex 2.1492 2.62308 11.5661
    endloop
  endfacet
  facet normal -0.962607 0.229299 0.144255
    outer loop
      vertex 2.13271 2.58924 11.5232
      vertex 2.12727 2.5201 11.5968
      vertex 2.13737 2.5988 11.5391
    endloop
  endfacet
  facet normal -0.879987 0.457378 0.128172
    outer loop
      vertex 2.20478 2.73721 11.5913
      vertex 2.17949 2.71453 11.4986
      vertex 2.19656 2.72033 11.5951
    endloop
  endfacet
  facet normal -0.88716 0.442595 0.130599
    outer loop
      vertex 2.17949 2.71453 11.4986
      vertex 2.17669 2.70877 11.4991
      vertex 2.1882 2.70316 11.5963
    endloop
  endfacet
  facet normal -0.916278 0.382843 0.117758
    outer loop
      vertex 2.16595 2.68672 11.4925
      vertex 2.15616 2.63739 11.5767
      vertex 2.16847 2.69189 11.4953
    endloop
  endfacet
  facet normal -0.916634 0.382148 0.11724
    outer loop
      vertex 2.16847 2.69189 11.4953
      vertex 2.15616 2.63739 11.5767
      vertex 2.16368 2.65282 11.5852
    endloop
  endfacet
  facet normal -0.918589 0.319664 0.232397
    outer loop
      vertex 2.15616 2.63739 11.5767
      vertex 2.15824 2.58368 11.6588
      vertex 2.16368 2.65282 11.5852
    endloop
  endfacet
  facet normal -0.875426 0.408144 0.258937
    outer loop
      vertex 2.17984 2.68599 11.5951
      vertex 2.19725 2.66376 11.689
      vertex 2.1882 2.70316 11.5963
    endloop
  endfacet
  facet normal -0.895476 0.425519 0.130598
    outer loop
      vertex 2.17669 2.70877 11.4991
      vertex 2.17388 2.70301 11.4986
      vertex 2.1882 2.70316 11.5963
    endloop
  endfacet
  facet normal 0.610377 0.380095 0.694959
    outer loop
      vertex 3.28615 2.72696 11.9522
      vertex 3.25557 2.66417 12.0134
      vertex 3.35601 2.66341 11.9256
    endloop
  endfacet
  facet normal 0.610024 0.381417 0.694544
    outer loop
      vertex 3.25557 2.66417 12.0134
      vertex 3.32705 2.60393 11.9837
      vertex 3.35601 2.66341 11.9256
    endloop
  endfacet
  facet normal 0.764256 0.429352 0.481217
    outer loop
      vertex 3.40282 2.75951 11.7863
      vertex 3.38142 2.71556 11.8595
      vertex 3.4606 2.68412 11.7618
    endloop
  endfacet
  facet normal 0.789007 0.480134 0.383328
    outer loop
      vertex 3.40282 2.75951 11.7863
      vertex 3.4606 2.68412 11.7618
      vertex 3.41986 2.7945 11.7074
    endloop
  endfacet
  facet normal -0.510599 -0.460961 -0.725812
    outer loop
      vertex 2.49902 1.99561 10.9122
      vertex 2.4902 1.97751 10.9299
      vertex 2.47948 2.00513 10.9199
    endloop
  endfacet
  facet normal 0.763874 -0.408092 0.499957
    outer loop
      vertex 3.45425 2.0865 11.7817
      vertex 3.38633 2.05909 11.8631
      vertex 3.43529 2.04758 11.7789
    endloop
  endfacet
  facet normal 0.763714 -0.408879 0.499559
    outer loop
      vertex 3.41015 2.10798 11.8667
      vertex 3.38633 2.05909 11.8631
      vertex 3.45425 2.0865 11.7817
    endloop
  endfacet
  facet normal 0.595761 -0.753205 0.27884
    outer loop
      vertex 3.33901 1.84991 11.6519
      vertex 3.25213 1.78356 11.6583
      vertex 3.32845 1.82823 11.6159
    endloop
  endfacet
  facet normal 0.581422 -0.782759 0.221893
    outer loop
      vertex 3.25213 1.78356 11.6583
      vertex 3.24158 1.76189 11.6095
      vertex 3.32845 1.82823 11.6159
    endloop
  endfacet
  facet normal 0.21726 -0.942127 0.255334
    outer loop
      vertex 2.97183 1.68063 11.6886
      vertex 2.96035 1.65706 11.6114
      vertex 3.06597 1.69616 11.6658
    endloop
  endfacet
  facet normal 0.234572 -0.906482 0.351093
    outer loop
      vertex 2.98763 1.71307 11.7618
      vertex 2.97183 1.68063 11.6886
      vertex 3.06597 1.69616 11.6658
    endloop
  endfacet
  facet normal 0.894967 -0.42664 0.13043
    outer loop
      vertex 3.51919 2.07611 11.5951
      vertex 3.51083 2.05894 11.5963
      vertex 3.52514 2.05909 11.4986
    endloop
  endfacet
  facet normal 0.953667 -0.247605 -0.170913
    outer loop
      vertex 3.57175 2.24201 11.3032
      vertex 3.55613 2.15196 11.3465
      vertex 3.56265 2.22332 11.2795
    endloop
  endfacet
  facet normal 0.875417 -0.408137 -0.258977
    outer loop
      vertex 3.51919 2.07611 11.3049
      vertex 3.51083 2.05894 11.3037
      vertex 3.50178 2.09835 11.211
    endloop
  endfacet
  facet normal 0.904913 -0.347748 -0.245363
    outer loop
      vertex 3.5284 2.153 11.2273
      vertex 3.52741 2.09299 11.3087
      vertex 3.51532 2.12616 11.2171
    endloop
  endfacet
  facet normal 0.956676 -0.145029 -0.252463
    outer loop
      vertex 3.56949 2.3231 11.2481
      vertex 3.56265 2.22332 11.2795
      vertex 3.55696 2.29737 11.2154
    endloop
  endfacet
  facet normal 0.848356 -0.522309 -0.086524
    outer loop
      vertex 3.5053 2.01835 11.4201
      vertex 3.46552 1.96593 11.3465
      vertex 3.50715 2.02215 11.4153
    endloop
  endfacet
  facet normal 0.793349 -0.576711 0.19494
    outer loop
      vertex 3.42373 1.93812 11.6413
      vertex 3.41335 1.91681 11.6205
      vertex 3.46552 1.96593 11.5535
    endloop
  endfacet
  facet normal 0.581585 -0.782887 0.221013
    outer loop
      vertex 3.32845 1.82823 11.6159
      vertex 3.24158 1.76189 11.6095
      vertex 3.32005 1.81098 11.5769
    endloop
  endfacet
  facet normal 0.76074 -0.643707 0.08316
    outer loop
      vertex 3.39047 1.86982 11.5423
      vertex 3.38603 1.86071 11.5124
      vertex 3.45163 1.93741 11.506
    endloop
  endfacet
  facet normal 0.662787 -0.748387 0.0250931
    outer loop
      vertex 3.31023 1.79083 11.4933
      vertex 3.30899 1.78828 11.45
      vertex 3.38243 1.85332 11.45
    endloop
  endfacet
  facet normal 0.357108 -0.880171 -0.312685
    outer loop
      vertex 3.1564 1.7234 11.2608
      vertex 3.06597 1.69616 11.2342
      vertex 3.16892 1.74912 11.2027
    endloop
  endfacet
  facet normal 0.472994 -0.83886 -0.269425
    outer loop
      vertex 3.24158 1.76189 11.2905
      vertex 3.1564 1.7234 11.2608
      vertex 3.16892 1.74912 11.2027
    endloop
  endfacet
  facet normal 0.766434 -0.631953 -0.114957
    outer loop
      vertex 3.45534 1.94502 11.3768
      vertex 3.39047 1.86982 11.3577
      vertex 3.39658 1.88236 11.3295
    endloop
  endfacet
  facet normal 0.679941 -0.713318 -0.169878
    outer loop
      vertex 3.39047 1.86982 11.3577
      vertex 3.32845 1.82823 11.2841
      vertex 3.39658 1.88236 11.3295
    endloop
  endfacet
  facet normal 0.839882 -0.539702 -0.0576261
    outer loop
      vertex 3.50374 2.01514 11.4255
      vertex 3.45163 1.93741 11.394
      vertex 3.45534 1.94502 11.3768
    endloop
  endfacet
  facet normal 0.766412 -0.632089 -0.114349
    outer loop
      vertex 3.45163 1.93741 11.394
      vertex 3.39047 1.86982 11.3577
      vertex 3.45534 1.94502 11.3768
    endloop
  endfacet
  facet normal 0.97012 -0.213829 -0.114646
    outer loop
      vertex 3.57002 2.18047 11.394
      vertex 3.56631 2.17286 11.3768
      vertex 3.58553 2.2703 11.3577
    endloop
  endfacet
  facet normal 0.78291 -0.598216 -0.170851
    outer loop
      vertex 3.45999 1.95458 11.3609
      vertex 3.40425 1.89811 11.3032
      vertex 3.46552 1.96593 11.3465
    endloop
  endfacet
  facet normal 0.719576 -0.63179 -0.288185
    outer loop
      vertex 3.41335 1.91681 11.2795
      vertex 3.36582 1.90496 11.1868
      vertex 3.42373 1.93812 11.2587
    endloop
  endfacet
  facet normal 0.73703 -0.595968 -0.318762
    outer loop
      vertex 3.43522 1.96169 11.2412
      vertex 3.36582 1.90496 11.1868
      vertex 3.38162 1.93739 11.1627
    endloop
  endfacet
  facet normal 0.831614 -0.49828 0.245227
    outer loop
      vertex 3.46068 2.01397 11.6829
      vertex 3.4476 1.98712 11.6727
      vertex 3.49424 2.0249 11.5913
    endloop
  endfacet
  facet normal 0.942653 -0.328715 -0.0578908
    outer loop
      vertex 3.57002 2.18047 11.394
      vertex 3.54094 2.09153 11.4255
      vertex 3.56631 2.17286 11.3768
    endloop
  endfacet
  facet normal 0.68122 -0.578168 0.449067
    outer loop
      vertex 3.39866 1.97238 11.7565
      vertex 3.31892 1.92068 11.8109
      vertex 3.38162 1.93739 11.7373
    endloop
  endfacet
  facet normal 0.656372 -0.62917 0.416319
    outer loop
      vertex 3.38162 1.93739 11.7373
      vertex 3.31892 1.92068 11.8109
      vertex 3.36582 1.90496 11.7132
    endloop
  endfacet
  facet normal 0.719656 -0.631741 0.288095
    outer loop
      vertex 3.42373 1.93812 11.6413
      vertex 3.35154 1.87563 11.6846
      vertex 3.41335 1.91681 11.6205
    endloop
  endfacet
  facet normal 0.703831 -0.663961 0.252541
    outer loop
      vertex 3.35154 1.87563 11.6846
      vertex 3.33901 1.84991 11.6519
      vertex 3.40425 1.89811 11.5968
    endloop
  endfacet
  facet normal 0.928579 -0.357647 0.0991429
    outer loop
      vertex 3.54983 2.13902 11.5661
      vertex 3.53541 2.08018 11.4889
      vertex 3.53753 2.08452 11.4847
    endloop
  endfacet
  facet normal 0.981589 -0.190247 0.0170102
    outer loop
      vertex 3.59266 2.28494 11.4815
      vertex 3.57435 2.18936 11.4691
      vertex 3.5749 2.19049 11.45
    endloop
  endfacet
  facet normal 0.845616 -0.469316 0.254315
    outer loop
      vertex 3.47422 2.04177 11.689
      vertex 3.49424 2.0249 11.5913
      vertex 3.50246 2.04177 11.5951
    endloop
  endfacet
  facet normal 0.904913 -0.347748 0.245363
    outer loop
      vertex 3.51532 2.12616 11.6829
      vertex 3.52741 2.09299 11.5913
      vertex 3.5284 2.153 11.6727
    endloop
  endfacet
  facet normal 0.875417 -0.408137 0.258977
    outer loop
      vertex 3.50178 2.09835 11.689
      vertex 3.51083 2.05894 11.5963
      vertex 3.51919 2.07611 11.5951
    endloop
  endfacet
  facet normal 0.900058 -0.128833 0.41629
    outer loop
      vertex 3.50138 2.29528 11.8109
      vertex 3.52688 2.23561 11.7373
      vertex 3.54267 2.26805 11.7132
    endloop
  endfacet
  facet normal 0.923535 -0.213048 0.318894
    outer loop
      vertex 3.54267 2.26805 11.7132
      vertex 3.54078 2.17843 11.6588
      vertex 3.55226 2.202 11.6413
    endloop
  endfacet
  facet normal 0.994988 -0.0663665 -0.0747971
    outer loop
      vertex 3.59826 2.38217 11.4067
      vertex 3.58997 2.27941 11.3876
      vertex 3.59455 2.37456 11.3641
    endloop
  endfacet
  facet normal 0.989292 -0.0780736 -0.123308
    outer loop
      vertex 3.59455 2.37456 11.3641
      vertex 3.58997 2.27941 11.3876
      vertex 3.58845 2.36202 11.3231
    endloop
  endfacet
  facet normal 0.931215 -0.293728 0.215785
    outer loop
      vertex 3.54078 2.17843 11.6588
      vertex 3.54286 2.12471 11.5767
      vertex 3.54983 2.13902 11.5661
    endloop
  endfacet
  facet normal 0.918777 -0.319276 0.232187
    outer loop
      vertex 3.54078 2.17843 11.6588
      vertex 3.53535 2.10928 11.5852
      vertex 3.54286 2.12471 11.5767
    endloop
  endfacet
  facet normal 0.923059 -0.368915 0.10892
    outer loop
      vertex 3.54286 2.12471 11.5767
      vertex 3.53308 2.07538 11.4925
      vertex 3.54983 2.13902 11.5661
    endloop
  endfacet
  facet normal 0.916824 -0.381748 0.117056
    outer loop
      vertex 3.53535 2.10928 11.5852
      vertex 3.53056 2.07021 11.4953
      vertex 3.54286 2.12471 11.5767
    endloop
  endfacet
  facet normal 0.980795 -0.0956716 0.169962
    outer loop
      vertex 3.58004 2.34477 11.6159
      vertex 3.57942 2.25776 11.5705
      vertex 3.58553 2.2703 11.5423
    endloop
  endfacet
  facet normal 0.969857 -0.117881 0.213264
    outer loop
      vertex 3.56949 2.3231 11.6519
      vertex 3.57175 2.24201 11.5968
      vertex 3.58004 2.34477 11.6159
    endloop
  endfacet
  facet normal -0.77372 0.616982 -0.143842
    outer loop
      vertex 2.29478 2.86399 11.3032
      vertex 2.24369 2.81708 11.3768
      vertex 2.30245 2.87974 11.3295
    endloop
  endfacet
  facet normal -0.766434 0.631953 -0.114957
    outer loop
      vertex 2.30245 2.87974 11.3295
      vertex 2.24369 2.81708 11.3768
      vertex 2.30856 2.89228 11.3577
    endloop
  endfacet
  facet normal -0.843394 0.532465 -0.0718878
    outer loop
      vertex 2.23903 2.80752 11.3609
      vertex 2.19373 2.74376 11.4201
      vertex 2.19529 2.74696 11.4255
    endloop
  endfacet
  facet normal -0.848249 0.522516 -0.086319
    outer loop
      vertex 2.23351 2.79618 11.3465
      vertex 2.19373 2.74376 11.4201
      vertex 2.23903 2.80752 11.3609
    endloop
  endfacet
  facet normal -0.66565 0.742504 -0.0748251
    outer loop
      vertex 2.38509 2.96366 11.3641
      vertex 2.313 2.9014 11.3876
      vertex 2.38879 2.97127 11.4067
    endloop
  endfacet
  facet normal -0.671368 0.730769 -0.123458
    outer loop
      vertex 2.37898 2.95112 11.3231
      vertex 2.313 2.9014 11.3876
      vertex 2.38509 2.96366 11.3641
    endloop
  endfacet
  facet normal -0.834182 0.551432 0.00797653
    outer loop
      vertex 2.19817 2.75287 11.45
      vertex 2.19798 2.75249 11.4564
      vertex 2.25227 2.83471 11.45
    endloop
  endfacet
  facet normal -0.834155 0.551464 0.00860569
    outer loop
      vertex 2.25227 2.83471 11.45
      vertex 2.19798 2.75249 11.4564
      vertex 2.25172 2.83358 11.4691
    endloop
  endfacet
  facet normal -0.837197 0.545229 0.0427293
    outer loop
      vertex 2.19743 2.75137 11.4627
      vertex 2.19653 2.74951 11.4688
      vertex 2.24739 2.82469 11.506
    endloop
  endfacet
  facet normal -0.836992 0.545613 0.0418431
    outer loop
      vertex 2.25009 2.83022 11.4879
      vertex 2.19743 2.75137 11.4627
      vertex 2.24739 2.82469 11.506
    endloop
  endfacet
  facet normal -0.859706 0.49899 0.10915
    outer loop
      vertex 2.2272 2.78324 11.5661
      vertex 2.18743 2.73082 11.4925
      vertex 2.22024 2.76893 11.5767
    endloop
  endfacet
  facet normal -0.805561 0.551761 0.215942
    outer loop
      vertex 2.2272 2.78324 11.5661
      vertex 2.22024 2.76893 11.5767
      vertex 2.26381 2.80041 11.6588
    endloop
  endfacet
  facet normal -0.793445 0.576556 0.19501
    outer loop
      vertex 2.28567 2.8453 11.6205
      vertex 2.23351 2.79618 11.5535
      vertex 2.27529 2.82398 11.6413
    endloop
  endfacet
  facet normal -0.71967 0.631638 0.288286
    outer loop
      vertex 2.28567 2.8453 11.6205
      vertex 2.27529 2.82398 11.6413
      vertex 2.34749 2.88648 11.6846
    endloop
  endfacet
  facet normal -0.872859 0.472 0.123827
    outer loop
      vertex 2.18491 2.72565 11.4953
      vertex 2.18225 2.72018 11.4974
      vertex 2.20478 2.73721 11.5913
    endloop
  endfacet
  facet normal -0.831884 0.497529 0.245833
    outer loop
      vertex 2.21272 2.7535 11.5852
      vertex 2.20478 2.73721 11.5913
      vertex 2.25143 2.77499 11.6727
    endloop
  endfacet
  facet normal -0.894959 0.42663 -0.13052
    outer loop
      vertex 2.1882 2.70316 11.3037
      vertex 2.17984 2.68599 11.3049
      vertex 2.17388 2.70301 11.4014
    endloop
  endfacet
  facet normal -0.902608 0.410904 -0.128287
    outer loop
      vertex 2.17984 2.68599 11.3049
      vertex 2.17162 2.66912 11.3087
      vertex 2.17113 2.69736 11.4026
    endloop
  endfacet
  facet normal -0.923232 0.368567 -0.108632
    outer loop
      vertex 2.15616 2.63739 11.3233
      vertex 2.1492 2.62308 11.3339
      vertex 2.16361 2.68193 11.4111
    endloop
  endfacet
  facet normal -0.928855 0.357028 -0.0987862
    outer loop
      vertex 2.1492 2.62308 11.3339
      vertex 2.14289 2.61015 11.3465
      vertex 2.16361 2.68193 11.4111
    endloop
  endfacet
  facet normal -0.942409 0.329141 -0.0594217
    outer loop
      vertex 2.15809 2.67058 11.4255
      vertex 2.12901 2.58163 11.394
      vertex 2.15684 2.66803 11.4312
    endloop
  endfacet
  facet normal -0.953767 0.247456 0.170567
    outer loop
      vertex 2.13737 2.5988 11.5391
      vertex 2.12727 2.5201 11.5968
      vertex 2.14289 2.61015 11.5535
    endloop
  endfacet
  facet normal -0.899027 0.437893 0.000689942
    outer loop
      vertex 2.15521 2.66467 11.45
      vertex 2.19817 2.75287 11.45
      vertex 2.19798 2.75249 11.4436
    endloop
  endfacet
  facet normal -0.899026 0.437895 0.00063844
    outer loop
      vertex 2.15539 2.66505 11.4436
      vertex 2.19798 2.75249 11.4436
      vertex 2.19743 2.75137 11.4373
    endloop
  endfacet
  facet normal -0.899027 0.437893 -0.000689942
    outer loop
      vertex 2.19817 2.75287 11.45
      vertex 2.15521 2.66467 11.45
      vertex 2.19798 2.75249 11.4564
    endloop
  endfacet
  facet normal -0.899063 0.437818 -0.000850072
    outer loop
      vertex 2.15594 2.66617 11.4373
      vertex 2.19743 2.75137 11.4373
      vertex 2.19653 2.74951 11.4312
    endloop
  endfacet
  facet normal -0.899026 0.437895 -0.000714895
    outer loop
      vertex 2.15539 2.66505 11.4564
      vertex 2.19798 2.75249 11.4564
      vertex 2.15521 2.66467 11.45
    endloop
  endfacet
  facet normal -0.899013 0.437921 -0.000337394
    outer loop
      vertex 2.15684 2.66803 11.4312
      vertex 2.19653 2.74951 11.4312
      vertex 2.19529 2.74696 11.4255
    endloop
  endfacet
  facet normal -0.899026 0.437895 -0.00063844
    outer loop
      vertex 2.19798 2.75249 11.4564
      vertex 2.15539 2.66505 11.4564
      vertex 2.19743 2.75137 11.4627
    endloop
  endfacet
  facet normal -0.89904 0.437867 0.000245875
    outer loop
      vertex 2.15809 2.67058 11.4255
      vertex 2.19529 2.74696 11.4255
      vertex 2.19373 2.74376 11.4201
    endloop
  endfacet
  facet normal -0.899063 0.437818 0.000655253
    outer loop
      vertex 2.15594 2.66617 11.4627
      vertex 2.19743 2.75137 11.4627
      vertex 2.15539 2.66505 11.4564
    endloop
  endfacet
  facet normal -0.899075 0.437794 -0.000980225
    outer loop
      vertex 2.15809 2.67058 11.4255
      vertex 2.19373 2.74376 11.4201
      vertex 2.19188 2.73995 11.4153
    endloop
  endfacet
  facet normal -0.899063 0.437818 0.000850072
    outer loop
      vertex 2.19743 2.75137 11.4627
      vertex 2.15594 2.66617 11.4627
      vertex 2.19653 2.74951 11.4688
    endloop
  endfacet
  facet normal -0.8989 0.438149 0.00201926
    outer loop
      vertex 2.15809 2.67058 11.4255
      vertex 2.19188 2.73995 11.4153
      vertex 2.18976 2.73562 11.4111
    endloop
  endfacet
  facet normal -0.899013 0.437921 -0.000888833
    outer loop
      vertex 2.15684 2.66803 11.4688
      vertex 2.19653 2.74951 11.4688
      vertex 2.15594 2.66617 11.4627
    endloop
  endfacet
  facet normal -0.899199 0.437538 -0.00140189
    outer loop
      vertex 2.15809 2.67058 11.4255
      vertex 2.18976 2.73562 11.4111
      vertex 2.18743 2.73082 11.4075
    endloop
  endfacet
  facet normal -0.899013 0.437921 0.000337394
    outer loop
      vertex 2.19653 2.74951 11.4688
      vertex 2.15684 2.66803 11.4688
      vertex 2.19529 2.74696 11.4745
    endloop
  endfacet
  facet normal -0.898988 0.437974 0.000401867
    outer loop
      vertex 2.15809 2.67058 11.4255
      vertex 2.18743 2.73082 11.4075
      vertex 2.18491 2.72565 11.4047
    endloop
  endfacet
  facet normal -0.899026 0.437895 0.000714895
    outer loop
      vertex 2.19798 2.75249 11.4436
      vertex 2.15539 2.66505 11.4436
      vertex 2.15521 2.66467 11.45
    endloop
  endfacet
  facet normal -0.899175 0.437589 -0.000859108
    outer loop
      vertex 2.15809 2.67058 11.4255
      vertex 2.18491 2.72565 11.4047
      vertex 2.18225 2.72018 11.4026
    endloop
  endfacet
  facet normal -0.899039 0.437867 0.00126999
    outer loop
      vertex 2.15809 2.67058 11.4745
      vertex 2.19529 2.74696 11.4745
      vertex 2.15684 2.66803 11.4688
    endloop
  endfacet
  facet normal -0.898678 0.438604 0.00186486
    outer loop
      vertex 2.15809 2.67058 11.4255
      vertex 2.18225 2.72018 11.4026
      vertex 2.17949 2.71453 11.4014
    endloop
  endfacet
  facet normal -0.89904 0.437867 -0.000245875
    outer loop
      vertex 2.19529 2.74696 11.4745
      vertex 2.15809 2.67058 11.4745
      vertex 2.19373 2.74376 11.4799
    endloop
  endfacet
  facet normal -0.899328 0.437273 -0.001141
    outer loop
      vertex 2.15809 2.67058 11.4255
      vertex 2.17949 2.71453 11.4014
      vertex 2.17669 2.70877 11.4009
    endloop
  endfacet
  facet normal -0.899075 0.437794 0.000980225
    outer loop
      vertex 2.19373 2.74376 11.4799
      vertex 2.15809 2.67058 11.4745
      vertex 2.19188 2.73995 11.4847
    endloop
  endfacet
  facet normal -0.898708 0.438545 0.00130407
    outer loop
      vertex 2.15809 2.67058 11.4255
      vertex 2.17669 2.70877 11.4009
      vertex 2.17388 2.70301 11.4014
    endloop
  endfacet
  facet normal -0.8989 0.438149 -0.00201926
    outer loop
      vertex 2.19188 2.73995 11.4847
      vertex 2.15809 2.67058 11.4745
      vertex 2.18976 2.73562 11.4889
    endloop
  endfacet
  facet normal -0.899174 0.43759 -0.000286629
    outer loop
      vertex 2.15809 2.67058 11.4255
      vertex 2.17388 2.70301 11.4014
      vertex 2.17113 2.69736 11.4026
    endloop
  endfacet
  facet normal -0.899199 0.437538 0.00140189
    outer loop
      vertex 2.18976 2.73562 11.4889
      vertex 2.15809 2.67058 11.4745
      vertex 2.18743 2.73082 11.4925
    endloop
  endfacet
  facet normal -0.899489 0.436941 -0.00122495
    outer loop
      vertex 2.15809 2.67058 11.4255
      vertex 2.17113 2.69736 11.4026
      vertex 2.16847 2.69189 11.4047
    endloop
  endfacet
  facet normal -0.898988 0.437974 -0.000401867
    outer loop
      vertex 2.18743 2.73082 11.4925
      vertex 2.15809 2.67058 11.4745
      vertex 2.18491 2.72565 11.4953
    endloop
  endfacet
  facet normal -0.898755 0.43845 0.000687191
    outer loop
      vertex 2.15809 2.67058 11.4255
      vertex 2.16847 2.69189 11.4047
      vertex 2.16595 2.68672 11.4075
    endloop
  endfacet
  facet normal -0.899063 0.437818 -0.000655253
    outer loop
      vertex 2.19743 2.75137 11.4373
      vertex 2.15594 2.66617 11.4373
      vertex 2.15539 2.66505 11.4436
    endloop
  endfacet
  facet normal -0.897388 0.441226 0.00377263
    outer loop
      vertex 2.15809 2.67058 11.4255
      vertex 2.16595 2.68672 11.4075
      vertex 2.16361 2.68193 11.4111
    endloop
  endfacet
  facet normal -0.898678 0.438604 -0.00186486
    outer loop
      vertex 2.18225 2.72018 11.4974
      vertex 2.15809 2.67058 11.4745
      vertex 2.17949 2.71453 11.4986
    endloop
  endfacet
  facet normal -0.898627 0.438709 0.00187912
    outer loop
      vertex 2.15965 2.67378 11.4201
      vertex 2.16361 2.68193 11.4111
      vertex 2.1615 2.67759 11.4153
    endloop
  endfacet
  facet normal -0.90052 0.434807 -0.00248664
    outer loop
      vertex 2.15809 2.67058 11.4255
      vertex 2.16361 2.68193 11.4111
      vertex 2.15965 2.67378 11.4201
    endloop
  endfacet
  facet normal -0.899039 0.437867 -0.00126999
    outer loop
      vertex 2.19529 2.74696 11.4255
      vertex 2.15809 2.67058 11.4255
      vertex 2.15684 2.66803 11.4312
    endloop
  endfacet
  facet normal -0.898627 0.438709 -0.00187912
    outer loop
      vertex 2.16361 2.68193 11.4889
      vertex 2.15965 2.67378 11.4799
      vertex 2.1615 2.67759 11.4847
    endloop
  endfacet
  facet normal -0.899013 0.437921 0.000888833
    outer loop
      vertex 2.19653 2.74951 11.4312
      vertex 2.15684 2.66803 11.4312
      vertex 2.15594 2.66617 11.4373
    endloop
  endfacet
  facet normal -0.90052 0.434807 0.00248664
    outer loop
      vertex 2.16361 2.68193 11.4889
      vertex 2.15809 2.67058 11.4745
      vertex 2.15965 2.67378 11.4799
    endloop
  endfacet
  facet normal -0.899328 0.437273 0.001141
    outer loop
      vertex 2.17949 2.71453 11.4986
      vertex 2.15809 2.67058 11.4745
      vertex 2.17669 2.70877 11.4991
    endloop
  endfacet
  facet normal -0.897388 0.441226 -0.00377263
    outer loop
      vertex 2.16595 2.68672 11.4925
      vertex 2.15809 2.67058 11.4745
      vertex 2.16361 2.68193 11.4889
    endloop
  endfacet
  facet normal -0.899489 0.436941 0.00122495
    outer loop
      vertex 2.17113 2.69736 11.4974
      vertex 2.15809 2.67058 11.4745
      vertex 2.16847 2.69189 11.4953
    endloop
  endfacet
  facet normal -0.898755 0.43845 -0.000687191
    outer loop
      vertex 2.16847 2.69189 11.4953
      vertex 2.15809 2.67058 11.4745
      vertex 2.16595 2.68672 11.4925
    endloop
  endfacet
  facet normal -0.899174 0.43759 0.000286629
    outer loop
      vertex 2.17388 2.70301 11.4986
      vertex 2.15809 2.67058 11.4745
      vertex 2.17113 2.69736 11.4974
    endloop
  endfacet
  facet normal -0.898708 0.438545 -0.00130407
    outer loop
      vertex 2.17669 2.70877 11.4991
      vertex 2.15809 2.67058 11.4745
      vertex 2.17388 2.70301 11.4986
    endloop
  endfacet
  facet normal -0.899175 0.437589 0.000859108
    outer loop
      vertex 2.18491 2.72565 11.4953
      vertex 2.15809 2.67058 11.4745
      vertex 2.18225 2.72018 11.4974
    endloop
  endfacet
  facet normal -0.93448 0.345498 0.0858974
    outer loop
      vertex 2.1615 2.67759 11.4847
      vertex 2.13737 2.5988 11.5391
      vertex 2.14289 2.61015 11.5535
    endloop
  endfacet
  facet normal -0.934474 0.345509 0.0859146
    outer loop
      vertex 2.15965 2.67378 11.4799
      vertex 2.13737 2.5988 11.5391
      vertex 2.1615 2.67759 11.4847
    endloop
  endfacet
  facet normal -0.923227 0.368589 0.1086
    outer loop
      vertex 2.16595 2.68672 11.4925
      vertex 2.1492 2.62308 11.5661
      vertex 2.15616 2.63739 11.5767
    endloop
  endfacet
  facet normal -0.923019 0.368993 0.108997
    outer loop
      vertex 2.16361 2.68193 11.4889
      vertex 2.1492 2.62308 11.5661
      vertex 2.16595 2.68672 11.4925
    endloop
  endfacet
  facet normal -0.88778 0.441377 0.130512
    outer loop
      vertex 2.17949 2.71453 11.4986
      vertex 2.1882 2.70316 11.5963
      vertex 2.19656 2.72033 11.5951
    endloop
  endfacet
  facet normal -0.861143 0.437393 0.259076
    outer loop
      vertex 2.19656 2.72033 11.5951
      vertex 2.1882 2.70316 11.5963
      vertex 2.22481 2.72033 11.689
    endloop
  endfacet
  facet normal -0.910246 0.39519 0.123602
    outer loop
      vertex 2.16847 2.69189 11.4953
      vertex 2.17162 2.66912 11.5913
      vertex 2.17113 2.69736 11.4974
    endloop
  endfacet
  facet normal -0.90261 0.410919 0.128222
    outer loop
      vertex 2.17388 2.70301 11.4986
      vertex 2.17162 2.66912 11.5913
      vertex 2.17984 2.68599 11.5951
    endloop
  endfacet
  facet normal -0.890727 0.376722 0.254335
    outer loop
      vertex 2.17984 2.68599 11.5951
      vertex 2.17162 2.66912 11.5913
      vertex 2.19725 2.66376 11.689
    endloop
  endfacet
  facet normal 0.962748 -0.228919 -0.143919
    outer loop
      vertex 3.56631 2.17286 11.3768
      vertex 3.56166 2.1633 11.3609
      vertex 3.57175 2.24201 11.3032
    endloop
  endfacet
  facet normal 0.943112 -0.269272 -0.195018
    outer loop
      vertex 3.55613 2.15196 11.3465
      vertex 3.54983 2.13902 11.3339
      vertex 3.56265 2.22332 11.2795
    endloop
  endfacet
  facet normal 0.84819 -0.52263 -0.0862056
    outer loop
      vertex 3.5053 2.01835 11.4201
      vertex 3.45999 1.95458 11.3609
      vertex 3.46552 1.96593 11.3465
    endloop
  endfacet
  facet normal 0.923762 -0.367432 -0.10797
    outer loop
      vertex 3.53541 2.08018 11.4111
      vertex 3.53308 2.07538 11.4075
      vertex 3.54286 2.12471 11.3233
    endloop
  endfacet
  facet normal 0.832137 -0.496952 -0.246143
    outer loop
      vertex 3.48631 2.0086 11.3148
      vertex 3.4476 1.98712 11.2273
      vertex 3.49424 2.0249 11.3087
    endloop
  endfacet
  facet normal 0.863216 -0.336775 -0.376085
    outer loop
      vertex 3.51532 2.12616 11.2171
      vertex 3.47321 2.12543 11.1211
      vertex 3.49184 2.16369 11.1296
    endloop
  endfacet
  facet normal 0.884482 -0.293069 -0.363046
    outer loop
      vertex 3.5284 2.153 11.2273
      vertex 3.51532 2.12616 11.2171
      vertex 3.49184 2.16369 11.1296
    endloop
  endfacet
  facet normal 0.969857 -0.117881 -0.213264
    outer loop
      vertex 3.58004 2.34477 11.2841
      vertex 3.57175 2.24201 11.3032
      vertex 3.56949 2.3231 11.2481
    endloop
  endfacet
  facet normal 0.980795 -0.0956716 -0.169962
    outer loop
      vertex 3.58553 2.2703 11.3577
      vertex 3.57942 2.25776 11.3295
      vertex 3.58004 2.34477 11.2841
    endloop
  endfacet
  facet normal 0.665634 -0.742506 -0.0749354
    outer loop
      vertex 3.38334 1.85518 11.4185
      vertex 3.31023 1.79083 11.4067
      vertex 3.38603 1.86071 11.3876
    endloop
  endfacet
  facet normal 0.756883 -0.651579 -0.050719
    outer loop
      vertex 3.44894 1.93188 11.4121
      vertex 3.38334 1.85518 11.4185
      vertex 3.38603 1.86071 11.3876
    endloop
  endfacet
  facet normal 0.704274 -0.663329 0.252969
    outer loop
      vertex 3.41335 1.91681 11.6205
      vertex 3.35154 1.87563 11.6846
      vertex 3.40425 1.89811 11.5968
    endloop
  endfacet
  facet normal 0.78297 -0.598029 0.171229
    outer loop
      vertex 3.41335 1.91681 11.6205
      vertex 3.40425 1.89811 11.5968
      vertex 3.46552 1.96593 11.5535
    endloop
  endfacet
  facet normal 0.843605 -0.53204 -0.07256
    outer loop
      vertex 3.50374 2.01514 11.4255
      vertex 3.45999 1.95458 11.3609
      vertex 3.5053 2.01835 11.4201
    endloop
  endfacet
  facet normal 0.890803 -0.376534 -0.254345
    outer loop
      vertex 3.52741 2.09299 11.3087
      vertex 3.51919 2.07611 11.3049
      vertex 3.50178 2.09835 11.211
    endloop
  endfacet
  facet normal 0.756479 -0.556274 -0.343945
    outer loop
      vertex 3.43522 1.96169 11.2412
      vertex 3.39866 1.97238 11.1435
      vertex 3.4476 1.98712 11.2273
    endloop
  endfacet
  facet normal 0.776644 -0.514827 -0.363012
    outer loop
      vertex 3.4476 1.98712 11.2273
      vertex 3.39866 1.97238 11.1435
      vertex 3.41665 2.00932 11.1296
    endloop
  endfacet
  facet normal 0.879856 -0.457605 -0.128259
    outer loop
      vertex 3.51678 2.04192 11.4026
      vertex 3.49424 2.0249 11.3087
      vertex 3.50246 2.04177 11.3049
    endloop
  endfacet
  facet normal 0.805396 -0.552086 -0.21573
    outer loop
      vertex 3.47182 1.97886 11.3339
      vertex 3.43522 1.96169 11.2412
      vertex 3.47879 1.99317 11.3233
    endloop
  endfacet
  facet normal 0.860976 -0.437804 0.258935
    outer loop
      vertex 3.51083 2.05894 11.5963
      vertex 3.47422 2.04177 11.689
      vertex 3.50246 2.04177 11.5951
    endloop
  endfacet
  facet normal 0.860712 -0.438456 0.25871
    outer loop
      vertex 3.488 2.07006 11.6911
      vertex 3.47422 2.04177 11.689
      vertex 3.51083 2.05894 11.5963
    endloop
  endfacet
  facet normal 0.756068 -0.556887 0.343858
    outer loop
      vertex 3.39866 1.97238 11.7565
      vertex 3.38162 1.93739 11.7373
      vertex 3.43522 1.96169 11.6588
    endloop
  endfacet
  facet normal 0.73703 -0.595968 0.318762
    outer loop
      vertex 3.38162 1.93739 11.7373
      vertex 3.36582 1.90496 11.7132
      vertex 3.43522 1.96169 11.6588
    endloop
  endfacet
  facet normal 0.832137 -0.496952 0.246143
    outer loop
      vertex 3.49424 2.0249 11.5913
      vertex 3.4476 1.98712 11.6727
      vertex 3.48631 2.0086 11.5852
    endloop
  endfacet
  facet normal 0.818196 -0.52564 0.232933
    outer loop
      vertex 3.4476 1.98712 11.6727
      vertex 3.43522 1.96169 11.6588
      vertex 3.48631 2.0086 11.5852
    endloop
  endfacet
  facet normal 0.863293 -0.33687 0.375825
    outer loop
      vertex 3.47321 2.12543 11.7789
      vertex 3.50178 2.09835 11.689
      vertex 3.49184 2.16369 11.7704
    endloop
  endfacet
  facet normal 0.841558 -0.381537 0.382373
    outer loop
      vertex 3.47321 2.12543 11.7789
      vertex 3.488 2.07006 11.6911
      vertex 3.50178 2.09835 11.689
    endloop
  endfacet
  facet normal 0.875147 -0.179991 0.449134
    outer loop
      vertex 3.50138 2.29528 11.8109
      vertex 3.50983 2.20062 11.7565
      vertex 3.52688 2.23561 11.7373
    endloop
  endfacet
  facet normal 0.904561 -0.252116 0.343814
    outer loop
      vertex 3.50983 2.20062 11.7565
      vertex 3.54078 2.17843 11.6588
      vertex 3.52688 2.23561 11.7373
    endloop
  endfacet
  facet normal 0.979647 -0.194266 -0.0505166
    outer loop
      vertex 3.59266 2.28494 11.4185
      vertex 3.57271 2.186 11.4121
      vertex 3.58997 2.27941 11.3876
    endloop
  endfacet
  facet normal 0.975804 -0.202156 -0.0833085
    outer loop
      vertex 3.58997 2.27941 11.3876
      vertex 3.57271 2.186 11.4121
      vertex 3.58553 2.2703 11.3577
    endloop
  endfacet
  facet normal 0.839882 -0.539702 0.0576261
    outer loop
      vertex 3.45534 1.94502 11.5232
      vertex 3.45163 1.93741 11.506
      vertex 3.50374 2.01514 11.4745
    endloop
  endfacet
  facet normal 0.947481 -0.318779 0.0256794
    outer loop
      vertex 3.57271 2.186 11.4879
      vertex 3.54364 2.09706 11.4564
      vertex 3.57435 2.18936 11.4691
    endloop
  endfacet
  facet normal 0.975805 -0.202148 0.0833113
    outer loop
      vertex 3.58553 2.2703 11.5423
      vertex 3.57002 2.18047 11.506
      vertex 3.58997 2.27941 11.5124
    endloop
  endfacet
  facet normal 0.970065 -0.117737 0.212397
    outer loop
      vertex 3.58004 2.34477 11.6159
      vertex 3.57175 2.24201 11.5968
      vertex 3.57942 2.25776 11.5705
    endloop
  endfacet
  facet normal 0.962748 -0.228919 0.143919
    outer loop
      vertex 3.57175 2.24201 11.5968
      vertex 3.56166 2.1633 11.5391
      vertex 3.56631 2.17286 11.5232
    endloop
  endfacet
  facet normal 0.9536 -0.247704 0.171142
    outer loop
      vertex 3.57175 2.24201 11.5968
      vertex 3.55613 2.15196 11.5535
      vertex 3.56166 2.1633 11.5391
    endloop
  endfacet
  facet normal 0.962802 -0.228777 0.143781
    outer loop
      vertex 3.57175 2.24201 11.5968
      vertex 3.56631 2.17286 11.5232
      vertex 3.57942 2.25776 11.5705
    endloop
  endfacet
  facet normal 0.97014 -0.21371 0.114703
    outer loop
      vertex 3.57942 2.25776 11.5705
      vertex 3.56631 2.17286 11.5232
      vertex 3.57002 2.18047 11.506
    endloop
  endfacet
  facet normal -0.840052 0.539339 -0.0585352
    outer loop
      vertex 2.24739 2.82469 11.394
      vertex 2.19529 2.74696 11.4255
      vertex 2.19653 2.74951 11.4312
    endloop
  endfacet
  facet normal -0.839981 0.539506 -0.0580065
    outer loop
      vertex 2.24369 2.81708 11.3768
      vertex 2.19529 2.74696 11.4255
      vertex 2.24739 2.82469 11.394
    endloop
  endfacet
  facet normal -0.754945 0.65557 -0.0169319
    outer loop
      vertex 2.31569 2.90693 11.4185
      vertex 2.25227 2.83471 11.45
      vertex 2.31659 2.90878 11.45
    endloop
  endfacet
  facet normal -0.662763 0.748411 -0.0250182
    outer loop
      vertex 2.38879 2.97127 11.4067
      vertex 2.31569 2.90693 11.4185
      vertex 2.31659 2.90878 11.45
    endloop
  endfacet
  facet normal -0.836992 0.545613 -0.0418431
    outer loop
      vertex 2.24739 2.82469 11.394
      vertex 2.19743 2.75137 11.4373
      vertex 2.25009 2.83022 11.4121
    endloop
  endfacet
  facet normal -0.837197 0.545229 -0.0427293
    outer loop
      vertex 2.24739 2.82469 11.394
      vertex 2.19653 2.74951 11.4312
      vertex 2.19743 2.75137 11.4373
    endloop
  endfacet
  facet normal -0.853151 0.51244 0.0976631
    outer loop
      vertex 2.19188 2.73995 11.4847
      vertex 2.18976 2.73562 11.4889
      vertex 2.2272 2.78324 11.5661
    endloop
  endfacet
  facet normal -0.793369 0.576686 0.194933
    outer loop
      vertex 2.23351 2.79618 11.5535
      vertex 2.2272 2.78324 11.5661
      vertex 2.27529 2.82398 11.6413
    endloop
  endfacet
  facet normal -0.805225 0.552345 0.215702
    outer loop
      vertex 2.27529 2.82398 11.6413
      vertex 2.2272 2.78324 11.5661
      vertex 2.26381 2.80041 11.6588
    endloop
  endfacet
  facet normal -0.87293 0.47186 0.123859
    outer loop
      vertex 2.21272 2.7535 11.5852
      vertex 2.18491 2.72565 11.4953
      vertex 2.20478 2.73721 11.5913
    endloop
  endfacet
  facet normal -0.865805 0.486482 0.117125
    outer loop
      vertex 2.22024 2.76893 11.5767
      vertex 2.18491 2.72565 11.4953
      vertex 2.21272 2.7535 11.5852
    endloop
  endfacet
  facet normal -0.895476 0.425519 -0.130598
    outer loop
      vertex 2.1882 2.70316 11.3037
      vertex 2.17388 2.70301 11.4014
      vertex 2.17669 2.70877 11.4009
    endloop
  endfacet
  facet normal -0.929073 0.35661 -0.0982517
    outer loop
      vertex 2.16361 2.68193 11.4111
      vertex 2.14289 2.61015 11.3465
      vertex 2.1615 2.67759 11.4153
    endloop
  endfacet
  facet normal -0.916278 0.382843 -0.117758
    outer loop
      vertex 2.16847 2.69189 11.4047
      vertex 2.15616 2.63739 11.3233
      vertex 2.16595 2.68672 11.4075
    endloop
  endfacet
  facet normal -0.945714 0.322374 0.0412339
    outer loop
      vertex 2.15594 2.66617 11.4627
      vertex 2.12901 2.58163 11.506
      vertex 2.15684 2.66803 11.4688
    endloop
  endfacet
  facet normal -0.94846 0.316799 -0.0078655
    outer loop
      vertex 2.15539 2.66505 11.4436
      vertex 2.12413 2.57162 11.45
      vertex 2.15521 2.66467 11.45
    endloop
  endfacet
  facet normal -0.94846 0.316799 0.0078655
    outer loop
      vertex 2.15521 2.66467 11.45
      vertex 2.12413 2.57162 11.45
      vertex 2.15539 2.66505 11.4564
    endloop
  endfacet
  facet normal -0.929096 0.356521 0.0983549
    outer loop
      vertex 2.1615 2.67759 11.4847
      vertex 2.1492 2.62308 11.5661
      vertex 2.16361 2.68193 11.4889
    endloop
  endfacet
  facet normal 0.938977 -0.336269 0.0724219
    outer loop
      vertex 3.56166 2.1633 11.5391
      vertex 3.54094 2.09153 11.4745
      vertex 3.56631 2.17286 11.5232
    endloop
  endfacet
  facet normal 0.975812 -0.202131 -0.0832678
    outer loop
      vertex 3.57271 2.186 11.4121
      vertex 3.57002 2.18047 11.394
      vertex 3.58553 2.2703 11.3577
    endloop
  endfacet
  facet normal 0.979639 -0.19425 -0.0507409
    outer loop
      vertex 3.57435 2.18936 11.4309
      vertex 3.57271 2.186 11.4121
      vertex 3.59266 2.28494 11.4185
    endloop
  endfacet
  facet normal 0.981589 -0.190247 -0.0170102
    outer loop
      vertex 3.5749 2.19049 11.45
      vertex 3.57435 2.18936 11.4309
      vertex 3.59266 2.28494 11.4185
    endloop
  endfacet
  facet normal 0.923535 -0.213048 -0.318894
    outer loop
      vertex 3.55226 2.202 11.2587
      vertex 3.54078 2.17843 11.2412
      vertex 3.54267 2.26805 11.1868
    endloop
  endfacet
  facet normal 0.940976 -0.17726 -0.288345
    outer loop
      vertex 3.56265 2.22332 11.2795
      vertex 3.55226 2.202 11.2587
      vertex 3.54267 2.26805 11.1868
    endloop
  endfacet
  facet normal 0.909469 -0.396823 -0.124089
    outer loop
      vertex 3.53535 2.10928 11.3148
      vertex 3.5279 2.06475 11.4026
      vertex 3.52741 2.09299 11.3087
    endloop
  endfacet
  facet normal 0.690723 -0.690895 0.21346
    outer loop
      vertex 3.33901 1.84991 11.6519
      vertex 3.32845 1.82823 11.6159
      vertex 3.40425 1.89811 11.5968
    endloop
  endfacet
  facet normal 0.77372 -0.616982 0.143842
    outer loop
      vertex 3.40425 1.89811 11.5968
      vertex 3.39658 1.88236 11.5705
      vertex 3.45534 1.94502 11.5232
    endloop
  endfacet
  facet normal 0.570692 -0.805182 0.161221
    outer loop
      vertex 3.32005 1.81098 11.5769
      vertex 3.24158 1.76189 11.6095
      vertex 3.31394 1.79844 11.5359
    endloop
  endfacet
  facet normal 0.665686 -0.742488 0.0746628
    outer loop
      vertex 3.31394 1.79844 11.5359
      vertex 3.31023 1.79083 11.4933
      vertex 3.38603 1.86071 11.5124
    endloop
  endfacet
  facet normal 0.662772 -0.748403 0.0250447
    outer loop
      vertex 3.38334 1.85518 11.4815
      vertex 3.31023 1.79083 11.4933
      vertex 3.38243 1.85332 11.45
    endloop
  endfacet
  facet normal 0.866114 -0.485829 0.117546
    outer loop
      vertex 3.51412 2.03646 11.4953
      vertex 3.47879 1.99317 11.5767
      vertex 3.5116 2.03129 11.4925
    endloop
  endfacet
  facet normal 0.843605 -0.53204 0.07256
    outer loop
      vertex 3.5053 2.01835 11.4799
      vertex 3.45999 1.95458 11.5391
      vertex 3.50374 2.01514 11.4745
    endloop
  endfacet
  facet normal 0.766506 -0.631875 0.114906
    outer loop
      vertex 3.39658 1.88236 11.5705
      vertex 3.39047 1.86982 11.5423
      vertex 3.45163 1.93741 11.506
    endloop
  endfacet
  facet normal 0.934298 -0.345857 0.0864339
    outer loop
      vertex 3.55613 2.15196 11.5535
      vertex 3.53753 2.08452 11.4847
      vertex 3.56166 2.1633 11.5391
    endloop
  endfacet
  facet normal 0.942653 -0.328715 0.0578908
    outer loop
      vertex 3.56631 2.17286 11.5232
      vertex 3.54094 2.09153 11.4745
      vertex 3.57002 2.18047 11.506
    endloop
  endfacet
  facet normal 0.83984 -0.5398 -0.0573141
    outer loop
      vertex 3.50249 2.01259 11.4312
      vertex 3.45163 1.93741 11.394
      vertex 3.50374 2.01514 11.4255
    endloop
  endfacet
  facet normal 0.846362 -0.468008 -0.254242
    outer loop
      vertex 3.49424 2.0249 11.3087
      vertex 3.46068 2.01397 11.2171
      vertex 3.47422 2.04177 11.211
    endloop
  endfacet
  facet normal 0.737031 -0.595965 -0.318766
    outer loop
      vertex 3.42373 1.93812 11.2587
      vertex 3.36582 1.90496 11.1868
      vertex 3.43522 1.96169 11.2412
    endloop
  endfacet
  facet normal 0.80514 -0.55253 -0.215547
    outer loop
      vertex 3.47182 1.97886 11.3339
      vertex 3.42373 1.93812 11.2587
      vertex 3.43522 1.96169 11.2412
    endloop
  endfacet
  facet normal 0.817868 -0.526491 -0.232163
    outer loop
      vertex 3.47879 1.99317 11.3233
      vertex 3.43522 1.96169 11.2412
      vertex 3.48631 2.0086 11.3148
    endloop
  endfacet
  facet normal 0.853553 -0.511653 -0.098277
    outer loop
      vertex 3.50926 2.02649 11.4111
      vertex 3.46552 1.96593 11.3465
      vertex 3.47182 1.97886 11.3339
    endloop
  endfacet
  facet normal 0.80514 -0.55253 0.215547
    outer loop
      vertex 3.43522 1.96169 11.6588
      vertex 3.42373 1.93812 11.6413
      vertex 3.47182 1.97886 11.5661
    endloop
  endfacet
  facet normal 0.79341 -0.576606 0.195002
    outer loop
      vertex 3.47182 1.97886 11.5661
      vertex 3.42373 1.93812 11.6413
      vertex 3.46552 1.96593 11.5535
    endloop
  endfacet
  facet normal 0.902704 -0.410748 0.128104
    outer loop
      vertex 3.51919 2.07611 11.5951
      vertex 3.52514 2.05909 11.4986
      vertex 3.52741 2.09299 11.5913
    endloop
  endfacet
  facet normal 0.890803 -0.376534 0.254345
    outer loop
      vertex 3.50178 2.09835 11.689
      vertex 3.51919 2.07611 11.5951
      vertex 3.52741 2.09299 11.5913
    endloop
  endfacet
  facet normal 0.887575 -0.441794 0.130497
    outer loop
      vertex 3.51083 2.05894 11.5963
      vertex 3.50246 2.04177 11.5951
      vertex 3.51954 2.04758 11.4986
    endloop
  endfacet
  facet normal 0.873222 -0.471261 0.124082
    outer loop
      vertex 3.49424 2.0249 11.5913
      vertex 3.48631 2.0086 11.5852
      vertex 3.51412 2.03646 11.4953
    endloop
  endfacet
  facet normal 0.90999 -0.395728 0.123762
    outer loop
      vertex 3.52741 2.09299 11.5913
      vertex 3.5279 2.06475 11.4974
      vertex 3.53056 2.07021 11.4953
    endloop
  endfacet
  facet normal 0.901829 -0.412464 0.128753
    outer loop
      vertex 3.52741 2.09299 11.5913
      vertex 3.52514 2.05909 11.4986
      vertex 3.5279 2.06475 11.4974
    endloop
  endfacet
  facet normal 0.970056 -0.213897 -0.115063
    outer loop
      vertex 3.58553 2.2703 11.3577
      vertex 3.56631 2.17286 11.3768
      vertex 3.57942 2.25776 11.3295
    endloop
  endfacet
  facet normal 0.962802 -0.228777 -0.143781
    outer loop
      vertex 3.57942 2.25776 11.3295
      vertex 3.56631 2.17286 11.3768
      vertex 3.57175 2.24201 11.3032
    endloop
  endfacet
  facet normal -0.942409 0.329141 0.0594217
    outer loop
      vertex 2.15684 2.66803 11.4688
      vertex 2.12901 2.58163 11.506
      vertex 2.15809 2.67058 11.4745
    endloop
  endfacet
  facet normal 0.943095 -0.269299 -0.195063
    outer loop
      vertex 3.56265 2.22332 11.2795
      vertex 3.54983 2.13902 11.3339
      vertex 3.55226 2.202 11.2587
    endloop
  endfacet
  facet normal 0.93132 -0.293469 -0.215685
    outer loop
      vertex 3.55226 2.202 11.2587
      vertex 3.54983 2.13902 11.3339
      vertex 3.54078 2.17843 11.2412
    endloop
  endfacet
  facet normal 0.754989 -0.65552 0.0168961
    outer loop
      vertex 3.38334 1.85518 11.4815
      vertex 3.38243 1.85332 11.45
      vertex 3.44675 1.9274 11.45
    endloop
  endfacet
  facet normal 0.756883 -0.651579 0.050719
    outer loop
      vertex 3.38603 1.86071 11.5124
      vertex 3.38334 1.85518 11.4815
      vertex 3.44894 1.93188 11.4879
    endloop
  endfacet
  facet normal 0.834124 -0.55151 0.00860936
    outer loop
      vertex 3.4473 1.92853 11.4691
      vertex 3.44675 1.9274 11.45
      vertex 3.50104 2.00961 11.4564
    endloop
  endfacet
  facet normal 0.766294 -0.632218 0.114432
    outer loop
      vertex 3.45534 1.94502 11.5232
      vertex 3.39658 1.88236 11.5705
      vertex 3.45163 1.93741 11.506
    endloop
  endfacet
  facet normal 0.69074 -0.691182 0.212477
    outer loop
      vertex 3.40425 1.89811 11.5968
      vertex 3.32845 1.82823 11.6159
      vertex 3.39658 1.88236 11.5705
    endloop
  endfacet
  facet normal 0.679941 -0.713318 0.169878
    outer loop
      vertex 3.39658 1.88236 11.5705
      vertex 3.32845 1.82823 11.6159
      vertex 3.39047 1.86982 11.5423
    endloop
  endfacet
  facet normal 0.945361 -0.323175 -0.0430172
    outer loop
      vertex 3.54309 2.09593 11.4373
      vertex 3.54218 2.09408 11.4312
      vertex 3.57002 2.18047 11.394
    endloop
  endfacet
  facet normal 0.947499 -0.318738 -0.0255477
    outer loop
      vertex 3.54364 2.09706 11.4436
      vertex 3.54309 2.09593 11.4373
      vertex 3.57271 2.186 11.4121
    endloop
  endfacet
  facet normal 0.91842 -0.319876 -0.232777
    outer loop
      vertex 3.54078 2.17843 11.2412
      vertex 3.53535 2.10928 11.3148
      vertex 3.5284 2.153 11.2273
    endloop
  endfacet
  facet normal 0.918777 -0.319276 -0.232187
    outer loop
      vertex 3.54286 2.12471 11.3233
      vertex 3.53535 2.10928 11.3148
      vertex 3.54078 2.17843 11.2412
    endloop
  endfacet
  facet normal 0.928626 -0.357469 -0.09935
    outer loop
      vertex 3.53753 2.08452 11.4153
      vertex 3.53541 2.08018 11.4111
      vertex 3.55613 2.15196 11.3465
    endloop
  endfacet
  facet normal 0.9536 -0.247704 -0.171142
    outer loop
      vertex 3.56166 2.1633 11.3609
      vertex 3.55613 2.15196 11.3465
      vertex 3.57175 2.24201 11.3032
    endloop
  endfacet
  facet normal 0.866114 -0.485829 -0.117546
    outer loop
      vertex 3.5116 2.03129 11.4075
      vertex 3.47879 1.99317 11.3233
      vertex 3.51412 2.03646 11.4047
    endloop
  endfacet
  facet normal 0.887575 -0.441794 -0.130497
    outer loop
      vertex 3.51954 2.04758 11.4014
      vertex 3.50246 2.04177 11.3049
      vertex 3.51083 2.05894 11.3037
    endloop
  endfacet
  facet normal 0.853525 -0.51169 0.0983289
    outer loop
      vertex 3.47182 1.97886 11.5661
      vertex 3.46552 1.96593 11.5535
      vertex 3.50715 2.02215 11.4847
    endloop
  endfacet
  facet normal 0.805396 -0.552086 0.21573
    outer loop
      vertex 3.47879 1.99317 11.5767
      vertex 3.43522 1.96169 11.6588
      vertex 3.47182 1.97886 11.5661
    endloop
  endfacet
  facet normal 0.859551 -0.499317 0.108882
    outer loop
      vertex 3.47879 1.99317 11.5767
      vertex 3.47182 1.97886 11.5661
      vertex 3.5116 2.03129 11.4925
    endloop
  endfacet
  facet normal 0.773998 -0.616519 0.144329
    outer loop
      vertex 3.45999 1.95458 11.5391
      vertex 3.40425 1.89811 11.5968
      vertex 3.45534 1.94502 11.5232
    endloop
  endfacet
  facet normal 0.929062 -0.35663 -0.0982777
    outer loop
      vertex 3.55613 2.15196 11.3465
      vertex 3.53541 2.08018 11.4111
      vertex 3.54983 2.13902 11.3339
    endloop
  endfacet
  facet normal 0.923044 -0.368983 -0.108817
    outer loop
      vertex 3.54983 2.13902 11.3339
      vertex 3.53541 2.08018 11.4111
      vertex 3.54286 2.12471 11.3233
    endloop
  endfacet
  facet normal 0.837113 -0.545397 0.0422217
    outer loop
      vertex 3.45163 1.93741 11.506
      vertex 3.44894 1.93188 11.4879
      vertex 3.50159 2.01074 11.4627
    endloop
  endfacet
  facet normal 0.76073 -0.643662 0.083596
    outer loop
      vertex 3.45163 1.93741 11.506
      vertex 3.38603 1.86071 11.5124
      vertex 3.44894 1.93188 11.4879
    endloop
  endfacet
  facet normal 0.947499 -0.318738 0.0255477
    outer loop
      vertex 3.57271 2.186 11.4879
      vertex 3.54309 2.09593 11.4627
      vertex 3.54364 2.09706 11.4564
    endloop
  endfacet
  facet normal 0.945575 -0.322691 0.0419399
    outer loop
      vertex 3.57002 2.18047 11.506
      vertex 3.54309 2.09593 11.4627
      vertex 3.57271 2.186 11.4879
    endloop
  endfacet
  facet normal 0.942636 -0.328746 -0.0579941
    outer loop
      vertex 3.54218 2.09408 11.4312
      vertex 3.54094 2.09153 11.4255
      vertex 3.57002 2.18047 11.394
    endloop
  endfacet
  facet normal 0.896076 -0.424256 -0.130596
    outer loop
      vertex 3.52234 2.05333 11.4009
      vertex 3.51083 2.05894 11.3037
      vertex 3.52514 2.05909 11.4014
    endloop
  endfacet
  facet normal 0.845616 -0.469316 -0.254315
    outer loop
      vertex 3.50246 2.04177 11.3049
      vertex 3.49424 2.0249 11.3087
      vertex 3.47422 2.04177 11.211
    endloop
  endfacet
  facet normal 0.860976 -0.437804 -0.258935
    outer loop
      vertex 3.50246 2.04177 11.3049
      vertex 3.47422 2.04177 11.211
      vertex 3.51083 2.05894 11.3037
    endloop
  endfacet
  facet normal 0.843762 -0.531737 0.0729504
    outer loop
      vertex 3.45999 1.95458 11.5391
      vertex 3.45534 1.94502 11.5232
      vertex 3.50374 2.01514 11.4745
    endloop
  endfacet
  facet normal 0.848204 -0.522611 0.0861852
    outer loop
      vertex 3.46552 1.96593 11.5535
      vertex 3.45999 1.95458 11.5391
      vertex 3.50715 2.02215 11.4847
    endloop
  endfacet
  facet normal 0.848314 -0.522366 0.0865852
    outer loop
      vertex 3.50715 2.02215 11.4847
      vertex 3.45999 1.95458 11.5391
      vertex 3.5053 2.01835 11.4799
    endloop
  endfacet
  facet normal 0.78291 -0.598216 0.170851
    outer loop
      vertex 3.46552 1.96593 11.5535
      vertex 3.40425 1.89811 11.5968
      vertex 3.45999 1.95458 11.5391
    endloop
  endfacet
  facet normal 0.886851 -0.443214 0.130598
    outer loop
      vertex 3.51083 2.05894 11.5963
      vertex 3.51954 2.04758 11.4986
      vertex 3.52234 2.05333 11.4991
    endloop
  endfacet
  facet normal 0.880359 -0.45655 0.128571
    outer loop
      vertex 3.51954 2.04758 11.4986
      vertex 3.49424 2.0249 11.5913
      vertex 3.51678 2.04192 11.4974
    endloop
  endfacet
  facet normal 0.872506 -0.472669 0.123764
    outer loop
      vertex 3.51678 2.04192 11.4974
      vertex 3.49424 2.0249 11.5913
      vertex 3.51412 2.03646 11.4953
    endloop
  endfacet
  facet normal 0.835076 -0.549562 0.0250802
    outer loop
      vertex 3.44894 1.93188 11.4879
      vertex 3.4473 1.92853 11.4691
      vertex 3.50104 2.00961 11.4564
    endloop
  endfacet
  facet normal 0.756935 -0.651569 0.0500737
    outer loop
      vertex 3.44894 1.93188 11.4879
      vertex 3.38334 1.85518 11.4815
      vertex 3.4473 1.92853 11.4691
    endloop
  endfacet
  facet normal 0.942636 -0.328746 0.0579941
    outer loop
      vertex 3.57002 2.18047 11.506
      vertex 3.54094 2.09153 11.4745
      vertex 3.54218 2.09408 11.4688
    endloop
  endfacet
  facet normal 0.934296 -0.345862 -0.0864293
    outer loop
      vertex 3.56166 2.1633 11.3609
      vertex 3.53938 2.08832 11.4201
      vertex 3.55613 2.15196 11.3465
    endloop
  endfacet
  facet normal 0.938977 -0.336269 -0.0724219
    outer loop
      vertex 3.56631 2.17286 11.3768
      vertex 3.54094 2.09153 11.4255
      vertex 3.56166 2.1633 11.3609
    endloop
  endfacet
  facet normal 0.945575 -0.322691 -0.0419399
    outer loop
      vertex 3.57271 2.186 11.4121
      vertex 3.54309 2.09593 11.4373
      vertex 3.57002 2.18047 11.394
    endloop
  endfacet
  facet normal 0.901844 -0.412552 -0.128369
    outer loop
      vertex 3.5279 2.06475 11.4026
      vertex 3.52514 2.05909 11.4014
      vertex 3.51919 2.07611 11.3049
    endloop
  endfacet
  facet normal 0.886851 -0.443214 -0.130598
    outer loop
      vertex 3.52234 2.05333 11.4009
      vertex 3.51954 2.04758 11.4014
      vertex 3.51083 2.05894 11.3037
    endloop
  endfacet
  facet normal 0.859153 -0.500113 -0.108367
    outer loop
      vertex 3.50926 2.02649 11.4111
      vertex 3.47879 1.99317 11.3233
      vertex 3.5116 2.03129 11.4075
    endloop
  endfacet
  facet normal 0.86582 -0.486465 -0.117081
    outer loop
      vertex 3.51412 2.03646 11.4047
      vertex 3.47879 1.99317 11.3233
      vertex 3.48631 2.0086 11.3148
    endloop
  endfacet
  facet normal 0.880406 -0.456525 -0.128341
    outer loop
      vertex 3.51678 2.04192 11.4026
      vertex 3.50246 2.04177 11.3049
      vertex 3.51954 2.04758 11.4014
    endloop
  endfacet
  facet normal 0.837049 -0.545517 0.0419447
    outer loop
      vertex 3.50249 2.01259 11.4688
      vertex 3.45163 1.93741 11.506
      vertex 3.50159 2.01074 11.4627
    endloop
  endfacet
  facet normal 0.859225 -0.500024 0.108203
    outer loop
      vertex 3.5116 2.03129 11.4925
      vertex 3.47182 1.97886 11.5661
      vertex 3.50926 2.02649 11.4889
    endloop
  endfacet
  facet normal 0.853931 -0.510896 0.0989274
    outer loop
      vertex 3.50926 2.02649 11.4889
      vertex 3.47182 1.97886 11.5661
      vertex 3.50715 2.02215 11.4847
    endloop
  endfacet
  facet normal 0.934326 -0.345803 0.0863438
    outer loop
      vertex 3.56166 2.1633 11.5391
      vertex 3.53753 2.08452 11.4847
      vertex 3.53938 2.08832 11.4799
    endloop
  endfacet
  facet normal 0.945361 -0.323175 0.0430172
    outer loop
      vertex 3.57002 2.18047 11.506
      vertex 3.54218 2.09408 11.4688
      vertex 3.54309 2.09593 11.4627
    endloop
  endfacet
  facet normal 0.939219 -0.335737 -0.0717529
    outer loop
      vertex 3.54094 2.09153 11.4255
      vertex 3.53938 2.08832 11.4201
      vertex 3.56166 2.1633 11.3609
    endloop
  endfacet
  facet normal 0.947481 -0.318779 -0.0256794
    outer loop
      vertex 3.57435 2.18936 11.4309
      vertex 3.54364 2.09706 11.4436
      vertex 3.57271 2.186 11.4121
    endloop
  endfacet
  facet normal 0.948469 -0.316754 -0.00857207
    outer loop
      vertex 3.5749 2.19049 11.45
      vertex 3.54364 2.09706 11.4436
      vertex 3.57435 2.18936 11.4309
    endloop
  endfacet
  facet normal 0.909984 -0.395813 -0.123533
    outer loop
      vertex 3.53056 2.07021 11.4047
      vertex 3.5279 2.06475 11.4026
      vertex 3.53535 2.10928 11.3148
    endloop
  endfacet
  facet normal 0.916824 -0.381748 -0.117056
    outer loop
      vertex 3.54286 2.12471 11.3233
      vertex 3.53056 2.07021 11.4047
      vertex 3.53535 2.10928 11.3148
    endloop
  endfacet
  facet normal 0.853847 -0.511006 -0.0990829
    outer loop
      vertex 3.50715 2.02215 11.4153
      vertex 3.46552 1.96593 11.3465
      vertex 3.50926 2.02649 11.4111
    endloop
  endfacet
  facet normal 0.872587 -0.472596 -0.123472
    outer loop
      vertex 3.51412 2.03646 11.4047
      vertex 3.48631 2.0086 11.3148
      vertex 3.51678 2.04192 11.4026
    endloop
  endfacet
  facet normal 0.873195 -0.471285 -0.124181
    outer loop
      vertex 3.51678 2.04192 11.4026
      vertex 3.48631 2.0086 11.3148
      vertex 3.49424 2.0249 11.3087
    endloop
  endfacet
  facet normal 0.835167 -0.549399 0.0256316
    outer loop
      vertex 3.50159 2.01074 11.4627
      vertex 3.44894 1.93188 11.4879
      vertex 3.50104 2.00961 11.4564
    endloop
  endfacet
  facet normal 0.83984 -0.5398 0.0573141
    outer loop
      vertex 3.50374 2.01514 11.4745
      vertex 3.45163 1.93741 11.506
      vertex 3.50249 2.01259 11.4688
    endloop
  endfacet
  facet normal 0.916284 -0.382801 0.117842
    outer loop
      vertex 3.54286 2.12471 11.5767
      vertex 3.53056 2.07021 11.4953
      vertex 3.53308 2.07538 11.4925
    endloop
  endfacet
  facet normal 0.939219 -0.335737 0.0717529
    outer loop
      vertex 3.56166 2.1633 11.5391
      vertex 3.53938 2.08832 11.4799
      vertex 3.54094 2.09153 11.4745
    endloop
  endfacet
  facet normal 0.93433 -0.345788 -0.0863576
    outer loop
      vertex 3.53938 2.08832 11.4201
      vertex 3.53753 2.08452 11.4153
      vertex 3.55613 2.15196 11.3465
    endloop
  endfacet
  facet normal 0.948467 -0.316767 -0.00836253
    outer loop
      vertex 3.54382 2.09743 11.45
      vertex 3.54364 2.09706 11.4436
      vertex 3.5749 2.19049 11.45
    endloop
  endfacet
  facet normal 0.916284 -0.382801 -0.117842
    outer loop
      vertex 3.53308 2.07538 11.4075
      vertex 3.53056 2.07021 11.4047
      vertex 3.54286 2.12471 11.3233
    endloop
  endfacet
  facet normal 0.837049 -0.545517 -0.0419447
    outer loop
      vertex 3.50159 2.01074 11.4373
      vertex 3.45163 1.93741 11.394
      vertex 3.50249 2.01259 11.4312
    endloop
  endfacet
  facet normal 0.923716 -0.367638 0.107666
    outer loop
      vertex 3.54983 2.13902 11.5661
      vertex 3.53308 2.07538 11.4925
      vertex 3.53541 2.08018 11.4889
    endloop
  endfacet
  facet normal 0.834132 -0.551501 -0.00842371
    outer loop
      vertex 3.50086 2.00924 11.45
      vertex 3.44675 1.9274 11.45
      vertex 3.50104 2.00961 11.4436
    endloop
  endfacet
  facet normal 0.899007 -0.437934 -3.3449e-05
    outer loop
      vertex 3.50086 2.00924 11.45
      vertex 3.54382 2.09743 11.45
      vertex 3.54364 2.09706 11.4564
    endloop
  endfacet
  facet normal 0.899005 -0.437937 -6.60871e-05
    outer loop
      vertex 3.50104 2.00961 11.4564
      vertex 3.54364 2.09706 11.4564
      vertex 3.54309 2.09593 11.4627
    endloop
  endfacet
  facet normal 0.899007 -0.437934 3.3449e-05
    outer loop
      vertex 3.54382 2.09743 11.45
      vertex 3.50086 2.00924 11.45
      vertex 3.54364 2.09706 11.4436
    endloop
  endfacet
  facet normal 0.899001 -0.437945 0.00129385
    outer loop
      vertex 3.50159 2.01074 11.4627
      vertex 3.54309 2.09593 11.4627
      vertex 3.54218 2.09408 11.4688
    endloop
  endfacet
  facet normal 0.899005 -0.437937 -3.3732e-05
    outer loop
      vertex 3.50104 2.00961 11.4436
      vertex 3.54364 2.09706 11.4436
      vertex 3.50086 2.00924 11.45
    endloop
  endfacet
  facet normal 0.899034 -0.437878 -0.00031336
    outer loop
      vertex 3.50249 2.01259 11.4688
      vertex 3.54218 2.09408 11.4688
      vertex 3.54094 2.09153 11.4745
    endloop
  endfacet
  facet normal 0.899005 -0.437937 6.60871e-05
    outer loop
      vertex 3.54364 2.09706 11.4436
      vertex 3.50104 2.00961 11.4436
      vertex 3.54309 2.09593 11.4373
    endloop
  endfacet
  facet normal 0.899062 -0.437821 -0.000530929
    outer loop
      vertex 3.50374 2.01514 11.4745
      vertex 3.54094 2.09153 11.4745
      vertex 3.53938 2.08832 11.4799
    endloop
  endfacet
  facet normal 0.899002 -0.437945 -6.78401e-05
    outer loop
      vertex 3.50159 2.01074 11.4373
      vertex 3.54309 2.09593 11.4373
      vertex 3.50104 2.00961 11.4436
    endloop
  endfacet
  facet normal 0.89905 -0.437845 -0.000118492
    outer loop
      vertex 3.50374 2.01514 11.4745
      vertex 3.53938 2.08832 11.4799
      vertex 3.53753 2.08452 11.4847
    endloop
  endfacet
  facet normal 0.899001 -0.437945 -0.00129385
    outer loop
      vertex 3.54309 2.09593 11.4373
      vertex 3.50159 2.01074 11.4373
      vertex 3.54218 2.09408 11.4312
    endloop
  endfacet
  facet normal 0.898975 -0.437998 0.00117037
    outer loop
      vertex 3.50374 2.01514 11.4745
      vertex 3.53753 2.08452 11.4847
      vertex 3.53541 2.08018 11.4889
    endloop
  endfacet
  facet normal 0.899034 -0.437878 -0.000154635
    outer loop
      vertex 3.50249 2.01259 11.4312
      vertex 3.54218 2.09408 11.4312
      vertex 3.50159 2.01074 11.4373
    endloop
  endfacet
  facet normal 0.899199 -0.437538 -0.00140189
    outer loop
      vertex 3.50374 2.01514 11.4745
      vertex 3.53541 2.08018 11.4889
      vertex 3.53308 2.07538 11.4925
    endloop
  endfacet
  facet normal 0.899034 -0.437878 0.00031336
    outer loop
      vertex 3.54218 2.09408 11.4312
      vertex 3.50249 2.01259 11.4312
      vertex 3.54094 2.09153 11.4255
    endloop
  endfacet
  facet normal 0.898988 -0.437974 0.000401867
    outer loop
      vertex 3.50374 2.01514 11.4745
      vertex 3.53308 2.07538 11.4925
      vertex 3.53056 2.07021 11.4953
    endloop
  endfacet
  facet normal 0.899005 -0.437937 3.3732e-05
    outer loop
      vertex 3.54364 2.09706 11.4564
      vertex 3.50104 2.00961 11.4564
      vertex 3.50086 2.00924 11.45
    endloop
  endfacet
  facet normal 0.899019 -0.43791 0.000192186
    outer loop
      vertex 3.50374 2.01514 11.4745
      vertex 3.53056 2.07021 11.4953
      vertex 3.5279 2.06475 11.4974
    endloop
  endfacet
  facet normal 0.899062 -0.43782 0.00129566
    outer loop
      vertex 3.50374 2.01514 11.4255
      vertex 3.54094 2.09153 11.4255
      vertex 3.50249 2.01259 11.4312
    endloop
  endfacet
  facet normal 0.8989 -0.438153 0.000845929
    outer loop
      vertex 3.50374 2.01514 11.4745
      vertex 3.5279 2.06475 11.4974
      vertex 3.52514 2.05909 11.4986
    endloop
  endfacet
  facet normal 0.899062 -0.437821 0.000530929
    outer loop
      vertex 3.54094 2.09153 11.4255
      vertex 3.50374 2.01514 11.4255
      vertex 3.53938 2.08832 11.4201
    endloop
  endfacet
  facet normal 0.899328 -0.437273 -0.001141
    outer loop
      vertex 3.50374 2.01514 11.4745
      vertex 3.52514 2.05909 11.4986
      vertex 3.52234 2.05333 11.4991
    endloop
  endfacet
  facet normal 0.89905 -0.437845 0.000118492
    outer loop
      vertex 3.53938 2.08832 11.4201
      vertex 3.50374 2.01514 11.4255
      vertex 3.53753 2.08452 11.4153
    endloop
  endfacet
  facet normal 0.899073 -0.437798 -0.000132265
    outer loop
      vertex 3.50374 2.01514 11.4745
      vertex 3.52234 2.05333 11.4991
      vertex 3.51954 2.04758 11.4986
    endloop
  endfacet
  facet normal 0.898975 -0.437998 -0.00117037
    outer loop
      vertex 3.53753 2.08452 11.4153
      vertex 3.50374 2.01514 11.4255
      vertex 3.53541 2.08018 11.4111
    endloop
  endfacet
  facet normal 0.898747 -0.438466 0.000981008
    outer loop
      vertex 3.50374 2.01514 11.4745
      vertex 3.51954 2.04758 11.4986
      vertex 3.51678 2.04192 11.4974
    endloop
  endfacet
  facet normal 0.899199 -0.437538 0.00140189
    outer loop
      vertex 3.53541 2.08018 11.4111
      vertex 3.50374 2.01514 11.4255
      vertex 3.53308 2.07538 11.4075
    endloop
  endfacet
  facet normal 0.898918 -0.438117 0.000475618
    outer loop
      vertex 3.50374 2.01514 11.4745
      vertex 3.51678 2.04192 11.4974
      vertex 3.51412 2.03646 11.4953
    endloop
  endfacet
  facet normal 0.898988 -0.437974 -0.000401867
    outer loop
      vertex 3.53308 2.07538 11.4075
      vertex 3.50374 2.01514 11.4255
      vertex 3.53056 2.07021 11.4047
    endloop
  endfacet
  facet normal 0.898654 -0.438657 0.00116089
    outer loop
      vertex 3.50374 2.01514 11.4745
      vertex 3.51412 2.03646 11.4953
      vertex 3.5116 2.03129 11.4925
    endloop
  endfacet
  facet normal 0.899002 -0.437945 6.78401e-05
    outer loop
      vertex 3.54309 2.09593 11.4627
      vertex 3.50159 2.01074 11.4627
      vertex 3.50104 2.00961 11.4564
    endloop
  endfacet
  facet normal 0.898282 -0.439414 0.00200254
    outer loop
      vertex 3.50374 2.01514 11.4745
      vertex 3.5116 2.03129 11.4925
      vertex 3.50926 2.02649 11.4889
    endloop
  endfacet
  facet normal 0.8989 -0.438153 -0.000845929
    outer loop
      vertex 3.5279 2.06475 11.4026
      vertex 3.50374 2.01514 11.4255
      vertex 3.52514 2.05909 11.4014
    endloop
  endfacet
  facet normal 0.900115 -0.435647 -0.00203228
    outer loop
      vertex 3.5053 2.01835 11.4799
      vertex 3.50926 2.02649 11.4889
      vertex 3.50715 2.02215 11.4847
    endloop
  endfacet
  facet normal 0.898892 -0.43817 0.00078756
    outer loop
      vertex 3.50374 2.01514 11.4745
      vertex 3.50926 2.02649 11.4889
      vertex 3.5053 2.01835 11.4799
    endloop
  endfacet
  facet normal 0.899062 -0.43782 -0.00129566
    outer loop
      vertex 3.54094 2.09153 11.4745
      vertex 3.50374 2.01514 11.4745
      vertex 3.50249 2.01259 11.4688
    endloop
  endfacet
  facet normal 0.900115 -0.435647 0.00203228
    outer loop
      vertex 3.50926 2.02649 11.4111
      vertex 3.5053 2.01835 11.4201
      vertex 3.50715 2.02215 11.4153
    endloop
  endfacet
  facet normal 0.899034 -0.437878 0.000154635
    outer loop
      vertex 3.54218 2.09408 11.4688
      vertex 3.50249 2.01259 11.4688
      vertex 3.50159 2.01074 11.4627
    endloop
  endfacet
  facet normal 0.898892 -0.43817 -0.00078756
    outer loop
      vertex 3.50926 2.02649 11.4111
      vertex 3.50374 2.01514 11.4255
      vertex 3.5053 2.01835 11.4201
    endloop
  endfacet
  facet normal 0.899328 -0.437273 0.001141
    outer loop
      vertex 3.52514 2.05909 11.4014
      vertex 3.50374 2.01514 11.4255
      vertex 3.52234 2.05333 11.4009
    endloop
  endfacet
  facet normal 0.898282 -0.439414 -0.00200254
    outer loop
      vertex 3.5116 2.03129 11.4075
      vertex 3.50374 2.01514 11.4255
      vertex 3.50926 2.02649 11.4111
    endloop
  endfacet
  facet normal 0.898918 -0.438117 -0.000475618
    outer loop
      vertex 3.51678 2.04192 11.4026
      vertex 3.50374 2.01514 11.4255
      vertex 3.51412 2.03646 11.4047
    endloop
  endfacet
  facet normal 0.898654 -0.438657 -0.00116089
    outer loop
      vertex 3.51412 2.03646 11.4047
      vertex 3.50374 2.01514 11.4255
      vertex 3.5116 2.03129 11.4075
    endloop
  endfacet
  facet normal 0.898747 -0.438466 -0.000981008
    outer loop
      vertex 3.51954 2.04758 11.4014
      vertex 3.50374 2.01514 11.4255
      vertex 3.51678 2.04192 11.4026
    endloop
  endfacet
  facet normal 0.899073 -0.437798 0.000132265
    outer loop
      vertex 3.52234 2.05333 11.4009
      vertex 3.50374 2.01514 11.4255
      vertex 3.51954 2.04758 11.4014
    endloop
  endfacet
  facet normal 0.899019 -0.43791 -0.000192186
    outer loop
      vertex 3.53056 2.07021 11.4047
      vertex 3.50374 2.01514 11.4255
      vertex 3.5279 2.06475 11.4026
    endloop
  endfacet
  facet normal 0.835167 -0.549399 -0.0256316
    outer loop
      vertex 3.50104 2.00961 11.4436
      vertex 3.44894 1.93188 11.4121
      vertex 3.50159 2.01074 11.4373
    endloop
  endfacet
  facet normal 0.837113 -0.545397 -0.0422217
    outer loop
      vertex 3.50159 2.01074 11.4373
      vertex 3.44894 1.93188 11.4121
      vertex 3.45163 1.93741 11.394
    endloop
  endfacet
  facet normal 0.354214 0.867009 -0.350468
    outer loop
      vertex 3.19983 3.10027 7.2
      vertex 3.10295 3.13985 7.2
      vertex 3.3312 3.36998 8
    endloop
  endfacet
  facet normal -0.903457 -0.246853 -0.350471
    outer loop
      vertex 2.09324 2.1202 7.2
      vertex 1.80963 2.02238 8
      vertex 2.06566 2.22114 7.2
    endloop
  endfacet
  facet normal 0.903467 0.246831 -0.35046
    outer loop
      vertex 3.88939 2.73973 8
      vertex 3.63337 2.54096 7.2
      vertex 3.60579 2.64191 7.2
    endloop
  endfacet
  facet normal -0.11769 -0.929152 -0.350465
    outer loop
      vertex 2.78294 1.28307 8
      vertex 2.6402 1.30115 8
      vertex 2.8011 1.58252 7.2
    endloop
  endfacet
  facet normal 0.117746 0.929146 -0.350462
    outer loop
      vertex 3.05883 3.46095 8
      vertex 2.89793 3.17959 7.2
      vertex 2.91608 3.47904 8
    endloop
  endfacet
  facet normal 0.863513 0.362661 -0.35046
    outer loop
      vertex 3.88939 2.73973 8
      vertex 3.60579 2.64191 7.2
      vertex 3.56527 2.73839 7.2
    endloop
  endfacet
  facet normal 0.745798 -0.566531 -0.350468
    outer loop
      vertex 3.51686 1.93986 7.2
      vertex 3.68008 1.65983 8
      vertex 3.45356 1.85653 7.2
    endloop
  endfacet
  facet normal -0.354169 -0.867028 -0.350467
    outer loop
      vertex 2.59607 1.62226 7.2
      vertex 2.36783 1.39212 8
      vertex 2.4992 1.66183 7.2
    endloop
  endfacet
  facet normal -0.863541 -0.362583 -0.350471
    outer loop
      vertex 2.13375 2.02372 7.2
      vertex 1.80963 2.02238 8
      vertex 2.09324 2.1202 7.2
    endloop
  endfacet
  facet normal -0.246827 0.903469 -0.350457
    outer loop
      vertex 2.62964 3.45885 8
      vertex 2.6896 3.16491 7.2
      vertex 2.49084 3.42093 8
    endloop
  endfacet
  facet normal 0.863523 0.362633 -0.350464
    outer loop
      vertex 3.88939 2.73973 8
      vertex 3.56527 2.73839 7.2
      vertex 3.83368 2.87239 8
    endloop
  endfacet
  facet normal 0.658983 0.665517 -0.350469
    outer loop
      vertex 3.57074 3.21162 8
      vertex 3.4484 2.91147 7.2
      vertex 3.37404 2.9851 7.2
    endloop
  endfacet
  facet normal 0.659031 0.665475 -0.35046
    outer loop
      vertex 3.67298 3.11037 8
      vertex 3.4484 2.91147 7.2
      vertex 3.57074 3.21162 8
    endloop
  endfacet
  facet normal 0.00455623 -0.936565 -0.350465
    outer loop
      vertex 2.92683 1.28377 8
      vertex 2.78294 1.28307 8
      vertex 2.8011 1.58252 7.2
    endloop
  endfacet
  facet normal -0.566531 -0.745798 -0.350468
    outer loop
      vertex 2.40832 1.71371 7.2
      vertex 2.12829 1.55049 8
      vertex 2.32499 1.77701 7.2
    endloop
  endfacet
  facet normal -0.863511 -0.362666 -0.350459
    outer loop
      vertex 2.13375 2.02372 7.2
      vertex 1.86535 1.88971 8
      vertex 1.80963 2.02238 8
    endloop
  endfacet
  facet normal -0.745798 0.566531 -0.350468
    outer loop
      vertex 2.24547 2.90558 7.2
      vertex 2.18217 2.82225 7.2
      vertex 2.01895 3.10228 8
    endloop
  endfacet
  facet normal -0.573757 0.740254 -0.350465
    outer loop
      vertex 2.23392 3.29267 8
      vertex 2.3191 2.97994 7.2
      vertex 2.12019 3.20452 8
    endloop
  endfacet
  facet normal -0.1268 0.927955 -0.350458
    outer loop
      vertex 2.7722 3.47833 8
      vertex 2.6896 3.16491 7.2
      vertex 2.62964 3.45885 8
    endloop
  endfacet
  facet normal 0.237983 0.905839 -0.350456
    outer loop
      vertex 3.10295 3.13985 7.2
      vertex 3.00174 3.16644 7.2
      vertex 3.05883 3.46095 8
    endloop
  endfacet
  facet normal 0.354145 0.867041 -0.350457
    outer loop
      vertex 3.3312 3.36998 8
      vertex 3.10295 3.13985 7.2
      vertex 3.19799 3.42439 8
    endloop
  endfacet
  facet normal 0.237981 0.905839 -0.350457
    outer loop
      vertex 3.19799 3.42439 8
      vertex 3.10295 3.13985 7.2
      vertex 3.05883 3.46095 8
    endloop
  endfacet
  facet normal 0.464257 0.813411 -0.350468
    outer loop
      vertex 3.3312 3.36998 8
      vertex 3.29071 3.0484 7.2
      vertex 3.19983 3.10027 7.2
    endloop
  endfacet
  facet normal 0.80881 0.472229 -0.350464
    outer loop
      vertex 3.83368 2.87239 8
      vertex 3.56527 2.73839 7.2
      vertex 3.76113 2.99665 8
    endloop
  endfacet
  facet normal 0.903468 0.246826 -0.35046
    outer loop
      vertex 3.92731 2.60093 8
      vertex 3.63337 2.54096 7.2
      vertex 3.88939 2.73973 8
    endloop
  endfacet
  facet normal 0.929145 -0.117746 -0.350464
    outer loop
      vertex 3.9475 2.31448 8
      vertex 3.92941 2.17173 8
      vertex 3.64805 2.33264 7.2
    endloop
  endfacet
  facet normal 0.464301 0.813389 -0.350461
    outer loop
      vertex 3.45616 3.29865 8
      vertex 3.29071 3.0484 7.2
      vertex 3.3312 3.36998 8
    endloop
  endfacet
  facet normal 0.566497 0.745826 -0.350463
    outer loop
      vertex 3.57074 3.21162 8
      vertex 3.29071 3.0484 7.2
      vertex 3.45616 3.29865 8
    endloop
  endfacet
  facet normal -0.237964 -0.90584 -0.350466
    outer loop
      vertex 2.6402 1.30115 8
      vertex 2.50103 1.33771 8
      vertex 2.59607 1.62226 7.2
    endloop
  endfacet
  facet normal -0.354167 -0.867029 -0.350466
    outer loop
      vertex 2.50103 1.33771 8
      vertex 2.36783 1.39212 8
      vertex 2.59607 1.62226 7.2
    endloop
  endfacet
  facet normal 0.126823 -0.927949 -0.350466
    outer loop
      vertex 3.00942 1.5972 7.2
      vertex 2.92683 1.28377 8
      vertex 2.90574 1.58303 7.2
    endloop
  endfacet
  facet normal 0.362583 -0.863541 -0.350471
    outer loop
      vertex 3.20685 1.66529 7.2
      vertex 3.20819 1.34117 8
      vertex 3.11037 1.62478 7.2
    endloop
  endfacet
  facet normal 0.00456468 -0.936564 -0.350466
    outer loop
      vertex 2.90574 1.58303 7.2
      vertex 2.92683 1.28377 8
      vertex 2.8011 1.58252 7.2
    endloop
  endfacet
  facet normal 0.665517 -0.658983 -0.350469
    outer loop
      vertex 3.68008 1.65983 8
      vertex 3.37993 1.78217 7.2
      vertex 3.45356 1.85653 7.2
    endloop
  endfacet
  facet normal 0.472231 -0.808813 -0.350456
    outer loop
      vertex 3.46511 1.46944 8
      vertex 3.34085 1.39689 8
      vertex 3.20685 1.66529 7.2
    endloop
  endfacet
  facet normal -0.740254 -0.573757 -0.350465
    outer loop
      vertex 2.25063 1.85064 7.2
      vertex 2.02605 1.65173 8
      vertex 1.9379 1.76546 8
    endloop
  endfacet
  facet normal -0.903466 -0.246826 -0.350467
    outer loop
      vertex 2.06566 2.22114 7.2
      vertex 1.80963 2.02238 8
      vertex 1.77171 2.16118 8
    endloop
  endfacet
  facet normal -0.929153 0.117682 -0.350464
    outer loop
      vertex 2.05098 2.42947 7.2
      vertex 1.75153 2.44762 8
      vertex 1.76961 2.59037 8
    endloop
  endfacet
  facet normal -0.464324 -0.813373 -0.350467
    outer loop
      vertex 2.4992 1.66183 7.2
      vertex 2.36783 1.39212 8
      vertex 2.40832 1.71371 7.2
    endloop
  endfacet
  facet normal 0 0 1
    outer loop
      vertex 3.45616 3.29865 8
      vertex 3.51797 2.61162 8
      vertex 3.57074 3.21162 8
    endloop
  endfacet
  facet normal 0 0 1
    outer loop
      vertex 3.3312 3.36998 8
      vertex 3.51797 2.61162 8
      vertex 3.45616 3.29865 8
    endloop
  endfacet
  facet normal 0 0 1
    outer loop
      vertex 2.61895 3.04951 8
      vertex 3.3312 3.36998 8
      vertex 3.19799 3.42439 8
    endloop
  endfacet
  facet normal 0 0 1
    outer loop
      vertex 2.61895 3.04951 8
      vertex 3.19799 3.42439 8
      vertex 3.05883 3.46095 8
    endloop
  endfacet
  facet normal 0 0 1
    outer loop
      vertex 2.61895 3.04951 8
      vertex 3.05883 3.46095 8
      vertex 2.91608 3.47904 8
    endloop
  endfacet
  facet normal 0 0 1
    outer loop
      vertex 2.61895 3.04951 8
      vertex 2.91608 3.47904 8
      vertex 2.7722 3.47833 8
    endloop
  endfacet
  facet normal 0 0 1
    outer loop
      vertex 2.61895 3.04951 8
      vertex 2.7722 3.47833 8
      vertex 2.62964 3.45885 8
    endloop
  endfacet
  facet normal 0 0 1
    outer loop
      vertex 3.3312 3.36998 8
      vertex 2.61895 3.04951 8
      vertex 3.51797 2.61162 8
    endloop
  endfacet
  facet normal -0 0 1
    outer loop
      vertex 2.49084 3.42093 8
      vertex 2.61895 3.04951 8
      vertex 2.62964 3.45885 8
    endloop
  endfacet
  facet normal -0 0 1
    outer loop
      vertex 2.35817 3.36522 8
      vertex 2.61895 3.04951 8
      vertex 2.49084 3.42093 8
    endloop
  endfacet
  facet normal -0 0 1
    outer loop
      vertex 2.23392 3.29267 8
      vertex 2.61895 3.04951 8
      vertex 2.35817 3.36522 8
    endloop
  endfacet
  facet normal -0 0 1
    outer loop
      vertex 2.12019 3.20452 8
      vertex 2.61895 3.04951 8
      vertex 2.23392 3.29267 8
    endloop
  endfacet
  facet normal -0 0 1
    outer loop
      vertex 2.01895 3.10228 8
      vertex 2.61895 3.04951 8
      vertex 2.12019 3.20452 8
    endloop
  endfacet
  facet normal 0 0 1
    outer loop
      vertex 1.93192 2.9877 8
      vertex 2.61895 3.04951 8
      vertex 2.01895 3.10228 8
    endloop
  endfacet
  facet normal 0 0 1
    outer loop
      vertex 2.18105 2.15049 8
      vertex 2.02605 1.65173 8
      vertex 2.12829 1.55049 8
    endloop
  endfacet
  facet normal 0 0 1
    outer loop
      vertex 1.86058 2.86274 8
      vertex 2.61895 3.04951 8
      vertex 1.93192 2.9877 8
    endloop
  endfacet
  facet normal 0 0 1
    outer loop
      vertex 2.18105 2.15049 8
      vertex 1.9379 1.76546 8
      vertex 2.02605 1.65173 8
    endloop
  endfacet
  facet normal 0 0 1
    outer loop
      vertex 2.61895 3.04951 8
      vertex 1.86058 2.86274 8
      vertex 2.18105 2.15049 8
    endloop
  endfacet
  facet normal 0 0 1
    outer loop
      vertex 2.18105 2.15049 8
      vertex 1.86535 1.88971 8
      vertex 1.9379 1.76546 8
    endloop
  endfacet
  facet normal -0 0 1
    outer loop
      vertex 1.80617 2.72953 8
      vertex 2.18105 2.15049 8
      vertex 1.86058 2.86274 8
    endloop
  endfacet
  facet normal 0 0 1
    outer loop
      vertex 2.18105 2.15049 8
      vertex 1.80963 2.02238 8
      vertex 1.86535 1.88971 8
    endloop
  endfacet
  facet normal -0 0 1
    outer loop
      vertex 1.76961 2.59037 8
      vertex 2.18105 2.15049 8
      vertex 1.80617 2.72953 8
    endloop
  endfacet
  facet normal 0 0 1
    outer loop
      vertex 2.18105 2.15049 8
      vertex 1.77171 2.16118 8
      vertex 1.80963 2.02238 8
    endloop
  endfacet
  facet normal -0 0 1
    outer loop
      vertex 1.75153 2.44762 8
      vertex 2.18105 2.15049 8
      vertex 1.76961 2.59037 8
    endloop
  endfacet
  facet normal 0 0 1
    outer loop
      vertex 2.18105 2.15049 8
      vertex 1.75223 2.30374 8
      vertex 1.77171 2.16118 8
    endloop
  endfacet
  facet normal 0 0 1
    outer loop
      vertex 2.18105 2.15049 8
      vertex 1.75153 2.44762 8
      vertex 1.75223 2.30374 8
    endloop
  endfacet
  facet normal 0 0 1
    outer loop
      vertex 3.51797 2.61162 8
      vertex 3.9475 2.31448 8
      vertex 3.94679 2.45837 8
    endloop
  endfacet
  facet normal 0 0 1
    outer loop
      vertex 3.51797 2.61162 8
      vertex 3.94679 2.45837 8
      vertex 3.92731 2.60093 8
    endloop
  endfacet
  facet normal 0 0 1
    outer loop
      vertex 3.9475 2.31448 8
      vertex 3.51797 2.61162 8
      vertex 3.92941 2.17173 8
    endloop
  endfacet
  facet normal -0 0 1
    outer loop
      vertex 3.51797 2.61162 8
      vertex 3.92731 2.60093 8
      vertex 3.88939 2.73973 8
    endloop
  endfacet
  facet normal 0 0 1
    outer loop
      vertex 3.92941 2.17173 8
      vertex 3.51797 2.61162 8
      vertex 3.89285 2.03257 8
    endloop
  endfacet
  facet normal 0 0 1
    outer loop
      vertex 3.51797 2.61162 8
      vertex 3.88939 2.73973 8
      vertex 3.83368 2.87239 8
    endloop
  endfacet
  facet normal 0 0 1
    outer loop
      vertex 3.89285 2.03257 8
      vertex 3.51797 2.61162 8
      vertex 3.83844 1.89937 8
    endloop
  endfacet
  facet normal 0 0 1
    outer loop
      vertex 3.51797 2.61162 8
      vertex 3.83368 2.87239 8
      vertex 3.76113 2.99665 8
    endloop
  endfacet
  facet normal 0 0 1
    outer loop
      vertex 3.08008 1.71259 8
      vertex 3.83844 1.89937 8
      vertex 3.51797 2.61162 8
    endloop
  endfacet
  facet normal 0 0 1
    outer loop
      vertex 3.51797 2.61162 8
      vertex 3.76113 2.99665 8
      vertex 3.67298 3.11037 8
    endloop
  endfacet
  facet normal 0 0 1
    outer loop
      vertex 3.83844 1.89937 8
      vertex 3.08008 1.71259 8
      vertex 3.76711 1.77441 8
    endloop
  endfacet
  facet normal 0 0 1
    outer loop
      vertex 3.51797 2.61162 8
      vertex 3.67298 3.11037 8
      vertex 3.57074 3.21162 8
    endloop
  endfacet
  facet normal 0 0 1
    outer loop
      vertex 3.76711 1.77441 8
      vertex 3.08008 1.71259 8
      vertex 3.68008 1.65983 8
    endloop
  endfacet
  facet normal 0 0 1
    outer loop
      vertex 3.68008 1.65983 8
      vertex 3.08008 1.71259 8
      vertex 3.57883 1.55759 8
    endloop
  endfacet
  facet normal 0 0 1
    outer loop
      vertex 3.57883 1.55759 8
      vertex 3.08008 1.71259 8
      vertex 3.46511 1.46944 8
    endloop
  endfacet
  facet normal 0 0 1
    outer loop
      vertex 3.46511 1.46944 8
      vertex 3.08008 1.71259 8
      vertex 3.34085 1.39689 8
    endloop
  endfacet
  facet normal 0 0 1
    outer loop
      vertex 3.34085 1.39689 8
      vertex 3.08008 1.71259 8
      vertex 3.20819 1.34117 8
    endloop
  endfacet
  facet normal 0 0 1
    outer loop
      vertex 3.08008 1.71259 8
      vertex 3.06939 1.30325 8
      vertex 3.20819 1.34117 8
    endloop
  endfacet
  facet normal 0 0 1
    outer loop
      vertex 3.08008 1.71259 8
      vertex 2.92683 1.28377 8
      vertex 3.06939 1.30325 8
    endloop
  endfacet
  facet normal 0 0 1
    outer loop
      vertex 3.08008 1.71259 8
      vertex 2.78294 1.28307 8
      vertex 2.92683 1.28377 8
    endloop
  endfacet
  facet normal 0 0 1
    outer loop
      vertex 3.08008 1.71259 8
      vertex 2.6402 1.30115 8
      vertex 2.78294 1.28307 8
    endloop
  endfacet
  facet normal 0 0 1
    outer loop
      vertex 3.08008 1.71259 8
      vertex 2.50103 1.33771 8
      vertex 2.6402 1.30115 8
    endloop
  endfacet
  facet normal 0 0 1
    outer loop
      vertex 3.08008 1.71259 8
      vertex 2.36783 1.39212 8
      vertex 2.50103 1.33771 8
    endloop
  endfacet
  facet normal 0 0 1
    outer loop
      vertex 2.18105 2.15049 8
      vertex 2.36783 1.39212 8
      vertex 3.08008 1.71259 8
    endloop
  endfacet
  facet normal 0 0 1
    outer loop
      vertex 2.36783 1.39212 8
      vertex 2.18105 2.15049 8
      vertex 2.24287 1.46346 8
    endloop
  endfacet
  facet normal 0 0 1
    outer loop
      vertex 2.24287 1.46346 8
      vertex 2.18105 2.15049 8
      vertex 2.12829 1.55049 8
    endloop
  endfacet
  facet normal -0.813373 0.464324 -0.350467
    outer loop
      vertex 2.18217 2.82225 7.2
      vertex 2.13029 2.73137 7.2
      vertex 1.86058 2.86274 8
    endloop
  endfacet
  facet normal -0.362609 0.863532 -0.350467
    outer loop
      vertex 2.49084 3.42093 8
      vertex 2.49218 3.09681 7.2
      vertex 2.35817 3.36522 8
    endloop
  endfacet
  facet normal -0.362661 0.863513 -0.35046
    outer loop
      vertex 2.58866 3.13733 7.2
      vertex 2.49218 3.09681 7.2
      vertex 2.49084 3.42093 8
    endloop
  endfacet
  facet normal -0.246854 0.90346 -0.350461
    outer loop
      vertex 2.6896 3.16491 7.2
      vertex 2.58866 3.13733 7.2
      vertex 2.49084 3.42093 8
    endloop
  endfacet
  facet normal -0.00462164 0.936565 -0.350463
    outer loop
      vertex 2.91608 3.47904 8
      vertex 2.89793 3.17959 7.2
      vertex 2.7722 3.47833 8
    endloop
  endfacet
  facet normal -0.126735 0.927961 -0.350466
    outer loop
      vertex 2.79328 3.17907 7.2
      vertex 2.6896 3.16491 7.2
      vertex 2.7722 3.47833 8
    endloop
  endfacet
  facet normal 0.117699 0.929154 -0.350456
    outer loop
      vertex 3.00174 3.16644 7.2
      vertex 2.89793 3.17959 7.2
      vertex 3.05883 3.46095 8
    endloop
  endfacet
  facet normal 0.740242 0.573775 -0.350463
    outer loop
      vertex 3.76113 2.99665 8
      vertex 3.51251 2.82876 7.2
      vertex 3.4484 2.91147 7.2
    endloop
  endfacet
  facet normal 0.740232 0.57379 -0.35046
    outer loop
      vertex 3.76113 2.99665 8
      vertex 3.4484 2.91147 7.2
      vertex 3.67298 3.11037 8
    endloop
  endfacet
  facet normal 0.866996 -0.354245 -0.350468
    outer loop
      vertex 3.83844 1.89937 8
      vertex 3.56873 2.03074 7.2
      vertex 3.60831 2.12761 7.2
    endloop
  endfacet
  facet normal 0.905839 -0.237981 -0.350457
    outer loop
      vertex 3.89285 2.03257 8
      vertex 3.60831 2.12761 7.2
      vertex 3.92941 2.17173 8
    endloop
  endfacet
  facet normal 0.867032 -0.354168 -0.350457
    outer loop
      vertex 3.89285 2.03257 8
      vertex 3.83844 1.89937 8
      vertex 3.60831 2.12761 7.2
    endloop
  endfacet
  facet normal 0.566531 0.745798 -0.350468
    outer loop
      vertex 3.57074 3.21162 8
      vertex 3.37404 2.9851 7.2
      vertex 3.29071 3.0484 7.2
    endloop
  endfacet
  facet normal 0 0 -1
    outer loop
      vertex 3.51797 2.61162 7.2
      vertex 3.64805 2.33264 7.2
      vertex 3.6349 2.22882 7.2
    endloop
  endfacet
  facet normal 0 0 -1
    outer loop
      vertex 3.64805 2.33264 7.2
      vertex 3.51797 2.61162 7.2
      vertex 3.64753 2.43728 7.2
    endloop
  endfacet
  facet normal 0 0 -1
    outer loop
      vertex 3.51797 2.61162 7.2
      vertex 3.6349 2.22882 7.2
      vertex 3.60831 2.12761 7.2
    endloop
  endfacet
  facet normal 0 0 -1
    outer loop
      vertex 3.64753 2.43728 7.2
      vertex 3.51797 2.61162 7.2
      vertex 3.63337 2.54096 7.2
    endloop
  endfacet
  facet normal 0 0 -1
    outer loop
      vertex 3.51797 2.61162 7.2
      vertex 3.60831 2.12761 7.2
      vertex 3.56873 2.03074 7.2
    endloop
  endfacet
  facet normal 0 0 -1
    outer loop
      vertex 3.63337 2.54096 7.2
      vertex 3.51797 2.61162 7.2
      vertex 3.60579 2.64191 7.2
    endloop
  endfacet
  facet normal -0 0 -1
    outer loop
      vertex 3.60579 2.64191 7.2
      vertex 3.51797 2.61162 7.2
      vertex 3.56527 2.73839 7.2
    endloop
  endfacet
  facet normal 0 0 -1
    outer loop
      vertex 3.08008 1.71259 7.2
      vertex 3.56873 2.03074 7.2
      vertex 3.51686 1.93986 7.2
    endloop
  endfacet
  facet normal 0 0 -1
    outer loop
      vertex 3.08008 1.71259 7.2
      vertex 3.51686 1.93986 7.2
      vertex 3.45356 1.85653 7.2
    endloop
  endfacet
  facet normal 0 0 -1
    outer loop
      vertex 3.08008 1.71259 7.2
      vertex 3.45356 1.85653 7.2
      vertex 3.37993 1.78217 7.2
    endloop
  endfacet
  facet normal 0 0 -1
    outer loop
      vertex 3.08008 1.71259 7.2
      vertex 3.37993 1.78217 7.2
      vertex 3.29722 1.71806 7.2
    endloop
  endfacet
  facet normal 0 0 -1
    outer loop
      vertex 3.08008 1.71259 7.2
      vertex 3.29722 1.71806 7.2
      vertex 3.20685 1.66529 7.2
    endloop
  endfacet
  facet normal 0 0 -1
    outer loop
      vertex 3.08008 1.71259 7.2
      vertex 3.20685 1.66529 7.2
      vertex 3.11037 1.62478 7.2
    endloop
  endfacet
  facet normal -0 0 -1
    outer loop
      vertex 3.56873 2.03074 7.2
      vertex 3.08008 1.71259 7.2
      vertex 3.51797 2.61162 7.2
    endloop
  endfacet
  facet normal 0 0 -1
    outer loop
      vertex 3.00942 1.5972 7.2
      vertex 3.08008 1.71259 7.2
      vertex 3.11037 1.62478 7.2
    endloop
  endfacet
  facet normal 0 0 -1
    outer loop
      vertex 2.90574 1.58303 7.2
      vertex 3.08008 1.71259 7.2
      vertex 3.00942 1.5972 7.2
    endloop
  endfacet
  facet normal 0 0 -1
    outer loop
      vertex 2.8011 1.58252 7.2
      vertex 3.08008 1.71259 7.2
      vertex 2.90574 1.58303 7.2
    endloop
  endfacet
  facet normal 0 0 -1
    outer loop
      vertex 2.69728 1.59567 7.2
      vertex 3.08008 1.71259 7.2
      vertex 2.8011 1.58252 7.2
    endloop
  endfacet
  facet normal 0 0 -1
    outer loop
      vertex 2.59607 1.62226 7.2
      vertex 3.08008 1.71259 7.2
      vertex 2.69728 1.59567 7.2
    endloop
  endfacet
  facet normal 0 0 -1
    outer loop
      vertex 2.4992 1.66183 7.2
      vertex 3.08008 1.71259 7.2
      vertex 2.59607 1.62226 7.2
    endloop
  endfacet
  facet normal 0 0 -1
    outer loop
      vertex 2.18105 2.15049 7.2
      vertex 2.4992 1.66183 7.2
      vertex 2.40832 1.71371 7.2
    endloop
  endfacet
  facet normal 0 0 -1
    outer loop
      vertex 2.18105 2.15049 7.2
      vertex 2.40832 1.71371 7.2
      vertex 2.32499 1.77701 7.2
    endloop
  endfacet
  facet normal 0 0 -1
    outer loop
      vertex 2.18105 2.15049 7.2
      vertex 2.32499 1.77701 7.2
      vertex 2.25063 1.85064 7.2
    endloop
  endfacet
  facet normal 0 0 -1
    outer loop
      vertex 2.18105 2.15049 7.2
      vertex 2.25063 1.85064 7.2
      vertex 2.18652 1.93335 7.2
    endloop
  endfacet
  facet normal 0 0 -1
    outer loop
      vertex 2.4992 1.66183 7.2
      vertex 2.18105 2.15049 7.2
      vertex 3.08008 1.71259 7.2
    endloop
  endfacet
  facet normal 0 -0 -1
    outer loop
      vertex 2.18105 2.15049 7.2
      vertex 2.18652 1.93335 7.2
      vertex 2.13375 2.02372 7.2
    endloop
  endfacet
  facet normal 0 0 -1
    outer loop
      vertex 3.51797 2.61162 7.2
      vertex 3.51251 2.82876 7.2
      vertex 3.56527 2.73839 7.2
    endloop
  endfacet
  facet normal 0 0 -1
    outer loop
      vertex 3.51797 2.61162 7.2
      vertex 3.4484 2.91147 7.2
      vertex 3.51251 2.82876 7.2
    endloop
  endfacet
  facet normal 0 0 -1
    outer loop
      vertex 3.51797 2.61162 7.2
      vertex 3.37404 2.9851 7.2
      vertex 3.4484 2.91147 7.2
    endloop
  endfacet
  facet normal 0 0 -1
    outer loop
      vertex 3.51797 2.61162 7.2
      vertex 3.29071 3.0484 7.2
      vertex 3.37404 2.9851 7.2
    endloop
  endfacet
  facet normal 0 0 -1
    outer loop
      vertex 3.51797 2.61162 7.2
      vertex 3.19983 3.10027 7.2
      vertex 3.29071 3.0484 7.2
    endloop
  endfacet
  facet normal 0 0 -1
    outer loop
      vertex 2.61895 3.04951 7.2
      vertex 3.19983 3.10027 7.2
      vertex 3.51797 2.61162 7.2
    endloop
  endfacet
  facet normal -0 0 -1
    outer loop
      vertex 3.19983 3.10027 7.2
      vertex 2.61895 3.04951 7.2
      vertex 3.10295 3.13985 7.2
    endloop
  endfacet
  facet normal -0 0 -1
    outer loop
      vertex 3.10295 3.13985 7.2
      vertex 2.61895 3.04951 7.2
      vertex 3.00174 3.16644 7.2
    endloop
  endfacet
  facet normal -0 0 -1
    outer loop
      vertex 3.00174 3.16644 7.2
      vertex 2.61895 3.04951 7.2
      vertex 2.89793 3.17959 7.2
    endloop
  endfacet
  facet normal 0 0 -1
    outer loop
      vertex 2.89793 3.17959 7.2
      vertex 2.61895 3.04951 7.2
      vertex 2.79328 3.17907 7.2
    endloop
  endfacet
  facet normal 0 0 -1
    outer loop
      vertex 2.79328 3.17907 7.2
      vertex 2.61895 3.04951 7.2
      vertex 2.6896 3.16491 7.2
    endloop
  endfacet
  facet normal 0 0 -1
    outer loop
      vertex 2.61895 3.04951 7.2
      vertex 2.58866 3.13733 7.2
      vertex 2.6896 3.16491 7.2
    endloop
  endfacet
  facet normal 0 0 -1
    outer loop
      vertex 2.61895 3.04951 7.2
      vertex 2.49218 3.09681 7.2
      vertex 2.58866 3.13733 7.2
    endloop
  endfacet
  facet normal -0 0 -1
    outer loop
      vertex 2.61895 3.04951 7.2
      vertex 2.40181 3.04404 7.2
      vertex 2.49218 3.09681 7.2
    endloop
  endfacet
  facet normal 0 0 -1
    outer loop
      vertex 2.61895 3.04951 7.2
      vertex 2.3191 2.97994 7.2
      vertex 2.40181 3.04404 7.2
    endloop
  endfacet
  facet normal 0 0 -1
    outer loop
      vertex 2.61895 3.04951 7.2
      vertex 2.24547 2.90558 7.2
      vertex 2.3191 2.97994 7.2
    endloop
  endfacet
  facet normal 0 0 -1
    outer loop
      vertex 2.61895 3.04951 7.2
      vertex 2.18217 2.82225 7.2
      vertex 2.24547 2.90558 7.2
    endloop
  endfacet
  facet normal 0 0 -1
    outer loop
      vertex 2.13029 2.73137 7.2
      vertex 2.61895 3.04951 7.2
      vertex 2.18105 2.15049 7.2
    endloop
  endfacet
  facet normal 0 0 -1
    outer loop
      vertex 2.09324 2.1202 7.2
      vertex 2.18105 2.15049 7.2
      vertex 2.13375 2.02372 7.2
    endloop
  endfacet
  facet normal 0 0 -1
    outer loop
      vertex 2.61895 3.04951 7.2
      vertex 2.13029 2.73137 7.2
      vertex 2.18217 2.82225 7.2
    endloop
  endfacet
  facet normal 0 0 -1
    outer loop
      vertex 2.06566 2.22114 7.2
      vertex 2.18105 2.15049 7.2
      vertex 2.09324 2.1202 7.2
    endloop
  endfacet
  facet normal 0 0 -1
    outer loop
      vertex 2.18105 2.15049 7.2
      vertex 2.09072 2.63449 7.2
      vertex 2.13029 2.73137 7.2
    endloop
  endfacet
  facet normal 0 0 -1
    outer loop
      vertex 2.05149 2.32482 7.2
      vertex 2.18105 2.15049 7.2
      vertex 2.06566 2.22114 7.2
    endloop
  endfacet
  facet normal 0 0 -1
    outer loop
      vertex 2.18105 2.15049 7.2
      vertex 2.06413 2.53328 7.2
      vertex 2.09072 2.63449 7.2
    endloop
  endfacet
  facet normal 0 0 -1
    outer loop
      vertex 2.05098 2.42947 7.2
      vertex 2.18105 2.15049 7.2
      vertex 2.05149 2.32482 7.2
    endloop
  endfacet
  facet normal 0 0 -1
    outer loop
      vertex 2.18105 2.15049 7.2
      vertex 2.05098 2.42947 7.2
      vertex 2.06413 2.53328 7.2
    endloop
  endfacet
  facet normal -0.237982 -0.905836 -0.350464
    outer loop
      vertex 2.69728 1.59567 7.2
      vertex 2.6402 1.30115 8
      vertex 2.59607 1.62226 7.2
    endloop
  endfacet
  facet normal 0.246825 -0.903465 -0.350469
    outer loop
      vertex 3.20819 1.34117 8
      vertex 3.06939 1.30325 8
      vertex 3.00942 1.5972 7.2
    endloop
  endfacet
  facet normal 0.24683 -0.903463 -0.35047
    outer loop
      vertex 3.11037 1.62478 7.2
      vertex 3.20819 1.34117 8
      vertex 3.00942 1.5972 7.2
    endloop
  endfacet
  facet normal 0.813411 -0.464257 -0.350468
    outer loop
      vertex 3.83844 1.89937 8
      vertex 3.51686 1.93986 7.2
      vertex 3.56873 2.03074 7.2
    endloop
  endfacet
  facet normal 0.362689 -0.863503 -0.350456
    outer loop
      vertex 3.34085 1.39689 8
      vertex 3.20819 1.34117 8
      vertex 3.20685 1.66529 7.2
    endloop
  endfacet
  facet normal -0.808795 -0.472258 -0.35046
    outer loop
      vertex 2.13375 2.02372 7.2
      vertex 1.9379 1.76546 8
      vertex 1.86535 1.88971 8
    endloop
  endfacet
  facet normal -0.658983 -0.665517 -0.350469
    outer loop
      vertex 2.32499 1.77701 7.2
      vertex 2.12829 1.55049 8
      vertex 2.25063 1.85064 7.2
    endloop
  endfacet
  facet normal -0.658996 -0.665505 -0.350466
    outer loop
      vertex 2.25063 1.85064 7.2
      vertex 2.12829 1.55049 8
      vertex 2.02605 1.65173 8
    endloop
  endfacet
  facet normal -0.867041 0.354137 -0.350466
    outer loop
      vertex 2.13029 2.73137 7.2
      vertex 2.09072 2.63449 7.2
      vertex 1.86058 2.86274 8
    endloop
  endfacet
  facet normal -0.905836 0.23798 -0.350467
    outer loop
      vertex 2.09072 2.63449 7.2
      vertex 1.76961 2.59037 8
      vertex 1.80617 2.72953 8
    endloop
  endfacet
  facet normal -0.867038 0.354144 -0.350467
    outer loop
      vertex 2.09072 2.63449 7.2
      vertex 1.80617 2.72953 8
      vertex 1.86058 2.86274 8
    endloop
  endfacet
  facet normal -0.46435 -0.81336 -0.350463
    outer loop
      vertex 2.40832 1.71371 7.2
      vertex 2.36783 1.39212 8
      vertex 2.24287 1.46346 8
    endloop
  endfacet
  facet normal -0.566497 -0.745826 -0.350463
    outer loop
      vertex 2.40832 1.71371 7.2
      vertex 2.24287 1.46346 8
      vertex 2.12829 1.55049 8
    endloop
  endfacet
  facet normal -0.472257 0.808792 -0.350469
    outer loop
      vertex 2.35817 3.36522 8
      vertex 2.49218 3.09681 7.2
      vertex 2.23392 3.29267 8
    endloop
  endfacet
  facet normal -0.665517 0.658983 -0.350469
    outer loop
      vertex 2.3191 2.97994 7.2
      vertex 2.24547 2.90558 7.2
      vertex 2.01895 3.10228 8
    endloop
  endfacet
  facet normal -0.665505 0.658996 -0.350466
    outer loop
      vertex 2.3191 2.97994 7.2
      vertex 2.01895 3.10228 8
      vertex 2.12019 3.20452 8
    endloop
  endfacet
  facet normal -0.81336 0.46435 -0.350463
    outer loop
      vertex 2.18217 2.82225 7.2
      vertex 1.86058 2.86274 8
      vertex 1.93192 2.9877 8
    endloop
  endfacet
  facet normal -0.745826 0.566497 -0.350463
    outer loop
      vertex 2.01895 3.10228 8
      vertex 2.18217 2.82225 7.2
      vertex 1.93192 2.9877 8
    endloop
  endfacet
  facet normal -0.00465373 0.936563 -0.350468
    outer loop
      vertex 2.89793 3.17959 7.2
      vertex 2.79328 3.17907 7.2
      vertex 2.7722 3.47833 8
    endloop
  endfacet
  facet normal 0.808824 0.472209 -0.350461
    outer loop
      vertex 3.76113 2.99665 8
      vertex 3.56527 2.73839 7.2
      vertex 3.51251 2.82876 7.2
    endloop
  endfacet
  facet normal 0.927955 0.1268 -0.350459
    outer loop
      vertex 3.94679 2.45837 8
      vertex 3.63337 2.54096 7.2
      vertex 3.92731 2.60093 8
    endloop
  endfacet
  facet normal 0.92796 0.126735 -0.350468
    outer loop
      vertex 3.94679 2.45837 8
      vertex 3.64753 2.43728 7.2
      vertex 3.63337 2.54096 7.2
    endloop
  endfacet
  facet normal 0.936565 0.00462132 -0.350463
    outer loop
      vertex 3.9475 2.31448 8
      vertex 3.64805 2.33264 7.2
      vertex 3.94679 2.45837 8
    endloop
  endfacet
  facet normal 0.905839 -0.237983 -0.350456
    outer loop
      vertex 3.92941 2.17173 8
      vertex 3.60831 2.12761 7.2
      vertex 3.6349 2.22882 7.2
    endloop
  endfacet
  facet normal -0.117688 -0.929152 -0.350464
    outer loop
      vertex 2.8011 1.58252 7.2
      vertex 2.6402 1.30115 8
      vertex 2.69728 1.59567 7.2
    endloop
  endfacet
  facet normal 0.126799 -0.927951 -0.350469
    outer loop
      vertex 3.06939 1.30325 8
      vertex 2.92683 1.28377 8
      vertex 3.00942 1.5972 7.2
    endloop
  endfacet
  facet normal 0.813389 -0.464301 -0.350461
    outer loop
      vertex 3.83844 1.89937 8
      vertex 3.76711 1.77441 8
      vertex 3.51686 1.93986 7.2
    endloop
  endfacet
  facet normal 0.745826 -0.566497 -0.350463
    outer loop
      vertex 3.76711 1.77441 8
      vertex 3.68008 1.65983 8
      vertex 3.51686 1.93986 7.2
    endloop
  endfacet
  facet normal 0.57379 -0.740232 -0.35046
    outer loop
      vertex 3.57883 1.55759 8
      vertex 3.46511 1.46944 8
      vertex 3.37993 1.78217 7.2
    endloop
  endfacet
  facet normal 0.665475 -0.659031 -0.35046
    outer loop
      vertex 3.68008 1.65983 8
      vertex 3.57883 1.55759 8
      vertex 3.37993 1.78217 7.2
    endloop
  endfacet
  facet normal 0.573775 -0.740242 -0.350463
    outer loop
      vertex 3.37993 1.78217 7.2
      vertex 3.46511 1.46944 8
      vertex 3.29722 1.71806 7.2
    endloop
  endfacet
  facet normal 0.472275 -0.808784 -0.350463
    outer loop
      vertex 3.29722 1.71806 7.2
      vertex 3.46511 1.46944 8
      vertex 3.20685 1.66529 7.2
    endloop
  endfacet
  facet normal -0.740242 -0.573775 -0.350463
    outer loop
      vertex 2.25063 1.85064 7.2
      vertex 1.9379 1.76546 8
      vertex 2.18652 1.93335 7.2
    endloop
  endfacet
  facet normal -0.808784 -0.472275 -0.350463
    outer loop
      vertex 2.18652 1.93335 7.2
      vertex 1.9379 1.76546 8
      vertex 2.13375 2.02372 7.2
    endloop
  endfacet
  facet normal -0.927952 -0.126799 -0.350468
    outer loop
      vertex 2.06566 2.22114 7.2
      vertex 1.77171 2.16118 8
      vertex 1.75223 2.30374 8
    endloop
  endfacet
  facet normal -0.92795 -0.126823 -0.350465
    outer loop
      vertex 2.06566 2.22114 7.2
      vertex 1.75223 2.30374 8
      vertex 2.05149 2.32482 7.2
    endloop
  endfacet
  facet normal -0.936565 -0.00455654 -0.350465
    outer loop
      vertex 2.05098 2.42947 7.2
      vertex 1.75223 2.30374 8
      vertex 1.75153 2.44762 8
    endloop
  endfacet
  facet normal -0.905835 0.237982 -0.350466
    outer loop
      vertex 2.06413 2.53328 7.2
      vertex 1.76961 2.59037 8
      vertex 2.09072 2.63449 7.2
    endloop
  endfacet
  facet normal -0.573717 0.740283 -0.350472
    outer loop
      vertex 2.40181 3.04404 7.2
      vertex 2.3191 2.97994 7.2
      vertex 2.23392 3.29267 8
    endloop
  endfacet
  facet normal -0.472274 0.808781 -0.350472
    outer loop
      vertex 2.49218 3.09681 7.2
      vertex 2.40181 3.04404 7.2
      vertex 2.23392 3.29267 8
    endloop
  endfacet
  facet normal 0.936563 0.00465418 -0.350468
    outer loop
      vertex 3.94679 2.45837 8
      vertex 3.64805 2.33264 7.2
      vertex 3.64753 2.43728 7.2
    endloop
  endfacet
  facet normal 0.929156 -0.117688 -0.350456
    outer loop
      vertex 3.92941 2.17173 8
      vertex 3.6349 2.22882 7.2
      vertex 3.64805 2.33264 7.2
    endloop
  endfacet
  facet normal -0.936564 -0.00456424 -0.350466
    outer loop
      vertex 2.05149 2.32482 7.2
      vertex 1.75223 2.30374 8
      vertex 2.05098 2.42947 7.2
    endloop
  endfacet
  facet normal -0.92915 0.117699 -0.350466
    outer loop
      vertex 2.06413 2.53328 7.2
      vertex 2.05098 2.42947 7.2
      vertex 1.76961 2.59037 8
    endloop
  endfacet
endsolid OpenSCAD_Model
