solid OpenSCAD_Model
  facet normal 0.998632 0.0522939 0
    outer loop
      vertex -10.1 0 0
      vertex -10.1104 0.198604 -4.5
      vertex -10.1104 0.198604 0
    endloop
  endfacet
  facet normal 0.998632 0.0522939 0
    outer loop
      vertex -10.1104 0.198604 -4.5
      vertex -10.1 0 0
      vertex -10.1 0 -4.5
    endloop
  endfacet
  facet normal -0.998632 0.0522939 0
    outer loop
      vertex -13.9 0 -4.5
      vertex -13.8896 0.198604 0
      vertex -13.8896 0.198604 -4.5
    endloop
  endfacet
  facet normal -0.998632 0.0522939 0
    outer loop
      vertex -13.8896 0.198604 0
      vertex -13.9 0 -4.5
      vertex -13.9 0 0
    endloop
  endfacet
  facet normal 0.0523451 0.998629 -0
    outer loop
      vertex -11.8014 1.88959 -4.5
      vertex -12 1.9 0
      vertex -11.8014 1.88959 0
    endloop
  endfacet
  facet normal 0.0523451 0.998629 0
    outer loop
      vertex -12 1.9 0
      vertex -11.8014 1.88959 -4.5
      vertex -12 1.9 -4.5
    endloop
  endfacet
  facet normal -0.0523451 -0.998629 0
    outer loop
      vertex -12.1986 -1.88959 -4.5
      vertex -12 -1.9 0
      vertex -12.1986 -1.88959 0
    endloop
  endfacet
  facet normal -0.0523451 -0.998629 -0
    outer loop
      vertex -12 -1.9 0
      vertex -12.1986 -1.88959 -4.5
      vertex -12 -1.9 -4.5
    endloop
  endfacet
  facet normal 0.706906 0.707308 0
    outer loop
      vertex -10.588 1.27135 0
      vertex -10.7287 1.41197 -4.5
      vertex -10.7287 1.41197 0
    endloop
  endfacet
  facet normal 0.706906 0.707308 0
    outer loop
      vertex -10.7287 1.41197 -4.5
      vertex -10.588 1.27135 0
      vertex -10.588 1.27135 -4.5
    endloop
  endfacet
  facet normal -0.629467 0.777027 0
    outer loop
      vertex -13.1168 1.53713 -4.5
      vertex -13.2713 1.41197 0
      vertex -13.1168 1.53713 0
    endloop
  endfacet
  facet normal -0.629467 0.777027 0
    outer loop
      vertex -13.2713 1.41197 0
      vertex -13.1168 1.53713 -4.5
      vertex -13.2713 1.41197 -4.5
    endloop
  endfacet
  facet normal -0.358309 0.933603 0
    outer loop
      vertex -12.5871 1.80701 -4.5
      vertex -12.7728 1.73574 0
      vertex -12.5871 1.80701 0
    endloop
  endfacet
  facet normal -0.358309 0.933603 0
    outer loop
      vertex -12.7728 1.73574 0
      vertex -12.5871 1.80701 -4.5
      vertex -12.7728 1.73574 -4.5
    endloop
  endfacet
  facet normal -0.965892 -0.258946 0
    outer loop
      vertex -13.807 -0.587132 -4.5
      vertex -13.8585 -0.395032 0
      vertex -13.8585 -0.395032 -4.5
    endloop
  endfacet
  facet normal -0.965892 -0.258946 0
    outer loop
      vertex -13.8585 -0.395032 0
      vertex -13.807 -0.587132 -4.5
      vertex -13.807 -0.587132 0
    endloop
  endfacet
  facet normal 0.933531 0.358496 0
    outer loop
      vertex -10.193 0.587132 0
      vertex -10.2643 0.772799 -4.5
      vertex -10.2643 0.772799 0
    endloop
  endfacet
  facet normal 0.933531 0.358496 0
    outer loop
      vertex -10.2643 0.772799 -4.5
      vertex -10.193 0.587132 0
      vertex -10.193 0.587132 -4.5
    endloop
  endfacet
  facet normal 0.453999 0.891002 -0
    outer loop
      vertex -11.05 1.64545 -4.5
      vertex -11.2272 1.73574 0
      vertex -11.05 1.64545 0
    endloop
  endfacet
  facet normal 0.453999 0.891002 0
    outer loop
      vertex -11.2272 1.73574 0
      vertex -11.05 1.64545 -4.5
      vertex -11.2272 1.73574 -4.5
    endloop
  endfacet
  facet normal 0.629467 0.777027 -0
    outer loop
      vertex -10.7287 1.41197 -4.5
      vertex -10.8832 1.53713 0
      vertex -10.7287 1.41197 0
    endloop
  endfacet
  facet normal 0.629467 0.777027 0
    outer loop
      vertex -10.8832 1.53713 0
      vertex -10.7287 1.41197 -4.5
      vertex -10.8832 1.53713 -4.5
    endloop
  endfacet
  facet normal -0.838704 0.544587 0
    outer loop
      vertex -13.6454 0.95 -4.5
      vertex -13.5371 1.11679 0
      vertex -13.5371 1.11679 -4.5
    endloop
  endfacet
  facet normal -0.838704 0.544587 0
    outer loop
      vertex -13.5371 1.11679 0
      vertex -13.6454 0.95 -4.5
      vertex -13.6454 0.95 0
    endloop
  endfacet
  facet normal -0.777294 0.629137 0
    outer loop
      vertex -13.5371 1.11679 -4.5
      vertex -13.412 1.27135 0
      vertex -13.412 1.27135 -4.5
    endloop
  endfacet
  facet normal -0.777294 0.629137 0
    outer loop
      vertex -13.412 1.27135 0
      vertex -13.5371 1.11679 -4.5
      vertex -13.5371 1.11679 0
    endloop
  endfacet
  facet normal -0.544635 0.838673 0
    outer loop
      vertex -12.95 1.64545 -4.5
      vertex -13.1168 1.53713 0
      vertex -12.95 1.64545 0
    endloop
  endfacet
  facet normal -0.544635 0.838673 0
    outer loop
      vertex -13.1168 1.53713 0
      vertex -12.95 1.64545 -4.5
      vertex -13.1168 1.53713 -4.5
    endloop
  endfacet
  facet normal -0.156451 0.987686 0
    outer loop
      vertex -12.1986 1.88959 -4.5
      vertex -12.395 1.85848 0
      vertex -12.1986 1.88959 0
    endloop
  endfacet
  facet normal -0.156451 0.987686 0
    outer loop
      vertex -12.395 1.85848 0
      vertex -12.1986 1.88959 -4.5
      vertex -12.395 1.85848 -4.5
    endloop
  endfacet
  facet normal 0.890983 -0.454037 0
    outer loop
      vertex -10.3546 -0.95 0
      vertex -10.2643 -0.772799 -4.5
      vertex -10.2643 -0.772799 0
    endloop
  endfacet
  facet normal 0.890983 -0.454037 0
    outer loop
      vertex -10.2643 -0.772799 -4.5
      vertex -10.3546 -0.95 0
      vertex -10.3546 -0.95 -4.5
    endloop
  endfacet
  facet normal 0.258805 -0.96593 0
    outer loop
      vertex -11.605 -1.85848 -4.5
      vertex -11.4129 -1.80701 0
      vertex -11.605 -1.85848 0
    endloop
  endfacet
  facet normal 0.258805 -0.96593 0
    outer loop
      vertex -11.4129 -1.80701 0
      vertex -11.605 -1.85848 -4.5
      vertex -11.4129 -1.80701 -4.5
    endloop
  endfacet
  facet normal 0.706906 -0.707308 0
    outer loop
      vertex -10.7287 -1.41197 0
      vertex -10.588 -1.27135 -4.5
      vertex -10.588 -1.27135 0
    endloop
  endfacet
  facet normal 0.706906 -0.707308 0
    outer loop
      vertex -10.588 -1.27135 -4.5
      vertex -10.7287 -1.41197 0
      vertex -10.7287 -1.41197 -4.5
    endloop
  endfacet
  facet normal 0.965892 -0.258946 0
    outer loop
      vertex -10.193 -0.587132 0
      vertex -10.1415 -0.395032 -4.5
      vertex -10.1415 -0.395032 0
    endloop
  endfacet
  facet normal 0.965892 -0.258946 0
    outer loop
      vertex -10.1415 -0.395032 -4.5
      vertex -10.193 -0.587132 0
      vertex -10.193 -0.587132 -4.5
    endloop
  endfacet
  facet normal -0.358309 -0.933603 0
    outer loop
      vertex -12.7728 -1.73574 -4.5
      vertex -12.5871 -1.80701 0
      vertex -12.7728 -1.73574 0
    endloop
  endfacet
  facet normal -0.358309 -0.933603 -0
    outer loop
      vertex -12.5871 -1.80701 0
      vertex -12.7728 -1.73574 -4.5
      vertex -12.5871 -1.80701 -4.5
    endloop
  endfacet
  facet normal -0.777294 -0.629137 0
    outer loop
      vertex -13.412 -1.27135 -4.5
      vertex -13.5371 -1.11679 0
      vertex -13.5371 -1.11679 -4.5
    endloop
  endfacet
  facet normal -0.777294 -0.629137 0
    outer loop
      vertex -13.5371 -1.11679 0
      vertex -13.412 -1.27135 -4.5
      vertex -13.412 -1.27135 0
    endloop
  endfacet
  facet normal 0 0 -1
    outer loop
      vertex -10.1104 -0.198604 -4.5
      vertex -10.1104 0.198604 -4.5
      vertex -10.1 0 -4.5
    endloop
  endfacet
  facet normal 0 0 -1
    outer loop
      vertex -10.1415 -0.395032 -4.5
      vertex -10.1104 0.198604 -4.5
      vertex -10.1104 -0.198604 -4.5
    endloop
  endfacet
  facet normal 0 0 -1
    outer loop
      vertex -10.1415 -0.395032 -4.5
      vertex -10.1415 0.395032 -4.5
      vertex -10.1104 0.198604 -4.5
    endloop
  endfacet
  facet normal 0 0 -1
    outer loop
      vertex -10.193 -0.587132 -4.5
      vertex -10.1415 0.395032 -4.5
      vertex -10.1415 -0.395032 -4.5
    endloop
  endfacet
  facet normal 0 0 -1
    outer loop
      vertex -10.193 -0.587132 -4.5
      vertex -10.193 0.587132 -4.5
      vertex -10.1415 0.395032 -4.5
    endloop
  endfacet
  facet normal 0 0 -1
    outer loop
      vertex -10.2643 -0.772799 -4.5
      vertex -10.193 0.587132 -4.5
      vertex -10.193 -0.587132 -4.5
    endloop
  endfacet
  facet normal 0 0 -1
    outer loop
      vertex -10.2643 -0.772799 -4.5
      vertex -10.2643 0.772799 -4.5
      vertex -10.193 0.587132 -4.5
    endloop
  endfacet
  facet normal 0 0 -1
    outer loop
      vertex -10.3546 -0.95 -4.5
      vertex -10.2643 0.772799 -4.5
      vertex -10.2643 -0.772799 -4.5
    endloop
  endfacet
  facet normal 0 0 -1
    outer loop
      vertex -10.3546 -0.95 -4.5
      vertex -10.3546 0.95 -4.5
      vertex -10.2643 0.772799 -4.5
    endloop
  endfacet
  facet normal 0 0 -1
    outer loop
      vertex -10.4629 -1.11679 -4.5
      vertex -10.3546 0.95 -4.5
      vertex -10.3546 -0.95 -4.5
    endloop
  endfacet
  facet normal 0 0 -1
    outer loop
      vertex -10.4629 -1.11679 -4.5
      vertex -10.4629 1.11679 -4.5
      vertex -10.3546 0.95 -4.5
    endloop
  endfacet
  facet normal 0 0 -1
    outer loop
      vertex -10.588 -1.27135 -4.5
      vertex -10.4629 1.11679 -4.5
      vertex -10.4629 -1.11679 -4.5
    endloop
  endfacet
  facet normal 0 0 -1
    outer loop
      vertex -10.588 -1.27135 -4.5
      vertex -10.588 1.27135 -4.5
      vertex -10.4629 1.11679 -4.5
    endloop
  endfacet
  facet normal 0 0 -1
    outer loop
      vertex -10.7287 -1.41197 -4.5
      vertex -10.588 1.27135 -4.5
      vertex -10.588 -1.27135 -4.5
    endloop
  endfacet
  facet normal 0 0 -1
    outer loop
      vertex -10.7287 -1.41197 -4.5
      vertex -10.7287 1.41197 -4.5
      vertex -10.588 1.27135 -4.5
    endloop
  endfacet
  facet normal 0 0 -1
    outer loop
      vertex -10.8832 -1.53713 -4.5
      vertex -10.7287 1.41197 -4.5
      vertex -10.7287 -1.41197 -4.5
    endloop
  endfacet
  facet normal 0 0 -1
    outer loop
      vertex -10.8832 -1.53713 -4.5
      vertex -10.8832 1.53713 -4.5
      vertex -10.7287 1.41197 -4.5
    endloop
  endfacet
  facet normal 0 0 -1
    outer loop
      vertex -11.05 -1.64545 -4.5
      vertex -10.8832 1.53713 -4.5
      vertex -10.8832 -1.53713 -4.5
    endloop
  endfacet
  facet normal 0 0 -1
    outer loop
      vertex -11.05 -1.64545 -4.5
      vertex -11.05 1.64545 -4.5
      vertex -10.8832 1.53713 -4.5
    endloop
  endfacet
  facet normal 0 0 -1
    outer loop
      vertex -11.2272 -1.73574 -4.5
      vertex -11.05 1.64545 -4.5
      vertex -11.05 -1.64545 -4.5
    endloop
  endfacet
  facet normal 0 0 -1
    outer loop
      vertex -11.2272 -1.73574 -4.5
      vertex -11.2272 1.73574 -4.5
      vertex -11.05 1.64545 -4.5
    endloop
  endfacet
  facet normal 0 0 -1
    outer loop
      vertex -11.4129 -1.80701 -4.5
      vertex -11.2272 1.73574 -4.5
      vertex -11.2272 -1.73574 -4.5
    endloop
  endfacet
  facet normal 0 0 -1
    outer loop
      vertex -11.4129 -1.80701 -4.5
      vertex -11.4129 1.80701 -4.5
      vertex -11.2272 1.73574 -4.5
    endloop
  endfacet
  facet normal 0 0 -1
    outer loop
      vertex -11.605 -1.85848 -4.5
      vertex -11.4129 1.80701 -4.5
      vertex -11.4129 -1.80701 -4.5
    endloop
  endfacet
  facet normal 0 0 -1
    outer loop
      vertex -11.605 -1.85848 -4.5
      vertex -11.605 1.85848 -4.5
      vertex -11.4129 1.80701 -4.5
    endloop
  endfacet
  facet normal 0 0 -1
    outer loop
      vertex -11.8014 -1.88959 -4.5
      vertex -11.605 1.85848 -4.5
      vertex -11.605 -1.85848 -4.5
    endloop
  endfacet
  facet normal 0 0 -1
    outer loop
      vertex -11.8014 -1.88959 -4.5
      vertex -11.8014 1.88959 -4.5
      vertex -11.605 1.85848 -4.5
    endloop
  endfacet
  facet normal 0 0 -1
    outer loop
      vertex -12 -1.9 -4.5
      vertex -11.8014 1.88959 -4.5
      vertex -11.8014 -1.88959 -4.5
    endloop
  endfacet
  facet normal 0 0 -1
    outer loop
      vertex -12 -1.9 -4.5
      vertex -12 1.9 -4.5
      vertex -11.8014 1.88959 -4.5
    endloop
  endfacet
  facet normal 0 0 -1
    outer loop
      vertex -12.1986 -1.88959 -4.5
      vertex -12 1.9 -4.5
      vertex -12 -1.9 -4.5
    endloop
  endfacet
  facet normal 0 0 -1
    outer loop
      vertex -12.1986 -1.88959 -4.5
      vertex -12.1986 1.88959 -4.5
      vertex -12 1.9 -4.5
    endloop
  endfacet
  facet normal 0 0 -1
    outer loop
      vertex -12.395 -1.85848 -4.5
      vertex -12.1986 1.88959 -4.5
      vertex -12.1986 -1.88959 -4.5
    endloop
  endfacet
  facet normal 0 0 -1
    outer loop
      vertex -12.395 -1.85848 -4.5
      vertex -12.395 1.85848 -4.5
      vertex -12.1986 1.88959 -4.5
    endloop
  endfacet
  facet normal 0 0 -1
    outer loop
      vertex -12.5871 -1.80701 -4.5
      vertex -12.395 1.85848 -4.5
      vertex -12.395 -1.85848 -4.5
    endloop
  endfacet
  facet normal 0 0 -1
    outer loop
      vertex -12.5871 -1.80701 -4.5
      vertex -12.5871 1.80701 -4.5
      vertex -12.395 1.85848 -4.5
    endloop
  endfacet
  facet normal 0 0 -1
    outer loop
      vertex -12.7728 -1.73574 -4.5
      vertex -12.5871 1.80701 -4.5
      vertex -12.5871 -1.80701 -4.5
    endloop
  endfacet
  facet normal 0 0 -1
    outer loop
      vertex -12.7728 -1.73574 -4.5
      vertex -12.7728 1.73574 -4.5
      vertex -12.5871 1.80701 -4.5
    endloop
  endfacet
  facet normal 0 0 -1
    outer loop
      vertex -12.95 -1.64545 -4.5
      vertex -12.7728 1.73574 -4.5
      vertex -12.7728 -1.73574 -4.5
    endloop
  endfacet
  facet normal 0 0 -1
    outer loop
      vertex -12.95 -1.64545 -4.5
      vertex -12.95 1.64545 -4.5
      vertex -12.7728 1.73574 -4.5
    endloop
  endfacet
  facet normal 0 0 -1
    outer loop
      vertex -13.1168 -1.53713 -4.5
      vertex -12.95 1.64545 -4.5
      vertex -12.95 -1.64545 -4.5
    endloop
  endfacet
  facet normal 0 0 -1
    outer loop
      vertex -13.1168 -1.53713 -4.5
      vertex -13.1168 1.53713 -4.5
      vertex -12.95 1.64545 -4.5
    endloop
  endfacet
  facet normal 0 0 -1
    outer loop
      vertex -13.2713 -1.41197 -4.5
      vertex -13.1168 1.53713 -4.5
      vertex -13.1168 -1.53713 -4.5
    endloop
  endfacet
  facet normal 0 0 -1
    outer loop
      vertex -13.2713 -1.41197 -4.5
      vertex -13.2713 1.41197 -4.5
      vertex -13.1168 1.53713 -4.5
    endloop
  endfacet
  facet normal 0 0 -1
    outer loop
      vertex -13.412 -1.27135 -4.5
      vertex -13.2713 1.41197 -4.5
      vertex -13.2713 -1.41197 -4.5
    endloop
  endfacet
  facet normal 0 0 -1
    outer loop
      vertex -13.412 -1.27135 -4.5
      vertex -13.412 1.27135 -4.5
      vertex -13.2713 1.41197 -4.5
    endloop
  endfacet
  facet normal 0 0 -1
    outer loop
      vertex -13.5371 -1.11679 -4.5
      vertex -13.412 1.27135 -4.5
      vertex -13.412 -1.27135 -4.5
    endloop
  endfacet
  facet normal 0 0 -1
    outer loop
      vertex -13.5371 -1.11679 -4.5
      vertex -13.5371 1.11679 -4.5
      vertex -13.412 1.27135 -4.5
    endloop
  endfacet
  facet normal 0 0 -1
    outer loop
      vertex -13.6454 -0.95 -4.5
      vertex -13.5371 1.11679 -4.5
      vertex -13.5371 -1.11679 -4.5
    endloop
  endfacet
  facet normal 0 0 -1
    outer loop
      vertex -13.6454 -0.95 -4.5
      vertex -13.6454 0.95 -4.5
      vertex -13.5371 1.11679 -4.5
    endloop
  endfacet
  facet normal 0 0 -1
    outer loop
      vertex -13.7357 -0.772799 -4.5
      vertex -13.6454 0.95 -4.5
      vertex -13.6454 -0.95 -4.5
    endloop
  endfacet
  facet normal 0 0 -1
    outer loop
      vertex -13.7357 -0.772799 -4.5
      vertex -13.7357 0.772799 -4.5
      vertex -13.6454 0.95 -4.5
    endloop
  endfacet
  facet normal 0 0 -1
    outer loop
      vertex -13.807 -0.587132 -4.5
      vertex -13.7357 0.772799 -4.5
      vertex -13.7357 -0.772799 -4.5
    endloop
  endfacet
  facet normal 0 0 -1
    outer loop
      vertex -13.807 -0.587132 -4.5
      vertex -13.807 0.587132 -4.5
      vertex -13.7357 0.772799 -4.5
    endloop
  endfacet
  facet normal 0 0 -1
    outer loop
      vertex -13.8585 -0.395032 -4.5
      vertex -13.807 0.587132 -4.5
      vertex -13.807 -0.587132 -4.5
    endloop
  endfacet
  facet normal 0 0 -1
    outer loop
      vertex -13.8585 -0.395032 -4.5
      vertex -13.8585 0.395032 -4.5
      vertex -13.807 0.587132 -4.5
    endloop
  endfacet
  facet normal 0 0 -1
    outer loop
      vertex -13.8896 -0.198604 -4.5
      vertex -13.8585 0.395032 -4.5
      vertex -13.8585 -0.395032 -4.5
    endloop
  endfacet
  facet normal 0 0 -1
    outer loop
      vertex -13.8896 -0.198604 -4.5
      vertex -13.8896 0.198604 -4.5
      vertex -13.8585 0.395032 -4.5
    endloop
  endfacet
  facet normal 0 -0 -1
    outer loop
      vertex -13.8896 0.198604 -4.5
      vertex -13.8896 -0.198604 -4.5
      vertex -13.9 0 -4.5
    endloop
  endfacet
  facet normal 0.965892 0.258946 0
    outer loop
      vertex -10.1415 0.395032 0
      vertex -10.193 0.587132 -4.5
      vertex -10.193 0.587132 0
    endloop
  endfacet
  facet normal 0.965892 0.258946 0
    outer loop
      vertex -10.193 0.587132 -4.5
      vertex -10.1415 0.395032 0
      vertex -10.1415 0.395032 -4.5
    endloop
  endfacet
  facet normal 0.987697 0.15638 0
    outer loop
      vertex -10.1104 0.198604 0
      vertex -10.1415 0.395032 -4.5
      vertex -10.1415 0.395032 0
    endloop
  endfacet
  facet normal 0.987697 0.15638 0
    outer loop
      vertex -10.1415 0.395032 -4.5
      vertex -10.1104 0.198604 0
      vertex -10.1104 0.198604 -4.5
    endloop
  endfacet
  facet normal 0.838704 0.544587 0
    outer loop
      vertex -10.3546 0.95 0
      vertex -10.4629 1.11679 -4.5
      vertex -10.4629 1.11679 0
    endloop
  endfacet
  facet normal 0.838704 0.544587 0
    outer loop
      vertex -10.4629 1.11679 -4.5
      vertex -10.3546 0.95 0
      vertex -10.3546 0.95 -4.5
    endloop
  endfacet
  facet normal 0.890983 0.454037 0
    outer loop
      vertex -10.2643 0.772799 0
      vertex -10.3546 0.95 -4.5
      vertex -10.3546 0.95 0
    endloop
  endfacet
  facet normal 0.890983 0.454037 0
    outer loop
      vertex -10.3546 0.95 -4.5
      vertex -10.2643 0.772799 0
      vertex -10.2643 0.772799 -4.5
    endloop
  endfacet
  facet normal 0.258805 0.96593 -0
    outer loop
      vertex -11.4129 1.80701 -4.5
      vertex -11.605 1.85848 0
      vertex -11.4129 1.80701 0
    endloop
  endfacet
  facet normal 0.258805 0.96593 0
    outer loop
      vertex -11.605 1.85848 0
      vertex -11.4129 1.80701 -4.5
      vertex -11.605 1.85848 -4.5
    endloop
  endfacet
  facet normal 0.156451 0.987686 -0
    outer loop
      vertex -11.605 1.85848 -4.5
      vertex -11.8014 1.88959 0
      vertex -11.605 1.85848 0
    endloop
  endfacet
  facet normal 0.156451 0.987686 0
    outer loop
      vertex -11.8014 1.88959 0
      vertex -11.605 1.85848 -4.5
      vertex -11.8014 1.88959 -4.5
    endloop
  endfacet
  facet normal -0.965892 0.258946 0
    outer loop
      vertex -13.8585 0.395032 -4.5
      vertex -13.807 0.587132 0
      vertex -13.807 0.587132 -4.5
    endloop
  endfacet
  facet normal -0.965892 0.258946 0
    outer loop
      vertex -13.807 0.587132 0
      vertex -13.8585 0.395032 -4.5
      vertex -13.8585 0.395032 0
    endloop
  endfacet
  facet normal -0.890983 0.454037 0
    outer loop
      vertex -13.7357 0.772799 -4.5
      vertex -13.6454 0.95 0
      vertex -13.6454 0.95 -4.5
    endloop
  endfacet
  facet normal -0.890983 0.454037 0
    outer loop
      vertex -13.6454 0.95 0
      vertex -13.7357 0.772799 -4.5
      vertex -13.7357 0.772799 0
    endloop
  endfacet
  facet normal -0.987697 0.15638 0
    outer loop
      vertex -13.8896 0.198604 -4.5
      vertex -13.8585 0.395032 0
      vertex -13.8585 0.395032 -4.5
    endloop
  endfacet
  facet normal -0.987697 0.15638 0
    outer loop
      vertex -13.8585 0.395032 0
      vertex -13.8896 0.198604 -4.5
      vertex -13.8896 0.198604 0
    endloop
  endfacet
  facet normal 0 0 -1
    outer loop
      vertex -10.1 0 0
      vertex -8 0 0
      vertex -8.02191 -0.418114 0
    endloop
  endfacet
  facet normal 0 0 -1
    outer loop
      vertex -10.1104 -0.198604 0
      vertex -8.02191 -0.418114 0
      vertex -8.08741 -0.831646 0
    endloop
  endfacet
  facet normal 0 0 -1
    outer loop
      vertex -8 0 0
      vertex -10.1 0 0
      vertex -8.02191 0.418114 0
    endloop
  endfacet
  facet normal 0 0 -1
    outer loop
      vertex -10.1415 -0.395032 0
      vertex -8.08741 -0.831646 0
      vertex -8.19577 -1.23607 0
    endloop
  endfacet
  facet normal 0 0 -1
    outer loop
      vertex -10.1104 0.198604 0
      vertex -8.02191 0.418114 0
      vertex -10.1 0 0
    endloop
  endfacet
  facet normal 0 0 -1
    outer loop
      vertex -10.193 -0.587132 0
      vertex -8.19577 -1.23607 0
      vertex -8.34582 -1.62695 0
    endloop
  endfacet
  facet normal -0 0 -1
    outer loop
      vertex -8.02191 0.418114 0
      vertex -10.1104 0.198604 0
      vertex -8.08741 0.831646 0
    endloop
  endfacet
  facet normal 0 0 -1
    outer loop
      vertex -10.2643 -0.772799 0
      vertex -8.34582 -1.62695 0
      vertex -8.5359 -2 0
    endloop
  endfacet
  facet normal 0 0 -1
    outer loop
      vertex -10.1415 0.395032 0
      vertex -8.08741 0.831646 0
      vertex -10.1104 0.198604 0
    endloop
  endfacet
  facet normal 0 0 -1
    outer loop
      vertex -10.3546 -0.95 0
      vertex -8.5359 -2 0
      vertex -8.76393 -2.35114 0
    endloop
  endfacet
  facet normal -0 0 -1
    outer loop
      vertex -8.08741 0.831646 0
      vertex -10.1415 0.395032 0
      vertex -8.19577 1.23607 0
    endloop
  endfacet
  facet normal 0 0 -1
    outer loop
      vertex -10.4629 -1.11679 0
      vertex -8.76393 -2.35114 0
      vertex -9.02742 -2.67652 0
    endloop
  endfacet
  facet normal 0 0 -1
    outer loop
      vertex -10.193 0.587132 0
      vertex -8.19577 1.23607 0
      vertex -10.1415 0.395032 0
    endloop
  endfacet
  facet normal 0 0 -1
    outer loop
      vertex -10.588 -1.27135 0
      vertex -9.02742 -2.67652 0
      vertex -9.32348 -2.97258 0
    endloop
  endfacet
  facet normal -0 0 -1
    outer loop
      vertex -8.19577 1.23607 0
      vertex -10.193 0.587132 0
      vertex -8.34582 1.62695 0
    endloop
  endfacet
  facet normal 0 0 -1
    outer loop
      vertex -10.7287 -1.41197 0
      vertex -9.32348 -2.97258 0
      vertex -9.64886 -3.23607 0
    endloop
  endfacet
  facet normal 0 0 -1
    outer loop
      vertex -10.2643 0.772799 0
      vertex -8.34582 1.62695 0
      vertex -10.193 0.587132 0
    endloop
  endfacet
  facet normal 0 0 -1
    outer loop
      vertex -10.8832 -1.53713 0
      vertex -9.64886 -3.23607 0
      vertex -10 -3.4641 0
    endloop
  endfacet
  facet normal -0 0 -1
    outer loop
      vertex -8.34582 1.62695 0
      vertex -10.2643 0.772799 0
      vertex -8.5359 2 0
    endloop
  endfacet
  facet normal 0 0 -1
    outer loop
      vertex -10.3546 0.95 0
      vertex -8.5359 2 0
      vertex -10.2643 0.772799 0
    endloop
  endfacet
  facet normal 0 0 -1
    outer loop
      vertex -8.02191 -0.418114 0
      vertex -10.1104 -0.198604 0
      vertex -10.1 0 0
    endloop
  endfacet
  facet normal 0 0 -1
    outer loop
      vertex -8.08741 -0.831646 0
      vertex -10.1415 -0.395032 0
      vertex -10.1104 -0.198604 0
    endloop
  endfacet
  facet normal 0 0 -1
    outer loop
      vertex -8.19577 -1.23607 0
      vertex -10.193 -0.587132 0
      vertex -10.1415 -0.395032 0
    endloop
  endfacet
  facet normal 0 0 -1
    outer loop
      vertex -8.34582 -1.62695 0
      vertex -10.2643 -0.772799 0
      vertex -10.193 -0.587132 0
    endloop
  endfacet
  facet normal 0 0 -1
    outer loop
      vertex -8.5359 -2 0
      vertex -10.3546 -0.95 0
      vertex -10.2643 -0.772799 0
    endloop
  endfacet
  facet normal 0 0 -1
    outer loop
      vertex -11.05 -1.64545 0
      vertex -10 -3.4641 0
      vertex -10.3731 -3.65418 0
    endloop
  endfacet
  facet normal 0 0 -1
    outer loop
      vertex -8.76393 -2.35114 0
      vertex -10.4629 -1.11679 0
      vertex -10.3546 -0.95 0
    endloop
  endfacet
  facet normal 0 0 -1
    outer loop
      vertex -9.02742 -2.67652 0
      vertex -10.588 -1.27135 0
      vertex -10.4629 -1.11679 0
    endloop
  endfacet
  facet normal 0 0 -1
    outer loop
      vertex -9.32348 -2.97258 0
      vertex -10.7287 -1.41197 0
      vertex -10.588 -1.27135 0
    endloop
  endfacet
  facet normal 0 0 -1
    outer loop
      vertex -11.2272 -1.73574 0
      vertex -10.3731 -3.65418 0
      vertex -10.7639 -3.80423 0
    endloop
  endfacet
  facet normal 0 0 -1
    outer loop
      vertex -9.64886 -3.23607 0
      vertex -10.8832 -1.53713 0
      vertex -10.7287 -1.41197 0
    endloop
  endfacet
  facet normal 0 0 -1
    outer loop
      vertex -10 -3.4641 0
      vertex -11.05 -1.64545 0
      vertex -10.8832 -1.53713 0
    endloop
  endfacet
  facet normal 0 0 -1
    outer loop
      vertex -11.4129 -1.80701 0
      vertex -10.7639 -3.80423 0
      vertex -11.1684 -3.91259 0
    endloop
  endfacet
  facet normal 0 0 -1
    outer loop
      vertex -10.3731 -3.65418 0
      vertex -11.2272 -1.73574 0
      vertex -11.05 -1.64545 0
    endloop
  endfacet
  facet normal 0 0 -1
    outer loop
      vertex -10.7639 -3.80423 0
      vertex -11.4129 -1.80701 0
      vertex -11.2272 -1.73574 0
    endloop
  endfacet
  facet normal 0 0 -1
    outer loop
      vertex -11.605 -1.85848 0
      vertex -11.1684 -3.91259 0
      vertex -11.5819 -3.97809 0
    endloop
  endfacet
  facet normal 0 0 -1
    outer loop
      vertex -11.1684 -3.91259 0
      vertex -11.605 -1.85848 0
      vertex -11.4129 -1.80701 0
    endloop
  endfacet
  facet normal 0 0 -1
    outer loop
      vertex -11.5819 -3.97809 0
      vertex -11.8014 -1.88959 0
      vertex -11.605 -1.85848 0
    endloop
  endfacet
  facet normal 0 0 -1
    outer loop
      vertex -12 -4 0
      vertex -11.8014 -1.88959 0
      vertex -11.5819 -3.97809 0
    endloop
  endfacet
  facet normal 0 0 -1
    outer loop
      vertex -12 -4 0
      vertex -12 -1.9 0
      vertex -11.8014 -1.88959 0
    endloop
  endfacet
  facet normal 0 0 -1
    outer loop
      vertex -12 -4 0
      vertex -12.1986 -1.88959 0
      vertex -12 -1.9 0
    endloop
  endfacet
  facet normal 0 0 -1
    outer loop
      vertex -12.4181 -3.97809 0
      vertex -12.1986 -1.88959 0
      vertex -12 -4 0
    endloop
  endfacet
  facet normal -0 0 -1
    outer loop
      vertex -12.1986 -1.88959 0
      vertex -12.4181 -3.97809 0
      vertex -12.395 -1.85848 0
    endloop
  endfacet
  facet normal 0 0 -1
    outer loop
      vertex -12.8316 -3.91259 0
      vertex -12.395 -1.85848 0
      vertex -12.4181 -3.97809 0
    endloop
  endfacet
  facet normal -0 0 -1
    outer loop
      vertex -12.395 -1.85848 0
      vertex -12.8316 -3.91259 0
      vertex -12.5871 -1.80701 0
    endloop
  endfacet
  facet normal 0 0 -1
    outer loop
      vertex -13.2361 -3.80423 0
      vertex -12.5871 -1.80701 0
      vertex -12.8316 -3.91259 0
    endloop
  endfacet
  facet normal -0 0 -1
    outer loop
      vertex -12.5871 -1.80701 0
      vertex -13.2361 -3.80423 0
      vertex -12.7728 -1.73574 0
    endloop
  endfacet
  facet normal 0 0 -1
    outer loop
      vertex -13.6269 -3.65418 0
      vertex -12.7728 -1.73574 0
      vertex -13.2361 -3.80423 0
    endloop
  endfacet
  facet normal -0 0 -1
    outer loop
      vertex -12.7728 -1.73574 0
      vertex -13.6269 -3.65418 0
      vertex -12.95 -1.64545 0
    endloop
  endfacet
  facet normal 0 0 -1
    outer loop
      vertex -14 -3.4641 0
      vertex -12.95 -1.64545 0
      vertex -13.6269 -3.65418 0
    endloop
  endfacet
  facet normal -0 0 -1
    outer loop
      vertex -12.95 -1.64545 0
      vertex -14 -3.4641 0
      vertex -13.1168 -1.53713 0
    endloop
  endfacet
  facet normal 0 0 -1
    outer loop
      vertex -14.3511 -3.23607 0
      vertex -13.1168 -1.53713 0
      vertex -14 -3.4641 0
    endloop
  endfacet
  facet normal -0 0 -1
    outer loop
      vertex -13.1168 -1.53713 0
      vertex -14.3511 -3.23607 0
      vertex -13.2713 -1.41197 0
    endloop
  endfacet
  facet normal 0 0 -1
    outer loop
      vertex -14.6765 -2.97258 0
      vertex -13.2713 -1.41197 0
      vertex -14.3511 -3.23607 0
    endloop
  endfacet
  facet normal -0 0 -1
    outer loop
      vertex -13.2713 -1.41197 0
      vertex -14.6765 -2.97258 0
      vertex -13.412 -1.27135 0
    endloop
  endfacet
  facet normal 0 0 -1
    outer loop
      vertex -14.9726 -2.67652 0
      vertex -13.412 -1.27135 0
      vertex -14.6765 -2.97258 0
    endloop
  endfacet
  facet normal -0 0 -1
    outer loop
      vertex -13.412 -1.27135 0
      vertex -14.9726 -2.67652 0
      vertex -13.5371 -1.11679 0
    endloop
  endfacet
  facet normal 0 0 -1
    outer loop
      vertex -15.2361 -2.35114 0
      vertex -13.5371 -1.11679 0
      vertex -14.9726 -2.67652 0
    endloop
  endfacet
  facet normal 0 0 -1
    outer loop
      vertex -15.4641 -2 0
      vertex -13.6454 -0.95 0
      vertex -15.2361 -2.35114 0
    endloop
  endfacet
  facet normal -0 0 -1
    outer loop
      vertex -13.5371 -1.11679 0
      vertex -15.2361 -2.35114 0
      vertex -13.6454 -0.95 0
    endloop
  endfacet
  facet normal -0 0 -1
    outer loop
      vertex -8.5359 2 0
      vertex -10.3546 0.95 0
      vertex -8.76393 2.35114 0
    endloop
  endfacet
  facet normal 0 0 -1
    outer loop
      vertex -10.4629 1.11679 0
      vertex -8.76393 2.35114 0
      vertex -10.3546 0.95 0
    endloop
  endfacet
  facet normal -0 0 -1
    outer loop
      vertex -8.76393 2.35114 0
      vertex -10.4629 1.11679 0
      vertex -9.02742 2.67652 0
    endloop
  endfacet
  facet normal 0 0 -1
    outer loop
      vertex -10.588 1.27135 0
      vertex -9.02742 2.67652 0
      vertex -10.4629 1.11679 0
    endloop
  endfacet
  facet normal -0 0 -1
    outer loop
      vertex -9.02742 2.67652 0
      vertex -10.588 1.27135 0
      vertex -9.32348 2.97258 0
    endloop
  endfacet
  facet normal 0 0 -1
    outer loop
      vertex -10.7287 1.41197 0
      vertex -9.32348 2.97258 0
      vertex -10.588 1.27135 0
    endloop
  endfacet
  facet normal -0 0 -1
    outer loop
      vertex -9.32348 2.97258 0
      vertex -10.7287 1.41197 0
      vertex -9.64886 3.23607 0
    endloop
  endfacet
  facet normal 0 0 -1
    outer loop
      vertex -10.8832 1.53713 0
      vertex -9.64886 3.23607 0
      vertex -10.7287 1.41197 0
    endloop
  endfacet
  facet normal -0 0 -1
    outer loop
      vertex -9.64886 3.23607 0
      vertex -10.8832 1.53713 0
      vertex -10 3.4641 0
    endloop
  endfacet
  facet normal 0 0 -1
    outer loop
      vertex -11.05 1.64545 0
      vertex -10 3.4641 0
      vertex -10.8832 1.53713 0
    endloop
  endfacet
  facet normal -0 0 -1
    outer loop
      vertex -10 3.4641 0
      vertex -11.05 1.64545 0
      vertex -10.3731 3.65418 0
    endloop
  endfacet
  facet normal 0 0 -1
    outer loop
      vertex -11.2272 1.73574 0
      vertex -10.3731 3.65418 0
      vertex -11.05 1.64545 0
    endloop
  endfacet
  facet normal -0 0 -1
    outer loop
      vertex -10.3731 3.65418 0
      vertex -11.2272 1.73574 0
      vertex -10.7639 3.80423 0
    endloop
  endfacet
  facet normal 0 0 -1
    outer loop
      vertex -11.4129 1.80701 0
      vertex -10.7639 3.80423 0
      vertex -11.2272 1.73574 0
    endloop
  endfacet
  facet normal -0 0 -1
    outer loop
      vertex -10.7639 3.80423 0
      vertex -11.4129 1.80701 0
      vertex -11.1684 3.91259 0
    endloop
  endfacet
  facet normal 0 0 -1
    outer loop
      vertex -11.605 1.85848 0
      vertex -11.1684 3.91259 0
      vertex -11.4129 1.80701 0
    endloop
  endfacet
  facet normal -0 0 -1
    outer loop
      vertex -11.1684 3.91259 0
      vertex -11.605 1.85848 0
      vertex -11.5819 3.97809 0
    endloop
  endfacet
  facet normal 0 0 -1
    outer loop
      vertex -11.8014 1.88959 0
      vertex -11.5819 3.97809 0
      vertex -11.605 1.85848 0
    endloop
  endfacet
  facet normal 0 0 -1
    outer loop
      vertex -12 1.9 0
      vertex -11.5819 3.97809 0
      vertex -11.8014 1.88959 0
    endloop
  endfacet
  facet normal 0 0 -1
    outer loop
      vertex -12 1.9 0
      vertex -12 4 0
      vertex -11.5819 3.97809 0
    endloop
  endfacet
  facet normal 0 0 -1
    outer loop
      vertex -12.1986 1.88959 0
      vertex -12 4 0
      vertex -12 1.9 0
    endloop
  endfacet
  facet normal 0 0 -1
    outer loop
      vertex -12.4181 3.97809 0
      vertex -12.1986 1.88959 0
      vertex -12.395 1.85848 0
    endloop
  endfacet
  facet normal 0 0 -1
    outer loop
      vertex -12.1986 1.88959 0
      vertex -12.4181 3.97809 0
      vertex -12 4 0
    endloop
  endfacet
  facet normal 0 0 -1
    outer loop
      vertex -12.8316 3.91259 0
      vertex -12.395 1.85848 0
      vertex -12.5871 1.80701 0
    endloop
  endfacet
  facet normal 0 0 -1
    outer loop
      vertex -13.2361 3.80423 0
      vertex -12.5871 1.80701 0
      vertex -12.7728 1.73574 0
    endloop
  endfacet
  facet normal 0 0 -1
    outer loop
      vertex -12.395 1.85848 0
      vertex -12.8316 3.91259 0
      vertex -12.4181 3.97809 0
    endloop
  endfacet
  facet normal 0 0 -1
    outer loop
      vertex -13.6269 3.65418 0
      vertex -12.7728 1.73574 0
      vertex -12.95 1.64545 0
    endloop
  endfacet
  facet normal 0 0 -1
    outer loop
      vertex -14 3.4641 0
      vertex -12.95 1.64545 0
      vertex -13.1168 1.53713 0
    endloop
  endfacet
  facet normal 0 0 -1
    outer loop
      vertex -12.5871 1.80701 0
      vertex -13.2361 3.80423 0
      vertex -12.8316 3.91259 0
    endloop
  endfacet
  facet normal 0 0 -1
    outer loop
      vertex -14.3511 3.23607 0
      vertex -13.1168 1.53713 0
      vertex -13.2713 1.41197 0
    endloop
  endfacet
  facet normal 0 0 -1
    outer loop
      vertex -14.6765 2.97258 0
      vertex -13.2713 1.41197 0
      vertex -13.412 1.27135 0
    endloop
  endfacet
  facet normal 0 0 -1
    outer loop
      vertex -14.9726 2.67652 0
      vertex -13.412 1.27135 0
      vertex -13.5371 1.11679 0
    endloop
  endfacet
  facet normal 0 0 -1
    outer loop
      vertex -12.7728 1.73574 0
      vertex -13.6269 3.65418 0
      vertex -13.2361 3.80423 0
    endloop
  endfacet
  facet normal 0 0 -1
    outer loop
      vertex -15.2361 2.35114 0
      vertex -13.5371 1.11679 0
      vertex -13.6454 0.95 0
    endloop
  endfacet
  facet normal 0 0 -1
    outer loop
      vertex -15.4641 2 0
      vertex -13.6454 0.95 0
      vertex -13.7357 0.772799 0
    endloop
  endfacet
  facet normal 0 0 -1
    outer loop
      vertex -15.6542 1.62695 0
      vertex -13.7357 0.772799 0
      vertex -13.807 0.587132 0
    endloop
  endfacet
  facet normal 0 0 -1
    outer loop
      vertex -15.8042 1.23607 0
      vertex -13.807 0.587132 0
      vertex -13.8585 0.395032 0
    endloop
  endfacet
  facet normal 0 0 -1
    outer loop
      vertex -15.9126 0.831646 0
      vertex -13.8585 0.395032 0
      vertex -13.8896 0.198604 0
    endloop
  endfacet
  facet normal 0 0 -1
    outer loop
      vertex -12.95 1.64545 0
      vertex -14 3.4641 0
      vertex -13.6269 3.65418 0
    endloop
  endfacet
  facet normal 0 0 -1
    outer loop
      vertex -15.9781 0.418114 0
      vertex -13.8896 0.198604 0
      vertex -13.9 0 0
    endloop
  endfacet
  facet normal -0 0 -1
    outer loop
      vertex -13.6454 -0.95 0
      vertex -15.4641 -2 0
      vertex -13.7357 -0.772799 0
    endloop
  endfacet
  facet normal 0 0 -1
    outer loop
      vertex -15.6542 -1.62695 0
      vertex -13.7357 -0.772799 0
      vertex -15.4641 -2 0
    endloop
  endfacet
  facet normal 0 0 -1
    outer loop
      vertex -13.1168 1.53713 0
      vertex -14.3511 3.23607 0
      vertex -14 3.4641 0
    endloop
  endfacet
  facet normal -0 0 -1
    outer loop
      vertex -13.7357 -0.772799 0
      vertex -15.6542 -1.62695 0
      vertex -13.807 -0.587132 0
    endloop
  endfacet
  facet normal 0 0 -1
    outer loop
      vertex -13.2713 1.41197 0
      vertex -14.6765 2.97258 0
      vertex -14.3511 3.23607 0
    endloop
  endfacet
  facet normal 0 0 -1
    outer loop
      vertex -15.8042 -1.23607 0
      vertex -13.807 -0.587132 0
      vertex -15.6542 -1.62695 0
    endloop
  endfacet
  facet normal 0 0 -1
    outer loop
      vertex -13.412 1.27135 0
      vertex -14.9726 2.67652 0
      vertex -14.6765 2.97258 0
    endloop
  endfacet
  facet normal -0 0 -1
    outer loop
      vertex -13.807 -0.587132 0
      vertex -15.8042 -1.23607 0
      vertex -13.8585 -0.395032 0
    endloop
  endfacet
  facet normal 0 0 -1
    outer loop
      vertex -13.5371 1.11679 0
      vertex -15.2361 2.35114 0
      vertex -14.9726 2.67652 0
    endloop
  endfacet
  facet normal 0 0 -1
    outer loop
      vertex -15.9126 -0.831646 0
      vertex -13.8585 -0.395032 0
      vertex -15.8042 -1.23607 0
    endloop
  endfacet
  facet normal 0 0 -1
    outer loop
      vertex -13.6454 0.95 0
      vertex -15.4641 2 0
      vertex -15.2361 2.35114 0
    endloop
  endfacet
  facet normal -0 0 -1
    outer loop
      vertex -13.8585 -0.395032 0
      vertex -15.9126 -0.831646 0
      vertex -13.8896 -0.198604 0
    endloop
  endfacet
  facet normal 0 0 -1
    outer loop
      vertex -13.7357 0.772799 0
      vertex -15.6542 1.62695 0
      vertex -15.4641 2 0
    endloop
  endfacet
  facet normal 0 0 -1
    outer loop
      vertex -15.9781 -0.418114 0
      vertex -13.8896 -0.198604 0
      vertex -15.9126 -0.831646 0
    endloop
  endfacet
  facet normal 0 0 -1
    outer loop
      vertex -13.807 0.587132 0
      vertex -15.8042 1.23607 0
      vertex -15.6542 1.62695 0
    endloop
  endfacet
  facet normal -0 0 -1
    outer loop
      vertex -13.8896 -0.198604 0
      vertex -15.9781 -0.418114 0
      vertex -13.9 0 0
    endloop
  endfacet
  facet normal 0 0 -1
    outer loop
      vertex -13.8585 0.395032 0
      vertex -15.9126 0.831646 0
      vertex -15.8042 1.23607 0
    endloop
  endfacet
  facet normal 0 0 -1
    outer loop
      vertex -16 0 0
      vertex -13.9 0 0
      vertex -15.9781 -0.418114 0
    endloop
  endfacet
  facet normal 0 0 -1
    outer loop
      vertex -13.8896 0.198604 0
      vertex -15.9781 0.418114 0
      vertex -15.9126 0.831646 0
    endloop
  endfacet
  facet normal 0 0 -1
    outer loop
      vertex -13.9 0 0
      vertex -16 0 0
      vertex -15.9781 0.418114 0
    endloop
  endfacet
  facet normal -0.0523451 0.998629 0
    outer loop
      vertex -12 1.9 -4.5
      vertex -12.1986 1.88959 0
      vertex -12 1.9 0
    endloop
  endfacet
  facet normal -0.0523451 0.998629 0
    outer loop
      vertex -12.1986 1.88959 0
      vertex -12 1.9 -4.5
      vertex -12.1986 1.88959 -4.5
    endloop
  endfacet
  facet normal 0.998632 -0.0522939 0
    outer loop
      vertex -10.1104 -0.198604 0
      vertex -10.1 0 -4.5
      vertex -10.1 0 0
    endloop
  endfacet
  facet normal 0.998632 -0.0522939 0
    outer loop
      vertex -10.1 0 -4.5
      vertex -10.1104 -0.198604 0
      vertex -10.1104 -0.198604 -4.5
    endloop
  endfacet
  facet normal 0.0523451 -0.998629 0
    outer loop
      vertex -12 -1.9 -4.5
      vertex -11.8014 -1.88959 0
      vertex -12 -1.9 0
    endloop
  endfacet
  facet normal 0.0523451 -0.998629 0
    outer loop
      vertex -11.8014 -1.88959 0
      vertex -12 -1.9 -4.5
      vertex -11.8014 -1.88959 -4.5
    endloop
  endfacet
  facet normal 0.453999 -0.891002 0
    outer loop
      vertex -11.2272 -1.73574 -4.5
      vertex -11.05 -1.64545 0
      vertex -11.2272 -1.73574 0
    endloop
  endfacet
  facet normal 0.453999 -0.891002 0
    outer loop
      vertex -11.05 -1.64545 0
      vertex -11.2272 -1.73574 -4.5
      vertex -11.05 -1.64545 -4.5
    endloop
  endfacet
  facet normal 0.629467 -0.777027 0
    outer loop
      vertex -10.8832 -1.53713 -4.5
      vertex -10.7287 -1.41197 0
      vertex -10.8832 -1.53713 0
    endloop
  endfacet
  facet normal 0.629467 -0.777027 0
    outer loop
      vertex -10.7287 -1.41197 0
      vertex -10.8832 -1.53713 -4.5
      vertex -10.7287 -1.41197 -4.5
    endloop
  endfacet
  facet normal 0.544635 -0.838673 0
    outer loop
      vertex -11.05 -1.64545 -4.5
      vertex -10.8832 -1.53713 0
      vertex -11.05 -1.64545 0
    endloop
  endfacet
  facet normal 0.544635 -0.838673 0
    outer loop
      vertex -10.8832 -1.53713 0
      vertex -11.05 -1.64545 -4.5
      vertex -10.8832 -1.53713 -4.5
    endloop
  endfacet
  facet normal 0.777294 -0.629137 0
    outer loop
      vertex -10.588 -1.27135 0
      vertex -10.4629 -1.11679 -4.5
      vertex -10.4629 -1.11679 0
    endloop
  endfacet
  facet normal 0.777294 -0.629137 0
    outer loop
      vertex -10.4629 -1.11679 -4.5
      vertex -10.588 -1.27135 0
      vertex -10.588 -1.27135 -4.5
    endloop
  endfacet
  facet normal 0.838704 -0.544587 0
    outer loop
      vertex -10.4629 -1.11679 0
      vertex -10.3546 -0.95 -4.5
      vertex -10.3546 -0.95 0
    endloop
  endfacet
  facet normal 0.838704 -0.544587 0
    outer loop
      vertex -10.3546 -0.95 -4.5
      vertex -10.4629 -1.11679 0
      vertex -10.4629 -1.11679 -4.5
    endloop
  endfacet
  facet normal -0.706906 -0.707308 0
    outer loop
      vertex -13.2713 -1.41197 -4.5
      vertex -13.412 -1.27135 0
      vertex -13.412 -1.27135 -4.5
    endloop
  endfacet
  facet normal -0.706906 -0.707308 0
    outer loop
      vertex -13.412 -1.27135 0
      vertex -13.2713 -1.41197 -4.5
      vertex -13.2713 -1.41197 0
    endloop
  endfacet
  facet normal -0.629467 -0.777027 0
    outer loop
      vertex -13.2713 -1.41197 -4.5
      vertex -13.1168 -1.53713 0
      vertex -13.2713 -1.41197 0
    endloop
  endfacet
  facet normal -0.629467 -0.777027 -0
    outer loop
      vertex -13.1168 -1.53713 0
      vertex -13.2713 -1.41197 -4.5
      vertex -13.1168 -1.53713 -4.5
    endloop
  endfacet
  facet normal -0.544635 -0.838673 0
    outer loop
      vertex -13.1168 -1.53713 -4.5
      vertex -12.95 -1.64545 0
      vertex -13.1168 -1.53713 0
    endloop
  endfacet
  facet normal -0.544635 -0.838673 -0
    outer loop
      vertex -12.95 -1.64545 0
      vertex -13.1168 -1.53713 -4.5
      vertex -12.95 -1.64545 -4.5
    endloop
  endfacet
  facet normal -0.156451 -0.987686 0
    outer loop
      vertex -12.395 -1.85848 -4.5
      vertex -12.1986 -1.88959 0
      vertex -12.395 -1.85848 0
    endloop
  endfacet
  facet normal -0.156451 -0.987686 -0
    outer loop
      vertex -12.1986 -1.88959 0
      vertex -12.395 -1.85848 -4.5
      vertex -12.1986 -1.88959 -4.5
    endloop
  endfacet
  facet normal -0.890983 -0.454037 0
    outer loop
      vertex -13.6454 -0.95 -4.5
      vertex -13.7357 -0.772799 0
      vertex -13.7357 -0.772799 -4.5
    endloop
  endfacet
  facet normal -0.890983 -0.454037 0
    outer loop
      vertex -13.7357 -0.772799 0
      vertex -13.6454 -0.95 -4.5
      vertex -13.6454 -0.95 0
    endloop
  endfacet
  facet normal -0.998632 -0.0522939 0
    outer loop
      vertex -13.8896 -0.198604 -4.5
      vertex -13.9 0 0
      vertex -13.9 0 -4.5
    endloop
  endfacet
  facet normal -0.998632 -0.0522939 0
    outer loop
      vertex -13.9 0 0
      vertex -13.8896 -0.198604 -4.5
      vertex -13.8896 -0.198604 0
    endloop
  endfacet
  facet normal 0.777294 0.629137 0
    outer loop
      vertex -10.4629 1.11679 0
      vertex -10.588 1.27135 -4.5
      vertex -10.588 1.27135 0
    endloop
  endfacet
  facet normal 0.777294 0.629137 0
    outer loop
      vertex -10.588 1.27135 -4.5
      vertex -10.4629 1.11679 0
      vertex -10.4629 1.11679 -4.5
    endloop
  endfacet
  facet normal 0.358309 0.933603 -0
    outer loop
      vertex -11.2272 1.73574 -4.5
      vertex -11.4129 1.80701 0
      vertex -11.2272 1.73574 0
    endloop
  endfacet
  facet normal 0.358309 0.933603 0
    outer loop
      vertex -11.4129 1.80701 0
      vertex -11.2272 1.73574 -4.5
      vertex -11.4129 1.80701 -4.5
    endloop
  endfacet
  facet normal 0.544635 0.838673 -0
    outer loop
      vertex -10.8832 1.53713 -4.5
      vertex -11.05 1.64545 0
      vertex -10.8832 1.53713 0
    endloop
  endfacet
  facet normal 0.544635 0.838673 0
    outer loop
      vertex -11.05 1.64545 0
      vertex -10.8832 1.53713 -4.5
      vertex -11.05 1.64545 -4.5
    endloop
  endfacet
  facet normal -0.706906 0.707308 0
    outer loop
      vertex -13.412 1.27135 -4.5
      vertex -13.2713 1.41197 0
      vertex -13.2713 1.41197 -4.5
    endloop
  endfacet
  facet normal -0.706906 0.707308 0
    outer loop
      vertex -13.2713 1.41197 0
      vertex -13.412 1.27135 -4.5
      vertex -13.412 1.27135 0
    endloop
  endfacet
  facet normal -0.933531 0.358496 0
    outer loop
      vertex -13.807 0.587132 -4.5
      vertex -13.7357 0.772799 0
      vertex -13.7357 0.772799 -4.5
    endloop
  endfacet
  facet normal -0.933531 0.358496 0
    outer loop
      vertex -13.7357 0.772799 0
      vertex -13.807 0.587132 -4.5
      vertex -13.807 0.587132 0
    endloop
  endfacet
  facet normal -0.453999 0.891002 0
    outer loop
      vertex -12.7728 1.73574 -4.5
      vertex -12.95 1.64545 0
      vertex -12.7728 1.73574 0
    endloop
  endfacet
  facet normal -0.453999 0.891002 0
    outer loop
      vertex -12.95 1.64545 0
      vertex -12.7728 1.73574 -4.5
      vertex -12.95 1.64545 -4.5
    endloop
  endfacet
  facet normal -0.258805 0.96593 0
    outer loop
      vertex -12.395 1.85848 -4.5
      vertex -12.5871 1.80701 0
      vertex -12.395 1.85848 0
    endloop
  endfacet
  facet normal -0.258805 0.96593 0
    outer loop
      vertex -12.5871 1.80701 0
      vertex -12.395 1.85848 -4.5
      vertex -12.5871 1.80701 -4.5
    endloop
  endfacet
  facet normal 0.156451 -0.987686 0
    outer loop
      vertex -11.8014 -1.88959 -4.5
      vertex -11.605 -1.85848 0
      vertex -11.8014 -1.88959 0
    endloop
  endfacet
  facet normal 0.156451 -0.987686 0
    outer loop
      vertex -11.605 -1.85848 0
      vertex -11.8014 -1.88959 -4.5
      vertex -11.605 -1.85848 -4.5
    endloop
  endfacet
  facet normal 0.358309 -0.933603 0
    outer loop
      vertex -11.4129 -1.80701 -4.5
      vertex -11.2272 -1.73574 0
      vertex -11.4129 -1.80701 0
    endloop
  endfacet
  facet normal 0.358309 -0.933603 0
    outer loop
      vertex -11.2272 -1.73574 0
      vertex -11.4129 -1.80701 -4.5
      vertex -11.2272 -1.73574 -4.5
    endloop
  endfacet
  facet normal 0.933531 -0.358496 0
    outer loop
      vertex -10.2643 -0.772799 0
      vertex -10.193 -0.587132 -4.5
      vertex -10.193 -0.587132 0
    endloop
  endfacet
  facet normal 0.933531 -0.358496 0
    outer loop
      vertex -10.193 -0.587132 -4.5
      vertex -10.2643 -0.772799 0
      vertex -10.2643 -0.772799 -4.5
    endloop
  endfacet
  facet normal 0.987697 -0.15638 0
    outer loop
      vertex -10.1415 -0.395032 0
      vertex -10.1104 -0.198604 -4.5
      vertex -10.1104 -0.198604 0
    endloop
  endfacet
  facet normal 0.987697 -0.15638 0
    outer loop
      vertex -10.1104 -0.198604 -4.5
      vertex -10.1415 -0.395032 0
      vertex -10.1415 -0.395032 -4.5
    endloop
  endfacet
  facet normal -0.453999 -0.891002 0
    outer loop
      vertex -12.95 -1.64545 -4.5
      vertex -12.7728 -1.73574 0
      vertex -12.95 -1.64545 0
    endloop
  endfacet
  facet normal -0.453999 -0.891002 -0
    outer loop
      vertex -12.7728 -1.73574 0
      vertex -12.95 -1.64545 -4.5
      vertex -12.7728 -1.73574 -4.5
    endloop
  endfacet
  facet normal -0.258805 -0.96593 0
    outer loop
      vertex -12.5871 -1.80701 -4.5
      vertex -12.395 -1.85848 0
      vertex -12.5871 -1.80701 0
    endloop
  endfacet
  facet normal -0.258805 -0.96593 -0
    outer loop
      vertex -12.395 -1.85848 0
      vertex -12.5871 -1.80701 -4.5
      vertex -12.395 -1.85848 -4.5
    endloop
  endfacet
  facet normal -0.838704 -0.544587 0
    outer loop
      vertex -13.5371 -1.11679 -4.5
      vertex -13.6454 -0.95 0
      vertex -13.6454 -0.95 -4.5
    endloop
  endfacet
  facet normal -0.838704 -0.544587 0
    outer loop
      vertex -13.6454 -0.95 0
      vertex -13.5371 -1.11679 -4.5
      vertex -13.5371 -1.11679 0
    endloop
  endfacet
  facet normal -0.933531 -0.358496 0
    outer loop
      vertex -13.7357 -0.772799 -4.5
      vertex -13.807 -0.587132 0
      vertex -13.807 -0.587132 -4.5
    endloop
  endfacet
  facet normal -0.933531 -0.358496 0
    outer loop
      vertex -13.807 -0.587132 0
      vertex -13.7357 -0.772799 -4.5
      vertex -13.7357 -0.772799 0
    endloop
  endfacet
  facet normal -0.987697 -0.15638 0
    outer loop
      vertex -13.8585 -0.395032 -4.5
      vertex -13.8896 -0.198604 0
      vertex -13.8896 -0.198604 -4.5
    endloop
  endfacet
  facet normal -0.987697 -0.15638 0
    outer loop
      vertex -13.8896 -0.198604 0
      vertex -13.8585 -0.395032 -4.5
      vertex -13.8585 -0.395032 0
    endloop
  endfacet
  facet normal 0.99863 0.0523302 0
    outer loop
      vertex -8 0 1.5
      vertex -8.02191 0.418114 0
      vertex -8.02191 0.418114 1.5
    endloop
  endfacet
  facet normal 0.99863 0.0523302 0
    outer loop
      vertex -8.02191 0.418114 0
      vertex -8 0 1.5
      vertex -8 0 0
    endloop
  endfacet
  facet normal -0.998631 0.0523064 0
    outer loop
      vertex -16 0 0
      vertex -15.9781 0.418114 1.5
      vertex -15.9781 0.418114 0
    endloop
  endfacet
  facet normal -0.998631 0.0523064 0
    outer loop
      vertex -15.9781 0.418114 1.5
      vertex -16 0 0
      vertex -16 0 1.5
    endloop
  endfacet
  facet normal 0.0523319 0.99863 -0
    outer loop
      vertex -11.5819 3.97809 0
      vertex -12 4 1.5
      vertex -11.5819 3.97809 1.5
    endloop
  endfacet
  facet normal 0.0523319 0.99863 0
    outer loop
      vertex -12 4 1.5
      vertex -11.5819 3.97809 0
      vertex -12 4 0
    endloop
  endfacet
  facet normal -0.0523319 -0.99863 0
    outer loop
      vertex -12.4181 -3.97809 0
      vertex -12 -4 1.5
      vertex -12.4181 -3.97809 1.5
    endloop
  endfacet
  facet normal -0.0523319 -0.99863 -0
    outer loop
      vertex -12 -4 1.5
      vertex -12.4181 -3.97809 0
      vertex -12 -4 0
    endloop
  endfacet
  facet normal -0.777131 -0.629338 0
    outer loop
      vertex -14.9726 -2.67652 0
      vertex -15.2361 -2.35114 1.5
      vertex -15.2361 -2.35114 0
    endloop
  endfacet
  facet normal -0.777131 -0.629338 0
    outer loop
      vertex -15.2361 -2.35114 1.5
      vertex -14.9726 -2.67652 0
      vertex -14.9726 -2.67652 1.5
    endloop
  endfacet
  facet normal 0.707107 0.707107 0
    outer loop
      vertex -9.02742 2.67652 1.5
      vertex -9.32348 2.97258 0
      vertex -9.32348 2.97258 1.5
    endloop
  endfacet
  facet normal 0.707107 0.707107 0
    outer loop
      vertex -9.32348 2.97258 0
      vertex -9.02742 2.67652 1.5
      vertex -9.02742 2.67652 0
    endloop
  endfacet
  facet normal -0.629301 0.777162 0
    outer loop
      vertex -14.3511 3.23607 0
      vertex -14.6765 2.97258 1.5
      vertex -14.3511 3.23607 1.5
    endloop
  endfacet
  facet normal -0.629301 0.777162 0
    outer loop
      vertex -14.6765 2.97258 1.5
      vertex -14.3511 3.23607 0
      vertex -14.6765 2.97258 0
    endloop
  endfacet
  facet normal -0.258762 0.965941 0
    outer loop
      vertex -12.8316 3.91259 0
      vertex -13.2361 3.80423 1.5
      vertex -12.8316 3.91259 1.5
    endloop
  endfacet
  facet normal -0.258762 0.965941 0
    outer loop
      vertex -13.2361 3.80423 1.5
      vertex -12.8316 3.91259 0
      vertex -13.2361 3.80423 0
    endloop
  endfacet
  facet normal 0.933576 0.358379 0
    outer loop
      vertex -8.19577 1.23607 1.5
      vertex -8.34582 1.62695 0
      vertex -8.34582 1.62695 1.5
    endloop
  endfacet
  facet normal 0.933576 0.358379 0
    outer loop
      vertex -8.34582 1.62695 0
      vertex -8.19577 1.23607 1.5
      vertex -8.19577 1.23607 0
    endloop
  endfacet
  facet normal 0.358443 0.933552 -0
    outer loop
      vertex -10.3731 3.65418 0
      vertex -10.7639 3.80423 1.5
      vertex -10.3731 3.65418 1.5
    endloop
  endfacet
  facet normal 0.358443 0.933552 0
    outer loop
      vertex -10.7639 3.80423 1.5
      vertex -10.3731 3.65418 0
      vertex -10.7639 3.80423 0
    endloop
  endfacet
  facet normal 0.544634 0.838674 -0
    outer loop
      vertex -9.64886 3.23607 0
      vertex -10 3.4641 1.5
      vertex -9.64886 3.23607 1.5
    endloop
  endfacet
  facet normal 0.544634 0.838674 0
    outer loop
      vertex -10 3.4641 1.5
      vertex -9.64886 3.23607 0
      vertex -10 3.4641 0
    endloop
  endfacet
  facet normal -0.890986 0.454031 0
    outer loop
      vertex -15.6542 1.62695 0
      vertex -15.4641 2 1.5
      vertex -15.4641 2 0
    endloop
  endfacet
  facet normal -0.890986 0.454031 0
    outer loop
      vertex -15.4641 2 1.5
      vertex -15.6542 1.62695 0
      vertex -15.6542 1.62695 1.5
    endloop
  endfacet
  facet normal -0.0523319 0.99863 0
    outer loop
      vertex -12 4 0
      vertex -12.4181 3.97809 1.5
      vertex -12 4 1.5
    endloop
  endfacet
  facet normal -0.0523319 0.99863 0
    outer loop
      vertex -12.4181 3.97809 1.5
      vertex -12 4 0
      vertex -12.4181 3.97809 0
    endloop
  endfacet
  facet normal -0.998631 -0.0523064 0
    outer loop
      vertex -15.9781 -0.418114 0
      vertex -16 0 1.5
      vertex -16 0 0
    endloop
  endfacet
  facet normal -0.998631 -0.0523064 0
    outer loop
      vertex -16 0 1.5
      vertex -15.9781 -0.418114 0
      vertex -15.9781 -0.418114 1.5
    endloop
  endfacet
  facet normal 0.965929 0.258808 0
    outer loop
      vertex -8.08741 0.831646 1.5
      vertex -8.19577 1.23607 0
      vertex -8.19577 1.23607 1.5
    endloop
  endfacet
  facet normal 0.965929 0.258808 0
    outer loop
      vertex -8.19577 1.23607 0
      vertex -8.08741 0.831646 1.5
      vertex -8.08741 0.831646 0
    endloop
  endfacet
  facet normal 0.987687 0.156441 0
    outer loop
      vertex -8.02191 0.418114 1.5
      vertex -8.08741 0.831646 0
      vertex -8.08741 0.831646 1.5
    endloop
  endfacet
  facet normal 0.987687 0.156441 0
    outer loop
      vertex -8.08741 0.831646 0
      vertex -8.02191 0.418114 1.5
      vertex -8.02191 0.418114 0
    endloop
  endfacet
  facet normal 0.838674 0.544634 0
    outer loop
      vertex -8.5359 2 1.5
      vertex -8.76393 2.35114 0
      vertex -8.76393 2.35114 1.5
    endloop
  endfacet
  facet normal 0.838674 0.544634 0
    outer loop
      vertex -8.76393 2.35114 0
      vertex -8.5359 2 1.5
      vertex -8.5359 2 0
    endloop
  endfacet
  facet normal 0.777143 0.629324 0
    outer loop
      vertex -8.76393 2.35114 1.5
      vertex -9.02742 2.67652 0
      vertex -9.02742 2.67652 1.5
    endloop
  endfacet
  facet normal 0.777143 0.629324 0
    outer loop
      vertex -9.02742 2.67652 0
      vertex -8.76393 2.35114 1.5
      vertex -8.76393 2.35114 0
    endloop
  endfacet
  facet normal 0.891005 0.453993 0
    outer loop
      vertex -8.34582 1.62695 1.5
      vertex -8.5359 2 0
      vertex -8.5359 2 1.5
    endloop
  endfacet
  facet normal 0.891005 0.453993 0
    outer loop
      vertex -8.5359 2 0
      vertex -8.34582 1.62695 1.5
      vertex -8.34582 1.62695 0
    endloop
  endfacet
  facet normal 0.258762 0.965941 -0
    outer loop
      vertex -10.7639 3.80423 0
      vertex -11.1684 3.91259 1.5
      vertex -10.7639 3.80423 1.5
    endloop
  endfacet
  facet normal 0.258762 0.965941 0
    outer loop
      vertex -11.1684 3.91259 1.5
      vertex -10.7639 3.80423 0
      vertex -11.1684 3.91259 0
    endloop
  endfacet
  facet normal 0.156453 0.987685 -0
    outer loop
      vertex -11.1684 3.91259 0
      vertex -11.5819 3.97809 1.5
      vertex -11.1684 3.91259 1.5
    endloop
  endfacet
  facet normal 0.156453 0.987685 0
    outer loop
      vertex -11.5819 3.97809 1.5
      vertex -11.1684 3.91259 0
      vertex -11.5819 3.97809 0
    endloop
  endfacet
  facet normal 0.453945 0.89103 -0
    outer loop
      vertex -10 3.4641 0
      vertex -10.3731 3.65418 1.5
      vertex -10 3.4641 1.5
    endloop
  endfacet
  facet normal 0.453945 0.89103 0
    outer loop
      vertex -10.3731 3.65418 1.5
      vertex -10 3.4641 0
      vertex -10.3731 3.65418 0
    endloop
  endfacet
  facet normal 0.629324 0.777143 -0
    outer loop
      vertex -9.32348 2.97258 0
      vertex -9.64886 3.23607 1.5
      vertex -9.32348 2.97258 1.5
    endloop
  endfacet
  facet normal 0.629324 0.777143 0
    outer loop
      vertex -9.64886 3.23607 1.5
      vertex -9.32348 2.97258 0
      vertex -9.64886 3.23607 0
    endloop
  endfacet
  facet normal -0.965905 0.258897 0
    outer loop
      vertex -15.9126 0.831646 0
      vertex -15.8042 1.23607 1.5
      vertex -15.8042 1.23607 0
    endloop
  endfacet
  facet normal -0.965905 0.258897 0
    outer loop
      vertex -15.8042 1.23607 1.5
      vertex -15.9126 0.831646 0
      vertex -15.9126 0.831646 1.5
    endloop
  endfacet
  facet normal -0.777131 0.629338 0
    outer loop
      vertex -15.2361 2.35114 0
      vertex -14.9726 2.67652 1.5
      vertex -14.9726 2.67652 0
    endloop
  endfacet
  facet normal -0.777131 0.629338 0
    outer loop
      vertex -14.9726 2.67652 1.5
      vertex -15.2361 2.35114 0
      vertex -15.2361 2.35114 1.5
    endloop
  endfacet
  facet normal -0.707059 0.707155 0
    outer loop
      vertex -14.9726 2.67652 0
      vertex -14.6765 2.97258 1.5
      vertex -14.6765 2.97258 0
    endloop
  endfacet
  facet normal -0.707059 0.707155 0
    outer loop
      vertex -14.6765 2.97258 1.5
      vertex -14.9726 2.67652 0
      vertex -14.9726 2.67652 1.5
    endloop
  endfacet
  facet normal -0.838707 0.544584 0
    outer loop
      vertex -15.4641 2 0
      vertex -15.2361 2.35114 1.5
      vertex -15.2361 2.35114 0
    endloop
  endfacet
  facet normal -0.838707 0.544584 0
    outer loop
      vertex -15.2361 2.35114 1.5
      vertex -15.4641 2 0
      vertex -15.4641 2 1.5
    endloop
  endfacet
  facet normal -0.933616 0.358275 0
    outer loop
      vertex -15.8042 1.23607 0
      vertex -15.6542 1.62695 1.5
      vertex -15.6542 1.62695 0
    endloop
  endfacet
  facet normal -0.933616 0.358275 0
    outer loop
      vertex -15.6542 1.62695 1.5
      vertex -15.8042 1.23607 0
      vertex -15.8042 1.23607 1.5
    endloop
  endfacet
  facet normal -0.987687 0.156441 0
    outer loop
      vertex -15.9781 0.418114 0
      vertex -15.9126 0.831646 1.5
      vertex -15.9126 0.831646 0
    endloop
  endfacet
  facet normal -0.987687 0.156441 0
    outer loop
      vertex -15.9126 0.831646 1.5
      vertex -15.9781 0.418114 0
      vertex -15.9781 0.418114 1.5
    endloop
  endfacet
  facet normal 0 0 1
    outer loop
      vertex -8.25 0 1.5
      vertex -8 0 1.5
      vertex -8.02191 0.418114 1.5
    endloop
  endfacet
  facet normal 0 0 1
    outer loop
      vertex -8.27054 0.391981 1.5
      vertex -8.02191 0.418114 1.5
      vertex -8.08741 0.831646 1.5
    endloop
  endfacet
  facet normal 0 0 1
    outer loop
      vertex -8 0 1.5
      vertex -8.25 0 1.5
      vertex -8.02191 -0.418114 1.5
    endloop
  endfacet
  facet normal 0 0 1
    outer loop
      vertex -8.33195 0.779669 1.5
      vertex -8.08741 0.831646 1.5
      vertex -8.19577 1.23607 1.5
    endloop
  endfacet
  facet normal -0 0 1
    outer loop
      vertex -8.27054 -0.391981 1.5
      vertex -8.02191 -0.418114 1.5
      vertex -8.25 0 1.5
    endloop
  endfacet
  facet normal 0 0 1
    outer loop
      vertex -8.02191 -0.418114 1.5
      vertex -8.27054 -0.391981 1.5
      vertex -8.08741 -0.831646 1.5
    endloop
  endfacet
  facet normal 0 0 1
    outer loop
      vertex -8.02191 0.418114 1.5
      vertex -8.27054 0.391981 1.5
      vertex -8.25 0 1.5
    endloop
  endfacet
  facet normal 0 0 1
    outer loop
      vertex -8.08741 0.831646 1.5
      vertex -8.33195 0.779669 1.5
      vertex -8.27054 0.391981 1.5
    endloop
  endfacet
  facet normal 0 0 1
    outer loop
      vertex -8.43354 1.15881 1.5
      vertex -8.19577 1.23607 1.5
      vertex -8.34582 1.62695 1.5
    endloop
  endfacet
  facet normal 0 0 1
    outer loop
      vertex -8.19577 1.23607 1.5
      vertex -8.43354 1.15881 1.5
      vertex -8.33195 0.779669 1.5
    endloop
  endfacet
  facet normal 0 0 1
    outer loop
      vertex -8.57421 1.52526 1.5
      vertex -8.34582 1.62695 1.5
      vertex -8.5359 2 1.5
    endloop
  endfacet
  facet normal 0 0 1
    outer loop
      vertex -8.34582 1.62695 1.5
      vertex -8.57421 1.52526 1.5
      vertex -8.43354 1.15881 1.5
    endloop
  endfacet
  facet normal 0 0 1
    outer loop
      vertex -8.5359 2 1.5
      vertex -8.75241 1.875 1.5
      vertex -8.57421 1.52526 1.5
    endloop
  endfacet
  facet normal 0 0 1
    outer loop
      vertex -8.76393 2.35114 1.5
      vertex -8.75241 1.875 1.5
      vertex -8.5359 2 1.5
    endloop
  endfacet
  facet normal 0 0 1
    outer loop
      vertex -8.76393 2.35114 1.5
      vertex -8.96619 2.20419 1.5
      vertex -8.75241 1.875 1.5
    endloop
  endfacet
  facet normal 0 0 1
    outer loop
      vertex -9.02742 2.67652 1.5
      vertex -8.96619 2.20419 1.5
      vertex -8.76393 2.35114 1.5
    endloop
  endfacet
  facet normal 0 0 1
    outer loop
      vertex -9.02742 2.67652 1.5
      vertex -9.21321 2.50924 1.5
      vertex -8.96619 2.20419 1.5
    endloop
  endfacet
  facet normal 0 0 1
    outer loop
      vertex -9.32348 2.97258 1.5
      vertex -9.21321 2.50924 1.5
      vertex -9.02742 2.67652 1.5
    endloop
  endfacet
  facet normal 0 0 1
    outer loop
      vertex -9.32348 2.97258 1.5
      vertex -9.49076 2.78679 1.5
      vertex -9.21321 2.50924 1.5
    endloop
  endfacet
  facet normal 0 0 1
    outer loop
      vertex -9.64886 3.23607 1.5
      vertex -9.49076 2.78679 1.5
      vertex -9.32348 2.97258 1.5
    endloop
  endfacet
  facet normal 0 0 1
    outer loop
      vertex -9.64886 3.23607 1.5
      vertex -9.79581 3.03381 1.5
      vertex -9.49076 2.78679 1.5
    endloop
  endfacet
  facet normal 0 0 1
    outer loop
      vertex -10 3.4641 1.5
      vertex -9.79581 3.03381 1.5
      vertex -9.64886 3.23607 1.5
    endloop
  endfacet
  facet normal 0 0 1
    outer loop
      vertex -10 3.4641 1.5
      vertex -10.125 3.24759 1.5
      vertex -9.79581 3.03381 1.5
    endloop
  endfacet
  facet normal 0 0 1
    outer loop
      vertex -10.3731 3.65418 1.5
      vertex -10.125 3.24759 1.5
      vertex -10 3.4641 1.5
    endloop
  endfacet
  facet normal 0 0 1
    outer loop
      vertex -10.3731 3.65418 1.5
      vertex -10.4747 3.42579 1.5
      vertex -10.125 3.24759 1.5
    endloop
  endfacet
  facet normal 0 0 1
    outer loop
      vertex -10.7639 3.80423 1.5
      vertex -10.4747 3.42579 1.5
      vertex -10.3731 3.65418 1.5
    endloop
  endfacet
  facet normal 0 0 1
    outer loop
      vertex -10.7639 3.80423 1.5
      vertex -10.8412 3.56646 1.5
      vertex -10.4747 3.42579 1.5
    endloop
  endfacet
  facet normal 0 0 1
    outer loop
      vertex -11.1684 3.91259 1.5
      vertex -10.8412 3.56646 1.5
      vertex -10.7639 3.80423 1.5
    endloop
  endfacet
  facet normal 0 0 1
    outer loop
      vertex -11.1684 3.91259 1.5
      vertex -11.2203 3.66805 1.5
      vertex -10.8412 3.56646 1.5
    endloop
  endfacet
  facet normal 0 0 1
    outer loop
      vertex -11.5819 3.97809 1.5
      vertex -11.2203 3.66805 1.5
      vertex -11.1684 3.91259 1.5
    endloop
  endfacet
  facet normal 0 0 1
    outer loop
      vertex -11.5819 3.97809 1.5
      vertex -11.608 3.72946 1.5
      vertex -11.2203 3.66805 1.5
    endloop
  endfacet
  facet normal 0 0 1
    outer loop
      vertex -12 4 1.5
      vertex -11.608 3.72946 1.5
      vertex -11.5819 3.97809 1.5
    endloop
  endfacet
  facet normal 0 0 1
    outer loop
      vertex -12 4 1.5
      vertex -12 3.75 1.5
      vertex -11.608 3.72946 1.5
    endloop
  endfacet
  facet normal 0 0 1
    outer loop
      vertex -12 4 1.5
      vertex -12.392 3.72946 1.5
      vertex -12 3.75 1.5
    endloop
  endfacet
  facet normal -0 0 1
    outer loop
      vertex -12.4181 3.97809 1.5
      vertex -12.392 3.72946 1.5
      vertex -12 4 1.5
    endloop
  endfacet
  facet normal 0 0 1
    outer loop
      vertex -12.4181 3.97809 1.5
      vertex -12.7797 3.66805 1.5
      vertex -12.392 3.72946 1.5
    endloop
  endfacet
  facet normal -0 0 1
    outer loop
      vertex -12.8316 3.91259 1.5
      vertex -12.7797 3.66805 1.5
      vertex -12.4181 3.97809 1.5
    endloop
  endfacet
  facet normal 0 0 1
    outer loop
      vertex -12.8316 3.91259 1.5
      vertex -13.1588 3.56646 1.5
      vertex -12.7797 3.66805 1.5
    endloop
  endfacet
  facet normal -0 0 1
    outer loop
      vertex -13.2361 3.80423 1.5
      vertex -13.1588 3.56646 1.5
      vertex -12.8316 3.91259 1.5
    endloop
  endfacet
  facet normal 0 0 1
    outer loop
      vertex -13.2361 3.80423 1.5
      vertex -13.5253 3.42579 1.5
      vertex -13.1588 3.56646 1.5
    endloop
  endfacet
  facet normal -0 0 1
    outer loop
      vertex -13.6269 3.65418 1.5
      vertex -13.5253 3.42579 1.5
      vertex -13.2361 3.80423 1.5
    endloop
  endfacet
  facet normal 0 0 1
    outer loop
      vertex -13.6269 3.65418 1.5
      vertex -13.875 3.24759 1.5
      vertex -13.5253 3.42579 1.5
    endloop
  endfacet
  facet normal -0 0 1
    outer loop
      vertex -14 3.4641 1.5
      vertex -13.875 3.24759 1.5
      vertex -13.6269 3.65418 1.5
    endloop
  endfacet
  facet normal 0 0 1
    outer loop
      vertex -14 3.4641 1.5
      vertex -14.2042 3.03381 1.5
      vertex -13.875 3.24759 1.5
    endloop
  endfacet
  facet normal -0 0 1
    outer loop
      vertex -14.3511 3.23607 1.5
      vertex -14.2042 3.03381 1.5
      vertex -14 3.4641 1.5
    endloop
  endfacet
  facet normal 0 0 1
    outer loop
      vertex -14.3511 3.23607 1.5
      vertex -14.5092 2.78679 1.5
      vertex -14.2042 3.03381 1.5
    endloop
  endfacet
  facet normal -0 0 1
    outer loop
      vertex -14.6765 2.97258 1.5
      vertex -14.5092 2.78679 1.5
      vertex -14.3511 3.23607 1.5
    endloop
  endfacet
  facet normal 0 0 1
    outer loop
      vertex -14.6765 2.97258 1.5
      vertex -14.7868 2.50924 1.5
      vertex -14.5092 2.78679 1.5
    endloop
  endfacet
  facet normal -0 0 1
    outer loop
      vertex -14.9726 2.67652 1.5
      vertex -14.7868 2.50924 1.5
      vertex -14.6765 2.97258 1.5
    endloop
  endfacet
  facet normal 0 0 1
    outer loop
      vertex -14.9726 2.67652 1.5
      vertex -15.0338 2.20419 1.5
      vertex -14.7868 2.50924 1.5
    endloop
  endfacet
  facet normal -0 0 1
    outer loop
      vertex -15.2361 2.35114 1.5
      vertex -15.0338 2.20419 1.5
      vertex -14.9726 2.67652 1.5
    endloop
  endfacet
  facet normal 0 0 1
    outer loop
      vertex -15.2361 2.35114 1.5
      vertex -15.2476 1.875 1.5
      vertex -15.0338 2.20419 1.5
    endloop
  endfacet
  facet normal -0 0 1
    outer loop
      vertex -15.4641 2 1.5
      vertex -15.2476 1.875 1.5
      vertex -15.2361 2.35114 1.5
    endloop
  endfacet
  facet normal 0 0 1
    outer loop
      vertex -15.2476 1.875 1.5
      vertex -15.4641 2 1.5
      vertex -15.4258 1.52526 1.5
    endloop
  endfacet
  facet normal -0 0 1
    outer loop
      vertex -15.6542 1.62695 1.5
      vertex -15.4258 1.52526 1.5
      vertex -15.4641 2 1.5
    endloop
  endfacet
  facet normal 0 0 1
    outer loop
      vertex -15.4258 1.52526 1.5
      vertex -15.6542 1.62695 1.5
      vertex -15.5665 1.15881 1.5
    endloop
  endfacet
  facet normal -0 0 1
    outer loop
      vertex -15.8042 1.23607 1.5
      vertex -15.5665 1.15881 1.5
      vertex -15.6542 1.62695 1.5
    endloop
  endfacet
  facet normal 0 0 1
    outer loop
      vertex -15.5665 1.15881 1.5
      vertex -15.8042 1.23607 1.5
      vertex -15.6681 0.779669 1.5
    endloop
  endfacet
  facet normal 0 0 1
    outer loop
      vertex -15.6681 0.779669 1.5
      vertex -15.9126 0.831646 1.5
      vertex -15.7295 0.391981 1.5
    endloop
  endfacet
  facet normal -0 0 1
    outer loop
      vertex -15.9126 0.831646 1.5
      vertex -15.6681 0.779669 1.5
      vertex -15.8042 1.23607 1.5
    endloop
  endfacet
  facet normal -0 0 1
    outer loop
      vertex -8.33195 -0.779669 1.5
      vertex -8.08741 -0.831646 1.5
      vertex -8.27054 -0.391981 1.5
    endloop
  endfacet
  facet normal 0 0 1
    outer loop
      vertex -8.08741 -0.831646 1.5
      vertex -8.33195 -0.779669 1.5
      vertex -8.19577 -1.23607 1.5
    endloop
  endfacet
  facet normal -0 0 1
    outer loop
      vertex -8.43354 -1.15881 1.5
      vertex -8.19577 -1.23607 1.5
      vertex -8.33195 -0.779669 1.5
    endloop
  endfacet
  facet normal 0 0 1
    outer loop
      vertex -8.19577 -1.23607 1.5
      vertex -8.43354 -1.15881 1.5
      vertex -8.34582 -1.62695 1.5
    endloop
  endfacet
  facet normal -0 0 1
    outer loop
      vertex -8.57421 -1.52526 1.5
      vertex -8.34582 -1.62695 1.5
      vertex -8.43354 -1.15881 1.5
    endloop
  endfacet
  facet normal 0 0 1
    outer loop
      vertex -8.34582 -1.62695 1.5
      vertex -8.57421 -1.52526 1.5
      vertex -8.5359 -2 1.5
    endloop
  endfacet
  facet normal -0 0 1
    outer loop
      vertex -8.75241 -1.875 1.5
      vertex -8.5359 -2 1.5
      vertex -8.57421 -1.52526 1.5
    endloop
  endfacet
  facet normal 0 0 1
    outer loop
      vertex -8.75241 -1.875 1.5
      vertex -8.76393 -2.35114 1.5
      vertex -8.5359 -2 1.5
    endloop
  endfacet
  facet normal -0 0 1
    outer loop
      vertex -8.96619 -2.20419 1.5
      vertex -8.76393 -2.35114 1.5
      vertex -8.75241 -1.875 1.5
    endloop
  endfacet
  facet normal 0 0 1
    outer loop
      vertex -8.96619 -2.20419 1.5
      vertex -9.02742 -2.67652 1.5
      vertex -8.76393 -2.35114 1.5
    endloop
  endfacet
  facet normal -0 0 1
    outer loop
      vertex -9.21321 -2.50924 1.5
      vertex -9.02742 -2.67652 1.5
      vertex -8.96619 -2.20419 1.5
    endloop
  endfacet
  facet normal 0 0 1
    outer loop
      vertex -9.21321 -2.50924 1.5
      vertex -9.32348 -2.97258 1.5
      vertex -9.02742 -2.67652 1.5
    endloop
  endfacet
  facet normal -0 0 1
    outer loop
      vertex -9.49076 -2.78679 1.5
      vertex -9.32348 -2.97258 1.5
      vertex -9.21321 -2.50924 1.5
    endloop
  endfacet
  facet normal 0 0 1
    outer loop
      vertex -9.49076 -2.78679 1.5
      vertex -9.64886 -3.23607 1.5
      vertex -9.32348 -2.97258 1.5
    endloop
  endfacet
  facet normal -0 0 1
    outer loop
      vertex -9.79581 -3.03381 1.5
      vertex -9.64886 -3.23607 1.5
      vertex -9.49076 -2.78679 1.5
    endloop
  endfacet
  facet normal 0 0 1
    outer loop
      vertex -9.79581 -3.03381 1.5
      vertex -10 -3.4641 1.5
      vertex -9.64886 -3.23607 1.5
    endloop
  endfacet
  facet normal -0 0 1
    outer loop
      vertex -10.125 -3.24759 1.5
      vertex -10 -3.4641 1.5
      vertex -9.79581 -3.03381 1.5
    endloop
  endfacet
  facet normal 0 0 1
    outer loop
      vertex -10.125 -3.24759 1.5
      vertex -10.3731 -3.65418 1.5
      vertex -10 -3.4641 1.5
    endloop
  endfacet
  facet normal -0 0 1
    outer loop
      vertex -10.4747 -3.42579 1.5
      vertex -10.3731 -3.65418 1.5
      vertex -10.125 -3.24759 1.5
    endloop
  endfacet
  facet normal 0 0 1
    outer loop
      vertex -10.4747 -3.42579 1.5
      vertex -10.7639 -3.80423 1.5
      vertex -10.3731 -3.65418 1.5
    endloop
  endfacet
  facet normal -0 0 1
    outer loop
      vertex -10.8412 -3.56646 1.5
      vertex -10.7639 -3.80423 1.5
      vertex -10.4747 -3.42579 1.5
    endloop
  endfacet
  facet normal 0 0 1
    outer loop
      vertex -10.8412 -3.56646 1.5
      vertex -11.1684 -3.91259 1.5
      vertex -10.7639 -3.80423 1.5
    endloop
  endfacet
  facet normal -0 0 1
    outer loop
      vertex -11.2203 -3.66805 1.5
      vertex -11.1684 -3.91259 1.5
      vertex -10.8412 -3.56646 1.5
    endloop
  endfacet
  facet normal 0 0 1
    outer loop
      vertex -11.2203 -3.66805 1.5
      vertex -11.5819 -3.97809 1.5
      vertex -11.1684 -3.91259 1.5
    endloop
  endfacet
  facet normal -0 0 1
    outer loop
      vertex -11.608 -3.72946 1.5
      vertex -11.5819 -3.97809 1.5
      vertex -11.2203 -3.66805 1.5
    endloop
  endfacet
  facet normal -0 0 1
    outer loop
      vertex -12 -3.75 1.5
      vertex -11.5819 -3.97809 1.5
      vertex -11.608 -3.72946 1.5
    endloop
  endfacet
  facet normal 0 0 1
    outer loop
      vertex -12 -3.75 1.5
      vertex -12 -4 1.5
      vertex -11.5819 -3.97809 1.5
    endloop
  endfacet
  facet normal 0 0 1
    outer loop
      vertex -12.392 -3.72946 1.5
      vertex -12 -4 1.5
      vertex -12 -3.75 1.5
    endloop
  endfacet
  facet normal 0 0 1
    outer loop
      vertex -12.392 -3.72946 1.5
      vertex -12.4181 -3.97809 1.5
      vertex -12 -4 1.5
    endloop
  endfacet
  facet normal 0 0 1
    outer loop
      vertex -12.7797 -3.66805 1.5
      vertex -12.4181 -3.97809 1.5
      vertex -12.392 -3.72946 1.5
    endloop
  endfacet
  facet normal 0 0 1
    outer loop
      vertex -12.7797 -3.66805 1.5
      vertex -12.8316 -3.91259 1.5
      vertex -12.4181 -3.97809 1.5
    endloop
  endfacet
  facet normal 0 0 1
    outer loop
      vertex -13.1588 -3.56646 1.5
      vertex -12.8316 -3.91259 1.5
      vertex -12.7797 -3.66805 1.5
    endloop
  endfacet
  facet normal 0 0 1
    outer loop
      vertex -13.1588 -3.56646 1.5
      vertex -13.2361 -3.80423 1.5
      vertex -12.8316 -3.91259 1.5
    endloop
  endfacet
  facet normal 0 0 1
    outer loop
      vertex -13.5253 -3.42579 1.5
      vertex -13.2361 -3.80423 1.5
      vertex -13.1588 -3.56646 1.5
    endloop
  endfacet
  facet normal 0 0 1
    outer loop
      vertex -13.5253 -3.42579 1.5
      vertex -13.6269 -3.65418 1.5
      vertex -13.2361 -3.80423 1.5
    endloop
  endfacet
  facet normal 0 0 1
    outer loop
      vertex -13.875 -3.24759 1.5
      vertex -13.6269 -3.65418 1.5
      vertex -13.5253 -3.42579 1.5
    endloop
  endfacet
  facet normal 0 0 1
    outer loop
      vertex -13.875 -3.24759 1.5
      vertex -14 -3.4641 1.5
      vertex -13.6269 -3.65418 1.5
    endloop
  endfacet
  facet normal 0 0 1
    outer loop
      vertex -14.2042 -3.03381 1.5
      vertex -14 -3.4641 1.5
      vertex -13.875 -3.24759 1.5
    endloop
  endfacet
  facet normal 0 0 1
    outer loop
      vertex -14.2042 -3.03381 1.5
      vertex -14.3511 -3.23607 1.5
      vertex -14 -3.4641 1.5
    endloop
  endfacet
  facet normal 0 0 1
    outer loop
      vertex -14.5092 -2.78679 1.5
      vertex -14.3511 -3.23607 1.5
      vertex -14.2042 -3.03381 1.5
    endloop
  endfacet
  facet normal 0 0 1
    outer loop
      vertex -14.5092 -2.78679 1.5
      vertex -14.6765 -2.97258 1.5
      vertex -14.3511 -3.23607 1.5
    endloop
  endfacet
  facet normal 0 0 1
    outer loop
      vertex -14.7868 -2.50924 1.5
      vertex -14.6765 -2.97258 1.5
      vertex -14.5092 -2.78679 1.5
    endloop
  endfacet
  facet normal 0 0 1
    outer loop
      vertex -14.7868 -2.50924 1.5
      vertex -14.9726 -2.67652 1.5
      vertex -14.6765 -2.97258 1.5
    endloop
  endfacet
  facet normal 0 0 1
    outer loop
      vertex -15.0338 -2.20419 1.5
      vertex -14.9726 -2.67652 1.5
      vertex -14.7868 -2.50924 1.5
    endloop
  endfacet
  facet normal 0 0 1
    outer loop
      vertex -15.0338 -2.20419 1.5
      vertex -15.2361 -2.35114 1.5
      vertex -14.9726 -2.67652 1.5
    endloop
  endfacet
  facet normal 0 0 1
    outer loop
      vertex -15.2476 -1.875 1.5
      vertex -15.2361 -2.35114 1.5
      vertex -15.0338 -2.20419 1.5
    endloop
  endfacet
  facet normal 0 0 1
    outer loop
      vertex -15.4641 -2 1.5
      vertex -15.2476 -1.875 1.5
      vertex -15.4258 -1.52526 1.5
    endloop
  endfacet
  facet normal 0 0 1
    outer loop
      vertex -15.2476 -1.875 1.5
      vertex -15.4641 -2 1.5
      vertex -15.2361 -2.35114 1.5
    endloop
  endfacet
  facet normal 0 0 1
    outer loop
      vertex -15.6542 -1.62695 1.5
      vertex -15.4258 -1.52526 1.5
      vertex -15.5665 -1.15881 1.5
    endloop
  endfacet
  facet normal 0 0 1
    outer loop
      vertex -15.4258 -1.52526 1.5
      vertex -15.6542 -1.62695 1.5
      vertex -15.4641 -2 1.5
    endloop
  endfacet
  facet normal 0 0 1
    outer loop
      vertex -15.8042 -1.23607 1.5
      vertex -15.5665 -1.15881 1.5
      vertex -15.6681 -0.779669 1.5
    endloop
  endfacet
  facet normal 0 0 1
    outer loop
      vertex -15.9126 -0.831646 1.5
      vertex -15.6681 -0.779669 1.5
      vertex -15.7295 -0.391981 1.5
    endloop
  endfacet
  facet normal 0 0 1
    outer loop
      vertex -15.5665 -1.15881 1.5
      vertex -15.8042 -1.23607 1.5
      vertex -15.6542 -1.62695 1.5
    endloop
  endfacet
  facet normal 0 0 1
    outer loop
      vertex -15.9781 -0.418114 1.5
      vertex -15.7295 -0.391981 1.5
      vertex -15.75 0 1.5
    endloop
  endfacet
  facet normal -0 0 1
    outer loop
      vertex -15.9781 0.418114 1.5
      vertex -15.7295 0.391981 1.5
      vertex -15.9126 0.831646 1.5
    endloop
  endfacet
  facet normal 0 0 1
    outer loop
      vertex -15.7295 0.391981 1.5
      vertex -15.9781 0.418114 1.5
      vertex -15.75 0 1.5
    endloop
  endfacet
  facet normal 0 0 1
    outer loop
      vertex -15.6681 -0.779669 1.5
      vertex -15.9126 -0.831646 1.5
      vertex -15.8042 -1.23607 1.5
    endloop
  endfacet
  facet normal 0 0 1
    outer loop
      vertex -16 0 1.5
      vertex -15.75 0 1.5
      vertex -15.9781 0.418114 1.5
    endloop
  endfacet
  facet normal 0 0 1
    outer loop
      vertex -15.7295 -0.391981 1.5
      vertex -15.9781 -0.418114 1.5
      vertex -15.9126 -0.831646 1.5
    endloop
  endfacet
  facet normal 0 0 1
    outer loop
      vertex -15.75 0 1.5
      vertex -16 0 1.5
      vertex -15.9781 -0.418114 1.5
    endloop
  endfacet
  facet normal -0.453945 0.89103 0
    outer loop
      vertex -13.6269 3.65418 0
      vertex -14 3.4641 1.5
      vertex -13.6269 3.65418 1.5
    endloop
  endfacet
  facet normal -0.453945 0.89103 0
    outer loop
      vertex -14 3.4641 1.5
      vertex -13.6269 3.65418 0
      vertex -14 3.4641 0
    endloop
  endfacet
  facet normal -0.358443 0.933552 0
    outer loop
      vertex -13.2361 3.80423 0
      vertex -13.6269 3.65418 1.5
      vertex -13.2361 3.80423 1.5
    endloop
  endfacet
  facet normal -0.358443 0.933552 0
    outer loop
      vertex -13.6269 3.65418 1.5
      vertex -13.2361 3.80423 0
      vertex -13.6269 3.65418 0
    endloop
  endfacet
  facet normal -0.544678 0.838645 0
    outer loop
      vertex -14 3.4641 0
      vertex -14.3511 3.23607 1.5
      vertex -14 3.4641 1.5
    endloop
  endfacet
  facet normal -0.544678 0.838645 0
    outer loop
      vertex -14.3511 3.23607 1.5
      vertex -14 3.4641 0
      vertex -14.3511 3.23607 0
    endloop
  endfacet
  facet normal -0.156453 0.987685 0
    outer loop
      vertex -12.4181 3.97809 0
      vertex -12.8316 3.91259 1.5
      vertex -12.4181 3.97809 1.5
    endloop
  endfacet
  facet normal -0.156453 0.987685 0
    outer loop
      vertex -12.8316 3.91259 1.5
      vertex -12.4181 3.97809 0
      vertex -12.8316 3.91259 0
    endloop
  endfacet
  facet normal 0.0523319 -0.99863 0
    outer loop
      vertex -12 -4 0
      vertex -11.5819 -3.97809 1.5
      vertex -12 -4 1.5
    endloop
  endfacet
  facet normal 0.0523319 -0.99863 0
    outer loop
      vertex -11.5819 -3.97809 1.5
      vertex -12 -4 0
      vertex -11.5819 -3.97809 0
    endloop
  endfacet
  facet normal 0.258762 -0.965941 0
    outer loop
      vertex -11.1684 -3.91259 0
      vertex -10.7639 -3.80423 1.5
      vertex -11.1684 -3.91259 1.5
    endloop
  endfacet
  facet normal 0.258762 -0.965941 0
    outer loop
      vertex -10.7639 -3.80423 1.5
      vertex -11.1684 -3.91259 0
      vertex -10.7639 -3.80423 0
    endloop
  endfacet
  facet normal 0.629324 -0.777143 0
    outer loop
      vertex -9.64886 -3.23607 0
      vertex -9.32348 -2.97258 1.5
      vertex -9.64886 -3.23607 1.5
    endloop
  endfacet
  facet normal 0.629324 -0.777143 0
    outer loop
      vertex -9.32348 -2.97258 1.5
      vertex -9.64886 -3.23607 0
      vertex -9.32348 -2.97258 0
    endloop
  endfacet
  facet normal 0.453945 -0.89103 0
    outer loop
      vertex -10.3731 -3.65418 0
      vertex -10 -3.4641 1.5
      vertex -10.3731 -3.65418 1.5
    endloop
  endfacet
  facet normal 0.453945 -0.89103 0
    outer loop
      vertex -10 -3.4641 1.5
      vertex -10.3731 -3.65418 0
      vertex -10 -3.4641 0
    endloop
  endfacet
  facet normal 0.777143 -0.629324 0
    outer loop
      vertex -9.02742 -2.67652 1.5
      vertex -8.76393 -2.35114 0
      vertex -8.76393 -2.35114 1.5
    endloop
  endfacet
  facet normal 0.777143 -0.629324 0
    outer loop
      vertex -8.76393 -2.35114 0
      vertex -9.02742 -2.67652 1.5
      vertex -9.02742 -2.67652 0
    endloop
  endfacet
  facet normal 0.891005 -0.453993 0
    outer loop
      vertex -8.5359 -2 1.5
      vertex -8.34582 -1.62695 0
      vertex -8.34582 -1.62695 1.5
    endloop
  endfacet
  facet normal 0.891005 -0.453993 0
    outer loop
      vertex -8.34582 -1.62695 0
      vertex -8.5359 -2 1.5
      vertex -8.5359 -2 0
    endloop
  endfacet
  facet normal -0.707059 -0.707155 0
    outer loop
      vertex -14.6765 -2.97258 0
      vertex -14.9726 -2.67652 1.5
      vertex -14.9726 -2.67652 0
    endloop
  endfacet
  facet normal -0.707059 -0.707155 0
    outer loop
      vertex -14.9726 -2.67652 1.5
      vertex -14.6765 -2.97258 0
      vertex -14.6765 -2.97258 1.5
    endloop
  endfacet
  facet normal -0.544678 -0.838645 0
    outer loop
      vertex -14.3511 -3.23607 0
      vertex -14 -3.4641 1.5
      vertex -14.3511 -3.23607 1.5
    endloop
  endfacet
  facet normal -0.544678 -0.838645 -0
    outer loop
      vertex -14 -3.4641 1.5
      vertex -14.3511 -3.23607 0
      vertex -14 -3.4641 0
    endloop
  endfacet
  facet normal -0.358443 -0.933552 0
    outer loop
      vertex -13.6269 -3.65418 0
      vertex -13.2361 -3.80423 1.5
      vertex -13.6269 -3.65418 1.5
    endloop
  endfacet
  facet normal -0.358443 -0.933552 -0
    outer loop
      vertex -13.2361 -3.80423 1.5
      vertex -13.6269 -3.65418 0
      vertex -13.2361 -3.80423 0
    endloop
  endfacet
  facet normal -0.156453 -0.987685 0
    outer loop
      vertex -12.8316 -3.91259 0
      vertex -12.4181 -3.97809 1.5
      vertex -12.8316 -3.91259 1.5
    endloop
  endfacet
  facet normal -0.156453 -0.987685 -0
    outer loop
      vertex -12.4181 -3.97809 1.5
      vertex -12.8316 -3.91259 0
      vertex -12.4181 -3.97809 0
    endloop
  endfacet
  facet normal -0.933616 -0.358275 0
    outer loop
      vertex -15.6542 -1.62695 0
      vertex -15.8042 -1.23607 1.5
      vertex -15.8042 -1.23607 0
    endloop
  endfacet
  facet normal -0.933616 -0.358275 0
    outer loop
      vertex -15.8042 -1.23607 1.5
      vertex -15.6542 -1.62695 0
      vertex -15.6542 -1.62695 1.5
    endloop
  endfacet
  facet normal -0.838707 -0.544584 0
    outer loop
      vertex -15.2361 -2.35114 0
      vertex -15.4641 -2 1.5
      vertex -15.4641 -2 0
    endloop
  endfacet
  facet normal -0.838707 -0.544584 0
    outer loop
      vertex -15.4641 -2 1.5
      vertex -15.2361 -2.35114 0
      vertex -15.2361 -2.35114 1.5
    endloop
  endfacet
  facet normal -0.987687 -0.156441 0
    outer loop
      vertex -15.9126 -0.831646 0
      vertex -15.9781 -0.418114 1.5
      vertex -15.9781 -0.418114 0
    endloop
  endfacet
  facet normal -0.987687 -0.156441 0
    outer loop
      vertex -15.9781 -0.418114 1.5
      vertex -15.9126 -0.831646 0
      vertex -15.9126 -0.831646 1.5
    endloop
  endfacet
  facet normal 0.156453 -0.987685 0
    outer loop
      vertex -11.5819 -3.97809 0
      vertex -11.1684 -3.91259 1.5
      vertex -11.5819 -3.97809 1.5
    endloop
  endfacet
  facet normal 0.156453 -0.987685 0
    outer loop
      vertex -11.1684 -3.91259 1.5
      vertex -11.5819 -3.97809 0
      vertex -11.1684 -3.91259 0
    endloop
  endfacet
  facet normal 0.358443 -0.933552 0
    outer loop
      vertex -10.7639 -3.80423 0
      vertex -10.3731 -3.65418 1.5
      vertex -10.7639 -3.80423 1.5
    endloop
  endfacet
  facet normal 0.358443 -0.933552 0
    outer loop
      vertex -10.3731 -3.65418 1.5
      vertex -10.7639 -3.80423 0
      vertex -10.3731 -3.65418 0
    endloop
  endfacet
  facet normal 0.707107 -0.707107 0
    outer loop
      vertex -9.32348 -2.97258 1.5
      vertex -9.02742 -2.67652 0
      vertex -9.02742 -2.67652 1.5
    endloop
  endfacet
  facet normal 0.707107 -0.707107 0
    outer loop
      vertex -9.02742 -2.67652 0
      vertex -9.32348 -2.97258 1.5
      vertex -9.32348 -2.97258 0
    endloop
  endfacet
  facet normal 0.544634 -0.838674 0
    outer loop
      vertex -10 -3.4641 0
      vertex -9.64886 -3.23607 1.5
      vertex -10 -3.4641 1.5
    endloop
  endfacet
  facet normal 0.544634 -0.838674 0
    outer loop
      vertex -9.64886 -3.23607 1.5
      vertex -10 -3.4641 0
      vertex -9.64886 -3.23607 0
    endloop
  endfacet
  facet normal 0.838674 -0.544634 0
    outer loop
      vertex -8.76393 -2.35114 1.5
      vertex -8.5359 -2 0
      vertex -8.5359 -2 1.5
    endloop
  endfacet
  facet normal 0.838674 -0.544634 0
    outer loop
      vertex -8.5359 -2 0
      vertex -8.76393 -2.35114 1.5
      vertex -8.76393 -2.35114 0
    endloop
  endfacet
  facet normal 0.933576 -0.358379 0
    outer loop
      vertex -8.34582 -1.62695 1.5
      vertex -8.19577 -1.23607 0
      vertex -8.19577 -1.23607 1.5
    endloop
  endfacet
  facet normal 0.933576 -0.358379 0
    outer loop
      vertex -8.19577 -1.23607 0
      vertex -8.34582 -1.62695 1.5
      vertex -8.34582 -1.62695 0
    endloop
  endfacet
  facet normal 0.987687 -0.156441 0
    outer loop
      vertex -8.08741 -0.831646 1.5
      vertex -8.02191 -0.418114 0
      vertex -8.02191 -0.418114 1.5
    endloop
  endfacet
  facet normal 0.987687 -0.156441 0
    outer loop
      vertex -8.02191 -0.418114 0
      vertex -8.08741 -0.831646 1.5
      vertex -8.08741 -0.831646 0
    endloop
  endfacet
  facet normal 0.965929 -0.258808 0
    outer loop
      vertex -8.19577 -1.23607 1.5
      vertex -8.08741 -0.831646 0
      vertex -8.08741 -0.831646 1.5
    endloop
  endfacet
  facet normal 0.965929 -0.258808 0
    outer loop
      vertex -8.08741 -0.831646 0
      vertex -8.19577 -1.23607 1.5
      vertex -8.19577 -1.23607 0
    endloop
  endfacet
  facet normal 0.99863 -0.0523302 0
    outer loop
      vertex -8.02191 -0.418114 1.5
      vertex -8 0 0
      vertex -8 0 1.5
    endloop
  endfacet
  facet normal 0.99863 -0.0523302 0
    outer loop
      vertex -8 0 0
      vertex -8.02191 -0.418114 1.5
      vertex -8.02191 -0.418114 0
    endloop
  endfacet
  facet normal -0.629301 -0.777162 0
    outer loop
      vertex -14.6765 -2.97258 0
      vertex -14.3511 -3.23607 1.5
      vertex -14.6765 -2.97258 1.5
    endloop
  endfacet
  facet normal -0.629301 -0.777162 -0
    outer loop
      vertex -14.3511 -3.23607 1.5
      vertex -14.6765 -2.97258 0
      vertex -14.3511 -3.23607 0
    endloop
  endfacet
  facet normal -0.453945 -0.89103 0
    outer loop
      vertex -14 -3.4641 0
      vertex -13.6269 -3.65418 1.5
      vertex -14 -3.4641 1.5
    endloop
  endfacet
  facet normal -0.453945 -0.89103 -0
    outer loop
      vertex -13.6269 -3.65418 1.5
      vertex -14 -3.4641 0
      vertex -13.6269 -3.65418 0
    endloop
  endfacet
  facet normal -0.258762 -0.965941 0
    outer loop
      vertex -13.2361 -3.80423 0
      vertex -12.8316 -3.91259 1.5
      vertex -13.2361 -3.80423 1.5
    endloop
  endfacet
  facet normal -0.258762 -0.965941 -0
    outer loop
      vertex -12.8316 -3.91259 1.5
      vertex -13.2361 -3.80423 0
      vertex -12.8316 -3.91259 0
    endloop
  endfacet
  facet normal -0.890986 -0.454031 0
    outer loop
      vertex -15.4641 -2 0
      vertex -15.6542 -1.62695 1.5
      vertex -15.6542 -1.62695 0
    endloop
  endfacet
  facet normal -0.890986 -0.454031 0
    outer loop
      vertex -15.6542 -1.62695 1.5
      vertex -15.4641 -2 0
      vertex -15.4641 -2 1.5
    endloop
  endfacet
  facet normal -0.965905 -0.258897 0
    outer loop
      vertex -15.8042 -1.23607 0
      vertex -15.9126 -0.831646 1.5
      vertex -15.9126 -0.831646 0
    endloop
  endfacet
  facet normal -0.965905 -0.258897 0
    outer loop
      vertex -15.9126 -0.831646 1.5
      vertex -15.8042 -1.23607 0
      vertex -15.8042 -1.23607 1.5
    endloop
  endfacet
  facet normal 0.950846 0.0498248 0.305629
    outer loop
      vertex -8.27054 0.391981 1.5
      vertex -9.375 0 5
      vertex -8.25 0 1.5
    endloop
  endfacet
  facet normal 0.940426 0.148964 0.305628
    outer loop
      vertex -8.33195 0.779669 1.5
      vertex -9.43236 0.545768 5
      vertex -8.27054 0.391981 1.5
    endloop
  endfacet
  facet normal -0.673214 0.673336 0.305616
    outer loop
      vertex -14.7868 2.50924 1.5
      vertex -13.7565 1.95076 5
      vertex -14.5092 2.78679 1.5
    endloop
  endfacet
  facet normal -0.673257 0.673291 0.305622
    outer loop
      vertex -13.7565 1.95076 5
      vertex -14.7868 2.50924 1.5
      vertex -13.9508 1.75647 5
    endloop
  endfacet
  facet normal -0.950851 0.049728 0.305631
    outer loop
      vertex -15.7295 0.391981 1.5
      vertex -15.75 0 1.5
      vertex -14.625 0 5
    endloop
  endfacet
  facet normal 0.0498224 -0.950846 0.305629
    outer loop
      vertex -12 -2.625 5
      vertex -12 -3.75 1.5
      vertex -11.608 -3.72946 1.5
    endloop
  endfacet
  facet normal 0.740033 0.599118 0.305629
    outer loop
      vertex -8.96619 2.20419 1.5
      vertex -10.0492 1.75647 5
      vertex -9.87633 1.54294 5
    endloop
  endfacet
  facet normal -0.798622 0.51846 0.305617
    outer loop
      vertex -14.1237 1.54294 5
      vertex -15.0338 2.20419 1.5
      vertex -14.2733 1.3125 5
    endloop
  endfacet
  facet normal -0.432304 0.848354 0.305628
    outer loop
      vertex -13.5253 3.42579 1.5
      vertex -13.875 3.24759 1.5
      vertex -13.3125 2.27332 5
    endloop
  endfacet
  facet normal -0.0498224 0.950846 0.305629
    outer loop
      vertex -12 3.75 1.5
      vertex -12.392 3.72946 1.5
      vertex -12 2.625 5
    endloop
  endfacet
  facet normal -0.950837 0.0499007 0.305646
    outer loop
      vertex -14.6106 0.274386 5
      vertex -15.7295 0.391981 1.5
      vertex -14.625 0 5
    endloop
  endfacet
  facet normal -0.673257 -0.673291 0.305622
    outer loop
      vertex -14.7868 -2.50924 1.5
      vertex -13.7565 -1.95076 5
      vertex -13.9508 -1.75647 5
    endloop
  endfacet
  facet normal -0.673214 -0.673336 0.305616
    outer loop
      vertex -13.7565 -1.95076 5
      vertex -14.7868 -2.50924 1.5
      vertex -14.5092 -2.78679 1.5
    endloop
  endfacet
  facet normal 0.14896 0.940427 0.305628
    outer loop
      vertex -11.2203 3.66805 1.5
      vertex -11.608 3.72946 1.5
      vertex -11.4542 2.56764 5
    endloop
  endfacet
  facet normal 0.518581 0.79854 0.305627
    outer loop
      vertex -10.125 3.24759 1.5
      vertex -10.6875 2.27332 5
      vertex -9.79581 3.03381 1.5
    endloop
  endfacet
  facet normal 0.79854 0.518581 0.305627
    outer loop
      vertex -8.96619 2.20419 1.5
      vertex -9.72668 1.3125 5
      vertex -8.75241 1.875 1.5
    endloop
  endfacet
  facet normal 0.919708 0.246434 0.305628
    outer loop
      vertex -8.43354 1.15881 1.5
      vertex -9.43236 0.545768 5
      vertex -8.33195 0.779669 1.5
    endloop
  endfacet
  facet normal 0.919702 0.246454 0.305629
    outer loop
      vertex -8.43354 1.15881 1.5
      vertex -9.50348 0.811169 5
      vertex -9.43236 0.545768 5
    endloop
  endfacet
  facet normal 0.246455 -0.919702 0.305627
    outer loop
      vertex -11.1888 -2.49652 5
      vertex -11.4542 -2.56764 5
      vertex -10.8412 -3.56646 1.5
    endloop
  endfacet
  facet normal 0.888907 -0.341227 0.305627
    outer loop
      vertex -8.43354 -1.15881 1.5
      vertex -9.60194 -1.06768 5
      vertex -8.57421 -1.52526 1.5
    endloop
  endfacet
  facet normal 0.848374 -0.432265 0.305627
    outer loop
      vertex -8.57421 -1.52526 1.5
      vertex -9.72668 -1.3125 5
      vertex -8.75241 -1.875 1.5
    endloop
  endfacet
  facet normal 0.848376 -0.432262 0.305627
    outer loop
      vertex -9.60194 -1.06768 5
      vertex -9.72668 -1.3125 5
      vertex -8.57421 -1.52526 1.5
    endloop
  endfacet
  facet normal 0.950846 -0.0498248 0.305629
    outer loop
      vertex -8.25 0 1.5
      vertex -9.375 0 5
      vertex -8.27054 -0.391981 1.5
    endloop
  endfacet
  facet normal -0.739991 0.599173 0.305621
    outer loop
      vertex -14.7868 2.50924 1.5
      vertex -15.0338 2.20419 1.5
      vertex -13.9508 1.75647 5
    endloop
  endfacet
  facet normal -0.599263 0.73992 0.305617
    outer loop
      vertex -14.2042 3.03381 1.5
      vertex -14.5092 2.78679 1.5
      vertex -13.7565 1.95076 5
    endloop
  endfacet
  facet normal -0.14893 0.940431 0.30563
    outer loop
      vertex -12.392 3.72946 1.5
      vertex -12.5458 2.56764 5
      vertex -12.2744 2.61062 5
    endloop
  endfacet
  facet normal -0.341186 0.888923 0.305628
    outer loop
      vertex -13.1588 3.56646 1.5
      vertex -13.5253 3.42579 1.5
      vertex -13.0677 2.39806 5
    endloop
  endfacet
  facet normal 0.246455 0.919702 0.305627
    outer loop
      vertex -10.8412 3.56646 1.5
      vertex -11.4542 2.56764 5
      vertex -11.1888 2.49652 5
    endloop
  endfacet
  facet normal 0.0498224 0.950846 0.305629
    outer loop
      vertex -12 3.75 1.5
      vertex -12 2.625 5
      vertex -11.608 3.72946 1.5
    endloop
  endfacet
  facet normal -0.919695 -0.246455 0.305649
    outer loop
      vertex -14.5676 -0.545768 5
      vertex -15.6681 -0.779669 1.5
      vertex -15.5665 -1.15881 1.5
    endloop
  endfacet
  facet normal -0.848373 0.432264 0.305634
    outer loop
      vertex -15.2476 1.875 1.5
      vertex -15.4258 1.52526 1.5
      vertex -14.2733 1.3125 5
    endloop
  endfacet
  facet normal -0.798516 0.518614 0.305633
    outer loop
      vertex -15.0338 2.20419 1.5
      vertex -15.2476 1.875 1.5
      vertex -14.2733 1.3125 5
    endloop
  endfacet
  facet normal -0.88898 0.341021 0.305646
    outer loop
      vertex -14.3981 1.06768 5
      vertex -15.5665 1.15881 1.5
      vertex -14.4965 0.811169 5
    endloop
  endfacet
  facet normal -0.888885 0.341291 0.305621
    outer loop
      vertex -15.4258 1.52526 1.5
      vertex -15.5665 1.15881 1.5
      vertex -14.3981 1.06768 5
    endloop
  endfacet
  facet normal -0.599263 -0.73992 0.305617
    outer loop
      vertex -13.7565 -1.95076 5
      vertex -14.5092 -2.78679 1.5
      vertex -14.2042 -3.03381 1.5
    endloop
  endfacet
  facet normal 0.246459 0.919701 0.305627
    outer loop
      vertex -11.2203 3.66805 1.5
      vertex -11.4542 2.56764 5
      vertex -10.8412 3.56646 1.5
    endloop
  endfacet
  facet normal 0.43229 0.848361 0.305629
    outer loop
      vertex -10.4747 3.42579 1.5
      vertex -10.9323 2.39806 5
      vertex -10.6875 2.27332 5
    endloop
  endfacet
  facet normal 0.599202 0.739967 0.305622
    outer loop
      vertex -9.79581 3.03381 1.5
      vertex -10.2435 1.95076 5
      vertex -9.49076 2.78679 1.5
    endloop
  endfacet
  facet normal 0.739968 0.599203 0.305619
    outer loop
      vertex -9.21321 2.50924 1.5
      vertex -10.0492 1.75647 5
      vertex -8.96619 2.20419 1.5
    endloop
  endfacet
  facet normal 0.888907 0.341227 0.305627
    outer loop
      vertex -8.57421 1.52526 1.5
      vertex -9.60194 1.06768 5
      vertex -8.43354 1.15881 1.5
    endloop
  endfacet
  facet normal 0.848376 0.432262 0.305627
    outer loop
      vertex -8.57421 1.52526 1.5
      vertex -9.72668 1.3125 5
      vertex -9.60194 1.06768 5
    endloop
  endfacet
  facet normal 0.848374 0.432265 0.305627
    outer loop
      vertex -8.75241 1.875 1.5
      vertex -9.72668 1.3125 5
      vertex -8.57421 1.52526 1.5
    endloop
  endfacet
  facet normal 0.940429 0.14894 0.30563
    outer loop
      vertex -8.27054 0.391981 1.5
      vertex -9.43236 0.545768 5
      vertex -9.38938 0.274386 5
    endloop
  endfacet
  facet normal 0.518642 -0.798498 0.305634
    outer loop
      vertex -10.4571 -2.12367 5
      vertex -10.6875 -2.27332 5
      vertex -9.79581 -3.03381 1.5
    endloop
  endfacet
  facet normal 0.43229 -0.848361 0.305629
    outer loop
      vertex -10.6875 -2.27332 5
      vertex -10.9323 -2.39806 5
      vertex -10.4747 -3.42579 1.5
    endloop
  endfacet
  facet normal 0.432304 -0.848354 0.305628
    outer loop
      vertex -10.125 -3.24759 1.5
      vertex -10.6875 -2.27332 5
      vertex -10.4747 -3.42579 1.5
    endloop
  endfacet
  facet normal 0.740033 -0.599118 0.305629
    outer loop
      vertex -9.87633 -1.54294 5
      vertex -10.0492 -1.75647 5
      vertex -8.96619 -2.20419 1.5
    endloop
  endfacet
  facet normal 0.739968 -0.599203 0.305619
    outer loop
      vertex -8.96619 -2.20419 1.5
      vertex -10.0492 -1.75647 5
      vertex -9.21321 -2.50924 1.5
    endloop
  endfacet
  facet normal 0.919702 -0.246454 0.305629
    outer loop
      vertex -9.43236 -0.545768 5
      vertex -9.50348 -0.811169 5
      vertex -8.43354 -1.15881 1.5
    endloop
  endfacet
  facet normal 0.919708 -0.246434 0.305628
    outer loop
      vertex -8.33195 -0.779669 1.5
      vertex -9.43236 -0.545768 5
      vertex -8.43354 -1.15881 1.5
    endloop
  endfacet
  facet normal -0.246459 0.919701 0.305627
    outer loop
      vertex -12.7797 3.66805 1.5
      vertex -13.1588 3.56646 1.5
      vertex -12.5458 2.56764 5
    endloop
  endfacet
  facet normal -0.14896 0.940427 0.305628
    outer loop
      vertex -12.392 3.72946 1.5
      vertex -12.7797 3.66805 1.5
      vertex -12.5458 2.56764 5
    endloop
  endfacet
  facet normal -0.246455 0.919702 0.305627
    outer loop
      vertex -12.5458 2.56764 5
      vertex -13.1588 3.56646 1.5
      vertex -12.8112 2.49652 5
    endloop
  endfacet
  facet normal -0.341217 0.888912 0.305625
    outer loop
      vertex -12.8112 2.49652 5
      vertex -13.1588 3.56646 1.5
      vertex -13.0677 2.39806 5
    endloop
  endfacet
  facet normal -0.43229 0.848361 0.305629
    outer loop
      vertex -13.0677 2.39806 5
      vertex -13.5253 3.42579 1.5
      vertex -13.3125 2.27332 5
    endloop
  endfacet
  facet normal -0.51857 0.798547 0.305627
    outer loop
      vertex -13.875 3.24759 1.5
      vertex -14.2042 3.03381 1.5
      vertex -13.3125 2.27332 5
    endloop
  endfacet
  facet normal -0.0498293 0.950846 0.30563
    outer loop
      vertex -12 2.625 5
      vertex -12.392 3.72946 1.5
      vertex -12.2744 2.61062 5
    endloop
  endfacet
  facet normal -0.919715 -0.246388 0.305643
    outer loop
      vertex -14.5676 -0.545768 5
      vertex -15.5665 -1.15881 1.5
      vertex -14.4965 -0.811169 5
    endloop
  endfacet
  facet normal -0.950851 -0.049728 0.305631
    outer loop
      vertex -14.625 0 5
      vertex -15.75 0 1.5
      vertex -15.7295 -0.391981 1.5
    endloop
  endfacet
  facet normal -0.739985 0.599182 0.30562
    outer loop
      vertex -13.9508 1.75647 5
      vertex -15.0338 2.20419 1.5
      vertex -14.1237 1.54294 5
    endloop
  endfacet
  facet normal -0.848294 0.432428 0.305618
    outer loop
      vertex -14.2733 1.3125 5
      vertex -15.4258 1.52526 1.5
      vertex -14.3981 1.06768 5
    endloop
  endfacet
  facet normal -0.940423 0.148939 0.305649
    outer loop
      vertex -15.6681 0.779669 1.5
      vertex -15.7295 0.391981 1.5
      vertex -14.5676 0.545768 5
    endloop
  endfacet
  facet normal -0.919695 0.246455 0.305649
    outer loop
      vertex -15.5665 1.15881 1.5
      vertex -15.6681 0.779669 1.5
      vertex -14.5676 0.545768 5
    endloop
  endfacet
  facet normal -0.919715 0.246388 0.305643
    outer loop
      vertex -14.4965 0.811169 5
      vertex -15.5665 1.15881 1.5
      vertex -14.5676 0.545768 5
    endloop
  endfacet
  facet normal -0.0498224 -0.950846 0.305629
    outer loop
      vertex -12 -2.625 5
      vertex -12.392 -3.72946 1.5
      vertex -12 -3.75 1.5
    endloop
  endfacet
  facet normal -0.246455 -0.919702 0.305627
    outer loop
      vertex -12.8112 -2.49652 5
      vertex -13.1588 -3.56646 1.5
      vertex -12.5458 -2.56764 5
    endloop
  endfacet
  facet normal 0.432304 0.848354 0.305628
    outer loop
      vertex -10.4747 3.42579 1.5
      vertex -10.6875 2.27332 5
      vertex -10.125 3.24759 1.5
    endloop
  endfacet
  facet normal 0.518642 0.798498 0.305634
    outer loop
      vertex -9.79581 3.03381 1.5
      vertex -10.6875 2.27332 5
      vertex -10.4571 2.12367 5
    endloop
  endfacet
  facet normal 0.599081 0.74006 0.305636
    outer loop
      vertex -9.79581 3.03381 1.5
      vertex -10.4571 2.12367 5
      vertex -10.2435 1.95076 5
    endloop
  endfacet
  facet normal 0.673274 0.673274 0.305622
    outer loop
      vertex -10.2435 1.95076 5
      vertex -9.21321 2.50924 1.5
      vertex -9.49076 2.78679 1.5
    endloop
  endfacet
  facet normal 0.673257 0.673292 0.30562
    outer loop
      vertex -9.21321 2.50924 1.5
      vertex -10.2435 1.95076 5
      vertex -10.0492 1.75647 5
    endloop
  endfacet
  facet normal 0.79854 0.51858 0.305627
    outer loop
      vertex -8.96619 2.20419 1.5
      vertex -9.87633 1.54294 5
      vertex -9.72668 1.3125 5
    endloop
  endfacet
  facet normal 0.888915 0.341204 0.305629
    outer loop
      vertex -8.43354 1.15881 1.5
      vertex -9.60194 1.06768 5
      vertex -9.50348 0.811169 5
    endloop
  endfacet
  facet normal 0.950846 0.0498318 0.30563
    outer loop
      vertex -8.27054 0.391981 1.5
      vertex -9.38938 0.274386 5
      vertex -9.375 0 5
    endloop
  endfacet
  facet normal 0.673257 -0.673292 0.30562
    outer loop
      vertex -10.2435 -1.95076 5
      vertex -9.21321 -2.50924 1.5
      vertex -10.0492 -1.75647 5
    endloop
  endfacet
  facet normal 0.673274 -0.673274 0.305622
    outer loop
      vertex -9.21321 -2.50924 1.5
      vertex -10.2435 -1.95076 5
      vertex -9.49076 -2.78679 1.5
    endloop
  endfacet
  facet normal 0.341186 -0.888923 0.305628
    outer loop
      vertex -10.4747 -3.42579 1.5
      vertex -10.9323 -2.39806 5
      vertex -10.8412 -3.56646 1.5
    endloop
  endfacet
  facet normal 0.518581 -0.79854 0.305627
    outer loop
      vertex -9.79581 -3.03381 1.5
      vertex -10.6875 -2.27332 5
      vertex -10.125 -3.24759 1.5
    endloop
  endfacet
  facet normal 0.79854 -0.51858 0.305627
    outer loop
      vertex -9.72668 -1.3125 5
      vertex -9.87633 -1.54294 5
      vertex -8.96619 -2.20419 1.5
    endloop
  endfacet
  facet normal 0.79854 -0.518581 0.305627
    outer loop
      vertex -8.75241 -1.875 1.5
      vertex -9.72668 -1.3125 5
      vertex -8.96619 -2.20419 1.5
    endloop
  endfacet
  facet normal 0.940426 -0.148964 0.305628
    outer loop
      vertex -8.27054 -0.391981 1.5
      vertex -9.43236 -0.545768 5
      vertex -8.33195 -0.779669 1.5
    endloop
  endfacet
  facet normal -0.518642 0.798497 0.305635
    outer loop
      vertex -13.3125 2.27332 5
      vertex -14.2042 3.03381 1.5
      vertex -13.5429 2.12367 5
    endloop
  endfacet
  facet normal -0.599081 0.740059 0.305637
    outer loop
      vertex -13.5429 2.12367 5
      vertex -14.2042 3.03381 1.5
      vertex -13.7565 1.95076 5
    endloop
  endfacet
  facet normal 0.14893 0.940431 0.30563
    outer loop
      vertex -11.608 3.72946 1.5
      vertex -11.7256 2.61062 5
      vertex -11.4542 2.56764 5
    endloop
  endfacet
  facet normal 0.0498293 0.950846 0.30563
    outer loop
      vertex -11.608 3.72946 1.5
      vertex -12 2.625 5
      vertex -11.7256 2.61062 5
    endloop
  endfacet
  facet normal -0.88898 -0.341021 0.305646
    outer loop
      vertex -14.4965 -0.811169 5
      vertex -15.5665 -1.15881 1.5
      vertex -14.3981 -1.06768 5
    endloop
  endfacet
  facet normal -0.798516 -0.518614 0.305633
    outer loop
      vertex -14.2733 -1.3125 5
      vertex -15.2476 -1.875 1.5
      vertex -15.0338 -2.20419 1.5
    endloop
  endfacet
  facet normal -0.739991 -0.599173 0.305621
    outer loop
      vertex -13.9508 -1.75647 5
      vertex -15.0338 -2.20419 1.5
      vertex -14.7868 -2.50924 1.5
    endloop
  endfacet
  facet normal -0.950837 -0.0499007 0.305646
    outer loop
      vertex -14.625 0 5
      vertex -15.7295 -0.391981 1.5
      vertex -14.6106 -0.274386 5
    endloop
  endfacet
  facet normal 0 0 1
    outer loop
      vertex -11.1 1.29999 5
      vertex -9.375 0 5
      vertex -9.38938 0.274386 5
    endloop
  endfacet
  facet normal 0 0 1
    outer loop
      vertex -11.1 1.29999 5
      vertex -9.38938 0.274386 5
      vertex -9.43236 0.545768 5
    endloop
  endfacet
  facet normal 0 0 1
    outer loop
      vertex -11.1 -1.29999 5
      vertex -9.375 0 5
      vertex -11.1 1.29999 5
    endloop
  endfacet
  facet normal 0 0 1
    outer loop
      vertex -11.1 1.29999 5
      vertex -9.43236 0.545768 5
      vertex -9.50348 0.811169 5
    endloop
  endfacet
  facet normal 0 0 1
    outer loop
      vertex -9.375 0 5
      vertex -11.1 -1.29999 5
      vertex -9.38938 -0.274386 5
    endloop
  endfacet
  facet normal 0 0 1
    outer loop
      vertex -11.1 1.29999 5
      vertex -9.50348 0.811169 5
      vertex -9.60194 1.06768 5
    endloop
  endfacet
  facet normal 0 0 1
    outer loop
      vertex -9.38938 -0.274386 5
      vertex -11.1 -1.29999 5
      vertex -9.43236 -0.545768 5
    endloop
  endfacet
  facet normal -0 0 1
    outer loop
      vertex -11.1 1.29999 5
      vertex -9.60194 1.06768 5
      vertex -9.72668 1.3125 5
    endloop
  endfacet
  facet normal 0 0 1
    outer loop
      vertex -9.43236 -0.545768 5
      vertex -11.1 -1.29999 5
      vertex -9.50348 -0.811169 5
    endloop
  endfacet
  facet normal 0 0 1
    outer loop
      vertex -11.1 1.29999 5
      vertex -9.72668 1.3125 5
      vertex -9.87633 1.54294 5
    endloop
  endfacet
  facet normal 0 0 1
    outer loop
      vertex -9.50348 -0.811169 5
      vertex -11.1 -1.29999 5
      vertex -9.60194 -1.06768 5
    endloop
  endfacet
  facet normal 0 0 1
    outer loop
      vertex -11.1 1.29999 5
      vertex -9.87633 1.54294 5
      vertex -10.0492 1.75647 5
    endloop
  endfacet
  facet normal 0 0 1
    outer loop
      vertex -9.60194 -1.06768 5
      vertex -11.1 -1.29999 5
      vertex -9.72668 -1.3125 5
    endloop
  endfacet
  facet normal 0 0 1
    outer loop
      vertex -11.1 1.29999 5
      vertex -10.0492 1.75647 5
      vertex -10.2435 1.95076 5
    endloop
  endfacet
  facet normal 0 0 1
    outer loop
      vertex -9.72668 -1.3125 5
      vertex -11.1 -1.29999 5
      vertex -9.87633 -1.54294 5
    endloop
  endfacet
  facet normal 0 0 1
    outer loop
      vertex -11.1 1.29999 5
      vertex -10.2435 1.95076 5
      vertex -10.4571 2.12367 5
    endloop
  endfacet
  facet normal 0 0 1
    outer loop
      vertex -9.87633 -1.54294 5
      vertex -11.1 -1.29999 5
      vertex -10.0492 -1.75647 5
    endloop
  endfacet
  facet normal 0 0 1
    outer loop
      vertex -11.1 1.29999 5
      vertex -10.4571 2.12367 5
      vertex -10.6875 2.27332 5
    endloop
  endfacet
  facet normal 0 0 1
    outer loop
      vertex -10.0492 -1.75647 5
      vertex -11.1 -1.29999 5
      vertex -10.2435 -1.95076 5
    endloop
  endfacet
  facet normal 0 0 1
    outer loop
      vertex -11.1 1.29999 5
      vertex -10.6875 2.27332 5
      vertex -10.9323 2.39806 5
    endloop
  endfacet
  facet normal 0 0 1
    outer loop
      vertex -10.2435 -1.95076 5
      vertex -11.1 -1.29999 5
      vertex -10.4571 -2.12367 5
    endloop
  endfacet
  facet normal 0 0 1
    outer loop
      vertex -10.4571 -2.12367 5
      vertex -11.1 -1.29999 5
      vertex -10.6875 -2.27332 5
    endloop
  endfacet
  facet normal 0 0 1
    outer loop
      vertex -11.1888 2.49652 5
      vertex -11.1 1.29999 5
      vertex -10.9323 2.39806 5
    endloop
  endfacet
  facet normal 0 0 1
    outer loop
      vertex -11.4542 2.56764 5
      vertex -11.1 1.29999 5
      vertex -11.1888 2.49652 5
    endloop
  endfacet
  facet normal 0 0 1
    outer loop
      vertex -11.7256 2.61062 5
      vertex -11.1 1.29999 5
      vertex -11.4542 2.56764 5
    endloop
  endfacet
  facet normal 0 0 1
    outer loop
      vertex -12 2.625 5
      vertex -11.1 1.29999 5
      vertex -11.7256 2.61062 5
    endloop
  endfacet
  facet normal -0 0 1
    outer loop
      vertex -12.2744 2.61062 5
      vertex -11.1 1.29999 5
      vertex -12 2.625 5
    endloop
  endfacet
  facet normal -0 0 1
    outer loop
      vertex -12.5458 2.56764 5
      vertex -11.1 1.29999 5
      vertex -12.2744 2.61062 5
    endloop
  endfacet
  facet normal -0 0 1
    outer loop
      vertex -12.8112 2.49652 5
      vertex -11.1 1.29999 5
      vertex -12.5458 2.56764 5
    endloop
  endfacet
  facet normal -0 0 1
    outer loop
      vertex -13.0677 2.39806 5
      vertex -11.1 1.29999 5
      vertex -12.8112 2.49652 5
    endloop
  endfacet
  facet normal -0 0 1
    outer loop
      vertex -13.3125 2.27332 5
      vertex -11.1 1.29999 5
      vertex -13.0677 2.39806 5
    endloop
  endfacet
  facet normal 0 0 1
    outer loop
      vertex -13.6 0 5
      vertex -13.3125 2.27332 5
      vertex -13.5429 2.12367 5
    endloop
  endfacet
  facet normal 0 0 1
    outer loop
      vertex -13.3125 2.27332 5
      vertex -13.6 0 5
      vertex -11.1 1.29999 5
    endloop
  endfacet
  facet normal 0 -0 1
    outer loop
      vertex -13.6 0 5
      vertex -13.5429 2.12367 5
      vertex -13.7565 1.95076 5
    endloop
  endfacet
  facet normal 0 0 1
    outer loop
      vertex -10.6875 -2.27332 5
      vertex -11.1 -1.29999 5
      vertex -10.9323 -2.39806 5
    endloop
  endfacet
  facet normal 0 0 1
    outer loop
      vertex -11.1 -1.29999 5
      vertex -11.1888 -2.49652 5
      vertex -10.9323 -2.39806 5
    endloop
  endfacet
  facet normal 0 0 1
    outer loop
      vertex -11.1 -1.29999 5
      vertex -11.4542 -2.56764 5
      vertex -11.1888 -2.49652 5
    endloop
  endfacet
  facet normal 0 0 1
    outer loop
      vertex -11.1 -1.29999 5
      vertex -11.7256 -2.61062 5
      vertex -11.4542 -2.56764 5
    endloop
  endfacet
  facet normal 0 0 1
    outer loop
      vertex -11.1 -1.29999 5
      vertex -12 -2.625 5
      vertex -11.7256 -2.61062 5
    endloop
  endfacet
  facet normal 0 0 1
    outer loop
      vertex -11.1 -1.29999 5
      vertex -12.2744 -2.61062 5
      vertex -12 -2.625 5
    endloop
  endfacet
  facet normal 0 0 1
    outer loop
      vertex -11.1 -1.29999 5
      vertex -12.5458 -2.56764 5
      vertex -12.2744 -2.61062 5
    endloop
  endfacet
  facet normal 0 0 1
    outer loop
      vertex -11.1 -1.29999 5
      vertex -12.8112 -2.49652 5
      vertex -12.5458 -2.56764 5
    endloop
  endfacet
  facet normal 0 0 1
    outer loop
      vertex -11.1 -1.29999 5
      vertex -13.0677 -2.39806 5
      vertex -12.8112 -2.49652 5
    endloop
  endfacet
  facet normal 0 0 1
    outer loop
      vertex -11.1 -1.29999 5
      vertex -13.3125 -2.27332 5
      vertex -13.0677 -2.39806 5
    endloop
  endfacet
  facet normal 0 0 1
    outer loop
      vertex -13.6 0 5
      vertex -13.3125 -2.27332 5
      vertex -11.1 -1.29999 5
    endloop
  endfacet
  facet normal 0 0 1
    outer loop
      vertex -13.3125 -2.27332 5
      vertex -13.6 0 5
      vertex -13.5429 -2.12367 5
    endloop
  endfacet
  facet normal -0 0 1
    outer loop
      vertex -13.9508 1.75647 5
      vertex -13.6 0 5
      vertex -13.7565 1.95076 5
    endloop
  endfacet
  facet normal 0 0 1
    outer loop
      vertex -13.6 0 5
      vertex -13.7565 -1.95076 5
      vertex -13.5429 -2.12367 5
    endloop
  endfacet
  facet normal -0 0 1
    outer loop
      vertex -14.1237 1.54294 5
      vertex -13.6 0 5
      vertex -13.9508 1.75647 5
    endloop
  endfacet
  facet normal 0 0 1
    outer loop
      vertex -13.6 0 5
      vertex -13.9508 -1.75647 5
      vertex -13.7565 -1.95076 5
    endloop
  endfacet
  facet normal -0 0 1
    outer loop
      vertex -14.2733 1.3125 5
      vertex -13.6 0 5
      vertex -14.1237 1.54294 5
    endloop
  endfacet
  facet normal 0 0 1
    outer loop
      vertex -13.6 0 5
      vertex -14.1237 -1.54294 5
      vertex -13.9508 -1.75647 5
    endloop
  endfacet
  facet normal -0 0 1
    outer loop
      vertex -14.3981 1.06768 5
      vertex -13.6 0 5
      vertex -14.2733 1.3125 5
    endloop
  endfacet
  facet normal 0 0 1
    outer loop
      vertex -13.6 0 5
      vertex -14.2733 -1.3125 5
      vertex -14.1237 -1.54294 5
    endloop
  endfacet
  facet normal -0 0 1
    outer loop
      vertex -14.4965 0.811169 5
      vertex -13.6 0 5
      vertex -14.3981 1.06768 5
    endloop
  endfacet
  facet normal 0 0 1
    outer loop
      vertex -13.6 0 5
      vertex -14.3981 -1.06768 5
      vertex -14.2733 -1.3125 5
    endloop
  endfacet
  facet normal -0 0 1
    outer loop
      vertex -14.5676 0.545768 5
      vertex -13.6 0 5
      vertex -14.4965 0.811169 5
    endloop
  endfacet
  facet normal 0 0 1
    outer loop
      vertex -13.6 0 5
      vertex -14.4965 -0.811169 5
      vertex -14.3981 -1.06768 5
    endloop
  endfacet
  facet normal -0 0 1
    outer loop
      vertex -14.6106 0.274386 5
      vertex -13.6 0 5
      vertex -14.5676 0.545768 5
    endloop
  endfacet
  facet normal 0 0 1
    outer loop
      vertex -13.6 0 5
      vertex -14.5676 -0.545768 5
      vertex -14.4965 -0.811169 5
    endloop
  endfacet
  facet normal 0 0 1
    outer loop
      vertex -14.625 0 5
      vertex -13.6 0 5
      vertex -14.6106 0.274386 5
    endloop
  endfacet
  facet normal 0 0 1
    outer loop
      vertex -13.6 0 5
      vertex -14.6106 -0.274386 5
      vertex -14.5676 -0.545768 5
    endloop
  endfacet
  facet normal 0 0 1
    outer loop
      vertex -13.6 0 5
      vertex -14.625 0 5
      vertex -14.6106 -0.274386 5
    endloop
  endfacet
  facet normal -0.940414 0.149007 0.305643
    outer loop
      vertex -14.5676 0.545768 5
      vertex -15.7295 0.391981 1.5
      vertex -14.6106 0.274386 5
    endloop
  endfacet
  facet normal 0.14896 -0.940427 0.305628
    outer loop
      vertex -11.4542 -2.56764 5
      vertex -11.608 -3.72946 1.5
      vertex -11.2203 -3.66805 1.5
    endloop
  endfacet
  facet normal 0.246459 -0.919701 0.305627
    outer loop
      vertex -10.8412 -3.56646 1.5
      vertex -11.4542 -2.56764 5
      vertex -11.2203 -3.66805 1.5
    endloop
  endfacet
  facet normal -0.14893 -0.940431 0.30563
    outer loop
      vertex -12.2744 -2.61062 5
      vertex -12.5458 -2.56764 5
      vertex -12.392 -3.72946 1.5
    endloop
  endfacet
  facet normal -0.0498293 -0.950846 0.30563
    outer loop
      vertex -12.2744 -2.61062 5
      vertex -12.392 -3.72946 1.5
      vertex -12 -2.625 5
    endloop
  endfacet
  facet normal -0.246459 -0.919701 0.305627
    outer loop
      vertex -12.5458 -2.56764 5
      vertex -13.1588 -3.56646 1.5
      vertex -12.7797 -3.66805 1.5
    endloop
  endfacet
  facet normal -0.599081 -0.740059 0.305637
    outer loop
      vertex -13.7565 -1.95076 5
      vertex -14.2042 -3.03381 1.5
      vertex -13.5429 -2.12367 5
    endloop
  endfacet
  facet normal -0.432304 -0.848354 0.305628
    outer loop
      vertex -13.3125 -2.27332 5
      vertex -13.875 -3.24759 1.5
      vertex -13.5253 -3.42579 1.5
    endloop
  endfacet
  facet normal -0.51857 -0.798547 0.305627
    outer loop
      vertex -13.3125 -2.27332 5
      vertex -14.2042 -3.03381 1.5
      vertex -13.875 -3.24759 1.5
    endloop
  endfacet
  facet normal 0.341186 0.888923 0.305628
    outer loop
      vertex -10.8412 3.56646 1.5
      vertex -10.9323 2.39806 5
      vertex -10.4747 3.42579 1.5
    endloop
  endfacet
  facet normal 0.341217 0.888912 0.305625
    outer loop
      vertex -10.8412 3.56646 1.5
      vertex -11.1888 2.49652 5
      vertex -10.9323 2.39806 5
    endloop
  endfacet
  facet normal 0.599081 -0.74006 0.305636
    outer loop
      vertex -10.2435 -1.95076 5
      vertex -10.4571 -2.12367 5
      vertex -9.79581 -3.03381 1.5
    endloop
  endfacet
  facet normal 0.599202 -0.739967 0.305622
    outer loop
      vertex -9.49076 -2.78679 1.5
      vertex -10.2435 -1.95076 5
      vertex -9.79581 -3.03381 1.5
    endloop
  endfacet
  facet normal 0.341217 -0.888912 0.305625
    outer loop
      vertex -10.9323 -2.39806 5
      vertex -11.1888 -2.49652 5
      vertex -10.8412 -3.56646 1.5
    endloop
  endfacet
  facet normal 0.888915 -0.341204 0.305629
    outer loop
      vertex -9.50348 -0.811169 5
      vertex -9.60194 -1.06768 5
      vertex -8.43354 -1.15881 1.5
    endloop
  endfacet
  facet normal 0.940429 -0.14894 0.30563
    outer loop
      vertex -9.38938 -0.274386 5
      vertex -9.43236 -0.545768 5
      vertex -8.27054 -0.391981 1.5
    endloop
  endfacet
  facet normal 0.950846 -0.0498318 0.30563
    outer loop
      vertex -9.375 0 5
      vertex -9.38938 -0.274386 5
      vertex -8.27054 -0.391981 1.5
    endloop
  endfacet
  facet normal -0.848373 -0.432264 0.305634
    outer loop
      vertex -14.2733 -1.3125 5
      vertex -15.4258 -1.52526 1.5
      vertex -15.2476 -1.875 1.5
    endloop
  endfacet
  facet normal -0.798622 -0.51846 0.305617
    outer loop
      vertex -14.2733 -1.3125 5
      vertex -15.0338 -2.20419 1.5
      vertex -14.1237 -1.54294 5
    endloop
  endfacet
  facet normal -0.739985 -0.599182 0.30562
    outer loop
      vertex -14.1237 -1.54294 5
      vertex -15.0338 -2.20419 1.5
      vertex -13.9508 -1.75647 5
    endloop
  endfacet
  facet normal -0.940414 -0.149007 0.305643
    outer loop
      vertex -14.6106 -0.274386 5
      vertex -15.7295 -0.391981 1.5
      vertex -14.5676 -0.545768 5
    endloop
  endfacet
  facet normal -0.940423 -0.148939 0.305649
    outer loop
      vertex -14.5676 -0.545768 5
      vertex -15.7295 -0.391981 1.5
      vertex -15.6681 -0.779669 1.5
    endloop
  endfacet
  facet normal 0.0498293 -0.950846 0.30563
    outer loop
      vertex -11.7256 -2.61062 5
      vertex -12 -2.625 5
      vertex -11.608 -3.72946 1.5
    endloop
  endfacet
  facet normal 0.14893 -0.940431 0.30563
    outer loop
      vertex -11.4542 -2.56764 5
      vertex -11.7256 -2.61062 5
      vertex -11.608 -3.72946 1.5
    endloop
  endfacet
  facet normal -0.14896 -0.940427 0.305628
    outer loop
      vertex -12.5458 -2.56764 5
      vertex -12.7797 -3.66805 1.5
      vertex -12.392 -3.72946 1.5
    endloop
  endfacet
  facet normal -0.341217 -0.888912 0.305625
    outer loop
      vertex -13.0677 -2.39806 5
      vertex -13.1588 -3.56646 1.5
      vertex -12.8112 -2.49652 5
    endloop
  endfacet
  facet normal -0.518642 -0.798497 0.305635
    outer loop
      vertex -13.5429 -2.12367 5
      vertex -14.2042 -3.03381 1.5
      vertex -13.3125 -2.27332 5
    endloop
  endfacet
  facet normal -0.888885 -0.341291 0.305621
    outer loop
      vertex -14.3981 -1.06768 5
      vertex -15.5665 -1.15881 1.5
      vertex -15.4258 -1.52526 1.5
    endloop
  endfacet
  facet normal -0.848294 -0.432428 0.305618
    outer loop
      vertex -14.3981 -1.06768 5
      vertex -15.4258 -1.52526 1.5
      vertex -14.2733 -1.3125 5
    endloop
  endfacet
  facet normal -0.43229 -0.848361 0.305629
    outer loop
      vertex -13.3125 -2.27332 5
      vertex -13.5253 -3.42579 1.5
      vertex -13.0677 -2.39806 5
    endloop
  endfacet
  facet normal -0.341186 -0.888923 0.305628
    outer loop
      vertex -13.0677 -2.39806 5
      vertex -13.5253 -3.42579 1.5
      vertex -13.1588 -3.56646 1.5
    endloop
  endfacet
  facet normal -0.46135 -0.887218 0
    outer loop
      vertex -13.6 0 5
      vertex -11.1 -1.29999 6.2
      vertex -13.6 0 6.2
    endloop
  endfacet
  facet normal -0.46135 -0.887218 -0
    outer loop
      vertex -11.1 -1.29999 6.2
      vertex -13.6 0 5
      vertex -11.1 -1.29999 5
    endloop
  endfacet
  facet normal 1 -0 0
    outer loop
      vertex -11.1 -1.29999 6.2
      vertex -11.1 1.29999 5
      vertex -11.1 1.29999 6.2
    endloop
  endfacet
  facet normal 1 0 0
    outer loop
      vertex -11.1 1.29999 5
      vertex -11.1 -1.29999 6.2
      vertex -11.1 -1.29999 5
    endloop
  endfacet
  facet normal 0 0 1
    outer loop
      vertex -11.1 1.29999 6.2
      vertex -13.6 0 6.2
      vertex -11.1 -1.29999 6.2
    endloop
  endfacet
  facet normal -0.46135 0.887218 0
    outer loop
      vertex -11.1 1.29999 5
      vertex -13.6 0 6.2
      vertex -11.1 1.29999 6.2
    endloop
  endfacet
  facet normal -0.46135 0.887218 0
    outer loop
      vertex -13.6 0 6.2
      vertex -11.1 1.29999 5
      vertex -13.6 0 5
    endloop
  endfacet
  facet normal 0.998629 0.052344 0
    outer loop
      vertex 1.9 0 0
      vertex 1.88959 0.198604 -4.5
      vertex 1.88959 0.198604 0
    endloop
  endfacet
  facet normal 0.998629 0.052344 0
    outer loop
      vertex 1.88959 0.198604 -4.5
      vertex 1.9 0 0
      vertex 1.9 0 -4.5
    endloop
  endfacet
  facet normal -0.998629 0.052344 0
    outer loop
      vertex -1.9 0 -4.5
      vertex -1.88959 0.198604 0
      vertex -1.88959 0.198604 -4.5
    endloop
  endfacet
  facet normal -0.998629 0.052344 0
    outer loop
      vertex -1.88959 0.198604 0
      vertex -1.9 0 -4.5
      vertex -1.9 0 0
    endloop
  endfacet
  facet normal 0.052344 0.998629 -0
    outer loop
      vertex 0.198604 1.88959 -4.5
      vertex 0 1.9 0
      vertex 0.198604 1.88959 0
    endloop
  endfacet
  facet normal 0.052344 0.998629 0
    outer loop
      vertex 0 1.9 0
      vertex 0.198604 1.88959 -4.5
      vertex 0 1.9 -4.5
    endloop
  endfacet
  facet normal -0.052344 -0.998629 0
    outer loop
      vertex -0.198604 -1.88959 -4.5
      vertex 0 -1.9 0
      vertex -0.198604 -1.88959 0
    endloop
  endfacet
  facet normal -0.052344 -0.998629 -0
    outer loop
      vertex 0 -1.9 0
      vertex -0.198604 -1.88959 -4.5
      vertex 0 -1.9 -4.5
    endloop
  endfacet
  facet normal 0.707107 0.707107 0
    outer loop
      vertex 1.41197 1.27135 0
      vertex 1.27135 1.41197 -4.5
      vertex 1.27135 1.41197 0
    endloop
  endfacet
  facet normal 0.707107 0.707107 0
    outer loop
      vertex 1.27135 1.41197 -4.5
      vertex 1.41197 1.27135 0
      vertex 1.41197 1.27135 -4.5
    endloop
  endfacet
  facet normal -0.62932 0.777147 0
    outer loop
      vertex -1.11679 1.53713 -4.5
      vertex -1.27135 1.41197 0
      vertex -1.11679 1.53713 0
    endloop
  endfacet
  facet normal -0.62932 0.777147 0
    outer loop
      vertex -1.27135 1.41197 0
      vertex -1.11679 1.53713 -4.5
      vertex -1.27135 1.41197 -4.5
    endloop
  endfacet
  facet normal -0.358364 0.933582 0
    outer loop
      vertex -0.587132 1.80701 -4.5
      vertex -0.772799 1.73574 0
      vertex -0.587132 1.80701 0
    endloop
  endfacet
  facet normal -0.358364 0.933582 0
    outer loop
      vertex -0.772799 1.73574 0
      vertex -0.587132 1.80701 -4.5
      vertex -0.772799 1.73574 -4.5
    endloop
  endfacet
  facet normal -0.96593 -0.258805 0
    outer loop
      vertex -1.80701 -0.587132 -4.5
      vertex -1.85848 -0.395032 0
      vertex -1.85848 -0.395032 -4.5
    endloop
  endfacet
  facet normal -0.96593 -0.258805 0
    outer loop
      vertex -1.85848 -0.395032 0
      vertex -1.80701 -0.587132 -4.5
      vertex -1.80701 -0.587132 0
    endloop
  endfacet
  facet normal 0.933582 0.358364 0
    outer loop
      vertex 1.80701 0.587132 0
      vertex 1.73574 0.772799 -4.5
      vertex 1.73574 0.772799 0
    endloop
  endfacet
  facet normal 0.933582 0.358364 0
    outer loop
      vertex 1.73574 0.772799 -4.5
      vertex 1.80701 0.587132 0
      vertex 1.80701 0.587132 -4.5
    endloop
  endfacet
  facet normal 0.453997 0.891003 -0
    outer loop
      vertex 0.95 1.64545 -4.5
      vertex 0.772799 1.73574 0
      vertex 0.95 1.64545 0
    endloop
  endfacet
  facet normal 0.453997 0.891003 0
    outer loop
      vertex 0.772799 1.73574 0
      vertex 0.95 1.64545 -4.5
      vertex 0.772799 1.73574 -4.5
    endloop
  endfacet
  facet normal 0.62932 0.777147 -0
    outer loop
      vertex 1.27135 1.41197 -4.5
      vertex 1.11679 1.53713 0
      vertex 1.27135 1.41197 0
    endloop
  endfacet
  facet normal 0.62932 0.777147 0
    outer loop
      vertex 1.11679 1.53713 0
      vertex 1.27135 1.41197 -4.5
      vertex 1.11679 1.53713 -4.5
    endloop
  endfacet
  facet normal -0.838658 0.544658 0
    outer loop
      vertex -1.64545 0.95 -4.5
      vertex -1.53713 1.11679 0
      vertex -1.53713 1.11679 -4.5
    endloop
  endfacet
  facet normal -0.838658 0.544658 0
    outer loop
      vertex -1.53713 1.11679 0
      vertex -1.64545 0.95 -4.5
      vertex -1.64545 0.95 0
    endloop
  endfacet
  facet normal -0.777147 0.62932 0
    outer loop
      vertex -1.53713 1.11679 -4.5
      vertex -1.41197 1.27135 0
      vertex -1.41197 1.27135 -4.5
    endloop
  endfacet
  facet normal -0.777147 0.62932 0
    outer loop
      vertex -1.41197 1.27135 0
      vertex -1.53713 1.11679 -4.5
      vertex -1.53713 1.11679 0
    endloop
  endfacet
  facet normal -0.544658 0.838658 0
    outer loop
      vertex -0.95 1.64545 -4.5
      vertex -1.11679 1.53713 0
      vertex -0.95 1.64545 0
    endloop
  endfacet
  facet normal -0.544658 0.838658 0
    outer loop
      vertex -1.11679 1.53713 0
      vertex -0.95 1.64545 -4.5
      vertex -1.11679 1.53713 -4.5
    endloop
  endfacet
  facet normal -0.156429 0.987689 0
    outer loop
      vertex -0.198604 1.88959 -4.5
      vertex -0.395032 1.85848 0
      vertex -0.198604 1.88959 0
    endloop
  endfacet
  facet normal -0.156429 0.987689 0
    outer loop
      vertex -0.395032 1.85848 0
      vertex -0.198604 1.88959 -4.5
      vertex -0.395032 1.85848 -4.5
    endloop
  endfacet
  facet normal 0.891003 -0.453997 0
    outer loop
      vertex 1.64545 -0.95 0
      vertex 1.73574 -0.772799 -4.5
      vertex 1.73574 -0.772799 0
    endloop
  endfacet
  facet normal 0.891003 -0.453997 0
    outer loop
      vertex 1.73574 -0.772799 -4.5
      vertex 1.64545 -0.95 0
      vertex 1.64545 -0.95 -4.5
    endloop
  endfacet
  facet normal 0.258805 -0.96593 0
    outer loop
      vertex 0.395032 -1.85848 -4.5
      vertex 0.587132 -1.80701 0
      vertex 0.395032 -1.85848 0
    endloop
  endfacet
  facet normal 0.258805 -0.96593 0
    outer loop
      vertex 0.587132 -1.80701 0
      vertex 0.395032 -1.85848 -4.5
      vertex 0.587132 -1.80701 -4.5
    endloop
  endfacet
  facet normal 0.707107 -0.707107 0
    outer loop
      vertex 1.27135 -1.41197 0
      vertex 1.41197 -1.27135 -4.5
      vertex 1.41197 -1.27135 0
    endloop
  endfacet
  facet normal 0.707107 -0.707107 0
    outer loop
      vertex 1.41197 -1.27135 -4.5
      vertex 1.27135 -1.41197 0
      vertex 1.27135 -1.41197 -4.5
    endloop
  endfacet
  facet normal 0.96593 -0.258805 0
    outer loop
      vertex 1.80701 -0.587132 0
      vertex 1.85848 -0.395032 -4.5
      vertex 1.85848 -0.395032 0
    endloop
  endfacet
  facet normal 0.96593 -0.258805 0
    outer loop
      vertex 1.85848 -0.395032 -4.5
      vertex 1.80701 -0.587132 0
      vertex 1.80701 -0.587132 -4.5
    endloop
  endfacet
  facet normal -0.358364 -0.933582 0
    outer loop
      vertex -0.772799 -1.73574 -4.5
      vertex -0.587132 -1.80701 0
      vertex -0.772799 -1.73574 0
    endloop
  endfacet
  facet normal -0.358364 -0.933582 -0
    outer loop
      vertex -0.587132 -1.80701 0
      vertex -0.772799 -1.73574 -4.5
      vertex -0.587132 -1.80701 -4.5
    endloop
  endfacet
  facet normal -0.777147 -0.62932 0
    outer loop
      vertex -1.41197 -1.27135 -4.5
      vertex -1.53713 -1.11679 0
      vertex -1.53713 -1.11679 -4.5
    endloop
  endfacet
  facet normal -0.777147 -0.62932 0
    outer loop
      vertex -1.53713 -1.11679 0
      vertex -1.41197 -1.27135 -4.5
      vertex -1.41197 -1.27135 0
    endloop
  endfacet
  facet normal 0 0 -1
    outer loop
      vertex 1.88959 -0.198604 -4.5
      vertex 1.88959 0.198604 -4.5
      vertex 1.9 0 -4.5
    endloop
  endfacet
  facet normal 0 0 -1
    outer loop
      vertex 1.85848 -0.395032 -4.5
      vertex 1.88959 0.198604 -4.5
      vertex 1.88959 -0.198604 -4.5
    endloop
  endfacet
  facet normal 0 0 -1
    outer loop
      vertex 1.85848 -0.395032 -4.5
      vertex 1.85848 0.395032 -4.5
      vertex 1.88959 0.198604 -4.5
    endloop
  endfacet
  facet normal 0 0 -1
    outer loop
      vertex 1.80701 -0.587132 -4.5
      vertex 1.85848 0.395032 -4.5
      vertex 1.85848 -0.395032 -4.5
    endloop
  endfacet
  facet normal 0 0 -1
    outer loop
      vertex 1.80701 -0.587132 -4.5
      vertex 1.80701 0.587132 -4.5
      vertex 1.85848 0.395032 -4.5
    endloop
  endfacet
  facet normal 0 0 -1
    outer loop
      vertex 1.73574 -0.772799 -4.5
      vertex 1.80701 0.587132 -4.5
      vertex 1.80701 -0.587132 -4.5
    endloop
  endfacet
  facet normal 0 0 -1
    outer loop
      vertex 1.73574 -0.772799 -4.5
      vertex 1.73574 0.772799 -4.5
      vertex 1.80701 0.587132 -4.5
    endloop
  endfacet
  facet normal 0 0 -1
    outer loop
      vertex 1.64545 -0.95 -4.5
      vertex 1.73574 0.772799 -4.5
      vertex 1.73574 -0.772799 -4.5
    endloop
  endfacet
  facet normal 0 0 -1
    outer loop
      vertex 1.64545 -0.95 -4.5
      vertex 1.64545 0.95 -4.5
      vertex 1.73574 0.772799 -4.5
    endloop
  endfacet
  facet normal 0 0 -1
    outer loop
      vertex 1.53713 -1.11679 -4.5
      vertex 1.64545 0.95 -4.5
      vertex 1.64545 -0.95 -4.5
    endloop
  endfacet
  facet normal 0 0 -1
    outer loop
      vertex 1.53713 -1.11679 -4.5
      vertex 1.53713 1.11679 -4.5
      vertex 1.64545 0.95 -4.5
    endloop
  endfacet
  facet normal 0 0 -1
    outer loop
      vertex 1.41197 -1.27135 -4.5
      vertex 1.53713 1.11679 -4.5
      vertex 1.53713 -1.11679 -4.5
    endloop
  endfacet
  facet normal 0 0 -1
    outer loop
      vertex 1.41197 -1.27135 -4.5
      vertex 1.41197 1.27135 -4.5
      vertex 1.53713 1.11679 -4.5
    endloop
  endfacet
  facet normal 0 0 -1
    outer loop
      vertex 1.27135 -1.41197 -4.5
      vertex 1.41197 1.27135 -4.5
      vertex 1.41197 -1.27135 -4.5
    endloop
  endfacet
  facet normal 0 0 -1
    outer loop
      vertex 1.27135 -1.41197 -4.5
      vertex 1.27135 1.41197 -4.5
      vertex 1.41197 1.27135 -4.5
    endloop
  endfacet
  facet normal 0 0 -1
    outer loop
      vertex 1.11679 -1.53713 -4.5
      vertex 1.27135 1.41197 -4.5
      vertex 1.27135 -1.41197 -4.5
    endloop
  endfacet
  facet normal 0 0 -1
    outer loop
      vertex 1.11679 -1.53713 -4.5
      vertex 1.11679 1.53713 -4.5
      vertex 1.27135 1.41197 -4.5
    endloop
  endfacet
  facet normal 0 0 -1
    outer loop
      vertex 0.95 -1.64545 -4.5
      vertex 1.11679 1.53713 -4.5
      vertex 1.11679 -1.53713 -4.5
    endloop
  endfacet
  facet normal 0 0 -1
    outer loop
      vertex 0.95 -1.64545 -4.5
      vertex 0.95 1.64545 -4.5
      vertex 1.11679 1.53713 -4.5
    endloop
  endfacet
  facet normal 0 0 -1
    outer loop
      vertex 0.772799 -1.73574 -4.5
      vertex 0.95 1.64545 -4.5
      vertex 0.95 -1.64545 -4.5
    endloop
  endfacet
  facet normal 0 0 -1
    outer loop
      vertex 0.772799 -1.73574 -4.5
      vertex 0.772799 1.73574 -4.5
      vertex 0.95 1.64545 -4.5
    endloop
  endfacet
  facet normal 0 0 -1
    outer loop
      vertex 0.587132 -1.80701 -4.5
      vertex 0.772799 1.73574 -4.5
      vertex 0.772799 -1.73574 -4.5
    endloop
  endfacet
  facet normal 0 0 -1
    outer loop
      vertex 0.587132 -1.80701 -4.5
      vertex 0.587132 1.80701 -4.5
      vertex 0.772799 1.73574 -4.5
    endloop
  endfacet
  facet normal 0 0 -1
    outer loop
      vertex 0.395032 -1.85848 -4.5
      vertex 0.587132 1.80701 -4.5
      vertex 0.587132 -1.80701 -4.5
    endloop
  endfacet
  facet normal 0 0 -1
    outer loop
      vertex 0.395032 -1.85848 -4.5
      vertex 0.395032 1.85848 -4.5
      vertex 0.587132 1.80701 -4.5
    endloop
  endfacet
  facet normal 0 0 -1
    outer loop
      vertex 0.198604 -1.88959 -4.5
      vertex 0.395032 1.85848 -4.5
      vertex 0.395032 -1.85848 -4.5
    endloop
  endfacet
  facet normal 0 0 -1
    outer loop
      vertex 0.198604 -1.88959 -4.5
      vertex 0.198604 1.88959 -4.5
      vertex 0.395032 1.85848 -4.5
    endloop
  endfacet
  facet normal 0 0 -1
    outer loop
      vertex 0 -1.9 -4.5
      vertex 0.198604 1.88959 -4.5
      vertex 0.198604 -1.88959 -4.5
    endloop
  endfacet
  facet normal 0 0 -1
    outer loop
      vertex 0 -1.9 -4.5
      vertex 0 1.9 -4.5
      vertex 0.198604 1.88959 -4.5
    endloop
  endfacet
  facet normal 0 0 -1
    outer loop
      vertex -0.198604 -1.88959 -4.5
      vertex 0 1.9 -4.5
      vertex 0 -1.9 -4.5
    endloop
  endfacet
  facet normal 0 0 -1
    outer loop
      vertex -0.198604 -1.88959 -4.5
      vertex -0.198604 1.88959 -4.5
      vertex 0 1.9 -4.5
    endloop
  endfacet
  facet normal 0 0 -1
    outer loop
      vertex -0.395032 -1.85848 -4.5
      vertex -0.198604 1.88959 -4.5
      vertex -0.198604 -1.88959 -4.5
    endloop
  endfacet
  facet normal 0 0 -1
    outer loop
      vertex -0.395032 -1.85848 -4.5
      vertex -0.395032 1.85848 -4.5
      vertex -0.198604 1.88959 -4.5
    endloop
  endfacet
  facet normal 0 0 -1
    outer loop
      vertex -0.587132 -1.80701 -4.5
      vertex -0.395032 1.85848 -4.5
      vertex -0.395032 -1.85848 -4.5
    endloop
  endfacet
  facet normal 0 0 -1
    outer loop
      vertex -0.587132 -1.80701 -4.5
      vertex -0.587132 1.80701 -4.5
      vertex -0.395032 1.85848 -4.5
    endloop
  endfacet
  facet normal 0 0 -1
    outer loop
      vertex -0.772799 -1.73574 -4.5
      vertex -0.587132 1.80701 -4.5
      vertex -0.587132 -1.80701 -4.5
    endloop
  endfacet
  facet normal 0 0 -1
    outer loop
      vertex -0.772799 -1.73574 -4.5
      vertex -0.772799 1.73574 -4.5
      vertex -0.587132 1.80701 -4.5
    endloop
  endfacet
  facet normal 0 0 -1
    outer loop
      vertex -0.95 -1.64545 -4.5
      vertex -0.772799 1.73574 -4.5
      vertex -0.772799 -1.73574 -4.5
    endloop
  endfacet
  facet normal 0 0 -1
    outer loop
      vertex -0.95 -1.64545 -4.5
      vertex -0.95 1.64545 -4.5
      vertex -0.772799 1.73574 -4.5
    endloop
  endfacet
  facet normal 0 0 -1
    outer loop
      vertex -1.11679 -1.53713 -4.5
      vertex -0.95 1.64545 -4.5
      vertex -0.95 -1.64545 -4.5
    endloop
  endfacet
  facet normal 0 0 -1
    outer loop
      vertex -1.11679 -1.53713 -4.5
      vertex -1.11679 1.53713 -4.5
      vertex -0.95 1.64545 -4.5
    endloop
  endfacet
  facet normal 0 0 -1
    outer loop
      vertex -1.27135 -1.41197 -4.5
      vertex -1.11679 1.53713 -4.5
      vertex -1.11679 -1.53713 -4.5
    endloop
  endfacet
  facet normal 0 0 -1
    outer loop
      vertex -1.27135 -1.41197 -4.5
      vertex -1.27135 1.41197 -4.5
      vertex -1.11679 1.53713 -4.5
    endloop
  endfacet
  facet normal 0 0 -1
    outer loop
      vertex -1.41197 -1.27135 -4.5
      vertex -1.27135 1.41197 -4.5
      vertex -1.27135 -1.41197 -4.5
    endloop
  endfacet
  facet normal 0 0 -1
    outer loop
      vertex -1.41197 -1.27135 -4.5
      vertex -1.41197 1.27135 -4.5
      vertex -1.27135 1.41197 -4.5
    endloop
  endfacet
  facet normal 0 0 -1
    outer loop
      vertex -1.53713 -1.11679 -4.5
      vertex -1.41197 1.27135 -4.5
      vertex -1.41197 -1.27135 -4.5
    endloop
  endfacet
  facet normal 0 0 -1
    outer loop
      vertex -1.53713 -1.11679 -4.5
      vertex -1.53713 1.11679 -4.5
      vertex -1.41197 1.27135 -4.5
    endloop
  endfacet
  facet normal 0 0 -1
    outer loop
      vertex -1.64545 -0.95 -4.5
      vertex -1.53713 1.11679 -4.5
      vertex -1.53713 -1.11679 -4.5
    endloop
  endfacet
  facet normal 0 0 -1
    outer loop
      vertex -1.64545 -0.95 -4.5
      vertex -1.64545 0.95 -4.5
      vertex -1.53713 1.11679 -4.5
    endloop
  endfacet
  facet normal 0 0 -1
    outer loop
      vertex -1.73574 -0.772799 -4.5
      vertex -1.64545 0.95 -4.5
      vertex -1.64545 -0.95 -4.5
    endloop
  endfacet
  facet normal 0 0 -1
    outer loop
      vertex -1.73574 -0.772799 -4.5
      vertex -1.73574 0.772799 -4.5
      vertex -1.64545 0.95 -4.5
    endloop
  endfacet
  facet normal 0 0 -1
    outer loop
      vertex -1.80701 -0.587132 -4.5
      vertex -1.73574 0.772799 -4.5
      vertex -1.73574 -0.772799 -4.5
    endloop
  endfacet
  facet normal 0 0 -1
    outer loop
      vertex -1.80701 -0.587132 -4.5
      vertex -1.80701 0.587132 -4.5
      vertex -1.73574 0.772799 -4.5
    endloop
  endfacet
  facet normal 0 0 -1
    outer loop
      vertex -1.85848 -0.395032 -4.5
      vertex -1.80701 0.587132 -4.5
      vertex -1.80701 -0.587132 -4.5
    endloop
  endfacet
  facet normal 0 0 -1
    outer loop
      vertex -1.85848 -0.395032 -4.5
      vertex -1.85848 0.395032 -4.5
      vertex -1.80701 0.587132 -4.5
    endloop
  endfacet
  facet normal 0 0 -1
    outer loop
      vertex -1.88959 -0.198604 -4.5
      vertex -1.85848 0.395032 -4.5
      vertex -1.85848 -0.395032 -4.5
    endloop
  endfacet
  facet normal 0 0 -1
    outer loop
      vertex -1.88959 -0.198604 -4.5
      vertex -1.88959 0.198604 -4.5
      vertex -1.85848 0.395032 -4.5
    endloop
  endfacet
  facet normal 0 -0 -1
    outer loop
      vertex -1.88959 0.198604 -4.5
      vertex -1.88959 -0.198604 -4.5
      vertex -1.9 0 -4.5
    endloop
  endfacet
  facet normal 0.96593 0.258805 0
    outer loop
      vertex 1.85848 0.395032 0
      vertex 1.80701 0.587132 -4.5
      vertex 1.80701 0.587132 0
    endloop
  endfacet
  facet normal 0.96593 0.258805 0
    outer loop
      vertex 1.80701 0.587132 -4.5
      vertex 1.85848 0.395032 0
      vertex 1.85848 0.395032 -4.5
    endloop
  endfacet
  facet normal 0.987689 0.156429 0
    outer loop
      vertex 1.88959 0.198604 0
      vertex 1.85848 0.395032 -4.5
      vertex 1.85848 0.395032 0
    endloop
  endfacet
  facet normal 0.987689 0.156429 0
    outer loop
      vertex 1.85848 0.395032 -4.5
      vertex 1.88959 0.198604 0
      vertex 1.88959 0.198604 -4.5
    endloop
  endfacet
  facet normal 0.838658 0.544658 0
    outer loop
      vertex 1.64545 0.95 0
      vertex 1.53713 1.11679 -4.5
      vertex 1.53713 1.11679 0
    endloop
  endfacet
  facet normal 0.838658 0.544658 0
    outer loop
      vertex 1.53713 1.11679 -4.5
      vertex 1.64545 0.95 0
      vertex 1.64545 0.95 -4.5
    endloop
  endfacet
  facet normal 0.891003 0.453997 0
    outer loop
      vertex 1.73574 0.772799 0
      vertex 1.64545 0.95 -4.5
      vertex 1.64545 0.95 0
    endloop
  endfacet
  facet normal 0.891003 0.453997 0
    outer loop
      vertex 1.64545 0.95 -4.5
      vertex 1.73574 0.772799 0
      vertex 1.73574 0.772799 -4.5
    endloop
  endfacet
  facet normal 0.258805 0.96593 -0
    outer loop
      vertex 0.587132 1.80701 -4.5
      vertex 0.395032 1.85848 0
      vertex 0.587132 1.80701 0
    endloop
  endfacet
  facet normal 0.258805 0.96593 0
    outer loop
      vertex 0.395032 1.85848 0
      vertex 0.587132 1.80701 -4.5
      vertex 0.395032 1.85848 -4.5
    endloop
  endfacet
  facet normal 0.156429 0.987689 -0
    outer loop
      vertex 0.395032 1.85848 -4.5
      vertex 0.198604 1.88959 0
      vertex 0.395032 1.85848 0
    endloop
  endfacet
  facet normal 0.156429 0.987689 0
    outer loop
      vertex 0.198604 1.88959 0
      vertex 0.395032 1.85848 -4.5
      vertex 0.198604 1.88959 -4.5
    endloop
  endfacet
  facet normal -0.96593 0.258805 0
    outer loop
      vertex -1.85848 0.395032 -4.5
      vertex -1.80701 0.587132 0
      vertex -1.80701 0.587132 -4.5
    endloop
  endfacet
  facet normal -0.96593 0.258805 0
    outer loop
      vertex -1.80701 0.587132 0
      vertex -1.85848 0.395032 -4.5
      vertex -1.85848 0.395032 0
    endloop
  endfacet
  facet normal -0.891003 0.453997 0
    outer loop
      vertex -1.73574 0.772799 -4.5
      vertex -1.64545 0.95 0
      vertex -1.64545 0.95 -4.5
    endloop
  endfacet
  facet normal -0.891003 0.453997 0
    outer loop
      vertex -1.64545 0.95 0
      vertex -1.73574 0.772799 -4.5
      vertex -1.73574 0.772799 0
    endloop
  endfacet
  facet normal -0.987689 0.156429 0
    outer loop
      vertex -1.88959 0.198604 -4.5
      vertex -1.85848 0.395032 0
      vertex -1.85848 0.395032 -4.5
    endloop
  endfacet
  facet normal -0.987689 0.156429 0
    outer loop
      vertex -1.85848 0.395032 0
      vertex -1.88959 0.198604 -4.5
      vertex -1.88959 0.198604 0
    endloop
  endfacet
  facet normal 0 0 -1
    outer loop
      vertex 1.9 0 0
      vertex 4 0 0
      vertex 3.97809 -0.418114 0
    endloop
  endfacet
  facet normal 0 0 -1
    outer loop
      vertex 1.88959 -0.198604 0
      vertex 3.97809 -0.418114 0
      vertex 3.91259 -0.831646 0
    endloop
  endfacet
  facet normal 0 0 -1
    outer loop
      vertex 4 0 0
      vertex 1.9 0 0
      vertex 3.97809 0.418114 0
    endloop
  endfacet
  facet normal 0 0 -1
    outer loop
      vertex 1.85848 -0.395032 0
      vertex 3.91259 -0.831646 0
      vertex 3.80423 -1.23607 0
    endloop
  endfacet
  facet normal 0 0 -1
    outer loop
      vertex 1.88959 0.198604 0
      vertex 3.97809 0.418114 0
      vertex 1.9 0 0
    endloop
  endfacet
  facet normal 0 0 -1
    outer loop
      vertex 1.80701 -0.587132 0
      vertex 3.80423 -1.23607 0
      vertex 3.65418 -1.62695 0
    endloop
  endfacet
  facet normal -0 0 -1
    outer loop
      vertex 3.97809 0.418114 0
      vertex 1.88959 0.198604 0
      vertex 3.91259 0.831646 0
    endloop
  endfacet
  facet normal 0 0 -1
    outer loop
      vertex 1.73574 -0.772799 0
      vertex 3.65418 -1.62695 0
      vertex 3.4641 -2 0
    endloop
  endfacet
  facet normal 0 0 -1
    outer loop
      vertex 1.85848 0.395032 0
      vertex 3.91259 0.831646 0
      vertex 1.88959 0.198604 0
    endloop
  endfacet
  facet normal 0 0 -1
    outer loop
      vertex 1.64545 -0.95 0
      vertex 3.4641 -2 0
      vertex 3.23607 -2.35114 0
    endloop
  endfacet
  facet normal -0 0 -1
    outer loop
      vertex 3.91259 0.831646 0
      vertex 1.85848 0.395032 0
      vertex 3.80423 1.23607 0
    endloop
  endfacet
  facet normal 0 0 -1
    outer loop
      vertex 1.53713 -1.11679 0
      vertex 3.23607 -2.35114 0
      vertex 2.97258 -2.67652 0
    endloop
  endfacet
  facet normal 0 0 -1
    outer loop
      vertex 1.80701 0.587132 0
      vertex 3.80423 1.23607 0
      vertex 1.85848 0.395032 0
    endloop
  endfacet
  facet normal 0 0 -1
    outer loop
      vertex 1.41197 -1.27135 0
      vertex 2.97258 -2.67652 0
      vertex 2.67652 -2.97258 0
    endloop
  endfacet
  facet normal -0 0 -1
    outer loop
      vertex 3.80423 1.23607 0
      vertex 1.80701 0.587132 0
      vertex 3.65418 1.62695 0
    endloop
  endfacet
  facet normal 0 0 -1
    outer loop
      vertex 1.27135 -1.41197 0
      vertex 2.67652 -2.97258 0
      vertex 2.35114 -3.23607 0
    endloop
  endfacet
  facet normal 0 0 -1
    outer loop
      vertex 1.73574 0.772799 0
      vertex 3.65418 1.62695 0
      vertex 1.80701 0.587132 0
    endloop
  endfacet
  facet normal 0 0 -1
    outer loop
      vertex 1.11679 -1.53713 0
      vertex 2.35114 -3.23607 0
      vertex 2 -3.4641 0
    endloop
  endfacet
  facet normal -0 0 -1
    outer loop
      vertex 3.65418 1.62695 0
      vertex 1.73574 0.772799 0
      vertex 3.4641 2 0
    endloop
  endfacet
  facet normal 0 0 -1
    outer loop
      vertex 1.64545 0.95 0
      vertex 3.4641 2 0
      vertex 1.73574 0.772799 0
    endloop
  endfacet
  facet normal 0 0 -1
    outer loop
      vertex 3.97809 -0.418114 0
      vertex 1.88959 -0.198604 0
      vertex 1.9 0 0
    endloop
  endfacet
  facet normal 0 0 -1
    outer loop
      vertex 3.91259 -0.831646 0
      vertex 1.85848 -0.395032 0
      vertex 1.88959 -0.198604 0
    endloop
  endfacet
  facet normal 0 0 -1
    outer loop
      vertex 3.80423 -1.23607 0
      vertex 1.80701 -0.587132 0
      vertex 1.85848 -0.395032 0
    endloop
  endfacet
  facet normal 0 0 -1
    outer loop
      vertex 3.65418 -1.62695 0
      vertex 1.73574 -0.772799 0
      vertex 1.80701 -0.587132 0
    endloop
  endfacet
  facet normal 0 0 -1
    outer loop
      vertex 3.4641 -2 0
      vertex 1.64545 -0.95 0
      vertex 1.73574 -0.772799 0
    endloop
  endfacet
  facet normal 0 0 -1
    outer loop
      vertex 0.95 -1.64545 0
      vertex 2 -3.4641 0
      vertex 1.62695 -3.65418 0
    endloop
  endfacet
  facet normal 0 0 -1
    outer loop
      vertex 3.23607 -2.35114 0
      vertex 1.53713 -1.11679 0
      vertex 1.64545 -0.95 0
    endloop
  endfacet
  facet normal 0 0 -1
    outer loop
      vertex 2.97258 -2.67652 0
      vertex 1.41197 -1.27135 0
      vertex 1.53713 -1.11679 0
    endloop
  endfacet
  facet normal 0 0 -1
    outer loop
      vertex 2.67652 -2.97258 0
      vertex 1.27135 -1.41197 0
      vertex 1.41197 -1.27135 0
    endloop
  endfacet
  facet normal 0 0 -1
    outer loop
      vertex 0.772799 -1.73574 0
      vertex 1.62695 -3.65418 0
      vertex 1.23607 -3.80423 0
    endloop
  endfacet
  facet normal 0 0 -1
    outer loop
      vertex 2.35114 -3.23607 0
      vertex 1.11679 -1.53713 0
      vertex 1.27135 -1.41197 0
    endloop
  endfacet
  facet normal 0 0 -1
    outer loop
      vertex 2 -3.4641 0
      vertex 0.95 -1.64545 0
      vertex 1.11679 -1.53713 0
    endloop
  endfacet
  facet normal 0 0 -1
    outer loop
      vertex 0.587132 -1.80701 0
      vertex 1.23607 -3.80423 0
      vertex 0.831646 -3.91259 0
    endloop
  endfacet
  facet normal 0 0 -1
    outer loop
      vertex 1.62695 -3.65418 0
      vertex 0.772799 -1.73574 0
      vertex 0.95 -1.64545 0
    endloop
  endfacet
  facet normal 0 0 -1
    outer loop
      vertex 1.23607 -3.80423 0
      vertex 0.587132 -1.80701 0
      vertex 0.772799 -1.73574 0
    endloop
  endfacet
  facet normal 0 0 -1
    outer loop
      vertex 0.395032 -1.85848 0
      vertex 0.831646 -3.91259 0
      vertex 0.418114 -3.97809 0
    endloop
  endfacet
  facet normal 0 0 -1
    outer loop
      vertex 0.831646 -3.91259 0
      vertex 0.395032 -1.85848 0
      vertex 0.587132 -1.80701 0
    endloop
  endfacet
  facet normal 0 0 -1
    outer loop
      vertex 0.418114 -3.97809 0
      vertex 0.198604 -1.88959 0
      vertex 0.395032 -1.85848 0
    endloop
  endfacet
  facet normal 0 0 -1
    outer loop
      vertex 0 -4 0
      vertex 0.198604 -1.88959 0
      vertex 0.418114 -3.97809 0
    endloop
  endfacet
  facet normal 0 0 -1
    outer loop
      vertex 0 -4 0
      vertex 0 -1.9 0
      vertex 0.198604 -1.88959 0
    endloop
  endfacet
  facet normal 0 0 -1
    outer loop
      vertex 0 -4 0
      vertex -0.198604 -1.88959 0
      vertex 0 -1.9 0
    endloop
  endfacet
  facet normal 0 0 -1
    outer loop
      vertex -0.418114 -3.97809 0
      vertex -0.198604 -1.88959 0
      vertex 0 -4 0
    endloop
  endfacet
  facet normal -0 0 -1
    outer loop
      vertex -0.198604 -1.88959 0
      vertex -0.418114 -3.97809 0
      vertex -0.395032 -1.85848 0
    endloop
  endfacet
  facet normal 0 0 -1
    outer loop
      vertex -0.831646 -3.91259 0
      vertex -0.395032 -1.85848 0
      vertex -0.418114 -3.97809 0
    endloop
  endfacet
  facet normal -0 0 -1
    outer loop
      vertex -0.395032 -1.85848 0
      vertex -0.831646 -3.91259 0
      vertex -0.587132 -1.80701 0
    endloop
  endfacet
  facet normal 0 0 -1
    outer loop
      vertex -1.23607 -3.80423 0
      vertex -0.587132 -1.80701 0
      vertex -0.831646 -3.91259 0
    endloop
  endfacet
  facet normal -0 0 -1
    outer loop
      vertex -0.587132 -1.80701 0
      vertex -1.23607 -3.80423 0
      vertex -0.772799 -1.73574 0
    endloop
  endfacet
  facet normal 0 0 -1
    outer loop
      vertex -1.62695 -3.65418 0
      vertex -0.772799 -1.73574 0
      vertex -1.23607 -3.80423 0
    endloop
  endfacet
  facet normal -0 0 -1
    outer loop
      vertex -0.772799 -1.73574 0
      vertex -1.62695 -3.65418 0
      vertex -0.95 -1.64545 0
    endloop
  endfacet
  facet normal 0 0 -1
    outer loop
      vertex -2 -3.4641 0
      vertex -0.95 -1.64545 0
      vertex -1.62695 -3.65418 0
    endloop
  endfacet
  facet normal -0 0 -1
    outer loop
      vertex -0.95 -1.64545 0
      vertex -2 -3.4641 0
      vertex -1.11679 -1.53713 0
    endloop
  endfacet
  facet normal 0 0 -1
    outer loop
      vertex -2.35114 -3.23607 0
      vertex -1.11679 -1.53713 0
      vertex -2 -3.4641 0
    endloop
  endfacet
  facet normal -0 0 -1
    outer loop
      vertex -1.11679 -1.53713 0
      vertex -2.35114 -3.23607 0
      vertex -1.27135 -1.41197 0
    endloop
  endfacet
  facet normal 0 0 -1
    outer loop
      vertex -2.67652 -2.97258 0
      vertex -1.27135 -1.41197 0
      vertex -2.35114 -3.23607 0
    endloop
  endfacet
  facet normal -0 0 -1
    outer loop
      vertex -1.27135 -1.41197 0
      vertex -2.67652 -2.97258 0
      vertex -1.41197 -1.27135 0
    endloop
  endfacet
  facet normal 0 0 -1
    outer loop
      vertex -2.97258 -2.67652 0
      vertex -1.41197 -1.27135 0
      vertex -2.67652 -2.97258 0
    endloop
  endfacet
  facet normal -0 0 -1
    outer loop
      vertex -1.41197 -1.27135 0
      vertex -2.97258 -2.67652 0
      vertex -1.53713 -1.11679 0
    endloop
  endfacet
  facet normal 0 0 -1
    outer loop
      vertex -3.23607 -2.35114 0
      vertex -1.53713 -1.11679 0
      vertex -2.97258 -2.67652 0
    endloop
  endfacet
  facet normal 0 0 -1
    outer loop
      vertex -3.4641 -2 0
      vertex -1.64545 -0.95 0
      vertex -3.23607 -2.35114 0
    endloop
  endfacet
  facet normal -0 0 -1
    outer loop
      vertex -1.53713 -1.11679 0
      vertex -3.23607 -2.35114 0
      vertex -1.64545 -0.95 0
    endloop
  endfacet
  facet normal -0 0 -1
    outer loop
      vertex 3.4641 2 0
      vertex 1.64545 0.95 0
      vertex 3.23607 2.35114 0
    endloop
  endfacet
  facet normal 0 0 -1
    outer loop
      vertex 1.53713 1.11679 0
      vertex 3.23607 2.35114 0
      vertex 1.64545 0.95 0
    endloop
  endfacet
  facet normal -0 0 -1
    outer loop
      vertex 3.23607 2.35114 0
      vertex 1.53713 1.11679 0
      vertex 2.97258 2.67652 0
    endloop
  endfacet
  facet normal 0 0 -1
    outer loop
      vertex 1.41197 1.27135 0
      vertex 2.97258 2.67652 0
      vertex 1.53713 1.11679 0
    endloop
  endfacet
  facet normal -0 0 -1
    outer loop
      vertex 2.97258 2.67652 0
      vertex 1.41197 1.27135 0
      vertex 2.67652 2.97258 0
    endloop
  endfacet
  facet normal 0 0 -1
    outer loop
      vertex 1.27135 1.41197 0
      vertex 2.67652 2.97258 0
      vertex 1.41197 1.27135 0
    endloop
  endfacet
  facet normal -0 0 -1
    outer loop
      vertex 2.67652 2.97258 0
      vertex 1.27135 1.41197 0
      vertex 2.35114 3.23607 0
    endloop
  endfacet
  facet normal 0 0 -1
    outer loop
      vertex 1.11679 1.53713 0
      vertex 2.35114 3.23607 0
      vertex 1.27135 1.41197 0
    endloop
  endfacet
  facet normal -0 0 -1
    outer loop
      vertex 2.35114 3.23607 0
      vertex 1.11679 1.53713 0
      vertex 2 3.4641 0
    endloop
  endfacet
  facet normal 0 0 -1
    outer loop
      vertex 0.95 1.64545 0
      vertex 2 3.4641 0
      vertex 1.11679 1.53713 0
    endloop
  endfacet
  facet normal -0 0 -1
    outer loop
      vertex 2 3.4641 0
      vertex 0.95 1.64545 0
      vertex 1.62695 3.65418 0
    endloop
  endfacet
  facet normal 0 0 -1
    outer loop
      vertex 0.772799 1.73574 0
      vertex 1.62695 3.65418 0
      vertex 0.95 1.64545 0
    endloop
  endfacet
  facet normal -0 0 -1
    outer loop
      vertex 1.62695 3.65418 0
      vertex 0.772799 1.73574 0
      vertex 1.23607 3.80423 0
    endloop
  endfacet
  facet normal 0 0 -1
    outer loop
      vertex 0.587132 1.80701 0
      vertex 1.23607 3.80423 0
      vertex 0.772799 1.73574 0
    endloop
  endfacet
  facet normal -0 0 -1
    outer loop
      vertex 1.23607 3.80423 0
      vertex 0.587132 1.80701 0
      vertex 0.831646 3.91259 0
    endloop
  endfacet
  facet normal 0 0 -1
    outer loop
      vertex 0.395032 1.85848 0
      vertex 0.831646 3.91259 0
      vertex 0.587132 1.80701 0
    endloop
  endfacet
  facet normal -0 0 -1
    outer loop
      vertex 0.831646 3.91259 0
      vertex 0.395032 1.85848 0
      vertex 0.418114 3.97809 0
    endloop
  endfacet
  facet normal 0 0 -1
    outer loop
      vertex 0.198604 1.88959 0
      vertex 0.418114 3.97809 0
      vertex 0.395032 1.85848 0
    endloop
  endfacet
  facet normal 0 0 -1
    outer loop
      vertex 0 1.9 0
      vertex 0.418114 3.97809 0
      vertex 0.198604 1.88959 0
    endloop
  endfacet
  facet normal 0 0 -1
    outer loop
      vertex 0 1.9 0
      vertex 0 4 0
      vertex 0.418114 3.97809 0
    endloop
  endfacet
  facet normal 0 0 -1
    outer loop
      vertex -0.198604 1.88959 0
      vertex 0 4 0
      vertex 0 1.9 0
    endloop
  endfacet
  facet normal 0 0 -1
    outer loop
      vertex -0.418114 3.97809 0
      vertex -0.198604 1.88959 0
      vertex -0.395032 1.85848 0
    endloop
  endfacet
  facet normal 0 0 -1
    outer loop
      vertex -0.198604 1.88959 0
      vertex -0.418114 3.97809 0
      vertex 0 4 0
    endloop
  endfacet
  facet normal 0 0 -1
    outer loop
      vertex -0.831646 3.91259 0
      vertex -0.395032 1.85848 0
      vertex -0.587132 1.80701 0
    endloop
  endfacet
  facet normal 0 0 -1
    outer loop
      vertex -1.23607 3.80423 0
      vertex -0.587132 1.80701 0
      vertex -0.772799 1.73574 0
    endloop
  endfacet
  facet normal 0 0 -1
    outer loop
      vertex -0.395032 1.85848 0
      vertex -0.831646 3.91259 0
      vertex -0.418114 3.97809 0
    endloop
  endfacet
  facet normal 0 0 -1
    outer loop
      vertex -1.62695 3.65418 0
      vertex -0.772799 1.73574 0
      vertex -0.95 1.64545 0
    endloop
  endfacet
  facet normal 0 0 -1
    outer loop
      vertex -2 3.4641 0
      vertex -0.95 1.64545 0
      vertex -1.11679 1.53713 0
    endloop
  endfacet
  facet normal 0 0 -1
    outer loop
      vertex -0.587132 1.80701 0
      vertex -1.23607 3.80423 0
      vertex -0.831646 3.91259 0
    endloop
  endfacet
  facet normal 0 0 -1
    outer loop
      vertex -2.35114 3.23607 0
      vertex -1.11679 1.53713 0
      vertex -1.27135 1.41197 0
    endloop
  endfacet
  facet normal 0 0 -1
    outer loop
      vertex -2.67652 2.97258 0
      vertex -1.27135 1.41197 0
      vertex -1.41197 1.27135 0
    endloop
  endfacet
  facet normal 0 0 -1
    outer loop
      vertex -2.97258 2.67652 0
      vertex -1.41197 1.27135 0
      vertex -1.53713 1.11679 0
    endloop
  endfacet
  facet normal 0 0 -1
    outer loop
      vertex -0.772799 1.73574 0
      vertex -1.62695 3.65418 0
      vertex -1.23607 3.80423 0
    endloop
  endfacet
  facet normal 0 0 -1
    outer loop
      vertex -3.23607 2.35114 0
      vertex -1.53713 1.11679 0
      vertex -1.64545 0.95 0
    endloop
  endfacet
  facet normal 0 0 -1
    outer loop
      vertex -3.4641 2 0
      vertex -1.64545 0.95 0
      vertex -1.73574 0.772799 0
    endloop
  endfacet
  facet normal 0 0 -1
    outer loop
      vertex -3.65418 1.62695 0
      vertex -1.73574 0.772799 0
      vertex -1.80701 0.587132 0
    endloop
  endfacet
  facet normal 0 0 -1
    outer loop
      vertex -3.80423 1.23607 0
      vertex -1.80701 0.587132 0
      vertex -1.85848 0.395032 0
    endloop
  endfacet
  facet normal 0 0 -1
    outer loop
      vertex -3.91259 0.831646 0
      vertex -1.85848 0.395032 0
      vertex -1.88959 0.198604 0
    endloop
  endfacet
  facet normal 0 0 -1
    outer loop
      vertex -0.95 1.64545 0
      vertex -2 3.4641 0
      vertex -1.62695 3.65418 0
    endloop
  endfacet
  facet normal 0 0 -1
    outer loop
      vertex -3.97809 0.418114 0
      vertex -1.88959 0.198604 0
      vertex -1.9 0 0
    endloop
  endfacet
  facet normal -0 0 -1
    outer loop
      vertex -1.64545 -0.95 0
      vertex -3.4641 -2 0
      vertex -1.73574 -0.772799 0
    endloop
  endfacet
  facet normal 0 0 -1
    outer loop
      vertex -3.65418 -1.62695 0
      vertex -1.73574 -0.772799 0
      vertex -3.4641 -2 0
    endloop
  endfacet
  facet normal 0 0 -1
    outer loop
      vertex -1.11679 1.53713 0
      vertex -2.35114 3.23607 0
      vertex -2 3.4641 0
    endloop
  endfacet
  facet normal -0 0 -1
    outer loop
      vertex -1.73574 -0.772799 0
      vertex -3.65418 -1.62695 0
      vertex -1.80701 -0.587132 0
    endloop
  endfacet
  facet normal 0 0 -1
    outer loop
      vertex -1.27135 1.41197 0
      vertex -2.67652 2.97258 0
      vertex -2.35114 3.23607 0
    endloop
  endfacet
  facet normal 0 0 -1
    outer loop
      vertex -3.80423 -1.23607 0
      vertex -1.80701 -0.587132 0
      vertex -3.65418 -1.62695 0
    endloop
  endfacet
  facet normal 0 0 -1
    outer loop
      vertex -1.41197 1.27135 0
      vertex -2.97258 2.67652 0
      vertex -2.67652 2.97258 0
    endloop
  endfacet
  facet normal -0 0 -1
    outer loop
      vertex -1.80701 -0.587132 0
      vertex -3.80423 -1.23607 0
      vertex -1.85848 -0.395032 0
    endloop
  endfacet
  facet normal 0 0 -1
    outer loop
      vertex -1.53713 1.11679 0
      vertex -3.23607 2.35114 0
      vertex -2.97258 2.67652 0
    endloop
  endfacet
  facet normal 0 0 -1
    outer loop
      vertex -3.91259 -0.831646 0
      vertex -1.85848 -0.395032 0
      vertex -3.80423 -1.23607 0
    endloop
  endfacet
  facet normal 0 0 -1
    outer loop
      vertex -1.64545 0.95 0
      vertex -3.4641 2 0
      vertex -3.23607 2.35114 0
    endloop
  endfacet
  facet normal -0 0 -1
    outer loop
      vertex -1.85848 -0.395032 0
      vertex -3.91259 -0.831646 0
      vertex -1.88959 -0.198604 0
    endloop
  endfacet
  facet normal 0 0 -1
    outer loop
      vertex -1.73574 0.772799 0
      vertex -3.65418 1.62695 0
      vertex -3.4641 2 0
    endloop
  endfacet
  facet normal 0 0 -1
    outer loop
      vertex -3.97809 -0.418114 0
      vertex -1.88959 -0.198604 0
      vertex -3.91259 -0.831646 0
    endloop
  endfacet
  facet normal 0 0 -1
    outer loop
      vertex -1.80701 0.587132 0
      vertex -3.80423 1.23607 0
      vertex -3.65418 1.62695 0
    endloop
  endfacet
  facet normal -0 0 -1
    outer loop
      vertex -1.88959 -0.198604 0
      vertex -3.97809 -0.418114 0
      vertex -1.9 0 0
    endloop
  endfacet
  facet normal 0 0 -1
    outer loop
      vertex -1.85848 0.395032 0
      vertex -3.91259 0.831646 0
      vertex -3.80423 1.23607 0
    endloop
  endfacet
  facet normal 0 0 -1
    outer loop
      vertex -4 0 0
      vertex -1.9 0 0
      vertex -3.97809 -0.418114 0
    endloop
  endfacet
  facet normal 0 0 -1
    outer loop
      vertex -1.88959 0.198604 0
      vertex -3.97809 0.418114 0
      vertex -3.91259 0.831646 0
    endloop
  endfacet
  facet normal 0 0 -1
    outer loop
      vertex -1.9 0 0
      vertex -4 0 0
      vertex -3.97809 0.418114 0
    endloop
  endfacet
  facet normal -0.052344 0.998629 0
    outer loop
      vertex 0 1.9 -4.5
      vertex -0.198604 1.88959 0
      vertex 0 1.9 0
    endloop
  endfacet
  facet normal -0.052344 0.998629 0
    outer loop
      vertex -0.198604 1.88959 0
      vertex 0 1.9 -4.5
      vertex -0.198604 1.88959 -4.5
    endloop
  endfacet
  facet normal 0.998629 -0.052344 0
    outer loop
      vertex 1.88959 -0.198604 0
      vertex 1.9 0 -4.5
      vertex 1.9 0 0
    endloop
  endfacet
  facet normal 0.998629 -0.052344 0
    outer loop
      vertex 1.9 0 -4.5
      vertex 1.88959 -0.198604 0
      vertex 1.88959 -0.198604 -4.5
    endloop
  endfacet
  facet normal 0.052344 -0.998629 0
    outer loop
      vertex 0 -1.9 -4.5
      vertex 0.198604 -1.88959 0
      vertex 0 -1.9 0
    endloop
  endfacet
  facet normal 0.052344 -0.998629 0
    outer loop
      vertex 0.198604 -1.88959 0
      vertex 0 -1.9 -4.5
      vertex 0.198604 -1.88959 -4.5
    endloop
  endfacet
  facet normal 0.453997 -0.891003 0
    outer loop
      vertex 0.772799 -1.73574 -4.5
      vertex 0.95 -1.64545 0
      vertex 0.772799 -1.73574 0
    endloop
  endfacet
  facet normal 0.453997 -0.891003 0
    outer loop
      vertex 0.95 -1.64545 0
      vertex 0.772799 -1.73574 -4.5
      vertex 0.95 -1.64545 -4.5
    endloop
  endfacet
  facet normal 0.62932 -0.777147 0
    outer loop
      vertex 1.11679 -1.53713 -4.5
      vertex 1.27135 -1.41197 0
      vertex 1.11679 -1.53713 0
    endloop
  endfacet
  facet normal 0.62932 -0.777147 0
    outer loop
      vertex 1.27135 -1.41197 0
      vertex 1.11679 -1.53713 -4.5
      vertex 1.27135 -1.41197 -4.5
    endloop
  endfacet
  facet normal 0.544658 -0.838658 0
    outer loop
      vertex 0.95 -1.64545 -4.5
      vertex 1.11679 -1.53713 0
      vertex 0.95 -1.64545 0
    endloop
  endfacet
  facet normal 0.544658 -0.838658 0
    outer loop
      vertex 1.11679 -1.53713 0
      vertex 0.95 -1.64545 -4.5
      vertex 1.11679 -1.53713 -4.5
    endloop
  endfacet
  facet normal 0.777147 -0.62932 0
    outer loop
      vertex 1.41197 -1.27135 0
      vertex 1.53713 -1.11679 -4.5
      vertex 1.53713 -1.11679 0
    endloop
  endfacet
  facet normal 0.777147 -0.62932 0
    outer loop
      vertex 1.53713 -1.11679 -4.5
      vertex 1.41197 -1.27135 0
      vertex 1.41197 -1.27135 -4.5
    endloop
  endfacet
  facet normal 0.838658 -0.544658 0
    outer loop
      vertex 1.53713 -1.11679 0
      vertex 1.64545 -0.95 -4.5
      vertex 1.64545 -0.95 0
    endloop
  endfacet
  facet normal 0.838658 -0.544658 0
    outer loop
      vertex 1.64545 -0.95 -4.5
      vertex 1.53713 -1.11679 0
      vertex 1.53713 -1.11679 -4.5
    endloop
  endfacet
  facet normal -0.707107 -0.707107 0
    outer loop
      vertex -1.27135 -1.41197 -4.5
      vertex -1.41197 -1.27135 0
      vertex -1.41197 -1.27135 -4.5
    endloop
  endfacet
  facet normal -0.707107 -0.707107 0
    outer loop
      vertex -1.41197 -1.27135 0
      vertex -1.27135 -1.41197 -4.5
      vertex -1.27135 -1.41197 0
    endloop
  endfacet
  facet normal -0.62932 -0.777147 0
    outer loop
      vertex -1.27135 -1.41197 -4.5
      vertex -1.11679 -1.53713 0
      vertex -1.27135 -1.41197 0
    endloop
  endfacet
  facet normal -0.62932 -0.777147 -0
    outer loop
      vertex -1.11679 -1.53713 0
      vertex -1.27135 -1.41197 -4.5
      vertex -1.11679 -1.53713 -4.5
    endloop
  endfacet
  facet normal -0.544658 -0.838658 0
    outer loop
      vertex -1.11679 -1.53713 -4.5
      vertex -0.95 -1.64545 0
      vertex -1.11679 -1.53713 0
    endloop
  endfacet
  facet normal -0.544658 -0.838658 -0
    outer loop
      vertex -0.95 -1.64545 0
      vertex -1.11679 -1.53713 -4.5
      vertex -0.95 -1.64545 -4.5
    endloop
  endfacet
  facet normal -0.156429 -0.987689 0
    outer loop
      vertex -0.395032 -1.85848 -4.5
      vertex -0.198604 -1.88959 0
      vertex -0.395032 -1.85848 0
    endloop
  endfacet
  facet normal -0.156429 -0.987689 -0
    outer loop
      vertex -0.198604 -1.88959 0
      vertex -0.395032 -1.85848 -4.5
      vertex -0.198604 -1.88959 -4.5
    endloop
  endfacet
  facet normal -0.891003 -0.453997 0
    outer loop
      vertex -1.64545 -0.95 -4.5
      vertex -1.73574 -0.772799 0
      vertex -1.73574 -0.772799 -4.5
    endloop
  endfacet
  facet normal -0.891003 -0.453997 0
    outer loop
      vertex -1.73574 -0.772799 0
      vertex -1.64545 -0.95 -4.5
      vertex -1.64545 -0.95 0
    endloop
  endfacet
  facet normal -0.998629 -0.052344 0
    outer loop
      vertex -1.88959 -0.198604 -4.5
      vertex -1.9 0 0
      vertex -1.9 0 -4.5
    endloop
  endfacet
  facet normal -0.998629 -0.052344 0
    outer loop
      vertex -1.9 0 0
      vertex -1.88959 -0.198604 -4.5
      vertex -1.88959 -0.198604 0
    endloop
  endfacet
  facet normal 0.777147 0.62932 0
    outer loop
      vertex 1.53713 1.11679 0
      vertex 1.41197 1.27135 -4.5
      vertex 1.41197 1.27135 0
    endloop
  endfacet
  facet normal 0.777147 0.62932 0
    outer loop
      vertex 1.41197 1.27135 -4.5
      vertex 1.53713 1.11679 0
      vertex 1.53713 1.11679 -4.5
    endloop
  endfacet
  facet normal 0.358364 0.933582 -0
    outer loop
      vertex 0.772799 1.73574 -4.5
      vertex 0.587132 1.80701 0
      vertex 0.772799 1.73574 0
    endloop
  endfacet
  facet normal 0.358364 0.933582 0
    outer loop
      vertex 0.587132 1.80701 0
      vertex 0.772799 1.73574 -4.5
      vertex 0.587132 1.80701 -4.5
    endloop
  endfacet
  facet normal 0.544658 0.838658 -0
    outer loop
      vertex 1.11679 1.53713 -4.5
      vertex 0.95 1.64545 0
      vertex 1.11679 1.53713 0
    endloop
  endfacet
  facet normal 0.544658 0.838658 0
    outer loop
      vertex 0.95 1.64545 0
      vertex 1.11679 1.53713 -4.5
      vertex 0.95 1.64545 -4.5
    endloop
  endfacet
  facet normal -0.707107 0.707107 0
    outer loop
      vertex -1.41197 1.27135 -4.5
      vertex -1.27135 1.41197 0
      vertex -1.27135 1.41197 -4.5
    endloop
  endfacet
  facet normal -0.707107 0.707107 0
    outer loop
      vertex -1.27135 1.41197 0
      vertex -1.41197 1.27135 -4.5
      vertex -1.41197 1.27135 0
    endloop
  endfacet
  facet normal -0.933582 0.358364 0
    outer loop
      vertex -1.80701 0.587132 -4.5
      vertex -1.73574 0.772799 0
      vertex -1.73574 0.772799 -4.5
    endloop
  endfacet
  facet normal -0.933582 0.358364 0
    outer loop
      vertex -1.73574 0.772799 0
      vertex -1.80701 0.587132 -4.5
      vertex -1.80701 0.587132 0
    endloop
  endfacet
  facet normal -0.453997 0.891003 0
    outer loop
      vertex -0.772799 1.73574 -4.5
      vertex -0.95 1.64545 0
      vertex -0.772799 1.73574 0
    endloop
  endfacet
  facet normal -0.453997 0.891003 0
    outer loop
      vertex -0.95 1.64545 0
      vertex -0.772799 1.73574 -4.5
      vertex -0.95 1.64545 -4.5
    endloop
  endfacet
  facet normal -0.258805 0.96593 0
    outer loop
      vertex -0.395032 1.85848 -4.5
      vertex -0.587132 1.80701 0
      vertex -0.395032 1.85848 0
    endloop
  endfacet
  facet normal -0.258805 0.96593 0
    outer loop
      vertex -0.587132 1.80701 0
      vertex -0.395032 1.85848 -4.5
      vertex -0.587132 1.80701 -4.5
    endloop
  endfacet
  facet normal 0.156429 -0.987689 0
    outer loop
      vertex 0.198604 -1.88959 -4.5
      vertex 0.395032 -1.85848 0
      vertex 0.198604 -1.88959 0
    endloop
  endfacet
  facet normal 0.156429 -0.987689 0
    outer loop
      vertex 0.395032 -1.85848 0
      vertex 0.198604 -1.88959 -4.5
      vertex 0.395032 -1.85848 -4.5
    endloop
  endfacet
  facet normal 0.358364 -0.933582 0
    outer loop
      vertex 0.587132 -1.80701 -4.5
      vertex 0.772799 -1.73574 0
      vertex 0.587132 -1.80701 0
    endloop
  endfacet
  facet normal 0.358364 -0.933582 0
    outer loop
      vertex 0.772799 -1.73574 0
      vertex 0.587132 -1.80701 -4.5
      vertex 0.772799 -1.73574 -4.5
    endloop
  endfacet
  facet normal 0.933582 -0.358364 0
    outer loop
      vertex 1.73574 -0.772799 0
      vertex 1.80701 -0.587132 -4.5
      vertex 1.80701 -0.587132 0
    endloop
  endfacet
  facet normal 0.933582 -0.358364 0
    outer loop
      vertex 1.80701 -0.587132 -4.5
      vertex 1.73574 -0.772799 0
      vertex 1.73574 -0.772799 -4.5
    endloop
  endfacet
  facet normal 0.987689 -0.156429 0
    outer loop
      vertex 1.85848 -0.395032 0
      vertex 1.88959 -0.198604 -4.5
      vertex 1.88959 -0.198604 0
    endloop
  endfacet
  facet normal 0.987689 -0.156429 0
    outer loop
      vertex 1.88959 -0.198604 -4.5
      vertex 1.85848 -0.395032 0
      vertex 1.85848 -0.395032 -4.5
    endloop
  endfacet
  facet normal -0.453997 -0.891003 0
    outer loop
      vertex -0.95 -1.64545 -4.5
      vertex -0.772799 -1.73574 0
      vertex -0.95 -1.64545 0
    endloop
  endfacet
  facet normal -0.453997 -0.891003 -0
    outer loop
      vertex -0.772799 -1.73574 0
      vertex -0.95 -1.64545 -4.5
      vertex -0.772799 -1.73574 -4.5
    endloop
  endfacet
  facet normal -0.258805 -0.96593 0
    outer loop
      vertex -0.587132 -1.80701 -4.5
      vertex -0.395032 -1.85848 0
      vertex -0.587132 -1.80701 0
    endloop
  endfacet
  facet normal -0.258805 -0.96593 -0
    outer loop
      vertex -0.395032 -1.85848 0
      vertex -0.587132 -1.80701 -4.5
      vertex -0.395032 -1.85848 -4.5
    endloop
  endfacet
  facet normal -0.838658 -0.544658 0
    outer loop
      vertex -1.53713 -1.11679 -4.5
      vertex -1.64545 -0.95 0
      vertex -1.64545 -0.95 -4.5
    endloop
  endfacet
  facet normal -0.838658 -0.544658 0
    outer loop
      vertex -1.64545 -0.95 0
      vertex -1.53713 -1.11679 -4.5
      vertex -1.53713 -1.11679 0
    endloop
  endfacet
  facet normal -0.933582 -0.358364 0
    outer loop
      vertex -1.73574 -0.772799 -4.5
      vertex -1.80701 -0.587132 0
      vertex -1.80701 -0.587132 -4.5
    endloop
  endfacet
  facet normal -0.933582 -0.358364 0
    outer loop
      vertex -1.80701 -0.587132 0
      vertex -1.73574 -0.772799 -4.5
      vertex -1.73574 -0.772799 0
    endloop
  endfacet
  facet normal -0.987689 -0.156429 0
    outer loop
      vertex -1.85848 -0.395032 -4.5
      vertex -1.88959 -0.198604 0
      vertex -1.88959 -0.198604 -4.5
    endloop
  endfacet
  facet normal -0.987689 -0.156429 0
    outer loop
      vertex -1.88959 -0.198604 0
      vertex -1.85848 -0.395032 -4.5
      vertex -1.85848 -0.395032 0
    endloop
  endfacet
  facet normal 0.99863 0.0523302 0
    outer loop
      vertex 4 0 1.5
      vertex 3.97809 0.418114 0
      vertex 3.97809 0.418114 1.5
    endloop
  endfacet
  facet normal 0.99863 0.0523302 0
    outer loop
      vertex 3.97809 0.418114 0
      vertex 4 0 1.5
      vertex 4 0 0
    endloop
  endfacet
  facet normal -0.99863 0.0523302 0
    outer loop
      vertex -4 0 0
      vertex -3.97809 0.418114 1.5
      vertex -3.97809 0.418114 0
    endloop
  endfacet
  facet normal -0.99863 0.0523302 0
    outer loop
      vertex -3.97809 0.418114 1.5
      vertex -4 0 0
      vertex -4 0 1.5
    endloop
  endfacet
  facet normal 0.0523302 0.99863 -0
    outer loop
      vertex 0.418114 3.97809 0
      vertex 0 4 1.5
      vertex 0.418114 3.97809 1.5
    endloop
  endfacet
  facet normal 0.0523302 0.99863 0
    outer loop
      vertex 0 4 1.5
      vertex 0.418114 3.97809 0
      vertex 0 4 0
    endloop
  endfacet
  facet normal -0.0523302 -0.99863 0
    outer loop
      vertex -0.418114 -3.97809 0
      vertex 0 -4 1.5
      vertex -0.418114 -3.97809 1.5
    endloop
  endfacet
  facet normal -0.0523302 -0.99863 -0
    outer loop
      vertex 0 -4 1.5
      vertex -0.418114 -3.97809 0
      vertex 0 -4 0
    endloop
  endfacet
  facet normal -0.777143 -0.629324 0
    outer loop
      vertex -2.97258 -2.67652 0
      vertex -3.23607 -2.35114 1.5
      vertex -3.23607 -2.35114 0
    endloop
  endfacet
  facet normal -0.777143 -0.629324 0
    outer loop
      vertex -3.23607 -2.35114 1.5
      vertex -2.97258 -2.67652 0
      vertex -2.97258 -2.67652 1.5
    endloop
  endfacet
  facet normal 0.707107 0.707107 0
    outer loop
      vertex 2.97258 2.67652 1.5
      vertex 2.67652 2.97258 0
      vertex 2.67652 2.97258 1.5
    endloop
  endfacet
  facet normal 0.707107 0.707107 0
    outer loop
      vertex 2.67652 2.97258 0
      vertex 2.97258 2.67652 1.5
      vertex 2.97258 2.67652 0
    endloop
  endfacet
  facet normal -0.629324 0.777143 0
    outer loop
      vertex -2.35114 3.23607 0
      vertex -2.67652 2.97258 1.5
      vertex -2.35114 3.23607 1.5
    endloop
  endfacet
  facet normal -0.629324 0.777143 0
    outer loop
      vertex -2.67652 2.97258 1.5
      vertex -2.35114 3.23607 0
      vertex -2.67652 2.97258 0
    endloop
  endfacet
  facet normal -0.258808 0.965929 0
    outer loop
      vertex -0.831646 3.91259 0
      vertex -1.23607 3.80423 1.5
      vertex -0.831646 3.91259 1.5
    endloop
  endfacet
  facet normal -0.258808 0.965929 0
    outer loop
      vertex -1.23607 3.80423 1.5
      vertex -0.831646 3.91259 0
      vertex -1.23607 3.80423 0
    endloop
  endfacet
  facet normal 0.933576 0.358379 0
    outer loop
      vertex 3.80423 1.23607 1.5
      vertex 3.65418 1.62695 0
      vertex 3.65418 1.62695 1.5
    endloop
  endfacet
  facet normal 0.933576 0.358379 0
    outer loop
      vertex 3.65418 1.62695 0
      vertex 3.80423 1.23607 1.5
      vertex 3.80423 1.23607 0
    endloop
  endfacet
  facet normal 0.358379 0.933576 -0
    outer loop
      vertex 1.62695 3.65418 0
      vertex 1.23607 3.80423 1.5
      vertex 1.62695 3.65418 1.5
    endloop
  endfacet
  facet normal 0.358379 0.933576 0
    outer loop
      vertex 1.23607 3.80423 1.5
      vertex 1.62695 3.65418 0
      vertex 1.23607 3.80423 0
    endloop
  endfacet
  facet normal 0.544634 0.838674 -0
    outer loop
      vertex 2.35114 3.23607 0
      vertex 2 3.4641 1.5
      vertex 2.35114 3.23607 1.5
    endloop
  endfacet
  facet normal 0.544634 0.838674 0
    outer loop
      vertex 2 3.4641 1.5
      vertex 2.35114 3.23607 0
      vertex 2 3.4641 0
    endloop
  endfacet
  facet normal -0.891005 0.453993 0
    outer loop
      vertex -3.65418 1.62695 0
      vertex -3.4641 2 1.5
      vertex -3.4641 2 0
    endloop
  endfacet
  facet normal -0.891005 0.453993 0
    outer loop
      vertex -3.4641 2 1.5
      vertex -3.65418 1.62695 0
      vertex -3.65418 1.62695 1.5
    endloop
  endfacet
  facet normal -0.0523302 0.99863 0
    outer loop
      vertex 0 4 0
      vertex -0.418114 3.97809 1.5
      vertex 0 4 1.5
    endloop
  endfacet
  facet normal -0.0523302 0.99863 0
    outer loop
      vertex -0.418114 3.97809 1.5
      vertex 0 4 0
      vertex -0.418114 3.97809 0
    endloop
  endfacet
  facet normal -0.99863 -0.0523302 0
    outer loop
      vertex -3.97809 -0.418114 0
      vertex -4 0 1.5
      vertex -4 0 0
    endloop
  endfacet
  facet normal -0.99863 -0.0523302 0
    outer loop
      vertex -4 0 1.5
      vertex -3.97809 -0.418114 0
      vertex -3.97809 -0.418114 1.5
    endloop
  endfacet
  facet normal 0.965929 0.258808 0
    outer loop
      vertex 3.91259 0.831646 1.5
      vertex 3.80423 1.23607 0
      vertex 3.80423 1.23607 1.5
    endloop
  endfacet
  facet normal 0.965929 0.258808 0
    outer loop
      vertex 3.80423 1.23607 0
      vertex 3.91259 0.831646 1.5
      vertex 3.91259 0.831646 0
    endloop
  endfacet
  facet normal 0.987687 0.156441 0
    outer loop
      vertex 3.97809 0.418114 1.5
      vertex 3.91259 0.831646 0
      vertex 3.91259 0.831646 1.5
    endloop
  endfacet
  facet normal 0.987687 0.156441 0
    outer loop
      vertex 3.91259 0.831646 0
      vertex 3.97809 0.418114 1.5
      vertex 3.97809 0.418114 0
    endloop
  endfacet
  facet normal 0.838674 0.544634 0
    outer loop
      vertex 3.4641 2 1.5
      vertex 3.23607 2.35114 0
      vertex 3.23607 2.35114 1.5
    endloop
  endfacet
  facet normal 0.838674 0.544634 0
    outer loop
      vertex 3.23607 2.35114 0
      vertex 3.4641 2 1.5
      vertex 3.4641 2 0
    endloop
  endfacet
  facet normal 0.777143 0.629324 0
    outer loop
      vertex 3.23607 2.35114 1.5
      vertex 2.97258 2.67652 0
      vertex 2.97258 2.67652 1.5
    endloop
  endfacet
  facet normal 0.777143 0.629324 0
    outer loop
      vertex 2.97258 2.67652 0
      vertex 3.23607 2.35114 1.5
      vertex 3.23607 2.35114 0
    endloop
  endfacet
  facet normal 0.891005 0.453993 0
    outer loop
      vertex 3.65418 1.62695 1.5
      vertex 3.4641 2 0
      vertex 3.4641 2 1.5
    endloop
  endfacet
  facet normal 0.891005 0.453993 0
    outer loop
      vertex 3.4641 2 0
      vertex 3.65418 1.62695 1.5
      vertex 3.65418 1.62695 0
    endloop
  endfacet
  facet normal 0.258808 0.965929 -0
    outer loop
      vertex 1.23607 3.80423 0
      vertex 0.831646 3.91259 1.5
      vertex 1.23607 3.80423 1.5
    endloop
  endfacet
  facet normal 0.258808 0.965929 0
    outer loop
      vertex 0.831646 3.91259 1.5
      vertex 1.23607 3.80423 0
      vertex 0.831646 3.91259 0
    endloop
  endfacet
  facet normal 0.156441 0.987687 -0
    outer loop
      vertex 0.831646 3.91259 0
      vertex 0.418114 3.97809 1.5
      vertex 0.831646 3.91259 1.5
    endloop
  endfacet
  facet normal 0.156441 0.987687 0
    outer loop
      vertex 0.418114 3.97809 1.5
      vertex 0.831646 3.91259 0
      vertex 0.418114 3.97809 0
    endloop
  endfacet
  facet normal 0.453993 0.891005 -0
    outer loop
      vertex 2 3.4641 0
      vertex 1.62695 3.65418 1.5
      vertex 2 3.4641 1.5
    endloop
  endfacet
  facet normal 0.453993 0.891005 0
    outer loop
      vertex 1.62695 3.65418 1.5
      vertex 2 3.4641 0
      vertex 1.62695 3.65418 0
    endloop
  endfacet
  facet normal 0.629324 0.777143 -0
    outer loop
      vertex 2.67652 2.97258 0
      vertex 2.35114 3.23607 1.5
      vertex 2.67652 2.97258 1.5
    endloop
  endfacet
  facet normal 0.629324 0.777143 0
    outer loop
      vertex 2.35114 3.23607 1.5
      vertex 2.67652 2.97258 0
      vertex 2.35114 3.23607 0
    endloop
  endfacet
  facet normal -0.965929 0.258808 0
    outer loop
      vertex -3.91259 0.831646 0
      vertex -3.80423 1.23607 1.5
      vertex -3.80423 1.23607 0
    endloop
  endfacet
  facet normal -0.965929 0.258808 0
    outer loop
      vertex -3.80423 1.23607 1.5
      vertex -3.91259 0.831646 0
      vertex -3.91259 0.831646 1.5
    endloop
  endfacet
  facet normal -0.777143 0.629324 0
    outer loop
      vertex -3.23607 2.35114 0
      vertex -2.97258 2.67652 1.5
      vertex -2.97258 2.67652 0
    endloop
  endfacet
  facet normal -0.777143 0.629324 0
    outer loop
      vertex -2.97258 2.67652 1.5
      vertex -3.23607 2.35114 0
      vertex -3.23607 2.35114 1.5
    endloop
  endfacet
  facet normal -0.707107 0.707107 0
    outer loop
      vertex -2.97258 2.67652 0
      vertex -2.67652 2.97258 1.5
      vertex -2.67652 2.97258 0
    endloop
  endfacet
  facet normal -0.707107 0.707107 0
    outer loop
      vertex -2.67652 2.97258 1.5
      vertex -2.97258 2.67652 0
      vertex -2.97258 2.67652 1.5
    endloop
  endfacet
  facet normal -0.838674 0.544634 0
    outer loop
      vertex -3.4641 2 0
      vertex -3.23607 2.35114 1.5
      vertex -3.23607 2.35114 0
    endloop
  endfacet
  facet normal -0.838674 0.544634 0
    outer loop
      vertex -3.23607 2.35114 1.5
      vertex -3.4641 2 0
      vertex -3.4641 2 1.5
    endloop
  endfacet
  facet normal -0.933576 0.358379 0
    outer loop
      vertex -3.80423 1.23607 0
      vertex -3.65418 1.62695 1.5
      vertex -3.65418 1.62695 0
    endloop
  endfacet
  facet normal -0.933576 0.358379 0
    outer loop
      vertex -3.65418 1.62695 1.5
      vertex -3.80423 1.23607 0
      vertex -3.80423 1.23607 1.5
    endloop
  endfacet
  facet normal -0.987687 0.156441 0
    outer loop
      vertex -3.97809 0.418114 0
      vertex -3.91259 0.831646 1.5
      vertex -3.91259 0.831646 0
    endloop
  endfacet
  facet normal -0.987687 0.156441 0
    outer loop
      vertex -3.91259 0.831646 1.5
      vertex -3.97809 0.418114 0
      vertex -3.97809 0.418114 1.5
    endloop
  endfacet
  facet normal 0 0 1
    outer loop
      vertex 3.75 0 1.5
      vertex 4 0 1.5
      vertex 3.97809 0.418114 1.5
    endloop
  endfacet
  facet normal 0 0 1
    outer loop
      vertex 3.72946 0.391981 1.5
      vertex 3.97809 0.418114 1.5
      vertex 3.91259 0.831646 1.5
    endloop
  endfacet
  facet normal 0 0 1
    outer loop
      vertex 4 0 1.5
      vertex 3.75 0 1.5
      vertex 3.97809 -0.418114 1.5
    endloop
  endfacet
  facet normal 0 0 1
    outer loop
      vertex 3.66805 0.779669 1.5
      vertex 3.91259 0.831646 1.5
      vertex 3.80423 1.23607 1.5
    endloop
  endfacet
  facet normal -0 0 1
    outer loop
      vertex 3.72946 -0.391981 1.5
      vertex 3.97809 -0.418114 1.5
      vertex 3.75 0 1.5
    endloop
  endfacet
  facet normal 0 0 1
    outer loop
      vertex 3.97809 -0.418114 1.5
      vertex 3.72946 -0.391981 1.5
      vertex 3.91259 -0.831646 1.5
    endloop
  endfacet
  facet normal 0 0 1
    outer loop
      vertex 3.97809 0.418114 1.5
      vertex 3.72946 0.391981 1.5
      vertex 3.75 0 1.5
    endloop
  endfacet
  facet normal 0 0 1
    outer loop
      vertex 3.91259 0.831646 1.5
      vertex 3.66805 0.779669 1.5
      vertex 3.72946 0.391981 1.5
    endloop
  endfacet
  facet normal 0 0 1
    outer loop
      vertex 3.56646 1.15881 1.5
      vertex 3.80423 1.23607 1.5
      vertex 3.65418 1.62695 1.5
    endloop
  endfacet
  facet normal 0 0 1
    outer loop
      vertex 3.80423 1.23607 1.5
      vertex 3.56646 1.15881 1.5
      vertex 3.66805 0.779669 1.5
    endloop
  endfacet
  facet normal 0 0 1
    outer loop
      vertex 3.42579 1.52526 1.5
      vertex 3.65418 1.62695 1.5
      vertex 3.4641 2 1.5
    endloop
  endfacet
  facet normal 0 0 1
    outer loop
      vertex 3.65418 1.62695 1.5
      vertex 3.42579 1.52526 1.5
      vertex 3.56646 1.15881 1.5
    endloop
  endfacet
  facet normal 0 0 1
    outer loop
      vertex 3.4641 2 1.5
      vertex 3.24759 1.875 1.5
      vertex 3.42579 1.52526 1.5
    endloop
  endfacet
  facet normal 0 0 1
    outer loop
      vertex 3.23607 2.35114 1.5
      vertex 3.24759 1.875 1.5
      vertex 3.4641 2 1.5
    endloop
  endfacet
  facet normal 0 0 1
    outer loop
      vertex 3.23607 2.35114 1.5
      vertex 3.03381 2.20419 1.5
      vertex 3.24759 1.875 1.5
    endloop
  endfacet
  facet normal 0 0 1
    outer loop
      vertex 2.97258 2.67652 1.5
      vertex 3.03381 2.20419 1.5
      vertex 3.23607 2.35114 1.5
    endloop
  endfacet
  facet normal 0 0 1
    outer loop
      vertex 2.97258 2.67652 1.5
      vertex 2.78679 2.50924 1.5
      vertex 3.03381 2.20419 1.5
    endloop
  endfacet
  facet normal 0 0 1
    outer loop
      vertex 2.67652 2.97258 1.5
      vertex 2.78679 2.50924 1.5
      vertex 2.97258 2.67652 1.5
    endloop
  endfacet
  facet normal 0 0 1
    outer loop
      vertex 2.67652 2.97258 1.5
      vertex 2.50924 2.78679 1.5
      vertex 2.78679 2.50924 1.5
    endloop
  endfacet
  facet normal 0 0 1
    outer loop
      vertex 2.35114 3.23607 1.5
      vertex 2.50924 2.78679 1.5
      vertex 2.67652 2.97258 1.5
    endloop
  endfacet
  facet normal 0 0 1
    outer loop
      vertex 2.35114 3.23607 1.5
      vertex 2.20419 3.03381 1.5
      vertex 2.50924 2.78679 1.5
    endloop
  endfacet
  facet normal 0 0 1
    outer loop
      vertex 2 3.4641 1.5
      vertex 2.20419 3.03381 1.5
      vertex 2.35114 3.23607 1.5
    endloop
  endfacet
  facet normal 0 0 1
    outer loop
      vertex 2 3.4641 1.5
      vertex 1.875 3.24759 1.5
      vertex 2.20419 3.03381 1.5
    endloop
  endfacet
  facet normal 0 0 1
    outer loop
      vertex 1.62695 3.65418 1.5
      vertex 1.875 3.24759 1.5
      vertex 2 3.4641 1.5
    endloop
  endfacet
  facet normal 0 0 1
    outer loop
      vertex 1.62695 3.65418 1.5
      vertex 1.52526 3.42579 1.5
      vertex 1.875 3.24759 1.5
    endloop
  endfacet
  facet normal 0 0 1
    outer loop
      vertex 1.23607 3.80423 1.5
      vertex 1.52526 3.42579 1.5
      vertex 1.62695 3.65418 1.5
    endloop
  endfacet
  facet normal 0 0 1
    outer loop
      vertex 1.23607 3.80423 1.5
      vertex 1.15881 3.56646 1.5
      vertex 1.52526 3.42579 1.5
    endloop
  endfacet
  facet normal 0 0 1
    outer loop
      vertex 0.831646 3.91259 1.5
      vertex 1.15881 3.56646 1.5
      vertex 1.23607 3.80423 1.5
    endloop
  endfacet
  facet normal 0 0 1
    outer loop
      vertex 0.831646 3.91259 1.5
      vertex 0.779669 3.66805 1.5
      vertex 1.15881 3.56646 1.5
    endloop
  endfacet
  facet normal 0 0 1
    outer loop
      vertex 0.418114 3.97809 1.5
      vertex 0.779669 3.66805 1.5
      vertex 0.831646 3.91259 1.5
    endloop
  endfacet
  facet normal 0 0 1
    outer loop
      vertex 0.418114 3.97809 1.5
      vertex 0.391981 3.72946 1.5
      vertex 0.779669 3.66805 1.5
    endloop
  endfacet
  facet normal 0 0 1
    outer loop
      vertex 0 4 1.5
      vertex 0.391981 3.72946 1.5
      vertex 0.418114 3.97809 1.5
    endloop
  endfacet
  facet normal 0 0 1
    outer loop
      vertex 0 4 1.5
      vertex 0 3.75 1.5
      vertex 0.391981 3.72946 1.5
    endloop
  endfacet
  facet normal 0 0 1
    outer loop
      vertex 0 4 1.5
      vertex -0.391981 3.72946 1.5
      vertex 0 3.75 1.5
    endloop
  endfacet
  facet normal -0 0 1
    outer loop
      vertex -0.418114 3.97809 1.5
      vertex -0.391981 3.72946 1.5
      vertex 0 4 1.5
    endloop
  endfacet
  facet normal 0 0 1
    outer loop
      vertex -0.418114 3.97809 1.5
      vertex -0.779669 3.66805 1.5
      vertex -0.391981 3.72946 1.5
    endloop
  endfacet
  facet normal -0 0 1
    outer loop
      vertex -0.831646 3.91259 1.5
      vertex -0.779669 3.66805 1.5
      vertex -0.418114 3.97809 1.5
    endloop
  endfacet
  facet normal 0 0 1
    outer loop
      vertex -0.831646 3.91259 1.5
      vertex -1.15881 3.56646 1.5
      vertex -0.779669 3.66805 1.5
    endloop
  endfacet
  facet normal -0 0 1
    outer loop
      vertex -1.23607 3.80423 1.5
      vertex -1.15881 3.56646 1.5
      vertex -0.831646 3.91259 1.5
    endloop
  endfacet
  facet normal 0 0 1
    outer loop
      vertex -1.23607 3.80423 1.5
      vertex -1.52526 3.42579 1.5
      vertex -1.15881 3.56646 1.5
    endloop
  endfacet
  facet normal -0 0 1
    outer loop
      vertex -1.62695 3.65418 1.5
      vertex -1.52526 3.42579 1.5
      vertex -1.23607 3.80423 1.5
    endloop
  endfacet
  facet normal 0 0 1
    outer loop
      vertex -1.62695 3.65418 1.5
      vertex -1.875 3.24759 1.5
      vertex -1.52526 3.42579 1.5
    endloop
  endfacet
  facet normal -0 0 1
    outer loop
      vertex -2 3.4641 1.5
      vertex -1.875 3.24759 1.5
      vertex -1.62695 3.65418 1.5
    endloop
  endfacet
  facet normal 0 0 1
    outer loop
      vertex -2 3.4641 1.5
      vertex -2.20419 3.03381 1.5
      vertex -1.875 3.24759 1.5
    endloop
  endfacet
  facet normal -0 0 1
    outer loop
      vertex -2.35114 3.23607 1.5
      vertex -2.20419 3.03381 1.5
      vertex -2 3.4641 1.5
    endloop
  endfacet
  facet normal 0 0 1
    outer loop
      vertex -2.35114 3.23607 1.5
      vertex -2.50924 2.78679 1.5
      vertex -2.20419 3.03381 1.5
    endloop
  endfacet
  facet normal -0 0 1
    outer loop
      vertex -2.67652 2.97258 1.5
      vertex -2.50924 2.78679 1.5
      vertex -2.35114 3.23607 1.5
    endloop
  endfacet
  facet normal 0 0 1
    outer loop
      vertex -2.67652 2.97258 1.5
      vertex -2.78679 2.50924 1.5
      vertex -2.50924 2.78679 1.5
    endloop
  endfacet
  facet normal -0 0 1
    outer loop
      vertex -2.97258 2.67652 1.5
      vertex -2.78679 2.50924 1.5
      vertex -2.67652 2.97258 1.5
    endloop
  endfacet
  facet normal 0 0 1
    outer loop
      vertex -2.97258 2.67652 1.5
      vertex -3.03381 2.20419 1.5
      vertex -2.78679 2.50924 1.5
    endloop
  endfacet
  facet normal -0 0 1
    outer loop
      vertex -3.23607 2.35114 1.5
      vertex -3.03381 2.20419 1.5
      vertex -2.97258 2.67652 1.5
    endloop
  endfacet
  facet normal 0 0 1
    outer loop
      vertex -3.23607 2.35114 1.5
      vertex -3.24759 1.875 1.5
      vertex -3.03381 2.20419 1.5
    endloop
  endfacet
  facet normal -0 0 1
    outer loop
      vertex -3.4641 2 1.5
      vertex -3.24759 1.875 1.5
      vertex -3.23607 2.35114 1.5
    endloop
  endfacet
  facet normal 0 0 1
    outer loop
      vertex -3.24759 1.875 1.5
      vertex -3.4641 2 1.5
      vertex -3.42579 1.52526 1.5
    endloop
  endfacet
  facet normal -0 0 1
    outer loop
      vertex -3.65418 1.62695 1.5
      vertex -3.42579 1.52526 1.5
      vertex -3.4641 2 1.5
    endloop
  endfacet
  facet normal 0 0 1
    outer loop
      vertex -3.42579 1.52526 1.5
      vertex -3.65418 1.62695 1.5
      vertex -3.56646 1.15881 1.5
    endloop
  endfacet
  facet normal -0 0 1
    outer loop
      vertex -3.80423 1.23607 1.5
      vertex -3.56646 1.15881 1.5
      vertex -3.65418 1.62695 1.5
    endloop
  endfacet
  facet normal 0 0 1
    outer loop
      vertex -3.56646 1.15881 1.5
      vertex -3.80423 1.23607 1.5
      vertex -3.66805 0.779669 1.5
    endloop
  endfacet
  facet normal 0 0 1
    outer loop
      vertex -3.66805 0.779669 1.5
      vertex -3.91259 0.831646 1.5
      vertex -3.72946 0.391981 1.5
    endloop
  endfacet
  facet normal -0 0 1
    outer loop
      vertex -3.91259 0.831646 1.5
      vertex -3.66805 0.779669 1.5
      vertex -3.80423 1.23607 1.5
    endloop
  endfacet
  facet normal -0 0 1
    outer loop
      vertex 3.66805 -0.779669 1.5
      vertex 3.91259 -0.831646 1.5
      vertex 3.72946 -0.391981 1.5
    endloop
  endfacet
  facet normal 0 0 1
    outer loop
      vertex 3.91259 -0.831646 1.5
      vertex 3.66805 -0.779669 1.5
      vertex 3.80423 -1.23607 1.5
    endloop
  endfacet
  facet normal -0 0 1
    outer loop
      vertex 3.56646 -1.15881 1.5
      vertex 3.80423 -1.23607 1.5
      vertex 3.66805 -0.779669 1.5
    endloop
  endfacet
  facet normal 0 0 1
    outer loop
      vertex 3.80423 -1.23607 1.5
      vertex 3.56646 -1.15881 1.5
      vertex 3.65418 -1.62695 1.5
    endloop
  endfacet
  facet normal -0 0 1
    outer loop
      vertex 3.42579 -1.52526 1.5
      vertex 3.65418 -1.62695 1.5
      vertex 3.56646 -1.15881 1.5
    endloop
  endfacet
  facet normal 0 0 1
    outer loop
      vertex 3.65418 -1.62695 1.5
      vertex 3.42579 -1.52526 1.5
      vertex 3.4641 -2 1.5
    endloop
  endfacet
  facet normal -0 0 1
    outer loop
      vertex 3.24759 -1.875 1.5
      vertex 3.4641 -2 1.5
      vertex 3.42579 -1.52526 1.5
    endloop
  endfacet
  facet normal 0 0 1
    outer loop
      vertex 3.24759 -1.875 1.5
      vertex 3.23607 -2.35114 1.5
      vertex 3.4641 -2 1.5
    endloop
  endfacet
  facet normal -0 0 1
    outer loop
      vertex 3.03381 -2.20419 1.5
      vertex 3.23607 -2.35114 1.5
      vertex 3.24759 -1.875 1.5
    endloop
  endfacet
  facet normal 0 0 1
    outer loop
      vertex 3.03381 -2.20419 1.5
      vertex 2.97258 -2.67652 1.5
      vertex 3.23607 -2.35114 1.5
    endloop
  endfacet
  facet normal -0 0 1
    outer loop
      vertex 2.78679 -2.50924 1.5
      vertex 2.97258 -2.67652 1.5
      vertex 3.03381 -2.20419 1.5
    endloop
  endfacet
  facet normal 0 0 1
    outer loop
      vertex 2.78679 -2.50924 1.5
      vertex 2.67652 -2.97258 1.5
      vertex 2.97258 -2.67652 1.5
    endloop
  endfacet
  facet normal -0 0 1
    outer loop
      vertex 2.50924 -2.78679 1.5
      vertex 2.67652 -2.97258 1.5
      vertex 2.78679 -2.50924 1.5
    endloop
  endfacet
  facet normal 0 0 1
    outer loop
      vertex 2.50924 -2.78679 1.5
      vertex 2.35114 -3.23607 1.5
      vertex 2.67652 -2.97258 1.5
    endloop
  endfacet
  facet normal -0 0 1
    outer loop
      vertex 2.20419 -3.03381 1.5
      vertex 2.35114 -3.23607 1.5
      vertex 2.50924 -2.78679 1.5
    endloop
  endfacet
  facet normal 0 0 1
    outer loop
      vertex 2.20419 -3.03381 1.5
      vertex 2 -3.4641 1.5
      vertex 2.35114 -3.23607 1.5
    endloop
  endfacet
  facet normal -0 0 1
    outer loop
      vertex 1.875 -3.24759 1.5
      vertex 2 -3.4641 1.5
      vertex 2.20419 -3.03381 1.5
    endloop
  endfacet
  facet normal 0 0 1
    outer loop
      vertex 1.875 -3.24759 1.5
      vertex 1.62695 -3.65418 1.5
      vertex 2 -3.4641 1.5
    endloop
  endfacet
  facet normal -0 0 1
    outer loop
      vertex 1.52526 -3.42579 1.5
      vertex 1.62695 -3.65418 1.5
      vertex 1.875 -3.24759 1.5
    endloop
  endfacet
  facet normal 0 0 1
    outer loop
      vertex 1.52526 -3.42579 1.5
      vertex 1.23607 -3.80423 1.5
      vertex 1.62695 -3.65418 1.5
    endloop
  endfacet
  facet normal -0 0 1
    outer loop
      vertex 1.15881 -3.56646 1.5
      vertex 1.23607 -3.80423 1.5
      vertex 1.52526 -3.42579 1.5
    endloop
  endfacet
  facet normal 0 0 1
    outer loop
      vertex 1.15881 -3.56646 1.5
      vertex 0.831646 -3.91259 1.5
      vertex 1.23607 -3.80423 1.5
    endloop
  endfacet
  facet normal -0 0 1
    outer loop
      vertex 0.779669 -3.66805 1.5
      vertex 0.831646 -3.91259 1.5
      vertex 1.15881 -3.56646 1.5
    endloop
  endfacet
  facet normal 0 0 1
    outer loop
      vertex 0.779669 -3.66805 1.5
      vertex 0.418114 -3.97809 1.5
      vertex 0.831646 -3.91259 1.5
    endloop
  endfacet
  facet normal -0 0 1
    outer loop
      vertex 0.391981 -3.72946 1.5
      vertex 0.418114 -3.97809 1.5
      vertex 0.779669 -3.66805 1.5
    endloop
  endfacet
  facet normal -0 0 1
    outer loop
      vertex 0 -3.75 1.5
      vertex 0.418114 -3.97809 1.5
      vertex 0.391981 -3.72946 1.5
    endloop
  endfacet
  facet normal 0 0 1
    outer loop
      vertex 0 -3.75 1.5
      vertex 0 -4 1.5
      vertex 0.418114 -3.97809 1.5
    endloop
  endfacet
  facet normal 0 0 1
    outer loop
      vertex -0.391981 -3.72946 1.5
      vertex 0 -4 1.5
      vertex 0 -3.75 1.5
    endloop
  endfacet
  facet normal 0 0 1
    outer loop
      vertex -0.391981 -3.72946 1.5
      vertex -0.418114 -3.97809 1.5
      vertex 0 -4 1.5
    endloop
  endfacet
  facet normal 0 0 1
    outer loop
      vertex -0.779669 -3.66805 1.5
      vertex -0.418114 -3.97809 1.5
      vertex -0.391981 -3.72946 1.5
    endloop
  endfacet
  facet normal 0 0 1
    outer loop
      vertex -0.779669 -3.66805 1.5
      vertex -0.831646 -3.91259 1.5
      vertex -0.418114 -3.97809 1.5
    endloop
  endfacet
  facet normal 0 0 1
    outer loop
      vertex -1.15881 -3.56646 1.5
      vertex -0.831646 -3.91259 1.5
      vertex -0.779669 -3.66805 1.5
    endloop
  endfacet
  facet normal 0 0 1
    outer loop
      vertex -1.15881 -3.56646 1.5
      vertex -1.23607 -3.80423 1.5
      vertex -0.831646 -3.91259 1.5
    endloop
  endfacet
  facet normal 0 0 1
    outer loop
      vertex -1.52526 -3.42579 1.5
      vertex -1.23607 -3.80423 1.5
      vertex -1.15881 -3.56646 1.5
    endloop
  endfacet
  facet normal 0 0 1
    outer loop
      vertex -1.52526 -3.42579 1.5
      vertex -1.62695 -3.65418 1.5
      vertex -1.23607 -3.80423 1.5
    endloop
  endfacet
  facet normal 0 0 1
    outer loop
      vertex -1.875 -3.24759 1.5
      vertex -1.62695 -3.65418 1.5
      vertex -1.52526 -3.42579 1.5
    endloop
  endfacet
  facet normal 0 0 1
    outer loop
      vertex -1.875 -3.24759 1.5
      vertex -2 -3.4641 1.5
      vertex -1.62695 -3.65418 1.5
    endloop
  endfacet
  facet normal 0 0 1
    outer loop
      vertex -2.20419 -3.03381 1.5
      vertex -2 -3.4641 1.5
      vertex -1.875 -3.24759 1.5
    endloop
  endfacet
  facet normal 0 0 1
    outer loop
      vertex -2.20419 -3.03381 1.5
      vertex -2.35114 -3.23607 1.5
      vertex -2 -3.4641 1.5
    endloop
  endfacet
  facet normal 0 0 1
    outer loop
      vertex -2.50924 -2.78679 1.5
      vertex -2.35114 -3.23607 1.5
      vertex -2.20419 -3.03381 1.5
    endloop
  endfacet
  facet normal 0 0 1
    outer loop
      vertex -2.50924 -2.78679 1.5
      vertex -2.67652 -2.97258 1.5
      vertex -2.35114 -3.23607 1.5
    endloop
  endfacet
  facet normal 0 0 1
    outer loop
      vertex -2.78679 -2.50924 1.5
      vertex -2.67652 -2.97258 1.5
      vertex -2.50924 -2.78679 1.5
    endloop
  endfacet
  facet normal 0 0 1
    outer loop
      vertex -2.78679 -2.50924 1.5
      vertex -2.97258 -2.67652 1.5
      vertex -2.67652 -2.97258 1.5
    endloop
  endfacet
  facet normal 0 0 1
    outer loop
      vertex -3.03381 -2.20419 1.5
      vertex -2.97258 -2.67652 1.5
      vertex -2.78679 -2.50924 1.5
    endloop
  endfacet
  facet normal 0 0 1
    outer loop
      vertex -3.03381 -2.20419 1.5
      vertex -3.23607 -2.35114 1.5
      vertex -2.97258 -2.67652 1.5
    endloop
  endfacet
  facet normal 0 0 1
    outer loop
      vertex -3.24759 -1.875 1.5
      vertex -3.23607 -2.35114 1.5
      vertex -3.03381 -2.20419 1.5
    endloop
  endfacet
  facet normal 0 0 1
    outer loop
      vertex -3.4641 -2 1.5
      vertex -3.24759 -1.875 1.5
      vertex -3.42579 -1.52526 1.5
    endloop
  endfacet
  facet normal 0 0 1
    outer loop
      vertex -3.24759 -1.875 1.5
      vertex -3.4641 -2 1.5
      vertex -3.23607 -2.35114 1.5
    endloop
  endfacet
  facet normal 0 0 1
    outer loop
      vertex -3.65418 -1.62695 1.5
      vertex -3.42579 -1.52526 1.5
      vertex -3.56646 -1.15881 1.5
    endloop
  endfacet
  facet normal 0 0 1
    outer loop
      vertex -3.42579 -1.52526 1.5
      vertex -3.65418 -1.62695 1.5
      vertex -3.4641 -2 1.5
    endloop
  endfacet
  facet normal 0 0 1
    outer loop
      vertex -3.80423 -1.23607 1.5
      vertex -3.56646 -1.15881 1.5
      vertex -3.66805 -0.779669 1.5
    endloop
  endfacet
  facet normal 0 0 1
    outer loop
      vertex -3.91259 -0.831646 1.5
      vertex -3.66805 -0.779669 1.5
      vertex -3.72946 -0.391981 1.5
    endloop
  endfacet
  facet normal 0 0 1
    outer loop
      vertex -3.56646 -1.15881 1.5
      vertex -3.80423 -1.23607 1.5
      vertex -3.65418 -1.62695 1.5
    endloop
  endfacet
  facet normal 0 0 1
    outer loop
      vertex -3.97809 -0.418114 1.5
      vertex -3.72946 -0.391981 1.5
      vertex -3.75 0 1.5
    endloop
  endfacet
  facet normal -0 0 1
    outer loop
      vertex -3.97809 0.418114 1.5
      vertex -3.72946 0.391981 1.5
      vertex -3.91259 0.831646 1.5
    endloop
  endfacet
  facet normal 0 0 1
    outer loop
      vertex -3.72946 0.391981 1.5
      vertex -3.97809 0.418114 1.5
      vertex -3.75 0 1.5
    endloop
  endfacet
  facet normal 0 0 1
    outer loop
      vertex -3.66805 -0.779669 1.5
      vertex -3.91259 -0.831646 1.5
      vertex -3.80423 -1.23607 1.5
    endloop
  endfacet
  facet normal 0 0 1
    outer loop
      vertex -4 0 1.5
      vertex -3.75 0 1.5
      vertex -3.97809 0.418114 1.5
    endloop
  endfacet
  facet normal 0 0 1
    outer loop
      vertex -3.72946 -0.391981 1.5
      vertex -3.97809 -0.418114 1.5
      vertex -3.91259 -0.831646 1.5
    endloop
  endfacet
  facet normal 0 0 1
    outer loop
      vertex -3.75 0 1.5
      vertex -4 0 1.5
      vertex -3.97809 -0.418114 1.5
    endloop
  endfacet
  facet normal -0.453993 0.891005 0
    outer loop
      vertex -1.62695 3.65418 0
      vertex -2 3.4641 1.5
      vertex -1.62695 3.65418 1.5
    endloop
  endfacet
  facet normal -0.453993 0.891005 0
    outer loop
      vertex -2 3.4641 1.5
      vertex -1.62695 3.65418 0
      vertex -2 3.4641 0
    endloop
  endfacet
  facet normal -0.358379 0.933576 0
    outer loop
      vertex -1.23607 3.80423 0
      vertex -1.62695 3.65418 1.5
      vertex -1.23607 3.80423 1.5
    endloop
  endfacet
  facet normal -0.358379 0.933576 0
    outer loop
      vertex -1.62695 3.65418 1.5
      vertex -1.23607 3.80423 0
      vertex -1.62695 3.65418 0
    endloop
  endfacet
  facet normal -0.544634 0.838674 0
    outer loop
      vertex -2 3.4641 0
      vertex -2.35114 3.23607 1.5
      vertex -2 3.4641 1.5
    endloop
  endfacet
  facet normal -0.544634 0.838674 0
    outer loop
      vertex -2.35114 3.23607 1.5
      vertex -2 3.4641 0
      vertex -2.35114 3.23607 0
    endloop
  endfacet
  facet normal -0.156441 0.987687 0
    outer loop
      vertex -0.418114 3.97809 0
      vertex -0.831646 3.91259 1.5
      vertex -0.418114 3.97809 1.5
    endloop
  endfacet
  facet normal -0.156441 0.987687 0
    outer loop
      vertex -0.831646 3.91259 1.5
      vertex -0.418114 3.97809 0
      vertex -0.831646 3.91259 0
    endloop
  endfacet
  facet normal 0.0523302 -0.99863 0
    outer loop
      vertex 0 -4 0
      vertex 0.418114 -3.97809 1.5
      vertex 0 -4 1.5
    endloop
  endfacet
  facet normal 0.0523302 -0.99863 0
    outer loop
      vertex 0.418114 -3.97809 1.5
      vertex 0 -4 0
      vertex 0.418114 -3.97809 0
    endloop
  endfacet
  facet normal 0.258808 -0.965929 0
    outer loop
      vertex 0.831646 -3.91259 0
      vertex 1.23607 -3.80423 1.5
      vertex 0.831646 -3.91259 1.5
    endloop
  endfacet
  facet normal 0.258808 -0.965929 0
    outer loop
      vertex 1.23607 -3.80423 1.5
      vertex 0.831646 -3.91259 0
      vertex 1.23607 -3.80423 0
    endloop
  endfacet
  facet normal 0.629324 -0.777143 0
    outer loop
      vertex 2.35114 -3.23607 0
      vertex 2.67652 -2.97258 1.5
      vertex 2.35114 -3.23607 1.5
    endloop
  endfacet
  facet normal 0.629324 -0.777143 0
    outer loop
      vertex 2.67652 -2.97258 1.5
      vertex 2.35114 -3.23607 0
      vertex 2.67652 -2.97258 0
    endloop
  endfacet
  facet normal 0.453993 -0.891005 0
    outer loop
      vertex 1.62695 -3.65418 0
      vertex 2 -3.4641 1.5
      vertex 1.62695 -3.65418 1.5
    endloop
  endfacet
  facet normal 0.453993 -0.891005 0
    outer loop
      vertex 2 -3.4641 1.5
      vertex 1.62695 -3.65418 0
      vertex 2 -3.4641 0
    endloop
  endfacet
  facet normal 0.777143 -0.629324 0
    outer loop
      vertex 2.97258 -2.67652 1.5
      vertex 3.23607 -2.35114 0
      vertex 3.23607 -2.35114 1.5
    endloop
  endfacet
  facet normal 0.777143 -0.629324 0
    outer loop
      vertex 3.23607 -2.35114 0
      vertex 2.97258 -2.67652 1.5
      vertex 2.97258 -2.67652 0
    endloop
  endfacet
  facet normal 0.891005 -0.453993 0
    outer loop
      vertex 3.4641 -2 1.5
      vertex 3.65418 -1.62695 0
      vertex 3.65418 -1.62695 1.5
    endloop
  endfacet
  facet normal 0.891005 -0.453993 0
    outer loop
      vertex 3.65418 -1.62695 0
      vertex 3.4641 -2 1.5
      vertex 3.4641 -2 0
    endloop
  endfacet
  facet normal -0.707107 -0.707107 0
    outer loop
      vertex -2.67652 -2.97258 0
      vertex -2.97258 -2.67652 1.5
      vertex -2.97258 -2.67652 0
    endloop
  endfacet
  facet normal -0.707107 -0.707107 0
    outer loop
      vertex -2.97258 -2.67652 1.5
      vertex -2.67652 -2.97258 0
      vertex -2.67652 -2.97258 1.5
    endloop
  endfacet
  facet normal -0.544634 -0.838674 0
    outer loop
      vertex -2.35114 -3.23607 0
      vertex -2 -3.4641 1.5
      vertex -2.35114 -3.23607 1.5
    endloop
  endfacet
  facet normal -0.544634 -0.838674 -0
    outer loop
      vertex -2 -3.4641 1.5
      vertex -2.35114 -3.23607 0
      vertex -2 -3.4641 0
    endloop
  endfacet
  facet normal -0.358379 -0.933576 0
    outer loop
      vertex -1.62695 -3.65418 0
      vertex -1.23607 -3.80423 1.5
      vertex -1.62695 -3.65418 1.5
    endloop
  endfacet
  facet normal -0.358379 -0.933576 -0
    outer loop
      vertex -1.23607 -3.80423 1.5
      vertex -1.62695 -3.65418 0
      vertex -1.23607 -3.80423 0
    endloop
  endfacet
  facet normal -0.156441 -0.987687 0
    outer loop
      vertex -0.831646 -3.91259 0
      vertex -0.418114 -3.97809 1.5
      vertex -0.831646 -3.91259 1.5
    endloop
  endfacet
  facet normal -0.156441 -0.987687 -0
    outer loop
      vertex -0.418114 -3.97809 1.5
      vertex -0.831646 -3.91259 0
      vertex -0.418114 -3.97809 0
    endloop
  endfacet
  facet normal -0.933576 -0.358379 0
    outer loop
      vertex -3.65418 -1.62695 0
      vertex -3.80423 -1.23607 1.5
      vertex -3.80423 -1.23607 0
    endloop
  endfacet
  facet normal -0.933576 -0.358379 0
    outer loop
      vertex -3.80423 -1.23607 1.5
      vertex -3.65418 -1.62695 0
      vertex -3.65418 -1.62695 1.5
    endloop
  endfacet
  facet normal -0.838674 -0.544634 0
    outer loop
      vertex -3.23607 -2.35114 0
      vertex -3.4641 -2 1.5
      vertex -3.4641 -2 0
    endloop
  endfacet
  facet normal -0.838674 -0.544634 0
    outer loop
      vertex -3.4641 -2 1.5
      vertex -3.23607 -2.35114 0
      vertex -3.23607 -2.35114 1.5
    endloop
  endfacet
  facet normal -0.987687 -0.156441 0
    outer loop
      vertex -3.91259 -0.831646 0
      vertex -3.97809 -0.418114 1.5
      vertex -3.97809 -0.418114 0
    endloop
  endfacet
  facet normal -0.987687 -0.156441 0
    outer loop
      vertex -3.97809 -0.418114 1.5
      vertex -3.91259 -0.831646 0
      vertex -3.91259 -0.831646 1.5
    endloop
  endfacet
  facet normal 0.156441 -0.987687 0
    outer loop
      vertex 0.418114 -3.97809 0
      vertex 0.831646 -3.91259 1.5
      vertex 0.418114 -3.97809 1.5
    endloop
  endfacet
  facet normal 0.156441 -0.987687 0
    outer loop
      vertex 0.831646 -3.91259 1.5
      vertex 0.418114 -3.97809 0
      vertex 0.831646 -3.91259 0
    endloop
  endfacet
  facet normal 0.358379 -0.933576 0
    outer loop
      vertex 1.23607 -3.80423 0
      vertex 1.62695 -3.65418 1.5
      vertex 1.23607 -3.80423 1.5
    endloop
  endfacet
  facet normal 0.358379 -0.933576 0
    outer loop
      vertex 1.62695 -3.65418 1.5
      vertex 1.23607 -3.80423 0
      vertex 1.62695 -3.65418 0
    endloop
  endfacet
  facet normal 0.707107 -0.707107 0
    outer loop
      vertex 2.67652 -2.97258 1.5
      vertex 2.97258 -2.67652 0
      vertex 2.97258 -2.67652 1.5
    endloop
  endfacet
  facet normal 0.707107 -0.707107 0
    outer loop
      vertex 2.97258 -2.67652 0
      vertex 2.67652 -2.97258 1.5
      vertex 2.67652 -2.97258 0
    endloop
  endfacet
  facet normal 0.544634 -0.838674 0
    outer loop
      vertex 2 -3.4641 0
      vertex 2.35114 -3.23607 1.5
      vertex 2 -3.4641 1.5
    endloop
  endfacet
  facet normal 0.544634 -0.838674 0
    outer loop
      vertex 2.35114 -3.23607 1.5
      vertex 2 -3.4641 0
      vertex 2.35114 -3.23607 0
    endloop
  endfacet
  facet normal 0.838674 -0.544634 0
    outer loop
      vertex 3.23607 -2.35114 1.5
      vertex 3.4641 -2 0
      vertex 3.4641 -2 1.5
    endloop
  endfacet
  facet normal 0.838674 -0.544634 0
    outer loop
      vertex 3.4641 -2 0
      vertex 3.23607 -2.35114 1.5
      vertex 3.23607 -2.35114 0
    endloop
  endfacet
  facet normal 0.933576 -0.358379 0
    outer loop
      vertex 3.65418 -1.62695 1.5
      vertex 3.80423 -1.23607 0
      vertex 3.80423 -1.23607 1.5
    endloop
  endfacet
  facet normal 0.933576 -0.358379 0
    outer loop
      vertex 3.80423 -1.23607 0
      vertex 3.65418 -1.62695 1.5
      vertex 3.65418 -1.62695 0
    endloop
  endfacet
  facet normal 0.987687 -0.156441 0
    outer loop
      vertex 3.91259 -0.831646 1.5
      vertex 3.97809 -0.418114 0
      vertex 3.97809 -0.418114 1.5
    endloop
  endfacet
  facet normal 0.987687 -0.156441 0
    outer loop
      vertex 3.97809 -0.418114 0
      vertex 3.91259 -0.831646 1.5
      vertex 3.91259 -0.831646 0
    endloop
  endfacet
  facet normal 0.965929 -0.258808 0
    outer loop
      vertex 3.80423 -1.23607 1.5
      vertex 3.91259 -0.831646 0
      vertex 3.91259 -0.831646 1.5
    endloop
  endfacet
  facet normal 0.965929 -0.258808 0
    outer loop
      vertex 3.91259 -0.831646 0
      vertex 3.80423 -1.23607 1.5
      vertex 3.80423 -1.23607 0
    endloop
  endfacet
  facet normal 0.99863 -0.0523302 0
    outer loop
      vertex 3.97809 -0.418114 1.5
      vertex 4 0 0
      vertex 4 0 1.5
    endloop
  endfacet
  facet normal 0.99863 -0.0523302 0
    outer loop
      vertex 4 0 0
      vertex 3.97809 -0.418114 1.5
      vertex 3.97809 -0.418114 0
    endloop
  endfacet
  facet normal -0.629324 -0.777143 0
    outer loop
      vertex -2.67652 -2.97258 0
      vertex -2.35114 -3.23607 1.5
      vertex -2.67652 -2.97258 1.5
    endloop
  endfacet
  facet normal -0.629324 -0.777143 -0
    outer loop
      vertex -2.35114 -3.23607 1.5
      vertex -2.67652 -2.97258 0
      vertex -2.35114 -3.23607 0
    endloop
  endfacet
  facet normal -0.453993 -0.891005 0
    outer loop
      vertex -2 -3.4641 0
      vertex -1.62695 -3.65418 1.5
      vertex -2 -3.4641 1.5
    endloop
  endfacet
  facet normal -0.453993 -0.891005 -0
    outer loop
      vertex -1.62695 -3.65418 1.5
      vertex -2 -3.4641 0
      vertex -1.62695 -3.65418 0
    endloop
  endfacet
  facet normal -0.258808 -0.965929 0
    outer loop
      vertex -1.23607 -3.80423 0
      vertex -0.831646 -3.91259 1.5
      vertex -1.23607 -3.80423 1.5
    endloop
  endfacet
  facet normal -0.258808 -0.965929 -0
    outer loop
      vertex -0.831646 -3.91259 1.5
      vertex -1.23607 -3.80423 0
      vertex -0.831646 -3.91259 0
    endloop
  endfacet
  facet normal -0.891005 -0.453993 0
    outer loop
      vertex -3.4641 -2 0
      vertex -3.65418 -1.62695 1.5
      vertex -3.65418 -1.62695 0
    endloop
  endfacet
  facet normal -0.891005 -0.453993 0
    outer loop
      vertex -3.65418 -1.62695 1.5
      vertex -3.4641 -2 0
      vertex -3.4641 -2 1.5
    endloop
  endfacet
  facet normal -0.965929 -0.258808 0
    outer loop
      vertex -3.80423 -1.23607 0
      vertex -3.91259 -0.831646 1.5
      vertex -3.91259 -0.831646 0
    endloop
  endfacet
  facet normal -0.965929 -0.258808 0
    outer loop
      vertex -3.91259 -0.831646 1.5
      vertex -3.80423 -1.23607 0
      vertex -3.80423 -1.23607 1.5
    endloop
  endfacet
  facet normal 0.950846 0.0498248 0.305629
    outer loop
      vertex 3.72946 0.391981 1.5
      vertex 2.625 0 5
      vertex 3.75 0 1.5
    endloop
  endfacet
  facet normal 0.940426 0.148964 0.305628
    outer loop
      vertex 3.66805 0.779669 1.5
      vertex 2.56764 0.545768 5
      vertex 3.72946 0.391981 1.5
    endloop
  endfacet
  facet normal -0.673273 0.673273 0.305627
    outer loop
      vertex -2.78679 2.50924 1.5
      vertex -1.75647 1.95076 5
      vertex -2.50924 2.78679 1.5
    endloop
  endfacet
  facet normal -0.673273 0.673273 0.305627
    outer loop
      vertex -1.75647 1.95076 5
      vertex -2.78679 2.50924 1.5
      vertex -1.95076 1.75647 5
    endloop
  endfacet
  facet normal -0.950846 0.0498248 0.305629
    outer loop
      vertex -3.72946 0.391981 1.5
      vertex -3.75 0 1.5
      vertex -2.625 0 5
    endloop
  endfacet
  facet normal 0.0498248 -0.950846 0.305629
    outer loop
      vertex 0 -2.625 5
      vertex 0 -3.75 1.5
      vertex 0.391981 -3.72946 1.5
    endloop
  endfacet
  facet normal 0.739966 0.599202 0.305627
    outer loop
      vertex 3.03381 2.20419 1.5
      vertex 1.95076 1.75647 5
      vertex 2.12367 1.54294 5
    endloop
  endfacet
  facet normal -0.79854 0.51858 0.305627
    outer loop
      vertex -2.12367 1.54294 5
      vertex -3.03381 2.20419 1.5
      vertex -2.27332 1.3125 5
    endloop
  endfacet
  facet normal -0.432265 0.848374 0.305627
    outer loop
      vertex -1.52526 3.42579 1.5
      vertex -1.875 3.24759 1.5
      vertex -1.3125 2.27332 5
    endloop
  endfacet
  facet normal -0.0498248 0.950846 0.305629
    outer loop
      vertex 0 3.75 1.5
      vertex -0.391981 3.72946 1.5
      vertex 0 2.625 5
    endloop
  endfacet
  facet normal -0.950846 0.0498318 0.30563
    outer loop
      vertex -2.61062 0.274386 5
      vertex -3.72946 0.391981 1.5
      vertex -2.625 0 5
    endloop
  endfacet
  facet normal -0.673273 -0.673273 0.305627
    outer loop
      vertex -2.78679 -2.50924 1.5
      vertex -1.75647 -1.95076 5
      vertex -1.95076 -1.75647 5
    endloop
  endfacet
  facet normal -0.673273 -0.673273 0.305627
    outer loop
      vertex -1.75647 -1.95076 5
      vertex -2.78679 -2.50924 1.5
      vertex -2.50924 -2.78679 1.5
    endloop
  endfacet
  facet normal 0.148964 0.940426 0.305628
    outer loop
      vertex 0.779669 3.66805 1.5
      vertex 0.391981 3.72946 1.5
      vertex 0.545768 2.56764 5
    endloop
  endfacet
  facet normal 0.518581 0.79854 0.305627
    outer loop
      vertex 1.875 3.24759 1.5
      vertex 1.3125 2.27332 5
      vertex 2.20419 3.03381 1.5
    endloop
  endfacet
  facet normal 0.79854 0.518581 0.305627
    outer loop
      vertex 3.03381 2.20419 1.5
      vertex 2.27332 1.3125 5
      vertex 3.24759 1.875 1.5
    endloop
  endfacet
  facet normal 0.919708 0.246434 0.305628
    outer loop
      vertex 3.56646 1.15881 1.5
      vertex 2.56764 0.545768 5
      vertex 3.66805 0.779669 1.5
    endloop
  endfacet
  facet normal 0.919702 0.246454 0.305629
    outer loop
      vertex 3.56646 1.15881 1.5
      vertex 2.49652 0.811169 5
      vertex 2.56764 0.545768 5
    endloop
  endfacet
  facet normal 0.246454 -0.919702 0.305629
    outer loop
      vertex 0.811169 -2.49652 5
      vertex 0.545768 -2.56764 5
      vertex 1.15881 -3.56646 1.5
    endloop
  endfacet
  facet normal 0.888907 -0.341227 0.305627
    outer loop
      vertex 3.56646 -1.15881 1.5
      vertex 2.39806 -1.06768 5
      vertex 3.42579 -1.52526 1.5
    endloop
  endfacet
  facet normal 0.848374 -0.432265 0.305627
    outer loop
      vertex 3.42579 -1.52526 1.5
      vertex 2.27332 -1.3125 5
      vertex 3.24759 -1.875 1.5
    endloop
  endfacet
  facet normal 0.848376 -0.432262 0.305627
    outer loop
      vertex 2.39806 -1.06768 5
      vertex 2.27332 -1.3125 5
      vertex 3.42579 -1.52526 1.5
    endloop
  endfacet
  facet normal 0.950846 -0.0498248 0.305629
    outer loop
      vertex 3.75 0 1.5
      vertex 2.625 0 5
      vertex 3.72946 -0.391981 1.5
    endloop
  endfacet
  facet normal -0.739966 0.599201 0.305627
    outer loop
      vertex -2.78679 2.50924 1.5
      vertex -3.03381 2.20419 1.5
      vertex -1.95076 1.75647 5
    endloop
  endfacet
  facet normal -0.599201 0.739966 0.305627
    outer loop
      vertex -2.20419 3.03381 1.5
      vertex -2.50924 2.78679 1.5
      vertex -1.75647 1.95076 5
    endloop
  endfacet
  facet normal -0.14894 0.940429 0.30563
    outer loop
      vertex -0.391981 3.72946 1.5
      vertex -0.545768 2.56764 5
      vertex -0.274386 2.61062 5
    endloop
  endfacet
  facet normal -0.341227 0.888907 0.305627
    outer loop
      vertex -1.15881 3.56646 1.5
      vertex -1.52526 3.42579 1.5
      vertex -1.06768 2.39806 5
    endloop
  endfacet
  facet normal 0.246454 0.919702 0.305629
    outer loop
      vertex 1.15881 3.56646 1.5
      vertex 0.545768 2.56764 5
      vertex 0.811169 2.49652 5
    endloop
  endfacet
  facet normal 0.0498248 0.950846 0.305629
    outer loop
      vertex 0 3.75 1.5
      vertex 0 2.625 5
      vertex 0.391981 3.72946 1.5
    endloop
  endfacet
  facet normal -0.919708 -0.246434 0.305628
    outer loop
      vertex -2.56764 -0.545768 5
      vertex -3.66805 -0.779669 1.5
      vertex -3.56646 -1.15881 1.5
    endloop
  endfacet
  facet normal -0.848374 0.432265 0.305627
    outer loop
      vertex -3.24759 1.875 1.5
      vertex -3.42579 1.52526 1.5
      vertex -2.27332 1.3125 5
    endloop
  endfacet
  facet normal -0.79854 0.518581 0.305627
    outer loop
      vertex -3.03381 2.20419 1.5
      vertex -3.24759 1.875 1.5
      vertex -2.27332 1.3125 5
    endloop
  endfacet
  facet normal -0.888915 0.341204 0.305629
    outer loop
      vertex -2.39806 1.06768 5
      vertex -3.56646 1.15881 1.5
      vertex -2.49652 0.811169 5
    endloop
  endfacet
  facet normal -0.888907 0.341227 0.305627
    outer loop
      vertex -3.42579 1.52526 1.5
      vertex -3.56646 1.15881 1.5
      vertex -2.39806 1.06768 5
    endloop
  endfacet
  facet normal -0.599201 -0.739966 0.305627
    outer loop
      vertex -1.75647 -1.95076 5
      vertex -2.50924 -2.78679 1.5
      vertex -2.20419 -3.03381 1.5
    endloop
  endfacet
  facet normal 0.246434 0.919708 0.305628
    outer loop
      vertex 0.779669 3.66805 1.5
      vertex 0.545768 2.56764 5
      vertex 1.15881 3.56646 1.5
    endloop
  endfacet
  facet normal 0.432262 0.848376 0.305627
    outer loop
      vertex 1.52526 3.42579 1.5
      vertex 1.06768 2.39806 5
      vertex 1.3125 2.27332 5
    endloop
  endfacet
  facet normal 0.599201 0.739966 0.305627
    outer loop
      vertex 2.20419 3.03381 1.5
      vertex 1.75647 1.95076 5
      vertex 2.50924 2.78679 1.5
    endloop
  endfacet
  facet normal 0.739966 0.599201 0.305627
    outer loop
      vertex 2.78679 2.50924 1.5
      vertex 1.95076 1.75647 5
      vertex 3.03381 2.20419 1.5
    endloop
  endfacet
  facet normal 0.888907 0.341227 0.305627
    outer loop
      vertex 3.42579 1.52526 1.5
      vertex 2.39806 1.06768 5
      vertex 3.56646 1.15881 1.5
    endloop
  endfacet
  facet normal 0.848376 0.432262 0.305627
    outer loop
      vertex 3.42579 1.52526 1.5
      vertex 2.27332 1.3125 5
      vertex 2.39806 1.06768 5
    endloop
  endfacet
  facet normal 0.848374 0.432265 0.305627
    outer loop
      vertex 3.24759 1.875 1.5
      vertex 2.27332 1.3125 5
      vertex 3.42579 1.52526 1.5
    endloop
  endfacet
  facet normal 0.940429 0.14894 0.30563
    outer loop
      vertex 3.72946 0.391981 1.5
      vertex 2.56764 0.545768 5
      vertex 2.61062 0.274386 5
    endloop
  endfacet
  facet normal 0.51858 -0.79854 0.305627
    outer loop
      vertex 1.54294 -2.12367 5
      vertex 1.3125 -2.27332 5
      vertex 2.20419 -3.03381 1.5
    endloop
  endfacet
  facet normal 0.432262 -0.848376 0.305627
    outer loop
      vertex 1.3125 -2.27332 5
      vertex 1.06768 -2.39806 5
      vertex 1.52526 -3.42579 1.5
    endloop
  endfacet
  facet normal 0.432265 -0.848374 0.305627
    outer loop
      vertex 1.875 -3.24759 1.5
      vertex 1.3125 -2.27332 5
      vertex 1.52526 -3.42579 1.5
    endloop
  endfacet
  facet normal 0.739966 -0.599202 0.305627
    outer loop
      vertex 2.12367 -1.54294 5
      vertex 1.95076 -1.75647 5
      vertex 3.03381 -2.20419 1.5
    endloop
  endfacet
  facet normal 0.739966 -0.599201 0.305627
    outer loop
      vertex 3.03381 -2.20419 1.5
      vertex 1.95076 -1.75647 5
      vertex 2.78679 -2.50924 1.5
    endloop
  endfacet
  facet normal 0.919702 -0.246454 0.305629
    outer loop
      vertex 2.56764 -0.545768 5
      vertex 2.49652 -0.811169 5
      vertex 3.56646 -1.15881 1.5
    endloop
  endfacet
  facet normal 0.919708 -0.246434 0.305628
    outer loop
      vertex 3.66805 -0.779669 1.5
      vertex 2.56764 -0.545768 5
      vertex 3.56646 -1.15881 1.5
    endloop
  endfacet
  facet normal -0.246434 0.919708 0.305628
    outer loop
      vertex -0.779669 3.66805 1.5
      vertex -1.15881 3.56646 1.5
      vertex -0.545768 2.56764 5
    endloop
  endfacet
  facet normal -0.148964 0.940426 0.305628
    outer loop
      vertex -0.391981 3.72946 1.5
      vertex -0.779669 3.66805 1.5
      vertex -0.545768 2.56764 5
    endloop
  endfacet
  facet normal -0.246454 0.919702 0.305629
    outer loop
      vertex -0.545768 2.56764 5
      vertex -1.15881 3.56646 1.5
      vertex -0.811169 2.49652 5
    endloop
  endfacet
  facet normal -0.341204 0.888915 0.305629
    outer loop
      vertex -0.811169 2.49652 5
      vertex -1.15881 3.56646 1.5
      vertex -1.06768 2.39806 5
    endloop
  endfacet
  facet normal -0.432262 0.848376 0.305627
    outer loop
      vertex -1.06768 2.39806 5
      vertex -1.52526 3.42579 1.5
      vertex -1.3125 2.27332 5
    endloop
  endfacet
  facet normal -0.518581 0.79854 0.305627
    outer loop
      vertex -1.875 3.24759 1.5
      vertex -2.20419 3.03381 1.5
      vertex -1.3125 2.27332 5
    endloop
  endfacet
  facet normal -0.0498318 0.950846 0.30563
    outer loop
      vertex 0 2.625 5
      vertex -0.391981 3.72946 1.5
      vertex -0.274386 2.61062 5
    endloop
  endfacet
  facet normal -0.919702 -0.246454 0.305629
    outer loop
      vertex -2.56764 -0.545768 5
      vertex -3.56646 -1.15881 1.5
      vertex -2.49652 -0.811169 5
    endloop
  endfacet
  facet normal -0.950846 -0.0498248 0.305629
    outer loop
      vertex -2.625 0 5
      vertex -3.75 0 1.5
      vertex -3.72946 -0.391981 1.5
    endloop
  endfacet
  facet normal -0.739966 0.599202 0.305627
    outer loop
      vertex -1.95076 1.75647 5
      vertex -3.03381 2.20419 1.5
      vertex -2.12367 1.54294 5
    endloop
  endfacet
  facet normal -0.848376 0.432262 0.305627
    outer loop
      vertex -2.27332 1.3125 5
      vertex -3.42579 1.52526 1.5
      vertex -2.39806 1.06768 5
    endloop
  endfacet
  facet normal -0.940426 0.148964 0.305628
    outer loop
      vertex -3.66805 0.779669 1.5
      vertex -3.72946 0.391981 1.5
      vertex -2.56764 0.545768 5
    endloop
  endfacet
  facet normal -0.919708 0.246434 0.305628
    outer loop
      vertex -3.56646 1.15881 1.5
      vertex -3.66805 0.779669 1.5
      vertex -2.56764 0.545768 5
    endloop
  endfacet
  facet normal -0.919702 0.246454 0.305629
    outer loop
      vertex -2.49652 0.811169 5
      vertex -3.56646 1.15881 1.5
      vertex -2.56764 0.545768 5
    endloop
  endfacet
  facet normal -0.0498248 -0.950846 0.305629
    outer loop
      vertex 0 -2.625 5
      vertex -0.391981 -3.72946 1.5
      vertex 0 -3.75 1.5
    endloop
  endfacet
  facet normal -0.246454 -0.919702 0.305629
    outer loop
      vertex -0.811169 -2.49652 5
      vertex -1.15881 -3.56646 1.5
      vertex -0.545768 -2.56764 5
    endloop
  endfacet
  facet normal 0.432265 0.848374 0.305627
    outer loop
      vertex 1.52526 3.42579 1.5
      vertex 1.3125 2.27332 5
      vertex 1.875 3.24759 1.5
    endloop
  endfacet
  facet normal 0.51858 0.79854 0.305627
    outer loop
      vertex 2.20419 3.03381 1.5
      vertex 1.3125 2.27332 5
      vertex 1.54294 2.12367 5
    endloop
  endfacet
  facet normal 0.599202 0.739966 0.305627
    outer loop
      vertex 2.20419 3.03381 1.5
      vertex 1.54294 2.12367 5
      vertex 1.75647 1.95076 5
    endloop
  endfacet
  facet normal 0.673273 0.673273 0.305627
    outer loop
      vertex 1.75647 1.95076 5
      vertex 2.78679 2.50924 1.5
      vertex 2.50924 2.78679 1.5
    endloop
  endfacet
  facet normal 0.673273 0.673273 0.305627
    outer loop
      vertex 2.78679 2.50924 1.5
      vertex 1.75647 1.95076 5
      vertex 1.95076 1.75647 5
    endloop
  endfacet
  facet normal 0.79854 0.51858 0.305627
    outer loop
      vertex 3.03381 2.20419 1.5
      vertex 2.12367 1.54294 5
      vertex 2.27332 1.3125 5
    endloop
  endfacet
  facet normal 0.888915 0.341204 0.305629
    outer loop
      vertex 3.56646 1.15881 1.5
      vertex 2.39806 1.06768 5
      vertex 2.49652 0.811169 5
    endloop
  endfacet
  facet normal 0.950846 0.0498318 0.30563
    outer loop
      vertex 3.72946 0.391981 1.5
      vertex 2.61062 0.274386 5
      vertex 2.625 0 5
    endloop
  endfacet
  facet normal 0.673273 -0.673273 0.305627
    outer loop
      vertex 1.75647 -1.95076 5
      vertex 2.78679 -2.50924 1.5
      vertex 1.95076 -1.75647 5
    endloop
  endfacet
  facet normal 0.673273 -0.673273 0.305627
    outer loop
      vertex 2.78679 -2.50924 1.5
      vertex 1.75647 -1.95076 5
      vertex 2.50924 -2.78679 1.5
    endloop
  endfacet
  facet normal 0.341227 -0.888907 0.305627
    outer loop
      vertex 1.52526 -3.42579 1.5
      vertex 1.06768 -2.39806 5
      vertex 1.15881 -3.56646 1.5
    endloop
  endfacet
  facet normal 0.518581 -0.79854 0.305627
    outer loop
      vertex 2.20419 -3.03381 1.5
      vertex 1.3125 -2.27332 5
      vertex 1.875 -3.24759 1.5
    endloop
  endfacet
  facet normal 0.79854 -0.51858 0.305627
    outer loop
      vertex 2.27332 -1.3125 5
      vertex 2.12367 -1.54294 5
      vertex 3.03381 -2.20419 1.5
    endloop
  endfacet
  facet normal 0.79854 -0.518581 0.305627
    outer loop
      vertex 3.24759 -1.875 1.5
      vertex 2.27332 -1.3125 5
      vertex 3.03381 -2.20419 1.5
    endloop
  endfacet
  facet normal 0.940426 -0.148964 0.305628
    outer loop
      vertex 3.72946 -0.391981 1.5
      vertex 2.56764 -0.545768 5
      vertex 3.66805 -0.779669 1.5
    endloop
  endfacet
  facet normal -0.51858 0.79854 0.305627
    outer loop
      vertex -1.3125 2.27332 5
      vertex -2.20419 3.03381 1.5
      vertex -1.54294 2.12367 5
    endloop
  endfacet
  facet normal -0.599202 0.739966 0.305627
    outer loop
      vertex -1.54294 2.12367 5
      vertex -2.20419 3.03381 1.5
      vertex -1.75647 1.95076 5
    endloop
  endfacet
  facet normal 0.14894 0.940429 0.30563
    outer loop
      vertex 0.391981 3.72946 1.5
      vertex 0.274386 2.61062 5
      vertex 0.545768 2.56764 5
    endloop
  endfacet
  facet normal 0.0498318 0.950846 0.30563
    outer loop
      vertex 0.391981 3.72946 1.5
      vertex 0 2.625 5
      vertex 0.274386 2.61062 5
    endloop
  endfacet
  facet normal -0.888915 -0.341204 0.305629
    outer loop
      vertex -2.49652 -0.811169 5
      vertex -3.56646 -1.15881 1.5
      vertex -2.39806 -1.06768 5
    endloop
  endfacet
  facet normal -0.79854 -0.518581 0.305627
    outer loop
      vertex -2.27332 -1.3125 5
      vertex -3.24759 -1.875 1.5
      vertex -3.03381 -2.20419 1.5
    endloop
  endfacet
  facet normal -0.739966 -0.599201 0.305627
    outer loop
      vertex -1.95076 -1.75647 5
      vertex -3.03381 -2.20419 1.5
      vertex -2.78679 -2.50924 1.5
    endloop
  endfacet
  facet normal -0.950846 -0.0498318 0.30563
    outer loop
      vertex -2.625 0 5
      vertex -3.72946 -0.391981 1.5
      vertex -2.61062 -0.274386 5
    endloop
  endfacet
  facet normal 0 0 1
    outer loop
      vertex 0.793156 0.104421 5
      vertex 0.793156 -0.104421 5
      vertex 0.799999 0 5
    endloop
  endfacet
  facet normal 0 0 1
    outer loop
      vertex 0.77274 0.207055 5
      vertex 0.793156 -0.104421 5
      vertex 0.793156 0.104421 5
    endloop
  endfacet
  facet normal 0 0 1
    outer loop
      vertex 0.77274 0.207055 5
      vertex 0.77274 -0.207055 5
      vertex 0.793156 -0.104421 5
    endloop
  endfacet
  facet normal 0 0 1
    outer loop
      vertex 0.739103 0.306147 5
      vertex 0.77274 -0.207055 5
      vertex 0.77274 0.207055 5
    endloop
  endfacet
  facet normal 0 0 1
    outer loop
      vertex 0.739103 0.306147 5
      vertex 0.739103 -0.306147 5
      vertex 0.77274 -0.207055 5
    endloop
  endfacet
  facet normal 0 0 1
    outer loop
      vertex 0.69282 0.4 5
      vertex 0.739103 -0.306147 5
      vertex 0.739103 0.306147 5
    endloop
  endfacet
  facet normal 0 0 1
    outer loop
      vertex 0.69282 0.4 5
      vertex 0.69282 -0.4 5
      vertex 0.739103 -0.306147 5
    endloop
  endfacet
  facet normal 0 0 1
    outer loop
      vertex 0.634683 0.487009 5
      vertex 0.69282 -0.4 5
      vertex 0.69282 0.4 5
    endloop
  endfacet
  facet normal 0 0 1
    outer loop
      vertex 0.634683 0.487009 5
      vertex 0.634683 -0.487009 5
      vertex 0.69282 -0.4 5
    endloop
  endfacet
  facet normal 0 0 1
    outer loop
      vertex 0.565685 0.565685 5
      vertex 0.634683 -0.487009 5
      vertex 0.634683 0.487009 5
    endloop
  endfacet
  facet normal 0 0 1
    outer loop
      vertex 0.565685 0.565685 5
      vertex 0.565685 -0.565685 5
      vertex 0.634683 -0.487009 5
    endloop
  endfacet
  facet normal 0 0 1
    outer loop
      vertex 0.487009 0.634683 5
      vertex 0.565685 -0.565685 5
      vertex 0.565685 0.565685 5
    endloop
  endfacet
  facet normal 0 0 1
    outer loop
      vertex 0.487009 0.634683 5
      vertex 0.487009 -0.634683 5
      vertex 0.565685 -0.565685 5
    endloop
  endfacet
  facet normal 0 0 1
    outer loop
      vertex 0.4 0.69282 5
      vertex 0.487009 -0.634683 5
      vertex 0.487009 0.634683 5
    endloop
  endfacet
  facet normal 0 0 1
    outer loop
      vertex 0.4 0.69282 5
      vertex 0.4 -0.69282 5
      vertex 0.487009 -0.634683 5
    endloop
  endfacet
  facet normal 0 0 1
    outer loop
      vertex 0.306147 0.739103 5
      vertex 0.4 -0.69282 5
      vertex 0.4 0.69282 5
    endloop
  endfacet
  facet normal 0 0 1
    outer loop
      vertex 0.306147 0.739103 5
      vertex 0.306147 -0.739103 5
      vertex 0.4 -0.69282 5
    endloop
  endfacet
  facet normal 0 0 1
    outer loop
      vertex 0.207055 0.77274 5
      vertex 0.306147 -0.739103 5
      vertex 0.306147 0.739103 5
    endloop
  endfacet
  facet normal 0 0 1
    outer loop
      vertex 0.207055 0.77274 5
      vertex 0.207055 -0.77274 5
      vertex 0.306147 -0.739103 5
    endloop
  endfacet
  facet normal 0 0 1
    outer loop
      vertex 0.104421 0.793156 5
      vertex 0.207055 -0.77274 5
      vertex 0.207055 0.77274 5
    endloop
  endfacet
  facet normal 0 0 1
    outer loop
      vertex 0.104421 0.793156 5
      vertex 0.104421 -0.793156 5
      vertex 0.207055 -0.77274 5
    endloop
  endfacet
  facet normal 0 0 1
    outer loop
      vertex 0 0.799999 5
      vertex 0.104421 -0.793156 5
      vertex 0.104421 0.793156 5
    endloop
  endfacet
  facet normal 0 0 1
    outer loop
      vertex 0 0.799999 5
      vertex 0 -0.799999 5
      vertex 0.104421 -0.793156 5
    endloop
  endfacet
  facet normal -0 0 1
    outer loop
      vertex -0.104421 0.793156 5
      vertex 0 -0.799999 5
      vertex 0 0.799999 5
    endloop
  endfacet
  facet normal 0 0 1
    outer loop
      vertex -0.104421 0.793156 5
      vertex -0.104421 -0.793156 5
      vertex 0 -0.799999 5
    endloop
  endfacet
  facet normal -0 0 1
    outer loop
      vertex -0.207055 0.77274 5
      vertex -0.104421 -0.793156 5
      vertex -0.104421 0.793156 5
    endloop
  endfacet
  facet normal 0 0 1
    outer loop
      vertex -0.207055 0.77274 5
      vertex -0.207055 -0.77274 5
      vertex -0.104421 -0.793156 5
    endloop
  endfacet
  facet normal -0 0 1
    outer loop
      vertex -0.306147 0.739103 5
      vertex -0.207055 -0.77274 5
      vertex -0.207055 0.77274 5
    endloop
  endfacet
  facet normal 0 0 1
    outer loop
      vertex -0.306147 0.739103 5
      vertex -0.306147 -0.739103 5
      vertex -0.207055 -0.77274 5
    endloop
  endfacet
  facet normal -0 0 1
    outer loop
      vertex -0.4 0.69282 5
      vertex -0.306147 -0.739103 5
      vertex -0.306147 0.739103 5
    endloop
  endfacet
  facet normal 0 0 1
    outer loop
      vertex -0.4 0.69282 5
      vertex -0.4 -0.69282 5
      vertex -0.306147 -0.739103 5
    endloop
  endfacet
  facet normal -0 0 1
    outer loop
      vertex -0.487009 0.634683 5
      vertex -0.4 -0.69282 5
      vertex -0.4 0.69282 5
    endloop
  endfacet
  facet normal 0 0 1
    outer loop
      vertex -0.487009 0.634683 5
      vertex -0.487009 -0.634683 5
      vertex -0.4 -0.69282 5
    endloop
  endfacet
  facet normal -0 0 1
    outer loop
      vertex -0.565685 0.565685 5
      vertex -0.487009 -0.634683 5
      vertex -0.487009 0.634683 5
    endloop
  endfacet
  facet normal 0 0 1
    outer loop
      vertex -0.565685 0.565685 5
      vertex -0.565685 -0.565685 5
      vertex -0.487009 -0.634683 5
    endloop
  endfacet
  facet normal -0 0 1
    outer loop
      vertex -0.634683 0.487009 5
      vertex -0.565685 -0.565685 5
      vertex -0.565685 0.565685 5
    endloop
  endfacet
  facet normal 0 0 1
    outer loop
      vertex -0.634683 0.487009 5
      vertex -0.634683 -0.487009 5
      vertex -0.565685 -0.565685 5
    endloop
  endfacet
  facet normal -0 0 1
    outer loop
      vertex -0.69282 0.4 5
      vertex -0.634683 -0.487009 5
      vertex -0.634683 0.487009 5
    endloop
  endfacet
  facet normal 0 0 1
    outer loop
      vertex -0.69282 0.4 5
      vertex -0.69282 -0.4 5
      vertex -0.634683 -0.487009 5
    endloop
  endfacet
  facet normal -0 0 1
    outer loop
      vertex -0.739103 0.306147 5
      vertex -0.69282 -0.4 5
      vertex -0.69282 0.4 5
    endloop
  endfacet
  facet normal 0 0 1
    outer loop
      vertex -0.739103 0.306147 5
      vertex -0.739103 -0.306147 5
      vertex -0.69282 -0.4 5
    endloop
  endfacet
  facet normal -0 0 1
    outer loop
      vertex -0.77274 0.207055 5
      vertex -0.739103 -0.306147 5
      vertex -0.739103 0.306147 5
    endloop
  endfacet
  facet normal 0 0 1
    outer loop
      vertex -0.77274 0.207055 5
      vertex -0.77274 -0.207055 5
      vertex -0.739103 -0.306147 5
    endloop
  endfacet
  facet normal -0 0 1
    outer loop
      vertex -0.793156 0.104421 5
      vertex -0.77274 -0.207055 5
      vertex -0.77274 0.207055 5
    endloop
  endfacet
  facet normal 0 0 1
    outer loop
      vertex -0.793156 0.104421 5
      vertex -0.793156 -0.104421 5
      vertex -0.77274 -0.207055 5
    endloop
  endfacet
  facet normal 0 -0 1
    outer loop
      vertex -0.793156 -0.104421 5
      vertex -0.793156 0.104421 5
      vertex -0.799999 0 5
    endloop
  endfacet
  facet normal 0 0 1
    outer loop
      vertex 1.5 0 5
      vertex 2.625 0 5
      vertex 2.61062 0.274386 5
    endloop
  endfacet
  facet normal 0 0 1
    outer loop
      vertex 1.48717 0.195788 5
      vertex 2.61062 0.274386 5
      vertex 2.56764 0.545768 5
    endloop
  endfacet
  facet normal 0 0 1
    outer loop
      vertex 2.625 0 5
      vertex 1.5 0 5
      vertex 2.61062 -0.274386 5
    endloop
  endfacet
  facet normal 0 0 1
    outer loop
      vertex 1.44889 0.388228 5
      vertex 2.56764 0.545768 5
      vertex 2.49652 0.811169 5
    endloop
  endfacet
  facet normal -0 0 1
    outer loop
      vertex 1.48717 -0.195788 5
      vertex 2.61062 -0.274386 5
      vertex 1.5 0 5
    endloop
  endfacet
  facet normal 0 0 1
    outer loop
      vertex 1.38582 0.574024 5
      vertex 2.49652 0.811169 5
      vertex 2.39806 1.06768 5
    endloop
  endfacet
  facet normal 0 0 1
    outer loop
      vertex 2.61062 -0.274386 5
      vertex 1.48717 -0.195788 5
      vertex 2.56764 -0.545768 5
    endloop
  endfacet
  facet normal 0 0 1
    outer loop
      vertex 1.29904 0.75 5
      vertex 2.39806 1.06768 5
      vertex 2.27332 1.3125 5
    endloop
  endfacet
  facet normal -0 0 1
    outer loop
      vertex 1.44889 -0.388228 5
      vertex 2.56764 -0.545768 5
      vertex 1.48717 -0.195788 5
    endloop
  endfacet
  facet normal 0 0 1
    outer loop
      vertex 1.29904 0.75 5
      vertex 2.27332 1.3125 5
      vertex 2.12367 1.54294 5
    endloop
  endfacet
  facet normal 0 0 1
    outer loop
      vertex 2.56764 -0.545768 5
      vertex 1.44889 -0.388228 5
      vertex 2.49652 -0.811169 5
    endloop
  endfacet
  facet normal 0 0 1
    outer loop
      vertex 1.19003 0.913141 5
      vertex 2.12367 1.54294 5
      vertex 1.95076 1.75647 5
    endloop
  endfacet
  facet normal -0 0 1
    outer loop
      vertex 1.38582 -0.574024 5
      vertex 2.49652 -0.811169 5
      vertex 1.44889 -0.388228 5
    endloop
  endfacet
  facet normal 0 0 1
    outer loop
      vertex 1.06066 1.06066 5
      vertex 1.95076 1.75647 5
      vertex 1.75647 1.95076 5
    endloop
  endfacet
  facet normal 0 0 1
    outer loop
      vertex 2.49652 -0.811169 5
      vertex 1.38582 -0.574024 5
      vertex 2.39806 -1.06768 5
    endloop
  endfacet
  facet normal 0 0 1
    outer loop
      vertex 0.913141 1.19003 5
      vertex 1.75647 1.95076 5
      vertex 1.54294 2.12367 5
    endloop
  endfacet
  facet normal -0 0 1
    outer loop
      vertex 1.29904 -0.75 5
      vertex 2.39806 -1.06768 5
      vertex 1.38582 -0.574024 5
    endloop
  endfacet
  facet normal 0 0 1
    outer loop
      vertex 2.39806 -1.06768 5
      vertex 1.29904 -0.75 5
      vertex 2.27332 -1.3125 5
    endloop
  endfacet
  facet normal 0 0 1
    outer loop
      vertex 2.61062 0.274386 5
      vertex 1.48717 0.195788 5
      vertex 1.5 0 5
    endloop
  endfacet
  facet normal 0 0 1
    outer loop
      vertex 2.56764 0.545768 5
      vertex 1.44889 0.388228 5
      vertex 1.48717 0.195788 5
    endloop
  endfacet
  facet normal 0 0 1
    outer loop
      vertex 2.49652 0.811169 5
      vertex 1.38582 0.574024 5
      vertex 1.44889 0.388228 5
    endloop
  endfacet
  facet normal 0 0 1
    outer loop
      vertex 0.75 1.29904 5
      vertex 1.54294 2.12367 5
      vertex 1.3125 2.27332 5
    endloop
  endfacet
  facet normal 0 0 1
    outer loop
      vertex 2.39806 1.06768 5
      vertex 1.29904 0.75 5
      vertex 1.38582 0.574024 5
    endloop
  endfacet
  facet normal 0 0 1
    outer loop
      vertex 2.12367 1.54294 5
      vertex 1.19003 0.913141 5
      vertex 1.29904 0.75 5
    endloop
  endfacet
  facet normal 0 0 1
    outer loop
      vertex 0.75 1.29904 5
      vertex 1.3125 2.27332 5
      vertex 1.06768 2.39806 5
    endloop
  endfacet
  facet normal 0 0 1
    outer loop
      vertex 1.95076 1.75647 5
      vertex 1.06066 1.06066 5
      vertex 1.19003 0.913141 5
    endloop
  endfacet
  facet normal 0 0 1
    outer loop
      vertex 1.75647 1.95076 5
      vertex 0.913141 1.19003 5
      vertex 1.06066 1.06066 5
    endloop
  endfacet
  facet normal 0 0 1
    outer loop
      vertex 0.574024 1.38582 5
      vertex 1.06768 2.39806 5
      vertex 0.811169 2.49652 5
    endloop
  endfacet
  facet normal 0 0 1
    outer loop
      vertex 1.54294 2.12367 5
      vertex 0.75 1.29904 5
      vertex 0.913141 1.19003 5
    endloop
  endfacet
  facet normal 0 0 1
    outer loop
      vertex 1.06768 2.39806 5
      vertex 0.574024 1.38582 5
      vertex 0.75 1.29904 5
    endloop
  endfacet
  facet normal 0 0 1
    outer loop
      vertex 0.388228 1.44889 5
      vertex 0.811169 2.49652 5
      vertex 0.545768 2.56764 5
    endloop
  endfacet
  facet normal 0 0 1
    outer loop
      vertex 0.811169 2.49652 5
      vertex 0.388228 1.44889 5
      vertex 0.574024 1.38582 5
    endloop
  endfacet
  facet normal 0 0 1
    outer loop
      vertex 0.195788 1.48717 5
      vertex 0.545768 2.56764 5
      vertex 0.274386 2.61062 5
    endloop
  endfacet
  facet normal 0 0 1
    outer loop
      vertex 0.545768 2.56764 5
      vertex 0.195788 1.48717 5
      vertex 0.388228 1.44889 5
    endloop
  endfacet
  facet normal 0 0 1
    outer loop
      vertex 0 1.5 5
      vertex 0.274386 2.61062 5
      vertex 0 2.625 5
    endloop
  endfacet
  facet normal 0 0 1
    outer loop
      vertex 0.274386 2.61062 5
      vertex 0 1.5 5
      vertex 0.195788 1.48717 5
    endloop
  endfacet
  facet normal -0 0 1
    outer loop
      vertex -0.274386 2.61062 5
      vertex 0 1.5 5
      vertex 0 2.625 5
    endloop
  endfacet
  facet normal 0 0 1
    outer loop
      vertex 0 1.5 5
      vertex -0.274386 2.61062 5
      vertex -0.195788 1.48717 5
    endloop
  endfacet
  facet normal -0 0 1
    outer loop
      vertex -0.545768 2.56764 5
      vertex -0.195788 1.48717 5
      vertex -0.274386 2.61062 5
    endloop
  endfacet
  facet normal 0 0 1
    outer loop
      vertex -0.195788 1.48717 5
      vertex -0.545768 2.56764 5
      vertex -0.388228 1.44889 5
    endloop
  endfacet
  facet normal -0 0 1
    outer loop
      vertex -0.811169 2.49652 5
      vertex -0.388228 1.44889 5
      vertex -0.545768 2.56764 5
    endloop
  endfacet
  facet normal 0 0 1
    outer loop
      vertex -0.388228 1.44889 5
      vertex -0.811169 2.49652 5
      vertex -0.574024 1.38582 5
    endloop
  endfacet
  facet normal -0 0 1
    outer loop
      vertex -1.06768 2.39806 5
      vertex -0.574024 1.38582 5
      vertex -0.811169 2.49652 5
    endloop
  endfacet
  facet normal 0 0 1
    outer loop
      vertex -0.574024 1.38582 5
      vertex -1.06768 2.39806 5
      vertex -0.75 1.29904 5
    endloop
  endfacet
  facet normal -0 0 1
    outer loop
      vertex -1.3125 2.27332 5
      vertex -0.75 1.29904 5
      vertex -1.06768 2.39806 5
    endloop
  endfacet
  facet normal -0 0 1
    outer loop
      vertex -1.54294 2.12367 5
      vertex -0.75 1.29904 5
      vertex -1.3125 2.27332 5
    endloop
  endfacet
  facet normal 0 0 1
    outer loop
      vertex -0.75 1.29904 5
      vertex -1.54294 2.12367 5
      vertex -0.913141 1.19003 5
    endloop
  endfacet
  facet normal -0 0 1
    outer loop
      vertex -1.75647 1.95076 5
      vertex -0.913141 1.19003 5
      vertex -1.54294 2.12367 5
    endloop
  endfacet
  facet normal 0 0 1
    outer loop
      vertex -0.913141 1.19003 5
      vertex -1.75647 1.95076 5
      vertex -1.06066 1.06066 5
    endloop
  endfacet
  facet normal -0 0 1
    outer loop
      vertex -1.95076 1.75647 5
      vertex -1.06066 1.06066 5
      vertex -1.75647 1.95076 5
    endloop
  endfacet
  facet normal 0 0 1
    outer loop
      vertex -1.06066 1.06066 5
      vertex -1.95076 1.75647 5
      vertex -1.19003 0.913141 5
    endloop
  endfacet
  facet normal -0 0 1
    outer loop
      vertex -2.12367 1.54294 5
      vertex -1.19003 0.913141 5
      vertex -1.95076 1.75647 5
    endloop
  endfacet
  facet normal -0 0 1
    outer loop
      vertex -2.27332 1.3125 5
      vertex -1.29904 0.75 5
      vertex -2.12367 1.54294 5
    endloop
  endfacet
  facet normal 0 0 1
    outer loop
      vertex -1.19003 0.913141 5
      vertex -2.12367 1.54294 5
      vertex -1.29904 0.75 5
    endloop
  endfacet
  facet normal 0 0 1
    outer loop
      vertex 2.27332 -1.3125 5
      vertex 1.29904 -0.75 5
      vertex 2.12367 -1.54294 5
    endloop
  endfacet
  facet normal -0 0 1
    outer loop
      vertex 1.19003 -0.913141 5
      vertex 2.12367 -1.54294 5
      vertex 1.29904 -0.75 5
    endloop
  endfacet
  facet normal 0 0 1
    outer loop
      vertex 2.12367 -1.54294 5
      vertex 1.19003 -0.913141 5
      vertex 1.95076 -1.75647 5
    endloop
  endfacet
  facet normal -0 0 1
    outer loop
      vertex 1.06066 -1.06066 5
      vertex 1.95076 -1.75647 5
      vertex 1.19003 -0.913141 5
    endloop
  endfacet
  facet normal 0 0 1
    outer loop
      vertex 1.95076 -1.75647 5
      vertex 1.06066 -1.06066 5
      vertex 1.75647 -1.95076 5
    endloop
  endfacet
  facet normal -0 0 1
    outer loop
      vertex 0.913141 -1.19003 5
      vertex 1.75647 -1.95076 5
      vertex 1.06066 -1.06066 5
    endloop
  endfacet
  facet normal 0 0 1
    outer loop
      vertex 1.75647 -1.95076 5
      vertex 0.913141 -1.19003 5
      vertex 1.54294 -2.12367 5
    endloop
  endfacet
  facet normal -0 0 1
    outer loop
      vertex 0.75 -1.29904 5
      vertex 1.54294 -2.12367 5
      vertex 0.913141 -1.19003 5
    endloop
  endfacet
  facet normal 0 0 1
    outer loop
      vertex 1.54294 -2.12367 5
      vertex 0.75 -1.29904 5
      vertex 1.3125 -2.27332 5
    endloop
  endfacet
  facet normal 0 0 1
    outer loop
      vertex 1.3125 -2.27332 5
      vertex 0.75 -1.29904 5
      vertex 1.06768 -2.39806 5
    endloop
  endfacet
  facet normal -0 0 1
    outer loop
      vertex 0.574024 -1.38582 5
      vertex 1.06768 -2.39806 5
      vertex 0.75 -1.29904 5
    endloop
  endfacet
  facet normal 0 0 1
    outer loop
      vertex 1.06768 -2.39806 5
      vertex 0.574024 -1.38582 5
      vertex 0.811169 -2.49652 5
    endloop
  endfacet
  facet normal -0 0 1
    outer loop
      vertex 0.388228 -1.44889 5
      vertex 0.811169 -2.49652 5
      vertex 0.574024 -1.38582 5
    endloop
  endfacet
  facet normal 0 0 1
    outer loop
      vertex 0.811169 -2.49652 5
      vertex 0.388228 -1.44889 5
      vertex 0.545768 -2.56764 5
    endloop
  endfacet
  facet normal -0 0 1
    outer loop
      vertex 0.195788 -1.48717 5
      vertex 0.545768 -2.56764 5
      vertex 0.388228 -1.44889 5
    endloop
  endfacet
  facet normal 0 0 1
    outer loop
      vertex 0.545768 -2.56764 5
      vertex 0.195788 -1.48717 5
      vertex 0.274386 -2.61062 5
    endloop
  endfacet
  facet normal -0 0 1
    outer loop
      vertex 0 -1.5 5
      vertex 0.274386 -2.61062 5
      vertex 0.195788 -1.48717 5
    endloop
  endfacet
  facet normal 0 0 1
    outer loop
      vertex 0 -1.5 5
      vertex 0 -2.625 5
      vertex 0.274386 -2.61062 5
    endloop
  endfacet
  facet normal 0 0 1
    outer loop
      vertex -0.274386 -2.61062 5
      vertex 0 -1.5 5
      vertex -0.195788 -1.48717 5
    endloop
  endfacet
  facet normal 0 0 1
    outer loop
      vertex 0 -1.5 5
      vertex -0.274386 -2.61062 5
      vertex 0 -2.625 5
    endloop
  endfacet
  facet normal 0 0 1
    outer loop
      vertex -0.545768 -2.56764 5
      vertex -0.195788 -1.48717 5
      vertex -0.388228 -1.44889 5
    endloop
  endfacet
  facet normal 0 0 1
    outer loop
      vertex -0.195788 -1.48717 5
      vertex -0.545768 -2.56764 5
      vertex -0.274386 -2.61062 5
    endloop
  endfacet
  facet normal 0 0 1
    outer loop
      vertex -0.811169 -2.49652 5
      vertex -0.388228 -1.44889 5
      vertex -0.574024 -1.38582 5
    endloop
  endfacet
  facet normal 0 0 1
    outer loop
      vertex -1.06768 -2.39806 5
      vertex -0.574024 -1.38582 5
      vertex -0.75 -1.29904 5
    endloop
  endfacet
  facet normal 0 0 1
    outer loop
      vertex -0.388228 -1.44889 5
      vertex -0.811169 -2.49652 5
      vertex -0.545768 -2.56764 5
    endloop
  endfacet
  facet normal 0 0 1
    outer loop
      vertex -1.54294 -2.12367 5
      vertex -0.75 -1.29904 5
      vertex -0.913141 -1.19003 5
    endloop
  endfacet
  facet normal 0 0 1
    outer loop
      vertex -1.75647 -1.95076 5
      vertex -0.913141 -1.19003 5
      vertex -1.06066 -1.06066 5
    endloop
  endfacet
  facet normal 0 0 1
    outer loop
      vertex -0.574024 -1.38582 5
      vertex -1.06768 -2.39806 5
      vertex -0.811169 -2.49652 5
    endloop
  endfacet
  facet normal 0 0 1
    outer loop
      vertex -1.95076 -1.75647 5
      vertex -1.06066 -1.06066 5
      vertex -1.19003 -0.913141 5
    endloop
  endfacet
  facet normal 0 0 1
    outer loop
      vertex -2.12367 -1.54294 5
      vertex -1.19003 -0.913141 5
      vertex -1.29904 -0.75 5
    endloop
  endfacet
  facet normal 0 0 1
    outer loop
      vertex -0.75 -1.29904 5
      vertex -1.3125 -2.27332 5
      vertex -1.06768 -2.39806 5
    endloop
  endfacet
  facet normal 0 0 1
    outer loop
      vertex -2.39806 -1.06768 5
      vertex -1.29904 -0.75 5
      vertex -1.38582 -0.574024 5
    endloop
  endfacet
  facet normal 0 0 1
    outer loop
      vertex -2.49652 -0.811169 5
      vertex -1.38582 -0.574024 5
      vertex -1.44889 -0.388228 5
    endloop
  endfacet
  facet normal 0 0 1
    outer loop
      vertex -2.56764 -0.545768 5
      vertex -1.44889 -0.388228 5
      vertex -1.48717 -0.195788 5
    endloop
  endfacet
  facet normal 0 0 1
    outer loop
      vertex -0.75 -1.29904 5
      vertex -1.54294 -2.12367 5
      vertex -1.3125 -2.27332 5
    endloop
  endfacet
  facet normal 0 0 1
    outer loop
      vertex -2.61062 -0.274386 5
      vertex -1.48717 -0.195788 5
      vertex -1.5 0 5
    endloop
  endfacet
  facet normal -0 0 1
    outer loop
      vertex -2.39806 1.06768 5
      vertex -1.29904 0.75 5
      vertex -2.27332 1.3125 5
    endloop
  endfacet
  facet normal 0 0 1
    outer loop
      vertex -1.29904 0.75 5
      vertex -2.39806 1.06768 5
      vertex -1.38582 0.574024 5
    endloop
  endfacet
  facet normal 0 0 1
    outer loop
      vertex -0.913141 -1.19003 5
      vertex -1.75647 -1.95076 5
      vertex -1.54294 -2.12367 5
    endloop
  endfacet
  facet normal -0 0 1
    outer loop
      vertex -2.49652 0.811169 5
      vertex -1.38582 0.574024 5
      vertex -2.39806 1.06768 5
    endloop
  endfacet
  facet normal 0 0 1
    outer loop
      vertex -1.06066 -1.06066 5
      vertex -1.95076 -1.75647 5
      vertex -1.75647 -1.95076 5
    endloop
  endfacet
  facet normal 0 0 1
    outer loop
      vertex -1.38582 0.574024 5
      vertex -2.49652 0.811169 5
      vertex -1.44889 0.388228 5
    endloop
  endfacet
  facet normal 0 0 1
    outer loop
      vertex -1.19003 -0.913141 5
      vertex -2.12367 -1.54294 5
      vertex -1.95076 -1.75647 5
    endloop
  endfacet
  facet normal -0 0 1
    outer loop
      vertex -2.56764 0.545768 5
      vertex -1.44889 0.388228 5
      vertex -2.49652 0.811169 5
    endloop
  endfacet
  facet normal 0 0 1
    outer loop
      vertex -1.29904 -0.75 5
      vertex -2.27332 -1.3125 5
      vertex -2.12367 -1.54294 5
    endloop
  endfacet
  facet normal 0 0 1
    outer loop
      vertex -1.44889 0.388228 5
      vertex -2.56764 0.545768 5
      vertex -1.48717 0.195788 5
    endloop
  endfacet
  facet normal 0 0 1
    outer loop
      vertex -1.29904 -0.75 5
      vertex -2.39806 -1.06768 5
      vertex -2.27332 -1.3125 5
    endloop
  endfacet
  facet normal -0 0 1
    outer loop
      vertex -2.61062 0.274386 5
      vertex -1.48717 0.195788 5
      vertex -2.56764 0.545768 5
    endloop
  endfacet
  facet normal 0 0 1
    outer loop
      vertex -1.38582 -0.574024 5
      vertex -2.49652 -0.811169 5
      vertex -2.39806 -1.06768 5
    endloop
  endfacet
  facet normal 0 0 1
    outer loop
      vertex -1.48717 0.195788 5
      vertex -2.61062 0.274386 5
      vertex -1.5 0 5
    endloop
  endfacet
  facet normal 0 0 1
    outer loop
      vertex -1.44889 -0.388228 5
      vertex -2.56764 -0.545768 5
      vertex -2.49652 -0.811169 5
    endloop
  endfacet
  facet normal 0 0 1
    outer loop
      vertex -2.625 0 5
      vertex -1.5 0 5
      vertex -2.61062 0.274386 5
    endloop
  endfacet
  facet normal 0 0 1
    outer loop
      vertex -1.48717 -0.195788 5
      vertex -2.61062 -0.274386 5
      vertex -2.56764 -0.545768 5
    endloop
  endfacet
  facet normal 0 0 1
    outer loop
      vertex -1.5 0 5
      vertex -2.625 0 5
      vertex -2.61062 -0.274386 5
    endloop
  endfacet
  facet normal -0.940429 0.14894 0.30563
    outer loop
      vertex -2.56764 0.545768 5
      vertex -3.72946 0.391981 1.5
      vertex -2.61062 0.274386 5
    endloop
  endfacet
  facet normal 0.148964 -0.940426 0.305628
    outer loop
      vertex 0.545768 -2.56764 5
      vertex 0.391981 -3.72946 1.5
      vertex 0.779669 -3.66805 1.5
    endloop
  endfacet
  facet normal 0.246434 -0.919708 0.305628
    outer loop
      vertex 1.15881 -3.56646 1.5
      vertex 0.545768 -2.56764 5
      vertex 0.779669 -3.66805 1.5
    endloop
  endfacet
  facet normal -0.14894 -0.940429 0.30563
    outer loop
      vertex -0.274386 -2.61062 5
      vertex -0.545768 -2.56764 5
      vertex -0.391981 -3.72946 1.5
    endloop
  endfacet
  facet normal -0.0498318 -0.950846 0.30563
    outer loop
      vertex -0.274386 -2.61062 5
      vertex -0.391981 -3.72946 1.5
      vertex 0 -2.625 5
    endloop
  endfacet
  facet normal -0.246434 -0.919708 0.305628
    outer loop
      vertex -0.545768 -2.56764 5
      vertex -1.15881 -3.56646 1.5
      vertex -0.779669 -3.66805 1.5
    endloop
  endfacet
  facet normal -0.599202 -0.739966 0.305627
    outer loop
      vertex -1.75647 -1.95076 5
      vertex -2.20419 -3.03381 1.5
      vertex -1.54294 -2.12367 5
    endloop
  endfacet
  facet normal -0.432265 -0.848374 0.305627
    outer loop
      vertex -1.3125 -2.27332 5
      vertex -1.875 -3.24759 1.5
      vertex -1.52526 -3.42579 1.5
    endloop
  endfacet
  facet normal -0.518581 -0.79854 0.305627
    outer loop
      vertex -1.3125 -2.27332 5
      vertex -2.20419 -3.03381 1.5
      vertex -1.875 -3.24759 1.5
    endloop
  endfacet
  facet normal 0.341227 0.888907 0.305627
    outer loop
      vertex 1.15881 3.56646 1.5
      vertex 1.06768 2.39806 5
      vertex 1.52526 3.42579 1.5
    endloop
  endfacet
  facet normal 0.341204 0.888915 0.305629
    outer loop
      vertex 1.15881 3.56646 1.5
      vertex 0.811169 2.49652 5
      vertex 1.06768 2.39806 5
    endloop
  endfacet
  facet normal 0.599202 -0.739966 0.305627
    outer loop
      vertex 1.75647 -1.95076 5
      vertex 1.54294 -2.12367 5
      vertex 2.20419 -3.03381 1.5
    endloop
  endfacet
  facet normal 0.599201 -0.739966 0.305627
    outer loop
      vertex 2.50924 -2.78679 1.5
      vertex 1.75647 -1.95076 5
      vertex 2.20419 -3.03381 1.5
    endloop
  endfacet
  facet normal 0.341204 -0.888915 0.305629
    outer loop
      vertex 1.06768 -2.39806 5
      vertex 0.811169 -2.49652 5
      vertex 1.15881 -3.56646 1.5
    endloop
  endfacet
  facet normal 0.888915 -0.341204 0.305629
    outer loop
      vertex 2.49652 -0.811169 5
      vertex 2.39806 -1.06768 5
      vertex 3.56646 -1.15881 1.5
    endloop
  endfacet
  facet normal 0.940429 -0.14894 0.30563
    outer loop
      vertex 2.61062 -0.274386 5
      vertex 2.56764 -0.545768 5
      vertex 3.72946 -0.391981 1.5
    endloop
  endfacet
  facet normal 0.950846 -0.0498318 0.30563
    outer loop
      vertex 2.625 0 5
      vertex 2.61062 -0.274386 5
      vertex 3.72946 -0.391981 1.5
    endloop
  endfacet
  facet normal -0.848374 -0.432265 0.305627
    outer loop
      vertex -2.27332 -1.3125 5
      vertex -3.42579 -1.52526 1.5
      vertex -3.24759 -1.875 1.5
    endloop
  endfacet
  facet normal -0.79854 -0.51858 0.305627
    outer loop
      vertex -2.27332 -1.3125 5
      vertex -3.03381 -2.20419 1.5
      vertex -2.12367 -1.54294 5
    endloop
  endfacet
  facet normal -0.739966 -0.599202 0.305627
    outer loop
      vertex -2.12367 -1.54294 5
      vertex -3.03381 -2.20419 1.5
      vertex -1.95076 -1.75647 5
    endloop
  endfacet
  facet normal -0.940429 -0.14894 0.30563
    outer loop
      vertex -2.61062 -0.274386 5
      vertex -3.72946 -0.391981 1.5
      vertex -2.56764 -0.545768 5
    endloop
  endfacet
  facet normal -0.940426 -0.148964 0.305628
    outer loop
      vertex -2.56764 -0.545768 5
      vertex -3.72946 -0.391981 1.5
      vertex -3.66805 -0.779669 1.5
    endloop
  endfacet
  facet normal 0.0498318 -0.950846 0.30563
    outer loop
      vertex 0.274386 -2.61062 5
      vertex 0 -2.625 5
      vertex 0.391981 -3.72946 1.5
    endloop
  endfacet
  facet normal 0.14894 -0.940429 0.30563
    outer loop
      vertex 0.545768 -2.56764 5
      vertex 0.274386 -2.61062 5
      vertex 0.391981 -3.72946 1.5
    endloop
  endfacet
  facet normal -0.148964 -0.940426 0.305628
    outer loop
      vertex -0.545768 -2.56764 5
      vertex -0.779669 -3.66805 1.5
      vertex -0.391981 -3.72946 1.5
    endloop
  endfacet
  facet normal -0.341204 -0.888915 0.305629
    outer loop
      vertex -1.06768 -2.39806 5
      vertex -1.15881 -3.56646 1.5
      vertex -0.811169 -2.49652 5
    endloop
  endfacet
  facet normal -0.51858 -0.79854 0.305627
    outer loop
      vertex -1.54294 -2.12367 5
      vertex -2.20419 -3.03381 1.5
      vertex -1.3125 -2.27332 5
    endloop
  endfacet
  facet normal -0.888907 -0.341227 0.305627
    outer loop
      vertex -2.39806 -1.06768 5
      vertex -3.56646 -1.15881 1.5
      vertex -3.42579 -1.52526 1.5
    endloop
  endfacet
  facet normal -0.848376 -0.432262 0.305627
    outer loop
      vertex -2.39806 -1.06768 5
      vertex -3.42579 -1.52526 1.5
      vertex -2.27332 -1.3125 5
    endloop
  endfacet
  facet normal -0.432262 -0.848376 0.305627
    outer loop
      vertex -1.3125 -2.27332 5
      vertex -1.52526 -3.42579 1.5
      vertex -1.06768 -2.39806 5
    endloop
  endfacet
  facet normal -0.341227 -0.888907 0.305627
    outer loop
      vertex -1.06768 -2.39806 5
      vertex -1.52526 -3.42579 1.5
      vertex -1.15881 -3.56646 1.5
    endloop
  endfacet
  facet normal 0.659344 0.751842 -0
    outer loop
      vertex 1.06066 1.06066 5
      vertex 0.913141 1.19003 6.2
      vertex 1.06066 1.06066 6.2
    endloop
  endfacet
  facet normal 0.659344 0.751842 0
    outer loop
      vertex 0.913141 1.19003 6.2
      vertex 1.06066 1.06066 5
      vertex 0.913141 1.19003 5
    endloop
  endfacet
  facet normal 0.980784 -0.195097 0
    outer loop
      vertex 1.44889 -0.388228 6.2
      vertex 1.48717 -0.195788 5
      vertex 1.48717 -0.195788 6.2
    endloop
  endfacet
  facet normal 0.980784 -0.195097 0
    outer loop
      vertex 1.48717 -0.195788 5
      vertex 1.44889 -0.388228 6.2
      vertex 1.44889 -0.388228 5
    endloop
  endfacet
  facet normal -0.321443 -0.946929 0
    outer loop
      vertex -0.574024 -1.38582 5
      vertex -0.388228 -1.44889 6.2
      vertex -0.574024 -1.38582 6.2
    endloop
  endfacet
  facet normal -0.321443 -0.946929 -0
    outer loop
      vertex -0.388228 -1.44889 6.2
      vertex -0.574024 -1.38582 5
      vertex -0.388228 -1.44889 5
    endloop
  endfacet
  facet normal -0.321443 0.946929 0
    outer loop
      vertex -0.388228 1.44889 5
      vertex -0.574024 1.38582 6.2
      vertex -0.388228 1.44889 6.2
    endloop
  endfacet
  facet normal -0.321443 0.946929 0
    outer loop
      vertex -0.574024 1.38582 6.2
      vertex -0.388228 1.44889 5
      vertex -0.574024 1.38582 5
    endloop
  endfacet
  facet normal -0.896876 0.442281 0
    outer loop
      vertex -1.38582 0.574024 5
      vertex -1.29904 0.75 6.2
      vertex -1.29904 0.75 5
    endloop
  endfacet
  facet normal -0.896876 0.442281 0
    outer loop
      vertex -1.29904 0.75 6.2
      vertex -1.38582 0.574024 5
      vertex -1.38582 0.574024 6.2
    endloop
  endfacet
  facet normal 0.896876 0.442281 0
    outer loop
      vertex 1.38582 0.574024 6.2
      vertex 1.29904 0.75 5
      vertex 1.29904 0.75 6.2
    endloop
  endfacet
  facet normal 0.896876 0.442281 0
    outer loop
      vertex 1.29904 0.75 5
      vertex 1.38582 0.574024 6.2
      vertex 1.38582 0.574024 5
    endloop
  endfacet
  facet normal 0.980784 0.195097 0
    outer loop
      vertex 1.48717 0.195788 6.2
      vertex 1.44889 0.388228 5
      vertex 1.44889 0.388228 6.2
    endloop
  endfacet
  facet normal 0.980784 0.195097 0
    outer loop
      vertex 1.44889 0.388228 5
      vertex 1.48717 0.195788 6.2
      vertex 1.48717 0.195788 5
    endloop
  endfacet
  facet normal 0.831463 0.55558 0
    outer loop
      vertex 1.29904 0.75 6.2
      vertex 1.19003 0.913141 5
      vertex 1.19003 0.913141 6.2
    endloop
  endfacet
  facet normal 0.831463 0.55558 0
    outer loop
      vertex 1.19003 0.913141 5
      vertex 1.29904 0.75 6.2
      vertex 1.29904 0.75 5
    endloop
  endfacet
  facet normal 0.751842 0.659344 0
    outer loop
      vertex 1.19003 0.913141 6.2
      vertex 1.06066 1.06066 5
      vertex 1.06066 1.06066 6.2
    endloop
  endfacet
  facet normal 0.751842 0.659344 0
    outer loop
      vertex 1.06066 1.06066 5
      vertex 1.19003 0.913141 6.2
      vertex 1.19003 0.913141 5
    endloop
  endfacet
  facet normal 0.442281 0.896876 -0
    outer loop
      vertex 0.75 1.29904 5
      vertex 0.574024 1.38582 6.2
      vertex 0.75 1.29904 6.2
    endloop
  endfacet
  facet normal 0.442281 0.896876 0
    outer loop
      vertex 0.574024 1.38582 6.2
      vertex 0.75 1.29904 5
      vertex 0.574024 1.38582 5
    endloop
  endfacet
  facet normal 0.195097 0.980784 -0
    outer loop
      vertex 0.388228 1.44889 5
      vertex 0.195788 1.48717 6.2
      vertex 0.388228 1.44889 6.2
    endloop
  endfacet
  facet normal 0.195097 0.980784 0
    outer loop
      vertex 0.195788 1.48717 6.2
      vertex 0.388228 1.44889 5
      vertex 0.195788 1.48717 5
    endloop
  endfacet
  facet normal -0.980784 0.195097 0
    outer loop
      vertex -1.48717 0.195788 5
      vertex -1.44889 0.388228 6.2
      vertex -1.44889 0.388228 5
    endloop
  endfacet
  facet normal -0.980784 0.195097 0
    outer loop
      vertex -1.44889 0.388228 6.2
      vertex -1.48717 0.195788 5
      vertex -1.48717 0.195788 6.2
    endloop
  endfacet
  facet normal -0.751842 0.659344 0
    outer loop
      vertex -1.19003 0.913141 5
      vertex -1.06066 1.06066 6.2
      vertex -1.06066 1.06066 5
    endloop
  endfacet
  facet normal -0.751842 0.659344 0
    outer loop
      vertex -1.06066 1.06066 6.2
      vertex -1.19003 0.913141 5
      vertex -1.19003 0.913141 6.2
    endloop
  endfacet
  facet normal -0.442281 0.896876 0
    outer loop
      vertex -0.574024 1.38582 5
      vertex -0.75 1.29904 6.2
      vertex -0.574024 1.38582 6.2
    endloop
  endfacet
  facet normal -0.442281 0.896876 0
    outer loop
      vertex -0.75 1.29904 6.2
      vertex -0.574024 1.38582 5
      vertex -0.75 1.29904 5
    endloop
  endfacet
  facet normal -0.195097 0.980784 0
    outer loop
      vertex -0.195788 1.48717 5
      vertex -0.388228 1.44889 6.2
      vertex -0.195788 1.48717 6.2
    endloop
  endfacet
  facet normal -0.195097 0.980784 0
    outer loop
      vertex -0.388228 1.44889 6.2
      vertex -0.195788 1.48717 5
      vertex -0.388228 1.44889 5
    endloop
  endfacet
  facet normal 0.99786 0.0653898 0
    outer loop
      vertex 1.5 0 6.2
      vertex 1.48717 0.195788 5
      vertex 1.48717 0.195788 6.2
    endloop
  endfacet
  facet normal 0.99786 0.0653898 0
    outer loop
      vertex 1.48717 0.195788 5
      vertex 1.5 0 6.2
      vertex 1.5 0 5
    endloop
  endfacet
  facet normal 0.946929 -0.321443 0
    outer loop
      vertex 1.38582 -0.574024 6.2
      vertex 1.44889 -0.388228 5
      vertex 1.44889 -0.388228 6.2
    endloop
  endfacet
  facet normal 0.946929 -0.321443 0
    outer loop
      vertex 1.44889 -0.388228 5
      vertex 1.38582 -0.574024 6.2
      vertex 1.38582 -0.574024 5
    endloop
  endfacet
  facet normal 0.321443 -0.946929 0
    outer loop
      vertex 0.388228 -1.44889 5
      vertex 0.574024 -1.38582 6.2
      vertex 0.388228 -1.44889 6.2
    endloop
  endfacet
  facet normal 0.321443 -0.946929 0
    outer loop
      vertex 0.574024 -1.38582 6.2
      vertex 0.388228 -1.44889 5
      vertex 0.574024 -1.38582 5
    endloop
  endfacet
  facet normal 0.442281 -0.896876 0
    outer loop
      vertex 0.574024 -1.38582 5
      vertex 0.75 -1.29904 6.2
      vertex 0.574024 -1.38582 6.2
    endloop
  endfacet
  facet normal 0.442281 -0.896876 0
    outer loop
      vertex 0.75 -1.29904 6.2
      vertex 0.574024 -1.38582 5
      vertex 0.75 -1.29904 5
    endloop
  endfacet
  facet normal -0.195097 -0.980784 0
    outer loop
      vertex -0.388228 -1.44889 5
      vertex -0.195788 -1.48717 6.2
      vertex -0.388228 -1.44889 6.2
    endloop
  endfacet
  facet normal -0.195097 -0.980784 -0
    outer loop
      vertex -0.195788 -1.48717 6.2
      vertex -0.388228 -1.44889 5
      vertex -0.195788 -1.48717 5
    endloop
  endfacet
  facet normal -0.659344 -0.751842 0
    outer loop
      vertex -1.06066 -1.06066 5
      vertex -0.913141 -1.19003 6.2
      vertex -1.06066 -1.06066 6.2
    endloop
  endfacet
  facet normal -0.659344 -0.751842 -0
    outer loop
      vertex -0.913141 -1.19003 6.2
      vertex -1.06066 -1.06066 5
      vertex -0.913141 -1.19003 5
    endloop
  endfacet
  facet normal -0.896876 -0.442281 0
    outer loop
      vertex -1.29904 -0.75 5
      vertex -1.38582 -0.574024 6.2
      vertex -1.38582 -0.574024 5
    endloop
  endfacet
  facet normal -0.896876 -0.442281 0
    outer loop
      vertex -1.38582 -0.574024 6.2
      vertex -1.29904 -0.75 5
      vertex -1.29904 -0.75 6.2
    endloop
  endfacet
  facet normal 0.946929 0.321443 0
    outer loop
      vertex 1.44889 0.388228 6.2
      vertex 1.38582 0.574024 5
      vertex 1.38582 0.574024 6.2
    endloop
  endfacet
  facet normal 0.946929 0.321443 0
    outer loop
      vertex 1.38582 0.574024 5
      vertex 1.44889 0.388228 6.2
      vertex 1.44889 0.388228 5
    endloop
  endfacet
  facet normal 0.55558 0.831463 -0
    outer loop
      vertex 0.913141 1.19003 5
      vertex 0.75 1.29904 6.2
      vertex 0.913141 1.19003 6.2
    endloop
  endfacet
  facet normal 0.55558 0.831463 0
    outer loop
      vertex 0.75 1.29904 6.2
      vertex 0.913141 1.19003 5
      vertex 0.75 1.29904 5
    endloop
  endfacet
  facet normal 0.0653898 0.99786 -0
    outer loop
      vertex 0.195788 1.48717 5
      vertex 0 1.5 6.2
      vertex 0.195788 1.48717 6.2
    endloop
  endfacet
  facet normal 0.0653898 0.99786 0
    outer loop
      vertex 0 1.5 6.2
      vertex 0.195788 1.48717 5
      vertex 0 1.5 5
    endloop
  endfacet
  facet normal 0.321443 0.946929 -0
    outer loop
      vertex 0.574024 1.38582 5
      vertex 0.388228 1.44889 6.2
      vertex 0.574024 1.38582 6.2
    endloop
  endfacet
  facet normal 0.321443 0.946929 0
    outer loop
      vertex 0.388228 1.44889 6.2
      vertex 0.574024 1.38582 5
      vertex 0.388228 1.44889 5
    endloop
  endfacet
  facet normal -0.99786 0.0653898 0
    outer loop
      vertex -1.5 0 5
      vertex -1.48717 0.195788 6.2
      vertex -1.48717 0.195788 5
    endloop
  endfacet
  facet normal -0.99786 0.0653898 0
    outer loop
      vertex -1.48717 0.195788 6.2
      vertex -1.5 0 5
      vertex -1.5 0 6.2
    endloop
  endfacet
  facet normal -0.946929 0.321443 0
    outer loop
      vertex -1.44889 0.388228 5
      vertex -1.38582 0.574024 6.2
      vertex -1.38582 0.574024 5
    endloop
  endfacet
  facet normal -0.946929 0.321443 0
    outer loop
      vertex -1.38582 0.574024 6.2
      vertex -1.44889 0.388228 5
      vertex -1.44889 0.388228 6.2
    endloop
  endfacet
  facet normal -0.831463 0.55558 0
    outer loop
      vertex -1.29904 0.75 5
      vertex -1.19003 0.913141 6.2
      vertex -1.19003 0.913141 5
    endloop
  endfacet
  facet normal -0.831463 0.55558 0
    outer loop
      vertex -1.19003 0.913141 6.2
      vertex -1.29904 0.75 5
      vertex -1.29904 0.75 6.2
    endloop
  endfacet
  facet normal -0.0653898 0.99786 0
    outer loop
      vertex 0 1.5 5
      vertex -0.195788 1.48717 6.2
      vertex 0 1.5 6.2
    endloop
  endfacet
  facet normal -0.0653898 0.99786 0
    outer loop
      vertex -0.195788 1.48717 6.2
      vertex 0 1.5 5
      vertex -0.195788 1.48717 5
    endloop
  endfacet
  facet normal -0.55558 0.831463 0
    outer loop
      vertex -0.75 1.29904 5
      vertex -0.913141 1.19003 6.2
      vertex -0.75 1.29904 6.2
    endloop
  endfacet
  facet normal -0.55558 0.831463 0
    outer loop
      vertex -0.913141 1.19003 6.2
      vertex -0.75 1.29904 5
      vertex -0.913141 1.19003 5
    endloop
  endfacet
  facet normal -0.659344 0.751842 0
    outer loop
      vertex -0.913141 1.19003 5
      vertex -1.06066 1.06066 6.2
      vertex -0.913141 1.19003 6.2
    endloop
  endfacet
  facet normal -0.659344 0.751842 0
    outer loop
      vertex -1.06066 1.06066 6.2
      vertex -0.913141 1.19003 5
      vertex -1.06066 1.06066 5
    endloop
  endfacet
  facet normal 0.99786 -0.0653898 0
    outer loop
      vertex 1.48717 -0.195788 6.2
      vertex 1.5 0 5
      vertex 1.5 0 6.2
    endloop
  endfacet
  facet normal 0.99786 -0.0653898 0
    outer loop
      vertex 1.5 0 5
      vertex 1.48717 -0.195788 6.2
      vertex 1.48717 -0.195788 5
    endloop
  endfacet
  facet normal 0.0653898 -0.99786 0
    outer loop
      vertex 0 -1.5 5
      vertex 0.195788 -1.48717 6.2
      vertex 0 -1.5 6.2
    endloop
  endfacet
  facet normal 0.0653898 -0.99786 0
    outer loop
      vertex 0.195788 -1.48717 6.2
      vertex 0 -1.5 5
      vertex 0.195788 -1.48717 5
    endloop
  endfacet
  facet normal 0.751842 -0.659344 0
    outer loop
      vertex 1.06066 -1.06066 6.2
      vertex 1.19003 -0.913141 5
      vertex 1.19003 -0.913141 6.2
    endloop
  endfacet
  facet normal 0.751842 -0.659344 0
    outer loop
      vertex 1.19003 -0.913141 5
      vertex 1.06066 -1.06066 6.2
      vertex 1.06066 -1.06066 5
    endloop
  endfacet
  facet normal 0.195097 -0.980784 0
    outer loop
      vertex 0.195788 -1.48717 5
      vertex 0.388228 -1.44889 6.2
      vertex 0.195788 -1.48717 6.2
    endloop
  endfacet
  facet normal 0.195097 -0.980784 0
    outer loop
      vertex 0.388228 -1.44889 6.2
      vertex 0.195788 -1.48717 5
      vertex 0.388228 -1.44889 5
    endloop
  endfacet
  facet normal 0.55558 -0.831463 0
    outer loop
      vertex 0.75 -1.29904 5
      vertex 0.913141 -1.19003 6.2
      vertex 0.75 -1.29904 6.2
    endloop
  endfacet
  facet normal 0.55558 -0.831463 0
    outer loop
      vertex 0.913141 -1.19003 6.2
      vertex 0.75 -1.29904 5
      vertex 0.913141 -1.19003 5
    endloop
  endfacet
  facet normal -0.0653898 -0.99786 0
    outer loop
      vertex -0.195788 -1.48717 5
      vertex 0 -1.5 6.2
      vertex -0.195788 -1.48717 6.2
    endloop
  endfacet
  facet normal -0.0653898 -0.99786 -0
    outer loop
      vertex 0 -1.5 6.2
      vertex -0.195788 -1.48717 5
      vertex 0 -1.5 5
    endloop
  endfacet
  facet normal -0.442281 -0.896876 0
    outer loop
      vertex -0.75 -1.29904 5
      vertex -0.574024 -1.38582 6.2
      vertex -0.75 -1.29904 6.2
    endloop
  endfacet
  facet normal -0.442281 -0.896876 -0
    outer loop
      vertex -0.574024 -1.38582 6.2
      vertex -0.75 -1.29904 5
      vertex -0.574024 -1.38582 5
    endloop
  endfacet
  facet normal -0.946929 -0.321443 0
    outer loop
      vertex -1.38582 -0.574024 5
      vertex -1.44889 -0.388228 6.2
      vertex -1.44889 -0.388228 5
    endloop
  endfacet
  facet normal -0.946929 -0.321443 0
    outer loop
      vertex -1.44889 -0.388228 6.2
      vertex -1.38582 -0.574024 5
      vertex -1.38582 -0.574024 6.2
    endloop
  endfacet
  facet normal -0.99786 -0.0653898 0
    outer loop
      vertex -1.48717 -0.195788 5
      vertex -1.5 0 6.2
      vertex -1.5 0 5
    endloop
  endfacet
  facet normal -0.99786 -0.0653898 0
    outer loop
      vertex -1.5 0 6.2
      vertex -1.48717 -0.195788 5
      vertex -1.48717 -0.195788 6.2
    endloop
  endfacet
  facet normal -0.831463 -0.55558 0
    outer loop
      vertex -1.19003 -0.913141 5
      vertex -1.29904 -0.75 6.2
      vertex -1.29904 -0.75 5
    endloop
  endfacet
  facet normal -0.831463 -0.55558 0
    outer loop
      vertex -1.29904 -0.75 6.2
      vertex -1.19003 -0.913141 5
      vertex -1.19003 -0.913141 6.2
    endloop
  endfacet
  facet normal -0.751842 -0.659344 0
    outer loop
      vertex -1.06066 -1.06066 5
      vertex -1.19003 -0.913141 6.2
      vertex -1.19003 -0.913141 5
    endloop
  endfacet
  facet normal -0.751842 -0.659344 0
    outer loop
      vertex -1.19003 -0.913141 6.2
      vertex -1.06066 -1.06066 5
      vertex -1.06066 -1.06066 6.2
    endloop
  endfacet
  facet normal 0 0 1
    outer loop
      vertex 0.799999 0 6.2
      vertex 1.5 0 6.2
      vertex 1.48717 0.195788 6.2
    endloop
  endfacet
  facet normal 0 0 1
    outer loop
      vertex 0.793156 0.104421 6.2
      vertex 1.48717 0.195788 6.2
      vertex 1.44889 0.388228 6.2
    endloop
  endfacet
  facet normal 0 0 1
    outer loop
      vertex 1.5 0 6.2
      vertex 0.799999 0 6.2
      vertex 1.48717 -0.195788 6.2
    endloop
  endfacet
  facet normal 0 0 1
    outer loop
      vertex 0.77274 0.207055 6.2
      vertex 1.44889 0.388228 6.2
      vertex 1.38582 0.574024 6.2
    endloop
  endfacet
  facet normal -0 0 1
    outer loop
      vertex 0.793156 -0.104421 6.2
      vertex 1.48717 -0.195788 6.2
      vertex 0.799999 0 6.2
    endloop
  endfacet
  facet normal 0 0 1
    outer loop
      vertex 0.739103 0.306147 6.2
      vertex 1.38582 0.574024 6.2
      vertex 1.29904 0.75 6.2
    endloop
  endfacet
  facet normal 0 0 1
    outer loop
      vertex 1.48717 -0.195788 6.2
      vertex 0.793156 -0.104421 6.2
      vertex 1.44889 -0.388228 6.2
    endloop
  endfacet
  facet normal 0 0 1
    outer loop
      vertex 0.69282 0.4 6.2
      vertex 1.29904 0.75 6.2
      vertex 1.19003 0.913141 6.2
    endloop
  endfacet
  facet normal -0 0 1
    outer loop
      vertex 0.77274 -0.207055 6.2
      vertex 1.44889 -0.388228 6.2
      vertex 0.793156 -0.104421 6.2
    endloop
  endfacet
  facet normal 0 0 1
    outer loop
      vertex 0.634683 0.487009 6.2
      vertex 1.19003 0.913141 6.2
      vertex 1.06066 1.06066 6.2
    endloop
  endfacet
  facet normal 0 0 1
    outer loop
      vertex 1.44889 -0.388228 6.2
      vertex 0.77274 -0.207055 6.2
      vertex 1.38582 -0.574024 6.2
    endloop
  endfacet
  facet normal 0 0 1
    outer loop
      vertex 0.565685 0.565685 6.2
      vertex 1.06066 1.06066 6.2
      vertex 0.913141 1.19003 6.2
    endloop
  endfacet
  facet normal -0 0 1
    outer loop
      vertex 0.739103 -0.306147 6.2
      vertex 1.38582 -0.574024 6.2
      vertex 0.77274 -0.207055 6.2
    endloop
  endfacet
  facet normal 0 0 1
    outer loop
      vertex 1.38582 -0.574024 6.2
      vertex 0.739103 -0.306147 6.2
      vertex 1.29904 -0.75 6.2
    endloop
  endfacet
  facet normal 0 0 1
    outer loop
      vertex 1.48717 0.195788 6.2
      vertex 0.793156 0.104421 6.2
      vertex 0.799999 0 6.2
    endloop
  endfacet
  facet normal 0 0 1
    outer loop
      vertex 1.44889 0.388228 6.2
      vertex 0.77274 0.207055 6.2
      vertex 0.793156 0.104421 6.2
    endloop
  endfacet
  facet normal 0 0 1
    outer loop
      vertex 0.487009 0.634683 6.2
      vertex 0.913141 1.19003 6.2
      vertex 0.75 1.29904 6.2
    endloop
  endfacet
  facet normal 0 0 1
    outer loop
      vertex 1.38582 0.574024 6.2
      vertex 0.739103 0.306147 6.2
      vertex 0.77274 0.207055 6.2
    endloop
  endfacet
  facet normal 0 0 1
    outer loop
      vertex 1.29904 0.75 6.2
      vertex 0.69282 0.4 6.2
      vertex 0.739103 0.306147 6.2
    endloop
  endfacet
  facet normal 0 0 1
    outer loop
      vertex 1.19003 0.913141 6.2
      vertex 0.634683 0.487009 6.2
      vertex 0.69282 0.4 6.2
    endloop
  endfacet
  facet normal 0 0 1
    outer loop
      vertex 0.4 0.69282 6.2
      vertex 0.75 1.29904 6.2
      vertex 0.574024 1.38582 6.2
    endloop
  endfacet
  facet normal 0 0 1
    outer loop
      vertex 1.06066 1.06066 6.2
      vertex 0.565685 0.565685 6.2
      vertex 0.634683 0.487009 6.2
    endloop
  endfacet
  facet normal 0 0 1
    outer loop
      vertex 0.913141 1.19003 6.2
      vertex 0.487009 0.634683 6.2
      vertex 0.565685 0.565685 6.2
    endloop
  endfacet
  facet normal 0 0 1
    outer loop
      vertex 0.75 1.29904 6.2
      vertex 0.4 0.69282 6.2
      vertex 0.487009 0.634683 6.2
    endloop
  endfacet
  facet normal 0 0 1
    outer loop
      vertex 0.306147 0.739103 6.2
      vertex 0.574024 1.38582 6.2
      vertex 0.388228 1.44889 6.2
    endloop
  endfacet
  facet normal 0 0 1
    outer loop
      vertex 0.574024 1.38582 6.2
      vertex 0.306147 0.739103 6.2
      vertex 0.4 0.69282 6.2
    endloop
  endfacet
  facet normal 0 0 1
    outer loop
      vertex 0.388228 1.44889 6.2
      vertex 0.207055 0.77274 6.2
      vertex 0.306147 0.739103 6.2
    endloop
  endfacet
  facet normal 0 0 1
    outer loop
      vertex 0.195788 1.48717 6.2
      vertex 0.207055 0.77274 6.2
      vertex 0.388228 1.44889 6.2
    endloop
  endfacet
  facet normal 0 0 1
    outer loop
      vertex 0.195788 1.48717 6.2
      vertex 0.104421 0.793156 6.2
      vertex 0.207055 0.77274 6.2
    endloop
  endfacet
  facet normal 0 0 1
    outer loop
      vertex 0 1.5 6.2
      vertex 0.104421 0.793156 6.2
      vertex 0.195788 1.48717 6.2
    endloop
  endfacet
  facet normal 0 0 1
    outer loop
      vertex 0 1.5 6.2
      vertex 0 0.799999 6.2
      vertex 0.104421 0.793156 6.2
    endloop
  endfacet
  facet normal 0 0 1
    outer loop
      vertex 0 1.5 6.2
      vertex -0.104421 0.793156 6.2
      vertex 0 0.799999 6.2
    endloop
  endfacet
  facet normal -0 0 1
    outer loop
      vertex -0.195788 1.48717 6.2
      vertex -0.104421 0.793156 6.2
      vertex 0 1.5 6.2
    endloop
  endfacet
  facet normal 0 0 1
    outer loop
      vertex -0.195788 1.48717 6.2
      vertex -0.207055 0.77274 6.2
      vertex -0.104421 0.793156 6.2
    endloop
  endfacet
  facet normal -0 0 1
    outer loop
      vertex -0.388228 1.44889 6.2
      vertex -0.207055 0.77274 6.2
      vertex -0.195788 1.48717 6.2
    endloop
  endfacet
  facet normal 0 0 1
    outer loop
      vertex -0.207055 0.77274 6.2
      vertex -0.388228 1.44889 6.2
      vertex -0.306147 0.739103 6.2
    endloop
  endfacet
  facet normal -0 0 1
    outer loop
      vertex -0.574024 1.38582 6.2
      vertex -0.306147 0.739103 6.2
      vertex -0.388228 1.44889 6.2
    endloop
  endfacet
  facet normal 0 0 1
    outer loop
      vertex -0.306147 0.739103 6.2
      vertex -0.574024 1.38582 6.2
      vertex -0.4 0.69282 6.2
    endloop
  endfacet
  facet normal -0 0 1
    outer loop
      vertex -0.75 1.29904 6.2
      vertex -0.4 0.69282 6.2
      vertex -0.574024 1.38582 6.2
    endloop
  endfacet
  facet normal 0 0 1
    outer loop
      vertex -0.4 0.69282 6.2
      vertex -0.75 1.29904 6.2
      vertex -0.487009 0.634683 6.2
    endloop
  endfacet
  facet normal -0 0 1
    outer loop
      vertex -0.913141 1.19003 6.2
      vertex -0.487009 0.634683 6.2
      vertex -0.75 1.29904 6.2
    endloop
  endfacet
  facet normal 0 0 1
    outer loop
      vertex -0.487009 0.634683 6.2
      vertex -0.913141 1.19003 6.2
      vertex -0.565685 0.565685 6.2
    endloop
  endfacet
  facet normal -0 0 1
    outer loop
      vertex -1.06066 1.06066 6.2
      vertex -0.565685 0.565685 6.2
      vertex -0.913141 1.19003 6.2
    endloop
  endfacet
  facet normal 0 0 1
    outer loop
      vertex -0.565685 0.565685 6.2
      vertex -1.06066 1.06066 6.2
      vertex -0.634683 0.487009 6.2
    endloop
  endfacet
  facet normal -0 0 1
    outer loop
      vertex -1.19003 0.913141 6.2
      vertex -0.634683 0.487009 6.2
      vertex -1.06066 1.06066 6.2
    endloop
  endfacet
  facet normal 0 0 1
    outer loop
      vertex -0.634683 0.487009 6.2
      vertex -1.19003 0.913141 6.2
      vertex -0.69282 0.4 6.2
    endloop
  endfacet
  facet normal -0 0 1
    outer loop
      vertex -1.29904 0.75 6.2
      vertex -0.69282 0.4 6.2
      vertex -1.19003 0.913141 6.2
    endloop
  endfacet
  facet normal 0 0 1
    outer loop
      vertex -0.69282 0.4 6.2
      vertex -1.29904 0.75 6.2
      vertex -0.739103 0.306147 6.2
    endloop
  endfacet
  facet normal -0 0 1
    outer loop
      vertex 0.69282 -0.4 6.2
      vertex 1.29904 -0.75 6.2
      vertex 0.739103 -0.306147 6.2
    endloop
  endfacet
  facet normal 0 0 1
    outer loop
      vertex 1.29904 -0.75 6.2
      vertex 0.69282 -0.4 6.2
      vertex 1.19003 -0.913141 6.2
    endloop
  endfacet
  facet normal -0 0 1
    outer loop
      vertex 0.634683 -0.487009 6.2
      vertex 1.19003 -0.913141 6.2
      vertex 0.69282 -0.4 6.2
    endloop
  endfacet
  facet normal 0 0 1
    outer loop
      vertex 1.19003 -0.913141 6.2
      vertex 0.634683 -0.487009 6.2
      vertex 1.06066 -1.06066 6.2
    endloop
  endfacet
  facet normal -0 0 1
    outer loop
      vertex 0.565685 -0.565685 6.2
      vertex 1.06066 -1.06066 6.2
      vertex 0.634683 -0.487009 6.2
    endloop
  endfacet
  facet normal 0 0 1
    outer loop
      vertex 1.06066 -1.06066 6.2
      vertex 0.565685 -0.565685 6.2
      vertex 0.913141 -1.19003 6.2
    endloop
  endfacet
  facet normal -0 0 1
    outer loop
      vertex 0.487009 -0.634683 6.2
      vertex 0.913141 -1.19003 6.2
      vertex 0.565685 -0.565685 6.2
    endloop
  endfacet
  facet normal 0 0 1
    outer loop
      vertex 0.913141 -1.19003 6.2
      vertex 0.487009 -0.634683 6.2
      vertex 0.75 -1.29904 6.2
    endloop
  endfacet
  facet normal -0 0 1
    outer loop
      vertex 0.4 -0.69282 6.2
      vertex 0.75 -1.29904 6.2
      vertex 0.487009 -0.634683 6.2
    endloop
  endfacet
  facet normal 0 0 1
    outer loop
      vertex 0.75 -1.29904 6.2
      vertex 0.4 -0.69282 6.2
      vertex 0.574024 -1.38582 6.2
    endloop
  endfacet
  facet normal -0 0 1
    outer loop
      vertex 0.306147 -0.739103 6.2
      vertex 0.574024 -1.38582 6.2
      vertex 0.4 -0.69282 6.2
    endloop
  endfacet
  facet normal 0 0 1
    outer loop
      vertex 0.574024 -1.38582 6.2
      vertex 0.306147 -0.739103 6.2
      vertex 0.388228 -1.44889 6.2
    endloop
  endfacet
  facet normal -0 0 1
    outer loop
      vertex 0.207055 -0.77274 6.2
      vertex 0.388228 -1.44889 6.2
      vertex 0.306147 -0.739103 6.2
    endloop
  endfacet
  facet normal 0 0 1
    outer loop
      vertex 0.207055 -0.77274 6.2
      vertex 0.195788 -1.48717 6.2
      vertex 0.388228 -1.44889 6.2
    endloop
  endfacet
  facet normal -0 0 1
    outer loop
      vertex 0.104421 -0.793156 6.2
      vertex 0.195788 -1.48717 6.2
      vertex 0.207055 -0.77274 6.2
    endloop
  endfacet
  facet normal -0 0 1
    outer loop
      vertex 0 -0.799999 6.2
      vertex 0.195788 -1.48717 6.2
      vertex 0.104421 -0.793156 6.2
    endloop
  endfacet
  facet normal 0 0 1
    outer loop
      vertex 0 -0.799999 6.2
      vertex 0 -1.5 6.2
      vertex 0.195788 -1.48717 6.2
    endloop
  endfacet
  facet normal 0 0 1
    outer loop
      vertex -0.104421 -0.793156 6.2
      vertex 0 -1.5 6.2
      vertex 0 -0.799999 6.2
    endloop
  endfacet
  facet normal 0 0 1
    outer loop
      vertex -0.104421 -0.793156 6.2
      vertex -0.195788 -1.48717 6.2
      vertex 0 -1.5 6.2
    endloop
  endfacet
  facet normal 0 0 1
    outer loop
      vertex -0.207055 -0.77274 6.2
      vertex -0.195788 -1.48717 6.2
      vertex -0.104421 -0.793156 6.2
    endloop
  endfacet
  facet normal 0 0 1
    outer loop
      vertex -0.388228 -1.44889 6.2
      vertex -0.207055 -0.77274 6.2
      vertex -0.306147 -0.739103 6.2
    endloop
  endfacet
  facet normal 0 0 1
    outer loop
      vertex -0.207055 -0.77274 6.2
      vertex -0.388228 -1.44889 6.2
      vertex -0.195788 -1.48717 6.2
    endloop
  endfacet
  facet normal 0 0 1
    outer loop
      vertex -0.574024 -1.38582 6.2
      vertex -0.306147 -0.739103 6.2
      vertex -0.4 -0.69282 6.2
    endloop
  endfacet
  facet normal 0 0 1
    outer loop
      vertex -0.75 -1.29904 6.2
      vertex -0.4 -0.69282 6.2
      vertex -0.487009 -0.634683 6.2
    endloop
  endfacet
  facet normal 0 0 1
    outer loop
      vertex -0.913141 -1.19003 6.2
      vertex -0.487009 -0.634683 6.2
      vertex -0.565685 -0.565685 6.2
    endloop
  endfacet
  facet normal 0 0 1
    outer loop
      vertex -0.306147 -0.739103 6.2
      vertex -0.574024 -1.38582 6.2
      vertex -0.388228 -1.44889 6.2
    endloop
  endfacet
  facet normal 0 0 1
    outer loop
      vertex -1.06066 -1.06066 6.2
      vertex -0.565685 -0.565685 6.2
      vertex -0.634683 -0.487009 6.2
    endloop
  endfacet
  facet normal 0 0 1
    outer loop
      vertex -1.19003 -0.913141 6.2
      vertex -0.634683 -0.487009 6.2
      vertex -0.69282 -0.4 6.2
    endloop
  endfacet
  facet normal 0 0 1
    outer loop
      vertex -1.29904 -0.75 6.2
      vertex -0.69282 -0.4 6.2
      vertex -0.739103 -0.306147 6.2
    endloop
  endfacet
  facet normal 0 0 1
    outer loop
      vertex -0.4 -0.69282 6.2
      vertex -0.75 -1.29904 6.2
      vertex -0.574024 -1.38582 6.2
    endloop
  endfacet
  facet normal 0 0 1
    outer loop
      vertex -1.38582 -0.574024 6.2
      vertex -0.739103 -0.306147 6.2
      vertex -0.77274 -0.207055 6.2
    endloop
  endfacet
  facet normal 0 0 1
    outer loop
      vertex -1.44889 -0.388228 6.2
      vertex -0.77274 -0.207055 6.2
      vertex -0.793156 -0.104421 6.2
    endloop
  endfacet
  facet normal 0 0 1
    outer loop
      vertex -1.48717 -0.195788 6.2
      vertex -0.793156 -0.104421 6.2
      vertex -0.799999 0 6.2
    endloop
  endfacet
  facet normal -0 0 1
    outer loop
      vertex -1.38582 0.574024 6.2
      vertex -0.739103 0.306147 6.2
      vertex -1.29904 0.75 6.2
    endloop
  endfacet
  facet normal 0 0 1
    outer loop
      vertex -0.487009 -0.634683 6.2
      vertex -0.913141 -1.19003 6.2
      vertex -0.75 -1.29904 6.2
    endloop
  endfacet
  facet normal 0 0 1
    outer loop
      vertex -0.739103 0.306147 6.2
      vertex -1.38582 0.574024 6.2
      vertex -0.77274 0.207055 6.2
    endloop
  endfacet
  facet normal 0 0 1
    outer loop
      vertex -0.565685 -0.565685 6.2
      vertex -1.06066 -1.06066 6.2
      vertex -0.913141 -1.19003 6.2
    endloop
  endfacet
  facet normal -0 0 1
    outer loop
      vertex -1.44889 0.388228 6.2
      vertex -0.77274 0.207055 6.2
      vertex -1.38582 0.574024 6.2
    endloop
  endfacet
  facet normal 0 0 1
    outer loop
      vertex -0.634683 -0.487009 6.2
      vertex -1.19003 -0.913141 6.2
      vertex -1.06066 -1.06066 6.2
    endloop
  endfacet
  facet normal 0 0 1
    outer loop
      vertex -0.77274 0.207055 6.2
      vertex -1.44889 0.388228 6.2
      vertex -0.793156 0.104421 6.2
    endloop
  endfacet
  facet normal 0 0 1
    outer loop
      vertex -0.69282 -0.4 6.2
      vertex -1.29904 -0.75 6.2
      vertex -1.19003 -0.913141 6.2
    endloop
  endfacet
  facet normal -0 0 1
    outer loop
      vertex -1.48717 0.195788 6.2
      vertex -0.793156 0.104421 6.2
      vertex -1.44889 0.388228 6.2
    endloop
  endfacet
  facet normal 0 0 1
    outer loop
      vertex -0.739103 -0.306147 6.2
      vertex -1.38582 -0.574024 6.2
      vertex -1.29904 -0.75 6.2
    endloop
  endfacet
  facet normal 0 0 1
    outer loop
      vertex -0.793156 0.104421 6.2
      vertex -1.48717 0.195788 6.2
      vertex -0.799999 0 6.2
    endloop
  endfacet
  facet normal 0 0 1
    outer loop
      vertex -0.77274 -0.207055 6.2
      vertex -1.44889 -0.388228 6.2
      vertex -1.38582 -0.574024 6.2
    endloop
  endfacet
  facet normal 0 0 1
    outer loop
      vertex -1.5 0 6.2
      vertex -0.799999 0 6.2
      vertex -1.48717 0.195788 6.2
    endloop
  endfacet
  facet normal 0 0 1
    outer loop
      vertex -0.793156 -0.104421 6.2
      vertex -1.48717 -0.195788 6.2
      vertex -1.44889 -0.388228 6.2
    endloop
  endfacet
  facet normal 0 0 1
    outer loop
      vertex -0.799999 0 6.2
      vertex -1.5 0 6.2
      vertex -1.48717 -0.195788 6.2
    endloop
  endfacet
  facet normal 0.896876 -0.442281 0
    outer loop
      vertex 1.29904 -0.75 6.2
      vertex 1.38582 -0.574024 5
      vertex 1.38582 -0.574024 6.2
    endloop
  endfacet
  facet normal 0.896876 -0.442281 0
    outer loop
      vertex 1.38582 -0.574024 5
      vertex 1.29904 -0.75 6.2
      vertex 1.29904 -0.75 5
    endloop
  endfacet
  facet normal 0.659344 -0.751842 0
    outer loop
      vertex 0.913141 -1.19003 5
      vertex 1.06066 -1.06066 6.2
      vertex 0.913141 -1.19003 6.2
    endloop
  endfacet
  facet normal 0.659344 -0.751842 0
    outer loop
      vertex 1.06066 -1.06066 6.2
      vertex 0.913141 -1.19003 5
      vertex 1.06066 -1.06066 5
    endloop
  endfacet
  facet normal -0.55558 -0.831463 0
    outer loop
      vertex -0.913141 -1.19003 5
      vertex -0.75 -1.29904 6.2
      vertex -0.913141 -1.19003 6.2
    endloop
  endfacet
  facet normal -0.55558 -0.831463 -0
    outer loop
      vertex -0.75 -1.29904 6.2
      vertex -0.913141 -1.19003 5
      vertex -0.75 -1.29904 5
    endloop
  endfacet
  facet normal -0.980784 -0.195097 0
    outer loop
      vertex -1.44889 -0.388228 5
      vertex -1.48717 -0.195788 6.2
      vertex -1.48717 -0.195788 5
    endloop
  endfacet
  facet normal -0.980784 -0.195097 0
    outer loop
      vertex -1.48717 -0.195788 6.2
      vertex -1.44889 -0.388228 5
      vertex -1.44889 -0.388228 6.2
    endloop
  endfacet
  facet normal 0.831463 -0.55558 0
    outer loop
      vertex 1.19003 -0.913141 6.2
      vertex 1.29904 -0.75 5
      vertex 1.29904 -0.75 6.2
    endloop
  endfacet
  facet normal 0.831463 -0.55558 0
    outer loop
      vertex 1.29904 -0.75 5
      vertex 1.19003 -0.913141 6.2
      vertex 1.19003 -0.913141 5
    endloop
  endfacet
  facet normal -0.896873 -0.442287 0
    outer loop
      vertex 0.739103 0.306147 5
      vertex 0.69282 0.4 6.2
      vertex 0.69282 0.4 5
    endloop
  endfacet
  facet normal -0.896873 -0.442287 0
    outer loop
      vertex 0.69282 0.4 6.2
      vertex 0.739103 0.306147 5
      vertex 0.739103 0.306147 6.2
    endloop
  endfacet
  facet normal 0.980784 -0.195098 0
    outer loop
      vertex -0.793156 0.104421 6.2
      vertex -0.77274 0.207055 5
      vertex -0.77274 0.207055 6.2
    endloop
  endfacet
  facet normal 0.980784 -0.195098 0
    outer loop
      vertex -0.77274 0.207055 5
      vertex -0.793156 0.104421 6.2
      vertex -0.793156 0.104421 5
    endloop
  endfacet
  facet normal -0.831472 -0.555567 0
    outer loop
      vertex 0.69282 0.4 5
      vertex 0.634683 0.487009 6.2
      vertex 0.634683 0.487009 5
    endloop
  endfacet
  facet normal -0.831472 -0.555567 0
    outer loop
      vertex 0.634683 0.487009 6.2
      vertex 0.69282 0.4 5
      vertex 0.69282 0.4 6.2
    endloop
  endfacet
  facet normal -0.321438 -0.946931 0
    outer loop
      vertex 0.207055 0.77274 5
      vertex 0.306147 0.739103 6.2
      vertex 0.207055 0.77274 6.2
    endloop
  endfacet
  facet normal -0.321438 -0.946931 -0
    outer loop
      vertex 0.306147 0.739103 6.2
      vertex 0.207055 0.77274 5
      vertex 0.306147 0.739103 5
    endloop
  endfacet
  facet normal 0.442287 -0.896873 0
    outer loop
      vertex -0.4 0.69282 5
      vertex -0.306147 0.739103 6.2
      vertex -0.4 0.69282 6.2
    endloop
  endfacet
  facet normal 0.442287 -0.896873 0
    outer loop
      vertex -0.306147 0.739103 6.2
      vertex -0.4 0.69282 5
      vertex -0.306147 0.739103 5
    endloop
  endfacet
  facet normal 0.946931 -0.321438 0
    outer loop
      vertex -0.77274 0.207055 6.2
      vertex -0.739103 0.306147 5
      vertex -0.739103 0.306147 6.2
    endloop
  endfacet
  facet normal 0.946931 -0.321438 0
    outer loop
      vertex -0.739103 0.306147 5
      vertex -0.77274 0.207055 6.2
      vertex -0.77274 0.207055 5
    endloop
  endfacet
  facet normal -0.980784 0.195098 0
    outer loop
      vertex 0.77274 -0.207055 5
      vertex 0.793156 -0.104421 6.2
      vertex 0.793156 -0.104421 5
    endloop
  endfacet
  facet normal -0.980784 0.195098 0
    outer loop
      vertex 0.793156 -0.104421 6.2
      vertex 0.77274 -0.207055 5
      vertex 0.77274 -0.207055 6.2
    endloop
  endfacet
  facet normal -0.0653925 -0.99786 0
    outer loop
      vertex 0 0.799999 5
      vertex 0.104421 0.793156 6.2
      vertex 0 0.799999 6.2
    endloop
  endfacet
  facet normal -0.0653925 -0.99786 -0
    outer loop
      vertex 0.104421 0.793156 6.2
      vertex 0 0.799999 5
      vertex 0.104421 0.793156 5
    endloop
  endfacet
  facet normal -0.442287 -0.896873 0
    outer loop
      vertex 0.306147 0.739103 5
      vertex 0.4 0.69282 6.2
      vertex 0.306147 0.739103 6.2
    endloop
  endfacet
  facet normal -0.442287 -0.896873 -0
    outer loop
      vertex 0.4 0.69282 6.2
      vertex 0.306147 0.739103 5
      vertex 0.4 0.69282 5
    endloop
  endfacet
  facet normal 0.99786 -0.0653925 0
    outer loop
      vertex -0.799999 0 6.2
      vertex -0.793156 0.104421 5
      vertex -0.793156 0.104421 6.2
    endloop
  endfacet
  facet normal 0.99786 -0.0653925 0
    outer loop
      vertex -0.793156 0.104421 5
      vertex -0.799999 0 6.2
      vertex -0.799999 0 5
    endloop
  endfacet
  facet normal 0.831472 -0.555567 0
    outer loop
      vertex -0.69282 0.4 6.2
      vertex -0.634683 0.487009 5
      vertex -0.634683 0.487009 6.2
    endloop
  endfacet
  facet normal 0.831472 -0.555567 0
    outer loop
      vertex -0.634683 0.487009 5
      vertex -0.69282 0.4 6.2
      vertex -0.69282 0.4 5
    endloop
  endfacet
  facet normal 0.555567 -0.831472 0
    outer loop
      vertex -0.487009 0.634683 5
      vertex -0.4 0.69282 6.2
      vertex -0.487009 0.634683 6.2
    endloop
  endfacet
  facet normal 0.555567 -0.831472 0
    outer loop
      vertex -0.4 0.69282 6.2
      vertex -0.487009 0.634683 5
      vertex -0.4 0.69282 5
    endloop
  endfacet
  facet normal 0.321438 -0.946931 0
    outer loop
      vertex -0.306147 0.739103 5
      vertex -0.207055 0.77274 6.2
      vertex -0.306147 0.739103 6.2
    endloop
  endfacet
  facet normal 0.321438 -0.946931 0
    outer loop
      vertex -0.207055 0.77274 6.2
      vertex -0.306147 0.739103 5
      vertex -0.207055 0.77274 5
    endloop
  endfacet
  facet normal -0.99786 0.0653925 0
    outer loop
      vertex 0.793156 -0.104421 5
      vertex 0.799999 0 6.2
      vertex 0.799999 0 5
    endloop
  endfacet
  facet normal -0.99786 0.0653925 0
    outer loop
      vertex 0.799999 0 6.2
      vertex 0.793156 -0.104421 5
      vertex 0.793156 -0.104421 6.2
    endloop
  endfacet
  facet normal -0.946931 0.321438 0
    outer loop
      vertex 0.739103 -0.306147 5
      vertex 0.77274 -0.207055 6.2
      vertex 0.77274 -0.207055 5
    endloop
  endfacet
  facet normal -0.946931 0.321438 0
    outer loop
      vertex 0.77274 -0.207055 6.2
      vertex 0.739103 -0.306147 5
      vertex 0.739103 -0.306147 6.2
    endloop
  endfacet
  facet normal -0.555567 0.831472 0
    outer loop
      vertex 0.487009 -0.634683 5
      vertex 0.4 -0.69282 6.2
      vertex 0.487009 -0.634683 6.2
    endloop
  endfacet
  facet normal -0.555567 0.831472 0
    outer loop
      vertex 0.4 -0.69282 6.2
      vertex 0.487009 -0.634683 5
      vertex 0.4 -0.69282 5
    endloop
  endfacet
  facet normal -0.980784 -0.195098 0
    outer loop
      vertex 0.793156 0.104421 5
      vertex 0.77274 0.207055 6.2
      vertex 0.77274 0.207055 5
    endloop
  endfacet
  facet normal -0.980784 -0.195098 0
    outer loop
      vertex 0.77274 0.207055 6.2
      vertex 0.793156 0.104421 5
      vertex 0.793156 0.104421 6.2
    endloop
  endfacet
  facet normal -0.946931 -0.321438 0
    outer loop
      vertex 0.77274 0.207055 5
      vertex 0.739103 0.306147 6.2
      vertex 0.739103 0.306147 5
    endloop
  endfacet
  facet normal -0.946931 -0.321438 0
    outer loop
      vertex 0.739103 0.306147 6.2
      vertex 0.77274 0.207055 5
      vertex 0.77274 0.207055 6.2
    endloop
  endfacet
  facet normal -0.659351 -0.751835 0
    outer loop
      vertex 0.487009 0.634683 5
      vertex 0.565685 0.565685 6.2
      vertex 0.487009 0.634683 6.2
    endloop
  endfacet
  facet normal -0.659351 -0.751835 -0
    outer loop
      vertex 0.565685 0.565685 6.2
      vertex 0.487009 0.634683 5
      vertex 0.565685 0.565685 5
    endloop
  endfacet
  facet normal 0.0653925 -0.99786 0
    outer loop
      vertex -0.104421 0.793156 5
      vertex 0 0.799999 6.2
      vertex -0.104421 0.793156 6.2
    endloop
  endfacet
  facet normal 0.0653925 -0.99786 0
    outer loop
      vertex 0 0.799999 6.2
      vertex -0.104421 0.793156 5
      vertex 0 0.799999 5
    endloop
  endfacet
  facet normal -0.195098 -0.980784 0
    outer loop
      vertex 0.104421 0.793156 5
      vertex 0.207055 0.77274 6.2
      vertex 0.104421 0.793156 6.2
    endloop
  endfacet
  facet normal -0.195098 -0.980784 -0
    outer loop
      vertex 0.207055 0.77274 6.2
      vertex 0.104421 0.793156 5
      vertex 0.207055 0.77274 5
    endloop
  endfacet
  facet normal -0.555567 -0.831472 0
    outer loop
      vertex 0.4 0.69282 5
      vertex 0.487009 0.634683 6.2
      vertex 0.4 0.69282 6.2
    endloop
  endfacet
  facet normal -0.555567 -0.831472 -0
    outer loop
      vertex 0.487009 0.634683 6.2
      vertex 0.4 0.69282 5
      vertex 0.487009 0.634683 5
    endloop
  endfacet
  facet normal 0.896873 -0.442287 0
    outer loop
      vertex -0.739103 0.306147 6.2
      vertex -0.69282 0.4 5
      vertex -0.69282 0.4 6.2
    endloop
  endfacet
  facet normal 0.896873 -0.442287 0
    outer loop
      vertex -0.69282 0.4 5
      vertex -0.739103 0.306147 6.2
      vertex -0.739103 0.306147 5
    endloop
  endfacet
  facet normal 0.195098 -0.980784 0
    outer loop
      vertex -0.207055 0.77274 5
      vertex -0.104421 0.793156 6.2
      vertex -0.207055 0.77274 6.2
    endloop
  endfacet
  facet normal 0.195098 -0.980784 0
    outer loop
      vertex -0.104421 0.793156 6.2
      vertex -0.207055 0.77274 5
      vertex -0.104421 0.793156 5
    endloop
  endfacet
  facet normal 0.659351 -0.751835 0
    outer loop
      vertex -0.565685 0.565685 5
      vertex -0.487009 0.634683 6.2
      vertex -0.565685 0.565685 6.2
    endloop
  endfacet
  facet normal 0.659351 -0.751835 0
    outer loop
      vertex -0.487009 0.634683 6.2
      vertex -0.565685 0.565685 5
      vertex -0.487009 0.634683 5
    endloop
  endfacet
  facet normal 0.751835 -0.659351 0
    outer loop
      vertex -0.634683 0.487009 6.2
      vertex -0.565685 0.565685 5
      vertex -0.565685 0.565685 6.2
    endloop
  endfacet
  facet normal 0.751835 -0.659351 0
    outer loop
      vertex -0.565685 0.565685 5
      vertex -0.634683 0.487009 6.2
      vertex -0.634683 0.487009 5
    endloop
  endfacet
  facet normal -0.99786 -0.0653925 0
    outer loop
      vertex 0.799999 0 5
      vertex 0.793156 0.104421 6.2
      vertex 0.793156 0.104421 5
    endloop
  endfacet
  facet normal -0.99786 -0.0653925 0
    outer loop
      vertex 0.793156 0.104421 6.2
      vertex 0.799999 0 5
      vertex 0.799999 0 6.2
    endloop
  endfacet
  facet normal -0.831472 0.555567 0
    outer loop
      vertex 0.634683 -0.487009 5
      vertex 0.69282 -0.4 6.2
      vertex 0.69282 -0.4 5
    endloop
  endfacet
  facet normal -0.831472 0.555567 0
    outer loop
      vertex 0.69282 -0.4 6.2
      vertex 0.634683 -0.487009 5
      vertex 0.634683 -0.487009 6.2
    endloop
  endfacet
  facet normal 0.99786 0.0653925 0
    outer loop
      vertex -0.793156 -0.104421 6.2
      vertex -0.799999 0 5
      vertex -0.799999 0 6.2
    endloop
  endfacet
  facet normal 0.99786 0.0653925 0
    outer loop
      vertex -0.799999 0 5
      vertex -0.793156 -0.104421 6.2
      vertex -0.793156 -0.104421 5
    endloop
  endfacet
  facet normal 0.896873 0.442287 0
    outer loop
      vertex -0.69282 -0.4 6.2
      vertex -0.739103 -0.306147 5
      vertex -0.739103 -0.306147 6.2
    endloop
  endfacet
  facet normal 0.896873 0.442287 0
    outer loop
      vertex -0.739103 -0.306147 5
      vertex -0.69282 -0.4 6.2
      vertex -0.69282 -0.4 5
    endloop
  endfacet
  facet normal -0.195098 0.980784 0
    outer loop
      vertex 0.207055 -0.77274 5
      vertex 0.104421 -0.793156 6.2
      vertex 0.207055 -0.77274 6.2
    endloop
  endfacet
  facet normal -0.195098 0.980784 0
    outer loop
      vertex 0.104421 -0.793156 6.2
      vertex 0.207055 -0.77274 5
      vertex 0.104421 -0.793156 5
    endloop
  endfacet
  facet normal -0.659351 0.751835 0
    outer loop
      vertex 0.565685 -0.565685 5
      vertex 0.487009 -0.634683 6.2
      vertex 0.565685 -0.565685 6.2
    endloop
  endfacet
  facet normal -0.659351 0.751835 0
    outer loop
      vertex 0.487009 -0.634683 6.2
      vertex 0.565685 -0.565685 5
      vertex 0.487009 -0.634683 5
    endloop
  endfacet
  facet normal -0.751835 -0.659351 0
    outer loop
      vertex 0.634683 0.487009 5
      vertex 0.565685 0.565685 6.2
      vertex 0.565685 0.565685 5
    endloop
  endfacet
  facet normal -0.751835 -0.659351 0
    outer loop
      vertex 0.565685 0.565685 6.2
      vertex 0.634683 0.487009 5
      vertex 0.634683 0.487009 6.2
    endloop
  endfacet
  facet normal -0.896873 0.442287 0
    outer loop
      vertex 0.69282 -0.4 5
      vertex 0.739103 -0.306147 6.2
      vertex 0.739103 -0.306147 5
    endloop
  endfacet
  facet normal -0.896873 0.442287 0
    outer loop
      vertex 0.739103 -0.306147 6.2
      vertex 0.69282 -0.4 5
      vertex 0.69282 -0.4 6.2
    endloop
  endfacet
  facet normal 0.946931 0.321438 0
    outer loop
      vertex -0.739103 -0.306147 6.2
      vertex -0.77274 -0.207055 5
      vertex -0.77274 -0.207055 6.2
    endloop
  endfacet
  facet normal 0.946931 0.321438 0
    outer loop
      vertex -0.77274 -0.207055 5
      vertex -0.739103 -0.306147 6.2
      vertex -0.739103 -0.306147 5
    endloop
  endfacet
  facet normal 0.980784 0.195098 0
    outer loop
      vertex -0.77274 -0.207055 6.2
      vertex -0.793156 -0.104421 5
      vertex -0.793156 -0.104421 6.2
    endloop
  endfacet
  facet normal 0.980784 0.195098 0
    outer loop
      vertex -0.793156 -0.104421 5
      vertex -0.77274 -0.207055 6.2
      vertex -0.77274 -0.207055 5
    endloop
  endfacet
  facet normal -0.442287 0.896873 0
    outer loop
      vertex 0.4 -0.69282 5
      vertex 0.306147 -0.739103 6.2
      vertex 0.4 -0.69282 6.2
    endloop
  endfacet
  facet normal -0.442287 0.896873 0
    outer loop
      vertex 0.306147 -0.739103 6.2
      vertex 0.4 -0.69282 5
      vertex 0.306147 -0.739103 5
    endloop
  endfacet
  facet normal -0.321438 0.946931 0
    outer loop
      vertex 0.306147 -0.739103 5
      vertex 0.207055 -0.77274 6.2
      vertex 0.306147 -0.739103 6.2
    endloop
  endfacet
  facet normal -0.321438 0.946931 0
    outer loop
      vertex 0.207055 -0.77274 6.2
      vertex 0.306147 -0.739103 5
      vertex 0.207055 -0.77274 5
    endloop
  endfacet
  facet normal 0.321438 0.946931 -0
    outer loop
      vertex -0.207055 -0.77274 5
      vertex -0.306147 -0.739103 6.2
      vertex -0.207055 -0.77274 6.2
    endloop
  endfacet
  facet normal 0.321438 0.946931 0
    outer loop
      vertex -0.306147 -0.739103 6.2
      vertex -0.207055 -0.77274 5
      vertex -0.306147 -0.739103 5
    endloop
  endfacet
  facet normal -0.0653925 0.99786 0
    outer loop
      vertex 0.104421 -0.793156 5
      vertex 0 -0.799999 6.2
      vertex 0.104421 -0.793156 6.2
    endloop
  endfacet
  facet normal -0.0653925 0.99786 0
    outer loop
      vertex 0 -0.799999 6.2
      vertex 0.104421 -0.793156 5
      vertex 0 -0.799999 5
    endloop
  endfacet
  facet normal 0.0653925 0.99786 -0
    outer loop
      vertex 0 -0.799999 5
      vertex -0.104421 -0.793156 6.2
      vertex 0 -0.799999 6.2
    endloop
  endfacet
  facet normal 0.0653925 0.99786 0
    outer loop
      vertex -0.104421 -0.793156 6.2
      vertex 0 -0.799999 5
      vertex -0.104421 -0.793156 5
    endloop
  endfacet
  facet normal 0.195098 0.980784 -0
    outer loop
      vertex -0.104421 -0.793156 5
      vertex -0.207055 -0.77274 6.2
      vertex -0.104421 -0.793156 6.2
    endloop
  endfacet
  facet normal 0.195098 0.980784 0
    outer loop
      vertex -0.207055 -0.77274 6.2
      vertex -0.104421 -0.793156 5
      vertex -0.207055 -0.77274 5
    endloop
  endfacet
  facet normal 0.751835 0.659351 0
    outer loop
      vertex -0.565685 -0.565685 6.2
      vertex -0.634683 -0.487009 5
      vertex -0.634683 -0.487009 6.2
    endloop
  endfacet
  facet normal 0.751835 0.659351 0
    outer loop
      vertex -0.634683 -0.487009 5
      vertex -0.565685 -0.565685 6.2
      vertex -0.565685 -0.565685 5
    endloop
  endfacet
  facet normal 0.659351 0.751835 -0
    outer loop
      vertex -0.487009 -0.634683 5
      vertex -0.565685 -0.565685 6.2
      vertex -0.487009 -0.634683 6.2
    endloop
  endfacet
  facet normal 0.659351 0.751835 0
    outer loop
      vertex -0.565685 -0.565685 6.2
      vertex -0.487009 -0.634683 5
      vertex -0.565685 -0.565685 5
    endloop
  endfacet
  facet normal -0.751835 0.659351 0
    outer loop
      vertex 0.565685 -0.565685 5
      vertex 0.634683 -0.487009 6.2
      vertex 0.634683 -0.487009 5
    endloop
  endfacet
  facet normal -0.751835 0.659351 0
    outer loop
      vertex 0.634683 -0.487009 6.2
      vertex 0.565685 -0.565685 5
      vertex 0.565685 -0.565685 6.2
    endloop
  endfacet
  facet normal 0.555567 0.831472 -0
    outer loop
      vertex -0.4 -0.69282 5
      vertex -0.487009 -0.634683 6.2
      vertex -0.4 -0.69282 6.2
    endloop
  endfacet
  facet normal 0.555567 0.831472 0
    outer loop
      vertex -0.487009 -0.634683 6.2
      vertex -0.4 -0.69282 5
      vertex -0.487009 -0.634683 5
    endloop
  endfacet
  facet normal 0.831472 0.555567 0
    outer loop
      vertex -0.634683 -0.487009 6.2
      vertex -0.69282 -0.4 5
      vertex -0.69282 -0.4 6.2
    endloop
  endfacet
  facet normal 0.831472 0.555567 0
    outer loop
      vertex -0.69282 -0.4 5
      vertex -0.634683 -0.487009 6.2
      vertex -0.634683 -0.487009 5
    endloop
  endfacet
  facet normal 0.442287 0.896873 -0
    outer loop
      vertex -0.306147 -0.739103 5
      vertex -0.4 -0.69282 6.2
      vertex -0.306147 -0.739103 6.2
    endloop
  endfacet
  facet normal 0.442287 0.896873 0
    outer loop
      vertex -0.4 -0.69282 6.2
      vertex -0.306147 -0.739103 5
      vertex -0.4 -0.69282 5
    endloop
  endfacet
  facet normal 0.998632 0.0522939 0
    outer loop
      vertex 13.9 0 0
      vertex 13.8896 0.198604 -4.5
      vertex 13.8896 0.198604 0
    endloop
  endfacet
  facet normal 0.998632 0.0522939 0
    outer loop
      vertex 13.8896 0.198604 -4.5
      vertex 13.9 0 0
      vertex 13.9 0 -4.5
    endloop
  endfacet
  facet normal -0.998632 0.0522939 0
    outer loop
      vertex 10.1 0 -4.5
      vertex 10.1104 0.198604 0
      vertex 10.1104 0.198604 -4.5
    endloop
  endfacet
  facet normal -0.998632 0.0522939 0
    outer loop
      vertex 10.1104 0.198604 0
      vertex 10.1 0 -4.5
      vertex 10.1 0 0
    endloop
  endfacet
  facet normal 0.0523451 0.998629 -0
    outer loop
      vertex 12.1986 1.88959 -4.5
      vertex 12 1.9 0
      vertex 12.1986 1.88959 0
    endloop
  endfacet
  facet normal 0.0523451 0.998629 0
    outer loop
      vertex 12 1.9 0
      vertex 12.1986 1.88959 -4.5
      vertex 12 1.9 -4.5
    endloop
  endfacet
  facet normal -0.0523451 -0.998629 0
    outer loop
      vertex 11.8014 -1.88959 -4.5
      vertex 12 -1.9 0
      vertex 11.8014 -1.88959 0
    endloop
  endfacet
  facet normal -0.0523451 -0.998629 -0
    outer loop
      vertex 12 -1.9 0
      vertex 11.8014 -1.88959 -4.5
      vertex 12 -1.9 -4.5
    endloop
  endfacet
  facet normal 0.706906 0.707308 0
    outer loop
      vertex 13.412 1.27135 0
      vertex 13.2713 1.41197 -4.5
      vertex 13.2713 1.41197 0
    endloop
  endfacet
  facet normal 0.706906 0.707308 0
    outer loop
      vertex 13.2713 1.41197 -4.5
      vertex 13.412 1.27135 0
      vertex 13.412 1.27135 -4.5
    endloop
  endfacet
  facet normal -0.629467 0.777027 0
    outer loop
      vertex 10.8832 1.53713 -4.5
      vertex 10.7287 1.41197 0
      vertex 10.8832 1.53713 0
    endloop
  endfacet
  facet normal -0.629467 0.777027 0
    outer loop
      vertex 10.7287 1.41197 0
      vertex 10.8832 1.53713 -4.5
      vertex 10.7287 1.41197 -4.5
    endloop
  endfacet
  facet normal -0.358309 0.933603 0
    outer loop
      vertex 11.4129 1.80701 -4.5
      vertex 11.2272 1.73574 0
      vertex 11.4129 1.80701 0
    endloop
  endfacet
  facet normal -0.358309 0.933603 0
    outer loop
      vertex 11.2272 1.73574 0
      vertex 11.4129 1.80701 -4.5
      vertex 11.2272 1.73574 -4.5
    endloop
  endfacet
  facet normal -0.965892 -0.258946 0
    outer loop
      vertex 10.193 -0.587132 -4.5
      vertex 10.1415 -0.395032 0
      vertex 10.1415 -0.395032 -4.5
    endloop
  endfacet
  facet normal -0.965892 -0.258946 0
    outer loop
      vertex 10.1415 -0.395032 0
      vertex 10.193 -0.587132 -4.5
      vertex 10.193 -0.587132 0
    endloop
  endfacet
  facet normal 0.933531 0.358496 0
    outer loop
      vertex 13.807 0.587132 0
      vertex 13.7357 0.772799 -4.5
      vertex 13.7357 0.772799 0
    endloop
  endfacet
  facet normal 0.933531 0.358496 0
    outer loop
      vertex 13.7357 0.772799 -4.5
      vertex 13.807 0.587132 0
      vertex 13.807 0.587132 -4.5
    endloop
  endfacet
  facet normal 0.453999 0.891002 -0
    outer loop
      vertex 12.95 1.64545 -4.5
      vertex 12.7728 1.73574 0
      vertex 12.95 1.64545 0
    endloop
  endfacet
  facet normal 0.453999 0.891002 0
    outer loop
      vertex 12.7728 1.73574 0
      vertex 12.95 1.64545 -4.5
      vertex 12.7728 1.73574 -4.5
    endloop
  endfacet
  facet normal 0.629467 0.777027 -0
    outer loop
      vertex 13.2713 1.41197 -4.5
      vertex 13.1168 1.53713 0
      vertex 13.2713 1.41197 0
    endloop
  endfacet
  facet normal 0.629467 0.777027 0
    outer loop
      vertex 13.1168 1.53713 0
      vertex 13.2713 1.41197 -4.5
      vertex 13.1168 1.53713 -4.5
    endloop
  endfacet
  facet normal -0.838704 0.544587 0
    outer loop
      vertex 10.3546 0.95 -4.5
      vertex 10.4629 1.11679 0
      vertex 10.4629 1.11679 -4.5
    endloop
  endfacet
  facet normal -0.838704 0.544587 0
    outer loop
      vertex 10.4629 1.11679 0
      vertex 10.3546 0.95 -4.5
      vertex 10.3546 0.95 0
    endloop
  endfacet
  facet normal -0.777294 0.629137 0
    outer loop
      vertex 10.4629 1.11679 -4.5
      vertex 10.588 1.27135 0
      vertex 10.588 1.27135 -4.5
    endloop
  endfacet
  facet normal -0.777294 0.629137 0
    outer loop
      vertex 10.588 1.27135 0
      vertex 10.4629 1.11679 -4.5
      vertex 10.4629 1.11679 0
    endloop
  endfacet
  facet normal -0.544635 0.838673 0
    outer loop
      vertex 11.05 1.64545 -4.5
      vertex 10.8832 1.53713 0
      vertex 11.05 1.64545 0
    endloop
  endfacet
  facet normal -0.544635 0.838673 0
    outer loop
      vertex 10.8832 1.53713 0
      vertex 11.05 1.64545 -4.5
      vertex 10.8832 1.53713 -4.5
    endloop
  endfacet
  facet normal -0.156451 0.987686 0
    outer loop
      vertex 11.8014 1.88959 -4.5
      vertex 11.605 1.85848 0
      vertex 11.8014 1.88959 0
    endloop
  endfacet
  facet normal -0.156451 0.987686 0
    outer loop
      vertex 11.605 1.85848 0
      vertex 11.8014 1.88959 -4.5
      vertex 11.605 1.85848 -4.5
    endloop
  endfacet
  facet normal 0.890983 -0.454037 0
    outer loop
      vertex 13.6454 -0.95 0
      vertex 13.7357 -0.772799 -4.5
      vertex 13.7357 -0.772799 0
    endloop
  endfacet
  facet normal 0.890983 -0.454037 0
    outer loop
      vertex 13.7357 -0.772799 -4.5
      vertex 13.6454 -0.95 0
      vertex 13.6454 -0.95 -4.5
    endloop
  endfacet
  facet normal 0.258805 -0.96593 0
    outer loop
      vertex 12.395 -1.85848 -4.5
      vertex 12.5871 -1.80701 0
      vertex 12.395 -1.85848 0
    endloop
  endfacet
  facet normal 0.258805 -0.96593 0
    outer loop
      vertex 12.5871 -1.80701 0
      vertex 12.395 -1.85848 -4.5
      vertex 12.5871 -1.80701 -4.5
    endloop
  endfacet
  facet normal 0.706906 -0.707308 0
    outer loop
      vertex 13.2713 -1.41197 0
      vertex 13.412 -1.27135 -4.5
      vertex 13.412 -1.27135 0
    endloop
  endfacet
  facet normal 0.706906 -0.707308 0
    outer loop
      vertex 13.412 -1.27135 -4.5
      vertex 13.2713 -1.41197 0
      vertex 13.2713 -1.41197 -4.5
    endloop
  endfacet
  facet normal 0.965892 -0.258946 0
    outer loop
      vertex 13.807 -0.587132 0
      vertex 13.8585 -0.395032 -4.5
      vertex 13.8585 -0.395032 0
    endloop
  endfacet
  facet normal 0.965892 -0.258946 0
    outer loop
      vertex 13.8585 -0.395032 -4.5
      vertex 13.807 -0.587132 0
      vertex 13.807 -0.587132 -4.5
    endloop
  endfacet
  facet normal -0.358309 -0.933603 0
    outer loop
      vertex 11.2272 -1.73574 -4.5
      vertex 11.4129 -1.80701 0
      vertex 11.2272 -1.73574 0
    endloop
  endfacet
  facet normal -0.358309 -0.933603 -0
    outer loop
      vertex 11.4129 -1.80701 0
      vertex 11.2272 -1.73574 -4.5
      vertex 11.4129 -1.80701 -4.5
    endloop
  endfacet
  facet normal -0.777294 -0.629137 0
    outer loop
      vertex 10.588 -1.27135 -4.5
      vertex 10.4629 -1.11679 0
      vertex 10.4629 -1.11679 -4.5
    endloop
  endfacet
  facet normal -0.777294 -0.629137 0
    outer loop
      vertex 10.4629 -1.11679 0
      vertex 10.588 -1.27135 -4.5
      vertex 10.588 -1.27135 0
    endloop
  endfacet
  facet normal 0 0 -1
    outer loop
      vertex 13.8896 -0.198604 -4.5
      vertex 13.8896 0.198604 -4.5
      vertex 13.9 0 -4.5
    endloop
  endfacet
  facet normal 0 0 -1
    outer loop
      vertex 13.8585 -0.395032 -4.5
      vertex 13.8896 0.198604 -4.5
      vertex 13.8896 -0.198604 -4.5
    endloop
  endfacet
  facet normal 0 0 -1
    outer loop
      vertex 13.8585 -0.395032 -4.5
      vertex 13.8585 0.395032 -4.5
      vertex 13.8896 0.198604 -4.5
    endloop
  endfacet
  facet normal 0 0 -1
    outer loop
      vertex 13.807 -0.587132 -4.5
      vertex 13.8585 0.395032 -4.5
      vertex 13.8585 -0.395032 -4.5
    endloop
  endfacet
  facet normal 0 0 -1
    outer loop
      vertex 13.807 -0.587132 -4.5
      vertex 13.807 0.587132 -4.5
      vertex 13.8585 0.395032 -4.5
    endloop
  endfacet
  facet normal 0 0 -1
    outer loop
      vertex 13.7357 -0.772799 -4.5
      vertex 13.807 0.587132 -4.5
      vertex 13.807 -0.587132 -4.5
    endloop
  endfacet
  facet normal 0 0 -1
    outer loop
      vertex 13.7357 -0.772799 -4.5
      vertex 13.7357 0.772799 -4.5
      vertex 13.807 0.587132 -4.5
    endloop
  endfacet
  facet normal 0 0 -1
    outer loop
      vertex 13.6454 -0.95 -4.5
      vertex 13.7357 0.772799 -4.5
      vertex 13.7357 -0.772799 -4.5
    endloop
  endfacet
  facet normal 0 0 -1
    outer loop
      vertex 13.6454 -0.95 -4.5
      vertex 13.6454 0.95 -4.5
      vertex 13.7357 0.772799 -4.5
    endloop
  endfacet
  facet normal 0 0 -1
    outer loop
      vertex 13.5371 -1.11679 -4.5
      vertex 13.6454 0.95 -4.5
      vertex 13.6454 -0.95 -4.5
    endloop
  endfacet
  facet normal 0 0 -1
    outer loop
      vertex 13.5371 -1.11679 -4.5
      vertex 13.5371 1.11679 -4.5
      vertex 13.6454 0.95 -4.5
    endloop
  endfacet
  facet normal 0 0 -1
    outer loop
      vertex 13.412 -1.27135 -4.5
      vertex 13.5371 1.11679 -4.5
      vertex 13.5371 -1.11679 -4.5
    endloop
  endfacet
  facet normal 0 0 -1
    outer loop
      vertex 13.412 -1.27135 -4.5
      vertex 13.412 1.27135 -4.5
      vertex 13.5371 1.11679 -4.5
    endloop
  endfacet
  facet normal 0 0 -1
    outer loop
      vertex 13.2713 -1.41197 -4.5
      vertex 13.412 1.27135 -4.5
      vertex 13.412 -1.27135 -4.5
    endloop
  endfacet
  facet normal 0 0 -1
    outer loop
      vertex 13.2713 -1.41197 -4.5
      vertex 13.2713 1.41197 -4.5
      vertex 13.412 1.27135 -4.5
    endloop
  endfacet
  facet normal 0 0 -1
    outer loop
      vertex 13.1168 -1.53713 -4.5
      vertex 13.2713 1.41197 -4.5
      vertex 13.2713 -1.41197 -4.5
    endloop
  endfacet
  facet normal 0 0 -1
    outer loop
      vertex 13.1168 -1.53713 -4.5
      vertex 13.1168 1.53713 -4.5
      vertex 13.2713 1.41197 -4.5
    endloop
  endfacet
  facet normal 0 0 -1
    outer loop
      vertex 12.95 -1.64545 -4.5
      vertex 13.1168 1.53713 -4.5
      vertex 13.1168 -1.53713 -4.5
    endloop
  endfacet
  facet normal 0 0 -1
    outer loop
      vertex 12.95 -1.64545 -4.5
      vertex 12.95 1.64545 -4.5
      vertex 13.1168 1.53713 -4.5
    endloop
  endfacet
  facet normal 0 0 -1
    outer loop
      vertex 12.7728 -1.73574 -4.5
      vertex 12.95 1.64545 -4.5
      vertex 12.95 -1.64545 -4.5
    endloop
  endfacet
  facet normal 0 0 -1
    outer loop
      vertex 12.7728 -1.73574 -4.5
      vertex 12.7728 1.73574 -4.5
      vertex 12.95 1.64545 -4.5
    endloop
  endfacet
  facet normal 0 0 -1
    outer loop
      vertex 12.5871 -1.80701 -4.5
      vertex 12.7728 1.73574 -4.5
      vertex 12.7728 -1.73574 -4.5
    endloop
  endfacet
  facet normal 0 0 -1
    outer loop
      vertex 12.5871 -1.80701 -4.5
      vertex 12.5871 1.80701 -4.5
      vertex 12.7728 1.73574 -4.5
    endloop
  endfacet
  facet normal 0 0 -1
    outer loop
      vertex 12.395 -1.85848 -4.5
      vertex 12.5871 1.80701 -4.5
      vertex 12.5871 -1.80701 -4.5
    endloop
  endfacet
  facet normal 0 0 -1
    outer loop
      vertex 12.395 -1.85848 -4.5
      vertex 12.395 1.85848 -4.5
      vertex 12.5871 1.80701 -4.5
    endloop
  endfacet
  facet normal 0 0 -1
    outer loop
      vertex 12.1986 -1.88959 -4.5
      vertex 12.395 1.85848 -4.5
      vertex 12.395 -1.85848 -4.5
    endloop
  endfacet
  facet normal 0 0 -1
    outer loop
      vertex 12.1986 -1.88959 -4.5
      vertex 12.1986 1.88959 -4.5
      vertex 12.395 1.85848 -4.5
    endloop
  endfacet
  facet normal 0 0 -1
    outer loop
      vertex 12 -1.9 -4.5
      vertex 12.1986 1.88959 -4.5
      vertex 12.1986 -1.88959 -4.5
    endloop
  endfacet
  facet normal 0 0 -1
    outer loop
      vertex 12 -1.9 -4.5
      vertex 12 1.9 -4.5
      vertex 12.1986 1.88959 -4.5
    endloop
  endfacet
  facet normal 0 0 -1
    outer loop
      vertex 11.8014 -1.88959 -4.5
      vertex 12 1.9 -4.5
      vertex 12 -1.9 -4.5
    endloop
  endfacet
  facet normal 0 0 -1
    outer loop
      vertex 11.8014 -1.88959 -4.5
      vertex 11.8014 1.88959 -4.5
      vertex 12 1.9 -4.5
    endloop
  endfacet
  facet normal 0 0 -1
    outer loop
      vertex 11.605 -1.85848 -4.5
      vertex 11.8014 1.88959 -4.5
      vertex 11.8014 -1.88959 -4.5
    endloop
  endfacet
  facet normal 0 0 -1
    outer loop
      vertex 11.605 -1.85848 -4.5
      vertex 11.605 1.85848 -4.5
      vertex 11.8014 1.88959 -4.5
    endloop
  endfacet
  facet normal 0 0 -1
    outer loop
      vertex 11.4129 -1.80701 -4.5
      vertex 11.605 1.85848 -4.5
      vertex 11.605 -1.85848 -4.5
    endloop
  endfacet
  facet normal 0 0 -1
    outer loop
      vertex 11.4129 -1.80701 -4.5
      vertex 11.4129 1.80701 -4.5
      vertex 11.605 1.85848 -4.5
    endloop
  endfacet
  facet normal 0 0 -1
    outer loop
      vertex 11.2272 -1.73574 -4.5
      vertex 11.4129 1.80701 -4.5
      vertex 11.4129 -1.80701 -4.5
    endloop
  endfacet
  facet normal 0 0 -1
    outer loop
      vertex 11.2272 -1.73574 -4.5
      vertex 11.2272 1.73574 -4.5
      vertex 11.4129 1.80701 -4.5
    endloop
  endfacet
  facet normal 0 0 -1
    outer loop
      vertex 11.05 -1.64545 -4.5
      vertex 11.2272 1.73574 -4.5
      vertex 11.2272 -1.73574 -4.5
    endloop
  endfacet
  facet normal 0 0 -1
    outer loop
      vertex 11.05 -1.64545 -4.5
      vertex 11.05 1.64545 -4.5
      vertex 11.2272 1.73574 -4.5
    endloop
  endfacet
  facet normal 0 0 -1
    outer loop
      vertex 10.8832 -1.53713 -4.5
      vertex 11.05 1.64545 -4.5
      vertex 11.05 -1.64545 -4.5
    endloop
  endfacet
  facet normal 0 0 -1
    outer loop
      vertex 10.8832 -1.53713 -4.5
      vertex 10.8832 1.53713 -4.5
      vertex 11.05 1.64545 -4.5
    endloop
  endfacet
  facet normal 0 0 -1
    outer loop
      vertex 10.7287 -1.41197 -4.5
      vertex 10.8832 1.53713 -4.5
      vertex 10.8832 -1.53713 -4.5
    endloop
  endfacet
  facet normal 0 0 -1
    outer loop
      vertex 10.7287 -1.41197 -4.5
      vertex 10.7287 1.41197 -4.5
      vertex 10.8832 1.53713 -4.5
    endloop
  endfacet
  facet normal 0 0 -1
    outer loop
      vertex 10.588 -1.27135 -4.5
      vertex 10.7287 1.41197 -4.5
      vertex 10.7287 -1.41197 -4.5
    endloop
  endfacet
  facet normal 0 0 -1
    outer loop
      vertex 10.588 -1.27135 -4.5
      vertex 10.588 1.27135 -4.5
      vertex 10.7287 1.41197 -4.5
    endloop
  endfacet
  facet normal 0 0 -1
    outer loop
      vertex 10.4629 -1.11679 -4.5
      vertex 10.588 1.27135 -4.5
      vertex 10.588 -1.27135 -4.5
    endloop
  endfacet
  facet normal 0 0 -1
    outer loop
      vertex 10.4629 -1.11679 -4.5
      vertex 10.4629 1.11679 -4.5
      vertex 10.588 1.27135 -4.5
    endloop
  endfacet
  facet normal 0 0 -1
    outer loop
      vertex 10.3546 -0.95 -4.5
      vertex 10.4629 1.11679 -4.5
      vertex 10.4629 -1.11679 -4.5
    endloop
  endfacet
  facet normal 0 0 -1
    outer loop
      vertex 10.3546 -0.95 -4.5
      vertex 10.3546 0.95 -4.5
      vertex 10.4629 1.11679 -4.5
    endloop
  endfacet
  facet normal 0 0 -1
    outer loop
      vertex 10.2643 -0.772799 -4.5
      vertex 10.3546 0.95 -4.5
      vertex 10.3546 -0.95 -4.5
    endloop
  endfacet
  facet normal 0 0 -1
    outer loop
      vertex 10.2643 -0.772799 -4.5
      vertex 10.2643 0.772799 -4.5
      vertex 10.3546 0.95 -4.5
    endloop
  endfacet
  facet normal 0 0 -1
    outer loop
      vertex 10.193 -0.587132 -4.5
      vertex 10.2643 0.772799 -4.5
      vertex 10.2643 -0.772799 -4.5
    endloop
  endfacet
  facet normal 0 0 -1
    outer loop
      vertex 10.193 -0.587132 -4.5
      vertex 10.193 0.587132 -4.5
      vertex 10.2643 0.772799 -4.5
    endloop
  endfacet
  facet normal 0 0 -1
    outer loop
      vertex 10.1415 -0.395032 -4.5
      vertex 10.193 0.587132 -4.5
      vertex 10.193 -0.587132 -4.5
    endloop
  endfacet
  facet normal 0 0 -1
    outer loop
      vertex 10.1415 -0.395032 -4.5
      vertex 10.1415 0.395032 -4.5
      vertex 10.193 0.587132 -4.5
    endloop
  endfacet
  facet normal 0 0 -1
    outer loop
      vertex 10.1104 -0.198604 -4.5
      vertex 10.1415 0.395032 -4.5
      vertex 10.1415 -0.395032 -4.5
    endloop
  endfacet
  facet normal 0 0 -1
    outer loop
      vertex 10.1104 -0.198604 -4.5
      vertex 10.1104 0.198604 -4.5
      vertex 10.1415 0.395032 -4.5
    endloop
  endfacet
  facet normal 0 -0 -1
    outer loop
      vertex 10.1104 0.198604 -4.5
      vertex 10.1104 -0.198604 -4.5
      vertex 10.1 0 -4.5
    endloop
  endfacet
  facet normal 0.965892 0.258946 0
    outer loop
      vertex 13.8585 0.395032 0
      vertex 13.807 0.587132 -4.5
      vertex 13.807 0.587132 0
    endloop
  endfacet
  facet normal 0.965892 0.258946 0
    outer loop
      vertex 13.807 0.587132 -4.5
      vertex 13.8585 0.395032 0
      vertex 13.8585 0.395032 -4.5
    endloop
  endfacet
  facet normal 0.987697 0.15638 0
    outer loop
      vertex 13.8896 0.198604 0
      vertex 13.8585 0.395032 -4.5
      vertex 13.8585 0.395032 0
    endloop
  endfacet
  facet normal 0.987697 0.15638 0
    outer loop
      vertex 13.8585 0.395032 -4.5
      vertex 13.8896 0.198604 0
      vertex 13.8896 0.198604 -4.5
    endloop
  endfacet
  facet normal 0.838704 0.544587 0
    outer loop
      vertex 13.6454 0.95 0
      vertex 13.5371 1.11679 -4.5
      vertex 13.5371 1.11679 0
    endloop
  endfacet
  facet normal 0.838704 0.544587 0
    outer loop
      vertex 13.5371 1.11679 -4.5
      vertex 13.6454 0.95 0
      vertex 13.6454 0.95 -4.5
    endloop
  endfacet
  facet normal 0.890983 0.454037 0
    outer loop
      vertex 13.7357 0.772799 0
      vertex 13.6454 0.95 -4.5
      vertex 13.6454 0.95 0
    endloop
  endfacet
  facet normal 0.890983 0.454037 0
    outer loop
      vertex 13.6454 0.95 -4.5
      vertex 13.7357 0.772799 0
      vertex 13.7357 0.772799 -4.5
    endloop
  endfacet
  facet normal 0.258805 0.96593 -0
    outer loop
      vertex 12.5871 1.80701 -4.5
      vertex 12.395 1.85848 0
      vertex 12.5871 1.80701 0
    endloop
  endfacet
  facet normal 0.258805 0.96593 0
    outer loop
      vertex 12.395 1.85848 0
      vertex 12.5871 1.80701 -4.5
      vertex 12.395 1.85848 -4.5
    endloop
  endfacet
  facet normal 0.156451 0.987686 -0
    outer loop
      vertex 12.395 1.85848 -4.5
      vertex 12.1986 1.88959 0
      vertex 12.395 1.85848 0
    endloop
  endfacet
  facet normal 0.156451 0.987686 0
    outer loop
      vertex 12.1986 1.88959 0
      vertex 12.395 1.85848 -4.5
      vertex 12.1986 1.88959 -4.5
    endloop
  endfacet
  facet normal -0.965892 0.258946 0
    outer loop
      vertex 10.1415 0.395032 -4.5
      vertex 10.193 0.587132 0
      vertex 10.193 0.587132 -4.5
    endloop
  endfacet
  facet normal -0.965892 0.258946 0
    outer loop
      vertex 10.193 0.587132 0
      vertex 10.1415 0.395032 -4.5
      vertex 10.1415 0.395032 0
    endloop
  endfacet
  facet normal -0.890983 0.454037 0
    outer loop
      vertex 10.2643 0.772799 -4.5
      vertex 10.3546 0.95 0
      vertex 10.3546 0.95 -4.5
    endloop
  endfacet
  facet normal -0.890983 0.454037 0
    outer loop
      vertex 10.3546 0.95 0
      vertex 10.2643 0.772799 -4.5
      vertex 10.2643 0.772799 0
    endloop
  endfacet
  facet normal -0.987697 0.15638 0
    outer loop
      vertex 10.1104 0.198604 -4.5
      vertex 10.1415 0.395032 0
      vertex 10.1415 0.395032 -4.5
    endloop
  endfacet
  facet normal -0.987697 0.15638 0
    outer loop
      vertex 10.1415 0.395032 0
      vertex 10.1104 0.198604 -4.5
      vertex 10.1104 0.198604 0
    endloop
  endfacet
  facet normal 0 0 -1
    outer loop
      vertex 13.9 0 0
      vertex 16 0 0
      vertex 15.9781 -0.418114 0
    endloop
  endfacet
  facet normal 0 0 -1
    outer loop
      vertex 13.8896 -0.198604 0
      vertex 15.9781 -0.418114 0
      vertex 15.9126 -0.831646 0
    endloop
  endfacet
  facet normal 0 0 -1
    outer loop
      vertex 16 0 0
      vertex 13.9 0 0
      vertex 15.9781 0.418114 0
    endloop
  endfacet
  facet normal 0 0 -1
    outer loop
      vertex 13.8585 -0.395032 0
      vertex 15.9126 -0.831646 0
      vertex 15.8042 -1.23607 0
    endloop
  endfacet
  facet normal 0 0 -1
    outer loop
      vertex 13.8896 0.198604 0
      vertex 15.9781 0.418114 0
      vertex 13.9 0 0
    endloop
  endfacet
  facet normal 0 0 -1
    outer loop
      vertex 13.807 -0.587132 0
      vertex 15.8042 -1.23607 0
      vertex 15.6542 -1.62695 0
    endloop
  endfacet
  facet normal -0 0 -1
    outer loop
      vertex 15.9781 0.418114 0
      vertex 13.8896 0.198604 0
      vertex 15.9126 0.831646 0
    endloop
  endfacet
  facet normal 0 0 -1
    outer loop
      vertex 13.7357 -0.772799 0
      vertex 15.6542 -1.62695 0
      vertex 15.4641 -2 0
    endloop
  endfacet
  facet normal 0 0 -1
    outer loop
      vertex 13.8585 0.395032 0
      vertex 15.9126 0.831646 0
      vertex 13.8896 0.198604 0
    endloop
  endfacet
  facet normal 0 0 -1
    outer loop
      vertex 13.6454 -0.95 0
      vertex 15.4641 -2 0
      vertex 15.2361 -2.35114 0
    endloop
  endfacet
  facet normal -0 0 -1
    outer loop
      vertex 15.9126 0.831646 0
      vertex 13.8585 0.395032 0
      vertex 15.8042 1.23607 0
    endloop
  endfacet
  facet normal 0 0 -1
    outer loop
      vertex 13.5371 -1.11679 0
      vertex 15.2361 -2.35114 0
      vertex 14.9726 -2.67652 0
    endloop
  endfacet
  facet normal 0 0 -1
    outer loop
      vertex 13.807 0.587132 0
      vertex 15.8042 1.23607 0
      vertex 13.8585 0.395032 0
    endloop
  endfacet
  facet normal 0 0 -1
    outer loop
      vertex 13.412 -1.27135 0
      vertex 14.9726 -2.67652 0
      vertex 14.6765 -2.97258 0
    endloop
  endfacet
  facet normal -0 0 -1
    outer loop
      vertex 15.8042 1.23607 0
      vertex 13.807 0.587132 0
      vertex 15.6542 1.62695 0
    endloop
  endfacet
  facet normal 0 0 -1
    outer loop
      vertex 13.2713 -1.41197 0
      vertex 14.6765 -2.97258 0
      vertex 14.3511 -3.23607 0
    endloop
  endfacet
  facet normal 0 0 -1
    outer loop
      vertex 13.7357 0.772799 0
      vertex 15.6542 1.62695 0
      vertex 13.807 0.587132 0
    endloop
  endfacet
  facet normal 0 0 -1
    outer loop
      vertex 13.1168 -1.53713 0
      vertex 14.3511 -3.23607 0
      vertex 14 -3.4641 0
    endloop
  endfacet
  facet normal -0 0 -1
    outer loop
      vertex 15.6542 1.62695 0
      vertex 13.7357 0.772799 0
      vertex 15.4641 2 0
    endloop
  endfacet
  facet normal 0 0 -1
    outer loop
      vertex 13.6454 0.95 0
      vertex 15.4641 2 0
      vertex 13.7357 0.772799 0
    endloop
  endfacet
  facet normal 0 0 -1
    outer loop
      vertex 15.9781 -0.418114 0
      vertex 13.8896 -0.198604 0
      vertex 13.9 0 0
    endloop
  endfacet
  facet normal 0 0 -1
    outer loop
      vertex 15.9126 -0.831646 0
      vertex 13.8585 -0.395032 0
      vertex 13.8896 -0.198604 0
    endloop
  endfacet
  facet normal 0 0 -1
    outer loop
      vertex 15.8042 -1.23607 0
      vertex 13.807 -0.587132 0
      vertex 13.8585 -0.395032 0
    endloop
  endfacet
  facet normal 0 0 -1
    outer loop
      vertex 15.6542 -1.62695 0
      vertex 13.7357 -0.772799 0
      vertex 13.807 -0.587132 0
    endloop
  endfacet
  facet normal 0 0 -1
    outer loop
      vertex 15.4641 -2 0
      vertex 13.6454 -0.95 0
      vertex 13.7357 -0.772799 0
    endloop
  endfacet
  facet normal 0 0 -1
    outer loop
      vertex 12.95 -1.64545 0
      vertex 14 -3.4641 0
      vertex 13.6269 -3.65418 0
    endloop
  endfacet
  facet normal 0 0 -1
    outer loop
      vertex 15.2361 -2.35114 0
      vertex 13.5371 -1.11679 0
      vertex 13.6454 -0.95 0
    endloop
  endfacet
  facet normal 0 0 -1
    outer loop
      vertex 14.9726 -2.67652 0
      vertex 13.412 -1.27135 0
      vertex 13.5371 -1.11679 0
    endloop
  endfacet
  facet normal 0 0 -1
    outer loop
      vertex 14.6765 -2.97258 0
      vertex 13.2713 -1.41197 0
      vertex 13.412 -1.27135 0
    endloop
  endfacet
  facet normal 0 0 -1
    outer loop
      vertex 12.7728 -1.73574 0
      vertex 13.6269 -3.65418 0
      vertex 13.2361 -3.80423 0
    endloop
  endfacet
  facet normal 0 0 -1
    outer loop
      vertex 14.3511 -3.23607 0
      vertex 13.1168 -1.53713 0
      vertex 13.2713 -1.41197 0
    endloop
  endfacet
  facet normal 0 0 -1
    outer loop
      vertex 14 -3.4641 0
      vertex 12.95 -1.64545 0
      vertex 13.1168 -1.53713 0
    endloop
  endfacet
  facet normal 0 0 -1
    outer loop
      vertex 12.5871 -1.80701 0
      vertex 13.2361 -3.80423 0
      vertex 12.8316 -3.91259 0
    endloop
  endfacet
  facet normal 0 0 -1
    outer loop
      vertex 13.6269 -3.65418 0
      vertex 12.7728 -1.73574 0
      vertex 12.95 -1.64545 0
    endloop
  endfacet
  facet normal 0 0 -1
    outer loop
      vertex 13.2361 -3.80423 0
      vertex 12.5871 -1.80701 0
      vertex 12.7728 -1.73574 0
    endloop
  endfacet
  facet normal 0 0 -1
    outer loop
      vertex 12.395 -1.85848 0
      vertex 12.8316 -3.91259 0
      vertex 12.4181 -3.97809 0
    endloop
  endfacet
  facet normal 0 0 -1
    outer loop
      vertex 12.8316 -3.91259 0
      vertex 12.395 -1.85848 0
      vertex 12.5871 -1.80701 0
    endloop
  endfacet
  facet normal 0 0 -1
    outer loop
      vertex 12.4181 -3.97809 0
      vertex 12.1986 -1.88959 0
      vertex 12.395 -1.85848 0
    endloop
  endfacet
  facet normal 0 0 -1
    outer loop
      vertex 12 -4 0
      vertex 12.1986 -1.88959 0
      vertex 12.4181 -3.97809 0
    endloop
  endfacet
  facet normal 0 0 -1
    outer loop
      vertex 12 -4 0
      vertex 12 -1.9 0
      vertex 12.1986 -1.88959 0
    endloop
  endfacet
  facet normal 0 0 -1
    outer loop
      vertex 12 -4 0
      vertex 11.8014 -1.88959 0
      vertex 12 -1.9 0
    endloop
  endfacet
  facet normal 0 0 -1
    outer loop
      vertex 11.5819 -3.97809 0
      vertex 11.8014 -1.88959 0
      vertex 12 -4 0
    endloop
  endfacet
  facet normal -0 0 -1
    outer loop
      vertex 11.8014 -1.88959 0
      vertex 11.5819 -3.97809 0
      vertex 11.605 -1.85848 0
    endloop
  endfacet
  facet normal 0 0 -1
    outer loop
      vertex 11.1684 -3.91259 0
      vertex 11.605 -1.85848 0
      vertex 11.5819 -3.97809 0
    endloop
  endfacet
  facet normal -0 0 -1
    outer loop
      vertex 11.605 -1.85848 0
      vertex 11.1684 -3.91259 0
      vertex 11.4129 -1.80701 0
    endloop
  endfacet
  facet normal 0 0 -1
    outer loop
      vertex 10.7639 -3.80423 0
      vertex 11.4129 -1.80701 0
      vertex 11.1684 -3.91259 0
    endloop
  endfacet
  facet normal -0 0 -1
    outer loop
      vertex 11.4129 -1.80701 0
      vertex 10.7639 -3.80423 0
      vertex 11.2272 -1.73574 0
    endloop
  endfacet
  facet normal 0 0 -1
    outer loop
      vertex 10.3731 -3.65418 0
      vertex 11.2272 -1.73574 0
      vertex 10.7639 -3.80423 0
    endloop
  endfacet
  facet normal -0 0 -1
    outer loop
      vertex 11.2272 -1.73574 0
      vertex 10.3731 -3.65418 0
      vertex 11.05 -1.64545 0
    endloop
  endfacet
  facet normal 0 0 -1
    outer loop
      vertex 10 -3.4641 0
      vertex 11.05 -1.64545 0
      vertex 10.3731 -3.65418 0
    endloop
  endfacet
  facet normal -0 0 -1
    outer loop
      vertex 11.05 -1.64545 0
      vertex 10 -3.4641 0
      vertex 10.8832 -1.53713 0
    endloop
  endfacet
  facet normal 0 0 -1
    outer loop
      vertex 9.64886 -3.23607 0
      vertex 10.8832 -1.53713 0
      vertex 10 -3.4641 0
    endloop
  endfacet
  facet normal -0 0 -1
    outer loop
      vertex 10.8832 -1.53713 0
      vertex 9.64886 -3.23607 0
      vertex 10.7287 -1.41197 0
    endloop
  endfacet
  facet normal 0 0 -1
    outer loop
      vertex 9.32348 -2.97258 0
      vertex 10.7287 -1.41197 0
      vertex 9.64886 -3.23607 0
    endloop
  endfacet
  facet normal -0 0 -1
    outer loop
      vertex 10.7287 -1.41197 0
      vertex 9.32348 -2.97258 0
      vertex 10.588 -1.27135 0
    endloop
  endfacet
  facet normal 0 0 -1
    outer loop
      vertex 9.02742 -2.67652 0
      vertex 10.588 -1.27135 0
      vertex 9.32348 -2.97258 0
    endloop
  endfacet
  facet normal -0 0 -1
    outer loop
      vertex 10.588 -1.27135 0
      vertex 9.02742 -2.67652 0
      vertex 10.4629 -1.11679 0
    endloop
  endfacet
  facet normal 0 0 -1
    outer loop
      vertex 8.76393 -2.35114 0
      vertex 10.4629 -1.11679 0
      vertex 9.02742 -2.67652 0
    endloop
  endfacet
  facet normal 0 0 -1
    outer loop
      vertex 8.5359 -2 0
      vertex 10.3546 -0.95 0
      vertex 8.76393 -2.35114 0
    endloop
  endfacet
  facet normal -0 0 -1
    outer loop
      vertex 10.4629 -1.11679 0
      vertex 8.76393 -2.35114 0
      vertex 10.3546 -0.95 0
    endloop
  endfacet
  facet normal -0 0 -1
    outer loop
      vertex 15.4641 2 0
      vertex 13.6454 0.95 0
      vertex 15.2361 2.35114 0
    endloop
  endfacet
  facet normal 0 0 -1
    outer loop
      vertex 13.5371 1.11679 0
      vertex 15.2361 2.35114 0
      vertex 13.6454 0.95 0
    endloop
  endfacet
  facet normal -0 0 -1
    outer loop
      vertex 15.2361 2.35114 0
      vertex 13.5371 1.11679 0
      vertex 14.9726 2.67652 0
    endloop
  endfacet
  facet normal 0 0 -1
    outer loop
      vertex 13.412 1.27135 0
      vertex 14.9726 2.67652 0
      vertex 13.5371 1.11679 0
    endloop
  endfacet
  facet normal -0 0 -1
    outer loop
      vertex 14.9726 2.67652 0
      vertex 13.412 1.27135 0
      vertex 14.6765 2.97258 0
    endloop
  endfacet
  facet normal 0 0 -1
    outer loop
      vertex 13.2713 1.41197 0
      vertex 14.6765 2.97258 0
      vertex 13.412 1.27135 0
    endloop
  endfacet
  facet normal -0 0 -1
    outer loop
      vertex 14.6765 2.97258 0
      vertex 13.2713 1.41197 0
      vertex 14.3511 3.23607 0
    endloop
  endfacet
  facet normal 0 0 -1
    outer loop
      vertex 13.1168 1.53713 0
      vertex 14.3511 3.23607 0
      vertex 13.2713 1.41197 0
    endloop
  endfacet
  facet normal -0 0 -1
    outer loop
      vertex 14.3511 3.23607 0
      vertex 13.1168 1.53713 0
      vertex 14 3.4641 0
    endloop
  endfacet
  facet normal 0 0 -1
    outer loop
      vertex 12.95 1.64545 0
      vertex 14 3.4641 0
      vertex 13.1168 1.53713 0
    endloop
  endfacet
  facet normal -0 0 -1
    outer loop
      vertex 14 3.4641 0
      vertex 12.95 1.64545 0
      vertex 13.6269 3.65418 0
    endloop
  endfacet
  facet normal 0 0 -1
    outer loop
      vertex 12.7728 1.73574 0
      vertex 13.6269 3.65418 0
      vertex 12.95 1.64545 0
    endloop
  endfacet
  facet normal -0 0 -1
    outer loop
      vertex 13.6269 3.65418 0
      vertex 12.7728 1.73574 0
      vertex 13.2361 3.80423 0
    endloop
  endfacet
  facet normal 0 0 -1
    outer loop
      vertex 12.5871 1.80701 0
      vertex 13.2361 3.80423 0
      vertex 12.7728 1.73574 0
    endloop
  endfacet
  facet normal -0 0 -1
    outer loop
      vertex 13.2361 3.80423 0
      vertex 12.5871 1.80701 0
      vertex 12.8316 3.91259 0
    endloop
  endfacet
  facet normal 0 0 -1
    outer loop
      vertex 12.395 1.85848 0
      vertex 12.8316 3.91259 0
      vertex 12.5871 1.80701 0
    endloop
  endfacet
  facet normal -0 0 -1
    outer loop
      vertex 12.8316 3.91259 0
      vertex 12.395 1.85848 0
      vertex 12.4181 3.97809 0
    endloop
  endfacet
  facet normal 0 0 -1
    outer loop
      vertex 12.1986 1.88959 0
      vertex 12.4181 3.97809 0
      vertex 12.395 1.85848 0
    endloop
  endfacet
  facet normal 0 0 -1
    outer loop
      vertex 12 1.9 0
      vertex 12.4181 3.97809 0
      vertex 12.1986 1.88959 0
    endloop
  endfacet
  facet normal 0 0 -1
    outer loop
      vertex 12 1.9 0
      vertex 12 4 0
      vertex 12.4181 3.97809 0
    endloop
  endfacet
  facet normal 0 0 -1
    outer loop
      vertex 11.8014 1.88959 0
      vertex 12 4 0
      vertex 12 1.9 0
    endloop
  endfacet
  facet normal 0 0 -1
    outer loop
      vertex 11.5819 3.97809 0
      vertex 11.8014 1.88959 0
      vertex 11.605 1.85848 0
    endloop
  endfacet
  facet normal 0 0 -1
    outer loop
      vertex 11.8014 1.88959 0
      vertex 11.5819 3.97809 0
      vertex 12 4 0
    endloop
  endfacet
  facet normal 0 0 -1
    outer loop
      vertex 11.1684 3.91259 0
      vertex 11.605 1.85848 0
      vertex 11.4129 1.80701 0
    endloop
  endfacet
  facet normal 0 0 -1
    outer loop
      vertex 10.7639 3.80423 0
      vertex 11.4129 1.80701 0
      vertex 11.2272 1.73574 0
    endloop
  endfacet
  facet normal 0 0 -1
    outer loop
      vertex 11.605 1.85848 0
      vertex 11.1684 3.91259 0
      vertex 11.5819 3.97809 0
    endloop
  endfacet
  facet normal 0 0 -1
    outer loop
      vertex 10.3731 3.65418 0
      vertex 11.2272 1.73574 0
      vertex 11.05 1.64545 0
    endloop
  endfacet
  facet normal 0 0 -1
    outer loop
      vertex 10 3.4641 0
      vertex 11.05 1.64545 0
      vertex 10.8832 1.53713 0
    endloop
  endfacet
  facet normal 0 0 -1
    outer loop
      vertex 11.4129 1.80701 0
      vertex 10.7639 3.80423 0
      vertex 11.1684 3.91259 0
    endloop
  endfacet
  facet normal 0 0 -1
    outer loop
      vertex 9.64886 3.23607 0
      vertex 10.8832 1.53713 0
      vertex 10.7287 1.41197 0
    endloop
  endfacet
  facet normal 0 0 -1
    outer loop
      vertex 9.32348 2.97258 0
      vertex 10.7287 1.41197 0
      vertex 10.588 1.27135 0
    endloop
  endfacet
  facet normal 0 0 -1
    outer loop
      vertex 9.02742 2.67652 0
      vertex 10.588 1.27135 0
      vertex 10.4629 1.11679 0
    endloop
  endfacet
  facet normal 0 0 -1
    outer loop
      vertex 11.2272 1.73574 0
      vertex 10.3731 3.65418 0
      vertex 10.7639 3.80423 0
    endloop
  endfacet
  facet normal 0 0 -1
    outer loop
      vertex 8.76393 2.35114 0
      vertex 10.4629 1.11679 0
      vertex 10.3546 0.95 0
    endloop
  endfacet
  facet normal 0 0 -1
    outer loop
      vertex 8.5359 2 0
      vertex 10.3546 0.95 0
      vertex 10.2643 0.772799 0
    endloop
  endfacet
  facet normal 0 0 -1
    outer loop
      vertex 8.34582 1.62695 0
      vertex 10.2643 0.772799 0
      vertex 10.193 0.587132 0
    endloop
  endfacet
  facet normal 0 0 -1
    outer loop
      vertex 8.19577 1.23607 0
      vertex 10.193 0.587132 0
      vertex 10.1415 0.395032 0
    endloop
  endfacet
  facet normal 0 0 -1
    outer loop
      vertex 8.08741 0.831646 0
      vertex 10.1415 0.395032 0
      vertex 10.1104 0.198604 0
    endloop
  endfacet
  facet normal 0 0 -1
    outer loop
      vertex 11.05 1.64545 0
      vertex 10 3.4641 0
      vertex 10.3731 3.65418 0
    endloop
  endfacet
  facet normal 0 0 -1
    outer loop
      vertex 8.02191 0.418114 0
      vertex 10.1104 0.198604 0
      vertex 10.1 0 0
    endloop
  endfacet
  facet normal -0 0 -1
    outer loop
      vertex 10.3546 -0.95 0
      vertex 8.5359 -2 0
      vertex 10.2643 -0.772799 0
    endloop
  endfacet
  facet normal 0 0 -1
    outer loop
      vertex 8.34582 -1.62695 0
      vertex 10.2643 -0.772799 0
      vertex 8.5359 -2 0
    endloop
  endfacet
  facet normal 0 0 -1
    outer loop
      vertex 10.8832 1.53713 0
      vertex 9.64886 3.23607 0
      vertex 10 3.4641 0
    endloop
  endfacet
  facet normal -0 0 -1
    outer loop
      vertex 10.2643 -0.772799 0
      vertex 8.34582 -1.62695 0
      vertex 10.193 -0.587132 0
    endloop
  endfacet
  facet normal 0 0 -1
    outer loop
      vertex 10.7287 1.41197 0
      vertex 9.32348 2.97258 0
      vertex 9.64886 3.23607 0
    endloop
  endfacet
  facet normal 0 0 -1
    outer loop
      vertex 8.19577 -1.23607 0
      vertex 10.193 -0.587132 0
      vertex 8.34582 -1.62695 0
    endloop
  endfacet
  facet normal 0 0 -1
    outer loop
      vertex 10.588 1.27135 0
      vertex 9.02742 2.67652 0
      vertex 9.32348 2.97258 0
    endloop
  endfacet
  facet normal -0 0 -1
    outer loop
      vertex 10.193 -0.587132 0
      vertex 8.19577 -1.23607 0
      vertex 10.1415 -0.395032 0
    endloop
  endfacet
  facet normal 0 0 -1
    outer loop
      vertex 10.4629 1.11679 0
      vertex 8.76393 2.35114 0
      vertex 9.02742 2.67652 0
    endloop
  endfacet
  facet normal 0 0 -1
    outer loop
      vertex 8.08741 -0.831646 0
      vertex 10.1415 -0.395032 0
      vertex 8.19577 -1.23607 0
    endloop
  endfacet
  facet normal 0 0 -1
    outer loop
      vertex 10.3546 0.95 0
      vertex 8.5359 2 0
      vertex 8.76393 2.35114 0
    endloop
  endfacet
  facet normal -0 0 -1
    outer loop
      vertex 10.1415 -0.395032 0
      vertex 8.08741 -0.831646 0
      vertex 10.1104 -0.198604 0
    endloop
  endfacet
  facet normal 0 0 -1
    outer loop
      vertex 10.2643 0.772799 0
      vertex 8.34582 1.62695 0
      vertex 8.5359 2 0
    endloop
  endfacet
  facet normal 0 0 -1
    outer loop
      vertex 8.02191 -0.418114 0
      vertex 10.1104 -0.198604 0
      vertex 8.08741 -0.831646 0
    endloop
  endfacet
  facet normal 0 0 -1
    outer loop
      vertex 10.193 0.587132 0
      vertex 8.19577 1.23607 0
      vertex 8.34582 1.62695 0
    endloop
  endfacet
  facet normal -0 0 -1
    outer loop
      vertex 10.1104 -0.198604 0
      vertex 8.02191 -0.418114 0
      vertex 10.1 0 0
    endloop
  endfacet
  facet normal 0 0 -1
    outer loop
      vertex 10.1415 0.395032 0
      vertex 8.08741 0.831646 0
      vertex 8.19577 1.23607 0
    endloop
  endfacet
  facet normal 0 0 -1
    outer loop
      vertex 8 0 0
      vertex 10.1 0 0
      vertex 8.02191 -0.418114 0
    endloop
  endfacet
  facet normal 0 0 -1
    outer loop
      vertex 10.1104 0.198604 0
      vertex 8.02191 0.418114 0
      vertex 8.08741 0.831646 0
    endloop
  endfacet
  facet normal 0 0 -1
    outer loop
      vertex 10.1 0 0
      vertex 8 0 0
      vertex 8.02191 0.418114 0
    endloop
  endfacet
  facet normal -0.0523451 0.998629 0
    outer loop
      vertex 12 1.9 -4.5
      vertex 11.8014 1.88959 0
      vertex 12 1.9 0
    endloop
  endfacet
  facet normal -0.0523451 0.998629 0
    outer loop
      vertex 11.8014 1.88959 0
      vertex 12 1.9 -4.5
      vertex 11.8014 1.88959 -4.5
    endloop
  endfacet
  facet normal 0.998632 -0.0522939 0
    outer loop
      vertex 13.8896 -0.198604 0
      vertex 13.9 0 -4.5
      vertex 13.9 0 0
    endloop
  endfacet
  facet normal 0.998632 -0.0522939 0
    outer loop
      vertex 13.9 0 -4.5
      vertex 13.8896 -0.198604 0
      vertex 13.8896 -0.198604 -4.5
    endloop
  endfacet
  facet normal 0.0523451 -0.998629 0
    outer loop
      vertex 12 -1.9 -4.5
      vertex 12.1986 -1.88959 0
      vertex 12 -1.9 0
    endloop
  endfacet
  facet normal 0.0523451 -0.998629 0
    outer loop
      vertex 12.1986 -1.88959 0
      vertex 12 -1.9 -4.5
      vertex 12.1986 -1.88959 -4.5
    endloop
  endfacet
  facet normal 0.453999 -0.891002 0
    outer loop
      vertex 12.7728 -1.73574 -4.5
      vertex 12.95 -1.64545 0
      vertex 12.7728 -1.73574 0
    endloop
  endfacet
  facet normal 0.453999 -0.891002 0
    outer loop
      vertex 12.95 -1.64545 0
      vertex 12.7728 -1.73574 -4.5
      vertex 12.95 -1.64545 -4.5
    endloop
  endfacet
  facet normal 0.629467 -0.777027 0
    outer loop
      vertex 13.1168 -1.53713 -4.5
      vertex 13.2713 -1.41197 0
      vertex 13.1168 -1.53713 0
    endloop
  endfacet
  facet normal 0.629467 -0.777027 0
    outer loop
      vertex 13.2713 -1.41197 0
      vertex 13.1168 -1.53713 -4.5
      vertex 13.2713 -1.41197 -4.5
    endloop
  endfacet
  facet normal 0.544635 -0.838673 0
    outer loop
      vertex 12.95 -1.64545 -4.5
      vertex 13.1168 -1.53713 0
      vertex 12.95 -1.64545 0
    endloop
  endfacet
  facet normal 0.544635 -0.838673 0
    outer loop
      vertex 13.1168 -1.53713 0
      vertex 12.95 -1.64545 -4.5
      vertex 13.1168 -1.53713 -4.5
    endloop
  endfacet
  facet normal 0.777294 -0.629137 0
    outer loop
      vertex 13.412 -1.27135 0
      vertex 13.5371 -1.11679 -4.5
      vertex 13.5371 -1.11679 0
    endloop
  endfacet
  facet normal 0.777294 -0.629137 0
    outer loop
      vertex 13.5371 -1.11679 -4.5
      vertex 13.412 -1.27135 0
      vertex 13.412 -1.27135 -4.5
    endloop
  endfacet
  facet normal 0.838704 -0.544587 0
    outer loop
      vertex 13.5371 -1.11679 0
      vertex 13.6454 -0.95 -4.5
      vertex 13.6454 -0.95 0
    endloop
  endfacet
  facet normal 0.838704 -0.544587 0
    outer loop
      vertex 13.6454 -0.95 -4.5
      vertex 13.5371 -1.11679 0
      vertex 13.5371 -1.11679 -4.5
    endloop
  endfacet
  facet normal -0.706906 -0.707308 0
    outer loop
      vertex 10.7287 -1.41197 -4.5
      vertex 10.588 -1.27135 0
      vertex 10.588 -1.27135 -4.5
    endloop
  endfacet
  facet normal -0.706906 -0.707308 0
    outer loop
      vertex 10.588 -1.27135 0
      vertex 10.7287 -1.41197 -4.5
      vertex 10.7287 -1.41197 0
    endloop
  endfacet
  facet normal -0.629467 -0.777027 0
    outer loop
      vertex 10.7287 -1.41197 -4.5
      vertex 10.8832 -1.53713 0
      vertex 10.7287 -1.41197 0
    endloop
  endfacet
  facet normal -0.629467 -0.777027 -0
    outer loop
      vertex 10.8832 -1.53713 0
      vertex 10.7287 -1.41197 -4.5
      vertex 10.8832 -1.53713 -4.5
    endloop
  endfacet
  facet normal -0.544635 -0.838673 0
    outer loop
      vertex 10.8832 -1.53713 -4.5
      vertex 11.05 -1.64545 0
      vertex 10.8832 -1.53713 0
    endloop
  endfacet
  facet normal -0.544635 -0.838673 -0
    outer loop
      vertex 11.05 -1.64545 0
      vertex 10.8832 -1.53713 -4.5
      vertex 11.05 -1.64545 -4.5
    endloop
  endfacet
  facet normal -0.156451 -0.987686 0
    outer loop
      vertex 11.605 -1.85848 -4.5
      vertex 11.8014 -1.88959 0
      vertex 11.605 -1.85848 0
    endloop
  endfacet
  facet normal -0.156451 -0.987686 -0
    outer loop
      vertex 11.8014 -1.88959 0
      vertex 11.605 -1.85848 -4.5
      vertex 11.8014 -1.88959 -4.5
    endloop
  endfacet
  facet normal -0.890983 -0.454037 0
    outer loop
      vertex 10.3546 -0.95 -4.5
      vertex 10.2643 -0.772799 0
      vertex 10.2643 -0.772799 -4.5
    endloop
  endfacet
  facet normal -0.890983 -0.454037 0
    outer loop
      vertex 10.2643 -0.772799 0
      vertex 10.3546 -0.95 -4.5
      vertex 10.3546 -0.95 0
    endloop
  endfacet
  facet normal -0.998632 -0.0522939 0
    outer loop
      vertex 10.1104 -0.198604 -4.5
      vertex 10.1 0 0
      vertex 10.1 0 -4.5
    endloop
  endfacet
  facet normal -0.998632 -0.0522939 0
    outer loop
      vertex 10.1 0 0
      vertex 10.1104 -0.198604 -4.5
      vertex 10.1104 -0.198604 0
    endloop
  endfacet
  facet normal 0.777294 0.629137 0
    outer loop
      vertex 13.5371 1.11679 0
      vertex 13.412 1.27135 -4.5
      vertex 13.412 1.27135 0
    endloop
  endfacet
  facet normal 0.777294 0.629137 0
    outer loop
      vertex 13.412 1.27135 -4.5
      vertex 13.5371 1.11679 0
      vertex 13.5371 1.11679 -4.5
    endloop
  endfacet
  facet normal 0.358309 0.933603 -0
    outer loop
      vertex 12.7728 1.73574 -4.5
      vertex 12.5871 1.80701 0
      vertex 12.7728 1.73574 0
    endloop
  endfacet
  facet normal 0.358309 0.933603 0
    outer loop
      vertex 12.5871 1.80701 0
      vertex 12.7728 1.73574 -4.5
      vertex 12.5871 1.80701 -4.5
    endloop
  endfacet
  facet normal 0.544635 0.838673 -0
    outer loop
      vertex 13.1168 1.53713 -4.5
      vertex 12.95 1.64545 0
      vertex 13.1168 1.53713 0
    endloop
  endfacet
  facet normal 0.544635 0.838673 0
    outer loop
      vertex 12.95 1.64545 0
      vertex 13.1168 1.53713 -4.5
      vertex 12.95 1.64545 -4.5
    endloop
  endfacet
  facet normal -0.706906 0.707308 0
    outer loop
      vertex 10.588 1.27135 -4.5
      vertex 10.7287 1.41197 0
      vertex 10.7287 1.41197 -4.5
    endloop
  endfacet
  facet normal -0.706906 0.707308 0
    outer loop
      vertex 10.7287 1.41197 0
      vertex 10.588 1.27135 -4.5
      vertex 10.588 1.27135 0
    endloop
  endfacet
  facet normal -0.933531 0.358496 0
    outer loop
      vertex 10.193 0.587132 -4.5
      vertex 10.2643 0.772799 0
      vertex 10.2643 0.772799 -4.5
    endloop
  endfacet
  facet normal -0.933531 0.358496 0
    outer loop
      vertex 10.2643 0.772799 0
      vertex 10.193 0.587132 -4.5
      vertex 10.193 0.587132 0
    endloop
  endfacet
  facet normal -0.453999 0.891002 0
    outer loop
      vertex 11.2272 1.73574 -4.5
      vertex 11.05 1.64545 0
      vertex 11.2272 1.73574 0
    endloop
  endfacet
  facet normal -0.453999 0.891002 0
    outer loop
      vertex 11.05 1.64545 0
      vertex 11.2272 1.73574 -4.5
      vertex 11.05 1.64545 -4.5
    endloop
  endfacet
  facet normal -0.258805 0.96593 0
    outer loop
      vertex 11.605 1.85848 -4.5
      vertex 11.4129 1.80701 0
      vertex 11.605 1.85848 0
    endloop
  endfacet
  facet normal -0.258805 0.96593 0
    outer loop
      vertex 11.4129 1.80701 0
      vertex 11.605 1.85848 -4.5
      vertex 11.4129 1.80701 -4.5
    endloop
  endfacet
  facet normal 0.156451 -0.987686 0
    outer loop
      vertex 12.1986 -1.88959 -4.5
      vertex 12.395 -1.85848 0
      vertex 12.1986 -1.88959 0
    endloop
  endfacet
  facet normal 0.156451 -0.987686 0
    outer loop
      vertex 12.395 -1.85848 0
      vertex 12.1986 -1.88959 -4.5
      vertex 12.395 -1.85848 -4.5
    endloop
  endfacet
  facet normal 0.358309 -0.933603 0
    outer loop
      vertex 12.5871 -1.80701 -4.5
      vertex 12.7728 -1.73574 0
      vertex 12.5871 -1.80701 0
    endloop
  endfacet
  facet normal 0.358309 -0.933603 0
    outer loop
      vertex 12.7728 -1.73574 0
      vertex 12.5871 -1.80701 -4.5
      vertex 12.7728 -1.73574 -4.5
    endloop
  endfacet
  facet normal 0.933531 -0.358496 0
    outer loop
      vertex 13.7357 -0.772799 0
      vertex 13.807 -0.587132 -4.5
      vertex 13.807 -0.587132 0
    endloop
  endfacet
  facet normal 0.933531 -0.358496 0
    outer loop
      vertex 13.807 -0.587132 -4.5
      vertex 13.7357 -0.772799 0
      vertex 13.7357 -0.772799 -4.5
    endloop
  endfacet
  facet normal 0.987697 -0.15638 0
    outer loop
      vertex 13.8585 -0.395032 0
      vertex 13.8896 -0.198604 -4.5
      vertex 13.8896 -0.198604 0
    endloop
  endfacet
  facet normal 0.987697 -0.15638 0
    outer loop
      vertex 13.8896 -0.198604 -4.5
      vertex 13.8585 -0.395032 0
      vertex 13.8585 -0.395032 -4.5
    endloop
  endfacet
  facet normal -0.453999 -0.891002 0
    outer loop
      vertex 11.05 -1.64545 -4.5
      vertex 11.2272 -1.73574 0
      vertex 11.05 -1.64545 0
    endloop
  endfacet
  facet normal -0.453999 -0.891002 -0
    outer loop
      vertex 11.2272 -1.73574 0
      vertex 11.05 -1.64545 -4.5
      vertex 11.2272 -1.73574 -4.5
    endloop
  endfacet
  facet normal -0.258805 -0.96593 0
    outer loop
      vertex 11.4129 -1.80701 -4.5
      vertex 11.605 -1.85848 0
      vertex 11.4129 -1.80701 0
    endloop
  endfacet
  facet normal -0.258805 -0.96593 -0
    outer loop
      vertex 11.605 -1.85848 0
      vertex 11.4129 -1.80701 -4.5
      vertex 11.605 -1.85848 -4.5
    endloop
  endfacet
  facet normal -0.838704 -0.544587 0
    outer loop
      vertex 10.4629 -1.11679 -4.5
      vertex 10.3546 -0.95 0
      vertex 10.3546 -0.95 -4.5
    endloop
  endfacet
  facet normal -0.838704 -0.544587 0
    outer loop
      vertex 10.3546 -0.95 0
      vertex 10.4629 -1.11679 -4.5
      vertex 10.4629 -1.11679 0
    endloop
  endfacet
  facet normal -0.933531 -0.358496 0
    outer loop
      vertex 10.2643 -0.772799 -4.5
      vertex 10.193 -0.587132 0
      vertex 10.193 -0.587132 -4.5
    endloop
  endfacet
  facet normal -0.933531 -0.358496 0
    outer loop
      vertex 10.193 -0.587132 0
      vertex 10.2643 -0.772799 -4.5
      vertex 10.2643 -0.772799 0
    endloop
  endfacet
  facet normal -0.987697 -0.15638 0
    outer loop
      vertex 10.1415 -0.395032 -4.5
      vertex 10.1104 -0.198604 0
      vertex 10.1104 -0.198604 -4.5
    endloop
  endfacet
  facet normal -0.987697 -0.15638 0
    outer loop
      vertex 10.1104 -0.198604 0
      vertex 10.1415 -0.395032 -4.5
      vertex 10.1415 -0.395032 0
    endloop
  endfacet
  facet normal 0.998631 0.0523064 0
    outer loop
      vertex 16 0 1.5
      vertex 15.9781 0.418114 0
      vertex 15.9781 0.418114 1.5
    endloop
  endfacet
  facet normal 0.998631 0.0523064 0
    outer loop
      vertex 15.9781 0.418114 0
      vertex 16 0 1.5
      vertex 16 0 0
    endloop
  endfacet
  facet normal -0.99863 0.0523302 0
    outer loop
      vertex 8 0 0
      vertex 8.02191 0.418114 1.5
      vertex 8.02191 0.418114 0
    endloop
  endfacet
  facet normal -0.99863 0.0523302 0
    outer loop
      vertex 8.02191 0.418114 1.5
      vertex 8 0 0
      vertex 8 0 1.5
    endloop
  endfacet
  facet normal 0.0523319 0.99863 -0
    outer loop
      vertex 12.4181 3.97809 0
      vertex 12 4 1.5
      vertex 12.4181 3.97809 1.5
    endloop
  endfacet
  facet normal 0.0523319 0.99863 0
    outer loop
      vertex 12 4 1.5
      vertex 12.4181 3.97809 0
      vertex 12 4 0
    endloop
  endfacet
  facet normal -0.0523319 -0.99863 0
    outer loop
      vertex 11.5819 -3.97809 0
      vertex 12 -4 1.5
      vertex 11.5819 -3.97809 1.5
    endloop
  endfacet
  facet normal -0.0523319 -0.99863 -0
    outer loop
      vertex 12 -4 1.5
      vertex 11.5819 -3.97809 0
      vertex 12 -4 0
    endloop
  endfacet
  facet normal -0.777143 -0.629324 0
    outer loop
      vertex 9.02742 -2.67652 0
      vertex 8.76393 -2.35114 1.5
      vertex 8.76393 -2.35114 0
    endloop
  endfacet
  facet normal -0.777143 -0.629324 0
    outer loop
      vertex 8.76393 -2.35114 1.5
      vertex 9.02742 -2.67652 0
      vertex 9.02742 -2.67652 1.5
    endloop
  endfacet
  facet normal 0.707059 0.707155 0
    outer loop
      vertex 14.9726 2.67652 1.5
      vertex 14.6765 2.97258 0
      vertex 14.6765 2.97258 1.5
    endloop
  endfacet
  facet normal 0.707059 0.707155 0
    outer loop
      vertex 14.6765 2.97258 0
      vertex 14.9726 2.67652 1.5
      vertex 14.9726 2.67652 0
    endloop
  endfacet
  facet normal -0.629324 0.777143 0
    outer loop
      vertex 9.64886 3.23607 0
      vertex 9.32348 2.97258 1.5
      vertex 9.64886 3.23607 1.5
    endloop
  endfacet
  facet normal -0.629324 0.777143 0
    outer loop
      vertex 9.32348 2.97258 1.5
      vertex 9.64886 3.23607 0
      vertex 9.32348 2.97258 0
    endloop
  endfacet
  facet normal -0.258762 0.965941 0
    outer loop
      vertex 11.1684 3.91259 0
      vertex 10.7639 3.80423 1.5
      vertex 11.1684 3.91259 1.5
    endloop
  endfacet
  facet normal -0.258762 0.965941 0
    outer loop
      vertex 10.7639 3.80423 1.5
      vertex 11.1684 3.91259 0
      vertex 10.7639 3.80423 0
    endloop
  endfacet
  facet normal 0.933616 0.358275 0
    outer loop
      vertex 15.8042 1.23607 1.5
      vertex 15.6542 1.62695 0
      vertex 15.6542 1.62695 1.5
    endloop
  endfacet
  facet normal 0.933616 0.358275 0
    outer loop
      vertex 15.6542 1.62695 0
      vertex 15.8042 1.23607 1.5
      vertex 15.8042 1.23607 0
    endloop
  endfacet
  facet normal 0.358443 0.933552 -0
    outer loop
      vertex 13.6269 3.65418 0
      vertex 13.2361 3.80423 1.5
      vertex 13.6269 3.65418 1.5
    endloop
  endfacet
  facet normal 0.358443 0.933552 0
    outer loop
      vertex 13.2361 3.80423 1.5
      vertex 13.6269 3.65418 0
      vertex 13.2361 3.80423 0
    endloop
  endfacet
  facet normal 0.544678 0.838645 -0
    outer loop
      vertex 14.3511 3.23607 0
      vertex 14 3.4641 1.5
      vertex 14.3511 3.23607 1.5
    endloop
  endfacet
  facet normal 0.544678 0.838645 0
    outer loop
      vertex 14 3.4641 1.5
      vertex 14.3511 3.23607 0
      vertex 14 3.4641 0
    endloop
  endfacet
  facet normal -0.891005 0.453993 0
    outer loop
      vertex 8.34582 1.62695 0
      vertex 8.5359 2 1.5
      vertex 8.5359 2 0
    endloop
  endfacet
  facet normal -0.891005 0.453993 0
    outer loop
      vertex 8.5359 2 1.5
      vertex 8.34582 1.62695 0
      vertex 8.34582 1.62695 1.5
    endloop
  endfacet
  facet normal -0.0523319 0.99863 0
    outer loop
      vertex 12 4 0
      vertex 11.5819 3.97809 1.5
      vertex 12 4 1.5
    endloop
  endfacet
  facet normal -0.0523319 0.99863 0
    outer loop
      vertex 11.5819 3.97809 1.5
      vertex 12 4 0
      vertex 11.5819 3.97809 0
    endloop
  endfacet
  facet normal -0.99863 -0.0523302 0
    outer loop
      vertex 8.02191 -0.418114 0
      vertex 8 0 1.5
      vertex 8 0 0
    endloop
  endfacet
  facet normal -0.99863 -0.0523302 0
    outer loop
      vertex 8 0 1.5
      vertex 8.02191 -0.418114 0
      vertex 8.02191 -0.418114 1.5
    endloop
  endfacet
  facet normal 0.965905 0.258897 0
    outer loop
      vertex 15.9126 0.831646 1.5
      vertex 15.8042 1.23607 0
      vertex 15.8042 1.23607 1.5
    endloop
  endfacet
  facet normal 0.965905 0.258897 0
    outer loop
      vertex 15.8042 1.23607 0
      vertex 15.9126 0.831646 1.5
      vertex 15.9126 0.831646 0
    endloop
  endfacet
  facet normal 0.987687 0.156441 0
    outer loop
      vertex 15.9781 0.418114 1.5
      vertex 15.9126 0.831646 0
      vertex 15.9126 0.831646 1.5
    endloop
  endfacet
  facet normal 0.987687 0.156441 0
    outer loop
      vertex 15.9126 0.831646 0
      vertex 15.9781 0.418114 1.5
      vertex 15.9781 0.418114 0
    endloop
  endfacet
  facet normal 0.838707 0.544584 0
    outer loop
      vertex 15.4641 2 1.5
      vertex 15.2361 2.35114 0
      vertex 15.2361 2.35114 1.5
    endloop
  endfacet
  facet normal 0.838707 0.544584 0
    outer loop
      vertex 15.2361 2.35114 0
      vertex 15.4641 2 1.5
      vertex 15.4641 2 0
    endloop
  endfacet
  facet normal 0.777131 0.629338 0
    outer loop
      vertex 15.2361 2.35114 1.5
      vertex 14.9726 2.67652 0
      vertex 14.9726 2.67652 1.5
    endloop
  endfacet
  facet normal 0.777131 0.629338 0
    outer loop
      vertex 14.9726 2.67652 0
      vertex 15.2361 2.35114 1.5
      vertex 15.2361 2.35114 0
    endloop
  endfacet
  facet normal 0.890986 0.454031 0
    outer loop
      vertex 15.6542 1.62695 1.5
      vertex 15.4641 2 0
      vertex 15.4641 2 1.5
    endloop
  endfacet
  facet normal 0.890986 0.454031 0
    outer loop
      vertex 15.4641 2 0
      vertex 15.6542 1.62695 1.5
      vertex 15.6542 1.62695 0
    endloop
  endfacet
  facet normal 0.258762 0.965941 -0
    outer loop
      vertex 13.2361 3.80423 0
      vertex 12.8316 3.91259 1.5
      vertex 13.2361 3.80423 1.5
    endloop
  endfacet
  facet normal 0.258762 0.965941 0
    outer loop
      vertex 12.8316 3.91259 1.5
      vertex 13.2361 3.80423 0
      vertex 12.8316 3.91259 0
    endloop
  endfacet
  facet normal 0.156453 0.987685 -0
    outer loop
      vertex 12.8316 3.91259 0
      vertex 12.4181 3.97809 1.5
      vertex 12.8316 3.91259 1.5
    endloop
  endfacet
  facet normal 0.156453 0.987685 0
    outer loop
      vertex 12.4181 3.97809 1.5
      vertex 12.8316 3.91259 0
      vertex 12.4181 3.97809 0
    endloop
  endfacet
  facet normal 0.453945 0.89103 -0
    outer loop
      vertex 14 3.4641 0
      vertex 13.6269 3.65418 1.5
      vertex 14 3.4641 1.5
    endloop
  endfacet
  facet normal 0.453945 0.89103 0
    outer loop
      vertex 13.6269 3.65418 1.5
      vertex 14 3.4641 0
      vertex 13.6269 3.65418 0
    endloop
  endfacet
  facet normal 0.629301 0.777162 -0
    outer loop
      vertex 14.6765 2.97258 0
      vertex 14.3511 3.23607 1.5
      vertex 14.6765 2.97258 1.5
    endloop
  endfacet
  facet normal 0.629301 0.777162 0
    outer loop
      vertex 14.3511 3.23607 1.5
      vertex 14.6765 2.97258 0
      vertex 14.3511 3.23607 0
    endloop
  endfacet
  facet normal -0.965929 0.258808 0
    outer loop
      vertex 8.08741 0.831646 0
      vertex 8.19577 1.23607 1.5
      vertex 8.19577 1.23607 0
    endloop
  endfacet
  facet normal -0.965929 0.258808 0
    outer loop
      vertex 8.19577 1.23607 1.5
      vertex 8.08741 0.831646 0
      vertex 8.08741 0.831646 1.5
    endloop
  endfacet
  facet normal -0.777143 0.629324 0
    outer loop
      vertex 8.76393 2.35114 0
      vertex 9.02742 2.67652 1.5
      vertex 9.02742 2.67652 0
    endloop
  endfacet
  facet normal -0.777143 0.629324 0
    outer loop
      vertex 9.02742 2.67652 1.5
      vertex 8.76393 2.35114 0
      vertex 8.76393 2.35114 1.5
    endloop
  endfacet
  facet normal -0.707107 0.707107 0
    outer loop
      vertex 9.02742 2.67652 0
      vertex 9.32348 2.97258 1.5
      vertex 9.32348 2.97258 0
    endloop
  endfacet
  facet normal -0.707107 0.707107 0
    outer loop
      vertex 9.32348 2.97258 1.5
      vertex 9.02742 2.67652 0
      vertex 9.02742 2.67652 1.5
    endloop
  endfacet
  facet normal -0.838674 0.544634 0
    outer loop
      vertex 8.5359 2 0
      vertex 8.76393 2.35114 1.5
      vertex 8.76393 2.35114 0
    endloop
  endfacet
  facet normal -0.838674 0.544634 0
    outer loop
      vertex 8.76393 2.35114 1.5
      vertex 8.5359 2 0
      vertex 8.5359 2 1.5
    endloop
  endfacet
  facet normal -0.933576 0.358379 0
    outer loop
      vertex 8.19577 1.23607 0
      vertex 8.34582 1.62695 1.5
      vertex 8.34582 1.62695 0
    endloop
  endfacet
  facet normal -0.933576 0.358379 0
    outer loop
      vertex 8.34582 1.62695 1.5
      vertex 8.19577 1.23607 0
      vertex 8.19577 1.23607 1.5
    endloop
  endfacet
  facet normal -0.987687 0.156441 0
    outer loop
      vertex 8.02191 0.418114 0
      vertex 8.08741 0.831646 1.5
      vertex 8.08741 0.831646 0
    endloop
  endfacet
  facet normal -0.987687 0.156441 0
    outer loop
      vertex 8.08741 0.831646 1.5
      vertex 8.02191 0.418114 0
      vertex 8.02191 0.418114 1.5
    endloop
  endfacet
  facet normal 0 0 1
    outer loop
      vertex 15.75 0 1.5
      vertex 16 0 1.5
      vertex 15.9781 0.418114 1.5
    endloop
  endfacet
  facet normal 0 0 1
    outer loop
      vertex 15.7295 0.391981 1.5
      vertex 15.9781 0.418114 1.5
      vertex 15.9126 0.831646 1.5
    endloop
  endfacet
  facet normal 0 0 1
    outer loop
      vertex 16 0 1.5
      vertex 15.75 0 1.5
      vertex 15.9781 -0.418114 1.5
    endloop
  endfacet
  facet normal 0 0 1
    outer loop
      vertex 15.6681 0.779669 1.5
      vertex 15.9126 0.831646 1.5
      vertex 15.8042 1.23607 1.5
    endloop
  endfacet
  facet normal -0 0 1
    outer loop
      vertex 15.7295 -0.391981 1.5
      vertex 15.9781 -0.418114 1.5
      vertex 15.75 0 1.5
    endloop
  endfacet
  facet normal 0 0 1
    outer loop
      vertex 15.9781 -0.418114 1.5
      vertex 15.7295 -0.391981 1.5
      vertex 15.9126 -0.831646 1.5
    endloop
  endfacet
  facet normal 0 0 1
    outer loop
      vertex 15.9781 0.418114 1.5
      vertex 15.7295 0.391981 1.5
      vertex 15.75 0 1.5
    endloop
  endfacet
  facet normal 0 0 1
    outer loop
      vertex 15.9126 0.831646 1.5
      vertex 15.6681 0.779669 1.5
      vertex 15.7295 0.391981 1.5
    endloop
  endfacet
  facet normal 0 0 1
    outer loop
      vertex 15.5665 1.15881 1.5
      vertex 15.8042 1.23607 1.5
      vertex 15.6542 1.62695 1.5
    endloop
  endfacet
  facet normal 0 0 1
    outer loop
      vertex 15.8042 1.23607 1.5
      vertex 15.5665 1.15881 1.5
      vertex 15.6681 0.779669 1.5
    endloop
  endfacet
  facet normal 0 0 1
    outer loop
      vertex 15.4258 1.52526 1.5
      vertex 15.6542 1.62695 1.5
      vertex 15.4641 2 1.5
    endloop
  endfacet
  facet normal 0 0 1
    outer loop
      vertex 15.6542 1.62695 1.5
      vertex 15.4258 1.52526 1.5
      vertex 15.5665 1.15881 1.5
    endloop
  endfacet
  facet normal 0 0 1
    outer loop
      vertex 15.4641 2 1.5
      vertex 15.2476 1.875 1.5
      vertex 15.4258 1.52526 1.5
    endloop
  endfacet
  facet normal 0 0 1
    outer loop
      vertex 15.2361 2.35114 1.5
      vertex 15.2476 1.875 1.5
      vertex 15.4641 2 1.5
    endloop
  endfacet
  facet normal 0 0 1
    outer loop
      vertex 15.2361 2.35114 1.5
      vertex 15.0338 2.20419 1.5
      vertex 15.2476 1.875 1.5
    endloop
  endfacet
  facet normal 0 0 1
    outer loop
      vertex 14.9726 2.67652 1.5
      vertex 15.0338 2.20419 1.5
      vertex 15.2361 2.35114 1.5
    endloop
  endfacet
  facet normal 0 0 1
    outer loop
      vertex 14.9726 2.67652 1.5
      vertex 14.7868 2.50924 1.5
      vertex 15.0338 2.20419 1.5
    endloop
  endfacet
  facet normal 0 0 1
    outer loop
      vertex 14.6765 2.97258 1.5
      vertex 14.7868 2.50924 1.5
      vertex 14.9726 2.67652 1.5
    endloop
  endfacet
  facet normal 0 0 1
    outer loop
      vertex 14.6765 2.97258 1.5
      vertex 14.5092 2.78679 1.5
      vertex 14.7868 2.50924 1.5
    endloop
  endfacet
  facet normal 0 0 1
    outer loop
      vertex 14.3511 3.23607 1.5
      vertex 14.5092 2.78679 1.5
      vertex 14.6765 2.97258 1.5
    endloop
  endfacet
  facet normal 0 0 1
    outer loop
      vertex 14.3511 3.23607 1.5
      vertex 14.2042 3.03381 1.5
      vertex 14.5092 2.78679 1.5
    endloop
  endfacet
  facet normal 0 0 1
    outer loop
      vertex 14 3.4641 1.5
      vertex 14.2042 3.03381 1.5
      vertex 14.3511 3.23607 1.5
    endloop
  endfacet
  facet normal 0 0 1
    outer loop
      vertex 14 3.4641 1.5
      vertex 13.875 3.24759 1.5
      vertex 14.2042 3.03381 1.5
    endloop
  endfacet
  facet normal 0 0 1
    outer loop
      vertex 13.6269 3.65418 1.5
      vertex 13.875 3.24759 1.5
      vertex 14 3.4641 1.5
    endloop
  endfacet
  facet normal 0 0 1
    outer loop
      vertex 13.6269 3.65418 1.5
      vertex 13.5253 3.42579 1.5
      vertex 13.875 3.24759 1.5
    endloop
  endfacet
  facet normal 0 0 1
    outer loop
      vertex 13.2361 3.80423 1.5
      vertex 13.5253 3.42579 1.5
      vertex 13.6269 3.65418 1.5
    endloop
  endfacet
  facet normal 0 0 1
    outer loop
      vertex 13.2361 3.80423 1.5
      vertex 13.1588 3.56646 1.5
      vertex 13.5253 3.42579 1.5
    endloop
  endfacet
  facet normal 0 0 1
    outer loop
      vertex 12.8316 3.91259 1.5
      vertex 13.1588 3.56646 1.5
      vertex 13.2361 3.80423 1.5
    endloop
  endfacet
  facet normal 0 0 1
    outer loop
      vertex 12.8316 3.91259 1.5
      vertex 12.7797 3.66805 1.5
      vertex 13.1588 3.56646 1.5
    endloop
  endfacet
  facet normal 0 0 1
    outer loop
      vertex 12.4181 3.97809 1.5
      vertex 12.7797 3.66805 1.5
      vertex 12.8316 3.91259 1.5
    endloop
  endfacet
  facet normal 0 0 1
    outer loop
      vertex 12.4181 3.97809 1.5
      vertex 12.392 3.72946 1.5
      vertex 12.7797 3.66805 1.5
    endloop
  endfacet
  facet normal 0 0 1
    outer loop
      vertex 12 4 1.5
      vertex 12.392 3.72946 1.5
      vertex 12.4181 3.97809 1.5
    endloop
  endfacet
  facet normal 0 0 1
    outer loop
      vertex 12 4 1.5
      vertex 12 3.75 1.5
      vertex 12.392 3.72946 1.5
    endloop
  endfacet
  facet normal 0 0 1
    outer loop
      vertex 12 4 1.5
      vertex 11.608 3.72946 1.5
      vertex 12 3.75 1.5
    endloop
  endfacet
  facet normal -0 0 1
    outer loop
      vertex 11.5819 3.97809 1.5
      vertex 11.608 3.72946 1.5
      vertex 12 4 1.5
    endloop
  endfacet
  facet normal 0 0 1
    outer loop
      vertex 11.5819 3.97809 1.5
      vertex 11.2203 3.66805 1.5
      vertex 11.608 3.72946 1.5
    endloop
  endfacet
  facet normal -0 0 1
    outer loop
      vertex 11.1684 3.91259 1.5
      vertex 11.2203 3.66805 1.5
      vertex 11.5819 3.97809 1.5
    endloop
  endfacet
  facet normal 0 0 1
    outer loop
      vertex 11.1684 3.91259 1.5
      vertex 10.8412 3.56646 1.5
      vertex 11.2203 3.66805 1.5
    endloop
  endfacet
  facet normal -0 0 1
    outer loop
      vertex 10.7639 3.80423 1.5
      vertex 10.8412 3.56646 1.5
      vertex 11.1684 3.91259 1.5
    endloop
  endfacet
  facet normal 0 0 1
    outer loop
      vertex 10.7639 3.80423 1.5
      vertex 10.4747 3.42579 1.5
      vertex 10.8412 3.56646 1.5
    endloop
  endfacet
  facet normal -0 0 1
    outer loop
      vertex 10.3731 3.65418 1.5
      vertex 10.4747 3.42579 1.5
      vertex 10.7639 3.80423 1.5
    endloop
  endfacet
  facet normal 0 0 1
    outer loop
      vertex 10.3731 3.65418 1.5
      vertex 10.125 3.24759 1.5
      vertex 10.4747 3.42579 1.5
    endloop
  endfacet
  facet normal -0 0 1
    outer loop
      vertex 10 3.4641 1.5
      vertex 10.125 3.24759 1.5
      vertex 10.3731 3.65418 1.5
    endloop
  endfacet
  facet normal 0 0 1
    outer loop
      vertex 10 3.4641 1.5
      vertex 9.79581 3.03381 1.5
      vertex 10.125 3.24759 1.5
    endloop
  endfacet
  facet normal -0 0 1
    outer loop
      vertex 9.64886 3.23607 1.5
      vertex 9.79581 3.03381 1.5
      vertex 10 3.4641 1.5
    endloop
  endfacet
  facet normal 0 0 1
    outer loop
      vertex 9.64886 3.23607 1.5
      vertex 9.49076 2.78679 1.5
      vertex 9.79581 3.03381 1.5
    endloop
  endfacet
  facet normal -0 0 1
    outer loop
      vertex 9.32348 2.97258 1.5
      vertex 9.49076 2.78679 1.5
      vertex 9.64886 3.23607 1.5
    endloop
  endfacet
  facet normal 0 0 1
    outer loop
      vertex 9.32348 2.97258 1.5
      vertex 9.21321 2.50924 1.5
      vertex 9.49076 2.78679 1.5
    endloop
  endfacet
  facet normal -0 0 1
    outer loop
      vertex 9.02742 2.67652 1.5
      vertex 9.21321 2.50924 1.5
      vertex 9.32348 2.97258 1.5
    endloop
  endfacet
  facet normal 0 0 1
    outer loop
      vertex 9.02742 2.67652 1.5
      vertex 8.96619 2.20419 1.5
      vertex 9.21321 2.50924 1.5
    endloop
  endfacet
  facet normal -0 0 1
    outer loop
      vertex 8.76393 2.35114 1.5
      vertex 8.96619 2.20419 1.5
      vertex 9.02742 2.67652 1.5
    endloop
  endfacet
  facet normal 0 0 1
    outer loop
      vertex 8.76393 2.35114 1.5
      vertex 8.75241 1.875 1.5
      vertex 8.96619 2.20419 1.5
    endloop
  endfacet
  facet normal -0 0 1
    outer loop
      vertex 8.5359 2 1.5
      vertex 8.75241 1.875 1.5
      vertex 8.76393 2.35114 1.5
    endloop
  endfacet
  facet normal 0 0 1
    outer loop
      vertex 8.75241 1.875 1.5
      vertex 8.5359 2 1.5
      vertex 8.57421 1.52526 1.5
    endloop
  endfacet
  facet normal -0 0 1
    outer loop
      vertex 8.34582 1.62695 1.5
      vertex 8.57421 1.52526 1.5
      vertex 8.5359 2 1.5
    endloop
  endfacet
  facet normal 0 0 1
    outer loop
      vertex 8.57421 1.52526 1.5
      vertex 8.34582 1.62695 1.5
      vertex 8.43354 1.15881 1.5
    endloop
  endfacet
  facet normal -0 0 1
    outer loop
      vertex 8.19577 1.23607 1.5
      vertex 8.43354 1.15881 1.5
      vertex 8.34582 1.62695 1.5
    endloop
  endfacet
  facet normal 0 0 1
    outer loop
      vertex 8.43354 1.15881 1.5
      vertex 8.19577 1.23607 1.5
      vertex 8.33195 0.779669 1.5
    endloop
  endfacet
  facet normal 0 0 1
    outer loop
      vertex 8.33195 0.779669 1.5
      vertex 8.08741 0.831646 1.5
      vertex 8.27054 0.391981 1.5
    endloop
  endfacet
  facet normal -0 0 1
    outer loop
      vertex 8.08741 0.831646 1.5
      vertex 8.33195 0.779669 1.5
      vertex 8.19577 1.23607 1.5
    endloop
  endfacet
  facet normal -0 0 1
    outer loop
      vertex 15.6681 -0.779669 1.5
      vertex 15.9126 -0.831646 1.5
      vertex 15.7295 -0.391981 1.5
    endloop
  endfacet
  facet normal 0 0 1
    outer loop
      vertex 15.9126 -0.831646 1.5
      vertex 15.6681 -0.779669 1.5
      vertex 15.8042 -1.23607 1.5
    endloop
  endfacet
  facet normal -0 0 1
    outer loop
      vertex 15.5665 -1.15881 1.5
      vertex 15.8042 -1.23607 1.5
      vertex 15.6681 -0.779669 1.5
    endloop
  endfacet
  facet normal 0 0 1
    outer loop
      vertex 15.8042 -1.23607 1.5
      vertex 15.5665 -1.15881 1.5
      vertex 15.6542 -1.62695 1.5
    endloop
  endfacet
  facet normal -0 0 1
    outer loop
      vertex 15.4258 -1.52526 1.5
      vertex 15.6542 -1.62695 1.5
      vertex 15.5665 -1.15881 1.5
    endloop
  endfacet
  facet normal 0 0 1
    outer loop
      vertex 15.6542 -1.62695 1.5
      vertex 15.4258 -1.52526 1.5
      vertex 15.4641 -2 1.5
    endloop
  endfacet
  facet normal -0 0 1
    outer loop
      vertex 15.2476 -1.875 1.5
      vertex 15.4641 -2 1.5
      vertex 15.4258 -1.52526 1.5
    endloop
  endfacet
  facet normal 0 0 1
    outer loop
      vertex 15.2476 -1.875 1.5
      vertex 15.2361 -2.35114 1.5
      vertex 15.4641 -2 1.5
    endloop
  endfacet
  facet normal -0 0 1
    outer loop
      vertex 15.0338 -2.20419 1.5
      vertex 15.2361 -2.35114 1.5
      vertex 15.2476 -1.875 1.5
    endloop
  endfacet
  facet normal 0 0 1
    outer loop
      vertex 15.0338 -2.20419 1.5
      vertex 14.9726 -2.67652 1.5
      vertex 15.2361 -2.35114 1.5
    endloop
  endfacet
  facet normal -0 0 1
    outer loop
      vertex 14.7868 -2.50924 1.5
      vertex 14.9726 -2.67652 1.5
      vertex 15.0338 -2.20419 1.5
    endloop
  endfacet
  facet normal 0 0 1
    outer loop
      vertex 14.7868 -2.50924 1.5
      vertex 14.6765 -2.97258 1.5
      vertex 14.9726 -2.67652 1.5
    endloop
  endfacet
  facet normal -0 0 1
    outer loop
      vertex 14.5092 -2.78679 1.5
      vertex 14.6765 -2.97258 1.5
      vertex 14.7868 -2.50924 1.5
    endloop
  endfacet
  facet normal 0 0 1
    outer loop
      vertex 14.5092 -2.78679 1.5
      vertex 14.3511 -3.23607 1.5
      vertex 14.6765 -2.97258 1.5
    endloop
  endfacet
  facet normal -0 0 1
    outer loop
      vertex 14.2042 -3.03381 1.5
      vertex 14.3511 -3.23607 1.5
      vertex 14.5092 -2.78679 1.5
    endloop
  endfacet
  facet normal 0 0 1
    outer loop
      vertex 14.2042 -3.03381 1.5
      vertex 14 -3.4641 1.5
      vertex 14.3511 -3.23607 1.5
    endloop
  endfacet
  facet normal -0 0 1
    outer loop
      vertex 13.875 -3.24759 1.5
      vertex 14 -3.4641 1.5
      vertex 14.2042 -3.03381 1.5
    endloop
  endfacet
  facet normal 0 0 1
    outer loop
      vertex 13.875 -3.24759 1.5
      vertex 13.6269 -3.65418 1.5
      vertex 14 -3.4641 1.5
    endloop
  endfacet
  facet normal -0 0 1
    outer loop
      vertex 13.5253 -3.42579 1.5
      vertex 13.6269 -3.65418 1.5
      vertex 13.875 -3.24759 1.5
    endloop
  endfacet
  facet normal 0 0 1
    outer loop
      vertex 13.5253 -3.42579 1.5
      vertex 13.2361 -3.80423 1.5
      vertex 13.6269 -3.65418 1.5
    endloop
  endfacet
  facet normal -0 0 1
    outer loop
      vertex 13.1588 -3.56646 1.5
      vertex 13.2361 -3.80423 1.5
      vertex 13.5253 -3.42579 1.5
    endloop
  endfacet
  facet normal 0 0 1
    outer loop
      vertex 13.1588 -3.56646 1.5
      vertex 12.8316 -3.91259 1.5
      vertex 13.2361 -3.80423 1.5
    endloop
  endfacet
  facet normal -0 0 1
    outer loop
      vertex 12.7797 -3.66805 1.5
      vertex 12.8316 -3.91259 1.5
      vertex 13.1588 -3.56646 1.5
    endloop
  endfacet
  facet normal 0 0 1
    outer loop
      vertex 12.7797 -3.66805 1.5
      vertex 12.4181 -3.97809 1.5
      vertex 12.8316 -3.91259 1.5
    endloop
  endfacet
  facet normal -0 0 1
    outer loop
      vertex 12.392 -3.72946 1.5
      vertex 12.4181 -3.97809 1.5
      vertex 12.7797 -3.66805 1.5
    endloop
  endfacet
  facet normal -0 0 1
    outer loop
      vertex 12 -3.75 1.5
      vertex 12.4181 -3.97809 1.5
      vertex 12.392 -3.72946 1.5
    endloop
  endfacet
  facet normal 0 0 1
    outer loop
      vertex 12 -3.75 1.5
      vertex 12 -4 1.5
      vertex 12.4181 -3.97809 1.5
    endloop
  endfacet
  facet normal 0 0 1
    outer loop
      vertex 11.608 -3.72946 1.5
      vertex 12 -4 1.5
      vertex 12 -3.75 1.5
    endloop
  endfacet
  facet normal 0 0 1
    outer loop
      vertex 11.608 -3.72946 1.5
      vertex 11.5819 -3.97809 1.5
      vertex 12 -4 1.5
    endloop
  endfacet
  facet normal 0 0 1
    outer loop
      vertex 11.2203 -3.66805 1.5
      vertex 11.5819 -3.97809 1.5
      vertex 11.608 -3.72946 1.5
    endloop
  endfacet
  facet normal 0 0 1
    outer loop
      vertex 11.2203 -3.66805 1.5
      vertex 11.1684 -3.91259 1.5
      vertex 11.5819 -3.97809 1.5
    endloop
  endfacet
  facet normal 0 0 1
    outer loop
      vertex 10.8412 -3.56646 1.5
      vertex 11.1684 -3.91259 1.5
      vertex 11.2203 -3.66805 1.5
    endloop
  endfacet
  facet normal 0 0 1
    outer loop
      vertex 10.8412 -3.56646 1.5
      vertex 10.7639 -3.80423 1.5
      vertex 11.1684 -3.91259 1.5
    endloop
  endfacet
  facet normal 0 0 1
    outer loop
      vertex 10.4747 -3.42579 1.5
      vertex 10.7639 -3.80423 1.5
      vertex 10.8412 -3.56646 1.5
    endloop
  endfacet
  facet normal 0 0 1
    outer loop
      vertex 10.4747 -3.42579 1.5
      vertex 10.3731 -3.65418 1.5
      vertex 10.7639 -3.80423 1.5
    endloop
  endfacet
  facet normal 0 0 1
    outer loop
      vertex 10.125 -3.24759 1.5
      vertex 10.3731 -3.65418 1.5
      vertex 10.4747 -3.42579 1.5
    endloop
  endfacet
  facet normal 0 0 1
    outer loop
      vertex 10.125 -3.24759 1.5
      vertex 10 -3.4641 1.5
      vertex 10.3731 -3.65418 1.5
    endloop
  endfacet
  facet normal 0 0 1
    outer loop
      vertex 9.79581 -3.03381 1.5
      vertex 10 -3.4641 1.5
      vertex 10.125 -3.24759 1.5
    endloop
  endfacet
  facet normal 0 0 1
    outer loop
      vertex 9.79581 -3.03381 1.5
      vertex 9.64886 -3.23607 1.5
      vertex 10 -3.4641 1.5
    endloop
  endfacet
  facet normal 0 0 1
    outer loop
      vertex 9.49076 -2.78679 1.5
      vertex 9.64886 -3.23607 1.5
      vertex 9.79581 -3.03381 1.5
    endloop
  endfacet
  facet normal 0 0 1
    outer loop
      vertex 9.49076 -2.78679 1.5
      vertex 9.32348 -2.97258 1.5
      vertex 9.64886 -3.23607 1.5
    endloop
  endfacet
  facet normal 0 0 1
    outer loop
      vertex 9.21321 -2.50924 1.5
      vertex 9.32348 -2.97258 1.5
      vertex 9.49076 -2.78679 1.5
    endloop
  endfacet
  facet normal 0 0 1
    outer loop
      vertex 9.21321 -2.50924 1.5
      vertex 9.02742 -2.67652 1.5
      vertex 9.32348 -2.97258 1.5
    endloop
  endfacet
  facet normal 0 0 1
    outer loop
      vertex 8.96619 -2.20419 1.5
      vertex 9.02742 -2.67652 1.5
      vertex 9.21321 -2.50924 1.5
    endloop
  endfacet
  facet normal 0 0 1
    outer loop
      vertex 8.96619 -2.20419 1.5
      vertex 8.76393 -2.35114 1.5
      vertex 9.02742 -2.67652 1.5
    endloop
  endfacet
  facet normal 0 0 1
    outer loop
      vertex 8.75241 -1.875 1.5
      vertex 8.76393 -2.35114 1.5
      vertex 8.96619 -2.20419 1.5
    endloop
  endfacet
  facet normal 0 0 1
    outer loop
      vertex 8.5359 -2 1.5
      vertex 8.75241 -1.875 1.5
      vertex 8.57421 -1.52526 1.5
    endloop
  endfacet
  facet normal 0 0 1
    outer loop
      vertex 8.75241 -1.875 1.5
      vertex 8.5359 -2 1.5
      vertex 8.76393 -2.35114 1.5
    endloop
  endfacet
  facet normal 0 0 1
    outer loop
      vertex 8.34582 -1.62695 1.5
      vertex 8.57421 -1.52526 1.5
      vertex 8.43354 -1.15881 1.5
    endloop
  endfacet
  facet normal 0 0 1
    outer loop
      vertex 8.57421 -1.52526 1.5
      vertex 8.34582 -1.62695 1.5
      vertex 8.5359 -2 1.5
    endloop
  endfacet
  facet normal 0 0 1
    outer loop
      vertex 8.19577 -1.23607 1.5
      vertex 8.43354 -1.15881 1.5
      vertex 8.33195 -0.779669 1.5
    endloop
  endfacet
  facet normal 0 0 1
    outer loop
      vertex 8.08741 -0.831646 1.5
      vertex 8.33195 -0.779669 1.5
      vertex 8.27054 -0.391981 1.5
    endloop
  endfacet
  facet normal 0 0 1
    outer loop
      vertex 8.43354 -1.15881 1.5
      vertex 8.19577 -1.23607 1.5
      vertex 8.34582 -1.62695 1.5
    endloop
  endfacet
  facet normal 0 0 1
    outer loop
      vertex 8.02191 -0.418114 1.5
      vertex 8.27054 -0.391981 1.5
      vertex 8.25 0 1.5
    endloop
  endfacet
  facet normal -0 0 1
    outer loop
      vertex 8.02191 0.418114 1.5
      vertex 8.27054 0.391981 1.5
      vertex 8.08741 0.831646 1.5
    endloop
  endfacet
  facet normal 0 0 1
    outer loop
      vertex 8.27054 0.391981 1.5
      vertex 8.02191 0.418114 1.5
      vertex 8.25 0 1.5
    endloop
  endfacet
  facet normal 0 0 1
    outer loop
      vertex 8.33195 -0.779669 1.5
      vertex 8.08741 -0.831646 1.5
      vertex 8.19577 -1.23607 1.5
    endloop
  endfacet
  facet normal 0 0 1
    outer loop
      vertex 8 0 1.5
      vertex 8.25 0 1.5
      vertex 8.02191 0.418114 1.5
    endloop
  endfacet
  facet normal 0 0 1
    outer loop
      vertex 8.27054 -0.391981 1.5
      vertex 8.02191 -0.418114 1.5
      vertex 8.08741 -0.831646 1.5
    endloop
  endfacet
  facet normal 0 0 1
    outer loop
      vertex 8.25 0 1.5
      vertex 8 0 1.5
      vertex 8.02191 -0.418114 1.5
    endloop
  endfacet
  facet normal -0.453945 0.89103 0
    outer loop
      vertex 10.3731 3.65418 0
      vertex 10 3.4641 1.5
      vertex 10.3731 3.65418 1.5
    endloop
  endfacet
  facet normal -0.453945 0.89103 0
    outer loop
      vertex 10 3.4641 1.5
      vertex 10.3731 3.65418 0
      vertex 10 3.4641 0
    endloop
  endfacet
  facet normal -0.358443 0.933552 0
    outer loop
      vertex 10.7639 3.80423 0
      vertex 10.3731 3.65418 1.5
      vertex 10.7639 3.80423 1.5
    endloop
  endfacet
  facet normal -0.358443 0.933552 0
    outer loop
      vertex 10.3731 3.65418 1.5
      vertex 10.7639 3.80423 0
      vertex 10.3731 3.65418 0
    endloop
  endfacet
  facet normal -0.544634 0.838674 0
    outer loop
      vertex 10 3.4641 0
      vertex 9.64886 3.23607 1.5
      vertex 10 3.4641 1.5
    endloop
  endfacet
  facet normal -0.544634 0.838674 0
    outer loop
      vertex 9.64886 3.23607 1.5
      vertex 10 3.4641 0
      vertex 9.64886 3.23607 0
    endloop
  endfacet
  facet normal -0.156453 0.987685 0
    outer loop
      vertex 11.5819 3.97809 0
      vertex 11.1684 3.91259 1.5
      vertex 11.5819 3.97809 1.5
    endloop
  endfacet
  facet normal -0.156453 0.987685 0
    outer loop
      vertex 11.1684 3.91259 1.5
      vertex 11.5819 3.97809 0
      vertex 11.1684 3.91259 0
    endloop
  endfacet
  facet normal 0.0523319 -0.99863 0
    outer loop
      vertex 12 -4 0
      vertex 12.4181 -3.97809 1.5
      vertex 12 -4 1.5
    endloop
  endfacet
  facet normal 0.0523319 -0.99863 0
    outer loop
      vertex 12.4181 -3.97809 1.5
      vertex 12 -4 0
      vertex 12.4181 -3.97809 0
    endloop
  endfacet
  facet normal 0.258762 -0.965941 0
    outer loop
      vertex 12.8316 -3.91259 0
      vertex 13.2361 -3.80423 1.5
      vertex 12.8316 -3.91259 1.5
    endloop
  endfacet
  facet normal 0.258762 -0.965941 0
    outer loop
      vertex 13.2361 -3.80423 1.5
      vertex 12.8316 -3.91259 0
      vertex 13.2361 -3.80423 0
    endloop
  endfacet
  facet normal 0.629301 -0.777162 0
    outer loop
      vertex 14.3511 -3.23607 0
      vertex 14.6765 -2.97258 1.5
      vertex 14.3511 -3.23607 1.5
    endloop
  endfacet
  facet normal 0.629301 -0.777162 0
    outer loop
      vertex 14.6765 -2.97258 1.5
      vertex 14.3511 -3.23607 0
      vertex 14.6765 -2.97258 0
    endloop
  endfacet
  facet normal 0.453945 -0.89103 0
    outer loop
      vertex 13.6269 -3.65418 0
      vertex 14 -3.4641 1.5
      vertex 13.6269 -3.65418 1.5
    endloop
  endfacet
  facet normal 0.453945 -0.89103 0
    outer loop
      vertex 14 -3.4641 1.5
      vertex 13.6269 -3.65418 0
      vertex 14 -3.4641 0
    endloop
  endfacet
  facet normal 0.777131 -0.629338 0
    outer loop
      vertex 14.9726 -2.67652 1.5
      vertex 15.2361 -2.35114 0
      vertex 15.2361 -2.35114 1.5
    endloop
  endfacet
  facet normal 0.777131 -0.629338 0
    outer loop
      vertex 15.2361 -2.35114 0
      vertex 14.9726 -2.67652 1.5
      vertex 14.9726 -2.67652 0
    endloop
  endfacet
  facet normal 0.890986 -0.454031 0
    outer loop
      vertex 15.4641 -2 1.5
      vertex 15.6542 -1.62695 0
      vertex 15.6542 -1.62695 1.5
    endloop
  endfacet
  facet normal 0.890986 -0.454031 0
    outer loop
      vertex 15.6542 -1.62695 0
      vertex 15.4641 -2 1.5
      vertex 15.4641 -2 0
    endloop
  endfacet
  facet normal -0.707107 -0.707107 0
    outer loop
      vertex 9.32348 -2.97258 0
      vertex 9.02742 -2.67652 1.5
      vertex 9.02742 -2.67652 0
    endloop
  endfacet
  facet normal -0.707107 -0.707107 0
    outer loop
      vertex 9.02742 -2.67652 1.5
      vertex 9.32348 -2.97258 0
      vertex 9.32348 -2.97258 1.5
    endloop
  endfacet
  facet normal -0.544634 -0.838674 0
    outer loop
      vertex 9.64886 -3.23607 0
      vertex 10 -3.4641 1.5
      vertex 9.64886 -3.23607 1.5
    endloop
  endfacet
  facet normal -0.544634 -0.838674 -0
    outer loop
      vertex 10 -3.4641 1.5
      vertex 9.64886 -3.23607 0
      vertex 10 -3.4641 0
    endloop
  endfacet
  facet normal -0.358443 -0.933552 0
    outer loop
      vertex 10.3731 -3.65418 0
      vertex 10.7639 -3.80423 1.5
      vertex 10.3731 -3.65418 1.5
    endloop
  endfacet
  facet normal -0.358443 -0.933552 -0
    outer loop
      vertex 10.7639 -3.80423 1.5
      vertex 10.3731 -3.65418 0
      vertex 10.7639 -3.80423 0
    endloop
  endfacet
  facet normal -0.156453 -0.987685 0
    outer loop
      vertex 11.1684 -3.91259 0
      vertex 11.5819 -3.97809 1.5
      vertex 11.1684 -3.91259 1.5
    endloop
  endfacet
  facet normal -0.156453 -0.987685 -0
    outer loop
      vertex 11.5819 -3.97809 1.5
      vertex 11.1684 -3.91259 0
      vertex 11.5819 -3.97809 0
    endloop
  endfacet
  facet normal -0.933576 -0.358379 0
    outer loop
      vertex 8.34582 -1.62695 0
      vertex 8.19577 -1.23607 1.5
      vertex 8.19577 -1.23607 0
    endloop
  endfacet
  facet normal -0.933576 -0.358379 0
    outer loop
      vertex 8.19577 -1.23607 1.5
      vertex 8.34582 -1.62695 0
      vertex 8.34582 -1.62695 1.5
    endloop
  endfacet
  facet normal -0.838674 -0.544634 0
    outer loop
      vertex 8.76393 -2.35114 0
      vertex 8.5359 -2 1.5
      vertex 8.5359 -2 0
    endloop
  endfacet
  facet normal -0.838674 -0.544634 0
    outer loop
      vertex 8.5359 -2 1.5
      vertex 8.76393 -2.35114 0
      vertex 8.76393 -2.35114 1.5
    endloop
  endfacet
  facet normal -0.987687 -0.156441 0
    outer loop
      vertex 8.08741 -0.831646 0
      vertex 8.02191 -0.418114 1.5
      vertex 8.02191 -0.418114 0
    endloop
  endfacet
  facet normal -0.987687 -0.156441 0
    outer loop
      vertex 8.02191 -0.418114 1.5
      vertex 8.08741 -0.831646 0
      vertex 8.08741 -0.831646 1.5
    endloop
  endfacet
  facet normal 0.156453 -0.987685 0
    outer loop
      vertex 12.4181 -3.97809 0
      vertex 12.8316 -3.91259 1.5
      vertex 12.4181 -3.97809 1.5
    endloop
  endfacet
  facet normal 0.156453 -0.987685 0
    outer loop
      vertex 12.8316 -3.91259 1.5
      vertex 12.4181 -3.97809 0
      vertex 12.8316 -3.91259 0
    endloop
  endfacet
  facet normal 0.358443 -0.933552 0
    outer loop
      vertex 13.2361 -3.80423 0
      vertex 13.6269 -3.65418 1.5
      vertex 13.2361 -3.80423 1.5
    endloop
  endfacet
  facet normal 0.358443 -0.933552 0
    outer loop
      vertex 13.6269 -3.65418 1.5
      vertex 13.2361 -3.80423 0
      vertex 13.6269 -3.65418 0
    endloop
  endfacet
  facet normal 0.707059 -0.707155 0
    outer loop
      vertex 14.6765 -2.97258 1.5
      vertex 14.9726 -2.67652 0
      vertex 14.9726 -2.67652 1.5
    endloop
  endfacet
  facet normal 0.707059 -0.707155 0
    outer loop
      vertex 14.9726 -2.67652 0
      vertex 14.6765 -2.97258 1.5
      vertex 14.6765 -2.97258 0
    endloop
  endfacet
  facet normal 0.544678 -0.838645 0
    outer loop
      vertex 14 -3.4641 0
      vertex 14.3511 -3.23607 1.5
      vertex 14 -3.4641 1.5
    endloop
  endfacet
  facet normal 0.544678 -0.838645 0
    outer loop
      vertex 14.3511 -3.23607 1.5
      vertex 14 -3.4641 0
      vertex 14.3511 -3.23607 0
    endloop
  endfacet
  facet normal 0.838707 -0.544584 0
    outer loop
      vertex 15.2361 -2.35114 1.5
      vertex 15.4641 -2 0
      vertex 15.4641 -2 1.5
    endloop
  endfacet
  facet normal 0.838707 -0.544584 0
    outer loop
      vertex 15.4641 -2 0
      vertex 15.2361 -2.35114 1.5
      vertex 15.2361 -2.35114 0
    endloop
  endfacet
  facet normal 0.933616 -0.358275 0
    outer loop
      vertex 15.6542 -1.62695 1.5
      vertex 15.8042 -1.23607 0
      vertex 15.8042 -1.23607 1.5
    endloop
  endfacet
  facet normal 0.933616 -0.358275 0
    outer loop
      vertex 15.8042 -1.23607 0
      vertex 15.6542 -1.62695 1.5
      vertex 15.6542 -1.62695 0
    endloop
  endfacet
  facet normal 0.987687 -0.156441 0
    outer loop
      vertex 15.9126 -0.831646 1.5
      vertex 15.9781 -0.418114 0
      vertex 15.9781 -0.418114 1.5
    endloop
  endfacet
  facet normal 0.987687 -0.156441 0
    outer loop
      vertex 15.9781 -0.418114 0
      vertex 15.9126 -0.831646 1.5
      vertex 15.9126 -0.831646 0
    endloop
  endfacet
  facet normal 0.965905 -0.258897 0
    outer loop
      vertex 15.8042 -1.23607 1.5
      vertex 15.9126 -0.831646 0
      vertex 15.9126 -0.831646 1.5
    endloop
  endfacet
  facet normal 0.965905 -0.258897 0
    outer loop
      vertex 15.9126 -0.831646 0
      vertex 15.8042 -1.23607 1.5
      vertex 15.8042 -1.23607 0
    endloop
  endfacet
  facet normal 0.998631 -0.0523064 0
    outer loop
      vertex 15.9781 -0.418114 1.5
      vertex 16 0 0
      vertex 16 0 1.5
    endloop
  endfacet
  facet normal 0.998631 -0.0523064 0
    outer loop
      vertex 16 0 0
      vertex 15.9781 -0.418114 1.5
      vertex 15.9781 -0.418114 0
    endloop
  endfacet
  facet normal -0.629324 -0.777143 0
    outer loop
      vertex 9.32348 -2.97258 0
      vertex 9.64886 -3.23607 1.5
      vertex 9.32348 -2.97258 1.5
    endloop
  endfacet
  facet normal -0.629324 -0.777143 -0
    outer loop
      vertex 9.64886 -3.23607 1.5
      vertex 9.32348 -2.97258 0
      vertex 9.64886 -3.23607 0
    endloop
  endfacet
  facet normal -0.453945 -0.89103 0
    outer loop
      vertex 10 -3.4641 0
      vertex 10.3731 -3.65418 1.5
      vertex 10 -3.4641 1.5
    endloop
  endfacet
  facet normal -0.453945 -0.89103 -0
    outer loop
      vertex 10.3731 -3.65418 1.5
      vertex 10 -3.4641 0
      vertex 10.3731 -3.65418 0
    endloop
  endfacet
  facet normal -0.258762 -0.965941 0
    outer loop
      vertex 10.7639 -3.80423 0
      vertex 11.1684 -3.91259 1.5
      vertex 10.7639 -3.80423 1.5
    endloop
  endfacet
  facet normal -0.258762 -0.965941 -0
    outer loop
      vertex 11.1684 -3.91259 1.5
      vertex 10.7639 -3.80423 0
      vertex 11.1684 -3.91259 0
    endloop
  endfacet
  facet normal -0.891005 -0.453993 0
    outer loop
      vertex 8.5359 -2 0
      vertex 8.34582 -1.62695 1.5
      vertex 8.34582 -1.62695 0
    endloop
  endfacet
  facet normal -0.891005 -0.453993 0
    outer loop
      vertex 8.34582 -1.62695 1.5
      vertex 8.5359 -2 0
      vertex 8.5359 -2 1.5
    endloop
  endfacet
  facet normal -0.965929 -0.258808 0
    outer loop
      vertex 8.19577 -1.23607 0
      vertex 8.08741 -0.831646 1.5
      vertex 8.08741 -0.831646 0
    endloop
  endfacet
  facet normal -0.965929 -0.258808 0
    outer loop
      vertex 8.08741 -0.831646 1.5
      vertex 8.19577 -1.23607 0
      vertex 8.19577 -1.23607 1.5
    endloop
  endfacet
  facet normal 0.950851 0.049728 0.305631
    outer loop
      vertex 15.7295 0.391981 1.5
      vertex 14.625 0 5
      vertex 15.75 0 1.5
    endloop
  endfacet
  facet normal 0.940423 0.148939 0.305649
    outer loop
      vertex 15.6681 0.779669 1.5
      vertex 14.5676 0.545768 5
      vertex 15.7295 0.391981 1.5
    endloop
  endfacet
  facet normal -0.673274 0.673274 0.305622
    outer loop
      vertex 9.21321 2.50924 1.5
      vertex 10.2435 1.95076 5
      vertex 9.49076 2.78679 1.5
    endloop
  endfacet
  facet normal -0.673257 0.673292 0.30562
    outer loop
      vertex 10.2435 1.95076 5
      vertex 9.21321 2.50924 1.5
      vertex 10.0492 1.75647 5
    endloop
  endfacet
  facet normal -0.950846 0.0498248 0.305629
    outer loop
      vertex 8.27054 0.391981 1.5
      vertex 8.25 0 1.5
      vertex 9.375 0 5
    endloop
  endfacet
  facet normal 0.0498224 -0.950846 0.305629
    outer loop
      vertex 12 -2.625 5
      vertex 12 -3.75 1.5
      vertex 12.392 -3.72946 1.5
    endloop
  endfacet
  facet normal 0.739985 0.599182 0.30562
    outer loop
      vertex 15.0338 2.20419 1.5
      vertex 13.9508 1.75647 5
      vertex 14.1237 1.54294 5
    endloop
  endfacet
  facet normal -0.79854 0.51858 0.305627
    outer loop
      vertex 9.87633 1.54294 5
      vertex 8.96619 2.20419 1.5
      vertex 9.72668 1.3125 5
    endloop
  endfacet
  facet normal -0.432304 0.848354 0.305628
    outer loop
      vertex 10.4747 3.42579 1.5
      vertex 10.125 3.24759 1.5
      vertex 10.6875 2.27332 5
    endloop
  endfacet
  facet normal -0.0498224 0.950846 0.305629
    outer loop
      vertex 12 3.75 1.5
      vertex 11.608 3.72946 1.5
      vertex 12 2.625 5
    endloop
  endfacet
  facet normal -0.950846 0.0498318 0.30563
    outer loop
      vertex 9.38938 0.274386 5
      vertex 8.27054 0.391981 1.5
      vertex 9.375 0 5
    endloop
  endfacet
  facet normal -0.673257 -0.673292 0.30562
    outer loop
      vertex 9.21321 -2.50924 1.5
      vertex 10.2435 -1.95076 5
      vertex 10.0492 -1.75647 5
    endloop
  endfacet
  facet normal -0.673274 -0.673274 0.305622
    outer loop
      vertex 10.2435 -1.95076 5
      vertex 9.21321 -2.50924 1.5
      vertex 9.49076 -2.78679 1.5
    endloop
  endfacet
  facet normal 0.14896 0.940427 0.305628
    outer loop
      vertex 12.7797 3.66805 1.5
      vertex 12.392 3.72946 1.5
      vertex 12.5458 2.56764 5
    endloop
  endfacet
  facet normal 0.51857 0.798547 0.305627
    outer loop
      vertex 13.875 3.24759 1.5
      vertex 13.3125 2.27332 5
      vertex 14.2042 3.03381 1.5
    endloop
  endfacet
  facet normal 0.798516 0.518614 0.305633
    outer loop
      vertex 15.0338 2.20419 1.5
      vertex 14.2733 1.3125 5
      vertex 15.2476 1.875 1.5
    endloop
  endfacet
  facet normal 0.919695 0.246455 0.305649
    outer loop
      vertex 15.5665 1.15881 1.5
      vertex 14.5676 0.545768 5
      vertex 15.6681 0.779669 1.5
    endloop
  endfacet
  facet normal 0.919715 0.246388 0.305643
    outer loop
      vertex 15.5665 1.15881 1.5
      vertex 14.4965 0.811169 5
      vertex 14.5676 0.545768 5
    endloop
  endfacet
  facet normal 0.246455 -0.919702 0.305627
    outer loop
      vertex 12.8112 -2.49652 5
      vertex 12.5458 -2.56764 5
      vertex 13.1588 -3.56646 1.5
    endloop
  endfacet
  facet normal 0.888885 -0.341291 0.305621
    outer loop
      vertex 15.5665 -1.15881 1.5
      vertex 14.3981 -1.06768 5
      vertex 15.4258 -1.52526 1.5
    endloop
  endfacet
  facet normal 0.848373 -0.432264 0.305634
    outer loop
      vertex 15.4258 -1.52526 1.5
      vertex 14.2733 -1.3125 5
      vertex 15.2476 -1.875 1.5
    endloop
  endfacet
  facet normal 0.848294 -0.432428 0.305618
    outer loop
      vertex 14.3981 -1.06768 5
      vertex 14.2733 -1.3125 5
      vertex 15.4258 -1.52526 1.5
    endloop
  endfacet
  facet normal 0.950851 -0.049728 0.305631
    outer loop
      vertex 15.75 0 1.5
      vertex 14.625 0 5
      vertex 15.7295 -0.391981 1.5
    endloop
  endfacet
  facet normal -0.739968 0.599203 0.305619
    outer loop
      vertex 9.21321 2.50924 1.5
      vertex 8.96619 2.20419 1.5
      vertex 10.0492 1.75647 5
    endloop
  endfacet
  facet normal -0.599202 0.739967 0.305622
    outer loop
      vertex 9.79581 3.03381 1.5
      vertex 9.49076 2.78679 1.5
      vertex 10.2435 1.95076 5
    endloop
  endfacet
  facet normal -0.14893 0.940431 0.30563
    outer loop
      vertex 11.608 3.72946 1.5
      vertex 11.4542 2.56764 5
      vertex 11.7256 2.61062 5
    endloop
  endfacet
  facet normal -0.341186 0.888923 0.305628
    outer loop
      vertex 10.8412 3.56646 1.5
      vertex 10.4747 3.42579 1.5
      vertex 10.9323 2.39806 5
    endloop
  endfacet
  facet normal 0.246455 0.919702 0.305627
    outer loop
      vertex 13.1588 3.56646 1.5
      vertex 12.5458 2.56764 5
      vertex 12.8112 2.49652 5
    endloop
  endfacet
  facet normal 0.0498224 0.950846 0.305629
    outer loop
      vertex 12 3.75 1.5
      vertex 12 2.625 5
      vertex 12.392 3.72946 1.5
    endloop
  endfacet
  facet normal -0.919708 -0.246434 0.305628
    outer loop
      vertex 9.43236 -0.545768 5
      vertex 8.33195 -0.779669 1.5
      vertex 8.43354 -1.15881 1.5
    endloop
  endfacet
  facet normal -0.848374 0.432265 0.305627
    outer loop
      vertex 8.75241 1.875 1.5
      vertex 8.57421 1.52526 1.5
      vertex 9.72668 1.3125 5
    endloop
  endfacet
  facet normal -0.79854 0.518581 0.305627
    outer loop
      vertex 8.96619 2.20419 1.5
      vertex 8.75241 1.875 1.5
      vertex 9.72668 1.3125 5
    endloop
  endfacet
  facet normal -0.888915 0.341204 0.305629
    outer loop
      vertex 9.60194 1.06768 5
      vertex 8.43354 1.15881 1.5
      vertex 9.50348 0.811169 5
    endloop
  endfacet
  facet normal -0.888907 0.341227 0.305627
    outer loop
      vertex 8.57421 1.52526 1.5
      vertex 8.43354 1.15881 1.5
      vertex 9.60194 1.06768 5
    endloop
  endfacet
  facet normal -0.599202 -0.739967 0.305622
    outer loop
      vertex 10.2435 -1.95076 5
      vertex 9.49076 -2.78679 1.5
      vertex 9.79581 -3.03381 1.5
    endloop
  endfacet
  facet normal 0.246459 0.919701 0.305627
    outer loop
      vertex 12.7797 3.66805 1.5
      vertex 12.5458 2.56764 5
      vertex 13.1588 3.56646 1.5
    endloop
  endfacet
  facet normal 0.43229 0.848361 0.305629
    outer loop
      vertex 13.5253 3.42579 1.5
      vertex 13.0677 2.39806 5
      vertex 13.3125 2.27332 5
    endloop
  endfacet
  facet normal 0.599263 0.73992 0.305617
    outer loop
      vertex 14.2042 3.03381 1.5
      vertex 13.7565 1.95076 5
      vertex 14.5092 2.78679 1.5
    endloop
  endfacet
  facet normal 0.739991 0.599173 0.305621
    outer loop
      vertex 14.7868 2.50924 1.5
      vertex 13.9508 1.75647 5
      vertex 15.0338 2.20419 1.5
    endloop
  endfacet
  facet normal 0.888885 0.341291 0.305621
    outer loop
      vertex 15.4258 1.52526 1.5
      vertex 14.3981 1.06768 5
      vertex 15.5665 1.15881 1.5
    endloop
  endfacet
  facet normal 0.848294 0.432428 0.305618
    outer loop
      vertex 15.4258 1.52526 1.5
      vertex 14.2733 1.3125 5
      vertex 14.3981 1.06768 5
    endloop
  endfacet
  facet normal 0.848373 0.432264 0.305634
    outer loop
      vertex 15.2476 1.875 1.5
      vertex 14.2733 1.3125 5
      vertex 15.4258 1.52526 1.5
    endloop
  endfacet
  facet normal 0.940414 0.149007 0.305643
    outer loop
      vertex 15.7295 0.391981 1.5
      vertex 14.5676 0.545768 5
      vertex 14.6106 0.274386 5
    endloop
  endfacet
  facet normal 0.518642 -0.798497 0.305635
    outer loop
      vertex 13.5429 -2.12367 5
      vertex 13.3125 -2.27332 5
      vertex 14.2042 -3.03381 1.5
    endloop
  endfacet
  facet normal 0.43229 -0.848361 0.305629
    outer loop
      vertex 13.3125 -2.27332 5
      vertex 13.0677 -2.39806 5
      vertex 13.5253 -3.42579 1.5
    endloop
  endfacet
  facet normal 0.432304 -0.848354 0.305628
    outer loop
      vertex 13.875 -3.24759 1.5
      vertex 13.3125 -2.27332 5
      vertex 13.5253 -3.42579 1.5
    endloop
  endfacet
  facet normal 0.739985 -0.599182 0.30562
    outer loop
      vertex 14.1237 -1.54294 5
      vertex 13.9508 -1.75647 5
      vertex 15.0338 -2.20419 1.5
    endloop
  endfacet
  facet normal 0.739991 -0.599173 0.305621
    outer loop
      vertex 15.0338 -2.20419 1.5
      vertex 13.9508 -1.75647 5
      vertex 14.7868 -2.50924 1.5
    endloop
  endfacet
  facet normal 0.919715 -0.246388 0.305643
    outer loop
      vertex 14.5676 -0.545768 5
      vertex 14.4965 -0.811169 5
      vertex 15.5665 -1.15881 1.5
    endloop
  endfacet
  facet normal 0.919695 -0.246455 0.305649
    outer loop
      vertex 15.6681 -0.779669 1.5
      vertex 14.5676 -0.545768 5
      vertex 15.5665 -1.15881 1.5
    endloop
  endfacet
  facet normal -0.246459 0.919701 0.305627
    outer loop
      vertex 11.2203 3.66805 1.5
      vertex 10.8412 3.56646 1.5
      vertex 11.4542 2.56764 5
    endloop
  endfacet
  facet normal -0.14896 0.940427 0.305628
    outer loop
      vertex 11.608 3.72946 1.5
      vertex 11.2203 3.66805 1.5
      vertex 11.4542 2.56764 5
    endloop
  endfacet
  facet normal -0.246455 0.919702 0.305627
    outer loop
      vertex 11.4542 2.56764 5
      vertex 10.8412 3.56646 1.5
      vertex 11.1888 2.49652 5
    endloop
  endfacet
  facet normal -0.341217 0.888912 0.305625
    outer loop
      vertex 11.1888 2.49652 5
      vertex 10.8412 3.56646 1.5
      vertex 10.9323 2.39806 5
    endloop
  endfacet
  facet normal -0.43229 0.848361 0.305629
    outer loop
      vertex 10.9323 2.39806 5
      vertex 10.4747 3.42579 1.5
      vertex 10.6875 2.27332 5
    endloop
  endfacet
  facet normal -0.518581 0.79854 0.305627
    outer loop
      vertex 10.125 3.24759 1.5
      vertex 9.79581 3.03381 1.5
      vertex 10.6875 2.27332 5
    endloop
  endfacet
  facet normal -0.0498293 0.950846 0.30563
    outer loop
      vertex 12 2.625 5
      vertex 11.608 3.72946 1.5
      vertex 11.7256 2.61062 5
    endloop
  endfacet
  facet normal -0.919702 -0.246454 0.305629
    outer loop
      vertex 9.43236 -0.545768 5
      vertex 8.43354 -1.15881 1.5
      vertex 9.50348 -0.811169 5
    endloop
  endfacet
  facet normal -0.950846 -0.0498248 0.305629
    outer loop
      vertex 9.375 0 5
      vertex 8.25 0 1.5
      vertex 8.27054 -0.391981 1.5
    endloop
  endfacet
  facet normal -0.740033 0.599118 0.305629
    outer loop
      vertex 10.0492 1.75647 5
      vertex 8.96619 2.20419 1.5
      vertex 9.87633 1.54294 5
    endloop
  endfacet
  facet normal -0.848376 0.432262 0.305627
    outer loop
      vertex 9.72668 1.3125 5
      vertex 8.57421 1.52526 1.5
      vertex 9.60194 1.06768 5
    endloop
  endfacet
  facet normal -0.940426 0.148964 0.305628
    outer loop
      vertex 8.33195 0.779669 1.5
      vertex 8.27054 0.391981 1.5
      vertex 9.43236 0.545768 5
    endloop
  endfacet
  facet normal -0.919708 0.246434 0.305628
    outer loop
      vertex 8.43354 1.15881 1.5
      vertex 8.33195 0.779669 1.5
      vertex 9.43236 0.545768 5
    endloop
  endfacet
  facet normal -0.919702 0.246454 0.305629
    outer loop
      vertex 9.50348 0.811169 5
      vertex 8.43354 1.15881 1.5
      vertex 9.43236 0.545768 5
    endloop
  endfacet
  facet normal -0.0498224 -0.950846 0.305629
    outer loop
      vertex 12 -2.625 5
      vertex 11.608 -3.72946 1.5
      vertex 12 -3.75 1.5
    endloop
  endfacet
  facet normal -0.246455 -0.919702 0.305627
    outer loop
      vertex 11.1888 -2.49652 5
      vertex 10.8412 -3.56646 1.5
      vertex 11.4542 -2.56764 5
    endloop
  endfacet
  facet normal 0.432304 0.848354 0.305628
    outer loop
      vertex 13.5253 3.42579 1.5
      vertex 13.3125 2.27332 5
      vertex 13.875 3.24759 1.5
    endloop
  endfacet
  facet normal 0.518642 0.798497 0.305635
    outer loop
      vertex 14.2042 3.03381 1.5
      vertex 13.3125 2.27332 5
      vertex 13.5429 2.12367 5
    endloop
  endfacet
  facet normal 0.599081 0.740059 0.305637
    outer loop
      vertex 14.2042 3.03381 1.5
      vertex 13.5429 2.12367 5
      vertex 13.7565 1.95076 5
    endloop
  endfacet
  facet normal 0.673214 0.673336 0.305616
    outer loop
      vertex 13.7565 1.95076 5
      vertex 14.7868 2.50924 1.5
      vertex 14.5092 2.78679 1.5
    endloop
  endfacet
  facet normal 0.673257 0.673291 0.305622
    outer loop
      vertex 14.7868 2.50924 1.5
      vertex 13.7565 1.95076 5
      vertex 13.9508 1.75647 5
    endloop
  endfacet
  facet normal 0.798622 0.51846 0.305617
    outer loop
      vertex 15.0338 2.20419 1.5
      vertex 14.1237 1.54294 5
      vertex 14.2733 1.3125 5
    endloop
  endfacet
  facet normal 0.88898 0.341021 0.305646
    outer loop
      vertex 15.5665 1.15881 1.5
      vertex 14.3981 1.06768 5
      vertex 14.4965 0.811169 5
    endloop
  endfacet
  facet normal 0.950837 0.0499007 0.305646
    outer loop
      vertex 15.7295 0.391981 1.5
      vertex 14.6106 0.274386 5
      vertex 14.625 0 5
    endloop
  endfacet
  facet normal 0.673257 -0.673291 0.305622
    outer loop
      vertex 13.7565 -1.95076 5
      vertex 14.7868 -2.50924 1.5
      vertex 13.9508 -1.75647 5
    endloop
  endfacet
  facet normal 0.673214 -0.673336 0.305616
    outer loop
      vertex 14.7868 -2.50924 1.5
      vertex 13.7565 -1.95076 5
      vertex 14.5092 -2.78679 1.5
    endloop
  endfacet
  facet normal 0.341186 -0.888923 0.305628
    outer loop
      vertex 13.5253 -3.42579 1.5
      vertex 13.0677 -2.39806 5
      vertex 13.1588 -3.56646 1.5
    endloop
  endfacet
  facet normal 0.51857 -0.798547 0.305627
    outer loop
      vertex 14.2042 -3.03381 1.5
      vertex 13.3125 -2.27332 5
      vertex 13.875 -3.24759 1.5
    endloop
  endfacet
  facet normal 0.798622 -0.51846 0.305617
    outer loop
      vertex 14.2733 -1.3125 5
      vertex 14.1237 -1.54294 5
      vertex 15.0338 -2.20419 1.5
    endloop
  endfacet
  facet normal 0.798516 -0.518614 0.305633
    outer loop
      vertex 15.2476 -1.875 1.5
      vertex 14.2733 -1.3125 5
      vertex 15.0338 -2.20419 1.5
    endloop
  endfacet
  facet normal 0.940423 -0.148939 0.305649
    outer loop
      vertex 15.7295 -0.391981 1.5
      vertex 14.5676 -0.545768 5
      vertex 15.6681 -0.779669 1.5
    endloop
  endfacet
  facet normal -0.518642 0.798498 0.305634
    outer loop
      vertex 10.6875 2.27332 5
      vertex 9.79581 3.03381 1.5
      vertex 10.4571 2.12367 5
    endloop
  endfacet
  facet normal -0.599081 0.74006 0.305636
    outer loop
      vertex 10.4571 2.12367 5
      vertex 9.79581 3.03381 1.5
      vertex 10.2435 1.95076 5
    endloop
  endfacet
  facet normal 0.14893 0.940431 0.30563
    outer loop
      vertex 12.392 3.72946 1.5
      vertex 12.2744 2.61062 5
      vertex 12.5458 2.56764 5
    endloop
  endfacet
  facet normal 0.0498293 0.950846 0.30563
    outer loop
      vertex 12.392 3.72946 1.5
      vertex 12 2.625 5
      vertex 12.2744 2.61062 5
    endloop
  endfacet
  facet normal -0.888915 -0.341204 0.305629
    outer loop
      vertex 9.50348 -0.811169 5
      vertex 8.43354 -1.15881 1.5
      vertex 9.60194 -1.06768 5
    endloop
  endfacet
  facet normal -0.79854 -0.518581 0.305627
    outer loop
      vertex 9.72668 -1.3125 5
      vertex 8.75241 -1.875 1.5
      vertex 8.96619 -2.20419 1.5
    endloop
  endfacet
  facet normal -0.739968 -0.599203 0.305619
    outer loop
      vertex 10.0492 -1.75647 5
      vertex 8.96619 -2.20419 1.5
      vertex 9.21321 -2.50924 1.5
    endloop
  endfacet
  facet normal -0.950846 -0.0498318 0.30563
    outer loop
      vertex 9.375 0 5
      vertex 8.27054 -0.391981 1.5
      vertex 9.38938 -0.274386 5
    endloop
  endfacet
  facet normal 0 0 1
    outer loop
      vertex 13.6 0 5
      vertex 14.625 0 5
      vertex 14.6106 0.274386 5
    endloop
  endfacet
  facet normal 0 0 1
    outer loop
      vertex 13.6 0 5
      vertex 14.6106 0.274386 5
      vertex 14.5676 0.545768 5
    endloop
  endfacet
  facet normal 0 0 1
    outer loop
      vertex 14.625 0 5
      vertex 13.6 0 5
      vertex 14.6106 -0.274386 5
    endloop
  endfacet
  facet normal 0 0 1
    outer loop
      vertex 13.6 0 5
      vertex 14.5676 0.545768 5
      vertex 14.4965 0.811169 5
    endloop
  endfacet
  facet normal 0 0 1
    outer loop
      vertex 14.6106 -0.274386 5
      vertex 13.6 0 5
      vertex 14.5676 -0.545768 5
    endloop
  endfacet
  facet normal 0 0 1
    outer loop
      vertex 13.6 0 5
      vertex 14.4965 0.811169 5
      vertex 14.3981 1.06768 5
    endloop
  endfacet
  facet normal 0 0 1
    outer loop
      vertex 14.5676 -0.545768 5
      vertex 13.6 0 5
      vertex 14.4965 -0.811169 5
    endloop
  endfacet
  facet normal 0 0 1
    outer loop
      vertex 13.6 0 5
      vertex 14.3981 1.06768 5
      vertex 14.2733 1.3125 5
    endloop
  endfacet
  facet normal 0 0 1
    outer loop
      vertex 14.4965 -0.811169 5
      vertex 13.6 0 5
      vertex 14.3981 -1.06768 5
    endloop
  endfacet
  facet normal 0 0 1
    outer loop
      vertex 13.6 0 5
      vertex 14.2733 1.3125 5
      vertex 14.1237 1.54294 5
    endloop
  endfacet
  facet normal 0 0 1
    outer loop
      vertex 14.3981 -1.06768 5
      vertex 13.6 0 5
      vertex 14.2733 -1.3125 5
    endloop
  endfacet
  facet normal 0 0 1
    outer loop
      vertex 13.6 0 5
      vertex 14.1237 1.54294 5
      vertex 13.9508 1.75647 5
    endloop
  endfacet
  facet normal 0 0 1
    outer loop
      vertex 14.2733 -1.3125 5
      vertex 13.6 0 5
      vertex 14.1237 -1.54294 5
    endloop
  endfacet
  facet normal 0 0 1
    outer loop
      vertex 13.6 0 5
      vertex 13.9508 1.75647 5
      vertex 13.7565 1.95076 5
    endloop
  endfacet
  facet normal 0 0 1
    outer loop
      vertex 14.1237 -1.54294 5
      vertex 13.6 0 5
      vertex 13.9508 -1.75647 5
    endloop
  endfacet
  facet normal 0 0 1
    outer loop
      vertex 13.9508 -1.75647 5
      vertex 13.6 0 5
      vertex 13.7565 -1.95076 5
    endloop
  endfacet
  facet normal 0 0 1
    outer loop
      vertex 13.5429 2.12367 5
      vertex 13.6 0 5
      vertex 13.7565 1.95076 5
    endloop
  endfacet
  facet normal 0 0 1
    outer loop
      vertex 13.3125 2.27332 5
      vertex 13.6 0 5
      vertex 13.5429 2.12367 5
    endloop
  endfacet
  facet normal 0 0 1
    outer loop
      vertex 11.1 1.29999 5
      vertex 13.3125 2.27332 5
      vertex 13.0677 2.39806 5
    endloop
  endfacet
  facet normal 0 0 1
    outer loop
      vertex 11.1 1.29999 5
      vertex 13.0677 2.39806 5
      vertex 12.8112 2.49652 5
    endloop
  endfacet
  facet normal 0 0 1
    outer loop
      vertex 11.1 1.29999 5
      vertex 12.8112 2.49652 5
      vertex 12.5458 2.56764 5
    endloop
  endfacet
  facet normal 0 0 1
    outer loop
      vertex 11.1 1.29999 5
      vertex 12.5458 2.56764 5
      vertex 12.2744 2.61062 5
    endloop
  endfacet
  facet normal 0 0 1
    outer loop
      vertex 11.1 1.29999 5
      vertex 12.2744 2.61062 5
      vertex 12 2.625 5
    endloop
  endfacet
  facet normal 0 0 1
    outer loop
      vertex 11.1 1.29999 5
      vertex 12 2.625 5
      vertex 11.7256 2.61062 5
    endloop
  endfacet
  facet normal 0 0 1
    outer loop
      vertex 11.1 1.29999 5
      vertex 11.7256 2.61062 5
      vertex 11.4542 2.56764 5
    endloop
  endfacet
  facet normal 0 0 1
    outer loop
      vertex 11.1 1.29999 5
      vertex 11.4542 2.56764 5
      vertex 11.1888 2.49652 5
    endloop
  endfacet
  facet normal 0 0 1
    outer loop
      vertex 13.3125 2.27332 5
      vertex 11.1 1.29999 5
      vertex 13.6 0 5
    endloop
  endfacet
  facet normal -0 0 1
    outer loop
      vertex 10.6875 2.27332 5
      vertex 11.1 1.29999 5
      vertex 10.9323 2.39806 5
    endloop
  endfacet
  facet normal -0 0 1
    outer loop
      vertex 10.9323 2.39806 5
      vertex 11.1 1.29999 5
      vertex 11.1888 2.49652 5
    endloop
  endfacet
  facet normal 0 0 1
    outer loop
      vertex 13.6 0 5
      vertex 13.5429 -2.12367 5
      vertex 13.7565 -1.95076 5
    endloop
  endfacet
  facet normal 0 0 1
    outer loop
      vertex 13.6 0 5
      vertex 13.3125 -2.27332 5
      vertex 13.5429 -2.12367 5
    endloop
  endfacet
  facet normal -0 0 1
    outer loop
      vertex 11.1 -1.29999 5
      vertex 13.3125 -2.27332 5
      vertex 13.6 0 5
    endloop
  endfacet
  facet normal 0 0 1
    outer loop
      vertex 13.3125 -2.27332 5
      vertex 11.1 -1.29999 5
      vertex 13.0677 -2.39806 5
    endloop
  endfacet
  facet normal 0 0 1
    outer loop
      vertex 13.0677 -2.39806 5
      vertex 11.1 -1.29999 5
      vertex 12.8112 -2.49652 5
    endloop
  endfacet
  facet normal 0 0 1
    outer loop
      vertex 12.8112 -2.49652 5
      vertex 11.1 -1.29999 5
      vertex 12.5458 -2.56764 5
    endloop
  endfacet
  facet normal 0 0 1
    outer loop
      vertex 12.5458 -2.56764 5
      vertex 11.1 -1.29999 5
      vertex 12.2744 -2.61062 5
    endloop
  endfacet
  facet normal 0 0 1
    outer loop
      vertex 12.2744 -2.61062 5
      vertex 11.1 -1.29999 5
      vertex 12 -2.625 5
    endloop
  endfacet
  facet normal 0 0 1
    outer loop
      vertex 12 -2.625 5
      vertex 11.1 -1.29999 5
      vertex 11.7256 -2.61062 5
    endloop
  endfacet
  facet normal 0 0 1
    outer loop
      vertex 11.7256 -2.61062 5
      vertex 11.1 -1.29999 5
      vertex 11.4542 -2.56764 5
    endloop
  endfacet
  facet normal 0 0 1
    outer loop
      vertex 11.4542 -2.56764 5
      vertex 11.1 -1.29999 5
      vertex 11.1888 -2.49652 5
    endloop
  endfacet
  facet normal 0 0 1
    outer loop
      vertex 11.1 -1.29999 5
      vertex 10.9323 -2.39806 5
      vertex 11.1888 -2.49652 5
    endloop
  endfacet
  facet normal -0 0 1
    outer loop
      vertex 10.4571 2.12367 5
      vertex 11.1 1.29999 5
      vertex 10.6875 2.27332 5
    endloop
  endfacet
  facet normal -0 0 1
    outer loop
      vertex 10.2435 1.95076 5
      vertex 11.1 1.29999 5
      vertex 10.4571 2.12367 5
    endloop
  endfacet
  facet normal 0 0 1
    outer loop
      vertex 11.1 -1.29999 5
      vertex 10.6875 -2.27332 5
      vertex 10.9323 -2.39806 5
    endloop
  endfacet
  facet normal -0 0 1
    outer loop
      vertex 10.0492 1.75647 5
      vertex 11.1 1.29999 5
      vertex 10.2435 1.95076 5
    endloop
  endfacet
  facet normal 0 0 1
    outer loop
      vertex 11.1 -1.29999 5
      vertex 10.4571 -2.12367 5
      vertex 10.6875 -2.27332 5
    endloop
  endfacet
  facet normal -0 0 1
    outer loop
      vertex 9.87633 1.54294 5
      vertex 11.1 1.29999 5
      vertex 10.0492 1.75647 5
    endloop
  endfacet
  facet normal 0 0 1
    outer loop
      vertex 11.1 -1.29999 5
      vertex 10.2435 -1.95076 5
      vertex 10.4571 -2.12367 5
    endloop
  endfacet
  facet normal -0 0 1
    outer loop
      vertex 9.72668 1.3125 5
      vertex 11.1 1.29999 5
      vertex 9.87633 1.54294 5
    endloop
  endfacet
  facet normal 0 0 1
    outer loop
      vertex 11.1 -1.29999 5
      vertex 10.0492 -1.75647 5
      vertex 10.2435 -1.95076 5
    endloop
  endfacet
  facet normal 0 0 1
    outer loop
      vertex 9.60194 1.06768 5
      vertex 11.1 1.29999 5
      vertex 9.72668 1.3125 5
    endloop
  endfacet
  facet normal 0 0 1
    outer loop
      vertex 11.1 -1.29999 5
      vertex 9.87633 -1.54294 5
      vertex 10.0492 -1.75647 5
    endloop
  endfacet
  facet normal 0 0 1
    outer loop
      vertex 9.50348 0.811169 5
      vertex 11.1 1.29999 5
      vertex 9.60194 1.06768 5
    endloop
  endfacet
  facet normal 0 0 1
    outer loop
      vertex 11.1 -1.29999 5
      vertex 9.72668 -1.3125 5
      vertex 9.87633 -1.54294 5
    endloop
  endfacet
  facet normal 0 0 1
    outer loop
      vertex 9.43236 0.545768 5
      vertex 11.1 1.29999 5
      vertex 9.50348 0.811169 5
    endloop
  endfacet
  facet normal 0 0 1
    outer loop
      vertex 11.1 -1.29999 5
      vertex 9.60194 -1.06768 5
      vertex 9.72668 -1.3125 5
    endloop
  endfacet
  facet normal 0 0 1
    outer loop
      vertex 9.38938 0.274386 5
      vertex 11.1 1.29999 5
      vertex 9.43236 0.545768 5
    endloop
  endfacet
  facet normal 0 0 1
    outer loop
      vertex 11.1 -1.29999 5
      vertex 9.50348 -0.811169 5
      vertex 9.60194 -1.06768 5
    endloop
  endfacet
  facet normal 0 0 1
    outer loop
      vertex 9.375 0 5
      vertex 11.1 1.29999 5
      vertex 9.38938 0.274386 5
    endloop
  endfacet
  facet normal 0 0 1
    outer loop
      vertex 11.1 -1.29999 5
      vertex 9.43236 -0.545768 5
      vertex 9.50348 -0.811169 5
    endloop
  endfacet
  facet normal 0 0 1
    outer loop
      vertex 11.1 1.29999 5
      vertex 9.375 0 5
      vertex 11.1 -1.29999 5
    endloop
  endfacet
  facet normal 0 0 1
    outer loop
      vertex 11.1 -1.29999 5
      vertex 9.38938 -0.274386 5
      vertex 9.43236 -0.545768 5
    endloop
  endfacet
  facet normal 0 0 1
    outer loop
      vertex 11.1 -1.29999 5
      vertex 9.375 0 5
      vertex 9.38938 -0.274386 5
    endloop
  endfacet
  facet normal -0.940429 0.14894 0.30563
    outer loop
      vertex 9.43236 0.545768 5
      vertex 8.27054 0.391981 1.5
      vertex 9.38938 0.274386 5
    endloop
  endfacet
  facet normal 0.14896 -0.940427 0.305628
    outer loop
      vertex 12.5458 -2.56764 5
      vertex 12.392 -3.72946 1.5
      vertex 12.7797 -3.66805 1.5
    endloop
  endfacet
  facet normal 0.246459 -0.919701 0.305627
    outer loop
      vertex 13.1588 -3.56646 1.5
      vertex 12.5458 -2.56764 5
      vertex 12.7797 -3.66805 1.5
    endloop
  endfacet
  facet normal -0.14893 -0.940431 0.30563
    outer loop
      vertex 11.7256 -2.61062 5
      vertex 11.4542 -2.56764 5
      vertex 11.608 -3.72946 1.5
    endloop
  endfacet
  facet normal -0.0498293 -0.950846 0.30563
    outer loop
      vertex 11.7256 -2.61062 5
      vertex 11.608 -3.72946 1.5
      vertex 12 -2.625 5
    endloop
  endfacet
  facet normal -0.246459 -0.919701 0.305627
    outer loop
      vertex 11.4542 -2.56764 5
      vertex 10.8412 -3.56646 1.5
      vertex 11.2203 -3.66805 1.5
    endloop
  endfacet
  facet normal -0.599081 -0.74006 0.305636
    outer loop
      vertex 10.2435 -1.95076 5
      vertex 9.79581 -3.03381 1.5
      vertex 10.4571 -2.12367 5
    endloop
  endfacet
  facet normal -0.432304 -0.848354 0.305628
    outer loop
      vertex 10.6875 -2.27332 5
      vertex 10.125 -3.24759 1.5
      vertex 10.4747 -3.42579 1.5
    endloop
  endfacet
  facet normal -0.518581 -0.79854 0.305627
    outer loop
      vertex 10.6875 -2.27332 5
      vertex 9.79581 -3.03381 1.5
      vertex 10.125 -3.24759 1.5
    endloop
  endfacet
  facet normal 0.341186 0.888923 0.305628
    outer loop
      vertex 13.1588 3.56646 1.5
      vertex 13.0677 2.39806 5
      vertex 13.5253 3.42579 1.5
    endloop
  endfacet
  facet normal 0.341217 0.888912 0.305625
    outer loop
      vertex 13.1588 3.56646 1.5
      vertex 12.8112 2.49652 5
      vertex 13.0677 2.39806 5
    endloop
  endfacet
  facet normal 0.599081 -0.740059 0.305637
    outer loop
      vertex 13.7565 -1.95076 5
      vertex 13.5429 -2.12367 5
      vertex 14.2042 -3.03381 1.5
    endloop
  endfacet
  facet normal 0.599263 -0.73992 0.305617
    outer loop
      vertex 14.5092 -2.78679 1.5
      vertex 13.7565 -1.95076 5
      vertex 14.2042 -3.03381 1.5
    endloop
  endfacet
  facet normal 0.341217 -0.888912 0.305625
    outer loop
      vertex 13.0677 -2.39806 5
      vertex 12.8112 -2.49652 5
      vertex 13.1588 -3.56646 1.5
    endloop
  endfacet
  facet normal 0.88898 -0.341021 0.305646
    outer loop
      vertex 14.4965 -0.811169 5
      vertex 14.3981 -1.06768 5
      vertex 15.5665 -1.15881 1.5
    endloop
  endfacet
  facet normal 0.940414 -0.149007 0.305643
    outer loop
      vertex 14.6106 -0.274386 5
      vertex 14.5676 -0.545768 5
      vertex 15.7295 -0.391981 1.5
    endloop
  endfacet
  facet normal 0.950837 -0.0499007 0.305646
    outer loop
      vertex 14.625 0 5
      vertex 14.6106 -0.274386 5
      vertex 15.7295 -0.391981 1.5
    endloop
  endfacet
  facet normal -0.848374 -0.432265 0.305627
    outer loop
      vertex 9.72668 -1.3125 5
      vertex 8.57421 -1.52526 1.5
      vertex 8.75241 -1.875 1.5
    endloop
  endfacet
  facet normal -0.79854 -0.51858 0.305627
    outer loop
      vertex 9.72668 -1.3125 5
      vertex 8.96619 -2.20419 1.5
      vertex 9.87633 -1.54294 5
    endloop
  endfacet
  facet normal -0.740033 -0.599118 0.305629
    outer loop
      vertex 9.87633 -1.54294 5
      vertex 8.96619 -2.20419 1.5
      vertex 10.0492 -1.75647 5
    endloop
  endfacet
  facet normal -0.940429 -0.14894 0.30563
    outer loop
      vertex 9.38938 -0.274386 5
      vertex 8.27054 -0.391981 1.5
      vertex 9.43236 -0.545768 5
    endloop
  endfacet
  facet normal -0.940426 -0.148964 0.305628
    outer loop
      vertex 9.43236 -0.545768 5
      vertex 8.27054 -0.391981 1.5
      vertex 8.33195 -0.779669 1.5
    endloop
  endfacet
  facet normal 0.0498293 -0.950846 0.30563
    outer loop
      vertex 12.2744 -2.61062 5
      vertex 12 -2.625 5
      vertex 12.392 -3.72946 1.5
    endloop
  endfacet
  facet normal 0.14893 -0.940431 0.30563
    outer loop
      vertex 12.5458 -2.56764 5
      vertex 12.2744 -2.61062 5
      vertex 12.392 -3.72946 1.5
    endloop
  endfacet
  facet normal -0.14896 -0.940427 0.305628
    outer loop
      vertex 11.4542 -2.56764 5
      vertex 11.2203 -3.66805 1.5
      vertex 11.608 -3.72946 1.5
    endloop
  endfacet
  facet normal -0.341217 -0.888912 0.305625
    outer loop
      vertex 10.9323 -2.39806 5
      vertex 10.8412 -3.56646 1.5
      vertex 11.1888 -2.49652 5
    endloop
  endfacet
  facet normal -0.518642 -0.798498 0.305634
    outer loop
      vertex 10.4571 -2.12367 5
      vertex 9.79581 -3.03381 1.5
      vertex 10.6875 -2.27332 5
    endloop
  endfacet
  facet normal -0.888907 -0.341227 0.305627
    outer loop
      vertex 9.60194 -1.06768 5
      vertex 8.43354 -1.15881 1.5
      vertex 8.57421 -1.52526 1.5
    endloop
  endfacet
  facet normal -0.848376 -0.432262 0.305627
    outer loop
      vertex 9.60194 -1.06768 5
      vertex 8.57421 -1.52526 1.5
      vertex 9.72668 -1.3125 5
    endloop
  endfacet
  facet normal -0.43229 -0.848361 0.305629
    outer loop
      vertex 10.6875 -2.27332 5
      vertex 10.4747 -3.42579 1.5
      vertex 10.9323 -2.39806 5
    endloop
  endfacet
  facet normal -0.341186 -0.888923 0.305628
    outer loop
      vertex 10.9323 -2.39806 5
      vertex 10.4747 -3.42579 1.5
      vertex 10.8412 -3.56646 1.5
    endloop
  endfacet
  facet normal 0.46135 -0.887218 0
    outer loop
      vertex 11.1 -1.29999 5
      vertex 13.6 0 6.2
      vertex 11.1 -1.29999 6.2
    endloop
  endfacet
  facet normal 0.46135 -0.887218 0
    outer loop
      vertex 13.6 0 6.2
      vertex 11.1 -1.29999 5
      vertex 13.6 0 5
    endloop
  endfacet
  facet normal -1 0 0
    outer loop
      vertex 11.1 -1.29999 5
      vertex 11.1 1.29999 6.2
      vertex 11.1 1.29999 5
    endloop
  endfacet
  facet normal -1 -0 0
    outer loop
      vertex 11.1 1.29999 6.2
      vertex 11.1 -1.29999 5
      vertex 11.1 -1.29999 6.2
    endloop
  endfacet
  facet normal 0.46135 0.887218 -0
    outer loop
      vertex 13.6 0 5
      vertex 11.1 1.29999 6.2
      vertex 13.6 0 6.2
    endloop
  endfacet
  facet normal 0.46135 0.887218 0
    outer loop
      vertex 11.1 1.29999 6.2
      vertex 13.6 0 5
      vertex 11.1 1.29999 5
    endloop
  endfacet
  facet normal 0 0 1
    outer loop
      vertex 11.1 1.29999 6.2
      vertex 11.1 -1.29999 6.2
      vertex 13.6 0 6.2
    endloop
  endfacet
endsolid OpenSCAD_Model
