solid OpenSCAD_Model
  facet normal 1 -0 0
    outer loop
      vertex -3 -4.1 2.2
      vertex -3 4.1 1.5
      vertex -3 4.1 2.2
    endloop
  endfacet
  facet normal 1 0 0
    outer loop
      vertex -3 4.1 1.5
      vertex -3 -4.1 2.2
      vertex -3 -4.1 1.5
    endloop
  endfacet
  facet normal -1 0 0
    outer loop
      vertex -1.8 -4.1 1.5
      vertex -1.8 4.1 2.2
      vertex -1.8 4.1 1.5
    endloop
  endfacet
  facet normal -1 -0 0
    outer loop
      vertex -1.8 4.1 2.2
      vertex -1.8 -4.1 1.5
      vertex -1.8 -4.1 2.2
    endloop
  endfacet
  facet normal 0 -1 0
    outer loop
      vertex -3 4.1 1.5
      vertex -1.8 4.1 2.2
      vertex -3 4.1 2.2
    endloop
  endfacet
  facet normal 0 -1 -0
    outer loop
      vertex -1.8 4.1 2.2
      vertex -3 4.1 1.5
      vertex -1.8 4.1 1.5
    endloop
  endfacet
  facet normal 0 1 -0
    outer loop
      vertex -1.8 -4.1 1.5
      vertex -3 -4.1 2.2
      vertex -1.8 -4.1 2.2
    endloop
  endfacet
  facet normal 0 1 0
    outer loop
      vertex -3 -4.1 2.2
      vertex -1.8 -4.1 1.5
      vertex -3 -4.1 1.5
    endloop
  endfacet
  facet normal 1 -0 0
    outer loop
      vertex 1.8 -4.1 2.2
      vertex 1.8 4.1 1.5
      vertex 1.8 4.1 2.2
    endloop
  endfacet
  facet normal 1 0 0
    outer loop
      vertex 1.8 4.1 1.5
      vertex 1.8 -4.1 2.2
      vertex 1.8 -4.1 1.5
    endloop
  endfacet
  facet normal -1 0 0
    outer loop
      vertex 3 -4.1 1.5
      vertex 3 4.1 2.2
      vertex 3 4.1 1.5
    endloop
  endfacet
  facet normal -1 -0 0
    outer loop
      vertex 3 4.1 2.2
      vertex 3 -4.1 1.5
      vertex 3 -4.1 2.2
    endloop
  endfacet
  facet normal 0 -1 0
    outer loop
      vertex 1.8 4.1 1.5
      vertex 3 4.1 2.2
      vertex 1.8 4.1 2.2
    endloop
  endfacet
  facet normal 0 -1 -0
    outer loop
      vertex 3 4.1 2.2
      vertex 1.8 4.1 1.5
      vertex 3 4.1 1.5
    endloop
  endfacet
  facet normal 0 1 -0
    outer loop
      vertex 3 -4.1 1.5
      vertex 1.8 -4.1 2.2
      vertex 3 -4.1 2.2
    endloop
  endfacet
  facet normal 0 1 0
    outer loop
      vertex 1.8 -4.1 2.2
      vertex 3 -4.1 1.5
      vertex 1.8 -4.1 1.5
    endloop
  endfacet
  facet normal 0.965923 -0.258828 0
    outer loop
      vertex -4.11176 2.96385 1.5
      vertex -4.06435 3.14078 0
      vertex -4.06435 3.14078 1.5
    endloop
  endfacet
  facet normal 0.965923 -0.258828 0
    outer loop
      vertex -4.06435 3.14078 0
      vertex -4.11176 2.96385 1.5
      vertex -4.11176 2.96385 0
    endloop
  endfacet
  facet normal -0.838663 -0.544651 0
    outer loop
      vertex -0.884455 3.475 0
      vertex -0.98422 3.62862 1.5
      vertex -0.98422 3.62862 0
    endloop
  endfacet
  facet normal -0.838663 -0.544651 0
    outer loop
      vertex -0.98422 3.62862 1.5
      vertex -0.884455 3.475 0
      vertex -0.884455 3.475 1.5
    endloop
  endfacet
  facet normal -0.156408 -0.987692 0
    outer loop
      vertex -2.21707 4.34041 0
      vertex -2.03615 4.31176 1.5
      vertex -2.21707 4.34041 1.5
    endloop
  endfacet
  facet normal -0.156408 -0.987692 -0
    outer loop
      vertex -2.03615 4.31176 1.5
      vertex -2.21707 4.34041 0
      vertex -2.03615 4.31176 0
    endloop
  endfacet
  facet normal -0.258828 -0.965923 0
    outer loop
      vertex -2.03615 4.31176 0
      vertex -1.85922 4.26435 1.5
      vertex -2.03615 4.31176 1.5
    endloop
  endfacet
  facet normal -0.258828 -0.965923 -0
    outer loop
      vertex -1.85922 4.26435 1.5
      vertex -2.03615 4.31176 0
      vertex -1.85922 4.26435 0
    endloop
  endfacet
  facet normal 0.453992 -0.891006 0
    outer loop
      vertex -3.275 4.11554 0
      vertex -3.11179 4.1987 1.5
      vertex -3.275 4.11554 1.5
    endloop
  endfacet
  facet normal 0.453992 -0.891006 0
    outer loop
      vertex -3.11179 4.1987 1.5
      vertex -3.275 4.11554 0
      vertex -3.11179 4.1987 0
    endloop
  endfacet
  facet normal 0.933571 -0.358394 0
    outer loop
      vertex -4.06435 3.14078 1.5
      vertex -3.9987 3.31179 0
      vertex -3.9987 3.31179 1.5
    endloop
  endfacet
  facet normal 0.933571 -0.358394 0
    outer loop
      vertex -3.9987 3.31179 0
      vertex -4.06435 3.14078 1.5
      vertex -4.06435 3.14078 0
    endloop
  endfacet
  facet normal 0.544631 -0.838676 0
    outer loop
      vertex -3.42862 4.01578 0
      vertex -3.275 4.11554 1.5
      vertex -3.42862 4.01578 1.5
    endloop
  endfacet
  facet normal 0.544631 -0.838676 0
    outer loop
      vertex -3.275 4.11554 1.5
      vertex -3.42862 4.01578 0
      vertex -3.275 4.11554 0
    endloop
  endfacet
  facet normal 0.629318 -0.777148 0
    outer loop
      vertex -3.57098 3.9005 0
      vertex -3.42862 4.01578 1.5
      vertex -3.57098 3.9005 1.5
    endloop
  endfacet
  facet normal 0.629318 -0.777148 0
    outer loop
      vertex -3.42862 4.01578 1.5
      vertex -3.57098 3.9005 0
      vertex -3.42862 4.01578 0
    endloop
  endfacet
  facet normal -0.98769 0.156426 0
    outer loop
      vertex -0.688241 2.23615 0
      vertex -0.659586 2.41708 1.5
      vertex -0.659586 2.41708 0
    endloop
  endfacet
  facet normal -0.98769 0.156426 0
    outer loop
      vertex -0.659586 2.41708 1.5
      vertex -0.688241 2.23615 0
      vertex -0.688241 2.23615 1.5
    endloop
  endfacet
  facet normal -0.98769 -0.156426 0
    outer loop
      vertex -0.659586 2.78292 0
      vertex -0.688241 2.96385 1.5
      vertex -0.688241 2.96385 0
    endloop
  endfacet
  facet normal -0.98769 -0.156426 0
    outer loop
      vertex -0.688241 2.96385 1.5
      vertex -0.659586 2.78292 0
      vertex -0.659586 2.78292 1.5
    endloop
  endfacet
  facet normal -0.777148 -0.629318 0
    outer loop
      vertex -0.98422 3.62862 0
      vertex -1.0995 3.77098 1.5
      vertex -1.0995 3.77098 0
    endloop
  endfacet
  facet normal -0.777148 -0.629318 0
    outer loop
      vertex -1.0995 3.77098 1.5
      vertex -0.98422 3.62862 0
      vertex -0.98422 3.62862 1.5
    endloop
  endfacet
  facet normal -0.629318 -0.777148 0
    outer loop
      vertex -1.37138 4.01578 0
      vertex -1.22902 3.9005 1.5
      vertex -1.37138 4.01578 1.5
    endloop
  endfacet
  facet normal -0.629318 -0.777148 -0
    outer loop
      vertex -1.22902 3.9005 1.5
      vertex -1.37138 4.01578 0
      vertex -1.22902 3.9005 0
    endloop
  endfacet
  facet normal -0.707107 -0.707107 0
    outer loop
      vertex -1.0995 3.77098 0
      vertex -1.22902 3.9005 1.5
      vertex -1.22902 3.9005 0
    endloop
  endfacet
  facet normal -0.707107 -0.707107 0
    outer loop
      vertex -1.22902 3.9005 1.5
      vertex -1.0995 3.77098 0
      vertex -1.0995 3.77098 1.5
    endloop
  endfacet
  facet normal 0.0523554 -0.998629 0
    outer loop
      vertex -2.58292 4.34041 0
      vertex -2.4 4.35 1.5
      vertex -2.58292 4.34041 1.5
    endloop
  endfacet
  facet normal 0.0523554 -0.998629 0
    outer loop
      vertex -2.4 4.35 1.5
      vertex -2.58292 4.34041 0
      vertex -2.4 4.35 0
    endloop
  endfacet
  facet normal -0.0523525 -0.998629 0
    outer loop
      vertex -2.4 4.35 0
      vertex -2.21707 4.34041 1.5
      vertex -2.4 4.35 1.5
    endloop
  endfacet
  facet normal -0.0523525 -0.998629 -0
    outer loop
      vertex -2.21707 4.34041 1.5
      vertex -2.4 4.35 0
      vertex -2.21707 4.34041 0
    endloop
  endfacet
  facet normal -0.544631 -0.838676 0
    outer loop
      vertex -1.525 4.11554 0
      vertex -1.37138 4.01578 1.5
      vertex -1.525 4.11554 1.5
    endloop
  endfacet
  facet normal -0.544631 -0.838676 -0
    outer loop
      vertex -1.37138 4.01578 1.5
      vertex -1.525 4.11554 0
      vertex -1.37138 4.01578 0
    endloop
  endfacet
  facet normal -0.358394 -0.933571 0
    outer loop
      vertex -1.85922 4.26435 0
      vertex -1.68821 4.1987 1.5
      vertex -1.85922 4.26435 1.5
    endloop
  endfacet
  facet normal -0.358394 -0.933571 -0
    outer loop
      vertex -1.68821 4.1987 1.5
      vertex -1.85922 4.26435 0
      vertex -1.68821 4.1987 0
    endloop
  endfacet
  facet normal -0.453992 -0.891006 0
    outer loop
      vertex -1.68821 4.1987 0
      vertex -1.525 4.11554 1.5
      vertex -1.68821 4.1987 1.5
    endloop
  endfacet
  facet normal -0.453992 -0.891006 -0
    outer loop
      vertex -1.525 4.11554 1.5
      vertex -1.68821 4.1987 0
      vertex -1.525 4.11554 0
    endloop
  endfacet
  facet normal 0.998629 -0.0523554 0
    outer loop
      vertex -4.15 2.6 1.5
      vertex -4.14041 2.78292 0
      vertex -4.14041 2.78292 1.5
    endloop
  endfacet
  facet normal 0.998629 -0.0523554 0
    outer loop
      vertex -4.14041 2.78292 0
      vertex -4.15 2.6 1.5
      vertex -4.15 2.6 0
    endloop
  endfacet
  facet normal 0.777148 -0.629318 0
    outer loop
      vertex -3.81578 3.62862 1.5
      vertex -3.7005 3.77098 0
      vertex -3.7005 3.77098 1.5
    endloop
  endfacet
  facet normal 0.777148 -0.629318 0
    outer loop
      vertex -3.7005 3.77098 0
      vertex -3.81578 3.62862 1.5
      vertex -3.81578 3.62862 0
    endloop
  endfacet
  facet normal 0.838676 -0.544631 0
    outer loop
      vertex -3.91554 3.475 1.5
      vertex -3.81578 3.62862 0
      vertex -3.81578 3.62862 1.5
    endloop
  endfacet
  facet normal 0.838676 -0.544631 0
    outer loop
      vertex -3.81578 3.62862 0
      vertex -3.91554 3.475 1.5
      vertex -3.91554 3.475 0
    endloop
  endfacet
  facet normal 0.1564 -0.987694 0
    outer loop
      vertex -2.76385 4.31176 0
      vertex -2.58292 4.34041 1.5
      vertex -2.76385 4.31176 1.5
    endloop
  endfacet
  facet normal 0.1564 -0.987694 0
    outer loop
      vertex -2.58292 4.34041 1.5
      vertex -2.76385 4.31176 0
      vertex -2.58292 4.34041 0
    endloop
  endfacet
  facet normal 0.258828 -0.965923 0
    outer loop
      vertex -2.94078 4.26435 0
      vertex -2.76385 4.31176 1.5
      vertex -2.94078 4.26435 1.5
    endloop
  endfacet
  facet normal 0.258828 -0.965923 0
    outer loop
      vertex -2.76385 4.31176 1.5
      vertex -2.94078 4.26435 0
      vertex -2.76385 4.31176 0
    endloop
  endfacet
  facet normal 0.707107 -0.707107 0
    outer loop
      vertex -3.7005 3.77098 1.5
      vertex -3.57098 3.9005 0
      vertex -3.57098 3.9005 1.5
    endloop
  endfacet
  facet normal 0.707107 -0.707107 0
    outer loop
      vertex -3.57098 3.9005 0
      vertex -3.7005 3.77098 1.5
      vertex -3.7005 3.77098 0
    endloop
  endfacet
  facet normal -0.99863 -0.0523336 0
    outer loop
      vertex -0.65 2.6 0
      vertex -0.659586 2.78292 1.5
      vertex -0.659586 2.78292 0
    endloop
  endfacet
  facet normal -0.99863 -0.0523336 0
    outer loop
      vertex -0.659586 2.78292 1.5
      vertex -0.65 2.6 0
      vertex -0.65 2.6 1.5
    endloop
  endfacet
  facet normal -0.99863 0.0523336 0
    outer loop
      vertex -0.659586 2.41708 0
      vertex -0.65 2.6 1.5
      vertex -0.65 2.6 0
    endloop
  endfacet
  facet normal -0.99863 0.0523336 0
    outer loop
      vertex -0.65 2.6 1.5
      vertex -0.659586 2.41708 0
      vertex -0.659586 2.41708 1.5
    endloop
  endfacet
  facet normal -0.891006 0.453992 0
    outer loop
      vertex -0.884455 1.725 0
      vertex -0.801295 1.88821 1.5
      vertex -0.801295 1.88821 0
    endloop
  endfacet
  facet normal -0.891006 0.453992 0
    outer loop
      vertex -0.801295 1.88821 1.5
      vertex -0.884455 1.725 0
      vertex -0.884455 1.725 1.5
    endloop
  endfacet
  facet normal -0.891006 -0.453992 0
    outer loop
      vertex -0.801295 3.31179 0
      vertex -0.884455 3.475 1.5
      vertex -0.884455 3.475 0
    endloop
  endfacet
  facet normal -0.891006 -0.453992 0
    outer loop
      vertex -0.884455 3.475 1.5
      vertex -0.801295 3.31179 0
      vertex -0.801295 3.31179 1.5
    endloop
  endfacet
  facet normal -0.933582 -0.358365 0
    outer loop
      vertex -0.735651 3.14078 0
      vertex -0.801295 3.31179 1.5
      vertex -0.801295 3.31179 0
    endloop
  endfacet
  facet normal -0.933582 -0.358365 0
    outer loop
      vertex -0.801295 3.31179 1.5
      vertex -0.735651 3.14078 0
      vertex -0.735651 3.14078 1.5
    endloop
  endfacet
  facet normal -0.965923 -0.258828 0
    outer loop
      vertex -0.688241 2.96385 0
      vertex -0.735651 3.14078 1.5
      vertex -0.735651 3.14078 0
    endloop
  endfacet
  facet normal -0.965923 -0.258828 0
    outer loop
      vertex -0.735651 3.14078 1.5
      vertex -0.688241 2.96385 0
      vertex -0.688241 2.96385 1.5
    endloop
  endfacet
  facet normal 0 0 -1
    outer loop
      vertex -1.8 -4.1 1.5
      vertex -0.65 -2.6 1.5
      vertex -0.659586 -2.78292 1.5
    endloop
  endfacet
  facet normal 0 0 -1
    outer loop
      vertex -1.8 -4.1 1.5
      vertex -0.659586 -2.78292 1.5
      vertex -0.688241 -2.96385 1.5
    endloop
  endfacet
  facet normal -0 0 -1
    outer loop
      vertex -0.65 -2.6 1.5
      vertex -1.8 -4.1 1.5
      vertex -0.659586 -2.41708 1.5
    endloop
  endfacet
  facet normal 0 0 -1
    outer loop
      vertex -1.8 -4.1 1.5
      vertex -0.688241 -2.96385 1.5
      vertex -0.735651 -3.14078 1.5
    endloop
  endfacet
  facet normal -0 0 -1
    outer loop
      vertex -0.659586 -2.41708 1.5
      vertex -1.8 -4.1 1.5
      vertex -0.688241 -2.23615 1.5
    endloop
  endfacet
  facet normal 0 0 -1
    outer loop
      vertex -1.8 -4.1 1.5
      vertex -0.735651 -3.14078 1.5
      vertex -0.801295 -3.31179 1.5
    endloop
  endfacet
  facet normal -0 0 -1
    outer loop
      vertex -0.688241 -2.23615 1.5
      vertex -1.8 -4.1 1.5
      vertex -0.735651 -2.05922 1.5
    endloop
  endfacet
  facet normal 0 0 -1
    outer loop
      vertex -1.8 -4.1 1.5
      vertex -0.801295 -3.31179 1.5
      vertex -0.884455 -3.475 1.5
    endloop
  endfacet
  facet normal -0 0 -1
    outer loop
      vertex -0.735651 -2.05922 1.5
      vertex -1.8 -4.1 1.5
      vertex -0.801295 -1.88821 1.5
    endloop
  endfacet
  facet normal 0 0 -1
    outer loop
      vertex -1.8 -4.1 1.5
      vertex -0.884455 -3.475 1.5
      vertex -0.98422 -3.62862 1.5
    endloop
  endfacet
  facet normal -0 0 -1
    outer loop
      vertex -0.801295 -1.88821 1.5
      vertex -1.8 -4.1 1.5
      vertex -0.884455 -1.725 1.5
    endloop
  endfacet
  facet normal 0 0 -1
    outer loop
      vertex -1.8 -4.1 1.5
      vertex -0.98422 -3.62862 1.5
      vertex -1.0995 -3.77098 1.5
    endloop
  endfacet
  facet normal -0 0 -1
    outer loop
      vertex -0.884455 -1.725 1.5
      vertex -1.8 -4.1 1.5
      vertex -0.98422 -1.57137 1.5
    endloop
  endfacet
  facet normal -0 0 -1
    outer loop
      vertex -0.98422 -1.57137 1.5
      vertex -1.8 -4.1 1.5
      vertex -1.0995 -1.42902 1.5
    endloop
  endfacet
  facet normal -0 0 -1
    outer loop
      vertex -1.0995 -1.42902 1.5
      vertex -1.8 -4.1 1.5
      vertex -1.22852 -1.3 1.5
    endloop
  endfacet
  facet normal 0 0 -1
    outer loop
      vertex -1.8 -4.1 1.5
      vertex -1.0995 -3.77098 1.5
      vertex -1.22902 -3.9005 1.5
    endloop
  endfacet
  facet normal 0 0 -1
    outer loop
      vertex -0.659586 -0.182924 1.5
      vertex -0.659586 0.182924 1.5
      vertex -0.65 0 1.5
    endloop
  endfacet
  facet normal 0 0 -1
    outer loop
      vertex -0.688241 -0.363845 1.5
      vertex -0.659586 0.182924 1.5
      vertex -0.659586 -0.182924 1.5
    endloop
  endfacet
  facet normal 0 0 -1
    outer loop
      vertex -0.688241 -0.363845 1.5
      vertex -0.688241 0.363845 1.5
      vertex -0.659586 0.182924 1.5
    endloop
  endfacet
  facet normal 0 0 -1
    outer loop
      vertex -0.735651 -0.540779 1.5
      vertex -0.688241 0.363845 1.5
      vertex -0.688241 -0.363845 1.5
    endloop
  endfacet
  facet normal 0 0 -1
    outer loop
      vertex -0.735651 -0.540779 1.5
      vertex -0.735651 0.540779 1.5
      vertex -0.688241 0.363845 1.5
    endloop
  endfacet
  facet normal 0 0 -1
    outer loop
      vertex -0.801295 -0.711788 1.5
      vertex -0.735651 0.540779 1.5
      vertex -0.735651 -0.540779 1.5
    endloop
  endfacet
  facet normal 0 0 -1
    outer loop
      vertex -0.801295 -0.711788 1.5
      vertex -0.801295 0.711788 1.5
      vertex -0.735651 0.540779 1.5
    endloop
  endfacet
  facet normal 0 0 -1
    outer loop
      vertex -0.884455 -0.875 1.5
      vertex -0.801295 0.711788 1.5
      vertex -0.801295 -0.711788 1.5
    endloop
  endfacet
  facet normal 0 0 -1
    outer loop
      vertex -0.884455 -0.875 1.5
      vertex -0.884455 0.875 1.5
      vertex -0.801295 0.711788 1.5
    endloop
  endfacet
  facet normal 0 0 -1
    outer loop
      vertex -0.98422 -1.02862 1.5
      vertex -0.884455 0.875 1.5
      vertex -0.884455 -0.875 1.5
    endloop
  endfacet
  facet normal 0 0 -1
    outer loop
      vertex -0.98422 -1.02862 1.5
      vertex -0.98422 1.02862 1.5
      vertex -0.884455 0.875 1.5
    endloop
  endfacet
  facet normal 0 0 -1
    outer loop
      vertex -1.0995 -1.17098 1.5
      vertex -0.98422 1.02862 1.5
      vertex -0.98422 -1.02862 1.5
    endloop
  endfacet
  facet normal 0 0 -1
    outer loop
      vertex -1.0995 -1.17098 1.5
      vertex -1.0995 1.17098 1.5
      vertex -0.98422 1.02862 1.5
    endloop
  endfacet
  facet normal 0 0 -1
    outer loop
      vertex -1.22852 -1.3 1.5
      vertex -1.0995 1.17098 1.5
      vertex -1.0995 -1.17098 1.5
    endloop
  endfacet
  facet normal -0 0 -1
    outer loop
      vertex -1.0995 1.17098 1.5
      vertex -1.22852 -1.3 1.5
      vertex -1.22852 1.3 1.5
    endloop
  endfacet
  facet normal 0 0 -1
    outer loop
      vertex -1.8 4.1 1.5
      vertex -0.65 2.6 1.5
      vertex -0.659586 2.41708 1.5
    endloop
  endfacet
  facet normal 0 0 -1
    outer loop
      vertex -1.8 4.1 1.5
      vertex -0.659586 2.41708 1.5
      vertex -0.688241 2.23615 1.5
    endloop
  endfacet
  facet normal 0 0 -1
    outer loop
      vertex -0.65 2.6 1.5
      vertex -1.8 4.1 1.5
      vertex -0.659586 2.78292 1.5
    endloop
  endfacet
  facet normal 0 0 -1
    outer loop
      vertex -1.8 4.1 1.5
      vertex -0.688241 2.23615 1.5
      vertex -0.735651 2.05922 1.5
    endloop
  endfacet
  facet normal 0 0 -1
    outer loop
      vertex -0.659586 2.78292 1.5
      vertex -1.8 4.1 1.5
      vertex -0.688241 2.96385 1.5
    endloop
  endfacet
  facet normal 0 0 -1
    outer loop
      vertex -1.8 4.1 1.5
      vertex -0.735651 2.05922 1.5
      vertex -0.801295 1.88821 1.5
    endloop
  endfacet
  facet normal 0 0 -1
    outer loop
      vertex -0.688241 2.96385 1.5
      vertex -1.8 4.1 1.5
      vertex -0.735651 3.14078 1.5
    endloop
  endfacet
  facet normal 0 0 -1
    outer loop
      vertex -1.8 4.1 1.5
      vertex -0.801295 1.88821 1.5
      vertex -0.884455 1.725 1.5
    endloop
  endfacet
  facet normal 0 0 -1
    outer loop
      vertex -0.735651 3.14078 1.5
      vertex -1.8 4.1 1.5
      vertex -0.801295 3.31179 1.5
    endloop
  endfacet
  facet normal 0 0 -1
    outer loop
      vertex -1.8 4.1 1.5
      vertex -0.884455 1.725 1.5
      vertex -0.98422 1.57137 1.5
    endloop
  endfacet
  facet normal 0 0 -1
    outer loop
      vertex -0.801295 3.31179 1.5
      vertex -1.8 4.1 1.5
      vertex -0.884455 3.475 1.5
    endloop
  endfacet
  facet normal 0 0 -1
    outer loop
      vertex -1.8 4.1 1.5
      vertex -0.98422 1.57137 1.5
      vertex -1.0995 1.42902 1.5
    endloop
  endfacet
  facet normal 0 0 -1
    outer loop
      vertex -0.884455 3.475 1.5
      vertex -1.8 4.1 1.5
      vertex -0.98422 3.62862 1.5
    endloop
  endfacet
  facet normal 0 0 -1
    outer loop
      vertex -1.8 4.1 1.5
      vertex -1.0995 1.42902 1.5
      vertex -1.22852 1.3 1.5
    endloop
  endfacet
  facet normal 0 0 -1
    outer loop
      vertex -0.98422 3.62862 1.5
      vertex -1.8 4.1 1.5
      vertex -1.0995 3.77098 1.5
    endloop
  endfacet
  facet normal -0 0 -1
    outer loop
      vertex -1.22852 -1.3 1.5
      vertex -1.8 -4.1 1.5
      vertex -1.22852 1.3 1.5
    endloop
  endfacet
  facet normal 0 0 -1
    outer loop
      vertex -1.8 -4.1 1.5
      vertex -1.22902 -3.9005 1.5
      vertex -1.37138 -4.01578 1.5
    endloop
  endfacet
  facet normal 0 0 -1
    outer loop
      vertex -1.8 4.1 1.5
      vertex -1.22852 1.3 1.5
      vertex -1.8 -4.1 1.5
    endloop
  endfacet
  facet normal 0 0 -1
    outer loop
      vertex -1.8 -4.1 1.5
      vertex -1.37138 -4.01578 1.5
      vertex -1.525 -4.11554 1.5
    endloop
  endfacet
  facet normal 0 0 -1
    outer loop
      vertex -1.0995 3.77098 1.5
      vertex -1.8 4.1 1.5
      vertex -1.22902 3.9005 1.5
    endloop
  endfacet
  facet normal 0 0 -1
    outer loop
      vertex -1.8 -4.1 1.5
      vertex -1.525 -4.11554 1.5
      vertex -1.68821 -4.1987 1.5
    endloop
  endfacet
  facet normal 0 0 -1
    outer loop
      vertex -1.22902 3.9005 1.5
      vertex -1.8 4.1 1.5
      vertex -1.37138 4.01578 1.5
    endloop
  endfacet
  facet normal 0 0 -1
    outer loop
      vertex -1.37138 4.01578 1.5
      vertex -1.8 4.1 1.5
      vertex -1.525 4.11554 1.5
    endloop
  endfacet
  facet normal 0 0 -1
    outer loop
      vertex -1.85922 -4.26435 1.5
      vertex -1.8 -4.1 1.5
      vertex -1.68821 -4.1987 1.5
    endloop
  endfacet
  facet normal 0 0 -1
    outer loop
      vertex -2.03615 -4.31176 1.5
      vertex -1.8 -4.1 1.5
      vertex -1.85922 -4.26435 1.5
    endloop
  endfacet
  facet normal 0 0 -1
    outer loop
      vertex -2.21707 -4.34041 1.5
      vertex -1.8 -4.1 1.5
      vertex -2.03615 -4.31176 1.5
    endloop
  endfacet
  facet normal 0 0 -1
    outer loop
      vertex -2.4 -4.35 1.5
      vertex -1.8 -4.1 1.5
      vertex -2.21707 -4.34041 1.5
    endloop
  endfacet
  facet normal 0 0 -1
    outer loop
      vertex -3 -4.1 1.5
      vertex -2.4 -4.35 1.5
      vertex -2.58292 -4.34041 1.5
    endloop
  endfacet
  facet normal 0 0 -1
    outer loop
      vertex -3 -4.1 1.5
      vertex -2.58292 -4.34041 1.5
      vertex -2.76385 -4.31176 1.5
    endloop
  endfacet
  facet normal 0 0 -1
    outer loop
      vertex -3 -4.1 1.5
      vertex -2.76385 -4.31176 1.5
      vertex -2.94078 -4.26435 1.5
    endloop
  endfacet
  facet normal 0 0 -1
    outer loop
      vertex -2.4 -4.35 1.5
      vertex -3 -4.1 1.5
      vertex -1.8 -4.1 1.5
    endloop
  endfacet
  facet normal 0 0 -1
    outer loop
      vertex -3.275 -4.11554 1.5
      vertex -3 -4.1 1.5
      vertex -3.11179 -4.1987 1.5
    endloop
  endfacet
  facet normal 0 0 -1
    outer loop
      vertex -3.11179 -4.1987 1.5
      vertex -3 -4.1 1.5
      vertex -2.94078 -4.26435 1.5
    endloop
  endfacet
  facet normal 0 0 -1
    outer loop
      vertex -3.7005 -1.17098 1.5
      vertex -3.57148 1.3 1.5
      vertex -3.57148 -1.3 1.5
    endloop
  endfacet
  facet normal 0 0 -1
    outer loop
      vertex -3.7005 -1.17098 1.5
      vertex -3.7005 1.17098 1.5
      vertex -3.57148 1.3 1.5
    endloop
  endfacet
  facet normal 0 0 -1
    outer loop
      vertex -3.81578 -1.02862 1.5
      vertex -3.7005 1.17098 1.5
      vertex -3.7005 -1.17098 1.5
    endloop
  endfacet
  facet normal 0 0 -1
    outer loop
      vertex -3.81578 -1.02862 1.5
      vertex -3.81578 1.02862 1.5
      vertex -3.7005 1.17098 1.5
    endloop
  endfacet
  facet normal 0 0 -1
    outer loop
      vertex -3.91554 -0.875 1.5
      vertex -3.81578 1.02862 1.5
      vertex -3.81578 -1.02862 1.5
    endloop
  endfacet
  facet normal 0 0 -1
    outer loop
      vertex -3.91554 -0.875 1.5
      vertex -3.91554 0.875 1.5
      vertex -3.81578 1.02862 1.5
    endloop
  endfacet
  facet normal 0 0 -1
    outer loop
      vertex -3.9987 -0.711788 1.5
      vertex -3.91554 0.875 1.5
      vertex -3.91554 -0.875 1.5
    endloop
  endfacet
  facet normal 0 0 -1
    outer loop
      vertex -3.9987 -0.711788 1.5
      vertex -3.9987 0.711788 1.5
      vertex -3.91554 0.875 1.5
    endloop
  endfacet
  facet normal 0 0 -1
    outer loop
      vertex -4.06435 -0.540779 1.5
      vertex -3.9987 0.711788 1.5
      vertex -3.9987 -0.711788 1.5
    endloop
  endfacet
  facet normal 0 0 -1
    outer loop
      vertex -4.06435 -0.540779 1.5
      vertex -4.06435 0.540779 1.5
      vertex -3.9987 0.711788 1.5
    endloop
  endfacet
  facet normal 0 0 -1
    outer loop
      vertex -4.11176 -0.363845 1.5
      vertex -4.06435 0.540779 1.5
      vertex -4.06435 -0.540779 1.5
    endloop
  endfacet
  facet normal 0 0 -1
    outer loop
      vertex -4.11176 -0.363845 1.5
      vertex -4.11176 0.363845 1.5
      vertex -4.06435 0.540779 1.5
    endloop
  endfacet
  facet normal 0 0 -1
    outer loop
      vertex -4.14041 -0.182924 1.5
      vertex -4.11176 0.363845 1.5
      vertex -4.11176 -0.363845 1.5
    endloop
  endfacet
  facet normal 0 0 -1
    outer loop
      vertex -4.14041 -0.182924 1.5
      vertex -4.14041 0.182924 1.5
      vertex -4.11176 0.363845 1.5
    endloop
  endfacet
  facet normal 0 -0 -1
    outer loop
      vertex -4.14041 0.182924 1.5
      vertex -4.14041 -0.182924 1.5
      vertex -4.15 0 1.5
    endloop
  endfacet
  facet normal 0 0 -1
    outer loop
      vertex -3.7005 1.42902 1.5
      vertex -3 4.1 1.5
      vertex -3.57148 1.3 1.5
    endloop
  endfacet
  facet normal 0 0 -1
    outer loop
      vertex -3.81578 1.57137 1.5
      vertex -3 4.1 1.5
      vertex -3.7005 1.42902 1.5
    endloop
  endfacet
  facet normal 0 0 -1
    outer loop
      vertex -3 4.1 1.5
      vertex -3.7005 3.77098 1.5
      vertex -3.57098 3.9005 1.5
    endloop
  endfacet
  facet normal 0 0 -1
    outer loop
      vertex -3.91554 1.725 1.5
      vertex -3 4.1 1.5
      vertex -3.81578 1.57137 1.5
    endloop
  endfacet
  facet normal 0 0 -1
    outer loop
      vertex -3 4.1 1.5
      vertex -3.81578 3.62862 1.5
      vertex -3.7005 3.77098 1.5
    endloop
  endfacet
  facet normal 0 0 -1
    outer loop
      vertex -3.9987 1.88821 1.5
      vertex -3 4.1 1.5
      vertex -3.91554 1.725 1.5
    endloop
  endfacet
  facet normal 0 0 -1
    outer loop
      vertex -3 4.1 1.5
      vertex -3.91554 3.475 1.5
      vertex -3.81578 3.62862 1.5
    endloop
  endfacet
  facet normal 0 0 -1
    outer loop
      vertex -4.06435 2.05922 1.5
      vertex -3 4.1 1.5
      vertex -3.9987 1.88821 1.5
    endloop
  endfacet
  facet normal 0 0 -1
    outer loop
      vertex -3 4.1 1.5
      vertex -3.9987 3.31179 1.5
      vertex -3.91554 3.475 1.5
    endloop
  endfacet
  facet normal 0 0 -1
    outer loop
      vertex -4.11176 2.23615 1.5
      vertex -3 4.1 1.5
      vertex -4.06435 2.05922 1.5
    endloop
  endfacet
  facet normal 0 0 -1
    outer loop
      vertex -3 4.1 1.5
      vertex -4.06435 3.14078 1.5
      vertex -3.9987 3.31179 1.5
    endloop
  endfacet
  facet normal 0 0 -1
    outer loop
      vertex -4.14041 2.41708 1.5
      vertex -3 4.1 1.5
      vertex -4.11176 2.23615 1.5
    endloop
  endfacet
  facet normal 0 0 -1
    outer loop
      vertex -3 4.1 1.5
      vertex -4.11176 2.96385 1.5
      vertex -4.06435 3.14078 1.5
    endloop
  endfacet
  facet normal 0 0 -1
    outer loop
      vertex -4.15 2.6 1.5
      vertex -3 4.1 1.5
      vertex -4.14041 2.41708 1.5
    endloop
  endfacet
  facet normal 0 0 -1
    outer loop
      vertex -3 4.1 1.5
      vertex -4.14041 2.78292 1.5
      vertex -4.11176 2.96385 1.5
    endloop
  endfacet
  facet normal 0 0 -1
    outer loop
      vertex -3 4.1 1.5
      vertex -4.15 2.6 1.5
      vertex -4.14041 2.78292 1.5
    endloop
  endfacet
  facet normal -0 0 -1
    outer loop
      vertex -1.525 4.11554 1.5
      vertex -1.8 4.1 1.5
      vertex -1.68821 4.1987 1.5
    endloop
  endfacet
  facet normal 0 0 -1
    outer loop
      vertex -1.8 4.1 1.5
      vertex -1.85922 4.26435 1.5
      vertex -1.68821 4.1987 1.5
    endloop
  endfacet
  facet normal 0 0 -1
    outer loop
      vertex -1.8 4.1 1.5
      vertex -2.03615 4.31176 1.5
      vertex -1.85922 4.26435 1.5
    endloop
  endfacet
  facet normal 0 0 -1
    outer loop
      vertex -1.8 4.1 1.5
      vertex -2.21707 4.34041 1.5
      vertex -2.03615 4.31176 1.5
    endloop
  endfacet
  facet normal 0 0 -1
    outer loop
      vertex -1.8 4.1 1.5
      vertex -2.4 4.35 1.5
      vertex -2.21707 4.34041 1.5
    endloop
  endfacet
  facet normal 0 0 -1
    outer loop
      vertex -3 4.1 1.5
      vertex -2.4 4.35 1.5
      vertex -1.8 4.1 1.5
    endloop
  endfacet
  facet normal 0 0 -1
    outer loop
      vertex -2.4 4.35 1.5
      vertex -3 4.1 1.5
      vertex -2.58292 4.34041 1.5
    endloop
  endfacet
  facet normal 0 0 -1
    outer loop
      vertex -2.58292 4.34041 1.5
      vertex -3 4.1 1.5
      vertex -2.76385 4.31176 1.5
    endloop
  endfacet
  facet normal 0 0 -1
    outer loop
      vertex -2.76385 4.31176 1.5
      vertex -3 4.1 1.5
      vertex -2.94078 4.26435 1.5
    endloop
  endfacet
  facet normal 0 0 -1
    outer loop
      vertex -3 4.1 1.5
      vertex -3.11179 4.1987 1.5
      vertex -2.94078 4.26435 1.5
    endloop
  endfacet
  facet normal 0 0 -1
    outer loop
      vertex -3 -4.1 1.5
      vertex -3.57148 -1.3 1.5
      vertex -3 4.1 1.5
    endloop
  endfacet
  facet normal 0 0 -1
    outer loop
      vertex -3.42862 -4.01578 1.5
      vertex -3 -4.1 1.5
      vertex -3.275 -4.11554 1.5
    endloop
  endfacet
  facet normal 0 0 -1
    outer loop
      vertex -3.57148 1.3 1.5
      vertex -3 4.1 1.5
      vertex -3.57148 -1.3 1.5
    endloop
  endfacet
  facet normal 0 0 -1
    outer loop
      vertex -3.57098 -3.9005 1.5
      vertex -3 -4.1 1.5
      vertex -3.42862 -4.01578 1.5
    endloop
  endfacet
  facet normal 0 -0 -1
    outer loop
      vertex -3.42862 4.01578 1.5
      vertex -3 4.1 1.5
      vertex -3.57098 3.9005 1.5
    endloop
  endfacet
  facet normal 0 0 -1
    outer loop
      vertex -3.7005 -3.77098 1.5
      vertex -3 -4.1 1.5
      vertex -3.57098 -3.9005 1.5
    endloop
  endfacet
  facet normal 0 0 -1
    outer loop
      vertex -3 4.1 1.5
      vertex -3.275 4.11554 1.5
      vertex -3.11179 4.1987 1.5
    endloop
  endfacet
  facet normal -0 0 -1
    outer loop
      vertex -3 4.1 1.5
      vertex -3.42862 4.01578 1.5
      vertex -3.275 4.11554 1.5
    endloop
  endfacet
  facet normal 0 0 -1
    outer loop
      vertex -3.81578 -3.62862 1.5
      vertex -3 -4.1 1.5
      vertex -3.7005 -3.77098 1.5
    endloop
  endfacet
  facet normal 0 0 -1
    outer loop
      vertex -3 -4.1 1.5
      vertex -3.7005 -1.42902 1.5
      vertex -3.57148 -1.3 1.5
    endloop
  endfacet
  facet normal 0 0 -1
    outer loop
      vertex -3.91554 -3.475 1.5
      vertex -3 -4.1 1.5
      vertex -3.81578 -3.62862 1.5
    endloop
  endfacet
  facet normal 0 0 -1
    outer loop
      vertex -3 -4.1 1.5
      vertex -3.81578 -1.57137 1.5
      vertex -3.7005 -1.42902 1.5
    endloop
  endfacet
  facet normal 0 0 -1
    outer loop
      vertex -3.9987 -3.31179 1.5
      vertex -3 -4.1 1.5
      vertex -3.91554 -3.475 1.5
    endloop
  endfacet
  facet normal 0 0 -1
    outer loop
      vertex -3 -4.1 1.5
      vertex -3.91554 -1.725 1.5
      vertex -3.81578 -1.57137 1.5
    endloop
  endfacet
  facet normal 0 0 -1
    outer loop
      vertex -4.06435 -3.14078 1.5
      vertex -3 -4.1 1.5
      vertex -3.9987 -3.31179 1.5
    endloop
  endfacet
  facet normal 0 0 -1
    outer loop
      vertex -3 -4.1 1.5
      vertex -3.9987 -1.88821 1.5
      vertex -3.91554 -1.725 1.5
    endloop
  endfacet
  facet normal 0 0 -1
    outer loop
      vertex -4.11176 -2.96385 1.5
      vertex -3 -4.1 1.5
      vertex -4.06435 -3.14078 1.5
    endloop
  endfacet
  facet normal 0 0 -1
    outer loop
      vertex -3 -4.1 1.5
      vertex -4.06435 -2.05922 1.5
      vertex -3.9987 -1.88821 1.5
    endloop
  endfacet
  facet normal 0 0 -1
    outer loop
      vertex -4.14041 -2.78292 1.5
      vertex -3 -4.1 1.5
      vertex -4.11176 -2.96385 1.5
    endloop
  endfacet
  facet normal 0 0 -1
    outer loop
      vertex -3 -4.1 1.5
      vertex -4.11176 -2.23615 1.5
      vertex -4.06435 -2.05922 1.5
    endloop
  endfacet
  facet normal 0 0 -1
    outer loop
      vertex -4.15 -2.6 1.5
      vertex -3 -4.1 1.5
      vertex -4.14041 -2.78292 1.5
    endloop
  endfacet
  facet normal 0 0 -1
    outer loop
      vertex -3 -4.1 1.5
      vertex -4.14041 -2.41708 1.5
      vertex -4.11176 -2.23615 1.5
    endloop
  endfacet
  facet normal 0 0 -1
    outer loop
      vertex -3 -4.1 1.5
      vertex -4.15 -2.6 1.5
      vertex -4.14041 -2.41708 1.5
    endloop
  endfacet
  facet normal 0.987694 -0.1564 0
    outer loop
      vertex -4.14041 2.78292 1.5
      vertex -4.11176 2.96385 0
      vertex -4.11176 2.96385 1.5
    endloop
  endfacet
  facet normal 0.987694 -0.1564 0
    outer loop
      vertex -4.11176 2.96385 0
      vertex -4.14041 2.78292 1.5
      vertex -4.14041 2.78292 0
    endloop
  endfacet
  facet normal 0.891006 -0.453992 0
    outer loop
      vertex -3.9987 3.31179 1.5
      vertex -3.91554 3.475 0
      vertex -3.91554 3.475 1.5
    endloop
  endfacet
  facet normal 0.891006 -0.453992 0
    outer loop
      vertex -3.91554 3.475 0
      vertex -3.9987 3.31179 1.5
      vertex -3.9987 3.31179 0
    endloop
  endfacet
  facet normal 0.358394 -0.933571 0
    outer loop
      vertex -3.11179 4.1987 0
      vertex -2.94078 4.26435 1.5
      vertex -3.11179 4.1987 1.5
    endloop
  endfacet
  facet normal 0.358394 -0.933571 0
    outer loop
      vertex -2.94078 4.26435 1.5
      vertex -3.11179 4.1987 0
      vertex -2.94078 4.26435 0
    endloop
  endfacet
  facet normal -0.965923 0.258828 0
    outer loop
      vertex -0.735651 2.05922 0
      vertex -0.688241 2.23615 1.5
      vertex -0.688241 2.23615 0
    endloop
  endfacet
  facet normal -0.965923 0.258828 0
    outer loop
      vertex -0.688241 2.23615 1.5
      vertex -0.735651 2.05922 0
      vertex -0.735651 2.05922 1.5
    endloop
  endfacet
  facet normal -0.933582 0.358365 0
    outer loop
      vertex -0.801295 1.88821 0
      vertex -0.735651 2.05922 1.5
      vertex -0.735651 2.05922 0
    endloop
  endfacet
  facet normal -0.933582 0.358365 0
    outer loop
      vertex -0.735651 2.05922 1.5
      vertex -0.801295 1.88821 0
      vertex -0.801295 1.88821 1.5
    endloop
  endfacet
  facet normal 0.998629 0.0523554 0
    outer loop
      vertex -4.14041 2.41708 1.5
      vertex -4.15 2.6 0
      vertex -4.15 2.6 1.5
    endloop
  endfacet
  facet normal 0.998629 0.0523554 0
    outer loop
      vertex -4.15 2.6 0
      vertex -4.14041 2.41708 1.5
      vertex -4.14041 2.41708 0
    endloop
  endfacet
  facet normal 0.933571 0.358394 0
    outer loop
      vertex -3.9987 1.88821 1.5
      vertex -4.06435 2.05922 0
      vertex -4.06435 2.05922 1.5
    endloop
  endfacet
  facet normal 0.933571 0.358394 0
    outer loop
      vertex -4.06435 2.05922 0
      vertex -3.9987 1.88821 1.5
      vertex -3.9987 1.88821 0
    endloop
  endfacet
  facet normal 0.965923 0.258828 0
    outer loop
      vertex -4.06435 2.05922 1.5
      vertex -4.11176 2.23615 0
      vertex -4.11176 2.23615 1.5
    endloop
  endfacet
  facet normal 0.965923 0.258828 0
    outer loop
      vertex -4.11176 2.23615 0
      vertex -4.06435 2.05922 1.5
      vertex -4.06435 2.05922 0
    endloop
  endfacet
  facet normal 0.777127 0.629344 0
    outer loop
      vertex -3.7005 1.42902 1.5
      vertex -3.81578 1.57137 0
      vertex -3.81578 1.57137 1.5
    endloop
  endfacet
  facet normal 0.777127 0.629344 0
    outer loop
      vertex -3.81578 1.57137 0
      vertex -3.7005 1.42902 1.5
      vertex -3.7005 1.42902 0
    endloop
  endfacet
  facet normal -0.838679 0.544626 0
    outer loop
      vertex -0.98422 1.57137 0
      vertex -0.884455 1.725 1.5
      vertex -0.884455 1.725 0
    endloop
  endfacet
  facet normal -0.838679 0.544626 0
    outer loop
      vertex -0.884455 1.725 1.5
      vertex -0.98422 1.57137 0
      vertex -0.98422 1.57137 1.5
    endloop
  endfacet
  facet normal 0.987694 0.1564 0
    outer loop
      vertex -4.11176 2.23615 1.5
      vertex -4.14041 2.41708 0
      vertex -4.14041 2.41708 1.5
    endloop
  endfacet
  facet normal 0.987694 0.1564 0
    outer loop
      vertex -4.14041 2.41708 0
      vertex -4.11176 2.23615 1.5
      vertex -4.11176 2.23615 0
    endloop
  endfacet
  facet normal 0.707107 0.707107 0
    outer loop
      vertex -3.57148 1.3 1.5
      vertex -3.7005 1.42902 0
      vertex -3.7005 1.42902 1.5
    endloop
  endfacet
  facet normal 0.707107 0.707107 0
    outer loop
      vertex -3.7005 1.42902 0
      vertex -3.57148 1.3 1.5
      vertex -3.57148 1.3 0
    endloop
  endfacet
  facet normal 0.891006 0.453992 0
    outer loop
      vertex -3.91554 1.725 1.5
      vertex -3.9987 1.88821 0
      vertex -3.9987 1.88821 1.5
    endloop
  endfacet
  facet normal 0.891006 0.453992 0
    outer loop
      vertex -3.9987 1.88821 0
      vertex -3.91554 1.725 1.5
      vertex -3.91554 1.725 0
    endloop
  endfacet
  facet normal -0.707107 0.707107 0
    outer loop
      vertex -1.22852 1.3 0
      vertex -1.0995 1.42902 1.5
      vertex -1.0995 1.42902 0
    endloop
  endfacet
  facet normal -0.707107 0.707107 0
    outer loop
      vertex -1.0995 1.42902 1.5
      vertex -1.22852 1.3 0
      vertex -1.22852 1.3 1.5
    endloop
  endfacet
  facet normal -0.777127 0.629344 0
    outer loop
      vertex -1.0995 1.42902 0
      vertex -0.98422 1.57137 1.5
      vertex -0.98422 1.57137 0
    endloop
  endfacet
  facet normal -0.777127 0.629344 0
    outer loop
      vertex -0.98422 1.57137 1.5
      vertex -1.0995 1.42902 0
      vertex -1.0995 1.42902 1.5
    endloop
  endfacet
  facet normal 0.838692 0.544606 0
    outer loop
      vertex -3.81578 1.57137 1.5
      vertex -3.91554 1.725 0
      vertex -3.91554 1.725 1.5
    endloop
  endfacet
  facet normal 0.838692 0.544606 0
    outer loop
      vertex -3.91554 1.725 0
      vertex -3.81578 1.57137 1.5
      vertex -3.81578 1.57137 0
    endloop
  endfacet
  facet normal 0.93357 -0.358396 0
    outer loop
      vertex -4.06435 0.540779 1.5
      vertex -3.9987 0.711788 0
      vertex -3.9987 0.711788 1.5
    endloop
  endfacet
  facet normal 0.93357 -0.358396 0
    outer loop
      vertex -3.9987 0.711788 0
      vertex -4.06435 0.540779 1.5
      vertex -4.06435 0.540779 0
    endloop
  endfacet
  facet normal -0.933581 0.358367 0
    outer loop
      vertex -0.801295 -0.711788 0
      vertex -0.735651 -0.540779 1.5
      vertex -0.735651 -0.540779 0
    endloop
  endfacet
  facet normal -0.933581 0.358367 0
    outer loop
      vertex -0.735651 -0.540779 1.5
      vertex -0.801295 -0.711788 0
      vertex -0.801295 -0.711788 1.5
    endloop
  endfacet
  facet normal -0.891008 -0.453988 0
    outer loop
      vertex -0.801295 0.711788 0
      vertex -0.884455 0.875 1.5
      vertex -0.884455 0.875 0
    endloop
  endfacet
  facet normal -0.891008 -0.453988 0
    outer loop
      vertex -0.884455 0.875 1.5
      vertex -0.801295 0.711788 0
      vertex -0.801295 0.711788 1.5
    endloop
  endfacet
  facet normal -0.838663 -0.544651 0
    outer loop
      vertex -0.884455 0.875 0
      vertex -0.98422 1.02862 1.5
      vertex -0.98422 1.02862 0
    endloop
  endfacet
  facet normal -0.838663 -0.544651 0
    outer loop
      vertex -0.98422 1.02862 1.5
      vertex -0.884455 0.875 0
      vertex -0.884455 0.875 1.5
    endloop
  endfacet
  facet normal -0.707107 -0.707107 0
    outer loop
      vertex -1.22852 1.3 0
      vertex -1.0995 1.17098 1.5
      vertex -1.22852 1.3 1.5
    endloop
  endfacet
  facet normal -0.707107 -0.707107 -0
    outer loop
      vertex -1.0995 1.17098 1.5
      vertex -1.22852 1.3 0
      vertex -1.0995 1.17098 0
    endloop
  endfacet
  facet normal 0.777148 -0.629318 0
    outer loop
      vertex -3.81578 1.02862 1.5
      vertex -3.7005 1.17098 0
      vertex -3.7005 1.17098 1.5
    endloop
  endfacet
  facet normal 0.777148 -0.629318 0
    outer loop
      vertex -3.7005 1.17098 0
      vertex -3.81578 1.02862 1.5
      vertex -3.81578 1.02862 0
    endloop
  endfacet
  facet normal -0.99863 0.0523325 0
    outer loop
      vertex -0.659586 -0.182924 0
      vertex -0.65 0 1.5
      vertex -0.65 0 0
    endloop
  endfacet
  facet normal -0.99863 0.0523325 0
    outer loop
      vertex -0.65 0 1.5
      vertex -0.659586 -0.182924 0
      vertex -0.659586 -0.182924 1.5
    endloop
  endfacet
  facet normal -0.777148 0.629318 0
    outer loop
      vertex -1.0995 -1.17098 0
      vertex -0.98422 -1.02862 1.5
      vertex -0.98422 -1.02862 0
    endloop
  endfacet
  facet normal -0.777148 0.629318 0
    outer loop
      vertex -0.98422 -1.02862 1.5
      vertex -1.0995 -1.17098 0
      vertex -1.0995 -1.17098 1.5
    endloop
  endfacet
  facet normal 0.707107 0.707107 -0
    outer loop
      vertex -3.57148 -1.3 0
      vertex -3.7005 -1.17098 1.5
      vertex -3.57148 -1.3 1.5
    endloop
  endfacet
  facet normal 0.707107 0.707107 0
    outer loop
      vertex -3.7005 -1.17098 1.5
      vertex -3.57148 -1.3 0
      vertex -3.7005 -1.17098 0
    endloop
  endfacet
  facet normal -0.987688 -0.156434 0
    outer loop
      vertex -0.659586 0.182924 0
      vertex -0.688241 0.363845 1.5
      vertex -0.688241 0.363845 0
    endloop
  endfacet
  facet normal -0.987688 -0.156434 0
    outer loop
      vertex -0.688241 0.363845 1.5
      vertex -0.659586 0.182924 0
      vertex -0.659586 0.182924 1.5
    endloop
  endfacet
  facet normal -0.965925 -0.258822 0
    outer loop
      vertex -0.688241 0.363845 0
      vertex -0.735651 0.540779 1.5
      vertex -0.735651 0.540779 0
    endloop
  endfacet
  facet normal -0.965925 -0.258822 0
    outer loop
      vertex -0.735651 0.540779 1.5
      vertex -0.688241 0.363845 0
      vertex -0.688241 0.363845 1.5
    endloop
  endfacet
  facet normal -0.933581 -0.358367 0
    outer loop
      vertex -0.735651 0.540779 0
      vertex -0.801295 0.711788 1.5
      vertex -0.801295 0.711788 0
    endloop
  endfacet
  facet normal -0.933581 -0.358367 0
    outer loop
      vertex -0.801295 0.711788 1.5
      vertex -0.735651 0.540779 0
      vertex -0.735651 0.540779 1.5
    endloop
  endfacet
  facet normal -0.777148 -0.629318 0
    outer loop
      vertex -0.98422 1.02862 0
      vertex -1.0995 1.17098 1.5
      vertex -1.0995 1.17098 0
    endloop
  endfacet
  facet normal -0.777148 -0.629318 0
    outer loop
      vertex -1.0995 1.17098 1.5
      vertex -0.98422 1.02862 0
      vertex -0.98422 1.02862 1.5
    endloop
  endfacet
  facet normal 0.998629 -0.0523542 0
    outer loop
      vertex -4.15 0 1.5
      vertex -4.14041 0.182924 0
      vertex -4.14041 0.182924 1.5
    endloop
  endfacet
  facet normal 0.998629 -0.0523542 0
    outer loop
      vertex -4.14041 0.182924 0
      vertex -4.15 0 1.5
      vertex -4.15 0 0
    endloop
  endfacet
  facet normal 0.965925 -0.258822 0
    outer loop
      vertex -4.11176 0.363845 1.5
      vertex -4.06435 0.540779 0
      vertex -4.06435 0.540779 1.5
    endloop
  endfacet
  facet normal 0.965925 -0.258822 0
    outer loop
      vertex -4.06435 0.540779 0
      vertex -4.11176 0.363845 1.5
      vertex -4.11176 0.363845 0
    endloop
  endfacet
  facet normal 0.891008 -0.453988 0
    outer loop
      vertex -3.9987 0.711788 1.5
      vertex -3.91554 0.875 0
      vertex -3.91554 0.875 1.5
    endloop
  endfacet
  facet normal 0.891008 -0.453988 0
    outer loop
      vertex -3.91554 0.875 0
      vertex -3.9987 0.711788 1.5
      vertex -3.9987 0.711788 0
    endloop
  endfacet
  facet normal 0.838676 -0.544631 0
    outer loop
      vertex -3.91554 0.875 1.5
      vertex -3.81578 1.02862 0
      vertex -3.81578 1.02862 1.5
    endloop
  endfacet
  facet normal 0.838676 -0.544631 0
    outer loop
      vertex -3.81578 1.02862 0
      vertex -3.91554 0.875 1.5
      vertex -3.91554 0.875 0
    endloop
  endfacet
  facet normal 0.707107 -0.707107 0
    outer loop
      vertex -3.7005 1.17098 0
      vertex -3.57148 1.3 1.5
      vertex -3.7005 1.17098 1.5
    endloop
  endfacet
  facet normal 0.707107 -0.707107 0
    outer loop
      vertex -3.57148 1.3 1.5
      vertex -3.7005 1.17098 0
      vertex -3.57148 1.3 0
    endloop
  endfacet
  facet normal -0.99863 -0.0523325 0
    outer loop
      vertex -0.65 0 0
      vertex -0.659586 0.182924 1.5
      vertex -0.659586 0.182924 0
    endloop
  endfacet
  facet normal -0.99863 -0.0523325 0
    outer loop
      vertex -0.659586 0.182924 1.5
      vertex -0.65 0 0
      vertex -0.65 0 1.5
    endloop
  endfacet
  facet normal -0.965925 0.258822 0
    outer loop
      vertex -0.735651 -0.540779 0
      vertex -0.688241 -0.363845 1.5
      vertex -0.688241 -0.363845 0
    endloop
  endfacet
  facet normal -0.965925 0.258822 0
    outer loop
      vertex -0.688241 -0.363845 1.5
      vertex -0.735651 -0.540779 0
      vertex -0.735651 -0.540779 1.5
    endloop
  endfacet
  facet normal -0.891008 0.453988 0
    outer loop
      vertex -0.884455 -0.875 0
      vertex -0.801295 -0.711788 1.5
      vertex -0.801295 -0.711788 0
    endloop
  endfacet
  facet normal -0.891008 0.453988 0
    outer loop
      vertex -0.801295 -0.711788 1.5
      vertex -0.884455 -0.875 0
      vertex -0.884455 -0.875 1.5
    endloop
  endfacet
  facet normal 0.965925 0.258822 0
    outer loop
      vertex -4.06435 -0.540779 1.5
      vertex -4.11176 -0.363845 0
      vertex -4.11176 -0.363845 1.5
    endloop
  endfacet
  facet normal 0.965925 0.258822 0
    outer loop
      vertex -4.11176 -0.363845 0
      vertex -4.06435 -0.540779 1.5
      vertex -4.06435 -0.540779 0
    endloop
  endfacet
  facet normal 0.998629 0.0523542 0
    outer loop
      vertex -4.14041 -0.182924 1.5
      vertex -4.15 0 0
      vertex -4.15 0 1.5
    endloop
  endfacet
  facet normal 0.998629 0.0523542 0
    outer loop
      vertex -4.15 0 0
      vertex -4.14041 -0.182924 1.5
      vertex -4.14041 -0.182924 0
    endloop
  endfacet
  facet normal 0.838676 0.544631 0
    outer loop
      vertex -3.81578 -1.02862 1.5
      vertex -3.91554 -0.875 0
      vertex -3.91554 -0.875 1.5
    endloop
  endfacet
  facet normal 0.838676 0.544631 0
    outer loop
      vertex -3.91554 -0.875 0
      vertex -3.81578 -1.02862 1.5
      vertex -3.81578 -1.02862 0
    endloop
  endfacet
  facet normal 0.891008 0.453988 0
    outer loop
      vertex -3.91554 -0.875 1.5
      vertex -3.9987 -0.711788 0
      vertex -3.9987 -0.711788 1.5
    endloop
  endfacet
  facet normal 0.891008 0.453988 0
    outer loop
      vertex -3.9987 -0.711788 0
      vertex -3.91554 -0.875 1.5
      vertex -3.91554 -0.875 0
    endloop
  endfacet
  facet normal 0.93357 0.358396 0
    outer loop
      vertex -3.9987 -0.711788 1.5
      vertex -4.06435 -0.540779 0
      vertex -4.06435 -0.540779 1.5
    endloop
  endfacet
  facet normal 0.93357 0.358396 0
    outer loop
      vertex -4.06435 -0.540779 0
      vertex -3.9987 -0.711788 1.5
      vertex -3.9987 -0.711788 0
    endloop
  endfacet
  facet normal 0.777148 0.629318 0
    outer loop
      vertex -3.7005 -1.17098 1.5
      vertex -3.81578 -1.02862 0
      vertex -3.81578 -1.02862 1.5
    endloop
  endfacet
  facet normal 0.777148 0.629318 0
    outer loop
      vertex -3.81578 -1.02862 0
      vertex -3.7005 -1.17098 1.5
      vertex -3.7005 -1.17098 0
    endloop
  endfacet
  facet normal 0.987693 -0.156407 0
    outer loop
      vertex -4.14041 0.182924 1.5
      vertex -4.11176 0.363845 0
      vertex -4.11176 0.363845 1.5
    endloop
  endfacet
  facet normal 0.987693 -0.156407 0
    outer loop
      vertex -4.11176 0.363845 0
      vertex -4.14041 0.182924 1.5
      vertex -4.14041 0.182924 0
    endloop
  endfacet
  facet normal -0.987688 0.156434 0
    outer loop
      vertex -0.688241 -0.363845 0
      vertex -0.659586 -0.182924 1.5
      vertex -0.659586 -0.182924 0
    endloop
  endfacet
  facet normal -0.987688 0.156434 0
    outer loop
      vertex -0.659586 -0.182924 1.5
      vertex -0.688241 -0.363845 0
      vertex -0.688241 -0.363845 1.5
    endloop
  endfacet
  facet normal -0.707107 0.707107 0
    outer loop
      vertex -1.0995 -1.17098 0
      vertex -1.22852 -1.3 1.5
      vertex -1.0995 -1.17098 1.5
    endloop
  endfacet
  facet normal -0.707107 0.707107 0
    outer loop
      vertex -1.22852 -1.3 1.5
      vertex -1.0995 -1.17098 0
      vertex -1.22852 -1.3 0
    endloop
  endfacet
  facet normal -0.838663 0.544651 0
    outer loop
      vertex -0.98422 -1.02862 0
      vertex -0.884455 -0.875 1.5
      vertex -0.884455 -0.875 0
    endloop
  endfacet
  facet normal -0.838663 0.544651 0
    outer loop
      vertex -0.884455 -0.875 1.5
      vertex -0.98422 -1.02862 0
      vertex -0.98422 -1.02862 1.5
    endloop
  endfacet
  facet normal 0.987693 0.156407 0
    outer loop
      vertex -4.11176 -0.363845 1.5
      vertex -4.14041 -0.182924 0
      vertex -4.14041 -0.182924 1.5
    endloop
  endfacet
  facet normal 0.987693 0.156407 0
    outer loop
      vertex -4.14041 -0.182924 0
      vertex -4.11176 -0.363845 1.5
      vertex -4.11176 -0.363845 0
    endloop
  endfacet
  facet normal 0.1564 0.987694 -0
    outer loop
      vertex -2.58292 -4.34041 0
      vertex -2.76385 -4.31176 1.5
      vertex -2.58292 -4.34041 1.5
    endloop
  endfacet
  facet normal 0.1564 0.987694 0
    outer loop
      vertex -2.76385 -4.31176 1.5
      vertex -2.58292 -4.34041 0
      vertex -2.76385 -4.31176 0
    endloop
  endfacet
  facet normal 0.965923 -0.258828 0
    outer loop
      vertex -4.11176 -2.23615 1.5
      vertex -4.06435 -2.05922 0
      vertex -4.06435 -2.05922 1.5
    endloop
  endfacet
  facet normal 0.965923 -0.258828 0
    outer loop
      vertex -4.06435 -2.05922 0
      vertex -4.11176 -2.23615 1.5
      vertex -4.11176 -2.23615 0
    endloop
  endfacet
  facet normal 0.258828 0.965923 -0
    outer loop
      vertex -2.76385 -4.31176 0
      vertex -2.94078 -4.26435 1.5
      vertex -2.76385 -4.31176 1.5
    endloop
  endfacet
  facet normal 0.258828 0.965923 0
    outer loop
      vertex -2.94078 -4.26435 1.5
      vertex -2.76385 -4.31176 0
      vertex -2.94078 -4.26435 0
    endloop
  endfacet
  facet normal -0.891006 -0.453992 0
    outer loop
      vertex -0.801295 -1.88821 0
      vertex -0.884455 -1.725 1.5
      vertex -0.884455 -1.725 0
    endloop
  endfacet
  facet normal -0.891006 -0.453992 0
    outer loop
      vertex -0.884455 -1.725 1.5
      vertex -0.801295 -1.88821 0
      vertex -0.801295 -1.88821 1.5
    endloop
  endfacet
  facet normal -0.838679 -0.544626 0
    outer loop
      vertex -0.884455 -1.725 0
      vertex -0.98422 -1.57137 1.5
      vertex -0.98422 -1.57137 0
    endloop
  endfacet
  facet normal -0.838679 -0.544626 0
    outer loop
      vertex -0.98422 -1.57137 1.5
      vertex -0.884455 -1.725 0
      vertex -0.884455 -1.725 1.5
    endloop
  endfacet
  facet normal 0.998629 -0.0523554 0
    outer loop
      vertex -4.15 -2.6 1.5
      vertex -4.14041 -2.41708 0
      vertex -4.14041 -2.41708 1.5
    endloop
  endfacet
  facet normal 0.998629 -0.0523554 0
    outer loop
      vertex -4.14041 -2.41708 0
      vertex -4.15 -2.6 1.5
      vertex -4.15 -2.6 0
    endloop
  endfacet
  facet normal 0.838692 -0.544606 0
    outer loop
      vertex -3.91554 -1.725 1.5
      vertex -3.81578 -1.57137 0
      vertex -3.81578 -1.57137 1.5
    endloop
  endfacet
  facet normal 0.838692 -0.544606 0
    outer loop
      vertex -3.81578 -1.57137 0
      vertex -3.91554 -1.725 1.5
      vertex -3.91554 -1.725 0
    endloop
  endfacet
  facet normal 0.0523554 0.998629 -0
    outer loop
      vertex -2.4 -4.35 0
      vertex -2.58292 -4.34041 1.5
      vertex -2.4 -4.35 1.5
    endloop
  endfacet
  facet normal 0.0523554 0.998629 0
    outer loop
      vertex -2.58292 -4.34041 1.5
      vertex -2.4 -4.35 0
      vertex -2.58292 -4.34041 0
    endloop
  endfacet
  facet normal 0.544631 0.838676 -0
    outer loop
      vertex -3.275 -4.11554 0
      vertex -3.42862 -4.01578 1.5
      vertex -3.275 -4.11554 1.5
    endloop
  endfacet
  facet normal 0.544631 0.838676 0
    outer loop
      vertex -3.42862 -4.01578 1.5
      vertex -3.275 -4.11554 0
      vertex -3.42862 -4.01578 0
    endloop
  endfacet
  facet normal 0.965923 0.258828 0
    outer loop
      vertex -4.06435 -3.14078 1.5
      vertex -4.11176 -2.96385 0
      vertex -4.11176 -2.96385 1.5
    endloop
  endfacet
  facet normal 0.965923 0.258828 0
    outer loop
      vertex -4.11176 -2.96385 0
      vertex -4.06435 -3.14078 1.5
      vertex -4.06435 -3.14078 0
    endloop
  endfacet
  facet normal -0.98769 -0.156426 0
    outer loop
      vertex -0.659586 -2.41708 0
      vertex -0.688241 -2.23615 1.5
      vertex -0.688241 -2.23615 0
    endloop
  endfacet
  facet normal -0.98769 -0.156426 0
    outer loop
      vertex -0.688241 -2.23615 1.5
      vertex -0.659586 -2.41708 0
      vertex -0.659586 -2.41708 1.5
    endloop
  endfacet
  facet normal -0.965923 -0.258828 0
    outer loop
      vertex -0.688241 -2.23615 0
      vertex -0.735651 -2.05922 1.5
      vertex -0.735651 -2.05922 0
    endloop
  endfacet
  facet normal -0.965923 -0.258828 0
    outer loop
      vertex -0.735651 -2.05922 1.5
      vertex -0.688241 -2.23615 0
      vertex -0.688241 -2.23615 1.5
    endloop
  endfacet
  facet normal -0.933582 -0.358365 0
    outer loop
      vertex -0.735651 -2.05922 0
      vertex -0.801295 -1.88821 1.5
      vertex -0.801295 -1.88821 0
    endloop
  endfacet
  facet normal -0.933582 -0.358365 0
    outer loop
      vertex -0.801295 -1.88821 1.5
      vertex -0.735651 -2.05922 0
      vertex -0.735651 -2.05922 1.5
    endloop
  endfacet
  facet normal -0.707107 -0.707107 0
    outer loop
      vertex -1.0995 -1.42902 0
      vertex -1.22852 -1.3 1.5
      vertex -1.22852 -1.3 0
    endloop
  endfacet
  facet normal -0.707107 -0.707107 0
    outer loop
      vertex -1.22852 -1.3 1.5
      vertex -1.0995 -1.42902 0
      vertex -1.0995 -1.42902 1.5
    endloop
  endfacet
  facet normal -0.777127 -0.629344 0
    outer loop
      vertex -0.98422 -1.57137 0
      vertex -1.0995 -1.42902 1.5
      vertex -1.0995 -1.42902 0
    endloop
  endfacet
  facet normal -0.777127 -0.629344 0
    outer loop
      vertex -1.0995 -1.42902 1.5
      vertex -0.98422 -1.57137 0
      vertex -0.98422 -1.57137 1.5
    endloop
  endfacet
  facet normal 0.998629 0.0523554 0
    outer loop
      vertex -4.14041 -2.78292 1.5
      vertex -4.15 -2.6 0
      vertex -4.15 -2.6 1.5
    endloop
  endfacet
  facet normal 0.998629 0.0523554 0
    outer loop
      vertex -4.15 -2.6 0
      vertex -4.14041 -2.78292 1.5
      vertex -4.14041 -2.78292 0
    endloop
  endfacet
  facet normal 0.987694 -0.1564 0
    outer loop
      vertex -4.14041 -2.41708 1.5
      vertex -4.11176 -2.23615 0
      vertex -4.11176 -2.23615 1.5
    endloop
  endfacet
  facet normal 0.987694 -0.1564 0
    outer loop
      vertex -4.11176 -2.23615 0
      vertex -4.14041 -2.41708 1.5
      vertex -4.14041 -2.41708 0
    endloop
  endfacet
  facet normal 0.933571 -0.358394 0
    outer loop
      vertex -4.06435 -2.05922 1.5
      vertex -3.9987 -1.88821 0
      vertex -3.9987 -1.88821 1.5
    endloop
  endfacet
  facet normal 0.933571 -0.358394 0
    outer loop
      vertex -3.9987 -1.88821 0
      vertex -4.06435 -2.05922 1.5
      vertex -4.06435 -2.05922 0
    endloop
  endfacet
  facet normal 0.891006 -0.453992 0
    outer loop
      vertex -3.9987 -1.88821 1.5
      vertex -3.91554 -1.725 0
      vertex -3.91554 -1.725 1.5
    endloop
  endfacet
  facet normal 0.891006 -0.453992 0
    outer loop
      vertex -3.91554 -1.725 0
      vertex -3.9987 -1.88821 1.5
      vertex -3.9987 -1.88821 0
    endloop
  endfacet
  facet normal 0.707107 -0.707107 0
    outer loop
      vertex -3.7005 -1.42902 1.5
      vertex -3.57148 -1.3 0
      vertex -3.57148 -1.3 1.5
    endloop
  endfacet
  facet normal 0.707107 -0.707107 0
    outer loop
      vertex -3.57148 -1.3 0
      vertex -3.7005 -1.42902 1.5
      vertex -3.7005 -1.42902 0
    endloop
  endfacet
  facet normal 0.777127 -0.629344 0
    outer loop
      vertex -3.81578 -1.57137 1.5
      vertex -3.7005 -1.42902 0
      vertex -3.7005 -1.42902 1.5
    endloop
  endfacet
  facet normal 0.777127 -0.629344 0
    outer loop
      vertex -3.7005 -1.42902 0
      vertex -3.81578 -1.57137 1.5
      vertex -3.81578 -1.57137 0
    endloop
  endfacet
  facet normal -0.99863 -0.0523336 0
    outer loop
      vertex -0.65 -2.6 0
      vertex -0.659586 -2.41708 1.5
      vertex -0.659586 -2.41708 0
    endloop
  endfacet
  facet normal -0.99863 -0.0523336 0
    outer loop
      vertex -0.659586 -2.41708 1.5
      vertex -0.65 -2.6 0
      vertex -0.65 -2.6 1.5
    endloop
  endfacet
  facet normal -0.99863 0.0523336 0
    outer loop
      vertex -0.659586 -2.78292 0
      vertex -0.65 -2.6 1.5
      vertex -0.65 -2.6 0
    endloop
  endfacet
  facet normal -0.99863 0.0523336 0
    outer loop
      vertex -0.65 -2.6 1.5
      vertex -0.659586 -2.78292 0
      vertex -0.659586 -2.78292 1.5
    endloop
  endfacet
  facet normal -0.98769 0.156426 0
    outer loop
      vertex -0.688241 -2.96385 0
      vertex -0.659586 -2.78292 1.5
      vertex -0.659586 -2.78292 0
    endloop
  endfacet
  facet normal -0.98769 0.156426 0
    outer loop
      vertex -0.659586 -2.78292 1.5
      vertex -0.688241 -2.96385 0
      vertex -0.688241 -2.96385 1.5
    endloop
  endfacet
  facet normal -0.156408 0.987692 0
    outer loop
      vertex -2.03615 -4.31176 0
      vertex -2.21707 -4.34041 1.5
      vertex -2.03615 -4.31176 1.5
    endloop
  endfacet
  facet normal -0.156408 0.987692 0
    outer loop
      vertex -2.21707 -4.34041 1.5
      vertex -2.03615 -4.31176 0
      vertex -2.21707 -4.34041 0
    endloop
  endfacet
  facet normal -0.838663 0.544651 0
    outer loop
      vertex -0.98422 -3.62862 0
      vertex -0.884455 -3.475 1.5
      vertex -0.884455 -3.475 0
    endloop
  endfacet
  facet normal -0.838663 0.544651 0
    outer loop
      vertex -0.884455 -3.475 1.5
      vertex -0.98422 -3.62862 0
      vertex -0.98422 -3.62862 1.5
    endloop
  endfacet
  facet normal -0.933582 0.358365 0
    outer loop
      vertex -0.801295 -3.31179 0
      vertex -0.735651 -3.14078 1.5
      vertex -0.735651 -3.14078 0
    endloop
  endfacet
  facet normal -0.933582 0.358365 0
    outer loop
      vertex -0.735651 -3.14078 1.5
      vertex -0.801295 -3.31179 0
      vertex -0.801295 -3.31179 1.5
    endloop
  endfacet
  facet normal -0.258828 0.965923 0
    outer loop
      vertex -1.85922 -4.26435 0
      vertex -2.03615 -4.31176 1.5
      vertex -1.85922 -4.26435 1.5
    endloop
  endfacet
  facet normal -0.258828 0.965923 0
    outer loop
      vertex -2.03615 -4.31176 1.5
      vertex -1.85922 -4.26435 0
      vertex -2.03615 -4.31176 0
    endloop
  endfacet
  facet normal -0.358394 0.933571 0
    outer loop
      vertex -1.68821 -4.1987 0
      vertex -1.85922 -4.26435 1.5
      vertex -1.68821 -4.1987 1.5
    endloop
  endfacet
  facet normal -0.358394 0.933571 0
    outer loop
      vertex -1.85922 -4.26435 1.5
      vertex -1.68821 -4.1987 0
      vertex -1.85922 -4.26435 0
    endloop
  endfacet
  facet normal -0.777148 0.629318 0
    outer loop
      vertex -1.0995 -3.77098 0
      vertex -0.98422 -3.62862 1.5
      vertex -0.98422 -3.62862 0
    endloop
  endfacet
  facet normal -0.777148 0.629318 0
    outer loop
      vertex -0.98422 -3.62862 1.5
      vertex -1.0995 -3.77098 0
      vertex -1.0995 -3.77098 1.5
    endloop
  endfacet
  facet normal -0.707107 0.707107 0
    outer loop
      vertex -1.22902 -3.9005 0
      vertex -1.0995 -3.77098 1.5
      vertex -1.0995 -3.77098 0
    endloop
  endfacet
  facet normal -0.707107 0.707107 0
    outer loop
      vertex -1.0995 -3.77098 1.5
      vertex -1.22902 -3.9005 0
      vertex -1.22902 -3.9005 1.5
    endloop
  endfacet
  facet normal -0.544631 0.838676 0
    outer loop
      vertex -1.37138 -4.01578 0
      vertex -1.525 -4.11554 1.5
      vertex -1.37138 -4.01578 1.5
    endloop
  endfacet
  facet normal -0.544631 0.838676 0
    outer loop
      vertex -1.525 -4.11554 1.5
      vertex -1.37138 -4.01578 0
      vertex -1.525 -4.11554 0
    endloop
  endfacet
  facet normal -0.0523525 0.998629 0
    outer loop
      vertex -2.21707 -4.34041 0
      vertex -2.4 -4.35 1.5
      vertex -2.21707 -4.34041 1.5
    endloop
  endfacet
  facet normal -0.0523525 0.998629 0
    outer loop
      vertex -2.4 -4.35 1.5
      vertex -2.21707 -4.34041 0
      vertex -2.4 -4.35 0
    endloop
  endfacet
  facet normal 0.358394 0.933571 -0
    outer loop
      vertex -2.94078 -4.26435 0
      vertex -3.11179 -4.1987 1.5
      vertex -2.94078 -4.26435 1.5
    endloop
  endfacet
  facet normal 0.358394 0.933571 0
    outer loop
      vertex -3.11179 -4.1987 1.5
      vertex -2.94078 -4.26435 0
      vertex -3.11179 -4.1987 0
    endloop
  endfacet
  facet normal 0.933571 0.358394 0
    outer loop
      vertex -3.9987 -3.31179 1.5
      vertex -4.06435 -3.14078 0
      vertex -4.06435 -3.14078 1.5
    endloop
  endfacet
  facet normal 0.933571 0.358394 0
    outer loop
      vertex -4.06435 -3.14078 0
      vertex -3.9987 -3.31179 1.5
      vertex -3.9987 -3.31179 0
    endloop
  endfacet
  facet normal 0.987694 0.1564 0
    outer loop
      vertex -4.11176 -2.96385 1.5
      vertex -4.14041 -2.78292 0
      vertex -4.14041 -2.78292 1.5
    endloop
  endfacet
  facet normal 0.987694 0.1564 0
    outer loop
      vertex -4.14041 -2.78292 0
      vertex -4.11176 -2.96385 1.5
      vertex -4.11176 -2.96385 0
    endloop
  endfacet
  facet normal 0.707107 0.707107 0
    outer loop
      vertex -3.57098 -3.9005 1.5
      vertex -3.7005 -3.77098 0
      vertex -3.7005 -3.77098 1.5
    endloop
  endfacet
  facet normal 0.707107 0.707107 0
    outer loop
      vertex -3.7005 -3.77098 0
      vertex -3.57098 -3.9005 1.5
      vertex -3.57098 -3.9005 0
    endloop
  endfacet
  facet normal 0.838676 0.544631 0
    outer loop
      vertex -3.81578 -3.62862 1.5
      vertex -3.91554 -3.475 0
      vertex -3.91554 -3.475 1.5
    endloop
  endfacet
  facet normal 0.838676 0.544631 0
    outer loop
      vertex -3.91554 -3.475 0
      vertex -3.81578 -3.62862 1.5
      vertex -3.81578 -3.62862 0
    endloop
  endfacet
  facet normal -0.891006 0.453992 0
    outer loop
      vertex -0.884455 -3.475 0
      vertex -0.801295 -3.31179 1.5
      vertex -0.801295 -3.31179 0
    endloop
  endfacet
  facet normal -0.891006 0.453992 0
    outer loop
      vertex -0.801295 -3.31179 1.5
      vertex -0.884455 -3.475 0
      vertex -0.884455 -3.475 1.5
    endloop
  endfacet
  facet normal -0.453992 0.891006 0
    outer loop
      vertex -1.525 -4.11554 0
      vertex -1.68821 -4.1987 1.5
      vertex -1.525 -4.11554 1.5
    endloop
  endfacet
  facet normal -0.453992 0.891006 0
    outer loop
      vertex -1.68821 -4.1987 1.5
      vertex -1.525 -4.11554 0
      vertex -1.68821 -4.1987 0
    endloop
  endfacet
  facet normal -0.629318 0.777148 0
    outer loop
      vertex -1.22902 -3.9005 0
      vertex -1.37138 -4.01578 1.5
      vertex -1.22902 -3.9005 1.5
    endloop
  endfacet
  facet normal -0.629318 0.777148 0
    outer loop
      vertex -1.37138 -4.01578 1.5
      vertex -1.22902 -3.9005 0
      vertex -1.37138 -4.01578 0
    endloop
  endfacet
  facet normal 0.453992 0.891006 -0
    outer loop
      vertex -3.11179 -4.1987 0
      vertex -3.275 -4.11554 1.5
      vertex -3.11179 -4.1987 1.5
    endloop
  endfacet
  facet normal 0.453992 0.891006 0
    outer loop
      vertex -3.275 -4.11554 1.5
      vertex -3.11179 -4.1987 0
      vertex -3.275 -4.11554 0
    endloop
  endfacet
  facet normal 0.891006 0.453992 0
    outer loop
      vertex -3.91554 -3.475 1.5
      vertex -3.9987 -3.31179 0
      vertex -3.9987 -3.31179 1.5
    endloop
  endfacet
  facet normal 0.891006 0.453992 0
    outer loop
      vertex -3.9987 -3.31179 0
      vertex -3.91554 -3.475 1.5
      vertex -3.91554 -3.475 0
    endloop
  endfacet
  facet normal 0.777148 0.629318 0
    outer loop
      vertex -3.7005 -3.77098 1.5
      vertex -3.81578 -3.62862 0
      vertex -3.81578 -3.62862 1.5
    endloop
  endfacet
  facet normal 0.777148 0.629318 0
    outer loop
      vertex -3.81578 -3.62862 0
      vertex -3.7005 -3.77098 1.5
      vertex -3.7005 -3.77098 0
    endloop
  endfacet
  facet normal 0.629318 0.777148 -0
    outer loop
      vertex -3.42862 -4.01578 0
      vertex -3.57098 -3.9005 1.5
      vertex -3.42862 -4.01578 1.5
    endloop
  endfacet
  facet normal 0.629318 0.777148 0
    outer loop
      vertex -3.57098 -3.9005 1.5
      vertex -3.42862 -4.01578 0
      vertex -3.57098 -3.9005 0
    endloop
  endfacet
  facet normal -0.965923 0.258828 0
    outer loop
      vertex -0.735651 -3.14078 0
      vertex -0.688241 -2.96385 1.5
      vertex -0.688241 -2.96385 0
    endloop
  endfacet
  facet normal -0.965923 0.258828 0
    outer loop
      vertex -0.688241 -2.96385 1.5
      vertex -0.735651 -3.14078 0
      vertex -0.735651 -3.14078 1.5
    endloop
  endfacet
  facet normal -0.838676 -0.544631 0
    outer loop
      vertex 3.91554 3.475 0
      vertex 3.81578 3.62862 1.5
      vertex 3.81578 3.62862 0
    endloop
  endfacet
  facet normal -0.838676 -0.544631 0
    outer loop
      vertex 3.81578 3.62862 1.5
      vertex 3.91554 3.475 0
      vertex 3.91554 3.475 1.5
    endloop
  endfacet
  facet normal -0.258828 -0.965923 0
    outer loop
      vertex 2.76385 4.31176 0
      vertex 2.94078 4.26435 1.5
      vertex 2.76385 4.31176 1.5
    endloop
  endfacet
  facet normal -0.258828 -0.965923 -0
    outer loop
      vertex 2.94078 4.26435 1.5
      vertex 2.76385 4.31176 0
      vertex 2.94078 4.26435 0
    endloop
  endfacet
  facet normal 0.453992 -0.891006 0
    outer loop
      vertex 1.525 4.11554 0
      vertex 1.68821 4.1987 1.5
      vertex 1.525 4.11554 1.5
    endloop
  endfacet
  facet normal 0.453992 -0.891006 0
    outer loop
      vertex 1.68821 4.1987 1.5
      vertex 1.525 4.11554 0
      vertex 1.68821 4.1987 0
    endloop
  endfacet
  facet normal 0.933582 -0.358365 0
    outer loop
      vertex 0.735651 3.14078 1.5
      vertex 0.801295 3.31179 0
      vertex 0.801295 3.31179 1.5
    endloop
  endfacet
  facet normal 0.933582 -0.358365 0
    outer loop
      vertex 0.801295 3.31179 0
      vertex 0.735651 3.14078 1.5
      vertex 0.735651 3.14078 0
    endloop
  endfacet
  facet normal -0.453992 -0.891006 0
    outer loop
      vertex 3.11179 4.1987 0
      vertex 3.275 4.11554 1.5
      vertex 3.11179 4.1987 1.5
    endloop
  endfacet
  facet normal -0.453992 -0.891006 -0
    outer loop
      vertex 3.275 4.11554 1.5
      vertex 3.11179 4.1987 0
      vertex 3.275 4.11554 0
    endloop
  endfacet
  facet normal 0.777148 -0.629318 0
    outer loop
      vertex 0.98422 3.62862 1.5
      vertex 1.0995 3.77098 0
      vertex 1.0995 3.77098 1.5
    endloop
  endfacet
  facet normal 0.777148 -0.629318 0
    outer loop
      vertex 1.0995 3.77098 0
      vertex 0.98422 3.62862 1.5
      vertex 0.98422 3.62862 0
    endloop
  endfacet
  facet normal 0.544631 -0.838676 0
    outer loop
      vertex 1.37138 4.01578 0
      vertex 1.525 4.11554 1.5
      vertex 1.37138 4.01578 1.5
    endloop
  endfacet
  facet normal 0.544631 -0.838676 0
    outer loop
      vertex 1.525 4.11554 1.5
      vertex 1.37138 4.01578 0
      vertex 1.525 4.11554 0
    endloop
  endfacet
  facet normal 0.258828 -0.965923 0
    outer loop
      vertex 1.85922 4.26435 0
      vertex 2.03615 4.31176 1.5
      vertex 1.85922 4.26435 1.5
    endloop
  endfacet
  facet normal 0.258828 -0.965923 0
    outer loop
      vertex 2.03615 4.31176 1.5
      vertex 1.85922 4.26435 0
      vertex 2.03615 4.31176 0
    endloop
  endfacet
  facet normal -0.987694 -0.1564 0
    outer loop
      vertex 4.14041 2.78292 0
      vertex 4.11176 2.96385 1.5
      vertex 4.11176 2.96385 0
    endloop
  endfacet
  facet normal -0.987694 -0.1564 0
    outer loop
      vertex 4.11176 2.96385 1.5
      vertex 4.14041 2.78292 0
      vertex 4.14041 2.78292 1.5
    endloop
  endfacet
  facet normal -0.777148 -0.629318 0
    outer loop
      vertex 3.81578 3.62862 0
      vertex 3.7005 3.77098 1.5
      vertex 3.7005 3.77098 0
    endloop
  endfacet
  facet normal -0.777148 -0.629318 0
    outer loop
      vertex 3.7005 3.77098 1.5
      vertex 3.81578 3.62862 0
      vertex 3.81578 3.62862 1.5
    endloop
  endfacet
  facet normal -0.629318 -0.777148 0
    outer loop
      vertex 3.42862 4.01578 0
      vertex 3.57098 3.9005 1.5
      vertex 3.42862 4.01578 1.5
    endloop
  endfacet
  facet normal -0.629318 -0.777148 -0
    outer loop
      vertex 3.57098 3.9005 1.5
      vertex 3.42862 4.01578 0
      vertex 3.57098 3.9005 0
    endloop
  endfacet
  facet normal 0.0523525 -0.998629 0
    outer loop
      vertex 2.21707 4.34041 0
      vertex 2.4 4.35 1.5
      vertex 2.21707 4.34041 1.5
    endloop
  endfacet
  facet normal 0.0523525 -0.998629 0
    outer loop
      vertex 2.4 4.35 1.5
      vertex 2.21707 4.34041 0
      vertex 2.4 4.35 0
    endloop
  endfacet
  facet normal -0.1564 -0.987694 0
    outer loop
      vertex 2.58292 4.34041 0
      vertex 2.76385 4.31176 1.5
      vertex 2.58292 4.34041 1.5
    endloop
  endfacet
  facet normal -0.1564 -0.987694 -0
    outer loop
      vertex 2.76385 4.31176 1.5
      vertex 2.58292 4.34041 0
      vertex 2.76385 4.31176 0
    endloop
  endfacet
  facet normal -0.358394 -0.933571 0
    outer loop
      vertex 2.94078 4.26435 0
      vertex 3.11179 4.1987 1.5
      vertex 2.94078 4.26435 1.5
    endloop
  endfacet
  facet normal -0.358394 -0.933571 -0
    outer loop
      vertex 3.11179 4.1987 1.5
      vertex 2.94078 4.26435 0
      vertex 3.11179 4.1987 0
    endloop
  endfacet
  facet normal -0.544631 -0.838676 0
    outer loop
      vertex 3.275 4.11554 0
      vertex 3.42862 4.01578 1.5
      vertex 3.275 4.11554 1.5
    endloop
  endfacet
  facet normal -0.544631 -0.838676 -0
    outer loop
      vertex 3.42862 4.01578 1.5
      vertex 3.275 4.11554 0
      vertex 3.42862 4.01578 0
    endloop
  endfacet
  facet normal 0.99863 -0.0523336 0
    outer loop
      vertex 0.65 2.6 1.5
      vertex 0.659586 2.78292 0
      vertex 0.659586 2.78292 1.5
    endloop
  endfacet
  facet normal 0.99863 -0.0523336 0
    outer loop
      vertex 0.659586 2.78292 0
      vertex 0.65 2.6 1.5
      vertex 0.65 2.6 0
    endloop
  endfacet
  facet normal 0.965923 -0.258828 0
    outer loop
      vertex 0.688241 2.96385 1.5
      vertex 0.735651 3.14078 0
      vertex 0.735651 3.14078 1.5
    endloop
  endfacet
  facet normal 0.965923 -0.258828 0
    outer loop
      vertex 0.735651 3.14078 0
      vertex 0.688241 2.96385 1.5
      vertex 0.688241 2.96385 0
    endloop
  endfacet
  facet normal 0.891006 -0.453992 0
    outer loop
      vertex 0.801295 3.31179 1.5
      vertex 0.884455 3.475 0
      vertex 0.884455 3.475 1.5
    endloop
  endfacet
  facet normal 0.891006 -0.453992 0
    outer loop
      vertex 0.884455 3.475 0
      vertex 0.801295 3.31179 1.5
      vertex 0.801295 3.31179 0
    endloop
  endfacet
  facet normal 0.838663 -0.544651 0
    outer loop
      vertex 0.884455 3.475 1.5
      vertex 0.98422 3.62862 0
      vertex 0.98422 3.62862 1.5
    endloop
  endfacet
  facet normal 0.838663 -0.544651 0
    outer loop
      vertex 0.98422 3.62862 0
      vertex 0.884455 3.475 1.5
      vertex 0.884455 3.475 0
    endloop
  endfacet
  facet normal 0.358394 -0.933571 0
    outer loop
      vertex 1.68821 4.1987 0
      vertex 1.85922 4.26435 1.5
      vertex 1.68821 4.1987 1.5
    endloop
  endfacet
  facet normal 0.358394 -0.933571 0
    outer loop
      vertex 1.85922 4.26435 1.5
      vertex 1.68821 4.1987 0
      vertex 1.85922 4.26435 0
    endloop
  endfacet
  facet normal 0.156408 -0.987692 0
    outer loop
      vertex 2.03615 4.31176 0
      vertex 2.21707 4.34041 1.5
      vertex 2.03615 4.31176 1.5
    endloop
  endfacet
  facet normal 0.156408 -0.987692 0
    outer loop
      vertex 2.21707 4.34041 1.5
      vertex 2.03615 4.31176 0
      vertex 2.21707 4.34041 0
    endloop
  endfacet
  facet normal 0.629318 -0.777148 0
    outer loop
      vertex 1.22902 3.9005 0
      vertex 1.37138 4.01578 1.5
      vertex 1.22902 3.9005 1.5
    endloop
  endfacet
  facet normal 0.629318 -0.777148 0
    outer loop
      vertex 1.37138 4.01578 1.5
      vertex 1.22902 3.9005 0
      vertex 1.37138 4.01578 0
    endloop
  endfacet
  facet normal 0.707107 -0.707107 0
    outer loop
      vertex 1.0995 3.77098 1.5
      vertex 1.22902 3.9005 0
      vertex 1.22902 3.9005 1.5
    endloop
  endfacet
  facet normal 0.707107 -0.707107 0
    outer loop
      vertex 1.22902 3.9005 0
      vertex 1.0995 3.77098 1.5
      vertex 1.0995 3.77098 0
    endloop
  endfacet
  facet normal -0.998629 -0.0523554 0
    outer loop
      vertex 4.15 2.6 0
      vertex 4.14041 2.78292 1.5
      vertex 4.14041 2.78292 0
    endloop
  endfacet
  facet normal -0.998629 -0.0523554 0
    outer loop
      vertex 4.14041 2.78292 1.5
      vertex 4.15 2.6 0
      vertex 4.15 2.6 1.5
    endloop
  endfacet
  facet normal -0.998629 0.0523554 0
    outer loop
      vertex 4.14041 2.41708 0
      vertex 4.15 2.6 1.5
      vertex 4.15 2.6 0
    endloop
  endfacet
  facet normal -0.998629 0.0523554 0
    outer loop
      vertex 4.15 2.6 1.5
      vertex 4.14041 2.41708 0
      vertex 4.14041 2.41708 1.5
    endloop
  endfacet
  facet normal -0.987694 0.1564 0
    outer loop
      vertex 4.11176 2.23615 0
      vertex 4.14041 2.41708 1.5
      vertex 4.14041 2.41708 0
    endloop
  endfacet
  facet normal -0.987694 0.1564 0
    outer loop
      vertex 4.14041 2.41708 1.5
      vertex 4.11176 2.23615 0
      vertex 4.11176 2.23615 1.5
    endloop
  endfacet
  facet normal 0.98769 0.156426 0
    outer loop
      vertex 0.688241 2.23615 1.5
      vertex 0.659586 2.41708 0
      vertex 0.659586 2.41708 1.5
    endloop
  endfacet
  facet normal 0.98769 0.156426 0
    outer loop
      vertex 0.659586 2.41708 0
      vertex 0.688241 2.23615 1.5
      vertex 0.688241 2.23615 0
    endloop
  endfacet
  facet normal -0.891006 -0.453992 0
    outer loop
      vertex 3.9987 3.31179 0
      vertex 3.91554 3.475 1.5
      vertex 3.91554 3.475 0
    endloop
  endfacet
  facet normal -0.891006 -0.453992 0
    outer loop
      vertex 3.91554 3.475 1.5
      vertex 3.9987 3.31179 0
      vertex 3.9987 3.31179 1.5
    endloop
  endfacet
  facet normal -0.933571 -0.358394 0
    outer loop
      vertex 4.06435 3.14078 0
      vertex 3.9987 3.31179 1.5
      vertex 3.9987 3.31179 0
    endloop
  endfacet
  facet normal -0.933571 -0.358394 0
    outer loop
      vertex 3.9987 3.31179 1.5
      vertex 4.06435 3.14078 0
      vertex 4.06435 3.14078 1.5
    endloop
  endfacet
  facet normal -0.707107 -0.707107 0
    outer loop
      vertex 3.7005 3.77098 0
      vertex 3.57098 3.9005 1.5
      vertex 3.57098 3.9005 0
    endloop
  endfacet
  facet normal -0.707107 -0.707107 0
    outer loop
      vertex 3.57098 3.9005 1.5
      vertex 3.7005 3.77098 0
      vertex 3.7005 3.77098 1.5
    endloop
  endfacet
  facet normal -0.0523554 -0.998629 0
    outer loop
      vertex 2.4 4.35 0
      vertex 2.58292 4.34041 1.5
      vertex 2.4 4.35 1.5
    endloop
  endfacet
  facet normal -0.0523554 -0.998629 -0
    outer loop
      vertex 2.58292 4.34041 1.5
      vertex 2.4 4.35 0
      vertex 2.58292 4.34041 0
    endloop
  endfacet
  facet normal 0 0 -1
    outer loop
      vertex 3 -4.1 1.5
      vertex 4.15 -2.6 1.5
      vertex 4.14041 -2.78292 1.5
    endloop
  endfacet
  facet normal 0 0 -1
    outer loop
      vertex 3 -4.1 1.5
      vertex 4.14041 -2.78292 1.5
      vertex 4.11176 -2.96385 1.5
    endloop
  endfacet
  facet normal -0 0 -1
    outer loop
      vertex 4.15 -2.6 1.5
      vertex 3 -4.1 1.5
      vertex 4.14041 -2.41708 1.5
    endloop
  endfacet
  facet normal 0 0 -1
    outer loop
      vertex 3 -4.1 1.5
      vertex 4.11176 -2.96385 1.5
      vertex 4.06435 -3.14078 1.5
    endloop
  endfacet
  facet normal -0 0 -1
    outer loop
      vertex 4.14041 -2.41708 1.5
      vertex 3 -4.1 1.5
      vertex 4.11176 -2.23615 1.5
    endloop
  endfacet
  facet normal 0 0 -1
    outer loop
      vertex 3 -4.1 1.5
      vertex 4.06435 -3.14078 1.5
      vertex 3.9987 -3.31179 1.5
    endloop
  endfacet
  facet normal -0 0 -1
    outer loop
      vertex 4.11176 -2.23615 1.5
      vertex 3 -4.1 1.5
      vertex 4.06435 -2.05922 1.5
    endloop
  endfacet
  facet normal 0 0 -1
    outer loop
      vertex 3 -4.1 1.5
      vertex 3.9987 -3.31179 1.5
      vertex 3.91554 -3.475 1.5
    endloop
  endfacet
  facet normal -0 0 -1
    outer loop
      vertex 4.06435 -2.05922 1.5
      vertex 3 -4.1 1.5
      vertex 3.9987 -1.88821 1.5
    endloop
  endfacet
  facet normal 0 0 -1
    outer loop
      vertex 3 -4.1 1.5
      vertex 3.91554 -3.475 1.5
      vertex 3.81578 -3.62862 1.5
    endloop
  endfacet
  facet normal -0 0 -1
    outer loop
      vertex 3.9987 -1.88821 1.5
      vertex 3 -4.1 1.5
      vertex 3.91554 -1.725 1.5
    endloop
  endfacet
  facet normal 0 0 -1
    outer loop
      vertex 3 -4.1 1.5
      vertex 3.81578 -3.62862 1.5
      vertex 3.7005 -3.77098 1.5
    endloop
  endfacet
  facet normal -0 0 -1
    outer loop
      vertex 3.91554 -1.725 1.5
      vertex 3 -4.1 1.5
      vertex 3.81578 -1.57137 1.5
    endloop
  endfacet
  facet normal -0 0 -1
    outer loop
      vertex 3.81578 -1.57137 1.5
      vertex 3 -4.1 1.5
      vertex 3.7005 -1.42902 1.5
    endloop
  endfacet
  facet normal -0 0 -1
    outer loop
      vertex 3.7005 -1.42902 1.5
      vertex 3 -4.1 1.5
      vertex 3.57148 -1.3 1.5
    endloop
  endfacet
  facet normal 0 0 -1
    outer loop
      vertex 3 -4.1 1.5
      vertex 3.7005 -3.77098 1.5
      vertex 3.57098 -3.9005 1.5
    endloop
  endfacet
  facet normal 0 0 -1
    outer loop
      vertex 4.14041 -0.182924 1.5
      vertex 4.14041 0.182924 1.5
      vertex 4.15 0 1.5
    endloop
  endfacet
  facet normal 0 0 -1
    outer loop
      vertex 4.11176 -0.363845 1.5
      vertex 4.14041 0.182924 1.5
      vertex 4.14041 -0.182924 1.5
    endloop
  endfacet
  facet normal 0 0 -1
    outer loop
      vertex 4.11176 -0.363845 1.5
      vertex 4.11176 0.363845 1.5
      vertex 4.14041 0.182924 1.5
    endloop
  endfacet
  facet normal 0 0 -1
    outer loop
      vertex 4.06435 -0.540779 1.5
      vertex 4.11176 0.363845 1.5
      vertex 4.11176 -0.363845 1.5
    endloop
  endfacet
  facet normal 0 0 -1
    outer loop
      vertex 4.06435 -0.540779 1.5
      vertex 4.06435 0.540779 1.5
      vertex 4.11176 0.363845 1.5
    endloop
  endfacet
  facet normal 0 0 -1
    outer loop
      vertex 3.9987 -0.711788 1.5
      vertex 4.06435 0.540779 1.5
      vertex 4.06435 -0.540779 1.5
    endloop
  endfacet
  facet normal 0 0 -1
    outer loop
      vertex 3.9987 -0.711788 1.5
      vertex 3.9987 0.711788 1.5
      vertex 4.06435 0.540779 1.5
    endloop
  endfacet
  facet normal 0 0 -1
    outer loop
      vertex 3.91554 -0.875 1.5
      vertex 3.9987 0.711788 1.5
      vertex 3.9987 -0.711788 1.5
    endloop
  endfacet
  facet normal 0 0 -1
    outer loop
      vertex 3.91554 -0.875 1.5
      vertex 3.91554 0.875 1.5
      vertex 3.9987 0.711788 1.5
    endloop
  endfacet
  facet normal 0 0 -1
    outer loop
      vertex 3.81578 -1.02862 1.5
      vertex 3.91554 0.875 1.5
      vertex 3.91554 -0.875 1.5
    endloop
  endfacet
  facet normal 0 0 -1
    outer loop
      vertex 3.81578 -1.02862 1.5
      vertex 3.81578 1.02862 1.5
      vertex 3.91554 0.875 1.5
    endloop
  endfacet
  facet normal 0 0 -1
    outer loop
      vertex 3.7005 -1.17098 1.5
      vertex 3.81578 1.02862 1.5
      vertex 3.81578 -1.02862 1.5
    endloop
  endfacet
  facet normal 0 0 -1
    outer loop
      vertex 3.7005 -1.17098 1.5
      vertex 3.7005 1.17098 1.5
      vertex 3.81578 1.02862 1.5
    endloop
  endfacet
  facet normal 0 0 -1
    outer loop
      vertex 3.57148 -1.3 1.5
      vertex 3.7005 1.17098 1.5
      vertex 3.7005 -1.17098 1.5
    endloop
  endfacet
  facet normal -0 0 -1
    outer loop
      vertex 3.7005 1.17098 1.5
      vertex 3.57148 -1.3 1.5
      vertex 3.57148 1.3 1.5
    endloop
  endfacet
  facet normal 0 0 -1
    outer loop
      vertex 3 4.1 1.5
      vertex 4.15 2.6 1.5
      vertex 4.14041 2.41708 1.5
    endloop
  endfacet
  facet normal 0 0 -1
    outer loop
      vertex 3 4.1 1.5
      vertex 4.14041 2.41708 1.5
      vertex 4.11176 2.23615 1.5
    endloop
  endfacet
  facet normal 0 0 -1
    outer loop
      vertex 4.15 2.6 1.5
      vertex 3 4.1 1.5
      vertex 4.14041 2.78292 1.5
    endloop
  endfacet
  facet normal 0 0 -1
    outer loop
      vertex 3 4.1 1.5
      vertex 4.11176 2.23615 1.5
      vertex 4.06435 2.05922 1.5
    endloop
  endfacet
  facet normal 0 0 -1
    outer loop
      vertex 4.14041 2.78292 1.5
      vertex 3 4.1 1.5
      vertex 4.11176 2.96385 1.5
    endloop
  endfacet
  facet normal 0 0 -1
    outer loop
      vertex 3 4.1 1.5
      vertex 4.06435 2.05922 1.5
      vertex 3.9987 1.88821 1.5
    endloop
  endfacet
  facet normal 0 0 -1
    outer loop
      vertex 4.11176 2.96385 1.5
      vertex 3 4.1 1.5
      vertex 4.06435 3.14078 1.5
    endloop
  endfacet
  facet normal 0 0 -1
    outer loop
      vertex 3 4.1 1.5
      vertex 3.9987 1.88821 1.5
      vertex 3.91554 1.725 1.5
    endloop
  endfacet
  facet normal 0 0 -1
    outer loop
      vertex 4.06435 3.14078 1.5
      vertex 3 4.1 1.5
      vertex 3.9987 3.31179 1.5
    endloop
  endfacet
  facet normal 0 0 -1
    outer loop
      vertex 3 4.1 1.5
      vertex 3.91554 1.725 1.5
      vertex 3.81578 1.57137 1.5
    endloop
  endfacet
  facet normal 0 0 -1
    outer loop
      vertex 3.9987 3.31179 1.5
      vertex 3 4.1 1.5
      vertex 3.91554 3.475 1.5
    endloop
  endfacet
  facet normal 0 0 -1
    outer loop
      vertex 3 4.1 1.5
      vertex 3.81578 1.57137 1.5
      vertex 3.7005 1.42902 1.5
    endloop
  endfacet
  facet normal 0 0 -1
    outer loop
      vertex 3.91554 3.475 1.5
      vertex 3 4.1 1.5
      vertex 3.81578 3.62862 1.5
    endloop
  endfacet
  facet normal 0 0 -1
    outer loop
      vertex 3 4.1 1.5
      vertex 3.7005 1.42902 1.5
      vertex 3.57148 1.3 1.5
    endloop
  endfacet
  facet normal 0 0 -1
    outer loop
      vertex 3.81578 3.62862 1.5
      vertex 3 4.1 1.5
      vertex 3.7005 3.77098 1.5
    endloop
  endfacet
  facet normal -0 0 -1
    outer loop
      vertex 3.57148 -1.3 1.5
      vertex 3 -4.1 1.5
      vertex 3.57148 1.3 1.5
    endloop
  endfacet
  facet normal 0 0 -1
    outer loop
      vertex 3 -4.1 1.5
      vertex 3.57098 -3.9005 1.5
      vertex 3.42862 -4.01578 1.5
    endloop
  endfacet
  facet normal 0 0 -1
    outer loop
      vertex 3 4.1 1.5
      vertex 3.57148 1.3 1.5
      vertex 3 -4.1 1.5
    endloop
  endfacet
  facet normal 0 0 -1
    outer loop
      vertex 3 -4.1 1.5
      vertex 3.42862 -4.01578 1.5
      vertex 3.275 -4.11554 1.5
    endloop
  endfacet
  facet normal 0 0 -1
    outer loop
      vertex 3.7005 3.77098 1.5
      vertex 3 4.1 1.5
      vertex 3.57098 3.9005 1.5
    endloop
  endfacet
  facet normal 0 0 -1
    outer loop
      vertex 3 -4.1 1.5
      vertex 3.275 -4.11554 1.5
      vertex 3.11179 -4.1987 1.5
    endloop
  endfacet
  facet normal 0 0 -1
    outer loop
      vertex 3.57098 3.9005 1.5
      vertex 3 4.1 1.5
      vertex 3.42862 4.01578 1.5
    endloop
  endfacet
  facet normal 0 0 -1
    outer loop
      vertex 3.42862 4.01578 1.5
      vertex 3 4.1 1.5
      vertex 3.275 4.11554 1.5
    endloop
  endfacet
  facet normal 0 0 -1
    outer loop
      vertex 2.94078 -4.26435 1.5
      vertex 3 -4.1 1.5
      vertex 3.11179 -4.1987 1.5
    endloop
  endfacet
  facet normal 0 0 -1
    outer loop
      vertex 2.76385 -4.31176 1.5
      vertex 3 -4.1 1.5
      vertex 2.94078 -4.26435 1.5
    endloop
  endfacet
  facet normal 0 0 -1
    outer loop
      vertex 2.58292 -4.34041 1.5
      vertex 3 -4.1 1.5
      vertex 2.76385 -4.31176 1.5
    endloop
  endfacet
  facet normal 0 0 -1
    outer loop
      vertex 2.4 -4.35 1.5
      vertex 3 -4.1 1.5
      vertex 2.58292 -4.34041 1.5
    endloop
  endfacet
  facet normal 0 0 -1
    outer loop
      vertex 1.8 -4.1 1.5
      vertex 2.4 -4.35 1.5
      vertex 2.21707 -4.34041 1.5
    endloop
  endfacet
  facet normal 0 0 -1
    outer loop
      vertex 1.8 -4.1 1.5
      vertex 2.21707 -4.34041 1.5
      vertex 2.03615 -4.31176 1.5
    endloop
  endfacet
  facet normal 0 0 -1
    outer loop
      vertex 1.8 -4.1 1.5
      vertex 2.03615 -4.31176 1.5
      vertex 1.85922 -4.26435 1.5
    endloop
  endfacet
  facet normal 0 0 -1
    outer loop
      vertex 2.4 -4.35 1.5
      vertex 1.8 -4.1 1.5
      vertex 3 -4.1 1.5
    endloop
  endfacet
  facet normal 0 0 -1
    outer loop
      vertex 1.525 -4.11554 1.5
      vertex 1.8 -4.1 1.5
      vertex 1.68821 -4.1987 1.5
    endloop
  endfacet
  facet normal 0 0 -1
    outer loop
      vertex 1.68821 -4.1987 1.5
      vertex 1.8 -4.1 1.5
      vertex 1.85922 -4.26435 1.5
    endloop
  endfacet
  facet normal 0 0 -1
    outer loop
      vertex 1.0995 -1.17098 1.5
      vertex 1.22852 1.3 1.5
      vertex 1.22852 -1.3 1.5
    endloop
  endfacet
  facet normal 0 0 -1
    outer loop
      vertex 1.0995 -1.17098 1.5
      vertex 1.0995 1.17098 1.5
      vertex 1.22852 1.3 1.5
    endloop
  endfacet
  facet normal 0 0 -1
    outer loop
      vertex 0.98422 -1.02862 1.5
      vertex 1.0995 1.17098 1.5
      vertex 1.0995 -1.17098 1.5
    endloop
  endfacet
  facet normal 0 0 -1
    outer loop
      vertex 0.98422 -1.02862 1.5
      vertex 0.98422 1.02862 1.5
      vertex 1.0995 1.17098 1.5
    endloop
  endfacet
  facet normal 0 0 -1
    outer loop
      vertex 0.884455 -0.875 1.5
      vertex 0.98422 1.02862 1.5
      vertex 0.98422 -1.02862 1.5
    endloop
  endfacet
  facet normal 0 0 -1
    outer loop
      vertex 0.884455 -0.875 1.5
      vertex 0.884455 0.875 1.5
      vertex 0.98422 1.02862 1.5
    endloop
  endfacet
  facet normal 0 0 -1
    outer loop
      vertex 0.801295 -0.711788 1.5
      vertex 0.884455 0.875 1.5
      vertex 0.884455 -0.875 1.5
    endloop
  endfacet
  facet normal 0 0 -1
    outer loop
      vertex 0.801295 -0.711788 1.5
      vertex 0.801295 0.711788 1.5
      vertex 0.884455 0.875 1.5
    endloop
  endfacet
  facet normal 0 0 -1
    outer loop
      vertex 0.735651 -0.540779 1.5
      vertex 0.801295 0.711788 1.5
      vertex 0.801295 -0.711788 1.5
    endloop
  endfacet
  facet normal 0 0 -1
    outer loop
      vertex 0.735651 -0.540779 1.5
      vertex 0.735651 0.540779 1.5
      vertex 0.801295 0.711788 1.5
    endloop
  endfacet
  facet normal 0 0 -1
    outer loop
      vertex 0.688241 -0.363845 1.5
      vertex 0.735651 0.540779 1.5
      vertex 0.735651 -0.540779 1.5
    endloop
  endfacet
  facet normal 0 0 -1
    outer loop
      vertex 0.688241 -0.363845 1.5
      vertex 0.688241 0.363845 1.5
      vertex 0.735651 0.540779 1.5
    endloop
  endfacet
  facet normal 0 0 -1
    outer loop
      vertex 0.659586 -0.182924 1.5
      vertex 0.688241 0.363845 1.5
      vertex 0.688241 -0.363845 1.5
    endloop
  endfacet
  facet normal 0 0 -1
    outer loop
      vertex 0.659586 -0.182924 1.5
      vertex 0.659586 0.182924 1.5
      vertex 0.688241 0.363845 1.5
    endloop
  endfacet
  facet normal 0 -0 -1
    outer loop
      vertex 0.659586 0.182924 1.5
      vertex 0.659586 -0.182924 1.5
      vertex 0.65 0 1.5
    endloop
  endfacet
  facet normal 0 0 -1
    outer loop
      vertex 1.0995 1.42902 1.5
      vertex 1.8 4.1 1.5
      vertex 1.22852 1.3 1.5
    endloop
  endfacet
  facet normal 0 0 -1
    outer loop
      vertex 0.98422 1.57137 1.5
      vertex 1.8 4.1 1.5
      vertex 1.0995 1.42902 1.5
    endloop
  endfacet
  facet normal 0 0 -1
    outer loop
      vertex 1.8 4.1 1.5
      vertex 1.0995 3.77098 1.5
      vertex 1.22902 3.9005 1.5
    endloop
  endfacet
  facet normal 0 0 -1
    outer loop
      vertex 0.884455 1.725 1.5
      vertex 1.8 4.1 1.5
      vertex 0.98422 1.57137 1.5
    endloop
  endfacet
  facet normal 0 0 -1
    outer loop
      vertex 1.8 4.1 1.5
      vertex 0.98422 3.62862 1.5
      vertex 1.0995 3.77098 1.5
    endloop
  endfacet
  facet normal 0 0 -1
    outer loop
      vertex 0.801295 1.88821 1.5
      vertex 1.8 4.1 1.5
      vertex 0.884455 1.725 1.5
    endloop
  endfacet
  facet normal 0 0 -1
    outer loop
      vertex 1.8 4.1 1.5
      vertex 0.884455 3.475 1.5
      vertex 0.98422 3.62862 1.5
    endloop
  endfacet
  facet normal 0 0 -1
    outer loop
      vertex 0.735651 2.05922 1.5
      vertex 1.8 4.1 1.5
      vertex 0.801295 1.88821 1.5
    endloop
  endfacet
  facet normal 0 0 -1
    outer loop
      vertex 1.8 4.1 1.5
      vertex 0.801295 3.31179 1.5
      vertex 0.884455 3.475 1.5
    endloop
  endfacet
  facet normal 0 0 -1
    outer loop
      vertex 0.688241 2.23615 1.5
      vertex 1.8 4.1 1.5
      vertex 0.735651 2.05922 1.5
    endloop
  endfacet
  facet normal 0 0 -1
    outer loop
      vertex 1.8 4.1 1.5
      vertex 0.735651 3.14078 1.5
      vertex 0.801295 3.31179 1.5
    endloop
  endfacet
  facet normal 0 0 -1
    outer loop
      vertex 0.659586 2.41708 1.5
      vertex 1.8 4.1 1.5
      vertex 0.688241 2.23615 1.5
    endloop
  endfacet
  facet normal 0 0 -1
    outer loop
      vertex 1.8 4.1 1.5
      vertex 0.688241 2.96385 1.5
      vertex 0.735651 3.14078 1.5
    endloop
  endfacet
  facet normal 0 0 -1
    outer loop
      vertex 0.65 2.6 1.5
      vertex 1.8 4.1 1.5
      vertex 0.659586 2.41708 1.5
    endloop
  endfacet
  facet normal 0 0 -1
    outer loop
      vertex 1.8 4.1 1.5
      vertex 0.659586 2.78292 1.5
      vertex 0.688241 2.96385 1.5
    endloop
  endfacet
  facet normal 0 0 -1
    outer loop
      vertex 1.8 4.1 1.5
      vertex 0.65 2.6 1.5
      vertex 0.659586 2.78292 1.5
    endloop
  endfacet
  facet normal -0 0 -1
    outer loop
      vertex 3.275 4.11554 1.5
      vertex 3 4.1 1.5
      vertex 3.11179 4.1987 1.5
    endloop
  endfacet
  facet normal 0 0 -1
    outer loop
      vertex 3 4.1 1.5
      vertex 2.94078 4.26435 1.5
      vertex 3.11179 4.1987 1.5
    endloop
  endfacet
  facet normal 0 0 -1
    outer loop
      vertex 3 4.1 1.5
      vertex 2.76385 4.31176 1.5
      vertex 2.94078 4.26435 1.5
    endloop
  endfacet
  facet normal 0 0 -1
    outer loop
      vertex 3 4.1 1.5
      vertex 2.58292 4.34041 1.5
      vertex 2.76385 4.31176 1.5
    endloop
  endfacet
  facet normal 0 0 -1
    outer loop
      vertex 3 4.1 1.5
      vertex 2.4 4.35 1.5
      vertex 2.58292 4.34041 1.5
    endloop
  endfacet
  facet normal 0 0 -1
    outer loop
      vertex 1.8 4.1 1.5
      vertex 2.4 4.35 1.5
      vertex 3 4.1 1.5
    endloop
  endfacet
  facet normal 0 0 -1
    outer loop
      vertex 2.4 4.35 1.5
      vertex 1.8 4.1 1.5
      vertex 2.21707 4.34041 1.5
    endloop
  endfacet
  facet normal 0 0 -1
    outer loop
      vertex 2.21707 4.34041 1.5
      vertex 1.8 4.1 1.5
      vertex 2.03615 4.31176 1.5
    endloop
  endfacet
  facet normal 0 0 -1
    outer loop
      vertex 2.03615 4.31176 1.5
      vertex 1.8 4.1 1.5
      vertex 1.85922 4.26435 1.5
    endloop
  endfacet
  facet normal 0 0 -1
    outer loop
      vertex 1.8 4.1 1.5
      vertex 1.68821 4.1987 1.5
      vertex 1.85922 4.26435 1.5
    endloop
  endfacet
  facet normal 0 0 -1
    outer loop
      vertex 1.8 -4.1 1.5
      vertex 1.22852 -1.3 1.5
      vertex 1.8 4.1 1.5
    endloop
  endfacet
  facet normal 0 0 -1
    outer loop
      vertex 1.37138 -4.01578 1.5
      vertex 1.8 -4.1 1.5
      vertex 1.525 -4.11554 1.5
    endloop
  endfacet
  facet normal 0 0 -1
    outer loop
      vertex 1.22852 1.3 1.5
      vertex 1.8 4.1 1.5
      vertex 1.22852 -1.3 1.5
    endloop
  endfacet
  facet normal 0 0 -1
    outer loop
      vertex 1.22902 -3.9005 1.5
      vertex 1.8 -4.1 1.5
      vertex 1.37138 -4.01578 1.5
    endloop
  endfacet
  facet normal 0 -0 -1
    outer loop
      vertex 1.37138 4.01578 1.5
      vertex 1.8 4.1 1.5
      vertex 1.22902 3.9005 1.5
    endloop
  endfacet
  facet normal 0 0 -1
    outer loop
      vertex 1.0995 -3.77098 1.5
      vertex 1.8 -4.1 1.5
      vertex 1.22902 -3.9005 1.5
    endloop
  endfacet
  facet normal 0 0 -1
    outer loop
      vertex 1.8 4.1 1.5
      vertex 1.525 4.11554 1.5
      vertex 1.68821 4.1987 1.5
    endloop
  endfacet
  facet normal -0 0 -1
    outer loop
      vertex 1.8 4.1 1.5
      vertex 1.37138 4.01578 1.5
      vertex 1.525 4.11554 1.5
    endloop
  endfacet
  facet normal 0 0 -1
    outer loop
      vertex 0.98422 -3.62862 1.5
      vertex 1.8 -4.1 1.5
      vertex 1.0995 -3.77098 1.5
    endloop
  endfacet
  facet normal 0 0 -1
    outer loop
      vertex 1.8 -4.1 1.5
      vertex 1.0995 -1.42902 1.5
      vertex 1.22852 -1.3 1.5
    endloop
  endfacet
  facet normal 0 0 -1
    outer loop
      vertex 0.884455 -3.475 1.5
      vertex 1.8 -4.1 1.5
      vertex 0.98422 -3.62862 1.5
    endloop
  endfacet
  facet normal 0 0 -1
    outer loop
      vertex 1.8 -4.1 1.5
      vertex 0.98422 -1.57137 1.5
      vertex 1.0995 -1.42902 1.5
    endloop
  endfacet
  facet normal 0 0 -1
    outer loop
      vertex 0.801295 -3.31179 1.5
      vertex 1.8 -4.1 1.5
      vertex 0.884455 -3.475 1.5
    endloop
  endfacet
  facet normal 0 0 -1
    outer loop
      vertex 1.8 -4.1 1.5
      vertex 0.884455 -1.725 1.5
      vertex 0.98422 -1.57137 1.5
    endloop
  endfacet
  facet normal 0 0 -1
    outer loop
      vertex 0.735651 -3.14078 1.5
      vertex 1.8 -4.1 1.5
      vertex 0.801295 -3.31179 1.5
    endloop
  endfacet
  facet normal 0 0 -1
    outer loop
      vertex 1.8 -4.1 1.5
      vertex 0.801295 -1.88821 1.5
      vertex 0.884455 -1.725 1.5
    endloop
  endfacet
  facet normal 0 0 -1
    outer loop
      vertex 0.688241 -2.96385 1.5
      vertex 1.8 -4.1 1.5
      vertex 0.735651 -3.14078 1.5
    endloop
  endfacet
  facet normal 0 0 -1
    outer loop
      vertex 1.8 -4.1 1.5
      vertex 0.735651 -2.05922 1.5
      vertex 0.801295 -1.88821 1.5
    endloop
  endfacet
  facet normal 0 0 -1
    outer loop
      vertex 0.659586 -2.78292 1.5
      vertex 1.8 -4.1 1.5
      vertex 0.688241 -2.96385 1.5
    endloop
  endfacet
  facet normal 0 0 -1
    outer loop
      vertex 1.8 -4.1 1.5
      vertex 0.688241 -2.23615 1.5
      vertex 0.735651 -2.05922 1.5
    endloop
  endfacet
  facet normal 0 0 -1
    outer loop
      vertex 0.65 -2.6 1.5
      vertex 1.8 -4.1 1.5
      vertex 0.659586 -2.78292 1.5
    endloop
  endfacet
  facet normal 0 0 -1
    outer loop
      vertex 1.8 -4.1 1.5
      vertex 0.659586 -2.41708 1.5
      vertex 0.688241 -2.23615 1.5
    endloop
  endfacet
  facet normal 0 0 -1
    outer loop
      vertex 1.8 -4.1 1.5
      vertex 0.65 -2.6 1.5
      vertex 0.659586 -2.41708 1.5
    endloop
  endfacet
  facet normal 0.98769 -0.156426 0
    outer loop
      vertex 0.659586 2.78292 1.5
      vertex 0.688241 2.96385 0
      vertex 0.688241 2.96385 1.5
    endloop
  endfacet
  facet normal 0.98769 -0.156426 0
    outer loop
      vertex 0.688241 2.96385 0
      vertex 0.659586 2.78292 1.5
      vertex 0.659586 2.78292 0
    endloop
  endfacet
  facet normal -0.838692 0.544606 0
    outer loop
      vertex 3.81578 1.57137 0
      vertex 3.91554 1.725 1.5
      vertex 3.91554 1.725 0
    endloop
  endfacet
  facet normal -0.838692 0.544606 0
    outer loop
      vertex 3.91554 1.725 1.5
      vertex 3.81578 1.57137 0
      vertex 3.81578 1.57137 1.5
    endloop
  endfacet
  facet normal -0.933571 0.358394 0
    outer loop
      vertex 3.9987 1.88821 0
      vertex 4.06435 2.05922 1.5
      vertex 4.06435 2.05922 0
    endloop
  endfacet
  facet normal -0.933571 0.358394 0
    outer loop
      vertex 4.06435 2.05922 1.5
      vertex 3.9987 1.88821 0
      vertex 3.9987 1.88821 1.5
    endloop
  endfacet
  facet normal 0.99863 0.0523336 0
    outer loop
      vertex 0.659586 2.41708 1.5
      vertex 0.65 2.6 0
      vertex 0.65 2.6 1.5
    endloop
  endfacet
  facet normal 0.99863 0.0523336 0
    outer loop
      vertex 0.65 2.6 0
      vertex 0.659586 2.41708 1.5
      vertex 0.659586 2.41708 0
    endloop
  endfacet
  facet normal 0.965923 0.258828 0
    outer loop
      vertex 0.735651 2.05922 1.5
      vertex 0.688241 2.23615 0
      vertex 0.688241 2.23615 1.5
    endloop
  endfacet
  facet normal 0.965923 0.258828 0
    outer loop
      vertex 0.688241 2.23615 0
      vertex 0.735651 2.05922 1.5
      vertex 0.735651 2.05922 0
    endloop
  endfacet
  facet normal 0.777127 0.629344 0
    outer loop
      vertex 1.0995 1.42902 1.5
      vertex 0.98422 1.57137 0
      vertex 0.98422 1.57137 1.5
    endloop
  endfacet
  facet normal 0.777127 0.629344 0
    outer loop
      vertex 0.98422 1.57137 0
      vertex 1.0995 1.42902 1.5
      vertex 1.0995 1.42902 0
    endloop
  endfacet
  facet normal 0.838679 0.544626 0
    outer loop
      vertex 0.98422 1.57137 1.5
      vertex 0.884455 1.725 0
      vertex 0.884455 1.725 1.5
    endloop
  endfacet
  facet normal 0.838679 0.544626 0
    outer loop
      vertex 0.884455 1.725 0
      vertex 0.98422 1.57137 1.5
      vertex 0.98422 1.57137 0
    endloop
  endfacet
  facet normal 0.933582 0.358365 0
    outer loop
      vertex 0.801295 1.88821 1.5
      vertex 0.735651 2.05922 0
      vertex 0.735651 2.05922 1.5
    endloop
  endfacet
  facet normal 0.933582 0.358365 0
    outer loop
      vertex 0.735651 2.05922 0
      vertex 0.801295 1.88821 1.5
      vertex 0.801295 1.88821 0
    endloop
  endfacet
  facet normal -0.965923 -0.258828 0
    outer loop
      vertex 4.11176 2.96385 0
      vertex 4.06435 3.14078 1.5
      vertex 4.06435 3.14078 0
    endloop
  endfacet
  facet normal -0.965923 -0.258828 0
    outer loop
      vertex 4.06435 3.14078 1.5
      vertex 4.11176 2.96385 0
      vertex 4.11176 2.96385 1.5
    endloop
  endfacet
  facet normal -0.707107 0.707107 0
    outer loop
      vertex 3.57148 1.3 0
      vertex 3.7005 1.42902 1.5
      vertex 3.7005 1.42902 0
    endloop
  endfacet
  facet normal -0.707107 0.707107 0
    outer loop
      vertex 3.7005 1.42902 1.5
      vertex 3.57148 1.3 0
      vertex 3.57148 1.3 1.5
    endloop
  endfacet
  facet normal -0.965923 0.258828 0
    outer loop
      vertex 4.06435 2.05922 0
      vertex 4.11176 2.23615 1.5
      vertex 4.11176 2.23615 0
    endloop
  endfacet
  facet normal -0.965923 0.258828 0
    outer loop
      vertex 4.11176 2.23615 1.5
      vertex 4.06435 2.05922 0
      vertex 4.06435 2.05922 1.5
    endloop
  endfacet
  facet normal -0.891006 0.453992 0
    outer loop
      vertex 3.91554 1.725 0
      vertex 3.9987 1.88821 1.5
      vertex 3.9987 1.88821 0
    endloop
  endfacet
  facet normal -0.891006 0.453992 0
    outer loop
      vertex 3.9987 1.88821 1.5
      vertex 3.91554 1.725 0
      vertex 3.91554 1.725 1.5
    endloop
  endfacet
  facet normal 0.891006 0.453992 0
    outer loop
      vertex 0.884455 1.725 1.5
      vertex 0.801295 1.88821 0
      vertex 0.801295 1.88821 1.5
    endloop
  endfacet
  facet normal 0.891006 0.453992 0
    outer loop
      vertex 0.801295 1.88821 0
      vertex 0.884455 1.725 1.5
      vertex 0.884455 1.725 0
    endloop
  endfacet
  facet normal -0.777127 0.629344 0
    outer loop
      vertex 3.7005 1.42902 0
      vertex 3.81578 1.57137 1.5
      vertex 3.81578 1.57137 0
    endloop
  endfacet
  facet normal -0.777127 0.629344 0
    outer loop
      vertex 3.81578 1.57137 1.5
      vertex 3.7005 1.42902 0
      vertex 3.7005 1.42902 1.5
    endloop
  endfacet
  facet normal 0.707107 0.707107 0
    outer loop
      vertex 1.22852 1.3 1.5
      vertex 1.0995 1.42902 0
      vertex 1.0995 1.42902 1.5
    endloop
  endfacet
  facet normal 0.707107 0.707107 0
    outer loop
      vertex 1.0995 1.42902 0
      vertex 1.22852 1.3 1.5
      vertex 1.22852 1.3 0
    endloop
  endfacet
  facet normal 0.933581 -0.358367 0
    outer loop
      vertex 0.735651 0.540779 1.5
      vertex 0.801295 0.711788 0
      vertex 0.801295 0.711788 1.5
    endloop
  endfacet
  facet normal 0.933581 -0.358367 0
    outer loop
      vertex 0.801295 0.711788 0
      vertex 0.735651 0.540779 1.5
      vertex 0.735651 0.540779 0
    endloop
  endfacet
  facet normal -0.93357 0.358396 0
    outer loop
      vertex 3.9987 -0.711788 0
      vertex 4.06435 -0.540779 1.5
      vertex 4.06435 -0.540779 0
    endloop
  endfacet
  facet normal -0.93357 0.358396 0
    outer loop
      vertex 4.06435 -0.540779 1.5
      vertex 3.9987 -0.711788 0
      vertex 3.9987 -0.711788 1.5
    endloop
  endfacet
  facet normal -0.891008 -0.453988 0
    outer loop
      vertex 3.9987 0.711788 0
      vertex 3.91554 0.875 1.5
      vertex 3.91554 0.875 0
    endloop
  endfacet
  facet normal -0.891008 -0.453988 0
    outer loop
      vertex 3.91554 0.875 1.5
      vertex 3.9987 0.711788 0
      vertex 3.9987 0.711788 1.5
    endloop
  endfacet
  facet normal -0.838676 -0.544631 0
    outer loop
      vertex 3.91554 0.875 0
      vertex 3.81578 1.02862 1.5
      vertex 3.81578 1.02862 0
    endloop
  endfacet
  facet normal -0.838676 -0.544631 0
    outer loop
      vertex 3.81578 1.02862 1.5
      vertex 3.91554 0.875 0
      vertex 3.91554 0.875 1.5
    endloop
  endfacet
  facet normal -0.707107 -0.707107 0
    outer loop
      vertex 3.57148 1.3 0
      vertex 3.7005 1.17098 1.5
      vertex 3.57148 1.3 1.5
    endloop
  endfacet
  facet normal -0.707107 -0.707107 -0
    outer loop
      vertex 3.7005 1.17098 1.5
      vertex 3.57148 1.3 0
      vertex 3.7005 1.17098 0
    endloop
  endfacet
  facet normal 0.777148 -0.629318 0
    outer loop
      vertex 0.98422 1.02862 1.5
      vertex 1.0995 1.17098 0
      vertex 1.0995 1.17098 1.5
    endloop
  endfacet
  facet normal 0.777148 -0.629318 0
    outer loop
      vertex 1.0995 1.17098 0
      vertex 0.98422 1.02862 1.5
      vertex 0.98422 1.02862 0
    endloop
  endfacet
  facet normal -0.777148 0.629318 0
    outer loop
      vertex 3.7005 -1.17098 0
      vertex 3.81578 -1.02862 1.5
      vertex 3.81578 -1.02862 0
    endloop
  endfacet
  facet normal -0.777148 0.629318 0
    outer loop
      vertex 3.81578 -1.02862 1.5
      vertex 3.7005 -1.17098 0
      vertex 3.7005 -1.17098 1.5
    endloop
  endfacet
  facet normal 0.707107 0.707107 -0
    outer loop
      vertex 1.22852 -1.3 0
      vertex 1.0995 -1.17098 1.5
      vertex 1.22852 -1.3 1.5
    endloop
  endfacet
  facet normal 0.707107 0.707107 0
    outer loop
      vertex 1.0995 -1.17098 1.5
      vertex 1.22852 -1.3 0
      vertex 1.0995 -1.17098 0
    endloop
  endfacet
  facet normal 0.777148 0.629318 0
    outer loop
      vertex 1.0995 -1.17098 1.5
      vertex 0.98422 -1.02862 0
      vertex 0.98422 -1.02862 1.5
    endloop
  endfacet
  facet normal 0.777148 0.629318 0
    outer loop
      vertex 0.98422 -1.02862 0
      vertex 1.0995 -1.17098 1.5
      vertex 1.0995 -1.17098 0
    endloop
  endfacet
  facet normal -0.965925 -0.258822 0
    outer loop
      vertex 4.11176 0.363845 0
      vertex 4.06435 0.540779 1.5
      vertex 4.06435 0.540779 0
    endloop
  endfacet
  facet normal -0.965925 -0.258822 0
    outer loop
      vertex 4.06435 0.540779 1.5
      vertex 4.11176 0.363845 0
      vertex 4.11176 0.363845 1.5
    endloop
  endfacet
  facet normal -0.93357 -0.358396 0
    outer loop
      vertex 4.06435 0.540779 0
      vertex 3.9987 0.711788 1.5
      vertex 3.9987 0.711788 0
    endloop
  endfacet
  facet normal -0.93357 -0.358396 0
    outer loop
      vertex 3.9987 0.711788 1.5
      vertex 4.06435 0.540779 0
      vertex 4.06435 0.540779 1.5
    endloop
  endfacet
  facet normal -0.777148 -0.629318 0
    outer loop
      vertex 3.81578 1.02862 0
      vertex 3.7005 1.17098 1.5
      vertex 3.7005 1.17098 0
    endloop
  endfacet
  facet normal -0.777148 -0.629318 0
    outer loop
      vertex 3.7005 1.17098 1.5
      vertex 3.81578 1.02862 0
      vertex 3.81578 1.02862 1.5
    endloop
  endfacet
  facet normal 0.99863 -0.0523325 0
    outer loop
      vertex 0.65 0 1.5
      vertex 0.659586 0.182924 0
      vertex 0.659586 0.182924 1.5
    endloop
  endfacet
  facet normal 0.99863 -0.0523325 0
    outer loop
      vertex 0.659586 0.182924 0
      vertex 0.65 0 1.5
      vertex 0.65 0 0
    endloop
  endfacet
  facet normal 0.965925 -0.258822 0
    outer loop
      vertex 0.688241 0.363845 1.5
      vertex 0.735651 0.540779 0
      vertex 0.735651 0.540779 1.5
    endloop
  endfacet
  facet normal 0.965925 -0.258822 0
    outer loop
      vertex 0.735651 0.540779 0
      vertex 0.688241 0.363845 1.5
      vertex 0.688241 0.363845 0
    endloop
  endfacet
  facet normal 0.891008 -0.453988 0
    outer loop
      vertex 0.801295 0.711788 1.5
      vertex 0.884455 0.875 0
      vertex 0.884455 0.875 1.5
    endloop
  endfacet
  facet normal 0.891008 -0.453988 0
    outer loop
      vertex 0.884455 0.875 0
      vertex 0.801295 0.711788 1.5
      vertex 0.801295 0.711788 0
    endloop
  endfacet
  facet normal 0.838663 -0.544651 0
    outer loop
      vertex 0.884455 0.875 1.5
      vertex 0.98422 1.02862 0
      vertex 0.98422 1.02862 1.5
    endloop
  endfacet
  facet normal 0.838663 -0.544651 0
    outer loop
      vertex 0.98422 1.02862 0
      vertex 0.884455 0.875 1.5
      vertex 0.884455 0.875 0
    endloop
  endfacet
  facet normal 0.707107 -0.707107 0
    outer loop
      vertex 1.0995 1.17098 0
      vertex 1.22852 1.3 1.5
      vertex 1.0995 1.17098 1.5
    endloop
  endfacet
  facet normal 0.707107 -0.707107 0
    outer loop
      vertex 1.22852 1.3 1.5
      vertex 1.0995 1.17098 0
      vertex 1.22852 1.3 0
    endloop
  endfacet
  facet normal -0.998629 -0.0523542 0
    outer loop
      vertex 4.15 0 0
      vertex 4.14041 0.182924 1.5
      vertex 4.14041 0.182924 0
    endloop
  endfacet
  facet normal -0.998629 -0.0523542 0
    outer loop
      vertex 4.14041 0.182924 1.5
      vertex 4.15 0 0
      vertex 4.15 0 1.5
    endloop
  endfacet
  facet normal -0.965925 0.258822 0
    outer loop
      vertex 4.06435 -0.540779 0
      vertex 4.11176 -0.363845 1.5
      vertex 4.11176 -0.363845 0
    endloop
  endfacet
  facet normal -0.965925 0.258822 0
    outer loop
      vertex 4.11176 -0.363845 1.5
      vertex 4.06435 -0.540779 0
      vertex 4.06435 -0.540779 1.5
    endloop
  endfacet
  facet normal -0.891008 0.453988 0
    outer loop
      vertex 3.91554 -0.875 0
      vertex 3.9987 -0.711788 1.5
      vertex 3.9987 -0.711788 0
    endloop
  endfacet
  facet normal -0.891008 0.453988 0
    outer loop
      vertex 3.9987 -0.711788 1.5
      vertex 3.91554 -0.875 0
      vertex 3.91554 -0.875 1.5
    endloop
  endfacet
  facet normal 0.965925 0.258822 0
    outer loop
      vertex 0.735651 -0.540779 1.5
      vertex 0.688241 -0.363845 0
      vertex 0.688241 -0.363845 1.5
    endloop
  endfacet
  facet normal 0.965925 0.258822 0
    outer loop
      vertex 0.688241 -0.363845 0
      vertex 0.735651 -0.540779 1.5
      vertex 0.735651 -0.540779 0
    endloop
  endfacet
  facet normal 0.99863 0.0523325 0
    outer loop
      vertex 0.659586 -0.182924 1.5
      vertex 0.65 0 0
      vertex 0.65 0 1.5
    endloop
  endfacet
  facet normal 0.99863 0.0523325 0
    outer loop
      vertex 0.65 0 0
      vertex 0.659586 -0.182924 1.5
      vertex 0.659586 -0.182924 0
    endloop
  endfacet
  facet normal 0.838663 0.544651 0
    outer loop
      vertex 0.98422 -1.02862 1.5
      vertex 0.884455 -0.875 0
      vertex 0.884455 -0.875 1.5
    endloop
  endfacet
  facet normal 0.838663 0.544651 0
    outer loop
      vertex 0.884455 -0.875 0
      vertex 0.98422 -1.02862 1.5
      vertex 0.98422 -1.02862 0
    endloop
  endfacet
  facet normal 0.891008 0.453988 0
    outer loop
      vertex 0.884455 -0.875 1.5
      vertex 0.801295 -0.711788 0
      vertex 0.801295 -0.711788 1.5
    endloop
  endfacet
  facet normal 0.891008 0.453988 0
    outer loop
      vertex 0.801295 -0.711788 0
      vertex 0.884455 -0.875 1.5
      vertex 0.884455 -0.875 0
    endloop
  endfacet
  facet normal 0.933581 0.358367 0
    outer loop
      vertex 0.801295 -0.711788 1.5
      vertex 0.735651 -0.540779 0
      vertex 0.735651 -0.540779 1.5
    endloop
  endfacet
  facet normal 0.933581 0.358367 0
    outer loop
      vertex 0.735651 -0.540779 0
      vertex 0.801295 -0.711788 1.5
      vertex 0.801295 -0.711788 0
    endloop
  endfacet
  facet normal -0.987693 -0.156407 0
    outer loop
      vertex 4.14041 0.182924 0
      vertex 4.11176 0.363845 1.5
      vertex 4.11176 0.363845 0
    endloop
  endfacet
  facet normal -0.987693 -0.156407 0
    outer loop
      vertex 4.11176 0.363845 1.5
      vertex 4.14041 0.182924 0
      vertex 4.14041 0.182924 1.5
    endloop
  endfacet
  facet normal 0.987688 -0.156434 0
    outer loop
      vertex 0.659586 0.182924 1.5
      vertex 0.688241 0.363845 0
      vertex 0.688241 0.363845 1.5
    endloop
  endfacet
  facet normal 0.987688 -0.156434 0
    outer loop
      vertex 0.688241 0.363845 0
      vertex 0.659586 0.182924 1.5
      vertex 0.659586 0.182924 0
    endloop
  endfacet
  facet normal -0.987693 0.156407 0
    outer loop
      vertex 4.11176 -0.363845 0
      vertex 4.14041 -0.182924 1.5
      vertex 4.14041 -0.182924 0
    endloop
  endfacet
  facet normal -0.987693 0.156407 0
    outer loop
      vertex 4.14041 -0.182924 1.5
      vertex 4.11176 -0.363845 0
      vertex 4.11176 -0.363845 1.5
    endloop
  endfacet
  facet normal -0.707107 0.707107 0
    outer loop
      vertex 3.7005 -1.17098 0
      vertex 3.57148 -1.3 1.5
      vertex 3.7005 -1.17098 1.5
    endloop
  endfacet
  facet normal -0.707107 0.707107 0
    outer loop
      vertex 3.57148 -1.3 1.5
      vertex 3.7005 -1.17098 0
      vertex 3.57148 -1.3 0
    endloop
  endfacet
  facet normal -0.838676 0.544631 0
    outer loop
      vertex 3.81578 -1.02862 0
      vertex 3.91554 -0.875 1.5
      vertex 3.91554 -0.875 0
    endloop
  endfacet
  facet normal -0.838676 0.544631 0
    outer loop
      vertex 3.91554 -0.875 1.5
      vertex 3.81578 -1.02862 0
      vertex 3.81578 -1.02862 1.5
    endloop
  endfacet
  facet normal 0.987688 0.156434 0
    outer loop
      vertex 0.688241 -0.363845 1.5
      vertex 0.659586 -0.182924 0
      vertex 0.659586 -0.182924 1.5
    endloop
  endfacet
  facet normal 0.987688 0.156434 0
    outer loop
      vertex 0.659586 -0.182924 0
      vertex 0.688241 -0.363845 1.5
      vertex 0.688241 -0.363845 0
    endloop
  endfacet
  facet normal -0.998629 0.0523542 0
    outer loop
      vertex 4.14041 -0.182924 0
      vertex 4.15 0 1.5
      vertex 4.15 0 0
    endloop
  endfacet
  facet normal -0.998629 0.0523542 0
    outer loop
      vertex 4.15 0 1.5
      vertex 4.14041 -0.182924 0
      vertex 4.14041 -0.182924 1.5
    endloop
  endfacet
  facet normal 0.156408 0.987692 -0
    outer loop
      vertex 2.21707 -4.34041 0
      vertex 2.03615 -4.31176 1.5
      vertex 2.21707 -4.34041 1.5
    endloop
  endfacet
  facet normal 0.156408 0.987692 0
    outer loop
      vertex 2.03615 -4.31176 1.5
      vertex 2.21707 -4.34041 0
      vertex 2.03615 -4.31176 0
    endloop
  endfacet
  facet normal 0.965923 -0.258828 0
    outer loop
      vertex 0.688241 -2.23615 1.5
      vertex 0.735651 -2.05922 0
      vertex 0.735651 -2.05922 1.5
    endloop
  endfacet
  facet normal 0.965923 -0.258828 0
    outer loop
      vertex 0.735651 -2.05922 0
      vertex 0.688241 -2.23615 1.5
      vertex 0.688241 -2.23615 0
    endloop
  endfacet
  facet normal -0.891006 -0.453992 0
    outer loop
      vertex 3.9987 -1.88821 0
      vertex 3.91554 -1.725 1.5
      vertex 3.91554 -1.725 0
    endloop
  endfacet
  facet normal -0.891006 -0.453992 0
    outer loop
      vertex 3.91554 -1.725 1.5
      vertex 3.9987 -1.88821 0
      vertex 3.9987 -1.88821 1.5
    endloop
  endfacet
  facet normal -0.838692 -0.544606 0
    outer loop
      vertex 3.91554 -1.725 0
      vertex 3.81578 -1.57137 1.5
      vertex 3.81578 -1.57137 0
    endloop
  endfacet
  facet normal -0.838692 -0.544606 0
    outer loop
      vertex 3.81578 -1.57137 1.5
      vertex 3.91554 -1.725 0
      vertex 3.91554 -1.725 1.5
    endloop
  endfacet
  facet normal 0.838679 -0.544626 0
    outer loop
      vertex 0.884455 -1.725 1.5
      vertex 0.98422 -1.57137 0
      vertex 0.98422 -1.57137 1.5
    endloop
  endfacet
  facet normal 0.838679 -0.544626 0
    outer loop
      vertex 0.98422 -1.57137 0
      vertex 0.884455 -1.725 1.5
      vertex 0.884455 -1.725 0
    endloop
  endfacet
  facet normal -0.965923 0.258828 0
    outer loop
      vertex 4.06435 -3.14078 0
      vertex 4.11176 -2.96385 1.5
      vertex 4.11176 -2.96385 0
    endloop
  endfacet
  facet normal -0.965923 0.258828 0
    outer loop
      vertex 4.11176 -2.96385 1.5
      vertex 4.06435 -3.14078 0
      vertex 4.06435 -3.14078 1.5
    endloop
  endfacet
  facet normal 0.0523525 0.998629 -0
    outer loop
      vertex 2.4 -4.35 0
      vertex 2.21707 -4.34041 1.5
      vertex 2.4 -4.35 1.5
    endloop
  endfacet
  facet normal 0.0523525 0.998629 0
    outer loop
      vertex 2.21707 -4.34041 1.5
      vertex 2.4 -4.35 0
      vertex 2.21707 -4.34041 0
    endloop
  endfacet
  facet normal 0.544631 0.838676 -0
    outer loop
      vertex 1.525 -4.11554 0
      vertex 1.37138 -4.01578 1.5
      vertex 1.525 -4.11554 1.5
    endloop
  endfacet
  facet normal 0.544631 0.838676 0
    outer loop
      vertex 1.37138 -4.01578 1.5
      vertex 1.525 -4.11554 0
      vertex 1.37138 -4.01578 0
    endloop
  endfacet
  facet normal -0.987694 -0.1564 0
    outer loop
      vertex 4.14041 -2.41708 0
      vertex 4.11176 -2.23615 1.5
      vertex 4.11176 -2.23615 0
    endloop
  endfacet
  facet normal -0.987694 -0.1564 0
    outer loop
      vertex 4.11176 -2.23615 1.5
      vertex 4.14041 -2.41708 0
      vertex 4.14041 -2.41708 1.5
    endloop
  endfacet
  facet normal -0.965923 -0.258828 0
    outer loop
      vertex 4.11176 -2.23615 0
      vertex 4.06435 -2.05922 1.5
      vertex 4.06435 -2.05922 0
    endloop
  endfacet
  facet normal -0.965923 -0.258828 0
    outer loop
      vertex 4.06435 -2.05922 1.5
      vertex 4.11176 -2.23615 0
      vertex 4.11176 -2.23615 1.5
    endloop
  endfacet
  facet normal -0.933571 -0.358394 0
    outer loop
      vertex 4.06435 -2.05922 0
      vertex 3.9987 -1.88821 1.5
      vertex 3.9987 -1.88821 0
    endloop
  endfacet
  facet normal -0.933571 -0.358394 0
    outer loop
      vertex 3.9987 -1.88821 1.5
      vertex 4.06435 -2.05922 0
      vertex 4.06435 -2.05922 1.5
    endloop
  endfacet
  facet normal -0.707107 -0.707107 0
    outer loop
      vertex 3.7005 -1.42902 0
      vertex 3.57148 -1.3 1.5
      vertex 3.57148 -1.3 0
    endloop
  endfacet
  facet normal -0.707107 -0.707107 0
    outer loop
      vertex 3.57148 -1.3 1.5
      vertex 3.7005 -1.42902 0
      vertex 3.7005 -1.42902 1.5
    endloop
  endfacet
  facet normal -0.777127 -0.629344 0
    outer loop
      vertex 3.81578 -1.57137 0
      vertex 3.7005 -1.42902 1.5
      vertex 3.7005 -1.42902 0
    endloop
  endfacet
  facet normal -0.777127 -0.629344 0
    outer loop
      vertex 3.7005 -1.42902 1.5
      vertex 3.81578 -1.57137 0
      vertex 3.81578 -1.57137 1.5
    endloop
  endfacet
  facet normal 0.99863 0.0523336 0
    outer loop
      vertex 0.659586 -2.78292 1.5
      vertex 0.65 -2.6 0
      vertex 0.65 -2.6 1.5
    endloop
  endfacet
  facet normal 0.99863 0.0523336 0
    outer loop
      vertex 0.65 -2.6 0
      vertex 0.659586 -2.78292 1.5
      vertex 0.659586 -2.78292 0
    endloop
  endfacet
  facet normal 0.98769 -0.156426 0
    outer loop
      vertex 0.659586 -2.41708 1.5
      vertex 0.688241 -2.23615 0
      vertex 0.688241 -2.23615 1.5
    endloop
  endfacet
  facet normal 0.98769 -0.156426 0
    outer loop
      vertex 0.688241 -2.23615 0
      vertex 0.659586 -2.41708 1.5
      vertex 0.659586 -2.41708 0
    endloop
  endfacet
  facet normal 0.933582 -0.358365 0
    outer loop
      vertex 0.735651 -2.05922 1.5
      vertex 0.801295 -1.88821 0
      vertex 0.801295 -1.88821 1.5
    endloop
  endfacet
  facet normal 0.933582 -0.358365 0
    outer loop
      vertex 0.801295 -1.88821 0
      vertex 0.735651 -2.05922 1.5
      vertex 0.735651 -2.05922 0
    endloop
  endfacet
  facet normal 0.891006 -0.453992 0
    outer loop
      vertex 0.801295 -1.88821 1.5
      vertex 0.884455 -1.725 0
      vertex 0.884455 -1.725 1.5
    endloop
  endfacet
  facet normal 0.891006 -0.453992 0
    outer loop
      vertex 0.884455 -1.725 0
      vertex 0.801295 -1.88821 1.5
      vertex 0.801295 -1.88821 0
    endloop
  endfacet
  facet normal 0.707107 -0.707107 0
    outer loop
      vertex 1.0995 -1.42902 1.5
      vertex 1.22852 -1.3 0
      vertex 1.22852 -1.3 1.5
    endloop
  endfacet
  facet normal 0.707107 -0.707107 0
    outer loop
      vertex 1.22852 -1.3 0
      vertex 1.0995 -1.42902 1.5
      vertex 1.0995 -1.42902 0
    endloop
  endfacet
  facet normal 0.777127 -0.629344 0
    outer loop
      vertex 0.98422 -1.57137 1.5
      vertex 1.0995 -1.42902 0
      vertex 1.0995 -1.42902 1.5
    endloop
  endfacet
  facet normal 0.777127 -0.629344 0
    outer loop
      vertex 1.0995 -1.42902 0
      vertex 0.98422 -1.57137 1.5
      vertex 0.98422 -1.57137 0
    endloop
  endfacet
  facet normal -0.998629 -0.0523554 0
    outer loop
      vertex 4.15 -2.6 0
      vertex 4.14041 -2.41708 1.5
      vertex 4.14041 -2.41708 0
    endloop
  endfacet
  facet normal -0.998629 -0.0523554 0
    outer loop
      vertex 4.14041 -2.41708 1.5
      vertex 4.15 -2.6 0
      vertex 4.15 -2.6 1.5
    endloop
  endfacet
  facet normal -0.998629 0.0523554 0
    outer loop
      vertex 4.14041 -2.78292 0
      vertex 4.15 -2.6 1.5
      vertex 4.15 -2.6 0
    endloop
  endfacet
  facet normal -0.998629 0.0523554 0
    outer loop
      vertex 4.15 -2.6 1.5
      vertex 4.14041 -2.78292 0
      vertex 4.14041 -2.78292 1.5
    endloop
  endfacet
  facet normal -0.987694 0.1564 0
    outer loop
      vertex 4.11176 -2.96385 0
      vertex 4.14041 -2.78292 1.5
      vertex 4.14041 -2.78292 0
    endloop
  endfacet
  facet normal -0.987694 0.1564 0
    outer loop
      vertex 4.14041 -2.78292 1.5
      vertex 4.11176 -2.96385 0
      vertex 4.11176 -2.96385 1.5
    endloop
  endfacet
  facet normal -0.1564 0.987694 0
    outer loop
      vertex 2.76385 -4.31176 0
      vertex 2.58292 -4.34041 1.5
      vertex 2.76385 -4.31176 1.5
    endloop
  endfacet
  facet normal -0.1564 0.987694 0
    outer loop
      vertex 2.58292 -4.34041 1.5
      vertex 2.76385 -4.31176 0
      vertex 2.58292 -4.34041 0
    endloop
  endfacet
  facet normal -0.933571 0.358394 0
    outer loop
      vertex 3.9987 -3.31179 0
      vertex 4.06435 -3.14078 1.5
      vertex 4.06435 -3.14078 0
    endloop
  endfacet
  facet normal -0.933571 0.358394 0
    outer loop
      vertex 4.06435 -3.14078 1.5
      vertex 3.9987 -3.31179 0
      vertex 3.9987 -3.31179 1.5
    endloop
  endfacet
  facet normal -0.258828 0.965923 0
    outer loop
      vertex 2.94078 -4.26435 0
      vertex 2.76385 -4.31176 1.5
      vertex 2.94078 -4.26435 1.5
    endloop
  endfacet
  facet normal -0.258828 0.965923 0
    outer loop
      vertex 2.76385 -4.31176 1.5
      vertex 2.94078 -4.26435 0
      vertex 2.76385 -4.31176 0
    endloop
  endfacet
  facet normal -0.358394 0.933571 0
    outer loop
      vertex 3.11179 -4.1987 0
      vertex 2.94078 -4.26435 1.5
      vertex 3.11179 -4.1987 1.5
    endloop
  endfacet
  facet normal -0.358394 0.933571 0
    outer loop
      vertex 2.94078 -4.26435 1.5
      vertex 3.11179 -4.1987 0
      vertex 2.94078 -4.26435 0
    endloop
  endfacet
  facet normal -0.707107 0.707107 0
    outer loop
      vertex 3.57098 -3.9005 0
      vertex 3.7005 -3.77098 1.5
      vertex 3.7005 -3.77098 0
    endloop
  endfacet
  facet normal -0.707107 0.707107 0
    outer loop
      vertex 3.7005 -3.77098 1.5
      vertex 3.57098 -3.9005 0
      vertex 3.57098 -3.9005 1.5
    endloop
  endfacet
  facet normal -0.544631 0.838676 0
    outer loop
      vertex 3.42862 -4.01578 0
      vertex 3.275 -4.11554 1.5
      vertex 3.42862 -4.01578 1.5
    endloop
  endfacet
  facet normal -0.544631 0.838676 0
    outer loop
      vertex 3.275 -4.11554 1.5
      vertex 3.42862 -4.01578 0
      vertex 3.275 -4.11554 0
    endloop
  endfacet
  facet normal -0.0523554 0.998629 0
    outer loop
      vertex 2.58292 -4.34041 0
      vertex 2.4 -4.35 1.5
      vertex 2.58292 -4.34041 1.5
    endloop
  endfacet
  facet normal -0.0523554 0.998629 0
    outer loop
      vertex 2.4 -4.35 1.5
      vertex 2.58292 -4.34041 0
      vertex 2.4 -4.35 0
    endloop
  endfacet
  facet normal 0.358394 0.933571 -0
    outer loop
      vertex 1.85922 -4.26435 0
      vertex 1.68821 -4.1987 1.5
      vertex 1.85922 -4.26435 1.5
    endloop
  endfacet
  facet normal 0.358394 0.933571 0
    outer loop
      vertex 1.68821 -4.1987 1.5
      vertex 1.85922 -4.26435 0
      vertex 1.68821 -4.1987 0
    endloop
  endfacet
  facet normal 0.933582 0.358365 0
    outer loop
      vertex 0.801295 -3.31179 1.5
      vertex 0.735651 -3.14078 0
      vertex 0.735651 -3.14078 1.5
    endloop
  endfacet
  facet normal 0.933582 0.358365 0
    outer loop
      vertex 0.735651 -3.14078 0
      vertex 0.801295 -3.31179 1.5
      vertex 0.801295 -3.31179 0
    endloop
  endfacet
  facet normal 0.98769 0.156426 0
    outer loop
      vertex 0.688241 -2.96385 1.5
      vertex 0.659586 -2.78292 0
      vertex 0.659586 -2.78292 1.5
    endloop
  endfacet
  facet normal 0.98769 0.156426 0
    outer loop
      vertex 0.659586 -2.78292 0
      vertex 0.688241 -2.96385 1.5
      vertex 0.688241 -2.96385 0
    endloop
  endfacet
  facet normal 0.707107 0.707107 0
    outer loop
      vertex 1.22902 -3.9005 1.5
      vertex 1.0995 -3.77098 0
      vertex 1.0995 -3.77098 1.5
    endloop
  endfacet
  facet normal 0.707107 0.707107 0
    outer loop
      vertex 1.0995 -3.77098 0
      vertex 1.22902 -3.9005 1.5
      vertex 1.22902 -3.9005 0
    endloop
  endfacet
  facet normal 0.838663 0.544651 0
    outer loop
      vertex 0.98422 -3.62862 1.5
      vertex 0.884455 -3.475 0
      vertex 0.884455 -3.475 1.5
    endloop
  endfacet
  facet normal 0.838663 0.544651 0
    outer loop
      vertex 0.884455 -3.475 0
      vertex 0.98422 -3.62862 1.5
      vertex 0.98422 -3.62862 0
    endloop
  endfacet
  facet normal 0.629318 0.777148 -0
    outer loop
      vertex 1.37138 -4.01578 0
      vertex 1.22902 -3.9005 1.5
      vertex 1.37138 -4.01578 1.5
    endloop
  endfacet
  facet normal 0.629318 0.777148 0
    outer loop
      vertex 1.22902 -3.9005 1.5
      vertex 1.37138 -4.01578 0
      vertex 1.22902 -3.9005 0
    endloop
  endfacet
  facet normal 0.99863 -0.0523336 0
    outer loop
      vertex 0.65 -2.6 1.5
      vertex 0.659586 -2.41708 0
      vertex 0.659586 -2.41708 1.5
    endloop
  endfacet
  facet normal 0.99863 -0.0523336 0
    outer loop
      vertex 0.659586 -2.41708 0
      vertex 0.65 -2.6 1.5
      vertex 0.65 -2.6 0
    endloop
  endfacet
  facet normal -0.453992 0.891006 0
    outer loop
      vertex 3.275 -4.11554 0
      vertex 3.11179 -4.1987 1.5
      vertex 3.275 -4.11554 1.5
    endloop
  endfacet
  facet normal -0.453992 0.891006 0
    outer loop
      vertex 3.11179 -4.1987 1.5
      vertex 3.275 -4.11554 0
      vertex 3.11179 -4.1987 0
    endloop
  endfacet
  facet normal -0.777148 0.629318 0
    outer loop
      vertex 3.7005 -3.77098 0
      vertex 3.81578 -3.62862 1.5
      vertex 3.81578 -3.62862 0
    endloop
  endfacet
  facet normal -0.777148 0.629318 0
    outer loop
      vertex 3.81578 -3.62862 1.5
      vertex 3.7005 -3.77098 0
      vertex 3.7005 -3.77098 1.5
    endloop
  endfacet
  facet normal -0.629318 0.777148 0
    outer loop
      vertex 3.57098 -3.9005 0
      vertex 3.42862 -4.01578 1.5
      vertex 3.57098 -3.9005 1.5
    endloop
  endfacet
  facet normal -0.629318 0.777148 0
    outer loop
      vertex 3.42862 -4.01578 1.5
      vertex 3.57098 -3.9005 0
      vertex 3.42862 -4.01578 0
    endloop
  endfacet
  facet normal 0.258828 0.965923 -0
    outer loop
      vertex 2.03615 -4.31176 0
      vertex 1.85922 -4.26435 1.5
      vertex 2.03615 -4.31176 1.5
    endloop
  endfacet
  facet normal 0.258828 0.965923 0
    outer loop
      vertex 1.85922 -4.26435 1.5
      vertex 2.03615 -4.31176 0
      vertex 1.85922 -4.26435 0
    endloop
  endfacet
  facet normal 0.453992 0.891006 -0
    outer loop
      vertex 1.68821 -4.1987 0
      vertex 1.525 -4.11554 1.5
      vertex 1.68821 -4.1987 1.5
    endloop
  endfacet
  facet normal 0.453992 0.891006 0
    outer loop
      vertex 1.525 -4.11554 1.5
      vertex 1.68821 -4.1987 0
      vertex 1.525 -4.11554 0
    endloop
  endfacet
  facet normal 0.891006 0.453992 0
    outer loop
      vertex 0.884455 -3.475 1.5
      vertex 0.801295 -3.31179 0
      vertex 0.801295 -3.31179 1.5
    endloop
  endfacet
  facet normal 0.891006 0.453992 0
    outer loop
      vertex 0.801295 -3.31179 0
      vertex 0.884455 -3.475 1.5
      vertex 0.884455 -3.475 0
    endloop
  endfacet
  facet normal 0.965923 0.258828 0
    outer loop
      vertex 0.735651 -3.14078 1.5
      vertex 0.688241 -2.96385 0
      vertex 0.688241 -2.96385 1.5
    endloop
  endfacet
  facet normal 0.965923 0.258828 0
    outer loop
      vertex 0.688241 -2.96385 0
      vertex 0.735651 -3.14078 1.5
      vertex 0.735651 -3.14078 0
    endloop
  endfacet
  facet normal 0.777148 0.629318 0
    outer loop
      vertex 1.0995 -3.77098 1.5
      vertex 0.98422 -3.62862 0
      vertex 0.98422 -3.62862 1.5
    endloop
  endfacet
  facet normal 0.777148 0.629318 0
    outer loop
      vertex 0.98422 -3.62862 0
      vertex 1.0995 -3.77098 1.5
      vertex 1.0995 -3.77098 0
    endloop
  endfacet
  facet normal -0.891006 0.453992 0
    outer loop
      vertex 3.91554 -3.475 0
      vertex 3.9987 -3.31179 1.5
      vertex 3.9987 -3.31179 0
    endloop
  endfacet
  facet normal -0.891006 0.453992 0
    outer loop
      vertex 3.9987 -3.31179 1.5
      vertex 3.91554 -3.475 0
      vertex 3.91554 -3.475 1.5
    endloop
  endfacet
  facet normal -0.838676 0.544631 0
    outer loop
      vertex 3.81578 -3.62862 0
      vertex 3.91554 -3.475 1.5
      vertex 3.91554 -3.475 0
    endloop
  endfacet
  facet normal -0.838676 0.544631 0
    outer loop
      vertex 3.91554 -3.475 1.5
      vertex 3.81578 -3.62862 0
      vertex 3.81578 -3.62862 1.5
    endloop
  endfacet
  facet normal -0.629179 -0.777261 0
    outer loop
      vertex -14.1771 -13.8674 0
      vertex -14.0632 -13.9596 1.5
      vertex -14.1771 -13.8674 1.5
    endloop
  endfacet
  facet normal -0.629179 -0.777261 -0
    outer loop
      vertex -14.0632 -13.9596 1.5
      vertex -14.1771 -13.8674 0
      vertex -14.0632 -13.9596 0
    endloop
  endfacet
  facet normal 0.258725 -0.965951 0
    outer loop
      vertex -15.4326 -13.6685 0
      vertex -15.2911 -13.6306 1.5
      vertex -15.4326 -13.6685 1.5
    endloop
  endfacet
  facet normal 0.258725 -0.965951 0
    outer loop
      vertex -15.2911 -13.6306 1.5
      vertex -15.4326 -13.6685 0
      vertex -15.2911 -13.6306 0
    endloop
  endfacet
  facet normal 0.890852 -0.454294 0
    outer loop
      vertex -16.279 -14.4306 1.5
      vertex -16.2124 -14.3 0
      vertex -16.2124 -14.3 1.5
    endloop
  endfacet
  facet normal 0.890852 -0.454294 0
    outer loop
      vertex -16.2124 -14.3 0
      vertex -16.279 -14.4306 1.5
      vertex -16.279 -14.4306 0
    endloop
  endfacet
  facet normal -0.933609 0.358293 0
    outer loop
      vertex -13.721 -15.5694 0
      vertex -13.6685 -15.4326 1.5
      vertex -13.6685 -15.4326 0
    endloop
  endfacet
  facet normal -0.933609 0.358293 0
    outer loop
      vertex -13.6685 -15.4326 1.5
      vertex -13.721 -15.5694 0
      vertex -13.721 -15.5694 1.5
    endloop
  endfacet
  facet normal 0.454294 0.890852 -0
    outer loop
      vertex -15.5694 -16.279 0
      vertex -15.7 -16.2124 1.5
      vertex -15.5694 -16.279 1.5
    endloop
  endfacet
  facet normal 0.454294 0.890852 0
    outer loop
      vertex -15.7 -16.2124 1.5
      vertex -15.5694 -16.279 0
      vertex -15.7 -16.2124 0
    endloop
  endfacet
  facet normal -0.890852 -0.454294 0
    outer loop
      vertex -13.721 -14.4306 0
      vertex -13.7876 -14.3 1.5
      vertex -13.7876 -14.3 0
    endloop
  endfacet
  facet normal -0.890852 -0.454294 0
    outer loop
      vertex -13.7876 -14.3 1.5
      vertex -13.721 -14.4306 0
      vertex -13.721 -14.4306 1.5
    endloop
  endfacet
  facet normal -0.838709 -0.544581 0
    outer loop
      vertex -13.7876 -14.3 0
      vertex -13.8674 -14.1771 1.5
      vertex -13.8674 -14.1771 0
    endloop
  endfacet
  facet normal -0.838709 -0.544581 0
    outer loop
      vertex -13.8674 -14.1771 1.5
      vertex -13.7876 -14.3 0
      vertex -13.7876 -14.3 1.5
    endloop
  endfacet
  facet normal -0.358293 -0.933609 0
    outer loop
      vertex -14.5674 -13.6685 0
      vertex -14.4306 -13.721 1.5
      vertex -14.5674 -13.6685 1.5
    endloop
  endfacet
  facet normal -0.358293 -0.933609 -0
    outer loop
      vertex -14.4306 -13.721 1.5
      vertex -14.5674 -13.6685 0
      vertex -14.4306 -13.721 0
    endloop
  endfacet
  facet normal -0.0525588 -0.998618 0
    outer loop
      vertex -15 -13.6 0
      vertex -14.8537 -13.6077 1.5
      vertex -15 -13.6 1.5
    endloop
  endfacet
  facet normal -0.0525588 -0.998618 -0
    outer loop
      vertex -14.8537 -13.6077 1.5
      vertex -15 -13.6 0
      vertex -14.8537 -13.6077 0
    endloop
  endfacet
  facet normal 0.987724 -0.156208 0
    outer loop
      vertex -16.3923 -14.8537 1.5
      vertex -16.3694 -14.7089 0
      vertex -16.3694 -14.7089 1.5
    endloop
  endfacet
  facet normal 0.987724 -0.156208 0
    outer loop
      vertex -16.3694 -14.7089 0
      vertex -16.3923 -14.8537 1.5
      vertex -16.3923 -14.8537 0
    endloop
  endfacet
  facet normal 0.707107 -0.707107 0
    outer loop
      vertex -16.0404 -14.0632 1.5
      vertex -15.9368 -13.9596 0
      vertex -15.9368 -13.9596 1.5
    endloop
  endfacet
  facet normal 0.707107 -0.707107 0
    outer loop
      vertex -15.9368 -13.9596 0
      vertex -16.0404 -14.0632 1.5
      vertex -16.0404 -14.0632 0
    endloop
  endfacet
  facet normal 0.0525588 -0.998618 0
    outer loop
      vertex -15.1463 -13.6077 0
      vertex -15 -13.6 1.5
      vertex -15.1463 -13.6077 1.5
    endloop
  endfacet
  facet normal 0.0525588 -0.998618 0
    outer loop
      vertex -15 -13.6 1.5
      vertex -15.1463 -13.6077 0
      vertex -15 -13.6 0
    endloop
  endfacet
  facet normal -0.998618 0.0525588 0
    outer loop
      vertex -13.6077 -15.1463 0
      vertex -13.6 -15 1.5
      vertex -13.6 -15 0
    endloop
  endfacet
  facet normal -0.998618 0.0525588 0
    outer loop
      vertex -13.6 -15 1.5
      vertex -13.6077 -15.1463 0
      vertex -13.6077 -15.1463 1.5
    endloop
  endfacet
  facet normal -0.777261 0.629179 0
    outer loop
      vertex -13.9596 -15.9368 0
      vertex -13.8674 -15.8229 1.5
      vertex -13.8674 -15.8229 0
    endloop
  endfacet
  facet normal -0.777261 0.629179 0
    outer loop
      vertex -13.8674 -15.8229 1.5
      vertex -13.9596 -15.9368 0
      vertex -13.9596 -15.9368 1.5
    endloop
  endfacet
  facet normal 0.156208 0.987724 -0
    outer loop
      vertex -15.1463 -16.3923 0
      vertex -15.2911 -16.3694 1.5
      vertex -15.1463 -16.3923 1.5
    endloop
  endfacet
  facet normal 0.156208 0.987724 0
    outer loop
      vertex -15.2911 -16.3694 1.5
      vertex -15.1463 -16.3923 0
      vertex -15.2911 -16.3694 0
    endloop
  endfacet
  facet normal 0.707107 0.707107 0
    outer loop
      vertex -15.9368 -16.0404 1.5
      vertex -16.0404 -15.9368 0
      vertex -16.0404 -15.9368 1.5
    endloop
  endfacet
  facet normal 0.707107 0.707107 0
    outer loop
      vertex -16.0404 -15.9368 0
      vertex -15.9368 -16.0404 1.5
      vertex -15.9368 -16.0404 0
    endloop
  endfacet
  facet normal 0.998618 0.0525588 0
    outer loop
      vertex -16.3923 -15.1463 1.5
      vertex -16.4 -15 0
      vertex -16.4 -15 1.5
    endloop
  endfacet
  facet normal 0.998618 0.0525588 0
    outer loop
      vertex -16.4 -15 0
      vertex -16.3923 -15.1463 1.5
      vertex -16.3923 -15.1463 0
    endloop
  endfacet
  facet normal -0.987724 -0.156208 0
    outer loop
      vertex -13.6077 -14.8537 0
      vertex -13.6306 -14.7089 1.5
      vertex -13.6306 -14.7089 0
    endloop
  endfacet
  facet normal -0.987724 -0.156208 0
    outer loop
      vertex -13.6306 -14.7089 1.5
      vertex -13.6077 -14.8537 0
      vertex -13.6077 -14.8537 1.5
    endloop
  endfacet
  facet normal -0.965951 -0.258725 0
    outer loop
      vertex -13.6306 -14.7089 0
      vertex -13.6685 -14.5674 1.5
      vertex -13.6685 -14.5674 0
    endloop
  endfacet
  facet normal -0.965951 -0.258725 0
    outer loop
      vertex -13.6685 -14.5674 1.5
      vertex -13.6306 -14.7089 0
      vertex -13.6306 -14.7089 1.5
    endloop
  endfacet
  facet normal -0.933609 -0.358293 0
    outer loop
      vertex -13.6685 -14.5674 0
      vertex -13.721 -14.4306 1.5
      vertex -13.721 -14.4306 0
    endloop
  endfacet
  facet normal -0.933609 -0.358293 0
    outer loop
      vertex -13.721 -14.4306 1.5
      vertex -13.6685 -14.5674 0
      vertex -13.6685 -14.5674 1.5
    endloop
  endfacet
  facet normal -0.777261 -0.629179 0
    outer loop
      vertex -13.8674 -14.1771 0
      vertex -13.9596 -14.0632 1.5
      vertex -13.9596 -14.0632 0
    endloop
  endfacet
  facet normal -0.777261 -0.629179 0
    outer loop
      vertex -13.9596 -14.0632 1.5
      vertex -13.8674 -14.1771 0
      vertex -13.8674 -14.1771 1.5
    endloop
  endfacet
  facet normal -0.707107 -0.707107 0
    outer loop
      vertex -13.9596 -14.0632 0
      vertex -14.0632 -13.9596 1.5
      vertex -14.0632 -13.9596 0
    endloop
  endfacet
  facet normal -0.707107 -0.707107 0
    outer loop
      vertex -14.0632 -13.9596 1.5
      vertex -13.9596 -14.0632 0
      vertex -13.9596 -14.0632 1.5
    endloop
  endfacet
  facet normal -0.544581 -0.838709 0
    outer loop
      vertex -14.3 -13.7876 0
      vertex -14.1771 -13.8674 1.5
      vertex -14.3 -13.7876 1.5
    endloop
  endfacet
  facet normal -0.544581 -0.838709 -0
    outer loop
      vertex -14.1771 -13.8674 1.5
      vertex -14.3 -13.7876 0
      vertex -14.1771 -13.8674 0
    endloop
  endfacet
  facet normal -0.454294 -0.890852 0
    outer loop
      vertex -14.4306 -13.721 0
      vertex -14.3 -13.7876 1.5
      vertex -14.4306 -13.721 1.5
    endloop
  endfacet
  facet normal -0.454294 -0.890852 -0
    outer loop
      vertex -14.3 -13.7876 1.5
      vertex -14.4306 -13.721 0
      vertex -14.3 -13.7876 0
    endloop
  endfacet
  facet normal -0.258725 -0.965951 0
    outer loop
      vertex -14.7089 -13.6306 0
      vertex -14.5674 -13.6685 1.5
      vertex -14.7089 -13.6306 1.5
    endloop
  endfacet
  facet normal -0.258725 -0.965951 -0
    outer loop
      vertex -14.5674 -13.6685 1.5
      vertex -14.7089 -13.6306 0
      vertex -14.5674 -13.6685 0
    endloop
  endfacet
  facet normal -0.156208 -0.987724 0
    outer loop
      vertex -14.8537 -13.6077 0
      vertex -14.7089 -13.6306 1.5
      vertex -14.8537 -13.6077 1.5
    endloop
  endfacet
  facet normal -0.156208 -0.987724 -0
    outer loop
      vertex -14.7089 -13.6306 1.5
      vertex -14.8537 -13.6077 0
      vertex -14.7089 -13.6306 0
    endloop
  endfacet
  facet normal 0.998618 -0.0525588 0
    outer loop
      vertex -16.4 -15 1.5
      vertex -16.3923 -14.8537 0
      vertex -16.3923 -14.8537 1.5
    endloop
  endfacet
  facet normal 0.998618 -0.0525588 0
    outer loop
      vertex -16.3923 -14.8537 0
      vertex -16.4 -15 1.5
      vertex -16.4 -15 0
    endloop
  endfacet
  facet normal 0.933609 -0.358293 0
    outer loop
      vertex -16.3315 -14.5674 1.5
      vertex -16.279 -14.4306 0
      vertex -16.279 -14.4306 1.5
    endloop
  endfacet
  facet normal 0.933609 -0.358293 0
    outer loop
      vertex -16.279 -14.4306 0
      vertex -16.3315 -14.5674 1.5
      vertex -16.3315 -14.5674 0
    endloop
  endfacet
  facet normal 0.965951 -0.258725 0
    outer loop
      vertex -16.3694 -14.7089 1.5
      vertex -16.3315 -14.5674 0
      vertex -16.3315 -14.5674 1.5
    endloop
  endfacet
  facet normal 0.965951 -0.258725 0
    outer loop
      vertex -16.3315 -14.5674 0
      vertex -16.3694 -14.7089 1.5
      vertex -16.3694 -14.7089 0
    endloop
  endfacet
  facet normal 0.838709 -0.544581 0
    outer loop
      vertex -16.2124 -14.3 1.5
      vertex -16.1326 -14.1771 0
      vertex -16.1326 -14.1771 1.5
    endloop
  endfacet
  facet normal 0.838709 -0.544581 0
    outer loop
      vertex -16.1326 -14.1771 0
      vertex -16.2124 -14.3 1.5
      vertex -16.2124 -14.3 0
    endloop
  endfacet
  facet normal 0.777261 -0.629179 0
    outer loop
      vertex -16.1326 -14.1771 1.5
      vertex -16.0404 -14.0632 0
      vertex -16.0404 -14.0632 1.5
    endloop
  endfacet
  facet normal 0.777261 -0.629179 0
    outer loop
      vertex -16.0404 -14.0632 0
      vertex -16.1326 -14.1771 1.5
      vertex -16.1326 -14.1771 0
    endloop
  endfacet
  facet normal 0.156208 -0.987724 0
    outer loop
      vertex -15.2911 -13.6306 0
      vertex -15.1463 -13.6077 1.5
      vertex -15.2911 -13.6306 1.5
    endloop
  endfacet
  facet normal 0.156208 -0.987724 0
    outer loop
      vertex -15.1463 -13.6077 1.5
      vertex -15.2911 -13.6306 0
      vertex -15.1463 -13.6077 0
    endloop
  endfacet
  facet normal 0.454294 -0.890852 0
    outer loop
      vertex -15.7 -13.7876 0
      vertex -15.5694 -13.721 1.5
      vertex -15.7 -13.7876 1.5
    endloop
  endfacet
  facet normal 0.454294 -0.890852 0
    outer loop
      vertex -15.5694 -13.721 1.5
      vertex -15.7 -13.7876 0
      vertex -15.5694 -13.721 0
    endloop
  endfacet
  facet normal 0.544581 -0.838709 0
    outer loop
      vertex -15.8229 -13.8674 0
      vertex -15.7 -13.7876 1.5
      vertex -15.8229 -13.8674 1.5
    endloop
  endfacet
  facet normal 0.544581 -0.838709 0
    outer loop
      vertex -15.7 -13.7876 1.5
      vertex -15.8229 -13.8674 0
      vertex -15.7 -13.7876 0
    endloop
  endfacet
  facet normal 0.358293 -0.933609 0
    outer loop
      vertex -15.5694 -13.721 0
      vertex -15.4326 -13.6685 1.5
      vertex -15.5694 -13.721 1.5
    endloop
  endfacet
  facet normal 0.358293 -0.933609 0
    outer loop
      vertex -15.4326 -13.6685 1.5
      vertex -15.5694 -13.721 0
      vertex -15.4326 -13.6685 0
    endloop
  endfacet
  facet normal 0.629179 -0.777261 0
    outer loop
      vertex -15.9368 -13.9596 0
      vertex -15.8229 -13.8674 1.5
      vertex -15.9368 -13.9596 1.5
    endloop
  endfacet
  facet normal 0.629179 -0.777261 0
    outer loop
      vertex -15.8229 -13.8674 1.5
      vertex -15.9368 -13.9596 0
      vertex -15.8229 -13.8674 0
    endloop
  endfacet
  facet normal -0.998618 -0.0525588 0
    outer loop
      vertex -13.6 -15 0
      vertex -13.6077 -14.8537 1.5
      vertex -13.6077 -14.8537 0
    endloop
  endfacet
  facet normal -0.998618 -0.0525588 0
    outer loop
      vertex -13.6077 -14.8537 1.5
      vertex -13.6 -15 0
      vertex -13.6 -15 1.5
    endloop
  endfacet
  facet normal -0.0525588 0.998618 0
    outer loop
      vertex -14.8537 -16.3923 0
      vertex -15 -16.4 1.5
      vertex -14.8537 -16.3923 1.5
    endloop
  endfacet
  facet normal -0.0525588 0.998618 0
    outer loop
      vertex -15 -16.4 1.5
      vertex -14.8537 -16.3923 0
      vertex -15 -16.4 0
    endloop
  endfacet
  facet normal -0.156208 0.987724 0
    outer loop
      vertex -14.7089 -16.3694 0
      vertex -14.8537 -16.3923 1.5
      vertex -14.7089 -16.3694 1.5
    endloop
  endfacet
  facet normal -0.156208 0.987724 0
    outer loop
      vertex -14.8537 -16.3923 1.5
      vertex -14.7089 -16.3694 0
      vertex -14.8537 -16.3923 0
    endloop
  endfacet
  facet normal -0.258725 0.965951 0
    outer loop
      vertex -14.5674 -16.3315 0
      vertex -14.7089 -16.3694 1.5
      vertex -14.5674 -16.3315 1.5
    endloop
  endfacet
  facet normal -0.258725 0.965951 0
    outer loop
      vertex -14.7089 -16.3694 1.5
      vertex -14.5674 -16.3315 0
      vertex -14.7089 -16.3694 0
    endloop
  endfacet
  facet normal -0.629179 0.777261 0
    outer loop
      vertex -14.0632 -16.0404 0
      vertex -14.1771 -16.1326 1.5
      vertex -14.0632 -16.0404 1.5
    endloop
  endfacet
  facet normal -0.629179 0.777261 0
    outer loop
      vertex -14.1771 -16.1326 1.5
      vertex -14.0632 -16.0404 0
      vertex -14.1771 -16.1326 0
    endloop
  endfacet
  facet normal -0.454294 0.890852 0
    outer loop
      vertex -14.3 -16.2124 0
      vertex -14.4306 -16.279 1.5
      vertex -14.3 -16.2124 1.5
    endloop
  endfacet
  facet normal -0.454294 0.890852 0
    outer loop
      vertex -14.4306 -16.279 1.5
      vertex -14.3 -16.2124 0
      vertex -14.4306 -16.279 0
    endloop
  endfacet
  facet normal -0.890852 0.454294 0
    outer loop
      vertex -13.7876 -15.7 0
      vertex -13.721 -15.5694 1.5
      vertex -13.721 -15.5694 0
    endloop
  endfacet
  facet normal -0.890852 0.454294 0
    outer loop
      vertex -13.721 -15.5694 1.5
      vertex -13.7876 -15.7 0
      vertex -13.7876 -15.7 1.5
    endloop
  endfacet
  facet normal 0.0525588 0.998618 -0
    outer loop
      vertex -15 -16.4 0
      vertex -15.1463 -16.3923 1.5
      vertex -15 -16.4 1.5
    endloop
  endfacet
  facet normal 0.0525588 0.998618 0
    outer loop
      vertex -15.1463 -16.3923 1.5
      vertex -15 -16.4 0
      vertex -15.1463 -16.3923 0
    endloop
  endfacet
  facet normal 0.358293 0.933609 -0
    outer loop
      vertex -15.4326 -16.3315 0
      vertex -15.5694 -16.279 1.5
      vertex -15.4326 -16.3315 1.5
    endloop
  endfacet
  facet normal 0.358293 0.933609 0
    outer loop
      vertex -15.5694 -16.279 1.5
      vertex -15.4326 -16.3315 0
      vertex -15.5694 -16.279 0
    endloop
  endfacet
  facet normal 0.544581 0.838709 -0
    outer loop
      vertex -15.7 -16.2124 0
      vertex -15.8229 -16.1326 1.5
      vertex -15.7 -16.2124 1.5
    endloop
  endfacet
  facet normal 0.544581 0.838709 0
    outer loop
      vertex -15.8229 -16.1326 1.5
      vertex -15.7 -16.2124 0
      vertex -15.8229 -16.1326 0
    endloop
  endfacet
  facet normal 0.987724 0.156208 0
    outer loop
      vertex -16.3694 -15.2911 1.5
      vertex -16.3923 -15.1463 0
      vertex -16.3923 -15.1463 1.5
    endloop
  endfacet
  facet normal 0.987724 0.156208 0
    outer loop
      vertex -16.3923 -15.1463 0
      vertex -16.3694 -15.2911 1.5
      vertex -16.3694 -15.2911 0
    endloop
  endfacet
  facet normal 0.838709 0.544581 0
    outer loop
      vertex -16.1326 -15.8229 1.5
      vertex -16.2124 -15.7 0
      vertex -16.2124 -15.7 1.5
    endloop
  endfacet
  facet normal 0.838709 0.544581 0
    outer loop
      vertex -16.2124 -15.7 0
      vertex -16.1326 -15.8229 1.5
      vertex -16.1326 -15.8229 0
    endloop
  endfacet
  facet normal 0.933609 0.358293 0
    outer loop
      vertex -16.279 -15.5694 1.5
      vertex -16.3315 -15.4326 0
      vertex -16.3315 -15.4326 1.5
    endloop
  endfacet
  facet normal 0.933609 0.358293 0
    outer loop
      vertex -16.3315 -15.4326 0
      vertex -16.279 -15.5694 1.5
      vertex -16.279 -15.5694 0
    endloop
  endfacet
  facet normal 0.777261 0.629179 0
    outer loop
      vertex -16.0404 -15.9368 1.5
      vertex -16.1326 -15.8229 0
      vertex -16.1326 -15.8229 1.5
    endloop
  endfacet
  facet normal 0.777261 0.629179 0
    outer loop
      vertex -16.1326 -15.8229 0
      vertex -16.0404 -15.9368 1.5
      vertex -16.0404 -15.9368 0
    endloop
  endfacet
  facet normal -0.987724 0.156208 0
    outer loop
      vertex -13.6306 -15.2911 0
      vertex -13.6077 -15.1463 1.5
      vertex -13.6077 -15.1463 0
    endloop
  endfacet
  facet normal -0.987724 0.156208 0
    outer loop
      vertex -13.6077 -15.1463 1.5
      vertex -13.6306 -15.2911 0
      vertex -13.6306 -15.2911 1.5
    endloop
  endfacet
  facet normal -0.965951 0.258725 0
    outer loop
      vertex -13.6685 -15.4326 0
      vertex -13.6306 -15.2911 1.5
      vertex -13.6306 -15.2911 0
    endloop
  endfacet
  facet normal -0.965951 0.258725 0
    outer loop
      vertex -13.6306 -15.2911 1.5
      vertex -13.6685 -15.4326 0
      vertex -13.6685 -15.4326 1.5
    endloop
  endfacet
  facet normal -0.358293 0.933609 0
    outer loop
      vertex -14.4306 -16.279 0
      vertex -14.5674 -16.3315 1.5
      vertex -14.4306 -16.279 1.5
    endloop
  endfacet
  facet normal -0.358293 0.933609 0
    outer loop
      vertex -14.5674 -16.3315 1.5
      vertex -14.4306 -16.279 0
      vertex -14.5674 -16.3315 0
    endloop
  endfacet
  facet normal -0.707107 0.707107 0
    outer loop
      vertex -13.9596 -15.9368 0
      vertex -14.0632 -16.0404 1.5
      vertex -13.9596 -15.9368 1.5
    endloop
  endfacet
  facet normal -0.707107 0.707107 0
    outer loop
      vertex -14.0632 -16.0404 1.5
      vertex -13.9596 -15.9368 0
      vertex -14.0632 -16.0404 0
    endloop
  endfacet
  facet normal -0.544581 0.838709 0
    outer loop
      vertex -14.1771 -16.1326 0
      vertex -14.3 -16.2124 1.5
      vertex -14.1771 -16.1326 1.5
    endloop
  endfacet
  facet normal -0.544581 0.838709 0
    outer loop
      vertex -14.3 -16.2124 1.5
      vertex -14.1771 -16.1326 0
      vertex -14.3 -16.2124 0
    endloop
  endfacet
  facet normal -0.838709 0.544581 0
    outer loop
      vertex -13.8674 -15.8229 0
      vertex -13.7876 -15.7 1.5
      vertex -13.7876 -15.7 0
    endloop
  endfacet
  facet normal -0.838709 0.544581 0
    outer loop
      vertex -13.7876 -15.7 1.5
      vertex -13.8674 -15.8229 0
      vertex -13.8674 -15.8229 1.5
    endloop
  endfacet
  facet normal 0.258725 0.965951 -0
    outer loop
      vertex -15.2911 -16.3694 0
      vertex -15.4326 -16.3315 1.5
      vertex -15.2911 -16.3694 1.5
    endloop
  endfacet
  facet normal 0.258725 0.965951 0
    outer loop
      vertex -15.4326 -16.3315 1.5
      vertex -15.2911 -16.3694 0
      vertex -15.4326 -16.3315 0
    endloop
  endfacet
  facet normal 0.629179 0.777261 -0
    outer loop
      vertex -15.8229 -16.1326 0
      vertex -15.9368 -16.0404 1.5
      vertex -15.8229 -16.1326 1.5
    endloop
  endfacet
  facet normal 0.629179 0.777261 0
    outer loop
      vertex -15.9368 -16.0404 1.5
      vertex -15.8229 -16.1326 0
      vertex -15.9368 -16.0404 0
    endloop
  endfacet
  facet normal 0.965951 0.258725 0
    outer loop
      vertex -16.3315 -15.4326 1.5
      vertex -16.3694 -15.2911 0
      vertex -16.3694 -15.2911 1.5
    endloop
  endfacet
  facet normal 0.965951 0.258725 0
    outer loop
      vertex -16.3694 -15.2911 0
      vertex -16.3315 -15.4326 1.5
      vertex -16.3315 -15.4326 0
    endloop
  endfacet
  facet normal 0.890852 0.454294 0
    outer loop
      vertex -16.2124 -15.7 1.5
      vertex -16.279 -15.5694 0
      vertex -16.279 -15.5694 1.5
    endloop
  endfacet
  facet normal 0.890852 0.454294 0
    outer loop
      vertex -16.279 -15.5694 0
      vertex -16.2124 -15.7 1.5
      vertex -16.2124 -15.7 0
    endloop
  endfacet
  facet normal -0.629253 -0.7772 0
    outer loop
      vertex -13.5305 -12.9775 1.5
      vertex -13.3272 -13.1421 2.2
      vertex -13.5305 -12.9775 2.2
    endloop
  endfacet
  facet normal -0.629253 -0.7772 -0
    outer loop
      vertex -13.3272 -13.1421 2.2
      vertex -13.5305 -12.9775 1.5
      vertex -13.3272 -13.1421 1.5
    endloop
  endfacet
  facet normal -0.998628 0.0523582 0
    outer loop
      vertex -12.5137 -15.2613 1.5
      vertex -12.5 -15 3
      vertex -12.5 -15 1.5
    endloop
  endfacet
  facet normal -0.998628 0.0523582 0
    outer loop
      vertex -12.5 -15 3
      vertex -12.5137 -15.2613 1.5
      vertex -12.5137 -15.2613 3
    endloop
  endfacet
  facet normal 0.358108 -0.93368 0
    outer loop
      vertex -16.0168 -12.7161 1.5
      vertex -15.7725 -12.6224 3
      vertex -16.0168 -12.7161 3
    endloop
  endfacet
  facet normal 0.358108 -0.93368 0
    outer loop
      vertex -15.7725 -12.6224 3
      vertex -16.0168 -12.7161 1.5
      vertex -15.7725 -12.6224 1.5
    endloop
  endfacet
  facet normal -0.891071 -0.453863 0
    outer loop
      vertex -12.8349 -13.75 1.5
      vertex -12.7913 -13.8356 2.2
      vertex -12.8349 -13.75 2.2
    endloop
  endfacet
  facet normal -0.891039 -0.453926 -9.60689e-06
    outer loop
      vertex -12.7161 -13.9832 1.5
      vertex -12.7913 -13.8356 2.2
      vertex -12.8349 -13.75 1.5
    endloop
  endfacet
  facet normal -0.891021 -0.453962 -0
    outer loop
      vertex -12.7161 -13.9832 3
      vertex -12.7913 -13.8356 2.2
      vertex -12.7161 -13.9832 1.5
    endloop
  endfacet
  facet normal -0.891021 -0.453962 0
    outer loop
      vertex -12.7913 -13.8356 2.2
      vertex -12.7161 -13.9832 3
      vertex -12.7913 -13.8356 3
    endloop
  endfacet
  facet normal -0.838575 -0.544787 0
    outer loop
      vertex -12.8349 -13.75 1.5
      vertex -12.9775 -13.5305 2.2
      vertex -12.9775 -13.5305 1.5
    endloop
  endfacet
  facet normal -0.838575 -0.544787 0
    outer loop
      vertex -12.9775 -13.5305 2.2
      vertex -12.8349 -13.75 1.5
      vertex -12.8349 -13.75 2.2
    endloop
  endfacet
  facet normal -0.707107 -0.707107 0
    outer loop
      vertex -13.1421 -13.3272 1.5
      vertex -13.3272 -13.1421 2.2
      vertex -13.3272 -13.1421 1.5
    endloop
  endfacet
  facet normal -0.707107 -0.707107 0
    outer loop
      vertex -13.3272 -13.1421 2.2
      vertex -13.1421 -13.3272 1.5
      vertex -13.1421 -13.3272 2.2
    endloop
  endfacet
  facet normal -0.453962 -0.891021 0
    outer loop
      vertex -13.9832 -12.7161 3
      vertex -13.8356 -12.7913 2.2
      vertex -13.8356 -12.7913 3
    endloop
  endfacet
  facet normal -0.453962 -0.891021 0
    outer loop
      vertex -13.9832 -12.7161 1.5
      vertex -13.8356 -12.7913 2.2
      vertex -13.9832 -12.7161 3
    endloop
  endfacet
  facet normal -0.453926 -0.891039 -9.60689e-06
    outer loop
      vertex -13.75 -12.8349 1.5
      vertex -13.8356 -12.7913 2.2
      vertex -13.9832 -12.7161 1.5
    endloop
  endfacet
  facet normal -0.453863 -0.891071 0
    outer loop
      vertex -13.8356 -12.7913 2.2
      vertex -13.75 -12.8349 1.5
      vertex -13.75 -12.8349 2.2
    endloop
  endfacet
  facet normal -0.156277 -0.987713 0
    outer loop
      vertex -14.7387 -12.5137 1.5
      vertex -14.4802 -12.5546 3
      vertex -14.7387 -12.5137 3
    endloop
  endfacet
  facet normal -0.156277 -0.987713 -0
    outer loop
      vertex -14.4802 -12.5546 3
      vertex -14.7387 -12.5137 1.5
      vertex -14.4802 -12.5546 1.5
    endloop
  endfacet
  facet normal 0.707107 -0.707107 0
    outer loop
      vertex -16.8579 -13.3272 3
      vertex -16.6728 -13.1421 1.5
      vertex -16.6728 -13.1421 3
    endloop
  endfacet
  facet normal 0.707107 -0.707107 0
    outer loop
      vertex -16.6728 -13.1421 1.5
      vertex -16.8579 -13.3272 3
      vertex -16.8579 -13.3272 1.5
    endloop
  endfacet
  facet normal 0.453926 -0.891039 0
    outer loop
      vertex -16.25 -12.8349 1.5
      vertex -16.0168 -12.7161 3
      vertex -16.25 -12.8349 3
    endloop
  endfacet
  facet normal 0.453926 -0.891039 0
    outer loop
      vertex -16.0168 -12.7161 3
      vertex -16.25 -12.8349 1.5
      vertex -16.0168 -12.7161 1.5
    endloop
  endfacet
  facet normal 0.156277 -0.987713 0
    outer loop
      vertex -15.5198 -12.5546 1.5
      vertex -15.2613 -12.5137 3
      vertex -15.5198 -12.5546 3
    endloop
  endfacet
  facet normal 0.156277 -0.987713 0
    outer loop
      vertex -15.2613 -12.5137 3
      vertex -15.5198 -12.5546 1.5
      vertex -15.2613 -12.5137 1.5
    endloop
  endfacet
  facet normal -0.93368 0.358108 0
    outer loop
      vertex -12.7161 -16.0168 1.5
      vertex -12.6224 -15.7725 3
      vertex -12.6224 -15.7725 1.5
    endloop
  endfacet
  facet normal -0.93368 0.358108 0
    outer loop
      vertex -12.6224 -15.7725 3
      vertex -12.7161 -16.0168 1.5
      vertex -12.7161 -16.0168 3
    endloop
  endfacet
  facet normal 0 0 1
    outer loop
      vertex -12.5137 -14.7387 1.5
      vertex -13.6077 -14.8537 1.5
      vertex -13.6 -15 1.5
    endloop
  endfacet
  facet normal 0 0 1
    outer loop
      vertex -13.3272 -13.1421 1.5
      vertex -13.6306 -14.7089 1.5
      vertex -13.6077 -14.8537 1.5
    endloop
  endfacet
  facet normal 0 0 1
    outer loop
      vertex -13.3272 -13.1421 1.5
      vertex -13.6685 -14.5674 1.5
      vertex -13.6306 -14.7089 1.5
    endloop
  endfacet
  facet normal 0 0 1
    outer loop
      vertex -13.3272 -13.1421 1.5
      vertex -13.721 -14.4306 1.5
      vertex -13.6685 -14.5674 1.5
    endloop
  endfacet
  facet normal 0 0 1
    outer loop
      vertex -14.1771 -13.8674 1.5
      vertex -13.5305 -12.9775 1.5
      vertex -13.75 -12.8349 1.5
    endloop
  endfacet
  facet normal 0 0 1
    outer loop
      vertex -13.3272 -13.1421 1.5
      vertex -13.7876 -14.3 1.5
      vertex -13.721 -14.4306 1.5
    endloop
  endfacet
  facet normal 0 0 1
    outer loop
      vertex -13.3272 -13.1421 1.5
      vertex -13.8674 -14.1771 1.5
      vertex -13.7876 -14.3 1.5
    endloop
  endfacet
  facet normal 0 0 1
    outer loop
      vertex -13.3272 -13.1421 1.5
      vertex -13.9596 -14.0632 1.5
      vertex -13.8674 -14.1771 1.5
    endloop
  endfacet
  facet normal 0 0 1
    outer loop
      vertex -14.3 -13.7876 1.5
      vertex -13.75 -12.8349 1.5
      vertex -13.9832 -12.7161 1.5
    endloop
  endfacet
  facet normal 0 0 1
    outer loop
      vertex -13.3272 -13.1421 1.5
      vertex -14.0632 -13.9596 1.5
      vertex -13.9596 -14.0632 1.5
    endloop
  endfacet
  facet normal 0 0 1
    outer loop
      vertex -13.5305 -12.9775 1.5
      vertex -14.1771 -13.8674 1.5
      vertex -14.0632 -13.9596 1.5
    endloop
  endfacet
  facet normal 0 0 1
    outer loop
      vertex -14.4306 -13.721 1.5
      vertex -13.9832 -12.7161 1.5
      vertex -14.2275 -12.6224 1.5
    endloop
  endfacet
  facet normal 0 0 1
    outer loop
      vertex -13.75 -12.8349 1.5
      vertex -14.3 -13.7876 1.5
      vertex -14.1771 -13.8674 1.5
    endloop
  endfacet
  facet normal 0 0 1
    outer loop
      vertex -13.9832 -12.7161 1.5
      vertex -14.4306 -13.721 1.5
      vertex -14.3 -13.7876 1.5
    endloop
  endfacet
  facet normal 0 0 1
    outer loop
      vertex -14.5674 -13.6685 1.5
      vertex -14.2275 -12.6224 1.5
      vertex -14.4802 -12.5546 1.5
    endloop
  endfacet
  facet normal 0 0 1
    outer loop
      vertex -14.2275 -12.6224 1.5
      vertex -14.5674 -13.6685 1.5
      vertex -14.4306 -13.721 1.5
    endloop
  endfacet
  facet normal 0 0 1
    outer loop
      vertex -14.4802 -12.5546 1.5
      vertex -14.7089 -13.6306 1.5
      vertex -14.5674 -13.6685 1.5
    endloop
  endfacet
  facet normal 0 0 1
    outer loop
      vertex -14.7387 -12.5137 1.5
      vertex -14.7089 -13.6306 1.5
      vertex -14.4802 -12.5546 1.5
    endloop
  endfacet
  facet normal 0 0 1
    outer loop
      vertex -14.7387 -12.5137 1.5
      vertex -14.8537 -13.6077 1.5
      vertex -14.7089 -13.6306 1.5
    endloop
  endfacet
  facet normal 0 0 1
    outer loop
      vertex -15 -12.5 1.5
      vertex -14.8537 -13.6077 1.5
      vertex -14.7387 -12.5137 1.5
    endloop
  endfacet
  facet normal 0 0 1
    outer loop
      vertex -15 -12.5 1.5
      vertex -15 -13.6 1.5
      vertex -14.8537 -13.6077 1.5
    endloop
  endfacet
  facet normal 0 0 1
    outer loop
      vertex -15 -12.5 1.5
      vertex -15.1463 -13.6077 1.5
      vertex -15 -13.6 1.5
    endloop
  endfacet
  facet normal -0 0 1
    outer loop
      vertex -15.2613 -12.5137 1.5
      vertex -15.1463 -13.6077 1.5
      vertex -15 -12.5 1.5
    endloop
  endfacet
  facet normal 0 0 1
    outer loop
      vertex -15.2613 -12.5137 1.5
      vertex -15.2911 -13.6306 1.5
      vertex -15.1463 -13.6077 1.5
    endloop
  endfacet
  facet normal -0 0 1
    outer loop
      vertex -15.5198 -12.5546 1.5
      vertex -15.2911 -13.6306 1.5
      vertex -15.2613 -12.5137 1.5
    endloop
  endfacet
  facet normal 0 0 1
    outer loop
      vertex -15.2911 -13.6306 1.5
      vertex -15.5198 -12.5546 1.5
      vertex -15.4326 -13.6685 1.5
    endloop
  endfacet
  facet normal -0 0 1
    outer loop
      vertex -15.7725 -12.6224 1.5
      vertex -15.4326 -13.6685 1.5
      vertex -15.5198 -12.5546 1.5
    endloop
  endfacet
  facet normal 0 0 1
    outer loop
      vertex -15.4326 -13.6685 1.5
      vertex -15.7725 -12.6224 1.5
      vertex -15.5694 -13.721 1.5
    endloop
  endfacet
  facet normal -0 0 1
    outer loop
      vertex -16.0168 -12.7161 1.5
      vertex -15.5694 -13.721 1.5
      vertex -15.7725 -12.6224 1.5
    endloop
  endfacet
  facet normal 0 0 1
    outer loop
      vertex -15.5694 -13.721 1.5
      vertex -16.0168 -12.7161 1.5
      vertex -15.7 -13.7876 1.5
    endloop
  endfacet
  facet normal -0 0 1
    outer loop
      vertex -16.25 -12.8349 1.5
      vertex -15.7 -13.7876 1.5
      vertex -16.0168 -12.7161 1.5
    endloop
  endfacet
  facet normal 0 0 1
    outer loop
      vertex -15.7 -13.7876 1.5
      vertex -16.25 -12.8349 1.5
      vertex -15.8229 -13.8674 1.5
    endloop
  endfacet
  facet normal -0 0 1
    outer loop
      vertex -16.4695 -12.9775 1.5
      vertex -15.8229 -13.8674 1.5
      vertex -16.25 -12.8349 1.5
    endloop
  endfacet
  facet normal 0 0 1
    outer loop
      vertex -15.8229 -13.8674 1.5
      vertex -16.4695 -12.9775 1.5
      vertex -15.9368 -13.9596 1.5
    endloop
  endfacet
  facet normal -0 0 1
    outer loop
      vertex -16.6728 -13.1421 1.5
      vertex -15.9368 -13.9596 1.5
      vertex -16.4695 -12.9775 1.5
    endloop
  endfacet
  facet normal 0 0 1
    outer loop
      vertex -15.9368 -13.9596 1.5
      vertex -16.6728 -13.1421 1.5
      vertex -16.0404 -14.0632 1.5
    endloop
  endfacet
  facet normal -0 0 1
    outer loop
      vertex -16.8579 -13.3272 1.5
      vertex -16.0404 -14.0632 1.5
      vertex -16.6728 -13.1421 1.5
    endloop
  endfacet
  facet normal -0 0 1
    outer loop
      vertex -17 -13.5027 1.5
      vertex -16.0404 -14.0632 1.5
      vertex -16.8579 -13.3272 1.5
    endloop
  endfacet
  facet normal 0 0 1
    outer loop
      vertex -16.0404 -14.0632 1.5
      vertex -17 -13.5027 1.5
      vertex -16.1326 -14.1771 1.5
    endloop
  endfacet
  facet normal 0 0 1
    outer loop
      vertex -16.1326 -14.1771 1.5
      vertex -17 -13.5027 1.5
      vertex -16.2124 -14.3 1.5
    endloop
  endfacet
  facet normal 0 0 1
    outer loop
      vertex -16.279 -14.4306 1.5
      vertex -17 -13.5027 1.5
      vertex -16.3315 -14.5674 1.5
    endloop
  endfacet
  facet normal 0 0 1
    outer loop
      vertex -16.2124 -14.3 1.5
      vertex -17 -13.5027 1.5
      vertex -16.279 -14.4306 1.5
    endloop
  endfacet
  facet normal 0 0 1
    outer loop
      vertex -13.6 -15 1.5
      vertex -12.5 -15 1.5
      vertex -12.5137 -14.7387 1.5
    endloop
  endfacet
  facet normal 0 0 1
    outer loop
      vertex -13.6077 -14.8537 1.5
      vertex -12.5137 -14.7387 1.5
      vertex -12.5546 -14.4802 1.5
    endloop
  endfacet
  facet normal 0 0 1
    outer loop
      vertex -12.5 -15 1.5
      vertex -13.6 -15 1.5
      vertex -12.5137 -15.2613 1.5
    endloop
  endfacet
  facet normal 0 0 1
    outer loop
      vertex -13.6077 -14.8537 1.5
      vertex -12.5546 -14.4802 1.5
      vertex -12.6224 -14.2275 1.5
    endloop
  endfacet
  facet normal -0 0 1
    outer loop
      vertex -13.6077 -15.1463 1.5
      vertex -12.5137 -15.2613 1.5
      vertex -13.6 -15 1.5
    endloop
  endfacet
  facet normal 0 0 1
    outer loop
      vertex -13.6077 -14.8537 1.5
      vertex -12.6224 -14.2275 1.5
      vertex -12.7161 -13.9832 1.5
    endloop
  endfacet
  facet normal 0 0 1
    outer loop
      vertex -12.5137 -15.2613 1.5
      vertex -13.6077 -15.1463 1.5
      vertex -12.5546 -15.5198 1.5
    endloop
  endfacet
  facet normal 0 0 1
    outer loop
      vertex -13.6077 -14.8537 1.5
      vertex -12.7161 -13.9832 1.5
      vertex -12.8349 -13.75 1.5
    endloop
  endfacet
  facet normal -0 0 1
    outer loop
      vertex -13.6306 -15.2911 1.5
      vertex -12.5546 -15.5198 1.5
      vertex -13.6077 -15.1463 1.5
    endloop
  endfacet
  facet normal 0 0 1
    outer loop
      vertex -13.6077 -14.8537 1.5
      vertex -12.8349 -13.75 1.5
      vertex -12.9775 -13.5305 1.5
    endloop
  endfacet
  facet normal 0 0 1
    outer loop
      vertex -12.5546 -15.5198 1.5
      vertex -13.6306 -15.2911 1.5
      vertex -12.6224 -15.7725 1.5
    endloop
  endfacet
  facet normal 0 0 1
    outer loop
      vertex -13.6077 -14.8537 1.5
      vertex -12.9775 -13.5305 1.5
      vertex -13.1421 -13.3272 1.5
    endloop
  endfacet
  facet normal -0 0 1
    outer loop
      vertex -13.6685 -15.4326 1.5
      vertex -12.6224 -15.7725 1.5
      vertex -13.6306 -15.2911 1.5
    endloop
  endfacet
  facet normal 0 0 1
    outer loop
      vertex -13.6077 -14.8537 1.5
      vertex -13.1421 -13.3272 1.5
      vertex -13.3272 -13.1421 1.5
    endloop
  endfacet
  facet normal 0 0 1
    outer loop
      vertex -12.6224 -15.7725 1.5
      vertex -13.6685 -15.4326 1.5
      vertex -12.7161 -16.0168 1.5
    endloop
  endfacet
  facet normal -0 0 1
    outer loop
      vertex -13.721 -15.5694 1.5
      vertex -12.7161 -16.0168 1.5
      vertex -13.6685 -15.4326 1.5
    endloop
  endfacet
  facet normal 0 0 1
    outer loop
      vertex -14.0632 -13.9596 1.5
      vertex -13.3272 -13.1421 1.5
      vertex -13.5305 -12.9775 1.5
    endloop
  endfacet
  facet normal 0 0 1
    outer loop
      vertex -12.7161 -16.0168 1.5
      vertex -13.721 -15.5694 1.5
      vertex -12.8349 -16.25 1.5
    endloop
  endfacet
  facet normal -0 0 1
    outer loop
      vertex -13.7876 -15.7 1.5
      vertex -12.8349 -16.25 1.5
      vertex -13.721 -15.5694 1.5
    endloop
  endfacet
  facet normal 0 0 1
    outer loop
      vertex -12.8349 -16.25 1.5
      vertex -13.7876 -15.7 1.5
      vertex -12.9775 -16.4695 1.5
    endloop
  endfacet
  facet normal -0 0 1
    outer loop
      vertex -13.8674 -15.8229 1.5
      vertex -12.9775 -16.4695 1.5
      vertex -13.7876 -15.7 1.5
    endloop
  endfacet
  facet normal 0 0 1
    outer loop
      vertex -12.9775 -16.4695 1.5
      vertex -13.8674 -15.8229 1.5
      vertex -13.1421 -16.6728 1.5
    endloop
  endfacet
  facet normal -0 0 1
    outer loop
      vertex -13.9596 -15.9368 1.5
      vertex -13.1421 -16.6728 1.5
      vertex -13.8674 -15.8229 1.5
    endloop
  endfacet
  facet normal 0 0 1
    outer loop
      vertex -13.1421 -16.6728 1.5
      vertex -13.9596 -15.9368 1.5
      vertex -13.3272 -16.8579 1.5
    endloop
  endfacet
  facet normal -0 0 1
    outer loop
      vertex -14.0632 -16.0404 1.5
      vertex -13.3272 -16.8579 1.5
      vertex -13.9596 -15.9368 1.5
    endloop
  endfacet
  facet normal 0 0 1
    outer loop
      vertex -13.3272 -16.8579 1.5
      vertex -14.0632 -16.0404 1.5
      vertex -13.5027 -17 1.5
    endloop
  endfacet
  facet normal -0 0 1
    outer loop
      vertex -14.1771 -16.1326 1.5
      vertex -13.5027 -17 1.5
      vertex -14.0632 -16.0404 1.5
    endloop
  endfacet
  facet normal -0 0 1
    outer loop
      vertex -14.3 -16.2124 1.5
      vertex -13.5027 -17 1.5
      vertex -14.1771 -16.1326 1.5
    endloop
  endfacet
  facet normal -0 0 1
    outer loop
      vertex -14.4306 -16.279 1.5
      vertex -13.5027 -17 1.5
      vertex -14.3 -16.2124 1.5
    endloop
  endfacet
  facet normal -0 0 1
    outer loop
      vertex -14.5674 -16.3315 1.5
      vertex -13.5027 -17 1.5
      vertex -14.4306 -16.279 1.5
    endloop
  endfacet
  facet normal 0 0 1
    outer loop
      vertex -15 -17 1.5
      vertex -14.5674 -16.3315 1.5
      vertex -14.7089 -16.3694 1.5
    endloop
  endfacet
  facet normal 0 0 1
    outer loop
      vertex -15 -17 1.5
      vertex -14.7089 -16.3694 1.5
      vertex -14.8537 -16.3923 1.5
    endloop
  endfacet
  facet normal 0 0 1
    outer loop
      vertex -15 -17 1.5
      vertex -14.8537 -16.3923 1.5
      vertex -15 -16.4 1.5
    endloop
  endfacet
  facet normal 0 0 1
    outer loop
      vertex -14.5674 -16.3315 1.5
      vertex -15 -17 1.5
      vertex -13.5027 -17 1.5
    endloop
  endfacet
  facet normal 0 0 1
    outer loop
      vertex -15.1463 -16.3923 1.5
      vertex -15 -17 1.5
      vertex -15 -16.4 1.5
    endloop
  endfacet
  facet normal 0 0 1
    outer loop
      vertex -15.1463 -16.3923 1.5
      vertex -15.2091 -16.989 1.5
      vertex -15 -17 1.5
    endloop
  endfacet
  facet normal 0 0 1
    outer loop
      vertex -15.2911 -16.3694 1.5
      vertex -15.2091 -16.989 1.5
      vertex -15.1463 -16.3923 1.5
    endloop
  endfacet
  facet normal 0 0 1
    outer loop
      vertex -15.2911 -16.3694 1.5
      vertex -15.4158 -16.9563 1.5
      vertex -15.2091 -16.989 1.5
    endloop
  endfacet
  facet normal 0 0 1
    outer loop
      vertex -15.4326 -16.3315 1.5
      vertex -15.4158 -16.9563 1.5
      vertex -15.2911 -16.3694 1.5
    endloop
  endfacet
  facet normal 0 0 1
    outer loop
      vertex -15.618 -16.9021 1.5
      vertex -15.4326 -16.3315 1.5
      vertex -15.5694 -16.279 1.5
    endloop
  endfacet
  facet normal 0 0 1
    outer loop
      vertex -15.4326 -16.3315 1.5
      vertex -15.618 -16.9021 1.5
      vertex -15.4158 -16.9563 1.5
    endloop
  endfacet
  facet normal 0 0 1
    outer loop
      vertex -15.8135 -16.8271 1.5
      vertex -15.5694 -16.279 1.5
      vertex -15.7 -16.2124 1.5
    endloop
  endfacet
  facet normal 0 0 1
    outer loop
      vertex -15.5694 -16.279 1.5
      vertex -15.8135 -16.8271 1.5
      vertex -15.618 -16.9021 1.5
    endloop
  endfacet
  facet normal 0 0 1
    outer loop
      vertex -16 -16.732 1.5
      vertex -15.7 -16.2124 1.5
      vertex -15.8229 -16.1326 1.5
    endloop
  endfacet
  facet normal 0 0 1
    outer loop
      vertex -16.1756 -16.618 1.5
      vertex -15.8229 -16.1326 1.5
      vertex -15.9368 -16.0404 1.5
    endloop
  endfacet
  facet normal 0 0 1
    outer loop
      vertex -15.7 -16.2124 1.5
      vertex -16 -16.732 1.5
      vertex -15.8135 -16.8271 1.5
    endloop
  endfacet
  facet normal 0 0 1
    outer loop
      vertex -16.3383 -16.4863 1.5
      vertex -15.9368 -16.0404 1.5
      vertex -16.0404 -15.9368 1.5
    endloop
  endfacet
  facet normal 0 0 1
    outer loop
      vertex -16.4863 -16.3383 1.5
      vertex -16.0404 -15.9368 1.5
      vertex -16.1326 -15.8229 1.5
    endloop
  endfacet
  facet normal 0 0 1
    outer loop
      vertex -15.8229 -16.1326 1.5
      vertex -16.1756 -16.618 1.5
      vertex -16 -16.732 1.5
    endloop
  endfacet
  facet normal 0 0 1
    outer loop
      vertex -16.618 -16.1756 1.5
      vertex -16.1326 -15.8229 1.5
      vertex -16.2124 -15.7 1.5
    endloop
  endfacet
  facet normal 0 0 1
    outer loop
      vertex -16.732 -16 1.5
      vertex -16.2124 -15.7 1.5
      vertex -16.279 -15.5694 1.5
    endloop
  endfacet
  facet normal 0 0 1
    outer loop
      vertex -16.8271 -15.8135 1.5
      vertex -16.279 -15.5694 1.5
      vertex -16.3315 -15.4326 1.5
    endloop
  endfacet
  facet normal 0 0 1
    outer loop
      vertex -15.9368 -16.0404 1.5
      vertex -16.3383 -16.4863 1.5
      vertex -16.1756 -16.618 1.5
    endloop
  endfacet
  facet normal 0 0 1
    outer loop
      vertex -16.9021 -15.618 1.5
      vertex -16.3315 -15.4326 1.5
      vertex -16.3694 -15.2911 1.5
    endloop
  endfacet
  facet normal 0 0 1
    outer loop
      vertex -16.9563 -15.4158 1.5
      vertex -16.3694 -15.2911 1.5
      vertex -16.3923 -15.1463 1.5
    endloop
  endfacet
  facet normal 0 0 1
    outer loop
      vertex -16.989 -15.2091 1.5
      vertex -16.3923 -15.1463 1.5
      vertex -16.4 -15 1.5
    endloop
  endfacet
  facet normal 0 0 1
    outer loop
      vertex -16.0404 -15.9368 1.5
      vertex -16.4863 -16.3383 1.5
      vertex -16.3383 -16.4863 1.5
    endloop
  endfacet
  facet normal 0 0 1
    outer loop
      vertex -17 -15 1.5
      vertex -16.3315 -14.5674 1.5
      vertex -17 -13.5027 1.5
    endloop
  endfacet
  facet normal 0 -0 1
    outer loop
      vertex -16.989 -15.2091 1.5
      vertex -16.4 -15 1.5
      vertex -17 -15 1.5
    endloop
  endfacet
  facet normal 0 0 1
    outer loop
      vertex -16.3315 -14.5674 1.5
      vertex -17 -15 1.5
      vertex -16.3694 -14.7089 1.5
    endloop
  endfacet
  facet normal 0 0 1
    outer loop
      vertex -16.1326 -15.8229 1.5
      vertex -16.618 -16.1756 1.5
      vertex -16.4863 -16.3383 1.5
    endloop
  endfacet
  facet normal 0 0 1
    outer loop
      vertex -16.2124 -15.7 1.5
      vertex -16.732 -16 1.5
      vertex -16.618 -16.1756 1.5
    endloop
  endfacet
  facet normal 0 0 1
    outer loop
      vertex -16.3694 -14.7089 1.5
      vertex -17 -15 1.5
      vertex -16.3923 -14.8537 1.5
    endloop
  endfacet
  facet normal 0 0 1
    outer loop
      vertex -16.279 -15.5694 1.5
      vertex -16.8271 -15.8135 1.5
      vertex -16.732 -16 1.5
    endloop
  endfacet
  facet normal 0 0 1
    outer loop
      vertex -16.3315 -15.4326 1.5
      vertex -16.9021 -15.618 1.5
      vertex -16.8271 -15.8135 1.5
    endloop
  endfacet
  facet normal 0 0 1
    outer loop
      vertex -16.3694 -15.2911 1.5
      vertex -16.9563 -15.4158 1.5
      vertex -16.9021 -15.618 1.5
    endloop
  endfacet
  facet normal 0 0 1
    outer loop
      vertex -16.3923 -14.8537 1.5
      vertex -17 -15 1.5
      vertex -16.4 -15 1.5
    endloop
  endfacet
  facet normal 0 0 1
    outer loop
      vertex -16.3923 -15.1463 1.5
      vertex -16.989 -15.2091 1.5
      vertex -16.9563 -15.4158 1.5
    endloop
  endfacet
  facet normal -0.987713 -0.156277 0
    outer loop
      vertex -12.5137 -14.7387 1.5
      vertex -12.5546 -14.4802 3
      vertex -12.5546 -14.4802 1.5
    endloop
  endfacet
  facet normal -0.987713 -0.156277 0
    outer loop
      vertex -12.5546 -14.4802 3
      vertex -12.5137 -14.7387 1.5
      vertex -12.5137 -14.7387 3
    endloop
  endfacet
  facet normal -0.965841 -0.259137 0
    outer loop
      vertex -12.5546 -14.4802 1.5
      vertex -12.6224 -14.2275 3
      vertex -12.6224 -14.2275 1.5
    endloop
  endfacet
  facet normal -0.965841 -0.259137 0
    outer loop
      vertex -12.6224 -14.2275 3
      vertex -12.5546 -14.4802 1.5
      vertex -12.5546 -14.4802 3
    endloop
  endfacet
  facet normal -0.93368 -0.358108 0
    outer loop
      vertex -12.6224 -14.2275 1.5
      vertex -12.7161 -13.9832 3
      vertex -12.7161 -13.9832 1.5
    endloop
  endfacet
  facet normal -0.93368 -0.358108 0
    outer loop
      vertex -12.7161 -13.9832 3
      vertex -12.6224 -14.2275 1.5
      vertex -12.6224 -14.2275 3
    endloop
  endfacet
  facet normal -0.7772 -0.629253 0
    outer loop
      vertex -12.9775 -13.5305 1.5
      vertex -13.1421 -13.3272 2.2
      vertex -13.1421 -13.3272 1.5
    endloop
  endfacet
  facet normal -0.7772 -0.629253 0
    outer loop
      vertex -13.1421 -13.3272 2.2
      vertex -12.9775 -13.5305 1.5
      vertex -12.9775 -13.5305 2.2
    endloop
  endfacet
  facet normal -0.544787 -0.838575 0
    outer loop
      vertex -13.75 -12.8349 1.5
      vertex -13.5305 -12.9775 2.2
      vertex -13.75 -12.8349 2.2
    endloop
  endfacet
  facet normal -0.544787 -0.838575 -0
    outer loop
      vertex -13.5305 -12.9775 2.2
      vertex -13.75 -12.8349 1.5
      vertex -13.5305 -12.9775 1.5
    endloop
  endfacet
  facet normal -0.0523582 -0.998628 0
    outer loop
      vertex -15 -12.5 1.5
      vertex -14.7387 -12.5137 3
      vertex -15 -12.5 3
    endloop
  endfacet
  facet normal -0.0523582 -0.998628 -0
    outer loop
      vertex -14.7387 -12.5137 3
      vertex -15 -12.5 1.5
      vertex -14.7387 -12.5137 1.5
    endloop
  endfacet
  facet normal -0.358108 -0.93368 0
    outer loop
      vertex -14.2275 -12.6224 1.5
      vertex -13.9832 -12.7161 3
      vertex -14.2275 -12.6224 3
    endloop
  endfacet
  facet normal -0.358108 -0.93368 -0
    outer loop
      vertex -13.9832 -12.7161 3
      vertex -14.2275 -12.6224 1.5
      vertex -13.9832 -12.7161 1.5
    endloop
  endfacet
  facet normal -0.259137 -0.965841 0
    outer loop
      vertex -14.4802 -12.5546 1.5
      vertex -14.2275 -12.6224 3
      vertex -14.4802 -12.5546 3
    endloop
  endfacet
  facet normal -0.259137 -0.965841 -0
    outer loop
      vertex -14.2275 -12.6224 3
      vertex -14.4802 -12.5546 1.5
      vertex -14.2275 -12.6224 1.5
    endloop
  endfacet
  facet normal 0.777183 -0.629275 0
    outer loop
      vertex -17 -13.5027 3
      vertex -16.8579 -13.3272 1.5
      vertex -16.8579 -13.3272 3
    endloop
  endfacet
  facet normal 0.777183 -0.629275 0
    outer loop
      vertex -16.8579 -13.3272 1.5
      vertex -17 -13.5027 3
      vertex -17 -13.5027 1.5
    endloop
  endfacet
  facet normal 0.259137 -0.965841 0
    outer loop
      vertex -15.7725 -12.6224 1.5
      vertex -15.5198 -12.5546 3
      vertex -15.7725 -12.6224 3
    endloop
  endfacet
  facet normal 0.259137 -0.965841 0
    outer loop
      vertex -15.5198 -12.5546 3
      vertex -15.7725 -12.6224 1.5
      vertex -15.5198 -12.5546 1.5
    endloop
  endfacet
  facet normal 0.0523582 -0.998628 0
    outer loop
      vertex -15.2613 -12.5137 1.5
      vertex -15 -12.5 3
      vertex -15.2613 -12.5137 3
    endloop
  endfacet
  facet normal 0.0523582 -0.998628 0
    outer loop
      vertex -15 -12.5 3
      vertex -15.2613 -12.5137 1.5
      vertex -15 -12.5 1.5
    endloop
  endfacet
  facet normal 0.544787 -0.838575 0
    outer loop
      vertex -16.4695 -12.9775 1.5
      vertex -16.25 -12.8349 3
      vertex -16.4695 -12.9775 3
    endloop
  endfacet
  facet normal 0.544787 -0.838575 0
    outer loop
      vertex -16.25 -12.8349 3
      vertex -16.4695 -12.9775 1.5
      vertex -16.25 -12.8349 1.5
    endloop
  endfacet
  facet normal 0.629253 -0.7772 0
    outer loop
      vertex -16.6728 -13.1421 1.5
      vertex -16.4695 -12.9775 3
      vertex -16.6728 -13.1421 3
    endloop
  endfacet
  facet normal 0.629253 -0.7772 0
    outer loop
      vertex -16.4695 -12.9775 3
      vertex -16.6728 -13.1421 1.5
      vertex -16.4695 -12.9775 1.5
    endloop
  endfacet
  facet normal -0.998628 -0.0523582 0
    outer loop
      vertex -12.5 -15 1.5
      vertex -12.5137 -14.7387 3
      vertex -12.5137 -14.7387 1.5
    endloop
  endfacet
  facet normal -0.998628 -0.0523582 0
    outer loop
      vertex -12.5137 -14.7387 3
      vertex -12.5 -15 1.5
      vertex -12.5 -15 3
    endloop
  endfacet
  facet normal -0.7772 0.629253 0
    outer loop
      vertex -13.1421 -16.6728 1.5
      vertex -12.9775 -16.4695 3
      vertex -12.9775 -16.4695 1.5
    endloop
  endfacet
  facet normal -0.7772 0.629253 0
    outer loop
      vertex -12.9775 -16.4695 3
      vertex -13.1421 -16.6728 1.5
      vertex -13.1421 -16.6728 3
    endloop
  endfacet
  facet normal -0.891039 0.453926 0
    outer loop
      vertex -12.8349 -16.25 1.5
      vertex -12.7161 -16.0168 3
      vertex -12.7161 -16.0168 1.5
    endloop
  endfacet
  facet normal -0.891039 0.453926 0
    outer loop
      vertex -12.7161 -16.0168 3
      vertex -12.8349 -16.25 1.5
      vertex -12.8349 -16.25 3
    endloop
  endfacet
  facet normal -0.707107 0.707107 0
    outer loop
      vertex -13.3272 -16.8579 1.5
      vertex -13.1421 -16.6728 3
      vertex -13.1421 -16.6728 1.5
    endloop
  endfacet
  facet normal -0.707107 0.707107 0
    outer loop
      vertex -13.1421 -16.6728 3
      vertex -13.3272 -16.8579 1.5
      vertex -13.3272 -16.8579 3
    endloop
  endfacet
  facet normal -0.629275 0.777183 0
    outer loop
      vertex -13.3272 -16.8579 1.5
      vertex -13.5027 -17 3
      vertex -13.3272 -16.8579 3
    endloop
  endfacet
  facet normal -0.629275 0.777183 0
    outer loop
      vertex -13.5027 -17 3
      vertex -13.3272 -16.8579 1.5
      vertex -13.5027 -17 1.5
    endloop
  endfacet
  facet normal -0.987713 0.156277 0
    outer loop
      vertex -12.5546 -15.5198 1.5
      vertex -12.5137 -15.2613 3
      vertex -12.5137 -15.2613 1.5
    endloop
  endfacet
  facet normal -0.987713 0.156277 0
    outer loop
      vertex -12.5137 -15.2613 3
      vertex -12.5546 -15.5198 1.5
      vertex -12.5546 -15.5198 3
    endloop
  endfacet
  facet normal -0.965841 0.259137 0
    outer loop
      vertex -12.6224 -15.7725 1.5
      vertex -12.5546 -15.5198 3
      vertex -12.5546 -15.5198 1.5
    endloop
  endfacet
  facet normal -0.965841 0.259137 0
    outer loop
      vertex -12.5546 -15.5198 3
      vertex -12.6224 -15.7725 1.5
      vertex -12.6224 -15.7725 3
    endloop
  endfacet
  facet normal -0.838575 0.544787 0
    outer loop
      vertex -12.9775 -16.4695 1.5
      vertex -12.8349 -16.25 3
      vertex -12.8349 -16.25 1.5
    endloop
  endfacet
  facet normal -0.838575 0.544787 0
    outer loop
      vertex -12.8349 -16.25 3
      vertex -12.9775 -16.4695 1.5
      vertex -12.9775 -16.4695 3
    endloop
  endfacet
  facet normal -0.629179 -0.777261 0
    outer loop
      vertex -14.1771 16.1326 0
      vertex -14.0632 16.0404 1.5
      vertex -14.1771 16.1326 1.5
    endloop
  endfacet
  facet normal -0.629179 -0.777261 -0
    outer loop
      vertex -14.0632 16.0404 1.5
      vertex -14.1771 16.1326 0
      vertex -14.0632 16.0404 0
    endloop
  endfacet
  facet normal 0.258725 -0.965951 0
    outer loop
      vertex -15.4326 16.3315 0
      vertex -15.2911 16.3694 1.5
      vertex -15.4326 16.3315 1.5
    endloop
  endfacet
  facet normal 0.258725 -0.965951 0
    outer loop
      vertex -15.2911 16.3694 1.5
      vertex -15.4326 16.3315 0
      vertex -15.2911 16.3694 0
    endloop
  endfacet
  facet normal 0.890852 -0.454294 0
    outer loop
      vertex -16.279 15.5694 1.5
      vertex -16.2124 15.7 0
      vertex -16.2124 15.7 1.5
    endloop
  endfacet
  facet normal 0.890852 -0.454294 0
    outer loop
      vertex -16.2124 15.7 0
      vertex -16.279 15.5694 1.5
      vertex -16.279 15.5694 0
    endloop
  endfacet
  facet normal -0.933609 0.358293 0
    outer loop
      vertex -13.721 14.4306 0
      vertex -13.6685 14.5674 1.5
      vertex -13.6685 14.5674 0
    endloop
  endfacet
  facet normal -0.933609 0.358293 0
    outer loop
      vertex -13.6685 14.5674 1.5
      vertex -13.721 14.4306 0
      vertex -13.721 14.4306 1.5
    endloop
  endfacet
  facet normal 0.454294 0.890852 -0
    outer loop
      vertex -15.5694 13.721 0
      vertex -15.7 13.7876 1.5
      vertex -15.5694 13.721 1.5
    endloop
  endfacet
  facet normal 0.454294 0.890852 0
    outer loop
      vertex -15.7 13.7876 1.5
      vertex -15.5694 13.721 0
      vertex -15.7 13.7876 0
    endloop
  endfacet
  facet normal -0.890852 -0.454294 0
    outer loop
      vertex -13.721 15.5694 0
      vertex -13.7876 15.7 1.5
      vertex -13.7876 15.7 0
    endloop
  endfacet
  facet normal -0.890852 -0.454294 0
    outer loop
      vertex -13.7876 15.7 1.5
      vertex -13.721 15.5694 0
      vertex -13.721 15.5694 1.5
    endloop
  endfacet
  facet normal -0.838709 -0.544581 0
    outer loop
      vertex -13.7876 15.7 0
      vertex -13.8674 15.8229 1.5
      vertex -13.8674 15.8229 0
    endloop
  endfacet
  facet normal -0.838709 -0.544581 0
    outer loop
      vertex -13.8674 15.8229 1.5
      vertex -13.7876 15.7 0
      vertex -13.7876 15.7 1.5
    endloop
  endfacet
  facet normal -0.358293 -0.933609 0
    outer loop
      vertex -14.5674 16.3315 0
      vertex -14.4306 16.279 1.5
      vertex -14.5674 16.3315 1.5
    endloop
  endfacet
  facet normal -0.358293 -0.933609 -0
    outer loop
      vertex -14.4306 16.279 1.5
      vertex -14.5674 16.3315 0
      vertex -14.4306 16.279 0
    endloop
  endfacet
  facet normal -0.0525588 -0.998618 0
    outer loop
      vertex -15 16.4 0
      vertex -14.8537 16.3923 1.5
      vertex -15 16.4 1.5
    endloop
  endfacet
  facet normal -0.0525588 -0.998618 -0
    outer loop
      vertex -14.8537 16.3923 1.5
      vertex -15 16.4 0
      vertex -14.8537 16.3923 0
    endloop
  endfacet
  facet normal 0.987724 -0.156208 0
    outer loop
      vertex -16.3923 15.1463 1.5
      vertex -16.3694 15.2911 0
      vertex -16.3694 15.2911 1.5
    endloop
  endfacet
  facet normal 0.987724 -0.156208 0
    outer loop
      vertex -16.3694 15.2911 0
      vertex -16.3923 15.1463 1.5
      vertex -16.3923 15.1463 0
    endloop
  endfacet
  facet normal 0.707107 -0.707107 0
    outer loop
      vertex -16.0404 15.9368 1.5
      vertex -15.9368 16.0404 0
      vertex -15.9368 16.0404 1.5
    endloop
  endfacet
  facet normal 0.707107 -0.707107 0
    outer loop
      vertex -15.9368 16.0404 0
      vertex -16.0404 15.9368 1.5
      vertex -16.0404 15.9368 0
    endloop
  endfacet
  facet normal 0.0525588 -0.998618 0
    outer loop
      vertex -15.1463 16.3923 0
      vertex -15 16.4 1.5
      vertex -15.1463 16.3923 1.5
    endloop
  endfacet
  facet normal 0.0525588 -0.998618 0
    outer loop
      vertex -15 16.4 1.5
      vertex -15.1463 16.3923 0
      vertex -15 16.4 0
    endloop
  endfacet
  facet normal -0.998618 0.0525588 0
    outer loop
      vertex -13.6077 14.8537 0
      vertex -13.6 15 1.5
      vertex -13.6 15 0
    endloop
  endfacet
  facet normal -0.998618 0.0525588 0
    outer loop
      vertex -13.6 15 1.5
      vertex -13.6077 14.8537 0
      vertex -13.6077 14.8537 1.5
    endloop
  endfacet
  facet normal -0.777261 0.629179 0
    outer loop
      vertex -13.9596 14.0632 0
      vertex -13.8674 14.1771 1.5
      vertex -13.8674 14.1771 0
    endloop
  endfacet
  facet normal -0.777261 0.629179 0
    outer loop
      vertex -13.8674 14.1771 1.5
      vertex -13.9596 14.0632 0
      vertex -13.9596 14.0632 1.5
    endloop
  endfacet
  facet normal 0.156208 0.987724 -0
    outer loop
      vertex -15.1463 13.6077 0
      vertex -15.2911 13.6306 1.5
      vertex -15.1463 13.6077 1.5
    endloop
  endfacet
  facet normal 0.156208 0.987724 0
    outer loop
      vertex -15.2911 13.6306 1.5
      vertex -15.1463 13.6077 0
      vertex -15.2911 13.6306 0
    endloop
  endfacet
  facet normal 0.707107 0.707107 0
    outer loop
      vertex -15.9368 13.9596 1.5
      vertex -16.0404 14.0632 0
      vertex -16.0404 14.0632 1.5
    endloop
  endfacet
  facet normal 0.707107 0.707107 0
    outer loop
      vertex -16.0404 14.0632 0
      vertex -15.9368 13.9596 1.5
      vertex -15.9368 13.9596 0
    endloop
  endfacet
  facet normal 0.998618 0.0525588 0
    outer loop
      vertex -16.3923 14.8537 1.5
      vertex -16.4 15 0
      vertex -16.4 15 1.5
    endloop
  endfacet
  facet normal 0.998618 0.0525588 0
    outer loop
      vertex -16.4 15 0
      vertex -16.3923 14.8537 1.5
      vertex -16.3923 14.8537 0
    endloop
  endfacet
  facet normal 0.777261 0.629179 0
    outer loop
      vertex -16.0404 14.0632 1.5
      vertex -16.1326 14.1771 0
      vertex -16.1326 14.1771 1.5
    endloop
  endfacet
  facet normal 0.777261 0.629179 0
    outer loop
      vertex -16.1326 14.1771 0
      vertex -16.0404 14.0632 1.5
      vertex -16.0404 14.0632 0
    endloop
  endfacet
  facet normal -0.987724 -0.156208 0
    outer loop
      vertex -13.6077 15.1463 0
      vertex -13.6306 15.2911 1.5
      vertex -13.6306 15.2911 0
    endloop
  endfacet
  facet normal -0.987724 -0.156208 0
    outer loop
      vertex -13.6306 15.2911 1.5
      vertex -13.6077 15.1463 0
      vertex -13.6077 15.1463 1.5
    endloop
  endfacet
  facet normal -0.965951 -0.258725 0
    outer loop
      vertex -13.6306 15.2911 0
      vertex -13.6685 15.4326 1.5
      vertex -13.6685 15.4326 0
    endloop
  endfacet
  facet normal -0.965951 -0.258725 0
    outer loop
      vertex -13.6685 15.4326 1.5
      vertex -13.6306 15.2911 0
      vertex -13.6306 15.2911 1.5
    endloop
  endfacet
  facet normal -0.933609 -0.358293 0
    outer loop
      vertex -13.6685 15.4326 0
      vertex -13.721 15.5694 1.5
      vertex -13.721 15.5694 0
    endloop
  endfacet
  facet normal -0.933609 -0.358293 0
    outer loop
      vertex -13.721 15.5694 1.5
      vertex -13.6685 15.4326 0
      vertex -13.6685 15.4326 1.5
    endloop
  endfacet
  facet normal -0.777261 -0.629179 0
    outer loop
      vertex -13.8674 15.8229 0
      vertex -13.9596 15.9368 1.5
      vertex -13.9596 15.9368 0
    endloop
  endfacet
  facet normal -0.777261 -0.629179 0
    outer loop
      vertex -13.9596 15.9368 1.5
      vertex -13.8674 15.8229 0
      vertex -13.8674 15.8229 1.5
    endloop
  endfacet
  facet normal -0.707107 -0.707107 0
    outer loop
      vertex -14.0632 16.0404 0
      vertex -13.9596 15.9368 1.5
      vertex -14.0632 16.0404 1.5
    endloop
  endfacet
  facet normal -0.707107 -0.707107 -0
    outer loop
      vertex -13.9596 15.9368 1.5
      vertex -14.0632 16.0404 0
      vertex -13.9596 15.9368 0
    endloop
  endfacet
  facet normal -0.544581 -0.838709 0
    outer loop
      vertex -14.3 16.2124 0
      vertex -14.1771 16.1326 1.5
      vertex -14.3 16.2124 1.5
    endloop
  endfacet
  facet normal -0.544581 -0.838709 -0
    outer loop
      vertex -14.1771 16.1326 1.5
      vertex -14.3 16.2124 0
      vertex -14.1771 16.1326 0
    endloop
  endfacet
  facet normal -0.454294 -0.890852 0
    outer loop
      vertex -14.4306 16.279 0
      vertex -14.3 16.2124 1.5
      vertex -14.4306 16.279 1.5
    endloop
  endfacet
  facet normal -0.454294 -0.890852 -0
    outer loop
      vertex -14.3 16.2124 1.5
      vertex -14.4306 16.279 0
      vertex -14.3 16.2124 0
    endloop
  endfacet
  facet normal -0.258725 -0.965951 0
    outer loop
      vertex -14.7089 16.3694 0
      vertex -14.5674 16.3315 1.5
      vertex -14.7089 16.3694 1.5
    endloop
  endfacet
  facet normal -0.258725 -0.965951 -0
    outer loop
      vertex -14.5674 16.3315 1.5
      vertex -14.7089 16.3694 0
      vertex -14.5674 16.3315 0
    endloop
  endfacet
  facet normal -0.156208 -0.987724 0
    outer loop
      vertex -14.8537 16.3923 0
      vertex -14.7089 16.3694 1.5
      vertex -14.8537 16.3923 1.5
    endloop
  endfacet
  facet normal -0.156208 -0.987724 -0
    outer loop
      vertex -14.7089 16.3694 1.5
      vertex -14.8537 16.3923 0
      vertex -14.7089 16.3694 0
    endloop
  endfacet
  facet normal 0.998618 -0.0525588 0
    outer loop
      vertex -16.4 15 1.5
      vertex -16.3923 15.1463 0
      vertex -16.3923 15.1463 1.5
    endloop
  endfacet
  facet normal 0.998618 -0.0525588 0
    outer loop
      vertex -16.3923 15.1463 0
      vertex -16.4 15 1.5
      vertex -16.4 15 0
    endloop
  endfacet
  facet normal 0.933609 -0.358293 0
    outer loop
      vertex -16.3315 15.4326 1.5
      vertex -16.279 15.5694 0
      vertex -16.279 15.5694 1.5
    endloop
  endfacet
  facet normal 0.933609 -0.358293 0
    outer loop
      vertex -16.279 15.5694 0
      vertex -16.3315 15.4326 1.5
      vertex -16.3315 15.4326 0
    endloop
  endfacet
  facet normal 0.965951 -0.258725 0
    outer loop
      vertex -16.3694 15.2911 1.5
      vertex -16.3315 15.4326 0
      vertex -16.3315 15.4326 1.5
    endloop
  endfacet
  facet normal 0.965951 -0.258725 0
    outer loop
      vertex -16.3315 15.4326 0
      vertex -16.3694 15.2911 1.5
      vertex -16.3694 15.2911 0
    endloop
  endfacet
  facet normal 0.838709 -0.544581 0
    outer loop
      vertex -16.2124 15.7 1.5
      vertex -16.1326 15.8229 0
      vertex -16.1326 15.8229 1.5
    endloop
  endfacet
  facet normal 0.838709 -0.544581 0
    outer loop
      vertex -16.1326 15.8229 0
      vertex -16.2124 15.7 1.5
      vertex -16.2124 15.7 0
    endloop
  endfacet
  facet normal 0.777261 -0.629179 0
    outer loop
      vertex -16.1326 15.8229 1.5
      vertex -16.0404 15.9368 0
      vertex -16.0404 15.9368 1.5
    endloop
  endfacet
  facet normal 0.777261 -0.629179 0
    outer loop
      vertex -16.0404 15.9368 0
      vertex -16.1326 15.8229 1.5
      vertex -16.1326 15.8229 0
    endloop
  endfacet
  facet normal 0.156208 -0.987724 0
    outer loop
      vertex -15.2911 16.3694 0
      vertex -15.1463 16.3923 1.5
      vertex -15.2911 16.3694 1.5
    endloop
  endfacet
  facet normal 0.156208 -0.987724 0
    outer loop
      vertex -15.1463 16.3923 1.5
      vertex -15.2911 16.3694 0
      vertex -15.1463 16.3923 0
    endloop
  endfacet
  facet normal 0.454294 -0.890852 0
    outer loop
      vertex -15.7 16.2124 0
      vertex -15.5694 16.279 1.5
      vertex -15.7 16.2124 1.5
    endloop
  endfacet
  facet normal 0.454294 -0.890852 0
    outer loop
      vertex -15.5694 16.279 1.5
      vertex -15.7 16.2124 0
      vertex -15.5694 16.279 0
    endloop
  endfacet
  facet normal 0.544581 -0.838709 0
    outer loop
      vertex -15.8229 16.1326 0
      vertex -15.7 16.2124 1.5
      vertex -15.8229 16.1326 1.5
    endloop
  endfacet
  facet normal 0.544581 -0.838709 0
    outer loop
      vertex -15.7 16.2124 1.5
      vertex -15.8229 16.1326 0
      vertex -15.7 16.2124 0
    endloop
  endfacet
  facet normal 0.358293 -0.933609 0
    outer loop
      vertex -15.5694 16.279 0
      vertex -15.4326 16.3315 1.5
      vertex -15.5694 16.279 1.5
    endloop
  endfacet
  facet normal 0.358293 -0.933609 0
    outer loop
      vertex -15.4326 16.3315 1.5
      vertex -15.5694 16.279 0
      vertex -15.4326 16.3315 0
    endloop
  endfacet
  facet normal 0.629179 -0.777261 0
    outer loop
      vertex -15.9368 16.0404 0
      vertex -15.8229 16.1326 1.5
      vertex -15.9368 16.0404 1.5
    endloop
  endfacet
  facet normal 0.629179 -0.777261 0
    outer loop
      vertex -15.8229 16.1326 1.5
      vertex -15.9368 16.0404 0
      vertex -15.8229 16.1326 0
    endloop
  endfacet
  facet normal -0.998618 -0.0525588 0
    outer loop
      vertex -13.6 15 0
      vertex -13.6077 15.1463 1.5
      vertex -13.6077 15.1463 0
    endloop
  endfacet
  facet normal -0.998618 -0.0525588 0
    outer loop
      vertex -13.6077 15.1463 1.5
      vertex -13.6 15 0
      vertex -13.6 15 1.5
    endloop
  endfacet
  facet normal -0.0525588 0.998618 0
    outer loop
      vertex -14.8537 13.6077 0
      vertex -15 13.6 1.5
      vertex -14.8537 13.6077 1.5
    endloop
  endfacet
  facet normal -0.0525588 0.998618 0
    outer loop
      vertex -15 13.6 1.5
      vertex -14.8537 13.6077 0
      vertex -15 13.6 0
    endloop
  endfacet
  facet normal -0.258725 0.965951 0
    outer loop
      vertex -14.5674 13.6685 0
      vertex -14.7089 13.6306 1.5
      vertex -14.5674 13.6685 1.5
    endloop
  endfacet
  facet normal -0.258725 0.965951 0
    outer loop
      vertex -14.7089 13.6306 1.5
      vertex -14.5674 13.6685 0
      vertex -14.7089 13.6306 0
    endloop
  endfacet
  facet normal -0.629179 0.777261 0
    outer loop
      vertex -14.0632 13.9596 0
      vertex -14.1771 13.8674 1.5
      vertex -14.0632 13.9596 1.5
    endloop
  endfacet
  facet normal -0.629179 0.777261 0
    outer loop
      vertex -14.1771 13.8674 1.5
      vertex -14.0632 13.9596 0
      vertex -14.1771 13.8674 0
    endloop
  endfacet
  facet normal -0.454294 0.890852 0
    outer loop
      vertex -14.3 13.7876 0
      vertex -14.4306 13.721 1.5
      vertex -14.3 13.7876 1.5
    endloop
  endfacet
  facet normal -0.454294 0.890852 0
    outer loop
      vertex -14.4306 13.721 1.5
      vertex -14.3 13.7876 0
      vertex -14.4306 13.721 0
    endloop
  endfacet
  facet normal -0.890852 0.454294 0
    outer loop
      vertex -13.7876 14.3 0
      vertex -13.721 14.4306 1.5
      vertex -13.721 14.4306 0
    endloop
  endfacet
  facet normal -0.890852 0.454294 0
    outer loop
      vertex -13.721 14.4306 1.5
      vertex -13.7876 14.3 0
      vertex -13.7876 14.3 1.5
    endloop
  endfacet
  facet normal 0.0525588 0.998618 -0
    outer loop
      vertex -15 13.6 0
      vertex -15.1463 13.6077 1.5
      vertex -15 13.6 1.5
    endloop
  endfacet
  facet normal 0.0525588 0.998618 0
    outer loop
      vertex -15.1463 13.6077 1.5
      vertex -15 13.6 0
      vertex -15.1463 13.6077 0
    endloop
  endfacet
  facet normal 0.358293 0.933609 -0
    outer loop
      vertex -15.4326 13.6685 0
      vertex -15.5694 13.721 1.5
      vertex -15.4326 13.6685 1.5
    endloop
  endfacet
  facet normal 0.358293 0.933609 0
    outer loop
      vertex -15.5694 13.721 1.5
      vertex -15.4326 13.6685 0
      vertex -15.5694 13.721 0
    endloop
  endfacet
  facet normal 0.544581 0.838709 -0
    outer loop
      vertex -15.7 13.7876 0
      vertex -15.8229 13.8674 1.5
      vertex -15.7 13.7876 1.5
    endloop
  endfacet
  facet normal 0.544581 0.838709 0
    outer loop
      vertex -15.8229 13.8674 1.5
      vertex -15.7 13.7876 0
      vertex -15.8229 13.8674 0
    endloop
  endfacet
  facet normal 0.987724 0.156208 0
    outer loop
      vertex -16.3694 14.7089 1.5
      vertex -16.3923 14.8537 0
      vertex -16.3923 14.8537 1.5
    endloop
  endfacet
  facet normal 0.987724 0.156208 0
    outer loop
      vertex -16.3923 14.8537 0
      vertex -16.3694 14.7089 1.5
      vertex -16.3694 14.7089 0
    endloop
  endfacet
  facet normal 0.838709 0.544581 0
    outer loop
      vertex -16.1326 14.1771 1.5
      vertex -16.2124 14.3 0
      vertex -16.2124 14.3 1.5
    endloop
  endfacet
  facet normal 0.838709 0.544581 0
    outer loop
      vertex -16.2124 14.3 0
      vertex -16.1326 14.1771 1.5
      vertex -16.1326 14.1771 0
    endloop
  endfacet
  facet normal 0.890852 0.454294 0
    outer loop
      vertex -16.2124 14.3 1.5
      vertex -16.279 14.4306 0
      vertex -16.279 14.4306 1.5
    endloop
  endfacet
  facet normal 0.890852 0.454294 0
    outer loop
      vertex -16.279 14.4306 0
      vertex -16.2124 14.3 1.5
      vertex -16.2124 14.3 0
    endloop
  endfacet
  facet normal 0.933609 0.358293 0
    outer loop
      vertex -16.279 14.4306 1.5
      vertex -16.3315 14.5674 0
      vertex -16.3315 14.5674 1.5
    endloop
  endfacet
  facet normal 0.933609 0.358293 0
    outer loop
      vertex -16.3315 14.5674 0
      vertex -16.279 14.4306 1.5
      vertex -16.279 14.4306 0
    endloop
  endfacet
  facet normal -0.987724 0.156208 0
    outer loop
      vertex -13.6306 14.7089 0
      vertex -13.6077 14.8537 1.5
      vertex -13.6077 14.8537 0
    endloop
  endfacet
  facet normal -0.987724 0.156208 0
    outer loop
      vertex -13.6077 14.8537 1.5
      vertex -13.6306 14.7089 0
      vertex -13.6306 14.7089 1.5
    endloop
  endfacet
  facet normal -0.965951 0.258725 0
    outer loop
      vertex -13.6685 14.5674 0
      vertex -13.6306 14.7089 1.5
      vertex -13.6306 14.7089 0
    endloop
  endfacet
  facet normal -0.965951 0.258725 0
    outer loop
      vertex -13.6306 14.7089 1.5
      vertex -13.6685 14.5674 0
      vertex -13.6685 14.5674 1.5
    endloop
  endfacet
  facet normal -0.156208 0.987724 0
    outer loop
      vertex -14.7089 13.6306 0
      vertex -14.8537 13.6077 1.5
      vertex -14.7089 13.6306 1.5
    endloop
  endfacet
  facet normal -0.156208 0.987724 0
    outer loop
      vertex -14.8537 13.6077 1.5
      vertex -14.7089 13.6306 0
      vertex -14.8537 13.6077 0
    endloop
  endfacet
  facet normal -0.358293 0.933609 0
    outer loop
      vertex -14.4306 13.721 0
      vertex -14.5674 13.6685 1.5
      vertex -14.4306 13.721 1.5
    endloop
  endfacet
  facet normal -0.358293 0.933609 0
    outer loop
      vertex -14.5674 13.6685 1.5
      vertex -14.4306 13.721 0
      vertex -14.5674 13.6685 0
    endloop
  endfacet
  facet normal -0.707107 0.707107 0
    outer loop
      vertex -14.0632 13.9596 0
      vertex -13.9596 14.0632 1.5
      vertex -13.9596 14.0632 0
    endloop
  endfacet
  facet normal -0.707107 0.707107 0
    outer loop
      vertex -13.9596 14.0632 1.5
      vertex -14.0632 13.9596 0
      vertex -14.0632 13.9596 1.5
    endloop
  endfacet
  facet normal -0.544581 0.838709 0
    outer loop
      vertex -14.1771 13.8674 0
      vertex -14.3 13.7876 1.5
      vertex -14.1771 13.8674 1.5
    endloop
  endfacet
  facet normal -0.544581 0.838709 0
    outer loop
      vertex -14.3 13.7876 1.5
      vertex -14.1771 13.8674 0
      vertex -14.3 13.7876 0
    endloop
  endfacet
  facet normal -0.838709 0.544581 0
    outer loop
      vertex -13.8674 14.1771 0
      vertex -13.7876 14.3 1.5
      vertex -13.7876 14.3 0
    endloop
  endfacet
  facet normal -0.838709 0.544581 0
    outer loop
      vertex -13.7876 14.3 1.5
      vertex -13.8674 14.1771 0
      vertex -13.8674 14.1771 1.5
    endloop
  endfacet
  facet normal 0.258725 0.965951 -0
    outer loop
      vertex -15.2911 13.6306 0
      vertex -15.4326 13.6685 1.5
      vertex -15.2911 13.6306 1.5
    endloop
  endfacet
  facet normal 0.258725 0.965951 0
    outer loop
      vertex -15.4326 13.6685 1.5
      vertex -15.2911 13.6306 0
      vertex -15.4326 13.6685 0
    endloop
  endfacet
  facet normal 0.629179 0.777261 -0
    outer loop
      vertex -15.8229 13.8674 0
      vertex -15.9368 13.9596 1.5
      vertex -15.8229 13.8674 1.5
    endloop
  endfacet
  facet normal 0.629179 0.777261 0
    outer loop
      vertex -15.9368 13.9596 1.5
      vertex -15.8229 13.8674 0
      vertex -15.9368 13.9596 0
    endloop
  endfacet
  facet normal 0.965951 0.258725 0
    outer loop
      vertex -16.3315 14.5674 1.5
      vertex -16.3694 14.7089 0
      vertex -16.3694 14.7089 1.5
    endloop
  endfacet
  facet normal 0.965951 0.258725 0
    outer loop
      vertex -16.3694 14.7089 0
      vertex -16.3315 14.5674 1.5
      vertex -16.3315 14.5674 0
    endloop
  endfacet
  facet normal -0.629275 -0.777183 0
    outer loop
      vertex -13.5027 17 1.5
      vertex -13.3272 16.8579 3
      vertex -13.5027 17 3
    endloop
  endfacet
  facet normal -0.629275 -0.777183 -0
    outer loop
      vertex -13.3272 16.8579 3
      vertex -13.5027 17 1.5
      vertex -13.3272 16.8579 1.5
    endloop
  endfacet
  facet normal -0.998628 0.0523582 0
    outer loop
      vertex -12.5137 14.7387 1.5
      vertex -12.5 15 3
      vertex -12.5 15 1.5
    endloop
  endfacet
  facet normal -0.998628 0.0523582 0
    outer loop
      vertex -12.5 15 3
      vertex -12.5137 14.7387 1.5
      vertex -12.5137 14.7387 3
    endloop
  endfacet
  facet normal 0.453926 0.891039 -0
    outer loop
      vertex -16.0168 12.7161 1.5
      vertex -16.25 12.8349 3
      vertex -16.0168 12.7161 3
    endloop
  endfacet
  facet normal 0.453926 0.891039 0
    outer loop
      vertex -16.25 12.8349 3
      vertex -16.0168 12.7161 1.5
      vertex -16.25 12.8349 1.5
    endloop
  endfacet
  facet normal -0.891039 -0.453926 0
    outer loop
      vertex -12.7161 16.0168 1.5
      vertex -12.8349 16.25 3
      vertex -12.8349 16.25 1.5
    endloop
  endfacet
  facet normal -0.891039 -0.453926 0
    outer loop
      vertex -12.8349 16.25 3
      vertex -12.7161 16.0168 1.5
      vertex -12.7161 16.0168 3
    endloop
  endfacet
  facet normal -0.838575 -0.544787 0
    outer loop
      vertex -12.8349 16.25 1.5
      vertex -12.9775 16.4695 3
      vertex -12.9775 16.4695 1.5
    endloop
  endfacet
  facet normal -0.838575 -0.544787 0
    outer loop
      vertex -12.9775 16.4695 3
      vertex -12.8349 16.25 1.5
      vertex -12.8349 16.25 3
    endloop
  endfacet
  facet normal -0.707107 -0.707107 0
    outer loop
      vertex -13.1421 16.6728 1.5
      vertex -13.3272 16.8579 3
      vertex -13.3272 16.8579 1.5
    endloop
  endfacet
  facet normal -0.707107 -0.707107 0
    outer loop
      vertex -13.3272 16.8579 3
      vertex -13.1421 16.6728 1.5
      vertex -13.1421 16.6728 3
    endloop
  endfacet
  facet normal 0.156277 0.987713 -0
    outer loop
      vertex -15.2613 12.5137 1.5
      vertex -15.5198 12.5546 3
      vertex -15.2613 12.5137 3
    endloop
  endfacet
  facet normal 0.156277 0.987713 0
    outer loop
      vertex -15.5198 12.5546 3
      vertex -15.2613 12.5137 1.5
      vertex -15.5198 12.5546 1.5
    endloop
  endfacet
  facet normal 0.707107 0.707107 0
    outer loop
      vertex -16.6728 13.1421 3
      vertex -16.8579 13.3272 1.5
      vertex -16.8579 13.3272 3
    endloop
  endfacet
  facet normal 0.707107 0.707107 0
    outer loop
      vertex -16.8579 13.3272 1.5
      vertex -16.6728 13.1421 3
      vertex -16.6728 13.1421 1.5
    endloop
  endfacet
  facet normal 0 0 1
    outer loop
      vertex -13.6 15 1.5
      vertex -12.5 15 1.5
      vertex -12.5137 15.2613 1.5
    endloop
  endfacet
  facet normal 0 0 1
    outer loop
      vertex -13.6077 15.1463 1.5
      vertex -12.5137 15.2613 1.5
      vertex -12.5546 15.5198 1.5
    endloop
  endfacet
  facet normal 0 0 1
    outer loop
      vertex -12.5 15 1.5
      vertex -13.6 15 1.5
      vertex -12.5137 14.7387 1.5
    endloop
  endfacet
  facet normal 0 0 1
    outer loop
      vertex -13.6306 15.2911 1.5
      vertex -12.5546 15.5198 1.5
      vertex -12.6224 15.7725 1.5
    endloop
  endfacet
  facet normal -0 0 1
    outer loop
      vertex -13.6077 14.8537 1.5
      vertex -12.5137 14.7387 1.5
      vertex -13.6 15 1.5
    endloop
  endfacet
  facet normal 0 0 1
    outer loop
      vertex -13.6685 15.4326 1.5
      vertex -12.6224 15.7725 1.5
      vertex -12.7161 16.0168 1.5
    endloop
  endfacet
  facet normal 0 0 1
    outer loop
      vertex -12.5137 14.7387 1.5
      vertex -13.6077 14.8537 1.5
      vertex -12.5546 14.4802 1.5
    endloop
  endfacet
  facet normal 0 0 1
    outer loop
      vertex -13.721 15.5694 1.5
      vertex -12.7161 16.0168 1.5
      vertex -12.8349 16.25 1.5
    endloop
  endfacet
  facet normal -0 0 1
    outer loop
      vertex -13.6306 14.7089 1.5
      vertex -12.5546 14.4802 1.5
      vertex -13.6077 14.8537 1.5
    endloop
  endfacet
  facet normal 0 0 1
    outer loop
      vertex -13.7876 15.7 1.5
      vertex -12.8349 16.25 1.5
      vertex -12.9775 16.4695 1.5
    endloop
  endfacet
  facet normal 0 0 1
    outer loop
      vertex -12.5546 14.4802 1.5
      vertex -13.6306 14.7089 1.5
      vertex -12.6224 14.2275 1.5
    endloop
  endfacet
  facet normal 0 0 1
    outer loop
      vertex -13.8674 15.8229 1.5
      vertex -12.9775 16.4695 1.5
      vertex -13.1421 16.6728 1.5
    endloop
  endfacet
  facet normal -0 0 1
    outer loop
      vertex -13.6685 14.5674 1.5
      vertex -12.6224 14.2275 1.5
      vertex -13.6306 14.7089 1.5
    endloop
  endfacet
  facet normal 0 0 1
    outer loop
      vertex -13.9596 15.9368 1.5
      vertex -13.1421 16.6728 1.5
      vertex -13.3272 16.8579 1.5
    endloop
  endfacet
  facet normal 0 0 1
    outer loop
      vertex -12.6224 14.2275 1.5
      vertex -13.6685 14.5674 1.5
      vertex -12.7161 13.9832 1.5
    endloop
  endfacet
  facet normal 0 0 1
    outer loop
      vertex -14.0632 16.0404 1.5
      vertex -13.3272 16.8579 1.5
      vertex -13.5027 17 1.5
    endloop
  endfacet
  facet normal -0 0 1
    outer loop
      vertex -13.721 14.4306 1.5
      vertex -12.7161 13.9832 1.5
      vertex -13.6685 14.5674 1.5
    endloop
  endfacet
  facet normal 0 0 1
    outer loop
      vertex -12.7161 13.9832 1.5
      vertex -13.721 14.4306 1.5
      vertex -12.8349 13.75 1.5
    endloop
  endfacet
  facet normal 0 0 1
    outer loop
      vertex -12.5137 15.2613 1.5
      vertex -13.6077 15.1463 1.5
      vertex -13.6 15 1.5
    endloop
  endfacet
  facet normal 0 0 1
    outer loop
      vertex -12.5546 15.5198 1.5
      vertex -13.6306 15.2911 1.5
      vertex -13.6077 15.1463 1.5
    endloop
  endfacet
  facet normal 0 0 1
    outer loop
      vertex -12.6224 15.7725 1.5
      vertex -13.6685 15.4326 1.5
      vertex -13.6306 15.2911 1.5
    endloop
  endfacet
  facet normal 0 0 1
    outer loop
      vertex -12.7161 16.0168 1.5
      vertex -13.721 15.5694 1.5
      vertex -13.6685 15.4326 1.5
    endloop
  endfacet
  facet normal 0 0 1
    outer loop
      vertex -12.8349 16.25 1.5
      vertex -13.7876 15.7 1.5
      vertex -13.721 15.5694 1.5
    endloop
  endfacet
  facet normal 0 0 1
    outer loop
      vertex -12.9775 16.4695 1.5
      vertex -13.8674 15.8229 1.5
      vertex -13.7876 15.7 1.5
    endloop
  endfacet
  facet normal 0 0 1
    outer loop
      vertex -13.1421 16.6728 1.5
      vertex -13.9596 15.9368 1.5
      vertex -13.8674 15.8229 1.5
    endloop
  endfacet
  facet normal 0 0 1
    outer loop
      vertex -13.3272 16.8579 1.5
      vertex -14.0632 16.0404 1.5
      vertex -13.9596 15.9368 1.5
    endloop
  endfacet
  facet normal 0 0 1
    outer loop
      vertex -13.5027 17 1.5
      vertex -14.1771 16.1326 1.5
      vertex -14.0632 16.0404 1.5
    endloop
  endfacet
  facet normal 0 0 1
    outer loop
      vertex -13.5027 17 1.5
      vertex -14.3 16.2124 1.5
      vertex -14.1771 16.1326 1.5
    endloop
  endfacet
  facet normal 0 0 1
    outer loop
      vertex -13.5027 17 1.5
      vertex -14.4306 16.279 1.5
      vertex -14.3 16.2124 1.5
    endloop
  endfacet
  facet normal 0 0 1
    outer loop
      vertex -13.5027 17 1.5
      vertex -14.5674 16.3315 1.5
      vertex -14.4306 16.279 1.5
    endloop
  endfacet
  facet normal -0 0 1
    outer loop
      vertex -15 17 1.5
      vertex -14.5674 16.3315 1.5
      vertex -13.5027 17 1.5
    endloop
  endfacet
  facet normal 0 0 1
    outer loop
      vertex -14.5674 16.3315 1.5
      vertex -15 17 1.5
      vertex -14.7089 16.3694 1.5
    endloop
  endfacet
  facet normal 0 0 1
    outer loop
      vertex -14.7089 16.3694 1.5
      vertex -15 17 1.5
      vertex -14.8537 16.3923 1.5
    endloop
  endfacet
  facet normal 0 0 1
    outer loop
      vertex -15 17 1.5
      vertex -15 16.4 1.5
      vertex -14.8537 16.3923 1.5
    endloop
  endfacet
  facet normal 0 0 1
    outer loop
      vertex -15 17 1.5
      vertex -15.1463 16.3923 1.5
      vertex -15 16.4 1.5
    endloop
  endfacet
  facet normal -0 0 1
    outer loop
      vertex -15.2091 16.989 1.5
      vertex -15.1463 16.3923 1.5
      vertex -15 17 1.5
    endloop
  endfacet
  facet normal 0 0 1
    outer loop
      vertex -15.2091 16.989 1.5
      vertex -15.2911 16.3694 1.5
      vertex -15.1463 16.3923 1.5
    endloop
  endfacet
  facet normal -0 0 1
    outer loop
      vertex -15.4158 16.9563 1.5
      vertex -15.2911 16.3694 1.5
      vertex -15.2091 16.989 1.5
    endloop
  endfacet
  facet normal 0 0 1
    outer loop
      vertex -15.4158 16.9563 1.5
      vertex -15.4326 16.3315 1.5
      vertex -15.2911 16.3694 1.5
    endloop
  endfacet
  facet normal -0 0 1
    outer loop
      vertex -15.618 16.9021 1.5
      vertex -15.4326 16.3315 1.5
      vertex -15.4158 16.9563 1.5
    endloop
  endfacet
  facet normal 0 0 1
    outer loop
      vertex -15.4326 16.3315 1.5
      vertex -15.618 16.9021 1.5
      vertex -15.5694 16.279 1.5
    endloop
  endfacet
  facet normal -0 0 1
    outer loop
      vertex -15.8135 16.8271 1.5
      vertex -15.5694 16.279 1.5
      vertex -15.618 16.9021 1.5
    endloop
  endfacet
  facet normal 0 0 1
    outer loop
      vertex -15.5694 16.279 1.5
      vertex -15.8135 16.8271 1.5
      vertex -15.7 16.2124 1.5
    endloop
  endfacet
  facet normal -0 0 1
    outer loop
      vertex -16 16.732 1.5
      vertex -15.7 16.2124 1.5
      vertex -15.8135 16.8271 1.5
    endloop
  endfacet
  facet normal 0 0 1
    outer loop
      vertex -15.7 16.2124 1.5
      vertex -16 16.732 1.5
      vertex -15.8229 16.1326 1.5
    endloop
  endfacet
  facet normal -0 0 1
    outer loop
      vertex -16.1756 16.618 1.5
      vertex -15.8229 16.1326 1.5
      vertex -16 16.732 1.5
    endloop
  endfacet
  facet normal 0 0 1
    outer loop
      vertex -15.8229 16.1326 1.5
      vertex -16.1756 16.618 1.5
      vertex -15.9368 16.0404 1.5
    endloop
  endfacet
  facet normal -0 0 1
    outer loop
      vertex -16.3383 16.4863 1.5
      vertex -15.9368 16.0404 1.5
      vertex -16.1756 16.618 1.5
    endloop
  endfacet
  facet normal 0 0 1
    outer loop
      vertex -15.9368 16.0404 1.5
      vertex -16.3383 16.4863 1.5
      vertex -16.0404 15.9368 1.5
    endloop
  endfacet
  facet normal -0 0 1
    outer loop
      vertex -16.4863 16.3383 1.5
      vertex -16.0404 15.9368 1.5
      vertex -16.3383 16.4863 1.5
    endloop
  endfacet
  facet normal 0 0 1
    outer loop
      vertex -16.0404 15.9368 1.5
      vertex -16.4863 16.3383 1.5
      vertex -16.1326 15.8229 1.5
    endloop
  endfacet
  facet normal -0 0 1
    outer loop
      vertex -16.618 16.1756 1.5
      vertex -16.1326 15.8229 1.5
      vertex -16.4863 16.3383 1.5
    endloop
  endfacet
  facet normal 0 0 1
    outer loop
      vertex -16.1326 15.8229 1.5
      vertex -16.618 16.1756 1.5
      vertex -16.2124 15.7 1.5
    endloop
  endfacet
  facet normal -0 0 1
    outer loop
      vertex -16.732 16 1.5
      vertex -16.2124 15.7 1.5
      vertex -16.618 16.1756 1.5
    endloop
  endfacet
  facet normal 0 0 1
    outer loop
      vertex -16.2124 15.7 1.5
      vertex -16.732 16 1.5
      vertex -16.279 15.5694 1.5
    endloop
  endfacet
  facet normal -0 0 1
    outer loop
      vertex -16.8271 15.8135 1.5
      vertex -16.279 15.5694 1.5
      vertex -16.732 16 1.5
    endloop
  endfacet
  facet normal 0 0 1
    outer loop
      vertex -16.279 15.5694 1.5
      vertex -16.8271 15.8135 1.5
      vertex -16.3315 15.4326 1.5
    endloop
  endfacet
  facet normal -0 0 1
    outer loop
      vertex -16.9021 15.618 1.5
      vertex -16.3315 15.4326 1.5
      vertex -16.8271 15.8135 1.5
    endloop
  endfacet
  facet normal 0 0 1
    outer loop
      vertex -16.3315 15.4326 1.5
      vertex -16.9021 15.618 1.5
      vertex -16.3694 15.2911 1.5
    endloop
  endfacet
  facet normal 0 0 1
    outer loop
      vertex -17 13.5027 1.5
      vertex -16.4 15 1.5
      vertex -17 15 1.5
    endloop
  endfacet
  facet normal -0 0 1
    outer loop
      vertex -16.9563 15.4158 1.5
      vertex -16.3694 15.2911 1.5
      vertex -16.9021 15.618 1.5
    endloop
  endfacet
  facet normal 0 0 1
    outer loop
      vertex -16.3694 15.2911 1.5
      vertex -16.9563 15.4158 1.5
      vertex -16.3923 15.1463 1.5
    endloop
  endfacet
  facet normal 0 0 1
    outer loop
      vertex -16.4 15 1.5
      vertex -16.6728 13.1421 1.5
      vertex -16.4695 12.9775 1.5
    endloop
  endfacet
  facet normal -0 0 1
    outer loop
      vertex -16.989 15.2091 1.5
      vertex -16.3923 15.1463 1.5
      vertex -16.9563 15.4158 1.5
    endloop
  endfacet
  facet normal 0 0 1
    outer loop
      vertex -16.3923 15.1463 1.5
      vertex -16.989 15.2091 1.5
      vertex -16.4 15 1.5
    endloop
  endfacet
  facet normal 0 0 1
    outer loop
      vertex -16.4 15 1.5
      vertex -16.989 15.2091 1.5
      vertex -17 15 1.5
    endloop
  endfacet
  facet normal 0 0 1
    outer loop
      vertex -16.4 15 1.5
      vertex -16.8579 13.3272 1.5
      vertex -16.6728 13.1421 1.5
    endloop
  endfacet
  facet normal 0 0 1
    outer loop
      vertex -16.4 15 1.5
      vertex -17 13.5027 1.5
      vertex -16.8579 13.3272 1.5
    endloop
  endfacet
  facet normal -0 0 1
    outer loop
      vertex -13.7876 14.3 1.5
      vertex -12.8349 13.75 1.5
      vertex -13.721 14.4306 1.5
    endloop
  endfacet
  facet normal 0 0 1
    outer loop
      vertex -12.8349 13.75 1.5
      vertex -13.7876 14.3 1.5
      vertex -12.9775 13.5305 1.5
    endloop
  endfacet
  facet normal -0 0 1
    outer loop
      vertex -13.8674 14.1771 1.5
      vertex -12.9775 13.5305 1.5
      vertex -13.7876 14.3 1.5
    endloop
  endfacet
  facet normal 0 0 1
    outer loop
      vertex -12.9775 13.5305 1.5
      vertex -13.8674 14.1771 1.5
      vertex -13.1421 13.3272 1.5
    endloop
  endfacet
  facet normal -0 0 1
    outer loop
      vertex -13.9596 14.0632 1.5
      vertex -13.1421 13.3272 1.5
      vertex -13.8674 14.1771 1.5
    endloop
  endfacet
  facet normal 0 0 1
    outer loop
      vertex -13.1421 13.3272 1.5
      vertex -13.9596 14.0632 1.5
      vertex -13.3272 13.1421 1.5
    endloop
  endfacet
  facet normal -0 0 1
    outer loop
      vertex -14.0632 13.9596 1.5
      vertex -13.3272 13.1421 1.5
      vertex -13.9596 14.0632 1.5
    endloop
  endfacet
  facet normal 0 0 1
    outer loop
      vertex -13.3272 13.1421 1.5
      vertex -14.0632 13.9596 1.5
      vertex -13.5305 12.9775 1.5
    endloop
  endfacet
  facet normal -0 0 1
    outer loop
      vertex -14.1771 13.8674 1.5
      vertex -13.5305 12.9775 1.5
      vertex -14.0632 13.9596 1.5
    endloop
  endfacet
  facet normal 0 0 1
    outer loop
      vertex -13.5305 12.9775 1.5
      vertex -14.1771 13.8674 1.5
      vertex -13.75 12.8349 1.5
    endloop
  endfacet
  facet normal -0 0 1
    outer loop
      vertex -14.3 13.7876 1.5
      vertex -13.75 12.8349 1.5
      vertex -14.1771 13.8674 1.5
    endloop
  endfacet
  facet normal 0 0 1
    outer loop
      vertex -13.75 12.8349 1.5
      vertex -14.3 13.7876 1.5
      vertex -13.9832 12.7161 1.5
    endloop
  endfacet
  facet normal -0 0 1
    outer loop
      vertex -14.4306 13.721 1.5
      vertex -13.9832 12.7161 1.5
      vertex -14.3 13.7876 1.5
    endloop
  endfacet
  facet normal 0 0 1
    outer loop
      vertex -13.9832 12.7161 1.5
      vertex -14.4306 13.721 1.5
      vertex -14.2275 12.6224 1.5
    endloop
  endfacet
  facet normal -0 0 1
    outer loop
      vertex -14.5674 13.6685 1.5
      vertex -14.2275 12.6224 1.5
      vertex -14.4306 13.721 1.5
    endloop
  endfacet
  facet normal 0 0 1
    outer loop
      vertex -14.2275 12.6224 1.5
      vertex -14.5674 13.6685 1.5
      vertex -14.4802 12.5546 1.5
    endloop
  endfacet
  facet normal -0 0 1
    outer loop
      vertex -14.7089 13.6306 1.5
      vertex -14.4802 12.5546 1.5
      vertex -14.5674 13.6685 1.5
    endloop
  endfacet
  facet normal 0 0 1
    outer loop
      vertex -14.7089 13.6306 1.5
      vertex -14.7387 12.5137 1.5
      vertex -14.4802 12.5546 1.5
    endloop
  endfacet
  facet normal -0 0 1
    outer loop
      vertex -14.8537 13.6077 1.5
      vertex -14.7387 12.5137 1.5
      vertex -14.7089 13.6306 1.5
    endloop
  endfacet
  facet normal -0 0 1
    outer loop
      vertex -15 13.6 1.5
      vertex -14.7387 12.5137 1.5
      vertex -14.8537 13.6077 1.5
    endloop
  endfacet
  facet normal 0 0 1
    outer loop
      vertex -15 13.6 1.5
      vertex -15 12.5 1.5
      vertex -14.7387 12.5137 1.5
    endloop
  endfacet
  facet normal 0 0 1
    outer loop
      vertex -15.1463 13.6077 1.5
      vertex -15 12.5 1.5
      vertex -15 13.6 1.5
    endloop
  endfacet
  facet normal 0 0 1
    outer loop
      vertex -15.1463 13.6077 1.5
      vertex -15.2613 12.5137 1.5
      vertex -15 12.5 1.5
    endloop
  endfacet
  facet normal 0 0 1
    outer loop
      vertex -15.2911 13.6306 1.5
      vertex -15.2613 12.5137 1.5
      vertex -15.1463 13.6077 1.5
    endloop
  endfacet
  facet normal 0 0 1
    outer loop
      vertex -15.5198 12.5546 1.5
      vertex -15.2911 13.6306 1.5
      vertex -15.4326 13.6685 1.5
    endloop
  endfacet
  facet normal 0 0 1
    outer loop
      vertex -15.2911 13.6306 1.5
      vertex -15.5198 12.5546 1.5
      vertex -15.2613 12.5137 1.5
    endloop
  endfacet
  facet normal 0 0 1
    outer loop
      vertex -15.7725 12.6224 1.5
      vertex -15.4326 13.6685 1.5
      vertex -15.5694 13.721 1.5
    endloop
  endfacet
  facet normal 0 0 1
    outer loop
      vertex -16.0168 12.7161 1.5
      vertex -15.5694 13.721 1.5
      vertex -15.7 13.7876 1.5
    endloop
  endfacet
  facet normal 0 0 1
    outer loop
      vertex -15.4326 13.6685 1.5
      vertex -15.7725 12.6224 1.5
      vertex -15.5198 12.5546 1.5
    endloop
  endfacet
  facet normal 0 0 1
    outer loop
      vertex -16.25 12.8349 1.5
      vertex -15.7 13.7876 1.5
      vertex -15.8229 13.8674 1.5
    endloop
  endfacet
  facet normal 0 0 1
    outer loop
      vertex -16.4695 12.9775 1.5
      vertex -15.8229 13.8674 1.5
      vertex -15.9368 13.9596 1.5
    endloop
  endfacet
  facet normal 0 0 1
    outer loop
      vertex -15.5694 13.721 1.5
      vertex -16.0168 12.7161 1.5
      vertex -15.7725 12.6224 1.5
    endloop
  endfacet
  facet normal 0 0 1
    outer loop
      vertex -16.4695 12.9775 1.5
      vertex -15.9368 13.9596 1.5
      vertex -16.0404 14.0632 1.5
    endloop
  endfacet
  facet normal 0 0 1
    outer loop
      vertex -16.4695 12.9775 1.5
      vertex -16.0404 14.0632 1.5
      vertex -16.1326 14.1771 1.5
    endloop
  endfacet
  facet normal 0 0 1
    outer loop
      vertex -16.4695 12.9775 1.5
      vertex -16.1326 14.1771 1.5
      vertex -16.2124 14.3 1.5
    endloop
  endfacet
  facet normal 0 0 1
    outer loop
      vertex -15.7 13.7876 1.5
      vertex -16.25 12.8349 1.5
      vertex -16.0168 12.7161 1.5
    endloop
  endfacet
  facet normal 0 0 1
    outer loop
      vertex -16.4695 12.9775 1.5
      vertex -16.2124 14.3 1.5
      vertex -16.279 14.4306 1.5
    endloop
  endfacet
  facet normal 0 0 1
    outer loop
      vertex -16.4695 12.9775 1.5
      vertex -16.279 14.4306 1.5
      vertex -16.3315 14.5674 1.5
    endloop
  endfacet
  facet normal 0 0 1
    outer loop
      vertex -16.4695 12.9775 1.5
      vertex -16.3315 14.5674 1.5
      vertex -16.3694 14.7089 1.5
    endloop
  endfacet
  facet normal 0 0 1
    outer loop
      vertex -16.4695 12.9775 1.5
      vertex -16.3694 14.7089 1.5
      vertex -16.3923 14.8537 1.5
    endloop
  endfacet
  facet normal 0 0 1
    outer loop
      vertex -15.8229 13.8674 1.5
      vertex -16.4695 12.9775 1.5
      vertex -16.25 12.8349 1.5
    endloop
  endfacet
  facet normal 0 0 1
    outer loop
      vertex -16.4695 12.9775 1.5
      vertex -16.3923 14.8537 1.5
      vertex -16.4 15 1.5
    endloop
  endfacet
  facet normal -0.987713 -0.156277 0
    outer loop
      vertex -12.5137 15.2613 1.5
      vertex -12.5546 15.5198 3
      vertex -12.5546 15.5198 1.5
    endloop
  endfacet
  facet normal -0.987713 -0.156277 0
    outer loop
      vertex -12.5546 15.5198 3
      vertex -12.5137 15.2613 1.5
      vertex -12.5137 15.2613 3
    endloop
  endfacet
  facet normal -0.965841 -0.259137 0
    outer loop
      vertex -12.5546 15.5198 1.5
      vertex -12.6224 15.7725 3
      vertex -12.6224 15.7725 1.5
    endloop
  endfacet
  facet normal -0.965841 -0.259137 0
    outer loop
      vertex -12.6224 15.7725 3
      vertex -12.5546 15.5198 1.5
      vertex -12.5546 15.5198 3
    endloop
  endfacet
  facet normal -0.93368 -0.358108 0
    outer loop
      vertex -12.6224 15.7725 1.5
      vertex -12.7161 16.0168 3
      vertex -12.7161 16.0168 1.5
    endloop
  endfacet
  facet normal -0.93368 -0.358108 0
    outer loop
      vertex -12.7161 16.0168 3
      vertex -12.6224 15.7725 1.5
      vertex -12.6224 15.7725 3
    endloop
  endfacet
  facet normal -0.7772 -0.629253 0
    outer loop
      vertex -12.9775 16.4695 1.5
      vertex -13.1421 16.6728 3
      vertex -13.1421 16.6728 1.5
    endloop
  endfacet
  facet normal -0.7772 -0.629253 0
    outer loop
      vertex -13.1421 16.6728 3
      vertex -12.9775 16.4695 1.5
      vertex -12.9775 16.4695 3
    endloop
  endfacet
  facet normal -0.998628 -0.0523582 0
    outer loop
      vertex -12.5 15 1.5
      vertex -12.5137 15.2613 3
      vertex -12.5137 15.2613 1.5
    endloop
  endfacet
  facet normal -0.998628 -0.0523582 0
    outer loop
      vertex -12.5137 15.2613 3
      vertex -12.5 15 1.5
      vertex -12.5 15 3
    endloop
  endfacet
  facet normal -0.0523582 0.998628 0
    outer loop
      vertex -14.7387 12.5137 1.5
      vertex -15 12.5 3
      vertex -14.7387 12.5137 3
    endloop
  endfacet
  facet normal -0.0523582 0.998628 0
    outer loop
      vertex -15 12.5 3
      vertex -14.7387 12.5137 1.5
      vertex -15 12.5 1.5
    endloop
  endfacet
  facet normal -0.891021 0.453962 0
    outer loop
      vertex -12.7161 13.9832 1.5
      vertex -12.7913 13.8356 2.2
      vertex -12.7161 13.9832 3
    endloop
  endfacet
  facet normal -0.891039 0.453926 -9.60689e-06
    outer loop
      vertex -12.8349 13.75 1.5
      vertex -12.7913 13.8356 2.2
      vertex -12.7161 13.9832 1.5
    endloop
  endfacet
  facet normal -0.891071 0.453863 0
    outer loop
      vertex -12.7913 13.8356 2.2
      vertex -12.8349 13.75 1.5
      vertex -12.8349 13.75 2.2
    endloop
  endfacet
  facet normal -0.891021 0.453962 0
    outer loop
      vertex -12.7161 13.9832 3
      vertex -12.7913 13.8356 2.2
      vertex -12.7913 13.8356 3
    endloop
  endfacet
  facet normal -0.259137 0.965841 0
    outer loop
      vertex -14.2275 12.6224 1.5
      vertex -14.4802 12.5546 3
      vertex -14.2275 12.6224 3
    endloop
  endfacet
  facet normal -0.259137 0.965841 0
    outer loop
      vertex -14.4802 12.5546 3
      vertex -14.2275 12.6224 1.5
      vertex -14.4802 12.5546 1.5
    endloop
  endfacet
  facet normal -0.707107 0.707107 0
    outer loop
      vertex -13.3272 13.1421 1.5
      vertex -13.1421 13.3272 2.2
      vertex -13.1421 13.3272 1.5
    endloop
  endfacet
  facet normal -0.707107 0.707107 0
    outer loop
      vertex -13.1421 13.3272 2.2
      vertex -13.3272 13.1421 1.5
      vertex -13.3272 13.1421 2.2
    endloop
  endfacet
  facet normal -0.629253 0.7772 0
    outer loop
      vertex -13.3272 13.1421 1.5
      vertex -13.5305 12.9775 2.2
      vertex -13.3272 13.1421 2.2
    endloop
  endfacet
  facet normal -0.629253 0.7772 0
    outer loop
      vertex -13.5305 12.9775 2.2
      vertex -13.3272 13.1421 1.5
      vertex -13.5305 12.9775 1.5
    endloop
  endfacet
  facet normal -0.453863 0.891071 0
    outer loop
      vertex -13.75 12.8349 2.2
      vertex -13.75 12.8349 1.5
      vertex -13.8356 12.7913 2.2
    endloop
  endfacet
  facet normal -0.453962 0.891021 0
    outer loop
      vertex -13.8356 12.7913 2.2
      vertex -13.9832 12.7161 3
      vertex -13.8356 12.7913 3
    endloop
  endfacet
  facet normal -0.453926 0.891039 -9.60689e-06
    outer loop
      vertex -13.9832 12.7161 1.5
      vertex -13.8356 12.7913 2.2
      vertex -13.75 12.8349 1.5
    endloop
  endfacet
  facet normal -0.453962 0.891021 0
    outer loop
      vertex -13.8356 12.7913 2.2
      vertex -13.9832 12.7161 1.5
      vertex -13.9832 12.7161 3
    endloop
  endfacet
  facet normal 0.0523582 0.998628 -0
    outer loop
      vertex -15 12.5 1.5
      vertex -15.2613 12.5137 3
      vertex -15 12.5 3
    endloop
  endfacet
  facet normal 0.0523582 0.998628 0
    outer loop
      vertex -15.2613 12.5137 3
      vertex -15 12.5 1.5
      vertex -15.2613 12.5137 1.5
    endloop
  endfacet
  facet normal 0.358108 0.93368 -0
    outer loop
      vertex -15.7725 12.6224 1.5
      vertex -16.0168 12.7161 3
      vertex -15.7725 12.6224 3
    endloop
  endfacet
  facet normal 0.358108 0.93368 0
    outer loop
      vertex -16.0168 12.7161 3
      vertex -15.7725 12.6224 1.5
      vertex -16.0168 12.7161 1.5
    endloop
  endfacet
  facet normal 0.544787 0.838575 -0
    outer loop
      vertex -16.25 12.8349 1.5
      vertex -16.4695 12.9775 3
      vertex -16.25 12.8349 3
    endloop
  endfacet
  facet normal 0.544787 0.838575 0
    outer loop
      vertex -16.4695 12.9775 3
      vertex -16.25 12.8349 1.5
      vertex -16.4695 12.9775 1.5
    endloop
  endfacet
  facet normal 0.777183 0.629275 0
    outer loop
      vertex -16.8579 13.3272 3
      vertex -17 13.5027 1.5
      vertex -17 13.5027 3
    endloop
  endfacet
  facet normal 0.777183 0.629275 0
    outer loop
      vertex -17 13.5027 1.5
      vertex -16.8579 13.3272 3
      vertex -16.8579 13.3272 1.5
    endloop
  endfacet
  facet normal -0.987713 0.156277 0
    outer loop
      vertex -12.5546 14.4802 1.5
      vertex -12.5137 14.7387 3
      vertex -12.5137 14.7387 1.5
    endloop
  endfacet
  facet normal -0.987713 0.156277 0
    outer loop
      vertex -12.5137 14.7387 3
      vertex -12.5546 14.4802 1.5
      vertex -12.5546 14.4802 3
    endloop
  endfacet
  facet normal -0.7772 0.629253 0
    outer loop
      vertex -13.1421 13.3272 1.5
      vertex -12.9775 13.5305 2.2
      vertex -12.9775 13.5305 1.5
    endloop
  endfacet
  facet normal -0.7772 0.629253 0
    outer loop
      vertex -12.9775 13.5305 2.2
      vertex -13.1421 13.3272 1.5
      vertex -13.1421 13.3272 2.2
    endloop
  endfacet
  facet normal -0.838575 0.544787 0
    outer loop
      vertex -12.9775 13.5305 1.5
      vertex -12.8349 13.75 2.2
      vertex -12.8349 13.75 1.5
    endloop
  endfacet
  facet normal -0.838575 0.544787 0
    outer loop
      vertex -12.8349 13.75 2.2
      vertex -12.9775 13.5305 1.5
      vertex -12.9775 13.5305 2.2
    endloop
  endfacet
  facet normal -0.156277 0.987713 0
    outer loop
      vertex -14.4802 12.5546 1.5
      vertex -14.7387 12.5137 3
      vertex -14.4802 12.5546 3
    endloop
  endfacet
  facet normal -0.156277 0.987713 0
    outer loop
      vertex -14.7387 12.5137 3
      vertex -14.4802 12.5546 1.5
      vertex -14.7387 12.5137 1.5
    endloop
  endfacet
  facet normal -0.358108 0.93368 0
    outer loop
      vertex -13.9832 12.7161 1.5
      vertex -14.2275 12.6224 3
      vertex -13.9832 12.7161 3
    endloop
  endfacet
  facet normal -0.358108 0.93368 0
    outer loop
      vertex -14.2275 12.6224 3
      vertex -13.9832 12.7161 1.5
      vertex -14.2275 12.6224 1.5
    endloop
  endfacet
  facet normal -0.544787 0.838575 0
    outer loop
      vertex -13.5305 12.9775 1.5
      vertex -13.75 12.8349 2.2
      vertex -13.5305 12.9775 2.2
    endloop
  endfacet
  facet normal -0.544787 0.838575 0
    outer loop
      vertex -13.75 12.8349 2.2
      vertex -13.5305 12.9775 1.5
      vertex -13.75 12.8349 1.5
    endloop
  endfacet
  facet normal 0.259137 0.965841 -0
    outer loop
      vertex -15.5198 12.5546 1.5
      vertex -15.7725 12.6224 3
      vertex -15.5198 12.5546 3
    endloop
  endfacet
  facet normal 0.259137 0.965841 0
    outer loop
      vertex -15.7725 12.6224 3
      vertex -15.5198 12.5546 1.5
      vertex -15.7725 12.6224 1.5
    endloop
  endfacet
  facet normal 0.629253 0.7772 -0
    outer loop
      vertex -16.4695 12.9775 1.5
      vertex -16.6728 13.1421 3
      vertex -16.4695 12.9775 3
    endloop
  endfacet
  facet normal 0.629253 0.7772 0
    outer loop
      vertex -16.6728 13.1421 3
      vertex -16.4695 12.9775 1.5
      vertex -16.6728 13.1421 1.5
    endloop
  endfacet
  facet normal -0.965841 0.259137 0
    outer loop
      vertex -12.6224 14.2275 1.5
      vertex -12.5546 14.4802 3
      vertex -12.5546 14.4802 1.5
    endloop
  endfacet
  facet normal -0.965841 0.259137 0
    outer loop
      vertex -12.5546 14.4802 3
      vertex -12.6224 14.2275 1.5
      vertex -12.6224 14.2275 3
    endloop
  endfacet
  facet normal -0.93368 0.358108 0
    outer loop
      vertex -12.7161 13.9832 1.5
      vertex -12.6224 14.2275 3
      vertex -12.6224 14.2275 1.5
    endloop
  endfacet
  facet normal -0.93368 0.358108 0
    outer loop
      vertex -12.6224 14.2275 3
      vertex -12.7161 13.9832 1.5
      vertex -12.7161 13.9832 3
    endloop
  endfacet
  facet normal -0.629179 -0.777261 0
    outer loop
      vertex 15.8229 -13.8674 0
      vertex 15.9368 -13.9596 1.5
      vertex 15.8229 -13.8674 1.5
    endloop
  endfacet
  facet normal -0.629179 -0.777261 -0
    outer loop
      vertex 15.9368 -13.9596 1.5
      vertex 15.8229 -13.8674 0
      vertex 15.9368 -13.9596 0
    endloop
  endfacet
  facet normal 0.258725 -0.965951 0
    outer loop
      vertex 14.5674 -13.6685 0
      vertex 14.7089 -13.6306 1.5
      vertex 14.5674 -13.6685 1.5
    endloop
  endfacet
  facet normal 0.258725 -0.965951 0
    outer loop
      vertex 14.7089 -13.6306 1.5
      vertex 14.5674 -13.6685 0
      vertex 14.7089 -13.6306 0
    endloop
  endfacet
  facet normal 0.890852 -0.454294 0
    outer loop
      vertex 13.721 -14.4306 1.5
      vertex 13.7876 -14.3 0
      vertex 13.7876 -14.3 1.5
    endloop
  endfacet
  facet normal 0.890852 -0.454294 0
    outer loop
      vertex 13.7876 -14.3 0
      vertex 13.721 -14.4306 1.5
      vertex 13.721 -14.4306 0
    endloop
  endfacet
  facet normal 0.454294 0.890852 -0
    outer loop
      vertex 14.4306 -16.279 0
      vertex 14.3 -16.2124 1.5
      vertex 14.4306 -16.279 1.5
    endloop
  endfacet
  facet normal 0.454294 0.890852 0
    outer loop
      vertex 14.3 -16.2124 1.5
      vertex 14.4306 -16.279 0
      vertex 14.3 -16.2124 0
    endloop
  endfacet
  facet normal -0.890852 -0.454294 0
    outer loop
      vertex 16.279 -14.4306 0
      vertex 16.2124 -14.3 1.5
      vertex 16.2124 -14.3 0
    endloop
  endfacet
  facet normal -0.890852 -0.454294 0
    outer loop
      vertex 16.2124 -14.3 1.5
      vertex 16.279 -14.4306 0
      vertex 16.279 -14.4306 1.5
    endloop
  endfacet
  facet normal -0.838709 -0.544581 0
    outer loop
      vertex 16.2124 -14.3 0
      vertex 16.1326 -14.1771 1.5
      vertex 16.1326 -14.1771 0
    endloop
  endfacet
  facet normal -0.838709 -0.544581 0
    outer loop
      vertex 16.1326 -14.1771 1.5
      vertex 16.2124 -14.3 0
      vertex 16.2124 -14.3 1.5
    endloop
  endfacet
  facet normal -0.358293 -0.933609 0
    outer loop
      vertex 15.4326 -13.6685 0
      vertex 15.5694 -13.721 1.5
      vertex 15.4326 -13.6685 1.5
    endloop
  endfacet
  facet normal -0.358293 -0.933609 -0
    outer loop
      vertex 15.5694 -13.721 1.5
      vertex 15.4326 -13.6685 0
      vertex 15.5694 -13.721 0
    endloop
  endfacet
  facet normal -0.0525588 -0.998618 0
    outer loop
      vertex 15 -13.6 0
      vertex 15.1463 -13.6077 1.5
      vertex 15 -13.6 1.5
    endloop
  endfacet
  facet normal -0.0525588 -0.998618 -0
    outer loop
      vertex 15.1463 -13.6077 1.5
      vertex 15 -13.6 0
      vertex 15.1463 -13.6077 0
    endloop
  endfacet
  facet normal 0.987724 -0.156208 0
    outer loop
      vertex 13.6077 -14.8537 1.5
      vertex 13.6306 -14.7089 0
      vertex 13.6306 -14.7089 1.5
    endloop
  endfacet
  facet normal 0.987724 -0.156208 0
    outer loop
      vertex 13.6306 -14.7089 0
      vertex 13.6077 -14.8537 1.5
      vertex 13.6077 -14.8537 0
    endloop
  endfacet
  facet normal 0.707107 -0.707107 0
    outer loop
      vertex 13.9596 -14.0632 1.5
      vertex 14.0632 -13.9596 0
      vertex 14.0632 -13.9596 1.5
    endloop
  endfacet
  facet normal 0.707107 -0.707107 0
    outer loop
      vertex 14.0632 -13.9596 0
      vertex 13.9596 -14.0632 1.5
      vertex 13.9596 -14.0632 0
    endloop
  endfacet
  facet normal 0.0525588 -0.998618 0
    outer loop
      vertex 14.8537 -13.6077 0
      vertex 15 -13.6 1.5
      vertex 14.8537 -13.6077 1.5
    endloop
  endfacet
  facet normal 0.0525588 -0.998618 0
    outer loop
      vertex 15 -13.6 1.5
      vertex 14.8537 -13.6077 0
      vertex 15 -13.6 0
    endloop
  endfacet
  facet normal -0.998618 0.0525588 0
    outer loop
      vertex 16.3923 -15.1463 0
      vertex 16.4 -15 1.5
      vertex 16.4 -15 0
    endloop
  endfacet
  facet normal -0.998618 0.0525588 0
    outer loop
      vertex 16.4 -15 1.5
      vertex 16.3923 -15.1463 0
      vertex 16.3923 -15.1463 1.5
    endloop
  endfacet
  facet normal -0.777261 0.629179 0
    outer loop
      vertex 16.0404 -15.9368 0
      vertex 16.1326 -15.8229 1.5
      vertex 16.1326 -15.8229 0
    endloop
  endfacet
  facet normal -0.777261 0.629179 0
    outer loop
      vertex 16.1326 -15.8229 1.5
      vertex 16.0404 -15.9368 0
      vertex 16.0404 -15.9368 1.5
    endloop
  endfacet
  facet normal 0.156208 0.987724 -0
    outer loop
      vertex 14.8537 -16.3923 0
      vertex 14.7089 -16.3694 1.5
      vertex 14.8537 -16.3923 1.5
    endloop
  endfacet
  facet normal 0.156208 0.987724 0
    outer loop
      vertex 14.7089 -16.3694 1.5
      vertex 14.8537 -16.3923 0
      vertex 14.7089 -16.3694 0
    endloop
  endfacet
  facet normal 0.707107 0.707107 -0
    outer loop
      vertex 14.0632 -16.0404 0
      vertex 13.9596 -15.9368 1.5
      vertex 14.0632 -16.0404 1.5
    endloop
  endfacet
  facet normal 0.707107 0.707107 0
    outer loop
      vertex 13.9596 -15.9368 1.5
      vertex 14.0632 -16.0404 0
      vertex 13.9596 -15.9368 0
    endloop
  endfacet
  facet normal 0.998618 0.0525588 0
    outer loop
      vertex 13.6077 -15.1463 1.5
      vertex 13.6 -15 0
      vertex 13.6 -15 1.5
    endloop
  endfacet
  facet normal 0.998618 0.0525588 0
    outer loop
      vertex 13.6 -15 0
      vertex 13.6077 -15.1463 1.5
      vertex 13.6077 -15.1463 0
    endloop
  endfacet
  facet normal 0.777261 0.629179 0
    outer loop
      vertex 13.9596 -15.9368 1.5
      vertex 13.8674 -15.8229 0
      vertex 13.8674 -15.8229 1.5
    endloop
  endfacet
  facet normal 0.777261 0.629179 0
    outer loop
      vertex 13.8674 -15.8229 0
      vertex 13.9596 -15.9368 1.5
      vertex 13.9596 -15.9368 0
    endloop
  endfacet
  facet normal -0.987724 -0.156208 0
    outer loop
      vertex 16.3923 -14.8537 0
      vertex 16.3694 -14.7089 1.5
      vertex 16.3694 -14.7089 0
    endloop
  endfacet
  facet normal -0.987724 -0.156208 0
    outer loop
      vertex 16.3694 -14.7089 1.5
      vertex 16.3923 -14.8537 0
      vertex 16.3923 -14.8537 1.5
    endloop
  endfacet
  facet normal -0.965951 -0.258725 0
    outer loop
      vertex 16.3694 -14.7089 0
      vertex 16.3315 -14.5674 1.5
      vertex 16.3315 -14.5674 0
    endloop
  endfacet
  facet normal -0.965951 -0.258725 0
    outer loop
      vertex 16.3315 -14.5674 1.5
      vertex 16.3694 -14.7089 0
      vertex 16.3694 -14.7089 1.5
    endloop
  endfacet
  facet normal -0.933609 -0.358293 0
    outer loop
      vertex 16.3315 -14.5674 0
      vertex 16.279 -14.4306 1.5
      vertex 16.279 -14.4306 0
    endloop
  endfacet
  facet normal -0.933609 -0.358293 0
    outer loop
      vertex 16.279 -14.4306 1.5
      vertex 16.3315 -14.5674 0
      vertex 16.3315 -14.5674 1.5
    endloop
  endfacet
  facet normal -0.777261 -0.629179 0
    outer loop
      vertex 16.1326 -14.1771 0
      vertex 16.0404 -14.0632 1.5
      vertex 16.0404 -14.0632 0
    endloop
  endfacet
  facet normal -0.777261 -0.629179 0
    outer loop
      vertex 16.0404 -14.0632 1.5
      vertex 16.1326 -14.1771 0
      vertex 16.1326 -14.1771 1.5
    endloop
  endfacet
  facet normal -0.707107 -0.707107 0
    outer loop
      vertex 16.0404 -14.0632 0
      vertex 15.9368 -13.9596 1.5
      vertex 15.9368 -13.9596 0
    endloop
  endfacet
  facet normal -0.707107 -0.707107 0
    outer loop
      vertex 15.9368 -13.9596 1.5
      vertex 16.0404 -14.0632 0
      vertex 16.0404 -14.0632 1.5
    endloop
  endfacet
  facet normal -0.544581 -0.838709 0
    outer loop
      vertex 15.7 -13.7876 0
      vertex 15.8229 -13.8674 1.5
      vertex 15.7 -13.7876 1.5
    endloop
  endfacet
  facet normal -0.544581 -0.838709 -0
    outer loop
      vertex 15.8229 -13.8674 1.5
      vertex 15.7 -13.7876 0
      vertex 15.8229 -13.8674 0
    endloop
  endfacet
  facet normal -0.454294 -0.890852 0
    outer loop
      vertex 15.5694 -13.721 0
      vertex 15.7 -13.7876 1.5
      vertex 15.5694 -13.721 1.5
    endloop
  endfacet
  facet normal -0.454294 -0.890852 -0
    outer loop
      vertex 15.7 -13.7876 1.5
      vertex 15.5694 -13.721 0
      vertex 15.7 -13.7876 0
    endloop
  endfacet
  facet normal -0.258725 -0.965951 0
    outer loop
      vertex 15.2911 -13.6306 0
      vertex 15.4326 -13.6685 1.5
      vertex 15.2911 -13.6306 1.5
    endloop
  endfacet
  facet normal -0.258725 -0.965951 -0
    outer loop
      vertex 15.4326 -13.6685 1.5
      vertex 15.2911 -13.6306 0
      vertex 15.4326 -13.6685 0
    endloop
  endfacet
  facet normal -0.156208 -0.987724 0
    outer loop
      vertex 15.1463 -13.6077 0
      vertex 15.2911 -13.6306 1.5
      vertex 15.1463 -13.6077 1.5
    endloop
  endfacet
  facet normal -0.156208 -0.987724 -0
    outer loop
      vertex 15.2911 -13.6306 1.5
      vertex 15.1463 -13.6077 0
      vertex 15.2911 -13.6306 0
    endloop
  endfacet
  facet normal 0.998618 -0.0525588 0
    outer loop
      vertex 13.6 -15 1.5
      vertex 13.6077 -14.8537 0
      vertex 13.6077 -14.8537 1.5
    endloop
  endfacet
  facet normal 0.998618 -0.0525588 0
    outer loop
      vertex 13.6077 -14.8537 0
      vertex 13.6 -15 1.5
      vertex 13.6 -15 0
    endloop
  endfacet
  facet normal 0.933609 -0.358293 0
    outer loop
      vertex 13.6685 -14.5674 1.5
      vertex 13.721 -14.4306 0
      vertex 13.721 -14.4306 1.5
    endloop
  endfacet
  facet normal 0.933609 -0.358293 0
    outer loop
      vertex 13.721 -14.4306 0
      vertex 13.6685 -14.5674 1.5
      vertex 13.6685 -14.5674 0
    endloop
  endfacet
  facet normal 0.965951 -0.258725 0
    outer loop
      vertex 13.6306 -14.7089 1.5
      vertex 13.6685 -14.5674 0
      vertex 13.6685 -14.5674 1.5
    endloop
  endfacet
  facet normal 0.965951 -0.258725 0
    outer loop
      vertex 13.6685 -14.5674 0
      vertex 13.6306 -14.7089 1.5
      vertex 13.6306 -14.7089 0
    endloop
  endfacet
  facet normal 0.838709 -0.544581 0
    outer loop
      vertex 13.7876 -14.3 1.5
      vertex 13.8674 -14.1771 0
      vertex 13.8674 -14.1771 1.5
    endloop
  endfacet
  facet normal 0.838709 -0.544581 0
    outer loop
      vertex 13.8674 -14.1771 0
      vertex 13.7876 -14.3 1.5
      vertex 13.7876 -14.3 0
    endloop
  endfacet
  facet normal 0.777261 -0.629179 0
    outer loop
      vertex 13.8674 -14.1771 1.5
      vertex 13.9596 -14.0632 0
      vertex 13.9596 -14.0632 1.5
    endloop
  endfacet
  facet normal 0.777261 -0.629179 0
    outer loop
      vertex 13.9596 -14.0632 0
      vertex 13.8674 -14.1771 1.5
      vertex 13.8674 -14.1771 0
    endloop
  endfacet
  facet normal 0.156208 -0.987724 0
    outer loop
      vertex 14.7089 -13.6306 0
      vertex 14.8537 -13.6077 1.5
      vertex 14.7089 -13.6306 1.5
    endloop
  endfacet
  facet normal 0.156208 -0.987724 0
    outer loop
      vertex 14.8537 -13.6077 1.5
      vertex 14.7089 -13.6306 0
      vertex 14.8537 -13.6077 0
    endloop
  endfacet
  facet normal 0.454294 -0.890852 0
    outer loop
      vertex 14.3 -13.7876 0
      vertex 14.4306 -13.721 1.5
      vertex 14.3 -13.7876 1.5
    endloop
  endfacet
  facet normal 0.454294 -0.890852 0
    outer loop
      vertex 14.4306 -13.721 1.5
      vertex 14.3 -13.7876 0
      vertex 14.4306 -13.721 0
    endloop
  endfacet
  facet normal 0.544581 -0.838709 0
    outer loop
      vertex 14.1771 -13.8674 0
      vertex 14.3 -13.7876 1.5
      vertex 14.1771 -13.8674 1.5
    endloop
  endfacet
  facet normal 0.544581 -0.838709 0
    outer loop
      vertex 14.3 -13.7876 1.5
      vertex 14.1771 -13.8674 0
      vertex 14.3 -13.7876 0
    endloop
  endfacet
  facet normal 0.358293 -0.933609 0
    outer loop
      vertex 14.4306 -13.721 0
      vertex 14.5674 -13.6685 1.5
      vertex 14.4306 -13.721 1.5
    endloop
  endfacet
  facet normal 0.358293 -0.933609 0
    outer loop
      vertex 14.5674 -13.6685 1.5
      vertex 14.4306 -13.721 0
      vertex 14.5674 -13.6685 0
    endloop
  endfacet
  facet normal 0.629179 -0.777261 0
    outer loop
      vertex 14.0632 -13.9596 0
      vertex 14.1771 -13.8674 1.5
      vertex 14.0632 -13.9596 1.5
    endloop
  endfacet
  facet normal 0.629179 -0.777261 0
    outer loop
      vertex 14.1771 -13.8674 1.5
      vertex 14.0632 -13.9596 0
      vertex 14.1771 -13.8674 0
    endloop
  endfacet
  facet normal -0.998618 -0.0525588 0
    outer loop
      vertex 16.4 -15 0
      vertex 16.3923 -14.8537 1.5
      vertex 16.3923 -14.8537 0
    endloop
  endfacet
  facet normal -0.998618 -0.0525588 0
    outer loop
      vertex 16.3923 -14.8537 1.5
      vertex 16.4 -15 0
      vertex 16.4 -15 1.5
    endloop
  endfacet
  facet normal -0.0525588 0.998618 0
    outer loop
      vertex 15.1463 -16.3923 0
      vertex 15 -16.4 1.5
      vertex 15.1463 -16.3923 1.5
    endloop
  endfacet
  facet normal -0.0525588 0.998618 0
    outer loop
      vertex 15 -16.4 1.5
      vertex 15.1463 -16.3923 0
      vertex 15 -16.4 0
    endloop
  endfacet
  facet normal -0.965951 0.258725 0
    outer loop
      vertex 16.3315 -15.4326 0
      vertex 16.3694 -15.2911 1.5
      vertex 16.3694 -15.2911 0
    endloop
  endfacet
  facet normal -0.965951 0.258725 0
    outer loop
      vertex 16.3694 -15.2911 1.5
      vertex 16.3315 -15.4326 0
      vertex 16.3315 -15.4326 1.5
    endloop
  endfacet
  facet normal -0.258725 0.965951 0
    outer loop
      vertex 15.4326 -16.3315 0
      vertex 15.2911 -16.3694 1.5
      vertex 15.4326 -16.3315 1.5
    endloop
  endfacet
  facet normal -0.258725 0.965951 0
    outer loop
      vertex 15.2911 -16.3694 1.5
      vertex 15.4326 -16.3315 0
      vertex 15.2911 -16.3694 0
    endloop
  endfacet
  facet normal -0.629179 0.777261 0
    outer loop
      vertex 15.9368 -16.0404 0
      vertex 15.8229 -16.1326 1.5
      vertex 15.9368 -16.0404 1.5
    endloop
  endfacet
  facet normal -0.629179 0.777261 0
    outer loop
      vertex 15.8229 -16.1326 1.5
      vertex 15.9368 -16.0404 0
      vertex 15.8229 -16.1326 0
    endloop
  endfacet
  facet normal -0.454294 0.890852 0
    outer loop
      vertex 15.7 -16.2124 0
      vertex 15.5694 -16.279 1.5
      vertex 15.7 -16.2124 1.5
    endloop
  endfacet
  facet normal -0.454294 0.890852 0
    outer loop
      vertex 15.5694 -16.279 1.5
      vertex 15.7 -16.2124 0
      vertex 15.5694 -16.279 0
    endloop
  endfacet
  facet normal -0.890852 0.454294 0
    outer loop
      vertex 16.2124 -15.7 0
      vertex 16.279 -15.5694 1.5
      vertex 16.279 -15.5694 0
    endloop
  endfacet
  facet normal -0.890852 0.454294 0
    outer loop
      vertex 16.279 -15.5694 1.5
      vertex 16.2124 -15.7 0
      vertex 16.2124 -15.7 1.5
    endloop
  endfacet
  facet normal 0.0525588 0.998618 -0
    outer loop
      vertex 15 -16.4 0
      vertex 14.8537 -16.3923 1.5
      vertex 15 -16.4 1.5
    endloop
  endfacet
  facet normal 0.0525588 0.998618 0
    outer loop
      vertex 14.8537 -16.3923 1.5
      vertex 15 -16.4 0
      vertex 14.8537 -16.3923 0
    endloop
  endfacet
  facet normal 0.358293 0.933609 -0
    outer loop
      vertex 14.5674 -16.3315 0
      vertex 14.4306 -16.279 1.5
      vertex 14.5674 -16.3315 1.5
    endloop
  endfacet
  facet normal 0.358293 0.933609 0
    outer loop
      vertex 14.4306 -16.279 1.5
      vertex 14.5674 -16.3315 0
      vertex 14.4306 -16.279 0
    endloop
  endfacet
  facet normal 0.544581 0.838709 -0
    outer loop
      vertex 14.3 -16.2124 0
      vertex 14.1771 -16.1326 1.5
      vertex 14.3 -16.2124 1.5
    endloop
  endfacet
  facet normal 0.544581 0.838709 0
    outer loop
      vertex 14.1771 -16.1326 1.5
      vertex 14.3 -16.2124 0
      vertex 14.1771 -16.1326 0
    endloop
  endfacet
  facet normal 0.987724 0.156208 0
    outer loop
      vertex 13.6306 -15.2911 1.5
      vertex 13.6077 -15.1463 0
      vertex 13.6077 -15.1463 1.5
    endloop
  endfacet
  facet normal 0.987724 0.156208 0
    outer loop
      vertex 13.6077 -15.1463 0
      vertex 13.6306 -15.2911 1.5
      vertex 13.6306 -15.2911 0
    endloop
  endfacet
  facet normal 0.838709 0.544581 0
    outer loop
      vertex 13.8674 -15.8229 1.5
      vertex 13.7876 -15.7 0
      vertex 13.7876 -15.7 1.5
    endloop
  endfacet
  facet normal 0.838709 0.544581 0
    outer loop
      vertex 13.7876 -15.7 0
      vertex 13.8674 -15.8229 1.5
      vertex 13.8674 -15.8229 0
    endloop
  endfacet
  facet normal 0.890852 0.454294 0
    outer loop
      vertex 13.7876 -15.7 1.5
      vertex 13.721 -15.5694 0
      vertex 13.721 -15.5694 1.5
    endloop
  endfacet
  facet normal 0.890852 0.454294 0
    outer loop
      vertex 13.721 -15.5694 0
      vertex 13.7876 -15.7 1.5
      vertex 13.7876 -15.7 0
    endloop
  endfacet
  facet normal 0.933609 0.358293 0
    outer loop
      vertex 13.721 -15.5694 1.5
      vertex 13.6685 -15.4326 0
      vertex 13.6685 -15.4326 1.5
    endloop
  endfacet
  facet normal 0.933609 0.358293 0
    outer loop
      vertex 13.6685 -15.4326 0
      vertex 13.721 -15.5694 1.5
      vertex 13.721 -15.5694 0
    endloop
  endfacet
  facet normal -0.987724 0.156208 0
    outer loop
      vertex 16.3694 -15.2911 0
      vertex 16.3923 -15.1463 1.5
      vertex 16.3923 -15.1463 0
    endloop
  endfacet
  facet normal -0.987724 0.156208 0
    outer loop
      vertex 16.3923 -15.1463 1.5
      vertex 16.3694 -15.2911 0
      vertex 16.3694 -15.2911 1.5
    endloop
  endfacet
  facet normal -0.156208 0.987724 0
    outer loop
      vertex 15.2911 -16.3694 0
      vertex 15.1463 -16.3923 1.5
      vertex 15.2911 -16.3694 1.5
    endloop
  endfacet
  facet normal -0.156208 0.987724 0
    outer loop
      vertex 15.1463 -16.3923 1.5
      vertex 15.2911 -16.3694 0
      vertex 15.1463 -16.3923 0
    endloop
  endfacet
  facet normal -0.358293 0.933609 0
    outer loop
      vertex 15.5694 -16.279 0
      vertex 15.4326 -16.3315 1.5
      vertex 15.5694 -16.279 1.5
    endloop
  endfacet
  facet normal -0.358293 0.933609 0
    outer loop
      vertex 15.4326 -16.3315 1.5
      vertex 15.5694 -16.279 0
      vertex 15.4326 -16.3315 0
    endloop
  endfacet
  facet normal -0.707107 0.707107 0
    outer loop
      vertex 15.9368 -16.0404 0
      vertex 16.0404 -15.9368 1.5
      vertex 16.0404 -15.9368 0
    endloop
  endfacet
  facet normal -0.707107 0.707107 0
    outer loop
      vertex 16.0404 -15.9368 1.5
      vertex 15.9368 -16.0404 0
      vertex 15.9368 -16.0404 1.5
    endloop
  endfacet
  facet normal -0.544581 0.838709 0
    outer loop
      vertex 15.8229 -16.1326 0
      vertex 15.7 -16.2124 1.5
      vertex 15.8229 -16.1326 1.5
    endloop
  endfacet
  facet normal -0.544581 0.838709 0
    outer loop
      vertex 15.7 -16.2124 1.5
      vertex 15.8229 -16.1326 0
      vertex 15.7 -16.2124 0
    endloop
  endfacet
  facet normal -0.933609 0.358293 0
    outer loop
      vertex 16.279 -15.5694 0
      vertex 16.3315 -15.4326 1.5
      vertex 16.3315 -15.4326 0
    endloop
  endfacet
  facet normal -0.933609 0.358293 0
    outer loop
      vertex 16.3315 -15.4326 1.5
      vertex 16.279 -15.5694 0
      vertex 16.279 -15.5694 1.5
    endloop
  endfacet
  facet normal -0.838709 0.544581 0
    outer loop
      vertex 16.1326 -15.8229 0
      vertex 16.2124 -15.7 1.5
      vertex 16.2124 -15.7 0
    endloop
  endfacet
  facet normal -0.838709 0.544581 0
    outer loop
      vertex 16.2124 -15.7 1.5
      vertex 16.1326 -15.8229 0
      vertex 16.1326 -15.8229 1.5
    endloop
  endfacet
  facet normal 0.258725 0.965951 -0
    outer loop
      vertex 14.7089 -16.3694 0
      vertex 14.5674 -16.3315 1.5
      vertex 14.7089 -16.3694 1.5
    endloop
  endfacet
  facet normal 0.258725 0.965951 0
    outer loop
      vertex 14.5674 -16.3315 1.5
      vertex 14.7089 -16.3694 0
      vertex 14.5674 -16.3315 0
    endloop
  endfacet
  facet normal 0.629179 0.777261 -0
    outer loop
      vertex 14.1771 -16.1326 0
      vertex 14.0632 -16.0404 1.5
      vertex 14.1771 -16.1326 1.5
    endloop
  endfacet
  facet normal 0.629179 0.777261 0
    outer loop
      vertex 14.0632 -16.0404 1.5
      vertex 14.1771 -16.1326 0
      vertex 14.0632 -16.0404 0
    endloop
  endfacet
  facet normal 0.965951 0.258725 0
    outer loop
      vertex 13.6685 -15.4326 1.5
      vertex 13.6306 -15.2911 0
      vertex 13.6306 -15.2911 1.5
    endloop
  endfacet
  facet normal 0.965951 0.258725 0
    outer loop
      vertex 13.6306 -15.2911 0
      vertex 13.6685 -15.4326 1.5
      vertex 13.6685 -15.4326 0
    endloop
  endfacet
  facet normal -0.544787 -0.838575 0
    outer loop
      vertex 16.25 -12.8349 1.5
      vertex 16.4695 -12.9775 3
      vertex 16.25 -12.8349 3
    endloop
  endfacet
  facet normal -0.544787 -0.838575 -0
    outer loop
      vertex 16.4695 -12.9775 3
      vertex 16.25 -12.8349 1.5
      vertex 16.4695 -12.9775 1.5
    endloop
  endfacet
  facet normal 0.358108 -0.93368 0
    outer loop
      vertex 13.9832 -12.7161 1.5
      vertex 14.2275 -12.6224 3
      vertex 13.9832 -12.7161 3
    endloop
  endfacet
  facet normal 0.358108 -0.93368 0
    outer loop
      vertex 14.2275 -12.6224 3
      vertex 13.9832 -12.7161 1.5
      vertex 14.2275 -12.6224 1.5
    endloop
  endfacet
  facet normal 0.891021 -0.453962 0
    outer loop
      vertex 12.7913 -13.8356 3
      vertex 12.7161 -13.9832 3
      vertex 12.7913 -13.8356 2.2
    endloop
  endfacet
  facet normal 0.891071 -0.453863 0
    outer loop
      vertex 12.7913 -13.8356 2.2
      vertex 12.8349 -13.75 1.5
      vertex 12.8349 -13.75 2.2
    endloop
  endfacet
  facet normal 0.891021 -0.453962 0
    outer loop
      vertex 12.7161 -13.9832 1.5
      vertex 12.7913 -13.8356 2.2
      vertex 12.7161 -13.9832 3
    endloop
  endfacet
  facet normal 0.891039 -0.453926 -9.60689e-06
    outer loop
      vertex 12.7913 -13.8356 2.2
      vertex 12.7161 -13.9832 1.5
      vertex 12.8349 -13.75 1.5
    endloop
  endfacet
  facet normal 0.891039 0.453926 0
    outer loop
      vertex 12.8349 -16.25 3
      vertex 12.7161 -16.0168 1.5
      vertex 12.7161 -16.0168 3
    endloop
  endfacet
  facet normal 0.891039 0.453926 0
    outer loop
      vertex 12.7161 -16.0168 1.5
      vertex 12.8349 -16.25 3
      vertex 12.8349 -16.25 1.5
    endloop
  endfacet
  facet normal -0.707107 -0.707107 0
    outer loop
      vertex 16.8579 -13.3272 1.5
      vertex 16.6728 -13.1421 3
      vertex 16.6728 -13.1421 1.5
    endloop
  endfacet
  facet normal -0.707107 -0.707107 0
    outer loop
      vertex 16.6728 -13.1421 3
      vertex 16.8579 -13.3272 1.5
      vertex 16.8579 -13.3272 3
    endloop
  endfacet
  facet normal -0.453926 -0.891039 0
    outer loop
      vertex 16.0168 -12.7161 1.5
      vertex 16.25 -12.8349 3
      vertex 16.0168 -12.7161 3
    endloop
  endfacet
  facet normal -0.453926 -0.891039 -0
    outer loop
      vertex 16.25 -12.8349 3
      vertex 16.0168 -12.7161 1.5
      vertex 16.25 -12.8349 1.5
    endloop
  endfacet
  facet normal 0.453863 -0.891071 0
    outer loop
      vertex 13.75 -12.8349 2.2
      vertex 13.75 -12.8349 1.5
      vertex 13.8356 -12.7913 2.2
    endloop
  endfacet
  facet normal 0.453962 -0.891021 0
    outer loop
      vertex 13.8356 -12.7913 2.2
      vertex 13.9832 -12.7161 3
      vertex 13.8356 -12.7913 3
    endloop
  endfacet
  facet normal 0.453926 -0.891039 -9.60689e-06
    outer loop
      vertex 13.9832 -12.7161 1.5
      vertex 13.8356 -12.7913 2.2
      vertex 13.75 -12.8349 1.5
    endloop
  endfacet
  facet normal 0.453962 -0.891021 0
    outer loop
      vertex 13.8356 -12.7913 2.2
      vertex 13.9832 -12.7161 1.5
      vertex 13.9832 -12.7161 3
    endloop
  endfacet
  facet normal 0.544787 -0.838575 0
    outer loop
      vertex 13.5305 -12.9775 1.5
      vertex 13.75 -12.8349 2.2
      vertex 13.5305 -12.9775 2.2
    endloop
  endfacet
  facet normal 0.544787 -0.838575 0
    outer loop
      vertex 13.75 -12.8349 2.2
      vertex 13.5305 -12.9775 1.5
      vertex 13.75 -12.8349 1.5
    endloop
  endfacet
  facet normal -0.777183 -0.629275 0
    outer loop
      vertex 17 -13.5027 1.5
      vertex 16.8579 -13.3272 3
      vertex 16.8579 -13.3272 1.5
    endloop
  endfacet
  facet normal -0.777183 -0.629275 0
    outer loop
      vertex 16.8579 -13.3272 3
      vertex 17 -13.5027 1.5
      vertex 17 -13.5027 3
    endloop
  endfacet
  facet normal -0.0523582 -0.998628 0
    outer loop
      vertex 15 -12.5 1.5
      vertex 15.2613 -12.5137 3
      vertex 15 -12.5 3
    endloop
  endfacet
  facet normal -0.0523582 -0.998628 -0
    outer loop
      vertex 15.2613 -12.5137 3
      vertex 15 -12.5 1.5
      vertex 15.2613 -12.5137 1.5
    endloop
  endfacet
  facet normal -0.358108 -0.93368 0
    outer loop
      vertex 15.7725 -12.6224 1.5
      vertex 16.0168 -12.7161 3
      vertex 15.7725 -12.6224 3
    endloop
  endfacet
  facet normal -0.358108 -0.93368 -0
    outer loop
      vertex 16.0168 -12.7161 3
      vertex 15.7725 -12.6224 1.5
      vertex 16.0168 -12.7161 1.5
    endloop
  endfacet
  facet normal -0.259137 -0.965841 0
    outer loop
      vertex 15.5198 -12.5546 1.5
      vertex 15.7725 -12.6224 3
      vertex 15.5198 -12.5546 3
    endloop
  endfacet
  facet normal -0.259137 -0.965841 -0
    outer loop
      vertex 15.7725 -12.6224 3
      vertex 15.5198 -12.5546 1.5
      vertex 15.7725 -12.6224 1.5
    endloop
  endfacet
  facet normal 0.998628 -0.0523582 0
    outer loop
      vertex 12.5 -15 3
      vertex 12.5137 -14.7387 1.5
      vertex 12.5137 -14.7387 3
    endloop
  endfacet
  facet normal 0.998628 -0.0523582 0
    outer loop
      vertex 12.5137 -14.7387 1.5
      vertex 12.5 -15 3
      vertex 12.5 -15 1.5
    endloop
  endfacet
  facet normal 0.965841 -0.259137 0
    outer loop
      vertex 12.5546 -14.4802 3
      vertex 12.6224 -14.2275 1.5
      vertex 12.6224 -14.2275 3
    endloop
  endfacet
  facet normal 0.965841 -0.259137 0
    outer loop
      vertex 12.6224 -14.2275 1.5
      vertex 12.5546 -14.4802 3
      vertex 12.5546 -14.4802 1.5
    endloop
  endfacet
  facet normal 0.707107 -0.707107 0
    outer loop
      vertex 13.1421 -13.3272 2.2
      vertex 13.3272 -13.1421 1.5
      vertex 13.3272 -13.1421 2.2
    endloop
  endfacet
  facet normal 0.707107 -0.707107 0
    outer loop
      vertex 13.3272 -13.1421 1.5
      vertex 13.1421 -13.3272 2.2
      vertex 13.1421 -13.3272 1.5
    endloop
  endfacet
  facet normal 0.7772 -0.629253 0
    outer loop
      vertex 12.9775 -13.5305 2.2
      vertex 13.1421 -13.3272 1.5
      vertex 13.1421 -13.3272 2.2
    endloop
  endfacet
  facet normal 0.7772 -0.629253 0
    outer loop
      vertex 13.1421 -13.3272 1.5
      vertex 12.9775 -13.5305 2.2
      vertex 12.9775 -13.5305 1.5
    endloop
  endfacet
  facet normal 0.0523582 -0.998628 0
    outer loop
      vertex 14.7387 -12.5137 1.5
      vertex 15 -12.5 3
      vertex 14.7387 -12.5137 3
    endloop
  endfacet
  facet normal 0.0523582 -0.998628 0
    outer loop
      vertex 15 -12.5 3
      vertex 14.7387 -12.5137 1.5
      vertex 15 -12.5 1.5
    endloop
  endfacet
  facet normal 0.156277 -0.987713 0
    outer loop
      vertex 14.4802 -12.5546 1.5
      vertex 14.7387 -12.5137 3
      vertex 14.4802 -12.5546 3
    endloop
  endfacet
  facet normal 0.156277 -0.987713 0
    outer loop
      vertex 14.7387 -12.5137 3
      vertex 14.4802 -12.5546 1.5
      vertex 14.7387 -12.5137 1.5
    endloop
  endfacet
  facet normal 0.629253 -0.7772 0
    outer loop
      vertex 13.3272 -13.1421 1.5
      vertex 13.5305 -12.9775 2.2
      vertex 13.3272 -13.1421 2.2
    endloop
  endfacet
  facet normal 0.629253 -0.7772 0
    outer loop
      vertex 13.5305 -12.9775 2.2
      vertex 13.3272 -13.1421 1.5
      vertex 13.5305 -12.9775 1.5
    endloop
  endfacet
  facet normal 0.707107 0.707107 0
    outer loop
      vertex 13.3272 -16.8579 3
      vertex 13.1421 -16.6728 1.5
      vertex 13.1421 -16.6728 3
    endloop
  endfacet
  facet normal 0.707107 0.707107 0
    outer loop
      vertex 13.1421 -16.6728 1.5
      vertex 13.3272 -16.8579 3
      vertex 13.3272 -16.8579 1.5
    endloop
  endfacet
  facet normal 0.965841 0.259137 0
    outer loop
      vertex 12.6224 -15.7725 3
      vertex 12.5546 -15.5198 1.5
      vertex 12.5546 -15.5198 3
    endloop
  endfacet
  facet normal 0.965841 0.259137 0
    outer loop
      vertex 12.5546 -15.5198 1.5
      vertex 12.6224 -15.7725 3
      vertex 12.6224 -15.7725 1.5
    endloop
  endfacet
  facet normal 0.998628 0.0523582 0
    outer loop
      vertex 12.5137 -15.2613 3
      vertex 12.5 -15 1.5
      vertex 12.5 -15 3
    endloop
  endfacet
  facet normal 0.998628 0.0523582 0
    outer loop
      vertex 12.5 -15 1.5
      vertex 12.5137 -15.2613 3
      vertex 12.5137 -15.2613 1.5
    endloop
  endfacet
  facet normal 0 0 1
    outer loop
      vertex 17 -15 1.5
      vertex 16.3923 -14.8537 1.5
      vertex 16.4 -15 1.5
    endloop
  endfacet
  facet normal 0 0 1
    outer loop
      vertex 16.6728 -13.1421 1.5
      vertex 16.3694 -14.7089 1.5
      vertex 16.3923 -14.8537 1.5
    endloop
  endfacet
  facet normal 0 0 1
    outer loop
      vertex 16.6728 -13.1421 1.5
      vertex 16.3315 -14.5674 1.5
      vertex 16.3694 -14.7089 1.5
    endloop
  endfacet
  facet normal 0 0 1
    outer loop
      vertex 16.6728 -13.1421 1.5
      vertex 16.279 -14.4306 1.5
      vertex 16.3315 -14.5674 1.5
    endloop
  endfacet
  facet normal 0 0 1
    outer loop
      vertex 15.8229 -13.8674 1.5
      vertex 16.4695 -12.9775 1.5
      vertex 16.25 -12.8349 1.5
    endloop
  endfacet
  facet normal 0 0 1
    outer loop
      vertex 16.6728 -13.1421 1.5
      vertex 16.2124 -14.3 1.5
      vertex 16.279 -14.4306 1.5
    endloop
  endfacet
  facet normal 0 0 1
    outer loop
      vertex 16.6728 -13.1421 1.5
      vertex 16.1326 -14.1771 1.5
      vertex 16.2124 -14.3 1.5
    endloop
  endfacet
  facet normal 0 0 1
    outer loop
      vertex 16.6728 -13.1421 1.5
      vertex 16.0404 -14.0632 1.5
      vertex 16.1326 -14.1771 1.5
    endloop
  endfacet
  facet normal 0 0 1
    outer loop
      vertex 15.7 -13.7876 1.5
      vertex 16.25 -12.8349 1.5
      vertex 16.0168 -12.7161 1.5
    endloop
  endfacet
  facet normal 0 0 1
    outer loop
      vertex 16.6728 -13.1421 1.5
      vertex 15.9368 -13.9596 1.5
      vertex 16.0404 -14.0632 1.5
    endloop
  endfacet
  facet normal 0 0 1
    outer loop
      vertex 16.4695 -12.9775 1.5
      vertex 15.8229 -13.8674 1.5
      vertex 15.9368 -13.9596 1.5
    endloop
  endfacet
  facet normal 0 0 1
    outer loop
      vertex 15.5694 -13.721 1.5
      vertex 16.0168 -12.7161 1.5
      vertex 15.7725 -12.6224 1.5
    endloop
  endfacet
  facet normal 0 0 1
    outer loop
      vertex 16.25 -12.8349 1.5
      vertex 15.7 -13.7876 1.5
      vertex 15.8229 -13.8674 1.5
    endloop
  endfacet
  facet normal 0 0 1
    outer loop
      vertex 16.0168 -12.7161 1.5
      vertex 15.5694 -13.721 1.5
      vertex 15.7 -13.7876 1.5
    endloop
  endfacet
  facet normal 0 0 1
    outer loop
      vertex 15.4326 -13.6685 1.5
      vertex 15.7725 -12.6224 1.5
      vertex 15.5198 -12.5546 1.5
    endloop
  endfacet
  facet normal 0 0 1
    outer loop
      vertex 15.7725 -12.6224 1.5
      vertex 15.4326 -13.6685 1.5
      vertex 15.5694 -13.721 1.5
    endloop
  endfacet
  facet normal 0 0 1
    outer loop
      vertex 15.5198 -12.5546 1.5
      vertex 15.2911 -13.6306 1.5
      vertex 15.4326 -13.6685 1.5
    endloop
  endfacet
  facet normal 0 0 1
    outer loop
      vertex 15.2613 -12.5137 1.5
      vertex 15.2911 -13.6306 1.5
      vertex 15.5198 -12.5546 1.5
    endloop
  endfacet
  facet normal 0 0 1
    outer loop
      vertex 15.2613 -12.5137 1.5
      vertex 15.1463 -13.6077 1.5
      vertex 15.2911 -13.6306 1.5
    endloop
  endfacet
  facet normal 0 0 1
    outer loop
      vertex 15 -12.5 1.5
      vertex 15.1463 -13.6077 1.5
      vertex 15.2613 -12.5137 1.5
    endloop
  endfacet
  facet normal 0 0 1
    outer loop
      vertex 15 -12.5 1.5
      vertex 15 -13.6 1.5
      vertex 15.1463 -13.6077 1.5
    endloop
  endfacet
  facet normal 0 0 1
    outer loop
      vertex 15 -12.5 1.5
      vertex 14.8537 -13.6077 1.5
      vertex 15 -13.6 1.5
    endloop
  endfacet
  facet normal -0 0 1
    outer loop
      vertex 14.7387 -12.5137 1.5
      vertex 14.8537 -13.6077 1.5
      vertex 15 -12.5 1.5
    endloop
  endfacet
  facet normal 0 0 1
    outer loop
      vertex 14.7387 -12.5137 1.5
      vertex 14.7089 -13.6306 1.5
      vertex 14.8537 -13.6077 1.5
    endloop
  endfacet
  facet normal -0 0 1
    outer loop
      vertex 14.4802 -12.5546 1.5
      vertex 14.7089 -13.6306 1.5
      vertex 14.7387 -12.5137 1.5
    endloop
  endfacet
  facet normal 0 0 1
    outer loop
      vertex 14.7089 -13.6306 1.5
      vertex 14.4802 -12.5546 1.5
      vertex 14.5674 -13.6685 1.5
    endloop
  endfacet
  facet normal -0 0 1
    outer loop
      vertex 14.2275 -12.6224 1.5
      vertex 14.5674 -13.6685 1.5
      vertex 14.4802 -12.5546 1.5
    endloop
  endfacet
  facet normal 0 0 1
    outer loop
      vertex 14.5674 -13.6685 1.5
      vertex 14.2275 -12.6224 1.5
      vertex 14.4306 -13.721 1.5
    endloop
  endfacet
  facet normal -0 0 1
    outer loop
      vertex 13.9832 -12.7161 1.5
      vertex 14.4306 -13.721 1.5
      vertex 14.2275 -12.6224 1.5
    endloop
  endfacet
  facet normal 0 0 1
    outer loop
      vertex 14.4306 -13.721 1.5
      vertex 13.9832 -12.7161 1.5
      vertex 14.3 -13.7876 1.5
    endloop
  endfacet
  facet normal -0 0 1
    outer loop
      vertex 13.75 -12.8349 1.5
      vertex 14.3 -13.7876 1.5
      vertex 13.9832 -12.7161 1.5
    endloop
  endfacet
  facet normal 0 0 1
    outer loop
      vertex 14.3 -13.7876 1.5
      vertex 13.75 -12.8349 1.5
      vertex 14.1771 -13.8674 1.5
    endloop
  endfacet
  facet normal -0 0 1
    outer loop
      vertex 13.5305 -12.9775 1.5
      vertex 14.1771 -13.8674 1.5
      vertex 13.75 -12.8349 1.5
    endloop
  endfacet
  facet normal 0 0 1
    outer loop
      vertex 14.1771 -13.8674 1.5
      vertex 13.5305 -12.9775 1.5
      vertex 14.0632 -13.9596 1.5
    endloop
  endfacet
  facet normal -0 0 1
    outer loop
      vertex 13.3272 -13.1421 1.5
      vertex 14.0632 -13.9596 1.5
      vertex 13.5305 -12.9775 1.5
    endloop
  endfacet
  facet normal 0 0 1
    outer loop
      vertex 14.0632 -13.9596 1.5
      vertex 13.3272 -13.1421 1.5
      vertex 13.9596 -14.0632 1.5
    endloop
  endfacet
  facet normal -0 0 1
    outer loop
      vertex 13.1421 -13.3272 1.5
      vertex 13.9596 -14.0632 1.5
      vertex 13.3272 -13.1421 1.5
    endloop
  endfacet
  facet normal 0 0 1
    outer loop
      vertex 13.9596 -14.0632 1.5
      vertex 13.1421 -13.3272 1.5
      vertex 13.8674 -14.1771 1.5
    endloop
  endfacet
  facet normal -0 0 1
    outer loop
      vertex 12.9775 -13.5305 1.5
      vertex 13.8674 -14.1771 1.5
      vertex 13.1421 -13.3272 1.5
    endloop
  endfacet
  facet normal 0 0 1
    outer loop
      vertex 13.8674 -14.1771 1.5
      vertex 12.9775 -13.5305 1.5
      vertex 13.7876 -14.3 1.5
    endloop
  endfacet
  facet normal 0 0 1
    outer loop
      vertex 13.7876 -14.3 1.5
      vertex 12.8349 -13.75 1.5
      vertex 13.721 -14.4306 1.5
    endloop
  endfacet
  facet normal -0 0 1
    outer loop
      vertex 12.8349 -13.75 1.5
      vertex 13.7876 -14.3 1.5
      vertex 12.9775 -13.5305 1.5
    endloop
  endfacet
  facet normal -0 0 1
    outer loop
      vertex 16.3923 -14.8537 1.5
      vertex 17 -15 1.5
      vertex 17 -13.5027 1.5
    endloop
  endfacet
  facet normal 0 0 1
    outer loop
      vertex 17 -15 1.5
      vertex 16.4 -15 1.5
      vertex 16.989 -15.2091 1.5
    endloop
  endfacet
  facet normal -0 0 1
    outer loop
      vertex 16.3923 -15.1463 1.5
      vertex 16.989 -15.2091 1.5
      vertex 16.4 -15 1.5
    endloop
  endfacet
  facet normal 0 0 1
    outer loop
      vertex 16.3923 -14.8537 1.5
      vertex 17 -13.5027 1.5
      vertex 16.8579 -13.3272 1.5
    endloop
  endfacet
  facet normal 0 0 1
    outer loop
      vertex 16.989 -15.2091 1.5
      vertex 16.3923 -15.1463 1.5
      vertex 16.9563 -15.4158 1.5
    endloop
  endfacet
  facet normal -0 0 1
    outer loop
      vertex 16.3694 -15.2911 1.5
      vertex 16.9563 -15.4158 1.5
      vertex 16.3923 -15.1463 1.5
    endloop
  endfacet
  facet normal 0 0 1
    outer loop
      vertex 16.3923 -14.8537 1.5
      vertex 16.8579 -13.3272 1.5
      vertex 16.6728 -13.1421 1.5
    endloop
  endfacet
  facet normal 0 0 1
    outer loop
      vertex 16.9563 -15.4158 1.5
      vertex 16.3694 -15.2911 1.5
      vertex 16.9021 -15.618 1.5
    endloop
  endfacet
  facet normal -0 0 1
    outer loop
      vertex 16.3315 -15.4326 1.5
      vertex 16.9021 -15.618 1.5
      vertex 16.3694 -15.2911 1.5
    endloop
  endfacet
  facet normal 0 0 1
    outer loop
      vertex 15.9368 -13.9596 1.5
      vertex 16.6728 -13.1421 1.5
      vertex 16.4695 -12.9775 1.5
    endloop
  endfacet
  facet normal 0 0 1
    outer loop
      vertex 16.9021 -15.618 1.5
      vertex 16.3315 -15.4326 1.5
      vertex 16.8271 -15.8135 1.5
    endloop
  endfacet
  facet normal -0 0 1
    outer loop
      vertex 16.279 -15.5694 1.5
      vertex 16.8271 -15.8135 1.5
      vertex 16.3315 -15.4326 1.5
    endloop
  endfacet
  facet normal 0 0 1
    outer loop
      vertex 16.8271 -15.8135 1.5
      vertex 16.279 -15.5694 1.5
      vertex 16.732 -16 1.5
    endloop
  endfacet
  facet normal -0 0 1
    outer loop
      vertex 16.2124 -15.7 1.5
      vertex 16.732 -16 1.5
      vertex 16.279 -15.5694 1.5
    endloop
  endfacet
  facet normal 0 0 1
    outer loop
      vertex 16.732 -16 1.5
      vertex 16.2124 -15.7 1.5
      vertex 16.618 -16.1756 1.5
    endloop
  endfacet
  facet normal -0 0 1
    outer loop
      vertex 16.1326 -15.8229 1.5
      vertex 16.618 -16.1756 1.5
      vertex 16.2124 -15.7 1.5
    endloop
  endfacet
  facet normal 0 0 1
    outer loop
      vertex 16.618 -16.1756 1.5
      vertex 16.1326 -15.8229 1.5
      vertex 16.4863 -16.3383 1.5
    endloop
  endfacet
  facet normal -0 0 1
    outer loop
      vertex 16.0404 -15.9368 1.5
      vertex 16.4863 -16.3383 1.5
      vertex 16.1326 -15.8229 1.5
    endloop
  endfacet
  facet normal 0 0 1
    outer loop
      vertex 16.4863 -16.3383 1.5
      vertex 16.0404 -15.9368 1.5
      vertex 16.3383 -16.4863 1.5
    endloop
  endfacet
  facet normal -0 0 1
    outer loop
      vertex 15.9368 -16.0404 1.5
      vertex 16.3383 -16.4863 1.5
      vertex 16.0404 -15.9368 1.5
    endloop
  endfacet
  facet normal 0 0 1
    outer loop
      vertex 16.3383 -16.4863 1.5
      vertex 15.9368 -16.0404 1.5
      vertex 16.1756 -16.618 1.5
    endloop
  endfacet
  facet normal -0 0 1
    outer loop
      vertex 15.8229 -16.1326 1.5
      vertex 16.1756 -16.618 1.5
      vertex 15.9368 -16.0404 1.5
    endloop
  endfacet
  facet normal 0 0 1
    outer loop
      vertex 16.1756 -16.618 1.5
      vertex 15.8229 -16.1326 1.5
      vertex 16 -16.732 1.5
    endloop
  endfacet
  facet normal -0 0 1
    outer loop
      vertex 15.7 -16.2124 1.5
      vertex 16 -16.732 1.5
      vertex 15.8229 -16.1326 1.5
    endloop
  endfacet
  facet normal 0 0 1
    outer loop
      vertex 16 -16.732 1.5
      vertex 15.7 -16.2124 1.5
      vertex 15.8135 -16.8271 1.5
    endloop
  endfacet
  facet normal -0 0 1
    outer loop
      vertex 15.5694 -16.279 1.5
      vertex 15.8135 -16.8271 1.5
      vertex 15.7 -16.2124 1.5
    endloop
  endfacet
  facet normal 0 0 1
    outer loop
      vertex 15.8135 -16.8271 1.5
      vertex 15.5694 -16.279 1.5
      vertex 15.618 -16.9021 1.5
    endloop
  endfacet
  facet normal -0 0 1
    outer loop
      vertex 15.4326 -16.3315 1.5
      vertex 15.618 -16.9021 1.5
      vertex 15.5694 -16.279 1.5
    endloop
  endfacet
  facet normal 0 0 1
    outer loop
      vertex 15.4326 -16.3315 1.5
      vertex 15.4158 -16.9563 1.5
      vertex 15.618 -16.9021 1.5
    endloop
  endfacet
  facet normal -0 0 1
    outer loop
      vertex 15.2911 -16.3694 1.5
      vertex 15.4158 -16.9563 1.5
      vertex 15.4326 -16.3315 1.5
    endloop
  endfacet
  facet normal 0 0 1
    outer loop
      vertex 15.2911 -16.3694 1.5
      vertex 15.2091 -16.989 1.5
      vertex 15.4158 -16.9563 1.5
    endloop
  endfacet
  facet normal -0 0 1
    outer loop
      vertex 15.1463 -16.3923 1.5
      vertex 15.2091 -16.989 1.5
      vertex 15.2911 -16.3694 1.5
    endloop
  endfacet
  facet normal -0 0 1
    outer loop
      vertex 15 -16.4 1.5
      vertex 15.2091 -16.989 1.5
      vertex 15.1463 -16.3923 1.5
    endloop
  endfacet
  facet normal 0 0 1
    outer loop
      vertex 15 -16.4 1.5
      vertex 15 -17 1.5
      vertex 15.2091 -16.989 1.5
    endloop
  endfacet
  facet normal 0 0 1
    outer loop
      vertex 14.8537 -16.3923 1.5
      vertex 15 -17 1.5
      vertex 15 -16.4 1.5
    endloop
  endfacet
  facet normal 0 0 1
    outer loop
      vertex 14.7089 -16.3694 1.5
      vertex 15 -17 1.5
      vertex 14.8537 -16.3923 1.5
    endloop
  endfacet
  facet normal 0 0 1
    outer loop
      vertex 14.5674 -16.3315 1.5
      vertex 15 -17 1.5
      vertex 14.7089 -16.3694 1.5
    endloop
  endfacet
  facet normal 0 0 1
    outer loop
      vertex 13.5027 -17 1.5
      vertex 14.5674 -16.3315 1.5
      vertex 14.4306 -16.279 1.5
    endloop
  endfacet
  facet normal 0 0 1
    outer loop
      vertex 13.5027 -17 1.5
      vertex 14.4306 -16.279 1.5
      vertex 14.3 -16.2124 1.5
    endloop
  endfacet
  facet normal 0 0 1
    outer loop
      vertex 13.5027 -17 1.5
      vertex 14.3 -16.2124 1.5
      vertex 14.1771 -16.1326 1.5
    endloop
  endfacet
  facet normal 0 0 1
    outer loop
      vertex 13.5027 -17 1.5
      vertex 14.1771 -16.1326 1.5
      vertex 14.0632 -16.0404 1.5
    endloop
  endfacet
  facet normal 0 0 1
    outer loop
      vertex 13.3272 -16.8579 1.5
      vertex 14.0632 -16.0404 1.5
      vertex 13.9596 -15.9368 1.5
    endloop
  endfacet
  facet normal 0 0 1
    outer loop
      vertex 14.5674 -16.3315 1.5
      vertex 13.5027 -17 1.5
      vertex 15 -17 1.5
    endloop
  endfacet
  facet normal 0 0 1
    outer loop
      vertex 13.1421 -16.6728 1.5
      vertex 13.9596 -15.9368 1.5
      vertex 13.8674 -15.8229 1.5
    endloop
  endfacet
  facet normal 0 0 1
    outer loop
      vertex 12.9775 -16.4695 1.5
      vertex 13.8674 -15.8229 1.5
      vertex 13.7876 -15.7 1.5
    endloop
  endfacet
  facet normal 0 0 1
    outer loop
      vertex 12.8349 -16.25 1.5
      vertex 13.7876 -15.7 1.5
      vertex 13.721 -15.5694 1.5
    endloop
  endfacet
  facet normal 0 0 1
    outer loop
      vertex 12.7161 -16.0168 1.5
      vertex 13.721 -15.5694 1.5
      vertex 13.6685 -15.4326 1.5
    endloop
  endfacet
  facet normal 0 0 1
    outer loop
      vertex 12.6224 -15.7725 1.5
      vertex 13.6685 -15.4326 1.5
      vertex 13.6306 -15.2911 1.5
    endloop
  endfacet
  facet normal 0 0 1
    outer loop
      vertex 12.5546 -15.5198 1.5
      vertex 13.6306 -15.2911 1.5
      vertex 13.6077 -15.1463 1.5
    endloop
  endfacet
  facet normal 0 0 1
    outer loop
      vertex 12.5137 -15.2613 1.5
      vertex 13.6077 -15.1463 1.5
      vertex 13.6 -15 1.5
    endloop
  endfacet
  facet normal -0 0 1
    outer loop
      vertex 12.7161 -13.9832 1.5
      vertex 13.721 -14.4306 1.5
      vertex 12.8349 -13.75 1.5
    endloop
  endfacet
  facet normal 0 0 1
    outer loop
      vertex 13.721 -14.4306 1.5
      vertex 12.7161 -13.9832 1.5
      vertex 13.6685 -14.5674 1.5
    endloop
  endfacet
  facet normal 0 0 1
    outer loop
      vertex 14.0632 -16.0404 1.5
      vertex 13.3272 -16.8579 1.5
      vertex 13.5027 -17 1.5
    endloop
  endfacet
  facet normal -0 0 1
    outer loop
      vertex 12.6224 -14.2275 1.5
      vertex 13.6685 -14.5674 1.5
      vertex 12.7161 -13.9832 1.5
    endloop
  endfacet
  facet normal 0 0 1
    outer loop
      vertex 13.9596 -15.9368 1.5
      vertex 13.1421 -16.6728 1.5
      vertex 13.3272 -16.8579 1.5
    endloop
  endfacet
  facet normal 0 0 1
    outer loop
      vertex 13.6685 -14.5674 1.5
      vertex 12.6224 -14.2275 1.5
      vertex 13.6306 -14.7089 1.5
    endloop
  endfacet
  facet normal 0 0 1
    outer loop
      vertex 13.8674 -15.8229 1.5
      vertex 12.9775 -16.4695 1.5
      vertex 13.1421 -16.6728 1.5
    endloop
  endfacet
  facet normal -0 0 1
    outer loop
      vertex 12.5546 -14.4802 1.5
      vertex 13.6306 -14.7089 1.5
      vertex 12.6224 -14.2275 1.5
    endloop
  endfacet
  facet normal 0 0 1
    outer loop
      vertex 13.7876 -15.7 1.5
      vertex 12.8349 -16.25 1.5
      vertex 12.9775 -16.4695 1.5
    endloop
  endfacet
  facet normal 0 0 1
    outer loop
      vertex 13.6306 -14.7089 1.5
      vertex 12.5546 -14.4802 1.5
      vertex 13.6077 -14.8537 1.5
    endloop
  endfacet
  facet normal 0 0 1
    outer loop
      vertex 13.721 -15.5694 1.5
      vertex 12.7161 -16.0168 1.5
      vertex 12.8349 -16.25 1.5
    endloop
  endfacet
  facet normal -0 0 1
    outer loop
      vertex 12.5137 -14.7387 1.5
      vertex 13.6077 -14.8537 1.5
      vertex 12.5546 -14.4802 1.5
    endloop
  endfacet
  facet normal 0 0 1
    outer loop
      vertex 13.6685 -15.4326 1.5
      vertex 12.6224 -15.7725 1.5
      vertex 12.7161 -16.0168 1.5
    endloop
  endfacet
  facet normal 0 0 1
    outer loop
      vertex 13.6077 -14.8537 1.5
      vertex 12.5137 -14.7387 1.5
      vertex 13.6 -15 1.5
    endloop
  endfacet
  facet normal 0 0 1
    outer loop
      vertex 13.6306 -15.2911 1.5
      vertex 12.5546 -15.5198 1.5
      vertex 12.6224 -15.7725 1.5
    endloop
  endfacet
  facet normal 0 0 1
    outer loop
      vertex 12.5 -15 1.5
      vertex 13.6 -15 1.5
      vertex 12.5137 -14.7387 1.5
    endloop
  endfacet
  facet normal 0 0 1
    outer loop
      vertex 13.6077 -15.1463 1.5
      vertex 12.5137 -15.2613 1.5
      vertex 12.5546 -15.5198 1.5
    endloop
  endfacet
  facet normal 0 0 1
    outer loop
      vertex 13.6 -15 1.5
      vertex 12.5 -15 1.5
      vertex 12.5137 -15.2613 1.5
    endloop
  endfacet
  facet normal 0.93368 0.358108 0
    outer loop
      vertex 12.7161 -16.0168 3
      vertex 12.6224 -15.7725 1.5
      vertex 12.6224 -15.7725 3
    endloop
  endfacet
  facet normal 0.93368 0.358108 0
    outer loop
      vertex 12.6224 -15.7725 1.5
      vertex 12.7161 -16.0168 3
      vertex 12.7161 -16.0168 1.5
    endloop
  endfacet
  facet normal 0.838575 0.544787 0
    outer loop
      vertex 12.9775 -16.4695 3
      vertex 12.8349 -16.25 1.5
      vertex 12.8349 -16.25 3
    endloop
  endfacet
  facet normal 0.838575 0.544787 0
    outer loop
      vertex 12.8349 -16.25 1.5
      vertex 12.9775 -16.4695 3
      vertex 12.9775 -16.4695 1.5
    endloop
  endfacet
  facet normal 0.7772 0.629253 0
    outer loop
      vertex 13.1421 -16.6728 3
      vertex 12.9775 -16.4695 1.5
      vertex 12.9775 -16.4695 3
    endloop
  endfacet
  facet normal 0.7772 0.629253 0
    outer loop
      vertex 12.9775 -16.4695 1.5
      vertex 13.1421 -16.6728 3
      vertex 13.1421 -16.6728 1.5
    endloop
  endfacet
  facet normal -0.629253 -0.7772 0
    outer loop
      vertex 16.4695 -12.9775 1.5
      vertex 16.6728 -13.1421 3
      vertex 16.4695 -12.9775 3
    endloop
  endfacet
  facet normal -0.629253 -0.7772 -0
    outer loop
      vertex 16.6728 -13.1421 3
      vertex 16.4695 -12.9775 1.5
      vertex 16.6728 -13.1421 1.5
    endloop
  endfacet
  facet normal -0.156277 -0.987713 0
    outer loop
      vertex 15.2613 -12.5137 1.5
      vertex 15.5198 -12.5546 3
      vertex 15.2613 -12.5137 3
    endloop
  endfacet
  facet normal -0.156277 -0.987713 -0
    outer loop
      vertex 15.5198 -12.5546 3
      vertex 15.2613 -12.5137 1.5
      vertex 15.5198 -12.5546 1.5
    endloop
  endfacet
  facet normal 0.987713 -0.156277 0
    outer loop
      vertex 12.5137 -14.7387 3
      vertex 12.5546 -14.4802 1.5
      vertex 12.5546 -14.4802 3
    endloop
  endfacet
  facet normal 0.987713 -0.156277 0
    outer loop
      vertex 12.5546 -14.4802 1.5
      vertex 12.5137 -14.7387 3
      vertex 12.5137 -14.7387 1.5
    endloop
  endfacet
  facet normal 0.93368 -0.358108 0
    outer loop
      vertex 12.6224 -14.2275 3
      vertex 12.7161 -13.9832 1.5
      vertex 12.7161 -13.9832 3
    endloop
  endfacet
  facet normal 0.93368 -0.358108 0
    outer loop
      vertex 12.7161 -13.9832 1.5
      vertex 12.6224 -14.2275 3
      vertex 12.6224 -14.2275 1.5
    endloop
  endfacet
  facet normal 0.838575 -0.544787 0
    outer loop
      vertex 12.8349 -13.75 2.2
      vertex 12.9775 -13.5305 1.5
      vertex 12.9775 -13.5305 2.2
    endloop
  endfacet
  facet normal 0.838575 -0.544787 0
    outer loop
      vertex 12.9775 -13.5305 1.5
      vertex 12.8349 -13.75 2.2
      vertex 12.8349 -13.75 1.5
    endloop
  endfacet
  facet normal 0.259137 -0.965841 0
    outer loop
      vertex 14.2275 -12.6224 1.5
      vertex 14.4802 -12.5546 3
      vertex 14.2275 -12.6224 3
    endloop
  endfacet
  facet normal 0.259137 -0.965841 0
    outer loop
      vertex 14.4802 -12.5546 3
      vertex 14.2275 -12.6224 1.5
      vertex 14.4802 -12.5546 1.5
    endloop
  endfacet
  facet normal 0.629275 0.777183 -0
    outer loop
      vertex 13.5027 -17 1.5
      vertex 13.3272 -16.8579 3
      vertex 13.5027 -17 3
    endloop
  endfacet
  facet normal 0.629275 0.777183 0
    outer loop
      vertex 13.3272 -16.8579 3
      vertex 13.5027 -17 1.5
      vertex 13.3272 -16.8579 1.5
    endloop
  endfacet
  facet normal 0.987713 0.156277 0
    outer loop
      vertex 12.5546 -15.5198 3
      vertex 12.5137 -15.2613 1.5
      vertex 12.5137 -15.2613 3
    endloop
  endfacet
  facet normal 0.987713 0.156277 0
    outer loop
      vertex 12.5137 -15.2613 1.5
      vertex 12.5546 -15.5198 3
      vertex 12.5546 -15.5198 1.5
    endloop
  endfacet
  facet normal -0.629179 -0.777261 0
    outer loop
      vertex 15.8229 16.1326 0
      vertex 15.9368 16.0404 1.5
      vertex 15.8229 16.1326 1.5
    endloop
  endfacet
  facet normal -0.629179 -0.777261 -0
    outer loop
      vertex 15.9368 16.0404 1.5
      vertex 15.8229 16.1326 0
      vertex 15.9368 16.0404 0
    endloop
  endfacet
  facet normal 0.258725 -0.965951 0
    outer loop
      vertex 14.5674 16.3315 0
      vertex 14.7089 16.3694 1.5
      vertex 14.5674 16.3315 1.5
    endloop
  endfacet
  facet normal 0.258725 -0.965951 0
    outer loop
      vertex 14.7089 16.3694 1.5
      vertex 14.5674 16.3315 0
      vertex 14.7089 16.3694 0
    endloop
  endfacet
  facet normal 0.890852 -0.454294 0
    outer loop
      vertex 13.721 15.5694 1.5
      vertex 13.7876 15.7 0
      vertex 13.7876 15.7 1.5
    endloop
  endfacet
  facet normal 0.890852 -0.454294 0
    outer loop
      vertex 13.7876 15.7 0
      vertex 13.721 15.5694 1.5
      vertex 13.721 15.5694 0
    endloop
  endfacet
  facet normal -0.933609 0.358293 0
    outer loop
      vertex 16.279 14.4306 0
      vertex 16.3315 14.5674 1.5
      vertex 16.3315 14.5674 0
    endloop
  endfacet
  facet normal -0.933609 0.358293 0
    outer loop
      vertex 16.3315 14.5674 1.5
      vertex 16.279 14.4306 0
      vertex 16.279 14.4306 1.5
    endloop
  endfacet
  facet normal 0.454294 0.890852 -0
    outer loop
      vertex 14.4306 13.721 0
      vertex 14.3 13.7876 1.5
      vertex 14.4306 13.721 1.5
    endloop
  endfacet
  facet normal 0.454294 0.890852 0
    outer loop
      vertex 14.3 13.7876 1.5
      vertex 14.4306 13.721 0
      vertex 14.3 13.7876 0
    endloop
  endfacet
  facet normal -0.890852 -0.454294 0
    outer loop
      vertex 16.279 15.5694 0
      vertex 16.2124 15.7 1.5
      vertex 16.2124 15.7 0
    endloop
  endfacet
  facet normal -0.890852 -0.454294 0
    outer loop
      vertex 16.2124 15.7 1.5
      vertex 16.279 15.5694 0
      vertex 16.279 15.5694 1.5
    endloop
  endfacet
  facet normal -0.838709 -0.544581 0
    outer loop
      vertex 16.2124 15.7 0
      vertex 16.1326 15.8229 1.5
      vertex 16.1326 15.8229 0
    endloop
  endfacet
  facet normal -0.838709 -0.544581 0
    outer loop
      vertex 16.1326 15.8229 1.5
      vertex 16.2124 15.7 0
      vertex 16.2124 15.7 1.5
    endloop
  endfacet
  facet normal -0.358293 -0.933609 0
    outer loop
      vertex 15.4326 16.3315 0
      vertex 15.5694 16.279 1.5
      vertex 15.4326 16.3315 1.5
    endloop
  endfacet
  facet normal -0.358293 -0.933609 -0
    outer loop
      vertex 15.5694 16.279 1.5
      vertex 15.4326 16.3315 0
      vertex 15.5694 16.279 0
    endloop
  endfacet
  facet normal -0.0525588 -0.998618 0
    outer loop
      vertex 15 16.4 0
      vertex 15.1463 16.3923 1.5
      vertex 15 16.4 1.5
    endloop
  endfacet
  facet normal -0.0525588 -0.998618 -0
    outer loop
      vertex 15.1463 16.3923 1.5
      vertex 15 16.4 0
      vertex 15.1463 16.3923 0
    endloop
  endfacet
  facet normal 0.987724 -0.156208 0
    outer loop
      vertex 13.6077 15.1463 1.5
      vertex 13.6306 15.2911 0
      vertex 13.6306 15.2911 1.5
    endloop
  endfacet
  facet normal 0.987724 -0.156208 0
    outer loop
      vertex 13.6306 15.2911 0
      vertex 13.6077 15.1463 1.5
      vertex 13.6077 15.1463 0
    endloop
  endfacet
  facet normal 0.707107 -0.707107 0
    outer loop
      vertex 13.9596 15.9368 0
      vertex 14.0632 16.0404 1.5
      vertex 13.9596 15.9368 1.5
    endloop
  endfacet
  facet normal 0.707107 -0.707107 0
    outer loop
      vertex 14.0632 16.0404 1.5
      vertex 13.9596 15.9368 0
      vertex 14.0632 16.0404 0
    endloop
  endfacet
  facet normal 0.0525588 -0.998618 0
    outer loop
      vertex 14.8537 16.3923 0
      vertex 15 16.4 1.5
      vertex 14.8537 16.3923 1.5
    endloop
  endfacet
  facet normal 0.0525588 -0.998618 0
    outer loop
      vertex 15 16.4 1.5
      vertex 14.8537 16.3923 0
      vertex 15 16.4 0
    endloop
  endfacet
  facet normal -0.998618 0.0525588 0
    outer loop
      vertex 16.3923 14.8537 0
      vertex 16.4 15 1.5
      vertex 16.4 15 0
    endloop
  endfacet
  facet normal -0.998618 0.0525588 0
    outer loop
      vertex 16.4 15 1.5
      vertex 16.3923 14.8537 0
      vertex 16.3923 14.8537 1.5
    endloop
  endfacet
  facet normal -0.777261 0.629179 0
    outer loop
      vertex 16.0404 14.0632 0
      vertex 16.1326 14.1771 1.5
      vertex 16.1326 14.1771 0
    endloop
  endfacet
  facet normal -0.777261 0.629179 0
    outer loop
      vertex 16.1326 14.1771 1.5
      vertex 16.0404 14.0632 0
      vertex 16.0404 14.0632 1.5
    endloop
  endfacet
  facet normal 0.156208 0.987724 -0
    outer loop
      vertex 14.8537 13.6077 0
      vertex 14.7089 13.6306 1.5
      vertex 14.8537 13.6077 1.5
    endloop
  endfacet
  facet normal 0.156208 0.987724 0
    outer loop
      vertex 14.7089 13.6306 1.5
      vertex 14.8537 13.6077 0
      vertex 14.7089 13.6306 0
    endloop
  endfacet
  facet normal 0.707107 0.707107 0
    outer loop
      vertex 14.0632 13.9596 1.5
      vertex 13.9596 14.0632 0
      vertex 13.9596 14.0632 1.5
    endloop
  endfacet
  facet normal 0.707107 0.707107 0
    outer loop
      vertex 13.9596 14.0632 0
      vertex 14.0632 13.9596 1.5
      vertex 14.0632 13.9596 0
    endloop
  endfacet
  facet normal 0.998618 0.0525588 0
    outer loop
      vertex 13.6077 14.8537 1.5
      vertex 13.6 15 0
      vertex 13.6 15 1.5
    endloop
  endfacet
  facet normal 0.998618 0.0525588 0
    outer loop
      vertex 13.6 15 0
      vertex 13.6077 14.8537 1.5
      vertex 13.6077 14.8537 0
    endloop
  endfacet
  facet normal 0.777261 0.629179 0
    outer loop
      vertex 13.9596 14.0632 1.5
      vertex 13.8674 14.1771 0
      vertex 13.8674 14.1771 1.5
    endloop
  endfacet
  facet normal 0.777261 0.629179 0
    outer loop
      vertex 13.8674 14.1771 0
      vertex 13.9596 14.0632 1.5
      vertex 13.9596 14.0632 0
    endloop
  endfacet
  facet normal -0.987724 -0.156208 0
    outer loop
      vertex 16.3923 15.1463 0
      vertex 16.3694 15.2911 1.5
      vertex 16.3694 15.2911 0
    endloop
  endfacet
  facet normal -0.987724 -0.156208 0
    outer loop
      vertex 16.3694 15.2911 1.5
      vertex 16.3923 15.1463 0
      vertex 16.3923 15.1463 1.5
    endloop
  endfacet
  facet normal -0.965951 -0.258725 0
    outer loop
      vertex 16.3694 15.2911 0
      vertex 16.3315 15.4326 1.5
      vertex 16.3315 15.4326 0
    endloop
  endfacet
  facet normal -0.965951 -0.258725 0
    outer loop
      vertex 16.3315 15.4326 1.5
      vertex 16.3694 15.2911 0
      vertex 16.3694 15.2911 1.5
    endloop
  endfacet
  facet normal -0.933609 -0.358293 0
    outer loop
      vertex 16.3315 15.4326 0
      vertex 16.279 15.5694 1.5
      vertex 16.279 15.5694 0
    endloop
  endfacet
  facet normal -0.933609 -0.358293 0
    outer loop
      vertex 16.279 15.5694 1.5
      vertex 16.3315 15.4326 0
      vertex 16.3315 15.4326 1.5
    endloop
  endfacet
  facet normal -0.777261 -0.629179 0
    outer loop
      vertex 16.1326 15.8229 0
      vertex 16.0404 15.9368 1.5
      vertex 16.0404 15.9368 0
    endloop
  endfacet
  facet normal -0.777261 -0.629179 0
    outer loop
      vertex 16.0404 15.9368 1.5
      vertex 16.1326 15.8229 0
      vertex 16.1326 15.8229 1.5
    endloop
  endfacet
  facet normal -0.707107 -0.707107 0
    outer loop
      vertex 16.0404 15.9368 0
      vertex 15.9368 16.0404 1.5
      vertex 15.9368 16.0404 0
    endloop
  endfacet
  facet normal -0.707107 -0.707107 0
    outer loop
      vertex 15.9368 16.0404 1.5
      vertex 16.0404 15.9368 0
      vertex 16.0404 15.9368 1.5
    endloop
  endfacet
  facet normal -0.544581 -0.838709 0
    outer loop
      vertex 15.7 16.2124 0
      vertex 15.8229 16.1326 1.5
      vertex 15.7 16.2124 1.5
    endloop
  endfacet
  facet normal -0.544581 -0.838709 -0
    outer loop
      vertex 15.8229 16.1326 1.5
      vertex 15.7 16.2124 0
      vertex 15.8229 16.1326 0
    endloop
  endfacet
  facet normal -0.454294 -0.890852 0
    outer loop
      vertex 15.5694 16.279 0
      vertex 15.7 16.2124 1.5
      vertex 15.5694 16.279 1.5
    endloop
  endfacet
  facet normal -0.454294 -0.890852 -0
    outer loop
      vertex 15.7 16.2124 1.5
      vertex 15.5694 16.279 0
      vertex 15.7 16.2124 0
    endloop
  endfacet
  facet normal -0.258725 -0.965951 0
    outer loop
      vertex 15.2911 16.3694 0
      vertex 15.4326 16.3315 1.5
      vertex 15.2911 16.3694 1.5
    endloop
  endfacet
  facet normal -0.258725 -0.965951 -0
    outer loop
      vertex 15.4326 16.3315 1.5
      vertex 15.2911 16.3694 0
      vertex 15.4326 16.3315 0
    endloop
  endfacet
  facet normal -0.156208 -0.987724 0
    outer loop
      vertex 15.1463 16.3923 0
      vertex 15.2911 16.3694 1.5
      vertex 15.1463 16.3923 1.5
    endloop
  endfacet
  facet normal -0.156208 -0.987724 -0
    outer loop
      vertex 15.2911 16.3694 1.5
      vertex 15.1463 16.3923 0
      vertex 15.2911 16.3694 0
    endloop
  endfacet
  facet normal 0.998618 -0.0525588 0
    outer loop
      vertex 13.6 15 1.5
      vertex 13.6077 15.1463 0
      vertex 13.6077 15.1463 1.5
    endloop
  endfacet
  facet normal 0.998618 -0.0525588 0
    outer loop
      vertex 13.6077 15.1463 0
      vertex 13.6 15 1.5
      vertex 13.6 15 0
    endloop
  endfacet
  facet normal 0.933609 -0.358293 0
    outer loop
      vertex 13.6685 15.4326 1.5
      vertex 13.721 15.5694 0
      vertex 13.721 15.5694 1.5
    endloop
  endfacet
  facet normal 0.933609 -0.358293 0
    outer loop
      vertex 13.721 15.5694 0
      vertex 13.6685 15.4326 1.5
      vertex 13.6685 15.4326 0
    endloop
  endfacet
  facet normal 0.965951 -0.258725 0
    outer loop
      vertex 13.6306 15.2911 1.5
      vertex 13.6685 15.4326 0
      vertex 13.6685 15.4326 1.5
    endloop
  endfacet
  facet normal 0.965951 -0.258725 0
    outer loop
      vertex 13.6685 15.4326 0
      vertex 13.6306 15.2911 1.5
      vertex 13.6306 15.2911 0
    endloop
  endfacet
  facet normal 0.838709 -0.544581 0
    outer loop
      vertex 13.7876 15.7 1.5
      vertex 13.8674 15.8229 0
      vertex 13.8674 15.8229 1.5
    endloop
  endfacet
  facet normal 0.838709 -0.544581 0
    outer loop
      vertex 13.8674 15.8229 0
      vertex 13.7876 15.7 1.5
      vertex 13.7876 15.7 0
    endloop
  endfacet
  facet normal 0.777261 -0.629179 0
    outer loop
      vertex 13.8674 15.8229 1.5
      vertex 13.9596 15.9368 0
      vertex 13.9596 15.9368 1.5
    endloop
  endfacet
  facet normal 0.777261 -0.629179 0
    outer loop
      vertex 13.9596 15.9368 0
      vertex 13.8674 15.8229 1.5
      vertex 13.8674 15.8229 0
    endloop
  endfacet
  facet normal 0.156208 -0.987724 0
    outer loop
      vertex 14.7089 16.3694 0
      vertex 14.8537 16.3923 1.5
      vertex 14.7089 16.3694 1.5
    endloop
  endfacet
  facet normal 0.156208 -0.987724 0
    outer loop
      vertex 14.8537 16.3923 1.5
      vertex 14.7089 16.3694 0
      vertex 14.8537 16.3923 0
    endloop
  endfacet
  facet normal 0.454294 -0.890852 0
    outer loop
      vertex 14.3 16.2124 0
      vertex 14.4306 16.279 1.5
      vertex 14.3 16.2124 1.5
    endloop
  endfacet
  facet normal 0.454294 -0.890852 0
    outer loop
      vertex 14.4306 16.279 1.5
      vertex 14.3 16.2124 0
      vertex 14.4306 16.279 0
    endloop
  endfacet
  facet normal 0.544581 -0.838709 0
    outer loop
      vertex 14.1771 16.1326 0
      vertex 14.3 16.2124 1.5
      vertex 14.1771 16.1326 1.5
    endloop
  endfacet
  facet normal 0.544581 -0.838709 0
    outer loop
      vertex 14.3 16.2124 1.5
      vertex 14.1771 16.1326 0
      vertex 14.3 16.2124 0
    endloop
  endfacet
  facet normal 0.358293 -0.933609 0
    outer loop
      vertex 14.4306 16.279 0
      vertex 14.5674 16.3315 1.5
      vertex 14.4306 16.279 1.5
    endloop
  endfacet
  facet normal 0.358293 -0.933609 0
    outer loop
      vertex 14.5674 16.3315 1.5
      vertex 14.4306 16.279 0
      vertex 14.5674 16.3315 0
    endloop
  endfacet
  facet normal 0.629179 -0.777261 0
    outer loop
      vertex 14.0632 16.0404 0
      vertex 14.1771 16.1326 1.5
      vertex 14.0632 16.0404 1.5
    endloop
  endfacet
  facet normal 0.629179 -0.777261 0
    outer loop
      vertex 14.1771 16.1326 1.5
      vertex 14.0632 16.0404 0
      vertex 14.1771 16.1326 0
    endloop
  endfacet
  facet normal -0.998618 -0.0525588 0
    outer loop
      vertex 16.4 15 0
      vertex 16.3923 15.1463 1.5
      vertex 16.3923 15.1463 0
    endloop
  endfacet
  facet normal -0.998618 -0.0525588 0
    outer loop
      vertex 16.3923 15.1463 1.5
      vertex 16.4 15 0
      vertex 16.4 15 1.5
    endloop
  endfacet
  facet normal -0.0525588 0.998618 0
    outer loop
      vertex 15.1463 13.6077 0
      vertex 15 13.6 1.5
      vertex 15.1463 13.6077 1.5
    endloop
  endfacet
  facet normal -0.0525588 0.998618 0
    outer loop
      vertex 15 13.6 1.5
      vertex 15.1463 13.6077 0
      vertex 15 13.6 0
    endloop
  endfacet
  facet normal -0.258725 0.965951 0
    outer loop
      vertex 15.4326 13.6685 0
      vertex 15.2911 13.6306 1.5
      vertex 15.4326 13.6685 1.5
    endloop
  endfacet
  facet normal -0.258725 0.965951 0
    outer loop
      vertex 15.2911 13.6306 1.5
      vertex 15.4326 13.6685 0
      vertex 15.2911 13.6306 0
    endloop
  endfacet
  facet normal -0.629179 0.777261 0
    outer loop
      vertex 15.9368 13.9596 0
      vertex 15.8229 13.8674 1.5
      vertex 15.9368 13.9596 1.5
    endloop
  endfacet
  facet normal -0.629179 0.777261 0
    outer loop
      vertex 15.8229 13.8674 1.5
      vertex 15.9368 13.9596 0
      vertex 15.8229 13.8674 0
    endloop
  endfacet
  facet normal -0.454294 0.890852 0
    outer loop
      vertex 15.7 13.7876 0
      vertex 15.5694 13.721 1.5
      vertex 15.7 13.7876 1.5
    endloop
  endfacet
  facet normal -0.454294 0.890852 0
    outer loop
      vertex 15.5694 13.721 1.5
      vertex 15.7 13.7876 0
      vertex 15.5694 13.721 0
    endloop
  endfacet
  facet normal -0.890852 0.454294 0
    outer loop
      vertex 16.2124 14.3 0
      vertex 16.279 14.4306 1.5
      vertex 16.279 14.4306 0
    endloop
  endfacet
  facet normal -0.890852 0.454294 0
    outer loop
      vertex 16.279 14.4306 1.5
      vertex 16.2124 14.3 0
      vertex 16.2124 14.3 1.5
    endloop
  endfacet
  facet normal 0.358293 0.933609 -0
    outer loop
      vertex 14.5674 13.6685 0
      vertex 14.4306 13.721 1.5
      vertex 14.5674 13.6685 1.5
    endloop
  endfacet
  facet normal 0.358293 0.933609 0
    outer loop
      vertex 14.4306 13.721 1.5
      vertex 14.5674 13.6685 0
      vertex 14.4306 13.721 0
    endloop
  endfacet
  facet normal 0.544581 0.838709 -0
    outer loop
      vertex 14.3 13.7876 0
      vertex 14.1771 13.8674 1.5
      vertex 14.3 13.7876 1.5
    endloop
  endfacet
  facet normal 0.544581 0.838709 0
    outer loop
      vertex 14.1771 13.8674 1.5
      vertex 14.3 13.7876 0
      vertex 14.1771 13.8674 0
    endloop
  endfacet
  facet normal 0.987724 0.156208 0
    outer loop
      vertex 13.6306 14.7089 1.5
      vertex 13.6077 14.8537 0
      vertex 13.6077 14.8537 1.5
    endloop
  endfacet
  facet normal 0.987724 0.156208 0
    outer loop
      vertex 13.6077 14.8537 0
      vertex 13.6306 14.7089 1.5
      vertex 13.6306 14.7089 0
    endloop
  endfacet
  facet normal 0.838709 0.544581 0
    outer loop
      vertex 13.8674 14.1771 1.5
      vertex 13.7876 14.3 0
      vertex 13.7876 14.3 1.5
    endloop
  endfacet
  facet normal 0.838709 0.544581 0
    outer loop
      vertex 13.7876 14.3 0
      vertex 13.8674 14.1771 1.5
      vertex 13.8674 14.1771 0
    endloop
  endfacet
  facet normal 0.890852 0.454294 0
    outer loop
      vertex 13.7876 14.3 1.5
      vertex 13.721 14.4306 0
      vertex 13.721 14.4306 1.5
    endloop
  endfacet
  facet normal 0.890852 0.454294 0
    outer loop
      vertex 13.721 14.4306 0
      vertex 13.7876 14.3 1.5
      vertex 13.7876 14.3 0
    endloop
  endfacet
  facet normal 0.933609 0.358293 0
    outer loop
      vertex 13.721 14.4306 1.5
      vertex 13.6685 14.5674 0
      vertex 13.6685 14.5674 1.5
    endloop
  endfacet
  facet normal 0.933609 0.358293 0
    outer loop
      vertex 13.6685 14.5674 0
      vertex 13.721 14.4306 1.5
      vertex 13.721 14.4306 0
    endloop
  endfacet
  facet normal -0.987724 0.156208 0
    outer loop
      vertex 16.3694 14.7089 0
      vertex 16.3923 14.8537 1.5
      vertex 16.3923 14.8537 0
    endloop
  endfacet
  facet normal -0.987724 0.156208 0
    outer loop
      vertex 16.3923 14.8537 1.5
      vertex 16.3694 14.7089 0
      vertex 16.3694 14.7089 1.5
    endloop
  endfacet
  facet normal -0.965951 0.258725 0
    outer loop
      vertex 16.3315 14.5674 0
      vertex 16.3694 14.7089 1.5
      vertex 16.3694 14.7089 0
    endloop
  endfacet
  facet normal -0.965951 0.258725 0
    outer loop
      vertex 16.3694 14.7089 1.5
      vertex 16.3315 14.5674 0
      vertex 16.3315 14.5674 1.5
    endloop
  endfacet
  facet normal -0.156208 0.987724 0
    outer loop
      vertex 15.2911 13.6306 0
      vertex 15.1463 13.6077 1.5
      vertex 15.2911 13.6306 1.5
    endloop
  endfacet
  facet normal -0.156208 0.987724 0
    outer loop
      vertex 15.1463 13.6077 1.5
      vertex 15.2911 13.6306 0
      vertex 15.1463 13.6077 0
    endloop
  endfacet
  facet normal -0.358293 0.933609 0
    outer loop
      vertex 15.5694 13.721 0
      vertex 15.4326 13.6685 1.5
      vertex 15.5694 13.721 1.5
    endloop
  endfacet
  facet normal -0.358293 0.933609 0
    outer loop
      vertex 15.4326 13.6685 1.5
      vertex 15.5694 13.721 0
      vertex 15.4326 13.6685 0
    endloop
  endfacet
  facet normal -0.707107 0.707107 0
    outer loop
      vertex 15.9368 13.9596 0
      vertex 16.0404 14.0632 1.5
      vertex 16.0404 14.0632 0
    endloop
  endfacet
  facet normal -0.707107 0.707107 0
    outer loop
      vertex 16.0404 14.0632 1.5
      vertex 15.9368 13.9596 0
      vertex 15.9368 13.9596 1.5
    endloop
  endfacet
  facet normal -0.544581 0.838709 0
    outer loop
      vertex 15.8229 13.8674 0
      vertex 15.7 13.7876 1.5
      vertex 15.8229 13.8674 1.5
    endloop
  endfacet
  facet normal -0.544581 0.838709 0
    outer loop
      vertex 15.7 13.7876 1.5
      vertex 15.8229 13.8674 0
      vertex 15.7 13.7876 0
    endloop
  endfacet
  facet normal -0.838709 0.544581 0
    outer loop
      vertex 16.1326 14.1771 0
      vertex 16.2124 14.3 1.5
      vertex 16.2124 14.3 0
    endloop
  endfacet
  facet normal -0.838709 0.544581 0
    outer loop
      vertex 16.2124 14.3 1.5
      vertex 16.1326 14.1771 0
      vertex 16.1326 14.1771 1.5
    endloop
  endfacet
  facet normal 0.0525588 0.998618 -0
    outer loop
      vertex 15 13.6 0
      vertex 14.8537 13.6077 1.5
      vertex 15 13.6 1.5
    endloop
  endfacet
  facet normal 0.0525588 0.998618 0
    outer loop
      vertex 14.8537 13.6077 1.5
      vertex 15 13.6 0
      vertex 14.8537 13.6077 0
    endloop
  endfacet
  facet normal 0.258725 0.965951 -0
    outer loop
      vertex 14.7089 13.6306 0
      vertex 14.5674 13.6685 1.5
      vertex 14.7089 13.6306 1.5
    endloop
  endfacet
  facet normal 0.258725 0.965951 0
    outer loop
      vertex 14.5674 13.6685 1.5
      vertex 14.7089 13.6306 0
      vertex 14.5674 13.6685 0
    endloop
  endfacet
  facet normal 0.629179 0.777261 -0
    outer loop
      vertex 14.1771 13.8674 0
      vertex 14.0632 13.9596 1.5
      vertex 14.1771 13.8674 1.5
    endloop
  endfacet
  facet normal 0.629179 0.777261 0
    outer loop
      vertex 14.0632 13.9596 1.5
      vertex 14.1771 13.8674 0
      vertex 14.0632 13.9596 0
    endloop
  endfacet
  facet normal 0.965951 0.258725 0
    outer loop
      vertex 13.6685 14.5674 1.5
      vertex 13.6306 14.7089 0
      vertex 13.6306 14.7089 1.5
    endloop
  endfacet
  facet normal 0.965951 0.258725 0
    outer loop
      vertex 13.6306 14.7089 0
      vertex 13.6685 14.5674 1.5
      vertex 13.6685 14.5674 0
    endloop
  endfacet
  facet normal 0.998628 -0.0523582 0
    outer loop
      vertex 12.5 15 3
      vertex 12.5137 15.2613 1.5
      vertex 12.5137 15.2613 3
    endloop
  endfacet
  facet normal 0.998628 -0.0523582 0
    outer loop
      vertex 12.5137 15.2613 1.5
      vertex 12.5 15 3
      vertex 12.5 15 1.5
    endloop
  endfacet
  facet normal 0.629275 -0.777183 0
    outer loop
      vertex 13.3272 16.8579 1.5
      vertex 13.5027 17 3
      vertex 13.3272 16.8579 3
    endloop
  endfacet
  facet normal 0.629275 -0.777183 0
    outer loop
      vertex 13.5027 17 3
      vertex 13.3272 16.8579 1.5
      vertex 13.5027 17 1.5
    endloop
  endfacet
  facet normal 0.891039 -0.453926 0
    outer loop
      vertex 12.7161 16.0168 3
      vertex 12.8349 16.25 1.5
      vertex 12.8349 16.25 3
    endloop
  endfacet
  facet normal 0.891039 -0.453926 0
    outer loop
      vertex 12.8349 16.25 1.5
      vertex 12.7161 16.0168 3
      vertex 12.7161 16.0168 1.5
    endloop
  endfacet
  facet normal 0.891021 0.453962 -0
    outer loop
      vertex 12.7913 13.8356 2.2
      vertex 12.7161 13.9832 3
      vertex 12.7913 13.8356 3
    endloop
  endfacet
  facet normal 0.891021 0.453962 0
    outer loop
      vertex 12.7161 13.9832 3
      vertex 12.7913 13.8356 2.2
      vertex 12.7161 13.9832 1.5
    endloop
  endfacet
  facet normal 0.891071 0.453863 -0
    outer loop
      vertex 12.8349 13.75 1.5
      vertex 12.7913 13.8356 2.2
      vertex 12.8349 13.75 2.2
    endloop
  endfacet
  facet normal 0.891039 0.453926 -9.60689e-06
    outer loop
      vertex 12.7913 13.8356 2.2
      vertex 12.8349 13.75 1.5
      vertex 12.7161 13.9832 1.5
    endloop
  endfacet
  facet normal 0 0 1
    outer loop
      vertex 16.4 15 1.5
      vertex 17 15 1.5
      vertex 16.989 15.2091 1.5
    endloop
  endfacet
  facet normal 0 0 1
    outer loop
      vertex 16.3923 15.1463 1.5
      vertex 16.989 15.2091 1.5
      vertex 16.9563 15.4158 1.5
    endloop
  endfacet
  facet normal 0 0 1
    outer loop
      vertex 16.3694 15.2911 1.5
      vertex 16.9563 15.4158 1.5
      vertex 16.9021 15.618 1.5
    endloop
  endfacet
  facet normal 0 0 1
    outer loop
      vertex 17 15 1.5
      vertex 16.3694 14.7089 1.5
      vertex 16.3315 14.5674 1.5
    endloop
  endfacet
  facet normal 0 0 1
    outer loop
      vertex 16.3315 15.4326 1.5
      vertex 16.9021 15.618 1.5
      vertex 16.8271 15.8135 1.5
    endloop
  endfacet
  facet normal 0 0 1
    outer loop
      vertex 16.279 15.5694 1.5
      vertex 16.8271 15.8135 1.5
      vertex 16.732 16 1.5
    endloop
  endfacet
  facet normal 0 0 1
    outer loop
      vertex 17 15 1.5
      vertex 16.3923 14.8537 1.5
      vertex 16.3694 14.7089 1.5
    endloop
  endfacet
  facet normal 0 0 1
    outer loop
      vertex 16.2124 15.7 1.5
      vertex 16.732 16 1.5
      vertex 16.618 16.1756 1.5
    endloop
  endfacet
  facet normal 0 0 1
    outer loop
      vertex 16.1326 15.8229 1.5
      vertex 16.618 16.1756 1.5
      vertex 16.4863 16.3383 1.5
    endloop
  endfacet
  facet normal 0 0 1
    outer loop
      vertex 17 15 1.5
      vertex 16.4 15 1.5
      vertex 16.3923 14.8537 1.5
    endloop
  endfacet
  facet normal 0 0 1
    outer loop
      vertex 17 15 1.5
      vertex 16.3315 14.5674 1.5
      vertex 17 13.5027 1.5
    endloop
  endfacet
  facet normal 0 0 1
    outer loop
      vertex 16.989 15.2091 1.5
      vertex 16.3923 15.1463 1.5
      vertex 16.4 15 1.5
    endloop
  endfacet
  facet normal 0 0 1
    outer loop
      vertex 16.9563 15.4158 1.5
      vertex 16.3694 15.2911 1.5
      vertex 16.3923 15.1463 1.5
    endloop
  endfacet
  facet normal 0 0 1
    outer loop
      vertex 16.0404 15.9368 1.5
      vertex 16.4863 16.3383 1.5
      vertex 16.3383 16.4863 1.5
    endloop
  endfacet
  facet normal 0 0 1
    outer loop
      vertex 16.9021 15.618 1.5
      vertex 16.3315 15.4326 1.5
      vertex 16.3694 15.2911 1.5
    endloop
  endfacet
  facet normal 0 0 1
    outer loop
      vertex 16.8271 15.8135 1.5
      vertex 16.279 15.5694 1.5
      vertex 16.3315 15.4326 1.5
    endloop
  endfacet
  facet normal 0 0 1
    outer loop
      vertex 16.732 16 1.5
      vertex 16.2124 15.7 1.5
      vertex 16.279 15.5694 1.5
    endloop
  endfacet
  facet normal 0 0 1
    outer loop
      vertex 15.9368 16.0404 1.5
      vertex 16.3383 16.4863 1.5
      vertex 16.1756 16.618 1.5
    endloop
  endfacet
  facet normal 0 0 1
    outer loop
      vertex 16.618 16.1756 1.5
      vertex 16.1326 15.8229 1.5
      vertex 16.2124 15.7 1.5
    endloop
  endfacet
  facet normal 0 0 1
    outer loop
      vertex 16.4863 16.3383 1.5
      vertex 16.0404 15.9368 1.5
      vertex 16.1326 15.8229 1.5
    endloop
  endfacet
  facet normal 0 0 1
    outer loop
      vertex 15.8229 16.1326 1.5
      vertex 16.1756 16.618 1.5
      vertex 16 16.732 1.5
    endloop
  endfacet
  facet normal 0 0 1
    outer loop
      vertex 16.3383 16.4863 1.5
      vertex 15.9368 16.0404 1.5
      vertex 16.0404 15.9368 1.5
    endloop
  endfacet
  facet normal 0 0 1
    outer loop
      vertex 16.1756 16.618 1.5
      vertex 15.8229 16.1326 1.5
      vertex 15.9368 16.0404 1.5
    endloop
  endfacet
  facet normal 0 0 1
    outer loop
      vertex 15.7 16.2124 1.5
      vertex 16 16.732 1.5
      vertex 15.8135 16.8271 1.5
    endloop
  endfacet
  facet normal 0 0 1
    outer loop
      vertex 16 16.732 1.5
      vertex 15.7 16.2124 1.5
      vertex 15.8229 16.1326 1.5
    endloop
  endfacet
  facet normal 0 0 1
    outer loop
      vertex 15.5694 16.279 1.5
      vertex 15.8135 16.8271 1.5
      vertex 15.618 16.9021 1.5
    endloop
  endfacet
  facet normal 0 0 1
    outer loop
      vertex 15.8135 16.8271 1.5
      vertex 15.5694 16.279 1.5
      vertex 15.7 16.2124 1.5
    endloop
  endfacet
  facet normal 0 0 1
    outer loop
      vertex 15.618 16.9021 1.5
      vertex 15.4326 16.3315 1.5
      vertex 15.5694 16.279 1.5
    endloop
  endfacet
  facet normal 0 0 1
    outer loop
      vertex 15.4158 16.9563 1.5
      vertex 15.4326 16.3315 1.5
      vertex 15.618 16.9021 1.5
    endloop
  endfacet
  facet normal 0 0 1
    outer loop
      vertex 15.4158 16.9563 1.5
      vertex 15.2911 16.3694 1.5
      vertex 15.4326 16.3315 1.5
    endloop
  endfacet
  facet normal 0 0 1
    outer loop
      vertex 15.2091 16.989 1.5
      vertex 15.2911 16.3694 1.5
      vertex 15.4158 16.9563 1.5
    endloop
  endfacet
  facet normal 0 0 1
    outer loop
      vertex 15.2091 16.989 1.5
      vertex 15.1463 16.3923 1.5
      vertex 15.2911 16.3694 1.5
    endloop
  endfacet
  facet normal 0 0 1
    outer loop
      vertex 15 17 1.5
      vertex 15.1463 16.3923 1.5
      vertex 15.2091 16.989 1.5
    endloop
  endfacet
  facet normal 0 0 1
    outer loop
      vertex 15 17 1.5
      vertex 15 16.4 1.5
      vertex 15.1463 16.3923 1.5
    endloop
  endfacet
  facet normal 0 0 1
    outer loop
      vertex 15 17 1.5
      vertex 14.8537 16.3923 1.5
      vertex 15 16.4 1.5
    endloop
  endfacet
  facet normal 0 0 1
    outer loop
      vertex 15 17 1.5
      vertex 14.7089 16.3694 1.5
      vertex 14.8537 16.3923 1.5
    endloop
  endfacet
  facet normal 0 0 1
    outer loop
      vertex 15 17 1.5
      vertex 14.5674 16.3315 1.5
      vertex 14.7089 16.3694 1.5
    endloop
  endfacet
  facet normal -0 0 1
    outer loop
      vertex 13.5027 17 1.5
      vertex 14.5674 16.3315 1.5
      vertex 15 17 1.5
    endloop
  endfacet
  facet normal 0 0 1
    outer loop
      vertex 14.5674 16.3315 1.5
      vertex 13.5027 17 1.5
      vertex 14.4306 16.279 1.5
    endloop
  endfacet
  facet normal 0 0 1
    outer loop
      vertex 14.4306 16.279 1.5
      vertex 13.5027 17 1.5
      vertex 14.3 16.2124 1.5
    endloop
  endfacet
  facet normal 0 0 1
    outer loop
      vertex 14.3 16.2124 1.5
      vertex 13.5027 17 1.5
      vertex 14.1771 16.1326 1.5
    endloop
  endfacet
  facet normal 0 0 1
    outer loop
      vertex 14.1771 16.1326 1.5
      vertex 13.5027 17 1.5
      vertex 14.0632 16.0404 1.5
    endloop
  endfacet
  facet normal -0 0 1
    outer loop
      vertex 13.3272 16.8579 1.5
      vertex 14.0632 16.0404 1.5
      vertex 13.5027 17 1.5
    endloop
  endfacet
  facet normal 0 0 1
    outer loop
      vertex 14.0632 16.0404 1.5
      vertex 13.3272 16.8579 1.5
      vertex 13.9596 15.9368 1.5
    endloop
  endfacet
  facet normal -0 0 1
    outer loop
      vertex 13.1421 16.6728 1.5
      vertex 13.9596 15.9368 1.5
      vertex 13.3272 16.8579 1.5
    endloop
  endfacet
  facet normal 0 0 1
    outer loop
      vertex 13.9596 15.9368 1.5
      vertex 13.1421 16.6728 1.5
      vertex 13.8674 15.8229 1.5
    endloop
  endfacet
  facet normal -0 0 1
    outer loop
      vertex 12.9775 16.4695 1.5
      vertex 13.8674 15.8229 1.5
      vertex 13.1421 16.6728 1.5
    endloop
  endfacet
  facet normal 0 0 1
    outer loop
      vertex 13.8674 15.8229 1.5
      vertex 12.9775 16.4695 1.5
      vertex 13.7876 15.7 1.5
    endloop
  endfacet
  facet normal -0 0 1
    outer loop
      vertex 12.8349 16.25 1.5
      vertex 13.7876 15.7 1.5
      vertex 12.9775 16.4695 1.5
    endloop
  endfacet
  facet normal 0 0 1
    outer loop
      vertex 13.7876 15.7 1.5
      vertex 12.8349 16.25 1.5
      vertex 13.721 15.5694 1.5
    endloop
  endfacet
  facet normal -0 0 1
    outer loop
      vertex 12.7161 16.0168 1.5
      vertex 13.721 15.5694 1.5
      vertex 12.8349 16.25 1.5
    endloop
  endfacet
  facet normal 0 0 1
    outer loop
      vertex 13.721 15.5694 1.5
      vertex 12.7161 16.0168 1.5
      vertex 13.6685 15.4326 1.5
    endloop
  endfacet
  facet normal 0 0 1
    outer loop
      vertex 13.6 15 1.5
      vertex 13.3272 13.1421 1.5
      vertex 13.5305 12.9775 1.5
    endloop
  endfacet
  facet normal -0 0 1
    outer loop
      vertex 12.6224 15.7725 1.5
      vertex 13.6685 15.4326 1.5
      vertex 12.7161 16.0168 1.5
    endloop
  endfacet
  facet normal 0 0 1
    outer loop
      vertex 13.6 15 1.5
      vertex 13.1421 13.3272 1.5
      vertex 13.3272 13.1421 1.5
    endloop
  endfacet
  facet normal 0 0 1
    outer loop
      vertex 13.6685 15.4326 1.5
      vertex 12.6224 15.7725 1.5
      vertex 13.6306 15.2911 1.5
    endloop
  endfacet
  facet normal 0 0 1
    outer loop
      vertex 13.6 15 1.5
      vertex 12.9775 13.5305 1.5
      vertex 13.1421 13.3272 1.5
    endloop
  endfacet
  facet normal -0 0 1
    outer loop
      vertex 12.5546 15.5198 1.5
      vertex 13.6306 15.2911 1.5
      vertex 12.6224 15.7725 1.5
    endloop
  endfacet
  facet normal 0 0 1
    outer loop
      vertex 13.6 15 1.5
      vertex 12.8349 13.75 1.5
      vertex 12.9775 13.5305 1.5
    endloop
  endfacet
  facet normal 0 0 1
    outer loop
      vertex 13.6306 15.2911 1.5
      vertex 12.5546 15.5198 1.5
      vertex 13.6077 15.1463 1.5
    endloop
  endfacet
  facet normal 0 0 1
    outer loop
      vertex 13.6 15 1.5
      vertex 12.7161 13.9832 1.5
      vertex 12.8349 13.75 1.5
    endloop
  endfacet
  facet normal -0 0 1
    outer loop
      vertex 12.5137 15.2613 1.5
      vertex 13.6077 15.1463 1.5
      vertex 12.5546 15.5198 1.5
    endloop
  endfacet
  facet normal 0 0 1
    outer loop
      vertex 13.6 15 1.5
      vertex 12.6224 14.2275 1.5
      vertex 12.7161 13.9832 1.5
    endloop
  endfacet
  facet normal 0 0 1
    outer loop
      vertex 13.6077 15.1463 1.5
      vertex 12.5137 15.2613 1.5
      vertex 13.6 15 1.5
    endloop
  endfacet
  facet normal 0 0 1
    outer loop
      vertex 13.6 15 1.5
      vertex 12.5546 14.4802 1.5
      vertex 12.6224 14.2275 1.5
    endloop
  endfacet
  facet normal 0 0 1
    outer loop
      vertex 12.5 15 1.5
      vertex 13.6 15 1.5
      vertex 12.5137 15.2613 1.5
    endloop
  endfacet
  facet normal 0 0 1
    outer loop
      vertex 13.6 15 1.5
      vertex 12.5137 14.7387 1.5
      vertex 12.5546 14.4802 1.5
    endloop
  endfacet
  facet normal 0 0 1
    outer loop
      vertex 13.6 15 1.5
      vertex 12.5 15 1.5
      vertex 12.5137 14.7387 1.5
    endloop
  endfacet
  facet normal -0 0 1
    outer loop
      vertex 16.279 14.4306 1.5
      vertex 17 13.5027 1.5
      vertex 16.3315 14.5674 1.5
    endloop
  endfacet
  facet normal -0 0 1
    outer loop
      vertex 16.2124 14.3 1.5
      vertex 17 13.5027 1.5
      vertex 16.279 14.4306 1.5
    endloop
  endfacet
  facet normal -0 0 1
    outer loop
      vertex 16.1326 14.1771 1.5
      vertex 17 13.5027 1.5
      vertex 16.2124 14.3 1.5
    endloop
  endfacet
  facet normal -0 0 1
    outer loop
      vertex 16.0404 14.0632 1.5
      vertex 17 13.5027 1.5
      vertex 16.1326 14.1771 1.5
    endloop
  endfacet
  facet normal 0 0 1
    outer loop
      vertex 17 13.5027 1.5
      vertex 16.0404 14.0632 1.5
      vertex 16.8579 13.3272 1.5
    endloop
  endfacet
  facet normal 0 0 1
    outer loop
      vertex 16.8579 13.3272 1.5
      vertex 16.0404 14.0632 1.5
      vertex 16.6728 13.1421 1.5
    endloop
  endfacet
  facet normal -0 0 1
    outer loop
      vertex 15.9368 13.9596 1.5
      vertex 16.6728 13.1421 1.5
      vertex 16.0404 14.0632 1.5
    endloop
  endfacet
  facet normal 0 0 1
    outer loop
      vertex 16.6728 13.1421 1.5
      vertex 15.9368 13.9596 1.5
      vertex 16.4695 12.9775 1.5
    endloop
  endfacet
  facet normal -0 0 1
    outer loop
      vertex 15.8229 13.8674 1.5
      vertex 16.4695 12.9775 1.5
      vertex 15.9368 13.9596 1.5
    endloop
  endfacet
  facet normal 0 0 1
    outer loop
      vertex 16.4695 12.9775 1.5
      vertex 15.8229 13.8674 1.5
      vertex 16.25 12.8349 1.5
    endloop
  endfacet
  facet normal -0 0 1
    outer loop
      vertex 15.7 13.7876 1.5
      vertex 16.25 12.8349 1.5
      vertex 15.8229 13.8674 1.5
    endloop
  endfacet
  facet normal 0 0 1
    outer loop
      vertex 16.25 12.8349 1.5
      vertex 15.7 13.7876 1.5
      vertex 16.0168 12.7161 1.5
    endloop
  endfacet
  facet normal -0 0 1
    outer loop
      vertex 15.5694 13.721 1.5
      vertex 16.0168 12.7161 1.5
      vertex 15.7 13.7876 1.5
    endloop
  endfacet
  facet normal 0 0 1
    outer loop
      vertex 16.0168 12.7161 1.5
      vertex 15.5694 13.721 1.5
      vertex 15.7725 12.6224 1.5
    endloop
  endfacet
  facet normal -0 0 1
    outer loop
      vertex 15.4326 13.6685 1.5
      vertex 15.7725 12.6224 1.5
      vertex 15.5694 13.721 1.5
    endloop
  endfacet
  facet normal 0 0 1
    outer loop
      vertex 15.7725 12.6224 1.5
      vertex 15.4326 13.6685 1.5
      vertex 15.5198 12.5546 1.5
    endloop
  endfacet
  facet normal -0 0 1
    outer loop
      vertex 15.2911 13.6306 1.5
      vertex 15.5198 12.5546 1.5
      vertex 15.4326 13.6685 1.5
    endloop
  endfacet
  facet normal 0 0 1
    outer loop
      vertex 15.2911 13.6306 1.5
      vertex 15.2613 12.5137 1.5
      vertex 15.5198 12.5546 1.5
    endloop
  endfacet
  facet normal -0 0 1
    outer loop
      vertex 15.1463 13.6077 1.5
      vertex 15.2613 12.5137 1.5
      vertex 15.2911 13.6306 1.5
    endloop
  endfacet
  facet normal -0 0 1
    outer loop
      vertex 15 13.6 1.5
      vertex 15.2613 12.5137 1.5
      vertex 15.1463 13.6077 1.5
    endloop
  endfacet
  facet normal 0 0 1
    outer loop
      vertex 15 13.6 1.5
      vertex 15 12.5 1.5
      vertex 15.2613 12.5137 1.5
    endloop
  endfacet
  facet normal 0 0 1
    outer loop
      vertex 14.8537 13.6077 1.5
      vertex 15 12.5 1.5
      vertex 15 13.6 1.5
    endloop
  endfacet
  facet normal 0 0 1
    outer loop
      vertex 14.8537 13.6077 1.5
      vertex 14.7387 12.5137 1.5
      vertex 15 12.5 1.5
    endloop
  endfacet
  facet normal 0 0 1
    outer loop
      vertex 14.7089 13.6306 1.5
      vertex 14.7387 12.5137 1.5
      vertex 14.8537 13.6077 1.5
    endloop
  endfacet
  facet normal 0 0 1
    outer loop
      vertex 14.4802 12.5546 1.5
      vertex 14.7089 13.6306 1.5
      vertex 14.5674 13.6685 1.5
    endloop
  endfacet
  facet normal 0 0 1
    outer loop
      vertex 14.7089 13.6306 1.5
      vertex 14.4802 12.5546 1.5
      vertex 14.7387 12.5137 1.5
    endloop
  endfacet
  facet normal 0 0 1
    outer loop
      vertex 14.2275 12.6224 1.5
      vertex 14.5674 13.6685 1.5
      vertex 14.4306 13.721 1.5
    endloop
  endfacet
  facet normal 0 0 1
    outer loop
      vertex 13.9832 12.7161 1.5
      vertex 14.4306 13.721 1.5
      vertex 14.3 13.7876 1.5
    endloop
  endfacet
  facet normal 0 0 1
    outer loop
      vertex 14.5674 13.6685 1.5
      vertex 14.2275 12.6224 1.5
      vertex 14.4802 12.5546 1.5
    endloop
  endfacet
  facet normal 0 0 1
    outer loop
      vertex 13.75 12.8349 1.5
      vertex 14.3 13.7876 1.5
      vertex 14.1771 13.8674 1.5
    endloop
  endfacet
  facet normal 0 0 1
    outer loop
      vertex 13.5305 12.9775 1.5
      vertex 14.1771 13.8674 1.5
      vertex 14.0632 13.9596 1.5
    endloop
  endfacet
  facet normal 0 0 1
    outer loop
      vertex 14.4306 13.721 1.5
      vertex 13.9832 12.7161 1.5
      vertex 14.2275 12.6224 1.5
    endloop
  endfacet
  facet normal 0 0 1
    outer loop
      vertex 13.5305 12.9775 1.5
      vertex 14.0632 13.9596 1.5
      vertex 13.9596 14.0632 1.5
    endloop
  endfacet
  facet normal 0 0 1
    outer loop
      vertex 13.5305 12.9775 1.5
      vertex 13.9596 14.0632 1.5
      vertex 13.8674 14.1771 1.5
    endloop
  endfacet
  facet normal 0 0 1
    outer loop
      vertex 13.5305 12.9775 1.5
      vertex 13.8674 14.1771 1.5
      vertex 13.7876 14.3 1.5
    endloop
  endfacet
  facet normal 0 0 1
    outer loop
      vertex 14.3 13.7876 1.5
      vertex 13.75 12.8349 1.5
      vertex 13.9832 12.7161 1.5
    endloop
  endfacet
  facet normal 0 0 1
    outer loop
      vertex 13.5305 12.9775 1.5
      vertex 13.7876 14.3 1.5
      vertex 13.721 14.4306 1.5
    endloop
  endfacet
  facet normal 0 0 1
    outer loop
      vertex 13.5305 12.9775 1.5
      vertex 13.721 14.4306 1.5
      vertex 13.6685 14.5674 1.5
    endloop
  endfacet
  facet normal 0 0 1
    outer loop
      vertex 13.5305 12.9775 1.5
      vertex 13.6685 14.5674 1.5
      vertex 13.6306 14.7089 1.5
    endloop
  endfacet
  facet normal 0 0 1
    outer loop
      vertex 13.5305 12.9775 1.5
      vertex 13.6306 14.7089 1.5
      vertex 13.6077 14.8537 1.5
    endloop
  endfacet
  facet normal 0 0 1
    outer loop
      vertex 14.1771 13.8674 1.5
      vertex 13.5305 12.9775 1.5
      vertex 13.75 12.8349 1.5
    endloop
  endfacet
  facet normal 0 0 1
    outer loop
      vertex 13.5305 12.9775 1.5
      vertex 13.6077 14.8537 1.5
      vertex 13.6 15 1.5
    endloop
  endfacet
  facet normal 0.965841 -0.259137 0
    outer loop
      vertex 12.5546 15.5198 3
      vertex 12.6224 15.7725 1.5
      vertex 12.6224 15.7725 3
    endloop
  endfacet
  facet normal 0.965841 -0.259137 0
    outer loop
      vertex 12.6224 15.7725 1.5
      vertex 12.5546 15.5198 3
      vertex 12.5546 15.5198 1.5
    endloop
  endfacet
  facet normal 0.7772 -0.629253 0
    outer loop
      vertex 12.9775 16.4695 3
      vertex 13.1421 16.6728 1.5
      vertex 13.1421 16.6728 3
    endloop
  endfacet
  facet normal 0.7772 -0.629253 0
    outer loop
      vertex 13.1421 16.6728 1.5
      vertex 12.9775 16.4695 3
      vertex 12.9775 16.4695 1.5
    endloop
  endfacet
  facet normal 0.707107 -0.707107 0
    outer loop
      vertex 13.1421 16.6728 3
      vertex 13.3272 16.8579 1.5
      vertex 13.3272 16.8579 3
    endloop
  endfacet
  facet normal 0.707107 -0.707107 0
    outer loop
      vertex 13.3272 16.8579 1.5
      vertex 13.1421 16.6728 3
      vertex 13.1421 16.6728 1.5
    endloop
  endfacet
  facet normal 0.838575 -0.544787 0
    outer loop
      vertex 12.8349 16.25 3
      vertex 12.9775 16.4695 1.5
      vertex 12.9775 16.4695 3
    endloop
  endfacet
  facet normal 0.838575 -0.544787 0
    outer loop
      vertex 12.9775 16.4695 1.5
      vertex 12.8349 16.25 3
      vertex 12.8349 16.25 1.5
    endloop
  endfacet
  facet normal 0.93368 -0.358108 0
    outer loop
      vertex 12.6224 15.7725 3
      vertex 12.7161 16.0168 1.5
      vertex 12.7161 16.0168 3
    endloop
  endfacet
  facet normal 0.93368 -0.358108 0
    outer loop
      vertex 12.7161 16.0168 1.5
      vertex 12.6224 15.7725 3
      vertex 12.6224 15.7725 1.5
    endloop
  endfacet
  facet normal 0.987713 -0.156277 0
    outer loop
      vertex 12.5137 15.2613 3
      vertex 12.5546 15.5198 1.5
      vertex 12.5546 15.5198 3
    endloop
  endfacet
  facet normal 0.987713 -0.156277 0
    outer loop
      vertex 12.5546 15.5198 1.5
      vertex 12.5137 15.2613 3
      vertex 12.5137 15.2613 1.5
    endloop
  endfacet
  facet normal -0.0523582 0.998628 0
    outer loop
      vertex 15.2613 12.5137 1.5
      vertex 15 12.5 3
      vertex 15.2613 12.5137 3
    endloop
  endfacet
  facet normal -0.0523582 0.998628 0
    outer loop
      vertex 15 12.5 3
      vertex 15.2613 12.5137 1.5
      vertex 15 12.5 1.5
    endloop
  endfacet
  facet normal -0.259137 0.965841 0
    outer loop
      vertex 15.7725 12.6224 1.5
      vertex 15.5198 12.5546 3
      vertex 15.7725 12.6224 3
    endloop
  endfacet
  facet normal -0.259137 0.965841 0
    outer loop
      vertex 15.5198 12.5546 3
      vertex 15.7725 12.6224 1.5
      vertex 15.5198 12.5546 1.5
    endloop
  endfacet
  facet normal -0.629253 0.7772 0
    outer loop
      vertex 16.6728 13.1421 1.5
      vertex 16.4695 12.9775 3
      vertex 16.6728 13.1421 3
    endloop
  endfacet
  facet normal -0.629253 0.7772 0
    outer loop
      vertex 16.4695 12.9775 3
      vertex 16.6728 13.1421 1.5
      vertex 16.4695 12.9775 1.5
    endloop
  endfacet
  facet normal -0.453926 0.891039 0
    outer loop
      vertex 16.25 12.8349 1.5
      vertex 16.0168 12.7161 3
      vertex 16.25 12.8349 3
    endloop
  endfacet
  facet normal -0.453926 0.891039 0
    outer loop
      vertex 16.0168 12.7161 3
      vertex 16.25 12.8349 1.5
      vertex 16.0168 12.7161 1.5
    endloop
  endfacet
  facet normal -0.777183 0.629275 0
    outer loop
      vertex 16.8579 13.3272 1.5
      vertex 17 13.5027 3
      vertex 17 13.5027 1.5
    endloop
  endfacet
  facet normal -0.777183 0.629275 0
    outer loop
      vertex 17 13.5027 3
      vertex 16.8579 13.3272 1.5
      vertex 16.8579 13.3272 3
    endloop
  endfacet
  facet normal 0.707107 0.707107 0
    outer loop
      vertex 13.3272 13.1421 2.2
      vertex 13.1421 13.3272 1.5
      vertex 13.1421 13.3272 2.2
    endloop
  endfacet
  facet normal 0.707107 0.707107 0
    outer loop
      vertex 13.1421 13.3272 1.5
      vertex 13.3272 13.1421 2.2
      vertex 13.3272 13.1421 1.5
    endloop
  endfacet
  facet normal 0.544787 0.838575 -0
    outer loop
      vertex 13.75 12.8349 1.5
      vertex 13.5305 12.9775 2.2
      vertex 13.75 12.8349 2.2
    endloop
  endfacet
  facet normal 0.544787 0.838575 0
    outer loop
      vertex 13.5305 12.9775 2.2
      vertex 13.75 12.8349 1.5
      vertex 13.5305 12.9775 1.5
    endloop
  endfacet
  facet normal 0.358108 0.93368 -0
    outer loop
      vertex 14.2275 12.6224 1.5
      vertex 13.9832 12.7161 3
      vertex 14.2275 12.6224 3
    endloop
  endfacet
  facet normal 0.358108 0.93368 0
    outer loop
      vertex 13.9832 12.7161 3
      vertex 14.2275 12.6224 1.5
      vertex 13.9832 12.7161 1.5
    endloop
  endfacet
  facet normal 0.156277 0.987713 -0
    outer loop
      vertex 14.7387 12.5137 1.5
      vertex 14.4802 12.5546 3
      vertex 14.7387 12.5137 3
    endloop
  endfacet
  facet normal 0.156277 0.987713 0
    outer loop
      vertex 14.4802 12.5546 3
      vertex 14.7387 12.5137 1.5
      vertex 14.4802 12.5546 1.5
    endloop
  endfacet
  facet normal 0.838575 0.544787 0
    outer loop
      vertex 12.9775 13.5305 2.2
      vertex 12.8349 13.75 1.5
      vertex 12.8349 13.75 2.2
    endloop
  endfacet
  facet normal 0.838575 0.544787 0
    outer loop
      vertex 12.8349 13.75 1.5
      vertex 12.9775 13.5305 2.2
      vertex 12.9775 13.5305 1.5
    endloop
  endfacet
  facet normal 0.965841 0.259137 0
    outer loop
      vertex 12.6224 14.2275 3
      vertex 12.5546 14.4802 1.5
      vertex 12.5546 14.4802 3
    endloop
  endfacet
  facet normal 0.965841 0.259137 0
    outer loop
      vertex 12.5546 14.4802 1.5
      vertex 12.6224 14.2275 3
      vertex 12.6224 14.2275 1.5
    endloop
  endfacet
  facet normal 0.998628 0.0523582 0
    outer loop
      vertex 12.5137 14.7387 3
      vertex 12.5 15 1.5
      vertex 12.5 15 3
    endloop
  endfacet
  facet normal 0.998628 0.0523582 0
    outer loop
      vertex 12.5 15 1.5
      vertex 12.5137 14.7387 3
      vertex 12.5137 14.7387 1.5
    endloop
  endfacet
  facet normal -0.156277 0.987713 0
    outer loop
      vertex 15.5198 12.5546 1.5
      vertex 15.2613 12.5137 3
      vertex 15.5198 12.5546 3
    endloop
  endfacet
  facet normal -0.156277 0.987713 0
    outer loop
      vertex 15.2613 12.5137 3
      vertex 15.5198 12.5546 1.5
      vertex 15.2613 12.5137 1.5
    endloop
  endfacet
  facet normal -0.358108 0.93368 0
    outer loop
      vertex 16.0168 12.7161 1.5
      vertex 15.7725 12.6224 3
      vertex 16.0168 12.7161 3
    endloop
  endfacet
  facet normal -0.358108 0.93368 0
    outer loop
      vertex 15.7725 12.6224 3
      vertex 16.0168 12.7161 1.5
      vertex 15.7725 12.6224 1.5
    endloop
  endfacet
  facet normal -0.707107 0.707107 0
    outer loop
      vertex 16.6728 13.1421 1.5
      vertex 16.8579 13.3272 3
      vertex 16.8579 13.3272 1.5
    endloop
  endfacet
  facet normal -0.707107 0.707107 0
    outer loop
      vertex 16.8579 13.3272 3
      vertex 16.6728 13.1421 1.5
      vertex 16.6728 13.1421 3
    endloop
  endfacet
  facet normal -0.544787 0.838575 0
    outer loop
      vertex 16.4695 12.9775 1.5
      vertex 16.25 12.8349 3
      vertex 16.4695 12.9775 3
    endloop
  endfacet
  facet normal -0.544787 0.838575 0
    outer loop
      vertex 16.25 12.8349 3
      vertex 16.4695 12.9775 1.5
      vertex 16.25 12.8349 1.5
    endloop
  endfacet
  facet normal 0.629253 0.7772 -0
    outer loop
      vertex 13.5305 12.9775 1.5
      vertex 13.3272 13.1421 2.2
      vertex 13.5305 12.9775 2.2
    endloop
  endfacet
  facet normal 0.629253 0.7772 0
    outer loop
      vertex 13.3272 13.1421 2.2
      vertex 13.5305 12.9775 1.5
      vertex 13.3272 13.1421 1.5
    endloop
  endfacet
  facet normal 0.453962 0.891021 0
    outer loop
      vertex 13.9832 12.7161 3
      vertex 13.8356 12.7913 2.2
      vertex 13.8356 12.7913 3
    endloop
  endfacet
  facet normal 0.453962 0.891021 -0
    outer loop
      vertex 13.9832 12.7161 1.5
      vertex 13.8356 12.7913 2.2
      vertex 13.9832 12.7161 3
    endloop
  endfacet
  facet normal 0.453926 0.891039 -9.60689e-06
    outer loop
      vertex 13.75 12.8349 1.5
      vertex 13.8356 12.7913 2.2
      vertex 13.9832 12.7161 1.5
    endloop
  endfacet
  facet normal 0.453863 0.891071 0
    outer loop
      vertex 13.8356 12.7913 2.2
      vertex 13.75 12.8349 1.5
      vertex 13.75 12.8349 2.2
    endloop
  endfacet
  facet normal 0.259137 0.965841 -0
    outer loop
      vertex 14.4802 12.5546 1.5
      vertex 14.2275 12.6224 3
      vertex 14.4802 12.5546 3
    endloop
  endfacet
  facet normal 0.259137 0.965841 0
    outer loop
      vertex 14.2275 12.6224 3
      vertex 14.4802 12.5546 1.5
      vertex 14.2275 12.6224 1.5
    endloop
  endfacet
  facet normal 0.0523582 0.998628 -0
    outer loop
      vertex 15 12.5 1.5
      vertex 14.7387 12.5137 3
      vertex 15 12.5 3
    endloop
  endfacet
  facet normal 0.0523582 0.998628 0
    outer loop
      vertex 14.7387 12.5137 3
      vertex 15 12.5 1.5
      vertex 14.7387 12.5137 1.5
    endloop
  endfacet
  facet normal 0.7772 0.629253 0
    outer loop
      vertex 13.1421 13.3272 2.2
      vertex 12.9775 13.5305 1.5
      vertex 12.9775 13.5305 2.2
    endloop
  endfacet
  facet normal 0.7772 0.629253 0
    outer loop
      vertex 12.9775 13.5305 1.5
      vertex 13.1421 13.3272 2.2
      vertex 13.1421 13.3272 1.5
    endloop
  endfacet
  facet normal 0.93368 0.358108 0
    outer loop
      vertex 12.7161 13.9832 3
      vertex 12.6224 14.2275 1.5
      vertex 12.6224 14.2275 3
    endloop
  endfacet
  facet normal 0.93368 0.358108 0
    outer loop
      vertex 12.6224 14.2275 1.5
      vertex 12.7161 13.9832 3
      vertex 12.7161 13.9832 1.5
    endloop
  endfacet
  facet normal 0.987713 0.156277 0
    outer loop
      vertex 12.5546 14.4802 3
      vertex 12.5137 14.7387 1.5
      vertex 12.5137 14.7387 3
    endloop
  endfacet
  facet normal 0.987713 0.156277 0
    outer loop
      vertex 12.5137 14.7387 1.5
      vertex 12.5546 14.4802 3
      vertex 12.5546 14.4802 1.5
    endloop
  endfacet
  facet normal -0.998619 -0.0525338 0
    outer loop
      vertex -16.989 -15.2091 0
      vertex -17 -15 1.5
      vertex -17 -15 0
    endloop
  endfacet
  facet normal -0.998619 -0.0525338 0
    outer loop
      vertex -17 -15 1.5
      vertex -16.989 -15.2091 0
      vertex -16.989 -15.2091 1.5
    endloop
  endfacet
  facet normal 0.0525338 -0.998619 0
    outer loop
      vertex 15 -17 0
      vertex 15.2091 -16.989 1.5
      vertex 15 -17 1.5
    endloop
  endfacet
  facet normal 0.0525338 -0.998619 0
    outer loop
      vertex 15.2091 -16.989 1.5
      vertex 15 -17 0
      vertex 15.2091 -16.989 0
    endloop
  endfacet
  facet normal -0 0 1
    outer loop
      vertex -13.9832 12.7161 3
      vertex -13.9021 12.618 3
      vertex -13.8356 12.7913 3
    endloop
  endfacet
  facet normal -0 0 1
    outer loop
      vertex -14.2275 12.6224 3
      vertex -13.9021 12.618 3
      vertex -13.9832 12.7161 3
    endloop
  endfacet
  facet normal 0 0 1
    outer loop
      vertex -13.9021 12.618 3
      vertex -14.2275 12.6224 3
      vertex -13.9563 12.4158 3
    endloop
  endfacet
  facet normal 0 0 1
    outer loop
      vertex -13.9563 12.4158 3
      vertex -14.2275 12.6224 3
      vertex -13.989 12.2091 3
    endloop
  endfacet
  facet normal 0 0 1
    outer loop
      vertex -13.989 12.2091 3
      vertex -14.4802 12.5546 3
      vertex -14 12 3
    endloop
  endfacet
  facet normal -0 0 1
    outer loop
      vertex -14.4802 12.5546 3
      vertex -13.989 12.2091 3
      vertex -14.2275 12.6224 3
    endloop
  endfacet
  facet normal 0 0 1
    outer loop
      vertex -13.9021 -12.618 3
      vertex -13.9832 -12.7161 3
      vertex -13.8356 -12.7913 3
    endloop
  endfacet
  facet normal 0 0 1
    outer loop
      vertex -14.2275 -12.6224 3
      vertex -13.9021 -12.618 3
      vertex -13.9563 -12.4158 3
    endloop
  endfacet
  facet normal 0 0 1
    outer loop
      vertex -14.2275 -12.6224 3
      vertex -13.9563 -12.4158 3
      vertex -13.989 -12.2091 3
    endloop
  endfacet
  facet normal 0 0 1
    outer loop
      vertex -14.4802 -12.5546 3
      vertex -13.989 -12.2091 3
      vertex -14 -12 3
    endloop
  endfacet
  facet normal 0 0 1
    outer loop
      vertex -13.9021 -12.618 3
      vertex -14.2275 -12.6224 3
      vertex -13.9832 -12.7161 3
    endloop
  endfacet
  facet normal 0 0 1
    outer loop
      vertex -14 12 3
      vertex -14.9008 3 3
      vertex -14 -12 3
    endloop
  endfacet
  facet normal -0 0 1
    outer loop
      vertex -14.7387 12.5137 3
      vertex -14 12 3
      vertex -14.4802 12.5546 3
    endloop
  endfacet
  facet normal -0 0 1
    outer loop
      vertex -14.9008 -3 3
      vertex -14 -12 3
      vertex -14.9008 3 3
    endloop
  endfacet
  facet normal -0 0 1
    outer loop
      vertex -15 12.5 3
      vertex -14 12 3
      vertex -14.7387 12.5137 3
    endloop
  endfacet
  facet normal -0 0 1
    outer loop
      vertex -14.9041 -3.06263 3
      vertex -14 -12 3
      vertex -14.9008 -3 3
    endloop
  endfacet
  facet normal -0 0 1
    outer loop
      vertex -14.9139 -3.12458 3
      vertex -14 -12 3
      vertex -14.9041 -3.06263 3
    endloop
  endfacet
  facet normal 0 0 1
    outer loop
      vertex -14 12 3
      vertex -14.9041 3.06263 3
      vertex -14.9008 3 3
    endloop
  endfacet
  facet normal 0 0 1
    outer loop
      vertex -14 12 3
      vertex -14.9139 3.12458 3
      vertex -14.9041 3.06263 3
    endloop
  endfacet
  facet normal 0 0 1
    outer loop
      vertex -14 12 3
      vertex -14.9301 3.18516 3
      vertex -14.9139 3.12458 3
    endloop
  endfacet
  facet normal 0 0 1
    outer loop
      vertex -14 12 3
      vertex -14.9526 3.24371 3
      vertex -14.9301 3.18516 3
    endloop
  endfacet
  facet normal 0 0 1
    outer loop
      vertex -14 12 3
      vertex -14.9811 3.29959 3
      vertex -14.9526 3.24371 3
    endloop
  endfacet
  facet normal 0 0 1
    outer loop
      vertex -15.2613 12.5137 3
      vertex -14 12 3
      vertex -15 12.5 3
    endloop
  endfacet
  facet normal 0 0 1
    outer loop
      vertex -14 12 3
      vertex -15.0153 3.35219 3
      vertex -14.9811 3.29959 3
    endloop
  endfacet
  facet normal 0 0 1
    outer loop
      vertex -14 12 3
      vertex -15.0547 3.40093 3
      vertex -15.0153 3.35219 3
    endloop
  endfacet
  facet normal 0 0 1
    outer loop
      vertex -14 12 3
      vertex -15.0991 3.44528 3
      vertex -15.0547 3.40093 3
    endloop
  endfacet
  facet normal 0 0 1
    outer loop
      vertex -14 12 3
      vertex -15.1478 3.48474 3
      vertex -15.0991 3.44528 3
    endloop
  endfacet
  facet normal 0 0 1
    outer loop
      vertex -14 12 3
      vertex -15.2004 3.5189 3
      vertex -15.1478 3.48474 3
    endloop
  endfacet
  facet normal 0 0 1
    outer loop
      vertex -14 12 3
      vertex -15.2563 3.54738 3
      vertex -15.2004 3.5189 3
    endloop
  endfacet
  facet normal 0 0 1
    outer loop
      vertex -15.5198 12.5546 3
      vertex -14 12 3
      vertex -15.2613 12.5137 3
    endloop
  endfacet
  facet normal 0 0 1
    outer loop
      vertex -14 12 3
      vertex -15.3148 3.56985 3
      vertex -15.2563 3.54738 3
    endloop
  endfacet
  facet normal 0 0 1
    outer loop
      vertex -14 12 3
      vertex -15.3754 3.58608 3
      vertex -15.3148 3.56985 3
    endloop
  endfacet
  facet normal 0 0 1
    outer loop
      vertex -14 12 3
      vertex -15.4374 3.59589 3
      vertex -15.3754 3.58608 3
    endloop
  endfacet
  facet normal 0 0 1
    outer loop
      vertex -14 12 3
      vertex -15.5 3.59918 3
      vertex -15.4374 3.59589 3
    endloop
  endfacet
  facet normal 0 0 1
    outer loop
      vertex -14 12 3
      vertex -15.5198 12.5546 3
      vertex -15.5626 3.59589 3
    endloop
  endfacet
  facet normal 0 0 1
    outer loop
      vertex -14 12 3
      vertex -15.5626 3.59589 3
      vertex -15.5 3.59918 3
    endloop
  endfacet
  facet normal 0 0 1
    outer loop
      vertex -15.5198 12.5546 3
      vertex -15.6246 3.58608 3
      vertex -15.5626 3.59589 3
    endloop
  endfacet
  facet normal 0 0 1
    outer loop
      vertex -15.5198 12.5546 3
      vertex -15.6852 3.56985 3
      vertex -15.6246 3.58608 3
    endloop
  endfacet
  facet normal 0 0 1
    outer loop
      vertex -15.7725 12.6224 3
      vertex -15.6852 3.56985 3
      vertex -15.5198 12.5546 3
    endloop
  endfacet
  facet normal 0 0 1
    outer loop
      vertex -15.6852 3.56985 3
      vertex -15.7725 12.6224 3
      vertex -15.7437 3.54738 3
    endloop
  endfacet
  facet normal 0 0 1
    outer loop
      vertex -16.0168 12.7161 3
      vertex -15.7437 3.54738 3
      vertex -15.7725 12.6224 3
    endloop
  endfacet
  facet normal 0 0 1
    outer loop
      vertex -15.7437 3.54738 3
      vertex -16.0168 12.7161 3
      vertex -15.7996 3.5189 3
    endloop
  endfacet
  facet normal 0 0 1
    outer loop
      vertex -16.25 12.8349 3
      vertex -15.7996 3.5189 3
      vertex -16.0168 12.7161 3
    endloop
  endfacet
  facet normal 0 0 1
    outer loop
      vertex -15.7996 3.5189 3
      vertex -16.25 12.8349 3
      vertex -15.8522 3.48474 3
    endloop
  endfacet
  facet normal 0 0 1
    outer loop
      vertex -15.8522 3.48474 3
      vertex -16.25 12.8349 3
      vertex -15.9009 3.44528 3
    endloop
  endfacet
  facet normal 0 0 1
    outer loop
      vertex -16.4695 12.9775 3
      vertex -15.9009 3.44528 3
      vertex -16.25 12.8349 3
    endloop
  endfacet
  facet normal 0 0 1
    outer loop
      vertex -15.9009 3.44528 3
      vertex -16.4695 12.9775 3
      vertex -15.9453 3.40093 3
    endloop
  endfacet
  facet normal 0 0 1
    outer loop
      vertex -16.6728 13.1421 3
      vertex -15.9453 3.40093 3
      vertex -16.4695 12.9775 3
    endloop
  endfacet
  facet normal 0 0 1
    outer loop
      vertex -15.9453 3.40093 3
      vertex -16.6728 13.1421 3
      vertex -15.9847 3.35219 3
    endloop
  endfacet
  facet normal 0 0 1
    outer loop
      vertex -16.8579 13.3272 3
      vertex -15.9847 3.35219 3
      vertex -16.6728 13.1421 3
    endloop
  endfacet
  facet normal 0 0 1
    outer loop
      vertex -15.9847 3.35219 3
      vertex -16.8579 13.3272 3
      vertex -16.0189 3.29959 3
    endloop
  endfacet
  facet normal 0 0 1
    outer loop
      vertex -17 13.5027 3
      vertex -16.0189 3.29959 3
      vertex -16.8579 13.3272 3
    endloop
  endfacet
  facet normal 0 0 1
    outer loop
      vertex -16.0474 3.24371 3
      vertex -17 13.5027 3
      vertex -16.0699 3.18516 3
    endloop
  endfacet
  facet normal 0 0 1
    outer loop
      vertex -16.0189 3.29959 3
      vertex -17 13.5027 3
      vertex -16.0474 3.24371 3
    endloop
  endfacet
  facet normal -0 0 1
    outer loop
      vertex -14.9301 -3.18516 3
      vertex -14 -12 3
      vertex -14.9139 -3.12458 3
    endloop
  endfacet
  facet normal -0 0 1
    outer loop
      vertex -14.9526 -3.24371 3
      vertex -14 -12 3
      vertex -14.9301 -3.18516 3
    endloop
  endfacet
  facet normal -0 0 1
    outer loop
      vertex -14.9811 -3.29959 3
      vertex -14 -12 3
      vertex -14.9526 -3.24371 3
    endloop
  endfacet
  facet normal -0 0 1
    outer loop
      vertex -15.0153 -3.35219 3
      vertex -14 -12 3
      vertex -14.9811 -3.29959 3
    endloop
  endfacet
  facet normal -0 0 1
    outer loop
      vertex -15.0547 -3.40093 3
      vertex -14 -12 3
      vertex -15.0153 -3.35219 3
    endloop
  endfacet
  facet normal -0 0 1
    outer loop
      vertex -15.0991 -3.44528 3
      vertex -14 -12 3
      vertex -15.0547 -3.40093 3
    endloop
  endfacet
  facet normal -0 0 1
    outer loop
      vertex -15.1478 -3.48474 3
      vertex -14 -12 3
      vertex -15.0991 -3.44528 3
    endloop
  endfacet
  facet normal -0 0 1
    outer loop
      vertex -15.2004 -3.5189 3
      vertex -14 -12 3
      vertex -15.1478 -3.48474 3
    endloop
  endfacet
  facet normal -0 0 1
    outer loop
      vertex -15.2563 -3.54738 3
      vertex -14 -12 3
      vertex -15.2004 -3.5189 3
    endloop
  endfacet
  facet normal -0 0 1
    outer loop
      vertex -15.3148 -3.56985 3
      vertex -14 -12 3
      vertex -15.2563 -3.54738 3
    endloop
  endfacet
  facet normal 0 0 1
    outer loop
      vertex -13.989 -12.2091 3
      vertex -14.4802 -12.5546 3
      vertex -14.2275 -12.6224 3
    endloop
  endfacet
  facet normal -0 0 1
    outer loop
      vertex -15.3754 -3.58608 3
      vertex -14 -12 3
      vertex -15.3148 -3.56985 3
    endloop
  endfacet
  facet normal 0 0 1
    outer loop
      vertex -14 -12 3
      vertex -14.7387 -12.5137 3
      vertex -14.4802 -12.5546 3
    endloop
  endfacet
  facet normal -0 0 1
    outer loop
      vertex -15.4374 -3.59589 3
      vertex -14 -12 3
      vertex -15.3754 -3.58608 3
    endloop
  endfacet
  facet normal 0 0 1
    outer loop
      vertex -14 -12 3
      vertex -15 -12.5 3
      vertex -14.7387 -12.5137 3
    endloop
  endfacet
  facet normal -0 0 1
    outer loop
      vertex -15.5 -3.59918 3
      vertex -14 -12 3
      vertex -15.4374 -3.59589 3
    endloop
  endfacet
  facet normal 0 0 1
    outer loop
      vertex -15.5626 -3.59589 3
      vertex -14 -12 3
      vertex -15.5 -3.59918 3
    endloop
  endfacet
  facet normal 0 0 1
    outer loop
      vertex -14 -12 3
      vertex -15.2613 -12.5137 3
      vertex -15 -12.5 3
    endloop
  endfacet
  facet normal 0 -0 1
    outer loop
      vertex -15.5198 -12.5546 3
      vertex -14 -12 3
      vertex -15.5626 -3.59589 3
    endloop
  endfacet
  facet normal 0 0 1
    outer loop
      vertex -14 -12 3
      vertex -15.5198 -12.5546 3
      vertex -15.2613 -12.5137 3
    endloop
  endfacet
  facet normal 0 0 1
    outer loop
      vertex -15.6246 -3.58608 3
      vertex -15.5198 -12.5546 3
      vertex -15.5626 -3.59589 3
    endloop
  endfacet
  facet normal 0 0 1
    outer loop
      vertex -15.6852 -3.56985 3
      vertex -15.5198 -12.5546 3
      vertex -15.6246 -3.58608 3
    endloop
  endfacet
  facet normal 0 0 1
    outer loop
      vertex -15.7725 -12.6224 3
      vertex -15.6852 -3.56985 3
      vertex -15.7437 -3.54738 3
    endloop
  endfacet
  facet normal 0 0 1
    outer loop
      vertex -15.6852 -3.56985 3
      vertex -15.7725 -12.6224 3
      vertex -15.5198 -12.5546 3
    endloop
  endfacet
  facet normal 0 0 1
    outer loop
      vertex -16.0168 -12.7161 3
      vertex -15.7437 -3.54738 3
      vertex -15.7996 -3.5189 3
    endloop
  endfacet
  facet normal 0 0 1
    outer loop
      vertex -16.25 -12.8349 3
      vertex -15.7996 -3.5189 3
      vertex -15.8522 -3.48474 3
    endloop
  endfacet
  facet normal 0 0 1
    outer loop
      vertex -16.25 -12.8349 3
      vertex -15.8522 -3.48474 3
      vertex -15.9009 -3.44528 3
    endloop
  endfacet
  facet normal 0 0 1
    outer loop
      vertex -16.4695 -12.9775 3
      vertex -15.9009 -3.44528 3
      vertex -15.9453 -3.40093 3
    endloop
  endfacet
  facet normal 0 0 1
    outer loop
      vertex -16.6728 -13.1421 3
      vertex -15.9453 -3.40093 3
      vertex -15.9847 -3.35219 3
    endloop
  endfacet
  facet normal 0 0 1
    outer loop
      vertex -15.7437 -3.54738 3
      vertex -16.0168 -12.7161 3
      vertex -15.7725 -12.6224 3
    endloop
  endfacet
  facet normal 0 0 1
    outer loop
      vertex -16.8579 -13.3272 3
      vertex -15.9847 -3.35219 3
      vertex -16.0189 -3.29959 3
    endloop
  endfacet
  facet normal 0 0 1
    outer loop
      vertex -17 -13.5027 3
      vertex -16.0189 -3.29959 3
      vertex -16.0474 -3.24371 3
    endloop
  endfacet
  facet normal 0 0 1
    outer loop
      vertex -17 -13.5027 3
      vertex -16.0474 -3.24371 3
      vertex -16.0699 -3.18516 3
    endloop
  endfacet
  facet normal 0 0 1
    outer loop
      vertex -17 -13.5027 3
      vertex -16.0699 -3.18516 3
      vertex -16.0861 -3.12458 3
    endloop
  endfacet
  facet normal 0 0 1
    outer loop
      vertex -17 -13.5027 3
      vertex -16.0861 -3.12458 3
      vertex -16.0959 -3.06263 3
    endloop
  endfacet
  facet normal 0 0 1
    outer loop
      vertex -17 -13.5027 3
      vertex -16.0959 -3.06263 3
      vertex -16.0992 -3 3
    endloop
  endfacet
  facet normal 0 0 1
    outer loop
      vertex -16.0699 3.18516 3
      vertex -17 13.5027 3
      vertex -16.0861 3.12458 3
    endloop
  endfacet
  facet normal 0 0 1
    outer loop
      vertex -15.7996 -3.5189 3
      vertex -16.25 -12.8349 3
      vertex -16.0168 -12.7161 3
    endloop
  endfacet
  facet normal 0 0 1
    outer loop
      vertex -16.0861 3.12458 3
      vertex -17 13.5027 3
      vertex -16.0959 3.06263 3
    endloop
  endfacet
  facet normal 0 0 1
    outer loop
      vertex -15.9009 -3.44528 3
      vertex -16.4695 -12.9775 3
      vertex -16.25 -12.8349 3
    endloop
  endfacet
  facet normal 0 0 1
    outer loop
      vertex -16.0959 3.06263 3
      vertex -17 13.5027 3
      vertex -16.0992 3 3
    endloop
  endfacet
  facet normal 0 0 1
    outer loop
      vertex -15.9453 -3.40093 3
      vertex -16.6728 -13.1421 3
      vertex -16.4695 -12.9775 3
    endloop
  endfacet
  facet normal 0 0 1
    outer loop
      vertex -16.0992 3 3
      vertex -17 13.5027 3
      vertex -16.0992 -3 3
    endloop
  endfacet
  facet normal 0 0 1
    outer loop
      vertex -15.9847 -3.35219 3
      vertex -16.8579 -13.3272 3
      vertex -16.6728 -13.1421 3
    endloop
  endfacet
  facet normal 0 0 1
    outer loop
      vertex -17 -13.5027 3
      vertex -16.0992 -3 3
      vertex -17 13.5027 3
    endloop
  endfacet
  facet normal 0 0 1
    outer loop
      vertex -16.0189 -3.29959 3
      vertex -17 -13.5027 3
      vertex -16.8579 -13.3272 3
    endloop
  endfacet
  facet normal -0 0 1
    outer loop
      vertex 12.618 -13.9021 3
      vertex 12.7161 -13.9832 3
      vertex 12.7913 -13.8356 3
    endloop
  endfacet
  facet normal 0 0 1
    outer loop
      vertex 12.618 -13.9021 3
      vertex 12.6224 -14.2275 3
      vertex 12.7161 -13.9832 3
    endloop
  endfacet
  facet normal -0 0 1
    outer loop
      vertex 12.4158 -13.9563 3
      vertex 12.6224 -14.2275 3
      vertex 12.618 -13.9021 3
    endloop
  endfacet
  facet normal -0 0 1
    outer loop
      vertex 12.2091 -13.989 3
      vertex 12.6224 -14.2275 3
      vertex 12.4158 -13.9563 3
    endloop
  endfacet
  facet normal -0 0 1
    outer loop
      vertex 12 -14 3
      vertex 12.5546 -14.4802 3
      vertex 12.2091 -13.989 3
    endloop
  endfacet
  facet normal 0 0 1
    outer loop
      vertex 12.6224 -14.2275 3
      vertex 12.2091 -13.989 3
      vertex 12.5546 -14.4802 3
    endloop
  endfacet
  facet normal 0 0 1
    outer loop
      vertex 12.5546 -14.4802 3
      vertex 12 -14 3
      vertex 12.5137 -14.7387 3
    endloop
  endfacet
  facet normal 0 0 1
    outer loop
      vertex 12.5137 -14.7387 3
      vertex 12 -14 3
      vertex 12.5 -15 3
    endloop
  endfacet
  facet normal 0 0 1
    outer loop
      vertex 12.5 -15 3
      vertex 12 -14 3
      vertex 12.5137 -15.2613 3
    endloop
  endfacet
  facet normal 0 0 1
    outer loop
      vertex 12.5137 -15.2613 3
      vertex 12 -14 3
      vertex 12.5546 -15.5198 3
    endloop
  endfacet
  facet normal 0 0 1
    outer loop
      vertex 12 -14 3
      vertex 12.6224 -15.7725 3
      vertex 12.5546 -15.5198 3
    endloop
  endfacet
  facet normal -0 0 1
    outer loop
      vertex -12 -14 3
      vertex 12.6224 -15.7725 3
      vertex 12 -14 3
    endloop
  endfacet
  facet normal 0 0 1
    outer loop
      vertex -12.6224 -15.7725 3
      vertex 12.6224 -15.7725 3
      vertex -12 -14 3
    endloop
  endfacet
  facet normal 0 0 1
    outer loop
      vertex 12.6224 -15.7725 3
      vertex -12.6224 -15.7725 3
      vertex 12.7161 -16.0168 3
    endloop
  endfacet
  facet normal 0 0 1
    outer loop
      vertex -12.7161 -16.0168 3
      vertex 12.7161 -16.0168 3
      vertex -12.6224 -15.7725 3
    endloop
  endfacet
  facet normal 0 0 1
    outer loop
      vertex 12.7161 -16.0168 3
      vertex -12.7161 -16.0168 3
      vertex 12.8349 -16.25 3
    endloop
  endfacet
  facet normal 0 0 1
    outer loop
      vertex -12.8349 -16.25 3
      vertex 12.8349 -16.25 3
      vertex -12.7161 -16.0168 3
    endloop
  endfacet
  facet normal 0 0 1
    outer loop
      vertex 12.8349 -16.25 3
      vertex -12.8349 -16.25 3
      vertex 12.9775 -16.4695 3
    endloop
  endfacet
  facet normal 0 0 1
    outer loop
      vertex -12.5546 -14.4802 3
      vertex -12 -14 3
      vertex -12.2091 -13.989 3
    endloop
  endfacet
  facet normal 0 0 1
    outer loop
      vertex -12.6224 -14.2275 3
      vertex -12.2091 -13.989 3
      vertex -12.4158 -13.9563 3
    endloop
  endfacet
  facet normal 0 0 1
    outer loop
      vertex -12 -14 3
      vertex -12.5 -15 3
      vertex -12.5137 -15.2613 3
    endloop
  endfacet
  facet normal 0 0 1
    outer loop
      vertex -12 -14 3
      vertex -12.5137 -15.2613 3
      vertex -12.5546 -15.5198 3
    endloop
  endfacet
  facet normal 0 0 1
    outer loop
      vertex -12.6224 -15.7725 3
      vertex -12 -14 3
      vertex -12.5546 -15.5198 3
    endloop
  endfacet
  facet normal 0 0 1
    outer loop
      vertex -12.9775 -16.4695 3
      vertex 12.9775 -16.4695 3
      vertex -12.8349 -16.25 3
    endloop
  endfacet
  facet normal 0 0 1
    outer loop
      vertex 12.9775 -16.4695 3
      vertex -12.9775 -16.4695 3
      vertex 13.1421 -16.6728 3
    endloop
  endfacet
  facet normal 0 0 1
    outer loop
      vertex -13.1421 -16.6728 3
      vertex 13.1421 -16.6728 3
      vertex -12.9775 -16.4695 3
    endloop
  endfacet
  facet normal 0 0 1
    outer loop
      vertex 13.1421 -16.6728 3
      vertex -13.1421 -16.6728 3
      vertex 13.3272 -16.8579 3
    endloop
  endfacet
  facet normal 0 0 1
    outer loop
      vertex -13.3272 -16.8579 3
      vertex 13.3272 -16.8579 3
      vertex -13.1421 -16.6728 3
    endloop
  endfacet
  facet normal 0 0 1
    outer loop
      vertex 13.3272 -16.8579 3
      vertex -13.3272 -16.8579 3
      vertex 13.5027 -17 3
    endloop
  endfacet
  facet normal 0 0 1
    outer loop
      vertex 13.5027 -17 3
      vertex -13.3272 -16.8579 3
      vertex -13.5027 -17 3
    endloop
  endfacet
  facet normal 0 0 1
    outer loop
      vertex -12 -14 3
      vertex -12.5137 -14.7387 3
      vertex -12.5 -15 3
    endloop
  endfacet
  facet normal 0 0 1
    outer loop
      vertex -12 -14 3
      vertex -12.5546 -14.4802 3
      vertex -12.5137 -14.7387 3
    endloop
  endfacet
  facet normal 0 0 1
    outer loop
      vertex -12.6224 -14.2275 3
      vertex -12.4158 -13.9563 3
      vertex -12.618 -13.9021 3
    endloop
  endfacet
  facet normal 0 0 1
    outer loop
      vertex -12.2091 -13.989 3
      vertex -12.6224 -14.2275 3
      vertex -12.5546 -14.4802 3
    endloop
  endfacet
  facet normal 0 0 1
    outer loop
      vertex -12.618 -13.9021 3
      vertex -12.7161 -13.9832 3
      vertex -12.6224 -14.2275 3
    endloop
  endfacet
  facet normal 0 -0 1
    outer loop
      vertex -12.7161 -13.9832 3
      vertex -12.618 -13.9021 3
      vertex -12.7913 -13.8356 3
    endloop
  endfacet
  facet normal 0 0 1
    outer loop
      vertex 12 14 3
      vertex 12.5 15 3
      vertex 12.5137 15.2613 3
    endloop
  endfacet
  facet normal 0 0 1
    outer loop
      vertex 12.5 15 3
      vertex 12.2091 13.989 3
      vertex 12.4158 13.9563 3
    endloop
  endfacet
  facet normal 0 0 1
    outer loop
      vertex 12 14 3
      vertex 12.5137 15.2613 3
      vertex 12.5546 15.5198 3
    endloop
  endfacet
  facet normal 0 0 1
    outer loop
      vertex 12.5 15 3
      vertex 12 14 3
      vertex 12.2091 13.989 3
    endloop
  endfacet
  facet normal 0 0 1
    outer loop
      vertex 12.6224 15.7725 3
      vertex 12 14 3
      vertex 12.5546 15.5198 3
    endloop
  endfacet
  facet normal 0 0 1
    outer loop
      vertex 12.6224 15.7725 3
      vertex -12 14 3
      vertex 12 14 3
    endloop
  endfacet
  facet normal 0 0 1
    outer loop
      vertex -12.6224 15.7725 3
      vertex 12.6224 15.7725 3
      vertex 12.7161 16.0168 3
    endloop
  endfacet
  facet normal 0 0 1
    outer loop
      vertex -12.7161 16.0168 3
      vertex 12.7161 16.0168 3
      vertex 12.8349 16.25 3
    endloop
  endfacet
  facet normal 0 0 1
    outer loop
      vertex -12.8349 16.25 3
      vertex 12.8349 16.25 3
      vertex 12.9775 16.4695 3
    endloop
  endfacet
  facet normal 0 0 1
    outer loop
      vertex -12.9775 16.4695 3
      vertex 12.9775 16.4695 3
      vertex 13.1421 16.6728 3
    endloop
  endfacet
  facet normal 0 0 1
    outer loop
      vertex -13.1421 16.6728 3
      vertex 13.1421 16.6728 3
      vertex 13.3272 16.8579 3
    endloop
  endfacet
  facet normal 0 0 1
    outer loop
      vertex -13.3272 16.8579 3
      vertex 13.3272 16.8579 3
      vertex 13.5027 17 3
    endloop
  endfacet
  facet normal 0 0 1
    outer loop
      vertex 12.6224 15.7725 3
      vertex -12.6224 15.7725 3
      vertex -12 14 3
    endloop
  endfacet
  facet normal -0 0 1
    outer loop
      vertex -12.5546 14.4802 3
      vertex -12 14 3
      vertex -12.5137 14.7387 3
    endloop
  endfacet
  facet normal -0 -0 1
    outer loop
      vertex -12.5137 15.2613 3
      vertex -12 14 3
      vertex -12.5546 15.5198 3
    endloop
  endfacet
  facet normal -0 0 1
    outer loop
      vertex -12.5137 14.7387 3
      vertex -12 14 3
      vertex -12.5 15 3
    endloop
  endfacet
  facet normal -0 -0 1
    outer loop
      vertex -12.5 15 3
      vertex -12 14 3
      vertex -12.5137 15.2613 3
    endloop
  endfacet
  facet normal 0 0 1
    outer loop
      vertex -12 14 3
      vertex -12.6224 15.7725 3
      vertex -12.5546 15.5198 3
    endloop
  endfacet
  facet normal 0 0 1
    outer loop
      vertex 12.7161 16.0168 3
      vertex -12.7161 16.0168 3
      vertex -12.6224 15.7725 3
    endloop
  endfacet
  facet normal 0 0 1
    outer loop
      vertex 12.8349 16.25 3
      vertex -12.8349 16.25 3
      vertex -12.7161 16.0168 3
    endloop
  endfacet
  facet normal 0 0 1
    outer loop
      vertex 12.9775 16.4695 3
      vertex -12.9775 16.4695 3
      vertex -12.8349 16.25 3
    endloop
  endfacet
  facet normal 0 0 1
    outer loop
      vertex 13.1421 16.6728 3
      vertex -13.1421 16.6728 3
      vertex -12.9775 16.4695 3
    endloop
  endfacet
  facet normal 0 0 1
    outer loop
      vertex 13.3272 16.8579 3
      vertex -13.3272 16.8579 3
      vertex -13.1421 16.6728 3
    endloop
  endfacet
  facet normal 0 -0 1
    outer loop
      vertex -13.3272 16.8579 3
      vertex 13.5027 17 3
      vertex -13.5027 17 3
    endloop
  endfacet
  facet normal 0 0 1
    outer loop
      vertex 12.7161 13.9832 3
      vertex 12.618 13.9021 3
      vertex 12.7913 13.8356 3
    endloop
  endfacet
  facet normal 0 0 1
    outer loop
      vertex 12.6224 14.2275 3
      vertex 12.618 13.9021 3
      vertex 12.7161 13.9832 3
    endloop
  endfacet
  facet normal 0 0 1
    outer loop
      vertex 12.4158 13.9563 3
      vertex 12.6224 14.2275 3
      vertex 12.5546 14.4802 3
    endloop
  endfacet
  facet normal 0 0 1
    outer loop
      vertex 12.4158 13.9563 3
      vertex 12.5546 14.4802 3
      vertex 12.5137 14.7387 3
    endloop
  endfacet
  facet normal 0 0 1
    outer loop
      vertex 12.6224 14.2275 3
      vertex 12.4158 13.9563 3
      vertex 12.618 13.9021 3
    endloop
  endfacet
  facet normal 0 0 1
    outer loop
      vertex 12.4158 13.9563 3
      vertex 12.5137 14.7387 3
      vertex 12.5 15 3
    endloop
  endfacet
  facet normal 0 0 1
    outer loop
      vertex -12 14 3
      vertex -12.5546 14.4802 3
      vertex -12.2091 13.989 3
    endloop
  endfacet
  facet normal -0 0 1
    outer loop
      vertex -12.6224 14.2275 3
      vertex -12.2091 13.989 3
      vertex -12.5546 14.4802 3
    endloop
  endfacet
  facet normal 0 0 1
    outer loop
      vertex -12.2091 13.989 3
      vertex -12.6224 14.2275 3
      vertex -12.4158 13.9563 3
    endloop
  endfacet
  facet normal 0 0 1
    outer loop
      vertex -12.4158 13.9563 3
      vertex -12.6224 14.2275 3
      vertex -12.618 13.9021 3
    endloop
  endfacet
  facet normal -0 0 1
    outer loop
      vertex -12.7161 13.9832 3
      vertex -12.618 13.9021 3
      vertex -12.6224 14.2275 3
    endloop
  endfacet
  facet normal 0 0 1
    outer loop
      vertex -12.618 13.9021 3
      vertex -12.7161 13.9832 3
      vertex -12.7913 13.8356 3
    endloop
  endfacet
  facet normal -0 0 1
    outer loop
      vertex 16.8579 13.3272 3
      vertex 17 -13.5027 3
      vertex 17 13.5027 3
    endloop
  endfacet
  facet normal 0 0 1
    outer loop
      vertex 16.8579 13.3272 3
      vertex 16.8579 -13.3272 3
      vertex 17 -13.5027 3
    endloop
  endfacet
  facet normal -0 0 1
    outer loop
      vertex 16.6728 13.1421 3
      vertex 16.8579 -13.3272 3
      vertex 16.8579 13.3272 3
    endloop
  endfacet
  facet normal 0 0 1
    outer loop
      vertex 16.6728 13.1421 3
      vertex 16.6728 -13.1421 3
      vertex 16.8579 -13.3272 3
    endloop
  endfacet
  facet normal -0 0 1
    outer loop
      vertex 16.4695 12.9775 3
      vertex 16.6728 -13.1421 3
      vertex 16.6728 13.1421 3
    endloop
  endfacet
  facet normal 0 0 1
    outer loop
      vertex 16.4695 12.9775 3
      vertex 16.4695 -12.9775 3
      vertex 16.6728 -13.1421 3
    endloop
  endfacet
  facet normal -0 0 1
    outer loop
      vertex 16.25 12.8349 3
      vertex 16.4695 -12.9775 3
      vertex 16.4695 12.9775 3
    endloop
  endfacet
  facet normal 0 0 1
    outer loop
      vertex 16.25 12.8349 3
      vertex 16.25 -12.8349 3
      vertex 16.4695 -12.9775 3
    endloop
  endfacet
  facet normal -0 0 1
    outer loop
      vertex 16.0168 12.7161 3
      vertex 16.25 -12.8349 3
      vertex 16.25 12.8349 3
    endloop
  endfacet
  facet normal 0 0 1
    outer loop
      vertex 16.0168 12.7161 3
      vertex 16.0168 -12.7161 3
      vertex 16.25 -12.8349 3
    endloop
  endfacet
  facet normal -0 0 1
    outer loop
      vertex 15.7725 12.6224 3
      vertex 16.0168 -12.7161 3
      vertex 16.0168 12.7161 3
    endloop
  endfacet
  facet normal 0 0 1
    outer loop
      vertex 15.7725 12.6224 3
      vertex 15.7725 -12.6224 3
      vertex 16.0168 -12.7161 3
    endloop
  endfacet
  facet normal 0 0 1
    outer loop
      vertex 14 12 3
      vertex 15.7725 12.6224 3
      vertex 15.5198 12.5546 3
    endloop
  endfacet
  facet normal 0 0 1
    outer loop
      vertex 15.7725 12.6224 3
      vertex 14 12 3
      vertex 15.7725 -12.6224 3
    endloop
  endfacet
  facet normal 0 0 1
    outer loop
      vertex 14 12 3
      vertex 15.5198 12.5546 3
      vertex 15.2613 12.5137 3
    endloop
  endfacet
  facet normal -0 0 1
    outer loop
      vertex 14 -12 3
      vertex 15.7725 -12.6224 3
      vertex 14 12 3
    endloop
  endfacet
  facet normal 0 0 1
    outer loop
      vertex 14 12 3
      vertex 15.2613 12.5137 3
      vertex 15 12.5 3
    endloop
  endfacet
  facet normal 0 0 1
    outer loop
      vertex 15.7725 -12.6224 3
      vertex 14 -12 3
      vertex 15.5198 -12.5546 3
    endloop
  endfacet
  facet normal 0 0 1
    outer loop
      vertex 14 12 3
      vertex 15 12.5 3
      vertex 14.7387 12.5137 3
    endloop
  endfacet
  facet normal 0 0 1
    outer loop
      vertex 15.5198 -12.5546 3
      vertex 14 -12 3
      vertex 15.2613 -12.5137 3
    endloop
  endfacet
  facet normal 0 0 1
    outer loop
      vertex 14 12 3
      vertex 14.7387 12.5137 3
      vertex 14.4802 12.5546 3
    endloop
  endfacet
  facet normal 0 0 1
    outer loop
      vertex 15.2613 -12.5137 3
      vertex 14 -12 3
      vertex 15 -12.5 3
    endloop
  endfacet
  facet normal 0 0 1
    outer loop
      vertex 13.989 12.2091 3
      vertex 14.4802 12.5546 3
      vertex 14.2275 12.6224 3
    endloop
  endfacet
  facet normal 0 0 1
    outer loop
      vertex 15 -12.5 3
      vertex 14 -12 3
      vertex 14.7387 -12.5137 3
    endloop
  endfacet
  facet normal 0 0 1
    outer loop
      vertex 14.7387 -12.5137 3
      vertex 14 -12 3
      vertex 14.4802 -12.5546 3
    endloop
  endfacet
  facet normal 0 0 1
    outer loop
      vertex 14.4802 12.5546 3
      vertex 13.989 12.2091 3
      vertex 14 12 3
    endloop
  endfacet
  facet normal 0 0 1
    outer loop
      vertex 13.9021 12.618 3
      vertex 14.2275 12.6224 3
      vertex 13.9832 12.7161 3
    endloop
  endfacet
  facet normal 0 0 1
    outer loop
      vertex 14.2275 12.6224 3
      vertex 13.9563 12.4158 3
      vertex 13.989 12.2091 3
    endloop
  endfacet
  facet normal 0 0 1
    outer loop
      vertex 14.2275 12.6224 3
      vertex 13.9021 12.618 3
      vertex 13.9563 12.4158 3
    endloop
  endfacet
  facet normal 0 -0 1
    outer loop
      vertex 13.9021 12.618 3
      vertex 13.9832 12.7161 3
      vertex 13.8356 12.7913 3
    endloop
  endfacet
  facet normal -0 0 1
    outer loop
      vertex 13.989 -12.2091 3
      vertex 14.4802 -12.5546 3
      vertex 14 -12 3
    endloop
  endfacet
  facet normal 0 0 1
    outer loop
      vertex 14.4802 -12.5546 3
      vertex 13.989 -12.2091 3
      vertex 14.2275 -12.6224 3
    endloop
  endfacet
  facet normal -0 0 1
    outer loop
      vertex 13.9563 -12.4158 3
      vertex 14.2275 -12.6224 3
      vertex 13.989 -12.2091 3
    endloop
  endfacet
  facet normal -0 0 1
    outer loop
      vertex 13.9021 -12.618 3
      vertex 14.2275 -12.6224 3
      vertex 13.9563 -12.4158 3
    endloop
  endfacet
  facet normal 0 0 1
    outer loop
      vertex 14.2275 -12.6224 3
      vertex 13.9021 -12.618 3
      vertex 13.9832 -12.7161 3
    endloop
  endfacet
  facet normal 0 0 1
    outer loop
      vertex 13.9832 -12.7161 3
      vertex 13.9021 -12.618 3
      vertex 13.8356 -12.7913 3
    endloop
  endfacet
  facet normal 0.707107 -0.707107 0
    outer loop
      vertex 16.3383 -16.4863 1.5
      vertex 16.4863 -16.3383 0
      vertex 16.4863 -16.3383 1.5
    endloop
  endfacet
  facet normal 0.707107 -0.707107 0
    outer loop
      vertex 16.4863 -16.3383 0
      vertex 16.3383 -16.4863 1.5
      vertex 16.3383 -16.4863 0
    endloop
  endfacet
  facet normal 0 -1 0
    outer loop
      vertex -15 -17 0
      vertex -13.5027 -17 1.5
      vertex -15 -17 1.5
    endloop
  endfacet
  facet normal 0 -1 -0
    outer loop
      vertex -13.5027 -17 1.5
      vertex -15 -17 0
      vertex 13.5027 -17 1.5
    endloop
  endfacet
  facet normal 0 -1 0
    outer loop
      vertex 15 -17 0
      vertex 13.5027 -17 1.5
      vertex -15 -17 0
    endloop
  endfacet
  facet normal 0 -1 0
    outer loop
      vertex 13.5027 -17 1.5
      vertex 15 -17 0
      vertex 15 -17 1.5
    endloop
  endfacet
  facet normal 0 -1 0
    outer loop
      vertex -13.5027 -17 1.5
      vertex 13.5027 -17 3
      vertex -13.5027 -17 3
    endloop
  endfacet
  facet normal 0 -1 -0
    outer loop
      vertex 13.5027 -17 3
      vertex -13.5027 -17 1.5
      vertex 13.5027 -17 1.5
    endloop
  endfacet
  facet normal 0.358179 -0.933653 0
    outer loop
      vertex 15.618 -16.9021 0
      vertex 15.8135 -16.8271 1.5
      vertex 15.618 -16.9021 1.5
    endloop
  endfacet
  facet normal 0.358179 -0.933653 0
    outer loop
      vertex 15.8135 -16.8271 1.5
      vertex 15.618 -16.9021 0
      vertex 15.8135 -16.8271 0
    endloop
  endfacet
  facet normal 0 1 -0
    outer loop
      vertex 15 17 0
      vertex 13.5027 17 1.5
      vertex 15 17 1.5
    endloop
  endfacet
  facet normal 0 1 0
    outer loop
      vertex 13.5027 17 1.5
      vertex 15 17 0
      vertex -13.5027 17 1.5
    endloop
  endfacet
  facet normal 0 1 0
    outer loop
      vertex -15 17 0
      vertex -13.5027 17 1.5
      vertex 15 17 0
    endloop
  endfacet
  facet normal 0 1 0
    outer loop
      vertex -13.5027 17 1.5
      vertex -15 17 0
      vertex -15 17 1.5
    endloop
  endfacet
  facet normal 0 1 -0
    outer loop
      vertex 13.5027 17 1.5
      vertex -13.5027 17 3
      vertex 13.5027 17 3
    endloop
  endfacet
  facet normal 0 1 0
    outer loop
      vertex -13.5027 17 3
      vertex 13.5027 17 1.5
      vertex -13.5027 17 1.5
    endloop
  endfacet
  facet normal -1 0 0
    outer loop
      vertex -17 15 0
      vertex -17 13.5027 1.5
      vertex -17 15 1.5
    endloop
  endfacet
  facet normal -1 0 0
    outer loop
      vertex -17 13.5027 1.5
      vertex -17 -13.5027 1.5
      vertex -17 13.5027 3
    endloop
  endfacet
  facet normal -1 0 0
    outer loop
      vertex -17 15 0
      vertex -17 -13.5027 1.5
      vertex -17 13.5027 1.5
    endloop
  endfacet
  facet normal -1 0 0
    outer loop
      vertex -17 -15 0
      vertex -17 -13.5027 1.5
      vertex -17 15 0
    endloop
  endfacet
  facet normal -1 -0 0
    outer loop
      vertex -17 -13.5027 1.5
      vertex -17 -15 0
      vertex -17 -15 1.5
    endloop
  endfacet
  facet normal -1 -0 0
    outer loop
      vertex -17 13.5027 3
      vertex -17 -13.5027 1.5
      vertex -17 -13.5027 3
    endloop
  endfacet
  facet normal 0 0 -1
    outer loop
      vertex -14.3 -13.7876 0
      vertex -3.91554 -3.475 0
      vertex -14.1771 -13.8674 0
    endloop
  endfacet
  facet normal 0 0 -1
    outer loop
      vertex -4.15 0 0
      vertex -13.6077 14.8537 0
      vertex -13.6 15 0
    endloop
  endfacet
  facet normal -0 0 -1
    outer loop
      vertex -3.91554 -3.475 0
      vertex -14.3 -13.7876 0
      vertex -3.9987 -3.31179 0
    endloop
  endfacet
  facet normal 0 0 -1
    outer loop
      vertex -4.15 0 0
      vertex -13.6306 14.7089 0
      vertex -13.6077 14.8537 0
    endloop
  endfacet
  facet normal 0 0 -1
    outer loop
      vertex -14.4306 -13.721 0
      vertex -3.9987 -3.31179 0
      vertex -14.3 -13.7876 0
    endloop
  endfacet
  facet normal 0 0 -1
    outer loop
      vertex -4.15 0 0
      vertex -13.6685 14.5674 0
      vertex -13.6306 14.7089 0
    endloop
  endfacet
  facet normal -0 0 -1
    outer loop
      vertex -3.9987 -3.31179 0
      vertex -14.4306 -13.721 0
      vertex -4.06435 -3.14078 0
    endloop
  endfacet
  facet normal 0 0 -1
    outer loop
      vertex -4.15 0 0
      vertex -13.721 14.4306 0
      vertex -13.6685 14.5674 0
    endloop
  endfacet
  facet normal 0 0 -1
    outer loop
      vertex -14.5674 -13.6685 0
      vertex -4.06435 -3.14078 0
      vertex -14.4306 -13.721 0
    endloop
  endfacet
  facet normal 0 0 -1
    outer loop
      vertex -4.15 0 0
      vertex -13.7876 14.3 0
      vertex -13.721 14.4306 0
    endloop
  endfacet
  facet normal -0 0 -1
    outer loop
      vertex -4.06435 -3.14078 0
      vertex -14.5674 -13.6685 0
      vertex -4.11176 -2.96385 0
    endloop
  endfacet
  facet normal 0 0 -1
    outer loop
      vertex -4.15 0 0
      vertex -13.8674 14.1771 0
      vertex -13.7876 14.3 0
    endloop
  endfacet
  facet normal 0 0 -1
    outer loop
      vertex -14.7089 -13.6306 0
      vertex -4.11176 -2.96385 0
      vertex -14.5674 -13.6685 0
    endloop
  endfacet
  facet normal 0 0 -1
    outer loop
      vertex -4.15 0 0
      vertex -13.9596 14.0632 0
      vertex -13.8674 14.1771 0
    endloop
  endfacet
  facet normal -0 0 -1
    outer loop
      vertex -4.11176 -2.96385 0
      vertex -14.7089 -13.6306 0
      vertex -4.14041 -2.78292 0
    endloop
  endfacet
  facet normal 0 0 -1
    outer loop
      vertex -4.15 0 0
      vertex -14.0632 13.9596 0
      vertex -13.9596 14.0632 0
    endloop
  endfacet
  facet normal 0 0 -1
    outer loop
      vertex -14.8537 -13.6077 0
      vertex -4.14041 -2.78292 0
      vertex -14.7089 -13.6306 0
    endloop
  endfacet
  facet normal 0 0 -1
    outer loop
      vertex -4.15 0 0
      vertex -14.1771 13.8674 0
      vertex -14.0632 13.9596 0
    endloop
  endfacet
  facet normal 0 0 -1
    outer loop
      vertex -15 -13.6 0
      vertex -4.14041 -2.78292 0
      vertex -14.8537 -13.6077 0
    endloop
  endfacet
  facet normal 0 0 -1
    outer loop
      vertex -4.15 0 0
      vertex -14.3 13.7876 0
      vertex -14.1771 13.8674 0
    endloop
  endfacet
  facet normal -0 0 -1
    outer loop
      vertex -4.14041 -2.78292 0
      vertex -15 -13.6 0
      vertex -4.15 -2.6 0
    endloop
  endfacet
  facet normal 0 0 -1
    outer loop
      vertex -4.15 0 0
      vertex -14.4306 13.721 0
      vertex -14.3 13.7876 0
    endloop
  endfacet
  facet normal 0 0 -1
    outer loop
      vertex -15.1463 -13.6077 0
      vertex -4.15 -2.6 0
      vertex -15 -13.6 0
    endloop
  endfacet
  facet normal 0 0 -1
    outer loop
      vertex -4.15 0 0
      vertex -14.5674 13.6685 0
      vertex -14.4306 13.721 0
    endloop
  endfacet
  facet normal -0 0 -1
    outer loop
      vertex -4.15 -2.6 0
      vertex -15.1463 -13.6077 0
      vertex -4.14041 -2.41708 0
    endloop
  endfacet
  facet normal 0 0 -1
    outer loop
      vertex -4.15 0 0
      vertex -14.7089 13.6306 0
      vertex -14.5674 13.6685 0
    endloop
  endfacet
  facet normal -0 0 -1
    outer loop
      vertex -4.14041 -2.41708 0
      vertex -15.1463 -13.6077 0
      vertex -4.14041 -0.182924 0
    endloop
  endfacet
  facet normal 0 0 -1
    outer loop
      vertex -4.15 0 0
      vertex -14.8537 13.6077 0
      vertex -14.7089 13.6306 0
    endloop
  endfacet
  facet normal -0 0 -1
    outer loop
      vertex -4.14041 -0.182924 0
      vertex -15.1463 -13.6077 0
      vertex -4.15 0 0
    endloop
  endfacet
  facet normal 0 0 -1
    outer loop
      vertex -4.15 0 0
      vertex -15 13.6 0
      vertex -14.8537 13.6077 0
    endloop
  endfacet
  facet normal 0 0 -1
    outer loop
      vertex -15.2911 -13.6306 0
      vertex -4.15 0 0
      vertex -15.1463 -13.6077 0
    endloop
  endfacet
  facet normal 0 0 -1
    outer loop
      vertex -4.15 0 0
      vertex -15.1463 13.6077 0
      vertex -15 13.6 0
    endloop
  endfacet
  facet normal 0 0 -1
    outer loop
      vertex -15.2911 13.6306 0
      vertex -4.15 0 0
      vertex -15.2911 -13.6306 0
    endloop
  endfacet
  facet normal 0 0 -1
    outer loop
      vertex -4.15 0 0
      vertex -15.2911 13.6306 0
      vertex -15.1463 13.6077 0
    endloop
  endfacet
  facet normal 0 0 -1
    outer loop
      vertex -15.4326 -13.6685 0
      vertex -15.2911 13.6306 0
      vertex -15.2911 -13.6306 0
    endloop
  endfacet
  facet normal 0 0 -1
    outer loop
      vertex -15.4326 -13.6685 0
      vertex -15.4326 13.6685 0
      vertex -15.2911 13.6306 0
    endloop
  endfacet
  facet normal 0 0 -1
    outer loop
      vertex -15.5694 -13.721 0
      vertex -15.4326 13.6685 0
      vertex -15.4326 -13.6685 0
    endloop
  endfacet
  facet normal 0 0 -1
    outer loop
      vertex -15.5694 -13.721 0
      vertex -15.5694 13.721 0
      vertex -15.4326 13.6685 0
    endloop
  endfacet
  facet normal 0 0 -1
    outer loop
      vertex -15.7 -13.7876 0
      vertex -15.5694 13.721 0
      vertex -15.5694 -13.721 0
    endloop
  endfacet
  facet normal 0 0 -1
    outer loop
      vertex -15.7 -13.7876 0
      vertex -15.7 13.7876 0
      vertex -15.5694 13.721 0
    endloop
  endfacet
  facet normal 0 0 -1
    outer loop
      vertex -15.8229 -13.8674 0
      vertex -15.7 13.7876 0
      vertex -15.7 -13.7876 0
    endloop
  endfacet
  facet normal 0 0 -1
    outer loop
      vertex -15.8229 -13.8674 0
      vertex -15.8229 13.8674 0
      vertex -15.7 13.7876 0
    endloop
  endfacet
  facet normal 0 0 -1
    outer loop
      vertex -15.9368 -13.9596 0
      vertex -15.8229 13.8674 0
      vertex -15.8229 -13.8674 0
    endloop
  endfacet
  facet normal 0 0 -1
    outer loop
      vertex -15.9368 -13.9596 0
      vertex -15.9368 13.9596 0
      vertex -15.8229 13.8674 0
    endloop
  endfacet
  facet normal 0 0 -1
    outer loop
      vertex -16.0404 -14.0632 0
      vertex -15.9368 13.9596 0
      vertex -15.9368 -13.9596 0
    endloop
  endfacet
  facet normal 0 0 -1
    outer loop
      vertex -16.0404 -14.0632 0
      vertex -16.0404 14.0632 0
      vertex -15.9368 13.9596 0
    endloop
  endfacet
  facet normal 0 0 -1
    outer loop
      vertex -17 -15 0
      vertex -16.0404 -14.0632 0
      vertex -16.1326 -14.1771 0
    endloop
  endfacet
  facet normal -0 0 -1
    outer loop
      vertex -16.0404 -14.0632 0
      vertex -17 -15 0
      vertex -16.0404 14.0632 0
    endloop
  endfacet
  facet normal 0 0 -1
    outer loop
      vertex -17 -15 0
      vertex -16.1326 -14.1771 0
      vertex -16.2124 -14.3 0
    endloop
  endfacet
  facet normal 0 0 -1
    outer loop
      vertex -17 15 0
      vertex -16.0404 14.0632 0
      vertex -17 -15 0
    endloop
  endfacet
  facet normal 0 0 -1
    outer loop
      vertex -17 -15 0
      vertex -16.2124 -14.3 0
      vertex -16.279 -14.4306 0
    endloop
  endfacet
  facet normal 0 0 -1
    outer loop
      vertex -16.0404 14.0632 0
      vertex -17 15 0
      vertex -16.1326 14.1771 0
    endloop
  endfacet
  facet normal 0 0 -1
    outer loop
      vertex -17 -15 0
      vertex -16.279 -14.4306 0
      vertex -16.3315 -14.5674 0
    endloop
  endfacet
  facet normal 0 0 -1
    outer loop
      vertex -16.1326 14.1771 0
      vertex -17 15 0
      vertex -16.2124 14.3 0
    endloop
  endfacet
  facet normal 0 0 -1
    outer loop
      vertex -17 -15 0
      vertex -16.3315 -14.5674 0
      vertex -16.3694 -14.7089 0
    endloop
  endfacet
  facet normal 0 0 -1
    outer loop
      vertex -16.2124 14.3 0
      vertex -17 15 0
      vertex -16.279 14.4306 0
    endloop
  endfacet
  facet normal 0 0 -1
    outer loop
      vertex -17 -15 0
      vertex -16.3694 -14.7089 0
      vertex -16.3923 -14.8537 0
    endloop
  endfacet
  facet normal 0 0 -1
    outer loop
      vertex -16.279 14.4306 0
      vertex -17 15 0
      vertex -16.3315 14.5674 0
    endloop
  endfacet
  facet normal 0 0 -1
    outer loop
      vertex -17 -15 0
      vertex -16.3923 -14.8537 0
      vertex -16.4 -15 0
    endloop
  endfacet
  facet normal 0 0 -1
    outer loop
      vertex -16.3315 14.5674 0
      vertex -17 15 0
      vertex -16.3694 14.7089 0
    endloop
  endfacet
  facet normal 0 0 -1
    outer loop
      vertex 0.659586 2.41708 0
      vertex -0.65 2.6 0
      vertex 0.65 2.6 0
    endloop
  endfacet
  facet normal 0 0 -1
    outer loop
      vertex 0.801295 1.88821 0
      vertex -0.659586 2.41708 0
      vertex -0.65 2.6 0
    endloop
  endfacet
  facet normal 0 0 -1
    outer loop
      vertex -0.884455 0.875 0
      vertex 0.884455 0.875 0
      vertex -0.801295 0.711788 0
    endloop
  endfacet
  facet normal 0 0 -1
    outer loop
      vertex 0.801295 1.88821 0
      vertex -0.688241 2.23615 0
      vertex -0.659586 2.41708 0
    endloop
  endfacet
  facet normal 0 0 -1
    outer loop
      vertex 0.884455 0.875 0
      vertex -0.884455 0.875 0
      vertex 0.884455 1.725 0
    endloop
  endfacet
  facet normal 0 0 -1
    outer loop
      vertex 0.801295 1.88821 0
      vertex -0.735651 2.05922 0
      vertex -0.688241 2.23615 0
    endloop
  endfacet
  facet normal 0 0 -1
    outer loop
      vertex -0.884455 1.725 0
      vertex 0.884455 1.725 0
      vertex -0.884455 0.875 0
    endloop
  endfacet
  facet normal 0 0 -1
    outer loop
      vertex 0.801295 1.88821 0
      vertex -0.801295 1.88821 0
      vertex -0.735651 2.05922 0
    endloop
  endfacet
  facet normal 0 0 -1
    outer loop
      vertex 0.884455 1.725 0
      vertex -0.884455 1.725 0
      vertex 0.801295 1.88821 0
    endloop
  endfacet
  facet normal -0 0 -1
    outer loop
      vertex 0.801295 1.88821 0
      vertex -0.884455 1.725 0
      vertex -0.801295 1.88821 0
    endloop
  endfacet
  facet normal 0 0 -1
    outer loop
      vertex -0.98422 1.02862 0
      vertex -0.884455 1.725 0
      vertex -0.884455 0.875 0
    endloop
  endfacet
  facet normal 0 0 -1
    outer loop
      vertex -0.98422 1.02862 0
      vertex -0.98422 1.57137 0
      vertex -0.884455 1.725 0
    endloop
  endfacet
  facet normal 0 0 -1
    outer loop
      vertex -1.0995 1.17098 0
      vertex -0.98422 1.57137 0
      vertex -0.98422 1.02862 0
    endloop
  endfacet
  facet normal 0 0 -1
    outer loop
      vertex -1.0995 1.17098 0
      vertex -1.0995 1.42902 0
      vertex -0.98422 1.57137 0
    endloop
  endfacet
  facet normal 0 -0 -1
    outer loop
      vertex -1.0995 1.42902 0
      vertex -1.0995 1.17098 0
      vertex -1.22852 1.3 0
    endloop
  endfacet
  facet normal 0 0 -1
    outer loop
      vertex 0.801295 -1.88821 0
      vertex -0.801295 -1.88821 0
      vertex 0.884455 -1.725 0
    endloop
  endfacet
  facet normal 0 0 -1
    outer loop
      vertex 0.801295 -0.711788 0
      vertex -0.659586 -0.182924 0
      vertex -0.65 0 0
    endloop
  endfacet
  facet normal 0 0 -1
    outer loop
      vertex -0.884455 -1.725 0
      vertex 0.884455 -1.725 0
      vertex -0.801295 -1.88821 0
    endloop
  endfacet
  facet normal 0 0 -1
    outer loop
      vertex 0.801295 -0.711788 0
      vertex -0.688241 -0.363845 0
      vertex -0.659586 -0.182924 0
    endloop
  endfacet
  facet normal 0 0 -1
    outer loop
      vertex 0.884455 -1.725 0
      vertex -0.884455 -1.725 0
      vertex 0.884455 -0.875 0
    endloop
  endfacet
  facet normal 0 0 -1
    outer loop
      vertex 0.801295 -0.711788 0
      vertex -0.735651 -0.540779 0
      vertex -0.688241 -0.363845 0
    endloop
  endfacet
  facet normal 0 0 -1
    outer loop
      vertex -0.884455 -0.875 0
      vertex 0.884455 -0.875 0
      vertex -0.884455 -1.725 0
    endloop
  endfacet
  facet normal 0 0 -1
    outer loop
      vertex 0.801295 -0.711788 0
      vertex -0.801295 -0.711788 0
      vertex -0.735651 -0.540779 0
    endloop
  endfacet
  facet normal 0 0 -1
    outer loop
      vertex 0.884455 -0.875 0
      vertex -0.884455 -0.875 0
      vertex 0.801295 -0.711788 0
    endloop
  endfacet
  facet normal -0 0 -1
    outer loop
      vertex 0.801295 -0.711788 0
      vertex -0.884455 -0.875 0
      vertex -0.801295 -0.711788 0
    endloop
  endfacet
  facet normal 0 0 -1
    outer loop
      vertex -0.98422 -1.57137 0
      vertex -0.884455 -0.875 0
      vertex -0.884455 -1.725 0
    endloop
  endfacet
  facet normal 0 0 -1
    outer loop
      vertex -0.98422 -1.57137 0
      vertex -0.98422 -1.02862 0
      vertex -0.884455 -0.875 0
    endloop
  endfacet
  facet normal 0 0 -1
    outer loop
      vertex -1.0995 -1.42902 0
      vertex -0.98422 -1.02862 0
      vertex -0.98422 -1.57137 0
    endloop
  endfacet
  facet normal 0 0 -1
    outer loop
      vertex -1.0995 -1.42902 0
      vertex -1.0995 -1.17098 0
      vertex -0.98422 -1.02862 0
    endloop
  endfacet
  facet normal 0 -0 -1
    outer loop
      vertex -1.0995 -1.17098 0
      vertex -1.0995 -1.42902 0
      vertex -1.22852 -1.3 0
    endloop
  endfacet
  facet normal 0 0 -1
    outer loop
      vertex 4.14041 2.41708 0
      vertex 15.1463 13.6077 0
      vertex 4.14041 0.182924 0
    endloop
  endfacet
  facet normal 0 0 -1
    outer loop
      vertex 15.1463 13.6077 0
      vertex 4.14041 2.41708 0
      vertex 4.15 2.6 0
    endloop
  endfacet
  facet normal 0 0 -1
    outer loop
      vertex 4.11176 0.363845 0
      vertex 4.14041 2.41708 0
      vertex 4.14041 0.182924 0
    endloop
  endfacet
  facet normal 0 0 -1
    outer loop
      vertex 4.11176 0.363845 0
      vertex 4.11176 2.23615 0
      vertex 4.14041 2.41708 0
    endloop
  endfacet
  facet normal 0 0 -1
    outer loop
      vertex 4.06435 0.540779 0
      vertex 4.11176 2.23615 0
      vertex 4.11176 0.363845 0
    endloop
  endfacet
  facet normal 0 0 -1
    outer loop
      vertex 4.06435 0.540779 0
      vertex 4.06435 2.05922 0
      vertex 4.11176 2.23615 0
    endloop
  endfacet
  facet normal 0 0 -1
    outer loop
      vertex 3.9987 0.711788 0
      vertex 4.06435 2.05922 0
      vertex 4.06435 0.540779 0
    endloop
  endfacet
  facet normal 0 0 -1
    outer loop
      vertex 3.9987 0.711788 0
      vertex 3.9987 1.88821 0
      vertex 4.06435 2.05922 0
    endloop
  endfacet
  facet normal 0 0 -1
    outer loop
      vertex 3.91554 0.875 0
      vertex 3.9987 1.88821 0
      vertex 3.9987 0.711788 0
    endloop
  endfacet
  facet normal 0 0 -1
    outer loop
      vertex 3.91554 0.875 0
      vertex 3.91554 1.725 0
      vertex 3.9987 1.88821 0
    endloop
  endfacet
  facet normal 0 0 -1
    outer loop
      vertex 3.81578 1.02862 0
      vertex 3.91554 1.725 0
      vertex 3.91554 0.875 0
    endloop
  endfacet
  facet normal 0 0 -1
    outer loop
      vertex 3.81578 1.02862 0
      vertex 3.81578 1.57137 0
      vertex 3.91554 1.725 0
    endloop
  endfacet
  facet normal 0 0 -1
    outer loop
      vertex 3.7005 1.17098 0
      vertex 3.81578 1.57137 0
      vertex 3.81578 1.02862 0
    endloop
  endfacet
  facet normal 0 0 -1
    outer loop
      vertex 3.7005 1.17098 0
      vertex 3.7005 1.42902 0
      vertex 3.81578 1.57137 0
    endloop
  endfacet
  facet normal 0 -0 -1
    outer loop
      vertex 3.7005 1.42902 0
      vertex 3.7005 1.17098 0
      vertex 3.57148 1.3 0
    endloop
  endfacet
  facet normal 0 0 -1
    outer loop
      vertex 4.14041 -0.182924 0
      vertex 15.1463 -13.6077 0
      vertex 4.14041 -2.41708 0
    endloop
  endfacet
  facet normal 0 0 -1
    outer loop
      vertex 15.1463 -13.6077 0
      vertex 4.14041 -0.182924 0
      vertex 4.15 0 0
    endloop
  endfacet
  facet normal 0 0 -1
    outer loop
      vertex 4.11176 -2.23615 0
      vertex 4.14041 -0.182924 0
      vertex 4.14041 -2.41708 0
    endloop
  endfacet
  facet normal 0 0 -1
    outer loop
      vertex 4.11176 -2.23615 0
      vertex 4.11176 -0.363845 0
      vertex 4.14041 -0.182924 0
    endloop
  endfacet
  facet normal 0 0 -1
    outer loop
      vertex 4.06435 -2.05922 0
      vertex 4.11176 -0.363845 0
      vertex 4.11176 -2.23615 0
    endloop
  endfacet
  facet normal 0 0 -1
    outer loop
      vertex 4.06435 -2.05922 0
      vertex 4.06435 -0.540779 0
      vertex 4.11176 -0.363845 0
    endloop
  endfacet
  facet normal 0 0 -1
    outer loop
      vertex 3.9987 -1.88821 0
      vertex 4.06435 -0.540779 0
      vertex 4.06435 -2.05922 0
    endloop
  endfacet
  facet normal 0 0 -1
    outer loop
      vertex 3.9987 -1.88821 0
      vertex 3.9987 -0.711788 0
      vertex 4.06435 -0.540779 0
    endloop
  endfacet
  facet normal 0 0 -1
    outer loop
      vertex 3.91554 -1.725 0
      vertex 3.9987 -0.711788 0
      vertex 3.9987 -1.88821 0
    endloop
  endfacet
  facet normal 0 0 -1
    outer loop
      vertex 3.91554 -1.725 0
      vertex 3.91554 -0.875 0
      vertex 3.9987 -0.711788 0
    endloop
  endfacet
  facet normal 0 0 -1
    outer loop
      vertex 3.81578 -1.57137 0
      vertex 3.91554 -0.875 0
      vertex 3.91554 -1.725 0
    endloop
  endfacet
  facet normal 0 0 -1
    outer loop
      vertex 3.81578 -1.57137 0
      vertex 3.81578 -1.02862 0
      vertex 3.91554 -0.875 0
    endloop
  endfacet
  facet normal 0 0 -1
    outer loop
      vertex 3.7005 -1.42902 0
      vertex 3.81578 -1.02862 0
      vertex 3.81578 -1.57137 0
    endloop
  endfacet
  facet normal 0 0 -1
    outer loop
      vertex 3.7005 -1.42902 0
      vertex 3.7005 -1.17098 0
      vertex 3.81578 -1.02862 0
    endloop
  endfacet
  facet normal 0 -0 -1
    outer loop
      vertex 3.7005 -1.17098 0
      vertex 3.7005 -1.42902 0
      vertex 3.57148 -1.3 0
    endloop
  endfacet
  facet normal 0 0 -1
    outer loop
      vertex 16.3315 -14.5674 0
      vertex 17 -15 0
      vertex 16.3694 -14.7089 0
    endloop
  endfacet
  facet normal -0 0 -1
    outer loop
      vertex 17 15 0
      vertex 16.3923 14.8537 0
      vertex 16.4 15 0
    endloop
  endfacet
  facet normal 0 0 -1
    outer loop
      vertex 16.279 -14.4306 0
      vertex 17 -15 0
      vertex 16.3315 -14.5674 0
    endloop
  endfacet
  facet normal 0 0 -1
    outer loop
      vertex 17 15 0
      vertex 16.3694 14.7089 0
      vertex 16.3923 14.8537 0
    endloop
  endfacet
  facet normal 0 0 -1
    outer loop
      vertex 16.2124 -14.3 0
      vertex 17 -15 0
      vertex 16.279 -14.4306 0
    endloop
  endfacet
  facet normal 0 0 -1
    outer loop
      vertex 17 15 0
      vertex 16.3315 14.5674 0
      vertex 16.3694 14.7089 0
    endloop
  endfacet
  facet normal 0 0 -1
    outer loop
      vertex 16.1326 -14.1771 0
      vertex 17 -15 0
      vertex 16.2124 -14.3 0
    endloop
  endfacet
  facet normal 0 0 -1
    outer loop
      vertex 17 15 0
      vertex 16.279 14.4306 0
      vertex 16.3315 14.5674 0
    endloop
  endfacet
  facet normal 0 0 -1
    outer loop
      vertex 16.0404 -14.0632 0
      vertex 17 -15 0
      vertex 16.1326 -14.1771 0
    endloop
  endfacet
  facet normal 0 0 -1
    outer loop
      vertex 17 15 0
      vertex 16.2124 14.3 0
      vertex 16.279 14.4306 0
    endloop
  endfacet
  facet normal 0 0 -1
    outer loop
      vertex 17 -15 0
      vertex 16.0404 -14.0632 0
      vertex 17 15 0
    endloop
  endfacet
  facet normal 0 0 -1
    outer loop
      vertex 17 15 0
      vertex 16.1326 14.1771 0
      vertex 16.2124 14.3 0
    endloop
  endfacet
  facet normal 0 0 -1
    outer loop
      vertex 16.0404 14.0632 0
      vertex 17 15 0
      vertex 16.0404 -14.0632 0
    endloop
  endfacet
  facet normal 0 0 -1
    outer loop
      vertex 17 15 0
      vertex 16.0404 14.0632 0
      vertex 16.1326 14.1771 0
    endloop
  endfacet
  facet normal 0 0 -1
    outer loop
      vertex 15.9368 -13.9596 0
      vertex 16.0404 14.0632 0
      vertex 16.0404 -14.0632 0
    endloop
  endfacet
  facet normal 0 0 -1
    outer loop
      vertex 15.9368 -13.9596 0
      vertex 15.9368 13.9596 0
      vertex 16.0404 14.0632 0
    endloop
  endfacet
  facet normal 0 0 -1
    outer loop
      vertex 15.8229 -13.8674 0
      vertex 15.9368 13.9596 0
      vertex 15.9368 -13.9596 0
    endloop
  endfacet
  facet normal 0 0 -1
    outer loop
      vertex 15.8229 -13.8674 0
      vertex 15.8229 13.8674 0
      vertex 15.9368 13.9596 0
    endloop
  endfacet
  facet normal 0 0 -1
    outer loop
      vertex 15.7 -13.7876 0
      vertex 15.8229 13.8674 0
      vertex 15.8229 -13.8674 0
    endloop
  endfacet
  facet normal 0 0 -1
    outer loop
      vertex 15.7 -13.7876 0
      vertex 15.7 13.7876 0
      vertex 15.8229 13.8674 0
    endloop
  endfacet
  facet normal 0 0 -1
    outer loop
      vertex 15.5694 -13.721 0
      vertex 15.7 13.7876 0
      vertex 15.7 -13.7876 0
    endloop
  endfacet
  facet normal 0 0 -1
    outer loop
      vertex 15.5694 -13.721 0
      vertex 15.5694 13.721 0
      vertex 15.7 13.7876 0
    endloop
  endfacet
  facet normal 0 0 -1
    outer loop
      vertex 15.4326 -13.6685 0
      vertex 15.5694 13.721 0
      vertex 15.5694 -13.721 0
    endloop
  endfacet
  facet normal 0 0 -1
    outer loop
      vertex 15.4326 -13.6685 0
      vertex 15.4326 13.6685 0
      vertex 15.5694 13.721 0
    endloop
  endfacet
  facet normal 0 0 -1
    outer loop
      vertex 15.2911 -13.6306 0
      vertex 15.4326 13.6685 0
      vertex 15.4326 -13.6685 0
    endloop
  endfacet
  facet normal 0 0 -1
    outer loop
      vertex 15.2911 -13.6306 0
      vertex 15.2911 13.6306 0
      vertex 15.4326 13.6685 0
    endloop
  endfacet
  facet normal 0 0 -1
    outer loop
      vertex 4.15 0 0
      vertex 15.2911 -13.6306 0
      vertex 15.1463 -13.6077 0
    endloop
  endfacet
  facet normal 0 0 -1
    outer loop
      vertex 15.2911 -13.6306 0
      vertex 4.15 0 0
      vertex 15.2911 13.6306 0
    endloop
  endfacet
  facet normal 0 0 -1
    outer loop
      vertex 4.15 -2.6 0
      vertex 15.1463 -13.6077 0
      vertex 15 -13.6 0
    endloop
  endfacet
  facet normal 0 0 -1
    outer loop
      vertex 15.2911 13.6306 0
      vertex 4.15 0 0
      vertex 15.1463 13.6077 0
    endloop
  endfacet
  facet normal 0 0 -1
    outer loop
      vertex 4.14041 -2.78292 0
      vertex 15 -13.6 0
      vertex 14.8537 -13.6077 0
    endloop
  endfacet
  facet normal 0 0 -1
    outer loop
      vertex 4.14041 0.182924 0
      vertex 15.1463 13.6077 0
      vertex 4.15 0 0
    endloop
  endfacet
  facet normal 0 0 -1
    outer loop
      vertex 4.14041 -2.78292 0
      vertex 14.8537 -13.6077 0
      vertex 14.7089 -13.6306 0
    endloop
  endfacet
  facet normal 0 0 -1
    outer loop
      vertex 15.1463 13.6077 0
      vertex 4.15 2.6 0
      vertex 15 13.6 0
    endloop
  endfacet
  facet normal 0 0 -1
    outer loop
      vertex 4.11176 -2.96385 0
      vertex 14.7089 -13.6306 0
      vertex 14.5674 -13.6685 0
    endloop
  endfacet
  facet normal 0 0 -1
    outer loop
      vertex 4.14041 2.78292 0
      vertex 15 13.6 0
      vertex 4.15 2.6 0
    endloop
  endfacet
  facet normal 0 0 -1
    outer loop
      vertex 4.06435 -3.14078 0
      vertex 14.5674 -13.6685 0
      vertex 14.4306 -13.721 0
    endloop
  endfacet
  facet normal -0 0 -1
    outer loop
      vertex 15 13.6 0
      vertex 4.14041 2.78292 0
      vertex 14.8537 13.6077 0
    endloop
  endfacet
  facet normal 0 0 -1
    outer loop
      vertex 3.9987 -3.31179 0
      vertex 14.4306 -13.721 0
      vertex 14.3 -13.7876 0
    endloop
  endfacet
  facet normal -0 0 -1
    outer loop
      vertex 14.8537 13.6077 0
      vertex 4.14041 2.78292 0
      vertex 14.7089 13.6306 0
    endloop
  endfacet
  facet normal 0 0 -1
    outer loop
      vertex 3.91554 -3.475 0
      vertex 14.3 -13.7876 0
      vertex 14.1771 -13.8674 0
    endloop
  endfacet
  facet normal 0 0 -1
    outer loop
      vertex 4.11176 2.96385 0
      vertex 14.7089 13.6306 0
      vertex 4.14041 2.78292 0
    endloop
  endfacet
  facet normal 0 0 -1
    outer loop
      vertex 3.81578 -3.62862 0
      vertex 14.1771 -13.8674 0
      vertex 14.0632 -13.9596 0
    endloop
  endfacet
  facet normal -0 0 -1
    outer loop
      vertex 14.7089 13.6306 0
      vertex 4.11176 2.96385 0
      vertex 14.5674 13.6685 0
    endloop
  endfacet
  facet normal 0 0 -1
    outer loop
      vertex 3.7005 -3.77098 0
      vertex 14.0632 -13.9596 0
      vertex 13.9596 -14.0632 0
    endloop
  endfacet
  facet normal 0 0 -1
    outer loop
      vertex 4.06435 3.14078 0
      vertex 14.5674 13.6685 0
      vertex 4.11176 2.96385 0
    endloop
  endfacet
  facet normal 0 0 -1
    outer loop
      vertex 3.57098 -3.9005 0
      vertex 13.9596 -14.0632 0
      vertex 13.8674 -14.1771 0
    endloop
  endfacet
  facet normal -0 0 -1
    outer loop
      vertex 14.5674 13.6685 0
      vertex 4.06435 3.14078 0
      vertex 14.4306 13.721 0
    endloop
  endfacet
  facet normal 0 0 -1
    outer loop
      vertex 3.42862 -4.01578 0
      vertex 13.8674 -14.1771 0
      vertex 13.7876 -14.3 0
    endloop
  endfacet
  facet normal 0 0 -1
    outer loop
      vertex 3.9987 3.31179 0
      vertex 14.4306 13.721 0
      vertex 4.06435 3.14078 0
    endloop
  endfacet
  facet normal 0 0 -1
    outer loop
      vertex 3.275 -4.11554 0
      vertex 13.7876 -14.3 0
      vertex 13.721 -14.4306 0
    endloop
  endfacet
  facet normal -0 0 -1
    outer loop
      vertex 14.4306 13.721 0
      vertex 3.9987 3.31179 0
      vertex 14.3 13.7876 0
    endloop
  endfacet
  facet normal 0 0 -1
    outer loop
      vertex 3.11179 -4.1987 0
      vertex 13.721 -14.4306 0
      vertex 13.6685 -14.5674 0
    endloop
  endfacet
  facet normal 0 0 -1
    outer loop
      vertex 3.91554 3.475 0
      vertex 14.3 13.7876 0
      vertex 3.9987 3.31179 0
    endloop
  endfacet
  facet normal 0 0 -1
    outer loop
      vertex 2.94078 -4.26435 0
      vertex 13.6685 -14.5674 0
      vertex 13.6306 -14.7089 0
    endloop
  endfacet
  facet normal -0 0 -1
    outer loop
      vertex 14.3 13.7876 0
      vertex 3.91554 3.475 0
      vertex 14.1771 13.8674 0
    endloop
  endfacet
  facet normal 0 0 -1
    outer loop
      vertex 2.76385 -4.31176 0
      vertex 13.6306 -14.7089 0
      vertex 13.6077 -14.8537 0
    endloop
  endfacet
  facet normal 0 0 -1
    outer loop
      vertex 3.81578 3.62862 0
      vertex 14.1771 13.8674 0
      vertex 3.91554 3.475 0
    endloop
  endfacet
  facet normal 0 0 -1
    outer loop
      vertex 2.58292 -4.34041 0
      vertex 13.6077 -14.8537 0
      vertex 13.6 -15 0
    endloop
  endfacet
  facet normal -0 0 -1
    outer loop
      vertex 14.1771 13.8674 0
      vertex 3.81578 3.62862 0
      vertex 14.0632 13.9596 0
    endloop
  endfacet
  facet normal 0 0 -1
    outer loop
      vertex 16.4 -15 0
      vertex 17 -15 0
      vertex 16.989 -15.2091 0
    endloop
  endfacet
  facet normal 0 0 -1
    outer loop
      vertex 16.3923 -14.8537 0
      vertex 17 -15 0
      vertex 16.4 -15 0
    endloop
  endfacet
  facet normal 0 0 -1
    outer loop
      vertex 16.3923 -15.1463 0
      vertex 16.989 -15.2091 0
      vertex 16.9563 -15.4158 0
    endloop
  endfacet
  facet normal 0 0 -1
    outer loop
      vertex 16.3694 -14.7089 0
      vertex 17 -15 0
      vertex 16.3923 -14.8537 0
    endloop
  endfacet
  facet normal 0 0 -1
    outer loop
      vertex 16.3694 -15.2911 0
      vertex 16.9563 -15.4158 0
      vertex 16.9021 -15.618 0
    endloop
  endfacet
  facet normal 0 0 -1
    outer loop
      vertex 17 15 0
      vertex 16.4 15 0
      vertex 16.989 15.2091 0
    endloop
  endfacet
  facet normal 0 0 -1
    outer loop
      vertex 16.3315 -15.4326 0
      vertex 16.9021 -15.618 0
      vertex 16.8271 -15.8135 0
    endloop
  endfacet
  facet normal 0 0 -1
    outer loop
      vertex 16.3923 15.1463 0
      vertex 16.989 15.2091 0
      vertex 16.4 15 0
    endloop
  endfacet
  facet normal 0 0 -1
    outer loop
      vertex 16.279 -15.5694 0
      vertex 16.8271 -15.8135 0
      vertex 16.732 -16 0
    endloop
  endfacet
  facet normal -0 0 -1
    outer loop
      vertex 16.989 15.2091 0
      vertex 16.3923 15.1463 0
      vertex 16.9563 15.4158 0
    endloop
  endfacet
  facet normal 0 0 -1
    outer loop
      vertex 16.2124 -15.7 0
      vertex 16.732 -16 0
      vertex 16.618 -16.1756 0
    endloop
  endfacet
  facet normal 0 0 -1
    outer loop
      vertex 16.3694 15.2911 0
      vertex 16.9563 15.4158 0
      vertex 16.3923 15.1463 0
    endloop
  endfacet
  facet normal 0 0 -1
    outer loop
      vertex 16.1326 -15.8229 0
      vertex 16.618 -16.1756 0
      vertex 16.4863 -16.3383 0
    endloop
  endfacet
  facet normal -0 0 -1
    outer loop
      vertex 16.9563 15.4158 0
      vertex 16.3694 15.2911 0
      vertex 16.9021 15.618 0
    endloop
  endfacet
  facet normal 0 0 -1
    outer loop
      vertex 16.3315 15.4326 0
      vertex 16.9021 15.618 0
      vertex 16.3694 15.2911 0
    endloop
  endfacet
  facet normal 0 0 -1
    outer loop
      vertex 16.989 -15.2091 0
      vertex 16.3923 -15.1463 0
      vertex 16.4 -15 0
    endloop
  endfacet
  facet normal 0 0 -1
    outer loop
      vertex 16.9563 -15.4158 0
      vertex 16.3694 -15.2911 0
      vertex 16.3923 -15.1463 0
    endloop
  endfacet
  facet normal 0 0 -1
    outer loop
      vertex 16.0404 -15.9368 0
      vertex 16.4863 -16.3383 0
      vertex 16.3383 -16.4863 0
    endloop
  endfacet
  facet normal 0 0 -1
    outer loop
      vertex 16.9021 -15.618 0
      vertex 16.3315 -15.4326 0
      vertex 16.3694 -15.2911 0
    endloop
  endfacet
  facet normal 0 0 -1
    outer loop
      vertex 16.8271 -15.8135 0
      vertex 16.279 -15.5694 0
      vertex 16.3315 -15.4326 0
    endloop
  endfacet
  facet normal 0 0 -1
    outer loop
      vertex 16.732 -16 0
      vertex 16.2124 -15.7 0
      vertex 16.279 -15.5694 0
    endloop
  endfacet
  facet normal 0 0 -1
    outer loop
      vertex 15.9368 -16.0404 0
      vertex 16.3383 -16.4863 0
      vertex 16.1756 -16.618 0
    endloop
  endfacet
  facet normal 0 0 -1
    outer loop
      vertex 16.618 -16.1756 0
      vertex 16.1326 -15.8229 0
      vertex 16.2124 -15.7 0
    endloop
  endfacet
  facet normal 0 0 -1
    outer loop
      vertex 16.4863 -16.3383 0
      vertex 16.0404 -15.9368 0
      vertex 16.1326 -15.8229 0
    endloop
  endfacet
  facet normal 0 0 -1
    outer loop
      vertex 15.8229 -16.1326 0
      vertex 16.1756 -16.618 0
      vertex 16 -16.732 0
    endloop
  endfacet
  facet normal 0 0 -1
    outer loop
      vertex 16.3383 -16.4863 0
      vertex 15.9368 -16.0404 0
      vertex 16.0404 -15.9368 0
    endloop
  endfacet
  facet normal 0 0 -1
    outer loop
      vertex 16.1756 -16.618 0
      vertex 15.8229 -16.1326 0
      vertex 15.9368 -16.0404 0
    endloop
  endfacet
  facet normal 0 0 -1
    outer loop
      vertex 15.7 -16.2124 0
      vertex 16 -16.732 0
      vertex 15.8135 -16.8271 0
    endloop
  endfacet
  facet normal 0 0 -1
    outer loop
      vertex 16 -16.732 0
      vertex 15.7 -16.2124 0
      vertex 15.8229 -16.1326 0
    endloop
  endfacet
  facet normal 0 0 -1
    outer loop
      vertex 15.5694 -16.279 0
      vertex 15.8135 -16.8271 0
      vertex 15.618 -16.9021 0
    endloop
  endfacet
  facet normal 0 0 -1
    outer loop
      vertex 15.8135 -16.8271 0
      vertex 15.5694 -16.279 0
      vertex 15.7 -16.2124 0
    endloop
  endfacet
  facet normal 0 0 -1
    outer loop
      vertex 15.618 -16.9021 0
      vertex 15.4326 -16.3315 0
      vertex 15.5694 -16.279 0
    endloop
  endfacet
  facet normal 0 0 -1
    outer loop
      vertex 15.4158 -16.9563 0
      vertex 15.4326 -16.3315 0
      vertex 15.618 -16.9021 0
    endloop
  endfacet
  facet normal 0 0 -1
    outer loop
      vertex 15.4158 -16.9563 0
      vertex 15.2911 -16.3694 0
      vertex 15.4326 -16.3315 0
    endloop
  endfacet
  facet normal 0 0 -1
    outer loop
      vertex 15.2091 -16.989 0
      vertex 15.2911 -16.3694 0
      vertex 15.4158 -16.9563 0
    endloop
  endfacet
  facet normal 0 0 -1
    outer loop
      vertex 15.2091 -16.989 0
      vertex 15.1463 -16.3923 0
      vertex 15.2911 -16.3694 0
    endloop
  endfacet
  facet normal 0 0 -1
    outer loop
      vertex 15 -17 0
      vertex 15.1463 -16.3923 0
      vertex 15.2091 -16.989 0
    endloop
  endfacet
  facet normal 0 0 -1
    outer loop
      vertex 15 -17 0
      vertex 15 -16.4 0
      vertex 15.1463 -16.3923 0
    endloop
  endfacet
  facet normal 0 0 -1
    outer loop
      vertex 15 -17 0
      vertex 14.8537 -16.3923 0
      vertex 15 -16.4 0
    endloop
  endfacet
  facet normal 0 0 -1
    outer loop
      vertex 15 -17 0
      vertex 14.7089 -16.3694 0
      vertex 14.8537 -16.3923 0
    endloop
  endfacet
  facet normal 0 0 -1
    outer loop
      vertex 15 -17 0
      vertex 14.5674 -16.3315 0
      vertex 14.7089 -16.3694 0
    endloop
  endfacet
  facet normal 0 0 -1
    outer loop
      vertex 15 -17 0
      vertex 14.4306 -16.279 0
      vertex 14.5674 -16.3315 0
    endloop
  endfacet
  facet normal 0 0 -1
    outer loop
      vertex 15 -17 0
      vertex 14.3 -16.2124 0
      vertex 14.4306 -16.279 0
    endloop
  endfacet
  facet normal 0 0 -1
    outer loop
      vertex 15 -17 0
      vertex 14.1771 -16.1326 0
      vertex 14.3 -16.2124 0
    endloop
  endfacet
  facet normal 0 0 -1
    outer loop
      vertex 15 -17 0
      vertex 14.0632 -16.0404 0
      vertex 14.1771 -16.1326 0
    endloop
  endfacet
  facet normal 0 0 -1
    outer loop
      vertex -14.0632 -16.0404 0
      vertex 14.0632 -16.0404 0
      vertex 15 -17 0
    endloop
  endfacet
  facet normal 0 0 -1
    outer loop
      vertex 4.14041 -2.41708 0
      vertex 15.1463 -13.6077 0
      vertex 4.15 -2.6 0
    endloop
  endfacet
  facet normal 0 0 -1
    outer loop
      vertex 2.4 -4.35 0
      vertex 13.6 -15 0
      vertex 13.6077 -15.1463 0
    endloop
  endfacet
  facet normal 0 0 -1
    outer loop
      vertex 2.21707 -4.34041 0
      vertex 13.6077 -15.1463 0
      vertex 13.6306 -15.2911 0
    endloop
  endfacet
  facet normal 0 0 -1
    outer loop
      vertex -13.6306 -15.2911 0
      vertex 13.6306 -15.2911 0
      vertex 13.6685 -15.4326 0
    endloop
  endfacet
  facet normal 0 0 -1
    outer loop
      vertex -13.6685 -15.4326 0
      vertex 13.6685 -15.4326 0
      vertex 13.721 -15.5694 0
    endloop
  endfacet
  facet normal 0 0 -1
    outer loop
      vertex -13.721 -15.5694 0
      vertex 13.721 -15.5694 0
      vertex 13.7876 -15.7 0
    endloop
  endfacet
  facet normal 0 0 -1
    outer loop
      vertex -13.7876 -15.7 0
      vertex 13.7876 -15.7 0
      vertex 13.8674 -15.8229 0
    endloop
  endfacet
  facet normal 0 0 -1
    outer loop
      vertex 15 -13.6 0
      vertex 4.14041 -2.78292 0
      vertex 4.15 -2.6 0
    endloop
  endfacet
  facet normal 0 0 -1
    outer loop
      vertex 14.7089 -13.6306 0
      vertex 4.11176 -2.96385 0
      vertex 4.14041 -2.78292 0
    endloop
  endfacet
  facet normal 0 0 -1
    outer loop
      vertex 14.5674 -13.6685 0
      vertex 4.06435 -3.14078 0
      vertex 4.11176 -2.96385 0
    endloop
  endfacet
  facet normal 0 0 -1
    outer loop
      vertex 14.4306 -13.721 0
      vertex 3.9987 -3.31179 0
      vertex 4.06435 -3.14078 0
    endloop
  endfacet
  facet normal 0 0 -1
    outer loop
      vertex 14.3 -13.7876 0
      vertex 3.91554 -3.475 0
      vertex 3.9987 -3.31179 0
    endloop
  endfacet
  facet normal 0 0 -1
    outer loop
      vertex 14.1771 -13.8674 0
      vertex 3.81578 -3.62862 0
      vertex 3.91554 -3.475 0
    endloop
  endfacet
  facet normal 0 0 -1
    outer loop
      vertex -13.8674 -15.8229 0
      vertex 13.8674 -15.8229 0
      vertex 13.9596 -15.9368 0
    endloop
  endfacet
  facet normal 0 0 -1
    outer loop
      vertex 14.0632 -13.9596 0
      vertex 3.7005 -3.77098 0
      vertex 3.81578 -3.62862 0
    endloop
  endfacet
  facet normal 0 0 -1
    outer loop
      vertex 13.9596 -14.0632 0
      vertex 3.57098 -3.9005 0
      vertex 3.7005 -3.77098 0
    endloop
  endfacet
  facet normal 0 0 -1
    outer loop
      vertex 13.8674 -14.1771 0
      vertex 3.42862 -4.01578 0
      vertex 3.57098 -3.9005 0
    endloop
  endfacet
  facet normal 0 0 -1
    outer loop
      vertex 13.7876 -14.3 0
      vertex 3.275 -4.11554 0
      vertex 3.42862 -4.01578 0
    endloop
  endfacet
  facet normal 0 0 -1
    outer loop
      vertex 13.721 -14.4306 0
      vertex 3.11179 -4.1987 0
      vertex 3.275 -4.11554 0
    endloop
  endfacet
  facet normal 0 0 -1
    outer loop
      vertex 13.6685 -14.5674 0
      vertex 2.94078 -4.26435 0
      vertex 3.11179 -4.1987 0
    endloop
  endfacet
  facet normal 0 0 -1
    outer loop
      vertex 13.6306 -14.7089 0
      vertex 2.76385 -4.31176 0
      vertex 2.94078 -4.26435 0
    endloop
  endfacet
  facet normal 0 0 -1
    outer loop
      vertex 13.6077 -14.8537 0
      vertex 2.58292 -4.34041 0
      vertex 2.76385 -4.31176 0
    endloop
  endfacet
  facet normal 0 0 -1
    outer loop
      vertex 14.0632 -16.0404 0
      vertex -14.0632 -16.0404 0
      vertex 13.9596 -15.9368 0
    endloop
  endfacet
  facet normal 0 0 -1
    outer loop
      vertex 13.6 -15 0
      vertex 2.4 -4.35 0
      vertex 2.58292 -4.34041 0
    endloop
  endfacet
  facet normal 0 0 -1
    outer loop
      vertex 13.6077 -15.1463 0
      vertex 2.21707 -4.34041 0
      vertex 2.4 -4.35 0
    endloop
  endfacet
  facet normal 0 0 -1
    outer loop
      vertex 13.6306 -15.2911 0
      vertex -13.6306 -15.2911 0
      vertex 2.21707 -4.34041 0
    endloop
  endfacet
  facet normal -0 0 -1
    outer loop
      vertex 2.21707 -4.34041 0
      vertex -13.6306 -15.2911 0
      vertex 2.03615 -4.31176 0
    endloop
  endfacet
  facet normal 0 -0 -1
    outer loop
      vertex -2.03615 -4.31176 0
      vertex 2.03615 -4.31176 0
      vertex -13.6306 -15.2911 0
    endloop
  endfacet
  facet normal 0 0 -1
    outer loop
      vertex 2.03615 -4.31176 0
      vertex -2.03615 -4.31176 0
      vertex 1.85922 -4.26435 0
    endloop
  endfacet
  facet normal 0 0 -1
    outer loop
      vertex 1.85922 -4.26435 0
      vertex -1.85922 -4.26435 0
      vertex 1.68821 -4.1987 0
    endloop
  endfacet
  facet normal 0 -0 -1
    outer loop
      vertex -1.68821 -4.1987 0
      vertex 1.68821 -4.1987 0
      vertex -1.85922 -4.26435 0
    endloop
  endfacet
  facet normal 0 0 -1
    outer loop
      vertex 0.659586 -0.182924 0
      vertex -0.65 0 0
      vertex 0.65 0 0
    endloop
  endfacet
  facet normal 0 0 -1
    outer loop
      vertex -0.659586 -2.41708 0
      vertex 0.65 -2.6 0
      vertex -0.65 -2.6 0
    endloop
  endfacet
  facet normal 0 0 -1
    outer loop
      vertex 0.659586 -2.78292 0
      vertex -0.65 -2.6 0
      vertex 0.65 -2.6 0
    endloop
  endfacet
  facet normal 0 0 -1
    outer loop
      vertex -0.659586 -2.78292 0
      vertex 0.659586 -2.78292 0
      vertex 0.688241 -2.96385 0
    endloop
  endfacet
  facet normal 0 0 -1
    outer loop
      vertex -0.688241 -2.96385 0
      vertex 0.688241 -2.96385 0
      vertex 0.735651 -3.14078 0
    endloop
  endfacet
  facet normal 0 0 -1
    outer loop
      vertex -0.735651 -3.14078 0
      vertex 0.735651 -3.14078 0
      vertex 0.801295 -3.31179 0
    endloop
  endfacet
  facet normal 0 0 -1
    outer loop
      vertex -0.801295 -3.31179 0
      vertex 0.801295 -3.31179 0
      vertex 0.884455 -3.475 0
    endloop
  endfacet
  facet normal 0 0 -1
    outer loop
      vertex -0.884455 -3.475 0
      vertex 0.884455 -3.475 0
      vertex 0.98422 -3.62862 0
    endloop
  endfacet
  facet normal 0 0 -1
    outer loop
      vertex -0.98422 -3.62862 0
      vertex 0.98422 -3.62862 0
      vertex 1.0995 -3.77098 0
    endloop
  endfacet
  facet normal 0 0 -1
    outer loop
      vertex -1.0995 -3.77098 0
      vertex 1.0995 -3.77098 0
      vertex 1.22902 -3.9005 0
    endloop
  endfacet
  facet normal 0 0 -1
    outer loop
      vertex 1.68821 -4.1987 0
      vertex -1.68821 -4.1987 0
      vertex 1.525 -4.11554 0
    endloop
  endfacet
  facet normal 0 0 -1
    outer loop
      vertex 0.659586 -2.78292 0
      vertex -0.659586 -2.78292 0
      vertex -0.65 -2.6 0
    endloop
  endfacet
  facet normal 0 0 -1
    outer loop
      vertex 0.688241 -2.96385 0
      vertex -0.688241 -2.96385 0
      vertex -0.659586 -2.78292 0
    endloop
  endfacet
  facet normal 0 0 -1
    outer loop
      vertex 0.735651 -3.14078 0
      vertex -0.735651 -3.14078 0
      vertex -0.688241 -2.96385 0
    endloop
  endfacet
  facet normal 0 0 -1
    outer loop
      vertex 0.801295 -3.31179 0
      vertex -0.801295 -3.31179 0
      vertex -0.735651 -3.14078 0
    endloop
  endfacet
  facet normal 0 0 -1
    outer loop
      vertex 0.884455 -3.475 0
      vertex -0.884455 -3.475 0
      vertex -0.801295 -3.31179 0
    endloop
  endfacet
  facet normal 0 0 -1
    outer loop
      vertex 0.98422 -3.62862 0
      vertex -0.98422 -3.62862 0
      vertex -0.884455 -3.475 0
    endloop
  endfacet
  facet normal 0 0 -1
    outer loop
      vertex 1.0995 -3.77098 0
      vertex -1.0995 -3.77098 0
      vertex -0.98422 -3.62862 0
    endloop
  endfacet
  facet normal 0 0 -1
    outer loop
      vertex 1.22902 -3.9005 0
      vertex -1.22902 -3.9005 0
      vertex -1.0995 -3.77098 0
    endloop
  endfacet
  facet normal -0 0 -1
    outer loop
      vertex 1.22902 -3.9005 0
      vertex -1.37138 -4.01578 0
      vertex -1.22902 -3.9005 0
    endloop
  endfacet
  facet normal 0 0 -1
    outer loop
      vertex 1.37138 -4.01578 0
      vertex -1.37138 -4.01578 0
      vertex 1.22902 -3.9005 0
    endloop
  endfacet
  facet normal 0 -0 -1
    outer loop
      vertex -1.37138 -4.01578 0
      vertex 1.37138 -4.01578 0
      vertex -1.525 -4.11554 0
    endloop
  endfacet
  facet normal 0 0 -1
    outer loop
      vertex 1.525 -4.11554 0
      vertex -1.525 -4.11554 0
      vertex 1.37138 -4.01578 0
    endloop
  endfacet
  facet normal 0 -0 -1
    outer loop
      vertex -1.525 -4.11554 0
      vertex 1.525 -4.11554 0
      vertex -1.68821 -4.1987 0
    endloop
  endfacet
  facet normal 0 -0 -1
    outer loop
      vertex -1.85922 -4.26435 0
      vertex 1.85922 -4.26435 0
      vertex -2.03615 -4.31176 0
    endloop
  endfacet
  facet normal 0 0 -1
    outer loop
      vertex -2.03615 -4.31176 0
      vertex -13.6306 -15.2911 0
      vertex -2.21707 -4.34041 0
    endloop
  endfacet
  facet normal 0 -0 -1
    outer loop
      vertex -13.6077 -15.1463 0
      vertex -2.21707 -4.34041 0
      vertex -13.6306 -15.2911 0
    endloop
  endfacet
  facet normal 0 0 -1
    outer loop
      vertex -2.21707 -4.34041 0
      vertex -13.6077 -15.1463 0
      vertex -2.4 -4.35 0
    endloop
  endfacet
  facet normal 0 -0 -1
    outer loop
      vertex -13.6 -15 0
      vertex -2.4 -4.35 0
      vertex -13.6077 -15.1463 0
    endloop
  endfacet
  facet normal -0 0 -1
    outer loop
      vertex -2.4 -4.35 0
      vertex -13.6 -15 0
      vertex -2.58292 -4.34041 0
    endloop
  endfacet
  facet normal 0 0 -1
    outer loop
      vertex -13.6077 -14.8537 0
      vertex -2.58292 -4.34041 0
      vertex -13.6 -15 0
    endloop
  endfacet
  facet normal -0 0 -1
    outer loop
      vertex -2.58292 -4.34041 0
      vertex -13.6077 -14.8537 0
      vertex -2.76385 -4.31176 0
    endloop
  endfacet
  facet normal 0 0 -1
    outer loop
      vertex -14.1771 -13.8674 0
      vertex -3.81578 -3.62862 0
      vertex -14.0632 -13.9596 0
    endloop
  endfacet
  facet normal -0 0 -1
    outer loop
      vertex -3.81578 -3.62862 0
      vertex -14.1771 -13.8674 0
      vertex -3.91554 -3.475 0
    endloop
  endfacet
  facet normal -0 0 -1
    outer loop
      vertex -3.57098 -3.9005 0
      vertex -13.9596 -14.0632 0
      vertex -3.7005 -3.77098 0
    endloop
  endfacet
  facet normal 0 0 -1
    outer loop
      vertex -13.9596 -14.0632 0
      vertex -3.57098 -3.9005 0
      vertex -13.8674 -14.1771 0
    endloop
  endfacet
  facet normal -0 0 -1
    outer loop
      vertex -3.42862 -4.01578 0
      vertex -13.8674 -14.1771 0
      vertex -3.57098 -3.9005 0
    endloop
  endfacet
  facet normal 0 0 -1
    outer loop
      vertex -13.8674 -14.1771 0
      vertex -3.42862 -4.01578 0
      vertex -13.7876 -14.3 0
    endloop
  endfacet
  facet normal -0 0 -1
    outer loop
      vertex -3.275 -4.11554 0
      vertex -13.7876 -14.3 0
      vertex -3.42862 -4.01578 0
    endloop
  endfacet
  facet normal 0 0 -1
    outer loop
      vertex -13.7876 -14.3 0
      vertex -3.275 -4.11554 0
      vertex -13.721 -14.4306 0
    endloop
  endfacet
  facet normal -0 0 -1
    outer loop
      vertex -3.11179 -4.1987 0
      vertex -13.721 -14.4306 0
      vertex -3.275 -4.11554 0
    endloop
  endfacet
  facet normal 0 0 -1
    outer loop
      vertex -13.721 -14.4306 0
      vertex -3.11179 -4.1987 0
      vertex -13.6685 -14.5674 0
    endloop
  endfacet
  facet normal -0 0 -1
    outer loop
      vertex -2.94078 -4.26435 0
      vertex -13.6685 -14.5674 0
      vertex -3.11179 -4.1987 0
    endloop
  endfacet
  facet normal 0 0 -1
    outer loop
      vertex -13.6306 -14.7089 0
      vertex -2.76385 -4.31176 0
      vertex -13.6077 -14.8537 0
    endloop
  endfacet
  facet normal 0 0 -1
    outer loop
      vertex -13.6685 -14.5674 0
      vertex -2.94078 -4.26435 0
      vertex -13.6306 -14.7089 0
    endloop
  endfacet
  facet normal -0 0 -1
    outer loop
      vertex -2.76385 -4.31176 0
      vertex -13.6306 -14.7089 0
      vertex -2.94078 -4.26435 0
    endloop
  endfacet
  facet normal 0 0 -1
    outer loop
      vertex 13.6685 -15.4326 0
      vertex -13.6685 -15.4326 0
      vertex -13.6306 -15.2911 0
    endloop
  endfacet
  facet normal 0 0 -1
    outer loop
      vertex 13.721 -15.5694 0
      vertex -13.721 -15.5694 0
      vertex -13.6685 -15.4326 0
    endloop
  endfacet
  facet normal 0 0 -1
    outer loop
      vertex 13.7876 -15.7 0
      vertex -13.7876 -15.7 0
      vertex -13.721 -15.5694 0
    endloop
  endfacet
  facet normal 0 0 -1
    outer loop
      vertex 13.8674 -15.8229 0
      vertex -13.8674 -15.8229 0
      vertex -13.7876 -15.7 0
    endloop
  endfacet
  facet normal 0 0 -1
    outer loop
      vertex 13.9596 -15.9368 0
      vertex -13.9596 -15.9368 0
      vertex -13.8674 -15.8229 0
    endloop
  endfacet
  facet normal -0 0 -1
    outer loop
      vertex 13.9596 -15.9368 0
      vertex -14.0632 -16.0404 0
      vertex -13.9596 -15.9368 0
    endloop
  endfacet
  facet normal 0 0 -1
    outer loop
      vertex -15 -17 0
      vertex -14.0632 -16.0404 0
      vertex 15 -17 0
    endloop
  endfacet
  facet normal 0 0 -1
    outer loop
      vertex -14.0632 -16.0404 0
      vertex -15 -17 0
      vertex -14.1771 -16.1326 0
    endloop
  endfacet
  facet normal 0 0 -1
    outer loop
      vertex -14.1771 -16.1326 0
      vertex -15 -17 0
      vertex -14.3 -16.2124 0
    endloop
  endfacet
  facet normal 0 0 -1
    outer loop
      vertex -14.3 -16.2124 0
      vertex -15 -17 0
      vertex -14.4306 -16.279 0
    endloop
  endfacet
  facet normal 0 0 -1
    outer loop
      vertex -14.4306 -16.279 0
      vertex -15 -17 0
      vertex -14.5674 -16.3315 0
    endloop
  endfacet
  facet normal 0 0 -1
    outer loop
      vertex -14.5674 -16.3315 0
      vertex -15 -17 0
      vertex -14.7089 -16.3694 0
    endloop
  endfacet
  facet normal 0 0 -1
    outer loop
      vertex -14.7089 -16.3694 0
      vertex -15 -17 0
      vertex -14.8537 -16.3923 0
    endloop
  endfacet
  facet normal 0 0 -1
    outer loop
      vertex -15 -17 0
      vertex -15 -16.4 0
      vertex -14.8537 -16.3923 0
    endloop
  endfacet
  facet normal 0 0 -1
    outer loop
      vertex -15 -17 0
      vertex -15.1463 -16.3923 0
      vertex -15 -16.4 0
    endloop
  endfacet
  facet normal 0 0 -1
    outer loop
      vertex -15.2091 -16.989 0
      vertex -15.1463 -16.3923 0
      vertex -15 -17 0
    endloop
  endfacet
  facet normal 0 0 -1
    outer loop
      vertex -15.2091 -16.989 0
      vertex -15.2911 -16.3694 0
      vertex -15.1463 -16.3923 0
    endloop
  endfacet
  facet normal 0 0 -1
    outer loop
      vertex -15.4158 -16.9563 0
      vertex -15.2911 -16.3694 0
      vertex -15.2091 -16.989 0
    endloop
  endfacet
  facet normal 0 0 -1
    outer loop
      vertex -15.4158 -16.9563 0
      vertex -15.4326 -16.3315 0
      vertex -15.2911 -16.3694 0
    endloop
  endfacet
  facet normal 0 0 -1
    outer loop
      vertex -15.618 -16.9021 0
      vertex -15.4326 -16.3315 0
      vertex -15.4158 -16.9563 0
    endloop
  endfacet
  facet normal -0 0 -1
    outer loop
      vertex -15.4326 -16.3315 0
      vertex -15.618 -16.9021 0
      vertex -15.5694 -16.279 0
    endloop
  endfacet
  facet normal 0 0 -1
    outer loop
      vertex -15.8135 -16.8271 0
      vertex -15.5694 -16.279 0
      vertex -15.618 -16.9021 0
    endloop
  endfacet
  facet normal -0 0 -1
    outer loop
      vertex -15.5694 -16.279 0
      vertex -15.8135 -16.8271 0
      vertex -15.7 -16.2124 0
    endloop
  endfacet
  facet normal 0 0 -1
    outer loop
      vertex -16 -16.732 0
      vertex -15.7 -16.2124 0
      vertex -15.8135 -16.8271 0
    endloop
  endfacet
  facet normal -0 0 -1
    outer loop
      vertex -15.7 -16.2124 0
      vertex -16 -16.732 0
      vertex -15.8229 -16.1326 0
    endloop
  endfacet
  facet normal 0 0 -1
    outer loop
      vertex -16.1756 -16.618 0
      vertex -15.8229 -16.1326 0
      vertex -16 -16.732 0
    endloop
  endfacet
  facet normal -0 0 -1
    outer loop
      vertex -15.8229 -16.1326 0
      vertex -16.1756 -16.618 0
      vertex -15.9368 -16.0404 0
    endloop
  endfacet
  facet normal 0 0 -1
    outer loop
      vertex -16.3383 -16.4863 0
      vertex -15.9368 -16.0404 0
      vertex -16.1756 -16.618 0
    endloop
  endfacet
  facet normal -0 0 -1
    outer loop
      vertex -15.9368 -16.0404 0
      vertex -16.3383 -16.4863 0
      vertex -16.0404 -15.9368 0
    endloop
  endfacet
  facet normal 0 0 -1
    outer loop
      vertex -16.4863 -16.3383 0
      vertex -16.0404 -15.9368 0
      vertex -16.3383 -16.4863 0
    endloop
  endfacet
  facet normal -0 0 -1
    outer loop
      vertex -16.0404 -15.9368 0
      vertex -16.4863 -16.3383 0
      vertex -16.1326 -15.8229 0
    endloop
  endfacet
  facet normal 0 0 -1
    outer loop
      vertex -16.618 -16.1756 0
      vertex -16.1326 -15.8229 0
      vertex -16.4863 -16.3383 0
    endloop
  endfacet
  facet normal -0 0 -1
    outer loop
      vertex -16.1326 -15.8229 0
      vertex -16.618 -16.1756 0
      vertex -16.2124 -15.7 0
    endloop
  endfacet
  facet normal 0 0 -1
    outer loop
      vertex -16.732 -16 0
      vertex -16.2124 -15.7 0
      vertex -16.618 -16.1756 0
    endloop
  endfacet
  facet normal -0 0 -1
    outer loop
      vertex -16.2124 -15.7 0
      vertex -16.732 -16 0
      vertex -16.279 -15.5694 0
    endloop
  endfacet
  facet normal 0 0 -1
    outer loop
      vertex -16.8271 -15.8135 0
      vertex -16.279 -15.5694 0
      vertex -16.732 -16 0
    endloop
  endfacet
  facet normal 0 0 -1
    outer loop
      vertex -16.9021 -15.618 0
      vertex -16.3315 -15.4326 0
      vertex -16.8271 -15.8135 0
    endloop
  endfacet
  facet normal -0 0 -1
    outer loop
      vertex -16.279 -15.5694 0
      vertex -16.8271 -15.8135 0
      vertex -16.3315 -15.4326 0
    endloop
  endfacet
  facet normal -0 0 -1
    outer loop
      vertex 16.9021 15.618 0
      vertex 16.3315 15.4326 0
      vertex 16.8271 15.8135 0
    endloop
  endfacet
  facet normal 0 0 -1
    outer loop
      vertex 16.279 15.5694 0
      vertex 16.8271 15.8135 0
      vertex 16.3315 15.4326 0
    endloop
  endfacet
  facet normal -0 0 -1
    outer loop
      vertex 16.8271 15.8135 0
      vertex 16.279 15.5694 0
      vertex 16.732 16 0
    endloop
  endfacet
  facet normal 0 0 -1
    outer loop
      vertex 16.2124 15.7 0
      vertex 16.732 16 0
      vertex 16.279 15.5694 0
    endloop
  endfacet
  facet normal -0 0 -1
    outer loop
      vertex 16.732 16 0
      vertex 16.2124 15.7 0
      vertex 16.618 16.1756 0
    endloop
  endfacet
  facet normal 0 0 -1
    outer loop
      vertex 16.1326 15.8229 0
      vertex 16.618 16.1756 0
      vertex 16.2124 15.7 0
    endloop
  endfacet
  facet normal -0 0 -1
    outer loop
      vertex 16.618 16.1756 0
      vertex 16.1326 15.8229 0
      vertex 16.4863 16.3383 0
    endloop
  endfacet
  facet normal 0 0 -1
    outer loop
      vertex 16.0404 15.9368 0
      vertex 16.4863 16.3383 0
      vertex 16.1326 15.8229 0
    endloop
  endfacet
  facet normal -0 0 -1
    outer loop
      vertex 16.4863 16.3383 0
      vertex 16.0404 15.9368 0
      vertex 16.3383 16.4863 0
    endloop
  endfacet
  facet normal 0 0 -1
    outer loop
      vertex 15.9368 16.0404 0
      vertex 16.3383 16.4863 0
      vertex 16.0404 15.9368 0
    endloop
  endfacet
  facet normal -0 0 -1
    outer loop
      vertex 16.3383 16.4863 0
      vertex 15.9368 16.0404 0
      vertex 16.1756 16.618 0
    endloop
  endfacet
  facet normal 0 0 -1
    outer loop
      vertex 15.8229 16.1326 0
      vertex 16.1756 16.618 0
      vertex 15.9368 16.0404 0
    endloop
  endfacet
  facet normal -0 0 -1
    outer loop
      vertex 16.1756 16.618 0
      vertex 15.8229 16.1326 0
      vertex 16 16.732 0
    endloop
  endfacet
  facet normal 0 0 -1
    outer loop
      vertex 15.7 16.2124 0
      vertex 16 16.732 0
      vertex 15.8229 16.1326 0
    endloop
  endfacet
  facet normal -0 0 -1
    outer loop
      vertex 16 16.732 0
      vertex 15.7 16.2124 0
      vertex 15.8135 16.8271 0
    endloop
  endfacet
  facet normal 0 0 -1
    outer loop
      vertex 15.5694 16.279 0
      vertex 15.8135 16.8271 0
      vertex 15.7 16.2124 0
    endloop
  endfacet
  facet normal -0 0 -1
    outer loop
      vertex 15.8135 16.8271 0
      vertex 15.5694 16.279 0
      vertex 15.618 16.9021 0
    endloop
  endfacet
  facet normal 0 0 -1
    outer loop
      vertex 15.4326 16.3315 0
      vertex 15.618 16.9021 0
      vertex 15.5694 16.279 0
    endloop
  endfacet
  facet normal 0 0 -1
    outer loop
      vertex 15.4326 16.3315 0
      vertex 15.4158 16.9563 0
      vertex 15.618 16.9021 0
    endloop
  endfacet
  facet normal 0 0 -1
    outer loop
      vertex 15.2911 16.3694 0
      vertex 15.4158 16.9563 0
      vertex 15.4326 16.3315 0
    endloop
  endfacet
  facet normal 0 0 -1
    outer loop
      vertex 15.2911 16.3694 0
      vertex 15.2091 16.989 0
      vertex 15.4158 16.9563 0
    endloop
  endfacet
  facet normal 0 0 -1
    outer loop
      vertex 15.1463 16.3923 0
      vertex 15.2091 16.989 0
      vertex 15.2911 16.3694 0
    endloop
  endfacet
  facet normal 0 0 -1
    outer loop
      vertex 15 16.4 0
      vertex 15.2091 16.989 0
      vertex 15.1463 16.3923 0
    endloop
  endfacet
  facet normal 0 0 -1
    outer loop
      vertex 15 16.4 0
      vertex 15 17 0
      vertex 15.2091 16.989 0
    endloop
  endfacet
  facet normal 0 0 -1
    outer loop
      vertex 14.8537 16.3923 0
      vertex 15 17 0
      vertex 15 16.4 0
    endloop
  endfacet
  facet normal 0 0 -1
    outer loop
      vertex 14.7089 16.3694 0
      vertex 15 17 0
      vertex 14.8537 16.3923 0
    endloop
  endfacet
  facet normal 0 0 -1
    outer loop
      vertex 14.5674 16.3315 0
      vertex 15 17 0
      vertex 14.7089 16.3694 0
    endloop
  endfacet
  facet normal 0 0 -1
    outer loop
      vertex 14.4306 16.279 0
      vertex 15 17 0
      vertex 14.5674 16.3315 0
    endloop
  endfacet
  facet normal 0 0 -1
    outer loop
      vertex 14.3 16.2124 0
      vertex 15 17 0
      vertex 14.4306 16.279 0
    endloop
  endfacet
  facet normal 0 0 -1
    outer loop
      vertex 14.1771 16.1326 0
      vertex 15 17 0
      vertex 14.3 16.2124 0
    endloop
  endfacet
  facet normal 0 0 -1
    outer loop
      vertex 14.0632 16.0404 0
      vertex 15 17 0
      vertex 14.1771 16.1326 0
    endloop
  endfacet
  facet normal 0 0 -1
    outer loop
      vertex -14.0632 16.0404 0
      vertex 14.0632 16.0404 0
      vertex 13.9596 15.9368 0
    endloop
  endfacet
  facet normal 0 0 -1
    outer loop
      vertex 3.7005 3.77098 0
      vertex 14.0632 13.9596 0
      vertex 3.81578 3.62862 0
    endloop
  endfacet
  facet normal -0 0 -1
    outer loop
      vertex 14.0632 13.9596 0
      vertex 3.7005 3.77098 0
      vertex 13.9596 14.0632 0
    endloop
  endfacet
  facet normal 0 0 -1
    outer loop
      vertex 3.57098 3.9005 0
      vertex 13.9596 14.0632 0
      vertex 3.7005 3.77098 0
    endloop
  endfacet
  facet normal -0 0 -1
    outer loop
      vertex 13.9596 14.0632 0
      vertex 3.57098 3.9005 0
      vertex 13.8674 14.1771 0
    endloop
  endfacet
  facet normal 0 0 -1
    outer loop
      vertex 3.42862 4.01578 0
      vertex 13.8674 14.1771 0
      vertex 3.57098 3.9005 0
    endloop
  endfacet
  facet normal -0 0 -1
    outer loop
      vertex 13.8674 14.1771 0
      vertex 3.42862 4.01578 0
      vertex 13.7876 14.3 0
    endloop
  endfacet
  facet normal 0 0 -1
    outer loop
      vertex 3.275 4.11554 0
      vertex 13.7876 14.3 0
      vertex 3.42862 4.01578 0
    endloop
  endfacet
  facet normal -0 0 -1
    outer loop
      vertex 13.7876 14.3 0
      vertex 3.275 4.11554 0
      vertex 13.721 14.4306 0
    endloop
  endfacet
  facet normal 0 0 -1
    outer loop
      vertex 3.11179 4.1987 0
      vertex 13.721 14.4306 0
      vertex 3.275 4.11554 0
    endloop
  endfacet
  facet normal -0 0 -1
    outer loop
      vertex 13.721 14.4306 0
      vertex 3.11179 4.1987 0
      vertex 13.6685 14.5674 0
    endloop
  endfacet
  facet normal 0 0 -1
    outer loop
      vertex 2.94078 4.26435 0
      vertex 13.6685 14.5674 0
      vertex 3.11179 4.1987 0
    endloop
  endfacet
  facet normal -0 0 -1
    outer loop
      vertex 13.6685 14.5674 0
      vertex 2.94078 4.26435 0
      vertex 13.6306 14.7089 0
    endloop
  endfacet
  facet normal 0 0 -1
    outer loop
      vertex 2.76385 4.31176 0
      vertex 13.6306 14.7089 0
      vertex 2.94078 4.26435 0
    endloop
  endfacet
  facet normal -0 0 -1
    outer loop
      vertex 13.6306 14.7089 0
      vertex 2.76385 4.31176 0
      vertex 13.6077 14.8537 0
    endloop
  endfacet
  facet normal 0 0 -1
    outer loop
      vertex 2.58292 4.34041 0
      vertex 13.6077 14.8537 0
      vertex 2.76385 4.31176 0
    endloop
  endfacet
  facet normal -0 0 -1
    outer loop
      vertex 13.6077 14.8537 0
      vertex 2.58292 4.34041 0
      vertex 13.6 15 0
    endloop
  endfacet
  facet normal 0 0 -1
    outer loop
      vertex 2.4 4.35 0
      vertex 13.6 15 0
      vertex 2.58292 4.34041 0
    endloop
  endfacet
  facet normal -0 0 -1
    outer loop
      vertex 13.6 15 0
      vertex 2.4 4.35 0
      vertex 13.6077 15.1463 0
    endloop
  endfacet
  facet normal 0 0 -1
    outer loop
      vertex 2.21707 4.34041 0
      vertex 13.6077 15.1463 0
      vertex 2.4 4.35 0
    endloop
  endfacet
  facet normal -0 0 -1
    outer loop
      vertex 13.6077 15.1463 0
      vertex 2.21707 4.34041 0
      vertex 13.6306 15.2911 0
    endloop
  endfacet
  facet normal 0 0 -1
    outer loop
      vertex -13.6306 15.2911 0
      vertex 13.6306 15.2911 0
      vertex 2.21707 4.34041 0
    endloop
  endfacet
  facet normal 0 0 -1
    outer loop
      vertex 13.6306 15.2911 0
      vertex -13.6306 15.2911 0
      vertex 13.6685 15.4326 0
    endloop
  endfacet
  facet normal 0 0 -1
    outer loop
      vertex -13.6685 15.4326 0
      vertex 13.6685 15.4326 0
      vertex -13.6306 15.2911 0
    endloop
  endfacet
  facet normal 0 0 -1
    outer loop
      vertex 13.6685 15.4326 0
      vertex -13.6685 15.4326 0
      vertex 13.721 15.5694 0
    endloop
  endfacet
  facet normal 0 0 -1
    outer loop
      vertex -13.721 15.5694 0
      vertex 13.721 15.5694 0
      vertex -13.6685 15.4326 0
    endloop
  endfacet
  facet normal 0 0 -1
    outer loop
      vertex 13.721 15.5694 0
      vertex -13.721 15.5694 0
      vertex 13.7876 15.7 0
    endloop
  endfacet
  facet normal 0 0 -1
    outer loop
      vertex -13.6306 15.2911 0
      vertex 2.21707 4.34041 0
      vertex 2.03615 4.31176 0
    endloop
  endfacet
  facet normal 0 0 -1
    outer loop
      vertex -2.03615 4.31176 0
      vertex 2.03615 4.31176 0
      vertex 1.85922 4.26435 0
    endloop
  endfacet
  facet normal 0 0 -1
    outer loop
      vertex -1.85922 4.26435 0
      vertex 1.85922 4.26435 0
      vertex 1.68821 4.1987 0
    endloop
  endfacet
  facet normal 0 0 -1
    outer loop
      vertex -1.68821 4.1987 0
      vertex 1.68821 4.1987 0
      vertex 1.525 4.11554 0
    endloop
  endfacet
  facet normal 0 0 -1
    outer loop
      vertex -1.525 4.11554 0
      vertex 1.525 4.11554 0
      vertex 1.37138 4.01578 0
    endloop
  endfacet
  facet normal 0 0 -1
    outer loop
      vertex -1.37138 4.01578 0
      vertex 1.37138 4.01578 0
      vertex 1.22902 3.9005 0
    endloop
  endfacet
  facet normal 0 0 -1
    outer loop
      vertex -0.659586 0.182924 0
      vertex 0.65 0 0
      vertex -0.65 0 0
    endloop
  endfacet
  facet normal 0 0 -1
    outer loop
      vertex 0.688241 2.23615 0
      vertex -0.65 2.6 0
      vertex 0.659586 2.41708 0
    endloop
  endfacet
  facet normal 0 0 -1
    outer loop
      vertex 0.65 2.6 0
      vertex -0.65 2.6 0
      vertex 0.659586 2.78292 0
    endloop
  endfacet
  facet normal 0 0 -1
    outer loop
      vertex -0.659586 2.78292 0
      vertex 0.659586 2.78292 0
      vertex -0.65 2.6 0
    endloop
  endfacet
  facet normal 0 0 -1
    outer loop
      vertex 0.659586 2.78292 0
      vertex -0.659586 2.78292 0
      vertex 0.688241 2.96385 0
    endloop
  endfacet
  facet normal 0 0 -1
    outer loop
      vertex -0.688241 2.96385 0
      vertex 0.688241 2.96385 0
      vertex -0.659586 2.78292 0
    endloop
  endfacet
  facet normal 0 0 -1
    outer loop
      vertex 0.688241 2.96385 0
      vertex -0.688241 2.96385 0
      vertex 0.735651 3.14078 0
    endloop
  endfacet
  facet normal 0 0 -1
    outer loop
      vertex -0.735651 3.14078 0
      vertex 0.735651 3.14078 0
      vertex -0.688241 2.96385 0
    endloop
  endfacet
  facet normal 0 0 -1
    outer loop
      vertex 0.735651 3.14078 0
      vertex -0.735651 3.14078 0
      vertex 0.801295 3.31179 0
    endloop
  endfacet
  facet normal 0 0 -1
    outer loop
      vertex -0.801295 3.31179 0
      vertex 0.801295 3.31179 0
      vertex -0.735651 3.14078 0
    endloop
  endfacet
  facet normal 0 0 -1
    outer loop
      vertex 0.801295 3.31179 0
      vertex -0.801295 3.31179 0
      vertex 0.884455 3.475 0
    endloop
  endfacet
  facet normal 0 0 -1
    outer loop
      vertex -0.884455 3.475 0
      vertex 0.884455 3.475 0
      vertex -0.801295 3.31179 0
    endloop
  endfacet
  facet normal 0 0 -1
    outer loop
      vertex 0.884455 3.475 0
      vertex -0.884455 3.475 0
      vertex 0.98422 3.62862 0
    endloop
  endfacet
  facet normal 0 0 -1
    outer loop
      vertex -0.98422 3.62862 0
      vertex 0.98422 3.62862 0
      vertex -0.884455 3.475 0
    endloop
  endfacet
  facet normal 0 0 -1
    outer loop
      vertex 0.98422 3.62862 0
      vertex -0.98422 3.62862 0
      vertex 1.0995 3.77098 0
    endloop
  endfacet
  facet normal 0 0 -1
    outer loop
      vertex -1.0995 3.77098 0
      vertex 1.0995 3.77098 0
      vertex -0.98422 3.62862 0
    endloop
  endfacet
  facet normal 0 0 -1
    outer loop
      vertex 1.0995 3.77098 0
      vertex -1.0995 3.77098 0
      vertex 1.22902 3.9005 0
    endloop
  endfacet
  facet normal 0 0 -1
    outer loop
      vertex -1.22902 3.9005 0
      vertex 1.22902 3.9005 0
      vertex -1.0995 3.77098 0
    endloop
  endfacet
  facet normal 0 0 -1
    outer loop
      vertex -1.37138 4.01578 0
      vertex 1.22902 3.9005 0
      vertex -1.22902 3.9005 0
    endloop
  endfacet
  facet normal 0 0 -1
    outer loop
      vertex 1.37138 4.01578 0
      vertex -1.37138 4.01578 0
      vertex -1.525 4.11554 0
    endloop
  endfacet
  facet normal 0 0 -1
    outer loop
      vertex 1.525 4.11554 0
      vertex -1.525 4.11554 0
      vertex -1.68821 4.1987 0
    endloop
  endfacet
  facet normal 0 0 -1
    outer loop
      vertex 1.68821 4.1987 0
      vertex -1.68821 4.1987 0
      vertex -1.85922 4.26435 0
    endloop
  endfacet
  facet normal 0 0 -1
    outer loop
      vertex 1.85922 4.26435 0
      vertex -1.85922 4.26435 0
      vertex -2.03615 4.31176 0
    endloop
  endfacet
  facet normal 0 0 -1
    outer loop
      vertex 2.03615 4.31176 0
      vertex -2.03615 4.31176 0
      vertex -13.6306 15.2911 0
    endloop
  endfacet
  facet normal 0 0 -1
    outer loop
      vertex -13.6306 15.2911 0
      vertex -2.03615 4.31176 0
      vertex -2.21707 4.34041 0
    endloop
  endfacet
  facet normal 0 0 -1
    outer loop
      vertex -13.6077 15.1463 0
      vertex -2.21707 4.34041 0
      vertex -2.4 4.35 0
    endloop
  endfacet
  facet normal 0 0 -1
    outer loop
      vertex -13.6 15 0
      vertex -2.4 4.35 0
      vertex -2.58292 4.34041 0
    endloop
  endfacet
  facet normal 0 0 -1
    outer loop
      vertex -13.6 15 0
      vertex -2.58292 4.34041 0
      vertex -2.76385 4.31176 0
    endloop
  endfacet
  facet normal 0 0 -1
    outer loop
      vertex -13.6 15 0
      vertex -2.76385 4.31176 0
      vertex -2.94078 4.26435 0
    endloop
  endfacet
  facet normal 0 0 -1
    outer loop
      vertex -13.6 15 0
      vertex -2.94078 4.26435 0
      vertex -3.11179 4.1987 0
    endloop
  endfacet
  facet normal 0 0 -1
    outer loop
      vertex -13.6 15 0
      vertex -3.11179 4.1987 0
      vertex -3.275 4.11554 0
    endloop
  endfacet
  facet normal 0 0 -1
    outer loop
      vertex -13.6 15 0
      vertex -3.275 4.11554 0
      vertex -3.42862 4.01578 0
    endloop
  endfacet
  facet normal 0 0 -1
    outer loop
      vertex -4.15 0 0
      vertex -13.6 15 0
      vertex -4.15 2.6 0
    endloop
  endfacet
  facet normal 0 0 -1
    outer loop
      vertex -4.15 2.6 0
      vertex -13.6 15 0
      vertex -4.14041 2.78292 0
    endloop
  endfacet
  facet normal 0 0 -1
    outer loop
      vertex -4.14041 2.78292 0
      vertex -13.6 15 0
      vertex -4.11176 2.96385 0
    endloop
  endfacet
  facet normal 0 0 -1
    outer loop
      vertex -4.11176 2.96385 0
      vertex -13.6 15 0
      vertex -4.06435 3.14078 0
    endloop
  endfacet
  facet normal 0 0 -1
    outer loop
      vertex -4.06435 3.14078 0
      vertex -13.6 15 0
      vertex -3.9987 3.31179 0
    endloop
  endfacet
  facet normal 0 0 -1
    outer loop
      vertex -3.9987 3.31179 0
      vertex -13.6 15 0
      vertex -3.91554 3.475 0
    endloop
  endfacet
  facet normal 0 0 -1
    outer loop
      vertex -13.6 15 0
      vertex -3.81578 3.62862 0
      vertex -3.91554 3.475 0
    endloop
  endfacet
  facet normal 0 0 -1
    outer loop
      vertex -13.6 15 0
      vertex -3.7005 3.77098 0
      vertex -3.81578 3.62862 0
    endloop
  endfacet
  facet normal 0 0 -1
    outer loop
      vertex -13.6 15 0
      vertex -3.57098 3.9005 0
      vertex -3.7005 3.77098 0
    endloop
  endfacet
  facet normal 0 0 -1
    outer loop
      vertex -13.6 15 0
      vertex -3.42862 4.01578 0
      vertex -3.57098 3.9005 0
    endloop
  endfacet
  facet normal 0 0 -1
    outer loop
      vertex -2.4 4.35 0
      vertex -13.6 15 0
      vertex -13.6077 15.1463 0
    endloop
  endfacet
  facet normal 0 0 -1
    outer loop
      vertex -2.21707 4.34041 0
      vertex -13.6077 15.1463 0
      vertex -13.6306 15.2911 0
    endloop
  endfacet
  facet normal 0 0 -1
    outer loop
      vertex -13.7876 15.7 0
      vertex 13.7876 15.7 0
      vertex -13.721 15.5694 0
    endloop
  endfacet
  facet normal 0 0 -1
    outer loop
      vertex 13.7876 15.7 0
      vertex -13.7876 15.7 0
      vertex 13.8674 15.8229 0
    endloop
  endfacet
  facet normal 0 0 -1
    outer loop
      vertex -13.8674 15.8229 0
      vertex 13.8674 15.8229 0
      vertex -13.7876 15.7 0
    endloop
  endfacet
  facet normal 0 0 -1
    outer loop
      vertex 13.8674 15.8229 0
      vertex -13.8674 15.8229 0
      vertex 13.9596 15.9368 0
    endloop
  endfacet
  facet normal 0 0 -1
    outer loop
      vertex -13.9596 15.9368 0
      vertex 13.9596 15.9368 0
      vertex -13.8674 15.8229 0
    endloop
  endfacet
  facet normal 0 0 -1
    outer loop
      vertex -14.0632 16.0404 0
      vertex 13.9596 15.9368 0
      vertex -13.9596 15.9368 0
    endloop
  endfacet
  facet normal 0 0 -1
    outer loop
      vertex 14.0632 16.0404 0
      vertex -14.0632 16.0404 0
      vertex 15 17 0
    endloop
  endfacet
  facet normal 0 0 -1
    outer loop
      vertex -15 17 0
      vertex -14.0632 16.0404 0
      vertex -14.1771 16.1326 0
    endloop
  endfacet
  facet normal 0 0 -1
    outer loop
      vertex -15 17 0
      vertex -14.1771 16.1326 0
      vertex -14.3 16.2124 0
    endloop
  endfacet
  facet normal 0 0 -1
    outer loop
      vertex -15 17 0
      vertex -14.3 16.2124 0
      vertex -14.4306 16.279 0
    endloop
  endfacet
  facet normal 0 0 -1
    outer loop
      vertex -15 17 0
      vertex -14.4306 16.279 0
      vertex -14.5674 16.3315 0
    endloop
  endfacet
  facet normal 0 0 -1
    outer loop
      vertex -15 17 0
      vertex -14.5674 16.3315 0
      vertex -14.7089 16.3694 0
    endloop
  endfacet
  facet normal 0 0 -1
    outer loop
      vertex -15 17 0
      vertex -14.7089 16.3694 0
      vertex -14.8537 16.3923 0
    endloop
  endfacet
  facet normal 0 0 -1
    outer loop
      vertex -15 17 0
      vertex -14.8537 16.3923 0
      vertex -15 16.4 0
    endloop
  endfacet
  facet normal 0 0 -1
    outer loop
      vertex -14.0632 16.0404 0
      vertex -15 17 0
      vertex 15 17 0
    endloop
  endfacet
  facet normal 0 0 -1
    outer loop
      vertex -15.1463 16.3923 0
      vertex -15 17 0
      vertex -15 16.4 0
    endloop
  endfacet
  facet normal 0 0 -1
    outer loop
      vertex -15.1463 16.3923 0
      vertex -15.2091 16.989 0
      vertex -15 17 0
    endloop
  endfacet
  facet normal 0 0 -1
    outer loop
      vertex -15.2911 16.3694 0
      vertex -15.2091 16.989 0
      vertex -15.1463 16.3923 0
    endloop
  endfacet
  facet normal 0 0 -1
    outer loop
      vertex -15.2911 16.3694 0
      vertex -15.4158 16.9563 0
      vertex -15.2091 16.989 0
    endloop
  endfacet
  facet normal 0 0 -1
    outer loop
      vertex -15.4326 16.3315 0
      vertex -15.4158 16.9563 0
      vertex -15.2911 16.3694 0
    endloop
  endfacet
  facet normal 0 0 -1
    outer loop
      vertex -15.618 16.9021 0
      vertex -15.4326 16.3315 0
      vertex -15.5694 16.279 0
    endloop
  endfacet
  facet normal 0 0 -1
    outer loop
      vertex -15.4326 16.3315 0
      vertex -15.618 16.9021 0
      vertex -15.4158 16.9563 0
    endloop
  endfacet
  facet normal 0 0 -1
    outer loop
      vertex -15.8135 16.8271 0
      vertex -15.5694 16.279 0
      vertex -15.7 16.2124 0
    endloop
  endfacet
  facet normal 0 0 -1
    outer loop
      vertex -15.5694 16.279 0
      vertex -15.8135 16.8271 0
      vertex -15.618 16.9021 0
    endloop
  endfacet
  facet normal 0 0 -1
    outer loop
      vertex -16 16.732 0
      vertex -15.7 16.2124 0
      vertex -15.8229 16.1326 0
    endloop
  endfacet
  facet normal 0 0 -1
    outer loop
      vertex -16.1756 16.618 0
      vertex -15.8229 16.1326 0
      vertex -15.9368 16.0404 0
    endloop
  endfacet
  facet normal 0 0 -1
    outer loop
      vertex -15.7 16.2124 0
      vertex -16 16.732 0
      vertex -15.8135 16.8271 0
    endloop
  endfacet
  facet normal 0 0 -1
    outer loop
      vertex -16.3383 16.4863 0
      vertex -15.9368 16.0404 0
      vertex -16.0404 15.9368 0
    endloop
  endfacet
  facet normal 0 0 -1
    outer loop
      vertex -16.4863 16.3383 0
      vertex -16.0404 15.9368 0
      vertex -16.1326 15.8229 0
    endloop
  endfacet
  facet normal 0 0 -1
    outer loop
      vertex -15.8229 16.1326 0
      vertex -16.1756 16.618 0
      vertex -16 16.732 0
    endloop
  endfacet
  facet normal 0 0 -1
    outer loop
      vertex -16.618 16.1756 0
      vertex -16.1326 15.8229 0
      vertex -16.2124 15.7 0
    endloop
  endfacet
  facet normal 0 0 -1
    outer loop
      vertex -16.732 16 0
      vertex -16.2124 15.7 0
      vertex -16.279 15.5694 0
    endloop
  endfacet
  facet normal 0 0 -1
    outer loop
      vertex -16.8271 15.8135 0
      vertex -16.279 15.5694 0
      vertex -16.3315 15.4326 0
    endloop
  endfacet
  facet normal 0 0 -1
    outer loop
      vertex -15.9368 16.0404 0
      vertex -16.3383 16.4863 0
      vertex -16.1756 16.618 0
    endloop
  endfacet
  facet normal 0 0 -1
    outer loop
      vertex -16.9021 15.618 0
      vertex -16.3315 15.4326 0
      vertex -16.3694 15.2911 0
    endloop
  endfacet
  facet normal 0 0 -1
    outer loop
      vertex -16.9563 15.4158 0
      vertex -16.3694 15.2911 0
      vertex -16.3923 15.1463 0
    endloop
  endfacet
  facet normal 0 0 -1
    outer loop
      vertex -16.989 15.2091 0
      vertex -16.3923 15.1463 0
      vertex -16.4 15 0
    endloop
  endfacet
  facet normal 0 0 -1
    outer loop
      vertex -16.0404 15.9368 0
      vertex -16.4863 16.3383 0
      vertex -16.3383 16.4863 0
    endloop
  endfacet
  facet normal 0 0 -1
    outer loop
      vertex -16.3694 14.7089 0
      vertex -17 15 0
      vertex -16.3923 14.8537 0
    endloop
  endfacet
  facet normal -0 0 -1
    outer loop
      vertex -16.3315 -15.4326 0
      vertex -16.9021 -15.618 0
      vertex -16.3694 -15.2911 0
    endloop
  endfacet
  facet normal 0 0 -1
    outer loop
      vertex -16.3923 14.8537 0
      vertex -17 15 0
      vertex -16.4 15 0
    endloop
  endfacet
  facet normal 0 0 -1
    outer loop
      vertex -16.9563 -15.4158 0
      vertex -16.3694 -15.2911 0
      vertex -16.9021 -15.618 0
    endloop
  endfacet
  facet normal 0 -0 -1
    outer loop
      vertex -16.989 15.2091 0
      vertex -16.4 15 0
      vertex -17 15 0
    endloop
  endfacet
  facet normal -0 0 -1
    outer loop
      vertex -16.3694 -15.2911 0
      vertex -16.9563 -15.4158 0
      vertex -16.3923 -15.1463 0
    endloop
  endfacet
  facet normal 0 0 -1
    outer loop
      vertex -16.1326 15.8229 0
      vertex -16.618 16.1756 0
      vertex -16.4863 16.3383 0
    endloop
  endfacet
  facet normal 0 0 -1
    outer loop
      vertex -16.989 -15.2091 0
      vertex -16.3923 -15.1463 0
      vertex -16.9563 -15.4158 0
    endloop
  endfacet
  facet normal 0 0 -1
    outer loop
      vertex -16.2124 15.7 0
      vertex -16.732 16 0
      vertex -16.618 16.1756 0
    endloop
  endfacet
  facet normal -0 0 -1
    outer loop
      vertex -16.3923 -15.1463 0
      vertex -16.989 -15.2091 0
      vertex -16.4 -15 0
    endloop
  endfacet
  facet normal 0 0 -1
    outer loop
      vertex -16.279 15.5694 0
      vertex -16.8271 15.8135 0
      vertex -16.732 16 0
    endloop
  endfacet
  facet normal -0 0 -1
    outer loop
      vertex -16.4 -15 0
      vertex -16.989 -15.2091 0
      vertex -17 -15 0
    endloop
  endfacet
  facet normal 0 0 -1
    outer loop
      vertex -16.3315 15.4326 0
      vertex -16.9021 15.618 0
      vertex -16.8271 15.8135 0
    endloop
  endfacet
  facet normal 0 0 -1
    outer loop
      vertex -16.3694 15.2911 0
      vertex -16.9563 15.4158 0
      vertex -16.9021 15.618 0
    endloop
  endfacet
  facet normal 0 0 -1
    outer loop
      vertex -16.3923 15.1463 0
      vertex -16.989 15.2091 0
      vertex -16.9563 15.4158 0
    endloop
  endfacet
  facet normal 0 0 -1
    outer loop
      vertex 1.0995 -1.42902 0
      vertex 1.0995 -1.17098 0
      vertex 1.22852 -1.3 0
    endloop
  endfacet
  facet normal 0 0 -1
    outer loop
      vertex 0.98422 -1.57137 0
      vertex 1.0995 -1.17098 0
      vertex 1.0995 -1.42902 0
    endloop
  endfacet
  facet normal 0 0 -1
    outer loop
      vertex 0.98422 -1.57137 0
      vertex 0.98422 -1.02862 0
      vertex 1.0995 -1.17098 0
    endloop
  endfacet
  facet normal 0 0 -1
    outer loop
      vertex 0.884455 -1.725 0
      vertex 0.98422 -1.02862 0
      vertex 0.98422 -1.57137 0
    endloop
  endfacet
  facet normal 0 0 -1
    outer loop
      vertex 0.884455 -1.725 0
      vertex 0.884455 -0.875 0
      vertex 0.98422 -1.02862 0
    endloop
  endfacet
  facet normal 0 0 -1
    outer loop
      vertex 0.735651 -2.05922 0
      vertex -0.735651 -2.05922 0
      vertex 0.801295 -1.88821 0
    endloop
  endfacet
  facet normal 0 0 -1
    outer loop
      vertex -0.801295 -1.88821 0
      vertex 0.801295 -1.88821 0
      vertex -0.735651 -2.05922 0
    endloop
  endfacet
  facet normal 0 0 -1
    outer loop
      vertex 0.688241 -2.23615 0
      vertex -0.688241 -2.23615 0
      vertex 0.735651 -2.05922 0
    endloop
  endfacet
  facet normal 0 0 -1
    outer loop
      vertex -0.735651 -2.05922 0
      vertex 0.735651 -2.05922 0
      vertex -0.688241 -2.23615 0
    endloop
  endfacet
  facet normal 0 0 -1
    outer loop
      vertex -0.688241 -2.23615 0
      vertex 0.688241 -2.23615 0
      vertex -0.659586 -2.41708 0
    endloop
  endfacet
  facet normal 0 0 -1
    outer loop
      vertex 0.801295 -0.711788 0
      vertex -0.65 0 0
      vertex 0.735651 -0.540779 0
    endloop
  endfacet
  facet normal 0 0 -1
    outer loop
      vertex -0.659586 -2.41708 0
      vertex 0.688241 -2.23615 0
      vertex 0.659586 -2.41708 0
    endloop
  endfacet
  facet normal 0 0 -1
    outer loop
      vertex 0.735651 -0.540779 0
      vertex -0.65 0 0
      vertex 0.688241 -0.363845 0
    endloop
  endfacet
  facet normal 0 0 -1
    outer loop
      vertex -0.659586 -2.41708 0
      vertex 0.659586 -2.41708 0
      vertex 0.65 -2.6 0
    endloop
  endfacet
  facet normal 0 0 -1
    outer loop
      vertex 0.688241 -0.363845 0
      vertex -0.65 0 0
      vertex 0.659586 -0.182924 0
    endloop
  endfacet
  facet normal 0 0 -1
    outer loop
      vertex 1.0995 1.17098 0
      vertex 1.0995 1.42902 0
      vertex 1.22852 1.3 0
    endloop
  endfacet
  facet normal 0 0 -1
    outer loop
      vertex 0.98422 1.02862 0
      vertex 1.0995 1.42902 0
      vertex 1.0995 1.17098 0
    endloop
  endfacet
  facet normal 0 0 -1
    outer loop
      vertex 0.98422 1.02862 0
      vertex 0.98422 1.57137 0
      vertex 1.0995 1.42902 0
    endloop
  endfacet
  facet normal 0 0 -1
    outer loop
      vertex 0.884455 0.875 0
      vertex 0.98422 1.57137 0
      vertex 0.98422 1.02862 0
    endloop
  endfacet
  facet normal 0 0 -1
    outer loop
      vertex 0.884455 0.875 0
      vertex 0.884455 1.725 0
      vertex 0.98422 1.57137 0
    endloop
  endfacet
  facet normal 0 0 -1
    outer loop
      vertex 0.735651 0.540779 0
      vertex -0.735651 0.540779 0
      vertex 0.801295 0.711788 0
    endloop
  endfacet
  facet normal 0 0 -1
    outer loop
      vertex -0.801295 0.711788 0
      vertex 0.801295 0.711788 0
      vertex -0.735651 0.540779 0
    endloop
  endfacet
  facet normal 0 0 -1
    outer loop
      vertex 0.688241 0.363845 0
      vertex -0.688241 0.363845 0
      vertex 0.735651 0.540779 0
    endloop
  endfacet
  facet normal 0 0 -1
    outer loop
      vertex -0.735651 0.540779 0
      vertex 0.735651 0.540779 0
      vertex -0.688241 0.363845 0
    endloop
  endfacet
  facet normal 0 0 -1
    outer loop
      vertex -0.688241 0.363845 0
      vertex 0.688241 0.363845 0
      vertex -0.659586 0.182924 0
    endloop
  endfacet
  facet normal 0 0 -1
    outer loop
      vertex 0.801295 0.711788 0
      vertex -0.801295 0.711788 0
      vertex 0.884455 0.875 0
    endloop
  endfacet
  facet normal 0 0 -1
    outer loop
      vertex -0.659586 0.182924 0
      vertex 0.688241 0.363845 0
      vertex 0.659586 0.182924 0
    endloop
  endfacet
  facet normal 0 0 -1
    outer loop
      vertex 0.801295 1.88821 0
      vertex -0.65 2.6 0
      vertex 0.735651 2.05922 0
    endloop
  endfacet
  facet normal 0 0 -1
    outer loop
      vertex -0.659586 0.182924 0
      vertex 0.659586 0.182924 0
      vertex 0.65 0 0
    endloop
  endfacet
  facet normal 0 0 -1
    outer loop
      vertex 0.735651 2.05922 0
      vertex -0.65 2.6 0
      vertex 0.688241 2.23615 0
    endloop
  endfacet
  facet normal 0 0 -1
    outer loop
      vertex -3.7005 -1.42902 0
      vertex -3.7005 -1.17098 0
      vertex -3.57148 -1.3 0
    endloop
  endfacet
  facet normal 0 0 -1
    outer loop
      vertex -3.81578 -1.57137 0
      vertex -3.7005 -1.17098 0
      vertex -3.7005 -1.42902 0
    endloop
  endfacet
  facet normal 0 0 -1
    outer loop
      vertex -3.81578 -1.57137 0
      vertex -3.81578 -1.02862 0
      vertex -3.7005 -1.17098 0
    endloop
  endfacet
  facet normal 0 0 -1
    outer loop
      vertex -3.91554 -1.725 0
      vertex -3.81578 -1.02862 0
      vertex -3.81578 -1.57137 0
    endloop
  endfacet
  facet normal 0 0 -1
    outer loop
      vertex -3.91554 -1.725 0
      vertex -3.91554 -0.875 0
      vertex -3.81578 -1.02862 0
    endloop
  endfacet
  facet normal 0 0 -1
    outer loop
      vertex -3.9987 -1.88821 0
      vertex -3.91554 -0.875 0
      vertex -3.91554 -1.725 0
    endloop
  endfacet
  facet normal 0 0 -1
    outer loop
      vertex -3.9987 -1.88821 0
      vertex -3.9987 -0.711788 0
      vertex -3.91554 -0.875 0
    endloop
  endfacet
  facet normal 0 0 -1
    outer loop
      vertex -4.06435 -2.05922 0
      vertex -3.9987 -0.711788 0
      vertex -3.9987 -1.88821 0
    endloop
  endfacet
  facet normal 0 0 -1
    outer loop
      vertex -4.06435 -2.05922 0
      vertex -4.06435 -0.540779 0
      vertex -3.9987 -0.711788 0
    endloop
  endfacet
  facet normal 0 0 -1
    outer loop
      vertex -4.11176 -2.23615 0
      vertex -4.06435 -0.540779 0
      vertex -4.06435 -2.05922 0
    endloop
  endfacet
  facet normal 0 0 -1
    outer loop
      vertex -4.11176 -2.23615 0
      vertex -4.11176 -0.363845 0
      vertex -4.06435 -0.540779 0
    endloop
  endfacet
  facet normal 0 0 -1
    outer loop
      vertex -4.14041 -2.41708 0
      vertex -4.11176 -0.363845 0
      vertex -4.11176 -2.23615 0
    endloop
  endfacet
  facet normal 0 0 -1
    outer loop
      vertex -4.14041 -2.41708 0
      vertex -4.14041 -0.182924 0
      vertex -4.11176 -0.363845 0
    endloop
  endfacet
  facet normal 0 0 -1
    outer loop
      vertex -14.0632 -13.9596 0
      vertex -3.7005 -3.77098 0
      vertex -13.9596 -14.0632 0
    endloop
  endfacet
  facet normal -0 0 -1
    outer loop
      vertex -3.7005 -3.77098 0
      vertex -14.0632 -13.9596 0
      vertex -3.81578 -3.62862 0
    endloop
  endfacet
  facet normal 0 0 -1
    outer loop
      vertex -3.7005 1.17098 0
      vertex -3.7005 1.42902 0
      vertex -3.57148 1.3 0
    endloop
  endfacet
  facet normal 0 0 -1
    outer loop
      vertex -3.81578 1.02862 0
      vertex -3.7005 1.42902 0
      vertex -3.7005 1.17098 0
    endloop
  endfacet
  facet normal 0 0 -1
    outer loop
      vertex -3.81578 1.02862 0
      vertex -3.81578 1.57137 0
      vertex -3.7005 1.42902 0
    endloop
  endfacet
  facet normal 0 0 -1
    outer loop
      vertex -3.91554 0.875 0
      vertex -3.81578 1.57137 0
      vertex -3.81578 1.02862 0
    endloop
  endfacet
  facet normal 0 0 -1
    outer loop
      vertex -3.91554 0.875 0
      vertex -3.91554 1.725 0
      vertex -3.81578 1.57137 0
    endloop
  endfacet
  facet normal 0 0 -1
    outer loop
      vertex -3.9987 0.711788 0
      vertex -3.91554 1.725 0
      vertex -3.91554 0.875 0
    endloop
  endfacet
  facet normal 0 0 -1
    outer loop
      vertex -3.9987 0.711788 0
      vertex -3.9987 1.88821 0
      vertex -3.91554 1.725 0
    endloop
  endfacet
  facet normal 0 0 -1
    outer loop
      vertex -4.06435 0.540779 0
      vertex -3.9987 1.88821 0
      vertex -3.9987 0.711788 0
    endloop
  endfacet
  facet normal 0 0 -1
    outer loop
      vertex -4.06435 0.540779 0
      vertex -4.06435 2.05922 0
      vertex -3.9987 1.88821 0
    endloop
  endfacet
  facet normal 0 0 -1
    outer loop
      vertex -4.11176 0.363845 0
      vertex -4.06435 2.05922 0
      vertex -4.06435 0.540779 0
    endloop
  endfacet
  facet normal 0 0 -1
    outer loop
      vertex -4.11176 0.363845 0
      vertex -4.11176 2.23615 0
      vertex -4.06435 2.05922 0
    endloop
  endfacet
  facet normal 0 0 -1
    outer loop
      vertex -4.14041 0.182924 0
      vertex -4.11176 2.23615 0
      vertex -4.11176 0.363845 0
    endloop
  endfacet
  facet normal 0 0 -1
    outer loop
      vertex -4.14041 0.182924 0
      vertex -4.14041 2.41708 0
      vertex -4.11176 2.23615 0
    endloop
  endfacet
  facet normal 0 0 -1
    outer loop
      vertex -4.15 0 0
      vertex -4.14041 2.41708 0
      vertex -4.14041 0.182924 0
    endloop
  endfacet
  facet normal -0 0 -1
    outer loop
      vertex -4.14041 2.41708 0
      vertex -4.15 0 0
      vertex -4.15 2.6 0
    endloop
  endfacet
  facet normal -0.998619 0.0525338 0
    outer loop
      vertex -17 15 0
      vertex -16.989 15.2091 1.5
      vertex -16.989 15.2091 0
    endloop
  endfacet
  facet normal -0.998619 0.0525338 0
    outer loop
      vertex -16.989 15.2091 1.5
      vertex -17 15 0
      vertex -17 15 1.5
    endloop
  endfacet
  facet normal 1 0 0
    outer loop
      vertex 17 13.5027 3
      vertex 17 -13.5027 3
      vertex 17 13.5027 1.5
    endloop
  endfacet
  facet normal 1 -0 0
    outer loop
      vertex 17 13.5027 1.5
      vertex 17 15 0
      vertex 17 15 1.5
    endloop
  endfacet
  facet normal 1 0 0
    outer loop
      vertex 17 -13.5027 1.5
      vertex 17 13.5027 1.5
      vertex 17 -13.5027 3
    endloop
  endfacet
  facet normal 1 0 0
    outer loop
      vertex 17 13.5027 1.5
      vertex 17 -13.5027 1.5
      vertex 17 15 0
    endloop
  endfacet
  facet normal 1 0 0
    outer loop
      vertex 17 -15 0
      vertex 17 -13.5027 1.5
      vertex 17 -15 1.5
    endloop
  endfacet
  facet normal 1 0 0
    outer loop
      vertex 17 -13.5027 1.5
      vertex 17 -15 0
      vertex 17 15 0
    endloop
  endfacet
  facet normal 0.998619 -0.0525338 0
    outer loop
      vertex 16.989 -15.2091 1.5
      vertex 17 -15 0
      vertex 17 -15 1.5
    endloop
  endfacet
  facet normal 0.998619 -0.0525338 0
    outer loop
      vertex 17 -15 0
      vertex 16.989 -15.2091 1.5
      vertex 16.989 -15.2091 0
    endloop
  endfacet
  facet normal -0.0525338 -0.998619 0
    outer loop
      vertex -15.2091 -16.989 0
      vertex -15 -17 1.5
      vertex -15.2091 -16.989 1.5
    endloop
  endfacet
  facet normal -0.0525338 -0.998619 -0
    outer loop
      vertex -15 -17 1.5
      vertex -15.2091 -16.989 0
      vertex -15 -17 0
    endloop
  endfacet
  facet normal -0.258911 0.965901 0
    outer loop
      vertex -15.4158 16.9563 0
      vertex -15.618 16.9021 1.5
      vertex -15.4158 16.9563 1.5
    endloop
  endfacet
  facet normal -0.258911 0.965901 0
    outer loop
      vertex -15.618 16.9021 1.5
      vertex -15.4158 16.9563 0
      vertex -15.618 16.9021 0
    endloop
  endfacet
  facet normal 0.0525338 0.998619 -0
    outer loop
      vertex 15.2091 16.989 0
      vertex 15 17 1.5
      vertex 15.2091 16.989 1.5
    endloop
  endfacet
  facet normal 0.0525338 0.998619 0
    outer loop
      vertex 15 17 1.5
      vertex 15.2091 16.989 0
      vertex 15 17 0
    endloop
  endfacet
  facet normal -0.890864 0.454269 0
    outer loop
      vertex -16.8271 15.8135 0
      vertex -16.732 16 1.5
      vertex -16.732 16 0
    endloop
  endfacet
  facet normal -0.890864 0.454269 0
    outer loop
      vertex -16.732 16 1.5
      vertex -16.8271 15.8135 0
      vertex -16.8271 15.8135 1.5
    endloop
  endfacet
  facet normal 0.987716 -0.156257 0
    outer loop
      vertex 16.9563 -15.4158 1.5
      vertex 16.989 -15.2091 0
      vertex 16.989 -15.2091 1.5
    endloop
  endfacet
  facet normal 0.987716 -0.156257 0
    outer loop
      vertex 16.989 -15.2091 0
      vertex 16.9563 -15.4158 1.5
      vertex 16.9563 -15.4158 0
    endloop
  endfacet
  facet normal -0.629171 -0.777267 0
    outer loop
      vertex -16.3383 -16.4863 0
      vertex -16.1756 -16.618 1.5
      vertex -16.3383 -16.4863 1.5
    endloop
  endfacet
  facet normal -0.629171 -0.777267 -0
    outer loop
      vertex -16.1756 -16.618 1.5
      vertex -16.3383 -16.4863 0
      vertex -16.1756 -16.618 0
    endloop
  endfacet
  facet normal 0.777267 0.629171 0
    outer loop
      vertex 16.618 16.1756 1.5
      vertex 16.4863 16.3383 0
      vertex 16.4863 16.3383 1.5
    endloop
  endfacet
  facet normal 0.777267 0.629171 0
    outer loop
      vertex 16.4863 16.3383 0
      vertex 16.618 16.1756 1.5
      vertex 16.618 16.1756 0
    endloop
  endfacet
  facet normal -0.987716 0.156257 0
    outer loop
      vertex -16.989 15.2091 0
      vertex -16.9563 15.4158 1.5
      vertex -16.9563 15.4158 0
    endloop
  endfacet
  facet normal -0.987716 0.156257 0
    outer loop
      vertex -16.9563 15.4158 1.5
      vertex -16.989 15.2091 0
      vertex -16.989 15.2091 1.5
    endloop
  endfacet
  facet normal -0.965901 0.258911 0
    outer loop
      vertex -16.9563 15.4158 0
      vertex -16.9021 15.618 1.5
      vertex -16.9021 15.618 0
    endloop
  endfacet
  facet normal -0.965901 0.258911 0
    outer loop
      vertex -16.9021 15.618 1.5
      vertex -16.9563 15.4158 0
      vertex -16.9563 15.4158 1.5
    endloop
  endfacet
  facet normal -0.933653 0.358179 0
    outer loop
      vertex -16.9021 15.618 0
      vertex -16.8271 15.8135 1.5
      vertex -16.8271 15.8135 0
    endloop
  endfacet
  facet normal -0.933653 0.358179 0
    outer loop
      vertex -16.8271 15.8135 1.5
      vertex -16.9021 15.618 0
      vertex -16.9021 15.618 1.5
    endloop
  endfacet
  facet normal -0.838749 0.544518 0
    outer loop
      vertex -16.732 16 0
      vertex -16.618 16.1756 1.5
      vertex -16.618 16.1756 0
    endloop
  endfacet
  facet normal -0.838749 0.544518 0
    outer loop
      vertex -16.618 16.1756 1.5
      vertex -16.732 16 0
      vertex -16.732 16 1.5
    endloop
  endfacet
  facet normal -0.777267 0.629171 0
    outer loop
      vertex -16.618 16.1756 0
      vertex -16.4863 16.3383 1.5
      vertex -16.4863 16.3383 0
    endloop
  endfacet
  facet normal -0.777267 0.629171 0
    outer loop
      vertex -16.4863 16.3383 1.5
      vertex -16.618 16.1756 0
      vertex -16.618 16.1756 1.5
    endloop
  endfacet
  facet normal -0.707107 0.707107 0
    outer loop
      vertex -16.4863 16.3383 0
      vertex -16.3383 16.4863 1.5
      vertex -16.3383 16.4863 0
    endloop
  endfacet
  facet normal -0.707107 0.707107 0
    outer loop
      vertex -16.3383 16.4863 1.5
      vertex -16.4863 16.3383 0
      vertex -16.4863 16.3383 1.5
    endloop
  endfacet
  facet normal 0.838749 -0.544518 0
    outer loop
      vertex 16.618 -16.1756 1.5
      vertex 16.732 -16 0
      vertex 16.732 -16 1.5
    endloop
  endfacet
  facet normal 0.838749 -0.544518 0
    outer loop
      vertex 16.732 -16 0
      vertex 16.618 -16.1756 1.5
      vertex 16.618 -16.1756 0
    endloop
  endfacet
  facet normal 0.890864 -0.454269 0
    outer loop
      vertex 16.732 -16 1.5
      vertex 16.8271 -15.8135 0
      vertex 16.8271 -15.8135 1.5
    endloop
  endfacet
  facet normal 0.890864 -0.454269 0
    outer loop
      vertex 16.8271 -15.8135 0
      vertex 16.732 -16 1.5
      vertex 16.732 -16 0
    endloop
  endfacet
  facet normal 0.933653 -0.358179 0
    outer loop
      vertex 16.8271 -15.8135 1.5
      vertex 16.9021 -15.618 0
      vertex 16.9021 -15.618 1.5
    endloop
  endfacet
  facet normal 0.933653 -0.358179 0
    outer loop
      vertex 16.9021 -15.618 0
      vertex 16.8271 -15.8135 1.5
      vertex 16.8271 -15.8135 0
    endloop
  endfacet
  facet normal 0.965901 -0.258911 0
    outer loop
      vertex 16.9021 -15.618 1.5
      vertex 16.9563 -15.4158 0
      vertex 16.9563 -15.4158 1.5
    endloop
  endfacet
  facet normal 0.965901 -0.258911 0
    outer loop
      vertex 16.9563 -15.4158 0
      vertex 16.9021 -15.618 1.5
      vertex 16.9021 -15.618 0
    endloop
  endfacet
  facet normal -0.258911 -0.965901 0
    outer loop
      vertex -15.618 -16.9021 0
      vertex -15.4158 -16.9563 1.5
      vertex -15.618 -16.9021 1.5
    endloop
  endfacet
  facet normal -0.258911 -0.965901 -0
    outer loop
      vertex -15.4158 -16.9563 1.5
      vertex -15.618 -16.9021 0
      vertex -15.4158 -16.9563 0
    endloop
  endfacet
  facet normal -0.629171 0.777267 0
    outer loop
      vertex -16.1756 16.618 0
      vertex -16.3383 16.4863 1.5
      vertex -16.1756 16.618 1.5
    endloop
  endfacet
  facet normal -0.629171 0.777267 0
    outer loop
      vertex -16.3383 16.4863 1.5
      vertex -16.1756 16.618 0
      vertex -16.3383 16.4863 0
    endloop
  endfacet
  facet normal 0.358179 0.933653 -0
    outer loop
      vertex 15.8135 16.8271 0
      vertex 15.618 16.9021 1.5
      vertex 15.8135 16.8271 1.5
    endloop
  endfacet
  facet normal 0.358179 0.933653 0
    outer loop
      vertex 15.618 16.9021 1.5
      vertex 15.8135 16.8271 0
      vertex 15.618 16.9021 0
    endloop
  endfacet
  facet normal 0.258911 0.965901 -0
    outer loop
      vertex 15.618 16.9021 0
      vertex 15.4158 16.9563 1.5
      vertex 15.618 16.9021 1.5
    endloop
  endfacet
  facet normal 0.258911 0.965901 0
    outer loop
      vertex 15.4158 16.9563 1.5
      vertex 15.618 16.9021 0
      vertex 15.4158 16.9563 0
    endloop
  endfacet
  facet normal 0.838749 0.544518 0
    outer loop
      vertex 16.732 16 1.5
      vertex 16.618 16.1756 0
      vertex 16.618 16.1756 1.5
    endloop
  endfacet
  facet normal 0.838749 0.544518 0
    outer loop
      vertex 16.618 16.1756 0
      vertex 16.732 16 1.5
      vertex 16.732 16 0
    endloop
  endfacet
  facet normal 0.707107 0.707107 0
    outer loop
      vertex 16.4863 16.3383 1.5
      vertex 16.3383 16.4863 0
      vertex 16.3383 16.4863 1.5
    endloop
  endfacet
  facet normal 0.707107 0.707107 0
    outer loop
      vertex 16.3383 16.4863 0
      vertex 16.4863 16.3383 1.5
      vertex 16.4863 16.3383 0
    endloop
  endfacet
  facet normal 0.777267 -0.629171 0
    outer loop
      vertex 16.4863 -16.3383 1.5
      vertex 16.618 -16.1756 0
      vertex 16.618 -16.1756 1.5
    endloop
  endfacet
  facet normal 0.777267 -0.629171 0
    outer loop
      vertex 16.618 -16.1756 0
      vertex 16.4863 -16.3383 1.5
      vertex 16.4863 -16.3383 0
    endloop
  endfacet
  facet normal 0.258911 -0.965901 0
    outer loop
      vertex 15.4158 -16.9563 0
      vertex 15.618 -16.9021 1.5
      vertex 15.4158 -16.9563 1.5
    endloop
  endfacet
  facet normal 0.258911 -0.965901 0
    outer loop
      vertex 15.618 -16.9021 1.5
      vertex 15.4158 -16.9563 0
      vertex 15.618 -16.9021 0
    endloop
  endfacet
  facet normal 0.156257 -0.987716 0
    outer loop
      vertex 15.2091 -16.989 0
      vertex 15.4158 -16.9563 1.5
      vertex 15.2091 -16.989 1.5
    endloop
  endfacet
  facet normal 0.156257 -0.987716 0
    outer loop
      vertex 15.4158 -16.9563 1.5
      vertex 15.2091 -16.989 0
      vertex 15.4158 -16.9563 0
    endloop
  endfacet
  facet normal 0.544518 -0.838749 0
    outer loop
      vertex 16 -16.732 0
      vertex 16.1756 -16.618 1.5
      vertex 16 -16.732 1.5
    endloop
  endfacet
  facet normal 0.544518 -0.838749 0
    outer loop
      vertex 16.1756 -16.618 1.5
      vertex 16 -16.732 0
      vertex 16.1756 -16.618 0
    endloop
  endfacet
  facet normal 0.454269 -0.890864 0
    outer loop
      vertex 15.8135 -16.8271 0
      vertex 16 -16.732 1.5
      vertex 15.8135 -16.8271 1.5
    endloop
  endfacet
  facet normal 0.454269 -0.890864 0
    outer loop
      vertex 16 -16.732 1.5
      vertex 15.8135 -16.8271 0
      vertex 16 -16.732 0
    endloop
  endfacet
  facet normal 0.629171 -0.777267 0
    outer loop
      vertex 16.1756 -16.618 0
      vertex 16.3383 -16.4863 1.5
      vertex 16.1756 -16.618 1.5
    endloop
  endfacet
  facet normal 0.629171 -0.777267 0
    outer loop
      vertex 16.3383 -16.4863 1.5
      vertex 16.1756 -16.618 0
      vertex 16.3383 -16.4863 0
    endloop
  endfacet
  facet normal -0.777267 -0.629171 0
    outer loop
      vertex -16.4863 -16.3383 0
      vertex -16.618 -16.1756 1.5
      vertex -16.618 -16.1756 0
    endloop
  endfacet
  facet normal -0.777267 -0.629171 0
    outer loop
      vertex -16.618 -16.1756 1.5
      vertex -16.4863 -16.3383 0
      vertex -16.4863 -16.3383 1.5
    endloop
  endfacet
  facet normal -0.156257 0.987716 0
    outer loop
      vertex -15.2091 16.989 0
      vertex -15.4158 16.9563 1.5
      vertex -15.2091 16.989 1.5
    endloop
  endfacet
  facet normal -0.156257 0.987716 0
    outer loop
      vertex -15.4158 16.9563 1.5
      vertex -15.2091 16.989 0
      vertex -15.4158 16.9563 0
    endloop
  endfacet
  facet normal -0.0525338 0.998619 0
    outer loop
      vertex -15 17 0
      vertex -15.2091 16.989 1.5
      vertex -15 17 1.5
    endloop
  endfacet
  facet normal -0.0525338 0.998619 0
    outer loop
      vertex -15.2091 16.989 1.5
      vertex -15 17 0
      vertex -15.2091 16.989 0
    endloop
  endfacet
  facet normal -0.454269 0.890864 0
    outer loop
      vertex -15.8135 16.8271 0
      vertex -16 16.732 1.5
      vertex -15.8135 16.8271 1.5
    endloop
  endfacet
  facet normal -0.454269 0.890864 0
    outer loop
      vertex -16 16.732 1.5
      vertex -15.8135 16.8271 0
      vertex -16 16.732 0
    endloop
  endfacet
  facet normal -0.358179 0.933653 0
    outer loop
      vertex -15.618 16.9021 0
      vertex -15.8135 16.8271 1.5
      vertex -15.618 16.9021 1.5
    endloop
  endfacet
  facet normal -0.358179 0.933653 0
    outer loop
      vertex -15.8135 16.8271 1.5
      vertex -15.618 16.9021 0
      vertex -15.8135 16.8271 0
    endloop
  endfacet
  facet normal -0.544518 0.838749 0
    outer loop
      vertex -16 16.732 0
      vertex -16.1756 16.618 1.5
      vertex -16 16.732 1.5
    endloop
  endfacet
  facet normal -0.544518 0.838749 0
    outer loop
      vertex -16.1756 16.618 1.5
      vertex -16 16.732 0
      vertex -16.1756 16.618 0
    endloop
  endfacet
  facet normal 0.544518 0.838749 -0
    outer loop
      vertex 16.1756 16.618 0
      vertex 16 16.732 1.5
      vertex 16.1756 16.618 1.5
    endloop
  endfacet
  facet normal 0.544518 0.838749 0
    outer loop
      vertex 16 16.732 1.5
      vertex 16.1756 16.618 0
      vertex 16 16.732 0
    endloop
  endfacet
  facet normal 0.629171 0.777267 -0
    outer loop
      vertex 16.3383 16.4863 0
      vertex 16.1756 16.618 1.5
      vertex 16.3383 16.4863 1.5
    endloop
  endfacet
  facet normal 0.629171 0.777267 0
    outer loop
      vertex 16.1756 16.618 1.5
      vertex 16.3383 16.4863 0
      vertex 16.1756 16.618 0
    endloop
  endfacet
  facet normal 0.156257 0.987716 -0
    outer loop
      vertex 15.4158 16.9563 0
      vertex 15.2091 16.989 1.5
      vertex 15.4158 16.9563 1.5
    endloop
  endfacet
  facet normal 0.156257 0.987716 0
    outer loop
      vertex 15.2091 16.989 1.5
      vertex 15.4158 16.9563 0
      vertex 15.2091 16.989 0
    endloop
  endfacet
  facet normal 0.933653 0.358179 0
    outer loop
      vertex 16.9021 15.618 1.5
      vertex 16.8271 15.8135 0
      vertex 16.8271 15.8135 1.5
    endloop
  endfacet
  facet normal 0.933653 0.358179 0
    outer loop
      vertex 16.8271 15.8135 0
      vertex 16.9021 15.618 1.5
      vertex 16.9021 15.618 0
    endloop
  endfacet
  facet normal 0.890864 0.454269 0
    outer loop
      vertex 16.8271 15.8135 1.5
      vertex 16.732 16 0
      vertex 16.732 16 1.5
    endloop
  endfacet
  facet normal 0.890864 0.454269 0
    outer loop
      vertex 16.732 16 0
      vertex 16.8271 15.8135 1.5
      vertex 16.8271 15.8135 0
    endloop
  endfacet
  facet normal 0.965901 0.258911 0
    outer loop
      vertex 16.9563 15.4158 1.5
      vertex 16.9021 15.618 0
      vertex 16.9021 15.618 1.5
    endloop
  endfacet
  facet normal 0.965901 0.258911 0
    outer loop
      vertex 16.9021 15.618 0
      vertex 16.9563 15.4158 1.5
      vertex 16.9563 15.4158 0
    endloop
  endfacet
  facet normal 0.987716 0.156257 0
    outer loop
      vertex 16.989 15.2091 1.5
      vertex 16.9563 15.4158 0
      vertex 16.9563 15.4158 1.5
    endloop
  endfacet
  facet normal 0.987716 0.156257 0
    outer loop
      vertex 16.9563 15.4158 0
      vertex 16.989 15.2091 1.5
      vertex 16.989 15.2091 0
    endloop
  endfacet
  facet normal 0.998619 0.0525338 0
    outer loop
      vertex 17 15 1.5
      vertex 16.989 15.2091 0
      vertex 16.989 15.2091 1.5
    endloop
  endfacet
  facet normal 0.998619 0.0525338 0
    outer loop
      vertex 16.989 15.2091 0
      vertex 17 15 1.5
      vertex 17 15 0
    endloop
  endfacet
  facet normal -0.707107 -0.707107 0
    outer loop
      vertex -16.3383 -16.4863 0
      vertex -16.4863 -16.3383 1.5
      vertex -16.4863 -16.3383 0
    endloop
  endfacet
  facet normal -0.707107 -0.707107 0
    outer loop
      vertex -16.4863 -16.3383 1.5
      vertex -16.3383 -16.4863 0
      vertex -16.3383 -16.4863 1.5
    endloop
  endfacet
  facet normal -0.156257 -0.987716 0
    outer loop
      vertex -15.4158 -16.9563 0
      vertex -15.2091 -16.989 1.5
      vertex -15.4158 -16.9563 1.5
    endloop
  endfacet
  facet normal -0.156257 -0.987716 -0
    outer loop
      vertex -15.2091 -16.989 1.5
      vertex -15.4158 -16.9563 0
      vertex -15.2091 -16.989 0
    endloop
  endfacet
  facet normal -0.454269 -0.890864 0
    outer loop
      vertex -16 -16.732 0
      vertex -15.8135 -16.8271 1.5
      vertex -16 -16.732 1.5
    endloop
  endfacet
  facet normal -0.454269 -0.890864 -0
    outer loop
      vertex -15.8135 -16.8271 1.5
      vertex -16 -16.732 0
      vertex -15.8135 -16.8271 0
    endloop
  endfacet
  facet normal -0.544518 -0.838749 0
    outer loop
      vertex -16.1756 -16.618 0
      vertex -16 -16.732 1.5
      vertex -16.1756 -16.618 1.5
    endloop
  endfacet
  facet normal -0.544518 -0.838749 -0
    outer loop
      vertex -16 -16.732 1.5
      vertex -16.1756 -16.618 0
      vertex -16 -16.732 0
    endloop
  endfacet
  facet normal 0.454269 0.890864 -0
    outer loop
      vertex 16 16.732 0
      vertex 15.8135 16.8271 1.5
      vertex 16 16.732 1.5
    endloop
  endfacet
  facet normal 0.454269 0.890864 0
    outer loop
      vertex 15.8135 16.8271 1.5
      vertex 16 16.732 0
      vertex 15.8135 16.8271 0
    endloop
  endfacet
  facet normal -0.933653 -0.358179 0
    outer loop
      vertex -16.8271 -15.8135 0
      vertex -16.9021 -15.618 1.5
      vertex -16.9021 -15.618 0
    endloop
  endfacet
  facet normal -0.933653 -0.358179 0
    outer loop
      vertex -16.9021 -15.618 1.5
      vertex -16.8271 -15.8135 0
      vertex -16.8271 -15.8135 1.5
    endloop
  endfacet
  facet normal -0.838749 -0.544518 0
    outer loop
      vertex -16.618 -16.1756 0
      vertex -16.732 -16 1.5
      vertex -16.732 -16 0
    endloop
  endfacet
  facet normal -0.838749 -0.544518 0
    outer loop
      vertex -16.732 -16 1.5
      vertex -16.618 -16.1756 0
      vertex -16.618 -16.1756 1.5
    endloop
  endfacet
  facet normal -0.890864 -0.454269 0
    outer loop
      vertex -16.732 -16 0
      vertex -16.8271 -15.8135 1.5
      vertex -16.8271 -15.8135 0
    endloop
  endfacet
  facet normal -0.890864 -0.454269 0
    outer loop
      vertex -16.8271 -15.8135 1.5
      vertex -16.732 -16 0
      vertex -16.732 -16 1.5
    endloop
  endfacet
  facet normal -0.358179 -0.933653 0
    outer loop
      vertex -15.8135 -16.8271 0
      vertex -15.618 -16.9021 1.5
      vertex -15.8135 -16.8271 1.5
    endloop
  endfacet
  facet normal -0.358179 -0.933653 -0
    outer loop
      vertex -15.618 -16.9021 1.5
      vertex -15.8135 -16.8271 0
      vertex -15.618 -16.9021 0
    endloop
  endfacet
  facet normal -0.965901 -0.258911 0
    outer loop
      vertex -16.9021 -15.618 0
      vertex -16.9563 -15.4158 1.5
      vertex -16.9563 -15.4158 0
    endloop
  endfacet
  facet normal -0.965901 -0.258911 0
    outer loop
      vertex -16.9563 -15.4158 1.5
      vertex -16.9021 -15.618 0
      vertex -16.9021 -15.618 1.5
    endloop
  endfacet
  facet normal -0.987716 -0.156257 0
    outer loop
      vertex -16.9563 -15.4158 0
      vertex -16.989 -15.2091 1.5
      vertex -16.989 -15.2091 0
    endloop
  endfacet
  facet normal -0.987716 -0.156257 0
    outer loop
      vertex -16.989 -15.2091 1.5
      vertex -16.9563 -15.4158 0
      vertex -16.9563 -15.4158 1.5
    endloop
  endfacet
  facet normal -0.0525338 -0.998619 0
    outer loop
      vertex 12 14 2.2
      vertex 12.2091 13.989 3
      vertex 12 14 3
    endloop
  endfacet
  facet normal -0.0525338 -0.998619 -0
    outer loop
      vertex 12.2091 13.989 3
      vertex 12 14 2.2
      vertex 12.2091 13.989 2.2
    endloop
  endfacet
  facet normal 0 1 -0
    outer loop
      vertex 12 -14 2.2
      vertex -12 -14 3
      vertex 12 -14 3
    endloop
  endfacet
  facet normal 0 1 0
    outer loop
      vertex -12 -14 3
      vertex 12 -14 2.2
      vertex -12 -14 2.2
    endloop
  endfacet
  facet normal -1 0 0
    outer loop
      vertex 14 -12 2.2
      vertex 14 12 3
      vertex 14 12 2.2
    endloop
  endfacet
  facet normal -1 -0 0
    outer loop
      vertex 14 12 3
      vertex 14 -12 2.2
      vertex 14 -12 3
    endloop
  endfacet
  facet normal -0.998619 0.0525338 0
    outer loop
      vertex 13.989 -12.2091 2.2
      vertex 14 -12 3
      vertex 14 -12 2.2
    endloop
  endfacet
  facet normal -0.998619 0.0525338 0
    outer loop
      vertex 14 -12 3
      vertex 13.989 -12.2091 2.2
      vertex 13.989 -12.2091 3
    endloop
  endfacet
  facet normal -0.965901 0.258911 0
    outer loop
      vertex 13.9021 -12.618 2.2
      vertex 13.9563 -12.4158 3
      vertex 13.9563 -12.4158 2.2
    endloop
  endfacet
  facet normal -0.965901 0.258911 0
    outer loop
      vertex 13.9563 -12.4158 3
      vertex 13.9021 -12.618 2.2
      vertex 13.9021 -12.618 3
    endloop
  endfacet
  facet normal -0.998619 -0.0525338 0
    outer loop
      vertex 14 12 2.2
      vertex 13.989 12.2091 3
      vertex 13.989 12.2091 2.2
    endloop
  endfacet
  facet normal -0.998619 -0.0525338 0
    outer loop
      vertex 13.989 12.2091 3
      vertex 14 12 2.2
      vertex 14 12 3
    endloop
  endfacet
  facet normal 0.987716 -0.156257 0
    outer loop
      vertex -13.989 12.2091 3
      vertex -13.9563 12.4158 2.2
      vertex -13.9563 12.4158 3
    endloop
  endfacet
  facet normal 0.987716 -0.156257 0
    outer loop
      vertex -13.9563 12.4158 2.2
      vertex -13.989 12.2091 3
      vertex -13.989 12.2091 2.2
    endloop
  endfacet
  facet normal 0.998619 0.0525338 0
    outer loop
      vertex -13.989 -12.2091 3
      vertex -14 -12 2.2
      vertex -14 -12 3
    endloop
  endfacet
  facet normal 0.998619 0.0525338 0
    outer loop
      vertex -14 -12 2.2
      vertex -13.989 -12.2091 3
      vertex -13.989 -12.2091 2.2
    endloop
  endfacet
  facet normal -0.933623 0.358257 0
    outer loop
      vertex 13.8356 -12.7913 2.2
      vertex 13.9021 -12.618 3
      vertex 13.9021 -12.618 2.2
    endloop
  endfacet
  facet normal -0.933623 0.358257 0
    outer loop
      vertex 13.9021 -12.618 3
      vertex 13.8356 -12.7913 2.2
      vertex 13.8356 -12.7913 3
    endloop
  endfacet
  facet normal -0.987716 0.156257 0
    outer loop
      vertex 13.9563 -12.4158 2.2
      vertex 13.989 -12.2091 3
      vertex 13.989 -12.2091 2.2
    endloop
  endfacet
  facet normal -0.987716 0.156257 0
    outer loop
      vertex 13.989 -12.2091 3
      vertex 13.9563 -12.4158 2.2
      vertex 13.9563 -12.4158 3
    endloop
  endfacet
  facet normal -0.987716 -0.156257 0
    outer loop
      vertex 13.989 12.2091 2.2
      vertex 13.9563 12.4158 3
      vertex 13.9563 12.4158 2.2
    endloop
  endfacet
  facet normal -0.987716 -0.156257 0
    outer loop
      vertex 13.9563 12.4158 3
      vertex 13.989 12.2091 2.2
      vertex 13.989 12.2091 3
    endloop
  endfacet
  facet normal -0.965901 -0.258911 0
    outer loop
      vertex 13.9563 12.4158 2.2
      vertex 13.9021 12.618 3
      vertex 13.9021 12.618 2.2
    endloop
  endfacet
  facet normal -0.965901 -0.258911 0
    outer loop
      vertex 13.9021 12.618 3
      vertex 13.9563 12.4158 2.2
      vertex 13.9563 12.4158 3
    endloop
  endfacet
  facet normal -0.0525338 0.998619 0
    outer loop
      vertex 12.2091 -13.989 2.2
      vertex 12 -14 3
      vertex 12.2091 -13.989 3
    endloop
  endfacet
  facet normal -0.0525338 0.998619 0
    outer loop
      vertex 12 -14 3
      vertex 12.2091 -13.989 2.2
      vertex 12 -14 2.2
    endloop
  endfacet
  facet normal 0.998619 -0.0525338 0
    outer loop
      vertex -14 12 3
      vertex -13.989 12.2091 2.2
      vertex -13.989 12.2091 3
    endloop
  endfacet
  facet normal 0.998619 -0.0525338 0
    outer loop
      vertex -13.989 12.2091 2.2
      vertex -14 12 3
      vertex -14 12 2.2
    endloop
  endfacet
  facet normal 1 -0 0
    outer loop
      vertex -14 -12 3
      vertex -14 12 2.2
      vertex -14 12 3
    endloop
  endfacet
  facet normal 1 0 0
    outer loop
      vertex -14 12 2.2
      vertex -14 -12 3
      vertex -14 -12 2.2
    endloop
  endfacet
  facet normal 0 0 1
    outer loop
      vertex 13.5305 12.9775 2.2
      vertex 14 12 2.2
      vertex 13.989 12.2091 2.2
    endloop
  endfacet
  facet normal 0 0 1
    outer loop
      vertex 14 12 2.2
      vertex 3 4.1 2.2
      vertex 14 -12 2.2
    endloop
  endfacet
  facet normal 0 0 1
    outer loop
      vertex 13.5305 12.9775 2.2
      vertex 13.989 12.2091 2.2
      vertex 13.9563 12.4158 2.2
    endloop
  endfacet
  facet normal -0 0 1
    outer loop
      vertex 3 -4.1 2.2
      vertex 14 -12 2.2
      vertex 3 4.1 2.2
    endloop
  endfacet
  facet normal 0 0 1
    outer loop
      vertex 13.5305 12.9775 2.2
      vertex 13.9563 12.4158 2.2
      vertex 13.9021 12.618 2.2
    endloop
  endfacet
  facet normal 0 -0 1
    outer loop
      vertex 12 -14 2.2
      vertex 14 -12 2.2
      vertex 3 -4.1 2.2
    endloop
  endfacet
  facet normal 0 0 1
    outer loop
      vertex 13.75 12.8349 2.2
      vertex 13.9021 12.618 2.2
      vertex 13.8356 12.7913 2.2
    endloop
  endfacet
  facet normal 0 -0 1
    outer loop
      vertex 13.3272 -13.1421 2.2
      vertex 14 -12 2.2
      vertex 12 -14 2.2
    endloop
  endfacet
  facet normal 0 0 1
    outer loop
      vertex 13.5305 12.9775 2.2
      vertex 13.9021 12.618 2.2
      vertex 13.75 12.8349 2.2
    endloop
  endfacet
  facet normal 0 -0 1
    outer loop
      vertex 13.5305 -12.9775 2.2
      vertex 14 -12 2.2
      vertex 13.3272 -13.1421 2.2
    endloop
  endfacet
  facet normal 0 0 1
    outer loop
      vertex 14 12 2.2
      vertex 13.5305 12.9775 2.2
      vertex 13.3272 13.1421 2.2
    endloop
  endfacet
  facet normal 0 0 1
    outer loop
      vertex 13.989 -12.2091 2.2
      vertex 13.5305 -12.9775 2.2
      vertex 13.9563 -12.4158 2.2
    endloop
  endfacet
  facet normal 0 0 1
    outer loop
      vertex 14 12 2.2
      vertex 13.3272 13.1421 2.2
      vertex 12 14 2.2
    endloop
  endfacet
  facet normal 0 0 1
    outer loop
      vertex 13.9021 -12.618 2.2
      vertex 13.75 -12.8349 2.2
      vertex 13.8356 -12.7913 2.2
    endloop
  endfacet
  facet normal 0 0 1
    outer loop
      vertex 12 14 2.2
      vertex 13.3272 13.1421 2.2
      vertex 13.1421 13.3272 2.2
    endloop
  endfacet
  facet normal 0 0 1
    outer loop
      vertex 13.9021 -12.618 2.2
      vertex 13.5305 -12.9775 2.2
      vertex 13.75 -12.8349 2.2
    endloop
  endfacet
  facet normal 0 0 1
    outer loop
      vertex 12 14 2.2
      vertex 13.1421 13.3272 2.2
      vertex 12.9775 13.5305 2.2
    endloop
  endfacet
  facet normal 0 0 1
    outer loop
      vertex 13.9563 -12.4158 2.2
      vertex 13.5305 -12.9775 2.2
      vertex 13.9021 -12.618 2.2
    endloop
  endfacet
  facet normal 0 0 1
    outer loop
      vertex 12.4158 13.9563 2.2
      vertex 12.9775 13.5305 2.2
      vertex 12.8349 13.75 2.2
    endloop
  endfacet
  facet normal 0 0 1
    outer loop
      vertex 14 -12 2.2
      vertex 13.5305 -12.9775 2.2
      vertex 13.989 -12.2091 2.2
    endloop
  endfacet
  facet normal 0 0 1
    outer loop
      vertex 12.618 13.9021 2.2
      vertex 12.8349 13.75 2.2
      vertex 12.7913 13.8356 2.2
    endloop
  endfacet
  facet normal 0 0 1
    outer loop
      vertex 13.3272 -13.1421 2.2
      vertex 12 -14 2.2
      vertex 13.1421 -13.3272 2.2
    endloop
  endfacet
  facet normal 0 0 1
    outer loop
      vertex 12.4158 13.9563 2.2
      vertex 12.8349 13.75 2.2
      vertex 12.618 13.9021 2.2
    endloop
  endfacet
  facet normal 0 0 1
    outer loop
      vertex 13.1421 -13.3272 2.2
      vertex 12 -14 2.2
      vertex 12.9775 -13.5305 2.2
    endloop
  endfacet
  facet normal 0 0 1
    outer loop
      vertex 12.9775 13.5305 2.2
      vertex 12.4158 13.9563 2.2
      vertex 12.2091 13.989 2.2
    endloop
  endfacet
  facet normal 0 -0 1
    outer loop
      vertex 12.2091 -13.989 2.2
      vertex 12.9775 -13.5305 2.2
      vertex 12 -14 2.2
    endloop
  endfacet
  facet normal 0 0 1
    outer loop
      vertex 12.9775 13.5305 2.2
      vertex 12.2091 13.989 2.2
      vertex 12 14 2.2
    endloop
  endfacet
  facet normal 0 -0 1
    outer loop
      vertex 12.4158 -13.9563 2.2
      vertex 12.9775 -13.5305 2.2
      vertex 12.2091 -13.989 2.2
    endloop
  endfacet
  facet normal 0 0 1
    outer loop
      vertex 14 12 2.2
      vertex 12 14 2.2
      vertex 3 4.1 2.2
    endloop
  endfacet
  facet normal 0 0 1
    outer loop
      vertex 12.8349 -13.75 2.2
      vertex 12.618 -13.9021 2.2
      vertex 12.7913 -13.8356 2.2
    endloop
  endfacet
  facet normal 0 0 1
    outer loop
      vertex 12.8349 -13.75 2.2
      vertex 12.4158 -13.9563 2.2
      vertex 12.618 -13.9021 2.2
    endloop
  endfacet
  facet normal 0 0 1
    outer loop
      vertex 12 14 2.2
      vertex 1.8 4.1 2.2
      vertex 3 4.1 2.2
    endloop
  endfacet
  facet normal 0 0 1
    outer loop
      vertex 1.8 4.1 2.2
      vertex -1.8 4.1 2.2
      vertex 1.8 -4.1 2.2
    endloop
  endfacet
  facet normal 0 0 1
    outer loop
      vertex 12 14 2.2
      vertex -1.8 4.1 2.2
      vertex 1.8 4.1 2.2
    endloop
  endfacet
  facet normal -0 0 1
    outer loop
      vertex -12 14 2.2
      vertex -1.8 4.1 2.2
      vertex 12 14 2.2
    endloop
  endfacet
  facet normal -0 0 1
    outer loop
      vertex -14 12 2.2
      vertex -3 4.1 2.2
      vertex -12 14 2.2
    endloop
  endfacet
  facet normal 0 0 1
    outer loop
      vertex -1.8 4.1 2.2
      vertex -12 14 2.2
      vertex -3 4.1 2.2
    endloop
  endfacet
  facet normal 0 0 1
    outer loop
      vertex 12.9775 -13.5305 2.2
      vertex 12.4158 -13.9563 2.2
      vertex 12.8349 -13.75 2.2
    endloop
  endfacet
  facet normal -0 0 1
    outer loop
      vertex 1.8 -4.1 2.2
      vertex 12 -14 2.2
      vertex 3 -4.1 2.2
    endloop
  endfacet
  facet normal 0 0 1
    outer loop
      vertex -1.8 -4.1 2.2
      vertex 1.8 -4.1 2.2
      vertex -1.8 4.1 2.2
    endloop
  endfacet
  facet normal -0 0 1
    outer loop
      vertex -1.8 -4.1 2.2
      vertex 12 -14 2.2
      vertex 1.8 -4.1 2.2
    endloop
  endfacet
  facet normal 0 0 1
    outer loop
      vertex -12 -14 2.2
      vertex -1.8 -4.1 2.2
      vertex -3 -4.1 2.2
    endloop
  endfacet
  facet normal 0 0 1
    outer loop
      vertex -1.8 -4.1 2.2
      vertex -12 -14 2.2
      vertex 12 -14 2.2
    endloop
  endfacet
  facet normal 0 0 1
    outer loop
      vertex -3 4.1 2.2
      vertex -14 12 2.2
      vertex -3 -4.1 2.2
    endloop
  endfacet
  facet normal 0 0 1
    outer loop
      vertex -12.9775 13.5305 2.2
      vertex -12 14 2.2
      vertex -12.2091 13.989 2.2
    endloop
  endfacet
  facet normal 0 0 1
    outer loop
      vertex -14 -12 2.2
      vertex -3 -4.1 2.2
      vertex -14 12 2.2
    endloop
  endfacet
  facet normal 0 0 1
    outer loop
      vertex -12.9775 13.5305 2.2
      vertex -12.2091 13.989 2.2
      vertex -12.4158 13.9563 2.2
    endloop
  endfacet
  facet normal 0 0 1
    outer loop
      vertex -3 -4.1 2.2
      vertex -14 -12 2.2
      vertex -12 -14 2.2
    endloop
  endfacet
  facet normal 0 0 1
    outer loop
      vertex -12.9775 13.5305 2.2
      vertex -12.4158 13.9563 2.2
      vertex -12.618 13.9021 2.2
    endloop
  endfacet
  facet normal -0 -0 1
    outer loop
      vertex -13.1421 -13.3272 2.2
      vertex -12 -14 2.2
      vertex -14 -12 2.2
    endloop
  endfacet
  facet normal 0 0 1
    outer loop
      vertex -12.8349 13.75 2.2
      vertex -12.618 13.9021 2.2
      vertex -12.7913 13.8356 2.2
    endloop
  endfacet
  facet normal 0 0 1
    outer loop
      vertex -12.9775 13.5305 2.2
      vertex -12.618 13.9021 2.2
      vertex -12.8349 13.75 2.2
    endloop
  endfacet
  facet normal 0 0 1
    outer loop
      vertex -12 14 2.2
      vertex -12.9775 13.5305 2.2
      vertex -13.1421 13.3272 2.2
    endloop
  endfacet
  facet normal 0 0 1
    outer loop
      vertex -12.618 -13.9021 2.2
      vertex -12.8349 -13.75 2.2
      vertex -12.7913 -13.8356 2.2
    endloop
  endfacet
  facet normal -0 -0 1
    outer loop
      vertex -12.9775 -13.5305 2.2
      vertex -12 -14 2.2
      vertex -13.1421 -13.3272 2.2
    endloop
  endfacet
  facet normal 0 0 1
    outer loop
      vertex -12.618 -13.9021 2.2
      vertex -12.9775 -13.5305 2.2
      vertex -12.8349 -13.75 2.2
    endloop
  endfacet
  facet normal 0 0 1
    outer loop
      vertex -12 14 2.2
      vertex -13.1421 13.3272 2.2
      vertex -14 12 2.2
    endloop
  endfacet
  facet normal 0 0 1
    outer loop
      vertex -12 -14 2.2
      vertex -12.9775 -13.5305 2.2
      vertex -12.2091 -13.989 2.2
    endloop
  endfacet
  facet normal 0 0 1
    outer loop
      vertex -14 12 2.2
      vertex -13.1421 13.3272 2.2
      vertex -13.3272 13.1421 2.2
    endloop
  endfacet
  facet normal 0 0 1
    outer loop
      vertex -12.2091 -13.989 2.2
      vertex -12.9775 -13.5305 2.2
      vertex -12.4158 -13.9563 2.2
    endloop
  endfacet
  facet normal 0 0 1
    outer loop
      vertex -14 12 2.2
      vertex -13.3272 13.1421 2.2
      vertex -13.5305 12.9775 2.2
    endloop
  endfacet
  facet normal 0 0 1
    outer loop
      vertex -12.4158 -13.9563 2.2
      vertex -12.9775 -13.5305 2.2
      vertex -12.618 -13.9021 2.2
    endloop
  endfacet
  facet normal 0 0 1
    outer loop
      vertex -13.9563 12.4158 2.2
      vertex -13.5305 12.9775 2.2
      vertex -13.75 12.8349 2.2
    endloop
  endfacet
  facet normal 0 0 1
    outer loop
      vertex -13.1421 -13.3272 2.2
      vertex -14 -12 2.2
      vertex -13.3272 -13.1421 2.2
    endloop
  endfacet
  facet normal 0 0 1
    outer loop
      vertex -13.9021 12.618 2.2
      vertex -13.75 12.8349 2.2
      vertex -13.8356 12.7913 2.2
    endloop
  endfacet
  facet normal 0 0 1
    outer loop
      vertex -13.3272 -13.1421 2.2
      vertex -14 -12 2.2
      vertex -13.5305 -12.9775 2.2
    endloop
  endfacet
  facet normal 0 0 1
    outer loop
      vertex -13.9563 12.4158 2.2
      vertex -13.75 12.8349 2.2
      vertex -13.9021 12.618 2.2
    endloop
  endfacet
  facet normal -0 -0 1
    outer loop
      vertex -13.989 -12.2091 2.2
      vertex -13.5305 -12.9775 2.2
      vertex -14 -12 2.2
    endloop
  endfacet
  facet normal 0 0 1
    outer loop
      vertex -13.5305 12.9775 2.2
      vertex -13.9563 12.4158 2.2
      vertex -13.989 12.2091 2.2
    endloop
  endfacet
  facet normal -0 -0 1
    outer loop
      vertex -13.9563 -12.4158 2.2
      vertex -13.5305 -12.9775 2.2
      vertex -13.989 -12.2091 2.2
    endloop
  endfacet
  facet normal 0 0 1
    outer loop
      vertex -13.5305 12.9775 2.2
      vertex -13.989 12.2091 2.2
      vertex -14 12 2.2
    endloop
  endfacet
  facet normal 0 0 1
    outer loop
      vertex -13.75 -12.8349 2.2
      vertex -13.9021 -12.618 2.2
      vertex -13.8356 -12.7913 2.2
    endloop
  endfacet
  facet normal 0 0 1
    outer loop
      vertex -13.75 -12.8349 2.2
      vertex -13.9563 -12.4158 2.2
      vertex -13.9021 -12.618 2.2
    endloop
  endfacet
  facet normal 0 0 1
    outer loop
      vertex -13.5305 -12.9775 2.2
      vertex -13.9563 -12.4158 2.2
      vertex -13.75 -12.8349 2.2
    endloop
  endfacet
  facet normal 0.933623 0.358257 0
    outer loop
      vertex -13.8356 -12.7913 3
      vertex -13.9021 -12.618 2.2
      vertex -13.9021 -12.618 3
    endloop
  endfacet
  facet normal 0.933623 0.358257 0
    outer loop
      vertex -13.9021 -12.618 2.2
      vertex -13.8356 -12.7913 3
      vertex -13.8356 -12.7913 2.2
    endloop
  endfacet
  facet normal 0 -1 0
    outer loop
      vertex -12 14 2.2
      vertex 12 14 3
      vertex -12 14 3
    endloop
  endfacet
  facet normal 0 -1 -0
    outer loop
      vertex 12 14 3
      vertex -12 14 2.2
      vertex 12 14 2.2
    endloop
  endfacet
  facet normal -0.933623 -0.358257 0
    outer loop
      vertex 13.9021 12.618 2.2
      vertex 13.8356 12.7913 3
      vertex 13.8356 12.7913 2.2
    endloop
  endfacet
  facet normal -0.933623 -0.358257 0
    outer loop
      vertex 13.8356 12.7913 3
      vertex 13.9021 12.618 2.2
      vertex 13.9021 12.618 3
    endloop
  endfacet
  facet normal 0.358257 0.933623 -0
    outer loop
      vertex -12.618 -13.9021 2.2
      vertex -12.7913 -13.8356 3
      vertex -12.618 -13.9021 3
    endloop
  endfacet
  facet normal 0.358257 0.933623 0
    outer loop
      vertex -12.7913 -13.8356 3
      vertex -12.618 -13.9021 2.2
      vertex -12.7913 -13.8356 2.2
    endloop
  endfacet
  facet normal -0.156257 0.987716 0
    outer loop
      vertex 12.4158 -13.9563 2.2
      vertex 12.2091 -13.989 3
      vertex 12.4158 -13.9563 3
    endloop
  endfacet
  facet normal -0.156257 0.987716 0
    outer loop
      vertex 12.2091 -13.989 3
      vertex 12.4158 -13.9563 2.2
      vertex 12.2091 -13.989 2.2
    endloop
  endfacet
  facet normal -0.258911 0.965901 0
    outer loop
      vertex 12.618 -13.9021 2.2
      vertex 12.4158 -13.9563 3
      vertex 12.618 -13.9021 3
    endloop
  endfacet
  facet normal -0.258911 0.965901 0
    outer loop
      vertex 12.4158 -13.9563 3
      vertex 12.618 -13.9021 2.2
      vertex 12.4158 -13.9563 2.2
    endloop
  endfacet
  facet normal 0.358257 -0.933623 0
    outer loop
      vertex -12.7913 13.8356 2.2
      vertex -12.618 13.9021 3
      vertex -12.7913 13.8356 3
    endloop
  endfacet
  facet normal 0.358257 -0.933623 0
    outer loop
      vertex -12.618 13.9021 3
      vertex -12.7913 13.8356 2.2
      vertex -12.618 13.9021 2.2
    endloop
  endfacet
  facet normal -0.156257 -0.987716 0
    outer loop
      vertex 12.2091 13.989 2.2
      vertex 12.4158 13.9563 3
      vertex 12.2091 13.989 3
    endloop
  endfacet
  facet normal -0.156257 -0.987716 -0
    outer loop
      vertex 12.4158 13.9563 3
      vertex 12.2091 13.989 2.2
      vertex 12.4158 13.9563 2.2
    endloop
  endfacet
  facet normal 0.156257 0.987716 -0
    outer loop
      vertex -12.2091 -13.989 2.2
      vertex -12.4158 -13.9563 3
      vertex -12.2091 -13.989 3
    endloop
  endfacet
  facet normal 0.156257 0.987716 0
    outer loop
      vertex -12.4158 -13.9563 3
      vertex -12.2091 -13.989 2.2
      vertex -12.4158 -13.9563 2.2
    endloop
  endfacet
  facet normal -0.358257 0.933623 0
    outer loop
      vertex 12.7913 -13.8356 2.2
      vertex 12.618 -13.9021 3
      vertex 12.7913 -13.8356 3
    endloop
  endfacet
  facet normal -0.358257 0.933623 0
    outer loop
      vertex 12.618 -13.9021 3
      vertex 12.7913 -13.8356 2.2
      vertex 12.618 -13.9021 2.2
    endloop
  endfacet
  facet normal 0.987716 0.156257 0
    outer loop
      vertex -13.9563 -12.4158 3
      vertex -13.989 -12.2091 2.2
      vertex -13.989 -12.2091 3
    endloop
  endfacet
  facet normal 0.987716 0.156257 0
    outer loop
      vertex -13.989 -12.2091 2.2
      vertex -13.9563 -12.4158 3
      vertex -13.9563 -12.4158 2.2
    endloop
  endfacet
  facet normal 0.0525338 -0.998619 0
    outer loop
      vertex -12.2091 13.989 2.2
      vertex -12 14 3
      vertex -12.2091 13.989 3
    endloop
  endfacet
  facet normal 0.0525338 -0.998619 0
    outer loop
      vertex -12 14 3
      vertex -12.2091 13.989 2.2
      vertex -12 14 2.2
    endloop
  endfacet
  facet normal 0.258911 -0.965901 0
    outer loop
      vertex -12.618 13.9021 2.2
      vertex -12.4158 13.9563 3
      vertex -12.618 13.9021 3
    endloop
  endfacet
  facet normal 0.258911 -0.965901 0
    outer loop
      vertex -12.4158 13.9563 3
      vertex -12.618 13.9021 2.2
      vertex -12.4158 13.9563 2.2
    endloop
  endfacet
  facet normal -0.258911 -0.965901 0
    outer loop
      vertex 12.4158 13.9563 2.2
      vertex 12.618 13.9021 3
      vertex 12.4158 13.9563 3
    endloop
  endfacet
  facet normal -0.258911 -0.965901 -0
    outer loop
      vertex 12.618 13.9021 3
      vertex 12.4158 13.9563 2.2
      vertex 12.618 13.9021 2.2
    endloop
  endfacet
  facet normal 0.258911 0.965901 -0
    outer loop
      vertex -12.4158 -13.9563 2.2
      vertex -12.618 -13.9021 3
      vertex -12.4158 -13.9563 3
    endloop
  endfacet
  facet normal 0.258911 0.965901 0
    outer loop
      vertex -12.618 -13.9021 3
      vertex -12.4158 -13.9563 2.2
      vertex -12.618 -13.9021 2.2
    endloop
  endfacet
  facet normal 0.0525338 0.998619 -0
    outer loop
      vertex -12 -14 2.2
      vertex -12.2091 -13.989 3
      vertex -12 -14 3
    endloop
  endfacet
  facet normal 0.0525338 0.998619 0
    outer loop
      vertex -12.2091 -13.989 3
      vertex -12 -14 2.2
      vertex -12.2091 -13.989 2.2
    endloop
  endfacet
  facet normal 0.965901 -0.258911 0
    outer loop
      vertex -13.9563 12.4158 3
      vertex -13.9021 12.618 2.2
      vertex -13.9021 12.618 3
    endloop
  endfacet
  facet normal 0.965901 -0.258911 0
    outer loop
      vertex -13.9021 12.618 2.2
      vertex -13.9563 12.4158 3
      vertex -13.9563 12.4158 2.2
    endloop
  endfacet
  facet normal 0.933623 -0.358257 0
    outer loop
      vertex -13.9021 12.618 3
      vertex -13.8356 12.7913 2.2
      vertex -13.8356 12.7913 3
    endloop
  endfacet
  facet normal 0.933623 -0.358257 0
    outer loop
      vertex -13.8356 12.7913 2.2
      vertex -13.9021 12.618 3
      vertex -13.9021 12.618 2.2
    endloop
  endfacet
  facet normal 0.965901 0.258911 0
    outer loop
      vertex -13.9021 -12.618 3
      vertex -13.9563 -12.4158 2.2
      vertex -13.9563 -12.4158 3
    endloop
  endfacet
  facet normal 0.965901 0.258911 0
    outer loop
      vertex -13.9563 -12.4158 2.2
      vertex -13.9021 -12.618 3
      vertex -13.9021 -12.618 2.2
    endloop
  endfacet
  facet normal 0.156257 -0.987716 0
    outer loop
      vertex -12.4158 13.9563 2.2
      vertex -12.2091 13.989 3
      vertex -12.4158 13.9563 3
    endloop
  endfacet
  facet normal 0.156257 -0.987716 0
    outer loop
      vertex -12.2091 13.989 3
      vertex -12.4158 13.9563 2.2
      vertex -12.2091 13.989 2.2
    endloop
  endfacet
  facet normal -0.358257 -0.933623 0
    outer loop
      vertex 12.618 13.9021 2.2
      vertex 12.7913 13.8356 3
      vertex 12.618 13.9021 3
    endloop
  endfacet
  facet normal -0.358257 -0.933623 -0
    outer loop
      vertex 12.7913 13.8356 3
      vertex 12.618 13.9021 2.2
      vertex 12.7913 13.8356 2.2
    endloop
  endfacet
  facet normal -1 0 0
    outer loop
      vertex -3.3 -4.4 2.2
      vertex -3.3 4.4 2.6
      vertex -3.3 4.4 2.2
    endloop
  endfacet
  facet normal -1 -0 0
    outer loop
      vertex -3.3 4.4 2.6
      vertex -3.3 -4.4 2.2
      vertex -3.3 -4.4 2.6
    endloop
  endfacet
  facet normal -0 0 1
    outer loop
      vertex -3.3 4.4 2.6
      vertex -1.5 -4.4 2.6
      vertex -1.5 4.4 2.6
    endloop
  endfacet
  facet normal 0 0 1
    outer loop
      vertex -1.5 -4.4 2.6
      vertex -3.3 4.4 2.6
      vertex -3.3 -4.4 2.6
    endloop
  endfacet
  facet normal 1 -0 0
    outer loop
      vertex -1.5 -4.4 2.6
      vertex -1.5 4.4 2.2
      vertex -1.5 4.4 2.6
    endloop
  endfacet
  facet normal 1 0 0
    outer loop
      vertex -1.5 4.4 2.2
      vertex -1.5 -4.4 2.6
      vertex -1.5 -4.4 2.2
    endloop
  endfacet
  facet normal 0 1 -0
    outer loop
      vertex -1.5 4.4 2.2
      vertex -3.3 4.4 2.6
      vertex -1.5 4.4 2.6
    endloop
  endfacet
  facet normal 0 1 0
    outer loop
      vertex -3.3 4.4 2.6
      vertex -1.5 4.4 2.2
      vertex -3.3 4.4 2.2
    endloop
  endfacet
  facet normal 0 0 -1
    outer loop
      vertex -3.3 -4.4 2.2
      vertex -1.5 4.4 2.2
      vertex -1.5 -4.4 2.2
    endloop
  endfacet
  facet normal -0 0 -1
    outer loop
      vertex -1.5 4.4 2.2
      vertex -3.3 -4.4 2.2
      vertex -3.3 4.4 2.2
    endloop
  endfacet
  facet normal 0 -1 0
    outer loop
      vertex -3.3 -4.4 2.2
      vertex -1.5 -4.4 2.6
      vertex -3.3 -4.4 2.6
    endloop
  endfacet
  facet normal 0 -1 -0
    outer loop
      vertex -1.5 -4.4 2.6
      vertex -3.3 -4.4 2.2
      vertex -1.5 -4.4 2.2
    endloop
  endfacet
  facet normal -1 0 0
    outer loop
      vertex 1.5 -4.4 2.2
      vertex 1.5 4.4 2.6
      vertex 1.5 4.4 2.2
    endloop
  endfacet
  facet normal -1 -0 0
    outer loop
      vertex 1.5 4.4 2.6
      vertex 1.5 -4.4 2.2
      vertex 1.5 -4.4 2.6
    endloop
  endfacet
  facet normal -0 0 1
    outer loop
      vertex 1.5 4.4 2.6
      vertex 3.3 -4.4 2.6
      vertex 3.3 4.4 2.6
    endloop
  endfacet
  facet normal 0 0 1
    outer loop
      vertex 3.3 -4.4 2.6
      vertex 1.5 4.4 2.6
      vertex 1.5 -4.4 2.6
    endloop
  endfacet
  facet normal 1 -0 0
    outer loop
      vertex 3.3 -4.4 2.6
      vertex 3.3 4.4 2.2
      vertex 3.3 4.4 2.6
    endloop
  endfacet
  facet normal 1 0 0
    outer loop
      vertex 3.3 4.4 2.2
      vertex 3.3 -4.4 2.6
      vertex 3.3 -4.4 2.2
    endloop
  endfacet
  facet normal 0 1 -0
    outer loop
      vertex 3.3 4.4 2.2
      vertex 1.5 4.4 2.6
      vertex 3.3 4.4 2.6
    endloop
  endfacet
  facet normal 0 1 0
    outer loop
      vertex 1.5 4.4 2.6
      vertex 3.3 4.4 2.2
      vertex 1.5 4.4 2.2
    endloop
  endfacet
  facet normal 0 0 -1
    outer loop
      vertex 1.5 -4.4 2.2
      vertex 3.3 4.4 2.2
      vertex 3.3 -4.4 2.2
    endloop
  endfacet
  facet normal -0 0 -1
    outer loop
      vertex 3.3 4.4 2.2
      vertex 1.5 -4.4 2.2
      vertex 1.5 4.4 2.2
    endloop
  endfacet
  facet normal 0 -1 0
    outer loop
      vertex 1.5 -4.4 2.2
      vertex 3.3 -4.4 2.6
      vertex 1.5 -4.4 2.6
    endloop
  endfacet
  facet normal 0 -1 -0
    outer loop
      vertex 3.3 -4.4 2.6
      vertex 1.5 -4.4 2.2
      vertex 3.3 -4.4 2.2
    endloop
  endfacet
  facet normal 0.184929 0.362999 0.913254
    outer loop
      vertex -15.3892 3.24884 3.5346
      vertex -15.4125 3.19643 3.56015
      vertex -15.3638 3.2359 3.5346
    endloop
  endfacet
  facet normal 0.155427 -0.98231 0.104451
    outer loop
      vertex -15.3768 -3.57966 3.09386
      vertex -15.4374 -3.59589 3.0314
      vertex -15.3754 -3.58608 3.0314
    endloop
  endfacet
  facet normal 0.103531 0.01601 0.994497
    outer loop
      vertex -15.4082 3.01951 3.59261
      vertex -15.4688 3.00328 3.59918
      vertex -15.4067 3.00981 3.59261
    endloop
  endfacet
  facet normal -0.998615 -0.0526174 0
    outer loop
      vertex -16.0959 -3.06263 3
      vertex -16.0992 -3 3.0314
      vertex -16.0992 -3 3
    endloop
  endfacet
  facet normal -0.998615 -0.0526174 0
    outer loop
      vertex -16.0992 -3 3.0314
      vertex -16.0959 -3.06263 3
      vertex -16.0959 -3.06263 3.0314
    endloop
  endfacet
  facet normal 0.993154 0.0513092 0.104944
    outer loop
      vertex -14.9008 3 3.0314
      vertex -14.9106 3.06194 3.09386
      vertex -14.9074 3 3.09386
    endloop
  endfacet
  facet normal -0.574876 0.710227 0.406319
    outer loop
      vertex -15.8142 3.4325 3.27239
      vertex -15.8748 3.41627 3.21502
      vertex -15.8577 3.39729 3.27239
    endloop
  endfacet
  facet normal 0.104544 0 0.99452
    outer loop
      vertex -15.4686 3 3.59918
      vertex -15.4061 -3 3.59261
      vertex -15.4061 3 3.59261
    endloop
  endfacet
  facet normal 0.104544 0 0.99452
    outer loop
      vertex -15.4061 -3 3.59261
      vertex -15.4686 3 3.59918
      vertex -15.4686 -3 3.59918
    endloop
  endfacet
  facet normal 0.668527 0.0361773 0.742808
    outer loop
      vertex -15.0781 3.04435 3.42426
      vertex -15.1224 3 3.46629
      vertex -15.0757 3 3.42426
    endloop
  endfacet
  facet normal 0.499733 0.0263325 0.865779
    outer loop
      vertex -15.175 3.03416 3.5032
      vertex -15.2276 3 3.5346
      vertex -15.1732 3 3.5032
    endloop
  endfacet
  facet normal -0.820668 0.532378 0.207553
    outer loop
      vertex -15.9689 3.34065 3.15529
      vertex -16.0132 3.29631 3.09386
      vertex -16.0019 3.28978 3.15529
    endloop
  endfacet
  facet normal 0.224369 0.836735 0.499534
    outer loop
      vertex -15.3348 3.50844 3.27239
      vertex -15.3888 3.52292 3.27239
      vertex -15.3445 3.47857 3.32678
    endloop
  endfacet
  facet normal -0.949426 0.0501513 0.309958
    outer loop
      vertex -16.0764 3.06058 3.15529
      vertex -16.0796 3 3.15529
      vertex -16.0601 3 3.21502
    endloop
  endfacet
  facet normal -0.350619 0.913218 0.207602
    outer loop
      vertex -15.6831 3.56361 3.09386
      vertex -15.741 3.54138 3.09386
      vertex -15.7357 3.52945 3.15529
    endloop
  endfacet
  facet normal -0.0496904 -0.949916 0.308528
    outer loop
      vertex -15.5 -3.56015 3.21502
      vertex -15.5606 -3.57638 3.15529
      vertex -15.5 -3.57955 3.15529
    endloop
  endfacet
  facet normal -0.288045 -0.287864 0.913326
    outer loop
      vertex -15.6598 -3.14388 3.56015
      vertex -15.6823 -3.20243 3.5346
      vertex -15.6439 -3.15979 3.56015
    endloop
  endfacet
  facet normal -0.28851 -0.287651 0.913246
    outer loop
      vertex -15.6823 -3.20243 3.5346
      vertex -15.6598 -3.14388 3.56015
      vertex -15.7024 -3.18227 3.5346
    endloop
  endfacet
  facet normal 0.885871 -0.451991 0.104579
    outer loop
      vertex -14.9586 -3.24104 3.09386
      vertex -14.9868 -3.29631 3.09386
      vertex -14.9811 -3.29959 3.0314
    endloop
  endfacet
  facet normal 0.912773 0.0473701 0.405712
    outer loop
      vertex -14.9399 3 3.21502
      vertex -14.9683 3.05588 3.27239
      vertex -14.9654 3 3.27239
    endloop
  endfacet
  facet normal 0.208035 0.0115362 0.978053
    outer loop
      vertex -15.3456 3.01623 3.57955
      vertex -15.4061 3 3.59261
      vertex -15.3447 3 3.57955
    endloop
  endfacet
  facet normal 0.208035 -0.0115362 0.978053
    outer loop
      vertex -15.3447 -3 3.57955
      vertex -15.4061 -3 3.59261
      vertex -15.3456 -3.01623 3.57955
    endloop
  endfacet
  facet normal -0.718126 0.191947 0.668918
    outer loop
      vertex -15.9435 3.14409 3.37759
      vertex -15.9561 3.09695 3.37759
      vertex -15.9035 3.1311 3.42426
    endloop
  endfacet
  facet normal -0.0524835 -0.998622 0
    outer loop
      vertex -15.5626 -3.59589 3
      vertex -15.5 -3.59918 3.0314
      vertex -15.5626 -3.59589 3.0314
    endloop
  endfacet
  facet normal -0.0524835 -0.998622 -0
    outer loop
      vertex -15.5 -3.59918 3.0314
      vertex -15.5626 -3.59589 3
      vertex -15.5 -3.59918 3
    endloop
  endfacet
  facet normal 0.104542 -0.0063745 0.9945
    outer loop
      vertex -15.4686 -3 3.59918
      vertex -15.4688 -3.00328 3.59918
      vertex -15.4061 -3 3.59261
    endloop
  endfacet
  facet normal -0.814351 -0.414852 0.405869
    outer loop
      vertex -15.9884 -3.21744 3.27239
      vertex -16.0117 -3.22783 3.21502
      vertex -15.963 -3.2673 3.27239
    endloop
  endfacet
  facet normal 0.998615 0.0526174 0
    outer loop
      vertex -14.9008 3 3.0314
      vertex -14.9041 3.06263 3
      vertex -14.9041 3.06263 3.0314
    endloop
  endfacet
  facet normal 0.998615 0.0526174 0
    outer loop
      vertex -14.9041 3.06263 3
      vertex -14.9008 3 3.0314
      vertex -14.9008 3 3
    endloop
  endfacet
  facet normal 0.440315 0.678936 0.587511
    outer loop
      vertex -15.2484 3.43579 3.32678
      vertex -15.2669 3.40382 3.37759
      vertex -15.2259 3.37723 3.37759
    endloop
  endfacet
  facet normal 0.205723 -0.0318128 0.978093
    outer loop
      vertex -15.4067 -3.00981 3.59261
      vertex -15.4082 -3.01951 3.59261
      vertex -15.3456 -3.01623 3.57955
    endloop
  endfacet
  facet normal 0.401971 0.0642353 0.913397
    outer loop
      vertex -15.2336 3.05663 3.5346
      vertex -15.2862 3.02248 3.56015
      vertex -15.2291 3.02847 3.5346
    endloop
  endfacet
  facet normal -0.466979 -0.180687 0.865611
    outer loop
      vertex -15.7591 -3.08417 3.5346
      vertex -15.8108 -3.10098 3.5032
      vertex -15.7488 -3.11079 3.5346
    endloop
  endfacet
  facet normal 0.416158 0.415413 0.808854
    outer loop
      vertex -15.2473 3.28061 3.46629
      vertex -15.2572 3.21866 3.5032
      vertex -15.2194 3.25266 3.46629
    endloop
  endfacet
  facet normal 0.416751 0.415201 0.808657
    outer loop
      vertex -15.2572 3.21866 3.5032
      vertex -15.2473 3.28061 3.46629
      vertex -15.2813 3.24285 3.5032
    endloop
  endfacet
  facet normal 0.148797 0.939512 0.308507
    outer loop
      vertex -15.3795 3.56689 3.15529
      vertex -15.4414 3.55708 3.21502
      vertex -15.3835 3.54791 3.21502
    endloop
  endfacet
  facet normal 0.47348 0.47348 0.74272
    outer loop
      vertex -15.2161 3.31529 3.42426
      vertex -15.2194 3.25266 3.46629
      vertex -15.1847 3.28389 3.42426
    endloop
  endfacet
  facet normal 0.474114 0.473266 0.742452
    outer loop
      vertex -15.2194 3.25266 3.46629
      vertex -15.2161 3.31529 3.42426
      vertex -15.2473 3.28061 3.46629
    endloop
  endfacet
  facet normal 0.289848 0.755726 0.587254
    outer loop
      vertex -15.2953 3.4597 3.32678
      vertex -15.3445 3.47857 3.32678
      vertex -15.3103 3.42597 3.37759
    endloop
  endfacet
  facet normal -0.743318 0 0.668938
    outer loop
      vertex -15.9663 -3 3.37759
      vertex -15.9243 3 3.42426
      vertex -15.9663 3 3.37759
    endloop
  endfacet
  facet normal -0.743318 0 0.668938
    outer loop
      vertex -15.9243 3 3.42426
      vertex -15.9663 -3 3.37759
      vertex -15.9243 -3 3.42426
    endloop
  endfacet
  facet normal -0.578131 -0.467931 0.668435
    outer loop
      vertex -15.8153 -3.28389 3.42426
      vertex -15.8772 -3.27408 3.37759
      vertex -15.8465 -3.31201 3.37759
    endloop
  endfacet
  facet normal -0.451295 -0.886243 0.104437
    outer loop
      vertex -15.7963 -3.51322 3.09386
      vertex -15.7996 -3.5189 3.0314
      vertex -15.741 -3.54138 3.09386
    endloop
  endfacet
  facet normal -0.497935 -0.766179 0.406239
    outer loop
      vertex -15.8142 -3.4325 3.27239
      vertex -15.8292 -3.45317 3.21502
      vertex -15.7673 -3.46298 3.27239
    endloop
  endfacet
  facet normal 0.153043 -0.966173 0.207574
    outer loop
      vertex -15.3795 -3.56689 3.15529
      vertex -15.4381 -3.58937 3.09386
      vertex -15.3768 -3.57966 3.09386
    endloop
  endfacet
  facet normal -0.153072 -0.966175 0.207547
    outer loop
      vertex -15.5606 -3.57638 3.15529
      vertex -15.6205 -3.56689 3.15529
      vertex -15.5619 -3.58937 3.09386
    endloop
  endfacet
  facet normal -0.0261593 0.499804 0.865743
    outer loop
      vertex -15.5 3.32678 3.5032
      vertex -15.5342 3.32499 3.5032
      vertex -15.5 3.27239 3.5346
    endloop
  endfacet
  facet normal 0.0452314 -0.865153 0.499463
    outer loop
      vertex -15.5 -3.5032 3.32678
      vertex -15.5 -3.5346 3.27239
      vertex -15.4474 -3.50045 3.32678
    endloop
  endfacet
  facet normal 0.524365 -0.266655 0.808663
    outer loop
      vertex -15.2015 -3.13291 3.5032
      vertex -15.217 -3.16339 3.5032
      vertex -15.173 -3.1888 3.46629
    endloop
  endfacet
  facet normal 0.865121 -0.0460521 0.499445
    outer loop
      vertex -14.9968 -3 3.32678
      vertex -14.9996 -3.0526 3.32678
      vertex -14.9654 -3 3.27239
    endloop
  endfacet
  facet normal 0.939452 -0.148945 0.308618
    outer loop
      vertex -14.9236 -3.06058 3.15529
      vertex -14.9429 -3.05855 3.21502
      vertex -14.9331 -3.1205 3.15529
    endloop
  endfacet
  facet normal 0.890828 0.454341 0
    outer loop
      vertex -14.9526 3.24371 3.0314
      vertex -14.9811 3.29959 3
      vertex -14.9811 3.29959 3.0314
    endloop
  endfacet
  facet normal 0.890828 0.454341 0
    outer loop
      vertex -14.9811 3.29959 3
      vertex -14.9526 3.24371 3.0314
      vertex -14.9526 3.24371 3
    endloop
  endfacet
  facet normal -0.993206 -0.0523324 0.103938
    outer loop
      vertex -16.0894 -3.06194 3.09386
      vertex -16.0992 -3 3.0314
      vertex -16.0959 -3.06263 3.0314
    endloop
  endfacet
  facet normal -0.356595 -0.928385 0.104597
    outer loop
      vertex -15.741 -3.54138 3.09386
      vertex -15.7437 -3.54738 3.0314
      vertex -15.6852 -3.56985 3.0314
    endloop
  endfacet
  facet normal 0.499906 0 0.86608
    outer loop
      vertex -15.2276 3 3.5346
      vertex -15.1732 -3 3.5032
      vertex -15.1732 3 3.5032
    endloop
  endfacet
  facet normal 0.499906 0 0.86608
    outer loop
      vertex -15.1732 -3 3.5032
      vertex -15.2276 3 3.5346
      vertex -15.2276 -3 3.5346
    endloop
  endfacet
  facet normal 0.499733 -0.0263325 0.865779
    outer loop
      vertex -15.1732 -3 3.5032
      vertex -15.2276 -3 3.5346
      vertex -15.175 -3.03416 3.5032
    endloop
  endfacet
  facet normal 0.86604 -0 0.499975
    outer loop
      vertex -14.9968 -3 3.32678
      vertex -14.9654 3 3.27239
      vertex -14.9968 3 3.32678
    endloop
  endfacet
  facet normal 0.86604 0 0.499975
    outer loop
      vertex -14.9654 3 3.27239
      vertex -14.9968 -3 3.32678
      vertex -14.9654 -3 3.27239
    endloop
  endfacet
  facet normal 0.742734 -0.0396206 0.668413
    outer loop
      vertex -15.0337 -3 3.37759
      vertex -15.0757 -3 3.42426
      vertex -15.0363 -3.04874 3.37759
    endloop
  endfacet
  facet normal -0.135639 0.855689 0.499397
    outer loop
      vertex -15.5559 3.53167 3.27239
      vertex -15.6111 3.52292 3.27239
      vertex -15.5526 3.50045 3.32678
    endloop
  endfacet
  facet normal 0.0324467 0.205666 0.978084
    outer loop
      vertex -15.4677 3.1519 3.57955
      vertex -15.4838 3.15444 3.57955
      vertex -15.4805 3.09181 3.59261
    endloop
  endfacet
  facet normal -0.499733 0.0263325 0.865779
    outer loop
      vertex -15.825 3.03416 3.5032
      vertex -15.8268 3 3.5032
      vertex -15.7724 3 3.5346
    endloop
  endfacet
  facet normal 0.0936377 0.0470864 0.994492
    outer loop
      vertex -15.4187 3.04693 3.59261
      vertex -15.4713 3.01277 3.59918
      vertex -15.4143 3.03818 3.59261
    endloop
  endfacet
  facet normal 0.257396 0.960625 0.104624
    outer loop
      vertex -15.3148 3.56985 3.0314
      vertex -15.3768 3.57966 3.09386
      vertex -15.3169 3.56361 3.09386
    endloop
  endfacet
  facet normal 0.721413 0.367393 0.587014
    outer loop
      vertex -15.0642 3.2516 3.32678
      vertex -15.074 3.18966 3.37759
      vertex -15.0403 3.20467 3.32678
    endloop
  endfacet
  facet normal 0.561884 0.365036 0.742318
    outer loop
      vertex -15.1568 3.24938 3.42426
      vertex -15.1945 3.22194 3.46629
      vertex -15.1326 3.21213 3.42426
    endloop
  endfacet
  facet normal -0.0920712 0.581032 0.808656
    outer loop
      vertex -15.5395 3.37552 3.46629
      vertex -15.5785 3.36934 3.46629
      vertex -15.5342 3.32499 3.5032
    endloop
  endfacet
  facet normal 0.364132 0.56171 0.742893
    outer loop
      vertex -15.2506 3.34324 3.42426
      vertex -15.2879 3.36742 3.42426
      vertex -15.2781 3.30548 3.46629
    endloop
  endfacet
  facet normal -0.518425 0.797203 0.309358
    outer loop
      vertex -15.7801 3.4851 3.21502
      vertex -15.8407 3.46887 3.15529
      vertex -15.8292 3.45317 3.21502
    endloop
  endfacet
  facet normal -0.837033 0.223735 0.499318
    outer loop
      vertex -15.9786 3.1555 3.32678
      vertex -16.0229 3.11115 3.27239
      vertex -15.9922 3.10462 3.32678
    endloop
  endfacet
  facet normal -0.976859 -0.0504674 0.207843
    outer loop
      vertex -16.0764 -3.06058 3.15529
      vertex -16.0926 -3 3.09386
      vertex -16.0894 -3.06194 3.09386
    endloop
  endfacet
  facet normal -0.871663 0.443492 0.20861
    outer loop
      vertex -16.0019 3.28978 3.15529
      vertex -16.0414 3.24104 3.09386
      vertex -16.0294 3.23573 3.15529
    endloop
  endfacet
  facet normal -0.468187 -0.577801 0.668541
    outer loop
      vertex -15.7839 -3.31529 3.42426
      vertex -15.812 -3.34652 3.37759
      vertex -15.7741 -3.37723 3.37759
    endloop
  endfacet
  facet normal 0.0524835 -0.998622 0
    outer loop
      vertex -15.5 -3.59918 3
      vertex -15.4374 -3.59589 3.0314
      vertex -15.5 -3.59918 3.0314
    endloop
  endfacet
  facet normal 0.0524835 -0.998622 0
    outer loop
      vertex -15.4374 -3.59589 3.0314
      vertex -15.5 -3.59918 3
      vertex -15.4374 -3.59589 3
    endloop
  endfacet
  facet normal -0.629547 -0.776962 0
    outer loop
      vertex -15.9009 -3.44528 3
      vertex -15.8522 -3.48474 3.0314
      vertex -15.9009 -3.44528 3.0314
    endloop
  endfacet
  facet normal -0.629547 -0.776962 -0
    outer loop
      vertex -15.8522 -3.48474 3.0314
      vertex -15.9009 -3.44528 3
      vertex -15.8522 -3.48474 3
    endloop
  endfacet
  facet normal -0.982355 -0.155401 0.104066
    outer loop
      vertex -16.0797 -3.12321 3.09386
      vertex -16.0959 -3.06263 3.0314
      vertex -16.0861 -3.12458 3.0314
    endloop
  endfacet
  facet normal 0.726423 -0.472002 0.499524
    outer loop
      vertex -15.0642 -3.2516 3.32678
      vertex -15.0929 -3.29577 3.32678
      vertex -15.037 -3.2673 3.27239
    endloop
  endfacet
  facet normal -0.431504 -0.847654 0.308686
    outer loop
      vertex -15.7278 -3.51172 3.21502
      vertex -15.7898 -3.50191 3.15529
      vertex -15.7357 -3.52945 3.15529
    endloop
  endfacet
  facet normal -0.0481163 -0.0930248 0.9945
    outer loop
      vertex -15.5157 -3.02719 3.59918
      vertex -15.5469 -3.08129 3.59261
      vertex -15.5128 -3.02869 3.59918
    endloop
  endfacet
  facet normal -0.718126 -0.191947 0.668918
    outer loop
      vertex -15.9035 -3.1311 3.42426
      vertex -15.9561 -3.09695 3.37759
      vertex -15.9435 -3.14409 3.37759
    endloop
  endfacet
  facet normal -0.524365 -0.266655 0.808663
    outer loop
      vertex -15.7985 -3.13291 3.5032
      vertex -15.827 -3.1888 3.46629
      vertex -15.783 -3.16339 3.5032
    endloop
  endfacet
  facet normal -0.126536 -0.799347 0.587395
    outer loop
      vertex -15.5487 -3.46373 3.37759
      vertex -15.5969 -3.4561 3.37759
      vertex -15.5526 -3.50045 3.32678
    endloop
  endfacet
  facet normal 0.809447 -0.309895 0.498759
    outer loop
      vertex -14.9916 -3.1652 3.27239
      vertex -15.0214 -3.1555 3.32678
      vertex -15.0116 -3.21744 3.27239
    endloop
  endfacet
  facet normal 0.468187 -0.577801 0.668541
    outer loop
      vertex -15.2161 -3.31529 3.42426
      vertex -15.2259 -3.37723 3.37759
      vertex -15.188 -3.34652 3.37759
    endloop
  endfacet
  facet normal 0.446164 -0.226888 0.865713
    outer loop
      vertex -15.2015 -3.13291 3.5032
      vertex -15.2641 -3.1362 3.5346
      vertex -15.217 -3.16339 3.5032
    endloop
  endfacet
  facet normal -0.0326535 -0.205675 0.978075
    outer loop
      vertex -15.5098 -3.09335 3.59261
      vertex -15.5195 -3.09181 3.59261
      vertex -15.5162 -3.15444 3.57955
    endloop
  endfacet
  facet normal 0.833943 0.541855 0.104559
    outer loop
      vertex -14.9811 3.29959 3.0314
      vertex -15.0206 3.34833 3.09386
      vertex -14.9868 3.29631 3.09386
    endloop
  endfacet
  facet normal 1 -0 0
    outer loop
      vertex -14.9008 -3 3.0314
      vertex -14.9008 3 3
      vertex -14.9008 3 3.0314
    endloop
  endfacet
  facet normal 1 0 0
    outer loop
      vertex -14.9008 3 3
      vertex -14.9008 -3 3.0314
      vertex -14.9008 -3 3
    endloop
  endfacet
  facet normal 0.882465 -0.236739 0.406462
    outer loop
      vertex -14.9771 -3.11115 3.27239
      vertex -14.9916 -3.1652 3.27239
      vertex -14.9521 -3.11646 3.21502
    endloop
  endfacet
  facet normal 0.517886 -0.797832 0.30864
    outer loop
      vertex -15.1593 -3.46887 3.15529
      vertex -15.2199 -3.4851 3.21502
      vertex -15.2102 -3.50191 3.15529
    endloop
  endfacet
  facet normal -0.993154 -0.0513092 0.104944
    outer loop
      vertex -16.0926 -3 3.09386
      vertex -16.0992 -3 3.0314
      vertex -16.0894 -3.06194 3.09386
    endloop
  endfacet
  facet normal -0.960807 -0.256934 0.104085
    outer loop
      vertex -16.0797 -3.12321 3.09386
      vertex -16.0861 -3.12458 3.0314
      vertex -16.0699 -3.18516 3.0314
    endloop
  endfacet
  facet normal 0.258704 -0.965957 0
    outer loop
      vertex -15.3754 -3.58608 3
      vertex -15.3148 -3.56985 3.0314
      vertex -15.3754 -3.58608 3.0314
    endloop
  endfacet
  facet normal 0.258704 -0.965957 0
    outer loop
      vertex -15.3148 -3.56985 3.0314
      vertex -15.3754 -3.58608 3
      vertex -15.3148 -3.56985 3
    endloop
  endfacet
  facet normal 0.0744056 -0.194469 0.978083
    outer loop
      vertex -15.4618 -3.08575 3.59261
      vertex -15.471 -3.08927 3.59261
      vertex -15.4368 -3.14187 3.57955
    endloop
  endfacet
  facet normal 0.21099 -0.548986 0.808763
    outer loop
      vertex -15.3671 -3.29853 3.5032
      vertex -15.399 -3.31079 3.5032
      vertex -15.3464 -3.34495 3.46629
    endloop
  endfacet
  facet normal 0.367628 -0.721112 0.587237
    outer loop
      vertex -15.2484 -3.43579 3.32678
      vertex -15.3103 -3.42597 3.37759
      vertex -15.2953 -3.4597 3.32678
    endloop
  endfacet
  facet normal 0.224219 -0.836713 0.499638
    outer loop
      vertex -15.3445 -3.47857 3.32678
      vertex -15.3954 -3.49221 3.32678
      vertex -15.3888 -3.52292 3.27239
    endloop
  endfacet
  facet normal 0.483608 0.128806 0.865756
    outer loop
      vertex -15.1892 3.10098 3.5032
      vertex -15.2336 3.05663 3.5346
      vertex -15.1804 3.06794 3.5032
    endloop
  endfacet
  facet normal 0.587521 -0.0309583 0.808617
    outer loop
      vertex -15.1732 -3 3.5032
      vertex -15.175 -3.03416 3.5032
      vertex -15.1224 -3 3.46629
    endloop
  endfacet
  facet normal 0.66886 -0.0355867 0.742536
    outer loop
      vertex -15.1224 -3 3.46629
      vertex -15.1245 -3.03947 3.46629
      vertex -15.0781 -3.04435 3.42426
    endloop
  endfacet
  facet normal 0.808338 -0.0431202 0.587137
    outer loop
      vertex -15.0337 -3 3.37759
      vertex -15.0363 -3.04874 3.37759
      vertex -14.9996 -3.0526 3.32678
    endloop
  endfacet
  facet normal 0.0975711 0.0382632 0.994493
    outer loop
      vertex -15.4143 3.03818 3.59261
      vertex -15.4713 3.01277 3.59918
      vertex -15.4107 3.029 3.59261
    endloop
  endfacet
  facet normal 0.221939 0.341555 0.913281
    outer loop
      vertex -15.3638 3.2359 3.5346
      vertex -15.3736 3.17395 3.56015
      vertex -15.3399 3.22037 3.5346
    endloop
  endfacet
  facet normal -0.976859 0.0504674 0.207843
    outer loop
      vertex -16.0894 3.06194 3.09386
      vertex -16.0926 3 3.09386
      vertex -16.0764 3.06058 3.15529
    endloop
  endfacet
  facet normal 0.0109104 0.20794 0.978081
    outer loop
      vertex -15.5 3.15529 3.57955
      vertex -15.5 3.09386 3.59261
      vertex -15.4838 3.15444 3.57955
    endloop
  endfacet
  facet normal 0.105189 0.39339 0.913335
    outer loop
      vertex -15.4158 3.25906 3.5346
      vertex -15.4434 3.26644 3.5346
      vertex -15.4336 3.2045 3.56015
    endloop
  endfacet
  facet normal 0.446164 0.226888 0.865713
    outer loop
      vertex -15.217 3.16339 3.5032
      vertex -15.2641 3.1362 3.5346
      vertex -15.2015 3.13291 3.5032
    endloop
  endfacet
  facet normal 0.782012 0.209028 0.587166
    outer loop
      vertex -15.0214 3.1555 3.32678
      vertex -15.0439 3.09695 3.37759
      vertex -15.0078 3.10462 3.32678
    endloop
  endfacet
  facet normal 0.865121 0.0460521 0.499445
    outer loop
      vertex -14.9654 3 3.27239
      vertex -14.9996 3.0526 3.32678
      vertex -14.9968 3 3.32678
    endloop
  endfacet
  facet normal 0.466946 0.179876 0.865798
    outer loop
      vertex -15.2015 3.13291 3.5032
      vertex -15.2512 3.11079 3.5346
      vertex -15.1892 3.10098 3.5032
    endloop
  endfacet
  facet normal 0.38848 0.315694 0.865691
    outer loop
      vertex -15.2572 3.21866 3.5032
      vertex -15.2976 3.18227 3.5346
      vertex -15.2356 3.19208 3.5032
    endloop
  endfacet
  facet normal 0.645787 0.64641 0.406342
    outer loop
      vertex -15.1423 3.39729 3.27239
      vertex -15.0837 3.37481 3.21502
      vertex -15.1252 3.41627 3.21502
    endloop
  endfacet
  facet normal 0.645829 0.646319 0.40642
    outer loop
      vertex -15.0837 3.37481 3.21502
      vertex -15.1423 3.39729 3.27239
      vertex -15.1027 3.35772 3.27239
    endloop
  endfacet
  facet normal 0.209244 0.781973 0.587141
    outer loop
      vertex -15.3445 3.47857 3.32678
      vertex -15.4031 3.4561 3.37759
      vertex -15.3559 3.44347 3.37759
    endloop
  endfacet
  facet normal 0.982348 0.155521 0.103948
    outer loop
      vertex -14.9041 3.06263 3.0314
      vertex -14.9203 3.12321 3.09386
      vertex -14.9106 3.06194 3.09386
    endloop
  endfacet
  facet normal 0.960382 0.258047 0.105255
    outer loop
      vertex -14.9301 3.18516 3.0314
      vertex -14.9364 3.18313 3.09386
      vertex -14.9203 3.12321 3.09386
    endloop
  endfacet
  facet normal 0.987718 0.156249 0
    outer loop
      vertex -14.9041 3.06263 3.0314
      vertex -14.9139 3.12458 3
      vertex -14.9139 3.12458 3.0314
    endloop
  endfacet
  facet normal 0.987718 0.156249 0
    outer loop
      vertex -14.9139 3.12458 3
      vertex -14.9041 3.06263 3.0314
      vertex -14.9041 3.06263 3
    endloop
  endfacet
  facet normal 0.982355 0.155401 0.104066
    outer loop
      vertex -14.9139 3.12458 3.0314
      vertex -14.9203 3.12321 3.09386
      vertex -14.9041 3.06263 3.0314
    endloop
  endfacet
  facet normal 0.179505 0.467204 0.865736
    outer loop
      vertex -15.399 3.31079 3.5032
      vertex -15.4158 3.25906 3.5346
      vertex -15.3892 3.24884 3.5346
    endloop
  endfacet
  facet normal 0.421352 0.520094 0.742944
    outer loop
      vertex -15.2506 3.34324 3.42426
      vertex -15.2781 3.30548 3.46629
      vertex -15.2161 3.31529 3.42426
    endloop
  endfacet
  facet normal 0.541894 0.833929 0.104466
    outer loop
      vertex -15.2004 3.5189 3.0314
      vertex -15.2037 3.51322 3.09386
      vertex -15.1517 3.47943 3.09386
    endloop
  endfacet
  facet normal 0.0519849 0.993169 0.104469
    outer loop
      vertex -15.5 3.59918 3.0314
      vertex -15.5 3.59261 3.09386
      vertex -15.4381 3.58937 3.09386
    endloop
  endfacet
  facet normal -0.706708 0.707505 0
    outer loop
      vertex -15.9453 3.40093 3
      vertex -15.9009 3.44528 3.0314
      vertex -15.9009 3.44528 3
    endloop
  endfacet
  facet normal -0.706708 0.707505 0
    outer loop
      vertex -15.9009 3.44528 3.0314
      vertex -15.9453 3.40093 3
      vertex -15.9453 3.40093 3.0314
    endloop
  endfacet
  facet normal 0.350619 0.913218 0.207602
    outer loop
      vertex -15.259 3.54138 3.09386
      vertex -15.3169 3.56361 3.09386
      vertex -15.2643 3.52945 3.15529
    endloop
  endfacet
  facet normal -0.572436 0.57227 0.587218
    outer loop
      vertex -15.8367 3.37395 3.32678
      vertex -15.8465 3.31201 3.37759
      vertex -15.812 3.34652 3.37759
    endloop
  endfacet
  facet normal -0.571634 0.572555 0.58772
    outer loop
      vertex -15.8465 3.31201 3.37759
      vertex -15.8367 3.37395 3.32678
      vertex -15.874 3.33671 3.32678
    endloop
  endfacet
  facet normal -0.808386 -0.0430319 0.587078
    outer loop
      vertex -15.9663 -3 3.37759
      vertex -16.0032 -3 3.32678
      vertex -16.0004 -3.0526 3.32678
    endloop
  endfacet
  facet normal -0.855087 0.136146 0.50029
    outer loop
      vertex -16.0229 3.11115 3.27239
      vertex -16.0317 3.05588 3.27239
      vertex -16.0004 3.0526 3.32678
    endloop
  endfacet
  facet normal -0.837033 -0.223735 0.499318
    outer loop
      vertex -15.9922 -3.10462 3.32678
      vertex -16.0229 -3.11115 3.27239
      vertex -15.9786 -3.1555 3.32678
    endloop
  endfacet
  facet normal -0.798029 -0.517632 0.308556
    outer loop
      vertex -15.9532 -3.32925 3.21502
      vertex -15.9851 -3.28007 3.21502
      vertex -15.9689 -3.34065 3.15529
    endloop
  endfacet
  facet normal -0.612227 -0.613214 0.499146
    outer loop
      vertex -15.8973 -3.35772 3.27239
      vertex -15.8367 -3.37395 3.32678
      vertex -15.874 -3.33671 3.32678
    endloop
  endfacet
  facet normal -0.612376 -0.61284 0.499422
    outer loop
      vertex -15.8367 -3.37395 3.32678
      vertex -15.8973 -3.35772 3.27239
      vertex -15.8577 -3.39729 3.27239
    endloop
  endfacet
  facet normal -0.928556 -0.355965 0.105228
    outer loop
      vertex -16.0636 -3.18313 3.09386
      vertex -16.0699 -3.18516 3.0314
      vertex -16.0414 -3.24104 3.09386
    endloop
  endfacet
  facet normal -0.771865 -0.393209 0.49961
    outer loop
      vertex -15.9597 -3.20467 3.32678
      vertex -15.9884 -3.21744 3.27239
      vertex -15.963 -3.2673 3.27239
    endloop
  endfacet
  facet normal -0.966055 -0.258338 0
    outer loop
      vertex -16.0699 -3.18516 3
      vertex -16.0861 -3.12458 3.0314
      vertex -16.0861 -3.12458 3
    endloop
  endfacet
  facet normal -0.966055 -0.258338 0
    outer loop
      vertex -16.0861 -3.12458 3.0314
      vertex -16.0699 -3.18516 3
      vertex -16.0699 -3.18516 3.0314
    endloop
  endfacet
  facet normal -0.833802 -0.54213 0.104255
    outer loop
      vertex -15.9794 -3.34833 3.09386
      vertex -16.0189 -3.29959 3.0314
      vertex -15.9847 -3.35219 3.0314
    endloop
  endfacet
  facet normal -0.598947 -0.738879 0.308739
    outer loop
      vertex -15.8748 -3.41627 3.21502
      vertex -15.8878 -3.43069 3.15529
      vertex -15.8407 -3.46887 3.15529
    endloop
  endfacet
  facet normal -0.350619 -0.913218 0.207602
    outer loop
      vertex -15.7357 -3.52945 3.15529
      vertex -15.741 -3.54138 3.09386
      vertex -15.6831 -3.56361 3.09386
    endloop
  endfacet
  facet normal -0.706708 -0.707505 0
    outer loop
      vertex -15.9009 -3.44528 3
      vertex -15.9453 -3.40093 3.0314
      vertex -15.9453 -3.40093 3
    endloop
  endfacet
  facet normal -0.706708 -0.707505 0
    outer loop
      vertex -15.9453 -3.40093 3.0314
      vertex -15.9009 -3.44528 3
      vertex -15.9009 -3.44528 3.0314
    endloop
  endfacet
  facet normal -0.472212 -0.726599 0.499068
    outer loop
      vertex -15.7958 -3.4071 3.32678
      vertex -15.8142 -3.4325 3.27239
      vertex -15.7673 -3.46298 3.27239
    endloop
  endfacet
  facet normal 0.289848 -0.755726 0.587254
    outer loop
      vertex -15.3103 -3.42597 3.37759
      vertex -15.3445 -3.47857 3.32678
      vertex -15.2953 -3.4597 3.32678
    endloop
  endfacet
  facet normal -0.0478024 -0.91245 0.406387
    outer loop
      vertex -15.5559 -3.53167 3.27239
      vertex -15.5586 -3.55708 3.21502
      vertex -15.5 -3.56015 3.21502
    endloop
  endfacet
  facet normal 0.253181 -0.944893 0.207551
    outer loop
      vertex -15.3169 -3.56361 3.09386
      vertex -15.3795 -3.56689 3.15529
      vertex -15.3768 -3.57966 3.09386
    endloop
  endfacet
  facet normal 0.0478265 -0.912457 0.406367
    outer loop
      vertex -15.5 -3.5346 3.27239
      vertex -15.5 -3.56015 3.21502
      vertex -15.4441 -3.53167 3.27239
    endloop
  endfacet
  facet normal 0.0481934 -0.305478 0.950979
    outer loop
      vertex -15.4677 -3.1519 3.57955
      vertex -15.4838 -3.15444 3.57955
      vertex -15.4775 -3.21384 3.56015
    endloop
  endfacet
  facet normal -0.192198 -0.71827 0.668691
    outer loop
      vertex -15.6311 -3.4035 3.42426
      vertex -15.6441 -3.44347 3.37759
      vertex -15.5969 -3.4561 3.37759
    endloop
  endfacet
  facet normal -0.0261308 -0.499818 0.865736
    outer loop
      vertex -15.5285 -3.2709 3.5346
      vertex -15.5342 -3.32499 3.5032
      vertex -15.5 -3.27239 3.5346
    endloop
  endfacet
  facet normal -0.52587 -0.52587 0.668521
    outer loop
      vertex -15.8153 -3.28389 3.42426
      vertex -15.812 -3.34652 3.37759
      vertex -15.7839 -3.31529 3.42426
    endloop
  endfacet
  facet normal -0.525984 -0.525832 0.668462
    outer loop
      vertex -15.812 -3.34652 3.37759
      vertex -15.8153 -3.28389 3.42426
      vertex -15.8465 -3.31201 3.37759
    endloop
  endfacet
  facet normal -0.578232 -0.467478 0.668665
    outer loop
      vertex -15.8432 -3.24938 3.42426
      vertex -15.8772 -3.27408 3.37759
      vertex -15.8153 -3.28389 3.42426
    endloop
  endfacet
  facet normal 0.0537742 -0.201124 0.978089
    outer loop
      vertex -15.471 -3.08927 3.59261
      vertex -15.4805 -3.09181 3.59261
      vertex -15.4677 -3.1519 3.57955
    endloop
  endfacet
  facet normal 0.0637841 0.402274 0.913294
    outer loop
      vertex -15.4434 3.26644 3.5346
      vertex -15.4775 3.21384 3.56015
      vertex -15.4553 3.21032 3.56015
    endloop
  endfacet
  facet normal 0.887895 -0.340625 0.309221
    outer loop
      vertex -14.9673 -3.17309 3.21502
      vertex -14.9883 -3.22783 3.21502
      vertex -14.9488 -3.17909 3.15529
    endloop
  endfacet
  facet normal 0.960807 -0.256934 0.104085
    outer loop
      vertex -14.9203 -3.12321 3.09386
      vertex -14.9301 -3.18516 3.0314
      vertex -14.9139 -3.12458 3.0314
    endloop
  endfacet
  facet normal -0.0424853 -0.808216 0.587352
    outer loop
      vertex -15.5487 -3.46373 3.37759
      vertex -15.5526 -3.50045 3.32678
      vertex -15.5 -3.46629 3.37759
    endloop
  endfacet
  facet normal 0.853534 -0.326774 0.405831
    outer loop
      vertex -14.9916 -3.1652 3.27239
      vertex -15.0116 -3.21744 3.27239
      vertex -14.9883 -3.22783 3.21502
    endloop
  endfacet
  facet normal 0.0877411 -0.0572225 0.994498
    outer loop
      vertex -15.4728 -3.0157 3.59918
      vertex -15.4746 -3.01846 3.59918
      vertex -15.4187 -3.04693 3.59261
    endloop
  endfacet
  facet normal 0.0817657 -0.0653697 0.994505
    outer loop
      vertex -15.4241 -3.05517 3.59261
      vertex -15.4767 -3.02101 3.59918
      vertex -15.4302 -3.0628 3.59261
    endloop
  endfacet
  facet normal 0.976859 -0.0504674 0.207843
    outer loop
      vertex -14.9074 -3 3.09386
      vertex -14.9236 -3.06058 3.15529
      vertex -14.9106 -3.06194 3.09386
    endloop
  endfacet
  facet normal 0.994463 -0 0.105083
    outer loop
      vertex -14.9074 -3 3.09386
      vertex -14.9008 3 3.0314
      vertex -14.9074 3 3.09386
    endloop
  endfacet
  facet normal 0.994463 0 0.105083
    outer loop
      vertex -14.9008 3 3.0314
      vertex -14.9074 -3 3.09386
      vertex -14.9008 -3 3.0314
    endloop
  endfacet
  facet normal 0.918578 -0.246146 0.309234
    outer loop
      vertex -14.9331 -3.1205 3.15529
      vertex -14.9673 -3.17309 3.21502
      vertex -14.9488 -3.17909 3.15529
    endloop
  endfacet
  facet normal 0.928345 -0.356751 0.104428
    outer loop
      vertex -14.9301 -3.18516 3.0314
      vertex -14.9586 -3.24104 3.09386
      vertex -14.9526 -3.24371 3.0314
    endloop
  endfacet
  facet normal -0.406559 -0.0217025 0.913367
    outer loop
      vertex -15.715 -3 3.56015
      vertex -15.7724 -3 3.5346
      vertex -15.7138 -3.02248 3.56015
    endloop
  endfacet
  facet normal -0.598171 0.739203 0.309467
    outer loop
      vertex -15.8407 3.46887 3.15529
      vertex -15.8748 3.41627 3.21502
      vertex -15.8292 3.45317 3.21502
    endloop
  endfacet
  facet normal -1 0 0
    outer loop
      vertex -16.0992 -3 3
      vertex -16.0992 3 3.0314
      vertex -16.0992 3 3
    endloop
  endfacet
  facet normal -1 -0 0
    outer loop
      vertex -16.0992 3 3.0314
      vertex -16.0992 -3 3
      vertex -16.0992 -3 3.0314
    endloop
  endfacet
  facet normal -0.890828 0.454341 0
    outer loop
      vertex -16.0474 3.24371 3
      vertex -16.0189 3.29959 3.0314
      vertex -16.0189 3.29959 3
    endloop
  endfacet
  facet normal -0.890828 0.454341 0
    outer loop
      vertex -16.0189 3.29959 3.0314
      vertex -16.0474 3.24371 3
      vertex -16.0474 3.24371 3.0314
    endloop
  endfacet
  facet normal 0.156282 -0.987713 0
    outer loop
      vertex -15.4374 -3.59589 3
      vertex -15.3754 -3.58608 3.0314
      vertex -15.4374 -3.59589 3.0314
    endloop
  endfacet
  facet normal 0.156282 -0.987713 0
    outer loop
      vertex -15.3754 -3.58608 3.0314
      vertex -15.4374 -3.59589 3
      vertex -15.3754 -3.58608 3
    endloop
  endfacet
  facet normal -0.156282 -0.987713 0
    outer loop
      vertex -15.6246 -3.58608 3
      vertex -15.5626 -3.59589 3.0314
      vertex -15.6246 -3.58608 3.0314
    endloop
  endfacet
  facet normal -0.156282 -0.987713 -0
    outer loop
      vertex -15.5626 -3.59589 3.0314
      vertex -15.6246 -3.58608 3
      vertex -15.5626 -3.59589 3
    endloop
  endfacet
  facet normal 0.646917 -0.172873 0.742707
    outer loop
      vertex -15.1307 -3.07851 3.46629
      vertex -15.1409 -3.11668 3.46629
      vertex -15.0965 -3.1311 3.42426
    endloop
  endfacet
  facet normal 0.0975711 -0.0382632 0.994493
    outer loop
      vertex -15.4107 -3.029 3.59261
      vertex -15.4713 -3.01277 3.59918
      vertex -15.4143 -3.03818 3.59261
    endloop
  endfacet
  facet normal 0.0784558 -0.494307 0.86574
    outer loop
      vertex -15.4434 -3.26644 3.5346
      vertex -15.4715 -3.2709 3.5346
      vertex -15.4658 -3.32499 3.5032
    endloop
  endfacet
  facet normal 0.314777 -0.389084 0.865753
    outer loop
      vertex -15.2813 -3.24285 3.5032
      vertex -15.3177 -3.20243 3.5346
      vertex -15.3079 -3.26437 3.5032
    endloop
  endfacet
  facet normal 0.0307466 -0.587449 0.808677
    outer loop
      vertex -15.5 -3.32678 3.5032
      vertex -15.5 -3.37759 3.46629
      vertex -15.4658 -3.32499 3.5032
    endloop
  endfacet
  facet normal 0.672307 -0.672956 0.308437
    outer loop
      vertex -15.1252 -3.41627 3.21502
      vertex -15.0693 -3.3878 3.15529
      vertex -15.0837 -3.37481 3.21502
    endloop
  endfacet
  facet normal 0.672481 -0.672638 0.308751
    outer loop
      vertex -15.0693 -3.3878 3.15529
      vertex -15.1252 -3.41627 3.21502
      vertex -15.1122 -3.43069 3.15529
    endloop
  endfacet
  facet normal 0.257288 -0.960667 0.10451
    outer loop
      vertex -15.3148 -3.56985 3.0314
      vertex -15.3768 -3.57966 3.09386
      vertex -15.3754 -3.58608 3.0314
    endloop
  endfacet
  facet normal 0.855087 0.136146 0.50029
    outer loop
      vertex -14.9771 3.11115 3.27239
      vertex -14.9996 3.0526 3.32678
      vertex -14.9683 3.05588 3.27239
    endloop
  endfacet
  facet normal 0.864684 0.0448744 0.500309
    outer loop
      vertex -14.9683 3.05588 3.27239
      vertex -14.9996 3.0526 3.32678
      vertex -14.9654 3 3.27239
    endloop
  endfacet
  facet normal 0.743318 -0 0.668938
    outer loop
      vertex -15.0757 -3 3.42426
      vertex -15.0337 3 3.37759
      vertex -15.0757 3 3.42426
    endloop
  endfacet
  facet normal 0.743318 0 0.668938
    outer loop
      vertex -15.0337 3 3.37759
      vertex -15.0757 -3 3.42426
      vertex -15.0337 -3 3.37759
    endloop
  endfacet
  facet normal 0.799613 0.126054 0.587136
    outer loop
      vertex -14.9996 3.0526 3.32678
      vertex -15.0439 3.09695 3.37759
      vertex -15.0363 3.04874 3.37759
    endloop
  endfacet
  facet normal 0.406559 0.0217025 0.913367
    outer loop
      vertex -15.2276 3 3.5346
      vertex -15.2862 3.02248 3.56015
      vertex -15.285 3 3.56015
    endloop
  endfacet
  facet normal 0.0481163 0.0930248 0.9945
    outer loop
      vertex -15.4531 3.08129 3.59261
      vertex -15.4872 3.02869 3.59918
      vertex -15.4843 3.02719 3.59918
    endloop
  endfacet
  facet normal 0.256158 0.31658 0.913324
    outer loop
      vertex -15.3177 3.20243 3.5346
      vertex -15.3736 3.17395 3.56015
      vertex -15.3561 3.15979 3.56015
    endloop
  endfacet
  facet normal -0.40647 -0.0214157 0.913413
    outer loop
      vertex -15.7138 -3.02248 3.56015
      vertex -15.7724 -3 3.5346
      vertex -15.7709 -3.02847 3.5346
    endloop
  endfacet
  facet normal -0.882465 0.236739 0.406462
    outer loop
      vertex -16.0084 3.1652 3.27239
      vertex -16.0479 3.11646 3.21502
      vertex -16.0229 3.11115 3.27239
    endloop
  endfacet
  facet normal -0.977029 0.0516093 0.206762
    outer loop
      vertex -16.0764 3.06058 3.15529
      vertex -16.0926 3 3.09386
      vertex -16.0796 3 3.15529
    endloop
  endfacet
  facet normal 0.581217 0.092304 0.808496
    outer loop
      vertex -15.1307 3.07851 3.46629
      vertex -15.175 3.03416 3.5032
      vertex -15.1245 3.03947 3.46629
    endloop
  endfacet
  facet normal 0.419989 0.272264 0.865726
    outer loop
      vertex -15.2356 3.19208 3.5032
      vertex -15.2796 3.16011 3.5346
      vertex -15.2641 3.1362 3.5346
    endloop
  endfacet
  facet normal 0.393537 0.104315 0.913371
    outer loop
      vertex -15.2409 3.08417 3.5346
      vertex -15.2955 3.06644 3.56015
      vertex -15.2336 3.05663 3.5346
    endloop
  endfacet
  facet normal 0.918588 0.246557 0.308878
    outer loop
      vertex -14.9331 3.1205 3.15529
      vertex -14.9673 3.17309 3.21502
      vertex -14.9521 3.11646 3.21502
    endloop
  endfacet
  facet normal 0.809447 0.309895 0.498759
    outer loop
      vertex -15.0116 3.21744 3.27239
      vertex -15.0214 3.1555 3.32678
      vertex -14.9916 3.1652 3.27239
    endloop
  endfacet
  facet normal 0.47169 0.726688 0.499433
    outer loop
      vertex -15.2327 3.46298 3.27239
      vertex -15.2484 3.43579 3.32678
      vertex -15.2042 3.4071 3.32678
    endloop
  endfacet
  facet normal 0.310757 0.808649 0.499516
    outer loop
      vertex -15.3348 3.50844 3.27239
      vertex -15.3445 3.47857 3.32678
      vertex -15.2826 3.48838 3.27239
    endloop
  endfacet
  facet normal 0.290032 0.75574 0.587145
    outer loop
      vertex -15.3445 3.47857 3.32678
      vertex -15.3559 3.44347 3.37759
      vertex -15.3103 3.42597 3.37759
    endloop
  endfacet
  facet normal 0.993206 0.0523324 0.103938
    outer loop
      vertex -14.9041 3.06263 3.0314
      vertex -14.9106 3.06194 3.09386
      vertex -14.9008 3 3.0314
    endloop
  endfacet
  facet normal 0.902409 -0.14368 0.406219
    outer loop
      vertex -14.9683 -3.05588 3.27239
      vertex -14.9771 -3.11115 3.27239
      vertex -14.9429 -3.05855 3.21502
    endloop
  endfacet
  facet normal 0.706708 0.707505 0
    outer loop
      vertex -15.0547 3.40093 3.0314
      vertex -15.0991 3.44528 3
      vertex -15.0991 3.44528 3.0314
    endloop
  endfacet
  facet normal 0.706708 0.707505 0
    outer loop
      vertex -15.0991 3.44528 3
      vertex -15.0547 3.40093 3.0314
      vertex -15.0547 3.40093 3
    endloop
  endfacet
  facet normal 0.517886 0.797832 0.30864
    outer loop
      vertex -15.2102 3.50191 3.15529
      vertex -15.2199 3.4851 3.21502
      vertex -15.1593 3.46887 3.15529
    endloop
  endfacet
  facet normal 0.814373 0.414669 0.406013
    outer loop
      vertex -15.0149 3.28007 3.21502
      vertex -15.037 3.2673 3.27239
      vertex -14.9883 3.22783 3.21502
    endloop
  endfacet
  facet normal 0.179559 0.467206 0.865724
    outer loop
      vertex -15.3671 3.29853 3.5032
      vertex -15.399 3.31079 3.5032
      vertex -15.3892 3.24884 3.5346
    endloop
  endfacet
  facet normal -0.0350248 0.668792 0.742624
    outer loop
      vertex -15.5 3.42426 3.42426
      vertex -15.5443 3.42194 3.42426
      vertex -15.5 3.37759 3.46629
    endloop
  endfacet
  facet normal 0.126536 0.799347 0.587395
    outer loop
      vertex -15.4474 3.50045 3.32678
      vertex -15.4513 3.46373 3.37759
      vertex -15.4031 3.4561 3.37759
    endloop
  endfacet
  facet normal -0.0511316 0.976866 0.20765
    outer loop
      vertex -15.5 3.59261 3.09386
      vertex -15.5619 3.58937 3.09386
      vertex -15.5606 3.57638 3.15529
    endloop
  endfacet
  facet normal -0.0496904 0.949916 0.308528
    outer loop
      vertex -15.5 3.57955 3.15529
      vertex -15.5606 3.57638 3.15529
      vertex -15.5 3.56015 3.21502
    endloop
  endfacet
  facet normal -0.135598 0.855715 0.499364
    outer loop
      vertex -15.5526 3.50045 3.32678
      vertex -15.6111 3.52292 3.27239
      vertex -15.6046 3.49221 3.32678
    endloop
  endfacet
  facet normal -0.443777 0.871762 0.207588
    outer loop
      vertex -15.741 3.54138 3.09386
      vertex -15.7898 3.50191 3.15529
      vertex -15.7357 3.52945 3.15529
    endloop
  endfacet
  facet normal 0.0261593 0.499804 0.865743
    outer loop
      vertex -15.5 3.32678 3.5032
      vertex -15.5 3.27239 3.5346
      vertex -15.4658 3.32499 3.5032
    endloop
  endfacet
  facet normal -0.0497639 0.949891 0.308596
    outer loop
      vertex -15.5 3.56015 3.21502
      vertex -15.5606 3.57638 3.15529
      vertex -15.5586 3.55708 3.21502
    endloop
  endfacet
  facet normal -0.148797 0.939512 0.308507
    outer loop
      vertex -15.5586 3.55708 3.21502
      vertex -15.6205 3.56689 3.15529
      vertex -15.6165 3.54791 3.21502
    endloop
  endfacet
  facet normal -0.887895 -0.340625 0.309221
    outer loop
      vertex -16.0327 -3.17309 3.21502
      vertex -16.0512 -3.17909 3.15529
      vertex -16.0117 -3.22783 3.21502
    endloop
  endfacet
  facet normal -0.742421 -0.0401761 0.668728
    outer loop
      vertex -15.9243 -3 3.42426
      vertex -15.9637 -3.04874 3.37759
      vertex -15.9219 -3.04435 3.42426
    endloop
  endfacet
  facet normal -0.693924 -0.266484 0.668922
    outer loop
      vertex -15.9035 -3.1311 3.42426
      vertex -15.9435 -3.14409 3.37759
      vertex -15.926 -3.18966 3.37759
    endloop
  endfacet
  facet normal -0.721413 -0.367393 0.587014
    outer loop
      vertex -15.926 -3.18966 3.37759
      vertex -15.9597 -3.20467 3.32678
      vertex -15.9358 -3.2516 3.32678
    endloop
  endfacet
  facet normal -0.509631 -0.628776 0.587296
    outer loop
      vertex -15.7741 -3.37723 3.37759
      vertex -15.8367 -3.37395 3.32678
      vertex -15.7958 -3.4071 3.32678
    endloop
  endfacet
  facet normal -0.645829 -0.646319 0.40642
    outer loop
      vertex -15.9163 -3.37481 3.21502
      vertex -15.8577 -3.39729 3.27239
      vertex -15.8973 -3.35772 3.27239
    endloop
  endfacet
  facet normal -0.645787 -0.64641 0.406342
    outer loop
      vertex -15.8577 -3.39729 3.27239
      vertex -15.9163 -3.37481 3.21502
      vertex -15.8748 -3.41627 3.21502
    endloop
  endfacet
  facet normal -0.838371 -0.5451 0
    outer loop
      vertex -15.9847 -3.35219 3
      vertex -16.0189 -3.29959 3.0314
      vertex -16.0189 -3.29959 3
    endloop
  endfacet
  facet normal -0.838371 -0.5451 0
    outer loop
      vertex -16.0189 -3.29959 3.0314
      vertex -15.9847 -3.35219 3
      vertex -15.9847 -3.35219 3.0314
    endloop
  endfacet
  facet normal -0.820668 -0.532378 0.207553
    outer loop
      vertex -16.0019 -3.28978 3.15529
      vertex -16.0132 -3.29631 3.09386
      vertex -15.9689 -3.34065 3.15529
    endloop
  endfacet
  facet normal -0.79799 -0.517666 0.308601
    outer loop
      vertex -15.9851 -3.28007 3.21502
      vertex -16.0019 -3.28978 3.15529
      vertex -15.9689 -3.34065 3.15529
    endloop
  endfacet
  facet normal -0.885958 -0.451857 0.104422
    outer loop
      vertex -16.0414 -3.24104 3.09386
      vertex -16.0474 -3.24371 3.0314
      vertex -16.0189 -3.29959 3.0314
    endloop
  endfacet
  facet normal -0.7102 -0.574823 0.406441
    outer loop
      vertex -15.8973 -3.35772 3.27239
      vertex -15.9325 -3.31423 3.27239
      vertex -15.9163 -3.37481 3.21502
    endloop
  endfacet
  facet normal -0.628849 -0.508981 0.587782
    outer loop
      vertex -15.8465 -3.31201 3.37759
      vertex -15.8772 -3.27408 3.37759
      vertex -15.874 -3.33671 3.32678
    endloop
  endfacet
  facet normal -0.855869 -0.134912 0.499286
    outer loop
      vertex -16.0004 -3.0526 3.32678
      vertex -16.0229 -3.11115 3.27239
      vertex -15.9922 -3.10462 3.32678
    endloop
  endfacet
  facet normal -0.912969 -0.35139 0.207397
    outer loop
      vertex -16.0512 -3.17909 3.15529
      vertex -16.0636 -3.18313 3.09386
      vertex -16.0294 -3.23573 3.15529
    endloop
  endfacet
  facet normal -0.533077 -0.82036 0.206974
    outer loop
      vertex -15.8407 -3.46887 3.15529
      vertex -15.8483 -3.47943 3.09386
      vertex -15.7963 -3.51322 3.09386
    endloop
  endfacet
  facet normal -0.453959 -0.891022 0
    outer loop
      vertex -15.7996 -3.5189 3
      vertex -15.7437 -3.54738 3.0314
      vertex -15.7996 -3.5189 3.0314
    endloop
  endfacet
  facet normal -0.453959 -0.891022 -0
    outer loop
      vertex -15.7437 -3.54738 3.0314
      vertex -15.7996 -3.5189 3
      vertex -15.7437 -3.54738 3
    endloop
  endfacet
  facet normal -0.615691 -0.760346 0.206878
    outer loop
      vertex -15.8407 -3.46887 3.15529
      vertex -15.8965 -3.4404 3.09386
      vertex -15.8483 -3.47943 3.09386
    endloop
  endfacet
  facet normal -0.47169 -0.726688 0.499433
    outer loop
      vertex -15.7516 -3.43579 3.32678
      vertex -15.7958 -3.4071 3.32678
      vertex -15.7673 -3.46298 3.27239
    endloop
  endfacet
  facet normal -0.414479 -0.814272 0.406409
    outer loop
      vertex -15.7174 -3.48838 3.27239
      vertex -15.7673 -3.46298 3.27239
      vertex -15.7278 -3.51172 3.21502
    endloop
  endfacet
  facet normal -0.148844 -0.93949 0.308552
    outer loop
      vertex -15.5586 -3.55708 3.21502
      vertex -15.6205 -3.56689 3.15529
      vertex -15.5606 -3.57638 3.15529
    endloop
  endfacet
  facet normal -0.310757 -0.808649 0.499516
    outer loop
      vertex -15.6555 -3.47857 3.32678
      vertex -15.7174 -3.48838 3.27239
      vertex -15.6652 -3.50844 3.27239
    endloop
  endfacet
  facet normal 0.0521974 -0.993179 0.10426
    outer loop
      vertex -15.4381 -3.58937 3.09386
      vertex -15.5 -3.59918 3.0314
      vertex -15.4374 -3.59589 3.0314
    endloop
  endfacet
  facet normal 0.155598 -0.982301 0.104283
    outer loop
      vertex -15.3768 -3.57966 3.09386
      vertex -15.4381 -3.58937 3.09386
      vertex -15.4374 -3.59589 3.0314
    endloop
  endfacet
  facet normal -0.266322 0.694243 0.668655
    outer loop
      vertex -15.6311 3.4035 3.42426
      vertex -15.6897 3.42597 3.37759
      vertex -15.6726 3.38758 3.42426
    endloop
  endfacet
  facet normal -0.466946 -0.179876 0.865798
    outer loop
      vertex -15.7488 -3.11079 3.5346
      vertex -15.8108 -3.10098 3.5032
      vertex -15.7985 -3.13291 3.5032
    endloop
  endfacet
  facet normal -0.521027 -0.421231 0.742358
    outer loop
      vertex -15.8055 -3.22194 3.46629
      vertex -15.8432 -3.24938 3.42426
      vertex -15.8153 -3.28389 3.42426
    endloop
  endfacet
  facet normal -0.338025 -0.662302 0.668652
    outer loop
      vertex -15.6726 -3.38758 3.42426
      vertex -15.7121 -3.36742 3.42426
      vertex -15.6897 -3.42597 3.37759
    endloop
  endfacet
  facet normal -0.662211 -0.338051 0.668729
    outer loop
      vertex -15.8876 -3.17256 3.42426
      vertex -15.926 -3.18966 3.37759
      vertex -15.8674 -3.21213 3.42426
    endloop
  endfacet
  facet normal -0.678552 -0.440897 0.587518
    outer loop
      vertex -15.8772 -3.27408 3.37759
      vertex -15.9358 -3.2516 3.32678
      vertex -15.9071 -3.29577 3.32678
    endloop
  endfacet
  facet normal -0.145441 -0.380273 0.913367
    outer loop
      vertex -15.5664 -3.2045 3.56015
      vertex -15.5875 -3.19643 3.56015
      vertex -15.5842 -3.25906 3.5346
    endloop
  endfacet
  facet normal -0.494188 0.0789717 0.865761
    outer loop
      vertex -15.7664 3.05663 3.5346
      vertex -15.825 3.03416 3.5032
      vertex -15.7709 3.02847 3.5346
    endloop
  endfacet
  facet normal -0.493556 -0.320201 0.808625
    outer loop
      vertex -15.7644 -3.19208 3.5032
      vertex -15.827 -3.1888 3.46629
      vertex -15.8055 -3.22194 3.46629
    endloop
  endfacet
  facet normal -0.309008 -0.0164951 0.950916
    outer loop
      vertex -15.6553 -3 3.57955
      vertex -15.715 -3 3.56015
      vertex -15.7138 -3.02248 3.56015
    endloop
  endfacet
  facet normal 0.837158 -0.224584 0.498727
    outer loop
      vertex -14.9771 -3.11115 3.27239
      vertex -15.0214 -3.1555 3.32678
      vertex -14.9916 -3.1652 3.27239
    endloop
  endfacet
  facet normal 0.720675 -0.367962 0.587565
    outer loop
      vertex -15.074 -3.18966 3.37759
      vertex -15.0962 -3.23314 3.37759
      vertex -15.0642 -3.2516 3.32678
    endloop
  endfacet
  facet normal 0.766693 -0.497306 0.40604
    outer loop
      vertex -15.037 -3.2673 3.27239
      vertex -15.0468 -3.32925 3.21502
      vertex -15.0149 -3.28007 3.21502
    endloop
  endfacet
  facet normal 0.814373 -0.414669 0.406013
    outer loop
      vertex -14.9883 -3.22783 3.21502
      vertex -15.037 -3.2673 3.27239
      vertex -15.0149 -3.28007 3.21502
    endloop
  endfacet
  facet normal 0.431464 -0.847692 0.308637
    outer loop
      vertex -15.2199 -3.4851 3.21502
      vertex -15.2722 -3.51172 3.21502
      vertex -15.2102 -3.50191 3.15529
    endloop
  endfacet
  facet normal 0.288663 -0.111236 0.950947
    outer loop
      vertex -15.2955 -3.06644 3.56015
      vertex -15.3523 -3.04799 3.57955
      vertex -15.3036 -3.08746 3.56015
    endloop
  endfacet
  facet normal 0.146102 -0.380266 0.913265
    outer loop
      vertex -15.4125 -3.19643 3.56015
      vertex -15.4158 -3.25906 3.5346
      vertex -15.3892 -3.24884 3.5346
    endloop
  endfacet
  facet normal 0.568395 -0.151389 0.808708
    outer loop
      vertex -15.1804 -3.06794 3.5032
      vertex -15.1892 -3.10098 3.5032
      vertex -15.1307 -3.07851 3.46629
    endloop
  endfacet
  facet normal 0.419989 -0.272264 0.865726
    outer loop
      vertex -15.2641 -3.1362 3.5346
      vertex -15.2796 -3.16011 3.5346
      vertex -15.2356 -3.19208 3.5032
    endloop
  endfacet
  facet normal 0.103552 -0.0159311 0.994496
    outer loop
      vertex -15.4688 -3.00328 3.59918
      vertex -15.4693 -3.00653 3.59918
      vertex -15.4082 -3.01951 3.59261
    endloop
  endfacet
  facet normal 0.0936377 -0.0470864 0.994492
    outer loop
      vertex -15.4143 -3.03818 3.59261
      vertex -15.4713 -3.01277 3.59918
      vertex -15.4187 -3.04693 3.59261
    endloop
  endfacet
  facet normal 0.0876348 -0.0574306 0.994496
    outer loop
      vertex -15.4187 -3.04693 3.59261
      vertex -15.4746 -3.01846 3.59918
      vertex -15.4241 -3.05517 3.59261
    endloop
  endfacet
  facet normal 0.8204 0.533055 0.206871
    outer loop
      vertex -15.0206 3.34833 3.09386
      vertex -15.0311 3.34065 3.15529
      vertex -14.9868 3.29631 3.09386
    endloop
  endfacet
  facet normal 0.950623 -0 0.310349
    outer loop
      vertex -14.9399 -3 3.21502
      vertex -14.9204 3 3.15529
      vertex -14.9399 3 3.21502
    endloop
  endfacet
  facet normal 0.950623 0 0.310349
    outer loop
      vertex -14.9204 3 3.15529
      vertex -14.9399 -3 3.21502
      vertex -14.9204 -3 3.15529
    endloop
  endfacet
  facet normal 0.966055 -0.258338 0
    outer loop
      vertex -14.9301 -3.18516 3.0314
      vertex -14.9139 -3.12458 3
      vertex -14.9139 -3.12458 3.0314
    endloop
  endfacet
  facet normal 0.966055 -0.258338 0
    outer loop
      vertex -14.9139 -3.12458 3
      vertex -14.9301 -3.18516 3.0314
      vertex -14.9301 -3.18516 3
    endloop
  endfacet
  facet normal 0.616023 -0.759944 0.207365
    outer loop
      vertex -15.1122 -3.43069 3.15529
      vertex -15.1593 -3.46887 3.15529
      vertex -15.1035 -3.4404 3.09386
    endloop
  endfacet
  facet normal 0.987718 -0.156249 0
    outer loop
      vertex -14.9139 -3.12458 3.0314
      vertex -14.9041 -3.06263 3
      vertex -14.9041 -3.06263 3.0314
    endloop
  endfacet
  facet normal 0.987718 -0.156249 0
    outer loop
      vertex -14.9041 -3.06263 3
      vertex -14.9139 -3.12458 3.0314
      vertex -14.9139 -3.12458 3
    endloop
  endfacet
  facet normal 0.944619 -0.253811 0.208025
    outer loop
      vertex -14.9331 -3.1205 3.15529
      vertex -14.9364 -3.18313 3.09386
      vertex -14.9203 -3.12321 3.09386
    endloop
  endfacet
  facet normal 0.966087 -0.152947 0.208048
    outer loop
      vertex -14.9106 -3.06194 3.09386
      vertex -14.9331 -3.1205 3.15529
      vertex -14.9203 -3.12321 3.09386
    endloop
  endfacet
  facet normal 0.885958 -0.451857 0.104422
    outer loop
      vertex -14.9586 -3.24104 3.09386
      vertex -14.9811 -3.29959 3.0314
      vertex -14.9526 -3.24371 3.0314
    endloop
  endfacet
  facet normal 0.629547 -0.776962 0
    outer loop
      vertex -15.1478 -3.48474 3
      vertex -15.0991 -3.44528 3.0314
      vertex -15.1478 -3.48474 3.0314
    endloop
  endfacet
  facet normal 0.629547 -0.776962 0
    outer loop
      vertex -15.0991 -3.44528 3.0314
      vertex -15.1478 -3.48474 3
      vertex -15.0991 -3.44528 3
    endloop
  endfacet
  facet normal 0.451295 -0.886243 0.104437
    outer loop
      vertex -15.2037 -3.51322 3.09386
      vertex -15.259 -3.54138 3.09386
      vertex -15.2004 -3.5189 3.0314
    endloop
  endfacet
  facet normal 0.739117 0.598818 0.30842
    outer loop
      vertex -15.0693 3.3878 3.15529
      vertex -15.0837 3.37481 3.21502
      vertex -15.0311 3.34065 3.15529
    endloop
  endfacet
  facet normal 0.626102 0.77271 0.104478
    outer loop
      vertex -15.0991 3.44528 3.0314
      vertex -15.1478 3.48474 3.0314
      vertex -15.1035 3.4404 3.09386
    endloop
  endfacet
  facet normal 0.544652 0.838662 -0
    outer loop
      vertex -15.1478 3.48474 3
      vertex -15.2004 3.5189 3.0314
      vertex -15.1478 3.48474 3.0314
    endloop
  endfacet
  facet normal 0.544652 0.838662 0
    outer loop
      vertex -15.2004 3.5189 3.0314
      vertex -15.1478 3.48474 3
      vertex -15.2004 3.5189 3
    endloop
  endfacet
  facet normal -0.939452 0.148945 0.308618
    outer loop
      vertex -16.0669 3.1205 3.15529
      vertex -16.0764 3.06058 3.15529
      vertex -16.0571 3.05855 3.21502
    endloop
  endfacet
  facet normal -0.626102 0.77271 0.104478
    outer loop
      vertex -15.8522 3.48474 3.0314
      vertex -15.9009 3.44528 3.0314
      vertex -15.8965 3.4404 3.09386
    endloop
  endfacet
  facet normal -0.257288 -0.960667 0.10451
    outer loop
      vertex -15.6232 -3.57966 3.09386
      vertex -15.6852 -3.56985 3.0314
      vertex -15.6246 -3.58608 3.0314
    endloop
  endfacet
  facet normal -0.0521974 -0.993179 0.10426
    outer loop
      vertex -15.5619 -3.58937 3.09386
      vertex -15.5626 -3.59589 3.0314
      vertex -15.5 -3.59918 3.0314
    endloop
  endfacet
  facet normal -0.416751 -0.415201 0.808657
    outer loop
      vertex -15.7428 -3.21866 3.5032
      vertex -15.7527 -3.28061 3.46629
      vertex -15.7187 -3.24285 3.5032
    endloop
  endfacet
  facet normal -0.416158 -0.415413 0.808854
    outer loop
      vertex -15.7527 -3.28061 3.46629
      vertex -15.7428 -3.21866 3.5032
      vertex -15.7806 -3.25266 3.46629
    endloop
  endfacet
  facet normal 0.0932237 -0.0477255 0.994501
    outer loop
      vertex -15.4713 -3.01277 3.59918
      vertex -15.4728 -3.0157 3.59918
      vertex -15.4187 -3.04693 3.59261
    endloop
  endfacet
  facet normal 0.227099 -0.44601 0.865737
    outer loop
      vertex -15.3638 -3.2359 3.5346
      vertex -15.3671 -3.29853 3.5032
      vertex -15.3366 -3.283 3.5032
    endloop
  endfacet
  facet normal 0.00544407 -0.104612 0.994498
    outer loop
      vertex -15.4967 -3.03123 3.59918
      vertex -15.5 -3.09386 3.59261
      vertex -15.4902 -3.09335 3.59261
    endloop
  endfacet
  facet normal 0.309008 -0.0164951 0.950916
    outer loop
      vertex -15.285 -3 3.56015
      vertex -15.3447 -3 3.57955
      vertex -15.2862 -3.02248 3.56015
    endloop
  endfacet
  facet normal 0.406559 -0.0217025 0.913367
    outer loop
      vertex -15.285 -3 3.56015
      vertex -15.2862 -3.02248 3.56015
      vertex -15.2276 -3 3.5346
    endloop
  endfacet
  facet normal -0.420848 -0.521195 0.742457
    outer loop
      vertex -15.7527 -3.28061 3.46629
      vertex -15.7839 -3.31529 3.42426
      vertex -15.7219 -3.30548 3.46629
    endloop
  endfacet
  facet normal -0.21099 -0.548986 0.808763
    outer loop
      vertex -15.6329 -3.29853 3.5032
      vertex -15.6536 -3.34495 3.46629
      vertex -15.601 -3.31079 3.5032
    endloop
  endfacet
  facet normal 0.290032 -0.75574 0.587145
    outer loop
      vertex -15.3103 -3.42597 3.37759
      vertex -15.3559 -3.44347 3.37759
      vertex -15.3445 -3.47857 3.32678
    endloop
  endfacet
  facet normal 0.116274 -0.734451 0.668628
    outer loop
      vertex -15.4118 -3.41499 3.42426
      vertex -15.4557 -3.42194 3.42426
      vertex -15.4031 -3.4561 3.37759
    endloop
  endfacet
  facet normal 0.135581 -0.855609 0.499551
    outer loop
      vertex -15.3954 -3.49221 3.32678
      vertex -15.4474 -3.50045 3.32678
      vertex -15.3888 -3.52292 3.27239
    endloop
  endfacet
  facet normal -0.0519849 -0.993169 0.104469
    outer loop
      vertex -15.5 -3.59261 3.09386
      vertex -15.5619 -3.58937 3.09386
      vertex -15.5 -3.59918 3.0314
    endloop
  endfacet
  facet normal -0.0452314 -0.865153 0.499463
    outer loop
      vertex -15.5 -3.5032 3.32678
      vertex -15.5526 -3.50045 3.32678
      vertex -15.5 -3.5346 3.27239
    endloop
  endfacet
  facet normal 0.153072 -0.966175 0.207547
    outer loop
      vertex -15.3795 -3.56689 3.15529
      vertex -15.4394 -3.57638 3.15529
      vertex -15.4381 -3.58937 3.09386
    endloop
  endfacet
  facet normal 0.532625 -0.820539 0.207429
    outer loop
      vertex -15.1593 -3.46887 3.15529
      vertex -15.2102 -3.50191 3.15529
      vertex -15.2037 -3.51322 3.09386
    endloop
  endfacet
  facet normal 0.833943 -0.541855 0.104559
    outer loop
      vertex -14.9868 -3.29631 3.09386
      vertex -15.0206 -3.34833 3.09386
      vertex -14.9811 -3.29959 3.0314
    endloop
  endfacet
  facet normal 0.246153 -0.918764 0.308677
    outer loop
      vertex -15.3269 -3.53273 3.21502
      vertex -15.3795 -3.56689 3.15529
      vertex -15.3209 -3.55119 3.15529
    endloop
  endfacet
  facet normal 0.142793 -0.902455 0.40643
    outer loop
      vertex -15.3888 -3.52292 3.27239
      vertex -15.4441 -3.53167 3.27239
      vertex -15.4414 -3.55708 3.21502
    endloop
  endfacet
  facet normal 0.524486 0.266562 0.808615
    outer loop
      vertex -15.173 3.1888 3.46629
      vertex -15.2015 3.13291 3.5032
      vertex -15.1551 3.15358 3.46629
    endloop
  endfacet
  facet normal 0.771956 0.393133 0.499529
    outer loop
      vertex -15.037 3.2673 3.27239
      vertex -15.0642 3.2516 3.32678
      vertex -15.0403 3.20467 3.32678
    endloop
  endfacet
  facet normal 0.864684 -0.0448744 0.500309
    outer loop
      vertex -14.9654 -3 3.27239
      vertex -14.9996 -3.0526 3.32678
      vertex -14.9683 -3.05588 3.27239
    endloop
  endfacet
  facet normal 0.79961 -0.126044 0.587142
    outer loop
      vertex -14.9996 -3.0526 3.32678
      vertex -15.0439 -3.09695 3.37759
      vertex -15.0078 -3.10462 3.32678
    endloop
  endfacet
  facet normal 0.587521 0.0309583 0.808617
    outer loop
      vertex -15.1224 3 3.46629
      vertex -15.175 3.03416 3.5032
      vertex -15.1732 3 3.5032
    endloop
  endfacet
  facet normal 0.587802 0 0.809005
    outer loop
      vertex -15.1732 3 3.5032
      vertex -15.1224 -3 3.46629
      vertex -15.1224 3 3.46629
    endloop
  endfacet
  facet normal 0.587802 0 0.809005
    outer loop
      vertex -15.1224 -3 3.46629
      vertex -15.1732 3 3.5032
      vertex -15.1732 -3 3.5032
    endloop
  endfacet
  facet normal 0.456596 0.371049 0.808605
    outer loop
      vertex -15.1945 3.22194 3.46629
      vertex -15.2572 3.21866 3.5032
      vertex -15.2356 3.19208 3.5032
    endloop
  endfacet
  facet normal 0.10127 0.0266781 0.994501
    outer loop
      vertex -15.4107 3.029 3.59261
      vertex -15.4693 3.00653 3.59918
      vertex -15.4082 3.01951 3.59261
    endloop
  endfacet
  facet normal 0.0877411 0.0572225 0.994498
    outer loop
      vertex -15.4187 3.04693 3.59261
      vertex -15.4746 3.01846 3.59918
      vertex -15.4728 3.0157 3.59918
    endloop
  endfacet
  facet normal 0.40647 0.0214157 0.913413
    outer loop
      vertex -15.2291 3.02847 3.5346
      vertex -15.2862 3.02248 3.56015
      vertex -15.2276 3 3.5346
    endloop
  endfacet
  facet normal -0.0212636 0.406719 0.913306
    outer loop
      vertex -15.5 3.27239 3.5346
      vertex -15.5285 3.2709 3.5346
      vertex -15.5225 3.21384 3.56015
    endloop
  endfacet
  facet normal 0.066656 0.0808932 0.994491
    outer loop
      vertex -15.4448 3.07593 3.59261
      vertex -15.4815 3.0254 3.59918
      vertex -15.479 3.02334 3.59918
    endloop
  endfacet
  facet normal 0.0326535 0.205675 0.978075
    outer loop
      vertex -15.4838 3.15444 3.57955
      vertex -15.4902 3.09335 3.59261
      vertex -15.4805 3.09181 3.59261
    endloop
  endfacet
  facet normal 0.19454 0.0743792 0.97807
    outer loop
      vertex -15.3581 3.06316 3.57955
      vertex -15.4107 3.029 3.59261
      vertex -15.3523 3.04799 3.57955
    endloop
  endfacet
  facet normal -0.45679 0.370249 0.808863
    outer loop
      vertex -15.7806 3.25266 3.46629
      vertex -15.8055 3.22194 3.46629
      vertex -15.7428 3.21866 3.5032
    endloop
  endfacet
  facet normal -0.7102 0.574823 0.406441
    outer loop
      vertex -15.9163 3.37481 3.21502
      vertex -15.9325 3.31423 3.27239
      vertex -15.8973 3.35772 3.27239
    endloop
  endfacet
  facet normal -0.912581 0.0467591 0.406213
    outer loop
      vertex -16.0571 3.05855 3.21502
      vertex -16.0601 3 3.21502
      vertex -16.0317 3.05588 3.27239
    endloop
  endfacet
  facet normal -0.949945 0.0486735 0.308601
    outer loop
      vertex -16.0571 3.05855 3.21502
      vertex -16.0764 3.06058 3.15529
      vertex -16.0601 3 3.21502
    endloop
  endfacet
  facet normal 0.494188 0.0789717 0.865761
    outer loop
      vertex -15.175 3.03416 3.5032
      vertex -15.2336 3.05663 3.5346
      vertex -15.2291 3.02847 3.5346
    endloop
  endfacet
  facet normal 0.499734 0.0263295 0.865778
    outer loop
      vertex -15.175 3.03416 3.5032
      vertex -15.2291 3.02847 3.5346
      vertex -15.2276 3 3.5346
    endloop
  endfacet
  facet normal 0.363213 0.184394 0.913277
    outer loop
      vertex -15.2641 3.1362 3.5346
      vertex -15.3036 3.08746 3.56015
      vertex -15.2512 3.11079 3.5346
    endloop
  endfacet
  facet normal 0.484011 0.128296 0.865606
    outer loop
      vertex -15.1892 3.10098 3.5032
      vertex -15.2409 3.08417 3.5346
      vertex -15.2336 3.05663 3.5346
    endloop
  endfacet
  facet normal 0.887895 0.340625 0.309221
    outer loop
      vertex -14.9488 3.17909 3.15529
      vertex -14.9883 3.22783 3.21502
      vertex -14.9673 3.17309 3.21502
    endloop
  endfacet
  facet normal 0.771865 0.393209 0.49961
    outer loop
      vertex -15.037 3.2673 3.27239
      vertex -15.0403 3.20467 3.32678
      vertex -15.0116 3.21744 3.27239
    endloop
  endfacet
  facet normal 0.668965 0 0.743294
    outer loop
      vertex -15.1224 3 3.46629
      vertex -15.0757 -3 3.42426
      vertex -15.0757 3 3.42426
    endloop
  endfacet
  facet normal 0.668965 0 0.743294
    outer loop
      vertex -15.0757 -3 3.42426
      vertex -15.1224 3 3.46629
      vertex -15.1224 -3 3.46629
    endloop
  endfacet
  facet normal 0.571634 0.572555 0.58772
    outer loop
      vertex -15.1633 3.37395 3.32678
      vertex -15.1535 3.31201 3.37759
      vertex -15.126 3.33671 3.32678
    endloop
  endfacet
  facet normal 0.572436 0.57227 0.587218
    outer loop
      vertex -15.1535 3.31201 3.37759
      vertex -15.1633 3.37395 3.32678
      vertex -15.188 3.34652 3.37759
    endloop
  endfacet
  facet normal 0.520171 0.421623 0.742736
    outer loop
      vertex -15.1847 3.28389 3.42426
      vertex -15.2194 3.25266 3.46629
      vertex -15.1945 3.22194 3.46629
    endloop
  endfacet
  facet normal 0.227215 0.446002 0.865711
    outer loop
      vertex -15.3671 3.29853 3.5032
      vertex -15.3892 3.24884 3.5346
      vertex -15.3638 3.2359 3.5346
    endloop
  endfacet
  facet normal 0.21099 0.548986 0.808763
    outer loop
      vertex -15.3464 3.34495 3.46629
      vertex -15.399 3.31079 3.5032
      vertex -15.3671 3.29853 3.5032
    endloop
  endfacet
  facet normal 0.623506 0.405111 0.668674
    outer loop
      vertex -15.1228 3.27408 3.37759
      vertex -15.1326 3.21213 3.42426
      vertex -15.0962 3.23314 3.37759
    endloop
  endfacet
  facet normal 0.493556 0.320201 0.808625
    outer loop
      vertex -15.1945 3.22194 3.46629
      vertex -15.2356 3.19208 3.5032
      vertex -15.173 3.1888 3.46629
    endloop
  endfacet
  facet normal 0.612376 0.61284 0.499422
    outer loop
      vertex -15.1633 3.37395 3.32678
      vertex -15.1027 3.35772 3.27239
      vertex -15.1423 3.39729 3.27239
    endloop
  endfacet
  facet normal 0.612227 0.613214 0.499146
    outer loop
      vertex -15.1027 3.35772 3.27239
      vertex -15.1633 3.37395 3.32678
      vertex -15.126 3.33671 3.32678
    endloop
  endfacet
  facet normal 0.760568 0.615397 0.206938
    outer loop
      vertex -15.0206 3.34833 3.09386
      vertex -15.0596 3.39653 3.09386
      vertex -15.0311 3.34065 3.15529
    endloop
  endfacet
  facet normal 0.126672 0.799387 0.587311
    outer loop
      vertex -15.3954 3.49221 3.32678
      vertex -15.4474 3.50045 3.32678
      vertex -15.4031 3.4561 3.37759
    endloop
  endfacet
  facet normal 0.327757 0.852887 0.406398
    outer loop
      vertex -15.2722 3.51172 3.21502
      vertex -15.3348 3.50844 3.27239
      vertex -15.2826 3.48838 3.27239
    endloop
  endfacet
  facet normal 0.918578 0.246146 0.309234
    outer loop
      vertex -14.9488 3.17909 3.15529
      vertex -14.9673 3.17309 3.21502
      vertex -14.9331 3.1205 3.15529
    endloop
  endfacet
  facet normal 0.976859 0.0504674 0.207843
    outer loop
      vertex -14.9106 3.06194 3.09386
      vertex -14.9236 3.06058 3.15529
      vertex -14.9074 3 3.09386
    endloop
  endfacet
  facet normal 0.966096 0.153169 0.207839
    outer loop
      vertex -14.9106 3.06194 3.09386
      vertex -14.9331 3.1205 3.15529
      vertex -14.9236 3.06058 3.15529
    endloop
  endfacet
  facet normal 0.966087 0.152947 0.208048
    outer loop
      vertex -14.9203 3.12321 3.09386
      vertex -14.9331 3.1205 3.15529
      vertex -14.9106 3.06194 3.09386
    endloop
  endfacet
  facet normal 0.913798 -0 0.406168
    outer loop
      vertex -14.9654 -3 3.27239
      vertex -14.9399 3 3.21502
      vertex -14.9654 3 3.27239
    endloop
  endfacet
  facet normal 0.913798 0 0.406168
    outer loop
      vertex -14.9399 3 3.21502
      vertex -14.9654 -3 3.27239
      vertex -14.9399 -3 3.21502
    endloop
  endfacet
  facet normal 0.847641 0.431609 0.308577
    outer loop
      vertex -14.9981 3.28978 3.15529
      vertex -15.0149 3.28007 3.21502
      vertex -14.9883 3.22783 3.21502
    endloop
  endfacet
  facet normal 0.853534 0.326774 0.405831
    outer loop
      vertex -14.9883 3.22783 3.21502
      vertex -15.0116 3.21744 3.27239
      vertex -14.9916 3.1652 3.27239
    endloop
  endfacet
  facet normal 0.846857 0.432438 0.309565
    outer loop
      vertex -14.9705 3.23573 3.15529
      vertex -14.9981 3.28978 3.15529
      vertex -14.9883 3.22783 3.21502
    endloop
  endfacet
  facet normal 0.798029 0.517632 0.308556
    outer loop
      vertex -15.0311 3.34065 3.15529
      vertex -15.0468 3.32925 3.21502
      vertex -15.0149 3.28007 3.21502
    endloop
  endfacet
  facet normal 0.709927 0.574985 0.406689
    outer loop
      vertex -15.0468 3.32925 3.21502
      vertex -15.0837 3.37481 3.21502
      vertex -15.0675 3.31423 3.27239
    endloop
  endfacet
  facet normal 0.185292 0.362606 0.913337
    outer loop
      vertex -15.3638 3.2359 3.5346
      vertex -15.4125 3.19643 3.56015
      vertex -15.3925 3.18621 3.56015
    endloop
  endfacet
  facet normal 0.146102 0.380266 0.913265
    outer loop
      vertex -15.3892 3.24884 3.5346
      vertex -15.4158 3.25906 3.5346
      vertex -15.4125 3.19643 3.56015
    endloop
  endfacet
  facet normal 0.116274 0.734451 0.668628
    outer loop
      vertex -15.4031 3.4561 3.37759
      vertex -15.4557 3.42194 3.42426
      vertex -15.4118 3.41499 3.42426
    endloop
  endfacet
  facet normal 0.104824 0.661509 0.742575
    outer loop
      vertex -15.4557 3.42194 3.42426
      vertex -15.4605 3.37552 3.46629
      vertex -15.4215 3.36934 3.46629
    endloop
  endfacet
  facet normal -0.126672 0.799387 0.587311
    outer loop
      vertex -15.5526 3.50045 3.32678
      vertex -15.6046 3.49221 3.32678
      vertex -15.5969 3.4561 3.37759
    endloop
  endfacet
  facet normal 0.0350248 0.668792 0.742624
    outer loop
      vertex -15.5 3.42426 3.42426
      vertex -15.5 3.37759 3.46629
      vertex -15.4557 3.42194 3.42426
    endloop
  endfacet
  facet normal 0.257288 0.960667 0.10451
    outer loop
      vertex -15.3754 3.58608 3.0314
      vertex -15.3768 3.57966 3.09386
      vertex -15.3148 3.56985 3.0314
    endloop
  endfacet
  facet normal 0.356457 0.928423 0.104738
    outer loop
      vertex -15.3148 3.56985 3.0314
      vertex -15.3169 3.56361 3.09386
      vertex -15.259 3.54138 3.09386
    endloop
  endfacet
  facet normal -0.356457 0.928423 0.104738
    outer loop
      vertex -15.6852 3.56985 3.0314
      vertex -15.741 3.54138 3.09386
      vertex -15.6831 3.56361 3.09386
    endloop
  endfacet
  facet normal -0.236208 0.882519 0.406653
    outer loop
      vertex -15.6165 3.54791 3.21502
      vertex -15.6652 3.50844 3.27239
      vertex -15.6111 3.52292 3.27239
    endloop
  endfacet
  facet normal -0.612376 0.61284 0.499422
    outer loop
      vertex -15.8973 3.35772 3.27239
      vertex -15.8367 3.37395 3.32678
      vertex -15.8577 3.39729 3.27239
    endloop
  endfacet
  facet normal -0.612227 0.613214 0.499146
    outer loop
      vertex -15.8367 3.37395 3.32678
      vertex -15.8973 3.35772 3.27239
      vertex -15.874 3.33671 3.32678
    endloop
  endfacet
  facet normal -0.709927 0.574985 0.406689
    outer loop
      vertex -15.9163 3.37481 3.21502
      vertex -15.9532 3.32925 3.21502
      vertex -15.9325 3.31423 3.27239
    endloop
  endfacet
  facet normal 0.0307466 0.587449 0.808677
    outer loop
      vertex -15.5 3.37759 3.46629
      vertex -15.5 3.32678 3.5032
      vertex -15.4658 3.32499 3.5032
    endloop
  endfacet
  facet normal -0.253157 0.944904 0.207526
    outer loop
      vertex -15.6205 3.56689 3.15529
      vertex -15.6831 3.56361 3.09386
      vertex -15.6791 3.55119 3.15529
    endloop
  endfacet
  facet normal 0.135399 0.855724 0.499403
    outer loop
      vertex -15.4441 3.53167 3.27239
      vertex -15.4474 3.50045 3.32678
      vertex -15.3888 3.52292 3.27239
    endloop
  endfacet
  facet normal 0.0478265 0.912457 0.406367
    outer loop
      vertex -15.5 3.56015 3.21502
      vertex -15.5 3.5346 3.27239
      vertex -15.4441 3.53167 3.27239
    endloop
  endfacet
  facet normal -0.142918 0.902391 0.406528
    outer loop
      vertex -15.5586 3.55708 3.21502
      vertex -15.6165 3.54791 3.21502
      vertex -15.6111 3.52292 3.27239
    endloop
  endfacet
  facet normal 0.341046 0.887922 0.308678
    outer loop
      vertex -15.3209 3.55119 3.15529
      vertex -15.3269 3.53273 3.21502
      vertex -15.2722 3.51172 3.21502
    endloop
  endfacet
  facet normal -0.0478024 0.91245 0.406387
    outer loop
      vertex -15.5 3.56015 3.21502
      vertex -15.5586 3.55708 3.21502
      vertex -15.5559 3.53167 3.27239
    endloop
  endfacet
  facet normal -0.918588 -0.246557 0.308878
    outer loop
      vertex -16.0479 -3.11646 3.21502
      vertex -16.0669 -3.1205 3.15529
      vertex -16.0327 -3.17309 3.21502
    endloop
  endfacet
  facet normal -0.694202 -0.266228 0.668735
    outer loop
      vertex -15.9035 -3.1311 3.42426
      vertex -15.926 -3.18966 3.37759
      vertex -15.8876 -3.17256 3.42426
    endloop
  endfacet
  facet normal -0.918578 -0.246146 0.309234
    outer loop
      vertex -16.0327 -3.17309 3.21502
      vertex -16.0669 -3.1205 3.15529
      vertex -16.0512 -3.17909 3.15529
    endloop
  endfacet
  facet normal -0.982348 -0.155521 0.103948
    outer loop
      vertex -16.0894 -3.06194 3.09386
      vertex -16.0959 -3.06263 3.0314
      vertex -16.0797 -3.12321 3.09386
    endloop
  endfacet
  facet normal -0.646501 -0.173345 0.742959
    outer loop
      vertex -15.8693 -3.07851 3.46629
      vertex -15.915 -3.08821 3.42426
      vertex -15.9035 -3.1311 3.42426
    endloop
  endfacet
  facet normal -0.393537 -0.104315 0.913371
    outer loop
      vertex -15.7045 -3.06644 3.56015
      vertex -15.7664 -3.05663 3.5346
      vertex -15.7591 -3.08417 3.5346
    endloop
  endfacet
  facet normal -0.116264 -0.734458 0.668621
    outer loop
      vertex -15.5443 -3.42194 3.42426
      vertex -15.5969 -3.4561 3.37759
      vertex -15.5487 -3.46373 3.37759
    endloop
  endfacet
  facet normal -0.23991 -0.194781 0.951054
    outer loop
      vertex -15.6256 -3.09128 3.57955
      vertex -15.674 -3.12639 3.56015
      vertex -15.6598 -3.14388 3.56015
    endloop
  endfacet
  facet normal -0.494188 -0.0789717 0.865761
    outer loop
      vertex -15.7709 -3.02847 3.5346
      vertex -15.825 -3.03416 3.5032
      vertex -15.7664 -3.05663 3.5346
    endloop
  endfacet
  facet normal -0.668527 -0.0361773 0.742808
    outer loop
      vertex -15.8776 -3 3.46629
      vertex -15.9243 -3 3.42426
      vertex -15.9219 -3.04435 3.42426
    endloop
  endfacet
  facet normal -0.227099 -0.44601 0.865737
    outer loop
      vertex -15.6362 -3.2359 3.5346
      vertex -15.6634 -3.283 3.5032
      vertex -15.6329 -3.29853 3.5032
    endloop
  endfacet
  facet normal -0.755654 -0.29019 0.587178
    outer loop
      vertex -15.9435 -3.14409 3.37759
      vertex -15.9786 -3.1555 3.32678
      vertex -15.926 -3.18966 3.37759
    endloop
  endfacet
  facet normal -0.574811 -0.710336 0.40622
    outer loop
      vertex -15.8142 -3.4325 3.27239
      vertex -15.8748 -3.41627 3.21502
      vertex -15.8292 -3.45317 3.21502
    endloop
  endfacet
  facet normal -0.545668 -0.673237 0.498998
    outer loop
      vertex -15.7958 -3.4071 3.32678
      vertex -15.8367 -3.37395 3.32678
      vertex -15.8142 -3.4325 3.27239
    endloop
  endfacet
  facet normal -0.987718 -0.156249 0
    outer loop
      vertex -16.0861 -3.12458 3
      vertex -16.0959 -3.06263 3.0314
      vertex -16.0959 -3.06263 3
    endloop
  endfacet
  facet normal -0.987718 -0.156249 0
    outer loop
      vertex -16.0959 -3.06263 3.0314
      vertex -16.0861 -3.12458 3
      vertex -16.0861 -3.12458 3.0314
    endloop
  endfacet
  facet normal -0.890828 -0.454341 0
    outer loop
      vertex -16.0189 -3.29959 3
      vertex -16.0474 -3.24371 3.0314
      vertex -16.0474 -3.24371 3
    endloop
  endfacet
  facet normal -0.890828 -0.454341 0
    outer loop
      vertex -16.0474 -3.24371 3.0314
      vertex -16.0189 -3.29959 3
      vertex -16.0189 -3.29959 3.0314
    endloop
  endfacet
  facet normal -0.960382 -0.258047 0.105255
    outer loop
      vertex -16.0636 -3.18313 3.09386
      vertex -16.0797 -3.12321 3.09386
      vertex -16.0699 -3.18516 3.0314
    endloop
  endfacet
  facet normal -0.739117 -0.598818 0.30842
    outer loop
      vertex -15.9163 -3.37481 3.21502
      vertex -15.9689 -3.34065 3.15529
      vertex -15.9307 -3.3878 3.15529
    endloop
  endfacet
  facet normal -0.672307 -0.672956 0.308437
    outer loop
      vertex -15.9307 -3.3878 3.15529
      vertex -15.8748 -3.41627 3.21502
      vertex -15.9163 -3.37481 3.21502
    endloop
  endfacet
  facet normal -0.672481 -0.672638 0.308751
    outer loop
      vertex -15.8748 -3.41627 3.21502
      vertex -15.9307 -3.3878 3.15529
      vertex -15.8878 -3.43069 3.15529
    endloop
  endfacet
  facet normal -0.760079 -0.615801 0.207532
    outer loop
      vertex -15.9307 -3.3878 3.15529
      vertex -15.9689 -3.34065 3.15529
      vertex -15.9404 -3.39653 3.09386
    endloop
  endfacet
  facet normal -0.760568 -0.615397 0.206938
    outer loop
      vertex -15.9689 -3.34065 3.15529
      vertex -15.9794 -3.34833 3.09386
      vertex -15.9404 -3.39653 3.09386
    endloop
  endfacet
  facet normal -0.766693 -0.497306 0.40604
    outer loop
      vertex -15.963 -3.2673 3.27239
      vertex -15.9851 -3.28007 3.21502
      vertex -15.9532 -3.32925 3.21502
    endloop
  endfacet
  facet normal -0.54507 -0.673404 0.499425
    outer loop
      vertex -15.8367 -3.37395 3.32678
      vertex -15.8577 -3.39729 3.27239
      vertex -15.8142 -3.4325 3.27239
    endloop
  endfacet
  facet normal -0.572436 -0.57227 0.587218
    outer loop
      vertex -15.8465 -3.31201 3.37759
      vertex -15.8367 -3.37395 3.32678
      vertex -15.812 -3.34652 3.37759
    endloop
  endfacet
  facet normal -0.571634 -0.572555 0.58772
    outer loop
      vertex -15.8367 -3.37395 3.32678
      vertex -15.8465 -3.31201 3.37759
      vertex -15.874 -3.33671 3.32678
    endloop
  endfacet
  facet normal -0.885871 -0.451991 0.104579
    outer loop
      vertex -16.0132 -3.29631 3.09386
      vertex -16.0414 -3.24104 3.09386
      vertex -16.0189 -3.29959 3.0314
    endloop
  endfacet
  facet normal -0.913189 -0.350074 0.208647
    outer loop
      vertex -16.0294 -3.23573 3.15529
      vertex -16.0636 -3.18313 3.09386
      vertex -16.0414 -3.24104 3.09386
    endloop
  endfacet
  facet normal -0.887806 -0.341705 0.308281
    outer loop
      vertex -16.0117 -3.22783 3.21502
      vertex -16.0512 -3.17909 3.15529
      vertex -16.0294 -3.23573 3.15529
    endloop
  endfacet
  facet normal -0.814373 -0.414669 0.406013
    outer loop
      vertex -15.963 -3.2673 3.27239
      vertex -16.0117 -3.22783 3.21502
      vertex -15.9851 -3.28007 3.21502
    endloop
  endfacet
  facet normal -0.598171 -0.739203 0.309467
    outer loop
      vertex -15.8292 -3.45317 3.21502
      vertex -15.8748 -3.41627 3.21502
      vertex -15.8407 -3.46887 3.15529
    endloop
  endfacet
  facet normal -0.541657 -0.83405 0.104727
    outer loop
      vertex -15.8483 -3.47943 3.09386
      vertex -15.8522 -3.48474 3.0314
      vertex -15.7996 -3.5189 3.0314
    endloop
  endfacet
  facet normal -0.358562 -0.933506 0
    outer loop
      vertex -15.7437 -3.54738 3
      vertex -15.6852 -3.56985 3.0314
      vertex -15.7437 -3.54738 3.0314
    endloop
  endfacet
  facet normal -0.358562 -0.933506 -0
    outer loop
      vertex -15.6852 -3.56985 3.0314
      vertex -15.7437 -3.54738 3
      vertex -15.6852 -3.56985 3
    endloop
  endfacet
  facet normal -0.451467 -0.886131 0.104639
    outer loop
      vertex -15.741 -3.54138 3.09386
      vertex -15.7996 -3.5189 3.0314
      vertex -15.7437 -3.54738 3.0314
    endloop
  endfacet
  facet normal -0.544652 -0.838662 0
    outer loop
      vertex -15.8522 -3.48474 3
      vertex -15.7996 -3.5189 3.0314
      vertex -15.8522 -3.48474 3.0314
    endloop
  endfacet
  facet normal -0.544652 -0.838662 -0
    outer loop
      vertex -15.7996 -3.5189 3.0314
      vertex -15.8522 -3.48474 3
      vertex -15.7996 -3.5189 3
    endloop
  endfacet
  facet normal -0.541894 -0.833929 0.104466
    outer loop
      vertex -15.7963 -3.51322 3.09386
      vertex -15.8483 -3.47943 3.09386
      vertex -15.7996 -3.5189 3.0314
    endloop
  endfacet
  facet normal -0.236702 -0.882565 0.406265
    outer loop
      vertex -15.6652 -3.50844 3.27239
      vertex -15.6731 -3.53273 3.21502
      vertex -15.6165 -3.54791 3.21502
    endloop
  endfacet
  facet normal -0.327757 -0.852887 0.406398
    outer loop
      vertex -15.7174 -3.48838 3.27239
      vertex -15.7278 -3.51172 3.21502
      vertex -15.6652 -3.50844 3.27239
    endloop
  endfacet
  facet normal -0.266322 -0.694243 0.668655
    outer loop
      vertex -15.6726 -3.38758 3.42426
      vertex -15.6897 -3.42597 3.37759
      vertex -15.6311 -3.4035 3.42426
    endloop
  endfacet
  facet normal -0.142918 -0.902391 0.406528
    outer loop
      vertex -15.6111 -3.52292 3.27239
      vertex -15.6165 -3.54791 3.21502
      vertex -15.5586 -3.55708 3.21502
    endloop
  endfacet
  facet normal 0.0519849 -0.993169 0.104469
    outer loop
      vertex -15.5 -3.59261 3.09386
      vertex -15.5 -3.59918 3.0314
      vertex -15.4381 -3.58937 3.09386
    endloop
  endfacet
  facet normal 0.0510998 -0.976861 0.20768
    outer loop
      vertex -15.5 -3.57955 3.15529
      vertex -15.5 -3.59261 3.09386
      vertex -15.4394 -3.57638 3.15529
    endloop
  endfacet
  facet normal 0.0660828 0.0812669 0.994499
    outer loop
      vertex -15.4448 3.07593 3.59261
      vertex -15.479 3.02334 3.59918
      vertex -15.4372 3.06975 3.59261
    endloop
  endfacet
  facet normal -0.484011 -0.128296 0.865606
    outer loop
      vertex -15.7664 -3.05663 3.5346
      vertex -15.8108 -3.10098 3.5032
      vertex -15.7591 -3.08417 3.5346
    endloop
  endfacet
  facet normal -0.499906 0 0.86608
    outer loop
      vertex -15.8268 3 3.5032
      vertex -15.7724 -3 3.5346
      vertex -15.7724 3 3.5346
    endloop
  endfacet
  facet normal -0.499906 0 0.86608
    outer loop
      vertex -15.7724 -3 3.5346
      vertex -15.8268 3 3.5032
      vertex -15.8268 -3 3.5032
    endloop
  endfacet
  facet normal -0.499733 -0.0263325 0.865779
    outer loop
      vertex -15.7724 -3 3.5346
      vertex -15.8268 -3 3.5032
      vertex -15.825 -3.03416 3.5032
    endloop
  endfacet
  facet normal -0.267177 -0.523936 0.808769
    outer loop
      vertex -15.6329 -3.29853 3.5032
      vertex -15.6888 -3.327 3.46629
      vertex -15.6536 -3.34495 3.46629
    endloop
  endfacet
  facet normal -0.30423 -0.596596 0.742642
    outer loop
      vertex -15.6536 -3.34495 3.46629
      vertex -15.6888 -3.327 3.46629
      vertex -15.6726 -3.38758 3.42426
    endloop
  endfacet
  facet normal -0.673552 -0.54516 0.499128
    outer loop
      vertex -15.874 -3.33671 3.32678
      vertex -15.9325 -3.31423 3.27239
      vertex -15.8973 -3.35772 3.27239
    endloop
  endfacet
  facet normal 0.882476 -0.236865 0.406363
    outer loop
      vertex -14.9521 -3.11646 3.21502
      vertex -14.9916 -3.1652 3.27239
      vertex -14.9673 -3.17309 3.21502
    endloop
  endfacet
  facet normal 0.853094 -0.327274 0.406352
    outer loop
      vertex -14.9673 -3.17309 3.21502
      vertex -14.9916 -3.1652 3.27239
      vertex -14.9883 -3.22783 3.21502
    endloop
  endfacet
  facet normal 0.808566 -0.310797 0.499627
    outer loop
      vertex -15.0214 -3.1555 3.32678
      vertex -15.0403 -3.20467 3.32678
      vertex -15.0116 -3.21744 3.27239
    endloop
  endfacet
  facet normal 0.484011 -0.128296 0.865606
    outer loop
      vertex -15.2336 -3.05663 3.5346
      vertex -15.2409 -3.08417 3.5346
      vertex -15.1892 -3.10098 3.5032
    endloop
  endfacet
  facet normal 0.256158 -0.31658 0.913324
    outer loop
      vertex -15.3561 -3.15979 3.56015
      vertex -15.3736 -3.17395 3.56015
      vertex -15.3177 -3.20243 3.5346
    endloop
  endfacet
  facet normal 0.493583 -0.319995 0.80869
    outer loop
      vertex -15.217 -3.16339 3.5032
      vertex -15.2356 -3.19208 3.5032
      vertex -15.173 -3.1888 3.46629
    endloop
  endfacet
  facet normal 0.419975 -0.272274 0.86573
    outer loop
      vertex -15.217 -3.16339 3.5032
      vertex -15.2641 -3.1362 3.5346
      vertex -15.2356 -3.19208 3.5032
    endloop
  endfacet
  facet normal 0.494188 -0.0789717 0.865761
    outer loop
      vertex -15.2291 -3.02847 3.5346
      vertex -15.2336 -3.05663 3.5346
      vertex -15.175 -3.03416 3.5032
    endloop
  endfacet
  facet normal 0.23991 -0.194781 0.951054
    outer loop
      vertex -15.326 -3.12639 3.56015
      vertex -15.3744 -3.09128 3.57955
      vertex -15.3402 -3.14388 3.56015
    endloop
  endfacet
  facet normal 0.129287 -0.483513 0.865737
    outer loop
      vertex -15.4158 -3.25906 3.5346
      vertex -15.4434 -3.26644 3.5346
      vertex -15.399 -3.31079 3.5032
    endloop
  endfacet
  facet normal 0.341839 -0.221602 0.913257
    outer loop
      vertex -15.2641 -3.1362 3.5346
      vertex -15.326 -3.12639 3.56015
      vertex -15.2796 -3.16011 3.5346
    endloop
  endfacet
  facet normal 0.174363 -0.113854 0.978077
    outer loop
      vertex -15.3655 -3.07765 3.57955
      vertex -15.4187 -3.04693 3.59261
      vertex -15.3744 -3.09128 3.57955
    endloop
  endfacet
  facet normal 0.88793 0.340185 0.309604
    outer loop
      vertex -14.9705 3.23573 3.15529
      vertex -14.9883 3.22783 3.21502
      vertex -14.9488 3.17909 3.15529
    endloop
  endfacet
  facet normal 0.944619 0.253811 0.208025
    outer loop
      vertex -14.9203 3.12321 3.09386
      vertex -14.9364 3.18313 3.09386
      vertex -14.9331 3.1205 3.15529
    endloop
  endfacet
  facet normal 0.913505 -0.349983 0.207413
    outer loop
      vertex -14.9488 -3.17909 3.15529
      vertex -14.9705 -3.23573 3.15529
      vertex -14.9364 -3.18313 3.09386
    endloop
  endfacet
  facet normal 0.960382 -0.258047 0.105255
    outer loop
      vertex -14.9203 -3.12321 3.09386
      vertex -14.9364 -3.18313 3.09386
      vertex -14.9301 -3.18516 3.0314
    endloop
  endfacet
  facet normal 0.933448 -0.358712 0
    outer loop
      vertex -14.9526 -3.24371 3.0314
      vertex -14.9301 -3.18516 3
      vertex -14.9301 -3.18516 3.0314
    endloop
  endfacet
  facet normal 0.933448 -0.358712 0
    outer loop
      vertex -14.9301 -3.18516 3
      vertex -14.9526 -3.24371 3.0314
      vertex -14.9526 -3.24371 3
    endloop
  endfacet
  facet normal 0.982355 -0.155401 0.104066
    outer loop
      vertex -14.9041 -3.06263 3.0314
      vertex -14.9203 -3.12321 3.09386
      vertex -14.9139 -3.12458 3.0314
    endloop
  endfacet
  facet normal 0.982348 -0.155521 0.103948
    outer loop
      vertex -14.9106 -3.06194 3.09386
      vertex -14.9203 -3.12321 3.09386
      vertex -14.9041 -3.06263 3.0314
    endloop
  endfacet
  facet normal 0.998615 -0.0526174 0
    outer loop
      vertex -14.9041 -3.06263 3.0314
      vertex -14.9008 -3 3
      vertex -14.9008 -3 3.0314
    endloop
  endfacet
  facet normal 0.998615 -0.0526174 0
    outer loop
      vertex -14.9008 -3 3
      vertex -14.9041 -3.06263 3.0314
      vertex -14.9041 -3.06263 3
    endloop
  endfacet
  facet normal 0.253157 -0.944904 0.207526
    outer loop
      vertex -15.3209 -3.55119 3.15529
      vertex -15.3795 -3.56689 3.15529
      vertex -15.3169 -3.56361 3.09386
    endloop
  endfacet
  facet normal -0.978333 0 0.207038
    outer loop
      vertex -16.0926 -3 3.09386
      vertex -16.0796 3 3.15529
      vertex -16.0926 3 3.09386
    endloop
  endfacet
  facet normal -0.978333 0 0.207038
    outer loop
      vertex -16.0796 3 3.15529
      vertex -16.0926 -3 3.09386
      vertex -16.0796 -3 3.15529
    endloop
  endfacet
  facet normal -0.629547 0.776962 0
    outer loop
      vertex -15.8522 3.48474 3
      vertex -15.9009 3.44528 3.0314
      vertex -15.8522 3.48474 3.0314
    endloop
  endfacet
  facet normal -0.629547 0.776962 0
    outer loop
      vertex -15.9009 3.44528 3.0314
      vertex -15.8522 3.48474 3
      vertex -15.9009 3.44528 3
    endloop
  endfacet
  facet normal -0.994463 0 0.105083
    outer loop
      vertex -16.0992 -3 3.0314
      vertex -16.0926 3 3.09386
      vertex -16.0992 3 3.0314
    endloop
  endfacet
  facet normal -0.994463 0 0.105083
    outer loop
      vertex -16.0926 3 3.09386
      vertex -16.0992 -3 3.0314
      vertex -16.0926 -3 3.09386
    endloop
  endfacet
  facet normal -0.993154 0.0513092 0.104944
    outer loop
      vertex -16.0894 3.06194 3.09386
      vertex -16.0992 3 3.0314
      vertex -16.0926 3 3.09386
    endloop
  endfacet
  facet normal -0.998615 0.0526174 0
    outer loop
      vertex -16.0992 3 3
      vertex -16.0959 3.06263 3.0314
      vertex -16.0959 3.06263 3
    endloop
  endfacet
  facet normal -0.998615 0.0526174 0
    outer loop
      vertex -16.0959 3.06263 3.0314
      vertex -16.0992 3 3
      vertex -16.0992 3 3.0314
    endloop
  endfacet
  facet normal 0.0511316 -0.976866 0.20765
    outer loop
      vertex -15.4394 -3.57638 3.15529
      vertex -15.5 -3.59261 3.09386
      vertex -15.4381 -3.58937 3.09386
    endloop
  endfacet
  facet normal -0.246153 -0.918764 0.308677
    outer loop
      vertex -15.6731 -3.53273 3.21502
      vertex -15.6791 -3.55119 3.15529
      vertex -15.6205 -3.56689 3.15529
    endloop
  endfacet
  facet normal 0.10127 -0.0266781 0.994501
    outer loop
      vertex -15.4082 -3.01951 3.59261
      vertex -15.4693 -3.00653 3.59918
      vertex -15.4107 -3.029 3.59261
    endloop
  endfacet
  facet normal 0.207733 -0.0127054 0.978103
    outer loop
      vertex -15.4061 -3 3.59261
      vertex -15.4067 -3.00981 3.59261
      vertex -15.3456 -3.01623 3.57955
    endloop
  endfacet
  facet normal 0.0949892 -0.185293 0.978082
    outer loop
      vertex -15.4531 -3.08129 3.59261
      vertex -15.4618 -3.08575 3.59261
      vertex -15.4224 -3.13449 3.57955
    endloop
  endfacet
  facet normal 0.11308 -0.174853 0.978079
    outer loop
      vertex -15.4087 -3.12563 3.57955
      vertex -15.4531 -3.08129 3.59261
      vertex -15.4224 -3.13449 3.57955
    endloop
  endfacet
  facet normal -0.393603 -0.105009 0.913263
    outer loop
      vertex -15.7103 -3.0447 3.56015
      vertex -15.7664 -3.05663 3.5346
      vertex -15.7045 -3.06644 3.56015
    endloop
  endfacet
  facet normal -0.0809321 -0.06665 0.994489
    outer loop
      vertex -15.5254 -3.01846 3.59918
      vertex -15.5759 -3.05517 3.59261
      vertex -15.5233 -3.02101 3.59918
    endloop
  endfacet
  facet normal 0.0638433 -0.402241 0.913305
    outer loop
      vertex -15.4434 -3.26644 3.5346
      vertex -15.4775 -3.21384 3.56015
      vertex -15.4715 -3.2709 3.5346
    endloop
  endfacet
  facet normal -0.129279 -0.483519 0.865735
    outer loop
      vertex -15.5566 -3.26644 3.5346
      vertex -15.601 -3.31079 3.5032
      vertex -15.5679 -3.31964 3.5032
    endloop
  endfacet
  facet normal 0.168284 -0.259426 0.950988
    outer loop
      vertex -15.3736 -3.17395 3.56015
      vertex -15.4224 -3.13449 3.57955
      vertex -15.3925 -3.18621 3.56015
    endloop
  endfacet
  facet normal 0.194875 -0.240021 0.951007
    outer loop
      vertex -15.3961 -3.1154 3.57955
      vertex -15.4087 -3.12563 3.57955
      vertex -15.3561 -3.15979 3.56015
    endloop
  endfacet
  facet normal 0.393603 0.105009 0.913263
    outer loop
      vertex -15.2336 3.05663 3.5346
      vertex -15.2955 3.06644 3.56015
      vertex -15.2897 3.0447 3.56015
    endloop
  endfacet
  facet normal 0.208049 0 0.978118
    outer loop
      vertex -15.4061 3 3.59261
      vertex -15.3447 -3 3.57955
      vertex -15.3447 3 3.57955
    endloop
  endfacet
  facet normal 0.208049 0 0.978118
    outer loop
      vertex -15.3447 -3 3.57955
      vertex -15.4061 3 3.59261
      vertex -15.4061 -3 3.59261
    endloop
  endfacet
  facet normal -0.0784737 -0.494311 0.865736
    outer loop
      vertex -15.5566 -3.26644 3.5346
      vertex -15.5679 -3.31964 3.5032
      vertex -15.5342 -3.32499 3.5032
    endloop
  endfacet
  facet normal -0.421352 -0.520094 0.742944
    outer loop
      vertex -15.7219 -3.30548 3.46629
      vertex -15.7839 -3.31529 3.42426
      vertex -15.7494 -3.34324 3.42426
    endloop
  endfacet
  facet normal -0.0261593 -0.499804 0.865743
    outer loop
      vertex -15.5 -3.27239 3.5346
      vertex -15.5342 -3.32499 3.5032
      vertex -15.5 -3.32678 3.5032
    endloop
  endfacet
  facet normal 0.0261308 -0.499818 0.865736
    outer loop
      vertex -15.4715 -3.2709 3.5346
      vertex -15.5 -3.27239 3.5346
      vertex -15.4658 -3.32499 3.5032
    endloop
  endfacet
  facet normal 0.267177 -0.523936 0.808769
    outer loop
      vertex -15.3112 -3.327 3.46629
      vertex -15.3671 -3.29853 3.5032
      vertex -15.3464 -3.34495 3.46629
    endloop
  endfacet
  facet normal 0.209244 -0.781973 0.587141
    outer loop
      vertex -15.3559 -3.44347 3.37759
      vertex -15.4031 -3.4561 3.37759
      vertex -15.3445 -3.47857 3.32678
    endloop
  endfacet
  facet normal 0.341046 -0.887922 0.308678
    outer loop
      vertex -15.2722 -3.51172 3.21502
      vertex -15.3269 -3.53273 3.21502
      vertex -15.3209 -3.55119 3.15529
    endloop
  endfacet
  facet normal 0.327757 -0.852887 0.406398
    outer loop
      vertex -15.2826 -3.48838 3.27239
      vertex -15.3348 -3.50844 3.27239
      vertex -15.2722 -3.51172 3.21502
    endloop
  endfacet
  facet normal -0.116274 -0.734451 0.668628
    outer loop
      vertex -15.5882 -3.41499 3.42426
      vertex -15.5969 -3.4561 3.37759
      vertex -15.5443 -3.42194 3.42426
    endloop
  endfacet
  facet normal -0.104721 -0.661477 0.742618
    outer loop
      vertex -15.5785 -3.36934 3.46629
      vertex -15.5882 -3.41499 3.42426
      vertex -15.5443 -3.42194 3.42426
    endloop
  endfacet
  facet normal 0.574811 -0.710336 0.40622
    outer loop
      vertex -15.1252 -3.41627 3.21502
      vertex -15.1858 -3.4325 3.27239
      vertex -15.1708 -3.45317 3.21502
    endloop
  endfacet
  facet normal 0.246412 -0.91877 0.308453
    outer loop
      vertex -15.3269 -3.53273 3.21502
      vertex -15.3835 -3.54791 3.21502
      vertex -15.3795 -3.56689 3.15529
    endloop
  endfacet
  facet normal -0.0390315 -0.742514 0.668692
    outer loop
      vertex -15.5 -3.42426 3.42426
      vertex -15.5487 -3.46373 3.37759
      vertex -15.5 -3.46629 3.37759
    endloop
  endfacet
  facet normal -0.0497639 -0.949891 0.308596
    outer loop
      vertex -15.5586 -3.55708 3.21502
      vertex -15.5606 -3.57638 3.15529
      vertex -15.5 -3.56015 3.21502
    endloop
  endfacet
  facet normal 0.718126 -0.191947 0.668918
    outer loop
      vertex -15.0439 -3.09695 3.37759
      vertex -15.0965 -3.1311 3.42426
      vertex -15.0565 -3.14409 3.37759
    endloop
  endfacet
  facet normal 0.472212 -0.726599 0.499068
    outer loop
      vertex -15.2042 -3.4071 3.32678
      vertex -15.2327 -3.46298 3.27239
      vertex -15.1858 -3.4325 3.27239
    endloop
  endfacet
  facet normal 0.497935 -0.766179 0.406239
    outer loop
      vertex -15.1858 -3.4325 3.27239
      vertex -15.2327 -3.46298 3.27239
      vertex -15.1708 -3.45317 3.21502
    endloop
  endfacet
  facet normal 0.533077 -0.82036 0.206974
    outer loop
      vertex -15.1593 -3.46887 3.15529
      vertex -15.2037 -3.51322 3.09386
      vertex -15.1517 -3.47943 3.09386
    endloop
  endfacet
  facet normal 0.629281 -0.508774 0.587499
    outer loop
      vertex -15.1228 -3.27408 3.37759
      vertex -15.126 -3.33671 3.32678
      vertex -15.0929 -3.29577 3.32678
    endloop
  endfacet
  facet normal 0.443903 -0.871727 0.207465
    outer loop
      vertex -15.2102 -3.50191 3.15529
      vertex -15.259 -3.54138 3.09386
      vertex -15.2037 -3.51322 3.09386
    endloop
  endfacet
  facet normal 0.544652 -0.838662 0
    outer loop
      vertex -15.2004 -3.5189 3
      vertex -15.1478 -3.48474 3.0314
      vertex -15.2004 -3.5189 3.0314
    endloop
  endfacet
  facet normal 0.544652 -0.838662 0
    outer loop
      vertex -15.1478 -3.48474 3.0314
      vertex -15.2004 -3.5189 3
      vertex -15.1478 -3.48474 3
    endloop
  endfacet
  facet normal 0.257396 -0.960625 0.104624
    outer loop
      vertex -15.3169 -3.56361 3.09386
      vertex -15.3768 -3.57966 3.09386
      vertex -15.3148 -3.56985 3.0314
    endloop
  endfacet
  facet normal 0.0478024 -0.91245 0.406387
    outer loop
      vertex -15.4441 -3.53167 3.27239
      vertex -15.5 -3.56015 3.21502
      vertex -15.4414 -3.55708 3.21502
    endloop
  endfacet
  facet normal 0.993206 -0.0523324 0.103938
    outer loop
      vertex -14.9008 -3 3.0314
      vertex -14.9106 -3.06194 3.09386
      vertex -14.9041 -3.06263 3.0314
    endloop
  endfacet
  facet normal 0.882476 0.236865 0.406363
    outer loop
      vertex -14.9673 3.17309 3.21502
      vertex -14.9916 3.1652 3.27239
      vertex -14.9521 3.11646 3.21502
    endloop
  endfacet
  facet normal 0.837033 -0.223735 0.499318
    outer loop
      vertex -15.0078 -3.10462 3.32678
      vertex -15.0214 -3.1555 3.32678
      vertex -14.9771 -3.11115 3.27239
    endloop
  endfacet
  facet normal 0.902343 -0.143353 0.406481
    outer loop
      vertex -14.9429 -3.05855 3.21502
      vertex -14.9771 -3.11115 3.27239
      vertex -14.9521 -3.11646 3.21502
    endloop
  endfacet
  facet normal 0.912773 -0.0473701 0.405712
    outer loop
      vertex -14.9654 -3 3.27239
      vertex -14.9683 -3.05588 3.27239
      vertex -14.9399 -3 3.21502
    endloop
  endfacet
  facet normal 0.308787 0.0171231 0.950977
    outer loop
      vertex -15.2862 3.02248 3.56015
      vertex -15.3456 3.01623 3.57955
      vertex -15.3447 3 3.57955
    endloop
  endfacet
  facet normal 0.103552 0.0159311 0.994496
    outer loop
      vertex -15.4082 3.01951 3.59261
      vertex -15.4693 3.00653 3.59918
      vertex -15.4688 3.00328 3.59918
    endloop
  endfacet
  facet normal 0.341839 0.221602 0.913257
    outer loop
      vertex -15.2796 3.16011 3.5346
      vertex -15.326 3.12639 3.56015
      vertex -15.2641 3.1362 3.5346
    endloop
  endfacet
  facet normal 0.402445 0.0633915 0.913247
    outer loop
      vertex -15.2336 3.05663 3.5346
      vertex -15.2897 3.0447 3.56015
      vertex -15.2862 3.02248 3.56015
    endloop
  endfacet
  facet normal 0.193566 0.0759082 0.978146
    outer loop
      vertex -15.3581 3.06316 3.57955
      vertex -15.4143 3.03818 3.59261
      vertex -15.4107 3.029 3.59261
    endloop
  endfacet
  facet normal 0.320772 0.493381 0.808505
    outer loop
      vertex -15.2781 3.30548 3.46629
      vertex -15.3112 3.327 3.46629
      vertex -15.3079 3.26437 3.5032
    endloop
  endfacet
  facet normal 0.0817657 0.0653697 0.994505
    outer loop
      vertex -15.4302 3.0628 3.59261
      vertex -15.4767 3.02101 3.59918
      vertex -15.4241 3.05517 3.59261
    endloop
  endfacet
  facet normal 0.354615 0.353296 0.865697
    outer loop
      vertex -15.2813 3.24285 3.5032
      vertex -15.2976 3.18227 3.5346
      vertex -15.2572 3.21866 3.5032
    endloop
  endfacet
  facet normal 0.354426 0.353371 0.865743
    outer loop
      vertex -15.2976 3.18227 3.5346
      vertex -15.2813 3.24285 3.5032
      vertex -15.3177 3.20243 3.5346
    endloop
  endfacet
  facet normal 0.289178 0.110562 0.950869
    outer loop
      vertex -15.3036 3.08746 3.56015
      vertex -15.3581 3.06316 3.57955
      vertex -15.3523 3.04799 3.57955
    endloop
  endfacet
  facet normal 0.205723 0.0318128 0.978093
    outer loop
      vertex -15.3456 3.01623 3.57955
      vertex -15.4082 3.01951 3.59261
      vertex -15.4067 3.00981 3.59261
    endloop
  endfacet
  facet normal 0.0976014 0.0381504 0.994494
    outer loop
      vertex -15.4107 3.029 3.59261
      vertex -15.4713 3.01277 3.59918
      vertex -15.4701 3.0097 3.59918
    endloop
  endfacet
  facet normal -0.104824 0.661509 0.742575
    outer loop
      vertex -15.5443 3.42194 3.42426
      vertex -15.5785 3.36934 3.46629
      vertex -15.5395 3.37552 3.46629
    endloop
  endfacet
  facet normal -0.0637841 0.402274 0.913294
    outer loop
      vertex -15.5225 3.21384 3.56015
      vertex -15.5566 3.26644 3.5346
      vertex -15.5447 3.21032 3.56015
    endloop
  endfacet
  facet normal -0.25602 0.316814 0.913282
    outer loop
      vertex -15.6601 3.22037 3.5346
      vertex -15.6823 3.20243 3.5346
      vertex -15.6264 3.17395 3.56015
    endloop
  endfacet
  facet normal 0.0350474 0.668779 0.742635
    outer loop
      vertex -15.4557 3.42194 3.42426
      vertex -15.5 3.37759 3.46629
      vertex -15.4605 3.37552 3.46629
    endloop
  endfacet
  facet normal -0.668965 0 0.743294
    outer loop
      vertex -15.9243 3 3.42426
      vertex -15.8776 -3 3.46629
      vertex -15.8776 3 3.46629
    endloop
  endfacet
  facet normal -0.668965 0 0.743294
    outer loop
      vertex -15.8776 -3 3.46629
      vertex -15.9243 3 3.42426
      vertex -15.9243 -3 3.42426
    endloop
  endfacet
  facet normal 0.0737539 0.0742845 0.994506
    outer loop
      vertex -15.4372 3.06975 3.59261
      vertex -15.4767 3.02101 3.59918
      vertex -15.4302 3.0628 3.59261
    endloop
  endfacet
  facet normal 0.0745765 0.0736163 0.994494
    outer loop
      vertex -15.4767 3.02101 3.59918
      vertex -15.4372 3.06975 3.59261
      vertex -15.479 3.02334 3.59918
    endloop
  endfacet
  facet normal -0.587802 0 0.809005
    outer loop
      vertex -15.8776 3 3.46629
      vertex -15.8268 -3 3.5032
      vertex -15.8268 3 3.5032
    endloop
  endfacet
  facet normal -0.587802 0 0.809005
    outer loop
      vertex -15.8268 -3 3.5032
      vertex -15.8776 3 3.46629
      vertex -15.8776 -3 3.46629
    endloop
  endfacet
  facet normal -0.393489 0.771838 0.499431
    outer loop
      vertex -15.7047 3.4597 3.32678
      vertex -15.7673 3.46298 3.27239
      vertex -15.7516 3.43579 3.32678
    endloop
  endfacet
  facet normal -0.982355 0.155401 0.104066
    outer loop
      vertex -16.0861 3.12458 3.0314
      vertex -16.0959 3.06263 3.0314
      vertex -16.0797 3.12321 3.09386
    endloop
  endfacet
  facet normal -0.882476 0.236865 0.406363
    outer loop
      vertex -16.0327 3.17309 3.21502
      vertex -16.0479 3.11646 3.21502
      vertex -16.0084 3.1652 3.27239
    endloop
  endfacet
  facet normal -0.760079 0.615801 0.207532
    outer loop
      vertex -15.9404 3.39653 3.09386
      vertex -15.9689 3.34065 3.15529
      vertex -15.9307 3.3878 3.15529
    endloop
  endfacet
  facet normal -0.739117 0.598818 0.30842
    outer loop
      vertex -15.9307 3.3878 3.15529
      vertex -15.9689 3.34065 3.15529
      vertex -15.9163 3.37481 3.21502
    endloop
  endfacet
  facet normal -0.568492 0.151916 0.808541
    outer loop
      vertex -15.8591 3.11668 3.46629
      vertex -15.8693 3.07851 3.46629
      vertex -15.8108 3.10098 3.5032
    endloop
  endfacet
  facet normal -0.913798 0 0.406168
    outer loop
      vertex -16.0601 -3 3.21502
      vertex -16.0346 3 3.27239
      vertex -16.0601 3 3.21502
    endloop
  endfacet
  facet normal -0.913798 0 0.406168
    outer loop
      vertex -16.0346 3 3.27239
      vertex -16.0601 -3 3.21502
      vertex -16.0346 -3 3.27239
    endloop
  endfacet
  facet normal -0.912773 0.0473701 0.405712
    outer loop
      vertex -16.0317 3.05588 3.27239
      vertex -16.0601 3 3.21502
      vertex -16.0346 3 3.27239
    endloop
  endfacet
  facet normal 0.694202 0.266228 0.668735
    outer loop
      vertex -15.074 3.18966 3.37759
      vertex -15.1124 3.17256 3.42426
      vertex -15.0965 3.1311 3.42426
    endloop
  endfacet
  facet normal 0.742421 0.0401761 0.668728
    outer loop
      vertex -15.0363 3.04874 3.37759
      vertex -15.0781 3.04435 3.42426
      vertex -15.0757 3 3.42426
    endloop
  endfacet
  facet normal 0.446187 0.226518 0.865798
    outer loop
      vertex -15.2015 3.13291 3.5032
      vertex -15.2641 3.1362 3.5346
      vertex -15.2512 3.11079 3.5346
    endloop
  endfacet
  facet normal 0.466979 0.180687 0.865611
    outer loop
      vertex -15.1892 3.10098 3.5032
      vertex -15.2512 3.11079 3.5346
      vertex -15.2409 3.08417 3.5346
    endloop
  endfacet
  facet normal 0.782016 0.209024 0.587163
    outer loop
      vertex -15.0214 3.1555 3.32678
      vertex -15.0565 3.14409 3.37759
      vertex -15.0439 3.09695 3.37759
    endloop
  endfacet
  facet normal 0.742734 0.0396206 0.668413
    outer loop
      vertex -15.0363 3.04874 3.37759
      vertex -15.0757 3 3.42426
      vertex -15.0337 3 3.37759
    endloop
  endfacet
  facet normal 0.882465 0.236739 0.406462
    outer loop
      vertex -14.9521 3.11646 3.21502
      vertex -14.9916 3.1652 3.27239
      vertex -14.9771 3.11115 3.27239
    endloop
  endfacet
  facet normal 0.79961 0.126044 0.587142
    outer loop
      vertex -15.0078 3.10462 3.32678
      vertex -15.0439 3.09695 3.37759
      vertex -14.9996 3.0526 3.32678
    endloop
  endfacet
  facet normal 0.468116 0.577817 0.668577
    outer loop
      vertex -15.2259 3.37723 3.37759
      vertex -15.2506 3.34324 3.42426
      vertex -15.2161 3.31529 3.42426
    endloop
  endfacet
  facet normal 0.755675 0.290467 0.587013
    outer loop
      vertex -15.0403 3.20467 3.32678
      vertex -15.074 3.18966 3.37759
      vertex -15.0214 3.1555 3.32678
    endloop
  endfacet
  facet normal 0.40452 0.624011 0.668561
    outer loop
      vertex -15.2259 3.37723 3.37759
      vertex -15.2879 3.36742 3.42426
      vertex -15.2506 3.34324 3.42426
    endloop
  endfacet
  facet normal 0.509579 0.628885 0.587225
    outer loop
      vertex -15.1633 3.37395 3.32678
      vertex -15.2259 3.37723 3.37759
      vertex -15.188 3.34652 3.37759
    endloop
  endfacet
  facet normal 0.766693 0.497306 0.40604
    outer loop
      vertex -15.0149 3.28007 3.21502
      vertex -15.0468 3.32925 3.21502
      vertex -15.037 3.2673 3.27239
    endloop
  endfacet
  facet normal 0.45679 0.370249 0.808863
    outer loop
      vertex -15.2194 3.25266 3.46629
      vertex -15.2572 3.21866 3.5032
      vertex -15.1945 3.22194 3.46629
    endloop
  endfacet
  facet normal 0.549016 0.211491 0.808612
    outer loop
      vertex -15.1551 3.15358 3.46629
      vertex -15.2015 3.13291 3.5032
      vertex -15.1892 3.10098 3.5032
    endloop
  endfacet
  facet normal 0.661211 0.104021 0.742954
    outer loop
      vertex -15.085 3.08821 3.42426
      vertex -15.1307 3.07851 3.46629
      vertex -15.0781 3.04435 3.42426
    endloop
  endfacet
  facet normal 0.431504 0.847654 0.308686
    outer loop
      vertex -15.2643 3.52945 3.15529
      vertex -15.2722 3.51172 3.21502
      vertex -15.2102 3.50191 3.15529
    endloop
  endfacet
  facet normal 0.79799 0.517666 0.308601
    outer loop
      vertex -14.9981 3.28978 3.15529
      vertex -15.0311 3.34065 3.15529
      vertex -15.0149 3.28007 3.21502
    endloop
  endfacet
  facet normal 0.34105 0.887922 0.308675
    outer loop
      vertex -15.2643 3.52945 3.15529
      vertex -15.3209 3.55119 3.15529
      vertex -15.2722 3.51172 3.21502
    endloop
  endfacet
  facet normal 0.443777 0.871762 0.207588
    outer loop
      vertex -15.259 3.54138 3.09386
      vertex -15.2643 3.52945 3.15529
      vertex -15.2102 3.50191 3.15529
    endloop
  endfacet
  facet normal 0.431464 0.847692 0.308637
    outer loop
      vertex -15.2102 3.50191 3.15529
      vertex -15.2722 3.51172 3.21502
      vertex -15.2199 3.4851 3.21502
    endloop
  endfacet
  facet normal 0.545668 0.673237 0.498998
    outer loop
      vertex -15.1858 3.4325 3.27239
      vertex -15.2042 3.4071 3.32678
      vertex -15.1633 3.37395 3.32678
    endloop
  endfacet
  facet normal 0.173264 0.646913 0.742619
    outer loop
      vertex -15.4118 3.41499 3.42426
      vertex -15.4215 3.36934 3.46629
      vertex -15.3689 3.4035 3.42426
    endloop
  endfacet
  facet normal 0.367872 0.720796 0.587472
    outer loop
      vertex -15.2484 3.43579 3.32678
      vertex -15.3103 3.42597 3.37759
      vertex -15.2669 3.40382 3.37759
    endloop
  endfacet
  facet normal 0.853094 0.327274 0.406352
    outer loop
      vertex -14.9883 3.22783 3.21502
      vertex -14.9916 3.1652 3.27239
      vertex -14.9673 3.17309 3.21502
    endloop
  endfacet
  facet normal 0.912581 0.0467591 0.406213
    outer loop
      vertex -14.9429 3.05855 3.21502
      vertex -14.9683 3.05588 3.27239
      vertex -14.9399 3 3.21502
    endloop
  endfacet
  facet normal 0.978333 -0 0.207038
    outer loop
      vertex -14.9204 -3 3.15529
      vertex -14.9074 3 3.09386
      vertex -14.9204 3 3.15529
    endloop
  endfacet
  facet normal 0.978333 0 0.207038
    outer loop
      vertex -14.9074 3 3.09386
      vertex -14.9204 -3 3.15529
      vertex -14.9074 -3 3.09386
    endloop
  endfacet
  facet normal 0.773158 0.625584 0.104267
    outer loop
      vertex -15.0153 3.35219 3.0314
      vertex -15.0596 3.39653 3.09386
      vertex -15.0206 3.34833 3.09386
    endloop
  endfacet
  facet normal 0.814351 0.414852 0.405869
    outer loop
      vertex -14.9883 3.22783 3.21502
      vertex -15.037 3.2673 3.27239
      vertex -15.0116 3.21744 3.27239
    endloop
  endfacet
  facet normal 0.808566 0.310797 0.499627
    outer loop
      vertex -15.0116 3.21744 3.27239
      vertex -15.0403 3.20467 3.32678
      vertex -15.0214 3.1555 3.32678
    endloop
  endfacet
  facet normal 0.913505 0.349983 0.207413
    outer loop
      vertex -14.9364 3.18313 3.09386
      vertex -14.9705 3.23573 3.15529
      vertex -14.9488 3.17909 3.15529
    endloop
  endfacet
  facet normal 0.944922 0.253205 0.20739
    outer loop
      vertex -14.9364 3.18313 3.09386
      vertex -14.9488 3.17909 3.15529
      vertex -14.9331 3.1205 3.15529
    endloop
  endfacet
  facet normal 0.820668 0.532378 0.207553
    outer loop
      vertex -14.9868 3.29631 3.09386
      vertex -15.0311 3.34065 3.15529
      vertex -14.9981 3.28978 3.15529
    endloop
  endfacet
  facet normal 0.672481 0.672638 0.308751
    outer loop
      vertex -15.1252 3.41627 3.21502
      vertex -15.0693 3.3878 3.15529
      vertex -15.1122 3.43069 3.15529
    endloop
  endfacet
  facet normal 0.672307 0.672956 0.308437
    outer loop
      vertex -15.0693 3.3878 3.15529
      vertex -15.1252 3.41627 3.21502
      vertex -15.0837 3.37481 3.21502
    endloop
  endfacet
  facet normal 0.104721 0.661477 0.742618
    outer loop
      vertex -15.4118 3.41499 3.42426
      vertex -15.4557 3.42194 3.42426
      vertex -15.4215 3.36934 3.46629
    endloop
  endfacet
  facet normal 0.365122 0.561595 0.742494
    outer loop
      vertex -15.2879 3.36742 3.42426
      vertex -15.3112 3.327 3.46629
      vertex -15.2781 3.30548 3.46629
    endloop
  endfacet
  facet normal 0.0388898 0.742594 0.668612
    outer loop
      vertex -15.4513 3.46373 3.37759
      vertex -15.5 3.42426 3.42426
      vertex -15.4557 3.42194 3.42426
    endloop
  endfacet
  facet normal 0.116264 0.734458 0.668621
    outer loop
      vertex -15.4513 3.46373 3.37759
      vertex -15.4557 3.42194 3.42426
      vertex -15.4031 3.4561 3.37759
    endloop
  endfacet
  facet normal 0.156282 0.987713 -0
    outer loop
      vertex -15.3754 3.58608 3
      vertex -15.4374 3.59589 3.0314
      vertex -15.3754 3.58608 3.0314
    endloop
  endfacet
  facet normal 0.156282 0.987713 0
    outer loop
      vertex -15.4374 3.59589 3.0314
      vertex -15.3754 3.58608 3
      vertex -15.4374 3.59589 3
    endloop
  endfacet
  facet normal 0.356595 0.928385 0.104597
    outer loop
      vertex -15.2563 3.54738 3.0314
      vertex -15.3148 3.56985 3.0314
      vertex -15.259 3.54138 3.09386
    endloop
  endfacet
  facet normal 0.625841 0.77288 0.104783
    outer loop
      vertex -15.1478 3.48474 3.0314
      vertex -15.1517 3.47943 3.09386
      vertex -15.1035 3.4404 3.09386
    endloop
  endfacet
  facet normal -0.532625 0.820539 0.207429
    outer loop
      vertex -15.7963 3.51322 3.09386
      vertex -15.8407 3.46887 3.15529
      vertex -15.7898 3.50191 3.15529
    endloop
  endfacet
  facet normal -0.289848 0.755726 0.587254
    outer loop
      vertex -15.6555 3.47857 3.32678
      vertex -15.7047 3.4597 3.32678
      vertex -15.6897 3.42597 3.37759
    endloop
  endfacet
  facet normal -0.451295 0.886243 0.104437
    outer loop
      vertex -15.741 3.54138 3.09386
      vertex -15.7996 3.5189 3.0314
      vertex -15.7963 3.51322 3.09386
    endloop
  endfacet
  facet normal -0.153072 0.966175 0.207547
    outer loop
      vertex -15.5619 3.58937 3.09386
      vertex -15.6205 3.56689 3.15529
      vertex -15.5606 3.57638 3.15529
    endloop
  endfacet
  facet normal -0.0510998 0.976861 0.20768
    outer loop
      vertex -15.5 3.59261 3.09386
      vertex -15.5606 3.57638 3.15529
      vertex -15.5 3.57955 3.15529
    endloop
  endfacet
  facet normal 0.0453493 0.865197 0.499377
    outer loop
      vertex -15.4441 3.53167 3.27239
      vertex -15.5 3.5346 3.27239
      vertex -15.4474 3.50045 3.32678
    endloop
  endfacet
  facet normal -0.246153 0.918764 0.308677
    outer loop
      vertex -15.6205 3.56689 3.15529
      vertex -15.6791 3.55119 3.15529
      vertex -15.6731 3.53273 3.21502
    endloop
  endfacet
  facet normal -0.440315 0.678936 0.587511
    outer loop
      vertex -15.7516 3.43579 3.32678
      vertex -15.7741 3.37723 3.37759
      vertex -15.7331 3.40382 3.37759
    endloop
  endfacet
  facet normal -0.853534 0.326774 0.405831
    outer loop
      vertex -15.9884 3.21744 3.27239
      vertex -16.0117 3.22783 3.21502
      vertex -16.0084 3.1652 3.27239
    endloop
  endfacet
  facet normal -0.224265 0.836885 0.499328
    outer loop
      vertex -15.6111 3.52292 3.27239
      vertex -15.6555 3.47857 3.32678
      vertex -15.6046 3.49221 3.32678
    endloop
  endfacet
  facet normal -0.143046 0.902417 0.406426
    outer loop
      vertex -15.5586 3.55708 3.21502
      vertex -15.6111 3.52292 3.27239
      vertex -15.5559 3.53167 3.27239
    endloop
  endfacet
  facet normal 0.0496904 0.949916 0.308528
    outer loop
      vertex -15.5 3.57955 3.15529
      vertex -15.5 3.56015 3.21502
      vertex -15.4394 3.57638 3.15529
    endloop
  endfacet
  facet normal 0.209494 0.781761 0.587335
    outer loop
      vertex -15.3954 3.49221 3.32678
      vertex -15.4031 3.4561 3.37759
      vertex -15.3445 3.47857 3.32678
    endloop
  endfacet
  facet normal -0.755675 -0.290467 0.587013
    outer loop
      vertex -15.926 -3.18966 3.37759
      vertex -15.9786 -3.1555 3.32678
      vertex -15.9597 -3.20467 3.32678
    endloop
  endfacet
  facet normal -0.742734 -0.0396206 0.668413
    outer loop
      vertex -15.9243 -3 3.42426
      vertex -15.9663 -3 3.37759
      vertex -15.9637 -3.04874 3.37759
    endloop
  endfacet
  facet normal -0.808338 -0.0431202 0.587137
    outer loop
      vertex -15.9663 -3 3.37759
      vertex -16.0004 -3.0526 3.32678
      vertex -15.9637 -3.04874 3.37759
    endloop
  endfacet
  facet normal -0.86604 0 0.499975
    outer loop
      vertex -16.0346 -3 3.27239
      vertex -16.0032 3 3.32678
      vertex -16.0346 3 3.27239
    endloop
  endfacet
  facet normal -0.86604 0 0.499975
    outer loop
      vertex -16.0032 3 3.32678
      vertex -16.0346 -3 3.27239
      vertex -16.0032 -3 3.32678
    endloop
  endfacet
  facet normal -0.837158 -0.224584 0.498727
    outer loop
      vertex -15.9786 -3.1555 3.32678
      vertex -16.0229 -3.11115 3.27239
      vertex -16.0084 -3.1652 3.27239
    endloop
  endfacet
  facet normal -0.944922 -0.253205 0.20739
    outer loop
      vertex -16.0512 -3.17909 3.15529
      vertex -16.0669 -3.1205 3.15529
      vertex -16.0636 -3.18313 3.09386
    endloop
  endfacet
  facet normal -0.646917 -0.172873 0.742707
    outer loop
      vertex -15.8693 -3.07851 3.46629
      vertex -15.9035 -3.1311 3.42426
      vertex -15.8591 -3.11668 3.46629
    endloop
  endfacet
  facet normal -0.718254 -0.192584 0.668597
    outer loop
      vertex -15.915 -3.08821 3.42426
      vertex -15.9561 -3.09695 3.37759
      vertex -15.9035 -3.1311 3.42426
    endloop
  endfacet
  facet normal -0.401971 -0.0642353 0.913397
    outer loop
      vertex -15.7138 -3.02248 3.56015
      vertex -15.7709 -3.02847 3.5346
      vertex -15.7664 -3.05663 3.5346
    endloop
  endfacet
  facet normal -0.596595 -0.304554 0.74251
    outer loop
      vertex -15.827 -3.1888 3.46629
      vertex -15.8876 -3.17256 3.42426
      vertex -15.8674 -3.21213 3.42426
    endloop
  endfacet
  facet normal -0.151924 -0.568211 0.808737
    outer loop
      vertex -15.5679 -3.31964 3.5032
      vertex -15.601 -3.31079 3.5032
      vertex -15.5785 -3.36934 3.46629
    endloop
  endfacet
  facet normal -0.474114 -0.473266 0.742452
    outer loop
      vertex -15.7806 -3.25266 3.46629
      vertex -15.7839 -3.31529 3.42426
      vertex -15.7527 -3.28061 3.46629
    endloop
  endfacet
  facet normal -0.47348 -0.47348 0.74272
    outer loop
      vertex -15.7839 -3.31529 3.42426
      vertex -15.7806 -3.25266 3.46629
      vertex -15.8153 -3.28389 3.42426
    endloop
  endfacet
  facet normal -0.568492 -0.151916 0.808541
    outer loop
      vertex -15.8108 -3.10098 3.5032
      vertex -15.8693 -3.07851 3.46629
      vertex -15.8591 -3.11668 3.46629
    endloop
  endfacet
  facet normal -0.379873 -0.146983 0.913287
    outer loop
      vertex -15.6964 -3.08746 3.56015
      vertex -15.7591 -3.08417 3.5346
      vertex -15.7488 -3.11079 3.5346
    endloop
  endfacet
  facet normal -0.338018 -0.662302 0.668656
    outer loop
      vertex -15.7121 -3.36742 3.42426
      vertex -15.7331 -3.40382 3.37759
      vertex -15.6897 -3.42597 3.37759
    endloop
  endfacet
  facet normal -0.468116 -0.577817 0.668577
    outer loop
      vertex -15.7494 -3.34324 3.42426
      vertex -15.7839 -3.31529 3.42426
      vertex -15.7741 -3.37723 3.37759
    endloop
  endfacet
  facet normal -0.517886 -0.797832 0.30864
    outer loop
      vertex -15.7801 -3.4851 3.21502
      vertex -15.8407 -3.46887 3.15529
      vertex -15.7898 -3.50191 3.15529
    endloop
  endfacet
  facet normal -0.431464 -0.847692 0.308637
    outer loop
      vertex -15.7801 -3.4851 3.21502
      vertex -15.7898 -3.50191 3.15529
      vertex -15.7278 -3.51172 3.21502
    endloop
  endfacet
  facet normal -0.258704 -0.965957 0
    outer loop
      vertex -15.6852 -3.56985 3
      vertex -15.6246 -3.58608 3.0314
      vertex -15.6852 -3.56985 3.0314
    endloop
  endfacet
  facet normal -0.258704 -0.965957 -0
    outer loop
      vertex -15.6246 -3.58608 3.0314
      vertex -15.6852 -3.56985 3
      vertex -15.6246 -3.58608 3
    endloop
  endfacet
  facet normal -0.726407 -0.472095 0.499459
    outer loop
      vertex -15.9071 -3.29577 3.32678
      vertex -15.963 -3.2673 3.27239
      vertex -15.9325 -3.31423 3.27239
    endloop
  endfacet
  facet normal -0.739177 -0.598675 0.308555
    outer loop
      vertex -15.9532 -3.32925 3.21502
      vertex -15.9689 -3.34065 3.15529
      vertex -15.9163 -3.37481 3.21502
    endloop
  endfacet
  facet normal -0.777683 -0.628656 0
    outer loop
      vertex -15.9453 -3.40093 3
      vertex -15.9847 -3.35219 3.0314
      vertex -15.9847 -3.35219 3
    endloop
  endfacet
  facet normal -0.777683 -0.628656 0
    outer loop
      vertex -15.9847 -3.35219 3.0314
      vertex -15.9453 -3.40093 3
      vertex -15.9453 -3.40093 3.0314
    endloop
  endfacet
  facet normal -0.771956 -0.393133 0.499529
    outer loop
      vertex -15.9597 -3.20467 3.32678
      vertex -15.963 -3.2673 3.27239
      vertex -15.9358 -3.2516 3.32678
    endloop
  endfacet
  facet normal -0.726423 -0.472002 0.499524
    outer loop
      vertex -15.9358 -3.2516 3.32678
      vertex -15.963 -3.2673 3.27239
      vertex -15.9071 -3.29577 3.32678
    endloop
  endfacet
  facet normal -0.765997 -0.497824 0.406719
    outer loop
      vertex -15.9325 -3.31423 3.27239
      vertex -15.963 -3.2673 3.27239
      vertex -15.9532 -3.32925 3.21502
    endloop
  endfacet
  facet normal -0.709927 -0.574985 0.406689
    outer loop
      vertex -15.9325 -3.31423 3.27239
      vertex -15.9532 -3.32925 3.21502
      vertex -15.9163 -3.37481 3.21502
    endloop
  endfacet
  facet normal -0.574876 -0.710227 0.406319
    outer loop
      vertex -15.8577 -3.39729 3.27239
      vertex -15.8748 -3.41627 3.21502
      vertex -15.8142 -3.4325 3.27239
    endloop
  endfacet
  facet normal -0.833943 -0.541855 0.104559
    outer loop
      vertex -16.0132 -3.29631 3.09386
      vertex -16.0189 -3.29959 3.0314
      vertex -15.9794 -3.34833 3.09386
    endloop
  endfacet
  facet normal -0.8204 -0.533055 0.206871
    outer loop
      vertex -15.9689 -3.34065 3.15529
      vertex -16.0132 -3.29631 3.09386
      vertex -15.9794 -3.34833 3.09386
    endloop
  endfacet
  facet normal -0.847857 -0.431379 0.308303
    outer loop
      vertex -16.0117 -3.22783 3.21502
      vertex -16.0294 -3.23573 3.15529
      vertex -16.0019 -3.28978 3.15529
    endloop
  endfacet
  facet normal -0.847641 -0.431609 0.308577
    outer loop
      vertex -15.9851 -3.28007 3.21502
      vertex -16.0117 -3.22783 3.21502
      vertex -16.0019 -3.28978 3.15529
    endloop
  endfacet
  facet normal -0.66886 -0.0355867 0.742536
    outer loop
      vertex -15.8776 -3 3.46629
      vertex -15.9219 -3.04435 3.42426
      vertex -15.8755 -3.03947 3.46629
    endloop
  endfacet
  facet normal -0.853534 -0.326774 0.405831
    outer loop
      vertex -16.0084 -3.1652 3.27239
      vertex -16.0117 -3.22783 3.21502
      vertex -15.9884 -3.21744 3.27239
    endloop
  endfacet
  facet normal -0.443777 -0.871762 0.207588
    outer loop
      vertex -15.7357 -3.52945 3.15529
      vertex -15.7898 -3.50191 3.15529
      vertex -15.741 -3.54138 3.09386
    endloop
  endfacet
  facet normal -0.443903 -0.871727 0.207465
    outer loop
      vertex -15.7898 -3.50191 3.15529
      vertex -15.7963 -3.51322 3.09386
      vertex -15.741 -3.54138 3.09386
    endloop
  endfacet
  facet normal -0.153043 -0.966173 0.207574
    outer loop
      vertex -15.6205 -3.56689 3.15529
      vertex -15.6232 -3.57966 3.09386
      vertex -15.5619 -3.58937 3.09386
    endloop
  endfacet
  facet normal -0.356457 -0.928423 0.104738
    outer loop
      vertex -15.6831 -3.56361 3.09386
      vertex -15.741 -3.54138 3.09386
      vertex -15.6852 -3.56985 3.0314
    endloop
  endfacet
  facet normal -0.625841 -0.77288 0.104783
    outer loop
      vertex -15.8483 -3.47943 3.09386
      vertex -15.8965 -3.4404 3.09386
      vertex -15.8522 -3.48474 3.0314
    endloop
  endfacet
  facet normal -0.70298 -0.70346 0.104704
    outer loop
      vertex -15.9453 -3.40093 3.0314
      vertex -15.8965 -3.4404 3.09386
      vertex -15.9404 -3.39653 3.09386
    endloop
  endfacet
  facet normal -0.70284 -0.703632 0.104486
    outer loop
      vertex -15.8965 -3.4404 3.09386
      vertex -15.9453 -3.40093 3.0314
      vertex -15.9009 -3.44528 3.0314
    endloop
  endfacet
  facet normal -0.34105 -0.887922 0.308675
    outer loop
      vertex -15.7278 -3.51172 3.21502
      vertex -15.7357 -3.52945 3.15529
      vertex -15.6791 -3.55119 3.15529
    endloop
  endfacet
  facet normal -0.155598 -0.982301 0.104283
    outer loop
      vertex -15.5619 -3.58937 3.09386
      vertex -15.6232 -3.57966 3.09386
      vertex -15.5626 -3.59589 3.0314
    endloop
  endfacet
  facet normal -0.289848 -0.755726 0.587254
    outer loop
      vertex -15.6897 -3.42597 3.37759
      vertex -15.7047 -3.4597 3.32678
      vertex -15.6555 -3.47857 3.32678
    endloop
  endfacet
  facet normal -0.393112 -0.772294 0.499024
    outer loop
      vertex -15.7047 -3.4597 3.32678
      vertex -15.7673 -3.46298 3.27239
      vertex -15.7174 -3.48838 3.27239
    endloop
  endfacet
  facet normal 0.0496904 -0.949916 0.308528
    outer loop
      vertex -15.5 -3.56015 3.21502
      vertex -15.5 -3.57955 3.15529
      vertex -15.4394 -3.57638 3.15529
    endloop
  endfacet
  facet normal 0.0497639 -0.949891 0.308596
    outer loop
      vertex -15.4414 -3.55708 3.21502
      vertex -15.5 -3.56015 3.21502
      vertex -15.4394 -3.57638 3.15529
    endloop
  endfacet
  facet normal -0.499734 -0.0263295 0.865778
    outer loop
      vertex -15.7724 -3 3.5346
      vertex -15.825 -3.03416 3.5032
      vertex -15.7709 -3.02847 3.5346
    endloop
  endfacet
  facet normal -0.483608 -0.128806 0.865756
    outer loop
      vertex -15.7664 -3.05663 3.5346
      vertex -15.8196 -3.06794 3.5032
      vertex -15.8108 -3.10098 3.5032
    endloop
  endfacet
  facet normal -0.145441 0.380273 0.913367
    outer loop
      vertex -15.5842 3.25906 3.5346
      vertex -15.5875 3.19643 3.56015
      vertex -15.5664 3.2045 3.56015
    endloop
  endfacet
  facet normal 0.0568426 0.0880212 0.994495
    outer loop
      vertex -15.4531 3.08129 3.59261
      vertex -15.4815 3.0254 3.59918
      vertex -15.4448 3.07593 3.59261
    endloop
  endfacet
  facet normal -0.440664 -0.67889 0.587302
    outer loop
      vertex -15.7741 -3.37723 3.37759
      vertex -15.7958 -3.4071 3.32678
      vertex -15.7516 -3.43579 3.32678
    endloop
  endfacet
  facet normal -0.327632 -0.852997 0.406268
    outer loop
      vertex -15.6652 -3.50844 3.27239
      vertex -15.7278 -3.51172 3.21502
      vertex -15.6731 -3.53273 3.21502
    endloop
  endfacet
  facet normal -0.186074 -0.0935689 0.97807
    outer loop
      vertex -15.5857 -3.03818 3.59261
      vertex -15.6345 -3.07765 3.57955
      vertex -15.5813 -3.04693 3.59261
    endloop
  endfacet
  facet normal -0.316217 -0.256855 0.913254
    outer loop
      vertex -15.674 -3.12639 3.56015
      vertex -15.7204 -3.16011 3.5346
      vertex -15.7024 -3.18227 3.5346
    endloop
  endfacet
  facet normal -0.509579 -0.628885 0.587225
    outer loop
      vertex -15.812 -3.34652 3.37759
      vertex -15.8367 -3.37395 3.32678
      vertex -15.7741 -3.37723 3.37759
    endloop
  endfacet
  facet normal -0.678554 -0.440878 0.587529
    outer loop
      vertex -15.9038 -3.23314 3.37759
      vertex -15.9358 -3.2516 3.32678
      vertex -15.8772 -3.27408 3.37759
    endloop
  endfacet
  facet normal -0.623506 -0.405111 0.668674
    outer loop
      vertex -15.8674 -3.21213 3.42426
      vertex -15.9038 -3.23314 3.37759
      vertex -15.8772 -3.27408 3.37759
    endloop
  endfacet
  facet normal -0.629281 -0.508774 0.587499
    outer loop
      vertex -15.8772 -3.27408 3.37759
      vertex -15.9071 -3.29577 3.32678
      vertex -15.874 -3.33671 3.32678
    endloop
  endfacet
  facet normal -0.673687 -0.544676 0.499474
    outer loop
      vertex -15.9071 -3.29577 3.32678
      vertex -15.9325 -3.31423 3.27239
      vertex -15.874 -3.33671 3.32678
    endloop
  endfacet
  facet normal 0.596595 -0.304554 0.74251
    outer loop
      vertex -15.1124 -3.17256 3.42426
      vertex -15.173 -3.1888 3.46629
      vertex -15.1326 -3.21213 3.42426
    endloop
  endfacet
  facet normal 0.814351 -0.414852 0.405869
    outer loop
      vertex -15.0116 -3.21744 3.27239
      vertex -15.037 -3.2673 3.27239
      vertex -14.9883 -3.22783 3.21502
    endloop
  endfacet
  facet normal 0.709927 -0.574985 0.406689
    outer loop
      vertex -15.0675 -3.31423 3.27239
      vertex -15.0837 -3.37481 3.21502
      vertex -15.0468 -3.32925 3.21502
    endloop
  endfacet
  facet normal 0.694202 -0.266228 0.668735
    outer loop
      vertex -15.0965 -3.1311 3.42426
      vertex -15.1124 -3.17256 3.42426
      vertex -15.074 -3.18966 3.37759
    endloop
  endfacet
  facet normal 0.721413 -0.367393 0.587014
    outer loop
      vertex -15.0403 -3.20467 3.32678
      vertex -15.074 -3.18966 3.37759
      vertex -15.0642 -3.2516 3.32678
    endloop
  endfacet
  facet normal 0.782012 -0.209028 0.587166
    outer loop
      vertex -15.0078 -3.10462 3.32678
      vertex -15.0439 -3.09695 3.37759
      vertex -15.0214 -3.1555 3.32678
    endloop
  endfacet
  facet normal 0.661537 -0.10506 0.742517
    outer loop
      vertex -15.1245 -3.03947 3.46629
      vertex -15.1307 -3.07851 3.46629
      vertex -15.0781 -3.04435 3.42426
    endloop
  endfacet
  facet normal 0.625204 -0.239767 0.742719
    outer loop
      vertex -15.0965 -3.1311 3.42426
      vertex -15.1409 -3.11668 3.46629
      vertex -15.1124 -3.17256 3.42426
    endloop
  endfacet
  facet normal 0.580841 -0.0928521 0.808704
    outer loop
      vertex -15.175 -3.03416 3.5032
      vertex -15.1804 -3.06794 3.5032
      vertex -15.1307 -3.07851 3.46629
    endloop
  endfacet
  facet normal 0.167993 -0.259764 0.950947
    outer loop
      vertex -15.4087 -3.12563 3.57955
      vertex -15.4224 -3.13449 3.57955
      vertex -15.3736 -3.17395 3.56015
    endloop
  endfacet
  facet normal 0.420848 -0.521195 0.742457
    outer loop
      vertex -15.2473 -3.28061 3.46629
      vertex -15.2781 -3.30548 3.46629
      vertex -15.2161 -3.31529 3.42426
    endloop
  endfacet
  facet normal 0.499734 -0.0263295 0.865778
    outer loop
      vertex -15.2276 -3 3.5346
      vertex -15.2291 -3.02847 3.5346
      vertex -15.175 -3.03416 3.5032
    endloop
  endfacet
  facet normal 0.40647 -0.0214157 0.913413
    outer loop
      vertex -15.2276 -3 3.5346
      vertex -15.2862 -3.02248 3.56015
      vertex -15.2291 -3.02847 3.5346
    endloop
  endfacet
  facet normal 0.0212636 -0.406719 0.913306
    outer loop
      vertex -15.4775 -3.21384 3.56015
      vertex -15.5 -3.27239 3.5346
      vertex -15.4715 -3.2709 3.5346
    endloop
  endfacet
  facet normal -0.0109104 -0.20794 0.978081
    outer loop
      vertex -15.5 -3.09386 3.59261
      vertex -15.5162 -3.15444 3.57955
      vertex -15.5 -3.15529 3.57955
    endloop
  endfacet
  facet normal 0.221607 -0.341629 0.913334
    outer loop
      vertex -15.3736 -3.17395 3.56015
      vertex -15.3925 -3.18621 3.56015
      vertex -15.3638 -3.2359 3.5346
    endloop
  endfacet
  facet normal 0.129279 -0.483519 0.865735
    outer loop
      vertex -15.399 -3.31079 3.5032
      vertex -15.4434 -3.26644 3.5346
      vertex -15.4321 -3.31964 3.5032
    endloop
  endfacet
  facet normal 0.272501 -0.419795 0.865745
    outer loop
      vertex -15.3079 -3.26437 3.5032
      vertex -15.3638 -3.2359 3.5346
      vertex -15.3366 -3.283 3.5032
    endloop
  endfacet
  facet normal 0.316303 -0.256804 0.913238
    outer loop
      vertex -15.326 -3.12639 3.56015
      vertex -15.3402 -3.14388 3.56015
      vertex -15.2976 -3.18227 3.5346
    endloop
  endfacet
  facet normal 0.363213 -0.184394 0.913277
    outer loop
      vertex -15.2512 -3.11079 3.5346
      vertex -15.3036 -3.08746 3.56015
      vertex -15.2641 -3.1362 3.5346
    endloop
  endfacet
  facet normal 0.401971 -0.0642353 0.913397
    outer loop
      vertex -15.2291 -3.02847 3.5346
      vertex -15.2862 -3.02248 3.56015
      vertex -15.2336 -3.05663 3.5346
    endloop
  endfacet
  facet normal 0.960807 0.256934 0.104085
    outer loop
      vertex -14.9139 3.12458 3.0314
      vertex -14.9301 3.18516 3.0314
      vertex -14.9203 3.12321 3.09386
    endloop
  endfacet
  facet normal 0.847641 -0.431609 0.308577
    outer loop
      vertex -14.9883 -3.22783 3.21502
      vertex -15.0149 -3.28007 3.21502
      vertex -14.9981 -3.28978 3.15529
    endloop
  endfacet
  facet normal 0.944922 -0.253205 0.20739
    outer loop
      vertex -14.9331 -3.1205 3.15529
      vertex -14.9488 -3.17909 3.15529
      vertex -14.9364 -3.18313 3.09386
    endloop
  endfacet
  facet normal 0.846857 -0.432438 0.309565
    outer loop
      vertex -14.9883 -3.22783 3.21502
      vertex -14.9981 -3.28978 3.15529
      vertex -14.9705 -3.23573 3.15529
    endloop
  endfacet
  facet normal 0.993154 -0.0513092 0.104944
    outer loop
      vertex -14.9074 -3 3.09386
      vertex -14.9106 -3.06194 3.09386
      vertex -14.9008 -3 3.0314
    endloop
  endfacet
  facet normal 0.977029 -0.0516093 0.206762
    outer loop
      vertex -14.9204 -3 3.15529
      vertex -14.9236 -3.06058 3.15529
      vertex -14.9074 -3 3.09386
    endloop
  endfacet
  facet normal 0.358562 -0.933506 0
    outer loop
      vertex -15.3148 -3.56985 3
      vertex -15.2563 -3.54738 3.0314
      vertex -15.3148 -3.56985 3.0314
    endloop
  endfacet
  facet normal 0.358562 -0.933506 0
    outer loop
      vertex -15.2563 -3.54738 3.0314
      vertex -15.3148 -3.56985 3
      vertex -15.2563 -3.54738 3
    endloop
  endfacet
  facet normal 0.453959 -0.891022 0
    outer loop
      vertex -15.2563 -3.54738 3
      vertex -15.2004 -3.5189 3.0314
      vertex -15.2563 -3.54738 3.0314
    endloop
  endfacet
  facet normal 0.453959 -0.891022 0
    outer loop
      vertex -15.2004 -3.5189 3.0314
      vertex -15.2563 -3.54738 3
      vertex -15.2004 -3.5189 3
    endloop
  endfacet
  facet normal 0.933448 0.358712 0
    outer loop
      vertex -14.9301 3.18516 3.0314
      vertex -14.9526 3.24371 3
      vertex -14.9526 3.24371 3.0314
    endloop
  endfacet
  facet normal 0.933448 0.358712 0
    outer loop
      vertex -14.9526 3.24371 3
      vertex -14.9301 3.18516 3.0314
      vertex -14.9301 3.18516 3
    endloop
  endfacet
  facet normal 0.629547 0.776962 -0
    outer loop
      vertex -15.0991 3.44528 3
      vertex -15.1478 3.48474 3.0314
      vertex -15.0991 3.44528 3.0314
    endloop
  endfacet
  facet normal 0.629547 0.776962 0
    outer loop
      vertex -15.1478 3.48474 3.0314
      vertex -15.0991 3.44528 3
      vertex -15.1478 3.48474 3
    endloop
  endfacet
  facet normal -0.949945 -0.0486735 0.308601
    outer loop
      vertex -16.0601 -3 3.21502
      vertex -16.0764 -3.06058 3.15529
      vertex -16.0571 -3.05855 3.21502
    endloop
  endfacet
  facet normal -0.949426 -0.0501513 0.309958
    outer loop
      vertex -16.0601 -3 3.21502
      vertex -16.0796 -3 3.15529
      vertex -16.0764 -3.06058 3.15529
    endloop
  endfacet
  facet normal -0.808338 0.0431202 0.587137
    outer loop
      vertex -15.9637 3.04874 3.37759
      vertex -16.0004 3.0526 3.32678
      vertex -15.9663 3 3.37759
    endloop
  endfacet
  facet normal -0.966096 0.153169 0.207839
    outer loop
      vertex -16.0669 3.1205 3.15529
      vertex -16.0894 3.06194 3.09386
      vertex -16.0764 3.06058 3.15529
    endloop
  endfacet
  facet normal -0.928345 0.356751 0.104428
    outer loop
      vertex -16.0474 3.24371 3.0314
      vertex -16.0699 3.18516 3.0314
      vertex -16.0414 3.24104 3.09386
    endloop
  endfacet
  facet normal -0.625841 0.77288 0.104783
    outer loop
      vertex -15.8522 3.48474 3.0314
      vertex -15.8965 3.4404 3.09386
      vertex -15.8483 3.47943 3.09386
    endloop
  endfacet
  facet normal -0.451467 0.886131 0.104639
    outer loop
      vertex -15.7437 3.54738 3.0314
      vertex -15.7996 3.5189 3.0314
      vertex -15.741 3.54138 3.09386
    endloop
  endfacet
  facet normal -0.544652 0.838662 0
    outer loop
      vertex -15.7996 3.5189 3
      vertex -15.8522 3.48474 3.0314
      vertex -15.7996 3.5189 3.0314
    endloop
  endfacet
  facet normal -0.544652 0.838662 0
    outer loop
      vertex -15.8522 3.48474 3.0314
      vertex -15.7996 3.5189 3
      vertex -15.8522 3.48474 3
    endloop
  endfacet
  facet normal -0.155427 -0.98231 0.104451
    outer loop
      vertex -15.6232 -3.57966 3.09386
      vertex -15.6246 -3.58608 3.0314
      vertex -15.5626 -3.59589 3.0314
    endloop
  endfacet
  facet normal -0.253181 -0.944893 0.207551
    outer loop
      vertex -15.6205 -3.56689 3.15529
      vertex -15.6831 -3.56361 3.09386
      vertex -15.6232 -3.57966 3.09386
    endloop
  endfacet
  facet normal -0.257396 -0.960625 0.104624
    outer loop
      vertex -15.6831 -3.56361 3.09386
      vertex -15.6852 -3.56985 3.0314
      vertex -15.6232 -3.57966 3.09386
    endloop
  endfacet
  facet normal -0.0510998 -0.976861 0.20768
    outer loop
      vertex -15.5 -3.57955 3.15529
      vertex -15.5606 -3.57638 3.15529
      vertex -15.5 -3.59261 3.09386
    endloop
  endfacet
  facet normal -0.0511316 -0.976866 0.20765
    outer loop
      vertex -15.5606 -3.57638 3.15529
      vertex -15.5619 -3.58937 3.09386
      vertex -15.5 -3.59261 3.09386
    endloop
  endfacet
  facet normal 0.0976014 -0.0381504 0.994494
    outer loop
      vertex -15.4701 -3.0097 3.59918
      vertex -15.4713 -3.01277 3.59918
      vertex -15.4107 -3.029 3.59261
    endloop
  endfacet
  facet normal 0.101661 -0.0256556 0.994488
    outer loop
      vertex -15.4693 -3.00653 3.59918
      vertex -15.4701 -3.0097 3.59918
      vertex -15.4107 -3.029 3.59261
    endloop
  endfacet
  facet normal 0.0809321 -0.06665 0.994489
    outer loop
      vertex -15.4746 -3.01846 3.59918
      vertex -15.4767 -3.02101 3.59918
      vertex -15.4241 -3.05517 3.59261
    endloop
  endfacet
  facet normal 0.162582 -0.129981 0.978096
    outer loop
      vertex -15.4241 -3.05517 3.59261
      vertex -15.4302 -3.0628 3.59261
      vertex -15.3744 -3.09128 3.57955
    endloop
  endfacet
  facet normal 0.37988 -0.146386 0.91338
    outer loop
      vertex -15.2955 -3.06644 3.56015
      vertex -15.3036 -3.08746 3.56015
      vertex -15.2409 -3.08417 3.5346
    endloop
  endfacet
  facet normal 0.298899 -0.0799603 0.950929
    outer loop
      vertex -15.3481 -3.03229 3.57955
      vertex -15.3523 -3.04799 3.57955
      vertex -15.2897 -3.0447 3.56015
    endloop
  endfacet
  facet normal -0.221607 -0.341629 0.913334
    outer loop
      vertex -15.6264 -3.17395 3.56015
      vertex -15.6362 -3.2359 3.5346
      vertex -15.6075 -3.18621 3.56015
    endloop
  endfacet
  facet normal -0.298899 -0.0799603 0.950929
    outer loop
      vertex -15.6519 -3.03229 3.57955
      vertex -15.7103 -3.0447 3.56015
      vertex -15.6477 -3.04799 3.57955
    endloop
  endfacet
  facet normal -0.320772 -0.493381 0.808505
    outer loop
      vertex -15.6921 -3.26437 3.5032
      vertex -15.7219 -3.30548 3.46629
      vertex -15.6888 -3.327 3.46629
    endloop
  endfacet
  facet normal -0.201271 -0.0530218 0.9781
    outer loop
      vertex -15.5918 -3.01951 3.59261
      vertex -15.6519 -3.03229 3.57955
      vertex -15.5893 -3.029 3.59261
    endloop
  endfacet
  facet normal -0.0936377 -0.0470864 0.994492
    outer loop
      vertex -15.5287 -3.01277 3.59918
      vertex -15.5857 -3.03818 3.59261
      vertex -15.5813 -3.04693 3.59261
    endloop
  endfacet
  facet normal -0.0484412 -0.30551 0.950956
    outer loop
      vertex -15.5323 -3.1519 3.57955
      vertex -15.5447 -3.21032 3.56015
      vertex -15.5225 -3.21384 3.56015
    endloop
  endfacet
  facet normal -0.179559 -0.467206 0.865724
    outer loop
      vertex -15.6108 -3.24884 3.5346
      vertex -15.6329 -3.29853 3.5032
      vertex -15.601 -3.31079 3.5032
    endloop
  endfacet
  facet normal 0.0261593 -0.499804 0.865743
    outer loop
      vertex -15.5 -3.27239 3.5346
      vertex -15.5 -3.32678 3.5032
      vertex -15.4658 -3.32499 3.5032
    endloop
  endfacet
  facet normal -0.0784558 -0.494307 0.86574
    outer loop
      vertex -15.5285 -3.2709 3.5346
      vertex -15.5566 -3.26644 3.5346
      vertex -15.5342 -3.32499 3.5032
    endloop
  endfacet
  facet normal 0.185292 -0.362606 0.913337
    outer loop
      vertex -15.3925 -3.18621 3.56015
      vertex -15.4125 -3.19643 3.56015
      vertex -15.3638 -3.2359 3.5346
    endloop
  endfacet
  facet normal 0.0949703 -0.185308 0.978081
    outer loop
      vertex -15.4224 -3.13449 3.57955
      vertex -15.4618 -3.08575 3.59261
      vertex -15.4368 -3.14187 3.57955
    endloop
  endfacet
  facet normal 0.0568426 -0.0880212 0.994495
    outer loop
      vertex -15.4448 -3.07593 3.59261
      vertex -15.4815 -3.0254 3.59918
      vertex -15.4531 -3.08129 3.59261
    endloop
  endfacet
  facet normal 0.0477951 -0.0932325 0.994497
    outer loop
      vertex -15.4531 -3.08129 3.59261
      vertex -15.4872 -3.02869 3.59918
      vertex -15.4618 -3.08575 3.59261
    endloop
  endfacet
  facet normal -0.0920712 -0.581032 0.808656
    outer loop
      vertex -15.5342 -3.32499 3.5032
      vertex -15.5785 -3.36934 3.46629
      vertex -15.5395 -3.37552 3.46629
    endloop
  endfacet
  facet normal -0.0922243 -0.580927 0.808714
    outer loop
      vertex -15.5679 -3.31964 3.5032
      vertex -15.5785 -3.36934 3.46629
      vertex -15.5342 -3.32499 3.5032
    endloop
  endfacet
  facet normal 0.30423 -0.596596 0.742642
    outer loop
      vertex -15.3112 -3.327 3.46629
      vertex -15.3464 -3.34495 3.46629
      vertex -15.3274 -3.38758 3.42426
    endloop
  endfacet
  facet normal 0.0784737 -0.494311 0.865736
    outer loop
      vertex -15.4434 -3.26644 3.5346
      vertex -15.4658 -3.32499 3.5032
      vertex -15.4321 -3.31964 3.5032
    endloop
  endfacet
  facet normal 0.726407 -0.472095 0.499459
    outer loop
      vertex -15.037 -3.2673 3.27239
      vertex -15.0929 -3.29577 3.32678
      vertex -15.0675 -3.31423 3.27239
    endloop
  endfacet
  facet normal 0.561884 -0.365036 0.742318
    outer loop
      vertex -15.1326 -3.21213 3.42426
      vertex -15.1945 -3.22194 3.46629
      vertex -15.1568 -3.24938 3.42426
    endloop
  endfacet
  facet normal 0.765997 -0.497824 0.406719
    outer loop
      vertex -15.037 -3.2673 3.27239
      vertex -15.0675 -3.31423 3.27239
      vertex -15.0468 -3.32925 3.21502
    endloop
  endfacet
  facet normal 0.320308 -0.493443 0.808651
    outer loop
      vertex -15.3079 -3.26437 3.5032
      vertex -15.3366 -3.283 3.5032
      vertex -15.3112 -3.327 3.46629
    endloop
  endfacet
  facet normal 0.148844 -0.93949 0.308552
    outer loop
      vertex -15.3795 -3.56689 3.15529
      vertex -15.4414 -3.55708 3.21502
      vertex -15.4394 -3.57638 3.15529
    endloop
  endfacet
  facet normal 0.327632 -0.852997 0.406268
    outer loop
      vertex -15.2722 -3.51172 3.21502
      vertex -15.3348 -3.50844 3.27239
      vertex -15.3269 -3.53273 3.21502
    endloop
  endfacet
  facet normal 0.209494 -0.781761 0.587335
    outer loop
      vertex -15.3445 -3.47857 3.32678
      vertex -15.4031 -3.4561 3.37759
      vertex -15.3954 -3.49221 3.32678
    endloop
  endfacet
  facet normal -0.0350474 -0.668779 0.742635
    outer loop
      vertex -15.5395 -3.37552 3.46629
      vertex -15.5443 -3.42194 3.42426
      vertex -15.5 -3.37759 3.46629
    endloop
  endfacet
  facet normal 0.126672 -0.799387 0.587311
    outer loop
      vertex -15.4031 -3.4561 3.37759
      vertex -15.4474 -3.50045 3.32678
      vertex -15.3954 -3.49221 3.32678
    endloop
  endfacet
  facet normal -0.0388898 -0.742594 0.668612
    outer loop
      vertex -15.5443 -3.42194 3.42426
      vertex -15.5487 -3.46373 3.37759
      vertex -15.5 -3.42426 3.42426
    endloop
  endfacet
  facet normal 0.414479 -0.814272 0.406409
    outer loop
      vertex -15.2327 -3.46298 3.27239
      vertex -15.2826 -3.48838 3.27239
      vertex -15.2722 -3.51172 3.21502
    endloop
  endfacet
  facet normal 0.310313 -0.809083 0.49909
    outer loop
      vertex -15.2953 -3.4597 3.32678
      vertex -15.3445 -3.47857 3.32678
      vertex -15.2826 -3.48838 3.27239
    endloop
  endfacet
  facet normal 0.350757 -0.913195 0.20747
    outer loop
      vertex -15.2643 -3.52945 3.15529
      vertex -15.3209 -3.55119 3.15529
      vertex -15.3169 -3.56361 3.09386
    endloop
  endfacet
  facet normal 0.350619 -0.913218 0.207602
    outer loop
      vertex -15.2643 -3.52945 3.15529
      vertex -15.3169 -3.56361 3.09386
      vertex -15.259 -3.54138 3.09386
    endloop
  endfacet
  facet normal 0.54507 -0.673404 0.499425
    outer loop
      vertex -15.1633 -3.37395 3.32678
      vertex -15.1858 -3.4325 3.27239
      vertex -15.1423 -3.39729 3.27239
    endloop
  endfacet
  facet normal 0.393112 -0.772294 0.499024
    outer loop
      vertex -15.2327 -3.46298 3.27239
      vertex -15.2953 -3.4597 3.32678
      vertex -15.2826 -3.48838 3.27239
    endloop
  endfacet
  facet normal 0.598947 -0.738879 0.308739
    outer loop
      vertex -15.1252 -3.41627 3.21502
      vertex -15.1593 -3.46887 3.15529
      vertex -15.1122 -3.43069 3.15529
    endloop
  endfacet
  facet normal 0.498103 -0.765953 0.40646
    outer loop
      vertex -15.1708 -3.45317 3.21502
      vertex -15.2327 -3.46298 3.27239
      vertex -15.2199 -3.4851 3.21502
    endloop
  endfacet
  facet normal 0.414455 -0.814275 0.406428
    outer loop
      vertex -15.2327 -3.46298 3.27239
      vertex -15.2722 -3.51172 3.21502
      vertex -15.2199 -3.4851 3.21502
    endloop
  endfacet
  facet normal 0.598171 -0.739203 0.309467
    outer loop
      vertex -15.1252 -3.41627 3.21502
      vertex -15.1708 -3.45317 3.21502
      vertex -15.1593 -3.46887 3.15529
    endloop
  endfacet
  facet normal 0.518425 -0.797203 0.309358
    outer loop
      vertex -15.1708 -3.45317 3.21502
      vertex -15.2199 -3.4851 3.21502
      vertex -15.1593 -3.46887 3.15529
    endloop
  endfacet
  facet normal 0.626102 -0.77271 0.104478
    outer loop
      vertex -15.1035 -3.4404 3.09386
      vertex -15.1478 -3.48474 3.0314
      vertex -15.0991 -3.44528 3.0314
    endloop
  endfacet
  facet normal 0.142932 -0.902482 0.40632
    outer loop
      vertex -15.3888 -3.52292 3.27239
      vertex -15.4414 -3.55708 3.21502
      vertex -15.3835 -3.54791 3.21502
    endloop
  endfacet
  facet normal 0.148797 -0.939512 0.308507
    outer loop
      vertex -15.3835 -3.54791 3.21502
      vertex -15.4414 -3.55708 3.21502
      vertex -15.3795 -3.56689 3.15529
    endloop
  endfacet
  facet normal 0.668527 -0.0361773 0.742808
    outer loop
      vertex -15.0757 -3 3.42426
      vertex -15.1224 -3 3.46629
      vertex -15.0781 -3.04435 3.42426
    endloop
  endfacet
  facet normal 0.596609 -0.303217 0.743046
    outer loop
      vertex -15.1551 -3.15358 3.46629
      vertex -15.173 -3.1888 3.46629
      vertex -15.1124 -3.17256 3.42426
    endloop
  endfacet
  facet normal 0.966096 -0.153169 0.207839
    outer loop
      vertex -14.9236 -3.06058 3.15529
      vertex -14.9331 -3.1205 3.15529
      vertex -14.9106 -3.06194 3.09386
    endloop
  endfacet
  facet normal 0.912581 -0.0467591 0.406213
    outer loop
      vertex -14.9399 -3 3.21502
      vertex -14.9683 -3.05588 3.27239
      vertex -14.9429 -3.05855 3.21502
    endloop
  endfacet
  facet normal 0.104542 0.0063745 0.9945
    outer loop
      vertex -15.4061 3 3.59261
      vertex -15.4688 3.00328 3.59918
      vertex -15.4686 3 3.59918
    endloop
  endfacet
  facet normal 0.104543 0.00639406 0.9945
    outer loop
      vertex -15.4067 3.00981 3.59261
      vertex -15.4688 3.00328 3.59918
      vertex -15.4061 3 3.59261
    endloop
  endfacet
  facet normal 0.207733 0.0127054 0.978103
    outer loop
      vertex -15.3456 3.01623 3.57955
      vertex -15.4067 3.00981 3.59261
      vertex -15.4061 3 3.59261
    endloop
  endfacet
  facet normal 0.174116 0.114105 0.978092
    outer loop
      vertex -15.3744 3.09128 3.57955
      vertex -15.4241 3.05517 3.59261
      vertex -15.4187 3.04693 3.59261
    endloop
  endfacet
  facet normal 0.162582 0.129981 0.978096
    outer loop
      vertex -15.3744 3.09128 3.57955
      vertex -15.4302 3.0628 3.59261
      vertex -15.4241 3.05517 3.59261
    endloop
  endfacet
  facet normal 0.167993 0.259764 0.950947
    outer loop
      vertex -15.3736 3.17395 3.56015
      vertex -15.4224 3.13449 3.57955
      vertex -15.4087 3.12563 3.57955
    endloop
  endfacet
  facet normal 0.28851 0.287651 0.913246
    outer loop
      vertex -15.3177 3.20243 3.5346
      vertex -15.3402 3.14388 3.56015
      vertex -15.2976 3.18227 3.5346
    endloop
  endfacet
  facet normal 0.288045 0.287864 0.913326
    outer loop
      vertex -15.3402 3.14388 3.56015
      vertex -15.3177 3.20243 3.5346
      vertex -15.3561 3.15979 3.56015
    endloop
  endfacet
  facet normal -0.0539294 0.201114 0.978082
    outer loop
      vertex -15.5323 3.1519 3.57955
      vertex -15.548 3.14769 3.57955
      vertex -15.529 3.08927 3.59261
    endloop
  endfacet
  facet normal 0.0932237 0.0477255 0.994501
    outer loop
      vertex -15.4187 3.04693 3.59261
      vertex -15.4728 3.0157 3.59918
      vertex -15.4713 3.01277 3.59918
    endloop
  endfacet
  facet normal 0.0876348 0.0574306 0.994496
    outer loop
      vertex -15.4241 3.05517 3.59261
      vertex -15.4746 3.01846 3.59918
      vertex -15.4187 3.04693 3.59261
    endloop
  endfacet
  facet normal -0.406655 0 0.913582
    outer loop
      vertex -15.7724 3 3.5346
      vertex -15.715 -3 3.56015
      vertex -15.715 3 3.56015
    endloop
  endfacet
  facet normal -0.406655 0 0.913582
    outer loop
      vertex -15.715 -3 3.56015
      vertex -15.7724 3 3.5346
      vertex -15.7724 -3 3.5346
    endloop
  endfacet
  facet normal 0.15218 0.568258 0.808655
    outer loop
      vertex -15.3833 3.35911 3.46629
      vertex -15.4215 3.36934 3.46629
      vertex -15.399 3.31079 3.5032
    endloop
  endfacet
  facet normal 0.0261308 0.499818 0.865736
    outer loop
      vertex -15.4658 3.32499 3.5032
      vertex -15.5 3.27239 3.5346
      vertex -15.4715 3.2709 3.5346
    endloop
  endfacet
  facet normal -0.0638433 0.402241 0.913305
    outer loop
      vertex -15.5285 3.2709 3.5346
      vertex -15.5566 3.26644 3.5346
      vertex -15.5225 3.21384 3.56015
    endloop
  endfacet
  facet normal -0.0261308 0.499818 0.865736
    outer loop
      vertex -15.5 3.27239 3.5346
      vertex -15.5342 3.32499 3.5032
      vertex -15.5285 3.2709 3.5346
    endloop
  endfacet
  facet normal -0.549016 0.211491 0.808612
    outer loop
      vertex -15.7985 3.13291 3.5032
      vertex -15.8449 3.15358 3.46629
      vertex -15.8108 3.10098 3.5032
    endloop
  endfacet
  facet normal -0.267177 0.523936 0.808769
    outer loop
      vertex -15.6536 3.34495 3.46629
      vertex -15.6888 3.327 3.46629
      vertex -15.6329 3.29853 3.5032
    endloop
  endfacet
  facet normal -0.581217 -0.092304 0.808496
    outer loop
      vertex -15.825 -3.03416 3.5032
      vertex -15.8755 -3.03947 3.46629
      vertex -15.8693 -3.07851 3.46629
    endloop
  endfacet
  facet normal -0.580841 -0.0928521 0.808704
    outer loop
      vertex -15.825 -3.03416 3.5032
      vertex -15.8693 -3.07851 3.46629
      vertex -15.8196 -3.06794 3.5032
    endloop
  endfacet
  facet normal -0.662211 0.338051 0.668729
    outer loop
      vertex -15.8674 3.21213 3.42426
      vertex -15.926 3.18966 3.37759
      vertex -15.8876 3.17256 3.42426
    endloop
  endfacet
  facet normal -0.338018 0.662302 0.668656
    outer loop
      vertex -15.6897 3.42597 3.37759
      vertex -15.7331 3.40382 3.37759
      vertex -15.7121 3.36742 3.42426
    endloop
  endfacet
  facet normal -0.66221 0.338111 0.668699
    outer loop
      vertex -15.9038 3.23314 3.37759
      vertex -15.926 3.18966 3.37759
      vertex -15.8674 3.21213 3.42426
    endloop
  endfacet
  facet normal -0.587521 0.0309583 0.808617
    outer loop
      vertex -15.825 3.03416 3.5032
      vertex -15.8776 3 3.46629
      vertex -15.8268 3 3.5032
    endloop
  endfacet
  facet normal -0.742421 0.0401761 0.668728
    outer loop
      vertex -15.9219 3.04435 3.42426
      vertex -15.9637 3.04874 3.37759
      vertex -15.9243 3 3.42426
    endloop
  endfacet
  facet normal -0.966087 0.152947 0.208048
    outer loop
      vertex -16.0797 3.12321 3.09386
      vertex -16.0894 3.06194 3.09386
      vertex -16.0669 3.1205 3.15529
    endloop
  endfacet
  facet normal -0.70284 0.703632 0.104486
    outer loop
      vertex -15.9453 3.40093 3.0314
      vertex -15.8965 3.4404 3.09386
      vertex -15.9009 3.44528 3.0314
    endloop
  endfacet
  facet normal -0.70298 0.70346 0.104704
    outer loop
      vertex -15.8965 3.4404 3.09386
      vertex -15.9453 3.40093 3.0314
      vertex -15.9404 3.39653 3.09386
    endloop
  endfacet
  facet normal -0.847857 0.431379 0.308303
    outer loop
      vertex -16.0019 3.28978 3.15529
      vertex -16.0294 3.23573 3.15529
      vertex -16.0117 3.22783 3.21502
    endloop
  endfacet
  facet normal -0.982348 0.155521 0.103948
    outer loop
      vertex -16.0797 3.12321 3.09386
      vertex -16.0959 3.06263 3.0314
      vertex -16.0894 3.06194 3.09386
    endloop
  endfacet
  facet normal -0.8204 0.533055 0.206871
    outer loop
      vertex -15.9794 3.34833 3.09386
      vertex -16.0132 3.29631 3.09386
      vertex -15.9689 3.34065 3.15529
    endloop
  endfacet
  facet normal -0.887895 0.340625 0.309221
    outer loop
      vertex -16.0117 3.22783 3.21502
      vertex -16.0512 3.17909 3.15529
      vertex -16.0327 3.17309 3.21502
    endloop
  endfacet
  facet normal -0.773408 0.6252 0.104716
    outer loop
      vertex -15.9453 3.40093 3.0314
      vertex -15.9847 3.35219 3.0314
      vertex -15.9404 3.39653 3.09386
    endloop
  endfacet
  facet normal 0.568395 0.151389 0.808708
    outer loop
      vertex -15.1307 3.07851 3.46629
      vertex -15.1892 3.10098 3.5032
      vertex -15.1804 3.06794 3.5032
    endloop
  endfacet
  facet normal 0.587647 0.0312658 0.808513
    outer loop
      vertex -15.1245 3.03947 3.46629
      vertex -15.175 3.03416 3.5032
      vertex -15.1224 3 3.46629
    endloop
  endfacet
  facet normal 0.379873 0.146983 0.913287
    outer loop
      vertex -15.2512 3.11079 3.5346
      vertex -15.3036 3.08746 3.56015
      vertex -15.2409 3.08417 3.5346
    endloop
  endfacet
  facet normal 0.37988 0.146386 0.91338
    outer loop
      vertex -15.2409 3.08417 3.5346
      vertex -15.3036 3.08746 3.56015
      vertex -15.2955 3.06644 3.56015
    endloop
  endfacet
  facet normal 0.524365 0.266655 0.808663
    outer loop
      vertex -15.173 3.1888 3.46629
      vertex -15.217 3.16339 3.5032
      vertex -15.2015 3.13291 3.5032
    endloop
  endfacet
  facet normal 0.388512 0.315578 0.865719
    outer loop
      vertex -15.2356 3.19208 3.5032
      vertex -15.2976 3.18227 3.5346
      vertex -15.2796 3.16011 3.5346
    endloop
  endfacet
  facet normal 0.902409 0.14368 0.406219
    outer loop
      vertex -14.9429 3.05855 3.21502
      vertex -14.9771 3.11115 3.27239
      vertex -14.9683 3.05588 3.27239
    endloop
  endfacet
  facet normal 0.902343 0.143353 0.406481
    outer loop
      vertex -14.9521 3.11646 3.21502
      vertex -14.9771 3.11115 3.27239
      vertex -14.9429 3.05855 3.21502
    endloop
  endfacet
  facet normal 0.734456 0.115782 0.668707
    outer loop
      vertex -15.0439 3.09695 3.37759
      vertex -15.0781 3.04435 3.42426
      vertex -15.0363 3.04874 3.37759
    endloop
  endfacet
  facet normal 0.809135 -0 0.587622
    outer loop
      vertex -15.0337 -3 3.37759
      vertex -14.9968 3 3.32678
      vertex -15.0337 3 3.37759
    endloop
  endfacet
  facet normal 0.809135 0 0.587622
    outer loop
      vertex -14.9968 3 3.32678
      vertex -15.0337 -3 3.37759
      vertex -14.9968 -3 3.32678
    endloop
  endfacet
  facet normal 0.720675 0.367962 0.587565
    outer loop
      vertex -15.0642 3.2516 3.32678
      vertex -15.0962 3.23314 3.37759
      vertex -15.074 3.18966 3.37759
    endloop
  endfacet
  facet normal 0.468187 0.577801 0.668541
    outer loop
      vertex -15.188 3.34652 3.37759
      vertex -15.2259 3.37723 3.37759
      vertex -15.2161 3.31529 3.42426
    endloop
  endfacet
  facet normal 0.765997 0.497824 0.406719
    outer loop
      vertex -15.0468 3.32925 3.21502
      vertex -15.0675 3.31423 3.27239
      vertex -15.037 3.2673 3.27239
    endloop
  endfacet
  facet normal 0.693924 0.266484 0.668922
    outer loop
      vertex -15.074 3.18966 3.37759
      vertex -15.0965 3.1311 3.42426
      vertex -15.0565 3.14409 3.37759
    endloop
  endfacet
  facet normal 0.755654 0.29019 0.587178
    outer loop
      vertex -15.0214 3.1555 3.32678
      vertex -15.074 3.18966 3.37759
      vertex -15.0565 3.14409 3.37759
    endloop
  endfacet
  facet normal 0.493583 0.319995 0.80869
    outer loop
      vertex -15.173 3.1888 3.46629
      vertex -15.2356 3.19208 3.5032
      vertex -15.217 3.16339 3.5032
    endloop
  endfacet
  facet normal 0.419975 0.272274 0.86573
    outer loop
      vertex -15.2356 3.19208 3.5032
      vertex -15.2641 3.1362 3.5346
      vertex -15.217 3.16339 3.5032
    endloop
  endfacet
  facet normal 0.0478024 0.91245 0.406387
    outer loop
      vertex -15.4414 3.55708 3.21502
      vertex -15.5 3.56015 3.21502
      vertex -15.4441 3.53167 3.27239
    endloop
  endfacet
  facet normal 0.598171 0.739203 0.309467
    outer loop
      vertex -15.1593 3.46887 3.15529
      vertex -15.1708 3.45317 3.21502
      vertex -15.1252 3.41627 3.21502
    endloop
  endfacet
  facet normal 0.414479 0.814272 0.406409
    outer loop
      vertex -15.2722 3.51172 3.21502
      vertex -15.2826 3.48838 3.27239
      vertex -15.2327 3.46298 3.27239
    endloop
  endfacet
  facet normal 0.393112 0.772294 0.499024
    outer loop
      vertex -15.2826 3.48838 3.27239
      vertex -15.2953 3.4597 3.32678
      vertex -15.2327 3.46298 3.27239
    endloop
  endfacet
  facet normal 0.598947 0.738879 0.308739
    outer loop
      vertex -15.1122 3.43069 3.15529
      vertex -15.1593 3.46887 3.15529
      vertex -15.1252 3.41627 3.21502
    endloop
  endfacet
  facet normal 0.54507 0.673404 0.499425
    outer loop
      vertex -15.1423 3.39729 3.27239
      vertex -15.1858 3.4325 3.27239
      vertex -15.1633 3.37395 3.32678
    endloop
  endfacet
  facet normal 0.440664 0.67889 0.587302
    outer loop
      vertex -15.2042 3.4071 3.32678
      vertex -15.2484 3.43579 3.32678
      vertex -15.2259 3.37723 3.37759
    endloop
  endfacet
  facet normal 0.509631 0.628776 0.587296
    outer loop
      vertex -15.2042 3.4071 3.32678
      vertex -15.2259 3.37723 3.37759
      vertex -15.1633 3.37395 3.32678
    endloop
  endfacet
  facet normal 0.338018 0.662302 0.668656
    outer loop
      vertex -15.2669 3.40382 3.37759
      vertex -15.3103 3.42597 3.37759
      vertex -15.2879 3.36742 3.42426
    endloop
  endfacet
  facet normal 0.404603 0.62387 0.668642
    outer loop
      vertex -15.2669 3.40382 3.37759
      vertex -15.2879 3.36742 3.42426
      vertex -15.2259 3.37723 3.37759
    endloop
  endfacet
  facet normal 0.367628 0.721112 0.587237
    outer loop
      vertex -15.2953 3.4597 3.32678
      vertex -15.3103 3.42597 3.37759
      vertex -15.2484 3.43579 3.32678
    endloop
  endfacet
  facet normal 0.310313 0.809083 0.49909
    outer loop
      vertex -15.2826 3.48838 3.27239
      vertex -15.3445 3.47857 3.32678
      vertex -15.2953 3.4597 3.32678
    endloop
  endfacet
  facet normal 0.266322 0.694243 0.668655
    outer loop
      vertex -15.3103 3.42597 3.37759
      vertex -15.3689 3.4035 3.42426
      vertex -15.3274 3.38758 3.42426
    endloop
  endfacet
  facet normal 0.21076 0.549227 0.808659
    outer loop
      vertex -15.3833 3.35911 3.46629
      vertex -15.399 3.31079 3.5032
      vertex -15.3464 3.34495 3.46629
    endloop
  endfacet
  facet normal 0.855869 0.134912 0.499286
    outer loop
      vertex -14.9771 3.11115 3.27239
      vertex -15.0078 3.10462 3.32678
      vertex -14.9996 3.0526 3.32678
    endloop
  endfacet
  facet normal 0.949945 0.0486735 0.308601
    outer loop
      vertex -14.9236 3.06058 3.15529
      vertex -14.9429 3.05855 3.21502
      vertex -14.9399 3 3.21502
    endloop
  endfacet
  facet normal 0.977029 0.0516093 0.206762
    outer loop
      vertex -14.9074 3 3.09386
      vertex -14.9236 3.06058 3.15529
      vertex -14.9204 3 3.15529
    endloop
  endfacet
  facet normal 0.949426 0.0501513 0.309958
    outer loop
      vertex -14.9236 3.06058 3.15529
      vertex -14.9399 3 3.21502
      vertex -14.9204 3 3.15529
    endloop
  endfacet
  facet normal 0.885871 0.451991 0.104579
    outer loop
      vertex -14.9811 3.29959 3.0314
      vertex -14.9868 3.29631 3.09386
      vertex -14.9586 3.24104 3.09386
    endloop
  endfacet
  facet normal 0.673687 0.544676 0.499474
    outer loop
      vertex -15.0675 3.31423 3.27239
      vertex -15.126 3.33671 3.32678
      vertex -15.0929 3.29577 3.32678
    endloop
  endfacet
  facet normal 0.726407 0.472095 0.499459
    outer loop
      vertex -15.0675 3.31423 3.27239
      vertex -15.0929 3.29577 3.32678
      vertex -15.037 3.2673 3.27239
    endloop
  endfacet
  facet normal 0.928556 0.355965 0.105228
    outer loop
      vertex -14.9301 3.18516 3.0314
      vertex -14.9586 3.24104 3.09386
      vertex -14.9364 3.18313 3.09386
    endloop
  endfacet
  facet normal 0.871359 0.444587 0.207545
    outer loop
      vertex -14.9868 3.29631 3.09386
      vertex -14.9981 3.28978 3.15529
      vertex -14.9586 3.24104 3.09386
    endloop
  endfacet
  facet normal 0.518425 0.797203 0.309358
    outer loop
      vertex -15.1593 3.46887 3.15529
      vertex -15.2199 3.4851 3.21502
      vertex -15.1708 3.45317 3.21502
    endloop
  endfacet
  facet normal 0.0920712 0.581032 0.808656
    outer loop
      vertex -15.4605 3.37552 3.46629
      vertex -15.4658 3.32499 3.5032
      vertex -15.4215 3.36934 3.46629
    endloop
  endfacet
  facet normal 0.129287 0.483513 0.865737
    outer loop
      vertex -15.399 3.31079 3.5032
      vertex -15.4434 3.26644 3.5346
      vertex -15.4158 3.25906 3.5346
    endloop
  endfacet
  facet normal 0.266937 0.524248 0.808646
    outer loop
      vertex -15.3112 3.327 3.46629
      vertex -15.3671 3.29853 3.5032
      vertex -15.3366 3.283 3.5032
    endloop
  endfacet
  facet normal 0.272642 0.419584 0.865804
    outer loop
      vertex -15.3079 3.26437 3.5032
      vertex -15.3638 3.2359 3.5346
      vertex -15.3399 3.22037 3.5346
    endloop
  endfacet
  facet normal -0.0453493 0.865197 0.499377
    outer loop
      vertex -15.5 3.5346 3.27239
      vertex -15.5559 3.53167 3.27239
      vertex -15.5526 3.50045 3.32678
    endloop
  endfacet
  facet normal 0.042261 0.808337 0.587202
    outer loop
      vertex -15.5 3.5032 3.32678
      vertex -15.5 3.46629 3.37759
      vertex -15.4474 3.50045 3.32678
    endloop
  endfacet
  facet normal 0.246412 0.91877 0.308453
    outer loop
      vertex -15.3795 3.56689 3.15529
      vertex -15.3835 3.54791 3.21502
      vertex -15.3269 3.53273 3.21502
    endloop
  endfacet
  facet normal 0.350757 0.913195 0.20747
    outer loop
      vertex -15.3169 3.56361 3.09386
      vertex -15.3209 3.55119 3.15529
      vertex -15.2643 3.52945 3.15529
    endloop
  endfacet
  facet normal 0.541657 0.83405 0.104727
    outer loop
      vertex -15.1478 3.48474 3.0314
      vertex -15.2004 3.5189 3.0314
      vertex -15.1517 3.47943 3.09386
    endloop
  endfacet
  facet normal 0.451295 0.886243 0.104437
    outer loop
      vertex -15.2004 3.5189 3.0314
      vertex -15.259 3.54138 3.09386
      vertex -15.2037 3.51322 3.09386
    endloop
  endfacet
  facet normal 0.443903 0.871727 0.207465
    outer loop
      vertex -15.2037 3.51322 3.09386
      vertex -15.259 3.54138 3.09386
      vertex -15.2102 3.50191 3.15529
    endloop
  endfacet
  facet normal 0.0521974 0.993179 0.10426
    outer loop
      vertex -15.4374 3.59589 3.0314
      vertex -15.5 3.59918 3.0314
      vertex -15.4381 3.58937 3.09386
    endloop
  endfacet
  facet normal -0.356595 0.928385 0.104597
    outer loop
      vertex -15.6852 3.56985 3.0314
      vertex -15.7437 3.54738 3.0314
      vertex -15.741 3.54138 3.09386
    endloop
  endfacet
  facet normal -0.0524835 0.998622 0
    outer loop
      vertex -15.5 3.59918 3
      vertex -15.5626 3.59589 3.0314
      vertex -15.5 3.59918 3.0314
    endloop
  endfacet
  facet normal -0.0524835 0.998622 0
    outer loop
      vertex -15.5626 3.59589 3.0314
      vertex -15.5 3.59918 3
      vertex -15.5626 3.59589 3
    endloop
  endfacet
  facet normal 0.0524835 0.998622 -0
    outer loop
      vertex -15.4374 3.59589 3
      vertex -15.5 3.59918 3.0314
      vertex -15.4374 3.59589 3.0314
    endloop
  endfacet
  facet normal 0.0524835 0.998622 0
    outer loop
      vertex -15.5 3.59918 3.0314
      vertex -15.4374 3.59589 3
      vertex -15.5 3.59918 3
    endloop
  endfacet
  facet normal -0.148844 0.93949 0.308552
    outer loop
      vertex -15.5606 3.57638 3.15529
      vertex -15.6205 3.56689 3.15529
      vertex -15.5586 3.55708 3.21502
    endloop
  endfacet
  facet normal -0.327757 0.852887 0.406398
    outer loop
      vertex -15.6652 3.50844 3.27239
      vertex -15.7278 3.51172 3.21502
      vertex -15.7174 3.48838 3.27239
    endloop
  endfacet
  facet normal -0.350757 0.913195 0.20747
    outer loop
      vertex -15.6831 3.56361 3.09386
      vertex -15.7357 3.52945 3.15529
      vertex -15.6791 3.55119 3.15529
    endloop
  endfacet
  facet normal -0.645787 0.64641 0.406342
    outer loop
      vertex -15.9163 3.37481 3.21502
      vertex -15.8577 3.39729 3.27239
      vertex -15.8748 3.41627 3.21502
    endloop
  endfacet
  facet normal -0.645829 0.646319 0.40642
    outer loop
      vertex -15.8577 3.39729 3.27239
      vertex -15.9163 3.37481 3.21502
      vertex -15.8973 3.35772 3.27239
    endloop
  endfacet
  facet normal -0.54507 0.673404 0.499425
    outer loop
      vertex -15.8142 3.4325 3.27239
      vertex -15.8577 3.39729 3.27239
      vertex -15.8367 3.37395 3.32678
    endloop
  endfacet
  facet normal -0.266399 0.694159 0.668711
    outer loop
      vertex -15.6441 3.44347 3.37759
      vertex -15.6897 3.42597 3.37759
      vertex -15.6311 3.4035 3.42426
    endloop
  endfacet
  facet normal -0.223983 0.836843 0.499525
    outer loop
      vertex -15.6111 3.52292 3.27239
      vertex -15.6652 3.50844 3.27239
      vertex -15.6555 3.47857 3.32678
    endloop
  endfacet
  facet normal -0.310757 0.808649 0.499516
    outer loop
      vertex -15.6652 3.50844 3.27239
      vertex -15.7174 3.48838 3.27239
      vertex -15.6555 3.47857 3.32678
    endloop
  endfacet
  facet normal -0.327632 0.852997 0.406268
    outer loop
      vertex -15.6731 3.53273 3.21502
      vertex -15.7278 3.51172 3.21502
      vertex -15.6652 3.50844 3.27239
    endloop
  endfacet
  facet normal -0.0519849 0.993169 0.104469
    outer loop
      vertex -15.5 3.59918 3.0314
      vertex -15.5619 3.58937 3.09386
      vertex -15.5 3.59261 3.09386
    endloop
  endfacet
  facet normal 0.153043 0.966173 0.207574
    outer loop
      vertex -15.3768 3.57966 3.09386
      vertex -15.4381 3.58937 3.09386
      vertex -15.3795 3.56689 3.15529
    endloop
  endfacet
  facet normal 0.148844 0.93949 0.308552
    outer loop
      vertex -15.4394 3.57638 3.15529
      vertex -15.4414 3.55708 3.21502
      vertex -15.3795 3.56689 3.15529
    endloop
  endfacet
  facet normal -0.153043 0.966173 0.207574
    outer loop
      vertex -15.5619 3.58937 3.09386
      vertex -15.6232 3.57966 3.09386
      vertex -15.6205 3.56689 3.15529
    endloop
  endfacet
  facet normal -0.253181 0.944893 0.207551
    outer loop
      vertex -15.6232 3.57966 3.09386
      vertex -15.6831 3.56361 3.09386
      vertex -15.6205 3.56689 3.15529
    endloop
  endfacet
  facet normal 0.142793 0.902455 0.40643
    outer loop
      vertex -15.4414 3.55708 3.21502
      vertex -15.4441 3.53167 3.27239
      vertex -15.3888 3.52292 3.27239
    endloop
  endfacet
  facet normal 0.253181 0.944893 0.207551
    outer loop
      vertex -15.3768 3.57966 3.09386
      vertex -15.3795 3.56689 3.15529
      vertex -15.3169 3.56361 3.09386
    endloop
  endfacet
  facet normal -0.30423 0.596596 0.742642
    outer loop
      vertex -15.6726 3.38758 3.42426
      vertex -15.6888 3.327 3.46629
      vertex -15.6536 3.34495 3.46629
    endloop
  endfacet
  facet normal -0.192198 0.71827 0.668691
    outer loop
      vertex -15.5969 3.4561 3.37759
      vertex -15.6441 3.44347 3.37759
      vertex -15.6311 3.4035 3.42426
    endloop
  endfacet
  facet normal -0.042261 0.808337 0.587202
    outer loop
      vertex -15.5 3.5032 3.32678
      vertex -15.5526 3.50045 3.32678
      vertex -15.5 3.46629 3.37759
    endloop
  endfacet
  facet normal -0.0478265 0.912457 0.406367
    outer loop
      vertex -15.5 3.56015 3.21502
      vertex -15.5559 3.53167 3.27239
      vertex -15.5 3.5346 3.27239
    endloop
  endfacet
  facet normal 0.153072 0.966175 0.207547
    outer loop
      vertex -15.4381 3.58937 3.09386
      vertex -15.4394 3.57638 3.15529
      vertex -15.3795 3.56689 3.15529
    endloop
  endfacet
  facet normal 0.327632 0.852997 0.406268
    outer loop
      vertex -15.3269 3.53273 3.21502
      vertex -15.3348 3.50844 3.27239
      vertex -15.2722 3.51172 3.21502
    endloop
  endfacet
  facet normal -0.865121 -0.0460521 0.499445
    outer loop
      vertex -16.0032 -3 3.32678
      vertex -16.0346 -3 3.27239
      vertex -16.0004 -3.0526 3.32678
    endloop
  endfacet
  facet normal -0.809447 -0.309895 0.498759
    outer loop
      vertex -15.9786 -3.1555 3.32678
      vertex -16.0084 -3.1652 3.27239
      vertex -15.9884 -3.21744 3.27239
    endloop
  endfacet
  facet normal -0.596609 -0.303217 0.743046
    outer loop
      vertex -15.8449 -3.15358 3.46629
      vertex -15.8876 -3.17256 3.42426
      vertex -15.827 -3.1888 3.46629
    endloop
  endfacet
  facet normal -0.625204 -0.239767 0.742719
    outer loop
      vertex -15.8591 -3.11668 3.46629
      vertex -15.9035 -3.1311 3.42426
      vertex -15.8876 -3.17256 3.42426
    endloop
  endfacet
  facet normal -0.388512 -0.315578 0.865719
    outer loop
      vertex -15.7204 -3.16011 3.5346
      vertex -15.7644 -3.19208 3.5032
      vertex -15.7024 -3.18227 3.5346
    endloop
  endfacet
  facet normal -0.62354 -0.405092 0.668655
    outer loop
      vertex -15.8674 -3.21213 3.42426
      vertex -15.8772 -3.27408 3.37759
      vertex -15.8432 -3.24938 3.42426
    endloop
  endfacet
  facet normal -0.184929 -0.362999 0.913254
    outer loop
      vertex -15.5875 -3.19643 3.56015
      vertex -15.6362 -3.2359 3.5346
      vertex -15.6108 -3.24884 3.5346
    endloop
  endfacet
  facet normal -0.520171 -0.421623 0.742736
    outer loop
      vertex -15.8055 -3.22194 3.46629
      vertex -15.8153 -3.28389 3.42426
      vertex -15.7806 -3.25266 3.46629
    endloop
  endfacet
  facet normal -0.367872 -0.720796 0.587472
    outer loop
      vertex -15.7331 -3.40382 3.37759
      vertex -15.7516 -3.43579 3.32678
      vertex -15.6897 -3.42597 3.37759
    endloop
  endfacet
  facet normal -0.549016 -0.211491 0.808612
    outer loop
      vertex -15.8108 -3.10098 3.5032
      vertex -15.8449 -3.15358 3.46629
      vertex -15.7985 -3.13291 3.5032
    endloop
  endfacet
  facet normal -0.524486 -0.266562 0.808615
    outer loop
      vertex -15.7985 -3.13291 3.5032
      vertex -15.8449 -3.15358 3.46629
      vertex -15.827 -3.1888 3.46629
    endloop
  endfacet
  facet normal -0.393489 -0.771838 0.499431
    outer loop
      vertex -15.7516 -3.43579 3.32678
      vertex -15.7673 -3.46298 3.27239
      vertex -15.7047 -3.4597 3.32678
    endloop
  endfacet
  facet normal -0.367628 -0.721112 0.587237
    outer loop
      vertex -15.6897 -3.42597 3.37759
      vertex -15.7516 -3.43579 3.32678
      vertex -15.7047 -3.4597 3.32678
    endloop
  endfacet
  facet normal -0.532625 -0.820539 0.207429
    outer loop
      vertex -15.7898 -3.50191 3.15529
      vertex -15.8407 -3.46887 3.15529
      vertex -15.7963 -3.51322 3.09386
    endloop
  endfacet
  facet normal -0.414455 -0.814275 0.406428
    outer loop
      vertex -15.7673 -3.46298 3.27239
      vertex -15.7801 -3.4851 3.21502
      vertex -15.7278 -3.51172 3.21502
    endloop
  endfacet
  facet normal -0.498103 -0.765953 0.40646
    outer loop
      vertex -15.7673 -3.46298 3.27239
      vertex -15.8292 -3.45317 3.21502
      vertex -15.7801 -3.4851 3.21502
    endloop
  endfacet
  facet normal -0.518425 -0.797203 0.309358
    outer loop
      vertex -15.8292 -3.45317 3.21502
      vertex -15.8407 -3.46887 3.15529
      vertex -15.7801 -3.4851 3.21502
    endloop
  endfacet
  facet normal -0.933448 -0.358712 0
    outer loop
      vertex -16.0474 -3.24371 3
      vertex -16.0699 -3.18516 3.0314
      vertex -16.0699 -3.18516 3
    endloop
  endfacet
  facet normal -0.933448 -0.358712 0
    outer loop
      vertex -16.0699 -3.18516 3.0314
      vertex -16.0474 -3.24371 3
      vertex -16.0474 -3.24371 3.0314
    endloop
  endfacet
  facet normal -0.691632 -0.691794 0.207524
    outer loop
      vertex -15.9404 -3.39653 3.09386
      vertex -15.8878 -3.43069 3.15529
      vertex -15.9307 -3.3878 3.15529
    endloop
  endfacet
  facet normal -0.691508 -0.691981 0.207313
    outer loop
      vertex -15.8878 -3.43069 3.15529
      vertex -15.9404 -3.39653 3.09386
      vertex -15.8965 -3.4404 3.09386
    endloop
  endfacet
  facet normal -0.871663 -0.443492 0.20861
    outer loop
      vertex -16.0294 -3.23573 3.15529
      vertex -16.0414 -3.24104 3.09386
      vertex -16.0019 -3.28978 3.15529
    endloop
  endfacet
  facet normal -0.871359 -0.444587 0.207545
    outer loop
      vertex -16.0019 -3.28978 3.15529
      vertex -16.0414 -3.24104 3.09386
      vertex -16.0132 -3.29631 3.09386
    endloop
  endfacet
  facet normal -0.977029 -0.0516093 0.206762
    outer loop
      vertex -16.0796 -3 3.15529
      vertex -16.0926 -3 3.09386
      vertex -16.0764 -3.06058 3.15529
    endloop
  endfacet
  facet normal -0.939318 -0.149227 0.308889
    outer loop
      vertex -16.0571 -3.05855 3.21502
      vertex -16.0669 -3.1205 3.15529
      vertex -16.0479 -3.11646 3.21502
    endloop
  endfacet
  facet normal -0.853094 -0.327274 0.406352
    outer loop
      vertex -16.0084 -3.1652 3.27239
      vertex -16.0327 -3.17309 3.21502
      vertex -16.0117 -3.22783 3.21502
    endloop
  endfacet
  facet normal -0.902343 -0.143353 0.406481
    outer loop
      vertex -16.0229 -3.11115 3.27239
      vertex -16.0571 -3.05855 3.21502
      vertex -16.0479 -3.11646 3.21502
    endloop
  endfacet
  facet normal -0.808566 -0.310797 0.499627
    outer loop
      vertex -15.9786 -3.1555 3.32678
      vertex -15.9884 -3.21744 3.27239
      vertex -15.9597 -3.20467 3.32678
    endloop
  endfacet
  facet normal -0.799613 -0.126054 0.587136
    outer loop
      vertex -15.9637 -3.04874 3.37759
      vertex -16.0004 -3.0526 3.32678
      vertex -15.9561 -3.09695 3.37759
    endloop
  endfacet
  facet normal -0.148797 -0.939512 0.308507
    outer loop
      vertex -15.6165 -3.54791 3.21502
      vertex -15.6205 -3.56689 3.15529
      vertex -15.5586 -3.55708 3.21502
    endloop
  endfacet
  facet normal -0.310313 -0.809083 0.49909
    outer loop
      vertex -15.7047 -3.4597 3.32678
      vertex -15.7174 -3.48838 3.27239
      vertex -15.6555 -3.47857 3.32678
    endloop
  endfacet
  facet normal -0.126672 -0.799387 0.587311
    outer loop
      vertex -15.5969 -3.4561 3.37759
      vertex -15.6046 -3.49221 3.32678
      vertex -15.5526 -3.50045 3.32678
    endloop
  endfacet
  facet normal -0.236208 -0.882519 0.406653
    outer loop
      vertex -15.6111 -3.52292 3.27239
      vertex -15.6652 -3.50844 3.27239
      vertex -15.6165 -3.54791 3.21502
    endloop
  endfacet
  facet normal -0.266399 -0.694159 0.668711
    outer loop
      vertex -15.6311 -3.4035 3.42426
      vertex -15.6897 -3.42597 3.37759
      vertex -15.6441 -3.44347 3.37759
    endloop
  endfacet
  facet normal -0.239931 -0.625244 0.742632
    outer loop
      vertex -15.6536 -3.34495 3.46629
      vertex -15.6726 -3.38758 3.42426
      vertex -15.6167 -3.35911 3.46629
    endloop
  endfacet
  facet normal -0.66221 -0.338111 0.668699
    outer loop
      vertex -15.8674 -3.21213 3.42426
      vertex -15.926 -3.18966 3.37759
      vertex -15.9038 -3.23314 3.37759
    endloop
  endfacet
  facet normal -0.720675 -0.367962 0.587565
    outer loop
      vertex -15.926 -3.18966 3.37759
      vertex -15.9358 -3.2516 3.32678
      vertex -15.9038 -3.23314 3.37759
    endloop
  endfacet
  facet normal -0.104542 -0.0063745 0.9945
    outer loop
      vertex -15.5314 -3 3.59918
      vertex -15.5939 -3 3.59261
      vertex -15.5312 -3.00328 3.59918
    endloop
  endfacet
  facet normal -0.205732 -0.0320255 0.978084
    outer loop
      vertex -15.5918 -3.01951 3.59261
      vertex -15.6544 -3.01623 3.57955
      vertex -15.6519 -3.03229 3.57955
    endloop
  endfacet
  facet normal 0.771956 -0.393133 0.499529
    outer loop
      vertex -15.0403 -3.20467 3.32678
      vertex -15.0642 -3.2516 3.32678
      vertex -15.037 -3.2673 3.27239
    endloop
  endfacet
  facet normal 0.771865 -0.393209 0.49961
    outer loop
      vertex -15.0116 -3.21744 3.27239
      vertex -15.0403 -3.20467 3.32678
      vertex -15.037 -3.2673 3.27239
    endloop
  endfacet
  facet normal 0.678552 -0.440897 0.587518
    outer loop
      vertex -15.0642 -3.2516 3.32678
      vertex -15.1228 -3.27408 3.37759
      vertex -15.0929 -3.29577 3.32678
    endloop
  endfacet
  facet normal 0.509631 -0.628776 0.587296
    outer loop
      vertex -15.1633 -3.37395 3.32678
      vertex -15.2259 -3.37723 3.37759
      vertex -15.2042 -3.4071 3.32678
    endloop
  endfacet
  facet normal 0.28851 -0.287651 0.913246
    outer loop
      vertex -15.3402 -3.14388 3.56015
      vertex -15.3177 -3.20243 3.5346
      vertex -15.2976 -3.18227 3.5346
    endloop
  endfacet
  facet normal 0.288045 -0.287864 0.913326
    outer loop
      vertex -15.3177 -3.20243 3.5346
      vertex -15.3402 -3.14388 3.56015
      vertex -15.3561 -3.15979 3.56015
    endloop
  endfacet
  facet normal 0.561938 -0.364565 0.742508
    outer loop
      vertex -15.173 -3.1888 3.46629
      vertex -15.1945 -3.22194 3.46629
      vertex -15.1326 -3.21213 3.42426
    endloop
  endfacet
  facet normal 0.587647 -0.0312658 0.808513
    outer loop
      vertex -15.1224 -3 3.46629
      vertex -15.175 -3.03416 3.5032
      vertex -15.1245 -3.03947 3.46629
    endloop
  endfacet
  facet normal 0.581217 -0.092304 0.808496
    outer loop
      vertex -15.1245 -3.03947 3.46629
      vertex -15.175 -3.03416 3.5032
      vertex -15.1307 -3.07851 3.46629
    endloop
  endfacet
  facet normal 0.393537 -0.104315 0.913371
    outer loop
      vertex -15.2336 -3.05663 3.5346
      vertex -15.2955 -3.06644 3.56015
      vertex -15.2409 -3.08417 3.5346
    endloop
  endfacet
  facet normal 0.568492 -0.151916 0.808541
    outer loop
      vertex -15.1307 -3.07851 3.46629
      vertex -15.1892 -3.10098 3.5032
      vertex -15.1409 -3.11668 3.46629
    endloop
  endfacet
  facet normal 0.456596 -0.371049 0.808605
    outer loop
      vertex -15.2356 -3.19208 3.5032
      vertex -15.2572 -3.21866 3.5032
      vertex -15.1945 -3.22194 3.46629
    endloop
  endfacet
  facet normal 0.493556 -0.320201 0.808625
    outer loop
      vertex -15.173 -3.1888 3.46629
      vertex -15.2356 -3.19208 3.5032
      vertex -15.1945 -3.22194 3.46629
    endloop
  endfacet
  facet normal 0.15218 -0.568258 0.808655
    outer loop
      vertex -15.399 -3.31079 3.5032
      vertex -15.4215 -3.36934 3.46629
      vertex -15.3833 -3.35911 3.46629
    endloop
  endfacet
  facet normal 0.105189 -0.39339 0.913335
    outer loop
      vertex -15.4336 -3.2045 3.56015
      vertex -15.4434 -3.26644 3.5346
      vertex -15.4158 -3.25906 3.5346
    endloop
  endfacet
  facet normal 0.105516 -0.39342 0.913283
    outer loop
      vertex -15.4336 -3.2045 3.56015
      vertex -15.4553 -3.21032 3.56015
      vertex -15.4434 -3.26644 3.5346
    endloop
  endfacet
  facet normal 0.0637841 -0.402274 0.913294
    outer loop
      vertex -15.4553 -3.21032 3.56015
      vertex -15.4775 -3.21384 3.56015
      vertex -15.4434 -3.26644 3.5346
    endloop
  endfacet
  facet normal 0.266937 -0.524248 0.808646
    outer loop
      vertex -15.3366 -3.283 3.5032
      vertex -15.3671 -3.29853 3.5032
      vertex -15.3112 -3.327 3.46629
    endloop
  endfacet
  facet normal 0.179505 -0.467204 0.865736
    outer loop
      vertex -15.3892 -3.24884 3.5346
      vertex -15.4158 -3.25906 3.5346
      vertex -15.399 -3.31079 3.5032
    endloop
  endfacet
  facet normal 0.314487 -0.389165 0.865823
    outer loop
      vertex -15.3177 -3.20243 3.5346
      vertex -15.3399 -3.22037 3.5346
      vertex -15.3079 -3.26437 3.5032
    endloop
  endfacet
  facet normal 0.38848 -0.315694 0.865691
    outer loop
      vertex -15.2356 -3.19208 3.5032
      vertex -15.2976 -3.18227 3.5346
      vertex -15.2572 -3.21866 3.5032
    endloop
  endfacet
  facet normal 0.25602 -0.316814 0.913282
    outer loop
      vertex -15.3177 -3.20243 3.5346
      vertex -15.3736 -3.17395 3.56015
      vertex -15.3399 -3.22037 3.5346
    endloop
  endfacet
  facet normal 0.194569 -0.240463 0.950957
    outer loop
      vertex -15.3561 -3.15979 3.56015
      vertex -15.4087 -3.12563 3.57955
      vertex -15.3736 -3.17395 3.56015
    endloop
  endfacet
  facet normal 0.272642 -0.419584 0.865804
    outer loop
      vertex -15.3399 -3.22037 3.5346
      vertex -15.3638 -3.2359 3.5346
      vertex -15.3079 -3.26437 3.5032
    endloop
  endfacet
  facet normal 0.221939 -0.341555 0.913281
    outer loop
      vertex -15.3399 -3.22037 3.5346
      vertex -15.3736 -3.17395 3.56015
      vertex -15.3638 -3.2359 3.5346
    endloop
  endfacet
  facet normal 0.308787 -0.0171231 0.950977
    outer loop
      vertex -15.3447 -3 3.57955
      vertex -15.3456 -3.01623 3.57955
      vertex -15.2862 -3.02248 3.56015
    endloop
  endfacet
  facet normal 0.402445 -0.0633915 0.913247
    outer loop
      vertex -15.2862 -3.02248 3.56015
      vertex -15.2897 -3.0447 3.56015
      vertex -15.2336 -3.05663 3.5346
    endloop
  endfacet
  facet normal 0.275792 -0.140303 0.950923
    outer loop
      vertex -15.3036 -3.08746 3.56015
      vertex -15.3655 -3.07765 3.57955
      vertex -15.3138 -3.10751 3.56015
    endloop
  endfacet
  facet normal 0.19454 -0.0743792 0.97807
    outer loop
      vertex -15.3523 -3.04799 3.57955
      vertex -15.4107 -3.029 3.59261
      vertex -15.3581 -3.06316 3.57955
    endloop
  endfacet
  facet normal 0.966055 0.258338 0
    outer loop
      vertex -14.9139 3.12458 3.0314
      vertex -14.9301 3.18516 3
      vertex -14.9301 3.18516 3.0314
    endloop
  endfacet
  facet normal 0.966055 0.258338 0
    outer loop
      vertex -14.9301 3.18516 3
      vertex -14.9139 3.12458 3.0314
      vertex -14.9139 3.12458 3
    endloop
  endfacet
  facet normal 0.833802 -0.54213 0.104255
    outer loop
      vertex -14.9811 -3.29959 3.0314
      vertex -15.0206 -3.34833 3.09386
      vertex -15.0153 -3.35219 3.0314
    endloop
  endfacet
  facet normal 0.928556 -0.355965 0.105228
    outer loop
      vertex -14.9364 -3.18313 3.09386
      vertex -14.9586 -3.24104 3.09386
      vertex -14.9301 -3.18516 3.0314
    endloop
  endfacet
  facet normal 0.79799 -0.517666 0.308601
    outer loop
      vertex -15.0149 -3.28007 3.21502
      vertex -15.0311 -3.34065 3.15529
      vertex -14.9981 -3.28978 3.15529
    endloop
  endfacet
  facet normal 0.773158 -0.625584 0.104267
    outer loop
      vertex -15.0206 -3.34833 3.09386
      vertex -15.0596 -3.39653 3.09386
      vertex -15.0153 -3.35219 3.0314
    endloop
  endfacet
  facet normal 0.838371 -0.5451 0
    outer loop
      vertex -15.0153 -3.35219 3.0314
      vertex -14.9811 -3.29959 3
      vertex -14.9811 -3.29959 3.0314
    endloop
  endfacet
  facet normal 0.838371 -0.5451 0
    outer loop
      vertex -14.9811 -3.29959 3
      vertex -15.0153 -3.35219 3.0314
      vertex -15.0153 -3.35219 3
    endloop
  endfacet
  facet normal 0.760079 -0.615801 0.207532
    outer loop
      vertex -15.0311 -3.34065 3.15529
      vertex -15.0693 -3.3878 3.15529
      vertex -15.0596 -3.39653 3.09386
    endloop
  endfacet
  facet normal 0.8204 -0.533055 0.206871
    outer loop
      vertex -14.9868 -3.29631 3.09386
      vertex -15.0311 -3.34065 3.15529
      vertex -15.0206 -3.34833 3.09386
    endloop
  endfacet
  facet normal 0.88793 -0.340185 0.309604
    outer loop
      vertex -14.9488 -3.17909 3.15529
      vertex -14.9883 -3.22783 3.21502
      vertex -14.9705 -3.23573 3.15529
    endloop
  endfacet
  facet normal 0.871359 -0.444587 0.207545
    outer loop
      vertex -14.9586 -3.24104 3.09386
      vertex -14.9981 -3.28978 3.15529
      vertex -14.9868 -3.29631 3.09386
    endloop
  endfacet
  facet normal 0.451467 -0.886131 0.104639
    outer loop
      vertex -15.2004 -3.5189 3.0314
      vertex -15.259 -3.54138 3.09386
      vertex -15.2563 -3.54738 3.0314
    endloop
  endfacet
  facet normal 0.356595 -0.928385 0.104597
    outer loop
      vertex -15.259 -3.54138 3.09386
      vertex -15.3148 -3.56985 3.0314
      vertex -15.2563 -3.54738 3.0314
    endloop
  endfacet
  facet normal 0.356457 -0.928423 0.104738
    outer loop
      vertex -15.259 -3.54138 3.09386
      vertex -15.3169 -3.56361 3.09386
      vertex -15.3148 -3.56985 3.0314
    endloop
  endfacet
  facet normal 0.443777 -0.871762 0.207588
    outer loop
      vertex -15.2102 -3.50191 3.15529
      vertex -15.2643 -3.52945 3.15529
      vertex -15.259 -3.54138 3.09386
    endloop
  endfacet
  facet normal 0.453959 0.891022 -0
    outer loop
      vertex -15.2004 3.5189 3
      vertex -15.2563 3.54738 3.0314
      vertex -15.2004 3.5189 3.0314
    endloop
  endfacet
  facet normal 0.453959 0.891022 0
    outer loop
      vertex -15.2563 3.54738 3.0314
      vertex -15.2004 3.5189 3
      vertex -15.2563 3.54738 3
    endloop
  endfacet
  facet normal -0.944619 -0.253811 0.208025
    outer loop
      vertex -16.0669 -3.1205 3.15529
      vertex -16.0797 -3.12321 3.09386
      vertex -16.0636 -3.18313 3.09386
    endloop
  endfacet
  facet normal -0.966087 -0.152947 0.208048
    outer loop
      vertex -16.0669 -3.1205 3.15529
      vertex -16.0894 -3.06194 3.09386
      vertex -16.0797 -3.12321 3.09386
    endloop
  endfacet
  facet normal -0.939318 0.149227 0.308889
    outer loop
      vertex -16.0479 3.11646 3.21502
      vertex -16.0669 3.1205 3.15529
      vertex -16.0571 3.05855 3.21502
    endloop
  endfacet
  facet normal -0.918588 0.246557 0.308878
    outer loop
      vertex -16.0327 3.17309 3.21502
      vertex -16.0669 3.1205 3.15529
      vertex -16.0479 3.11646 3.21502
    endloop
  endfacet
  facet normal -0.885958 0.451857 0.104422
    outer loop
      vertex -16.0189 3.29959 3.0314
      vertex -16.0474 3.24371 3.0314
      vertex -16.0414 3.24104 3.09386
    endloop
  endfacet
  facet normal -0.993206 0.0523324 0.103938
    outer loop
      vertex -16.0959 3.06263 3.0314
      vertex -16.0992 3 3.0314
      vertex -16.0894 3.06194 3.09386
    endloop
  endfacet
  facet normal -0.912969 0.35139 0.207397
    outer loop
      vertex -16.0294 3.23573 3.15529
      vertex -16.0636 3.18313 3.09386
      vertex -16.0512 3.17909 3.15529
    endloop
  endfacet
  facet normal -0.453959 0.891022 0
    outer loop
      vertex -15.7437 3.54738 3
      vertex -15.7996 3.5189 3.0314
      vertex -15.7437 3.54738 3.0314
    endloop
  endfacet
  facet normal -0.453959 0.891022 0
    outer loop
      vertex -15.7996 3.5189 3.0314
      vertex -15.7437 3.54738 3
      vertex -15.7996 3.5189 3
    endloop
  endfacet
  facet normal -0.257396 0.960625 0.104624
    outer loop
      vertex -15.6232 3.57966 3.09386
      vertex -15.6852 3.56985 3.0314
      vertex -15.6831 3.56361 3.09386
    endloop
  endfacet
  facet normal -0.987718 0.156249 0
    outer loop
      vertex -16.0959 3.06263 3
      vertex -16.0861 3.12458 3.0314
      vertex -16.0861 3.12458 3
    endloop
  endfacet
  facet normal -0.987718 0.156249 0
    outer loop
      vertex -16.0861 3.12458 3.0314
      vertex -16.0959 3.06263 3
      vertex -16.0959 3.06263 3.0314
    endloop
  endfacet
  facet normal -0.933448 0.358712 0
    outer loop
      vertex -16.0699 3.18516 3
      vertex -16.0474 3.24371 3.0314
      vertex -16.0474 3.24371 3
    endloop
  endfacet
  facet normal -0.933448 0.358712 0
    outer loop
      vertex -16.0474 3.24371 3.0314
      vertex -16.0699 3.18516 3
      vertex -16.0699 3.18516 3.0314
    endloop
  endfacet
  facet normal -0.966055 0.258338 0
    outer loop
      vertex -16.0861 3.12458 3
      vertex -16.0699 3.18516 3.0314
      vertex -16.0699 3.18516 3
    endloop
  endfacet
  facet normal -0.966055 0.258338 0
    outer loop
      vertex -16.0699 3.18516 3.0314
      vertex -16.0861 3.12458 3
      vertex -16.0861 3.12458 3.0314
    endloop
  endfacet
  facet normal 0.104543 -0.00639406 0.9945
    outer loop
      vertex -15.4061 -3 3.59261
      vertex -15.4688 -3.00328 3.59918
      vertex -15.4067 -3.00981 3.59261
    endloop
  endfacet
  facet normal 0.103531 -0.01601 0.994497
    outer loop
      vertex -15.4067 -3.00981 3.59261
      vertex -15.4688 -3.00328 3.59918
      vertex -15.4082 -3.01951 3.59261
    endloop
  endfacet
  facet normal 0.174116 -0.114105 0.978092
    outer loop
      vertex -15.4187 -3.04693 3.59261
      vertex -15.4241 -3.05517 3.59261
      vertex -15.3744 -3.09128 3.57955
    endloop
  endfacet
  facet normal 0.289178 -0.110562 0.950869
    outer loop
      vertex -15.3523 -3.04799 3.57955
      vertex -15.3581 -3.06316 3.57955
      vertex -15.3036 -3.08746 3.56015
    endloop
  endfacet
  facet normal 0.305658 -0.0481459 0.950923
    outer loop
      vertex -15.2862 -3.02248 3.56015
      vertex -15.3481 -3.03229 3.57955
      vertex -15.2897 -3.0447 3.56015
    endloop
  endfacet
  facet normal 0.193566 -0.0759082 0.978146
    outer loop
      vertex -15.4107 -3.029 3.59261
      vertex -15.4143 -3.03818 3.59261
      vertex -15.3581 -3.06316 3.57955
    endloop
  endfacet
  facet normal 0.275699 -0.140799 0.950876
    outer loop
      vertex -15.3581 -3.06316 3.57955
      vertex -15.3655 -3.07765 3.57955
      vertex -15.3036 -3.08746 3.56015
    endloop
  endfacet
  facet normal 0.016426 -0.103462 0.994498
    outer loop
      vertex -15.4805 -3.09181 3.59261
      vertex -15.4967 -3.03123 3.59918
      vertex -15.4902 -3.09335 3.59261
    endloop
  endfacet
  facet normal 0.0324467 -0.205666 0.978084
    outer loop
      vertex -15.4805 -3.09181 3.59261
      vertex -15.4838 -3.15444 3.57955
      vertex -15.4677 -3.1519 3.57955
    endloop
  endfacet
  facet normal -0.0270527 -0.101181 0.9945
    outer loop
      vertex -15.5065 -3.03071 3.59918
      vertex -15.529 -3.08927 3.59261
      vertex -15.5195 -3.09181 3.59261
    endloop
  endfacet
  facet normal -0.0477951 -0.0932325 0.994497
    outer loop
      vertex -15.5128 -3.02869 3.59918
      vertex -15.5469 -3.08129 3.59261
      vertex -15.5382 -3.08575 3.59261
    endloop
  endfacet
  facet normal -0.0564112 -0.088241 0.994501
    outer loop
      vertex -15.5185 -3.0254 3.59918
      vertex -15.5469 -3.08129 3.59261
      vertex -15.5157 -3.02719 3.59918
    endloop
  endfacet
  facet normal -0.0801198 -0.298784 0.950952
    outer loop
      vertex -15.5323 -3.1519 3.57955
      vertex -15.548 -3.14769 3.57955
      vertex -15.5447 -3.21032 3.56015
    endloop
  endfacet
  facet normal 0.0737539 -0.0742845 0.994506
    outer loop
      vertex -15.4767 -3.02101 3.59918
      vertex -15.4372 -3.06975 3.59261
      vertex -15.4302 -3.0628 3.59261
    endloop
  endfacet
  facet normal 0.0745765 -0.0736163 0.994494
    outer loop
      vertex -15.4372 -3.06975 3.59261
      vertex -15.4767 -3.02101 3.59918
      vertex -15.479 -3.02334 3.59918
    endloop
  endfacet
  facet normal 0.11298 -0.174951 0.978073
    outer loop
      vertex -15.4448 -3.07593 3.59261
      vertex -15.4531 -3.08129 3.59261
      vertex -15.4087 -3.12563 3.57955
    endloop
  endfacet
  facet normal -0.221939 -0.341555 0.913281
    outer loop
      vertex -15.6264 -3.17395 3.56015
      vertex -15.6601 -3.22037 3.5346
      vertex -15.6362 -3.2359 3.5346
    endloop
  endfacet
  facet normal -0.185292 -0.362606 0.913337
    outer loop
      vertex -15.6075 -3.18621 3.56015
      vertex -15.6362 -3.2359 3.5346
      vertex -15.5875 -3.19643 3.56015
    endloop
  endfacet
  facet normal -0.446187 -0.226518 0.865798
    outer loop
      vertex -15.7488 -3.11079 3.5346
      vertex -15.7985 -3.13291 3.5032
      vertex -15.7359 -3.1362 3.5346
    endloop
  endfacet
  facet normal -0.446164 -0.226888 0.865713
    outer loop
      vertex -15.7359 -3.1362 3.5346
      vertex -15.7985 -3.13291 3.5032
      vertex -15.783 -3.16339 3.5032
    endloop
  endfacet
  facet normal -0.18525 -0.0946067 0.978127
    outer loop
      vertex -15.5857 -3.03818 3.59261
      vertex -15.6419 -3.06316 3.57955
      vertex -15.6345 -3.07765 3.57955
    endloop
  endfacet
  facet normal -0.174363 -0.113854 0.978077
    outer loop
      vertex -15.5813 -3.04693 3.59261
      vertex -15.6345 -3.07765 3.57955
      vertex -15.6256 -3.09128 3.57955
    endloop
  endfacet
  facet normal -0.208035 -0.0115362 0.978053
    outer loop
      vertex -15.5939 -3 3.59261
      vertex -15.6553 -3 3.57955
      vertex -15.6544 -3.01623 3.57955
    endloop
  endfacet
  facet normal -0.201221 -0.0538298 0.978066
    outer loop
      vertex -15.5893 -3.029 3.59261
      vertex -15.6519 -3.03229 3.57955
      vertex -15.6477 -3.04799 3.57955
    endloop
  endfacet
  facet normal -0.37988 -0.146386 0.91338
    outer loop
      vertex -15.7045 -3.06644 3.56015
      vertex -15.7591 -3.08417 3.5346
      vertex -15.6964 -3.08746 3.56015
    endloop
  endfacet
  facet normal -0.298894 -0.0797417 0.950949
    outer loop
      vertex -15.6477 -3.04799 3.57955
      vertex -15.7103 -3.0447 3.56015
      vertex -15.7045 -3.06644 3.56015
    endloop
  endfacet
  facet normal -0.0638433 -0.402241 0.913305
    outer loop
      vertex -15.5225 -3.21384 3.56015
      vertex -15.5566 -3.26644 3.5346
      vertex -15.5285 -3.2709 3.5346
    endloop
  endfacet
  facet normal -0.0637841 -0.402274 0.913294
    outer loop
      vertex -15.5447 -3.21032 3.56015
      vertex -15.5566 -3.26644 3.5346
      vertex -15.5225 -3.21384 3.56015
    endloop
  endfacet
  facet normal -0.016206 -0.308866 0.950967
    outer loop
      vertex -15.5162 -3.15444 3.57955
      vertex -15.5225 -3.21384 3.56015
      vertex -15.5 -3.15529 3.57955
    endloop
  endfacet
  facet normal -0.0212636 -0.406719 0.913306
    outer loop
      vertex -15.5225 -3.21384 3.56015
      vertex -15.5285 -3.2709 3.5346
      vertex -15.5 -3.27239 3.5346
    endloop
  endfacet
  facet normal 0.131247 -0.161653 0.978081
    outer loop
      vertex -15.3961 -3.1154 3.57955
      vertex -15.4372 -3.06975 3.59261
      vertex -15.4087 -3.12563 3.57955
    endloop
  endfacet
  facet normal 0.147251 -0.147379 0.978057
    outer loop
      vertex -15.4302 -3.0628 3.59261
      vertex -15.3961 -3.1154 3.57955
      vertex -15.3846 -3.10391 3.57955
    endloop
  endfacet
  facet normal 0.146693 -0.147748 0.978086
    outer loop
      vertex -15.3961 -3.1154 3.57955
      vertex -15.4302 -3.0628 3.59261
      vertex -15.4372 -3.06975 3.59261
    endloop
  endfacet
  facet normal 0.131389 -0.161579 0.978074
    outer loop
      vertex -15.4372 -3.06975 3.59261
      vertex -15.4448 -3.07593 3.59261
      vertex -15.4087 -3.12563 3.57955
    endloop
  endfacet
  facet normal -0.173248 -0.646928 0.74261
    outer loop
      vertex -15.6167 -3.35911 3.46629
      vertex -15.6311 -3.4035 3.42426
      vertex -15.5785 -3.36934 3.46629
    endloop
  endfacet
  facet normal -0.239876 -0.625304 0.7426
    outer loop
      vertex -15.6167 -3.35911 3.46629
      vertex -15.6726 -3.38758 3.42426
      vertex -15.6311 -3.4035 3.42426
    endloop
  endfacet
  facet normal -0.129287 -0.483513 0.865737
    outer loop
      vertex -15.5842 -3.25906 3.5346
      vertex -15.601 -3.31079 3.5032
      vertex -15.5566 -3.26644 3.5346
    endloop
  endfacet
  facet normal -0.314487 -0.389165 0.865823
    outer loop
      vertex -15.6823 -3.20243 3.5346
      vertex -15.6921 -3.26437 3.5032
      vertex -15.6601 -3.22037 3.5346
    endloop
  endfacet
  facet normal 0.521027 -0.421231 0.742358
    outer loop
      vertex -15.1568 -3.24938 3.42426
      vertex -15.1945 -3.22194 3.46629
      vertex -15.1847 -3.28389 3.42426
    endloop
  endfacet
  facet normal 0.47348 -0.47348 0.74272
    outer loop
      vertex -15.2194 -3.25266 3.46629
      vertex -15.2161 -3.31529 3.42426
      vertex -15.1847 -3.28389 3.42426
    endloop
  endfacet
  facet normal 0.474114 -0.473266 0.742452
    outer loop
      vertex -15.2161 -3.31529 3.42426
      vertex -15.2194 -3.25266 3.46629
      vertex -15.2473 -3.28061 3.46629
    endloop
  endfacet
  facet normal 0.370166 -0.457547 0.808472
    outer loop
      vertex -15.2813 -3.24285 3.5032
      vertex -15.3079 -3.26437 3.5032
      vertex -15.2781 -3.30548 3.46629
    endloop
  endfacet
  facet normal 0.338018 -0.662302 0.668656
    outer loop
      vertex -15.2879 -3.36742 3.42426
      vertex -15.3103 -3.42597 3.37759
      vertex -15.2669 -3.40382 3.37759
    endloop
  endfacet
  facet normal 0.440664 -0.67889 0.587302
    outer loop
      vertex -15.2259 -3.37723 3.37759
      vertex -15.2484 -3.43579 3.32678
      vertex -15.2042 -3.4071 3.32678
    endloop
  endfacet
  facet normal 0.239931 -0.625244 0.742632
    outer loop
      vertex -15.3464 -3.34495 3.46629
      vertex -15.3833 -3.35911 3.46629
      vertex -15.3274 -3.38758 3.42426
    endloop
  endfacet
  facet normal 0.104721 -0.661477 0.742618
    outer loop
      vertex -15.4215 -3.36934 3.46629
      vertex -15.4557 -3.42194 3.42426
      vertex -15.4118 -3.41499 3.42426
    endloop
  endfacet
  facet normal 0.173248 -0.646928 0.74261
    outer loop
      vertex -15.3833 -3.35911 3.46629
      vertex -15.4215 -3.36934 3.46629
      vertex -15.3689 -3.4035 3.42426
    endloop
  endfacet
  facet normal -0.0350248 -0.668792 0.742624
    outer loop
      vertex -15.5 -3.37759 3.46629
      vertex -15.5443 -3.42194 3.42426
      vertex -15.5 -3.42426 3.42426
    endloop
  endfacet
  facet normal -0.104824 -0.661509 0.742575
    outer loop
      vertex -15.5395 -3.37552 3.46629
      vertex -15.5785 -3.36934 3.46629
      vertex -15.5443 -3.42194 3.42426
    endloop
  endfacet
  facet normal 0.0920712 -0.581032 0.808656
    outer loop
      vertex -15.4215 -3.36934 3.46629
      vertex -15.4658 -3.32499 3.5032
      vertex -15.4605 -3.37552 3.46629
    endloop
  endfacet
  facet normal 0.126536 -0.799347 0.587395
    outer loop
      vertex -15.4031 -3.4561 3.37759
      vertex -15.4513 -3.46373 3.37759
      vertex -15.4474 -3.50045 3.32678
    endloop
  endfacet
  facet normal 0.0453493 -0.865197 0.499377
    outer loop
      vertex -15.4474 -3.50045 3.32678
      vertex -15.5 -3.5346 3.27239
      vertex -15.4441 -3.53167 3.27239
    endloop
  endfacet
  facet normal 0.135399 -0.855724 0.499403
    outer loop
      vertex -15.3888 -3.52292 3.27239
      vertex -15.4474 -3.50045 3.32678
      vertex -15.4441 -3.53167 3.27239
    endloop
  endfacet
  facet normal 0.393489 -0.771838 0.499431
    outer loop
      vertex -15.2484 -3.43579 3.32678
      vertex -15.2953 -3.4597 3.32678
      vertex -15.2327 -3.46298 3.27239
    endloop
  endfacet
  facet normal 0.47169 -0.726688 0.499433
    outer loop
      vertex -15.2042 -3.4071 3.32678
      vertex -15.2484 -3.43579 3.32678
      vertex -15.2327 -3.46298 3.27239
    endloop
  endfacet
  facet normal 0.310757 -0.808649 0.499516
    outer loop
      vertex -15.2826 -3.48838 3.27239
      vertex -15.3445 -3.47857 3.32678
      vertex -15.3348 -3.50844 3.27239
    endloop
  endfacet
  facet normal 0.224369 -0.836735 0.499534
    outer loop
      vertex -15.3445 -3.47857 3.32678
      vertex -15.3888 -3.52292 3.27239
      vertex -15.3348 -3.50844 3.27239
    endloop
  endfacet
  facet normal 0.431504 -0.847654 0.308686
    outer loop
      vertex -15.2102 -3.50191 3.15529
      vertex -15.2722 -3.51172 3.21502
      vertex -15.2643 -3.52945 3.15529
    endloop
  endfacet
  facet normal 0.34105 -0.887922 0.308675
    outer loop
      vertex -15.2722 -3.51172 3.21502
      vertex -15.3209 -3.55119 3.15529
      vertex -15.2643 -3.52945 3.15529
    endloop
  endfacet
  facet normal 0.574876 -0.710227 0.406319
    outer loop
      vertex -15.1423 -3.39729 3.27239
      vertex -15.1858 -3.4325 3.27239
      vertex -15.1252 -3.41627 3.21502
    endloop
  endfacet
  facet normal 0.545668 -0.673237 0.498998
    outer loop
      vertex -15.1633 -3.37395 3.32678
      vertex -15.2042 -3.4071 3.32678
      vertex -15.1858 -3.4325 3.27239
    endloop
  endfacet
  facet normal 0.541894 -0.833929 0.104466
    outer loop
      vertex -15.1517 -3.47943 3.09386
      vertex -15.2037 -3.51322 3.09386
      vertex -15.2004 -3.5189 3.0314
    endloop
  endfacet
  facet normal 0.541657 -0.83405 0.104727
    outer loop
      vertex -15.1517 -3.47943 3.09386
      vertex -15.2004 -3.5189 3.0314
      vertex -15.1478 -3.48474 3.0314
    endloop
  endfacet
  facet normal 0.70298 -0.70346 0.104704
    outer loop
      vertex -15.1035 -3.4404 3.09386
      vertex -15.0547 -3.40093 3.0314
      vertex -15.0596 -3.39653 3.09386
    endloop
  endfacet
  facet normal 0.70284 -0.703632 0.104486
    outer loop
      vertex -15.0547 -3.40093 3.0314
      vertex -15.1035 -3.4404 3.09386
      vertex -15.0991 -3.44528 3.0314
    endloop
  endfacet
  facet normal 0.739117 -0.598818 0.30842
    outer loop
      vertex -15.0311 -3.34065 3.15529
      vertex -15.0837 -3.37481 3.21502
      vertex -15.0693 -3.3878 3.15529
    endloop
  endfacet
  facet normal 0.691632 -0.691794 0.207524
    outer loop
      vertex -15.1122 -3.43069 3.15529
      vertex -15.0596 -3.39653 3.09386
      vertex -15.0693 -3.3878 3.15529
    endloop
  endfacet
  facet normal 0.691508 -0.691981 0.207313
    outer loop
      vertex -15.0596 -3.39653 3.09386
      vertex -15.1122 -3.43069 3.15529
      vertex -15.1035 -3.4404 3.09386
    endloop
  endfacet
  facet normal 0.236702 -0.882565 0.406265
    outer loop
      vertex -15.3348 -3.50844 3.27239
      vertex -15.3835 -3.54791 3.21502
      vertex -15.3269 -3.53273 3.21502
    endloop
  endfacet
  facet normal 0.236657 -0.882561 0.406301
    outer loop
      vertex -15.3348 -3.50844 3.27239
      vertex -15.3888 -3.52292 3.27239
      vertex -15.3835 -3.54791 3.21502
    endloop
  endfacet
  facet normal 0.662211 -0.338051 0.668729
    outer loop
      vertex -15.1124 -3.17256 3.42426
      vertex -15.1326 -3.21213 3.42426
      vertex -15.074 -3.18966 3.37759
    endloop
  endfacet
  facet normal 0.66221 -0.338111 0.668699
    outer loop
      vertex -15.074 -3.18966 3.37759
      vertex -15.1326 -3.21213 3.42426
      vertex -15.0962 -3.23314 3.37759
    endloop
  endfacet
  facet normal 0.855869 -0.134912 0.499286
    outer loop
      vertex -14.9996 -3.0526 3.32678
      vertex -15.0078 -3.10462 3.32678
      vertex -14.9771 -3.11115 3.27239
    endloop
  endfacet
  facet normal 0.855087 -0.136146 0.50029
    outer loop
      vertex -14.9683 -3.05588 3.27239
      vertex -14.9996 -3.0526 3.32678
      vertex -14.9771 -3.11115 3.27239
    endloop
  endfacet
  facet normal 0.918588 -0.246557 0.308878
    outer loop
      vertex -14.9521 -3.11646 3.21502
      vertex -14.9673 -3.17309 3.21502
      vertex -14.9331 -3.1205 3.15529
    endloop
  endfacet
  facet normal 0.939318 -0.149227 0.308889
    outer loop
      vertex -14.9429 -3.05855 3.21502
      vertex -14.9521 -3.11646 3.21502
      vertex -14.9331 -3.1205 3.15529
    endloop
  endfacet
  facet normal 0.949426 -0.0501513 0.309958
    outer loop
      vertex -14.9204 -3 3.15529
      vertex -14.9399 -3 3.21502
      vertex -14.9236 -3.06058 3.15529
    endloop
  endfacet
  facet normal 0.949945 -0.0486735 0.308601
    outer loop
      vertex -14.9399 -3 3.21502
      vertex -14.9429 -3.05855 3.21502
      vertex -14.9236 -3.06058 3.15529
    endloop
  endfacet
  facet normal 0.101661 0.0256556 0.994488
    outer loop
      vertex -15.4107 3.029 3.59261
      vertex -15.4701 3.0097 3.59918
      vertex -15.4693 3.00653 3.59918
    endloop
  endfacet
  facet normal 0.309008 0.0164951 0.950916
    outer loop
      vertex -15.2862 3.02248 3.56015
      vertex -15.3447 3 3.57955
      vertex -15.285 3 3.56015
    endloop
  endfacet
  facet normal 0.305583 0.047569 0.950976
    outer loop
      vertex -15.2862 3.02248 3.56015
      vertex -15.3481 3.03229 3.57955
      vertex -15.3456 3.01623 3.57955
    endloop
  endfacet
  facet normal 0.288663 0.111236 0.950947
    outer loop
      vertex -15.3036 3.08746 3.56015
      vertex -15.3523 3.04799 3.57955
      vertex -15.2955 3.06644 3.56015
    endloop
  endfacet
  facet normal 0.201221 0.0538298 0.978066
    outer loop
      vertex -15.3523 3.04799 3.57955
      vertex -15.4107 3.029 3.59261
      vertex -15.3481 3.03229 3.57955
    endloop
  endfacet
  facet normal 0.298899 0.0799603 0.950929
    outer loop
      vertex -15.2897 3.0447 3.56015
      vertex -15.3523 3.04799 3.57955
      vertex -15.3481 3.03229 3.57955
    endloop
  endfacet
  facet normal 0.314777 0.389084 0.865753
    outer loop
      vertex -15.3079 3.26437 3.5032
      vertex -15.3177 3.20243 3.5346
      vertex -15.2813 3.24285 3.5032
    endloop
  endfacet
  facet normal 0.314487 0.389165 0.865823
    outer loop
      vertex -15.3079 3.26437 3.5032
      vertex -15.3399 3.22037 3.5346
      vertex -15.3177 3.20243 3.5346
    endloop
  endfacet
  facet normal 0.194569 0.240463 0.950957
    outer loop
      vertex -15.3736 3.17395 3.56015
      vertex -15.4087 3.12563 3.57955
      vertex -15.3561 3.15979 3.56015
    endloop
  endfacet
  facet normal 0.25602 0.316814 0.913282
    outer loop
      vertex -15.3399 3.22037 3.5346
      vertex -15.3736 3.17395 3.56015
      vertex -15.3177 3.20243 3.5346
    endloop
  endfacet
  facet normal 0.11298 0.174951 0.978073
    outer loop
      vertex -15.4087 3.12563 3.57955
      vertex -15.4531 3.08129 3.59261
      vertex -15.4448 3.07593 3.59261
    endloop
  endfacet
  facet normal 0.11308 0.174853 0.978079
    outer loop
      vertex -15.4224 3.13449 3.57955
      vertex -15.4531 3.08129 3.59261
      vertex -15.4087 3.12563 3.57955
    endloop
  endfacet
  facet normal -0.208049 0 0.978118
    outer loop
      vertex -15.6553 3 3.57955
      vertex -15.5939 -3 3.59261
      vertex -15.5939 3 3.59261
    endloop
  endfacet
  facet normal -0.208049 0 0.978118
    outer loop
      vertex -15.5939 -3 3.59261
      vertex -15.6553 3 3.57955
      vertex -15.6553 -3 3.57955
    endloop
  endfacet
  facet normal -0.0936377 0.0470864 0.994492
    outer loop
      vertex -15.5813 3.04693 3.59261
      vertex -15.5857 3.03818 3.59261
      vertex -15.5287 3.01277 3.59918
    endloop
  endfacet
  facet normal 0.0784558 0.494307 0.86574
    outer loop
      vertex -15.4658 3.32499 3.5032
      vertex -15.4715 3.2709 3.5346
      vertex -15.4434 3.26644 3.5346
    endloop
  endfacet
  facet normal 0.0484412 0.30551 0.950956
    outer loop
      vertex -15.4553 3.21032 3.56015
      vertex -15.4775 3.21384 3.56015
      vertex -15.4677 3.1519 3.57955
    endloop
  endfacet
  facet normal -0.0784558 0.494307 0.86574
    outer loop
      vertex -15.5342 3.32499 3.5032
      vertex -15.5566 3.26644 3.5346
      vertex -15.5285 3.2709 3.5346
    endloop
  endfacet
  facet normal -0.0784737 0.494311 0.865736
    outer loop
      vertex -15.5342 3.32499 3.5032
      vertex -15.5679 3.31964 3.5032
      vertex -15.5566 3.26644 3.5346
    endloop
  endfacet
  facet normal -0.0307466 0.587449 0.808677
    outer loop
      vertex -15.5 3.37759 3.46629
      vertex -15.5342 3.32499 3.5032
      vertex -15.5 3.32678 3.5032
    endloop
  endfacet
  facet normal 0.0307861 0.587465 0.808664
    outer loop
      vertex -15.4605 3.37552 3.46629
      vertex -15.5 3.37759 3.46629
      vertex -15.4658 3.32499 3.5032
    endloop
  endfacet
  facet normal -0.173264 0.646913 0.742619
    outer loop
      vertex -15.5882 3.41499 3.42426
      vertex -15.6311 3.4035 3.42426
      vertex -15.5785 3.36934 3.46629
    endloop
  endfacet
  facet normal -0.173248 0.646928 0.74261
    outer loop
      vertex -15.5785 3.36934 3.46629
      vertex -15.6311 3.4035 3.42426
      vertex -15.6167 3.35911 3.46629
    endloop
  endfacet
  facet normal -0.568395 -0.151389 0.808708
    outer loop
      vertex -15.8196 -3.06794 3.5032
      vertex -15.8693 -3.07851 3.46629
      vertex -15.8108 -3.10098 3.5032
    endloop
  endfacet
  facet normal -0.494195 -0.079001 0.865754
    outer loop
      vertex -15.7664 -3.05663 3.5346
      vertex -15.825 -3.03416 3.5032
      vertex -15.8196 -3.06794 3.5032
    endloop
  endfacet
  facet normal -0.587521 -0.0309583 0.808617
    outer loop
      vertex -15.8268 -3 3.5032
      vertex -15.8776 -3 3.46629
      vertex -15.825 -3.03416 3.5032
    endloop
  endfacet
  facet normal -0.587647 -0.0312658 0.808513
    outer loop
      vertex -15.825 -3.03416 3.5032
      vertex -15.8776 -3 3.46629
      vertex -15.8755 -3.03947 3.46629
    endloop
  endfacet
  facet normal -0.305658 0.0481459 0.950923
    outer loop
      vertex -15.7103 3.0447 3.56015
      vertex -15.7138 3.02248 3.56015
      vertex -15.6519 3.03229 3.57955
    endloop
  endfacet
  facet normal -0.847641 0.431609 0.308577
    outer loop
      vertex -16.0019 3.28978 3.15529
      vertex -16.0117 3.22783 3.21502
      vertex -15.9851 3.28007 3.21502
    endloop
  endfacet
  facet normal -0.578232 0.467478 0.668665
    outer loop
      vertex -15.8153 3.28389 3.42426
      vertex -15.8772 3.27408 3.37759
      vertex -15.8432 3.24938 3.42426
    endloop
  endfacet
  facet normal -0.864684 0.0448744 0.500309
    outer loop
      vertex -16.0317 3.05588 3.27239
      vertex -16.0346 3 3.27239
      vertex -16.0004 3.0526 3.32678
    endloop
  endfacet
  facet normal -0.855869 0.134912 0.499286
    outer loop
      vertex -15.9922 3.10462 3.32678
      vertex -16.0229 3.11115 3.27239
      vertex -16.0004 3.0526 3.32678
    endloop
  endfacet
  facet normal -0.808566 0.310797 0.499627
    outer loop
      vertex -15.9597 3.20467 3.32678
      vertex -15.9884 3.21744 3.27239
      vertex -15.9786 3.1555 3.32678
    endloop
  endfacet
  facet normal -0.742734 0.0396206 0.668413
    outer loop
      vertex -15.9637 3.04874 3.37759
      vertex -15.9663 3 3.37759
      vertex -15.9243 3 3.42426
    endloop
  endfacet
  facet normal -0.721413 0.367393 0.587014
    outer loop
      vertex -15.9358 3.2516 3.32678
      vertex -15.9597 3.20467 3.32678
      vertex -15.926 3.18966 3.37759
    endloop
  endfacet
  facet normal -0.62457 0.24035 0.743064
    outer loop
      vertex -15.8449 3.15358 3.46629
      vertex -15.8876 3.17256 3.42426
      vertex -15.8591 3.11668 3.46629
    endloop
  endfacet
  facet normal -0.578131 0.467931 0.668435
    outer loop
      vertex -15.8465 3.31201 3.37759
      vertex -15.8772 3.27408 3.37759
      vertex -15.8153 3.28389 3.42426
    endloop
  endfacet
  facet normal -0.853094 0.327274 0.406352
    outer loop
      vertex -16.0117 3.22783 3.21502
      vertex -16.0327 3.17309 3.21502
      vertex -16.0084 3.1652 3.27239
    endloop
  endfacet
  facet normal -0.760568 0.615397 0.206938
    outer loop
      vertex -15.9404 3.39653 3.09386
      vertex -15.9794 3.34833 3.09386
      vertex -15.9689 3.34065 3.15529
    endloop
  endfacet
  facet normal -0.833943 0.541855 0.104559
    outer loop
      vertex -15.9794 3.34833 3.09386
      vertex -16.0189 3.29959 3.0314
      vertex -16.0132 3.29631 3.09386
    endloop
  endfacet
  facet normal -0.944922 0.253205 0.20739
    outer loop
      vertex -16.0636 3.18313 3.09386
      vertex -16.0669 3.1205 3.15529
      vertex -16.0512 3.17909 3.15529
    endloop
  endfacet
  facet normal -0.887806 0.341705 0.308281
    outer loop
      vertex -16.0294 3.23573 3.15529
      vertex -16.0512 3.17909 3.15529
      vertex -16.0117 3.22783 3.21502
    endloop
  endfacet
  facet normal 0.734608 0.115568 0.668577
    outer loop
      vertex -15.0439 3.09695 3.37759
      vertex -15.085 3.08821 3.42426
      vertex -15.0781 3.04435 3.42426
    endloop
  endfacet
  facet normal 0.718126 0.191947 0.668918
    outer loop
      vertex -15.0565 3.14409 3.37759
      vertex -15.0965 3.1311 3.42426
      vertex -15.0439 3.09695 3.37759
    endloop
  endfacet
  facet normal 0.549178 0.211337 0.808542
    outer loop
      vertex -15.1551 3.15358 3.46629
      vertex -15.1892 3.10098 3.5032
      vertex -15.1409 3.11668 3.46629
    endloop
  endfacet
  facet normal 0.568492 0.151916 0.808541
    outer loop
      vertex -15.1409 3.11668 3.46629
      vertex -15.1892 3.10098 3.5032
      vertex -15.1307 3.07851 3.46629
    endloop
  endfacet
  facet normal 0.494195 0.079001 0.865754
    outer loop
      vertex -15.1804 3.06794 3.5032
      vertex -15.2336 3.05663 3.5346
      vertex -15.175 3.03416 3.5032
    endloop
  endfacet
  facet normal 0.580841 0.0928521 0.808704
    outer loop
      vertex -15.1307 3.07851 3.46629
      vertex -15.1804 3.06794 3.5032
      vertex -15.175 3.03416 3.5032
    endloop
  endfacet
  facet normal 0.194875 0.240021 0.951007
    outer loop
      vertex -15.3561 3.15979 3.56015
      vertex -15.4087 3.12563 3.57955
      vertex -15.3961 3.1154 3.57955
    endloop
  endfacet
  facet normal 0.258685 0.168914 0.951078
    outer loop
      vertex -15.326 3.12639 3.56015
      vertex -15.3744 3.09128 3.57955
      vertex -15.3655 3.07765 3.57955
    endloop
  endfacet
  facet normal 0.808386 0.0430319 0.587078
    outer loop
      vertex -14.9996 3.0526 3.32678
      vertex -15.0337 3 3.37759
      vertex -14.9968 3 3.32678
    endloop
  endfacet
  facet normal 0.808338 0.0431202 0.587137
    outer loop
      vertex -14.9996 3.0526 3.32678
      vertex -15.0363 3.04874 3.37759
      vertex -15.0337 3 3.37759
    endloop
  endfacet
  facet normal 0.30423 0.596596 0.742642
    outer loop
      vertex -15.3274 3.38758 3.42426
      vertex -15.3464 3.34495 3.46629
      vertex -15.3112 3.327 3.46629
    endloop
  endfacet
  facet normal 0.370166 0.457547 0.808472
    outer loop
      vertex -15.2781 3.30548 3.46629
      vertex -15.3079 3.26437 3.5032
      vertex -15.2813 3.24285 3.5032
    endloop
  endfacet
  facet normal 0.678554 0.440878 0.587529
    outer loop
      vertex -15.0642 3.2516 3.32678
      vertex -15.1228 3.27408 3.37759
      vertex -15.0962 3.23314 3.37759
    endloop
  endfacet
  facet normal 0.525984 0.525832 0.668462
    outer loop
      vertex -15.188 3.34652 3.37759
      vertex -15.1847 3.28389 3.42426
      vertex -15.1535 3.31201 3.37759
    endloop
  endfacet
  facet normal 0.52587 0.52587 0.668521
    outer loop
      vertex -15.1847 3.28389 3.42426
      vertex -15.188 3.34652 3.37759
      vertex -15.2161 3.31529 3.42426
    endloop
  endfacet
  facet normal 0.726423 0.472002 0.499524
    outer loop
      vertex -15.037 3.2673 3.27239
      vertex -15.0929 3.29577 3.32678
      vertex -15.0642 3.2516 3.32678
    endloop
  endfacet
  facet normal 0.561938 0.364565 0.742508
    outer loop
      vertex -15.1326 3.21213 3.42426
      vertex -15.1945 3.22194 3.46629
      vertex -15.173 3.1888 3.46629
    endloop
  endfacet
  facet normal 0.497935 0.766179 0.406239
    outer loop
      vertex -15.1708 3.45317 3.21502
      vertex -15.2327 3.46298 3.27239
      vertex -15.1858 3.4325 3.27239
    endloop
  endfacet
  facet normal 0.393489 0.771838 0.499431
    outer loop
      vertex -15.2327 3.46298 3.27239
      vertex -15.2953 3.4597 3.32678
      vertex -15.2484 3.43579 3.32678
    endloop
  endfacet
  facet normal 0.472212 0.726599 0.499068
    outer loop
      vertex -15.1858 3.4325 3.27239
      vertex -15.2327 3.46298 3.27239
      vertex -15.2042 3.4071 3.32678
    endloop
  endfacet
  facet normal 0.939452 0.148945 0.308618
    outer loop
      vertex -14.9331 3.1205 3.15529
      vertex -14.9429 3.05855 3.21502
      vertex -14.9236 3.06058 3.15529
    endloop
  endfacet
  facet normal 0.939318 0.149227 0.308889
    outer loop
      vertex -14.9331 3.1205 3.15529
      vertex -14.9521 3.11646 3.21502
      vertex -14.9429 3.05855 3.21502
    endloop
  endfacet
  facet normal 0.837158 0.224584 0.498727
    outer loop
      vertex -14.9916 3.1652 3.27239
      vertex -15.0214 3.1555 3.32678
      vertex -14.9771 3.11115 3.27239
    endloop
  endfacet
  facet normal 0.837033 0.223735 0.499318
    outer loop
      vertex -14.9771 3.11115 3.27239
      vertex -15.0214 3.1555 3.32678
      vertex -15.0078 3.10462 3.32678
    endloop
  endfacet
  facet normal 0.773408 0.6252 0.104716
    outer loop
      vertex -15.0547 3.40093 3.0314
      vertex -15.0596 3.39653 3.09386
      vertex -15.0153 3.35219 3.0314
    endloop
  endfacet
  facet normal 0.833802 0.54213 0.104255
    outer loop
      vertex -15.0153 3.35219 3.0314
      vertex -15.0206 3.34833 3.09386
      vertex -14.9811 3.29959 3.0314
    endloop
  endfacet
  facet normal 0.871271 0.444904 0.207237
    outer loop
      vertex -14.9586 3.24104 3.09386
      vertex -14.9981 3.28978 3.15529
      vertex -14.9705 3.23573 3.15529
    endloop
  endfacet
  facet normal 0.913472 0.350183 0.207224
    outer loop
      vertex -14.9586 3.24104 3.09386
      vertex -14.9705 3.23573 3.15529
      vertex -14.9364 3.18313 3.09386
    endloop
  endfacet
  facet normal 0.7102 0.574823 0.406441
    outer loop
      vertex -15.0837 3.37481 3.21502
      vertex -15.1027 3.35772 3.27239
      vertex -15.0675 3.31423 3.27239
    endloop
  endfacet
  facet normal 0.673552 0.54516 0.499128
    outer loop
      vertex -15.1027 3.35772 3.27239
      vertex -15.126 3.33671 3.32678
      vertex -15.0675 3.31423 3.27239
    endloop
  endfacet
  facet normal 0.533077 0.82036 0.206974
    outer loop
      vertex -15.1517 3.47943 3.09386
      vertex -15.2037 3.51322 3.09386
      vertex -15.1593 3.46887 3.15529
    endloop
  endfacet
  facet normal 0.532625 0.820539 0.207429
    outer loop
      vertex -15.2037 3.51322 3.09386
      vertex -15.2102 3.50191 3.15529
      vertex -15.1593 3.46887 3.15529
    endloop
  endfacet
  facet normal 0.574811 0.710336 0.40622
    outer loop
      vertex -15.1708 3.45317 3.21502
      vertex -15.1858 3.4325 3.27239
      vertex -15.1252 3.41627 3.21502
    endloop
  endfacet
  facet normal 0.574876 0.710227 0.406319
    outer loop
      vertex -15.1252 3.41627 3.21502
      vertex -15.1858 3.4325 3.27239
      vertex -15.1423 3.39729 3.27239
    endloop
  endfacet
  facet normal 0.70284 0.703632 0.104486
    outer loop
      vertex -15.1035 3.4404 3.09386
      vertex -15.0547 3.40093 3.0314
      vertex -15.0991 3.44528 3.0314
    endloop
  endfacet
  facet normal 0.70298 0.70346 0.104704
    outer loop
      vertex -15.0547 3.40093 3.0314
      vertex -15.1035 3.4404 3.09386
      vertex -15.0596 3.39653 3.09386
    endloop
  endfacet
  facet normal 0.192198 0.71827 0.668691
    outer loop
      vertex -15.3559 3.44347 3.37759
      vertex -15.4031 3.4561 3.37759
      vertex -15.3689 3.4035 3.42426
    endloop
  endfacet
  facet normal 0.192386 0.718308 0.668597
    outer loop
      vertex -15.4031 3.4561 3.37759
      vertex -15.4118 3.41499 3.42426
      vertex -15.3689 3.4035 3.42426
    endloop
  endfacet
  facet normal 0.129279 0.483519 0.865735
    outer loop
      vertex -15.4321 3.31964 3.5032
      vertex -15.4434 3.26644 3.5346
      vertex -15.399 3.31079 3.5032
    endloop
  endfacet
  facet normal 0.151924 0.568211 0.808737
    outer loop
      vertex -15.4215 3.36934 3.46629
      vertex -15.4321 3.31964 3.5032
      vertex -15.399 3.31079 3.5032
    endloop
  endfacet
  facet normal 0.36957 0.457691 0.808664
    outer loop
      vertex -15.2781 3.30548 3.46629
      vertex -15.2813 3.24285 3.5032
      vertex -15.2473 3.28061 3.46629
    endloop
  endfacet
  facet normal 0.420848 0.521195 0.742457
    outer loop
      vertex -15.2161 3.31529 3.42426
      vertex -15.2781 3.30548 3.46629
      vertex -15.2473 3.28061 3.46629
    endloop
  endfacet
  facet normal 0.224219 0.836713 0.499638
    outer loop
      vertex -15.3888 3.52292 3.27239
      vertex -15.3954 3.49221 3.32678
      vertex -15.3445 3.47857 3.32678
    endloop
  endfacet
  facet normal 0.135581 0.855609 0.499551
    outer loop
      vertex -15.3888 3.52292 3.27239
      vertex -15.4474 3.50045 3.32678
      vertex -15.3954 3.49221 3.32678
    endloop
  endfacet
  facet normal -0.116274 0.734451 0.668628
    outer loop
      vertex -15.5443 3.42194 3.42426
      vertex -15.5969 3.4561 3.37759
      vertex -15.5882 3.41499 3.42426
    endloop
  endfacet
  facet normal -0.0388898 0.742594 0.668612
    outer loop
      vertex -15.5 3.42426 3.42426
      vertex -15.5487 3.46373 3.37759
      vertex -15.5443 3.42194 3.42426
    endloop
  endfacet
  facet normal 0.451467 0.886131 0.104639
    outer loop
      vertex -15.2563 3.54738 3.0314
      vertex -15.259 3.54138 3.09386
      vertex -15.2004 3.5189 3.0314
    endloop
  endfacet
  facet normal 0.155598 0.982301 0.104283
    outer loop
      vertex -15.4374 3.59589 3.0314
      vertex -15.4381 3.58937 3.09386
      vertex -15.3768 3.57966 3.09386
    endloop
  endfacet
  facet normal 0.155427 0.98231 0.104451
    outer loop
      vertex -15.3754 3.58608 3.0314
      vertex -15.4374 3.59589 3.0314
      vertex -15.3768 3.57966 3.09386
    endloop
  endfacet
  facet normal 0.258704 0.965957 -0
    outer loop
      vertex -15.3148 3.56985 3
      vertex -15.3754 3.58608 3.0314
      vertex -15.3148 3.56985 3.0314
    endloop
  endfacet
  facet normal 0.258704 0.965957 0
    outer loop
      vertex -15.3754 3.58608 3.0314
      vertex -15.3148 3.56985 3
      vertex -15.3754 3.58608 3
    endloop
  endfacet
  facet normal 0.358562 0.933506 -0
    outer loop
      vertex -15.2563 3.54738 3
      vertex -15.3148 3.56985 3.0314
      vertex -15.2563 3.54738 3.0314
    endloop
  endfacet
  facet normal 0.358562 0.933506 0
    outer loop
      vertex -15.3148 3.56985 3.0314
      vertex -15.2563 3.54738 3
      vertex -15.3148 3.56985 3
    endloop
  endfacet
  facet normal -0.0521974 0.993179 0.10426
    outer loop
      vertex -15.5 3.59918 3.0314
      vertex -15.5626 3.59589 3.0314
      vertex -15.5619 3.58937 3.09386
    endloop
  endfacet
  facet normal -0.414479 0.814272 0.406409
    outer loop
      vertex -15.7278 3.51172 3.21502
      vertex -15.7673 3.46298 3.27239
      vertex -15.7174 3.48838 3.27239
    endloop
  endfacet
  facet normal -0.443903 0.871727 0.207465
    outer loop
      vertex -15.741 3.54138 3.09386
      vertex -15.7963 3.51322 3.09386
      vertex -15.7898 3.50191 3.15529
    endloop
  endfacet
  facet normal -0.341046 0.887922 0.308678
    outer loop
      vertex -15.6791 3.55119 3.15529
      vertex -15.7278 3.51172 3.21502
      vertex -15.6731 3.53273 3.21502
    endloop
  endfacet
  facet normal -0.34105 0.887922 0.308675
    outer loop
      vertex -15.6791 3.55119 3.15529
      vertex -15.7357 3.52945 3.15529
      vertex -15.7278 3.51172 3.21502
    endloop
  endfacet
  facet normal -0.533077 0.82036 0.206974
    outer loop
      vertex -15.7963 3.51322 3.09386
      vertex -15.8483 3.47943 3.09386
      vertex -15.8407 3.46887 3.15529
    endloop
  endfacet
  facet normal -0.517886 0.797832 0.30864
    outer loop
      vertex -15.7898 3.50191 3.15529
      vertex -15.8407 3.46887 3.15529
      vertex -15.7801 3.4851 3.21502
    endloop
  endfacet
  facet normal -0.290032 0.75574 0.587145
    outer loop
      vertex -15.6555 3.47857 3.32678
      vertex -15.6897 3.42597 3.37759
      vertex -15.6441 3.44347 3.37759
    endloop
  endfacet
  facet normal -0.367628 0.721112 0.587237
    outer loop
      vertex -15.7047 3.4597 3.32678
      vertex -15.7516 3.43579 3.32678
      vertex -15.6897 3.42597 3.37759
    endloop
  endfacet
  facet normal -0.497935 0.766179 0.406239
    outer loop
      vertex -15.7673 3.46298 3.27239
      vertex -15.8292 3.45317 3.21502
      vertex -15.8142 3.4325 3.27239
    endloop
  endfacet
  facet normal -0.393112 0.772294 0.499024
    outer loop
      vertex -15.7174 3.48838 3.27239
      vertex -15.7673 3.46298 3.27239
      vertex -15.7047 3.4597 3.32678
    endloop
  endfacet
  facet normal -0.246412 0.91877 0.308453
    outer loop
      vertex -15.6205 3.56689 3.15529
      vertex -15.6731 3.53273 3.21502
      vertex -15.6165 3.54791 3.21502
    endloop
  endfacet
  facet normal -0.236702 0.882565 0.406265
    outer loop
      vertex -15.6165 3.54791 3.21502
      vertex -15.6731 3.53273 3.21502
      vertex -15.6652 3.50844 3.27239
    endloop
  endfacet
  facet normal -0.0452314 0.865153 0.499463
    outer loop
      vertex -15.5 3.5346 3.27239
      vertex -15.5526 3.50045 3.32678
      vertex -15.5 3.5032 3.32678
    endloop
  endfacet
  facet normal 0.0452314 0.865153 0.499463
    outer loop
      vertex -15.5 3.5346 3.27239
      vertex -15.5 3.5032 3.32678
      vertex -15.4474 3.50045 3.32678
    endloop
  endfacet
  facet normal 0.142932 0.902482 0.40632
    outer loop
      vertex -15.3835 3.54791 3.21502
      vertex -15.4414 3.55708 3.21502
      vertex -15.3888 3.52292 3.27239
    endloop
  endfacet
  facet normal 0.0497639 0.949891 0.308596
    outer loop
      vertex -15.4394 3.57638 3.15529
      vertex -15.5 3.56015 3.21502
      vertex -15.4414 3.55708 3.21502
    endloop
  endfacet
  facet normal -0.239876 0.625304 0.7426
    outer loop
      vertex -15.6311 3.4035 3.42426
      vertex -15.6726 3.38758 3.42426
      vertex -15.6167 3.35911 3.46629
    endloop
  endfacet
  facet normal -0.404603 0.62387 0.668642
    outer loop
      vertex -15.7331 3.40382 3.37759
      vertex -15.7741 3.37723 3.37759
      vertex -15.7121 3.36742 3.42426
    endloop
  endfacet
  facet normal -0.416751 0.415201 0.808657
    outer loop
      vertex -15.7527 3.28061 3.46629
      vertex -15.7428 3.21866 3.5032
      vertex -15.7187 3.24285 3.5032
    endloop
  endfacet
  facet normal -0.416158 0.415413 0.808854
    outer loop
      vertex -15.7428 3.21866 3.5032
      vertex -15.7527 3.28061 3.46629
      vertex -15.7806 3.25266 3.46629
    endloop
  endfacet
  facet normal -0.420848 0.521195 0.742457
    outer loop
      vertex -15.7219 3.30548 3.46629
      vertex -15.7839 3.31529 3.42426
      vertex -15.7527 3.28061 3.46629
    endloop
  endfacet
  facet normal -0.227215 0.446002 0.865711
    outer loop
      vertex -15.6329 3.29853 3.5032
      vertex -15.6362 3.2359 3.5346
      vertex -15.6108 3.24884 3.5346
    endloop
  endfacet
  facet normal -0.524365 0.266655 0.808663
    outer loop
      vertex -15.783 3.16339 3.5032
      vertex -15.827 3.1888 3.46629
      vertex -15.7985 3.13291 3.5032
    endloop
  endfacet
  facet normal -0.209494 0.781761 0.587335
    outer loop
      vertex -15.6046 3.49221 3.32678
      vertex -15.6555 3.47857 3.32678
      vertex -15.5969 3.4561 3.37759
    endloop
  endfacet
  facet normal -0.192386 0.718308 0.668597
    outer loop
      vertex -15.5969 3.4561 3.37759
      vertex -15.6311 3.4035 3.42426
      vertex -15.5882 3.41499 3.42426
    endloop
  endfacet
  facet normal 0.0390315 0.742514 0.668692
    outer loop
      vertex -15.5 3.46629 3.37759
      vertex -15.5 3.42426 3.42426
      vertex -15.4513 3.46373 3.37759
    endloop
  endfacet
  facet normal 0.0424853 0.808216 0.587352
    outer loop
      vertex -15.4474 3.50045 3.32678
      vertex -15.5 3.46629 3.37759
      vertex -15.4513 3.46373 3.37759
    endloop
  endfacet
  facet normal -0.661211 -0.104021 0.742954
    outer loop
      vertex -15.8693 -3.07851 3.46629
      vertex -15.9219 -3.04435 3.42426
      vertex -15.915 -3.08821 3.42426
    endloop
  endfacet
  facet normal -0.661537 -0.10506 0.742517
    outer loop
      vertex -15.8755 -3.03947 3.46629
      vertex -15.9219 -3.04435 3.42426
      vertex -15.8693 -3.07851 3.46629
    endloop
  endfacet
  facet normal -0.549178 -0.211337 0.808542
    outer loop
      vertex -15.8108 -3.10098 3.5032
      vertex -15.8591 -3.11668 3.46629
      vertex -15.8449 -3.15358 3.46629
    endloop
  endfacet
  facet normal -0.62457 -0.24035 0.743064
    outer loop
      vertex -15.8591 -3.11668 3.46629
      vertex -15.8876 -3.17256 3.42426
      vertex -15.8449 -3.15358 3.46629
    endloop
  endfacet
  facet normal -0.561938 -0.364565 0.742508
    outer loop
      vertex -15.827 -3.1888 3.46629
      vertex -15.8674 -3.21213 3.42426
      vertex -15.8055 -3.22194 3.46629
    endloop
  endfacet
  facet normal -0.561884 -0.365036 0.742318
    outer loop
      vertex -15.8055 -3.22194 3.46629
      vertex -15.8674 -3.21213 3.42426
      vertex -15.8432 -3.24938 3.42426
    endloop
  endfacet
  facet normal -0.616023 -0.759944 0.207365
    outer loop
      vertex -15.8878 -3.43069 3.15529
      vertex -15.8965 -3.4404 3.09386
      vertex -15.8407 -3.46887 3.15529
    endloop
  endfacet
  facet normal -0.928345 -0.356751 0.104428
    outer loop
      vertex -16.0414 -3.24104 3.09386
      vertex -16.0699 -3.18516 3.0314
      vertex -16.0474 -3.24371 3.0314
    endloop
  endfacet
  facet normal -0.626102 -0.77271 0.104478
    outer loop
      vertex -15.8965 -3.4404 3.09386
      vertex -15.9009 -3.44528 3.0314
      vertex -15.8522 -3.48474 3.0314
    endloop
  endfacet
  facet normal -0.773158 -0.625584 0.104267
    outer loop
      vertex -15.9794 -3.34833 3.09386
      vertex -15.9847 -3.35219 3.0314
      vertex -15.9404 -3.39653 3.09386
    endloop
  endfacet
  facet normal -0.773408 -0.6252 0.104716
    outer loop
      vertex -15.9404 -3.39653 3.09386
      vertex -15.9847 -3.35219 3.0314
      vertex -15.9453 -3.40093 3.0314
    endloop
  endfacet
  facet normal -0.966096 -0.153169 0.207839
    outer loop
      vertex -16.0764 -3.06058 3.15529
      vertex -16.0894 -3.06194 3.09386
      vertex -16.0669 -3.1205 3.15529
    endloop
  endfacet
  facet normal -0.939452 -0.148945 0.308618
    outer loop
      vertex -16.0571 -3.05855 3.21502
      vertex -16.0764 -3.06058 3.15529
      vertex -16.0669 -3.1205 3.15529
    endloop
  endfacet
  facet normal -0.864684 -0.0448744 0.500309
    outer loop
      vertex -16.0004 -3.0526 3.32678
      vertex -16.0346 -3 3.27239
      vertex -16.0317 -3.05588 3.27239
    endloop
  endfacet
  facet normal -0.882476 -0.236865 0.406363
    outer loop
      vertex -16.0084 -3.1652 3.27239
      vertex -16.0479 -3.11646 3.21502
      vertex -16.0327 -3.17309 3.21502
    endloop
  endfacet
  facet normal -0.882465 -0.236739 0.406462
    outer loop
      vertex -16.0229 -3.11115 3.27239
      vertex -16.0479 -3.11646 3.21502
      vertex -16.0084 -3.1652 3.27239
    endloop
  endfacet
  facet normal -0.79961 -0.126044 0.587142
    outer loop
      vertex -15.9561 -3.09695 3.37759
      vertex -16.0004 -3.0526 3.32678
      vertex -15.9922 -3.10462 3.32678
    endloop
  endfacet
  facet normal -0.734608 -0.115568 0.668577
    outer loop
      vertex -15.9219 -3.04435 3.42426
      vertex -15.9561 -3.09695 3.37759
      vertex -15.915 -3.08821 3.42426
    endloop
  endfacet
  facet normal -0.734456 -0.115782 0.668707
    outer loop
      vertex -15.9219 -3.04435 3.42426
      vertex -15.9637 -3.04874 3.37759
      vertex -15.9561 -3.09695 3.37759
    endloop
  endfacet
  facet normal -0.135639 -0.855689 0.499397
    outer loop
      vertex -15.5526 -3.50045 3.32678
      vertex -15.6111 -3.52292 3.27239
      vertex -15.5559 -3.53167 3.27239
    endloop
  endfacet
  facet normal -0.143046 -0.902417 0.406426
    outer loop
      vertex -15.5559 -3.53167 3.27239
      vertex -15.6111 -3.52292 3.27239
      vertex -15.5586 -3.55708 3.21502
    endloop
  endfacet
  facet normal -0.341046 -0.887922 0.308678
    outer loop
      vertex -15.6731 -3.53273 3.21502
      vertex -15.7278 -3.51172 3.21502
      vertex -15.6791 -3.55119 3.15529
    endloop
  endfacet
  facet normal -0.246412 -0.91877 0.308453
    outer loop
      vertex -15.6165 -3.54791 3.21502
      vertex -15.6731 -3.53273 3.21502
      vertex -15.6205 -3.56689 3.15529
    endloop
  endfacet
  facet normal -0.209244 -0.781973 0.587141
    outer loop
      vertex -15.6441 -3.44347 3.37759
      vertex -15.6555 -3.47857 3.32678
      vertex -15.5969 -3.4561 3.37759
    endloop
  endfacet
  facet normal -0.290032 -0.75574 0.587145
    outer loop
      vertex -15.6441 -3.44347 3.37759
      vertex -15.6897 -3.42597 3.37759
      vertex -15.6555 -3.47857 3.32678
    endloop
  endfacet
  facet normal -0.304489 -0.596593 0.742538
    outer loop
      vertex -15.6888 -3.327 3.46629
      vertex -15.7121 -3.36742 3.42426
      vertex -15.6726 -3.38758 3.42426
    endloop
  endfacet
  facet normal -0.365122 -0.561595 0.742494
    outer loop
      vertex -15.6888 -3.327 3.46629
      vertex -15.7219 -3.30548 3.46629
      vertex -15.7121 -3.36742 3.42426
    endloop
  endfacet
  facet normal -0.101661 -0.0256556 0.994488
    outer loop
      vertex -15.5307 -3.00653 3.59918
      vertex -15.5893 -3.029 3.59261
      vertex -15.5299 -3.0097 3.59918
    endloop
  endfacet
  facet normal -0.0932237 -0.0477255 0.994501
    outer loop
      vertex -15.5287 -3.01277 3.59918
      vertex -15.5813 -3.04693 3.59261
      vertex -15.5272 -3.0157 3.59918
    endloop
  endfacet
  facet normal 0.755675 -0.290467 0.587013
    outer loop
      vertex -15.0214 -3.1555 3.32678
      vertex -15.074 -3.18966 3.37759
      vertex -15.0403 -3.20467 3.32678
    endloop
  endfacet
  facet normal 0.693924 -0.266484 0.668922
    outer loop
      vertex -15.0565 -3.14409 3.37759
      vertex -15.0965 -3.1311 3.42426
      vertex -15.074 -3.18966 3.37759
    endloop
  endfacet
  facet normal 0.509579 -0.628885 0.587225
    outer loop
      vertex -15.188 -3.34652 3.37759
      vertex -15.2259 -3.37723 3.37759
      vertex -15.1633 -3.37395 3.32678
    endloop
  endfacet
  facet normal 0.612227 -0.613214 0.499146
    outer loop
      vertex -15.1633 -3.37395 3.32678
      vertex -15.1027 -3.35772 3.27239
      vertex -15.126 -3.33671 3.32678
    endloop
  endfacet
  facet normal 0.612376 -0.61284 0.499422
    outer loop
      vertex -15.1027 -3.35772 3.27239
      vertex -15.1633 -3.37395 3.32678
      vertex -15.1423 -3.39729 3.27239
    endloop
  endfacet
  facet normal 0.645829 -0.646319 0.40642
    outer loop
      vertex -15.1423 -3.39729 3.27239
      vertex -15.0837 -3.37481 3.21502
      vertex -15.1027 -3.35772 3.27239
    endloop
  endfacet
  facet normal 0.645787 -0.64641 0.406342
    outer loop
      vertex -15.0837 -3.37481 3.21502
      vertex -15.1423 -3.39729 3.27239
      vertex -15.1252 -3.41627 3.21502
    endloop
  endfacet
  facet normal 0.494195 -0.079001 0.865754
    outer loop
      vertex -15.175 -3.03416 3.5032
      vertex -15.2336 -3.05663 3.5346
      vertex -15.1804 -3.06794 3.5032
    endloop
  endfacet
  facet normal 0.483608 -0.128806 0.865756
    outer loop
      vertex -15.1804 -3.06794 3.5032
      vertex -15.2336 -3.05663 3.5346
      vertex -15.1892 -3.10098 3.5032
    endloop
  endfacet
  facet normal 0.446187 -0.226518 0.865798
    outer loop
      vertex -15.2512 -3.11079 3.5346
      vertex -15.2641 -3.1362 3.5346
      vertex -15.2015 -3.13291 3.5032
    endloop
  endfacet
  facet normal 0.466946 -0.179876 0.865798
    outer loop
      vertex -15.1892 -3.10098 3.5032
      vertex -15.2512 -3.11079 3.5346
      vertex -15.2015 -3.13291 3.5032
    endloop
  endfacet
  facet normal 0.0326535 -0.205675 0.978075
    outer loop
      vertex -15.4805 -3.09181 3.59261
      vertex -15.4902 -3.09335 3.59261
      vertex -15.4838 -3.15444 3.57955
    endloop
  endfacet
  facet normal 0.110607 -0.288871 0.950957
    outer loop
      vertex -15.4368 -3.14187 3.57955
      vertex -15.452 -3.14769 3.57955
      vertex -15.4125 -3.19643 3.56015
    endloop
  endfacet
  facet normal -0.0213313 -0.40674 0.913295
    outer loop
      vertex -15.5 -3.21502 3.56015
      vertex -15.5225 -3.21384 3.56015
      vertex -15.5 -3.27239 3.5346
    endloop
  endfacet
  facet normal 0.0213313 -0.40674 0.913295
    outer loop
      vertex -15.5 -3.21502 3.56015
      vertex -15.5 -3.27239 3.5346
      vertex -15.4775 -3.21384 3.56015
    endloop
  endfacet
  facet normal 0.110511 -0.288945 0.950946
    outer loop
      vertex -15.4125 -3.19643 3.56015
      vertex -15.452 -3.14769 3.57955
      vertex -15.4336 -3.2045 3.56015
    endloop
  endfacet
  facet normal 0.145441 -0.380273 0.913367
    outer loop
      vertex -15.4125 -3.19643 3.56015
      vertex -15.4336 -3.2045 3.56015
      vertex -15.4158 -3.25906 3.5346
    endloop
  endfacet
  facet normal 0.227215 -0.446002 0.865711
    outer loop
      vertex -15.3638 -3.2359 3.5346
      vertex -15.3892 -3.24884 3.5346
      vertex -15.3671 -3.29853 3.5032
    endloop
  endfacet
  facet normal 0.179559 -0.467206 0.865724
    outer loop
      vertex -15.3892 -3.24884 3.5346
      vertex -15.399 -3.31079 3.5032
      vertex -15.3671 -3.29853 3.5032
    endloop
  endfacet
  facet normal 0.316217 -0.256855 0.913254
    outer loop
      vertex -15.2796 -3.16011 3.5346
      vertex -15.326 -3.12639 3.56015
      vertex -15.2976 -3.18227 3.5346
    endloop
  endfacet
  facet normal 0.388512 -0.315578 0.865719
    outer loop
      vertex -15.2796 -3.16011 3.5346
      vertex -15.2976 -3.18227 3.5346
      vertex -15.2356 -3.19208 3.5032
    endloop
  endfacet
  facet normal 0.354615 -0.353296 0.865697
    outer loop
      vertex -15.2976 -3.18227 3.5346
      vertex -15.2813 -3.24285 3.5032
      vertex -15.2572 -3.21866 3.5032
    endloop
  endfacet
  facet normal 0.354426 -0.353371 0.865743
    outer loop
      vertex -15.2813 -3.24285 3.5032
      vertex -15.2976 -3.18227 3.5346
      vertex -15.3177 -3.20243 3.5346
    endloop
  endfacet
  facet normal 0.201271 -0.0530218 0.9781
    outer loop
      vertex -15.4082 -3.01951 3.59261
      vertex -15.4107 -3.029 3.59261
      vertex -15.3481 -3.03229 3.57955
    endloop
  endfacet
  facet normal 0.201221 -0.0538298 0.978066
    outer loop
      vertex -15.3481 -3.03229 3.57955
      vertex -15.4107 -3.029 3.59261
      vertex -15.3523 -3.04799 3.57955
    endloop
  endfacet
  facet normal 0.406655 0 0.913582
    outer loop
      vertex -15.285 3 3.56015
      vertex -15.2276 -3 3.5346
      vertex -15.2276 3 3.5346
    endloop
  endfacet
  facet normal 0.406655 0 0.913582
    outer loop
      vertex -15.2276 -3 3.5346
      vertex -15.285 3 3.56015
      vertex -15.285 -3 3.56015
    endloop
  endfacet
  facet normal 0.30905 0 0.951046
    outer loop
      vertex -15.3447 3 3.57955
      vertex -15.285 -3 3.56015
      vertex -15.285 3 3.56015
    endloop
  endfacet
  facet normal 0.30905 0 0.951046
    outer loop
      vertex -15.285 -3 3.56015
      vertex -15.3447 3 3.57955
      vertex -15.3447 -3 3.57955
    endloop
  endfacet
  facet normal 0.218734 -0.218597 0.950984
    outer loop
      vertex -15.3846 -3.10391 3.57955
      vertex -15.3561 -3.15979 3.56015
      vertex -15.3402 -3.14388 3.56015
    endloop
  endfacet
  facet normal 0.218522 -0.218712 0.951006
    outer loop
      vertex -15.3561 -3.15979 3.56015
      vertex -15.3846 -3.10391 3.57955
      vertex -15.3961 -3.1154 3.57955
    endloop
  endfacet
  facet normal 0.341978 -0.220981 0.913356
    outer loop
      vertex -15.3138 -3.10751 3.56015
      vertex -15.326 -3.12639 3.56015
      vertex -15.2641 -3.1362 3.5346
    endloop
  endfacet
  facet normal 0.362945 -0.18464 0.913334
    outer loop
      vertex -15.3036 -3.08746 3.56015
      vertex -15.3138 -3.10751 3.56015
      vertex -15.2641 -3.1362 3.5346
    endloop
  endfacet
  facet normal 0.890828 -0.454341 0
    outer loop
      vertex -14.9811 -3.29959 3.0314
      vertex -14.9526 -3.24371 3
      vertex -14.9526 -3.24371 3.0314
    endloop
  endfacet
  facet normal 0.890828 -0.454341 0
    outer loop
      vertex -14.9526 -3.24371 3
      vertex -14.9811 -3.29959 3.0314
      vertex -14.9811 -3.29959 3
    endloop
  endfacet
  facet normal 0.773408 -0.6252 0.104716
    outer loop
      vertex -15.0153 -3.35219 3.0314
      vertex -15.0596 -3.39653 3.09386
      vertex -15.0547 -3.40093 3.0314
    endloop
  endfacet
  facet normal 0.871271 -0.444904 0.207237
    outer loop
      vertex -14.9705 -3.23573 3.15529
      vertex -14.9981 -3.28978 3.15529
      vertex -14.9586 -3.24104 3.09386
    endloop
  endfacet
  facet normal 0.913472 -0.350183 0.207224
    outer loop
      vertex -14.9364 -3.18313 3.09386
      vertex -14.9705 -3.23573 3.15529
      vertex -14.9586 -3.24104 3.09386
    endloop
  endfacet
  facet normal 0.777683 -0.628656 0
    outer loop
      vertex -15.0547 -3.40093 3.0314
      vertex -15.0153 -3.35219 3
      vertex -15.0153 -3.35219 3.0314
    endloop
  endfacet
  facet normal 0.777683 -0.628656 0
    outer loop
      vertex -15.0153 -3.35219 3
      vertex -15.0547 -3.40093 3.0314
      vertex -15.0547 -3.40093 3
    endloop
  endfacet
  facet normal 0.777683 0.628656 0
    outer loop
      vertex -15.0153 3.35219 3.0314
      vertex -15.0547 3.40093 3
      vertex -15.0547 3.40093 3.0314
    endloop
  endfacet
  facet normal 0.777683 0.628656 0
    outer loop
      vertex -15.0547 3.40093 3
      vertex -15.0153 3.35219 3.0314
      vertex -15.0153 3.35219 3
    endloop
  endfacet
  facet normal -0.960807 0.256934 0.104085
    outer loop
      vertex -16.0699 3.18516 3.0314
      vertex -16.0861 3.12458 3.0314
      vertex -16.0797 3.12321 3.09386
    endloop
  endfacet
  facet normal -0.928556 0.355965 0.105228
    outer loop
      vertex -16.0414 3.24104 3.09386
      vertex -16.0699 3.18516 3.0314
      vertex -16.0636 3.18313 3.09386
    endloop
  endfacet
  facet normal -0.777683 0.628656 0
    outer loop
      vertex -15.9847 3.35219 3
      vertex -15.9453 3.40093 3.0314
      vertex -15.9453 3.40093 3
    endloop
  endfacet
  facet normal -0.777683 0.628656 0
    outer loop
      vertex -15.9453 3.40093 3.0314
      vertex -15.9847 3.35219 3
      vertex -15.9847 3.35219 3.0314
    endloop
  endfacet
  facet normal -0.838371 0.5451 0
    outer loop
      vertex -16.0189 3.29959 3
      vertex -15.9847 3.35219 3.0314
      vertex -15.9847 3.35219 3
    endloop
  endfacet
  facet normal -0.838371 0.5451 0
    outer loop
      vertex -15.9847 3.35219 3.0314
      vertex -16.0189 3.29959 3
      vertex -16.0189 3.29959 3.0314
    endloop
  endfacet
  facet normal 0.258685 -0.168914 0.951078
    outer loop
      vertex -15.3655 -3.07765 3.57955
      vertex -15.3744 -3.09128 3.57955
      vertex -15.326 -3.12639 3.56015
    endloop
  endfacet
  facet normal 0.259852 -0.167913 0.950938
    outer loop
      vertex -15.3138 -3.10751 3.56015
      vertex -15.3655 -3.07765 3.57955
      vertex -15.326 -3.12639 3.56015
    endloop
  endfacet
  facet normal -0.016426 -0.103462 0.994498
    outer loop
      vertex -15.5033 -3.03123 3.59918
      vertex -15.5195 -3.09181 3.59261
      vertex -15.5098 -3.09335 3.59261
    endloop
  endfacet
  facet normal -0.0108225 -0.207962 0.978077
    outer loop
      vertex -15.5098 -3.09335 3.59261
      vertex -15.5162 -3.15444 3.57955
      vertex -15.5 -3.09386 3.59261
    endloop
  endfacet
  facet normal -0.0374359 -0.0978439 0.994497
    outer loop
      vertex -15.5128 -3.02869 3.59918
      vertex -15.5382 -3.08575 3.59261
      vertex -15.529 -3.08927 3.59261
    endloop
  endfacet
  facet normal -0.162582 -0.129981 0.978096
    outer loop
      vertex -15.5759 -3.05517 3.59261
      vertex -15.6256 -3.09128 3.57955
      vertex -15.5698 -3.0628 3.59261
    endloop
  endfacet
  facet normal -0.0976014 -0.0381504 0.994494
    outer loop
      vertex -15.5299 -3.0097 3.59918
      vertex -15.5893 -3.029 3.59261
      vertex -15.5287 -3.01277 3.59918
    endloop
  endfacet
  facet normal -0.104543 -0.00639406 0.9945
    outer loop
      vertex -15.5312 -3.00328 3.59918
      vertex -15.5939 -3 3.59261
      vertex -15.5933 -3.00981 3.59261
    endloop
  endfacet
  facet normal -0.0481934 -0.305478 0.950979
    outer loop
      vertex -15.5162 -3.15444 3.57955
      vertex -15.5323 -3.1519 3.57955
      vertex -15.5225 -3.21384 3.56015
    endloop
  endfacet
  facet normal -0.0324467 -0.205666 0.978084
    outer loop
      vertex -15.5195 -3.09181 3.59261
      vertex -15.5323 -3.1519 3.57955
      vertex -15.5162 -3.15444 3.57955
    endloop
  endfacet
  facet normal 0.0108225 -0.207962 0.978077
    outer loop
      vertex -15.4902 -3.09335 3.59261
      vertex -15.5 -3.09386 3.59261
      vertex -15.4838 -3.15444 3.57955
    endloop
  endfacet
  facet normal 0.0167966 -0.103364 0.994502
    outer loop
      vertex -15.4935 -3.03071 3.59918
      vertex -15.4967 -3.03123 3.59918
      vertex -15.4805 -3.09181 3.59261
    endloop
  endfacet
  facet normal -0.316303 -0.256804 0.913238
    outer loop
      vertex -15.674 -3.12639 3.56015
      vertex -15.7024 -3.18227 3.5346
      vertex -15.6598 -3.14388 3.56015
    endloop
  endfacet
  facet normal -0.45679 -0.370249 0.808863
    outer loop
      vertex -15.7428 -3.21866 3.5032
      vertex -15.8055 -3.22194 3.46629
      vertex -15.7806 -3.25266 3.46629
    endloop
  endfacet
  facet normal -0.0801348 -0.298785 0.95095
    outer loop
      vertex -15.548 -3.14769 3.57955
      vertex -15.5664 -3.2045 3.56015
      vertex -15.5447 -3.21032 3.56015
    endloop
  endfacet
  facet normal -0.227215 -0.446002 0.865711
    outer loop
      vertex -15.6108 -3.24884 3.5346
      vertex -15.6362 -3.2359 3.5346
      vertex -15.6329 -3.29853 3.5032
    endloop
  endfacet
  facet normal -0.456596 -0.371049 0.808605
    outer loop
      vertex -15.7644 -3.19208 3.5032
      vertex -15.8055 -3.22194 3.46629
      vertex -15.7428 -3.21866 3.5032
    endloop
  endfacet
  facet normal -0.341978 -0.220981 0.913356
    outer loop
      vertex -15.6862 -3.10751 3.56015
      vertex -15.7359 -3.1362 3.5346
      vertex -15.674 -3.12639 3.56015
    endloop
  endfacet
  facet normal -0.0817657 -0.0653697 0.994505
    outer loop
      vertex -15.5233 -3.02101 3.59918
      vertex -15.5759 -3.05517 3.59261
      vertex -15.5698 -3.0628 3.59261
    endloop
  endfacet
  facet normal -0.194875 -0.240021 0.951007
    outer loop
      vertex -15.6039 -3.1154 3.57955
      vertex -15.6439 -3.15979 3.56015
      vertex -15.5913 -3.12563 3.57955
    endloop
  endfacet
  facet normal -0.308787 -0.0171231 0.950977
    outer loop
      vertex -15.6553 -3 3.57955
      vertex -15.7138 -3.02248 3.56015
      vertex -15.6544 -3.01623 3.57955
    endloop
  endfacet
  facet normal -0.305583 -0.047569 0.950976
    outer loop
      vertex -15.6544 -3.01623 3.57955
      vertex -15.7138 -3.02248 3.56015
      vertex -15.6519 -3.03229 3.57955
    endloop
  endfacet
  facet normal -0.363213 -0.184394 0.913277
    outer loop
      vertex -15.6964 -3.08746 3.56015
      vertex -15.7488 -3.11079 3.5346
      vertex -15.7359 -3.1362 3.5346
    endloop
  endfacet
  facet normal -0.362945 -0.18464 0.913334
    outer loop
      vertex -15.6964 -3.08746 3.56015
      vertex -15.7359 -3.1362 3.5346
      vertex -15.6862 -3.10751 3.56015
    endloop
  endfacet
  facet normal -0.305658 -0.0481459 0.950923
    outer loop
      vertex -15.6519 -3.03229 3.57955
      vertex -15.7138 -3.02248 3.56015
      vertex -15.7103 -3.0447 3.56015
    endloop
  endfacet
  facet normal -0.402445 -0.0633915 0.913247
    outer loop
      vertex -15.7138 -3.02248 3.56015
      vertex -15.7664 -3.05663 3.5346
      vertex -15.7103 -3.0447 3.56015
    endloop
  endfacet
  facet normal -0.0307466 -0.587449 0.808677
    outer loop
      vertex -15.5 -3.32678 3.5032
      vertex -15.5342 -3.32499 3.5032
      vertex -15.5 -3.37759 3.46629
    endloop
  endfacet
  facet normal -0.0307861 -0.587465 0.808664
    outer loop
      vertex -15.5342 -3.32499 3.5032
      vertex -15.5395 -3.37552 3.46629
      vertex -15.5 -3.37759 3.46629
    endloop
  endfacet
  facet normal 0.0481163 -0.0930248 0.9945
    outer loop
      vertex -15.4843 -3.02719 3.59918
      vertex -15.4872 -3.02869 3.59918
      vertex -15.4531 -3.08129 3.59261
    endloop
  endfacet
  facet normal 0.0564112 -0.088241 0.994501
    outer loop
      vertex -15.4815 -3.0254 3.59918
      vertex -15.4843 -3.02719 3.59918
      vertex -15.4531 -3.08129 3.59261
    endloop
  endfacet
  facet normal 0.0660828 -0.0812669 0.994499
    outer loop
      vertex -15.4372 -3.06975 3.59261
      vertex -15.479 -3.02334 3.59918
      vertex -15.4448 -3.07593 3.59261
    endloop
  endfacet
  facet normal 0.066656 -0.0808932 0.994491
    outer loop
      vertex -15.479 -3.02334 3.59918
      vertex -15.4815 -3.0254 3.59918
      vertex -15.4448 -3.07593 3.59261
    endloop
  endfacet
  facet normal -0.192386 -0.718308 0.668597
    outer loop
      vertex -15.5882 -3.41499 3.42426
      vertex -15.6311 -3.4035 3.42426
      vertex -15.5969 -3.4561 3.37759
    endloop
  endfacet
  facet normal -0.173264 -0.646913 0.742619
    outer loop
      vertex -15.5785 -3.36934 3.46629
      vertex -15.6311 -3.4035 3.42426
      vertex -15.5882 -3.41499 3.42426
    endloop
  endfacet
  facet normal -0.21076 -0.549227 0.808659
    outer loop
      vertex -15.601 -3.31079 3.5032
      vertex -15.6536 -3.34495 3.46629
      vertex -15.6167 -3.35911 3.46629
    endloop
  endfacet
  facet normal -0.15218 -0.568258 0.808655
    outer loop
      vertex -15.601 -3.31079 3.5032
      vertex -15.6167 -3.35911 3.46629
      vertex -15.5785 -3.36934 3.46629
    endloop
  endfacet
  facet normal 0.578232 -0.467478 0.668665
    outer loop
      vertex -15.1568 -3.24938 3.42426
      vertex -15.1847 -3.28389 3.42426
      vertex -15.1228 -3.27408 3.37759
    endloop
  endfacet
  facet normal 0.62354 -0.405092 0.668655
    outer loop
      vertex -15.1326 -3.21213 3.42426
      vertex -15.1568 -3.24938 3.42426
      vertex -15.1228 -3.27408 3.37759
    endloop
  endfacet
  facet normal 0.520171 -0.421623 0.742736
    outer loop
      vertex -15.1945 -3.22194 3.46629
      vertex -15.2194 -3.25266 3.46629
      vertex -15.1847 -3.28389 3.42426
    endloop
  endfacet
  facet normal 0.45679 -0.370249 0.808863
    outer loop
      vertex -15.1945 -3.22194 3.46629
      vertex -15.2572 -3.21866 3.5032
      vertex -15.2194 -3.25266 3.46629
    endloop
  endfacet
  facet normal 0.40452 -0.624011 0.668561
    outer loop
      vertex -15.2506 -3.34324 3.42426
      vertex -15.2879 -3.36742 3.42426
      vertex -15.2259 -3.37723 3.37759
    endloop
  endfacet
  facet normal 0.36957 -0.457691 0.808664
    outer loop
      vertex -15.2473 -3.28061 3.46629
      vertex -15.2813 -3.24285 3.5032
      vertex -15.2781 -3.30548 3.46629
    endloop
  endfacet
  facet normal 0.192386 -0.718308 0.668597
    outer loop
      vertex -15.3689 -3.4035 3.42426
      vertex -15.4118 -3.41499 3.42426
      vertex -15.4031 -3.4561 3.37759
    endloop
  endfacet
  facet normal 0.266322 -0.694243 0.668655
    outer loop
      vertex -15.3274 -3.38758 3.42426
      vertex -15.3689 -3.4035 3.42426
      vertex -15.3103 -3.42597 3.37759
    endloop
  endfacet
  facet normal 0.0388898 -0.742594 0.668612
    outer loop
      vertex -15.4557 -3.42194 3.42426
      vertex -15.5 -3.42426 3.42426
      vertex -15.4513 -3.46373 3.37759
    endloop
  endfacet
  facet normal 0.116264 -0.734458 0.668621
    outer loop
      vertex -15.4031 -3.4561 3.37759
      vertex -15.4557 -3.42194 3.42426
      vertex -15.4513 -3.46373 3.37759
    endloop
  endfacet
  facet normal 0.440315 -0.678936 0.587511
    outer loop
      vertex -15.2259 -3.37723 3.37759
      vertex -15.2669 -3.40382 3.37759
      vertex -15.2484 -3.43579 3.32678
    endloop
  endfacet
  facet normal 0.367872 -0.720796 0.587472
    outer loop
      vertex -15.2669 -3.40382 3.37759
      vertex -15.3103 -3.42597 3.37759
      vertex -15.2484 -3.43579 3.32678
    endloop
  endfacet
  facet normal 0.625841 -0.77288 0.104783
    outer loop
      vertex -15.1035 -3.4404 3.09386
      vertex -15.1517 -3.47943 3.09386
      vertex -15.1478 -3.48474 3.0314
    endloop
  endfacet
  facet normal 0.615691 -0.760346 0.206878
    outer loop
      vertex -15.1035 -3.4404 3.09386
      vertex -15.1593 -3.46887 3.15529
      vertex -15.1517 -3.47943 3.09386
    endloop
  endfacet
  facet normal 0.760568 -0.615397 0.206938
    outer loop
      vertex -15.0311 -3.34065 3.15529
      vertex -15.0596 -3.39653 3.09386
      vertex -15.0206 -3.34833 3.09386
    endloop
  endfacet
  facet normal 0.820668 -0.532378 0.207553
    outer loop
      vertex -14.9981 -3.28978 3.15529
      vertex -15.0311 -3.34065 3.15529
      vertex -14.9868 -3.29631 3.09386
    endloop
  endfacet
  facet normal 0.734608 -0.115568 0.668577
    outer loop
      vertex -15.0781 -3.04435 3.42426
      vertex -15.085 -3.08821 3.42426
      vertex -15.0439 -3.09695 3.37759
    endloop
  endfacet
  facet normal 0.661211 -0.104021 0.742954
    outer loop
      vertex -15.0781 -3.04435 3.42426
      vertex -15.1307 -3.07851 3.46629
      vertex -15.085 -3.08821 3.42426
    endloop
  endfacet
  facet normal 0.549178 -0.211337 0.808542
    outer loop
      vertex -15.1409 -3.11668 3.46629
      vertex -15.1892 -3.10098 3.5032
      vertex -15.1551 -3.15358 3.46629
    endloop
  endfacet
  facet normal 0.62457 -0.24035 0.743064
    outer loop
      vertex -15.1409 -3.11668 3.46629
      vertex -15.1551 -3.15358 3.46629
      vertex -15.1124 -3.17256 3.42426
    endloop
  endfacet
  facet normal 0.808386 -0.0430319 0.587078
    outer loop
      vertex -14.9968 -3 3.32678
      vertex -15.0337 -3 3.37759
      vertex -14.9996 -3.0526 3.32678
    endloop
  endfacet
  facet normal 0.799613 -0.126054 0.587136
    outer loop
      vertex -15.0363 -3.04874 3.37759
      vertex -15.0439 -3.09695 3.37759
      vertex -14.9996 -3.0526 3.32678
    endloop
  endfacet
  facet normal 0.298894 0.0797417 0.950949
    outer loop
      vertex -15.2955 3.06644 3.56015
      vertex -15.3523 3.04799 3.57955
      vertex -15.2897 3.0447 3.56015
    endloop
  endfacet
  facet normal 0.305658 0.0481459 0.950923
    outer loop
      vertex -15.2897 3.0447 3.56015
      vertex -15.3481 3.03229 3.57955
      vertex -15.2862 3.02248 3.56015
    endloop
  endfacet
  facet normal 0.145441 0.380273 0.913367
    outer loop
      vertex -15.4158 3.25906 3.5346
      vertex -15.4336 3.2045 3.56015
      vertex -15.4125 3.19643 3.56015
    endloop
  endfacet
  facet normal 0.110511 0.288945 0.950946
    outer loop
      vertex -15.4336 3.2045 3.56015
      vertex -15.452 3.14769 3.57955
      vertex -15.4125 3.19643 3.56015
    endloop
  endfacet
  facet normal 0.131389 0.161579 0.978074
    outer loop
      vertex -15.4087 3.12563 3.57955
      vertex -15.4448 3.07593 3.59261
      vertex -15.4372 3.06975 3.59261
    endloop
  endfacet
  facet normal 0.147251 0.147379 0.978057
    outer loop
      vertex -15.3961 3.1154 3.57955
      vertex -15.4302 3.0628 3.59261
      vertex -15.3846 3.10391 3.57955
    endloop
  endfacet
  facet normal 0.146693 0.147748 0.978086
    outer loop
      vertex -15.4302 3.0628 3.59261
      vertex -15.3961 3.1154 3.57955
      vertex -15.4372 3.06975 3.59261
    endloop
  endfacet
  facet normal 0.0809321 0.06665 0.994489
    outer loop
      vertex -15.4241 3.05517 3.59261
      vertex -15.4767 3.02101 3.59918
      vertex -15.4746 3.01846 3.59918
    endloop
  endfacet
  facet normal -0.524486 0.266562 0.808615
    outer loop
      vertex -15.827 3.1888 3.46629
      vertex -15.8449 3.15358 3.46629
      vertex -15.7985 3.13291 3.5032
    endloop
  endfacet
  facet normal -0.446187 0.226518 0.865798
    outer loop
      vertex -15.7359 3.1362 3.5346
      vertex -15.7985 3.13291 3.5032
      vertex -15.7488 3.11079 3.5346
    endloop
  endfacet
  facet normal -0.66886 0.0355867 0.742536
    outer loop
      vertex -15.8755 3.03947 3.46629
      vertex -15.9219 3.04435 3.42426
      vertex -15.8776 3 3.46629
    endloop
  endfacet
  facet normal 0.0213313 0.40674 0.913295
    outer loop
      vertex -15.5 3.27239 3.5346
      vertex -15.5 3.21502 3.56015
      vertex -15.4775 3.21384 3.56015
    endloop
  endfacet
  facet normal -0.0213313 0.40674 0.913295
    outer loop
      vertex -15.5 3.27239 3.5346
      vertex -15.5225 3.21384 3.56015
      vertex -15.5 3.21502 3.56015
    endloop
  endfacet
  facet normal 0.0801348 0.298785 0.95095
    outer loop
      vertex -15.4336 3.2045 3.56015
      vertex -15.4553 3.21032 3.56015
      vertex -15.452 3.14769 3.57955
    endloop
  endfacet
  facet normal 0.105516 0.39342 0.913283
    outer loop
      vertex -15.4434 3.26644 3.5346
      vertex -15.4553 3.21032 3.56015
      vertex -15.4336 3.2045 3.56015
    endloop
  endfacet
  facet normal 0.0212636 0.406719 0.913306
    outer loop
      vertex -15.4715 3.2709 3.5346
      vertex -15.5 3.27239 3.5346
      vertex -15.4775 3.21384 3.56015
    endloop
  endfacet
  facet normal 0.0638433 0.402241 0.913305
    outer loop
      vertex -15.4715 3.2709 3.5346
      vertex -15.4775 3.21384 3.56015
      vertex -15.4434 3.26644 3.5346
    endloop
  endfacet
  facet normal -0.129287 0.483513 0.865737
    outer loop
      vertex -15.5566 3.26644 3.5346
      vertex -15.601 3.31079 3.5032
      vertex -15.5842 3.25906 3.5346
    endloop
  endfacet
  facet normal -0.314777 0.389084 0.865753
    outer loop
      vertex -15.6921 3.26437 3.5032
      vertex -15.7187 3.24285 3.5032
      vertex -15.6823 3.20243 3.5346
    endloop
  endfacet
  facet normal -0.0350474 0.668779 0.742635
    outer loop
      vertex -15.5 3.37759 3.46629
      vertex -15.5443 3.42194 3.42426
      vertex -15.5395 3.37552 3.46629
    endloop
  endfacet
  facet normal -0.0307861 0.587465 0.808664
    outer loop
      vertex -15.5 3.37759 3.46629
      vertex -15.5395 3.37552 3.46629
      vertex -15.5342 3.32499 3.5032
    endloop
  endfacet
  facet normal -0.673552 0.54516 0.499128
    outer loop
      vertex -15.8973 3.35772 3.27239
      vertex -15.9325 3.31423 3.27239
      vertex -15.874 3.33671 3.32678
    endloop
  endfacet
  facet normal -0.837158 0.224584 0.498727
    outer loop
      vertex -16.0084 3.1652 3.27239
      vertex -16.0229 3.11115 3.27239
      vertex -15.9786 3.1555 3.32678
    endloop
  endfacet
  facet normal -0.509579 0.628885 0.587225
    outer loop
      vertex -15.7741 3.37723 3.37759
      vertex -15.8367 3.37395 3.32678
      vertex -15.812 3.34652 3.37759
    endloop
  endfacet
  facet normal -0.545668 0.673237 0.498998
    outer loop
      vertex -15.8142 3.4325 3.27239
      vertex -15.8367 3.37395 3.32678
      vertex -15.7958 3.4071 3.32678
    endloop
  endfacet
  facet normal -0.720675 0.367962 0.587565
    outer loop
      vertex -15.9038 3.23314 3.37759
      vertex -15.9358 3.2516 3.32678
      vertex -15.926 3.18966 3.37759
    endloop
  endfacet
  facet normal -0.734456 0.115782 0.668707
    outer loop
      vertex -15.9561 3.09695 3.37759
      vertex -15.9637 3.04874 3.37759
      vertex -15.9219 3.04435 3.42426
    endloop
  endfacet
  facet normal -0.549178 0.211337 0.808542
    outer loop
      vertex -15.8449 3.15358 3.46629
      vertex -15.8591 3.11668 3.46629
      vertex -15.8108 3.10098 3.5032
    endloop
  endfacet
  facet normal -0.809135 0 0.587622
    outer loop
      vertex -16.0032 -3 3.32678
      vertex -15.9663 3 3.37759
      vertex -16.0032 3 3.32678
    endloop
  endfacet
  facet normal -0.809135 0 0.587622
    outer loop
      vertex -15.9663 3 3.37759
      vertex -16.0032 -3 3.32678
      vertex -15.9663 -3 3.37759
    endloop
  endfacet
  facet normal -0.668527 0.0361773 0.742808
    outer loop
      vertex -15.9219 3.04435 3.42426
      vertex -15.9243 3 3.42426
      vertex -15.8776 3 3.46629
    endloop
  endfacet
  facet normal -0.661537 0.10506 0.742517
    outer loop
      vertex -15.8693 3.07851 3.46629
      vertex -15.9219 3.04435 3.42426
      vertex -15.8755 3.03947 3.46629
    endloop
  endfacet
  facet normal -0.456596 0.371049 0.808605
    outer loop
      vertex -15.7428 3.21866 3.5032
      vertex -15.8055 3.22194 3.46629
      vertex -15.7644 3.19208 3.5032
    endloop
  endfacet
  facet normal -0.596609 0.303217 0.743046
    outer loop
      vertex -15.827 3.1888 3.46629
      vertex -15.8876 3.17256 3.42426
      vertex -15.8449 3.15358 3.46629
    endloop
  endfacet
  facet normal -0.902343 0.143353 0.406481
    outer loop
      vertex -16.0479 3.11646 3.21502
      vertex -16.0571 3.05855 3.21502
      vertex -16.0229 3.11115 3.27239
    endloop
  endfacet
  facet normal -0.902409 0.14368 0.406219
    outer loop
      vertex -16.0229 3.11115 3.27239
      vertex -16.0571 3.05855 3.21502
      vertex -16.0317 3.05588 3.27239
    endloop
  endfacet
  facet normal -0.693924 0.266484 0.668922
    outer loop
      vertex -15.926 3.18966 3.37759
      vertex -15.9435 3.14409 3.37759
      vertex -15.9035 3.1311 3.42426
    endloop
  endfacet
  facet normal -0.809447 0.309895 0.498759
    outer loop
      vertex -15.9884 3.21744 3.27239
      vertex -16.0084 3.1652 3.27239
      vertex -15.9786 3.1555 3.32678
    endloop
  endfacet
  facet normal -0.615691 0.760346 0.206878
    outer loop
      vertex -15.8483 3.47943 3.09386
      vertex -15.8965 3.4404 3.09386
      vertex -15.8407 3.46887 3.15529
    endloop
  endfacet
  facet normal -0.691508 0.691981 0.207313
    outer loop
      vertex -15.9404 3.39653 3.09386
      vertex -15.8878 3.43069 3.15529
      vertex -15.8965 3.4404 3.09386
    endloop
  endfacet
  facet normal -0.691632 0.691794 0.207524
    outer loop
      vertex -15.8878 3.43069 3.15529
      vertex -15.9404 3.39653 3.09386
      vertex -15.9307 3.3878 3.15529
    endloop
  endfacet
  facet normal -0.913189 0.350074 0.208647
    outer loop
      vertex -16.0414 3.24104 3.09386
      vertex -16.0636 3.18313 3.09386
      vertex -16.0294 3.23573 3.15529
    endloop
  endfacet
  facet normal -0.918578 0.246146 0.309234
    outer loop
      vertex -16.0512 3.17909 3.15529
      vertex -16.0669 3.1205 3.15529
      vertex -16.0327 3.17309 3.21502
    endloop
  endfacet
  facet normal 0.66886 0.0355867 0.742536
    outer loop
      vertex -15.0781 3.04435 3.42426
      vertex -15.1245 3.03947 3.46629
      vertex -15.1224 3 3.46629
    endloop
  endfacet
  facet normal 0.661537 0.10506 0.742517
    outer loop
      vertex -15.0781 3.04435 3.42426
      vertex -15.1307 3.07851 3.46629
      vertex -15.1245 3.03947 3.46629
    endloop
  endfacet
  facet normal 0.625204 0.239767 0.742719
    outer loop
      vertex -15.1124 3.17256 3.42426
      vertex -15.1409 3.11668 3.46629
      vertex -15.0965 3.1311 3.42426
    endloop
  endfacet
  facet normal 0.646917 0.172873 0.742707
    outer loop
      vertex -15.0965 3.1311 3.42426
      vertex -15.1409 3.11668 3.46629
      vertex -15.1307 3.07851 3.46629
    endloop
  endfacet
  facet normal 0.62457 0.24035 0.743064
    outer loop
      vertex -15.1124 3.17256 3.42426
      vertex -15.1551 3.15358 3.46629
      vertex -15.1409 3.11668 3.46629
    endloop
  endfacet
  facet normal 0.596609 0.303217 0.743046
    outer loop
      vertex -15.1124 3.17256 3.42426
      vertex -15.173 3.1888 3.46629
      vertex -15.1551 3.15358 3.46629
    endloop
  endfacet
  facet normal 0.596595 0.304554 0.74251
    outer loop
      vertex -15.1326 3.21213 3.42426
      vertex -15.173 3.1888 3.46629
      vertex -15.1124 3.17256 3.42426
    endloop
  endfacet
  facet normal 0.662211 0.338051 0.668729
    outer loop
      vertex -15.074 3.18966 3.37759
      vertex -15.1326 3.21213 3.42426
      vertex -15.1124 3.17256 3.42426
    endloop
  endfacet
  facet normal 0.498103 0.765953 0.40646
    outer loop
      vertex -15.2199 3.4851 3.21502
      vertex -15.2327 3.46298 3.27239
      vertex -15.1708 3.45317 3.21502
    endloop
  endfacet
  facet normal 0.414455 0.814275 0.406428
    outer loop
      vertex -15.2199 3.4851 3.21502
      vertex -15.2722 3.51172 3.21502
      vertex -15.2327 3.46298 3.27239
    endloop
  endfacet
  facet normal 0.928345 0.356751 0.104428
    outer loop
      vertex -14.9526 3.24371 3.0314
      vertex -14.9586 3.24104 3.09386
      vertex -14.9301 3.18516 3.0314
    endloop
  endfacet
  facet normal 0.885958 0.451857 0.104422
    outer loop
      vertex -14.9526 3.24371 3.0314
      vertex -14.9811 3.29959 3.0314
      vertex -14.9586 3.24104 3.09386
    endloop
  endfacet
  facet normal 0.739177 0.598675 0.308555
    outer loop
      vertex -15.0311 3.34065 3.15529
      vertex -15.0837 3.37481 3.21502
      vertex -15.0468 3.32925 3.21502
    endloop
  endfacet
  facet normal 0.615691 0.760346 0.206878
    outer loop
      vertex -15.1517 3.47943 3.09386
      vertex -15.1593 3.46887 3.15529
      vertex -15.1035 3.4404 3.09386
    endloop
  endfacet
  facet normal 0.616023 0.759944 0.207365
    outer loop
      vertex -15.1035 3.4404 3.09386
      vertex -15.1593 3.46887 3.15529
      vertex -15.1122 3.43069 3.15529
    endloop
  endfacet
  facet normal 0.239876 0.625304 0.7426
    outer loop
      vertex -15.3689 3.4035 3.42426
      vertex -15.3833 3.35911 3.46629
      vertex -15.3274 3.38758 3.42426
    endloop
  endfacet
  facet normal 0.266399 0.694159 0.668711
    outer loop
      vertex -15.3559 3.44347 3.37759
      vertex -15.3689 3.4035 3.42426
      vertex -15.3103 3.42597 3.37759
    endloop
  endfacet
  facet normal 0.239931 0.625244 0.742632
    outer loop
      vertex -15.3274 3.38758 3.42426
      vertex -15.3833 3.35911 3.46629
      vertex -15.3464 3.34495 3.46629
    endloop
  endfacet
  facet normal 0.173248 0.646928 0.74261
    outer loop
      vertex -15.3689 3.4035 3.42426
      vertex -15.4215 3.36934 3.46629
      vertex -15.3833 3.35911 3.46629
    endloop
  endfacet
  facet normal 0.0922243 0.580927 0.808714
    outer loop
      vertex -15.4215 3.36934 3.46629
      vertex -15.4658 3.32499 3.5032
      vertex -15.4321 3.31964 3.5032
    endloop
  endfacet
  facet normal 0.0784737 0.494311 0.865736
    outer loop
      vertex -15.4321 3.31964 3.5032
      vertex -15.4658 3.32499 3.5032
      vertex -15.4434 3.26644 3.5346
    endloop
  endfacet
  facet normal 0.267177 0.523936 0.808769
    outer loop
      vertex -15.3464 3.34495 3.46629
      vertex -15.3671 3.29853 3.5032
      vertex -15.3112 3.327 3.46629
    endloop
  endfacet
  facet normal 0.320308 0.493443 0.808651
    outer loop
      vertex -15.3112 3.327 3.46629
      vertex -15.3366 3.283 3.5032
      vertex -15.3079 3.26437 3.5032
    endloop
  endfacet
  facet normal -0.257288 0.960667 0.10451
    outer loop
      vertex -15.6246 3.58608 3.0314
      vertex -15.6852 3.56985 3.0314
      vertex -15.6232 3.57966 3.09386
    endloop
  endfacet
  facet normal -0.431464 0.847692 0.308637
    outer loop
      vertex -15.7278 3.51172 3.21502
      vertex -15.7898 3.50191 3.15529
      vertex -15.7801 3.4851 3.21502
    endloop
  endfacet
  facet normal -0.431504 0.847654 0.308686
    outer loop
      vertex -15.7357 3.52945 3.15529
      vertex -15.7898 3.50191 3.15529
      vertex -15.7278 3.51172 3.21502
    endloop
  endfacet
  facet normal -0.541894 0.833929 0.104466
    outer loop
      vertex -15.7996 3.5189 3.0314
      vertex -15.8483 3.47943 3.09386
      vertex -15.7963 3.51322 3.09386
    endloop
  endfacet
  facet normal -0.541657 0.83405 0.104727
    outer loop
      vertex -15.7996 3.5189 3.0314
      vertex -15.8522 3.48474 3.0314
      vertex -15.8483 3.47943 3.09386
    endloop
  endfacet
  facet normal -0.498103 0.765953 0.40646
    outer loop
      vertex -15.7801 3.4851 3.21502
      vertex -15.8292 3.45317 3.21502
      vertex -15.7673 3.46298 3.27239
    endloop
  endfacet
  facet normal -0.574811 0.710336 0.40622
    outer loop
      vertex -15.8292 3.45317 3.21502
      vertex -15.8748 3.41627 3.21502
      vertex -15.8142 3.4325 3.27239
    endloop
  endfacet
  facet normal -0.40452 0.624011 0.668561
    outer loop
      vertex -15.7121 3.36742 3.42426
      vertex -15.7741 3.37723 3.37759
      vertex -15.7494 3.34324 3.42426
    endloop
  endfacet
  facet normal -0.367872 0.720796 0.587472
    outer loop
      vertex -15.6897 3.42597 3.37759
      vertex -15.7516 3.43579 3.32678
      vertex -15.7331 3.40382 3.37759
    endloop
  endfacet
  facet normal -0.310313 0.809083 0.49909
    outer loop
      vertex -15.6555 3.47857 3.32678
      vertex -15.7174 3.48838 3.27239
      vertex -15.7047 3.4597 3.32678
    endloop
  endfacet
  facet normal -0.414455 0.814275 0.406428
    outer loop
      vertex -15.7278 3.51172 3.21502
      vertex -15.7801 3.4851 3.21502
      vertex -15.7673 3.46298 3.27239
    endloop
  endfacet
  facet normal 0.0511316 0.976866 0.20765
    outer loop
      vertex -15.4381 3.58937 3.09386
      vertex -15.5 3.59261 3.09386
      vertex -15.4394 3.57638 3.15529
    endloop
  endfacet
  facet normal 0.0510998 0.976861 0.20768
    outer loop
      vertex -15.5 3.59261 3.09386
      vertex -15.5 3.57955 3.15529
      vertex -15.4394 3.57638 3.15529
    endloop
  endfacet
  facet normal 0.236657 0.882561 0.406301
    outer loop
      vertex -15.3835 3.54791 3.21502
      vertex -15.3888 3.52292 3.27239
      vertex -15.3348 3.50844 3.27239
    endloop
  endfacet
  facet normal 0.236702 0.882565 0.406265
    outer loop
      vertex -15.3269 3.53273 3.21502
      vertex -15.3835 3.54791 3.21502
      vertex -15.3348 3.50844 3.27239
    endloop
  endfacet
  facet normal -0.209244 0.781973 0.587141
    outer loop
      vertex -15.5969 3.4561 3.37759
      vertex -15.6555 3.47857 3.32678
      vertex -15.6441 3.44347 3.37759
    endloop
  endfacet
  facet normal -0.104721 0.661477 0.742618
    outer loop
      vertex -15.5443 3.42194 3.42426
      vertex -15.5882 3.41499 3.42426
      vertex -15.5785 3.36934 3.46629
    endloop
  endfacet
  facet normal -0.304489 0.596593 0.742538
    outer loop
      vertex -15.6726 3.38758 3.42426
      vertex -15.7121 3.36742 3.42426
      vertex -15.6888 3.327 3.46629
    endloop
  endfacet
  facet normal -0.320772 0.493381 0.808505
    outer loop
      vertex -15.6888 3.327 3.46629
      vertex -15.7219 3.30548 3.46629
      vertex -15.6921 3.26437 3.5032
    endloop
  endfacet
  facet normal -0.140711 0.275365 0.950986
    outer loop
      vertex -15.5875 3.19643 3.56015
      vertex -15.6075 3.18621 3.56015
      vertex -15.5776 3.13449 3.57955
    endloop
  endfacet
  facet normal -0.129279 0.483519 0.865735
    outer loop
      vertex -15.5679 3.31964 3.5032
      vertex -15.601 3.31079 3.5032
      vertex -15.5566 3.26644 3.5346
    endloop
  endfacet
  facet normal -0.15218 0.568258 0.808655
    outer loop
      vertex -15.5785 3.36934 3.46629
      vertex -15.6167 3.35911 3.46629
      vertex -15.601 3.31079 3.5032
    endloop
  endfacet
  facet normal -0.126536 0.799347 0.587395
    outer loop
      vertex -15.5526 3.50045 3.32678
      vertex -15.5969 3.4561 3.37759
      vertex -15.5487 3.46373 3.37759
    endloop
  endfacet
  facet normal -0.116264 0.734458 0.668621
    outer loop
      vertex -15.5487 3.46373 3.37759
      vertex -15.5969 3.4561 3.37759
      vertex -15.5443 3.42194 3.42426
    endloop
  endfacet
  facet normal -0.950623 0 0.310349
    outer loop
      vertex -16.0796 -3 3.15529
      vertex -16.0601 3 3.21502
      vertex -16.0796 3 3.15529
    endloop
  endfacet
  facet normal -0.950623 0 0.310349
    outer loop
      vertex -16.0601 3 3.21502
      vertex -16.0796 -3 3.15529
      vertex -16.0601 -3 3.21502
    endloop
  endfacet
  facet normal -0.782016 -0.209024 0.587163
    outer loop
      vertex -15.9561 -3.09695 3.37759
      vertex -15.9786 -3.1555 3.32678
      vertex -15.9435 -3.14409 3.37759
    endloop
  endfacet
  facet normal -0.782012 -0.209028 0.587166
    outer loop
      vertex -15.9561 -3.09695 3.37759
      vertex -15.9922 -3.10462 3.32678
      vertex -15.9786 -3.1555 3.32678
    endloop
  endfacet
  facet normal -0.912773 -0.0473701 0.405712
    outer loop
      vertex -16.0346 -3 3.27239
      vertex -16.0601 -3 3.21502
      vertex -16.0317 -3.05588 3.27239
    endloop
  endfacet
  facet normal -0.912581 -0.0467591 0.406213
    outer loop
      vertex -16.0317 -3.05588 3.27239
      vertex -16.0601 -3 3.21502
      vertex -16.0571 -3.05855 3.21502
    endloop
  endfacet
  facet normal -0.0478265 -0.912457 0.406367
    outer loop
      vertex -15.5 -3.5346 3.27239
      vertex -15.5559 -3.53167 3.27239
      vertex -15.5 -3.56015 3.21502
    endloop
  endfacet
  facet normal -0.0453493 -0.865197 0.499377
    outer loop
      vertex -15.5526 -3.50045 3.32678
      vertex -15.5559 -3.53167 3.27239
      vertex -15.5 -3.5346 3.27239
    endloop
  endfacet
  facet normal -0.350757 -0.913195 0.20747
    outer loop
      vertex -15.6791 -3.55119 3.15529
      vertex -15.7357 -3.52945 3.15529
      vertex -15.6831 -3.56361 3.09386
    endloop
  endfacet
  facet normal -0.253157 -0.944904 0.207526
    outer loop
      vertex -15.6791 -3.55119 3.15529
      vertex -15.6831 -3.56361 3.09386
      vertex -15.6205 -3.56689 3.15529
    endloop
  endfacet
  facet normal -0.223983 -0.836843 0.499525
    outer loop
      vertex -15.6555 -3.47857 3.32678
      vertex -15.6652 -3.50844 3.27239
      vertex -15.6111 -3.52292 3.27239
    endloop
  endfacet
  facet normal -0.209494 -0.781761 0.587335
    outer loop
      vertex -15.5969 -3.4561 3.37759
      vertex -15.6555 -3.47857 3.32678
      vertex -15.6046 -3.49221 3.32678
    endloop
  endfacet
  facet normal -0.40452 -0.624011 0.668561
    outer loop
      vertex -15.7494 -3.34324 3.42426
      vertex -15.7741 -3.37723 3.37759
      vertex -15.7121 -3.36742 3.42426
    endloop
  endfacet
  facet normal -0.364132 -0.56171 0.742893
    outer loop
      vertex -15.7219 -3.30548 3.46629
      vertex -15.7494 -3.34324 3.42426
      vertex -15.7121 -3.36742 3.42426
    endloop
  endfacet
  facet normal -0.404603 -0.62387 0.668642
    outer loop
      vertex -15.7121 -3.36742 3.42426
      vertex -15.7741 -3.37723 3.37759
      vertex -15.7331 -3.40382 3.37759
    endloop
  endfacet
  facet normal -0.440315 -0.678936 0.587511
    outer loop
      vertex -15.7331 -3.40382 3.37759
      vertex -15.7741 -3.37723 3.37759
      vertex -15.7516 -3.43579 3.32678
    endloop
  endfacet
  facet normal 0.755654 -0.29019 0.587178
    outer loop
      vertex -15.0565 -3.14409 3.37759
      vertex -15.074 -3.18966 3.37759
      vertex -15.0214 -3.1555 3.32678
    endloop
  endfacet
  facet normal 0.782016 -0.209024 0.587163
    outer loop
      vertex -15.0439 -3.09695 3.37759
      vertex -15.0565 -3.14409 3.37759
      vertex -15.0214 -3.1555 3.32678
    endloop
  endfacet
  facet normal 0.623506 -0.405111 0.668674
    outer loop
      vertex -15.0962 -3.23314 3.37759
      vertex -15.1326 -3.21213 3.42426
      vertex -15.1228 -3.27408 3.37759
    endloop
  endfacet
  facet normal 0.678554 -0.440878 0.587529
    outer loop
      vertex -15.0962 -3.23314 3.37759
      vertex -15.1228 -3.27408 3.37759
      vertex -15.0642 -3.2516 3.32678
    endloop
  endfacet
  facet normal 0.571634 -0.572555 0.58772
    outer loop
      vertex -15.1535 -3.31201 3.37759
      vertex -15.1633 -3.37395 3.32678
      vertex -15.126 -3.33671 3.32678
    endloop
  endfacet
  facet normal 0.572436 -0.57227 0.587218
    outer loop
      vertex -15.1633 -3.37395 3.32678
      vertex -15.1535 -3.31201 3.37759
      vertex -15.188 -3.34652 3.37759
    endloop
  endfacet
  facet normal 0.525984 -0.525832 0.668462
    outer loop
      vertex -15.1847 -3.28389 3.42426
      vertex -15.188 -3.34652 3.37759
      vertex -15.1535 -3.31201 3.37759
    endloop
  endfacet
  facet normal 0.52587 -0.52587 0.668521
    outer loop
      vertex -15.188 -3.34652 3.37759
      vertex -15.1847 -3.28389 3.42426
      vertex -15.2161 -3.31529 3.42426
    endloop
  endfacet
  facet normal 0.7102 -0.574823 0.406441
    outer loop
      vertex -15.0675 -3.31423 3.27239
      vertex -15.1027 -3.35772 3.27239
      vertex -15.0837 -3.37481 3.21502
    endloop
  endfacet
  facet normal 0.673552 -0.54516 0.499128
    outer loop
      vertex -15.0675 -3.31423 3.27239
      vertex -15.126 -3.33671 3.32678
      vertex -15.1027 -3.35772 3.27239
    endloop
  endfacet
  facet normal 0.673687 -0.544676 0.499474
    outer loop
      vertex -15.0929 -3.29577 3.32678
      vertex -15.126 -3.33671 3.32678
      vertex -15.0675 -3.31423 3.27239
    endloop
  endfacet
  facet normal 0.379873 -0.146983 0.913287
    outer loop
      vertex -15.2409 -3.08417 3.5346
      vertex -15.3036 -3.08746 3.56015
      vertex -15.2512 -3.11079 3.5346
    endloop
  endfacet
  facet normal 0.466979 -0.180687 0.865611
    outer loop
      vertex -15.2409 -3.08417 3.5346
      vertex -15.2512 -3.11079 3.5346
      vertex -15.1892 -3.10098 3.5032
    endloop
  endfacet
  facet normal 0.0801348 -0.298785 0.95095
    outer loop
      vertex -15.452 -3.14769 3.57955
      vertex -15.4553 -3.21032 3.56015
      vertex -15.4336 -3.2045 3.56015
    endloop
  endfacet
  facet normal 0.184929 -0.362999 0.913254
    outer loop
      vertex -15.3638 -3.2359 3.5346
      vertex -15.4125 -3.19643 3.56015
      vertex -15.3892 -3.24884 3.5346
    endloop
  endfacet
  facet normal 0.0270527 -0.101181 0.9945
    outer loop
      vertex -15.471 -3.08927 3.59261
      vertex -15.4935 -3.03071 3.59918
      vertex -15.4805 -3.09181 3.59261
    endloop
  endfacet
  facet normal 0.0374359 -0.0978439 0.994497
    outer loop
      vertex -15.4618 -3.08575 3.59261
      vertex -15.4872 -3.02869 3.59918
      vertex -15.471 -3.08927 3.59261
    endloop
  endfacet
  facet normal 0.0801198 -0.298784 0.950952
    outer loop
      vertex -15.452 -3.14769 3.57955
      vertex -15.4677 -3.1519 3.57955
      vertex -15.4553 -3.21032 3.56015
    endloop
  endfacet
  facet normal 0.0484412 -0.30551 0.950956
    outer loop
      vertex -15.4677 -3.1519 3.57955
      vertex -15.4775 -3.21384 3.56015
      vertex -15.4553 -3.21032 3.56015
    endloop
  endfacet
  facet normal 0.140711 -0.275365 0.950986
    outer loop
      vertex -15.3925 -3.18621 3.56015
      vertex -15.4224 -3.13449 3.57955
      vertex -15.4125 -3.19643 3.56015
    endloop
  endfacet
  facet normal 0.141088 -0.275293 0.950951
    outer loop
      vertex -15.4224 -3.13449 3.57955
      vertex -15.4368 -3.14187 3.57955
      vertex -15.4125 -3.19643 3.56015
    endloop
  endfacet
  facet normal 0.320772 -0.493381 0.808505
    outer loop
      vertex -15.3079 -3.26437 3.5032
      vertex -15.3112 -3.327 3.46629
      vertex -15.2781 -3.30548 3.46629
    endloop
  endfacet
  facet normal 0.416158 -0.415413 0.808854
    outer loop
      vertex -15.2572 -3.21866 3.5032
      vertex -15.2473 -3.28061 3.46629
      vertex -15.2194 -3.25266 3.46629
    endloop
  endfacet
  facet normal 0.416751 -0.415201 0.808657
    outer loop
      vertex -15.2473 -3.28061 3.46629
      vertex -15.2572 -3.21866 3.5032
      vertex -15.2813 -3.24285 3.5032
    endloop
  endfacet
  facet normal 0.393603 -0.105009 0.913263
    outer loop
      vertex -15.2897 -3.0447 3.56015
      vertex -15.2955 -3.06644 3.56015
      vertex -15.2336 -3.05663 3.5346
    endloop
  endfacet
  facet normal 0.298894 -0.0797417 0.950949
    outer loop
      vertex -15.2897 -3.0447 3.56015
      vertex -15.3523 -3.04799 3.57955
      vertex -15.2955 -3.06644 3.56015
    endloop
  endfacet
  facet normal 0.305583 -0.047569 0.950976
    outer loop
      vertex -15.3456 -3.01623 3.57955
      vertex -15.3481 -3.03229 3.57955
      vertex -15.2862 -3.02248 3.56015
    endloop
  endfacet
  facet normal 0.205732 -0.0320255 0.978084
    outer loop
      vertex -15.3456 -3.01623 3.57955
      vertex -15.4082 -3.01951 3.59261
      vertex -15.3481 -3.03229 3.57955
    endloop
  endfacet
  facet normal 0.706708 -0.707505 0
    outer loop
      vertex -15.0991 -3.44528 3.0314
      vertex -15.0547 -3.40093 3
      vertex -15.0547 -3.40093 3.0314
    endloop
  endfacet
  facet normal 0.706708 -0.707505 0
    outer loop
      vertex -15.0547 -3.40093 3
      vertex -15.0991 -3.44528 3.0314
      vertex -15.0991 -3.44528 3
    endloop
  endfacet
  facet normal 0.838371 0.5451 0
    outer loop
      vertex -14.9811 3.29959 3.0314
      vertex -15.0153 3.35219 3
      vertex -15.0153 3.35219 3.0314
    endloop
  endfacet
  facet normal 0.838371 0.5451 0
    outer loop
      vertex -15.0153 3.35219 3
      vertex -14.9811 3.29959 3.0314
      vertex -14.9811 3.29959 3
    endloop
  endfacet
  facet normal -0.885871 0.451991 0.104579
    outer loop
      vertex -16.0189 3.29959 3.0314
      vertex -16.0414 3.24104 3.09386
      vertex -16.0132 3.29631 3.09386
    endloop
  endfacet
  facet normal -0.871359 0.444587 0.207545
    outer loop
      vertex -16.0132 3.29631 3.09386
      vertex -16.0414 3.24104 3.09386
      vertex -16.0019 3.28978 3.15529
    endloop
  endfacet
  facet normal 0.240597 -0.194307 0.950977
    outer loop
      vertex -15.3744 -3.09128 3.57955
      vertex -15.3846 -3.10391 3.57955
      vertex -15.3402 -3.14388 3.56015
    endloop
  endfacet
  facet normal 0.162098 -0.13091 0.978053
    outer loop
      vertex -15.3744 -3.09128 3.57955
      vertex -15.4302 -3.0628 3.59261
      vertex -15.3846 -3.10391 3.57955
    endloop
  endfacet
  facet normal 0.18525 -0.0946067 0.978127
    outer loop
      vertex -15.3581 -3.06316 3.57955
      vertex -15.4143 -3.03818 3.59261
      vertex -15.3655 -3.07765 3.57955
    endloop
  endfacet
  facet normal 0.186074 -0.0935689 0.97807
    outer loop
      vertex -15.4143 -3.03818 3.59261
      vertex -15.4187 -3.04693 3.59261
      vertex -15.3655 -3.07765 3.57955
    endloop
  endfacet
  facet normal -0.00544407 -0.104612 0.994498
    outer loop
      vertex -15.5033 -3.03123 3.59918
      vertex -15.5098 -3.09335 3.59261
      vertex -15.5 -3.09386 3.59261
    endloop
  endfacet
  facet normal -0.0161985 -0.308869 0.950967
    outer loop
      vertex -15.5 -3.15529 3.57955
      vertex -15.5225 -3.21384 3.56015
      vertex -15.5 -3.21502 3.56015
    endloop
  endfacet
  facet normal 0.0161985 -0.308869 0.950967
    outer loop
      vertex -15.5 -3.15529 3.57955
      vertex -15.5 -3.21502 3.56015
      vertex -15.4775 -3.21384 3.56015
    endloop
  endfacet
  facet normal -0.0167966 -0.103364 0.994502
    outer loop
      vertex -15.5065 -3.03071 3.59918
      vertex -15.5195 -3.09181 3.59261
      vertex -15.5033 -3.03123 3.59918
    endloop
  endfacet
  facet normal -0.0539294 -0.201114 0.978082
    outer loop
      vertex -15.529 -3.08927 3.59261
      vertex -15.548 -3.14769 3.57955
      vertex -15.5323 -3.1519 3.57955
    endloop
  endfacet
  facet normal -0.0537742 -0.201124 0.978089
    outer loop
      vertex -15.529 -3.08927 3.59261
      vertex -15.5323 -3.1519 3.57955
      vertex -15.5195 -3.09181 3.59261
    endloop
  endfacet
  facet normal -0.066656 -0.0808932 0.994491
    outer loop
      vertex -15.521 -3.02334 3.59918
      vertex -15.5552 -3.07593 3.59261
      vertex -15.5185 -3.0254 3.59918
    endloop
  endfacet
  facet normal -0.275699 -0.140799 0.950876
    outer loop
      vertex -15.6419 -3.06316 3.57955
      vertex -15.6964 -3.08746 3.56015
      vertex -15.6345 -3.07765 3.57955
    endloop
  endfacet
  facet normal -0.275792 -0.140303 0.950923
    outer loop
      vertex -15.6345 -3.07765 3.57955
      vertex -15.6964 -3.08746 3.56015
      vertex -15.6862 -3.10751 3.56015
    endloop
  endfacet
  facet normal -0.162098 -0.13091 0.978053
    outer loop
      vertex -15.5698 -3.0628 3.59261
      vertex -15.6256 -3.09128 3.57955
      vertex -15.6154 -3.10391 3.57955
    endloop
  endfacet
  facet normal -0.146693 -0.147748 0.978086
    outer loop
      vertex -15.5698 -3.0628 3.59261
      vertex -15.6039 -3.1154 3.57955
      vertex -15.5628 -3.06975 3.59261
    endloop
  endfacet
  facet normal -0.147251 -0.147379 0.978057
    outer loop
      vertex -15.6039 -3.1154 3.57955
      vertex -15.5698 -3.0628 3.59261
      vertex -15.6154 -3.10391 3.57955
    endloop
  endfacet
  facet normal -0.207733 -0.0127054 0.978103
    outer loop
      vertex -15.5939 -3 3.59261
      vertex -15.6544 -3.01623 3.57955
      vertex -15.5933 -3.00981 3.59261
    endloop
  endfacet
  facet normal -0.19454 -0.0743792 0.97807
    outer loop
      vertex -15.5893 -3.029 3.59261
      vertex -15.6477 -3.04799 3.57955
      vertex -15.6419 -3.06316 3.57955
    endloop
  endfacet
  facet normal -0.36957 -0.457691 0.808664
    outer loop
      vertex -15.7187 -3.24285 3.5032
      vertex -15.7527 -3.28061 3.46629
      vertex -15.7219 -3.30548 3.46629
    endloop
  endfacet
  facet normal -0.0744504 -0.194441 0.978085
    outer loop
      vertex -15.529 -3.08927 3.59261
      vertex -15.5632 -3.14187 3.57955
      vertex -15.548 -3.14769 3.57955
    endloop
  endfacet
  facet normal -0.179505 -0.467204 0.865736
    outer loop
      vertex -15.5842 -3.25906 3.5346
      vertex -15.6108 -3.24884 3.5346
      vertex -15.601 -3.31079 3.5032
    endloop
  endfacet
  facet normal -0.110607 -0.288871 0.950957
    outer loop
      vertex -15.5632 -3.14187 3.57955
      vertex -15.5875 -3.19643 3.56015
      vertex -15.548 -3.14769 3.57955
    endloop
  endfacet
  facet normal -0.419975 -0.272274 0.86573
    outer loop
      vertex -15.7359 -3.1362 3.5346
      vertex -15.783 -3.16339 3.5032
      vertex -15.7644 -3.19208 3.5032
    endloop
  endfacet
  facet normal -0.493583 -0.319995 0.80869
    outer loop
      vertex -15.783 -3.16339 3.5032
      vertex -15.827 -3.1888 3.46629
      vertex -15.7644 -3.19208 3.5032
    endloop
  endfacet
  facet normal -0.258685 -0.168914 0.951078
    outer loop
      vertex -15.6345 -3.07765 3.57955
      vertex -15.674 -3.12639 3.56015
      vertex -15.6256 -3.09128 3.57955
    endloop
  endfacet
  facet normal -0.259852 -0.167913 0.950938
    outer loop
      vertex -15.6345 -3.07765 3.57955
      vertex -15.6862 -3.10751 3.56015
      vertex -15.674 -3.12639 3.56015
    endloop
  endfacet
  facet normal 0.104824 -0.661509 0.742575
    outer loop
      vertex -15.4215 -3.36934 3.46629
      vertex -15.4605 -3.37552 3.46629
      vertex -15.4557 -3.42194 3.42426
    endloop
  endfacet
  facet normal 0.0307861 -0.587465 0.808664
    outer loop
      vertex -15.4658 -3.32499 3.5032
      vertex -15.5 -3.37759 3.46629
      vertex -15.4605 -3.37552 3.46629
    endloop
  endfacet
  facet normal 0.364132 -0.56171 0.742893
    outer loop
      vertex -15.2781 -3.30548 3.46629
      vertex -15.2879 -3.36742 3.42426
      vertex -15.2506 -3.34324 3.42426
    endloop
  endfacet
  facet normal 0.468116 -0.577817 0.668577
    outer loop
      vertex -15.2161 -3.31529 3.42426
      vertex -15.2506 -3.34324 3.42426
      vertex -15.2259 -3.37723 3.37759
    endloop
  endfacet
  facet normal 0.21076 -0.549227 0.808659
    outer loop
      vertex -15.3464 -3.34495 3.46629
      vertex -15.399 -3.31079 3.5032
      vertex -15.3833 -3.35911 3.46629
    endloop
  endfacet
  facet normal 0.404603 -0.62387 0.668642
    outer loop
      vertex -15.2259 -3.37723 3.37759
      vertex -15.2879 -3.36742 3.42426
      vertex -15.2669 -3.40382 3.37759
    endloop
  endfacet
  facet normal 0.151924 -0.568211 0.808737
    outer loop
      vertex -15.399 -3.31079 3.5032
      vertex -15.4321 -3.31964 3.5032
      vertex -15.4215 -3.36934 3.46629
    endloop
  endfacet
  facet normal 0.0922243 -0.580927 0.808714
    outer loop
      vertex -15.4321 -3.31964 3.5032
      vertex -15.4658 -3.32499 3.5032
      vertex -15.4215 -3.36934 3.46629
    endloop
  endfacet
  facet normal 0.0424853 -0.808216 0.587352
    outer loop
      vertex -15.4513 -3.46373 3.37759
      vertex -15.5 -3.46629 3.37759
      vertex -15.4474 -3.50045 3.32678
    endloop
  endfacet
  facet normal 0.0390315 -0.742514 0.668692
    outer loop
      vertex -15.5 -3.42426 3.42426
      vertex -15.5 -3.46629 3.37759
      vertex -15.4513 -3.46373 3.37759
    endloop
  endfacet
  facet normal 0.0350474 -0.668779 0.742635
    outer loop
      vertex -15.4605 -3.37552 3.46629
      vertex -15.5 -3.37759 3.46629
      vertex -15.4557 -3.42194 3.42426
    endloop
  endfacet
  facet normal 0.0350248 -0.668792 0.742624
    outer loop
      vertex -15.5 -3.37759 3.46629
      vertex -15.5 -3.42426 3.42426
      vertex -15.4557 -3.42194 3.42426
    endloop
  endfacet
  facet normal 0.798029 -0.517632 0.308556
    outer loop
      vertex -15.0149 -3.28007 3.21502
      vertex -15.0468 -3.32925 3.21502
      vertex -15.0311 -3.34065 3.15529
    endloop
  endfacet
  facet normal 0.739177 -0.598675 0.308555
    outer loop
      vertex -15.0468 -3.32925 3.21502
      vertex -15.0837 -3.37481 3.21502
      vertex -15.0311 -3.34065 3.15529
    endloop
  endfacet
  facet normal 0.646501 -0.173345 0.742959
    outer loop
      vertex -15.085 -3.08821 3.42426
      vertex -15.1307 -3.07851 3.46629
      vertex -15.0965 -3.1311 3.42426
    endloop
  endfacet
  facet normal 0.718254 -0.192584 0.668597
    outer loop
      vertex -15.085 -3.08821 3.42426
      vertex -15.0965 -3.1311 3.42426
      vertex -15.0439 -3.09695 3.37759
    endloop
  endfacet
  facet normal 0.549016 -0.211491 0.808612
    outer loop
      vertex -15.1892 -3.10098 3.5032
      vertex -15.2015 -3.13291 3.5032
      vertex -15.1551 -3.15358 3.46629
    endloop
  endfacet
  facet normal 0.524486 -0.266562 0.808615
    outer loop
      vertex -15.1551 -3.15358 3.46629
      vertex -15.2015 -3.13291 3.5032
      vertex -15.173 -3.1888 3.46629
    endloop
  endfacet
  facet normal 0.742421 -0.0401761 0.668728
    outer loop
      vertex -15.0757 -3 3.42426
      vertex -15.0781 -3.04435 3.42426
      vertex -15.0363 -3.04874 3.37759
    endloop
  endfacet
  facet normal 0.734456 -0.115782 0.668707
    outer loop
      vertex -15.0363 -3.04874 3.37759
      vertex -15.0781 -3.04435 3.42426
      vertex -15.0439 -3.09695 3.37759
    endloop
  endfacet
  facet normal 0.201271 0.0530218 0.9781
    outer loop
      vertex -15.3481 3.03229 3.57955
      vertex -15.4107 3.029 3.59261
      vertex -15.4082 3.01951 3.59261
    endloop
  endfacet
  facet normal 0.205732 0.0320255 0.978084
    outer loop
      vertex -15.3481 3.03229 3.57955
      vertex -15.4082 3.01951 3.59261
      vertex -15.3456 3.01623 3.57955
    endloop
  endfacet
  facet normal 0.316217 0.256855 0.913254
    outer loop
      vertex -15.2976 3.18227 3.5346
      vertex -15.326 3.12639 3.56015
      vertex -15.2796 3.16011 3.5346
    endloop
  endfacet
  facet normal 0.240597 0.194307 0.950977
    outer loop
      vertex -15.3402 3.14388 3.56015
      vertex -15.3846 3.10391 3.57955
      vertex -15.3744 3.09128 3.57955
    endloop
  endfacet
  facet normal 0.221607 0.341629 0.913334
    outer loop
      vertex -15.3638 3.2359 3.5346
      vertex -15.3925 3.18621 3.56015
      vertex -15.3736 3.17395 3.56015
    endloop
  endfacet
  facet normal 0.0949703 0.185308 0.978081
    outer loop
      vertex -15.4368 3.14187 3.57955
      vertex -15.4618 3.08575 3.59261
      vertex -15.4224 3.13449 3.57955
    endloop
  endfacet
  facet normal 0.016206 0.308866 0.950967
    outer loop
      vertex -15.4775 3.21384 3.56015
      vertex -15.5 3.15529 3.57955
      vertex -15.4838 3.15444 3.57955
    endloop
  endfacet
  facet normal -0.240597 0.194307 0.950977
    outer loop
      vertex -15.6154 3.10391 3.57955
      vertex -15.6598 3.14388 3.56015
      vertex -15.6256 3.09128 3.57955
    endloop
  endfacet
  facet normal -0.208035 0.0115362 0.978053
    outer loop
      vertex -15.6544 3.01623 3.57955
      vertex -15.6553 3 3.57955
      vertex -15.5939 3 3.59261
    endloop
  endfacet
  facet normal 0.0801198 0.298784 0.950952
    outer loop
      vertex -15.4553 3.21032 3.56015
      vertex -15.4677 3.1519 3.57955
      vertex -15.452 3.14769 3.57955
    endloop
  endfacet
  facet normal -0.179559 0.467206 0.865724
    outer loop
      vertex -15.601 3.31079 3.5032
      vertex -15.6329 3.29853 3.5032
      vertex -15.6108 3.24884 3.5346
    endloop
  endfacet
  facet normal -0.179505 0.467204 0.865736
    outer loop
      vertex -15.601 3.31079 3.5032
      vertex -15.6108 3.24884 3.5346
      vertex -15.5842 3.25906 3.5346
    endloop
  endfacet
  facet normal -0.379873 0.146983 0.913287
    outer loop
      vertex -15.7488 3.11079 3.5346
      vertex -15.7591 3.08417 3.5346
      vertex -15.6964 3.08746 3.56015
    endloop
  endfacet
  facet normal -0.494195 0.079001 0.865754
    outer loop
      vertex -15.8196 3.06794 3.5032
      vertex -15.825 3.03416 3.5032
      vertex -15.7664 3.05663 3.5346
    endloop
  endfacet
  facet normal -0.468187 0.577801 0.668541
    outer loop
      vertex -15.7741 3.37723 3.37759
      vertex -15.812 3.34652 3.37759
      vertex -15.7839 3.31529 3.42426
    endloop
  endfacet
  facet normal -0.628849 0.508981 0.587782
    outer loop
      vertex -15.874 3.33671 3.32678
      vertex -15.8772 3.27408 3.37759
      vertex -15.8465 3.31201 3.37759
    endloop
  endfacet
  facet normal -0.799613 0.126054 0.587136
    outer loop
      vertex -15.9561 3.09695 3.37759
      vertex -16.0004 3.0526 3.32678
      vertex -15.9637 3.04874 3.37759
    endloop
  endfacet
  facet normal -0.782016 0.209024 0.587163
    outer loop
      vertex -15.9435 3.14409 3.37759
      vertex -15.9786 3.1555 3.32678
      vertex -15.9561 3.09695 3.37759
    endloop
  endfacet
  facet normal -0.646501 0.173345 0.742959
    outer loop
      vertex -15.9035 3.1311 3.42426
      vertex -15.915 3.08821 3.42426
      vertex -15.8693 3.07851 3.46629
    endloop
  endfacet
  facet normal -0.718254 0.192584 0.668597
    outer loop
      vertex -15.9035 3.1311 3.42426
      vertex -15.9561 3.09695 3.37759
      vertex -15.915 3.08821 3.42426
    endloop
  endfacet
  facet normal -0.587647 0.0312658 0.808513
    outer loop
      vertex -15.8755 3.03947 3.46629
      vertex -15.8776 3 3.46629
      vertex -15.825 3.03416 3.5032
    endloop
  endfacet
  facet normal -0.581217 0.092304 0.808496
    outer loop
      vertex -15.8693 3.07851 3.46629
      vertex -15.8755 3.03947 3.46629
      vertex -15.825 3.03416 3.5032
    endloop
  endfacet
  facet normal -0.596595 0.304554 0.74251
    outer loop
      vertex -15.8674 3.21213 3.42426
      vertex -15.8876 3.17256 3.42426
      vertex -15.827 3.1888 3.46629
    endloop
  endfacet
  facet normal -0.493583 0.319995 0.80869
    outer loop
      vertex -15.7644 3.19208 3.5032
      vertex -15.827 3.1888 3.46629
      vertex -15.783 3.16339 3.5032
    endloop
  endfacet
  facet normal -0.833802 0.54213 0.104255
    outer loop
      vertex -15.9847 3.35219 3.0314
      vertex -16.0189 3.29959 3.0314
      vertex -15.9794 3.34833 3.09386
    endloop
  endfacet
  facet normal -0.773158 0.625584 0.104267
    outer loop
      vertex -15.9404 3.39653 3.09386
      vertex -15.9847 3.35219 3.0314
      vertex -15.9794 3.34833 3.09386
    endloop
  endfacet
  facet normal -0.865121 0.0460521 0.499445
    outer loop
      vertex -16.0004 3.0526 3.32678
      vertex -16.0346 3 3.27239
      vertex -16.0032 3 3.32678
    endloop
  endfacet
  facet normal -0.808386 0.0430319 0.587078
    outer loop
      vertex -16.0004 3.0526 3.32678
      vertex -16.0032 3 3.32678
      vertex -15.9663 3 3.37759
    endloop
  endfacet
  facet normal -0.694202 0.266228 0.668735
    outer loop
      vertex -15.8876 3.17256 3.42426
      vertex -15.926 3.18966 3.37759
      vertex -15.9035 3.1311 3.42426
    endloop
  endfacet
  facet normal -0.62354 0.405092 0.668655
    outer loop
      vertex -15.8432 3.24938 3.42426
      vertex -15.8772 3.27408 3.37759
      vertex -15.8674 3.21213 3.42426
    endloop
  endfacet
  facet normal -0.798029 0.517632 0.308556
    outer loop
      vertex -15.9689 3.34065 3.15529
      vertex -15.9851 3.28007 3.21502
      vertex -15.9532 3.32925 3.21502
    endloop
  endfacet
  facet normal -0.814373 0.414669 0.406013
    outer loop
      vertex -15.9851 3.28007 3.21502
      vertex -16.0117 3.22783 3.21502
      vertex -15.963 3.2673 3.27239
    endloop
  endfacet
  facet normal -0.960382 0.258047 0.105255
    outer loop
      vertex -16.0699 3.18516 3.0314
      vertex -16.0797 3.12321 3.09386
      vertex -16.0636 3.18313 3.09386
    endloop
  endfacet
  facet normal -0.944619 0.253811 0.208025
    outer loop
      vertex -16.0636 3.18313 3.09386
      vertex -16.0797 3.12321 3.09386
      vertex -16.0669 3.1205 3.15529
    endloop
  endfacet
  facet normal 0.718254 0.192584 0.668597
    outer loop
      vertex -15.0439 3.09695 3.37759
      vertex -15.0965 3.1311 3.42426
      vertex -15.085 3.08821 3.42426
    endloop
  endfacet
  facet normal 0.646501 0.173345 0.742959
    outer loop
      vertex -15.0965 3.1311 3.42426
      vertex -15.1307 3.07851 3.46629
      vertex -15.085 3.08821 3.42426
    endloop
  endfacet
  facet normal 0.521027 0.421231 0.742358
    outer loop
      vertex -15.1847 3.28389 3.42426
      vertex -15.1945 3.22194 3.46629
      vertex -15.1568 3.24938 3.42426
    endloop
  endfacet
  facet normal 0.66221 0.338111 0.668699
    outer loop
      vertex -15.0962 3.23314 3.37759
      vertex -15.1326 3.21213 3.42426
      vertex -15.074 3.18966 3.37759
    endloop
  endfacet
  facet normal 0.760079 0.615801 0.207532
    outer loop
      vertex -15.0596 3.39653 3.09386
      vertex -15.0693 3.3878 3.15529
      vertex -15.0311 3.34065 3.15529
    endloop
  endfacet
  facet normal 0.691508 0.691981 0.207313
    outer loop
      vertex -15.1122 3.43069 3.15529
      vertex -15.0596 3.39653 3.09386
      vertex -15.1035 3.4404 3.09386
    endloop
  endfacet
  facet normal 0.691632 0.691794 0.207524
    outer loop
      vertex -15.0596 3.39653 3.09386
      vertex -15.1122 3.43069 3.15529
      vertex -15.0693 3.3878 3.15529
    endloop
  endfacet
  facet normal 0.304489 0.596593 0.742538
    outer loop
      vertex -15.2879 3.36742 3.42426
      vertex -15.3274 3.38758 3.42426
      vertex -15.3112 3.327 3.46629
    endloop
  endfacet
  facet normal 0.338025 0.662302 0.668652
    outer loop
      vertex -15.3103 3.42597 3.37759
      vertex -15.3274 3.38758 3.42426
      vertex -15.2879 3.36742 3.42426
    endloop
  endfacet
  facet normal 0.227099 0.44601 0.865737
    outer loop
      vertex -15.3366 3.283 3.5032
      vertex -15.3671 3.29853 3.5032
      vertex -15.3638 3.2359 3.5346
    endloop
  endfacet
  facet normal 0.272501 0.419795 0.865745
    outer loop
      vertex -15.3366 3.283 3.5032
      vertex -15.3638 3.2359 3.5346
      vertex -15.3079 3.26437 3.5032
    endloop
  endfacet
  facet normal -0.358562 0.933506 0
    outer loop
      vertex -15.6852 3.56985 3
      vertex -15.7437 3.54738 3.0314
      vertex -15.6852 3.56985 3.0314
    endloop
  endfacet
  facet normal -0.358562 0.933506 0
    outer loop
      vertex -15.7437 3.54738 3.0314
      vertex -15.6852 3.56985 3
      vertex -15.7437 3.54738 3
    endloop
  endfacet
  facet normal -0.155427 0.98231 0.104451
    outer loop
      vertex -15.5626 3.59589 3.0314
      vertex -15.6246 3.58608 3.0314
      vertex -15.6232 3.57966 3.09386
    endloop
  endfacet
  facet normal -0.155598 0.982301 0.104283
    outer loop
      vertex -15.5626 3.59589 3.0314
      vertex -15.6232 3.57966 3.09386
      vertex -15.5619 3.58937 3.09386
    endloop
  endfacet
  facet normal -0.598947 0.738879 0.308739
    outer loop
      vertex -15.8407 3.46887 3.15529
      vertex -15.8878 3.43069 3.15529
      vertex -15.8748 3.41627 3.21502
    endloop
  endfacet
  facet normal -0.616023 0.759944 0.207365
    outer loop
      vertex -15.8407 3.46887 3.15529
      vertex -15.8965 3.4404 3.09386
      vertex -15.8878 3.43069 3.15529
    endloop
  endfacet
  facet normal -0.509631 0.628776 0.587296
    outer loop
      vertex -15.7958 3.4071 3.32678
      vertex -15.8367 3.37395 3.32678
      vertex -15.7741 3.37723 3.37759
    endloop
  endfacet
  facet normal -0.440664 0.67889 0.587302
    outer loop
      vertex -15.7516 3.43579 3.32678
      vertex -15.7958 3.4071 3.32678
      vertex -15.7741 3.37723 3.37759
    endloop
  endfacet
  facet normal -0.472212 0.726599 0.499068
    outer loop
      vertex -15.7673 3.46298 3.27239
      vertex -15.8142 3.4325 3.27239
      vertex -15.7958 3.4071 3.32678
    endloop
  endfacet
  facet normal -0.47169 0.726688 0.499433
    outer loop
      vertex -15.7673 3.46298 3.27239
      vertex -15.7958 3.4071 3.32678
      vertex -15.7516 3.43579 3.32678
    endloop
  endfacet
  facet normal -0.239931 0.625244 0.742632
    outer loop
      vertex -15.6167 3.35911 3.46629
      vertex -15.6726 3.38758 3.42426
      vertex -15.6536 3.34495 3.46629
    endloop
  endfacet
  facet normal -0.266937 0.524248 0.808646
    outer loop
      vertex -15.6329 3.29853 3.5032
      vertex -15.6888 3.327 3.46629
      vertex -15.6634 3.283 3.5032
    endloop
  endfacet
  facet normal 0.246153 0.918764 0.308677
    outer loop
      vertex -15.3209 3.55119 3.15529
      vertex -15.3795 3.56689 3.15529
      vertex -15.3269 3.53273 3.21502
    endloop
  endfacet
  facet normal 0.253157 0.944904 0.207526
    outer loop
      vertex -15.3169 3.56361 3.09386
      vertex -15.3795 3.56689 3.15529
      vertex -15.3209 3.55119 3.15529
    endloop
  endfacet
  facet normal -0.151924 0.568211 0.808737
    outer loop
      vertex -15.5785 3.36934 3.46629
      vertex -15.601 3.31079 3.5032
      vertex -15.5679 3.31964 3.5032
    endloop
  endfacet
  facet normal -0.0922243 0.580927 0.808714
    outer loop
      vertex -15.5342 3.32499 3.5032
      vertex -15.5785 3.36934 3.46629
      vertex -15.5679 3.31964 3.5032
    endloop
  endfacet
  facet normal -0.0390315 0.742514 0.668692
    outer loop
      vertex -15.5 3.46629 3.37759
      vertex -15.5487 3.46373 3.37759
      vertex -15.5 3.42426 3.42426
    endloop
  endfacet
  facet normal -0.0424853 0.808216 0.587352
    outer loop
      vertex -15.5 3.46629 3.37759
      vertex -15.5526 3.50045 3.32678
      vertex -15.5487 3.46373 3.37759
    endloop
  endfacet
  facet normal -0.855087 -0.136146 0.50029
    outer loop
      vertex -16.0004 -3.0526 3.32678
      vertex -16.0317 -3.05588 3.27239
      vertex -16.0229 -3.11115 3.27239
    endloop
  endfacet
  facet normal -0.902409 -0.14368 0.406219
    outer loop
      vertex -16.0317 -3.05588 3.27239
      vertex -16.0571 -3.05855 3.21502
      vertex -16.0229 -3.11115 3.27239
    endloop
  endfacet
  facet normal -0.224265 -0.836885 0.499328
    outer loop
      vertex -15.6046 -3.49221 3.32678
      vertex -15.6555 -3.47857 3.32678
      vertex -15.6111 -3.52292 3.27239
    endloop
  endfacet
  facet normal -0.135598 -0.855715 0.499364
    outer loop
      vertex -15.6046 -3.49221 3.32678
      vertex -15.6111 -3.52292 3.27239
      vertex -15.5526 -3.50045 3.32678
    endloop
  endfacet
  facet normal 0.628849 -0.508981 0.587782
    outer loop
      vertex -15.1228 -3.27408 3.37759
      vertex -15.1535 -3.31201 3.37759
      vertex -15.126 -3.33671 3.32678
    endloop
  endfacet
  facet normal 0.578131 -0.467931 0.668435
    outer loop
      vertex -15.1228 -3.27408 3.37759
      vertex -15.1847 -3.28389 3.42426
      vertex -15.1535 -3.31201 3.37759
    endloop
  endfacet
  facet normal 0.0539294 -0.201114 0.978082
    outer loop
      vertex -15.452 -3.14769 3.57955
      vertex -15.471 -3.08927 3.59261
      vertex -15.4677 -3.1519 3.57955
    endloop
  endfacet
  facet normal 0.0744504 -0.194441 0.978085
    outer loop
      vertex -15.4368 -3.14187 3.57955
      vertex -15.471 -3.08927 3.59261
      vertex -15.452 -3.14769 3.57955
    endloop
  endfacet
  facet normal 0.0109104 -0.20794 0.978081
    outer loop
      vertex -15.5 -3.09386 3.59261
      vertex -15.5 -3.15529 3.57955
      vertex -15.4838 -3.15444 3.57955
    endloop
  endfacet
  facet normal 0.016206 -0.308866 0.950967
    outer loop
      vertex -15.4838 -3.15444 3.57955
      vertex -15.5 -3.15529 3.57955
      vertex -15.4775 -3.21384 3.56015
    endloop
  endfacet
  facet normal -0.00538893 -0.104609 0.994499
    outer loop
      vertex -15.5 -3.0314 3.59918
      vertex -15.5033 -3.03123 3.59918
      vertex -15.5 -3.09386 3.59261
    endloop
  endfacet
  facet normal 0.00538893 -0.104609 0.994499
    outer loop
      vertex -15.5 -3.0314 3.59918
      vertex -15.5 -3.09386 3.59261
      vertex -15.4967 -3.03123 3.59918
    endloop
  endfacet
  facet normal -0.0369749 -0.0979678 0.994502
    outer loop
      vertex -15.5128 -3.02869 3.59918
      vertex -15.529 -3.08927 3.59261
      vertex -15.5097 -3.02986 3.59918
    endloop
  endfacet
  facet normal -0.0268926 -0.101243 0.994498
    outer loop
      vertex -15.5097 -3.02986 3.59918
      vertex -15.529 -3.08927 3.59261
      vertex -15.5065 -3.03071 3.59918
    endloop
  endfacet
  facet normal -0.141088 -0.275293 0.950951
    outer loop
      vertex -15.5776 -3.13449 3.57955
      vertex -15.5875 -3.19643 3.56015
      vertex -15.5632 -3.14187 3.57955
    endloop
  endfacet
  facet normal -0.0568426 -0.0880212 0.994495
    outer loop
      vertex -15.5185 -3.0254 3.59918
      vertex -15.5552 -3.07593 3.59261
      vertex -15.5469 -3.08129 3.59261
    endloop
  endfacet
  facet normal -0.0745765 -0.0736163 0.994494
    outer loop
      vertex -15.5233 -3.02101 3.59918
      vertex -15.5628 -3.06975 3.59261
      vertex -15.521 -3.02334 3.59918
    endloop
  endfacet
  facet normal -0.0737539 -0.0742845 0.994506
    outer loop
      vertex -15.5628 -3.06975 3.59261
      vertex -15.5233 -3.02101 3.59918
      vertex -15.5698 -3.0628 3.59261
    endloop
  endfacet
  facet normal -0.0975711 -0.0382632 0.994493
    outer loop
      vertex -15.5287 -3.01277 3.59918
      vertex -15.5893 -3.029 3.59261
      vertex -15.5857 -3.03818 3.59261
    endloop
  endfacet
  facet normal -0.193566 -0.0759082 0.978146
    outer loop
      vertex -15.5893 -3.029 3.59261
      vertex -15.6419 -3.06316 3.57955
      vertex -15.5857 -3.03818 3.59261
    endloop
  endfacet
  facet normal -0.10127 -0.0266781 0.994501
    outer loop
      vertex -15.5307 -3.00653 3.59918
      vertex -15.5918 -3.01951 3.59261
      vertex -15.5893 -3.029 3.59261
    endloop
  endfacet
  facet normal -0.103552 -0.0159311 0.994496
    outer loop
      vertex -15.5312 -3.00328 3.59918
      vertex -15.5918 -3.01951 3.59261
      vertex -15.5307 -3.00653 3.59918
    endloop
  endfacet
  facet normal -0.288663 -0.111236 0.950947
    outer loop
      vertex -15.6477 -3.04799 3.57955
      vertex -15.7045 -3.06644 3.56015
      vertex -15.6964 -3.08746 3.56015
    endloop
  endfacet
  facet normal -0.289178 -0.110562 0.950869
    outer loop
      vertex -15.6477 -3.04799 3.57955
      vertex -15.6964 -3.08746 3.56015
      vertex -15.6419 -3.06316 3.57955
    endloop
  endfacet
  facet normal -0.314777 -0.389084 0.865753
    outer loop
      vertex -15.6823 -3.20243 3.5346
      vertex -15.7187 -3.24285 3.5032
      vertex -15.6921 -3.26437 3.5032
    endloop
  endfacet
  facet normal -0.370166 -0.457547 0.808472
    outer loop
      vertex -15.7187 -3.24285 3.5032
      vertex -15.7219 -3.30548 3.46629
      vertex -15.6921 -3.26437 3.5032
    endloop
  endfacet
  facet normal -0.25602 -0.316814 0.913282
    outer loop
      vertex -15.6264 -3.17395 3.56015
      vertex -15.6823 -3.20243 3.5346
      vertex -15.6601 -3.22037 3.5346
    endloop
  endfacet
  facet normal -0.0949703 -0.185308 0.978081
    outer loop
      vertex -15.5382 -3.08575 3.59261
      vertex -15.5776 -3.13449 3.57955
      vertex -15.5632 -3.14187 3.57955
    endloop
  endfacet
  facet normal -0.146102 -0.380266 0.913265
    outer loop
      vertex -15.5875 -3.19643 3.56015
      vertex -15.6108 -3.24884 3.5346
      vertex -15.5842 -3.25906 3.5346
    endloop
  endfacet
  facet normal -0.110511 -0.288945 0.950946
    outer loop
      vertex -15.548 -3.14769 3.57955
      vertex -15.5875 -3.19643 3.56015
      vertex -15.5664 -3.2045 3.56015
    endloop
  endfacet
  facet normal -0.272642 -0.419584 0.865804
    outer loop
      vertex -15.6601 -3.22037 3.5346
      vertex -15.6921 -3.26437 3.5032
      vertex -15.6362 -3.2359 3.5346
    endloop
  endfacet
  facet normal -0.272501 -0.419795 0.865745
    outer loop
      vertex -15.6362 -3.2359 3.5346
      vertex -15.6921 -3.26437 3.5032
      vertex -15.6634 -3.283 3.5032
    endloop
  endfacet
  facet normal -0.38848 -0.315694 0.865691
    outer loop
      vertex -15.7024 -3.18227 3.5346
      vertex -15.7644 -3.19208 3.5032
      vertex -15.7428 -3.21866 3.5032
    endloop
  endfacet
  facet normal -0.354426 -0.353371 0.865743
    outer loop
      vertex -15.7024 -3.18227 3.5346
      vertex -15.7187 -3.24285 3.5032
      vertex -15.6823 -3.20243 3.5346
    endloop
  endfacet
  facet normal -0.354615 -0.353296 0.865697
    outer loop
      vertex -15.7187 -3.24285 3.5032
      vertex -15.7024 -3.18227 3.5346
      vertex -15.7428 -3.21866 3.5032
    endloop
  endfacet
  facet normal -0.256158 -0.31658 0.913324
    outer loop
      vertex -15.6439 -3.15979 3.56015
      vertex -15.6823 -3.20243 3.5346
      vertex -15.6264 -3.17395 3.56015
    endloop
  endfacet
  facet normal -0.0949892 -0.185293 0.978082
    outer loop
      vertex -15.5469 -3.08129 3.59261
      vertex -15.5776 -3.13449 3.57955
      vertex -15.5382 -3.08575 3.59261
    endloop
  endfacet
  facet normal 0.365122 -0.561595 0.742494
    outer loop
      vertex -15.2781 -3.30548 3.46629
      vertex -15.3112 -3.327 3.46629
      vertex -15.2879 -3.36742 3.42426
    endloop
  endfacet
  facet normal 0.421352 -0.520094 0.742944
    outer loop
      vertex -15.2161 -3.31529 3.42426
      vertex -15.2781 -3.30548 3.46629
      vertex -15.2506 -3.34324 3.42426
    endloop
  endfacet
  facet normal 0.239876 -0.625304 0.7426
    outer loop
      vertex -15.3274 -3.38758 3.42426
      vertex -15.3833 -3.35911 3.46629
      vertex -15.3689 -3.4035 3.42426
    endloop
  endfacet
  facet normal 0.173264 -0.646913 0.742619
    outer loop
      vertex -15.3689 -3.4035 3.42426
      vertex -15.4215 -3.36934 3.46629
      vertex -15.4118 -3.41499 3.42426
    endloop
  endfacet
  facet normal 0.042261 -0.808337 0.587202
    outer loop
      vertex -15.5 -3.46629 3.37759
      vertex -15.5 -3.5032 3.32678
      vertex -15.4474 -3.50045 3.32678
    endloop
  endfacet
  facet normal -0.042261 -0.808337 0.587202
    outer loop
      vertex -15.5 -3.46629 3.37759
      vertex -15.5526 -3.50045 3.32678
      vertex -15.5 -3.5032 3.32678
    endloop
  endfacet
  facet normal 0.174363 0.113854 0.978077
    outer loop
      vertex -15.3744 3.09128 3.57955
      vertex -15.4187 3.04693 3.59261
      vertex -15.3655 3.07765 3.57955
    endloop
  endfacet
  facet normal 0.186074 0.0935689 0.97807
    outer loop
      vertex -15.3655 3.07765 3.57955
      vertex -15.4187 3.04693 3.59261
      vertex -15.4143 3.03818 3.59261
    endloop
  endfacet
  facet normal 0.341978 0.220981 0.913356
    outer loop
      vertex -15.2641 3.1362 3.5346
      vertex -15.326 3.12639 3.56015
      vertex -15.3138 3.10751 3.56015
    endloop
  endfacet
  facet normal 0.259852 0.167913 0.950938
    outer loop
      vertex -15.326 3.12639 3.56015
      vertex -15.3655 3.07765 3.57955
      vertex -15.3138 3.10751 3.56015
    endloop
  endfacet
  facet normal 0.141088 0.275293 0.950951
    outer loop
      vertex -15.4125 3.19643 3.56015
      vertex -15.4368 3.14187 3.57955
      vertex -15.4224 3.13449 3.57955
    endloop
  endfacet
  facet normal 0.110607 0.288871 0.950957
    outer loop
      vertex -15.4125 3.19643 3.56015
      vertex -15.452 3.14769 3.57955
      vertex -15.4368 3.14187 3.57955
    endloop
  endfacet
  facet normal 0.131247 0.161653 0.978081
    outer loop
      vertex -15.4087 3.12563 3.57955
      vertex -15.4372 3.06975 3.59261
      vertex -15.3961 3.1154 3.57955
    endloop
  endfacet
  facet normal 0.140711 0.275365 0.950986
    outer loop
      vertex -15.4125 3.19643 3.56015
      vertex -15.4224 3.13449 3.57955
      vertex -15.3925 3.18621 3.56015
    endloop
  endfacet
  facet normal 0.168284 0.259426 0.950988
    outer loop
      vertex -15.3925 3.18621 3.56015
      vertex -15.4224 3.13449 3.57955
      vertex -15.3736 3.17395 3.56015
    endloop
  endfacet
  facet normal -0.0801198 0.298784 0.950952
    outer loop
      vertex -15.5447 3.21032 3.56015
      vertex -15.548 3.14769 3.57955
      vertex -15.5323 3.1519 3.57955
    endloop
  endfacet
  facet normal 0.0481934 0.305478 0.950979
    outer loop
      vertex -15.4775 3.21384 3.56015
      vertex -15.4838 3.15444 3.57955
      vertex -15.4677 3.1519 3.57955
    endloop
  endfacet
  facet normal -0.016206 0.308866 0.950967
    outer loop
      vertex -15.5 3.15529 3.57955
      vertex -15.5225 3.21384 3.56015
      vertex -15.5162 3.15444 3.57955
    endloop
  endfacet
  facet normal 0.0108225 0.207962 0.978077
    outer loop
      vertex -15.4838 3.15444 3.57955
      vertex -15.5 3.09386 3.59261
      vertex -15.4902 3.09335 3.59261
    endloop
  endfacet
  facet normal -0.104544 0 0.99452
    outer loop
      vertex -15.5939 3 3.59261
      vertex -15.5314 -3 3.59918
      vertex -15.5314 3 3.59918
    endloop
  endfacet
  facet normal -0.104544 0 0.99452
    outer loop
      vertex -15.5314 -3 3.59918
      vertex -15.5939 3 3.59261
      vertex -15.5939 -3 3.59261
    endloop
  endfacet
  facet normal -0.0801348 0.298785 0.95095
    outer loop
      vertex -15.5447 3.21032 3.56015
      vertex -15.5664 3.2045 3.56015
      vertex -15.548 3.14769 3.57955
    endloop
  endfacet
  facet normal -0.0484412 0.30551 0.950956
    outer loop
      vertex -15.5225 3.21384 3.56015
      vertex -15.5447 3.21032 3.56015
      vertex -15.5323 3.1519 3.57955
    endloop
  endfacet
  facet normal -0.0537742 0.201124 0.978089
    outer loop
      vertex -15.5195 3.09181 3.59261
      vertex -15.5323 3.1519 3.57955
      vertex -15.529 3.08927 3.59261
    endloop
  endfacet
  facet normal -0.227099 0.44601 0.865737
    outer loop
      vertex -15.6329 3.29853 3.5032
      vertex -15.6634 3.283 3.5032
      vertex -15.6362 3.2359 3.5346
    endloop
  endfacet
  facet normal -0.272501 0.419795 0.865745
    outer loop
      vertex -15.6634 3.283 3.5032
      vertex -15.6921 3.26437 3.5032
      vertex -15.6362 3.2359 3.5346
    endloop
  endfacet
  facet normal -0.580841 0.0928521 0.808704
    outer loop
      vertex -15.8196 3.06794 3.5032
      vertex -15.8693 3.07851 3.46629
      vertex -15.825 3.03416 3.5032
    endloop
  endfacet
  facet normal -0.185292 0.362606 0.913337
    outer loop
      vertex -15.5875 3.19643 3.56015
      vertex -15.6362 3.2359 3.5346
      vertex -15.6075 3.18621 3.56015
    endloop
  endfacet
  facet normal -0.30905 0 0.951046
    outer loop
      vertex -15.715 3 3.56015
      vertex -15.6553 -3 3.57955
      vertex -15.6553 3 3.57955
    endloop
  endfacet
  facet normal -0.30905 0 0.951046
    outer loop
      vertex -15.6553 -3 3.57955
      vertex -15.715 3 3.56015
      vertex -15.715 -3 3.56015
    endloop
  endfacet
  facet normal -0.52587 0.52587 0.668521
    outer loop
      vertex -15.812 3.34652 3.37759
      vertex -15.8153 3.28389 3.42426
      vertex -15.7839 3.31529 3.42426
    endloop
  endfacet
  facet normal -0.525984 0.525832 0.668462
    outer loop
      vertex -15.8153 3.28389 3.42426
      vertex -15.812 3.34652 3.37759
      vertex -15.8465 3.31201 3.37759
    endloop
  endfacet
  facet normal -0.625204 0.239767 0.742719
    outer loop
      vertex -15.8876 3.17256 3.42426
      vertex -15.9035 3.1311 3.42426
      vertex -15.8591 3.11668 3.46629
    endloop
  endfacet
  facet normal -0.646917 0.172873 0.742707
    outer loop
      vertex -15.8591 3.11668 3.46629
      vertex -15.9035 3.1311 3.42426
      vertex -15.8693 3.07851 3.46629
    endloop
  endfacet
  facet normal -0.734608 0.115568 0.668577
    outer loop
      vertex -15.915 3.08821 3.42426
      vertex -15.9561 3.09695 3.37759
      vertex -15.9219 3.04435 3.42426
    endloop
  endfacet
  facet normal -0.661211 0.104021 0.742954
    outer loop
      vertex -15.915 3.08821 3.42426
      vertex -15.9219 3.04435 3.42426
      vertex -15.8693 3.07851 3.46629
    endloop
  endfacet
  facet normal -0.466946 0.179876 0.865798
    outer loop
      vertex -15.7985 3.13291 3.5032
      vertex -15.8108 3.10098 3.5032
      vertex -15.7488 3.11079 3.5346
    endloop
  endfacet
  facet normal -0.493556 0.320201 0.808625
    outer loop
      vertex -15.8055 3.22194 3.46629
      vertex -15.827 3.1888 3.46629
      vertex -15.7644 3.19208 3.5032
    endloop
  endfacet
  facet normal -0.520171 0.421623 0.742736
    outer loop
      vertex -15.7806 3.25266 3.46629
      vertex -15.8153 3.28389 3.42426
      vertex -15.8055 3.22194 3.46629
    endloop
  endfacet
  facet normal -0.521027 0.421231 0.742358
    outer loop
      vertex -15.8153 3.28389 3.42426
      vertex -15.8432 3.24938 3.42426
      vertex -15.8055 3.22194 3.46629
    endloop
  endfacet
  facet normal -0.79961 0.126044 0.587142
    outer loop
      vertex -15.9922 3.10462 3.32678
      vertex -16.0004 3.0526 3.32678
      vertex -15.9561 3.09695 3.37759
    endloop
  endfacet
  facet normal -0.782012 0.209028 0.587166
    outer loop
      vertex -15.9786 3.1555 3.32678
      vertex -15.9922 3.10462 3.32678
      vertex -15.9561 3.09695 3.37759
    endloop
  endfacet
  facet normal -0.771956 0.393133 0.499529
    outer loop
      vertex -15.9358 3.2516 3.32678
      vertex -15.963 3.2673 3.27239
      vertex -15.9597 3.20467 3.32678
    endloop
  endfacet
  facet normal -0.623506 0.405111 0.668674
    outer loop
      vertex -15.8772 3.27408 3.37759
      vertex -15.9038 3.23314 3.37759
      vertex -15.8674 3.21213 3.42426
    endloop
  endfacet
  facet normal -0.755675 0.290467 0.587013
    outer loop
      vertex -15.9597 3.20467 3.32678
      vertex -15.9786 3.1555 3.32678
      vertex -15.926 3.18966 3.37759
    endloop
  endfacet
  facet normal -0.755654 0.29019 0.587178
    outer loop
      vertex -15.926 3.18966 3.37759
      vertex -15.9786 3.1555 3.32678
      vertex -15.9435 3.14409 3.37759
    endloop
  endfacet
  facet normal -0.561938 0.364565 0.742508
    outer loop
      vertex -15.8055 3.22194 3.46629
      vertex -15.8674 3.21213 3.42426
      vertex -15.827 3.1888 3.46629
    endloop
  endfacet
  facet normal -0.561884 0.365036 0.742318
    outer loop
      vertex -15.8432 3.24938 3.42426
      vertex -15.8674 3.21213 3.42426
      vertex -15.8055 3.22194 3.46629
    endloop
  endfacet
  facet normal -0.766693 0.497306 0.40604
    outer loop
      vertex -15.9532 3.32925 3.21502
      vertex -15.9851 3.28007 3.21502
      vertex -15.963 3.2673 3.27239
    endloop
  endfacet
  facet normal -0.79799 0.517666 0.308601
    outer loop
      vertex -15.9689 3.34065 3.15529
      vertex -16.0019 3.28978 3.15529
      vertex -15.9851 3.28007 3.21502
    endloop
  endfacet
  facet normal -0.771865 0.393209 0.49961
    outer loop
      vertex -15.963 3.2673 3.27239
      vertex -15.9884 3.21744 3.27239
      vertex -15.9597 3.20467 3.32678
    endloop
  endfacet
  facet normal -0.814351 0.414852 0.405869
    outer loop
      vertex -15.963 3.2673 3.27239
      vertex -16.0117 3.22783 3.21502
      vertex -15.9884 3.21744 3.27239
    endloop
  endfacet
  facet normal -0.678554 0.440878 0.587529
    outer loop
      vertex -15.8772 3.27408 3.37759
      vertex -15.9358 3.2516 3.32678
      vertex -15.9038 3.23314 3.37759
    endloop
  endfacet
  facet normal -0.726423 0.472002 0.499524
    outer loop
      vertex -15.9071 3.29577 3.32678
      vertex -15.963 3.2673 3.27239
      vertex -15.9358 3.2516 3.32678
    endloop
  endfacet
  facet normal 0.678552 0.440897 0.587518
    outer loop
      vertex -15.0929 3.29577 3.32678
      vertex -15.1228 3.27408 3.37759
      vertex -15.0642 3.2516 3.32678
    endloop
  endfacet
  facet normal 0.629281 0.508774 0.587499
    outer loop
      vertex -15.0929 3.29577 3.32678
      vertex -15.126 3.33671 3.32678
      vertex -15.1228 3.27408 3.37759
    endloop
  endfacet
  facet normal -0.258704 0.965957 0
    outer loop
      vertex -15.6246 3.58608 3
      vertex -15.6852 3.56985 3.0314
      vertex -15.6246 3.58608 3.0314
    endloop
  endfacet
  facet normal -0.258704 0.965957 0
    outer loop
      vertex -15.6852 3.56985 3.0314
      vertex -15.6246 3.58608 3
      vertex -15.6852 3.56985 3
    endloop
  endfacet
  facet normal -0.156282 0.987713 0
    outer loop
      vertex -15.5626 3.59589 3
      vertex -15.6246 3.58608 3.0314
      vertex -15.5626 3.59589 3.0314
    endloop
  endfacet
  facet normal -0.156282 0.987713 0
    outer loop
      vertex -15.6246 3.58608 3.0314
      vertex -15.5626 3.59589 3
      vertex -15.6246 3.58608 3
    endloop
  endfacet
  facet normal -0.672481 0.672638 0.308751
    outer loop
      vertex -15.9307 3.3878 3.15529
      vertex -15.8748 3.41627 3.21502
      vertex -15.8878 3.43069 3.15529
    endloop
  endfacet
  facet normal -0.672307 0.672956 0.308437
    outer loop
      vertex -15.8748 3.41627 3.21502
      vertex -15.9307 3.3878 3.15529
      vertex -15.9163 3.37481 3.21502
    endloop
  endfacet
  facet normal -0.338025 0.662302 0.668652
    outer loop
      vertex -15.6897 3.42597 3.37759
      vertex -15.7121 3.36742 3.42426
      vertex -15.6726 3.38758 3.42426
    endloop
  endfacet
  facet normal -0.320308 0.493443 0.808651
    outer loop
      vertex -15.6888 3.327 3.46629
      vertex -15.6921 3.26437 3.5032
      vertex -15.6634 3.283 3.5032
    endloop
  endfacet
  facet normal -0.474114 0.473266 0.742452
    outer loop
      vertex -15.7839 3.31529 3.42426
      vertex -15.7806 3.25266 3.46629
      vertex -15.7527 3.28061 3.46629
    endloop
  endfacet
  facet normal -0.47348 0.47348 0.74272
    outer loop
      vertex -15.7806 3.25266 3.46629
      vertex -15.7839 3.31529 3.42426
      vertex -15.8153 3.28389 3.42426
    endloop
  endfacet
  facet normal 0.0268926 -0.101243 0.994498
    outer loop
      vertex -15.4903 -3.02986 3.59918
      vertex -15.4935 -3.03071 3.59918
      vertex -15.471 -3.08927 3.59261
    endloop
  endfacet
  facet normal 0.0369749 -0.0979678 0.994502
    outer loop
      vertex -15.4872 -3.02869 3.59918
      vertex -15.4903 -3.02986 3.59918
      vertex -15.471 -3.08927 3.59261
    endloop
  endfacet
  facet normal -0.0660828 -0.0812669 0.994499
    outer loop
      vertex -15.521 -3.02334 3.59918
      vertex -15.5628 -3.06975 3.59261
      vertex -15.5552 -3.07593 3.59261
    endloop
  endfacet
  facet normal -0.11298 -0.174951 0.978073
    outer loop
      vertex -15.5552 -3.07593 3.59261
      vertex -15.5913 -3.12563 3.57955
      vertex -15.5469 -3.08129 3.59261
    endloop
  endfacet
  facet normal -0.174116 -0.114105 0.978092
    outer loop
      vertex -15.5813 -3.04693 3.59261
      vertex -15.6256 -3.09128 3.57955
      vertex -15.5759 -3.05517 3.59261
    endloop
  endfacet
  facet normal -0.205723 -0.0318128 0.978093
    outer loop
      vertex -15.5933 -3.00981 3.59261
      vertex -15.6544 -3.01623 3.57955
      vertex -15.5918 -3.01951 3.59261
    endloop
  endfacet
  facet normal -0.103531 -0.01601 0.994497
    outer loop
      vertex -15.5312 -3.00328 3.59918
      vertex -15.5933 -3.00981 3.59261
      vertex -15.5918 -3.01951 3.59261
    endloop
  endfacet
  facet normal -0.320308 -0.493443 0.808651
    outer loop
      vertex -15.6634 -3.283 3.5032
      vertex -15.6921 -3.26437 3.5032
      vertex -15.6888 -3.327 3.46629
    endloop
  endfacet
  facet normal -0.266937 -0.524248 0.808646
    outer loop
      vertex -15.6634 -3.283 3.5032
      vertex -15.6888 -3.327 3.46629
      vertex -15.6329 -3.29853 3.5032
    endloop
  endfacet
  facet normal -0.140711 -0.275365 0.950986
    outer loop
      vertex -15.5776 -3.13449 3.57955
      vertex -15.6075 -3.18621 3.56015
      vertex -15.5875 -3.19643 3.56015
    endloop
  endfacet
  facet normal -0.0744056 -0.194469 0.978083
    outer loop
      vertex -15.5382 -3.08575 3.59261
      vertex -15.5632 -3.14187 3.57955
      vertex -15.529 -3.08927 3.59261
    endloop
  endfacet
  facet normal -0.11308 -0.174853 0.978079
    outer loop
      vertex -15.5469 -3.08129 3.59261
      vertex -15.5913 -3.12563 3.57955
      vertex -15.5776 -3.13449 3.57955
    endloop
  endfacet
  facet normal -0.167993 -0.259764 0.950947
    outer loop
      vertex -15.5913 -3.12563 3.57955
      vertex -15.6264 -3.17395 3.56015
      vertex -15.5776 -3.13449 3.57955
    endloop
  endfacet
  facet normal -0.105189 -0.39339 0.913335
    outer loop
      vertex -15.5664 -3.2045 3.56015
      vertex -15.5842 -3.25906 3.5346
      vertex -15.5566 -3.26644 3.5346
    endloop
  endfacet
  facet normal -0.105516 -0.39342 0.913283
    outer loop
      vertex -15.5447 -3.21032 3.56015
      vertex -15.5664 -3.2045 3.56015
      vertex -15.5566 -3.26644 3.5346
    endloop
  endfacet
  facet normal -0.341839 -0.221602 0.913257
    outer loop
      vertex -15.674 -3.12639 3.56015
      vertex -15.7359 -3.1362 3.5346
      vertex -15.7204 -3.16011 3.5346
    endloop
  endfacet
  facet normal -0.419989 -0.272264 0.865726
    outer loop
      vertex -15.7359 -3.1362 3.5346
      vertex -15.7644 -3.19208 3.5032
      vertex -15.7204 -3.16011 3.5346
    endloop
  endfacet
  facet normal -0.218522 -0.218712 0.951006
    outer loop
      vertex -15.6154 -3.10391 3.57955
      vertex -15.6439 -3.15979 3.56015
      vertex -15.6039 -3.1154 3.57955
    endloop
  endfacet
  facet normal -0.218734 -0.218597 0.950984
    outer loop
      vertex -15.6439 -3.15979 3.56015
      vertex -15.6154 -3.10391 3.57955
      vertex -15.6598 -3.14388 3.56015
    endloop
  endfacet
  facet normal -0.240597 -0.194307 0.950977
    outer loop
      vertex -15.6256 -3.09128 3.57955
      vertex -15.6598 -3.14388 3.56015
      vertex -15.6154 -3.10391 3.57955
    endloop
  endfacet
  facet normal -0.168284 -0.259426 0.950988
    outer loop
      vertex -15.5776 -3.13449 3.57955
      vertex -15.6264 -3.17395 3.56015
      vertex -15.6075 -3.18621 3.56015
    endloop
  endfacet
  facet normal -0.194569 -0.240463 0.950957
    outer loop
      vertex -15.5913 -3.12563 3.57955
      vertex -15.6439 -3.15979 3.56015
      vertex -15.6264 -3.17395 3.56015
    endloop
  endfacet
  facet normal 0.304489 -0.596593 0.742538
    outer loop
      vertex -15.3112 -3.327 3.46629
      vertex -15.3274 -3.38758 3.42426
      vertex -15.2879 -3.36742 3.42426
    endloop
  endfacet
  facet normal 0.338025 -0.662302 0.668652
    outer loop
      vertex -15.2879 -3.36742 3.42426
      vertex -15.3274 -3.38758 3.42426
      vertex -15.3103 -3.42597 3.37759
    endloop
  endfacet
  facet normal 0.192198 -0.71827 0.668691
    outer loop
      vertex -15.3689 -3.4035 3.42426
      vertex -15.4031 -3.4561 3.37759
      vertex -15.3559 -3.44347 3.37759
    endloop
  endfacet
  facet normal 0.266399 -0.694159 0.668711
    outer loop
      vertex -15.3103 -3.42597 3.37759
      vertex -15.3689 -3.4035 3.42426
      vertex -15.3559 -3.44347 3.37759
    endloop
  endfacet
  facet normal 0.275699 0.140799 0.950876
    outer loop
      vertex -15.3036 3.08746 3.56015
      vertex -15.3655 3.07765 3.57955
      vertex -15.3581 3.06316 3.57955
    endloop
  endfacet
  facet normal 0.18525 0.0946067 0.978127
    outer loop
      vertex -15.3655 3.07765 3.57955
      vertex -15.4143 3.03818 3.59261
      vertex -15.3581 3.06316 3.57955
    endloop
  endfacet
  facet normal 0.218734 0.218597 0.950984
    outer loop
      vertex -15.3561 3.15979 3.56015
      vertex -15.3846 3.10391 3.57955
      vertex -15.3402 3.14388 3.56015
    endloop
  endfacet
  facet normal 0.218522 0.218712 0.951006
    outer loop
      vertex -15.3846 3.10391 3.57955
      vertex -15.3561 3.15979 3.56015
      vertex -15.3961 3.1154 3.57955
    endloop
  endfacet
  facet normal 0.162098 0.13091 0.978053
    outer loop
      vertex -15.3846 3.10391 3.57955
      vertex -15.4302 3.0628 3.59261
      vertex -15.3744 3.09128 3.57955
    endloop
  endfacet
  facet normal 0.275792 0.140303 0.950923
    outer loop
      vertex -15.3138 3.10751 3.56015
      vertex -15.3655 3.07765 3.57955
      vertex -15.3036 3.08746 3.56015
    endloop
  endfacet
  facet normal 0.362945 0.18464 0.913334
    outer loop
      vertex -15.2641 3.1362 3.5346
      vertex -15.3138 3.10751 3.56015
      vertex -15.3036 3.08746 3.56015
    endloop
  endfacet
  facet normal -0.23991 0.194781 0.951054
    outer loop
      vertex -15.6598 3.14388 3.56015
      vertex -15.674 3.12639 3.56015
      vertex -15.6256 3.09128 3.57955
    endloop
  endfacet
  facet normal -0.174363 0.113854 0.978077
    outer loop
      vertex -15.6256 3.09128 3.57955
      vertex -15.6345 3.07765 3.57955
      vertex -15.5813 3.04693 3.59261
    endloop
  endfacet
  facet normal -0.0326535 0.205675 0.978075
    outer loop
      vertex -15.5162 3.15444 3.57955
      vertex -15.5195 3.09181 3.59261
      vertex -15.5098 3.09335 3.59261
    endloop
  endfacet
  facet normal 0.00544407 0.104612 0.994498
    outer loop
      vertex -15.4902 3.09335 3.59261
      vertex -15.5 3.09386 3.59261
      vertex -15.4967 3.03123 3.59918
    endloop
  endfacet
  facet normal -0.362945 0.18464 0.913334
    outer loop
      vertex -15.6862 3.10751 3.56015
      vertex -15.7359 3.1362 3.5346
      vertex -15.6964 3.08746 3.56015
    endloop
  endfacet
  facet normal -0.131247 0.161653 0.978081
    outer loop
      vertex -15.5913 3.12563 3.57955
      vertex -15.6039 3.1154 3.57955
      vertex -15.5628 3.06975 3.59261
    endloop
  endfacet
  facet normal -0.11308 0.174853 0.978079
    outer loop
      vertex -15.5776 3.13449 3.57955
      vertex -15.5913 3.12563 3.57955
      vertex -15.5469 3.08129 3.59261
    endloop
  endfacet
  facet normal -0.105516 0.39342 0.913283
    outer loop
      vertex -15.5566 3.26644 3.5346
      vertex -15.5664 3.2045 3.56015
      vertex -15.5447 3.21032 3.56015
    endloop
  endfacet
  facet normal -0.105189 0.39339 0.913335
    outer loop
      vertex -15.5566 3.26644 3.5346
      vertex -15.5842 3.25906 3.5346
      vertex -15.5664 3.2045 3.56015
    endloop
  endfacet
  facet normal -0.314487 0.389165 0.865823
    outer loop
      vertex -15.6601 3.22037 3.5346
      vertex -15.6921 3.26437 3.5032
      vertex -15.6823 3.20243 3.5346
    endloop
  endfacet
  facet normal -0.258685 0.168914 0.951078
    outer loop
      vertex -15.6256 3.09128 3.57955
      vertex -15.674 3.12639 3.56015
      vertex -15.6345 3.07765 3.57955
    endloop
  endfacet
  facet normal -0.184929 0.362999 0.913254
    outer loop
      vertex -15.6108 3.24884 3.5346
      vertex -15.6362 3.2359 3.5346
      vertex -15.5875 3.19643 3.56015
    endloop
  endfacet
  facet normal -0.146102 0.380266 0.913265
    outer loop
      vertex -15.5842 3.25906 3.5346
      vertex -15.6108 3.24884 3.5346
      vertex -15.5875 3.19643 3.56015
    endloop
  endfacet
  facet normal -0.499734 0.0263295 0.865778
    outer loop
      vertex -15.7709 3.02847 3.5346
      vertex -15.825 3.03416 3.5032
      vertex -15.7724 3 3.5346
    endloop
  endfacet
  facet normal -0.305583 0.047569 0.950976
    outer loop
      vertex -15.6519 3.03229 3.57955
      vertex -15.7138 3.02248 3.56015
      vertex -15.6544 3.01623 3.57955
    endloop
  endfacet
  facet normal -0.289178 0.110562 0.950869
    outer loop
      vertex -15.6419 3.06316 3.57955
      vertex -15.6964 3.08746 3.56015
      vertex -15.6477 3.04799 3.57955
    endloop
  endfacet
  facet normal -0.0975711 0.0382632 0.994493
    outer loop
      vertex -15.5857 3.03818 3.59261
      vertex -15.5893 3.029 3.59261
      vertex -15.5287 3.01277 3.59918
    endloop
  endfacet
  facet normal -0.38848 0.315694 0.865691
    outer loop
      vertex -15.7428 3.21866 3.5032
      vertex -15.7644 3.19208 3.5032
      vertex -15.7024 3.18227 3.5346
    endloop
  endfacet
  facet normal -0.363213 0.184394 0.913277
    outer loop
      vertex -15.7359 3.1362 3.5346
      vertex -15.7488 3.11079 3.5346
      vertex -15.6964 3.08746 3.56015
    endloop
  endfacet
  facet normal -0.765997 0.497824 0.406719
    outer loop
      vertex -15.9532 3.32925 3.21502
      vertex -15.963 3.2673 3.27239
      vertex -15.9325 3.31423 3.27239
    endloop
  endfacet
  facet normal -0.739177 0.598675 0.308555
    outer loop
      vertex -15.9163 3.37481 3.21502
      vertex -15.9689 3.34065 3.15529
      vertex -15.9532 3.32925 3.21502
    endloop
  endfacet
  facet normal -0.673687 0.544676 0.499474
    outer loop
      vertex -15.874 3.33671 3.32678
      vertex -15.9325 3.31423 3.27239
      vertex -15.9071 3.29577 3.32678
    endloop
  endfacet
  facet normal -0.726407 0.472095 0.499459
    outer loop
      vertex -15.9325 3.31423 3.27239
      vertex -15.963 3.2673 3.27239
      vertex -15.9071 3.29577 3.32678
    endloop
  endfacet
  facet normal 0.578131 0.467931 0.668435
    outer loop
      vertex -15.1535 3.31201 3.37759
      vertex -15.1847 3.28389 3.42426
      vertex -15.1228 3.27408 3.37759
    endloop
  endfacet
  facet normal 0.628849 0.508981 0.587782
    outer loop
      vertex -15.126 3.33671 3.32678
      vertex -15.1535 3.31201 3.37759
      vertex -15.1228 3.27408 3.37759
    endloop
  endfacet
  facet normal 0.62354 0.405092 0.668655
    outer loop
      vertex -15.1228 3.27408 3.37759
      vertex -15.1568 3.24938 3.42426
      vertex -15.1326 3.21213 3.42426
    endloop
  endfacet
  facet normal 0.578232 0.467478 0.668665
    outer loop
      vertex -15.1228 3.27408 3.37759
      vertex -15.1847 3.28389 3.42426
      vertex -15.1568 3.24938 3.42426
    endloop
  endfacet
  facet normal -0.365122 0.561595 0.742494
    outer loop
      vertex -15.7121 3.36742 3.42426
      vertex -15.7219 3.30548 3.46629
      vertex -15.6888 3.327 3.46629
    endloop
  endfacet
  facet normal -0.421352 0.520094 0.742944
    outer loop
      vertex -15.7494 3.34324 3.42426
      vertex -15.7839 3.31529 3.42426
      vertex -15.7219 3.30548 3.46629
    endloop
  endfacet
  facet normal -0.0877411 -0.0572225 0.994498
    outer loop
      vertex -15.5272 -3.0157 3.59918
      vertex -15.5813 -3.04693 3.59261
      vertex -15.5254 -3.01846 3.59918
    endloop
  endfacet
  facet normal -0.0876348 -0.0574306 0.994496
    outer loop
      vertex -15.5254 -3.01846 3.59918
      vertex -15.5813 -3.04693 3.59261
      vertex -15.5759 -3.05517 3.59261
    endloop
  endfacet
  facet normal -0.131389 -0.161579 0.978074
    outer loop
      vertex -15.5628 -3.06975 3.59261
      vertex -15.5913 -3.12563 3.57955
      vertex -15.5552 -3.07593 3.59261
    endloop
  endfacet
  facet normal -0.131247 -0.161653 0.978081
    outer loop
      vertex -15.5628 -3.06975 3.59261
      vertex -15.6039 -3.1154 3.57955
      vertex -15.5913 -3.12563 3.57955
    endloop
  endfacet
  facet normal 0.23991 0.194781 0.951054
    outer loop
      vertex -15.3402 3.14388 3.56015
      vertex -15.3744 3.09128 3.57955
      vertex -15.326 3.12639 3.56015
    endloop
  endfacet
  facet normal 0.316303 0.256804 0.913238
    outer loop
      vertex -15.2976 3.18227 3.5346
      vertex -15.3402 3.14388 3.56015
      vertex -15.326 3.12639 3.56015
    endloop
  endfacet
  facet normal 0.0268926 0.101243 0.994498
    outer loop
      vertex -15.471 3.08927 3.59261
      vertex -15.4935 3.03071 3.59918
      vertex -15.4903 3.02986 3.59918
    endloop
  endfacet
  facet normal 0.0949892 0.185293 0.978082
    outer loop
      vertex -15.4224 3.13449 3.57955
      vertex -15.4618 3.08575 3.59261
      vertex -15.4531 3.08129 3.59261
    endloop
  endfacet
  facet normal 0.0744504 0.194441 0.978085
    outer loop
      vertex -15.452 3.14769 3.57955
      vertex -15.471 3.08927 3.59261
      vertex -15.4368 3.14187 3.57955
    endloop
  endfacet
  facet normal -0.016426 0.103462 0.994498
    outer loop
      vertex -15.5098 3.09335 3.59261
      vertex -15.5195 3.09181 3.59261
      vertex -15.5033 3.03123 3.59918
    endloop
  endfacet
  facet normal 0.0537742 0.201124 0.978089
    outer loop
      vertex -15.4677 3.1519 3.57955
      vertex -15.4805 3.09181 3.59261
      vertex -15.471 3.08927 3.59261
    endloop
  endfacet
  facet normal 0.0539294 0.201114 0.978082
    outer loop
      vertex -15.4677 3.1519 3.57955
      vertex -15.471 3.08927 3.59261
      vertex -15.452 3.14769 3.57955
    endloop
  endfacet
  facet normal 0.0161985 0.308869 0.950967
    outer loop
      vertex -15.5 3.21502 3.56015
      vertex -15.5 3.15529 3.57955
      vertex -15.4775 3.21384 3.56015
    endloop
  endfacet
  facet normal -0.0161985 0.308869 0.950967
    outer loop
      vertex -15.5 3.21502 3.56015
      vertex -15.5225 3.21384 3.56015
      vertex -15.5 3.15529 3.57955
    endloop
  endfacet
  facet normal -0.110511 0.288945 0.950946
    outer loop
      vertex -15.5664 3.2045 3.56015
      vertex -15.5875 3.19643 3.56015
      vertex -15.548 3.14769 3.57955
    endloop
  endfacet
  facet normal -0.0744504 0.194441 0.978085
    outer loop
      vertex -15.548 3.14769 3.57955
      vertex -15.5632 3.14187 3.57955
      vertex -15.529 3.08927 3.59261
    endloop
  endfacet
  facet normal -0.341978 0.220981 0.913356
    outer loop
      vertex -15.674 3.12639 3.56015
      vertex -15.7359 3.1362 3.5346
      vertex -15.6862 3.10751 3.56015
    endloop
  endfacet
  facet normal -0.256158 0.31658 0.913324
    outer loop
      vertex -15.6264 3.17395 3.56015
      vertex -15.6823 3.20243 3.5346
      vertex -15.6439 3.15979 3.56015
    endloop
  endfacet
  facet normal -0.272642 0.419584 0.865804
    outer loop
      vertex -15.6362 3.2359 3.5346
      vertex -15.6921 3.26437 3.5032
      vertex -15.6601 3.22037 3.5346
    endloop
  endfacet
  facet normal -0.466979 0.180687 0.865611
    outer loop
      vertex -15.7488 3.11079 3.5346
      vertex -15.8108 3.10098 3.5032
      vertex -15.7591 3.08417 3.5346
    endloop
  endfacet
  facet normal -0.484011 0.128296 0.865606
    outer loop
      vertex -15.7591 3.08417 3.5346
      vertex -15.8108 3.10098 3.5032
      vertex -15.7664 3.05663 3.5346
    endloop
  endfacet
  facet normal -0.483608 0.128806 0.865756
    outer loop
      vertex -15.8108 3.10098 3.5032
      vertex -15.8196 3.06794 3.5032
      vertex -15.7664 3.05663 3.5346
    endloop
  endfacet
  facet normal -0.568395 0.151389 0.808708
    outer loop
      vertex -15.8108 3.10098 3.5032
      vertex -15.8693 3.07851 3.46629
      vertex -15.8196 3.06794 3.5032
    endloop
  endfacet
  facet normal -0.308787 0.0171231 0.950977
    outer loop
      vertex -15.6544 3.01623 3.57955
      vertex -15.7138 3.02248 3.56015
      vertex -15.6553 3 3.57955
    endloop
  endfacet
  facet normal -0.402445 0.0633915 0.913247
    outer loop
      vertex -15.7103 3.0447 3.56015
      vertex -15.7664 3.05663 3.5346
      vertex -15.7138 3.02248 3.56015
    endloop
  endfacet
  facet normal -0.401971 0.0642353 0.913397
    outer loop
      vertex -15.7664 3.05663 3.5346
      vertex -15.7709 3.02847 3.5346
      vertex -15.7138 3.02248 3.56015
    endloop
  endfacet
  facet normal -0.40647 0.0214157 0.913413
    outer loop
      vertex -15.7709 3.02847 3.5346
      vertex -15.7724 3 3.5346
      vertex -15.7138 3.02248 3.56015
    endloop
  endfacet
  facet normal -0.275699 0.140799 0.950876
    outer loop
      vertex -15.6345 3.07765 3.57955
      vertex -15.6964 3.08746 3.56015
      vertex -15.6419 3.06316 3.57955
    endloop
  endfacet
  facet normal -0.0745765 0.0736163 0.994494
    outer loop
      vertex -15.5628 3.06975 3.59261
      vertex -15.5233 3.02101 3.59918
      vertex -15.521 3.02334 3.59918
    endloop
  endfacet
  facet normal -0.0737539 0.0742845 0.994506
    outer loop
      vertex -15.5233 3.02101 3.59918
      vertex -15.5628 3.06975 3.59261
      vertex -15.5698 3.0628 3.59261
    endloop
  endfacet
  facet normal -0.419975 0.272274 0.86573
    outer loop
      vertex -15.7644 3.19208 3.5032
      vertex -15.783 3.16339 3.5032
      vertex -15.7359 3.1362 3.5346
    endloop
  endfacet
  facet normal -0.446164 0.226888 0.865713
    outer loop
      vertex -15.783 3.16339 3.5032
      vertex -15.7985 3.13291 3.5032
      vertex -15.7359 3.1362 3.5346
    endloop
  endfacet
  facet normal -0.316217 0.256855 0.913254
    outer loop
      vertex -15.7024 3.18227 3.5346
      vertex -15.7204 3.16011 3.5346
      vertex -15.674 3.12639 3.56015
    endloop
  endfacet
  facet normal -0.388512 0.315578 0.865719
    outer loop
      vertex -15.7024 3.18227 3.5346
      vertex -15.7644 3.19208 3.5032
      vertex -15.7204 3.16011 3.5346
    endloop
  endfacet
  facet normal -0.678552 0.440897 0.587518
    outer loop
      vertex -15.9071 3.29577 3.32678
      vertex -15.9358 3.2516 3.32678
      vertex -15.8772 3.27408 3.37759
    endloop
  endfacet
  facet normal -0.629281 0.508774 0.587499
    outer loop
      vertex -15.874 3.33671 3.32678
      vertex -15.9071 3.29577 3.32678
      vertex -15.8772 3.27408 3.37759
    endloop
  endfacet
  facet normal -0.21099 0.548986 0.808763
    outer loop
      vertex -15.601 3.31079 3.5032
      vertex -15.6536 3.34495 3.46629
      vertex -15.6329 3.29853 3.5032
    endloop
  endfacet
  facet normal -0.21076 0.549227 0.808659
    outer loop
      vertex -15.6167 3.35911 3.46629
      vertex -15.6536 3.34495 3.46629
      vertex -15.601 3.31079 3.5032
    endloop
  endfacet
  facet normal -0.468116 0.577817 0.668577
    outer loop
      vertex -15.7741 3.37723 3.37759
      vertex -15.7839 3.31529 3.42426
      vertex -15.7494 3.34324 3.42426
    endloop
  endfacet
  facet normal -0.364132 0.56171 0.742893
    outer loop
      vertex -15.7121 3.36742 3.42426
      vertex -15.7494 3.34324 3.42426
      vertex -15.7219 3.30548 3.46629
    endloop
  endfacet
  facet normal 0.0564112 0.088241 0.994501
    outer loop
      vertex -15.4531 3.08129 3.59261
      vertex -15.4843 3.02719 3.59918
      vertex -15.4815 3.0254 3.59918
    endloop
  endfacet
  facet normal 0.0744056 0.194469 0.978083
    outer loop
      vertex -15.4368 3.14187 3.57955
      vertex -15.471 3.08927 3.59261
      vertex -15.4618 3.08575 3.59261
    endloop
  endfacet
  facet normal 0.0477951 0.0932325 0.994497
    outer loop
      vertex -15.4618 3.08575 3.59261
      vertex -15.4872 3.02869 3.59918
      vertex -15.4531 3.08129 3.59261
    endloop
  endfacet
  facet normal -0.0270527 0.101181 0.9945
    outer loop
      vertex -15.5195 3.09181 3.59261
      vertex -15.529 3.08927 3.59261
      vertex -15.5065 3.03071 3.59918
    endloop
  endfacet
  facet normal -0.0481163 0.0930248 0.9945
    outer loop
      vertex -15.5128 3.02869 3.59918
      vertex -15.5469 3.08129 3.59261
      vertex -15.5157 3.02719 3.59918
    endloop
  endfacet
  facet normal -0.186074 0.0935689 0.97807
    outer loop
      vertex -15.5813 3.04693 3.59261
      vertex -15.6345 3.07765 3.57955
      vertex -15.5857 3.03818 3.59261
    endloop
  endfacet
  facet normal 0.00538893 0.104609 0.994499
    outer loop
      vertex -15.5 3.09386 3.59261
      vertex -15.5 3.0314 3.59918
      vertex -15.4967 3.03123 3.59918
    endloop
  endfacet
  facet normal -0.0109104 0.20794 0.978081
    outer loop
      vertex -15.5 3.15529 3.57955
      vertex -15.5162 3.15444 3.57955
      vertex -15.5 3.09386 3.59261
    endloop
  endfacet
  facet normal -0.0108225 0.207962 0.978077
    outer loop
      vertex -15.5 3.09386 3.59261
      vertex -15.5162 3.15444 3.57955
      vertex -15.5098 3.09335 3.59261
    endloop
  endfacet
  facet normal -0.11298 0.174951 0.978073
    outer loop
      vertex -15.5469 3.08129 3.59261
      vertex -15.5913 3.12563 3.57955
      vertex -15.5552 3.07593 3.59261
    endloop
  endfacet
  facet normal -0.0949892 0.185293 0.978082
    outer loop
      vertex -15.5382 3.08575 3.59261
      vertex -15.5776 3.13449 3.57955
      vertex -15.5469 3.08129 3.59261
    endloop
  endfacet
  facet normal 0.016426 0.103462 0.994498
    outer loop
      vertex -15.4902 3.09335 3.59261
      vertex -15.4967 3.03123 3.59918
      vertex -15.4805 3.09181 3.59261
    endloop
  endfacet
  facet normal 0.0270527 0.101181 0.9945
    outer loop
      vertex -15.4805 3.09181 3.59261
      vertex -15.4935 3.03071 3.59918
      vertex -15.471 3.08927 3.59261
    endloop
  endfacet
  facet normal -0.110607 0.288871 0.950957
    outer loop
      vertex -15.548 3.14769 3.57955
      vertex -15.5875 3.19643 3.56015
      vertex -15.5632 3.14187 3.57955
    endloop
  endfacet
  facet normal -0.141088 0.275293 0.950951
    outer loop
      vertex -15.5632 3.14187 3.57955
      vertex -15.5875 3.19643 3.56015
      vertex -15.5776 3.13449 3.57955
    endloop
  endfacet
  facet normal -0.0324467 0.205666 0.978084
    outer loop
      vertex -15.5162 3.15444 3.57955
      vertex -15.5323 3.1519 3.57955
      vertex -15.5195 3.09181 3.59261
    endloop
  endfacet
  facet normal -0.0481934 0.305478 0.950979
    outer loop
      vertex -15.5225 3.21384 3.56015
      vertex -15.5323 3.1519 3.57955
      vertex -15.5162 3.15444 3.57955
    endloop
  endfacet
  facet normal -0.194875 0.240021 0.951007
    outer loop
      vertex -15.5913 3.12563 3.57955
      vertex -15.6439 3.15979 3.56015
      vertex -15.6039 3.1154 3.57955
    endloop
  endfacet
  facet normal -0.221939 0.341555 0.913281
    outer loop
      vertex -15.6362 3.2359 3.5346
      vertex -15.6601 3.22037 3.5346
      vertex -15.6264 3.17395 3.56015
    endloop
  endfacet
  facet normal -0.37988 0.146386 0.91338
    outer loop
      vertex -15.6964 3.08746 3.56015
      vertex -15.7591 3.08417 3.5346
      vertex -15.7045 3.06644 3.56015
    endloop
  endfacet
  facet normal -0.393537 0.104315 0.913371
    outer loop
      vertex -15.7591 3.08417 3.5346
      vertex -15.7664 3.05663 3.5346
      vertex -15.7045 3.06644 3.56015
    endloop
  endfacet
  facet normal -0.406559 0.0217025 0.913367
    outer loop
      vertex -15.7138 3.02248 3.56015
      vertex -15.7724 3 3.5346
      vertex -15.715 3 3.56015
    endloop
  endfacet
  facet normal -0.309008 0.0164951 0.950916
    outer loop
      vertex -15.7138 3.02248 3.56015
      vertex -15.715 3 3.56015
      vertex -15.6553 3 3.57955
    endloop
  endfacet
  facet normal -0.218522 0.218712 0.951006
    outer loop
      vertex -15.6439 3.15979 3.56015
      vertex -15.6154 3.10391 3.57955
      vertex -15.6039 3.1154 3.57955
    endloop
  endfacet
  facet normal -0.218734 0.218597 0.950984
    outer loop
      vertex -15.6154 3.10391 3.57955
      vertex -15.6439 3.15979 3.56015
      vertex -15.6598 3.14388 3.56015
    endloop
  endfacet
  facet normal -0.288663 0.111236 0.950947
    outer loop
      vertex -15.6964 3.08746 3.56015
      vertex -15.7045 3.06644 3.56015
      vertex -15.6477 3.04799 3.57955
    endloop
  endfacet
  facet normal -0.298899 0.0799603 0.950929
    outer loop
      vertex -15.6477 3.04799 3.57955
      vertex -15.7103 3.0447 3.56015
      vertex -15.6519 3.03229 3.57955
    endloop
  endfacet
  facet normal -0.341839 0.221602 0.913257
    outer loop
      vertex -15.7204 3.16011 3.5346
      vertex -15.7359 3.1362 3.5346
      vertex -15.674 3.12639 3.56015
    endloop
  endfacet
  facet normal -0.419989 0.272264 0.865726
    outer loop
      vertex -15.7204 3.16011 3.5346
      vertex -15.7644 3.19208 3.5032
      vertex -15.7359 3.1362 3.5346
    endloop
  endfacet
  facet normal -0.288045 0.287864 0.913326
    outer loop
      vertex -15.6823 3.20243 3.5346
      vertex -15.6598 3.14388 3.56015
      vertex -15.6439 3.15979 3.56015
    endloop
  endfacet
  facet normal -0.28851 0.287651 0.913246
    outer loop
      vertex -15.6598 3.14388 3.56015
      vertex -15.6823 3.20243 3.5346
      vertex -15.7024 3.18227 3.5346
    endloop
  endfacet
  facet normal -0.354426 0.353371 0.865743
    outer loop
      vertex -15.7187 3.24285 3.5032
      vertex -15.7024 3.18227 3.5346
      vertex -15.6823 3.20243 3.5346
    endloop
  endfacet
  facet normal -0.354615 0.353296 0.865697
    outer loop
      vertex -15.7024 3.18227 3.5346
      vertex -15.7187 3.24285 3.5032
      vertex -15.7428 3.21866 3.5032
    endloop
  endfacet
  facet normal -0.36957 0.457691 0.808664
    outer loop
      vertex -15.7219 3.30548 3.46629
      vertex -15.7527 3.28061 3.46629
      vertex -15.7187 3.24285 3.5032
    endloop
  endfacet
  facet normal -0.370166 0.457547 0.808472
    outer loop
      vertex -15.6921 3.26437 3.5032
      vertex -15.7219 3.30548 3.46629
      vertex -15.7187 3.24285 3.5032
    endloop
  endfacet
  facet normal 0.0374359 0.0978439 0.994497
    outer loop
      vertex -15.471 3.08927 3.59261
      vertex -15.4872 3.02869 3.59918
      vertex -15.4618 3.08575 3.59261
    endloop
  endfacet
  facet normal 0.0369749 0.0979678 0.994502
    outer loop
      vertex -15.471 3.08927 3.59261
      vertex -15.4903 3.02986 3.59918
      vertex -15.4872 3.02869 3.59918
    endloop
  endfacet
  facet normal -0.0477951 0.0932325 0.994497
    outer loop
      vertex -15.5382 3.08575 3.59261
      vertex -15.5469 3.08129 3.59261
      vertex -15.5128 3.02869 3.59918
    endloop
  endfacet
  facet normal -0.0374359 0.0978439 0.994497
    outer loop
      vertex -15.529 3.08927 3.59261
      vertex -15.5382 3.08575 3.59261
      vertex -15.5128 3.02869 3.59918
    endloop
  endfacet
  facet normal 0 0 1
    outer loop
      vertex -15.5314 3 3.59918
      vertex -15.4686 3 3.59918
      vertex -15.4688 3.00328 3.59918
    endloop
  endfacet
  facet normal 0 0 1
    outer loop
      vertex -15.4686 3 3.59918
      vertex -15.5314 3 3.59918
      vertex -15.4686 -3 3.59918
    endloop
  endfacet
  facet normal 0 0 1
    outer loop
      vertex -15.5314 3 3.59918
      vertex -15.4688 3.00328 3.59918
      vertex -15.4693 3.00653 3.59918
    endloop
  endfacet
  facet normal 0 0 1
    outer loop
      vertex -15.5314 -3 3.59918
      vertex -15.4686 -3 3.59918
      vertex -15.5314 3 3.59918
    endloop
  endfacet
  facet normal 0 0 1
    outer loop
      vertex -15.5314 3 3.59918
      vertex -15.4693 3.00653 3.59918
      vertex -15.4701 3.0097 3.59918
    endloop
  endfacet
  facet normal 0 0 1
    outer loop
      vertex -15.4686 -3 3.59918
      vertex -15.5314 -3 3.59918
      vertex -15.4688 -3.00328 3.59918
    endloop
  endfacet
  facet normal 0 0 1
    outer loop
      vertex -15.5314 3 3.59918
      vertex -15.4701 3.0097 3.59918
      vertex -15.4713 3.01277 3.59918
    endloop
  endfacet
  facet normal 0 0 1
    outer loop
      vertex -15.4688 -3.00328 3.59918
      vertex -15.5314 -3 3.59918
      vertex -15.4693 -3.00653 3.59918
    endloop
  endfacet
  facet normal 0 0 1
    outer loop
      vertex -15.5314 3 3.59918
      vertex -15.4713 3.01277 3.59918
      vertex -15.4728 3.0157 3.59918
    endloop
  endfacet
  facet normal 0 0 1
    outer loop
      vertex -15.4693 -3.00653 3.59918
      vertex -15.5314 -3 3.59918
      vertex -15.4701 -3.0097 3.59918
    endloop
  endfacet
  facet normal 0 0 1
    outer loop
      vertex -15.5314 3 3.59918
      vertex -15.4728 3.0157 3.59918
      vertex -15.4746 3.01846 3.59918
    endloop
  endfacet
  facet normal 0 0 1
    outer loop
      vertex -15.4701 -3.0097 3.59918
      vertex -15.5314 -3 3.59918
      vertex -15.4713 -3.01277 3.59918
    endloop
  endfacet
  facet normal 0 0 1
    outer loop
      vertex -15.5314 3 3.59918
      vertex -15.4746 3.01846 3.59918
      vertex -15.4767 3.02101 3.59918
    endloop
  endfacet
  facet normal 0 0 1
    outer loop
      vertex -15.4713 -3.01277 3.59918
      vertex -15.5314 -3 3.59918
      vertex -15.4728 -3.0157 3.59918
    endloop
  endfacet
  facet normal 0 0 1
    outer loop
      vertex -15.5314 3 3.59918
      vertex -15.4767 3.02101 3.59918
      vertex -15.479 3.02334 3.59918
    endloop
  endfacet
  facet normal 0 0 1
    outer loop
      vertex -15.4728 -3.0157 3.59918
      vertex -15.5314 -3 3.59918
      vertex -15.4746 -3.01846 3.59918
    endloop
  endfacet
  facet normal 0 0 1
    outer loop
      vertex -15.5314 3 3.59918
      vertex -15.479 3.02334 3.59918
      vertex -15.4815 3.0254 3.59918
    endloop
  endfacet
  facet normal 0 0 1
    outer loop
      vertex -15.4746 -3.01846 3.59918
      vertex -15.5314 -3 3.59918
      vertex -15.4767 -3.02101 3.59918
    endloop
  endfacet
  facet normal 0 0 1
    outer loop
      vertex -15.5314 3 3.59918
      vertex -15.4815 3.0254 3.59918
      vertex -15.4843 3.02719 3.59918
    endloop
  endfacet
  facet normal 0 0 1
    outer loop
      vertex -15.4767 -3.02101 3.59918
      vertex -15.5314 -3 3.59918
      vertex -15.479 -3.02334 3.59918
    endloop
  endfacet
  facet normal 0 0 1
    outer loop
      vertex -15.5314 3 3.59918
      vertex -15.4843 3.02719 3.59918
      vertex -15.4872 3.02869 3.59918
    endloop
  endfacet
  facet normal 0 0 1
    outer loop
      vertex -15.479 -3.02334 3.59918
      vertex -15.5314 -3 3.59918
      vertex -15.4815 -3.0254 3.59918
    endloop
  endfacet
  facet normal 0 0 1
    outer loop
      vertex -15.5314 3 3.59918
      vertex -15.4872 3.02869 3.59918
      vertex -15.4903 3.02986 3.59918
    endloop
  endfacet
  facet normal 0 0 1
    outer loop
      vertex -15.4815 -3.0254 3.59918
      vertex -15.5314 -3 3.59918
      vertex -15.4843 -3.02719 3.59918
    endloop
  endfacet
  facet normal 0 0 1
    outer loop
      vertex -15.5314 3 3.59918
      vertex -15.4903 3.02986 3.59918
      vertex -15.4935 3.03071 3.59918
    endloop
  endfacet
  facet normal 0 0 1
    outer loop
      vertex -15.4843 -3.02719 3.59918
      vertex -15.5314 -3 3.59918
      vertex -15.4872 -3.02869 3.59918
    endloop
  endfacet
  facet normal 0 0 1
    outer loop
      vertex -15.5314 3 3.59918
      vertex -15.4935 3.03071 3.59918
      vertex -15.4967 3.03123 3.59918
    endloop
  endfacet
  facet normal 0 0 1
    outer loop
      vertex -15.4872 -3.02869 3.59918
      vertex -15.5314 -3 3.59918
      vertex -15.4903 -3.02986 3.59918
    endloop
  endfacet
  facet normal 0 0 1
    outer loop
      vertex -15.5314 3 3.59918
      vertex -15.4967 3.03123 3.59918
      vertex -15.5 3.0314 3.59918
    endloop
  endfacet
  facet normal 0 0 1
    outer loop
      vertex -15.4903 -3.02986 3.59918
      vertex -15.5314 -3 3.59918
      vertex -15.4935 -3.03071 3.59918
    endloop
  endfacet
  facet normal 0 0 1
    outer loop
      vertex -15.5314 3 3.59918
      vertex -15.5 3.0314 3.59918
      vertex -15.5033 3.03123 3.59918
    endloop
  endfacet
  facet normal 0 0 1
    outer loop
      vertex -15.4935 -3.03071 3.59918
      vertex -15.5314 -3 3.59918
      vertex -15.4967 -3.03123 3.59918
    endloop
  endfacet
  facet normal 0 0 1
    outer loop
      vertex -15.5314 3 3.59918
      vertex -15.5033 3.03123 3.59918
      vertex -15.5065 3.03071 3.59918
    endloop
  endfacet
  facet normal 0 0 1
    outer loop
      vertex -15.4967 -3.03123 3.59918
      vertex -15.5314 -3 3.59918
      vertex -15.5 -3.0314 3.59918
    endloop
  endfacet
  facet normal 0 0 1
    outer loop
      vertex -15.5314 3 3.59918
      vertex -15.5065 3.03071 3.59918
      vertex -15.5097 3.02986 3.59918
    endloop
  endfacet
  facet normal 0 0 1
    outer loop
      vertex -15.5 -3.0314 3.59918
      vertex -15.5314 -3 3.59918
      vertex -15.5033 -3.03123 3.59918
    endloop
  endfacet
  facet normal 0 0 1
    outer loop
      vertex -15.5314 3 3.59918
      vertex -15.5097 3.02986 3.59918
      vertex -15.5128 3.02869 3.59918
    endloop
  endfacet
  facet normal 0 0 1
    outer loop
      vertex -15.5033 -3.03123 3.59918
      vertex -15.5314 -3 3.59918
      vertex -15.5065 -3.03071 3.59918
    endloop
  endfacet
  facet normal 0 0 1
    outer loop
      vertex -15.5314 3 3.59918
      vertex -15.5128 3.02869 3.59918
      vertex -15.5157 3.02719 3.59918
    endloop
  endfacet
  facet normal 0 0 1
    outer loop
      vertex -15.5065 -3.03071 3.59918
      vertex -15.5314 -3 3.59918
      vertex -15.5097 -3.02986 3.59918
    endloop
  endfacet
  facet normal 0 0 1
    outer loop
      vertex -15.5314 3 3.59918
      vertex -15.5157 3.02719 3.59918
      vertex -15.5185 3.0254 3.59918
    endloop
  endfacet
  facet normal 0 0 1
    outer loop
      vertex -15.5097 -3.02986 3.59918
      vertex -15.5314 -3 3.59918
      vertex -15.5128 -3.02869 3.59918
    endloop
  endfacet
  facet normal 0 0 1
    outer loop
      vertex -15.5314 3 3.59918
      vertex -15.5185 3.0254 3.59918
      vertex -15.521 3.02334 3.59918
    endloop
  endfacet
  facet normal 0 0 1
    outer loop
      vertex -15.5128 -3.02869 3.59918
      vertex -15.5314 -3 3.59918
      vertex -15.5157 -3.02719 3.59918
    endloop
  endfacet
  facet normal 0 0 1
    outer loop
      vertex -15.5314 3 3.59918
      vertex -15.521 3.02334 3.59918
      vertex -15.5233 3.02101 3.59918
    endloop
  endfacet
  facet normal 0 0 1
    outer loop
      vertex -15.5157 -3.02719 3.59918
      vertex -15.5314 -3 3.59918
      vertex -15.5185 -3.0254 3.59918
    endloop
  endfacet
  facet normal 0 0 1
    outer loop
      vertex -15.5314 3 3.59918
      vertex -15.5233 3.02101 3.59918
      vertex -15.5254 3.01846 3.59918
    endloop
  endfacet
  facet normal 0 0 1
    outer loop
      vertex -15.5185 -3.0254 3.59918
      vertex -15.5314 -3 3.59918
      vertex -15.521 -3.02334 3.59918
    endloop
  endfacet
  facet normal 0 0 1
    outer loop
      vertex -15.5314 3 3.59918
      vertex -15.5254 3.01846 3.59918
      vertex -15.5272 3.0157 3.59918
    endloop
  endfacet
  facet normal 0 0 1
    outer loop
      vertex -15.521 -3.02334 3.59918
      vertex -15.5314 -3 3.59918
      vertex -15.5233 -3.02101 3.59918
    endloop
  endfacet
  facet normal 0 0 1
    outer loop
      vertex -15.5314 3 3.59918
      vertex -15.5272 3.0157 3.59918
      vertex -15.5287 3.01277 3.59918
    endloop
  endfacet
  facet normal 0 0 1
    outer loop
      vertex -15.5233 -3.02101 3.59918
      vertex -15.5314 -3 3.59918
      vertex -15.5254 -3.01846 3.59918
    endloop
  endfacet
  facet normal 0 0 1
    outer loop
      vertex -15.5314 3 3.59918
      vertex -15.5287 3.01277 3.59918
      vertex -15.5299 3.0097 3.59918
    endloop
  endfacet
  facet normal 0 0 1
    outer loop
      vertex -15.5254 -3.01846 3.59918
      vertex -15.5314 -3 3.59918
      vertex -15.5272 -3.0157 3.59918
    endloop
  endfacet
  facet normal 0 0 1
    outer loop
      vertex -15.5314 3 3.59918
      vertex -15.5299 3.0097 3.59918
      vertex -15.5307 3.00653 3.59918
    endloop
  endfacet
  facet normal 0 0 1
    outer loop
      vertex -15.5272 -3.0157 3.59918
      vertex -15.5314 -3 3.59918
      vertex -15.5287 -3.01277 3.59918
    endloop
  endfacet
  facet normal 0 0 1
    outer loop
      vertex -15.5314 3 3.59918
      vertex -15.5307 3.00653 3.59918
      vertex -15.5312 3.00328 3.59918
    endloop
  endfacet
  facet normal 0 0 1
    outer loop
      vertex -15.5287 -3.01277 3.59918
      vertex -15.5314 -3 3.59918
      vertex -15.5299 -3.0097 3.59918
    endloop
  endfacet
  facet normal 0 0 1
    outer loop
      vertex -15.5299 -3.0097 3.59918
      vertex -15.5314 -3 3.59918
      vertex -15.5307 -3.00653 3.59918
    endloop
  endfacet
  facet normal 0 0 1
    outer loop
      vertex -15.5307 -3.00653 3.59918
      vertex -15.5314 -3 3.59918
      vertex -15.5312 -3.00328 3.59918
    endloop
  endfacet
  facet normal -0.104542 0.0063745 0.9945
    outer loop
      vertex -15.5312 3.00328 3.59918
      vertex -15.5939 3 3.59261
      vertex -15.5314 3 3.59918
    endloop
  endfacet
  facet normal -0.205732 0.0320255 0.978084
    outer loop
      vertex -15.6519 3.03229 3.57955
      vertex -15.6544 3.01623 3.57955
      vertex -15.5918 3.01951 3.59261
    endloop
  endfacet
  facet normal -0.103531 0.01601 0.994497
    outer loop
      vertex -15.5918 3.01951 3.59261
      vertex -15.5933 3.00981 3.59261
      vertex -15.5312 3.00328 3.59918
    endloop
  endfacet
  facet normal -0.0167966 0.103364 0.994502
    outer loop
      vertex -15.5033 3.03123 3.59918
      vertex -15.5195 3.09181 3.59261
      vertex -15.5065 3.03071 3.59918
    endloop
  endfacet
  facet normal 0.0167966 0.103364 0.994502
    outer loop
      vertex -15.4805 3.09181 3.59261
      vertex -15.4967 3.03123 3.59918
      vertex -15.4935 3.03071 3.59918
    endloop
  endfacet
  facet normal -0.194569 0.240463 0.950957
    outer loop
      vertex -15.6264 3.17395 3.56015
      vertex -15.6439 3.15979 3.56015
      vertex -15.5913 3.12563 3.57955
    endloop
  endfacet
  facet normal -0.167993 0.259764 0.950947
    outer loop
      vertex -15.5776 3.13449 3.57955
      vertex -15.6264 3.17395 3.56015
      vertex -15.5913 3.12563 3.57955
    endloop
  endfacet
  facet normal -0.298894 0.0797417 0.950949
    outer loop
      vertex -15.7045 3.06644 3.56015
      vertex -15.7103 3.0447 3.56015
      vertex -15.6477 3.04799 3.57955
    endloop
  endfacet
  facet normal -0.393603 0.105009 0.913263
    outer loop
      vertex -15.7045 3.06644 3.56015
      vertex -15.7664 3.05663 3.5346
      vertex -15.7103 3.0447 3.56015
    endloop
  endfacet
  facet normal -0.174116 0.114105 0.978092
    outer loop
      vertex -15.5759 3.05517 3.59261
      vertex -15.6256 3.09128 3.57955
      vertex -15.5813 3.04693 3.59261
    endloop
  endfacet
  facet normal -0.146693 0.147748 0.978086
    outer loop
      vertex -15.6039 3.1154 3.57955
      vertex -15.5698 3.0628 3.59261
      vertex -15.5628 3.06975 3.59261
    endloop
  endfacet
  facet normal -0.147251 0.147379 0.978057
    outer loop
      vertex -15.5698 3.0628 3.59261
      vertex -15.6039 3.1154 3.57955
      vertex -15.6154 3.10391 3.57955
    endloop
  endfacet
  facet normal -0.0932237 0.0477255 0.994501
    outer loop
      vertex -15.5272 3.0157 3.59918
      vertex -15.5813 3.04693 3.59261
      vertex -15.5287 3.01277 3.59918
    endloop
  endfacet
  facet normal -0.162098 0.13091 0.978053
    outer loop
      vertex -15.6154 3.10391 3.57955
      vertex -15.6256 3.09128 3.57955
      vertex -15.5698 3.0628 3.59261
    endloop
  endfacet
  facet normal -0.193566 0.0759082 0.978146
    outer loop
      vertex -15.5857 3.03818 3.59261
      vertex -15.6419 3.06316 3.57955
      vertex -15.5893 3.029 3.59261
    endloop
  endfacet
  facet normal -0.18525 0.0946067 0.978127
    outer loop
      vertex -15.6345 3.07765 3.57955
      vertex -15.6419 3.06316 3.57955
      vertex -15.5857 3.03818 3.59261
    endloop
  endfacet
  facet normal -0.275792 0.140303 0.950923
    outer loop
      vertex -15.6862 3.10751 3.56015
      vertex -15.6964 3.08746 3.56015
      vertex -15.6345 3.07765 3.57955
    endloop
  endfacet
  facet normal -0.259852 0.167913 0.950938
    outer loop
      vertex -15.674 3.12639 3.56015
      vertex -15.6862 3.10751 3.56015
      vertex -15.6345 3.07765 3.57955
    endloop
  endfacet
  facet normal -0.316303 0.256804 0.913238
    outer loop
      vertex -15.6598 3.14388 3.56015
      vertex -15.7024 3.18227 3.5346
      vertex -15.674 3.12639 3.56015
    endloop
  endfacet
  facet normal -0.131389 0.161579 0.978074
    outer loop
      vertex -15.5552 3.07593 3.59261
      vertex -15.5913 3.12563 3.57955
      vertex -15.5628 3.06975 3.59261
    endloop
  endfacet
  facet normal -0.0660828 0.0812669 0.994499
    outer loop
      vertex -15.5552 3.07593 3.59261
      vertex -15.5628 3.06975 3.59261
      vertex -15.521 3.02334 3.59918
    endloop
  endfacet
  facet normal -0.0564112 0.088241 0.994501
    outer loop
      vertex -15.5157 3.02719 3.59918
      vertex -15.5469 3.08129 3.59261
      vertex -15.5185 3.0254 3.59918
    endloop
  endfacet
  facet normal -0.0744056 0.194469 0.978083
    outer loop
      vertex -15.529 3.08927 3.59261
      vertex -15.5632 3.14187 3.57955
      vertex -15.5382 3.08575 3.59261
    endloop
  endfacet
  facet normal -0.0949703 0.185308 0.978081
    outer loop
      vertex -15.5632 3.14187 3.57955
      vertex -15.5776 3.13449 3.57955
      vertex -15.5382 3.08575 3.59261
    endloop
  endfacet
  facet normal -0.103552 0.0159311 0.994496
    outer loop
      vertex -15.5307 3.00653 3.59918
      vertex -15.5918 3.01951 3.59261
      vertex -15.5312 3.00328 3.59918
    endloop
  endfacet
  facet normal -0.104543 0.00639406 0.9945
    outer loop
      vertex -15.5933 3.00981 3.59261
      vertex -15.5939 3 3.59261
      vertex -15.5312 3.00328 3.59918
    endloop
  endfacet
  facet normal -0.201271 0.0530218 0.9781
    outer loop
      vertex -15.5893 3.029 3.59261
      vertex -15.6519 3.03229 3.57955
      vertex -15.5918 3.01951 3.59261
    endloop
  endfacet
  facet normal -0.10127 0.0266781 0.994501
    outer loop
      vertex -15.5893 3.029 3.59261
      vertex -15.5918 3.01951 3.59261
      vertex -15.5307 3.00653 3.59918
    endloop
  endfacet
  facet normal -0.00538893 0.104609 0.994499
    outer loop
      vertex -15.5 3.09386 3.59261
      vertex -15.5033 3.03123 3.59918
      vertex -15.5 3.0314 3.59918
    endloop
  endfacet
  facet normal -0.00544407 0.104612 0.994498
    outer loop
      vertex -15.5 3.09386 3.59261
      vertex -15.5098 3.09335 3.59261
      vertex -15.5033 3.03123 3.59918
    endloop
  endfacet
  facet normal -0.0268926 0.101243 0.994498
    outer loop
      vertex -15.5065 3.03071 3.59918
      vertex -15.529 3.08927 3.59261
      vertex -15.5097 3.02986 3.59918
    endloop
  endfacet
  facet normal -0.0369749 0.0979678 0.994502
    outer loop
      vertex -15.5097 3.02986 3.59918
      vertex -15.529 3.08927 3.59261
      vertex -15.5128 3.02869 3.59918
    endloop
  endfacet
  facet normal -0.221607 0.341629 0.913334
    outer loop
      vertex -15.6075 3.18621 3.56015
      vertex -15.6362 3.2359 3.5346
      vertex -15.6264 3.17395 3.56015
    endloop
  endfacet
  facet normal -0.168284 0.259426 0.950988
    outer loop
      vertex -15.6075 3.18621 3.56015
      vertex -15.6264 3.17395 3.56015
      vertex -15.5776 3.13449 3.57955
    endloop
  endfacet
  facet normal -0.0876348 0.0574306 0.994496
    outer loop
      vertex -15.5759 3.05517 3.59261
      vertex -15.5813 3.04693 3.59261
      vertex -15.5254 3.01846 3.59918
    endloop
  endfacet
  facet normal -0.0568426 0.0880212 0.994495
    outer loop
      vertex -15.5469 3.08129 3.59261
      vertex -15.5552 3.07593 3.59261
      vertex -15.5185 3.0254 3.59918
    endloop
  endfacet
  facet normal -0.066656 0.0808932 0.994491
    outer loop
      vertex -15.5185 3.0254 3.59918
      vertex -15.5552 3.07593 3.59261
      vertex -15.521 3.02334 3.59918
    endloop
  endfacet
  facet normal -0.205723 0.0318128 0.978093
    outer loop
      vertex -15.5918 3.01951 3.59261
      vertex -15.6544 3.01623 3.57955
      vertex -15.5933 3.00981 3.59261
    endloop
  endfacet
  facet normal -0.207733 0.0127054 0.978103
    outer loop
      vertex -15.5933 3.00981 3.59261
      vertex -15.6544 3.01623 3.57955
      vertex -15.5939 3 3.59261
    endloop
  endfacet
  facet normal -0.19454 0.0743792 0.97807
    outer loop
      vertex -15.6419 3.06316 3.57955
      vertex -15.6477 3.04799 3.57955
      vertex -15.5893 3.029 3.59261
    endloop
  endfacet
  facet normal -0.201221 0.0538298 0.978066
    outer loop
      vertex -15.6477 3.04799 3.57955
      vertex -15.6519 3.03229 3.57955
      vertex -15.5893 3.029 3.59261
    endloop
  endfacet
  facet normal -0.0817657 0.0653697 0.994505
    outer loop
      vertex -15.5698 3.0628 3.59261
      vertex -15.5759 3.05517 3.59261
      vertex -15.5233 3.02101 3.59918
    endloop
  endfacet
  facet normal -0.162582 0.129981 0.978096
    outer loop
      vertex -15.5698 3.0628 3.59261
      vertex -15.6256 3.09128 3.57955
      vertex -15.5759 3.05517 3.59261
    endloop
  endfacet
  facet normal -0.0976014 0.0381504 0.994494
    outer loop
      vertex -15.5287 3.01277 3.59918
      vertex -15.5893 3.029 3.59261
      vertex -15.5299 3.0097 3.59918
    endloop
  endfacet
  facet normal -0.101661 0.0256556 0.994488
    outer loop
      vertex -15.5299 3.0097 3.59918
      vertex -15.5893 3.029 3.59261
      vertex -15.5307 3.00653 3.59918
    endloop
  endfacet
  facet normal -0.0877411 0.0572225 0.994498
    outer loop
      vertex -15.5254 3.01846 3.59918
      vertex -15.5813 3.04693 3.59261
      vertex -15.5272 3.0157 3.59918
    endloop
  endfacet
  facet normal -0.0809321 0.06665 0.994489
    outer loop
      vertex -15.5233 3.02101 3.59918
      vertex -15.5759 3.05517 3.59261
      vertex -15.5254 3.01846 3.59918
    endloop
  endfacet
endsolid OpenSCAD_Model
