solid OpenSCAD_Model
  facet normal 0 0 -1
    outer loop
      vertex 8.59999 0 0
      vertex 7.88719 1.16318 0
      vertex 9.7128 1.16318 0
    endloop
  endfacet
  facet normal 0 0 -1
    outer loop
      vertex 7.88719 1.16318 0
      vertex 8.47484 0.00984192 0
      vertex 8.35278 0.0391541 0
    endloop
  endfacet
  facet normal 0 0 -1
    outer loop
      vertex 7.88719 1.16318 0
      vertex 8.35278 0.0391541 0
      vertex 8.2368 0.0871887 0
    endloop
  endfacet
  facet normal 0 0 -1
    outer loop
      vertex 7.88719 1.16318 0
      vertex 8.2368 0.0871887 0
      vertex 8.12976 0.152786 0
    endloop
  endfacet
  facet normal 0 0 -1
    outer loop
      vertex 7.88719 1.16318 0
      vertex 8.12976 0.152786 0
      vertex 8.0343 0.234314 0
    endloop
  endfacet
  facet normal 0 0 -1
    outer loop
      vertex 7.88719 1.16318 0
      vertex 8.0343 0.234314 0
      vertex 7.95277 0.329758 0
    endloop
  endfacet
  facet normal 0 0 -1
    outer loop
      vertex 7.88719 1.16318 0
      vertex 7.95277 0.329758 0
      vertex 7.88719 0.436798 0
    endloop
  endfacet
  facet normal 0 0 -1
    outer loop
      vertex 9.7128 1.16318 0
      vertex 7.88719 1.16318 0
      vertex 8.5947 2.5 0
    endloop
  endfacet
  facet normal 0 0 -1
    outer loop
      vertex 7.83914 0.55278 0
      vertex 7.88719 1.16318 0
      vertex 7.88719 0.436798 0
    endloop
  endfacet
  facet normal 0 0 -1
    outer loop
      vertex 7.83914 0.55278 0
      vertex 7.83914 1.04721 0
      vertex 7.88719 1.16318 0
    endloop
  endfacet
  facet normal 0 0 -1
    outer loop
      vertex 7.80984 0.67485 0
      vertex 7.83914 1.04721 0
      vertex 7.83914 0.55278 0
    endloop
  endfacet
  facet normal 0 0 -1
    outer loop
      vertex 7.80984 0.67485 0
      vertex 7.80984 0.92514 0
      vertex 7.83914 1.04721 0
    endloop
  endfacet
  facet normal 0 -0 -1
    outer loop
      vertex 7.80984 0.92514 0
      vertex 7.80984 0.67485 0
      vertex 7.79999 0.799988 0
    endloop
  endfacet
  facet normal 0 0 -1
    outer loop
      vertex 9.79015 0.67485 0
      vertex 9.79015 0.92514 0
      vertex 9.79999 0.799988 0
    endloop
  endfacet
  facet normal 0 0 -1
    outer loop
      vertex 9.76083 0.55278 0
      vertex 9.79015 0.92514 0
      vertex 9.79015 0.67485 0
    endloop
  endfacet
  facet normal 0 0 -1
    outer loop
      vertex 9.76083 0.55278 0
      vertex 9.76083 1.04721 0
      vertex 9.79015 0.92514 0
    endloop
  endfacet
  facet normal 0 0 -1
    outer loop
      vertex 9.7128 0.436798 0
      vertex 9.76083 1.04721 0
      vertex 9.76083 0.55278 0
    endloop
  endfacet
  facet normal 0 0 -1
    outer loop
      vertex 9.7128 0.436798 0
      vertex 9.7128 1.16318 0
      vertex 9.76083 1.04721 0
    endloop
  endfacet
  facet normal 0 0 -1
    outer loop
      vertex 9.6472 0.329758 0
      vertex 9.7128 1.16318 0
      vertex 9.7128 0.436798 0
    endloop
  endfacet
  facet normal 0 0 -1
    outer loop
      vertex 9.56567 0.234314 0
      vertex 9.7128 1.16318 0
      vertex 9.6472 0.329758 0
    endloop
  endfacet
  facet normal 0 0 -1
    outer loop
      vertex 9.47021 0.152786 0
      vertex 9.7128 1.16318 0
      vertex 9.56567 0.234314 0
    endloop
  endfacet
  facet normal 0 0 -1
    outer loop
      vertex 9.36319 0.0871887 0
      vertex 9.7128 1.16318 0
      vertex 9.47021 0.152786 0
    endloop
  endfacet
  facet normal 0 0 -1
    outer loop
      vertex 9.24721 0.0391541 0
      vertex 9.7128 1.16318 0
      vertex 9.36319 0.0871887 0
    endloop
  endfacet
  facet normal 0 0 -1
    outer loop
      vertex 9.12514 0.00984192 0
      vertex 9.7128 1.16318 0
      vertex 9.24721 0.0391541 0
    endloop
  endfacet
  facet normal 0 0 -1
    outer loop
      vertex 9 0 0
      vertex 9.7128 1.16318 0
      vertex 9.12514 0.00984192 0
    endloop
  endfacet
  facet normal 0 0 -1
    outer loop
      vertex 8.59999 0 0
      vertex 9.7128 1.16318 0
      vertex 9 0 0
    endloop
  endfacet
  facet normal 0 0 -1
    outer loop
      vertex 8.29999 7.5 0
      vertex 9.29999 2.5 0
      vertex 9.01521 2.5 0
    endloop
  endfacet
  facet normal 0 0 -1
    outer loop
      vertex 7.88719 1.16318 0
      vertex 8.59999 0 0
      vertex 8.47484 0.00984192 0
    endloop
  endfacet
  facet normal 0 0 -1
    outer loop
      vertex 9.7128 1.16318 0
      vertex 8.5947 2.5 0
      vertex 9.01521 2.5 0
    endloop
  endfacet
  facet normal 0 0 -1
    outer loop
      vertex 8.29999 7.5 0
      vertex 9.01521 2.5 0
      vertex 8.5947 2.5 0
    endloop
  endfacet
  facet normal 0 0 -1
    outer loop
      vertex 8.29999 7.5 0
      vertex 8.5947 2.5 0
      vertex 8.29999 2.5 0
    endloop
  endfacet
  facet normal 0 0 -1
    outer loop
      vertex 9.29999 2.5 0
      vertex 8.29999 7.5 0
      vertex 9.29999 9 0
    endloop
  endfacet
  facet normal 0 0 -1
    outer loop
      vertex 8.29999 7.5 0
      vertex -1.89999 9 0
      vertex 9.29999 9 0
    endloop
  endfacet
  facet normal 0 0 -1
    outer loop
      vertex -2.89999 10.5 0
      vertex -1.89999 9 0
      vertex -2.89999 7.5 0
    endloop
  endfacet
  facet normal 0 0 -1
    outer loop
      vertex -2.89999 7.5 0
      vertex -1.89999 9 0
      vertex 8.29999 7.5 0
    endloop
  endfacet
  facet normal 0 0 -1
    outer loop
      vertex -1.89999 10.5 0
      vertex -1.79999 12 0
      vertex -1.79999 10.5 0
    endloop
  endfacet
  facet normal 0 0 -1
    outer loop
      vertex -1.89999 9 0
      vertex -2.89999 10.5 0
      vertex -1.89999 10.5 0
    endloop
  endfacet
  facet normal 0 0 -1
    outer loop
      vertex -1.89999 10.5 0
      vertex -2.89999 10.5 0
      vertex -1.79999 12 0
    endloop
  endfacet
  facet normal 0 0 -1
    outer loop
      vertex -3 12 0
      vertex -2.89999 10.5 0
      vertex -3 10.5 0
    endloop
  endfacet
  facet normal 0 0 -1
    outer loop
      vertex -2.89999 10.5 0
      vertex -3 12 0
      vertex -1.79999 12 0
    endloop
  endfacet
  facet normal 0 0 1
    outer loop
      vertex -1.79999 12 1
      vertex -1.89999 10.5 1
      vertex -1.79999 10.5 1
    endloop
  endfacet
  facet normal 0 0 1
    outer loop
      vertex -1.89999 10.5 1
      vertex -2.89999 10.5 1
      vertex -1.89999 9 1
    endloop
  endfacet
  facet normal 0 0 1
    outer loop
      vertex -1.79999 12 1
      vertex -2.89999 10.5 1
      vertex -1.89999 10.5 1
    endloop
  endfacet
  facet normal -0 0 1
    outer loop
      vertex -3 12 1
      vertex -2.89999 10.5 1
      vertex -1.79999 12 1
    endloop
  endfacet
  facet normal 0 0 1
    outer loop
      vertex -2.89999 10.5 1
      vertex -3 12 1
      vertex -3 10.5 1
    endloop
  endfacet
  facet normal -0 0 1
    outer loop
      vertex 8.29999 7.5 1
      vertex 9.29999 2.5 1
      vertex 9.29999 9 1
    endloop
  endfacet
  facet normal 0 0 1
    outer loop
      vertex 9.7128 1.16318 1
      vertex 8.59999 0 1
      vertex 9 0 1
    endloop
  endfacet
  facet normal 0 0 1
    outer loop
      vertex 9.29999 2.5 1
      vertex 8.29999 7.5 1
      vertex 9.01521 2.5 1
    endloop
  endfacet
  facet normal 0 0 1
    outer loop
      vertex 7.88719 1.16318 1
      vertex 9.01521 2.5 1
      vertex 8.5947 2.5 1
    endloop
  endfacet
  facet normal 0 0 1
    outer loop
      vertex 9.01521 2.5 1
      vertex 8.29999 7.5 1
      vertex 8.5947 2.5 1
    endloop
  endfacet
  facet normal -0 0 1
    outer loop
      vertex -1.89999 9 1
      vertex 8.29999 7.5 1
      vertex 9.29999 9 1
    endloop
  endfacet
  facet normal 0 0 1
    outer loop
      vertex -1.89999 9 1
      vertex -2.89999 7.5 1
      vertex 8.29999 7.5 1
    endloop
  endfacet
  facet normal 0 0 1
    outer loop
      vertex -2.89999 7.5 1
      vertex -1.89999 9 1
      vertex -2.89999 10.5 1
    endloop
  endfacet
  facet normal 0 0 1
    outer loop
      vertex 9.79015 0.92514 1
      vertex 9.79015 0.67485 1
      vertex 9.79999 0.799988 1
    endloop
  endfacet
  facet normal 0 0 1
    outer loop
      vertex 9.76083 1.04721 1
      vertex 9.79015 0.67485 1
      vertex 9.79015 0.92514 1
    endloop
  endfacet
  facet normal 0 0 1
    outer loop
      vertex 9.76083 1.04721 1
      vertex 9.76083 0.55278 1
      vertex 9.79015 0.67485 1
    endloop
  endfacet
  facet normal 0 0 1
    outer loop
      vertex 9.7128 1.16318 1
      vertex 9.76083 0.55278 1
      vertex 9.76083 1.04721 1
    endloop
  endfacet
  facet normal 0 0 1
    outer loop
      vertex 9.7128 1.16318 1
      vertex 9.7128 0.436798 1
      vertex 9.76083 0.55278 1
    endloop
  endfacet
  facet normal 0 0 1
    outer loop
      vertex 9.7128 1.16318 1
      vertex 9.6472 0.329758 1
      vertex 9.7128 0.436798 1
    endloop
  endfacet
  facet normal 0 0 1
    outer loop
      vertex 9.7128 1.16318 1
      vertex 9.56567 0.234314 1
      vertex 9.6472 0.329758 1
    endloop
  endfacet
  facet normal 0 0 1
    outer loop
      vertex 9.7128 1.16318 1
      vertex 9.47021 0.152786 1
      vertex 9.56567 0.234314 1
    endloop
  endfacet
  facet normal 0 0 1
    outer loop
      vertex 9.7128 1.16318 1
      vertex 9.36319 0.0871887 1
      vertex 9.47021 0.152786 1
    endloop
  endfacet
  facet normal 0 0 1
    outer loop
      vertex 9.7128 1.16318 1
      vertex 9.24721 0.0391541 1
      vertex 9.36319 0.0871887 1
    endloop
  endfacet
  facet normal 0 0 1
    outer loop
      vertex 9.7128 1.16318 1
      vertex 9.12514 0.00984192 1
      vertex 9.24721 0.0391541 1
    endloop
  endfacet
  facet normal 0 0 1
    outer loop
      vertex 7.88719 1.16318 1
      vertex 9.7128 1.16318 1
      vertex 9.01521 2.5 1
    endloop
  endfacet
  facet normal 0 0 1
    outer loop
      vertex 9.7128 1.16318 1
      vertex 9 0 1
      vertex 9.12514 0.00984192 1
    endloop
  endfacet
  facet normal 0 0 1
    outer loop
      vertex 9.7128 1.16318 1
      vertex 7.88719 1.16318 1
      vertex 8.59999 0 1
    endloop
  endfacet
  facet normal 0 0 1
    outer loop
      vertex 8.59999 0 1
      vertex 7.88719 1.16318 1
      vertex 8.47484 0.00984192 1
    endloop
  endfacet
  facet normal 0 0 1
    outer loop
      vertex 8.47484 0.00984192 1
      vertex 7.88719 1.16318 1
      vertex 8.35278 0.0391541 1
    endloop
  endfacet
  facet normal 0 0 1
    outer loop
      vertex 8.35278 0.0391541 1
      vertex 7.88719 1.16318 1
      vertex 8.2368 0.0871887 1
    endloop
  endfacet
  facet normal 0 0 1
    outer loop
      vertex 8.2368 0.0871887 1
      vertex 7.88719 1.16318 1
      vertex 8.12976 0.152786 1
    endloop
  endfacet
  facet normal 0 0 1
    outer loop
      vertex 8.12976 0.152786 1
      vertex 7.88719 1.16318 1
      vertex 8.0343 0.234314 1
    endloop
  endfacet
  facet normal 0 0 1
    outer loop
      vertex 8.0343 0.234314 1
      vertex 7.88719 1.16318 1
      vertex 7.95277 0.329758 1
    endloop
  endfacet
  facet normal 0 0 1
    outer loop
      vertex 7.88719 1.16318 1
      vertex 7.88719 0.436798 1
      vertex 7.95277 0.329758 1
    endloop
  endfacet
  facet normal -0 0 1
    outer loop
      vertex 7.83914 1.04721 1
      vertex 7.88719 0.436798 1
      vertex 7.88719 1.16318 1
    endloop
  endfacet
  facet normal 0 0 1
    outer loop
      vertex 7.83914 1.04721 1
      vertex 7.83914 0.55278 1
      vertex 7.88719 0.436798 1
    endloop
  endfacet
  facet normal -0 0 1
    outer loop
      vertex 7.80984 0.92514 1
      vertex 7.83914 0.55278 1
      vertex 7.83914 1.04721 1
    endloop
  endfacet
  facet normal 0 0 1
    outer loop
      vertex 7.80984 0.92514 1
      vertex 7.80984 0.67485 1
      vertex 7.83914 0.55278 1
    endloop
  endfacet
  facet normal 0 -0 1
    outer loop
      vertex 7.80984 0.67485 1
      vertex 7.80984 0.92514 1
      vertex 7.79999 0.799988 1
    endloop
  endfacet
  facet normal 0 0 1
    outer loop
      vertex 8.5947 2.5 1
      vertex 8.29999 7.5 1
      vertex 8.29999 2.5 1
    endloop
  endfacet
  facet normal -1 0 0
    outer loop
      vertex 8.29999 2.5 0
      vertex 8.29999 7.5 1
      vertex 8.29999 7.5 0
    endloop
  endfacet
  facet normal -1 -0 0
    outer loop
      vertex 8.29999 7.5 1
      vertex 8.29999 2.5 0
      vertex 8.29999 2.5 1
    endloop
  endfacet
  facet normal 0 -1 0
    outer loop
      vertex 8.29999 2.5 0
      vertex 8.5947 2.5 1
      vertex 8.29999 2.5 1
    endloop
  endfacet
  facet normal 0 -1 -0
    outer loop
      vertex 8.5947 2.5 1
      vertex 8.29999 2.5 0
      vertex 8.5947 2.5 0
    endloop
  endfacet
  facet normal -0.883848 0.467775 0
    outer loop
      vertex 7.88719 1.16318 0
      vertex 8.5947 2.5 1
      vertex 8.5947 2.5 0
    endloop
  endfacet
  facet normal -0.883848 0.467775 0
    outer loop
      vertex 8.5947 2.5 1
      vertex 7.88719 1.16318 0
      vertex 7.88719 1.16318 1
    endloop
  endfacet
  facet normal -0.923841 0.382776 0
    outer loop
      vertex 7.83914 1.04721 0
      vertex 7.88719 1.16318 1
      vertex 7.88719 1.16318 0
    endloop
  endfacet
  facet normal -0.923841 0.382776 0
    outer loop
      vertex 7.88719 1.16318 1
      vertex 7.83914 1.04721 0
      vertex 7.83914 1.04721 1
    endloop
  endfacet
  facet normal -0.972382 0.233397 0
    outer loop
      vertex 7.80984 0.92514 0
      vertex 7.83914 1.04721 1
      vertex 7.83914 1.04721 0
    endloop
  endfacet
  facet normal -0.972382 0.233397 0
    outer loop
      vertex 7.83914 1.04721 1
      vertex 7.80984 0.92514 0
      vertex 7.80984 0.92514 1
    endloop
  endfacet
  facet normal -0.996917 0.0784617 0
    outer loop
      vertex 7.79999 0.799988 0
      vertex 7.80984 0.92514 1
      vertex 7.80984 0.92514 0
    endloop
  endfacet
  facet normal -0.996917 0.0784617 0
    outer loop
      vertex 7.80984 0.92514 1
      vertex 7.79999 0.799988 0
      vertex 7.79999 0.799988 1
    endloop
  endfacet
  facet normal -0.996916 -0.0784704 0
    outer loop
      vertex 7.80984 0.67485 0
      vertex 7.79999 0.799988 1
      vertex 7.79999 0.799988 0
    endloop
  endfacet
  facet normal -0.996916 -0.0784704 0
    outer loop
      vertex 7.79999 0.799988 1
      vertex 7.80984 0.67485 0
      vertex 7.80984 0.67485 1
    endloop
  endfacet
  facet normal -0.972382 -0.233397 0
    outer loop
      vertex 7.83914 0.55278 0
      vertex 7.80984 0.67485 1
      vertex 7.80984 0.67485 0
    endloop
  endfacet
  facet normal -0.972382 -0.233397 0
    outer loop
      vertex 7.80984 0.67485 1
      vertex 7.83914 0.55278 0
      vertex 7.83914 0.55278 1
    endloop
  endfacet
  facet normal -0.923855 -0.382742 0
    outer loop
      vertex 7.88719 0.436798 0
      vertex 7.83914 0.55278 1
      vertex 7.83914 0.55278 0
    endloop
  endfacet
  facet normal -0.923855 -0.382742 0
    outer loop
      vertex 7.83914 0.55278 1
      vertex 7.88719 0.436798 0
      vertex 7.88719 0.436798 1
    endloop
  endfacet
  facet normal -0.852691 -0.522416 0
    outer loop
      vertex 7.95277 0.329758 0
      vertex 7.88719 0.436798 1
      vertex 7.88719 0.436798 0
    endloop
  endfacet
  facet normal -0.852691 -0.522416 0
    outer loop
      vertex 7.88719 0.436798 1
      vertex 7.95277 0.329758 0
      vertex 7.95277 0.329758 1
    endloop
  endfacet
  facet normal -0.760354 -0.649508 0
    outer loop
      vertex 8.0343 0.234314 0
      vertex 7.95277 0.329758 1
      vertex 7.95277 0.329758 0
    endloop
  endfacet
  facet normal -0.760354 -0.649508 0
    outer loop
      vertex 7.95277 0.329758 1
      vertex 8.0343 0.234314 0
      vertex 8.0343 0.234314 1
    endloop
  endfacet
  facet normal -0.649436 -0.760416 0
    outer loop
      vertex 8.0343 0.234314 0
      vertex 8.12976 0.152786 1
      vertex 8.0343 0.234314 1
    endloop
  endfacet
  facet normal -0.649436 -0.760416 -0
    outer loop
      vertex 8.12976 0.152786 1
      vertex 8.0343 0.234314 0
      vertex 8.12976 0.152786 0
    endloop
  endfacet
  facet normal -0.522517 -0.852629 0
    outer loop
      vertex 8.12976 0.152786 0
      vertex 8.2368 0.0871887 1
      vertex 8.12976 0.152786 1
    endloop
  endfacet
  facet normal -0.522517 -0.852629 -0
    outer loop
      vertex 8.2368 0.0871887 1
      vertex 8.12976 0.152786 0
      vertex 8.2368 0.0871887 0
    endloop
  endfacet
  facet normal -0.382643 -0.923896 0
    outer loop
      vertex 8.2368 0.0871887 0
      vertex 8.35278 0.0391541 1
      vertex 8.2368 0.0871887 1
    endloop
  endfacet
  facet normal -0.382643 -0.923896 -0
    outer loop
      vertex 8.35278 0.0391541 1
      vertex 8.2368 0.0871887 0
      vertex 8.35278 0.0391541 0
    endloop
  endfacet
  facet normal -0.233507 -0.972355 0
    outer loop
      vertex 8.35278 0.0391541 0
      vertex 8.47484 0.00984192 1
      vertex 8.35278 0.0391541 1
    endloop
  endfacet
  facet normal -0.233507 -0.972355 -0
    outer loop
      vertex 8.47484 0.00984192 1
      vertex 8.35278 0.0391541 0
      vertex 8.47484 0.00984192 0
    endloop
  endfacet
  facet normal -0.0783989 -0.996922 0
    outer loop
      vertex 8.47484 0.00984192 0
      vertex 8.59999 0 1
      vertex 8.47484 0.00984192 1
    endloop
  endfacet
  facet normal -0.0783989 -0.996922 -0
    outer loop
      vertex 8.59999 0 1
      vertex 8.47484 0.00984192 0
      vertex 8.59999 0 0
    endloop
  endfacet
  facet normal 0 -1 0
    outer loop
      vertex 8.59999 0 0
      vertex 9 0 1
      vertex 8.59999 0 1
    endloop
  endfacet
  facet normal 0 -1 -0
    outer loop
      vertex 9 0 1
      vertex 8.59999 0 0
      vertex 9 0 0
    endloop
  endfacet
  facet normal 0.0784052 -0.996922 0
    outer loop
      vertex 9 0 0
      vertex 9.12514 0.00984192 1
      vertex 9 0 1
    endloop
  endfacet
  facet normal 0.0784052 -0.996922 0
    outer loop
      vertex 9.12514 0.00984192 1
      vertex 9 0 0
      vertex 9.12514 0.00984192 0
    endloop
  endfacet
  facet normal 0.233489 -0.972359 0
    outer loop
      vertex 9.12514 0.00984192 0
      vertex 9.24721 0.0391541 1
      vertex 9.12514 0.00984192 1
    endloop
  endfacet
  facet normal 0.233489 -0.972359 0
    outer loop
      vertex 9.24721 0.0391541 1
      vertex 9.12514 0.00984192 0
      vertex 9.24721 0.0391541 0
    endloop
  endfacet
  facet normal 0.382643 -0.923896 0
    outer loop
      vertex 9.24721 0.0391541 0
      vertex 9.36319 0.0871887 1
      vertex 9.24721 0.0391541 1
    endloop
  endfacet
  facet normal 0.382643 -0.923896 0
    outer loop
      vertex 9.36319 0.0871887 1
      vertex 9.24721 0.0391541 0
      vertex 9.36319 0.0871887 0
    endloop
  endfacet
  facet normal 0.522588 -0.852586 0
    outer loop
      vertex 9.36319 0.0871887 0
      vertex 9.47021 0.152786 1
      vertex 9.36319 0.0871887 1
    endloop
  endfacet
  facet normal 0.522588 -0.852586 0
    outer loop
      vertex 9.47021 0.152786 1
      vertex 9.36319 0.0871887 0
      vertex 9.47021 0.152786 0
    endloop
  endfacet
  facet normal 0.649436 -0.760416 0
    outer loop
      vertex 9.47021 0.152786 0
      vertex 9.56567 0.234314 1
      vertex 9.47021 0.152786 1
    endloop
  endfacet
  facet normal 0.649436 -0.760416 0
    outer loop
      vertex 9.56567 0.234314 1
      vertex 9.47021 0.152786 0
      vertex 9.56567 0.234314 0
    endloop
  endfacet
  facet normal 0.760354 -0.649508 0
    outer loop
      vertex 9.56567 0.234314 1
      vertex 9.6472 0.329758 0
      vertex 9.6472 0.329758 1
    endloop
  endfacet
  facet normal 0.760354 -0.649508 0
    outer loop
      vertex 9.6472 0.329758 0
      vertex 9.56567 0.234314 1
      vertex 9.56567 0.234314 0
    endloop
  endfacet
  facet normal 0.85262 -0.522532 0
    outer loop
      vertex 9.6472 0.329758 1
      vertex 9.7128 0.436798 0
      vertex 9.7128 0.436798 1
    endloop
  endfacet
  facet normal 0.85262 -0.522532 0
    outer loop
      vertex 9.7128 0.436798 0
      vertex 9.6472 0.329758 1
      vertex 9.6472 0.329758 0
    endloop
  endfacet
  facet normal 0.923911 -0.382606 0
    outer loop
      vertex 9.7128 0.436798 1
      vertex 9.76083 0.55278 0
      vertex 9.76083 0.55278 1
    endloop
  endfacet
  facet normal 0.923911 -0.382606 0
    outer loop
      vertex 9.76083 0.55278 0
      vertex 9.7128 0.436798 1
      vertex 9.7128 0.436798 0
    endloop
  endfacet
  facet normal 0.972345 -0.233548 0
    outer loop
      vertex 9.76083 0.55278 1
      vertex 9.79015 0.67485 0
      vertex 9.79015 0.67485 1
    endloop
  endfacet
  facet normal 0.972345 -0.233548 0
    outer loop
      vertex 9.79015 0.67485 0
      vertex 9.76083 0.55278 1
      vertex 9.76083 0.55278 0
    endloop
  endfacet
  facet normal 0.996923 -0.0783912 0
    outer loop
      vertex 9.79015 0.67485 1
      vertex 9.79999 0.799988 0
      vertex 9.79999 0.799988 1
    endloop
  endfacet
  facet normal 0.996923 -0.0783912 0
    outer loop
      vertex 9.79999 0.799988 0
      vertex 9.79015 0.67485 1
      vertex 9.79015 0.67485 0
    endloop
  endfacet
  facet normal 0.996923 0.0783825 0
    outer loop
      vertex 9.79999 0.799988 1
      vertex 9.79015 0.92514 0
      vertex 9.79015 0.92514 1
    endloop
  endfacet
  facet normal 0.996923 0.0783825 0
    outer loop
      vertex 9.79015 0.92514 0
      vertex 9.79999 0.799988 1
      vertex 9.79999 0.799988 0
    endloop
  endfacet
  facet normal 0.972345 0.233548 0
    outer loop
      vertex 9.79015 0.92514 1
      vertex 9.76083 1.04721 0
      vertex 9.76083 1.04721 1
    endloop
  endfacet
  facet normal 0.972345 0.233548 0
    outer loop
      vertex 9.76083 1.04721 0
      vertex 9.79015 0.92514 1
      vertex 9.79015 0.92514 0
    endloop
  endfacet
  facet normal 0.923897 0.38264 0
    outer loop
      vertex 9.76083 1.04721 1
      vertex 9.7128 1.16318 0
      vertex 9.7128 1.16318 1
    endloop
  endfacet
  facet normal 0.923897 0.38264 0
    outer loop
      vertex 9.7128 1.16318 0
      vertex 9.76083 1.04721 1
      vertex 9.76083 1.04721 0
    endloop
  endfacet
  facet normal 0.886553 0.462628 0
    outer loop
      vertex 9.7128 1.16318 1
      vertex 9.01521 2.5 0
      vertex 9.01521 2.5 1
    endloop
  endfacet
  facet normal 0.886553 0.462628 0
    outer loop
      vertex 9.01521 2.5 0
      vertex 9.7128 1.16318 1
      vertex 9.7128 1.16318 0
    endloop
  endfacet
  facet normal 0 -1 0
    outer loop
      vertex 9.01521 2.5 0
      vertex 9.29999 2.5 1
      vertex 9.01521 2.5 1
    endloop
  endfacet
  facet normal 0 -1 -0
    outer loop
      vertex 9.29999 2.5 1
      vertex 9.01521 2.5 0
      vertex 9.29999 2.5 0
    endloop
  endfacet
  facet normal 1 -0 0
    outer loop
      vertex 9.29999 2.5 1
      vertex 9.29999 9 0
      vertex 9.29999 9 1
    endloop
  endfacet
  facet normal 1 0 0
    outer loop
      vertex 9.29999 9 0
      vertex 9.29999 2.5 1
      vertex 9.29999 2.5 0
    endloop
  endfacet
  facet normal 0 1 -0
    outer loop
      vertex 9.29999 9 0
      vertex -1.89999 9 1
      vertex 9.29999 9 1
    endloop
  endfacet
  facet normal 0 1 0
    outer loop
      vertex -1.89999 9 1
      vertex 9.29999 9 0
      vertex -1.89999 9 0
    endloop
  endfacet
  facet normal 1 -0 0
    outer loop
      vertex -1.89999 9 1
      vertex -1.89999 10.5 0
      vertex -1.89999 10.5 1
    endloop
  endfacet
  facet normal 1 0 0
    outer loop
      vertex -1.89999 10.5 0
      vertex -1.89999 9 1
      vertex -1.89999 9 0
    endloop
  endfacet
  facet normal 0 -1 0
    outer loop
      vertex -1.89999 10.5 0
      vertex -1.79999 10.5 1
      vertex -1.89999 10.5 1
    endloop
  endfacet
  facet normal 0 -1 -0
    outer loop
      vertex -1.79999 10.5 1
      vertex -1.89999 10.5 0
      vertex -1.79999 10.5 0
    endloop
  endfacet
  facet normal 1 -0 0
    outer loop
      vertex -1.79999 10.5 1
      vertex -1.79999 12 0
      vertex -1.79999 12 1
    endloop
  endfacet
  facet normal 1 0 0
    outer loop
      vertex -1.79999 12 0
      vertex -1.79999 10.5 1
      vertex -1.79999 10.5 0
    endloop
  endfacet
  facet normal 0 1 -0
    outer loop
      vertex -1.79999 12 0
      vertex -3 12 1
      vertex -1.79999 12 1
    endloop
  endfacet
  facet normal 0 1 0
    outer loop
      vertex -3 12 1
      vertex -1.79999 12 0
      vertex -3 12 0
    endloop
  endfacet
  facet normal -1 0 0
    outer loop
      vertex -3 10.5 0
      vertex -3 12 1
      vertex -3 12 0
    endloop
  endfacet
  facet normal -1 -0 0
    outer loop
      vertex -3 12 1
      vertex -3 10.5 0
      vertex -3 10.5 1
    endloop
  endfacet
  facet normal 0 -1 0
    outer loop
      vertex -3 10.5 0
      vertex -2.89999 10.5 1
      vertex -3 10.5 1
    endloop
  endfacet
  facet normal 0 -1 -0
    outer loop
      vertex -2.89999 10.5 1
      vertex -3 10.5 0
      vertex -2.89999 10.5 0
    endloop
  endfacet
  facet normal -1 0 0
    outer loop
      vertex -2.89999 7.5 0
      vertex -2.89999 10.5 1
      vertex -2.89999 10.5 0
    endloop
  endfacet
  facet normal -1 -0 0
    outer loop
      vertex -2.89999 10.5 1
      vertex -2.89999 7.5 0
      vertex -2.89999 7.5 1
    endloop
  endfacet
  facet normal 0 -1 0
    outer loop
      vertex -2.89999 7.5 0
      vertex 8.29999 7.5 1
      vertex -2.89999 7.5 1
    endloop
  endfacet
  facet normal 0 -1 -0
    outer loop
      vertex 8.29999 7.5 1
      vertex -2.89999 7.5 0
      vertex 8.29999 7.5 0
    endloop
  endfacet
  facet normal 0 0 -1
    outer loop
      vertex 40.3 0 0
      vertex 39.5872 1.16318 0
      vertex 41.4128 1.16318 0
    endloop
  endfacet
  facet normal 0 0 -1
    outer loop
      vertex 39.5872 1.16318 0
      vertex 40.1749 0.00984192 0
      vertex 40.0528 0.0391541 0
    endloop
  endfacet
  facet normal 0 0 -1
    outer loop
      vertex 39.5872 1.16318 0
      vertex 40.0528 0.0391541 0
      vertex 39.9368 0.0871887 0
    endloop
  endfacet
  facet normal 0 0 -1
    outer loop
      vertex 39.5872 1.16318 0
      vertex 39.9368 0.0871887 0
      vertex 39.8298 0.152786 0
    endloop
  endfacet
  facet normal 0 0 -1
    outer loop
      vertex 39.5872 1.16318 0
      vertex 39.8298 0.152786 0
      vertex 39.7343 0.234314 0
    endloop
  endfacet
  facet normal 0 0 -1
    outer loop
      vertex 39.5872 1.16318 0
      vertex 39.7343 0.234314 0
      vertex 39.6528 0.329758 0
    endloop
  endfacet
  facet normal 0 0 -1
    outer loop
      vertex 39.5872 1.16318 0
      vertex 39.6528 0.329758 0
      vertex 39.5872 0.436798 0
    endloop
  endfacet
  facet normal 0 0 -1
    outer loop
      vertex 41.4128 1.16318 0
      vertex 39.5872 1.16318 0
      vertex 40.2947 2.5 0
    endloop
  endfacet
  facet normal 0 0 -1
    outer loop
      vertex 39.5392 0.55278 0
      vertex 39.5872 1.16318 0
      vertex 39.5872 0.436798 0
    endloop
  endfacet
  facet normal 0 0 -1
    outer loop
      vertex 39.5392 0.55278 0
      vertex 39.5392 1.04721 0
      vertex 39.5872 1.16318 0
    endloop
  endfacet
  facet normal 0 0 -1
    outer loop
      vertex 39.5098 0.67485 0
      vertex 39.5392 1.04721 0
      vertex 39.5392 0.55278 0
    endloop
  endfacet
  facet normal 0 0 -1
    outer loop
      vertex 39.5098 0.67485 0
      vertex 39.5098 0.92514 0
      vertex 39.5392 1.04721 0
    endloop
  endfacet
  facet normal 0 -0 -1
    outer loop
      vertex 39.5098 0.92514 0
      vertex 39.5098 0.67485 0
      vertex 39.5 0.799988 0
    endloop
  endfacet
  facet normal 0 0 -1
    outer loop
      vertex 41.4901 0.67485 0
      vertex 41.4901 0.92514 0
      vertex 41.5 0.799988 0
    endloop
  endfacet
  facet normal 0 0 -1
    outer loop
      vertex 41.4608 0.55278 0
      vertex 41.4901 0.92514 0
      vertex 41.4901 0.67485 0
    endloop
  endfacet
  facet normal 0 0 -1
    outer loop
      vertex 41.4608 0.55278 0
      vertex 41.4608 1.04721 0
      vertex 41.4901 0.92514 0
    endloop
  endfacet
  facet normal 0 0 -1
    outer loop
      vertex 41.4128 0.436798 0
      vertex 41.4608 1.04721 0
      vertex 41.4608 0.55278 0
    endloop
  endfacet
  facet normal 0 0 -1
    outer loop
      vertex 41.4128 0.436798 0
      vertex 41.4128 1.16318 0
      vertex 41.4608 1.04721 0
    endloop
  endfacet
  facet normal 0 0 -1
    outer loop
      vertex 41.3472 0.329758 0
      vertex 41.4128 1.16318 0
      vertex 41.4128 0.436798 0
    endloop
  endfacet
  facet normal 0 0 -1
    outer loop
      vertex 41.2657 0.234314 0
      vertex 41.4128 1.16318 0
      vertex 41.3472 0.329758 0
    endloop
  endfacet
  facet normal 0 0 -1
    outer loop
      vertex 41.1702 0.152786 0
      vertex 41.4128 1.16318 0
      vertex 41.2657 0.234314 0
    endloop
  endfacet
  facet normal 0 0 -1
    outer loop
      vertex 41.0632 0.0871887 0
      vertex 41.4128 1.16318 0
      vertex 41.1702 0.152786 0
    endloop
  endfacet
  facet normal 0 0 -1
    outer loop
      vertex 40.9472 0.0391541 0
      vertex 41.4128 1.16318 0
      vertex 41.0632 0.0871887 0
    endloop
  endfacet
  facet normal 0 0 -1
    outer loop
      vertex 40.8251 0.00984192 0
      vertex 41.4128 1.16318 0
      vertex 40.9472 0.0391541 0
    endloop
  endfacet
  facet normal 0 0 -1
    outer loop
      vertex 40.7 0 0
      vertex 41.4128 1.16318 0
      vertex 40.8251 0.00984192 0
    endloop
  endfacet
  facet normal 0 0 -1
    outer loop
      vertex 40.3 0 0
      vertex 41.4128 1.16318 0
      vertex 40.7 0 0
    endloop
  endfacet
  facet normal 0 0 -1
    outer loop
      vertex 40 7.5 0
      vertex 41 2.5 0
      vertex 40.7152 2.5 0
    endloop
  endfacet
  facet normal 0 0 -1
    outer loop
      vertex 39.5872 1.16318 0
      vertex 40.3 0 0
      vertex 40.1749 0.00984192 0
    endloop
  endfacet
  facet normal 0 0 -1
    outer loop
      vertex 41.4128 1.16318 0
      vertex 40.2947 2.5 0
      vertex 40.7152 2.5 0
    endloop
  endfacet
  facet normal 0 0 -1
    outer loop
      vertex 40 7.5 0
      vertex 40.7152 2.5 0
      vertex 40.2947 2.5 0
    endloop
  endfacet
  facet normal 0 0 -1
    outer loop
      vertex 40 7.5 0
      vertex 40.2947 2.5 0
      vertex 40 2.5 0
    endloop
  endfacet
  facet normal 0 0 -1
    outer loop
      vertex 41 2.5 0
      vertex 40 7.5 0
      vertex 41 9 0
    endloop
  endfacet
  facet normal 0 0 -1
    outer loop
      vertex 40 7.5 0
      vertex 28.1 9 0
      vertex 41 9 0
    endloop
  endfacet
  facet normal 0 0 -1
    outer loop
      vertex 27.1 10.5 0
      vertex 28.1 9 0
      vertex 27.1 7.5 0
    endloop
  endfacet
  facet normal 0 0 -1
    outer loop
      vertex 27.1 7.5 0
      vertex 28.1 9 0
      vertex 40 7.5 0
    endloop
  endfacet
  facet normal 0 0 -1
    outer loop
      vertex 28.1 10.5 0
      vertex 28.2 12 0
      vertex 28.2 10.5 0
    endloop
  endfacet
  facet normal 0 0 -1
    outer loop
      vertex 28.1 9 0
      vertex 27.1 10.5 0
      vertex 28.1 10.5 0
    endloop
  endfacet
  facet normal 0 0 -1
    outer loop
      vertex 28.1 10.5 0
      vertex 27.1 10.5 0
      vertex 28.2 12 0
    endloop
  endfacet
  facet normal 0 0 -1
    outer loop
      vertex 27 12 0
      vertex 27.1 10.5 0
      vertex 27 10.5 0
    endloop
  endfacet
  facet normal 0 0 -1
    outer loop
      vertex 27.1 10.5 0
      vertex 27 12 0
      vertex 28.2 12 0
    endloop
  endfacet
  facet normal 0 0 1
    outer loop
      vertex 28.2 12 1
      vertex 28.1 10.5 1
      vertex 28.2 10.5 1
    endloop
  endfacet
  facet normal 0 0 1
    outer loop
      vertex 28.1 10.5 1
      vertex 27.1 10.5 1
      vertex 28.1 9 1
    endloop
  endfacet
  facet normal 0 0 1
    outer loop
      vertex 28.2 12 1
      vertex 27.1 10.5 1
      vertex 28.1 10.5 1
    endloop
  endfacet
  facet normal -0 0 1
    outer loop
      vertex 27 12 1
      vertex 27.1 10.5 1
      vertex 28.2 12 1
    endloop
  endfacet
  facet normal 0 0 1
    outer loop
      vertex 27.1 10.5 1
      vertex 27 12 1
      vertex 27 10.5 1
    endloop
  endfacet
  facet normal -0 0 1
    outer loop
      vertex 40 7.5 1
      vertex 41 2.5 1
      vertex 41 9 1
    endloop
  endfacet
  facet normal 0 0 1
    outer loop
      vertex 41.4128 1.16318 1
      vertex 40.3 0 1
      vertex 40.7 0 1
    endloop
  endfacet
  facet normal 0 0 1
    outer loop
      vertex 41 2.5 1
      vertex 40 7.5 1
      vertex 40.7152 2.5 1
    endloop
  endfacet
  facet normal 0 0 1
    outer loop
      vertex 39.5872 1.16318 1
      vertex 40.7152 2.5 1
      vertex 40.2947 2.5 1
    endloop
  endfacet
  facet normal 0 0 1
    outer loop
      vertex 40.7152 2.5 1
      vertex 40 7.5 1
      vertex 40.2947 2.5 1
    endloop
  endfacet
  facet normal -0 0 1
    outer loop
      vertex 28.1 9 1
      vertex 40 7.5 1
      vertex 41 9 1
    endloop
  endfacet
  facet normal 0 0 1
    outer loop
      vertex 28.1 9 1
      vertex 27.1 7.5 1
      vertex 40 7.5 1
    endloop
  endfacet
  facet normal 0 0 1
    outer loop
      vertex 27.1 7.5 1
      vertex 28.1 9 1
      vertex 27.1 10.5 1
    endloop
  endfacet
  facet normal 0 0 1
    outer loop
      vertex 41.4901 0.92514 1
      vertex 41.4901 0.67485 1
      vertex 41.5 0.799988 1
    endloop
  endfacet
  facet normal 0 0 1
    outer loop
      vertex 41.4608 1.04721 1
      vertex 41.4901 0.67485 1
      vertex 41.4901 0.92514 1
    endloop
  endfacet
  facet normal 0 0 1
    outer loop
      vertex 41.4608 1.04721 1
      vertex 41.4608 0.55278 1
      vertex 41.4901 0.67485 1
    endloop
  endfacet
  facet normal 0 0 1
    outer loop
      vertex 41.4128 1.16318 1
      vertex 41.4608 0.55278 1
      vertex 41.4608 1.04721 1
    endloop
  endfacet
  facet normal 0 0 1
    outer loop
      vertex 41.4128 1.16318 1
      vertex 41.4128 0.436798 1
      vertex 41.4608 0.55278 1
    endloop
  endfacet
  facet normal 0 0 1
    outer loop
      vertex 41.4128 1.16318 1
      vertex 41.3472 0.329758 1
      vertex 41.4128 0.436798 1
    endloop
  endfacet
  facet normal 0 0 1
    outer loop
      vertex 41.4128 1.16318 1
      vertex 41.2657 0.234314 1
      vertex 41.3472 0.329758 1
    endloop
  endfacet
  facet normal 0 0 1
    outer loop
      vertex 41.4128 1.16318 1
      vertex 41.1702 0.152786 1
      vertex 41.2657 0.234314 1
    endloop
  endfacet
  facet normal 0 0 1
    outer loop
      vertex 41.4128 1.16318 1
      vertex 41.0632 0.0871887 1
      vertex 41.1702 0.152786 1
    endloop
  endfacet
  facet normal 0 0 1
    outer loop
      vertex 41.4128 1.16318 1
      vertex 40.9472 0.0391541 1
      vertex 41.0632 0.0871887 1
    endloop
  endfacet
  facet normal 0 0 1
    outer loop
      vertex 41.4128 1.16318 1
      vertex 40.8251 0.00984192 1
      vertex 40.9472 0.0391541 1
    endloop
  endfacet
  facet normal 0 0 1
    outer loop
      vertex 39.5872 1.16318 1
      vertex 41.4128 1.16318 1
      vertex 40.7152 2.5 1
    endloop
  endfacet
  facet normal 0 0 1
    outer loop
      vertex 41.4128 1.16318 1
      vertex 40.7 0 1
      vertex 40.8251 0.00984192 1
    endloop
  endfacet
  facet normal 0 0 1
    outer loop
      vertex 41.4128 1.16318 1
      vertex 39.5872 1.16318 1
      vertex 40.3 0 1
    endloop
  endfacet
  facet normal 0 0 1
    outer loop
      vertex 40.3 0 1
      vertex 39.5872 1.16318 1
      vertex 40.1749 0.00984192 1
    endloop
  endfacet
  facet normal 0 0 1
    outer loop
      vertex 40.1749 0.00984192 1
      vertex 39.5872 1.16318 1
      vertex 40.0528 0.0391541 1
    endloop
  endfacet
  facet normal 0 0 1
    outer loop
      vertex 40.0528 0.0391541 1
      vertex 39.5872 1.16318 1
      vertex 39.9368 0.0871887 1
    endloop
  endfacet
  facet normal 0 0 1
    outer loop
      vertex 39.9368 0.0871887 1
      vertex 39.5872 1.16318 1
      vertex 39.8298 0.152786 1
    endloop
  endfacet
  facet normal 0 0 1
    outer loop
      vertex 39.8298 0.152786 1
      vertex 39.5872 1.16318 1
      vertex 39.7343 0.234314 1
    endloop
  endfacet
  facet normal 0 0 1
    outer loop
      vertex 39.7343 0.234314 1
      vertex 39.5872 1.16318 1
      vertex 39.6528 0.329758 1
    endloop
  endfacet
  facet normal 0 0 1
    outer loop
      vertex 39.5872 1.16318 1
      vertex 39.5872 0.436798 1
      vertex 39.6528 0.329758 1
    endloop
  endfacet
  facet normal -0 0 1
    outer loop
      vertex 39.5392 1.04721 1
      vertex 39.5872 0.436798 1
      vertex 39.5872 1.16318 1
    endloop
  endfacet
  facet normal 0 0 1
    outer loop
      vertex 39.5392 1.04721 1
      vertex 39.5392 0.55278 1
      vertex 39.5872 0.436798 1
    endloop
  endfacet
  facet normal -0 0 1
    outer loop
      vertex 39.5098 0.92514 1
      vertex 39.5392 0.55278 1
      vertex 39.5392 1.04721 1
    endloop
  endfacet
  facet normal 0 0 1
    outer loop
      vertex 39.5098 0.92514 1
      vertex 39.5098 0.67485 1
      vertex 39.5392 0.55278 1
    endloop
  endfacet
  facet normal 0 -0 1
    outer loop
      vertex 39.5098 0.67485 1
      vertex 39.5098 0.92514 1
      vertex 39.5 0.799988 1
    endloop
  endfacet
  facet normal 0 0 1
    outer loop
      vertex 40.2947 2.5 1
      vertex 40 7.5 1
      vertex 40 2.5 1
    endloop
  endfacet
  facet normal -1 0 0
    outer loop
      vertex 40 2.5 0
      vertex 40 7.5 1
      vertex 40 7.5 0
    endloop
  endfacet
  facet normal -1 -0 0
    outer loop
      vertex 40 7.5 1
      vertex 40 2.5 0
      vertex 40 2.5 1
    endloop
  endfacet
  facet normal 0 -1 0
    outer loop
      vertex 40 2.5 0
      vertex 40.2947 2.5 1
      vertex 40 2.5 1
    endloop
  endfacet
  facet normal 0 -1 -0
    outer loop
      vertex 40.2947 2.5 1
      vertex 40 2.5 0
      vertex 40.2947 2.5 0
    endloop
  endfacet
  facet normal -0.88385 0.46777 0
    outer loop
      vertex 39.5872 1.16318 0
      vertex 40.2947 2.5 1
      vertex 40.2947 2.5 0
    endloop
  endfacet
  facet normal -0.88385 0.46777 0
    outer loop
      vertex 40.2947 2.5 1
      vertex 39.5872 1.16318 0
      vertex 39.5872 1.16318 1
    endloop
  endfacet
  facet normal -0.923982 0.382436 0
    outer loop
      vertex 39.5392 1.04721 0
      vertex 39.5872 1.16318 1
      vertex 39.5872 1.16318 0
    endloop
  endfacet
  facet normal -0.923982 0.382436 0
    outer loop
      vertex 39.5872 1.16318 1
      vertex 39.5392 1.04721 0
      vertex 39.5392 1.04721 1
    endloop
  endfacet
  facet normal -0.9722 0.23415 0
    outer loop
      vertex 39.5098 0.92514 0
      vertex 39.5392 1.04721 1
      vertex 39.5392 1.04721 0
    endloop
  endfacet
  facet normal -0.9722 0.23415 0
    outer loop
      vertex 39.5392 1.04721 1
      vertex 39.5098 0.92514 0
      vertex 39.5098 0.92514 1
    endloop
  endfacet
  facet normal -0.996948 0.0780658 0
    outer loop
      vertex 39.5 0.799988 0
      vertex 39.5098 0.92514 1
      vertex 39.5098 0.92514 0
    endloop
  endfacet
  facet normal -0.996948 0.0780658 0
    outer loop
      vertex 39.5098 0.92514 1
      vertex 39.5 0.799988 0
      vertex 39.5 0.799988 1
    endloop
  endfacet
  facet normal -0.996948 -0.0780745 0
    outer loop
      vertex 39.5098 0.67485 0
      vertex 39.5 0.799988 1
      vertex 39.5 0.799988 0
    endloop
  endfacet
  facet normal -0.996948 -0.0780745 0
    outer loop
      vertex 39.5 0.799988 1
      vertex 39.5098 0.67485 0
      vertex 39.5098 0.67485 1
    endloop
  endfacet
  facet normal -0.9722 -0.23415 0
    outer loop
      vertex 39.5392 0.55278 0
      vertex 39.5098 0.67485 1
      vertex 39.5098 0.67485 0
    endloop
  endfacet
  facet normal -0.9722 -0.23415 0
    outer loop
      vertex 39.5098 0.67485 1
      vertex 39.5392 0.55278 0
      vertex 39.5392 0.55278 1
    endloop
  endfacet
  facet normal -0.923996 -0.382402 0
    outer loop
      vertex 39.5872 0.436798 0
      vertex 39.5392 0.55278 1
      vertex 39.5392 0.55278 0
    endloop
  endfacet
  facet normal -0.923996 -0.382402 0
    outer loop
      vertex 39.5392 0.55278 1
      vertex 39.5872 0.436798 0
      vertex 39.5872 0.436798 1
    endloop
  endfacet
  facet normal -0.85262 -0.522532 0
    outer loop
      vertex 39.6528 0.329758 0
      vertex 39.5872 0.436798 1
      vertex 39.5872 0.436798 0
    endloop
  endfacet
  facet normal -0.85262 -0.522532 0
    outer loop
      vertex 39.5872 0.436798 1
      vertex 39.6528 0.329758 0
      vertex 39.6528 0.329758 1
    endloop
  endfacet
  facet normal -0.760472 -0.64937 0
    outer loop
      vertex 39.7343 0.234314 0
      vertex 39.6528 0.329758 1
      vertex 39.6528 0.329758 0
    endloop
  endfacet
  facet normal -0.760472 -0.64937 0
    outer loop
      vertex 39.6528 0.329758 1
      vertex 39.7343 0.234314 0
      vertex 39.7343 0.234314 1
    endloop
  endfacet
  facet normal -0.649279 -0.76055 0
    outer loop
      vertex 39.7343 0.234314 0
      vertex 39.8298 0.152786 1
      vertex 39.7343 0.234314 1
    endloop
  endfacet
  facet normal -0.649279 -0.76055 -0
    outer loop
      vertex 39.8298 0.152786 1
      vertex 39.7343 0.234314 0
      vertex 39.8298 0.152786 0
    endloop
  endfacet
  facet normal -0.522659 -0.852542 0
    outer loop
      vertex 39.8298 0.152786 0
      vertex 39.9368 0.0871887 1
      vertex 39.8298 0.152786 1
    endloop
  endfacet
  facet normal -0.522659 -0.852542 -0
    outer loop
      vertex 39.9368 0.0871887 1
      vertex 39.8298 0.152786 0
      vertex 39.9368 0.0871887 0
    endloop
  endfacet
  facet normal -0.382587 -0.923919 0
    outer loop
      vertex 39.9368 0.0871887 0
      vertex 40.0528 0.0391541 1
      vertex 39.9368 0.0871887 1
    endloop
  endfacet
  facet normal -0.382587 -0.923919 -0
    outer loop
      vertex 40.0528 0.0391541 1
      vertex 39.9368 0.0871887 0
      vertex 40.0528 0.0391541 0
    endloop
  endfacet
  facet normal -0.233435 -0.972373 0
    outer loop
      vertex 40.0528 0.0391541 0
      vertex 40.1749 0.00984192 1
      vertex 40.0528 0.0391541 1
    endloop
  endfacet
  facet normal -0.233435 -0.972373 -0
    outer loop
      vertex 40.1749 0.00984192 1
      vertex 40.0528 0.0391541 0
      vertex 40.1749 0.00984192 0
    endloop
  endfacet
  facet normal -0.0784301 -0.99692 0
    outer loop
      vertex 40.1749 0.00984192 0
      vertex 40.3 0 1
      vertex 40.1749 0.00984192 1
    endloop
  endfacet
  facet normal -0.0784301 -0.99692 -0
    outer loop
      vertex 40.3 0 1
      vertex 40.1749 0.00984192 0
      vertex 40.3 0 0
    endloop
  endfacet
  facet normal 0 -1 0
    outer loop
      vertex 40.3 0 0
      vertex 40.7 0 1
      vertex 40.3 0 1
    endloop
  endfacet
  facet normal 0 -1 -0
    outer loop
      vertex 40.7 0 1
      vertex 40.3 0 0
      vertex 40.7 0 0
    endloop
  endfacet
  facet normal 0.0784301 -0.99692 0
    outer loop
      vertex 40.7 0 0
      vertex 40.8251 0.00984192 1
      vertex 40.7 0 1
    endloop
  endfacet
  facet normal 0.0784301 -0.99692 0
    outer loop
      vertex 40.8251 0.00984192 1
      vertex 40.7 0 0
      vertex 40.8251 0.00984192 0
    endloop
  endfacet
  facet normal 0.233435 -0.972373 0
    outer loop
      vertex 40.8251 0.00984192 0
      vertex 40.9472 0.0391541 1
      vertex 40.8251 0.00984192 1
    endloop
  endfacet
  facet normal 0.233435 -0.972373 0
    outer loop
      vertex 40.9472 0.0391541 1
      vertex 40.8251 0.00984192 0
      vertex 40.9472 0.0391541 0
    endloop
  endfacet
  facet normal 0.382587 -0.923919 0
    outer loop
      vertex 40.9472 0.0391541 0
      vertex 41.0632 0.0871887 1
      vertex 40.9472 0.0391541 1
    endloop
  endfacet
  facet normal 0.382587 -0.923919 0
    outer loop
      vertex 41.0632 0.0871887 1
      vertex 40.9472 0.0391541 0
      vertex 41.0632 0.0871887 0
    endloop
  endfacet
  facet normal 0.522659 -0.852542 0
    outer loop
      vertex 41.0632 0.0871887 0
      vertex 41.1702 0.152786 1
      vertex 41.0632 0.0871887 1
    endloop
  endfacet
  facet normal 0.522659 -0.852542 0
    outer loop
      vertex 41.1702 0.152786 1
      vertex 41.0632 0.0871887 0
      vertex 41.1702 0.152786 0
    endloop
  endfacet
  facet normal 0.649279 -0.76055 0
    outer loop
      vertex 41.1702 0.152786 0
      vertex 41.2657 0.234314 1
      vertex 41.1702 0.152786 1
    endloop
  endfacet
  facet normal 0.649279 -0.76055 0
    outer loop
      vertex 41.2657 0.234314 1
      vertex 41.1702 0.152786 0
      vertex 41.2657 0.234314 0
    endloop
  endfacet
  facet normal 0.760472 -0.64937 0
    outer loop
      vertex 41.2657 0.234314 1
      vertex 41.3472 0.329758 0
      vertex 41.3472 0.329758 1
    endloop
  endfacet
  facet normal 0.760472 -0.64937 0
    outer loop
      vertex 41.3472 0.329758 0
      vertex 41.2657 0.234314 1
      vertex 41.2657 0.234314 0
    endloop
  endfacet
  facet normal 0.85262 -0.522532 0
    outer loop
      vertex 41.3472 0.329758 1
      vertex 41.4128 0.436798 0
      vertex 41.4128 0.436798 1
    endloop
  endfacet
  facet normal 0.85262 -0.522532 0
    outer loop
      vertex 41.4128 0.436798 0
      vertex 41.3472 0.329758 1
      vertex 41.3472 0.329758 0
    endloop
  endfacet
  facet normal 0.923996 -0.382402 0
    outer loop
      vertex 41.4128 0.436798 1
      vertex 41.4608 0.55278 0
      vertex 41.4608 0.55278 1
    endloop
  endfacet
  facet normal 0.923996 -0.382402 0
    outer loop
      vertex 41.4608 0.55278 0
      vertex 41.4128 0.436798 1
      vertex 41.4128 0.436798 0
    endloop
  endfacet
  facet normal 0.972382 -0.233397 0
    outer loop
      vertex 41.4608 0.55278 1
      vertex 41.4901 0.67485 0
      vertex 41.4901 0.67485 1
    endloop
  endfacet
  facet normal 0.972382 -0.233397 0
    outer loop
      vertex 41.4901 0.67485 0
      vertex 41.4608 0.55278 1
      vertex 41.4608 0.55278 0
    endloop
  endfacet
  facet normal 0.996885 -0.0788662 0
    outer loop
      vertex 41.4901 0.67485 1
      vertex 41.5 0.799988 0
      vertex 41.5 0.799988 1
    endloop
  endfacet
  facet normal 0.996885 -0.0788662 0
    outer loop
      vertex 41.5 0.799988 0
      vertex 41.4901 0.67485 1
      vertex 41.4901 0.67485 0
    endloop
  endfacet
  facet normal 0.996886 0.0788575 0
    outer loop
      vertex 41.5 0.799988 1
      vertex 41.4901 0.92514 0
      vertex 41.4901 0.92514 1
    endloop
  endfacet
  facet normal 0.996886 0.0788575 0
    outer loop
      vertex 41.4901 0.92514 0
      vertex 41.5 0.799988 1
      vertex 41.5 0.799988 0
    endloop
  endfacet
  facet normal 0.972382 0.233397 0
    outer loop
      vertex 41.4901 0.92514 1
      vertex 41.4608 1.04721 0
      vertex 41.4608 1.04721 1
    endloop
  endfacet
  facet normal 0.972382 0.233397 0
    outer loop
      vertex 41.4608 1.04721 0
      vertex 41.4901 0.92514 1
      vertex 41.4901 0.92514 0
    endloop
  endfacet
  facet normal 0.923982 0.382436 0
    outer loop
      vertex 41.4608 1.04721 1
      vertex 41.4128 1.16318 0
      vertex 41.4128 1.16318 1
    endloop
  endfacet
  facet normal 0.923982 0.382436 0
    outer loop
      vertex 41.4128 1.16318 0
      vertex 41.4608 1.04721 1
      vertex 41.4608 1.04721 0
    endloop
  endfacet
  facet normal 0.88655 0.462633 0
    outer loop
      vertex 41.4128 1.16318 1
      vertex 40.7152 2.5 0
      vertex 40.7152 2.5 1
    endloop
  endfacet
  facet normal 0.88655 0.462633 0
    outer loop
      vertex 40.7152 2.5 0
      vertex 41.4128 1.16318 1
      vertex 41.4128 1.16318 0
    endloop
  endfacet
  facet normal 0 -1 0
    outer loop
      vertex 40.7152 2.5 0
      vertex 41 2.5 1
      vertex 40.7152 2.5 1
    endloop
  endfacet
  facet normal 0 -1 -0
    outer loop
      vertex 41 2.5 1
      vertex 40.7152 2.5 0
      vertex 41 2.5 0
    endloop
  endfacet
  facet normal 1 -0 0
    outer loop
      vertex 41 2.5 1
      vertex 41 9 0
      vertex 41 9 1
    endloop
  endfacet
  facet normal 1 0 0
    outer loop
      vertex 41 9 0
      vertex 41 2.5 1
      vertex 41 2.5 0
    endloop
  endfacet
  facet normal 0 1 -0
    outer loop
      vertex 41 9 0
      vertex 28.1 9 1
      vertex 41 9 1
    endloop
  endfacet
  facet normal 0 1 0
    outer loop
      vertex 28.1 9 1
      vertex 41 9 0
      vertex 28.1 9 0
    endloop
  endfacet
  facet normal 1 -0 0
    outer loop
      vertex 28.1 9 1
      vertex 28.1 10.5 0
      vertex 28.1 10.5 1
    endloop
  endfacet
  facet normal 1 0 0
    outer loop
      vertex 28.1 10.5 0
      vertex 28.1 9 1
      vertex 28.1 9 0
    endloop
  endfacet
  facet normal 0 -1 0
    outer loop
      vertex 28.1 10.5 0
      vertex 28.2 10.5 1
      vertex 28.1 10.5 1
    endloop
  endfacet
  facet normal 0 -1 -0
    outer loop
      vertex 28.2 10.5 1
      vertex 28.1 10.5 0
      vertex 28.2 10.5 0
    endloop
  endfacet
  facet normal 1 -0 0
    outer loop
      vertex 28.2 10.5 1
      vertex 28.2 12 0
      vertex 28.2 12 1
    endloop
  endfacet
  facet normal 1 0 0
    outer loop
      vertex 28.2 12 0
      vertex 28.2 10.5 1
      vertex 28.2 10.5 0
    endloop
  endfacet
  facet normal 0 1 -0
    outer loop
      vertex 28.2 12 0
      vertex 27 12 1
      vertex 28.2 12 1
    endloop
  endfacet
  facet normal 0 1 0
    outer loop
      vertex 27 12 1
      vertex 28.2 12 0
      vertex 27 12 0
    endloop
  endfacet
  facet normal -1 0 0
    outer loop
      vertex 27 10.5 0
      vertex 27 12 1
      vertex 27 12 0
    endloop
  endfacet
  facet normal -1 -0 0
    outer loop
      vertex 27 12 1
      vertex 27 10.5 0
      vertex 27 10.5 1
    endloop
  endfacet
  facet normal 0 -1 0
    outer loop
      vertex 27 10.5 0
      vertex 27.1 10.5 1
      vertex 27 10.5 1
    endloop
  endfacet
  facet normal 0 -1 -0
    outer loop
      vertex 27.1 10.5 1
      vertex 27 10.5 0
      vertex 27.1 10.5 0
    endloop
  endfacet
  facet normal -1 0 0
    outer loop
      vertex 27.1 7.5 0
      vertex 27.1 10.5 1
      vertex 27.1 10.5 0
    endloop
  endfacet
  facet normal -1 -0 0
    outer loop
      vertex 27.1 10.5 1
      vertex 27.1 7.5 0
      vertex 27.1 7.5 1
    endloop
  endfacet
  facet normal 0 -1 0
    outer loop
      vertex 27.1 7.5 0
      vertex 40 7.5 1
      vertex 27.1 7.5 1
    endloop
  endfacet
  facet normal 0 -1 -0
    outer loop
      vertex 40 7.5 1
      vertex 27.1 7.5 0
      vertex 40 7.5 0
    endloop
  endfacet
  facet normal 0 0 -1
    outer loop
      vertex 72 0 0
      vertex 71.2872 1.16318 0
      vertex 73.1128 1.16318 0
    endloop
  endfacet
  facet normal 0 0 -1
    outer loop
      vertex 71.2872 1.16318 0
      vertex 71.8748 0.00984192 0
      vertex 71.7528 0.0391541 0
    endloop
  endfacet
  facet normal 0 0 -1
    outer loop
      vertex 71.2872 1.16318 0
      vertex 71.7528 0.0391541 0
      vertex 71.6368 0.0871887 0
    endloop
  endfacet
  facet normal 0 0 -1
    outer loop
      vertex 71.2872 1.16318 0
      vertex 71.6368 0.0871887 0
      vertex 71.5298 0.152786 0
    endloop
  endfacet
  facet normal 0 0 -1
    outer loop
      vertex 71.2872 1.16318 0
      vertex 71.5298 0.152786 0
      vertex 71.4343 0.234314 0
    endloop
  endfacet
  facet normal 0 0 -1
    outer loop
      vertex 71.2872 1.16318 0
      vertex 71.4343 0.234314 0
      vertex 71.3528 0.329758 0
    endloop
  endfacet
  facet normal 0 0 -1
    outer loop
      vertex 71.2872 1.16318 0
      vertex 71.3528 0.329758 0
      vertex 71.2872 0.436798 0
    endloop
  endfacet
  facet normal 0 0 -1
    outer loop
      vertex 73.1128 1.16318 0
      vertex 71.2872 1.16318 0
      vertex 71.9947 2.5 0
    endloop
  endfacet
  facet normal 0 0 -1
    outer loop
      vertex 71.2392 0.55278 0
      vertex 71.2872 1.16318 0
      vertex 71.2872 0.436798 0
    endloop
  endfacet
  facet normal 0 0 -1
    outer loop
      vertex 71.2392 0.55278 0
      vertex 71.2392 1.04721 0
      vertex 71.2872 1.16318 0
    endloop
  endfacet
  facet normal 0 0 -1
    outer loop
      vertex 71.2098 0.67485 0
      vertex 71.2392 1.04721 0
      vertex 71.2392 0.55278 0
    endloop
  endfacet
  facet normal 0 0 -1
    outer loop
      vertex 71.2098 0.67485 0
      vertex 71.2098 0.92514 0
      vertex 71.2392 1.04721 0
    endloop
  endfacet
  facet normal 0 -0 -1
    outer loop
      vertex 71.2098 0.92514 0
      vertex 71.2098 0.67485 0
      vertex 71.2 0.799988 0
    endloop
  endfacet
  facet normal 0 0 -1
    outer loop
      vertex 73.1901 0.67485 0
      vertex 73.1901 0.92514 0
      vertex 73.2 0.799988 0
    endloop
  endfacet
  facet normal 0 0 -1
    outer loop
      vertex 73.1608 0.55278 0
      vertex 73.1901 0.92514 0
      vertex 73.1901 0.67485 0
    endloop
  endfacet
  facet normal 0 0 -1
    outer loop
      vertex 73.1608 0.55278 0
      vertex 73.1608 1.04721 0
      vertex 73.1901 0.92514 0
    endloop
  endfacet
  facet normal 0 0 -1
    outer loop
      vertex 73.1128 0.436798 0
      vertex 73.1608 1.04721 0
      vertex 73.1608 0.55278 0
    endloop
  endfacet
  facet normal 0 0 -1
    outer loop
      vertex 73.1128 0.436798 0
      vertex 73.1128 1.16318 0
      vertex 73.1608 1.04721 0
    endloop
  endfacet
  facet normal 0 0 -1
    outer loop
      vertex 73.0472 0.329758 0
      vertex 73.1128 1.16318 0
      vertex 73.1128 0.436798 0
    endloop
  endfacet
  facet normal 0 0 -1
    outer loop
      vertex 72.9657 0.234314 0
      vertex 73.1128 1.16318 0
      vertex 73.0472 0.329758 0
    endloop
  endfacet
  facet normal 0 0 -1
    outer loop
      vertex 72.8702 0.152786 0
      vertex 73.1128 1.16318 0
      vertex 72.9657 0.234314 0
    endloop
  endfacet
  facet normal 0 0 -1
    outer loop
      vertex 72.7632 0.0871887 0
      vertex 73.1128 1.16318 0
      vertex 72.8702 0.152786 0
    endloop
  endfacet
  facet normal 0 0 -1
    outer loop
      vertex 72.6472 0.0391541 0
      vertex 73.1128 1.16318 0
      vertex 72.7632 0.0871887 0
    endloop
  endfacet
  facet normal 0 0 -1
    outer loop
      vertex 72.5251 0.00984192 0
      vertex 73.1128 1.16318 0
      vertex 72.6472 0.0391541 0
    endloop
  endfacet
  facet normal 0 0 -1
    outer loop
      vertex 72.4 0 0
      vertex 73.1128 1.16318 0
      vertex 72.5251 0.00984192 0
    endloop
  endfacet
  facet normal 0 0 -1
    outer loop
      vertex 72 0 0
      vertex 73.1128 1.16318 0
      vertex 72.4 0 0
    endloop
  endfacet
  facet normal 0 0 -1
    outer loop
      vertex 71.7 7.5 0
      vertex 72.7 2.5 0
      vertex 72.4152 2.5 0
    endloop
  endfacet
  facet normal 0 0 -1
    outer loop
      vertex 71.2872 1.16318 0
      vertex 72 0 0
      vertex 71.8748 0.00984192 0
    endloop
  endfacet
  facet normal 0 0 -1
    outer loop
      vertex 73.1128 1.16318 0
      vertex 71.9947 2.5 0
      vertex 72.4152 2.5 0
    endloop
  endfacet
  facet normal 0 0 -1
    outer loop
      vertex 71.7 7.5 0
      vertex 72.4152 2.5 0
      vertex 71.9947 2.5 0
    endloop
  endfacet
  facet normal 0 0 -1
    outer loop
      vertex 71.7 7.5 0
      vertex 71.9947 2.5 0
      vertex 71.7 2.5 0
    endloop
  endfacet
  facet normal 0 0 -1
    outer loop
      vertex 72.7 2.5 0
      vertex 71.7 7.5 0
      vertex 72.7 9 0
    endloop
  endfacet
  facet normal 0 0 -1
    outer loop
      vertex 71.7 7.5 0
      vertex 58.1 9 0
      vertex 72.7 9 0
    endloop
  endfacet
  facet normal 0 0 -1
    outer loop
      vertex 57.1 10.5 0
      vertex 58.1 9 0
      vertex 57.1 7.5 0
    endloop
  endfacet
  facet normal 0 0 -1
    outer loop
      vertex 57.1 7.5 0
      vertex 58.1 9 0
      vertex 71.7 7.5 0
    endloop
  endfacet
  facet normal 0 0 -1
    outer loop
      vertex 58.1 10.5 0
      vertex 58.2 12 0
      vertex 58.2 10.5 0
    endloop
  endfacet
  facet normal 0 0 -1
    outer loop
      vertex 58.1 9 0
      vertex 57.1 10.5 0
      vertex 58.1 10.5 0
    endloop
  endfacet
  facet normal 0 0 -1
    outer loop
      vertex 58.1 10.5 0
      vertex 57.1 10.5 0
      vertex 58.2 12 0
    endloop
  endfacet
  facet normal 0 0 -1
    outer loop
      vertex 57 12 0
      vertex 57.1 10.5 0
      vertex 57 10.5 0
    endloop
  endfacet
  facet normal 0 0 -1
    outer loop
      vertex 57.1 10.5 0
      vertex 57 12 0
      vertex 58.2 12 0
    endloop
  endfacet
  facet normal 0 0 1
    outer loop
      vertex 58.2 12 1
      vertex 58.1 10.5 1
      vertex 58.2 10.5 1
    endloop
  endfacet
  facet normal 0 0 1
    outer loop
      vertex 58.1 10.5 1
      vertex 57.1 10.5 1
      vertex 58.1 9 1
    endloop
  endfacet
  facet normal 0 0 1
    outer loop
      vertex 58.2 12 1
      vertex 57.1 10.5 1
      vertex 58.1 10.5 1
    endloop
  endfacet
  facet normal -0 0 1
    outer loop
      vertex 57 12 1
      vertex 57.1 10.5 1
      vertex 58.2 12 1
    endloop
  endfacet
  facet normal 0 0 1
    outer loop
      vertex 57.1 10.5 1
      vertex 57 12 1
      vertex 57 10.5 1
    endloop
  endfacet
  facet normal -0 0 1
    outer loop
      vertex 71.7 7.5 1
      vertex 72.7 2.5 1
      vertex 72.7 9 1
    endloop
  endfacet
  facet normal 0 0 1
    outer loop
      vertex 73.1128 1.16318 1
      vertex 72 0 1
      vertex 72.4 0 1
    endloop
  endfacet
  facet normal 0 0 1
    outer loop
      vertex 72.7 2.5 1
      vertex 71.7 7.5 1
      vertex 72.4152 2.5 1
    endloop
  endfacet
  facet normal 0 0 1
    outer loop
      vertex 71.2872 1.16318 1
      vertex 72.4152 2.5 1
      vertex 71.9947 2.5 1
    endloop
  endfacet
  facet normal 0 0 1
    outer loop
      vertex 72.4152 2.5 1
      vertex 71.7 7.5 1
      vertex 71.9947 2.5 1
    endloop
  endfacet
  facet normal -0 0 1
    outer loop
      vertex 58.1 9 1
      vertex 71.7 7.5 1
      vertex 72.7 9 1
    endloop
  endfacet
  facet normal 0 0 1
    outer loop
      vertex 58.1 9 1
      vertex 57.1 7.5 1
      vertex 71.7 7.5 1
    endloop
  endfacet
  facet normal 0 0 1
    outer loop
      vertex 57.1 7.5 1
      vertex 58.1 9 1
      vertex 57.1 10.5 1
    endloop
  endfacet
  facet normal 0 0 1
    outer loop
      vertex 73.1901 0.92514 1
      vertex 73.1901 0.67485 1
      vertex 73.2 0.799988 1
    endloop
  endfacet
  facet normal 0 0 1
    outer loop
      vertex 73.1608 1.04721 1
      vertex 73.1901 0.67485 1
      vertex 73.1901 0.92514 1
    endloop
  endfacet
  facet normal 0 0 1
    outer loop
      vertex 73.1608 1.04721 1
      vertex 73.1608 0.55278 1
      vertex 73.1901 0.67485 1
    endloop
  endfacet
  facet normal 0 0 1
    outer loop
      vertex 73.1128 1.16318 1
      vertex 73.1608 0.55278 1
      vertex 73.1608 1.04721 1
    endloop
  endfacet
  facet normal 0 0 1
    outer loop
      vertex 73.1128 1.16318 1
      vertex 73.1128 0.436798 1
      vertex 73.1608 0.55278 1
    endloop
  endfacet
  facet normal 0 0 1
    outer loop
      vertex 73.1128 1.16318 1
      vertex 73.0472 0.329758 1
      vertex 73.1128 0.436798 1
    endloop
  endfacet
  facet normal 0 0 1
    outer loop
      vertex 73.1128 1.16318 1
      vertex 72.9657 0.234314 1
      vertex 73.0472 0.329758 1
    endloop
  endfacet
  facet normal 0 0 1
    outer loop
      vertex 73.1128 1.16318 1
      vertex 72.8702 0.152786 1
      vertex 72.9657 0.234314 1
    endloop
  endfacet
  facet normal 0 0 1
    outer loop
      vertex 73.1128 1.16318 1
      vertex 72.7632 0.0871887 1
      vertex 72.8702 0.152786 1
    endloop
  endfacet
  facet normal 0 0 1
    outer loop
      vertex 73.1128 1.16318 1
      vertex 72.6472 0.0391541 1
      vertex 72.7632 0.0871887 1
    endloop
  endfacet
  facet normal 0 0 1
    outer loop
      vertex 73.1128 1.16318 1
      vertex 72.5251 0.00984192 1
      vertex 72.6472 0.0391541 1
    endloop
  endfacet
  facet normal 0 0 1
    outer loop
      vertex 71.2872 1.16318 1
      vertex 73.1128 1.16318 1
      vertex 72.4152 2.5 1
    endloop
  endfacet
  facet normal 0 0 1
    outer loop
      vertex 73.1128 1.16318 1
      vertex 72.4 0 1
      vertex 72.5251 0.00984192 1
    endloop
  endfacet
  facet normal 0 0 1
    outer loop
      vertex 73.1128 1.16318 1
      vertex 71.2872 1.16318 1
      vertex 72 0 1
    endloop
  endfacet
  facet normal 0 0 1
    outer loop
      vertex 72 0 1
      vertex 71.2872 1.16318 1
      vertex 71.8748 0.00984192 1
    endloop
  endfacet
  facet normal 0 0 1
    outer loop
      vertex 71.8748 0.00984192 1
      vertex 71.2872 1.16318 1
      vertex 71.7528 0.0391541 1
    endloop
  endfacet
  facet normal 0 0 1
    outer loop
      vertex 71.7528 0.0391541 1
      vertex 71.2872 1.16318 1
      vertex 71.6368 0.0871887 1
    endloop
  endfacet
  facet normal 0 0 1
    outer loop
      vertex 71.6368 0.0871887 1
      vertex 71.2872 1.16318 1
      vertex 71.5298 0.152786 1
    endloop
  endfacet
  facet normal 0 0 1
    outer loop
      vertex 71.5298 0.152786 1
      vertex 71.2872 1.16318 1
      vertex 71.4343 0.234314 1
    endloop
  endfacet
  facet normal 0 0 1
    outer loop
      vertex 71.4343 0.234314 1
      vertex 71.2872 1.16318 1
      vertex 71.3528 0.329758 1
    endloop
  endfacet
  facet normal 0 0 1
    outer loop
      vertex 71.2872 1.16318 1
      vertex 71.2872 0.436798 1
      vertex 71.3528 0.329758 1
    endloop
  endfacet
  facet normal -0 0 1
    outer loop
      vertex 71.2392 1.04721 1
      vertex 71.2872 0.436798 1
      vertex 71.2872 1.16318 1
    endloop
  endfacet
  facet normal 0 0 1
    outer loop
      vertex 71.2392 1.04721 1
      vertex 71.2392 0.55278 1
      vertex 71.2872 0.436798 1
    endloop
  endfacet
  facet normal -0 0 1
    outer loop
      vertex 71.2098 0.92514 1
      vertex 71.2392 0.55278 1
      vertex 71.2392 1.04721 1
    endloop
  endfacet
  facet normal 0 0 1
    outer loop
      vertex 71.2098 0.92514 1
      vertex 71.2098 0.67485 1
      vertex 71.2392 0.55278 1
    endloop
  endfacet
  facet normal 0 -0 1
    outer loop
      vertex 71.2098 0.67485 1
      vertex 71.2098 0.92514 1
      vertex 71.2 0.799988 1
    endloop
  endfacet
  facet normal 0 0 1
    outer loop
      vertex 71.9947 2.5 1
      vertex 71.7 7.5 1
      vertex 71.7 2.5 1
    endloop
  endfacet
  facet normal -1 0 0
    outer loop
      vertex 71.7 2.5 0
      vertex 71.7 7.5 1
      vertex 71.7 7.5 0
    endloop
  endfacet
  facet normal -1 -0 0
    outer loop
      vertex 71.7 7.5 1
      vertex 71.7 2.5 0
      vertex 71.7 2.5 1
    endloop
  endfacet
  facet normal 0 -1 0
    outer loop
      vertex 71.7 2.5 0
      vertex 71.9947 2.5 1
      vertex 71.7 2.5 1
    endloop
  endfacet
  facet normal 0 -1 -0
    outer loop
      vertex 71.9947 2.5 1
      vertex 71.7 2.5 0
      vertex 71.9947 2.5 0
    endloop
  endfacet
  facet normal -0.88385 0.46777 0
    outer loop
      vertex 71.2872 1.16318 0
      vertex 71.9947 2.5 1
      vertex 71.9947 2.5 0
    endloop
  endfacet
  facet normal -0.88385 0.46777 0
    outer loop
      vertex 71.9947 2.5 1
      vertex 71.2872 1.16318 0
      vertex 71.2872 1.16318 1
    endloop
  endfacet
  facet normal -0.923982 0.382436 0
    outer loop
      vertex 71.2392 1.04721 0
      vertex 71.2872 1.16318 1
      vertex 71.2872 1.16318 0
    endloop
  endfacet
  facet normal -0.923982 0.382436 0
    outer loop
      vertex 71.2872 1.16318 1
      vertex 71.2392 1.04721 0
      vertex 71.2392 1.04721 1
    endloop
  endfacet
  facet normal -0.9722 0.23415 0
    outer loop
      vertex 71.2098 0.92514 0
      vertex 71.2392 1.04721 1
      vertex 71.2392 1.04721 0
    endloop
  endfacet
  facet normal -0.9722 0.23415 0
    outer loop
      vertex 71.2392 1.04721 1
      vertex 71.2098 0.92514 0
      vertex 71.2098 0.92514 1
    endloop
  endfacet
  facet normal -0.996948 0.0780658 0
    outer loop
      vertex 71.2 0.799988 0
      vertex 71.2098 0.92514 1
      vertex 71.2098 0.92514 0
    endloop
  endfacet
  facet normal -0.996948 0.0780658 0
    outer loop
      vertex 71.2098 0.92514 1
      vertex 71.2 0.799988 0
      vertex 71.2 0.799988 1
    endloop
  endfacet
  facet normal -0.996948 -0.0780745 0
    outer loop
      vertex 71.2098 0.67485 0
      vertex 71.2 0.799988 1
      vertex 71.2 0.799988 0
    endloop
  endfacet
  facet normal -0.996948 -0.0780745 0
    outer loop
      vertex 71.2 0.799988 1
      vertex 71.2098 0.67485 0
      vertex 71.2098 0.67485 1
    endloop
  endfacet
  facet normal -0.9722 -0.23415 0
    outer loop
      vertex 71.2392 0.55278 0
      vertex 71.2098 0.67485 1
      vertex 71.2098 0.67485 0
    endloop
  endfacet
  facet normal -0.9722 -0.23415 0
    outer loop
      vertex 71.2098 0.67485 1
      vertex 71.2392 0.55278 0
      vertex 71.2392 0.55278 1
    endloop
  endfacet
  facet normal -0.923996 -0.382402 0
    outer loop
      vertex 71.2872 0.436798 0
      vertex 71.2392 0.55278 1
      vertex 71.2392 0.55278 0
    endloop
  endfacet
  facet normal -0.923996 -0.382402 0
    outer loop
      vertex 71.2392 0.55278 1
      vertex 71.2872 0.436798 0
      vertex 71.2872 0.436798 1
    endloop
  endfacet
  facet normal -0.85262 -0.522532 0
    outer loop
      vertex 71.3528 0.329758 0
      vertex 71.2872 0.436798 1
      vertex 71.2872 0.436798 0
    endloop
  endfacet
  facet normal -0.85262 -0.522532 0
    outer loop
      vertex 71.2872 0.436798 1
      vertex 71.3528 0.329758 0
      vertex 71.3528 0.329758 1
    endloop
  endfacet
  facet normal -0.760472 -0.64937 0
    outer loop
      vertex 71.4343 0.234314 0
      vertex 71.3528 0.329758 1
      vertex 71.3528 0.329758 0
    endloop
  endfacet
  facet normal -0.760472 -0.64937 0
    outer loop
      vertex 71.3528 0.329758 1
      vertex 71.4343 0.234314 0
      vertex 71.4343 0.234314 1
    endloop
  endfacet
  facet normal -0.649279 -0.76055 0
    outer loop
      vertex 71.4343 0.234314 0
      vertex 71.5298 0.152786 1
      vertex 71.4343 0.234314 1
    endloop
  endfacet
  facet normal -0.649279 -0.76055 -0
    outer loop
      vertex 71.5298 0.152786 1
      vertex 71.4343 0.234314 0
      vertex 71.5298 0.152786 0
    endloop
  endfacet
  facet normal -0.522659 -0.852542 0
    outer loop
      vertex 71.5298 0.152786 0
      vertex 71.6368 0.0871887 1
      vertex 71.5298 0.152786 1
    endloop
  endfacet
  facet normal -0.522659 -0.852542 -0
    outer loop
      vertex 71.6368 0.0871887 1
      vertex 71.5298 0.152786 0
      vertex 71.6368 0.0871887 0
    endloop
  endfacet
  facet normal -0.382587 -0.923919 0
    outer loop
      vertex 71.6368 0.0871887 0
      vertex 71.7528 0.0391541 1
      vertex 71.6368 0.0871887 1
    endloop
  endfacet
  facet normal -0.382587 -0.923919 -0
    outer loop
      vertex 71.7528 0.0391541 1
      vertex 71.6368 0.0871887 0
      vertex 71.7528 0.0391541 0
    endloop
  endfacet
  facet normal -0.233615 -0.972329 0
    outer loop
      vertex 71.7528 0.0391541 0
      vertex 71.8748 0.00984192 1
      vertex 71.7528 0.0391541 1
    endloop
  endfacet
  facet normal -0.233615 -0.972329 -0
    outer loop
      vertex 71.8748 0.00984192 1
      vertex 71.7528 0.0391541 0
      vertex 71.8748 0.00984192 0
    endloop
  endfacet
  facet normal -0.0783678 -0.996925 0
    outer loop
      vertex 71.8748 0.00984192 0
      vertex 72 0 1
      vertex 71.8748 0.00984192 1
    endloop
  endfacet
  facet normal -0.0783678 -0.996925 -0
    outer loop
      vertex 72 0 1
      vertex 71.8748 0.00984192 0
      vertex 72 0 0
    endloop
  endfacet
  facet normal 0 -1 0
    outer loop
      vertex 72 0 0
      vertex 72.4 0 1
      vertex 72 0 1
    endloop
  endfacet
  facet normal 0 -1 -0
    outer loop
      vertex 72.4 0 1
      vertex 72 0 0
      vertex 72.4 0 0
    endloop
  endfacet
  facet normal 0.0784301 -0.99692 0
    outer loop
      vertex 72.4 0 0
      vertex 72.5251 0.00984192 1
      vertex 72.4 0 1
    endloop
  endfacet
  facet normal 0.0784301 -0.99692 0
    outer loop
      vertex 72.5251 0.00984192 1
      vertex 72.4 0 0
      vertex 72.5251 0.00984192 0
    endloop
  endfacet
  facet normal 0.233435 -0.972373 0
    outer loop
      vertex 72.5251 0.00984192 0
      vertex 72.6472 0.0391541 1
      vertex 72.5251 0.00984192 1
    endloop
  endfacet
  facet normal 0.233435 -0.972373 0
    outer loop
      vertex 72.6472 0.0391541 1
      vertex 72.5251 0.00984192 0
      vertex 72.6472 0.0391541 0
    endloop
  endfacet
  facet normal 0.382587 -0.923919 0
    outer loop
      vertex 72.6472 0.0391541 0
      vertex 72.7632 0.0871887 1
      vertex 72.6472 0.0391541 1
    endloop
  endfacet
  facet normal 0.382587 -0.923919 0
    outer loop
      vertex 72.7632 0.0871887 1
      vertex 72.6472 0.0391541 0
      vertex 72.7632 0.0871887 0
    endloop
  endfacet
  facet normal 0.522659 -0.852542 0
    outer loop
      vertex 72.7632 0.0871887 0
      vertex 72.8702 0.152786 1
      vertex 72.7632 0.0871887 1
    endloop
  endfacet
  facet normal 0.522659 -0.852542 0
    outer loop
      vertex 72.8702 0.152786 1
      vertex 72.7632 0.0871887 0
      vertex 72.8702 0.152786 0
    endloop
  endfacet
  facet normal 0.649279 -0.76055 0
    outer loop
      vertex 72.8702 0.152786 0
      vertex 72.9657 0.234314 1
      vertex 72.8702 0.152786 1
    endloop
  endfacet
  facet normal 0.649279 -0.76055 0
    outer loop
      vertex 72.9657 0.234314 1
      vertex 72.8702 0.152786 0
      vertex 72.9657 0.234314 0
    endloop
  endfacet
  facet normal 0.760472 -0.64937 0
    outer loop
      vertex 72.9657 0.234314 1
      vertex 73.0472 0.329758 0
      vertex 73.0472 0.329758 1
    endloop
  endfacet
  facet normal 0.760472 -0.64937 0
    outer loop
      vertex 73.0472 0.329758 0
      vertex 72.9657 0.234314 1
      vertex 72.9657 0.234314 0
    endloop
  endfacet
  facet normal 0.85262 -0.522532 0
    outer loop
      vertex 73.0472 0.329758 1
      vertex 73.1128 0.436798 0
      vertex 73.1128 0.436798 1
    endloop
  endfacet
  facet normal 0.85262 -0.522532 0
    outer loop
      vertex 73.1128 0.436798 0
      vertex 73.0472 0.329758 1
      vertex 73.0472 0.329758 0
    endloop
  endfacet
  facet normal 0.923996 -0.382402 0
    outer loop
      vertex 73.1128 0.436798 1
      vertex 73.1608 0.55278 0
      vertex 73.1608 0.55278 1
    endloop
  endfacet
  facet normal 0.923996 -0.382402 0
    outer loop
      vertex 73.1608 0.55278 0
      vertex 73.1128 0.436798 1
      vertex 73.1128 0.436798 0
    endloop
  endfacet
  facet normal 0.972382 -0.233397 0
    outer loop
      vertex 73.1608 0.55278 1
      vertex 73.1901 0.67485 0
      vertex 73.1901 0.67485 1
    endloop
  endfacet
  facet normal 0.972382 -0.233397 0
    outer loop
      vertex 73.1901 0.67485 0
      vertex 73.1608 0.55278 1
      vertex 73.1608 0.55278 0
    endloop
  endfacet
  facet normal 0.996885 -0.0788662 0
    outer loop
      vertex 73.1901 0.67485 1
      vertex 73.2 0.799988 0
      vertex 73.2 0.799988 1
    endloop
  endfacet
  facet normal 0.996885 -0.0788662 0
    outer loop
      vertex 73.2 0.799988 0
      vertex 73.1901 0.67485 1
      vertex 73.1901 0.67485 0
    endloop
  endfacet
  facet normal 0.996886 0.0788575 0
    outer loop
      vertex 73.2 0.799988 1
      vertex 73.1901 0.92514 0
      vertex 73.1901 0.92514 1
    endloop
  endfacet
  facet normal 0.996886 0.0788575 0
    outer loop
      vertex 73.1901 0.92514 0
      vertex 73.2 0.799988 1
      vertex 73.2 0.799988 0
    endloop
  endfacet
  facet normal 0.972382 0.233397 0
    outer loop
      vertex 73.1901 0.92514 1
      vertex 73.1608 1.04721 0
      vertex 73.1608 1.04721 1
    endloop
  endfacet
  facet normal 0.972382 0.233397 0
    outer loop
      vertex 73.1608 1.04721 0
      vertex 73.1901 0.92514 1
      vertex 73.1901 0.92514 0
    endloop
  endfacet
  facet normal 0.923982 0.382436 0
    outer loop
      vertex 73.1608 1.04721 1
      vertex 73.1128 1.16318 0
      vertex 73.1128 1.16318 1
    endloop
  endfacet
  facet normal 0.923982 0.382436 0
    outer loop
      vertex 73.1128 1.16318 0
      vertex 73.1608 1.04721 1
      vertex 73.1608 1.04721 0
    endloop
  endfacet
  facet normal 0.88655 0.462633 0
    outer loop
      vertex 73.1128 1.16318 1
      vertex 72.4152 2.5 0
      vertex 72.4152 2.5 1
    endloop
  endfacet
  facet normal 0.88655 0.462633 0
    outer loop
      vertex 72.4152 2.5 0
      vertex 73.1128 1.16318 1
      vertex 73.1128 1.16318 0
    endloop
  endfacet
  facet normal 0 -1 0
    outer loop
      vertex 72.4152 2.5 0
      vertex 72.7 2.5 1
      vertex 72.4152 2.5 1
    endloop
  endfacet
  facet normal 0 -1 -0
    outer loop
      vertex 72.7 2.5 1
      vertex 72.4152 2.5 0
      vertex 72.7 2.5 0
    endloop
  endfacet
  facet normal 1 -0 0
    outer loop
      vertex 72.7 2.5 1
      vertex 72.7 9 0
      vertex 72.7 9 1
    endloop
  endfacet
  facet normal 1 0 0
    outer loop
      vertex 72.7 9 0
      vertex 72.7 2.5 1
      vertex 72.7 2.5 0
    endloop
  endfacet
  facet normal 0 1 -0
    outer loop
      vertex 72.7 9 0
      vertex 58.1 9 1
      vertex 72.7 9 1
    endloop
  endfacet
  facet normal 0 1 0
    outer loop
      vertex 58.1 9 1
      vertex 72.7 9 0
      vertex 58.1 9 0
    endloop
  endfacet
  facet normal 1 -0 0
    outer loop
      vertex 58.1 9 1
      vertex 58.1 10.5 0
      vertex 58.1 10.5 1
    endloop
  endfacet
  facet normal 1 0 0
    outer loop
      vertex 58.1 10.5 0
      vertex 58.1 9 1
      vertex 58.1 9 0
    endloop
  endfacet
  facet normal 0 -1 0
    outer loop
      vertex 58.1 10.5 0
      vertex 58.2 10.5 1
      vertex 58.1 10.5 1
    endloop
  endfacet
  facet normal 0 -1 -0
    outer loop
      vertex 58.2 10.5 1
      vertex 58.1 10.5 0
      vertex 58.2 10.5 0
    endloop
  endfacet
  facet normal 1 -0 0
    outer loop
      vertex 58.2 10.5 1
      vertex 58.2 12 0
      vertex 58.2 12 1
    endloop
  endfacet
  facet normal 1 0 0
    outer loop
      vertex 58.2 12 0
      vertex 58.2 10.5 1
      vertex 58.2 10.5 0
    endloop
  endfacet
  facet normal 0 1 -0
    outer loop
      vertex 58.2 12 0
      vertex 57 12 1
      vertex 58.2 12 1
    endloop
  endfacet
  facet normal 0 1 0
    outer loop
      vertex 57 12 1
      vertex 58.2 12 0
      vertex 57 12 0
    endloop
  endfacet
  facet normal -1 0 0
    outer loop
      vertex 57 10.5 0
      vertex 57 12 1
      vertex 57 12 0
    endloop
  endfacet
  facet normal -1 -0 0
    outer loop
      vertex 57 12 1
      vertex 57 10.5 0
      vertex 57 10.5 1
    endloop
  endfacet
  facet normal 0 -1 0
    outer loop
      vertex 57 10.5 0
      vertex 57.1 10.5 1
      vertex 57 10.5 1
    endloop
  endfacet
  facet normal 0 -1 -0
    outer loop
      vertex 57.1 10.5 1
      vertex 57 10.5 0
      vertex 57.1 10.5 0
    endloop
  endfacet
  facet normal -1 0 0
    outer loop
      vertex 57.1 7.5 0
      vertex 57.1 10.5 1
      vertex 57.1 10.5 0
    endloop
  endfacet
  facet normal -1 -0 0
    outer loop
      vertex 57.1 10.5 1
      vertex 57.1 7.5 0
      vertex 57.1 7.5 1
    endloop
  endfacet
  facet normal 0 -1 0
    outer loop
      vertex 57.1 7.5 0
      vertex 71.7 7.5 1
      vertex 57.1 7.5 1
    endloop
  endfacet
  facet normal 0 -1 -0
    outer loop
      vertex 71.7 7.5 1
      vertex 57.1 7.5 0
      vertex 71.7 7.5 0
    endloop
  endfacet
  facet normal 0 0 -1
    outer loop
      vertex 103.7 0 0
      vertex 102.987 1.16318 0
      vertex 104.813 1.16318 0
    endloop
  endfacet
  facet normal 0 0 -1
    outer loop
      vertex 102.987 1.16318 0
      vertex 103.575 0.00984192 0
      vertex 103.453 0.0391541 0
    endloop
  endfacet
  facet normal 0 0 -1
    outer loop
      vertex 102.987 1.16318 0
      vertex 103.453 0.0391541 0
      vertex 103.337 0.0871887 0
    endloop
  endfacet
  facet normal 0 0 -1
    outer loop
      vertex 102.987 1.16318 0
      vertex 103.337 0.0871887 0
      vertex 103.23 0.152786 0
    endloop
  endfacet
  facet normal 0 0 -1
    outer loop
      vertex 102.987 1.16318 0
      vertex 103.23 0.152786 0
      vertex 103.134 0.234314 0
    endloop
  endfacet
  facet normal 0 0 -1
    outer loop
      vertex 102.987 1.16318 0
      vertex 103.134 0.234314 0
      vertex 103.053 0.329758 0
    endloop
  endfacet
  facet normal 0 0 -1
    outer loop
      vertex 102.987 1.16318 0
      vertex 103.053 0.329758 0
      vertex 102.987 0.436798 0
    endloop
  endfacet
  facet normal 0 0 -1
    outer loop
      vertex 104.813 1.16318 0
      vertex 102.987 1.16318 0
      vertex 103.695 2.5 0
    endloop
  endfacet
  facet normal 0 0 -1
    outer loop
      vertex 102.939 0.55278 0
      vertex 102.987 1.16318 0
      vertex 102.987 0.436798 0
    endloop
  endfacet
  facet normal 0 0 -1
    outer loop
      vertex 102.939 0.55278 0
      vertex 102.939 1.04721 0
      vertex 102.987 1.16318 0
    endloop
  endfacet
  facet normal 0 0 -1
    outer loop
      vertex 102.91 0.67485 0
      vertex 102.939 1.04721 0
      vertex 102.939 0.55278 0
    endloop
  endfacet
  facet normal 0 0 -1
    outer loop
      vertex 102.91 0.67485 0
      vertex 102.91 0.92514 0
      vertex 102.939 1.04721 0
    endloop
  endfacet
  facet normal 0 -0 -1
    outer loop
      vertex 102.91 0.92514 0
      vertex 102.91 0.67485 0
      vertex 102.9 0.799988 0
    endloop
  endfacet
  facet normal 0 0 -1
    outer loop
      vertex 104.89 0.67485 0
      vertex 104.89 0.92514 0
      vertex 104.9 0.799988 0
    endloop
  endfacet
  facet normal 0 0 -1
    outer loop
      vertex 104.861 0.55278 0
      vertex 104.89 0.92514 0
      vertex 104.89 0.67485 0
    endloop
  endfacet
  facet normal 0 0 -1
    outer loop
      vertex 104.861 0.55278 0
      vertex 104.861 1.04721 0
      vertex 104.89 0.92514 0
    endloop
  endfacet
  facet normal 0 0 -1
    outer loop
      vertex 104.813 0.436798 0
      vertex 104.861 1.04721 0
      vertex 104.861 0.55278 0
    endloop
  endfacet
  facet normal 0 0 -1
    outer loop
      vertex 104.813 0.436798 0
      vertex 104.813 1.16318 0
      vertex 104.861 1.04721 0
    endloop
  endfacet
  facet normal 0 0 -1
    outer loop
      vertex 104.747 0.329758 0
      vertex 104.813 1.16318 0
      vertex 104.813 0.436798 0
    endloop
  endfacet
  facet normal 0 0 -1
    outer loop
      vertex 104.666 0.234314 0
      vertex 104.813 1.16318 0
      vertex 104.747 0.329758 0
    endloop
  endfacet
  facet normal 0 0 -1
    outer loop
      vertex 104.57 0.152786 0
      vertex 104.813 1.16318 0
      vertex 104.666 0.234314 0
    endloop
  endfacet
  facet normal 0 0 -1
    outer loop
      vertex 104.463 0.0871887 0
      vertex 104.813 1.16318 0
      vertex 104.57 0.152786 0
    endloop
  endfacet
  facet normal 0 0 -1
    outer loop
      vertex 104.347 0.0391541 0
      vertex 104.813 1.16318 0
      vertex 104.463 0.0871887 0
    endloop
  endfacet
  facet normal 0 0 -1
    outer loop
      vertex 104.225 0.00984192 0
      vertex 104.813 1.16318 0
      vertex 104.347 0.0391541 0
    endloop
  endfacet
  facet normal 0 0 -1
    outer loop
      vertex 104.1 0 0
      vertex 104.813 1.16318 0
      vertex 104.225 0.00984192 0
    endloop
  endfacet
  facet normal 0 0 -1
    outer loop
      vertex 103.7 0 0
      vertex 104.813 1.16318 0
      vertex 104.1 0 0
    endloop
  endfacet
  facet normal 0 0 -1
    outer loop
      vertex 103.4 7.5 0
      vertex 104.4 2.5 0
      vertex 104.115 2.5 0
    endloop
  endfacet
  facet normal 0 0 -1
    outer loop
      vertex 102.987 1.16318 0
      vertex 103.7 0 0
      vertex 103.575 0.00984192 0
    endloop
  endfacet
  facet normal 0 0 -1
    outer loop
      vertex 104.813 1.16318 0
      vertex 103.695 2.5 0
      vertex 104.115 2.5 0
    endloop
  endfacet
  facet normal 0 0 -1
    outer loop
      vertex 103.4 7.5 0
      vertex 104.115 2.5 0
      vertex 103.695 2.5 0
    endloop
  endfacet
  facet normal 0 0 -1
    outer loop
      vertex 103.4 7.5 0
      vertex 103.695 2.5 0
      vertex 103.4 2.5 0
    endloop
  endfacet
  facet normal 0 0 -1
    outer loop
      vertex 104.4 2.5 0
      vertex 103.4 7.5 0
      vertex 104.4 9 0
    endloop
  endfacet
  facet normal 0 0 -1
    outer loop
      vertex 103.4 7.5 0
      vertex 92.9 9 0
      vertex 104.4 9 0
    endloop
  endfacet
  facet normal 0 0 -1
    outer loop
      vertex 91.9 10.5 0
      vertex 92.9 9 0
      vertex 91.9 7.5 0
    endloop
  endfacet
  facet normal 0 0 -1
    outer loop
      vertex 91.9 7.5 0
      vertex 92.9 9 0
      vertex 103.4 7.5 0
    endloop
  endfacet
  facet normal 0 0 -1
    outer loop
      vertex 92.9 10.5 0
      vertex 93 12 0
      vertex 93 10.5 0
    endloop
  endfacet
  facet normal 0 0 -1
    outer loop
      vertex 92.9 9 0
      vertex 91.9 10.5 0
      vertex 92.9 10.5 0
    endloop
  endfacet
  facet normal 0 0 -1
    outer loop
      vertex 92.9 10.5 0
      vertex 91.9 10.5 0
      vertex 93 12 0
    endloop
  endfacet
  facet normal 0 0 -1
    outer loop
      vertex 91.8 12 0
      vertex 91.9 10.5 0
      vertex 91.8 10.5 0
    endloop
  endfacet
  facet normal 0 0 -1
    outer loop
      vertex 91.9 10.5 0
      vertex 91.8 12 0
      vertex 93 12 0
    endloop
  endfacet
  facet normal 0 0 1
    outer loop
      vertex 93 12 1
      vertex 92.9 10.5 1
      vertex 93 10.5 1
    endloop
  endfacet
  facet normal 0 0 1
    outer loop
      vertex 92.9 10.5 1
      vertex 91.9 10.5 1
      vertex 92.9 9 1
    endloop
  endfacet
  facet normal 0 0 1
    outer loop
      vertex 93 12 1
      vertex 91.9 10.5 1
      vertex 92.9 10.5 1
    endloop
  endfacet
  facet normal -0 0 1
    outer loop
      vertex 91.8 12 1
      vertex 91.9 10.5 1
      vertex 93 12 1
    endloop
  endfacet
  facet normal 0 0 1
    outer loop
      vertex 91.9 10.5 1
      vertex 91.8 12 1
      vertex 91.8 10.5 1
    endloop
  endfacet
  facet normal -0 0 1
    outer loop
      vertex 103.4 7.5 1
      vertex 104.4 2.5 1
      vertex 104.4 9 1
    endloop
  endfacet
  facet normal 0 0 1
    outer loop
      vertex 104.813 1.16318 1
      vertex 103.7 0 1
      vertex 104.1 0 1
    endloop
  endfacet
  facet normal 0 0 1
    outer loop
      vertex 104.4 2.5 1
      vertex 103.4 7.5 1
      vertex 104.115 2.5 1
    endloop
  endfacet
  facet normal 0 0 1
    outer loop
      vertex 102.987 1.16318 1
      vertex 104.115 2.5 1
      vertex 103.695 2.5 1
    endloop
  endfacet
  facet normal 0 0 1
    outer loop
      vertex 104.115 2.5 1
      vertex 103.4 7.5 1
      vertex 103.695 2.5 1
    endloop
  endfacet
  facet normal -0 0 1
    outer loop
      vertex 92.9 9 1
      vertex 103.4 7.5 1
      vertex 104.4 9 1
    endloop
  endfacet
  facet normal 0 0 1
    outer loop
      vertex 92.9 9 1
      vertex 91.9 7.5 1
      vertex 103.4 7.5 1
    endloop
  endfacet
  facet normal 0 0 1
    outer loop
      vertex 91.9 7.5 1
      vertex 92.9 9 1
      vertex 91.9 10.5 1
    endloop
  endfacet
  facet normal 0 0 1
    outer loop
      vertex 104.89 0.92514 1
      vertex 104.89 0.67485 1
      vertex 104.9 0.799988 1
    endloop
  endfacet
  facet normal 0 0 1
    outer loop
      vertex 104.861 1.04721 1
      vertex 104.89 0.67485 1
      vertex 104.89 0.92514 1
    endloop
  endfacet
  facet normal 0 0 1
    outer loop
      vertex 104.861 1.04721 1
      vertex 104.861 0.55278 1
      vertex 104.89 0.67485 1
    endloop
  endfacet
  facet normal 0 0 1
    outer loop
      vertex 104.813 1.16318 1
      vertex 104.861 0.55278 1
      vertex 104.861 1.04721 1
    endloop
  endfacet
  facet normal 0 0 1
    outer loop
      vertex 104.813 1.16318 1
      vertex 104.813 0.436798 1
      vertex 104.861 0.55278 1
    endloop
  endfacet
  facet normal 0 0 1
    outer loop
      vertex 104.813 1.16318 1
      vertex 104.747 0.329758 1
      vertex 104.813 0.436798 1
    endloop
  endfacet
  facet normal 0 0 1
    outer loop
      vertex 104.813 1.16318 1
      vertex 104.666 0.234314 1
      vertex 104.747 0.329758 1
    endloop
  endfacet
  facet normal 0 0 1
    outer loop
      vertex 104.813 1.16318 1
      vertex 104.57 0.152786 1
      vertex 104.666 0.234314 1
    endloop
  endfacet
  facet normal 0 0 1
    outer loop
      vertex 104.813 1.16318 1
      vertex 104.463 0.0871887 1
      vertex 104.57 0.152786 1
    endloop
  endfacet
  facet normal 0 0 1
    outer loop
      vertex 104.813 1.16318 1
      vertex 104.347 0.0391541 1
      vertex 104.463 0.0871887 1
    endloop
  endfacet
  facet normal 0 0 1
    outer loop
      vertex 104.813 1.16318 1
      vertex 104.225 0.00984192 1
      vertex 104.347 0.0391541 1
    endloop
  endfacet
  facet normal 0 0 1
    outer loop
      vertex 102.987 1.16318 1
      vertex 104.813 1.16318 1
      vertex 104.115 2.5 1
    endloop
  endfacet
  facet normal 0 0 1
    outer loop
      vertex 104.813 1.16318 1
      vertex 104.1 0 1
      vertex 104.225 0.00984192 1
    endloop
  endfacet
  facet normal 0 0 1
    outer loop
      vertex 104.813 1.16318 1
      vertex 102.987 1.16318 1
      vertex 103.7 0 1
    endloop
  endfacet
  facet normal 0 0 1
    outer loop
      vertex 103.7 0 1
      vertex 102.987 1.16318 1
      vertex 103.575 0.00984192 1
    endloop
  endfacet
  facet normal 0 0 1
    outer loop
      vertex 103.575 0.00984192 1
      vertex 102.987 1.16318 1
      vertex 103.453 0.0391541 1
    endloop
  endfacet
  facet normal 0 0 1
    outer loop
      vertex 103.453 0.0391541 1
      vertex 102.987 1.16318 1
      vertex 103.337 0.0871887 1
    endloop
  endfacet
  facet normal 0 0 1
    outer loop
      vertex 103.337 0.0871887 1
      vertex 102.987 1.16318 1
      vertex 103.23 0.152786 1
    endloop
  endfacet
  facet normal 0 0 1
    outer loop
      vertex 103.23 0.152786 1
      vertex 102.987 1.16318 1
      vertex 103.134 0.234314 1
    endloop
  endfacet
  facet normal 0 0 1
    outer loop
      vertex 103.134 0.234314 1
      vertex 102.987 1.16318 1
      vertex 103.053 0.329758 1
    endloop
  endfacet
  facet normal 0 0 1
    outer loop
      vertex 102.987 1.16318 1
      vertex 102.987 0.436798 1
      vertex 103.053 0.329758 1
    endloop
  endfacet
  facet normal -0 0 1
    outer loop
      vertex 102.939 1.04721 1
      vertex 102.987 0.436798 1
      vertex 102.987 1.16318 1
    endloop
  endfacet
  facet normal 0 0 1
    outer loop
      vertex 102.939 1.04721 1
      vertex 102.939 0.55278 1
      vertex 102.987 0.436798 1
    endloop
  endfacet
  facet normal -0 0 1
    outer loop
      vertex 102.91 0.92514 1
      vertex 102.939 0.55278 1
      vertex 102.939 1.04721 1
    endloop
  endfacet
  facet normal 0 0 1
    outer loop
      vertex 102.91 0.92514 1
      vertex 102.91 0.67485 1
      vertex 102.939 0.55278 1
    endloop
  endfacet
  facet normal 0 -0 1
    outer loop
      vertex 102.91 0.67485 1
      vertex 102.91 0.92514 1
      vertex 102.9 0.799988 1
    endloop
  endfacet
  facet normal 0 0 1
    outer loop
      vertex 103.695 2.5 1
      vertex 103.4 7.5 1
      vertex 103.4 2.5 1
    endloop
  endfacet
  facet normal -1 0 0
    outer loop
      vertex 103.4 2.5 0
      vertex 103.4 7.5 1
      vertex 103.4 7.5 0
    endloop
  endfacet
  facet normal -1 -0 0
    outer loop
      vertex 103.4 7.5 1
      vertex 103.4 2.5 0
      vertex 103.4 2.5 1
    endloop
  endfacet
  facet normal 0 -1 0
    outer loop
      vertex 103.4 2.5 0
      vertex 103.695 2.5 1
      vertex 103.4 2.5 1
    endloop
  endfacet
  facet normal 0 -1 -0
    outer loop
      vertex 103.695 2.5 1
      vertex 103.4 2.5 0
      vertex 103.695 2.5 0
    endloop
  endfacet
  facet normal -0.883714 0.468028 0
    outer loop
      vertex 102.987 1.16318 0
      vertex 103.695 2.5 1
      vertex 103.695 2.5 0
    endloop
  endfacet
  facet normal -0.883714 0.468028 0
    outer loop
      vertex 103.695 2.5 1
      vertex 102.987 1.16318 0
      vertex 102.987 1.16318 1
    endloop
  endfacet
  facet normal -0.923982 0.382436 0
    outer loop
      vertex 102.939 1.04721 0
      vertex 102.987 1.16318 1
      vertex 102.987 1.16318 0
    endloop
  endfacet
  facet normal -0.923982 0.382436 0
    outer loop
      vertex 102.987 1.16318 1
      vertex 102.939 1.04721 0
      vertex 102.939 1.04721 1
    endloop
  endfacet
  facet normal -0.972922 0.231136 0
    outer loop
      vertex 102.91 0.92514 0
      vertex 102.939 1.04721 1
      vertex 102.939 1.04721 0
    endloop
  endfacet
  facet normal -0.972922 0.231136 0
    outer loop
      vertex 102.939 1.04721 1
      vertex 102.91 0.92514 0
      vertex 102.91 0.92514 1
    endloop
  endfacet
  facet normal -0.996823 0.079649 0
    outer loop
      vertex 102.9 0.799988 0
      vertex 102.91 0.92514 1
      vertex 102.91 0.92514 0
    endloop
  endfacet
  facet normal -0.996823 0.079649 0
    outer loop
      vertex 102.91 0.92514 1
      vertex 102.9 0.799988 0
      vertex 102.9 0.799988 1
    endloop
  endfacet
  facet normal -0.996822 -0.0796578 0
    outer loop
      vertex 102.91 0.67485 0
      vertex 102.9 0.799988 1
      vertex 102.9 0.799988 0
    endloop
  endfacet
  facet normal -0.996822 -0.0796578 0
    outer loop
      vertex 102.9 0.799988 1
      vertex 102.91 0.67485 0
      vertex 102.91 0.67485 1
    endloop
  endfacet
  facet normal -0.972922 -0.231136 0
    outer loop
      vertex 102.939 0.55278 0
      vertex 102.91 0.67485 1
      vertex 102.91 0.67485 0
    endloop
  endfacet
  facet normal -0.972922 -0.231136 0
    outer loop
      vertex 102.91 0.67485 1
      vertex 102.939 0.55278 0
      vertex 102.939 0.55278 1
    endloop
  endfacet
  facet normal -0.923996 -0.382402 0
    outer loop
      vertex 102.987 0.436798 0
      vertex 102.939 0.55278 1
      vertex 102.939 0.55278 0
    endloop
  endfacet
  facet normal -0.923996 -0.382402 0
    outer loop
      vertex 102.939 0.55278 1
      vertex 102.987 0.436798 0
      vertex 102.987 0.436798 1
    endloop
  endfacet
  facet normal -0.851199 -0.524843 0
    outer loop
      vertex 103.053 0.329758 0
      vertex 102.987 0.436798 1
      vertex 102.987 0.436798 0
    endloop
  endfacet
  facet normal -0.851199 -0.524843 0
    outer loop
      vertex 102.987 0.436798 1
      vertex 103.053 0.329758 0
      vertex 103.053 0.329758 1
    endloop
  endfacet
  facet normal -0.762441 -0.647057 0
    outer loop
      vertex 103.134 0.234314 0
      vertex 103.053 0.329758 1
      vertex 103.053 0.329758 0
    endloop
  endfacet
  facet normal -0.762441 -0.647057 0
    outer loop
      vertex 103.053 0.329758 1
      vertex 103.134 0.234314 0
      vertex 103.134 0.234314 1
    endloop
  endfacet
  facet normal -0.647316 -0.762221 0
    outer loop
      vertex 103.134 0.234314 0
      vertex 103.23 0.152786 1
      vertex 103.134 0.234314 1
    endloop
  endfacet
  facet normal -0.647316 -0.762221 -0
    outer loop
      vertex 103.23 0.152786 1
      vertex 103.134 0.234314 0
      vertex 103.23 0.152786 0
    endloop
  endfacet
  facet normal -0.522659 -0.852542 0
    outer loop
      vertex 103.23 0.152786 0
      vertex 103.337 0.0871887 1
      vertex 103.23 0.152786 1
    endloop
  endfacet
  facet normal -0.522659 -0.852542 -0
    outer loop
      vertex 103.337 0.0871887 1
      vertex 103.23 0.152786 0
      vertex 103.337 0.0871887 0
    endloop
  endfacet
  facet normal -0.382587 -0.923919 0
    outer loop
      vertex 103.337 0.0871887 0
      vertex 103.453 0.0391541 1
      vertex 103.337 0.0871887 1
    endloop
  endfacet
  facet normal -0.382587 -0.923919 -0
    outer loop
      vertex 103.453 0.0391541 1
      vertex 103.337 0.0871887 0
      vertex 103.453 0.0391541 0
    endloop
  endfacet
  facet normal -0.233615 -0.972329 0
    outer loop
      vertex 103.453 0.0391541 0
      vertex 103.575 0.00984192 1
      vertex 103.453 0.0391541 1
    endloop
  endfacet
  facet normal -0.233615 -0.972329 -0
    outer loop
      vertex 103.575 0.00984192 1
      vertex 103.453 0.0391541 0
      vertex 103.575 0.00984192 0
    endloop
  endfacet
  facet normal -0.0784924 -0.996915 0
    outer loop
      vertex 103.575 0.00984192 0
      vertex 103.7 0 1
      vertex 103.575 0.00984192 1
    endloop
  endfacet
  facet normal -0.0784924 -0.996915 -0
    outer loop
      vertex 103.7 0 1
      vertex 103.575 0.00984192 0
      vertex 103.7 0 0
    endloop
  endfacet
  facet normal 0 -1 0
    outer loop
      vertex 103.7 0 0
      vertex 104.1 0 1
      vertex 103.7 0 1
    endloop
  endfacet
  facet normal 0 -1 -0
    outer loop
      vertex 104.1 0 1
      vertex 103.7 0 0
      vertex 104.1 0 0
    endloop
  endfacet
  facet normal 0.0784924 -0.996915 0
    outer loop
      vertex 104.1 0 0
      vertex 104.225 0.00984192 1
      vertex 104.1 0 1
    endloop
  endfacet
  facet normal 0.0784924 -0.996915 0
    outer loop
      vertex 104.225 0.00984192 1
      vertex 104.1 0 0
      vertex 104.225 0.00984192 0
    endloop
  endfacet
  facet normal 0.233615 -0.972329 0
    outer loop
      vertex 104.225 0.00984192 0
      vertex 104.347 0.0391541 1
      vertex 104.225 0.00984192 1
    endloop
  endfacet
  facet normal 0.233615 -0.972329 0
    outer loop
      vertex 104.347 0.0391541 1
      vertex 104.225 0.00984192 0
      vertex 104.347 0.0391541 0
    endloop
  endfacet
  facet normal 0.382587 -0.923919 0
    outer loop
      vertex 104.347 0.0391541 0
      vertex 104.463 0.0871887 1
      vertex 104.347 0.0391541 1
    endloop
  endfacet
  facet normal 0.382587 -0.923919 0
    outer loop
      vertex 104.463 0.0871887 1
      vertex 104.347 0.0391541 0
      vertex 104.463 0.0871887 0
    endloop
  endfacet
  facet normal 0.522659 -0.852542 0
    outer loop
      vertex 104.463 0.0871887 0
      vertex 104.57 0.152786 1
      vertex 104.463 0.0871887 1
    endloop
  endfacet
  facet normal 0.522659 -0.852542 0
    outer loop
      vertex 104.57 0.152786 1
      vertex 104.463 0.0871887 0
      vertex 104.57 0.152786 0
    endloop
  endfacet
  facet normal 0.647316 -0.762221 0
    outer loop
      vertex 104.57 0.152786 0
      vertex 104.666 0.234314 1
      vertex 104.57 0.152786 1
    endloop
  endfacet
  facet normal 0.647316 -0.762221 0
    outer loop
      vertex 104.666 0.234314 1
      vertex 104.57 0.152786 0
      vertex 104.666 0.234314 0
    endloop
  endfacet
  facet normal 0.762441 -0.647057 0
    outer loop
      vertex 104.666 0.234314 1
      vertex 104.747 0.329758 0
      vertex 104.747 0.329758 1
    endloop
  endfacet
  facet normal 0.762441 -0.647057 0
    outer loop
      vertex 104.747 0.329758 0
      vertex 104.666 0.234314 1
      vertex 104.666 0.234314 0
    endloop
  endfacet
  facet normal 0.851199 -0.524843 0
    outer loop
      vertex 104.747 0.329758 1
      vertex 104.813 0.436798 0
      vertex 104.813 0.436798 1
    endloop
  endfacet
  facet normal 0.851199 -0.524843 0
    outer loop
      vertex 104.813 0.436798 0
      vertex 104.747 0.329758 1
      vertex 104.747 0.329758 0
    endloop
  endfacet
  facet normal 0.923996 -0.382402 0
    outer loop
      vertex 104.813 0.436798 1
      vertex 104.861 0.55278 0
      vertex 104.861 0.55278 1
    endloop
  endfacet
  facet normal 0.923996 -0.382402 0
    outer loop
      vertex 104.861 0.55278 0
      vertex 104.813 0.436798 1
      vertex 104.813 0.436798 0
    endloop
  endfacet
  facet normal 0.972922 -0.231136 0
    outer loop
      vertex 104.861 0.55278 1
      vertex 104.89 0.67485 0
      vertex 104.89 0.67485 1
    endloop
  endfacet
  facet normal 0.972922 -0.231136 0
    outer loop
      vertex 104.89 0.67485 0
      vertex 104.861 0.55278 1
      vertex 104.861 0.55278 0
    endloop
  endfacet
  facet normal 0.996822 -0.0796578 0
    outer loop
      vertex 104.89 0.67485 1
      vertex 104.9 0.799988 0
      vertex 104.9 0.799988 1
    endloop
  endfacet
  facet normal 0.996822 -0.0796578 0
    outer loop
      vertex 104.9 0.799988 0
      vertex 104.89 0.67485 1
      vertex 104.89 0.67485 0
    endloop
  endfacet
  facet normal 0.996823 0.079649 0
    outer loop
      vertex 104.9 0.799988 1
      vertex 104.89 0.92514 0
      vertex 104.89 0.92514 1
    endloop
  endfacet
  facet normal 0.996823 0.079649 0
    outer loop
      vertex 104.89 0.92514 0
      vertex 104.9 0.799988 1
      vertex 104.9 0.799988 0
    endloop
  endfacet
  facet normal 0.972922 0.231136 0
    outer loop
      vertex 104.89 0.92514 1
      vertex 104.861 1.04721 0
      vertex 104.861 1.04721 1
    endloop
  endfacet
  facet normal 0.972922 0.231136 0
    outer loop
      vertex 104.861 1.04721 0
      vertex 104.89 0.92514 1
      vertex 104.89 0.92514 0
    endloop
  endfacet
  facet normal 0.923982 0.382436 0
    outer loop
      vertex 104.861 1.04721 1
      vertex 104.813 1.16318 0
      vertex 104.813 1.16318 1
    endloop
  endfacet
  facet normal 0.923982 0.382436 0
    outer loop
      vertex 104.813 1.16318 0
      vertex 104.861 1.04721 1
      vertex 104.861 1.04721 0
    endloop
  endfacet
  facet normal 0.886441 0.462842 0
    outer loop
      vertex 104.813 1.16318 1
      vertex 104.115 2.5 0
      vertex 104.115 2.5 1
    endloop
  endfacet
  facet normal 0.886441 0.462842 0
    outer loop
      vertex 104.115 2.5 0
      vertex 104.813 1.16318 1
      vertex 104.813 1.16318 0
    endloop
  endfacet
  facet normal 0 -1 0
    outer loop
      vertex 104.115 2.5 0
      vertex 104.4 2.5 1
      vertex 104.115 2.5 1
    endloop
  endfacet
  facet normal 0 -1 -0
    outer loop
      vertex 104.4 2.5 1
      vertex 104.115 2.5 0
      vertex 104.4 2.5 0
    endloop
  endfacet
  facet normal 1 -0 0
    outer loop
      vertex 104.4 2.5 1
      vertex 104.4 9 0
      vertex 104.4 9 1
    endloop
  endfacet
  facet normal 1 0 0
    outer loop
      vertex 104.4 9 0
      vertex 104.4 2.5 1
      vertex 104.4 2.5 0
    endloop
  endfacet
  facet normal 0 1 -0
    outer loop
      vertex 104.4 9 0
      vertex 92.9 9 1
      vertex 104.4 9 1
    endloop
  endfacet
  facet normal 0 1 0
    outer loop
      vertex 92.9 9 1
      vertex 104.4 9 0
      vertex 92.9 9 0
    endloop
  endfacet
  facet normal 1 -0 0
    outer loop
      vertex 92.9 9 1
      vertex 92.9 10.5 0
      vertex 92.9 10.5 1
    endloop
  endfacet
  facet normal 1 0 0
    outer loop
      vertex 92.9 10.5 0
      vertex 92.9 9 1
      vertex 92.9 9 0
    endloop
  endfacet
  facet normal 0 -1 0
    outer loop
      vertex 92.9 10.5 0
      vertex 93 10.5 1
      vertex 92.9 10.5 1
    endloop
  endfacet
  facet normal 0 -1 -0
    outer loop
      vertex 93 10.5 1
      vertex 92.9 10.5 0
      vertex 93 10.5 0
    endloop
  endfacet
  facet normal 1 -0 0
    outer loop
      vertex 93 10.5 1
      vertex 93 12 0
      vertex 93 12 1
    endloop
  endfacet
  facet normal 1 0 0
    outer loop
      vertex 93 12 0
      vertex 93 10.5 1
      vertex 93 10.5 0
    endloop
  endfacet
  facet normal 0 1 -0
    outer loop
      vertex 93 12 0
      vertex 91.8 12 1
      vertex 93 12 1
    endloop
  endfacet
  facet normal 0 1 0
    outer loop
      vertex 91.8 12 1
      vertex 93 12 0
      vertex 91.8 12 0
    endloop
  endfacet
  facet normal -1 0 0
    outer loop
      vertex 91.8 10.5 0
      vertex 91.8 12 1
      vertex 91.8 12 0
    endloop
  endfacet
  facet normal -1 -0 0
    outer loop
      vertex 91.8 12 1
      vertex 91.8 10.5 0
      vertex 91.8 10.5 1
    endloop
  endfacet
  facet normal 0 -1 0
    outer loop
      vertex 91.8 10.5 0
      vertex 91.9 10.5 1
      vertex 91.8 10.5 1
    endloop
  endfacet
  facet normal 0 -1 -0
    outer loop
      vertex 91.9 10.5 1
      vertex 91.8 10.5 0
      vertex 91.9 10.5 0
    endloop
  endfacet
  facet normal -1 0 0
    outer loop
      vertex 91.9 7.5 0
      vertex 91.9 10.5 1
      vertex 91.9 10.5 0
    endloop
  endfacet
  facet normal -1 -0 0
    outer loop
      vertex 91.9 10.5 1
      vertex 91.9 7.5 0
      vertex 91.9 7.5 1
    endloop
  endfacet
  facet normal 0 -1 0
    outer loop
      vertex 91.9 7.5 0
      vertex 103.4 7.5 1
      vertex 91.9 7.5 1
    endloop
  endfacet
  facet normal 0 -1 -0
    outer loop
      vertex 103.4 7.5 1
      vertex 91.9 7.5 0
      vertex 103.4 7.5 0
    endloop
  endfacet
  facet normal 0 0 -1
    outer loop
      vertex 135.4 0 0
      vertex 134.687 1.16318 0
      vertex 136.513 1.16318 0
    endloop
  endfacet
  facet normal 0 0 -1
    outer loop
      vertex 134.687 1.16318 0
      vertex 135.275 0.00984192 0
      vertex 135.153 0.0391541 0
    endloop
  endfacet
  facet normal 0 0 -1
    outer loop
      vertex 134.687 1.16318 0
      vertex 135.153 0.0391541 0
      vertex 135.037 0.0871887 0
    endloop
  endfacet
  facet normal 0 0 -1
    outer loop
      vertex 134.687 1.16318 0
      vertex 135.037 0.0871887 0
      vertex 134.93 0.152786 0
    endloop
  endfacet
  facet normal 0 0 -1
    outer loop
      vertex 134.687 1.16318 0
      vertex 134.93 0.152786 0
      vertex 134.834 0.234314 0
    endloop
  endfacet
  facet normal 0 0 -1
    outer loop
      vertex 134.687 1.16318 0
      vertex 134.834 0.234314 0
      vertex 134.753 0.329758 0
    endloop
  endfacet
  facet normal 0 0 -1
    outer loop
      vertex 134.687 1.16318 0
      vertex 134.753 0.329758 0
      vertex 134.687 0.436798 0
    endloop
  endfacet
  facet normal 0 0 -1
    outer loop
      vertex 136.513 1.16318 0
      vertex 134.687 1.16318 0
      vertex 135.395 2.5 0
    endloop
  endfacet
  facet normal 0 0 -1
    outer loop
      vertex 134.639 0.55278 0
      vertex 134.687 1.16318 0
      vertex 134.687 0.436798 0
    endloop
  endfacet
  facet normal 0 0 -1
    outer loop
      vertex 134.639 0.55278 0
      vertex 134.639 1.04721 0
      vertex 134.687 1.16318 0
    endloop
  endfacet
  facet normal 0 0 -1
    outer loop
      vertex 134.61 0.67485 0
      vertex 134.639 1.04721 0
      vertex 134.639 0.55278 0
    endloop
  endfacet
  facet normal 0 0 -1
    outer loop
      vertex 134.61 0.67485 0
      vertex 134.61 0.92514 0
      vertex 134.639 1.04721 0
    endloop
  endfacet
  facet normal 0 -0 -1
    outer loop
      vertex 134.61 0.92514 0
      vertex 134.61 0.67485 0
      vertex 134.6 0.799988 0
    endloop
  endfacet
  facet normal 0 0 -1
    outer loop
      vertex 136.59 0.67485 0
      vertex 136.59 0.92514 0
      vertex 136.6 0.799988 0
    endloop
  endfacet
  facet normal 0 0 -1
    outer loop
      vertex 136.561 0.55278 0
      vertex 136.59 0.92514 0
      vertex 136.59 0.67485 0
    endloop
  endfacet
  facet normal 0 0 -1
    outer loop
      vertex 136.561 0.55278 0
      vertex 136.561 1.04721 0
      vertex 136.59 0.92514 0
    endloop
  endfacet
  facet normal 0 0 -1
    outer loop
      vertex 136.513 0.436798 0
      vertex 136.561 1.04721 0
      vertex 136.561 0.55278 0
    endloop
  endfacet
  facet normal 0 0 -1
    outer loop
      vertex 136.513 0.436798 0
      vertex 136.513 1.16318 0
      vertex 136.561 1.04721 0
    endloop
  endfacet
  facet normal 0 0 -1
    outer loop
      vertex 136.447 0.329758 0
      vertex 136.513 1.16318 0
      vertex 136.513 0.436798 0
    endloop
  endfacet
  facet normal 0 0 -1
    outer loop
      vertex 136.366 0.234314 0
      vertex 136.513 1.16318 0
      vertex 136.447 0.329758 0
    endloop
  endfacet
  facet normal 0 0 -1
    outer loop
      vertex 136.27 0.152786 0
      vertex 136.513 1.16318 0
      vertex 136.366 0.234314 0
    endloop
  endfacet
  facet normal 0 0 -1
    outer loop
      vertex 136.163 0.0871887 0
      vertex 136.513 1.16318 0
      vertex 136.27 0.152786 0
    endloop
  endfacet
  facet normal 0 0 -1
    outer loop
      vertex 136.047 0.0391541 0
      vertex 136.513 1.16318 0
      vertex 136.163 0.0871887 0
    endloop
  endfacet
  facet normal 0 0 -1
    outer loop
      vertex 135.925 0.00984192 0
      vertex 136.513 1.16318 0
      vertex 136.047 0.0391541 0
    endloop
  endfacet
  facet normal 0 0 -1
    outer loop
      vertex 135.8 0 0
      vertex 136.513 1.16318 0
      vertex 135.925 0.00984192 0
    endloop
  endfacet
  facet normal 0 0 -1
    outer loop
      vertex 135.4 0 0
      vertex 136.513 1.16318 0
      vertex 135.8 0 0
    endloop
  endfacet
  facet normal 0 0 -1
    outer loop
      vertex 135.1 7.5 0
      vertex 136.1 2.5 0
      vertex 135.815 2.5 0
    endloop
  endfacet
  facet normal 0 0 -1
    outer loop
      vertex 134.687 1.16318 0
      vertex 135.4 0 0
      vertex 135.275 0.00984192 0
    endloop
  endfacet
  facet normal 0 0 -1
    outer loop
      vertex 136.513 1.16318 0
      vertex 135.395 2.5 0
      vertex 135.815 2.5 0
    endloop
  endfacet
  facet normal 0 0 -1
    outer loop
      vertex 135.1 7.5 0
      vertex 135.815 2.5 0
      vertex 135.395 2.5 0
    endloop
  endfacet
  facet normal 0 0 -1
    outer loop
      vertex 135.1 7.5 0
      vertex 135.395 2.5 0
      vertex 135.1 2.5 0
    endloop
  endfacet
  facet normal 0 0 -1
    outer loop
      vertex 136.1 2.5 0
      vertex 135.1 7.5 0
      vertex 136.1 9 0
    endloop
  endfacet
  facet normal 0 0 -1
    outer loop
      vertex 135.1 7.5 0
      vertex 122.9 9 0
      vertex 136.1 9 0
    endloop
  endfacet
  facet normal 0 0 -1
    outer loop
      vertex 121.9 10.5 0
      vertex 122.9 9 0
      vertex 121.9 7.5 0
    endloop
  endfacet
  facet normal 0 0 -1
    outer loop
      vertex 121.9 7.5 0
      vertex 122.9 9 0
      vertex 135.1 7.5 0
    endloop
  endfacet
  facet normal 0 0 -1
    outer loop
      vertex 122.9 10.5 0
      vertex 123 12 0
      vertex 123 10.5 0
    endloop
  endfacet
  facet normal 0 0 -1
    outer loop
      vertex 122.9 9 0
      vertex 121.9 10.5 0
      vertex 122.9 10.5 0
    endloop
  endfacet
  facet normal 0 0 -1
    outer loop
      vertex 122.9 10.5 0
      vertex 121.9 10.5 0
      vertex 123 12 0
    endloop
  endfacet
  facet normal 0 0 -1
    outer loop
      vertex 121.8 12 0
      vertex 121.9 10.5 0
      vertex 121.8 10.5 0
    endloop
  endfacet
  facet normal 0 0 -1
    outer loop
      vertex 121.9 10.5 0
      vertex 121.8 12 0
      vertex 123 12 0
    endloop
  endfacet
  facet normal 0 0 1
    outer loop
      vertex 123 12 1
      vertex 122.9 10.5 1
      vertex 123 10.5 1
    endloop
  endfacet
  facet normal 0 0 1
    outer loop
      vertex 122.9 10.5 1
      vertex 121.9 10.5 1
      vertex 122.9 9 1
    endloop
  endfacet
  facet normal 0 0 1
    outer loop
      vertex 123 12 1
      vertex 121.9 10.5 1
      vertex 122.9 10.5 1
    endloop
  endfacet
  facet normal -0 0 1
    outer loop
      vertex 121.8 12 1
      vertex 121.9 10.5 1
      vertex 123 12 1
    endloop
  endfacet
  facet normal 0 0 1
    outer loop
      vertex 121.9 10.5 1
      vertex 121.8 12 1
      vertex 121.8 10.5 1
    endloop
  endfacet
  facet normal -0 0 1
    outer loop
      vertex 135.1 7.5 1
      vertex 136.1 2.5 1
      vertex 136.1 9 1
    endloop
  endfacet
  facet normal 0 0 1
    outer loop
      vertex 136.513 1.16318 1
      vertex 135.4 0 1
      vertex 135.8 0 1
    endloop
  endfacet
  facet normal 0 0 1
    outer loop
      vertex 136.1 2.5 1
      vertex 135.1 7.5 1
      vertex 135.815 2.5 1
    endloop
  endfacet
  facet normal 0 0 1
    outer loop
      vertex 134.687 1.16318 1
      vertex 135.815 2.5 1
      vertex 135.395 2.5 1
    endloop
  endfacet
  facet normal 0 0 1
    outer loop
      vertex 135.815 2.5 1
      vertex 135.1 7.5 1
      vertex 135.395 2.5 1
    endloop
  endfacet
  facet normal -0 0 1
    outer loop
      vertex 122.9 9 1
      vertex 135.1 7.5 1
      vertex 136.1 9 1
    endloop
  endfacet
  facet normal 0 0 1
    outer loop
      vertex 122.9 9 1
      vertex 121.9 7.5 1
      vertex 135.1 7.5 1
    endloop
  endfacet
  facet normal 0 0 1
    outer loop
      vertex 121.9 7.5 1
      vertex 122.9 9 1
      vertex 121.9 10.5 1
    endloop
  endfacet
  facet normal 0 0 1
    outer loop
      vertex 136.59 0.92514 1
      vertex 136.59 0.67485 1
      vertex 136.6 0.799988 1
    endloop
  endfacet
  facet normal 0 0 1
    outer loop
      vertex 136.561 1.04721 1
      vertex 136.59 0.67485 1
      vertex 136.59 0.92514 1
    endloop
  endfacet
  facet normal 0 0 1
    outer loop
      vertex 136.561 1.04721 1
      vertex 136.561 0.55278 1
      vertex 136.59 0.67485 1
    endloop
  endfacet
  facet normal 0 0 1
    outer loop
      vertex 136.513 1.16318 1
      vertex 136.561 0.55278 1
      vertex 136.561 1.04721 1
    endloop
  endfacet
  facet normal 0 0 1
    outer loop
      vertex 136.513 1.16318 1
      vertex 136.513 0.436798 1
      vertex 136.561 0.55278 1
    endloop
  endfacet
  facet normal 0 0 1
    outer loop
      vertex 136.513 1.16318 1
      vertex 136.447 0.329758 1
      vertex 136.513 0.436798 1
    endloop
  endfacet
  facet normal 0 0 1
    outer loop
      vertex 136.513 1.16318 1
      vertex 136.366 0.234314 1
      vertex 136.447 0.329758 1
    endloop
  endfacet
  facet normal 0 0 1
    outer loop
      vertex 136.513 1.16318 1
      vertex 136.27 0.152786 1
      vertex 136.366 0.234314 1
    endloop
  endfacet
  facet normal 0 0 1
    outer loop
      vertex 136.513 1.16318 1
      vertex 136.163 0.0871887 1
      vertex 136.27 0.152786 1
    endloop
  endfacet
  facet normal 0 0 1
    outer loop
      vertex 136.513 1.16318 1
      vertex 136.047 0.0391541 1
      vertex 136.163 0.0871887 1
    endloop
  endfacet
  facet normal 0 0 1
    outer loop
      vertex 136.513 1.16318 1
      vertex 135.925 0.00984192 1
      vertex 136.047 0.0391541 1
    endloop
  endfacet
  facet normal 0 0 1
    outer loop
      vertex 134.687 1.16318 1
      vertex 136.513 1.16318 1
      vertex 135.815 2.5 1
    endloop
  endfacet
  facet normal 0 0 1
    outer loop
      vertex 136.513 1.16318 1
      vertex 135.8 0 1
      vertex 135.925 0.00984192 1
    endloop
  endfacet
  facet normal 0 0 1
    outer loop
      vertex 136.513 1.16318 1
      vertex 134.687 1.16318 1
      vertex 135.4 0 1
    endloop
  endfacet
  facet normal 0 0 1
    outer loop
      vertex 135.4 0 1
      vertex 134.687 1.16318 1
      vertex 135.275 0.00984192 1
    endloop
  endfacet
  facet normal 0 0 1
    outer loop
      vertex 135.275 0.00984192 1
      vertex 134.687 1.16318 1
      vertex 135.153 0.0391541 1
    endloop
  endfacet
  facet normal 0 0 1
    outer loop
      vertex 135.153 0.0391541 1
      vertex 134.687 1.16318 1
      vertex 135.037 0.0871887 1
    endloop
  endfacet
  facet normal 0 0 1
    outer loop
      vertex 135.037 0.0871887 1
      vertex 134.687 1.16318 1
      vertex 134.93 0.152786 1
    endloop
  endfacet
  facet normal 0 0 1
    outer loop
      vertex 134.93 0.152786 1
      vertex 134.687 1.16318 1
      vertex 134.834 0.234314 1
    endloop
  endfacet
  facet normal 0 0 1
    outer loop
      vertex 134.834 0.234314 1
      vertex 134.687 1.16318 1
      vertex 134.753 0.329758 1
    endloop
  endfacet
  facet normal 0 0 1
    outer loop
      vertex 134.687 1.16318 1
      vertex 134.687 0.436798 1
      vertex 134.753 0.329758 1
    endloop
  endfacet
  facet normal -0 0 1
    outer loop
      vertex 134.639 1.04721 1
      vertex 134.687 0.436798 1
      vertex 134.687 1.16318 1
    endloop
  endfacet
  facet normal 0 0 1
    outer loop
      vertex 134.639 1.04721 1
      vertex 134.639 0.55278 1
      vertex 134.687 0.436798 1
    endloop
  endfacet
  facet normal -0 0 1
    outer loop
      vertex 134.61 0.92514 1
      vertex 134.639 0.55278 1
      vertex 134.639 1.04721 1
    endloop
  endfacet
  facet normal 0 0 1
    outer loop
      vertex 134.61 0.92514 1
      vertex 134.61 0.67485 1
      vertex 134.639 0.55278 1
    endloop
  endfacet
  facet normal 0 -0 1
    outer loop
      vertex 134.61 0.67485 1
      vertex 134.61 0.92514 1
      vertex 134.6 0.799988 1
    endloop
  endfacet
  facet normal 0 0 1
    outer loop
      vertex 135.395 2.5 1
      vertex 135.1 7.5 1
      vertex 135.1 2.5 1
    endloop
  endfacet
  facet normal -1 0 0
    outer loop
      vertex 135.1 2.5 0
      vertex 135.1 7.5 1
      vertex 135.1 7.5 0
    endloop
  endfacet
  facet normal -1 -0 0
    outer loop
      vertex 135.1 7.5 1
      vertex 135.1 2.5 0
      vertex 135.1 2.5 1
    endloop
  endfacet
  facet normal 0 -1 0
    outer loop
      vertex 135.1 2.5 0
      vertex 135.395 2.5 1
      vertex 135.1 2.5 1
    endloop
  endfacet
  facet normal 0 -1 -0
    outer loop
      vertex 135.395 2.5 1
      vertex 135.1 2.5 0
      vertex 135.395 2.5 0
    endloop
  endfacet
  facet normal -0.883714 0.468028 0
    outer loop
      vertex 134.687 1.16318 0
      vertex 135.395 2.5 1
      vertex 135.395 2.5 0
    endloop
  endfacet
  facet normal -0.883714 0.468028 0
    outer loop
      vertex 135.395 2.5 1
      vertex 134.687 1.16318 0
      vertex 134.687 1.16318 1
    endloop
  endfacet
  facet normal -0.923982 0.382436 0
    outer loop
      vertex 134.639 1.04721 0
      vertex 134.687 1.16318 1
      vertex 134.687 1.16318 0
    endloop
  endfacet
  facet normal -0.923982 0.382436 0
    outer loop
      vertex 134.687 1.16318 1
      vertex 134.639 1.04721 0
      vertex 134.639 1.04721 1
    endloop
  endfacet
  facet normal -0.972922 0.231136 0
    outer loop
      vertex 134.61 0.92514 0
      vertex 134.639 1.04721 1
      vertex 134.639 1.04721 0
    endloop
  endfacet
  facet normal -0.972922 0.231136 0
    outer loop
      vertex 134.639 1.04721 1
      vertex 134.61 0.92514 0
      vertex 134.61 0.92514 1
    endloop
  endfacet
  facet normal -0.996823 0.079649 0
    outer loop
      vertex 134.6 0.799988 0
      vertex 134.61 0.92514 1
      vertex 134.61 0.92514 0
    endloop
  endfacet
  facet normal -0.996823 0.079649 0
    outer loop
      vertex 134.61 0.92514 1
      vertex 134.6 0.799988 0
      vertex 134.6 0.799988 1
    endloop
  endfacet
  facet normal -0.996822 -0.0796578 0
    outer loop
      vertex 134.61 0.67485 0
      vertex 134.6 0.799988 1
      vertex 134.6 0.799988 0
    endloop
  endfacet
  facet normal -0.996822 -0.0796578 0
    outer loop
      vertex 134.6 0.799988 1
      vertex 134.61 0.67485 0
      vertex 134.61 0.67485 1
    endloop
  endfacet
  facet normal -0.972922 -0.231136 0
    outer loop
      vertex 134.639 0.55278 0
      vertex 134.61 0.67485 1
      vertex 134.61 0.67485 0
    endloop
  endfacet
  facet normal -0.972922 -0.231136 0
    outer loop
      vertex 134.61 0.67485 1
      vertex 134.639 0.55278 0
      vertex 134.639 0.55278 1
    endloop
  endfacet
  facet normal -0.923996 -0.382402 0
    outer loop
      vertex 134.687 0.436798 0
      vertex 134.639 0.55278 1
      vertex 134.639 0.55278 0
    endloop
  endfacet
  facet normal -0.923996 -0.382402 0
    outer loop
      vertex 134.639 0.55278 1
      vertex 134.687 0.436798 0
      vertex 134.687 0.436798 1
    endloop
  endfacet
  facet normal -0.851199 -0.524843 0
    outer loop
      vertex 134.753 0.329758 0
      vertex 134.687 0.436798 1
      vertex 134.687 0.436798 0
    endloop
  endfacet
  facet normal -0.851199 -0.524843 0
    outer loop
      vertex 134.687 0.436798 1
      vertex 134.753 0.329758 0
      vertex 134.753 0.329758 1
    endloop
  endfacet
  facet normal -0.762441 -0.647057 0
    outer loop
      vertex 134.834 0.234314 0
      vertex 134.753 0.329758 1
      vertex 134.753 0.329758 0
    endloop
  endfacet
  facet normal -0.762441 -0.647057 0
    outer loop
      vertex 134.753 0.329758 1
      vertex 134.834 0.234314 0
      vertex 134.834 0.234314 1
    endloop
  endfacet
  facet normal -0.647316 -0.762221 0
    outer loop
      vertex 134.834 0.234314 0
      vertex 134.93 0.152786 1
      vertex 134.834 0.234314 1
    endloop
  endfacet
  facet normal -0.647316 -0.762221 -0
    outer loop
      vertex 134.93 0.152786 1
      vertex 134.834 0.234314 0
      vertex 134.93 0.152786 0
    endloop
  endfacet
  facet normal -0.522659 -0.852542 0
    outer loop
      vertex 134.93 0.152786 0
      vertex 135.037 0.0871887 1
      vertex 134.93 0.152786 1
    endloop
  endfacet
  facet normal -0.522659 -0.852542 -0
    outer loop
      vertex 135.037 0.0871887 1
      vertex 134.93 0.152786 0
      vertex 135.037 0.0871887 0
    endloop
  endfacet
  facet normal -0.382587 -0.923919 0
    outer loop
      vertex 135.037 0.0871887 0
      vertex 135.153 0.0391541 1
      vertex 135.037 0.0871887 1
    endloop
  endfacet
  facet normal -0.382587 -0.923919 -0
    outer loop
      vertex 135.153 0.0391541 1
      vertex 135.037 0.0871887 0
      vertex 135.153 0.0391541 0
    endloop
  endfacet
  facet normal -0.233615 -0.972329 0
    outer loop
      vertex 135.153 0.0391541 0
      vertex 135.275 0.00984192 1
      vertex 135.153 0.0391541 1
    endloop
  endfacet
  facet normal -0.233615 -0.972329 -0
    outer loop
      vertex 135.275 0.00984192 1
      vertex 135.153 0.0391541 0
      vertex 135.275 0.00984192 0
    endloop
  endfacet
  facet normal -0.0784924 -0.996915 0
    outer loop
      vertex 135.275 0.00984192 0
      vertex 135.4 0 1
      vertex 135.275 0.00984192 1
    endloop
  endfacet
  facet normal -0.0784924 -0.996915 -0
    outer loop
      vertex 135.4 0 1
      vertex 135.275 0.00984192 0
      vertex 135.4 0 0
    endloop
  endfacet
  facet normal 0 -1 0
    outer loop
      vertex 135.4 0 0
      vertex 135.8 0 1
      vertex 135.4 0 1
    endloop
  endfacet
  facet normal 0 -1 -0
    outer loop
      vertex 135.8 0 1
      vertex 135.4 0 0
      vertex 135.8 0 0
    endloop
  endfacet
  facet normal 0.0784924 -0.996915 0
    outer loop
      vertex 135.8 0 0
      vertex 135.925 0.00984192 1
      vertex 135.8 0 1
    endloop
  endfacet
  facet normal 0.0784924 -0.996915 0
    outer loop
      vertex 135.925 0.00984192 1
      vertex 135.8 0 0
      vertex 135.925 0.00984192 0
    endloop
  endfacet
  facet normal 0.233615 -0.972329 0
    outer loop
      vertex 135.925 0.00984192 0
      vertex 136.047 0.0391541 1
      vertex 135.925 0.00984192 1
    endloop
  endfacet
  facet normal 0.233615 -0.972329 0
    outer loop
      vertex 136.047 0.0391541 1
      vertex 135.925 0.00984192 0
      vertex 136.047 0.0391541 0
    endloop
  endfacet
  facet normal 0.382587 -0.923919 0
    outer loop
      vertex 136.047 0.0391541 0
      vertex 136.163 0.0871887 1
      vertex 136.047 0.0391541 1
    endloop
  endfacet
  facet normal 0.382587 -0.923919 0
    outer loop
      vertex 136.163 0.0871887 1
      vertex 136.047 0.0391541 0
      vertex 136.163 0.0871887 0
    endloop
  endfacet
  facet normal 0.522659 -0.852542 0
    outer loop
      vertex 136.163 0.0871887 0
      vertex 136.27 0.152786 1
      vertex 136.163 0.0871887 1
    endloop
  endfacet
  facet normal 0.522659 -0.852542 0
    outer loop
      vertex 136.27 0.152786 1
      vertex 136.163 0.0871887 0
      vertex 136.27 0.152786 0
    endloop
  endfacet
  facet normal 0.647316 -0.762221 0
    outer loop
      vertex 136.27 0.152786 0
      vertex 136.366 0.234314 1
      vertex 136.27 0.152786 1
    endloop
  endfacet
  facet normal 0.647316 -0.762221 0
    outer loop
      vertex 136.366 0.234314 1
      vertex 136.27 0.152786 0
      vertex 136.366 0.234314 0
    endloop
  endfacet
  facet normal 0.762441 -0.647057 0
    outer loop
      vertex 136.366 0.234314 1
      vertex 136.447 0.329758 0
      vertex 136.447 0.329758 1
    endloop
  endfacet
  facet normal 0.762441 -0.647057 0
    outer loop
      vertex 136.447 0.329758 0
      vertex 136.366 0.234314 1
      vertex 136.366 0.234314 0
    endloop
  endfacet
  facet normal 0.851199 -0.524843 0
    outer loop
      vertex 136.447 0.329758 1
      vertex 136.513 0.436798 0
      vertex 136.513 0.436798 1
    endloop
  endfacet
  facet normal 0.851199 -0.524843 0
    outer loop
      vertex 136.513 0.436798 0
      vertex 136.447 0.329758 1
      vertex 136.447 0.329758 0
    endloop
  endfacet
  facet normal 0.923996 -0.382402 0
    outer loop
      vertex 136.513 0.436798 1
      vertex 136.561 0.55278 0
      vertex 136.561 0.55278 1
    endloop
  endfacet
  facet normal 0.923996 -0.382402 0
    outer loop
      vertex 136.561 0.55278 0
      vertex 136.513 0.436798 1
      vertex 136.513 0.436798 0
    endloop
  endfacet
  facet normal 0.972922 -0.231136 0
    outer loop
      vertex 136.561 0.55278 1
      vertex 136.59 0.67485 0
      vertex 136.59 0.67485 1
    endloop
  endfacet
  facet normal 0.972922 -0.231136 0
    outer loop
      vertex 136.59 0.67485 0
      vertex 136.561 0.55278 1
      vertex 136.561 0.55278 0
    endloop
  endfacet
  facet normal 0.996822 -0.0796578 0
    outer loop
      vertex 136.59 0.67485 1
      vertex 136.6 0.799988 0
      vertex 136.6 0.799988 1
    endloop
  endfacet
  facet normal 0.996822 -0.0796578 0
    outer loop
      vertex 136.6 0.799988 0
      vertex 136.59 0.67485 1
      vertex 136.59 0.67485 0
    endloop
  endfacet
  facet normal 0.996823 0.079649 0
    outer loop
      vertex 136.6 0.799988 1
      vertex 136.59 0.92514 0
      vertex 136.59 0.92514 1
    endloop
  endfacet
  facet normal 0.996823 0.079649 0
    outer loop
      vertex 136.59 0.92514 0
      vertex 136.6 0.799988 1
      vertex 136.6 0.799988 0
    endloop
  endfacet
  facet normal 0.972922 0.231136 0
    outer loop
      vertex 136.59 0.92514 1
      vertex 136.561 1.04721 0
      vertex 136.561 1.04721 1
    endloop
  endfacet
  facet normal 0.972922 0.231136 0
    outer loop
      vertex 136.561 1.04721 0
      vertex 136.59 0.92514 1
      vertex 136.59 0.92514 0
    endloop
  endfacet
  facet normal 0.923982 0.382436 0
    outer loop
      vertex 136.561 1.04721 1
      vertex 136.513 1.16318 0
      vertex 136.513 1.16318 1
    endloop
  endfacet
  facet normal 0.923982 0.382436 0
    outer loop
      vertex 136.513 1.16318 0
      vertex 136.561 1.04721 1
      vertex 136.561 1.04721 0
    endloop
  endfacet
  facet normal 0.886441 0.462842 0
    outer loop
      vertex 136.513 1.16318 1
      vertex 135.815 2.5 0
      vertex 135.815 2.5 1
    endloop
  endfacet
  facet normal 0.886441 0.462842 0
    outer loop
      vertex 135.815 2.5 0
      vertex 136.513 1.16318 1
      vertex 136.513 1.16318 0
    endloop
  endfacet
  facet normal 0 -1 0
    outer loop
      vertex 135.815 2.5 0
      vertex 136.1 2.5 1
      vertex 135.815 2.5 1
    endloop
  endfacet
  facet normal 0 -1 -0
    outer loop
      vertex 136.1 2.5 1
      vertex 135.815 2.5 0
      vertex 136.1 2.5 0
    endloop
  endfacet
  facet normal 1 -0 0
    outer loop
      vertex 136.1 2.5 1
      vertex 136.1 9 0
      vertex 136.1 9 1
    endloop
  endfacet
  facet normal 1 0 0
    outer loop
      vertex 136.1 9 0
      vertex 136.1 2.5 1
      vertex 136.1 2.5 0
    endloop
  endfacet
  facet normal 0 1 -0
    outer loop
      vertex 136.1 9 0
      vertex 122.9 9 1
      vertex 136.1 9 1
    endloop
  endfacet
  facet normal 0 1 0
    outer loop
      vertex 122.9 9 1
      vertex 136.1 9 0
      vertex 122.9 9 0
    endloop
  endfacet
  facet normal 1 -0 0
    outer loop
      vertex 122.9 9 1
      vertex 122.9 10.5 0
      vertex 122.9 10.5 1
    endloop
  endfacet
  facet normal 1 0 0
    outer loop
      vertex 122.9 10.5 0
      vertex 122.9 9 1
      vertex 122.9 9 0
    endloop
  endfacet
  facet normal 0 -1 0
    outer loop
      vertex 122.9 10.5 0
      vertex 123 10.5 1
      vertex 122.9 10.5 1
    endloop
  endfacet
  facet normal 0 -1 -0
    outer loop
      vertex 123 10.5 1
      vertex 122.9 10.5 0
      vertex 123 10.5 0
    endloop
  endfacet
  facet normal 1 -0 0
    outer loop
      vertex 123 10.5 1
      vertex 123 12 0
      vertex 123 12 1
    endloop
  endfacet
  facet normal 1 0 0
    outer loop
      vertex 123 12 0
      vertex 123 10.5 1
      vertex 123 10.5 0
    endloop
  endfacet
  facet normal 0 1 -0
    outer loop
      vertex 123 12 0
      vertex 121.8 12 1
      vertex 123 12 1
    endloop
  endfacet
  facet normal 0 1 0
    outer loop
      vertex 121.8 12 1
      vertex 123 12 0
      vertex 121.8 12 0
    endloop
  endfacet
  facet normal -1 0 0
    outer loop
      vertex 121.8 10.5 0
      vertex 121.8 12 1
      vertex 121.8 12 0
    endloop
  endfacet
  facet normal -1 -0 0
    outer loop
      vertex 121.8 12 1
      vertex 121.8 10.5 0
      vertex 121.8 10.5 1
    endloop
  endfacet
  facet normal 0 -1 0
    outer loop
      vertex 121.8 10.5 0
      vertex 121.9 10.5 1
      vertex 121.8 10.5 1
    endloop
  endfacet
  facet normal 0 -1 -0
    outer loop
      vertex 121.9 10.5 1
      vertex 121.8 10.5 0
      vertex 121.9 10.5 0
    endloop
  endfacet
  facet normal -1 0 0
    outer loop
      vertex 121.9 7.5 0
      vertex 121.9 10.5 1
      vertex 121.9 10.5 0
    endloop
  endfacet
  facet normal -1 -0 0
    outer loop
      vertex 121.9 10.5 1
      vertex 121.9 7.5 0
      vertex 121.9 7.5 1
    endloop
  endfacet
  facet normal 0 -1 0
    outer loop
      vertex 121.9 7.5 0
      vertex 135.1 7.5 1
      vertex 121.9 7.5 1
    endloop
  endfacet
  facet normal 0 -1 -0
    outer loop
      vertex 135.1 7.5 1
      vertex 121.9 7.5 0
      vertex 135.1 7.5 0
    endloop
  endfacet
  facet normal 0 0 -1
    outer loop
      vertex 167.1 0 0
      vertex 166.387 1.16318 0
      vertex 168.213 1.16318 0
    endloop
  endfacet
  facet normal 0 0 -1
    outer loop
      vertex 166.387 1.16318 0
      vertex 166.975 0.00984192 0
      vertex 166.853 0.0391541 0
    endloop
  endfacet
  facet normal 0 0 -1
    outer loop
      vertex 166.387 1.16318 0
      vertex 166.853 0.0391541 0
      vertex 166.737 0.0871887 0
    endloop
  endfacet
  facet normal 0 0 -1
    outer loop
      vertex 166.387 1.16318 0
      vertex 166.737 0.0871887 0
      vertex 166.63 0.152786 0
    endloop
  endfacet
  facet normal 0 0 -1
    outer loop
      vertex 166.387 1.16318 0
      vertex 166.63 0.152786 0
      vertex 166.534 0.234314 0
    endloop
  endfacet
  facet normal 0 0 -1
    outer loop
      vertex 166.387 1.16318 0
      vertex 166.534 0.234314 0
      vertex 166.453 0.329758 0
    endloop
  endfacet
  facet normal 0 0 -1
    outer loop
      vertex 166.387 1.16318 0
      vertex 166.453 0.329758 0
      vertex 166.387 0.436798 0
    endloop
  endfacet
  facet normal 0 0 -1
    outer loop
      vertex 168.213 1.16318 0
      vertex 166.387 1.16318 0
      vertex 167.095 2.5 0
    endloop
  endfacet
  facet normal 0 0 -1
    outer loop
      vertex 166.339 0.55278 0
      vertex 166.387 1.16318 0
      vertex 166.387 0.436798 0
    endloop
  endfacet
  facet normal 0 0 -1
    outer loop
      vertex 166.339 0.55278 0
      vertex 166.339 1.04721 0
      vertex 166.387 1.16318 0
    endloop
  endfacet
  facet normal 0 0 -1
    outer loop
      vertex 166.31 0.67485 0
      vertex 166.339 1.04721 0
      vertex 166.339 0.55278 0
    endloop
  endfacet
  facet normal 0 0 -1
    outer loop
      vertex 166.31 0.67485 0
      vertex 166.31 0.92514 0
      vertex 166.339 1.04721 0
    endloop
  endfacet
  facet normal 0 -0 -1
    outer loop
      vertex 166.31 0.92514 0
      vertex 166.31 0.67485 0
      vertex 166.3 0.799988 0
    endloop
  endfacet
  facet normal 0 0 -1
    outer loop
      vertex 168.29 0.67485 0
      vertex 168.29 0.92514 0
      vertex 168.3 0.799988 0
    endloop
  endfacet
  facet normal 0 0 -1
    outer loop
      vertex 168.261 0.55278 0
      vertex 168.29 0.92514 0
      vertex 168.29 0.67485 0
    endloop
  endfacet
  facet normal 0 0 -1
    outer loop
      vertex 168.261 0.55278 0
      vertex 168.261 1.04721 0
      vertex 168.29 0.92514 0
    endloop
  endfacet
  facet normal 0 0 -1
    outer loop
      vertex 168.213 0.436798 0
      vertex 168.261 1.04721 0
      vertex 168.261 0.55278 0
    endloop
  endfacet
  facet normal 0 0 -1
    outer loop
      vertex 168.213 0.436798 0
      vertex 168.213 1.16318 0
      vertex 168.261 1.04721 0
    endloop
  endfacet
  facet normal 0 0 -1
    outer loop
      vertex 168.147 0.329758 0
      vertex 168.213 1.16318 0
      vertex 168.213 0.436798 0
    endloop
  endfacet
  facet normal 0 0 -1
    outer loop
      vertex 168.066 0.234314 0
      vertex 168.213 1.16318 0
      vertex 168.147 0.329758 0
    endloop
  endfacet
  facet normal 0 0 -1
    outer loop
      vertex 167.97 0.152786 0
      vertex 168.213 1.16318 0
      vertex 168.066 0.234314 0
    endloop
  endfacet
  facet normal 0 0 -1
    outer loop
      vertex 167.863 0.0871887 0
      vertex 168.213 1.16318 0
      vertex 167.97 0.152786 0
    endloop
  endfacet
  facet normal 0 0 -1
    outer loop
      vertex 167.747 0.0391541 0
      vertex 168.213 1.16318 0
      vertex 167.863 0.0871887 0
    endloop
  endfacet
  facet normal 0 0 -1
    outer loop
      vertex 167.625 0.00984192 0
      vertex 168.213 1.16318 0
      vertex 167.747 0.0391541 0
    endloop
  endfacet
  facet normal 0 0 -1
    outer loop
      vertex 167.5 0 0
      vertex 168.213 1.16318 0
      vertex 167.625 0.00984192 0
    endloop
  endfacet
  facet normal 0 0 -1
    outer loop
      vertex 167.1 0 0
      vertex 168.213 1.16318 0
      vertex 167.5 0 0
    endloop
  endfacet
  facet normal 0 0 -1
    outer loop
      vertex 166.8 7.5 0
      vertex 167.8 2.5 0
      vertex 167.515 2.5 0
    endloop
  endfacet
  facet normal 0 0 -1
    outer loop
      vertex 166.387 1.16318 0
      vertex 167.1 0 0
      vertex 166.975 0.00984192 0
    endloop
  endfacet
  facet normal 0 0 -1
    outer loop
      vertex 168.213 1.16318 0
      vertex 167.095 2.5 0
      vertex 167.515 2.5 0
    endloop
  endfacet
  facet normal 0 0 -1
    outer loop
      vertex 166.8 7.5 0
      vertex 167.515 2.5 0
      vertex 167.095 2.5 0
    endloop
  endfacet
  facet normal 0 0 -1
    outer loop
      vertex 166.8 7.5 0
      vertex 167.095 2.5 0
      vertex 166.8 2.5 0
    endloop
  endfacet
  facet normal 0 0 -1
    outer loop
      vertex 167.8 2.5 0
      vertex 166.8 7.5 0
      vertex 167.8 9 0
    endloop
  endfacet
  facet normal 0 0 -1
    outer loop
      vertex 166.8 7.5 0
      vertex 152.9 9 0
      vertex 167.8 9 0
    endloop
  endfacet
  facet normal 0 0 -1
    outer loop
      vertex 151.9 10.5 0
      vertex 152.9 9 0
      vertex 151.9 7.5 0
    endloop
  endfacet
  facet normal 0 0 -1
    outer loop
      vertex 151.9 7.5 0
      vertex 152.9 9 0
      vertex 166.8 7.5 0
    endloop
  endfacet
  facet normal 0 0 -1
    outer loop
      vertex 152.9 10.5 0
      vertex 153 12 0
      vertex 153 10.5 0
    endloop
  endfacet
  facet normal 0 0 -1
    outer loop
      vertex 152.9 9 0
      vertex 151.9 10.5 0
      vertex 152.9 10.5 0
    endloop
  endfacet
  facet normal 0 0 -1
    outer loop
      vertex 152.9 10.5 0
      vertex 151.9 10.5 0
      vertex 153 12 0
    endloop
  endfacet
  facet normal 0 0 -1
    outer loop
      vertex 151.8 12 0
      vertex 151.9 10.5 0
      vertex 151.8 10.5 0
    endloop
  endfacet
  facet normal 0 0 -1
    outer loop
      vertex 151.9 10.5 0
      vertex 151.8 12 0
      vertex 153 12 0
    endloop
  endfacet
  facet normal 0 0 1
    outer loop
      vertex 153 12 1
      vertex 152.9 10.5 1
      vertex 153 10.5 1
    endloop
  endfacet
  facet normal 0 0 1
    outer loop
      vertex 152.9 10.5 1
      vertex 151.9 10.5 1
      vertex 152.9 9 1
    endloop
  endfacet
  facet normal 0 0 1
    outer loop
      vertex 153 12 1
      vertex 151.9 10.5 1
      vertex 152.9 10.5 1
    endloop
  endfacet
  facet normal -0 0 1
    outer loop
      vertex 151.8 12 1
      vertex 151.9 10.5 1
      vertex 153 12 1
    endloop
  endfacet
  facet normal 0 0 1
    outer loop
      vertex 151.9 10.5 1
      vertex 151.8 12 1
      vertex 151.8 10.5 1
    endloop
  endfacet
  facet normal -0 0 1
    outer loop
      vertex 166.8 7.5 1
      vertex 167.8 2.5 1
      vertex 167.8 9 1
    endloop
  endfacet
  facet normal 0 0 1
    outer loop
      vertex 168.213 1.16318 1
      vertex 167.1 0 1
      vertex 167.5 0 1
    endloop
  endfacet
  facet normal 0 0 1
    outer loop
      vertex 167.8 2.5 1
      vertex 166.8 7.5 1
      vertex 167.515 2.5 1
    endloop
  endfacet
  facet normal 0 0 1
    outer loop
      vertex 166.387 1.16318 1
      vertex 167.515 2.5 1
      vertex 167.095 2.5 1
    endloop
  endfacet
  facet normal 0 0 1
    outer loop
      vertex 167.515 2.5 1
      vertex 166.8 7.5 1
      vertex 167.095 2.5 1
    endloop
  endfacet
  facet normal -0 0 1
    outer loop
      vertex 152.9 9 1
      vertex 166.8 7.5 1
      vertex 167.8 9 1
    endloop
  endfacet
  facet normal 0 0 1
    outer loop
      vertex 152.9 9 1
      vertex 151.9 7.5 1
      vertex 166.8 7.5 1
    endloop
  endfacet
  facet normal 0 0 1
    outer loop
      vertex 151.9 7.5 1
      vertex 152.9 9 1
      vertex 151.9 10.5 1
    endloop
  endfacet
  facet normal 0 0 1
    outer loop
      vertex 168.29 0.92514 1
      vertex 168.29 0.67485 1
      vertex 168.3 0.799988 1
    endloop
  endfacet
  facet normal 0 0 1
    outer loop
      vertex 168.261 1.04721 1
      vertex 168.29 0.67485 1
      vertex 168.29 0.92514 1
    endloop
  endfacet
  facet normal 0 0 1
    outer loop
      vertex 168.261 1.04721 1
      vertex 168.261 0.55278 1
      vertex 168.29 0.67485 1
    endloop
  endfacet
  facet normal 0 0 1
    outer loop
      vertex 168.213 1.16318 1
      vertex 168.261 0.55278 1
      vertex 168.261 1.04721 1
    endloop
  endfacet
  facet normal 0 0 1
    outer loop
      vertex 168.213 1.16318 1
      vertex 168.213 0.436798 1
      vertex 168.261 0.55278 1
    endloop
  endfacet
  facet normal 0 0 1
    outer loop
      vertex 168.213 1.16318 1
      vertex 168.147 0.329758 1
      vertex 168.213 0.436798 1
    endloop
  endfacet
  facet normal 0 0 1
    outer loop
      vertex 168.213 1.16318 1
      vertex 168.066 0.234314 1
      vertex 168.147 0.329758 1
    endloop
  endfacet
  facet normal 0 0 1
    outer loop
      vertex 168.213 1.16318 1
      vertex 167.97 0.152786 1
      vertex 168.066 0.234314 1
    endloop
  endfacet
  facet normal 0 0 1
    outer loop
      vertex 168.213 1.16318 1
      vertex 167.863 0.0871887 1
      vertex 167.97 0.152786 1
    endloop
  endfacet
  facet normal 0 0 1
    outer loop
      vertex 168.213 1.16318 1
      vertex 167.747 0.0391541 1
      vertex 167.863 0.0871887 1
    endloop
  endfacet
  facet normal 0 0 1
    outer loop
      vertex 168.213 1.16318 1
      vertex 167.625 0.00984192 1
      vertex 167.747 0.0391541 1
    endloop
  endfacet
  facet normal 0 0 1
    outer loop
      vertex 166.387 1.16318 1
      vertex 168.213 1.16318 1
      vertex 167.515 2.5 1
    endloop
  endfacet
  facet normal 0 0 1
    outer loop
      vertex 168.213 1.16318 1
      vertex 167.5 0 1
      vertex 167.625 0.00984192 1
    endloop
  endfacet
  facet normal 0 0 1
    outer loop
      vertex 168.213 1.16318 1
      vertex 166.387 1.16318 1
      vertex 167.1 0 1
    endloop
  endfacet
  facet normal 0 0 1
    outer loop
      vertex 167.1 0 1
      vertex 166.387 1.16318 1
      vertex 166.975 0.00984192 1
    endloop
  endfacet
  facet normal 0 0 1
    outer loop
      vertex 166.975 0.00984192 1
      vertex 166.387 1.16318 1
      vertex 166.853 0.0391541 1
    endloop
  endfacet
  facet normal 0 0 1
    outer loop
      vertex 166.853 0.0391541 1
      vertex 166.387 1.16318 1
      vertex 166.737 0.0871887 1
    endloop
  endfacet
  facet normal 0 0 1
    outer loop
      vertex 166.737 0.0871887 1
      vertex 166.387 1.16318 1
      vertex 166.63 0.152786 1
    endloop
  endfacet
  facet normal 0 0 1
    outer loop
      vertex 166.63 0.152786 1
      vertex 166.387 1.16318 1
      vertex 166.534 0.234314 1
    endloop
  endfacet
  facet normal 0 0 1
    outer loop
      vertex 166.534 0.234314 1
      vertex 166.387 1.16318 1
      vertex 166.453 0.329758 1
    endloop
  endfacet
  facet normal 0 0 1
    outer loop
      vertex 166.387 1.16318 1
      vertex 166.387 0.436798 1
      vertex 166.453 0.329758 1
    endloop
  endfacet
  facet normal -0 0 1
    outer loop
      vertex 166.339 1.04721 1
      vertex 166.387 0.436798 1
      vertex 166.387 1.16318 1
    endloop
  endfacet
  facet normal 0 0 1
    outer loop
      vertex 166.339 1.04721 1
      vertex 166.339 0.55278 1
      vertex 166.387 0.436798 1
    endloop
  endfacet
  facet normal -0 0 1
    outer loop
      vertex 166.31 0.92514 1
      vertex 166.339 0.55278 1
      vertex 166.339 1.04721 1
    endloop
  endfacet
  facet normal 0 0 1
    outer loop
      vertex 166.31 0.92514 1
      vertex 166.31 0.67485 1
      vertex 166.339 0.55278 1
    endloop
  endfacet
  facet normal 0 -0 1
    outer loop
      vertex 166.31 0.67485 1
      vertex 166.31 0.92514 1
      vertex 166.3 0.799988 1
    endloop
  endfacet
  facet normal 0 0 1
    outer loop
      vertex 167.095 2.5 1
      vertex 166.8 7.5 1
      vertex 166.8 2.5 1
    endloop
  endfacet
  facet normal -1 0 0
    outer loop
      vertex 166.8 2.5 0
      vertex 166.8 7.5 1
      vertex 166.8 7.5 0
    endloop
  endfacet
  facet normal -1 -0 0
    outer loop
      vertex 166.8 7.5 1
      vertex 166.8 2.5 0
      vertex 166.8 2.5 1
    endloop
  endfacet
  facet normal 0 -1 0
    outer loop
      vertex 166.8 2.5 0
      vertex 167.095 2.5 1
      vertex 166.8 2.5 1
    endloop
  endfacet
  facet normal 0 -1 -0
    outer loop
      vertex 167.095 2.5 1
      vertex 166.8 2.5 0
      vertex 167.095 2.5 0
    endloop
  endfacet
  facet normal -0.883714 0.468028 0
    outer loop
      vertex 166.387 1.16318 0
      vertex 167.095 2.5 1
      vertex 167.095 2.5 0
    endloop
  endfacet
  facet normal -0.883714 0.468028 0
    outer loop
      vertex 167.095 2.5 1
      vertex 166.387 1.16318 0
      vertex 166.387 1.16318 1
    endloop
  endfacet
  facet normal -0.923982 0.382436 0
    outer loop
      vertex 166.339 1.04721 0
      vertex 166.387 1.16318 1
      vertex 166.387 1.16318 0
    endloop
  endfacet
  facet normal -0.923982 0.382436 0
    outer loop
      vertex 166.387 1.16318 1
      vertex 166.339 1.04721 0
      vertex 166.339 1.04721 1
    endloop
  endfacet
  facet normal -0.972922 0.231136 0
    outer loop
      vertex 166.31 0.92514 0
      vertex 166.339 1.04721 1
      vertex 166.339 1.04721 0
    endloop
  endfacet
  facet normal -0.972922 0.231136 0
    outer loop
      vertex 166.339 1.04721 1
      vertex 166.31 0.92514 0
      vertex 166.31 0.92514 1
    endloop
  endfacet
  facet normal -0.996823 0.079649 0
    outer loop
      vertex 166.3 0.799988 0
      vertex 166.31 0.92514 1
      vertex 166.31 0.92514 0
    endloop
  endfacet
  facet normal -0.996823 0.079649 0
    outer loop
      vertex 166.31 0.92514 1
      vertex 166.3 0.799988 0
      vertex 166.3 0.799988 1
    endloop
  endfacet
  facet normal -0.996822 -0.0796578 0
    outer loop
      vertex 166.31 0.67485 0
      vertex 166.3 0.799988 1
      vertex 166.3 0.799988 0
    endloop
  endfacet
  facet normal -0.996822 -0.0796578 0
    outer loop
      vertex 166.3 0.799988 1
      vertex 166.31 0.67485 0
      vertex 166.31 0.67485 1
    endloop
  endfacet
  facet normal -0.972922 -0.231136 0
    outer loop
      vertex 166.339 0.55278 0
      vertex 166.31 0.67485 1
      vertex 166.31 0.67485 0
    endloop
  endfacet
  facet normal -0.972922 -0.231136 0
    outer loop
      vertex 166.31 0.67485 1
      vertex 166.339 0.55278 0
      vertex 166.339 0.55278 1
    endloop
  endfacet
  facet normal -0.923996 -0.382402 0
    outer loop
      vertex 166.387 0.436798 0
      vertex 166.339 0.55278 1
      vertex 166.339 0.55278 0
    endloop
  endfacet
  facet normal -0.923996 -0.382402 0
    outer loop
      vertex 166.339 0.55278 1
      vertex 166.387 0.436798 0
      vertex 166.387 0.436798 1
    endloop
  endfacet
  facet normal -0.851199 -0.524843 0
    outer loop
      vertex 166.453 0.329758 0
      vertex 166.387 0.436798 1
      vertex 166.387 0.436798 0
    endloop
  endfacet
  facet normal -0.851199 -0.524843 0
    outer loop
      vertex 166.387 0.436798 1
      vertex 166.453 0.329758 0
      vertex 166.453 0.329758 1
    endloop
  endfacet
  facet normal -0.762441 -0.647057 0
    outer loop
      vertex 166.534 0.234314 0
      vertex 166.453 0.329758 1
      vertex 166.453 0.329758 0
    endloop
  endfacet
  facet normal -0.762441 -0.647057 0
    outer loop
      vertex 166.453 0.329758 1
      vertex 166.534 0.234314 0
      vertex 166.534 0.234314 1
    endloop
  endfacet
  facet normal -0.647316 -0.762221 0
    outer loop
      vertex 166.534 0.234314 0
      vertex 166.63 0.152786 1
      vertex 166.534 0.234314 1
    endloop
  endfacet
  facet normal -0.647316 -0.762221 -0
    outer loop
      vertex 166.63 0.152786 1
      vertex 166.534 0.234314 0
      vertex 166.63 0.152786 0
    endloop
  endfacet
  facet normal -0.522659 -0.852542 0
    outer loop
      vertex 166.63 0.152786 0
      vertex 166.737 0.0871887 1
      vertex 166.63 0.152786 1
    endloop
  endfacet
  facet normal -0.522659 -0.852542 -0
    outer loop
      vertex 166.737 0.0871887 1
      vertex 166.63 0.152786 0
      vertex 166.737 0.0871887 0
    endloop
  endfacet
  facet normal -0.382587 -0.923919 0
    outer loop
      vertex 166.737 0.0871887 0
      vertex 166.853 0.0391541 1
      vertex 166.737 0.0871887 1
    endloop
  endfacet
  facet normal -0.382587 -0.923919 -0
    outer loop
      vertex 166.853 0.0391541 1
      vertex 166.737 0.0871887 0
      vertex 166.853 0.0391541 0
    endloop
  endfacet
  facet normal -0.233615 -0.972329 0
    outer loop
      vertex 166.853 0.0391541 0
      vertex 166.975 0.00984192 1
      vertex 166.853 0.0391541 1
    endloop
  endfacet
  facet normal -0.233615 -0.972329 -0
    outer loop
      vertex 166.975 0.00984192 1
      vertex 166.853 0.0391541 0
      vertex 166.975 0.00984192 0
    endloop
  endfacet
  facet normal -0.0784924 -0.996915 0
    outer loop
      vertex 166.975 0.00984192 0
      vertex 167.1 0 1
      vertex 166.975 0.00984192 1
    endloop
  endfacet
  facet normal -0.0784924 -0.996915 -0
    outer loop
      vertex 167.1 0 1
      vertex 166.975 0.00984192 0
      vertex 167.1 0 0
    endloop
  endfacet
  facet normal 0 -1 0
    outer loop
      vertex 167.1 0 0
      vertex 167.5 0 1
      vertex 167.1 0 1
    endloop
  endfacet
  facet normal 0 -1 -0
    outer loop
      vertex 167.5 0 1
      vertex 167.1 0 0
      vertex 167.5 0 0
    endloop
  endfacet
  facet normal 0.0784924 -0.996915 0
    outer loop
      vertex 167.5 0 0
      vertex 167.625 0.00984192 1
      vertex 167.5 0 1
    endloop
  endfacet
  facet normal 0.0784924 -0.996915 0
    outer loop
      vertex 167.625 0.00984192 1
      vertex 167.5 0 0
      vertex 167.625 0.00984192 0
    endloop
  endfacet
  facet normal 0.233615 -0.972329 0
    outer loop
      vertex 167.625 0.00984192 0
      vertex 167.747 0.0391541 1
      vertex 167.625 0.00984192 1
    endloop
  endfacet
  facet normal 0.233615 -0.972329 0
    outer loop
      vertex 167.747 0.0391541 1
      vertex 167.625 0.00984192 0
      vertex 167.747 0.0391541 0
    endloop
  endfacet
  facet normal 0.382587 -0.923919 0
    outer loop
      vertex 167.747 0.0391541 0
      vertex 167.863 0.0871887 1
      vertex 167.747 0.0391541 1
    endloop
  endfacet
  facet normal 0.382587 -0.923919 0
    outer loop
      vertex 167.863 0.0871887 1
      vertex 167.747 0.0391541 0
      vertex 167.863 0.0871887 0
    endloop
  endfacet
  facet normal 0.522659 -0.852542 0
    outer loop
      vertex 167.863 0.0871887 0
      vertex 167.97 0.152786 1
      vertex 167.863 0.0871887 1
    endloop
  endfacet
  facet normal 0.522659 -0.852542 0
    outer loop
      vertex 167.97 0.152786 1
      vertex 167.863 0.0871887 0
      vertex 167.97 0.152786 0
    endloop
  endfacet
  facet normal 0.647316 -0.762221 0
    outer loop
      vertex 167.97 0.152786 0
      vertex 168.066 0.234314 1
      vertex 167.97 0.152786 1
    endloop
  endfacet
  facet normal 0.647316 -0.762221 0
    outer loop
      vertex 168.066 0.234314 1
      vertex 167.97 0.152786 0
      vertex 168.066 0.234314 0
    endloop
  endfacet
  facet normal 0.762441 -0.647057 0
    outer loop
      vertex 168.066 0.234314 1
      vertex 168.147 0.329758 0
      vertex 168.147 0.329758 1
    endloop
  endfacet
  facet normal 0.762441 -0.647057 0
    outer loop
      vertex 168.147 0.329758 0
      vertex 168.066 0.234314 1
      vertex 168.066 0.234314 0
    endloop
  endfacet
  facet normal 0.851199 -0.524843 0
    outer loop
      vertex 168.147 0.329758 1
      vertex 168.213 0.436798 0
      vertex 168.213 0.436798 1
    endloop
  endfacet
  facet normal 0.851199 -0.524843 0
    outer loop
      vertex 168.213 0.436798 0
      vertex 168.147 0.329758 1
      vertex 168.147 0.329758 0
    endloop
  endfacet
  facet normal 0.923996 -0.382402 0
    outer loop
      vertex 168.213 0.436798 1
      vertex 168.261 0.55278 0
      vertex 168.261 0.55278 1
    endloop
  endfacet
  facet normal 0.923996 -0.382402 0
    outer loop
      vertex 168.261 0.55278 0
      vertex 168.213 0.436798 1
      vertex 168.213 0.436798 0
    endloop
  endfacet
  facet normal 0.972922 -0.231136 0
    outer loop
      vertex 168.261 0.55278 1
      vertex 168.29 0.67485 0
      vertex 168.29 0.67485 1
    endloop
  endfacet
  facet normal 0.972922 -0.231136 0
    outer loop
      vertex 168.29 0.67485 0
      vertex 168.261 0.55278 1
      vertex 168.261 0.55278 0
    endloop
  endfacet
  facet normal 0.996822 -0.0796578 0
    outer loop
      vertex 168.29 0.67485 1
      vertex 168.3 0.799988 0
      vertex 168.3 0.799988 1
    endloop
  endfacet
  facet normal 0.996822 -0.0796578 0
    outer loop
      vertex 168.3 0.799988 0
      vertex 168.29 0.67485 1
      vertex 168.29 0.67485 0
    endloop
  endfacet
  facet normal 0.996823 0.079649 0
    outer loop
      vertex 168.3 0.799988 1
      vertex 168.29 0.92514 0
      vertex 168.29 0.92514 1
    endloop
  endfacet
  facet normal 0.996823 0.079649 0
    outer loop
      vertex 168.29 0.92514 0
      vertex 168.3 0.799988 1
      vertex 168.3 0.799988 0
    endloop
  endfacet
  facet normal 0.972922 0.231136 0
    outer loop
      vertex 168.29 0.92514 1
      vertex 168.261 1.04721 0
      vertex 168.261 1.04721 1
    endloop
  endfacet
  facet normal 0.972922 0.231136 0
    outer loop
      vertex 168.261 1.04721 0
      vertex 168.29 0.92514 1
      vertex 168.29 0.92514 0
    endloop
  endfacet
  facet normal 0.923982 0.382436 0
    outer loop
      vertex 168.261 1.04721 1
      vertex 168.213 1.16318 0
      vertex 168.213 1.16318 1
    endloop
  endfacet
  facet normal 0.923982 0.382436 0
    outer loop
      vertex 168.213 1.16318 0
      vertex 168.261 1.04721 1
      vertex 168.261 1.04721 0
    endloop
  endfacet
  facet normal 0.886441 0.462842 0
    outer loop
      vertex 168.213 1.16318 1
      vertex 167.515 2.5 0
      vertex 167.515 2.5 1
    endloop
  endfacet
  facet normal 0.886441 0.462842 0
    outer loop
      vertex 167.515 2.5 0
      vertex 168.213 1.16318 1
      vertex 168.213 1.16318 0
    endloop
  endfacet
  facet normal 0 -1 0
    outer loop
      vertex 167.515 2.5 0
      vertex 167.8 2.5 1
      vertex 167.515 2.5 1
    endloop
  endfacet
  facet normal 0 -1 -0
    outer loop
      vertex 167.8 2.5 1
      vertex 167.515 2.5 0
      vertex 167.8 2.5 0
    endloop
  endfacet
  facet normal 1 -0 0
    outer loop
      vertex 167.8 2.5 1
      vertex 167.8 9 0
      vertex 167.8 9 1
    endloop
  endfacet
  facet normal 1 0 0
    outer loop
      vertex 167.8 9 0
      vertex 167.8 2.5 1
      vertex 167.8 2.5 0
    endloop
  endfacet
  facet normal 0 1 -0
    outer loop
      vertex 167.8 9 0
      vertex 152.9 9 1
      vertex 167.8 9 1
    endloop
  endfacet
  facet normal 0 1 0
    outer loop
      vertex 152.9 9 1
      vertex 167.8 9 0
      vertex 152.9 9 0
    endloop
  endfacet
  facet normal 1 -0 0
    outer loop
      vertex 152.9 9 1
      vertex 152.9 10.5 0
      vertex 152.9 10.5 1
    endloop
  endfacet
  facet normal 1 0 0
    outer loop
      vertex 152.9 10.5 0
      vertex 152.9 9 1
      vertex 152.9 9 0
    endloop
  endfacet
  facet normal 0 -1 0
    outer loop
      vertex 152.9 10.5 0
      vertex 153 10.5 1
      vertex 152.9 10.5 1
    endloop
  endfacet
  facet normal 0 -1 -0
    outer loop
      vertex 153 10.5 1
      vertex 152.9 10.5 0
      vertex 153 10.5 0
    endloop
  endfacet
  facet normal 1 -0 0
    outer loop
      vertex 153 10.5 1
      vertex 153 12 0
      vertex 153 12 1
    endloop
  endfacet
  facet normal 1 0 0
    outer loop
      vertex 153 12 0
      vertex 153 10.5 1
      vertex 153 10.5 0
    endloop
  endfacet
  facet normal 0 1 -0
    outer loop
      vertex 153 12 0
      vertex 151.8 12 1
      vertex 153 12 1
    endloop
  endfacet
  facet normal 0 1 0
    outer loop
      vertex 151.8 12 1
      vertex 153 12 0
      vertex 151.8 12 0
    endloop
  endfacet
  facet normal -1 0 0
    outer loop
      vertex 151.8 10.5 0
      vertex 151.8 12 1
      vertex 151.8 12 0
    endloop
  endfacet
  facet normal -1 -0 0
    outer loop
      vertex 151.8 12 1
      vertex 151.8 10.5 0
      vertex 151.8 10.5 1
    endloop
  endfacet
  facet normal 0 -1 0
    outer loop
      vertex 151.8 10.5 0
      vertex 151.9 10.5 1
      vertex 151.8 10.5 1
    endloop
  endfacet
  facet normal 0 -1 -0
    outer loop
      vertex 151.9 10.5 1
      vertex 151.8 10.5 0
      vertex 151.9 10.5 0
    endloop
  endfacet
  facet normal -1 0 0
    outer loop
      vertex 151.9 7.5 0
      vertex 151.9 10.5 1
      vertex 151.9 10.5 0
    endloop
  endfacet
  facet normal -1 -0 0
    outer loop
      vertex 151.9 10.5 1
      vertex 151.9 7.5 0
      vertex 151.9 7.5 1
    endloop
  endfacet
  facet normal 0 -1 0
    outer loop
      vertex 151.9 7.5 0
      vertex 166.8 7.5 1
      vertex 151.9 7.5 1
    endloop
  endfacet
  facet normal 0 -1 -0
    outer loop
      vertex 166.8 7.5 1
      vertex 151.9 7.5 0
      vertex 166.8 7.5 0
    endloop
  endfacet
endsolid OpenSCAD_Model
