solid OpenSCAD_Model
  facet normal 0 -0.0522639 0.998633
    outer loop
      vertex 32 -14.8223 12.3093
      vertex 34 -15 12.3
      vertex 34 -14.8223 12.3093
    endloop
  endfacet
  facet normal 0 -0.0522639 0.998633
    outer loop
      vertex 34 -15 12.3
      vertex 32 -14.8223 12.3093
      vertex 32 -15 12.3
    endloop
  endfacet
  facet normal 0 -0.0522639 0.998633
    outer loop
      vertex -39 -14.8223 12.3093
      vertex -32 -15 12.3
      vertex -32 -14.8223 12.3093
    endloop
  endfacet
  facet normal 0 -0.0522639 0.998633
    outer loop
      vertex -32 -15 12.3
      vertex -39 -14.8223 12.3093
      vertex -39 -15 12.3
    endloop
  endfacet
  facet normal 0 -0.0522639 -0.998633
    outer loop
      vertex 32 -15 15.7
      vertex 34 -14.8223 15.6907
      vertex 34 -15 15.7
    endloop
  endfacet
  facet normal -0 -0.0522639 -0.998633
    outer loop
      vertex 34 -14.8223 15.6907
      vertex 32 -15 15.7
      vertex 32 -14.8223 15.6907
    endloop
  endfacet
  facet normal 0 -0.0522639 -0.998633
    outer loop
      vertex -39 -15 15.7
      vertex -32 -14.8223 15.6907
      vertex -32 -15 15.7
    endloop
  endfacet
  facet normal -0 -0.0522639 -0.998633
    outer loop
      vertex -32 -14.8223 15.6907
      vertex -39 -15 15.7
      vertex -39 -14.8223 15.6907
    endloop
  endfacet
  facet normal 0 -0.998633 -0.0522639
    outer loop
      vertex 32 -13.3 14
      vertex 34 -13.3093 14.1777
      vertex 32 -13.3093 14.1777
    endloop
  endfacet
  facet normal 0 -0.998633 -0.0522639
    outer loop
      vertex 34 -13.3093 14.1777
      vertex 32 -13.3 14
      vertex 34 -13.3 14
    endloop
  endfacet
  facet normal 0 -0.998633 -0.0522639
    outer loop
      vertex -39 -13.3 14
      vertex -32 -13.3093 14.1777
      vertex -39 -13.3093 14.1777
    endloop
  endfacet
  facet normal 0 -0.998633 -0.0522639
    outer loop
      vertex -32 -13.3093 14.1777
      vertex -39 -13.3 14
      vertex -32 -13.3 14
    endloop
  endfacet
  facet normal 0 0.998633 0.0522639
    outer loop
      vertex 34 -16.6907 13.8223
      vertex 32 -16.7 14
      vertex 34 -16.7 14
    endloop
  endfacet
  facet normal 0 0.998633 0.0522639
    outer loop
      vertex 32 -16.7 14
      vertex 34 -16.6907 13.8223
      vertex 32 -16.6907 13.8223
    endloop
  endfacet
  facet normal 0 0.998633 0.0522639
    outer loop
      vertex -32 -16.6907 13.8223
      vertex -39 -16.7 14
      vertex -32 -16.7 14
    endloop
  endfacet
  facet normal 0 0.998633 0.0522639
    outer loop
      vertex -39 -16.7 14
      vertex -32 -16.6907 13.8223
      vertex -39 -16.6907 13.8223
    endloop
  endfacet
  facet normal 0 -0.707107 0.707107
    outer loop
      vertex 32 -13.8625 12.7367
      vertex 34 -13.7367 12.8625
      vertex 32 -13.7367 12.8625
    endloop
  endfacet
  facet normal 0 -0.707107 0.707107
    outer loop
      vertex 34 -13.7367 12.8625
      vertex 32 -13.8625 12.7367
      vertex 34 -13.8625 12.7367
    endloop
  endfacet
  facet normal 0 -0.707107 0.707107
    outer loop
      vertex -39 -13.8625 12.7367
      vertex -32 -13.7367 12.8625
      vertex -39 -13.7367 12.8625
    endloop
  endfacet
  facet normal 0 -0.707107 0.707107
    outer loop
      vertex -32 -13.7367 12.8625
      vertex -39 -13.8625 12.7367
      vertex -32 -13.8625 12.7367
    endloop
  endfacet
  facet normal 0 -0.707107 -0.707107
    outer loop
      vertex 32 -13.7367 15.1375
      vertex 34 -13.8625 15.2633
      vertex 32 -13.8625 15.2633
    endloop
  endfacet
  facet normal 0 -0.707107 -0.707107
    outer loop
      vertex 34 -13.8625 15.2633
      vertex 32 -13.7367 15.1375
      vertex 34 -13.7367 15.1375
    endloop
  endfacet
  facet normal 0 -0.707107 -0.707107
    outer loop
      vertex -39 -13.7367 15.1375
      vertex -32 -13.8625 15.2633
      vertex -39 -13.8625 15.2633
    endloop
  endfacet
  facet normal 0 -0.707107 -0.707107
    outer loop
      vertex -32 -13.8625 15.2633
      vertex -39 -13.7367 15.1375
      vertex -32 -13.7367 15.1375
    endloop
  endfacet
  facet normal 0 -0.933577 -0.358377
    outer loop
      vertex 32 -13.3832 14.5253
      vertex 34 -13.447 14.6915
      vertex 32 -13.447 14.6915
    endloop
  endfacet
  facet normal 0 -0.933577 -0.358377
    outer loop
      vertex 34 -13.447 14.6915
      vertex 32 -13.3832 14.5253
      vertex 34 -13.3832 14.5253
    endloop
  endfacet
  facet normal 0 -0.933577 -0.358377
    outer loop
      vertex -39 -13.3832 14.5253
      vertex -32 -13.447 14.6915
      vertex -39 -13.447 14.6915
    endloop
  endfacet
  facet normal 0 -0.933577 -0.358377
    outer loop
      vertex -32 -13.447 14.6915
      vertex -39 -13.3832 14.5253
      vertex -32 -13.3832 14.5253
    endloop
  endfacet
  facet normal 0 -0.358377 0.933577
    outer loop
      vertex 32 -14.3085 12.447
      vertex 34 -14.4747 12.3832
      vertex 34 -14.3085 12.447
    endloop
  endfacet
  facet normal 0 -0.358377 0.933577
    outer loop
      vertex 34 -14.4747 12.3832
      vertex 32 -14.3085 12.447
      vertex 32 -14.4747 12.3832
    endloop
  endfacet
  facet normal 0 -0.358377 0.933577
    outer loop
      vertex -39 -14.3085 12.447
      vertex -32 -14.4747 12.3832
      vertex -32 -14.3085 12.447
    endloop
  endfacet
  facet normal 0 -0.358377 0.933577
    outer loop
      vertex -32 -14.4747 12.3832
      vertex -39 -14.3085 12.447
      vertex -39 -14.4747 12.3832
    endloop
  endfacet
  facet normal 0 -0.15628 0.987713
    outer loop
      vertex 32 -14.6466 12.3371
      vertex 34 -14.8223 12.3093
      vertex 34 -14.6466 12.3371
    endloop
  endfacet
  facet normal 0 -0.15628 0.987713
    outer loop
      vertex 34 -14.8223 12.3093
      vertex 32 -14.6466 12.3371
      vertex 32 -14.8223 12.3093
    endloop
  endfacet
  facet normal 0 -0.15628 0.987713
    outer loop
      vertex -39 -14.6466 12.3371
      vertex -32 -14.8223 12.3093
      vertex -32 -14.6466 12.3371
    endloop
  endfacet
  facet normal 0 -0.15628 0.987713
    outer loop
      vertex -32 -14.8223 12.3093
      vertex -39 -14.6466 12.3371
      vertex -39 -14.8223 12.3093
    endloop
  endfacet
  facet normal 0 -0.933577 0.358377
    outer loop
      vertex 32 -13.447 13.3085
      vertex 34 -13.3832 13.4747
      vertex 32 -13.3832 13.4747
    endloop
  endfacet
  facet normal 0 -0.933577 0.358377
    outer loop
      vertex 34 -13.3832 13.4747
      vertex 32 -13.447 13.3085
      vertex 34 -13.447 13.3085
    endloop
  endfacet
  facet normal 0 -0.933577 0.358377
    outer loop
      vertex -39 -13.447 13.3085
      vertex -32 -13.3832 13.4747
      vertex -39 -13.3832 13.4747
    endloop
  endfacet
  facet normal 0 -0.933577 0.358377
    outer loop
      vertex -32 -13.3832 13.4747
      vertex -39 -13.447 13.3085
      vertex -32 -13.447 13.3085
    endloop
  endfacet
  facet normal 0 -0.838649 0.544672
    outer loop
      vertex 32 -13.6247 13.0008
      vertex 34 -13.5278 13.15
      vertex 32 -13.5278 13.15
    endloop
  endfacet
  facet normal 0 -0.838649 0.544672
    outer loop
      vertex 34 -13.5278 13.15
      vertex 32 -13.6247 13.0008
      vertex 34 -13.6247 13.0008
    endloop
  endfacet
  facet normal 0 -0.838649 0.544672
    outer loop
      vertex -39 -13.6247 13.0008
      vertex -32 -13.5278 13.15
      vertex -39 -13.5278 13.15
    endloop
  endfacet
  facet normal 0 -0.838649 0.544672
    outer loop
      vertex -32 -13.5278 13.15
      vertex -39 -13.6247 13.0008
      vertex -32 -13.6247 13.0008
    endloop
  endfacet
  facet normal 0 -0.45417 -0.890915
    outer loop
      vertex 32 -14.3085 15.553
      vertex 34 -14.15 15.4722
      vertex 34 -14.3085 15.553
    endloop
  endfacet
  facet normal -0 -0.45417 -0.890915
    outer loop
      vertex 34 -14.15 15.4722
      vertex 32 -14.3085 15.553
      vertex 32 -14.15 15.4722
    endloop
  endfacet
  facet normal 0 -0.45417 -0.890915
    outer loop
      vertex -39 -14.3085 15.553
      vertex -32 -14.15 15.4722
      vertex -32 -14.3085 15.553
    endloop
  endfacet
  facet normal -0 -0.45417 -0.890915
    outer loop
      vertex -32 -14.15 15.4722
      vertex -39 -14.3085 15.553
      vertex -39 -14.15 15.4722
    endloop
  endfacet
  facet normal 0 -0.629344 -0.777127
    outer loop
      vertex 32 -14.0008 15.3753
      vertex 34 -13.8625 15.2633
      vertex 34 -14.0008 15.3753
    endloop
  endfacet
  facet normal -0 -0.629344 -0.777127
    outer loop
      vertex 34 -13.8625 15.2633
      vertex 32 -14.0008 15.3753
      vertex 32 -13.8625 15.2633
    endloop
  endfacet
  facet normal 0 -0.629344 -0.777127
    outer loop
      vertex -39 -14.0008 15.3753
      vertex -32 -13.8625 15.2633
      vertex -32 -14.0008 15.3753
    endloop
  endfacet
  facet normal -0 -0.629344 -0.777127
    outer loop
      vertex -32 -13.8625 15.2633
      vertex -39 -14.0008 15.3753
      vertex -39 -13.8625 15.2633
    endloop
  endfacet
  facet normal 0 -0.987713 -0.15628
    outer loop
      vertex 32 -13.3093 14.1777
      vertex 34 -13.3371 14.3534
      vertex 32 -13.3371 14.3534
    endloop
  endfacet
  facet normal 0 -0.987713 -0.15628
    outer loop
      vertex 34 -13.3371 14.3534
      vertex 32 -13.3093 14.1777
      vertex 34 -13.3093 14.1777
    endloop
  endfacet
  facet normal 0 -0.987713 -0.15628
    outer loop
      vertex -39 -13.3093 14.1777
      vertex -32 -13.3371 14.3534
      vertex -39 -13.3371 14.3534
    endloop
  endfacet
  facet normal 0 -0.987713 -0.15628
    outer loop
      vertex -32 -13.3371 14.3534
      vertex -39 -13.3093 14.1777
      vertex -32 -13.3093 14.1777
    endloop
  endfacet
  facet normal -0 0.15628 0.987713
    outer loop
      vertex 32 -15.1777 12.3093
      vertex 34 -15.3534 12.3371
      vertex 34 -15.1777 12.3093
    endloop
  endfacet
  facet normal 0 0.15628 0.987713
    outer loop
      vertex 34 -15.3534 12.3371
      vertex 32 -15.1777 12.3093
      vertex 32 -15.3534 12.3371
    endloop
  endfacet
  facet normal -0 0.15628 0.987713
    outer loop
      vertex -39 -15.1777 12.3093
      vertex -32 -15.3534 12.3371
      vertex -32 -15.1777 12.3093
    endloop
  endfacet
  facet normal 0 0.15628 0.987713
    outer loop
      vertex -32 -15.3534 12.3371
      vertex -39 -15.1777 12.3093
      vertex -39 -15.3534 12.3371
    endloop
  endfacet
  facet normal 0 0.987626 0.156828
    outer loop
      vertex 34 -16.6628 13.6466
      vertex 32 -16.6907 13.8223
      vertex 34 -16.6907 13.8223
    endloop
  endfacet
  facet normal 0 0.987626 0.156828
    outer loop
      vertex 32 -16.6907 13.8223
      vertex 34 -16.6628 13.6466
      vertex 32 -16.6628 13.6466
    endloop
  endfacet
  facet normal 0 0.987626 0.156828
    outer loop
      vertex -32 -16.6628 13.6466
      vertex -39 -16.6907 13.8223
      vertex -32 -16.6907 13.8223
    endloop
  endfacet
  facet normal 0 0.987626 0.156828
    outer loop
      vertex -39 -16.6907 13.8223
      vertex -32 -16.6628 13.6466
      vertex -39 -16.6628 13.6466
    endloop
  endfacet
  facet normal 0 -0.259026 0.96587
    outer loop
      vertex 32 -14.4747 12.3832
      vertex 34 -14.6466 12.3371
      vertex 34 -14.4747 12.3832
    endloop
  endfacet
  facet normal 0 -0.259026 0.96587
    outer loop
      vertex 34 -14.6466 12.3371
      vertex 32 -14.4747 12.3832
      vertex 32 -14.6466 12.3371
    endloop
  endfacet
  facet normal 0 -0.259026 0.96587
    outer loop
      vertex -39 -14.4747 12.3832
      vertex -32 -14.6466 12.3371
      vertex -32 -14.4747 12.3832
    endloop
  endfacet
  facet normal 0 -0.259026 0.96587
    outer loop
      vertex -32 -14.6466 12.3371
      vertex -39 -14.4747 12.3832
      vertex -39 -14.6466 12.3371
    endloop
  endfacet
  facet normal 0 -0.544672 0.838649
    outer loop
      vertex 32 -14.0008 12.6247
      vertex 34 -14.15 12.5278
      vertex 34 -14.0008 12.6247
    endloop
  endfacet
  facet normal 0 -0.544672 0.838649
    outer loop
      vertex 34 -14.15 12.5278
      vertex 32 -14.0008 12.6247
      vertex 32 -14.15 12.5278
    endloop
  endfacet
  facet normal 0 -0.544672 0.838649
    outer loop
      vertex -39 -14.0008 12.6247
      vertex -32 -14.15 12.5278
      vertex -32 -14.0008 12.6247
    endloop
  endfacet
  facet normal 0 -0.544672 0.838649
    outer loop
      vertex -32 -14.15 12.5278
      vertex -39 -14.0008 12.6247
      vertex -39 -14.15 12.5278
    endloop
  endfacet
  facet normal 0 -0.629344 0.777127
    outer loop
      vertex 32 -13.8625 12.7367
      vertex 34 -14.0008 12.6247
      vertex 34 -13.8625 12.7367
    endloop
  endfacet
  facet normal 0 -0.629344 0.777127
    outer loop
      vertex 34 -14.0008 12.6247
      vertex 32 -13.8625 12.7367
      vertex 32 -14.0008 12.6247
    endloop
  endfacet
  facet normal 0 -0.629344 0.777127
    outer loop
      vertex -39 -13.8625 12.7367
      vertex -32 -14.0008 12.6247
      vertex -32 -13.8625 12.7367
    endloop
  endfacet
  facet normal 0 -0.629344 0.777127
    outer loop
      vertex -32 -14.0008 12.6247
      vertex -39 -13.8625 12.7367
      vertex -39 -14.0008 12.6247
    endloop
  endfacet
  facet normal 0 -0.45417 0.890915
    outer loop
      vertex 32 -14.15 12.5278
      vertex 34 -14.3085 12.447
      vertex 34 -14.15 12.5278
    endloop
  endfacet
  facet normal 0 -0.45417 0.890915
    outer loop
      vertex 34 -14.3085 12.447
      vertex 32 -14.15 12.5278
      vertex 32 -14.3085 12.447
    endloop
  endfacet
  facet normal 0 -0.45417 0.890915
    outer loop
      vertex -39 -14.15 12.5278
      vertex -32 -14.3085 12.447
      vertex -32 -14.15 12.5278
    endloop
  endfacet
  facet normal 0 -0.45417 0.890915
    outer loop
      vertex -32 -14.3085 12.447
      vertex -39 -14.15 12.5278
      vertex -39 -14.3085 12.447
    endloop
  endfacet
  facet normal 0 -0.987713 0.15628
    outer loop
      vertex 32 -13.3371 13.6466
      vertex 34 -13.3093 13.8223
      vertex 32 -13.3093 13.8223
    endloop
  endfacet
  facet normal 0 -0.987713 0.15628
    outer loop
      vertex 34 -13.3093 13.8223
      vertex 32 -13.3371 13.6466
      vertex 34 -13.3371 13.6466
    endloop
  endfacet
  facet normal 0 -0.987713 0.15628
    outer loop
      vertex -39 -13.3371 13.6466
      vertex -32 -13.3093 13.8223
      vertex -39 -13.3093 13.8223
    endloop
  endfacet
  facet normal 0 -0.987713 0.15628
    outer loop
      vertex -32 -13.3093 13.8223
      vertex -39 -13.3371 13.6466
      vertex -32 -13.3371 13.6466
    endloop
  endfacet
  facet normal 0 -0.96587 0.259026
    outer loop
      vertex 32 -13.3832 13.4747
      vertex 34 -13.3371 13.6466
      vertex 32 -13.3371 13.6466
    endloop
  endfacet
  facet normal 0 -0.96587 0.259026
    outer loop
      vertex 34 -13.3371 13.6466
      vertex 32 -13.3832 13.4747
      vertex 34 -13.3832 13.4747
    endloop
  endfacet
  facet normal 0 -0.96587 0.259026
    outer loop
      vertex -39 -13.3832 13.4747
      vertex -32 -13.3371 13.6466
      vertex -39 -13.3371 13.6466
    endloop
  endfacet
  facet normal 0 -0.96587 0.259026
    outer loop
      vertex -32 -13.3371 13.6466
      vertex -39 -13.3832 13.4747
      vertex -32 -13.3832 13.4747
    endloop
  endfacet
  facet normal 0 -0.998633 0.0522639
    outer loop
      vertex 32 -13.3093 13.8223
      vertex 34 -13.3 14
      vertex 32 -13.3 14
    endloop
  endfacet
  facet normal 0 -0.998633 0.0522639
    outer loop
      vertex 34 -13.3 14
      vertex 32 -13.3093 13.8223
      vertex 34 -13.3093 13.8223
    endloop
  endfacet
  facet normal 0 -0.998633 0.0522639
    outer loop
      vertex -39 -13.3093 13.8223
      vertex -32 -13.3 14
      vertex -39 -13.3 14
    endloop
  endfacet
  facet normal 0 -0.998633 0.0522639
    outer loop
      vertex -32 -13.3 14
      vertex -39 -13.3093 13.8223
      vertex -32 -13.3093 13.8223
    endloop
  endfacet
  facet normal 0 -0.890915 0.45417
    outer loop
      vertex 32 -13.5278 13.15
      vertex 34 -13.447 13.3085
      vertex 32 -13.447 13.3085
    endloop
  endfacet
  facet normal 0 -0.890915 0.45417
    outer loop
      vertex 34 -13.447 13.3085
      vertex 32 -13.5278 13.15
      vertex 34 -13.5278 13.15
    endloop
  endfacet
  facet normal 0 -0.890915 0.45417
    outer loop
      vertex -39 -13.5278 13.15
      vertex -32 -13.447 13.3085
      vertex -39 -13.447 13.3085
    endloop
  endfacet
  facet normal 0 -0.890915 0.45417
    outer loop
      vertex -32 -13.447 13.3085
      vertex -39 -13.5278 13.15
      vertex -32 -13.5278 13.15
    endloop
  endfacet
  facet normal 0 -0.777127 0.629344
    outer loop
      vertex 32 -13.7367 12.8625
      vertex 34 -13.6247 13.0008
      vertex 32 -13.6247 13.0008
    endloop
  endfacet
  facet normal 0 -0.777127 0.629344
    outer loop
      vertex 34 -13.6247 13.0008
      vertex 32 -13.7367 12.8625
      vertex 34 -13.7367 12.8625
    endloop
  endfacet
  facet normal 0 -0.777127 0.629344
    outer loop
      vertex -39 -13.7367 12.8625
      vertex -32 -13.6247 13.0008
      vertex -39 -13.6247 13.0008
    endloop
  endfacet
  facet normal 0 -0.777127 0.629344
    outer loop
      vertex -32 -13.6247 13.0008
      vertex -39 -13.7367 12.8625
      vertex -32 -13.7367 12.8625
    endloop
  endfacet
  facet normal 0 -0.259026 -0.96587
    outer loop
      vertex 32 -14.6466 15.6629
      vertex 34 -14.4747 15.6168
      vertex 34 -14.6466 15.6629
    endloop
  endfacet
  facet normal -0 -0.259026 -0.96587
    outer loop
      vertex 34 -14.4747 15.6168
      vertex 32 -14.6466 15.6629
      vertex 32 -14.4747 15.6168
    endloop
  endfacet
  facet normal 0 -0.259026 -0.96587
    outer loop
      vertex -39 -14.6466 15.6629
      vertex -32 -14.4747 15.6168
      vertex -32 -14.6466 15.6629
    endloop
  endfacet
  facet normal -0 -0.259026 -0.96587
    outer loop
      vertex -32 -14.4747 15.6168
      vertex -39 -14.6466 15.6629
      vertex -39 -14.4747 15.6168
    endloop
  endfacet
  facet normal 0 -0.544672 -0.838649
    outer loop
      vertex 32 -14.15 15.4722
      vertex 34 -14.0008 15.3753
      vertex 34 -14.15 15.4722
    endloop
  endfacet
  facet normal -0 -0.544672 -0.838649
    outer loop
      vertex 34 -14.0008 15.3753
      vertex 32 -14.15 15.4722
      vertex 32 -14.0008 15.3753
    endloop
  endfacet
  facet normal 0 -0.544672 -0.838649
    outer loop
      vertex -39 -14.15 15.4722
      vertex -32 -14.0008 15.3753
      vertex -32 -14.15 15.4722
    endloop
  endfacet
  facet normal -0 -0.544672 -0.838649
    outer loop
      vertex -32 -14.0008 15.3753
      vertex -39 -14.15 15.4722
      vertex -39 -14.0008 15.3753
    endloop
  endfacet
  facet normal 0 -0.358377 -0.933577
    outer loop
      vertex 32 -14.4747 15.6168
      vertex 34 -14.3085 15.553
      vertex 34 -14.4747 15.6168
    endloop
  endfacet
  facet normal -0 -0.358377 -0.933577
    outer loop
      vertex 34 -14.3085 15.553
      vertex 32 -14.4747 15.6168
      vertex 32 -14.3085 15.553
    endloop
  endfacet
  facet normal 0 -0.358377 -0.933577
    outer loop
      vertex -39 -14.4747 15.6168
      vertex -32 -14.3085 15.553
      vertex -32 -14.4747 15.6168
    endloop
  endfacet
  facet normal -0 -0.358377 -0.933577
    outer loop
      vertex -32 -14.3085 15.553
      vertex -39 -14.4747 15.6168
      vertex -39 -14.3085 15.553
    endloop
  endfacet
  facet normal 0 -0.15628 -0.987713
    outer loop
      vertex 32 -14.8223 15.6907
      vertex 34 -14.6466 15.6629
      vertex 34 -14.8223 15.6907
    endloop
  endfacet
  facet normal -0 -0.15628 -0.987713
    outer loop
      vertex 34 -14.6466 15.6629
      vertex 32 -14.8223 15.6907
      vertex 32 -14.6466 15.6629
    endloop
  endfacet
  facet normal 0 -0.15628 -0.987713
    outer loop
      vertex -39 -14.8223 15.6907
      vertex -32 -14.6466 15.6629
      vertex -32 -14.8223 15.6907
    endloop
  endfacet
  facet normal -0 -0.15628 -0.987713
    outer loop
      vertex -32 -14.6466 15.6629
      vertex -39 -14.8223 15.6907
      vertex -39 -14.6466 15.6629
    endloop
  endfacet
  facet normal 0 -0.838649 -0.544672
    outer loop
      vertex 32 -13.5278 14.85
      vertex 34 -13.6247 14.9992
      vertex 32 -13.6247 14.9992
    endloop
  endfacet
  facet normal 0 -0.838649 -0.544672
    outer loop
      vertex 34 -13.6247 14.9992
      vertex 32 -13.5278 14.85
      vertex 34 -13.5278 14.85
    endloop
  endfacet
  facet normal 0 -0.838649 -0.544672
    outer loop
      vertex -39 -13.5278 14.85
      vertex -32 -13.6247 14.9992
      vertex -39 -13.6247 14.9992
    endloop
  endfacet
  facet normal 0 -0.838649 -0.544672
    outer loop
      vertex -32 -13.6247 14.9992
      vertex -39 -13.5278 14.85
      vertex -32 -13.5278 14.85
    endloop
  endfacet
  facet normal 0 -0.890915 -0.45417
    outer loop
      vertex 32 -13.447 14.6915
      vertex 34 -13.5278 14.85
      vertex 32 -13.5278 14.85
    endloop
  endfacet
  facet normal 0 -0.890915 -0.45417
    outer loop
      vertex 34 -13.5278 14.85
      vertex 32 -13.447 14.6915
      vertex 34 -13.447 14.6915
    endloop
  endfacet
  facet normal 0 -0.890915 -0.45417
    outer loop
      vertex -39 -13.447 14.6915
      vertex -32 -13.5278 14.85
      vertex -39 -13.5278 14.85
    endloop
  endfacet
  facet normal 0 -0.890915 -0.45417
    outer loop
      vertex -32 -13.5278 14.85
      vertex -39 -13.447 14.6915
      vertex -32 -13.447 14.6915
    endloop
  endfacet
  facet normal 0 -0.777127 -0.629344
    outer loop
      vertex 32 -13.6247 14.9992
      vertex 34 -13.7367 15.1375
      vertex 32 -13.7367 15.1375
    endloop
  endfacet
  facet normal 0 -0.777127 -0.629344
    outer loop
      vertex 34 -13.7367 15.1375
      vertex 32 -13.6247 14.9992
      vertex 34 -13.6247 14.9992
    endloop
  endfacet
  facet normal 0 -0.777127 -0.629344
    outer loop
      vertex -39 -13.6247 14.9992
      vertex -32 -13.7367 15.1375
      vertex -39 -13.7367 15.1375
    endloop
  endfacet
  facet normal 0 -0.777127 -0.629344
    outer loop
      vertex -32 -13.7367 15.1375
      vertex -39 -13.6247 14.9992
      vertex -32 -13.6247 14.9992
    endloop
  endfacet
  facet normal 0 -0.96587 -0.259026
    outer loop
      vertex 32 -13.3371 14.3534
      vertex 34 -13.3832 14.5253
      vertex 32 -13.3832 14.5253
    endloop
  endfacet
  facet normal 0 -0.96587 -0.259026
    outer loop
      vertex 34 -13.3832 14.5253
      vertex 32 -13.3371 14.3534
      vertex 34 -13.3371 14.3534
    endloop
  endfacet
  facet normal 0 -0.96587 -0.259026
    outer loop
      vertex -39 -13.3371 14.3534
      vertex -32 -13.3832 14.5253
      vertex -39 -13.3832 14.5253
    endloop
  endfacet
  facet normal 0 -0.96587 -0.259026
    outer loop
      vertex -32 -13.3832 14.5253
      vertex -39 -13.3371 14.3534
      vertex -32 -13.3371 14.3534
    endloop
  endfacet
  facet normal -0 0.0522639 0.998633
    outer loop
      vertex 32 -15 12.3
      vertex 34 -15.1777 12.3093
      vertex 34 -15 12.3
    endloop
  endfacet
  facet normal 0 0.0522639 0.998633
    outer loop
      vertex 34 -15.1777 12.3093
      vertex 32 -15 12.3
      vertex 32 -15.1777 12.3093
    endloop
  endfacet
  facet normal -0 0.0522639 0.998633
    outer loop
      vertex -39 -15 12.3
      vertex -32 -15.1777 12.3093
      vertex -32 -15 12.3
    endloop
  endfacet
  facet normal 0 0.0522639 0.998633
    outer loop
      vertex -32 -15.1777 12.3093
      vertex -39 -15 12.3
      vertex -39 -15.1777 12.3093
    endloop
  endfacet
  facet normal 0 0.707107 0.707107
    outer loop
      vertex 34 -16.1375 12.7367
      vertex 32 -16.2633 12.8625
      vertex 34 -16.2633 12.8625
    endloop
  endfacet
  facet normal 0 0.707107 0.707107
    outer loop
      vertex 32 -16.2633 12.8625
      vertex 34 -16.1375 12.7367
      vertex 32 -16.1375 12.7367
    endloop
  endfacet
  facet normal 0 0.707107 0.707107
    outer loop
      vertex -32 -16.1375 12.7367
      vertex -39 -16.2633 12.8625
      vertex -32 -16.2633 12.8625
    endloop
  endfacet
  facet normal 0 0.707107 0.707107
    outer loop
      vertex -39 -16.2633 12.8625
      vertex -32 -16.1375 12.7367
      vertex -39 -16.1375 12.7367
    endloop
  endfacet
  facet normal -0 0.259026 0.96587
    outer loop
      vertex 32 -15.3534 12.3371
      vertex 34 -15.5253 12.3832
      vertex 34 -15.3534 12.3371
    endloop
  endfacet
  facet normal 0 0.259026 0.96587
    outer loop
      vertex 34 -15.5253 12.3832
      vertex 32 -15.3534 12.3371
      vertex 32 -15.5253 12.3832
    endloop
  endfacet
  facet normal -0 0.259026 0.96587
    outer loop
      vertex -39 -15.3534 12.3371
      vertex -32 -15.5253 12.3832
      vertex -32 -15.3534 12.3371
    endloop
  endfacet
  facet normal 0 0.259026 0.96587
    outer loop
      vertex -32 -15.5253 12.3832
      vertex -39 -15.3534 12.3371
      vertex -39 -15.5253 12.3832
    endloop
  endfacet
  facet normal 0 0.777127 0.629344
    outer loop
      vertex 34 -16.2633 12.8625
      vertex 32 -16.3753 13.0008
      vertex 34 -16.3753 13.0008
    endloop
  endfacet
  facet normal 0 0.777127 0.629344
    outer loop
      vertex 32 -16.3753 13.0008
      vertex 34 -16.2633 12.8625
      vertex 32 -16.2633 12.8625
    endloop
  endfacet
  facet normal 0 0.777127 0.629344
    outer loop
      vertex -32 -16.2633 12.8625
      vertex -39 -16.3753 13.0008
      vertex -32 -16.3753 13.0008
    endloop
  endfacet
  facet normal 0 0.777127 0.629344
    outer loop
      vertex -39 -16.3753 13.0008
      vertex -32 -16.2633 12.8625
      vertex -39 -16.2633 12.8625
    endloop
  endfacet
  facet normal -0 0.45417 0.890915
    outer loop
      vertex 32 -15.6915 12.447
      vertex 34 -15.85 12.5278
      vertex 34 -15.6915 12.447
    endloop
  endfacet
  facet normal 0 0.45417 0.890915
    outer loop
      vertex 34 -15.85 12.5278
      vertex 32 -15.6915 12.447
      vertex 32 -15.85 12.5278
    endloop
  endfacet
  facet normal -0 0.45417 0.890915
    outer loop
      vertex -39 -15.6915 12.447
      vertex -32 -15.85 12.5278
      vertex -32 -15.6915 12.447
    endloop
  endfacet
  facet normal 0 0.45417 0.890915
    outer loop
      vertex -32 -15.85 12.5278
      vertex -39 -15.6915 12.447
      vertex -39 -15.85 12.5278
    endloop
  endfacet
  facet normal -0 0.629344 0.777127
    outer loop
      vertex 32 -15.9992 12.6247
      vertex 34 -16.1375 12.7367
      vertex 34 -15.9992 12.6247
    endloop
  endfacet
  facet normal 0 0.629344 0.777127
    outer loop
      vertex 34 -16.1375 12.7367
      vertex 32 -15.9992 12.6247
      vertex 32 -16.1375 12.7367
    endloop
  endfacet
  facet normal -0 0.629344 0.777127
    outer loop
      vertex -39 -15.9992 12.6247
      vertex -32 -16.1375 12.7367
      vertex -32 -15.9992 12.6247
    endloop
  endfacet
  facet normal 0 0.629344 0.777127
    outer loop
      vertex -32 -16.1375 12.7367
      vertex -39 -15.9992 12.6247
      vertex -39 -16.1375 12.7367
    endloop
  endfacet
  facet normal 0 0.259026 -0.96587
    outer loop
      vertex 32 -15.5253 15.6168
      vertex 34 -15.3534 15.6629
      vertex 34 -15.5253 15.6168
    endloop
  endfacet
  facet normal 0 0.259026 -0.96587
    outer loop
      vertex 34 -15.3534 15.6629
      vertex 32 -15.5253 15.6168
      vertex 32 -15.3534 15.6629
    endloop
  endfacet
  facet normal 0 0.259026 -0.96587
    outer loop
      vertex -39 -15.5253 15.6168
      vertex -32 -15.3534 15.6629
      vertex -32 -15.5253 15.6168
    endloop
  endfacet
  facet normal 0 0.259026 -0.96587
    outer loop
      vertex -32 -15.3534 15.6629
      vertex -39 -15.5253 15.6168
      vertex -39 -15.3534 15.6629
    endloop
  endfacet
  facet normal 0 0.933577 0.358377
    outer loop
      vertex 34 -16.553 13.3085
      vertex 32 -16.6168 13.4747
      vertex 34 -16.6168 13.4747
    endloop
  endfacet
  facet normal 0 0.933577 0.358377
    outer loop
      vertex 32 -16.6168 13.4747
      vertex 34 -16.553 13.3085
      vertex 32 -16.553 13.3085
    endloop
  endfacet
  facet normal 0 0.933577 0.358377
    outer loop
      vertex -32 -16.553 13.3085
      vertex -39 -16.6168 13.4747
      vertex -32 -16.6168 13.4747
    endloop
  endfacet
  facet normal 0 0.933577 0.358377
    outer loop
      vertex -39 -16.6168 13.4747
      vertex -32 -16.553 13.3085
      vertex -39 -16.553 13.3085
    endloop
  endfacet
  facet normal 0 0.966011 0.258502
    outer loop
      vertex 34 -16.6168 13.4747
      vertex 32 -16.6628 13.6466
      vertex 34 -16.6628 13.6466
    endloop
  endfacet
  facet normal 0 0.966011 0.258502
    outer loop
      vertex 32 -16.6628 13.6466
      vertex 34 -16.6168 13.4747
      vertex 32 -16.6168 13.4747
    endloop
  endfacet
  facet normal 0 0.966011 0.258502
    outer loop
      vertex -32 -16.6168 13.4747
      vertex -39 -16.6628 13.6466
      vertex -32 -16.6628 13.6466
    endloop
  endfacet
  facet normal 0 0.966011 0.258502
    outer loop
      vertex -39 -16.6628 13.6466
      vertex -32 -16.6168 13.4747
      vertex -39 -16.6168 13.4747
    endloop
  endfacet
  facet normal 0 0.890915 0.45417
    outer loop
      vertex 34 -16.4722 13.15
      vertex 32 -16.553 13.3085
      vertex 34 -16.553 13.3085
    endloop
  endfacet
  facet normal 0 0.890915 0.45417
    outer loop
      vertex 32 -16.553 13.3085
      vertex 34 -16.4722 13.15
      vertex 32 -16.4722 13.15
    endloop
  endfacet
  facet normal 0 0.890915 0.45417
    outer loop
      vertex -32 -16.4722 13.15
      vertex -39 -16.553 13.3085
      vertex -32 -16.553 13.3085
    endloop
  endfacet
  facet normal 0 0.890915 0.45417
    outer loop
      vertex -39 -16.553 13.3085
      vertex -32 -16.4722 13.15
      vertex -39 -16.4722 13.15
    endloop
  endfacet
  facet normal 0 0.838649 0.544672
    outer loop
      vertex 34 -16.3753 13.0008
      vertex 32 -16.4722 13.15
      vertex 34 -16.4722 13.15
    endloop
  endfacet
  facet normal 0 0.838649 0.544672
    outer loop
      vertex 32 -16.4722 13.15
      vertex 34 -16.3753 13.0008
      vertex 32 -16.3753 13.0008
    endloop
  endfacet
  facet normal 0 0.838649 0.544672
    outer loop
      vertex -32 -16.3753 13.0008
      vertex -39 -16.4722 13.15
      vertex -32 -16.4722 13.15
    endloop
  endfacet
  facet normal 0 0.838649 0.544672
    outer loop
      vertex -39 -16.4722 13.15
      vertex -32 -16.3753 13.0008
      vertex -39 -16.3753 13.0008
    endloop
  endfacet
  facet normal -0 0.358377 0.933577
    outer loop
      vertex 32 -15.5253 12.3832
      vertex 34 -15.6915 12.447
      vertex 34 -15.5253 12.3832
    endloop
  endfacet
  facet normal 0 0.358377 0.933577
    outer loop
      vertex 34 -15.6915 12.447
      vertex 32 -15.5253 12.3832
      vertex 32 -15.6915 12.447
    endloop
  endfacet
  facet normal -0 0.358377 0.933577
    outer loop
      vertex -39 -15.5253 12.3832
      vertex -32 -15.6915 12.447
      vertex -32 -15.5253 12.3832
    endloop
  endfacet
  facet normal 0 0.358377 0.933577
    outer loop
      vertex -32 -15.6915 12.447
      vertex -39 -15.5253 12.3832
      vertex -39 -15.6915 12.447
    endloop
  endfacet
  facet normal -0 0.544672 0.838649
    outer loop
      vertex 32 -15.85 12.5278
      vertex 34 -15.9992 12.6247
      vertex 34 -15.85 12.5278
    endloop
  endfacet
  facet normal 0 0.544672 0.838649
    outer loop
      vertex 34 -15.9992 12.6247
      vertex 32 -15.85 12.5278
      vertex 32 -15.9992 12.6247
    endloop
  endfacet
  facet normal -0 0.544672 0.838649
    outer loop
      vertex -39 -15.85 12.5278
      vertex -32 -15.9992 12.6247
      vertex -32 -15.85 12.5278
    endloop
  endfacet
  facet normal 0 0.544672 0.838649
    outer loop
      vertex -32 -15.9992 12.6247
      vertex -39 -15.85 12.5278
      vertex -39 -15.9992 12.6247
    endloop
  endfacet
  facet normal 0 0.998633 -0.0522639
    outer loop
      vertex 34 -16.7 14
      vertex 32 -16.6907 14.1777
      vertex 34 -16.6907 14.1777
    endloop
  endfacet
  facet normal 0 0.998633 -0.0522639
    outer loop
      vertex 32 -16.6907 14.1777
      vertex 34 -16.7 14
      vertex 32 -16.7 14
    endloop
  endfacet
  facet normal 0 0.998633 -0.0522639
    outer loop
      vertex -32 -16.7 14
      vertex -39 -16.6907 14.1777
      vertex -32 -16.6907 14.1777
    endloop
  endfacet
  facet normal 0 0.998633 -0.0522639
    outer loop
      vertex -39 -16.6907 14.1777
      vertex -32 -16.7 14
      vertex -39 -16.7 14
    endloop
  endfacet
  facet normal 0 0.45417 -0.890915
    outer loop
      vertex 32 -15.85 15.4722
      vertex 34 -15.6915 15.553
      vertex 34 -15.85 15.4722
    endloop
  endfacet
  facet normal 0 0.45417 -0.890915
    outer loop
      vertex 34 -15.6915 15.553
      vertex 32 -15.85 15.4722
      vertex 32 -15.6915 15.553
    endloop
  endfacet
  facet normal 0 0.45417 -0.890915
    outer loop
      vertex -39 -15.85 15.4722
      vertex -32 -15.6915 15.553
      vertex -32 -15.85 15.4722
    endloop
  endfacet
  facet normal 0 0.45417 -0.890915
    outer loop
      vertex -32 -15.6915 15.553
      vertex -39 -15.85 15.4722
      vertex -39 -15.6915 15.553
    endloop
  endfacet
  facet normal 0 0.707107 -0.707107
    outer loop
      vertex 34 -16.2633 15.1375
      vertex 32 -16.1375 15.2633
      vertex 34 -16.1375 15.2633
    endloop
  endfacet
  facet normal 0 0.707107 -0.707107
    outer loop
      vertex 32 -16.1375 15.2633
      vertex 34 -16.2633 15.1375
      vertex 32 -16.2633 15.1375
    endloop
  endfacet
  facet normal 0 0.707107 -0.707107
    outer loop
      vertex -32 -16.2633 15.1375
      vertex -39 -16.1375 15.2633
      vertex -32 -16.1375 15.2633
    endloop
  endfacet
  facet normal 0 0.707107 -0.707107
    outer loop
      vertex -39 -16.1375 15.2633
      vertex -32 -16.2633 15.1375
      vertex -39 -16.2633 15.1375
    endloop
  endfacet
  facet normal 0 0.629344 -0.777127
    outer loop
      vertex 32 -16.1375 15.2633
      vertex 34 -15.9992 15.3753
      vertex 34 -16.1375 15.2633
    endloop
  endfacet
  facet normal 0 0.629344 -0.777127
    outer loop
      vertex 34 -15.9992 15.3753
      vertex 32 -16.1375 15.2633
      vertex 32 -15.9992 15.3753
    endloop
  endfacet
  facet normal 0 0.629344 -0.777127
    outer loop
      vertex -39 -16.1375 15.2633
      vertex -32 -15.9992 15.3753
      vertex -32 -16.1375 15.2633
    endloop
  endfacet
  facet normal 0 0.629344 -0.777127
    outer loop
      vertex -32 -15.9992 15.3753
      vertex -39 -16.1375 15.2633
      vertex -39 -15.9992 15.3753
    endloop
  endfacet
  facet normal 0 0.358377 -0.933577
    outer loop
      vertex 32 -15.6915 15.553
      vertex 34 -15.5253 15.6168
      vertex 34 -15.6915 15.553
    endloop
  endfacet
  facet normal 0 0.358377 -0.933577
    outer loop
      vertex 34 -15.5253 15.6168
      vertex 32 -15.6915 15.553
      vertex 32 -15.5253 15.6168
    endloop
  endfacet
  facet normal 0 0.358377 -0.933577
    outer loop
      vertex -39 -15.6915 15.553
      vertex -32 -15.5253 15.6168
      vertex -32 -15.6915 15.553
    endloop
  endfacet
  facet normal 0 0.358377 -0.933577
    outer loop
      vertex -32 -15.5253 15.6168
      vertex -39 -15.6915 15.553
      vertex -39 -15.5253 15.6168
    endloop
  endfacet
  facet normal 0 0.15628 -0.987713
    outer loop
      vertex 32 -15.3534 15.6629
      vertex 34 -15.1777 15.6907
      vertex 34 -15.3534 15.6629
    endloop
  endfacet
  facet normal 0 0.15628 -0.987713
    outer loop
      vertex 34 -15.1777 15.6907
      vertex 32 -15.3534 15.6629
      vertex 32 -15.1777 15.6907
    endloop
  endfacet
  facet normal 0 0.15628 -0.987713
    outer loop
      vertex -39 -15.3534 15.6629
      vertex -32 -15.1777 15.6907
      vertex -32 -15.3534 15.6629
    endloop
  endfacet
  facet normal 0 0.15628 -0.987713
    outer loop
      vertex -32 -15.1777 15.6907
      vertex -39 -15.3534 15.6629
      vertex -39 -15.1777 15.6907
    endloop
  endfacet
  facet normal 0 0.0522639 -0.998633
    outer loop
      vertex 32 -15.1777 15.6907
      vertex 34 -15 15.7
      vertex 34 -15.1777 15.6907
    endloop
  endfacet
  facet normal 0 0.0522639 -0.998633
    outer loop
      vertex 34 -15 15.7
      vertex 32 -15.1777 15.6907
      vertex 32 -15 15.7
    endloop
  endfacet
  facet normal 0 0.0522639 -0.998633
    outer loop
      vertex -39 -15.1777 15.6907
      vertex -32 -15 15.7
      vertex -32 -15.1777 15.6907
    endloop
  endfacet
  facet normal 0 0.0522639 -0.998633
    outer loop
      vertex -32 -15 15.7
      vertex -39 -15.1777 15.6907
      vertex -39 -15 15.7
    endloop
  endfacet
  facet normal 0 0.777127 -0.629344
    outer loop
      vertex 34 -16.3753 14.9992
      vertex 32 -16.2633 15.1375
      vertex 34 -16.2633 15.1375
    endloop
  endfacet
  facet normal 0 0.777127 -0.629344
    outer loop
      vertex 32 -16.2633 15.1375
      vertex 34 -16.3753 14.9992
      vertex 32 -16.3753 14.9992
    endloop
  endfacet
  facet normal 0 0.777127 -0.629344
    outer loop
      vertex -32 -16.3753 14.9992
      vertex -39 -16.2633 15.1375
      vertex -32 -16.2633 15.1375
    endloop
  endfacet
  facet normal 0 0.777127 -0.629344
    outer loop
      vertex -39 -16.2633 15.1375
      vertex -32 -16.3753 14.9992
      vertex -39 -16.3753 14.9992
    endloop
  endfacet
  facet normal 0 0.838649 -0.544672
    outer loop
      vertex 34 -16.4722 14.85
      vertex 32 -16.3753 14.9992
      vertex 34 -16.3753 14.9992
    endloop
  endfacet
  facet normal 0 0.838649 -0.544672
    outer loop
      vertex 32 -16.3753 14.9992
      vertex 34 -16.4722 14.85
      vertex 32 -16.4722 14.85
    endloop
  endfacet
  facet normal 0 0.838649 -0.544672
    outer loop
      vertex -32 -16.4722 14.85
      vertex -39 -16.3753 14.9992
      vertex -32 -16.3753 14.9992
    endloop
  endfacet
  facet normal 0 0.838649 -0.544672
    outer loop
      vertex -39 -16.3753 14.9992
      vertex -32 -16.4722 14.85
      vertex -39 -16.4722 14.85
    endloop
  endfacet
  facet normal 0 0.933577 -0.358377
    outer loop
      vertex 34 -16.6168 14.5253
      vertex 32 -16.553 14.6915
      vertex 34 -16.553 14.6915
    endloop
  endfacet
  facet normal 0 0.933577 -0.358377
    outer loop
      vertex 32 -16.553 14.6915
      vertex 34 -16.6168 14.5253
      vertex 32 -16.6168 14.5253
    endloop
  endfacet
  facet normal 0 0.933577 -0.358377
    outer loop
      vertex -32 -16.6168 14.5253
      vertex -39 -16.553 14.6915
      vertex -32 -16.553 14.6915
    endloop
  endfacet
  facet normal 0 0.933577 -0.358377
    outer loop
      vertex -39 -16.553 14.6915
      vertex -32 -16.6168 14.5253
      vertex -39 -16.6168 14.5253
    endloop
  endfacet
  facet normal 0 0.890915 -0.45417
    outer loop
      vertex 34 -16.553 14.6915
      vertex 32 -16.4722 14.85
      vertex 34 -16.4722 14.85
    endloop
  endfacet
  facet normal 0 0.890915 -0.45417
    outer loop
      vertex 32 -16.4722 14.85
      vertex 34 -16.553 14.6915
      vertex 32 -16.553 14.6915
    endloop
  endfacet
  facet normal 0 0.890915 -0.45417
    outer loop
      vertex -32 -16.553 14.6915
      vertex -39 -16.4722 14.85
      vertex -32 -16.4722 14.85
    endloop
  endfacet
  facet normal 0 0.890915 -0.45417
    outer loop
      vertex -39 -16.4722 14.85
      vertex -32 -16.553 14.6915
      vertex -39 -16.553 14.6915
    endloop
  endfacet
  facet normal 0 0.966011 -0.258502
    outer loop
      vertex 34 -16.6628 14.3534
      vertex 32 -16.6168 14.5253
      vertex 34 -16.6168 14.5253
    endloop
  endfacet
  facet normal 0 0.966011 -0.258502
    outer loop
      vertex 32 -16.6168 14.5253
      vertex 34 -16.6628 14.3534
      vertex 32 -16.6628 14.3534
    endloop
  endfacet
  facet normal 0 0.966011 -0.258502
    outer loop
      vertex -32 -16.6628 14.3534
      vertex -39 -16.6168 14.5253
      vertex -32 -16.6168 14.5253
    endloop
  endfacet
  facet normal 0 0.966011 -0.258502
    outer loop
      vertex -39 -16.6168 14.5253
      vertex -32 -16.6628 14.3534
      vertex -39 -16.6628 14.3534
    endloop
  endfacet
  facet normal 0 0.987626 -0.156828
    outer loop
      vertex 34 -16.6907 14.1777
      vertex 32 -16.6628 14.3534
      vertex 34 -16.6628 14.3534
    endloop
  endfacet
  facet normal 0 0.987626 -0.156828
    outer loop
      vertex 32 -16.6628 14.3534
      vertex 34 -16.6907 14.1777
      vertex 32 -16.6907 14.1777
    endloop
  endfacet
  facet normal 0 0.987626 -0.156828
    outer loop
      vertex -32 -16.6907 14.1777
      vertex -39 -16.6628 14.3534
      vertex -32 -16.6628 14.3534
    endloop
  endfacet
  facet normal 0 0.987626 -0.156828
    outer loop
      vertex -39 -16.6628 14.3534
      vertex -32 -16.6907 14.1777
      vertex -39 -16.6907 14.1777
    endloop
  endfacet
  facet normal 0 0.544672 -0.838649
    outer loop
      vertex 32 -15.9992 15.3753
      vertex 34 -15.85 15.4722
      vertex 34 -15.9992 15.3753
    endloop
  endfacet
  facet normal 0 0.544672 -0.838649
    outer loop
      vertex 34 -15.85 15.4722
      vertex 32 -15.9992 15.3753
      vertex 32 -15.85 15.4722
    endloop
  endfacet
  facet normal 0 0.544672 -0.838649
    outer loop
      vertex -39 -15.9992 15.3753
      vertex -32 -15.85 15.4722
      vertex -32 -15.9992 15.3753
    endloop
  endfacet
  facet normal 0 0.544672 -0.838649
    outer loop
      vertex -32 -15.85 15.4722
      vertex -39 -15.9992 15.3753
      vertex -39 -15.85 15.4722
    endloop
  endfacet
  facet normal 0 -0.500004 0.866023
    outer loop
      vertex 34 -12.2 12.3834
      vertex 39 -15 10.7668
      vertex 39 -12.2 12.3834
    endloop
  endfacet
  facet normal 0 -0.500004 0.866023
    outer loop
      vertex 39 -15 10.7668
      vertex 34 -12.2 12.3834
      vertex 34 -15 10.7668
    endloop
  endfacet
  facet normal 0 -0.500004 -0.866023
    outer loop
      vertex 34 -15 17.2332
      vertex 39 -12.2 15.6166
      vertex 39 -15 17.2332
    endloop
  endfacet
  facet normal -0 -0.500004 -0.866023
    outer loop
      vertex 39 -12.2 15.6166
      vertex 34 -15 17.2332
      vertex 34 -12.2 15.6166
    endloop
  endfacet
  facet normal 0 -1 0
    outer loop
      vertex 34 -12.2 12.3834
      vertex 39 -12.2 15.6166
      vertex 34 -12.2 15.6166
    endloop
  endfacet
  facet normal 0 -1 -0
    outer loop
      vertex 39 -12.2 15.6166
      vertex 34 -12.2 12.3834
      vertex 39 -12.2 12.3834
    endloop
  endfacet
  facet normal 0 0.500004 -0.866023
    outer loop
      vertex 34 -17.8 15.6166
      vertex 39 -15 17.2332
      vertex 39 -17.8 15.6166
    endloop
  endfacet
  facet normal 0 0.500004 -0.866023
    outer loop
      vertex 39 -15 17.2332
      vertex 34 -17.8 15.6166
      vertex 34 -15 17.2332
    endloop
  endfacet
  facet normal 1 0 0
    outer loop
      vertex 34 -12.2 15.6166
      vertex 34 -13.3 14
      vertex 34 -12.2 12.3834
    endloop
  endfacet
  facet normal 1 0 0
    outer loop
      vertex 34 -12.2 15.6166
      vertex 34 -13.3093 14.1777
      vertex 34 -13.3 14
    endloop
  endfacet
  facet normal 1 0 0
    outer loop
      vertex 34 -12.2 15.6166
      vertex 34 -13.3371 14.3534
      vertex 34 -13.3093 14.1777
    endloop
  endfacet
  facet normal 1 0 0
    outer loop
      vertex 34 -12.2 15.6166
      vertex 34 -13.3832 14.5253
      vertex 34 -13.3371 14.3534
    endloop
  endfacet
  facet normal 1 0 0
    outer loop
      vertex 34 -12.2 15.6166
      vertex 34 -13.447 14.6915
      vertex 34 -13.3832 14.5253
    endloop
  endfacet
  facet normal 1 0 0
    outer loop
      vertex 34 -12.2 15.6166
      vertex 34 -13.5278 14.85
      vertex 34 -13.447 14.6915
    endloop
  endfacet
  facet normal 1 0 0
    outer loop
      vertex 34 -12.2 15.6166
      vertex 34 -13.6247 14.9992
      vertex 34 -13.5278 14.85
    endloop
  endfacet
  facet normal 1 0 0
    outer loop
      vertex 34 -12.2 15.6166
      vertex 34 -13.7367 15.1375
      vertex 34 -13.6247 14.9992
    endloop
  endfacet
  facet normal 1 0 0
    outer loop
      vertex 34 -12.2 15.6166
      vertex 34 -13.8625 15.2633
      vertex 34 -13.7367 15.1375
    endloop
  endfacet
  facet normal 1 0 0
    outer loop
      vertex 34 -12.2 15.6166
      vertex 34 -14.0008 15.3753
      vertex 34 -13.8625 15.2633
    endloop
  endfacet
  facet normal 1 0 0
    outer loop
      vertex 34 -12.2 15.6166
      vertex 34 -14.15 15.4722
      vertex 34 -14.0008 15.3753
    endloop
  endfacet
  facet normal 1 0 0
    outer loop
      vertex 34 -15 17.2332
      vertex 34 -14.15 15.4722
      vertex 34 -12.2 15.6166
    endloop
  endfacet
  facet normal 1 0 0
    outer loop
      vertex 34 -14.15 15.4722
      vertex 34 -15 17.2332
      vertex 34 -14.3085 15.553
    endloop
  endfacet
  facet normal 1 0 0
    outer loop
      vertex 34 -14.3085 15.553
      vertex 34 -15 17.2332
      vertex 34 -14.4747 15.6168
    endloop
  endfacet
  facet normal 1 0 0
    outer loop
      vertex 34 -14.4747 15.6168
      vertex 34 -15 17.2332
      vertex 34 -14.6466 15.6629
    endloop
  endfacet
  facet normal 1 0 0
    outer loop
      vertex 34 -14.6466 15.6629
      vertex 34 -15 17.2332
      vertex 34 -14.8223 15.6907
    endloop
  endfacet
  facet normal 1 0 0
    outer loop
      vertex 34 -15 17.2332
      vertex 34 -15 15.7
      vertex 34 -14.8223 15.6907
    endloop
  endfacet
  facet normal 1 0 0
    outer loop
      vertex 34 -15 17.2332
      vertex 34 -15.1777 15.6907
      vertex 34 -15 15.7
    endloop
  endfacet
  facet normal 1 0 0
    outer loop
      vertex 34 -15 17.2332
      vertex 34 -15.3534 15.6629
      vertex 34 -15.1777 15.6907
    endloop
  endfacet
  facet normal 1 0 0
    outer loop
      vertex 34 -15 17.2332
      vertex 34 -15.5253 15.6168
      vertex 34 -15.3534 15.6629
    endloop
  endfacet
  facet normal 1 0 0
    outer loop
      vertex 34 -15 17.2332
      vertex 34 -15.6915 15.553
      vertex 34 -15.5253 15.6168
    endloop
  endfacet
  facet normal 1 0 0
    outer loop
      vertex 34 -15 17.2332
      vertex 34 -15.85 15.4722
      vertex 34 -15.6915 15.553
    endloop
  endfacet
  facet normal 1 -0 0
    outer loop
      vertex 34 -17.8 15.6166
      vertex 34 -15.85 15.4722
      vertex 34 -15 17.2332
    endloop
  endfacet
  facet normal 1 0 0
    outer loop
      vertex 34 -15.85 15.4722
      vertex 34 -17.8 15.6166
      vertex 34 -15.9992 15.3753
    endloop
  endfacet
  facet normal 1 0 0
    outer loop
      vertex 34 -15.9992 15.3753
      vertex 34 -17.8 15.6166
      vertex 34 -16.1375 15.2633
    endloop
  endfacet
  facet normal 1 0 0
    outer loop
      vertex 34 -16.1375 15.2633
      vertex 34 -17.8 15.6166
      vertex 34 -16.2633 15.1375
    endloop
  endfacet
  facet normal 1 0 0
    outer loop
      vertex 34 -16.2633 15.1375
      vertex 34 -17.8 15.6166
      vertex 34 -16.3753 14.9992
    endloop
  endfacet
  facet normal 1 0 0
    outer loop
      vertex 34 -16.6907 14.1777
      vertex 34 -17.8 15.6166
      vertex 34 -16.7 14
    endloop
  endfacet
  facet normal 1 0 0
    outer loop
      vertex 34 -16.6628 14.3534
      vertex 34 -17.8 15.6166
      vertex 34 -16.6907 14.1777
    endloop
  endfacet
  facet normal 1 0 0
    outer loop
      vertex 34 -16.6168 14.5253
      vertex 34 -17.8 15.6166
      vertex 34 -16.6628 14.3534
    endloop
  endfacet
  facet normal 1 0 0
    outer loop
      vertex 34 -16.553 14.6915
      vertex 34 -17.8 15.6166
      vertex 34 -16.6168 14.5253
    endloop
  endfacet
  facet normal 1 0 0
    outer loop
      vertex 34 -16.4722 14.85
      vertex 34 -17.8 15.6166
      vertex 34 -16.553 14.6915
    endloop
  endfacet
  facet normal 1 0 0
    outer loop
      vertex 34 -16.3753 14.9992
      vertex 34 -17.8 15.6166
      vertex 34 -16.4722 14.85
    endloop
  endfacet
  facet normal 1 -0 0
    outer loop
      vertex 34 -13.3093 13.8223
      vertex 34 -12.2 12.3834
      vertex 34 -13.3 14
    endloop
  endfacet
  facet normal 1 -0 0
    outer loop
      vertex 34 -13.3371 13.6466
      vertex 34 -12.2 12.3834
      vertex 34 -13.3093 13.8223
    endloop
  endfacet
  facet normal 1 -0 0
    outer loop
      vertex 34 -13.3832 13.4747
      vertex 34 -12.2 12.3834
      vertex 34 -13.3371 13.6466
    endloop
  endfacet
  facet normal 1 -0 0
    outer loop
      vertex 34 -13.447 13.3085
      vertex 34 -12.2 12.3834
      vertex 34 -13.3832 13.4747
    endloop
  endfacet
  facet normal 1 -0 0
    outer loop
      vertex 34 -13.5278 13.15
      vertex 34 -12.2 12.3834
      vertex 34 -13.447 13.3085
    endloop
  endfacet
  facet normal 1 -0 0
    outer loop
      vertex 34 -13.6247 13.0008
      vertex 34 -12.2 12.3834
      vertex 34 -13.5278 13.15
    endloop
  endfacet
  facet normal 1 -0 0
    outer loop
      vertex 34 -13.7367 12.8625
      vertex 34 -12.2 12.3834
      vertex 34 -13.6247 13.0008
    endloop
  endfacet
  facet normal 1 -0 0
    outer loop
      vertex 34 -13.8625 12.7367
      vertex 34 -12.2 12.3834
      vertex 34 -13.7367 12.8625
    endloop
  endfacet
  facet normal 1 -0 0
    outer loop
      vertex 34 -14.0008 12.6247
      vertex 34 -12.2 12.3834
      vertex 34 -13.8625 12.7367
    endloop
  endfacet
  facet normal 1 -0 0
    outer loop
      vertex 34 -14.15 12.5278
      vertex 34 -12.2 12.3834
      vertex 34 -14.0008 12.6247
    endloop
  endfacet
  facet normal 1 0 0
    outer loop
      vertex 34 -15 10.7668
      vertex 34 -14.15 12.5278
      vertex 34 -14.3085 12.447
    endloop
  endfacet
  facet normal 1 0 0
    outer loop
      vertex 34 -15 10.7668
      vertex 34 -14.3085 12.447
      vertex 34 -14.4747 12.3832
    endloop
  endfacet
  facet normal 1 0 0
    outer loop
      vertex 34 -15 10.7668
      vertex 34 -14.4747 12.3832
      vertex 34 -14.6466 12.3371
    endloop
  endfacet
  facet normal 1 0 0
    outer loop
      vertex 34 -15 10.7668
      vertex 34 -14.6466 12.3371
      vertex 34 -14.8223 12.3093
    endloop
  endfacet
  facet normal 1 0 0
    outer loop
      vertex 34 -15 10.7668
      vertex 34 -14.8223 12.3093
      vertex 34 -15 12.3
    endloop
  endfacet
  facet normal 1 0 0
    outer loop
      vertex 34 -14.15 12.5278
      vertex 34 -15 10.7668
      vertex 34 -12.2 12.3834
    endloop
  endfacet
  facet normal 1 0 0
    outer loop
      vertex 34 -15.1777 12.3093
      vertex 34 -15 10.7668
      vertex 34 -15 12.3
    endloop
  endfacet
  facet normal 1 0 0
    outer loop
      vertex 34 -15.3534 12.3371
      vertex 34 -15 10.7668
      vertex 34 -15.1777 12.3093
    endloop
  endfacet
  facet normal 1 0 0
    outer loop
      vertex 34 -15.5253 12.3832
      vertex 34 -15 10.7668
      vertex 34 -15.3534 12.3371
    endloop
  endfacet
  facet normal 1 0 0
    outer loop
      vertex 34 -15.6915 12.447
      vertex 34 -15 10.7668
      vertex 34 -15.5253 12.3832
    endloop
  endfacet
  facet normal 1 0 0
    outer loop
      vertex 34 -15.85 12.5278
      vertex 34 -15 10.7668
      vertex 34 -15.6915 12.447
    endloop
  endfacet
  facet normal 1 0 0
    outer loop
      vertex 34 -17.8 12.3834
      vertex 34 -15.85 12.5278
      vertex 34 -15.9992 12.6247
    endloop
  endfacet
  facet normal 1 0 0
    outer loop
      vertex 34 -17.8 12.3834
      vertex 34 -15.9992 12.6247
      vertex 34 -16.1375 12.7367
    endloop
  endfacet
  facet normal 1 0 0
    outer loop
      vertex 34 -17.8 12.3834
      vertex 34 -16.1375 12.7367
      vertex 34 -16.2633 12.8625
    endloop
  endfacet
  facet normal 1 0 0
    outer loop
      vertex 34 -17.8 12.3834
      vertex 34 -16.2633 12.8625
      vertex 34 -16.3753 13.0008
    endloop
  endfacet
  facet normal 1 0 0
    outer loop
      vertex 34 -17.8 12.3834
      vertex 34 -16.3753 13.0008
      vertex 34 -16.4722 13.15
    endloop
  endfacet
  facet normal 1 0 0
    outer loop
      vertex 34 -17.8 12.3834
      vertex 34 -16.7 14
      vertex 34 -17.8 15.6166
    endloop
  endfacet
  facet normal 1 0 0
    outer loop
      vertex 34 -16.7 14
      vertex 34 -17.8 12.3834
      vertex 34 -16.6907 13.8223
    endloop
  endfacet
  facet normal 1 0 0
    outer loop
      vertex 34 -16.6907 13.8223
      vertex 34 -17.8 12.3834
      vertex 34 -16.6628 13.6466
    endloop
  endfacet
  facet normal 1 0 0
    outer loop
      vertex 34 -16.6628 13.6466
      vertex 34 -17.8 12.3834
      vertex 34 -16.6168 13.4747
    endloop
  endfacet
  facet normal 1 0 0
    outer loop
      vertex 34 -16.6168 13.4747
      vertex 34 -17.8 12.3834
      vertex 34 -16.553 13.3085
    endloop
  endfacet
  facet normal 1 0 0
    outer loop
      vertex 34 -15.85 12.5278
      vertex 34 -17.8 12.3834
      vertex 34 -15 10.7668
    endloop
  endfacet
  facet normal 1 0 0
    outer loop
      vertex 34 -16.553 13.3085
      vertex 34 -17.8 12.3834
      vertex 34 -16.4722 13.15
    endloop
  endfacet
  facet normal 0 1 -0
    outer loop
      vertex 39 -17.8 12.3834
      vertex 34 -17.8 15.6166
      vertex 39 -17.8 15.6166
    endloop
  endfacet
  facet normal 0 1 0
    outer loop
      vertex 34 -17.8 15.6166
      vertex 39 -17.8 12.3834
      vertex 34 -17.8 12.3834
    endloop
  endfacet
  facet normal -0 0.500004 0.866023
    outer loop
      vertex 34 -15 10.7668
      vertex 39 -17.8 12.3834
      vertex 39 -15 10.7668
    endloop
  endfacet
  facet normal 0 0.500004 0.866023
    outer loop
      vertex 39 -17.8 12.3834
      vertex 34 -15 10.7668
      vertex 34 -17.8 12.3834
    endloop
  endfacet
  facet normal 0 -0.0522639 0.998633
    outer loop
      vertex 32 15.1777 12.3093
      vertex 34 15 12.3
      vertex 34 15.1777 12.3093
    endloop
  endfacet
  facet normal 0 -0.0522639 0.998633
    outer loop
      vertex 34 15 12.3
      vertex 32 15.1777 12.3093
      vertex 32 15 12.3
    endloop
  endfacet
  facet normal 0 -0.0522639 0.998633
    outer loop
      vertex -39 15.1777 12.3093
      vertex -32 15 12.3
      vertex -32 15.1777 12.3093
    endloop
  endfacet
  facet normal 0 -0.0522639 0.998633
    outer loop
      vertex -32 15 12.3
      vertex -39 15.1777 12.3093
      vertex -39 15 12.3
    endloop
  endfacet
  facet normal 0 -0.0522639 -0.998633
    outer loop
      vertex 32 15 15.7
      vertex 34 15.1777 15.6907
      vertex 34 15 15.7
    endloop
  endfacet
  facet normal -0 -0.0522639 -0.998633
    outer loop
      vertex 34 15.1777 15.6907
      vertex 32 15 15.7
      vertex 32 15.1777 15.6907
    endloop
  endfacet
  facet normal 0 -0.0522639 -0.998633
    outer loop
      vertex -39 15 15.7
      vertex -32 15.1777 15.6907
      vertex -32 15 15.7
    endloop
  endfacet
  facet normal -0 -0.0522639 -0.998633
    outer loop
      vertex -32 15.1777 15.6907
      vertex -39 15 15.7
      vertex -39 15.1777 15.6907
    endloop
  endfacet
  facet normal 0 -0.998633 -0.0522639
    outer loop
      vertex 32 16.7 14
      vertex 34 16.6907 14.1777
      vertex 32 16.6907 14.1777
    endloop
  endfacet
  facet normal 0 -0.998633 -0.0522639
    outer loop
      vertex 34 16.6907 14.1777
      vertex 32 16.7 14
      vertex 34 16.7 14
    endloop
  endfacet
  facet normal 0 -0.998633 -0.0522639
    outer loop
      vertex -39 16.7 14
      vertex -32 16.6907 14.1777
      vertex -39 16.6907 14.1777
    endloop
  endfacet
  facet normal 0 -0.998633 -0.0522639
    outer loop
      vertex -32 16.6907 14.1777
      vertex -39 16.7 14
      vertex -32 16.7 14
    endloop
  endfacet
  facet normal 0 0.998633 0.0522639
    outer loop
      vertex 34 13.3093 13.8223
      vertex 32 13.3 14
      vertex 34 13.3 14
    endloop
  endfacet
  facet normal 0 0.998633 0.0522639
    outer loop
      vertex 32 13.3 14
      vertex 34 13.3093 13.8223
      vertex 32 13.3093 13.8223
    endloop
  endfacet
  facet normal 0 0.998633 0.0522639
    outer loop
      vertex -32 13.3093 13.8223
      vertex -39 13.3 14
      vertex -32 13.3 14
    endloop
  endfacet
  facet normal 0 0.998633 0.0522639
    outer loop
      vertex -39 13.3 14
      vertex -32 13.3093 13.8223
      vertex -39 13.3093 13.8223
    endloop
  endfacet
  facet normal 0 -0.707107 0.707107
    outer loop
      vertex 32 16.1375 12.7367
      vertex 34 16.2633 12.8625
      vertex 32 16.2633 12.8625
    endloop
  endfacet
  facet normal 0 -0.707107 0.707107
    outer loop
      vertex 34 16.2633 12.8625
      vertex 32 16.1375 12.7367
      vertex 34 16.1375 12.7367
    endloop
  endfacet
  facet normal 0 -0.707107 0.707107
    outer loop
      vertex -39 16.1375 12.7367
      vertex -32 16.2633 12.8625
      vertex -39 16.2633 12.8625
    endloop
  endfacet
  facet normal 0 -0.707107 0.707107
    outer loop
      vertex -32 16.2633 12.8625
      vertex -39 16.1375 12.7367
      vertex -32 16.1375 12.7367
    endloop
  endfacet
  facet normal 0 -0.707107 -0.707107
    outer loop
      vertex 32 16.2633 15.1375
      vertex 34 16.1375 15.2633
      vertex 32 16.1375 15.2633
    endloop
  endfacet
  facet normal 0 -0.707107 -0.707107
    outer loop
      vertex 34 16.1375 15.2633
      vertex 32 16.2633 15.1375
      vertex 34 16.2633 15.1375
    endloop
  endfacet
  facet normal 0 -0.707107 -0.707107
    outer loop
      vertex -39 16.2633 15.1375
      vertex -32 16.1375 15.2633
      vertex -39 16.1375 15.2633
    endloop
  endfacet
  facet normal 0 -0.707107 -0.707107
    outer loop
      vertex -32 16.1375 15.2633
      vertex -39 16.2633 15.1375
      vertex -32 16.2633 15.1375
    endloop
  endfacet
  facet normal 0 -0.933577 -0.358377
    outer loop
      vertex 32 16.6168 14.5253
      vertex 34 16.553 14.6915
      vertex 32 16.553 14.6915
    endloop
  endfacet
  facet normal 0 -0.933577 -0.358377
    outer loop
      vertex 34 16.553 14.6915
      vertex 32 16.6168 14.5253
      vertex 34 16.6168 14.5253
    endloop
  endfacet
  facet normal 0 -0.933577 -0.358377
    outer loop
      vertex -39 16.6168 14.5253
      vertex -32 16.553 14.6915
      vertex -39 16.553 14.6915
    endloop
  endfacet
  facet normal 0 -0.933577 -0.358377
    outer loop
      vertex -32 16.553 14.6915
      vertex -39 16.6168 14.5253
      vertex -32 16.6168 14.5253
    endloop
  endfacet
  facet normal 0 -0.358377 0.933577
    outer loop
      vertex 32 15.6915 12.447
      vertex 34 15.5253 12.3832
      vertex 34 15.6915 12.447
    endloop
  endfacet
  facet normal 0 -0.358377 0.933577
    outer loop
      vertex 34 15.5253 12.3832
      vertex 32 15.6915 12.447
      vertex 32 15.5253 12.3832
    endloop
  endfacet
  facet normal 0 -0.358377 0.933577
    outer loop
      vertex -39 15.6915 12.447
      vertex -32 15.5253 12.3832
      vertex -32 15.6915 12.447
    endloop
  endfacet
  facet normal 0 -0.358377 0.933577
    outer loop
      vertex -32 15.5253 12.3832
      vertex -39 15.6915 12.447
      vertex -39 15.5253 12.3832
    endloop
  endfacet
  facet normal 0 -0.15628 0.987713
    outer loop
      vertex 32 15.3534 12.3371
      vertex 34 15.1777 12.3093
      vertex 34 15.3534 12.3371
    endloop
  endfacet
  facet normal 0 -0.15628 0.987713
    outer loop
      vertex 34 15.1777 12.3093
      vertex 32 15.3534 12.3371
      vertex 32 15.1777 12.3093
    endloop
  endfacet
  facet normal 0 -0.15628 0.987713
    outer loop
      vertex -39 15.3534 12.3371
      vertex -32 15.1777 12.3093
      vertex -32 15.3534 12.3371
    endloop
  endfacet
  facet normal 0 -0.15628 0.987713
    outer loop
      vertex -32 15.1777 12.3093
      vertex -39 15.3534 12.3371
      vertex -39 15.1777 12.3093
    endloop
  endfacet
  facet normal 0 -0.933577 0.358377
    outer loop
      vertex 32 16.553 13.3085
      vertex 34 16.6168 13.4747
      vertex 32 16.6168 13.4747
    endloop
  endfacet
  facet normal 0 -0.933577 0.358377
    outer loop
      vertex 34 16.6168 13.4747
      vertex 32 16.553 13.3085
      vertex 34 16.553 13.3085
    endloop
  endfacet
  facet normal 0 -0.933577 0.358377
    outer loop
      vertex -39 16.553 13.3085
      vertex -32 16.6168 13.4747
      vertex -39 16.6168 13.4747
    endloop
  endfacet
  facet normal 0 -0.933577 0.358377
    outer loop
      vertex -32 16.6168 13.4747
      vertex -39 16.553 13.3085
      vertex -32 16.553 13.3085
    endloop
  endfacet
  facet normal 0 -0.838649 0.544672
    outer loop
      vertex 32 16.3753 13.0008
      vertex 34 16.4722 13.15
      vertex 32 16.4722 13.15
    endloop
  endfacet
  facet normal 0 -0.838649 0.544672
    outer loop
      vertex 34 16.4722 13.15
      vertex 32 16.3753 13.0008
      vertex 34 16.3753 13.0008
    endloop
  endfacet
  facet normal 0 -0.838649 0.544672
    outer loop
      vertex -39 16.3753 13.0008
      vertex -32 16.4722 13.15
      vertex -39 16.4722 13.15
    endloop
  endfacet
  facet normal 0 -0.838649 0.544672
    outer loop
      vertex -32 16.4722 13.15
      vertex -39 16.3753 13.0008
      vertex -32 16.3753 13.0008
    endloop
  endfacet
  facet normal 0 -0.45417 -0.890915
    outer loop
      vertex 32 15.6915 15.553
      vertex 34 15.85 15.4722
      vertex 34 15.6915 15.553
    endloop
  endfacet
  facet normal -0 -0.45417 -0.890915
    outer loop
      vertex 34 15.85 15.4722
      vertex 32 15.6915 15.553
      vertex 32 15.85 15.4722
    endloop
  endfacet
  facet normal 0 -0.45417 -0.890915
    outer loop
      vertex -39 15.6915 15.553
      vertex -32 15.85 15.4722
      vertex -32 15.6915 15.553
    endloop
  endfacet
  facet normal -0 -0.45417 -0.890915
    outer loop
      vertex -32 15.85 15.4722
      vertex -39 15.6915 15.553
      vertex -39 15.85 15.4722
    endloop
  endfacet
  facet normal 0 -0.629344 -0.777127
    outer loop
      vertex 32 15.9992 15.3753
      vertex 34 16.1375 15.2633
      vertex 34 15.9992 15.3753
    endloop
  endfacet
  facet normal -0 -0.629344 -0.777127
    outer loop
      vertex 34 16.1375 15.2633
      vertex 32 15.9992 15.3753
      vertex 32 16.1375 15.2633
    endloop
  endfacet
  facet normal 0 -0.629344 -0.777127
    outer loop
      vertex -39 15.9992 15.3753
      vertex -32 16.1375 15.2633
      vertex -32 15.9992 15.3753
    endloop
  endfacet
  facet normal -0 -0.629344 -0.777127
    outer loop
      vertex -32 16.1375 15.2633
      vertex -39 15.9992 15.3753
      vertex -39 16.1375 15.2633
    endloop
  endfacet
  facet normal 0 -0.987626 -0.156828
    outer loop
      vertex 32 16.6907 14.1777
      vertex 34 16.6628 14.3534
      vertex 32 16.6628 14.3534
    endloop
  endfacet
  facet normal 0 -0.987626 -0.156828
    outer loop
      vertex 34 16.6628 14.3534
      vertex 32 16.6907 14.1777
      vertex 34 16.6907 14.1777
    endloop
  endfacet
  facet normal 0 -0.987626 -0.156828
    outer loop
      vertex -39 16.6907 14.1777
      vertex -32 16.6628 14.3534
      vertex -39 16.6628 14.3534
    endloop
  endfacet
  facet normal 0 -0.987626 -0.156828
    outer loop
      vertex -32 16.6628 14.3534
      vertex -39 16.6907 14.1777
      vertex -32 16.6907 14.1777
    endloop
  endfacet
  facet normal -0 0.15628 0.987713
    outer loop
      vertex 32 14.8223 12.3093
      vertex 34 14.6466 12.3371
      vertex 34 14.8223 12.3093
    endloop
  endfacet
  facet normal 0 0.15628 0.987713
    outer loop
      vertex 34 14.6466 12.3371
      vertex 32 14.8223 12.3093
      vertex 32 14.6466 12.3371
    endloop
  endfacet
  facet normal -0 0.15628 0.987713
    outer loop
      vertex -39 14.8223 12.3093
      vertex -32 14.6466 12.3371
      vertex -32 14.8223 12.3093
    endloop
  endfacet
  facet normal 0 0.15628 0.987713
    outer loop
      vertex -32 14.6466 12.3371
      vertex -39 14.8223 12.3093
      vertex -39 14.6466 12.3371
    endloop
  endfacet
  facet normal 0 0.987713 0.15628
    outer loop
      vertex 34 13.3371 13.6466
      vertex 32 13.3093 13.8223
      vertex 34 13.3093 13.8223
    endloop
  endfacet
  facet normal 0 0.987713 0.15628
    outer loop
      vertex 32 13.3093 13.8223
      vertex 34 13.3371 13.6466
      vertex 32 13.3371 13.6466
    endloop
  endfacet
  facet normal 0 0.987713 0.15628
    outer loop
      vertex -32 13.3371 13.6466
      vertex -39 13.3093 13.8223
      vertex -32 13.3093 13.8223
    endloop
  endfacet
  facet normal 0 0.987713 0.15628
    outer loop
      vertex -39 13.3093 13.8223
      vertex -32 13.3371 13.6466
      vertex -39 13.3371 13.6466
    endloop
  endfacet
  facet normal 0 -0.259026 0.96587
    outer loop
      vertex 32 15.5253 12.3832
      vertex 34 15.3534 12.3371
      vertex 34 15.5253 12.3832
    endloop
  endfacet
  facet normal 0 -0.259026 0.96587
    outer loop
      vertex 34 15.3534 12.3371
      vertex 32 15.5253 12.3832
      vertex 32 15.3534 12.3371
    endloop
  endfacet
  facet normal 0 -0.259026 0.96587
    outer loop
      vertex -39 15.5253 12.3832
      vertex -32 15.3534 12.3371
      vertex -32 15.5253 12.3832
    endloop
  endfacet
  facet normal 0 -0.259026 0.96587
    outer loop
      vertex -32 15.3534 12.3371
      vertex -39 15.5253 12.3832
      vertex -39 15.3534 12.3371
    endloop
  endfacet
  facet normal 0 -0.544672 0.838649
    outer loop
      vertex 32 15.9992 12.6247
      vertex 34 15.85 12.5278
      vertex 34 15.9992 12.6247
    endloop
  endfacet
  facet normal 0 -0.544672 0.838649
    outer loop
      vertex 34 15.85 12.5278
      vertex 32 15.9992 12.6247
      vertex 32 15.85 12.5278
    endloop
  endfacet
  facet normal 0 -0.544672 0.838649
    outer loop
      vertex -39 15.9992 12.6247
      vertex -32 15.85 12.5278
      vertex -32 15.9992 12.6247
    endloop
  endfacet
  facet normal 0 -0.544672 0.838649
    outer loop
      vertex -32 15.85 12.5278
      vertex -39 15.9992 12.6247
      vertex -39 15.85 12.5278
    endloop
  endfacet
  facet normal 0 -0.629344 0.777127
    outer loop
      vertex 32 16.1375 12.7367
      vertex 34 15.9992 12.6247
      vertex 34 16.1375 12.7367
    endloop
  endfacet
  facet normal 0 -0.629344 0.777127
    outer loop
      vertex 34 15.9992 12.6247
      vertex 32 16.1375 12.7367
      vertex 32 15.9992 12.6247
    endloop
  endfacet
  facet normal 0 -0.629344 0.777127
    outer loop
      vertex -39 16.1375 12.7367
      vertex -32 15.9992 12.6247
      vertex -32 16.1375 12.7367
    endloop
  endfacet
  facet normal 0 -0.629344 0.777127
    outer loop
      vertex -32 15.9992 12.6247
      vertex -39 16.1375 12.7367
      vertex -39 15.9992 12.6247
    endloop
  endfacet
  facet normal 0 -0.45417 0.890915
    outer loop
      vertex 32 15.85 12.5278
      vertex 34 15.6915 12.447
      vertex 34 15.85 12.5278
    endloop
  endfacet
  facet normal 0 -0.45417 0.890915
    outer loop
      vertex 34 15.6915 12.447
      vertex 32 15.85 12.5278
      vertex 32 15.6915 12.447
    endloop
  endfacet
  facet normal 0 -0.45417 0.890915
    outer loop
      vertex -39 15.85 12.5278
      vertex -32 15.6915 12.447
      vertex -32 15.85 12.5278
    endloop
  endfacet
  facet normal 0 -0.45417 0.890915
    outer loop
      vertex -32 15.6915 12.447
      vertex -39 15.85 12.5278
      vertex -39 15.6915 12.447
    endloop
  endfacet
  facet normal 0 -0.987626 0.156828
    outer loop
      vertex 32 16.6628 13.6466
      vertex 34 16.6907 13.8223
      vertex 32 16.6907 13.8223
    endloop
  endfacet
  facet normal 0 -0.987626 0.156828
    outer loop
      vertex 34 16.6907 13.8223
      vertex 32 16.6628 13.6466
      vertex 34 16.6628 13.6466
    endloop
  endfacet
  facet normal 0 -0.987626 0.156828
    outer loop
      vertex -39 16.6628 13.6466
      vertex -32 16.6907 13.8223
      vertex -39 16.6907 13.8223
    endloop
  endfacet
  facet normal 0 -0.987626 0.156828
    outer loop
      vertex -32 16.6907 13.8223
      vertex -39 16.6628 13.6466
      vertex -32 16.6628 13.6466
    endloop
  endfacet
  facet normal 0 -0.966011 0.258502
    outer loop
      vertex 32 16.6168 13.4747
      vertex 34 16.6628 13.6466
      vertex 32 16.6628 13.6466
    endloop
  endfacet
  facet normal 0 -0.966011 0.258502
    outer loop
      vertex 34 16.6628 13.6466
      vertex 32 16.6168 13.4747
      vertex 34 16.6168 13.4747
    endloop
  endfacet
  facet normal 0 -0.966011 0.258502
    outer loop
      vertex -39 16.6168 13.4747
      vertex -32 16.6628 13.6466
      vertex -39 16.6628 13.6466
    endloop
  endfacet
  facet normal 0 -0.966011 0.258502
    outer loop
      vertex -32 16.6628 13.6466
      vertex -39 16.6168 13.4747
      vertex -32 16.6168 13.4747
    endloop
  endfacet
  facet normal 0 -0.998633 0.0522639
    outer loop
      vertex 32 16.6907 13.8223
      vertex 34 16.7 14
      vertex 32 16.7 14
    endloop
  endfacet
  facet normal 0 -0.998633 0.0522639
    outer loop
      vertex 34 16.7 14
      vertex 32 16.6907 13.8223
      vertex 34 16.6907 13.8223
    endloop
  endfacet
  facet normal 0 -0.998633 0.0522639
    outer loop
      vertex -39 16.6907 13.8223
      vertex -32 16.7 14
      vertex -39 16.7 14
    endloop
  endfacet
  facet normal 0 -0.998633 0.0522639
    outer loop
      vertex -32 16.7 14
      vertex -39 16.6907 13.8223
      vertex -32 16.6907 13.8223
    endloop
  endfacet
  facet normal 0 -0.890915 0.45417
    outer loop
      vertex 32 16.4722 13.15
      vertex 34 16.553 13.3085
      vertex 32 16.553 13.3085
    endloop
  endfacet
  facet normal 0 -0.890915 0.45417
    outer loop
      vertex 34 16.553 13.3085
      vertex 32 16.4722 13.15
      vertex 34 16.4722 13.15
    endloop
  endfacet
  facet normal 0 -0.890915 0.45417
    outer loop
      vertex -39 16.4722 13.15
      vertex -32 16.553 13.3085
      vertex -39 16.553 13.3085
    endloop
  endfacet
  facet normal 0 -0.890915 0.45417
    outer loop
      vertex -32 16.553 13.3085
      vertex -39 16.4722 13.15
      vertex -32 16.4722 13.15
    endloop
  endfacet
  facet normal 0 -0.777127 0.629344
    outer loop
      vertex 32 16.2633 12.8625
      vertex 34 16.3753 13.0008
      vertex 32 16.3753 13.0008
    endloop
  endfacet
  facet normal 0 -0.777127 0.629344
    outer loop
      vertex 34 16.3753 13.0008
      vertex 32 16.2633 12.8625
      vertex 34 16.2633 12.8625
    endloop
  endfacet
  facet normal 0 -0.777127 0.629344
    outer loop
      vertex -39 16.2633 12.8625
      vertex -32 16.3753 13.0008
      vertex -39 16.3753 13.0008
    endloop
  endfacet
  facet normal 0 -0.777127 0.629344
    outer loop
      vertex -32 16.3753 13.0008
      vertex -39 16.2633 12.8625
      vertex -32 16.2633 12.8625
    endloop
  endfacet
  facet normal 0 -0.259026 -0.96587
    outer loop
      vertex 32 15.3534 15.6629
      vertex 34 15.5253 15.6168
      vertex 34 15.3534 15.6629
    endloop
  endfacet
  facet normal -0 -0.259026 -0.96587
    outer loop
      vertex 34 15.5253 15.6168
      vertex 32 15.3534 15.6629
      vertex 32 15.5253 15.6168
    endloop
  endfacet
  facet normal 0 -0.259026 -0.96587
    outer loop
      vertex -39 15.3534 15.6629
      vertex -32 15.5253 15.6168
      vertex -32 15.3534 15.6629
    endloop
  endfacet
  facet normal -0 -0.259026 -0.96587
    outer loop
      vertex -32 15.5253 15.6168
      vertex -39 15.3534 15.6629
      vertex -39 15.5253 15.6168
    endloop
  endfacet
  facet normal 0 -0.544672 -0.838649
    outer loop
      vertex 32 15.85 15.4722
      vertex 34 15.9992 15.3753
      vertex 34 15.85 15.4722
    endloop
  endfacet
  facet normal -0 -0.544672 -0.838649
    outer loop
      vertex 34 15.9992 15.3753
      vertex 32 15.85 15.4722
      vertex 32 15.9992 15.3753
    endloop
  endfacet
  facet normal 0 -0.544672 -0.838649
    outer loop
      vertex -39 15.85 15.4722
      vertex -32 15.9992 15.3753
      vertex -32 15.85 15.4722
    endloop
  endfacet
  facet normal -0 -0.544672 -0.838649
    outer loop
      vertex -32 15.9992 15.3753
      vertex -39 15.85 15.4722
      vertex -39 15.9992 15.3753
    endloop
  endfacet
  facet normal 0 -0.358377 -0.933577
    outer loop
      vertex 32 15.5253 15.6168
      vertex 34 15.6915 15.553
      vertex 34 15.5253 15.6168
    endloop
  endfacet
  facet normal -0 -0.358377 -0.933577
    outer loop
      vertex 34 15.6915 15.553
      vertex 32 15.5253 15.6168
      vertex 32 15.6915 15.553
    endloop
  endfacet
  facet normal 0 -0.358377 -0.933577
    outer loop
      vertex -39 15.5253 15.6168
      vertex -32 15.6915 15.553
      vertex -32 15.5253 15.6168
    endloop
  endfacet
  facet normal -0 -0.358377 -0.933577
    outer loop
      vertex -32 15.6915 15.553
      vertex -39 15.5253 15.6168
      vertex -39 15.6915 15.553
    endloop
  endfacet
  facet normal 0 -0.15628 -0.987713
    outer loop
      vertex 32 15.1777 15.6907
      vertex 34 15.3534 15.6629
      vertex 34 15.1777 15.6907
    endloop
  endfacet
  facet normal -0 -0.15628 -0.987713
    outer loop
      vertex 34 15.3534 15.6629
      vertex 32 15.1777 15.6907
      vertex 32 15.3534 15.6629
    endloop
  endfacet
  facet normal 0 -0.15628 -0.987713
    outer loop
      vertex -39 15.1777 15.6907
      vertex -32 15.3534 15.6629
      vertex -32 15.1777 15.6907
    endloop
  endfacet
  facet normal -0 -0.15628 -0.987713
    outer loop
      vertex -32 15.3534 15.6629
      vertex -39 15.1777 15.6907
      vertex -39 15.3534 15.6629
    endloop
  endfacet
  facet normal 0 -0.838649 -0.544672
    outer loop
      vertex 32 16.4722 14.85
      vertex 34 16.3753 14.9992
      vertex 32 16.3753 14.9992
    endloop
  endfacet
  facet normal 0 -0.838649 -0.544672
    outer loop
      vertex 34 16.3753 14.9992
      vertex 32 16.4722 14.85
      vertex 34 16.4722 14.85
    endloop
  endfacet
  facet normal 0 -0.838649 -0.544672
    outer loop
      vertex -39 16.4722 14.85
      vertex -32 16.3753 14.9992
      vertex -39 16.3753 14.9992
    endloop
  endfacet
  facet normal 0 -0.838649 -0.544672
    outer loop
      vertex -32 16.3753 14.9992
      vertex -39 16.4722 14.85
      vertex -32 16.4722 14.85
    endloop
  endfacet
  facet normal 0 -0.890915 -0.45417
    outer loop
      vertex 32 16.553 14.6915
      vertex 34 16.4722 14.85
      vertex 32 16.4722 14.85
    endloop
  endfacet
  facet normal 0 -0.890915 -0.45417
    outer loop
      vertex 34 16.4722 14.85
      vertex 32 16.553 14.6915
      vertex 34 16.553 14.6915
    endloop
  endfacet
  facet normal 0 -0.890915 -0.45417
    outer loop
      vertex -39 16.553 14.6915
      vertex -32 16.4722 14.85
      vertex -39 16.4722 14.85
    endloop
  endfacet
  facet normal 0 -0.890915 -0.45417
    outer loop
      vertex -32 16.4722 14.85
      vertex -39 16.553 14.6915
      vertex -32 16.553 14.6915
    endloop
  endfacet
  facet normal 0 -0.777127 -0.629344
    outer loop
      vertex 32 16.3753 14.9992
      vertex 34 16.2633 15.1375
      vertex 32 16.2633 15.1375
    endloop
  endfacet
  facet normal 0 -0.777127 -0.629344
    outer loop
      vertex 34 16.2633 15.1375
      vertex 32 16.3753 14.9992
      vertex 34 16.3753 14.9992
    endloop
  endfacet
  facet normal 0 -0.777127 -0.629344
    outer loop
      vertex -39 16.3753 14.9992
      vertex -32 16.2633 15.1375
      vertex -39 16.2633 15.1375
    endloop
  endfacet
  facet normal 0 -0.777127 -0.629344
    outer loop
      vertex -32 16.2633 15.1375
      vertex -39 16.3753 14.9992
      vertex -32 16.3753 14.9992
    endloop
  endfacet
  facet normal 0 -0.966011 -0.258502
    outer loop
      vertex 32 16.6628 14.3534
      vertex 34 16.6168 14.5253
      vertex 32 16.6168 14.5253
    endloop
  endfacet
  facet normal 0 -0.966011 -0.258502
    outer loop
      vertex 34 16.6168 14.5253
      vertex 32 16.6628 14.3534
      vertex 34 16.6628 14.3534
    endloop
  endfacet
  facet normal 0 -0.966011 -0.258502
    outer loop
      vertex -39 16.6628 14.3534
      vertex -32 16.6168 14.5253
      vertex -39 16.6168 14.5253
    endloop
  endfacet
  facet normal 0 -0.966011 -0.258502
    outer loop
      vertex -32 16.6168 14.5253
      vertex -39 16.6628 14.3534
      vertex -32 16.6628 14.3534
    endloop
  endfacet
  facet normal -0 0.0522639 0.998633
    outer loop
      vertex 32 15 12.3
      vertex 34 14.8223 12.3093
      vertex 34 15 12.3
    endloop
  endfacet
  facet normal 0 0.0522639 0.998633
    outer loop
      vertex 34 14.8223 12.3093
      vertex 32 15 12.3
      vertex 32 14.8223 12.3093
    endloop
  endfacet
  facet normal -0 0.0522639 0.998633
    outer loop
      vertex -39 15 12.3
      vertex -32 14.8223 12.3093
      vertex -32 15 12.3
    endloop
  endfacet
  facet normal 0 0.0522639 0.998633
    outer loop
      vertex -32 14.8223 12.3093
      vertex -39 15 12.3
      vertex -39 14.8223 12.3093
    endloop
  endfacet
  facet normal 0 0.707107 0.707107
    outer loop
      vertex 34 13.8625 12.7367
      vertex 32 13.7367 12.8625
      vertex 34 13.7367 12.8625
    endloop
  endfacet
  facet normal 0 0.707107 0.707107
    outer loop
      vertex 32 13.7367 12.8625
      vertex 34 13.8625 12.7367
      vertex 32 13.8625 12.7367
    endloop
  endfacet
  facet normal 0 0.707107 0.707107
    outer loop
      vertex -32 13.8625 12.7367
      vertex -39 13.7367 12.8625
      vertex -32 13.7367 12.8625
    endloop
  endfacet
  facet normal 0 0.707107 0.707107
    outer loop
      vertex -39 13.7367 12.8625
      vertex -32 13.8625 12.7367
      vertex -39 13.8625 12.7367
    endloop
  endfacet
  facet normal -0 0.259026 0.96587
    outer loop
      vertex 32 14.6466 12.3371
      vertex 34 14.4747 12.3832
      vertex 34 14.6466 12.3371
    endloop
  endfacet
  facet normal 0 0.259026 0.96587
    outer loop
      vertex 34 14.4747 12.3832
      vertex 32 14.6466 12.3371
      vertex 32 14.4747 12.3832
    endloop
  endfacet
  facet normal -0 0.259026 0.96587
    outer loop
      vertex -39 14.6466 12.3371
      vertex -32 14.4747 12.3832
      vertex -32 14.6466 12.3371
    endloop
  endfacet
  facet normal 0 0.259026 0.96587
    outer loop
      vertex -32 14.4747 12.3832
      vertex -39 14.6466 12.3371
      vertex -39 14.4747 12.3832
    endloop
  endfacet
  facet normal 0 0.777127 0.629344
    outer loop
      vertex 34 13.7367 12.8625
      vertex 32 13.6247 13.0008
      vertex 34 13.6247 13.0008
    endloop
  endfacet
  facet normal 0 0.777127 0.629344
    outer loop
      vertex 32 13.6247 13.0008
      vertex 34 13.7367 12.8625
      vertex 32 13.7367 12.8625
    endloop
  endfacet
  facet normal 0 0.777127 0.629344
    outer loop
      vertex -32 13.7367 12.8625
      vertex -39 13.6247 13.0008
      vertex -32 13.6247 13.0008
    endloop
  endfacet
  facet normal 0 0.777127 0.629344
    outer loop
      vertex -39 13.6247 13.0008
      vertex -32 13.7367 12.8625
      vertex -39 13.7367 12.8625
    endloop
  endfacet
  facet normal -0 0.45417 0.890915
    outer loop
      vertex 32 14.3085 12.447
      vertex 34 14.15 12.5278
      vertex 34 14.3085 12.447
    endloop
  endfacet
  facet normal 0 0.45417 0.890915
    outer loop
      vertex 34 14.15 12.5278
      vertex 32 14.3085 12.447
      vertex 32 14.15 12.5278
    endloop
  endfacet
  facet normal -0 0.45417 0.890915
    outer loop
      vertex -39 14.3085 12.447
      vertex -32 14.15 12.5278
      vertex -32 14.3085 12.447
    endloop
  endfacet
  facet normal 0 0.45417 0.890915
    outer loop
      vertex -32 14.15 12.5278
      vertex -39 14.3085 12.447
      vertex -39 14.15 12.5278
    endloop
  endfacet
  facet normal -0 0.629344 0.777127
    outer loop
      vertex 32 14.0008 12.6247
      vertex 34 13.8625 12.7367
      vertex 34 14.0008 12.6247
    endloop
  endfacet
  facet normal 0 0.629344 0.777127
    outer loop
      vertex 34 13.8625 12.7367
      vertex 32 14.0008 12.6247
      vertex 32 13.8625 12.7367
    endloop
  endfacet
  facet normal -0 0.629344 0.777127
    outer loop
      vertex -39 14.0008 12.6247
      vertex -32 13.8625 12.7367
      vertex -32 14.0008 12.6247
    endloop
  endfacet
  facet normal 0 0.629344 0.777127
    outer loop
      vertex -32 13.8625 12.7367
      vertex -39 14.0008 12.6247
      vertex -39 13.8625 12.7367
    endloop
  endfacet
  facet normal 0 0.259026 -0.96587
    outer loop
      vertex 32 14.4747 15.6168
      vertex 34 14.6466 15.6629
      vertex 34 14.4747 15.6168
    endloop
  endfacet
  facet normal 0 0.259026 -0.96587
    outer loop
      vertex 34 14.6466 15.6629
      vertex 32 14.4747 15.6168
      vertex 32 14.6466 15.6629
    endloop
  endfacet
  facet normal 0 0.259026 -0.96587
    outer loop
      vertex -39 14.4747 15.6168
      vertex -32 14.6466 15.6629
      vertex -32 14.4747 15.6168
    endloop
  endfacet
  facet normal 0 0.259026 -0.96587
    outer loop
      vertex -32 14.6466 15.6629
      vertex -39 14.4747 15.6168
      vertex -39 14.6466 15.6629
    endloop
  endfacet
  facet normal 0 0.933577 0.358377
    outer loop
      vertex 34 13.447 13.3085
      vertex 32 13.3832 13.4747
      vertex 34 13.3832 13.4747
    endloop
  endfacet
  facet normal 0 0.933577 0.358377
    outer loop
      vertex 32 13.3832 13.4747
      vertex 34 13.447 13.3085
      vertex 32 13.447 13.3085
    endloop
  endfacet
  facet normal 0 0.933577 0.358377
    outer loop
      vertex -32 13.447 13.3085
      vertex -39 13.3832 13.4747
      vertex -32 13.3832 13.4747
    endloop
  endfacet
  facet normal 0 0.933577 0.358377
    outer loop
      vertex -39 13.3832 13.4747
      vertex -32 13.447 13.3085
      vertex -39 13.447 13.3085
    endloop
  endfacet
  facet normal 0 0.96587 0.259026
    outer loop
      vertex 34 13.3832 13.4747
      vertex 32 13.3371 13.6466
      vertex 34 13.3371 13.6466
    endloop
  endfacet
  facet normal 0 0.96587 0.259026
    outer loop
      vertex 32 13.3371 13.6466
      vertex 34 13.3832 13.4747
      vertex 32 13.3832 13.4747
    endloop
  endfacet
  facet normal 0 0.96587 0.259026
    outer loop
      vertex -32 13.3832 13.4747
      vertex -39 13.3371 13.6466
      vertex -32 13.3371 13.6466
    endloop
  endfacet
  facet normal 0 0.96587 0.259026
    outer loop
      vertex -39 13.3371 13.6466
      vertex -32 13.3832 13.4747
      vertex -39 13.3832 13.4747
    endloop
  endfacet
  facet normal 0 0.890915 0.45417
    outer loop
      vertex 34 13.5278 13.15
      vertex 32 13.447 13.3085
      vertex 34 13.447 13.3085
    endloop
  endfacet
  facet normal 0 0.890915 0.45417
    outer loop
      vertex 32 13.447 13.3085
      vertex 34 13.5278 13.15
      vertex 32 13.5278 13.15
    endloop
  endfacet
  facet normal 0 0.890915 0.45417
    outer loop
      vertex -32 13.5278 13.15
      vertex -39 13.447 13.3085
      vertex -32 13.447 13.3085
    endloop
  endfacet
  facet normal 0 0.890915 0.45417
    outer loop
      vertex -39 13.447 13.3085
      vertex -32 13.5278 13.15
      vertex -39 13.5278 13.15
    endloop
  endfacet
  facet normal 0 0.838649 0.544672
    outer loop
      vertex 34 13.6247 13.0008
      vertex 32 13.5278 13.15
      vertex 34 13.5278 13.15
    endloop
  endfacet
  facet normal 0 0.838649 0.544672
    outer loop
      vertex 32 13.5278 13.15
      vertex 34 13.6247 13.0008
      vertex 32 13.6247 13.0008
    endloop
  endfacet
  facet normal 0 0.838649 0.544672
    outer loop
      vertex -32 13.6247 13.0008
      vertex -39 13.5278 13.15
      vertex -32 13.5278 13.15
    endloop
  endfacet
  facet normal 0 0.838649 0.544672
    outer loop
      vertex -39 13.5278 13.15
      vertex -32 13.6247 13.0008
      vertex -39 13.6247 13.0008
    endloop
  endfacet
  facet normal -0 0.358377 0.933577
    outer loop
      vertex 32 14.4747 12.3832
      vertex 34 14.3085 12.447
      vertex 34 14.4747 12.3832
    endloop
  endfacet
  facet normal 0 0.358377 0.933577
    outer loop
      vertex 34 14.3085 12.447
      vertex 32 14.4747 12.3832
      vertex 32 14.3085 12.447
    endloop
  endfacet
  facet normal -0 0.358377 0.933577
    outer loop
      vertex -39 14.4747 12.3832
      vertex -32 14.3085 12.447
      vertex -32 14.4747 12.3832
    endloop
  endfacet
  facet normal 0 0.358377 0.933577
    outer loop
      vertex -32 14.3085 12.447
      vertex -39 14.4747 12.3832
      vertex -39 14.3085 12.447
    endloop
  endfacet
  facet normal -0 0.544672 0.838649
    outer loop
      vertex 32 14.15 12.5278
      vertex 34 14.0008 12.6247
      vertex 34 14.15 12.5278
    endloop
  endfacet
  facet normal 0 0.544672 0.838649
    outer loop
      vertex 34 14.0008 12.6247
      vertex 32 14.15 12.5278
      vertex 32 14.0008 12.6247
    endloop
  endfacet
  facet normal -0 0.544672 0.838649
    outer loop
      vertex -39 14.15 12.5278
      vertex -32 14.0008 12.6247
      vertex -32 14.15 12.5278
    endloop
  endfacet
  facet normal 0 0.544672 0.838649
    outer loop
      vertex -32 14.0008 12.6247
      vertex -39 14.15 12.5278
      vertex -39 14.0008 12.6247
    endloop
  endfacet
  facet normal 0 0.998633 -0.0522639
    outer loop
      vertex 34 13.3 14
      vertex 32 13.3093 14.1777
      vertex 34 13.3093 14.1777
    endloop
  endfacet
  facet normal 0 0.998633 -0.0522639
    outer loop
      vertex 32 13.3093 14.1777
      vertex 34 13.3 14
      vertex 32 13.3 14
    endloop
  endfacet
  facet normal 0 0.998633 -0.0522639
    outer loop
      vertex -32 13.3 14
      vertex -39 13.3093 14.1777
      vertex -32 13.3093 14.1777
    endloop
  endfacet
  facet normal 0 0.998633 -0.0522639
    outer loop
      vertex -39 13.3093 14.1777
      vertex -32 13.3 14
      vertex -39 13.3 14
    endloop
  endfacet
  facet normal 0 0.45417 -0.890915
    outer loop
      vertex 32 14.15 15.4722
      vertex 34 14.3085 15.553
      vertex 34 14.15 15.4722
    endloop
  endfacet
  facet normal 0 0.45417 -0.890915
    outer loop
      vertex 34 14.3085 15.553
      vertex 32 14.15 15.4722
      vertex 32 14.3085 15.553
    endloop
  endfacet
  facet normal 0 0.45417 -0.890915
    outer loop
      vertex -39 14.15 15.4722
      vertex -32 14.3085 15.553
      vertex -32 14.15 15.4722
    endloop
  endfacet
  facet normal 0 0.45417 -0.890915
    outer loop
      vertex -32 14.3085 15.553
      vertex -39 14.15 15.4722
      vertex -39 14.3085 15.553
    endloop
  endfacet
  facet normal 0 0.707107 -0.707107
    outer loop
      vertex 34 13.7367 15.1375
      vertex 32 13.8625 15.2633
      vertex 34 13.8625 15.2633
    endloop
  endfacet
  facet normal 0 0.707107 -0.707107
    outer loop
      vertex 32 13.8625 15.2633
      vertex 34 13.7367 15.1375
      vertex 32 13.7367 15.1375
    endloop
  endfacet
  facet normal 0 0.707107 -0.707107
    outer loop
      vertex -32 13.7367 15.1375
      vertex -39 13.8625 15.2633
      vertex -32 13.8625 15.2633
    endloop
  endfacet
  facet normal 0 0.707107 -0.707107
    outer loop
      vertex -39 13.8625 15.2633
      vertex -32 13.7367 15.1375
      vertex -39 13.7367 15.1375
    endloop
  endfacet
  facet normal 0 0.629344 -0.777127
    outer loop
      vertex 32 13.8625 15.2633
      vertex 34 14.0008 15.3753
      vertex 34 13.8625 15.2633
    endloop
  endfacet
  facet normal 0 0.629344 -0.777127
    outer loop
      vertex 34 14.0008 15.3753
      vertex 32 13.8625 15.2633
      vertex 32 14.0008 15.3753
    endloop
  endfacet
  facet normal 0 0.629344 -0.777127
    outer loop
      vertex -39 13.8625 15.2633
      vertex -32 14.0008 15.3753
      vertex -32 13.8625 15.2633
    endloop
  endfacet
  facet normal 0 0.629344 -0.777127
    outer loop
      vertex -32 14.0008 15.3753
      vertex -39 13.8625 15.2633
      vertex -39 14.0008 15.3753
    endloop
  endfacet
  facet normal 0 0.358377 -0.933577
    outer loop
      vertex 32 14.3085 15.553
      vertex 34 14.4747 15.6168
      vertex 34 14.3085 15.553
    endloop
  endfacet
  facet normal 0 0.358377 -0.933577
    outer loop
      vertex 34 14.4747 15.6168
      vertex 32 14.3085 15.553
      vertex 32 14.4747 15.6168
    endloop
  endfacet
  facet normal 0 0.358377 -0.933577
    outer loop
      vertex -39 14.3085 15.553
      vertex -32 14.4747 15.6168
      vertex -32 14.3085 15.553
    endloop
  endfacet
  facet normal 0 0.358377 -0.933577
    outer loop
      vertex -32 14.4747 15.6168
      vertex -39 14.3085 15.553
      vertex -39 14.4747 15.6168
    endloop
  endfacet
  facet normal 0 0.15628 -0.987713
    outer loop
      vertex 32 14.6466 15.6629
      vertex 34 14.8223 15.6907
      vertex 34 14.6466 15.6629
    endloop
  endfacet
  facet normal 0 0.15628 -0.987713
    outer loop
      vertex 34 14.8223 15.6907
      vertex 32 14.6466 15.6629
      vertex 32 14.8223 15.6907
    endloop
  endfacet
  facet normal 0 0.15628 -0.987713
    outer loop
      vertex -39 14.6466 15.6629
      vertex -32 14.8223 15.6907
      vertex -32 14.6466 15.6629
    endloop
  endfacet
  facet normal 0 0.15628 -0.987713
    outer loop
      vertex -32 14.8223 15.6907
      vertex -39 14.6466 15.6629
      vertex -39 14.8223 15.6907
    endloop
  endfacet
  facet normal 0 0.0522639 -0.998633
    outer loop
      vertex 32 14.8223 15.6907
      vertex 34 15 15.7
      vertex 34 14.8223 15.6907
    endloop
  endfacet
  facet normal 0 0.0522639 -0.998633
    outer loop
      vertex 34 15 15.7
      vertex 32 14.8223 15.6907
      vertex 32 15 15.7
    endloop
  endfacet
  facet normal 0 0.0522639 -0.998633
    outer loop
      vertex -39 14.8223 15.6907
      vertex -32 15 15.7
      vertex -32 14.8223 15.6907
    endloop
  endfacet
  facet normal 0 0.0522639 -0.998633
    outer loop
      vertex -32 15 15.7
      vertex -39 14.8223 15.6907
      vertex -39 15 15.7
    endloop
  endfacet
  facet normal 0 0.777127 -0.629344
    outer loop
      vertex 34 13.6247 14.9992
      vertex 32 13.7367 15.1375
      vertex 34 13.7367 15.1375
    endloop
  endfacet
  facet normal 0 0.777127 -0.629344
    outer loop
      vertex 32 13.7367 15.1375
      vertex 34 13.6247 14.9992
      vertex 32 13.6247 14.9992
    endloop
  endfacet
  facet normal 0 0.777127 -0.629344
    outer loop
      vertex -32 13.6247 14.9992
      vertex -39 13.7367 15.1375
      vertex -32 13.7367 15.1375
    endloop
  endfacet
  facet normal 0 0.777127 -0.629344
    outer loop
      vertex -39 13.7367 15.1375
      vertex -32 13.6247 14.9992
      vertex -39 13.6247 14.9992
    endloop
  endfacet
  facet normal 0 0.838649 -0.544672
    outer loop
      vertex 34 13.5278 14.85
      vertex 32 13.6247 14.9992
      vertex 34 13.6247 14.9992
    endloop
  endfacet
  facet normal 0 0.838649 -0.544672
    outer loop
      vertex 32 13.6247 14.9992
      vertex 34 13.5278 14.85
      vertex 32 13.5278 14.85
    endloop
  endfacet
  facet normal 0 0.838649 -0.544672
    outer loop
      vertex -32 13.5278 14.85
      vertex -39 13.6247 14.9992
      vertex -32 13.6247 14.9992
    endloop
  endfacet
  facet normal 0 0.838649 -0.544672
    outer loop
      vertex -39 13.6247 14.9992
      vertex -32 13.5278 14.85
      vertex -39 13.5278 14.85
    endloop
  endfacet
  facet normal 0 0.933577 -0.358377
    outer loop
      vertex 34 13.3832 14.5253
      vertex 32 13.447 14.6915
      vertex 34 13.447 14.6915
    endloop
  endfacet
  facet normal 0 0.933577 -0.358377
    outer loop
      vertex 32 13.447 14.6915
      vertex 34 13.3832 14.5253
      vertex 32 13.3832 14.5253
    endloop
  endfacet
  facet normal 0 0.933577 -0.358377
    outer loop
      vertex -32 13.3832 14.5253
      vertex -39 13.447 14.6915
      vertex -32 13.447 14.6915
    endloop
  endfacet
  facet normal 0 0.933577 -0.358377
    outer loop
      vertex -39 13.447 14.6915
      vertex -32 13.3832 14.5253
      vertex -39 13.3832 14.5253
    endloop
  endfacet
  facet normal 0 0.890915 -0.45417
    outer loop
      vertex 34 13.447 14.6915
      vertex 32 13.5278 14.85
      vertex 34 13.5278 14.85
    endloop
  endfacet
  facet normal 0 0.890915 -0.45417
    outer loop
      vertex 32 13.5278 14.85
      vertex 34 13.447 14.6915
      vertex 32 13.447 14.6915
    endloop
  endfacet
  facet normal 0 0.890915 -0.45417
    outer loop
      vertex -32 13.447 14.6915
      vertex -39 13.5278 14.85
      vertex -32 13.5278 14.85
    endloop
  endfacet
  facet normal 0 0.890915 -0.45417
    outer loop
      vertex -39 13.5278 14.85
      vertex -32 13.447 14.6915
      vertex -39 13.447 14.6915
    endloop
  endfacet
  facet normal 0 0.96587 -0.259026
    outer loop
      vertex 34 13.3371 14.3534
      vertex 32 13.3832 14.5253
      vertex 34 13.3832 14.5253
    endloop
  endfacet
  facet normal 0 0.96587 -0.259026
    outer loop
      vertex 32 13.3832 14.5253
      vertex 34 13.3371 14.3534
      vertex 32 13.3371 14.3534
    endloop
  endfacet
  facet normal 0 0.96587 -0.259026
    outer loop
      vertex -32 13.3371 14.3534
      vertex -39 13.3832 14.5253
      vertex -32 13.3832 14.5253
    endloop
  endfacet
  facet normal 0 0.96587 -0.259026
    outer loop
      vertex -39 13.3832 14.5253
      vertex -32 13.3371 14.3534
      vertex -39 13.3371 14.3534
    endloop
  endfacet
  facet normal 0 0.987713 -0.15628
    outer loop
      vertex 34 13.3093 14.1777
      vertex 32 13.3371 14.3534
      vertex 34 13.3371 14.3534
    endloop
  endfacet
  facet normal 0 0.987713 -0.15628
    outer loop
      vertex 32 13.3371 14.3534
      vertex 34 13.3093 14.1777
      vertex 32 13.3093 14.1777
    endloop
  endfacet
  facet normal 0 0.987713 -0.15628
    outer loop
      vertex -32 13.3093 14.1777
      vertex -39 13.3371 14.3534
      vertex -32 13.3371 14.3534
    endloop
  endfacet
  facet normal 0 0.987713 -0.15628
    outer loop
      vertex -39 13.3371 14.3534
      vertex -32 13.3093 14.1777
      vertex -39 13.3093 14.1777
    endloop
  endfacet
  facet normal 0 0.544672 -0.838649
    outer loop
      vertex 32 14.0008 15.3753
      vertex 34 14.15 15.4722
      vertex 34 14.0008 15.3753
    endloop
  endfacet
  facet normal 0 0.544672 -0.838649
    outer loop
      vertex 34 14.15 15.4722
      vertex 32 14.0008 15.3753
      vertex 32 14.15 15.4722
    endloop
  endfacet
  facet normal 0 0.544672 -0.838649
    outer loop
      vertex -39 14.0008 15.3753
      vertex -32 14.15 15.4722
      vertex -32 14.0008 15.3753
    endloop
  endfacet
  facet normal 0 0.544672 -0.838649
    outer loop
      vertex -32 14.15 15.4722
      vertex -39 14.0008 15.3753
      vertex -39 14.15 15.4722
    endloop
  endfacet
  facet normal 0 -0.500004 0.866023
    outer loop
      vertex 34 17.8 12.3834
      vertex 39 15 10.7668
      vertex 39 17.8 12.3834
    endloop
  endfacet
  facet normal 0 -0.500004 0.866023
    outer loop
      vertex 39 15 10.7668
      vertex 34 17.8 12.3834
      vertex 34 15 10.7668
    endloop
  endfacet
  facet normal 0 -0.500004 -0.866023
    outer loop
      vertex 34 15 17.2332
      vertex 39 17.8 15.6166
      vertex 39 15 17.2332
    endloop
  endfacet
  facet normal -0 -0.500004 -0.866023
    outer loop
      vertex 39 17.8 15.6166
      vertex 34 15 17.2332
      vertex 34 17.8 15.6166
    endloop
  endfacet
  facet normal 0 -1 0
    outer loop
      vertex 34 17.8 12.3834
      vertex 39 17.8 15.6166
      vertex 34 17.8 15.6166
    endloop
  endfacet
  facet normal 0 -1 -0
    outer loop
      vertex 39 17.8 15.6166
      vertex 34 17.8 12.3834
      vertex 39 17.8 12.3834
    endloop
  endfacet
  facet normal 0 0.500004 -0.866023
    outer loop
      vertex 34 12.2 15.6166
      vertex 39 15 17.2332
      vertex 39 12.2 15.6166
    endloop
  endfacet
  facet normal 0 0.500004 -0.866023
    outer loop
      vertex 39 15 17.2332
      vertex 34 12.2 15.6166
      vertex 34 15 17.2332
    endloop
  endfacet
  facet normal 1 0 0
    outer loop
      vertex 34 17.8 15.6166
      vertex 34 16.7 14
      vertex 34 17.8 12.3834
    endloop
  endfacet
  facet normal 1 0 0
    outer loop
      vertex 34 17.8 15.6166
      vertex 34 16.6907 14.1777
      vertex 34 16.7 14
    endloop
  endfacet
  facet normal 1 0 0
    outer loop
      vertex 34 17.8 15.6166
      vertex 34 16.6628 14.3534
      vertex 34 16.6907 14.1777
    endloop
  endfacet
  facet normal 1 0 0
    outer loop
      vertex 34 17.8 15.6166
      vertex 34 16.6168 14.5253
      vertex 34 16.6628 14.3534
    endloop
  endfacet
  facet normal 1 0 0
    outer loop
      vertex 34 17.8 15.6166
      vertex 34 16.553 14.6915
      vertex 34 16.6168 14.5253
    endloop
  endfacet
  facet normal 1 0 0
    outer loop
      vertex 34 17.8 15.6166
      vertex 34 16.4722 14.85
      vertex 34 16.553 14.6915
    endloop
  endfacet
  facet normal 1 0 0
    outer loop
      vertex 34 17.8 15.6166
      vertex 34 16.3753 14.9992
      vertex 34 16.4722 14.85
    endloop
  endfacet
  facet normal 1 0 0
    outer loop
      vertex 34 17.8 15.6166
      vertex 34 16.2633 15.1375
      vertex 34 16.3753 14.9992
    endloop
  endfacet
  facet normal 1 0 0
    outer loop
      vertex 34 17.8 15.6166
      vertex 34 16.1375 15.2633
      vertex 34 16.2633 15.1375
    endloop
  endfacet
  facet normal 1 0 0
    outer loop
      vertex 34 17.8 15.6166
      vertex 34 15.9992 15.3753
      vertex 34 16.1375 15.2633
    endloop
  endfacet
  facet normal 1 0 0
    outer loop
      vertex 34 17.8 15.6166
      vertex 34 15.85 15.4722
      vertex 34 15.9992 15.3753
    endloop
  endfacet
  facet normal 1 0 0
    outer loop
      vertex 34 15 17.2332
      vertex 34 15.85 15.4722
      vertex 34 17.8 15.6166
    endloop
  endfacet
  facet normal 1 0 0
    outer loop
      vertex 34 15.85 15.4722
      vertex 34 15 17.2332
      vertex 34 15.6915 15.553
    endloop
  endfacet
  facet normal 1 0 0
    outer loop
      vertex 34 15.6915 15.553
      vertex 34 15 17.2332
      vertex 34 15.5253 15.6168
    endloop
  endfacet
  facet normal 1 0 0
    outer loop
      vertex 34 15.5253 15.6168
      vertex 34 15 17.2332
      vertex 34 15.3534 15.6629
    endloop
  endfacet
  facet normal 1 0 0
    outer loop
      vertex 34 15.3534 15.6629
      vertex 34 15 17.2332
      vertex 34 15.1777 15.6907
    endloop
  endfacet
  facet normal 1 0 0
    outer loop
      vertex 34 15 17.2332
      vertex 34 15 15.7
      vertex 34 15.1777 15.6907
    endloop
  endfacet
  facet normal 1 0 0
    outer loop
      vertex 34 15 17.2332
      vertex 34 14.8223 15.6907
      vertex 34 15 15.7
    endloop
  endfacet
  facet normal 1 0 0
    outer loop
      vertex 34 15 17.2332
      vertex 34 14.6466 15.6629
      vertex 34 14.8223 15.6907
    endloop
  endfacet
  facet normal 1 0 0
    outer loop
      vertex 34 15 17.2332
      vertex 34 14.4747 15.6168
      vertex 34 14.6466 15.6629
    endloop
  endfacet
  facet normal 1 0 0
    outer loop
      vertex 34 15 17.2332
      vertex 34 14.3085 15.553
      vertex 34 14.4747 15.6168
    endloop
  endfacet
  facet normal 1 0 0
    outer loop
      vertex 34 15 17.2332
      vertex 34 14.15 15.4722
      vertex 34 14.3085 15.553
    endloop
  endfacet
  facet normal 1 -0 0
    outer loop
      vertex 34 12.2 15.6166
      vertex 34 14.15 15.4722
      vertex 34 15 17.2332
    endloop
  endfacet
  facet normal 1 0 0
    outer loop
      vertex 34 14.15 15.4722
      vertex 34 12.2 15.6166
      vertex 34 14.0008 15.3753
    endloop
  endfacet
  facet normal 1 0 0
    outer loop
      vertex 34 14.0008 15.3753
      vertex 34 12.2 15.6166
      vertex 34 13.8625 15.2633
    endloop
  endfacet
  facet normal 1 0 0
    outer loop
      vertex 34 13.8625 15.2633
      vertex 34 12.2 15.6166
      vertex 34 13.7367 15.1375
    endloop
  endfacet
  facet normal 1 0 0
    outer loop
      vertex 34 13.7367 15.1375
      vertex 34 12.2 15.6166
      vertex 34 13.6247 14.9992
    endloop
  endfacet
  facet normal 1 0 0
    outer loop
      vertex 34 13.3093 14.1777
      vertex 34 12.2 15.6166
      vertex 34 13.3 14
    endloop
  endfacet
  facet normal 1 0 0
    outer loop
      vertex 34 13.3371 14.3534
      vertex 34 12.2 15.6166
      vertex 34 13.3093 14.1777
    endloop
  endfacet
  facet normal 1 0 0
    outer loop
      vertex 34 13.3832 14.5253
      vertex 34 12.2 15.6166
      vertex 34 13.3371 14.3534
    endloop
  endfacet
  facet normal 1 0 0
    outer loop
      vertex 34 13.447 14.6915
      vertex 34 12.2 15.6166
      vertex 34 13.3832 14.5253
    endloop
  endfacet
  facet normal 1 0 0
    outer loop
      vertex 34 13.5278 14.85
      vertex 34 12.2 15.6166
      vertex 34 13.447 14.6915
    endloop
  endfacet
  facet normal 1 0 0
    outer loop
      vertex 34 13.6247 14.9992
      vertex 34 12.2 15.6166
      vertex 34 13.5278 14.85
    endloop
  endfacet
  facet normal 1 -0 0
    outer loop
      vertex 34 16.6907 13.8223
      vertex 34 17.8 12.3834
      vertex 34 16.7 14
    endloop
  endfacet
  facet normal 1 -0 0
    outer loop
      vertex 34 16.6628 13.6466
      vertex 34 17.8 12.3834
      vertex 34 16.6907 13.8223
    endloop
  endfacet
  facet normal 1 -0 0
    outer loop
      vertex 34 16.6168 13.4747
      vertex 34 17.8 12.3834
      vertex 34 16.6628 13.6466
    endloop
  endfacet
  facet normal 1 -0 0
    outer loop
      vertex 34 16.553 13.3085
      vertex 34 17.8 12.3834
      vertex 34 16.6168 13.4747
    endloop
  endfacet
  facet normal 1 -0 0
    outer loop
      vertex 34 16.4722 13.15
      vertex 34 17.8 12.3834
      vertex 34 16.553 13.3085
    endloop
  endfacet
  facet normal 1 -0 0
    outer loop
      vertex 34 16.3753 13.0008
      vertex 34 17.8 12.3834
      vertex 34 16.4722 13.15
    endloop
  endfacet
  facet normal 1 -0 0
    outer loop
      vertex 34 16.2633 12.8625
      vertex 34 17.8 12.3834
      vertex 34 16.3753 13.0008
    endloop
  endfacet
  facet normal 1 -0 0
    outer loop
      vertex 34 16.1375 12.7367
      vertex 34 17.8 12.3834
      vertex 34 16.2633 12.8625
    endloop
  endfacet
  facet normal 1 -0 0
    outer loop
      vertex 34 15.9992 12.6247
      vertex 34 17.8 12.3834
      vertex 34 16.1375 12.7367
    endloop
  endfacet
  facet normal 1 -0 0
    outer loop
      vertex 34 15.85 12.5278
      vertex 34 17.8 12.3834
      vertex 34 15.9992 12.6247
    endloop
  endfacet
  facet normal 1 0 0
    outer loop
      vertex 34 15 10.7668
      vertex 34 15.85 12.5278
      vertex 34 15.6915 12.447
    endloop
  endfacet
  facet normal 1 0 0
    outer loop
      vertex 34 15 10.7668
      vertex 34 15.6915 12.447
      vertex 34 15.5253 12.3832
    endloop
  endfacet
  facet normal 1 0 0
    outer loop
      vertex 34 15 10.7668
      vertex 34 15.5253 12.3832
      vertex 34 15.3534 12.3371
    endloop
  endfacet
  facet normal 1 0 0
    outer loop
      vertex 34 15 10.7668
      vertex 34 15.3534 12.3371
      vertex 34 15.1777 12.3093
    endloop
  endfacet
  facet normal 1 0 0
    outer loop
      vertex 34 15 10.7668
      vertex 34 15.1777 12.3093
      vertex 34 15 12.3
    endloop
  endfacet
  facet normal 1 0 0
    outer loop
      vertex 34 15.85 12.5278
      vertex 34 15 10.7668
      vertex 34 17.8 12.3834
    endloop
  endfacet
  facet normal 1 0 0
    outer loop
      vertex 34 14.8223 12.3093
      vertex 34 15 10.7668
      vertex 34 15 12.3
    endloop
  endfacet
  facet normal 1 0 0
    outer loop
      vertex 34 14.6466 12.3371
      vertex 34 15 10.7668
      vertex 34 14.8223 12.3093
    endloop
  endfacet
  facet normal 1 0 0
    outer loop
      vertex 34 14.4747 12.3832
      vertex 34 15 10.7668
      vertex 34 14.6466 12.3371
    endloop
  endfacet
  facet normal 1 0 0
    outer loop
      vertex 34 14.3085 12.447
      vertex 34 15 10.7668
      vertex 34 14.4747 12.3832
    endloop
  endfacet
  facet normal 1 0 0
    outer loop
      vertex 34 14.15 12.5278
      vertex 34 15 10.7668
      vertex 34 14.3085 12.447
    endloop
  endfacet
  facet normal 1 0 0
    outer loop
      vertex 34 12.2 12.3834
      vertex 34 14.15 12.5278
      vertex 34 14.0008 12.6247
    endloop
  endfacet
  facet normal 1 0 0
    outer loop
      vertex 34 12.2 12.3834
      vertex 34 14.0008 12.6247
      vertex 34 13.8625 12.7367
    endloop
  endfacet
  facet normal 1 0 0
    outer loop
      vertex 34 12.2 12.3834
      vertex 34 13.8625 12.7367
      vertex 34 13.7367 12.8625
    endloop
  endfacet
  facet normal 1 0 0
    outer loop
      vertex 34 12.2 12.3834
      vertex 34 13.7367 12.8625
      vertex 34 13.6247 13.0008
    endloop
  endfacet
  facet normal 1 0 0
    outer loop
      vertex 34 12.2 12.3834
      vertex 34 13.6247 13.0008
      vertex 34 13.5278 13.15
    endloop
  endfacet
  facet normal 1 0 0
    outer loop
      vertex 34 12.2 12.3834
      vertex 34 13.3 14
      vertex 34 12.2 15.6166
    endloop
  endfacet
  facet normal 1 0 0
    outer loop
      vertex 34 13.3 14
      vertex 34 12.2 12.3834
      vertex 34 13.3093 13.8223
    endloop
  endfacet
  facet normal 1 0 0
    outer loop
      vertex 34 13.3093 13.8223
      vertex 34 12.2 12.3834
      vertex 34 13.3371 13.6466
    endloop
  endfacet
  facet normal 1 0 0
    outer loop
      vertex 34 13.3371 13.6466
      vertex 34 12.2 12.3834
      vertex 34 13.3832 13.4747
    endloop
  endfacet
  facet normal 1 0 0
    outer loop
      vertex 34 13.3832 13.4747
      vertex 34 12.2 12.3834
      vertex 34 13.447 13.3085
    endloop
  endfacet
  facet normal 1 0 0
    outer loop
      vertex 34 14.15 12.5278
      vertex 34 12.2 12.3834
      vertex 34 15 10.7668
    endloop
  endfacet
  facet normal 1 0 0
    outer loop
      vertex 34 13.447 13.3085
      vertex 34 12.2 12.3834
      vertex 34 13.5278 13.15
    endloop
  endfacet
  facet normal 0 1 -0
    outer loop
      vertex 39 12.2 12.3834
      vertex 34 12.2 15.6166
      vertex 39 12.2 15.6166
    endloop
  endfacet
  facet normal 0 1 0
    outer loop
      vertex 34 12.2 15.6166
      vertex 39 12.2 12.3834
      vertex 34 12.2 12.3834
    endloop
  endfacet
  facet normal -0 0.500004 0.866023
    outer loop
      vertex 34 15 10.7668
      vertex 39 12.2 12.3834
      vertex 39 15 10.7668
    endloop
  endfacet
  facet normal 0 0.500004 0.866023
    outer loop
      vertex 39 12.2 12.3834
      vertex 34 15 10.7668
      vertex 34 12.2 12.3834
    endloop
  endfacet
  facet normal 1 -0 0
    outer loop
      vertex -15.75 -34 20
      vertex -15.75 -29 8
      vertex -15.75 -29 20
    endloop
  endfacet
  facet normal 1 0 0
    outer loop
      vertex -15.75 -29 8
      vertex -15.75 -34 20
      vertex -15.75 -34 8
    endloop
  endfacet
  facet normal 0 0 -1
    outer loop
      vertex -15 -34 20
      vertex -15.75 -34 20
      vertex -15 -33 20
    endloop
  endfacet
  facet normal 0 0 -1
    outer loop
      vertex -15 -33 20
      vertex -14.25 -29 20
      vertex -14.25 -33 20
    endloop
  endfacet
  facet normal 0 0 -1
    outer loop
      vertex -15.75 -29 20
      vertex -15 -33 20
      vertex -15.75 -34 20
    endloop
  endfacet
  facet normal 0 0 -1
    outer loop
      vertex -15 -33 20
      vertex -15.75 -29 20
      vertex -14.25 -29 20
    endloop
  endfacet
  facet normal -1 0 0
    outer loop
      vertex -14.25 -29 8
      vertex -14.25 -33 18
      vertex -14.25 -29 20
    endloop
  endfacet
  facet normal -1 0 0
    outer loop
      vertex -14.25 -34 8
      vertex -14.25 -33 18
      vertex -14.25 -29 8
    endloop
  endfacet
  facet normal -1 -0 0
    outer loop
      vertex -14.25 -33 18
      vertex -14.25 -34 8
      vertex -14.25 -34 18
    endloop
  endfacet
  facet normal -1 -0 0
    outer loop
      vertex -14.25 -29 20
      vertex -14.25 -33 18
      vertex -14.25 -33 20
    endloop
  endfacet
  facet normal 0 -1 0
    outer loop
      vertex -15.75 -29 8
      vertex -14.25 -29 20
      vertex -15.75 -29 20
    endloop
  endfacet
  facet normal 0 -1 -0
    outer loop
      vertex -14.25 -29 20
      vertex -15.75 -29 8
      vertex -14.25 -29 8
    endloop
  endfacet
  facet normal -0 0 1
    outer loop
      vertex -15.75 -29 8
      vertex -14.25 -34 8
      vertex -14.25 -29 8
    endloop
  endfacet
  facet normal 0 0 1
    outer loop
      vertex -14.25 -34 8
      vertex -15.75 -29 8
      vertex -15.75 -34 8
    endloop
  endfacet
  facet normal 1 0 0
    outer loop
      vertex -10.25 -33 18
      vertex -10.25 -29 20
      vertex -10.25 -33 20
    endloop
  endfacet
  facet normal 1 0 0
    outer loop
      vertex -10.25 -29 20
      vertex -10.25 -33 18
      vertex -10.25 -29 8
    endloop
  endfacet
  facet normal 1 0 0
    outer loop
      vertex -10.25 -34 8
      vertex -10.25 -33 18
      vertex -10.25 -34 18
    endloop
  endfacet
  facet normal 1 0 0
    outer loop
      vertex -10.25 -33 18
      vertex -10.25 -34 8
      vertex -10.25 -29 8
    endloop
  endfacet
  facet normal 0 0 -1
    outer loop
      vertex -10.25 -33 20
      vertex -8.75 -29 20
      vertex -8.75 -33 20
    endloop
  endfacet
  facet normal -0 0 -1
    outer loop
      vertex -8.75 -29 20
      vertex -10.25 -33 20
      vertex -10.25 -29 20
    endloop
  endfacet
  facet normal -1 0 0
    outer loop
      vertex -8.75 -29 8
      vertex -8.75 -33 18
      vertex -8.75 -29 20
    endloop
  endfacet
  facet normal -1 0 0
    outer loop
      vertex -8.75 -34 8
      vertex -8.75 -33 18
      vertex -8.75 -29 8
    endloop
  endfacet
  facet normal -1 -0 0
    outer loop
      vertex -8.75 -33 18
      vertex -8.75 -34 8
      vertex -8.75 -34 18
    endloop
  endfacet
  facet normal -1 -0 0
    outer loop
      vertex -8.75 -29 20
      vertex -8.75 -33 18
      vertex -8.75 -33 20
    endloop
  endfacet
  facet normal -0 0 1
    outer loop
      vertex -10.25 -29 8
      vertex -8.75 -34 8
      vertex -8.75 -29 8
    endloop
  endfacet
  facet normal 0 0 1
    outer loop
      vertex -8.75 -34 8
      vertex -10.25 -29 8
      vertex -10.25 -34 8
    endloop
  endfacet
  facet normal 0 -1 0
    outer loop
      vertex -10.25 -29 8
      vertex -8.75 -29 20
      vertex -10.25 -29 20
    endloop
  endfacet
  facet normal 0 -1 -0
    outer loop
      vertex -8.75 -29 20
      vertex -10.25 -29 8
      vertex -8.75 -29 8
    endloop
  endfacet
  facet normal 1 0 0
    outer loop
      vertex -4.75 -33 18
      vertex -4.75 -29 20
      vertex -4.75 -33 20
    endloop
  endfacet
  facet normal 1 0 0
    outer loop
      vertex -4.75 -29 20
      vertex -4.75 -33 18
      vertex -4.75 -29 8
    endloop
  endfacet
  facet normal 1 0 0
    outer loop
      vertex -4.75 -34 8
      vertex -4.75 -33 18
      vertex -4.75 -34 18
    endloop
  endfacet
  facet normal 1 0 0
    outer loop
      vertex -4.75 -33 18
      vertex -4.75 -34 8
      vertex -4.75 -29 8
    endloop
  endfacet
  facet normal 0 0 -1
    outer loop
      vertex -4.75 -33 20
      vertex -3.25 -29 20
      vertex -3.25 -33 20
    endloop
  endfacet
  facet normal -0 0 -1
    outer loop
      vertex -3.25 -29 20
      vertex -4.75 -33 20
      vertex -4.75 -29 20
    endloop
  endfacet
  facet normal -1 0 0
    outer loop
      vertex -3.25 -29 8
      vertex -3.25 -33 18
      vertex -3.25 -29 20
    endloop
  endfacet
  facet normal -1 0 0
    outer loop
      vertex -3.25 -34 8
      vertex -3.25 -33 18
      vertex -3.25 -29 8
    endloop
  endfacet
  facet normal -1 -0 0
    outer loop
      vertex -3.25 -33 18
      vertex -3.25 -34 8
      vertex -3.25 -34 18
    endloop
  endfacet
  facet normal -1 -0 0
    outer loop
      vertex -3.25 -29 20
      vertex -3.25 -33 18
      vertex -3.25 -33 20
    endloop
  endfacet
  facet normal 0 -1 0
    outer loop
      vertex -4.75 -29 8
      vertex -3.25 -29 20
      vertex -4.75 -29 20
    endloop
  endfacet
  facet normal 0 -1 -0
    outer loop
      vertex -3.25 -29 20
      vertex -4.75 -29 8
      vertex -3.25 -29 8
    endloop
  endfacet
  facet normal -0 0 1
    outer loop
      vertex -4.75 -29 8
      vertex -3.25 -34 8
      vertex -3.25 -29 8
    endloop
  endfacet
  facet normal 0 0 1
    outer loop
      vertex -3.25 -34 8
      vertex -4.75 -29 8
      vertex -4.75 -34 8
    endloop
  endfacet
  facet normal 1 0 0
    outer loop
      vertex 0.75 -33 18
      vertex 0.75 -29 20
      vertex 0.75 -33 20
    endloop
  endfacet
  facet normal 1 0 0
    outer loop
      vertex 0.75 -29 20
      vertex 0.75 -33 18
      vertex 0.75 -29 8
    endloop
  endfacet
  facet normal 1 0 0
    outer loop
      vertex 0.75 -34 8
      vertex 0.75 -33 18
      vertex 0.75 -34 18
    endloop
  endfacet
  facet normal 1 0 0
    outer loop
      vertex 0.75 -33 18
      vertex 0.75 -34 8
      vertex 0.75 -29 8
    endloop
  endfacet
  facet normal 0 0 -1
    outer loop
      vertex 0.75 -33 20
      vertex 2.25 -29 20
      vertex 2.25 -33 20
    endloop
  endfacet
  facet normal -0 0 -1
    outer loop
      vertex 2.25 -29 20
      vertex 0.75 -33 20
      vertex 0.75 -29 20
    endloop
  endfacet
  facet normal -1 0 0
    outer loop
      vertex 2.25 -29 8
      vertex 2.25 -33 18
      vertex 2.25 -29 20
    endloop
  endfacet
  facet normal -1 0 0
    outer loop
      vertex 2.25 -34 8
      vertex 2.25 -33 18
      vertex 2.25 -29 8
    endloop
  endfacet
  facet normal -1 -0 0
    outer loop
      vertex 2.25 -33 18
      vertex 2.25 -34 8
      vertex 2.25 -34 18
    endloop
  endfacet
  facet normal -1 -0 0
    outer loop
      vertex 2.25 -29 20
      vertex 2.25 -33 18
      vertex 2.25 -33 20
    endloop
  endfacet
  facet normal -0 0 1
    outer loop
      vertex 0.75 -29 8
      vertex 2.25 -34 8
      vertex 2.25 -29 8
    endloop
  endfacet
  facet normal 0 0 1
    outer loop
      vertex 2.25 -34 8
      vertex 0.75 -29 8
      vertex 0.75 -34 8
    endloop
  endfacet
  facet normal 0 -1 0
    outer loop
      vertex 0.75 -29 8
      vertex 2.25 -29 20
      vertex 0.75 -29 20
    endloop
  endfacet
  facet normal 0 -1 -0
    outer loop
      vertex 2.25 -29 20
      vertex 0.75 -29 8
      vertex 2.25 -29 8
    endloop
  endfacet
  facet normal 1 0 0
    outer loop
      vertex 6.25 -33 18
      vertex 6.25 -29 20
      vertex 6.25 -33 20
    endloop
  endfacet
  facet normal 1 0 0
    outer loop
      vertex 6.25 -29 20
      vertex 6.25 -33 18
      vertex 6.25 -29 8
    endloop
  endfacet
  facet normal 1 0 0
    outer loop
      vertex 6.25 -34 8
      vertex 6.25 -33 18
      vertex 6.25 -34 18
    endloop
  endfacet
  facet normal 1 0 0
    outer loop
      vertex 6.25 -33 18
      vertex 6.25 -34 8
      vertex 6.25 -29 8
    endloop
  endfacet
  facet normal 0 0 -1
    outer loop
      vertex 6.25 -33 20
      vertex 7.75 -29 20
      vertex 7.75 -33 20
    endloop
  endfacet
  facet normal -0 0 -1
    outer loop
      vertex 7.75 -29 20
      vertex 6.25 -33 20
      vertex 6.25 -29 20
    endloop
  endfacet
  facet normal -1 0 0
    outer loop
      vertex 7.75 -29 8
      vertex 7.75 -33 18
      vertex 7.75 -29 20
    endloop
  endfacet
  facet normal -1 0 0
    outer loop
      vertex 7.75 -34 8
      vertex 7.75 -33 18
      vertex 7.75 -29 8
    endloop
  endfacet
  facet normal -1 -0 0
    outer loop
      vertex 7.75 -33 18
      vertex 7.75 -34 8
      vertex 7.75 -34 18
    endloop
  endfacet
  facet normal -1 -0 0
    outer loop
      vertex 7.75 -29 20
      vertex 7.75 -33 18
      vertex 7.75 -33 20
    endloop
  endfacet
  facet normal 0 -1 0
    outer loop
      vertex 6.25 -29 8
      vertex 7.75 -29 20
      vertex 6.25 -29 20
    endloop
  endfacet
  facet normal 0 -1 -0
    outer loop
      vertex 7.75 -29 20
      vertex 6.25 -29 8
      vertex 7.75 -29 8
    endloop
  endfacet
  facet normal -0 0 1
    outer loop
      vertex 6.25 -29 8
      vertex 7.75 -34 8
      vertex 7.75 -29 8
    endloop
  endfacet
  facet normal 0 0 1
    outer loop
      vertex 7.75 -34 8
      vertex 6.25 -29 8
      vertex 6.25 -34 8
    endloop
  endfacet
  facet normal 1 -0 0
    outer loop
      vertex -15.75 29 20
      vertex -15.75 34 8
      vertex -15.75 34 20
    endloop
  endfacet
  facet normal 1 0 0
    outer loop
      vertex -15.75 34 8
      vertex -15.75 29 20
      vertex -15.75 29 8
    endloop
  endfacet
  facet normal 0 0 -1
    outer loop
      vertex -15.75 29 20
      vertex -14.25 34 20
      vertex -14.25 29 20
    endloop
  endfacet
  facet normal -0 0 -1
    outer loop
      vertex -14.25 34 20
      vertex -15.75 29 20
      vertex -15.75 34 20
    endloop
  endfacet
  facet normal -1 0 0
    outer loop
      vertex -14.25 29 8
      vertex -14.25 34 20
      vertex -14.25 34 8
    endloop
  endfacet
  facet normal -1 -0 0
    outer loop
      vertex -14.25 34 20
      vertex -14.25 29 8
      vertex -14.25 29 20
    endloop
  endfacet
  facet normal -0 0 1
    outer loop
      vertex -15.75 34 8
      vertex -14.25 29 8
      vertex -14.25 34 8
    endloop
  endfacet
  facet normal 0 0 1
    outer loop
      vertex -14.25 29 8
      vertex -15.75 34 8
      vertex -15.75 29 8
    endloop
  endfacet
  facet normal 0 1 -0
    outer loop
      vertex -14.25 29 8
      vertex -15.75 29 20
      vertex -14.25 29 20
    endloop
  endfacet
  facet normal 0 1 0
    outer loop
      vertex -15.75 29 20
      vertex -14.25 29 8
      vertex -15.75 29 8
    endloop
  endfacet
  facet normal 1 -0 0
    outer loop
      vertex -10.25 29 20
      vertex -10.25 34 8
      vertex -10.25 34 20
    endloop
  endfacet
  facet normal 1 0 0
    outer loop
      vertex -10.25 34 8
      vertex -10.25 29 20
      vertex -10.25 29 8
    endloop
  endfacet
  facet normal 0 0 -1
    outer loop
      vertex -10.25 29 20
      vertex -8.75 34 20
      vertex -8.75 29 20
    endloop
  endfacet
  facet normal -0 0 -1
    outer loop
      vertex -8.75 34 20
      vertex -10.25 29 20
      vertex -10.25 34 20
    endloop
  endfacet
  facet normal -1 0 0
    outer loop
      vertex -8.75 29 8
      vertex -8.75 34 20
      vertex -8.75 34 8
    endloop
  endfacet
  facet normal -1 -0 0
    outer loop
      vertex -8.75 34 20
      vertex -8.75 29 8
      vertex -8.75 29 20
    endloop
  endfacet
  facet normal -0 0 1
    outer loop
      vertex -10.25 34 8
      vertex -8.75 29 8
      vertex -8.75 34 8
    endloop
  endfacet
  facet normal 0 0 1
    outer loop
      vertex -8.75 29 8
      vertex -10.25 34 8
      vertex -10.25 29 8
    endloop
  endfacet
  facet normal 0 1 -0
    outer loop
      vertex -8.75 29 8
      vertex -10.25 29 20
      vertex -8.75 29 20
    endloop
  endfacet
  facet normal 0 1 0
    outer loop
      vertex -10.25 29 20
      vertex -8.75 29 8
      vertex -10.25 29 8
    endloop
  endfacet
  facet normal 1 -0 0
    outer loop
      vertex -4.75 29 20
      vertex -4.75 34 8
      vertex -4.75 34 20
    endloop
  endfacet
  facet normal 1 0 0
    outer loop
      vertex -4.75 34 8
      vertex -4.75 29 20
      vertex -4.75 29 8
    endloop
  endfacet
  facet normal 0 0 -1
    outer loop
      vertex -4.75 29 20
      vertex -3.25 34 20
      vertex -3.25 29 20
    endloop
  endfacet
  facet normal -0 0 -1
    outer loop
      vertex -3.25 34 20
      vertex -4.75 29 20
      vertex -4.75 34 20
    endloop
  endfacet
  facet normal -1 0 0
    outer loop
      vertex -3.25 29 8
      vertex -3.25 34 20
      vertex -3.25 34 8
    endloop
  endfacet
  facet normal -1 -0 0
    outer loop
      vertex -3.25 34 20
      vertex -3.25 29 8
      vertex -3.25 29 20
    endloop
  endfacet
  facet normal -0 0 1
    outer loop
      vertex -4.75 34 8
      vertex -3.25 29 8
      vertex -3.25 34 8
    endloop
  endfacet
  facet normal 0 0 1
    outer loop
      vertex -3.25 29 8
      vertex -4.75 34 8
      vertex -4.75 29 8
    endloop
  endfacet
  facet normal 0 1 -0
    outer loop
      vertex -3.25 29 8
      vertex -4.75 29 20
      vertex -3.25 29 20
    endloop
  endfacet
  facet normal 0 1 0
    outer loop
      vertex -4.75 29 20
      vertex -3.25 29 8
      vertex -4.75 29 8
    endloop
  endfacet
  facet normal 1 -0 0
    outer loop
      vertex 0.75 29 20
      vertex 0.75 34 8
      vertex 0.75 34 20
    endloop
  endfacet
  facet normal 1 0 0
    outer loop
      vertex 0.75 34 8
      vertex 0.75 29 20
      vertex 0.75 29 8
    endloop
  endfacet
  facet normal 0 0 -1
    outer loop
      vertex 0.75 29 20
      vertex 2.25 34 20
      vertex 2.25 29 20
    endloop
  endfacet
  facet normal -0 0 -1
    outer loop
      vertex 2.25 34 20
      vertex 0.75 29 20
      vertex 0.75 34 20
    endloop
  endfacet
  facet normal -1 0 0
    outer loop
      vertex 2.25 29 8
      vertex 2.25 34 20
      vertex 2.25 34 8
    endloop
  endfacet
  facet normal -1 -0 0
    outer loop
      vertex 2.25 34 20
      vertex 2.25 29 8
      vertex 2.25 29 20
    endloop
  endfacet
  facet normal -0 0 1
    outer loop
      vertex 0.75 34 8
      vertex 2.25 29 8
      vertex 2.25 34 8
    endloop
  endfacet
  facet normal 0 0 1
    outer loop
      vertex 2.25 29 8
      vertex 0.75 34 8
      vertex 0.75 29 8
    endloop
  endfacet
  facet normal 0 1 -0
    outer loop
      vertex 2.25 29 8
      vertex 0.75 29 20
      vertex 2.25 29 20
    endloop
  endfacet
  facet normal 0 1 0
    outer loop
      vertex 0.75 29 20
      vertex 2.25 29 8
      vertex 0.75 29 8
    endloop
  endfacet
  facet normal 1 -0 0
    outer loop
      vertex 6.25 29 20
      vertex 6.25 34 8
      vertex 6.25 34 20
    endloop
  endfacet
  facet normal 1 0 0
    outer loop
      vertex 6.25 34 8
      vertex 6.25 29 20
      vertex 6.25 29 8
    endloop
  endfacet
  facet normal 0 0 -1
    outer loop
      vertex 6.25 29 20
      vertex 7.75 34 20
      vertex 7.75 29 20
    endloop
  endfacet
  facet normal -0 0 -1
    outer loop
      vertex 7.75 34 20
      vertex 6.25 29 20
      vertex 6.25 34 20
    endloop
  endfacet
  facet normal -1 0 0
    outer loop
      vertex 7.75 29 8
      vertex 7.75 34 20
      vertex 7.75 34 8
    endloop
  endfacet
  facet normal -1 -0 0
    outer loop
      vertex 7.75 34 20
      vertex 7.75 29 8
      vertex 7.75 29 20
    endloop
  endfacet
  facet normal -0 0 1
    outer loop
      vertex 6.25 34 8
      vertex 7.75 29 8
      vertex 7.75 34 8
    endloop
  endfacet
  facet normal 0 0 1
    outer loop
      vertex 7.75 29 8
      vertex 6.25 34 8
      vertex 6.25 29 8
    endloop
  endfacet
  facet normal 0 1 -0
    outer loop
      vertex 7.75 29 8
      vertex 6.25 29 20
      vertex 7.75 29 20
    endloop
  endfacet
  facet normal 0 1 0
    outer loop
      vertex 6.25 29 20
      vertex 7.75 29 8
      vertex 6.25 29 8
    endloop
  endfacet
  facet normal 0 0 -1
    outer loop
      vertex -36 -5 20
      vertex -38.9 -1.5 20
      vertex -36 5 20
    endloop
  endfacet
  facet normal 0 0 -1
    outer loop
      vertex -39 -5 20
      vertex -38.9 -1.5 20
      vertex -36 -5 20
    endloop
  endfacet
  facet normal -0 0 -1
    outer loop
      vertex -38.9 -1.5 20
      vertex -39 -5 20
      vertex -39 -1.5 20
    endloop
  endfacet
  facet normal 0 0 -1
    outer loop
      vertex -38.9 1.5 20
      vertex -36 5 20
      vertex -38.9 -1.5 20
    endloop
  endfacet
  facet normal 0 0 -1
    outer loop
      vertex -39 5 20
      vertex -38.9 1.5 20
      vertex -39 1.5 20
    endloop
  endfacet
  facet normal 0 0 -1
    outer loop
      vertex -38.9 1.5 20
      vertex -39 5 20
      vertex -36 5 20
    endloop
  endfacet
  facet normal -0 0 1
    outer loop
      vertex -46.9 1.5 20
      vertex -39 -1.5 20
      vertex -39 1.5 20
    endloop
  endfacet
  facet normal 0 0 1
    outer loop
      vertex -39 -1.5 20
      vertex -46.9 1.5 20
      vertex -46.9 -1.5 20
    endloop
  endfacet
  facet normal -1 0 0
    outer loop
      vertex -36 -5 12
      vertex -36 5 20
      vertex -36 5 12
    endloop
  endfacet
  facet normal -1 -0 0
    outer loop
      vertex -36 5 20
      vertex -36 -5 12
      vertex -36 -5 20
    endloop
  endfacet
  facet normal 0 -1 0
    outer loop
      vertex -39 5 12
      vertex -36 5 20
      vertex -39 5 20
    endloop
  endfacet
  facet normal 0 -1 -0
    outer loop
      vertex -36 5 20
      vertex -39 5 12
      vertex -36 5 12
    endloop
  endfacet
  facet normal 0 0 1
    outer loop
      vertex -36 5 12
      vertex -38.9 1.5 12
      vertex -36 -5 12
    endloop
  endfacet
  facet normal -0 0 1
    outer loop
      vertex -39 5 12
      vertex -38.9 1.5 12
      vertex -36 5 12
    endloop
  endfacet
  facet normal 0 0 1
    outer loop
      vertex -38.9 1.5 12
      vertex -39 5 12
      vertex -39 1.5 12
    endloop
  endfacet
  facet normal -0 0 1
    outer loop
      vertex -38.9 -1.5 12
      vertex -36 -5 12
      vertex -38.9 1.5 12
    endloop
  endfacet
  facet normal 0 0 1
    outer loop
      vertex -39 -5 12
      vertex -38.9 -1.5 12
      vertex -39 -1.5 12
    endloop
  endfacet
  facet normal 0 0 1
    outer loop
      vertex -38.9 -1.5 12
      vertex -39 -5 12
      vertex -36 -5 12
    endloop
  endfacet
  facet normal 0 1 -0
    outer loop
      vertex -36 -5 12
      vertex -39 -5 20
      vertex -36 -5 20
    endloop
  endfacet
  facet normal 0 1 0
    outer loop
      vertex -39 -5 20
      vertex -36 -5 12
      vertex -39 -5 12
    endloop
  endfacet
  facet normal 1 -0 0
    outer loop
      vertex 36 -5 20
      vertex 36 -1.65 12
      vertex 36 -1.65 20
    endloop
  endfacet
  facet normal 1 0 0
    outer loop
      vertex 36 -1.65 12
      vertex 36 -5 20
      vertex 36 -5 12
    endloop
  endfacet
  facet normal 1 -0 0
    outer loop
      vertex 36 1.65 20
      vertex 36 5 12
      vertex 36 5 20
    endloop
  endfacet
  facet normal 1 0 0
    outer loop
      vertex 36 5 12
      vertex 36 1.65 20
      vertex 36 1.65 12
    endloop
  endfacet
  facet normal 0 0 -1
    outer loop
      vertex 36 -5 20
      vertex 39 -1.65 20
      vertex 39 -5 20
    endloop
  endfacet
  facet normal -0 0 -1
    outer loop
      vertex 39 -1.65 20
      vertex 36 -5 20
      vertex 36 -1.65 20
    endloop
  endfacet
  facet normal 0 0 -1
    outer loop
      vertex 36 1.65 20
      vertex 39 5 20
      vertex 39 1.65 20
    endloop
  endfacet
  facet normal -0 0 -1
    outer loop
      vertex 39 5 20
      vertex 36 1.65 20
      vertex 36 5 20
    endloop
  endfacet
  facet normal -0 0 1
    outer loop
      vertex 36 -1.65 12
      vertex 39 -5 12
      vertex 39 -1.65 12
    endloop
  endfacet
  facet normal 0 0 1
    outer loop
      vertex 39 -5 12
      vertex 36 -1.65 12
      vertex 36 -5 12
    endloop
  endfacet
  facet normal -0 0 1
    outer loop
      vertex 36 5 12
      vertex 39 1.65 12
      vertex 39 5 12
    endloop
  endfacet
  facet normal 0 0 1
    outer loop
      vertex 39 1.65 12
      vertex 36 5 12
      vertex 36 1.65 12
    endloop
  endfacet
  facet normal 0 1 -0
    outer loop
      vertex 39 -5 12
      vertex 36 -5 20
      vertex 39 -5 20
    endloop
  endfacet
  facet normal 0 1 0
    outer loop
      vertex 36 -5 20
      vertex 39 -5 12
      vertex 36 -5 12
    endloop
  endfacet
  facet normal 0 -1 0
    outer loop
      vertex 36 5 12
      vertex 39 5 20
      vertex 36 5 20
    endloop
  endfacet
  facet normal 0 -1 -0
    outer loop
      vertex 39 5 20
      vertex 36 5 12
      vertex 39 5 12
    endloop
  endfacet
  facet normal -1 0 0
    outer loop
      vertex -39 32 0
      vertex -39 16.7 14
      vertex -39 32 28
    endloop
  endfacet
  facet normal -1 0 0
    outer loop
      vertex -39 32 0
      vertex -39 16.6907 13.8223
      vertex -39 16.7 14
    endloop
  endfacet
  facet normal -1 0 0
    outer loop
      vertex -39 32 0
      vertex -39 16.6628 13.6466
      vertex -39 16.6907 13.8223
    endloop
  endfacet
  facet normal -1 0 0
    outer loop
      vertex -39 32 0
      vertex -39 16.6168 13.4747
      vertex -39 16.6628 13.6466
    endloop
  endfacet
  facet normal -1 0 0
    outer loop
      vertex -39 32 0
      vertex -39 16.553 13.3085
      vertex -39 16.6168 13.4747
    endloop
  endfacet
  facet normal -1 0 0
    outer loop
      vertex -39 32 0
      vertex -39 16.4722 13.15
      vertex -39 16.553 13.3085
    endloop
  endfacet
  facet normal -1 0 0
    outer loop
      vertex -39 32 0
      vertex -39 16.3753 13.0008
      vertex -39 16.4722 13.15
    endloop
  endfacet
  facet normal -1 0 0
    outer loop
      vertex -39 32 0
      vertex -39 16.2633 12.8625
      vertex -39 16.3753 13.0008
    endloop
  endfacet
  facet normal -1 0 0
    outer loop
      vertex -39 32 0
      vertex -39 16.1375 12.7367
      vertex -39 16.2633 12.8625
    endloop
  endfacet
  facet normal -1 0 0
    outer loop
      vertex -39 32 0
      vertex -39 15.9992 12.6247
      vertex -39 16.1375 12.7367
    endloop
  endfacet
  facet normal -1 0 0
    outer loop
      vertex -39 32 0
      vertex -39 15.85 12.5278
      vertex -39 15.9992 12.6247
    endloop
  endfacet
  facet normal -1 0 0
    outer loop
      vertex -39 32 0
      vertex -39 15.6915 12.447
      vertex -39 15.85 12.5278
    endloop
  endfacet
  facet normal -1 0 0
    outer loop
      vertex -39 32 0
      vertex -39 15.5253 12.3832
      vertex -39 15.6915 12.447
    endloop
  endfacet
  facet normal -1 0 0
    outer loop
      vertex -39 32 0
      vertex -39 15.3534 12.3371
      vertex -39 15.5253 12.3832
    endloop
  endfacet
  facet normal -1 0 0
    outer loop
      vertex -39 32 0
      vertex -39 15.1777 12.3093
      vertex -39 15.3534 12.3371
    endloop
  endfacet
  facet normal -1 0 0
    outer loop
      vertex -39 32 0
      vertex -39 15 12.3
      vertex -39 15.1777 12.3093
    endloop
  endfacet
  facet normal -1 0 0
    outer loop
      vertex -39 32 0
      vertex -39 14.8223 12.3093
      vertex -39 15 12.3
    endloop
  endfacet
  facet normal -1 0 0
    outer loop
      vertex -39 1.5 8
      vertex -39 14.8223 12.3093
      vertex -39 32 0
    endloop
  endfacet
  facet normal -1 -0 0
    outer loop
      vertex -39 14.8223 12.3093
      vertex -39 1.5 8
      vertex -39 14.6466 12.3371
    endloop
  endfacet
  facet normal -1 -0 0
    outer loop
      vertex -39 14.6466 12.3371
      vertex -39 1.5 8
      vertex -39 14.4747 12.3832
    endloop
  endfacet
  facet normal -1 -0 0
    outer loop
      vertex -39 14.4747 12.3832
      vertex -39 1.5 8
      vertex -39 14.3085 12.447
    endloop
  endfacet
  facet normal -1 0 -0
    outer loop
      vertex -39 5 12
      vertex -39 14.3085 12.447
      vertex -39 1.5 8
    endloop
  endfacet
  facet normal -1 -0 0
    outer loop
      vertex -39 13.3093 13.8223
      vertex -39 5 12
      vertex -39 13.3 14
    endloop
  endfacet
  facet normal -1 -0 0
    outer loop
      vertex -39 13.3371 13.6466
      vertex -39 5 12
      vertex -39 13.3093 13.8223
    endloop
  endfacet
  facet normal -1 -0 0
    outer loop
      vertex -39 13.3832 13.4747
      vertex -39 5 12
      vertex -39 13.3371 13.6466
    endloop
  endfacet
  facet normal -1 -0 0
    outer loop
      vertex -39 13.447 13.3085
      vertex -39 5 12
      vertex -39 13.3832 13.4747
    endloop
  endfacet
  facet normal -1 -0 0
    outer loop
      vertex -39 13.5278 13.15
      vertex -39 5 12
      vertex -39 13.447 13.3085
    endloop
  endfacet
  facet normal -1 -0 0
    outer loop
      vertex -39 13.6247 13.0008
      vertex -39 5 12
      vertex -39 13.5278 13.15
    endloop
  endfacet
  facet normal -1 -0 0
    outer loop
      vertex -39 13.7367 12.8625
      vertex -39 5 12
      vertex -39 13.6247 13.0008
    endloop
  endfacet
  facet normal -1 -0 0
    outer loop
      vertex -39 13.8625 12.7367
      vertex -39 5 12
      vertex -39 13.7367 12.8625
    endloop
  endfacet
  facet normal -1 -0 0
    outer loop
      vertex -39 14.0008 12.6247
      vertex -39 5 12
      vertex -39 13.8625 12.7367
    endloop
  endfacet
  facet normal -1 -0 0
    outer loop
      vertex -39 14.3085 12.447
      vertex -39 5 12
      vertex -39 14.15 12.5278
    endloop
  endfacet
  facet normal -1 -0 0
    outer loop
      vertex -39 14.15 12.5278
      vertex -39 5 12
      vertex -39 14.0008 12.6247
    endloop
  endfacet
  facet normal -1 0 0
    outer loop
      vertex -39 32 0
      vertex -39 -1.5 8
      vertex -39 1.5 8
    endloop
  endfacet
  facet normal -1 0 0
    outer loop
      vertex -39 -1.5 8
      vertex -39 -5 12
      vertex -39 -1.5 12
    endloop
  endfacet
  facet normal -1 0 0
    outer loop
      vertex -39 -13.3093 14.1777
      vertex -39 -5 12
      vertex -39 -13.3 14
    endloop
  endfacet
  facet normal -1 0 0
    outer loop
      vertex -39 -14.3085 12.447
      vertex -39 -5 12
      vertex -39 -1.5 8
    endloop
  endfacet
  facet normal -1 0 0
    outer loop
      vertex -39 -5 12
      vertex -39 -13.3093 13.8223
      vertex -39 -13.3 14
    endloop
  endfacet
  facet normal -1 0 0
    outer loop
      vertex -39 -5 12
      vertex -39 -13.3371 13.6466
      vertex -39 -13.3093 13.8223
    endloop
  endfacet
  facet normal -1 0 0
    outer loop
      vertex -39 -5 12
      vertex -39 -13.3832 13.4747
      vertex -39 -13.3371 13.6466
    endloop
  endfacet
  facet normal -1 0 0
    outer loop
      vertex -39 -5 12
      vertex -39 -13.447 13.3085
      vertex -39 -13.3832 13.4747
    endloop
  endfacet
  facet normal -1 0 0
    outer loop
      vertex -39 -5 12
      vertex -39 -13.5278 13.15
      vertex -39 -13.447 13.3085
    endloop
  endfacet
  facet normal -1 0 0
    outer loop
      vertex -39 -5 12
      vertex -39 -13.6247 13.0008
      vertex -39 -13.5278 13.15
    endloop
  endfacet
  facet normal -1 0 0
    outer loop
      vertex -39 -5 12
      vertex -39 -13.7367 12.8625
      vertex -39 -13.6247 13.0008
    endloop
  endfacet
  facet normal -1 0 0
    outer loop
      vertex -39 -5 12
      vertex -39 -13.8625 12.7367
      vertex -39 -13.7367 12.8625
    endloop
  endfacet
  facet normal -1 0 0
    outer loop
      vertex -39 -5 12
      vertex -39 -14.0008 12.6247
      vertex -39 -13.8625 12.7367
    endloop
  endfacet
  facet normal -1 0 0
    outer loop
      vertex -39 -5 12
      vertex -39 -14.15 12.5278
      vertex -39 -14.0008 12.6247
    endloop
  endfacet
  facet normal -1 0 0
    outer loop
      vertex -39 -5 12
      vertex -39 -14.3085 12.447
      vertex -39 -14.15 12.5278
    endloop
  endfacet
  facet normal -1 0 0
    outer loop
      vertex -39 -1.5 8
      vertex -39 -14.4747 12.3832
      vertex -39 -14.3085 12.447
    endloop
  endfacet
  facet normal -1 0 0
    outer loop
      vertex -39 -1.5 8
      vertex -39 -14.6466 12.3371
      vertex -39 -14.4747 12.3832
    endloop
  endfacet
  facet normal -1 0 0
    outer loop
      vertex -39 -1.5 8
      vertex -39 -14.8223 12.3093
      vertex -39 -14.6466 12.3371
    endloop
  endfacet
  facet normal -1 0 0
    outer loop
      vertex -39 -1.5 8
      vertex -39 -15 12.3
      vertex -39 -14.8223 12.3093
    endloop
  endfacet
  facet normal -1 0 0
    outer loop
      vertex -39 -32 0
      vertex -39 -15 12.3
      vertex -39 -1.5 8
    endloop
  endfacet
  facet normal -1 -0 0
    outer loop
      vertex -39 -15 12.3
      vertex -39 -32 0
      vertex -39 -15.1777 12.3093
    endloop
  endfacet
  facet normal -1 -0 0
    outer loop
      vertex -39 -15.1777 12.3093
      vertex -39 -32 0
      vertex -39 -15.3534 12.3371
    endloop
  endfacet
  facet normal -1 -0 0
    outer loop
      vertex -39 -16.6907 13.8223
      vertex -39 -32 0
      vertex -39 -16.7 14
    endloop
  endfacet
  facet normal -1 -0 0
    outer loop
      vertex -39 -16.6628 13.6466
      vertex -39 -32 0
      vertex -39 -16.6907 13.8223
    endloop
  endfacet
  facet normal -1 -0 0
    outer loop
      vertex -39 -16.6168 13.4747
      vertex -39 -32 0
      vertex -39 -16.6628 13.6466
    endloop
  endfacet
  facet normal -1 -0 0
    outer loop
      vertex -39 -16.553 13.3085
      vertex -39 -32 0
      vertex -39 -16.6168 13.4747
    endloop
  endfacet
  facet normal -1 -0 0
    outer loop
      vertex -39 -16.4722 13.15
      vertex -39 -32 0
      vertex -39 -16.553 13.3085
    endloop
  endfacet
  facet normal -1 -0 0
    outer loop
      vertex -39 -16.3753 13.0008
      vertex -39 -32 0
      vertex -39 -16.4722 13.15
    endloop
  endfacet
  facet normal -1 -0 0
    outer loop
      vertex -39 -16.2633 12.8625
      vertex -39 -32 0
      vertex -39 -16.3753 13.0008
    endloop
  endfacet
  facet normal -1 -0 0
    outer loop
      vertex -39 -16.1375 12.7367
      vertex -39 -32 0
      vertex -39 -16.2633 12.8625
    endloop
  endfacet
  facet normal -1 -0 0
    outer loop
      vertex -39 -15.9992 12.6247
      vertex -39 -32 0
      vertex -39 -16.1375 12.7367
    endloop
  endfacet
  facet normal -1 -0 0
    outer loop
      vertex -39 -15.85 12.5278
      vertex -39 -32 0
      vertex -39 -15.9992 12.6247
    endloop
  endfacet
  facet normal -1 -0 0
    outer loop
      vertex -39 -15.6915 12.447
      vertex -39 -32 0
      vertex -39 -15.85 12.5278
    endloop
  endfacet
  facet normal -1 -0 0
    outer loop
      vertex -39 -15.5253 12.3832
      vertex -39 -32 0
      vertex -39 -15.6915 12.447
    endloop
  endfacet
  facet normal -1 -0 0
    outer loop
      vertex -39 -15.3534 12.3371
      vertex -39 -32 0
      vertex -39 -15.5253 12.3832
    endloop
  endfacet
  facet normal -1 0 0
    outer loop
      vertex -39 -32 0
      vertex -39 -1.5 8
      vertex -39 32 0
    endloop
  endfacet
  facet normal -1 0 0
    outer loop
      vertex -39 16.6907 14.1777
      vertex -39 32 28
      vertex -39 16.7 14
    endloop
  endfacet
  facet normal -1 0 0
    outer loop
      vertex -39 16.6628 14.3534
      vertex -39 32 28
      vertex -39 16.6907 14.1777
    endloop
  endfacet
  facet normal -1 0 0
    outer loop
      vertex -39 16.6168 14.5253
      vertex -39 32 28
      vertex -39 16.6628 14.3534
    endloop
  endfacet
  facet normal -1 0 0
    outer loop
      vertex -39 16.553 14.6915
      vertex -39 32 28
      vertex -39 16.6168 14.5253
    endloop
  endfacet
  facet normal -1 0 0
    outer loop
      vertex -39 16.4722 14.85
      vertex -39 32 28
      vertex -39 16.553 14.6915
    endloop
  endfacet
  facet normal -1 0 0
    outer loop
      vertex -39 16.3753 14.9992
      vertex -39 32 28
      vertex -39 16.4722 14.85
    endloop
  endfacet
  facet normal -1 0 0
    outer loop
      vertex -39 16.2633 15.1375
      vertex -39 32 28
      vertex -39 16.3753 14.9992
    endloop
  endfacet
  facet normal -1 0 0
    outer loop
      vertex -39 16.1375 15.2633
      vertex -39 32 28
      vertex -39 16.2633 15.1375
    endloop
  endfacet
  facet normal -1 0 0
    outer loop
      vertex -39 15.9992 15.3753
      vertex -39 32 28
      vertex -39 16.1375 15.2633
    endloop
  endfacet
  facet normal -1 0 0
    outer loop
      vertex -39 15.85 15.4722
      vertex -39 32 28
      vertex -39 15.9992 15.3753
    endloop
  endfacet
  facet normal -1 0 0
    outer loop
      vertex -39 15.6915 15.553
      vertex -39 32 28
      vertex -39 15.85 15.4722
    endloop
  endfacet
  facet normal -1 0 0
    outer loop
      vertex -39 15.5253 15.6168
      vertex -39 32 28
      vertex -39 15.6915 15.553
    endloop
  endfacet
  facet normal -1 0 0
    outer loop
      vertex -39 15.3534 15.6629
      vertex -39 32 28
      vertex -39 15.5253 15.6168
    endloop
  endfacet
  facet normal -1 0 0
    outer loop
      vertex -39 15.1777 15.6907
      vertex -39 32 28
      vertex -39 15.3534 15.6629
    endloop
  endfacet
  facet normal -1 0 0
    outer loop
      vertex -39 5 20
      vertex -39 15.1777 15.6907
      vertex -39 15 15.7
    endloop
  endfacet
  facet normal -1 0 0
    outer loop
      vertex -39 5 20
      vertex -39 15 15.7
      vertex -39 14.8223 15.6907
    endloop
  endfacet
  facet normal -1 0 0
    outer loop
      vertex -39 5 20
      vertex -39 14.8223 15.6907
      vertex -39 14.6466 15.6629
    endloop
  endfacet
  facet normal -1 0 0
    outer loop
      vertex -39 5 20
      vertex -39 14.6466 15.6629
      vertex -39 14.4747 15.6168
    endloop
  endfacet
  facet normal -1 0 0
    outer loop
      vertex -39 5 20
      vertex -39 14.4747 15.6168
      vertex -39 14.3085 15.553
    endloop
  endfacet
  facet normal -1 0 0
    outer loop
      vertex -39 5 20
      vertex -39 14.3085 15.553
      vertex -39 14.15 15.4722
    endloop
  endfacet
  facet normal -1 0 0
    outer loop
      vertex -39 5 20
      vertex -39 14.15 15.4722
      vertex -39 14.0008 15.3753
    endloop
  endfacet
  facet normal -1 0 0
    outer loop
      vertex -39 5 12
      vertex -39 13.3093 14.1777
      vertex -39 13.3 14
    endloop
  endfacet
  facet normal -1 0 0
    outer loop
      vertex -39 5 12
      vertex -39 13.3371 14.3534
      vertex -39 13.3093 14.1777
    endloop
  endfacet
  facet normal -1 0 0
    outer loop
      vertex -39 5 12
      vertex -39 13.3832 14.5253
      vertex -39 13.3371 14.3534
    endloop
  endfacet
  facet normal -1 0 0
    outer loop
      vertex -39 5 20
      vertex -39 13.3832 14.5253
      vertex -39 5 12
    endloop
  endfacet
  facet normal -1 0 0
    outer loop
      vertex -39 13.3832 14.5253
      vertex -39 5 20
      vertex -39 13.447 14.6915
    endloop
  endfacet
  facet normal -1 0 0
    outer loop
      vertex -39 13.447 14.6915
      vertex -39 5 20
      vertex -39 13.5278 14.85
    endloop
  endfacet
  facet normal -1 0 0
    outer loop
      vertex -39 13.5278 14.85
      vertex -39 5 20
      vertex -39 13.6247 14.9992
    endloop
  endfacet
  facet normal -1 0 0
    outer loop
      vertex -39 13.6247 14.9992
      vertex -39 5 20
      vertex -39 13.7367 15.1375
    endloop
  endfacet
  facet normal -1 0 0
    outer loop
      vertex -39 13.7367 15.1375
      vertex -39 5 20
      vertex -39 13.8625 15.2633
    endloop
  endfacet
  facet normal -1 0 0
    outer loop
      vertex -39 13.8625 15.2633
      vertex -39 5 20
      vertex -39 14.0008 15.3753
    endloop
  endfacet
  facet normal -1 0 0
    outer loop
      vertex -39 15.1777 15.6907
      vertex -39 5 20
      vertex -39 32 28
    endloop
  endfacet
  facet normal -1 0 0
    outer loop
      vertex -39 1.5 20
      vertex -39 32 28
      vertex -39 5 20
    endloop
  endfacet
  facet normal -1 0 0
    outer loop
      vertex -39 -1.5 20
      vertex -39 32 28
      vertex -39 1.5 20
    endloop
  endfacet
  facet normal -1 0 0
    outer loop
      vertex -39 -32 28
      vertex -39 -1.5 20
      vertex -39 -5 20
    endloop
  endfacet
  facet normal -1 0 0
    outer loop
      vertex -39 -13.3371 14.3534
      vertex -39 -5 12
      vertex -39 -13.3093 14.1777
    endloop
  endfacet
  facet normal -1 0 0
    outer loop
      vertex -39 -13.3832 14.5253
      vertex -39 -5 12
      vertex -39 -13.3371 14.3534
    endloop
  endfacet
  facet normal -1 0 0
    outer loop
      vertex -39 -5 12
      vertex -39 -13.3832 14.5253
      vertex -39 -5 20
    endloop
  endfacet
  facet normal -1 0 0
    outer loop
      vertex -39 -13.447 14.6915
      vertex -39 -5 20
      vertex -39 -13.3832 14.5253
    endloop
  endfacet
  facet normal -1 0 0
    outer loop
      vertex -39 -13.5278 14.85
      vertex -39 -5 20
      vertex -39 -13.447 14.6915
    endloop
  endfacet
  facet normal -1 0 0
    outer loop
      vertex -39 -13.6247 14.9992
      vertex -39 -5 20
      vertex -39 -13.5278 14.85
    endloop
  endfacet
  facet normal -1 0 0
    outer loop
      vertex -39 -13.7367 15.1375
      vertex -39 -5 20
      vertex -39 -13.6247 14.9992
    endloop
  endfacet
  facet normal -1 0 0
    outer loop
      vertex -39 -13.8625 15.2633
      vertex -39 -5 20
      vertex -39 -13.7367 15.1375
    endloop
  endfacet
  facet normal -1 0 0
    outer loop
      vertex -39 -14.0008 15.3753
      vertex -39 -5 20
      vertex -39 -13.8625 15.2633
    endloop
  endfacet
  facet normal -1 0 0
    outer loop
      vertex -39 -14.15 15.4722
      vertex -39 -5 20
      vertex -39 -14.0008 15.3753
    endloop
  endfacet
  facet normal -1 0 0
    outer loop
      vertex -39 -14.3085 15.553
      vertex -39 -5 20
      vertex -39 -14.15 15.4722
    endloop
  endfacet
  facet normal -1 0 0
    outer loop
      vertex -39 -14.4747 15.6168
      vertex -39 -5 20
      vertex -39 -14.3085 15.553
    endloop
  endfacet
  facet normal -1 0 0
    outer loop
      vertex -39 -14.6466 15.6629
      vertex -39 -5 20
      vertex -39 -14.4747 15.6168
    endloop
  endfacet
  facet normal -1 0 0
    outer loop
      vertex -39 -14.8223 15.6907
      vertex -39 -5 20
      vertex -39 -14.6466 15.6629
    endloop
  endfacet
  facet normal -1 0 0
    outer loop
      vertex -39 -15 15.7
      vertex -39 -5 20
      vertex -39 -14.8223 15.6907
    endloop
  endfacet
  facet normal -1 0 0
    outer loop
      vertex -39 -15.1777 15.6907
      vertex -39 -5 20
      vertex -39 -15 15.7
    endloop
  endfacet
  facet normal -1 0 0
    outer loop
      vertex -39 -32 28
      vertex -39 -15.1777 15.6907
      vertex -39 -15.3534 15.6629
    endloop
  endfacet
  facet normal -1 0 0
    outer loop
      vertex -39 -32 28
      vertex -39 -15.3534 15.6629
      vertex -39 -15.5253 15.6168
    endloop
  endfacet
  facet normal -1 0 0
    outer loop
      vertex -39 -32 28
      vertex -39 -15.5253 15.6168
      vertex -39 -15.6915 15.553
    endloop
  endfacet
  facet normal -1 0 0
    outer loop
      vertex -39 -32 28
      vertex -39 -16.7 14
      vertex -39 -32 0
    endloop
  endfacet
  facet normal -1 0 0
    outer loop
      vertex -39 -16.7 14
      vertex -39 -32 28
      vertex -39 -16.6907 14.1777
    endloop
  endfacet
  facet normal -1 0 0
    outer loop
      vertex -39 -16.6907 14.1777
      vertex -39 -32 28
      vertex -39 -16.6628 14.3534
    endloop
  endfacet
  facet normal -1 0 0
    outer loop
      vertex -39 -16.6628 14.3534
      vertex -39 -32 28
      vertex -39 -16.6168 14.5253
    endloop
  endfacet
  facet normal -1 0 0
    outer loop
      vertex -39 -16.6168 14.5253
      vertex -39 -32 28
      vertex -39 -16.553 14.6915
    endloop
  endfacet
  facet normal -1 0 0
    outer loop
      vertex -39 -16.553 14.6915
      vertex -39 -32 28
      vertex -39 -16.4722 14.85
    endloop
  endfacet
  facet normal -1 0 0
    outer loop
      vertex -39 -16.4722 14.85
      vertex -39 -32 28
      vertex -39 -16.3753 14.9992
    endloop
  endfacet
  facet normal -1 0 0
    outer loop
      vertex -39 -16.3753 14.9992
      vertex -39 -32 28
      vertex -39 -16.2633 15.1375
    endloop
  endfacet
  facet normal -1 0 0
    outer loop
      vertex -39 -1.5 20
      vertex -39 -32 28
      vertex -39 32 28
    endloop
  endfacet
  facet normal -1 0 0
    outer loop
      vertex -39 -15.1777 15.6907
      vertex -39 -32 28
      vertex -39 -5 20
    endloop
  endfacet
  facet normal -1 0 0
    outer loop
      vertex -39 -15.85 15.4722
      vertex -39 -32 28
      vertex -39 -15.6915 15.553
    endloop
  endfacet
  facet normal -1 0 0
    outer loop
      vertex -39 -15.9992 15.3753
      vertex -39 -32 28
      vertex -39 -15.85 15.4722
    endloop
  endfacet
  facet normal -1 0 0
    outer loop
      vertex -39 -16.1375 15.2633
      vertex -39 -32 28
      vertex -39 -15.9992 15.3753
    endloop
  endfacet
  facet normal -1 0 0
    outer loop
      vertex -39 -16.2633 15.1375
      vertex -39 -32 28
      vertex -39 -16.1375 15.2633
    endloop
  endfacet
  facet normal -1 -0 0
    outer loop
      vertex -39 5 12
      vertex -39 1.5 8
      vertex -39 1.5 12
    endloop
  endfacet
  facet normal 0 0 1
    outer loop
      vertex 31 -27 28
      vertex -15 -33 28
      vertex 15 -33 28
    endloop
  endfacet
  facet normal -0 0 1
    outer loop
      vertex -31 -27 28
      vertex -15 -33 28
      vertex 31 -27 28
    endloop
  endfacet
  facet normal 0 0 1
    outer loop
      vertex -31 -27 28
      vertex -15 -34 28
      vertex -15 -33 28
    endloop
  endfacet
  facet normal 0 0 1
    outer loop
      vertex -37 -34 28
      vertex -31 -27 28
      vertex -31.1045 -26.9945 28
    endloop
  endfacet
  facet normal 0 0 1
    outer loop
      vertex -37 -34 28
      vertex -31.1045 -26.9945 28
      vertex -31.2079 -26.9781 28
    endloop
  endfacet
  facet normal 0 0 1
    outer loop
      vertex -37 -34 28
      vertex -31.2079 -26.9781 28
      vertex -31.309 -26.9511 28
    endloop
  endfacet
  facet normal 0 0 1
    outer loop
      vertex -37 -34 28
      vertex -31.309 -26.9511 28
      vertex -31.4067 -26.9135 28
    endloop
  endfacet
  facet normal 0 0 1
    outer loop
      vertex -32 26 28
      vertex -39 32 28
      vertex -32 -26 28
    endloop
  endfacet
  facet normal 0 0 1
    outer loop
      vertex -31 -27 28
      vertex -37 -34 28
      vertex -15 -34 28
    endloop
  endfacet
  facet normal 0 0 1
    outer loop
      vertex -31.5 -26.866 28
      vertex -37 -34 28
      vertex -31.4067 -26.9135 28
    endloop
  endfacet
  facet normal 0 0 1
    outer loop
      vertex -31.5878 -26.809 28
      vertex -37 -34 28
      vertex -31.5 -26.866 28
    endloop
  endfacet
  facet normal 0 0 1
    outer loop
      vertex -31.6691 -26.7431 28
      vertex -37 -34 28
      vertex -31.5878 -26.809 28
    endloop
  endfacet
  facet normal 0 0 1
    outer loop
      vertex -31.7431 -26.6691 28
      vertex -37 -34 28
      vertex -31.6691 -26.7431 28
    endloop
  endfacet
  facet normal 0 0 1
    outer loop
      vertex -39 -32 28
      vertex -31.7431 -26.6691 28
      vertex -31.809 -26.5878 28
    endloop
  endfacet
  facet normal 0 0 1
    outer loop
      vertex -39 -32 28
      vertex -31.809 -26.5878 28
      vertex -31.866 -26.5 28
    endloop
  endfacet
  facet normal 0 0 1
    outer loop
      vertex -39 -32 28
      vertex -31.866 -26.5 28
      vertex -31.9135 -26.4067 28
    endloop
  endfacet
  facet normal 0 0 1
    outer loop
      vertex -39 -32 28
      vertex -31.9135 -26.4067 28
      vertex -31.9511 -26.309 28
    endloop
  endfacet
  facet normal 0 0 1
    outer loop
      vertex -39 -32 28
      vertex -31.9511 -26.309 28
      vertex -31.9781 -26.2079 28
    endloop
  endfacet
  facet normal 0 0 1
    outer loop
      vertex -39 -32 28
      vertex -31.9781 -26.2079 28
      vertex -31.9945 -26.1045 28
    endloop
  endfacet
  facet normal 0 0 1
    outer loop
      vertex -39 -32 28
      vertex -32 -26 28
      vertex -39 32 28
    endloop
  endfacet
  facet normal 0 0 1
    outer loop
      vertex -39 32 28
      vertex -37 34 28
      vertex -37.2091 33.989 28
    endloop
  endfacet
  facet normal 0 0 1
    outer loop
      vertex -32 -26 28
      vertex -39 -32 28
      vertex -31.9945 -26.1045 28
    endloop
  endfacet
  facet normal 0 0 1
    outer loop
      vertex -39 32 28
      vertex -37.2091 33.989 28
      vertex -37.4158 33.9563 28
    endloop
  endfacet
  facet normal 0 0 1
    outer loop
      vertex -31.7431 -26.6691 28
      vertex -39 -32 28
      vertex -37 -34 28
    endloop
  endfacet
  facet normal 0 0 1
    outer loop
      vertex -39 32 28
      vertex -37.4158 33.9563 28
      vertex -37.618 33.9021 28
    endloop
  endfacet
  facet normal 0 0 1
    outer loop
      vertex -37 -34 28
      vertex -39 -32 28
      vertex -37.2091 -33.989 28
    endloop
  endfacet
  facet normal 0 0 1
    outer loop
      vertex -39 32 28
      vertex -37.618 33.9021 28
      vertex -37.8135 33.8271 28
    endloop
  endfacet
  facet normal 0 0 1
    outer loop
      vertex -37.2091 -33.989 28
      vertex -39 -32 28
      vertex -37.4158 -33.9563 28
    endloop
  endfacet
  facet normal 0 0 1
    outer loop
      vertex -39 32 28
      vertex -37.8135 33.8271 28
      vertex -38 33.732 28
    endloop
  endfacet
  facet normal 0 0 1
    outer loop
      vertex -37.4158 -33.9563 28
      vertex -39 -32 28
      vertex -37.618 -33.9021 28
    endloop
  endfacet
  facet normal 0 0 1
    outer loop
      vertex -39 32 28
      vertex -38 33.732 28
      vertex -38.1756 33.618 28
    endloop
  endfacet
  facet normal 0 0 1
    outer loop
      vertex -37.618 -33.9021 28
      vertex -39 -32 28
      vertex -37.8135 -33.8271 28
    endloop
  endfacet
  facet normal 0 0 1
    outer loop
      vertex -39 32 28
      vertex -38.1756 33.618 28
      vertex -38.3383 33.4863 28
    endloop
  endfacet
  facet normal 0 0 1
    outer loop
      vertex -37.8135 -33.8271 28
      vertex -39 -32 28
      vertex -38 -33.732 28
    endloop
  endfacet
  facet normal 0 0 1
    outer loop
      vertex -39 32 28
      vertex -38.3383 33.4863 28
      vertex -38.4863 33.3383 28
    endloop
  endfacet
  facet normal 0 0 1
    outer loop
      vertex -38 -33.732 28
      vertex -39 -32 28
      vertex -38.1756 -33.618 28
    endloop
  endfacet
  facet normal 0 0 1
    outer loop
      vertex -39 32 28
      vertex -38.4863 33.3383 28
      vertex -38.618 33.1756 28
    endloop
  endfacet
  facet normal 0 0 1
    outer loop
      vertex -38.1756 -33.618 28
      vertex -39 -32 28
      vertex -38.3383 -33.4863 28
    endloop
  endfacet
  facet normal 0 0 1
    outer loop
      vertex -39 32 28
      vertex -38.618 33.1756 28
      vertex -38.732 33 28
    endloop
  endfacet
  facet normal 0 0 1
    outer loop
      vertex -38.3383 -33.4863 28
      vertex -39 -32 28
      vertex -38.4863 -33.3383 28
    endloop
  endfacet
  facet normal 0 0 1
    outer loop
      vertex -39 32 28
      vertex -38.732 33 28
      vertex -38.8271 32.8135 28
    endloop
  endfacet
  facet normal 0 0 1
    outer loop
      vertex -38.4863 -33.3383 28
      vertex -39 -32 28
      vertex -38.618 -33.1756 28
    endloop
  endfacet
  facet normal 0 0 1
    outer loop
      vertex -39 32 28
      vertex -38.8271 32.8135 28
      vertex -38.9021 32.618 28
    endloop
  endfacet
  facet normal 0 0 1
    outer loop
      vertex -38.618 -33.1756 28
      vertex -39 -32 28
      vertex -38.732 -33 28
    endloop
  endfacet
  facet normal 0 0 1
    outer loop
      vertex -39 32 28
      vertex -38.9021 32.618 28
      vertex -38.9563 32.4158 28
    endloop
  endfacet
  facet normal 0 0 1
    outer loop
      vertex -38.732 -33 28
      vertex -39 -32 28
      vertex -38.8271 -32.8135 28
    endloop
  endfacet
  facet normal 0 0 1
    outer loop
      vertex -39 32 28
      vertex -38.9563 32.4158 28
      vertex -38.989 32.2091 28
    endloop
  endfacet
  facet normal 0 0 1
    outer loop
      vertex -38.8271 -32.8135 28
      vertex -39 -32 28
      vertex -38.9021 -32.618 28
    endloop
  endfacet
  facet normal 0 0 1
    outer loop
      vertex -38.9021 -32.618 28
      vertex -39 -32 28
      vertex -38.9563 -32.4158 28
    endloop
  endfacet
  facet normal 0 0 1
    outer loop
      vertex -38.9563 -32.4158 28
      vertex -39 -32 28
      vertex -38.989 -32.2091 28
    endloop
  endfacet
  facet normal 0 0 1
    outer loop
      vertex 37 34 28
      vertex 39 32 28
      vertex 38.989 32.2091 28
    endloop
  endfacet
  facet normal 0 0 1
    outer loop
      vertex 39 32 28
      vertex 32 26 28
      vertex 39 -32 28
    endloop
  endfacet
  facet normal 0 0 1
    outer loop
      vertex 37 34 28
      vertex 38.989 32.2091 28
      vertex 38.9563 32.4158 28
    endloop
  endfacet
  facet normal -0 0 1
    outer loop
      vertex 32 -26 28
      vertex 39 -32 28
      vertex 32 26 28
    endloop
  endfacet
  facet normal 0 0 1
    outer loop
      vertex 37 34 28
      vertex 38.9563 32.4158 28
      vertex 38.9021 32.618 28
    endloop
  endfacet
  facet normal -0 0 1
    outer loop
      vertex 31.9945 -26.1045 28
      vertex 39 -32 28
      vertex 32 -26 28
    endloop
  endfacet
  facet normal 0 0 1
    outer loop
      vertex 37 34 28
      vertex 38.9021 32.618 28
      vertex 38.8271 32.8135 28
    endloop
  endfacet
  facet normal -0 0 1
    outer loop
      vertex 31.9781 -26.2079 28
      vertex 39 -32 28
      vertex 31.9945 -26.1045 28
    endloop
  endfacet
  facet normal 0 0 1
    outer loop
      vertex 37 34 28
      vertex 38.8271 32.8135 28
      vertex 38.732 33 28
    endloop
  endfacet
  facet normal -0 0 1
    outer loop
      vertex 31.9511 -26.309 28
      vertex 39 -32 28
      vertex 31.9781 -26.2079 28
    endloop
  endfacet
  facet normal 0 0 1
    outer loop
      vertex 37 34 28
      vertex 38.732 33 28
      vertex 38.618 33.1756 28
    endloop
  endfacet
  facet normal -0 0 1
    outer loop
      vertex 31.9135 -26.4067 28
      vertex 39 -32 28
      vertex 31.9511 -26.309 28
    endloop
  endfacet
  facet normal 0 0 1
    outer loop
      vertex 37 34 28
      vertex 38.618 33.1756 28
      vertex 38.4863 33.3383 28
    endloop
  endfacet
  facet normal -0 0 1
    outer loop
      vertex 31.866 -26.5 28
      vertex 39 -32 28
      vertex 31.9135 -26.4067 28
    endloop
  endfacet
  facet normal 0 0 1
    outer loop
      vertex 37 34 28
      vertex 38.4863 33.3383 28
      vertex 38.3383 33.4863 28
    endloop
  endfacet
  facet normal -0 0 1
    outer loop
      vertex 31.809 -26.5878 28
      vertex 39 -32 28
      vertex 31.866 -26.5 28
    endloop
  endfacet
  facet normal 0 0 1
    outer loop
      vertex 37 34 28
      vertex 38.3383 33.4863 28
      vertex 38.1756 33.618 28
    endloop
  endfacet
  facet normal -0 0 1
    outer loop
      vertex 31.7431 -26.6691 28
      vertex 39 -32 28
      vertex 31.809 -26.5878 28
    endloop
  endfacet
  facet normal 0 0 1
    outer loop
      vertex 37 34 28
      vertex 38.1756 33.618 28
      vertex 38 33.732 28
    endloop
  endfacet
  facet normal 0 -0 1
    outer loop
      vertex 37 -34 28
      vertex 39 -32 28
      vertex 31.7431 -26.6691 28
    endloop
  endfacet
  facet normal 0 0 1
    outer loop
      vertex 37 34 28
      vertex 38 33.732 28
      vertex 37.8135 33.8271 28
    endloop
  endfacet
  facet normal 0 0 1
    outer loop
      vertex 39 -32 28
      vertex 37 -34 28
      vertex 38.989 -32.2091 28
    endloop
  endfacet
  facet normal 0 0 1
    outer loop
      vertex 37 34 28
      vertex 37.8135 33.8271 28
      vertex 37.618 33.9021 28
    endloop
  endfacet
  facet normal 0 0 1
    outer loop
      vertex 38.989 -32.2091 28
      vertex 37 -34 28
      vertex 38.9563 -32.4158 28
    endloop
  endfacet
  facet normal 0 0 1
    outer loop
      vertex 37 34 28
      vertex 37.618 33.9021 28
      vertex 37.4158 33.9563 28
    endloop
  endfacet
  facet normal 0 0 1
    outer loop
      vertex 38.9021 -32.618 28
      vertex 37 -34 28
      vertex 38.8271 -32.8135 28
    endloop
  endfacet
  facet normal 0 0 1
    outer loop
      vertex 37 34 28
      vertex 37.4158 33.9563 28
      vertex 37.2091 33.989 28
    endloop
  endfacet
  facet normal 0 0 1
    outer loop
      vertex 38.8271 -32.8135 28
      vertex 37 -34 28
      vertex 38.732 -33 28
    endloop
  endfacet
  facet normal 0 0 1
    outer loop
      vertex 39 32 28
      vertex 37 34 28
      vertex 31.7431 26.6691 28
    endloop
  endfacet
  facet normal 0 0 1
    outer loop
      vertex 38.732 -33 28
      vertex 37 -34 28
      vertex 38.618 -33.1756 28
    endloop
  endfacet
  facet normal 0 0 1
    outer loop
      vertex 38.4863 -33.3383 28
      vertex 37 -34 28
      vertex 38.3383 -33.4863 28
    endloop
  endfacet
  facet normal 0 0 1
    outer loop
      vertex 39 32 28
      vertex 31.9945 26.1045 28
      vertex 32 26 28
    endloop
  endfacet
  facet normal 0 0 1
    outer loop
      vertex 39 32 28
      vertex 31.9781 26.2079 28
      vertex 31.9945 26.1045 28
    endloop
  endfacet
  facet normal 0 0 1
    outer loop
      vertex 39 32 28
      vertex 31.9511 26.309 28
      vertex 31.9781 26.2079 28
    endloop
  endfacet
  facet normal 0 0 1
    outer loop
      vertex 39 32 28
      vertex 31.9135 26.4067 28
      vertex 31.9511 26.309 28
    endloop
  endfacet
  facet normal 0 0 1
    outer loop
      vertex 39 32 28
      vertex 31.866 26.5 28
      vertex 31.9135 26.4067 28
    endloop
  endfacet
  facet normal 0 0 1
    outer loop
      vertex 39 32 28
      vertex 31.809 26.5878 28
      vertex 31.866 26.5 28
    endloop
  endfacet
  facet normal 0 0 1
    outer loop
      vertex 39 32 28
      vertex 31.7431 26.6691 28
      vertex 31.809 26.5878 28
    endloop
  endfacet
  facet normal 0 0 1
    outer loop
      vertex 37 34 28
      vertex 31.6691 26.7431 28
      vertex 31.7431 26.6691 28
    endloop
  endfacet
  facet normal 0 0 1
    outer loop
      vertex 37 34 28
      vertex 31.5878 26.809 28
      vertex 31.6691 26.7431 28
    endloop
  endfacet
  facet normal 0 0 1
    outer loop
      vertex 37 34 28
      vertex 31.5 26.866 28
      vertex 31.5878 26.809 28
    endloop
  endfacet
  facet normal 0 0 1
    outer loop
      vertex 37 34 28
      vertex 31.4067 26.9135 28
      vertex 31.5 26.866 28
    endloop
  endfacet
  facet normal 0 0 1
    outer loop
      vertex 37 34 28
      vertex 31.309 26.9511 28
      vertex 31.4067 26.9135 28
    endloop
  endfacet
  facet normal 0 0 1
    outer loop
      vertex 37 34 28
      vertex 31.2079 26.9781 28
      vertex 31.309 26.9511 28
    endloop
  endfacet
  facet normal 0 0 1
    outer loop
      vertex 37 34 28
      vertex 31.1045 26.9945 28
      vertex 31.2079 26.9781 28
    endloop
  endfacet
  facet normal 0 0 1
    outer loop
      vertex 37 34 28
      vertex 31 27 28
      vertex 31.1045 26.9945 28
    endloop
  endfacet
  facet normal 0 0 1
    outer loop
      vertex 37 34 28
      vertex -31 27 28
      vertex 31 27 28
    endloop
  endfacet
  facet normal -0 0 1
    outer loop
      vertex -37 34 28
      vertex -31 27 28
      vertex 37 34 28
    endloop
  endfacet
  facet normal 0 0 1
    outer loop
      vertex -31.9945 26.1045 28
      vertex -39 32 28
      vertex -32 26 28
    endloop
  endfacet
  facet normal 0 0 1
    outer loop
      vertex -31.9781 26.2079 28
      vertex -39 32 28
      vertex -31.9945 26.1045 28
    endloop
  endfacet
  facet normal 0 0 1
    outer loop
      vertex -31.9511 26.309 28
      vertex -39 32 28
      vertex -31.9781 26.2079 28
    endloop
  endfacet
  facet normal 0 0 1
    outer loop
      vertex -31.9135 26.4067 28
      vertex -39 32 28
      vertex -31.9511 26.309 28
    endloop
  endfacet
  facet normal 0 0 1
    outer loop
      vertex -31.866 26.5 28
      vertex -39 32 28
      vertex -31.9135 26.4067 28
    endloop
  endfacet
  facet normal 0 0 1
    outer loop
      vertex -31.809 26.5878 28
      vertex -39 32 28
      vertex -31.866 26.5 28
    endloop
  endfacet
  facet normal 0 0 1
    outer loop
      vertex -31.7431 26.6691 28
      vertex -39 32 28
      vertex -31.809 26.5878 28
    endloop
  endfacet
  facet normal -0 0 1
    outer loop
      vertex -39 32 28
      vertex -31.7431 26.6691 28
      vertex -37 34 28
    endloop
  endfacet
  facet normal 0 0 1
    outer loop
      vertex -31.6691 26.7431 28
      vertex -37 34 28
      vertex -31.7431 26.6691 28
    endloop
  endfacet
  facet normal 0 0 1
    outer loop
      vertex -31.5878 26.809 28
      vertex -37 34 28
      vertex -31.6691 26.7431 28
    endloop
  endfacet
  facet normal 0 0 1
    outer loop
      vertex -31.5 26.866 28
      vertex -37 34 28
      vertex -31.5878 26.809 28
    endloop
  endfacet
  facet normal 0 0 1
    outer loop
      vertex -31.4067 26.9135 28
      vertex -37 34 28
      vertex -31.5 26.866 28
    endloop
  endfacet
  facet normal 0 0 1
    outer loop
      vertex -31.309 26.9511 28
      vertex -37 34 28
      vertex -31.4067 26.9135 28
    endloop
  endfacet
  facet normal 0 0 1
    outer loop
      vertex -31.2079 26.9781 28
      vertex -37 34 28
      vertex -31.309 26.9511 28
    endloop
  endfacet
  facet normal 0 0 1
    outer loop
      vertex -31.1045 26.9945 28
      vertex -37 34 28
      vertex -31.2079 26.9781 28
    endloop
  endfacet
  facet normal 0 0 1
    outer loop
      vertex -31 27 28
      vertex -37 34 28
      vertex -31.1045 26.9945 28
    endloop
  endfacet
  facet normal 0 0 1
    outer loop
      vertex 38.3383 -33.4863 28
      vertex 37 -34 28
      vertex 38.1756 -33.618 28
    endloop
  endfacet
  facet normal 0 0 1
    outer loop
      vertex 38.1756 -33.618 28
      vertex 37 -34 28
      vertex 38 -33.732 28
    endloop
  endfacet
  facet normal 0 0 1
    outer loop
      vertex 37.8135 -33.8271 28
      vertex 37 -34 28
      vertex 37.618 -33.9021 28
    endloop
  endfacet
  facet normal 0 0 1
    outer loop
      vertex 37.618 -33.9021 28
      vertex 37 -34 28
      vertex 37.4158 -33.9563 28
    endloop
  endfacet
  facet normal 0 0 1
    outer loop
      vertex 37.4158 -33.9563 28
      vertex 37 -34 28
      vertex 37.2091 -33.989 28
    endloop
  endfacet
  facet normal 0 0 1
    outer loop
      vertex 38 -33.732 28
      vertex 37 -34 28
      vertex 37.8135 -33.8271 28
    endloop
  endfacet
  facet normal 0 0 1
    outer loop
      vertex 38.618 -33.1756 28
      vertex 37 -34 28
      vertex 38.4863 -33.3383 28
    endloop
  endfacet
  facet normal 0 0 1
    outer loop
      vertex 38.9563 -32.4158 28
      vertex 37 -34 28
      vertex 38.9021 -32.618 28
    endloop
  endfacet
  facet normal -0 0 1
    outer loop
      vertex 31.6691 -26.7431 28
      vertex 37 -34 28
      vertex 31.7431 -26.6691 28
    endloop
  endfacet
  facet normal -0 0 1
    outer loop
      vertex 31.5878 -26.809 28
      vertex 37 -34 28
      vertex 31.6691 -26.7431 28
    endloop
  endfacet
  facet normal -0 0 1
    outer loop
      vertex 31.5 -26.866 28
      vertex 37 -34 28
      vertex 31.5878 -26.809 28
    endloop
  endfacet
  facet normal -0 0 1
    outer loop
      vertex 31.4067 -26.9135 28
      vertex 37 -34 28
      vertex 31.5 -26.866 28
    endloop
  endfacet
  facet normal -0 0 1
    outer loop
      vertex 31.309 -26.9511 28
      vertex 37 -34 28
      vertex 31.4067 -26.9135 28
    endloop
  endfacet
  facet normal -0 0 1
    outer loop
      vertex 31.2079 -26.9781 28
      vertex 37 -34 28
      vertex 31.309 -26.9511 28
    endloop
  endfacet
  facet normal -0 0 1
    outer loop
      vertex 31.1045 -26.9945 28
      vertex 37 -34 28
      vertex 31.2079 -26.9781 28
    endloop
  endfacet
  facet normal -0 0 1
    outer loop
      vertex 31 -27 28
      vertex 37 -34 28
      vertex 31.1045 -26.9945 28
    endloop
  endfacet
  facet normal 0 0 1
    outer loop
      vertex 15 -34 28
      vertex 31 -27 28
      vertex 15 -33 28
    endloop
  endfacet
  facet normal 0 0 1
    outer loop
      vertex 31 -27 28
      vertex 15 -34 28
      vertex 37 -34 28
    endloop
  endfacet
  facet normal -0.998619 0.0525338 0
    outer loop
      vertex -39 32 0
      vertex -38.989 32.2091 28
      vertex -38.989 32.2091 0
    endloop
  endfacet
  facet normal -0.998619 0.0525338 0
    outer loop
      vertex -38.989 32.2091 28
      vertex -39 32 0
      vertex -39 32 28
    endloop
  endfacet
  facet normal 0 1 -0
    outer loop
      vertex -15.75 34 8
      vertex -21.5 34 10
      vertex -15.75 34 20
    endloop
  endfacet
  facet normal 0 1 0
    outer loop
      vertex -21.5 34 10
      vertex -15.75 34 8
      vertex -21.5 34 4
    endloop
  endfacet
  facet normal 0 1 -0
    outer loop
      vertex -10.25 34 8
      vertex -14.25 34 20
      vertex -10.25 34 20
    endloop
  endfacet
  facet normal 0 1 0
    outer loop
      vertex -14.25 34 20
      vertex -10.25 34 8
      vertex -14.25 34 8
    endloop
  endfacet
  facet normal 0 1 -0
    outer loop
      vertex -4.75 34 8
      vertex -8.75 34 20
      vertex -4.75 34 20
    endloop
  endfacet
  facet normal 0 1 0
    outer loop
      vertex -8.75 34 20
      vertex -4.75 34 8
      vertex -8.75 34 8
    endloop
  endfacet
  facet normal 0 1 -0
    outer loop
      vertex 0.75 34 8
      vertex -3.25 34 20
      vertex 0.75 34 20
    endloop
  endfacet
  facet normal 0 1 0
    outer loop
      vertex -3.25 34 20
      vertex 0.75 34 8
      vertex -3.25 34 8
    endloop
  endfacet
  facet normal 0 1 -0
    outer loop
      vertex 6.25 34 8
      vertex 2.25 34 20
      vertex 6.25 34 20
    endloop
  endfacet
  facet normal 0 1 0
    outer loop
      vertex 2.25 34 20
      vertex 6.25 34 8
      vertex 2.25 34 8
    endloop
  endfacet
  facet normal 0 1 0
    outer loop
      vertex 6.25 34 20
      vertex 37 34 28
      vertex 7.75 34 20
    endloop
  endfacet
  facet normal 0 1 0
    outer loop
      vertex 37 34 28
      vertex 7.75 34 8
      vertex 7.75 34 20
    endloop
  endfacet
  facet normal 0 1 0
    outer loop
      vertex 37 34 0
      vertex 6.25 34 8
      vertex 7.75 34 8
    endloop
  endfacet
  facet normal 0 1 0
    outer loop
      vertex 6.25 34 8
      vertex 37 34 0
      vertex 2.25 34 8
    endloop
  endfacet
  facet normal -0 1 0
    outer loop
      vertex -21.5 34 4
      vertex 2.25 34 8
      vertex 37 34 0
    endloop
  endfacet
  facet normal 0 1 0
    outer loop
      vertex 0.75 34 8
      vertex -21.5 34 4
      vertex -3.25 34 8
    endloop
  endfacet
  facet normal 0 1 0
    outer loop
      vertex -3.25 34 8
      vertex -21.5 34 4
      vertex -4.75 34 8
    endloop
  endfacet
  facet normal 0 1 0
    outer loop
      vertex -4.75 34 8
      vertex -21.5 34 4
      vertex -8.75 34 8
    endloop
  endfacet
  facet normal 0 1 0
    outer loop
      vertex -8.75 34 8
      vertex -21.5 34 4
      vertex -10.25 34 8
    endloop
  endfacet
  facet normal 0 1 0
    outer loop
      vertex -10.25 34 8
      vertex -21.5 34 4
      vertex -14.25 34 8
    endloop
  endfacet
  facet normal 0 1 0
    outer loop
      vertex -14.25 34 8
      vertex -21.5 34 4
      vertex -15.75 34 8
    endloop
  endfacet
  facet normal 0 1 0
    outer loop
      vertex -37 34 0
      vertex -21.5 34 4
      vertex 37 34 0
    endloop
  endfacet
  facet normal 0 1 0
    outer loop
      vertex 2.25 34 8
      vertex -21.5 34 4
      vertex 0.75 34 8
    endloop
  endfacet
  facet normal 0 1 -0
    outer loop
      vertex 37 34 0
      vertex 7.75 34 8
      vertex 37 34 28
    endloop
  endfacet
  facet normal 0 1 0
    outer loop
      vertex 2.25 34 20
      vertex 37 34 28
      vertex 6.25 34 20
    endloop
  endfacet
  facet normal 0 1 0
    outer loop
      vertex 0.75 34 20
      vertex 37 34 28
      vertex 2.25 34 20
    endloop
  endfacet
  facet normal 0 1 0
    outer loop
      vertex 37 34 28
      vertex 0.75 34 20
      vertex -37 34 28
    endloop
  endfacet
  facet normal 0 1 -0
    outer loop
      vertex -3.25 34 20
      vertex -37 34 28
      vertex 0.75 34 20
    endloop
  endfacet
  facet normal 0 1 -0
    outer loop
      vertex -4.75 34 20
      vertex -37 34 28
      vertex -3.25 34 20
    endloop
  endfacet
  facet normal 0 1 -0
    outer loop
      vertex -8.75 34 20
      vertex -37 34 28
      vertex -4.75 34 20
    endloop
  endfacet
  facet normal 0 1 -0
    outer loop
      vertex -10.25 34 20
      vertex -37 34 28
      vertex -8.75 34 20
    endloop
  endfacet
  facet normal 0 1 -0
    outer loop
      vertex -14.25 34 20
      vertex -37 34 28
      vertex -10.25 34 20
    endloop
  endfacet
  facet normal 0 1 -0
    outer loop
      vertex -15.75 34 20
      vertex -37 34 28
      vertex -14.25 34 20
    endloop
  endfacet
  facet normal 0 1 -0
    outer loop
      vertex -21.5 34 10
      vertex -37 34 28
      vertex -15.75 34 20
    endloop
  endfacet
  facet normal 0 1 -0
    outer loop
      vertex -36.5 34 10
      vertex -37 34 28
      vertex -21.5 34 10
    endloop
  endfacet
  facet normal 0 1 0
    outer loop
      vertex -37 34 0
      vertex -36.5 34 10
      vertex -36.5 34 4
    endloop
  endfacet
  facet normal 0 1 0
    outer loop
      vertex -36.5 34 10
      vertex -37 34 0
      vertex -37 34 28
    endloop
  endfacet
  facet normal 0 1 0
    outer loop
      vertex -21.5 34 4
      vertex -37 34 0
      vertex -36.5 34 4
    endloop
  endfacet
  facet normal 1 0 0
    outer loop
      vertex 39 -1.65 12
      vertex 39 -5 12
      vertex 39 -1.65 7.9
    endloop
  endfacet
  facet normal 1 0 0
    outer loop
      vertex 39 32 28
      vertex 39 17.8 15.6166
      vertex 39 32 0
    endloop
  endfacet
  facet normal 1 0 0
    outer loop
      vertex 39 32 28
      vertex 39 15 17.2332
      vertex 39 17.8 15.6166
    endloop
  endfacet
  facet normal 1 -0 0
    outer loop
      vertex 39 5 20
      vertex 39 15 17.2332
      vertex 39 32 28
    endloop
  endfacet
  facet normal 1 0 0
    outer loop
      vertex 39 5 12
      vertex 39 12.2 15.6166
      vertex 39 5 20
    endloop
  endfacet
  facet normal 1 0 0
    outer loop
      vertex 39 15 17.2332
      vertex 39 5 20
      vertex 39 12.2 15.6166
    endloop
  endfacet
  facet normal 1 0 0
    outer loop
      vertex 39 32 28
      vertex 39 1.65 20.1
      vertex 39 5 20
    endloop
  endfacet
  facet normal 1 0 0
    outer loop
      vertex 39 32 28
      vertex 39 -1.65 20.1
      vertex 39 1.65 20.1
    endloop
  endfacet
  facet normal 1 0 0
    outer loop
      vertex 39 -1.65 20.1
      vertex 39 -5 20
      vertex 39 -1.65 20
    endloop
  endfacet
  facet normal 1 -0 0
    outer loop
      vertex 39 -32 28
      vertex 39 -1.65 20.1
      vertex 39 32 28
    endloop
  endfacet
  facet normal 1 0 0
    outer loop
      vertex 39 -5 20
      vertex 39 -12.2 15.6166
      vertex 39 -5 12
    endloop
  endfacet
  facet normal 1 0 0
    outer loop
      vertex 39 -5 20
      vertex 39 -15 17.2332
      vertex 39 -12.2 15.6166
    endloop
  endfacet
  facet normal 1 0 0
    outer loop
      vertex 39 -17.8 15.6166
      vertex 39 -32 28
      vertex 39 -17.8 12.3834
    endloop
  endfacet
  facet normal 1 0 0
    outer loop
      vertex 39 -15 17.2332
      vertex 39 -32 28
      vertex 39 -17.8 15.6166
    endloop
  endfacet
  facet normal 1 0 0
    outer loop
      vertex 39 -5 20
      vertex 39 -32 28
      vertex 39 -15 17.2332
    endloop
  endfacet
  facet normal 1 0 0
    outer loop
      vertex 39 -1.65 20.1
      vertex 39 -32 28
      vertex 39 -5 20
    endloop
  endfacet
  facet normal 1 -0 0
    outer loop
      vertex 39 17.8 12.3834
      vertex 39 32 0
      vertex 39 17.8 15.6166
    endloop
  endfacet
  facet normal 1 -0 0
    outer loop
      vertex 39 15 10.7668
      vertex 39 32 0
      vertex 39 17.8 12.3834
    endloop
  endfacet
  facet normal 1 0 0
    outer loop
      vertex 39 1.65 7.9
      vertex 39 15 10.7668
      vertex 39 12.2 12.3834
    endloop
  endfacet
  facet normal 1 0 0
    outer loop
      vertex 39 12.2 15.6166
      vertex 39 5 12
      vertex 39 12.2 12.3834
    endloop
  endfacet
  facet normal 1 0 0
    outer loop
      vertex 39 1.65 7.9
      vertex 39 12.2 12.3834
      vertex 39 5 12
    endloop
  endfacet
  facet normal 1 0 0
    outer loop
      vertex 39 1.65 7.9
      vertex 39 5 12
      vertex 39 1.65 12
    endloop
  endfacet
  facet normal 1 0 0
    outer loop
      vertex 39 15 10.7668
      vertex 39 1.65 7.9
      vertex 39 32 0
    endloop
  endfacet
  facet normal 1 -0 0
    outer loop
      vertex 39 -1.65 7.9
      vertex 39 32 0
      vertex 39 1.65 7.9
    endloop
  endfacet
  facet normal 1 -0 0
    outer loop
      vertex 39 -12.2 12.3834
      vertex 39 -5 12
      vertex 39 -12.2 15.6166
    endloop
  endfacet
  facet normal 1 0 0
    outer loop
      vertex 39 -5 12
      vertex 39 -12.2 12.3834
      vertex 39 -1.65 7.9
    endloop
  endfacet
  facet normal 1 -0 0
    outer loop
      vertex 39 -15 10.7668
      vertex 39 -1.65 7.9
      vertex 39 -12.2 12.3834
    endloop
  endfacet
  facet normal 1 0 0
    outer loop
      vertex 39 -32 0
      vertex 39 -1.65 7.9
      vertex 39 -15 10.7668
    endloop
  endfacet
  facet normal 1 0 0
    outer loop
      vertex 39 -1.65 7.9
      vertex 39 -32 0
      vertex 39 32 0
    endloop
  endfacet
  facet normal 1 0 0
    outer loop
      vertex 39 -17.8 12.3834
      vertex 39 -32 0
      vertex 39 -15 10.7668
    endloop
  endfacet
  facet normal 1 0 0
    outer loop
      vertex 39 -32 0
      vertex 39 -17.8 12.3834
      vertex 39 -32 28
    endloop
  endfacet
  facet normal 1 0 0
    outer loop
      vertex 39 5 20
      vertex 39 1.65 20.1
      vertex 39 1.65 20
    endloop
  endfacet
  facet normal 0 -1 0
    outer loop
      vertex -37 -34 28
      vertex -15.75 -34 20
      vertex -15 -34 28
    endloop
  endfacet
  facet normal 0 -1 0
    outer loop
      vertex -37 -34 28
      vertex -15.75 -34 8
      vertex -15.75 -34 20
    endloop
  endfacet
  facet normal 0 -1 0
    outer loop
      vertex -37 -34 0
      vertex -14.25 -34 8
      vertex -15.75 -34 8
    endloop
  endfacet
  facet normal 0 -1 -0
    outer loop
      vertex -14.25 -34 8
      vertex -37 -34 0
      vertex -10.25 -34 8
    endloop
  endfacet
  facet normal 0 -1 -0
    outer loop
      vertex -10.25 -34 8
      vertex -37 -34 0
      vertex -8.75 -34 8
    endloop
  endfacet
  facet normal 0 -1 -0
    outer loop
      vertex -8.75 -34 8
      vertex -37 -34 0
      vertex -4.75 -34 8
    endloop
  endfacet
  facet normal 0 -1 -0
    outer loop
      vertex -4.75 -34 8
      vertex -37 -34 0
      vertex -3.25 -34 8
    endloop
  endfacet
  facet normal 0 -1 -0
    outer loop
      vertex -3.25 -34 8
      vertex -37 -34 0
      vertex 0.75 -34 8
    endloop
  endfacet
  facet normal 0 -1 0
    outer loop
      vertex 37 -34 0
      vertex 0.75 -34 8
      vertex -37 -34 0
    endloop
  endfacet
  facet normal 0 -1 0
    outer loop
      vertex 0.75 -34 8
      vertex 37 -34 0
      vertex 2.25 -34 8
    endloop
  endfacet
  facet normal 0 -1 0
    outer loop
      vertex 2.25 -34 8
      vertex 37 -34 0
      vertex 6.25 -34 8
    endloop
  endfacet
  facet normal 0 -1 0
    outer loop
      vertex -37 -34 0
      vertex -15.75 -34 8
      vertex -37 -34 28
    endloop
  endfacet
  facet normal 0 -1 -0
    outer loop
      vertex -15 -34 28
      vertex -15.75 -34 20
      vertex -15 -34 20
    endloop
  endfacet
  facet normal 0 -1 0
    outer loop
      vertex -14.25 -34 8
      vertex -10.25 -34 18
      vertex -14.25 -34 18
    endloop
  endfacet
  facet normal 0 -1 -0
    outer loop
      vertex -10.25 -34 18
      vertex -14.25 -34 8
      vertex -10.25 -34 8
    endloop
  endfacet
  facet normal 0 -1 0
    outer loop
      vertex -8.75 -34 8
      vertex -4.75 -34 18
      vertex -8.75 -34 18
    endloop
  endfacet
  facet normal 0 -1 -0
    outer loop
      vertex -4.75 -34 18
      vertex -8.75 -34 8
      vertex -4.75 -34 8
    endloop
  endfacet
  facet normal 0 -1 0
    outer loop
      vertex -3.25 -34 8
      vertex 0.75 -34 18
      vertex -3.25 -34 18
    endloop
  endfacet
  facet normal 0 -1 -0
    outer loop
      vertex 0.75 -34 18
      vertex -3.25 -34 8
      vertex 0.75 -34 8
    endloop
  endfacet
  facet normal 0 -1 0
    outer loop
      vertex 2.25 -34 8
      vertex 6.25 -34 18
      vertex 2.25 -34 18
    endloop
  endfacet
  facet normal 0 -1 -0
    outer loop
      vertex 6.25 -34 18
      vertex 2.25 -34 8
      vertex 6.25 -34 8
    endloop
  endfacet
  facet normal 0 -1 0
    outer loop
      vertex 7.75 -34 18
      vertex 7.75 -34 8
      vertex 15 -34 18
    endloop
  endfacet
  facet normal 0 -1 0
    outer loop
      vertex 15 -34 18
      vertex 37 -34 28
      vertex 15 -34 28
    endloop
  endfacet
  facet normal 0 -1 0
    outer loop
      vertex 37 -34 0
      vertex 15 -34 18
      vertex 7.75 -34 8
    endloop
  endfacet
  facet normal 0 -1 0
    outer loop
      vertex 15 -34 18
      vertex 37 -34 0
      vertex 37 -34 28
    endloop
  endfacet
  facet normal 0 -1 0
    outer loop
      vertex 6.25 -34 8
      vertex 37 -34 0
      vertex 7.75 -34 8
    endloop
  endfacet
  facet normal -0.777267 -0.629171 0
    outer loop
      vertex -38.4863 -33.3383 0
      vertex -38.618 -33.1756 28
      vertex -38.618 -33.1756 0
    endloop
  endfacet
  facet normal -0.777267 -0.629171 0
    outer loop
      vertex -38.618 -33.1756 28
      vertex -38.4863 -33.3383 0
      vertex -38.4863 -33.3383 28
    endloop
  endfacet
  facet normal -0.998619 -0.0525338 0
    outer loop
      vertex -38.989 -32.2091 0
      vertex -39 -32 28
      vertex -39 -32 0
    endloop
  endfacet
  facet normal -0.998619 -0.0525338 0
    outer loop
      vertex -39 -32 28
      vertex -38.989 -32.2091 0
      vertex -38.989 -32.2091 28
    endloop
  endfacet
  facet normal -0.890864 0.454269 0
    outer loop
      vertex -38.8271 32.8135 0
      vertex -38.732 33 28
      vertex -38.732 33 0
    endloop
  endfacet
  facet normal -0.890864 0.454269 0
    outer loop
      vertex -38.732 33 28
      vertex -38.8271 32.8135 0
      vertex -38.8271 32.8135 28
    endloop
  endfacet
  facet normal -0.777267 0.629171 0
    outer loop
      vertex -38.618 33.1756 0
      vertex -38.4863 33.3383 28
      vertex -38.4863 33.3383 0
    endloop
  endfacet
  facet normal -0.777267 0.629171 0
    outer loop
      vertex -38.4863 33.3383 28
      vertex -38.618 33.1756 0
      vertex -38.618 33.1756 28
    endloop
  endfacet
  facet normal -0.707107 -0.707107 0
    outer loop
      vertex -38.3383 -33.4863 0
      vertex -38.4863 -33.3383 28
      vertex -38.4863 -33.3383 0
    endloop
  endfacet
  facet normal -0.707107 -0.707107 0
    outer loop
      vertex -38.4863 -33.3383 28
      vertex -38.3383 -33.4863 0
      vertex -38.3383 -33.4863 28
    endloop
  endfacet
  facet normal -0.454269 -0.890864 0
    outer loop
      vertex -38 -33.732 0
      vertex -37.8135 -33.8271 28
      vertex -38 -33.732 28
    endloop
  endfacet
  facet normal -0.454269 -0.890864 -0
    outer loop
      vertex -37.8135 -33.8271 28
      vertex -38 -33.732 0
      vertex -37.8135 -33.8271 0
    endloop
  endfacet
  facet normal -0.544518 -0.838749 0
    outer loop
      vertex -38.1756 -33.618 0
      vertex -38 -33.732 28
      vertex -38.1756 -33.618 28
    endloop
  endfacet
  facet normal -0.544518 -0.838749 -0
    outer loop
      vertex -38 -33.732 28
      vertex -38.1756 -33.618 0
      vertex -38 -33.732 0
    endloop
  endfacet
  facet normal -0.156257 -0.987716 0
    outer loop
      vertex -37.4158 -33.9563 0
      vertex -37.2091 -33.989 28
      vertex -37.4158 -33.9563 28
    endloop
  endfacet
  facet normal -0.156257 -0.987716 -0
    outer loop
      vertex -37.2091 -33.989 28
      vertex -37.4158 -33.9563 0
      vertex -37.2091 -33.989 0
    endloop
  endfacet
  facet normal -0.358179 -0.933653 0
    outer loop
      vertex -37.8135 -33.8271 0
      vertex -37.618 -33.9021 28
      vertex -37.8135 -33.8271 28
    endloop
  endfacet
  facet normal -0.358179 -0.933653 -0
    outer loop
      vertex -37.618 -33.9021 28
      vertex -37.8135 -33.8271 0
      vertex -37.618 -33.9021 0
    endloop
  endfacet
  facet normal -0.258911 -0.965901 0
    outer loop
      vertex -37.618 -33.9021 0
      vertex -37.4158 -33.9563 28
      vertex -37.618 -33.9021 28
    endloop
  endfacet
  facet normal -0.258911 -0.965901 -0
    outer loop
      vertex -37.4158 -33.9563 28
      vertex -37.618 -33.9021 0
      vertex -37.4158 -33.9563 0
    endloop
  endfacet
  facet normal -0.890864 -0.454269 0
    outer loop
      vertex -38.732 -33 0
      vertex -38.8271 -32.8135 28
      vertex -38.8271 -32.8135 0
    endloop
  endfacet
  facet normal -0.890864 -0.454269 0
    outer loop
      vertex -38.8271 -32.8135 28
      vertex -38.732 -33 0
      vertex -38.732 -33 28
    endloop
  endfacet
  facet normal -0.933653 -0.358179 0
    outer loop
      vertex -38.8271 -32.8135 0
      vertex -38.9021 -32.618 28
      vertex -38.9021 -32.618 0
    endloop
  endfacet
  facet normal -0.933653 -0.358179 0
    outer loop
      vertex -38.9021 -32.618 28
      vertex -38.8271 -32.8135 0
      vertex -38.8271 -32.8135 28
    endloop
  endfacet
  facet normal -0.838749 -0.544518 0
    outer loop
      vertex -38.618 -33.1756 0
      vertex -38.732 -33 28
      vertex -38.732 -33 0
    endloop
  endfacet
  facet normal -0.838749 -0.544518 0
    outer loop
      vertex -38.732 -33 28
      vertex -38.618 -33.1756 0
      vertex -38.618 -33.1756 28
    endloop
  endfacet
  facet normal -0.965901 -0.258911 0
    outer loop
      vertex -38.9021 -32.618 0
      vertex -38.9563 -32.4158 28
      vertex -38.9563 -32.4158 0
    endloop
  endfacet
  facet normal -0.965901 -0.258911 0
    outer loop
      vertex -38.9563 -32.4158 28
      vertex -38.9021 -32.618 0
      vertex -38.9021 -32.618 28
    endloop
  endfacet
  facet normal 0 0 -1
    outer loop
      vertex 37 -34 0
      vertex 39 -32 0
      vertex 38.989 -32.2091 0
    endloop
  endfacet
  facet normal 0 0 -1
    outer loop
      vertex 39 -32 0
      vertex 17 0 0
      vertex 39 32 0
    endloop
  endfacet
  facet normal 0 0 -1
    outer loop
      vertex 37 -34 0
      vertex 38.989 -32.2091 0
      vertex 38.9563 -32.4158 0
    endloop
  endfacet
  facet normal 0 0 -1
    outer loop
      vertex 16.9069 1.77698 0
      vertex 39 32 0
      vertex 17 0 0
    endloop
  endfacet
  facet normal 0 0 -1
    outer loop
      vertex 37 -34 0
      vertex 38.9563 -32.4158 0
      vertex 38.9021 -32.618 0
    endloop
  endfacet
  facet normal 0 0 -1
    outer loop
      vertex 16.6285 3.5345 0
      vertex 39 32 0
      vertex 16.9069 1.77698 0
    endloop
  endfacet
  facet normal 0 0 -1
    outer loop
      vertex 37 -34 0
      vertex 38.9021 -32.618 0
      vertex 38.8271 -32.8135 0
    endloop
  endfacet
  facet normal 0 0 -1
    outer loop
      vertex 16.168 5.25329 0
      vertex 39 32 0
      vertex 16.6285 3.5345 0
    endloop
  endfacet
  facet normal 0 0 -1
    outer loop
      vertex 37 -34 0
      vertex 38.8271 -32.8135 0
      vertex 38.732 -33 0
    endloop
  endfacet
  facet normal 0 0 -1
    outer loop
      vertex 15.5303 6.91452 0
      vertex 39 32 0
      vertex 16.168 5.25329 0
    endloop
  endfacet
  facet normal 0 0 -1
    outer loop
      vertex 37 -34 0
      vertex 38.732 -33 0
      vertex 38.618 -33.1756 0
    endloop
  endfacet
  facet normal 0 0 -1
    outer loop
      vertex 14.7224 8.5 0
      vertex 39 32 0
      vertex 15.5303 6.91452 0
    endloop
  endfacet
  facet normal 0 0 -1
    outer loop
      vertex 37 -34 0
      vertex 38.618 -33.1756 0
      vertex 38.4863 -33.3383 0
    endloop
  endfacet
  facet normal 0 0 -1
    outer loop
      vertex 13.7533 9.99235 0
      vertex 39 32 0
      vertex 14.7224 8.5 0
    endloop
  endfacet
  facet normal 0 0 -1
    outer loop
      vertex 37 -34 0
      vertex 38.4863 -33.3383 0
      vertex 38.3383 -33.4863 0
    endloop
  endfacet
  facet normal 0 -0 -1
    outer loop
      vertex 37 34 0
      vertex 39 32 0
      vertex 13.7533 9.99235 0
    endloop
  endfacet
  facet normal 0 0 -1
    outer loop
      vertex 37 -34 0
      vertex 38.3383 -33.4863 0
      vertex 38.1756 -33.618 0
    endloop
  endfacet
  facet normal 0 0 -1
    outer loop
      vertex 39 32 0
      vertex 37 34 0
      vertex 38.989 32.2091 0
    endloop
  endfacet
  facet normal 0 0 -1
    outer loop
      vertex 37 -34 0
      vertex 38.1756 -33.618 0
      vertex 38 -33.732 0
    endloop
  endfacet
  facet normal 0 0 -1
    outer loop
      vertex 38.989 32.2091 0
      vertex 37 34 0
      vertex 38.9563 32.4158 0
    endloop
  endfacet
  facet normal 0 0 -1
    outer loop
      vertex 37 -34 0
      vertex 38 -33.732 0
      vertex 37.8135 -33.8271 0
    endloop
  endfacet
  facet normal 0 0 -1
    outer loop
      vertex 38.9563 32.4158 0
      vertex 37 34 0
      vertex 38.9021 32.618 0
    endloop
  endfacet
  facet normal 0 0 -1
    outer loop
      vertex 37 -34 0
      vertex 37.8135 -33.8271 0
      vertex 37.618 -33.9021 0
    endloop
  endfacet
  facet normal 0 0 -1
    outer loop
      vertex 38.8271 32.8135 0
      vertex 37 34 0
      vertex 38.732 33 0
    endloop
  endfacet
  facet normal 0 0 -1
    outer loop
      vertex 37 -34 0
      vertex 37.618 -33.9021 0
      vertex 37.4158 -33.9563 0
    endloop
  endfacet
  facet normal 0 0 -1
    outer loop
      vertex 38.732 33 0
      vertex 37 34 0
      vertex 38.618 33.1756 0
    endloop
  endfacet
  facet normal 0 0 -1
    outer loop
      vertex 37 -34 0
      vertex 37.4158 -33.9563 0
      vertex 37.2091 -33.989 0
    endloop
  endfacet
  facet normal 0 0 -1
    outer loop
      vertex 38.618 33.1756 0
      vertex 37 34 0
      vertex 38.4863 33.3383 0
    endloop
  endfacet
  facet normal -0 0 -1
    outer loop
      vertex 39 -32 0
      vertex 37 -34 0
      vertex 13.7533 -9.99235 0
    endloop
  endfacet
  facet normal 0 0 -1
    outer loop
      vertex 38.3383 33.4863 0
      vertex 37 34 0
      vertex 38.1756 33.618 0
    endloop
  endfacet
  facet normal 0 0 -1
    outer loop
      vertex 38.1756 33.618 0
      vertex 37 34 0
      vertex 38 33.732 0
    endloop
  endfacet
  facet normal 0 0 -1
    outer loop
      vertex 39 -32 0
      vertex 16.9069 -1.77698 0
      vertex 17 0 0
    endloop
  endfacet
  facet normal 0 0 -1
    outer loop
      vertex 39 -32 0
      vertex 16.6285 -3.5345 0
      vertex 16.9069 -1.77698 0
    endloop
  endfacet
  facet normal 0 0 -1
    outer loop
      vertex 39 -32 0
      vertex 16.168 -5.25329 0
      vertex 16.6285 -3.5345 0
    endloop
  endfacet
  facet normal 0 0 -1
    outer loop
      vertex 39 -32 0
      vertex 15.5303 -6.91452 0
      vertex 16.168 -5.25329 0
    endloop
  endfacet
  facet normal 0 0 -1
    outer loop
      vertex 39 -32 0
      vertex 14.7224 -8.5 0
      vertex 15.5303 -6.91452 0
    endloop
  endfacet
  facet normal 0 0 -1
    outer loop
      vertex 39 -32 0
      vertex 13.7533 -9.99235 0
      vertex 14.7224 -8.5 0
    endloop
  endfacet
  facet normal 0 0 -1
    outer loop
      vertex 37 -34 0
      vertex 12.6335 -11.3752 0
      vertex 13.7533 -9.99235 0
    endloop
  endfacet
  facet normal 0 0 -1
    outer loop
      vertex 37 -34 0
      vertex 11.3752 -12.6335 0
      vertex 12.6335 -11.3752 0
    endloop
  endfacet
  facet normal 0 0 -1
    outer loop
      vertex 37 -34 0
      vertex 9.99235 -13.7533 0
      vertex 11.3752 -12.6335 0
    endloop
  endfacet
  facet normal 0 0 -1
    outer loop
      vertex 37 -34 0
      vertex 8.5 -14.7224 0
      vertex 9.99235 -13.7533 0
    endloop
  endfacet
  facet normal 0 0 -1
    outer loop
      vertex 37 -34 0
      vertex 6.91452 -15.5303 0
      vertex 8.5 -14.7224 0
    endloop
  endfacet
  facet normal 0 0 -1
    outer loop
      vertex 37 -34 0
      vertex 5.25329 -16.168 0
      vertex 6.91452 -15.5303 0
    endloop
  endfacet
  facet normal 0 0 -1
    outer loop
      vertex 37 -34 0
      vertex 3.5345 -16.6285 0
      vertex 5.25329 -16.168 0
    endloop
  endfacet
  facet normal 0 0 -1
    outer loop
      vertex 37 -34 0
      vertex 1.77698 -16.9069 0
      vertex 3.5345 -16.6285 0
    endloop
  endfacet
  facet normal 0 0 -1
    outer loop
      vertex 37 -34 0
      vertex 0 -17 0
      vertex 1.77698 -16.9069 0
    endloop
  endfacet
  facet normal 0 0 -1
    outer loop
      vertex -37 -34 0
      vertex 0 -17 0
      vertex 37 -34 0
    endloop
  endfacet
  facet normal -0 0 -1
    outer loop
      vertex 0 -17 0
      vertex -37 -34 0
      vertex -1.77698 -16.9069 0
    endloop
  endfacet
  facet normal -0 0 -1
    outer loop
      vertex -1.77698 -16.9069 0
      vertex -37 -34 0
      vertex -3.5345 -16.6285 0
    endloop
  endfacet
  facet normal -0 0 -1
    outer loop
      vertex -3.5345 -16.6285 0
      vertex -37 -34 0
      vertex -5.25329 -16.168 0
    endloop
  endfacet
  facet normal -0 0 -1
    outer loop
      vertex -16.6285 -3.5345 0
      vertex -39 -32 0
      vertex -16.9069 -1.77698 0
    endloop
  endfacet
  facet normal -0 0 -1
    outer loop
      vertex -16.168 -5.25329 0
      vertex -39 -32 0
      vertex -16.6285 -3.5345 0
    endloop
  endfacet
  facet normal -0 0 -1
    outer loop
      vertex -15.5303 -6.91452 0
      vertex -39 -32 0
      vertex -16.168 -5.25329 0
    endloop
  endfacet
  facet normal -0 0 -1
    outer loop
      vertex -14.7224 -8.5 0
      vertex -39 -32 0
      vertex -15.5303 -6.91452 0
    endloop
  endfacet
  facet normal -0 0 -1
    outer loop
      vertex -13.7533 -9.99235 0
      vertex -39 -32 0
      vertex -14.7224 -8.5 0
    endloop
  endfacet
  facet normal 0 0 -1
    outer loop
      vertex -39 -32 0
      vertex -13.7533 -9.99235 0
      vertex -37 -34 0
    endloop
  endfacet
  facet normal -0 0 -1
    outer loop
      vertex -12.6335 -11.3752 0
      vertex -37 -34 0
      vertex -13.7533 -9.99235 0
    endloop
  endfacet
  facet normal -0 0 -1
    outer loop
      vertex -11.3752 -12.6335 0
      vertex -37 -34 0
      vertex -12.6335 -11.3752 0
    endloop
  endfacet
  facet normal -0 0 -1
    outer loop
      vertex -9.99235 -13.7533 0
      vertex -37 -34 0
      vertex -11.3752 -12.6335 0
    endloop
  endfacet
  facet normal -0 0 -1
    outer loop
      vertex -8.5 -14.7224 0
      vertex -37 -34 0
      vertex -9.99235 -13.7533 0
    endloop
  endfacet
  facet normal -0 0 -1
    outer loop
      vertex -6.91452 -15.5303 0
      vertex -37 -34 0
      vertex -8.5 -14.7224 0
    endloop
  endfacet
  facet normal -0 0 -1
    outer loop
      vertex -5.25329 -16.168 0
      vertex -37 -34 0
      vertex -6.91452 -15.5303 0
    endloop
  endfacet
  facet normal 0 0 -1
    outer loop
      vertex 38 33.732 0
      vertex 37 34 0
      vertex 37.8135 33.8271 0
    endloop
  endfacet
  facet normal 0 0 -1
    outer loop
      vertex 37.618 33.9021 0
      vertex 37 34 0
      vertex 37.4158 33.9563 0
    endloop
  endfacet
  facet normal 0 0 -1
    outer loop
      vertex 37.4158 33.9563 0
      vertex 37 34 0
      vertex 37.2091 33.989 0
    endloop
  endfacet
  facet normal 0 0 -1
    outer loop
      vertex 37.8135 33.8271 0
      vertex 37 34 0
      vertex 37.618 33.9021 0
    endloop
  endfacet
  facet normal 0 0 -1
    outer loop
      vertex 38.4863 33.3383 0
      vertex 37 34 0
      vertex 38.3383 33.4863 0
    endloop
  endfacet
  facet normal 0 0 -1
    outer loop
      vertex 38.9021 32.618 0
      vertex 37 34 0
      vertex 38.8271 32.8135 0
    endloop
  endfacet
  facet normal 0 0 -1
    outer loop
      vertex 12.6335 11.3752 0
      vertex 37 34 0
      vertex 13.7533 9.99235 0
    endloop
  endfacet
  facet normal 0 0 -1
    outer loop
      vertex 11.3752 12.6335 0
      vertex 37 34 0
      vertex 12.6335 11.3752 0
    endloop
  endfacet
  facet normal 0 0 -1
    outer loop
      vertex 9.99235 13.7533 0
      vertex 37 34 0
      vertex 11.3752 12.6335 0
    endloop
  endfacet
  facet normal 0 0 -1
    outer loop
      vertex 8.5 14.7224 0
      vertex 37 34 0
      vertex 9.99235 13.7533 0
    endloop
  endfacet
  facet normal 0 0 -1
    outer loop
      vertex 6.91452 15.5303 0
      vertex 37 34 0
      vertex 8.5 14.7224 0
    endloop
  endfacet
  facet normal 0 0 -1
    outer loop
      vertex 5.25329 16.168 0
      vertex 37 34 0
      vertex 6.91452 15.5303 0
    endloop
  endfacet
  facet normal 0 0 -1
    outer loop
      vertex 3.5345 16.6285 0
      vertex 37 34 0
      vertex 5.25329 16.168 0
    endloop
  endfacet
  facet normal 0 0 -1
    outer loop
      vertex 1.77698 16.9069 0
      vertex 37 34 0
      vertex 3.5345 16.6285 0
    endloop
  endfacet
  facet normal 0 0 -1
    outer loop
      vertex 0 17 0
      vertex 37 34 0
      vertex 1.77698 16.9069 0
    endloop
  endfacet
  facet normal 0 0 -1
    outer loop
      vertex -37 34 0
      vertex 0 17 0
      vertex -1.77698 16.9069 0
    endloop
  endfacet
  facet normal 0 0 -1
    outer loop
      vertex -37 34 0
      vertex -1.77698 16.9069 0
      vertex -3.5345 16.6285 0
    endloop
  endfacet
  facet normal 0 0 -1
    outer loop
      vertex -37 34 0
      vertex -3.5345 16.6285 0
      vertex -5.25329 16.168 0
    endloop
  endfacet
  facet normal 0 0 -1
    outer loop
      vertex -37 34 0
      vertex -5.25329 16.168 0
      vertex -6.91452 15.5303 0
    endloop
  endfacet
  facet normal -0 0 -1
    outer loop
      vertex -16.9069 -1.77698 0
      vertex -39 -32 0
      vertex -17 0 0
    endloop
  endfacet
  facet normal 0 0 -1
    outer loop
      vertex -39 32 0
      vertex -17 0 0
      vertex -39 -32 0
    endloop
  endfacet
  facet normal 0 0 -1
    outer loop
      vertex -17 0 0
      vertex -39 32 0
      vertex -16.9069 1.77698 0
    endloop
  endfacet
  facet normal 0 0 -1
    outer loop
      vertex -16.9069 1.77698 0
      vertex -39 32 0
      vertex -16.6285 3.5345 0
    endloop
  endfacet
  facet normal 0 0 -1
    outer loop
      vertex -16.6285 3.5345 0
      vertex -39 32 0
      vertex -16.168 5.25329 0
    endloop
  endfacet
  facet normal 0 0 -1
    outer loop
      vertex 0 17 0
      vertex -37 34 0
      vertex 37 34 0
    endloop
  endfacet
  facet normal 0 0 -1
    outer loop
      vertex -8.5 14.7224 0
      vertex -37 34 0
      vertex -6.91452 15.5303 0
    endloop
  endfacet
  facet normal 0 0 -1
    outer loop
      vertex -9.99235 13.7533 0
      vertex -37 34 0
      vertex -8.5 14.7224 0
    endloop
  endfacet
  facet normal 0 0 -1
    outer loop
      vertex -11.3752 12.6335 0
      vertex -37 34 0
      vertex -9.99235 13.7533 0
    endloop
  endfacet
  facet normal 0 0 -1
    outer loop
      vertex -12.6335 11.3752 0
      vertex -37 34 0
      vertex -11.3752 12.6335 0
    endloop
  endfacet
  facet normal 0 0 -1
    outer loop
      vertex -13.7533 9.99235 0
      vertex -37 34 0
      vertex -12.6335 11.3752 0
    endloop
  endfacet
  facet normal 0 0 -1
    outer loop
      vertex -39 32 0
      vertex -13.7533 9.99235 0
      vertex -14.7224 8.5 0
    endloop
  endfacet
  facet normal 0 0 -1
    outer loop
      vertex -16.168 5.25329 0
      vertex -39 32 0
      vertex -15.5303 6.91452 0
    endloop
  endfacet
  facet normal 0 0 -1
    outer loop
      vertex -39 -32 0
      vertex -37 -34 0
      vertex -37.2091 -33.989 0
    endloop
  endfacet
  facet normal 0 0 -1
    outer loop
      vertex -15.5303 6.91452 0
      vertex -39 32 0
      vertex -14.7224 8.5 0
    endloop
  endfacet
  facet normal 0 0 -1
    outer loop
      vertex -39 -32 0
      vertex -37.2091 -33.989 0
      vertex -37.4158 -33.9563 0
    endloop
  endfacet
  facet normal 0 0 -1
    outer loop
      vertex -13.7533 9.99235 0
      vertex -39 32 0
      vertex -37 34 0
    endloop
  endfacet
  facet normal 0 0 -1
    outer loop
      vertex -39 -32 0
      vertex -37.4158 -33.9563 0
      vertex -37.618 -33.9021 0
    endloop
  endfacet
  facet normal 0 0 -1
    outer loop
      vertex -37 34 0
      vertex -39 32 0
      vertex -37.2091 33.989 0
    endloop
  endfacet
  facet normal 0 0 -1
    outer loop
      vertex -39 -32 0
      vertex -37.618 -33.9021 0
      vertex -37.8135 -33.8271 0
    endloop
  endfacet
  facet normal 0 0 -1
    outer loop
      vertex -37.2091 33.989 0
      vertex -39 32 0
      vertex -37.4158 33.9563 0
    endloop
  endfacet
  facet normal 0 0 -1
    outer loop
      vertex -39 -32 0
      vertex -37.8135 -33.8271 0
      vertex -38 -33.732 0
    endloop
  endfacet
  facet normal 0 0 -1
    outer loop
      vertex -37.4158 33.9563 0
      vertex -39 32 0
      vertex -37.618 33.9021 0
    endloop
  endfacet
  facet normal 0 0 -1
    outer loop
      vertex -39 -32 0
      vertex -38 -33.732 0
      vertex -38.1756 -33.618 0
    endloop
  endfacet
  facet normal 0 0 -1
    outer loop
      vertex -37.618 33.9021 0
      vertex -39 32 0
      vertex -37.8135 33.8271 0
    endloop
  endfacet
  facet normal 0 0 -1
    outer loop
      vertex -39 -32 0
      vertex -38.1756 -33.618 0
      vertex -38.3383 -33.4863 0
    endloop
  endfacet
  facet normal 0 0 -1
    outer loop
      vertex -37.8135 33.8271 0
      vertex -39 32 0
      vertex -38 33.732 0
    endloop
  endfacet
  facet normal 0 0 -1
    outer loop
      vertex -39 -32 0
      vertex -38.3383 -33.4863 0
      vertex -38.4863 -33.3383 0
    endloop
  endfacet
  facet normal 0 0 -1
    outer loop
      vertex -38 33.732 0
      vertex -39 32 0
      vertex -38.1756 33.618 0
    endloop
  endfacet
  facet normal 0 0 -1
    outer loop
      vertex -39 -32 0
      vertex -38.4863 -33.3383 0
      vertex -38.618 -33.1756 0
    endloop
  endfacet
  facet normal 0 0 -1
    outer loop
      vertex -38.1756 33.618 0
      vertex -39 32 0
      vertex -38.3383 33.4863 0
    endloop
  endfacet
  facet normal 0 0 -1
    outer loop
      vertex -39 -32 0
      vertex -38.618 -33.1756 0
      vertex -38.732 -33 0
    endloop
  endfacet
  facet normal 0 0 -1
    outer loop
      vertex -38.3383 33.4863 0
      vertex -39 32 0
      vertex -38.4863 33.3383 0
    endloop
  endfacet
  facet normal 0 0 -1
    outer loop
      vertex -39 -32 0
      vertex -38.732 -33 0
      vertex -38.8271 -32.8135 0
    endloop
  endfacet
  facet normal 0 0 -1
    outer loop
      vertex -38.4863 33.3383 0
      vertex -39 32 0
      vertex -38.618 33.1756 0
    endloop
  endfacet
  facet normal 0 0 -1
    outer loop
      vertex -39 -32 0
      vertex -38.8271 -32.8135 0
      vertex -38.9021 -32.618 0
    endloop
  endfacet
  facet normal 0 0 -1
    outer loop
      vertex -38.618 33.1756 0
      vertex -39 32 0
      vertex -38.732 33 0
    endloop
  endfacet
  facet normal 0 0 -1
    outer loop
      vertex -39 -32 0
      vertex -38.9021 -32.618 0
      vertex -38.9563 -32.4158 0
    endloop
  endfacet
  facet normal 0 0 -1
    outer loop
      vertex -38.732 33 0
      vertex -39 32 0
      vertex -38.8271 32.8135 0
    endloop
  endfacet
  facet normal 0 0 -1
    outer loop
      vertex -39 -32 0
      vertex -38.9563 -32.4158 0
      vertex -38.989 -32.2091 0
    endloop
  endfacet
  facet normal 0 0 -1
    outer loop
      vertex -38.8271 32.8135 0
      vertex -39 32 0
      vertex -38.9021 32.618 0
    endloop
  endfacet
  facet normal 0 0 -1
    outer loop
      vertex -38.9021 32.618 0
      vertex -39 32 0
      vertex -38.9563 32.4158 0
    endloop
  endfacet
  facet normal 0 0 -1
    outer loop
      vertex -38.9563 32.4158 0
      vertex -39 32 0
      vertex -38.989 32.2091 0
    endloop
  endfacet
  facet normal -0.987716 -0.156257 0
    outer loop
      vertex -38.9563 -32.4158 0
      vertex -38.989 -32.2091 28
      vertex -38.989 -32.2091 0
    endloop
  endfacet
  facet normal -0.987716 -0.156257 0
    outer loop
      vertex -38.989 -32.2091 28
      vertex -38.9563 -32.4158 0
      vertex -38.9563 -32.4158 28
    endloop
  endfacet
  facet normal -0.965901 0.258911 0
    outer loop
      vertex -38.9563 32.4158 0
      vertex -38.9021 32.618 28
      vertex -38.9021 32.618 0
    endloop
  endfacet
  facet normal -0.965901 0.258911 0
    outer loop
      vertex -38.9021 32.618 28
      vertex -38.9563 32.4158 0
      vertex -38.9563 32.4158 28
    endloop
  endfacet
  facet normal -0.629171 0.777267 0
    outer loop
      vertex -38.1756 33.618 0
      vertex -38.3383 33.4863 28
      vertex -38.1756 33.618 28
    endloop
  endfacet
  facet normal -0.629171 0.777267 0
    outer loop
      vertex -38.3383 33.4863 28
      vertex -38.1756 33.618 0
      vertex -38.3383 33.4863 0
    endloop
  endfacet
  facet normal -0.258911 0.965901 0
    outer loop
      vertex -37.4158 33.9563 0
      vertex -37.618 33.9021 28
      vertex -37.4158 33.9563 28
    endloop
  endfacet
  facet normal -0.258911 0.965901 0
    outer loop
      vertex -37.618 33.9021 28
      vertex -37.4158 33.9563 0
      vertex -37.618 33.9021 0
    endloop
  endfacet
  facet normal -0.358179 0.933653 0
    outer loop
      vertex -37.618 33.9021 0
      vertex -37.8135 33.8271 28
      vertex -37.618 33.9021 28
    endloop
  endfacet
  facet normal -0.358179 0.933653 0
    outer loop
      vertex -37.8135 33.8271 28
      vertex -37.618 33.9021 0
      vertex -37.8135 33.8271 0
    endloop
  endfacet
  facet normal -0.156257 0.987716 0
    outer loop
      vertex -37.2091 33.989 0
      vertex -37.4158 33.9563 28
      vertex -37.2091 33.989 28
    endloop
  endfacet
  facet normal -0.156257 0.987716 0
    outer loop
      vertex -37.4158 33.9563 28
      vertex -37.2091 33.989 0
      vertex -37.4158 33.9563 0
    endloop
  endfacet
  facet normal 0.258911 0.965901 -0
    outer loop
      vertex 37.618 33.9021 0
      vertex 37.4158 33.9563 28
      vertex 37.618 33.9021 28
    endloop
  endfacet
  facet normal 0.258911 0.965901 0
    outer loop
      vertex 37.4158 33.9563 28
      vertex 37.618 33.9021 0
      vertex 37.4158 33.9563 0
    endloop
  endfacet
  facet normal 0.358179 0.933653 -0
    outer loop
      vertex 37.8135 33.8271 0
      vertex 37.618 33.9021 28
      vertex 37.8135 33.8271 28
    endloop
  endfacet
  facet normal 0.358179 0.933653 0
    outer loop
      vertex 37.618 33.9021 28
      vertex 37.8135 33.8271 0
      vertex 37.618 33.9021 0
    endloop
  endfacet
  facet normal -0.629171 -0.777267 0
    outer loop
      vertex -38.3383 -33.4863 0
      vertex -38.1756 -33.618 28
      vertex -38.3383 -33.4863 28
    endloop
  endfacet
  facet normal -0.629171 -0.777267 -0
    outer loop
      vertex -38.1756 -33.618 28
      vertex -38.3383 -33.4863 0
      vertex -38.1756 -33.618 0
    endloop
  endfacet
  facet normal -0.0525338 -0.998619 0
    outer loop
      vertex -37.2091 -33.989 0
      vertex -37 -34 28
      vertex -37.2091 -33.989 28
    endloop
  endfacet
  facet normal -0.0525338 -0.998619 -0
    outer loop
      vertex -37 -34 28
      vertex -37.2091 -33.989 0
      vertex -37 -34 0
    endloop
  endfacet
  facet normal -0.987716 0.156257 0
    outer loop
      vertex -38.989 32.2091 0
      vertex -38.9563 32.4158 28
      vertex -38.9563 32.4158 0
    endloop
  endfacet
  facet normal -0.987716 0.156257 0
    outer loop
      vertex -38.9563 32.4158 28
      vertex -38.989 32.2091 0
      vertex -38.989 32.2091 28
    endloop
  endfacet
  facet normal -0.933653 0.358179 0
    outer loop
      vertex -38.9021 32.618 0
      vertex -38.8271 32.8135 28
      vertex -38.8271 32.8135 0
    endloop
  endfacet
  facet normal -0.933653 0.358179 0
    outer loop
      vertex -38.8271 32.8135 28
      vertex -38.9021 32.618 0
      vertex -38.9021 32.618 28
    endloop
  endfacet
  facet normal -0.838749 0.544518 0
    outer loop
      vertex -38.732 33 0
      vertex -38.618 33.1756 28
      vertex -38.618 33.1756 0
    endloop
  endfacet
  facet normal -0.838749 0.544518 0
    outer loop
      vertex -38.618 33.1756 28
      vertex -38.732 33 0
      vertex -38.732 33 28
    endloop
  endfacet
  facet normal -0.707107 0.707107 0
    outer loop
      vertex -38.4863 33.3383 0
      vertex -38.3383 33.4863 28
      vertex -38.3383 33.4863 0
    endloop
  endfacet
  facet normal -0.707107 0.707107 0
    outer loop
      vertex -38.3383 33.4863 28
      vertex -38.4863 33.3383 0
      vertex -38.4863 33.3383 28
    endloop
  endfacet
  facet normal -0.544518 0.838749 0
    outer loop
      vertex -38 33.732 0
      vertex -38.1756 33.618 28
      vertex -38 33.732 28
    endloop
  endfacet
  facet normal -0.544518 0.838749 0
    outer loop
      vertex -38.1756 33.618 28
      vertex -38 33.732 0
      vertex -38.1756 33.618 0
    endloop
  endfacet
  facet normal -0.454269 0.890864 0
    outer loop
      vertex -37.8135 33.8271 0
      vertex -38 33.732 28
      vertex -37.8135 33.8271 28
    endloop
  endfacet
  facet normal -0.454269 0.890864 0
    outer loop
      vertex -38 33.732 28
      vertex -37.8135 33.8271 0
      vertex -38 33.732 0
    endloop
  endfacet
  facet normal -0.0525338 0.998619 0
    outer loop
      vertex -37 34 0
      vertex -37.2091 33.989 28
      vertex -37 34 28
    endloop
  endfacet
  facet normal -0.0525338 0.998619 0
    outer loop
      vertex -37.2091 33.989 28
      vertex -37 34 0
      vertex -37.2091 33.989 0
    endloop
  endfacet
  facet normal 0.998619 0.0525338 0
    outer loop
      vertex 39 32 28
      vertex 38.989 32.2091 0
      vertex 38.989 32.2091 28
    endloop
  endfacet
  facet normal 0.998619 0.0525338 0
    outer loop
      vertex 38.989 32.2091 0
      vertex 39 32 28
      vertex 39 32 0
    endloop
  endfacet
  facet normal 0.0525338 0.998619 -0
    outer loop
      vertex 37.2091 33.989 0
      vertex 37 34 28
      vertex 37.2091 33.989 28
    endloop
  endfacet
  facet normal 0.0525338 0.998619 0
    outer loop
      vertex 37 34 28
      vertex 37.2091 33.989 0
      vertex 37 34 0
    endloop
  endfacet
  facet normal 0.156257 0.987716 -0
    outer loop
      vertex 37.4158 33.9563 0
      vertex 37.2091 33.989 28
      vertex 37.4158 33.9563 28
    endloop
  endfacet
  facet normal 0.156257 0.987716 0
    outer loop
      vertex 37.2091 33.989 28
      vertex 37.4158 33.9563 0
      vertex 37.2091 33.989 0
    endloop
  endfacet
  facet normal 0.629171 0.777267 -0
    outer loop
      vertex 38.3383 33.4863 0
      vertex 38.1756 33.618 28
      vertex 38.3383 33.4863 28
    endloop
  endfacet
  facet normal 0.629171 0.777267 0
    outer loop
      vertex 38.1756 33.618 28
      vertex 38.3383 33.4863 0
      vertex 38.1756 33.618 0
    endloop
  endfacet
  facet normal 0.933653 0.358179 0
    outer loop
      vertex 38.9021 32.618 28
      vertex 38.8271 32.8135 0
      vertex 38.8271 32.8135 28
    endloop
  endfacet
  facet normal 0.933653 0.358179 0
    outer loop
      vertex 38.8271 32.8135 0
      vertex 38.9021 32.618 28
      vertex 38.9021 32.618 0
    endloop
  endfacet
  facet normal 0.777267 0.629171 0
    outer loop
      vertex 38.618 33.1756 28
      vertex 38.4863 33.3383 0
      vertex 38.4863 33.3383 28
    endloop
  endfacet
  facet normal 0.777267 0.629171 0
    outer loop
      vertex 38.4863 33.3383 0
      vertex 38.618 33.1756 28
      vertex 38.618 33.1756 0
    endloop
  endfacet
  facet normal 0.933653 -0.358179 0
    outer loop
      vertex 38.8271 -32.8135 28
      vertex 38.9021 -32.618 0
      vertex 38.9021 -32.618 28
    endloop
  endfacet
  facet normal 0.933653 -0.358179 0
    outer loop
      vertex 38.9021 -32.618 0
      vertex 38.8271 -32.8135 28
      vertex 38.8271 -32.8135 0
    endloop
  endfacet
  facet normal 0.777267 -0.629171 0
    outer loop
      vertex 38.4863 -33.3383 28
      vertex 38.618 -33.1756 0
      vertex 38.618 -33.1756 28
    endloop
  endfacet
  facet normal 0.777267 -0.629171 0
    outer loop
      vertex 38.618 -33.1756 0
      vertex 38.4863 -33.3383 28
      vertex 38.4863 -33.3383 0
    endloop
  endfacet
  facet normal 0.544518 -0.838749 0
    outer loop
      vertex 38 -33.732 0
      vertex 38.1756 -33.618 28
      vertex 38 -33.732 28
    endloop
  endfacet
  facet normal 0.544518 -0.838749 0
    outer loop
      vertex 38.1756 -33.618 28
      vertex 38 -33.732 0
      vertex 38.1756 -33.618 0
    endloop
  endfacet
  facet normal 0.629171 -0.777267 0
    outer loop
      vertex 38.1756 -33.618 0
      vertex 38.3383 -33.4863 28
      vertex 38.1756 -33.618 28
    endloop
  endfacet
  facet normal 0.629171 -0.777267 0
    outer loop
      vertex 38.3383 -33.4863 28
      vertex 38.1756 -33.618 0
      vertex 38.3383 -33.4863 0
    endloop
  endfacet
  facet normal 0.454269 0.890864 -0
    outer loop
      vertex 38 33.732 0
      vertex 37.8135 33.8271 28
      vertex 38 33.732 28
    endloop
  endfacet
  facet normal 0.454269 0.890864 0
    outer loop
      vertex 37.8135 33.8271 28
      vertex 38 33.732 0
      vertex 37.8135 33.8271 0
    endloop
  endfacet
  facet normal 0.544518 0.838749 -0
    outer loop
      vertex 38.1756 33.618 0
      vertex 38 33.732 28
      vertex 38.1756 33.618 28
    endloop
  endfacet
  facet normal 0.544518 0.838749 0
    outer loop
      vertex 38 33.732 28
      vertex 38.1756 33.618 0
      vertex 38 33.732 0
    endloop
  endfacet
  facet normal 0.987716 0.156257 0
    outer loop
      vertex 38.989 32.2091 28
      vertex 38.9563 32.4158 0
      vertex 38.9563 32.4158 28
    endloop
  endfacet
  facet normal 0.987716 0.156257 0
    outer loop
      vertex 38.9563 32.4158 0
      vertex 38.989 32.2091 28
      vertex 38.989 32.2091 0
    endloop
  endfacet
  facet normal 0.707107 0.707107 0
    outer loop
      vertex 38.4863 33.3383 28
      vertex 38.3383 33.4863 0
      vertex 38.3383 33.4863 28
    endloop
  endfacet
  facet normal 0.707107 0.707107 0
    outer loop
      vertex 38.3383 33.4863 0
      vertex 38.4863 33.3383 28
      vertex 38.4863 33.3383 0
    endloop
  endfacet
  facet normal 0.838749 0.544518 0
    outer loop
      vertex 38.732 33 28
      vertex 38.618 33.1756 0
      vertex 38.618 33.1756 28
    endloop
  endfacet
  facet normal 0.838749 0.544518 0
    outer loop
      vertex 38.618 33.1756 0
      vertex 38.732 33 28
      vertex 38.732 33 0
    endloop
  endfacet
  facet normal 0.890864 0.454269 0
    outer loop
      vertex 38.8271 32.8135 28
      vertex 38.732 33 0
      vertex 38.732 33 28
    endloop
  endfacet
  facet normal 0.890864 0.454269 0
    outer loop
      vertex 38.732 33 0
      vertex 38.8271 32.8135 28
      vertex 38.8271 32.8135 0
    endloop
  endfacet
  facet normal 0.965901 0.258911 0
    outer loop
      vertex 38.9563 32.4158 28
      vertex 38.9021 32.618 0
      vertex 38.9021 32.618 28
    endloop
  endfacet
  facet normal 0.965901 0.258911 0
    outer loop
      vertex 38.9021 32.618 0
      vertex 38.9563 32.4158 28
      vertex 38.9563 32.4158 0
    endloop
  endfacet
  facet normal 0.0525338 -0.998619 0
    outer loop
      vertex 37 -34 0
      vertex 37.2091 -33.989 28
      vertex 37 -34 28
    endloop
  endfacet
  facet normal 0.0525338 -0.998619 0
    outer loop
      vertex 37.2091 -33.989 28
      vertex 37 -34 0
      vertex 37.2091 -33.989 0
    endloop
  endfacet
  facet normal 0.987716 -0.156257 0
    outer loop
      vertex 38.9563 -32.4158 28
      vertex 38.989 -32.2091 0
      vertex 38.989 -32.2091 28
    endloop
  endfacet
  facet normal 0.987716 -0.156257 0
    outer loop
      vertex 38.989 -32.2091 0
      vertex 38.9563 -32.4158 28
      vertex 38.9563 -32.4158 0
    endloop
  endfacet
  facet normal 0.998619 -0.0525338 0
    outer loop
      vertex 38.989 -32.2091 28
      vertex 39 -32 0
      vertex 39 -32 28
    endloop
  endfacet
  facet normal 0.998619 -0.0525338 0
    outer loop
      vertex 39 -32 0
      vertex 38.989 -32.2091 28
      vertex 38.989 -32.2091 0
    endloop
  endfacet
  facet normal 0.258911 -0.965901 0
    outer loop
      vertex 37.4158 -33.9563 0
      vertex 37.618 -33.9021 28
      vertex 37.4158 -33.9563 28
    endloop
  endfacet
  facet normal 0.258911 -0.965901 0
    outer loop
      vertex 37.618 -33.9021 28
      vertex 37.4158 -33.9563 0
      vertex 37.618 -33.9021 0
    endloop
  endfacet
  facet normal 0.965901 -0.258911 0
    outer loop
      vertex 38.9021 -32.618 28
      vertex 38.9563 -32.4158 0
      vertex 38.9563 -32.4158 28
    endloop
  endfacet
  facet normal 0.965901 -0.258911 0
    outer loop
      vertex 38.9563 -32.4158 0
      vertex 38.9021 -32.618 28
      vertex 38.9021 -32.618 0
    endloop
  endfacet
  facet normal 0.838749 -0.544518 0
    outer loop
      vertex 38.618 -33.1756 28
      vertex 38.732 -33 0
      vertex 38.732 -33 28
    endloop
  endfacet
  facet normal 0.838749 -0.544518 0
    outer loop
      vertex 38.732 -33 0
      vertex 38.618 -33.1756 28
      vertex 38.618 -33.1756 0
    endloop
  endfacet
  facet normal 0.707107 -0.707107 0
    outer loop
      vertex 38.3383 -33.4863 28
      vertex 38.4863 -33.3383 0
      vertex 38.4863 -33.3383 28
    endloop
  endfacet
  facet normal 0.707107 -0.707107 0
    outer loop
      vertex 38.4863 -33.3383 0
      vertex 38.3383 -33.4863 28
      vertex 38.3383 -33.4863 0
    endloop
  endfacet
  facet normal 0.156257 -0.987716 0
    outer loop
      vertex 37.2091 -33.989 0
      vertex 37.4158 -33.9563 28
      vertex 37.2091 -33.989 28
    endloop
  endfacet
  facet normal 0.156257 -0.987716 0
    outer loop
      vertex 37.4158 -33.9563 28
      vertex 37.2091 -33.989 0
      vertex 37.4158 -33.9563 0
    endloop
  endfacet
  facet normal 0.454269 -0.890864 0
    outer loop
      vertex 37.8135 -33.8271 0
      vertex 38 -33.732 28
      vertex 37.8135 -33.8271 28
    endloop
  endfacet
  facet normal 0.454269 -0.890864 0
    outer loop
      vertex 38 -33.732 28
      vertex 37.8135 -33.8271 0
      vertex 38 -33.732 0
    endloop
  endfacet
  facet normal 0.358179 -0.933653 0
    outer loop
      vertex 37.618 -33.9021 0
      vertex 37.8135 -33.8271 28
      vertex 37.618 -33.9021 28
    endloop
  endfacet
  facet normal 0.358179 -0.933653 0
    outer loop
      vertex 37.8135 -33.8271 28
      vertex 37.618 -33.9021 0
      vertex 37.8135 -33.8271 0
    endloop
  endfacet
  facet normal 0.890864 -0.454269 0
    outer loop
      vertex 38.732 -33 28
      vertex 38.8271 -32.8135 0
      vertex 38.8271 -32.8135 28
    endloop
  endfacet
  facet normal 0.890864 -0.454269 0
    outer loop
      vertex 38.8271 -32.8135 0
      vertex 38.732 -33 28
      vertex 38.732 -33 0
    endloop
  endfacet
  facet normal 1 -0 0
    outer loop
      vertex -32 16.6628 14.3534
      vertex -32 26 5.5
      vertex -32 26 28
    endloop
  endfacet
  facet normal 1 0 0
    outer loop
      vertex -32 26 5.5
      vertex -32 16.6907 14.1777
      vertex -32 16.7 14
    endloop
  endfacet
  facet normal 1 0 0
    outer loop
      vertex -32 26 5.5
      vertex -32 16.6628 14.3534
      vertex -32 16.6907 14.1777
    endloop
  endfacet
  facet normal 1 0 0
    outer loop
      vertex -32 26 28
      vertex -32 16.6168 14.5253
      vertex -32 16.6628 14.3534
    endloop
  endfacet
  facet normal 1 0 0
    outer loop
      vertex -32 26 28
      vertex -32 16.553 14.6915
      vertex -32 16.6168 14.5253
    endloop
  endfacet
  facet normal 1 0 0
    outer loop
      vertex -32 26 28
      vertex -32 16.4722 14.85
      vertex -32 16.553 14.6915
    endloop
  endfacet
  facet normal 1 0 0
    outer loop
      vertex -32 26 28
      vertex -32 16.3753 14.9992
      vertex -32 16.4722 14.85
    endloop
  endfacet
  facet normal 1 0 0
    outer loop
      vertex -32 26 28
      vertex -32 16.2633 15.1375
      vertex -32 16.3753 14.9992
    endloop
  endfacet
  facet normal 1 0 0
    outer loop
      vertex -32 26 28
      vertex -32 16.1375 15.2633
      vertex -32 16.2633 15.1375
    endloop
  endfacet
  facet normal 1 0 0
    outer loop
      vertex -32 26 28
      vertex -32 15.9992 15.3753
      vertex -32 16.1375 15.2633
    endloop
  endfacet
  facet normal 1 0 0
    outer loop
      vertex -32 26 28
      vertex -32 15.85 15.4722
      vertex -32 15.9992 15.3753
    endloop
  endfacet
  facet normal 1 0 0
    outer loop
      vertex -32 26 28
      vertex -32 15.6915 15.553
      vertex -32 15.85 15.4722
    endloop
  endfacet
  facet normal 1 0 0
    outer loop
      vertex -32 26 28
      vertex -32 15.5253 15.6168
      vertex -32 15.6915 15.553
    endloop
  endfacet
  facet normal 1 0 0
    outer loop
      vertex -32 26 28
      vertex -32 15.3534 15.6629
      vertex -32 15.5253 15.6168
    endloop
  endfacet
  facet normal 1 0 0
    outer loop
      vertex -32 26 28
      vertex -32 15.1777 15.6907
      vertex -32 15.3534 15.6629
    endloop
  endfacet
  facet normal 1 0 0
    outer loop
      vertex -32 26 28
      vertex -32 15 15.7
      vertex -32 15.1777 15.6907
    endloop
  endfacet
  facet normal 1 0 0
    outer loop
      vertex -32 26 28
      vertex -32 14.8223 15.6907
      vertex -32 15 15.7
    endloop
  endfacet
  facet normal 1 0 0
    outer loop
      vertex -32 26 28
      vertex -32 14.6466 15.6629
      vertex -32 14.8223 15.6907
    endloop
  endfacet
  facet normal 1 0 0
    outer loop
      vertex -32 26 28
      vertex -32 14.4747 15.6168
      vertex -32 14.6466 15.6629
    endloop
  endfacet
  facet normal 1 0 0
    outer loop
      vertex -32 26 28
      vertex -32 14.3085 15.553
      vertex -32 14.4747 15.6168
    endloop
  endfacet
  facet normal 1 0 0
    outer loop
      vertex -32 26 28
      vertex -32 14.15 15.4722
      vertex -32 14.3085 15.553
    endloop
  endfacet
  facet normal 1 0 0
    outer loop
      vertex -32 -14.15 15.4722
      vertex -32 14.15 15.4722
      vertex -32 26 28
    endloop
  endfacet
  facet normal 1 0 0
    outer loop
      vertex -32 14.15 15.4722
      vertex -32 -14.15 15.4722
      vertex -32 14.0008 15.3753
    endloop
  endfacet
  facet normal 1 0 -0
    outer loop
      vertex -32 -14.0008 15.3753
      vertex -32 14.0008 15.3753
      vertex -32 -14.15 15.4722
    endloop
  endfacet
  facet normal 1 0 0
    outer loop
      vertex -32 13.3093 14.1777
      vertex -32 -13.3 14
      vertex -32 13.3 14
    endloop
  endfacet
  facet normal 1 0 0
    outer loop
      vertex -32 -13.3093 14.1777
      vertex -32 13.3093 14.1777
      vertex -32 13.3371 14.3534
    endloop
  endfacet
  facet normal 1 0 0
    outer loop
      vertex -32 -13.3371 14.3534
      vertex -32 13.3371 14.3534
      vertex -32 13.3832 14.5253
    endloop
  endfacet
  facet normal 1 0 0
    outer loop
      vertex -32 -13.3832 14.5253
      vertex -32 13.3832 14.5253
      vertex -32 13.447 14.6915
    endloop
  endfacet
  facet normal 1 0 0
    outer loop
      vertex -32 -13.447 14.6915
      vertex -32 13.447 14.6915
      vertex -32 13.5278 14.85
    endloop
  endfacet
  facet normal 1 0 0
    outer loop
      vertex -32 -13.5278 14.85
      vertex -32 13.5278 14.85
      vertex -32 13.6247 14.9992
    endloop
  endfacet
  facet normal 1 0 0
    outer loop
      vertex -32 -13.6247 14.9992
      vertex -32 13.6247 14.9992
      vertex -32 13.7367 15.1375
    endloop
  endfacet
  facet normal 1 0 0
    outer loop
      vertex -32 14.0008 15.3753
      vertex -32 -14.0008 15.3753
      vertex -32 13.8625 15.2633
    endloop
  endfacet
  facet normal 1 0 0
    outer loop
      vertex -32 13.3093 14.1777
      vertex -32 -13.3093 14.1777
      vertex -32 -13.3 14
    endloop
  endfacet
  facet normal 1 0 0
    outer loop
      vertex -32 13.3371 14.3534
      vertex -32 -13.3371 14.3534
      vertex -32 -13.3093 14.1777
    endloop
  endfacet
  facet normal 1 0 0
    outer loop
      vertex -32 13.3832 14.5253
      vertex -32 -13.3832 14.5253
      vertex -32 -13.3371 14.3534
    endloop
  endfacet
  facet normal 1 0 0
    outer loop
      vertex -32 13.447 14.6915
      vertex -32 -13.447 14.6915
      vertex -32 -13.3832 14.5253
    endloop
  endfacet
  facet normal 1 0 0
    outer loop
      vertex -32 13.5278 14.85
      vertex -32 -13.5278 14.85
      vertex -32 -13.447 14.6915
    endloop
  endfacet
  facet normal 1 0 0
    outer loop
      vertex -32 13.6247 14.9992
      vertex -32 -13.6247 14.9992
      vertex -32 -13.5278 14.85
    endloop
  endfacet
  facet normal 1 0 0
    outer loop
      vertex -32 13.7367 15.1375
      vertex -32 -13.7367 15.1375
      vertex -32 -13.6247 14.9992
    endloop
  endfacet
  facet normal 1 0 0
    outer loop
      vertex -32 13.7367 15.1375
      vertex -32 -13.8625 15.2633
      vertex -32 -13.7367 15.1375
    endloop
  endfacet
  facet normal 1 0 0
    outer loop
      vertex -32 13.8625 15.2633
      vertex -32 -13.8625 15.2633
      vertex -32 13.7367 15.1375
    endloop
  endfacet
  facet normal 1 0 -0
    outer loop
      vertex -32 -13.8625 15.2633
      vertex -32 13.8625 15.2633
      vertex -32 -14.0008 15.3753
    endloop
  endfacet
  facet normal 1 -0 0
    outer loop
      vertex -32 -26 28
      vertex -32 -14.15 15.4722
      vertex -32 26 28
    endloop
  endfacet
  facet normal 1 0 0
    outer loop
      vertex -32 -14.15 15.4722
      vertex -32 -26 28
      vertex -32 -14.3085 15.553
    endloop
  endfacet
  facet normal 1 0 0
    outer loop
      vertex -32 -14.3085 15.553
      vertex -32 -26 28
      vertex -32 -14.4747 15.6168
    endloop
  endfacet
  facet normal 1 0 0
    outer loop
      vertex -32 -14.4747 15.6168
      vertex -32 -26 28
      vertex -32 -14.6466 15.6629
    endloop
  endfacet
  facet normal 1 0 0
    outer loop
      vertex -32 -14.6466 15.6629
      vertex -32 -26 28
      vertex -32 -14.8223 15.6907
    endloop
  endfacet
  facet normal 1 0 0
    outer loop
      vertex -32 -14.8223 15.6907
      vertex -32 -26 28
      vertex -32 -15 15.7
    endloop
  endfacet
  facet normal 1 0 0
    outer loop
      vertex -32 -15 15.7
      vertex -32 -26 28
      vertex -32 -15.1777 15.6907
    endloop
  endfacet
  facet normal 1 0 0
    outer loop
      vertex -32 -15.1777 15.6907
      vertex -32 -26 28
      vertex -32 -15.3534 15.6629
    endloop
  endfacet
  facet normal 1 0 0
    outer loop
      vertex -32 -16.6628 14.3534
      vertex -32 -26 5.5
      vertex -32 -16.6907 14.1777
    endloop
  endfacet
  facet normal 1 0 0
    outer loop
      vertex -32 -26 5.5
      vertex -32 -16.6628 14.3534
      vertex -32 -26 28
    endloop
  endfacet
  facet normal 1 0 0
    outer loop
      vertex -32 -16.6168 14.5253
      vertex -32 -26 28
      vertex -32 -16.6628 14.3534
    endloop
  endfacet
  facet normal 1 0 0
    outer loop
      vertex -32 -16.553 14.6915
      vertex -32 -26 28
      vertex -32 -16.6168 14.5253
    endloop
  endfacet
  facet normal 1 0 0
    outer loop
      vertex -32 -16.4722 14.85
      vertex -32 -26 28
      vertex -32 -16.553 14.6915
    endloop
  endfacet
  facet normal 1 0 0
    outer loop
      vertex -32 -16.3753 14.9992
      vertex -32 -26 28
      vertex -32 -16.4722 14.85
    endloop
  endfacet
  facet normal 1 0 0
    outer loop
      vertex -32 -16.2633 15.1375
      vertex -32 -26 28
      vertex -32 -16.3753 14.9992
    endloop
  endfacet
  facet normal 1 0 0
    outer loop
      vertex -32 -16.1375 15.2633
      vertex -32 -26 28
      vertex -32 -16.2633 15.1375
    endloop
  endfacet
  facet normal 1 0 0
    outer loop
      vertex -32 -15.9992 15.3753
      vertex -32 -26 28
      vertex -32 -16.1375 15.2633
    endloop
  endfacet
  facet normal 1 0 0
    outer loop
      vertex -32 -15.85 15.4722
      vertex -32 -26 28
      vertex -32 -15.9992 15.3753
    endloop
  endfacet
  facet normal 1 0 0
    outer loop
      vertex -32 -15.6915 15.553
      vertex -32 -26 28
      vertex -32 -15.85 15.4722
    endloop
  endfacet
  facet normal 1 0 0
    outer loop
      vertex -32 -15.5253 15.6168
      vertex -32 -26 28
      vertex -32 -15.6915 15.553
    endloop
  endfacet
  facet normal 1 0 0
    outer loop
      vertex -32 -15.3534 15.6629
      vertex -32 -26 28
      vertex -32 -15.5253 15.6168
    endloop
  endfacet
  facet normal 1 -0 0
    outer loop
      vertex -32 16.6907 13.8223
      vertex -32 26 5.5
      vertex -32 16.7 14
    endloop
  endfacet
  facet normal 1 -0 0
    outer loop
      vertex -32 16.6628 13.6466
      vertex -32 26 5.5
      vertex -32 16.6907 13.8223
    endloop
  endfacet
  facet normal 1 -0 0
    outer loop
      vertex -32 16.6168 13.4747
      vertex -32 26 5.5
      vertex -32 16.6628 13.6466
    endloop
  endfacet
  facet normal 1 -0 0
    outer loop
      vertex -32 16.553 13.3085
      vertex -32 26 5.5
      vertex -32 16.6168 13.4747
    endloop
  endfacet
  facet normal 1 -0 0
    outer loop
      vertex -32 16.4722 13.15
      vertex -32 26 5.5
      vertex -32 16.553 13.3085
    endloop
  endfacet
  facet normal 1 -0 0
    outer loop
      vertex -32 16.3753 13.0008
      vertex -32 26 5.5
      vertex -32 16.4722 13.15
    endloop
  endfacet
  facet normal 1 -0 0
    outer loop
      vertex -32 16.2633 12.8625
      vertex -32 26 5.5
      vertex -32 16.3753 13.0008
    endloop
  endfacet
  facet normal 1 -0 0
    outer loop
      vertex -32 16.1375 12.7367
      vertex -32 26 5.5
      vertex -32 16.2633 12.8625
    endloop
  endfacet
  facet normal 1 -0 0
    outer loop
      vertex -32 15.9992 12.6247
      vertex -32 26 5.5
      vertex -32 16.1375 12.7367
    endloop
  endfacet
  facet normal 1 -0 0
    outer loop
      vertex -32 15.85 12.5278
      vertex -32 26 5.5
      vertex -32 15.9992 12.6247
    endloop
  endfacet
  facet normal 1 -0 0
    outer loop
      vertex -32 15.6915 12.447
      vertex -32 26 5.5
      vertex -32 15.85 12.5278
    endloop
  endfacet
  facet normal 1 -0 0
    outer loop
      vertex -32 15.5253 12.3832
      vertex -32 26 5.5
      vertex -32 15.6915 12.447
    endloop
  endfacet
  facet normal 1 -0 0
    outer loop
      vertex -32 15.3534 12.3371
      vertex -32 26 5.5
      vertex -32 15.5253 12.3832
    endloop
  endfacet
  facet normal 1 -0 0
    outer loop
      vertex -32 15.1777 12.3093
      vertex -32 26 5.5
      vertex -32 15.3534 12.3371
    endloop
  endfacet
  facet normal 1 -0 0
    outer loop
      vertex -32 15 12.3
      vertex -32 26 5.5
      vertex -32 15.1777 12.3093
    endloop
  endfacet
  facet normal 1 0 0
    outer loop
      vertex -32 14.8223 12.3093
      vertex -32 26 5.5
      vertex -32 15 12.3
    endloop
  endfacet
  facet normal 1 0 0
    outer loop
      vertex -32 14.6466 12.3371
      vertex -32 26 5.5
      vertex -32 14.8223 12.3093
    endloop
  endfacet
  facet normal 1 0 0
    outer loop
      vertex -32 14.4747 12.3832
      vertex -32 26 5.5
      vertex -32 14.6466 12.3371
    endloop
  endfacet
  facet normal 1 0 0
    outer loop
      vertex -32 14.3085 12.447
      vertex -32 26 5.5
      vertex -32 14.4747 12.3832
    endloop
  endfacet
  facet normal 1 0 0
    outer loop
      vertex -32 -14.3085 12.447
      vertex -32 14.3085 12.447
      vertex -32 14.15 12.5278
    endloop
  endfacet
  facet normal 1 -0 0
    outer loop
      vertex -32 -13.3 14
      vertex -32 13.3093 13.8223
      vertex -32 13.3 14
    endloop
  endfacet
  facet normal 1 0 0
    outer loop
      vertex -32 -13.3093 13.8223
      vertex -32 13.3093 13.8223
      vertex -32 -13.3 14
    endloop
  endfacet
  facet normal 1 0 0
    outer loop
      vertex -32 13.3093 13.8223
      vertex -32 -13.3093 13.8223
      vertex -32 13.3371 13.6466
    endloop
  endfacet
  facet normal 1 0 0
    outer loop
      vertex -32 -13.3371 13.6466
      vertex -32 13.3371 13.6466
      vertex -32 -13.3093 13.8223
    endloop
  endfacet
  facet normal 1 0 0
    outer loop
      vertex -32 13.3371 13.6466
      vertex -32 -13.3371 13.6466
      vertex -32 13.3832 13.4747
    endloop
  endfacet
  facet normal 1 0 0
    outer loop
      vertex -32 -13.3832 13.4747
      vertex -32 13.3832 13.4747
      vertex -32 -13.3371 13.6466
    endloop
  endfacet
  facet normal 1 0 0
    outer loop
      vertex -32 13.3832 13.4747
      vertex -32 -13.3832 13.4747
      vertex -32 13.447 13.3085
    endloop
  endfacet
  facet normal 1 0 0
    outer loop
      vertex -32 -13.447 13.3085
      vertex -32 13.447 13.3085
      vertex -32 -13.3832 13.4747
    endloop
  endfacet
  facet normal 1 0 0
    outer loop
      vertex -32 13.447 13.3085
      vertex -32 -13.447 13.3085
      vertex -32 13.5278 13.15
    endloop
  endfacet
  facet normal 1 0 0
    outer loop
      vertex -32 -13.5278 13.15
      vertex -32 13.5278 13.15
      vertex -32 -13.447 13.3085
    endloop
  endfacet
  facet normal 1 0 0
    outer loop
      vertex -32 13.5278 13.15
      vertex -32 -13.5278 13.15
      vertex -32 13.6247 13.0008
    endloop
  endfacet
  facet normal 1 0 0
    outer loop
      vertex -32 -13.6247 13.0008
      vertex -32 13.6247 13.0008
      vertex -32 -13.5278 13.15
    endloop
  endfacet
  facet normal 1 0 0
    outer loop
      vertex -32 13.6247 13.0008
      vertex -32 -13.6247 13.0008
      vertex -32 13.7367 12.8625
    endloop
  endfacet
  facet normal 1 0 0
    outer loop
      vertex -32 -13.7367 12.8625
      vertex -32 13.7367 12.8625
      vertex -32 -13.6247 13.0008
    endloop
  endfacet
  facet normal 1 0 0
    outer loop
      vertex -32 13.7367 12.8625
      vertex -32 -13.7367 12.8625
      vertex -32 13.8625 12.7367
    endloop
  endfacet
  facet normal 1 0 0
    outer loop
      vertex -32 -13.8625 12.7367
      vertex -32 13.8625 12.7367
      vertex -32 -13.7367 12.8625
    endloop
  endfacet
  facet normal 1 0 0
    outer loop
      vertex -32 13.8625 12.7367
      vertex -32 -13.8625 12.7367
      vertex -32 14.0008 12.6247
    endloop
  endfacet
  facet normal 1 0 0
    outer loop
      vertex -32 -14.0008 12.6247
      vertex -32 14.0008 12.6247
      vertex -32 -13.8625 12.7367
    endloop
  endfacet
  facet normal 1 0 0
    outer loop
      vertex -32 14.0008 12.6247
      vertex -32 -14.0008 12.6247
      vertex -32 14.15 12.5278
    endloop
  endfacet
  facet normal 1 0 0
    outer loop
      vertex -32 -14.15 12.5278
      vertex -32 14.15 12.5278
      vertex -32 -14.0008 12.6247
    endloop
  endfacet
  facet normal 1 0 0
    outer loop
      vertex -32 -14.3085 12.447
      vertex -32 14.15 12.5278
      vertex -32 -14.15 12.5278
    endloop
  endfacet
  facet normal 1 0 0
    outer loop
      vertex -32 14.3085 12.447
      vertex -32 -14.3085 12.447
      vertex -32 26 5.5
    endloop
  endfacet
  facet normal 1 -0 0
    outer loop
      vertex -32 -14.4747 12.3832
      vertex -32 26 5.5
      vertex -32 -14.3085 12.447
    endloop
  endfacet
  facet normal 1 0 0
    outer loop
      vertex -32 -26 5.5
      vertex -32 -14.4747 12.3832
      vertex -32 -14.6466 12.3371
    endloop
  endfacet
  facet normal 1 0 0
    outer loop
      vertex -32 -26 5.5
      vertex -32 -14.6466 12.3371
      vertex -32 -14.8223 12.3093
    endloop
  endfacet
  facet normal 1 0 0
    outer loop
      vertex -32 -26 5.5
      vertex -32 -14.8223 12.3093
      vertex -32 -15 12.3
    endloop
  endfacet
  facet normal 1 0 0
    outer loop
      vertex -32 -26 5.5
      vertex -32 -15 12.3
      vertex -32 -15.1777 12.3093
    endloop
  endfacet
  facet normal 1 0 0
    outer loop
      vertex -32 -26 5.5
      vertex -32 -15.1777 12.3093
      vertex -32 -15.3534 12.3371
    endloop
  endfacet
  facet normal 1 0 0
    outer loop
      vertex -32 -16.6907 14.1777
      vertex -32 -26 5.5
      vertex -32 -16.7 14
    endloop
  endfacet
  facet normal 1 0 0
    outer loop
      vertex -32 -16.7 14
      vertex -32 -26 5.5
      vertex -32 -16.6907 13.8223
    endloop
  endfacet
  facet normal 1 0 0
    outer loop
      vertex -32 -16.6907 13.8223
      vertex -32 -26 5.5
      vertex -32 -16.6628 13.6466
    endloop
  endfacet
  facet normal 1 0 0
    outer loop
      vertex -32 -16.6628 13.6466
      vertex -32 -26 5.5
      vertex -32 -16.6168 13.4747
    endloop
  endfacet
  facet normal 1 0 0
    outer loop
      vertex -32 -16.6168 13.4747
      vertex -32 -26 5.5
      vertex -32 -16.553 13.3085
    endloop
  endfacet
  facet normal 1 0 0
    outer loop
      vertex -32 -14.4747 12.3832
      vertex -32 -26 5.5
      vertex -32 26 5.5
    endloop
  endfacet
  facet normal 1 0 0
    outer loop
      vertex -32 -15.5253 12.3832
      vertex -32 -26 5.5
      vertex -32 -15.3534 12.3371
    endloop
  endfacet
  facet normal 1 0 0
    outer loop
      vertex -32 -15.6915 12.447
      vertex -32 -26 5.5
      vertex -32 -15.5253 12.3832
    endloop
  endfacet
  facet normal 1 0 0
    outer loop
      vertex -32 -15.85 12.5278
      vertex -32 -26 5.5
      vertex -32 -15.6915 12.447
    endloop
  endfacet
  facet normal 1 0 0
    outer loop
      vertex -32 -15.9992 12.6247
      vertex -32 -26 5.5
      vertex -32 -15.85 12.5278
    endloop
  endfacet
  facet normal 1 0 0
    outer loop
      vertex -32 -16.1375 12.7367
      vertex -32 -26 5.5
      vertex -32 -15.9992 12.6247
    endloop
  endfacet
  facet normal 1 0 0
    outer loop
      vertex -32 -16.2633 12.8625
      vertex -32 -26 5.5
      vertex -32 -16.1375 12.7367
    endloop
  endfacet
  facet normal 1 0 0
    outer loop
      vertex -32 -16.3753 13.0008
      vertex -32 -26 5.5
      vertex -32 -16.2633 12.8625
    endloop
  endfacet
  facet normal 1 0 0
    outer loop
      vertex -32 -16.4722 13.15
      vertex -32 -26 5.5
      vertex -32 -16.3753 13.0008
    endloop
  endfacet
  facet normal 1 0 0
    outer loop
      vertex -32 -16.553 13.3085
      vertex -32 -26 5.5
      vertex -32 -16.4722 13.15
    endloop
  endfacet
  facet normal 0.453697 0.891156 -0
    outer loop
      vertex -31.4067 -26.9135 5.5
      vertex -31.5 -26.866 28
      vertex -31.4067 -26.9135 28
    endloop
  endfacet
  facet normal 0.453697 0.891156 0
    outer loop
      vertex -31.5 -26.866 28
      vertex -31.4067 -26.9135 5.5
      vertex -31.5 -26.866 5.5
    endloop
  endfacet
  facet normal -0.998618 -0.0525588 0
    outer loop
      vertex 32 26 5.5
      vertex 31.9945 26.1045 28
      vertex 31.9945 26.1045 5.5
    endloop
  endfacet
  facet normal -0.998618 -0.0525588 0
    outer loop
      vertex 31.9945 26.1045 28
      vertex 32 26 5.5
      vertex 32 26 28
    endloop
  endfacet
  facet normal 0.998618 -0.0525588 0
    outer loop
      vertex -32 26 28
      vertex -31.9945 26.1045 5.5
      vertex -31.9945 26.1045 28
    endloop
  endfacet
  facet normal 0.998618 -0.0525588 0
    outer loop
      vertex -31.9945 26.1045 5.5
      vertex -32 26 28
      vertex -32 26 5.5
    endloop
  endfacet
  facet normal 0 -1 0
    outer loop
      vertex -31 27 5.5
      vertex 31 27 28
      vertex -31 27 28
    endloop
  endfacet
  facet normal 0 -1 -0
    outer loop
      vertex 31 27 28
      vertex -31 27 5.5
      vertex 31 27 5.5
    endloop
  endfacet
  facet normal -1 0 0
    outer loop
      vertex 32 16.6907 14.1777
      vertex 32 26 5.5
      vertex 32 16.7 14
    endloop
  endfacet
  facet normal -1 0 0
    outer loop
      vertex 32 26 5.5
      vertex 32 16.6907 13.8223
      vertex 32 16.7 14
    endloop
  endfacet
  facet normal -1 0 0
    outer loop
      vertex 32 26 5.5
      vertex 32 16.6628 13.6466
      vertex 32 16.6907 13.8223
    endloop
  endfacet
  facet normal -1 0 0
    outer loop
      vertex 32 26 5.5
      vertex 32 16.6168 13.4747
      vertex 32 16.6628 13.6466
    endloop
  endfacet
  facet normal -1 0 0
    outer loop
      vertex 32 26 5.5
      vertex 32 16.553 13.3085
      vertex 32 16.6168 13.4747
    endloop
  endfacet
  facet normal -1 0 0
    outer loop
      vertex 32 26 5.5
      vertex 32 16.4722 13.15
      vertex 32 16.553 13.3085
    endloop
  endfacet
  facet normal -1 0 0
    outer loop
      vertex 32 26 5.5
      vertex 32 16.3753 13.0008
      vertex 32 16.4722 13.15
    endloop
  endfacet
  facet normal -1 0 0
    outer loop
      vertex 32 26 5.5
      vertex 32 16.2633 12.8625
      vertex 32 16.3753 13.0008
    endloop
  endfacet
  facet normal -1 0 0
    outer loop
      vertex 32 26 5.5
      vertex 32 16.1375 12.7367
      vertex 32 16.2633 12.8625
    endloop
  endfacet
  facet normal -1 0 0
    outer loop
      vertex 32 26 5.5
      vertex 32 15.9992 12.6247
      vertex 32 16.1375 12.7367
    endloop
  endfacet
  facet normal -1 0 0
    outer loop
      vertex 32 26 5.5
      vertex 32 15.85 12.5278
      vertex 32 15.9992 12.6247
    endloop
  endfacet
  facet normal -1 0 0
    outer loop
      vertex 32 26 5.5
      vertex 32 15.6915 12.447
      vertex 32 15.85 12.5278
    endloop
  endfacet
  facet normal -1 0 0
    outer loop
      vertex 32 26 5.5
      vertex 32 15.5253 12.3832
      vertex 32 15.6915 12.447
    endloop
  endfacet
  facet normal -1 0 0
    outer loop
      vertex 32 26 5.5
      vertex 32 15.3534 12.3371
      vertex 32 15.5253 12.3832
    endloop
  endfacet
  facet normal -1 0 0
    outer loop
      vertex 32 26 5.5
      vertex 32 15.1777 12.3093
      vertex 32 15.3534 12.3371
    endloop
  endfacet
  facet normal -1 0 0
    outer loop
      vertex 32 26 5.5
      vertex 32 15 12.3
      vertex 32 15.1777 12.3093
    endloop
  endfacet
  facet normal -1 0 0
    outer loop
      vertex 32 26 5.5
      vertex 32 14.8223 12.3093
      vertex 32 15 12.3
    endloop
  endfacet
  facet normal -1 0 0
    outer loop
      vertex 32 1.65 7.9
      vertex 32 14.8223 12.3093
      vertex 32 26 5.5
    endloop
  endfacet
  facet normal -1 -0 0
    outer loop
      vertex 32 14.8223 12.3093
      vertex 32 1.65 7.9
      vertex 32 14.6466 12.3371
    endloop
  endfacet
  facet normal -1 -0 0
    outer loop
      vertex 32 14.6466 12.3371
      vertex 32 1.65 7.9
      vertex 32 14.4747 12.3832
    endloop
  endfacet
  facet normal -1 -0 0
    outer loop
      vertex 32 14.4747 12.3832
      vertex 32 1.65 7.9
      vertex 32 14.3085 12.447
    endloop
  endfacet
  facet normal -1 -0 0
    outer loop
      vertex 32 13.3093 13.8223
      vertex 32 1.65 7.9
      vertex 32 13.3 14
    endloop
  endfacet
  facet normal -1 -0 0
    outer loop
      vertex 32 13.3371 13.6466
      vertex 32 1.65 7.9
      vertex 32 13.3093 13.8223
    endloop
  endfacet
  facet normal -1 -0 0
    outer loop
      vertex 32 13.3832 13.4747
      vertex 32 1.65 7.9
      vertex 32 13.3371 13.6466
    endloop
  endfacet
  facet normal -1 -0 0
    outer loop
      vertex 32 13.447 13.3085
      vertex 32 1.65 7.9
      vertex 32 13.3832 13.4747
    endloop
  endfacet
  facet normal -1 -0 0
    outer loop
      vertex 32 13.5278 13.15
      vertex 32 1.65 7.9
      vertex 32 13.447 13.3085
    endloop
  endfacet
  facet normal -1 -0 0
    outer loop
      vertex 32 13.6247 13.0008
      vertex 32 1.65 7.9
      vertex 32 13.5278 13.15
    endloop
  endfacet
  facet normal -1 -0 0
    outer loop
      vertex 32 13.7367 12.8625
      vertex 32 1.65 7.9
      vertex 32 13.6247 13.0008
    endloop
  endfacet
  facet normal -1 -0 0
    outer loop
      vertex 32 13.8625 12.7367
      vertex 32 1.65 7.9
      vertex 32 13.7367 12.8625
    endloop
  endfacet
  facet normal -1 -0 0
    outer loop
      vertex 32 14.0008 12.6247
      vertex 32 1.65 7.9
      vertex 32 13.8625 12.7367
    endloop
  endfacet
  facet normal -1 -0 0
    outer loop
      vertex 32 14.15 12.5278
      vertex 32 1.65 7.9
      vertex 32 14.0008 12.6247
    endloop
  endfacet
  facet normal -1 -0 0
    outer loop
      vertex 32 14.3085 12.447
      vertex 32 1.65 7.9
      vertex 32 14.15 12.5278
    endloop
  endfacet
  facet normal -1 0 0
    outer loop
      vertex 32 26 5.5
      vertex 32 -1.65 7.9
      vertex 32 1.65 7.9
    endloop
  endfacet
  facet normal -1 0 0
    outer loop
      vertex 32 -1.65 7.9
      vertex 32 -13.3 14
      vertex 32 -1.65 20.1
    endloop
  endfacet
  facet normal -1 0 0
    outer loop
      vertex 32 -1.65 7.9
      vertex 32 -13.3093 13.8223
      vertex 32 -13.3 14
    endloop
  endfacet
  facet normal -1 0 0
    outer loop
      vertex 32 -1.65 7.9
      vertex 32 -13.3371 13.6466
      vertex 32 -13.3093 13.8223
    endloop
  endfacet
  facet normal -1 0 0
    outer loop
      vertex 32 -1.65 7.9
      vertex 32 -13.3832 13.4747
      vertex 32 -13.3371 13.6466
    endloop
  endfacet
  facet normal -1 0 0
    outer loop
      vertex 32 -1.65 7.9
      vertex 32 -13.447 13.3085
      vertex 32 -13.3832 13.4747
    endloop
  endfacet
  facet normal -1 0 0
    outer loop
      vertex 32 -1.65 7.9
      vertex 32 -13.5278 13.15
      vertex 32 -13.447 13.3085
    endloop
  endfacet
  facet normal -1 0 0
    outer loop
      vertex 32 -1.65 7.9
      vertex 32 -13.6247 13.0008
      vertex 32 -13.5278 13.15
    endloop
  endfacet
  facet normal -1 0 0
    outer loop
      vertex 32 -1.65 7.9
      vertex 32 -13.7367 12.8625
      vertex 32 -13.6247 13.0008
    endloop
  endfacet
  facet normal -1 0 0
    outer loop
      vertex 32 -1.65 7.9
      vertex 32 -13.8625 12.7367
      vertex 32 -13.7367 12.8625
    endloop
  endfacet
  facet normal -1 0 0
    outer loop
      vertex 32 -1.65 7.9
      vertex 32 -14.0008 12.6247
      vertex 32 -13.8625 12.7367
    endloop
  endfacet
  facet normal -1 0 0
    outer loop
      vertex 32 -1.65 7.9
      vertex 32 -14.15 12.5278
      vertex 32 -14.0008 12.6247
    endloop
  endfacet
  facet normal -1 0 0
    outer loop
      vertex 32 -1.65 7.9
      vertex 32 -14.3085 12.447
      vertex 32 -14.15 12.5278
    endloop
  endfacet
  facet normal -1 0 0
    outer loop
      vertex 32 -1.65 7.9
      vertex 32 -14.4747 12.3832
      vertex 32 -14.3085 12.447
    endloop
  endfacet
  facet normal -1 0 0
    outer loop
      vertex 32 -1.65 7.9
      vertex 32 -14.6466 12.3371
      vertex 32 -14.4747 12.3832
    endloop
  endfacet
  facet normal -1 0 0
    outer loop
      vertex 32 -1.65 7.9
      vertex 32 -14.8223 12.3093
      vertex 32 -14.6466 12.3371
    endloop
  endfacet
  facet normal -1 0 0
    outer loop
      vertex 32 -26 5.5
      vertex 32 -14.8223 12.3093
      vertex 32 -1.65 7.9
    endloop
  endfacet
  facet normal -1 0 0
    outer loop
      vertex 32 -14.8223 12.3093
      vertex 32 -26 5.5
      vertex 32 -15 12.3
    endloop
  endfacet
  facet normal -1 -0 0
    outer loop
      vertex 32 -15 12.3
      vertex 32 -26 5.5
      vertex 32 -15.1777 12.3093
    endloop
  endfacet
  facet normal -1 -0 0
    outer loop
      vertex 32 -15.1777 12.3093
      vertex 32 -26 5.5
      vertex 32 -15.3534 12.3371
    endloop
  endfacet
  facet normal -1 -0 0
    outer loop
      vertex 32 -16.6907 13.8223
      vertex 32 -26 5.5
      vertex 32 -16.7 14
    endloop
  endfacet
  facet normal -1 -0 0
    outer loop
      vertex 32 -16.6628 13.6466
      vertex 32 -26 5.5
      vertex 32 -16.6907 13.8223
    endloop
  endfacet
  facet normal -1 -0 0
    outer loop
      vertex 32 -16.6168 13.4747
      vertex 32 -26 5.5
      vertex 32 -16.6628 13.6466
    endloop
  endfacet
  facet normal -1 -0 0
    outer loop
      vertex 32 -16.553 13.3085
      vertex 32 -26 5.5
      vertex 32 -16.6168 13.4747
    endloop
  endfacet
  facet normal -1 -0 0
    outer loop
      vertex 32 -16.4722 13.15
      vertex 32 -26 5.5
      vertex 32 -16.553 13.3085
    endloop
  endfacet
  facet normal -1 -0 0
    outer loop
      vertex 32 -16.3753 13.0008
      vertex 32 -26 5.5
      vertex 32 -16.4722 13.15
    endloop
  endfacet
  facet normal -1 -0 0
    outer loop
      vertex 32 -16.2633 12.8625
      vertex 32 -26 5.5
      vertex 32 -16.3753 13.0008
    endloop
  endfacet
  facet normal -1 -0 0
    outer loop
      vertex 32 -16.1375 12.7367
      vertex 32 -26 5.5
      vertex 32 -16.2633 12.8625
    endloop
  endfacet
  facet normal -1 -0 0
    outer loop
      vertex 32 -15.9992 12.6247
      vertex 32 -26 5.5
      vertex 32 -16.1375 12.7367
    endloop
  endfacet
  facet normal -1 -0 0
    outer loop
      vertex 32 -15.85 12.5278
      vertex 32 -26 5.5
      vertex 32 -15.9992 12.6247
    endloop
  endfacet
  facet normal -1 -0 0
    outer loop
      vertex 32 -15.6915 12.447
      vertex 32 -26 5.5
      vertex 32 -15.85 12.5278
    endloop
  endfacet
  facet normal -1 -0 0
    outer loop
      vertex 32 -15.5253 12.3832
      vertex 32 -26 5.5
      vertex 32 -15.6915 12.447
    endloop
  endfacet
  facet normal -1 -0 0
    outer loop
      vertex 32 -15.3534 12.3371
      vertex 32 -26 5.5
      vertex 32 -15.5253 12.3832
    endloop
  endfacet
  facet normal -1 0 0
    outer loop
      vertex 32 -26 5.5
      vertex 32 -1.65 7.9
      vertex 32 26 5.5
    endloop
  endfacet
  facet normal -1 0 0
    outer loop
      vertex 32 16.6628 14.3534
      vertex 32 26 5.5
      vertex 32 16.6907 14.1777
    endloop
  endfacet
  facet normal -1 0 0
    outer loop
      vertex 32 26 5.5
      vertex 32 16.6628 14.3534
      vertex 32 26 28
    endloop
  endfacet
  facet normal -1 0 0
    outer loop
      vertex 32 16.6168 14.5253
      vertex 32 26 28
      vertex 32 16.6628 14.3534
    endloop
  endfacet
  facet normal -1 0 0
    outer loop
      vertex 32 16.553 14.6915
      vertex 32 26 28
      vertex 32 16.6168 14.5253
    endloop
  endfacet
  facet normal -1 0 0
    outer loop
      vertex 32 16.4722 14.85
      vertex 32 26 28
      vertex 32 16.553 14.6915
    endloop
  endfacet
  facet normal -1 0 0
    outer loop
      vertex 32 16.3753 14.9992
      vertex 32 26 28
      vertex 32 16.4722 14.85
    endloop
  endfacet
  facet normal -1 0 0
    outer loop
      vertex 32 16.2633 15.1375
      vertex 32 26 28
      vertex 32 16.3753 14.9992
    endloop
  endfacet
  facet normal -1 0 0
    outer loop
      vertex 32 16.1375 15.2633
      vertex 32 26 28
      vertex 32 16.2633 15.1375
    endloop
  endfacet
  facet normal -1 0 0
    outer loop
      vertex 32 15.9992 15.3753
      vertex 32 26 28
      vertex 32 16.1375 15.2633
    endloop
  endfacet
  facet normal -1 0 0
    outer loop
      vertex 32 15.85 15.4722
      vertex 32 26 28
      vertex 32 15.9992 15.3753
    endloop
  endfacet
  facet normal -1 0 0
    outer loop
      vertex 32 15.6915 15.553
      vertex 32 26 28
      vertex 32 15.85 15.4722
    endloop
  endfacet
  facet normal -1 0 0
    outer loop
      vertex 32 15.5253 15.6168
      vertex 32 26 28
      vertex 32 15.6915 15.553
    endloop
  endfacet
  facet normal -1 0 0
    outer loop
      vertex 32 15.3534 15.6629
      vertex 32 26 28
      vertex 32 15.5253 15.6168
    endloop
  endfacet
  facet normal -1 0 0
    outer loop
      vertex 32 15.1777 15.6907
      vertex 32 26 28
      vertex 32 15.3534 15.6629
    endloop
  endfacet
  facet normal -1 0 0
    outer loop
      vertex 32 15 15.7
      vertex 32 26 28
      vertex 32 15.1777 15.6907
    endloop
  endfacet
  facet normal -1 0 0
    outer loop
      vertex 32 14.8223 15.6907
      vertex 32 26 28
      vertex 32 15 15.7
    endloop
  endfacet
  facet normal -1 0 0
    outer loop
      vertex 32 14.6466 15.6629
      vertex 32 26 28
      vertex 32 14.8223 15.6907
    endloop
  endfacet
  facet normal -1 0 0
    outer loop
      vertex 32 1.65 20.1
      vertex 32 14.6466 15.6629
      vertex 32 14.4747 15.6168
    endloop
  endfacet
  facet normal -1 0 0
    outer loop
      vertex 32 1.65 20.1
      vertex 32 14.4747 15.6168
      vertex 32 14.3085 15.553
    endloop
  endfacet
  facet normal -1 0 0
    outer loop
      vertex 32 1.65 20.1
      vertex 32 14.3085 15.553
      vertex 32 14.15 15.4722
    endloop
  endfacet
  facet normal -1 0 0
    outer loop
      vertex 32 1.65 20.1
      vertex 32 14.15 15.4722
      vertex 32 14.0008 15.3753
    endloop
  endfacet
  facet normal -1 0 0
    outer loop
      vertex 32 1.65 20.1
      vertex 32 14.0008 15.3753
      vertex 32 13.8625 15.2633
    endloop
  endfacet
  facet normal -1 0 0
    outer loop
      vertex 32 1.65 20.1
      vertex 32 13.8625 15.2633
      vertex 32 13.7367 15.1375
    endloop
  endfacet
  facet normal -1 0 0
    outer loop
      vertex 32 1.65 20.1
      vertex 32 13.3 14
      vertex 32 1.65 7.9
    endloop
  endfacet
  facet normal -1 0 0
    outer loop
      vertex 32 13.3 14
      vertex 32 1.65 20.1
      vertex 32 13.3093 14.1777
    endloop
  endfacet
  facet normal -1 0 0
    outer loop
      vertex 32 13.3093 14.1777
      vertex 32 1.65 20.1
      vertex 32 13.3371 14.3534
    endloop
  endfacet
  facet normal -1 0 0
    outer loop
      vertex 32 13.3371 14.3534
      vertex 32 1.65 20.1
      vertex 32 13.3832 14.5253
    endloop
  endfacet
  facet normal -1 0 0
    outer loop
      vertex 32 13.3832 14.5253
      vertex 32 1.65 20.1
      vertex 32 13.447 14.6915
    endloop
  endfacet
  facet normal -1 0 0
    outer loop
      vertex 32 13.447 14.6915
      vertex 32 1.65 20.1
      vertex 32 13.5278 14.85
    endloop
  endfacet
  facet normal -1 0 0
    outer loop
      vertex 32 13.5278 14.85
      vertex 32 1.65 20.1
      vertex 32 13.6247 14.9992
    endloop
  endfacet
  facet normal -1 0 0
    outer loop
      vertex 32 13.6247 14.9992
      vertex 32 1.65 20.1
      vertex 32 13.7367 15.1375
    endloop
  endfacet
  facet normal -1 0 0
    outer loop
      vertex 32 14.6466 15.6629
      vertex 32 1.65 20.1
      vertex 32 26 28
    endloop
  endfacet
  facet normal -1 0 0
    outer loop
      vertex 32 -1.65 20.1
      vertex 32 26 28
      vertex 32 1.65 20.1
    endloop
  endfacet
  facet normal -1 0 0
    outer loop
      vertex 32 -13.3093 14.1777
      vertex 32 -1.65 20.1
      vertex 32 -13.3 14
    endloop
  endfacet
  facet normal -1 0 0
    outer loop
      vertex 32 -13.3371 14.3534
      vertex 32 -1.65 20.1
      vertex 32 -13.3093 14.1777
    endloop
  endfacet
  facet normal -1 0 0
    outer loop
      vertex 32 -13.3832 14.5253
      vertex 32 -1.65 20.1
      vertex 32 -13.3371 14.3534
    endloop
  endfacet
  facet normal -1 0 0
    outer loop
      vertex 32 -13.447 14.6915
      vertex 32 -1.65 20.1
      vertex 32 -13.3832 14.5253
    endloop
  endfacet
  facet normal -1 0 0
    outer loop
      vertex 32 -13.5278 14.85
      vertex 32 -1.65 20.1
      vertex 32 -13.447 14.6915
    endloop
  endfacet
  facet normal -1 0 0
    outer loop
      vertex 32 -13.6247 14.9992
      vertex 32 -1.65 20.1
      vertex 32 -13.5278 14.85
    endloop
  endfacet
  facet normal -1 0 0
    outer loop
      vertex 32 -13.7367 15.1375
      vertex 32 -1.65 20.1
      vertex 32 -13.6247 14.9992
    endloop
  endfacet
  facet normal -1 0 0
    outer loop
      vertex 32 -13.8625 15.2633
      vertex 32 -1.65 20.1
      vertex 32 -13.7367 15.1375
    endloop
  endfacet
  facet normal -1 0 0
    outer loop
      vertex 32 -14.0008 15.3753
      vertex 32 -1.65 20.1
      vertex 32 -13.8625 15.2633
    endloop
  endfacet
  facet normal -1 0 0
    outer loop
      vertex 32 -14.15 15.4722
      vertex 32 -1.65 20.1
      vertex 32 -14.0008 15.3753
    endloop
  endfacet
  facet normal -1 0 0
    outer loop
      vertex 32 -14.3085 15.553
      vertex 32 -1.65 20.1
      vertex 32 -14.15 15.4722
    endloop
  endfacet
  facet normal -1 0 0
    outer loop
      vertex 32 -14.4747 15.6168
      vertex 32 -1.65 20.1
      vertex 32 -14.3085 15.553
    endloop
  endfacet
  facet normal -1 0 0
    outer loop
      vertex 32 -14.6466 15.6629
      vertex 32 -1.65 20.1
      vertex 32 -14.4747 15.6168
    endloop
  endfacet
  facet normal -1 0 0
    outer loop
      vertex 32 -26 28
      vertex 32 -14.6466 15.6629
      vertex 32 -14.8223 15.6907
    endloop
  endfacet
  facet normal -1 0 0
    outer loop
      vertex 32 -26 28
      vertex 32 -14.8223 15.6907
      vertex 32 -15 15.7
    endloop
  endfacet
  facet normal -1 0 0
    outer loop
      vertex 32 -26 28
      vertex 32 -15 15.7
      vertex 32 -15.1777 15.6907
    endloop
  endfacet
  facet normal -1 0 0
    outer loop
      vertex 32 -26 28
      vertex 32 -15.1777 15.6907
      vertex 32 -15.3534 15.6629
    endloop
  endfacet
  facet normal -1 0 0
    outer loop
      vertex 32 -26 28
      vertex 32 -15.3534 15.6629
      vertex 32 -15.5253 15.6168
    endloop
  endfacet
  facet normal -1 0 0
    outer loop
      vertex 32 -26 5.5
      vertex 32 -16.6907 14.1777
      vertex 32 -16.7 14
    endloop
  endfacet
  facet normal -1 0 0
    outer loop
      vertex 32 -26 5.5
      vertex 32 -16.6628 14.3534
      vertex 32 -16.6907 14.1777
    endloop
  endfacet
  facet normal -1 0 0
    outer loop
      vertex 32 -26 28
      vertex 32 -16.6628 14.3534
      vertex 32 -26 5.5
    endloop
  endfacet
  facet normal -1 0 0
    outer loop
      vertex 32 -16.6628 14.3534
      vertex 32 -26 28
      vertex 32 -16.6168 14.5253
    endloop
  endfacet
  facet normal -1 0 0
    outer loop
      vertex 32 -16.6168 14.5253
      vertex 32 -26 28
      vertex 32 -16.553 14.6915
    endloop
  endfacet
  facet normal -1 0 0
    outer loop
      vertex 32 -16.553 14.6915
      vertex 32 -26 28
      vertex 32 -16.4722 14.85
    endloop
  endfacet
  facet normal -1 0 0
    outer loop
      vertex 32 -16.4722 14.85
      vertex 32 -26 28
      vertex 32 -16.3753 14.9992
    endloop
  endfacet
  facet normal -1 0 0
    outer loop
      vertex 32 -16.3753 14.9992
      vertex 32 -26 28
      vertex 32 -16.2633 15.1375
    endloop
  endfacet
  facet normal -1 0 0
    outer loop
      vertex 32 -1.65 20.1
      vertex 32 -26 28
      vertex 32 26 28
    endloop
  endfacet
  facet normal -1 0 0
    outer loop
      vertex 32 -14.6466 15.6629
      vertex 32 -26 28
      vertex 32 -1.65 20.1
    endloop
  endfacet
  facet normal -1 0 0
    outer loop
      vertex 32 -15.6915 15.553
      vertex 32 -26 28
      vertex 32 -15.5253 15.6168
    endloop
  endfacet
  facet normal -1 0 0
    outer loop
      vertex 32 -15.85 15.4722
      vertex 32 -26 28
      vertex 32 -15.6915 15.553
    endloop
  endfacet
  facet normal -1 0 0
    outer loop
      vertex 32 -15.9992 15.3753
      vertex 32 -26 28
      vertex 32 -15.85 15.4722
    endloop
  endfacet
  facet normal -1 0 0
    outer loop
      vertex 32 -16.1375 15.2633
      vertex 32 -26 28
      vertex 32 -15.9992 15.3753
    endloop
  endfacet
  facet normal -1 0 0
    outer loop
      vertex 32 -16.2633 15.1375
      vertex 32 -26 28
      vertex 32 -16.1375 15.2633
    endloop
  endfacet
  facet normal 0.707107 0.707107 0
    outer loop
      vertex -31.6691 -26.7431 28
      vertex -31.7431 -26.6691 5.5
      vertex -31.7431 -26.6691 28
    endloop
  endfacet
  facet normal 0.707107 0.707107 0
    outer loop
      vertex -31.7431 -26.6691 5.5
      vertex -31.6691 -26.7431 28
      vertex -31.6691 -26.7431 5.5
    endloop
  endfacet
  facet normal 0 1 -0
    outer loop
      vertex 31 -27 5.5
      vertex -31 -27 28
      vertex 31 -27 28
    endloop
  endfacet
  facet normal 0 1 0
    outer loop
      vertex -31 -27 28
      vertex 31 -27 5.5
      vertex -31 -27 5.5
    endloop
  endfacet
  facet normal 0.891156 -0.453697 0
    outer loop
      vertex -31.9135 26.4067 28
      vertex -31.866 26.5 5.5
      vertex -31.866 26.5 28
    endloop
  endfacet
  facet normal 0.891156 -0.453697 0
    outer loop
      vertex -31.866 26.5 5.5
      vertex -31.9135 26.4067 28
      vertex -31.9135 26.4067 5.5
    endloop
  endfacet
  facet normal 0.776844 -0.629693 0
    outer loop
      vertex -31.809 26.5878 28
      vertex -31.7431 26.6691 5.5
      vertex -31.7431 26.6691 28
    endloop
  endfacet
  facet normal 0.776844 -0.629693 0
    outer loop
      vertex -31.7431 26.6691 5.5
      vertex -31.809 26.5878 28
      vertex -31.809 26.5878 5.5
    endloop
  endfacet
  facet normal 0.25802 -0.96614 0
    outer loop
      vertex -31.309 26.9511 5.5
      vertex -31.2079 26.9781 28
      vertex -31.309 26.9511 28
    endloop
  endfacet
  facet normal 0.25802 -0.96614 0
    outer loop
      vertex -31.2079 26.9781 28
      vertex -31.309 26.9511 5.5
      vertex -31.2079 26.9781 5.5
    endloop
  endfacet
  facet normal -0.838749 -0.544518 0
    outer loop
      vertex 31.866 26.5 5.5
      vertex 31.809 26.5878 28
      vertex 31.809 26.5878 5.5
    endloop
  endfacet
  facet normal -0.838749 -0.544518 0
    outer loop
      vertex 31.809 26.5878 28
      vertex 31.866 26.5 5.5
      vertex 31.866 26.5 28
    endloop
  endfacet
  facet normal -0.933272 -0.359171 0
    outer loop
      vertex 31.9511 26.309 5.5
      vertex 31.9135 26.4067 28
      vertex 31.9135 26.4067 5.5
    endloop
  endfacet
  facet normal -0.933272 -0.359171 0
    outer loop
      vertex 31.9135 26.4067 28
      vertex 31.9511 26.309 5.5
      vertex 31.9511 26.309 28
    endloop
  endfacet
  facet normal 0.776844 0.629693 0
    outer loop
      vertex -31.7431 -26.6691 28
      vertex -31.809 -26.5878 5.5
      vertex -31.809 -26.5878 28
    endloop
  endfacet
  facet normal 0.776844 0.629693 0
    outer loop
      vertex -31.809 -26.5878 5.5
      vertex -31.7431 -26.6691 28
      vertex -31.7431 -26.6691 5.5
    endloop
  endfacet
  facet normal -0.776844 0.629693 0
    outer loop
      vertex 31.7431 -26.6691 5.5
      vertex 31.809 -26.5878 28
      vertex 31.809 -26.5878 5.5
    endloop
  endfacet
  facet normal -0.776844 0.629693 0
    outer loop
      vertex 31.809 -26.5878 28
      vertex 31.7431 -26.6691 5.5
      vertex 31.7431 -26.6691 28
    endloop
  endfacet
  facet normal -0.933272 0.359171 0
    outer loop
      vertex 31.9135 -26.4067 5.5
      vertex 31.9511 -26.309 28
      vertex 31.9511 -26.309 5.5
    endloop
  endfacet
  facet normal -0.933272 0.359171 0
    outer loop
      vertex 31.9511 -26.309 28
      vertex 31.9135 -26.4067 5.5
      vertex 31.9135 -26.4067 28
    endloop
  endfacet
  facet normal -0.987654 0.156649 0
    outer loop
      vertex 31.9781 -26.2079 5.5
      vertex 31.9945 -26.1045 28
      vertex 31.9945 -26.1045 5.5
    endloop
  endfacet
  facet normal -0.987654 0.156649 0
    outer loop
      vertex 31.9945 -26.1045 28
      vertex 31.9781 -26.2079 5.5
      vertex 31.9781 -26.2079 28
    endloop
  endfacet
  facet normal -0.891156 0.453697 0
    outer loop
      vertex 31.866 -26.5 5.5
      vertex 31.9135 -26.4067 28
      vertex 31.9135 -26.4067 5.5
    endloop
  endfacet
  facet normal -0.891156 0.453697 0
    outer loop
      vertex 31.9135 -26.4067 28
      vertex 31.866 -26.5 5.5
      vertex 31.866 -26.5 28
    endloop
  endfacet
  facet normal 0.96614 -0.25802 0
    outer loop
      vertex -31.9781 26.2079 28
      vertex -31.9511 26.309 5.5
      vertex -31.9511 26.309 28
    endloop
  endfacet
  facet normal 0.96614 -0.25802 0
    outer loop
      vertex -31.9511 26.309 5.5
      vertex -31.9781 26.2079 28
      vertex -31.9781 26.2079 5.5
    endloop
  endfacet
  facet normal 0.933272 -0.359171 0
    outer loop
      vertex -31.9511 26.309 28
      vertex -31.9135 26.4067 5.5
      vertex -31.9135 26.4067 28
    endloop
  endfacet
  facet normal 0.933272 -0.359171 0
    outer loop
      vertex -31.9135 26.4067 5.5
      vertex -31.9511 26.309 28
      vertex -31.9511 26.309 5.5
    endloop
  endfacet
  facet normal 0.987654 -0.156649 0
    outer loop
      vertex -31.9945 26.1045 28
      vertex -31.9781 26.2079 5.5
      vertex -31.9781 26.2079 28
    endloop
  endfacet
  facet normal 0.987654 -0.156649 0
    outer loop
      vertex -31.9781 26.2079 5.5
      vertex -31.9945 26.1045 28
      vertex -31.9945 26.1045 5.5
    endloop
  endfacet
  facet normal 0.838749 -0.544518 0
    outer loop
      vertex -31.866 26.5 28
      vertex -31.809 26.5878 5.5
      vertex -31.809 26.5878 28
    endloop
  endfacet
  facet normal 0.838749 -0.544518 0
    outer loop
      vertex -31.809 26.5878 5.5
      vertex -31.866 26.5 28
      vertex -31.866 26.5 5.5
    endloop
  endfacet
  facet normal 0.707107 -0.707107 0
    outer loop
      vertex -31.7431 26.6691 28
      vertex -31.6691 26.7431 5.5
      vertex -31.6691 26.7431 28
    endloop
  endfacet
  facet normal 0.707107 -0.707107 0
    outer loop
      vertex -31.6691 26.7431 5.5
      vertex -31.7431 26.6691 28
      vertex -31.7431 26.6691 5.5
    endloop
  endfacet
  facet normal 0.629693 -0.776844 0
    outer loop
      vertex -31.6691 26.7431 5.5
      vertex -31.5878 26.809 28
      vertex -31.6691 26.7431 28
    endloop
  endfacet
  facet normal 0.629693 -0.776844 0
    outer loop
      vertex -31.5878 26.809 28
      vertex -31.6691 26.7431 5.5
      vertex -31.5878 26.809 5.5
    endloop
  endfacet
  facet normal 0.156649 -0.987654 0
    outer loop
      vertex -31.2079 26.9781 5.5
      vertex -31.1045 26.9945 28
      vertex -31.2079 26.9781 28
    endloop
  endfacet
  facet normal 0.156649 -0.987654 0
    outer loop
      vertex -31.1045 26.9945 28
      vertex -31.2079 26.9781 5.5
      vertex -31.1045 26.9945 5.5
    endloop
  endfacet
  facet normal 0.0525588 -0.998618 0
    outer loop
      vertex -31.1045 26.9945 5.5
      vertex -31 27 28
      vertex -31.1045 26.9945 28
    endloop
  endfacet
  facet normal 0.0525588 -0.998618 0
    outer loop
      vertex -31 27 28
      vertex -31.1045 26.9945 5.5
      vertex -31 27 5.5
    endloop
  endfacet
  facet normal 0.359171 -0.933272 0
    outer loop
      vertex -31.4067 26.9135 5.5
      vertex -31.309 26.9511 28
      vertex -31.4067 26.9135 28
    endloop
  endfacet
  facet normal 0.359171 -0.933272 0
    outer loop
      vertex -31.309 26.9511 28
      vertex -31.4067 26.9135 5.5
      vertex -31.309 26.9511 5.5
    endloop
  endfacet
  facet normal 0.453697 -0.891156 0
    outer loop
      vertex -31.5 26.866 5.5
      vertex -31.4067 26.9135 28
      vertex -31.5 26.866 28
    endloop
  endfacet
  facet normal 0.453697 -0.891156 0
    outer loop
      vertex -31.4067 26.9135 28
      vertex -31.5 26.866 5.5
      vertex -31.4067 26.9135 5.5
    endloop
  endfacet
  facet normal -0.544518 -0.838749 0
    outer loop
      vertex 31.5 26.866 5.5
      vertex 31.5878 26.809 28
      vertex 31.5 26.866 28
    endloop
  endfacet
  facet normal -0.544518 -0.838749 -0
    outer loop
      vertex 31.5878 26.809 28
      vertex 31.5 26.866 5.5
      vertex 31.5878 26.809 5.5
    endloop
  endfacet
  facet normal 0.359171 0.933272 -0
    outer loop
      vertex -31.309 -26.9511 5.5
      vertex -31.4067 -26.9135 28
      vertex -31.309 -26.9511 28
    endloop
  endfacet
  facet normal 0.359171 0.933272 0
    outer loop
      vertex -31.4067 -26.9135 28
      vertex -31.309 -26.9511 5.5
      vertex -31.4067 -26.9135 5.5
    endloop
  endfacet
  facet normal 0.156649 0.987654 -0
    outer loop
      vertex -31.1045 -26.9945 5.5
      vertex -31.2079 -26.9781 28
      vertex -31.1045 -26.9945 28
    endloop
  endfacet
  facet normal 0.156649 0.987654 0
    outer loop
      vertex -31.2079 -26.9781 28
      vertex -31.1045 -26.9945 5.5
      vertex -31.2079 -26.9781 5.5
    endloop
  endfacet
  facet normal 0.629693 0.776844 -0
    outer loop
      vertex -31.5878 -26.809 5.5
      vertex -31.6691 -26.7431 28
      vertex -31.5878 -26.809 28
    endloop
  endfacet
  facet normal 0.629693 0.776844 0
    outer loop
      vertex -31.6691 -26.7431 28
      vertex -31.5878 -26.809 5.5
      vertex -31.6691 -26.7431 5.5
    endloop
  endfacet
  facet normal 0.933272 0.359171 0
    outer loop
      vertex -31.9135 -26.4067 28
      vertex -31.9511 -26.309 5.5
      vertex -31.9511 -26.309 28
    endloop
  endfacet
  facet normal 0.933272 0.359171 0
    outer loop
      vertex -31.9511 -26.309 5.5
      vertex -31.9135 -26.4067 28
      vertex -31.9135 -26.4067 5.5
    endloop
  endfacet
  facet normal 0.96614 0.25802 0
    outer loop
      vertex -31.9511 -26.309 28
      vertex -31.9781 -26.2079 5.5
      vertex -31.9781 -26.2079 28
    endloop
  endfacet
  facet normal 0.96614 0.25802 0
    outer loop
      vertex -31.9781 -26.2079 5.5
      vertex -31.9511 -26.309 28
      vertex -31.9511 -26.309 5.5
    endloop
  endfacet
  facet normal 0.998618 0.0525588 0
    outer loop
      vertex -31.9945 -26.1045 28
      vertex -32 -26 5.5
      vertex -32 -26 28
    endloop
  endfacet
  facet normal 0.998618 0.0525588 0
    outer loop
      vertex -32 -26 5.5
      vertex -31.9945 -26.1045 28
      vertex -31.9945 -26.1045 5.5
    endloop
  endfacet
  facet normal -0 0 1
    outer loop
      vertex -21.3235 16.0274 4
      vertex -13.7533 9.99235 4
      vertex -21.0274 16.3235 4
    endloop
  endfacet
  facet normal 0 0 1
    outer loop
      vertex -17 0 4
      vertex -20.0219 -18.5819 4
      vertex -20 -19 4
    endloop
  endfacet
  facet normal -0 0 1
    outer loop
      vertex -21.6489 15.7639 4
      vertex -13.7533 9.99235 4
      vertex -21.3235 16.0274 4
    endloop
  endfacet
  facet normal 0 0 1
    outer loop
      vertex -17 0 4
      vertex -20.0874 -18.1684 4
      vertex -20.0219 -18.5819 4
    endloop
  endfacet
  facet normal 0 0 1
    outer loop
      vertex -13.7533 9.99235 4
      vertex -21.6489 15.7639 4
      vertex -14.7224 8.5 4
    endloop
  endfacet
  facet normal 0 0 1
    outer loop
      vertex -17 0 4
      vertex -20.1958 -17.7639 4
      vertex -20.0874 -18.1684 4
    endloop
  endfacet
  facet normal -0 0 1
    outer loop
      vertex -22 15.5359 4
      vertex -14.7224 8.5 4
      vertex -21.6489 15.7639 4
    endloop
  endfacet
  facet normal 0 0 1
    outer loop
      vertex -17 0 4
      vertex -20.3458 -17.3731 4
      vertex -20.1958 -17.7639 4
    endloop
  endfacet
  facet normal -0 0 1
    outer loop
      vertex -22.3731 15.3458 4
      vertex -14.7224 8.5 4
      vertex -22 15.5359 4
    endloop
  endfacet
  facet normal 0 0 1
    outer loop
      vertex -17 0 4
      vertex -20.5359 -17 4
      vertex -20.3458 -17.3731 4
    endloop
  endfacet
  facet normal 0 0 1
    outer loop
      vertex -14.7224 8.5 4
      vertex -22.3731 15.3458 4
      vertex -15.5303 6.91452 4
    endloop
  endfacet
  facet normal 0 0 1
    outer loop
      vertex -17 0 4
      vertex -20.7639 -16.6489 4
      vertex -20.5359 -17 4
    endloop
  endfacet
  facet normal -0 0 1
    outer loop
      vertex -22.7639 15.1958 4
      vertex -15.5303 6.91452 4
      vertex -22.3731 15.3458 4
    endloop
  endfacet
  facet normal 0 0 1
    outer loop
      vertex -17 0 4
      vertex -21.0274 -16.3235 4
      vertex -20.7639 -16.6489 4
    endloop
  endfacet
  facet normal -0 0 1
    outer loop
      vertex -23.1684 15.0874 4
      vertex -15.5303 6.91452 4
      vertex -22.7639 15.1958 4
    endloop
  endfacet
  facet normal 0 0 1
    outer loop
      vertex -17 0 4
      vertex -21.3235 -16.0274 4
      vertex -21.0274 -16.3235 4
    endloop
  endfacet
  facet normal 0 0 1
    outer loop
      vertex -15.5303 6.91452 4
      vertex -23.1684 15.0874 4
      vertex -16.168 5.25329 4
    endloop
  endfacet
  facet normal 0 0 1
    outer loop
      vertex -17 0 4
      vertex -21.6489 -15.7639 4
      vertex -21.3235 -16.0274 4
    endloop
  endfacet
  facet normal -0 0 1
    outer loop
      vertex -23.5819 15.0219 4
      vertex -16.168 5.25329 4
      vertex -23.1684 15.0874 4
    endloop
  endfacet
  facet normal 0 0 1
    outer loop
      vertex -17 0 4
      vertex -22 -15.5359 4
      vertex -21.6489 -15.7639 4
    endloop
  endfacet
  facet normal -0 0 1
    outer loop
      vertex -24 15 4
      vertex -16.168 5.25329 4
      vertex -23.5819 15.0219 4
    endloop
  endfacet
  facet normal 0 0 1
    outer loop
      vertex -17 0 4
      vertex -22.3731 -15.3458 4
      vertex -22 -15.5359 4
    endloop
  endfacet
  facet normal 0 0 1
    outer loop
      vertex -16.168 5.25329 4
      vertex -24 15 4
      vertex -16.6285 3.5345 4
    endloop
  endfacet
  facet normal 0 0 1
    outer loop
      vertex -17 0 4
      vertex -22.7639 -15.1958 4
      vertex -22.3731 -15.3458 4
    endloop
  endfacet
  facet normal 0 0 1
    outer loop
      vertex -24.4181 15.0219 4
      vertex -16.6285 3.5345 4
      vertex -24 15 4
    endloop
  endfacet
  facet normal 0 0 1
    outer loop
      vertex -17 0 4
      vertex -23.1684 -15.0874 4
      vertex -22.7639 -15.1958 4
    endloop
  endfacet
  facet normal 0 0 1
    outer loop
      vertex -24.8316 15.0874 4
      vertex -16.6285 3.5345 4
      vertex -24.4181 15.0219 4
    endloop
  endfacet
  facet normal 0 0 1
    outer loop
      vertex -17 0 4
      vertex -23.5819 -15.0219 4
      vertex -23.1684 -15.0874 4
    endloop
  endfacet
  facet normal 0 0 1
    outer loop
      vertex -16.6285 3.5345 4
      vertex -24.8316 15.0874 4
      vertex -16.9069 1.77698 4
    endloop
  endfacet
  facet normal 0 0 1
    outer loop
      vertex -17 0 4
      vertex -24 -15 4
      vertex -23.5819 -15.0219 4
    endloop
  endfacet
  facet normal 0 0 1
    outer loop
      vertex -25.2361 15.1958 4
      vertex -16.9069 1.77698 4
      vertex -24.8316 15.0874 4
    endloop
  endfacet
  facet normal 0 0 1
    outer loop
      vertex -17 0 4
      vertex -24.4181 -15.0219 4
      vertex -24 -15 4
    endloop
  endfacet
  facet normal 0 0 1
    outer loop
      vertex -25.6269 15.3458 4
      vertex -16.9069 1.77698 4
      vertex -25.2361 15.1958 4
    endloop
  endfacet
  facet normal 0 0 1
    outer loop
      vertex -17 0 4
      vertex -24.8316 -15.0874 4
      vertex -24.4181 -15.0219 4
    endloop
  endfacet
  facet normal 0 0 1
    outer loop
      vertex -16.9069 1.77698 4
      vertex -25.6269 15.3458 4
      vertex -17 0 4
    endloop
  endfacet
  facet normal 0 0 1
    outer loop
      vertex -17 0 4
      vertex -25.2361 -15.1958 4
      vertex -24.8316 -15.0874 4
    endloop
  endfacet
  facet normal 0 0 1
    outer loop
      vertex -26 15.5359 4
      vertex -17 0 4
      vertex -25.6269 15.3458 4
    endloop
  endfacet
  facet normal 0 0 1
    outer loop
      vertex -17 0 4
      vertex -25.6269 -15.3458 4
      vertex -25.2361 -15.1958 4
    endloop
  endfacet
  facet normal 0 0 1
    outer loop
      vertex -26 -15.5359 4
      vertex -17 0 4
      vertex -26 15.5359 4
    endloop
  endfacet
  facet normal 0 0 1
    outer loop
      vertex -17 0 4
      vertex -26 -15.5359 4
      vertex -25.6269 -15.3458 4
    endloop
  endfacet
  facet normal 0 0 1
    outer loop
      vertex -26.3511 15.7639 4
      vertex -26 -15.5359 4
      vertex -26 15.5359 4
    endloop
  endfacet
  facet normal 0 0 1
    outer loop
      vertex -26.3511 15.7639 4
      vertex -26.3511 -15.7639 4
      vertex -26 -15.5359 4
    endloop
  endfacet
  facet normal 0 0 1
    outer loop
      vertex -26.6765 16.0274 4
      vertex -26.3511 -15.7639 4
      vertex -26.3511 15.7639 4
    endloop
  endfacet
  facet normal 0 0 1
    outer loop
      vertex -26.6765 16.0274 4
      vertex -26.6765 -16.0274 4
      vertex -26.3511 -15.7639 4
    endloop
  endfacet
  facet normal 0 0 1
    outer loop
      vertex -26.9726 16.3235 4
      vertex -26.6765 -16.0274 4
      vertex -26.6765 16.0274 4
    endloop
  endfacet
  facet normal 0 0 1
    outer loop
      vertex -26.9726 16.3235 4
      vertex -26.9726 -16.3235 4
      vertex -26.6765 -16.0274 4
    endloop
  endfacet
  facet normal 0 0 1
    outer loop
      vertex -27.2361 16.6489 4
      vertex -26.9726 -16.3235 4
      vertex -26.9726 16.3235 4
    endloop
  endfacet
  facet normal 0 0 1
    outer loop
      vertex -27.2361 16.6489 4
      vertex -27.2361 -16.6489 4
      vertex -26.9726 -16.3235 4
    endloop
  endfacet
  facet normal 0 0 1
    outer loop
      vertex -27.4641 17 4
      vertex -27.2361 -16.6489 4
      vertex -27.2361 16.6489 4
    endloop
  endfacet
  facet normal 0 0 1
    outer loop
      vertex -27.4641 17 4
      vertex -27.4641 -17 4
      vertex -27.2361 -16.6489 4
    endloop
  endfacet
  facet normal 0 0 1
    outer loop
      vertex -27.6542 17.3731 4
      vertex -27.4641 -17 4
      vertex -27.4641 17 4
    endloop
  endfacet
  facet normal 0 0 1
    outer loop
      vertex -27.6542 17.3731 4
      vertex -27.6542 -17.3731 4
      vertex -27.4641 -17 4
    endloop
  endfacet
  facet normal 0 0 1
    outer loop
      vertex -27.8042 17.7639 4
      vertex -27.6542 -17.3731 4
      vertex -27.6542 17.3731 4
    endloop
  endfacet
  facet normal 0 0 1
    outer loop
      vertex -27.8042 17.7639 4
      vertex -27.8042 -17.7639 4
      vertex -27.6542 -17.3731 4
    endloop
  endfacet
  facet normal 0 0 1
    outer loop
      vertex -30.25 24.25 4
      vertex -27.8042 17.7639 4
      vertex -27.9126 18.1684 4
    endloop
  endfacet
  facet normal 0 0 1
    outer loop
      vertex -27.8042 17.7639 4
      vertex -30.25 24.25 4
      vertex -27.8042 -17.7639 4
    endloop
  endfacet
  facet normal 0 0 1
    outer loop
      vertex -30.25 24.25 4
      vertex -27.9126 18.1684 4
      vertex -27.9781 18.5819 4
    endloop
  endfacet
  facet normal 0 0 1
    outer loop
      vertex -30.25 -24.25 4
      vertex -27.8042 -17.7639 4
      vertex -30.25 24.25 4
    endloop
  endfacet
  facet normal 0 0 1
    outer loop
      vertex -30.25 24.25 4
      vertex -27.9781 18.5819 4
      vertex -28 19 4
    endloop
  endfacet
  facet normal 0 0 1
    outer loop
      vertex -27.8042 -17.7639 4
      vertex -30.25 -24.25 4
      vertex -27.9126 -18.1684 4
    endloop
  endfacet
  facet normal 0 0 1
    outer loop
      vertex 27.8042 17.7639 4
      vertex 30.25 24.25 4
      vertex 27.9126 18.1684 4
    endloop
  endfacet
  facet normal 0 0 1
    outer loop
      vertex 30.25 -24.25 4
      vertex 27.9781 -18.5819 4
      vertex 28 -19 4
    endloop
  endfacet
  facet normal 0 0 1
    outer loop
      vertex 30.25 24.25 4
      vertex 27.8042 17.7639 4
      vertex 30.25 -24.25 4
    endloop
  endfacet
  facet normal 0 0 1
    outer loop
      vertex 30.25 -24.25 4
      vertex 27.9126 -18.1684 4
      vertex 27.9781 -18.5819 4
    endloop
  endfacet
  facet normal -0 0 1
    outer loop
      vertex 27.8042 -17.7639 4
      vertex 30.25 -24.25 4
      vertex 27.8042 17.7639 4
    endloop
  endfacet
  facet normal 0 0 1
    outer loop
      vertex 30.25 -24.25 4
      vertex 27.8042 -17.7639 4
      vertex 27.9126 -18.1684 4
    endloop
  endfacet
  facet normal -0 0 1
    outer loop
      vertex 27.6542 17.3731 4
      vertex 27.8042 -17.7639 4
      vertex 27.8042 17.7639 4
    endloop
  endfacet
  facet normal 0 0 1
    outer loop
      vertex 27.6542 17.3731 4
      vertex 27.6542 -17.3731 4
      vertex 27.8042 -17.7639 4
    endloop
  endfacet
  facet normal -0 0 1
    outer loop
      vertex 27.4641 17 4
      vertex 27.6542 -17.3731 4
      vertex 27.6542 17.3731 4
    endloop
  endfacet
  facet normal 0 0 1
    outer loop
      vertex 27.4641 17 4
      vertex 27.4641 -17 4
      vertex 27.6542 -17.3731 4
    endloop
  endfacet
  facet normal -0 0 1
    outer loop
      vertex 27.2361 16.6489 4
      vertex 27.4641 -17 4
      vertex 27.4641 17 4
    endloop
  endfacet
  facet normal 0 0 1
    outer loop
      vertex 27.2361 16.6489 4
      vertex 27.2361 -16.6489 4
      vertex 27.4641 -17 4
    endloop
  endfacet
  facet normal -0 0 1
    outer loop
      vertex 26.9726 16.3235 4
      vertex 27.2361 -16.6489 4
      vertex 27.2361 16.6489 4
    endloop
  endfacet
  facet normal 0 0 1
    outer loop
      vertex 26.9726 16.3235 4
      vertex 26.9726 -16.3235 4
      vertex 27.2361 -16.6489 4
    endloop
  endfacet
  facet normal -0 0 1
    outer loop
      vertex 26.6765 16.0274 4
      vertex 26.9726 -16.3235 4
      vertex 26.9726 16.3235 4
    endloop
  endfacet
  facet normal 0 0 1
    outer loop
      vertex 26.6765 16.0274 4
      vertex 26.6765 -16.0274 4
      vertex 26.9726 -16.3235 4
    endloop
  endfacet
  facet normal -0 0 1
    outer loop
      vertex 26.3511 15.7639 4
      vertex 26.6765 -16.0274 4
      vertex 26.6765 16.0274 4
    endloop
  endfacet
  facet normal 0 0 1
    outer loop
      vertex 26.3511 15.7639 4
      vertex 26.3511 -15.7639 4
      vertex 26.6765 -16.0274 4
    endloop
  endfacet
  facet normal -0 0 1
    outer loop
      vertex 26 15.5359 4
      vertex 26.3511 -15.7639 4
      vertex 26.3511 15.7639 4
    endloop
  endfacet
  facet normal 0 0 1
    outer loop
      vertex 26 15.5359 4
      vertex 26 -15.5359 4
      vertex 26.3511 -15.7639 4
    endloop
  endfacet
  facet normal 0 0 1
    outer loop
      vertex 17 0 4
      vertex 26 15.5359 4
      vertex 25.6269 15.3458 4
    endloop
  endfacet
  facet normal 0 0 1
    outer loop
      vertex 26 15.5359 4
      vertex 17 0 4
      vertex 26 -15.5359 4
    endloop
  endfacet
  facet normal 0 0 1
    outer loop
      vertex 16.9069 1.77698 4
      vertex 25.6269 15.3458 4
      vertex 25.2361 15.1958 4
    endloop
  endfacet
  facet normal 0 0 1
    outer loop
      vertex 26 -15.5359 4
      vertex 17 0 4
      vertex 25.6269 -15.3458 4
    endloop
  endfacet
  facet normal 0 0 1
    outer loop
      vertex 16.9069 1.77698 4
      vertex 25.2361 15.1958 4
      vertex 24.8316 15.0874 4
    endloop
  endfacet
  facet normal -0 0 1
    outer loop
      vertex 16.9069 -1.77698 4
      vertex 25.6269 -15.3458 4
      vertex 17 0 4
    endloop
  endfacet
  facet normal 0 0 1
    outer loop
      vertex 16.6285 3.5345 4
      vertex 24.8316 15.0874 4
      vertex 24.4181 15.0219 4
    endloop
  endfacet
  facet normal 0 0 1
    outer loop
      vertex 25.6269 -15.3458 4
      vertex 16.9069 -1.77698 4
      vertex 25.2361 -15.1958 4
    endloop
  endfacet
  facet normal 0 0 1
    outer loop
      vertex 16.6285 3.5345 4
      vertex 24.4181 15.0219 4
      vertex 24 15 4
    endloop
  endfacet
  facet normal 0 0 1
    outer loop
      vertex 25.2361 -15.1958 4
      vertex 16.9069 -1.77698 4
      vertex 24.8316 -15.0874 4
    endloop
  endfacet
  facet normal 0 0 1
    outer loop
      vertex 16.168 5.25329 4
      vertex 24 15 4
      vertex 23.5819 15.0219 4
    endloop
  endfacet
  facet normal -0 0 1
    outer loop
      vertex 16.6285 -3.5345 4
      vertex 24.8316 -15.0874 4
      vertex 16.9069 -1.77698 4
    endloop
  endfacet
  facet normal 0 0 1
    outer loop
      vertex 16.168 5.25329 4
      vertex 23.5819 15.0219 4
      vertex 23.1684 15.0874 4
    endloop
  endfacet
  facet normal 0 0 1
    outer loop
      vertex 24.8316 -15.0874 4
      vertex 16.6285 -3.5345 4
      vertex 24.4181 -15.0219 4
    endloop
  endfacet
  facet normal 0 0 1
    outer loop
      vertex 15.5303 6.91452 4
      vertex 23.1684 15.0874 4
      vertex 22.7639 15.1958 4
    endloop
  endfacet
  facet normal 0 0 1
    outer loop
      vertex 24.4181 -15.0219 4
      vertex 16.6285 -3.5345 4
      vertex 24 -15 4
    endloop
  endfacet
  facet normal 0 0 1
    outer loop
      vertex 15.5303 6.91452 4
      vertex 22.7639 15.1958 4
      vertex 22.3731 15.3458 4
    endloop
  endfacet
  facet normal -0 0 1
    outer loop
      vertex 16.168 -5.25329 4
      vertex 24 -15 4
      vertex 16.6285 -3.5345 4
    endloop
  endfacet
  facet normal 0 0 1
    outer loop
      vertex 14.7224 8.5 4
      vertex 22.3731 15.3458 4
      vertex 22 15.5359 4
    endloop
  endfacet
  facet normal 0 0 1
    outer loop
      vertex 24 -15 4
      vertex 16.168 -5.25329 4
      vertex 23.5819 -15.0219 4
    endloop
  endfacet
  facet normal 0 0 1
    outer loop
      vertex 14.7224 8.5 4
      vertex 22 15.5359 4
      vertex 21.6489 15.7639 4
    endloop
  endfacet
  facet normal 0 0 1
    outer loop
      vertex 23.5819 -15.0219 4
      vertex 16.168 -5.25329 4
      vertex 23.1684 -15.0874 4
    endloop
  endfacet
  facet normal 0 0 1
    outer loop
      vertex 13.7533 9.99235 4
      vertex 21.6489 15.7639 4
      vertex 21.3235 16.0274 4
    endloop
  endfacet
  facet normal -0 0 1
    outer loop
      vertex 15.5303 -6.91452 4
      vertex 23.1684 -15.0874 4
      vertex 16.168 -5.25329 4
    endloop
  endfacet
  facet normal 0 0 1
    outer loop
      vertex 13.7533 9.99235 4
      vertex 21.3235 16.0274 4
      vertex 21.0274 16.3235 4
    endloop
  endfacet
  facet normal 0 0 1
    outer loop
      vertex 23.1684 -15.0874 4
      vertex 15.5303 -6.91452 4
      vertex 22.7639 -15.1958 4
    endloop
  endfacet
  facet normal 0 0 1
    outer loop
      vertex 13.7533 9.99235 4
      vertex 21.0274 16.3235 4
      vertex 20.7639 16.6489 4
    endloop
  endfacet
  facet normal 0 0 1
    outer loop
      vertex 22.7639 -15.1958 4
      vertex 15.5303 -6.91452 4
      vertex 22.3731 -15.3458 4
    endloop
  endfacet
  facet normal 0 0 1
    outer loop
      vertex 12.6335 11.3752 4
      vertex 20.7639 16.6489 4
      vertex 20.5359 17 4
    endloop
  endfacet
  facet normal -0 0 1
    outer loop
      vertex 14.7224 -8.5 4
      vertex 22.3731 -15.3458 4
      vertex 15.5303 -6.91452 4
    endloop
  endfacet
  facet normal 0 0 1
    outer loop
      vertex 12.6335 11.3752 4
      vertex 20.5359 17 4
      vertex 20.3458 17.3731 4
    endloop
  endfacet
  facet normal 0 0 1
    outer loop
      vertex 22.3731 -15.3458 4
      vertex 14.7224 -8.5 4
      vertex 22 -15.5359 4
    endloop
  endfacet
  facet normal 0 0 1
    outer loop
      vertex 11.3752 12.6335 4
      vertex 20.3458 17.3731 4
      vertex 20.1958 17.7639 4
    endloop
  endfacet
  facet normal 0 0 1
    outer loop
      vertex 22 -15.5359 4
      vertex 14.7224 -8.5 4
      vertex 21.6489 -15.7639 4
    endloop
  endfacet
  facet normal 0 0 1
    outer loop
      vertex 11.3752 12.6335 4
      vertex 20.1958 17.7639 4
      vertex 20.0874 18.1684 4
    endloop
  endfacet
  facet normal -0 0 1
    outer loop
      vertex 13.7533 -9.99235 4
      vertex 21.6489 -15.7639 4
      vertex 14.7224 -8.5 4
    endloop
  endfacet
  facet normal 0 0 1
    outer loop
      vertex 11.3752 12.6335 4
      vertex 20.0874 18.1684 4
      vertex 20.0219 18.5819 4
    endloop
  endfacet
  facet normal 0 0 1
    outer loop
      vertex 21.6489 -15.7639 4
      vertex 13.7533 -9.99235 4
      vertex 21.3235 -16.0274 4
    endloop
  endfacet
  facet normal 0 0 1
    outer loop
      vertex 9.99235 13.7533 4
      vertex 20.0219 18.5819 4
      vertex 20 19 4
    endloop
  endfacet
  facet normal 0 0 1
    outer loop
      vertex 21.3235 -16.0274 4
      vertex 13.7533 -9.99235 4
      vertex 21.0274 -16.3235 4
    endloop
  endfacet
  facet normal 0 0 1
    outer loop
      vertex 29.25 25.25 4
      vertex 30.25 24.25 4
      vertex 30.2445 24.3545 4
    endloop
  endfacet
  facet normal 0 0 1
    outer loop
      vertex 27.9781 18.5819 4
      vertex 30.25 24.25 4
      vertex 28 19 4
    endloop
  endfacet
  facet normal 0 0 1
    outer loop
      vertex 29.25 25.25 4
      vertex 30.2445 24.3545 4
      vertex 30.2281 24.4579 4
    endloop
  endfacet
  facet normal 0 0 1
    outer loop
      vertex 27.9126 18.1684 4
      vertex 30.25 24.25 4
      vertex 27.9781 18.5819 4
    endloop
  endfacet
  facet normal 0 0 1
    outer loop
      vertex 29.25 25.25 4
      vertex 30.2281 24.4579 4
      vertex 30.2011 24.559 4
    endloop
  endfacet
  facet normal -0 0 1
    outer loop
      vertex 27.9781 -19.4181 4
      vertex 30.25 -24.25 4
      vertex 28 -19 4
    endloop
  endfacet
  facet normal 0 0 1
    outer loop
      vertex 29.25 25.25 4
      vertex 30.2011 24.559 4
      vertex 30.1635 24.6567 4
    endloop
  endfacet
  facet normal -0 0 1
    outer loop
      vertex 27.9126 -19.8316 4
      vertex 30.25 -24.25 4
      vertex 27.9781 -19.4181 4
    endloop
  endfacet
  facet normal 0 0 1
    outer loop
      vertex 29.25 25.25 4
      vertex 30.1635 24.6567 4
      vertex 30.116 24.75 4
    endloop
  endfacet
  facet normal -0 0 1
    outer loop
      vertex 27.8042 -20.2361 4
      vertex 30.25 -24.25 4
      vertex 27.9126 -19.8316 4
    endloop
  endfacet
  facet normal 0 0 1
    outer loop
      vertex 29.25 25.25 4
      vertex 30.116 24.75 4
      vertex 30.059 24.8378 4
    endloop
  endfacet
  facet normal -0 0 1
    outer loop
      vertex 27.6542 -20.6269 4
      vertex 30.25 -24.25 4
      vertex 27.8042 -20.2361 4
    endloop
  endfacet
  facet normal 0 0 1
    outer loop
      vertex 29.25 25.25 4
      vertex 30.059 24.8378 4
      vertex 29.9931 24.9191 4
    endloop
  endfacet
  facet normal -0 0 1
    outer loop
      vertex 27.4641 -21 4
      vertex 30.25 -24.25 4
      vertex 27.6542 -20.6269 4
    endloop
  endfacet
  facet normal 0 0 1
    outer loop
      vertex 29.25 25.25 4
      vertex 29.9931 24.9191 4
      vertex 29.9191 24.9931 4
    endloop
  endfacet
  facet normal -0 0 1
    outer loop
      vertex 27.2361 -21.3511 4
      vertex 30.25 -24.25 4
      vertex 27.4641 -21 4
    endloop
  endfacet
  facet normal 0 0 1
    outer loop
      vertex 29.25 25.25 4
      vertex 29.9191 24.9931 4
      vertex 29.8378 25.059 4
    endloop
  endfacet
  facet normal -0 0 1
    outer loop
      vertex 26.9726 -21.6765 4
      vertex 30.25 -24.25 4
      vertex 27.2361 -21.3511 4
    endloop
  endfacet
  facet normal 0 0 1
    outer loop
      vertex 29.25 25.25 4
      vertex 29.8378 25.059 4
      vertex 29.75 25.116 4
    endloop
  endfacet
  facet normal 0 -0 1
    outer loop
      vertex 29.25 -25.25 4
      vertex 30.25 -24.25 4
      vertex 26.9726 -21.6765 4
    endloop
  endfacet
  facet normal 0 0 1
    outer loop
      vertex 29.25 25.25 4
      vertex 29.75 25.116 4
      vertex 29.6567 25.1635 4
    endloop
  endfacet
  facet normal 0 0 1
    outer loop
      vertex 30.25 -24.25 4
      vertex 29.25 -25.25 4
      vertex 30.2445 -24.3545 4
    endloop
  endfacet
  facet normal 0 0 1
    outer loop
      vertex 29.25 25.25 4
      vertex 29.6567 25.1635 4
      vertex 29.559 25.2011 4
    endloop
  endfacet
  facet normal 0 0 1
    outer loop
      vertex 30.2445 -24.3545 4
      vertex 29.25 -25.25 4
      vertex 30.2281 -24.4579 4
    endloop
  endfacet
  facet normal 0 0 1
    outer loop
      vertex 29.25 25.25 4
      vertex 29.559 25.2011 4
      vertex 29.4579 25.2281 4
    endloop
  endfacet
  facet normal 0 0 1
    outer loop
      vertex 30.2281 -24.4579 4
      vertex 29.25 -25.25 4
      vertex 30.2011 -24.559 4
    endloop
  endfacet
  facet normal 0 0 1
    outer loop
      vertex 29.25 25.25 4
      vertex 29.4579 25.2281 4
      vertex 29.3545 25.2445 4
    endloop
  endfacet
  facet normal 0 0 1
    outer loop
      vertex 30.2011 -24.559 4
      vertex 29.25 -25.25 4
      vertex 30.1635 -24.6567 4
    endloop
  endfacet
  facet normal 0 0 1
    outer loop
      vertex 30.25 24.25 4
      vertex 29.25 25.25 4
      vertex 26.9726 21.6765 4
    endloop
  endfacet
  facet normal 0 0 1
    outer loop
      vertex 30.1635 -24.6567 4
      vertex 29.25 -25.25 4
      vertex 30.116 -24.75 4
    endloop
  endfacet
  facet normal 0 0 1
    outer loop
      vertex 30.116 -24.75 4
      vertex 29.25 -25.25 4
      vertex 30.059 -24.8378 4
    endloop
  endfacet
  facet normal 0 0 1
    outer loop
      vertex 30.25 24.25 4
      vertex 27.9781 19.4181 4
      vertex 28 19 4
    endloop
  endfacet
  facet normal 0 0 1
    outer loop
      vertex 30.25 24.25 4
      vertex 27.9126 19.8316 4
      vertex 27.9781 19.4181 4
    endloop
  endfacet
  facet normal 0 0 1
    outer loop
      vertex 30.25 24.25 4
      vertex 27.8042 20.2361 4
      vertex 27.9126 19.8316 4
    endloop
  endfacet
  facet normal 0 0 1
    outer loop
      vertex 30.25 24.25 4
      vertex 27.6542 20.6269 4
      vertex 27.8042 20.2361 4
    endloop
  endfacet
  facet normal 0 0 1
    outer loop
      vertex 30.25 24.25 4
      vertex 27.4641 21 4
      vertex 27.6542 20.6269 4
    endloop
  endfacet
  facet normal 0 0 1
    outer loop
      vertex 30.25 24.25 4
      vertex 27.2361 21.3511 4
      vertex 27.4641 21 4
    endloop
  endfacet
  facet normal 0 0 1
    outer loop
      vertex 30.25 24.25 4
      vertex 26.9726 21.6765 4
      vertex 27.2361 21.3511 4
    endloop
  endfacet
  facet normal 0 0 1
    outer loop
      vertex 29.25 25.25 4
      vertex 26.6765 21.9726 4
      vertex 26.9726 21.6765 4
    endloop
  endfacet
  facet normal 0 0 1
    outer loop
      vertex 29.25 25.25 4
      vertex 26.3511 22.2361 4
      vertex 26.6765 21.9726 4
    endloop
  endfacet
  facet normal 0 0 1
    outer loop
      vertex 29.25 25.25 4
      vertex 26 22.4641 4
      vertex 26.3511 22.2361 4
    endloop
  endfacet
  facet normal 0 0 1
    outer loop
      vertex 29.25 25.25 4
      vertex 25.6269 22.6542 4
      vertex 26 22.4641 4
    endloop
  endfacet
  facet normal 0 0 1
    outer loop
      vertex 29.25 25.25 4
      vertex 25.2361 22.8042 4
      vertex 25.6269 22.6542 4
    endloop
  endfacet
  facet normal 0 0 1
    outer loop
      vertex 29.25 25.25 4
      vertex 24.8316 22.9126 4
      vertex 25.2361 22.8042 4
    endloop
  endfacet
  facet normal 0 0 1
    outer loop
      vertex 29.25 25.25 4
      vertex 24.4181 22.9781 4
      vertex 24.8316 22.9126 4
    endloop
  endfacet
  facet normal 0 0 1
    outer loop
      vertex 29.25 25.25 4
      vertex 24 23 4
      vertex 24.4181 22.9781 4
    endloop
  endfacet
  facet normal 0 0 1
    outer loop
      vertex 29.25 25.25 4
      vertex 23.5819 22.9781 4
      vertex 24 23 4
    endloop
  endfacet
  facet normal 0 0 1
    outer loop
      vertex 29.25 25.25 4
      vertex 23.1684 22.9126 4
      vertex 23.5819 22.9781 4
    endloop
  endfacet
  facet normal 0 0 1
    outer loop
      vertex 29.25 25.25 4
      vertex 22.7639 22.8042 4
      vertex 23.1684 22.9126 4
    endloop
  endfacet
  facet normal 0 0 1
    outer loop
      vertex 21.0274 -16.3235 4
      vertex 13.7533 -9.99235 4
      vertex 20.7639 -16.6489 4
    endloop
  endfacet
  facet normal 0 0 1
    outer loop
      vertex 9.99235 13.7533 4
      vertex 20 19 4
      vertex 20.0219 19.4181 4
    endloop
  endfacet
  facet normal 0 0 1
    outer loop
      vertex 25.6269 15.3458 4
      vertex 16.9069 1.77698 4
      vertex 17 0 4
    endloop
  endfacet
  facet normal 0 0 1
    outer loop
      vertex 8.5 14.7224 4
      vertex 20.0219 19.4181 4
      vertex 20.0874 19.8316 4
    endloop
  endfacet
  facet normal 0 0 1
    outer loop
      vertex 24.8316 15.0874 4
      vertex 16.6285 3.5345 4
      vertex 16.9069 1.77698 4
    endloop
  endfacet
  facet normal 0 0 1
    outer loop
      vertex 24 15 4
      vertex 16.168 5.25329 4
      vertex 16.6285 3.5345 4
    endloop
  endfacet
  facet normal 0 0 1
    outer loop
      vertex 8.5 14.7224 4
      vertex 20.0874 19.8316 4
      vertex 20.1958 20.2361 4
    endloop
  endfacet
  facet normal 0 0 1
    outer loop
      vertex 23.1684 15.0874 4
      vertex 15.5303 6.91452 4
      vertex 16.168 5.25329 4
    endloop
  endfacet
  facet normal 0 0 1
    outer loop
      vertex 22.3731 15.3458 4
      vertex 14.7224 8.5 4
      vertex 15.5303 6.91452 4
    endloop
  endfacet
  facet normal 0 0 1
    outer loop
      vertex 6.91452 15.5303 4
      vertex 20.1958 20.2361 4
      vertex 20.3458 20.6269 4
    endloop
  endfacet
  facet normal 0 0 1
    outer loop
      vertex 21.6489 15.7639 4
      vertex 13.7533 9.99235 4
      vertex 14.7224 8.5 4
    endloop
  endfacet
  facet normal 0 0 1
    outer loop
      vertex 6.91452 15.5303 4
      vertex 20.3458 20.6269 4
      vertex 20.5359 21 4
    endloop
  endfacet
  facet normal 0 0 1
    outer loop
      vertex 20.7639 16.6489 4
      vertex 12.6335 11.3752 4
      vertex 13.7533 9.99235 4
    endloop
  endfacet
  facet normal 0 0 1
    outer loop
      vertex 5.25329 16.168 4
      vertex 20.5359 21 4
      vertex 20.7639 21.3511 4
    endloop
  endfacet
  facet normal 0 0 1
    outer loop
      vertex 5.25329 16.168 4
      vertex 20.7639 21.3511 4
      vertex 21.0274 21.6765 4
    endloop
  endfacet
  facet normal 0 0 1
    outer loop
      vertex 20.3458 17.3731 4
      vertex 11.3752 12.6335 4
      vertex 12.6335 11.3752 4
    endloop
  endfacet
  facet normal 0 0 1
    outer loop
      vertex 3.5345 16.6285 4
      vertex 21.0274 21.6765 4
      vertex 21.3235 21.9726 4
    endloop
  endfacet
  facet normal 0 0 1
    outer loop
      vertex 20.0219 18.5819 4
      vertex 9.99235 13.7533 4
      vertex 11.3752 12.6335 4
    endloop
  endfacet
  facet normal 0 0 1
    outer loop
      vertex 1.77698 16.9069 4
      vertex 21.3235 21.9726 4
      vertex 21.6489 22.2361 4
    endloop
  endfacet
  facet normal 0 0 1
    outer loop
      vertex 20.0219 19.4181 4
      vertex 8.5 14.7224 4
      vertex 9.99235 13.7533 4
    endloop
  endfacet
  facet normal 0 0 1
    outer loop
      vertex 1.77698 16.9069 4
      vertex 21.6489 22.2361 4
      vertex 22 22.4641 4
    endloop
  endfacet
  facet normal 0 0 1
    outer loop
      vertex 20.1958 20.2361 4
      vertex 6.91452 15.5303 4
      vertex 8.5 14.7224 4
    endloop
  endfacet
  facet normal 0 0 1
    outer loop
      vertex -22 22.4641 4
      vertex 22 22.4641 4
      vertex 22.3731 22.6542 4
    endloop
  endfacet
  facet normal 0 0 1
    outer loop
      vertex 20.5359 21 4
      vertex 5.25329 16.168 4
      vertex 6.91452 15.5303 4
    endloop
  endfacet
  facet normal 0 0 1
    outer loop
      vertex -22.3731 22.6542 4
      vertex 22.3731 22.6542 4
      vertex 22.7639 22.8042 4
    endloop
  endfacet
  facet normal 0 0 1
    outer loop
      vertex 21.0274 21.6765 4
      vertex 3.5345 16.6285 4
      vertex 5.25329 16.168 4
    endloop
  endfacet
  facet normal 0 0 1
    outer loop
      vertex -22.7639 22.8042 4
      vertex 22.7639 22.8042 4
      vertex 29.25 25.25 4
    endloop
  endfacet
  facet normal 0 0 1
    outer loop
      vertex 21.3235 21.9726 4
      vertex 1.77698 16.9069 4
      vertex 3.5345 16.6285 4
    endloop
  endfacet
  facet normal 0 0 1
    outer loop
      vertex 22 22.4641 4
      vertex 0 17 4
      vertex 1.77698 16.9069 4
    endloop
  endfacet
  facet normal 0 0 1
    outer loop
      vertex 22 22.4641 4
      vertex -22 22.4641 4
      vertex 0 17 4
    endloop
  endfacet
  facet normal 0 0 1
    outer loop
      vertex 0 17 4
      vertex -22 22.4641 4
      vertex -1.77698 16.9069 4
    endloop
  endfacet
  facet normal 0 0 1
    outer loop
      vertex -12.6335 11.3752 4
      vertex -20.7639 16.6489 4
      vertex -13.7533 9.99235 4
    endloop
  endfacet
  facet normal -0 0 1
    outer loop
      vertex -20.7639 16.6489 4
      vertex -12.6335 11.3752 4
      vertex -20.5359 17 4
    endloop
  endfacet
  facet normal -0 0 1
    outer loop
      vertex -20.5359 17 4
      vertex -12.6335 11.3752 4
      vertex -20.3458 17.3731 4
    endloop
  endfacet
  facet normal 0 0 1
    outer loop
      vertex -11.3752 12.6335 4
      vertex -20.3458 17.3731 4
      vertex -12.6335 11.3752 4
    endloop
  endfacet
  facet normal -0 0 1
    outer loop
      vertex -20.3458 17.3731 4
      vertex -11.3752 12.6335 4
      vertex -20.1958 17.7639 4
    endloop
  endfacet
  facet normal -0 0 1
    outer loop
      vertex -20.1958 17.7639 4
      vertex -11.3752 12.6335 4
      vertex -20.0874 18.1684 4
    endloop
  endfacet
  facet normal -0 0 1
    outer loop
      vertex -20.0874 18.1684 4
      vertex -11.3752 12.6335 4
      vertex -20.0219 18.5819 4
    endloop
  endfacet
  facet normal 0 0 1
    outer loop
      vertex -9.99235 13.7533 4
      vertex -20.0219 18.5819 4
      vertex -11.3752 12.6335 4
    endloop
  endfacet
  facet normal -0 0 1
    outer loop
      vertex -20.0219 18.5819 4
      vertex -9.99235 13.7533 4
      vertex -20 19 4
    endloop
  endfacet
  facet normal 0 0 1
    outer loop
      vertex -20.0219 19.4181 4
      vertex -9.99235 13.7533 4
      vertex -8.5 14.7224 4
    endloop
  endfacet
  facet normal 0 0 1
    outer loop
      vertex -20.1958 20.2361 4
      vertex -8.5 14.7224 4
      vertex -6.91452 15.5303 4
    endloop
  endfacet
  facet normal 0 0 1
    outer loop
      vertex -20.5359 21 4
      vertex -6.91452 15.5303 4
      vertex -5.25329 16.168 4
    endloop
  endfacet
  facet normal 0 0 1
    outer loop
      vertex -21.0274 21.6765 4
      vertex -5.25329 16.168 4
      vertex -3.5345 16.6285 4
    endloop
  endfacet
  facet normal -0 -0 1
    outer loop
      vertex -21.6489 22.2361 4
      vertex -1.77698 16.9069 4
      vertex -22 22.4641 4
    endloop
  endfacet
  facet normal 0 0 1
    outer loop
      vertex -9.99235 13.7533 4
      vertex -20.0219 19.4181 4
      vertex -20 19 4
    endloop
  endfacet
  facet normal 0 0 1
    outer loop
      vertex -8.5 14.7224 4
      vertex -20.0874 19.8316 4
      vertex -20.0219 19.4181 4
    endloop
  endfacet
  facet normal 0 0 1
    outer loop
      vertex -8.5 14.7224 4
      vertex -20.1958 20.2361 4
      vertex -20.0874 19.8316 4
    endloop
  endfacet
  facet normal 0 0 1
    outer loop
      vertex -6.91452 15.5303 4
      vertex -20.3458 20.6269 4
      vertex -20.1958 20.2361 4
    endloop
  endfacet
  facet normal 0 0 1
    outer loop
      vertex -6.91452 15.5303 4
      vertex -20.5359 21 4
      vertex -20.3458 20.6269 4
    endloop
  endfacet
  facet normal 0 0 1
    outer loop
      vertex -5.25329 16.168 4
      vertex -20.7639 21.3511 4
      vertex -20.5359 21 4
    endloop
  endfacet
  facet normal 0 0 1
    outer loop
      vertex -5.25329 16.168 4
      vertex -21.0274 21.6765 4
      vertex -20.7639 21.3511 4
    endloop
  endfacet
  facet normal 0 0 1
    outer loop
      vertex -3.5345 16.6285 4
      vertex -21.3235 21.9726 4
      vertex -21.0274 21.6765 4
    endloop
  endfacet
  facet normal 0 0 1
    outer loop
      vertex -1.77698 16.9069 4
      vertex -21.3235 21.9726 4
      vertex -3.5345 16.6285 4
    endloop
  endfacet
  facet normal -0 -0 1
    outer loop
      vertex -21.3235 21.9726 4
      vertex -1.77698 16.9069 4
      vertex -21.6489 22.2361 4
    endloop
  endfacet
  facet normal 0 0 1
    outer loop
      vertex 22.3731 22.6542 4
      vertex -22.3731 22.6542 4
      vertex -22 22.4641 4
    endloop
  endfacet
  facet normal 0 0 1
    outer loop
      vertex 22.7639 22.8042 4
      vertex -22.7639 22.8042 4
      vertex -22.3731 22.6542 4
    endloop
  endfacet
  facet normal -0 0 1
    outer loop
      vertex -29.25 25.25 4
      vertex -22.7639 22.8042 4
      vertex 29.25 25.25 4
    endloop
  endfacet
  facet normal 0 0 1
    outer loop
      vertex -22.7639 22.8042 4
      vertex -29.25 25.25 4
      vertex -23.1684 22.9126 4
    endloop
  endfacet
  facet normal 0 0 1
    outer loop
      vertex -23.1684 22.9126 4
      vertex -29.25 25.25 4
      vertex -23.5819 22.9781 4
    endloop
  endfacet
  facet normal 0 0 1
    outer loop
      vertex -27.9781 19.4181 4
      vertex -30.25 24.25 4
      vertex -28 19 4
    endloop
  endfacet
  facet normal 0 0 1
    outer loop
      vertex -27.9126 19.8316 4
      vertex -30.25 24.25 4
      vertex -27.9781 19.4181 4
    endloop
  endfacet
  facet normal 0 0 1
    outer loop
      vertex -27.8042 20.2361 4
      vertex -30.25 24.25 4
      vertex -27.9126 19.8316 4
    endloop
  endfacet
  facet normal 0 0 1
    outer loop
      vertex -27.6542 20.6269 4
      vertex -30.25 24.25 4
      vertex -27.8042 20.2361 4
    endloop
  endfacet
  facet normal 0 0 1
    outer loop
      vertex -27.4641 21 4
      vertex -30.25 24.25 4
      vertex -27.6542 20.6269 4
    endloop
  endfacet
  facet normal 0 0 1
    outer loop
      vertex -27.2361 21.3511 4
      vertex -30.25 24.25 4
      vertex -27.4641 21 4
    endloop
  endfacet
  facet normal 0 0 1
    outer loop
      vertex -26.9726 21.6765 4
      vertex -30.25 24.25 4
      vertex -27.2361 21.3511 4
    endloop
  endfacet
  facet normal -0 0 1
    outer loop
      vertex -30.25 24.25 4
      vertex -26.9726 21.6765 4
      vertex -29.25 25.25 4
    endloop
  endfacet
  facet normal 0 0 1
    outer loop
      vertex -26.6765 21.9726 4
      vertex -29.25 25.25 4
      vertex -26.9726 21.6765 4
    endloop
  endfacet
  facet normal 0 0 1
    outer loop
      vertex -26.3511 22.2361 4
      vertex -29.25 25.25 4
      vertex -26.6765 21.9726 4
    endloop
  endfacet
  facet normal 0 0 1
    outer loop
      vertex -26 22.4641 4
      vertex -29.25 25.25 4
      vertex -26.3511 22.2361 4
    endloop
  endfacet
  facet normal 0 0 1
    outer loop
      vertex -25.6269 22.6542 4
      vertex -29.25 25.25 4
      vertex -26 22.4641 4
    endloop
  endfacet
  facet normal 0 0 1
    outer loop
      vertex -25.2361 22.8042 4
      vertex -29.25 25.25 4
      vertex -25.6269 22.6542 4
    endloop
  endfacet
  facet normal 0 0 1
    outer loop
      vertex -24.8316 22.9126 4
      vertex -29.25 25.25 4
      vertex -25.2361 22.8042 4
    endloop
  endfacet
  facet normal 0 0 1
    outer loop
      vertex -24.4181 22.9781 4
      vertex -29.25 25.25 4
      vertex -24.8316 22.9126 4
    endloop
  endfacet
  facet normal 0 0 1
    outer loop
      vertex -24 23 4
      vertex -29.25 25.25 4
      vertex -24.4181 22.9781 4
    endloop
  endfacet
  facet normal 0 0 1
    outer loop
      vertex -23.5819 22.9781 4
      vertex -29.25 25.25 4
      vertex -24 23 4
    endloop
  endfacet
  facet normal 0 0 1
    outer loop
      vertex 30.059 -24.8378 4
      vertex 29.25 -25.25 4
      vertex 29.9931 -24.9191 4
    endloop
  endfacet
  facet normal 0 0 1
    outer loop
      vertex 29.9931 -24.9191 4
      vertex 29.25 -25.25 4
      vertex 29.9191 -24.9931 4
    endloop
  endfacet
  facet normal 0 0 1
    outer loop
      vertex 29.8378 -25.059 4
      vertex 29.25 -25.25 4
      vertex 29.75 -25.116 4
    endloop
  endfacet
  facet normal 0 0 1
    outer loop
      vertex 29.75 -25.116 4
      vertex 29.25 -25.25 4
      vertex 29.6567 -25.1635 4
    endloop
  endfacet
  facet normal 0 0 1
    outer loop
      vertex 29.6567 -25.1635 4
      vertex 29.25 -25.25 4
      vertex 29.559 -25.2011 4
    endloop
  endfacet
  facet normal 0 0 1
    outer loop
      vertex 29.559 -25.2011 4
      vertex 29.25 -25.25 4
      vertex 29.4579 -25.2281 4
    endloop
  endfacet
  facet normal 0 0 1
    outer loop
      vertex 29.4579 -25.2281 4
      vertex 29.25 -25.25 4
      vertex 29.3545 -25.2445 4
    endloop
  endfacet
  facet normal 0 0 1
    outer loop
      vertex 29.9191 -24.9931 4
      vertex 29.25 -25.25 4
      vertex 29.8378 -25.059 4
    endloop
  endfacet
  facet normal -0 0 1
    outer loop
      vertex 26.6765 -21.9726 4
      vertex 29.25 -25.25 4
      vertex 26.9726 -21.6765 4
    endloop
  endfacet
  facet normal -0 0 1
    outer loop
      vertex 26.3511 -22.2361 4
      vertex 29.25 -25.25 4
      vertex 26.6765 -21.9726 4
    endloop
  endfacet
  facet normal -0 0 1
    outer loop
      vertex 26 -22.4641 4
      vertex 29.25 -25.25 4
      vertex 26.3511 -22.2361 4
    endloop
  endfacet
  facet normal -0 0 1
    outer loop
      vertex 25.6269 -22.6542 4
      vertex 29.25 -25.25 4
      vertex 26 -22.4641 4
    endloop
  endfacet
  facet normal -0 0 1
    outer loop
      vertex 25.2361 -22.8042 4
      vertex 29.25 -25.25 4
      vertex 25.6269 -22.6542 4
    endloop
  endfacet
  facet normal -0 0 1
    outer loop
      vertex 24.8316 -22.9126 4
      vertex 29.25 -25.25 4
      vertex 25.2361 -22.8042 4
    endloop
  endfacet
  facet normal -0 0 1
    outer loop
      vertex 24.4181 -22.9781 4
      vertex 29.25 -25.25 4
      vertex 24.8316 -22.9126 4
    endloop
  endfacet
  facet normal -0 0 1
    outer loop
      vertex 24 -23 4
      vertex 29.25 -25.25 4
      vertex 24.4181 -22.9781 4
    endloop
  endfacet
  facet normal 0 0 1
    outer loop
      vertex 23.5819 -22.9781 4
      vertex 29.25 -25.25 4
      vertex 24 -23 4
    endloop
  endfacet
  facet normal 0 0 1
    outer loop
      vertex 23.1684 -22.9126 4
      vertex 29.25 -25.25 4
      vertex 23.5819 -22.9781 4
    endloop
  endfacet
  facet normal 0 0 1
    outer loop
      vertex 22.7639 -22.8042 4
      vertex 29.25 -25.25 4
      vertex 23.1684 -22.9126 4
    endloop
  endfacet
  facet normal -0 0 1
    outer loop
      vertex 12.6335 -11.3752 4
      vertex 20.7639 -16.6489 4
      vertex 13.7533 -9.99235 4
    endloop
  endfacet
  facet normal 0 0 1
    outer loop
      vertex 20.7639 -16.6489 4
      vertex 12.6335 -11.3752 4
      vertex 20.5359 -17 4
    endloop
  endfacet
  facet normal 0 0 1
    outer loop
      vertex 20.5359 -17 4
      vertex 12.6335 -11.3752 4
      vertex 20.3458 -17.3731 4
    endloop
  endfacet
  facet normal -0 0 1
    outer loop
      vertex 11.3752 -12.6335 4
      vertex 20.3458 -17.3731 4
      vertex 12.6335 -11.3752 4
    endloop
  endfacet
  facet normal 0 0 1
    outer loop
      vertex 20.3458 -17.3731 4
      vertex 11.3752 -12.6335 4
      vertex 20.1958 -17.7639 4
    endloop
  endfacet
  facet normal 0 0 1
    outer loop
      vertex 20.1958 -17.7639 4
      vertex 11.3752 -12.6335 4
      vertex 20.0874 -18.1684 4
    endloop
  endfacet
  facet normal 0 0 1
    outer loop
      vertex 20.0874 -18.1684 4
      vertex 11.3752 -12.6335 4
      vertex 20.0219 -18.5819 4
    endloop
  endfacet
  facet normal -0 0 1
    outer loop
      vertex 9.99235 -13.7533 4
      vertex 20.0219 -18.5819 4
      vertex 11.3752 -12.6335 4
    endloop
  endfacet
  facet normal 0 0 1
    outer loop
      vertex 20.0219 -18.5819 4
      vertex 9.99235 -13.7533 4
      vertex 20 -19 4
    endloop
  endfacet
  facet normal 0 0 1
    outer loop
      vertex 20 -19 4
      vertex 9.99235 -13.7533 4
      vertex 20.0219 -19.4181 4
    endloop
  endfacet
  facet normal -0 0 1
    outer loop
      vertex 8.5 -14.7224 4
      vertex 20.0219 -19.4181 4
      vertex 9.99235 -13.7533 4
    endloop
  endfacet
  facet normal 0 0 1
    outer loop
      vertex 20.0219 -19.4181 4
      vertex 8.5 -14.7224 4
      vertex 20.0874 -19.8316 4
    endloop
  endfacet
  facet normal 0 0 1
    outer loop
      vertex 20.0874 -19.8316 4
      vertex 8.5 -14.7224 4
      vertex 20.1958 -20.2361 4
    endloop
  endfacet
  facet normal -0 0 1
    outer loop
      vertex 6.91452 -15.5303 4
      vertex 20.1958 -20.2361 4
      vertex 8.5 -14.7224 4
    endloop
  endfacet
  facet normal 0 0 1
    outer loop
      vertex 20.1958 -20.2361 4
      vertex 6.91452 -15.5303 4
      vertex 20.3458 -20.6269 4
    endloop
  endfacet
  facet normal 0 0 1
    outer loop
      vertex 20.3458 -20.6269 4
      vertex 6.91452 -15.5303 4
      vertex 20.5359 -21 4
    endloop
  endfacet
  facet normal -0 0 1
    outer loop
      vertex 5.25329 -16.168 4
      vertex 20.5359 -21 4
      vertex 6.91452 -15.5303 4
    endloop
  endfacet
  facet normal 0 0 1
    outer loop
      vertex 20.5359 -21 4
      vertex 5.25329 -16.168 4
      vertex 20.7639 -21.3511 4
    endloop
  endfacet
  facet normal 0 0 1
    outer loop
      vertex 20.7639 -21.3511 4
      vertex 5.25329 -16.168 4
      vertex 21.0274 -21.6765 4
    endloop
  endfacet
  facet normal -0 0 1
    outer loop
      vertex 3.5345 -16.6285 4
      vertex 21.0274 -21.6765 4
      vertex 5.25329 -16.168 4
    endloop
  endfacet
  facet normal 0 0 1
    outer loop
      vertex 21.0274 -21.6765 4
      vertex 3.5345 -16.6285 4
      vertex 21.3235 -21.9726 4
    endloop
  endfacet
  facet normal -0 0 1
    outer loop
      vertex 1.77698 -16.9069 4
      vertex 21.3235 -21.9726 4
      vertex 3.5345 -16.6285 4
    endloop
  endfacet
  facet normal 0 0 1
    outer loop
      vertex 21.3235 -21.9726 4
      vertex 1.77698 -16.9069 4
      vertex 21.6489 -22.2361 4
    endloop
  endfacet
  facet normal 0 0 1
    outer loop
      vertex 21.6489 -22.2361 4
      vertex 1.77698 -16.9069 4
      vertex 22 -22.4641 4
    endloop
  endfacet
  facet normal -0 0 1
    outer loop
      vertex 0 -17 4
      vertex 22 -22.4641 4
      vertex 1.77698 -16.9069 4
    endloop
  endfacet
  facet normal 0 0 1
    outer loop
      vertex -22 -22.4641 4
      vertex 22 -22.4641 4
      vertex 0 -17 4
    endloop
  endfacet
  facet normal 0 0 1
    outer loop
      vertex 22 -22.4641 4
      vertex -22 -22.4641 4
      vertex 22.3731 -22.6542 4
    endloop
  endfacet
  facet normal 0 0 1
    outer loop
      vertex -22.3731 -22.6542 4
      vertex 22.3731 -22.6542 4
      vertex -22 -22.4641 4
    endloop
  endfacet
  facet normal 0 0 1
    outer loop
      vertex -22 -22.4641 4
      vertex 0 -17 4
      vertex -1.77698 -16.9069 4
    endloop
  endfacet
  facet normal 0 0 1
    outer loop
      vertex -21.3235 -21.9726 4
      vertex -1.77698 -16.9069 4
      vertex -3.5345 -16.6285 4
    endloop
  endfacet
  facet normal -0 0 1
    outer loop
      vertex -21.0274 16.3235 4
      vertex -13.7533 9.99235 4
      vertex -20.7639 16.6489 4
    endloop
  endfacet
  facet normal 0 0 1
    outer loop
      vertex -17 0 4
      vertex -20 -19 4
      vertex -16.9069 -1.77698 4
    endloop
  endfacet
  facet normal 0 0 1
    outer loop
      vertex -20 -19 4
      vertex -16.6285 -3.5345 4
      vertex -16.9069 -1.77698 4
    endloop
  endfacet
  facet normal 0 0 1
    outer loop
      vertex -20 -19 4
      vertex -16.168 -5.25329 4
      vertex -16.6285 -3.5345 4
    endloop
  endfacet
  facet normal 0 0 1
    outer loop
      vertex -20 -19 4
      vertex -15.5303 -6.91452 4
      vertex -16.168 -5.25329 4
    endloop
  endfacet
  facet normal 0 0 1
    outer loop
      vertex -20 -19 4
      vertex -14.7224 -8.5 4
      vertex -15.5303 -6.91452 4
    endloop
  endfacet
  facet normal 0 0 1
    outer loop
      vertex -20 -19 4
      vertex -13.7533 -9.99235 4
      vertex -14.7224 -8.5 4
    endloop
  endfacet
  facet normal 0 0 1
    outer loop
      vertex -20 -19 4
      vertex -12.6335 -11.3752 4
      vertex -13.7533 -9.99235 4
    endloop
  endfacet
  facet normal 0 0 1
    outer loop
      vertex -20 -19 4
      vertex -11.3752 -12.6335 4
      vertex -12.6335 -11.3752 4
    endloop
  endfacet
  facet normal 0 0 1
    outer loop
      vertex -20 -19 4
      vertex -9.99235 -13.7533 4
      vertex -11.3752 -12.6335 4
    endloop
  endfacet
  facet normal 0 0 1
    outer loop
      vertex -20.0219 -19.4181 4
      vertex -9.99235 -13.7533 4
      vertex -20 -19 4
    endloop
  endfacet
  facet normal 0 0 1
    outer loop
      vertex -9.99235 -13.7533 4
      vertex -20.0219 -19.4181 4
      vertex -8.5 -14.7224 4
    endloop
  endfacet
  facet normal 0 0 1
    outer loop
      vertex -20.0874 -19.8316 4
      vertex -8.5 -14.7224 4
      vertex -20.0219 -19.4181 4
    endloop
  endfacet
  facet normal 0 0 1
    outer loop
      vertex -20.1958 -20.2361 4
      vertex -8.5 -14.7224 4
      vertex -20.0874 -19.8316 4
    endloop
  endfacet
  facet normal 0 0 1
    outer loop
      vertex -8.5 -14.7224 4
      vertex -20.1958 -20.2361 4
      vertex -6.91452 -15.5303 4
    endloop
  endfacet
  facet normal 0 0 1
    outer loop
      vertex -20.3458 -20.6269 4
      vertex -6.91452 -15.5303 4
      vertex -20.1958 -20.2361 4
    endloop
  endfacet
  facet normal 0 0 1
    outer loop
      vertex -20.5359 -21 4
      vertex -6.91452 -15.5303 4
      vertex -20.3458 -20.6269 4
    endloop
  endfacet
  facet normal 0 0 1
    outer loop
      vertex -6.91452 -15.5303 4
      vertex -20.5359 -21 4
      vertex -5.25329 -16.168 4
    endloop
  endfacet
  facet normal 0 0 1
    outer loop
      vertex -20.7639 -21.3511 4
      vertex -5.25329 -16.168 4
      vertex -20.5359 -21 4
    endloop
  endfacet
  facet normal 0 0 1
    outer loop
      vertex -21.0274 -21.6765 4
      vertex -5.25329 -16.168 4
      vertex -20.7639 -21.3511 4
    endloop
  endfacet
  facet normal 0 0 1
    outer loop
      vertex -5.25329 -16.168 4
      vertex -21.0274 -21.6765 4
      vertex -3.5345 -16.6285 4
    endloop
  endfacet
  facet normal 0 0 1
    outer loop
      vertex -21.3235 -21.9726 4
      vertex -3.5345 -16.6285 4
      vertex -21.0274 -21.6765 4
    endloop
  endfacet
  facet normal 0 0 1
    outer loop
      vertex -1.77698 -16.9069 4
      vertex -21.3235 -21.9726 4
      vertex -21.6489 -22.2361 4
    endloop
  endfacet
  facet normal 0 0 1
    outer loop
      vertex -1.77698 -16.9069 4
      vertex -21.6489 -22.2361 4
      vertex -22 -22.4641 4
    endloop
  endfacet
  facet normal 0 0 1
    outer loop
      vertex 22.3731 -22.6542 4
      vertex -22.3731 -22.6542 4
      vertex 22.7639 -22.8042 4
    endloop
  endfacet
  facet normal 0 0 1
    outer loop
      vertex -22.7639 -22.8042 4
      vertex 22.7639 -22.8042 4
      vertex -22.3731 -22.6542 4
    endloop
  endfacet
  facet normal 0 0 1
    outer loop
      vertex 22.7639 -22.8042 4
      vertex -22.7639 -22.8042 4
      vertex 29.25 -25.25 4
    endloop
  endfacet
  facet normal 0 0 1
    outer loop
      vertex -29.25 -25.25 4
      vertex -22.7639 -22.8042 4
      vertex -23.1684 -22.9126 4
    endloop
  endfacet
  facet normal 0 0 1
    outer loop
      vertex -29.25 -25.25 4
      vertex -23.1684 -22.9126 4
      vertex -23.5819 -22.9781 4
    endloop
  endfacet
  facet normal 0 0 1
    outer loop
      vertex -29.25 -25.25 4
      vertex -23.5819 -22.9781 4
      vertex -24 -23 4
    endloop
  endfacet
  facet normal 0 0 1
    outer loop
      vertex -22.7639 -22.8042 4
      vertex -29.25 -25.25 4
      vertex 29.25 -25.25 4
    endloop
  endfacet
  facet normal 0 0 1
    outer loop
      vertex -24.4181 -22.9781 4
      vertex -29.25 -25.25 4
      vertex -24 -23 4
    endloop
  endfacet
  facet normal 0 0 1
    outer loop
      vertex -24.8316 -22.9126 4
      vertex -29.25 -25.25 4
      vertex -24.4181 -22.9781 4
    endloop
  endfacet
  facet normal 0 0 1
    outer loop
      vertex -25.2361 -22.8042 4
      vertex -29.25 -25.25 4
      vertex -24.8316 -22.9126 4
    endloop
  endfacet
  facet normal 0 0 1
    outer loop
      vertex -25.6269 -22.6542 4
      vertex -29.25 -25.25 4
      vertex -25.2361 -22.8042 4
    endloop
  endfacet
  facet normal 0 0 1
    outer loop
      vertex -26 -22.4641 4
      vertex -29.25 -25.25 4
      vertex -25.6269 -22.6542 4
    endloop
  endfacet
  facet normal 0 0 1
    outer loop
      vertex -26.3511 -22.2361 4
      vertex -29.25 -25.25 4
      vertex -26 -22.4641 4
    endloop
  endfacet
  facet normal 0 0 1
    outer loop
      vertex -26.6765 -21.9726 4
      vertex -29.25 -25.25 4
      vertex -26.3511 -22.2361 4
    endloop
  endfacet
  facet normal 0 0 1
    outer loop
      vertex -26.9726 -21.6765 4
      vertex -29.25 -25.25 4
      vertex -26.6765 -21.9726 4
    endloop
  endfacet
  facet normal 0 0 1
    outer loop
      vertex -30.25 -24.25 4
      vertex -26.9726 -21.6765 4
      vertex -27.2361 -21.3511 4
    endloop
  endfacet
  facet normal 0 0 1
    outer loop
      vertex -30.25 -24.25 4
      vertex -27.2361 -21.3511 4
      vertex -27.4641 -21 4
    endloop
  endfacet
  facet normal 0 0 1
    outer loop
      vertex -30.25 -24.25 4
      vertex -27.4641 -21 4
      vertex -27.6542 -20.6269 4
    endloop
  endfacet
  facet normal 0 0 1
    outer loop
      vertex -30.25 -24.25 4
      vertex -27.6542 -20.6269 4
      vertex -27.8042 -20.2361 4
    endloop
  endfacet
  facet normal 0 0 1
    outer loop
      vertex -30.25 -24.25 4
      vertex -27.8042 -20.2361 4
      vertex -27.9126 -19.8316 4
    endloop
  endfacet
  facet normal 0 0 1
    outer loop
      vertex -30.25 -24.25 4
      vertex -27.9126 -19.8316 4
      vertex -27.9781 -19.4181 4
    endloop
  endfacet
  facet normal 0 0 1
    outer loop
      vertex -30.25 -24.25 4
      vertex -27.9781 -19.4181 4
      vertex -28 -19 4
    endloop
  endfacet
  facet normal 0 0 1
    outer loop
      vertex -27.9126 -18.1684 4
      vertex -30.25 -24.25 4
      vertex -27.9781 -18.5819 4
    endloop
  endfacet
  facet normal 0 0 1
    outer loop
      vertex -30.25 24.25 4
      vertex -29.25 25.25 4
      vertex -29.3545 25.2445 4
    endloop
  endfacet
  facet normal 0 0 1
    outer loop
      vertex -27.9781 -18.5819 4
      vertex -30.25 -24.25 4
      vertex -28 -19 4
    endloop
  endfacet
  facet normal 0 0 1
    outer loop
      vertex -30.25 24.25 4
      vertex -29.3545 25.2445 4
      vertex -29.4579 25.2281 4
    endloop
  endfacet
  facet normal 0 0 1
    outer loop
      vertex -26.9726 -21.6765 4
      vertex -30.25 -24.25 4
      vertex -29.25 -25.25 4
    endloop
  endfacet
  facet normal 0 0 1
    outer loop
      vertex -30.25 24.25 4
      vertex -29.4579 25.2281 4
      vertex -29.559 25.2011 4
    endloop
  endfacet
  facet normal 0 0 1
    outer loop
      vertex -29.25 -25.25 4
      vertex -30.25 -24.25 4
      vertex -29.3545 -25.2445 4
    endloop
  endfacet
  facet normal 0 0 1
    outer loop
      vertex -30.25 24.25 4
      vertex -29.559 25.2011 4
      vertex -29.6567 25.1635 4
    endloop
  endfacet
  facet normal 0 0 1
    outer loop
      vertex -29.3545 -25.2445 4
      vertex -30.25 -24.25 4
      vertex -29.4579 -25.2281 4
    endloop
  endfacet
  facet normal 0 0 1
    outer loop
      vertex -30.25 24.25 4
      vertex -29.6567 25.1635 4
      vertex -29.75 25.116 4
    endloop
  endfacet
  facet normal 0 0 1
    outer loop
      vertex -29.4579 -25.2281 4
      vertex -30.25 -24.25 4
      vertex -29.559 -25.2011 4
    endloop
  endfacet
  facet normal 0 0 1
    outer loop
      vertex -30.25 24.25 4
      vertex -29.75 25.116 4
      vertex -29.8378 25.059 4
    endloop
  endfacet
  facet normal 0 0 1
    outer loop
      vertex -29.559 -25.2011 4
      vertex -30.25 -24.25 4
      vertex -29.6567 -25.1635 4
    endloop
  endfacet
  facet normal 0 0 1
    outer loop
      vertex -30.25 24.25 4
      vertex -29.8378 25.059 4
      vertex -29.9191 24.9931 4
    endloop
  endfacet
  facet normal 0 0 1
    outer loop
      vertex -29.6567 -25.1635 4
      vertex -30.25 -24.25 4
      vertex -29.75 -25.116 4
    endloop
  endfacet
  facet normal 0 0 1
    outer loop
      vertex -30.25 24.25 4
      vertex -29.9191 24.9931 4
      vertex -29.9931 24.9191 4
    endloop
  endfacet
  facet normal 0 0 1
    outer loop
      vertex -29.75 -25.116 4
      vertex -30.25 -24.25 4
      vertex -29.8378 -25.059 4
    endloop
  endfacet
  facet normal 0 0 1
    outer loop
      vertex -30.25 24.25 4
      vertex -29.9931 24.9191 4
      vertex -30.059 24.8378 4
    endloop
  endfacet
  facet normal 0 0 1
    outer loop
      vertex -29.8378 -25.059 4
      vertex -30.25 -24.25 4
      vertex -29.9191 -24.9931 4
    endloop
  endfacet
  facet normal 0 0 1
    outer loop
      vertex -30.25 24.25 4
      vertex -30.059 24.8378 4
      vertex -30.116 24.75 4
    endloop
  endfacet
  facet normal 0 0 1
    outer loop
      vertex -29.9191 -24.9931 4
      vertex -30.25 -24.25 4
      vertex -29.9931 -24.9191 4
    endloop
  endfacet
  facet normal 0 0 1
    outer loop
      vertex -30.25 24.25 4
      vertex -30.116 24.75 4
      vertex -30.1635 24.6567 4
    endloop
  endfacet
  facet normal 0 0 1
    outer loop
      vertex -29.9931 -24.9191 4
      vertex -30.25 -24.25 4
      vertex -30.059 -24.8378 4
    endloop
  endfacet
  facet normal 0 0 1
    outer loop
      vertex -30.25 24.25 4
      vertex -30.1635 24.6567 4
      vertex -30.2011 24.559 4
    endloop
  endfacet
  facet normal 0 0 1
    outer loop
      vertex -30.059 -24.8378 4
      vertex -30.25 -24.25 4
      vertex -30.116 -24.75 4
    endloop
  endfacet
  facet normal 0 0 1
    outer loop
      vertex -30.25 24.25 4
      vertex -30.2011 24.559 4
      vertex -30.2281 24.4579 4
    endloop
  endfacet
  facet normal 0 0 1
    outer loop
      vertex -30.116 -24.75 4
      vertex -30.25 -24.25 4
      vertex -30.1635 -24.6567 4
    endloop
  endfacet
  facet normal 0 0 1
    outer loop
      vertex -30.25 24.25 4
      vertex -30.2281 24.4579 4
      vertex -30.2445 24.3545 4
    endloop
  endfacet
  facet normal 0 0 1
    outer loop
      vertex -30.1635 -24.6567 4
      vertex -30.25 -24.25 4
      vertex -30.2011 -24.559 4
    endloop
  endfacet
  facet normal 0 0 1
    outer loop
      vertex -30.2011 -24.559 4
      vertex -30.25 -24.25 4
      vertex -30.2281 -24.4579 4
    endloop
  endfacet
  facet normal 0 0 1
    outer loop
      vertex -30.2281 -24.4579 4
      vertex -30.25 -24.25 4
      vertex -30.2445 -24.3545 4
    endloop
  endfacet
  facet normal -0.544518 0.838749 0
    outer loop
      vertex 31.5878 -26.809 5.5
      vertex 31.5 -26.866 28
      vertex 31.5878 -26.809 28
    endloop
  endfacet
  facet normal -0.544518 0.838749 0
    outer loop
      vertex 31.5 -26.866 28
      vertex 31.5878 -26.809 5.5
      vertex 31.5 -26.866 5.5
    endloop
  endfacet
  facet normal -0.707107 0.707107 0
    outer loop
      vertex 31.6691 -26.7431 5.5
      vertex 31.7431 -26.6691 28
      vertex 31.7431 -26.6691 5.5
    endloop
  endfacet
  facet normal -0.707107 0.707107 0
    outer loop
      vertex 31.7431 -26.6691 28
      vertex 31.6691 -26.7431 5.5
      vertex 31.6691 -26.7431 28
    endloop
  endfacet
  facet normal -0.25802 0.96614 0
    outer loop
      vertex 31.309 -26.9511 5.5
      vertex 31.2079 -26.9781 28
      vertex 31.309 -26.9511 28
    endloop
  endfacet
  facet normal -0.25802 0.96614 0
    outer loop
      vertex 31.2079 -26.9781 28
      vertex 31.309 -26.9511 5.5
      vertex 31.2079 -26.9781 5.5
    endloop
  endfacet
  facet normal -0.0525588 0.998618 0
    outer loop
      vertex 31.1045 -26.9945 5.5
      vertex 31 -27 28
      vertex 31.1045 -26.9945 28
    endloop
  endfacet
  facet normal -0.0525588 0.998618 0
    outer loop
      vertex 31 -27 28
      vertex 31.1045 -26.9945 5.5
      vertex 31 -27 5.5
    endloop
  endfacet
  facet normal -0.96614 0.25802 0
    outer loop
      vertex 31.9511 -26.309 5.5
      vertex 31.9781 -26.2079 28
      vertex 31.9781 -26.2079 5.5
    endloop
  endfacet
  facet normal -0.96614 0.25802 0
    outer loop
      vertex 31.9781 -26.2079 28
      vertex 31.9511 -26.309 5.5
      vertex 31.9511 -26.309 28
    endloop
  endfacet
  facet normal -0.998618 0.0525588 0
    outer loop
      vertex 31.9945 -26.1045 5.5
      vertex 32 -26 28
      vertex 32 -26 5.5
    endloop
  endfacet
  facet normal -0.998618 0.0525588 0
    outer loop
      vertex 32 -26 28
      vertex 31.9945 -26.1045 5.5
      vertex 31.9945 -26.1045 28
    endloop
  endfacet
  facet normal -0.838749 0.544518 0
    outer loop
      vertex 31.809 -26.5878 5.5
      vertex 31.866 -26.5 28
      vertex 31.866 -26.5 5.5
    endloop
  endfacet
  facet normal -0.838749 0.544518 0
    outer loop
      vertex 31.866 -26.5 28
      vertex 31.809 -26.5878 5.5
      vertex 31.809 -26.5878 28
    endloop
  endfacet
  facet normal 0.544518 -0.838749 0
    outer loop
      vertex -31.5878 26.809 5.5
      vertex -31.5 26.866 28
      vertex -31.5878 26.809 28
    endloop
  endfacet
  facet normal 0.544518 -0.838749 0
    outer loop
      vertex -31.5 26.866 28
      vertex -31.5878 26.809 5.5
      vertex -31.5 26.866 5.5
    endloop
  endfacet
  facet normal -0.629693 -0.776844 0
    outer loop
      vertex 31.5878 26.809 5.5
      vertex 31.6691 26.7431 28
      vertex 31.5878 26.809 28
    endloop
  endfacet
  facet normal -0.629693 -0.776844 -0
    outer loop
      vertex 31.6691 26.7431 28
      vertex 31.5878 26.809 5.5
      vertex 31.6691 26.7431 5.5
    endloop
  endfacet
  facet normal -0.25802 -0.96614 0
    outer loop
      vertex 31.2079 26.9781 5.5
      vertex 31.309 26.9511 28
      vertex 31.2079 26.9781 28
    endloop
  endfacet
  facet normal -0.25802 -0.96614 -0
    outer loop
      vertex 31.309 26.9511 28
      vertex 31.2079 26.9781 5.5
      vertex 31.309 26.9511 5.5
    endloop
  endfacet
  facet normal -0.891156 -0.453697 0
    outer loop
      vertex 31.9135 26.4067 5.5
      vertex 31.866 26.5 28
      vertex 31.866 26.5 5.5
    endloop
  endfacet
  facet normal -0.891156 -0.453697 0
    outer loop
      vertex 31.866 26.5 28
      vertex 31.9135 26.4067 5.5
      vertex 31.9135 26.4067 28
    endloop
  endfacet
  facet normal 0.25802 0.96614 -0
    outer loop
      vertex -31.2079 -26.9781 5.5
      vertex -31.309 -26.9511 28
      vertex -31.2079 -26.9781 28
    endloop
  endfacet
  facet normal 0.25802 0.96614 0
    outer loop
      vertex -31.309 -26.9511 28
      vertex -31.2079 -26.9781 5.5
      vertex -31.309 -26.9511 5.5
    endloop
  endfacet
  facet normal 0.0525588 0.998618 -0
    outer loop
      vertex -31 -27 5.5
      vertex -31.1045 -26.9945 28
      vertex -31 -27 28
    endloop
  endfacet
  facet normal 0.0525588 0.998618 0
    outer loop
      vertex -31.1045 -26.9945 28
      vertex -31 -27 5.5
      vertex -31.1045 -26.9945 5.5
    endloop
  endfacet
  facet normal 0.544518 0.838749 -0
    outer loop
      vertex -31.5 -26.866 5.5
      vertex -31.5878 -26.809 28
      vertex -31.5 -26.866 28
    endloop
  endfacet
  facet normal 0.544518 0.838749 0
    outer loop
      vertex -31.5878 -26.809 28
      vertex -31.5 -26.866 5.5
      vertex -31.5878 -26.809 5.5
    endloop
  endfacet
  facet normal 0.838749 0.544518 0
    outer loop
      vertex -31.809 -26.5878 28
      vertex -31.866 -26.5 5.5
      vertex -31.866 -26.5 28
    endloop
  endfacet
  facet normal 0.838749 0.544518 0
    outer loop
      vertex -31.866 -26.5 5.5
      vertex -31.809 -26.5878 28
      vertex -31.809 -26.5878 5.5
    endloop
  endfacet
  facet normal 0.987654 0.156649 0
    outer loop
      vertex -31.9781 -26.2079 28
      vertex -31.9945 -26.1045 5.5
      vertex -31.9945 -26.1045 28
    endloop
  endfacet
  facet normal 0.987654 0.156649 0
    outer loop
      vertex -31.9945 -26.1045 5.5
      vertex -31.9781 -26.2079 28
      vertex -31.9781 -26.2079 5.5
    endloop
  endfacet
  facet normal -0.629693 0.776844 0
    outer loop
      vertex 31.6691 -26.7431 5.5
      vertex 31.5878 -26.809 28
      vertex 31.6691 -26.7431 28
    endloop
  endfacet
  facet normal -0.629693 0.776844 0
    outer loop
      vertex 31.5878 -26.809 28
      vertex 31.6691 -26.7431 5.5
      vertex 31.5878 -26.809 5.5
    endloop
  endfacet
  facet normal -0.453697 0.891156 0
    outer loop
      vertex 31.5 -26.866 5.5
      vertex 31.4067 -26.9135 28
      vertex 31.5 -26.866 28
    endloop
  endfacet
  facet normal -0.453697 0.891156 0
    outer loop
      vertex 31.4067 -26.9135 28
      vertex 31.5 -26.866 5.5
      vertex 31.4067 -26.9135 5.5
    endloop
  endfacet
  facet normal -0.359171 0.933272 0
    outer loop
      vertex 31.4067 -26.9135 5.5
      vertex 31.309 -26.9511 28
      vertex 31.4067 -26.9135 28
    endloop
  endfacet
  facet normal -0.359171 0.933272 0
    outer loop
      vertex 31.309 -26.9511 28
      vertex 31.4067 -26.9135 5.5
      vertex 31.309 -26.9511 5.5
    endloop
  endfacet
  facet normal -0.156649 0.987654 0
    outer loop
      vertex 31.2079 -26.9781 5.5
      vertex 31.1045 -26.9945 28
      vertex 31.2079 -26.9781 28
    endloop
  endfacet
  facet normal -0.156649 0.987654 0
    outer loop
      vertex 31.1045 -26.9945 28
      vertex 31.2079 -26.9781 5.5
      vertex 31.1045 -26.9945 5.5
    endloop
  endfacet
  facet normal -0.359171 -0.933272 0
    outer loop
      vertex 31.309 26.9511 5.5
      vertex 31.4067 26.9135 28
      vertex 31.309 26.9511 28
    endloop
  endfacet
  facet normal -0.359171 -0.933272 -0
    outer loop
      vertex 31.4067 26.9135 28
      vertex 31.309 26.9511 5.5
      vertex 31.4067 26.9135 5.5
    endloop
  endfacet
  facet normal -0.156649 -0.987654 0
    outer loop
      vertex 31.1045 26.9945 5.5
      vertex 31.2079 26.9781 28
      vertex 31.1045 26.9945 28
    endloop
  endfacet
  facet normal -0.156649 -0.987654 -0
    outer loop
      vertex 31.2079 26.9781 28
      vertex 31.1045 26.9945 5.5
      vertex 31.2079 26.9781 5.5
    endloop
  endfacet
  facet normal -0.96614 -0.25802 0
    outer loop
      vertex 31.9781 26.2079 5.5
      vertex 31.9511 26.309 28
      vertex 31.9511 26.309 5.5
    endloop
  endfacet
  facet normal -0.96614 -0.25802 0
    outer loop
      vertex 31.9511 26.309 28
      vertex 31.9781 26.2079 5.5
      vertex 31.9781 26.2079 28
    endloop
  endfacet
  facet normal -0.707107 -0.707107 0
    outer loop
      vertex 31.7431 26.6691 5.5
      vertex 31.6691 26.7431 28
      vertex 31.6691 26.7431 5.5
    endloop
  endfacet
  facet normal -0.707107 -0.707107 0
    outer loop
      vertex 31.6691 26.7431 28
      vertex 31.7431 26.6691 5.5
      vertex 31.7431 26.6691 28
    endloop
  endfacet
  facet normal -0.776844 -0.629693 0
    outer loop
      vertex 31.809 26.5878 5.5
      vertex 31.7431 26.6691 28
      vertex 31.7431 26.6691 5.5
    endloop
  endfacet
  facet normal -0.776844 -0.629693 0
    outer loop
      vertex 31.7431 26.6691 28
      vertex 31.809 26.5878 5.5
      vertex 31.809 26.5878 28
    endloop
  endfacet
  facet normal 0.891156 0.453697 0
    outer loop
      vertex -31.866 -26.5 28
      vertex -31.9135 -26.4067 5.5
      vertex -31.9135 -26.4067 28
    endloop
  endfacet
  facet normal 0.891156 0.453697 0
    outer loop
      vertex -31.9135 -26.4067 5.5
      vertex -31.866 -26.5 28
      vertex -31.866 -26.5 5.5
    endloop
  endfacet
  facet normal -0.453697 -0.891156 0
    outer loop
      vertex 31.4067 26.9135 5.5
      vertex 31.5 26.866 28
      vertex 31.4067 26.9135 28
    endloop
  endfacet
  facet normal -0.453697 -0.891156 -0
    outer loop
      vertex 31.5 26.866 28
      vertex 31.4067 26.9135 5.5
      vertex 31.5 26.866 5.5
    endloop
  endfacet
  facet normal -0.0525588 -0.998618 0
    outer loop
      vertex 31 27 5.5
      vertex 31.1045 26.9945 28
      vertex 31 27 28
    endloop
  endfacet
  facet normal -0.0525588 -0.998618 -0
    outer loop
      vertex 31.1045 26.9945 28
      vertex 31 27 5.5
      vertex 31.1045 26.9945 5.5
    endloop
  endfacet
  facet normal -0.987654 -0.156649 0
    outer loop
      vertex 31.9945 26.1045 5.5
      vertex 31.9781 26.2079 28
      vertex 31.9781 26.2079 5.5
    endloop
  endfacet
  facet normal -0.987654 -0.156649 0
    outer loop
      vertex 31.9781 26.2079 28
      vertex 31.9945 26.1045 5.5
      vertex 31.9945 26.1045 28
    endloop
  endfacet
  facet normal -0.99863 0.0523205 0
    outer loop
      vertex 16.9069 -1.77698 0
      vertex 17 0 4
      vertex 17 0 0
    endloop
  endfacet
  facet normal -0.99863 0.0523205 0
    outer loop
      vertex 17 0 4
      vertex 16.9069 -1.77698 0
      vertex 16.9069 -1.77698 4
    endloop
  endfacet
  facet normal -0.544622 -0.838682 0
    outer loop
      vertex 8.5 14.7224 0
      vertex 9.99235 13.7533 4
      vertex 8.5 14.7224 4
    endloop
  endfacet
  facet normal -0.544622 -0.838682 -0
    outer loop
      vertex 9.99235 13.7533 4
      vertex 8.5 14.7224 0
      vertex 9.99235 13.7533 0
    endloop
  endfacet
  facet normal 0.358375 -0.933578 0
    outer loop
      vertex -6.91452 15.5303 0
      vertex -5.25329 16.168 4
      vertex -6.91452 15.5303 4
    endloop
  endfacet
  facet normal 0.358375 -0.933578 0
    outer loop
      vertex -5.25329 16.168 4
      vertex -6.91452 15.5303 0
      vertex -5.25329 16.168 0
    endloop
  endfacet
  facet normal 0.890993 -0.454016 0
    outer loop
      vertex -15.5303 6.91452 4
      vertex -14.7224 8.5 0
      vertex -14.7224 8.5 4
    endloop
  endfacet
  facet normal 0.890993 -0.454016 0
    outer loop
      vertex -14.7224 8.5 0
      vertex -15.5303 6.91452 4
      vertex -15.5303 6.91452 0
    endloop
  endfacet
  facet normal 0.890993 0.454016 0
    outer loop
      vertex -14.7224 -8.5 4
      vertex -15.5303 -6.91452 0
      vertex -15.5303 -6.91452 4
    endloop
  endfacet
  facet normal 0.890993 0.454016 0
    outer loop
      vertex -15.5303 -6.91452 0
      vertex -14.7224 -8.5 4
      vertex -14.7224 -8.5 0
    endloop
  endfacet
  facet normal -0.965933 -0.258794 0
    outer loop
      vertex 16.6285 3.5345 0
      vertex 16.168 5.25329 4
      vertex 16.168 5.25329 0
    endloop
  endfacet
  facet normal -0.965933 -0.258794 0
    outer loop
      vertex 16.168 5.25329 4
      vertex 16.6285 3.5345 0
      vertex 16.6285 3.5345 4
    endloop
  endfacet
  facet normal -0.777149 -0.629317 0
    outer loop
      vertex 13.7533 9.99235 0
      vertex 12.6335 11.3752 4
      vertex 12.6335 11.3752 0
    endloop
  endfacet
  facet normal -0.777149 -0.629317 0
    outer loop
      vertex 12.6335 11.3752 4
      vertex 13.7533 9.99235 0
      vertex 13.7533 9.99235 4
    endloop
  endfacet
  facet normal -0.454016 -0.890993 0
    outer loop
      vertex 6.91452 15.5303 0
      vertex 8.5 14.7224 4
      vertex 6.91452 15.5303 4
    endloop
  endfacet
  facet normal -0.454016 -0.890993 -0
    outer loop
      vertex 8.5 14.7224 4
      vertex 6.91452 15.5303 0
      vertex 8.5 14.7224 0
    endloop
  endfacet
  facet normal 0.454016 -0.890993 0
    outer loop
      vertex -8.5 14.7224 0
      vertex -6.91452 15.5303 4
      vertex -8.5 14.7224 4
    endloop
  endfacet
  facet normal 0.454016 -0.890993 0
    outer loop
      vertex -6.91452 15.5303 4
      vertex -8.5 14.7224 0
      vertex -6.91452 15.5303 0
    endloop
  endfacet
  facet normal 0.544622 -0.838682 0
    outer loop
      vertex -9.99235 13.7533 0
      vertex -8.5 14.7224 4
      vertex -9.99235 13.7533 4
    endloop
  endfacet
  facet normal 0.544622 -0.838682 0
    outer loop
      vertex -8.5 14.7224 4
      vertex -9.99235 13.7533 0
      vertex -8.5 14.7224 0
    endloop
  endfacet
  facet normal -0.777149 0.629317 0
    outer loop
      vertex 12.6335 -11.3752 0
      vertex 13.7533 -9.99235 4
      vertex 13.7533 -9.99235 0
    endloop
  endfacet
  facet normal -0.777149 0.629317 0
    outer loop
      vertex 13.7533 -9.99235 4
      vertex 12.6335 -11.3752 0
      vertex 12.6335 -11.3752 4
    endloop
  endfacet
  facet normal -0.258794 0.965933 0
    outer loop
      vertex 5.25329 -16.168 0
      vertex 3.5345 -16.6285 4
      vertex 5.25329 -16.168 4
    endloop
  endfacet
  facet normal -0.258794 0.965933 0
    outer loop
      vertex 3.5345 -16.6285 4
      vertex 5.25329 -16.168 0
      vertex 3.5345 -16.6285 0
    endloop
  endfacet
  facet normal -0.707107 0.707107 0
    outer loop
      vertex 11.3752 -12.6335 0
      vertex 12.6335 -11.3752 4
      vertex 12.6335 -11.3752 0
    endloop
  endfacet
  facet normal -0.707107 0.707107 0
    outer loop
      vertex 12.6335 -11.3752 4
      vertex 11.3752 -12.6335 0
      vertex 11.3752 -12.6335 4
    endloop
  endfacet
  facet normal 0.0523205 0.99863 -0
    outer loop
      vertex 0 -17 0
      vertex -1.77698 -16.9069 4
      vertex 0 -17 4
    endloop
  endfacet
  facet normal 0.0523205 0.99863 0
    outer loop
      vertex -1.77698 -16.9069 4
      vertex 0 -17 0
      vertex -1.77698 -16.9069 0
    endloop
  endfacet
  facet normal 0.544622 0.838682 -0
    outer loop
      vertex -8.5 -14.7224 0
      vertex -9.99235 -13.7533 4
      vertex -8.5 -14.7224 4
    endloop
  endfacet
  facet normal 0.544622 0.838682 0
    outer loop
      vertex -9.99235 -13.7533 4
      vertex -8.5 -14.7224 0
      vertex -9.99235 -13.7533 0
    endloop
  endfacet
  facet normal 0.629317 0.777149 -0
    outer loop
      vertex -9.99235 -13.7533 0
      vertex -11.3752 -12.6335 4
      vertex -9.99235 -13.7533 4
    endloop
  endfacet
  facet normal 0.629317 0.777149 0
    outer loop
      vertex -11.3752 -12.6335 4
      vertex -9.99235 -13.7533 0
      vertex -11.3752 -12.6335 0
    endloop
  endfacet
  facet normal -0.987685 -0.156454 0
    outer loop
      vertex 16.9069 1.77698 0
      vertex 16.6285 3.5345 4
      vertex 16.6285 3.5345 0
    endloop
  endfacet
  facet normal -0.987685 -0.156454 0
    outer loop
      vertex 16.6285 3.5345 4
      vertex 16.9069 1.77698 0
      vertex 16.9069 1.77698 4
    endloop
  endfacet
  facet normal -0.933578 -0.358375 0
    outer loop
      vertex 16.168 5.25329 0
      vertex 15.5303 6.91452 4
      vertex 15.5303 6.91452 0
    endloop
  endfacet
  facet normal -0.933578 -0.358375 0
    outer loop
      vertex 15.5303 6.91452 4
      vertex 16.168 5.25329 0
      vertex 16.168 5.25329 4
    endloop
  endfacet
  facet normal -0.890993 -0.454016 0
    outer loop
      vertex 15.5303 6.91452 0
      vertex 14.7224 8.5 4
      vertex 14.7224 8.5 0
    endloop
  endfacet
  facet normal -0.890993 -0.454016 0
    outer loop
      vertex 14.7224 8.5 4
      vertex 15.5303 6.91452 0
      vertex 15.5303 6.91452 4
    endloop
  endfacet
  facet normal -0.838682 -0.544622 0
    outer loop
      vertex 14.7224 8.5 0
      vertex 13.7533 9.99235 4
      vertex 13.7533 9.99235 0
    endloop
  endfacet
  facet normal -0.838682 -0.544622 0
    outer loop
      vertex 13.7533 9.99235 4
      vertex 14.7224 8.5 0
      vertex 14.7224 8.5 4
    endloop
  endfacet
  facet normal -0.707107 -0.707107 0
    outer loop
      vertex 12.6335 11.3752 0
      vertex 11.3752 12.6335 4
      vertex 11.3752 12.6335 0
    endloop
  endfacet
  facet normal -0.707107 -0.707107 0
    outer loop
      vertex 11.3752 12.6335 4
      vertex 12.6335 11.3752 0
      vertex 12.6335 11.3752 4
    endloop
  endfacet
  facet normal -0.0523205 -0.99863 0
    outer loop
      vertex 0 17 0
      vertex 1.77698 16.9069 4
      vertex 0 17 4
    endloop
  endfacet
  facet normal -0.0523205 -0.99863 -0
    outer loop
      vertex 1.77698 16.9069 4
      vertex 0 17 0
      vertex 1.77698 16.9069 0
    endloop
  endfacet
  facet normal -0.258794 -0.965933 0
    outer loop
      vertex 3.5345 16.6285 0
      vertex 5.25329 16.168 4
      vertex 3.5345 16.6285 4
    endloop
  endfacet
  facet normal -0.258794 -0.965933 -0
    outer loop
      vertex 5.25329 16.168 4
      vertex 3.5345 16.6285 0
      vertex 5.25329 16.168 0
    endloop
  endfacet
  facet normal 0.99863 -0.0523205 0
    outer loop
      vertex -17 0 4
      vertex -16.9069 1.77698 0
      vertex -16.9069 1.77698 4
    endloop
  endfacet
  facet normal 0.99863 -0.0523205 0
    outer loop
      vertex -16.9069 1.77698 0
      vertex -17 0 4
      vertex -17 0 0
    endloop
  endfacet
  facet normal 0.965933 -0.258794 0
    outer loop
      vertex -16.6285 3.5345 4
      vertex -16.168 5.25329 0
      vertex -16.168 5.25329 4
    endloop
  endfacet
  facet normal 0.965933 -0.258794 0
    outer loop
      vertex -16.168 5.25329 0
      vertex -16.6285 3.5345 4
      vertex -16.6285 3.5345 0
    endloop
  endfacet
  facet normal 0.707107 -0.707107 0
    outer loop
      vertex -12.6335 11.3752 4
      vertex -11.3752 12.6335 0
      vertex -11.3752 12.6335 4
    endloop
  endfacet
  facet normal 0.707107 -0.707107 0
    outer loop
      vertex -11.3752 12.6335 0
      vertex -12.6335 11.3752 4
      vertex -12.6335 11.3752 0
    endloop
  endfacet
  facet normal 0.777149 -0.629317 0
    outer loop
      vertex -13.7533 9.99235 4
      vertex -12.6335 11.3752 0
      vertex -12.6335 11.3752 4
    endloop
  endfacet
  facet normal 0.777149 -0.629317 0
    outer loop
      vertex -12.6335 11.3752 0
      vertex -13.7533 9.99235 4
      vertex -13.7533 9.99235 0
    endloop
  endfacet
  facet normal 0.0523205 -0.99863 0
    outer loop
      vertex -1.77698 16.9069 0
      vertex 0 17 4
      vertex -1.77698 16.9069 4
    endloop
  endfacet
  facet normal 0.0523205 -0.99863 0
    outer loop
      vertex 0 17 4
      vertex -1.77698 16.9069 0
      vertex 0 17 0
    endloop
  endfacet
  facet normal 0.156454 -0.987685 0
    outer loop
      vertex -3.5345 16.6285 0
      vertex -1.77698 16.9069 4
      vertex -3.5345 16.6285 4
    endloop
  endfacet
  facet normal 0.156454 -0.987685 0
    outer loop
      vertex -1.77698 16.9069 4
      vertex -3.5345 16.6285 0
      vertex -1.77698 16.9069 0
    endloop
  endfacet
  facet normal 0.629317 -0.777149 0
    outer loop
      vertex -11.3752 12.6335 0
      vertex -9.99235 13.7533 4
      vertex -11.3752 12.6335 4
    endloop
  endfacet
  facet normal 0.629317 -0.777149 0
    outer loop
      vertex -9.99235 13.7533 4
      vertex -11.3752 12.6335 0
      vertex -9.99235 13.7533 0
    endloop
  endfacet
  facet normal -0.99863 -0.0523205 0
    outer loop
      vertex 17 0 0
      vertex 16.9069 1.77698 4
      vertex 16.9069 1.77698 0
    endloop
  endfacet
  facet normal -0.99863 -0.0523205 0
    outer loop
      vertex 16.9069 1.77698 4
      vertex 17 0 0
      vertex 17 0 4
    endloop
  endfacet
  facet normal -0.0523205 0.99863 0
    outer loop
      vertex 1.77698 -16.9069 0
      vertex 0 -17 4
      vertex 1.77698 -16.9069 4
    endloop
  endfacet
  facet normal -0.0523205 0.99863 0
    outer loop
      vertex 0 -17 4
      vertex 1.77698 -16.9069 0
      vertex 0 -17 0
    endloop
  endfacet
  facet normal -0.156454 0.987685 0
    outer loop
      vertex 3.5345 -16.6285 0
      vertex 1.77698 -16.9069 4
      vertex 3.5345 -16.6285 4
    endloop
  endfacet
  facet normal -0.156454 0.987685 0
    outer loop
      vertex 1.77698 -16.9069 4
      vertex 3.5345 -16.6285 0
      vertex 1.77698 -16.9069 0
    endloop
  endfacet
  facet normal -0.454016 0.890993 0
    outer loop
      vertex 8.5 -14.7224 0
      vertex 6.91452 -15.5303 4
      vertex 8.5 -14.7224 4
    endloop
  endfacet
  facet normal -0.454016 0.890993 0
    outer loop
      vertex 6.91452 -15.5303 4
      vertex 8.5 -14.7224 0
      vertex 6.91452 -15.5303 0
    endloop
  endfacet
  facet normal -0.629317 0.777149 0
    outer loop
      vertex 11.3752 -12.6335 0
      vertex 9.99235 -13.7533 4
      vertex 11.3752 -12.6335 4
    endloop
  endfacet
  facet normal -0.629317 0.777149 0
    outer loop
      vertex 9.99235 -13.7533 4
      vertex 11.3752 -12.6335 0
      vertex 9.99235 -13.7533 0
    endloop
  endfacet
  facet normal -0.544622 0.838682 0
    outer loop
      vertex 9.99235 -13.7533 0
      vertex 8.5 -14.7224 4
      vertex 9.99235 -13.7533 4
    endloop
  endfacet
  facet normal -0.544622 0.838682 0
    outer loop
      vertex 8.5 -14.7224 4
      vertex 9.99235 -13.7533 0
      vertex 8.5 -14.7224 0
    endloop
  endfacet
  facet normal 0.258794 0.965933 -0
    outer loop
      vertex -3.5345 -16.6285 0
      vertex -5.25329 -16.168 4
      vertex -3.5345 -16.6285 4
    endloop
  endfacet
  facet normal 0.258794 0.965933 0
    outer loop
      vertex -5.25329 -16.168 4
      vertex -3.5345 -16.6285 0
      vertex -5.25329 -16.168 0
    endloop
  endfacet
  facet normal 0.358375 0.933578 -0
    outer loop
      vertex -5.25329 -16.168 0
      vertex -6.91452 -15.5303 4
      vertex -5.25329 -16.168 4
    endloop
  endfacet
  facet normal 0.358375 0.933578 0
    outer loop
      vertex -6.91452 -15.5303 4
      vertex -5.25329 -16.168 0
      vertex -6.91452 -15.5303 0
    endloop
  endfacet
  facet normal 0.156454 0.987685 -0
    outer loop
      vertex -1.77698 -16.9069 0
      vertex -3.5345 -16.6285 4
      vertex -1.77698 -16.9069 4
    endloop
  endfacet
  facet normal 0.156454 0.987685 0
    outer loop
      vertex -3.5345 -16.6285 4
      vertex -1.77698 -16.9069 0
      vertex -3.5345 -16.6285 0
    endloop
  endfacet
  facet normal 0.454016 0.890993 -0
    outer loop
      vertex -6.91452 -15.5303 0
      vertex -8.5 -14.7224 4
      vertex -6.91452 -15.5303 4
    endloop
  endfacet
  facet normal 0.454016 0.890993 0
    outer loop
      vertex -8.5 -14.7224 4
      vertex -6.91452 -15.5303 0
      vertex -8.5 -14.7224 0
    endloop
  endfacet
  facet normal 0.707107 0.707107 0
    outer loop
      vertex -11.3752 -12.6335 4
      vertex -12.6335 -11.3752 0
      vertex -12.6335 -11.3752 4
    endloop
  endfacet
  facet normal 0.707107 0.707107 0
    outer loop
      vertex -12.6335 -11.3752 0
      vertex -11.3752 -12.6335 4
      vertex -11.3752 -12.6335 0
    endloop
  endfacet
  facet normal 0.965933 0.258794 0
    outer loop
      vertex -16.168 -5.25329 4
      vertex -16.6285 -3.5345 0
      vertex -16.6285 -3.5345 4
    endloop
  endfacet
  facet normal 0.965933 0.258794 0
    outer loop
      vertex -16.6285 -3.5345 0
      vertex -16.168 -5.25329 4
      vertex -16.168 -5.25329 0
    endloop
  endfacet
  facet normal 0.99863 0.0523205 0
    outer loop
      vertex -16.9069 -1.77698 4
      vertex -17 0 0
      vertex -17 0 4
    endloop
  endfacet
  facet normal 0.99863 0.0523205 0
    outer loop
      vertex -17 0 0
      vertex -16.9069 -1.77698 4
      vertex -16.9069 -1.77698 0
    endloop
  endfacet
  facet normal 0.933578 0.358375 0
    outer loop
      vertex -15.5303 -6.91452 4
      vertex -16.168 -5.25329 0
      vertex -16.168 -5.25329 4
    endloop
  endfacet
  facet normal 0.933578 0.358375 0
    outer loop
      vertex -16.168 -5.25329 0
      vertex -15.5303 -6.91452 4
      vertex -15.5303 -6.91452 0
    endloop
  endfacet
  facet normal 0.838682 0.544622 0
    outer loop
      vertex -13.7533 -9.99235 4
      vertex -14.7224 -8.5 0
      vertex -14.7224 -8.5 4
    endloop
  endfacet
  facet normal 0.838682 0.544622 0
    outer loop
      vertex -14.7224 -8.5 0
      vertex -13.7533 -9.99235 4
      vertex -13.7533 -9.99235 0
    endloop
  endfacet
  facet normal 0.777149 0.629317 0
    outer loop
      vertex -12.6335 -11.3752 4
      vertex -13.7533 -9.99235 0
      vertex -13.7533 -9.99235 4
    endloop
  endfacet
  facet normal 0.777149 0.629317 0
    outer loop
      vertex -13.7533 -9.99235 0
      vertex -12.6335 -11.3752 4
      vertex -12.6335 -11.3752 0
    endloop
  endfacet
  facet normal -0.629317 -0.777149 0
    outer loop
      vertex 9.99235 13.7533 0
      vertex 11.3752 12.6335 4
      vertex 9.99235 13.7533 4
    endloop
  endfacet
  facet normal -0.629317 -0.777149 -0
    outer loop
      vertex 11.3752 12.6335 4
      vertex 9.99235 13.7533 0
      vertex 11.3752 12.6335 0
    endloop
  endfacet
  facet normal -0.156454 -0.987685 0
    outer loop
      vertex 1.77698 16.9069 0
      vertex 3.5345 16.6285 4
      vertex 1.77698 16.9069 4
    endloop
  endfacet
  facet normal -0.156454 -0.987685 -0
    outer loop
      vertex 3.5345 16.6285 4
      vertex 1.77698 16.9069 0
      vertex 3.5345 16.6285 0
    endloop
  endfacet
  facet normal -0.358375 -0.933578 0
    outer loop
      vertex 5.25329 16.168 0
      vertex 6.91452 15.5303 4
      vertex 5.25329 16.168 4
    endloop
  endfacet
  facet normal -0.358375 -0.933578 -0
    outer loop
      vertex 6.91452 15.5303 4
      vertex 5.25329 16.168 0
      vertex 6.91452 15.5303 0
    endloop
  endfacet
  facet normal 0.987685 -0.156454 0
    outer loop
      vertex -16.9069 1.77698 4
      vertex -16.6285 3.5345 0
      vertex -16.6285 3.5345 4
    endloop
  endfacet
  facet normal 0.987685 -0.156454 0
    outer loop
      vertex -16.6285 3.5345 0
      vertex -16.9069 1.77698 4
      vertex -16.9069 1.77698 0
    endloop
  endfacet
  facet normal 0.933578 -0.358375 0
    outer loop
      vertex -16.168 5.25329 4
      vertex -15.5303 6.91452 0
      vertex -15.5303 6.91452 4
    endloop
  endfacet
  facet normal 0.933578 -0.358375 0
    outer loop
      vertex -15.5303 6.91452 0
      vertex -16.168 5.25329 4
      vertex -16.168 5.25329 0
    endloop
  endfacet
  facet normal 0.838682 -0.544622 0
    outer loop
      vertex -14.7224 8.5 4
      vertex -13.7533 9.99235 0
      vertex -13.7533 9.99235 4
    endloop
  endfacet
  facet normal 0.838682 -0.544622 0
    outer loop
      vertex -13.7533 9.99235 0
      vertex -14.7224 8.5 4
      vertex -14.7224 8.5 0
    endloop
  endfacet
  facet normal 0.258794 -0.965933 0
    outer loop
      vertex -5.25329 16.168 0
      vertex -3.5345 16.6285 4
      vertex -5.25329 16.168 4
    endloop
  endfacet
  facet normal 0.258794 -0.965933 0
    outer loop
      vertex -3.5345 16.6285 4
      vertex -5.25329 16.168 0
      vertex -3.5345 16.6285 0
    endloop
  endfacet
  facet normal -0.987685 0.156454 0
    outer loop
      vertex 16.6285 -3.5345 0
      vertex 16.9069 -1.77698 4
      vertex 16.9069 -1.77698 0
    endloop
  endfacet
  facet normal -0.987685 0.156454 0
    outer loop
      vertex 16.9069 -1.77698 4
      vertex 16.6285 -3.5345 0
      vertex 16.6285 -3.5345 4
    endloop
  endfacet
  facet normal -0.890993 0.454016 0
    outer loop
      vertex 14.7224 -8.5 0
      vertex 15.5303 -6.91452 4
      vertex 15.5303 -6.91452 0
    endloop
  endfacet
  facet normal -0.890993 0.454016 0
    outer loop
      vertex 15.5303 -6.91452 4
      vertex 14.7224 -8.5 0
      vertex 14.7224 -8.5 4
    endloop
  endfacet
  facet normal -0.838682 0.544622 0
    outer loop
      vertex 13.7533 -9.99235 0
      vertex 14.7224 -8.5 4
      vertex 14.7224 -8.5 0
    endloop
  endfacet
  facet normal -0.838682 0.544622 0
    outer loop
      vertex 14.7224 -8.5 4
      vertex 13.7533 -9.99235 0
      vertex 13.7533 -9.99235 4
    endloop
  endfacet
  facet normal -0.358375 0.933578 0
    outer loop
      vertex 6.91452 -15.5303 0
      vertex 5.25329 -16.168 4
      vertex 6.91452 -15.5303 4
    endloop
  endfacet
  facet normal -0.358375 0.933578 0
    outer loop
      vertex 5.25329 -16.168 4
      vertex 6.91452 -15.5303 0
      vertex 5.25329 -16.168 0
    endloop
  endfacet
  facet normal 0.987685 0.156454 0
    outer loop
      vertex -16.6285 -3.5345 4
      vertex -16.9069 -1.77698 0
      vertex -16.9069 -1.77698 4
    endloop
  endfacet
  facet normal 0.987685 0.156454 0
    outer loop
      vertex -16.9069 -1.77698 0
      vertex -16.6285 -3.5345 4
      vertex -16.6285 -3.5345 0
    endloop
  endfacet
  facet normal -0.965933 0.258794 0
    outer loop
      vertex 16.168 -5.25329 0
      vertex 16.6285 -3.5345 4
      vertex 16.6285 -3.5345 0
    endloop
  endfacet
  facet normal -0.965933 0.258794 0
    outer loop
      vertex 16.6285 -3.5345 4
      vertex 16.168 -5.25329 0
      vertex 16.168 -5.25329 4
    endloop
  endfacet
  facet normal -0.933578 0.358375 0
    outer loop
      vertex 15.5303 -6.91452 0
      vertex 16.168 -5.25329 4
      vertex 16.168 -5.25329 0
    endloop
  endfacet
  facet normal -0.933578 0.358375 0
    outer loop
      vertex 16.168 -5.25329 4
      vertex 15.5303 -6.91452 0
      vertex 15.5303 -6.91452 4
    endloop
  endfacet
  facet normal 0 0 -1
    outer loop
      vertex 32 -1.65 20.1
      vertex 39 1.65 20.1
      vertex 39 -1.65 20.1
    endloop
  endfacet
  facet normal -0 0 -1
    outer loop
      vertex 39 1.65 20.1
      vertex 32 -1.65 20.1
      vertex 32 1.65 20.1
    endloop
  endfacet
  facet normal 0 -1 0
    outer loop
      vertex 32 1.65 20.1
      vertex 36 1.65 20
      vertex 39 1.65 20.1
    endloop
  endfacet
  facet normal 0 -1 0
    outer loop
      vertex 32 1.65 20.1
      vertex 36 1.65 12
      vertex 36 1.65 20
    endloop
  endfacet
  facet normal 0 -1 0
    outer loop
      vertex 32 1.65 7.9
      vertex 36 1.65 12
      vertex 32 1.65 20.1
    endloop
  endfacet
  facet normal 0 -1 0
    outer loop
      vertex 39 1.65 7.9
      vertex 36 1.65 12
      vertex 32 1.65 7.9
    endloop
  endfacet
  facet normal 0 -1 0
    outer loop
      vertex 36 1.65 12
      vertex 39 1.65 7.9
      vertex 39 1.65 12
    endloop
  endfacet
  facet normal 0 -1 -0
    outer loop
      vertex 39 1.65 20.1
      vertex 36 1.65 20
      vertex 39 1.65 20
    endloop
  endfacet
  facet normal -0 0 1
    outer loop
      vertex 32 1.65 7.9
      vertex 39 -1.65 7.9
      vertex 39 1.65 7.9
    endloop
  endfacet
  facet normal 0 0 1
    outer loop
      vertex 39 -1.65 7.9
      vertex 32 1.65 7.9
      vertex 32 -1.65 7.9
    endloop
  endfacet
  facet normal 0 1 0
    outer loop
      vertex 39 -1.65 12
      vertex 39 -1.65 7.9
      vertex 36 -1.65 12
    endloop
  endfacet
  facet normal 0 1 0
    outer loop
      vertex 36 -1.65 20
      vertex 39 -1.65 20.1
      vertex 39 -1.65 20
    endloop
  endfacet
  facet normal 0 1 0
    outer loop
      vertex 39 -1.65 20.1
      vertex 36 -1.65 20
      vertex 32 -1.65 20.1
    endloop
  endfacet
  facet normal 0 1 -0
    outer loop
      vertex 36 -1.65 12
      vertex 32 -1.65 20.1
      vertex 36 -1.65 20
    endloop
  endfacet
  facet normal 0 1 0
    outer loop
      vertex 36 -1.65 12
      vertex 32 -1.65 7.9
      vertex 32 -1.65 20.1
    endloop
  endfacet
  facet normal 0 1 0
    outer loop
      vertex 32 -1.65 7.9
      vertex 36 -1.65 12
      vertex 39 -1.65 7.9
    endloop
  endfacet
  facet normal 1 -0 0
    outer loop
      vertex -36.5 31 10
      vertex -36.5 34 4
      vertex -36.5 34 10
    endloop
  endfacet
  facet normal 1 0 0
    outer loop
      vertex -36.5 34 4
      vertex -36.5 31 10
      vertex -36.5 31 4
    endloop
  endfacet
  facet normal 0 0 -1
    outer loop
      vertex -36.5 31 10
      vertex -21.5 34 10
      vertex -21.5 31 10
    endloop
  endfacet
  facet normal -0 0 -1
    outer loop
      vertex -21.5 34 10
      vertex -36.5 31 10
      vertex -36.5 34 10
    endloop
  endfacet
  facet normal -1 0 0
    outer loop
      vertex -21.5 31 4
      vertex -21.5 34 10
      vertex -21.5 34 4
    endloop
  endfacet
  facet normal -1 -0 0
    outer loop
      vertex -21.5 34 10
      vertex -21.5 31 4
      vertex -21.5 31 10
    endloop
  endfacet
  facet normal -0 0 1
    outer loop
      vertex -36.5 34 4
      vertex -21.5 31 4
      vertex -21.5 34 4
    endloop
  endfacet
  facet normal 0 0 1
    outer loop
      vertex -21.5 31 4
      vertex -36.5 34 4
      vertex -36.5 31 4
    endloop
  endfacet
  facet normal 0 1 -0
    outer loop
      vertex -21.5 31 4
      vertex -36.5 31 10
      vertex -21.5 31 10
    endloop
  endfacet
  facet normal 0 1 0
    outer loop
      vertex -36.5 31 10
      vertex -21.5 31 4
      vertex -36.5 31 4
    endloop
  endfacet
  facet normal 1 -0 0
    outer loop
      vertex -15 -34 28
      vertex -15 -33 20
      vertex -15 -33 28
    endloop
  endfacet
  facet normal 1 0 0
    outer loop
      vertex -15 -33 20
      vertex -15 -34 28
      vertex -15 -34 20
    endloop
  endfacet
  facet normal -1 0 0
    outer loop
      vertex 15 -34 18
      vertex 15 -33 28
      vertex 15 -33 18
    endloop
  endfacet
  facet normal -1 -0 0
    outer loop
      vertex 15 -33 28
      vertex 15 -34 18
      vertex 15 -34 28
    endloop
  endfacet
  facet normal -0 0 1
    outer loop
      vertex 7.75 -33 18
      vertex 15 -34 18
      vertex 15 -33 18
    endloop
  endfacet
  facet normal 0 0 1
    outer loop
      vertex 15 -34 18
      vertex 7.75 -33 18
      vertex 7.75 -34 18
    endloop
  endfacet
  facet normal -0 0 1
    outer loop
      vertex -14.25 -33 18
      vertex -10.25 -34 18
      vertex -10.25 -33 18
    endloop
  endfacet
  facet normal 0 0 1
    outer loop
      vertex -10.25 -34 18
      vertex -14.25 -33 18
      vertex -14.25 -34 18
    endloop
  endfacet
  facet normal -0 0 1
    outer loop
      vertex -8.75 -33 18
      vertex -4.75 -34 18
      vertex -4.75 -33 18
    endloop
  endfacet
  facet normal 0 0 1
    outer loop
      vertex -4.75 -34 18
      vertex -8.75 -33 18
      vertex -8.75 -34 18
    endloop
  endfacet
  facet normal -0 0 1
    outer loop
      vertex -3.25 -33 18
      vertex 0.75 -34 18
      vertex 0.75 -33 18
    endloop
  endfacet
  facet normal 0 0 1
    outer loop
      vertex 0.75 -34 18
      vertex -3.25 -33 18
      vertex -3.25 -34 18
    endloop
  endfacet
  facet normal -0 0 1
    outer loop
      vertex 2.25 -33 18
      vertex 6.25 -34 18
      vertex 6.25 -33 18
    endloop
  endfacet
  facet normal 0 0 1
    outer loop
      vertex 6.25 -34 18
      vertex 2.25 -33 18
      vertex 2.25 -34 18
    endloop
  endfacet
  facet normal 0 -1 0
    outer loop
      vertex 2.25 -33 18
      vertex 6.25 -33 20
      vertex 2.25 -33 20
    endloop
  endfacet
  facet normal 0 -1 -0
    outer loop
      vertex 6.25 -33 20
      vertex 2.25 -33 18
      vertex 6.25 -33 18
    endloop
  endfacet
  facet normal 0 -1 0
    outer loop
      vertex -3.25 -33 18
      vertex 0.75 -33 20
      vertex -3.25 -33 20
    endloop
  endfacet
  facet normal 0 -1 -0
    outer loop
      vertex 0.75 -33 20
      vertex -3.25 -33 18
      vertex 0.75 -33 18
    endloop
  endfacet
  facet normal 0 -1 0
    outer loop
      vertex -8.75 -33 18
      vertex -4.75 -33 20
      vertex -8.75 -33 20
    endloop
  endfacet
  facet normal 0 -1 -0
    outer loop
      vertex -4.75 -33 20
      vertex -8.75 -33 18
      vertex -4.75 -33 18
    endloop
  endfacet
  facet normal 0 -1 0
    outer loop
      vertex -14.25 -33 18
      vertex -10.25 -33 20
      vertex -14.25 -33 20
    endloop
  endfacet
  facet normal 0 -1 -0
    outer loop
      vertex -10.25 -33 20
      vertex -14.25 -33 18
      vertex -10.25 -33 18
    endloop
  endfacet
  facet normal 0 -1 0
    outer loop
      vertex -14.25 -33 20
      vertex -15 -33 28
      vertex -15 -33 20
    endloop
  endfacet
  facet normal 0 -1 0
    outer loop
      vertex -10.25 -33 20
      vertex -15 -33 28
      vertex -14.25 -33 20
    endloop
  endfacet
  facet normal 0 -1 0
    outer loop
      vertex -8.75 -33 20
      vertex -15 -33 28
      vertex -10.25 -33 20
    endloop
  endfacet
  facet normal 0 -1 0
    outer loop
      vertex -4.75 -33 20
      vertex -15 -33 28
      vertex -8.75 -33 20
    endloop
  endfacet
  facet normal 0 -1 0
    outer loop
      vertex -3.25 -33 20
      vertex -15 -33 28
      vertex -4.75 -33 20
    endloop
  endfacet
  facet normal 0 -1 0
    outer loop
      vertex 0.75 -33 20
      vertex -15 -33 28
      vertex -3.25 -33 20
    endloop
  endfacet
  facet normal 0 -1 0
    outer loop
      vertex -15 -33 28
      vertex 0.75 -33 20
      vertex 15 -33 28
    endloop
  endfacet
  facet normal 0 -1 0
    outer loop
      vertex 2.25 -33 20
      vertex 15 -33 28
      vertex 0.75 -33 20
    endloop
  endfacet
  facet normal 0 -1 0
    outer loop
      vertex 6.25 -33 20
      vertex 15 -33 28
      vertex 2.25 -33 20
    endloop
  endfacet
  facet normal 0 -1 0
    outer loop
      vertex 7.75 -33 20
      vertex 15 -33 28
      vertex 6.25 -33 20
    endloop
  endfacet
  facet normal 0 -1 0
    outer loop
      vertex 15 -33 18
      vertex 7.75 -33 20
      vertex 7.75 -33 18
    endloop
  endfacet
  facet normal 0 -1 0
    outer loop
      vertex 7.75 -33 20
      vertex 15 -33 18
      vertex 15 -33 28
    endloop
  endfacet
  facet normal 0.998631 0.0523081 0
    outer loop
      vertex -20 -19 26
      vertex -20.0219 -18.5819 4
      vertex -20.0219 -18.5819 26
    endloop
  endfacet
  facet normal 0.998631 0.0523081 0
    outer loop
      vertex -20.0219 -18.5819 4
      vertex -20 -19 26
      vertex -20 -19 4
    endloop
  endfacet
  facet normal -0.998631 0.0523081 0
    outer loop
      vertex -28 -19 4
      vertex -27.9781 -18.5819 26
      vertex -27.9781 -18.5819 4
    endloop
  endfacet
  facet normal -0.998631 0.0523081 0
    outer loop
      vertex -27.9781 -18.5819 26
      vertex -28 -19 4
      vertex -28 -19 26
    endloop
  endfacet
  facet normal 0.0523081 0.998631 -0
    outer loop
      vertex -23.5819 -15.0219 4
      vertex -24 -15 26
      vertex -23.5819 -15.0219 26
    endloop
  endfacet
  facet normal 0.0523081 0.998631 0
    outer loop
      vertex -24 -15 26
      vertex -23.5819 -15.0219 4
      vertex -24 -15 4
    endloop
  endfacet
  facet normal -0.0523081 -0.998631 0
    outer loop
      vertex -24.4181 -22.9781 4
      vertex -24 -23 26
      vertex -24.4181 -22.9781 26
    endloop
  endfacet
  facet normal -0.0523081 -0.998631 -0
    outer loop
      vertex -24 -23 26
      vertex -24.4181 -22.9781 4
      vertex -24 -23 4
    endloop
  endfacet
  facet normal 0.707107 0.707107 0
    outer loop
      vertex -21.0274 -16.3235 26
      vertex -21.3235 -16.0274 4
      vertex -21.3235 -16.0274 26
    endloop
  endfacet
  facet normal 0.707107 0.707107 0
    outer loop
      vertex -21.3235 -16.0274 4
      vertex -21.0274 -16.3235 26
      vertex -21.0274 -16.3235 4
    endloop
  endfacet
  facet normal -0.629315 0.77715 0
    outer loop
      vertex -26.3511 -15.7639 4
      vertex -26.6765 -16.0274 26
      vertex -26.3511 -15.7639 26
    endloop
  endfacet
  facet normal -0.629315 0.77715 0
    outer loop
      vertex -26.6765 -16.0274 26
      vertex -26.3511 -15.7639 4
      vertex -26.6765 -16.0274 4
    endloop
  endfacet
  facet normal -0.258851 0.965917 0
    outer loop
      vertex -24.8316 -15.0874 4
      vertex -25.2361 -15.1958 26
      vertex -24.8316 -15.0874 26
    endloop
  endfacet
  facet normal -0.258851 0.965917 0
    outer loop
      vertex -25.2361 -15.1958 26
      vertex -24.8316 -15.0874 4
      vertex -25.2361 -15.1958 4
    endloop
  endfacet
  facet normal 0.933592 0.358339 0
    outer loop
      vertex -20.1958 -17.7639 26
      vertex -20.3458 -17.3731 4
      vertex -20.3458 -17.3731 26
    endloop
  endfacet
  facet normal 0.933592 0.358339 0
    outer loop
      vertex -20.3458 -17.3731 4
      vertex -20.1958 -17.7639 26
      vertex -20.1958 -17.7639 4
    endloop
  endfacet
  facet normal 0.358339 0.933592 -0
    outer loop
      vertex -22.3731 -15.3458 4
      vertex -22.7639 -15.1958 26
      vertex -22.3731 -15.3458 26
    endloop
  endfacet
  facet normal 0.358339 0.933592 0
    outer loop
      vertex -22.7639 -15.1958 26
      vertex -22.3731 -15.3458 4
      vertex -22.7639 -15.1958 4
    endloop
  endfacet
  facet normal 0.544627 0.838678 -0
    outer loop
      vertex -21.6489 -15.7639 4
      vertex -22 -15.5359 26
      vertex -21.6489 -15.7639 26
    endloop
  endfacet
  facet normal 0.544627 0.838678 0
    outer loop
      vertex -22 -15.5359 26
      vertex -21.6489 -15.7639 4
      vertex -22 -15.5359 4
    endloop
  endfacet
  facet normal -0.89101 0.453983 0
    outer loop
      vertex -27.6542 -17.3731 4
      vertex -27.4641 -17 26
      vertex -27.4641 -17 4
    endloop
  endfacet
  facet normal -0.89101 0.453983 0
    outer loop
      vertex -27.4641 -17 26
      vertex -27.6542 -17.3731 4
      vertex -27.6542 -17.3731 26
    endloop
  endfacet
  facet normal -0.0523081 0.998631 0
    outer loop
      vertex -24 -15 4
      vertex -24.4181 -15.0219 26
      vertex -24 -15 26
    endloop
  endfacet
  facet normal -0.0523081 0.998631 0
    outer loop
      vertex -24.4181 -15.0219 26
      vertex -24 -15 4
      vertex -24.4181 -15.0219 4
    endloop
  endfacet
  facet normal 0.933592 -0.358339 0
    outer loop
      vertex -20.3458 -20.6269 26
      vertex -20.1958 -20.2361 4
      vertex -20.1958 -20.2361 26
    endloop
  endfacet
  facet normal 0.933592 -0.358339 0
    outer loop
      vertex -20.1958 -20.2361 4
      vertex -20.3458 -20.6269 26
      vertex -20.3458 -20.6269 4
    endloop
  endfacet
  facet normal -0.998631 -0.0523081 0
    outer loop
      vertex -27.9781 -19.4181 4
      vertex -28 -19 26
      vertex -28 -19 4
    endloop
  endfacet
  facet normal -0.998631 -0.0523081 0
    outer loop
      vertex -28 -19 26
      vertex -27.9781 -19.4181 4
      vertex -27.9781 -19.4181 26
    endloop
  endfacet
  facet normal 0.965917 0.258851 0
    outer loop
      vertex -20.0874 -18.1684 26
      vertex -20.1958 -17.7639 4
      vertex -20.1958 -17.7639 26
    endloop
  endfacet
  facet normal 0.965917 0.258851 0
    outer loop
      vertex -20.1958 -17.7639 4
      vertex -20.0874 -18.1684 26
      vertex -20.0874 -18.1684 4
    endloop
  endfacet
  facet normal 0.987685 0.156453 0
    outer loop
      vertex -20.0219 -18.5819 26
      vertex -20.0874 -18.1684 4
      vertex -20.0874 -18.1684 26
    endloop
  endfacet
  facet normal 0.987685 0.156453 0
    outer loop
      vertex -20.0874 -18.1684 4
      vertex -20.0219 -18.5819 26
      vertex -20.0219 -18.5819 4
    endloop
  endfacet
  facet normal 0.838678 0.544627 0
    outer loop
      vertex -20.5359 -17 26
      vertex -20.7639 -16.6489 4
      vertex -20.7639 -16.6489 26
    endloop
  endfacet
  facet normal 0.838678 0.544627 0
    outer loop
      vertex -20.7639 -16.6489 4
      vertex -20.5359 -17 26
      vertex -20.5359 -17 4
    endloop
  endfacet
  facet normal 0.77715 0.629315 0
    outer loop
      vertex -20.7639 -16.6489 26
      vertex -21.0274 -16.3235 4
      vertex -21.0274 -16.3235 26
    endloop
  endfacet
  facet normal 0.77715 0.629315 0
    outer loop
      vertex -21.0274 -16.3235 4
      vertex -20.7639 -16.6489 26
      vertex -20.7639 -16.6489 4
    endloop
  endfacet
  facet normal 0.89101 0.453983 0
    outer loop
      vertex -20.3458 -17.3731 26
      vertex -20.5359 -17 4
      vertex -20.5359 -17 26
    endloop
  endfacet
  facet normal 0.89101 0.453983 0
    outer loop
      vertex -20.5359 -17 4
      vertex -20.3458 -17.3731 26
      vertex -20.3458 -17.3731 4
    endloop
  endfacet
  facet normal 0.258851 0.965917 -0
    outer loop
      vertex -22.7639 -15.1958 4
      vertex -23.1684 -15.0874 26
      vertex -22.7639 -15.1958 26
    endloop
  endfacet
  facet normal 0.258851 0.965917 0
    outer loop
      vertex -23.1684 -15.0874 26
      vertex -22.7639 -15.1958 4
      vertex -23.1684 -15.0874 4
    endloop
  endfacet
  facet normal 0.156453 0.987685 -0
    outer loop
      vertex -23.1684 -15.0874 4
      vertex -23.5819 -15.0219 26
      vertex -23.1684 -15.0874 26
    endloop
  endfacet
  facet normal 0.156453 0.987685 0
    outer loop
      vertex -23.5819 -15.0219 26
      vertex -23.1684 -15.0874 4
      vertex -23.5819 -15.0219 4
    endloop
  endfacet
  facet normal 0.453983 0.89101 -0
    outer loop
      vertex -22 -15.5359 4
      vertex -22.3731 -15.3458 26
      vertex -22 -15.5359 26
    endloop
  endfacet
  facet normal 0.453983 0.89101 0
    outer loop
      vertex -22.3731 -15.3458 26
      vertex -22 -15.5359 4
      vertex -22.3731 -15.3458 4
    endloop
  endfacet
  facet normal 0.629315 0.77715 -0
    outer loop
      vertex -21.3235 -16.0274 4
      vertex -21.6489 -15.7639 26
      vertex -21.3235 -16.0274 26
    endloop
  endfacet
  facet normal 0.629315 0.77715 0
    outer loop
      vertex -21.6489 -15.7639 26
      vertex -21.3235 -16.0274 4
      vertex -21.6489 -15.7639 4
    endloop
  endfacet
  facet normal -0.965917 0.258851 0
    outer loop
      vertex -27.9126 -18.1684 4
      vertex -27.8042 -17.7639 26
      vertex -27.8042 -17.7639 4
    endloop
  endfacet
  facet normal -0.965917 0.258851 0
    outer loop
      vertex -27.8042 -17.7639 26
      vertex -27.9126 -18.1684 4
      vertex -27.9126 -18.1684 26
    endloop
  endfacet
  facet normal -0.77715 0.629315 0
    outer loop
      vertex -27.2361 -16.6489 4
      vertex -26.9726 -16.3235 26
      vertex -26.9726 -16.3235 4
    endloop
  endfacet
  facet normal -0.77715 0.629315 0
    outer loop
      vertex -26.9726 -16.3235 26
      vertex -27.2361 -16.6489 4
      vertex -27.2361 -16.6489 26
    endloop
  endfacet
  facet normal -0.707107 0.707107 0
    outer loop
      vertex -26.9726 -16.3235 4
      vertex -26.6765 -16.0274 26
      vertex -26.6765 -16.0274 4
    endloop
  endfacet
  facet normal -0.707107 0.707107 0
    outer loop
      vertex -26.6765 -16.0274 26
      vertex -26.9726 -16.3235 4
      vertex -26.9726 -16.3235 26
    endloop
  endfacet
  facet normal -0.838678 0.544627 0
    outer loop
      vertex -27.4641 -17 4
      vertex -27.2361 -16.6489 26
      vertex -27.2361 -16.6489 4
    endloop
  endfacet
  facet normal -0.838678 0.544627 0
    outer loop
      vertex -27.2361 -16.6489 26
      vertex -27.4641 -17 4
      vertex -27.4641 -17 26
    endloop
  endfacet
  facet normal -0.933592 0.358339 0
    outer loop
      vertex -27.8042 -17.7639 4
      vertex -27.6542 -17.3731 26
      vertex -27.6542 -17.3731 4
    endloop
  endfacet
  facet normal -0.933592 0.358339 0
    outer loop
      vertex -27.6542 -17.3731 26
      vertex -27.8042 -17.7639 4
      vertex -27.8042 -17.7639 26
    endloop
  endfacet
  facet normal -0.987685 0.156453 0
    outer loop
      vertex -27.9781 -18.5819 4
      vertex -27.9126 -18.1684 26
      vertex -27.9126 -18.1684 4
    endloop
  endfacet
  facet normal -0.987685 0.156453 0
    outer loop
      vertex -27.9126 -18.1684 26
      vertex -27.9781 -18.5819 4
      vertex -27.9781 -18.5819 26
    endloop
  endfacet
  facet normal 0 0 1
    outer loop
      vertex -22.4 -19 26
      vertex -20 -19 26
      vertex -20.0219 -18.5819 26
    endloop
  endfacet
  facet normal 0 0 1
    outer loop
      vertex -22.4088 -18.8328 26
      vertex -20.0219 -18.5819 26
      vertex -20.0874 -18.1684 26
    endloop
  endfacet
  facet normal 0 0 1
    outer loop
      vertex -20 -19 26
      vertex -22.4 -19 26
      vertex -20.0219 -19.4181 26
    endloop
  endfacet
  facet normal 0 0 1
    outer loop
      vertex -22.435 -18.6673 26
      vertex -20.0874 -18.1684 26
      vertex -20.1958 -17.7639 26
    endloop
  endfacet
  facet normal -0 0 1
    outer loop
      vertex -22.4088 -19.1672 26
      vertex -20.0219 -19.4181 26
      vertex -22.4 -19 26
    endloop
  endfacet
  facet normal 0 0 1
    outer loop
      vertex -22.4783 -18.5056 26
      vertex -20.1958 -17.7639 26
      vertex -20.3458 -17.3731 26
    endloop
  endfacet
  facet normal 0 0 1
    outer loop
      vertex -20.0219 -19.4181 26
      vertex -22.4088 -19.1672 26
      vertex -20.0874 -19.8316 26
    endloop
  endfacet
  facet normal 0 0 1
    outer loop
      vertex -22.5383 -18.3492 26
      vertex -20.3458 -17.3731 26
      vertex -20.5359 -17 26
    endloop
  endfacet
  facet normal -0 0 1
    outer loop
      vertex -22.435 -19.3327 26
      vertex -20.0874 -19.8316 26
      vertex -22.4088 -19.1672 26
    endloop
  endfacet
  facet normal 0 0 1
    outer loop
      vertex -22.6144 -18.2 26
      vertex -20.5359 -17 26
      vertex -20.7639 -16.6489 26
    endloop
  endfacet
  facet normal 0 0 1
    outer loop
      vertex -20.0874 -19.8316 26
      vertex -22.435 -19.3327 26
      vertex -20.1958 -20.2361 26
    endloop
  endfacet
  facet normal 0 0 1
    outer loop
      vertex -22.7056 -18.0595 26
      vertex -20.7639 -16.6489 26
      vertex -21.0274 -16.3235 26
    endloop
  endfacet
  facet normal -0 0 1
    outer loop
      vertex -22.4783 -19.4944 26
      vertex -20.1958 -20.2361 26
      vertex -22.435 -19.3327 26
    endloop
  endfacet
  facet normal 0 0 1
    outer loop
      vertex -22.811 -17.9294 26
      vertex -21.0274 -16.3235 26
      vertex -21.3235 -16.0274 26
    endloop
  endfacet
  facet normal 0 0 1
    outer loop
      vertex -20.1958 -20.2361 26
      vertex -22.4783 -19.4944 26
      vertex -20.3458 -20.6269 26
    endloop
  endfacet
  facet normal 0 0 1
    outer loop
      vertex -22.9294 -17.811 26
      vertex -21.3235 -16.0274 26
      vertex -21.6489 -15.7639 26
    endloop
  endfacet
  facet normal -0 0 1
    outer loop
      vertex -22.5383 -19.6508 26
      vertex -20.3458 -20.6269 26
      vertex -22.4783 -19.4944 26
    endloop
  endfacet
  facet normal 0 0 1
    outer loop
      vertex -23.0595 -17.7056 26
      vertex -21.6489 -15.7639 26
      vertex -22 -15.5359 26
    endloop
  endfacet
  facet normal 0 0 1
    outer loop
      vertex -20.3458 -20.6269 26
      vertex -22.5383 -19.6508 26
      vertex -20.5359 -21 26
    endloop
  endfacet
  facet normal 0 0 1
    outer loop
      vertex -23.2 -17.6144 26
      vertex -22 -15.5359 26
      vertex -22.3731 -15.3458 26
    endloop
  endfacet
  facet normal -0 0 1
    outer loop
      vertex -22.6144 -19.8 26
      vertex -20.5359 -21 26
      vertex -22.5383 -19.6508 26
    endloop
  endfacet
  facet normal 0 0 1
    outer loop
      vertex -20.5359 -21 26
      vertex -22.6144 -19.8 26
      vertex -20.7639 -21.3511 26
    endloop
  endfacet
  facet normal 0 0 1
    outer loop
      vertex -20.0219 -18.5819 26
      vertex -22.4088 -18.8328 26
      vertex -22.4 -19 26
    endloop
  endfacet
  facet normal 0 0 1
    outer loop
      vertex -20.0874 -18.1684 26
      vertex -22.435 -18.6673 26
      vertex -22.4088 -18.8328 26
    endloop
  endfacet
  facet normal 0 0 1
    outer loop
      vertex -20.1958 -17.7639 26
      vertex -22.4783 -18.5056 26
      vertex -22.435 -18.6673 26
    endloop
  endfacet
  facet normal 0 0 1
    outer loop
      vertex -20.3458 -17.3731 26
      vertex -22.5383 -18.3492 26
      vertex -22.4783 -18.5056 26
    endloop
  endfacet
  facet normal 0 0 1
    outer loop
      vertex -20.5359 -17 26
      vertex -22.6144 -18.2 26
      vertex -22.5383 -18.3492 26
    endloop
  endfacet
  facet normal 0 0 1
    outer loop
      vertex -20.7639 -16.6489 26
      vertex -22.7056 -18.0595 26
      vertex -22.6144 -18.2 26
    endloop
  endfacet
  facet normal 0 0 1
    outer loop
      vertex -23.3492 -17.5383 26
      vertex -22.3731 -15.3458 26
      vertex -22.7639 -15.1958 26
    endloop
  endfacet
  facet normal 0 0 1
    outer loop
      vertex -21.0274 -16.3235 26
      vertex -22.811 -17.9294 26
      vertex -22.7056 -18.0595 26
    endloop
  endfacet
  facet normal 0 0 1
    outer loop
      vertex -21.3235 -16.0274 26
      vertex -22.9294 -17.811 26
      vertex -22.811 -17.9294 26
    endloop
  endfacet
  facet normal 0 0 1
    outer loop
      vertex -21.6489 -15.7639 26
      vertex -23.0595 -17.7056 26
      vertex -22.9294 -17.811 26
    endloop
  endfacet
  facet normal 0 0 1
    outer loop
      vertex -23.5056 -17.4783 26
      vertex -22.7639 -15.1958 26
      vertex -23.1684 -15.0874 26
    endloop
  endfacet
  facet normal 0 0 1
    outer loop
      vertex -22 -15.5359 26
      vertex -23.2 -17.6144 26
      vertex -23.0595 -17.7056 26
    endloop
  endfacet
  facet normal 0 0 1
    outer loop
      vertex -22.3731 -15.3458 26
      vertex -23.3492 -17.5383 26
      vertex -23.2 -17.6144 26
    endloop
  endfacet
  facet normal 0 0 1
    outer loop
      vertex -22.7639 -15.1958 26
      vertex -23.5056 -17.4783 26
      vertex -23.3492 -17.5383 26
    endloop
  endfacet
  facet normal 0 0 1
    outer loop
      vertex -23.6673 -17.435 26
      vertex -23.1684 -15.0874 26
      vertex -23.5819 -15.0219 26
    endloop
  endfacet
  facet normal 0 0 1
    outer loop
      vertex -23.1684 -15.0874 26
      vertex -23.6673 -17.435 26
      vertex -23.5056 -17.4783 26
    endloop
  endfacet
  facet normal 0 0 1
    outer loop
      vertex -23.5819 -15.0219 26
      vertex -23.8328 -17.4088 26
      vertex -23.6673 -17.435 26
    endloop
  endfacet
  facet normal 0 0 1
    outer loop
      vertex -24 -15 26
      vertex -23.8328 -17.4088 26
      vertex -23.5819 -15.0219 26
    endloop
  endfacet
  facet normal 0 0 1
    outer loop
      vertex -24 -15 26
      vertex -24 -17.4 26
      vertex -23.8328 -17.4088 26
    endloop
  endfacet
  facet normal 0 0 1
    outer loop
      vertex -24 -15 26
      vertex -24.1672 -17.4088 26
      vertex -24 -17.4 26
    endloop
  endfacet
  facet normal -0 0 1
    outer loop
      vertex -24.4181 -15.0219 26
      vertex -24.1672 -17.4088 26
      vertex -24 -15 26
    endloop
  endfacet
  facet normal 0 0 1
    outer loop
      vertex -24.1672 -17.4088 26
      vertex -24.4181 -15.0219 26
      vertex -24.3327 -17.435 26
    endloop
  endfacet
  facet normal -0 0 1
    outer loop
      vertex -24.8316 -15.0874 26
      vertex -24.3327 -17.435 26
      vertex -24.4181 -15.0219 26
    endloop
  endfacet
  facet normal 0 0 1
    outer loop
      vertex -24.3327 -17.435 26
      vertex -24.8316 -15.0874 26
      vertex -24.4944 -17.4783 26
    endloop
  endfacet
  facet normal -0 0 1
    outer loop
      vertex -25.2361 -15.1958 26
      vertex -24.4944 -17.4783 26
      vertex -24.8316 -15.0874 26
    endloop
  endfacet
  facet normal 0 0 1
    outer loop
      vertex -24.4944 -17.4783 26
      vertex -25.2361 -15.1958 26
      vertex -24.6508 -17.5383 26
    endloop
  endfacet
  facet normal -0 0 1
    outer loop
      vertex -25.6269 -15.3458 26
      vertex -24.6508 -17.5383 26
      vertex -25.2361 -15.1958 26
    endloop
  endfacet
  facet normal 0 0 1
    outer loop
      vertex -24.6508 -17.5383 26
      vertex -25.6269 -15.3458 26
      vertex -24.8 -17.6144 26
    endloop
  endfacet
  facet normal -0 0 1
    outer loop
      vertex -26 -15.5359 26
      vertex -24.8 -17.6144 26
      vertex -25.6269 -15.3458 26
    endloop
  endfacet
  facet normal 0 0 1
    outer loop
      vertex -24.8 -17.6144 26
      vertex -26 -15.5359 26
      vertex -24.9405 -17.7056 26
    endloop
  endfacet
  facet normal -0 0 1
    outer loop
      vertex -26.3511 -15.7639 26
      vertex -24.9405 -17.7056 26
      vertex -26 -15.5359 26
    endloop
  endfacet
  facet normal 0 0 1
    outer loop
      vertex -24.9405 -17.7056 26
      vertex -26.3511 -15.7639 26
      vertex -25.0706 -17.811 26
    endloop
  endfacet
  facet normal -0 0 1
    outer loop
      vertex -26.6765 -16.0274 26
      vertex -25.0706 -17.811 26
      vertex -26.3511 -15.7639 26
    endloop
  endfacet
  facet normal 0 0 1
    outer loop
      vertex -25.0706 -17.811 26
      vertex -26.6765 -16.0274 26
      vertex -25.189 -17.9294 26
    endloop
  endfacet
  facet normal -0 0 1
    outer loop
      vertex -26.9726 -16.3235 26
      vertex -25.189 -17.9294 26
      vertex -26.6765 -16.0274 26
    endloop
  endfacet
  facet normal 0 0 1
    outer loop
      vertex -25.189 -17.9294 26
      vertex -26.9726 -16.3235 26
      vertex -25.2944 -18.0595 26
    endloop
  endfacet
  facet normal 0 0 1
    outer loop
      vertex -25.2944 -18.0595 26
      vertex -27.2361 -16.6489 26
      vertex -25.3856 -18.2 26
    endloop
  endfacet
  facet normal -0 0 1
    outer loop
      vertex -27.2361 -16.6489 26
      vertex -25.2944 -18.0595 26
      vertex -26.9726 -16.3235 26
    endloop
  endfacet
  facet normal -0 0 1
    outer loop
      vertex -22.7056 -19.9405 26
      vertex -20.7639 -21.3511 26
      vertex -22.6144 -19.8 26
    endloop
  endfacet
  facet normal 0 0 1
    outer loop
      vertex -20.7639 -21.3511 26
      vertex -22.7056 -19.9405 26
      vertex -21.0274 -21.6765 26
    endloop
  endfacet
  facet normal -0 0 1
    outer loop
      vertex -22.811 -20.0706 26
      vertex -21.0274 -21.6765 26
      vertex -22.7056 -19.9405 26
    endloop
  endfacet
  facet normal 0 0 1
    outer loop
      vertex -21.0274 -21.6765 26
      vertex -22.811 -20.0706 26
      vertex -21.3235 -21.9726 26
    endloop
  endfacet
  facet normal -0 0 1
    outer loop
      vertex -22.9294 -20.189 26
      vertex -21.3235 -21.9726 26
      vertex -22.811 -20.0706 26
    endloop
  endfacet
  facet normal 0 0 1
    outer loop
      vertex -21.3235 -21.9726 26
      vertex -22.9294 -20.189 26
      vertex -21.6489 -22.2361 26
    endloop
  endfacet
  facet normal -0 0 1
    outer loop
      vertex -23.0595 -20.2944 26
      vertex -21.6489 -22.2361 26
      vertex -22.9294 -20.189 26
    endloop
  endfacet
  facet normal 0 0 1
    outer loop
      vertex -21.6489 -22.2361 26
      vertex -23.0595 -20.2944 26
      vertex -22 -22.4641 26
    endloop
  endfacet
  facet normal -0 0 1
    outer loop
      vertex -23.2 -20.3856 26
      vertex -22 -22.4641 26
      vertex -23.0595 -20.2944 26
    endloop
  endfacet
  facet normal 0 0 1
    outer loop
      vertex -22 -22.4641 26
      vertex -23.2 -20.3856 26
      vertex -22.3731 -22.6542 26
    endloop
  endfacet
  facet normal -0 0 1
    outer loop
      vertex -23.3492 -20.4617 26
      vertex -22.3731 -22.6542 26
      vertex -23.2 -20.3856 26
    endloop
  endfacet
  facet normal 0 0 1
    outer loop
      vertex -22.3731 -22.6542 26
      vertex -23.3492 -20.4617 26
      vertex -22.7639 -22.8042 26
    endloop
  endfacet
  facet normal -0 0 1
    outer loop
      vertex -23.5056 -20.5217 26
      vertex -22.7639 -22.8042 26
      vertex -23.3492 -20.4617 26
    endloop
  endfacet
  facet normal 0 0 1
    outer loop
      vertex -22.7639 -22.8042 26
      vertex -23.5056 -20.5217 26
      vertex -23.1684 -22.9126 26
    endloop
  endfacet
  facet normal -0 0 1
    outer loop
      vertex -23.6673 -20.565 26
      vertex -23.1684 -22.9126 26
      vertex -23.5056 -20.5217 26
    endloop
  endfacet
  facet normal 0 0 1
    outer loop
      vertex -23.1684 -22.9126 26
      vertex -23.6673 -20.565 26
      vertex -23.5819 -22.9781 26
    endloop
  endfacet
  facet normal -0 0 1
    outer loop
      vertex -23.8328 -20.5912 26
      vertex -23.5819 -22.9781 26
      vertex -23.6673 -20.565 26
    endloop
  endfacet
  facet normal -0 0 1
    outer loop
      vertex -24 -20.6 26
      vertex -23.5819 -22.9781 26
      vertex -23.8328 -20.5912 26
    endloop
  endfacet
  facet normal 0 0 1
    outer loop
      vertex -24 -20.6 26
      vertex -24 -23 26
      vertex -23.5819 -22.9781 26
    endloop
  endfacet
  facet normal 0 0 1
    outer loop
      vertex -24.1672 -20.5912 26
      vertex -24 -23 26
      vertex -24 -20.6 26
    endloop
  endfacet
  facet normal 0 0 1
    outer loop
      vertex -24.4181 -22.9781 26
      vertex -24.1672 -20.5912 26
      vertex -24.3327 -20.565 26
    endloop
  endfacet
  facet normal 0 0 1
    outer loop
      vertex -24.1672 -20.5912 26
      vertex -24.4181 -22.9781 26
      vertex -24 -23 26
    endloop
  endfacet
  facet normal 0 0 1
    outer loop
      vertex -24.8316 -22.9126 26
      vertex -24.3327 -20.565 26
      vertex -24.4944 -20.5217 26
    endloop
  endfacet
  facet normal 0 0 1
    outer loop
      vertex -25.2361 -22.8042 26
      vertex -24.4944 -20.5217 26
      vertex -24.6508 -20.4617 26
    endloop
  endfacet
  facet normal 0 0 1
    outer loop
      vertex -25.6269 -22.6542 26
      vertex -24.6508 -20.4617 26
      vertex -24.8 -20.3856 26
    endloop
  endfacet
  facet normal 0 0 1
    outer loop
      vertex -24.3327 -20.565 26
      vertex -24.8316 -22.9126 26
      vertex -24.4181 -22.9781 26
    endloop
  endfacet
  facet normal 0 0 1
    outer loop
      vertex -26 -22.4641 26
      vertex -24.8 -20.3856 26
      vertex -24.9405 -20.2944 26
    endloop
  endfacet
  facet normal 0 0 1
    outer loop
      vertex -26.3511 -22.2361 26
      vertex -24.9405 -20.2944 26
      vertex -25.0706 -20.189 26
    endloop
  endfacet
  facet normal 0 0 1
    outer loop
      vertex -26.6765 -21.9726 26
      vertex -25.0706 -20.189 26
      vertex -25.189 -20.0706 26
    endloop
  endfacet
  facet normal 0 0 1
    outer loop
      vertex -24.4944 -20.5217 26
      vertex -25.2361 -22.8042 26
      vertex -24.8316 -22.9126 26
    endloop
  endfacet
  facet normal 0 0 1
    outer loop
      vertex -26.9726 -21.6765 26
      vertex -25.189 -20.0706 26
      vertex -25.2944 -19.9405 26
    endloop
  endfacet
  facet normal 0 0 1
    outer loop
      vertex -27.2361 -21.3511 26
      vertex -25.2944 -19.9405 26
      vertex -25.3856 -19.8 26
    endloop
  endfacet
  facet normal 0 0 1
    outer loop
      vertex -27.4641 -21 26
      vertex -25.3856 -19.8 26
      vertex -25.4617 -19.6508 26
    endloop
  endfacet
  facet normal 0 0 1
    outer loop
      vertex -27.6542 -20.6269 26
      vertex -25.4617 -19.6508 26
      vertex -25.5217 -19.4944 26
    endloop
  endfacet
  facet normal 0 0 1
    outer loop
      vertex -27.8042 -20.2361 26
      vertex -25.5217 -19.4944 26
      vertex -25.565 -19.3327 26
    endloop
  endfacet
  facet normal 0 0 1
    outer loop
      vertex -27.9126 -19.8316 26
      vertex -25.565 -19.3327 26
      vertex -25.5912 -19.1672 26
    endloop
  endfacet
  facet normal 0 0 1
    outer loop
      vertex -24.6508 -20.4617 26
      vertex -25.6269 -22.6542 26
      vertex -25.2361 -22.8042 26
    endloop
  endfacet
  facet normal 0 0 1
    outer loop
      vertex -27.9781 -19.4181 26
      vertex -25.5912 -19.1672 26
      vertex -25.6 -19 26
    endloop
  endfacet
  facet normal -0 0 1
    outer loop
      vertex -27.4641 -17 26
      vertex -25.3856 -18.2 26
      vertex -27.2361 -16.6489 26
    endloop
  endfacet
  facet normal 0 0 1
    outer loop
      vertex -25.3856 -18.2 26
      vertex -27.4641 -17 26
      vertex -25.4617 -18.3492 26
    endloop
  endfacet
  facet normal 0 0 1
    outer loop
      vertex -24.8 -20.3856 26
      vertex -26 -22.4641 26
      vertex -25.6269 -22.6542 26
    endloop
  endfacet
  facet normal -0 0 1
    outer loop
      vertex -27.6542 -17.3731 26
      vertex -25.4617 -18.3492 26
      vertex -27.4641 -17 26
    endloop
  endfacet
  facet normal 0 0 1
    outer loop
      vertex -24.9405 -20.2944 26
      vertex -26.3511 -22.2361 26
      vertex -26 -22.4641 26
    endloop
  endfacet
  facet normal 0 0 1
    outer loop
      vertex -25.4617 -18.3492 26
      vertex -27.6542 -17.3731 26
      vertex -25.5217 -18.5056 26
    endloop
  endfacet
  facet normal 0 0 1
    outer loop
      vertex -25.0706 -20.189 26
      vertex -26.6765 -21.9726 26
      vertex -26.3511 -22.2361 26
    endloop
  endfacet
  facet normal -0 0 1
    outer loop
      vertex -27.8042 -17.7639 26
      vertex -25.5217 -18.5056 26
      vertex -27.6542 -17.3731 26
    endloop
  endfacet
  facet normal 0 0 1
    outer loop
      vertex -25.189 -20.0706 26
      vertex -26.9726 -21.6765 26
      vertex -26.6765 -21.9726 26
    endloop
  endfacet
  facet normal 0 0 1
    outer loop
      vertex -25.5217 -18.5056 26
      vertex -27.8042 -17.7639 26
      vertex -25.565 -18.6673 26
    endloop
  endfacet
  facet normal 0 0 1
    outer loop
      vertex -25.2944 -19.9405 26
      vertex -27.2361 -21.3511 26
      vertex -26.9726 -21.6765 26
    endloop
  endfacet
  facet normal -0 0 1
    outer loop
      vertex -27.9126 -18.1684 26
      vertex -25.565 -18.6673 26
      vertex -27.8042 -17.7639 26
    endloop
  endfacet
  facet normal 0 0 1
    outer loop
      vertex -25.3856 -19.8 26
      vertex -27.4641 -21 26
      vertex -27.2361 -21.3511 26
    endloop
  endfacet
  facet normal 0 0 1
    outer loop
      vertex -25.565 -18.6673 26
      vertex -27.9126 -18.1684 26
      vertex -25.5912 -18.8328 26
    endloop
  endfacet
  facet normal 0 0 1
    outer loop
      vertex -25.4617 -19.6508 26
      vertex -27.6542 -20.6269 26
      vertex -27.4641 -21 26
    endloop
  endfacet
  facet normal -0 0 1
    outer loop
      vertex -27.9781 -18.5819 26
      vertex -25.5912 -18.8328 26
      vertex -27.9126 -18.1684 26
    endloop
  endfacet
  facet normal 0 0 1
    outer loop
      vertex -25.5217 -19.4944 26
      vertex -27.8042 -20.2361 26
      vertex -27.6542 -20.6269 26
    endloop
  endfacet
  facet normal 0 0 1
    outer loop
      vertex -25.5912 -18.8328 26
      vertex -27.9781 -18.5819 26
      vertex -25.6 -19 26
    endloop
  endfacet
  facet normal 0 0 1
    outer loop
      vertex -25.565 -19.3327 26
      vertex -27.9126 -19.8316 26
      vertex -27.8042 -20.2361 26
    endloop
  endfacet
  facet normal 0 0 1
    outer loop
      vertex -28 -19 26
      vertex -25.6 -19 26
      vertex -27.9781 -18.5819 26
    endloop
  endfacet
  facet normal 0 0 1
    outer loop
      vertex -25.5912 -19.1672 26
      vertex -27.9781 -19.4181 26
      vertex -27.9126 -19.8316 26
    endloop
  endfacet
  facet normal 0 0 1
    outer loop
      vertex -25.6 -19 26
      vertex -28 -19 26
      vertex -27.9781 -19.4181 26
    endloop
  endfacet
  facet normal -0.453983 0.89101 0
    outer loop
      vertex -25.6269 -15.3458 4
      vertex -26 -15.5359 26
      vertex -25.6269 -15.3458 26
    endloop
  endfacet
  facet normal -0.453983 0.89101 0
    outer loop
      vertex -26 -15.5359 26
      vertex -25.6269 -15.3458 4
      vertex -26 -15.5359 4
    endloop
  endfacet
  facet normal -0.358339 0.933592 0
    outer loop
      vertex -25.2361 -15.1958 4
      vertex -25.6269 -15.3458 26
      vertex -25.2361 -15.1958 26
    endloop
  endfacet
  facet normal -0.358339 0.933592 0
    outer loop
      vertex -25.6269 -15.3458 26
      vertex -25.2361 -15.1958 4
      vertex -25.6269 -15.3458 4
    endloop
  endfacet
  facet normal -0.544627 0.838678 0
    outer loop
      vertex -26 -15.5359 4
      vertex -26.3511 -15.7639 26
      vertex -26 -15.5359 26
    endloop
  endfacet
  facet normal -0.544627 0.838678 0
    outer loop
      vertex -26.3511 -15.7639 26
      vertex -26 -15.5359 4
      vertex -26.3511 -15.7639 4
    endloop
  endfacet
  facet normal -0.156453 0.987685 0
    outer loop
      vertex -24.4181 -15.0219 4
      vertex -24.8316 -15.0874 26
      vertex -24.4181 -15.0219 26
    endloop
  endfacet
  facet normal -0.156453 0.987685 0
    outer loop
      vertex -24.8316 -15.0874 26
      vertex -24.4181 -15.0219 4
      vertex -24.8316 -15.0874 4
    endloop
  endfacet
  facet normal 0.998631 -0.0523081 0
    outer loop
      vertex -20.0219 -19.4181 26
      vertex -20 -19 4
      vertex -20 -19 26
    endloop
  endfacet
  facet normal 0.998631 -0.0523081 0
    outer loop
      vertex -20 -19 4
      vertex -20.0219 -19.4181 26
      vertex -20.0219 -19.4181 4
    endloop
  endfacet
  facet normal 0.0523081 -0.998631 0
    outer loop
      vertex -24 -23 4
      vertex -23.5819 -22.9781 26
      vertex -24 -23 26
    endloop
  endfacet
  facet normal 0.0523081 -0.998631 0
    outer loop
      vertex -23.5819 -22.9781 26
      vertex -24 -23 4
      vertex -23.5819 -22.9781 4
    endloop
  endfacet
  facet normal 0.258851 -0.965917 0
    outer loop
      vertex -23.1684 -22.9126 4
      vertex -22.7639 -22.8042 26
      vertex -23.1684 -22.9126 26
    endloop
  endfacet
  facet normal 0.258851 -0.965917 0
    outer loop
      vertex -22.7639 -22.8042 26
      vertex -23.1684 -22.9126 4
      vertex -22.7639 -22.8042 4
    endloop
  endfacet
  facet normal 0.629315 -0.77715 0
    outer loop
      vertex -21.6489 -22.2361 4
      vertex -21.3235 -21.9726 26
      vertex -21.6489 -22.2361 26
    endloop
  endfacet
  facet normal 0.629315 -0.77715 0
    outer loop
      vertex -21.3235 -21.9726 26
      vertex -21.6489 -22.2361 4
      vertex -21.3235 -21.9726 4
    endloop
  endfacet
  facet normal 0.453983 -0.89101 0
    outer loop
      vertex -22.3731 -22.6542 4
      vertex -22 -22.4641 26
      vertex -22.3731 -22.6542 26
    endloop
  endfacet
  facet normal 0.453983 -0.89101 0
    outer loop
      vertex -22 -22.4641 26
      vertex -22.3731 -22.6542 4
      vertex -22 -22.4641 4
    endloop
  endfacet
  facet normal 0.77715 -0.629315 0
    outer loop
      vertex -21.0274 -21.6765 26
      vertex -20.7639 -21.3511 4
      vertex -20.7639 -21.3511 26
    endloop
  endfacet
  facet normal 0.77715 -0.629315 0
    outer loop
      vertex -20.7639 -21.3511 4
      vertex -21.0274 -21.6765 26
      vertex -21.0274 -21.6765 4
    endloop
  endfacet
  facet normal 0.89101 -0.453983 0
    outer loop
      vertex -20.5359 -21 26
      vertex -20.3458 -20.6269 4
      vertex -20.3458 -20.6269 26
    endloop
  endfacet
  facet normal 0.89101 -0.453983 0
    outer loop
      vertex -20.3458 -20.6269 4
      vertex -20.5359 -21 26
      vertex -20.5359 -21 4
    endloop
  endfacet
  facet normal -0.707107 -0.707107 0
    outer loop
      vertex -26.6765 -21.9726 4
      vertex -26.9726 -21.6765 26
      vertex -26.9726 -21.6765 4
    endloop
  endfacet
  facet normal -0.707107 -0.707107 0
    outer loop
      vertex -26.9726 -21.6765 26
      vertex -26.6765 -21.9726 4
      vertex -26.6765 -21.9726 26
    endloop
  endfacet
  facet normal -0.544627 -0.838678 0
    outer loop
      vertex -26.3511 -22.2361 4
      vertex -26 -22.4641 26
      vertex -26.3511 -22.2361 26
    endloop
  endfacet
  facet normal -0.544627 -0.838678 -0
    outer loop
      vertex -26 -22.4641 26
      vertex -26.3511 -22.2361 4
      vertex -26 -22.4641 4
    endloop
  endfacet
  facet normal -0.358339 -0.933592 0
    outer loop
      vertex -25.6269 -22.6542 4
      vertex -25.2361 -22.8042 26
      vertex -25.6269 -22.6542 26
    endloop
  endfacet
  facet normal -0.358339 -0.933592 -0
    outer loop
      vertex -25.2361 -22.8042 26
      vertex -25.6269 -22.6542 4
      vertex -25.2361 -22.8042 4
    endloop
  endfacet
  facet normal -0.156453 -0.987685 0
    outer loop
      vertex -24.8316 -22.9126 4
      vertex -24.4181 -22.9781 26
      vertex -24.8316 -22.9126 26
    endloop
  endfacet
  facet normal -0.156453 -0.987685 -0
    outer loop
      vertex -24.4181 -22.9781 26
      vertex -24.8316 -22.9126 4
      vertex -24.4181 -22.9781 4
    endloop
  endfacet
  facet normal -0.933592 -0.358339 0
    outer loop
      vertex -27.6542 -20.6269 4
      vertex -27.8042 -20.2361 26
      vertex -27.8042 -20.2361 4
    endloop
  endfacet
  facet normal -0.933592 -0.358339 0
    outer loop
      vertex -27.8042 -20.2361 26
      vertex -27.6542 -20.6269 4
      vertex -27.6542 -20.6269 26
    endloop
  endfacet
  facet normal -0.838678 -0.544627 0
    outer loop
      vertex -27.2361 -21.3511 4
      vertex -27.4641 -21 26
      vertex -27.4641 -21 4
    endloop
  endfacet
  facet normal -0.838678 -0.544627 0
    outer loop
      vertex -27.4641 -21 26
      vertex -27.2361 -21.3511 4
      vertex -27.2361 -21.3511 26
    endloop
  endfacet
  facet normal -0.987685 -0.156453 0
    outer loop
      vertex -27.9126 -19.8316 4
      vertex -27.9781 -19.4181 26
      vertex -27.9781 -19.4181 4
    endloop
  endfacet
  facet normal -0.987685 -0.156453 0
    outer loop
      vertex -27.9781 -19.4181 26
      vertex -27.9126 -19.8316 4
      vertex -27.9126 -19.8316 26
    endloop
  endfacet
  facet normal 0.156453 -0.987685 0
    outer loop
      vertex -23.5819 -22.9781 4
      vertex -23.1684 -22.9126 26
      vertex -23.5819 -22.9781 26
    endloop
  endfacet
  facet normal 0.156453 -0.987685 0
    outer loop
      vertex -23.1684 -22.9126 26
      vertex -23.5819 -22.9781 4
      vertex -23.1684 -22.9126 4
    endloop
  endfacet
  facet normal 0.358339 -0.933592 0
    outer loop
      vertex -22.7639 -22.8042 4
      vertex -22.3731 -22.6542 26
      vertex -22.7639 -22.8042 26
    endloop
  endfacet
  facet normal 0.358339 -0.933592 0
    outer loop
      vertex -22.3731 -22.6542 26
      vertex -22.7639 -22.8042 4
      vertex -22.3731 -22.6542 4
    endloop
  endfacet
  facet normal 0.707107 -0.707107 0
    outer loop
      vertex -21.3235 -21.9726 26
      vertex -21.0274 -21.6765 4
      vertex -21.0274 -21.6765 26
    endloop
  endfacet
  facet normal 0.707107 -0.707107 0
    outer loop
      vertex -21.0274 -21.6765 4
      vertex -21.3235 -21.9726 26
      vertex -21.3235 -21.9726 4
    endloop
  endfacet
  facet normal 0.544627 -0.838678 0
    outer loop
      vertex -22 -22.4641 4
      vertex -21.6489 -22.2361 26
      vertex -22 -22.4641 26
    endloop
  endfacet
  facet normal 0.544627 -0.838678 0
    outer loop
      vertex -21.6489 -22.2361 26
      vertex -22 -22.4641 4
      vertex -21.6489 -22.2361 4
    endloop
  endfacet
  facet normal 0.838678 -0.544627 0
    outer loop
      vertex -20.7639 -21.3511 26
      vertex -20.5359 -21 4
      vertex -20.5359 -21 26
    endloop
  endfacet
  facet normal 0.838678 -0.544627 0
    outer loop
      vertex -20.5359 -21 4
      vertex -20.7639 -21.3511 26
      vertex -20.7639 -21.3511 4
    endloop
  endfacet
  facet normal 0.987685 -0.156453 0
    outer loop
      vertex -20.0874 -19.8316 26
      vertex -20.0219 -19.4181 4
      vertex -20.0219 -19.4181 26
    endloop
  endfacet
  facet normal 0.987685 -0.156453 0
    outer loop
      vertex -20.0219 -19.4181 4
      vertex -20.0874 -19.8316 26
      vertex -20.0874 -19.8316 4
    endloop
  endfacet
  facet normal 0.965917 -0.258851 0
    outer loop
      vertex -20.1958 -20.2361 26
      vertex -20.0874 -19.8316 4
      vertex -20.0874 -19.8316 26
    endloop
  endfacet
  facet normal 0.965917 -0.258851 0
    outer loop
      vertex -20.0874 -19.8316 4
      vertex -20.1958 -20.2361 26
      vertex -20.1958 -20.2361 4
    endloop
  endfacet
  facet normal -0.629315 -0.77715 0
    outer loop
      vertex -26.6765 -21.9726 4
      vertex -26.3511 -22.2361 26
      vertex -26.6765 -21.9726 26
    endloop
  endfacet
  facet normal -0.629315 -0.77715 -0
    outer loop
      vertex -26.3511 -22.2361 26
      vertex -26.6765 -21.9726 4
      vertex -26.3511 -22.2361 4
    endloop
  endfacet
  facet normal -0.453983 -0.89101 0
    outer loop
      vertex -26 -22.4641 4
      vertex -25.6269 -22.6542 26
      vertex -26 -22.4641 26
    endloop
  endfacet
  facet normal -0.453983 -0.89101 -0
    outer loop
      vertex -25.6269 -22.6542 26
      vertex -26 -22.4641 4
      vertex -25.6269 -22.6542 4
    endloop
  endfacet
  facet normal -0.258851 -0.965917 0
    outer loop
      vertex -25.2361 -22.8042 4
      vertex -24.8316 -22.9126 26
      vertex -25.2361 -22.8042 26
    endloop
  endfacet
  facet normal -0.258851 -0.965917 -0
    outer loop
      vertex -24.8316 -22.9126 26
      vertex -25.2361 -22.8042 4
      vertex -24.8316 -22.9126 4
    endloop
  endfacet
  facet normal -0.89101 -0.453983 0
    outer loop
      vertex -27.4641 -21 4
      vertex -27.6542 -20.6269 26
      vertex -27.6542 -20.6269 4
    endloop
  endfacet
  facet normal -0.89101 -0.453983 0
    outer loop
      vertex -27.6542 -20.6269 26
      vertex -27.4641 -21 4
      vertex -27.4641 -21 26
    endloop
  endfacet
  facet normal -0.77715 -0.629315 0
    outer loop
      vertex -26.9726 -21.6765 4
      vertex -27.2361 -21.3511 26
      vertex -27.2361 -21.3511 4
    endloop
  endfacet
  facet normal -0.77715 -0.629315 0
    outer loop
      vertex -27.2361 -21.3511 26
      vertex -26.9726 -21.6765 4
      vertex -26.9726 -21.6765 26
    endloop
  endfacet
  facet normal -0.965917 -0.258851 0
    outer loop
      vertex -27.8042 -20.2361 4
      vertex -27.9126 -19.8316 26
      vertex -27.9126 -19.8316 4
    endloop
  endfacet
  facet normal -0.965917 -0.258851 0
    outer loop
      vertex -27.9126 -19.8316 26
      vertex -27.8042 -20.2361 4
      vertex -27.8042 -20.2361 26
    endloop
  endfacet
  facet normal -0.998618 -0.0525588 0
    outer loop
      vertex -22.4 -19 9
      vertex -22.4088 -18.8328 26
      vertex -22.4088 -18.8328 9
    endloop
  endfacet
  facet normal -0.998618 -0.0525588 0
    outer loop
      vertex -22.4088 -18.8328 26
      vertex -22.4 -19 9
      vertex -22.4 -19 26
    endloop
  endfacet
  facet normal 0.998618 -0.0525588 0
    outer loop
      vertex -25.6 -19 26
      vertex -25.5912 -18.8328 9
      vertex -25.5912 -18.8328 26
    endloop
  endfacet
  facet normal 0.998618 -0.0525588 0
    outer loop
      vertex -25.5912 -18.8328 9
      vertex -25.6 -19 26
      vertex -25.6 -19 9
    endloop
  endfacet
  facet normal -0.0525588 -0.998618 0
    outer loop
      vertex -24 -17.4 9
      vertex -23.8328 -17.4088 26
      vertex -24 -17.4 26
    endloop
  endfacet
  facet normal -0.0525588 -0.998618 -0
    outer loop
      vertex -23.8328 -17.4088 26
      vertex -24 -17.4 9
      vertex -23.8328 -17.4088 9
    endloop
  endfacet
  facet normal 0.0525588 0.998618 -0
    outer loop
      vertex -24 -20.6 9
      vertex -24.1672 -20.5912 26
      vertex -24 -20.6 26
    endloop
  endfacet
  facet normal 0.0525588 0.998618 0
    outer loop
      vertex -24.1672 -20.5912 26
      vertex -24 -20.6 9
      vertex -24.1672 -20.5912 9
    endloop
  endfacet
  facet normal 0.777008 0.62949 0
    outer loop
      vertex -25.189 -20.0706 26
      vertex -25.2944 -19.9405 9
      vertex -25.2944 -19.9405 26
    endloop
  endfacet
  facet normal 0.777008 0.62949 0
    outer loop
      vertex -25.2944 -19.9405 9
      vertex -25.189 -20.0706 26
      vertex -25.189 -20.0706 9
    endloop
  endfacet
  facet normal -0.707107 -0.707107 0
    outer loop
      vertex -22.811 -17.9294 9
      vertex -22.9294 -17.811 26
      vertex -22.9294 -17.811 9
    endloop
  endfacet
  facet normal -0.707107 -0.707107 0
    outer loop
      vertex -22.9294 -17.811 26
      vertex -22.811 -17.9294 9
      vertex -22.811 -17.9294 26
    endloop
  endfacet
  facet normal 0.62949 -0.777008 0
    outer loop
      vertex -25.0706 -17.811 9
      vertex -24.9405 -17.7056 26
      vertex -25.0706 -17.811 26
    endloop
  endfacet
  facet normal 0.62949 -0.777008 0
    outer loop
      vertex -24.9405 -17.7056 26
      vertex -25.0706 -17.811 9
      vertex -24.9405 -17.7056 9
    endloop
  endfacet
  facet normal 0.258666 -0.965967 0
    outer loop
      vertex -24.4944 -17.4783 9
      vertex -24.3327 -17.435 26
      vertex -24.4944 -17.4783 26
    endloop
  endfacet
  facet normal 0.258666 -0.965967 0
    outer loop
      vertex -24.3327 -17.435 26
      vertex -24.4944 -17.4783 9
      vertex -24.3327 -17.435 9
    endloop
  endfacet
  facet normal -0.890816 -0.454364 0
    outer loop
      vertex -22.5383 -18.3492 9
      vertex -22.6144 -18.2 26
      vertex -22.6144 -18.2 9
    endloop
  endfacet
  facet normal -0.890816 -0.454364 0
    outer loop
      vertex -22.6144 -18.2 26
      vertex -22.5383 -18.3492 9
      vertex -22.5383 -18.3492 26
    endloop
  endfacet
  facet normal -0.838784 -0.544464 0
    outer loop
      vertex -22.6144 -18.2 9
      vertex -22.7056 -18.0595 26
      vertex -22.7056 -18.0595 9
    endloop
  endfacet
  facet normal -0.838784 -0.544464 0
    outer loop
      vertex -22.7056 -18.0595 26
      vertex -22.6144 -18.2 9
      vertex -22.6144 -18.2 26
    endloop
  endfacet
  facet normal -0.358179 -0.933653 0
    outer loop
      vertex -23.5056 -17.4783 9
      vertex -23.3492 -17.5383 26
      vertex -23.5056 -17.4783 26
    endloop
  endfacet
  facet normal -0.358179 -0.933653 -0
    outer loop
      vertex -23.3492 -17.5383 26
      vertex -23.5056 -17.4783 9
      vertex -23.3492 -17.5383 9
    endloop
  endfacet
  facet normal -0.258666 -0.965967 0
    outer loop
      vertex -23.6673 -17.435 9
      vertex -23.5056 -17.4783 26
      vertex -23.6673 -17.435 26
    endloop
  endfacet
  facet normal -0.258666 -0.965967 -0
    outer loop
      vertex -23.5056 -17.4783 26
      vertex -23.6673 -17.435 9
      vertex -23.5056 -17.4783 9
    endloop
  endfacet
  facet normal -0.544464 -0.838784 0
    outer loop
      vertex -23.2 -17.6144 9
      vertex -23.0595 -17.7056 26
      vertex -23.2 -17.6144 26
    endloop
  endfacet
  facet normal -0.544464 -0.838784 -0
    outer loop
      vertex -23.0595 -17.7056 26
      vertex -23.2 -17.6144 9
      vertex -23.0595 -17.7056 9
    endloop
  endfacet
  facet normal 0.890816 -0.454364 0
    outer loop
      vertex -25.4617 -18.3492 26
      vertex -25.3856 -18.2 9
      vertex -25.3856 -18.2 26
    endloop
  endfacet
  facet normal 0.890816 -0.454364 0
    outer loop
      vertex -25.3856 -18.2 9
      vertex -25.4617 -18.3492 26
      vertex -25.4617 -18.3492 9
    endloop
  endfacet
  facet normal 0.156361 -0.9877 0
    outer loop
      vertex -24.3327 -17.435 9
      vertex -24.1672 -17.4088 26
      vertex -24.3327 -17.435 26
    endloop
  endfacet
  facet normal 0.156361 -0.9877 0
    outer loop
      vertex -24.1672 -17.4088 26
      vertex -24.3327 -17.435 9
      vertex -24.1672 -17.4088 9
    endloop
  endfacet
  facet normal 0.998618 0.0525588 0
    outer loop
      vertex -25.5912 -19.1672 26
      vertex -25.6 -19 9
      vertex -25.6 -19 26
    endloop
  endfacet
  facet normal 0.998618 0.0525588 0
    outer loop
      vertex -25.6 -19 9
      vertex -25.5912 -19.1672 26
      vertex -25.5912 -19.1672 9
    endloop
  endfacet
  facet normal -0.965967 -0.258666 0
    outer loop
      vertex -22.435 -18.6673 9
      vertex -22.4783 -18.5056 26
      vertex -22.4783 -18.5056 9
    endloop
  endfacet
  facet normal -0.965967 -0.258666 0
    outer loop
      vertex -22.4783 -18.5056 26
      vertex -22.435 -18.6673 9
      vertex -22.435 -18.6673 26
    endloop
  endfacet
  facet normal -0.9877 -0.156361 0
    outer loop
      vertex -22.4088 -18.8328 9
      vertex -22.435 -18.6673 26
      vertex -22.435 -18.6673 9
    endloop
  endfacet
  facet normal -0.9877 -0.156361 0
    outer loop
      vertex -22.435 -18.6673 26
      vertex -22.4088 -18.8328 9
      vertex -22.4088 -18.8328 26
    endloop
  endfacet
  facet normal -0.933653 -0.358179 0
    outer loop
      vertex -22.4783 -18.5056 9
      vertex -22.5383 -18.3492 26
      vertex -22.5383 -18.3492 9
    endloop
  endfacet
  facet normal -0.933653 -0.358179 0
    outer loop
      vertex -22.5383 -18.3492 26
      vertex -22.4783 -18.5056 9
      vertex -22.4783 -18.5056 26
    endloop
  endfacet
  facet normal -0.777008 -0.62949 0
    outer loop
      vertex -22.7056 -18.0595 9
      vertex -22.811 -17.9294 26
      vertex -22.811 -17.9294 9
    endloop
  endfacet
  facet normal -0.777008 -0.62949 0
    outer loop
      vertex -22.811 -17.9294 26
      vertex -22.7056 -18.0595 9
      vertex -22.7056 -18.0595 26
    endloop
  endfacet
  facet normal -0.156361 -0.9877 0
    outer loop
      vertex -23.8328 -17.4088 9
      vertex -23.6673 -17.435 26
      vertex -23.8328 -17.4088 26
    endloop
  endfacet
  facet normal -0.156361 -0.9877 -0
    outer loop
      vertex -23.6673 -17.435 26
      vertex -23.8328 -17.4088 9
      vertex -23.6673 -17.435 9
    endloop
  endfacet
  facet normal -0.454364 -0.890816 0
    outer loop
      vertex -23.3492 -17.5383 9
      vertex -23.2 -17.6144 26
      vertex -23.3492 -17.5383 26
    endloop
  endfacet
  facet normal -0.454364 -0.890816 -0
    outer loop
      vertex -23.2 -17.6144 26
      vertex -23.3492 -17.5383 9
      vertex -23.2 -17.6144 9
    endloop
  endfacet
  facet normal -0.62949 -0.777008 0
    outer loop
      vertex -23.0595 -17.7056 9
      vertex -22.9294 -17.811 26
      vertex -23.0595 -17.7056 26
    endloop
  endfacet
  facet normal -0.62949 -0.777008 -0
    outer loop
      vertex -22.9294 -17.811 26
      vertex -23.0595 -17.7056 9
      vertex -22.9294 -17.811 9
    endloop
  endfacet
  facet normal 0.965967 -0.258666 0
    outer loop
      vertex -25.565 -18.6673 26
      vertex -25.5217 -18.5056 9
      vertex -25.5217 -18.5056 26
    endloop
  endfacet
  facet normal 0.965967 -0.258666 0
    outer loop
      vertex -25.5217 -18.5056 9
      vertex -25.565 -18.6673 26
      vertex -25.565 -18.6673 9
    endloop
  endfacet
  facet normal 0.777008 -0.62949 0
    outer loop
      vertex -25.2944 -18.0595 26
      vertex -25.189 -17.9294 9
      vertex -25.189 -17.9294 26
    endloop
  endfacet
  facet normal 0.777008 -0.62949 0
    outer loop
      vertex -25.189 -17.9294 9
      vertex -25.2944 -18.0595 26
      vertex -25.2944 -18.0595 9
    endloop
  endfacet
  facet normal 0.707107 -0.707107 0
    outer loop
      vertex -25.189 -17.9294 26
      vertex -25.0706 -17.811 9
      vertex -25.0706 -17.811 26
    endloop
  endfacet
  facet normal 0.707107 -0.707107 0
    outer loop
      vertex -25.0706 -17.811 9
      vertex -25.189 -17.9294 26
      vertex -25.189 -17.9294 9
    endloop
  endfacet
  facet normal 0.838784 -0.544464 0
    outer loop
      vertex -25.3856 -18.2 26
      vertex -25.2944 -18.0595 9
      vertex -25.2944 -18.0595 26
    endloop
  endfacet
  facet normal 0.838784 -0.544464 0
    outer loop
      vertex -25.2944 -18.0595 9
      vertex -25.3856 -18.2 26
      vertex -25.3856 -18.2 9
    endloop
  endfacet
  facet normal 0.933653 -0.358179 0
    outer loop
      vertex -25.5217 -18.5056 26
      vertex -25.4617 -18.3492 9
      vertex -25.4617 -18.3492 26
    endloop
  endfacet
  facet normal 0.933653 -0.358179 0
    outer loop
      vertex -25.4617 -18.3492 9
      vertex -25.5217 -18.5056 26
      vertex -25.5217 -18.5056 9
    endloop
  endfacet
  facet normal 0.9877 -0.156361 0
    outer loop
      vertex -25.5912 -18.8328 26
      vertex -25.565 -18.6673 9
      vertex -25.565 -18.6673 26
    endloop
  endfacet
  facet normal 0.9877 -0.156361 0
    outer loop
      vertex -25.565 -18.6673 9
      vertex -25.5912 -18.8328 26
      vertex -25.5912 -18.8328 9
    endloop
  endfacet
  facet normal 0.454364 -0.890816 0
    outer loop
      vertex -24.8 -17.6144 9
      vertex -24.6508 -17.5383 26
      vertex -24.8 -17.6144 26
    endloop
  endfacet
  facet normal 0.454364 -0.890816 0
    outer loop
      vertex -24.6508 -17.5383 26
      vertex -24.8 -17.6144 9
      vertex -24.6508 -17.5383 9
    endloop
  endfacet
  facet normal 0.358179 -0.933653 0
    outer loop
      vertex -24.6508 -17.5383 9
      vertex -24.4944 -17.4783 26
      vertex -24.6508 -17.5383 26
    endloop
  endfacet
  facet normal 0.358179 -0.933653 0
    outer loop
      vertex -24.4944 -17.4783 26
      vertex -24.6508 -17.5383 9
      vertex -24.4944 -17.4783 9
    endloop
  endfacet
  facet normal 0.544464 -0.838784 0
    outer loop
      vertex -24.9405 -17.7056 9
      vertex -24.8 -17.6144 26
      vertex -24.9405 -17.7056 26
    endloop
  endfacet
  facet normal 0.544464 -0.838784 0
    outer loop
      vertex -24.8 -17.6144 26
      vertex -24.9405 -17.7056 9
      vertex -24.8 -17.6144 9
    endloop
  endfacet
  facet normal 0.0525588 -0.998618 0
    outer loop
      vertex -24.1672 -17.4088 9
      vertex -24 -17.4 26
      vertex -24.1672 -17.4088 26
    endloop
  endfacet
  facet normal 0.0525588 -0.998618 0
    outer loop
      vertex -24 -17.4 26
      vertex -24.1672 -17.4088 9
      vertex -24 -17.4 9
    endloop
  endfacet
  facet normal -0.998618 0.0525588 0
    outer loop
      vertex -22.4088 -19.1672 9
      vertex -22.4 -19 26
      vertex -22.4 -19 9
    endloop
  endfacet
  facet normal -0.998618 0.0525588 0
    outer loop
      vertex -22.4 -19 26
      vertex -22.4088 -19.1672 9
      vertex -22.4088 -19.1672 26
    endloop
  endfacet
  facet normal -0.0525588 0.998618 0
    outer loop
      vertex -23.8328 -20.5912 9
      vertex -24 -20.6 26
      vertex -23.8328 -20.5912 26
    endloop
  endfacet
  facet normal -0.0525588 0.998618 0
    outer loop
      vertex -24 -20.6 26
      vertex -23.8328 -20.5912 9
      vertex -24 -20.6 9
    endloop
  endfacet
  facet normal -0.258666 0.965967 0
    outer loop
      vertex -23.5056 -20.5217 9
      vertex -23.6673 -20.565 26
      vertex -23.5056 -20.5217 26
    endloop
  endfacet
  facet normal -0.258666 0.965967 0
    outer loop
      vertex -23.6673 -20.565 26
      vertex -23.5056 -20.5217 9
      vertex -23.6673 -20.565 9
    endloop
  endfacet
  facet normal -0.62949 0.777008 0
    outer loop
      vertex -22.9294 -20.189 9
      vertex -23.0595 -20.2944 26
      vertex -22.9294 -20.189 26
    endloop
  endfacet
  facet normal -0.62949 0.777008 0
    outer loop
      vertex -23.0595 -20.2944 26
      vertex -22.9294 -20.189 9
      vertex -23.0595 -20.2944 9
    endloop
  endfacet
  facet normal -0.454364 0.890816 0
    outer loop
      vertex -23.2 -20.3856 9
      vertex -23.3492 -20.4617 26
      vertex -23.2 -20.3856 26
    endloop
  endfacet
  facet normal -0.454364 0.890816 0
    outer loop
      vertex -23.3492 -20.4617 26
      vertex -23.2 -20.3856 9
      vertex -23.3492 -20.4617 9
    endloop
  endfacet
  facet normal -0.777008 0.62949 0
    outer loop
      vertex -22.811 -20.0706 9
      vertex -22.7056 -19.9405 26
      vertex -22.7056 -19.9405 9
    endloop
  endfacet
  facet normal -0.777008 0.62949 0
    outer loop
      vertex -22.7056 -19.9405 26
      vertex -22.811 -20.0706 9
      vertex -22.811 -20.0706 26
    endloop
  endfacet
  facet normal -0.890816 0.454364 0
    outer loop
      vertex -22.6144 -19.8 9
      vertex -22.5383 -19.6508 26
      vertex -22.5383 -19.6508 9
    endloop
  endfacet
  facet normal -0.890816 0.454364 0
    outer loop
      vertex -22.5383 -19.6508 26
      vertex -22.6144 -19.8 9
      vertex -22.6144 -19.8 26
    endloop
  endfacet
  facet normal 0.707107 0.707107 0
    outer loop
      vertex -25.0706 -20.189 26
      vertex -25.189 -20.0706 9
      vertex -25.189 -20.0706 26
    endloop
  endfacet
  facet normal 0.707107 0.707107 0
    outer loop
      vertex -25.189 -20.0706 9
      vertex -25.0706 -20.189 26
      vertex -25.0706 -20.189 9
    endloop
  endfacet
  facet normal 0.544464 0.838784 -0
    outer loop
      vertex -24.8 -20.3856 9
      vertex -24.9405 -20.2944 26
      vertex -24.8 -20.3856 26
    endloop
  endfacet
  facet normal 0.544464 0.838784 0
    outer loop
      vertex -24.9405 -20.2944 26
      vertex -24.8 -20.3856 9
      vertex -24.9405 -20.2944 9
    endloop
  endfacet
  facet normal 0.358179 0.933653 -0
    outer loop
      vertex -24.4944 -20.5217 9
      vertex -24.6508 -20.4617 26
      vertex -24.4944 -20.5217 26
    endloop
  endfacet
  facet normal 0.358179 0.933653 0
    outer loop
      vertex -24.6508 -20.4617 26
      vertex -24.4944 -20.5217 9
      vertex -24.6508 -20.4617 9
    endloop
  endfacet
  facet normal 0.156361 0.9877 -0
    outer loop
      vertex -24.1672 -20.5912 9
      vertex -24.3327 -20.565 26
      vertex -24.1672 -20.5912 26
    endloop
  endfacet
  facet normal 0.156361 0.9877 0
    outer loop
      vertex -24.3327 -20.565 26
      vertex -24.1672 -20.5912 9
      vertex -24.3327 -20.565 9
    endloop
  endfacet
  facet normal 0.933653 0.358179 0
    outer loop
      vertex -25.4617 -19.6508 26
      vertex -25.5217 -19.4944 9
      vertex -25.5217 -19.4944 26
    endloop
  endfacet
  facet normal 0.933653 0.358179 0
    outer loop
      vertex -25.5217 -19.4944 9
      vertex -25.4617 -19.6508 26
      vertex -25.4617 -19.6508 9
    endloop
  endfacet
  facet normal 0.838784 0.544464 0
    outer loop
      vertex -25.2944 -19.9405 26
      vertex -25.3856 -19.8 9
      vertex -25.3856 -19.8 26
    endloop
  endfacet
  facet normal 0.838784 0.544464 0
    outer loop
      vertex -25.3856 -19.8 9
      vertex -25.2944 -19.9405 26
      vertex -25.2944 -19.9405 9
    endloop
  endfacet
  facet normal 0.965967 0.258666 0
    outer loop
      vertex -25.5217 -19.4944 26
      vertex -25.565 -19.3327 9
      vertex -25.565 -19.3327 26
    endloop
  endfacet
  facet normal 0.965967 0.258666 0
    outer loop
      vertex -25.565 -19.3327 9
      vertex -25.5217 -19.4944 26
      vertex -25.5217 -19.4944 9
    endloop
  endfacet
  facet normal 0 0 1
    outer loop
      vertex -22.4088 -18.8328 9
      vertex -22.4088 -19.1672 9
      vertex -22.4 -19 9
    endloop
  endfacet
  facet normal 0 0 1
    outer loop
      vertex -22.435 -18.6673 9
      vertex -22.4088 -19.1672 9
      vertex -22.4088 -18.8328 9
    endloop
  endfacet
  facet normal 0 0 1
    outer loop
      vertex -22.435 -18.6673 9
      vertex -22.435 -19.3327 9
      vertex -22.4088 -19.1672 9
    endloop
  endfacet
  facet normal 0 0 1
    outer loop
      vertex -22.4783 -18.5056 9
      vertex -22.435 -19.3327 9
      vertex -22.435 -18.6673 9
    endloop
  endfacet
  facet normal 0 0 1
    outer loop
      vertex -22.4783 -18.5056 9
      vertex -22.4783 -19.4944 9
      vertex -22.435 -19.3327 9
    endloop
  endfacet
  facet normal 0 0 1
    outer loop
      vertex -22.5383 -18.3492 9
      vertex -22.4783 -19.4944 9
      vertex -22.4783 -18.5056 9
    endloop
  endfacet
  facet normal 0 0 1
    outer loop
      vertex -22.5383 -18.3492 9
      vertex -22.5383 -19.6508 9
      vertex -22.4783 -19.4944 9
    endloop
  endfacet
  facet normal 0 0 1
    outer loop
      vertex -22.6144 -18.2 9
      vertex -22.5383 -19.6508 9
      vertex -22.5383 -18.3492 9
    endloop
  endfacet
  facet normal 0 0 1
    outer loop
      vertex -22.6144 -18.2 9
      vertex -22.6144 -19.8 9
      vertex -22.5383 -19.6508 9
    endloop
  endfacet
  facet normal 0 0 1
    outer loop
      vertex -22.7056 -18.0595 9
      vertex -22.6144 -19.8 9
      vertex -22.6144 -18.2 9
    endloop
  endfacet
  facet normal 0 0 1
    outer loop
      vertex -22.7056 -18.0595 9
      vertex -22.7056 -19.9405 9
      vertex -22.6144 -19.8 9
    endloop
  endfacet
  facet normal 0 0 1
    outer loop
      vertex -22.811 -17.9294 9
      vertex -22.7056 -19.9405 9
      vertex -22.7056 -18.0595 9
    endloop
  endfacet
  facet normal 0 0 1
    outer loop
      vertex -22.811 -17.9294 9
      vertex -22.811 -20.0706 9
      vertex -22.7056 -19.9405 9
    endloop
  endfacet
  facet normal 0 0 1
    outer loop
      vertex -22.9294 -17.811 9
      vertex -22.811 -20.0706 9
      vertex -22.811 -17.9294 9
    endloop
  endfacet
  facet normal 0 0 1
    outer loop
      vertex -22.9294 -17.811 9
      vertex -22.9294 -20.189 9
      vertex -22.811 -20.0706 9
    endloop
  endfacet
  facet normal 0 0 1
    outer loop
      vertex -23.0595 -17.7056 9
      vertex -22.9294 -20.189 9
      vertex -22.9294 -17.811 9
    endloop
  endfacet
  facet normal 0 0 1
    outer loop
      vertex -23.0595 -17.7056 9
      vertex -23.0595 -20.2944 9
      vertex -22.9294 -20.189 9
    endloop
  endfacet
  facet normal 0 0 1
    outer loop
      vertex -23.2 -17.6144 9
      vertex -23.0595 -20.2944 9
      vertex -23.0595 -17.7056 9
    endloop
  endfacet
  facet normal 0 0 1
    outer loop
      vertex -23.2 -17.6144 9
      vertex -23.2 -20.3856 9
      vertex -23.0595 -20.2944 9
    endloop
  endfacet
  facet normal 0 0 1
    outer loop
      vertex -23.3492 -17.5383 9
      vertex -23.2 -20.3856 9
      vertex -23.2 -17.6144 9
    endloop
  endfacet
  facet normal 0 0 1
    outer loop
      vertex -23.3492 -17.5383 9
      vertex -23.3492 -20.4617 9
      vertex -23.2 -20.3856 9
    endloop
  endfacet
  facet normal 0 0 1
    outer loop
      vertex -23.5056 -17.4783 9
      vertex -23.3492 -20.4617 9
      vertex -23.3492 -17.5383 9
    endloop
  endfacet
  facet normal 0 0 1
    outer loop
      vertex -23.5056 -17.4783 9
      vertex -23.5056 -20.5217 9
      vertex -23.3492 -20.4617 9
    endloop
  endfacet
  facet normal 0 0 1
    outer loop
      vertex -23.6673 -17.435 9
      vertex -23.5056 -20.5217 9
      vertex -23.5056 -17.4783 9
    endloop
  endfacet
  facet normal 0 0 1
    outer loop
      vertex -23.6673 -17.435 9
      vertex -23.6673 -20.565 9
      vertex -23.5056 -20.5217 9
    endloop
  endfacet
  facet normal 0 0 1
    outer loop
      vertex -23.8328 -17.4088 9
      vertex -23.6673 -20.565 9
      vertex -23.6673 -17.435 9
    endloop
  endfacet
  facet normal 0 0 1
    outer loop
      vertex -23.8328 -17.4088 9
      vertex -23.8328 -20.5912 9
      vertex -23.6673 -20.565 9
    endloop
  endfacet
  facet normal 0 0 1
    outer loop
      vertex -24 -17.4 9
      vertex -23.8328 -20.5912 9
      vertex -23.8328 -17.4088 9
    endloop
  endfacet
  facet normal 0 0 1
    outer loop
      vertex -24 -17.4 9
      vertex -24 -20.6 9
      vertex -23.8328 -20.5912 9
    endloop
  endfacet
  facet normal -0 0 1
    outer loop
      vertex -24.1672 -17.4088 9
      vertex -24 -20.6 9
      vertex -24 -17.4 9
    endloop
  endfacet
  facet normal 0 0 1
    outer loop
      vertex -24.1672 -17.4088 9
      vertex -24.1672 -20.5912 9
      vertex -24 -20.6 9
    endloop
  endfacet
  facet normal -0 0 1
    outer loop
      vertex -24.3327 -17.435 9
      vertex -24.1672 -20.5912 9
      vertex -24.1672 -17.4088 9
    endloop
  endfacet
  facet normal 0 0 1
    outer loop
      vertex -24.3327 -17.435 9
      vertex -24.3327 -20.565 9
      vertex -24.1672 -20.5912 9
    endloop
  endfacet
  facet normal -0 0 1
    outer loop
      vertex -24.4944 -17.4783 9
      vertex -24.3327 -20.565 9
      vertex -24.3327 -17.435 9
    endloop
  endfacet
  facet normal 0 0 1
    outer loop
      vertex -24.4944 -17.4783 9
      vertex -24.4944 -20.5217 9
      vertex -24.3327 -20.565 9
    endloop
  endfacet
  facet normal -0 0 1
    outer loop
      vertex -24.6508 -17.5383 9
      vertex -24.4944 -20.5217 9
      vertex -24.4944 -17.4783 9
    endloop
  endfacet
  facet normal 0 0 1
    outer loop
      vertex -24.6508 -17.5383 9
      vertex -24.6508 -20.4617 9
      vertex -24.4944 -20.5217 9
    endloop
  endfacet
  facet normal -0 0 1
    outer loop
      vertex -24.8 -17.6144 9
      vertex -24.6508 -20.4617 9
      vertex -24.6508 -17.5383 9
    endloop
  endfacet
  facet normal 0 0 1
    outer loop
      vertex -24.8 -17.6144 9
      vertex -24.8 -20.3856 9
      vertex -24.6508 -20.4617 9
    endloop
  endfacet
  facet normal -0 0 1
    outer loop
      vertex -24.9405 -17.7056 9
      vertex -24.8 -20.3856 9
      vertex -24.8 -17.6144 9
    endloop
  endfacet
  facet normal 0 0 1
    outer loop
      vertex -24.9405 -17.7056 9
      vertex -24.9405 -20.2944 9
      vertex -24.8 -20.3856 9
    endloop
  endfacet
  facet normal -0 0 1
    outer loop
      vertex -25.0706 -17.811 9
      vertex -24.9405 -20.2944 9
      vertex -24.9405 -17.7056 9
    endloop
  endfacet
  facet normal 0 0 1
    outer loop
      vertex -25.0706 -17.811 9
      vertex -25.0706 -20.189 9
      vertex -24.9405 -20.2944 9
    endloop
  endfacet
  facet normal -0 0 1
    outer loop
      vertex -25.189 -17.9294 9
      vertex -25.0706 -20.189 9
      vertex -25.0706 -17.811 9
    endloop
  endfacet
  facet normal 0 0 1
    outer loop
      vertex -25.189 -17.9294 9
      vertex -25.189 -20.0706 9
      vertex -25.0706 -20.189 9
    endloop
  endfacet
  facet normal -0 0 1
    outer loop
      vertex -25.2944 -18.0595 9
      vertex -25.189 -20.0706 9
      vertex -25.189 -17.9294 9
    endloop
  endfacet
  facet normal 0 0 1
    outer loop
      vertex -25.2944 -18.0595 9
      vertex -25.2944 -19.9405 9
      vertex -25.189 -20.0706 9
    endloop
  endfacet
  facet normal -0 0 1
    outer loop
      vertex -25.3856 -18.2 9
      vertex -25.2944 -19.9405 9
      vertex -25.2944 -18.0595 9
    endloop
  endfacet
  facet normal 0 0 1
    outer loop
      vertex -25.3856 -18.2 9
      vertex -25.3856 -19.8 9
      vertex -25.2944 -19.9405 9
    endloop
  endfacet
  facet normal -0 0 1
    outer loop
      vertex -25.4617 -18.3492 9
      vertex -25.3856 -19.8 9
      vertex -25.3856 -18.2 9
    endloop
  endfacet
  facet normal 0 0 1
    outer loop
      vertex -25.4617 -18.3492 9
      vertex -25.4617 -19.6508 9
      vertex -25.3856 -19.8 9
    endloop
  endfacet
  facet normal -0 0 1
    outer loop
      vertex -25.5217 -18.5056 9
      vertex -25.4617 -19.6508 9
      vertex -25.4617 -18.3492 9
    endloop
  endfacet
  facet normal 0 0 1
    outer loop
      vertex -25.5217 -18.5056 9
      vertex -25.5217 -19.4944 9
      vertex -25.4617 -19.6508 9
    endloop
  endfacet
  facet normal -0 0 1
    outer loop
      vertex -25.565 -18.6673 9
      vertex -25.5217 -19.4944 9
      vertex -25.5217 -18.5056 9
    endloop
  endfacet
  facet normal 0 0 1
    outer loop
      vertex -25.565 -18.6673 9
      vertex -25.565 -19.3327 9
      vertex -25.5217 -19.4944 9
    endloop
  endfacet
  facet normal -0 0 1
    outer loop
      vertex -25.5912 -18.8328 9
      vertex -25.565 -19.3327 9
      vertex -25.565 -18.6673 9
    endloop
  endfacet
  facet normal 0 0 1
    outer loop
      vertex -25.5912 -18.8328 9
      vertex -25.5912 -19.1672 9
      vertex -25.565 -19.3327 9
    endloop
  endfacet
  facet normal 0 -0 1
    outer loop
      vertex -25.5912 -19.1672 9
      vertex -25.5912 -18.8328 9
      vertex -25.6 -19 9
    endloop
  endfacet
  facet normal -0.156361 0.9877 0
    outer loop
      vertex -23.6673 -20.565 9
      vertex -23.8328 -20.5912 26
      vertex -23.6673 -20.565 26
    endloop
  endfacet
  facet normal -0.156361 0.9877 0
    outer loop
      vertex -23.8328 -20.5912 26
      vertex -23.6673 -20.565 9
      vertex -23.8328 -20.5912 9
    endloop
  endfacet
  facet normal -0.358179 0.933653 0
    outer loop
      vertex -23.3492 -20.4617 9
      vertex -23.5056 -20.5217 26
      vertex -23.3492 -20.4617 26
    endloop
  endfacet
  facet normal -0.358179 0.933653 0
    outer loop
      vertex -23.5056 -20.5217 26
      vertex -23.3492 -20.4617 9
      vertex -23.5056 -20.5217 9
    endloop
  endfacet
  facet normal -0.707107 0.707107 0
    outer loop
      vertex -22.9294 -20.189 9
      vertex -22.811 -20.0706 26
      vertex -22.811 -20.0706 9
    endloop
  endfacet
  facet normal -0.707107 0.707107 0
    outer loop
      vertex -22.811 -20.0706 26
      vertex -22.9294 -20.189 9
      vertex -22.9294 -20.189 26
    endloop
  endfacet
  facet normal -0.544464 0.838784 0
    outer loop
      vertex -23.0595 -20.2944 9
      vertex -23.2 -20.3856 26
      vertex -23.0595 -20.2944 26
    endloop
  endfacet
  facet normal -0.544464 0.838784 0
    outer loop
      vertex -23.2 -20.3856 26
      vertex -23.0595 -20.2944 9
      vertex -23.2 -20.3856 9
    endloop
  endfacet
  facet normal -0.838784 0.544464 0
    outer loop
      vertex -22.7056 -19.9405 9
      vertex -22.6144 -19.8 26
      vertex -22.6144 -19.8 9
    endloop
  endfacet
  facet normal -0.838784 0.544464 0
    outer loop
      vertex -22.6144 -19.8 26
      vertex -22.7056 -19.9405 9
      vertex -22.7056 -19.9405 26
    endloop
  endfacet
  facet normal -0.933653 0.358179 0
    outer loop
      vertex -22.5383 -19.6508 9
      vertex -22.4783 -19.4944 26
      vertex -22.4783 -19.4944 9
    endloop
  endfacet
  facet normal -0.933653 0.358179 0
    outer loop
      vertex -22.4783 -19.4944 26
      vertex -22.5383 -19.6508 9
      vertex -22.5383 -19.6508 26
    endloop
  endfacet
  facet normal -0.9877 0.156361 0
    outer loop
      vertex -22.435 -19.3327 9
      vertex -22.4088 -19.1672 26
      vertex -22.4088 -19.1672 9
    endloop
  endfacet
  facet normal -0.9877 0.156361 0
    outer loop
      vertex -22.4088 -19.1672 26
      vertex -22.435 -19.3327 9
      vertex -22.435 -19.3327 26
    endloop
  endfacet
  facet normal -0.965967 0.258666 0
    outer loop
      vertex -22.4783 -19.4944 9
      vertex -22.435 -19.3327 26
      vertex -22.435 -19.3327 9
    endloop
  endfacet
  facet normal -0.965967 0.258666 0
    outer loop
      vertex -22.435 -19.3327 26
      vertex -22.4783 -19.4944 9
      vertex -22.4783 -19.4944 26
    endloop
  endfacet
  facet normal 0.62949 0.777008 -0
    outer loop
      vertex -24.9405 -20.2944 9
      vertex -25.0706 -20.189 26
      vertex -24.9405 -20.2944 26
    endloop
  endfacet
  facet normal 0.62949 0.777008 0
    outer loop
      vertex -25.0706 -20.189 26
      vertex -24.9405 -20.2944 9
      vertex -25.0706 -20.189 9
    endloop
  endfacet
  facet normal 0.454364 0.890816 -0
    outer loop
      vertex -24.6508 -20.4617 9
      vertex -24.8 -20.3856 26
      vertex -24.6508 -20.4617 26
    endloop
  endfacet
  facet normal 0.454364 0.890816 0
    outer loop
      vertex -24.8 -20.3856 26
      vertex -24.6508 -20.4617 9
      vertex -24.8 -20.3856 9
    endloop
  endfacet
  facet normal 0.258666 0.965967 -0
    outer loop
      vertex -24.3327 -20.565 9
      vertex -24.4944 -20.5217 26
      vertex -24.3327 -20.565 26
    endloop
  endfacet
  facet normal 0.258666 0.965967 0
    outer loop
      vertex -24.4944 -20.5217 26
      vertex -24.3327 -20.565 9
      vertex -24.4944 -20.5217 9
    endloop
  endfacet
  facet normal 0.890816 0.454364 0
    outer loop
      vertex -25.3856 -19.8 26
      vertex -25.4617 -19.6508 9
      vertex -25.4617 -19.6508 26
    endloop
  endfacet
  facet normal 0.890816 0.454364 0
    outer loop
      vertex -25.4617 -19.6508 9
      vertex -25.3856 -19.8 26
      vertex -25.3856 -19.8 9
    endloop
  endfacet
  facet normal 0.9877 0.156361 0
    outer loop
      vertex -25.565 -19.3327 26
      vertex -25.5912 -19.1672 9
      vertex -25.5912 -19.1672 26
    endloop
  endfacet
  facet normal 0.9877 0.156361 0
    outer loop
      vertex -25.5912 -19.1672 9
      vertex -25.565 -19.3327 26
      vertex -25.565 -19.3327 9
    endloop
  endfacet
  facet normal 0.998631 0.0523081 0
    outer loop
      vertex -20 19 26
      vertex -20.0219 19.4181 4
      vertex -20.0219 19.4181 26
    endloop
  endfacet
  facet normal 0.998631 0.0523081 0
    outer loop
      vertex -20.0219 19.4181 4
      vertex -20 19 26
      vertex -20 19 4
    endloop
  endfacet
  facet normal -0.998631 0.0523081 0
    outer loop
      vertex -28 19 4
      vertex -27.9781 19.4181 26
      vertex -27.9781 19.4181 4
    endloop
  endfacet
  facet normal -0.998631 0.0523081 0
    outer loop
      vertex -27.9781 19.4181 26
      vertex -28 19 4
      vertex -28 19 26
    endloop
  endfacet
  facet normal 0.0523081 0.998631 -0
    outer loop
      vertex -23.5819 22.9781 4
      vertex -24 23 26
      vertex -23.5819 22.9781 26
    endloop
  endfacet
  facet normal 0.0523081 0.998631 0
    outer loop
      vertex -24 23 26
      vertex -23.5819 22.9781 4
      vertex -24 23 4
    endloop
  endfacet
  facet normal -0.0523081 -0.998631 0
    outer loop
      vertex -24.4181 15.0219 4
      vertex -24 15 26
      vertex -24.4181 15.0219 26
    endloop
  endfacet
  facet normal -0.0523081 -0.998631 -0
    outer loop
      vertex -24 15 26
      vertex -24.4181 15.0219 4
      vertex -24 15 4
    endloop
  endfacet
  facet normal 0.707107 0.707107 0
    outer loop
      vertex -21.0274 21.6765 26
      vertex -21.3235 21.9726 4
      vertex -21.3235 21.9726 26
    endloop
  endfacet
  facet normal 0.707107 0.707107 0
    outer loop
      vertex -21.3235 21.9726 4
      vertex -21.0274 21.6765 26
      vertex -21.0274 21.6765 4
    endloop
  endfacet
  facet normal -0.629315 0.77715 0
    outer loop
      vertex -26.3511 22.2361 4
      vertex -26.6765 21.9726 26
      vertex -26.3511 22.2361 26
    endloop
  endfacet
  facet normal -0.629315 0.77715 0
    outer loop
      vertex -26.6765 21.9726 26
      vertex -26.3511 22.2361 4
      vertex -26.6765 21.9726 4
    endloop
  endfacet
  facet normal -0.258851 0.965917 0
    outer loop
      vertex -24.8316 22.9126 4
      vertex -25.2361 22.8042 26
      vertex -24.8316 22.9126 26
    endloop
  endfacet
  facet normal -0.258851 0.965917 0
    outer loop
      vertex -25.2361 22.8042 26
      vertex -24.8316 22.9126 4
      vertex -25.2361 22.8042 4
    endloop
  endfacet
  facet normal 0.933592 0.358339 0
    outer loop
      vertex -20.1958 20.2361 26
      vertex -20.3458 20.6269 4
      vertex -20.3458 20.6269 26
    endloop
  endfacet
  facet normal 0.933592 0.358339 0
    outer loop
      vertex -20.3458 20.6269 4
      vertex -20.1958 20.2361 26
      vertex -20.1958 20.2361 4
    endloop
  endfacet
  facet normal 0.358339 0.933592 -0
    outer loop
      vertex -22.3731 22.6542 4
      vertex -22.7639 22.8042 26
      vertex -22.3731 22.6542 26
    endloop
  endfacet
  facet normal 0.358339 0.933592 0
    outer loop
      vertex -22.7639 22.8042 26
      vertex -22.3731 22.6542 4
      vertex -22.7639 22.8042 4
    endloop
  endfacet
  facet normal 0.544627 0.838678 -0
    outer loop
      vertex -21.6489 22.2361 4
      vertex -22 22.4641 26
      vertex -21.6489 22.2361 26
    endloop
  endfacet
  facet normal 0.544627 0.838678 0
    outer loop
      vertex -22 22.4641 26
      vertex -21.6489 22.2361 4
      vertex -22 22.4641 4
    endloop
  endfacet
  facet normal -0.89101 0.453983 0
    outer loop
      vertex -27.6542 20.6269 4
      vertex -27.4641 21 26
      vertex -27.4641 21 4
    endloop
  endfacet
  facet normal -0.89101 0.453983 0
    outer loop
      vertex -27.4641 21 26
      vertex -27.6542 20.6269 4
      vertex -27.6542 20.6269 26
    endloop
  endfacet
  facet normal -0.0523081 0.998631 0
    outer loop
      vertex -24 23 4
      vertex -24.4181 22.9781 26
      vertex -24 23 26
    endloop
  endfacet
  facet normal -0.0523081 0.998631 0
    outer loop
      vertex -24.4181 22.9781 26
      vertex -24 23 4
      vertex -24.4181 22.9781 4
    endloop
  endfacet
  facet normal 0.933592 -0.358339 0
    outer loop
      vertex -20.3458 17.3731 26
      vertex -20.1958 17.7639 4
      vertex -20.1958 17.7639 26
    endloop
  endfacet
  facet normal 0.933592 -0.358339 0
    outer loop
      vertex -20.1958 17.7639 4
      vertex -20.3458 17.3731 26
      vertex -20.3458 17.3731 4
    endloop
  endfacet
  facet normal -0.998631 -0.0523081 0
    outer loop
      vertex -27.9781 18.5819 4
      vertex -28 19 26
      vertex -28 19 4
    endloop
  endfacet
  facet normal -0.998631 -0.0523081 0
    outer loop
      vertex -28 19 26
      vertex -27.9781 18.5819 4
      vertex -27.9781 18.5819 26
    endloop
  endfacet
  facet normal 0.965917 0.258851 0
    outer loop
      vertex -20.0874 19.8316 26
      vertex -20.1958 20.2361 4
      vertex -20.1958 20.2361 26
    endloop
  endfacet
  facet normal 0.965917 0.258851 0
    outer loop
      vertex -20.1958 20.2361 4
      vertex -20.0874 19.8316 26
      vertex -20.0874 19.8316 4
    endloop
  endfacet
  facet normal 0.987685 0.156453 0
    outer loop
      vertex -20.0219 19.4181 26
      vertex -20.0874 19.8316 4
      vertex -20.0874 19.8316 26
    endloop
  endfacet
  facet normal 0.987685 0.156453 0
    outer loop
      vertex -20.0874 19.8316 4
      vertex -20.0219 19.4181 26
      vertex -20.0219 19.4181 4
    endloop
  endfacet
  facet normal 0.838678 0.544627 0
    outer loop
      vertex -20.5359 21 26
      vertex -20.7639 21.3511 4
      vertex -20.7639 21.3511 26
    endloop
  endfacet
  facet normal 0.838678 0.544627 0
    outer loop
      vertex -20.7639 21.3511 4
      vertex -20.5359 21 26
      vertex -20.5359 21 4
    endloop
  endfacet
  facet normal 0.77715 0.629315 0
    outer loop
      vertex -20.7639 21.3511 26
      vertex -21.0274 21.6765 4
      vertex -21.0274 21.6765 26
    endloop
  endfacet
  facet normal 0.77715 0.629315 0
    outer loop
      vertex -21.0274 21.6765 4
      vertex -20.7639 21.3511 26
      vertex -20.7639 21.3511 4
    endloop
  endfacet
  facet normal 0.89101 0.453983 0
    outer loop
      vertex -20.3458 20.6269 26
      vertex -20.5359 21 4
      vertex -20.5359 21 26
    endloop
  endfacet
  facet normal 0.89101 0.453983 0
    outer loop
      vertex -20.5359 21 4
      vertex -20.3458 20.6269 26
      vertex -20.3458 20.6269 4
    endloop
  endfacet
  facet normal 0.258851 0.965917 -0
    outer loop
      vertex -22.7639 22.8042 4
      vertex -23.1684 22.9126 26
      vertex -22.7639 22.8042 26
    endloop
  endfacet
  facet normal 0.258851 0.965917 0
    outer loop
      vertex -23.1684 22.9126 26
      vertex -22.7639 22.8042 4
      vertex -23.1684 22.9126 4
    endloop
  endfacet
  facet normal 0.156453 0.987685 -0
    outer loop
      vertex -23.1684 22.9126 4
      vertex -23.5819 22.9781 26
      vertex -23.1684 22.9126 26
    endloop
  endfacet
  facet normal 0.156453 0.987685 0
    outer loop
      vertex -23.5819 22.9781 26
      vertex -23.1684 22.9126 4
      vertex -23.5819 22.9781 4
    endloop
  endfacet
  facet normal 0.453983 0.89101 -0
    outer loop
      vertex -22 22.4641 4
      vertex -22.3731 22.6542 26
      vertex -22 22.4641 26
    endloop
  endfacet
  facet normal 0.453983 0.89101 0
    outer loop
      vertex -22.3731 22.6542 26
      vertex -22 22.4641 4
      vertex -22.3731 22.6542 4
    endloop
  endfacet
  facet normal 0.629315 0.77715 -0
    outer loop
      vertex -21.3235 21.9726 4
      vertex -21.6489 22.2361 26
      vertex -21.3235 21.9726 26
    endloop
  endfacet
  facet normal 0.629315 0.77715 0
    outer loop
      vertex -21.6489 22.2361 26
      vertex -21.3235 21.9726 4
      vertex -21.6489 22.2361 4
    endloop
  endfacet
  facet normal -0.965917 0.258851 0
    outer loop
      vertex -27.9126 19.8316 4
      vertex -27.8042 20.2361 26
      vertex -27.8042 20.2361 4
    endloop
  endfacet
  facet normal -0.965917 0.258851 0
    outer loop
      vertex -27.8042 20.2361 26
      vertex -27.9126 19.8316 4
      vertex -27.9126 19.8316 26
    endloop
  endfacet
  facet normal -0.77715 0.629315 0
    outer loop
      vertex -27.2361 21.3511 4
      vertex -26.9726 21.6765 26
      vertex -26.9726 21.6765 4
    endloop
  endfacet
  facet normal -0.77715 0.629315 0
    outer loop
      vertex -26.9726 21.6765 26
      vertex -27.2361 21.3511 4
      vertex -27.2361 21.3511 26
    endloop
  endfacet
  facet normal -0.707107 0.707107 0
    outer loop
      vertex -26.9726 21.6765 4
      vertex -26.6765 21.9726 26
      vertex -26.6765 21.9726 4
    endloop
  endfacet
  facet normal -0.707107 0.707107 0
    outer loop
      vertex -26.6765 21.9726 26
      vertex -26.9726 21.6765 4
      vertex -26.9726 21.6765 26
    endloop
  endfacet
  facet normal -0.838678 0.544627 0
    outer loop
      vertex -27.4641 21 4
      vertex -27.2361 21.3511 26
      vertex -27.2361 21.3511 4
    endloop
  endfacet
  facet normal -0.838678 0.544627 0
    outer loop
      vertex -27.2361 21.3511 26
      vertex -27.4641 21 4
      vertex -27.4641 21 26
    endloop
  endfacet
  facet normal -0.933592 0.358339 0
    outer loop
      vertex -27.8042 20.2361 4
      vertex -27.6542 20.6269 26
      vertex -27.6542 20.6269 4
    endloop
  endfacet
  facet normal -0.933592 0.358339 0
    outer loop
      vertex -27.6542 20.6269 26
      vertex -27.8042 20.2361 4
      vertex -27.8042 20.2361 26
    endloop
  endfacet
  facet normal -0.987685 0.156453 0
    outer loop
      vertex -27.9781 19.4181 4
      vertex -27.9126 19.8316 26
      vertex -27.9126 19.8316 4
    endloop
  endfacet
  facet normal -0.987685 0.156453 0
    outer loop
      vertex -27.9126 19.8316 26
      vertex -27.9781 19.4181 4
      vertex -27.9781 19.4181 26
    endloop
  endfacet
  facet normal 0 0 1
    outer loop
      vertex -22.4 19 26
      vertex -20 19 26
      vertex -20.0219 19.4181 26
    endloop
  endfacet
  facet normal 0 0 1
    outer loop
      vertex -22.4088 19.1672 26
      vertex -20.0219 19.4181 26
      vertex -20.0874 19.8316 26
    endloop
  endfacet
  facet normal 0 0 1
    outer loop
      vertex -20 19 26
      vertex -22.4 19 26
      vertex -20.0219 18.5819 26
    endloop
  endfacet
  facet normal 0 0 1
    outer loop
      vertex -22.435 19.3327 26
      vertex -20.0874 19.8316 26
      vertex -20.1958 20.2361 26
    endloop
  endfacet
  facet normal -0 0 1
    outer loop
      vertex -22.4088 18.8328 26
      vertex -20.0219 18.5819 26
      vertex -22.4 19 26
    endloop
  endfacet
  facet normal 0 0 1
    outer loop
      vertex -22.4783 19.4944 26
      vertex -20.1958 20.2361 26
      vertex -20.3458 20.6269 26
    endloop
  endfacet
  facet normal 0 0 1
    outer loop
      vertex -20.0219 18.5819 26
      vertex -22.4088 18.8328 26
      vertex -20.0874 18.1684 26
    endloop
  endfacet
  facet normal 0 0 1
    outer loop
      vertex -22.5383 19.6508 26
      vertex -20.3458 20.6269 26
      vertex -20.5359 21 26
    endloop
  endfacet
  facet normal -0 0 1
    outer loop
      vertex -22.435 18.6673 26
      vertex -20.0874 18.1684 26
      vertex -22.4088 18.8328 26
    endloop
  endfacet
  facet normal 0 0 1
    outer loop
      vertex -22.6144 19.8 26
      vertex -20.5359 21 26
      vertex -20.7639 21.3511 26
    endloop
  endfacet
  facet normal 0 0 1
    outer loop
      vertex -20.0874 18.1684 26
      vertex -22.435 18.6673 26
      vertex -20.1958 17.7639 26
    endloop
  endfacet
  facet normal 0 0 1
    outer loop
      vertex -22.7056 19.9405 26
      vertex -20.7639 21.3511 26
      vertex -21.0274 21.6765 26
    endloop
  endfacet
  facet normal -0 0 1
    outer loop
      vertex -22.4783 18.5056 26
      vertex -20.1958 17.7639 26
      vertex -22.435 18.6673 26
    endloop
  endfacet
  facet normal 0 0 1
    outer loop
      vertex -22.811 20.0706 26
      vertex -21.0274 21.6765 26
      vertex -21.3235 21.9726 26
    endloop
  endfacet
  facet normal 0 0 1
    outer loop
      vertex -20.1958 17.7639 26
      vertex -22.4783 18.5056 26
      vertex -20.3458 17.3731 26
    endloop
  endfacet
  facet normal 0 0 1
    outer loop
      vertex -22.9294 20.189 26
      vertex -21.3235 21.9726 26
      vertex -21.6489 22.2361 26
    endloop
  endfacet
  facet normal -0 0 1
    outer loop
      vertex -22.5383 18.3492 26
      vertex -20.3458 17.3731 26
      vertex -22.4783 18.5056 26
    endloop
  endfacet
  facet normal 0 0 1
    outer loop
      vertex -23.0595 20.2944 26
      vertex -21.6489 22.2361 26
      vertex -22 22.4641 26
    endloop
  endfacet
  facet normal 0 0 1
    outer loop
      vertex -20.3458 17.3731 26
      vertex -22.5383 18.3492 26
      vertex -20.5359 17 26
    endloop
  endfacet
  facet normal 0 0 1
    outer loop
      vertex -23.2 20.3856 26
      vertex -22 22.4641 26
      vertex -22.3731 22.6542 26
    endloop
  endfacet
  facet normal -0 0 1
    outer loop
      vertex -22.6144 18.2 26
      vertex -20.5359 17 26
      vertex -22.5383 18.3492 26
    endloop
  endfacet
  facet normal 0 0 1
    outer loop
      vertex -20.5359 17 26
      vertex -22.6144 18.2 26
      vertex -20.7639 16.6489 26
    endloop
  endfacet
  facet normal 0 0 1
    outer loop
      vertex -20.0219 19.4181 26
      vertex -22.4088 19.1672 26
      vertex -22.4 19 26
    endloop
  endfacet
  facet normal 0 0 1
    outer loop
      vertex -20.0874 19.8316 26
      vertex -22.435 19.3327 26
      vertex -22.4088 19.1672 26
    endloop
  endfacet
  facet normal 0 0 1
    outer loop
      vertex -20.1958 20.2361 26
      vertex -22.4783 19.4944 26
      vertex -22.435 19.3327 26
    endloop
  endfacet
  facet normal 0 0 1
    outer loop
      vertex -20.3458 20.6269 26
      vertex -22.5383 19.6508 26
      vertex -22.4783 19.4944 26
    endloop
  endfacet
  facet normal 0 0 1
    outer loop
      vertex -20.5359 21 26
      vertex -22.6144 19.8 26
      vertex -22.5383 19.6508 26
    endloop
  endfacet
  facet normal 0 0 1
    outer loop
      vertex -20.7639 21.3511 26
      vertex -22.7056 19.9405 26
      vertex -22.6144 19.8 26
    endloop
  endfacet
  facet normal 0 0 1
    outer loop
      vertex -23.3492 20.4617 26
      vertex -22.3731 22.6542 26
      vertex -22.7639 22.8042 26
    endloop
  endfacet
  facet normal 0 0 1
    outer loop
      vertex -21.0274 21.6765 26
      vertex -22.811 20.0706 26
      vertex -22.7056 19.9405 26
    endloop
  endfacet
  facet normal 0 0 1
    outer loop
      vertex -21.3235 21.9726 26
      vertex -22.9294 20.189 26
      vertex -22.811 20.0706 26
    endloop
  endfacet
  facet normal 0 0 1
    outer loop
      vertex -21.6489 22.2361 26
      vertex -23.0595 20.2944 26
      vertex -22.9294 20.189 26
    endloop
  endfacet
  facet normal 0 0 1
    outer loop
      vertex -23.5056 20.5217 26
      vertex -22.7639 22.8042 26
      vertex -23.1684 22.9126 26
    endloop
  endfacet
  facet normal 0 0 1
    outer loop
      vertex -22 22.4641 26
      vertex -23.2 20.3856 26
      vertex -23.0595 20.2944 26
    endloop
  endfacet
  facet normal 0 0 1
    outer loop
      vertex -22.3731 22.6542 26
      vertex -23.3492 20.4617 26
      vertex -23.2 20.3856 26
    endloop
  endfacet
  facet normal 0 0 1
    outer loop
      vertex -22.7639 22.8042 26
      vertex -23.5056 20.5217 26
      vertex -23.3492 20.4617 26
    endloop
  endfacet
  facet normal 0 0 1
    outer loop
      vertex -23.6673 20.565 26
      vertex -23.1684 22.9126 26
      vertex -23.5819 22.9781 26
    endloop
  endfacet
  facet normal 0 0 1
    outer loop
      vertex -23.1684 22.9126 26
      vertex -23.6673 20.565 26
      vertex -23.5056 20.5217 26
    endloop
  endfacet
  facet normal 0 0 1
    outer loop
      vertex -23.5819 22.9781 26
      vertex -23.8328 20.5912 26
      vertex -23.6673 20.565 26
    endloop
  endfacet
  facet normal 0 0 1
    outer loop
      vertex -24 23 26
      vertex -23.8328 20.5912 26
      vertex -23.5819 22.9781 26
    endloop
  endfacet
  facet normal 0 0 1
    outer loop
      vertex -24 23 26
      vertex -24 20.6 26
      vertex -23.8328 20.5912 26
    endloop
  endfacet
  facet normal 0 0 1
    outer loop
      vertex -24 23 26
      vertex -24.1672 20.5912 26
      vertex -24 20.6 26
    endloop
  endfacet
  facet normal -0 0 1
    outer loop
      vertex -24.4181 22.9781 26
      vertex -24.1672 20.5912 26
      vertex -24 23 26
    endloop
  endfacet
  facet normal 0 0 1
    outer loop
      vertex -24.1672 20.5912 26
      vertex -24.4181 22.9781 26
      vertex -24.3327 20.565 26
    endloop
  endfacet
  facet normal -0 0 1
    outer loop
      vertex -24.8316 22.9126 26
      vertex -24.3327 20.565 26
      vertex -24.4181 22.9781 26
    endloop
  endfacet
  facet normal 0 0 1
    outer loop
      vertex -24.3327 20.565 26
      vertex -24.8316 22.9126 26
      vertex -24.4944 20.5217 26
    endloop
  endfacet
  facet normal -0 0 1
    outer loop
      vertex -25.2361 22.8042 26
      vertex -24.4944 20.5217 26
      vertex -24.8316 22.9126 26
    endloop
  endfacet
  facet normal 0 0 1
    outer loop
      vertex -24.4944 20.5217 26
      vertex -25.2361 22.8042 26
      vertex -24.6508 20.4617 26
    endloop
  endfacet
  facet normal -0 0 1
    outer loop
      vertex -25.6269 22.6542 26
      vertex -24.6508 20.4617 26
      vertex -25.2361 22.8042 26
    endloop
  endfacet
  facet normal 0 0 1
    outer loop
      vertex -24.6508 20.4617 26
      vertex -25.6269 22.6542 26
      vertex -24.8 20.3856 26
    endloop
  endfacet
  facet normal -0 0 1
    outer loop
      vertex -26 22.4641 26
      vertex -24.8 20.3856 26
      vertex -25.6269 22.6542 26
    endloop
  endfacet
  facet normal 0 0 1
    outer loop
      vertex -24.8 20.3856 26
      vertex -26 22.4641 26
      vertex -24.9405 20.2944 26
    endloop
  endfacet
  facet normal -0 0 1
    outer loop
      vertex -26.3511 22.2361 26
      vertex -24.9405 20.2944 26
      vertex -26 22.4641 26
    endloop
  endfacet
  facet normal 0 0 1
    outer loop
      vertex -24.9405 20.2944 26
      vertex -26.3511 22.2361 26
      vertex -25.0706 20.189 26
    endloop
  endfacet
  facet normal -0 0 1
    outer loop
      vertex -26.6765 21.9726 26
      vertex -25.0706 20.189 26
      vertex -26.3511 22.2361 26
    endloop
  endfacet
  facet normal 0 0 1
    outer loop
      vertex -25.0706 20.189 26
      vertex -26.6765 21.9726 26
      vertex -25.189 20.0706 26
    endloop
  endfacet
  facet normal -0 0 1
    outer loop
      vertex -26.9726 21.6765 26
      vertex -25.189 20.0706 26
      vertex -26.6765 21.9726 26
    endloop
  endfacet
  facet normal 0 0 1
    outer loop
      vertex -25.189 20.0706 26
      vertex -26.9726 21.6765 26
      vertex -25.2944 19.9405 26
    endloop
  endfacet
  facet normal 0 0 1
    outer loop
      vertex -25.2944 19.9405 26
      vertex -27.2361 21.3511 26
      vertex -25.3856 19.8 26
    endloop
  endfacet
  facet normal -0 0 1
    outer loop
      vertex -27.2361 21.3511 26
      vertex -25.2944 19.9405 26
      vertex -26.9726 21.6765 26
    endloop
  endfacet
  facet normal -0 0 1
    outer loop
      vertex -22.7056 18.0595 26
      vertex -20.7639 16.6489 26
      vertex -22.6144 18.2 26
    endloop
  endfacet
  facet normal 0 0 1
    outer loop
      vertex -20.7639 16.6489 26
      vertex -22.7056 18.0595 26
      vertex -21.0274 16.3235 26
    endloop
  endfacet
  facet normal -0 0 1
    outer loop
      vertex -22.811 17.9294 26
      vertex -21.0274 16.3235 26
      vertex -22.7056 18.0595 26
    endloop
  endfacet
  facet normal 0 0 1
    outer loop
      vertex -21.0274 16.3235 26
      vertex -22.811 17.9294 26
      vertex -21.3235 16.0274 26
    endloop
  endfacet
  facet normal -0 0 1
    outer loop
      vertex -22.9294 17.811 26
      vertex -21.3235 16.0274 26
      vertex -22.811 17.9294 26
    endloop
  endfacet
  facet normal 0 0 1
    outer loop
      vertex -21.3235 16.0274 26
      vertex -22.9294 17.811 26
      vertex -21.6489 15.7639 26
    endloop
  endfacet
  facet normal -0 0 1
    outer loop
      vertex -23.0595 17.7056 26
      vertex -21.6489 15.7639 26
      vertex -22.9294 17.811 26
    endloop
  endfacet
  facet normal 0 0 1
    outer loop
      vertex -21.6489 15.7639 26
      vertex -23.0595 17.7056 26
      vertex -22 15.5359 26
    endloop
  endfacet
  facet normal -0 0 1
    outer loop
      vertex -23.2 17.6144 26
      vertex -22 15.5359 26
      vertex -23.0595 17.7056 26
    endloop
  endfacet
  facet normal 0 0 1
    outer loop
      vertex -22 15.5359 26
      vertex -23.2 17.6144 26
      vertex -22.3731 15.3458 26
    endloop
  endfacet
  facet normal -0 0 1
    outer loop
      vertex -23.3492 17.5383 26
      vertex -22.3731 15.3458 26
      vertex -23.2 17.6144 26
    endloop
  endfacet
  facet normal 0 0 1
    outer loop
      vertex -22.3731 15.3458 26
      vertex -23.3492 17.5383 26
      vertex -22.7639 15.1958 26
    endloop
  endfacet
  facet normal -0 0 1
    outer loop
      vertex -23.5056 17.4783 26
      vertex -22.7639 15.1958 26
      vertex -23.3492 17.5383 26
    endloop
  endfacet
  facet normal 0 0 1
    outer loop
      vertex -22.7639 15.1958 26
      vertex -23.5056 17.4783 26
      vertex -23.1684 15.0874 26
    endloop
  endfacet
  facet normal -0 0 1
    outer loop
      vertex -23.6673 17.435 26
      vertex -23.1684 15.0874 26
      vertex -23.5056 17.4783 26
    endloop
  endfacet
  facet normal 0 0 1
    outer loop
      vertex -23.1684 15.0874 26
      vertex -23.6673 17.435 26
      vertex -23.5819 15.0219 26
    endloop
  endfacet
  facet normal -0 0 1
    outer loop
      vertex -23.8328 17.4088 26
      vertex -23.5819 15.0219 26
      vertex -23.6673 17.435 26
    endloop
  endfacet
  facet normal -0 0 1
    outer loop
      vertex -24 17.4 26
      vertex -23.5819 15.0219 26
      vertex -23.8328 17.4088 26
    endloop
  endfacet
  facet normal 0 0 1
    outer loop
      vertex -24 17.4 26
      vertex -24 15 26
      vertex -23.5819 15.0219 26
    endloop
  endfacet
  facet normal 0 0 1
    outer loop
      vertex -24.1672 17.4088 26
      vertex -24 15 26
      vertex -24 17.4 26
    endloop
  endfacet
  facet normal 0 0 1
    outer loop
      vertex -24.4181 15.0219 26
      vertex -24.1672 17.4088 26
      vertex -24.3327 17.435 26
    endloop
  endfacet
  facet normal 0 0 1
    outer loop
      vertex -24.1672 17.4088 26
      vertex -24.4181 15.0219 26
      vertex -24 15 26
    endloop
  endfacet
  facet normal 0 0 1
    outer loop
      vertex -24.8316 15.0874 26
      vertex -24.3327 17.435 26
      vertex -24.4944 17.4783 26
    endloop
  endfacet
  facet normal 0 0 1
    outer loop
      vertex -25.2361 15.1958 26
      vertex -24.4944 17.4783 26
      vertex -24.6508 17.5383 26
    endloop
  endfacet
  facet normal 0 0 1
    outer loop
      vertex -25.6269 15.3458 26
      vertex -24.6508 17.5383 26
      vertex -24.8 17.6144 26
    endloop
  endfacet
  facet normal 0 0 1
    outer loop
      vertex -24.3327 17.435 26
      vertex -24.8316 15.0874 26
      vertex -24.4181 15.0219 26
    endloop
  endfacet
  facet normal 0 0 1
    outer loop
      vertex -26 15.5359 26
      vertex -24.8 17.6144 26
      vertex -24.9405 17.7056 26
    endloop
  endfacet
  facet normal 0 0 1
    outer loop
      vertex -26.3511 15.7639 26
      vertex -24.9405 17.7056 26
      vertex -25.0706 17.811 26
    endloop
  endfacet
  facet normal 0 0 1
    outer loop
      vertex -26.6765 16.0274 26
      vertex -25.0706 17.811 26
      vertex -25.189 17.9294 26
    endloop
  endfacet
  facet normal 0 0 1
    outer loop
      vertex -24.4944 17.4783 26
      vertex -25.2361 15.1958 26
      vertex -24.8316 15.0874 26
    endloop
  endfacet
  facet normal 0 0 1
    outer loop
      vertex -26.9726 16.3235 26
      vertex -25.189 17.9294 26
      vertex -25.2944 18.0595 26
    endloop
  endfacet
  facet normal 0 0 1
    outer loop
      vertex -27.2361 16.6489 26
      vertex -25.2944 18.0595 26
      vertex -25.3856 18.2 26
    endloop
  endfacet
  facet normal 0 0 1
    outer loop
      vertex -27.4641 17 26
      vertex -25.3856 18.2 26
      vertex -25.4617 18.3492 26
    endloop
  endfacet
  facet normal 0 0 1
    outer loop
      vertex -27.6542 17.3731 26
      vertex -25.4617 18.3492 26
      vertex -25.5217 18.5056 26
    endloop
  endfacet
  facet normal 0 0 1
    outer loop
      vertex -27.8042 17.7639 26
      vertex -25.5217 18.5056 26
      vertex -25.565 18.6673 26
    endloop
  endfacet
  facet normal 0 0 1
    outer loop
      vertex -27.9126 18.1684 26
      vertex -25.565 18.6673 26
      vertex -25.5912 18.8328 26
    endloop
  endfacet
  facet normal 0 0 1
    outer loop
      vertex -24.6508 17.5383 26
      vertex -25.6269 15.3458 26
      vertex -25.2361 15.1958 26
    endloop
  endfacet
  facet normal 0 0 1
    outer loop
      vertex -27.9781 18.5819 26
      vertex -25.5912 18.8328 26
      vertex -25.6 19 26
    endloop
  endfacet
  facet normal -0 0 1
    outer loop
      vertex -27.4641 21 26
      vertex -25.3856 19.8 26
      vertex -27.2361 21.3511 26
    endloop
  endfacet
  facet normal 0 0 1
    outer loop
      vertex -25.3856 19.8 26
      vertex -27.4641 21 26
      vertex -25.4617 19.6508 26
    endloop
  endfacet
  facet normal 0 0 1
    outer loop
      vertex -24.8 17.6144 26
      vertex -26 15.5359 26
      vertex -25.6269 15.3458 26
    endloop
  endfacet
  facet normal -0 0 1
    outer loop
      vertex -27.6542 20.6269 26
      vertex -25.4617 19.6508 26
      vertex -27.4641 21 26
    endloop
  endfacet
  facet normal 0 0 1
    outer loop
      vertex -24.9405 17.7056 26
      vertex -26.3511 15.7639 26
      vertex -26 15.5359 26
    endloop
  endfacet
  facet normal 0 0 1
    outer loop
      vertex -25.4617 19.6508 26
      vertex -27.6542 20.6269 26
      vertex -25.5217 19.4944 26
    endloop
  endfacet
  facet normal 0 0 1
    outer loop
      vertex -25.0706 17.811 26
      vertex -26.6765 16.0274 26
      vertex -26.3511 15.7639 26
    endloop
  endfacet
  facet normal -0 0 1
    outer loop
      vertex -27.8042 20.2361 26
      vertex -25.5217 19.4944 26
      vertex -27.6542 20.6269 26
    endloop
  endfacet
  facet normal 0 0 1
    outer loop
      vertex -25.189 17.9294 26
      vertex -26.9726 16.3235 26
      vertex -26.6765 16.0274 26
    endloop
  endfacet
  facet normal 0 0 1
    outer loop
      vertex -25.5217 19.4944 26
      vertex -27.8042 20.2361 26
      vertex -25.565 19.3327 26
    endloop
  endfacet
  facet normal 0 0 1
    outer loop
      vertex -25.2944 18.0595 26
      vertex -27.2361 16.6489 26
      vertex -26.9726 16.3235 26
    endloop
  endfacet
  facet normal -0 0 1
    outer loop
      vertex -27.9126 19.8316 26
      vertex -25.565 19.3327 26
      vertex -27.8042 20.2361 26
    endloop
  endfacet
  facet normal 0 0 1
    outer loop
      vertex -25.3856 18.2 26
      vertex -27.4641 17 26
      vertex -27.2361 16.6489 26
    endloop
  endfacet
  facet normal 0 0 1
    outer loop
      vertex -25.565 19.3327 26
      vertex -27.9126 19.8316 26
      vertex -25.5912 19.1672 26
    endloop
  endfacet
  facet normal 0 0 1
    outer loop
      vertex -25.4617 18.3492 26
      vertex -27.6542 17.3731 26
      vertex -27.4641 17 26
    endloop
  endfacet
  facet normal -0 0 1
    outer loop
      vertex -27.9781 19.4181 26
      vertex -25.5912 19.1672 26
      vertex -27.9126 19.8316 26
    endloop
  endfacet
  facet normal 0 0 1
    outer loop
      vertex -25.5217 18.5056 26
      vertex -27.8042 17.7639 26
      vertex -27.6542 17.3731 26
    endloop
  endfacet
  facet normal 0 0 1
    outer loop
      vertex -25.5912 19.1672 26
      vertex -27.9781 19.4181 26
      vertex -25.6 19 26
    endloop
  endfacet
  facet normal 0 0 1
    outer loop
      vertex -25.565 18.6673 26
      vertex -27.9126 18.1684 26
      vertex -27.8042 17.7639 26
    endloop
  endfacet
  facet normal 0 0 1
    outer loop
      vertex -28 19 26
      vertex -25.6 19 26
      vertex -27.9781 19.4181 26
    endloop
  endfacet
  facet normal 0 0 1
    outer loop
      vertex -25.5912 18.8328 26
      vertex -27.9781 18.5819 26
      vertex -27.9126 18.1684 26
    endloop
  endfacet
  facet normal 0 0 1
    outer loop
      vertex -25.6 19 26
      vertex -28 19 26
      vertex -27.9781 18.5819 26
    endloop
  endfacet
  facet normal -0.453983 0.89101 0
    outer loop
      vertex -25.6269 22.6542 4
      vertex -26 22.4641 26
      vertex -25.6269 22.6542 26
    endloop
  endfacet
  facet normal -0.453983 0.89101 0
    outer loop
      vertex -26 22.4641 26
      vertex -25.6269 22.6542 4
      vertex -26 22.4641 4
    endloop
  endfacet
  facet normal -0.358339 0.933592 0
    outer loop
      vertex -25.2361 22.8042 4
      vertex -25.6269 22.6542 26
      vertex -25.2361 22.8042 26
    endloop
  endfacet
  facet normal -0.358339 0.933592 0
    outer loop
      vertex -25.6269 22.6542 26
      vertex -25.2361 22.8042 4
      vertex -25.6269 22.6542 4
    endloop
  endfacet
  facet normal -0.544627 0.838678 0
    outer loop
      vertex -26 22.4641 4
      vertex -26.3511 22.2361 26
      vertex -26 22.4641 26
    endloop
  endfacet
  facet normal -0.544627 0.838678 0
    outer loop
      vertex -26.3511 22.2361 26
      vertex -26 22.4641 4
      vertex -26.3511 22.2361 4
    endloop
  endfacet
  facet normal -0.156453 0.987685 0
    outer loop
      vertex -24.4181 22.9781 4
      vertex -24.8316 22.9126 26
      vertex -24.4181 22.9781 26
    endloop
  endfacet
  facet normal -0.156453 0.987685 0
    outer loop
      vertex -24.8316 22.9126 26
      vertex -24.4181 22.9781 4
      vertex -24.8316 22.9126 4
    endloop
  endfacet
  facet normal 0.998631 -0.0523081 0
    outer loop
      vertex -20.0219 18.5819 26
      vertex -20 19 4
      vertex -20 19 26
    endloop
  endfacet
  facet normal 0.998631 -0.0523081 0
    outer loop
      vertex -20 19 4
      vertex -20.0219 18.5819 26
      vertex -20.0219 18.5819 4
    endloop
  endfacet
  facet normal 0.0523081 -0.998631 0
    outer loop
      vertex -24 15 4
      vertex -23.5819 15.0219 26
      vertex -24 15 26
    endloop
  endfacet
  facet normal 0.0523081 -0.998631 0
    outer loop
      vertex -23.5819 15.0219 26
      vertex -24 15 4
      vertex -23.5819 15.0219 4
    endloop
  endfacet
  facet normal 0.258851 -0.965917 0
    outer loop
      vertex -23.1684 15.0874 4
      vertex -22.7639 15.1958 26
      vertex -23.1684 15.0874 26
    endloop
  endfacet
  facet normal 0.258851 -0.965917 0
    outer loop
      vertex -22.7639 15.1958 26
      vertex -23.1684 15.0874 4
      vertex -22.7639 15.1958 4
    endloop
  endfacet
  facet normal 0.629315 -0.77715 0
    outer loop
      vertex -21.6489 15.7639 4
      vertex -21.3235 16.0274 26
      vertex -21.6489 15.7639 26
    endloop
  endfacet
  facet normal 0.629315 -0.77715 0
    outer loop
      vertex -21.3235 16.0274 26
      vertex -21.6489 15.7639 4
      vertex -21.3235 16.0274 4
    endloop
  endfacet
  facet normal 0.453983 -0.89101 0
    outer loop
      vertex -22.3731 15.3458 4
      vertex -22 15.5359 26
      vertex -22.3731 15.3458 26
    endloop
  endfacet
  facet normal 0.453983 -0.89101 0
    outer loop
      vertex -22 15.5359 26
      vertex -22.3731 15.3458 4
      vertex -22 15.5359 4
    endloop
  endfacet
  facet normal 0.77715 -0.629315 0
    outer loop
      vertex -21.0274 16.3235 26
      vertex -20.7639 16.6489 4
      vertex -20.7639 16.6489 26
    endloop
  endfacet
  facet normal 0.77715 -0.629315 0
    outer loop
      vertex -20.7639 16.6489 4
      vertex -21.0274 16.3235 26
      vertex -21.0274 16.3235 4
    endloop
  endfacet
  facet normal 0.89101 -0.453983 0
    outer loop
      vertex -20.5359 17 26
      vertex -20.3458 17.3731 4
      vertex -20.3458 17.3731 26
    endloop
  endfacet
  facet normal 0.89101 -0.453983 0
    outer loop
      vertex -20.3458 17.3731 4
      vertex -20.5359 17 26
      vertex -20.5359 17 4
    endloop
  endfacet
  facet normal -0.707107 -0.707107 0
    outer loop
      vertex -26.6765 16.0274 4
      vertex -26.9726 16.3235 26
      vertex -26.9726 16.3235 4
    endloop
  endfacet
  facet normal -0.707107 -0.707107 0
    outer loop
      vertex -26.9726 16.3235 26
      vertex -26.6765 16.0274 4
      vertex -26.6765 16.0274 26
    endloop
  endfacet
  facet normal -0.544627 -0.838678 0
    outer loop
      vertex -26.3511 15.7639 4
      vertex -26 15.5359 26
      vertex -26.3511 15.7639 26
    endloop
  endfacet
  facet normal -0.544627 -0.838678 -0
    outer loop
      vertex -26 15.5359 26
      vertex -26.3511 15.7639 4
      vertex -26 15.5359 4
    endloop
  endfacet
  facet normal -0.358339 -0.933592 0
    outer loop
      vertex -25.6269 15.3458 4
      vertex -25.2361 15.1958 26
      vertex -25.6269 15.3458 26
    endloop
  endfacet
  facet normal -0.358339 -0.933592 -0
    outer loop
      vertex -25.2361 15.1958 26
      vertex -25.6269 15.3458 4
      vertex -25.2361 15.1958 4
    endloop
  endfacet
  facet normal -0.156453 -0.987685 0
    outer loop
      vertex -24.8316 15.0874 4
      vertex -24.4181 15.0219 26
      vertex -24.8316 15.0874 26
    endloop
  endfacet
  facet normal -0.156453 -0.987685 -0
    outer loop
      vertex -24.4181 15.0219 26
      vertex -24.8316 15.0874 4
      vertex -24.4181 15.0219 4
    endloop
  endfacet
  facet normal -0.933592 -0.358339 0
    outer loop
      vertex -27.6542 17.3731 4
      vertex -27.8042 17.7639 26
      vertex -27.8042 17.7639 4
    endloop
  endfacet
  facet normal -0.933592 -0.358339 0
    outer loop
      vertex -27.8042 17.7639 26
      vertex -27.6542 17.3731 4
      vertex -27.6542 17.3731 26
    endloop
  endfacet
  facet normal -0.838678 -0.544627 0
    outer loop
      vertex -27.2361 16.6489 4
      vertex -27.4641 17 26
      vertex -27.4641 17 4
    endloop
  endfacet
  facet normal -0.838678 -0.544627 0
    outer loop
      vertex -27.4641 17 26
      vertex -27.2361 16.6489 4
      vertex -27.2361 16.6489 26
    endloop
  endfacet
  facet normal -0.987685 -0.156453 0
    outer loop
      vertex -27.9126 18.1684 4
      vertex -27.9781 18.5819 26
      vertex -27.9781 18.5819 4
    endloop
  endfacet
  facet normal -0.987685 -0.156453 0
    outer loop
      vertex -27.9781 18.5819 26
      vertex -27.9126 18.1684 4
      vertex -27.9126 18.1684 26
    endloop
  endfacet
  facet normal 0.156453 -0.987685 0
    outer loop
      vertex -23.5819 15.0219 4
      vertex -23.1684 15.0874 26
      vertex -23.5819 15.0219 26
    endloop
  endfacet
  facet normal 0.156453 -0.987685 0
    outer loop
      vertex -23.1684 15.0874 26
      vertex -23.5819 15.0219 4
      vertex -23.1684 15.0874 4
    endloop
  endfacet
  facet normal 0.358339 -0.933592 0
    outer loop
      vertex -22.7639 15.1958 4
      vertex -22.3731 15.3458 26
      vertex -22.7639 15.1958 26
    endloop
  endfacet
  facet normal 0.358339 -0.933592 0
    outer loop
      vertex -22.3731 15.3458 26
      vertex -22.7639 15.1958 4
      vertex -22.3731 15.3458 4
    endloop
  endfacet
  facet normal 0.707107 -0.707107 0
    outer loop
      vertex -21.3235 16.0274 26
      vertex -21.0274 16.3235 4
      vertex -21.0274 16.3235 26
    endloop
  endfacet
  facet normal 0.707107 -0.707107 0
    outer loop
      vertex -21.0274 16.3235 4
      vertex -21.3235 16.0274 26
      vertex -21.3235 16.0274 4
    endloop
  endfacet
  facet normal 0.544627 -0.838678 0
    outer loop
      vertex -22 15.5359 4
      vertex -21.6489 15.7639 26
      vertex -22 15.5359 26
    endloop
  endfacet
  facet normal 0.544627 -0.838678 0
    outer loop
      vertex -21.6489 15.7639 26
      vertex -22 15.5359 4
      vertex -21.6489 15.7639 4
    endloop
  endfacet
  facet normal 0.838678 -0.544627 0
    outer loop
      vertex -20.7639 16.6489 26
      vertex -20.5359 17 4
      vertex -20.5359 17 26
    endloop
  endfacet
  facet normal 0.838678 -0.544627 0
    outer loop
      vertex -20.5359 17 4
      vertex -20.7639 16.6489 26
      vertex -20.7639 16.6489 4
    endloop
  endfacet
  facet normal 0.987685 -0.156453 0
    outer loop
      vertex -20.0874 18.1684 26
      vertex -20.0219 18.5819 4
      vertex -20.0219 18.5819 26
    endloop
  endfacet
  facet normal 0.987685 -0.156453 0
    outer loop
      vertex -20.0219 18.5819 4
      vertex -20.0874 18.1684 26
      vertex -20.0874 18.1684 4
    endloop
  endfacet
  facet normal 0.965917 -0.258851 0
    outer loop
      vertex -20.1958 17.7639 26
      vertex -20.0874 18.1684 4
      vertex -20.0874 18.1684 26
    endloop
  endfacet
  facet normal 0.965917 -0.258851 0
    outer loop
      vertex -20.0874 18.1684 4
      vertex -20.1958 17.7639 26
      vertex -20.1958 17.7639 4
    endloop
  endfacet
  facet normal -0.629315 -0.77715 0
    outer loop
      vertex -26.6765 16.0274 4
      vertex -26.3511 15.7639 26
      vertex -26.6765 16.0274 26
    endloop
  endfacet
  facet normal -0.629315 -0.77715 -0
    outer loop
      vertex -26.3511 15.7639 26
      vertex -26.6765 16.0274 4
      vertex -26.3511 15.7639 4
    endloop
  endfacet
  facet normal -0.453983 -0.89101 0
    outer loop
      vertex -26 15.5359 4
      vertex -25.6269 15.3458 26
      vertex -26 15.5359 26
    endloop
  endfacet
  facet normal -0.453983 -0.89101 -0
    outer loop
      vertex -25.6269 15.3458 26
      vertex -26 15.5359 4
      vertex -25.6269 15.3458 4
    endloop
  endfacet
  facet normal -0.258851 -0.965917 0
    outer loop
      vertex -25.2361 15.1958 4
      vertex -24.8316 15.0874 26
      vertex -25.2361 15.1958 26
    endloop
  endfacet
  facet normal -0.258851 -0.965917 -0
    outer loop
      vertex -24.8316 15.0874 26
      vertex -25.2361 15.1958 4
      vertex -24.8316 15.0874 4
    endloop
  endfacet
  facet normal -0.89101 -0.453983 0
    outer loop
      vertex -27.4641 17 4
      vertex -27.6542 17.3731 26
      vertex -27.6542 17.3731 4
    endloop
  endfacet
  facet normal -0.89101 -0.453983 0
    outer loop
      vertex -27.6542 17.3731 26
      vertex -27.4641 17 4
      vertex -27.4641 17 26
    endloop
  endfacet
  facet normal -0.77715 -0.629315 0
    outer loop
      vertex -26.9726 16.3235 4
      vertex -27.2361 16.6489 26
      vertex -27.2361 16.6489 4
    endloop
  endfacet
  facet normal -0.77715 -0.629315 0
    outer loop
      vertex -27.2361 16.6489 26
      vertex -26.9726 16.3235 4
      vertex -26.9726 16.3235 26
    endloop
  endfacet
  facet normal -0.965917 -0.258851 0
    outer loop
      vertex -27.8042 17.7639 4
      vertex -27.9126 18.1684 26
      vertex -27.9126 18.1684 4
    endloop
  endfacet
  facet normal -0.965917 -0.258851 0
    outer loop
      vertex -27.9126 18.1684 26
      vertex -27.8042 17.7639 4
      vertex -27.8042 17.7639 26
    endloop
  endfacet
  facet normal -0.998618 -0.0525588 0
    outer loop
      vertex -22.4 19 9
      vertex -22.4088 19.1672 26
      vertex -22.4088 19.1672 9
    endloop
  endfacet
  facet normal -0.998618 -0.0525588 0
    outer loop
      vertex -22.4088 19.1672 26
      vertex -22.4 19 9
      vertex -22.4 19 26
    endloop
  endfacet
  facet normal 0.998618 -0.0525588 0
    outer loop
      vertex -25.6 19 26
      vertex -25.5912 19.1672 9
      vertex -25.5912 19.1672 26
    endloop
  endfacet
  facet normal 0.998618 -0.0525588 0
    outer loop
      vertex -25.5912 19.1672 9
      vertex -25.6 19 26
      vertex -25.6 19 9
    endloop
  endfacet
  facet normal -0.0525588 -0.998618 0
    outer loop
      vertex -24 20.6 9
      vertex -23.8328 20.5912 26
      vertex -24 20.6 26
    endloop
  endfacet
  facet normal -0.0525588 -0.998618 -0
    outer loop
      vertex -23.8328 20.5912 26
      vertex -24 20.6 9
      vertex -23.8328 20.5912 9
    endloop
  endfacet
  facet normal 0.0525588 0.998618 -0
    outer loop
      vertex -24 17.4 9
      vertex -24.1672 17.4088 26
      vertex -24 17.4 26
    endloop
  endfacet
  facet normal 0.0525588 0.998618 0
    outer loop
      vertex -24.1672 17.4088 26
      vertex -24 17.4 9
      vertex -24.1672 17.4088 9
    endloop
  endfacet
  facet normal 0.777008 0.62949 0
    outer loop
      vertex -25.189 17.9294 26
      vertex -25.2944 18.0595 9
      vertex -25.2944 18.0595 26
    endloop
  endfacet
  facet normal 0.777008 0.62949 0
    outer loop
      vertex -25.2944 18.0595 9
      vertex -25.189 17.9294 26
      vertex -25.189 17.9294 9
    endloop
  endfacet
  facet normal -0.707107 -0.707107 0
    outer loop
      vertex -22.811 20.0706 9
      vertex -22.9294 20.189 26
      vertex -22.9294 20.189 9
    endloop
  endfacet
  facet normal -0.707107 -0.707107 0
    outer loop
      vertex -22.9294 20.189 26
      vertex -22.811 20.0706 9
      vertex -22.811 20.0706 26
    endloop
  endfacet
  facet normal 0.62949 -0.777008 0
    outer loop
      vertex -25.0706 20.189 9
      vertex -24.9405 20.2944 26
      vertex -25.0706 20.189 26
    endloop
  endfacet
  facet normal 0.62949 -0.777008 0
    outer loop
      vertex -24.9405 20.2944 26
      vertex -25.0706 20.189 9
      vertex -24.9405 20.2944 9
    endloop
  endfacet
  facet normal 0.258666 -0.965967 0
    outer loop
      vertex -24.4944 20.5217 9
      vertex -24.3327 20.565 26
      vertex -24.4944 20.5217 26
    endloop
  endfacet
  facet normal 0.258666 -0.965967 0
    outer loop
      vertex -24.3327 20.565 26
      vertex -24.4944 20.5217 9
      vertex -24.3327 20.565 9
    endloop
  endfacet
  facet normal -0.890816 -0.454364 0
    outer loop
      vertex -22.5383 19.6508 9
      vertex -22.6144 19.8 26
      vertex -22.6144 19.8 9
    endloop
  endfacet
  facet normal -0.890816 -0.454364 0
    outer loop
      vertex -22.6144 19.8 26
      vertex -22.5383 19.6508 9
      vertex -22.5383 19.6508 26
    endloop
  endfacet
  facet normal -0.838784 -0.544464 0
    outer loop
      vertex -22.6144 19.8 9
      vertex -22.7056 19.9405 26
      vertex -22.7056 19.9405 9
    endloop
  endfacet
  facet normal -0.838784 -0.544464 0
    outer loop
      vertex -22.7056 19.9405 26
      vertex -22.6144 19.8 9
      vertex -22.6144 19.8 26
    endloop
  endfacet
  facet normal -0.358179 -0.933653 0
    outer loop
      vertex -23.5056 20.5217 9
      vertex -23.3492 20.4617 26
      vertex -23.5056 20.5217 26
    endloop
  endfacet
  facet normal -0.358179 -0.933653 -0
    outer loop
      vertex -23.3492 20.4617 26
      vertex -23.5056 20.5217 9
      vertex -23.3492 20.4617 9
    endloop
  endfacet
  facet normal -0.258666 -0.965967 0
    outer loop
      vertex -23.6673 20.565 9
      vertex -23.5056 20.5217 26
      vertex -23.6673 20.565 26
    endloop
  endfacet
  facet normal -0.258666 -0.965967 -0
    outer loop
      vertex -23.5056 20.5217 26
      vertex -23.6673 20.565 9
      vertex -23.5056 20.5217 9
    endloop
  endfacet
  facet normal -0.544464 -0.838784 0
    outer loop
      vertex -23.2 20.3856 9
      vertex -23.0595 20.2944 26
      vertex -23.2 20.3856 26
    endloop
  endfacet
  facet normal -0.544464 -0.838784 -0
    outer loop
      vertex -23.0595 20.2944 26
      vertex -23.2 20.3856 9
      vertex -23.0595 20.2944 9
    endloop
  endfacet
  facet normal 0.890816 -0.454364 0
    outer loop
      vertex -25.4617 19.6508 26
      vertex -25.3856 19.8 9
      vertex -25.3856 19.8 26
    endloop
  endfacet
  facet normal 0.890816 -0.454364 0
    outer loop
      vertex -25.3856 19.8 9
      vertex -25.4617 19.6508 26
      vertex -25.4617 19.6508 9
    endloop
  endfacet
  facet normal 0.156361 -0.9877 0
    outer loop
      vertex -24.3327 20.565 9
      vertex -24.1672 20.5912 26
      vertex -24.3327 20.565 26
    endloop
  endfacet
  facet normal 0.156361 -0.9877 0
    outer loop
      vertex -24.1672 20.5912 26
      vertex -24.3327 20.565 9
      vertex -24.1672 20.5912 9
    endloop
  endfacet
  facet normal 0.998618 0.0525588 0
    outer loop
      vertex -25.5912 18.8328 26
      vertex -25.6 19 9
      vertex -25.6 19 26
    endloop
  endfacet
  facet normal 0.998618 0.0525588 0
    outer loop
      vertex -25.6 19 9
      vertex -25.5912 18.8328 26
      vertex -25.5912 18.8328 9
    endloop
  endfacet
  facet normal -0.965967 -0.258666 0
    outer loop
      vertex -22.435 19.3327 9
      vertex -22.4783 19.4944 26
      vertex -22.4783 19.4944 9
    endloop
  endfacet
  facet normal -0.965967 -0.258666 0
    outer loop
      vertex -22.4783 19.4944 26
      vertex -22.435 19.3327 9
      vertex -22.435 19.3327 26
    endloop
  endfacet
  facet normal -0.9877 -0.156361 0
    outer loop
      vertex -22.4088 19.1672 9
      vertex -22.435 19.3327 26
      vertex -22.435 19.3327 9
    endloop
  endfacet
  facet normal -0.9877 -0.156361 0
    outer loop
      vertex -22.435 19.3327 26
      vertex -22.4088 19.1672 9
      vertex -22.4088 19.1672 26
    endloop
  endfacet
  facet normal -0.933653 -0.358179 0
    outer loop
      vertex -22.4783 19.4944 9
      vertex -22.5383 19.6508 26
      vertex -22.5383 19.6508 9
    endloop
  endfacet
  facet normal -0.933653 -0.358179 0
    outer loop
      vertex -22.5383 19.6508 26
      vertex -22.4783 19.4944 9
      vertex -22.4783 19.4944 26
    endloop
  endfacet
  facet normal -0.777008 -0.62949 0
    outer loop
      vertex -22.7056 19.9405 9
      vertex -22.811 20.0706 26
      vertex -22.811 20.0706 9
    endloop
  endfacet
  facet normal -0.777008 -0.62949 0
    outer loop
      vertex -22.811 20.0706 26
      vertex -22.7056 19.9405 9
      vertex -22.7056 19.9405 26
    endloop
  endfacet
  facet normal -0.156361 -0.9877 0
    outer loop
      vertex -23.8328 20.5912 9
      vertex -23.6673 20.565 26
      vertex -23.8328 20.5912 26
    endloop
  endfacet
  facet normal -0.156361 -0.9877 -0
    outer loop
      vertex -23.6673 20.565 26
      vertex -23.8328 20.5912 9
      vertex -23.6673 20.565 9
    endloop
  endfacet
  facet normal -0.454364 -0.890816 0
    outer loop
      vertex -23.3492 20.4617 9
      vertex -23.2 20.3856 26
      vertex -23.3492 20.4617 26
    endloop
  endfacet
  facet normal -0.454364 -0.890816 -0
    outer loop
      vertex -23.2 20.3856 26
      vertex -23.3492 20.4617 9
      vertex -23.2 20.3856 9
    endloop
  endfacet
  facet normal -0.62949 -0.777008 0
    outer loop
      vertex -23.0595 20.2944 9
      vertex -22.9294 20.189 26
      vertex -23.0595 20.2944 26
    endloop
  endfacet
  facet normal -0.62949 -0.777008 -0
    outer loop
      vertex -22.9294 20.189 26
      vertex -23.0595 20.2944 9
      vertex -22.9294 20.189 9
    endloop
  endfacet
  facet normal 0.965967 -0.258666 0
    outer loop
      vertex -25.565 19.3327 26
      vertex -25.5217 19.4944 9
      vertex -25.5217 19.4944 26
    endloop
  endfacet
  facet normal 0.965967 -0.258666 0
    outer loop
      vertex -25.5217 19.4944 9
      vertex -25.565 19.3327 26
      vertex -25.565 19.3327 9
    endloop
  endfacet
  facet normal 0.777008 -0.62949 0
    outer loop
      vertex -25.2944 19.9405 26
      vertex -25.189 20.0706 9
      vertex -25.189 20.0706 26
    endloop
  endfacet
  facet normal 0.777008 -0.62949 0
    outer loop
      vertex -25.189 20.0706 9
      vertex -25.2944 19.9405 26
      vertex -25.2944 19.9405 9
    endloop
  endfacet
  facet normal 0.707107 -0.707107 0
    outer loop
      vertex -25.189 20.0706 26
      vertex -25.0706 20.189 9
      vertex -25.0706 20.189 26
    endloop
  endfacet
  facet normal 0.707107 -0.707107 0
    outer loop
      vertex -25.0706 20.189 9
      vertex -25.189 20.0706 26
      vertex -25.189 20.0706 9
    endloop
  endfacet
  facet normal 0.838784 -0.544464 0
    outer loop
      vertex -25.3856 19.8 26
      vertex -25.2944 19.9405 9
      vertex -25.2944 19.9405 26
    endloop
  endfacet
  facet normal 0.838784 -0.544464 0
    outer loop
      vertex -25.2944 19.9405 9
      vertex -25.3856 19.8 26
      vertex -25.3856 19.8 9
    endloop
  endfacet
  facet normal 0.933653 -0.358179 0
    outer loop
      vertex -25.5217 19.4944 26
      vertex -25.4617 19.6508 9
      vertex -25.4617 19.6508 26
    endloop
  endfacet
  facet normal 0.933653 -0.358179 0
    outer loop
      vertex -25.4617 19.6508 9
      vertex -25.5217 19.4944 26
      vertex -25.5217 19.4944 9
    endloop
  endfacet
  facet normal 0.9877 -0.156361 0
    outer loop
      vertex -25.5912 19.1672 26
      vertex -25.565 19.3327 9
      vertex -25.565 19.3327 26
    endloop
  endfacet
  facet normal 0.9877 -0.156361 0
    outer loop
      vertex -25.565 19.3327 9
      vertex -25.5912 19.1672 26
      vertex -25.5912 19.1672 9
    endloop
  endfacet
  facet normal 0.454364 -0.890816 0
    outer loop
      vertex -24.8 20.3856 9
      vertex -24.6508 20.4617 26
      vertex -24.8 20.3856 26
    endloop
  endfacet
  facet normal 0.454364 -0.890816 0
    outer loop
      vertex -24.6508 20.4617 26
      vertex -24.8 20.3856 9
      vertex -24.6508 20.4617 9
    endloop
  endfacet
  facet normal 0.358179 -0.933653 0
    outer loop
      vertex -24.6508 20.4617 9
      vertex -24.4944 20.5217 26
      vertex -24.6508 20.4617 26
    endloop
  endfacet
  facet normal 0.358179 -0.933653 0
    outer loop
      vertex -24.4944 20.5217 26
      vertex -24.6508 20.4617 9
      vertex -24.4944 20.5217 9
    endloop
  endfacet
  facet normal 0.544464 -0.838784 0
    outer loop
      vertex -24.9405 20.2944 9
      vertex -24.8 20.3856 26
      vertex -24.9405 20.2944 26
    endloop
  endfacet
  facet normal 0.544464 -0.838784 0
    outer loop
      vertex -24.8 20.3856 26
      vertex -24.9405 20.2944 9
      vertex -24.8 20.3856 9
    endloop
  endfacet
  facet normal 0.0525588 -0.998618 0
    outer loop
      vertex -24.1672 20.5912 9
      vertex -24 20.6 26
      vertex -24.1672 20.5912 26
    endloop
  endfacet
  facet normal 0.0525588 -0.998618 0
    outer loop
      vertex -24 20.6 26
      vertex -24.1672 20.5912 9
      vertex -24 20.6 9
    endloop
  endfacet
  facet normal -0.998618 0.0525588 0
    outer loop
      vertex -22.4088 18.8328 9
      vertex -22.4 19 26
      vertex -22.4 19 9
    endloop
  endfacet
  facet normal -0.998618 0.0525588 0
    outer loop
      vertex -22.4 19 26
      vertex -22.4088 18.8328 9
      vertex -22.4088 18.8328 26
    endloop
  endfacet
  facet normal -0.0525588 0.998618 0
    outer loop
      vertex -23.8328 17.4088 9
      vertex -24 17.4 26
      vertex -23.8328 17.4088 26
    endloop
  endfacet
  facet normal -0.0525588 0.998618 0
    outer loop
      vertex -24 17.4 26
      vertex -23.8328 17.4088 9
      vertex -24 17.4 9
    endloop
  endfacet
  facet normal -0.258666 0.965967 0
    outer loop
      vertex -23.5056 17.4783 9
      vertex -23.6673 17.435 26
      vertex -23.5056 17.4783 26
    endloop
  endfacet
  facet normal -0.258666 0.965967 0
    outer loop
      vertex -23.6673 17.435 26
      vertex -23.5056 17.4783 9
      vertex -23.6673 17.435 9
    endloop
  endfacet
  facet normal -0.62949 0.777008 0
    outer loop
      vertex -22.9294 17.811 9
      vertex -23.0595 17.7056 26
      vertex -22.9294 17.811 26
    endloop
  endfacet
  facet normal -0.62949 0.777008 0
    outer loop
      vertex -23.0595 17.7056 26
      vertex -22.9294 17.811 9
      vertex -23.0595 17.7056 9
    endloop
  endfacet
  facet normal -0.454364 0.890816 0
    outer loop
      vertex -23.2 17.6144 9
      vertex -23.3492 17.5383 26
      vertex -23.2 17.6144 26
    endloop
  endfacet
  facet normal -0.454364 0.890816 0
    outer loop
      vertex -23.3492 17.5383 26
      vertex -23.2 17.6144 9
      vertex -23.3492 17.5383 9
    endloop
  endfacet
  facet normal -0.777008 0.62949 0
    outer loop
      vertex -22.811 17.9294 9
      vertex -22.7056 18.0595 26
      vertex -22.7056 18.0595 9
    endloop
  endfacet
  facet normal -0.777008 0.62949 0
    outer loop
      vertex -22.7056 18.0595 26
      vertex -22.811 17.9294 9
      vertex -22.811 17.9294 26
    endloop
  endfacet
  facet normal -0.890816 0.454364 0
    outer loop
      vertex -22.6144 18.2 9
      vertex -22.5383 18.3492 26
      vertex -22.5383 18.3492 9
    endloop
  endfacet
  facet normal -0.890816 0.454364 0
    outer loop
      vertex -22.5383 18.3492 26
      vertex -22.6144 18.2 9
      vertex -22.6144 18.2 26
    endloop
  endfacet
  facet normal 0.707107 0.707107 0
    outer loop
      vertex -25.0706 17.811 26
      vertex -25.189 17.9294 9
      vertex -25.189 17.9294 26
    endloop
  endfacet
  facet normal 0.707107 0.707107 0
    outer loop
      vertex -25.189 17.9294 9
      vertex -25.0706 17.811 26
      vertex -25.0706 17.811 9
    endloop
  endfacet
  facet normal 0.544464 0.838784 -0
    outer loop
      vertex -24.8 17.6144 9
      vertex -24.9405 17.7056 26
      vertex -24.8 17.6144 26
    endloop
  endfacet
  facet normal 0.544464 0.838784 0
    outer loop
      vertex -24.9405 17.7056 26
      vertex -24.8 17.6144 9
      vertex -24.9405 17.7056 9
    endloop
  endfacet
  facet normal 0.358179 0.933653 -0
    outer loop
      vertex -24.4944 17.4783 9
      vertex -24.6508 17.5383 26
      vertex -24.4944 17.4783 26
    endloop
  endfacet
  facet normal 0.358179 0.933653 0
    outer loop
      vertex -24.6508 17.5383 26
      vertex -24.4944 17.4783 9
      vertex -24.6508 17.5383 9
    endloop
  endfacet
  facet normal 0.156361 0.9877 -0
    outer loop
      vertex -24.1672 17.4088 9
      vertex -24.3327 17.435 26
      vertex -24.1672 17.4088 26
    endloop
  endfacet
  facet normal 0.156361 0.9877 0
    outer loop
      vertex -24.3327 17.435 26
      vertex -24.1672 17.4088 9
      vertex -24.3327 17.435 9
    endloop
  endfacet
  facet normal 0.933653 0.358179 0
    outer loop
      vertex -25.4617 18.3492 26
      vertex -25.5217 18.5056 9
      vertex -25.5217 18.5056 26
    endloop
  endfacet
  facet normal 0.933653 0.358179 0
    outer loop
      vertex -25.5217 18.5056 9
      vertex -25.4617 18.3492 26
      vertex -25.4617 18.3492 9
    endloop
  endfacet
  facet normal 0.838784 0.544464 0
    outer loop
      vertex -25.2944 18.0595 26
      vertex -25.3856 18.2 9
      vertex -25.3856 18.2 26
    endloop
  endfacet
  facet normal 0.838784 0.544464 0
    outer loop
      vertex -25.3856 18.2 9
      vertex -25.2944 18.0595 26
      vertex -25.2944 18.0595 9
    endloop
  endfacet
  facet normal 0.965967 0.258666 0
    outer loop
      vertex -25.5217 18.5056 26
      vertex -25.565 18.6673 9
      vertex -25.565 18.6673 26
    endloop
  endfacet
  facet normal 0.965967 0.258666 0
    outer loop
      vertex -25.565 18.6673 9
      vertex -25.5217 18.5056 26
      vertex -25.5217 18.5056 9
    endloop
  endfacet
  facet normal 0 0 1
    outer loop
      vertex -22.4088 19.1672 9
      vertex -22.4088 18.8328 9
      vertex -22.4 19 9
    endloop
  endfacet
  facet normal 0 0 1
    outer loop
      vertex -22.435 19.3327 9
      vertex -22.4088 18.8328 9
      vertex -22.4088 19.1672 9
    endloop
  endfacet
  facet normal 0 0 1
    outer loop
      vertex -22.435 19.3327 9
      vertex -22.435 18.6673 9
      vertex -22.4088 18.8328 9
    endloop
  endfacet
  facet normal 0 0 1
    outer loop
      vertex -22.4783 19.4944 9
      vertex -22.435 18.6673 9
      vertex -22.435 19.3327 9
    endloop
  endfacet
  facet normal 0 0 1
    outer loop
      vertex -22.4783 19.4944 9
      vertex -22.4783 18.5056 9
      vertex -22.435 18.6673 9
    endloop
  endfacet
  facet normal 0 0 1
    outer loop
      vertex -22.5383 19.6508 9
      vertex -22.4783 18.5056 9
      vertex -22.4783 19.4944 9
    endloop
  endfacet
  facet normal 0 0 1
    outer loop
      vertex -22.5383 19.6508 9
      vertex -22.5383 18.3492 9
      vertex -22.4783 18.5056 9
    endloop
  endfacet
  facet normal 0 0 1
    outer loop
      vertex -22.6144 19.8 9
      vertex -22.5383 18.3492 9
      vertex -22.5383 19.6508 9
    endloop
  endfacet
  facet normal 0 0 1
    outer loop
      vertex -22.6144 19.8 9
      vertex -22.6144 18.2 9
      vertex -22.5383 18.3492 9
    endloop
  endfacet
  facet normal 0 0 1
    outer loop
      vertex -22.7056 19.9405 9
      vertex -22.6144 18.2 9
      vertex -22.6144 19.8 9
    endloop
  endfacet
  facet normal 0 0 1
    outer loop
      vertex -22.7056 19.9405 9
      vertex -22.7056 18.0595 9
      vertex -22.6144 18.2 9
    endloop
  endfacet
  facet normal 0 0 1
    outer loop
      vertex -22.811 20.0706 9
      vertex -22.7056 18.0595 9
      vertex -22.7056 19.9405 9
    endloop
  endfacet
  facet normal 0 0 1
    outer loop
      vertex -22.811 20.0706 9
      vertex -22.811 17.9294 9
      vertex -22.7056 18.0595 9
    endloop
  endfacet
  facet normal 0 0 1
    outer loop
      vertex -22.9294 20.189 9
      vertex -22.811 17.9294 9
      vertex -22.811 20.0706 9
    endloop
  endfacet
  facet normal 0 0 1
    outer loop
      vertex -22.9294 20.189 9
      vertex -22.9294 17.811 9
      vertex -22.811 17.9294 9
    endloop
  endfacet
  facet normal 0 0 1
    outer loop
      vertex -23.0595 20.2944 9
      vertex -22.9294 17.811 9
      vertex -22.9294 20.189 9
    endloop
  endfacet
  facet normal 0 0 1
    outer loop
      vertex -23.0595 20.2944 9
      vertex -23.0595 17.7056 9
      vertex -22.9294 17.811 9
    endloop
  endfacet
  facet normal 0 0 1
    outer loop
      vertex -23.2 20.3856 9
      vertex -23.0595 17.7056 9
      vertex -23.0595 20.2944 9
    endloop
  endfacet
  facet normal 0 0 1
    outer loop
      vertex -23.2 20.3856 9
      vertex -23.2 17.6144 9
      vertex -23.0595 17.7056 9
    endloop
  endfacet
  facet normal 0 0 1
    outer loop
      vertex -23.3492 20.4617 9
      vertex -23.2 17.6144 9
      vertex -23.2 20.3856 9
    endloop
  endfacet
  facet normal 0 0 1
    outer loop
      vertex -23.3492 20.4617 9
      vertex -23.3492 17.5383 9
      vertex -23.2 17.6144 9
    endloop
  endfacet
  facet normal 0 0 1
    outer loop
      vertex -23.5056 20.5217 9
      vertex -23.3492 17.5383 9
      vertex -23.3492 20.4617 9
    endloop
  endfacet
  facet normal 0 0 1
    outer loop
      vertex -23.5056 20.5217 9
      vertex -23.5056 17.4783 9
      vertex -23.3492 17.5383 9
    endloop
  endfacet
  facet normal 0 0 1
    outer loop
      vertex -23.6673 20.565 9
      vertex -23.5056 17.4783 9
      vertex -23.5056 20.5217 9
    endloop
  endfacet
  facet normal 0 0 1
    outer loop
      vertex -23.6673 20.565 9
      vertex -23.6673 17.435 9
      vertex -23.5056 17.4783 9
    endloop
  endfacet
  facet normal 0 0 1
    outer loop
      vertex -23.8328 20.5912 9
      vertex -23.6673 17.435 9
      vertex -23.6673 20.565 9
    endloop
  endfacet
  facet normal 0 0 1
    outer loop
      vertex -23.8328 20.5912 9
      vertex -23.8328 17.4088 9
      vertex -23.6673 17.435 9
    endloop
  endfacet
  facet normal 0 0 1
    outer loop
      vertex -24 20.6 9
      vertex -23.8328 17.4088 9
      vertex -23.8328 20.5912 9
    endloop
  endfacet
  facet normal 0 0 1
    outer loop
      vertex -24 20.6 9
      vertex -24 17.4 9
      vertex -23.8328 17.4088 9
    endloop
  endfacet
  facet normal -0 0 1
    outer loop
      vertex -24.1672 20.5912 9
      vertex -24 17.4 9
      vertex -24 20.6 9
    endloop
  endfacet
  facet normal 0 0 1
    outer loop
      vertex -24.1672 20.5912 9
      vertex -24.1672 17.4088 9
      vertex -24 17.4 9
    endloop
  endfacet
  facet normal -0 0 1
    outer loop
      vertex -24.3327 20.565 9
      vertex -24.1672 17.4088 9
      vertex -24.1672 20.5912 9
    endloop
  endfacet
  facet normal 0 0 1
    outer loop
      vertex -24.3327 20.565 9
      vertex -24.3327 17.435 9
      vertex -24.1672 17.4088 9
    endloop
  endfacet
  facet normal -0 0 1
    outer loop
      vertex -24.4944 20.5217 9
      vertex -24.3327 17.435 9
      vertex -24.3327 20.565 9
    endloop
  endfacet
  facet normal 0 0 1
    outer loop
      vertex -24.4944 20.5217 9
      vertex -24.4944 17.4783 9
      vertex -24.3327 17.435 9
    endloop
  endfacet
  facet normal -0 0 1
    outer loop
      vertex -24.6508 20.4617 9
      vertex -24.4944 17.4783 9
      vertex -24.4944 20.5217 9
    endloop
  endfacet
  facet normal 0 0 1
    outer loop
      vertex -24.6508 20.4617 9
      vertex -24.6508 17.5383 9
      vertex -24.4944 17.4783 9
    endloop
  endfacet
  facet normal -0 0 1
    outer loop
      vertex -24.8 20.3856 9
      vertex -24.6508 17.5383 9
      vertex -24.6508 20.4617 9
    endloop
  endfacet
  facet normal 0 0 1
    outer loop
      vertex -24.8 20.3856 9
      vertex -24.8 17.6144 9
      vertex -24.6508 17.5383 9
    endloop
  endfacet
  facet normal -0 0 1
    outer loop
      vertex -24.9405 20.2944 9
      vertex -24.8 17.6144 9
      vertex -24.8 20.3856 9
    endloop
  endfacet
  facet normal 0 0 1
    outer loop
      vertex -24.9405 20.2944 9
      vertex -24.9405 17.7056 9
      vertex -24.8 17.6144 9
    endloop
  endfacet
  facet normal -0 0 1
    outer loop
      vertex -25.0706 20.189 9
      vertex -24.9405 17.7056 9
      vertex -24.9405 20.2944 9
    endloop
  endfacet
  facet normal 0 0 1
    outer loop
      vertex -25.0706 20.189 9
      vertex -25.0706 17.811 9
      vertex -24.9405 17.7056 9
    endloop
  endfacet
  facet normal -0 0 1
    outer loop
      vertex -25.189 20.0706 9
      vertex -25.0706 17.811 9
      vertex -25.0706 20.189 9
    endloop
  endfacet
  facet normal 0 0 1
    outer loop
      vertex -25.189 20.0706 9
      vertex -25.189 17.9294 9
      vertex -25.0706 17.811 9
    endloop
  endfacet
  facet normal -0 0 1
    outer loop
      vertex -25.2944 19.9405 9
      vertex -25.189 17.9294 9
      vertex -25.189 20.0706 9
    endloop
  endfacet
  facet normal 0 0 1
    outer loop
      vertex -25.2944 19.9405 9
      vertex -25.2944 18.0595 9
      vertex -25.189 17.9294 9
    endloop
  endfacet
  facet normal -0 0 1
    outer loop
      vertex -25.3856 19.8 9
      vertex -25.2944 18.0595 9
      vertex -25.2944 19.9405 9
    endloop
  endfacet
  facet normal 0 0 1
    outer loop
      vertex -25.3856 19.8 9
      vertex -25.3856 18.2 9
      vertex -25.2944 18.0595 9
    endloop
  endfacet
  facet normal -0 0 1
    outer loop
      vertex -25.4617 19.6508 9
      vertex -25.3856 18.2 9
      vertex -25.3856 19.8 9
    endloop
  endfacet
  facet normal 0 0 1
    outer loop
      vertex -25.4617 19.6508 9
      vertex -25.4617 18.3492 9
      vertex -25.3856 18.2 9
    endloop
  endfacet
  facet normal -0 0 1
    outer loop
      vertex -25.5217 19.4944 9
      vertex -25.4617 18.3492 9
      vertex -25.4617 19.6508 9
    endloop
  endfacet
  facet normal 0 0 1
    outer loop
      vertex -25.5217 19.4944 9
      vertex -25.5217 18.5056 9
      vertex -25.4617 18.3492 9
    endloop
  endfacet
  facet normal -0 0 1
    outer loop
      vertex -25.565 19.3327 9
      vertex -25.5217 18.5056 9
      vertex -25.5217 19.4944 9
    endloop
  endfacet
  facet normal 0 0 1
    outer loop
      vertex -25.565 19.3327 9
      vertex -25.565 18.6673 9
      vertex -25.5217 18.5056 9
    endloop
  endfacet
  facet normal -0 0 1
    outer loop
      vertex -25.5912 19.1672 9
      vertex -25.565 18.6673 9
      vertex -25.565 19.3327 9
    endloop
  endfacet
  facet normal 0 0 1
    outer loop
      vertex -25.5912 19.1672 9
      vertex -25.5912 18.8328 9
      vertex -25.565 18.6673 9
    endloop
  endfacet
  facet normal 0 -0 1
    outer loop
      vertex -25.5912 18.8328 9
      vertex -25.5912 19.1672 9
      vertex -25.6 19 9
    endloop
  endfacet
  facet normal -0.156361 0.9877 0
    outer loop
      vertex -23.6673 17.435 9
      vertex -23.8328 17.4088 26
      vertex -23.6673 17.435 26
    endloop
  endfacet
  facet normal -0.156361 0.9877 0
    outer loop
      vertex -23.8328 17.4088 26
      vertex -23.6673 17.435 9
      vertex -23.8328 17.4088 9
    endloop
  endfacet
  facet normal -0.358179 0.933653 0
    outer loop
      vertex -23.3492 17.5383 9
      vertex -23.5056 17.4783 26
      vertex -23.3492 17.5383 26
    endloop
  endfacet
  facet normal -0.358179 0.933653 0
    outer loop
      vertex -23.5056 17.4783 26
      vertex -23.3492 17.5383 9
      vertex -23.5056 17.4783 9
    endloop
  endfacet
  facet normal -0.707107 0.707107 0
    outer loop
      vertex -22.9294 17.811 9
      vertex -22.811 17.9294 26
      vertex -22.811 17.9294 9
    endloop
  endfacet
  facet normal -0.707107 0.707107 0
    outer loop
      vertex -22.811 17.9294 26
      vertex -22.9294 17.811 9
      vertex -22.9294 17.811 26
    endloop
  endfacet
  facet normal -0.544464 0.838784 0
    outer loop
      vertex -23.0595 17.7056 9
      vertex -23.2 17.6144 26
      vertex -23.0595 17.7056 26
    endloop
  endfacet
  facet normal -0.544464 0.838784 0
    outer loop
      vertex -23.2 17.6144 26
      vertex -23.0595 17.7056 9
      vertex -23.2 17.6144 9
    endloop
  endfacet
  facet normal -0.838784 0.544464 0
    outer loop
      vertex -22.7056 18.0595 9
      vertex -22.6144 18.2 26
      vertex -22.6144 18.2 9
    endloop
  endfacet
  facet normal -0.838784 0.544464 0
    outer loop
      vertex -22.6144 18.2 26
      vertex -22.7056 18.0595 9
      vertex -22.7056 18.0595 26
    endloop
  endfacet
  facet normal -0.933653 0.358179 0
    outer loop
      vertex -22.5383 18.3492 9
      vertex -22.4783 18.5056 26
      vertex -22.4783 18.5056 9
    endloop
  endfacet
  facet normal -0.933653 0.358179 0
    outer loop
      vertex -22.4783 18.5056 26
      vertex -22.5383 18.3492 9
      vertex -22.5383 18.3492 26
    endloop
  endfacet
  facet normal -0.9877 0.156361 0
    outer loop
      vertex -22.435 18.6673 9
      vertex -22.4088 18.8328 26
      vertex -22.4088 18.8328 9
    endloop
  endfacet
  facet normal -0.9877 0.156361 0
    outer loop
      vertex -22.4088 18.8328 26
      vertex -22.435 18.6673 9
      vertex -22.435 18.6673 26
    endloop
  endfacet
  facet normal -0.965967 0.258666 0
    outer loop
      vertex -22.4783 18.5056 9
      vertex -22.435 18.6673 26
      vertex -22.435 18.6673 9
    endloop
  endfacet
  facet normal -0.965967 0.258666 0
    outer loop
      vertex -22.435 18.6673 26
      vertex -22.4783 18.5056 9
      vertex -22.4783 18.5056 26
    endloop
  endfacet
  facet normal 0.62949 0.777008 -0
    outer loop
      vertex -24.9405 17.7056 9
      vertex -25.0706 17.811 26
      vertex -24.9405 17.7056 26
    endloop
  endfacet
  facet normal 0.62949 0.777008 0
    outer loop
      vertex -25.0706 17.811 26
      vertex -24.9405 17.7056 9
      vertex -25.0706 17.811 9
    endloop
  endfacet
  facet normal 0.454364 0.890816 -0
    outer loop
      vertex -24.6508 17.5383 9
      vertex -24.8 17.6144 26
      vertex -24.6508 17.5383 26
    endloop
  endfacet
  facet normal 0.454364 0.890816 0
    outer loop
      vertex -24.8 17.6144 26
      vertex -24.6508 17.5383 9
      vertex -24.8 17.6144 9
    endloop
  endfacet
  facet normal 0.258666 0.965967 -0
    outer loop
      vertex -24.3327 17.435 9
      vertex -24.4944 17.4783 26
      vertex -24.3327 17.435 26
    endloop
  endfacet
  facet normal 0.258666 0.965967 0
    outer loop
      vertex -24.4944 17.4783 26
      vertex -24.3327 17.435 9
      vertex -24.4944 17.4783 9
    endloop
  endfacet
  facet normal 0.890816 0.454364 0
    outer loop
      vertex -25.3856 18.2 26
      vertex -25.4617 18.3492 9
      vertex -25.4617 18.3492 26
    endloop
  endfacet
  facet normal 0.890816 0.454364 0
    outer loop
      vertex -25.4617 18.3492 9
      vertex -25.3856 18.2 26
      vertex -25.3856 18.2 9
    endloop
  endfacet
  facet normal 0.9877 0.156361 0
    outer loop
      vertex -25.565 18.6673 26
      vertex -25.5912 18.8328 9
      vertex -25.5912 18.8328 26
    endloop
  endfacet
  facet normal 0.9877 0.156361 0
    outer loop
      vertex -25.5912 18.8328 9
      vertex -25.565 18.6673 26
      vertex -25.565 18.6673 9
    endloop
  endfacet
  facet normal 0.998631 0.0523081 0
    outer loop
      vertex 28 -19 26
      vertex 27.9781 -18.5819 4
      vertex 27.9781 -18.5819 26
    endloop
  endfacet
  facet normal 0.998631 0.0523081 0
    outer loop
      vertex 27.9781 -18.5819 4
      vertex 28 -19 26
      vertex 28 -19 4
    endloop
  endfacet
  facet normal -0.998631 0.0523081 0
    outer loop
      vertex 20 -19 4
      vertex 20.0219 -18.5819 26
      vertex 20.0219 -18.5819 4
    endloop
  endfacet
  facet normal -0.998631 0.0523081 0
    outer loop
      vertex 20.0219 -18.5819 26
      vertex 20 -19 4
      vertex 20 -19 26
    endloop
  endfacet
  facet normal 0.0523081 0.998631 -0
    outer loop
      vertex 24.4181 -15.0219 4
      vertex 24 -15 26
      vertex 24.4181 -15.0219 26
    endloop
  endfacet
  facet normal 0.0523081 0.998631 0
    outer loop
      vertex 24 -15 26
      vertex 24.4181 -15.0219 4
      vertex 24 -15 4
    endloop
  endfacet
  facet normal -0.0523081 -0.998631 0
    outer loop
      vertex 23.5819 -22.9781 4
      vertex 24 -23 26
      vertex 23.5819 -22.9781 26
    endloop
  endfacet
  facet normal -0.0523081 -0.998631 -0
    outer loop
      vertex 24 -23 26
      vertex 23.5819 -22.9781 4
      vertex 24 -23 4
    endloop
  endfacet
  facet normal 0.707107 0.707107 0
    outer loop
      vertex 26.9726 -16.3235 26
      vertex 26.6765 -16.0274 4
      vertex 26.6765 -16.0274 26
    endloop
  endfacet
  facet normal 0.707107 0.707107 0
    outer loop
      vertex 26.6765 -16.0274 4
      vertex 26.9726 -16.3235 26
      vertex 26.9726 -16.3235 4
    endloop
  endfacet
  facet normal -0.629315 0.77715 0
    outer loop
      vertex 21.6489 -15.7639 4
      vertex 21.3235 -16.0274 26
      vertex 21.6489 -15.7639 26
    endloop
  endfacet
  facet normal -0.629315 0.77715 0
    outer loop
      vertex 21.3235 -16.0274 26
      vertex 21.6489 -15.7639 4
      vertex 21.3235 -16.0274 4
    endloop
  endfacet
  facet normal -0.258851 0.965917 0
    outer loop
      vertex 23.1684 -15.0874 4
      vertex 22.7639 -15.1958 26
      vertex 23.1684 -15.0874 26
    endloop
  endfacet
  facet normal -0.258851 0.965917 0
    outer loop
      vertex 22.7639 -15.1958 26
      vertex 23.1684 -15.0874 4
      vertex 22.7639 -15.1958 4
    endloop
  endfacet
  facet normal 0.933592 0.358339 0
    outer loop
      vertex 27.8042 -17.7639 26
      vertex 27.6542 -17.3731 4
      vertex 27.6542 -17.3731 26
    endloop
  endfacet
  facet normal 0.933592 0.358339 0
    outer loop
      vertex 27.6542 -17.3731 4
      vertex 27.8042 -17.7639 26
      vertex 27.8042 -17.7639 4
    endloop
  endfacet
  facet normal 0.358339 0.933592 -0
    outer loop
      vertex 25.6269 -15.3458 4
      vertex 25.2361 -15.1958 26
      vertex 25.6269 -15.3458 26
    endloop
  endfacet
  facet normal 0.358339 0.933592 0
    outer loop
      vertex 25.2361 -15.1958 26
      vertex 25.6269 -15.3458 4
      vertex 25.2361 -15.1958 4
    endloop
  endfacet
  facet normal 0.544627 0.838678 -0
    outer loop
      vertex 26.3511 -15.7639 4
      vertex 26 -15.5359 26
      vertex 26.3511 -15.7639 26
    endloop
  endfacet
  facet normal 0.544627 0.838678 0
    outer loop
      vertex 26 -15.5359 26
      vertex 26.3511 -15.7639 4
      vertex 26 -15.5359 4
    endloop
  endfacet
  facet normal -0.89101 0.453983 0
    outer loop
      vertex 20.3458 -17.3731 4
      vertex 20.5359 -17 26
      vertex 20.5359 -17 4
    endloop
  endfacet
  facet normal -0.89101 0.453983 0
    outer loop
      vertex 20.5359 -17 26
      vertex 20.3458 -17.3731 4
      vertex 20.3458 -17.3731 26
    endloop
  endfacet
  facet normal -0.0523081 0.998631 0
    outer loop
      vertex 24 -15 4
      vertex 23.5819 -15.0219 26
      vertex 24 -15 26
    endloop
  endfacet
  facet normal -0.0523081 0.998631 0
    outer loop
      vertex 23.5819 -15.0219 26
      vertex 24 -15 4
      vertex 23.5819 -15.0219 4
    endloop
  endfacet
  facet normal 0.933592 -0.358339 0
    outer loop
      vertex 27.6542 -20.6269 26
      vertex 27.8042 -20.2361 4
      vertex 27.8042 -20.2361 26
    endloop
  endfacet
  facet normal 0.933592 -0.358339 0
    outer loop
      vertex 27.8042 -20.2361 4
      vertex 27.6542 -20.6269 26
      vertex 27.6542 -20.6269 4
    endloop
  endfacet
  facet normal -0.998631 -0.0523081 0
    outer loop
      vertex 20.0219 -19.4181 4
      vertex 20 -19 26
      vertex 20 -19 4
    endloop
  endfacet
  facet normal -0.998631 -0.0523081 0
    outer loop
      vertex 20 -19 26
      vertex 20.0219 -19.4181 4
      vertex 20.0219 -19.4181 26
    endloop
  endfacet
  facet normal 0.965917 0.258851 0
    outer loop
      vertex 27.9126 -18.1684 26
      vertex 27.8042 -17.7639 4
      vertex 27.8042 -17.7639 26
    endloop
  endfacet
  facet normal 0.965917 0.258851 0
    outer loop
      vertex 27.8042 -17.7639 4
      vertex 27.9126 -18.1684 26
      vertex 27.9126 -18.1684 4
    endloop
  endfacet
  facet normal 0.987685 0.156453 0
    outer loop
      vertex 27.9781 -18.5819 26
      vertex 27.9126 -18.1684 4
      vertex 27.9126 -18.1684 26
    endloop
  endfacet
  facet normal 0.987685 0.156453 0
    outer loop
      vertex 27.9126 -18.1684 4
      vertex 27.9781 -18.5819 26
      vertex 27.9781 -18.5819 4
    endloop
  endfacet
  facet normal 0.838678 0.544627 0
    outer loop
      vertex 27.4641 -17 26
      vertex 27.2361 -16.6489 4
      vertex 27.2361 -16.6489 26
    endloop
  endfacet
  facet normal 0.838678 0.544627 0
    outer loop
      vertex 27.2361 -16.6489 4
      vertex 27.4641 -17 26
      vertex 27.4641 -17 4
    endloop
  endfacet
  facet normal 0.77715 0.629315 0
    outer loop
      vertex 27.2361 -16.6489 26
      vertex 26.9726 -16.3235 4
      vertex 26.9726 -16.3235 26
    endloop
  endfacet
  facet normal 0.77715 0.629315 0
    outer loop
      vertex 26.9726 -16.3235 4
      vertex 27.2361 -16.6489 26
      vertex 27.2361 -16.6489 4
    endloop
  endfacet
  facet normal 0.89101 0.453983 0
    outer loop
      vertex 27.6542 -17.3731 26
      vertex 27.4641 -17 4
      vertex 27.4641 -17 26
    endloop
  endfacet
  facet normal 0.89101 0.453983 0
    outer loop
      vertex 27.4641 -17 4
      vertex 27.6542 -17.3731 26
      vertex 27.6542 -17.3731 4
    endloop
  endfacet
  facet normal 0.258851 0.965917 -0
    outer loop
      vertex 25.2361 -15.1958 4
      vertex 24.8316 -15.0874 26
      vertex 25.2361 -15.1958 26
    endloop
  endfacet
  facet normal 0.258851 0.965917 0
    outer loop
      vertex 24.8316 -15.0874 26
      vertex 25.2361 -15.1958 4
      vertex 24.8316 -15.0874 4
    endloop
  endfacet
  facet normal 0.156453 0.987685 -0
    outer loop
      vertex 24.8316 -15.0874 4
      vertex 24.4181 -15.0219 26
      vertex 24.8316 -15.0874 26
    endloop
  endfacet
  facet normal 0.156453 0.987685 0
    outer loop
      vertex 24.4181 -15.0219 26
      vertex 24.8316 -15.0874 4
      vertex 24.4181 -15.0219 4
    endloop
  endfacet
  facet normal 0.453983 0.89101 -0
    outer loop
      vertex 26 -15.5359 4
      vertex 25.6269 -15.3458 26
      vertex 26 -15.5359 26
    endloop
  endfacet
  facet normal 0.453983 0.89101 0
    outer loop
      vertex 25.6269 -15.3458 26
      vertex 26 -15.5359 4
      vertex 25.6269 -15.3458 4
    endloop
  endfacet
  facet normal 0.629315 0.77715 -0
    outer loop
      vertex 26.6765 -16.0274 4
      vertex 26.3511 -15.7639 26
      vertex 26.6765 -16.0274 26
    endloop
  endfacet
  facet normal 0.629315 0.77715 0
    outer loop
      vertex 26.3511 -15.7639 26
      vertex 26.6765 -16.0274 4
      vertex 26.3511 -15.7639 4
    endloop
  endfacet
  facet normal -0.965917 0.258851 0
    outer loop
      vertex 20.0874 -18.1684 4
      vertex 20.1958 -17.7639 26
      vertex 20.1958 -17.7639 4
    endloop
  endfacet
  facet normal -0.965917 0.258851 0
    outer loop
      vertex 20.1958 -17.7639 26
      vertex 20.0874 -18.1684 4
      vertex 20.0874 -18.1684 26
    endloop
  endfacet
  facet normal -0.77715 0.629315 0
    outer loop
      vertex 20.7639 -16.6489 4
      vertex 21.0274 -16.3235 26
      vertex 21.0274 -16.3235 4
    endloop
  endfacet
  facet normal -0.77715 0.629315 0
    outer loop
      vertex 21.0274 -16.3235 26
      vertex 20.7639 -16.6489 4
      vertex 20.7639 -16.6489 26
    endloop
  endfacet
  facet normal -0.707107 0.707107 0
    outer loop
      vertex 21.0274 -16.3235 4
      vertex 21.3235 -16.0274 26
      vertex 21.3235 -16.0274 4
    endloop
  endfacet
  facet normal -0.707107 0.707107 0
    outer loop
      vertex 21.3235 -16.0274 26
      vertex 21.0274 -16.3235 4
      vertex 21.0274 -16.3235 26
    endloop
  endfacet
  facet normal -0.838678 0.544627 0
    outer loop
      vertex 20.5359 -17 4
      vertex 20.7639 -16.6489 26
      vertex 20.7639 -16.6489 4
    endloop
  endfacet
  facet normal -0.838678 0.544627 0
    outer loop
      vertex 20.7639 -16.6489 26
      vertex 20.5359 -17 4
      vertex 20.5359 -17 26
    endloop
  endfacet
  facet normal -0.933592 0.358339 0
    outer loop
      vertex 20.1958 -17.7639 4
      vertex 20.3458 -17.3731 26
      vertex 20.3458 -17.3731 4
    endloop
  endfacet
  facet normal -0.933592 0.358339 0
    outer loop
      vertex 20.3458 -17.3731 26
      vertex 20.1958 -17.7639 4
      vertex 20.1958 -17.7639 26
    endloop
  endfacet
  facet normal -0.987685 0.156453 0
    outer loop
      vertex 20.0219 -18.5819 4
      vertex 20.0874 -18.1684 26
      vertex 20.0874 -18.1684 4
    endloop
  endfacet
  facet normal -0.987685 0.156453 0
    outer loop
      vertex 20.0874 -18.1684 26
      vertex 20.0219 -18.5819 4
      vertex 20.0219 -18.5819 26
    endloop
  endfacet
  facet normal 0 0 1
    outer loop
      vertex 25.6 -19 26
      vertex 28 -19 26
      vertex 27.9781 -18.5819 26
    endloop
  endfacet
  facet normal 0 0 1
    outer loop
      vertex 25.5912 -18.8328 26
      vertex 27.9781 -18.5819 26
      vertex 27.9126 -18.1684 26
    endloop
  endfacet
  facet normal 0 0 1
    outer loop
      vertex 28 -19 26
      vertex 25.6 -19 26
      vertex 27.9781 -19.4181 26
    endloop
  endfacet
  facet normal 0 0 1
    outer loop
      vertex 25.565 -18.6673 26
      vertex 27.9126 -18.1684 26
      vertex 27.8042 -17.7639 26
    endloop
  endfacet
  facet normal -0 0 1
    outer loop
      vertex 25.5912 -19.1672 26
      vertex 27.9781 -19.4181 26
      vertex 25.6 -19 26
    endloop
  endfacet
  facet normal 0 0 1
    outer loop
      vertex 25.5217 -18.5056 26
      vertex 27.8042 -17.7639 26
      vertex 27.6542 -17.3731 26
    endloop
  endfacet
  facet normal 0 0 1
    outer loop
      vertex 27.9781 -19.4181 26
      vertex 25.5912 -19.1672 26
      vertex 27.9126 -19.8316 26
    endloop
  endfacet
  facet normal 0 0 1
    outer loop
      vertex 25.4617 -18.3492 26
      vertex 27.6542 -17.3731 26
      vertex 27.4641 -17 26
    endloop
  endfacet
  facet normal -0 0 1
    outer loop
      vertex 25.565 -19.3327 26
      vertex 27.9126 -19.8316 26
      vertex 25.5912 -19.1672 26
    endloop
  endfacet
  facet normal 0 0 1
    outer loop
      vertex 25.3856 -18.2 26
      vertex 27.4641 -17 26
      vertex 27.2361 -16.6489 26
    endloop
  endfacet
  facet normal 0 0 1
    outer loop
      vertex 27.9126 -19.8316 26
      vertex 25.565 -19.3327 26
      vertex 27.8042 -20.2361 26
    endloop
  endfacet
  facet normal 0 0 1
    outer loop
      vertex 25.2944 -18.0595 26
      vertex 27.2361 -16.6489 26
      vertex 26.9726 -16.3235 26
    endloop
  endfacet
  facet normal -0 0 1
    outer loop
      vertex 25.5217 -19.4944 26
      vertex 27.8042 -20.2361 26
      vertex 25.565 -19.3327 26
    endloop
  endfacet
  facet normal 0 0 1
    outer loop
      vertex 25.189 -17.9294 26
      vertex 26.9726 -16.3235 26
      vertex 26.6765 -16.0274 26
    endloop
  endfacet
  facet normal 0 0 1
    outer loop
      vertex 27.8042 -20.2361 26
      vertex 25.5217 -19.4944 26
      vertex 27.6542 -20.6269 26
    endloop
  endfacet
  facet normal 0 0 1
    outer loop
      vertex 25.0706 -17.811 26
      vertex 26.6765 -16.0274 26
      vertex 26.3511 -15.7639 26
    endloop
  endfacet
  facet normal -0 0 1
    outer loop
      vertex 25.4617 -19.6508 26
      vertex 27.6542 -20.6269 26
      vertex 25.5217 -19.4944 26
    endloop
  endfacet
  facet normal 0 0 1
    outer loop
      vertex 24.9405 -17.7056 26
      vertex 26.3511 -15.7639 26
      vertex 26 -15.5359 26
    endloop
  endfacet
  facet normal 0 0 1
    outer loop
      vertex 27.6542 -20.6269 26
      vertex 25.4617 -19.6508 26
      vertex 27.4641 -21 26
    endloop
  endfacet
  facet normal 0 0 1
    outer loop
      vertex 24.8 -17.6144 26
      vertex 26 -15.5359 26
      vertex 25.6269 -15.3458 26
    endloop
  endfacet
  facet normal -0 0 1
    outer loop
      vertex 25.3856 -19.8 26
      vertex 27.4641 -21 26
      vertex 25.4617 -19.6508 26
    endloop
  endfacet
  facet normal 0 0 1
    outer loop
      vertex 27.4641 -21 26
      vertex 25.3856 -19.8 26
      vertex 27.2361 -21.3511 26
    endloop
  endfacet
  facet normal 0 0 1
    outer loop
      vertex 27.9781 -18.5819 26
      vertex 25.5912 -18.8328 26
      vertex 25.6 -19 26
    endloop
  endfacet
  facet normal 0 0 1
    outer loop
      vertex 27.9126 -18.1684 26
      vertex 25.565 -18.6673 26
      vertex 25.5912 -18.8328 26
    endloop
  endfacet
  facet normal 0 0 1
    outer loop
      vertex 27.8042 -17.7639 26
      vertex 25.5217 -18.5056 26
      vertex 25.565 -18.6673 26
    endloop
  endfacet
  facet normal 0 0 1
    outer loop
      vertex 27.6542 -17.3731 26
      vertex 25.4617 -18.3492 26
      vertex 25.5217 -18.5056 26
    endloop
  endfacet
  facet normal 0 0 1
    outer loop
      vertex 27.4641 -17 26
      vertex 25.3856 -18.2 26
      vertex 25.4617 -18.3492 26
    endloop
  endfacet
  facet normal 0 0 1
    outer loop
      vertex 27.2361 -16.6489 26
      vertex 25.2944 -18.0595 26
      vertex 25.3856 -18.2 26
    endloop
  endfacet
  facet normal 0 0 1
    outer loop
      vertex 24.6508 -17.5383 26
      vertex 25.6269 -15.3458 26
      vertex 25.2361 -15.1958 26
    endloop
  endfacet
  facet normal 0 0 1
    outer loop
      vertex 26.9726 -16.3235 26
      vertex 25.189 -17.9294 26
      vertex 25.2944 -18.0595 26
    endloop
  endfacet
  facet normal 0 0 1
    outer loop
      vertex 26.6765 -16.0274 26
      vertex 25.0706 -17.811 26
      vertex 25.189 -17.9294 26
    endloop
  endfacet
  facet normal 0 0 1
    outer loop
      vertex 26.3511 -15.7639 26
      vertex 24.9405 -17.7056 26
      vertex 25.0706 -17.811 26
    endloop
  endfacet
  facet normal 0 0 1
    outer loop
      vertex 24.4944 -17.4783 26
      vertex 25.2361 -15.1958 26
      vertex 24.8316 -15.0874 26
    endloop
  endfacet
  facet normal 0 0 1
    outer loop
      vertex 26 -15.5359 26
      vertex 24.8 -17.6144 26
      vertex 24.9405 -17.7056 26
    endloop
  endfacet
  facet normal 0 0 1
    outer loop
      vertex 25.6269 -15.3458 26
      vertex 24.6508 -17.5383 26
      vertex 24.8 -17.6144 26
    endloop
  endfacet
  facet normal 0 0 1
    outer loop
      vertex 25.2361 -15.1958 26
      vertex 24.4944 -17.4783 26
      vertex 24.6508 -17.5383 26
    endloop
  endfacet
  facet normal 0 0 1
    outer loop
      vertex 24.3327 -17.435 26
      vertex 24.8316 -15.0874 26
      vertex 24.4181 -15.0219 26
    endloop
  endfacet
  facet normal 0 0 1
    outer loop
      vertex 24.8316 -15.0874 26
      vertex 24.3327 -17.435 26
      vertex 24.4944 -17.4783 26
    endloop
  endfacet
  facet normal 0 0 1
    outer loop
      vertex 24.4181 -15.0219 26
      vertex 24.1672 -17.4088 26
      vertex 24.3327 -17.435 26
    endloop
  endfacet
  facet normal 0 0 1
    outer loop
      vertex 24 -15 26
      vertex 24.1672 -17.4088 26
      vertex 24.4181 -15.0219 26
    endloop
  endfacet
  facet normal 0 0 1
    outer loop
      vertex 24 -15 26
      vertex 24 -17.4 26
      vertex 24.1672 -17.4088 26
    endloop
  endfacet
  facet normal 0 0 1
    outer loop
      vertex 24 -15 26
      vertex 23.8328 -17.4088 26
      vertex 24 -17.4 26
    endloop
  endfacet
  facet normal -0 0 1
    outer loop
      vertex 23.5819 -15.0219 26
      vertex 23.8328 -17.4088 26
      vertex 24 -15 26
    endloop
  endfacet
  facet normal 0 0 1
    outer loop
      vertex 23.8328 -17.4088 26
      vertex 23.5819 -15.0219 26
      vertex 23.6673 -17.435 26
    endloop
  endfacet
  facet normal -0 0 1
    outer loop
      vertex 23.1684 -15.0874 26
      vertex 23.6673 -17.435 26
      vertex 23.5819 -15.0219 26
    endloop
  endfacet
  facet normal 0 0 1
    outer loop
      vertex 23.6673 -17.435 26
      vertex 23.1684 -15.0874 26
      vertex 23.5056 -17.4783 26
    endloop
  endfacet
  facet normal -0 0 1
    outer loop
      vertex 22.7639 -15.1958 26
      vertex 23.5056 -17.4783 26
      vertex 23.1684 -15.0874 26
    endloop
  endfacet
  facet normal 0 0 1
    outer loop
      vertex 23.5056 -17.4783 26
      vertex 22.7639 -15.1958 26
      vertex 23.3492 -17.5383 26
    endloop
  endfacet
  facet normal -0 0 1
    outer loop
      vertex 22.3731 -15.3458 26
      vertex 23.3492 -17.5383 26
      vertex 22.7639 -15.1958 26
    endloop
  endfacet
  facet normal 0 0 1
    outer loop
      vertex 23.3492 -17.5383 26
      vertex 22.3731 -15.3458 26
      vertex 23.2 -17.6144 26
    endloop
  endfacet
  facet normal -0 0 1
    outer loop
      vertex 22 -15.5359 26
      vertex 23.2 -17.6144 26
      vertex 22.3731 -15.3458 26
    endloop
  endfacet
  facet normal 0 0 1
    outer loop
      vertex 23.2 -17.6144 26
      vertex 22 -15.5359 26
      vertex 23.0595 -17.7056 26
    endloop
  endfacet
  facet normal -0 0 1
    outer loop
      vertex 21.6489 -15.7639 26
      vertex 23.0595 -17.7056 26
      vertex 22 -15.5359 26
    endloop
  endfacet
  facet normal 0 0 1
    outer loop
      vertex 23.0595 -17.7056 26
      vertex 21.6489 -15.7639 26
      vertex 22.9294 -17.811 26
    endloop
  endfacet
  facet normal -0 0 1
    outer loop
      vertex 21.3235 -16.0274 26
      vertex 22.9294 -17.811 26
      vertex 21.6489 -15.7639 26
    endloop
  endfacet
  facet normal 0 0 1
    outer loop
      vertex 22.9294 -17.811 26
      vertex 21.3235 -16.0274 26
      vertex 22.811 -17.9294 26
    endloop
  endfacet
  facet normal -0 0 1
    outer loop
      vertex 21.0274 -16.3235 26
      vertex 22.811 -17.9294 26
      vertex 21.3235 -16.0274 26
    endloop
  endfacet
  facet normal 0 0 1
    outer loop
      vertex 22.811 -17.9294 26
      vertex 21.0274 -16.3235 26
      vertex 22.7056 -18.0595 26
    endloop
  endfacet
  facet normal 0 0 1
    outer loop
      vertex 22.7056 -18.0595 26
      vertex 20.7639 -16.6489 26
      vertex 22.6144 -18.2 26
    endloop
  endfacet
  facet normal -0 0 1
    outer loop
      vertex 20.7639 -16.6489 26
      vertex 22.7056 -18.0595 26
      vertex 21.0274 -16.3235 26
    endloop
  endfacet
  facet normal -0 0 1
    outer loop
      vertex 25.2944 -19.9405 26
      vertex 27.2361 -21.3511 26
      vertex 25.3856 -19.8 26
    endloop
  endfacet
  facet normal 0 0 1
    outer loop
      vertex 27.2361 -21.3511 26
      vertex 25.2944 -19.9405 26
      vertex 26.9726 -21.6765 26
    endloop
  endfacet
  facet normal -0 0 1
    outer loop
      vertex 25.189 -20.0706 26
      vertex 26.9726 -21.6765 26
      vertex 25.2944 -19.9405 26
    endloop
  endfacet
  facet normal 0 0 1
    outer loop
      vertex 26.9726 -21.6765 26
      vertex 25.189 -20.0706 26
      vertex 26.6765 -21.9726 26
    endloop
  endfacet
  facet normal -0 0 1
    outer loop
      vertex 25.0706 -20.189 26
      vertex 26.6765 -21.9726 26
      vertex 25.189 -20.0706 26
    endloop
  endfacet
  facet normal 0 0 1
    outer loop
      vertex 26.6765 -21.9726 26
      vertex 25.0706 -20.189 26
      vertex 26.3511 -22.2361 26
    endloop
  endfacet
  facet normal -0 0 1
    outer loop
      vertex 24.9405 -20.2944 26
      vertex 26.3511 -22.2361 26
      vertex 25.0706 -20.189 26
    endloop
  endfacet
  facet normal 0 0 1
    outer loop
      vertex 26.3511 -22.2361 26
      vertex 24.9405 -20.2944 26
      vertex 26 -22.4641 26
    endloop
  endfacet
  facet normal -0 0 1
    outer loop
      vertex 24.8 -20.3856 26
      vertex 26 -22.4641 26
      vertex 24.9405 -20.2944 26
    endloop
  endfacet
  facet normal 0 0 1
    outer loop
      vertex 26 -22.4641 26
      vertex 24.8 -20.3856 26
      vertex 25.6269 -22.6542 26
    endloop
  endfacet
  facet normal -0 0 1
    outer loop
      vertex 24.6508 -20.4617 26
      vertex 25.6269 -22.6542 26
      vertex 24.8 -20.3856 26
    endloop
  endfacet
  facet normal 0 0 1
    outer loop
      vertex 25.6269 -22.6542 26
      vertex 24.6508 -20.4617 26
      vertex 25.2361 -22.8042 26
    endloop
  endfacet
  facet normal -0 0 1
    outer loop
      vertex 24.4944 -20.5217 26
      vertex 25.2361 -22.8042 26
      vertex 24.6508 -20.4617 26
    endloop
  endfacet
  facet normal 0 0 1
    outer loop
      vertex 25.2361 -22.8042 26
      vertex 24.4944 -20.5217 26
      vertex 24.8316 -22.9126 26
    endloop
  endfacet
  facet normal -0 0 1
    outer loop
      vertex 24.3327 -20.565 26
      vertex 24.8316 -22.9126 26
      vertex 24.4944 -20.5217 26
    endloop
  endfacet
  facet normal 0 0 1
    outer loop
      vertex 24.8316 -22.9126 26
      vertex 24.3327 -20.565 26
      vertex 24.4181 -22.9781 26
    endloop
  endfacet
  facet normal -0 0 1
    outer loop
      vertex 24.1672 -20.5912 26
      vertex 24.4181 -22.9781 26
      vertex 24.3327 -20.565 26
    endloop
  endfacet
  facet normal -0 0 1
    outer loop
      vertex 24 -20.6 26
      vertex 24.4181 -22.9781 26
      vertex 24.1672 -20.5912 26
    endloop
  endfacet
  facet normal 0 0 1
    outer loop
      vertex 24 -20.6 26
      vertex 24 -23 26
      vertex 24.4181 -22.9781 26
    endloop
  endfacet
  facet normal 0 0 1
    outer loop
      vertex 23.8328 -20.5912 26
      vertex 24 -23 26
      vertex 24 -20.6 26
    endloop
  endfacet
  facet normal 0 0 1
    outer loop
      vertex 23.5819 -22.9781 26
      vertex 23.8328 -20.5912 26
      vertex 23.6673 -20.565 26
    endloop
  endfacet
  facet normal 0 0 1
    outer loop
      vertex 23.8328 -20.5912 26
      vertex 23.5819 -22.9781 26
      vertex 24 -23 26
    endloop
  endfacet
  facet normal 0 0 1
    outer loop
      vertex 23.1684 -22.9126 26
      vertex 23.6673 -20.565 26
      vertex 23.5056 -20.5217 26
    endloop
  endfacet
  facet normal 0 0 1
    outer loop
      vertex 22.7639 -22.8042 26
      vertex 23.5056 -20.5217 26
      vertex 23.3492 -20.4617 26
    endloop
  endfacet
  facet normal 0 0 1
    outer loop
      vertex 22.3731 -22.6542 26
      vertex 23.3492 -20.4617 26
      vertex 23.2 -20.3856 26
    endloop
  endfacet
  facet normal 0 0 1
    outer loop
      vertex 23.6673 -20.565 26
      vertex 23.1684 -22.9126 26
      vertex 23.5819 -22.9781 26
    endloop
  endfacet
  facet normal 0 0 1
    outer loop
      vertex 22 -22.4641 26
      vertex 23.2 -20.3856 26
      vertex 23.0595 -20.2944 26
    endloop
  endfacet
  facet normal 0 0 1
    outer loop
      vertex 21.6489 -22.2361 26
      vertex 23.0595 -20.2944 26
      vertex 22.9294 -20.189 26
    endloop
  endfacet
  facet normal 0 0 1
    outer loop
      vertex 21.3235 -21.9726 26
      vertex 22.9294 -20.189 26
      vertex 22.811 -20.0706 26
    endloop
  endfacet
  facet normal 0 0 1
    outer loop
      vertex 23.5056 -20.5217 26
      vertex 22.7639 -22.8042 26
      vertex 23.1684 -22.9126 26
    endloop
  endfacet
  facet normal 0 0 1
    outer loop
      vertex 21.0274 -21.6765 26
      vertex 22.811 -20.0706 26
      vertex 22.7056 -19.9405 26
    endloop
  endfacet
  facet normal 0 0 1
    outer loop
      vertex 20.7639 -21.3511 26
      vertex 22.7056 -19.9405 26
      vertex 22.6144 -19.8 26
    endloop
  endfacet
  facet normal 0 0 1
    outer loop
      vertex 20.5359 -21 26
      vertex 22.6144 -19.8 26
      vertex 22.5383 -19.6508 26
    endloop
  endfacet
  facet normal 0 0 1
    outer loop
      vertex 20.3458 -20.6269 26
      vertex 22.5383 -19.6508 26
      vertex 22.4783 -19.4944 26
    endloop
  endfacet
  facet normal 0 0 1
    outer loop
      vertex 20.1958 -20.2361 26
      vertex 22.4783 -19.4944 26
      vertex 22.435 -19.3327 26
    endloop
  endfacet
  facet normal 0 0 1
    outer loop
      vertex 20.0874 -19.8316 26
      vertex 22.435 -19.3327 26
      vertex 22.4088 -19.1672 26
    endloop
  endfacet
  facet normal 0 0 1
    outer loop
      vertex 23.3492 -20.4617 26
      vertex 22.3731 -22.6542 26
      vertex 22.7639 -22.8042 26
    endloop
  endfacet
  facet normal 0 0 1
    outer loop
      vertex 20.0219 -19.4181 26
      vertex 22.4088 -19.1672 26
      vertex 22.4 -19 26
    endloop
  endfacet
  facet normal -0 0 1
    outer loop
      vertex 20.5359 -17 26
      vertex 22.6144 -18.2 26
      vertex 20.7639 -16.6489 26
    endloop
  endfacet
  facet normal 0 0 1
    outer loop
      vertex 22.6144 -18.2 26
      vertex 20.5359 -17 26
      vertex 22.5383 -18.3492 26
    endloop
  endfacet
  facet normal 0 0 1
    outer loop
      vertex 23.2 -20.3856 26
      vertex 22 -22.4641 26
      vertex 22.3731 -22.6542 26
    endloop
  endfacet
  facet normal -0 0 1
    outer loop
      vertex 20.3458 -17.3731 26
      vertex 22.5383 -18.3492 26
      vertex 20.5359 -17 26
    endloop
  endfacet
  facet normal 0 0 1
    outer loop
      vertex 23.0595 -20.2944 26
      vertex 21.6489 -22.2361 26
      vertex 22 -22.4641 26
    endloop
  endfacet
  facet normal 0 0 1
    outer loop
      vertex 22.5383 -18.3492 26
      vertex 20.3458 -17.3731 26
      vertex 22.4783 -18.5056 26
    endloop
  endfacet
  facet normal 0 0 1
    outer loop
      vertex 22.9294 -20.189 26
      vertex 21.3235 -21.9726 26
      vertex 21.6489 -22.2361 26
    endloop
  endfacet
  facet normal -0 0 1
    outer loop
      vertex 20.1958 -17.7639 26
      vertex 22.4783 -18.5056 26
      vertex 20.3458 -17.3731 26
    endloop
  endfacet
  facet normal 0 0 1
    outer loop
      vertex 22.811 -20.0706 26
      vertex 21.0274 -21.6765 26
      vertex 21.3235 -21.9726 26
    endloop
  endfacet
  facet normal 0 0 1
    outer loop
      vertex 22.4783 -18.5056 26
      vertex 20.1958 -17.7639 26
      vertex 22.435 -18.6673 26
    endloop
  endfacet
  facet normal 0 0 1
    outer loop
      vertex 22.7056 -19.9405 26
      vertex 20.7639 -21.3511 26
      vertex 21.0274 -21.6765 26
    endloop
  endfacet
  facet normal -0 0 1
    outer loop
      vertex 20.0874 -18.1684 26
      vertex 22.435 -18.6673 26
      vertex 20.1958 -17.7639 26
    endloop
  endfacet
  facet normal 0 0 1
    outer loop
      vertex 22.6144 -19.8 26
      vertex 20.5359 -21 26
      vertex 20.7639 -21.3511 26
    endloop
  endfacet
  facet normal 0 0 1
    outer loop
      vertex 22.435 -18.6673 26
      vertex 20.0874 -18.1684 26
      vertex 22.4088 -18.8328 26
    endloop
  endfacet
  facet normal 0 0 1
    outer loop
      vertex 22.5383 -19.6508 26
      vertex 20.3458 -20.6269 26
      vertex 20.5359 -21 26
    endloop
  endfacet
  facet normal -0 0 1
    outer loop
      vertex 20.0219 -18.5819 26
      vertex 22.4088 -18.8328 26
      vertex 20.0874 -18.1684 26
    endloop
  endfacet
  facet normal 0 0 1
    outer loop
      vertex 22.4783 -19.4944 26
      vertex 20.1958 -20.2361 26
      vertex 20.3458 -20.6269 26
    endloop
  endfacet
  facet normal 0 0 1
    outer loop
      vertex 22.4088 -18.8328 26
      vertex 20.0219 -18.5819 26
      vertex 22.4 -19 26
    endloop
  endfacet
  facet normal 0 0 1
    outer loop
      vertex 22.435 -19.3327 26
      vertex 20.0874 -19.8316 26
      vertex 20.1958 -20.2361 26
    endloop
  endfacet
  facet normal 0 0 1
    outer loop
      vertex 20 -19 26
      vertex 22.4 -19 26
      vertex 20.0219 -18.5819 26
    endloop
  endfacet
  facet normal 0 0 1
    outer loop
      vertex 22.4088 -19.1672 26
      vertex 20.0219 -19.4181 26
      vertex 20.0874 -19.8316 26
    endloop
  endfacet
  facet normal 0 0 1
    outer loop
      vertex 22.4 -19 26
      vertex 20 -19 26
      vertex 20.0219 -19.4181 26
    endloop
  endfacet
  facet normal -0.453983 0.89101 0
    outer loop
      vertex 22.3731 -15.3458 4
      vertex 22 -15.5359 26
      vertex 22.3731 -15.3458 26
    endloop
  endfacet
  facet normal -0.453983 0.89101 0
    outer loop
      vertex 22 -15.5359 26
      vertex 22.3731 -15.3458 4
      vertex 22 -15.5359 4
    endloop
  endfacet
  facet normal -0.358339 0.933592 0
    outer loop
      vertex 22.7639 -15.1958 4
      vertex 22.3731 -15.3458 26
      vertex 22.7639 -15.1958 26
    endloop
  endfacet
  facet normal -0.358339 0.933592 0
    outer loop
      vertex 22.3731 -15.3458 26
      vertex 22.7639 -15.1958 4
      vertex 22.3731 -15.3458 4
    endloop
  endfacet
  facet normal -0.544627 0.838678 0
    outer loop
      vertex 22 -15.5359 4
      vertex 21.6489 -15.7639 26
      vertex 22 -15.5359 26
    endloop
  endfacet
  facet normal -0.544627 0.838678 0
    outer loop
      vertex 21.6489 -15.7639 26
      vertex 22 -15.5359 4
      vertex 21.6489 -15.7639 4
    endloop
  endfacet
  facet normal -0.156453 0.987685 0
    outer loop
      vertex 23.5819 -15.0219 4
      vertex 23.1684 -15.0874 26
      vertex 23.5819 -15.0219 26
    endloop
  endfacet
  facet normal -0.156453 0.987685 0
    outer loop
      vertex 23.1684 -15.0874 26
      vertex 23.5819 -15.0219 4
      vertex 23.1684 -15.0874 4
    endloop
  endfacet
  facet normal 0.998631 -0.0523081 0
    outer loop
      vertex 27.9781 -19.4181 26
      vertex 28 -19 4
      vertex 28 -19 26
    endloop
  endfacet
  facet normal 0.998631 -0.0523081 0
    outer loop
      vertex 28 -19 4
      vertex 27.9781 -19.4181 26
      vertex 27.9781 -19.4181 4
    endloop
  endfacet
  facet normal 0.0523081 -0.998631 0
    outer loop
      vertex 24 -23 4
      vertex 24.4181 -22.9781 26
      vertex 24 -23 26
    endloop
  endfacet
  facet normal 0.0523081 -0.998631 0
    outer loop
      vertex 24.4181 -22.9781 26
      vertex 24 -23 4
      vertex 24.4181 -22.9781 4
    endloop
  endfacet
  facet normal 0.258851 -0.965917 0
    outer loop
      vertex 24.8316 -22.9126 4
      vertex 25.2361 -22.8042 26
      vertex 24.8316 -22.9126 26
    endloop
  endfacet
  facet normal 0.258851 -0.965917 0
    outer loop
      vertex 25.2361 -22.8042 26
      vertex 24.8316 -22.9126 4
      vertex 25.2361 -22.8042 4
    endloop
  endfacet
  facet normal 0.629315 -0.77715 0
    outer loop
      vertex 26.3511 -22.2361 4
      vertex 26.6765 -21.9726 26
      vertex 26.3511 -22.2361 26
    endloop
  endfacet
  facet normal 0.629315 -0.77715 0
    outer loop
      vertex 26.6765 -21.9726 26
      vertex 26.3511 -22.2361 4
      vertex 26.6765 -21.9726 4
    endloop
  endfacet
  facet normal 0.453983 -0.89101 0
    outer loop
      vertex 25.6269 -22.6542 4
      vertex 26 -22.4641 26
      vertex 25.6269 -22.6542 26
    endloop
  endfacet
  facet normal 0.453983 -0.89101 0
    outer loop
      vertex 26 -22.4641 26
      vertex 25.6269 -22.6542 4
      vertex 26 -22.4641 4
    endloop
  endfacet
  facet normal 0.77715 -0.629315 0
    outer loop
      vertex 26.9726 -21.6765 26
      vertex 27.2361 -21.3511 4
      vertex 27.2361 -21.3511 26
    endloop
  endfacet
  facet normal 0.77715 -0.629315 0
    outer loop
      vertex 27.2361 -21.3511 4
      vertex 26.9726 -21.6765 26
      vertex 26.9726 -21.6765 4
    endloop
  endfacet
  facet normal 0.89101 -0.453983 0
    outer loop
      vertex 27.4641 -21 26
      vertex 27.6542 -20.6269 4
      vertex 27.6542 -20.6269 26
    endloop
  endfacet
  facet normal 0.89101 -0.453983 0
    outer loop
      vertex 27.6542 -20.6269 4
      vertex 27.4641 -21 26
      vertex 27.4641 -21 4
    endloop
  endfacet
  facet normal -0.707107 -0.707107 0
    outer loop
      vertex 21.3235 -21.9726 4
      vertex 21.0274 -21.6765 26
      vertex 21.0274 -21.6765 4
    endloop
  endfacet
  facet normal -0.707107 -0.707107 0
    outer loop
      vertex 21.0274 -21.6765 26
      vertex 21.3235 -21.9726 4
      vertex 21.3235 -21.9726 26
    endloop
  endfacet
  facet normal -0.544627 -0.838678 0
    outer loop
      vertex 21.6489 -22.2361 4
      vertex 22 -22.4641 26
      vertex 21.6489 -22.2361 26
    endloop
  endfacet
  facet normal -0.544627 -0.838678 -0
    outer loop
      vertex 22 -22.4641 26
      vertex 21.6489 -22.2361 4
      vertex 22 -22.4641 4
    endloop
  endfacet
  facet normal -0.358339 -0.933592 0
    outer loop
      vertex 22.3731 -22.6542 4
      vertex 22.7639 -22.8042 26
      vertex 22.3731 -22.6542 26
    endloop
  endfacet
  facet normal -0.358339 -0.933592 -0
    outer loop
      vertex 22.7639 -22.8042 26
      vertex 22.3731 -22.6542 4
      vertex 22.7639 -22.8042 4
    endloop
  endfacet
  facet normal -0.156453 -0.987685 0
    outer loop
      vertex 23.1684 -22.9126 4
      vertex 23.5819 -22.9781 26
      vertex 23.1684 -22.9126 26
    endloop
  endfacet
  facet normal -0.156453 -0.987685 -0
    outer loop
      vertex 23.5819 -22.9781 26
      vertex 23.1684 -22.9126 4
      vertex 23.5819 -22.9781 4
    endloop
  endfacet
  facet normal -0.933592 -0.358339 0
    outer loop
      vertex 20.3458 -20.6269 4
      vertex 20.1958 -20.2361 26
      vertex 20.1958 -20.2361 4
    endloop
  endfacet
  facet normal -0.933592 -0.358339 0
    outer loop
      vertex 20.1958 -20.2361 26
      vertex 20.3458 -20.6269 4
      vertex 20.3458 -20.6269 26
    endloop
  endfacet
  facet normal -0.838678 -0.544627 0
    outer loop
      vertex 20.7639 -21.3511 4
      vertex 20.5359 -21 26
      vertex 20.5359 -21 4
    endloop
  endfacet
  facet normal -0.838678 -0.544627 0
    outer loop
      vertex 20.5359 -21 26
      vertex 20.7639 -21.3511 4
      vertex 20.7639 -21.3511 26
    endloop
  endfacet
  facet normal -0.987685 -0.156453 0
    outer loop
      vertex 20.0874 -19.8316 4
      vertex 20.0219 -19.4181 26
      vertex 20.0219 -19.4181 4
    endloop
  endfacet
  facet normal -0.987685 -0.156453 0
    outer loop
      vertex 20.0219 -19.4181 26
      vertex 20.0874 -19.8316 4
      vertex 20.0874 -19.8316 26
    endloop
  endfacet
  facet normal 0.156453 -0.987685 0
    outer loop
      vertex 24.4181 -22.9781 4
      vertex 24.8316 -22.9126 26
      vertex 24.4181 -22.9781 26
    endloop
  endfacet
  facet normal 0.156453 -0.987685 0
    outer loop
      vertex 24.8316 -22.9126 26
      vertex 24.4181 -22.9781 4
      vertex 24.8316 -22.9126 4
    endloop
  endfacet
  facet normal 0.358339 -0.933592 0
    outer loop
      vertex 25.2361 -22.8042 4
      vertex 25.6269 -22.6542 26
      vertex 25.2361 -22.8042 26
    endloop
  endfacet
  facet normal 0.358339 -0.933592 0
    outer loop
      vertex 25.6269 -22.6542 26
      vertex 25.2361 -22.8042 4
      vertex 25.6269 -22.6542 4
    endloop
  endfacet
  facet normal 0.707107 -0.707107 0
    outer loop
      vertex 26.6765 -21.9726 26
      vertex 26.9726 -21.6765 4
      vertex 26.9726 -21.6765 26
    endloop
  endfacet
  facet normal 0.707107 -0.707107 0
    outer loop
      vertex 26.9726 -21.6765 4
      vertex 26.6765 -21.9726 26
      vertex 26.6765 -21.9726 4
    endloop
  endfacet
  facet normal 0.544627 -0.838678 0
    outer loop
      vertex 26 -22.4641 4
      vertex 26.3511 -22.2361 26
      vertex 26 -22.4641 26
    endloop
  endfacet
  facet normal 0.544627 -0.838678 0
    outer loop
      vertex 26.3511 -22.2361 26
      vertex 26 -22.4641 4
      vertex 26.3511 -22.2361 4
    endloop
  endfacet
  facet normal 0.838678 -0.544627 0
    outer loop
      vertex 27.2361 -21.3511 26
      vertex 27.4641 -21 4
      vertex 27.4641 -21 26
    endloop
  endfacet
  facet normal 0.838678 -0.544627 0
    outer loop
      vertex 27.4641 -21 4
      vertex 27.2361 -21.3511 26
      vertex 27.2361 -21.3511 4
    endloop
  endfacet
  facet normal 0.987685 -0.156453 0
    outer loop
      vertex 27.9126 -19.8316 26
      vertex 27.9781 -19.4181 4
      vertex 27.9781 -19.4181 26
    endloop
  endfacet
  facet normal 0.987685 -0.156453 0
    outer loop
      vertex 27.9781 -19.4181 4
      vertex 27.9126 -19.8316 26
      vertex 27.9126 -19.8316 4
    endloop
  endfacet
  facet normal 0.965917 -0.258851 0
    outer loop
      vertex 27.8042 -20.2361 26
      vertex 27.9126 -19.8316 4
      vertex 27.9126 -19.8316 26
    endloop
  endfacet
  facet normal 0.965917 -0.258851 0
    outer loop
      vertex 27.9126 -19.8316 4
      vertex 27.8042 -20.2361 26
      vertex 27.8042 -20.2361 4
    endloop
  endfacet
  facet normal -0.629315 -0.77715 0
    outer loop
      vertex 21.3235 -21.9726 4
      vertex 21.6489 -22.2361 26
      vertex 21.3235 -21.9726 26
    endloop
  endfacet
  facet normal -0.629315 -0.77715 -0
    outer loop
      vertex 21.6489 -22.2361 26
      vertex 21.3235 -21.9726 4
      vertex 21.6489 -22.2361 4
    endloop
  endfacet
  facet normal -0.453983 -0.89101 0
    outer loop
      vertex 22 -22.4641 4
      vertex 22.3731 -22.6542 26
      vertex 22 -22.4641 26
    endloop
  endfacet
  facet normal -0.453983 -0.89101 -0
    outer loop
      vertex 22.3731 -22.6542 26
      vertex 22 -22.4641 4
      vertex 22.3731 -22.6542 4
    endloop
  endfacet
  facet normal -0.258851 -0.965917 0
    outer loop
      vertex 22.7639 -22.8042 4
      vertex 23.1684 -22.9126 26
      vertex 22.7639 -22.8042 26
    endloop
  endfacet
  facet normal -0.258851 -0.965917 -0
    outer loop
      vertex 23.1684 -22.9126 26
      vertex 22.7639 -22.8042 4
      vertex 23.1684 -22.9126 4
    endloop
  endfacet
  facet normal -0.89101 -0.453983 0
    outer loop
      vertex 20.5359 -21 4
      vertex 20.3458 -20.6269 26
      vertex 20.3458 -20.6269 4
    endloop
  endfacet
  facet normal -0.89101 -0.453983 0
    outer loop
      vertex 20.3458 -20.6269 26
      vertex 20.5359 -21 4
      vertex 20.5359 -21 26
    endloop
  endfacet
  facet normal -0.77715 -0.629315 0
    outer loop
      vertex 21.0274 -21.6765 4
      vertex 20.7639 -21.3511 26
      vertex 20.7639 -21.3511 4
    endloop
  endfacet
  facet normal -0.77715 -0.629315 0
    outer loop
      vertex 20.7639 -21.3511 26
      vertex 21.0274 -21.6765 4
      vertex 21.0274 -21.6765 26
    endloop
  endfacet
  facet normal -0.965917 -0.258851 0
    outer loop
      vertex 20.1958 -20.2361 4
      vertex 20.0874 -19.8316 26
      vertex 20.0874 -19.8316 4
    endloop
  endfacet
  facet normal -0.965917 -0.258851 0
    outer loop
      vertex 20.0874 -19.8316 26
      vertex 20.1958 -20.2361 4
      vertex 20.1958 -20.2361 26
    endloop
  endfacet
  facet normal -0.998618 -0.0525588 0
    outer loop
      vertex 25.6 -19 9
      vertex 25.5912 -18.8328 26
      vertex 25.5912 -18.8328 9
    endloop
  endfacet
  facet normal -0.998618 -0.0525588 0
    outer loop
      vertex 25.5912 -18.8328 26
      vertex 25.6 -19 9
      vertex 25.6 -19 26
    endloop
  endfacet
  facet normal 0.998618 -0.0525588 0
    outer loop
      vertex 22.4 -19 26
      vertex 22.4088 -18.8328 9
      vertex 22.4088 -18.8328 26
    endloop
  endfacet
  facet normal 0.998618 -0.0525588 0
    outer loop
      vertex 22.4088 -18.8328 9
      vertex 22.4 -19 26
      vertex 22.4 -19 9
    endloop
  endfacet
  facet normal -0.0525588 -0.998618 0
    outer loop
      vertex 24 -17.4 9
      vertex 24.1672 -17.4088 26
      vertex 24 -17.4 26
    endloop
  endfacet
  facet normal -0.0525588 -0.998618 -0
    outer loop
      vertex 24.1672 -17.4088 26
      vertex 24 -17.4 9
      vertex 24.1672 -17.4088 9
    endloop
  endfacet
  facet normal 0.0525588 0.998618 -0
    outer loop
      vertex 24 -20.6 9
      vertex 23.8328 -20.5912 26
      vertex 24 -20.6 26
    endloop
  endfacet
  facet normal 0.0525588 0.998618 0
    outer loop
      vertex 23.8328 -20.5912 26
      vertex 24 -20.6 9
      vertex 23.8328 -20.5912 9
    endloop
  endfacet
  facet normal 0.777008 0.62949 0
    outer loop
      vertex 22.811 -20.0706 26
      vertex 22.7056 -19.9405 9
      vertex 22.7056 -19.9405 26
    endloop
  endfacet
  facet normal 0.777008 0.62949 0
    outer loop
      vertex 22.7056 -19.9405 9
      vertex 22.811 -20.0706 26
      vertex 22.811 -20.0706 9
    endloop
  endfacet
  facet normal -0.707107 -0.707107 0
    outer loop
      vertex 25.189 -17.9294 9
      vertex 25.0706 -17.811 26
      vertex 25.0706 -17.811 9
    endloop
  endfacet
  facet normal -0.707107 -0.707107 0
    outer loop
      vertex 25.0706 -17.811 26
      vertex 25.189 -17.9294 9
      vertex 25.189 -17.9294 26
    endloop
  endfacet
  facet normal 0.62949 -0.777008 0
    outer loop
      vertex 22.9294 -17.811 9
      vertex 23.0595 -17.7056 26
      vertex 22.9294 -17.811 26
    endloop
  endfacet
  facet normal 0.62949 -0.777008 0
    outer loop
      vertex 23.0595 -17.7056 26
      vertex 22.9294 -17.811 9
      vertex 23.0595 -17.7056 9
    endloop
  endfacet
  facet normal 0.258666 -0.965967 0
    outer loop
      vertex 23.5056 -17.4783 9
      vertex 23.6673 -17.435 26
      vertex 23.5056 -17.4783 26
    endloop
  endfacet
  facet normal 0.258666 -0.965967 0
    outer loop
      vertex 23.6673 -17.435 26
      vertex 23.5056 -17.4783 9
      vertex 23.6673 -17.435 9
    endloop
  endfacet
  facet normal -0.890816 -0.454364 0
    outer loop
      vertex 25.4617 -18.3492 9
      vertex 25.3856 -18.2 26
      vertex 25.3856 -18.2 9
    endloop
  endfacet
  facet normal -0.890816 -0.454364 0
    outer loop
      vertex 25.3856 -18.2 26
      vertex 25.4617 -18.3492 9
      vertex 25.4617 -18.3492 26
    endloop
  endfacet
  facet normal -0.838784 -0.544464 0
    outer loop
      vertex 25.3856 -18.2 9
      vertex 25.2944 -18.0595 26
      vertex 25.2944 -18.0595 9
    endloop
  endfacet
  facet normal -0.838784 -0.544464 0
    outer loop
      vertex 25.2944 -18.0595 26
      vertex 25.3856 -18.2 9
      vertex 25.3856 -18.2 26
    endloop
  endfacet
  facet normal -0.358179 -0.933653 0
    outer loop
      vertex 24.4944 -17.4783 9
      vertex 24.6508 -17.5383 26
      vertex 24.4944 -17.4783 26
    endloop
  endfacet
  facet normal -0.358179 -0.933653 -0
    outer loop
      vertex 24.6508 -17.5383 26
      vertex 24.4944 -17.4783 9
      vertex 24.6508 -17.5383 9
    endloop
  endfacet
  facet normal -0.258666 -0.965967 0
    outer loop
      vertex 24.3327 -17.435 9
      vertex 24.4944 -17.4783 26
      vertex 24.3327 -17.435 26
    endloop
  endfacet
  facet normal -0.258666 -0.965967 -0
    outer loop
      vertex 24.4944 -17.4783 26
      vertex 24.3327 -17.435 9
      vertex 24.4944 -17.4783 9
    endloop
  endfacet
  facet normal -0.544464 -0.838784 0
    outer loop
      vertex 24.8 -17.6144 9
      vertex 24.9405 -17.7056 26
      vertex 24.8 -17.6144 26
    endloop
  endfacet
  facet normal -0.544464 -0.838784 -0
    outer loop
      vertex 24.9405 -17.7056 26
      vertex 24.8 -17.6144 9
      vertex 24.9405 -17.7056 9
    endloop
  endfacet
  facet normal 0.890816 -0.454364 0
    outer loop
      vertex 22.5383 -18.3492 26
      vertex 22.6144 -18.2 9
      vertex 22.6144 -18.2 26
    endloop
  endfacet
  facet normal 0.890816 -0.454364 0
    outer loop
      vertex 22.6144 -18.2 9
      vertex 22.5383 -18.3492 26
      vertex 22.5383 -18.3492 9
    endloop
  endfacet
  facet normal 0.156361 -0.9877 0
    outer loop
      vertex 23.6673 -17.435 9
      vertex 23.8328 -17.4088 26
      vertex 23.6673 -17.435 26
    endloop
  endfacet
  facet normal 0.156361 -0.9877 0
    outer loop
      vertex 23.8328 -17.4088 26
      vertex 23.6673 -17.435 9
      vertex 23.8328 -17.4088 9
    endloop
  endfacet
  facet normal 0.998618 0.0525588 0
    outer loop
      vertex 22.4088 -19.1672 26
      vertex 22.4 -19 9
      vertex 22.4 -19 26
    endloop
  endfacet
  facet normal 0.998618 0.0525588 0
    outer loop
      vertex 22.4 -19 9
      vertex 22.4088 -19.1672 26
      vertex 22.4088 -19.1672 9
    endloop
  endfacet
  facet normal -0.965967 -0.258666 0
    outer loop
      vertex 25.565 -18.6673 9
      vertex 25.5217 -18.5056 26
      vertex 25.5217 -18.5056 9
    endloop
  endfacet
  facet normal -0.965967 -0.258666 0
    outer loop
      vertex 25.5217 -18.5056 26
      vertex 25.565 -18.6673 9
      vertex 25.565 -18.6673 26
    endloop
  endfacet
  facet normal -0.9877 -0.156361 0
    outer loop
      vertex 25.5912 -18.8328 9
      vertex 25.565 -18.6673 26
      vertex 25.565 -18.6673 9
    endloop
  endfacet
  facet normal -0.9877 -0.156361 0
    outer loop
      vertex 25.565 -18.6673 26
      vertex 25.5912 -18.8328 9
      vertex 25.5912 -18.8328 26
    endloop
  endfacet
  facet normal -0.933653 -0.358179 0
    outer loop
      vertex 25.5217 -18.5056 9
      vertex 25.4617 -18.3492 26
      vertex 25.4617 -18.3492 9
    endloop
  endfacet
  facet normal -0.933653 -0.358179 0
    outer loop
      vertex 25.4617 -18.3492 26
      vertex 25.5217 -18.5056 9
      vertex 25.5217 -18.5056 26
    endloop
  endfacet
  facet normal -0.777008 -0.62949 0
    outer loop
      vertex 25.2944 -18.0595 9
      vertex 25.189 -17.9294 26
      vertex 25.189 -17.9294 9
    endloop
  endfacet
  facet normal -0.777008 -0.62949 0
    outer loop
      vertex 25.189 -17.9294 26
      vertex 25.2944 -18.0595 9
      vertex 25.2944 -18.0595 26
    endloop
  endfacet
  facet normal -0.156361 -0.9877 0
    outer loop
      vertex 24.1672 -17.4088 9
      vertex 24.3327 -17.435 26
      vertex 24.1672 -17.4088 26
    endloop
  endfacet
  facet normal -0.156361 -0.9877 -0
    outer loop
      vertex 24.3327 -17.435 26
      vertex 24.1672 -17.4088 9
      vertex 24.3327 -17.435 9
    endloop
  endfacet
  facet normal -0.454364 -0.890816 0
    outer loop
      vertex 24.6508 -17.5383 9
      vertex 24.8 -17.6144 26
      vertex 24.6508 -17.5383 26
    endloop
  endfacet
  facet normal -0.454364 -0.890816 -0
    outer loop
      vertex 24.8 -17.6144 26
      vertex 24.6508 -17.5383 9
      vertex 24.8 -17.6144 9
    endloop
  endfacet
  facet normal -0.62949 -0.777008 0
    outer loop
      vertex 24.9405 -17.7056 9
      vertex 25.0706 -17.811 26
      vertex 24.9405 -17.7056 26
    endloop
  endfacet
  facet normal -0.62949 -0.777008 -0
    outer loop
      vertex 25.0706 -17.811 26
      vertex 24.9405 -17.7056 9
      vertex 25.0706 -17.811 9
    endloop
  endfacet
  facet normal 0.965967 -0.258666 0
    outer loop
      vertex 22.435 -18.6673 26
      vertex 22.4783 -18.5056 9
      vertex 22.4783 -18.5056 26
    endloop
  endfacet
  facet normal 0.965967 -0.258666 0
    outer loop
      vertex 22.4783 -18.5056 9
      vertex 22.435 -18.6673 26
      vertex 22.435 -18.6673 9
    endloop
  endfacet
  facet normal 0.777008 -0.62949 0
    outer loop
      vertex 22.7056 -18.0595 26
      vertex 22.811 -17.9294 9
      vertex 22.811 -17.9294 26
    endloop
  endfacet
  facet normal 0.777008 -0.62949 0
    outer loop
      vertex 22.811 -17.9294 9
      vertex 22.7056 -18.0595 26
      vertex 22.7056 -18.0595 9
    endloop
  endfacet
  facet normal 0.707107 -0.707107 0
    outer loop
      vertex 22.811 -17.9294 26
      vertex 22.9294 -17.811 9
      vertex 22.9294 -17.811 26
    endloop
  endfacet
  facet normal 0.707107 -0.707107 0
    outer loop
      vertex 22.9294 -17.811 9
      vertex 22.811 -17.9294 26
      vertex 22.811 -17.9294 9
    endloop
  endfacet
  facet normal 0.838784 -0.544464 0
    outer loop
      vertex 22.6144 -18.2 26
      vertex 22.7056 -18.0595 9
      vertex 22.7056 -18.0595 26
    endloop
  endfacet
  facet normal 0.838784 -0.544464 0
    outer loop
      vertex 22.7056 -18.0595 9
      vertex 22.6144 -18.2 26
      vertex 22.6144 -18.2 9
    endloop
  endfacet
  facet normal 0.933653 -0.358179 0
    outer loop
      vertex 22.4783 -18.5056 26
      vertex 22.5383 -18.3492 9
      vertex 22.5383 -18.3492 26
    endloop
  endfacet
  facet normal 0.933653 -0.358179 0
    outer loop
      vertex 22.5383 -18.3492 9
      vertex 22.4783 -18.5056 26
      vertex 22.4783 -18.5056 9
    endloop
  endfacet
  facet normal 0.9877 -0.156361 0
    outer loop
      vertex 22.4088 -18.8328 26
      vertex 22.435 -18.6673 9
      vertex 22.435 -18.6673 26
    endloop
  endfacet
  facet normal 0.9877 -0.156361 0
    outer loop
      vertex 22.435 -18.6673 9
      vertex 22.4088 -18.8328 26
      vertex 22.4088 -18.8328 9
    endloop
  endfacet
  facet normal 0.454364 -0.890816 0
    outer loop
      vertex 23.2 -17.6144 9
      vertex 23.3492 -17.5383 26
      vertex 23.2 -17.6144 26
    endloop
  endfacet
  facet normal 0.454364 -0.890816 0
    outer loop
      vertex 23.3492 -17.5383 26
      vertex 23.2 -17.6144 9
      vertex 23.3492 -17.5383 9
    endloop
  endfacet
  facet normal 0.358179 -0.933653 0
    outer loop
      vertex 23.3492 -17.5383 9
      vertex 23.5056 -17.4783 26
      vertex 23.3492 -17.5383 26
    endloop
  endfacet
  facet normal 0.358179 -0.933653 0
    outer loop
      vertex 23.5056 -17.4783 26
      vertex 23.3492 -17.5383 9
      vertex 23.5056 -17.4783 9
    endloop
  endfacet
  facet normal 0.544464 -0.838784 0
    outer loop
      vertex 23.0595 -17.7056 9
      vertex 23.2 -17.6144 26
      vertex 23.0595 -17.7056 26
    endloop
  endfacet
  facet normal 0.544464 -0.838784 0
    outer loop
      vertex 23.2 -17.6144 26
      vertex 23.0595 -17.7056 9
      vertex 23.2 -17.6144 9
    endloop
  endfacet
  facet normal 0.0525588 -0.998618 0
    outer loop
      vertex 23.8328 -17.4088 9
      vertex 24 -17.4 26
      vertex 23.8328 -17.4088 26
    endloop
  endfacet
  facet normal 0.0525588 -0.998618 0
    outer loop
      vertex 24 -17.4 26
      vertex 23.8328 -17.4088 9
      vertex 24 -17.4 9
    endloop
  endfacet
  facet normal -0.998618 0.0525588 0
    outer loop
      vertex 25.5912 -19.1672 9
      vertex 25.6 -19 26
      vertex 25.6 -19 9
    endloop
  endfacet
  facet normal -0.998618 0.0525588 0
    outer loop
      vertex 25.6 -19 26
      vertex 25.5912 -19.1672 9
      vertex 25.5912 -19.1672 26
    endloop
  endfacet
  facet normal -0.0525588 0.998618 0
    outer loop
      vertex 24.1672 -20.5912 9
      vertex 24 -20.6 26
      vertex 24.1672 -20.5912 26
    endloop
  endfacet
  facet normal -0.0525588 0.998618 0
    outer loop
      vertex 24 -20.6 26
      vertex 24.1672 -20.5912 9
      vertex 24 -20.6 9
    endloop
  endfacet
  facet normal -0.258666 0.965967 0
    outer loop
      vertex 24.4944 -20.5217 9
      vertex 24.3327 -20.565 26
      vertex 24.4944 -20.5217 26
    endloop
  endfacet
  facet normal -0.258666 0.965967 0
    outer loop
      vertex 24.3327 -20.565 26
      vertex 24.4944 -20.5217 9
      vertex 24.3327 -20.565 9
    endloop
  endfacet
  facet normal -0.62949 0.777008 0
    outer loop
      vertex 25.0706 -20.189 9
      vertex 24.9405 -20.2944 26
      vertex 25.0706 -20.189 26
    endloop
  endfacet
  facet normal -0.62949 0.777008 0
    outer loop
      vertex 24.9405 -20.2944 26
      vertex 25.0706 -20.189 9
      vertex 24.9405 -20.2944 9
    endloop
  endfacet
  facet normal -0.454364 0.890816 0
    outer loop
      vertex 24.8 -20.3856 9
      vertex 24.6508 -20.4617 26
      vertex 24.8 -20.3856 26
    endloop
  endfacet
  facet normal -0.454364 0.890816 0
    outer loop
      vertex 24.6508 -20.4617 26
      vertex 24.8 -20.3856 9
      vertex 24.6508 -20.4617 9
    endloop
  endfacet
  facet normal -0.777008 0.62949 0
    outer loop
      vertex 25.189 -20.0706 9
      vertex 25.2944 -19.9405 26
      vertex 25.2944 -19.9405 9
    endloop
  endfacet
  facet normal -0.777008 0.62949 0
    outer loop
      vertex 25.2944 -19.9405 26
      vertex 25.189 -20.0706 9
      vertex 25.189 -20.0706 26
    endloop
  endfacet
  facet normal -0.890816 0.454364 0
    outer loop
      vertex 25.3856 -19.8 9
      vertex 25.4617 -19.6508 26
      vertex 25.4617 -19.6508 9
    endloop
  endfacet
  facet normal -0.890816 0.454364 0
    outer loop
      vertex 25.4617 -19.6508 26
      vertex 25.3856 -19.8 9
      vertex 25.3856 -19.8 26
    endloop
  endfacet
  facet normal 0.707107 0.707107 0
    outer loop
      vertex 22.9294 -20.189 26
      vertex 22.811 -20.0706 9
      vertex 22.811 -20.0706 26
    endloop
  endfacet
  facet normal 0.707107 0.707107 0
    outer loop
      vertex 22.811 -20.0706 9
      vertex 22.9294 -20.189 26
      vertex 22.9294 -20.189 9
    endloop
  endfacet
  facet normal 0.544464 0.838784 -0
    outer loop
      vertex 23.2 -20.3856 9
      vertex 23.0595 -20.2944 26
      vertex 23.2 -20.3856 26
    endloop
  endfacet
  facet normal 0.544464 0.838784 0
    outer loop
      vertex 23.0595 -20.2944 26
      vertex 23.2 -20.3856 9
      vertex 23.0595 -20.2944 9
    endloop
  endfacet
  facet normal 0.358179 0.933653 -0
    outer loop
      vertex 23.5056 -20.5217 9
      vertex 23.3492 -20.4617 26
      vertex 23.5056 -20.5217 26
    endloop
  endfacet
  facet normal 0.358179 0.933653 0
    outer loop
      vertex 23.3492 -20.4617 26
      vertex 23.5056 -20.5217 9
      vertex 23.3492 -20.4617 9
    endloop
  endfacet
  facet normal 0.156361 0.9877 -0
    outer loop
      vertex 23.8328 -20.5912 9
      vertex 23.6673 -20.565 26
      vertex 23.8328 -20.5912 26
    endloop
  endfacet
  facet normal 0.156361 0.9877 0
    outer loop
      vertex 23.6673 -20.565 26
      vertex 23.8328 -20.5912 9
      vertex 23.6673 -20.565 9
    endloop
  endfacet
  facet normal 0.933653 0.358179 0
    outer loop
      vertex 22.5383 -19.6508 26
      vertex 22.4783 -19.4944 9
      vertex 22.4783 -19.4944 26
    endloop
  endfacet
  facet normal 0.933653 0.358179 0
    outer loop
      vertex 22.4783 -19.4944 9
      vertex 22.5383 -19.6508 26
      vertex 22.5383 -19.6508 9
    endloop
  endfacet
  facet normal 0.838784 0.544464 0
    outer loop
      vertex 22.7056 -19.9405 26
      vertex 22.6144 -19.8 9
      vertex 22.6144 -19.8 26
    endloop
  endfacet
  facet normal 0.838784 0.544464 0
    outer loop
      vertex 22.6144 -19.8 9
      vertex 22.7056 -19.9405 26
      vertex 22.7056 -19.9405 9
    endloop
  endfacet
  facet normal 0.965967 0.258666 0
    outer loop
      vertex 22.4783 -19.4944 26
      vertex 22.435 -19.3327 9
      vertex 22.435 -19.3327 26
    endloop
  endfacet
  facet normal 0.965967 0.258666 0
    outer loop
      vertex 22.435 -19.3327 9
      vertex 22.4783 -19.4944 26
      vertex 22.4783 -19.4944 9
    endloop
  endfacet
  facet normal 0 0 1
    outer loop
      vertex 25.5912 -18.8328 9
      vertex 25.5912 -19.1672 9
      vertex 25.6 -19 9
    endloop
  endfacet
  facet normal 0 0 1
    outer loop
      vertex 25.565 -18.6673 9
      vertex 25.5912 -19.1672 9
      vertex 25.5912 -18.8328 9
    endloop
  endfacet
  facet normal 0 0 1
    outer loop
      vertex 25.565 -18.6673 9
      vertex 25.565 -19.3327 9
      vertex 25.5912 -19.1672 9
    endloop
  endfacet
  facet normal 0 0 1
    outer loop
      vertex 25.5217 -18.5056 9
      vertex 25.565 -19.3327 9
      vertex 25.565 -18.6673 9
    endloop
  endfacet
  facet normal 0 0 1
    outer loop
      vertex 25.5217 -18.5056 9
      vertex 25.5217 -19.4944 9
      vertex 25.565 -19.3327 9
    endloop
  endfacet
  facet normal 0 0 1
    outer loop
      vertex 25.4617 -18.3492 9
      vertex 25.5217 -19.4944 9
      vertex 25.5217 -18.5056 9
    endloop
  endfacet
  facet normal 0 0 1
    outer loop
      vertex 25.4617 -18.3492 9
      vertex 25.4617 -19.6508 9
      vertex 25.5217 -19.4944 9
    endloop
  endfacet
  facet normal 0 0 1
    outer loop
      vertex 25.3856 -18.2 9
      vertex 25.4617 -19.6508 9
      vertex 25.4617 -18.3492 9
    endloop
  endfacet
  facet normal 0 0 1
    outer loop
      vertex 25.3856 -18.2 9
      vertex 25.3856 -19.8 9
      vertex 25.4617 -19.6508 9
    endloop
  endfacet
  facet normal 0 0 1
    outer loop
      vertex 25.2944 -18.0595 9
      vertex 25.3856 -19.8 9
      vertex 25.3856 -18.2 9
    endloop
  endfacet
  facet normal 0 0 1
    outer loop
      vertex 25.2944 -18.0595 9
      vertex 25.2944 -19.9405 9
      vertex 25.3856 -19.8 9
    endloop
  endfacet
  facet normal 0 0 1
    outer loop
      vertex 25.189 -17.9294 9
      vertex 25.2944 -19.9405 9
      vertex 25.2944 -18.0595 9
    endloop
  endfacet
  facet normal 0 0 1
    outer loop
      vertex 25.189 -17.9294 9
      vertex 25.189 -20.0706 9
      vertex 25.2944 -19.9405 9
    endloop
  endfacet
  facet normal 0 0 1
    outer loop
      vertex 25.0706 -17.811 9
      vertex 25.189 -20.0706 9
      vertex 25.189 -17.9294 9
    endloop
  endfacet
  facet normal 0 0 1
    outer loop
      vertex 25.0706 -17.811 9
      vertex 25.0706 -20.189 9
      vertex 25.189 -20.0706 9
    endloop
  endfacet
  facet normal 0 0 1
    outer loop
      vertex 24.9405 -17.7056 9
      vertex 25.0706 -20.189 9
      vertex 25.0706 -17.811 9
    endloop
  endfacet
  facet normal 0 0 1
    outer loop
      vertex 24.9405 -17.7056 9
      vertex 24.9405 -20.2944 9
      vertex 25.0706 -20.189 9
    endloop
  endfacet
  facet normal 0 0 1
    outer loop
      vertex 24.8 -17.6144 9
      vertex 24.9405 -20.2944 9
      vertex 24.9405 -17.7056 9
    endloop
  endfacet
  facet normal 0 0 1
    outer loop
      vertex 24.8 -17.6144 9
      vertex 24.8 -20.3856 9
      vertex 24.9405 -20.2944 9
    endloop
  endfacet
  facet normal 0 0 1
    outer loop
      vertex 24.6508 -17.5383 9
      vertex 24.8 -20.3856 9
      vertex 24.8 -17.6144 9
    endloop
  endfacet
  facet normal 0 0 1
    outer loop
      vertex 24.6508 -17.5383 9
      vertex 24.6508 -20.4617 9
      vertex 24.8 -20.3856 9
    endloop
  endfacet
  facet normal 0 0 1
    outer loop
      vertex 24.4944 -17.4783 9
      vertex 24.6508 -20.4617 9
      vertex 24.6508 -17.5383 9
    endloop
  endfacet
  facet normal 0 0 1
    outer loop
      vertex 24.4944 -17.4783 9
      vertex 24.4944 -20.5217 9
      vertex 24.6508 -20.4617 9
    endloop
  endfacet
  facet normal 0 0 1
    outer loop
      vertex 24.3327 -17.435 9
      vertex 24.4944 -20.5217 9
      vertex 24.4944 -17.4783 9
    endloop
  endfacet
  facet normal 0 0 1
    outer loop
      vertex 24.3327 -17.435 9
      vertex 24.3327 -20.565 9
      vertex 24.4944 -20.5217 9
    endloop
  endfacet
  facet normal 0 0 1
    outer loop
      vertex 24.1672 -17.4088 9
      vertex 24.3327 -20.565 9
      vertex 24.3327 -17.435 9
    endloop
  endfacet
  facet normal 0 0 1
    outer loop
      vertex 24.1672 -17.4088 9
      vertex 24.1672 -20.5912 9
      vertex 24.3327 -20.565 9
    endloop
  endfacet
  facet normal 0 0 1
    outer loop
      vertex 24 -17.4 9
      vertex 24.1672 -20.5912 9
      vertex 24.1672 -17.4088 9
    endloop
  endfacet
  facet normal 0 0 1
    outer loop
      vertex 24 -17.4 9
      vertex 24 -20.6 9
      vertex 24.1672 -20.5912 9
    endloop
  endfacet
  facet normal -0 0 1
    outer loop
      vertex 23.8328 -17.4088 9
      vertex 24 -20.6 9
      vertex 24 -17.4 9
    endloop
  endfacet
  facet normal 0 0 1
    outer loop
      vertex 23.8328 -17.4088 9
      vertex 23.8328 -20.5912 9
      vertex 24 -20.6 9
    endloop
  endfacet
  facet normal -0 0 1
    outer loop
      vertex 23.6673 -17.435 9
      vertex 23.8328 -20.5912 9
      vertex 23.8328 -17.4088 9
    endloop
  endfacet
  facet normal 0 0 1
    outer loop
      vertex 23.6673 -17.435 9
      vertex 23.6673 -20.565 9
      vertex 23.8328 -20.5912 9
    endloop
  endfacet
  facet normal -0 0 1
    outer loop
      vertex 23.5056 -17.4783 9
      vertex 23.6673 -20.565 9
      vertex 23.6673 -17.435 9
    endloop
  endfacet
  facet normal 0 0 1
    outer loop
      vertex 23.5056 -17.4783 9
      vertex 23.5056 -20.5217 9
      vertex 23.6673 -20.565 9
    endloop
  endfacet
  facet normal -0 0 1
    outer loop
      vertex 23.3492 -17.5383 9
      vertex 23.5056 -20.5217 9
      vertex 23.5056 -17.4783 9
    endloop
  endfacet
  facet normal 0 0 1
    outer loop
      vertex 23.3492 -17.5383 9
      vertex 23.3492 -20.4617 9
      vertex 23.5056 -20.5217 9
    endloop
  endfacet
  facet normal -0 0 1
    outer loop
      vertex 23.2 -17.6144 9
      vertex 23.3492 -20.4617 9
      vertex 23.3492 -17.5383 9
    endloop
  endfacet
  facet normal 0 0 1
    outer loop
      vertex 23.2 -17.6144 9
      vertex 23.2 -20.3856 9
      vertex 23.3492 -20.4617 9
    endloop
  endfacet
  facet normal -0 0 1
    outer loop
      vertex 23.0595 -17.7056 9
      vertex 23.2 -20.3856 9
      vertex 23.2 -17.6144 9
    endloop
  endfacet
  facet normal 0 0 1
    outer loop
      vertex 23.0595 -17.7056 9
      vertex 23.0595 -20.2944 9
      vertex 23.2 -20.3856 9
    endloop
  endfacet
  facet normal -0 0 1
    outer loop
      vertex 22.9294 -17.811 9
      vertex 23.0595 -20.2944 9
      vertex 23.0595 -17.7056 9
    endloop
  endfacet
  facet normal 0 0 1
    outer loop
      vertex 22.9294 -17.811 9
      vertex 22.9294 -20.189 9
      vertex 23.0595 -20.2944 9
    endloop
  endfacet
  facet normal -0 0 1
    outer loop
      vertex 22.811 -17.9294 9
      vertex 22.9294 -20.189 9
      vertex 22.9294 -17.811 9
    endloop
  endfacet
  facet normal 0 0 1
    outer loop
      vertex 22.811 -17.9294 9
      vertex 22.811 -20.0706 9
      vertex 22.9294 -20.189 9
    endloop
  endfacet
  facet normal -0 0 1
    outer loop
      vertex 22.7056 -18.0595 9
      vertex 22.811 -20.0706 9
      vertex 22.811 -17.9294 9
    endloop
  endfacet
  facet normal 0 0 1
    outer loop
      vertex 22.7056 -18.0595 9
      vertex 22.7056 -19.9405 9
      vertex 22.811 -20.0706 9
    endloop
  endfacet
  facet normal -0 0 1
    outer loop
      vertex 22.6144 -18.2 9
      vertex 22.7056 -19.9405 9
      vertex 22.7056 -18.0595 9
    endloop
  endfacet
  facet normal 0 0 1
    outer loop
      vertex 22.6144 -18.2 9
      vertex 22.6144 -19.8 9
      vertex 22.7056 -19.9405 9
    endloop
  endfacet
  facet normal -0 0 1
    outer loop
      vertex 22.5383 -18.3492 9
      vertex 22.6144 -19.8 9
      vertex 22.6144 -18.2 9
    endloop
  endfacet
  facet normal 0 0 1
    outer loop
      vertex 22.5383 -18.3492 9
      vertex 22.5383 -19.6508 9
      vertex 22.6144 -19.8 9
    endloop
  endfacet
  facet normal -0 0 1
    outer loop
      vertex 22.4783 -18.5056 9
      vertex 22.5383 -19.6508 9
      vertex 22.5383 -18.3492 9
    endloop
  endfacet
  facet normal 0 0 1
    outer loop
      vertex 22.4783 -18.5056 9
      vertex 22.4783 -19.4944 9
      vertex 22.5383 -19.6508 9
    endloop
  endfacet
  facet normal -0 0 1
    outer loop
      vertex 22.435 -18.6673 9
      vertex 22.4783 -19.4944 9
      vertex 22.4783 -18.5056 9
    endloop
  endfacet
  facet normal 0 0 1
    outer loop
      vertex 22.435 -18.6673 9
      vertex 22.435 -19.3327 9
      vertex 22.4783 -19.4944 9
    endloop
  endfacet
  facet normal -0 0 1
    outer loop
      vertex 22.4088 -18.8328 9
      vertex 22.435 -19.3327 9
      vertex 22.435 -18.6673 9
    endloop
  endfacet
  facet normal 0 0 1
    outer loop
      vertex 22.4088 -18.8328 9
      vertex 22.4088 -19.1672 9
      vertex 22.435 -19.3327 9
    endloop
  endfacet
  facet normal 0 -0 1
    outer loop
      vertex 22.4088 -19.1672 9
      vertex 22.4088 -18.8328 9
      vertex 22.4 -19 9
    endloop
  endfacet
  facet normal -0.156361 0.9877 0
    outer loop
      vertex 24.3327 -20.565 9
      vertex 24.1672 -20.5912 26
      vertex 24.3327 -20.565 26
    endloop
  endfacet
  facet normal -0.156361 0.9877 0
    outer loop
      vertex 24.1672 -20.5912 26
      vertex 24.3327 -20.565 9
      vertex 24.1672 -20.5912 9
    endloop
  endfacet
  facet normal -0.358179 0.933653 0
    outer loop
      vertex 24.6508 -20.4617 9
      vertex 24.4944 -20.5217 26
      vertex 24.6508 -20.4617 26
    endloop
  endfacet
  facet normal -0.358179 0.933653 0
    outer loop
      vertex 24.4944 -20.5217 26
      vertex 24.6508 -20.4617 9
      vertex 24.4944 -20.5217 9
    endloop
  endfacet
  facet normal -0.707107 0.707107 0
    outer loop
      vertex 25.0706 -20.189 9
      vertex 25.189 -20.0706 26
      vertex 25.189 -20.0706 9
    endloop
  endfacet
  facet normal -0.707107 0.707107 0
    outer loop
      vertex 25.189 -20.0706 26
      vertex 25.0706 -20.189 9
      vertex 25.0706 -20.189 26
    endloop
  endfacet
  facet normal -0.544464 0.838784 0
    outer loop
      vertex 24.9405 -20.2944 9
      vertex 24.8 -20.3856 26
      vertex 24.9405 -20.2944 26
    endloop
  endfacet
  facet normal -0.544464 0.838784 0
    outer loop
      vertex 24.8 -20.3856 26
      vertex 24.9405 -20.2944 9
      vertex 24.8 -20.3856 9
    endloop
  endfacet
  facet normal -0.838784 0.544464 0
    outer loop
      vertex 25.2944 -19.9405 9
      vertex 25.3856 -19.8 26
      vertex 25.3856 -19.8 9
    endloop
  endfacet
  facet normal -0.838784 0.544464 0
    outer loop
      vertex 25.3856 -19.8 26
      vertex 25.2944 -19.9405 9
      vertex 25.2944 -19.9405 26
    endloop
  endfacet
  facet normal -0.933653 0.358179 0
    outer loop
      vertex 25.4617 -19.6508 9
      vertex 25.5217 -19.4944 26
      vertex 25.5217 -19.4944 9
    endloop
  endfacet
  facet normal -0.933653 0.358179 0
    outer loop
      vertex 25.5217 -19.4944 26
      vertex 25.4617 -19.6508 9
      vertex 25.4617 -19.6508 26
    endloop
  endfacet
  facet normal -0.9877 0.156361 0
    outer loop
      vertex 25.565 -19.3327 9
      vertex 25.5912 -19.1672 26
      vertex 25.5912 -19.1672 9
    endloop
  endfacet
  facet normal -0.9877 0.156361 0
    outer loop
      vertex 25.5912 -19.1672 26
      vertex 25.565 -19.3327 9
      vertex 25.565 -19.3327 26
    endloop
  endfacet
  facet normal -0.965967 0.258666 0
    outer loop
      vertex 25.5217 -19.4944 9
      vertex 25.565 -19.3327 26
      vertex 25.565 -19.3327 9
    endloop
  endfacet
  facet normal -0.965967 0.258666 0
    outer loop
      vertex 25.565 -19.3327 26
      vertex 25.5217 -19.4944 9
      vertex 25.5217 -19.4944 26
    endloop
  endfacet
  facet normal 0.62949 0.777008 -0
    outer loop
      vertex 23.0595 -20.2944 9
      vertex 22.9294 -20.189 26
      vertex 23.0595 -20.2944 26
    endloop
  endfacet
  facet normal 0.62949 0.777008 0
    outer loop
      vertex 22.9294 -20.189 26
      vertex 23.0595 -20.2944 9
      vertex 22.9294 -20.189 9
    endloop
  endfacet
  facet normal 0.454364 0.890816 -0
    outer loop
      vertex 23.3492 -20.4617 9
      vertex 23.2 -20.3856 26
      vertex 23.3492 -20.4617 26
    endloop
  endfacet
  facet normal 0.454364 0.890816 0
    outer loop
      vertex 23.2 -20.3856 26
      vertex 23.3492 -20.4617 9
      vertex 23.2 -20.3856 9
    endloop
  endfacet
  facet normal 0.258666 0.965967 -0
    outer loop
      vertex 23.6673 -20.565 9
      vertex 23.5056 -20.5217 26
      vertex 23.6673 -20.565 26
    endloop
  endfacet
  facet normal 0.258666 0.965967 0
    outer loop
      vertex 23.5056 -20.5217 26
      vertex 23.6673 -20.565 9
      vertex 23.5056 -20.5217 9
    endloop
  endfacet
  facet normal 0.890816 0.454364 0
    outer loop
      vertex 22.6144 -19.8 26
      vertex 22.5383 -19.6508 9
      vertex 22.5383 -19.6508 26
    endloop
  endfacet
  facet normal 0.890816 0.454364 0
    outer loop
      vertex 22.5383 -19.6508 9
      vertex 22.6144 -19.8 26
      vertex 22.6144 -19.8 9
    endloop
  endfacet
  facet normal 0.9877 0.156361 0
    outer loop
      vertex 22.435 -19.3327 26
      vertex 22.4088 -19.1672 9
      vertex 22.4088 -19.1672 26
    endloop
  endfacet
  facet normal 0.9877 0.156361 0
    outer loop
      vertex 22.4088 -19.1672 9
      vertex 22.435 -19.3327 26
      vertex 22.435 -19.3327 9
    endloop
  endfacet
  facet normal 0.998631 0.0523081 0
    outer loop
      vertex 28 19 26
      vertex 27.9781 19.4181 4
      vertex 27.9781 19.4181 26
    endloop
  endfacet
  facet normal 0.998631 0.0523081 0
    outer loop
      vertex 27.9781 19.4181 4
      vertex 28 19 26
      vertex 28 19 4
    endloop
  endfacet
  facet normal -0.998631 0.0523081 0
    outer loop
      vertex 20 19 4
      vertex 20.0219 19.4181 26
      vertex 20.0219 19.4181 4
    endloop
  endfacet
  facet normal -0.998631 0.0523081 0
    outer loop
      vertex 20.0219 19.4181 26
      vertex 20 19 4
      vertex 20 19 26
    endloop
  endfacet
  facet normal 0.0523081 0.998631 -0
    outer loop
      vertex 24.4181 22.9781 4
      vertex 24 23 26
      vertex 24.4181 22.9781 26
    endloop
  endfacet
  facet normal 0.0523081 0.998631 0
    outer loop
      vertex 24 23 26
      vertex 24.4181 22.9781 4
      vertex 24 23 4
    endloop
  endfacet
  facet normal -0.0523081 -0.998631 0
    outer loop
      vertex 23.5819 15.0219 4
      vertex 24 15 26
      vertex 23.5819 15.0219 26
    endloop
  endfacet
  facet normal -0.0523081 -0.998631 -0
    outer loop
      vertex 24 15 26
      vertex 23.5819 15.0219 4
      vertex 24 15 4
    endloop
  endfacet
  facet normal 0.707107 0.707107 0
    outer loop
      vertex 26.9726 21.6765 26
      vertex 26.6765 21.9726 4
      vertex 26.6765 21.9726 26
    endloop
  endfacet
  facet normal 0.707107 0.707107 0
    outer loop
      vertex 26.6765 21.9726 4
      vertex 26.9726 21.6765 26
      vertex 26.9726 21.6765 4
    endloop
  endfacet
  facet normal -0.629315 0.77715 0
    outer loop
      vertex 21.6489 22.2361 4
      vertex 21.3235 21.9726 26
      vertex 21.6489 22.2361 26
    endloop
  endfacet
  facet normal -0.629315 0.77715 0
    outer loop
      vertex 21.3235 21.9726 26
      vertex 21.6489 22.2361 4
      vertex 21.3235 21.9726 4
    endloop
  endfacet
  facet normal -0.258851 0.965917 0
    outer loop
      vertex 23.1684 22.9126 4
      vertex 22.7639 22.8042 26
      vertex 23.1684 22.9126 26
    endloop
  endfacet
  facet normal -0.258851 0.965917 0
    outer loop
      vertex 22.7639 22.8042 26
      vertex 23.1684 22.9126 4
      vertex 22.7639 22.8042 4
    endloop
  endfacet
  facet normal 0.933592 0.358339 0
    outer loop
      vertex 27.8042 20.2361 26
      vertex 27.6542 20.6269 4
      vertex 27.6542 20.6269 26
    endloop
  endfacet
  facet normal 0.933592 0.358339 0
    outer loop
      vertex 27.6542 20.6269 4
      vertex 27.8042 20.2361 26
      vertex 27.8042 20.2361 4
    endloop
  endfacet
  facet normal 0.358339 0.933592 -0
    outer loop
      vertex 25.6269 22.6542 4
      vertex 25.2361 22.8042 26
      vertex 25.6269 22.6542 26
    endloop
  endfacet
  facet normal 0.358339 0.933592 0
    outer loop
      vertex 25.2361 22.8042 26
      vertex 25.6269 22.6542 4
      vertex 25.2361 22.8042 4
    endloop
  endfacet
  facet normal 0.544627 0.838678 -0
    outer loop
      vertex 26.3511 22.2361 4
      vertex 26 22.4641 26
      vertex 26.3511 22.2361 26
    endloop
  endfacet
  facet normal 0.544627 0.838678 0
    outer loop
      vertex 26 22.4641 26
      vertex 26.3511 22.2361 4
      vertex 26 22.4641 4
    endloop
  endfacet
  facet normal -0.89101 0.453983 0
    outer loop
      vertex 20.3458 20.6269 4
      vertex 20.5359 21 26
      vertex 20.5359 21 4
    endloop
  endfacet
  facet normal -0.89101 0.453983 0
    outer loop
      vertex 20.5359 21 26
      vertex 20.3458 20.6269 4
      vertex 20.3458 20.6269 26
    endloop
  endfacet
  facet normal -0.0523081 0.998631 0
    outer loop
      vertex 24 23 4
      vertex 23.5819 22.9781 26
      vertex 24 23 26
    endloop
  endfacet
  facet normal -0.0523081 0.998631 0
    outer loop
      vertex 23.5819 22.9781 26
      vertex 24 23 4
      vertex 23.5819 22.9781 4
    endloop
  endfacet
  facet normal 0.933592 -0.358339 0
    outer loop
      vertex 27.6542 17.3731 26
      vertex 27.8042 17.7639 4
      vertex 27.8042 17.7639 26
    endloop
  endfacet
  facet normal 0.933592 -0.358339 0
    outer loop
      vertex 27.8042 17.7639 4
      vertex 27.6542 17.3731 26
      vertex 27.6542 17.3731 4
    endloop
  endfacet
  facet normal -0.998631 -0.0523081 0
    outer loop
      vertex 20.0219 18.5819 4
      vertex 20 19 26
      vertex 20 19 4
    endloop
  endfacet
  facet normal -0.998631 -0.0523081 0
    outer loop
      vertex 20 19 26
      vertex 20.0219 18.5819 4
      vertex 20.0219 18.5819 26
    endloop
  endfacet
  facet normal 0.965917 0.258851 0
    outer loop
      vertex 27.9126 19.8316 26
      vertex 27.8042 20.2361 4
      vertex 27.8042 20.2361 26
    endloop
  endfacet
  facet normal 0.965917 0.258851 0
    outer loop
      vertex 27.8042 20.2361 4
      vertex 27.9126 19.8316 26
      vertex 27.9126 19.8316 4
    endloop
  endfacet
  facet normal 0.987685 0.156453 0
    outer loop
      vertex 27.9781 19.4181 26
      vertex 27.9126 19.8316 4
      vertex 27.9126 19.8316 26
    endloop
  endfacet
  facet normal 0.987685 0.156453 0
    outer loop
      vertex 27.9126 19.8316 4
      vertex 27.9781 19.4181 26
      vertex 27.9781 19.4181 4
    endloop
  endfacet
  facet normal 0.838678 0.544627 0
    outer loop
      vertex 27.4641 21 26
      vertex 27.2361 21.3511 4
      vertex 27.2361 21.3511 26
    endloop
  endfacet
  facet normal 0.838678 0.544627 0
    outer loop
      vertex 27.2361 21.3511 4
      vertex 27.4641 21 26
      vertex 27.4641 21 4
    endloop
  endfacet
  facet normal 0.77715 0.629315 0
    outer loop
      vertex 27.2361 21.3511 26
      vertex 26.9726 21.6765 4
      vertex 26.9726 21.6765 26
    endloop
  endfacet
  facet normal 0.77715 0.629315 0
    outer loop
      vertex 26.9726 21.6765 4
      vertex 27.2361 21.3511 26
      vertex 27.2361 21.3511 4
    endloop
  endfacet
  facet normal 0.89101 0.453983 0
    outer loop
      vertex 27.6542 20.6269 26
      vertex 27.4641 21 4
      vertex 27.4641 21 26
    endloop
  endfacet
  facet normal 0.89101 0.453983 0
    outer loop
      vertex 27.4641 21 4
      vertex 27.6542 20.6269 26
      vertex 27.6542 20.6269 4
    endloop
  endfacet
  facet normal 0.258851 0.965917 -0
    outer loop
      vertex 25.2361 22.8042 4
      vertex 24.8316 22.9126 26
      vertex 25.2361 22.8042 26
    endloop
  endfacet
  facet normal 0.258851 0.965917 0
    outer loop
      vertex 24.8316 22.9126 26
      vertex 25.2361 22.8042 4
      vertex 24.8316 22.9126 4
    endloop
  endfacet
  facet normal 0.156453 0.987685 -0
    outer loop
      vertex 24.8316 22.9126 4
      vertex 24.4181 22.9781 26
      vertex 24.8316 22.9126 26
    endloop
  endfacet
  facet normal 0.156453 0.987685 0
    outer loop
      vertex 24.4181 22.9781 26
      vertex 24.8316 22.9126 4
      vertex 24.4181 22.9781 4
    endloop
  endfacet
  facet normal 0.453983 0.89101 -0
    outer loop
      vertex 26 22.4641 4
      vertex 25.6269 22.6542 26
      vertex 26 22.4641 26
    endloop
  endfacet
  facet normal 0.453983 0.89101 0
    outer loop
      vertex 25.6269 22.6542 26
      vertex 26 22.4641 4
      vertex 25.6269 22.6542 4
    endloop
  endfacet
  facet normal 0.629315 0.77715 -0
    outer loop
      vertex 26.6765 21.9726 4
      vertex 26.3511 22.2361 26
      vertex 26.6765 21.9726 26
    endloop
  endfacet
  facet normal 0.629315 0.77715 0
    outer loop
      vertex 26.3511 22.2361 26
      vertex 26.6765 21.9726 4
      vertex 26.3511 22.2361 4
    endloop
  endfacet
  facet normal -0.965917 0.258851 0
    outer loop
      vertex 20.0874 19.8316 4
      vertex 20.1958 20.2361 26
      vertex 20.1958 20.2361 4
    endloop
  endfacet
  facet normal -0.965917 0.258851 0
    outer loop
      vertex 20.1958 20.2361 26
      vertex 20.0874 19.8316 4
      vertex 20.0874 19.8316 26
    endloop
  endfacet
  facet normal -0.77715 0.629315 0
    outer loop
      vertex 20.7639 21.3511 4
      vertex 21.0274 21.6765 26
      vertex 21.0274 21.6765 4
    endloop
  endfacet
  facet normal -0.77715 0.629315 0
    outer loop
      vertex 21.0274 21.6765 26
      vertex 20.7639 21.3511 4
      vertex 20.7639 21.3511 26
    endloop
  endfacet
  facet normal -0.707107 0.707107 0
    outer loop
      vertex 21.0274 21.6765 4
      vertex 21.3235 21.9726 26
      vertex 21.3235 21.9726 4
    endloop
  endfacet
  facet normal -0.707107 0.707107 0
    outer loop
      vertex 21.3235 21.9726 26
      vertex 21.0274 21.6765 4
      vertex 21.0274 21.6765 26
    endloop
  endfacet
  facet normal -0.838678 0.544627 0
    outer loop
      vertex 20.5359 21 4
      vertex 20.7639 21.3511 26
      vertex 20.7639 21.3511 4
    endloop
  endfacet
  facet normal -0.838678 0.544627 0
    outer loop
      vertex 20.7639 21.3511 26
      vertex 20.5359 21 4
      vertex 20.5359 21 26
    endloop
  endfacet
  facet normal -0.933592 0.358339 0
    outer loop
      vertex 20.1958 20.2361 4
      vertex 20.3458 20.6269 26
      vertex 20.3458 20.6269 4
    endloop
  endfacet
  facet normal -0.933592 0.358339 0
    outer loop
      vertex 20.3458 20.6269 26
      vertex 20.1958 20.2361 4
      vertex 20.1958 20.2361 26
    endloop
  endfacet
  facet normal -0.987685 0.156453 0
    outer loop
      vertex 20.0219 19.4181 4
      vertex 20.0874 19.8316 26
      vertex 20.0874 19.8316 4
    endloop
  endfacet
  facet normal -0.987685 0.156453 0
    outer loop
      vertex 20.0874 19.8316 26
      vertex 20.0219 19.4181 4
      vertex 20.0219 19.4181 26
    endloop
  endfacet
  facet normal 0 0 1
    outer loop
      vertex 25.6 19 26
      vertex 28 19 26
      vertex 27.9781 19.4181 26
    endloop
  endfacet
  facet normal 0 0 1
    outer loop
      vertex 25.5912 19.1672 26
      vertex 27.9781 19.4181 26
      vertex 27.9126 19.8316 26
    endloop
  endfacet
  facet normal 0 0 1
    outer loop
      vertex 28 19 26
      vertex 25.6 19 26
      vertex 27.9781 18.5819 26
    endloop
  endfacet
  facet normal 0 0 1
    outer loop
      vertex 25.565 19.3327 26
      vertex 27.9126 19.8316 26
      vertex 27.8042 20.2361 26
    endloop
  endfacet
  facet normal -0 0 1
    outer loop
      vertex 25.5912 18.8328 26
      vertex 27.9781 18.5819 26
      vertex 25.6 19 26
    endloop
  endfacet
  facet normal 0 0 1
    outer loop
      vertex 25.5217 19.4944 26
      vertex 27.8042 20.2361 26
      vertex 27.6542 20.6269 26
    endloop
  endfacet
  facet normal 0 0 1
    outer loop
      vertex 27.9781 18.5819 26
      vertex 25.5912 18.8328 26
      vertex 27.9126 18.1684 26
    endloop
  endfacet
  facet normal 0 0 1
    outer loop
      vertex 25.4617 19.6508 26
      vertex 27.6542 20.6269 26
      vertex 27.4641 21 26
    endloop
  endfacet
  facet normal -0 0 1
    outer loop
      vertex 25.565 18.6673 26
      vertex 27.9126 18.1684 26
      vertex 25.5912 18.8328 26
    endloop
  endfacet
  facet normal 0 0 1
    outer loop
      vertex 25.3856 19.8 26
      vertex 27.4641 21 26
      vertex 27.2361 21.3511 26
    endloop
  endfacet
  facet normal 0 0 1
    outer loop
      vertex 27.9126 18.1684 26
      vertex 25.565 18.6673 26
      vertex 27.8042 17.7639 26
    endloop
  endfacet
  facet normal 0 0 1
    outer loop
      vertex 25.2944 19.9405 26
      vertex 27.2361 21.3511 26
      vertex 26.9726 21.6765 26
    endloop
  endfacet
  facet normal -0 0 1
    outer loop
      vertex 25.5217 18.5056 26
      vertex 27.8042 17.7639 26
      vertex 25.565 18.6673 26
    endloop
  endfacet
  facet normal 0 0 1
    outer loop
      vertex 25.189 20.0706 26
      vertex 26.9726 21.6765 26
      vertex 26.6765 21.9726 26
    endloop
  endfacet
  facet normal 0 0 1
    outer loop
      vertex 27.8042 17.7639 26
      vertex 25.5217 18.5056 26
      vertex 27.6542 17.3731 26
    endloop
  endfacet
  facet normal 0 0 1
    outer loop
      vertex 25.0706 20.189 26
      vertex 26.6765 21.9726 26
      vertex 26.3511 22.2361 26
    endloop
  endfacet
  facet normal -0 0 1
    outer loop
      vertex 25.4617 18.3492 26
      vertex 27.6542 17.3731 26
      vertex 25.5217 18.5056 26
    endloop
  endfacet
  facet normal 0 0 1
    outer loop
      vertex 24.9405 20.2944 26
      vertex 26.3511 22.2361 26
      vertex 26 22.4641 26
    endloop
  endfacet
  facet normal 0 0 1
    outer loop
      vertex 27.6542 17.3731 26
      vertex 25.4617 18.3492 26
      vertex 27.4641 17 26
    endloop
  endfacet
  facet normal 0 0 1
    outer loop
      vertex 24.8 20.3856 26
      vertex 26 22.4641 26
      vertex 25.6269 22.6542 26
    endloop
  endfacet
  facet normal -0 0 1
    outer loop
      vertex 25.3856 18.2 26
      vertex 27.4641 17 26
      vertex 25.4617 18.3492 26
    endloop
  endfacet
  facet normal 0 0 1
    outer loop
      vertex 27.4641 17 26
      vertex 25.3856 18.2 26
      vertex 27.2361 16.6489 26
    endloop
  endfacet
  facet normal 0 0 1
    outer loop
      vertex 27.9781 19.4181 26
      vertex 25.5912 19.1672 26
      vertex 25.6 19 26
    endloop
  endfacet
  facet normal 0 0 1
    outer loop
      vertex 27.9126 19.8316 26
      vertex 25.565 19.3327 26
      vertex 25.5912 19.1672 26
    endloop
  endfacet
  facet normal 0 0 1
    outer loop
      vertex 27.8042 20.2361 26
      vertex 25.5217 19.4944 26
      vertex 25.565 19.3327 26
    endloop
  endfacet
  facet normal 0 0 1
    outer loop
      vertex 27.6542 20.6269 26
      vertex 25.4617 19.6508 26
      vertex 25.5217 19.4944 26
    endloop
  endfacet
  facet normal 0 0 1
    outer loop
      vertex 27.4641 21 26
      vertex 25.3856 19.8 26
      vertex 25.4617 19.6508 26
    endloop
  endfacet
  facet normal 0 0 1
    outer loop
      vertex 27.2361 21.3511 26
      vertex 25.2944 19.9405 26
      vertex 25.3856 19.8 26
    endloop
  endfacet
  facet normal 0 0 1
    outer loop
      vertex 24.6508 20.4617 26
      vertex 25.6269 22.6542 26
      vertex 25.2361 22.8042 26
    endloop
  endfacet
  facet normal 0 0 1
    outer loop
      vertex 26.9726 21.6765 26
      vertex 25.189 20.0706 26
      vertex 25.2944 19.9405 26
    endloop
  endfacet
  facet normal 0 0 1
    outer loop
      vertex 26.6765 21.9726 26
      vertex 25.0706 20.189 26
      vertex 25.189 20.0706 26
    endloop
  endfacet
  facet normal 0 0 1
    outer loop
      vertex 26.3511 22.2361 26
      vertex 24.9405 20.2944 26
      vertex 25.0706 20.189 26
    endloop
  endfacet
  facet normal 0 0 1
    outer loop
      vertex 24.4944 20.5217 26
      vertex 25.2361 22.8042 26
      vertex 24.8316 22.9126 26
    endloop
  endfacet
  facet normal 0 0 1
    outer loop
      vertex 26 22.4641 26
      vertex 24.8 20.3856 26
      vertex 24.9405 20.2944 26
    endloop
  endfacet
  facet normal 0 0 1
    outer loop
      vertex 25.6269 22.6542 26
      vertex 24.6508 20.4617 26
      vertex 24.8 20.3856 26
    endloop
  endfacet
  facet normal 0 0 1
    outer loop
      vertex 25.2361 22.8042 26
      vertex 24.4944 20.5217 26
      vertex 24.6508 20.4617 26
    endloop
  endfacet
  facet normal 0 0 1
    outer loop
      vertex 24.3327 20.565 26
      vertex 24.8316 22.9126 26
      vertex 24.4181 22.9781 26
    endloop
  endfacet
  facet normal 0 0 1
    outer loop
      vertex 24.8316 22.9126 26
      vertex 24.3327 20.565 26
      vertex 24.4944 20.5217 26
    endloop
  endfacet
  facet normal 0 0 1
    outer loop
      vertex 24.4181 22.9781 26
      vertex 24.1672 20.5912 26
      vertex 24.3327 20.565 26
    endloop
  endfacet
  facet normal 0 0 1
    outer loop
      vertex 24 23 26
      vertex 24.1672 20.5912 26
      vertex 24.4181 22.9781 26
    endloop
  endfacet
  facet normal 0 0 1
    outer loop
      vertex 24 23 26
      vertex 24 20.6 26
      vertex 24.1672 20.5912 26
    endloop
  endfacet
  facet normal 0 0 1
    outer loop
      vertex 24 23 26
      vertex 23.8328 20.5912 26
      vertex 24 20.6 26
    endloop
  endfacet
  facet normal -0 0 1
    outer loop
      vertex 23.5819 22.9781 26
      vertex 23.8328 20.5912 26
      vertex 24 23 26
    endloop
  endfacet
  facet normal 0 0 1
    outer loop
      vertex 23.8328 20.5912 26
      vertex 23.5819 22.9781 26
      vertex 23.6673 20.565 26
    endloop
  endfacet
  facet normal -0 0 1
    outer loop
      vertex 23.1684 22.9126 26
      vertex 23.6673 20.565 26
      vertex 23.5819 22.9781 26
    endloop
  endfacet
  facet normal 0 0 1
    outer loop
      vertex 23.6673 20.565 26
      vertex 23.1684 22.9126 26
      vertex 23.5056 20.5217 26
    endloop
  endfacet
  facet normal -0 0 1
    outer loop
      vertex 22.7639 22.8042 26
      vertex 23.5056 20.5217 26
      vertex 23.1684 22.9126 26
    endloop
  endfacet
  facet normal 0 0 1
    outer loop
      vertex 23.5056 20.5217 26
      vertex 22.7639 22.8042 26
      vertex 23.3492 20.4617 26
    endloop
  endfacet
  facet normal -0 0 1
    outer loop
      vertex 22.3731 22.6542 26
      vertex 23.3492 20.4617 26
      vertex 22.7639 22.8042 26
    endloop
  endfacet
  facet normal 0 0 1
    outer loop
      vertex 23.3492 20.4617 26
      vertex 22.3731 22.6542 26
      vertex 23.2 20.3856 26
    endloop
  endfacet
  facet normal -0 0 1
    outer loop
      vertex 22 22.4641 26
      vertex 23.2 20.3856 26
      vertex 22.3731 22.6542 26
    endloop
  endfacet
  facet normal 0 0 1
    outer loop
      vertex 23.2 20.3856 26
      vertex 22 22.4641 26
      vertex 23.0595 20.2944 26
    endloop
  endfacet
  facet normal -0 0 1
    outer loop
      vertex 21.6489 22.2361 26
      vertex 23.0595 20.2944 26
      vertex 22 22.4641 26
    endloop
  endfacet
  facet normal 0 0 1
    outer loop
      vertex 23.0595 20.2944 26
      vertex 21.6489 22.2361 26
      vertex 22.9294 20.189 26
    endloop
  endfacet
  facet normal -0 0 1
    outer loop
      vertex 21.3235 21.9726 26
      vertex 22.9294 20.189 26
      vertex 21.6489 22.2361 26
    endloop
  endfacet
  facet normal 0 0 1
    outer loop
      vertex 22.9294 20.189 26
      vertex 21.3235 21.9726 26
      vertex 22.811 20.0706 26
    endloop
  endfacet
  facet normal -0 0 1
    outer loop
      vertex 21.0274 21.6765 26
      vertex 22.811 20.0706 26
      vertex 21.3235 21.9726 26
    endloop
  endfacet
  facet normal 0 0 1
    outer loop
      vertex 22.811 20.0706 26
      vertex 21.0274 21.6765 26
      vertex 22.7056 19.9405 26
    endloop
  endfacet
  facet normal 0 0 1
    outer loop
      vertex 22.7056 19.9405 26
      vertex 20.7639 21.3511 26
      vertex 22.6144 19.8 26
    endloop
  endfacet
  facet normal -0 0 1
    outer loop
      vertex 20.7639 21.3511 26
      vertex 22.7056 19.9405 26
      vertex 21.0274 21.6765 26
    endloop
  endfacet
  facet normal -0 0 1
    outer loop
      vertex 25.2944 18.0595 26
      vertex 27.2361 16.6489 26
      vertex 25.3856 18.2 26
    endloop
  endfacet
  facet normal 0 0 1
    outer loop
      vertex 27.2361 16.6489 26
      vertex 25.2944 18.0595 26
      vertex 26.9726 16.3235 26
    endloop
  endfacet
  facet normal -0 0 1
    outer loop
      vertex 25.189 17.9294 26
      vertex 26.9726 16.3235 26
      vertex 25.2944 18.0595 26
    endloop
  endfacet
  facet normal 0 0 1
    outer loop
      vertex 26.9726 16.3235 26
      vertex 25.189 17.9294 26
      vertex 26.6765 16.0274 26
    endloop
  endfacet
  facet normal -0 0 1
    outer loop
      vertex 25.0706 17.811 26
      vertex 26.6765 16.0274 26
      vertex 25.189 17.9294 26
    endloop
  endfacet
  facet normal 0 0 1
    outer loop
      vertex 26.6765 16.0274 26
      vertex 25.0706 17.811 26
      vertex 26.3511 15.7639 26
    endloop
  endfacet
  facet normal -0 0 1
    outer loop
      vertex 24.9405 17.7056 26
      vertex 26.3511 15.7639 26
      vertex 25.0706 17.811 26
    endloop
  endfacet
  facet normal 0 0 1
    outer loop
      vertex 26.3511 15.7639 26
      vertex 24.9405 17.7056 26
      vertex 26 15.5359 26
    endloop
  endfacet
  facet normal -0 0 1
    outer loop
      vertex 24.8 17.6144 26
      vertex 26 15.5359 26
      vertex 24.9405 17.7056 26
    endloop
  endfacet
  facet normal 0 0 1
    outer loop
      vertex 26 15.5359 26
      vertex 24.8 17.6144 26
      vertex 25.6269 15.3458 26
    endloop
  endfacet
  facet normal -0 0 1
    outer loop
      vertex 24.6508 17.5383 26
      vertex 25.6269 15.3458 26
      vertex 24.8 17.6144 26
    endloop
  endfacet
  facet normal 0 0 1
    outer loop
      vertex 25.6269 15.3458 26
      vertex 24.6508 17.5383 26
      vertex 25.2361 15.1958 26
    endloop
  endfacet
  facet normal -0 0 1
    outer loop
      vertex 24.4944 17.4783 26
      vertex 25.2361 15.1958 26
      vertex 24.6508 17.5383 26
    endloop
  endfacet
  facet normal 0 0 1
    outer loop
      vertex 25.2361 15.1958 26
      vertex 24.4944 17.4783 26
      vertex 24.8316 15.0874 26
    endloop
  endfacet
  facet normal -0 0 1
    outer loop
      vertex 24.3327 17.435 26
      vertex 24.8316 15.0874 26
      vertex 24.4944 17.4783 26
    endloop
  endfacet
  facet normal 0 0 1
    outer loop
      vertex 24.8316 15.0874 26
      vertex 24.3327 17.435 26
      vertex 24.4181 15.0219 26
    endloop
  endfacet
  facet normal -0 0 1
    outer loop
      vertex 24.1672 17.4088 26
      vertex 24.4181 15.0219 26
      vertex 24.3327 17.435 26
    endloop
  endfacet
  facet normal -0 0 1
    outer loop
      vertex 24 17.4 26
      vertex 24.4181 15.0219 26
      vertex 24.1672 17.4088 26
    endloop
  endfacet
  facet normal 0 0 1
    outer loop
      vertex 24 17.4 26
      vertex 24 15 26
      vertex 24.4181 15.0219 26
    endloop
  endfacet
  facet normal 0 0 1
    outer loop
      vertex 23.8328 17.4088 26
      vertex 24 15 26
      vertex 24 17.4 26
    endloop
  endfacet
  facet normal 0 0 1
    outer loop
      vertex 23.5819 15.0219 26
      vertex 23.8328 17.4088 26
      vertex 23.6673 17.435 26
    endloop
  endfacet
  facet normal 0 0 1
    outer loop
      vertex 23.8328 17.4088 26
      vertex 23.5819 15.0219 26
      vertex 24 15 26
    endloop
  endfacet
  facet normal 0 0 1
    outer loop
      vertex 23.1684 15.0874 26
      vertex 23.6673 17.435 26
      vertex 23.5056 17.4783 26
    endloop
  endfacet
  facet normal 0 0 1
    outer loop
      vertex 22.7639 15.1958 26
      vertex 23.5056 17.4783 26
      vertex 23.3492 17.5383 26
    endloop
  endfacet
  facet normal 0 0 1
    outer loop
      vertex 22.3731 15.3458 26
      vertex 23.3492 17.5383 26
      vertex 23.2 17.6144 26
    endloop
  endfacet
  facet normal 0 0 1
    outer loop
      vertex 23.6673 17.435 26
      vertex 23.1684 15.0874 26
      vertex 23.5819 15.0219 26
    endloop
  endfacet
  facet normal 0 0 1
    outer loop
      vertex 22 15.5359 26
      vertex 23.2 17.6144 26
      vertex 23.0595 17.7056 26
    endloop
  endfacet
  facet normal 0 0 1
    outer loop
      vertex 21.6489 15.7639 26
      vertex 23.0595 17.7056 26
      vertex 22.9294 17.811 26
    endloop
  endfacet
  facet normal 0 0 1
    outer loop
      vertex 21.3235 16.0274 26
      vertex 22.9294 17.811 26
      vertex 22.811 17.9294 26
    endloop
  endfacet
  facet normal 0 0 1
    outer loop
      vertex 23.5056 17.4783 26
      vertex 22.7639 15.1958 26
      vertex 23.1684 15.0874 26
    endloop
  endfacet
  facet normal 0 0 1
    outer loop
      vertex 21.0274 16.3235 26
      vertex 22.811 17.9294 26
      vertex 22.7056 18.0595 26
    endloop
  endfacet
  facet normal 0 0 1
    outer loop
      vertex 20.7639 16.6489 26
      vertex 22.7056 18.0595 26
      vertex 22.6144 18.2 26
    endloop
  endfacet
  facet normal 0 0 1
    outer loop
      vertex 20.5359 17 26
      vertex 22.6144 18.2 26
      vertex 22.5383 18.3492 26
    endloop
  endfacet
  facet normal 0 0 1
    outer loop
      vertex 20.3458 17.3731 26
      vertex 22.5383 18.3492 26
      vertex 22.4783 18.5056 26
    endloop
  endfacet
  facet normal 0 0 1
    outer loop
      vertex 20.1958 17.7639 26
      vertex 22.4783 18.5056 26
      vertex 22.435 18.6673 26
    endloop
  endfacet
  facet normal 0 0 1
    outer loop
      vertex 20.0874 18.1684 26
      vertex 22.435 18.6673 26
      vertex 22.4088 18.8328 26
    endloop
  endfacet
  facet normal 0 0 1
    outer loop
      vertex 23.3492 17.5383 26
      vertex 22.3731 15.3458 26
      vertex 22.7639 15.1958 26
    endloop
  endfacet
  facet normal 0 0 1
    outer loop
      vertex 20.0219 18.5819 26
      vertex 22.4088 18.8328 26
      vertex 22.4 19 26
    endloop
  endfacet
  facet normal -0 0 1
    outer loop
      vertex 20.5359 21 26
      vertex 22.6144 19.8 26
      vertex 20.7639 21.3511 26
    endloop
  endfacet
  facet normal 0 0 1
    outer loop
      vertex 22.6144 19.8 26
      vertex 20.5359 21 26
      vertex 22.5383 19.6508 26
    endloop
  endfacet
  facet normal 0 0 1
    outer loop
      vertex 23.2 17.6144 26
      vertex 22 15.5359 26
      vertex 22.3731 15.3458 26
    endloop
  endfacet
  facet normal -0 0 1
    outer loop
      vertex 20.3458 20.6269 26
      vertex 22.5383 19.6508 26
      vertex 20.5359 21 26
    endloop
  endfacet
  facet normal 0 0 1
    outer loop
      vertex 23.0595 17.7056 26
      vertex 21.6489 15.7639 26
      vertex 22 15.5359 26
    endloop
  endfacet
  facet normal 0 0 1
    outer loop
      vertex 22.5383 19.6508 26
      vertex 20.3458 20.6269 26
      vertex 22.4783 19.4944 26
    endloop
  endfacet
  facet normal 0 0 1
    outer loop
      vertex 22.9294 17.811 26
      vertex 21.3235 16.0274 26
      vertex 21.6489 15.7639 26
    endloop
  endfacet
  facet normal -0 0 1
    outer loop
      vertex 20.1958 20.2361 26
      vertex 22.4783 19.4944 26
      vertex 20.3458 20.6269 26
    endloop
  endfacet
  facet normal 0 0 1
    outer loop
      vertex 22.811 17.9294 26
      vertex 21.0274 16.3235 26
      vertex 21.3235 16.0274 26
    endloop
  endfacet
  facet normal 0 0 1
    outer loop
      vertex 22.4783 19.4944 26
      vertex 20.1958 20.2361 26
      vertex 22.435 19.3327 26
    endloop
  endfacet
  facet normal 0 0 1
    outer loop
      vertex 22.7056 18.0595 26
      vertex 20.7639 16.6489 26
      vertex 21.0274 16.3235 26
    endloop
  endfacet
  facet normal -0 0 1
    outer loop
      vertex 20.0874 19.8316 26
      vertex 22.435 19.3327 26
      vertex 20.1958 20.2361 26
    endloop
  endfacet
  facet normal 0 0 1
    outer loop
      vertex 22.6144 18.2 26
      vertex 20.5359 17 26
      vertex 20.7639 16.6489 26
    endloop
  endfacet
  facet normal 0 0 1
    outer loop
      vertex 22.435 19.3327 26
      vertex 20.0874 19.8316 26
      vertex 22.4088 19.1672 26
    endloop
  endfacet
  facet normal 0 0 1
    outer loop
      vertex 22.5383 18.3492 26
      vertex 20.3458 17.3731 26
      vertex 20.5359 17 26
    endloop
  endfacet
  facet normal -0 0 1
    outer loop
      vertex 20.0219 19.4181 26
      vertex 22.4088 19.1672 26
      vertex 20.0874 19.8316 26
    endloop
  endfacet
  facet normal 0 0 1
    outer loop
      vertex 22.4783 18.5056 26
      vertex 20.1958 17.7639 26
      vertex 20.3458 17.3731 26
    endloop
  endfacet
  facet normal 0 0 1
    outer loop
      vertex 22.4088 19.1672 26
      vertex 20.0219 19.4181 26
      vertex 22.4 19 26
    endloop
  endfacet
  facet normal 0 0 1
    outer loop
      vertex 22.435 18.6673 26
      vertex 20.0874 18.1684 26
      vertex 20.1958 17.7639 26
    endloop
  endfacet
  facet normal 0 0 1
    outer loop
      vertex 20 19 26
      vertex 22.4 19 26
      vertex 20.0219 19.4181 26
    endloop
  endfacet
  facet normal 0 0 1
    outer loop
      vertex 22.4088 18.8328 26
      vertex 20.0219 18.5819 26
      vertex 20.0874 18.1684 26
    endloop
  endfacet
  facet normal 0 0 1
    outer loop
      vertex 22.4 19 26
      vertex 20 19 26
      vertex 20.0219 18.5819 26
    endloop
  endfacet
  facet normal -0.453983 0.89101 0
    outer loop
      vertex 22.3731 22.6542 4
      vertex 22 22.4641 26
      vertex 22.3731 22.6542 26
    endloop
  endfacet
  facet normal -0.453983 0.89101 0
    outer loop
      vertex 22 22.4641 26
      vertex 22.3731 22.6542 4
      vertex 22 22.4641 4
    endloop
  endfacet
  facet normal -0.358339 0.933592 0
    outer loop
      vertex 22.7639 22.8042 4
      vertex 22.3731 22.6542 26
      vertex 22.7639 22.8042 26
    endloop
  endfacet
  facet normal -0.358339 0.933592 0
    outer loop
      vertex 22.3731 22.6542 26
      vertex 22.7639 22.8042 4
      vertex 22.3731 22.6542 4
    endloop
  endfacet
  facet normal -0.544627 0.838678 0
    outer loop
      vertex 22 22.4641 4
      vertex 21.6489 22.2361 26
      vertex 22 22.4641 26
    endloop
  endfacet
  facet normal -0.544627 0.838678 0
    outer loop
      vertex 21.6489 22.2361 26
      vertex 22 22.4641 4
      vertex 21.6489 22.2361 4
    endloop
  endfacet
  facet normal -0.156453 0.987685 0
    outer loop
      vertex 23.5819 22.9781 4
      vertex 23.1684 22.9126 26
      vertex 23.5819 22.9781 26
    endloop
  endfacet
  facet normal -0.156453 0.987685 0
    outer loop
      vertex 23.1684 22.9126 26
      vertex 23.5819 22.9781 4
      vertex 23.1684 22.9126 4
    endloop
  endfacet
  facet normal 0.998631 -0.0523081 0
    outer loop
      vertex 27.9781 18.5819 26
      vertex 28 19 4
      vertex 28 19 26
    endloop
  endfacet
  facet normal 0.998631 -0.0523081 0
    outer loop
      vertex 28 19 4
      vertex 27.9781 18.5819 26
      vertex 27.9781 18.5819 4
    endloop
  endfacet
  facet normal 0.0523081 -0.998631 0
    outer loop
      vertex 24 15 4
      vertex 24.4181 15.0219 26
      vertex 24 15 26
    endloop
  endfacet
  facet normal 0.0523081 -0.998631 0
    outer loop
      vertex 24.4181 15.0219 26
      vertex 24 15 4
      vertex 24.4181 15.0219 4
    endloop
  endfacet
  facet normal 0.258851 -0.965917 0
    outer loop
      vertex 24.8316 15.0874 4
      vertex 25.2361 15.1958 26
      vertex 24.8316 15.0874 26
    endloop
  endfacet
  facet normal 0.258851 -0.965917 0
    outer loop
      vertex 25.2361 15.1958 26
      vertex 24.8316 15.0874 4
      vertex 25.2361 15.1958 4
    endloop
  endfacet
  facet normal 0.629315 -0.77715 0
    outer loop
      vertex 26.3511 15.7639 4
      vertex 26.6765 16.0274 26
      vertex 26.3511 15.7639 26
    endloop
  endfacet
  facet normal 0.629315 -0.77715 0
    outer loop
      vertex 26.6765 16.0274 26
      vertex 26.3511 15.7639 4
      vertex 26.6765 16.0274 4
    endloop
  endfacet
  facet normal 0.453983 -0.89101 0
    outer loop
      vertex 25.6269 15.3458 4
      vertex 26 15.5359 26
      vertex 25.6269 15.3458 26
    endloop
  endfacet
  facet normal 0.453983 -0.89101 0
    outer loop
      vertex 26 15.5359 26
      vertex 25.6269 15.3458 4
      vertex 26 15.5359 4
    endloop
  endfacet
  facet normal 0.77715 -0.629315 0
    outer loop
      vertex 26.9726 16.3235 26
      vertex 27.2361 16.6489 4
      vertex 27.2361 16.6489 26
    endloop
  endfacet
  facet normal 0.77715 -0.629315 0
    outer loop
      vertex 27.2361 16.6489 4
      vertex 26.9726 16.3235 26
      vertex 26.9726 16.3235 4
    endloop
  endfacet
  facet normal 0.89101 -0.453983 0
    outer loop
      vertex 27.4641 17 26
      vertex 27.6542 17.3731 4
      vertex 27.6542 17.3731 26
    endloop
  endfacet
  facet normal 0.89101 -0.453983 0
    outer loop
      vertex 27.6542 17.3731 4
      vertex 27.4641 17 26
      vertex 27.4641 17 4
    endloop
  endfacet
  facet normal -0.707107 -0.707107 0
    outer loop
      vertex 21.3235 16.0274 4
      vertex 21.0274 16.3235 26
      vertex 21.0274 16.3235 4
    endloop
  endfacet
  facet normal -0.707107 -0.707107 0
    outer loop
      vertex 21.0274 16.3235 26
      vertex 21.3235 16.0274 4
      vertex 21.3235 16.0274 26
    endloop
  endfacet
  facet normal -0.544627 -0.838678 0
    outer loop
      vertex 21.6489 15.7639 4
      vertex 22 15.5359 26
      vertex 21.6489 15.7639 26
    endloop
  endfacet
  facet normal -0.544627 -0.838678 -0
    outer loop
      vertex 22 15.5359 26
      vertex 21.6489 15.7639 4
      vertex 22 15.5359 4
    endloop
  endfacet
  facet normal -0.358339 -0.933592 0
    outer loop
      vertex 22.3731 15.3458 4
      vertex 22.7639 15.1958 26
      vertex 22.3731 15.3458 26
    endloop
  endfacet
  facet normal -0.358339 -0.933592 -0
    outer loop
      vertex 22.7639 15.1958 26
      vertex 22.3731 15.3458 4
      vertex 22.7639 15.1958 4
    endloop
  endfacet
  facet normal -0.156453 -0.987685 0
    outer loop
      vertex 23.1684 15.0874 4
      vertex 23.5819 15.0219 26
      vertex 23.1684 15.0874 26
    endloop
  endfacet
  facet normal -0.156453 -0.987685 -0
    outer loop
      vertex 23.5819 15.0219 26
      vertex 23.1684 15.0874 4
      vertex 23.5819 15.0219 4
    endloop
  endfacet
  facet normal -0.933592 -0.358339 0
    outer loop
      vertex 20.3458 17.3731 4
      vertex 20.1958 17.7639 26
      vertex 20.1958 17.7639 4
    endloop
  endfacet
  facet normal -0.933592 -0.358339 0
    outer loop
      vertex 20.1958 17.7639 26
      vertex 20.3458 17.3731 4
      vertex 20.3458 17.3731 26
    endloop
  endfacet
  facet normal -0.838678 -0.544627 0
    outer loop
      vertex 20.7639 16.6489 4
      vertex 20.5359 17 26
      vertex 20.5359 17 4
    endloop
  endfacet
  facet normal -0.838678 -0.544627 0
    outer loop
      vertex 20.5359 17 26
      vertex 20.7639 16.6489 4
      vertex 20.7639 16.6489 26
    endloop
  endfacet
  facet normal -0.987685 -0.156453 0
    outer loop
      vertex 20.0874 18.1684 4
      vertex 20.0219 18.5819 26
      vertex 20.0219 18.5819 4
    endloop
  endfacet
  facet normal -0.987685 -0.156453 0
    outer loop
      vertex 20.0219 18.5819 26
      vertex 20.0874 18.1684 4
      vertex 20.0874 18.1684 26
    endloop
  endfacet
  facet normal 0.156453 -0.987685 0
    outer loop
      vertex 24.4181 15.0219 4
      vertex 24.8316 15.0874 26
      vertex 24.4181 15.0219 26
    endloop
  endfacet
  facet normal 0.156453 -0.987685 0
    outer loop
      vertex 24.8316 15.0874 26
      vertex 24.4181 15.0219 4
      vertex 24.8316 15.0874 4
    endloop
  endfacet
  facet normal 0.358339 -0.933592 0
    outer loop
      vertex 25.2361 15.1958 4
      vertex 25.6269 15.3458 26
      vertex 25.2361 15.1958 26
    endloop
  endfacet
  facet normal 0.358339 -0.933592 0
    outer loop
      vertex 25.6269 15.3458 26
      vertex 25.2361 15.1958 4
      vertex 25.6269 15.3458 4
    endloop
  endfacet
  facet normal 0.707107 -0.707107 0
    outer loop
      vertex 26.6765 16.0274 26
      vertex 26.9726 16.3235 4
      vertex 26.9726 16.3235 26
    endloop
  endfacet
  facet normal 0.707107 -0.707107 0
    outer loop
      vertex 26.9726 16.3235 4
      vertex 26.6765 16.0274 26
      vertex 26.6765 16.0274 4
    endloop
  endfacet
  facet normal 0.544627 -0.838678 0
    outer loop
      vertex 26 15.5359 4
      vertex 26.3511 15.7639 26
      vertex 26 15.5359 26
    endloop
  endfacet
  facet normal 0.544627 -0.838678 0
    outer loop
      vertex 26.3511 15.7639 26
      vertex 26 15.5359 4
      vertex 26.3511 15.7639 4
    endloop
  endfacet
  facet normal 0.838678 -0.544627 0
    outer loop
      vertex 27.2361 16.6489 26
      vertex 27.4641 17 4
      vertex 27.4641 17 26
    endloop
  endfacet
  facet normal 0.838678 -0.544627 0
    outer loop
      vertex 27.4641 17 4
      vertex 27.2361 16.6489 26
      vertex 27.2361 16.6489 4
    endloop
  endfacet
  facet normal 0.987685 -0.156453 0
    outer loop
      vertex 27.9126 18.1684 26
      vertex 27.9781 18.5819 4
      vertex 27.9781 18.5819 26
    endloop
  endfacet
  facet normal 0.987685 -0.156453 0
    outer loop
      vertex 27.9781 18.5819 4
      vertex 27.9126 18.1684 26
      vertex 27.9126 18.1684 4
    endloop
  endfacet
  facet normal 0.965917 -0.258851 0
    outer loop
      vertex 27.8042 17.7639 26
      vertex 27.9126 18.1684 4
      vertex 27.9126 18.1684 26
    endloop
  endfacet
  facet normal 0.965917 -0.258851 0
    outer loop
      vertex 27.9126 18.1684 4
      vertex 27.8042 17.7639 26
      vertex 27.8042 17.7639 4
    endloop
  endfacet
  facet normal -0.629315 -0.77715 0
    outer loop
      vertex 21.3235 16.0274 4
      vertex 21.6489 15.7639 26
      vertex 21.3235 16.0274 26
    endloop
  endfacet
  facet normal -0.629315 -0.77715 -0
    outer loop
      vertex 21.6489 15.7639 26
      vertex 21.3235 16.0274 4
      vertex 21.6489 15.7639 4
    endloop
  endfacet
  facet normal -0.453983 -0.89101 0
    outer loop
      vertex 22 15.5359 4
      vertex 22.3731 15.3458 26
      vertex 22 15.5359 26
    endloop
  endfacet
  facet normal -0.453983 -0.89101 -0
    outer loop
      vertex 22.3731 15.3458 26
      vertex 22 15.5359 4
      vertex 22.3731 15.3458 4
    endloop
  endfacet
  facet normal -0.258851 -0.965917 0
    outer loop
      vertex 22.7639 15.1958 4
      vertex 23.1684 15.0874 26
      vertex 22.7639 15.1958 26
    endloop
  endfacet
  facet normal -0.258851 -0.965917 -0
    outer loop
      vertex 23.1684 15.0874 26
      vertex 22.7639 15.1958 4
      vertex 23.1684 15.0874 4
    endloop
  endfacet
  facet normal -0.89101 -0.453983 0
    outer loop
      vertex 20.5359 17 4
      vertex 20.3458 17.3731 26
      vertex 20.3458 17.3731 4
    endloop
  endfacet
  facet normal -0.89101 -0.453983 0
    outer loop
      vertex 20.3458 17.3731 26
      vertex 20.5359 17 4
      vertex 20.5359 17 26
    endloop
  endfacet
  facet normal -0.77715 -0.629315 0
    outer loop
      vertex 21.0274 16.3235 4
      vertex 20.7639 16.6489 26
      vertex 20.7639 16.6489 4
    endloop
  endfacet
  facet normal -0.77715 -0.629315 0
    outer loop
      vertex 20.7639 16.6489 26
      vertex 21.0274 16.3235 4
      vertex 21.0274 16.3235 26
    endloop
  endfacet
  facet normal -0.965917 -0.258851 0
    outer loop
      vertex 20.1958 17.7639 4
      vertex 20.0874 18.1684 26
      vertex 20.0874 18.1684 4
    endloop
  endfacet
  facet normal -0.965917 -0.258851 0
    outer loop
      vertex 20.0874 18.1684 26
      vertex 20.1958 17.7639 4
      vertex 20.1958 17.7639 26
    endloop
  endfacet
  facet normal -0.998618 -0.0525588 0
    outer loop
      vertex 25.6 19 9
      vertex 25.5912 19.1672 26
      vertex 25.5912 19.1672 9
    endloop
  endfacet
  facet normal -0.998618 -0.0525588 0
    outer loop
      vertex 25.5912 19.1672 26
      vertex 25.6 19 9
      vertex 25.6 19 26
    endloop
  endfacet
  facet normal 0.998618 -0.0525588 0
    outer loop
      vertex 22.4 19 26
      vertex 22.4088 19.1672 9
      vertex 22.4088 19.1672 26
    endloop
  endfacet
  facet normal 0.998618 -0.0525588 0
    outer loop
      vertex 22.4088 19.1672 9
      vertex 22.4 19 26
      vertex 22.4 19 9
    endloop
  endfacet
  facet normal -0.0525588 -0.998618 0
    outer loop
      vertex 24 20.6 9
      vertex 24.1672 20.5912 26
      vertex 24 20.6 26
    endloop
  endfacet
  facet normal -0.0525588 -0.998618 -0
    outer loop
      vertex 24.1672 20.5912 26
      vertex 24 20.6 9
      vertex 24.1672 20.5912 9
    endloop
  endfacet
  facet normal 0.0525588 0.998618 -0
    outer loop
      vertex 24 17.4 9
      vertex 23.8328 17.4088 26
      vertex 24 17.4 26
    endloop
  endfacet
  facet normal 0.0525588 0.998618 0
    outer loop
      vertex 23.8328 17.4088 26
      vertex 24 17.4 9
      vertex 23.8328 17.4088 9
    endloop
  endfacet
  facet normal 0.777008 0.62949 0
    outer loop
      vertex 22.811 17.9294 26
      vertex 22.7056 18.0595 9
      vertex 22.7056 18.0595 26
    endloop
  endfacet
  facet normal 0.777008 0.62949 0
    outer loop
      vertex 22.7056 18.0595 9
      vertex 22.811 17.9294 26
      vertex 22.811 17.9294 9
    endloop
  endfacet
  facet normal -0.707107 -0.707107 0
    outer loop
      vertex 25.189 20.0706 9
      vertex 25.0706 20.189 26
      vertex 25.0706 20.189 9
    endloop
  endfacet
  facet normal -0.707107 -0.707107 0
    outer loop
      vertex 25.0706 20.189 26
      vertex 25.189 20.0706 9
      vertex 25.189 20.0706 26
    endloop
  endfacet
  facet normal 0.62949 -0.777008 0
    outer loop
      vertex 22.9294 20.189 9
      vertex 23.0595 20.2944 26
      vertex 22.9294 20.189 26
    endloop
  endfacet
  facet normal 0.62949 -0.777008 0
    outer loop
      vertex 23.0595 20.2944 26
      vertex 22.9294 20.189 9
      vertex 23.0595 20.2944 9
    endloop
  endfacet
  facet normal 0.258666 -0.965967 0
    outer loop
      vertex 23.5056 20.5217 9
      vertex 23.6673 20.565 26
      vertex 23.5056 20.5217 26
    endloop
  endfacet
  facet normal 0.258666 -0.965967 0
    outer loop
      vertex 23.6673 20.565 26
      vertex 23.5056 20.5217 9
      vertex 23.6673 20.565 9
    endloop
  endfacet
  facet normal -0.890816 -0.454364 0
    outer loop
      vertex 25.4617 19.6508 9
      vertex 25.3856 19.8 26
      vertex 25.3856 19.8 9
    endloop
  endfacet
  facet normal -0.890816 -0.454364 0
    outer loop
      vertex 25.3856 19.8 26
      vertex 25.4617 19.6508 9
      vertex 25.4617 19.6508 26
    endloop
  endfacet
  facet normal -0.838784 -0.544464 0
    outer loop
      vertex 25.3856 19.8 9
      vertex 25.2944 19.9405 26
      vertex 25.2944 19.9405 9
    endloop
  endfacet
  facet normal -0.838784 -0.544464 0
    outer loop
      vertex 25.2944 19.9405 26
      vertex 25.3856 19.8 9
      vertex 25.3856 19.8 26
    endloop
  endfacet
  facet normal -0.358179 -0.933653 0
    outer loop
      vertex 24.4944 20.5217 9
      vertex 24.6508 20.4617 26
      vertex 24.4944 20.5217 26
    endloop
  endfacet
  facet normal -0.358179 -0.933653 -0
    outer loop
      vertex 24.6508 20.4617 26
      vertex 24.4944 20.5217 9
      vertex 24.6508 20.4617 9
    endloop
  endfacet
  facet normal -0.258666 -0.965967 0
    outer loop
      vertex 24.3327 20.565 9
      vertex 24.4944 20.5217 26
      vertex 24.3327 20.565 26
    endloop
  endfacet
  facet normal -0.258666 -0.965967 -0
    outer loop
      vertex 24.4944 20.5217 26
      vertex 24.3327 20.565 9
      vertex 24.4944 20.5217 9
    endloop
  endfacet
  facet normal -0.544464 -0.838784 0
    outer loop
      vertex 24.8 20.3856 9
      vertex 24.9405 20.2944 26
      vertex 24.8 20.3856 26
    endloop
  endfacet
  facet normal -0.544464 -0.838784 -0
    outer loop
      vertex 24.9405 20.2944 26
      vertex 24.8 20.3856 9
      vertex 24.9405 20.2944 9
    endloop
  endfacet
  facet normal 0.890816 -0.454364 0
    outer loop
      vertex 22.5383 19.6508 26
      vertex 22.6144 19.8 9
      vertex 22.6144 19.8 26
    endloop
  endfacet
  facet normal 0.890816 -0.454364 0
    outer loop
      vertex 22.6144 19.8 9
      vertex 22.5383 19.6508 26
      vertex 22.5383 19.6508 9
    endloop
  endfacet
  facet normal 0.156361 -0.9877 0
    outer loop
      vertex 23.6673 20.565 9
      vertex 23.8328 20.5912 26
      vertex 23.6673 20.565 26
    endloop
  endfacet
  facet normal 0.156361 -0.9877 0
    outer loop
      vertex 23.8328 20.5912 26
      vertex 23.6673 20.565 9
      vertex 23.8328 20.5912 9
    endloop
  endfacet
  facet normal 0.998618 0.0525588 0
    outer loop
      vertex 22.4088 18.8328 26
      vertex 22.4 19 9
      vertex 22.4 19 26
    endloop
  endfacet
  facet normal 0.998618 0.0525588 0
    outer loop
      vertex 22.4 19 9
      vertex 22.4088 18.8328 26
      vertex 22.4088 18.8328 9
    endloop
  endfacet
  facet normal -0.965967 -0.258666 0
    outer loop
      vertex 25.565 19.3327 9
      vertex 25.5217 19.4944 26
      vertex 25.5217 19.4944 9
    endloop
  endfacet
  facet normal -0.965967 -0.258666 0
    outer loop
      vertex 25.5217 19.4944 26
      vertex 25.565 19.3327 9
      vertex 25.565 19.3327 26
    endloop
  endfacet
  facet normal -0.9877 -0.156361 0
    outer loop
      vertex 25.5912 19.1672 9
      vertex 25.565 19.3327 26
      vertex 25.565 19.3327 9
    endloop
  endfacet
  facet normal -0.9877 -0.156361 0
    outer loop
      vertex 25.565 19.3327 26
      vertex 25.5912 19.1672 9
      vertex 25.5912 19.1672 26
    endloop
  endfacet
  facet normal -0.933653 -0.358179 0
    outer loop
      vertex 25.5217 19.4944 9
      vertex 25.4617 19.6508 26
      vertex 25.4617 19.6508 9
    endloop
  endfacet
  facet normal -0.933653 -0.358179 0
    outer loop
      vertex 25.4617 19.6508 26
      vertex 25.5217 19.4944 9
      vertex 25.5217 19.4944 26
    endloop
  endfacet
  facet normal -0.777008 -0.62949 0
    outer loop
      vertex 25.2944 19.9405 9
      vertex 25.189 20.0706 26
      vertex 25.189 20.0706 9
    endloop
  endfacet
  facet normal -0.777008 -0.62949 0
    outer loop
      vertex 25.189 20.0706 26
      vertex 25.2944 19.9405 9
      vertex 25.2944 19.9405 26
    endloop
  endfacet
  facet normal -0.156361 -0.9877 0
    outer loop
      vertex 24.1672 20.5912 9
      vertex 24.3327 20.565 26
      vertex 24.1672 20.5912 26
    endloop
  endfacet
  facet normal -0.156361 -0.9877 -0
    outer loop
      vertex 24.3327 20.565 26
      vertex 24.1672 20.5912 9
      vertex 24.3327 20.565 9
    endloop
  endfacet
  facet normal -0.454364 -0.890816 0
    outer loop
      vertex 24.6508 20.4617 9
      vertex 24.8 20.3856 26
      vertex 24.6508 20.4617 26
    endloop
  endfacet
  facet normal -0.454364 -0.890816 -0
    outer loop
      vertex 24.8 20.3856 26
      vertex 24.6508 20.4617 9
      vertex 24.8 20.3856 9
    endloop
  endfacet
  facet normal -0.62949 -0.777008 0
    outer loop
      vertex 24.9405 20.2944 9
      vertex 25.0706 20.189 26
      vertex 24.9405 20.2944 26
    endloop
  endfacet
  facet normal -0.62949 -0.777008 -0
    outer loop
      vertex 25.0706 20.189 26
      vertex 24.9405 20.2944 9
      vertex 25.0706 20.189 9
    endloop
  endfacet
  facet normal 0.965967 -0.258666 0
    outer loop
      vertex 22.435 19.3327 26
      vertex 22.4783 19.4944 9
      vertex 22.4783 19.4944 26
    endloop
  endfacet
  facet normal 0.965967 -0.258666 0
    outer loop
      vertex 22.4783 19.4944 9
      vertex 22.435 19.3327 26
      vertex 22.435 19.3327 9
    endloop
  endfacet
  facet normal 0.777008 -0.62949 0
    outer loop
      vertex 22.7056 19.9405 26
      vertex 22.811 20.0706 9
      vertex 22.811 20.0706 26
    endloop
  endfacet
  facet normal 0.777008 -0.62949 0
    outer loop
      vertex 22.811 20.0706 9
      vertex 22.7056 19.9405 26
      vertex 22.7056 19.9405 9
    endloop
  endfacet
  facet normal 0.707107 -0.707107 0
    outer loop
      vertex 22.811 20.0706 26
      vertex 22.9294 20.189 9
      vertex 22.9294 20.189 26
    endloop
  endfacet
  facet normal 0.707107 -0.707107 0
    outer loop
      vertex 22.9294 20.189 9
      vertex 22.811 20.0706 26
      vertex 22.811 20.0706 9
    endloop
  endfacet
  facet normal 0.838784 -0.544464 0
    outer loop
      vertex 22.6144 19.8 26
      vertex 22.7056 19.9405 9
      vertex 22.7056 19.9405 26
    endloop
  endfacet
  facet normal 0.838784 -0.544464 0
    outer loop
      vertex 22.7056 19.9405 9
      vertex 22.6144 19.8 26
      vertex 22.6144 19.8 9
    endloop
  endfacet
  facet normal 0.933653 -0.358179 0
    outer loop
      vertex 22.4783 19.4944 26
      vertex 22.5383 19.6508 9
      vertex 22.5383 19.6508 26
    endloop
  endfacet
  facet normal 0.933653 -0.358179 0
    outer loop
      vertex 22.5383 19.6508 9
      vertex 22.4783 19.4944 26
      vertex 22.4783 19.4944 9
    endloop
  endfacet
  facet normal 0.9877 -0.156361 0
    outer loop
      vertex 22.4088 19.1672 26
      vertex 22.435 19.3327 9
      vertex 22.435 19.3327 26
    endloop
  endfacet
  facet normal 0.9877 -0.156361 0
    outer loop
      vertex 22.435 19.3327 9
      vertex 22.4088 19.1672 26
      vertex 22.4088 19.1672 9
    endloop
  endfacet
  facet normal 0.454364 -0.890816 0
    outer loop
      vertex 23.2 20.3856 9
      vertex 23.3492 20.4617 26
      vertex 23.2 20.3856 26
    endloop
  endfacet
  facet normal 0.454364 -0.890816 0
    outer loop
      vertex 23.3492 20.4617 26
      vertex 23.2 20.3856 9
      vertex 23.3492 20.4617 9
    endloop
  endfacet
  facet normal 0.358179 -0.933653 0
    outer loop
      vertex 23.3492 20.4617 9
      vertex 23.5056 20.5217 26
      vertex 23.3492 20.4617 26
    endloop
  endfacet
  facet normal 0.358179 -0.933653 0
    outer loop
      vertex 23.5056 20.5217 26
      vertex 23.3492 20.4617 9
      vertex 23.5056 20.5217 9
    endloop
  endfacet
  facet normal 0.544464 -0.838784 0
    outer loop
      vertex 23.0595 20.2944 9
      vertex 23.2 20.3856 26
      vertex 23.0595 20.2944 26
    endloop
  endfacet
  facet normal 0.544464 -0.838784 0
    outer loop
      vertex 23.2 20.3856 26
      vertex 23.0595 20.2944 9
      vertex 23.2 20.3856 9
    endloop
  endfacet
  facet normal 0.0525588 -0.998618 0
    outer loop
      vertex 23.8328 20.5912 9
      vertex 24 20.6 26
      vertex 23.8328 20.5912 26
    endloop
  endfacet
  facet normal 0.0525588 -0.998618 0
    outer loop
      vertex 24 20.6 26
      vertex 23.8328 20.5912 9
      vertex 24 20.6 9
    endloop
  endfacet
  facet normal -0.998618 0.0525588 0
    outer loop
      vertex 25.5912 18.8328 9
      vertex 25.6 19 26
      vertex 25.6 19 9
    endloop
  endfacet
  facet normal -0.998618 0.0525588 0
    outer loop
      vertex 25.6 19 26
      vertex 25.5912 18.8328 9
      vertex 25.5912 18.8328 26
    endloop
  endfacet
  facet normal -0.0525588 0.998618 0
    outer loop
      vertex 24.1672 17.4088 9
      vertex 24 17.4 26
      vertex 24.1672 17.4088 26
    endloop
  endfacet
  facet normal -0.0525588 0.998618 0
    outer loop
      vertex 24 17.4 26
      vertex 24.1672 17.4088 9
      vertex 24 17.4 9
    endloop
  endfacet
  facet normal -0.258666 0.965967 0
    outer loop
      vertex 24.4944 17.4783 9
      vertex 24.3327 17.435 26
      vertex 24.4944 17.4783 26
    endloop
  endfacet
  facet normal -0.258666 0.965967 0
    outer loop
      vertex 24.3327 17.435 26
      vertex 24.4944 17.4783 9
      vertex 24.3327 17.435 9
    endloop
  endfacet
  facet normal -0.62949 0.777008 0
    outer loop
      vertex 25.0706 17.811 9
      vertex 24.9405 17.7056 26
      vertex 25.0706 17.811 26
    endloop
  endfacet
  facet normal -0.62949 0.777008 0
    outer loop
      vertex 24.9405 17.7056 26
      vertex 25.0706 17.811 9
      vertex 24.9405 17.7056 9
    endloop
  endfacet
  facet normal -0.454364 0.890816 0
    outer loop
      vertex 24.8 17.6144 9
      vertex 24.6508 17.5383 26
      vertex 24.8 17.6144 26
    endloop
  endfacet
  facet normal -0.454364 0.890816 0
    outer loop
      vertex 24.6508 17.5383 26
      vertex 24.8 17.6144 9
      vertex 24.6508 17.5383 9
    endloop
  endfacet
  facet normal -0.777008 0.62949 0
    outer loop
      vertex 25.189 17.9294 9
      vertex 25.2944 18.0595 26
      vertex 25.2944 18.0595 9
    endloop
  endfacet
  facet normal -0.777008 0.62949 0
    outer loop
      vertex 25.2944 18.0595 26
      vertex 25.189 17.9294 9
      vertex 25.189 17.9294 26
    endloop
  endfacet
  facet normal -0.890816 0.454364 0
    outer loop
      vertex 25.3856 18.2 9
      vertex 25.4617 18.3492 26
      vertex 25.4617 18.3492 9
    endloop
  endfacet
  facet normal -0.890816 0.454364 0
    outer loop
      vertex 25.4617 18.3492 26
      vertex 25.3856 18.2 9
      vertex 25.3856 18.2 26
    endloop
  endfacet
  facet normal 0.707107 0.707107 0
    outer loop
      vertex 22.9294 17.811 26
      vertex 22.811 17.9294 9
      vertex 22.811 17.9294 26
    endloop
  endfacet
  facet normal 0.707107 0.707107 0
    outer loop
      vertex 22.811 17.9294 9
      vertex 22.9294 17.811 26
      vertex 22.9294 17.811 9
    endloop
  endfacet
  facet normal 0.544464 0.838784 -0
    outer loop
      vertex 23.2 17.6144 9
      vertex 23.0595 17.7056 26
      vertex 23.2 17.6144 26
    endloop
  endfacet
  facet normal 0.544464 0.838784 0
    outer loop
      vertex 23.0595 17.7056 26
      vertex 23.2 17.6144 9
      vertex 23.0595 17.7056 9
    endloop
  endfacet
  facet normal 0.358179 0.933653 -0
    outer loop
      vertex 23.5056 17.4783 9
      vertex 23.3492 17.5383 26
      vertex 23.5056 17.4783 26
    endloop
  endfacet
  facet normal 0.358179 0.933653 0
    outer loop
      vertex 23.3492 17.5383 26
      vertex 23.5056 17.4783 9
      vertex 23.3492 17.5383 9
    endloop
  endfacet
  facet normal 0.156361 0.9877 -0
    outer loop
      vertex 23.8328 17.4088 9
      vertex 23.6673 17.435 26
      vertex 23.8328 17.4088 26
    endloop
  endfacet
  facet normal 0.156361 0.9877 0
    outer loop
      vertex 23.6673 17.435 26
      vertex 23.8328 17.4088 9
      vertex 23.6673 17.435 9
    endloop
  endfacet
  facet normal 0.933653 0.358179 0
    outer loop
      vertex 22.5383 18.3492 26
      vertex 22.4783 18.5056 9
      vertex 22.4783 18.5056 26
    endloop
  endfacet
  facet normal 0.933653 0.358179 0
    outer loop
      vertex 22.4783 18.5056 9
      vertex 22.5383 18.3492 26
      vertex 22.5383 18.3492 9
    endloop
  endfacet
  facet normal 0.838784 0.544464 0
    outer loop
      vertex 22.7056 18.0595 26
      vertex 22.6144 18.2 9
      vertex 22.6144 18.2 26
    endloop
  endfacet
  facet normal 0.838784 0.544464 0
    outer loop
      vertex 22.6144 18.2 9
      vertex 22.7056 18.0595 26
      vertex 22.7056 18.0595 9
    endloop
  endfacet
  facet normal 0.965967 0.258666 0
    outer loop
      vertex 22.4783 18.5056 26
      vertex 22.435 18.6673 9
      vertex 22.435 18.6673 26
    endloop
  endfacet
  facet normal 0.965967 0.258666 0
    outer loop
      vertex 22.435 18.6673 9
      vertex 22.4783 18.5056 26
      vertex 22.4783 18.5056 9
    endloop
  endfacet
  facet normal 0 0 1
    outer loop
      vertex 25.5912 19.1672 9
      vertex 25.5912 18.8328 9
      vertex 25.6 19 9
    endloop
  endfacet
  facet normal 0 0 1
    outer loop
      vertex 25.565 19.3327 9
      vertex 25.5912 18.8328 9
      vertex 25.5912 19.1672 9
    endloop
  endfacet
  facet normal 0 0 1
    outer loop
      vertex 25.565 19.3327 9
      vertex 25.565 18.6673 9
      vertex 25.5912 18.8328 9
    endloop
  endfacet
  facet normal 0 0 1
    outer loop
      vertex 25.5217 19.4944 9
      vertex 25.565 18.6673 9
      vertex 25.565 19.3327 9
    endloop
  endfacet
  facet normal 0 0 1
    outer loop
      vertex 25.5217 19.4944 9
      vertex 25.5217 18.5056 9
      vertex 25.565 18.6673 9
    endloop
  endfacet
  facet normal 0 0 1
    outer loop
      vertex 25.4617 19.6508 9
      vertex 25.5217 18.5056 9
      vertex 25.5217 19.4944 9
    endloop
  endfacet
  facet normal 0 0 1
    outer loop
      vertex 25.4617 19.6508 9
      vertex 25.4617 18.3492 9
      vertex 25.5217 18.5056 9
    endloop
  endfacet
  facet normal 0 0 1
    outer loop
      vertex 25.3856 19.8 9
      vertex 25.4617 18.3492 9
      vertex 25.4617 19.6508 9
    endloop
  endfacet
  facet normal 0 0 1
    outer loop
      vertex 25.3856 19.8 9
      vertex 25.3856 18.2 9
      vertex 25.4617 18.3492 9
    endloop
  endfacet
  facet normal 0 0 1
    outer loop
      vertex 25.2944 19.9405 9
      vertex 25.3856 18.2 9
      vertex 25.3856 19.8 9
    endloop
  endfacet
  facet normal 0 0 1
    outer loop
      vertex 25.2944 19.9405 9
      vertex 25.2944 18.0595 9
      vertex 25.3856 18.2 9
    endloop
  endfacet
  facet normal 0 0 1
    outer loop
      vertex 25.189 20.0706 9
      vertex 25.2944 18.0595 9
      vertex 25.2944 19.9405 9
    endloop
  endfacet
  facet normal 0 0 1
    outer loop
      vertex 25.189 20.0706 9
      vertex 25.189 17.9294 9
      vertex 25.2944 18.0595 9
    endloop
  endfacet
  facet normal 0 0 1
    outer loop
      vertex 25.0706 20.189 9
      vertex 25.189 17.9294 9
      vertex 25.189 20.0706 9
    endloop
  endfacet
  facet normal 0 0 1
    outer loop
      vertex 25.0706 20.189 9
      vertex 25.0706 17.811 9
      vertex 25.189 17.9294 9
    endloop
  endfacet
  facet normal 0 0 1
    outer loop
      vertex 24.9405 20.2944 9
      vertex 25.0706 17.811 9
      vertex 25.0706 20.189 9
    endloop
  endfacet
  facet normal 0 0 1
    outer loop
      vertex 24.9405 20.2944 9
      vertex 24.9405 17.7056 9
      vertex 25.0706 17.811 9
    endloop
  endfacet
  facet normal 0 0 1
    outer loop
      vertex 24.8 20.3856 9
      vertex 24.9405 17.7056 9
      vertex 24.9405 20.2944 9
    endloop
  endfacet
  facet normal 0 0 1
    outer loop
      vertex 24.8 20.3856 9
      vertex 24.8 17.6144 9
      vertex 24.9405 17.7056 9
    endloop
  endfacet
  facet normal 0 0 1
    outer loop
      vertex 24.6508 20.4617 9
      vertex 24.8 17.6144 9
      vertex 24.8 20.3856 9
    endloop
  endfacet
  facet normal 0 0 1
    outer loop
      vertex 24.6508 20.4617 9
      vertex 24.6508 17.5383 9
      vertex 24.8 17.6144 9
    endloop
  endfacet
  facet normal 0 0 1
    outer loop
      vertex 24.4944 20.5217 9
      vertex 24.6508 17.5383 9
      vertex 24.6508 20.4617 9
    endloop
  endfacet
  facet normal 0 0 1
    outer loop
      vertex 24.4944 20.5217 9
      vertex 24.4944 17.4783 9
      vertex 24.6508 17.5383 9
    endloop
  endfacet
  facet normal 0 0 1
    outer loop
      vertex 24.3327 20.565 9
      vertex 24.4944 17.4783 9
      vertex 24.4944 20.5217 9
    endloop
  endfacet
  facet normal 0 0 1
    outer loop
      vertex 24.3327 20.565 9
      vertex 24.3327 17.435 9
      vertex 24.4944 17.4783 9
    endloop
  endfacet
  facet normal 0 0 1
    outer loop
      vertex 24.1672 20.5912 9
      vertex 24.3327 17.435 9
      vertex 24.3327 20.565 9
    endloop
  endfacet
  facet normal 0 0 1
    outer loop
      vertex 24.1672 20.5912 9
      vertex 24.1672 17.4088 9
      vertex 24.3327 17.435 9
    endloop
  endfacet
  facet normal 0 0 1
    outer loop
      vertex 24 20.6 9
      vertex 24.1672 17.4088 9
      vertex 24.1672 20.5912 9
    endloop
  endfacet
  facet normal 0 0 1
    outer loop
      vertex 24 20.6 9
      vertex 24 17.4 9
      vertex 24.1672 17.4088 9
    endloop
  endfacet
  facet normal -0 0 1
    outer loop
      vertex 23.8328 20.5912 9
      vertex 24 17.4 9
      vertex 24 20.6 9
    endloop
  endfacet
  facet normal 0 0 1
    outer loop
      vertex 23.8328 20.5912 9
      vertex 23.8328 17.4088 9
      vertex 24 17.4 9
    endloop
  endfacet
  facet normal -0 0 1
    outer loop
      vertex 23.6673 20.565 9
      vertex 23.8328 17.4088 9
      vertex 23.8328 20.5912 9
    endloop
  endfacet
  facet normal 0 0 1
    outer loop
      vertex 23.6673 20.565 9
      vertex 23.6673 17.435 9
      vertex 23.8328 17.4088 9
    endloop
  endfacet
  facet normal -0 0 1
    outer loop
      vertex 23.5056 20.5217 9
      vertex 23.6673 17.435 9
      vertex 23.6673 20.565 9
    endloop
  endfacet
  facet normal 0 0 1
    outer loop
      vertex 23.5056 20.5217 9
      vertex 23.5056 17.4783 9
      vertex 23.6673 17.435 9
    endloop
  endfacet
  facet normal -0 0 1
    outer loop
      vertex 23.3492 20.4617 9
      vertex 23.5056 17.4783 9
      vertex 23.5056 20.5217 9
    endloop
  endfacet
  facet normal 0 0 1
    outer loop
      vertex 23.3492 20.4617 9
      vertex 23.3492 17.5383 9
      vertex 23.5056 17.4783 9
    endloop
  endfacet
  facet normal -0 0 1
    outer loop
      vertex 23.2 20.3856 9
      vertex 23.3492 17.5383 9
      vertex 23.3492 20.4617 9
    endloop
  endfacet
  facet normal 0 0 1
    outer loop
      vertex 23.2 20.3856 9
      vertex 23.2 17.6144 9
      vertex 23.3492 17.5383 9
    endloop
  endfacet
  facet normal -0 0 1
    outer loop
      vertex 23.0595 20.2944 9
      vertex 23.2 17.6144 9
      vertex 23.2 20.3856 9
    endloop
  endfacet
  facet normal 0 0 1
    outer loop
      vertex 23.0595 20.2944 9
      vertex 23.0595 17.7056 9
      vertex 23.2 17.6144 9
    endloop
  endfacet
  facet normal -0 0 1
    outer loop
      vertex 22.9294 20.189 9
      vertex 23.0595 17.7056 9
      vertex 23.0595 20.2944 9
    endloop
  endfacet
  facet normal 0 0 1
    outer loop
      vertex 22.9294 20.189 9
      vertex 22.9294 17.811 9
      vertex 23.0595 17.7056 9
    endloop
  endfacet
  facet normal -0 0 1
    outer loop
      vertex 22.811 20.0706 9
      vertex 22.9294 17.811 9
      vertex 22.9294 20.189 9
    endloop
  endfacet
  facet normal 0 0 1
    outer loop
      vertex 22.811 20.0706 9
      vertex 22.811 17.9294 9
      vertex 22.9294 17.811 9
    endloop
  endfacet
  facet normal -0 0 1
    outer loop
      vertex 22.7056 19.9405 9
      vertex 22.811 17.9294 9
      vertex 22.811 20.0706 9
    endloop
  endfacet
  facet normal 0 0 1
    outer loop
      vertex 22.7056 19.9405 9
      vertex 22.7056 18.0595 9
      vertex 22.811 17.9294 9
    endloop
  endfacet
  facet normal -0 0 1
    outer loop
      vertex 22.6144 19.8 9
      vertex 22.7056 18.0595 9
      vertex 22.7056 19.9405 9
    endloop
  endfacet
  facet normal 0 0 1
    outer loop
      vertex 22.6144 19.8 9
      vertex 22.6144 18.2 9
      vertex 22.7056 18.0595 9
    endloop
  endfacet
  facet normal -0 0 1
    outer loop
      vertex 22.5383 19.6508 9
      vertex 22.6144 18.2 9
      vertex 22.6144 19.8 9
    endloop
  endfacet
  facet normal 0 0 1
    outer loop
      vertex 22.5383 19.6508 9
      vertex 22.5383 18.3492 9
      vertex 22.6144 18.2 9
    endloop
  endfacet
  facet normal -0 0 1
    outer loop
      vertex 22.4783 19.4944 9
      vertex 22.5383 18.3492 9
      vertex 22.5383 19.6508 9
    endloop
  endfacet
  facet normal 0 0 1
    outer loop
      vertex 22.4783 19.4944 9
      vertex 22.4783 18.5056 9
      vertex 22.5383 18.3492 9
    endloop
  endfacet
  facet normal -0 0 1
    outer loop
      vertex 22.435 19.3327 9
      vertex 22.4783 18.5056 9
      vertex 22.4783 19.4944 9
    endloop
  endfacet
  facet normal 0 0 1
    outer loop
      vertex 22.435 19.3327 9
      vertex 22.435 18.6673 9
      vertex 22.4783 18.5056 9
    endloop
  endfacet
  facet normal -0 0 1
    outer loop
      vertex 22.4088 19.1672 9
      vertex 22.435 18.6673 9
      vertex 22.435 19.3327 9
    endloop
  endfacet
  facet normal 0 0 1
    outer loop
      vertex 22.4088 19.1672 9
      vertex 22.4088 18.8328 9
      vertex 22.435 18.6673 9
    endloop
  endfacet
  facet normal 0 -0 1
    outer loop
      vertex 22.4088 18.8328 9
      vertex 22.4088 19.1672 9
      vertex 22.4 19 9
    endloop
  endfacet
  facet normal -0.156361 0.9877 0
    outer loop
      vertex 24.3327 17.435 9
      vertex 24.1672 17.4088 26
      vertex 24.3327 17.435 26
    endloop
  endfacet
  facet normal -0.156361 0.9877 0
    outer loop
      vertex 24.1672 17.4088 26
      vertex 24.3327 17.435 9
      vertex 24.1672 17.4088 9
    endloop
  endfacet
  facet normal -0.358179 0.933653 0
    outer loop
      vertex 24.6508 17.5383 9
      vertex 24.4944 17.4783 26
      vertex 24.6508 17.5383 26
    endloop
  endfacet
  facet normal -0.358179 0.933653 0
    outer loop
      vertex 24.4944 17.4783 26
      vertex 24.6508 17.5383 9
      vertex 24.4944 17.4783 9
    endloop
  endfacet
  facet normal -0.707107 0.707107 0
    outer loop
      vertex 25.0706 17.811 9
      vertex 25.189 17.9294 26
      vertex 25.189 17.9294 9
    endloop
  endfacet
  facet normal -0.707107 0.707107 0
    outer loop
      vertex 25.189 17.9294 26
      vertex 25.0706 17.811 9
      vertex 25.0706 17.811 26
    endloop
  endfacet
  facet normal -0.544464 0.838784 0
    outer loop
      vertex 24.9405 17.7056 9
      vertex 24.8 17.6144 26
      vertex 24.9405 17.7056 26
    endloop
  endfacet
  facet normal -0.544464 0.838784 0
    outer loop
      vertex 24.8 17.6144 26
      vertex 24.9405 17.7056 9
      vertex 24.8 17.6144 9
    endloop
  endfacet
  facet normal -0.838784 0.544464 0
    outer loop
      vertex 25.2944 18.0595 9
      vertex 25.3856 18.2 26
      vertex 25.3856 18.2 9
    endloop
  endfacet
  facet normal -0.838784 0.544464 0
    outer loop
      vertex 25.3856 18.2 26
      vertex 25.2944 18.0595 9
      vertex 25.2944 18.0595 26
    endloop
  endfacet
  facet normal -0.933653 0.358179 0
    outer loop
      vertex 25.4617 18.3492 9
      vertex 25.5217 18.5056 26
      vertex 25.5217 18.5056 9
    endloop
  endfacet
  facet normal -0.933653 0.358179 0
    outer loop
      vertex 25.5217 18.5056 26
      vertex 25.4617 18.3492 9
      vertex 25.4617 18.3492 26
    endloop
  endfacet
  facet normal -0.9877 0.156361 0
    outer loop
      vertex 25.565 18.6673 9
      vertex 25.5912 18.8328 26
      vertex 25.5912 18.8328 9
    endloop
  endfacet
  facet normal -0.9877 0.156361 0
    outer loop
      vertex 25.5912 18.8328 26
      vertex 25.565 18.6673 9
      vertex 25.565 18.6673 26
    endloop
  endfacet
  facet normal -0.965967 0.258666 0
    outer loop
      vertex 25.5217 18.5056 9
      vertex 25.565 18.6673 26
      vertex 25.565 18.6673 9
    endloop
  endfacet
  facet normal -0.965967 0.258666 0
    outer loop
      vertex 25.565 18.6673 26
      vertex 25.5217 18.5056 9
      vertex 25.5217 18.5056 26
    endloop
  endfacet
  facet normal 0.62949 0.777008 -0
    outer loop
      vertex 23.0595 17.7056 9
      vertex 22.9294 17.811 26
      vertex 23.0595 17.7056 26
    endloop
  endfacet
  facet normal 0.62949 0.777008 0
    outer loop
      vertex 22.9294 17.811 26
      vertex 23.0595 17.7056 9
      vertex 22.9294 17.811 9
    endloop
  endfacet
  facet normal 0.454364 0.890816 -0
    outer loop
      vertex 23.3492 17.5383 9
      vertex 23.2 17.6144 26
      vertex 23.3492 17.5383 26
    endloop
  endfacet
  facet normal 0.454364 0.890816 0
    outer loop
      vertex 23.2 17.6144 26
      vertex 23.3492 17.5383 9
      vertex 23.2 17.6144 9
    endloop
  endfacet
  facet normal 0.258666 0.965967 -0
    outer loop
      vertex 23.6673 17.435 9
      vertex 23.5056 17.4783 26
      vertex 23.6673 17.435 26
    endloop
  endfacet
  facet normal 0.258666 0.965967 0
    outer loop
      vertex 23.5056 17.4783 26
      vertex 23.6673 17.435 9
      vertex 23.5056 17.4783 9
    endloop
  endfacet
  facet normal 0.890816 0.454364 0
    outer loop
      vertex 22.6144 18.2 26
      vertex 22.5383 18.3492 9
      vertex 22.5383 18.3492 26
    endloop
  endfacet
  facet normal 0.890816 0.454364 0
    outer loop
      vertex 22.5383 18.3492 9
      vertex 22.6144 18.2 26
      vertex 22.6144 18.2 9
    endloop
  endfacet
  facet normal 0.9877 0.156361 0
    outer loop
      vertex 22.435 18.6673 26
      vertex 22.4088 18.8328 9
      vertex 22.4088 18.8328 26
    endloop
  endfacet
  facet normal 0.9877 0.156361 0
    outer loop
      vertex 22.4088 18.8328 9
      vertex 22.435 18.6673 26
      vertex 22.435 18.6673 9
    endloop
  endfacet
  facet normal 0 0 1
    outer loop
      vertex 31 27 5.5
      vertex 32 26 5.5
      vertex 31.9945 26.1045 5.5
    endloop
  endfacet
  facet normal 0 0 1
    outer loop
      vertex 32 26 5.5
      vertex 30.25 24.25 5.5
      vertex 32 -26 5.5
    endloop
  endfacet
  facet normal 0 0 1
    outer loop
      vertex 31 27 5.5
      vertex 31.9945 26.1045 5.5
      vertex 31.9781 26.2079 5.5
    endloop
  endfacet
  facet normal -0 0 1
    outer loop
      vertex 30.25 -24.25 5.5
      vertex 32 -26 5.5
      vertex 30.25 24.25 5.5
    endloop
  endfacet
  facet normal 0 0 1
    outer loop
      vertex 31 27 5.5
      vertex 31.9781 26.2079 5.5
      vertex 31.9511 26.309 5.5
    endloop
  endfacet
  facet normal -0 0 1
    outer loop
      vertex 30.2445 -24.3545 5.5
      vertex 32 -26 5.5
      vertex 30.25 -24.25 5.5
    endloop
  endfacet
  facet normal 0 0 1
    outer loop
      vertex 31 27 5.5
      vertex 31.9511 26.309 5.5
      vertex 31.9135 26.4067 5.5
    endloop
  endfacet
  facet normal -0 0 1
    outer loop
      vertex 30.2281 -24.4579 5.5
      vertex 32 -26 5.5
      vertex 30.2445 -24.3545 5.5
    endloop
  endfacet
  facet normal 0 0 1
    outer loop
      vertex 31 27 5.5
      vertex 31.9135 26.4067 5.5
      vertex 31.866 26.5 5.5
    endloop
  endfacet
  facet normal -0 0 1
    outer loop
      vertex 30.2011 -24.559 5.5
      vertex 32 -26 5.5
      vertex 30.2281 -24.4579 5.5
    endloop
  endfacet
  facet normal 0 0 1
    outer loop
      vertex 31 27 5.5
      vertex 31.866 26.5 5.5
      vertex 31.809 26.5878 5.5
    endloop
  endfacet
  facet normal -0 0 1
    outer loop
      vertex 30.1635 -24.6567 5.5
      vertex 32 -26 5.5
      vertex 30.2011 -24.559 5.5
    endloop
  endfacet
  facet normal 0 0 1
    outer loop
      vertex 31 27 5.5
      vertex 31.809 26.5878 5.5
      vertex 31.7431 26.6691 5.5
    endloop
  endfacet
  facet normal -0 0 1
    outer loop
      vertex 30.116 -24.75 5.5
      vertex 32 -26 5.5
      vertex 30.1635 -24.6567 5.5
    endloop
  endfacet
  facet normal 0 0 1
    outer loop
      vertex 31 27 5.5
      vertex 31.7431 26.6691 5.5
      vertex 31.6691 26.7431 5.5
    endloop
  endfacet
  facet normal -0 0 1
    outer loop
      vertex 30.059 -24.8378 5.5
      vertex 32 -26 5.5
      vertex 30.116 -24.75 5.5
    endloop
  endfacet
  facet normal 0 0 1
    outer loop
      vertex 31 27 5.5
      vertex 31.6691 26.7431 5.5
      vertex 31.5878 26.809 5.5
    endloop
  endfacet
  facet normal -0 0 1
    outer loop
      vertex 29.9931 -24.9191 5.5
      vertex 32 -26 5.5
      vertex 30.059 -24.8378 5.5
    endloop
  endfacet
  facet normal 0 0 1
    outer loop
      vertex 31 27 5.5
      vertex 31.5878 26.809 5.5
      vertex 31.5 26.866 5.5
    endloop
  endfacet
  facet normal 0 -0 1
    outer loop
      vertex 31 -27 5.5
      vertex 32 -26 5.5
      vertex 29.9931 -24.9191 5.5
    endloop
  endfacet
  facet normal 0 0 1
    outer loop
      vertex 31 27 5.5
      vertex 31.5 26.866 5.5
      vertex 31.4067 26.9135 5.5
    endloop
  endfacet
  facet normal 0 0 1
    outer loop
      vertex 32 -26 5.5
      vertex 31 -27 5.5
      vertex 31.9945 -26.1045 5.5
    endloop
  endfacet
  facet normal 0 0 1
    outer loop
      vertex 31 27 5.5
      vertex 31.4067 26.9135 5.5
      vertex 31.309 26.9511 5.5
    endloop
  endfacet
  facet normal 0 0 1
    outer loop
      vertex 31.9945 -26.1045 5.5
      vertex 31 -27 5.5
      vertex 31.9781 -26.2079 5.5
    endloop
  endfacet
  facet normal 0 0 1
    outer loop
      vertex 31 27 5.5
      vertex 31.309 26.9511 5.5
      vertex 31.2079 26.9781 5.5
    endloop
  endfacet
  facet normal 0 0 1
    outer loop
      vertex 31.9781 -26.2079 5.5
      vertex 31 -27 5.5
      vertex 31.9511 -26.309 5.5
    endloop
  endfacet
  facet normal 0 0 1
    outer loop
      vertex 31 27 5.5
      vertex 31.2079 26.9781 5.5
      vertex 31.1045 26.9945 5.5
    endloop
  endfacet
  facet normal 0 0 1
    outer loop
      vertex 31.9511 -26.309 5.5
      vertex 31 -27 5.5
      vertex 31.9135 -26.4067 5.5
    endloop
  endfacet
  facet normal 0 0 1
    outer loop
      vertex 32 26 5.5
      vertex 31 27 5.5
      vertex 29.9931 24.9191 5.5
    endloop
  endfacet
  facet normal 0 0 1
    outer loop
      vertex 31.9135 -26.4067 5.5
      vertex 31 -27 5.5
      vertex 31.866 -26.5 5.5
    endloop
  endfacet
  facet normal 0 0 1
    outer loop
      vertex 31.866 -26.5 5.5
      vertex 31 -27 5.5
      vertex 31.809 -26.5878 5.5
    endloop
  endfacet
  facet normal 0 0 1
    outer loop
      vertex 32 26 5.5
      vertex 30.2445 24.3545 5.5
      vertex 30.25 24.25 5.5
    endloop
  endfacet
  facet normal 0 0 1
    outer loop
      vertex 32 26 5.5
      vertex 30.2281 24.4579 5.5
      vertex 30.2445 24.3545 5.5
    endloop
  endfacet
  facet normal 0 0 1
    outer loop
      vertex 32 26 5.5
      vertex 30.2011 24.559 5.5
      vertex 30.2281 24.4579 5.5
    endloop
  endfacet
  facet normal 0 0 1
    outer loop
      vertex 32 26 5.5
      vertex 30.1635 24.6567 5.5
      vertex 30.2011 24.559 5.5
    endloop
  endfacet
  facet normal 0 0 1
    outer loop
      vertex 32 26 5.5
      vertex 30.116 24.75 5.5
      vertex 30.1635 24.6567 5.5
    endloop
  endfacet
  facet normal 0 0 1
    outer loop
      vertex 32 26 5.5
      vertex 30.059 24.8378 5.5
      vertex 30.116 24.75 5.5
    endloop
  endfacet
  facet normal 0 0 1
    outer loop
      vertex 32 26 5.5
      vertex 29.9931 24.9191 5.5
      vertex 30.059 24.8378 5.5
    endloop
  endfacet
  facet normal 0 0 1
    outer loop
      vertex 31 27 5.5
      vertex 29.9191 24.9931 5.5
      vertex 29.9931 24.9191 5.5
    endloop
  endfacet
  facet normal 0 0 1
    outer loop
      vertex 31 27 5.5
      vertex 29.8378 25.059 5.5
      vertex 29.9191 24.9931 5.5
    endloop
  endfacet
  facet normal 0 0 1
    outer loop
      vertex 31 27 5.5
      vertex 29.75 25.116 5.5
      vertex 29.8378 25.059 5.5
    endloop
  endfacet
  facet normal 0 0 1
    outer loop
      vertex 31 27 5.5
      vertex 29.6567 25.1635 5.5
      vertex 29.75 25.116 5.5
    endloop
  endfacet
  facet normal 0 0 1
    outer loop
      vertex 31 27 5.5
      vertex 29.559 25.2011 5.5
      vertex 29.6567 25.1635 5.5
    endloop
  endfacet
  facet normal 0 0 1
    outer loop
      vertex 31 27 5.5
      vertex 29.4579 25.2281 5.5
      vertex 29.559 25.2011 5.5
    endloop
  endfacet
  facet normal 0 0 1
    outer loop
      vertex 31 27 5.5
      vertex 29.3545 25.2445 5.5
      vertex 29.4579 25.2281 5.5
    endloop
  endfacet
  facet normal 0 0 1
    outer loop
      vertex 31 27 5.5
      vertex 29.25 25.25 5.5
      vertex 29.3545 25.2445 5.5
    endloop
  endfacet
  facet normal 0 0 1
    outer loop
      vertex 31 27 5.5
      vertex -29.25 25.25 5.5
      vertex 29.25 25.25 5.5
    endloop
  endfacet
  facet normal 0 0 1
    outer loop
      vertex -30.2445 24.3545 5.5
      vertex -32 26 5.5
      vertex -30.25 24.25 5.5
    endloop
  endfacet
  facet normal 0 0 1
    outer loop
      vertex -30.2281 24.4579 5.5
      vertex -32 26 5.5
      vertex -30.2445 24.3545 5.5
    endloop
  endfacet
  facet normal 0 0 1
    outer loop
      vertex -30.2011 24.559 5.5
      vertex -32 26 5.5
      vertex -30.2281 24.4579 5.5
    endloop
  endfacet
  facet normal 0 0 1
    outer loop
      vertex -30.1635 24.6567 5.5
      vertex -32 26 5.5
      vertex -30.2011 24.559 5.5
    endloop
  endfacet
  facet normal 0 0 1
    outer loop
      vertex -30.116 24.75 5.5
      vertex -32 26 5.5
      vertex -30.1635 24.6567 5.5
    endloop
  endfacet
  facet normal 0 0 1
    outer loop
      vertex -30.059 24.8378 5.5
      vertex -32 26 5.5
      vertex -30.116 24.75 5.5
    endloop
  endfacet
  facet normal 0 0 1
    outer loop
      vertex -29.9931 24.9191 5.5
      vertex -32 26 5.5
      vertex -30.059 24.8378 5.5
    endloop
  endfacet
  facet normal -0 0 1
    outer loop
      vertex -32 26 5.5
      vertex -29.9931 24.9191 5.5
      vertex -31 27 5.5
    endloop
  endfacet
  facet normal 0 0 1
    outer loop
      vertex -29.9191 24.9931 5.5
      vertex -31 27 5.5
      vertex -29.9931 24.9191 5.5
    endloop
  endfacet
  facet normal 0 0 1
    outer loop
      vertex -29.8378 25.059 5.5
      vertex -31 27 5.5
      vertex -29.9191 24.9931 5.5
    endloop
  endfacet
  facet normal 0 0 1
    outer loop
      vertex -29.75 25.116 5.5
      vertex -31 27 5.5
      vertex -29.8378 25.059 5.5
    endloop
  endfacet
  facet normal 0 0 1
    outer loop
      vertex -29.6567 25.1635 5.5
      vertex -31 27 5.5
      vertex -29.75 25.116 5.5
    endloop
  endfacet
  facet normal 0 0 1
    outer loop
      vertex -29.559 25.2011 5.5
      vertex -31 27 5.5
      vertex -29.6567 25.1635 5.5
    endloop
  endfacet
  facet normal 0 0 1
    outer loop
      vertex -29.4579 25.2281 5.5
      vertex -31 27 5.5
      vertex -29.559 25.2011 5.5
    endloop
  endfacet
  facet normal 0 0 1
    outer loop
      vertex -29.3545 25.2445 5.5
      vertex -31 27 5.5
      vertex -29.4579 25.2281 5.5
    endloop
  endfacet
  facet normal 0 0 1
    outer loop
      vertex -29.25 25.25 5.5
      vertex -31 27 5.5
      vertex -29.3545 25.2445 5.5
    endloop
  endfacet
  facet normal -0 0 1
    outer loop
      vertex -31 27 5.5
      vertex -29.25 25.25 5.5
      vertex 31 27 5.5
    endloop
  endfacet
  facet normal 0 0 1
    outer loop
      vertex 31.809 -26.5878 5.5
      vertex 31 -27 5.5
      vertex 31.7431 -26.6691 5.5
    endloop
  endfacet
  facet normal 0 0 1
    outer loop
      vertex 31.7431 -26.6691 5.5
      vertex 31 -27 5.5
      vertex 31.6691 -26.7431 5.5
    endloop
  endfacet
  facet normal 0 0 1
    outer loop
      vertex 31.6691 -26.7431 5.5
      vertex 31 -27 5.5
      vertex 31.5878 -26.809 5.5
    endloop
  endfacet
  facet normal 0 0 1
    outer loop
      vertex 31.5878 -26.809 5.5
      vertex 31 -27 5.5
      vertex 31.5 -26.866 5.5
    endloop
  endfacet
  facet normal 0 0 1
    outer loop
      vertex 31.5 -26.866 5.5
      vertex 31 -27 5.5
      vertex 31.4067 -26.9135 5.5
    endloop
  endfacet
  facet normal 0 0 1
    outer loop
      vertex 31.4067 -26.9135 5.5
      vertex 31 -27 5.5
      vertex 31.309 -26.9511 5.5
    endloop
  endfacet
  facet normal 0 0 1
    outer loop
      vertex 31.309 -26.9511 5.5
      vertex 31 -27 5.5
      vertex 31.2079 -26.9781 5.5
    endloop
  endfacet
  facet normal 0 0 1
    outer loop
      vertex 31.2079 -26.9781 5.5
      vertex 31 -27 5.5
      vertex 31.1045 -26.9945 5.5
    endloop
  endfacet
  facet normal -0 0 1
    outer loop
      vertex 29.9191 -24.9931 5.5
      vertex 31 -27 5.5
      vertex 29.9931 -24.9191 5.5
    endloop
  endfacet
  facet normal -0 0 1
    outer loop
      vertex 29.8378 -25.059 5.5
      vertex 31 -27 5.5
      vertex 29.9191 -24.9931 5.5
    endloop
  endfacet
  facet normal -0 0 1
    outer loop
      vertex 29.75 -25.116 5.5
      vertex 31 -27 5.5
      vertex 29.8378 -25.059 5.5
    endloop
  endfacet
  facet normal -0 0 1
    outer loop
      vertex 29.6567 -25.1635 5.5
      vertex 31 -27 5.5
      vertex 29.75 -25.116 5.5
    endloop
  endfacet
  facet normal -0 0 1
    outer loop
      vertex 29.559 -25.2011 5.5
      vertex 31 -27 5.5
      vertex 29.6567 -25.1635 5.5
    endloop
  endfacet
  facet normal -0 0 1
    outer loop
      vertex 29.4579 -25.2281 5.5
      vertex 31 -27 5.5
      vertex 29.559 -25.2011 5.5
    endloop
  endfacet
  facet normal -0 0 1
    outer loop
      vertex 29.3545 -25.2445 5.5
      vertex 31 -27 5.5
      vertex 29.4579 -25.2281 5.5
    endloop
  endfacet
  facet normal -0 0 1
    outer loop
      vertex 29.25 -25.25 5.5
      vertex 31 -27 5.5
      vertex 29.3545 -25.2445 5.5
    endloop
  endfacet
  facet normal -0 0 1
    outer loop
      vertex -29.25 -25.25 5.5
      vertex 31 -27 5.5
      vertex 29.25 -25.25 5.5
    endloop
  endfacet
  facet normal 0 0 1
    outer loop
      vertex -29.25 -25.25 5.5
      vertex -31 -27 5.5
      vertex 31 -27 5.5
    endloop
  endfacet
  facet normal 0 0 1
    outer loop
      vertex -29.3545 -25.2445 5.5
      vertex -31 -27 5.5
      vertex -29.25 -25.25 5.5
    endloop
  endfacet
  facet normal 0 0 1
    outer loop
      vertex -29.4579 -25.2281 5.5
      vertex -31 -27 5.5
      vertex -29.3545 -25.2445 5.5
    endloop
  endfacet
  facet normal 0 0 1
    outer loop
      vertex -29.559 -25.2011 5.5
      vertex -31 -27 5.5
      vertex -29.4579 -25.2281 5.5
    endloop
  endfacet
  facet normal 0 0 1
    outer loop
      vertex -29.6567 -25.1635 5.5
      vertex -31 -27 5.5
      vertex -29.559 -25.2011 5.5
    endloop
  endfacet
  facet normal 0 0 1
    outer loop
      vertex -29.75 -25.116 5.5
      vertex -31 -27 5.5
      vertex -29.6567 -25.1635 5.5
    endloop
  endfacet
  facet normal 0 0 1
    outer loop
      vertex -29.8378 -25.059 5.5
      vertex -31 -27 5.5
      vertex -29.75 -25.116 5.5
    endloop
  endfacet
  facet normal 0 0 1
    outer loop
      vertex -29.9191 -24.9931 5.5
      vertex -31 -27 5.5
      vertex -29.8378 -25.059 5.5
    endloop
  endfacet
  facet normal 0 0 1
    outer loop
      vertex -29.9931 -24.9191 5.5
      vertex -31 -27 5.5
      vertex -29.9191 -24.9931 5.5
    endloop
  endfacet
  facet normal 0 0 1
    outer loop
      vertex -32 -26 5.5
      vertex -29.9931 -24.9191 5.5
      vertex -30.059 -24.8378 5.5
    endloop
  endfacet
  facet normal 0 0 1
    outer loop
      vertex -32 -26 5.5
      vertex -30.059 -24.8378 5.5
      vertex -30.116 -24.75 5.5
    endloop
  endfacet
  facet normal 0 0 1
    outer loop
      vertex -32 -26 5.5
      vertex -30.116 -24.75 5.5
      vertex -30.1635 -24.6567 5.5
    endloop
  endfacet
  facet normal 0 0 1
    outer loop
      vertex -32 -26 5.5
      vertex -30.1635 -24.6567 5.5
      vertex -30.2011 -24.559 5.5
    endloop
  endfacet
  facet normal 0 0 1
    outer loop
      vertex -32 -26 5.5
      vertex -30.2011 -24.559 5.5
      vertex -30.2281 -24.4579 5.5
    endloop
  endfacet
  facet normal 0 0 1
    outer loop
      vertex -32 -26 5.5
      vertex -30.2281 -24.4579 5.5
      vertex -30.2445 -24.3545 5.5
    endloop
  endfacet
  facet normal 0 0 1
    outer loop
      vertex -32 -26 5.5
      vertex -30.2445 -24.3545 5.5
      vertex -30.25 -24.25 5.5
    endloop
  endfacet
  facet normal 0 0 1
    outer loop
      vertex -30.25 24.25 5.5
      vertex -32 26 5.5
      vertex -30.25 -24.25 5.5
    endloop
  endfacet
  facet normal 0 0 1
    outer loop
      vertex -32 26 5.5
      vertex -31 27 5.5
      vertex -31.1045 26.9945 5.5
    endloop
  endfacet
  facet normal 0 0 1
    outer loop
      vertex -32 -26 5.5
      vertex -30.25 -24.25 5.5
      vertex -32 26 5.5
    endloop
  endfacet
  facet normal 0 0 1
    outer loop
      vertex -32 26 5.5
      vertex -31.1045 26.9945 5.5
      vertex -31.2079 26.9781 5.5
    endloop
  endfacet
  facet normal 0 0 1
    outer loop
      vertex -29.9931 -24.9191 5.5
      vertex -32 -26 5.5
      vertex -31 -27 5.5
    endloop
  endfacet
  facet normal 0 0 1
    outer loop
      vertex -32 26 5.5
      vertex -31.2079 26.9781 5.5
      vertex -31.309 26.9511 5.5
    endloop
  endfacet
  facet normal 0 0 1
    outer loop
      vertex -31 -27 5.5
      vertex -32 -26 5.5
      vertex -31.1045 -26.9945 5.5
    endloop
  endfacet
  facet normal 0 0 1
    outer loop
      vertex -32 26 5.5
      vertex -31.309 26.9511 5.5
      vertex -31.4067 26.9135 5.5
    endloop
  endfacet
  facet normal 0 0 1
    outer loop
      vertex -31.1045 -26.9945 5.5
      vertex -32 -26 5.5
      vertex -31.2079 -26.9781 5.5
    endloop
  endfacet
  facet normal 0 0 1
    outer loop
      vertex -32 26 5.5
      vertex -31.4067 26.9135 5.5
      vertex -31.5 26.866 5.5
    endloop
  endfacet
  facet normal 0 0 1
    outer loop
      vertex -31.2079 -26.9781 5.5
      vertex -32 -26 5.5
      vertex -31.309 -26.9511 5.5
    endloop
  endfacet
  facet normal 0 0 1
    outer loop
      vertex -32 26 5.5
      vertex -31.5 26.866 5.5
      vertex -31.5878 26.809 5.5
    endloop
  endfacet
  facet normal 0 0 1
    outer loop
      vertex -31.309 -26.9511 5.5
      vertex -32 -26 5.5
      vertex -31.4067 -26.9135 5.5
    endloop
  endfacet
  facet normal 0 0 1
    outer loop
      vertex -32 26 5.5
      vertex -31.5878 26.809 5.5
      vertex -31.6691 26.7431 5.5
    endloop
  endfacet
  facet normal 0 0 1
    outer loop
      vertex -31.4067 -26.9135 5.5
      vertex -32 -26 5.5
      vertex -31.5 -26.866 5.5
    endloop
  endfacet
  facet normal 0 0 1
    outer loop
      vertex -32 26 5.5
      vertex -31.6691 26.7431 5.5
      vertex -31.7431 26.6691 5.5
    endloop
  endfacet
  facet normal 0 0 1
    outer loop
      vertex -31.5 -26.866 5.5
      vertex -32 -26 5.5
      vertex -31.5878 -26.809 5.5
    endloop
  endfacet
  facet normal 0 0 1
    outer loop
      vertex -32 26 5.5
      vertex -31.7431 26.6691 5.5
      vertex -31.809 26.5878 5.5
    endloop
  endfacet
  facet normal 0 0 1
    outer loop
      vertex -31.5878 -26.809 5.5
      vertex -32 -26 5.5
      vertex -31.6691 -26.7431 5.5
    endloop
  endfacet
  facet normal 0 0 1
    outer loop
      vertex -32 26 5.5
      vertex -31.809 26.5878 5.5
      vertex -31.866 26.5 5.5
    endloop
  endfacet
  facet normal 0 0 1
    outer loop
      vertex -31.6691 -26.7431 5.5
      vertex -32 -26 5.5
      vertex -31.7431 -26.6691 5.5
    endloop
  endfacet
  facet normal 0 0 1
    outer loop
      vertex -32 26 5.5
      vertex -31.866 26.5 5.5
      vertex -31.9135 26.4067 5.5
    endloop
  endfacet
  facet normal 0 0 1
    outer loop
      vertex -31.7431 -26.6691 5.5
      vertex -32 -26 5.5
      vertex -31.809 -26.5878 5.5
    endloop
  endfacet
  facet normal 0 0 1
    outer loop
      vertex -32 26 5.5
      vertex -31.9135 26.4067 5.5
      vertex -31.9511 26.309 5.5
    endloop
  endfacet
  facet normal 0 0 1
    outer loop
      vertex -31.809 -26.5878 5.5
      vertex -32 -26 5.5
      vertex -31.866 -26.5 5.5
    endloop
  endfacet
  facet normal 0 0 1
    outer loop
      vertex -32 26 5.5
      vertex -31.9511 26.309 5.5
      vertex -31.9781 26.2079 5.5
    endloop
  endfacet
  facet normal 0 0 1
    outer loop
      vertex -31.866 -26.5 5.5
      vertex -32 -26 5.5
      vertex -31.9135 -26.4067 5.5
    endloop
  endfacet
  facet normal 0 0 1
    outer loop
      vertex -32 26 5.5
      vertex -31.9781 26.2079 5.5
      vertex -31.9945 26.1045 5.5
    endloop
  endfacet
  facet normal 0 0 1
    outer loop
      vertex -31.9135 -26.4067 5.5
      vertex -32 -26 5.5
      vertex -31.9511 -26.309 5.5
    endloop
  endfacet
  facet normal 0 0 1
    outer loop
      vertex -31.9511 -26.309 5.5
      vertex -32 -26 5.5
      vertex -31.9781 -26.2079 5.5
    endloop
  endfacet
  facet normal 0 0 1
    outer loop
      vertex -31.9781 -26.2079 5.5
      vertex -32 -26 5.5
      vertex -31.9945 -26.1045 5.5
    endloop
  endfacet
  facet normal 0.707107 0.707107 0
    outer loop
      vertex -29.9191 -24.9931 5.5
      vertex -29.9931 -24.9191 4
      vertex -29.9931 -24.9191 5.5
    endloop
  endfacet
  facet normal 0.707107 0.707107 0
    outer loop
      vertex -29.9931 -24.9191 4
      vertex -29.9191 -24.9931 5.5
      vertex -29.9191 -24.9931 4
    endloop
  endfacet
  facet normal -0.998618 -0.0525588 0
    outer loop
      vertex 30.25 24.25 4
      vertex 30.2445 24.3545 5.5
      vertex 30.2445 24.3545 4
    endloop
  endfacet
  facet normal -0.998618 -0.0525588 0
    outer loop
      vertex 30.2445 24.3545 5.5
      vertex 30.25 24.25 4
      vertex 30.25 24.25 5.5
    endloop
  endfacet
  facet normal 0 -1 0
    outer loop
      vertex -29.25 25.25 4
      vertex 29.25 25.25 5.5
      vertex -29.25 25.25 5.5
    endloop
  endfacet
  facet normal 0 -1 -0
    outer loop
      vertex 29.25 25.25 5.5
      vertex -29.25 25.25 4
      vertex 29.25 25.25 4
    endloop
  endfacet
  facet normal -1 0 0
    outer loop
      vertex 30.25 -24.25 4
      vertex 30.25 24.25 5.5
      vertex 30.25 24.25 4
    endloop
  endfacet
  facet normal -1 -0 0
    outer loop
      vertex 30.25 24.25 5.5
      vertex 30.25 -24.25 4
      vertex 30.25 -24.25 5.5
    endloop
  endfacet
  facet normal 0 1 -0
    outer loop
      vertex 29.25 -25.25 4
      vertex -29.25 -25.25 5.5
      vertex 29.25 -25.25 5.5
    endloop
  endfacet
  facet normal 0 1 0
    outer loop
      vertex -29.25 -25.25 5.5
      vertex 29.25 -25.25 4
      vertex -29.25 -25.25 4
    endloop
  endfacet
  facet normal 1 -0 0
    outer loop
      vertex -30.25 -24.25 5.5
      vertex -30.25 24.25 4
      vertex -30.25 24.25 5.5
    endloop
  endfacet
  facet normal 1 0 0
    outer loop
      vertex -30.25 24.25 4
      vertex -30.25 -24.25 5.5
      vertex -30.25 -24.25 4
    endloop
  endfacet
  facet normal 0.998618 0.0525588 0
    outer loop
      vertex -30.2445 -24.3545 5.5
      vertex -30.25 -24.25 4
      vertex -30.25 -24.25 5.5
    endloop
  endfacet
  facet normal 0.998618 0.0525588 0
    outer loop
      vertex -30.25 -24.25 4
      vertex -30.2445 -24.3545 5.5
      vertex -30.2445 -24.3545 4
    endloop
  endfacet
  facet normal 0.776844 0.629693 0
    outer loop
      vertex -29.9931 -24.9191 5.5
      vertex -30.059 -24.8378 4
      vertex -30.059 -24.8378 5.5
    endloop
  endfacet
  facet normal 0.776844 0.629693 0
    outer loop
      vertex -30.059 -24.8378 4
      vertex -29.9931 -24.9191 5.5
      vertex -29.9931 -24.9191 4
    endloop
  endfacet
  facet normal -0.707107 -0.707107 0
    outer loop
      vertex 29.9931 24.9191 4
      vertex 29.9191 24.9931 5.5
      vertex 29.9191 24.9931 4
    endloop
  endfacet
  facet normal -0.707107 -0.707107 0
    outer loop
      vertex 29.9191 24.9931 5.5
      vertex 29.9931 24.9191 4
      vertex 29.9931 24.9191 5.5
    endloop
  endfacet
  facet normal -0.776844 0.629693 0
    outer loop
      vertex 29.9931 -24.9191 4
      vertex 30.059 -24.8378 5.5
      vertex 30.059 -24.8378 4
    endloop
  endfacet
  facet normal -0.776844 0.629693 0
    outer loop
      vertex 30.059 -24.8378 5.5
      vertex 29.9931 -24.9191 4
      vertex 29.9931 -24.9191 5.5
    endloop
  endfacet
  facet normal 0.838749 -0.544518 0
    outer loop
      vertex -30.116 24.75 5.5
      vertex -30.059 24.8378 4
      vertex -30.059 24.8378 5.5
    endloop
  endfacet
  facet normal 0.838749 -0.544518 0
    outer loop
      vertex -30.059 24.8378 4
      vertex -30.116 24.75 5.5
      vertex -30.116 24.75 4
    endloop
  endfacet
  facet normal 0.998618 -0.0525588 0
    outer loop
      vertex -30.25 24.25 5.5
      vertex -30.2445 24.3545 4
      vertex -30.2445 24.3545 5.5
    endloop
  endfacet
  facet normal 0.998618 -0.0525588 0
    outer loop
      vertex -30.2445 24.3545 4
      vertex -30.25 24.25 5.5
      vertex -30.25 24.25 4
    endloop
  endfacet
  facet normal -0.987654 -0.156649 0
    outer loop
      vertex 30.2445 24.3545 4
      vertex 30.2281 24.4579 5.5
      vertex 30.2281 24.4579 4
    endloop
  endfacet
  facet normal -0.987654 -0.156649 0
    outer loop
      vertex 30.2281 24.4579 5.5
      vertex 30.2445 24.3545 4
      vertex 30.2445 24.3545 5.5
    endloop
  endfacet
  facet normal -0.933272 0.359171 0
    outer loop
      vertex 30.1635 -24.6567 4
      vertex 30.2011 -24.559 5.5
      vertex 30.2011 -24.559 4
    endloop
  endfacet
  facet normal -0.933272 0.359171 0
    outer loop
      vertex 30.2011 -24.559 5.5
      vertex 30.1635 -24.6567 4
      vertex 30.1635 -24.6567 5.5
    endloop
  endfacet
  facet normal -0.987654 0.156649 0
    outer loop
      vertex 30.2281 -24.4579 4
      vertex 30.2445 -24.3545 5.5
      vertex 30.2445 -24.3545 4
    endloop
  endfacet
  facet normal -0.987654 0.156649 0
    outer loop
      vertex 30.2445 -24.3545 5.5
      vertex 30.2281 -24.4579 4
      vertex 30.2281 -24.4579 5.5
    endloop
  endfacet
  facet normal -0.891156 0.453697 0
    outer loop
      vertex 30.116 -24.75 4
      vertex 30.1635 -24.6567 5.5
      vertex 30.1635 -24.6567 4
    endloop
  endfacet
  facet normal -0.891156 0.453697 0
    outer loop
      vertex 30.1635 -24.6567 5.5
      vertex 30.116 -24.75 4
      vertex 30.116 -24.75 5.5
    endloop
  endfacet
  facet normal 0.544518 -0.838749 0
    outer loop
      vertex -29.8378 25.059 4
      vertex -29.75 25.116 5.5
      vertex -29.8378 25.059 5.5
    endloop
  endfacet
  facet normal 0.544518 -0.838749 0
    outer loop
      vertex -29.75 25.116 5.5
      vertex -29.8378 25.059 4
      vertex -29.75 25.116 4
    endloop
  endfacet
  facet normal 0.453697 -0.891156 0
    outer loop
      vertex -29.75 25.116 4
      vertex -29.6567 25.1635 5.5
      vertex -29.75 25.116 5.5
    endloop
  endfacet
  facet normal 0.453697 -0.891156 0
    outer loop
      vertex -29.6567 25.1635 5.5
      vertex -29.75 25.116 4
      vertex -29.6567 25.1635 4
    endloop
  endfacet
  facet normal 0.156649 -0.987654 0
    outer loop
      vertex -29.4579 25.2281 4
      vertex -29.3545 25.2445 5.5
      vertex -29.4579 25.2281 5.5
    endloop
  endfacet
  facet normal 0.156649 -0.987654 0
    outer loop
      vertex -29.3545 25.2445 5.5
      vertex -29.4579 25.2281 4
      vertex -29.3545 25.2445 4
    endloop
  endfacet
  facet normal 0.25802 -0.96614 0
    outer loop
      vertex -29.559 25.2011 4
      vertex -29.4579 25.2281 5.5
      vertex -29.559 25.2011 5.5
    endloop
  endfacet
  facet normal 0.25802 -0.96614 0
    outer loop
      vertex -29.4579 25.2281 5.5
      vertex -29.559 25.2011 4
      vertex -29.4579 25.2281 4
    endloop
  endfacet
  facet normal -0.453697 -0.891156 0
    outer loop
      vertex 29.6567 25.1635 4
      vertex 29.75 25.116 5.5
      vertex 29.6567 25.1635 5.5
    endloop
  endfacet
  facet normal -0.453697 -0.891156 -0
    outer loop
      vertex 29.75 25.116 5.5
      vertex 29.6567 25.1635 4
      vertex 29.75 25.116 4
    endloop
  endfacet
  facet normal -0.629693 -0.776844 0
    outer loop
      vertex 29.8378 25.059 4
      vertex 29.9191 24.9931 5.5
      vertex 29.8378 25.059 5.5
    endloop
  endfacet
  facet normal -0.629693 -0.776844 -0
    outer loop
      vertex 29.9191 24.9931 5.5
      vertex 29.8378 25.059 4
      vertex 29.9191 24.9931 4
    endloop
  endfacet
  facet normal -0.776844 -0.629693 0
    outer loop
      vertex 30.059 24.8378 4
      vertex 29.9931 24.9191 5.5
      vertex 29.9931 24.9191 4
    endloop
  endfacet
  facet normal -0.776844 -0.629693 0
    outer loop
      vertex 29.9931 24.9191 5.5
      vertex 30.059 24.8378 4
      vertex 30.059 24.8378 5.5
    endloop
  endfacet
  facet normal 0.359171 0.933272 -0
    outer loop
      vertex -29.559 -25.2011 4
      vertex -29.6567 -25.1635 5.5
      vertex -29.559 -25.2011 5.5
    endloop
  endfacet
  facet normal 0.359171 0.933272 0
    outer loop
      vertex -29.6567 -25.1635 5.5
      vertex -29.559 -25.2011 4
      vertex -29.6567 -25.1635 4
    endloop
  endfacet
  facet normal 0.156649 0.987654 -0
    outer loop
      vertex -29.3545 -25.2445 4
      vertex -29.4579 -25.2281 5.5
      vertex -29.3545 -25.2445 5.5
    endloop
  endfacet
  facet normal 0.156649 0.987654 0
    outer loop
      vertex -29.4579 -25.2281 5.5
      vertex -29.3545 -25.2445 4
      vertex -29.4579 -25.2281 4
    endloop
  endfacet
  facet normal 0.544518 0.838749 -0
    outer loop
      vertex -29.75 -25.116 4
      vertex -29.8378 -25.059 5.5
      vertex -29.75 -25.116 5.5
    endloop
  endfacet
  facet normal 0.544518 0.838749 0
    outer loop
      vertex -29.8378 -25.059 5.5
      vertex -29.75 -25.116 4
      vertex -29.8378 -25.059 4
    endloop
  endfacet
  facet normal 0.629693 0.776844 -0
    outer loop
      vertex -29.8378 -25.059 4
      vertex -29.9191 -24.9931 5.5
      vertex -29.8378 -25.059 5.5
    endloop
  endfacet
  facet normal 0.629693 0.776844 0
    outer loop
      vertex -29.9191 -24.9931 5.5
      vertex -29.8378 -25.059 4
      vertex -29.9191 -24.9931 4
    endloop
  endfacet
  facet normal -0.629693 0.776844 0
    outer loop
      vertex 29.9191 -24.9931 4
      vertex 29.8378 -25.059 5.5
      vertex 29.9191 -24.9931 5.5
    endloop
  endfacet
  facet normal -0.629693 0.776844 0
    outer loop
      vertex 29.8378 -25.059 5.5
      vertex 29.9191 -24.9931 4
      vertex 29.8378 -25.059 4
    endloop
  endfacet
  facet normal -0.707107 0.707107 0
    outer loop
      vertex 29.9191 -24.9931 4
      vertex 29.9931 -24.9191 5.5
      vertex 29.9931 -24.9191 4
    endloop
  endfacet
  facet normal -0.707107 0.707107 0
    outer loop
      vertex 29.9931 -24.9191 5.5
      vertex 29.9191 -24.9931 4
      vertex 29.9191 -24.9931 5.5
    endloop
  endfacet
  facet normal -0.156649 0.987654 0
    outer loop
      vertex 29.4579 -25.2281 4
      vertex 29.3545 -25.2445 5.5
      vertex 29.4579 -25.2281 5.5
    endloop
  endfacet
  facet normal -0.156649 0.987654 0
    outer loop
      vertex 29.3545 -25.2445 5.5
      vertex 29.4579 -25.2281 4
      vertex 29.3545 -25.2445 4
    endloop
  endfacet
  facet normal -0.0525588 0.998618 0
    outer loop
      vertex 29.3545 -25.2445 4
      vertex 29.25 -25.25 5.5
      vertex 29.3545 -25.2445 5.5
    endloop
  endfacet
  facet normal -0.0525588 0.998618 0
    outer loop
      vertex 29.25 -25.25 5.5
      vertex 29.3545 -25.2445 4
      vertex 29.25 -25.25 4
    endloop
  endfacet
  facet normal 0.96614 0.25802 0
    outer loop
      vertex -30.2011 -24.559 5.5
      vertex -30.2281 -24.4579 4
      vertex -30.2281 -24.4579 5.5
    endloop
  endfacet
  facet normal 0.96614 0.25802 0
    outer loop
      vertex -30.2281 -24.4579 4
      vertex -30.2011 -24.559 5.5
      vertex -30.2011 -24.559 4
    endloop
  endfacet
  facet normal 0.891156 0.453697 0
    outer loop
      vertex -30.116 -24.75 5.5
      vertex -30.1635 -24.6567 4
      vertex -30.1635 -24.6567 5.5
    endloop
  endfacet
  facet normal 0.891156 0.453697 0
    outer loop
      vertex -30.1635 -24.6567 4
      vertex -30.116 -24.75 5.5
      vertex -30.116 -24.75 4
    endloop
  endfacet
  facet normal 0.933272 0.359171 0
    outer loop
      vertex -30.1635 -24.6567 5.5
      vertex -30.2011 -24.559 4
      vertex -30.2011 -24.559 5.5
    endloop
  endfacet
  facet normal 0.933272 0.359171 0
    outer loop
      vertex -30.2011 -24.559 4
      vertex -30.1635 -24.6567 5.5
      vertex -30.1635 -24.6567 4
    endloop
  endfacet
  facet normal 0.707107 -0.707107 0
    outer loop
      vertex -29.9931 24.9191 5.5
      vertex -29.9191 24.9931 4
      vertex -29.9191 24.9931 5.5
    endloop
  endfacet
  facet normal 0.707107 -0.707107 0
    outer loop
      vertex -29.9191 24.9931 4
      vertex -29.9931 24.9191 5.5
      vertex -29.9931 24.9191 4
    endloop
  endfacet
  facet normal 0.629693 -0.776844 0
    outer loop
      vertex -29.9191 24.9931 4
      vertex -29.8378 25.059 5.5
      vertex -29.9191 24.9931 5.5
    endloop
  endfacet
  facet normal 0.629693 -0.776844 0
    outer loop
      vertex -29.8378 25.059 5.5
      vertex -29.9191 24.9931 4
      vertex -29.8378 25.059 4
    endloop
  endfacet
  facet normal 0.776844 -0.629693 0
    outer loop
      vertex -30.059 24.8378 5.5
      vertex -29.9931 24.9191 4
      vertex -29.9931 24.9191 5.5
    endloop
  endfacet
  facet normal 0.776844 -0.629693 0
    outer loop
      vertex -29.9931 24.9191 4
      vertex -30.059 24.8378 5.5
      vertex -30.059 24.8378 4
    endloop
  endfacet
  facet normal 0.96614 -0.25802 0
    outer loop
      vertex -30.2281 24.4579 5.5
      vertex -30.2011 24.559 4
      vertex -30.2011 24.559 5.5
    endloop
  endfacet
  facet normal 0.96614 -0.25802 0
    outer loop
      vertex -30.2011 24.559 4
      vertex -30.2281 24.4579 5.5
      vertex -30.2281 24.4579 4
    endloop
  endfacet
  facet normal 0.987654 -0.156649 0
    outer loop
      vertex -30.2445 24.3545 5.5
      vertex -30.2281 24.4579 4
      vertex -30.2281 24.4579 5.5
    endloop
  endfacet
  facet normal 0.987654 -0.156649 0
    outer loop
      vertex -30.2281 24.4579 4
      vertex -30.2445 24.3545 5.5
      vertex -30.2445 24.3545 4
    endloop
  endfacet
  facet normal -0.891156 -0.453697 0
    outer loop
      vertex 30.1635 24.6567 4
      vertex 30.116 24.75 5.5
      vertex 30.116 24.75 4
    endloop
  endfacet
  facet normal -0.891156 -0.453697 0
    outer loop
      vertex 30.116 24.75 5.5
      vertex 30.1635 24.6567 4
      vertex 30.1635 24.6567 5.5
    endloop
  endfacet
  facet normal -0.96614 0.25802 0
    outer loop
      vertex 30.2011 -24.559 4
      vertex 30.2281 -24.4579 5.5
      vertex 30.2281 -24.4579 4
    endloop
  endfacet
  facet normal -0.96614 0.25802 0
    outer loop
      vertex 30.2281 -24.4579 5.5
      vertex 30.2011 -24.559 4
      vertex 30.2011 -24.559 5.5
    endloop
  endfacet
  facet normal -0.998618 0.0525588 0
    outer loop
      vertex 30.2445 -24.3545 4
      vertex 30.25 -24.25 5.5
      vertex 30.25 -24.25 4
    endloop
  endfacet
  facet normal -0.998618 0.0525588 0
    outer loop
      vertex 30.25 -24.25 5.5
      vertex 30.2445 -24.3545 4
      vertex 30.2445 -24.3545 5.5
    endloop
  endfacet
  facet normal -0.838749 0.544518 0
    outer loop
      vertex 30.059 -24.8378 4
      vertex 30.116 -24.75 5.5
      vertex 30.116 -24.75 4
    endloop
  endfacet
  facet normal -0.838749 0.544518 0
    outer loop
      vertex 30.116 -24.75 5.5
      vertex 30.059 -24.8378 4
      vertex 30.059 -24.8378 5.5
    endloop
  endfacet
  facet normal 0.0525588 -0.998618 0
    outer loop
      vertex -29.3545 25.2445 4
      vertex -29.25 25.25 5.5
      vertex -29.3545 25.2445 5.5
    endloop
  endfacet
  facet normal 0.0525588 -0.998618 0
    outer loop
      vertex -29.25 25.25 5.5
      vertex -29.3545 25.2445 4
      vertex -29.25 25.25 4
    endloop
  endfacet
  facet normal -0.25802 -0.96614 0
    outer loop
      vertex 29.4579 25.2281 4
      vertex 29.559 25.2011 5.5
      vertex 29.4579 25.2281 5.5
    endloop
  endfacet
  facet normal -0.25802 -0.96614 -0
    outer loop
      vertex 29.559 25.2011 5.5
      vertex 29.4579 25.2281 4
      vertex 29.559 25.2011 4
    endloop
  endfacet
  facet normal -0.156649 -0.987654 0
    outer loop
      vertex 29.3545 25.2445 4
      vertex 29.4579 25.2281 5.5
      vertex 29.3545 25.2445 5.5
    endloop
  endfacet
  facet normal -0.156649 -0.987654 -0
    outer loop
      vertex 29.4579 25.2281 5.5
      vertex 29.3545 25.2445 4
      vertex 29.4579 25.2281 4
    endloop
  endfacet
  facet normal -0.544518 -0.838749 0
    outer loop
      vertex 29.75 25.116 4
      vertex 29.8378 25.059 5.5
      vertex 29.75 25.116 5.5
    endloop
  endfacet
  facet normal -0.544518 -0.838749 -0
    outer loop
      vertex 29.8378 25.059 5.5
      vertex 29.75 25.116 4
      vertex 29.8378 25.059 4
    endloop
  endfacet
  facet normal 0.25802 0.96614 -0
    outer loop
      vertex -29.4579 -25.2281 4
      vertex -29.559 -25.2011 5.5
      vertex -29.4579 -25.2281 5.5
    endloop
  endfacet
  facet normal 0.25802 0.96614 0
    outer loop
      vertex -29.559 -25.2011 5.5
      vertex -29.4579 -25.2281 4
      vertex -29.559 -25.2011 4
    endloop
  endfacet
  facet normal 0.0525588 0.998618 -0
    outer loop
      vertex -29.25 -25.25 4
      vertex -29.3545 -25.2445 5.5
      vertex -29.25 -25.25 5.5
    endloop
  endfacet
  facet normal 0.0525588 0.998618 0
    outer loop
      vertex -29.3545 -25.2445 5.5
      vertex -29.25 -25.25 4
      vertex -29.3545 -25.2445 4
    endloop
  endfacet
  facet normal 0.453697 0.891156 -0
    outer loop
      vertex -29.6567 -25.1635 4
      vertex -29.75 -25.116 5.5
      vertex -29.6567 -25.1635 5.5
    endloop
  endfacet
  facet normal 0.453697 0.891156 0
    outer loop
      vertex -29.75 -25.116 5.5
      vertex -29.6567 -25.1635 4
      vertex -29.75 -25.116 4
    endloop
  endfacet
  facet normal -0.544518 0.838749 0
    outer loop
      vertex 29.8378 -25.059 4
      vertex 29.75 -25.116 5.5
      vertex 29.8378 -25.059 5.5
    endloop
  endfacet
  facet normal -0.544518 0.838749 0
    outer loop
      vertex 29.75 -25.116 5.5
      vertex 29.8378 -25.059 4
      vertex 29.75 -25.116 4
    endloop
  endfacet
  facet normal -0.453697 0.891156 0
    outer loop
      vertex 29.75 -25.116 4
      vertex 29.6567 -25.1635 5.5
      vertex 29.75 -25.116 5.5
    endloop
  endfacet
  facet normal -0.453697 0.891156 0
    outer loop
      vertex 29.6567 -25.1635 5.5
      vertex 29.75 -25.116 4
      vertex 29.6567 -25.1635 4
    endloop
  endfacet
  facet normal -0.359171 0.933272 0
    outer loop
      vertex 29.6567 -25.1635 4
      vertex 29.559 -25.2011 5.5
      vertex 29.6567 -25.1635 5.5
    endloop
  endfacet
  facet normal -0.359171 0.933272 0
    outer loop
      vertex 29.559 -25.2011 5.5
      vertex 29.6567 -25.1635 4
      vertex 29.559 -25.2011 4
    endloop
  endfacet
  facet normal -0.25802 0.96614 0
    outer loop
      vertex 29.559 -25.2011 4
      vertex 29.4579 -25.2281 5.5
      vertex 29.559 -25.2011 5.5
    endloop
  endfacet
  facet normal -0.25802 0.96614 0
    outer loop
      vertex 29.4579 -25.2281 5.5
      vertex 29.559 -25.2011 4
      vertex 29.4579 -25.2281 4
    endloop
  endfacet
  facet normal 0.838749 0.544518 0
    outer loop
      vertex -30.059 -24.8378 5.5
      vertex -30.116 -24.75 4
      vertex -30.116 -24.75 5.5
    endloop
  endfacet
  facet normal 0.838749 0.544518 0
    outer loop
      vertex -30.116 -24.75 4
      vertex -30.059 -24.8378 5.5
      vertex -30.059 -24.8378 4
    endloop
  endfacet
  facet normal 0.987654 0.156649 0
    outer loop
      vertex -30.2281 -24.4579 5.5
      vertex -30.2445 -24.3545 4
      vertex -30.2445 -24.3545 5.5
    endloop
  endfacet
  facet normal 0.987654 0.156649 0
    outer loop
      vertex -30.2445 -24.3545 4
      vertex -30.2281 -24.4579 5.5
      vertex -30.2281 -24.4579 4
    endloop
  endfacet
  facet normal 0.933272 -0.359171 0
    outer loop
      vertex -30.2011 24.559 5.5
      vertex -30.1635 24.6567 4
      vertex -30.1635 24.6567 5.5
    endloop
  endfacet
  facet normal 0.933272 -0.359171 0
    outer loop
      vertex -30.1635 24.6567 4
      vertex -30.2011 24.559 5.5
      vertex -30.2011 24.559 4
    endloop
  endfacet
  facet normal 0.891156 -0.453697 0
    outer loop
      vertex -30.1635 24.6567 5.5
      vertex -30.116 24.75 4
      vertex -30.116 24.75 5.5
    endloop
  endfacet
  facet normal 0.891156 -0.453697 0
    outer loop
      vertex -30.116 24.75 4
      vertex -30.1635 24.6567 5.5
      vertex -30.1635 24.6567 4
    endloop
  endfacet
  facet normal 0.359171 -0.933272 0
    outer loop
      vertex -29.6567 25.1635 4
      vertex -29.559 25.2011 5.5
      vertex -29.6567 25.1635 5.5
    endloop
  endfacet
  facet normal 0.359171 -0.933272 0
    outer loop
      vertex -29.559 25.2011 5.5
      vertex -29.6567 25.1635 4
      vertex -29.559 25.2011 4
    endloop
  endfacet
  facet normal -0.0525588 -0.998618 0
    outer loop
      vertex 29.25 25.25 4
      vertex 29.3545 25.2445 5.5
      vertex 29.25 25.25 5.5
    endloop
  endfacet
  facet normal -0.0525588 -0.998618 -0
    outer loop
      vertex 29.3545 25.2445 5.5
      vertex 29.25 25.25 4
      vertex 29.3545 25.2445 4
    endloop
  endfacet
  facet normal -0.359171 -0.933272 0
    outer loop
      vertex 29.559 25.2011 4
      vertex 29.6567 25.1635 5.5
      vertex 29.559 25.2011 5.5
    endloop
  endfacet
  facet normal -0.359171 -0.933272 -0
    outer loop
      vertex 29.6567 25.1635 5.5
      vertex 29.559 25.2011 4
      vertex 29.6567 25.1635 4
    endloop
  endfacet
  facet normal -0.838749 -0.544518 0
    outer loop
      vertex 30.116 24.75 4
      vertex 30.059 24.8378 5.5
      vertex 30.059 24.8378 4
    endloop
  endfacet
  facet normal -0.838749 -0.544518 0
    outer loop
      vertex 30.059 24.8378 5.5
      vertex 30.116 24.75 4
      vertex 30.116 24.75 5.5
    endloop
  endfacet
  facet normal -0.933272 -0.359171 0
    outer loop
      vertex 30.2011 24.559 4
      vertex 30.1635 24.6567 5.5
      vertex 30.1635 24.6567 4
    endloop
  endfacet
  facet normal -0.933272 -0.359171 0
    outer loop
      vertex 30.1635 24.6567 5.5
      vertex 30.2011 24.559 4
      vertex 30.2011 24.559 5.5
    endloop
  endfacet
  facet normal -0.96614 -0.25802 0
    outer loop
      vertex 30.2281 24.4579 4
      vertex 30.2011 24.559 5.5
      vertex 30.2011 24.559 4
    endloop
  endfacet
  facet normal -0.96614 -0.25802 0
    outer loop
      vertex 30.2011 24.559 5.5
      vertex 30.2281 24.4579 4
      vertex 30.2281 24.4579 5.5
    endloop
  endfacet
  facet normal -1 0 0
    outer loop
      vertex -46.9 -1.5 8
      vertex -46.9 1.5 20
      vertex -46.9 1.5 8
    endloop
  endfacet
  facet normal -1 -0 0
    outer loop
      vertex -46.9 1.5 20
      vertex -46.9 -1.5 8
      vertex -46.9 -1.5 20
    endloop
  endfacet
  facet normal 1 -0 0
    outer loop
      vertex -38.9 -1.5 20
      vertex -38.9 1.5 12
      vertex -38.9 1.5 20
    endloop
  endfacet
  facet normal 1 0 0
    outer loop
      vertex -38.9 1.5 12
      vertex -38.9 -1.5 20
      vertex -38.9 -1.5 12
    endloop
  endfacet
  facet normal 0 1 0
    outer loop
      vertex -39 1.5 12
      vertex -39 1.5 20
      vertex -38.9 1.5 20
    endloop
  endfacet
  facet normal 0 1 0
    outer loop
      vertex -39 1.5 12
      vertex -38.9 1.5 20
      vertex -38.9 1.5 12
    endloop
  endfacet
  facet normal 0 1 0
    outer loop
      vertex -39 1.5 20
      vertex -39 1.5 12
      vertex -46.9 1.5 20
    endloop
  endfacet
  facet normal 0 1 0
    outer loop
      vertex -46.9 1.5 8
      vertex -39 1.5 12
      vertex -39 1.5 8
    endloop
  endfacet
  facet normal 0 1 0
    outer loop
      vertex -39 1.5 12
      vertex -46.9 1.5 8
      vertex -46.9 1.5 20
    endloop
  endfacet
  facet normal 0 0 -1
    outer loop
      vertex -46.9 -1.5 8
      vertex -39 1.5 8
      vertex -39 -1.5 8
    endloop
  endfacet
  facet normal -0 0 -1
    outer loop
      vertex -39 1.5 8
      vertex -46.9 -1.5 8
      vertex -46.9 1.5 8
    endloop
  endfacet
  facet normal 0 -1 0
    outer loop
      vertex -39 -1.5 12
      vertex -39 -1.5 20
      vertex -46.9 -1.5 20
    endloop
  endfacet
  facet normal 0 -1 0
    outer loop
      vertex -39 -1.5 20
      vertex -39 -1.5 12
      vertex -38.9 -1.5 20
    endloop
  endfacet
  facet normal 0 -1 0
    outer loop
      vertex -46.9 -1.5 8
      vertex -39 -1.5 12
      vertex -46.9 -1.5 20
    endloop
  endfacet
  facet normal 0 -1 -0
    outer loop
      vertex -39 -1.5 12
      vertex -46.9 -1.5 8
      vertex -39 -1.5 8
    endloop
  endfacet
  facet normal 0 -1 -0
    outer loop
      vertex -38.9 -1.5 20
      vertex -39 -1.5 12
      vertex -38.9 -1.5 12
    endloop
  endfacet
endsolid OpenSCAD_Model
