; HEADER_BLOCK_START
; generated by OrcaSlicer 2.4.2 on 2026-07-31 at 13:11:33
; total layer number: 65
; filament_density: 1.24
; filament_diameter: 1.75
; max_z_height: 13.04
; filament: 1
; HEADER_BLOCK_END

; external perimeters extrusion width = 0.42mm
; perimeters extrusion width = 0.45mm
; infill extrusion width = 0.45mm
; solid infill extrusion width = 0.42mm
; top infill extrusion width = 0.42mm
; first layer extrusion width = 0.50mm

; EXECUTABLE_BLOCK_START
M201 X2000 Y2000 Z800 E2000
M203 X300 Y300 Z8 E100
M204 P2000 R2000 T20000 ; sets acceleration (P, T) and retract acceleration (R), mm/sec^2
M205 X10.00 Y10.00 Z2.00 E5.00 ; sets the jerk limits, mm/sec
M205 J0.010
;TYPE:Custom
G21 ; metric values
G90 ; use absolute coordinates
M83 ; extruder relative mode
M104 S235 ; set extruder temp
M140 S80 ; set bed temp
G28 ; home all axes
G29 ; auto bed leveling
M300 S1318 P266
G1 Z5 F5000 ; lift nozzle
G1 X0 Y0 F3000
G1 Z0.3 ; lower nozzle
G92 E0 ; zero extruded length
G1 X10 Y5 F1800 ; move to purge line start
M190 S80 ; wait for bed temp
M109 S235 ; wait for extruder temp
G1 X60 Y5 E20 F500 ; purge line
G92 E0 ; zero extruded length
G1 E-4.5 F4000 ; retract
G92 E0 ; zero extruded length
G1 X120 F4000 ; wipe
M117 Printing...
G90
G21
M83 ; use relative distances for extrusion
; Filament gcode
;
M106 S0
;LAYER_CHANGE
;Z:0.24
;HEIGHT:0.24
G92 E0 ; zero the extruded length again
; BEFORE_LAYER_CHANGE 0 @ 0.24mm
G1 E-2.5 F6000
; AFTER_LAYER_CHANGE 0 @ 0.24mm
;_SET_FAN_SPEED_CHANGING_LAYER
M204 P500
M204 T2000
G1 X78.116 Y81.664 F18000
G1 Z.24
G1 Z.24
G1 E2.5 F6000
;TYPE:Brim
;WIDTH:0.5
G1 F3000
G1 X78.624 Y81.288 E.02688
G1 X79.443 Y80.885 E.03882
G1 X80.05 Y80.697 E.02698
G1 X80.683 Y80.601 E.0272
G1 X81.004 Y80.589 E.01369
G1 X138.992 Y80.589 E2.46525
G1 X139.634 Y80.637 E.02738
G1 X140.256 Y80.779 E.02711
G1 X140.702 Y80.944 E.02023
G1 X141.376 Y81.29 E.0322
G1 X141.886 Y81.667 E.02697
G1 X142.336 Y82.116 E.02702
G1 X142.713 Y82.625 E.02693
G1 X143.076 Y83.344 E.03423
G1 X143.303 Y84.051 E.03158
G1 X143.399 Y84.683 E.02715
G1 X143.411 Y134.992 E2.13882
G1 X143.363 Y135.634 E.02738
G1 X143.221 Y136.255 E.02706
G1 X143.009 Y136.81 E.02527
G1 X142.71 Y137.375 E.02716
G1 X142.333 Y137.886 E.02702
G1 X141.884 Y138.336 E.02702
G1 X141.376 Y138.712 E.02688
G1 X140.557 Y139.115 E.03882
G1 X139.95 Y139.303 E.02698
G1 X139.317 Y139.399 E.0272
G1 X138.996 Y139.411 E.01369
G1 X112.008 Y139.411 E1.14733
G1 X111.366 Y139.363 E.02738
G1 X110.744 Y139.221 E.02711
G1 X110.295 Y139.055 E.02036
G1 X110.09 Y138.956 E.00971
G1 X109.896 Y138.955 E.00821
G1 X109.558 Y139.115 E.01591
G1 X108.95 Y139.303 E.02706
G1 X108.317 Y139.399 E.0272
G1 X107.996 Y139.411 E.01369
G1 X81.008 Y139.411 E1.14733
G1 X80.366 Y139.363 E.02738
G1 X79.745 Y139.221 E.02706
G1 X79.19 Y139.009 E.02527
G1 X78.625 Y138.71 E.02716
G1 X78.114 Y138.333 E.02702
G1 X77.664 Y137.884 E.02702
G1 X77.288 Y137.376 E.02688
G1 X76.885 Y136.557 E.03882
G1 X76.697 Y135.95 E.02698
G1 X76.601 Y135.317 E.0272
G1 X76.589 Y134.996 E.01369
G1 X76.589 Y85.008 E2.12514
G1 X76.637 Y84.366 E.02738
G1 X76.779 Y83.745 E.02706
G1 X76.991 Y83.19 E.02527
G1 X77.29 Y82.625 E.02716
G1 X77.667 Y82.114 E.02702
G1 X78.074 Y81.706 E.02447
G1 X78.391 Y82.023 F18000
G1 F3000
G1 X78.403 Y82.012 E.0007
G1 X78.869 Y81.667 E.02467
G1 X79.62 Y81.299 E.03553
G1 X80.16 Y81.134 E.02402
G1 X80.717 Y81.05 E.02395
G1 X81.015 Y81.038 E.01268
G1 X138.98 Y81.038 E2.46428
G1 X139.577 Y81.084 E.02545
G1 X140.119 Y81.208 E.02363
G1 X140.513 Y81.353 E.01787
G1 X141.129 Y81.668 E.0294
G1 X141.6 Y82.015 E.02489
G1 X141.988 Y82.403 E.02332
G1 X142.323 Y82.852 E.02383
G1 X142.655 Y83.505 E.03113
G1 X142.862 Y84.143 E.02854
G1 X142.95 Y84.726 E.02507
G1 X142.962 Y134.97 E2.13602
G1 X142.916 Y135.577 E.02588
G1 X142.793 Y136.115 E.02345
G1 X142.602 Y136.616 E.02283
G1 X142.323 Y137.144 E.02536
G1 X141.985 Y137.6 E.02417
G1 X141.597 Y137.988 E.02332
G1 X141.131 Y138.333 E.02467
G1 X140.38 Y138.701 E.03553
G1 X139.84 Y138.866 E.02402
G1 X139.283 Y138.95 E.02395
G1 X138.985 Y138.962 E.01268
G1 X112.03 Y138.962 E1.14593
G1 X111.423 Y138.916 E.02588
G1 X110.864 Y138.787 E.02438
G1 X110.297 Y138.558 E.02599
G1 X110.076 Y138.507 E.00966
G1 X109.913 Y138.507 E.00693
G1 X109.691 Y138.556 E.00966
G1 X109.386 Y138.699 E.01431
G1 X108.859 Y138.861 E.02344
G1 X108.283 Y138.95 E.0248
G1 X107.985 Y138.962 E.01268
G1 X81.03 Y138.962 E1.14593
G1 X80.423 Y138.916 E.02588
G1 X79.885 Y138.793 E.02345
G1 X79.384 Y138.602 E.02283
G1 X78.856 Y138.323 E.02536
G1 X78.4 Y137.985 E.02417
G1 X78.012 Y137.597 E.02332
G1 X77.667 Y137.131 E.02467
G1 X77.299 Y136.38 E.03553
G1 X77.134 Y135.84 E.02402
G1 X77.05 Y135.283 E.02395
G1 X77.038 Y134.985 E.01268
G1 X77.038 Y85.03 E2.12375
G1 X77.084 Y84.423 E.02588
G1 X77.207 Y83.885 E.02345
G1 X77.398 Y83.384 E.02283
G1 X77.677 Y82.856 E.02536
G1 X78.015 Y82.4 E.02417
G1 X78.349 Y82.066 E.02007
G1 X78.667 Y82.382 F18000
G1 F3000
G1 X78.689 Y82.36 E.00132
G1 X79.114 Y82.047 E.02244
G1 X79.795 Y81.715 E.03222
G1 X80.27 Y81.571 E.02107
G1 X80.753 Y81.498 E.02077
G1 X81.027 Y81.486 E.01168
G1 X138.957 Y81.487 E2.46282
G1 X139.519 Y81.531 E.02395
G1 X139.983 Y81.637 E.02022
G1 X140.326 Y81.762 E.01551
G1 X140.883 Y82.046 E.02658
G1 X141.314 Y82.363 E.02279
G1 X141.654 Y82.705 E.02047
G1 X141.934 Y83.08 E.01992
G1 X142.235 Y83.667 E.02803
G1 X142.42 Y84.236 E.02546
G1 X142.502 Y84.77 E.02297
G1 X142.514 Y134.948 E2.1332
G1 X142.469 Y135.519 E.02438
G1 X142.365 Y135.975 E.01989
G1 X142.196 Y136.423 E.02036
G1 X141.937 Y136.912 E.02351
G1 X141.65 Y137.299 E.02047
G1 X141.311 Y137.64 E.02046
G1 X140.886 Y137.953 E.02244
G1 X140.205 Y138.285 E.03222
G1 X139.73 Y138.429 E.02107
G1 X139.247 Y138.502 E.02077
G1 X138.973 Y138.514 E.01168
G1 X112.053 Y138.514 E1.14448
G1 X111.481 Y138.469 E.02436
G1 X110.991 Y138.355 E.0214
G1 X110.388 Y138.119 E.02752
G1 X110.188 Y138.073 E.00874
G1 X109.923 Y138.059 E.01126
G1 X109.603 Y138.117 E.01383
G1 X109.215 Y138.282 E.01793
G1 X108.768 Y138.42 E.0199
G1 X108.247 Y138.502 E.02242
G1 X107.973 Y138.514 E.01166
G1 X81.053 Y138.514 E1.14448
G1 X80.481 Y138.469 E.02438
G1 X80.025 Y138.365 E.01989
G1 X79.577 Y138.196 E.02036
G1 X79.088 Y137.937 E.02351
G1 X78.701 Y137.65 E.02047
G1 X78.36 Y137.311 E.02046
G1 X78.047 Y136.886 E.02244
G1 X77.715 Y136.205 E.03222
G1 X77.571 Y135.73 E.02107
G1 X77.498 Y135.247 E.02077
G1 X77.486 Y134.973 E.01167
G1 X77.486 Y85.052 E2.1223
G1 X77.531 Y84.481 E.02438
G1 X77.635 Y84.025 E.01989
G1 X77.804 Y83.577 E.02036
G1 X78.063 Y83.088 E.02351
G1 X78.35 Y82.701 E.02047
G1 X78.625 Y82.424 E.01659
G1 X78.944 Y82.739 F18000
G1 F3000
G1 X78.975 Y82.708 E.00189
G1 X79.358 Y82.427 E.02018
G1 X79.97 Y82.131 E.0289
G1 X80.378 Y82.008 E.01812
G1 X80.789 Y81.946 E.01765
G1 X81.04 Y81.935 E.01067
G1 X138.934 Y81.935 E2.46131
G1 X139.461 Y81.978 E.02245
G1 X139.847 Y82.066 E.01687
G1 X140.139 Y82.171 E.01315
G1 X140.636 Y82.424 E.02374
G1 X141.028 Y82.712 E.02067
G1 X141.307 Y82.991 E.01678
G1 X141.545 Y83.309 E.01689
G1 X141.814 Y83.831 E.02494
G1 X141.979 Y84.33 E.02235
G1 X142.053 Y84.815 E.02085
G1 X142.065 Y134.925 E2.13036
G1 X142.022 Y135.461 E.02287
G1 X141.931 Y135.854 E.01716
G1 X141.789 Y136.23 E.01709
G1 X141.55 Y136.68 E.02165
G1 X141.315 Y136.998 E.01682
G1 X141.025 Y137.292 E.01757
G1 X140.642 Y137.573 E.02018
G1 X140.03 Y137.869 E.0289
G1 X139.622 Y137.992 E.01812
G1 X139.211 Y138.054 E.01765
G1 X138.96 Y138.065 E.01067
G1 X112.075 Y138.065 E1.14298
G1 X111.54 Y138.022 E.02283
G1 X111.116 Y137.922 E.01851
G1 X110.481 Y137.68 E.02889
G1 X110.202 Y137.624 E.01213
G1 X109.96 Y137.611 E.01027
G1 X109.534 Y137.674 E.0183
G1 X109.064 Y137.859 E.02151
G1 X108.657 Y137.984 E.01808
G1 X108.21 Y138.054 E.01924
G1 X107.96 Y138.065 E.01062
G1 X81.075 Y138.065 E1.14298
G1 X80.539 Y138.022 E.02288
G1 X80.146 Y137.931 E.01716
G1 X79.77 Y137.789 E.01709
G1 X79.32 Y137.55 E.02165
G1 X79.002 Y137.315 E.01682
G1 X78.708 Y137.025 E.01757
G1 X78.427 Y136.642 E.02018
G1 X78.131 Y136.03 E.0289
G1 X78.008 Y135.622 E.01812
G1 X77.946 Y135.211 E.01765
G1 X77.935 Y134.961 E.01067
G1 X77.935 Y85.075 E2.1208
G1 X77.978 Y84.539 E.02287
G1 X78.069 Y84.146 E.01716
G1 X78.211 Y83.77 E.01709
G1 X78.45 Y83.32 E.02165
G1 X78.685 Y83.002 E.01682
G1 X78.902 Y82.782 E.01314
G1 X79.222 Y83.097 F18000
G1 F3000
G1 X79.262 Y83.056 E.00246
G1 X79.601 Y82.807 E.01788
G1 X80.143 Y82.547 E.02555
G1 X80.486 Y82.446 E.0152
G1 X80.826 Y82.394 E.0146
G1 X81.053 Y82.383 E.00967
G1 X138.911 Y82.384 E2.45974
G1 X139.402 Y82.424 E.02095
G1 X139.713 Y82.495 E.01358
G1 X139.952 Y82.581 E.0108
G1 X140.391 Y82.802 E.02087
G1 X140.742 Y83.06 E.01853
G1 X140.96 Y83.279 E.01314
G1 X141.157 Y83.539 E.01389
G1 X141.395 Y83.995 E.02186
G1 X141.538 Y84.424 E.01921
G1 X141.605 Y84.859 E.01871
G1 X141.617 Y134.901 E2.12748
G1 X141.575 Y135.402 E.02135
G1 X141.498 Y135.733 E.01445
G1 X141.383 Y136.037 E.01384
G1 X141.164 Y136.448 E.01979
G1 X140.967 Y136.712 E.01402
G1 X140.738 Y136.944 E.01385
G1 X140.399 Y137.193 E.01788
G1 X139.857 Y137.453 E.02555
G1 X139.514 Y137.554 E.0152
G1 X139.174 Y137.606 E.0146
G1 X138.947 Y137.617 E.00967
G1 X112.099 Y137.617 E1.14141
G1 X111.6 Y137.575 E.02128
G1 X111.241 Y137.49 E.01568
G1 X110.559 Y137.238 E.03092
G1 X110.298 Y137.186 E.01132
G1 X109.994 Y137.164 E.01293
G1 X109.48 Y137.229 E.02202
G1 X108.547 Y137.547 E.04195
G1 X108.172 Y137.606 E.01612
G1 X107.947 Y137.617 E.00958
G1 X81.099 Y137.617 E1.14141
G1 X80.598 Y137.575 E.02135
G1 X80.267 Y137.498 E.01445
G1 X79.963 Y137.383 E.01384
G1 X79.552 Y137.164 E.01979
G1 X79.288 Y136.967 E.01402
G1 X79.056 Y136.738 E.01385
G1 X78.807 Y136.399 E.01788
G1 X78.547 Y135.857 E.02555
G1 X78.446 Y135.514 E.0152
G1 X78.394 Y135.174 E.0146
G1 X78.383 Y134.947 E.00966
G1 X78.383 Y85.099 E2.11924
G1 X78.425 Y84.598 E.02135
G1 X78.502 Y84.267 E.01445
G1 X78.617 Y83.963 E.01384
G1 X78.836 Y83.552 E.01979
G1 X79.033 Y83.288 E.01402
G1 X79.179 Y83.139 E.00884
G1 X79.48 Y83.49 F18000
G1 F3000
G1 X79.767 Y83.244 E.01609
G1 X80.167 Y83.021 E.01946
G1 X80.466 Y82.924 E.01335
G1 X81.045 Y82.832 E.02494
G1 X138.965 Y82.832 E2.4624
G1 X139.311 Y82.868 E.01478
G1 X139.685 Y82.966 E.01645
G1 X140.19 Y83.22 E.02399
G1 X140.397 Y83.368 E.01085
G1 X140.749 Y83.759 E.02236
G1 X140.98 Y84.169 E.02001
G1 X141.076 Y84.466 E.01326
G1 X141.168 Y85.045 E.02494
G1 X141.168 Y134.965 E2.12229
G1 X141.132 Y135.311 E.01478
G1 X141.034 Y135.685 E.01645
G1 X140.78 Y136.19 E.02399
G1 X140.632 Y136.397 E.01085
G1 X140.241 Y136.749 E.02236
G1 X139.831 Y136.98 E.02001
G1 X139.534 Y137.076 E.01326
G1 X138.955 Y137.168 E.02494
G1 X112.04 Y137.168 E1.14425
G1 X111.533 Y137.099 E.02177
G1 X111.355 Y137.052 E.00783
G1 X110.824 Y136.799 E.02499
G1 X110.646 Y136.669 E.00938
G1 X110.455 Y136.493 E.01106
G1 X110.107 Y136.005 E.02547
G1 X110.008 Y135.949 E.00482
G1 X109.881 Y136.016 E.00614
G1 X109.776 Y136.2 E.00899
G1 X109.554 Y136.481 E.01521
G1 X109.133 Y136.823 E.02305
G1 X108.942 Y136.93 E.00931
G1 X108.674 Y137.043 E.01238
G1 X107.954 Y137.168 E.03107
G1 X81.035 Y137.168 E1.14442
G1 X80.689 Y137.132 E.01478
G1 X80.315 Y137.034 E.01645
G1 X79.81 Y136.78 E.02399
G1 X79.603 Y136.632 E.01085
G1 X79.251 Y136.241 E.02236
G1 X79.02 Y135.831 E.02001
G1 X78.924 Y135.534 E.01326
G1 X78.832 Y134.955 E.02494
G1 X78.832 Y85.036 E2.12224
G1 X78.885 Y84.604 E.01851
G1 X79.011 Y84.202 E.0179
G1 X79.216 Y83.817 E.01856
G1 X79.437 Y83.532 E.01532
G1 X79.783 Y83.816 F18000
G1 F3000
G1 X79.801 Y83.794 E.00122
G1 X80.058 Y83.585 E.01405
G1 X80.307 Y83.447 E.01212
G1 X80.533 Y83.367 E.01022
G1 X81.034 Y83.28 E.02161
G1 X138.972 Y83.28 E2.46315
G1 X139.268 Y83.315 E.01264
G1 X139.576 Y83.401 E.01361
G1 X139.985 Y83.619 E.0197
G1 X140.136 Y83.733 E.00803
G1 X140.357 Y83.978 E.01404
G1 X140.554 Y84.308 E.01635
G1 X140.633 Y84.533 E.01014
G1 X140.72 Y85.034 E.02162
G1 X140.72 Y134.972 E2.12304
G1 X140.685 Y135.268 E.01265
G1 X140.599 Y135.576 E.01361
G1 X140.381 Y135.985 E.0197
G1 X140.267 Y136.136 E.00803
G1 X140.022 Y136.357 E.01404
G1 X139.692 Y136.554 E.01635
G1 X139.467 Y136.633 E.01014
G1 X138.966 Y136.72 E.02162
G1 X112.031 Y136.72 E1.14509
G1 X111.592 Y136.655 E.01886
G1 X111.474 Y136.619 E.00525
G1 X111.1 Y136.445 E.01754
G1 X110.906 Y136.303 E.01024
G1 X110.755 Y136.159 E.00883
G1 X110.494 Y135.784 E.01946
G1 X110.366 Y135.464 E.01463
G1 X110.28 Y134.966 E.0215
G1 X110.28 Y129.133 E.24799
G1 X110.36 Y128.643 E.02108
G1 X110.53 Y128.229 E.01904
G1 X110.53 Y127.454 E.03293
G1 X110.483 Y127.352 E.00482
G1 X110.396 Y127.32 E.00393
G1 X109.604 Y127.32 E.03365
G1 X109.502 Y127.367 E.00482
G1 X109.47 Y127.454 E.00393
G1 X109.47 Y128.219 E.03252
G1 X109.635 Y128.641 E.01925
G1 X109.72 Y129.135 E.0213
G1 X109.702 Y135.166 E.25641
G1 X109.642 Y135.449 E.01232
G1 X109.552 Y135.687 E.01081
G1 X109.383 Y135.984 E.01452
G1 X109.269 Y136.134 E.008
G1 X108.923 Y136.426 E.01927
G1 X108.715 Y136.543 E.01013
G1 X108.496 Y136.631 E.01006
G1 X107.965 Y136.72 E.02285
G1 X81.028 Y136.72 E1.14522
G1 X80.732 Y136.685 E.01265
G1 X80.424 Y136.599 E.01361
G1 X80.015 Y136.381 E.0197
G1 X79.864 Y136.267 E.00803
G1 X79.643 Y136.022 E.01404
G1 X79.446 Y135.692 E.01635
G1 X79.367 Y135.467 E.01014
G1 X79.28 Y134.966 E.02161
G1 X79.28 Y85.028 E2.12305
G1 X79.315 Y84.732 E.01264
G1 X79.401 Y84.424 E.01361
G1 X79.617 Y84.017 E.01958
G1 X79.745 Y83.862 E.00852
G1 X80.085 Y84.141 F18000
G1 F3000
G1 X80.277 Y83.977 E.01073
G1 X80.466 Y83.866 E.00932
G1 X80.61 Y83.809 E.00659
G1 X81.023 Y83.729 E.01787
G1 X138.98 Y83.729 E2.46398
G1 X139.217 Y83.76 E.01016
G1 X139.457 Y83.833 E.01066
G1 X139.769 Y84.011 E.01525
G1 X139.859 Y84.085 E.00497
G1 X140.023 Y84.277 E.01073
G1 X140.134 Y84.466 E.00932
G1 X140.191 Y84.61 E.00659
G1 X140.271 Y85.023 E.01787
G1 X140.271 Y134.98 E2.12387
G1 X140.24 Y135.217 E.01016
G1 X140.167 Y135.457 E.01066
G1 X139.989 Y135.769 E.01525
G1 X139.915 Y135.859 E.00497
G1 X139.723 Y136.023 E.01073
G1 X139.534 Y136.134 E.00932
G1 X139.39 Y136.191 E.00659
G1 X138.977 Y136.271 E.01787
G1 X112.021 Y136.271 E1.146
G1 X111.658 Y136.211 E.01563
G1 X111.364 Y136.083 E.01367
G1 X111.221 Y135.983 E.00739
G1 X111.054 Y135.825 E.00978
G1 X110.865 Y135.531 E.01485
G1 X110.809 Y135.39 E.00647
G1 X110.729 Y134.977 E.01787
G1 X110.729 Y129.122 E.24894
G1 X110.782 Y128.795 E.01406
G1 X110.832 Y128.644 E.00678
G1 X110.962 Y128.41 E.01137
G1 X110.979 Y128.345 E.00286
G1 X110.979 Y127.006 E.05693
G1 X110.931 Y126.903 E.00482
G1 X110.844 Y126.871 E.00393
G1 X109.156 Y126.871 E.07178
G1 X109.053 Y126.919 E.00482
G1 X109.021 Y127.006 E.00393
G1 X109.021 Y128.349 E.05711
G1 X109.192 Y128.714 E.01711
G1 X109.271 Y129.123 E.01771
G1 X109.264 Y135.07 E.25283
G1 X109.219 Y135.303 E.01009
G1 X109.168 Y135.455 E.00685
G1 X108.989 Y135.769 E.01533
G1 X108.915 Y135.859 E.00495
G1 X108.714 Y136.029 E.01122
G1 X108.487 Y136.157 E.01105
G1 X108.332 Y136.214 E.00703
G1 X107.977 Y136.271 E.01531
G1 X81.02 Y136.271 E1.14603
G1 X80.783 Y136.24 E.01016
G1 X80.543 Y136.167 E.01066
G1 X80.231 Y135.989 E.01525
G1 X80.141 Y135.915 E.00497
G1 X79.977 Y135.723 E.01073
G1 X79.866 Y135.534 E.00932
G1 X79.809 Y135.39 E.00659
G1 X79.729 Y134.977 E.01787
G1 X79.729 Y85.02 E2.12387
G1 X79.76 Y84.783 E.01016
G1 X79.833 Y84.543 E.01066
G1 X80.011 Y84.231 E.01525
G1 X80.047 Y84.187 E.00242
G1 X80.393 Y84.466 F18000
G1 F3000
G1 X80.493 Y84.37 E.00592
G1 X80.702 Y84.247 E.01027
G1 X81.01 Y84.177 E.01344
G1 X138.989 Y84.177 E2.4649
G1 X139.152 Y84.204 E.00703
G1 X139.326 Y84.262 E.00779
G1 X139.534 Y84.393 E.01044
G1 X139.63 Y84.493 E.00592
G1 X139.753 Y84.702 E.01027
G1 X139.823 Y85.01 E.01345
G1 X139.823 Y134.989 E2.12479
G1 X139.796 Y135.152 E.00703
G1 X139.738 Y135.326 E.00779
G1 X139.607 Y135.534 E.01044
G1 X139.507 Y135.63 E.00592
G1 X139.298 Y135.753 E.01027
G1 X138.99 Y135.823 E.01345
G1 X112.01 Y135.823 E1.14702
G1 X111.825 Y135.795 E.00794
G1 X111.631 Y135.722 E.00885
G1 X111.468 Y135.609 E.0084
G1 X111.37 Y135.507 E.00605
G1 X111.247 Y135.298 E.01027
G1 X111.177 Y134.99 E.01344
G1 X111.177 Y129.111 E.24995
G1 X111.204 Y128.948 E.00703
G1 X111.262 Y128.774 E.00777
G1 X111.406 Y128.548 E.0114
G1 X111.427 Y128.476 E.00321
G1 X111.427 Y126.557 E.08157
G1 X111.38 Y126.455 E.00482
G1 X111.293 Y126.423 E.00393
G1 X108.707 Y126.423 E.10992
G1 X108.605 Y126.47 E.00482
G1 X108.573 Y126.557 E.00393
G1 X108.573 Y128.479 E.0817
G1 X108.594 Y128.551 E.00318
G1 X108.753 Y128.804 E.01271
G1 X108.823 Y129.11 E.01335
G1 X108.823 Y134.989 E.24995
G1 X108.796 Y135.152 E.00703
G1 X108.738 Y135.326 E.00779
G1 X108.607 Y135.534 E.01044
G1 X108.505 Y135.632 E.00604
G1 X108.258 Y135.772 E.01206
G1 X107.987 Y135.823 E.0117
G1 X81.011 Y135.823 E1.14687
G1 X80.848 Y135.796 E.00703
G1 X80.674 Y135.738 E.00779
G1 X80.466 Y135.607 E.01044
G1 X80.37 Y135.507 E.00592
G1 X80.247 Y135.298 E.01027
G1 X80.177 Y134.99 E.01344
G1 X80.177 Y85.011 E2.12479
G1 X80.204 Y84.848 E.00703
G1 X80.262 Y84.674 E.00779
G1 X80.361 Y84.517 E.00789
G1 X80.692 Y84.8 F18000
G1 F3000
G1 X80.816 Y84.681 E.0073
G1 X81 Y84.626 E.00817
G1 X139 Y84.626 E2.46578
G1 X139.2 Y84.692 E.00894
G1 X139.319 Y84.816 E.0073
G1 X139.374 Y85 E.00817
G1 X139.374 Y135 E2.12568
G1 X139.308 Y135.2 E.00894
G1 X139.184 Y135.319 E.0073
G1 X139 Y135.374 E.00817
G1 X112 Y135.374 E1.14786
G1 X111.91 Y135.356 E.00389
G1 X111.8 Y135.308 E.0051
G1 X111.681 Y135.184 E.0073
G1 X111.626 Y135 E.00817
G1 X111.626 Y129.1 E.25083
G1 X111.692 Y128.9 E.00894
G1 X111.816 Y128.781 E.0073
G1 X111.876 Y128.758 E.00273
G1 X111.876 Y125.974 E.11834
G1 X108.124 Y125.974 E.15949
G1 X108.124 Y128.76 E.11841
G1 X108.2 Y128.792 E.00349
G1 X108.319 Y128.916 E.0073
G1 X108.374 Y129.1 E.00817
G1 X108.374 Y135 E.25083
G1 X108.308 Y135.2 E.00894
G1 X108.184 Y135.319 E.0073
G1 X108.082 Y135.359 E.00466
G1 X108 Y135.374 E.00355
G1 X81 Y135.374 E1.14786
G1 X80.8 Y135.308 E.00894
G1 X80.681 Y135.184 E.0073
G1 X80.626 Y135 E.00817
G1 X80.626 Y85 E2.12568
G1 X80.673 Y84.857 E.00639
; printing object base_plate.stl id:0 copy 0
G1 E-1.75 F6000
;WIPE_START
G1 F3000
G1 X80.816 Y84.681 E-.16989
G1 X81 Y84.626 E-.14421
G1 X81.581 Y84.626 E-.4359
;WIPE_END
G1 X107.673 Y96.304 F18000
G1 X108.73 Y96.791
G1 X109.746 Y97.36
G1 X110.714 Y98.007
G1 X111.628 Y98.727
G1 X112.483 Y99.517
G1 X113.273 Y100.372
G1 X113.993 Y101.286
G1 X114.64 Y102.254
G1 X115.209 Y103.27
G1 X115.696 Y104.327
G1 X116.099 Y105.419
G1 X116.415 Y106.539
G1 X116.642 Y107.681
G1 X116.779 Y108.837
G1 X116.825 Y110
G1 X138.675 Y134.675
G1 E2.5 F6000
;TYPE:Outer wall
G1 F3000
G1 X112.325 Y134.675 E1.12023
G1 X112.325 Y129.425 E.2232
G1 X112.575 Y129.425 E.01063
G1 X112.575 Y125.275 E.17643
G1 X107.425 Y125.275 E.21894
G1 X107.425 Y129.425 E.17643
G1 X107.675 Y129.425 E.01063
G1 X107.675 Y134.675 E.2232
G1 X81.325 Y134.675 E1.12023
G1 X81.325 Y85.325 E2.09804
G1 X138.675 Y85.325 E2.43815
G1 X138.675 Y134.615 E2.09549
G1 X138.227 Y134.227 F18000
;TYPE:Inner wall
G1 F3000
G1 X112.773 Y134.227 E1.0821
G1 X112.773 Y129.873 E.18506
G1 X113.023 Y129.873 E.01063
G1 X113.023 Y124.827 E.21457
G1 X106.977 Y124.827 E.25708
G1 X106.977 Y129.873 E.21457
G1 X107.227 Y129.873 E.01063
G1 X107.227 Y134.227 E.18506
G1 X81.773 Y134.227 E1.0821
G1 X81.773 Y110.466 E1.01016
G1 X82.016 Y110.442 E.01037
G2 X86.419 Y111.639 I2.485 J-.443 E.24225
G1 X86.685 Y111.303 E.01822
G1 X86.815 Y112.405 E.04718
G2 X117.315 Y111.303 I15.183 J-2.416 E1.89424
G2 X119.302 Y112.516 I2.261 J-1.468 E.10234
G2 X117.581 Y108.361 I.193 J-2.514 E.43744
G1 X117.315 Y108.697 E.01822
G1 X117.185 Y107.595 E.04719
G2 X86.685 Y108.697 I-15.183 J2.405 E1.89504
G2 X84.696 Y107.483 I-2.261 J1.469 E.10241
G2 X82.016 Y109.558 I-.192 J2.52 E.15794
G1 X81.773 Y109.534 E.01037
G1 X81.773 Y85.773 E1.01016
G1 X138.227 Y85.773 E2.40002
G1 X138.227 Y134.167 E2.05736
G1 X137.778 Y133.778 F18000
G1 F3000
G1 X113.222 Y133.778 E1.04396
G1 X113.222 Y130.322 E.14693
G1 X113.472 Y130.322 E.01063
G1 X113.472 Y124.378 E.2527
G1 X109.082 Y124.378 E.18663
G1 X109.036 Y124.167 E.0092
G1 X110.268 Y123.491 E.05972
G1 X111.301 Y122.801 E.05282
G1 X112.276 Y122.032 E.05282
G1 X113.189 Y121.189 E.05282
G1 X114.032 Y120.276 E.05282
G1 X114.801 Y119.301 E.05282
G1 X115.491 Y118.267 E.05282
G1 X116.098 Y117.184 E.05282
G1 X116.619 Y116.055 E.05282
G1 X117.049 Y114.89 E.05282
G1 X117.386 Y113.694 E.05282
G1 X117.655 Y112.341 E.05864
G2 X117.655 Y107.66 I1.835 J-2.34 E.56533
G1 X117.386 Y106.306 E.05868
G1 X117.049 Y105.11 E.05282
G1 X116.619 Y103.945 E.05282
G1 X116.098 Y102.816 E.05282
G1 X115.491 Y101.733 E.05282
G1 X114.801 Y100.699 E.05282
G1 X114.032 Y99.724 E.05282
G1 X113.189 Y98.812 E.05282
G1 X112.276 Y97.968 E.05282
G1 X111.301 Y97.199 E.05282
G1 X110.268 Y96.509 E.05282
G1 X109.184 Y95.902 E.05282
G1 X108.055 Y95.381 E.05282
G1 X106.89 Y94.951 E.05282
G1 X105.694 Y94.614 E.05282
G1 X104.475 Y94.372 E.05282
G1 X103.241 Y94.226 E.05282
G1 X102 Y94.177 E.05282
G1 X100.759 Y94.226 E.05282
G1 X99.525 Y94.372 E.05282
G1 X98.306 Y94.614 E.05283
G1 X97.11 Y94.951 E.05281
G1 X95.945 Y95.381 E.05282
G1 X94.816 Y95.902 E.05282
G1 X93.732 Y96.509 E.05282
G1 X92.699 Y97.199 E.05282
G1 X91.724 Y97.968 E.05282
G1 X90.811 Y98.811 E.05282
G1 X89.968 Y99.724 E.05282
G1 X89.199 Y100.699 E.05282
G1 X88.509 Y101.732 E.05282
G1 X87.902 Y102.816 E.05282
G1 X87.381 Y103.945 E.05282
G1 X86.951 Y105.11 E.05282
G1 X86.614 Y106.306 E.05282
G1 X86.345 Y107.66 E.05868
G2 X82.569 Y107.739 I-1.839 J2.365 E.17371
G1 X82.222 Y108.06 E.0201
G1 X82.222 Y86.222 E.92842
G1 X137.778 Y86.222 E2.36188
G1 X137.778 Y133.718 E2.01922
G1 E-1.75 F6000
;WIPE_START
G1 F3000
G1 X136.778 Y133.72 E-.75
;WIPE_END
G1 X136.778 Y134.327 F18000
G1 X109.251 Y123.431
G1 X108.934 Y123.609
G1 X107.845 Y124.111
G1 X106.72 Y124.526
G1 X105.566 Y124.851
G1 X104.389 Y125.085
G1 X103.198 Y125.226
G1 X102 Y125.273
G1 X100.802 Y125.226
G1 X99.611 Y125.085
G1 X98.434 Y124.851
G1 X97.28 Y124.526
G1 X96.155 Y124.111
G1 X95.066 Y123.609
G1 X94.02 Y123.023
G1 X93.022 Y122.356
G1 X92.081 Y121.614
G1 X91.2 Y120.8
G1 X90.386 Y119.919
G1 X89.644 Y118.978
G1 X88.977 Y117.98
G1 X88.391 Y116.934
G1 X87.889 Y115.845
G1 X87.474 Y114.72
G1 X87.3 Y114.104
G1 X84.456 Y112.422
G1 X84.435 Y112.968
G1 E2.5 F6000
G1 F3000
G1 X84.5 Y112.971 E.00279
G2 X86.345 Y112.34 I.006 J-2.996 E.08443
G1 X86.614 Y113.694 E.05868
G1 X86.951 Y114.89 E.05282
G1 X87.381 Y116.055 E.05282
G1 X87.902 Y117.184 E.05282
G1 X88.509 Y118.268 E.05282
G1 X89.199 Y119.301 E.05282
G1 X89.968 Y120.276 E.05282
G1 X90.811 Y121.189 E.05282
G1 X91.724 Y122.032 E.05282
G1 X92.699 Y122.801 E.05282
G1 X93.732 Y123.491 E.05282
G1 X94.816 Y124.098 E.05282
G1 X95.945 Y124.619 E.05282
G1 X97.11 Y125.049 E.05282
G1 X98.306 Y125.386 E.05281
G1 X99.525 Y125.628 E.05283
G1 X100.759 Y125.774 E.05282
G1 X102 Y125.823 E.05282
G1 X103.241 Y125.774 E.05282
G1 X104.475 Y125.628 E.05282
G1 X105.694 Y125.386 E.05282
G1 X106.528 Y125.151 E.03685
G1 X106.528 Y130.322 E.21986
G1 X106.778 Y130.322 E.01063
G1 X106.778 Y133.778 E.14693
G1 X82.222 Y133.778 E1.04396
G1 X82.222 Y111.94 E.92842
G1 X82.569 Y112.261 E.02011
G2 X84.035 Y112.934 I1.937 J-2.286 E.06944
G1 X84.375 Y112.963 E.01448
G1 X84.484 Y112.074 F18000
;TYPE:Outer wall
G1 F3000
G1 X84.5 Y112.074 E.00069
G2 X84.491 Y107.925 I-.004 J-2.074 E.27706
G1 X84.337 Y107.931 E.00656
G2 X84.175 Y112.049 I.158 J2.068 E.25666
G1 X84.424 Y112.069 E.01059
G1 E-1.75 F6000
;WIPE_START
G1 F3000
G1 X84.5 Y112.074 E-.05721
G1 X84.663 Y112.069 E-.12221
G1 X84.984 Y112.018 E-.24423
G1 X85.141 Y111.974 E-.12224
G1 X85.393 Y111.87 E-.20412
;WIPE_END
G1 X85.539 Y112.187 F18000
G1 X88.977 Y117.98
G1 X89.644 Y118.978
G1 X90.386 Y119.919
G1 X91.2 Y120.8
G1 X92.081 Y121.614
G1 X93.022 Y122.356
G1 X94.02 Y123.023
G1 X95.066 Y123.609
G1 X96.155 Y124.111
G1 X97.28 Y124.526
G1 X98.434 Y124.851
G1 X99.611 Y125.085
G1 X100.802 Y125.226
G1 X101.637 Y125.259
G1 X101.984 Y125.273
G1 X101.998 Y124.925
G1 E2.5 F6000
G1 F3000
G1 X102 Y124.914 E.0005
G2 X102 Y95.075 I0 J-14.92 E1.99264
G1 X101.892 Y95.079 E.00458
G1 X100.829 Y95.121 E.04524
G2 X100.83 Y124.868 I1.171 J14.874 E1.89305
G1 X101.938 Y124.922 E.04715
G1 E-1.75 F6000
;WIPE_START
G1 F3000
G1 X102 Y124.914 E-.04721
G1 X102.937 Y124.886 E-.70279
;WIPE_END
G1 X102.95 Y125.236 F18000
G1 X103.198 Y125.226
G1 X104.389 Y125.085
G1 X105.566 Y124.851
G1 X106.72 Y124.526
G1 X107.845 Y124.111
G1 X108.934 Y123.609
G1 X109.98 Y123.023
G1 X110.978 Y122.356
G1 X111.919 Y121.614
G1 X112.8 Y120.8
G1 X113.614 Y119.919
G1 X114.356 Y118.977
G1 X115.023 Y117.98
G1 X115.609 Y116.934
G1 X116.111 Y115.845
G1 X116.526 Y114.72
G1 X116.665 Y114.226
G1 X119.429 Y112.421
G1 X119.443 Y112.069
G1 E2.5 F6000
G1 F3000
G1 X119.664 Y112.067 E.00939
G2 X119.491 Y107.925 I-.168 J-2.068 E.2701
G1 X119.337 Y107.931 E.00656
G2 X119.337 Y112.068 I.158 J2.068 E.26358
G1 X119.383 Y112.068 E.00194
G1 E-1.75 F6000
;WIPE_START
G1 F3000
G1 X119.664 Y112.067 E-.21061
G1 X119.984 Y112.018 E-.24344
G1 X120.141 Y111.974 E-.12225
G1 X120.355 Y111.885 E-.1737
;WIPE_END
G1 X120.502 Y112.204 F18000
G1 X120.427 Y112.239
G1 X120.249 Y112.305
G1 X120.066 Y112.356
G1 X119.888 Y112.392
G1 X119.692 Y112.416
G1 X119.5 Y112.423
G1 X119.31 Y112.416
G1 X119.121 Y112.394
G1 X118.934 Y112.356
G1 X118.751 Y112.305
G1 X118.573 Y112.239
G1 X118.4 Y112.159
G1 X118.242 Y112.071
G1 X118.077 Y111.962
G1 X117.926 Y111.843
G1 X117.786 Y111.714
G1 X117.684 Y111.551
G1 X117.604 Y111.378
G1 X117.536 Y111.204
G1 X117.479 Y111.03
G1 X117.472 Y111.001
G1 X117.409 Y111.017
G1 E2.5 F6000
;TYPE:Gap infill
;WIDTH:0.124698
G1 F3000
G1 X117.335 Y110.895 E.00099
;WIDTH:0.152493
G1 X117.29 Y110.815 E.00088
;WIDTH:0.182006
G1 X117.243 Y110.73 E.0012
;WIDTH:0.208393
G3 X117.197 Y110.55 I.424 J-.204 E.00278
;WIDTH:0.166623
G1 X117.182 Y110.365 E.00202
;WIDTH:0.135226
G1 X117.175 Y110.091 E.00217
G1 X117.175 Y109.909 F18000
;WIDTH:0.135428
G1 F3000
G1 X117.182 Y109.633 E.00219
;WIDTH:0.168207
G1 X117.198 Y109.44 E.00214
;WIDTH:0.20938
G3 X117.243 Y109.27 I.43 J.022 E.00266
;WIDTH:0.181995
G1 X117.29 Y109.185 E.0012
;WIDTH:0.152485
G1 X117.335 Y109.105 E.00087
;WIDTH:0.124696
G1 X117.409 Y108.983 E.00099
G1 E-2.21413 F6000
;WIPE_START
G1 F3000
G1 X117.335 Y109.105 E-.28587
;WIPE_END
G1 X117.059 Y109.07 F18000
G1 X117.134 Y111.553
G1 X117.128 Y112.029
G1 X117.085 Y112.389
G1 X116.851 Y113.566
G1 X116.526 Y114.72
G1 X116.111 Y115.845
G1 X115.609 Y116.934
G1 X115.023 Y117.98
G1 X114.356 Y118.977
G1 X113.614 Y119.919
G1 X112.8 Y120.8
G1 X111.919 Y121.614
G1 X110.978 Y122.356
G1 X110.282 Y122.821
G1 X110.012 Y123.002
G1 X110.443 Y123.647
G1 E2.5 F6000
;WIDTH:0.15982
G1 F3000
G1 X110.25 Y124.154 E.00557
G1 E-1.75 F6000
;WIPE_START
G1 F3000
G1 X110.443 Y123.647 E-.75
;WIPE_END
G1 X108.843 Y124.337 F18000
G1 E2.5 F6000
;WIDTH:0.250129
G1 F3000
G1 X108.003 Y124.504 E.01612
;WIDTH:0.225729
G1 X107.866 Y124.528 E.00231
;WIDTH:0.18004
G1 X107.728 Y124.553 E.00171
;WIDTH:0.157195
G1 X107.59 Y124.578 E.0014
G1 E-2.22006 F6000
;WIPE_START
G1 F3000
G1 X107.728 Y124.553 E-.27994
;WIPE_END
G1 X107.598 Y124.202 F18000
G1 X106.72 Y124.526
G1 X105.566 Y124.851
G1 X104.389 Y125.085
G1 X103.198 Y125.226
G1 X102 Y125.273
G1 X100.802 Y125.226
G1 X99.611 Y125.085
G1 X98.434 Y124.851
G1 X97.28 Y124.526
G1 X96.155 Y124.111
G1 X95.066 Y123.609
G1 X94.02 Y123.023
G1 X93.022 Y122.356
G1 X92.081 Y121.614
G1 X91.2 Y120.8
G1 X90.386 Y119.919
G1 X89.644 Y118.978
G1 X88.977 Y117.98
G1 X88.391 Y116.934
G1 X87.889 Y115.845
G1 X87.474 Y114.72
G1 X87.149 Y113.566
G1 X86.915 Y112.389
G1 X86.872 Y112.029
G1 X86.866 Y111.553
G1 X86.909 Y111.188
G1 X86.925 Y111.059
G1 X86.591 Y111.017
G1 E2.5 F6000
;WIDTH:0.137279
G1 F3000
G1 X86.664 Y110.898 E.00113
;WIDTH:0.151981
G1 X86.71 Y110.815 E.0009
;WIDTH:0.181107
G1 X86.755 Y110.736 E.00112
;WIDTH:0.208601
G2 X86.803 Y110.556 I-.298 J-.176 E.0028
;WIDTH:0.167721
G1 X86.818 Y110.369 E.00206
;WIDTH:0.125322
G1 X86.825 Y110.091 E.00194
G1 X86.825 Y109.909 F18000
;WIDTH:0.125322
G1 F3000
G1 X86.818 Y109.631 E.00194
;WIDTH:0.167719
G1 X86.803 Y109.444 E.00206
;WIDTH:0.208604
G2 X86.755 Y109.264 I-.346 J-.004 E.0028
;WIDTH:0.181115
G1 X86.71 Y109.185 E.00112
;WIDTH:0.151988
G1 X86.664 Y109.102 E.0009
;WIDTH:0.137286
G1 X86.591 Y108.983 E.00113
G1 E-2.22087 F6000
;WIPE_START
G1 F3000
G1 X86.664 Y109.102 E-.27913
;WIPE_END
G1 X86.562 Y109.129 F18000
G1 X86.521 Y108.971
G1 X86.464 Y108.796
G1 X86.396 Y108.622
G1 X86.316 Y108.449
G1 X86.214 Y108.286
G1 X86.074 Y108.157
G1 X85.924 Y108.039
G1 X85.766 Y107.934
G1 X85.6 Y107.841
G1 X85.426 Y107.76
G1 X85.24 Y107.693
G1 X85.066 Y107.644
G1 X84.879 Y107.606
G1 X84.688 Y107.584
G1 X84.491 Y107.577
G1 X84.31 Y107.584
G1 X84.121 Y107.606
G1 X83.934 Y107.644
G1 X83.751 Y107.695
G1 X83.573 Y107.761
G1 X83.4 Y107.841
G1 X83.234 Y107.934
G1 X83.076 Y108.039
G1 X82.926 Y108.157
G1 X82.786 Y108.286
G1 X82.657 Y108.426
G1 X82.539 Y108.576
G1 X82.25 Y108.376
G1 E2.5 F6000
;WIDTH:0.133063
G1 F3000
G1 X82.111 Y108.539 E.00166
;WIDTH:0.154913
G1 X81.998 Y108.683 E.0018
G1 E-2.13308 F6000
;WIPE_START
G1 F3000
G1 X82.111 Y108.539 E-.36692
;WIPE_END
G1 X81.998 Y111.317 F18000
G1 E2.5 F6000
;WIDTH:0.154918
G1 F3000
G1 X82.111 Y111.461 E.0018
;WIDTH:0.133065
G1 X82.25 Y111.624 E.00166
G1 E-2.07152 F6000
;WIPE_START
G1 F3000
G1 X82.111 Y111.461 E-.42848
;WIPE_END
G1 X82.357 Y112.913 F18000
G1 E2.5 F6000
;TYPE:Bottom surface
;WIDTH:0.507618
G1 F3000
G1 X82.933 Y112.913 E.02492
G1 X83.003 Y112.952 E.00349
G2 X86.062 Y112.913 I1.491 J-3.017 E.13732
G1 X86.116 Y112.913 E.00231
G1 X86.207 Y113.369 E.02011
G1 X82.558 Y113.369 E.15773
G1 X82.558 Y113.825 E.01972
G1 X86.302 Y113.825 E.16184
G1 X86.43 Y114.281 E.02049
G1 X82.558 Y114.281 E.16741
G1 X82.558 Y114.737 E.01972
G1 X86.559 Y114.737 E.17297
G2 X86.705 Y115.193 I2.975 J-.701 E.02073
G1 X82.558 Y115.193 E.17928
G1 X82.558 Y115.649 E.01972
G1 X86.873 Y115.649 E.18656
G1 X87.041 Y116.106 E.02102
G1 X82.558 Y116.106 E.19383
G1 X82.558 Y116.562 E.01972
G1 X87.245 Y116.562 E.20261
G1 X87.455 Y117.018 E.02172
G1 X82.558 Y117.018 E.2117
G1 X82.558 Y117.474 E.01972
G1 X87.679 Y117.474 E.22138
G1 X87.934 Y117.93 E.0226
G1 X82.558 Y117.93 E.23243
G1 X82.558 Y118.386 E.01972
G1 X88.19 Y118.386 E.24347
G2 X88.488 Y118.842 I3.045 J-1.668 E.02359
G1 X82.558 Y118.842 E.25638
G1 X82.558 Y119.298 E.01972
G1 X88.793 Y119.298 E.26956
G2 X89.128 Y119.754 I3.069 J-1.906 E.02451
G1 X82.558 Y119.754 E.28406
G1 X82.558 Y120.211 E.01972
G1 X89.488 Y120.211 E.29961
G2 X89.871 Y120.667 I3.085 J-2.202 E.02578
G1 X82.558 Y120.667 E.31617
G1 X82.558 Y121.123 E.01972
G1 X90.293 Y121.123 E.3344
G2 X90.738 Y121.579 I3.126 J-2.608 E.0276
G1 X82.558 Y121.579 E.35366
G1 X82.558 Y122.035 E.01972
G1 X91.232 Y122.035 E.375
G2 X91.763 Y122.491 I3.16 J-3.143 E.03031
G1 X82.558 Y122.491 E.39797
G1 X82.558 Y122.947 E.01972
G1 X92.342 Y122.947 E.42299
G2 X92.995 Y123.403 I3.227 J-3.929 E.0345
G1 X82.558 Y123.403 E.45125
G1 X82.558 Y123.859 E.01972
G1 X93.701 Y123.859 E.48178
G1 X94.516 Y124.316 E.04036
G1 X82.558 Y124.316 E.51699
G1 X82.558 Y124.772 E.01972
G1 X95.474 Y124.772 E.5584
G2 X96.624 Y125.228 I3.47 J-7.077 E.05358
G1 X82.558 Y125.228 E.60816
G1 X82.558 Y125.684 E.01972
G1 X99.115 Y125.684 E.71585
G1 E-1.75 F6000
;WIPE_START
G1 F3000
G1 X98.115 Y125.684 E-.75
;WIPE_END
G1 X104.885 Y125.684 F18000
G1 E2.5 F6000
G1 F3000
G1 X106.192 Y125.684 E.0565
G1 X106.192 Y126.14 E.01972
G1 X82.558 Y126.14 E1.0218
G1 X82.558 Y126.596 E.01972
G1 X106.192 Y126.596 E1.0218
G1 X106.192 Y127.052 E.01972
G1 X82.558 Y127.052 E1.0218
G1 X82.558 Y127.508 E.01972
G1 X106.192 Y127.508 E1.0218
G1 X106.192 Y127.965 E.01972
G1 X82.558 Y127.965 E1.0218
G1 X82.558 Y128.421 E.01972
G1 X106.192 Y128.421 E1.0218
G1 X106.192 Y128.877 E.01972
G1 X82.558 Y128.877 E1.0218
G1 X82.558 Y129.333 E.01972
G1 X106.192 Y129.333 E1.0218
G1 X106.192 Y129.789 E.01972
G1 X82.558 Y129.789 E1.0218
G1 X82.558 Y130.245 E.01972
G1 X106.192 Y130.245 E1.0218
G1 X106.192 Y130.658 E.01787
G1 X106.442 Y130.658 E.01081
G1 X106.442 Y130.701 E.00185
G1 X82.558 Y130.701 E1.03261
G1 X82.558 Y131.157 E.01972
G1 X106.442 Y131.157 E1.03261
G1 X106.442 Y131.613 E.01972
G1 X82.558 Y131.613 E1.03261
G1 X82.558 Y132.07 E.01972
G1 X106.442 Y132.07 E1.03261
G1 X106.442 Y132.526 E.01972
G1 X82.558 Y132.526 E1.03261
G1 X82.558 Y132.982 E.01972
G1 X106.442 Y132.982 E1.03261
G1 X106.442 Y133.438 E.01972
G1 X82.357 Y133.438 E1.04134
G1 E-1.75 F6000
;WIPE_START
G1 F3000
G1 X83.357 Y133.438 E-.75
;WIPE_END
G1 X97.561 Y125.433 F18000
G1 E2.5 F6000
;TYPE:Gap infill
;WIDTH:0.129286
G1 F3000
G1 X97.378 Y125.407 E.00136
;WIDTH:0.177209
G1 X97.196 Y125.382 E.00219
;WIDTH:0.225133
G1 X97.014 Y125.357 E.00303
;WIDTH:0.251453
G1 X96.839 Y125.326 E.00338
G1 E-2.14324 F6000
;WIPE_START
G1 F3000
G1 X97.014 Y125.357 E-.35676
;WIPE_END
G1 X99.585 Y125.887 F18000
G1 E2.5 F6000
;WIDTH:0.109678
G1 F3000
G1 X99.484 Y125.881 E.00056
;WIDTH:0.12931
G1 X99.299 Y125.862 E.00137
;WIDTH:0.144418
G1 X99.115 Y125.844 E.00163
G1 E-2.12984 F6000
;WIPE_START
G1 F3000
G1 X99.299 Y125.862 E-.37016
;WIPE_END
G1 X104.885 Y125.844 F18000
G1 E2.5 F6000
;WIDTH:0.159527
G1 F3000
G1 X104.701 Y125.862 E.0019
;WIDTH:0.133583
G1 X104.415 Y125.887 E.00223
G1 E-1.92692 F6000
;WIPE_START
G1 F3000
G1 X104.701 Y125.862 E-.57308
;WIPE_END
G1 X104.54 Y125.055 F18000
G1 X104.389 Y125.085
G1 X103.198 Y125.226
G1 X102 Y125.273
G1 X100.802 Y125.226
G1 X99.611 Y125.085
G1 X98.434 Y124.851
G1 X97.28 Y124.526
G1 X96.155 Y124.111
G1 X95.066 Y123.609
G1 X94.02 Y123.023
G1 X93.022 Y122.356
G1 X92.081 Y121.614
G1 X91.2 Y120.8
G1 X90.386 Y119.919
G1 X89.644 Y118.978
G1 X88.977 Y117.98
G1 X88.391 Y116.934
G1 X87.889 Y115.845
G1 X87.474 Y114.72
G1 X87.149 Y113.566
G1 X86.915 Y112.389
G1 X86.872 Y112.029
G1 X86.866 Y111.553
G1 X86.866 Y108.447
G1 X86.872 Y107.971
G1 X86.915 Y107.611
G1 X87.149 Y106.434
G1 X87.474 Y105.28
G1 X87.889 Y104.155
G1 X88.391 Y103.066
G1 X88.977 Y102.02
G1 X89.644 Y101.022
G1 X90.187 Y100.333
G1 X81.673 Y86.56
G1 X82.357 Y86.56
G1 E2.5 F6000
;TYPE:Bottom surface
;WIDTH:0.502282
G1 F3000
G1 X137.442 Y86.56 E2.35378
G1 X137.442 Y87.01 E.01926
G1 X82.558 Y87.01 E2.34516
G1 X82.558 Y87.461 E.01926
G1 X137.442 Y87.461 E2.34516
G1 X137.442 Y87.912 E.01926
G1 X82.558 Y87.912 E2.34516
G1 X82.558 Y88.363 E.01926
G1 X137.442 Y88.363 E2.34516
G1 X137.442 Y88.813 E.01926
G1 X82.558 Y88.813 E2.34516
G1 X82.558 Y89.264 E.01926
G1 X137.442 Y89.264 E2.34516
G1 X137.442 Y89.715 E.01926
G1 X82.558 Y89.715 E2.34516
G1 X82.558 Y90.166 E.01926
G1 X137.442 Y90.166 E2.34516
G1 X137.442 Y90.617 E.01926
G1 X82.558 Y90.617 E2.34516
G1 X82.558 Y91.067 E.01926
G1 X137.442 Y91.067 E2.34516
G1 X137.442 Y91.518 E.01926
G1 X82.558 Y91.518 E2.34516
G1 X82.558 Y91.969 E.01926
G1 X137.442 Y91.969 E2.34516
G1 X137.442 Y92.42 E.01926
G1 X82.558 Y92.42 E2.34516
G1 X82.558 Y92.87 E.01926
G1 X137.442 Y92.87 E2.34516
G1 X137.442 Y93.321 E.01926
G1 X82.558 Y93.321 E2.34516
G1 X82.558 Y93.772 E.01926
G1 X137.442 Y93.772 E2.34516
G1 X137.442 Y94.223 E.01926
G1 X105.45 Y94.223 E1.36698
G1 X104.528 Y94.039 E.04019
G1 X103.267 Y93.89 E.05427
G1 X101.856 Y93.846 E.06031
G1 X100.732 Y93.89 E.04805
G1 X99.472 Y94.039 E.05421
G1 X98.55 Y94.223 E.04019
G1 X82.558 Y94.223 E.68331
G1 X82.558 Y94.674 E.01926
G1 X96.892 Y94.674 E.61247
G1 X95.699 Y95.124 E.05449
G1 X82.558 Y95.124 E.5615
G1 X82.558 Y95.575 E.01926
G1 X94.721 Y95.575 E.51972
G1 X93.906 Y96.026 E.0398
G1 X82.558 Y96.026 E.48489
G1 X82.558 Y96.477 E.01926
G1 X93.175 Y96.477 E.45365
G1 X92.501 Y96.927 E.03466
G1 X82.558 Y96.927 E.42483
G1 X82.558 Y97.378 E.01926
G1 X91.929 Y97.378 E.40039
G2 X91.379 Y97.829 I2.585 J3.715 E.03042
G1 X82.558 Y97.829 E.37689
G1 X82.558 Y98.28 E.01926
G1 X90.891 Y98.28 E.35606
G2 X90.428 Y98.731 I2.638 J3.172 E.02764
G1 X82.558 Y98.731 E.33628
G1 X82.558 Y99.181 E.01926
G1 X90.011 Y99.181 E.31847
G2 X89.612 Y99.632 I2.66 J2.76 E.02576
G1 X82.558 Y99.632 E.3014
G1 X82.558 Y100.083 E.01926
G1 X89.257 Y100.083 E.28622
G2 X88.905 Y100.534 I2.691 J2.461 E.02445
G1 X82.558 Y100.534 E.2712
G1 X82.558 Y100.984 E.01926
G1 X88.604 Y100.984 E.25833
G1 X88.303 Y101.435 E.02317
G1 X82.558 Y101.435 E.24546
G1 X82.558 Y101.886 E.01926
G1 X88.037 Y101.886 E.23411
G1 X87.785 Y102.337 E.02208
G1 X82.558 Y102.337 E.22332
G1 X82.558 Y102.788 E.01926
G1 X87.545 Y102.788 E.21306
G1 X87.337 Y103.238 E.02121
G1 X82.558 Y103.238 E.20418
G1 X82.558 Y103.689 E.01926
G1 X87.129 Y103.689 E.1953
G2 X86.951 Y104.14 I2.772 J1.355 E.02073
G1 X82.558 Y104.14 E.18769
G1 X82.558 Y104.591 E.01926
G1 X86.785 Y104.591 E.18059
G2 X86.621 Y105.041 I2.786 J1.264 E.02051
G1 X82.558 Y105.041 E.17361
G1 X82.558 Y105.492 E.01926
G1 X86.494 Y105.492 E.16818
G1 X86.367 Y105.943 E.02001
G1 X82.558 Y105.943 E.16275
G1 X82.558 Y106.394 E.01926
G1 X86.254 Y106.394 E.1579
G1 X86.164 Y106.845 E.01964
G1 X82.558 Y106.845 E.15407
G1 X82.558 Y107.295 E.01926
G1 X82.984 Y107.295 E.01817
G1 E-1.75 F6000
;WIPE_START
G1 F3000
G1 X82.558 Y107.295 E-.31899
G1 X82.558 Y106.845 E-.33808
G1 X82.682 Y106.845 E-.09292
;WIPE_END
G1 X92.081 Y98.386 F18000
G1 X93.022 Y97.644
G1 X94.02 Y96.977
G1 X95.066 Y96.391
G1 X96.155 Y95.889
G1 X97.28 Y95.474
G1 X98.434 Y95.149
G1 X99.611 Y94.915
G1 X100.802 Y94.774
G1 X102 Y94.727
G1 X103.198 Y94.774
G1 X104.389 Y94.915
G1 X105.566 Y95.149
G1 X105.915 Y95.247
G1 X106.214 Y95.332
G1 X106.4 Y94.674
G1 E2.5 F6000
G1 F3000
G1 X137.442 Y94.674 E1.32641
G1 X137.442 Y95.124 E.01926
G1 X108.301 Y95.124 E1.24518
G1 X109.279 Y95.575 E.046
G1 X137.442 Y95.575 E1.2034
G1 X137.442 Y96.026 E.01926
G1 X110.094 Y96.026 E1.16857
G3 X110.825 Y96.477 I-2.496 J4.867 E.03674
G1 X137.442 Y96.477 E1.13732
G1 X137.442 Y96.927 E.01926
G1 X111.499 Y96.927 E1.10851
G1 X112.071 Y97.378 E.03111
G1 X137.442 Y97.378 E1.08407
G1 X137.442 Y97.829 E.01926
G1 X112.621 Y97.829 E1.06057
G1 X113.109 Y98.28 E.02837
G1 X137.442 Y98.28 E1.03974
G1 X137.442 Y98.731 E.01926
G1 X113.572 Y98.731 E1.01996
G1 X113.989 Y99.181 E.02623
G1 X137.442 Y99.181 E1.00215
G1 X137.442 Y99.632 E.01926
G1 X114.388 Y99.632 E.98508
G1 X114.743 Y100.083 E.02453
G1 X137.442 Y100.083 E.9699
G1 X137.442 Y100.534 E.01926
G1 X115.095 Y100.534 E.95488
G1 X115.396 Y100.984 E.02317
G1 X137.442 Y100.984 E.94201
G1 X137.442 Y101.435 E.01926
G1 X115.697 Y101.435 E.92914
G3 X115.963 Y101.886 I-2.731 J1.913 E.02238
G1 X137.442 Y101.886 E.91779
G1 X137.442 Y102.337 E.01926
G1 X116.215 Y102.337 E.907
G3 X116.455 Y102.788 I-2.744 J1.751 E.02185
G1 X137.442 Y102.788 E.89674
G1 X137.442 Y103.238 E.01926
G1 X116.663 Y103.238 E.88786
G1 X116.871 Y103.689 E.02121
G1 X137.442 Y103.689 E.87898
G1 X137.442 Y104.14 E.01926
G1 X117.049 Y104.14 E.87137
G1 X117.215 Y104.591 E.02053
G1 X137.442 Y104.591 E.86427
G1 X137.442 Y105.041 E.01926
G1 X117.379 Y105.041 E.85729
G1 X117.506 Y105.492 E.02001
G1 X137.442 Y105.492 E.85186
G1 X137.442 Y105.943 E.01926
G1 X117.633 Y105.943 E.84643
G3 X117.746 Y106.394 I-2.807 J.945 E.01988
G1 X137.442 Y106.394 E.84158
G1 X137.442 Y106.845 E.01926
G1 X117.63 Y106.845 E.84655
G1 E-1.75 F6000
;WIPE_START
G1 F3000
G1 X118.63 Y106.845 E-.75
;WIPE_END
G1 X121.017 Y107.295 F18000
G1 E2.5 F6000
G1 F3000
G1 X137.442 Y107.295 E.70184
G1 X137.442 Y107.746 E.01926
G1 X121.913 Y107.746 E.66352
G3 X122.266 Y108.197 I-1.642 J1.646 E.02451
G1 X137.442 Y108.197 E.64847
G1 X137.442 Y108.648 E.01926
G1 X122.518 Y108.648 E.63768
G3 X122.677 Y109.098 I-1.829 J.898 E.02047
G1 X137.442 Y109.098 E.63089
G1 X137.442 Y109.549 E.01926
G1 X122.77 Y109.549 E.62692
G3 X122.8 Y110 I-1.408 J.321 E.01938
G1 X137.442 Y110 E.62563
G1 X137.442 Y110.451 E.01926
G1 X122.77 Y110.451 E.62692
G3 X122.677 Y110.902 I-1.47 J-.068 E.01975
G1 X137.442 Y110.902 E.63089
G1 X137.442 Y111.352 E.01926
G1 X122.515 Y111.352 E.63782
G1 X122.269 Y111.803 E.02193
G1 X137.442 Y111.803 E.64831
G1 X137.442 Y112.254 E.01926
G1 X121.913 Y112.254 E.66352
G3 X121.392 Y112.705 I-1.684 J-1.421 E.02957
G1 X137.442 Y112.705 E.6858
G1 X137.442 Y113.155 E.01926
G1 X117.836 Y113.155 E.83775
G1 X117.746 Y113.606 E.01964
G1 X137.442 Y113.606 E.84158
G1 X137.442 Y114.057 E.01926
G1 X117.633 Y114.057 E.84643
G1 X117.506 Y114.508 E.02001
G1 X137.442 Y114.508 E.85186
G1 X137.442 Y114.959 E.01926
G1 X117.379 Y114.959 E.85729
G3 X117.215 Y115.409 I-2.946 J-.812 E.02051
G1 X137.442 Y115.409 E.86427
G1 X137.442 Y115.86 E.01926
G1 X117.049 Y115.86 E.87137
G3 X116.871 Y116.311 I-2.953 J-.905 E.02073
G1 X137.442 Y116.311 E.87898
G1 X137.442 Y116.762 E.01926
G1 X116.663 Y116.762 E.88786
G1 X116.455 Y117.212 E.02121
G1 X137.442 Y117.212 E.89674
G1 X137.442 Y117.663 E.01926
G1 X116.215 Y117.663 E.907
G1 X115.963 Y118.114 E.02208
G1 X137.442 Y118.114 E.91779
G1 X137.442 Y118.565 E.01926
G1 X115.697 Y118.565 E.92914
G1 X115.396 Y119.016 E.02317
G1 X137.442 Y119.016 E.94201
G1 X137.442 Y119.466 E.01926
G1 X115.095 Y119.466 E.95488
G3 X114.743 Y119.917 I-3.04 J-2.008 E.02445
G1 X137.442 Y119.917 E.9699
G1 X137.442 Y120.368 E.01926
G1 X114.388 Y120.368 E.98508
G3 X113.989 Y120.819 I-3.063 J-2.311 E.02576
G1 X137.442 Y120.819 E1.00215
G1 X137.442 Y121.269 E.01926
G1 X113.572 Y121.269 E1.01996
G3 X113.109 Y121.72 I-3.098 J-2.718 E.02764
G1 X137.442 Y121.72 E1.03974
G1 X137.442 Y122.171 E.01926
G1 X112.621 Y122.171 E1.06057
G3 X112.071 Y122.622 I-3.136 J-3.265 E.03042
G1 X137.442 Y122.622 E1.08407
G1 X137.442 Y123.073 E.01926
G1 X111.499 Y123.073 E1.10851
G1 X110.911 Y123.466 E.03022
G1 X110.951 Y123.481 E.00183
G1 X110.935 Y123.523 E.00194
G1 X137.442 Y123.523 E1.13261
G1 X137.442 Y123.974 E.01926
G1 X110.764 Y123.974 E1.13994
G1 X110.738 Y124.042 E.00309
G1 X113.808 Y124.042 E.13119
G1 X113.808 Y124.425 E.01638
G1 X137.442 Y124.425 E1.00985
G1 X137.442 Y124.876 E.01926
G1 X113.808 Y124.876 E1.00985
G1 X113.808 Y125.326 E.01926
G1 X137.442 Y125.326 E1.00985
G1 X137.442 Y125.777 E.01926
G1 X113.808 Y125.777 E1.00985
G1 X113.808 Y126.228 E.01926
G1 X137.442 Y126.228 E1.00985
G1 X137.442 Y126.679 E.01926
G1 X113.808 Y126.679 E1.00985
G1 X113.808 Y127.13 E.01926
G1 X137.442 Y127.13 E1.00985
G1 X137.442 Y127.58 E.01926
G1 X113.808 Y127.58 E1.00985
G1 X113.808 Y128.031 E.01926
G1 X137.442 Y128.031 E1.00985
G1 X137.442 Y128.482 E.01926
G1 X113.808 Y128.482 E1.00985
G1 X113.808 Y128.933 E.01926
G1 X137.442 Y128.933 E1.00985
G1 X137.442 Y129.383 E.01926
G1 X113.808 Y129.383 E1.00985
G1 X113.808 Y129.834 E.01926
G1 X137.442 Y129.834 E1.00985
G1 X137.442 Y130.285 E.01926
G1 X113.808 Y130.285 E1.00985
G1 X113.808 Y130.658 E.01595
G1 X113.558 Y130.658 E.01068
G1 X113.558 Y130.736 E.00331
G1 X137.442 Y130.736 E1.02053
G1 X137.442 Y131.187 E.01926
G1 X113.558 Y131.187 E1.02053
G1 X113.558 Y131.637 E.01926
G1 X137.442 Y131.637 E1.02053
G1 X137.442 Y132.088 E.01926
G1 X113.558 Y132.088 E1.02053
G1 X113.558 Y132.539 E.01926
G1 X137.442 Y132.539 E1.02053
G1 X137.442 Y132.99 E.01926
G1 X113.558 Y132.99 E1.02053
G1 X113.558 Y133.44 E.01926
G1 X137.643 Y133.44 E1.02915
G1 E-1.75 F6000
;WIPE_START
G1 F3000
G1 X136.643 Y133.44 E-.75
;WIPE_END
G1 X117.906 Y112.93 F18000
G1 E2.5 F6000
;TYPE:Gap infill
;WIDTH:0.109565
G1 F3000
G1 X117.809 Y112.715 E.0013
G1 E-2.02727 F6000
;WIPE_START
G1 F3000
G1 X117.906 Y112.93 E-.47273
;WIPE_END
G1 X121.197 Y112.835 F18000
G1 E2.5 F6000
;WIDTH:0.135161
G1 F3000
G3 X120.866 Y112.908 I-1.399 J-5.551 E.00269
G1 E-1.82131 F6000
;WIPE_START
G1 F3000
G1 X121.197 Y112.835 E-.67869
;WIPE_END
G1 X120.766 Y112.066 F18000
G1 X120.6 Y112.159
G1 X120.427 Y112.239
G1 X120.249 Y112.305
G1 X120.066 Y112.356
G1 X119.888 Y112.392
G1 X119.692 Y112.416
G1 X119.5 Y112.423
G1 X119.31 Y112.416
G1 X119.121 Y112.394
G1 X118.934 Y112.356
G1 X118.751 Y112.305
G1 X118.573 Y112.239
G1 X118.4 Y112.159
G1 X118.242 Y112.071
G1 X118.077 Y111.962
G1 X117.926 Y111.843
G1 X117.786 Y111.714
G1 X117.684 Y111.551
G1 X117.604 Y111.378
G1 X117.536 Y111.204
G1 X117.479 Y111.03
G1 X117.434 Y110.856
G1 X117.398 Y110.683
G1 X117.371 Y110.511
G1 X117.354 Y110.34
G1 X117.344 Y110.17
G1 X117.343 Y110
G1 X117.344 Y109.83
G1 X117.354 Y109.659
G1 X117.373 Y109.48
G1 X117.398 Y109.317
G1 X117.434 Y109.144
G1 X116.851 Y106.434
G1 X116.526 Y105.28
G1 X116.111 Y104.155
G1 X115.609 Y103.066
G1 X115.023 Y102.02
G1 X114.356 Y101.023
G1 X113.614 Y100.081
G1 X112.8 Y99.2
G1 X111.919 Y98.386
G1 X108.092 Y95.023
G1 E2.5 F6000
;WIDTH:0.243473
G1 F3000
G1 X107.949 Y94.998 E.00265
;WIDTH:0.204002
G1 X107.806 Y94.972 E.0021
;WIDTH:0.164531
G1 X107.663 Y94.947 E.00156
;WIDTH:0.144795
G1 X107.519 Y94.921 E.00129
G1 E-2.20902 F6000
;WIPE_START
G1 F3000
G1 X107.663 Y94.947 E-.29098
;WIPE_END
G1 X106.4 Y94.513 F18000
G1 E2.5 F6000
;WIDTH:0.150373
G1 F3000
G1 X106.25 Y94.492 E.00142
;WIDTH:0.135357
G1 X106.099 Y94.471 E.00121
G1 E-2.19645 F6000
;WIPE_START
G1 F3000
G1 X106.25 Y94.492 E-.30355
;WIPE_END
G1 X97.901 Y94.471 F18000
G1 E2.5 F6000
;WIDTH:0.127921
G1 F3000
G1 X97.702 Y94.499 E.00146
;WIDTH:0.173115
G1 X97.503 Y94.526 E.00232
;WIDTH:0.218309
G1 X97.304 Y94.554 E.00318
;WIDTH:0.240906
G1 X97.104 Y94.582 E.00361
G1 E-2.09808 F6000
;WIPE_START
G1 F3000
G1 X97.304 Y94.554 E-.40192
;WIPE_END
G1 X93.656 Y96.271 F18000
G1 E2.5 F6000
;WIDTH:0.118648
G1 F3000
G2 X93.372 Y96.35 I1.872 J7.294 E.00188
G1 E-1.91072 F6000
;WIPE_START
G1 F3000
G1 X93.656 Y96.271 E-.58928
;WIPE_END
G1 X94.044 Y96.964 F18000
G1 X94.02 Y96.977
G1 X93.022 Y97.644
G1 X92.081 Y98.386
G1 X91.2 Y99.2
G1 X90.386 Y100.081
G1 X89.644 Y101.022
G1 X88.977 Y102.02
G1 X88.391 Y103.066
G1 X87.889 Y104.155
G1 X87.474 Y105.28
G1 X87.149 Y106.434
G1 X86.985 Y107.255
G1 X86.972 Y107.322
G1 X86.213 Y107.171
G1 E2.5 F6000
;WIDTH:0.137937
G1 F3000
G2 X85.866 Y107.092 I-1.111 J4.055 E.00292
G1 E-1.78641 F6000
;WIPE_START
G1 F3000
G1 X86.213 Y107.171 E-.71359
;WIPE_END
G1 X83.134 Y107.092 F18000
G1 E2.5 F6000
;WIDTH:0.120555
G1 F3000
G1 X83.027 Y107.113 E.00072
G1 X82.984 Y107.189 E.00057
; stop printing object base_plate.stl id:0 copy 0
;LAYER_CHANGE
;Z:0.44
;HEIGHT:0.2
G92 E0 ; zero the extruded length again
; BEFORE_LAYER_CHANGE 1 @ 0.44mm
G1 E-2.1073 F6000
;WIPE_START
G1 F3000
G1 X83.027 Y107.113 E-.17418
G1 X83.134 Y107.092 E-.21853
;WIPE_END
; AFTER_LAYER_CHANGE 1 @ 0.44mm
;_SET_FAN_SPEED_CHANGING_LAYER
M204 P2000
M104 S230 ; set nozzle temperature
; printing object base_plate.stl id:0 copy 0
G1 X85.23 Y107.754 Z.64 F18000
G1 X85.404 Y107.818
G1 X85.572 Y107.896
G1 X85.734 Y107.987
G1 X85.888 Y108.09
G1 X86.034 Y108.204
G1 X86.914 Y108.973
G1 X86.874 Y111.52
G1 X86.976 Y112.38
G1 X87.209 Y113.551
G1 X87.533 Y114.701
G1 X87.947 Y115.821
G1 X88.447 Y116.906
G1 X89.03 Y117.948
G1 X89.694 Y118.941
G1 X90.433 Y119.879
G1 X91.244 Y120.756
G1 X92.121 Y121.567
G1 X93.059 Y122.306
G1 X94.052 Y122.97
G1 X95.094 Y123.553
G1 X96.179 Y124.053
G1 X97.3 Y124.467
G1 X98.449 Y124.791
G1 X99.62 Y125.024
G1 X100.807 Y125.164
G1 X102 Y125.211
G1 X103.193 Y125.164
G1 X104.38 Y125.024
G1 X105.551 Y124.791
G1 X106.701 Y124.467
G1 X107.821 Y124.053
G1 X108.906 Y123.553
G1 X109.948 Y122.97
G1 X137.985 Y134.389
G1 X138.389 Y134.389
G1 X138.79 Y134.79
G1 Z.44
G1 E2.5 F6000
M204 P1000
;TYPE:Outer wall
;WIDTH:0.42
G1 F3600
G1 X112.21 Y134.79 E.79173
G1 X112.21 Y129.31 E.16323
G1 X112.46 Y129.31 E.00745
G1 X112.46 Y125.39 E.11676
G1 X107.54 Y125.39 E.14655
G1 X107.54 Y129.31 E.11676
G1 X107.79 Y129.31 E.00745
G1 X107.79 Y134.79 E.16323
G1 X81.21 Y134.79 E.79173
G1 X81.21 Y85.21 E1.47682
G1 X138.79 Y85.21 E1.71511
G1 X138.79 Y134.73 E1.47503
G1 X138.389 Y134.389 F18000
G1 X138.389 Y134.389
G1 X138.398 Y134.398
M204 P1500
;TYPE:Inner wall
;WIDTH:0.45
G1 F6000
G1 X112.602 Y134.398 E.8295
G1 X112.602 Y129.702 E.151
G1 X112.852 Y129.702 E.00804
G1 X112.852 Y124.998 E.15127
G1 X107.148 Y124.998 E.18342
G1 X107.148 Y129.702 E.15127
G1 X107.398 Y129.702 E.00804
G1 X107.398 Y134.398 E.151
G1 X81.602 Y134.398 E.8295
G1 X81.602 Y85.602 E1.5691
G1 X138.398 Y85.602 E1.82635
G1 X138.398 Y134.338 E1.56717
G1 X137.991 Y133.991 F18000
G1 F6000
G1 X113.009 Y133.991 E.80332
G1 X113.009 Y130.109 E.12482
G1 X113.259 Y130.109 E.00804
G1 X113.259 Y124.591 E.17745
G1 X108.065 Y124.591 E.16701
G1 X108.023 Y124.399 E.00632
G1 X109.087 Y123.909 E.03766
G1 X110.156 Y123.31 E.03941
G1 X111.175 Y122.629 E.03941
G1 X112.138 Y121.87 E.03941
G1 X113.038 Y121.038 E.03942
G1 X113.87 Y120.138 E.03941
G1 X114.629 Y119.175 E.03941
G1 X115.31 Y118.156 E.03941
G1 X115.909 Y117.087 E.03941
G1 X116.422 Y115.974 E.03941
G1 X116.846 Y114.824 E.03941
G1 X117.179 Y113.644 E.03941
G1 X117.418 Y112.442 E.03941
G1 X117.483 Y111.891 E.01783
G2 X117.483 Y108.109 I2.009 J-1.891 E.42349
G1 X117.418 Y107.558 E.01783
G1 X117.179 Y106.356 E.03941
G1 X116.846 Y105.176 E.03941
G1 X116.422 Y104.026 E.03941
G1 X115.909 Y102.913 E.03941
G1 X115.31 Y101.844 E.03941
G1 X114.629 Y100.825 E.03941
G1 X113.87 Y99.862 E.03941
G1 X113.038 Y98.962 E.03941
G1 X112.138 Y98.13 E.03942
G1 X111.175 Y97.371 E.03941
G1 X110.156 Y96.69 E.03941
G1 X109.087 Y96.091 E.03941
G1 X107.974 Y95.578 E.03941
G1 X106.824 Y95.154 E.03941
G1 X105.644 Y94.821 E.03941
G1 X104.442 Y94.582 E.03941
G1 X103.225 Y94.438 E.03941
G1 X102 Y94.39 E.03941
G1 X100.775 Y94.438 E.03941
G1 X99.558 Y94.582 E.03941
G1 X98.356 Y94.821 E.03942
G1 X97.176 Y95.154 E.03941
G1 X96.026 Y95.578 E.03941
G1 X94.913 Y96.091 E.03942
G1 X93.844 Y96.69 E.03941
G1 X92.825 Y97.371 E.03941
G1 X91.862 Y98.13 E.03941
G1 X90.962 Y98.962 E.03941
G1 X90.13 Y99.862 E.03941
G1 X89.371 Y100.825 E.03941
G1 X88.69 Y101.844 E.03941
G1 X88.091 Y102.913 E.03941
G1 X87.578 Y104.026 E.03941
G1 X87.154 Y105.176 E.03941
G1 X86.821 Y106.356 E.03941
G1 X86.582 Y107.558 E.03941
G1 X86.517 Y108.109 E.01783
G2 X82.182 Y108.504 I-2.012 J1.9 E.16106
G1 X82.009 Y108.452 E.00582
G1 X82.009 Y86.009 E.72167
G1 X137.991 Y86.009 E1.80017
G1 X137.991 Y133.931 E1.54099
G1 E-1.75
;WIPE_START
G1 X136.991 Y133.933 E-.75
;WIPE_END
G1 X136.991 Y134.389 Z.64 F18000
G1 X109.193 Y123.392
G1 X108.906 Y123.553
G1 X107.821 Y124.053
G1 X106.701 Y124.467
G1 X105.551 Y124.791
G1 X104.38 Y125.024
G1 X103.193 Y125.164
G1 X102 Y125.211
G1 X100.807 Y125.164
G1 X99.62 Y125.024
G1 X98.449 Y124.791
G1 X97.3 Y124.467
G1 X96.179 Y124.053
G1 X95.094 Y123.553
G1 X94.052 Y122.97
G1 X93.059 Y122.306
G1 X92.121 Y121.567
G1 X91.244 Y120.756
G1 X90.433 Y119.879
G1 X89.694 Y118.941
G1 X89.03 Y117.948
G1 X88.447 Y116.906
G1 X87.947 Y115.821
G1 X87.533 Y114.701
G1 X87.297 Y113.864
G1 X84.537 Y112.36
G1 X84.553 Y112.756
G1 Z.44
G1 E2.5 F6000
G1 X84.931 Y112.719 E.0122
G2 X86.517 Y111.891 I-.426 J-2.749 E.05858
G1 X86.582 Y112.442 E.01783
G1 X86.821 Y113.644 E.03941
G1 X87.154 Y114.824 E.03941
G1 X87.578 Y115.974 E.03941
G1 X88.091 Y117.087 E.03941
G1 X88.69 Y118.156 E.03941
G1 X89.371 Y119.175 E.03941
G1 X90.13 Y120.138 E.03941
G1 X90.962 Y121.038 E.03941
G1 X91.862 Y121.87 E.03941
G1 X92.825 Y122.629 E.03941
G1 X93.844 Y123.31 E.03941
G1 X94.913 Y123.909 E.03941
G1 X96.026 Y124.422 E.03942
G1 X97.176 Y124.846 E.03941
G1 X98.356 Y125.179 E.03941
G1 X99.558 Y125.418 E.03942
G1 X100.775 Y125.562 E.03941
G1 X102 Y125.61 E.03941
G1 X103.225 Y125.562 E.03941
G1 X104.442 Y125.418 E.03941
G1 X105.644 Y125.179 E.03941
G1 X106.741 Y124.869 E.03664
G1 X106.741 Y130.109 E.16849
G1 X106.991 Y130.109 E.00804
G1 X106.991 Y133.991 E.12482
G1 X82.009 Y133.991 E.80332
G1 X82.009 Y111.548 E.72167
G1 X82.182 Y111.496 E.00582
G1 X82.267 Y111.622 E.0049
G2 X84.493 Y112.752 I2.238 J-1.652 E.08324
M204 T1000
G1 X84.5 Y112.361 F18000
G1 X84.533 Y112.36
G1 X84.517 Y111.96
M204 P1000
;TYPE:Outer wall
;WIDTH:0.42
G1 F3600
G1 X84.653 Y111.948 E.00408
G2 X84.652 Y108.046 I-.153 J-1.951 E.17407
G2 X84.346 Y108.046 I-.151 J2.274 E.00912
G2 X84.458 Y111.954 I.154 J1.951 E.17728
M204 T2000
G1 E-1.75 F6000
;WIPE_START
G1 F3600
G1 X84.653 Y111.948 E-.14667
G1 X84.958 Y111.906 E-.23037
G1 X85.25 Y111.811 E-.23066
G1 X85.419 Y111.725 E-.1423
;WIPE_END
G1 X85.617 Y112.079 Z.64 F18000
G1 X89.03 Y117.948
G1 X89.694 Y118.941
G1 X90.433 Y119.879
G1 X91.244 Y120.756
G1 X92.121 Y121.567
G1 X93.059 Y122.306
G1 X94.052 Y122.97
G1 X95.094 Y123.553
G1 X96.179 Y124.053
G1 X97.3 Y124.467
G1 X98.449 Y124.791
G1 X99.62 Y125.024
G1 X100.807 Y125.164
G1 X101.671 Y125.198
G1 X101.984 Y125.211
G1 X102 Y124.799
G1 Z.44
G1 E2.5 F6000
G1 F3600
G2 X102 Y95.19 I0 J-14.805 E1.38536
G1 X101.73 Y95.2 E.00805
G1 X100.838 Y95.235 E.02659
G2 X101.94 Y124.799 I1.162 J14.759 E1.34895
G1 E-1.75 F6000
;WIPE_START
G1 F3600
G1 X102.94 Y124.771 E-.75
;WIPE_END
G1 X102.955 Y125.174 Z.64 F18000
G1 X103.193 Y125.164
G1 X104.38 Y125.024
G1 X105.551 Y124.791
G1 X106.701 Y124.467
G1 X107.821 Y124.053
G1 X108.906 Y123.553
G1 X109.948 Y122.97
G1 X110.941 Y122.306
G1 X111.879 Y121.567
G1 X112.756 Y120.756
G1 X113.567 Y119.879
G1 X114.306 Y118.941
G1 X114.97 Y117.948
G1 X115.553 Y116.906
G1 X116.053 Y115.821
G1 X116.467 Y114.701
G1 X116.62 Y114.158
G1 X119.441 Y112.359
G1 X119.457 Y111.957
G1 Z.44
G1 E2.5 F6000
G1 F3600
G1 X119.5 Y111.954 E.00129
G2 X119.652 Y108.046 I0 J-1.957 E.17865
G2 X119.346 Y108.046 I-.151 J2.273 E.00912
G2 X119.194 Y111.93 I.154 J1.951 E.1694
G1 X119.397 Y111.951 E.00607
G1 E-1.75 F6000
;WIPE_START
G1 F3600
G1 X119.5 Y111.954 E-.07722
G1 X119.807 Y111.936 E-.23039
G1 X120.106 Y111.864 E-.23073
G1 X120.25 Y111.811 E-.11538
G1 X120.364 Y111.753 E-.09628
;WIPE_END
G1 X120.534 Y112.121 Z.64 F18000
G1 X113.567 Y119.879
G1 X112.756 Y120.756
G1 X111.879 Y121.567
G1 X110.941 Y122.306
G1 X109.948 Y122.97
G1 X108.906 Y123.553
G1 X107.821 Y124.053
G1 X106.701 Y124.467
G1 X105.551 Y124.791
G1 X104.38 Y125.024
G1 X103.193 Y125.164
G1 X102 Y125.211
G1 X101.985 Y125.211
G1 X101.985 Y125.202
G1 Z.44
G1 E2.5 F6000
M204 P1500
;TYPE:Inner wall
;WIDTH:0.45
G1 X102 Y125.2 E.00048
G2 X117.164 Y110.994 I-.003 J-15.199 E.73566
G1 X117.352 Y110.957 E.00619
G2 X117.352 Y109.043 I2.145 J-.957 E.4111
G1 X117.164 Y109.006 E.00619
G1 X117.156 Y108.807 E.00639
G2 X101.715 Y94.809 I-15.146 J1.192 E.73855
G1 X100.807 Y94.844 E.0292
G2 X86.836 Y109.006 I1.221 J15.176 E.6971
G1 X86.648 Y109.043 E.00619
G2 X86.648 Y110.957 I-2.145 J.957 E.41109
G1 X86.836 Y110.994 E.00619
G1 X86.844 Y111.193 E.00639
G2 X100.807 Y125.153 I15.152 J-1.192 E.69107
G1 X101.925 Y125.2 E.03598
G1 X106.397 Y125.315 F18000
M204 P2000
;TYPE:Internal solid infill
;WIDTH:0.38292
G1 F6000
G1 X106.333 Y125.352 E.00198
G1 X106.382 Y125.38 E.00151
G1 X106.944 Y124.693 F18000
;TYPE:Gap infill
;WIDTH:0.339901
G1 F6000
G1 X107.169 Y124.653 E.00536
;WIDTH:0.364737
G1 X107.394 Y124.612 E.00581
;WIDTH:0.41441
G1 X107.619 Y124.572 E.00671
;WIDTH:0.464082
G1 F5998.445
G1 X107.844 Y124.532 E.0076
G1 X108.628 Y124.38 F18000
;WIDTH:0.36034
G1 F6000
G1 X109.583 Y124.15 E.02464
G1 X109.907 Y123.881 F18000
;TYPE:Internal solid infill
;WIDTH:0.391044
G1 F6000
G1 X109.978 Y124.147 E.00756
G1 X110.379 Y124.427 F18000
;WIDTH:0.421778
G1 F6000
G1 X110.379 Y123.562 E.0259
G1 X110.758 Y123.309 E.01364
G1 X110.758 Y124.258 E.0284
G1 X111.137 Y124.258 E.01134
G1 X111.137 Y123.055 E.03598
G2 X111.515 Y122.785 I-1.531 J-2.545 E.01395
G1 X111.515 Y124.258 E.04407
G1 X111.894 Y124.258 E.01134
G1 X111.894 Y122.486 E.05301
G1 X112.273 Y122.188 E.01444
G1 X112.273 Y124.258 E.06195
G1 X112.652 Y124.258 E.01134
G1 X112.652 Y121.849 E.0721
G1 X113.031 Y121.498 E.01544
G1 X113.031 Y124.258 E.08258
G1 X113.41 Y124.258 E.01134
G1 X113.41 Y121.127 E.0937
G1 X113.789 Y120.717 E.0167
G1 X113.789 Y133.658 E.38728
G1 X114.167 Y133.658 E.01134
G1 X114.167 Y120.299 E.39979
G1 X114.546 Y119.818 E.01831
G1 X114.546 Y133.658 E.41417
G1 X114.925 Y133.658 E.01134
G1 X114.925 Y119.332 E.42873
G1 X115.304 Y118.765 E.02041
G1 X115.304 Y133.658 E.4457
G1 X115.683 Y133.658 E.01134
G1 X115.683 Y118.172 E.46344
G1 X116.062 Y117.495 E.0232
G1 X116.062 Y133.658 E.48369
G1 X116.441 Y133.658 E.01134
G1 X116.441 Y116.729 E.50663
G2 X116.819 Y115.859 I-5.34 J-2.842 E.02844
G1 X116.819 Y133.658 E.53267
G1 X117.198 Y133.658 E.01134
G1 X117.198 Y114.802 E.56428
G1 X117.503 Y113.722 E.03359
G1 X117.577 Y113.349 E.01138
G1 X117.577 Y133.658 E.60778
G1 X117.956 Y133.658 E.01134
G1 X117.956 Y112.738 E.62606
G1 X118.064 Y112.738 E.00323
G2 X118.335 Y112.856 I.516 J-.812 E.00888
G1 X118.335 Y133.658 E.62252
G1 X118.714 Y133.658 E.01134
G1 X118.714 Y112.984 E.61871
G2 X119.093 Y113.062 I.437 J-1.156 E.01163
G1 X119.093 Y133.658 E.61636
G1 X119.471 Y133.658 E.01134
G1 X119.471 Y113.092 E.61547
G1 X119.85 Y113.067 E.01136
G1 X119.85 Y133.658 E.61622
G1 X120.229 Y133.658 E.01134
G1 X120.229 Y112.997 E.6183
G2 X120.608 Y112.88 I-.181 J-1.255 E.01192
G1 X120.608 Y133.658 E.62181
G1 X120.987 Y133.658 E.01134
G1 X120.987 Y112.707 E.627
G1 X121.366 Y112.463 E.01348
G1 X121.366 Y133.658 E.63429
G1 X121.745 Y133.658 E.01134
G1 X121.745 Y112.122 E.64451
G2 X122.123 Y111.623 I-1.385 J-1.445 E.01882
G1 X122.123 Y133.827 E.66452
G1 X113.41 Y133.827 F18000
G1 F6000
G1 X113.41 Y130.273 E.10638
G1 X112.861 Y129.711 F18000
G1 X112.861 Y124.989
G1 X107.139 Y124.989
G1 X107.139 Y129.711
G1 X107.389 Y134.389
G1 X106.656 Y134.389
G1 X106.656 Y133.827
;WIDTH:0.4228
G1 F6000
G1 X106.656 Y130.442 E.10157
G1 X106.408 Y130.442 E.00746
G1 X106.408 Y125.513 E.14791
G1 X106.276 Y125.513 E.00394
G1 X106.276 Y133.658 E.24439
G1 X105.896 Y133.658 E.0114
G1 X105.896 Y125.513 E.24439
G2 X105.516 Y125.544 I-.113 J.97 E.01151
G1 X105.516 Y133.658 E.24347
G1 X105.137 Y133.658 E.0114
G1 X105.137 Y125.619 E.24121
G1 X104.757 Y125.695 E.01162
G1 X104.757 Y133.658 E.23894
G1 X104.377 Y133.658 E.0114
G1 X104.377 Y125.761 E.23696
G1 X103.997 Y125.806 E.01148
G1 X103.997 Y133.658 E.23561
G1 X103.617 Y133.658 E.0114
G1 X103.617 Y125.851 E.23426
G3 X103.237 Y125.895 I-.469 J-2.391 E.01149
G1 X103.237 Y133.658 E.23294
G1 X102.857 Y133.658 E.0114
G1 X102.857 Y125.91 E.23249
G1 X102.477 Y125.925 E.01141
G1 X102.477 Y133.658 E.23204
G1 X102.098 Y133.658 E.0114
G1 X102.098 Y125.94 E.2316
G3 X101.718 Y125.932 I-.144 J-2.417 E.01141
G1 X101.718 Y133.658 E.23181
G1 X101.338 Y133.658 E.0114
G1 X101.338 Y125.918 E.23226
G1 X100.958 Y125.903 E.01141
G1 X100.958 Y133.658 E.23271
G1 X100.578 Y133.658 E.0114
G1 X100.578 Y125.874 E.23356
G1 X100.198 Y125.829 E.01148
G1 X100.198 Y133.658 E.23491
G1 X99.818 Y133.658 E.0114
G1 X99.818 Y125.784 E.23626
G3 X99.438 Y125.734 I.13 J-2.439 E.01151
G1 X99.438 Y133.658 E.23777
G1 X99.059 Y133.658 E.0114
G1 X99.059 Y125.658 E.24004
G1 X98.679 Y125.583 E.01162
G1 X98.679 Y133.658 E.24231
G1 X98.299 Y133.658 E.0114
G1 X98.299 Y125.507 E.24458
G3 X97.919 Y125.402 I.479 J-2.463 E.01184
G1 X97.919 Y133.658 E.24774
G1 X97.539 Y133.658 E.0114
G1 X97.539 Y125.295 E.25096
G1 X97.159 Y125.187 E.01184
G1 X97.159 Y133.658 E.25417
G1 X96.779 Y133.658 E.0114
G1 X96.779 Y125.055 E.25815
G1 X96.399 Y124.915 E.01215
G1 X96.399 Y133.658 E.26236
G1 X96.019 Y133.658 E.0114
G1 X96.019 Y124.775 E.26656
G3 X95.64 Y124.611 I.851 J-2.493 E.01243
G1 X95.64 Y133.658 E.27148
G1 X95.26 Y133.658 E.0114
G1 X95.26 Y124.435 E.27674
G1 X94.88 Y124.26 E.01255
G1 X94.88 Y133.658 E.28199
G1 X94.5 Y133.658 E.0114
G1 X94.5 Y124.059 E.28803
G1 X94.12 Y123.846 E.01307
G1 X94.12 Y133.658 E.29441
G1 X93.74 Y133.658 E.0114
G1 X93.74 Y123.634 E.3008
G3 X93.36 Y123.387 I1.374 J-2.536 E.0136
G1 X93.36 Y133.658 E.30818
G1 X92.98 Y133.658 E.0114
G1 X92.98 Y123.134 E.3158
G3 X92.601 Y122.876 I1.445 J-2.544 E.01378
G1 X92.601 Y133.658 E.32352
G1 X92.221 Y133.658 E.0114
G1 X92.221 Y122.577 E.3325
G1 X91.841 Y122.278 E.01452
G1 X91.841 Y133.658 E.34149
G1 X91.461 Y133.658 E.0114
G1 X91.461 Y121.953 E.35123
G1 X91.081 Y121.602 E.01552
G1 X91.081 Y133.658 E.36177
G1 X90.701 Y133.658 E.0114
G1 X90.701 Y121.247 E.37243
G1 X90.321 Y120.836 E.01679
G1 X90.321 Y133.658 E.38476
G1 X89.941 Y133.658 E.0114
G1 X89.941 Y120.425 E.39709
G3 X89.562 Y119.955 I2.79 J-2.645 E.01815
G1 X89.562 Y133.658 E.41118
G1 X89.182 Y133.658 E.0114
G1 X89.182 Y119.473 E.42564
G3 X88.802 Y118.923 I3.309 J-2.691 E.02008
G1 X88.802 Y133.658 E.44216
G1 X88.422 Y133.658 E.0114
G1 X88.422 Y118.354 E.45921
G1 X88.042 Y117.681 E.02321
G1 X88.042 Y133.658 E.47943
G1 X87.662 Y133.658 E.0114
G1 X87.662 Y116.952 E.50131
G1 X87.282 Y116.128 E.02723
G1 X87.282 Y133.658 E.52603
G1 X86.902 Y133.658 E.0114
G1 X86.902 Y115.105 E.55674
G1 X86.837 Y114.927 E.00568
G1 X86.523 Y113.813 E.03474
G1 X86.522 Y133.658 E.59551
G1 X86.143 Y133.658 E.0114
G1 X86.143 Y112.611 E.63155
G3 X85.763 Y112.822 I-1.077 J-1.496 E.01306
G1 X85.763 Y133.658 E.62524
G1 X85.383 Y133.658 E.0114
G1 X85.383 Y112.96 E.62108
G1 X85.003 Y113.052 E.01172
G1 X85.003 Y133.658 E.61834
G1 X84.623 Y133.658 E.0114
G1 X84.623 Y113.085 E.61735
G3 X84.243 Y113.082 I-.172 J-2.92 E.01141
G1 X84.243 Y133.658 E.61742
G1 X83.863 Y133.658 E.0114
G1 X83.863 Y113.02 E.61929
G3 X83.483 Y112.918 I.13 J-1.241 E.01185
G1 X83.483 Y133.658 E.62236
G1 X83.104 Y133.658 E.0114
G1 X83.104 Y112.761 E.62707
G1 X82.982 Y112.693 E.00419
G1 X82.724 Y112.693 E.00774
G1 X82.724 Y133.658 E.62912
G1 X82.344 Y133.658 E.0114
G1 X82.344 Y112.523 E.63421
G1 X82.479 Y112.404 F18000
;WIDTH:0.517036
G1 F5328.476
G2 X82.479 Y112.507 I-.03 J.051 E.00924
G1 X82.035 Y111.328 F18000
;TYPE:Gap infill
;WIDTH:0.376904
G1 F6000
G3 X81.959 Y110.937 I9.86 J-2.112 E.0105
;WIDTH:0.332405
G1 X81.941 Y110.837 E.00233
;WIDTH:0.298789
G1 X81.926 Y110.726 E.00226
;WIDTH:0.269552
G1 X81.912 Y110.626 E.00181
;WIDTH:0.234719
G1 X81.891 Y110.417 E.00319
;WIDTH:0.193135
G1 X81.875 Y110.003 E.00491
G1 X81.891 Y109.59 E.0049
;WIDTH:0.233233
G1 X81.911 Y109.382 E.00314
;WIDTH:0.268415
G1 X81.926 Y109.274 E.00195
;WIDTH:0.297308
G1 X81.94 Y109.174 E.00203
;WIDTH:0.330553
G1 X81.959 Y109.063 E.00256
;WIDTH:0.368171
G1 X81.977 Y108.963 E.00262
;WIDTH:0.388753
G1 X82.035 Y108.672 E.00809
G1 X83.05 Y107.24 F18000
;TYPE:Internal solid infill
;WIDTH:0.358669
G1 F6000
G1 X82.371 Y107.24 E.01695
G1 X82.371 Y107.727 E.01216
G1 X83.001 Y107.275 E.01936
G1 X86.223 Y107.263 F18000
;WIDTH:0.505946
G1 F5456.099
G2 X86.22 Y107.363 I-.029 J.05 E.00872
G1 X86.579 Y108.474 F18000
;TYPE:Gap infill
;WIDTH:0.108563
G1 F6000
G1 X86.667 Y108.576 E.0007
G1 X86.776 Y109.218 F18000
;WIDTH:0.458548
G1 F6000
G1 X86.818 Y109.64 E.01395
;WIDTH:0.397875
G1 X86.817 Y110.375 E.02059
;WIDTH:0.450777
G1 X86.776 Y110.782 E.0132
G1 X86.667 Y111.424 F18000
;WIDTH:0.10856
G1 F6000
G1 X86.579 Y111.526 E.0007
G1 X86.405 Y111.392 F18000
G1 X86.409 Y111.387
G1 X86.477 Y111.212
G1 X86.535 Y111.036
G1 X86.581 Y110.862
G1 X86.617 Y110.688
G1 X86.644 Y110.515
G1 X86.662 Y110.342
G1 X86.671 Y110.171
G1 X86.673 Y110
G1 X86.671 Y109.829
G1 X86.662 Y109.658
G1 X86.644 Y109.485
G1 X86.617 Y109.312
G1 X86.581 Y109.138
G1 X86.535 Y108.964
G1 X86.477 Y108.788
G1 X86.409 Y108.613
G1 X86.295 Y108.466
G1 X86.17 Y108.33
G1 X86.034 Y108.204
G1 X86.023 Y108.196
G1 X82.343 Y85.611
G1 X82.343 Y86.173
;TYPE:Internal solid infill
;WIDTH:0.421778
G1 F6000
G1 X82.343 Y107.082 E.62575
G1 X82.722 Y107.082 E.01134
G1 X82.722 Y86.342 E.62067
G1 X83.101 Y86.342 E.01134
G1 X83.101 Y107.082 E.62067
G1 X83.48 Y107.082 E.01134
G1 X83.48 Y86.342 E.62067
G1 X83.859 Y86.342 E.01134
G1 X83.859 Y106.978 E.61757
G1 X84.238 Y106.918 E.01148
G1 X84.238 Y86.342 E.61578
G1 X84.617 Y86.342 E.01134
G1 X84.617 Y106.915 E.61567
G3 X84.995 Y106.947 I-.077 J3.183 E.01138
G1 X84.995 Y86.342 E.61662
G1 X85.374 Y86.342 E.01134
G1 X85.374 Y107.037 E.61934
G3 X85.521 Y107.082 I-.114 J.64 E.00459
G1 X85.753 Y107.082 E.00696
G1 X85.753 Y86.342 E.62067
G1 X86.132 Y86.342 E.01134
G1 X86.132 Y107.082 E.62067
G1 X86.337 Y107.082 E.00614
G1 X86.511 Y106.229 E.02605
G1 X86.511 Y86.342 E.59514
G1 X86.89 Y86.342 E.01134
G1 X86.89 Y104.93 E.55627
G1 X87.269 Y103.903 E.03276
G1 X87.269 Y86.342 E.52553
G1 X87.647 Y86.342 E.01134
G1 X87.647 Y103.08 E.50091
G3 X88.026 Y102.347 I4.848 J2.042 E.02471
G1 X88.026 Y86.342 E.47898
G1 X88.405 Y86.342 E.01134
G1 X88.405 Y101.671 E.45874
G1 X88.784 Y101.104 E.02041
G1 X88.784 Y86.342 E.44176
G1 X89.163 Y86.342 E.01134
G1 X89.163 Y100.551 E.42521
G1 X89.542 Y100.07 E.01831
G1 X89.542 Y86.342 E.41083
G1 X89.921 Y86.342 E.01134
G1 X89.921 Y99.598 E.39669
G1 X90.299 Y99.188 E.0167
G1 X90.299 Y86.342 E.38443
G1 X90.678 Y86.342 E.01134
G1 X90.678 Y98.778 E.37217
G3 X91.057 Y98.42 I2.467 J2.232 E.01561
G1 X91.057 Y86.342 E.36146
G1 X91.436 Y86.342 E.01134
G1 X91.436 Y98.07 E.35098
G3 X91.815 Y97.743 I2.265 J2.24 E.015
G1 X91.815 Y86.342 E.34118
G1 X92.194 Y86.342 E.01134
G1 X92.194 Y97.444 E.33225
G1 X92.573 Y97.146 E.01444
G1 X92.573 Y86.342 E.32331
G1 X92.951 Y86.342 E.01134
G1 X92.951 Y96.886 E.31553
G1 X93.33 Y96.633 E.01364
G1 X93.33 Y86.342 E.30796
G1 X93.709 Y86.342 E.01134
G1 X93.709 Y96.384 E.30051
G1 X94.088 Y96.172 E.013
G1 X94.088 Y86.342 E.29416
G1 X94.467 Y86.342 E.01134
G1 X94.467 Y95.959 E.28781
G3 X94.846 Y95.756 I1.484 J2.305 E.01289
G1 X94.846 Y86.342 E.28171
G1 X95.225 Y86.342 E.01134
G1 X95.225 Y95.581 E.27648
G1 X95.603 Y95.406 E.01249
G1 X95.603 Y86.342 E.27125
G1 X95.982 Y86.342 E.01134
G1 X95.982 Y95.239 E.26626
G1 X96.361 Y95.099 E.01208
G1 X96.361 Y86.342 E.26207
G1 X96.74 Y86.342 E.01134
G1 X96.74 Y94.96 E.25789
G3 X97.119 Y94.824 I1.054 J2.343 E.01206
G1 X97.119 Y86.342 E.25383
G1 X97.498 Y86.342 E.01134
G1 X97.498 Y94.717 E.25063
G1 X97.877 Y94.61 E.01178
G1 X97.877 Y86.342 E.24743
G1 X98.255 Y86.342 E.01134
G1 X98.255 Y94.503 E.24423
G3 X98.634 Y94.426 I.68 J2.366 E.01158
G1 X98.634 Y86.342 E.24192
G1 X99.013 Y86.342 E.01134
G1 X99.013 Y94.351 E.23967
G1 X99.392 Y94.275 E.01156
G1 X99.392 Y86.342 E.23741
G1 X99.771 Y86.342 E.01134
G1 X99.771 Y94.221 E.23579
G1 X100.15 Y94.177 E.01142
G1 X100.15 Y86.342 E.23445
G1 X100.529 Y86.342 E.01134
G1 X100.529 Y94.132 E.23311
G3 X100.907 Y94.099 I.395 J2.391 E.01139
G1 X100.907 Y86.342 E.23214
G1 X101.286 Y86.342 E.01134
G1 X101.286 Y94.085 E.2317
G1 X101.665 Y94.07 E.01135
G1 X101.665 Y86.342 E.23125
G1 X102.044 Y86.342 E.01134
G1 X102.044 Y94.058 E.23091
G1 X102.423 Y94.073 E.01135
G1 X102.423 Y86.342 E.23136
G1 X102.802 Y86.342 E.01134
G1 X102.802 Y94.088 E.2318
G1 X103.181 Y94.103 E.01135
G1 X103.181 Y86.342 E.23225
G1 X103.559 Y86.342 E.01134
G1 X103.559 Y94.142 E.23342
G1 X103.938 Y94.187 E.01142
G1 X103.938 Y86.342 E.23476
G1 X104.317 Y86.342 E.01134
G1 X104.317 Y94.232 E.23611
G3 X104.696 Y94.293 I-.199 J2.437 E.0115
G1 X104.696 Y86.342 E.23793
G1 X105.075 Y86.342 E.01134
G1 X105.075 Y94.368 E.24019
G1 X105.454 Y94.444 E.01156
G1 X105.454 Y86.342 E.24244
G1 X105.833 Y86.342 E.01134
G1 X105.833 Y94.528 E.24498
G1 X106.211 Y94.635 E.01178
G1 X106.211 Y86.342 E.24817
G1 X106.59 Y86.342 E.01134
G1 X106.59 Y94.742 E.25137
G3 X106.969 Y94.852 I-.514 J2.465 E.01182
G1 X106.969 Y86.342 E.25468
G1 X107.348 Y86.342 E.01134
G1 X107.348 Y94.992 E.25886
G1 X107.727 Y95.132 E.01208
G1 X107.727 Y86.342 E.26304
G1 X108.106 Y86.342 E.01134
G1 X108.106 Y95.272 E.26724
G1 X108.485 Y95.447 E.01249
G1 X108.485 Y86.342 E.27247
G1 X108.863 Y86.342 E.01134
G1 X108.863 Y95.621 E.27769
G3 X109.242 Y95.797 I-.923 J2.494 E.0125
G1 X109.242 Y86.342 E.28293
G1 X109.621 Y86.342 E.01134
G1 X109.621 Y96.009 E.28928
G1 X110 Y96.221 E.01299
G1 X110 Y86.342 E.29563
G1 X110.379 Y86.342 E.01134
G1 X110.379 Y96.438 E.30214
G1 X110.758 Y96.691 E.01364
G1 X110.758 Y86.342 E.30971
G1 X111.137 Y86.342 E.01134
G1 X111.137 Y96.945 E.31729
G3 X111.515 Y97.215 I-1.531 J2.545 E.01395
G1 X111.515 Y86.342 E.32539
G1 X111.894 Y86.342 E.01134
G1 X111.894 Y97.514 E.33432
G1 X112.273 Y97.812 E.01444
G1 X112.273 Y86.342 E.34326
G1 X112.652 Y86.342 E.01134
G1 X112.652 Y98.151 E.35341
G1 X113.031 Y98.502 E.01544
G1 X113.031 Y86.342 E.36389
G1 X113.41 Y86.342 E.01134
G1 X113.41 Y98.873 E.37501
G1 X113.789 Y99.283 E.0167
G1 X113.789 Y86.342 E.38728
G1 X114.167 Y86.342 E.01134
G1 X114.167 Y99.701 E.39979
G1 X114.546 Y100.182 E.01831
G1 X114.546 Y86.342 E.41417
G1 X114.925 Y86.342 E.01134
G1 X114.925 Y100.668 E.42873
G1 X115.304 Y101.235 E.02041
G1 X115.304 Y86.342 E.4457
G1 X115.683 Y86.342 E.01134
G1 X115.683 Y101.828 E.46344
G1 X116.062 Y102.505 E.0232
G1 X116.062 Y86.342 E.48369
G1 X116.441 Y86.342 E.01134
G1 X116.441 Y103.271 E.50663
G3 X116.819 Y104.141 I-5.34 J2.842 E.02844
G1 X116.819 Y86.342 E.53267
G1 X117.198 Y86.342 E.01134
G1 X117.198 Y105.198 E.56428
G1 X117.503 Y106.278 E.03359
G1 X117.577 Y106.651 E.01138
G1 X117.577 Y86.342 E.60777
G1 X117.956 Y86.342 E.01134
G1 X117.956 Y107.082 E.62067
G1 X118.335 Y107.082 E.01134
G1 X118.335 Y86.342 E.62067
G1 X118.714 Y86.342 E.01134
G1 X118.714 Y107.012 E.61858
G3 X119.093 Y106.941 I.412 J1.161 E.01158
G1 X119.093 Y86.342 E.61646
G1 X119.471 Y86.342 E.01134
G1 X119.471 Y106.915 E.61567
G3 X119.85 Y106.929 I.132 J1.585 E.01137
G1 X119.85 Y86.342 E.61609
G1 X120.229 Y86.342 E.01134
G1 X120.229 Y107.003 E.6183
G2 X120.608 Y107.082 I.444 J-1.18 E.01163
G1 X120.608 Y86.342 E.62067
G1 X120.987 Y86.342 E.01134
G1 X120.987 Y107.29 E.62689
G3 X121.366 Y107.543 I-.88 J1.729 E.01366
G1 X121.366 Y86.342 E.63446
G1 X121.745 Y86.342 E.01134
G1 X121.745 Y107.882 E.64462
G1 X121.853 Y107.99 E.00458
G1 X122.123 Y108.363 E.01378
G1 X122.123 Y86.342 E.659
G1 X122.502 Y86.342 E.01134
G1 X122.502 Y133.658 E1.416
G1 X122.881 Y133.658 E.01134
G1 X122.881 Y86.342 E1.416
G1 X123.26 Y86.342 E.01134
G1 X123.26 Y133.658 E1.416
G1 X123.639 Y133.658 E.01134
G1 X123.639 Y86.342 E1.416
G1 X124.018 Y86.342 E.01134
G1 X124.018 Y133.658 E1.416
G1 X124.397 Y133.658 E.01134
G1 X124.397 Y86.342 E1.416
G1 X124.775 Y86.342 E.01134
G1 X124.775 Y133.658 E1.416
G1 X125.154 Y133.658 E.01134
G1 X125.154 Y86.342 E1.416
G1 X125.533 Y86.342 E.01134
G1 X125.533 Y133.658 E1.416
G1 X125.912 Y133.658 E.01134
G1 X125.912 Y86.342 E1.416
G1 X126.291 Y86.342 E.01134
G1 X126.291 Y133.658 E1.416
G1 X126.67 Y133.658 E.01134
G1 X126.67 Y86.342 E1.416
G1 X127.049 Y86.342 E.01134
G1 X127.049 Y133.658 E1.416
G1 X127.427 Y133.658 E.01134
G1 X127.427 Y86.342 E1.416
G1 X127.806 Y86.342 E.01134
G1 X127.806 Y133.658 E1.416
G1 X128.185 Y133.658 E.01134
G1 X128.185 Y86.342 E1.416
G1 X128.564 Y86.342 E.01134
G1 X128.564 Y133.658 E1.416
G1 X128.943 Y133.658 E.01134
G1 X128.943 Y86.342 E1.416
G1 X129.322 Y86.342 E.01134
G1 X129.322 Y133.658 E1.416
G1 X129.701 Y133.658 E.01134
G1 X129.701 Y86.342 E1.416
G1 X130.079 Y86.342 E.01134
G1 X130.079 Y133.658 E1.416
G1 X130.458 Y133.658 E.01134
G1 X130.458 Y86.342 E1.416
G1 X130.837 Y86.342 E.01134
G1 X130.837 Y133.658 E1.416
G1 X131.216 Y133.658 E.01134
G1 X131.216 Y86.342 E1.416
G1 X131.595 Y86.342 E.01134
G1 X131.595 Y133.658 E1.416
G1 X131.974 Y133.658 E.01134
G1 X131.974 Y86.342 E1.416
G1 X132.353 Y86.342 E.01134
G1 X132.353 Y133.658 E1.416
G1 X132.731 Y133.658 E.01134
G1 X132.732 Y86.342 E1.416
G1 X133.11 Y86.342 E.01134
G1 X133.11 Y133.658 E1.416
G1 X133.489 Y133.658 E.01134
G1 X133.489 Y86.342 E1.416
G1 X133.868 Y86.342 E.01134
G1 X133.868 Y133.658 E1.416
G1 X134.247 Y133.658 E.01134
G1 X134.247 Y86.342 E1.416
G1 X134.626 Y86.342 E.01134
G1 X134.626 Y133.658 E1.416
G1 X135.005 Y133.658 E.01134
G1 X135.005 Y86.342 E1.416
G1 X135.384 Y86.342 E.01134
G1 X135.384 Y133.658 E1.416
G1 X135.762 Y133.658 E.01134
G1 X135.762 Y86.342 E1.416
G1 X136.141 Y86.342 E.01134
G1 X136.141 Y133.658 E1.416
G1 X136.52 Y133.658 E.01134
G1 X136.52 Y86.342 E1.416
G1 X136.899 Y86.342 E.01134
G1 X136.899 Y133.658 E1.416
G1 X137.278 Y133.658 E.01134
G1 X137.278 Y86.342 E1.416
G1 X137.657 Y86.342 E.01134
G1 X137.657 Y133.827 E1.42108
G1 X117.779 Y112.539 F18000
;WIDTH:0.38292
G1 F6000
G1 X117.716 Y112.576 E.00198
G1 X117.764 Y112.604 E.00151
G1 X117.421 Y111.527 F18000
;TYPE:Gap infill
;WIDTH:0.0933197
G1 F6000
G1 X117.333 Y111.424 E.00054
G1 X117.224 Y110.782 F18000
;WIDTH:0.450757
G1 F6000
G1 X117.183 Y110.375 E.0132
;WIDTH:0.397871
G1 X117.182 Y109.64 E.02059
;WIDTH:0.458526
G1 X117.224 Y109.218 E.01394
G1 X117.333 Y108.576 F18000
;WIDTH:0.0933203
G1 F6000
G1 X117.421 Y108.473 E.00054
G1 X120.686 Y107.143 F18000
;TYPE:Internal solid infill
;WIDTH:0.38292
G1 F6000
G1 X120.622 Y107.18 E.00198
G1 X120.671 Y107.208 E.00151
G1 X117.826 Y107.258 F18000
;WIDTH:0.491956
G1 F5626.088
G2 X117.822 Y107.355 I-.028 J.048 E.00809
; stop printing object base_plate.stl id:0 copy 0
;LAYER_CHANGE
;Z:0.64
;HEIGHT:0.2
G92 E0 ; zero the extruded length again
; BEFORE_LAYER_CHANGE 2 @ 0.64mm
G1 E-2.26469 F6000
;WIPE_START
G1 F5626.088
G1 X117.77 Y107.355 E-.05573
G1 X117.742 Y107.306 E-.05986
G1 X117.77 Y107.258 E-.05986
G1 X117.826 Y107.258 E-.05986
;WIPE_END
; AFTER_LAYER_CHANGE 2 @ 0.64mm
;_SET_FAN_SPEED_CHANGING_LAYER
; printing object base_plate.stl id:0 copy 0
G17
G3 Z.84 I-.12 J.597 P1  F18000
G1 X120.051 Y107.704 Z.84
G1 X120.23 Y107.754
G1 X120.404 Y107.818
G1 X120.572 Y107.896
G1 X120.734 Y107.987
G1 X120.888 Y108.09
G1 X121.034 Y108.204
G1 X121.17 Y108.33
G1 X121.295 Y108.466
G1 X121.41 Y108.612
G1 X121.513 Y108.766
G1 X121.604 Y108.928
G1 X121.682 Y109.097
G1 X121.746 Y109.27
G1 X121.796 Y109.449
G1 X121.832 Y109.631
G1 X121.854 Y109.815
G1 X121.861 Y110
G1 X121.854 Y110.185
G1 X121.832 Y110.369
G1 X121.796 Y110.551
G1 X121.746 Y110.73
G1 X121.682 Y110.903
G1 X121.604 Y111.072
G1 X121.513 Y111.234
G1 X121.41 Y111.388
G1 X121.295 Y111.534
G1 X121.178 Y111.66
G1 X138.389 Y134.389
G1 X138.79 Y134.79
G1 Z.64
G1 E2.5 F6000
M204 P1000
;TYPE:Outer wall
;WIDTH:0.42
G1 F3600
G1 X112.21 Y134.79 E.79173
G1 X112.21 Y129.31 E.16323
G1 X112.46 Y129.31 E.00745
G1 X112.46 Y125.39 E.11676
G1 X107.54 Y125.39 E.14655
G1 X107.54 Y129.31 E.11676
G1 X107.79 Y129.31 E.00745
G1 X107.79 Y134.79 E.16323
G1 X81.21 Y134.79 E.79173
G1 X81.21 Y85.21 E1.47682
G1 X138.79 Y85.21 E1.71511
G1 X138.79 Y134.73 E1.47503
G1 X138.389 Y134.389 F18000
G1 X138.389 Y134.389
G1 X138.398 Y134.398
M204 P1500
;TYPE:Inner wall
;WIDTH:0.45
G1 F6000
G1 X112.602 Y134.398 E.8295
G1 X112.602 Y129.702 E.151
G1 X112.852 Y129.702 E.00804
G1 X112.852 Y124.998 E.15127
G1 X107.148 Y124.998 E.18342
G1 X107.148 Y129.702 E.15127
G1 X107.398 Y129.702 E.00804
G1 X107.398 Y134.398 E.151
G1 X81.602 Y134.398 E.8295
G1 X81.602 Y85.602 E1.5691
G1 X138.398 Y85.602 E1.82635
G1 X138.398 Y134.338 E1.56717
G1 X137.991 Y133.991 F18000
G1 F6000
G1 X113.009 Y133.991 E.80332
G1 X113.009 Y130.109 E.12482
G1 X113.259 Y130.109 E.00804
G1 X113.259 Y124.591 E.17745
G1 X108.065 Y124.591 E.16701
G1 X108.023 Y124.399 E.00632
G1 X109.087 Y123.909 E.03766
G1 X110.156 Y123.31 E.03941
G1 X111.175 Y122.629 E.03941
G1 X112.138 Y121.87 E.03941
G1 X113.038 Y121.038 E.03942
G1 X113.87 Y120.138 E.03941
G1 X114.629 Y119.175 E.03941
G1 X115.31 Y118.156 E.03941
G1 X115.909 Y117.087 E.03941
G1 X116.422 Y115.974 E.03941
G1 X116.846 Y114.824 E.03941
G1 X117.179 Y113.644 E.03941
G1 X117.418 Y112.442 E.03941
G1 X117.483 Y111.891 E.01783
G2 X117.483 Y108.109 I2.009 J-1.891 E.42349
G1 X117.418 Y107.558 E.01783
G1 X117.179 Y106.356 E.03941
G1 X116.846 Y105.176 E.03941
G1 X116.422 Y104.026 E.03941
G1 X115.909 Y102.913 E.03941
G1 X115.31 Y101.844 E.03941
G1 X114.629 Y100.825 E.03941
G1 X113.87 Y99.862 E.03941
G1 X113.038 Y98.962 E.03941
G1 X112.138 Y98.13 E.03942
G1 X111.175 Y97.371 E.03941
G1 X110.156 Y96.69 E.03941
G1 X109.087 Y96.091 E.03941
G1 X107.974 Y95.578 E.03941
G1 X106.824 Y95.154 E.03941
G1 X105.644 Y94.821 E.03941
G1 X104.442 Y94.582 E.03941
G1 X103.225 Y94.438 E.03941
G1 X102 Y94.39 E.03941
G1 X100.775 Y94.438 E.03941
G1 X99.558 Y94.582 E.03941
G1 X98.356 Y94.821 E.03942
G1 X97.176 Y95.154 E.03941
G1 X96.026 Y95.578 E.03941
G1 X94.913 Y96.091 E.03942
G1 X93.844 Y96.69 E.03941
G1 X92.825 Y97.371 E.03941
G1 X91.862 Y98.13 E.03941
G1 X90.962 Y98.962 E.03941
G1 X90.13 Y99.862 E.03941
G1 X89.371 Y100.825 E.03941
G1 X88.69 Y101.844 E.03941
G1 X88.091 Y102.913 E.03941
G1 X87.578 Y104.026 E.03941
G1 X87.154 Y105.176 E.03941
G1 X86.821 Y106.356 E.03941
G1 X86.582 Y107.558 E.03941
G1 X86.517 Y108.109 E.01783
G2 X82.182 Y108.504 I-2.012 J1.9 E.16106
G1 X82.009 Y108.452 E.00582
G1 X82.009 Y86.009 E.72167
G1 X137.991 Y86.009 E1.80017
G1 X137.991 Y133.931 E1.54099
G1 E-1.75
;WIPE_START
G1 X136.991 Y133.933 E-.75
;WIPE_END
G1 X136.991 Y134.389 Z.84 F18000
G1 X109.193 Y123.392
G1 X108.906 Y123.553
G1 X107.821 Y124.053
G1 X106.701 Y124.467
G1 X105.551 Y124.791
G1 X104.38 Y125.024
G1 X103.193 Y125.164
G1 X102 Y125.211
G1 X100.807 Y125.164
G1 X99.62 Y125.024
G1 X98.449 Y124.791
G1 X97.3 Y124.467
G1 X96.179 Y124.053
G1 X95.094 Y123.553
G1 X94.052 Y122.97
G1 X93.059 Y122.306
G1 X92.121 Y121.567
G1 X91.244 Y120.756
G1 X90.433 Y119.879
G1 X89.694 Y118.941
G1 X89.03 Y117.948
G1 X88.447 Y116.906
G1 X87.947 Y115.821
G1 X87.533 Y114.701
G1 X87.297 Y113.864
G1 X84.537 Y112.36
G1 X84.553 Y112.756
G1 Z.64
G1 E2.5 F6000
G1 X84.931 Y112.719 E.01221
G2 X86.517 Y111.891 I-.426 J-2.749 E.05858
G1 X86.582 Y112.442 E.01783
G1 X86.821 Y113.644 E.03941
G1 X87.154 Y114.824 E.03941
G1 X87.578 Y115.974 E.03941
G1 X88.091 Y117.087 E.03941
G1 X88.69 Y118.156 E.03941
G1 X89.371 Y119.175 E.03941
G1 X90.13 Y120.138 E.03941
G1 X90.962 Y121.038 E.03941
G1 X91.862 Y121.87 E.03941
G1 X92.825 Y122.629 E.03941
G1 X93.844 Y123.31 E.03941
G1 X94.913 Y123.909 E.03941
G1 X96.026 Y124.422 E.03942
G1 X97.176 Y124.846 E.03941
G1 X98.356 Y125.179 E.03941
G1 X99.558 Y125.418 E.03942
G1 X100.775 Y125.562 E.03941
G1 X102 Y125.61 E.03941
G1 X103.225 Y125.562 E.03941
G1 X104.442 Y125.418 E.03941
G1 X105.644 Y125.179 E.03941
G1 X106.741 Y124.869 E.03664
G1 X106.741 Y130.109 E.16849
G1 X106.991 Y130.109 E.00804
G1 X106.991 Y133.991 E.12482
G1 X82.009 Y133.991 E.80332
G1 X82.009 Y111.548 E.72167
G1 X82.182 Y111.496 E.00582
G1 X82.267 Y111.622 E.0049
G2 X84.493 Y112.752 I2.238 J-1.652 E.08323
M204 T1000
G1 X84.5 Y112.361 F18000
G1 X84.563 Y112.359
G1 X84.547 Y111.957
M204 P1000
;TYPE:Outer wall
;WIDTH:0.42
G1 F3600
G1 X84.806 Y111.93 E.00775
G2 X84.651 Y108.046 I-.305 J-1.933 E.16954
G2 X84.346 Y108.046 I-.15 J2.463 E.00909
G2 X84.487 Y111.954 I.155 J1.951 E.17814
M204 T2000
G1 E-1.75 F6000
;WIPE_START
G1 F3600
G1 X84.806 Y111.93 E-.23974
G1 X84.958 Y111.906 E-.11538
G1 X85.25 Y111.811 E-.23065
G1 X85.445 Y111.712 E-.16422
;WIPE_END
G1 X85.643 Y112.064 Z.84 F18000
G1 X89.03 Y117.948
G1 X89.694 Y118.941
G1 X90.433 Y119.879
G1 X91.244 Y120.756
G1 X92.121 Y121.567
G1 X93.059 Y122.306
G1 X94.052 Y122.97
G1 X95.094 Y123.553
G1 X96.179 Y124.053
G1 X97.3 Y124.467
G1 X98.449 Y124.791
G1 X99.62 Y125.024
G1 X100.807 Y125.164
G1 X101.671 Y125.198
G1 X101.984 Y125.211
G1 X102 Y124.799
G1 Z.64
G1 E2.5 F6000
G1 F3600
G2 X102 Y95.19 I0 J-14.805 E1.38536
G1 X101.578 Y95.206 E.01257
G1 X100.838 Y95.235 E.02207
G2 X101.94 Y124.799 I1.162 J14.759 E1.34895
G1 E-1.75 F6000
;WIPE_START
G1 F3600
G1 X102.94 Y124.771 E-.75
;WIPE_END
G1 X102.955 Y125.174 Z.84 F18000
G1 X103.193 Y125.164
G1 X104.38 Y125.024
G1 X105.551 Y124.791
G1 X106.701 Y124.467
G1 X107.821 Y124.053
G1 X108.906 Y123.553
G1 X109.948 Y122.97
G1 X110.941 Y122.306
G1 X111.879 Y121.567
G1 X112.756 Y120.756
G1 X113.567 Y119.879
G1 X114.306 Y118.941
G1 X114.97 Y117.948
G1 X115.553 Y116.906
G1 X116.053 Y115.821
G1 X116.467 Y114.701
G1 X116.618 Y114.165
G1 X119.448 Y112.359
G1 X119.464 Y111.957
G1 Z.64
G1 E2.5 F6000
G1 F3600
G1 X119.5 Y111.954 E.00107
G2 X119.651 Y108.046 I.001 J-1.957 E.17868
G2 X119.346 Y108.046 I-.15 J2.462 E.00909
G2 X119.194 Y111.93 I.154 J1.951 E.16939
G1 X119.405 Y111.951 E.00629
G1 E-1.75 F6000
;WIPE_START
G1 F3600
G1 X119.5 Y111.954 E-.07165
G1 X119.807 Y111.936 E-.23039
G1 X120.106 Y111.864 E-.23073
G1 X120.25 Y111.811 E-.11538
G1 X120.371 Y111.749 E-.10186
;WIPE_END
G1 X120.541 Y112.118 Z.84 F18000
G1 X113.567 Y119.879
G1 X112.756 Y120.756
G1 X111.879 Y121.567
G1 X110.941 Y122.306
G1 X109.948 Y122.97
G1 X108.906 Y123.553
G1 X107.821 Y124.053
G1 X106.701 Y124.467
G1 X105.551 Y124.791
G1 X104.38 Y125.024
G1 X103.193 Y125.164
G1 X102 Y125.211
G1 X101.985 Y125.211
G1 X101.985 Y125.202
G1 Z.64
G1 E2.5 F6000
M204 P1500
;TYPE:Inner wall
;WIDTH:0.45
G1 X102 Y125.2 E.00047
G2 X117.164 Y110.994 I-.003 J-15.199 E.73566
G1 X117.352 Y110.957 E.00619
G2 X117.352 Y109.043 I2.145 J-.957 E.4111
G1 X117.164 Y109.006 E.00619
G1 X117.156 Y108.807 E.00639
G2 X101.563 Y94.815 I-15.144 J1.191 E.74339
G1 X100.807 Y94.844 E.02432
G2 X86.836 Y109.006 I1.221 J15.176 E.6971
G1 X86.648 Y109.043 E.00619
G2 X86.648 Y110.957 I-2.145 J.957 E.41109
G1 X86.836 Y110.994 E.00619
G1 X86.844 Y111.193 E.00639
G2 X100.807 Y125.153 I15.152 J-1.192 E.69107
G1 X101.925 Y125.2 E.03598
G1 X106.577 Y125.362 F18000
M204 P2000
;TYPE:Internal solid infill
;WIDTH:0.419999
G1 F6000
G1 X106.222 Y125.362 E.01057
G1 X105.722 Y125.503 E.01549
G1 X104.536 Y125.739 E.03602
G1 X106.408 Y125.739 E.05575
G1 X106.408 Y126.116 E.01123
G1 X82.342 Y126.116 E.71682
G1 X82.342 Y125.739 E.01123
G1 X99.464 Y125.739 E.51
G1 X98.278 Y125.503 E.03603
G1 X97.778 Y125.362 E.01548
G1 X82.342 Y125.362 E.45976
G1 X82.342 Y124.985 E.01123
G1 X96.59 Y124.985 E.42438
G3 X95.634 Y124.608 I1.915 J-6.257 E.03064
G1 X82.342 Y124.608 E.3959
G1 X82.342 Y124.231 E.01123
G1 X94.816 Y124.231 E.37154
G1 X94.133 Y123.854 E.02323
G1 X82.342 Y123.854 E.3512
G1 X82.342 Y123.476 E.01123
G1 X93.494 Y123.476 E.33215
G1 X92.929 Y123.099 E.02022
G1 X82.342 Y123.099 E.31534
G1 X82.342 Y122.722 E.01123
G1 X92.405 Y122.722 E.29973
G1 X91.927 Y122.345 E.01814
G1 X82.342 Y122.345 E.28548
G1 X82.342 Y121.968 E.01123
G1 X91.477 Y121.968 E.2721
G1 X91.07 Y121.591 E.01655
G1 X82.342 Y121.591 E.25995
G1 X82.342 Y121.214 E.01123
G1 X90.671 Y121.214 E.24808
G1 X90.322 Y120.837 E.0153
G1 X82.342 Y120.837 E.2377
G1 X82.342 Y120.46 E.01123
G1 X89.974 Y120.46 E.22731
G3 X89.662 Y120.083 I2.236 J-2.165 E.01459
G1 X82.342 Y120.083 E.21803
G1 X82.342 Y119.706 E.01123
G1 X89.365 Y119.706 E.20918
G3 X89.073 Y119.329 I2.252 J-2.046 E.01422
G1 X82.342 Y119.329 E.20048
G1 X82.342 Y118.952 E.01123
G1 X88.821 Y118.952 E.19297
G1 X88.569 Y118.574 E.01351
G1 X82.342 Y118.574 E.18547
G1 X82.342 Y118.197 E.01123
G1 X88.331 Y118.197 E.17839
G1 X88.12 Y117.82 E.01287
G1 X82.342 Y117.82 E.1721
G1 X82.342 Y117.443 E.01123
G1 X87.909 Y117.443 E.16581
G3 X87.715 Y117.066 I2.3 J-1.423 E.01265
G1 X82.342 Y117.066 E.16003
G1 X82.342 Y116.689 E.01123
G1 X87.541 Y116.689 E.15485
G1 X87.367 Y116.312 E.01237
G1 X82.342 Y116.312 E.14967
G1 X82.342 Y115.935 E.01123
G1 X87.209 Y115.935 E.14495
G1 X87.07 Y115.558 E.01197
G1 X82.342 Y115.558 E.14081
G1 X82.342 Y115.181 E.01123
G1 X86.93 Y115.181 E.13666
G3 X86.802 Y114.804 I2.335 J-1.005 E.01188
G1 X82.342 Y114.804 E.13284
G1 X82.342 Y114.427 E.01123
G1 X86.696 Y114.427 E.12967
G1 X86.589 Y114.05 E.01167
G1 X82.342 Y114.05 E.1265
G1 X82.342 Y113.672 E.01123
G1 X86.487 Y113.672 E.12346
G1 X86.412 Y113.295 E.01145
G1 X82.342 Y113.295 E.12122
G1 X82.342 Y112.918 E.01123
G1 X83.485 Y112.918 E.03404
G2 X85.45 Y112.944 I1.023 J-3.078 E.05946
G1 X85.521 Y112.918 E.00224
G1 X86.51 Y112.918 E.02948
G1 X86.224 Y112.638 F18000
;WIDTH:0.50325
G1 F5488.054
G2 X86.221 Y112.738 I-.029 J.049 E.0086
G1 X83.05 Y112.76 F18000
;WIDTH:0.358669
G1 F6000
G1 X82.463 Y112.366 E.01764
G1 X82.371 Y112.273 E.00327
G1 X82.371 Y112.76 E.01216
G1 X82.99 Y112.76 E.01545
G1 X82.035 Y111.328 F18000
;TYPE:Gap infill
;WIDTH:0.376902
G1 F6000
G3 X81.959 Y110.937 I9.864 J-2.112 E.0105
;WIDTH:0.332405
G1 X81.941 Y110.837 E.00233
;WIDTH:0.298791
G1 X81.926 Y110.726 E.00226
;WIDTH:0.269554
G1 X81.912 Y110.626 E.00181
;WIDTH:0.23472
G1 X81.891 Y110.417 E.00319
;WIDTH:0.193135
G1 X81.875 Y110.003 E.00491
G1 X81.891 Y109.59 E.0049
;WIDTH:0.233234
G1 X81.911 Y109.382 E.00314
;WIDTH:0.268415
G1 X81.926 Y109.274 E.00195
;WIDTH:0.297306
G1 X81.94 Y109.174 E.00203
;WIDTH:0.330549
G1 X81.959 Y109.063 E.00256
;WIDTH:0.368169
G1 X81.977 Y108.963 E.00262
;WIDTH:0.388754
G1 X82.035 Y108.672 E.00809
G1 X82.173 Y107.54 F18000
;TYPE:Internal solid infill
;WIDTH:0.421429
G1 F6000
G1 X82.638 Y107.54 E.01392
G3 X83.293 Y107.161 I1.538 J1.904 E.02269
G1 X82.342 Y107.161 E.02841
G1 X82.342 Y106.783 E.01132
G1 X86.397 Y106.783 E.12122
G1 X86.472 Y106.404 E.01154
G1 X82.342 Y106.404 E.12347
G1 X82.342 Y106.026 E.01132
G1 X86.568 Y106.026 E.12635
G1 X86.675 Y105.647 E.01176
G1 X82.342 Y105.647 E.12954
G1 X82.342 Y105.269 E.01132
G1 X86.782 Y105.269 E.13273
G3 X86.904 Y104.89 I2.469 J.591 E.01191
G1 X82.342 Y104.89 E.1364
G1 X82.342 Y104.512 E.01132
G1 X87.044 Y104.512 E.14057
G1 X87.184 Y104.133 E.01206
G1 X82.342 Y104.133 E.14475
G1 X82.342 Y103.755 E.01132
G1 X87.336 Y103.755 E.14932
G1 X87.511 Y103.376 E.01246
G1 X82.342 Y103.376 E.15454
G1 X82.342 Y102.998 E.01132
G1 X87.686 Y102.998 E.15976
G3 X87.874 Y102.619 I2.5 J1.01 E.01266
G1 X82.342 Y102.619 E.1654
G1 X82.342 Y102.241 E.01132
G1 X88.086 Y102.241 E.17173
G1 X88.298 Y101.862 E.01297
G1 X82.342 Y101.862 E.17807
G1 X82.342 Y101.484 E.01132
G1 X88.53 Y101.484 E.18501
G1 X88.783 Y101.105 E.01361
G1 X82.342 Y101.105 E.19257
G1 X82.342 Y100.727 E.01132
G1 X89.036 Y100.727 E.20014
G3 X89.323 Y100.348 I2.551 J1.634 E.01421
G1 X82.342 Y100.348 E.20871
G1 X82.342 Y99.97 E.01132
G1 X89.621 Y99.97 E.21763
G3 X89.927 Y99.591 I2.554 J1.751 E.01456
G1 X82.342 Y99.591 E.22677
G1 X82.342 Y99.212 E.01132
G1 X90.277 Y99.212 E.23723
G1 X90.627 Y98.834 E.01541
G1 X82.342 Y98.834 E.2477
G1 X82.342 Y98.455 E.01132
G1 X91.019 Y98.455 E.25943
G1 X91.429 Y98.077 E.01667
G1 X82.342 Y98.077 E.27167
G1 X82.342 Y97.698 E.01132
G1 X91.871 Y97.698 E.28491
G1 X92.351 Y97.32 E.01828
G1 X82.342 Y97.32 E.29927
G1 X82.342 Y96.941 E.01132
G1 X92.868 Y96.941 E.31471
G1 X93.435 Y96.563 E.02037
G1 X82.342 Y96.563 E.33165
G1 X82.342 Y96.184 E.01132
G1 X94.065 Y96.184 E.3505
G1 X94.741 Y95.806 E.02316
G1 X82.342 Y95.806 E.37071
G1 X82.342 Y95.427 E.01132
G1 X95.557 Y95.427 E.39512
G3 X96.498 Y95.049 I2.873 J5.782 E.03035
G1 X82.342 Y95.049 E.42325
G1 X82.342 Y94.67 E.01132
G1 X97.663 Y94.67 E.45809
G1 X98.278 Y94.497 E.0191
G1 X99.309 Y94.292 E.03144
G1 X82.342 Y94.292 E.5073
G1 X82.342 Y93.913 E.01132
G1 X137.658 Y93.913 E1.6539
G1 X137.658 Y93.535 E.01132
G1 X82.342 Y93.535 E1.6539
G1 X82.342 Y93.156 E.01132
G1 X137.658 Y93.156 E1.6539
G1 X137.658 Y92.778 E.01132
G1 X82.342 Y92.778 E1.6539
G1 X82.342 Y92.399 E.01132
G1 X137.658 Y92.399 E1.6539
G1 X137.658 Y92.021 E.01132
G1 X82.342 Y92.021 E1.6539
G1 X82.342 Y91.642 E.01132
G1 X137.658 Y91.642 E1.6539
G1 X137.658 Y91.264 E.01132
G1 X82.342 Y91.264 E1.6539
G1 X82.342 Y90.885 E.01132
G1 X137.658 Y90.885 E1.6539
G1 X137.658 Y90.507 E.01132
G1 X82.342 Y90.507 E1.6539
G1 X82.342 Y90.128 E.01132
G1 X137.658 Y90.128 E1.6539
G1 X137.658 Y89.75 E.01132
G1 X82.342 Y89.75 E1.6539
G1 X82.342 Y89.371 E.01132
G1 X137.658 Y89.371 E1.6539
G1 X137.658 Y88.993 E.01132
G1 X82.342 Y88.993 E1.6539
G1 X82.342 Y88.614 E.01132
G1 X137.658 Y88.614 E1.6539
G1 X137.658 Y88.236 E.01132
G1 X82.342 Y88.236 E1.6539
G1 X82.342 Y87.857 E.01132
G1 X137.658 Y87.857 E1.6539
G1 X137.658 Y87.479 E.01132
G1 X82.342 Y87.479 E1.6539
G1 X82.342 Y87.1 E.01132
G1 X137.658 Y87.1 E1.6539
G1 X137.658 Y86.722 E.01132
G1 X82.342 Y86.722 E1.6539
G1 X82.342 Y86.343 E.01132
G1 X137.827 Y86.343 E1.65897
G1 X137.827 Y94.292 F18000
G1 F6000
G1 X104.691 Y94.292 E.99076
G1 X105.722 Y94.497 E.03143
G1 X106.337 Y94.67 E.0191
G1 X137.658 Y94.67 E.93648
G1 X137.658 Y95.049 E.01132
G1 X107.502 Y95.049 E.90164
G3 X108.443 Y95.427 I-1.932 J6.16 E.03035
G1 X137.658 Y95.427 E.87351
G1 X137.658 Y95.806 E.01132
G1 X109.259 Y95.806 E.8491
G1 X109.935 Y96.184 E.02316
G1 X137.658 Y96.184 E.82889
G1 X137.658 Y96.563 E.01132
G1 X110.565 Y96.563 E.81004
G1 X111.132 Y96.941 E.02037
G1 X137.658 Y96.941 E.79311
G1 X137.658 Y97.32 E.01132
G1 X111.649 Y97.32 E.77766
G1 X112.129 Y97.698 E.01828
G1 X137.658 Y97.698 E.7633
G1 X137.658 Y98.077 E.01132
G1 X112.571 Y98.077 E.75006
G1 X112.981 Y98.455 E.01667
G1 X137.658 Y98.455 E.73782
G1 X137.658 Y98.834 E.01132
G1 X113.373 Y98.834 E.72609
G1 X113.723 Y99.212 E.01541
G1 X137.658 Y99.212 E.71562
G1 X137.658 Y99.591 E.01132
G1 X114.073 Y99.591 E.70516
G3 X114.379 Y99.97 I-2.251 J2.131 E.01456
G1 X137.658 Y99.97 E.69602
G1 X137.658 Y100.348 E.01132
G1 X114.677 Y100.348 E.6871
G3 X114.964 Y100.727 I-2.261 J2.01 E.01421
G1 X137.658 Y100.727 E.67853
G1 X137.658 Y101.105 E.01132
G1 X115.217 Y101.105 E.67096
G1 X115.47 Y101.484 E.01361
G1 X137.658 Y101.484 E.6634
G1 X137.658 Y101.862 E.01132
G1 X115.702 Y101.862 E.65646
G1 X115.914 Y102.241 E.01297
G1 X137.658 Y102.241 E.65013
G1 X137.658 Y102.619 E.01132
G1 X116.126 Y102.619 E.64379
G3 X116.314 Y102.998 I-2.311 J1.388 E.01266
G1 X137.658 Y102.998 E.63815
G1 X137.658 Y103.376 E.01132
G1 X116.489 Y103.376 E.63293
G1 X116.663 Y103.755 E.01246
G1 X137.658 Y103.755 E.62771
G1 X137.658 Y104.133 E.01132
G1 X116.816 Y104.133 E.62314
G1 X116.956 Y104.512 E.01206
G1 X137.658 Y104.512 E.61897
G1 X137.658 Y104.89 E.01132
G1 X117.096 Y104.89 E.61479
G3 X117.218 Y105.269 I-2.343 J.968 E.01191
G1 X137.658 Y105.269 E.61112
G1 X137.658 Y105.647 E.01132
G1 X117.325 Y105.647 E.60793
G1 X117.432 Y106.026 E.01176
G1 X137.658 Y106.026 E.60474
G1 X137.658 Y106.404 E.01132
G1 X117.528 Y106.404 E.60186
G1 X117.603 Y106.783 E.01154
G1 X137.658 Y106.783 E.59961
G1 X137.658 Y107.161 E.01132
G1 X120.707 Y107.161 E.5068
G3 X121.362 Y107.54 I-.884 J2.283 E.02269
G1 X137.658 Y107.54 E.48724
G1 X137.658 Y107.918 E.01132
G1 X121.781 Y107.918 E.47471
G3 X122.076 Y108.297 I-1.047 J1.12 E.0144
G1 X137.658 Y108.297 E.4659
G1 X137.658 Y108.675 E.01132
G1 X122.29 Y108.675 E.45948
G1 X122.445 Y109.054 E.01223
G1 X137.658 Y109.054 E.45484
G1 X137.658 Y109.432 E.01132
G1 X122.536 Y109.432 E.45212
G3 X122.579 Y109.811 I-1.172 J.326 E.01144
G1 X137.658 Y109.811 E.45083
G1 X137.658 Y110.189 E.01132
G1 X122.579 Y110.189 E.45083
G3 X122.536 Y110.568 I-1.215 J.053 E.01144
G1 X137.658 Y110.568 E.45212
G1 X137.658 Y110.946 E.01132
G1 X122.445 Y110.946 E.45484
G1 X122.29 Y111.325 E.01223
G1 X137.658 Y111.325 E.45948
G1 X137.658 Y111.703 E.01132
G1 X122.074 Y111.703 E.46594
G3 X121.779 Y112.082 I-1.342 J-.743 E.01442
G1 X137.658 Y112.082 E.47477
G1 X137.658 Y112.46 E.01132
G1 X121.369 Y112.46 E.48702
G1 X120.905 Y112.757 E.01648
G1 X120.761 Y112.817 E.00466
G1 X120.761 Y112.839 E.00066
G1 X137.658 Y112.839 E.5052
G1 X137.658 Y113.217 E.01132
G1 X117.603 Y113.217 E.59961
G1 X117.528 Y113.596 E.01154
G1 X137.658 Y113.596 E.60186
G1 X137.658 Y113.974 E.01132
G1 X117.432 Y113.974 E.60474
G1 X117.325 Y114.353 E.01176
G1 X137.658 Y114.353 E.60793
G1 X137.658 Y114.731 E.01132
G1 X117.218 Y114.731 E.61112
G3 X117.096 Y115.11 I-2.466 J-.59 E.01191
G1 X137.658 Y115.11 E.61479
G1 X137.658 Y115.488 E.01132
G1 X116.956 Y115.488 E.61897
G1 X116.816 Y115.867 E.01206
G1 X137.658 Y115.867 E.62314
G1 X137.658 Y116.245 E.01132
G1 X116.663 Y116.245 E.62771
G1 X116.489 Y116.624 E.01246
G1 X137.658 Y116.624 E.63293
G1 X137.658 Y117.002 E.01132
G1 X116.314 Y117.002 E.63815
G3 X116.126 Y117.381 I-2.499 J-1.009 E.01266
G1 X137.658 Y117.381 E.64379
G1 X137.658 Y117.759 E.01132
G1 X115.914 Y117.759 E.65013
G1 X115.702 Y118.138 E.01297
G1 X137.658 Y118.138 E.65646
G1 X137.658 Y118.516 E.01132
G1 X115.47 Y118.516 E.6634
G1 X115.217 Y118.895 E.01361
G1 X137.658 Y118.895 E.67096
G1 X137.658 Y119.273 E.01132
G1 X114.964 Y119.273 E.67853
G3 X114.677 Y119.652 I-2.548 J-1.631 E.01421
G1 X137.658 Y119.652 E.6871
G1 X137.658 Y120.03 E.01132
G1 X114.379 Y120.03 E.69602
G3 X114.073 Y120.409 I-2.557 J-1.753 E.01456
G1 X137.658 Y120.409 E.70516
G1 X137.658 Y120.788 E.01132
G1 X113.723 Y120.788 E.71562
G1 X113.373 Y121.166 E.01541
G1 X137.658 Y121.166 E.72609
G1 X137.658 Y121.545 E.01132
G1 X112.981 Y121.545 E.73782
G1 X112.571 Y121.923 E.01667
G1 X137.658 Y121.923 E.75006
G1 X137.658 Y122.302 E.01132
G1 X112.129 Y122.302 E.7633
G1 X111.649 Y122.68 E.01828
G1 X137.658 Y122.68 E.77766
G1 X137.658 Y123.059 E.01132
G1 X111.132 Y123.059 E.7931
G1 X110.565 Y123.437 E.02037
G1 X137.658 Y123.437 E.81004
G1 X137.658 Y123.816 E.01132
G1 X110.066 Y123.816 E.82498
G3 X110.135 Y124.194 I-.589 J.303 E.01167
G1 X137.658 Y124.194 E.82292
G1 X137.658 Y124.573 E.01132
G1 X113.592 Y124.573 E.71954
G1 X113.592 Y124.951 E.01132
G1 X137.658 Y124.951 E.71954
G1 X137.658 Y125.33 E.01132
G1 X113.592 Y125.33 E.71954
G1 X113.592 Y125.708 E.01132
G1 X137.658 Y125.708 E.71954
G1 X137.658 Y126.087 E.01132
G1 X113.592 Y126.087 E.71954
G1 X113.592 Y126.465 E.01132
G1 X137.658 Y126.465 E.71954
G1 X137.658 Y126.844 E.01132
G1 X113.592 Y126.844 E.71954
G1 X113.592 Y127.222 E.01132
G1 X137.658 Y127.222 E.71954
G1 X137.658 Y127.601 E.01132
G1 X113.592 Y127.601 E.71954
G1 X113.592 Y127.979 E.01132
G1 X137.658 Y127.979 E.71954
G1 X137.658 Y128.358 E.01132
G1 X113.592 Y128.358 E.71954
G1 X113.592 Y128.736 E.01132
G1 X137.658 Y128.736 E.71954
G1 X137.658 Y129.115 E.01132
G1 X113.592 Y129.115 E.71954
G1 X113.592 Y129.493 E.01132
G1 X137.658 Y129.493 E.71954
G1 X137.658 Y129.872 E.01132
G1 X113.592 Y129.872 E.71954
G1 X113.592 Y130.25 E.01132
G1 X137.658 Y130.25 E.71954
G1 X137.658 Y130.629 E.01132
G1 X113.342 Y130.629 E.72701
G1 X113.342 Y131.007 E.01132
G1 X137.658 Y131.007 E.72701
G1 X137.658 Y131.386 E.01132
G1 X113.342 Y131.386 E.72701
G1 X113.342 Y131.764 E.01132
G1 X137.658 Y131.764 E.72701
G1 X137.658 Y132.143 E.01132
G1 X113.342 Y132.143 E.72701
G1 X113.342 Y132.521 E.01132
G1 X137.658 Y132.521 E.72701
G1 X137.658 Y132.9 E.01132
G1 X113.342 Y132.9 E.72701
G1 X113.342 Y133.278 E.01132
G1 X137.658 Y133.278 E.72701
G1 X137.658 Y133.657 E.01132
G1 X113.173 Y133.657 E.73208
G1 X112.611 Y133.657 F18000
G1 X112.861 Y129.711
G1 X112.861 Y124.989
G1 X107.139 Y124.989
G1 X107.139 Y126.493
G1 X106.577 Y126.493
;WIDTH:0.419999
G1 F6000
G1 X82.342 Y126.493 E.72187
G1 X82.342 Y126.87 E.01123
G1 X106.408 Y126.87 E.71682
G1 X106.408 Y127.247 E.01123
G1 X82.342 Y127.247 E.71682
G1 X82.342 Y127.624 E.01123
G1 X106.408 Y127.624 E.71682
G1 X106.408 Y128.001 E.01123
G1 X82.342 Y128.001 E.71682
G1 X82.342 Y128.379 E.01123
G1 X106.408 Y128.379 E.71682
G1 X106.408 Y128.756 E.01123
G1 X82.342 Y128.756 E.71682
G1 X82.342 Y129.133 E.01123
G1 X106.408 Y129.133 E.71682
G1 X106.408 Y129.51 E.01123
G1 X82.342 Y129.51 E.71682
G1 X82.342 Y129.887 E.01123
G1 X106.408 Y129.887 E.71682
G1 X106.408 Y130.264 E.01123
G1 X82.342 Y130.264 E.71682
G1 X82.342 Y130.641 E.01123
G1 X106.658 Y130.641 E.72426
G1 X106.658 Y131.018 E.01123
G1 X82.342 Y131.018 E.72426
G1 X82.342 Y131.395 E.01123
G1 X106.658 Y131.395 E.72426
G1 X106.658 Y131.772 E.01123
G1 X82.342 Y131.772 E.72426
G1 X82.342 Y132.149 E.01123
G1 X106.658 Y132.149 E.72426
G1 X106.658 Y132.526 E.01123
G1 X82.342 Y132.526 E.72426
G1 X82.342 Y132.903 E.01123
G1 X106.658 Y132.903 E.72426
G1 X106.658 Y133.281 E.01123
G1 X82.173 Y133.281 E.72932
G1 X86.579 Y111.526 F18000
;TYPE:Gap infill
;WIDTH:0.108561
G1 F6000
G1 X86.667 Y111.424 E.0007
G1 X86.776 Y110.782 F18000
;WIDTH:0.450777
G1 F6000
G1 X86.817 Y110.375 E.0132
;WIDTH:0.397875
G1 X86.818 Y109.64 E.02059
;WIDTH:0.458548
G1 X86.776 Y109.218 E.01395
G1 X86.667 Y108.576 F18000
;WIDTH:0.108555
G1 F6000
G1 X86.579 Y108.474 E.0007
G1 X86.261 Y107.389 F18000
;TYPE:Internal solid infill
;WIDTH:0.38292
G1 F6000
G1 X86.198 Y107.426 E.00198
G1 X86.246 Y107.454 E.00151
G1 X86.494 Y107.161 F18000
;WIDTH:0.421429
G1 F6000
G1 X85.163 Y107.161 E.03982
G1 X85.051 Y107.704 F18000
G1 X86.878 Y108.542
G1 X86.874 Y111.52
G1 X86.976 Y112.38
G1 X87.209 Y113.551
G1 X87.533 Y114.701
G1 X87.947 Y115.821
G1 X88.447 Y116.906
G1 X89.03 Y117.948
G1 X89.694 Y118.941
G1 X90.433 Y119.879
G1 X91.244 Y120.756
G1 X92.121 Y121.567
G1 X93.059 Y122.306
G1 X94.052 Y122.97
G1 X95.094 Y123.553
G1 X96.179 Y124.053
G1 X97.3 Y124.467
G1 X98.449 Y124.791
G1 X99.62 Y125.024
G1 X100.807 Y125.164
G1 X102 Y125.211
G1 X103.193 Y125.164
G1 X104.38 Y125.024
G1 X105.551 Y124.791
G1 X106.701 Y124.467
G1 X106.842 Y124.415
G1 X106.944 Y124.693
;TYPE:Gap infill
;WIDTH:0.339901
G1 F6000
G1 X107.169 Y124.653 E.00536
;WIDTH:0.364737
G1 X107.394 Y124.612 E.00581
;WIDTH:0.41441
G1 X107.619 Y124.572 E.00671
;WIDTH:0.464082
G1 F5998.445
G1 X107.844 Y124.532 E.0076
G1 X108.628 Y124.38 F18000
;WIDTH:0.36034
G1 F6000
G1 X109.583 Y124.15 E.02464
G1 X109.905 Y123.881 F18000
;TYPE:Internal solid infill
;WIDTH:0.38343
G1 F6000
G1 X109.978 Y124.231 E.0096
G1 X110.135 Y124.309 E.00471
G1 X113.266 Y124.309 E.08422
G1 X117.834 Y112.638 F18000
;WIDTH:0.503728
G1 F5482.361
G2 X117.832 Y112.738 I-.029 J.049 E.00862
G1 X120.681 Y112.78 F18000
;WIDTH:0.38292
G1 F6000
G1 X120.617 Y112.817 E.00198
G1 X120.666 Y112.845 E.00151
G1 X117.421 Y111.527 F18000
;TYPE:Gap infill
;WIDTH:0.0933196
G1 F6000
G1 X117.333 Y111.424 E.00054
G1 X117.224 Y110.782 F18000
;WIDTH:0.450755
G1 F6000
G1 X117.183 Y110.375 E.0132
;WIDTH:0.397871
G1 X117.182 Y109.64 E.02059
;WIDTH:0.458527
G1 X117.224 Y109.218 E.01394
G1 X117.333 Y108.576 F18000
;WIDTH:0.0933201
G1 F6000
G1 X117.421 Y108.473 E.00054
G1 X117.782 Y107.39 F18000
;TYPE:Internal solid infill
;WIDTH:0.38292
G1 F6000
G1 X117.718 Y107.426 E.00198
G1 X117.767 Y107.454 E.00151
G1 X117.506 Y107.161 F18000
;WIDTH:0.421429
G1 F6000
G1 X118.804 Y107.161 E.03881
; stop printing object base_plate.stl id:0 copy 0
M106 S102
;LAYER_CHANGE
;Z:0.84
;HEIGHT:0.2
G92 E0 ; zero the extruded length again
; BEFORE_LAYER_CHANGE 3 @ 0.84mm
G1 E-1.75 F6000
;WIPE_START
G1 X117.804 Y107.161 E-.75
;WIPE_END
; AFTER_LAYER_CHANGE 3 @ 0.84mm
;_SET_FAN_SPEED_CHANGING_LAYER
; printing object base_plate.stl id:0 copy 0
G17
G3 Z1.04 I-.143 J.591 P1  F18000
G1 X120.051 Y107.704 Z1.04
G1 X120.23 Y107.754
G1 X120.404 Y107.818
G1 X120.572 Y107.896
G1 X120.734 Y107.987
G1 X120.888 Y108.09
G1 X121.034 Y108.204
G1 X121.17 Y108.33
G1 X121.296 Y108.466
G1 X121.41 Y108.612
G1 X121.513 Y108.766
G1 X121.604 Y108.928
G1 X121.682 Y109.097
G1 X121.746 Y109.27
G1 X121.796 Y109.449
G1 X121.832 Y109.631
G1 X121.854 Y109.815
G1 X121.861 Y110
G1 X121.854 Y110.185
G1 X121.832 Y110.369
G1 X121.796 Y110.551
G1 X121.746 Y110.73
G1 X121.682 Y110.903
G1 X121.604 Y111.072
G1 X121.513 Y111.234
G1 X121.41 Y111.388
G1 X121.296 Y111.534
G1 X121.202 Y111.635
G1 X138.389 Y134.389
G1 X138.79 Y134.79
G1 Z.84
G1 E2.5 F6000
M204 P1000
;TYPE:Outer wall
;WIDTH:0.42
G1 F3600
G1 X112.21 Y134.79 E.79173
G1 X112.21 Y129.31 E.16323
G1 X112.46 Y129.31 E.00745
G1 X112.46 Y125.39 E.11676
G1 X107.54 Y125.39 E.14655
G1 X107.54 Y129.31 E.11676
G1 X107.79 Y129.31 E.00745
G1 X107.79 Y134.79 E.16323
G1 X81.21 Y134.79 E.79173
G1 X81.21 Y85.21 E1.47682
G1 X138.79 Y85.21 E1.71511
G1 X138.79 Y134.73 E1.47503
G1 X138.389 Y134.389 F18000
G1 X138.389 Y134.389
G1 X138.398 Y134.398
M204 P1500
;TYPE:Inner wall
;WIDTH:0.45
G1 F6000
G1 X112.602 Y134.398 E.8295
G1 X112.602 Y129.702 E.151
G1 X112.852 Y129.702 E.00804
G1 X112.852 Y124.998 E.15127
G1 X107.148 Y124.998 E.18342
G1 X107.148 Y129.702 E.15127
G1 X107.398 Y129.702 E.00804
G1 X107.398 Y134.398 E.151
G1 X81.602 Y134.398 E.8295
G1 X81.602 Y85.602 E1.5691
G1 X138.398 Y85.602 E1.82635
G1 X138.398 Y134.338 E1.56717
G1 X137.991 Y133.991 F18000
G1 F6000
G1 X113.009 Y133.991 E.80332
G1 X113.009 Y130.109 E.12482
G1 X113.259 Y130.109 E.00804
G1 X113.259 Y124.591 E.17745
G1 X108.065 Y124.591 E.16701
G1 X108.023 Y124.399 E.00632
G1 X109.087 Y123.909 E.03766
G1 X110.156 Y123.31 E.03941
G1 X111.175 Y122.629 E.03941
G1 X112.138 Y121.87 E.03941
G1 X113.038 Y121.038 E.03942
G1 X113.87 Y120.138 E.03941
G1 X114.629 Y119.175 E.03941
G1 X115.31 Y118.156 E.03941
G1 X115.909 Y117.087 E.03941
G1 X116.422 Y115.974 E.03941
G1 X116.846 Y114.824 E.03941
G1 X117.179 Y113.644 E.03941
G1 X117.418 Y112.442 E.03941
G1 X117.483 Y111.891 E.01783
G2 X117.483 Y108.109 I2.009 J-1.891 E.42349
G1 X117.418 Y107.558 E.01783
G1 X117.179 Y106.356 E.03941
G1 X116.846 Y105.176 E.03941
G1 X116.422 Y104.026 E.03941
G1 X115.909 Y102.913 E.03941
G1 X115.31 Y101.844 E.03941
G1 X114.629 Y100.825 E.03941
G1 X113.87 Y99.862 E.03941
G1 X113.038 Y98.962 E.03941
G1 X112.138 Y98.13 E.03942
G1 X111.175 Y97.371 E.03941
G1 X110.156 Y96.69 E.03941
G1 X109.087 Y96.091 E.03941
G1 X107.974 Y95.578 E.03941
G1 X106.824 Y95.154 E.03941
G1 X105.644 Y94.821 E.03941
G1 X104.442 Y94.582 E.03941
G1 X103.225 Y94.438 E.03941
G1 X102 Y94.39 E.03941
G1 X100.775 Y94.438 E.03941
G1 X99.558 Y94.582 E.03941
G1 X98.356 Y94.821 E.03942
G1 X97.176 Y95.154 E.03941
G1 X96.026 Y95.578 E.03941
G1 X94.913 Y96.091 E.03942
G1 X93.844 Y96.69 E.03941
G1 X92.825 Y97.371 E.03941
G1 X91.862 Y98.13 E.03941
G1 X90.962 Y98.962 E.03941
G1 X90.13 Y99.862 E.03941
G1 X89.371 Y100.825 E.03941
G1 X88.69 Y101.844 E.03941
G1 X88.091 Y102.913 E.03941
G1 X87.578 Y104.026 E.03941
G1 X87.154 Y105.176 E.03941
G1 X86.821 Y106.356 E.03941
G1 X86.582 Y107.558 E.03941
G1 X86.517 Y108.109 E.01783
G2 X82.182 Y108.504 I-2.011 J1.911 E.1609
G1 X82.009 Y108.452 E.00582
G1 X82.009 Y86.009 E.72167
G1 X137.991 Y86.009 E1.80017
G1 X137.991 Y133.931 E1.54099
G1 E-1.75
;WIPE_START
G1 X136.991 Y133.933 E-.75
;WIPE_END
G1 X136.991 Y134.389 Z1.04 F18000
G1 X109.193 Y123.392
G1 X108.906 Y123.553
G1 X107.821 Y124.053
G1 X106.701 Y124.467
G1 X105.551 Y124.791
G1 X104.38 Y125.024
G1 X103.193 Y125.164
G1 X102 Y125.211
G1 X100.807 Y125.164
G1 X99.62 Y125.024
G1 X98.449 Y124.791
G1 X97.3 Y124.467
G1 X96.179 Y124.053
G1 X95.094 Y123.553
G1 X94.052 Y122.97
G1 X93.059 Y122.306
G1 X92.121 Y121.567
G1 X91.244 Y120.756
G1 X90.433 Y119.879
G1 X89.694 Y118.941
G1 X89.03 Y117.948
G1 X88.447 Y116.906
G1 X87.947 Y115.821
G1 X87.533 Y114.701
G1 X87.274 Y113.78
G1 X84.685 Y112.354
G1 X84.716 Y112.743
G1 Z.84
G1 E2.5 F6000
G1 X84.931 Y112.719 E.00695
G2 X86.517 Y111.891 I-.426 J-2.749 E.05858
G1 X86.582 Y112.442 E.01783
G1 X86.821 Y113.644 E.03941
G1 X87.154 Y114.824 E.03941
G1 X87.578 Y115.974 E.03941
G1 X88.091 Y117.087 E.03941
G1 X88.69 Y118.156 E.03941
G1 X89.371 Y119.175 E.03941
G1 X90.13 Y120.138 E.03941
G1 X90.962 Y121.038 E.03941
G1 X91.862 Y121.87 E.03941
G1 X92.825 Y122.629 E.03941
G1 X93.844 Y123.31 E.03941
G1 X94.913 Y123.909 E.03941
G1 X96.026 Y124.422 E.03942
G1 X97.176 Y124.846 E.03941
G1 X98.356 Y125.179 E.03941
G1 X99.558 Y125.418 E.03942
G1 X100.775 Y125.562 E.03941
G1 X102 Y125.61 E.03941
G1 X103.225 Y125.562 E.03941
G1 X104.442 Y125.418 E.03941
G1 X105.644 Y125.179 E.03941
G1 X106.741 Y124.869 E.03664
G1 X106.741 Y130.109 E.16849
G1 X106.991 Y130.109 E.00804
G1 X106.991 Y133.991 E.12482
G1 X82.009 Y133.991 E.80332
G1 X82.009 Y111.548 E.72167
G1 X82.182 Y111.496 E.00582
G1 X82.267 Y111.622 E.0049
G2 X84.5 Y112.752 I2.238 J-1.652 E.08346
G1 X84.656 Y112.745 E.00502
M204 T1000
G1 X84.641 Y112.356 F18000
G1 X84.602 Y112.357
G1 X84.586 Y111.954
M204 P1000
;TYPE:Outer wall
;WIDTH:0.42
G1 F3600
G1 X84.653 Y111.949 E.00202
G2 X84.807 Y108.064 I-.146 J-1.952 E.16985
G2 X84.44 Y108.042 I-.308 J2.096 E.01096
G2 X84.347 Y111.948 I.068 J1.956 E.1763
G1 X84.526 Y111.953 E.00534
M204 T2000
G1 E-1.75 F6000
;WIPE_START
G1 F3600
G1 X84.653 Y111.949 E-.09587
G1 X84.958 Y111.906 E-.23041
G1 X85.106 Y111.864 E-.11545
G1 X85.39 Y111.747 E-.23067
G1 X85.48 Y111.696 E-.0776
;WIPE_END
G1 X85.676 Y112.046 Z1.04 F18000
G1 X89.03 Y117.948
G1 X89.694 Y118.941
G1 X90.433 Y119.879
G1 X91.244 Y120.756
G1 X92.121 Y121.567
G1 X93.059 Y122.306
G1 X94.052 Y122.97
G1 X95.094 Y123.553
G1 X96.179 Y124.053
G1 X97.3 Y124.467
G1 X98.449 Y124.791
G1 X99.62 Y125.024
G1 X100.807 Y125.164
G1 X101.671 Y125.198
G1 X101.984 Y125.211
G1 X102 Y124.799
G1 Z.84
G1 E2.5 F6000
G1 F3600
G2 X102 Y95.19 I0 J-14.805 E1.38536
G1 X101.427 Y95.212 E.01709
G1 X100.838 Y95.235 E.01755
G2 X101.94 Y124.799 I1.162 J14.759 E1.34895
G1 E-1.75 F6000
;WIPE_START
G1 F3600
G1 X102.94 Y124.771 E-.75
;WIPE_END
G1 X102.955 Y125.174 Z1.04 F18000
G1 X103.193 Y125.164
G1 X104.38 Y125.024
G1 X105.551 Y124.791
G1 X106.701 Y124.467
G1 X107.821 Y124.053
G1 X108.906 Y123.553
G1 X109.948 Y122.97
G1 X110.941 Y122.306
G1 X111.879 Y121.567
G1 X112.756 Y120.756
G1 X113.567 Y119.879
G1 X114.306 Y118.941
G1 X114.97 Y117.948
G1 X115.553 Y116.906
G1 X116.053 Y115.821
G1 X116.467 Y114.701
G1 X116.616 Y114.172
G1 X119.456 Y112.36
G1 X119.471 Y111.959
G1 Z.84
G1 E2.5 F6000
G1 F3600
G1 X119.5 Y111.96 E.00085
G2 X119.807 Y108.064 I.008 J-1.959 E.17464
G2 X119.44 Y108.042 I-.308 J2.097 E.01096
G2 X119.346 Y111.953 I.068 J1.958 E.17652
G1 X119.411 Y111.956 E.00194
G1 E-1.75 F6000
;WIPE_START
G1 F3600
G1 X119.5 Y111.96 E-.06644
G1 X119.807 Y111.936 E-.23067
G1 X120.106 Y111.864 E-.23073
G1 X120.379 Y111.751 E-.22217
;WIPE_END
G1 X120.547 Y112.115 Z1.04 F18000
G1 X113.567 Y119.879
G1 X112.756 Y120.756
G1 X111.879 Y121.567
G1 X110.941 Y122.306
G1 X109.948 Y122.97
G1 X108.906 Y123.553
G1 X107.821 Y124.053
G1 X106.701 Y124.467
G1 X105.551 Y124.791
G1 X104.38 Y125.024
G1 X103.193 Y125.164
G1 X102 Y125.211
G1 X101.985 Y125.211
G1 X101.985 Y125.202
G1 Z.84
G1 E2.5 F6000
M204 P1500
;TYPE:Inner wall
;WIDTH:0.45
G1 X102 Y125.2 E.00047
G2 X117.164 Y110.994 I-.003 J-15.199 E.73566
G1 X117.352 Y110.957 E.00619
G2 X117.352 Y109.043 I2.145 J-.957 E.4111
G1 X117.164 Y109.006 E.00619
G1 X117.156 Y108.807 E.00639
G2 X101.411 Y94.821 I-15.143 J1.191 E.74826
G1 X100.807 Y94.844 E.01944
G2 X86.836 Y109.006 I1.221 J15.176 E.6971
G1 X86.648 Y109.043 E.00619
G2 X86.648 Y110.957 I-2.147 J.957 E.41162
G1 X86.836 Y110.994 E.00619
G1 X86.844 Y111.193 E.00639
G2 X100.807 Y125.153 I15.152 J-1.192 E.69107
G1 X101.925 Y125.2 E.03598
G1 X106.397 Y125.315 F18000
M204 P2000
;TYPE:Internal solid infill
;WIDTH:0.38292
G1 F6000
G1 X106.333 Y125.352 E.00198
G1 X106.382 Y125.38 E.00151
G1 X106.944 Y124.693 F18000
;TYPE:Gap infill
;WIDTH:0.339901
G1 F6000
G1 X107.169 Y124.653 E.00536
;WIDTH:0.364737
G1 X107.394 Y124.612 E.00581
;WIDTH:0.41441
G1 X107.619 Y124.572 E.00671
;WIDTH:0.464082
G1 F5998.445
G1 X107.844 Y124.532 E.0076
G1 X108.628 Y124.38 F18000
;WIDTH:0.36034
G1 F6000
G1 X109.583 Y124.15 E.02464
G1 X109.907 Y123.881 F18000
;TYPE:Internal solid infill
;WIDTH:0.391044
G1 F6000
G1 X109.978 Y124.147 E.00756
G1 X110.379 Y124.427 F18000
;WIDTH:0.421778
G1 F6000
G1 X110.379 Y123.562 E.0259
G1 X110.758 Y123.309 E.01364
G1 X110.758 Y124.258 E.0284
G1 X111.137 Y124.258 E.01134
G1 X111.137 Y123.055 E.03598
G2 X111.515 Y122.785 I-1.531 J-2.545 E.01395
G1 X111.515 Y124.258 E.04407
G1 X111.894 Y124.258 E.01134
G1 X111.894 Y122.486 E.05301
G1 X112.273 Y122.188 E.01444
G1 X112.273 Y124.258 E.06195
G1 X112.652 Y124.258 E.01134
G1 X112.652 Y121.849 E.0721
G1 X113.031 Y121.498 E.01544
G1 X113.031 Y124.258 E.08258
G1 X113.41 Y124.258 E.01134
G1 X113.41 Y121.127 E.0937
G1 X113.789 Y120.717 E.0167
G1 X113.789 Y133.658 E.38728
G1 X114.167 Y133.658 E.01134
G1 X114.167 Y120.299 E.39979
G1 X114.546 Y119.818 E.01831
G1 X114.546 Y133.658 E.41417
G1 X114.925 Y133.658 E.01134
G1 X114.925 Y119.332 E.42874
G1 X115.304 Y118.765 E.02041
G1 X115.304 Y133.658 E.4457
G1 X115.683 Y133.658 E.01134
G1 X115.683 Y118.172 E.46344
G1 X116.062 Y117.495 E.0232
G1 X116.062 Y133.658 E.48369
G1 X116.441 Y133.658 E.01134
G1 X116.441 Y116.729 E.50663
G2 X116.819 Y115.859 I-5.34 J-2.842 E.02844
G1 X116.819 Y133.658 E.53267
G1 X117.198 Y133.658 E.01134
G1 X117.198 Y114.802 E.56428
G1 X117.503 Y113.722 E.03359
G1 X117.577 Y113.349 E.01138
G1 X117.577 Y133.658 E.60778
G1 X117.956 Y133.658 E.01134
G1 X117.956 Y112.738 E.62606
G1 X118.064 Y112.738 E.00323
G2 X118.335 Y112.856 I.509 J-.796 E.00888
G1 X118.335 Y133.658 E.62252
G1 X118.714 Y133.658 E.01134
G1 X118.714 Y112.984 E.61871
G2 X119.093 Y113.062 I.437 J-1.156 E.01163
G1 X119.093 Y133.658 E.61636
G1 X119.471 Y133.658 E.01134
G1 X119.471 Y113.092 E.61547
G1 X119.85 Y113.067 E.01136
G1 X119.85 Y133.658 E.61622
G1 X120.229 Y133.658 E.01134
G1 X120.229 Y112.997 E.6183
G2 X120.608 Y112.88 I-.181 J-1.255 E.01192
G1 X120.608 Y133.658 E.62181
G1 X120.987 Y133.658 E.01134
G1 X120.987 Y112.707 E.627
G1 X121.366 Y112.463 E.01348
G1 X121.366 Y133.658 E.63429
G1 X121.745 Y133.658 E.01134
G1 X121.745 Y112.122 E.64451
G2 X122.123 Y111.623 I-1.385 J-1.445 E.01882
G1 X122.123 Y133.827 E.66452
G1 X113.41 Y133.827 F18000
G1 F6000
G1 X113.41 Y130.273 E.10638
G1 X112.861 Y129.711 F18000
G1 X112.861 Y124.989
G1 X107.139 Y124.989
G1 X107.139 Y129.711
G1 X107.389 Y134.389
G1 X106.656 Y134.389
G1 X106.656 Y133.827
;WIDTH:0.4228
G1 F6000
G1 X106.656 Y130.442 E.10157
G1 X106.408 Y130.442 E.00746
G1 X106.408 Y125.513 E.14791
G1 X106.276 Y125.513 E.00394
G1 X106.276 Y133.658 E.24439
G1 X105.896 Y133.658 E.0114
G1 X105.896 Y125.513 E.24439
G2 X105.516 Y125.544 I-.113 J.97 E.01151
G1 X105.516 Y133.658 E.24347
G1 X105.137 Y133.658 E.0114
G1 X105.137 Y125.619 E.24121
G1 X104.757 Y125.695 E.01162
G1 X104.757 Y133.658 E.23894
G1 X104.377 Y133.658 E.0114
G1 X104.377 Y125.761 E.23696
G1 X103.997 Y125.806 E.01148
G1 X103.997 Y133.658 E.23561
G1 X103.617 Y133.658 E.0114
G1 X103.617 Y125.851 E.23426
G3 X103.237 Y125.895 I-.469 J-2.391 E.01149
G1 X103.237 Y133.658 E.23294
G1 X102.857 Y133.658 E.0114
G1 X102.857 Y125.91 E.23249
G1 X102.477 Y125.925 E.01141
G1 X102.477 Y133.658 E.23204
G1 X102.098 Y133.658 E.0114
G1 X102.098 Y125.94 E.2316
G3 X101.718 Y125.932 I-.144 J-2.417 E.01141
G1 X101.718 Y133.658 E.23181
G1 X101.338 Y133.658 E.0114
G1 X101.338 Y125.918 E.23226
G1 X100.958 Y125.903 E.01141
G1 X100.958 Y133.658 E.23271
G1 X100.578 Y133.658 E.0114
G1 X100.578 Y125.874 E.23356
G1 X100.198 Y125.829 E.01148
G1 X100.198 Y133.658 E.23491
G1 X99.818 Y133.658 E.0114
G1 X99.818 Y125.784 E.23626
G3 X99.438 Y125.734 I.13 J-2.439 E.01151
G1 X99.438 Y133.658 E.23777
G1 X99.059 Y133.658 E.0114
G1 X99.059 Y125.658 E.24004
G1 X98.679 Y125.583 E.01162
G1 X98.679 Y133.658 E.24231
G1 X98.299 Y133.658 E.0114
G1 X98.299 Y125.507 E.24458
G3 X97.919 Y125.402 I.479 J-2.463 E.01184
G1 X97.919 Y133.658 E.24774
G1 X97.539 Y133.658 E.0114
G1 X97.539 Y125.295 E.25096
G1 X97.159 Y125.187 E.01184
G1 X97.159 Y133.658 E.25417
G1 X96.779 Y133.658 E.0114
G1 X96.779 Y125.055 E.25815
G1 X96.399 Y124.915 E.01215
G1 X96.399 Y133.658 E.26236
G1 X96.019 Y133.658 E.0114
G1 X96.019 Y124.775 E.26656
G3 X95.64 Y124.611 I.851 J-2.493 E.01243
G1 X95.64 Y133.658 E.27148
G1 X95.26 Y133.658 E.0114
G1 X95.26 Y124.435 E.27674
G1 X94.88 Y124.26 E.01255
G1 X94.88 Y133.658 E.28199
G1 X94.5 Y133.658 E.0114
G1 X94.5 Y124.059 E.28803
G1 X94.12 Y123.846 E.01307
G1 X94.12 Y133.658 E.29441
G1 X93.74 Y133.658 E.0114
G1 X93.74 Y123.634 E.3008
G3 X93.36 Y123.387 I1.374 J-2.536 E.0136
G1 X93.36 Y133.658 E.30818
G1 X92.98 Y133.658 E.0114
G1 X92.98 Y123.134 E.3158
G3 X92.601 Y122.876 I1.445 J-2.544 E.01378
G1 X92.601 Y133.658 E.32352
G1 X92.221 Y133.658 E.0114
G1 X92.221 Y122.577 E.3325
G1 X91.841 Y122.278 E.01452
G1 X91.841 Y133.658 E.34149
G1 X91.461 Y133.658 E.0114
G1 X91.461 Y121.953 E.35123
G1 X91.081 Y121.602 E.01552
G1 X91.081 Y133.658 E.36177
G1 X90.701 Y133.658 E.0114
G1 X90.701 Y121.247 E.37243
G1 X90.321 Y120.836 E.01679
G1 X90.321 Y133.658 E.38476
G1 X89.941 Y133.658 E.0114
G1 X89.941 Y120.425 E.39709
G3 X89.562 Y119.955 I2.79 J-2.645 E.01815
G1 X89.562 Y133.658 E.41118
G1 X89.182 Y133.658 E.0114
G1 X89.182 Y119.473 E.42564
G3 X88.802 Y118.923 I3.309 J-2.691 E.02008
G1 X88.802 Y133.658 E.44216
G1 X88.422 Y133.658 E.0114
G1 X88.422 Y118.354 E.45921
G1 X88.042 Y117.681 E.02321
G1 X88.042 Y133.658 E.47943
G1 X87.662 Y133.658 E.0114
G1 X87.662 Y116.952 E.50131
G1 X87.282 Y116.128 E.02723
G1 X87.282 Y133.658 E.52603
G1 X86.902 Y133.658 E.0114
G1 X86.902 Y115.105 E.55674
G1 X86.837 Y114.927 E.00568
G1 X86.523 Y113.813 E.03474
G1 X86.522 Y133.658 E.59551
G1 X86.143 Y133.658 E.0114
G1 X86.143 Y112.611 E.63155
G3 X85.763 Y112.822 I-1.077 J-1.496 E.01306
G1 X85.763 Y133.658 E.62524
G1 X85.383 Y133.658 E.0114
G1 X85.383 Y112.96 E.62108
G1 X85.003 Y113.052 E.01172
G1 X85.003 Y133.658 E.61834
G1 X84.623 Y133.658 E.0114
G1 X84.623 Y113.085 E.61735
G3 X84.243 Y113.083 I-.174 J-3.022 E.01141
G1 X84.243 Y133.658 E.61741
G1 X83.863 Y133.658 E.0114
G1 X83.863 Y113.022 E.61922
G3 X83.483 Y112.918 I.443 J-2.354 E.01184
G1 X83.483 Y133.658 E.62235
G1 X83.104 Y133.658 E.0114
G1 X83.104 Y112.761 E.62707
G1 X82.982 Y112.693 E.00419
G1 X82.724 Y112.693 E.00774
G1 X82.724 Y133.658 E.62912
G1 X82.344 Y133.658 E.0114
G1 X82.344 Y112.523 E.63421
G1 X82.479 Y112.404 F18000
;WIDTH:0.517036
G1 F5328.476
G2 X82.479 Y112.507 I-.03 J.051 E.00924
G1 X82.035 Y111.328 F18000
;TYPE:Gap infill
;WIDTH:0.376902
G1 F6000
G3 X81.959 Y110.937 I9.855 J-2.111 E.0105
;WIDTH:0.332401
G1 X81.941 Y110.837 E.00233
;WIDTH:0.298786
G1 X81.926 Y110.726 E.00226
;WIDTH:0.269551
G1 X81.912 Y110.626 E.00181
;WIDTH:0.234719
G1 X81.891 Y110.417 E.00319
;WIDTH:0.193135
G1 X81.875 Y110.003 E.00491
G1 X81.891 Y109.59 E.0049
;WIDTH:0.233234
G1 X81.911 Y109.382 E.00314
;WIDTH:0.268415
G1 X81.926 Y109.274 E.00195
;WIDTH:0.297305
G1 X81.94 Y109.174 E.00203
;WIDTH:0.330549
G1 X81.959 Y109.063 E.00256
;WIDTH:0.368171
G1 X81.977 Y108.963 E.00262
;WIDTH:0.388757
G1 X82.035 Y108.672 E.00809
G1 X83.05 Y107.24 F18000
;TYPE:Internal solid infill
;WIDTH:0.358669
G1 F6000
G1 X82.371 Y107.24 E.01694
G1 X82.371 Y107.727 E.01216
G1 X83.001 Y107.275 E.01936
G1 X86.223 Y107.263 F18000
;WIDTH:0.505948
G1 F5456.076
G2 X86.22 Y107.363 I-.029 J.05 E.00872
G1 X86.579 Y108.474 F18000
;TYPE:Gap infill
;WIDTH:0.108556
G1 F6000
G1 X86.667 Y108.576 E.0007
G1 X86.776 Y109.218 F18000
;WIDTH:0.458548
G1 F6000
G1 X86.818 Y109.64 E.01395
;WIDTH:0.397875
G1 X86.817 Y110.375 E.02059
;WIDTH:0.450777
G1 X86.776 Y110.782 E.0132
G1 X86.667 Y111.424 F18000
;WIDTH:0.108547
G1 F6000
G1 X86.579 Y111.526 E.0007
G1 X86.405 Y111.392 F18000
G1 X86.409 Y111.387
G1 X86.477 Y111.212
G1 X86.535 Y111.036
G1 X86.581 Y110.862
G1 X86.617 Y110.688
G1 X86.644 Y110.515
G1 X86.662 Y110.342
G1 X86.671 Y110.171
G1 X86.673 Y110
G1 X86.671 Y109.829
G1 X86.662 Y109.658
G1 X86.644 Y109.485
G1 X86.617 Y109.312
G1 X86.581 Y109.138
G1 X86.535 Y108.964
G1 X86.477 Y108.788
G1 X86.409 Y108.613
G1 X86.296 Y108.466
G1 X86.17 Y108.33
G1 X86.034 Y108.204
G1 X86.023 Y108.196
G1 X82.343 Y85.611
G1 X82.343 Y86.173
;TYPE:Internal solid infill
;WIDTH:0.421778
G1 F6000
G1 X82.343 Y107.082 E.62575
G1 X82.722 Y107.082 E.01134
G1 X82.722 Y86.342 E.62067
G1 X83.101 Y86.342 E.01134
G1 X83.101 Y107.082 E.62067
G1 X83.48 Y107.082 E.01134
G1 X83.48 Y86.342 E.62067
G1 X83.859 Y86.342 E.01134
G1 X83.859 Y106.978 E.61757
G1 X84.238 Y106.918 E.01148
G1 X84.238 Y86.342 E.61578
G1 X84.617 Y86.342 E.01134
G1 X84.617 Y106.915 E.61567
G1 X84.995 Y106.947 E.01138
G1 X84.995 Y86.342 E.61662
G1 X85.374 Y86.342 E.01134
G1 X85.374 Y107.037 E.61934
G3 X85.521 Y107.082 I-.114 J.64 E.00459
G1 X85.753 Y107.082 E.00695
G1 X85.753 Y86.342 E.62067
G1 X86.132 Y86.342 E.01134
G1 X86.132 Y107.082 E.62067
G1 X86.337 Y107.082 E.00614
G1 X86.511 Y106.229 E.02605
G1 X86.511 Y86.342 E.59514
G1 X86.89 Y86.342 E.01134
G1 X86.89 Y104.93 E.55627
G1 X87.269 Y103.903 E.03276
G1 X87.269 Y86.342 E.52553
G1 X87.647 Y86.342 E.01134
G1 X87.647 Y103.08 E.50091
G3 X88.026 Y102.347 I4.848 J2.042 E.02471
G1 X88.026 Y86.342 E.47898
G1 X88.405 Y86.342 E.01134
G1 X88.405 Y101.671 E.45874
G1 X88.784 Y101.104 E.02041
G1 X88.784 Y86.342 E.44176
G1 X89.163 Y86.342 E.01134
G1 X89.163 Y100.551 E.42521
G1 X89.542 Y100.07 E.01831
G1 X89.542 Y86.342 E.41083
G1 X89.921 Y86.342 E.01134
G1 X89.921 Y99.598 E.39669
G1 X90.299 Y99.188 E.0167
G1 X90.299 Y86.342 E.38443
G1 X90.678 Y86.342 E.01134
G1 X90.678 Y98.778 E.37217
G3 X91.057 Y98.42 I2.467 J2.232 E.01561
G1 X91.057 Y86.342 E.36146
G1 X91.436 Y86.342 E.01134
G1 X91.436 Y98.07 E.35098
G3 X91.815 Y97.743 I2.265 J2.24 E.015
G1 X91.815 Y86.342 E.34118
G1 X92.194 Y86.342 E.01134
G1 X92.194 Y97.444 E.33225
G1 X92.573 Y97.146 E.01444
G1 X92.573 Y86.342 E.32331
G1 X92.951 Y86.342 E.01134
G1 X92.951 Y96.886 E.31553
G1 X93.33 Y96.633 E.01364
G1 X93.33 Y86.342 E.30796
G1 X93.709 Y86.342 E.01134
G1 X93.709 Y96.384 E.30051
G1 X94.088 Y96.172 E.013
G1 X94.088 Y86.342 E.29416
G1 X94.467 Y86.342 E.01134
G1 X94.467 Y95.959 E.28781
G3 X94.846 Y95.756 I1.484 J2.305 E.01289
G1 X94.846 Y86.342 E.28171
G1 X95.225 Y86.342 E.01134
G1 X95.225 Y95.581 E.27648
G1 X95.603 Y95.406 E.01249
G1 X95.603 Y86.342 E.27125
G1 X95.982 Y86.342 E.01134
G1 X95.982 Y95.239 E.26626
G1 X96.361 Y95.099 E.01208
G1 X96.361 Y86.342 E.26207
G1 X96.74 Y86.342 E.01134
G1 X96.74 Y94.96 E.25789
G3 X97.119 Y94.824 I1.054 J2.343 E.01206
G1 X97.119 Y86.342 E.25383
G1 X97.498 Y86.342 E.01134
G1 X97.498 Y94.717 E.25063
G1 X97.877 Y94.61 E.01178
G1 X97.877 Y86.342 E.24743
G1 X98.255 Y86.342 E.01134
G1 X98.255 Y94.503 E.24423
G3 X98.634 Y94.426 I.68 J2.366 E.01158
G1 X98.634 Y86.342 E.24192
G1 X99.013 Y86.342 E.01134
G1 X99.013 Y94.351 E.23967
G1 X99.392 Y94.275 E.01156
G1 X99.392 Y86.342 E.23741
G1 X99.771 Y86.342 E.01134
G1 X99.771 Y94.221 E.23579
G1 X100.15 Y94.177 E.01142
G1 X100.15 Y86.342 E.23445
G1 X100.529 Y86.342 E.01134
G1 X100.529 Y94.132 E.23311
G3 X100.907 Y94.099 I.395 J2.391 E.01139
G1 X100.907 Y86.342 E.23214
G1 X101.286 Y86.342 E.01134
G1 X101.286 Y94.085 E.2317
G1 X101.665 Y94.07 E.01135
G1 X101.665 Y86.342 E.23125
G1 X102.044 Y86.342 E.01134
G1 X102.044 Y94.058 E.23091
G1 X102.423 Y94.073 E.01135
G1 X102.423 Y86.342 E.23136
G1 X102.802 Y86.342 E.01134
G1 X102.802 Y94.088 E.2318
G1 X103.181 Y94.103 E.01135
G1 X103.181 Y86.342 E.23225
G1 X103.559 Y86.342 E.01134
G1 X103.559 Y94.142 E.23342
G1 X103.938 Y94.187 E.01142
G1 X103.938 Y86.342 E.23476
G1 X104.317 Y86.342 E.01134
G1 X104.317 Y94.232 E.23611
G3 X104.696 Y94.293 I-.199 J2.437 E.0115
G1 X104.696 Y86.342 E.23793
G1 X105.075 Y86.342 E.01134
G1 X105.075 Y94.368 E.24019
G1 X105.454 Y94.444 E.01156
G1 X105.454 Y86.342 E.24244
G1 X105.833 Y86.342 E.01134
G1 X105.833 Y94.528 E.24498
G1 X106.211 Y94.635 E.01178
G1 X106.211 Y86.342 E.24817
G1 X106.59 Y86.342 E.01134
G1 X106.59 Y94.742 E.25137
G3 X106.969 Y94.852 I-.514 J2.465 E.01182
G1 X106.969 Y86.342 E.25468
G1 X107.348 Y86.342 E.01134
G1 X107.348 Y94.992 E.25886
G1 X107.727 Y95.132 E.01208
G1 X107.727 Y86.342 E.26304
G1 X108.106 Y86.342 E.01134
G1 X108.106 Y95.272 E.26724
G1 X108.485 Y95.447 E.01249
G1 X108.485 Y86.342 E.27247
G1 X108.863 Y86.342 E.01134
G1 X108.863 Y95.621 E.27769
G3 X109.242 Y95.797 I-.923 J2.494 E.0125
G1 X109.242 Y86.342 E.28293
G1 X109.621 Y86.342 E.01134
G1 X109.621 Y96.009 E.28928
G1 X110 Y96.221 E.01299
G1 X110 Y86.342 E.29563
G1 X110.379 Y86.342 E.01134
G1 X110.379 Y96.438 E.30214
G1 X110.758 Y96.691 E.01364
G1 X110.758 Y86.342 E.30971
G1 X111.137 Y86.342 E.01134
G1 X111.137 Y96.945 E.31729
G3 X111.515 Y97.215 I-1.531 J2.545 E.01395
G1 X111.515 Y86.342 E.32539
G1 X111.894 Y86.342 E.01134
G1 X111.894 Y97.514 E.33432
G1 X112.273 Y97.812 E.01444
G1 X112.273 Y86.342 E.34326
G1 X112.652 Y86.342 E.01134
G1 X112.652 Y98.151 E.35341
G1 X113.031 Y98.502 E.01544
G1 X113.031 Y86.342 E.36389
G1 X113.41 Y86.342 E.01134
G1 X113.41 Y98.873 E.37501
G1 X113.789 Y99.283 E.0167
G1 X113.789 Y86.342 E.38728
G1 X114.167 Y86.342 E.01134
G1 X114.167 Y99.701 E.39979
G1 X114.546 Y100.182 E.01831
G1 X114.546 Y86.342 E.41417
G1 X114.925 Y86.342 E.01134
G1 X114.925 Y100.668 E.42873
G1 X115.304 Y101.235 E.02041
G1 X115.304 Y86.342 E.4457
G1 X115.683 Y86.342 E.01134
G1 X115.683 Y101.828 E.46344
G1 X116.062 Y102.505 E.0232
G1 X116.062 Y86.342 E.48369
G1 X116.441 Y86.342 E.01134
G1 X116.441 Y103.271 E.50663
G3 X116.819 Y104.141 I-5.34 J2.842 E.02844
G1 X116.819 Y86.342 E.53267
G1 X117.198 Y86.342 E.01134
G1 X117.198 Y105.198 E.56428
G1 X117.503 Y106.278 E.03359
G1 X117.577 Y106.651 E.01138
G1 X117.577 Y86.342 E.60777
G1 X117.956 Y86.342 E.01134
G1 X117.956 Y107.082 E.62067
G1 X118.335 Y107.082 E.01134
G1 X118.335 Y86.342 E.62067
G1 X118.714 Y86.342 E.01134
G1 X118.714 Y107.012 E.61858
G3 X119.093 Y106.938 I.655 J2.338 E.01157
G1 X119.093 Y86.342 E.61636
G1 X119.471 Y86.342 E.01134
G1 X119.471 Y106.908 E.61547
G1 X119.85 Y106.933 E.01136
G1 X119.85 Y86.342 E.61622
G1 X120.229 Y86.342 E.01134
G1 X120.229 Y107.003 E.6183
G2 X120.608 Y107.082 I.444 J-1.18 E.01163
G1 X120.608 Y86.342 E.62067
G1 X120.987 Y86.342 E.01134
G1 X120.987 Y107.29 E.62689
G3 X121.366 Y107.543 I-.88 J1.729 E.01366
G1 X121.366 Y86.342 E.63446
G1 X121.745 Y86.342 E.01134
G1 X121.745 Y107.882 E.64462
G1 X121.853 Y107.99 E.00458
G1 X122.123 Y108.363 E.01378
G1 X122.123 Y86.342 E.659
G1 X122.502 Y86.342 E.01134
G1 X122.502 Y133.658 E1.416
G1 X122.881 Y133.658 E.01134
G1 X122.881 Y86.342 E1.416
G1 X123.26 Y86.342 E.01134
G1 X123.26 Y133.658 E1.416
G1 X123.639 Y133.658 E.01134
G1 X123.639 Y86.342 E1.416
G1 X124.018 Y86.342 E.01134
G1 X124.018 Y133.658 E1.416
G1 X124.397 Y133.658 E.01134
G1 X124.397 Y86.342 E1.416
G1 X124.775 Y86.342 E.01134
G1 X124.775 Y133.658 E1.416
G1 X125.154 Y133.658 E.01134
G1 X125.154 Y86.342 E1.416
G1 X125.533 Y86.342 E.01134
G1 X125.533 Y133.658 E1.416
G1 X125.912 Y133.658 E.01134
G1 X125.912 Y86.342 E1.416
G1 X126.291 Y86.342 E.01134
G1 X126.291 Y133.658 E1.416
G1 X126.67 Y133.658 E.01134
G1 X126.67 Y86.342 E1.416
G1 X127.049 Y86.342 E.01134
G1 X127.049 Y133.658 E1.416
G1 X127.427 Y133.658 E.01134
G1 X127.427 Y86.342 E1.416
G1 X127.806 Y86.342 E.01134
G1 X127.806 Y133.658 E1.416
G1 X128.185 Y133.658 E.01134
G1 X128.185 Y86.342 E1.416
G1 X128.564 Y86.342 E.01134
G1 X128.564 Y133.658 E1.416
G1 X128.943 Y133.658 E.01134
G1 X128.943 Y86.342 E1.416
G1 X129.322 Y86.342 E.01134
G1 X129.322 Y133.658 E1.416
G1 X129.701 Y133.658 E.01134
G1 X129.701 Y86.342 E1.416
G1 X130.079 Y86.342 E.01134
G1 X130.079 Y133.658 E1.416
G1 X130.458 Y133.658 E.01134
G1 X130.458 Y86.342 E1.416
G1 X130.837 Y86.342 E.01134
G1 X130.837 Y133.658 E1.416
G1 X131.216 Y133.658 E.01134
G1 X131.216 Y86.342 E1.416
G1 X131.595 Y86.342 E.01134
G1 X131.595 Y133.658 E1.416
G1 X131.974 Y133.658 E.01134
G1 X131.974 Y86.342 E1.416
G1 X132.353 Y86.342 E.01134
G1 X132.353 Y133.658 E1.416
G1 X132.731 Y133.658 E.01134
G1 X132.732 Y86.342 E1.416
G1 X133.11 Y86.342 E.01134
G1 X133.11 Y133.658 E1.416
G1 X133.489 Y133.658 E.01134
G1 X133.489 Y86.342 E1.416
G1 X133.868 Y86.342 E.01134
G1 X133.868 Y133.658 E1.416
G1 X134.247 Y133.658 E.01134
G1 X134.247 Y86.342 E1.416
G1 X134.626 Y86.342 E.01134
G1 X134.626 Y133.658 E1.416
G1 X135.005 Y133.658 E.01134
G1 X135.005 Y86.342 E1.416
G1 X135.384 Y86.342 E.01134
G1 X135.384 Y133.658 E1.416
G1 X135.762 Y133.658 E.01134
G1 X135.762 Y86.342 E1.416
G1 X136.141 Y86.342 E.01134
G1 X136.141 Y133.658 E1.416
G1 X136.52 Y133.658 E.01134
G1 X136.52 Y86.342 E1.416
G1 X136.899 Y86.342 E.01134
G1 X136.899 Y133.658 E1.416
G1 X137.278 Y133.658 E.01134
G1 X137.278 Y86.342 E1.416
G1 X137.657 Y86.342 E.01134
G1 X137.657 Y133.827 E1.42108
G1 X117.781 Y112.537 F18000
;WIDTH:0.38292
G1 F6000
G1 X117.717 Y112.574 E.00198
G1 X117.766 Y112.602 E.00151
G1 X117.421 Y111.527 F18000
;TYPE:Gap infill
;WIDTH:0.09332
G1 F6000
G1 X117.333 Y111.424 E.00054
G1 X117.224 Y110.782 F18000
;WIDTH:0.450757
G1 F6000
G1 X117.183 Y110.375 E.0132
;WIDTH:0.397871
G1 X117.182 Y109.64 E.02059
;WIDTH:0.458527
G1 X117.224 Y109.218 E.01394
G1 X117.333 Y108.576 F18000
;WIDTH:0.0933205
G1 F6000
G1 X117.421 Y108.473 E.00054
G1 X120.686 Y107.143 F18000
;TYPE:Internal solid infill
;WIDTH:0.38292
G1 F6000
G1 X120.622 Y107.18 E.00198
G1 X120.671 Y107.208 E.00151
G1 X117.826 Y107.258 F18000
;WIDTH:0.491962
G1 F5626.012
G2 X117.822 Y107.355 I-.028 J.048 E.00809
; stop printing object base_plate.stl id:0 copy 0
M106 S112
;LAYER_CHANGE
;Z:1.04
;HEIGHT:0.2
G92 E0 ; zero the extruded length again
; BEFORE_LAYER_CHANGE 4 @ 1.04mm
G1 E-2.26468 F6000
;WIPE_START
G1 F5626.012
G1 X117.77 Y107.355 E-.05573
G1 X117.742 Y107.306 E-.05986
G1 X117.77 Y107.258 E-.05986
G1 X117.826 Y107.258 E-.05986
;WIPE_END
; AFTER_LAYER_CHANGE 4 @ 1.04mm
;_SET_FAN_SPEED_CHANGING_LAYER
; printing object base_plate.stl id:0 copy 0
G17
G3 Z1.24 I-.12 J.597 P1  F18000
G1 X120.051 Y107.704 Z1.24
G1 X120.23 Y107.754
G1 X120.404 Y107.818
G1 X120.572 Y107.896
G1 X120.734 Y107.987
G1 X120.888 Y108.09
G1 X121.034 Y108.204
G1 X121.17 Y108.33
G1 X121.296 Y108.466
G1 X121.41 Y108.612
G1 X121.513 Y108.766
G1 X121.604 Y108.928
G1 X121.682 Y109.097
G1 X121.746 Y109.27
G1 X121.796 Y109.449
G1 X121.832 Y109.631
G1 X121.854 Y109.815
G1 X121.861 Y110
G1 X121.854 Y110.185
G1 X121.832 Y110.369
G1 X121.796 Y110.551
G1 X121.746 Y110.73
G1 X121.682 Y110.903
G1 X121.604 Y111.072
G1 X121.513 Y111.234
G1 X121.41 Y111.388
G1 X121.296 Y111.534
G1 X121.178 Y111.66
G1 X138.389 Y134.389
G1 X138.79 Y134.79
G1 Z1.04
G1 E2.5 F6000
M204 P1000
;TYPE:Outer wall
;WIDTH:0.42
G1 F3600
G1 X112.21 Y134.79 E.79173
G1 X112.21 Y129.31 E.16323
G1 X112.46 Y129.31 E.00745
G1 X112.46 Y125.39 E.11676
G1 X107.54 Y125.39 E.14655
G1 X107.54 Y129.31 E.11676
G1 X107.79 Y129.31 E.00745
G1 X107.79 Y134.79 E.16323
G1 X81.21 Y134.79 E.79173
G1 X81.21 Y85.21 E1.47682
G1 X138.79 Y85.21 E1.71511
G1 X138.79 Y134.73 E1.47503
G1 X138.389 Y134.389 F18000
G1 X138.389 Y134.389
G1 X138.398 Y134.398
M204 P1500
;TYPE:Inner wall
;WIDTH:0.45
G1 F6000
G1 X112.602 Y134.398 E.8295
G1 X112.602 Y129.702 E.151
G1 X112.852 Y129.702 E.00804
G1 X112.852 Y124.998 E.15127
G1 X107.148 Y124.998 E.18342
G1 X107.148 Y129.702 E.15127
G1 X107.398 Y129.702 E.00804
G1 X107.398 Y134.398 E.151
G1 X81.602 Y134.398 E.8295
G1 X81.602 Y85.602 E1.5691
G1 X138.398 Y85.602 E1.82635
G1 X138.398 Y134.338 E1.56717
G1 X137.991 Y133.991 F18000
G1 F6000
G1 X113.009 Y133.991 E.80332
G1 X113.009 Y130.109 E.12482
G1 X113.259 Y130.109 E.00804
G1 X113.259 Y124.591 E.17745
G1 X108.065 Y124.591 E.16701
G1 X108.023 Y124.399 E.00632
G1 X109.087 Y123.909 E.03766
G1 X110.156 Y123.31 E.03941
G1 X111.175 Y122.629 E.03941
G1 X112.138 Y121.87 E.03941
G1 X113.038 Y121.038 E.03942
G1 X113.87 Y120.138 E.03941
G1 X114.629 Y119.175 E.03941
G1 X115.31 Y118.156 E.03941
G1 X115.909 Y117.087 E.03941
G1 X116.422 Y115.974 E.03941
G1 X116.846 Y114.824 E.03941
G1 X117.179 Y113.644 E.03941
G1 X117.418 Y112.442 E.03941
G1 X117.483 Y111.891 E.01783
G2 X117.483 Y108.109 I2.013 J-1.891 E.42406
G1 X117.418 Y107.558 E.01783
G1 X117.179 Y106.356 E.03941
G1 X116.846 Y105.176 E.03941
G1 X116.422 Y104.026 E.03941
G1 X115.909 Y102.913 E.03941
G1 X115.31 Y101.844 E.03941
G1 X114.629 Y100.825 E.03941
G1 X113.87 Y99.862 E.03941
G1 X113.038 Y98.962 E.03941
G1 X112.138 Y98.13 E.03942
G1 X111.175 Y97.371 E.03941
G1 X110.156 Y96.69 E.03941
G1 X109.087 Y96.091 E.03941
G1 X107.974 Y95.578 E.03941
G1 X106.824 Y95.154 E.03941
G1 X105.644 Y94.821 E.03941
G1 X104.442 Y94.582 E.03941
G1 X103.225 Y94.438 E.03941
G1 X102 Y94.39 E.03941
G1 X100.775 Y94.438 E.03941
G1 X99.558 Y94.582 E.03941
G1 X98.356 Y94.821 E.03942
G1 X97.176 Y95.154 E.03941
G1 X96.026 Y95.578 E.03941
G1 X94.913 Y96.091 E.03942
G1 X93.844 Y96.69 E.03941
G1 X92.825 Y97.371 E.03941
G1 X91.862 Y98.13 E.03941
G1 X90.962 Y98.962 E.03941
G1 X90.13 Y99.862 E.03941
G1 X89.371 Y100.825 E.03941
G1 X88.69 Y101.844 E.03941
G1 X88.091 Y102.913 E.03941
G1 X87.578 Y104.026 E.03941
G1 X87.154 Y105.176 E.03941
G1 X86.821 Y106.356 E.03941
G1 X86.582 Y107.558 E.03941
G1 X86.517 Y108.109 E.01783
G2 X82.182 Y108.504 I-2.011 J1.91 E.16091
G1 X82.009 Y108.452 E.00582
G1 X82.009 Y86.009 E.72167
G1 X137.991 Y86.009 E1.80017
G1 X137.991 Y133.931 E1.54099
G1 E-1.75
;WIPE_START
G1 X136.991 Y133.933 E-.75
;WIPE_END
G1 X136.991 Y134.389 Z1.24 F18000
G1 X109.193 Y123.392
G1 X108.906 Y123.553
G1 X107.821 Y124.053
G1 X106.701 Y124.467
G1 X105.551 Y124.791
G1 X104.38 Y125.024
G1 X103.193 Y125.164
G1 X102 Y125.211
G1 X100.807 Y125.164
G1 X99.62 Y125.024
G1 X98.449 Y124.791
G1 X97.3 Y124.467
G1 X96.179 Y124.053
G1 X95.094 Y123.553
G1 X94.052 Y122.97
G1 X93.059 Y122.306
G1 X92.121 Y121.567
G1 X91.244 Y120.756
G1 X90.433 Y119.879
G1 X89.694 Y118.941
G1 X89.03 Y117.948
G1 X88.447 Y116.906
G1 X87.947 Y115.821
G1 X87.533 Y114.701
G1 X87.274 Y113.78
G1 X84.685 Y112.354
G1 X84.716 Y112.743
G1 Z1.04
G1 E2.5 F6000
G1 X84.931 Y112.719 E.00695
G2 X86.517 Y111.891 I-.426 J-2.749 E.05858
G1 X86.582 Y112.442 E.01783
G1 X86.821 Y113.644 E.03941
G1 X87.154 Y114.824 E.03941
G1 X87.578 Y115.974 E.03941
G1 X88.091 Y117.087 E.03941
G1 X88.69 Y118.156 E.03941
G1 X89.371 Y119.175 E.03941
G1 X90.13 Y120.138 E.03941
G1 X90.962 Y121.038 E.03941
G1 X91.862 Y121.87 E.03941
G1 X92.825 Y122.629 E.03941
G1 X93.844 Y123.31 E.03941
G1 X94.913 Y123.909 E.03941
G1 X96.026 Y124.422 E.03942
G1 X97.176 Y124.846 E.03941
G1 X98.356 Y125.179 E.03941
G1 X99.558 Y125.418 E.03942
G1 X100.775 Y125.562 E.03941
G1 X102 Y125.61 E.03941
G1 X103.225 Y125.562 E.03941
G1 X104.442 Y125.418 E.03941
G1 X105.644 Y125.179 E.03941
G1 X106.741 Y124.869 E.03664
G1 X106.741 Y130.109 E.16849
G1 X106.991 Y130.109 E.00804
G1 X106.991 Y133.991 E.12482
G1 X82.009 Y133.991 E.80332
G1 X82.009 Y111.548 E.72167
G1 X82.182 Y111.496 E.00582
G1 X82.267 Y111.622 E.0049
G2 X84.5 Y112.752 I2.238 J-1.652 E.08346
G1 X84.656 Y112.745 E.00502
M204 T1000
G1 X84.641 Y112.356 F18000
G1 X84.637 Y112.356
G1 X84.621 Y111.954
M204 P1000
;TYPE:Outer wall
;WIDTH:0.42
G1 F3600
G1 X84.653 Y111.949 E.00099
G2 X84.807 Y108.064 I-.146 J-1.952 E.16985
G2 X84.427 Y108.043 I-.307 J2.079 E.01134
G2 X84.347 Y111.948 I.081 J1.955 E.1759
G1 X84.561 Y111.953 E.00638
M204 T2000
G1 E-1.75 F6000
;WIPE_START
G1 F3600
G1 X84.653 Y111.949 E-.06961
G1 X84.958 Y111.906 E-.23041
G1 X85.106 Y111.864 E-.11545
G1 X85.39 Y111.747 E-.23067
G1 X85.511 Y111.679 E-.10385
;WIPE_END
G1 X85.707 Y112.029 Z1.24 F18000
G1 X89.03 Y117.948
G1 X89.694 Y118.941
G1 X90.433 Y119.879
G1 X91.244 Y120.756
G1 X92.121 Y121.567
G1 X93.059 Y122.306
G1 X94.052 Y122.97
G1 X95.094 Y123.553
G1 X96.179 Y124.053
G1 X97.3 Y124.467
G1 X98.449 Y124.791
G1 X99.62 Y125.024
G1 X100.807 Y125.164
G1 X101.671 Y125.198
G1 X101.984 Y125.211
G1 X102 Y124.799
G1 Z1.04
G1 E2.5 F6000
G1 F3600
G2 X102 Y95.19 I0 J-14.805 E1.38536
G1 X101.275 Y95.218 E.02162
G1 X100.838 Y95.235 E.01302
G2 X101.94 Y124.799 I1.162 J14.759 E1.34895
G1 E-1.75 F6000
;WIPE_START
G1 F3600
G1 X102.94 Y124.771 E-.75
;WIPE_END
G1 X102.955 Y125.174 Z1.24 F18000
G1 X103.193 Y125.164
G1 X104.38 Y125.024
G1 X105.551 Y124.791
G1 X106.701 Y124.467
G1 X107.821 Y124.053
G1 X108.906 Y123.553
G1 X109.948 Y122.97
G1 X110.941 Y122.306
G1 X111.879 Y121.567
G1 X112.756 Y120.756
G1 X113.567 Y119.879
G1 X114.306 Y118.941
G1 X114.97 Y117.948
G1 X115.553 Y116.906
G1 X116.053 Y115.821
G1 X116.467 Y114.701
G1 X116.614 Y114.18
G1 X119.464 Y112.36
G1 X119.48 Y111.959
G1 Z1.04
G1 E2.5 F6000
G1 F3600
G1 X119.5 Y111.96 E.00059
G2 X119.807 Y108.064 I.008 J-1.959 E.17465
G2 X119.427 Y108.043 I-.307 J2.079 E.01134
G2 X119.346 Y111.953 I.081 J1.958 E.17613
G1 X119.42 Y111.957 E.00221
G1 E-1.75 F6000
;WIPE_START
G1 F3600
G1 X119.5 Y111.96 E-.05984
G1 X119.807 Y111.936 E-.23067
G1 X120.106 Y111.864 E-.23073
G1 X120.388 Y111.748 E-.22876
;WIPE_END
G1 X120.555 Y112.112 Z1.24 F18000
G1 X113.567 Y119.879
G1 X112.756 Y120.756
G1 X111.879 Y121.567
G1 X110.941 Y122.306
G1 X109.948 Y122.97
G1 X108.906 Y123.553
G1 X107.821 Y124.053
G1 X106.701 Y124.467
G1 X105.551 Y124.791
G1 X104.38 Y125.024
G1 X103.193 Y125.164
G1 X102 Y125.211
G1 X101.985 Y125.211
G1 X101.985 Y125.202
G1 Z1.04
G1 E2.5 F6000
M204 P1500
;TYPE:Inner wall
;WIDTH:0.45
G1 X102 Y125.2 E.00047
G2 X117.164 Y110.994 I-.003 J-15.199 E.73566
G1 X117.352 Y110.957 E.00619
G2 X117.352 Y109.043 I2.147 J-.957 E.41163
G1 X117.164 Y109.006 E.00619
G1 X117.156 Y108.807 E.00639
G2 X101.26 Y94.826 I-15.144 J1.191 E.75315
G1 X100.807 Y94.844 E.01456
G2 X86.836 Y109.006 I1.221 J15.176 E.6971
G1 X86.648 Y109.043 E.00619
G2 X86.648 Y110.957 I-2.147 J.957 E.41162
G1 X86.836 Y110.994 E.00619
G1 X86.844 Y111.193 E.00639
G2 X100.807 Y125.153 I15.152 J-1.192 E.69107
G1 X101.926 Y125.2 E.03598
G1 X104.039 Y126.196 F18000
M204 P2000
;TYPE:Sparse infill
G1 F6205.95
G2 X106.015 Y125.828 I-2.385 J-18.287 E.06469
G1 X106.015 Y128.399 E.08267
G1 X103.837 Y126.22 E.09908
G3 X101.444 Y126.314 I-1.84 J-16.302 E.07707
G1 X106.643 Y131.513 E.23641
G1 X106.643 Y133.265 E.05636
G1 X105.908 Y133.265 E.02361
G1 X98.612 Y125.969 E.3318
G3 X95.675 Y125.059 I2.262 J-12.489 E.09913
G1 X94.128 Y124.3 F18000
G1 F6205.95
G3 X87.335 Y117.18 I7.908 J-14.344 E.32141
G1 X82.626 Y112.47 E.21419
G3 X82.357 Y112.241 I.587 J-.961 E.01137
G1 X82.357 Y114.485 E.07215
G1 X85.127 Y113.043 F18000
;TYPE:Internal solid infill
;WIDTH:0.38292
G1 F6000
G1 X85.696 Y112.88 E.01589
;WIDTH:0.401122
G1 X85.951 Y112.764 E.00791
;WIDTH:0.430404
G1 X86.205 Y112.649 E.00856
G1 X86.285 Y112.81 E.0055
;WIDTH:0.383095
G1 X86.47 Y113.735 E.02535
G1 X86.811 Y114.942 E.0337
G1 X87.245 Y116.118 E.0337
G1 X87.771 Y117.257 E.0337
G1 X88.384 Y118.351 E.0337
G1 X89.082 Y119.394 E.0337
G1 X89.858 Y120.378 E.0337
G1 X90.71 Y121.299 E.0337
G1 X91.631 Y122.15 E.0337
G1 X92.617 Y122.926 E.0337
G1 X93.66 Y123.622 E.0337
G1 X94.754 Y124.235 E.0337
G1 X95.893 Y124.759 E.03371
G1 X97.07 Y125.193 E.0337
G1 X98.277 Y125.533 E.0337
G1 X99.508 Y125.777 E.03371
G1 X100.753 Y125.924 E.0337
G1 X102.006 Y125.973 E.0337
G1 X103.259 Y125.923 E.0337
G1 X104.505 Y125.775 E.0337
G2 X106.31 Y125.396 I-4.994 J-28.264 E.04957
G1 X106.358 Y125.559 E.00456
G1 X106.358 Y130.314 E.12777
G1 X106.343 Y130.453 E.00377
G1 X106.944 Y124.693 F18000
;TYPE:Gap infill
;WIDTH:0.339901
G1 F6000
G1 X107.169 Y124.653 E.00536
;WIDTH:0.364737
G1 X107.394 Y124.612 E.00581
;WIDTH:0.41441
G1 X107.619 Y124.572 E.00671
;WIDTH:0.464082
G1 F5998.445
G1 X107.844 Y124.532 E.0076
G1 X108.628 Y124.38 F18000
;WIDTH:0.36034
G1 F6000
G1 X109.583 Y124.15 E.02464
G1 X112.374 Y122.608 F18000
;TYPE:Sparse infill
;WIDTH:0.45
G1 F6205.95
G3 X111.11 Y123.545 I-6.593 J-7.571 E.05065
G1 X111.43 Y123.865 E.01458
G1 X113.714 Y123.865 E.07343
G1 X115.653 Y133.265 F18000
G1 F6205.95
G1 X113.357 Y133.265 E.07381
G1 X113.357 Y130.835 E.07817
G1 X113.425 Y130.835 E.00219
G1 X115.856 Y133.266 E.11055
G1 X118.343 Y133.266 E.07997
G1 X113.985 Y128.907 E.19823
G1 X113.985 Y126.42 E.07997
G1 X121.208 Y133.643 E.32847
G1 X123.695 Y133.643 E.07997
G1 X113.985 Y123.933 E.44157
G1 X113.985 Y123.865 E.00216
G1 X113.917 Y123.865 E.00216
G1 X112.534 Y122.482 E.06293
G2 X113.81 Y121.271 I-14.668 J-16.746 E.05658
G1 X126.182 Y133.643 E.5626
G1 X128.669 Y133.643 E.07997
G1 X114.957 Y119.931 E.62355
G2 X115.972 Y118.459 I-17.66 J-13.26 E.05751
G1 X131.156 Y133.643 E.6905
G1 X133.643 Y133.643 E.07997
G1 X116.827 Y116.827 E.7647
G2 X117.536 Y115.049 I-10.942 J-5.393 E.06162
G1 X136.13 Y133.643 E.84556
G1 X133.846 Y133.643 E.07343
G1 X137.643 Y120.437 F18000
G1 F6205.95
G1 X137.643 Y122.721 E.07343
G1 X114.829 Y99.907 E1.03748
G2 X112.093 Y97.171 I-10.946 J8.211 E.1248
G1 X101.657 Y86.734 E.47463
G1 X104.144 Y86.734 E.07997
G1 X137.643 Y120.233 E1.5234
G1 X137.643 Y117.746 E.07997
G1 X106.631 Y86.734 E1.4103
G1 X109.118 Y86.735 E.07997
G1 X137.643 Y115.259 E1.2972
G1 X137.643 Y112.772 E.07997
G1 X111.605 Y86.735 E1.1841
G1 X114.092 Y86.735 E.07997
G1 X137.643 Y110.285 E1.071
G1 X137.643 Y107.798 E.07997
G1 X116.579 Y86.735 E.9579
G1 X119.066 Y86.735 E.07997
G1 X137.643 Y105.311 E.8448
G1 X137.643 Y107.595 E.07343
G1 X138.389 Y107.595 F18000
G1 X119.5 Y107.639
G1 X119.315 Y107.646
G1 X119.131 Y107.668
G1 X118.949 Y107.704
G1 X118.77 Y107.754
G1 X118.596 Y107.818
G1 X118.428 Y107.896
G1 X118.266 Y107.987
G1 X118.112 Y108.09
G1 X117.966 Y108.204
G1 X117.83 Y108.33
G1 X117.704 Y108.466
G1 X117.595 Y108.608
G1 X117.421 Y108.473
;TYPE:Gap infill
;WIDTH:0.0933208
G1 F6000
G1 X117.333 Y108.576 E.00054
G1 X117.224 Y109.218 F18000
;WIDTH:0.458527
G1 F6000
G1 X117.182 Y109.64 E.01394
;WIDTH:0.397871
G1 X117.183 Y110.375 E.02059
;WIDTH:0.450757
G1 X117.224 Y110.782 E.0132
G1 X117.333 Y111.424 F18000
;WIDTH:0.0933199
G1 F6000
G1 X117.421 Y111.527 E.00054
G1 X117.591 Y114.853 F18000
;TYPE:Sparse infill
;WIDTH:0.45
G1 F6205.95
G2 X118.017 Y113.147 I-10.629 J-3.559 E.05662
G2 X118.198 Y113.224 I.582 J-1.111 E.00633
G1 X137.643 Y132.669 E.88426
G1 X137.643 Y130.182 E.07997
G1 X120.719 Y113.258 E.7696
G2 X122.173 Y112.224 I-1.242 J-3.284 E.05798
G1 X137.643 Y127.695 E.70352
G1 X137.643 Y125.208 E.07997
G1 X122.947 Y110.512 E.66828
G2 X118.995 Y106.56 I-3.45 J-.502 E.20853
G1 X117.595 Y105.16 E.06366
G2 X115.932 Y101.471 I-15.285 J4.67 E.13049
G1 X119.269 Y86.735 F18000
G1 F6205.95
G1 X119.604 Y86.735 E.01076
G1 X119.635 Y86.357 E.01217
G1 X120.134 Y86.357 E.01604
G1 X120.002 Y86.438 E.00496
G1 X120.086 Y86.734 E.00991
G1 X121.553 Y86.735 E.04716
G1 X137.643 Y102.824 E.7317
G1 X137.643 Y100.337 E.07997
G1 X123.663 Y86.357 E.63575
G1 X126.15 Y86.357 E.07997
G1 X137.643 Y97.85 E.52265
G1 X137.643 Y95.363 E.07997
G1 X128.637 Y86.357 E.40955
G1 X131.124 Y86.357 E.07997
G1 X137.643 Y92.876 E.29645
G1 X137.643 Y90.389 E.07997
G1 X133.611 Y86.357 E.18336
G1 X136.098 Y86.357 E.07997
G1 X137.643 Y87.902 E.07026
G1 X137.643 Y86.357 E.04968
G1 X136.301 Y86.357 E.04313
G1 X120.806 Y86.372 F18000
;TYPE:Internal solid infill
;WIDTH:0.38292
G1 F6000
G1 X121.66 Y86.372 E.02293
G1 X101.453 Y86.734 F18000
;TYPE:Sparse infill
;WIDTH:0.45
G1 F6205.95
G1 X100.731 Y86.734 E.02321
G1 X100.644 Y86.445 E.00973
G1 X100.776 Y86.357 E.00509
G1 X98.792 Y86.357 E.06378
G1 X106.84 Y94.405 E.36597
G2 X103.714 Y93.766 I-4.961 J16.295 E.10277
G1 X96.305 Y86.357 E.33689
G1 X93.818 Y86.357 E.07997
G1 X101.158 Y93.697 E.33378
G2 X98.94 Y93.966 I.893 J16.685 E.07192
G1 X91.331 Y86.357 E.34599
G1 X88.844 Y86.357 E.07997
G1 X96.951 Y94.464 E.36865
G2 X95.173 Y95.173 I3.61 J11.639 E.06162
G1 X86.357 Y86.357 E.40089
G1 X83.87 Y86.357 E.07997
G1 X93.541 Y96.028 E.43979
G2 X92.069 Y97.043 I11.796 J18.686 E.05751
G1 X82.357 Y87.331 E.44165
G1 X82.357 Y89.818 E.07997
G1 X90.729 Y98.19 E.3807
G2 X89.518 Y99.466 I15.541 J15.95 E.05658
G1 X82.357 Y92.305 E.32565
G1 X82.357 Y94.792 E.07997
G1 X88.455 Y100.89 E.2773
G2 X87.522 Y102.445 I9.402 J6.698 E.05835
G1 X82.357 Y97.28 E.23489
G1 X82.357 Y99.767 E.07997
G1 X86.754 Y104.164 E.19996
G2 X86.154 Y106.05 I11.7 J4.763 E.06373
G1 X82.357 Y102.254 E.17265
G1 X82.357 Y104.741 E.07997
G1 X84.253 Y106.636 E.0862
G1 X84.059 Y106.931 E.01136
G2 X82.646 Y107.516 I.444 J3.077 E.0497
G1 X82.357 Y107.228 E.01311
G1 X82.357 Y104.944 E.07343
G1 X84.526 Y106.891 F18000
;TYPE:Internal solid infill
;WIDTH:0.38292
G1 F6000
G3 X85.938 Y107.229 I-.023 J3.211 E.03932
;WIDTH:0.401121
G1 X86.072 Y107.29 E.00416
;WIDTH:0.427514
G1 X86.205 Y107.351 E.00447
G1 X86.285 Y107.19 E.00546
;WIDTH:0.38292
G1 X86.47 Y106.265 E.02534
G1 X86.811 Y105.058 E.03368
G1 X87.245 Y103.882 E.03368
G1 X87.771 Y102.743 E.03368
G1 X88.384 Y101.649 E.03369
G1 X89.082 Y100.606 E.03368
G1 X89.858 Y99.622 E.03368
G1 X90.71 Y98.701 E.03368
G1 X91.631 Y97.85 E.03368
G1 X92.617 Y97.074 E.03368
G1 X93.66 Y96.378 E.03368
G1 X94.754 Y95.765 E.03368
G1 X95.893 Y95.241 E.03369
G1 X97.07 Y94.807 E.03368
G1 X98.277 Y94.467 E.03368
G1 X99.508 Y94.223 E.03369
G1 X100.753 Y94.076 E.03368
G1 X102.006 Y94.027 E.03368
G1 X103.259 Y94.077 E.03368
G1 X104.505 Y94.225 E.03368
G1 X105.735 Y94.47 E.03369
G1 X106.942 Y94.811 E.03368
G1 X108.118 Y95.245 E.03368
G1 X109.257 Y95.771 E.03368
G1 X110.351 Y96.384 E.03369
G1 X111.394 Y97.082 E.03368
G1 X112.378 Y97.858 E.03368
G1 X113.299 Y98.71 E.03369
G1 X114.15 Y99.631 E.03368
G1 X114.926 Y100.617 E.03368
G1 X115.622 Y101.66 E.03368
G1 X116.235 Y102.754 E.03368
G1 X116.759 Y103.893 E.03368
G1 X117.193 Y105.07 E.03368
G1 X117.533 Y106.277 E.03368
G1 X117.721 Y107.215 E.02568
;WIDTH:0.39891
G1 X117.754 Y107.278 E.00202
;WIDTH:0.419854
G1 X117.788 Y107.341 E.00214
G1 X117.942 Y107.299 E.00476
;WIDTH:0.38292
G3 X119.378 Y106.888 I1.599 J2.878 E.04046
G1 X119.976 Y106.92 E.01607
G3 X120.928 Y107.228 I-.495 J3.157 E.02699
G1 X121.513 Y107.613 E.01882
G3 X122.422 Y108.923 I-2.202 J2.498 E.04322
G1 X122.579 Y109.485 E.01567
G3 X122.219 Y111.523 I-3.108 J.502 E.05663
G3 X117.955 Y112.703 I-2.716 J-1.521 E.13216
;WIDTH:0.401132
G1 X117.875 Y112.676 E.0024
;WIDTH:0.425172
G1 X117.795 Y112.649 E.00256
G1 X117.715 Y112.81 E.00543
;WIDTH:0.38292
G1 X117.53 Y113.735 E.02534
G1 X117.189 Y114.942 E.03368
G1 X116.754 Y116.118 E.03368
G1 X116.229 Y117.257 E.03368
G1 X115.616 Y118.351 E.03368
G1 X114.919 Y119.394 E.03368
G1 X114.142 Y120.378 E.03368
G1 X113.29 Y121.299 E.03368
G1 X112.369 Y122.15 E.03369
G1 X111.383 Y122.926 E.03368
G3 X110.004 Y123.831 I-13.996 J-19.833 E.04433
G1 X110.013 Y124.09 E.00696
G1 X110.1 Y124.208 E.00394
G1 X113.504 Y124.208 E.09141
G1 X113.642 Y124.236 E.0038
G1 X113.655 Y130.449 E.16687
G1 X113.711 Y133.628 F18000
G1 F6000
G1 X118.381 Y133.628 E.12541
G1 X118.381 Y134.389 F18000
G1 X112.861 Y124.989
G1 X107.139 Y124.989
G1 X107.139 Y129.711
G1 X107.389 Y134.389
G1 X100.959 Y134.389
G1 X100.959 Y133.628
G1 F6000
G1 X106.229 Y133.628 E.14153
G1 X98.171 Y133.628 F18000
G1 F6000
G1 X99.642 Y133.628 E.03951
G1 X91.567 Y133.643 F18000
;TYPE:Sparse infill
;WIDTH:0.45
G1 F6205.95
G1 X93.85 Y133.643 E.07343
G1 X82.357 Y122.15 E.52265
G1 X82.357 Y119.663 E.07997
G1 X96.337 Y133.643 E.63575
G1 X97.802 Y133.643 E.04708
G1 X97.859 Y133.265 E.01226
G1 X98.447 Y133.265 E.01893
G1 X82.357 Y117.176 E.7317
G1 X82.357 Y114.689 E.07997
G1 X100.934 Y133.265 E.8448
G1 X103.421 Y133.265 E.07997
G1 X94.82 Y124.665 E.39113
G3 X94.128 Y124.3 I1.969 J-4.582 E.02519
G1 X82.357 Y124.84 F18000
G1 F6205.95
G1 X82.357 Y127.124 E.07343
G1 X88.876 Y133.643 E.29645
G1 X91.363 Y133.643 E.07997
G1 X82.357 Y124.637 E.40955
G1 X82.357 Y122.353 E.07343
G1 X82.357 Y132.301 F18000
G1 F6205.95
G1 X82.357 Y133.643 E.04313
G1 X83.902 Y133.643 E.04968
G1 X82.357 Y132.098 E.07026
G1 X82.357 Y129.611 E.07997
G1 X86.389 Y133.643 E.18336
G1 X84.106 Y133.643 E.07343
G1 X86.579 Y111.526 F18000
;TYPE:Gap infill
;WIDTH:0.108554
G1 F6000
G1 X86.667 Y111.424 E.0007
G1 X86.776 Y110.782 F18000
;WIDTH:0.450777
G1 F6000
G1 X86.817 Y110.375 E.0132
;WIDTH:0.397875
G1 X86.818 Y109.64 E.02059
;WIDTH:0.458548
G1 X86.776 Y109.218 E.01395
G1 X86.667 Y108.576 F18000
;WIDTH:0.108554
G1 F6000
G1 X86.579 Y108.474 E.0007
G1 X86.405 Y108.608 F18000
G1 X86.296 Y108.466
G1 X86.17 Y108.33
G1 X86.034 Y108.204
G1 X85.888 Y108.09
G1 X85.734 Y107.987
G1 X85.572 Y107.896
G1 X85.404 Y107.818
G1 X85.23 Y107.754
G1 X85.051 Y107.704
G1 X84.869 Y107.668
G1 X84.685 Y107.646
G1 X84.5 Y107.639
G1 X84.315 Y107.646
G1 X84.131 Y107.668
G1 X83.949 Y107.704
G1 X83.77 Y107.754
G1 X83.596 Y107.818
G1 X83.428 Y107.896
G1 X83.266 Y107.987
G1 X83.112 Y108.09
G1 X82.966 Y108.204
G1 X82.83 Y108.33
G1 X82.704 Y108.466
G1 X82.59 Y108.612
G1 X82.487 Y108.766
G1 X82.419 Y108.887
G1 X82.035 Y108.672
;WIDTH:0.388763
G1 F6000
G1 X81.977 Y108.963 E.00809
;WIDTH:0.368176
G1 X81.959 Y109.063 E.00262
;WIDTH:0.330552
G1 X81.94 Y109.174 E.00256
;WIDTH:0.297306
G1 X81.926 Y109.274 E.00203
;WIDTH:0.268416
G1 X81.911 Y109.382 E.00195
;WIDTH:0.233233
G1 X81.891 Y109.59 E.00314
;WIDTH:0.193135
G1 X81.875 Y110.003 E.0049
G1 X81.891 Y110.417 E.00491
;WIDTH:0.234719
G1 X81.912 Y110.626 E.00319
;WIDTH:0.269552
G1 X81.926 Y110.726 E.00181
;WIDTH:0.298789
G1 X81.941 Y110.837 E.00226
;WIDTH:0.332404
G1 X81.959 Y110.937 E.00233
;WIDTH:0.376903
G2 X82.035 Y111.328 I9.926 J-1.719 E.0105
G1 X81.611 Y111.328 F18000
G1 X81.611 Y85.611
G1 X101.413 Y85.611
G1 X101.413 Y86.372
;TYPE:Internal solid infill
;WIDTH:0.38292
G1 F6000
G1 X119.21 Y86.372 E.47797
; stop printing object base_plate.stl id:0 copy 0
M106 S102
;LAYER_CHANGE
;Z:1.24
;HEIGHT:0.2
G92 E0 ; zero the extruded length again
; BEFORE_LAYER_CHANGE 5 @ 1.24mm
G1 E-1.75 F6000
;WIPE_START
G1 X118.21 Y86.372 E-.75
;WIPE_END
; AFTER_LAYER_CHANGE 5 @ 1.24mm
;_SET_FAN_SPEED_CHANGING_LAYER
; printing object base_plate.stl id:0 copy 0
G17
G3 Z1.44 I.608 J0 P1  F18000
G1 X118.21 Y85.611 Z1.44
G1 X138.389 Y134.389
G1 X138.389 Y134.389
G1 X138.79 Y134.79
G1 Z1.24
G1 E2.5 F6000
M204 P1000
;TYPE:Outer wall
;WIDTH:0.42
G1 F3600
G1 X138.16 Y134.79 E.01877
G1 X112.84 Y134.79 E.7542
M106 S127
G1 F3000
G1 X112 Y134.79 E.02502
G1 F1320
G1 X111.8 Y134.79 E.00596
M204 P500
;TYPE:Overhang wall
;WIDTH:0.364292
G1 F1500
G1 X108.2 Y134.79 E.09139
M204 P1000
;TYPE:Outer wall
;WIDTH:0.42
G1 F1320
G1 X108 Y134.79 E.00596
M106 S102
G1 F3000
G1 X107.16 Y134.79 E.02502
G1 F3600
G1 X81.84 Y134.79 E.7542
G1 X81.21 Y134.79 E.01877
G1 X81.21 Y85.21 E1.47682
G1 X138.79 Y85.21 E1.71511
G1 X138.79 Y134.73 E1.47503
G1 X138.389 Y134.389 F18000
G1 X138.389 Y134.389
G1 X138.398 Y134.398
M204 P1500
;TYPE:Inner wall
;WIDTH:0.45
G1 F6000
G1 X138.1 Y134.398 E.00958
G1 X112.9 Y134.398 E.81034
M106 S127
G1 F3000
G1 X112 Y134.398 E.02894
G1 F1140
G1 X111.8 Y134.398 E.00643
M204 P500
;TYPE:Overhang wall
;WIDTH:0.364292
G1 F1500
G1 X108.2 Y134.398 E.09139
M204 P1500
;TYPE:Inner wall
;WIDTH:0.45
G1 F1140
G1 X108 Y134.398 E.00643
M106 S102
G1 F3000
G1 X107.1 Y134.398 E.02894
G1 F6000
G1 X81.9 Y134.398 E.81034
G1 X81.602 Y134.398 E.00958
G1 X81.602 Y85.602 E1.5691
G1 X138.398 Y85.602 E1.82635
G1 X138.398 Y134.338 E1.56717
G1 X137.991 Y133.991 F18000
G1 F6000
G1 X112.9 Y133.991 E.80684
M106 S127
G1 F3000
G1 X112 Y133.991 E.02894
G1 F1140
G1 X111.8 Y133.991 E.00643
M204 P500
;TYPE:Overhang wall
;WIDTH:0.364292
G1 F1500
G1 X108.2 Y133.991 E.09139
M204 P1500
;TYPE:Inner wall
;WIDTH:0.45
G1 F1140
G1 X108 Y133.991 E.00643
M106 S102
G1 F3000
G1 X107.1 Y133.991 E.02894
G1 F6000
G1 X82.009 Y133.991 E.80684
G1 X82.009 Y111.548 E.72169
G1 X82.182 Y111.496 E.00581
G1 X82.401 Y111.793 E.01187
G1 X82.548 Y111.952 E.00696
G1 X82.708 Y112.099 E.00699
G1 X83.058 Y112.353 E.01391
G1 X83.247 Y112.459 E.00697
G1 X83.647 Y112.625 E.01393
G1 X83.856 Y112.684 E.00698
G1 X84.283 Y112.752 E.0139
G1 X84.5 Y112.76 E.00698
G1 X84.932 Y112.726 E.01393
G1 X85.353 Y112.625 E.01392
G1 X85.556 Y112.55 E.00696
G1 X85.753 Y112.459 E.00698
G1 X86.122 Y112.233 E.01391
G1 X86.517 Y111.891 E.0168
G1 X86.582 Y112.442 E.01784
G1 X86.821 Y113.644 E.03941
G1 X87.154 Y114.824 E.03943
G1 X87.578 Y115.974 E.03941
G1 X88.091 Y117.087 E.03941
G1 X88.69 Y118.156 E.0394
G1 X89.371 Y119.175 E.03941
G1 X90.13 Y120.138 E.03943
G1 X90.962 Y121.038 E.03941
G1 X91.862 Y121.87 E.03941
G1 X92.825 Y122.629 E.03943
G1 X93.844 Y123.31 E.03941
G1 X94.913 Y123.909 E.0394
G1 X96.026 Y124.422 E.03941
G1 X97.176 Y124.846 E.03941
G1 X98.356 Y125.179 E.03943
G1 X99.558 Y125.418 E.03941
G1 X100.775 Y125.562 E.03941
G1 X102 Y125.61 E.03942
G1 X103.225 Y125.562 E.03942
G1 X104.442 Y125.418 E.03941
G1 X105.644 Y125.179 E.03941
G1 X106.641 Y124.898 E.03331
G1 X106.641 Y130.209 E.17078
M106 S127
G1 F3000
G1 X108 Y130.209 E.0437
G1 F1140
G1 X108.2 Y130.209 E.00643
M204 P500
;TYPE:Overhang wall
;WIDTH:0.364292
G1 F1500
G1 X111.8 Y130.209 E.09139
M204 P1500
;TYPE:Inner wall
;WIDTH:0.45
G1 F1140
G1 X112 Y130.209 E.00643
M106 S102
G1 F3000
G1 X113.359 Y130.209 E.0437
G1 F6000
G1 X113.359 Y124.491 E.18387
G1 X108.282 Y124.491 E.16326
G1 X108.24 Y124.299 E.00632
G1 X109.087 Y123.909 E.02998
G1 X110.156 Y123.31 E.0394
G1 X111.175 Y122.629 E.03941
G1 X112.138 Y121.87 E.03943
G1 X113.038 Y121.038 E.03941
G1 X113.87 Y120.138 E.03941
G1 X114.629 Y119.175 E.03943
G1 X115.31 Y118.156 E.03941
G1 X115.909 Y117.087 E.0394
G1 X116.422 Y115.974 E.03941
G1 X116.846 Y114.824 E.03941
G1 X117.179 Y113.644 E.03943
G1 X117.418 Y112.442 E.03941
G1 X117.483 Y111.891 E.01784
G1 X117.708 Y112.099 E.00985
G1 X118.058 Y112.353 E.01391
G1 X118.444 Y112.55 E.01394
G1 X118.856 Y112.684 E.01393
G1 X119.283 Y112.752 E.0139
G1 X119.717 Y112.752 E.01396
G1 X120.144 Y112.684 E.0139
G1 X120.556 Y112.55 E.01393
G1 X120.942 Y112.353 E.01394
G1 X121.292 Y112.099 E.01391
G1 X121.599 Y111.793 E.01394
G1 X121.853 Y111.442 E.01393
G1 X122.05 Y111.056 E.01394
G1 X122.184 Y110.645 E.0139
G1 X122.226 Y110.432 E.00698
G1 X122.26 Y110 E.01393
G1 X122.226 Y109.568 E.01393
G1 X122.184 Y109.355 E.00698
G1 X122.05 Y108.944 E.0139
G1 X121.853 Y108.558 E.01394
G1 X121.599 Y108.207 E.01393
G1 X121.292 Y107.901 E.01394
G1 X120.942 Y107.647 E.01391
G1 X120.556 Y107.45 E.01394
G1 X120.144 Y107.316 E.01393
G1 X119.717 Y107.248 E.0139
G1 X119.283 Y107.248 E.01396
G1 X118.856 Y107.316 E.0139
G1 X118.444 Y107.45 E.01393
G1 X118.058 Y107.647 E.01394
G1 X117.708 Y107.901 E.01391
G1 X117.483 Y108.109 E.00985
G1 X117.418 Y107.558 E.01784
G1 X117.179 Y106.356 E.03941
G1 X116.846 Y105.176 E.03943
G1 X116.422 Y104.026 E.03941
G1 X115.909 Y102.913 E.03941
G1 X115.31 Y101.844 E.0394
G1 X114.629 Y100.825 E.03941
G1 X113.87 Y99.862 E.03943
G1 X113.038 Y98.962 E.03941
G1 X112.138 Y98.13 E.03941
G1 X111.175 Y97.371 E.03943
G1 X110.156 Y96.69 E.03941
G1 X109.087 Y96.091 E.0394
G1 X107.974 Y95.578 E.03941
G1 X106.824 Y95.154 E.03941
G1 X105.644 Y94.821 E.03943
G1 X104.442 Y94.582 E.03941
G1 X103.225 Y94.438 E.03941
G1 X102 Y94.39 E.03942
G1 X100.775 Y94.438 E.03942
G1 X99.558 Y94.582 E.03941
G1 X98.356 Y94.821 E.03941
G1 X97.176 Y95.154 E.03943
G1 X96.026 Y95.578 E.03941
G1 X94.913 Y96.091 E.03941
G1 X93.844 Y96.69 E.0394
G1 X92.825 Y97.371 E.03941
G1 X91.862 Y98.13 E.03943
G1 X90.962 Y98.962 E.03941
G1 X90.13 Y99.862 E.03941
G1 X89.371 Y100.825 E.03943
G1 X88.69 Y101.844 E.03941
G1 X88.091 Y102.913 E.0394
G1 X87.578 Y104.026 E.03941
G1 X87.154 Y105.176 E.03941
G1 X86.821 Y106.356 E.03943
G1 X86.582 Y107.558 E.03941
G1 X86.517 Y108.109 E.01784
G1 X86.122 Y107.767 E.0168
G1 X85.753 Y107.541 E.01391
G1 X85.556 Y107.45 E.00698
G1 X85.353 Y107.375 E.00696
G1 X84.932 Y107.274 E.01392
G1 X84.5 Y107.24 E.01393
G1 X84.283 Y107.248 E.00698
G1 X83.856 Y107.316 E.0139
G1 X83.647 Y107.375 E.00698
G1 X83.247 Y107.541 E.01393
G1 X83.058 Y107.647 E.00697
G1 X82.708 Y107.901 E.01391
G1 X82.548 Y108.048 E.00699
G1 X82.401 Y108.207 E.00696
G1 X82.182 Y108.504 E.01187
G1 X82.009 Y108.452 E.00581
G1 X82.009 Y86.009 E.72169
G1 X137.991 Y86.009 E1.80018
G1 X137.991 Y133.931 E1.541
G1 E-1.75
;WIPE_START
G1 X136.991 Y133.933 E-.75
;WIPE_END
G1 X136.991 Y134.389 Z1.44 F18000
G1 X110.057 Y129.811
G1 X107.44 Y129.811
G1 X107.44 Y129.41
G1 Z1.24
G1 E2.5 F6000
M204 P1000
;TYPE:Outer wall
;WIDTH:0.42
G1 F3000
M106 S127
G1 X108 Y129.41 E.01668
G1 F1320
G1 X108.2 Y129.41 E.00596
M204 P500
;TYPE:Overhang wall
;WIDTH:0.364292
G1 F1500
G1 X111.8 Y129.41 E.09139
M204 P1000
;TYPE:Outer wall
;WIDTH:0.42
G1 F1320
G1 X112 Y129.41 E.00596
M106 S102
G1 F3000
G1 X112.56 Y129.41 E.01668
G1 F3600
G1 X112.56 Y125.29 E.12272
G1 X107.44 Y125.29 E.15251
G1 X107.44 Y125.692 E.01197
G1 X107.44 Y128.908 E.09579
G1 X107.44 Y129.35 E.01317
G1 X107.039 Y129.35 F18000
G1 X107.039 Y129.41
G1 X107.048 Y129.41
M204 P1500
;TYPE:Inner wall
;WIDTH:0.45
G1 F6000
G1 X107.048 Y129.802 E.01261
M106 S127
G1 F3000
G1 X108 Y129.802 E.03061
G1 F1140
G1 X108.2 Y129.802 E.00643
M204 P500
;TYPE:Overhang wall
;WIDTH:0.364292
G1 F1500
G1 X111.8 Y129.802 E.09139
M204 P1500
;TYPE:Inner wall
;WIDTH:0.45
G1 F1140
G1 X112 Y129.802 E.00643
M106 S102
G1 F3000
G1 X112.952 Y129.802 E.03061
G1 F6000
G1 X112.952 Y124.898 E.15769
G1 X107.048 Y124.898 E.18985
G1 X107.048 Y129.35 E.14316
G1 E-1.75
;WIPE_START
G1 X107.048 Y129.802 E-.33906
G1 X107.596 Y129.802 E-.41094
;WIPE_END
G1 X107.596 Y129.811 Z1.44 F18000
G1 X101.679 Y125.199
G1 X100.807 Y125.164
G1 X99.62 Y125.024
G1 X98.449 Y124.791
G1 X97.3 Y124.467
G1 X96.179 Y124.053
G1 X95.094 Y123.553
G1 X94.052 Y122.97
G1 X93.059 Y122.306
G1 X92.121 Y121.567
G1 X91.244 Y120.756
G1 X90.433 Y119.879
G1 X89.694 Y118.941
G1 X89.03 Y117.948
G1 X88.447 Y116.906
G1 X87.947 Y115.821
G1 X87.533 Y114.701
G1 X87.35 Y114.05
G1 X84.703 Y112.352
G1 X84.655 Y111.954
G1 Z1.24
G1 E2.5 F6000
M204 P1000
;TYPE:Outer wall
;WIDTH:0.42
G1 F3600
G1 X84.957 Y111.903 E.00911
G2 X84.807 Y108.064 I-.449 J-1.905 E.16068
G2 X84.414 Y108.043 I-.307 J2.076 E.01173
G2 X84.599 Y111.953 I.094 J1.955 E.18305
G1 E-1.75 F6000
;WIPE_START
G1 F3600
G1 X84.957 Y111.903 E-.27127
G1 X85.106 Y111.864 E-.11537
G1 X85.39 Y111.747 E-.23067
G1 X85.524 Y111.671 E-.11545
G1 X85.543 Y111.658 E-.01724
;WIPE_END
G1 X85.766 Y111.992 Z1.44 F18000
G1 X88.447 Y116.906
G1 X89.03 Y117.948
G1 X89.694 Y118.941
G1 X90.433 Y119.879
G1 X91.244 Y120.756
G1 X92.121 Y121.567
G1 X93.059 Y122.306
G1 X94.052 Y122.97
G1 X95.094 Y123.553
G1 X96.179 Y124.053
G1 X97.3 Y124.467
G1 X98.449 Y124.791
G1 X99.62 Y125.024
G1 X100.807 Y125.164
G1 X101.671 Y125.198
G1 X101.984 Y125.211
G1 X102 Y124.81
G1 Z1.24
G1 E2.5 F6000
G1 F3600
G1 X102 Y124.799 E.00034
G2 X102 Y95.19 I0 J-14.805 E1.38536
G1 X101.123 Y95.224 E.02614
G1 X100.838 Y95.235 E.0085
G2 X100.839 Y124.753 I1.162 J14.759 E1.31611
G1 X101.94 Y124.807 E.03283
G1 E-1.75 F6000
;WIPE_START
G1 F3600
G1 X102 Y124.799 E-.04565
G1 X102.939 Y124.771 E-.70435
;WIPE_END
G1 X102.955 Y125.174 Z1.44 F18000
G1 X103.193 Y125.164
G1 X104.38 Y125.024
G1 X105.551 Y124.791
G1 X106.701 Y124.467
G1 X107.821 Y124.053
G1 X108.906 Y123.553
G1 X109.948 Y122.97
G1 X110.941 Y122.306
G1 X111.879 Y121.567
G1 X112.756 Y120.756
G1 X113.567 Y119.879
G1 X114.306 Y118.941
G1 X114.97 Y117.948
G1 X115.553 Y116.906
G1 X116.053 Y115.821
G1 X116.467 Y114.701
G1 X116.611 Y114.187
G1 X119.473 Y112.36
G1 X119.489 Y111.96
G1 Z1.24
G1 E2.5 F6000
G1 F3600
G1 X119.5 Y111.955 E.00036
G2 X119.807 Y108.064 I.008 J-1.957 E.17441
G2 X119.414 Y108.043 I-.307 J2.076 E.01173
G2 X119.347 Y111.948 I.094 J1.955 E.17554
G1 X119.429 Y111.955 E.00247
G1 E-1.75 F6000
;WIPE_START
G1 F3600
G1 X119.5 Y111.955 E-.05303
G1 X119.807 Y111.936 E-.2304
G1 X120.106 Y111.864 E-.23073
G1 X120.39 Y111.747 E-.23067
G1 X120.396 Y111.743 E-.00517
;WIPE_END
G1 X120.592 Y112.093 Z1.44 F18000
G1 X113.567 Y119.879
G1 X112.756 Y120.756
G1 X111.879 Y121.567
G1 X110.941 Y122.306
G1 X109.948 Y122.97
G1 X108.906 Y123.553
G1 X107.821 Y124.053
G1 X106.701 Y124.467
G1 X105.551 Y124.791
G1 X104.38 Y125.024
G1 X103.193 Y125.164
G1 X102 Y125.211
G1 X101.985 Y125.211
G1 X101.985 Y125.202
G1 Z1.24
G1 E2.5 F6000
M204 P1500
;TYPE:Inner wall
;WIDTH:0.45
G1 X102 Y125.2 E.00047
G2 X117.164 Y110.994 I-.003 J-15.199 E.73566
G1 X117.352 Y110.957 E.00619
G2 X117.352 Y109.043 I2.147 J-.957 E.41163
G1 X117.164 Y109.006 E.00619
G1 X117.156 Y108.807 E.00639
G2 X101.108 Y94.832 I-15.146 J1.192 E.75807
G1 X100.807 Y94.844 E.00967
G2 X86.836 Y109.006 I1.221 J15.176 E.6971
G1 X86.648 Y109.043 E.00619
G2 X86.648 Y110.957 I-2.147 J.957 E.41162
G1 X86.836 Y110.994 E.00619
G1 X86.844 Y111.193 E.00639
G2 X100.807 Y125.153 I15.152 J-1.192 E.69107
G1 X101.926 Y125.2 E.03599
G1 X106.844 Y124.659 F18000
M204 P2000
;TYPE:Gap infill
;WIDTH:0.178069
G1 F6000
G1 X107.018 Y124.628 E.00189
;WIDTH:0.202653
G1 X107.193 Y124.597 E.00223
;WIDTH:0.251821
G1 X107.367 Y124.566 E.00292
;WIDTH:0.300989
G1 X107.541 Y124.535 E.00361
;WIDTH:0.350157
G1 X107.715 Y124.504 E.00429
;WIDTH:0.399324
G1 X107.889 Y124.473 E.00498
;WIDTH:0.448492
G1 X108.063 Y124.441 E.00567
G1 X108.843 Y124.275 F18000
;WIDTH:0.253534
G1 F6000
G1 X109.763 Y124.054 E.01573
G1 X107.039 Y124.889 F18000
G1 X107.039 Y129.811
G1 X107.519 Y129.811
G1 X106.034 Y134.389
G1 X106.034 Y133.621
M204 P500
;TYPE:Bridge
;WIDTH:0.364292
G1 F1500
M106 S127
G1 X113.821 Y133.621 E.19767
G1 X113.821 Y133.299 E.00816
G1 X106.179 Y133.299 E.194
G1 X106.179 Y132.978 E.00816
G1 X113.821 Y132.978 E.194
G1 X113.821 Y132.657 E.00816
G1 X106.179 Y132.657 E.194
G1 X106.179 Y132.335 E.00816
G1 X113.821 Y132.335 E.194
G1 X113.821 Y132.014 E.00816
G1 X106.179 Y132.014 E.194
G1 X106.179 Y131.692 E.00816
G1 X113.821 Y131.692 E.194
G1 X113.821 Y131.371 E.00816
G1 X106.179 Y131.371 E.194
G1 X106.179 Y131.05 E.00816
G1 X113.821 Y131.05 E.194
G1 X113.821 Y130.728 E.00816
G1 X106.179 Y130.728 E.194
G1 X106.179 Y130.407 E.00816
G1 X113.966 Y130.407 E.19767
G1 X120.491 Y133.205 F18000
M204 P2000
;TYPE:Sparse infill
;WIDTH:0.45
G1 F6205.95
M106 S102
G1 X120.152 Y133.411 E.01275
G1 X119.854 Y133.113 E.01355
G1 X119.07 Y133.643 E.03041
G1 X121.208 Y133.643 E.06873
G1 X120.665 Y133.1 E.02469
G1 X122.212 Y132.16 E.05821
G1 X123.695 Y133.643 E.06743
G1 X126.182 Y133.643 E.07997
G1 X123.841 Y131.302 E.10643
G1 X125.085 Y130.059 E.05655
G1 X128.669 Y133.643 E.16298
G1 X131.156 Y133.643 E.07997
G1 X126.328 Y128.815 E.21953
G1 X127.572 Y127.572 E.05655
G1 X133.643 Y133.643 E.27608
G1 X136.13 Y133.643 E.07997
G1 X128.815 Y126.328 E.33263
G1 X130.059 Y125.085 E.05655
G1 X137.643 Y132.669 E.34489
G1 X137.643 Y130.182 E.07997
G1 X131.302 Y123.841 E.28834
G1 X131.714 Y123.429 E.01875
G1 X131.532 Y123.246 E.00831
G1 X132.054 Y122.386 E.03237
G1 X131.575 Y122.741 F18000
M204 P500
;TYPE:Internal Bridge
;WIDTH:0.379473
;HEIGHT:0.379473
G1 F2250
M106 S127
G1 X123.311 Y131.005 E.52206
G1 X121.77 Y131.939 E.0805
G1 X131.939 Y121.77 E.64241
G1 X132.879 Y120.223 E.08086
G1 X120.223 Y132.879 E.79952
G1 X119.913 Y132.581 E.01919
G1 X132.581 Y119.913 E.80027
G1 X133.515 Y118.372 E.0805
G1 X118.255 Y133.631 E.96399
G1 X117.648 Y133.631 E.02713
G1 X134.455 Y116.825 E1.06172
G1 X134.157 Y116.515 E.01919
G1 X117.041 Y133.631 E1.08128
G1 X116.433 Y133.631 E.02713
G1 X135.091 Y114.974 E1.17865
G1 X134.793 Y114.664 E.01919
G1 X115.826 Y133.631 E1.1982
G1 X115.218 Y133.631 E.02713
G1 X134.489 Y114.36 E1.21739
G1 X135.423 Y112.819 E.0805
G1 X114.611 Y133.631 E1.31476
G1 X114.196 Y133.631 E.01852
G1 X114.196 Y133.439 E.00861
G1 X135.126 Y112.51 E1.32214
G1 X134.822 Y112.206 E.01918
G1 X114.196 Y132.831 E1.30296
G1 X114.196 Y132.224 E.02713
G1 X135.76 Y110.657 E1.36233
G1 X135.458 Y110.355 E.01909
G1 X114.196 Y131.617 E1.34314
G1 X114.196 Y131.009 E.02713
G1 X135.154 Y110.051 E1.32396
G1 X134.851 Y109.748 E.01918
G1 X114.196 Y130.402 E1.30477
G1 X114.196 Y130.311 E.00405
G1 X114.041 Y129.95 E.01757
G1 X135.789 Y108.199 E1.37395
G1 X135.487 Y107.897 E.01909
G1 X113.719 Y129.665 E1.37514
G1 X113.719 Y129.058 E.02713
G1 X135.183 Y107.593 E1.35596
G1 X134.879 Y107.289 E.01918
G1 X113.719 Y128.45 E1.33677
G1 X113.719 Y127.843 E.02713
G1 X134.576 Y106.986 E1.31759
G1 X135.51 Y105.444 E.0805
G1 X113.719 Y127.235 E1.37659
G1 X113.719 Y126.628 E.02713
G1 X135.212 Y105.135 E1.35778
G1 X134.908 Y104.831 E.01918
G1 X113.719 Y126.021 E1.33859
G1 X113.719 Y125.413 E.02713
G1 X134.605 Y104.527 E1.31941
G1 X134.301 Y104.224 E.01918
G1 X113.719 Y124.806 E1.30022
G1 X113.719 Y124.199 E.02713
G1 X135.239 Y102.675 E1.35959
G1 X134.937 Y102.373 E.01909
G1 X113.178 Y124.131 E1.37453
G1 X112.571 Y124.131 E.02713
G1 X134.633 Y102.069 E1.39371
G1 X134.33 Y101.766 E.01918
G1 X111.964 Y124.131 E1.4129
G1 X111.356 Y124.131 E.02713
G1 X134.026 Y101.462 E1.43208
G1 X133.722 Y101.158 E.01918
G1 X110.749 Y124.131 E1.45127
G1 X110.149 Y124.124 E.0268
G1 X111.286 Y122.987 E.0718
G1 X112.372 Y122.144 E.06142
G1 X113.292 Y121.292 E.05602
G1 X114.143 Y120.372 E.05601
G1 X114.987 Y119.286 E.06143
G1 X133.419 Y100.854 E1.16434
G1 X133.115 Y100.551 E.01918
G1 X115.992 Y117.674 E1.0817
G2 X116.589 Y116.469 I-7.356 J-4.398 E.06013
G1 X119.985 Y113.073 E.21455
G3 X119.34 Y113.111 I-.443 J-2.019 E.029
G1 X116.996 Y115.454 E.14804
G2 X117.298 Y114.546 I-5.623 J-2.369 E.04282
G1 X118.804 Y113.04 E.09515
G1 X118.342 Y112.895 E.02165
G1 X117.534 Y113.703 E.05104
G1 X117.684 Y112.944 E.03453
G1 X118.079 Y112.55 E.0249
G1 X118.352 Y112.061 F18000
G1 X118.428 Y112.104
G1 X118.596 Y112.182
G1 X118.77 Y112.246
G1 X118.949 Y112.296
G1 X119.131 Y112.332
G1 X119.315 Y112.354
G1 X119.5 Y112.361
G1 X119.685 Y112.354
G1 X119.869 Y112.332
G1 X120.051 Y112.296
G1 X120.23 Y112.246
G1 X120.404 Y112.182
G1 X120.572 Y112.104
G1 X120.734 Y112.013
G1 X120.888 Y111.91
G1 X121.034 Y111.796
G1 X121.17 Y111.67
G1 X121.296 Y111.534
G1 X121.41 Y111.388
G1 X121.513 Y111.234
G1 X121.604 Y111.072
G1 X121.682 Y110.903
G1 X121.746 Y110.73
G1 X121.79 Y110.573
G1 X122.332 Y110.726
G1 F2250
G1 X134.053 Y99.002 E.74056
G1 X133.751 Y98.7 E.01909
G1 X122.608 Y109.843 E.70392
G2 X122.54 Y109.304 I-2.307 J.019 E.02433
G1 X133.447 Y98.396 E.68905
G1 X133.144 Y98.093 E.01918
G1 X122.395 Y108.842 E.67904
G1 X122.194 Y108.435 E.02026
G1 X132.84 Y97.789 E.67253
G1 X132.536 Y97.485 E.01918
G1 X121.947 Y108.075 E.66897
G2 X121.657 Y107.757 I-1.147 J.756 E.01928
G1 X132.233 Y97.181 E.66809
G1 X131.929 Y96.878 E.01918
G1 X121.326 Y107.481 E.66983
G2 X120.951 Y107.248 I-.923 J1.065 E.01978
G1 X131.625 Y96.574 E.67429
G1 X131.322 Y96.27 E.01918
G1 X120.529 Y107.063 E.6818
G2 X120.048 Y106.937 I-.639 J1.455 E.02231
G1 X131.018 Y95.967 E.69301
G1 X130.714 Y95.663 E.01918
G1 X119.488 Y106.889 E.70917
G2 X118.81 Y106.959 I-.117 J2.175 E.03057
G1 X130.411 Y95.359 E.7328
G1 X130.107 Y95.056 E.01918
G1 X117.754 Y107.408 E.78032
G1 X117.654 Y106.901 E.02307
G1 X129.803 Y94.752 E.76751
G1 X129.499 Y94.448 E.01918
G1 X117.553 Y106.395 E.75469
G2 X117.427 Y105.913 I-3.123 J.557 E.02226
G1 X129.196 Y94.145 E.74344
G1 X130.13 Y92.603 E.0805
G1 X117.294 Y105.439 E.81088
G2 X117.154 Y104.972 I-3.039 J.655 E.02182
G1 X129.832 Y92.294 E.80091
G1 X129.528 Y91.99 E.01918
G1 X116.99 Y104.528 E.79206
G1 X116.826 Y104.085 E.02112
G1 X129.225 Y91.686 E.78322
G1 X128.921 Y91.383 E.01918
G1 X116.647 Y103.657 E.77536
G1 X116.455 Y103.241 E.02045
G1 X128.617 Y91.079 E.76828
G1 X128.314 Y90.775 E.01918
G1 X116.264 Y102.825 E.76121
G2 X116.051 Y102.431 I-2.611 J1.158 E.02004
G1 X128.01 Y90.472 E.75549
G1 X127.706 Y90.168 E.01918
G1 X115.833 Y102.042 E.75008
G2 X115.614 Y101.653 I-2.585 J1.194 E.01995
G1 X127.402 Y89.864 E.74469
G1 X127.336 Y89.798 E.00421
G1 X126.128 Y90.531 E.06311
G1 X115.371 Y101.288 E.67957
G1 X115.128 Y100.924 E.01956
G1 X125.552 Y90.5 E.6585
G1 X125.248 Y90.197 E.01918
G1 X114.881 Y100.564 E.65491
G1 X114.613 Y100.224 E.01932
G1 X124.944 Y89.893 E.65264
G1 X124.641 Y89.589 E.01918
G1 X114.345 Y99.885 E.65037
G2 X114.072 Y99.551 I-2.256 J1.571 E.0193
G1 X124.337 Y89.286 E.64847
G1 X124.033 Y88.982 E.01918
G1 X113.78 Y99.235 E.64772
G1 X113.488 Y98.92 E.0192
G1 X123.73 Y88.678 E.64696
G1 X123.426 Y88.375 E.01918
G1 X113.189 Y98.612 E.6467
G1 X112.873 Y98.32 E.0192
G1 X123.122 Y88.071 E.64746
G1 X122.818 Y87.767 E.01918
G1 X112.557 Y98.028 E.64821
G2 X112.232 Y97.746 I-1.952 J1.925 E.01925
G1 X122.515 Y87.464 E.64959
G1 X122.211 Y87.16 E.01918
G1 X111.892 Y97.479 E.65186
G1 X111.553 Y97.211 E.01932
G1 X121.907 Y86.856 E.65413
G1 X121.655 Y86.604 E.01595
G1 X121.659 Y86.497 E.00478
G1 X111.201 Y96.956 E.6607
G1 X110.836 Y96.712 E.01956
G1 X121.18 Y86.369 E.65344
G1 X120.915 Y86.369 E.01185
G1 X120.029 Y86.912 E.04643
G1 X110.472 Y96.469 E.60372
G2 X110.092 Y96.242 I-1.631 J2.302 E.01981
G1 X119.147 Y87.187 E.57203
G1 X119.201 Y86.525 E.02966
G1 X109.703 Y96.024 E.60006
G1 X109.313 Y95.806 E.01993
G1 X118.751 Y86.369 E.59619
G1 X118.143 Y86.369 E.02713
G1 X108.902 Y95.61 E.58381
G1 X108.486 Y95.419 E.02045
G1 X117.536 Y86.369 E.57171
G1 X116.929 Y86.369 E.02713
G1 X108.068 Y95.23 E.55977
G1 X107.624 Y95.066 E.02113
G1 X116.321 Y86.369 E.54943
G1 X115.714 Y86.369 E.02713
G1 X107.18 Y94.902 E.53909
G2 X106.723 Y94.752 I-1.184 J2.833 E.02152
G1 X115.107 Y86.369 E.5296
G1 X114.499 Y86.369 E.02713
G1 X106.249 Y94.619 E.52116
G1 X105.776 Y94.485 E.02199
G1 X113.892 Y86.369 E.51272
G1 X113.285 Y86.369 E.02713
G1 X105.272 Y94.381 E.50615
G1 X104.766 Y94.28 E.02307
G1 X112.677 Y86.369 E.49978
G1 X112.07 Y86.369 E.02713
G1 X104.242 Y94.197 E.4945
G1 X103.699 Y94.132 E.02443
G1 X111.462 Y86.369 E.49044
G1 X110.855 Y86.369 E.02713
G1 X103.148 Y94.075 E.48685
G1 X102.564 Y94.052 E.02613
G1 X110.248 Y86.369 E.4854
G1 X109.64 Y86.369 E.02713
G1 X101.978 Y94.031 E.48406
G1 X101.346 Y94.056 E.02826
G1 X109.033 Y86.369 E.48562
G1 X108.426 Y86.369 E.02713
G1 X100.71 Y94.084 E.48738
G1 X100.022 Y94.165 E.03099
G1 X107.818 Y86.369 E.49253
G1 X107.211 Y86.369 E.02713
G1 X99.316 Y94.264 E.49876
G1 X98.557 Y94.415 E.03453
G1 X106.603 Y86.369 E.50828
G1 X105.996 Y86.369 E.02713
G1 X97.745 Y94.62 E.52127
G2 X96.876 Y94.882 I1.23 J5.66 E.04058
G1 X105.389 Y86.369 E.53779
G1 X104.781 Y86.369 E.02713
G1 X95.913 Y95.237 E.56022
G1 X94.791 Y95.752 E.05518
G1 X104.367 Y86.175 E.60498
G1 X104.367 Y85.611 F18000
G1 X91.244 Y99.244
G1 X90.433 Y100.121
G1 X89.694 Y101.059
G1 X89.03 Y102.052
G1 X88.447 Y103.094
G1 X87.947 Y104.179
G1 X87.533 Y105.299
G1 X87.323 Y106.046
G1 X85.741 Y107.992
G1 X86.051 Y107.528
G1 F2250
G1 X86.264 Y107.316 E.01345
G1 X86.415 Y106.557 E.03453
G1 X85.804 Y107.168 E.03859
G2 X85.358 Y107.007 I-1.107 J2.356 E.02121
G1 X86.62 Y105.745 E.07973
G3 X86.882 Y104.876 I5.659 J1.229 E.04058
G1 X84.85 Y106.907 E.12833
G1 X84.589 Y106.886 E.01171
G1 X85.21 Y105.94 E.05057
G1 X87.237 Y103.913 E.12803
G1 X87.752 Y102.791 E.05518
G1 X85.207 Y105.336 E.16079
G1 X85.14 Y105.269 E.00421
G1 X85.874 Y104.062 E.06311
G1 X88.593 Y101.342 E.1718
G1 X89.08 Y100.613 E.03916
G1 X89.857 Y99.628 E.05601
G1 X90.708 Y98.708 E.05601
G1 X91.628 Y97.856 E.05601
G1 X92.613 Y97.08 E.05601
G1 X93.342 Y96.593 E.03916
G1 X103.567 Y86.369 E.64591
G1 X102.959 Y86.369 E.02713
G1 X85.843 Y103.485 E1.08128
G1 X85.776 Y103.418 E.00421
G1 X86.51 Y102.211 E.06311
G1 X102.352 Y86.369 E1.00079
G1 X101.745 Y86.369 E.02713
G1 X86.479 Y101.634 E.96435
G1 X86.412 Y101.567 E.00421
G1 X87.146 Y100.36 E.06311
G1 X100.392 Y87.114 E.83677
G1 X100.025 Y87.357 E.01965
G1 X99.783 Y87.115 E.01528
G1 X87.115 Y99.783 E.80027
G1 X87.049 Y99.717 E.00421
G1 X87.782 Y98.509 E.06311
G1 X98.509 Y87.782 E.67766
G1 X98.169 Y87.988 E.01776
G1 X98.05 Y87.869 E.00753
G1 X95.563 Y90.356 E.15711
G1 X95.445 Y90.238 E.00744
G1 X87.615 Y98.069 E.49468
G1 X86.302 Y100.944 F18000
M204 P2000
;TYPE:Sparse infill
;WIDTH:0.45
;HEIGHT:0.2
G1 F6205.95
M106 S102
G1 X86.824 Y100.084 E.03237
G1 X86.521 Y99.78 E.01381
G1 X86.832 Y99.267 E.0193
G1 X82.357 Y94.792 E.20349
G1 X82.357 Y92.305 E.07997
G1 X87.69 Y97.638 E.2425
G1 X88.933 Y96.394 E.05655
G1 X82.357 Y89.818 E.29905
G1 X82.357 Y87.331 E.07997
G1 X89.873 Y94.847 E.34179
G1 X91.117 Y93.604 E.05655
G1 X83.87 Y86.357 E.32953
G1 X86.357 Y86.357 E.07997
G1 X92.36 Y92.36 E.27298
G1 X93.46 Y91.261 E.05
G1 X91.128 Y86.357 F18000
G1 F6205.95
G1 X88.844 Y86.357 E.07343
G1 X93.604 Y91.117 E.21643
G1 X94.847 Y89.873 E.05655
G1 X91.331 Y86.357 E.15988
G1 X93.818 Y86.357 E.07997
G1 X96.394 Y88.933 E.11714
G1 X97.638 Y87.69 E.05655
G1 X96.305 Y86.357 E.06059
G1 X98.792 Y86.357 E.07997
G1 X99.267 Y86.832 E.02159
G1 X99.78 Y86.521 E.0193
G1 X100.079 Y86.82 E.0136
G1 X100.776 Y86.357 E.02689
G1 X98.996 Y86.357 E.05723
G1 X82.357 Y94.996 F18000
G1 F6205.95
G1 X82.357 Y97.28 E.07343
G1 X86.196 Y101.118 E.17456
G1 X85.884 Y101.631 E.0193
G1 X86.188 Y101.935 E.01381
G1 X85.56 Y102.969 E.03891
G1 X82.357 Y99.767 E.14563
G1 X82.357 Y97.483 E.07343
G1 X85.454 Y103.143 F18000
G1 F6205.95
G1 X85.248 Y103.482 E.01275
G1 X85.552 Y103.786 E.01381
G1 X84.924 Y104.82 E.03891
G1 X82.357 Y102.254 E.1167
G1 X82.357 Y104.741 E.07997
G1 X84.253 Y106.636 E.0862
G1 X84.059 Y106.931 E.01136
G2 X82.646 Y107.516 I.444 J3.077 E.0497
G1 X82.357 Y107.228 E.01311
G1 X82.357 Y104.944 E.07343
G1 X82.035 Y108.672 F18000
;TYPE:Gap infill
;WIDTH:0.388759
G1 F6000
G1 X81.977 Y108.963 E.00809
;WIDTH:0.368171
G1 X81.959 Y109.063 E.00262
;WIDTH:0.330547
G1 X81.94 Y109.174 E.00256
;WIDTH:0.297303
G1 X81.926 Y109.274 E.00203
;WIDTH:0.268414
G1 X81.911 Y109.382 E.00195
;WIDTH:0.233233
G1 X81.891 Y109.59 E.00314
;WIDTH:0.193135
G1 X81.875 Y110.003 E.0049
G1 X81.891 Y110.417 E.00492
;WIDTH:0.234721
G1 X81.912 Y110.626 E.00319
;WIDTH:0.269552
G1 X81.926 Y110.726 E.00181
;WIDTH:0.298786
G1 X81.941 Y110.837 E.00226
;WIDTH:0.332401
G1 X81.959 Y110.937 E.00233
;WIDTH:0.376902
G2 X82.035 Y111.328 I9.933 J-1.72 E.0105
G1 X82.357 Y114.485 F18000
;TYPE:Sparse infill
;WIDTH:0.45
G1 F6205.95
G1 X82.357 Y112.241 E.07215
G3 X84.18 Y114.024 I-17.969 J20.191 E.08203
G1 X83.878 Y114.547 E.0194
G1 X85.394 Y116.063 E.06894
G1 X84.766 Y117.097 E.03891
G1 X82.357 Y114.689 E.10951
G1 X82.357 Y117.176 E.07997
G1 X85.952 Y120.77 E.16345
G1 X85.64 Y121.283 E.0193
G1 X90.195 Y125.838 E.20715
G1 X89.567 Y126.872 E.03891
G1 X82.357 Y119.663 E.32786
G1 X82.357 Y122.15 E.07997
G1 X93.85 Y133.643 E.52265
G1 X96.337 Y133.643 E.07997
G1 X93.031 Y130.336 E.15035
G1 X94.065 Y129.708 E.03891
G1 X97.828 Y133.47 E.17109
G1 X97.802 Y133.643 E.0056
G1 X96.541 Y133.643 E.04054
G1 X105.307 Y133.825 F18000
M204 P500
;TYPE:Internal Bridge
;WIDTH:0.379473
;HEIGHT:0.379473
G1 F2250
M106 S127
G1 X105.804 Y133.328 E.03135
G1 X105.804 Y132.721 E.02713
G1 X104.893 Y133.631 E.05751
G1 X104.286 Y133.631 E.02713
G1 X105.804 Y132.114 E.09588
G1 X105.804 Y131.506 E.02713
G1 X103.678 Y133.631 E.13425
G1 X103.071 Y133.631 E.02713
G1 X105.804 Y130.899 E.17262
G1 X105.804 Y130.311 E.02625
G1 X105.818 Y130.278 E.00162
G1 X102.464 Y133.631 E.21186
G1 X101.856 Y133.631 E.02713
G1 X106.281 Y129.206 E.27954
G1 X106.281 Y128.599 E.02713
G1 X101.249 Y133.631 E.3179
G1 X101.02 Y133.631 E.01025
G1 X100.991 Y133.555 E.00366
G1 X100.854 Y133.419 E.0086
G1 X106.281 Y127.992 E.34283
G1 X106.281 Y127.384 E.02713
G1 X100.551 Y133.115 E.36201
G1 X100.54 Y133.104 E.00066
G1 X99.583 Y133.631 E.04881
G1 X99.427 Y133.631 E.00698
G1 X106.281 Y126.777 E.43301
G1 X106.281 Y126.17 E.02713
G1 X98.82 Y133.631 E.47138
G1 X98.226 Y133.631 E.0265
G1 X106.281 Y125.562 E.5093
G1 X106.281 Y125.372 E.00847
G3 X105.703 Y125.534 I-1.312 J-3.593 E.02687
G1 X98.093 Y133.144 E.48074
G1 X97.789 Y132.84 E.01918
G1 X104.944 Y125.684 E.45203
G3 X104.215 Y125.807 I-1.142 J-4.574 E.03308
G1 X97.485 Y132.536 E.42512
G1 X97.181 Y132.233 E.01918
G1 X103.526 Y125.888 E.40079
G3 X102.871 Y125.936 I-.628 J-4.137 E.02935
G1 X96.878 Y131.929 E.37862
G1 X96.574 Y131.625 E.01918
G1 X102.239 Y125.96 E.35786
G3 X101.637 Y125.955 I-.27 J-3.83 E.02694
G1 X96.27 Y131.322 E.33899
G1 X95.967 Y131.018 E.01918
G1 X101.052 Y125.933 E.32125
G3 X100.487 Y125.89 I-.011 J-3.61 E.02532
G1 X95.663 Y130.714 E.30477
G1 X95.359 Y130.411 E.01918
G1 X99.944 Y125.826 E.28964
G3 X99.408 Y125.755 I.183 J-3.443 E.02419
G1 X95.056 Y130.107 E.27495
G1 X94.752 Y129.803 E.01918
G1 X98.901 Y125.654 E.26213
G1 X98.395 Y125.553 E.02307
G1 X94.448 Y129.499 E.24931
G1 X94.145 Y129.196 E.01918
G1 X97.913 Y125.427 E.23806
G1 X97.439 Y125.294 E.02199
G1 X92.662 Y130.072 E.30183
G1 X92.582 Y130.12 E.00417
G1 X92.294 Y129.832 E.0182
G1 X96.972 Y125.154 E.29553
G1 X96.528 Y124.99 E.02113
G1 X91.99 Y129.528 E.28668
G1 X91.686 Y129.225 E.01918
G1 X96.085 Y124.826 E.27784
G3 X95.656 Y124.647 I.924 J-2.806 E.02075
G1 X91.383 Y128.921 E.26998
G1 X91.079 Y128.617 E.01918
G1 X95.241 Y124.455 E.2629
G1 X94.825 Y124.264 E.02045
G1 X90.775 Y128.314 E.25583
G1 X90.472 Y128.01 E.01918
G1 X94.431 Y124.051 E.25012
G1 X94.042 Y123.833 E.01993
G1 X90.168 Y127.706 E.24471
G1 X89.864 Y127.402 E.01918
G1 X93.653 Y123.614 E.23931
G1 X93.288 Y123.371 E.01956
G1 X90.473 Y126.187 E.17787
G1 X90.723 Y125.774 E.02154
G1 X90.5 Y125.552 E.01407
G1 X92.924 Y123.128 E.15312
G3 X92.564 Y122.881 I1.389 J-2.416 E.01954
G1 X90.197 Y125.248 E.14953
G1 X89.893 Y124.944 E.01918
G1 X92.224 Y122.613 E.14726
G1 X91.885 Y122.345 E.01932
G1 X89.589 Y124.641 E.14499
G1 X89.286 Y124.337 E.01918
G1 X91.551 Y122.072 E.14309
G1 X91.235 Y121.78 E.0192
G1 X88.982 Y124.033 E.14234
G1 X88.678 Y123.729 E.01918
G1 X90.92 Y121.488 E.14159
G3 X90.612 Y121.189 I1.753 J-2.108 E.01921
G1 X88.375 Y123.426 E.14133
G1 X88.071 Y123.122 E.01918
G1 X90.32 Y120.873 E.14208
G1 X90.028 Y120.557 E.0192
G1 X87.767 Y122.818 E.14283
G1 X87.464 Y122.515 E.01918
G1 X89.746 Y120.232 E.14421
G1 X89.479 Y119.892 E.01932
G1 X87.16 Y122.211 E.14648
G1 X86.856 Y121.907 E.01918
G1 X89.211 Y119.553 E.14875
G3 X88.956 Y119.201 I2.112 J-1.799 E.01945
G1 X86.553 Y121.604 E.15182
G1 X86.249 Y121.3 E.01918
G1 X88.712 Y118.836 E.15563
G1 X88.469 Y118.472 E.01956
G1 X86.857 Y120.084 E.10182
G1 X87.108 Y119.672 E.02154
G1 X86.885 Y119.449 E.01407
G1 X88.242 Y118.092 E.08574
G1 X88.024 Y117.703 E.01993
G1 X86.581 Y119.145 E.09115
G1 X86.278 Y118.842 E.01918
G1 X87.806 Y117.313 E.09656
G3 X87.61 Y116.902 I2.517 J-1.451 E.02038
G1 X85.974 Y118.538 E.10337
G1 X85.67 Y118.234 E.01918
G1 X87.419 Y116.486 E.11044
G3 X87.23 Y116.068 I2.561 J-1.408 E.02053
G1 X85.367 Y117.931 E.1177
G1 X85.063 Y117.627 E.01918
G1 X87.066 Y115.624 E.12654
G1 X86.902 Y115.18 E.02113
G1 X85.671 Y116.411 E.07776
G1 X85.922 Y115.999 E.02154
G1 X85.699 Y115.776 E.01407
G1 X86.752 Y114.723 E.06653
G1 X86.619 Y114.249 E.02199
G1 X85.395 Y115.473 E.07727
G1 X85.092 Y115.169 E.01918
G1 X86.485 Y113.776 E.08801
G3 X86.381 Y113.272 I3.143 J-.912 E.02298
G1 X84.788 Y114.865 E.10062
G1 X84.484 Y114.561 E.01918
G1 X86.28 Y112.766 E.11344
G1 X86.243 Y112.58 E.00844
G3 X85.476 Y112.963 I-2.284 J-3.623 E.03837
G1 X84.476 Y113.962 E.06313
G1 X86.579 Y111.526 F18000
M204 P2000
;TYPE:Gap infill
;WIDTH:0.108554
;HEIGHT:0.2
G1 F6000
M106 S102
G1 X86.667 Y111.424 E.0007
G1 X86.776 Y110.782 F18000
;WIDTH:0.450776
G1 F6000
G1 X86.817 Y110.375 E.0132
;WIDTH:0.397875
G1 X86.818 Y109.64 E.02059
;WIDTH:0.458548
G1 X86.776 Y109.218 E.01395
G1 X86.667 Y108.576 F18000
;WIDTH:0.108554
G1 F6000
G1 X86.579 Y108.474 E.0007
G1 X86.405 Y108.608 F18000
G1 X86.409 Y108.613
G1 X86.477 Y108.788
G1 X86.535 Y108.964
G1 X86.581 Y109.138
G1 X86.617 Y109.312
G1 X86.644 Y109.485
G1 X86.662 Y109.658
G1 X86.671 Y109.829
G1 X86.673 Y110
G1 X86.671 Y110.171
G1 X86.662 Y110.342
G1 X86.644 Y110.515
G1 X86.617 Y110.688
G1 X86.581 Y110.862
G1 X86.535 Y111.036
G1 X86.477 Y111.212
G1 X86.409 Y111.387
G1 X86.296 Y111.534
G1 X86.17 Y111.67
G1 X86.034 Y111.796
G1 X85.888 Y111.91
G1 X85.734 Y112.013
G1 X85.572 Y112.104
G1 X85.459 Y112.156
G1 X81.611 Y122.353
G1 X82.357 Y122.353
;TYPE:Sparse infill
;WIDTH:0.45
G1 F6205.95
G1 X82.357 Y124.637 E.07343
G1 X91.363 Y133.643 E.40955
G1 X88.876 Y133.643 E.07997
G1 X82.357 Y127.124 E.29645
G1 X82.357 Y124.84 E.07343
G1 X82.357 Y132.301 F18000
G1 F6205.95
G1 X82.357 Y133.643 E.04313
G1 X83.902 Y133.643 E.04968
G1 X82.357 Y132.098 E.07026
G1 X82.357 Y129.611 E.07997
G1 X86.389 Y133.643 E.18336
G1 X84.106 Y133.643 E.07343
G1 X84.106 Y134.389 F18000
G1 X107.821 Y124.053
G1 X108.906 Y123.553
G1 X109.948 Y122.97
G1 X110.941 Y122.306
G1 X111.879 Y121.567
G1 X112.756 Y120.756
G1 X113.567 Y119.879
G1 X114.306 Y118.941
G1 X114.97 Y117.948
G1 X115.553 Y116.906
G1 X116.053 Y115.821
G1 X116.467 Y114.701
G1 X116.791 Y113.551
G1 X117.024 Y112.38
G1 X117.126 Y111.52
G1 X117.121 Y111.436
G1 X117.333 Y111.424
;TYPE:Gap infill
;WIDTH:0.0933195
G1 F6000
G1 X117.421 Y111.527 E.00054
G1 X117.224 Y110.782 F18000
;WIDTH:0.450759
G1 F6000
G1 X117.183 Y110.375 E.0132
;WIDTH:0.397872
G1 X117.182 Y109.64 E.02059
;WIDTH:0.458527
G1 X117.224 Y109.218 E.01394
G1 X117.333 Y108.576 F18000
;WIDTH:0.0933203
G1 F6000
G1 X117.421 Y108.473 E.00054
G1 X117.595 Y108.608 F18000
G1 X117.704 Y108.466
G1 X117.83 Y108.33
G1 X117.966 Y108.204
G1 X118.112 Y108.09
G1 X118.266 Y107.987
G1 X118.428 Y107.896
G1 X118.596 Y107.818
G1 X118.77 Y107.754
G1 X118.949 Y107.704
G1 X119.131 Y107.668
G1 X119.315 Y107.646
G1 X119.5 Y107.639
G1 X119.685 Y107.646
G1 X119.869 Y107.668
G1 X120.051 Y107.704
G1 X120.23 Y107.754
G1 X120.404 Y107.818
G1 X135.539 Y113.435
;TYPE:Sparse infill
;WIDTH:0.45
G1 F6205.95
G1 X135.016 Y114.295 E.03237
G1 X135.623 Y114.903 E.02762
G1 X135.312 Y115.416 E.0193
G1 X137.643 Y117.746 E.10599
G1 X137.643 Y115.259 E.07997
G1 X135.644 Y113.261 E.09088
G1 X135.956 Y112.748 E.0193
G1 X135.348 Y112.141 E.02762
G1 X135.977 Y111.107 E.03891
G1 X137.643 Y112.772 E.07576
G1 X137.643 Y110.285 E.07997
G1 X136.005 Y108.648 E.07445
G1 X136.317 Y108.135 E.0193
G1 X135.102 Y106.921 E.05524
G1 X135.731 Y105.886 E.03891
G1 X137.643 Y107.798 E.08695
G1 X137.643 Y105.311 E.07997
G1 X135.456 Y103.125 E.09945
G1 X135.767 Y102.612 E.0193
G1 X133.641 Y100.486 E.09667
G1 X134.27 Y99.452 E.03891
G1 X137.643 Y102.824 E.15338
G1 X137.643 Y100.337 E.07997
G1 X130.351 Y93.045 E.33161
G1 X130.662 Y92.532 E.0193
G1 X127.399 Y89.27 E.14838
G1 X126.886 Y89.581 E.0193
G1 X123.663 Y86.357 E.1466
G1 X126.15 Y86.357 E.07997
G1 X137.643 Y97.85 E.52265
G1 X137.643 Y95.363 E.07997
G1 X128.637 Y86.357 E.40955
G1 X131.124 Y86.357 E.07997
G1 X137.643 Y92.876 E.29645
G1 X137.643 Y95.16 E.07343
G1 X137.643 Y87.699 F18000
G1 F6205.95
G1 X137.643 Y86.357 E.04313
G1 X136.098 Y86.357 E.04968
G1 X137.643 Y87.902 E.07026
G1 X137.643 Y90.389 E.07997
G1 X133.611 Y86.357 E.18336
G1 X135.894 Y86.357 E.07343
G1 X137.643 Y122.517 F18000
G1 F6205.95
G1 X137.643 Y120.233 E.07343
G1 X134.676 Y117.267 E.13492
G1 X133.736 Y118.814 E.05821
G1 X137.643 Y122.721 E.17766
G1 X137.643 Y125.208 E.07997
G1 X133.1 Y120.665 E.20659
G1 X132.16 Y122.212 E.05821
G1 X137.643 Y127.695 E.24933
G1 X137.643 Y129.978 E.07343
; stop printing object base_plate.stl id:0 copy 0
;LAYER_CHANGE
;Z:1.44
;HEIGHT:0.2
G92 E0 ; zero the extruded length again
; BEFORE_LAYER_CHANGE 6 @ 1.44mm
G1 E-1.75 F6000
;WIPE_START
G1 F6205.95
G1 X137.643 Y128.978 E-.75
;WIPE_END
; AFTER_LAYER_CHANGE 6 @ 1.44mm
;_SET_FAN_SPEED_CHANGING_LAYER
; printing object base_plate.stl id:0 copy 0
G17
G3 Z1.64 I0 J.608 P1  F18000
G1 X138.389 Y128.978 Z1.64
G1 X138.389 Y134.389
G1 X138.389 Y134.389
G1 X138.79 Y134.79
G1 Z1.44
G1 E2.5 F6000
M204 P1000
;TYPE:Outer wall
;WIDTH:0.42
G1 F3600
G1 X81.21 Y134.79 E1.71511
G1 X81.21 Y85.21 E1.47682
G1 X138.79 Y85.21 E1.71511
G1 X138.79 Y134.73 E1.47503
G1 X138.389 Y134.389 F18000
G1 X138.389 Y134.389
G1 X138.398 Y134.398
M204 P1500
;TYPE:Inner wall
;WIDTH:0.45
G1 F6000
G1 X81.602 Y134.398 E1.82635
G1 X81.602 Y85.602 E1.5691
G1 X138.398 Y85.602 E1.82635
G1 X138.398 Y134.338 E1.56717
G1 X137.991 Y133.991 F18000
G1 F6000
G1 X82.009 Y133.991 E1.80017
G1 X82.009 Y111.548 E.72167
G1 X82.182 Y111.496 E.00582
G2 X86.517 Y111.891 I2.323 J-1.505 E.16106
G1 X86.582 Y112.442 E.01783
G1 X86.821 Y113.644 E.03941
G1 X87.154 Y114.824 E.03941
G1 X87.578 Y115.974 E.03941
G1 X88.091 Y117.087 E.03941
G1 X88.69 Y118.156 E.03941
G1 X89.371 Y119.175 E.03941
G1 X90.13 Y120.138 E.03941
G1 X90.962 Y121.038 E.03941
G1 X91.862 Y121.87 E.03941
G1 X92.825 Y122.629 E.03941
G1 X93.844 Y123.31 E.03941
G1 X94.913 Y123.909 E.03941
G1 X96.026 Y124.422 E.03942
G1 X97.176 Y124.846 E.03941
G1 X98.356 Y125.179 E.03941
G1 X99.558 Y125.418 E.03942
G1 X100.775 Y125.562 E.03941
G1 X102 Y125.61 E.03941
G1 X103.225 Y125.562 E.03941
G1 X104.442 Y125.418 E.03941
G1 X105.644 Y125.179 E.03941
G1 X106.641 Y124.898 E.0333
G1 X106.641 Y130.209 E.1708
G1 X113.359 Y130.209 E.21604
G1 X113.359 Y124.491 E.18388
G1 X108.282 Y124.491 E.16325
G1 X108.24 Y124.299 E.00632
G1 X109.087 Y123.909 E.02998
G1 X110.156 Y123.31 E.03941
G1 X111.175 Y122.629 E.03941
G1 X112.138 Y121.87 E.03941
G1 X113.038 Y121.038 E.03942
G1 X113.87 Y120.138 E.03941
G1 X114.629 Y119.175 E.03941
G1 X115.31 Y118.156 E.03941
G1 X115.909 Y117.087 E.03941
G1 X116.422 Y115.974 E.03941
G1 X116.846 Y114.824 E.03941
G1 X117.179 Y113.644 E.03941
G1 X117.418 Y112.442 E.03941
G1 X117.483 Y111.891 E.01783
G2 X117.483 Y108.109 I2.013 J-1.891 E.42406
G1 X117.418 Y107.558 E.01783
G1 X117.179 Y106.356 E.03941
G1 X116.846 Y105.176 E.03941
G1 X116.422 Y104.026 E.03941
G1 X115.909 Y102.913 E.03941
G1 X115.31 Y101.844 E.03941
G1 X114.629 Y100.825 E.03941
G1 X113.87 Y99.862 E.03941
G1 X113.038 Y98.962 E.03941
G1 X112.138 Y98.13 E.03942
G1 X111.175 Y97.371 E.03941
G1 X110.156 Y96.69 E.03941
G1 X109.087 Y96.091 E.03941
G1 X107.974 Y95.578 E.03942
G1 X106.824 Y95.154 E.03941
G1 X105.644 Y94.821 E.03941
G1 X104.442 Y94.582 E.03941
G1 X103.225 Y94.438 E.03941
G1 X102 Y94.39 E.03941
G1 X100.775 Y94.438 E.03941
G1 X99.558 Y94.582 E.03941
G1 X98.356 Y94.821 E.03942
G1 X97.176 Y95.154 E.03941
G1 X96.026 Y95.578 E.03941
G1 X94.913 Y96.091 E.03942
G1 X93.844 Y96.69 E.03941
G1 X92.825 Y97.371 E.03941
G1 X91.862 Y98.13 E.03941
G1 X90.962 Y98.962 E.03941
G1 X90.13 Y99.862 E.03941
G1 X89.371 Y100.825 E.03941
G1 X88.69 Y101.844 E.03941
G1 X88.091 Y102.913 E.03941
G1 X87.578 Y104.026 E.03941
G1 X87.154 Y105.176 E.03941
G1 X86.821 Y106.356 E.03941
G1 X86.582 Y107.558 E.03941
G1 X86.517 Y108.109 E.01783
G2 X82.182 Y108.504 I-2.011 J1.908 E.16094
G1 X82.009 Y108.452 E.00582
G1 X82.009 Y86.009 E.72167
G1 X137.991 Y86.009 E1.80017
G1 X137.991 Y133.931 E1.54099
G1 E-1.75
;WIPE_START
G1 X136.991 Y133.932 E-.75
;WIPE_END
G1 X136.991 Y134.389 Z1.64 F18000
G1 X109.193 Y123.392
G1 X108.906 Y123.553
G1 X107.821 Y124.053
G1 X106.701 Y124.467
G1 X105.551 Y124.791
G1 X104.38 Y125.024
G1 X103.193 Y125.164
G1 X102 Y125.211
G1 X100.807 Y125.164
G1 X99.62 Y125.024
G1 X98.449 Y124.791
G1 X97.3 Y124.467
G1 X96.179 Y124.053
G1 X95.094 Y123.553
G1 X94.052 Y122.97
G1 X93.059 Y122.306
G1 X92.121 Y121.567
G1 X91.244 Y120.756
G1 X90.433 Y119.879
G1 X89.694 Y118.941
G1 X89.03 Y117.948
G1 X88.447 Y116.906
G1 X87.947 Y115.821
G1 X87.533 Y114.701
G1 X87.209 Y113.551
G1 X87.091 Y112.957
G1 X84.738 Y112.348
G1 X84.69 Y111.948
G1 Z1.44
G1 E2.5 F6000
M204 P1000
;TYPE:Outer wall
;WIDTH:0.42
G1 F3600
G1 X84.958 Y111.907 E.00806
G2 X84.654 Y108.046 I-.447 J-1.908 E.16564
G2 X84.401 Y108.044 I-.14 J1.605 E.00754
G2 X84.631 Y111.955 I.11 J1.956 E.18366
G1 E-1.75 F6000
;WIPE_START
G1 F3600
G1 X84.958 Y111.907 E-.24789
G1 X85.25 Y111.811 E-.23075
G1 X85.524 Y111.671 E-.23074
G1 X85.568 Y111.64 E-.04063
;WIPE_END
G1 X85.792 Y111.974 Z1.64 F18000
G1 X88.447 Y116.906
G1 X89.03 Y117.948
G1 X89.694 Y118.941
G1 X90.433 Y119.879
G1 X91.244 Y120.756
G1 X92.121 Y121.567
G1 X93.059 Y122.306
G1 X94.052 Y122.97
G1 X95.094 Y123.553
G1 X96.179 Y124.053
G1 X97.3 Y124.467
G1 X98.449 Y124.791
G1 X99.62 Y125.024
G1 X100.807 Y125.164
G1 X101.671 Y125.198
G1 X101.984 Y125.211
G1 X101.999 Y124.81
G1 Z1.44
G1 E2.5 F6000
G1 F3600
G1 X102 Y124.799 E.00034
G2 X102 Y95.19 I0 J-14.805 E1.38536
G1 X100.972 Y95.23 E.03066
G1 X100.838 Y95.235 E.00398
G2 X100.839 Y124.753 I1.162 J14.759 E1.31611
G1 X101.939 Y124.807 E.03282
G1 E-1.75 F6000
;WIPE_START
G1 F3600
G1 X102 Y124.799 E-.04594
G1 X102.938 Y124.771 E-.70406
;WIPE_END
G1 X102.954 Y125.174 Z1.64 F18000
G1 X103.193 Y125.164
G1 X104.38 Y125.024
G1 X105.551 Y124.791
G1 X106.701 Y124.467
G1 X107.821 Y124.053
G1 X108.906 Y123.553
G1 X109.948 Y122.97
G1 X110.941 Y122.306
G1 X111.879 Y121.567
G1 X112.756 Y120.756
G1 X113.567 Y119.879
G1 X114.306 Y118.941
G1 X114.97 Y117.948
G1 X115.553 Y116.906
G1 X116.053 Y115.821
G1 X116.467 Y114.701
G1 X116.609 Y114.195
G1 X119.482 Y112.361
G1 X119.498 Y111.96
G1 Z1.44
G1 E2.5 F6000
G1 F3600
G1 X119.5 Y111.959 E.00007
G2 X119.654 Y108.046 I.011 J-1.959 E.1794
G2 X119.401 Y108.044 I-.14 J1.603 E.00754
G2 X119.194 Y111.933 I.11 J1.956 E.17059
G1 X119.438 Y111.955 E.00731
G1 E-1.75 F6000
;WIPE_START
G1 F3600
G1 X119.5 Y111.959 E-.04649
G1 X119.807 Y111.936 E-.23064
G1 X120.106 Y111.864 E-.23073
G1 X120.25 Y111.811 E-.11538
G1 X120.401 Y111.734 E-.12677
;WIPE_END
G1 X120.599 Y112.089 Z1.64 F18000
G1 X113.567 Y119.879
G1 X112.756 Y120.756
G1 X111.879 Y121.567
G1 X110.941 Y122.306
G1 X109.948 Y122.97
G1 X108.906 Y123.553
G1 X107.821 Y124.053
G1 X106.701 Y124.467
G1 X105.551 Y124.791
G1 X104.38 Y125.024
G1 X103.193 Y125.164
G1 X102 Y125.211
G1 X101.985 Y125.211
G1 X101.986 Y125.202
G1 Z1.44
G1 E2.5 F6000
M204 P1500
;TYPE:Inner wall
;WIDTH:0.45
G1 X102 Y125.2 E.00047
G2 X117.164 Y110.994 I-.003 J-15.199 E.73566
G1 X117.352 Y110.957 E.00619
G2 X117.352 Y109.043 I2.147 J-.957 E.41163
G1 X117.164 Y109.006 E.00619
G1 X117.156 Y108.807 E.00639
G2 X100.956 Y94.838 I-15.15 J1.192 E.76302
G1 X100.807 Y94.844 E.00479
G2 X86.836 Y109.006 I1.221 J15.176 E.6971
G1 X86.648 Y109.043 E.00619
G2 X86.648 Y110.957 I-2.147 J.957 E.41162
G1 X86.836 Y110.994 E.00619
G1 X86.844 Y111.193 E.00639
G2 X100.807 Y125.153 I15.152 J-1.192 E.69107
G1 X101.926 Y125.2 E.03599
G1 E-1.75
;WIPE_START
G1 X102 Y125.2 E-.05583
G1 X102.925 Y125.166 E-.69417
;WIPE_END
G1 X102.925 Y125.175 Z1.64 F18000
G1 X107.039 Y129.811
G1 X112.961 Y129.811
G1 X112.961 Y129.41
G1 X112.56 Y129.41
G1 Z1.44
G1 E2.5 F6000
M204 P1000
;TYPE:Outer wall
;WIDTH:0.42
G1 F3600
G1 X112.56 Y125.29 E.12272
G1 X107.44 Y125.29 E.15251
G1 X107.44 Y129.41 E.12272
G1 X112.5 Y129.41 E.15072
G1 X112.5 Y129.811 F18000
G1 X112.952 Y129.811
G1 X112.952 Y129.802
M204 P1500
;TYPE:Inner wall
;WIDTH:0.45
G1 F6000
G1 X112.952 Y124.898 E.1577
G1 X107.048 Y124.898 E.18986
G1 X107.048 Y129.802 E.1577
G1 X112.892 Y129.802 E.18793
G1 X117.42 Y133.657 F18000
M204 P2000
;TYPE:Internal solid infill
;WIDTH:0.421429
G1 F6000
G1 X102.751 Y133.657 E.43859
G1 X102.804 Y133.278 E.01142
G1 X117.196 Y133.278 E.43034
G1 X117.188 Y133.218 E.00182
G1 X117.33 Y133.001 E.00777
G1 X117.634 Y132.9 E.00958
G1 X102.366 Y132.9 E.45653
G1 X101.34 Y132.521 E.0327
G1 X118.66 Y132.521 E.51788
G1 X119.24 Y132.308 E.01846
G1 X119.597 Y132.143 E.01177
G1 X100.403 Y132.143 E.5739
G1 X99.582 Y131.764 E.02703
G1 X120.418 Y131.764 E.623
G1 X120.961 Y131.514 E.01789
G1 X121.19 Y131.386 E.00784
G1 X98.81 Y131.386 E.66916
G1 X98.134 Y131.007 E.02316
G1 X122.213 Y131.007 E.71997
G1 X118.517 Y133.643 F18000
;TYPE:Sparse infill
;WIDTH:0.45
G1 F6205.95
G1 X117.643 Y133.643 E.02811
G1 X117.6 Y133.331 E.01013
G1 X118.19 Y133.113 E.02026
G1 X118.721 Y133.643 E.0241
G1 X121.208 Y133.643 E.07997
G1 X119.968 Y132.403 E.05635
G2 X121.637 Y131.585 I-4.421 J-11.123 E.05982
G1 X123.695 Y133.643 E.09357
G1 X126.182 Y133.643 E.07997
G1 X123.205 Y130.666 E.13538
G2 X124.677 Y129.651 I-5.804 J-10.001 E.05756
G1 X128.669 Y133.643 E.18151
G1 X131.156 Y133.643 E.07997
G1 X126.058 Y128.545 E.2318
G2 X127.351 Y127.351 I-14.505 J-16.984 E.05661
G1 X133.643 Y133.643 E.28613
G1 X136.13 Y133.643 E.07997
G1 X128.545 Y126.058 E.34489
G2 X129.651 Y124.677 I-8.476 J-7.918 E.05695
G1 X137.643 Y132.669 E.36342
G1 X137.643 Y130.182 E.07997
G1 X130.666 Y123.205 E.31728
G2 X131.585 Y121.637 I-9.618 J-6.694 E.0585
G1 X137.643 Y127.695 E.27548
G1 X137.643 Y125.208 E.07997
G1 X132.403 Y119.968 E.23826
G2 X133.113 Y118.19 I-11.051 J-5.438 E.06161
G1 X137.643 Y122.721 E.20601
G1 X137.643 Y120.233 E.07997
G1 X133.701 Y116.292 E.17925
G2 X134.153 Y114.256 I-12.829 J-3.915 E.06711
G1 X137.643 Y117.746 E.15871
G1 X137.643 Y115.259 E.07997
G1 X134.446 Y112.063 E.14537
G2 X134.524 Y109.654 I-39.275 J-2.483 E.07751
G1 X137.643 Y112.772 E.14181
G1 X137.643 Y115.056 E.07343
G1 X133.814 Y104.111 F18000
G1 F6205.95
G3 X134.332 Y106.975 I-29.752 J6.855 E.09362
G1 X137.643 Y110.285 E.15055
G1 X137.643 Y107.798 E.07997
G1 X133.759 Y103.915 E.1766
G2 X132.781 Y100.91 I-19.674 J4.744 E.10172
G1 X129.542 Y95.184 F18000
G1 F6205.95
G3 X132.438 Y100.107 I-17.802 J13.787 E.18416
G1 X137.643 Y105.311 E.23668
G1 X137.643 Y102.824 E.07997
G1 X121.176 Y86.357 E.74885
G1 X118.689 Y86.357 E.07997
G1 X119.893 Y87.562 E.05477
G3 X124.816 Y90.458 I-8.865 J20.699 E.18416
G1 X125.946 Y86.357 F18000
G1 F6205.95
G1 X123.663 Y86.357 E.07343
G1 X137.643 Y100.337 E.63575
G1 X137.643 Y97.85 E.07997
G1 X126.15 Y86.357 E.52265
G1 X128.637 Y86.357 E.07997
G1 X137.643 Y95.363 E.40955
G1 X137.643 Y92.876 E.07997
G1 X131.124 Y86.357 E.29645
G1 X133.611 Y86.357 E.07997
G1 X137.643 Y90.389 E.18336
G1 X137.643 Y87.902 E.07997
G1 X136.098 Y86.357 E.07026
G1 X137.643 Y86.357 E.04968
G1 X137.643 Y87.699 E.04313
G1 X128.555 Y94.292 F18000
;TYPE:Internal solid infill
;WIDTH:0.421429
G1 F6000
G1 X104.691 Y94.292 E.71353
G1 X105.722 Y94.497 E.03143
G1 X106.337 Y94.67 E.0191
G1 X128.637 Y94.67 E.66678
G1 X128.936 Y95.049 E.01441
G1 X107.502 Y95.049 E.64087
G3 X108.443 Y95.427 I-1.932 J6.16 E.03035
G1 X129.234 Y95.427 E.62166
G1 X129.533 Y95.806 E.01441
G1 X109.259 Y95.806 E.60617
G1 X109.935 Y96.184 E.02316
G1 X129.786 Y96.184 E.59353
G1 X130.039 Y96.563 E.01361
G1 X110.566 Y96.563 E.58224
G1 X111.132 Y96.941 E.02037
G1 X130.292 Y96.941 E.57287
G1 X130.545 Y97.32 E.01361
G1 X111.649 Y97.32 E.56498
G1 X112.129 Y97.698 E.01828
G1 X130.763 Y97.698 E.55717
G1 X130.975 Y98.077 E.01297
G1 X112.571 Y98.077 E.55027
G1 X112.981 Y98.455 E.01667
G1 X131.187 Y98.455 E.54436
G1 X131.399 Y98.834 E.01297
G1 X113.373 Y98.834 E.53897
G1 X113.723 Y99.212 E.01541
G1 X131.594 Y99.212 E.53433
G1 X131.769 Y99.591 E.01246
G1 X114.073 Y99.591 E.52908
G3 X114.379 Y99.97 I-2.251 J2.131 E.01456
G1 X131.943 Y99.97 E.52516
G1 X132.118 Y100.348 E.01246
G1 X114.677 Y100.348 E.52145
G3 X114.964 Y100.727 I-2.261 J2.01 E.01421
G1 X132.292 Y100.727 E.5181
G1 X132.435 Y101.105 E.01209
G1 X115.217 Y101.105 E.5148
G1 X115.47 Y101.484 E.01361
G1 X132.574 Y101.484 E.51142
G1 X132.714 Y101.862 E.01206
G1 X115.702 Y101.862 E.50865
G1 X115.914 Y102.241 E.01297
G1 X132.854 Y102.241 E.50649
G1 X132.986 Y102.619 E.01199
G1 X116.126 Y102.619 E.50412
G3 X116.314 Y102.998 I-2.311 J1.388 E.01266
G1 X133.093 Y102.998 E.50167
G1 X133.2 Y103.376 E.01176
G1 X116.489 Y103.376 E.49965
G1 X116.663 Y103.755 E.01246
G1 X133.307 Y103.755 E.49762
G1 X133.413 Y104.133 E.01176
G1 X116.816 Y104.133 E.49624
G1 X116.956 Y104.512 E.01206
G1 X133.508 Y104.512 E.49489
G1 X133.583 Y104.89 E.01154
G1 X117.096 Y104.89 E.49296
G3 X117.218 Y105.269 I-2.343 J.968 E.01191
G1 X133.658 Y105.269 E.49155
G1 X133.734 Y105.647 E.01154
G1 X117.325 Y105.647 E.49061
G1 X117.432 Y106.026 E.01176
G1 X133.809 Y106.026 E.48967
G1 X133.87 Y106.404 E.01146
G1 X117.528 Y106.404 E.4886
G1 X117.603 Y106.783 E.01154
G1 X133.914 Y106.783 E.48769
G1 X133.959 Y107.161 E.0114
G1 X120.723 Y107.161 E.39575
G3 X121.362 Y107.54 I-.876 J2.206 E.02229
G1 X134.004 Y107.54 E.37799
G1 X134.049 Y107.918 E.0114
G1 X121.781 Y107.918 E.36681
G3 X122.076 Y108.297 I-1.047 J1.12 E.0144
G1 X134.079 Y108.297 E.35888
G1 X134.093 Y108.675 E.01133
G1 X122.287 Y108.675 E.353
G3 X122.436 Y109.054 I-1.121 J.66 E.01221
G1 X134.108 Y109.054 E.34899
G1 X134.123 Y109.432 E.01133
G1 X122.539 Y109.432 E.34637
G3 X122.579 Y109.811 I-1.575 J.361 E.01141
G1 X134.138 Y109.811 E.34559
G1 X134.145 Y110 E.00567
G1 X134.138 Y110.189 E.00565
G1 X122.579 Y110.189 E.34559
G3 X122.539 Y110.568 I-1.616 J.018 E.01141
G1 X134.123 Y110.568 E.34637
G1 X134.108 Y110.946 E.01133
G1 X122.436 Y110.946 E.34899
G3 X122.287 Y111.325 I-1.27 J-.281 E.01221
G1 X134.093 Y111.325 E.353
G1 X134.078 Y111.703 E.01133
G1 X122.076 Y111.703 E.35888
G3 X121.781 Y112.082 I-1.342 J-.741 E.0144
G1 X134.049 Y112.082 E.36681
G1 X134.004 Y112.46 E.0114
G1 X121.362 Y112.46 E.37799
G3 X120.749 Y112.826 I-1.46 J-1.753 E.02142
G1 X120.749 Y112.839 E.00039
G1 X133.959 Y112.839 E.39498
G1 X133.914 Y113.217 E.0114
G1 X117.603 Y113.217 E.48769
G1 X117.528 Y113.596 E.01154
G1 X133.87 Y113.596 E.4886
G1 X133.809 Y113.974 E.01146
G1 X117.432 Y113.974 E.48967
G1 X117.325 Y114.353 E.01176
G1 X133.734 Y114.353 E.49061
G1 X133.658 Y114.731 E.01154
G1 X117.218 Y114.731 E.49155
G3 X117.096 Y115.11 I-2.466 J-.59 E.01191
G1 X133.583 Y115.11 E.49296
G1 X133.508 Y115.488 E.01154
G1 X116.956 Y115.488 E.49489
G1 X116.816 Y115.867 E.01206
G1 X133.413 Y115.867 E.49624
G1 X133.307 Y116.245 E.01176
G1 X116.663 Y116.245 E.49762
G1 X116.489 Y116.624 E.01246
G1 X133.2 Y116.624 E.49965
G1 X133.093 Y117.002 E.01176
G1 X116.314 Y117.002 E.50167
G3 X116.126 Y117.381 I-2.499 J-1.009 E.01266
G1 X132.986 Y117.381 E.50412
G1 X132.854 Y117.759 E.01199
G1 X115.914 Y117.759 E.50649
G1 X115.702 Y118.138 E.01297
G1 X132.714 Y118.138 E.50865
G1 X132.574 Y118.516 E.01206
G1 X115.47 Y118.516 E.51142
G1 X115.217 Y118.895 E.01361
G1 X132.435 Y118.895 E.5148
G1 X132.292 Y119.273 E.0121
G1 X114.964 Y119.273 E.5181
G3 X114.677 Y119.652 I-2.548 J-1.631 E.01421
G1 X132.118 Y119.652 E.52145
G1 X131.943 Y120.03 E.01246
G1 X114.379 Y120.03 E.52516
G3 X114.073 Y120.409 I-2.557 J-1.753 E.01456
G1 X131.769 Y120.409 E.52908
G1 X131.594 Y120.788 E.01246
G1 X113.723 Y120.788 E.53433
G1 X113.373 Y121.166 E.01541
G1 X131.399 Y121.166 E.53897
G1 X131.187 Y121.545 E.01297
G1 X112.981 Y121.545 E.54436
G1 X112.571 Y121.923 E.01667
G1 X130.975 Y121.923 E.55027
G1 X130.763 Y122.302 E.01297
G1 X112.129 Y122.302 E.55717
G1 X111.649 Y122.68 E.01828
G1 X130.545 Y122.68 E.56498
G1 X130.292 Y123.059 E.01361
G1 X111.132 Y123.059 E.57287
G1 X110.565 Y123.437 E.02037
G1 X130.039 Y123.437 E.58224
G1 X129.786 Y123.816 E.01361
G1 X110.246 Y123.816 E.58423
G3 X110.315 Y124.158 I-.529 J.284 E.01058
G1 X113.692 Y124.158 E.101
G1 X113.692 Y124.194 E.00109
G1 X129.533 Y124.194 E.47362
G1 X129.234 Y124.573 E.01441
G1 X113.692 Y124.573 E.46469
G1 X113.692 Y124.951 E.01132
G1 X128.936 Y124.951 E.45577
G1 X128.637 Y125.33 E.01441
G1 X113.692 Y125.33 E.44685
G1 X113.692 Y125.708 E.01132
G1 X128.335 Y125.708 E.43782
G1 X127.986 Y126.087 E.01541
G1 X113.692 Y126.087 E.42736
G1 X113.692 Y126.465 E.01132
G1 X127.636 Y126.465 E.4169
G1 X127.286 Y126.844 E.01541
G1 X113.692 Y126.844 E.40644
G1 X113.692 Y127.222 E.01132
G1 X126.913 Y127.222 E.39527
G1 X126.503 Y127.601 E.01667
G1 X113.692 Y127.601 E.38303
G1 X113.692 Y127.979 E.01132
G1 X126.093 Y127.979 E.37079
G1 X125.684 Y128.358 E.01667
G1 X113.692 Y128.358 E.35854
G1 X113.692 Y128.736 E.01132
G1 X125.204 Y128.736 E.3442
G1 X124.724 Y129.115 E.01828
G1 X113.692 Y129.115 E.32985
G1 X113.692 Y129.493 E.01132
G1 X124.244 Y129.493 E.31549
G1 X123.687 Y129.872 E.02014
G1 X113.692 Y129.872 E.29883
G1 X113.692 Y130.25 E.01132
G1 X123.12 Y130.25 E.28189
G1 X122.542 Y130.629 E.02067
G1 X97.458 Y130.629 E.75
G1 X96.88 Y130.25 E.02067
G1 X106.308 Y130.25 E.28189
G1 X106.308 Y129.872 E.01132
G1 X96.313 Y129.872 E.29883
G1 X95.756 Y129.493 E.02014
G1 X106.308 Y129.493 E.31549
G1 X106.308 Y129.115 E.01132
G1 X95.276 Y129.115 E.32985
G1 X94.796 Y128.736 E.01828
G1 X106.308 Y128.736 E.3442
G1 X106.308 Y128.358 E.01132
G1 X94.316 Y128.358 E.35854
G1 X93.907 Y127.979 E.01667
G1 X106.308 Y127.979 E.37079
G1 X106.308 Y127.601 E.01132
G1 X93.497 Y127.601 E.38303
G1 X93.087 Y127.222 E.01667
G1 X106.308 Y127.222 E.39527
G1 X106.308 Y126.844 E.01132
G1 X92.714 Y126.844 E.40644
G1 X92.364 Y126.465 E.01541
G1 X106.308 Y126.465 E.4169
G1 X106.308 Y126.087 E.01132
G1 X92.014 Y126.087 E.42736
G1 X91.665 Y125.708 E.01541
G1 X99.309 Y125.708 E.22857
G1 X98.278 Y125.503 E.03143
G1 X97.663 Y125.33 E.0191
G1 X91.363 Y125.33 E.18839
G1 X91.064 Y124.951 E.01441
G1 X96.498 Y124.951 E.16248
G3 X95.557 Y124.573 I1.932 J-6.161 E.03035
G1 X90.766 Y124.573 E.14327
G1 X90.467 Y124.194 E.01441
G1 X94.741 Y124.194 E.12778
G1 X94.065 Y123.816 E.02316
G1 X90.214 Y123.816 E.11514
G1 X89.961 Y123.437 E.01361
G1 X93.74 Y123.437 E.11298
G1 X92.549 Y122.911 F18000
;WIDTH:0.419999
G1 F6000
G1 X91.602 Y122.163 E.03595
G1 X90.68 Y121.31 E.03743
G1 X89.827 Y120.387 E.03743
G1 X89.05 Y119.4 E.03742
G1 X88.352 Y118.355 E.03743
G1 X87.739 Y117.258 E.03743
;WIDTH:0.44444
G1 X87.659 Y117.143 E.00445
;WIDTH:0.49332
G1 F5609.049
G1 X87.579 Y117.028 E.00499
;WIDTH:0.535215
G1 F5131.717
G1 X87.499 Y116.913 E.00545
G1 X87.182 Y116.148 E.03221
;WIDTH:0.48727
G1 F5685.425
G1 X86.958 Y115.502 E.02399
;WIDTH:0.450422
G1 F6000
G1 X86.78 Y114.953 E.01856
;WIDTH:0.415051
G1 X86.621 Y114.345 E.01848
;WIDTH:0.379915
G3 X86.375 Y113.251 I6.944 J-2.137 E.02988
;WIDTH:0.381524
G1 X86.339 Y113.191 E.00189
;WIDTH:0.428787
G1 X86.303 Y113.13 E.00215
;WIDTH:0.47605
G1 F5832.703
G1 X86.267 Y113.069 E.00242
;WIDTH:0.523313
G1 F5258.858
G1 X86.23 Y113.008 E.00268
;WIDTH:0.570576
G1 F4787.813
G1 X86.194 Y112.948 E.00295
;WIDTH:0.617839
G1 F4394.216
G1 X86.158 Y112.887 E.00321
G1 X86.142 Y112.956 E.00321
;WIDTH:0.570576
G1 F4787.813
G1 X86.127 Y113.025 E.00295
;WIDTH:0.523313
G1 F5258.858
G1 X86.111 Y113.094 E.00268
;WIDTH:0.47605
G1 F5832.703
G1 X86.095 Y113.163 E.00242
;WIDTH:0.428787
G1 F6000
G1 X86.08 Y113.232 E.00215
;WIDTH:0.369141
G1 X86.064 Y113.301 E.00182
G1 X86.138 Y113.815 E.01339
;WIDTH:0.389697
G1 X86.274 Y114.436 E.01742
;WIDTH:0.415051
G1 X86.411 Y115.057 E.0187
;WIDTH:0.450422
G1 X86.545 Y115.618 E.01856
;WIDTH:0.48727
G1 F5685.425
G1 X86.753 Y116.306 E.02521
;WIDTH:0.517728
G1 F5320.716
G1 X86.881 Y116.7 E.01553
;WIDTH:0.550337
G1 F4978.782
G1 X87.009 Y117.094 E.0166
;WIDTH:0.542201
G1 F5059.911
G1 X87.032 Y117.255 E.00644
;WIDTH:0.49332
G1 F5609.049
G1 X87.056 Y117.417 E.00581
;WIDTH:0.420887
G1 F6000
G1 X87.08 Y117.578 E.00487
G1 X87.7 Y119.255 E.05338
G1 X88.498 Y120.982 E.05682
G1 X89.424 Y122.633 E.0565
G1 X89.635 Y122.949 E.01134
G1 X89.673 Y122.911 E.0016
G1 X92.489 Y122.911 E.08408
G1 X91.447 Y122.534 F18000
;WIDTH:0.419999
G1 F6000
G1 X90.463 Y121.624 E.03993
G1 X89.56 Y120.654 E.03946
;WIDTH:0.440511
G1 X89.537 Y120.658 E.00074
;WIDTH:0.481536
G1 F5759.752
G1 X89.513 Y120.663 E.00082
;WIDTH:0.52256
G1 F5267.112
G1 X89.49 Y120.667 E.0009
;WIDTH:0.563584
G1 F4852.105
G1 X89.467 Y120.671 E.00098
;WIDTH:0.5612
G1 F4874.426
G1 X89.228 Y120.332 E.01697
;WIDTH:0.515407
G1 F5346.847
G1 X88.99 Y119.993 E.01547
;WIDTH:0.469615
G1 F5920.669
G1 X88.752 Y119.653 E.01397
;WIDTH:0.429683
G1 F6000
G1 X88.534 Y119.298 E.01275
;WIDTH:0.395611
G1 X88.315 Y118.942 E.01162
;WIDTH:0.400562
G1 X88.242 Y118.872 E.00286
;WIDTH:0.444536
G1 X88.169 Y118.802 E.00321
;WIDTH:0.48851
G1 F5669.603
G1 X88.097 Y118.732 E.00356
;WIDTH:0.532484
G1 F5160.345
G1 X88.024 Y118.662 E.00391
;WIDTH:0.576458
G1 F4735.033
G1 X87.951 Y118.592 E.00426
G1 X87.964 Y118.692 E.00427
;WIDTH:0.532484
G1 F5160.345
G1 X87.978 Y118.793 E.00392
;WIDTH:0.48851
G1 F5669.603
G1 X87.991 Y118.893 E.00356
;WIDTH:0.444536
G1 F6000
G1 X88.005 Y118.993 E.00321
;WIDTH:0.411378
G1 X88.018 Y119.094 E.00295
G1 X88.41 Y119.863 E.02512
;WIDTH:0.466416
G1 F5965.388
G1 X88.567 Y120.157 E.01115
;WIDTH:0.505811
G1 F5457.69
G1 X88.724 Y120.451 E.01219
;WIDTH:0.545207
G1 F5029.633
G1 X88.881 Y120.745 E.01322
;WIDTH:0.575126
G1 F4746.876
G1 X89.026 Y120.984 E.01174
;WIDTH:0.56468
G1 F4841.917
G1 X89.015 Y121.006 E.00104
;WIDTH:0.523342
G1 F5258.533
G1 X89.004 Y121.029 E.00095
;WIDTH:0.482005
G1 F5753.593
G1 X88.993 Y121.052 E.00087
;WIDTH:0.420316
G1 F6000
G1 X88.982 Y121.074 E.00075
G1 X89.812 Y122.534 E.05005
G1 X91.387 Y122.534 E.04697
G1 X90.536 Y122.177 F18000
;WIDTH:0.379153
G1 F6000
G1 X90.141 Y121.808 E.01436
G1 X89.296 Y120.898 E.03298
G1 X90.008 Y122.177 E.03887
G1 X90.476 Y122.177 E.01243
G1 X87.407 Y117.411 F18000
;WIDTH:0.398455
G1 F6000
G1 X87.425 Y117.451 E.00122
;WIDTH:0.425705
G1 X87.55 Y117.723 E.00904
;WIDTH:0.475059
G1 F5846.072
G1 X87.675 Y117.994 E.01021
;WIDTH:0.524413
G1 F5246.838
G1 X87.8 Y118.266 E.01138
;WIDTH:0.54909
G1 F4991.042
G1 X87.925 Y118.538 E.01196
G1 X86.143 Y112.794 F18000
;WIDTH:0.63412
G1 F4273.2
G1 X86.149 Y112.828 E.00157
G1 X86.579 Y111.526 F18000
;TYPE:Gap infill
;WIDTH:0.10856
G1 F6000
G1 X86.667 Y111.424 E.0007
G1 X86.776 Y110.782 F18000
;WIDTH:0.450776
G1 F6000
G1 X86.817 Y110.375 E.0132
;WIDTH:0.397875
G1 X86.818 Y109.64 E.02059
;WIDTH:0.458548
G1 X86.776 Y109.218 E.01395
G1 X86.667 Y108.576 F18000
;WIDTH:0.108556
G1 F6000
G1 X86.579 Y108.474 E.0007
G1 X86.405 Y108.608 F18000
G1 X86.296 Y108.466
G1 X86.17 Y108.33
G1 X86.034 Y108.204
G1 X85.888 Y108.09
G1 X85.734 Y107.987
G1 X85.572 Y107.896
G1 X85.404 Y107.818
G1 X85.23 Y107.754
G1 X85.051 Y107.704
G1 X84.869 Y107.668
G1 X84.685 Y107.646
G1 X84.5 Y107.639
G1 X84.315 Y107.646
G1 X84.131 Y107.668
G1 X83.949 Y107.704
G1 X83.77 Y107.754
G1 X83.596 Y107.818
G1 X83.428 Y107.896
G1 X83.266 Y107.987
G1 X83.112 Y108.09
G1 X82.966 Y108.204
G1 X82.83 Y108.33
G1 X82.704 Y108.466
G1 X82.59 Y108.612
G1 X82.487 Y108.766
G1 X82.419 Y108.887
G1 X82.035 Y108.672
;WIDTH:0.388754
G1 F6000
G1 X81.977 Y108.963 E.00809
;WIDTH:0.36817
G1 X81.959 Y109.063 E.00262
;WIDTH:0.330549
G1 X81.94 Y109.174 E.00256
;WIDTH:0.297305
G1 X81.926 Y109.274 E.00203
;WIDTH:0.268415
G1 X81.911 Y109.382 E.00195
;WIDTH:0.233233
G1 X81.891 Y109.59 E.00314
;WIDTH:0.193135
G1 X81.875 Y110.003 E.0049
G1 X81.891 Y110.417 E.00492
;WIDTH:0.234721
G1 X81.912 Y110.626 E.00319
;WIDTH:0.269552
G1 X81.926 Y110.726 E.00181
;WIDTH:0.298786
G1 X81.941 Y110.837 E.00226
;WIDTH:0.332401
G1 X81.959 Y110.937 E.00233
;WIDTH:0.376902
G2 X82.035 Y111.328 I9.925 J-1.719 E.0105
G1 X83.586 Y112.97 F18000
;TYPE:Sparse infill
;WIDTH:0.45
G1 F6205.95
G2 X85.652 Y112.886 I.898 J-3.363 E.06749
G2 X86.241 Y116.085 I26.489 J-3.225 E.10466
G1 X82.625 Y112.47 E.16441
G3 X82.357 Y112.241 I.587 J-.961 E.01137
G1 X82.357 Y114.485 E.07215
G1 X82.357 Y104.944 F18000
G1 F6205.95
G1 X82.357 Y107.228 E.07343
G1 X82.646 Y107.516 E.01311
G3 X84.508 Y106.891 I1.86 J2.458 E.06429
G1 X82.357 Y104.741 E.09781
G1 X82.357 Y102.254 E.07997
G1 X85.847 Y105.744 E.15871
G3 X86.299 Y103.708 I13.281 J1.879 E.06711
G1 X82.357 Y99.767 E.17925
G1 X82.357 Y97.28 E.07997
G1 X86.887 Y101.81 E.20601
G3 X87.597 Y100.032 I11.76 J3.66 E.06161
G1 X82.357 Y94.792 E.23826
G1 X82.357 Y92.305 E.07997
G1 X88.415 Y98.363 E.27547
G3 X89.334 Y96.795 I10.538 J5.127 E.0585
G1 X82.357 Y89.818 E.31728
G1 X82.357 Y87.331 E.07997
G1 X90.349 Y95.323 E.36342
G3 X91.455 Y93.942 I9.581 J6.536 E.05695
G1 X83.87 Y86.357 E.34489
G1 X86.357 Y86.357 E.07997
G1 X92.649 Y92.649 E.28613
G3 X93.942 Y91.455 I15.798 J15.789 E.05661
G1 X88.844 Y86.357 E.2318
G1 X91.331 Y86.357 E.07997
G1 X95.323 Y90.349 E.18151
G3 X96.795 Y89.334 I7.277 J8.987 E.05756
G1 X93.818 Y86.357 E.13538
G1 X96.305 Y86.357 E.07997
G1 X98.363 Y88.415 E.09357
G3 X100.032 Y87.597 I6.089 J10.305 E.05982
G1 X98.792 Y86.357 E.05635
G1 X101.28 Y86.357 E.07997
G1 X101.81 Y86.887 E.0241
G1 X102.4 Y86.669 E.02025
G1 X102.357 Y86.357 E.01013
G1 X101.483 Y86.357 E.02811
G1 X95.142 Y95.806 F18000
;TYPE:Internal solid infill
;WIDTH:0.421429
G1 F6000
G1 X90.467 Y95.806 E.13976
G1 X90.766 Y95.427 E.01441
G1 X95.557 Y95.427 E.14327
G3 X96.498 Y95.049 I2.873 J5.782 E.03035
G1 X91.064 Y95.049 E.16248
G1 X91.363 Y94.67 E.01441
G1 X97.663 Y94.67 E.18839
G1 X98.278 Y94.497 E.0191
G1 X99.309 Y94.292 E.03143
G1 X91.665 Y94.292 E.22857
G1 X92.014 Y93.913 E.01541
G1 X127.986 Y93.913 E1.07552
G1 X127.636 Y93.535 E.01541
G1 X92.364 Y93.535 E1.0546
G1 X92.714 Y93.156 E.01541
G1 X127.286 Y93.156 E1.03367
G1 X126.913 Y92.778 E.0159
G1 X93.087 Y92.778 E1.01135
G1 X93.497 Y92.399 E.01667
G1 X126.503 Y92.399 E.98686
G1 X126.094 Y92.021 E.01667
G1 X93.906 Y92.021 E.96238
G1 X94.316 Y91.642 E.01667
G1 X125.684 Y91.642 E.93789
G1 X125.204 Y91.264 E.01827
G1 X94.796 Y91.264 E.90921
G1 X95.276 Y90.885 E.01828
G1 X124.724 Y90.885 E.8805
G1 X124.244 Y90.507 E.01828
G1 X95.756 Y90.507 E.85179
G1 X96.313 Y90.128 E.02014
G1 X123.687 Y90.128 E.81847
G1 X123.121 Y89.75 E.02037
G1 X96.879 Y89.75 E.78459
G1 X97.458 Y89.371 E.02067
G1 X122.542 Y89.371 E.75
G1 X121.866 Y88.993 E.02316
G1 X98.134 Y88.993 E.70958
G1 X98.81 Y88.614 E.02316
G1 X121.19 Y88.614 E.66916
G1 X120.961 Y88.486 E.00784
G1 X120.418 Y88.236 E.01788
G1 X99.582 Y88.236 E.623
G1 X100.403 Y87.857 E.02703
G1 X119.597 Y87.857 E.5739
G1 X119.24 Y87.692 E.01177
G1 X118.66 Y87.479 E.01846
G1 X101.34 Y87.479 E.51788
G1 X102.366 Y87.1 E.0327
G1 X117.634 Y87.1 E.45653
G1 X117.33 Y86.999 E.00958
G1 X117.188 Y86.782 E.00777
G1 X117.196 Y86.722 E.00182
G1 X102.804 Y86.722 E.43034
G1 X102.751 Y86.343 E.01142
G1 X117.42 Y86.343 E.4386
G1 X117.506 Y107.161 F18000
G1 F6000
G1 X118.804 Y107.161 E.03881
G1 X117.782 Y107.39 F18000
;WIDTH:0.38292
G1 F6000
G1 X117.718 Y107.426 E.00198
G1 X117.767 Y107.454 E.00151
G1 X117.421 Y108.473 F18000
;TYPE:Gap infill
;WIDTH:0.0933205
G1 F6000
G1 X117.333 Y108.576 E.00054
G1 X117.224 Y109.218 F18000
;WIDTH:0.458526
G1 F6000
G1 X117.182 Y109.64 E.01394
;WIDTH:0.397872
G1 X117.183 Y110.375 E.02059
;WIDTH:0.450759
G1 X117.224 Y110.782 E.0132
G1 X117.333 Y111.424 F18000
;WIDTH:0.0933202
G1 F6000
G1 X117.421 Y111.527 E.00054
G1 X117.826 Y112.645 F18000
;TYPE:Internal solid infill
;WIDTH:0.491956
G1 F5626.088
G2 X117.822 Y112.742 I-.028 J.048 E.00809
G1 X120.679 Y112.79 F18000
;WIDTH:0.38292
G1 F6000
G1 X120.615 Y112.827 E.00198
G1 X120.664 Y112.855 E.00151
G1 X110.067 Y123.77 F18000
G1 F6000
G1 X110.132 Y124.009 E.00666
G1 X109.763 Y124.054 F18000
;TYPE:Gap infill
;WIDTH:0.25354
G1 F6000
G1 X108.843 Y124.275 E.01573
G1 X108.063 Y124.441 F18000
;WIDTH:0.448492
G1 F6000
G1 X107.889 Y124.473 E.00567
;WIDTH:0.399324
G1 X107.715 Y124.504 E.00498
;WIDTH:0.350157
G1 X107.541 Y124.535 E.00429
;WIDTH:0.300989
G1 X107.367 Y124.566 E.00361
;WIDTH:0.251821
G1 X107.193 Y124.597 E.00292
;WIDTH:0.202653
G1 X107.018 Y124.628 E.00223
;WIDTH:0.178069
G1 X106.844 Y124.659 E.00189
G1 X106.477 Y125.708 F18000
;TYPE:Internal solid infill
;WIDTH:0.421429
G1 F6000
G1 X103.381 Y125.708 E.09258
G1 X100.91 Y132.781 F18000
;TYPE:Sparse infill
;WIDTH:0.45
G1 F6205.95
G1 X102.4 Y133.331 E.05108
G1 X102.357 Y133.643 E.01013
G1 X101.311 Y133.643 E.03363
G1 X100.107 Y132.438 E.05477
G3 X95.184 Y129.542 I8.865 J-20.699 E.18416
G1 X90.458 Y124.816 F18000
G1 F6205.95
G3 X87.562 Y119.893 I17.802 J-13.787 E.18416
G1 X82.357 Y114.689 E.23668
G1 X82.357 Y117.176 E.07997
G1 X98.824 Y133.643 E.74885
G1 X96.337 Y133.643 E.07997
G1 X82.357 Y119.663 E.63575
G1 X82.357 Y122.15 E.07997
G1 X93.85 Y133.643 E.52265
G1 X91.363 Y133.643 E.07997
G1 X82.357 Y124.637 E.40955
G1 X82.357 Y127.124 E.07997
G1 X88.876 Y133.643 E.29645
G1 X86.389 Y133.643 E.07997
G1 X82.357 Y129.611 E.18336
G1 X82.357 Y132.098 E.07997
G1 X83.902 Y133.643 E.07026
G1 X82.357 Y133.643 E.04968
G1 X82.357 Y132.301 E.04313
G1 X81.611 Y132.301 F18000
G1 X86.961 Y109.409
G1 X86.893 Y108.811
G1 X86.874 Y108.48
G1 X86.976 Y107.62
G1 X87.209 Y106.449
G1 X87.533 Y105.299
G1 X87.947 Y104.179
G1 X88.447 Y103.094
G1 X89.03 Y102.052
G1 X89.694 Y101.059
G1 X90.433 Y100.121
G1 X91.244 Y99.244
G1 X92.121 Y98.433
G1 X93.059 Y97.694
G1 X94.052 Y97.03
G1 X94.339 Y96.869
G1 X94.413 Y96.828
G1 X94.027 Y96.138
;TYPE:Internal solid infill
;WIDTH:0.419999
G1 F6000
G1 X90.314 Y96.138 E.1106
G1 X90.273 Y96.097 E.00173
G1 X89.397 Y97.412 E.04707
G1 X88.477 Y99.06 E.05621
G1 X87.687 Y100.776 E.05625
G1 X87.064 Y102.462 E.05356
;WIDTH:0.444442
G1 X87.046 Y102.61 E.00472
;WIDTH:0.493327
G1 F5608.969
G1 X87.028 Y102.758 E.00529
;WIDTH:0.534349
G1 F5140.754
G1 X87.009 Y102.905 E.00577
G1 X86.742 Y103.728 E.0336
;WIDTH:0.486465
G1 F5695.737
G1 X86.549 Y104.366 E.02333
;WIDTH:0.44974
G1 F6000
G1 X86.404 Y104.972 E.02003
;WIDTH:0.401277
G1 X86.131 Y106.215 E.03604
;WIDTH:0.36726
G1 X86.065 Y106.698 E.01248
;WIDTH:0.381496
G1 X86.08 Y106.767 E.00189
;WIDTH:0.428772
G1 X86.096 Y106.836 E.00215
;WIDTH:0.476048
G1 F5832.734
G1 X86.111 Y106.905 E.00242
;WIDTH:0.523323
G1 F5258.744
G1 X86.127 Y106.974 E.00268
;WIDTH:0.570599
G1 F4787.604
G1 X86.143 Y107.043 E.00295
;WIDTH:0.617875
G1 F4393.943
G1 X86.158 Y107.112 E.00321
G1 X86.194 Y107.051 E.00321
;WIDTH:0.570599
G1 F4787.604
G1 X86.231 Y106.99 E.00295
;WIDTH:0.523323
G1 F5258.744
G1 X86.267 Y106.929 E.00268
;WIDTH:0.476048
G1 F5832.734
G1 X86.303 Y106.869 E.00242
;WIDTH:0.428772
G1 F6000
G1 X86.339 Y106.808 E.00215
;WIDTH:0.369272
G1 X86.375 Y106.747 E.00182
G1 X86.462 Y106.263 E.01268
;WIDTH:0.389797
G1 X86.621 Y105.655 E.01722
;WIDTH:0.415044
G1 X86.78 Y105.047 E.01847
;WIDTH:0.450627
G1 X86.96 Y104.491 E.01883
;WIDTH:0.487525
G1 F5682.164
G1 X87.182 Y103.852 E.02373
;WIDTH:0.51776
G1 F5320.352
G1 X87.341 Y103.469 E.01556
;WIDTH:0.550356
G1 F4978.59
G1 X87.499 Y103.086 E.01663
;WIDTH:0.542212
G1 F5059.801
G1 X87.581 Y102.967 E.0057
;WIDTH:0.493327
G1 F5608.969
G1 X87.663 Y102.848 E.00514
;WIDTH:0.420758
G1 F6000
G1 X88.36 Y101.633 E.0418
G1 X89.058 Y100.588 E.0375
G1 X89.837 Y99.602 E.0375
G1 X90.69 Y98.68 E.0375
G1 X91.613 Y97.827 E.0375
G1 X92.6 Y97.05 E.0375
G1 X93.645 Y96.352 E.0375
G1 X93.975 Y96.168 E.01127
G1 X92.721 Y96.515 F18000
;WIDTH:0.419999
G1 F6000
G1 X90.447 Y96.515 E.06775
G1 X89.662 Y97.693 E.04217
;WIDTH:0.442384
G1 X89.454 Y98.115 E.01482
;WIDTH:0.487153
G1 F5686.916
G1 X89.247 Y98.537 E.01649
;WIDTH:0.531923
G1 F5166.265
G1 X89.04 Y98.958 E.01815
;WIDTH:0.536378
G1 F5119.618
G1 X88.83 Y99.351 E.01737
;WIDTH:0.50052
G1 F5520.801
G1 X88.62 Y99.744 E.0161
;WIDTH:0.464662
G1 F5990.204
G1 X88.41 Y100.137 E.01484
;WIDTH:0.429888
G1 F6000
G1 X88.218 Y100.512 E.01287
;WIDTH:0.3962
G1 X88.027 Y100.887 E.01175
;WIDTH:0.401072
G1 X88.011 Y100.993 E.00304
;WIDTH:0.444504
G1 X87.995 Y101.099 E.00341
;WIDTH:0.487937
G1 F5676.904
G1 X87.978 Y101.205 E.00378
;WIDTH:0.531369
G1 F5172.117
G1 X87.962 Y101.312 E.00414
;WIDTH:0.574802
G1 F4749.77
G1 X87.946 Y101.418 E.00451
G1 X88.021 Y101.344 E.0044
;WIDTH:0.531369
G1 F5172.117
G1 X88.095 Y101.271 E.00404
;WIDTH:0.487937
G1 F5676.904
G1 X88.17 Y101.198 E.00368
;WIDTH:0.444504
G1 F6000
G1 X88.245 Y101.124 E.00332
;WIDTH:0.411698
G1 X88.319 Y101.051 E.00305
G1 X88.752 Y100.347 E.02407
;WIDTH:0.466557
G1 F5963.406
G1 X88.944 Y100.071 E.01124
;WIDTH:0.506205
G1 F5453.049
G1 X89.136 Y99.795 E.01229
;WIDTH:0.552352
G1 F4959.091
G3 X89.511 Y99.3 I3.065 J1.93 E.02502
;WIDTH:0.531923
G1 F5166.265
G1 X89.808 Y99.012 E.01601
;WIDTH:0.487153
G1 F5686.916
G1 X90.105 Y98.723 E.01455
;WIDTH:0.425508
G1 F6000
G3 X91.38 Y97.531 I25.075 J25.532 E.05274
G1 X92.391 Y96.736 E.03887
G1 X92.671 Y96.549 E.0102
G1 X91.449 Y96.938 F18000
;WIDTH:0.511129
G1 F5395.701
G1 X90.673 Y96.938 E.02872
G2 X89.61 Y98.669 I10.522 J7.653 E.07523
G1 X90.147 Y98.092 E.02917
G1 X91.118 Y97.199 E.0488
G1 X91.402 Y96.975 E.01338
G1 X87.407 Y102.589 F18000
;WIDTH:0.398739
G1 F6000
G1 X87.425 Y102.549 E.00123
;WIDTH:0.425708
G1 X87.549 Y102.28 E.00896
;WIDTH:0.474511
G1 F5853.502
G1 X87.673 Y102.011 E.0101
;WIDTH:0.523314
G1 F5258.847
G1 X87.797 Y101.741 E.01125
;WIDTH:0.547715
G1 F5004.637
G1 X87.921 Y101.472 E.01182
G1 X86.144 Y107.203 F18000
;WIDTH:0.634296
G1 F4271.928
G1 X86.149 Y107.171 E.00151
; stop printing object base_plate.stl id:0 copy 0
;LAYER_CHANGE
;Z:1.64
;HEIGHT:0.2
G92 E0 ; zero the extruded length again
; BEFORE_LAYER_CHANGE 7 @ 1.64mm
G1 E-2.45472 F6000
;WIPE_START
G1 F4271.928
G1 X86.144 Y107.203 E-.04528
;WIPE_END
; AFTER_LAYER_CHANGE 7 @ 1.64mm
;_SET_FAN_SPEED_CHANGING_LAYER
; printing object base_plate.stl id:0 copy 0
G17
G3 Z1.84 I-.282 J.539 P1  F18000
G1 X138.025 Y134.389 Z1.84
G1 X138.389 Y134.389
G1 X138.79 Y134.79
G1 Z1.64
G1 E2.5 F6000
M204 P1000
;TYPE:Outer wall
;WIDTH:0.42
G1 F3600
G1 X81.21 Y134.79 E1.71511
G1 X81.21 Y85.21 E1.47682
G1 X138.79 Y85.21 E1.71511
G1 X138.79 Y134.73 E1.47503
G1 X138.389 Y134.389 F18000
G1 X138.389 Y134.389
G1 X138.398 Y134.398
M204 P1500
;TYPE:Inner wall
;WIDTH:0.45
G1 F6000
G1 X81.602 Y134.398 E1.82635
G1 X81.602 Y85.602 E1.5691
G1 X138.398 Y85.602 E1.82635
G1 X138.398 Y134.338 E1.56717
G1 X137.991 Y133.991 F18000
G1 F6000
G1 X82.009 Y133.991 E1.80018
G1 X82.009 Y111.548 E.72169
G1 X82.182 Y111.496 E.00581
G1 X82.401 Y111.793 E.01187
G1 X82.548 Y111.952 E.00696
G1 X82.878 Y112.233 E.01394
G1 X83.247 Y112.459 E.01391
G1 X83.647 Y112.625 E.01393
G1 X84.068 Y112.726 E.01392
G1 X84.5 Y112.76 E.01393
G1 X84.932 Y112.726 E.01393
G1 X85.353 Y112.625 E.01392
G1 X85.753 Y112.459 E.01393
G1 X86.122 Y112.233 E.01391
G1 X86.452 Y111.952 E.01394
G1 X86.733 Y111.622 E.01394
G1 X86.959 Y111.253 E.01391
G1 X87.125 Y110.853 E.01393
G1 X87.226 Y110.432 E.01392
G1 F4560
G1 X87.26 Y110 E.01393
G1 X87.226 Y109.568 E.01393
G1 F6000
G1 X87.125 Y109.147 E.01392
G1 X86.959 Y108.747 E.01393
G1 X86.733 Y108.378 E.01391
G1 X86.452 Y108.048 E.01394
G1 X86.122 Y107.767 E.01394
G1 X85.753 Y107.541 E.01391
G1 X85.353 Y107.375 E.01393
G1 X84.932 Y107.274 E.01392
G1 X84.5 Y107.24 E.01393
G1 X84.076 Y107.272 E.01367
G1 X83.647 Y107.375 E.01419
G1 X83.247 Y107.541 E.01393
G1 X82.878 Y107.767 E.01391
G1 X82.548 Y108.048 E.01394
G1 X82.401 Y108.207 E.00696
G1 X82.182 Y108.504 E.01187
G1 X82.009 Y108.452 E.00581
G1 X82.009 Y86.009 E.72169
G1 X137.991 Y86.009 E1.80018
G1 X137.991 Y133.931 E1.541
G1 E-1.75
;WIPE_START
G1 X136.991 Y133.932 E-.75
;WIPE_END
G1 X136.991 Y134.389 Z1.84 F18000
G1 X112.961 Y129.41
G1 X112.56 Y129.41
G1 Z1.64
G1 E2.5 F6000
M204 P1000
;TYPE:Outer wall
;WIDTH:0.42
G1 F3600
G1 X112.56 Y125.29 E.12272
G1 X107.44 Y125.29 E.15251
G1 X107.44 Y129.41 E.12272
G1 X112.5 Y129.41 E.15072
G1 X112.5 Y129.811 F18000
G1 X112.952 Y129.811
G1 X112.952 Y129.802
M204 P1500
;TYPE:Inner wall
;WIDTH:0.45
G1 F6000
G1 X112.952 Y124.898 E.1577
G1 X107.048 Y124.898 E.18986
G1 X107.048 Y129.802 E.1577
G1 X112.892 Y129.802 E.18793
G1 X113.359 Y130.209 F18000
G1 F6000
G1 X113.359 Y124.491 E.18388
G1 X106.641 Y124.491 E.21604
G1 X106.641 Y130.209 E.18388
G1 X113.299 Y130.209 E.21411
G1 E-1.75
;WIPE_START
G1 X113.31 Y129.209 E-.75
;WIPE_END
G1 X112.961 Y129.209 Z1.84 F18000
G1 X119.522 Y112.36
G1 X119.507 Y111.96
G1 Z1.64
G1 E2.5 F6000
M204 P1000
;TYPE:Outer wall
;WIDTH:0.42
G1 F3600
G1 X119.806 Y111.931 E.00895
G2 X119.654 Y108.046 I-.299 J-1.934 E.16982
G2 X119.378 Y108.045 I-.146 J1.749 E.00822
G2 X119.449 Y111.953 I.129 J1.953 E.17754
G1 X119.433 Y112.359 F18000
G1 X119.5 Y112.361
G1 X119.528 Y112.36
G1 X119.527 Y112.35
M204 P1500
;TYPE:Inner wall
;WIDTH:0.45
G1 F6000
G1 X119.868 Y112.324 E.01099
G2 X119.685 Y107.655 I-.36 J-2.324 E.22026
G2 X119.35 Y107.653 I-.176 J2.121 E.01076
G2 X119.467 Y112.351 I.157 J2.346 E.2312
G1 X119.444 Y112.756 F18000
G1 F6000
G1 X119.5 Y112.759 E.0018
G1 X119.932 Y112.726 E.01393
G1 X120.353 Y112.625 E.01392
G1 X120.556 Y112.55 E.00696
G1 X120.942 Y112.353 E.01394
G1 X121.292 Y112.099 E.01391
G1 X121.452 Y111.952 E.00699
G1 X121.599 Y111.793 E.00696
G1 X121.853 Y111.442 E.01393
G1 X122.05 Y111.056 E.01394
G1 X122.184 Y110.645 E.0139
G1 X122.226 Y110.432 E.00698
G1 X122.26 Y110 E.01393
G1 X122.226 Y109.568 E.01393
G1 X122.184 Y109.355 E.00698
G1 X122.05 Y108.944 E.0139
G1 X121.853 Y108.558 E.01394
G1 X121.599 Y108.207 E.01393
G1 X121.292 Y107.901 E.01394
G1 X120.942 Y107.647 E.01391
G1 X120.753 Y107.541 E.00697
G1 X120.353 Y107.375 E.01393
G1 X119.932 Y107.274 E.01392
G1 X119.717 Y107.248 E.00696
G1 X119.321 Y107.247 E.01273
G1 X118.856 Y107.316 E.01512
G1 X118.444 Y107.45 E.01393
G1 X118.058 Y107.647 E.01394
G1 X117.878 Y107.767 E.00696
G1 X117.548 Y108.048 E.01394
G1 X117.267 Y108.378 E.01394
G1 X117.147 Y108.558 E.00696
G1 X116.95 Y108.944 E.01394
G1 X116.875 Y109.147 E.00696
G1 X116.774 Y109.568 E.01392
G1 F4560
G1 X116.74 Y110 E.01393
G1 X116.774 Y110.432 E.01393
G1 F6000
G1 X116.875 Y110.853 E.01392
G1 X116.95 Y111.056 E.00696
G1 X117.147 Y111.442 E.01394
G1 X117.267 Y111.622 E.00696
G1 X117.548 Y111.952 E.01394
G1 X117.878 Y112.233 E.01394
G1 X118.058 Y112.353 E.00696
G1 X118.444 Y112.55 E.01394
G1 X118.856 Y112.684 E.01393
G1 X119.069 Y112.723 E.00696
G1 X119.385 Y112.751 E.0102
G1 E-1.75
;WIPE_START
G1 X119.5 Y112.759 E-.08671
G1 X119.932 Y112.726 E-.32475
G1 X120.353 Y112.625 E-.32488
G1 X120.37 Y112.619 E-.01367
;WIPE_END
G1 X120.232 Y112.245 Z1.84 F18000
G1 X120.23 Y112.246
G1 X120.051 Y112.296
G1 X119.869 Y112.332
G1 X119.685 Y112.354
G1 X119.5 Y112.361
G1 X119.315 Y112.354
G1 X119.131 Y112.332
G1 X118.949 Y112.296
G1 X118.77 Y112.246
G1 X118.596 Y112.182
G1 X118.428 Y112.104
G1 X118.266 Y112.013
G1 X118.233 Y111.991
G1 X115.585 Y111.176
G1 X115.192 Y111.098
G1 Z1.64
G1 E2.5 F6000
M204 P500
;TYPE:Overhang wall
;WIDTH:0.364292
G1 F1500
M106 S127
G1 X115.243 Y110.83 E.00691
G2 X110.416 Y104.706 I-5.243 J-.832 E.22234
G2 X109.583 Y104.706 I-.415 J5.715 E.02115
G2 X115.162 Y111.239 I.417 J5.292 E.5927
G1 X115.179 Y111.157 E.00215
M204 T500
G1 X115.573 Y111.235 F18000
G1 X115.585 Y111.176
G1 X115.576 Y111.174
G1 F1500
G1 X115.631 Y110.892 E.0073
G2 X110.445 Y104.315 I-5.631 J-.893 E.23881
G2 X109.553 Y104.315 I-.445 J6.13 E.02268
G2 X115.544 Y111.331 I.448 J5.684 E.63651
G1 X115.564 Y111.233 E.00254
G1 X115.976 Y111.254 F18000
G1 F1500
G1 X116.034 Y110.956 E.00771
G2 X110.476 Y103.908 I-6.033 J-.957 E.25591
G2 X109.521 Y103.909 I-.475 J6.56 E.02428
G2 X115.94 Y111.426 I.48 J6.09 E.68196
G1 X115.963 Y111.312 E.00294
M204 T2000
G1 E-1.75 F6000
;WIPE_START
G1 F1500
G1 X116.034 Y110.956 E-.27277
G1 X116.091 Y110.479 E-.3598
G1 X116.097 Y110.323 E-.11743
;WIPE_END
G17
G3 Z1.84 I.024 J-.608 P1  F18000
G1 X115.699 Y110.307 Z1.84
G1 X115.694 Y110.448
G1 X115.641 Y110.893
G1 X115.553 Y111.333
G1 X115.432 Y111.765
G1 X115.277 Y112.186
G1 X115.089 Y112.593
G1 X114.87 Y112.984
G1 X114.621 Y113.357
G1 X114.343 Y113.709
G1 X114.038 Y114.038
G1 X113.709 Y114.343
G1 X113.357 Y114.621
G1 X112.984 Y114.87
G1 X112.593 Y115.089
G1 X112.186 Y115.277
G1 X111.765 Y115.432
G1 X111.333 Y115.553
G1 X110.893 Y115.641
G1 X110.448 Y115.694
G1 X110 Y115.711
G1 X109.552 Y115.694
G1 X109.107 Y115.641
G1 X84.869 Y112.332
G1 X84.771 Y112.344
G1 X84.724 Y111.943
G1 Z1.64
G1 E2.5 F6000
M204 P1000
;TYPE:Outer wall
;WIDTH:0.42
G1 F3600
M106 S102
G1 X84.957 Y111.902 E.00705
G2 X84.654 Y108.046 I-.45 J-1.905 E.16524
G2 X84.378 Y108.045 I-.146 J1.75 E.00822
G2 X84.653 Y111.949 I.129 J1.953 E.18365
G1 X84.664 Y111.948 E.00031
G1 X84.712 Y112.351 F18000
G1 X84.714 Y112.351
G1 X84.713 Y112.341
M204 P1500
;TYPE:Inner wall
;WIDTH:0.45
G1 F6000
G1 X85.049 Y112.288 E.01094
G2 X84.685 Y107.655 I-.542 J-2.289 E.21432
G2 X84.35 Y107.653 I-.176 J2.123 E.01076
G2 X84.653 Y112.347 I.158 J2.346 E.23719
G1 X83.584 Y112.968 F18000
M204 P2000
;TYPE:Sparse infill
G1 F6205.95
G2 X85.651 Y112.879 I.904 J-3.02 E.06776
G1 X85.73 Y113.547 E.02165
G2 X86.241 Y116.085 I31.823 J-5.087 E.08326
G1 X82.357 Y112.247 E.17558
G1 X82.357 Y114.485 E.07198
G1 X82.035 Y111.328 F18000
;TYPE:Gap infill
;WIDTH:0.376902
G1 F6000
G3 X81.959 Y110.937 I9.849 J-2.11 E.0105
;WIDTH:0.332401
G1 X81.941 Y110.837 E.00233
;WIDTH:0.298786
G1 X81.926 Y110.726 E.00226
;WIDTH:0.269552
G1 X81.912 Y110.626 E.00181
;WIDTH:0.234721
G1 X81.891 Y110.417 E.00319
;WIDTH:0.193135
G1 X81.875 Y110.003 E.00492
G1 X81.891 Y109.59 E.0049
;WIDTH:0.233232
G1 X81.911 Y109.382 E.00314
;WIDTH:0.268414
G1 X81.926 Y109.274 E.00195
;WIDTH:0.297306
G1 X81.94 Y109.174 E.00203
;WIDTH:0.330553
G1 X81.959 Y109.063 E.00256
;WIDTH:0.368178
G1 X81.977 Y108.963 E.00262
;WIDTH:0.388764
G1 X82.035 Y108.672 E.00809
G1 X84.711 Y106.907 F18000
;TYPE:Sparse infill
;WIDTH:0.45
G1 F6205.95
G3 X85.651 Y107.121 I-.215 J3.11 E.03111
G3 X85.847 Y105.744 I8.978 J.579 E.0448
G1 X82.357 Y102.254 E.15871
G1 X82.357 Y104.741 E.07997
G1 X84.508 Y106.891 E.09781
G2 X82.641 Y107.511 I.289 J3.991 E.06392
G1 X82.357 Y107.228 E.0129
G1 X82.357 Y104.944 E.07343
G1 X86.425 Y104.197 F18000
;TYPE:Internal solid infill
;WIDTH:0.38292
G1 F6000
G3 X87.049 Y102.45 I22.259 J6.957 E.04985
;WIDTH:0.407618
G1 X87.178 Y102.167 E.00896
;WIDTH:0.457014
G1 X87.308 Y101.884 E.01018
;WIDTH:0.50641
G1 F5450.637
G1 X87.438 Y101.601 E.01139
;WIDTH:0.531108
G1 F5174.883
G1 X87.567 Y101.318 E.012
G1 X91.05 Y96.301 F18000
;WIDTH:0.437342
G1 F6000
G1 X90.976 Y96.344 E.00266
G1 X91.041 Y96.381 E.00233
G1 X92.178 Y95.958 F18000
;WIDTH:0.419999
G1 F6000
G1 X90.828 Y95.958 E.04023
G2 X89.734 Y97.583 I86.826 J59.623 E.05836
G1 X89.096 Y98.721 E.03884
G1 X89.843 Y97.91 E.03284
G1 X90.828 Y96.993 E.04009
G1 X91.883 Y96.157 E.04009
G1 X92.129 Y95.991 E.00882
G1 X93.442 Y95.581 F18000
G1 F6000
G1 X90.753 Y95.581 E.08007
G1 X90.693 Y95.52 E.00256
G1 X90.391 Y95.92 E.01491
G1 X89.349 Y97.483 E.05596
;WIDTH:0.443268
G1 X89.135 Y97.916 E.01528
;WIDTH:0.489804
G1 F5653.18
G1 X88.922 Y98.35 E.01706
;WIDTH:0.544966
G1 F5032.041
G3 X88.544 Y99.075 I-6.465 J-2.911 E.03242
;WIDTH:0.534859
G1 F5135.425
G1 X88.378 Y99.387 E.01376
;WIDTH:0.493995
G1 F5600.655
G1 X88.211 Y99.699 E.01261
;WIDTH:0.453131
G1 F6000
G1 X88.045 Y100.012 E.01147
;WIDTH:0.417046
G1 X87.858 Y100.379 E.01218
;WIDTH:0.38574
G1 X87.671 Y100.747 E.01116
;WIDTH:0.39499
G1 X87.652 Y100.871 E.00348
;WIDTH:0.444795
G1 X87.633 Y100.994 E.00398
;WIDTH:0.4946
G1 F5593.152
G1 X87.614 Y101.118 E.00447
;WIDTH:0.544406
G1 F5037.666
G1 X87.595 Y101.242 E.00496
G1 X87.686 Y101.156 E.00495
;WIDTH:0.4946
G1 F5593.152
G1 X87.777 Y101.071 E.00446
;WIDTH:0.444795
G1 F6000
G1 X87.868 Y100.985 E.00397
;WIDTH:0.401846
G1 X87.959 Y100.9 E.00354
G1 X88.392 Y100.188 E.02363
;WIDTH:0.455598
G1 X88.588 Y99.905 E.01121
;WIDTH:0.495475
G1 F5582.34
G1 X88.783 Y99.622 E.01229
;WIDTH:0.545503
G1 F5026.668
G3 X89.158 Y99.109 I4.994 J3.248 E.02525
;WIDTH:0.536341
G1 F5120.004
G1 X89.472 Y98.801 E.01714
;WIDTH:0.489804
G1 F5653.18
G1 X89.786 Y98.493 E.01552
;WIDTH:0.424421
G1 F6000
G3 X91.063 Y97.288 I24.265 J24.446 E.05292
G1 X92.094 Y96.47 E.03967
G1 X93.39 Y95.612 E.04684
G1 X91.131 Y94.69 F18000
;WIDTH:0.420239
G1 F6000
G1 X91.131 Y95.392 E.02093
G1 X91.508 Y95.392 E.01125
G1 X91.508 Y94.486 E.02702
G1 X91.886 Y94.053 E.01711
G1 X91.886 Y95.392 E.03992
G1 X92.263 Y95.392 E.01125
G1 X92.263 Y93.645 E.05209
G1 X92.64 Y93.236 E.01657
G1 X92.64 Y95.392 E.06426
G1 X93.017 Y95.392 E.01125
G1 X93.017 Y92.843 E.076
G1 X93.395 Y92.494 E.01531
G1 X93.395 Y95.392 E.08639
G1 X93.772 Y95.392 E.01125
G1 X93.772 Y92.145 E.09679
G1 X94.149 Y91.796 E.01531
G1 X94.149 Y95.188 E.1011
G1 X94.527 Y94.991 E.01269
G1 X94.527 Y91.476 E.10477
G1 X94.904 Y91.178 E.01432
G1 X94.904 Y94.817 E.10846
G1 X95.281 Y94.643 E.01238
G1 X95.281 Y90.881 E.11214
G1 X95.659 Y90.583 E.01432
G1 X95.659 Y94.476 E.11603
G1 X96.036 Y94.337 E.01199
G1 X96.036 Y90.313 E.11993
G1 X96.413 Y90.061 E.01353
G1 X96.413 Y94.198 E.1233
G1 X96.791 Y94.06 E.01198
G1 X96.791 Y89.809 E.12669
G1 X97.168 Y89.557 E.01353
G1 X97.168 Y93.95 E.13094
G1 X97.545 Y93.844 E.01169
G1 X97.545 Y89.322 E.13476
G1 X97.923 Y89.111 E.01289
G1 X97.923 Y93.737 E.13788
G1 X98.3 Y93.649 E.01155
G1 X98.3 Y88.9 E.14154
G1 X98.677 Y88.688 E.01289
G1 X98.677 Y93.574 E.1456
G1 X99.055 Y93.499 E.01147
G1 X99.055 Y88.479 E.14962
G1 X99.432 Y88.305 E.01238
G1 X99.432 Y93.428 E.1527
G1 X99.809 Y93.383 E.01133
G1 X99.809 Y88.131 E.15655
G1 X100.187 Y87.957 E.01238
G1 X100.187 Y93.339 E.1604
G1 X100.564 Y93.294 E.01132
G1 X100.564 Y87.783 E.16426
G1 X100.941 Y87.626 E.01218
G1 X100.941 Y93.27 E.16822
G1 X101.318 Y93.255 E.01125
G1 X101.318 Y87.487 E.17193
G1 X101.696 Y87.347 E.01199
G1 X101.696 Y93.24 E.17564
G1 X102.073 Y93.231 E.01125
G1 X102.073 Y87.208 E.17952
G1 X102.45 Y87.069 E.01199
G1 X102.45 Y93.246 E.1841
G1 X102.828 Y93.261 E.01125
G1 X102.828 Y86.342 E.2062
G1 X103.205 Y86.342 E.01125
G1 X103.205 Y93.275 E.20664
G1 X103.582 Y93.311 E.0113
G1 X103.582 Y86.342 E.20771
G1 X103.96 Y86.342 E.01125
G1 X103.96 Y93.356 E.20904
G1 X104.337 Y93.401 E.01132
G1 X104.337 Y86.342 E.21037
G1 X104.714 Y86.342 E.01125
G1 X104.714 Y93.453 E.21192
G1 X105.092 Y93.528 E.01147
G1 X105.092 Y86.342 E.21416
G1 X105.469 Y86.342 E.01125
G1 X105.469 Y93.603 E.21639
G1 X105.846 Y93.678 E.01147
G1 X105.846 Y86.342 E.21863
G1 X106.224 Y86.342 E.01125
G1 X106.224 Y93.778 E.22163
G1 X106.601 Y93.885 E.01169
G1 X106.601 Y86.342 E.22481
G1 X106.978 Y86.342 E.01125
G1 X106.978 Y93.991 E.22798
G1 X107.356 Y94.113 E.01181
G1 X107.356 Y86.342 E.2316
G1 X107.733 Y86.342 E.01125
G1 X107.733 Y94.252 E.23574
G1 X108.11 Y94.391 E.01199
G1 X108.11 Y86.342 E.23989
G1 X108.488 Y86.342 E.01125
G1 X108.488 Y94.537 E.24423
G1 X108.865 Y94.711 E.01238
G1 X108.865 Y86.342 E.24942
G1 X109.242 Y86.342 E.01125
G1 X109.242 Y94.885 E.2546
G1 X109.62 Y95.061 E.01241
G1 X109.62 Y86.342 E.25985
G1 X109.997 Y86.342 E.01125
G1 X109.997 Y95.27 E.2661
G1 X110.374 Y95.482 E.01289
G1 X110.374 Y86.342 E.2724
G1 X110.751 Y86.342 E.01125
G1 X110.751 Y95.694 E.27874
G1 X111.129 Y95.944 E.01348
G1 X111.129 Y86.342 E.28617
G1 X111.506 Y86.342 E.01125
G1 X111.506 Y96.196 E.29369
G1 X111.883 Y96.452 E.01359
G1 X111.883 Y86.342 E.30132
G1 X112.261 Y86.342 E.01125
G1 X112.261 Y96.748 E.31016
G1 X112.638 Y97.046 E.01432
G1 X112.638 Y86.342 E.31902
G1 X113.015 Y86.342 E.01125
G1 X113.015 Y97.36 E.32839
G1 X113.393 Y97.709 E.01532
G1 X113.393 Y86.342 E.33878
G1 X113.77 Y86.342 E.01125
G1 X113.77 Y98.058 E.34918
G1 X114.147 Y98.452 E.01626
G1 X114.147 Y86.342 E.36093
G1 X114.525 Y86.342 E.01125
G1 X114.525 Y98.86 E.37309
G1 X114.902 Y99.296 E.01718
G1 X114.902 Y86.342 E.38608
G1 X115.279 Y86.342 E.01125
G1 X115.279 Y99.774 E.40035
G1 X115.657 Y100.273 E.01864
G1 X115.657 Y86.342 E.41521
G1 X116.034 Y86.342 E.01125
G1 X116.034 Y100.838 E.43204
G1 X116.411 Y101.435 E.02104
G1 X116.411 Y86.342 E.44983
G1 X116.789 Y86.342 E.01125
G1 X116.789 Y102.108 E.46991
G1 X116.952 Y102.406 E.01012
G1 X117.166 Y102.867 E.01515
G1 X117.166 Y86.342 E.49253
G1 X117.249 Y86.342 E.00248
G1 X117.188 Y86.782 E.01323
G1 X117.33 Y86.999 E.00774
G1 X117.543 Y87.067 E.00665
G1 X117.543 Y103.712 E.49611
G1 X117.921 Y104.734 E.03249
G1 X117.921 Y87.206 E.52245
G1 X118.298 Y87.345 E.01199
G1 X118.298 Y106.049 E.55748
G1 X118.506 Y107.079 E.03133
G1 X118.675 Y107.024 E.00529
G1 X118.675 Y87.484 E.58241
G1 X119.052 Y87.623 E.01199
G1 X119.052 Y106.95 E.57604
G3 X119.43 Y106.914 I.306 J1.219 E.01134
G1 X119.43 Y87.78 E.5703
G1 X119.807 Y87.954 E.01238
G1 X119.807 Y106.924 E.5654
G3 X120.184 Y106.992 I-.099 J1.627 E.01146
G1 X120.184 Y88.128 E.56225
G1 X120.562 Y88.302 E.01238
G1 X120.562 Y107.101 E.56031
G3 X120.939 Y107.263 I-.496 J1.674 E.01227
G1 X120.939 Y88.476 E.55996
G1 X121.316 Y88.685 E.01286
G1 X121.316 Y107.507 E.56099
G3 X121.694 Y107.831 I-.836 J1.354 E.01489
G1 X121.694 Y88.896 E.56437
G1 X122.071 Y89.107 E.01289
G1 X122.071 Y108.612 E.58134
G1 E-1.75
;WIPE_START
G1 X122.071 Y107.612 E-.75
;WIPE_END
G1 X119.5 Y107.639 Z1.84 F18000
G1 X119.35 Y107.645
G1 X119.136 Y107.667
G1 X118.949 Y107.704
G1 X118.77 Y107.754
G1 X118.596 Y107.818
G1 X118.428 Y107.896
G1 X116.462 Y108.984
G1 Z1.64
G1 E2.5 F6000
;TYPE:Gap infill
;WIDTH:0.398865
G1 X116.445 Y109.274 E.00816
;WIDTH:0.379599
G1 X116.441 Y109.381 E.00285
;WIDTH:0.341234
G1 X116.434 Y109.52 E.00329
;WIDTH:0.302646
G1 X116.425 Y109.763 E.00498
;WIDTH:0.274839
G1 X116.425 Y110.247 E.00887
;WIDTH:0.306033
G1 X116.436 Y110.512 E.00552
;WIDTH:0.34606
G1 X116.441 Y110.619 E.00257
;WIDTH:0.38732
G2 X116.462 Y111.016 I10.092 J-.343 E.01081
G1 E-2.10277
;WIPE_START
G1 X116.441 Y110.619 E-.39723
;WIPE_END
G17
G3 Z1.84 I-.594 J-.134 P1  F18000
G1 X113.385 Y124.169 Z1.84
G1 Z1.64
G1 E2.5 F6000
;TYPE:Internal solid infill
;WIDTH:0.38292
G1 X111.65 Y124.169 E.04661
;WIDTH:0.405444
G1 X111.604 Y124.142 E.00153
;WIDTH:0.450491
G1 X111.557 Y124.115 E.00172
;WIDTH:0.495537
G1 F5581.575
G1 X111.511 Y124.088 E.00191
;WIDTH:0.540584
G1 F5076.35
G1 X111.465 Y124.062 E.0021
;WIDTH:0.563108
G1 F4856.551
G1 X111.419 Y124.035 E.00219
G1 X111.883 Y124.22 F18000
;WIDTH:0.420239
G1 F6000
G1 X111.883 Y123.548 E.02003
G1 X112.261 Y123.252 E.0143
G1 X112.261 Y124.05 E.02381
G1 X112.638 Y124.05 E.01125
G1 X112.638 Y122.954 E.03267
G1 X113.015 Y122.64 E.01463
G1 X113.015 Y124.05 E.04204
G1 X113.393 Y124.05 E.01125
G1 X113.393 Y122.291 E.05243
G1 X113.77 Y121.942 E.01532
G1 X113.77 Y133.658 E.34918
G1 X114.147 Y133.658 E.01125
G1 X114.147 Y121.548 E.36093
G1 X114.525 Y121.14 E.01657
G1 X114.525 Y133.658 E.37309
G1 X114.902 Y133.658 E.01125
G1 X114.902 Y120.704 E.38608
G1 X115.279 Y120.226 E.01817
G1 X115.279 Y133.658 E.40035
G1 X115.657 Y133.658 E.01125
G1 X115.657 Y119.727 E.41521
G1 X116.034 Y119.162 E.02024
G1 X116.034 Y133.658 E.43204
G1 X116.411 Y133.658 E.01125
G1 X116.411 Y118.565 E.44983
G1 X116.789 Y117.892 E.02302
G1 X116.789 Y133.658 E.46991
G1 X117.166 Y133.658 E.01125
G1 X117.166 Y117.133 E.49253
G1 X117.543 Y116.288 E.02757
G1 X117.543 Y132.933 E.49611
G1 X117.921 Y132.794 E.01199
G1 X117.921 Y115.266 E.52245
G1 X118.298 Y113.951 E.04076
G1 X118.298 Y132.655 E.55748
G1 X118.675 Y132.516 E.01199
G1 X118.675 Y112.974 E.58244
G1 X119.052 Y113.059 E.01153
G1 X119.052 Y132.377 E.57577
G1 X119.43 Y132.22 E.01218
G1 X119.43 Y113.089 E.57021
G2 X119.807 Y113.076 I.096 J-2.829 E.01126
G1 X119.807 Y132.046 E.5654
G1 X120.184 Y131.872 E.01238
G1 X120.184 Y113.008 E.56225
G2 X120.562 Y112.899 I-.155 J-1.246 E.01175
G1 X120.562 Y131.698 E.56031
G1 X120.939 Y131.524 E.01238
G1 X120.939 Y112.737 E.55996
G2 X121.316 Y112.493 I-.842 J-1.718 E.01342
G1 X121.316 Y131.315 E.56099
G1 X121.694 Y131.104 E.01289
G1 X121.694 Y112.169 E.56437
G2 X122.071 Y111.709 I-1.261 J-1.421 E.01779
G1 X122.071 Y130.893 E.57176
G1 X122.448 Y130.681 E.01289
G1 X122.448 Y89.319 E1.23283
G1 X122.826 Y89.553 E.01323
G1 X122.826 Y130.447 E1.21888
G1 X123.203 Y130.195 E.01353
G1 X123.203 Y89.805 E1.20385
G1 X123.58 Y90.057 E.01353
G1 X123.58 Y129.943 E1.18882
G1 X123.958 Y129.691 E.01353
G1 X123.958 Y90.309 E1.17379
G1 X124.335 Y90.578 E.01382
G1 X124.335 Y129.422 E1.15774
G1 X124.712 Y129.124 E.01432
G1 X124.712 Y90.876 E1.14001
G1 X125.09 Y91.173 E.01432
G1 X125.09 Y128.827 E1.12228
G1 X125.467 Y128.529 E.01432
G1 X125.467 Y91.471 E1.10455
G1 X125.844 Y91.79 E.01474
G1 X125.844 Y128.21 E1.08549
G1 X126.222 Y127.861 E.01531
G1 X126.222 Y92.139 E1.0647
G1 X126.599 Y92.488 E.01531
G1 X126.599 Y127.512 E1.04391
G1 X126.976 Y127.163 E.01531
G1 X126.976 Y92.837 E1.02312
G1 X127.353 Y93.23 E.01624
G1 X127.353 Y126.77 E.9997
G1 X127.731 Y126.362 E.01657
G1 X127.731 Y93.638 E.97537
G1 X128.108 Y94.046 E.01657
G1 X128.108 Y125.954 E.95103
G1 X128.485 Y125.522 E.01709
G1 X128.485 Y94.478 E.92531
G1 X128.863 Y94.956 E.01816
G1 X128.863 Y125.044 E.89678
G1 X129.24 Y124.565 E.01816
G1 X129.24 Y95.435 E.86825
G1 X129.617 Y95.932 E.01861
G1 X129.617 Y124.068 E.83858
G1 X129.995 Y123.503 E.02024
G1 X129.995 Y96.497 E.80492
G1 X130.372 Y97.062 E.02024
G1 X130.372 Y122.938 E.77126
G1 X130.587 Y122.616 E.01154
G1 X130.749 Y122.327 E.0099
G1 X130.749 Y97.673 E.7348
G1 X131.127 Y98.347 E.02302
G1 X131.127 Y121.653 E.69464
G1 X131.504 Y120.979 E.02302
G1 X131.504 Y99.021 E.65447
G1 X131.881 Y99.836 E.02676
G1 X131.881 Y120.164 E.60591
G1 X132.259 Y119.346 E.02686
G1 X132.259 Y100.654 E.55712
G1 X132.636 Y101.65 E.03175
G1 X132.636 Y118.35 E.49773
G1 X132.964 Y117.462 E.02821
G1 X133.013 Y117.285 E.00546
G1 X133.013 Y102.715 E.43429
G1 X133.391 Y104.052 E.04143
G1 X133.391 Y115.948 E.35454
G1 X133.478 Y115.636 E.00964
G1 X133.768 Y114.18 E.04424
G1 X133.768 Y105.82 E.2492
G1 X133.848 Y106.223 E.01227
G1 X134.071 Y108.106 E.05651
G1 X134.145 Y109.995 E.05635
G1 X134.145 Y112.711 E.08093
G1 X132.781 Y100.91 F18000
;TYPE:Sparse infill
;WIDTH:0.45
G1 F6205.95
G3 X133.759 Y103.915 I-18.695 J7.749 E.10172
G1 X137.643 Y107.798 E.1766
G1 X137.643 Y110.285 E.07997
G1 X134.332 Y106.975 E.15055
G3 X134.524 Y109.654 I-17.028 J2.568 E.08647
G1 X137.643 Y112.772 E.14181
G1 X137.643 Y115.259 E.07997
G1 X134.446 Y112.063 E.14537
G3 X134.153 Y114.256 I-14.256 J-.79 E.07124
G1 X137.643 Y117.746 E.15871
G1 X137.643 Y120.233 E.07997
G1 X133.701 Y116.292 E.17925
G3 X133.113 Y118.19 I-12.467 J-2.822 E.06398
G1 X137.643 Y122.721 E.20601
G1 X137.643 Y125.208 E.07997
G1 X132.403 Y119.968 E.23826
G3 X131.585 Y121.637 I-11.123 J-4.421 E.05982
G1 X137.643 Y127.695 E.27548
G1 X137.643 Y130.182 E.07997
G1 X130.666 Y123.205 E.31728
G3 X129.651 Y124.677 I-15.747 J-9.763 E.05752
G1 X137.643 Y132.669 E.36342
G1 X137.643 Y133.643 E.03132
G1 X136.13 Y133.643 E.04865
G1 X128.545 Y126.058 E.34489
G3 X127.351 Y127.351 I-370.591 J-341.462 E.05659
G1 X133.643 Y133.643 E.28613
G1 X131.156 Y133.643 E.07997
G1 X126.058 Y128.545 E.2318
G3 X124.677 Y129.651 I-7.917 J-8.475 E.05695
G1 X128.669 Y133.643 E.18151
G1 X126.182 Y133.643 E.07997
G1 X123.205 Y130.666 E.13538
G3 X121.637 Y131.585 I-6.695 J-9.619 E.0585
G1 X123.695 Y133.643 E.09357
G1 X121.208 Y133.643 E.07997
G1 X119.968 Y132.403 E.05635
G3 X118.19 Y133.113 I-5.438 J-11.05 E.06161
G1 X118.721 Y133.643 E.0241
G1 X121.004 Y133.643 E.07343
G1 X113.393 Y133.827 F18000
;TYPE:Internal solid infill
;WIDTH:0.420239
G1 F6000
G1 X113.393 Y130.542 E.09791
G1 X113.015 Y130.542 E.01125
G1 X113.015 Y133.658 E.09285
G1 X112.638 Y133.658 E.01125
G1 X112.638 Y130.542 E.09285
G1 X112.261 Y130.542 E.01125
G1 X112.261 Y133.658 E.09285
G1 X111.883 Y133.658 E.01125
G1 X111.883 Y130.542 E.09285
G1 X111.506 Y130.542 E.01125
G1 X111.506 Y133.658 E.09285
G1 X111.129 Y133.658 E.01125
G1 X111.129 Y130.542 E.09285
G1 X110.751 Y130.542 E.01125
G1 X110.751 Y133.658 E.09285
G1 X110.374 Y133.658 E.01125
G1 X110.374 Y130.542 E.09285
G1 X109.997 Y130.542 E.01125
G1 X109.997 Y133.658 E.09285
G1 X109.619 Y133.658 E.01125
G1 X109.619 Y130.542 E.09285
G1 X109.242 Y130.542 E.01125
G1 X109.242 Y133.658 E.09285
G1 X108.865 Y133.658 E.01125
G1 X108.865 Y130.542 E.09285
G1 X108.488 Y130.542 E.01125
G1 X108.488 Y133.658 E.09285
G1 X108.11 Y133.658 E.01125
G1 X108.11 Y130.542 E.09285
G1 X107.733 Y130.542 E.01125
G1 X107.733 Y133.658 E.09285
G1 X107.356 Y133.658 E.01125
G1 X107.356 Y130.542 E.09285
G1 X106.978 Y130.542 E.01125
G1 X106.978 Y133.658 E.09285
G1 X106.601 Y133.658 E.01125
G1 X106.601 Y130.542 E.09285
G1 X106.308 Y130.542 E.00874
G1 X106.308 Y126.198 E.12949
G1 X106.224 Y126.222 E.0026
G1 X106.224 Y133.658 E.22163
G1 X105.846 Y133.658 E.01125
G1 X105.846 Y126.322 E.21863
G1 X105.469 Y126.397 E.01147
G1 X105.469 Y133.658 E.21639
G1 X105.092 Y133.658 E.01125
G1 X105.092 Y126.472 E.21416
G1 X104.714 Y126.547 E.01147
G1 X104.714 Y133.658 E.21192
G1 X104.337 Y133.658 E.01125
G1 X104.337 Y126.599 E.21037
G1 X103.96 Y126.644 E.01132
G1 X103.96 Y133.658 E.20904
G1 X103.582 Y133.658 E.01125
G1 X103.582 Y126.689 E.20771
G1 X103.205 Y126.725 E.0113
G1 X103.205 Y133.658 E.20664
G1 X102.828 Y133.658 E.01125
G1 X102.828 Y126.739 E.2062
G1 X102.45 Y126.754 E.01125
G1 X102.45 Y132.931 E.1841
G1 X102.073 Y132.792 E.01199
G1 X102.073 Y126.769 E.17951
G1 X101.696 Y126.76 E.01125
G1 X101.696 Y132.653 E.17563
G1 X101.318 Y132.513 E.01199
G1 X101.318 Y126.745 E.17193
G1 X100.941 Y126.73 E.01125
G1 X100.941 Y132.374 E.16822
G1 X100.564 Y132.217 E.01218
G1 X100.564 Y126.706 E.16426
G1 X100.187 Y126.661 E.01132
G1 X100.187 Y132.043 E.1604
G1 X99.809 Y131.869 E.01238
G1 X99.809 Y126.617 E.15655
G1 X99.432 Y126.572 E.01133
G1 X99.432 Y131.695 E.1527
G1 X99.055 Y131.521 E.01238
G1 X99.055 Y126.501 E.14962
G1 X98.677 Y126.426 E.01147
G1 X98.677 Y131.312 E.1456
G1 X98.3 Y131.1 E.01289
G1 X98.3 Y126.351 E.14154
G1 X97.923 Y126.263 E.01155
G1 X97.923 Y130.889 E.13788
G1 X97.545 Y130.678 E.01289
G1 X97.545 Y126.156 E.13476
G1 X97.168 Y126.05 E.01169
G1 X97.168 Y130.443 E.13094
G1 X96.791 Y130.191 E.01353
G1 X96.791 Y125.94 E.12669
G1 X96.413 Y125.802 E.01198
G1 X96.413 Y129.939 E.1233
G1 X96.036 Y129.687 E.01353
G1 X96.036 Y125.663 E.11993
G1 X95.753 Y125.559 E.00898
G1 X95.659 Y125.559 E.00282
G1 X95.659 Y129.417 E.11499
G1 X95.281 Y129.119 E.01432
G1 X95.281 Y125.559 E.10612
G1 X94.904 Y125.559 E.01125
G1 X94.904 Y128.822 E.09726
G1 X94.527 Y128.524 E.01432
G1 X94.527 Y125.559 E.08839
G1 X94.149 Y125.559 E.01125
G1 X94.149 Y128.204 E.07884
G1 X93.772 Y127.855 E.01531
G1 X93.772 Y125.559 E.06844
G1 X93.395 Y125.559 E.01125
G1 X93.395 Y127.506 E.05805
G1 X93.017 Y127.157 E.01531
G1 X93.017 Y125.559 E.04765
G1 X92.64 Y125.559 E.01125
G1 X92.64 Y126.764 E.03591
G1 X92.263 Y126.355 E.01657
G1 X92.263 Y125.559 E.02375
G1 X91.886 Y125.559 E.01125
G1 X91.886 Y126.197 E.01903
G1 X90.458 Y124.816 F18000
;TYPE:Sparse infill
;WIDTH:0.45
G1 F6205.95
G3 X87.562 Y119.893 I17.803 J-13.787 E.18416
G1 X82.357 Y114.689 E.23668
G1 X82.357 Y117.176 E.07997
G1 X98.824 Y133.643 E.74885
G1 X96.337 Y133.643 E.07997
G1 X82.357 Y119.663 E.63575
G1 X82.357 Y122.15 E.07997
G1 X93.85 Y133.643 E.52265
G1 X91.363 Y133.643 E.07997
G1 X82.357 Y124.637 E.40955
G1 X82.357 Y127.124 E.07997
G1 X88.876 Y133.643 E.29645
G1 X86.389 Y133.643 E.07997
G1 X82.357 Y129.611 E.18336
G1 X82.357 Y132.098 E.07997
G1 X83.902 Y133.643 E.07026
G1 X82.357 Y133.643 E.04968
G1 X82.357 Y132.301 E.04313
G1 X95.184 Y129.542 F18000
G1 F6205.95
G2 X100.107 Y132.438 I13.787 J-17.803 E.18416
G1 X101.311 Y133.643 E.05477
G1 X102.357 Y133.643 E.03363
G1 X102.4 Y133.331 E.01013
G1 X100.91 Y132.781 E.05108
G1 X86.418 Y115.778 F18000
;TYPE:Internal solid infill
;WIDTH:0.387344
G1 F6000
G2 X87.053 Y117.567 I23.266 J-7.25 E.05167
;WIDTH:0.417967
G1 X87.172 Y117.823 E.00834
;WIDTH:0.460093
G1 X87.29 Y118.078 E.00928
;WIDTH:0.502218
G1 F5500.385
G1 X87.408 Y118.334 E.01021
;WIDTH:0.544344
G1 F5038.287
G1 X87.527 Y118.589 E.01115
;WIDTH:0.565407
G1 F4835.18
G1 X87.645 Y118.845 E.01162
G1 X92.409 Y124.632 F18000
;WIDTH:0.388122
G1 F6000
G3 X90.922 Y123.546 I6.484 J-10.439 E.05027
G2 X91.753 Y124.632 I28.683 J-21.081 E.03729
G1 X92.349 Y124.632 E.01626
G1 X93.707 Y124.993 F18000
;WIDTH:0.419999
G1 F6000
G1 X93.073 Y124.639 E.02163
G1 X91.952 Y123.893 E.04011
G1 X90.893 Y123.063 E.04008
G1 X89.91 Y122.157 E.03983
G1 X89.105 Y121.294 E.03517
G1 X89.736 Y122.42 E.03847
G1 X90.779 Y123.98 E.05588
G1 X91.577 Y124.993 E.03843
G1 X93.647 Y124.993 E.06165
G1 X95.319 Y125.37 F18000
G1 F6000
G1 X94.44 Y124.968 E.02882
G1 X93.282 Y124.325 E.03946
G1 X92.184 Y123.596 E.03923
G1 X91.148 Y122.785 E.0392
G1 X90.185 Y121.9 E.03895
;WIDTH:0.439328
G1 X89.949 Y121.675 E.01021
;WIDTH:0.477985
G1 F5806.756
G1 X89.713 Y121.451 E.0112
;WIDTH:0.516643
G1 F5332.906
G1 X89.477 Y121.226 E.0122
;WIDTH:0.5553
G1 F4930.558
G1 X89.241 Y121.001 E.01319
;WIDTH:0.553748
G1 F4945.539
G1 X88.983 Y120.643 E.01781
;WIDTH:0.511986
G1 F5385.849
G1 X88.725 Y120.285 E.01636
;WIDTH:0.470224
G1 F5912.224
G1 X88.467 Y119.927 E.0149
;WIDTH:0.430683
G1 F6000
G1 X88.23 Y119.544 E.01379
;WIDTH:0.393363
G1 X87.994 Y119.16 E.01246
;WIDTH:0.398929
G1 X87.93 Y119.108 E.00234
;WIDTH:0.447382
G1 X87.865 Y119.056 E.00265
;WIDTH:0.495834
G1 F5577.921
G1 X87.801 Y119.003 E.00297
;WIDTH:0.544286
G1 F5038.869
G1 X87.736 Y118.951 E.00329
;WIDTH:0.592738
G1 F4594.823
G1 X87.672 Y118.898 E.00361
G1 X87.678 Y118.983 E.0037
;WIDTH:0.544286
G1 F5038.869
G1 X87.685 Y119.068 E.00337
;WIDTH:0.495834
G1 F5577.921
G1 X87.692 Y119.153 E.00304
;WIDTH:0.447382
G1 F6000
G1 X87.699 Y119.238 E.00272
;WIDTH:0.410911
G1 X87.706 Y119.322 E.00247
G1 X88.123 Y120.138 E.02663
;WIDTH:0.467081
G1 F5956.037
G1 X88.262 Y120.398 E.00988
;WIDTH:0.502556
G1 F5496.346
G1 X88.402 Y120.658 E.01071
;WIDTH:0.538031
G1 F5102.529
G1 X88.541 Y120.918 E.01154
;WIDTH:0.565198
G1 F4837.109
G1 X88.784 Y121.335 E.01989
;WIDTH:0.5553
G1 F4930.558
G1 X88.933 Y121.643 E.01388
;WIDTH:0.516643
G1 F5332.906
G1 X89.083 Y121.952 E.01284
;WIDTH:0.477985
G1 F5806.756
G1 X89.232 Y122.261 E.01179
;WIDTH:0.421717
G1 F6000
G1 X89.382 Y122.569 E.01026
G2 X91.446 Y125.436 I23.105 J-14.463 E.10577
G1 X91.512 Y125.37 E.00278
G1 X95.259 Y125.37 E.11213
G1 E-1.75
;WIPE_START
G1 X94.259 Y125.37 E-.75
;WIPE_END
G1 X92.761 Y121.86 Z1.84 F18000
G1 X82.357 Y97.483 Z1.84
G1 Z1.64
G1 E2.5 F6000
;TYPE:Sparse infill
;WIDTH:0.45
G1 F6205.95
G1 X82.357 Y99.767 E.07343
G1 X86.299 Y103.708 E.17925
G3 X86.887 Y101.81 I12.467 J2.822 E.06398
G1 X82.357 Y97.28 E.20601
G1 X82.357 Y94.792 E.07997
G1 X87.597 Y100.032 E.23826
G3 X88.415 Y98.363 I11.123 J4.421 E.05982
G1 X82.357 Y92.305 E.27547
G1 X82.357 Y89.818 E.07997
G1 X89.334 Y96.795 E.31728
G3 X90.349 Y95.323 I10.002 J5.805 E.05756
G1 X82.357 Y87.331 E.36342
G1 X82.357 Y86.357 E.03132
G1 X83.87 Y86.357 E.04865
G1 X91.455 Y93.942 E.34489
G1 X92.406 Y92.912 E.04508
G3 X92.649 Y92.649 I3.462 J2.961 E.01152
G1 X86.357 Y86.357 E.28613
G1 X88.844 Y86.357 E.07997
G1 X93.942 Y91.455 E.2318
G3 X95.323 Y90.349 I7.917 J8.475 E.05695
G1 X91.331 Y86.357 E.18151
G1 X93.818 Y86.357 E.07997
G1 X96.795 Y89.334 E.13538
G3 X98.363 Y88.415 I6.695 J9.619 E.0585
G1 X96.305 Y86.357 E.09357
G1 X98.792 Y86.357 E.07997
G1 X100.032 Y87.597 E.05635
G3 X101.81 Y86.887 I5.438 J11.05 E.06161
G1 X101.28 Y86.357 E.0241
G1 X98.996 Y86.357 E.07343
G1 X99.012 Y93.716 F18000
M204 P500
;TYPE:Bridge
;WIDTH:0.364292
G1 F1500
M106 S127
G1 X105.306 Y93.926 E.15986
G1 X105.851 Y94.037 E.01414
G1 X106.776 Y94.297 E.02437
G1 X98.262 Y94.012 E.21624
G1 X97.218 Y94.299 E.02749
G1 X107.812 Y94.653 E.26908
G1 X108.28 Y94.827 E.01267
G1 X108.666 Y95.003 E.01078
G1 X96.356 Y94.591 E.31268
G1 X95.586 Y94.887 E.02093
G1 X109.417 Y95.35 E.35131
G1 X110.035 Y95.692 E.01795
G1 X94.936 Y95.187 E.38354
G1 X94.329 Y95.488 E.0172
G1 X110.635 Y96.034 E.41418
G1 X111.142 Y96.372 E.01547
G1 X93.787 Y95.792 E.44081
G1 X93.272 Y96.096 E.01518
G1 X111.646 Y96.711 E.4667
G1 X112.075 Y97.047 E.01383
G1 X92.814 Y96.402 E.48924
G1 X92.357 Y96.709 E.01396
G1 X112.501 Y97.382 E.51166
G1 X112.887 Y97.717 E.01297
G1 X91.963 Y97.017 E.53148
G1 X91.572 Y97.325 E.01265
G1 X113.248 Y98.051 E.55058
G1 X113.607 Y98.384 E.01244
G1 X91.202 Y97.635 E.56908
G1 X90.867 Y97.945 E.0116
G1 X113.916 Y98.716 E.58546
G1 X114.223 Y99.048 E.01147
G1 X90.531 Y98.255 E.60178
G1 X90.222 Y98.566 E.01113
G1 X114.523 Y99.379 E.61724
G1 X114.784 Y99.71 E.01068
G1 X89.934 Y98.878 E.63118
G1 X89.646 Y99.19 E.01078
G1 X115.044 Y100.04 E.64512
G1 X115.301 Y100.37 E.01062
G1 X89.38 Y99.503 E.6584
G1 X89.133 Y99.816 E.01013
G1 X115.521 Y100.699 E.67028
G1 X115.741 Y101.028 E.01004
G1 X88.886 Y100.129 E.68213
G1 X88.65 Y100.443 E.00996
G1 X115.961 Y101.357 E.6937
G1 X116.151 Y101.685 E.00963
G1 X88.44 Y100.758 E.70388
G1 X88.23 Y101.072 E.0096
G1 X116.335 Y102.012 E.71388
G1 X116.518 Y102.34 E.00953
G1 X88.02 Y101.387 E.72387
G1 X87.839 Y101.702 E.00923
G1 X116.689 Y102.667 E.7328
G1 X116.84 Y102.994 E.00913
G1 X87.662 Y102.018 E.74111
G1 X87.486 Y102.333 E.00918
G1 X116.99 Y103.321 E.74943
G1 X117.141 Y103.647 E.00913
G1 X87.319 Y102.649 E.75748
G1 X87.173 Y102.966 E.00885
G1 X117.267 Y103.973 E.7644
G1 X117.387 Y104.299 E.00881
G1 X112.597 Y104.138 E.12167
G3 X113.267 Y104.482 I-1.851 J4.429 E.01914
G1 X117.508 Y104.624 E.1077
G1 X117.625 Y104.95 E.00878
G1 X113.781 Y104.821 E.09763
G3 X114.205 Y105.157 I-1.773 J2.67 E.01373
G1 X117.717 Y105.274 E.08922
G1 X117.809 Y105.599 E.00856
G1 X114.561 Y105.49 E.08248
G1 X114.868 Y105.822 E.01147
G1 X117.9 Y105.923 E.07702
G1 X117.985 Y106.248 E.00851
G1 X115.127 Y106.152 E.07258
G3 X115.359 Y106.482 I-2.144 J1.756 E.01023
G1 X118.049 Y106.572 E.06833
G1 X118.114 Y106.895 E.00838
G1 X115.561 Y106.81 E.06484
G3 X115.739 Y107.137 I-1.992 J1.298 E.00948
G1 X118.178 Y107.219 E.06194
G1 X118.181 Y107.235 E.00041
G2 X117.692 Y107.524 I3.745 J6.892 E.01444
G1 X115.89 Y107.464 E.04577
G3 X116.018 Y107.79 I-2.005 J.973 E.00889
G1 X117.331 Y107.834 E.03336
G2 X117.068 Y108.146 I1.19 J1.267 E.01039
G1 X116.129 Y108.115 E.02385
G1 X116.221 Y108.44 E.00856
G1 X117.015 Y108.466 E.02016
G1 E-1.75 F6000
;WIPE_START
G1 F1500
G1 X116.221 Y108.44 E-.59571
G1 X116.165 Y108.242 E-.15429
;WIPE_END
G17
G3 Z1.84 I-.608 J-.008 P1  F18000
G1 X116.124 Y111.33 Z1.84
G1 Z1.64
G1 E2.5 F6000
G1 F1500
G1 X116.75 Y111.351 E.01589
G2 X116.944 Y111.679 I1.483 J-.656 E.0097
G1 X116.194 Y111.654 E.01904
G1 X116.104 Y111.973 E.0084
G1 X117.196 Y112.009 E.02773
G2 X117.522 Y112.342 I2.18 J-1.814 E.01184
G1 X115.988 Y112.29 E.03897
G3 X115.857 Y112.608 I-2.079 J-.674 E.00872
G1 X118.027 Y112.68 E.05511
G1 X118.182 Y112.759 E.00443
G1 X118.133 Y113.005 E.00636
G1 X115.71 Y112.924 E.06156
G1 X115.533 Y113.24 E.00918
G1 X118.07 Y113.325 E.06444
G1 X118.006 Y113.644 E.00827
G1 X115.335 Y113.555 E.06786
G3 X115.113 Y113.869 I-2.107 J-1.251 E.00977
G1 X117.932 Y113.963 E.0716
G1 X117.842 Y114.282 E.0084
G1 X114.864 Y114.182 E.07565
G1 X114.576 Y114.494 E.01078
G1 X117.752 Y114.6 E.08069
G1 X117.663 Y114.919 E.0084
G1 X114.247 Y114.805 E.08677
G3 X113.869 Y115.114 I-2.151 J-2.247 E.01241
G1 X117.559 Y115.237 E.09373
G1 X117.442 Y115.555 E.00859
G1 X113.427 Y115.42 E.10197
G3 X112.896 Y115.724 I-6.108 J-10.06 E.01553
G1 X117.324 Y115.872 E.11249
G1 X117.207 Y116.19 E.00859
G1 X111.781 Y116.008 E.13784
G1 E-1.75 F6000
;WIPE_START
G1 F1500
G1 X112.78 Y116.042 E-.75
;WIPE_END
G17
G3 Z1.84 I.502 J.344 P1  F18000
G1 X114.621 Y113.357 Z1.84
G1 X114.87 Y112.984
G1 X115.089 Y112.593
G1 X115.277 Y112.186
G1 X115.432 Y111.765
G1 X115.553 Y111.333
G1 X115.641 Y110.893
G1 X115.694 Y110.448
G1 X115.711 Y110
G1 X115.694 Y109.552
G1 X115.641 Y109.107
G1 X115.553 Y108.667
G1 X115.432 Y108.235
G1 X115.277 Y107.814
G1 X115.089 Y107.407
G1 X114.87 Y107.016
G1 X114.639 Y106.671
G1 X114.344 Y106.292
G1 X114.038 Y105.962
G1 X113.708 Y105.656
G1 X113.329 Y105.361
G1 X112.984 Y105.13
G1 X112.593 Y104.911
G1 X112.186 Y104.723
G1 X111.765 Y104.568
G1 X111.333 Y104.447
G1 X110.893 Y104.359
G1 X110.446 Y104.306
G1 X109.967 Y104.29
G1 X109.552 Y104.306
G1 X109.107 Y104.359
G1 X108.667 Y104.447
G1 X108.371 Y104.53
G1 X108.219 Y103.992
G1 Z1.64
G1 E2.5 F6000
G1 F1500
G1 X101.55 Y103.769 E.16939
G1 X89.732 Y103.373 E.30018
G1 X89.004 Y103.349 E.01849
G1 X87.027 Y103.283 E.05022
G1 X86.881 Y103.599 E.00884
G1 X88.856 Y103.666 E.05017
G1 X89.584 Y103.69 E.01849
G1 X99.458 Y104.02 E.2508
G1 X107.104 Y104.276 E.19421
G1 X106.573 Y104.58 E.01553
G1 X98.348 Y104.305 E.20892
G1 X89.438 Y104.007 E.22632
G1 X88.71 Y103.982 E.01849
G1 X86.753 Y103.917 E.04971
G1 X86.636 Y104.234 E.00858
G1 X88.564 Y104.299 E.04897
G1 X89.292 Y104.323 E.01849
G1 X97.392 Y104.594 E.20574
G1 X106.131 Y104.887 E.22197
G1 X105.753 Y105.195 E.01238
G1 X96.538 Y104.887 E.23406
G1 X89.164 Y104.64 E.1873
G1 X88.436 Y104.616 E.01849
G1 X86.519 Y104.552 E.04869
G1 X86.402 Y104.87 E.0086
G1 X88.319 Y104.934 E.04869
G1 X89.047 Y104.958 E.01849
G1 X95.761 Y105.183 E.17054
G1 X105.424 Y105.506 E.24544
G1 X105.136 Y105.818 E.01078
G1 X95.05 Y105.48 E.25619
G1 X88.93 Y105.276 E.15545
G1 X88.202 Y105.251 E.01849
G1 X86.329 Y105.189 E.04757
G1 X86.266 Y105.508 E.00825
G1 X88.092 Y105.569 E.04638
G1 X88.82 Y105.594 E.01849
G1 X94.401 Y105.78 E.14176
G1 X104.887 Y106.131 E.26635
G1 X104.665 Y106.445 E.00976
G1 X93.795 Y106.082 E.2761
G1 X88.73 Y105.912 E.12865
G1 X88.002 Y105.888 E.01849
G1 X86.202 Y105.828 E.04572
G1 X86.139 Y106.147 E.00825
G1 X87.912 Y106.206 E.04503
G1 X88.64 Y106.231 E.01849
G1 X93.227 Y106.384 E.11651
G1 X104.467 Y106.76 E.2855
G1 X104.29 Y107.076 E.00919
G1 X92.693 Y106.688 E.29457
G1 X88.55 Y106.549 E.10523
G1 X87.822 Y106.525 E.01849
G1 X86.095 Y106.467 E.04387
G1 X86.057 Y106.787 E.00818
G1 X87.753 Y106.844 E.04308
G1 X88.481 Y106.868 E.01849
G1 X92.207 Y106.993 E.09464
G1 X104.143 Y107.392 E.30318
G1 X104.012 Y107.71 E.00873
G1 X91.749 Y107.299 E.31148
G1 X88.418 Y107.188 E.08461
G1 X87.69 Y107.164 E.01849
G1 X86.019 Y107.108 E.04244
G1 X85.993 Y107.33 E.00567
G1 X86.163 Y107.434 E.00506
G1 X87.626 Y107.483 E.03716
G1 X88.354 Y107.507 E.01849
G1 X91.321 Y107.607 E.07536
G1 X103.896 Y108.027 E.31941
G1 X103.806 Y108.346 E.00841
G1 X90.944 Y107.916 E.3267
G1 X88.298 Y107.827 E.06721
G1 X87.569 Y107.803 E.01852
G1 X86.596 Y107.77 E.02471
G1 X86.899 Y108.102 E.01141
G1 X87.532 Y108.123 E.01608
G1 X88.26 Y108.147 E.01849
G1 X90.604 Y108.226 E.05954
G1 X103.729 Y108.665 E.33338
G1 X103.666 Y108.984 E.00825
G1 X90.305 Y108.537 E.33937
G1 X88.222 Y108.468 E.05291
G1 X87.494 Y108.443 E.01849
G1 X87.124 Y108.431 E.0094
G1 X87.232 Y108.608 E.00526
G1 X87.294 Y108.758 E.00412
G1 X87.456 Y108.763 E.00411
G1 X88.184 Y108.788 E.01849
G1 X90.086 Y108.851 E.04831
G1 X103.627 Y109.305 E.34395
G1 X103.599 Y109.625 E.00815
G1 X89.931 Y109.168 E.34717
G1 X88.14 Y109.108 E.04549
G1 X87.424 Y109.084 E.01819
G1 X87.502 Y109.408 E.00846
G1 X88.308 Y109.435 E.02047
G1 X89.864 Y109.487 E.03952
G1 X103.586 Y109.946 E.34854
G1 X103.595 Y110.268 E.00818
G1 X89.902 Y109.81 E.34781
G1 X88.408 Y109.76 E.03795
G1 F600
G1 X87.545 Y109.731 E.02192
G1 X87.563 Y110.053 E.00819
G1 F1080
G1 X88.452 Y110.083 E.02258
G1 F1500
G1 X90.024 Y110.136 E.03993
G1 X103.614 Y110.59 E.34519
G1 X103.653 Y110.913 E.00826
G1 X90.231 Y110.464 E.34092
G1 X88.175 Y110.395 E.05222
G1 X87.431 Y110.37 E.0189
G1 X87.33 Y110.689 F18000
G1 F1500
G1 X103.71 Y111.237 E.41605
G2 X103.779 Y111.56 I2.092 J-.28 E.00842
G1 X87.39 Y111.012 E.41631
G1 X87.258 Y111.329 E.00871
G1 X103.871 Y111.885 E.42197
G2 X103.982 Y112.21 I2.123 J-.546 E.00874
G1 X87.077 Y111.645 E.42939
G3 X86.847 Y111.959 I-1.105 J-.569 E.00992
G1 X104.11 Y112.536 E.43848
G1 X104.261 Y112.863 E.00913
G1 X86.549 Y112.27 E.44988
G3 X86.143 Y112.578 I-1.176 J-1.127 E.01298
G1 X104.439 Y113.19 E.46472
G2 X104.641 Y113.519 I2.187 J-1.118 E.00979
G1 X86.019 Y112.896 E.47299
G1 X86.058 Y113.218 E.00825
G1 X104.873 Y113.848 E.47791
G2 X105.132 Y114.178 I2.082 J-1.368 E.01067
G1 X86.096 Y113.541 E.48352
G1 X86.141 Y113.864 E.00828
G1 X105.439 Y114.51 E.49017
G2 X105.795 Y114.843 I2.297 J-2.099 E.01241
G1 X86.205 Y114.188 E.4976
G1 X86.27 Y114.512 E.00838
G1 X106.219 Y115.179 E.50671
G2 X106.733 Y115.518 I4.966 J-6.977 E.01563
G1 X86.334 Y114.835 E.51814
G1 X86.413 Y115.16 E.00847
G1 X107.823 Y115.876 E.54384
G1 E-1.75 F6000
;WIPE_START
G1 F1500
G1 X106.824 Y115.842 E-.75
;WIPE_END
G17
G3 Z1.84 I-.039 J.607 P1  F18000
G1 X117.227 Y116.512 Z1.84
G1 Z1.64
G1 E2.5 F6000
G1 F1500
G1 X111.145 Y116.309 E.15448
G3 X108.429 Y116.218 I-1.146 J-6.383 E.0695
G1 X86.533 Y115.485 E.55617
G1 X86.653 Y115.811 E.00881
G1 X116.924 Y116.823 E.76889
G1 X116.778 Y117.14 E.00885
G1 X86.773 Y116.136 E.76214
G1 X86.91 Y116.462 E.00898
G1 X116.63 Y117.457 E.75491
G1 X116.455 Y117.772 E.00917
G1 X87.06 Y116.789 E.74664
G1 X87.211 Y117.116 E.00913
G1 X116.278 Y118.088 E.73832
G1 X116.102 Y118.404 E.00918
G1 X87.362 Y117.442 E.72998
G1 X87.543 Y117.77 E.0095
G1 X115.91 Y118.719 E.72052
G1 X115.7 Y119.033 E.0096
G1 X87.727 Y118.098 E.71052
G1 X87.91 Y118.425 E.00953
G1 X115.49 Y119.348 E.70052
G1 X115.277 Y119.662 E.00963
G1 X88.113 Y118.754 E.68998
G1 X88.333 Y119.082 E.01004
G1 X115.032 Y119.976 E.67815
G1 X114.785 Y120.289 E.01013
G1 X88.553 Y119.411 E.6663
G1 X88.783 Y119.741 E.0102
G1 X114.538 Y120.602 E.65417
G1 X114.258 Y120.914 E.01065
G1 X89.044 Y120.071 E.64044
G1 X89.304 Y120.401 E.01068
G1 X113.969 Y121.226 E.62651
G1 X113.681 Y121.538 E.01078
G1 X89.573 Y120.732 E.61234
G1 X89.88 Y121.064 E.01147
G1 X113.357 Y121.849 E.5963
G1 X113.021 Y122.159 E.0116
G1 X90.187 Y121.395 E.57999
G1 X90.512 Y121.728 E.01181
G1 X112.684 Y122.47 E.56317
G1 X112.297 Y122.778 E.01257
G1 X90.873 Y122.061 E.54417
G1 X91.234 Y122.395 E.01248
G1 X111.906 Y123.087 E.52506
G1 X111.491 Y123.394 E.01311
G1 X91.642 Y122.73 E.50416
G1 X92.068 Y123.066 E.01377
G1 X111.033 Y123.701 E.4817
G1 X110.571 Y124.007 E.01406
G1 X92.522 Y123.403 E.45845
G1 X93.028 Y123.741 E.01547
G1 X106.335 Y124.186 E.338
G1 X106.335 Y124.508 E.00816
G1 X93.559 Y124.081 E.32453
G1 X94.169 Y124.423 E.01777
G1 X106.335 Y124.83 E.30902
G1 X106.335 Y125.151 E.00816
G1 X94.835 Y124.766 E.29212
G1 X95.587 Y125.113 E.02102
G1 X106.335 Y125.473 E.27302
G1 X106.335 Y125.794 E.00816
G1 X96.51 Y125.465 E.24957
G1 X96.945 Y125.623 E.01174
G1 X97.658 Y125.825 E.01883
G1 X105.273 Y126.08 E.19342
G1 X104.56 Y126.22 E.01845
G1 X103.528 Y126.343 E.02637
G1 X98.455 Y126.174 E.12886
G1 E-1.75 F6000
;WIPE_START
G1 F1500
G1 X99.455 Y126.207 E-.75
;WIPE_END
G17
G3 Z1.84 I.389 J.468 P1  F18000
G1 X113.709 Y114.343 Z1.84
G1 X114.038 Y114.038
G1 X114.343 Y113.709
G1 X114.621 Y113.357
G1 X114.87 Y112.984
G1 X115.089 Y112.593
G1 X115.277 Y112.186
G1 X115.432 Y111.765
G1 X115.553 Y111.333
G1 X115.641 Y110.893
G1 X115.694 Y110.448
G1 X129.542 Y95.184
G1 Z1.64
G1 E2.5 F6000
M204 P2000
;TYPE:Sparse infill
;WIDTH:0.45
G1 F6205.95
M106 S102
G3 X132.438 Y100.107 I-17.803 J13.787 E.18416
G1 X137.643 Y105.311 E.23668
G1 X137.643 Y102.824 E.07997
G1 X121.176 Y86.357 E.74885
G1 X118.689 Y86.357 E.07997
G1 X119.893 Y87.562 E.05477
G3 X124.816 Y90.458 I-8.865 J20.699 E.18416
G1 X125.946 Y86.357 F18000
G1 F6205.95
G1 X123.663 Y86.357 E.07343
G1 X137.643 Y100.337 E.63575
G1 X137.643 Y97.85 E.07997
G1 X126.15 Y86.357 E.52265
G1 X128.637 Y86.357 E.07997
G1 X137.643 Y95.363 E.40955
G1 X137.643 Y92.876 E.07997
G1 X131.124 Y86.357 E.29645
G1 X133.611 Y86.357 E.07997
G1 X137.643 Y90.389 E.18336
G1 X137.643 Y87.902 E.07997
G1 X136.098 Y86.357 E.07026
G1 X137.643 Y86.357 E.04968
G1 X137.643 Y87.699 E.04313
; stop printing object base_plate.stl id:0 copy 0
;LAYER_CHANGE
;Z:1.84
;HEIGHT:0.2
G92 E0 ; zero the extruded length again
; BEFORE_LAYER_CHANGE 8 @ 1.84mm
G1 E-1.75 F6000
;WIPE_START
G1 F6205.95
G1 X137.643 Y86.699 E-.75
;WIPE_END
; AFTER_LAYER_CHANGE 8 @ 1.84mm
;_SET_FAN_SPEED_CHANGING_LAYER
; printing object base_plate.stl id:0 copy 0
G17
G3 Z2.04 I0 J.608 P1  F18000
G1 X138.389 Y86.699 Z2.04
G1 X138.389 Y134.389
G1 X138.389 Y134.389
G1 X138.79 Y134.79
G1 Z1.84
G1 E2.5 F6000
M204 P1000
;TYPE:Outer wall
;WIDTH:0.42
G1 F3600
G1 X81.21 Y134.79 E1.71511
G1 X81.21 Y85.21 E1.47682
G1 X138.79 Y85.21 E1.71511
G1 X138.79 Y134.73 E1.47503
G1 X138.389 Y134.389 F18000
G1 X138.389 Y134.389
G1 X138.398 Y134.398
M204 P1500
;TYPE:Inner wall
;WIDTH:0.45
G1 F6000
G1 X81.602 Y134.398 E1.82635
G1 X81.602 Y85.602 E1.5691
G1 X138.398 Y85.602 E1.82635
G1 X138.398 Y134.338 E1.56717
G1 X137.991 Y133.991 F18000
G1 F6000
G1 X82.009 Y133.991 E1.80017
G1 X82.009 Y111.548 E.72167
G1 X82.182 Y111.496 E.00582
G2 X82.182 Y108.504 I2.314 J-1.496 E.45498
G1 X82.009 Y108.452 E.00582
G1 X82.009 Y86.009 E.72167
G1 X137.991 Y86.009 E1.80017
G1 X137.991 Y133.931 E1.54099
G1 E-1.75
;WIPE_START
G1 X136.991 Y133.932 E-.75
;WIPE_END
G1 X136.991 Y134.389 Z2.04 F18000
G1 X119.531 Y112.36
G1 X119.515 Y111.959
G1 Z1.84
G1 E2.5 F6000
M204 P1000
;TYPE:Outer wall
;WIDTH:0.42
G1 F3600
G1 X119.807 Y111.936 E.00872
G2 X119.5 Y108.04 I-.297 J-1.937 E.17473
G1 X119.364 Y108.045 E.00404
G2 X119.455 Y111.958 I.145 J1.954 E.17742
G1 X119.439 Y112.359 F18000
G1 X119.5 Y112.361
G1 X119.528 Y112.36
G1 X119.527 Y112.35
M204 P1500
;TYPE:Inner wall
;WIDTH:0.45
G1 F6000
G1 X119.868 Y112.323 E.01099
G2 X119.5 Y107.647 I-.358 J-2.324 E.22633
G1 X119.335 Y107.654 E.0053
G2 X119.467 Y112.35 I.175 J2.345 E.23056
G1 X119.445 Y112.756 F18000
G1 F6000
G1 X119.5 Y112.752 E.00179
G2 X119.717 Y107.248 I.005 J-2.756 E.27174
G2 X119.305 Y107.248 I-.211 J2.611 E.01324
G2 X119.07 Y112.717 I.2 J2.748 E.25788
G1 X119.385 Y112.749 E.01019
G1 E-1.75
;WIPE_START
G1 X119.5 Y112.752 E-.08641
G1 X119.932 Y112.726 E-.32438
G1 X120.353 Y112.625 E-.32486
G1 X120.371 Y112.618 E-.01435
;WIPE_END
G1 X120.233 Y112.244 Z2.04 F18000
G1 X112.186 Y115.277
G1 X111.765 Y115.432
G1 X111.333 Y115.553
G1 X110.893 Y115.641
G1 X110.448 Y115.694
G1 X110 Y115.711
G1 X109.984 Y115.711
G1 X110 Y115.31
G1 Z1.84
G1 E2.5 F6000
M204 P1000
;TYPE:Outer wall
;WIDTH:0.42
G1 F3600
G2 X112.032 Y105.094 I.009 J-5.308 E.43518
G2 X109.8 Y104.698 I-2.013 J4.856 E.06808
G2 X109.94 Y115.309 I.21 J5.304 E.48839
G1 X109.924 Y115.708 F18000
G1 X109.985 Y115.711
G1 X109.985 Y115.702
M204 P1500
;TYPE:Inner wall
;WIDTH:0.45
G1 F6000
G1 X110 Y115.702 E.00047
G2 X112.589 Y104.919 I.009 J-5.7 E.49002
G2 X109.784 Y104.306 I-2.594 J5.145 E.0933
G2 X109.553 Y115.684 I.224 J5.696 E.55396
G1 X109.926 Y115.7 E.012
G1 X109.97 Y116.109 F18000
G1 F6000
G1 X110 Y116.109 E.00095
G2 X112.774 Y104.556 I.009 J-6.107 E.52503
G2 X109.768 Y103.899 I-2.779 J5.513 E.09999
G2 X109.521 Y116.09 I.241 J6.103 E.59352
G1 X109.91 Y116.106 E.01254
G1 E-1.75
;WIPE_START
G1 X110 Y116.109 E-.06722
G1 X110.479 Y116.091 E-.35979
G1 X110.907 Y116.041 E-.323
;WIPE_END
G17
G3 Z2.04 I.604 J-.072 P1  F18000
G1 X110.86 Y115.645 Z2.04
G1 X85.623 Y112.076
G1 X85.572 Y112.104
G1 X85.401 Y112.183
G1 X85.21 Y112.251
G1 X85.051 Y112.296
G1 X84.869 Y112.332
G1 X84.806 Y112.34
G1 X84.758 Y111.94
G1 Z1.84
G1 E2.5 F6000
M204 P1000
;TYPE:Outer wall
;WIDTH:0.42
G1 F3600
G1 X84.807 Y111.936 E.00144
G2 X84.5 Y108.04 I-.297 J-1.937 E.17473
G1 X84.364 Y108.045 E.00404
G2 X84.5 Y111.958 I.145 J1.954 E.17876
G1 X84.698 Y111.944 E.00592
G1 X84.746 Y112.347 F18000
G1 X84.841 Y112.336
G1 X84.839 Y112.326
M204 P1500
;TYPE:Inner wall
;WIDTH:0.45
G1 F6000
G1 X84.868 Y112.323 E.00093
G2 X84.5 Y107.647 I-.358 J-2.324 E.22632
G1 X84.335 Y107.654 E.0053
G2 X84.5 Y112.35 I.175 J2.345 E.23162
G1 X84.779 Y112.33 E.00901
G1 X83.584 Y112.968 F18000
M204 P2000
;TYPE:Sparse infill
G1 F6205.95
G2 X85.651 Y112.877 I.903 J-3.006 E.06777
G1 X85.736 Y113.599 E.02336
G2 X86.241 Y116.085 I33.34 J-5.475 E.0816
G1 X82.357 Y112.247 E.17558
G1 X82.357 Y114.485 E.07198
G1 X82.035 Y111.328 F18000
;TYPE:Gap infill
;WIDTH:0.376903
G1 F6000
G3 X81.959 Y110.937 I9.888 J-2.117 E.0105
;WIDTH:0.332402
G1 X81.941 Y110.837 E.00233
;WIDTH:0.298786
G1 X81.926 Y110.726 E.00226
;WIDTH:0.269551
G1 X81.912 Y110.626 E.00181
;WIDTH:0.23472
G1 X81.891 Y110.417 E.00319
;WIDTH:0.193135
G1 X81.875 Y110.003 E.00492
G1 X81.891 Y109.59 E.0049
;WIDTH:0.233232
G1 X81.911 Y109.382 E.00314
;WIDTH:0.268413
G1 X81.926 Y109.274 E.00195
;WIDTH:0.297303
G1 X81.94 Y109.174 E.00203
;WIDTH:0.330549
G1 X81.959 Y109.063 E.00256
;WIDTH:0.368174
G1 X81.977 Y108.963 E.00262
;WIDTH:0.38876
G1 X82.035 Y108.672 E.00809
G1 X84.711 Y106.907 F18000
;TYPE:Sparse infill
;WIDTH:0.45
G1 F6205.95
G3 X85.651 Y107.121 I-.215 J3.11 E.03111
G3 X85.847 Y105.744 I8.978 J.579 E.0448
G1 X82.357 Y102.254 E.15871
G1 X82.357 Y104.741 E.07997
G1 X84.508 Y106.891 E.09781
G2 X82.641 Y107.511 I.287 J3.985 E.06392
G1 X82.357 Y107.228 E.0129
G1 X82.357 Y104.944 E.07343
G1 X82.357 Y97.483 F18000
G1 F6205.95
G1 X82.357 Y99.767 E.07343
G1 X86.299 Y103.708 E.17925
G3 X86.887 Y101.81 I12.467 J2.822 E.06398
G1 X82.357 Y97.28 E.20601
G1 X82.357 Y94.792 E.07997
G1 X87.597 Y100.032 E.23826
G3 X88.415 Y98.363 I11.123 J4.421 E.05982
G1 X82.357 Y92.305 E.27547
G1 X82.357 Y89.818 E.07997
G1 X89.334 Y96.795 E.31728
G3 X90.349 Y95.323 I10.002 J5.805 E.05756
G1 X82.357 Y87.331 E.36342
G1 X82.357 Y86.357 E.03132
G1 X83.87 Y86.357 E.04865
G1 X91.455 Y93.942 E.34489
G1 X92.406 Y92.912 E.04508
G3 X92.649 Y92.649 I3.462 J2.961 E.01152
G1 X86.357 Y86.357 E.28613
G1 X88.844 Y86.357 E.07997
G1 X93.942 Y91.455 E.2318
G3 X95.323 Y90.349 I7.917 J8.475 E.05695
G1 X91.331 Y86.357 E.18151
G1 X93.818 Y86.357 E.07997
G1 X96.795 Y89.334 E.13538
G3 X98.363 Y88.415 I6.695 J9.619 E.0585
G1 X96.305 Y86.357 E.09357
G1 X98.792 Y86.357 E.07997
G1 X100.032 Y87.597 E.05635
G3 X101.81 Y86.887 I5.438 J11.05 E.06161
G1 X101.28 Y86.357 E.0241
G1 X98.996 Y86.357 E.07343
G1 X117.42 Y86.343 F18000
;TYPE:Internal solid infill
;WIDTH:0.421429
G1 F6000
G1 X102.751 Y86.343 E.4386
G1 X102.804 Y86.722 E.01142
G1 X117.196 Y86.722 E.43034
G1 X117.188 Y86.782 E.00182
G1 X117.33 Y86.999 E.00777
G1 X117.634 Y87.1 E.00958
G1 X102.366 Y87.1 E.45653
G1 X101.34 Y87.479 E.0327
G1 X118.66 Y87.479 E.51788
G1 X119.24 Y87.692 E.01846
G1 X119.597 Y87.857 E.01177
G1 X100.403 Y87.857 E.5739
G1 X99.582 Y88.236 E.02703
G1 X120.418 Y88.236 E.623
G1 X120.961 Y88.486 E.01788
G1 X121.19 Y88.614 E.00784
G1 X98.81 Y88.614 E.66916
G1 X98.134 Y88.993 E.02316
G1 X121.866 Y88.993 E.70958
G1 X122.542 Y89.371 E.02316
G1 X97.458 Y89.371 E.75
G1 X96.879 Y89.75 E.02067
G1 X123.121 Y89.75 E.78459
G1 X123.687 Y90.128 E.02037
G1 X96.313 Y90.128 E.81847
G1 X95.756 Y90.507 E.02014
G1 X124.244 Y90.507 E.85179
G1 X124.724 Y90.885 E.01828
G1 X95.276 Y90.885 E.8805
G1 X94.796 Y91.264 E.01828
G1 X125.204 Y91.264 E.90921
G1 X125.684 Y91.642 E.01827
G1 X94.316 Y91.642 E.93789
G1 X93.906 Y92.021 E.01667
G1 X126.094 Y92.021 E.96238
G1 X126.503 Y92.399 E.01667
G1 X93.497 Y92.399 E.98686
G1 X93.087 Y92.778 E.01667
G1 X126.913 Y92.778 E1.01135
G1 X127.286 Y93.156 E.0159
G1 X92.714 Y93.156 E1.03367
G1 X92.364 Y93.535 E.01541
G1 X127.636 Y93.535 E1.0546
G1 X127.986 Y93.913 E.01541
G1 X92.014 Y93.913 E1.07552
G1 X91.665 Y94.292 E.01541
G1 X128.335 Y94.292 E1.09644
G1 X128.637 Y94.67 E.01448
G1 X91.363 Y94.67 E1.1145
G1 X91.064 Y95.049 E.01441
G1 X128.936 Y95.049 E1.13235
G1 X129.234 Y95.427 E.01441
G1 X90.766 Y95.427 E1.15019
G1 X90.467 Y95.806 E.01441
G1 X129.533 Y95.806 E1.16804
G1 X129.786 Y96.184 E.01361
G1 X90.214 Y96.184 E1.18317
G1 X89.961 Y96.563 E.01361
G1 X130.039 Y96.563 E1.19829
G1 X130.292 Y96.941 E.01361
G1 X89.708 Y96.941 E1.21342
G1 X89.455 Y97.32 E.01361
G1 X130.545 Y97.32 E1.22854
G1 X130.763 Y97.698 E.01307
G1 X89.237 Y97.698 E1.24163
G1 X89.025 Y98.077 E.01297
G1 X130.975 Y98.077 E1.25431
G1 X131.187 Y98.455 E.01297
G1 X88.813 Y98.455 E1.26698
G1 X88.601 Y98.834 E.01297
G1 X131.399 Y98.834 E1.27966
G1 X131.594 Y99.212 E.01273
G1 X88.406 Y99.212 E1.2913
G1 X88.231 Y99.591 E.01246
G1 X131.769 Y99.591 E1.30174
G1 X131.943 Y99.97 E.01246
G1 X88.057 Y99.97 E1.31217
G1 X87.882 Y100.348 E.01246
G1 X132.118 Y100.348 E1.32261
G1 X132.292 Y100.727 E.01246
G1 X87.708 Y100.727 E1.33304
G1 X87.565 Y101.105 E.01209
G1 X132.435 Y101.105 E1.34157
G1 X132.574 Y101.484 E.01206
G1 X87.426 Y101.484 E1.34993
G1 X87.286 Y101.862 E.01206
G1 X132.714 Y101.862 E1.35828
G1 X132.854 Y102.241 E.01206
G1 X87.146 Y102.241 E1.36663
G1 X87.014 Y102.619 E.01199
G1 X132.986 Y102.619 E1.37456
G1 X133.093 Y102.998 E.01176
G1 X86.907 Y102.998 E1.38094
G1 X86.8 Y103.376 E.01176
G1 X133.2 Y103.376 E1.38733
G1 X133.307 Y103.755 E.01176
G1 X111.576 Y103.755 E.64975
G3 X112.653 Y104.133 I-1.689 J6.529 E.03418
G1 X133.413 Y104.133 E.62073
G1 X133.508 Y104.512 E.01166
G1 X113.375 Y104.512 E.60195
G3 X113.918 Y104.89 I-2.133 J3.639 E.01981
G1 X133.583 Y104.89 E.58797
G1 X133.658 Y105.269 E.01154
G1 X114.367 Y105.269 E.57681
G3 X114.744 Y105.647 I-2.217 J2.588 E.016
G1 X133.734 Y105.647 E.56777
G1 X133.809 Y106.026 E.01154
G1 X115.066 Y106.026 E.56042
G3 X115.341 Y106.404 I-2.267 J1.939 E.01401
G1 X133.87 Y106.404 E.554
G1 X133.914 Y106.783 E.0114
G1 X115.578 Y106.783 E.54826
G3 X115.781 Y107.161 I-2.304 J1.482 E.01286
G1 X118.274 Y107.161 E.07455
G2 X117.631 Y107.54 I1.821 J3.833 E.02235
G1 X115.955 Y107.54 E.0501
G1 X116.095 Y107.918 E.01206
G1 X117.215 Y107.918 E.03349
G2 X116.925 Y108.297 I1.455 J1.416 E.0143
G1 X116.033 Y108.297 E.02665
G1 X116.462 Y108.984 F18000
;TYPE:Gap infill
;WIDTH:0.398855
G1 F6000
G1 X116.445 Y109.274 E.00816
;WIDTH:0.379592
G1 X116.441 Y109.381 E.00285
;WIDTH:0.341231
G1 X116.434 Y109.52 E.00329
;WIDTH:0.302645
G1 X116.425 Y109.763 E.00498
;WIDTH:0.274839
G1 X116.425 Y110.247 E.00887
;WIDTH:0.306034
G1 X116.436 Y110.512 E.00552
;WIDTH:0.346056
G1 X116.441 Y110.619 E.00257
;WIDTH:0.38731
G2 X116.462 Y111.016 I10.099 J-.343 E.01081
G1 X116.238 Y111.934 F18000
;TYPE:Internal solid infill
;WIDTH:0.50316
G1 F5489.127
G1 X116.965 Y111.934 E.02641
G1 X116.663 Y111.438 E.02108
G1 X116.378 Y111.455 E.01041
G1 X116.255 Y111.876 E.01594
G1 X117.927 Y112.46 F18000
;WIDTH:0.421429
G1 F6000
G1 X115.955 Y112.46 E.05896
G3 X115.781 Y112.839 I-2.491 J-.916 E.01247
G1 X118.837 Y112.839 E.09138
G1 X118.949 Y112.296 F18000
G1 X115.704 Y109.812
G1 X115.694 Y109.552
G1 X115.641 Y109.107
G1 X115.553 Y108.667
G1 X115.432 Y108.235
G1 X115.277 Y107.814
G1 X115.089 Y107.407
G1 X114.87 Y107.016
G1 X114.621 Y106.643
G1 X114.343 Y106.291
G1 X114.038 Y105.962
G1 X113.709 Y105.657
G1 X113.357 Y105.379
G1 X112.984 Y105.13
G1 X112.593 Y104.911
G1 X112.186 Y104.723
G1 X111.765 Y104.568
G1 X111.333 Y104.447
G1 X110.893 Y104.359
G1 X110.448 Y104.306
G1 X110 Y104.289
G1 X109.552 Y104.306
G1 X109.498 Y104.313
G1 X109.432 Y103.755
G1 F6000
G1 X86.693 Y103.755 E.67987
G1 X86.587 Y104.133 E.01176
G1 X107.347 Y104.133 E.62073
G2 X106.625 Y104.512 I3.783 J8.098 E.02439
G1 X86.492 Y104.512 E.60195
G1 X86.417 Y104.89 E.01154
G1 X106.082 Y104.89 E.58797
G2 X105.633 Y105.269 I2.18 J3.039 E.01757
G1 X86.342 Y105.269 E.57681
G1 X86.266 Y105.647 E.01154
G1 X105.256 Y105.647 E.56777
G2 X104.934 Y106.026 I2.244 J2.23 E.01486
G1 X86.191 Y106.026 E.56042
G1 X86.13 Y106.404 E.01146
G1 X104.659 Y106.404 E.554
G2 X104.422 Y106.783 I2.286 J1.693 E.01336
G1 X86.086 Y106.783 E.54826
G1 X86.041 Y107.161 E.0114
G1 X104.219 Y107.161 E.54352
G2 X104.045 Y107.54 I2.315 J1.294 E.01247
G1 X86.369 Y107.54 E.5285
G1 X86.688 Y107.812 E.01253
G1 X86.779 Y107.918 E.00418
G1 X103.905 Y107.918 E.51208
G2 X103.791 Y108.297 I2.349 J.918 E.01184
G1 X87.074 Y108.297 E.49981
G3 X87.29 Y108.675 I-1.085 J.87 E.01309
G1 X103.699 Y108.675 E.49061
G2 X103.628 Y109.054 I2.37 J.636 E.01152
G1 X87.445 Y109.054 E.48387
G1 X87.536 Y109.432 E.01164
G1 X103.584 Y109.432 E.47981
G2 X103.564 Y109.811 I2.394 J.315 E.01134
G1 X87.579 Y109.811 E.47793
G3 X87.579 Y110.189 I-1.196 J.189 E.01136
G1 X103.564 Y110.189 E.47793
G2 X103.584 Y110.568 I2.414 J.064 E.01134
G1 X87.536 Y110.568 E.47981
G1 X87.445 Y110.946 E.01164
G1 X103.628 Y110.946 E.48387
G2 X103.699 Y111.325 I2.441 J-.258 E.01152
G1 X87.29 Y111.325 E.49061
G3 X87.074 Y111.703 I-1.301 J-.492 E.01309
G1 X103.791 Y111.703 E.49981
G2 X103.905 Y112.082 I2.463 J-.539 E.01184
G1 X86.779 Y112.082 E.51208
G1 X86.688 Y112.188 E.00418
G1 X86.369 Y112.46 E.01253
G1 X104.045 Y112.46 E.5285
G2 X104.219 Y112.839 I2.491 J-.916 E.01247
G1 X86.041 Y112.839 E.54352
G1 X86.086 Y113.217 E.0114
G1 X104.422 Y113.217 E.54826
G2 X104.659 Y113.596 I2.523 J-1.315 E.01336
G1 X86.13 Y113.596 E.554
G1 X86.191 Y113.974 E.01146
G1 X104.934 Y113.974 E.56042
G2 X105.256 Y114.353 I2.565 J-1.851 E.01486
G1 X86.266 Y114.353 E.56777
G1 X86.342 Y114.731 E.01154
G1 X105.633 Y114.731 E.57681
G2 X106.082 Y115.11 I2.629 J-2.661 E.01757
G1 X86.417 Y115.11 E.58797
G1 X86.492 Y115.488 E.01154
G1 X106.625 Y115.488 E.60195
G2 X107.347 Y115.867 I4.505 J-7.72 E.02439
G1 X86.587 Y115.867 E.62073
G1 X86.693 Y116.245 E.01176
G1 X108.425 Y116.245 E.64975
G2 X111.575 Y116.245 I1.575 J-6.156 E.09521
G1 X133.307 Y116.245 E.64975
G1 X133.413 Y115.867 E.01176
G1 X112.653 Y115.867 E.62073
G2 X113.375 Y115.488 I-3.783 J-8.099 E.02439
G1 X133.508 Y115.488 E.60195
G1 X133.583 Y115.11 E.01154
G1 X113.918 Y115.11 E.58797
G2 X114.367 Y114.731 I-2.18 J-3.04 E.01757
G1 X133.658 Y114.731 E.57681
G1 X133.734 Y114.353 E.01154
G1 X114.744 Y114.353 E.56777
G2 X115.066 Y113.974 I-2.244 J-2.23 E.01486
G1 X133.809 Y113.974 E.56042
G1 X133.87 Y113.596 E.01146
G1 X115.341 Y113.596 E.554
G2 X115.578 Y113.217 I-2.286 J-1.693 E.01336
G1 X133.914 Y113.217 E.54826
G1 X133.959 Y112.839 E.0114
G1 X120.707 Y112.839 E.39622
G2 X121.362 Y112.46 I-.884 J-2.283 E.02269
G1 X134.004 Y112.46 E.37799
G1 X134.049 Y112.082 E.0114
G1 X121.781 Y112.082 E.36681
G2 X122.076 Y111.703 I-1.047 J-1.12 E.0144
G1 X134.078 Y111.703 E.35888
G1 X134.093 Y111.325 E.01133
G1 X122.29 Y111.325 E.35291
G1 X122.445 Y110.946 E.01223
G1 X134.108 Y110.946 E.34872
G1 X134.123 Y110.568 E.01133
G1 X122.536 Y110.568 E.34644
G2 X122.579 Y110.189 I-1.172 J-.326 E.01144
G1 X134.138 Y110.189 E.34559
G1 X134.145 Y110 E.00565
G1 X134.138 Y109.811 E.00567
G1 X122.586 Y109.811 E.3454
G2 X122.533 Y109.432 I-1.627 J.034 E.01145
G1 X134.123 Y109.432 E.34653
G1 X134.108 Y109.054 E.01133
G1 X122.436 Y109.054 E.34899
G2 X122.293 Y108.675 I-1.674 J.416 E.01213
G1 X134.093 Y108.675 E.35282
G1 X134.079 Y108.297 E.01133
G1 X122.076 Y108.297 E.35888
G2 X121.781 Y107.918 I-1.342 J.741 E.0144
G1 X134.049 Y107.918 E.36681
G1 X134.004 Y107.54 E.0114
G1 X121.362 Y107.54 E.37799
G2 X120.707 Y107.161 I-1.538 J1.904 E.02269
G1 X134.13 Y107.161 E.40133
G1 X132.781 Y100.91 F18000
;TYPE:Sparse infill
;WIDTH:0.45
G1 F6205.95
G3 X133.759 Y103.915 I-18.695 J7.749 E.10172
G1 X137.643 Y107.798 E.1766
G1 X137.643 Y110.285 E.07997
G1 X134.332 Y106.975 E.15055
G3 X134.524 Y109.654 I-17.028 J2.568 E.08647
G1 X137.643 Y112.772 E.14181
G1 X137.643 Y115.259 E.07997
G1 X134.446 Y112.063 E.14537
G3 X134.153 Y114.256 I-14.256 J-.79 E.07124
G1 X137.643 Y117.746 E.15871
G1 X137.643 Y120.233 E.07997
G1 X133.701 Y116.292 E.17925
G3 X133.113 Y118.19 I-12.467 J-2.822 E.06398
G1 X137.643 Y122.721 E.20601
G1 X137.643 Y125.208 E.07997
G1 X132.403 Y119.968 E.23826
G3 X131.585 Y121.637 I-11.123 J-4.421 E.05982
G1 X137.643 Y127.695 E.27548
G1 X137.643 Y130.182 E.07997
G1 X130.666 Y123.205 E.31728
G3 X129.651 Y124.677 I-15.747 J-9.763 E.05752
G1 X137.643 Y132.669 E.36342
G1 X137.643 Y133.643 E.03132
G1 X136.13 Y133.643 E.04865
G1 X128.545 Y126.058 E.34489
G3 X127.351 Y127.351 I-370.591 J-341.462 E.05659
G1 X133.643 Y133.643 E.28613
G1 X131.156 Y133.643 E.07997
G1 X126.058 Y128.545 E.2318
G3 X124.677 Y129.651 I-7.917 J-8.475 E.05695
G1 X128.669 Y133.643 E.18151
G1 X126.182 Y133.643 E.07997
G1 X123.205 Y130.666 E.13538
G3 X121.637 Y131.585 I-6.695 J-9.619 E.0585
G1 X123.695 Y133.643 E.09357
G1 X121.208 Y133.643 E.07997
G1 X119.968 Y132.403 E.05635
G3 X118.19 Y133.113 I-5.438 J-11.05 E.06161
G1 X118.721 Y133.643 E.0241
G1 X121.004 Y133.643 E.07343
G1 X120.824 Y131.764 F18000
;TYPE:Internal solid infill
;WIDTH:0.421429
G1 F6000
G1 X99.582 Y131.764 E.63512
G1 X100.403 Y132.143 E.02703
G1 X119.597 Y132.143 E.5739
G1 X119.24 Y132.308 E.01177
G1 X118.66 Y132.521 E.01846
G1 X101.34 Y132.521 E.51788
G1 X102.366 Y132.9 E.0327
G1 X117.634 Y132.9 E.45653
G1 X117.33 Y133.001 E.00958
G1 X117.188 Y133.218 E.00777
G1 X117.196 Y133.278 E.00182
G1 X102.804 Y133.278 E.43034
G1 X102.751 Y133.657 E.01142
G1 X117.42 Y133.657 E.43859
G1 X105.983 Y130.216 F18000
M204 P500
;TYPE:Bridge
;WIDTH:0.364292
G1 F1500
M106 S127
G1 X105.983 Y124.832 E.13666
G1 X106.115 Y124.544 E.00806
G1 X106.304 Y124.275 E.00833
G1 X106.304 Y130.425 E.15611
G1 X106.423 Y130.544 E.00427
G1 X106.626 Y130.691 E.00636
G1 X106.626 Y124.009 E.16965
G1 X106.947 Y123.848 E.00912
G1 X106.947 Y130.852 E.17783
G1 X107.268 Y130.968 E.00867
G1 X107.268 Y123.732 E.1837
G1 X107.59 Y123.681 E.00826
G1 X107.59 Y131.019 E.1863
G1 X107.616 Y131.021 E.00067
G2 X107.911 Y131.021 I.155 J-5.997 E.00749
G1 X107.911 Y123.679 E.18638
G1 X108.233 Y123.679 E.00816
G1 X108.233 Y131.021 E.18638
G1 X108.554 Y131.021 E.00816
G1 X108.554 Y123.679 E.18638
G1 X108.875 Y123.679 E.00816
G1 X108.875 Y131.021 E.18638
G1 X109.197 Y131.021 E.00816
G1 X109.197 Y123.679 E.18638
G1 X109.518 Y123.679 E.00816
G1 X109.518 Y131.021 E.18638
G1 X109.839 Y131.021 E.00816
G1 X109.839 Y123.679 E.18638
G1 X110.161 Y123.679 E.00816
G1 X110.161 Y131.021 E.18638
G1 X110.482 Y131.021 E.00816
G1 X110.482 Y123.679 E.18638
G1 X110.803 Y123.679 E.00816
G1 X110.803 Y131.021 E.18638
G1 X111.125 Y131.021 E.00816
G1 X111.125 Y123.679 E.18638
G1 X111.446 Y123.679 E.00816
G1 X111.446 Y131.021 E.18638
G1 X111.768 Y131.021 E.00816
G1 X111.768 Y123.679 E.18638
G1 X112.089 Y123.679 E.00816
G1 X112.089 Y131.021 E.18638
G2 X112.41 Y131.019 I.141 J-3.73 E.00816
G1 X112.41 Y123.681 E.1863
G1 X112.732 Y123.732 E.00826
G1 X112.732 Y130.968 E.1837
G1 X113.053 Y130.852 E.00867
G1 X113.053 Y123.848 E.17782
G1 X113.374 Y124.009 E.00913
G1 X113.374 Y130.691 E.16965
G1 X113.577 Y130.544 E.00636
G1 X113.696 Y130.425 E.00428
G1 X113.696 Y124.275 E.1561
G1 X113.885 Y124.544 E.00833
G1 X114.017 Y124.833 E.00807
G1 X114.017 Y130.215 E.13665
G1 X100.91 Y132.781 F18000
M204 P2000
;TYPE:Sparse infill
;WIDTH:0.45
G1 F6205.95
M106 S102
G1 X102.4 Y133.331 E.05108
G1 X102.357 Y133.643 E.01013
G1 X101.311 Y133.643 E.03363
G1 X100.107 Y132.438 E.05477
G3 X95.184 Y129.542 I8.865 J-20.699 E.18416
G1 X90.458 Y124.816 F18000
G1 F6205.95
G3 X87.562 Y119.893 I17.803 J-13.787 E.18416
G1 X82.357 Y114.689 E.23668
G1 X82.357 Y117.176 E.07997
G1 X98.824 Y133.643 E.74885
G1 X96.337 Y133.643 E.07997
G1 X82.357 Y119.663 E.63575
G1 X82.357 Y122.15 E.07997
G1 X93.85 Y133.643 E.52265
G1 X91.363 Y133.643 E.07997
G1 X82.357 Y124.637 E.40955
G1 X82.357 Y127.124 E.07997
G1 X88.876 Y133.643 E.29645
G1 X86.389 Y133.643 E.07997
G1 X82.357 Y129.611 E.18336
G1 X82.357 Y132.098 E.07997
G1 X83.902 Y133.643 E.07026
G1 X82.357 Y133.643 E.04968
G1 X82.357 Y132.301 E.04313
G1 E-1.75 F6000
;WIPE_START
G1 F6205.95
G1 X82.357 Y133.301 E-.75
;WIPE_END
G1 X86.1 Y132.556 Z2.04 F18000
G1 X129.99 Y123.816 Z2.04
G1 Z1.84
G1 E2.5 F6000
;TYPE:Internal solid infill
;WIDTH:0.421429
G1 X113.711 Y123.816 E.48675
G1 X113.901 Y123.982 E.00755
G1 X114.073 Y124.194 E.00818
G1 X129.533 Y124.194 E.46223
G1 X129.234 Y124.573 E.01441
G1 X114.287 Y124.573 E.4469
G3 X114.398 Y124.84 I-5.352 J2.361 E.00865
G1 X114.434 Y124.951 E.0035
G1 X128.936 Y124.951 E.4336
G1 X128.637 Y125.33 E.01441
G1 X114.51 Y125.33 E.4224
G3 X114.52 Y125.708 I-2.463 J.255 E.01133
G1 X128.335 Y125.708 E.41307
G1 X127.986 Y126.087 E.01541
G1 X114.52 Y126.087 E.40261
G1 X114.52 Y126.465 E.01132
G1 X127.636 Y126.465 E.39215
G1 X127.286 Y126.844 E.01541
G1 X114.52 Y126.844 E.38169
G1 X114.52 Y127.222 E.01132
G1 X126.913 Y127.222 E.37052
G1 X126.503 Y127.601 E.01667
G1 X114.52 Y127.601 E.35828
G1 X114.52 Y127.979 E.01132
G1 X126.093 Y127.979 E.34604
G1 X125.684 Y128.358 E.01667
G1 X114.52 Y128.358 E.33379
G1 X114.52 Y128.736 E.01132
G1 X125.204 Y128.736 E.31945
G1 X124.724 Y129.115 E.01828
G1 X114.52 Y129.115 E.3051
G1 X114.492 Y129.493 E.01135
G1 X124.244 Y129.493 E.29157
G1 X123.687 Y129.872 E.02014
G1 X114.393 Y129.872 E.27788
G3 X114.265 Y130.181 I-30.926 J-12.662 E.01002
G1 X114.231 Y130.25 E.0023
G1 X123.12 Y130.25 E.2658
G1 X122.542 Y130.629 E.02067
G1 X113.98 Y130.629 E.256
G1 X113.802 Y130.811 E.00762
G1 X113.53 Y131.007 E.01003
G1 X121.866 Y131.007 E.24925
G1 X121.19 Y131.386 E.02316
G1 X98.81 Y131.386 E.66916
G1 X98.134 Y131.007 E.02316
G1 X106.47 Y131.007 E.24925
G1 X106.198 Y130.811 E.01003
G1 X106.02 Y130.629 E.00762
G1 X97.458 Y130.629 E.256
G1 X96.88 Y130.25 E.02067
G1 X105.769 Y130.25 E.2658
G3 X105.611 Y129.882 I2.777 J-1.413 E.01199
G1 X96.313 Y129.872 E.278
G1 X95.756 Y129.493 E.02014
G1 X105.508 Y129.493 E.29157
G1 X105.48 Y129.115 E.01135
G1 X95.276 Y129.115 E.3051
G1 X94.796 Y128.736 E.01828
G1 X105.48 Y128.736 E.31945
G1 X105.48 Y128.358 E.01132
G1 X94.316 Y128.358 E.33379
G1 X93.907 Y127.979 E.01667
G1 X105.48 Y127.979 E.34604
G1 X105.48 Y127.601 E.01132
G1 X93.497 Y127.601 E.35828
G1 X93.087 Y127.222 E.01667
G1 X105.48 Y127.222 E.37052
G1 X105.48 Y126.844 E.01132
G1 X92.714 Y126.844 E.38169
G1 X92.364 Y126.465 E.01541
G1 X105.48 Y126.465 E.39215
G1 X105.48 Y126.087 E.01132
G1 X92.014 Y126.087 E.40261
G1 X91.665 Y125.708 E.01541
G1 X105.48 Y125.708 E.41307
G3 X105.48 Y125.453 I5.195 J-.116 E.00762
G1 X105.49 Y125.33 E.00371
G1 X91.363 Y125.33 E.4224
G1 X91.064 Y124.951 E.01441
G1 X105.566 Y124.951 E.4336
G3 X105.713 Y124.573 I2.56 J.774 E.01215
G1 X90.766 Y124.573 E.4469
G1 X90.467 Y124.194 E.01441
G1 X105.927 Y124.194 E.46223
G1 X106.099 Y123.982 E.00818
G1 X106.289 Y123.816 E.00755
G1 X90.214 Y123.816 E.48064
G1 X89.961 Y123.437 E.01361
G1 X130.039 Y123.437 E1.19829
G1 X130.292 Y123.059 E.01361
G1 X89.708 Y123.059 E1.21342
G1 X89.455 Y122.68 E.01361
G1 X130.545 Y122.68 E1.22854
G1 X130.763 Y122.302 E.01307
G1 X89.237 Y122.302 E1.24163
G1 X89.025 Y121.923 E.01297
G1 X130.975 Y121.923 E1.25431
G1 X131.187 Y121.545 E.01297
G1 X88.813 Y121.545 E1.26698
G1 X88.601 Y121.166 E.01297
G1 X131.399 Y121.166 E1.27966
G1 X131.594 Y120.788 E.01273
G1 X88.406 Y120.788 E1.2913
G1 X88.231 Y120.409 E.01246
G1 X131.769 Y120.409 E1.30174
G1 X131.943 Y120.03 E.01246
G1 X88.057 Y120.03 E1.31217
G1 X87.882 Y119.652 E.01246
G1 X132.118 Y119.652 E1.32261
G1 X132.292 Y119.273 E.01246
G1 X87.708 Y119.273 E1.33304
G1 X87.565 Y118.895 E.0121
G1 X132.435 Y118.895 E1.34157
G1 X132.574 Y118.516 E.01206
G1 X87.426 Y118.516 E1.34993
G1 X87.286 Y118.138 E.01206
G1 X132.714 Y118.138 E1.35828
G1 X132.854 Y117.759 E.01206
G1 X87.146 Y117.759 E1.36663
G1 X87.014 Y117.381 E.01199
G1 X132.986 Y117.381 E1.37456
G1 X133.093 Y117.002 E.01176
G1 X86.907 Y117.002 E1.38094
G1 X86.8 Y116.624 E.01176
G1 X133.376 Y116.624 E1.3926
G1 X129.542 Y95.184 F18000
;TYPE:Sparse infill
;WIDTH:0.45
G1 F6205.95
G3 X132.438 Y100.107 I-17.803 J13.787 E.18416
G1 X137.643 Y105.311 E.23668
G1 X137.643 Y102.824 E.07997
G1 X121.176 Y86.357 E.74885
G1 X118.689 Y86.357 E.07997
G1 X119.893 Y87.562 E.05477
G3 X124.816 Y90.458 I-8.865 J20.699 E.18416
G1 X125.946 Y86.357 F18000
G1 F6205.95
G1 X123.663 Y86.357 E.07343
G1 X137.643 Y100.337 E.63575
G1 X137.643 Y97.85 E.07997
G1 X126.15 Y86.357 E.52265
G1 X128.637 Y86.357 E.07997
G1 X137.643 Y95.363 E.40955
G1 X137.643 Y92.876 E.07997
G1 X131.124 Y86.357 E.29645
G1 X133.611 Y86.357 E.07997
G1 X137.643 Y90.389 E.18336
G1 X137.643 Y87.902 E.07997
G1 X136.098 Y86.357 E.07026
G1 X137.643 Y86.357 E.04968
G1 X137.643 Y87.699 E.04313
; stop printing object base_plate.stl id:0 copy 0
;LAYER_CHANGE
;Z:2.04
;HEIGHT:0.2
G92 E0 ; zero the extruded length again
; BEFORE_LAYER_CHANGE 9 @ 2.04mm
G1 E-1.75 F6000
;WIPE_START
G1 F6205.95
G1 X137.643 Y86.699 E-.75
;WIPE_END
; AFTER_LAYER_CHANGE 9 @ 2.04mm
;_SET_FAN_SPEED_CHANGING_LAYER
; printing object base_plate.stl id:0 copy 0
G17
G3 Z2.24 I0 J.608 P1  F18000
G1 X138.389 Y86.699 Z2.24
G1 X138.389 Y134.389
G1 X138.389 Y134.389
G1 X138.79 Y134.79
G1 Z2.04
G1 E2.5 F6000
M204 P1000
;TYPE:Outer wall
;WIDTH:0.42
G1 F3600
G1 X81.21 Y134.79 E1.71511
G1 X81.21 Y85.21 E1.47682
G1 X138.79 Y85.21 E1.71511
G1 X138.79 Y134.73 E1.47503
G1 X138.389 Y134.389 F18000
G1 X138.389 Y134.389
G1 X138.398 Y134.398
M204 P1500
;TYPE:Inner wall
;WIDTH:0.45
G1 F6000
G1 X81.602 Y134.398 E1.82635
G1 X81.602 Y85.602 E1.5691
G1 X138.398 Y85.602 E1.82635
G1 X138.398 Y134.338 E1.56717
G1 E-1.75
;WIPE_START
G1 X137.398 Y134.339 E-.75
;WIPE_END
G1 X133.583 Y134.247 Z2.24 F18000
G1 X113.881 Y133.771 Z2.24
G1 Z2.04
G1 E2.5 F6000
G1 X115.624 Y133.424 E.05715
G1 X117.444 Y132.91 E.06082
G1 X119.219 Y132.256 E.06082
G1 X120.936 Y131.464 E.06082
G1 X122.587 Y130.54 E.06082
G1 X124.159 Y129.489 E.06082
G1 X125.645 Y128.318 E.06082
G1 X127.034 Y127.034 E.06082
G1 X128.318 Y125.645 E.06082
G1 X129.489 Y124.159 E.06082
G1 X130.54 Y122.587 E.06082
G1 X131.464 Y120.936 E.06082
G1 X132.256 Y119.219 E.06082
G1 X132.91 Y117.444 E.06083
G1 X133.424 Y115.624 E.06082
G1 X133.793 Y113.768 E.06082
G1 X134.015 Y111.89 E.06082
G1 X134.089 Y110 E.06082
G1 X134.015 Y108.11 E.06082
G1 X133.793 Y106.232 E.06082
G1 X133.424 Y104.376 E.06082
G1 X132.91 Y102.556 E.06082
G1 X132.256 Y100.781 E.06083
G1 X131.464 Y99.064 E.06082
G1 X130.54 Y97.413 E.06082
G1 X129.489 Y95.841 E.06082
G1 X128.318 Y94.355 E.06082
G1 X127.034 Y92.966 E.06082
G1 X125.645 Y91.682 E.06082
G1 X124.159 Y90.511 E.06082
G1 X122.587 Y89.46 E.06082
G1 X120.936 Y88.536 E.06082
G1 X119.219 Y87.744 E.06082
G1 X117.444 Y87.09 E.06082
G1 X115.624 Y86.576 E.06082
G1 X113.881 Y86.229 E.05715
G1 X113.902 Y86.009 E.00712
G1 X137.991 Y86.009 E.7746
G1 X137.991 Y133.991 E1.54292
G1 X113.902 Y133.991 E.7746
G1 X113.886 Y133.83 E.00519
G1 E-1.75
;WIPE_START
G1 X114.86 Y133.602 E-.75
;WIPE_END
G1 X111.73 Y131.419 Z2.24 F18000
G1 X84.929 Y112.718 Z2.24
G1 Z2.04
G1 E2.5 F6000
G1 X85.145 Y112.685 E.00701
G2 X86.034 Y112.302 I-.637 J-2.702 E.03128
G1 X86.207 Y113.768 E.04748
G1 X86.576 Y115.624 E.06082
G1 X87.09 Y117.444 E.06082
G1 X87.744 Y119.219 E.06083
G1 X88.536 Y120.936 E.06082
G1 X89.46 Y122.587 E.06082
G1 X90.511 Y124.159 E.06082
G1 X91.682 Y125.645 E.06082
G1 X92.966 Y127.034 E.06082
G1 X94.355 Y128.318 E.06082
G1 X95.841 Y129.489 E.06082
G1 X97.413 Y130.54 E.06082
G1 X99.064 Y131.464 E.06082
G1 X100.781 Y132.256 E.06082
G1 X102.556 Y132.91 E.06082
G1 X104.376 Y133.424 E.06082
G1 X106.119 Y133.771 E.05715
G1 X106.098 Y133.991 E.00712
G1 X82.009 Y133.991 E.7746
G1 X82.009 Y111.548 E.72167
G1 X82.182 Y111.496 E.00582
G1 X82.267 Y111.622 E.0049
G2 X84.717 Y112.751 I2.24 J-1.64 E.09056
G1 X84.87 Y112.727 E.00499
G1 E-1.75
;WIPE_START
G1 X85.145 Y112.685 E-.20849
G1 X85.555 Y112.55 E-.3239
G1 X85.813 Y112.417 E-.21761
;WIPE_END
G1 X85.622 Y112.076 Z2.24 F18000
G1 X85.572 Y112.104
G1 X85.403 Y112.182
G1 X85.225 Y112.247
G1 X85.051 Y112.296
G1 X84.869 Y112.332
G1 X84.685 Y112.354
G1 X84.5 Y112.361
G1 X84.315 Y112.354
G1 X84.131 Y112.332
G1 X83.949 Y112.296
G1 X83.77 Y112.246
G1 X83.596 Y112.182
G1 X83.428 Y112.104
G1 X83.266 Y112.013
G1 X83.112 Y111.91
G1 X82.966 Y111.796
G1 X82.83 Y111.67
G1 X82.704 Y111.534
G1 X82.59 Y111.388
G1 X82.489 Y111.238
G1 X82.396 Y111.073
G1 X82.318 Y110.903
G1 X82.254 Y110.73
G1 X82.204 Y110.551
G1 X82.168 Y110.369
G1 X82.146 Y110.185
G1 X82.139 Y110
G1 X82.146 Y109.815
G1 X82.168 Y109.631
G1 X82.204 Y109.449
G1 X82.254 Y109.27
G1 X82.318 Y109.097
G1 X82.396 Y108.928
G1 X82.487 Y108.766
G1 X82.59 Y108.612
G1 X82.705 Y108.466
G1 X82.83 Y108.33
G1 X82.966 Y108.204
G1 X83.112 Y108.09
G1 X83.266 Y107.987
G1 X83.428 Y107.896
G1 X83.596 Y107.818
G1 X83.77 Y107.754
G1 X83.949 Y107.704
G1 X84.131 Y107.668
G1 X84.319 Y107.646
G1 X84.5 Y107.639
G1 X84.685 Y107.646
G1 X84.869 Y107.668
G1 X85.051 Y107.704
G1 X85.23 Y107.754
G1 X85.404 Y107.818
G1 X85.572 Y107.896
G1 X85.734 Y107.987
G1 X85.808 Y108.036
G1 X86.034 Y107.698
G1 Z2.04
G1 E2.5 F6000
G2 X82.182 Y108.504 I-1.521 J2.336 E.14046
G1 X82.009 Y108.452 E.00582
G1 X82.009 Y86.009 E.72167
G1 X106.098 Y86.009 E.7746
G1 X106.119 Y86.229 E.00712
G1 X104.376 Y86.576 E.05715
G1 X102.556 Y87.09 E.06082
G1 X100.781 Y87.744 E.06082
G1 X99.064 Y88.536 E.06082
G1 X97.413 Y89.46 E.06082
G1 X95.841 Y90.511 E.06082
G1 X94.355 Y91.682 E.06082
G1 X92.966 Y92.966 E.06082
G1 X91.682 Y94.355 E.06082
G1 X90.511 Y95.841 E.06082
G1 X89.46 Y97.413 E.06082
G1 X88.536 Y99.064 E.06082
G1 X87.744 Y100.781 E.06082
G1 X87.09 Y102.556 E.06083
G1 X86.576 Y104.376 E.06082
G1 X86.207 Y106.232 E.06082
G1 X86.041 Y107.638 E.04555
G1 E-1.75
;WIPE_START
G1 X85.556 Y107.45 E-.38984
G1 X85.353 Y107.375 E-.16244
G1 X85.097 Y107.314 E-.19772
;WIPE_END
G1 X85.02 Y107.698 Z2.24 F18000
G1 X84.869 Y107.668
G1 X84.685 Y107.646
G1 X84.5 Y107.639
G1 X84.319 Y107.646
G1 X84.131 Y107.668
G1 X83.949 Y107.704
G1 X83.77 Y107.754
G1 X83.596 Y107.818
G1 X83.428 Y107.896
G1 X83.266 Y107.987
G1 X83.112 Y108.09
G1 X82.966 Y108.204
G1 X82.83 Y108.33
G1 X82.705 Y108.466
G1 X82.59 Y108.612
G1 X82.487 Y108.766
G1 X82.396 Y108.928
G1 X82.318 Y109.097
G1 X82.254 Y109.27
G1 X82.204 Y109.449
G1 X82.168 Y109.631
G1 X82.146 Y109.815
G1 X82.139 Y110
G1 X82.146 Y110.185
G1 X82.168 Y110.369
G1 X82.204 Y110.551
G1 X82.254 Y110.73
G1 X82.318 Y110.903
G1 X82.396 Y111.073
G1 X82.489 Y111.238
G1 X82.59 Y111.388
G1 X82.704 Y111.534
G1 X82.83 Y111.67
G1 X82.966 Y111.796
G1 X83.112 Y111.91
G1 X83.266 Y112.013
G1 X83.428 Y112.104
G1 X83.596 Y112.182
G1 X83.77 Y112.246
G1 X83.949 Y112.296
G1 X84.131 Y112.332
G1 X84.315 Y112.354
G1 X84.5 Y112.361
G1 X84.685 Y112.354
G1 X84.832 Y112.337
G1 X84.785 Y111.938
G1 Z2.04
G1 E2.5 F6000
M204 P1000
;TYPE:Outer wall
;WIDTH:0.42
G1 F3600
G1 X84.806 Y111.935 E.00064
G2 X84.5 Y108.04 I-.304 J-1.936 E.17432
G1 X84.35 Y108.046 E.00446
G2 X84.5 Y111.959 I.152 J1.954 E.17877
G1 X84.725 Y111.942 E.00672
G1 E-1.75 F6000
;WIPE_START
G1 F3600
G1 X84.806 Y111.935 E-.06121
G1 X84.958 Y111.906 E-.11543
G1 X85.25 Y111.811 E-.23039
G1 X85.524 Y111.671 E-.231
G1 X85.645 Y111.584 E-.11199
;WIPE_END
G1 X85.871 Y111.922 Z2.24 F18000
G1 X86.731 Y111.596
G1 X119.522 Y111.959
G1 Z2.04
G1 E2.5 F6000
G1 F3600
G1 X119.806 Y111.935 E.00851
G2 X119.5 Y108.04 I-.304 J-1.936 E.17432
G1 X119.35 Y108.046 E.00446
G2 X119.462 Y111.958 I.152 J1.954 E.17764
G1 E-1.75 F6000
;WIPE_START
G1 F3600
G1 X119.806 Y111.935 E-.25899
G1 X120.106 Y111.864 E-.23066
G1 X120.25 Y111.811 E-.11538
G1 X120.422 Y111.723 E-.14497
;WIPE_END
G17
G3 Z2.24 I-.198 J-.575 P1  F18000
G1 X110 Y115.308 Z2.24
G1 Z2.04
G1 E2.5 F6000
G1 F3600
G2 X110.831 Y104.755 I.009 J-5.308 E.47244
G2 X109.643 Y104.704 I-.845 J5.778 E.03548
G2 X109.94 Y115.308 I.366 J5.296 E.48378
G1 E-1.75 F6000
;WIPE_START
G1 F3600
G1 X110.417 Y115.294 E-.35761
G1 X110.831 Y115.245 E-.31271
G1 X110.935 Y115.224 E-.07967
;WIPE_END
G17
G3 Z2.24 I-.606 J-.054 P1  F18000
G1 X109.333 Y133.306 Z2.24
G1 X109.319 Y133.655
G1 Z2.04
G1 E2.5 F6000
M204 P1500
;TYPE:Inner wall
;WIDTH:0.45
G1 X110 Y133.682 E.02191
G1 X111.858 Y133.609 E.05979
G1 X113.705 Y133.39 E.05979
G1 X115.528 Y133.028 E.0598
G1 X117.318 Y132.523 E.0598
G1 X119.063 Y131.879 E.0598
G1 X120.751 Y131.101 E.0598
G1 X122.374 Y130.192 E.0598
G1 X123.92 Y129.159 E.05979
G1 X125.38 Y128.008 E.05979
G1 X126.746 Y126.746 E.05979
G1 X128.008 Y125.38 E.05979
G1 X129.159 Y123.92 E.0598
G1 X130.192 Y122.374 E.05979
G1 X131.101 Y120.751 E.05979
G1 X131.879 Y119.063 E.0598
G1 X132.523 Y117.318 E.0598
G1 X133.028 Y115.528 E.05979
G1 X133.39 Y113.705 E.0598
G1 X133.609 Y111.858 E.05979
G1 X133.682 Y110 E.05979
G1 X133.609 Y108.142 E.0598
G1 X133.39 Y106.295 E.05979
G1 X133.028 Y104.472 E.0598
G1 X132.523 Y102.682 E.05979
G1 X131.879 Y100.937 E.0598
G1 X131.101 Y99.249 E.05979
G1 X130.192 Y97.626 E.0598
G1 X129.159 Y96.08 E.05979
G1 X128.008 Y94.62 E.0598
G1 X126.746 Y93.254 E.05979
G1 X125.38 Y91.992 E.0598
G1 X123.92 Y90.841 E.05979
G1 X122.374 Y89.808 E.05979
G1 X120.751 Y88.899 E.0598
G1 X119.063 Y88.121 E.0598
G1 X117.318 Y87.477 E.0598
G1 X115.528 Y86.972 E.0598
G1 X113.705 Y86.61 E.0598
G1 X111.858 Y86.391 E.05979
G1 X109.889 Y86.322 E.06336
G1 X108.142 Y86.391 E.05622
G1 X106.295 Y86.61 E.05979
G1 X104.472 Y86.972 E.0598
G1 X102.682 Y87.477 E.0598
G1 X100.937 Y88.121 E.0598
G1 X99.249 Y88.899 E.0598
G1 X97.626 Y89.808 E.0598
G1 X96.08 Y90.841 E.05979
G1 X94.62 Y91.992 E.05979
G1 X93.254 Y93.254 E.05979
G1 X91.992 Y94.62 E.05979
G1 X90.841 Y96.08 E.0598
G1 X89.808 Y97.626 E.05979
G1 X88.899 Y99.249 E.05979
G1 X88.121 Y100.937 E.0598
G1 X87.477 Y102.682 E.0598
G1 X86.972 Y104.472 E.05979
G1 X86.61 Y106.295 E.0598
G1 X86.391 Y108.142 E.05979
G1 X86.374 Y108.564 E.01359
G2 X86.374 Y111.436 I-1.866 J1.436 E.37633
G1 X86.391 Y111.858 E.01359
G1 X86.61 Y113.705 E.05979
G1 X86.972 Y115.528 E.0598
G1 X87.477 Y117.318 E.05979
G1 X88.121 Y119.063 E.0598
G1 X88.899 Y120.751 E.05979
G1 X89.808 Y122.374 E.0598
G1 X90.841 Y123.92 E.05979
G1 X91.992 Y125.38 E.0598
G1 X93.254 Y126.746 E.05979
G1 X94.62 Y128.008 E.0598
G1 X96.08 Y129.159 E.05979
G1 X97.626 Y130.192 E.05979
G1 X99.249 Y131.101 E.0598
G1 X100.937 Y131.879 E.0598
G1 X102.682 Y132.523 E.0598
G1 X104.472 Y133.028 E.0598
G1 X106.295 Y133.39 E.0598
G1 X108.142 Y133.609 E.05979
G1 X109.259 Y133.653 E.03596
G1 X109.056 Y134.022 F18000
M204 P2000
;TYPE:Gap infill
;WIDTH:0.370076
G1 F6000
G1 X109.994 Y134.04 E.02424
;WIDTH:0.369841
G2 X110.944 Y134.022 I.006 J-24.196 E.02454
;WIDTH:0.406904
G1 X111.882 Y134.003 E.02697
;WIDTH:0.448042
G2 X112.345 Y133.976 I-.456 J-11.799 E.01484
;WIDTH:0.493352
G1 F5608.653
G1 X112.793 Y133.95 E.01597
;WIDTH:0.53792
G1 F5103.669
G1 X113.241 Y133.923 E.01755
;WIDTH:0.582488
G1 F4682.109
G1 X113.688 Y133.897 E.01913
G1 X115.07 Y133.765 F18000
;WIDTH:0.132181
G1 F6000
G1 X115.276 Y133.744 E.00146
;WIDTH:0.151611
G1 X115.482 Y133.724 E.00177
;WIDTH:0.190472
G1 X115.687 Y133.704 E.00241
;WIDTH:0.233981
G1 X115.897 Y133.675 E.0032
;WIDTH:0.281278
G1 X116.1 Y133.647 E.00386
;WIDTH:0.327823
G1 X116.304 Y133.619 E.00462
;WIDTH:0.374367
G1 X116.507 Y133.591 E.00537
;WIDTH:0.420911
G1 X116.71 Y133.562 E.00613
;WIDTH:0.467456
G1 F5950.777
G1 X116.913 Y133.534 E.00688
;WIDTH:0.514
G1 F5362.819
G1 X117.117 Y133.506 E.00763
G1 X117.627 Y133.214 F18000
;TYPE:Sparse infill
;WIDTH:0.45
G1 F6205.95
G3 X117.436 Y133.275 I-.479 J-1.183 E.00645
G1 X117.487 Y133.643 E.01195
G1 X118.75 Y133.643 E.04061
G1 X118.083 Y133.408 E.02274
G1 X117.818 Y133.144 E.01204
G2 X119.924 Y132.314 I-4.218 J-13.794 E.07285
G1 X120.166 Y133.005 E.02354
G1 X120.57 Y133.408 E.01835
G1 X121.237 Y133.643 E.02274
G1 X122.831 Y133.643 E.05124
G1 X125.318 Y133.643 F18000
G1 F6205.95
G1 X123.724 Y133.643 E.05124
G1 X123.057 Y133.408 E.02274
G1 X122.653 Y133.005 E.01835
G1 X122.217 Y131.761 E.04238
G1 X121.822 Y131.367 E.01794
G2 X122.891 Y130.755 I-3.351 J-7.094 E.03963
G1 X123.057 Y130.921 E.00755
G1 X124.3 Y131.358 E.04238
G1 X124.704 Y131.761 E.01835
G1 X125.14 Y133.005 E.04238
G1 X125.544 Y133.408 E.01835
G1 X126.211 Y133.643 E.02274
G1 X127.805 Y133.643 E.05124
G1 X130.292 Y133.643 F18000
G1 F6205.95
G1 X128.698 Y133.643 E.05124
G1 X128.031 Y133.408 E.02274
G1 X127.627 Y133.005 E.01835
G1 X127.191 Y131.761 E.04238
G1 X126.787 Y131.358 E.01835
G1 X125.544 Y130.921 E.04238
G1 X125.14 Y130.518 E.01835
G1 X124.767 Y129.454 E.03627
G2 X125.897 Y128.558 I-5.128 J-7.64 E.04642
G1 X126.787 Y128.871 E.03033
G1 X127.191 Y129.274 E.01835
G1 X127.627 Y130.518 E.04238
G1 X128.031 Y130.921 E.01835
G1 X129.274 Y131.358 E.04238
G1 X129.678 Y131.761 E.01835
G1 X130.114 Y133.005 E.04238
G1 X130.518 Y133.408 E.01835
G1 X131.185 Y133.643 E.02274
G1 X132.779 Y133.643 E.05124
G1 X135.266 Y133.643 F18000
G1 F6205.95
G1 X133.672 Y133.643 E.05124
G1 X133.005 Y133.408 E.02274
G1 X132.601 Y133.005 E.01835
G1 X132.165 Y131.761 E.04238
G1 X131.761 Y131.358 E.01835
G1 X130.518 Y130.921 E.04238
G1 X130.114 Y130.518 E.01835
G1 X129.678 Y129.274 E.04238
G1 X129.274 Y128.871 E.01835
G1 X128.031 Y128.434 E.04238
G1 X127.627 Y128.031 E.01835
G1 X127.341 Y127.215 E.02781
G1 X128.394 Y126.075 E.04991
G1 X129.274 Y126.384 E.02999
G1 X129.678 Y126.787 E.01835
G1 X130.114 Y128.031 E.04238
G1 X130.518 Y128.434 E.01835
G1 X131.761 Y128.871 E.04238
G1 X132.165 Y129.274 E.01835
G1 X132.601 Y130.518 E.04238
G1 X133.005 Y130.921 E.01835
G1 X134.248 Y131.358 E.04238
G1 X134.652 Y131.761 E.01835
G1 X135.088 Y133.005 E.04238
G1 X135.492 Y133.408 E.01835
G1 X136.159 Y133.643 E.02274
G1 X137.643 Y133.643 E.0477
G1 X137.643 Y133.072 E.01835
G1 X137.139 Y131.761 E.04515
G1 X136.735 Y131.358 E.01835
G1 X135.492 Y130.921 E.04238
G1 X135.088 Y130.518 E.01835
G1 X134.652 Y129.274 E.04238
G1 X134.248 Y128.871 E.01835
G1 X133.005 Y128.434 E.04238
G1 X132.601 Y128.031 E.01835
G1 X132.165 Y126.787 E.04238
G1 X131.761 Y126.384 E.01835
G1 X130.518 Y125.947 E.04238
G1 X130.114 Y125.544 E.01835
G1 X129.722 Y124.426 E.03809
G2 X130.432 Y123.375 I-6.322 J-5.035 E.04085
G1 X130.518 Y123.46 E.0039
G1 X131.761 Y123.897 E.04238
G1 X132.165 Y124.3 E.01835
G1 X132.601 Y125.544 E.04238
G1 X133.005 Y125.947 E.01835
G1 X134.248 Y126.384 E.04238
G1 X134.652 Y126.787 E.01835
G1 X135.088 Y128.031 E.04238
G1 X135.492 Y128.434 E.01835
G1 X136.735 Y128.871 E.04238
G1 X137.139 Y129.274 E.01835
G1 X137.643 Y130.585 E.04515
G1 X137.643 Y132.213 E.05235
G1 X137.643 Y129.726 F18000
G1 F6205.95
G1 X137.643 Y128.098 E.05235
G1 X137.139 Y126.787 E.04515
G1 X136.735 Y126.384 E.01835
G1 X135.492 Y125.947 E.04238
G1 X135.088 Y125.544 E.01835
G1 X134.652 Y124.3 E.04238
G1 X134.248 Y123.897 E.01835
G1 X133.005 Y123.46 E.04238
G1 X132.601 Y123.057 E.01835
G1 X132.165 Y121.813 E.04238
G1 X131.761 Y121.41 E.01835
G1 X131.625 Y121.362 E.00466
G3 X130.545 Y123.205 I-12.251 J-5.936 E.06876
G1 X137.643 Y122.265 F18000
G1 F6205.95
G1 X137.643 Y120.637 E.05235
G1 X137.139 Y119.326 E.04515
G1 X136.735 Y118.923 E.01835
G1 X135.492 Y118.486 E.04238
G1 X135.088 Y118.083 E.01835
G1 X134.652 Y116.839 E.04238
G1 X134.248 Y116.436 E.01835
G1 X133.619 Y116.215 E.02145
G2 X134.081 Y114.104 I-13.18 J-3.992 E.06957
G1 X133.386 Y112.681 F18000
M204 P1000
;TYPE:Top surface
;WIDTH:0.422982
G1 F1800
G1 X133.386 Y109.964 E.08156
G1 X133.316 Y108.165 E.05406
G1 X133.1 Y106.341 E.05513
G1 X133.006 Y105.871 E.01439
G1 X133.006 Y114.129 E.2479
G1 X132.742 Y115.46 E.04075
G1 X132.626 Y115.869 E.01275
G1 X132.626 Y104.131 E.35238
G1 X132.246 Y102.784 E.04204
G1 X132.246 Y117.216 E.43329
G1 X131.866 Y118.249 E.03304
G1 X131.866 Y101.751 E.4953
G2 X131.486 Y100.787 I-6.318 J1.933 E.03115
G1 X131.486 Y119.213 E.55321
G1 X131.106 Y120.038 E.02725
G1 X131.106 Y99.962 E.60271
G2 X130.726 Y99.181 I-5.155 J2.025 E.02611
G1 X130.726 Y120.819 E.64962
G1 X130.346 Y121.498 E.02335
G1 X130.346 Y98.502 E.69037
G1 X129.966 Y97.824 E.02335
G1 X129.966 Y122.176 E.73112
G3 X129.586 Y122.752 I-3.849 J-2.127 E.02074
G1 X129.586 Y97.248 E.7657
G1 X129.206 Y96.679 E.02054
G1 X129.206 Y123.321 E.79986
G3 X128.826 Y123.868 I-3.663 J-2.139 E.02002
G1 X128.826 Y96.132 E.8327
G1 X128.446 Y95.65 E.01843
G1 X128.446 Y124.35 E.86165
G1 X128.066 Y124.832 E.01843
G1 X128.066 Y95.168 E.89059
G2 X127.685 Y94.704 I-3.139 J2.185 E.01802
G1 X127.685 Y125.296 E.91843
G1 X127.305 Y125.707 E.01681
G1 X127.305 Y94.293 E.94312
G1 X126.925 Y93.882 E.01681
G1 X126.925 Y126.118 E.96781
G1 X126.545 Y126.53 E.01681
G1 X126.545 Y93.47 E.9925
G2 X126.165 Y93.118 I-2.426 J2.235 E.01558
G1 X126.165 Y126.882 E1.01367
G1 X125.785 Y127.233 E.01554
G1 X125.785 Y92.767 E1.03476
G1 X125.405 Y92.415 E.01554
G1 X125.405 Y127.585 E1.05585
G3 X125.025 Y127.914 I-2.282 J-2.253 E.01511
G1 X125.025 Y92.086 E1.07561
G1 X124.645 Y91.787 E.01453
G1 X124.645 Y128.213 E1.0936
G1 X124.265 Y128.513 E.01453
G1 X124.265 Y91.487 E1.11159
G1 X123.885 Y91.188 E.01453
G1 X123.885 Y128.812 E1.12958
G3 X123.505 Y129.083 I-1.907 J-2.278 E.01402
G1 X123.505 Y90.917 E1.14583
G1 X123.125 Y90.663 E.01372
G1 X123.125 Y129.337 E1.16107
G1 X122.745 Y129.591 E.01372
G1 X122.745 Y90.409 E1.17632
G1 X122.365 Y90.155 E.01372
G1 X122.365 Y129.845 E1.19157
G3 X121.985 Y130.073 I-1.641 J-2.3 E.01333
G1 X121.985 Y89.927 E1.20529
G1 X121.604 Y89.714 E.01308
G1 X121.604 Y130.286 E1.21807
G1 X121.224 Y130.499 E.01308
G1 X121.224 Y111.427 E.57257
G3 X120.844 Y111.79 I-2.71 J-2.462 E.01578
G1 X120.844 Y130.712 E.56808
G3 X120.464 Y130.909 I-1.446 J-2.317 E.01287
G1 X120.464 Y112.02 E.56711
G3 X120.084 Y112.16 I-.978 J-2.059 E.01218
G1 X120.084 Y131.085 E.56815
G1 X119.704 Y131.26 E.01256
G1 X119.704 Y112.229 E.57134
G3 X119.324 Y112.233 I-.291 J-11.436 E.01141
G1 X119.324 Y131.435 E.5765
G3 X118.944 Y131.61 I-1.3 J-2.328 E.01257
G1 X118.944 Y112.168 E.58367
G3 X118.564 Y112.033 I.597 J-2.272 E.01213
G1 X118.564 Y131.75 E.59196
G1 X118.184 Y131.89 E.01216
G1 X118.184 Y111.812 E.6028
G3 X117.804 Y111.462 I1.491 J-1.999 E.01553
G1 X117.804 Y132.211 E.62294
G1 E-1.75 F6000
;WIPE_START
G1 F1800
G1 X117.804 Y131.211 E-.75
;WIPE_END
G1 X118.381 Y127.439 Z2.24 F18000
G1 X121.224 Y108.858 Z2.24
G1 Z2.04
G1 E2.5 F6000
G1 F1800
G1 X121.224 Y89.501 E.58114
G1 X120.844 Y89.288 E.01308
G1 X120.844 Y108.21 E.56808
G2 X120.464 Y107.98 I-2.534 J3.759 E.01334
G1 X120.464 Y89.091 E.56711
G1 X120.084 Y88.915 E.01256
G1 X120.084 Y107.84 E.56815
G2 X119.704 Y107.771 I-.608 J2.272 E.01161
G1 X119.704 Y88.74 E.57134
G1 X119.324 Y88.565 E.01256
G1 X119.324 Y107.768 E.57651
G2 X118.944 Y107.832 I.231 J2.534 E.01158
G1 X118.944 Y88.39 E.58367
G1 X118.564 Y88.25 E.01216
G1 X118.564 Y107.968 E.59196
G2 X118.184 Y108.188 I.997 J2.156 E.01321
G1 X118.184 Y88.11 E.60279
G1 X117.804 Y87.97 E.01216
G1 X117.804 Y108.816 E.62586
G1 E-1.75 F6000
;WIPE_START
G1 F1800
G1 X117.804 Y107.816 E-.75
;WIPE_END
G1 X117.732 Y104.001 Z2.24 F18000
G1 X117.424 Y87.649 Z2.24
G1 Z2.04
G1 E2.5 F6000
G1 F1800
G1 X117.424 Y132.171 E1.33665
G3 X117.044 Y132.295 I-.979 J-2.352 E.01202
G1 X117.044 Y87.705 E1.33868
G1 X116.664 Y87.598 E.01186
G1 X116.664 Y132.402 E1.34512
G1 X116.284 Y132.509 E.01186
G1 X116.284 Y87.491 E1.35155
G1 X115.904 Y87.384 E.01186
G1 X115.904 Y132.616 E1.35799
G1 X115.523 Y132.724 E.01186
G1 X115.523 Y87.276 E1.36442
G2 X115.143 Y87.196 I-.704 J2.374 E.01168
G1 X115.143 Y107.816 E.61908
G2 X114.763 Y107.076 I-7.33 J3.295 E.025
G1 X114.763 Y87.12 E.59912
G1 X114.383 Y87.044 E.01163
G1 X114.383 Y106.539 E.58526
G2 X114.003 Y106.103 I-2.959 J2.196 E.01738
G1 X114.003 Y86.969 E.57444
G2 X113.623 Y86.896 I-.652 J2.379 E.01163
G1 X113.623 Y105.744 E.56587
G2 X113.243 Y105.45 I-2.061 J2.267 E.01445
G1 X113.243 Y86.851 E.55837
G1 X112.863 Y86.806 E.01149
G1 X112.863 Y105.202 E.55229
G2 X112.483 Y104.995 I-1.508 J2.311 E.01301
G1 X112.483 Y86.761 E.54741
G1 X112.103 Y86.716 E.01149
G1 X112.103 Y104.823 E.5436
G2 X111.723 Y104.683 I-1.078 J2.343 E.01217
G1 X111.723 Y86.68 E.54049
G1 X111.343 Y86.665 E.01142
G1 X111.343 Y104.576 E.53772
G2 X110.963 Y104.497 I-.69 J2.375 E.01166
G1 X110.963 Y86.65 E.5358
G1 X110.583 Y86.635 E.01142
G1 X110.583 Y104.445 E.53468
G2 X110.203 Y104.418 I-.357 J2.4 E.01145
G1 X110.203 Y86.62 E.53434
G2 X109.823 Y86.619 I-.198 J3.008 E.01142
G1 X109.823 Y104.417 E.53434
G1 X109.632 Y104.425 E.00573
G2 X109.442 Y104.442 I.012 J1.209 E.00571
G1 X109.442 Y86.634 E.53463
G1 X109.062 Y86.649 E.01142
G1 X109.062 Y104.492 E.53568
G2 X108.682 Y104.569 I.297 J2.452 E.01165
G1 X108.682 Y86.664 E.53753
G1 X108.302 Y86.679 E.01142
G1 X108.302 Y104.676 E.5403
G2 X107.922 Y104.813 I.685 J2.484 E.01215
G1 X107.922 Y86.713 E.54341
G1 X107.542 Y86.758 E.01149
G1 X107.542 Y104.983 E.54715
G2 X107.162 Y105.188 I1.112 J2.518 E.01298
G1 X107.162 Y86.803 E.55195
G1 X106.782 Y86.848 E.01149
G1 X106.782 Y105.433 E.55796
G2 X106.402 Y105.724 I1.662 J2.56 E.01439
G1 X106.402 Y86.893 E.56536
G2 X106.022 Y86.964 I.259 J2.451 E.01162
G1 X106.022 Y106.075 E.57378
G2 X105.642 Y106.507 I2.549 J2.63 E.01728
G1 X105.642 Y87.039 E.58445
G1 X105.262 Y87.115 E.01163
G1 X105.262 Y107.038 E.59814
G2 X104.882 Y107.762 I5.671 J3.441 E.02455
G1 X104.882 Y87.018 E.62279
G1 E-1.75 F6000
;WIPE_START
G1 F1800
G1 X104.882 Y88.018 E-.75
;WIPE_END
G1 X106.399 Y91.519 Z2.24 F18000
G1 X115.143 Y111.705 Z2.24
G1 Z2.04
G1 E2.5 F6000
G1 F1800
G1 X115.143 Y132.804 E.63346
G1 X114.763 Y132.88 E.01163
G1 X114.763 Y112.924 E.59912
G3 X114.383 Y113.461 I-3.603 J-2.146 E.01978
G1 X114.383 Y132.956 E.58526
G1 X114.003 Y133.031 E.01163
G1 X114.003 Y113.897 E.57444
G3 X113.623 Y114.256 I-7.975 J-8.077 E.01568
G1 X113.623 Y133.104 E.56587
G1 X113.243 Y133.149 E.01149
G1 X113.243 Y114.55 E.55837
G3 X112.863 Y114.798 I-1.764 J-2.291 E.01363
G1 X112.863 Y133.194 E.55229
G1 X112.483 Y133.239 E.01149
G1 X112.483 Y115.005 E.54741
G3 X112.103 Y115.177 I-1.282 J-2.328 E.01254
G1 X112.103 Y133.284 E.5436
G3 X111.723 Y133.32 I-.419 J-2.396 E.01147
G1 X111.723 Y115.317 E.54049
G1 X111.343 Y115.424 E.01186
G1 X111.343 Y133.335 E.53772
G1 X110.963 Y133.35 E.01142
G1 X110.963 Y115.503 E.5358
G3 X110.583 Y115.555 I-.521 J-2.389 E.01153
G1 X110.583 Y133.365 E.53468
G1 X110.203 Y133.38 E.01142
G1 X110.203 Y115.582 E.53434
G3 X109.823 Y115.583 I-.196 J-2.415 E.01142
G1 X109.823 Y133.381 E.53434
G1 X109.442 Y133.366 E.01142
G1 X109.442 Y115.558 E.53463
G3 X109.062 Y115.508 I.128 J-2.441 E.01152
G1 X109.062 Y133.351 E.53568
G1 X108.682 Y133.336 E.01142
G1 X108.682 Y115.431 E.53753
G1 X108.302 Y115.324 E.01186
G1 X108.302 Y133.321 E.5403
G3 X107.922 Y133.287 I.027 J-2.431 E.01147
G1 X107.922 Y115.187 E.54341
G3 X107.542 Y115.017 I.887 J-2.498 E.01251
G1 X107.542 Y133.242 E.54715
G1 X107.162 Y133.197 E.01149
G1 X107.162 Y114.812 E.55195
G3 X106.782 Y114.567 I1.367 J-2.537 E.01359
G1 X106.782 Y133.152 E.55796
G1 X106.402 Y133.107 E.01149
G1 X106.402 Y114.276 E.56536
G3 X106.022 Y113.925 I7.162 J-8.136 E.01553
G1 X106.022 Y133.036 E.57377
G1 X105.642 Y132.961 E.01163
G1 X105.642 Y113.493 E.58445
G3 X105.262 Y112.962 I3.186 J-2.68 E.01964
G1 X105.262 Y132.885 E.59814
G1 X104.882 Y132.809 E.01163
G1 X104.882 Y111.773 E.63157
G1 E-1.75 F6000
;WIPE_START
G1 F1800
G1 X104.882 Y112.773 E-.75
;WIPE_END
G17
G3 Z2.24 I-.608 J-.011 P1  F18000
G1 X104.502 Y132.907 Z2.24
G1 Z2.04
G1 E2.5 F6000
G1 F1800
G1 X104.502 Y87.269 E1.37014
G1 X104.122 Y87.376 E.01186
G1 X104.122 Y132.623 E1.35841
G1 X103.742 Y132.516 E.01186
G1 X103.742 Y87.484 E1.35198
G1 X103.361 Y87.591 E.01186
G1 X103.361 Y132.409 E1.34554
G1 X102.981 Y132.302 E.01186
G1 X102.981 Y87.698 E1.33911
G2 X102.601 Y87.82 I.585 J2.475 E.012
G1 X102.601 Y132.18 E1.33177
G1 X102.221 Y132.04 E.01216
G1 X102.221 Y87.96 E1.32336
G1 X101.841 Y88.101 E.01216
G1 X101.841 Y131.899 E1.31494
G1 X101.461 Y131.759 E.01216
G1 X101.461 Y88.241 E1.30652
G1 X101.081 Y88.381 E.01216
G1 X101.081 Y131.619 E1.2981
G3 X100.701 Y131.447 I.905 J-2.501 E.01254
G1 X100.701 Y88.553 E1.28775
G1 X100.321 Y88.729 E.01256
G1 X100.321 Y131.271 E1.27723
G1 X99.941 Y131.096 E.01256
G1 X99.941 Y88.904 E1.26671
G1 X99.561 Y89.079 E.01256
G1 X99.561 Y130.921 E1.25619
G3 X99.181 Y130.726 I1.05 J-2.513 E.01284
G1 X99.181 Y89.274 E1.24447
G1 X98.801 Y89.487 E.01308
G1 X98.801 Y130.513 E1.23169
G1 X98.421 Y130.3 E.01308
G1 X98.421 Y89.7 E1.21891
G1 X98.041 Y89.913 E.01308
G1 X98.041 Y130.087 E1.20613
G3 X97.661 Y129.862 I1.244 J-2.527 E.01328
G1 X97.661 Y90.138 E1.19258
G1 X97.28 Y90.392 E.01372
G1 X97.28 Y129.608 E1.17733
G1 X96.9 Y129.354 E.01372
G1 X96.9 Y90.646 E1.16208
G1 X96.52 Y90.9 E.01372
G1 X96.52 Y129.1 E1.14683
G3 X96.14 Y128.832 I1.508 J-2.547 E.01397
G1 X96.14 Y91.168 E1.13077
G1 X95.76 Y91.467 E.01453
G1 X95.76 Y128.533 E1.11278
G1 X95.38 Y128.233 E.01453
G1 X95.38 Y91.767 E1.09479
G1 X95 Y92.067 E.01453
G1 X95 Y127.933 E1.0768
G3 X94.62 Y127.608 I1.881 J-2.58 E.01504
G1 X94.62 Y92.392 E1.05725
G1 X94.24 Y92.743 E.01554
G1 X94.24 Y127.257 E1.03616
G1 X93.86 Y126.905 E.01554
G1 X93.86 Y93.095 E1.01506
G1 X93.48 Y93.446 E.01554
G1 X93.48 Y126.554 E.99397
G3 X93.1 Y126.146 I2.401 J-2.615 E.01677
G1 X93.1 Y93.854 E.96945
G1 X92.72 Y94.266 E.01681
G1 X92.72 Y125.734 E.94476
G1 X92.34 Y125.323 E.01681
G1 X92.34 Y94.677 E.92007
G2 X91.96 Y95.136 I2.729 J2.647 E.01791
G1 X91.96 Y124.864 E.89251
G1 X91.58 Y124.382 E.01843
G1 X91.58 Y95.618 E.86356
G1 X91.199 Y96.1 E.01843
G1 X91.199 Y123.9 E.83462
G3 X90.819 Y123.359 I3.247 J-2.684 E.01988
G1 X90.819 Y96.641 E.80212
G1 X90.439 Y97.21 E.02054
G1 X90.439 Y122.79 E.76796
G1 X90.059 Y122.221 E.02054
G1 X90.059 Y97.779 E.73381
G1 X89.679 Y98.457 E.02335
G1 X89.679 Y121.543 E.69307
G1 X89.299 Y120.864 E.02335
G1 X89.299 Y99.136 E.65232
G2 X88.919 Y99.908 I4.713 J2.801 E.02585
G1 X88.919 Y120.092 E.60599
G1 X88.539 Y119.268 E.02725
G1 X88.539 Y100.732 E.55649
G2 X88.159 Y101.683 I5.851 J2.89 E.03077
G1 X88.159 Y118.317 E.4994
G1 X87.779 Y117.287 E.03297
G1 X87.779 Y102.713 E.43754
G1 X87.399 Y104.042 E.04151
G1 X87.399 Y115.958 E.35773
G1 X87.258 Y115.46 E.01553
G1 X87.019 Y114.255 E.03688
G1 X87.019 Y105.745 E.25549
G1 X86.9 Y106.341 E.01826
G1 X86.684 Y108.165 E.05513
G1 X86.639 Y109.325 E.03484
G1 X86.639 Y112.894 E.10715
G1 E-1.75 F6000
;WIPE_START
G1 F1800
G1 X86.639 Y111.894 E-.75
;WIPE_END
G1 X86.746 Y111.881 Z2.24 F18000
G1 X121.336 Y111.265
G1 Z2.04
G1 E2.5 F6000
M204 P2000
;TYPE:Gap infill
;WIDTH:0.132611
G1 X121.4 Y111.042 E.00164
G1 E-2.26782
;WIPE_START
G1 X121.336 Y111.265 E-.23218
;WIPE_END
G1 X117.689 Y111.303 Z2.24 F18000
G1 Z2.04
G1 E2.5 F6000
;WIDTH:0.101521
G3 X117.631 Y111.091 I5.369 J-1.603 E.00101
G1 E-2.28086
;WIPE_START
G1 X117.689 Y111.303 E-.21914
;WIPE_END
G17
G3 Z2.24 I.462 J-.396 P1  F18000
G1 X115.314 Y108.527 Z2.24
G1 Z2.04
G1 E2.5 F6000
;WIDTH:0.103263
G1 X115.297 Y108.407 E.00058
;WIDTH:0.133979
G1 X115.28 Y108.282 E.0009
;WIDTH:0.167885
G1 X115.254 Y108.137 E.00145
;WIDTH:0.185906
G1 X115.228 Y107.992 E.00166
G1 E-2.35269
;WIPE_START
G1 X115.254 Y108.137 E-.14731
;WIPE_END
G17
G3 Z2.24 I.012 J-.608 P1  F18000
G1 X104.795 Y107.937 Z2.24
G1 Z2.04
G1 E2.5 F6000
;WIDTH:0.19446
G1 X104.763 Y108.112 E.00213
;WIDTH:0.147014
G1 X104.732 Y108.29 E.00149
;WIDTH:0.122926
G1 X104.711 Y108.438 E.00094
G1 E-2.35054
;WIPE_START
G1 X104.732 Y108.29 E-.14946
;WIPE_END
G17
G3 Z2.24 I-.608 J.002 P1  F18000
G1 X104.743 Y111.773 Z2.24
G1 Z2.04
G1 E2.5 F6000
;WIDTH:0.124861
G1 X104.711 Y111.562 E.00138
G1 E-2.28692
;WIPE_START
G1 X104.743 Y111.773 E-.21308
;WIPE_END
G17
G3 Z2.24 I-.059 J.606 P1  F18000
G1 X114.865 Y112.757 Z2.24
G1 Z2.04
G1 E2.5 F6000
;WIDTH:0.100198
G2 X114.936 Y112.461 I-7.417 J-1.913 E.00138
G1 X115.282 Y111.705 F18000
;WIDTH:0.133533
G1 F6000
G1 X115.314 Y111.473 E.00167
G1 E-2.2661
;WIPE_START
G1 X115.282 Y111.705 E-.2339
;WIPE_END
G17
G3 Z2.24 I-.23 J.564 P1  F18000
G1 X131.783 Y118.427 Z2.24
G1 Z2.04
G1 E2.5 F6000
;WIDTH:0.201928
G1 X131.754 Y118.592 E.0021
;WIDTH:0.156425
G1 X131.724 Y118.756 E.0015
;WIDTH:0.133674
G1 X131.695 Y118.921 E.0012
G1 X132.55 Y116.05 F18000
;WIDTH:0.224387
G1 F6000
G1 X132.527 Y116.221 E.00248
;WIDTH:0.185468
G1 X132.503 Y116.392 E.00195
;WIDTH:0.146549
G1 X132.479 Y116.564 E.00141
;WIDTH:0.12709
G1 X132.456 Y116.735 E.00115
G1 X133.251 Y112.681 F18000
;WIDTH:0.132073
G1 F6000
G1 X133.234 Y112.967 E.00201
;WIDTH:0.117439
G1 X133.218 Y113.252 E.00168
G1 E-2.21416
;WIPE_START
G1 X133.234 Y112.967 E-.28584
;WIPE_END
G1 X133.079 Y109.154 Z2.24 F18000
G1 X132.938 Y105.687 Z2.24
G1 Z2.04
G1 E2.5 F6000
;WIDTH:0.242443
G1 X132.913 Y105.43 E.00407
;WIDTH:0.198365
G1 X132.887 Y105.173 E.00317
;WIDTH:0.154287
G1 X132.862 Y104.916 E.00227
;WIDTH:0.132248
G1 X132.837 Y104.659 E.00182
G1 X132.163 Y102.603 F18000
;WIDTH:0.202015
G1 F6000
G1 X132.134 Y102.439 E.0021
;WIDTH:0.156478
G1 X132.104 Y102.274 E.0015
;WIDTH:0.133709
G1 X132.075 Y102.109 E.0012
G1 E-2.33261
;WIPE_START
G1 X132.104 Y102.274 E-.16739
;WIPE_END
G1 X128.288 Y102.296 Z2.24 F18000
G1 X87.862 Y102.535 Z2.24
G1 Z2.04
G1 E2.5 F6000
;WIDTH:0.201928
G1 X87.892 Y102.37 E.0021
;WIDTH:0.156425
G1 X87.921 Y102.206 E.0015
;WIDTH:0.133673
G1 X87.95 Y102.041 E.0012
G1 X87.087 Y105.561 F18000
;WIDTH:0.242445
G1 F6000
G1 X87.113 Y105.304 E.00407
;WIDTH:0.198367
G1 X87.138 Y105.047 E.00317
;WIDTH:0.154288
G1 X87.163 Y104.79 E.00227
;WIDTH:0.132249
G1 X87.188 Y104.533 E.00182
G1 E-2.24178
;WIPE_START
G1 X87.163 Y104.79 E-.25822
;WIPE_END
G1 X87.007 Y108.603 Z2.24 F18000
G1 X86.807 Y113.464 Z2.24
G1 Z2.04
G1 E2.5 F6000
;WIDTH:0.102803
G1 X86.791 Y113.179 E.00135
;WIDTH:0.117438
G1 X86.774 Y112.894 E.00168
G1 X87.569 Y116.824 F18000
;WIDTH:0.107629
G1 F6000
G1 X87.546 Y116.653 E.00088
;WIDTH:0.146548
G1 X87.522 Y116.481 E.00141
;WIDTH:0.185468
G1 X87.498 Y116.31 E.00195
;WIDTH:0.204927
G1 X87.475 Y116.139 E.00221
G1 X88.33 Y118.989 F18000
;WIDTH:0.110922
G1 F6000
G1 X88.301 Y118.825 E.0009
;WIDTH:0.156425
G1 X88.272 Y118.66 E.0015
;WIDTH:0.179176
G1 X88.242 Y118.495 E.0018
G1 X89.865 Y123.819 F18000
;TYPE:Sparse infill
;WIDTH:0.45
G1 F6205.95
G3 X88.226 Y121.095 I16.489 J-11.777 E.10235
G2 X87.835 Y120.57 I-.907 J.267 E.02148
G1 X87.399 Y119.326 E.04238
G1 X86.995 Y118.923 E.01835
G1 X85.752 Y118.486 E.04238
G1 X85.348 Y118.083 E.01835
G1 X84.912 Y116.839 E.04238
G1 X84.508 Y116.436 E.01835
G1 X83.265 Y115.999 E.04238
G1 X82.861 Y115.596 E.01835
G1 X82.357 Y114.285 E.04515
G1 X82.357 Y112.241 E.06572
G2 X82.641 Y112.481 I.897 J-.774 E.01197
G1 X82.861 Y113.109 E.02141
G1 X83.265 Y113.512 E.01835
G1 X84.508 Y113.949 E.04238
G1 X84.912 Y114.352 E.01835
G1 X85.348 Y115.596 E.04238
G1 X85.752 Y115.999 E.01835
G1 X86.383 Y116.221 E.02151
G3 X85.829 Y113.54 I28.759 J-7.333 E.08807
G1 X85.348 Y113.109 E.02077
G1 X85.309 Y112.997 E.00382
G3 X82.805 Y112.6 I-.743 J-3.412 E.08341
G1 X82.035 Y111.328 F18000
;TYPE:Gap infill
;WIDTH:0.376909
G1 F6000
G3 X81.959 Y110.937 I9.887 J-2.116 E.0105
;WIDTH:0.332405
G1 X81.941 Y110.837 E.00233
;WIDTH:0.298787
G1 X81.926 Y110.726 E.00226
;WIDTH:0.269552
G1 X81.912 Y110.626 E.00181
;WIDTH:0.23472
G1 X81.891 Y110.417 E.00319
;WIDTH:0.193135
G1 X81.875 Y110.003 E.00492
G1 X81.891 Y109.59 E.0049
;WIDTH:0.233232
G1 X81.911 Y109.382 E.00314
;WIDTH:0.268416
G1 X81.926 Y109.274 E.00195
;WIDTH:0.297306
G1 X81.94 Y109.174 E.00203
;WIDTH:0.330549
G1 X81.959 Y109.063 E.00256
;WIDTH:0.36817
G1 X81.977 Y108.963 E.00262
;WIDTH:0.388753
G1 X82.035 Y108.672 E.00809
G1 X84.723 Y106.9 F18000
;TYPE:Sparse infill
;WIDTH:0.45
G1 F6205.95
G2 X82.644 Y107.517 I-.037 J3.688 E.07078
G1 X82.357 Y106.824 E.02411
G1 X82.357 Y105.196 E.05235
G1 X82.357 Y102.709 F18000
G1 F6205.95
G1 X82.357 Y104.337 E.05235
G1 X82.861 Y105.648 E.04515
G1 X83.265 Y106.051 E.01835
G1 X84.508 Y106.488 E.04238
G1 X84.912 Y106.891 E.01835
G2 X85.747 Y107.157 I3.162 J-8.502 E.0282
G3 X85.879 Y106.096 I6.809 J.309 E.03441
G1 X85.752 Y106.051 E.00434
G1 X85.348 Y105.648 E.01835
G1 X84.912 Y104.404 E.04238
G1 X84.508 Y104.001 E.01835
G1 X83.265 Y103.564 E.04238
G1 X82.861 Y103.161 E.01835
G1 X82.357 Y101.85 E.04515
G1 X82.357 Y100.222 E.05235
G1 X82.357 Y97.735 F18000
G1 F6205.95
G1 X82.357 Y99.363 E.05235
G1 X82.861 Y100.674 E.04515
G1 X83.265 Y101.077 E.01835
G1 X84.508 Y101.514 E.04238
G1 X84.912 Y101.917 E.01835
G1 X85.348 Y103.161 E.04238
G1 X85.752 Y103.564 E.01835
G1 X86.381 Y103.785 E.02145
G2 X85.919 Y105.896 I13.18 J3.992 E.06957
G1 X86.366 Y108.877 F18000
;TYPE:Gap infill
;WIDTH:0.123298
G1 F6000
G1 X86.456 Y109.001 E.00098
;WIDTH:0.135929
G1 X86.548 Y109.14 E.00122
G1 X86.548 Y110.86 F18000
;WIDTH:0.136026
G1 F6000
G1 X86.457 Y110.999 E.00122
;WIDTH:0.123502
G1 X86.366 Y111.123 E.00098
G1 X82.357 Y115.144 F18000
;TYPE:Sparse infill
;WIDTH:0.45
G1 F6205.95
G1 X82.357 Y116.772 E.05235
G1 X82.861 Y118.083 E.04515
G1 X83.265 Y118.486 E.01835
G1 X84.508 Y118.923 E.04238
G1 X84.912 Y119.326 E.01835
G1 X85.348 Y120.57 E.04238
G1 X85.752 Y120.973 E.01835
G1 X86.995 Y121.41 E.04238
G1 X87.399 Y121.813 E.01835
G1 X87.835 Y123.057 E.04238
G1 X88.239 Y123.46 E.01835
G1 X89.482 Y123.897 E.04238
G1 X89.886 Y124.3 E.01835
G1 X90.322 Y125.544 E.04238
G1 X90.726 Y125.947 E.01835
G1 X91.854 Y126.343 E.03844
G1 X92.439 Y126.977 E.02774
G1 X92.809 Y128.031 E.03592
G1 X93.213 Y128.434 E.01835
G1 X94.456 Y128.871 E.04238
G1 X94.86 Y129.274 E.01835
G1 X95.296 Y130.518 E.04238
G1 X95.7 Y130.921 E.01835
G1 X96.943 Y131.358 E.04238
G1 X97.347 Y131.761 E.01835
G1 X97.783 Y133.005 E.04238
G1 X98.187 Y133.408 E.01835
G1 X98.854 Y133.643 E.02274
G1 X100.447 Y133.643 E.05124
G1 X100.203 Y132.373 F18000
G1 F6205.95
G2 X102.564 Y133.275 I13.961 J-33.004 E.08128
G1 X102.513 Y133.643 E.01195
G1 X101.341 Y133.643 E.03769
G1 X100.674 Y133.408 E.02274
G1 X100.27 Y133.005 E.01835
G1 X100.018 Y132.287 E.02445
G3 X95.281 Y129.491 I8.31 J-19.49 E.1774
G1 X95.473 Y133.643 F18000
G1 F6205.95
G1 X93.88 Y133.643 E.05124
G1 X93.213 Y133.408 E.02274
G1 X92.809 Y133.005 E.01835
G1 X92.373 Y131.761 E.04238
G1 X91.969 Y131.358 E.01835
G1 X90.726 Y130.921 E.04238
G1 X90.322 Y130.518 E.01835
G1 X89.886 Y129.274 E.04238
G1 X89.482 Y128.871 E.01835
G1 X88.239 Y128.434 E.04238
G1 X87.835 Y128.031 E.01835
G1 X87.399 Y126.787 E.04238
G1 X86.995 Y126.384 E.01835
G1 X85.752 Y125.947 E.04238
G1 X85.348 Y125.544 E.01835
G1 X84.912 Y124.3 E.04238
G1 X84.508 Y123.897 E.01835
G1 X83.265 Y123.46 E.04238
G1 X82.861 Y123.057 E.01835
G1 X82.357 Y121.746 E.04515
G1 X82.357 Y120.118 E.05235
G1 X82.357 Y122.605 F18000
G1 F6205.95
G1 X82.357 Y124.233 E.05235
G1 X82.861 Y125.544 E.04515
G1 X83.265 Y125.947 E.01835
G1 X84.508 Y126.384 E.04238
G1 X84.912 Y126.787 E.01835
G1 X85.348 Y128.031 E.04238
G1 X85.752 Y128.434 E.01835
G1 X86.995 Y128.871 E.04238
G1 X87.399 Y129.274 E.01835
G1 X87.835 Y130.518 E.04238
G1 X88.239 Y130.921 E.01835
G1 X89.482 Y131.358 E.04238
G1 X89.886 Y131.761 E.01835
G1 X90.322 Y133.005 E.04238
G1 X90.726 Y133.408 E.01835
G1 X91.393 Y133.643 E.02274
G1 X92.986 Y133.643 E.05124
G1 X90.499 Y133.643 F18000
G1 F6205.95
G1 X88.906 Y133.643 E.05124
G1 X88.239 Y133.408 E.02274
G1 X87.835 Y133.005 E.01835
G1 X87.399 Y131.761 E.04238
G1 X86.995 Y131.358 E.01835
G1 X85.752 Y130.921 E.04238
G1 X85.348 Y130.518 E.01835
G1 X84.912 Y129.274 E.04238
G1 X84.508 Y128.871 E.01835
G1 X83.265 Y128.434 E.04238
G1 X82.861 Y128.031 E.01835
G1 X82.357 Y126.72 E.04515
G1 X82.357 Y125.092 E.05235
G1 X82.357 Y127.579 F18000
G1 F6205.95
G1 X82.357 Y129.207 E.05235
G1 X82.861 Y130.518 E.04515
G1 X83.265 Y130.921 E.01835
G1 X84.508 Y131.358 E.04238
G1 X84.912 Y131.761 E.01835
G1 X85.348 Y133.005 E.04238
G1 X85.752 Y133.408 E.01835
G1 X86.419 Y133.643 E.02274
G1 X88.012 Y133.643 E.05124
G1 X85.525 Y133.643 F18000
G1 F6205.95
G1 X83.932 Y133.643 E.05124
G1 X83.265 Y133.408 E.02274
G1 X82.861 Y133.005 E.01835
G1 X82.357 Y131.694 E.04515
G1 X82.357 Y130.066 E.05235
G1 X82.357 Y117.631 F18000
G1 F6205.95
G1 X82.357 Y119.259 E.05235
G1 X82.861 Y120.57 E.04515
G1 X83.265 Y120.973 E.01835
G1 X84.508 Y121.41 E.04238
G1 X84.912 Y121.813 E.01835
G1 X85.348 Y123.057 E.04238
G1 X85.752 Y123.46 E.01835
G1 X86.995 Y123.897 E.04238
G1 X87.399 Y124.3 E.01835
G1 X87.835 Y125.544 E.04238
G1 X88.239 Y125.947 E.01835
G1 X89.482 Y126.384 E.04238
G1 X89.886 Y126.787 E.01835
G1 X90.322 Y128.031 E.04238
G1 X90.726 Y128.434 E.01835
G1 X91.969 Y128.871 E.04238
G1 X92.373 Y129.274 E.01835
G1 X92.809 Y130.518 E.04238
G1 X93.213 Y130.921 E.01835
G1 X94.456 Y131.358 E.04238
G1 X94.86 Y131.761 E.01835
G1 X95.296 Y133.005 E.04238
G1 X95.7 Y133.408 E.01835
G1 X96.367 Y133.643 E.02274
G1 X97.96 Y133.643 E.05124
G1 X102.883 Y133.506 F18000
;TYPE:Gap infill
;WIDTH:0.490727
G1 F5641.529
G1 X103.087 Y133.534 E.00726
;WIDTH:0.467455
G1 F5950.785
G1 X103.29 Y133.562 E.00688
;WIDTH:0.420911
G1 F6000
G1 X103.493 Y133.591 E.00613
;WIDTH:0.374367
G1 X103.696 Y133.619 E.00537
;WIDTH:0.327823
G1 X103.9 Y133.647 E.00462
;WIDTH:0.281279
G1 X104.103 Y133.675 E.00386
;WIDTH:0.234734
G1 X104.306 Y133.703 E.00311
;WIDTH:0.191101
G1 X104.518 Y133.724 E.0025
;WIDTH:0.151611
G1 X104.724 Y133.744 E.00177
;WIDTH:0.112751
G1 X104.93 Y133.765 E.00114
G1 X106.312 Y133.897 F18000
;WIDTH:0.560204
G1 F4883.807
G1 X106.759 Y133.923 E.01834
;WIDTH:0.53792
G1 F5103.667
G1 X107.207 Y133.95 E.01755
;WIDTH:0.493352
G1 F5608.65
G1 X107.655 Y133.976 E.01597
;WIDTH:0.448784
G1 F6000
G1 X108.103 Y134.003 E.01439
;WIDTH:0.407204
G2 X109.056 Y134.022 I.96 J-24.242 E.02742
G1 X137.643 Y127.239 F18000
;TYPE:Sparse infill
;WIDTH:0.45
G1 F6205.95
G1 X137.643 Y125.611 E.05235
G1 X137.139 Y124.3 E.04515
G1 X136.735 Y123.897 E.01835
G1 X135.492 Y123.46 E.04238
G1 X135.088 Y123.057 E.01835
G1 X134.652 Y121.813 E.04238
G1 X134.248 Y121.41 E.01835
G1 X133.005 Y120.973 E.04238
G1 X132.601 Y120.57 E.01835
G1 X132.348 Y119.849 E.02455
G2 X132.926 Y118.408 I-8.872 J-4.392 E.05
G1 X133.005 Y118.486 E.00358
G1 X134.248 Y118.923 E.04238
G1 X134.652 Y119.326 E.01835
G1 X135.088 Y120.57 E.04238
G1 X135.492 Y120.973 E.01835
G1 X136.735 Y121.41 E.04238
G1 X137.139 Y121.813 E.01835
G1 X137.643 Y123.124 E.04515
G1 X137.643 Y124.752 E.05235
G1 X137.643 Y119.778 F18000
G1 F6205.95
G1 X137.643 Y118.15 E.05235
G1 X137.139 Y116.839 E.04515
G1 X136.735 Y116.436 E.01835
G1 X135.492 Y115.999 E.04238
G1 X135.088 Y115.596 E.01835
G1 X134.652 Y114.352 E.04238
G1 X134.248 Y113.949 E.01835
G1 X134.121 Y113.904 E.00434
G2 X134.376 Y111.589 I-43.938 J-6.004 E.0749
G1 X134.652 Y111.865 E.01256
G1 X135.088 Y113.109 E.04238
G1 X135.492 Y113.512 E.01835
G1 X136.735 Y113.949 E.04238
G1 X137.139 Y114.352 E.01835
G1 X137.643 Y115.663 E.04515
G1 X137.643 Y117.291 E.05235
G1 X137.643 Y114.804 F18000
G1 F6205.95
G1 X137.643 Y113.176 E.05235
G1 X137.139 Y111.865 E.04515
G1 X136.735 Y111.462 E.01835
G1 X135.492 Y111.025 E.04238
G1 X135.088 Y110.622 E.01835
G1 X134.652 Y109.378 E.04238
G1 X134.404 Y109.13 E.01128
G2 X134.171 Y106.46 I-17.073 J.146 E.08627
G1 X134.652 Y106.891 E.02077
G1 X135.088 Y108.135 E.04238
G1 X135.492 Y108.538 E.01835
G1 X136.735 Y108.975 E.04238
G1 X137.139 Y109.378 E.01835
G1 X137.643 Y110.689 E.04515
G1 X137.643 Y112.317 E.05235
G1 X137.643 Y109.83 F18000
G1 F6205.95
G1 X137.643 Y108.202 E.05235
G1 X137.139 Y106.891 E.04515
G1 X136.735 Y106.488 E.01835
G1 X135.492 Y106.051 E.04238
G1 X135.088 Y105.648 E.01835
G1 X134.652 Y104.404 E.04238
G1 X134.248 Y104.001 E.01835
G1 X133.617 Y103.779 E.02151
G3 X134.147 Y106.258 I-35.843 J8.951 E.08153
G1 X137.643 Y107.343 F18000
G1 F6205.95
G1 X137.643 Y105.715 E.05235
G1 X137.139 Y104.404 E.04515
G1 X136.735 Y104.001 E.01835
G1 X135.492 Y103.564 E.04238
G1 X135.088 Y103.161 E.01835
G1 X134.652 Y101.917 E.04238
G1 X134.248 Y101.514 E.01835
G1 X133.005 Y101.077 E.04238
G1 X132.601 Y100.674 E.01835
G1 X132.165 Y99.43 E.04238
G3 X131.774 Y98.905 I.516 J-.792 E.02148
G2 X130.135 Y96.181 I-18.128 J9.052 E.10235
G1 X137.643 Y97.395 F18000
G1 F6205.95
G1 X137.643 Y95.767 E.05235
G1 X137.139 Y94.456 E.04515
G1 X136.735 Y94.053 E.01835
G1 X135.492 Y93.616 E.04238
G1 X135.088 Y93.213 E.01835
G1 X134.652 Y91.969 E.04238
G1 X134.248 Y91.566 E.01835
G1 X133.005 Y91.129 E.04238
G1 X132.601 Y90.726 E.01835
G1 X132.165 Y89.482 E.04238
G1 X131.761 Y89.079 E.01835
G1 X130.518 Y88.642 E.04238
G1 X130.114 Y88.239 E.01835
G1 X129.678 Y86.995 E.04238
G1 X129.274 Y86.592 E.01835
G1 X128.607 Y86.357 E.02274
G1 X127.014 Y86.357 E.05124
G1 X124.527 Y86.357 F18000
G1 F6205.95
G1 X126.12 Y86.357 E.05124
G1 X126.787 Y86.592 E.02274
G1 X127.191 Y86.995 E.01835
G1 X127.627 Y88.239 E.04238
G1 X128.031 Y88.642 E.01835
G1 X129.274 Y89.079 E.04238
G1 X129.678 Y89.482 E.01835
G1 X130.114 Y90.726 E.04238
G1 X130.518 Y91.129 E.01835
G1 X131.761 Y91.566 E.04238
G1 X132.165 Y91.969 E.01835
G1 X132.601 Y93.213 E.04238
G1 X133.005 Y93.616 E.01835
G1 X134.248 Y94.053 E.04238
G1 X134.652 Y94.456 E.01835
G1 X135.088 Y95.7 E.04238
G1 X135.492 Y96.103 E.01835
G1 X136.735 Y96.54 E.04238
G1 X137.139 Y96.943 E.01835
G1 X137.643 Y98.254 E.04515
G1 X137.643 Y99.882 E.05235
G1 X137.643 Y102.369 F18000
G1 F6205.95
G1 X137.643 Y100.741 E.05235
G1 X137.139 Y99.43 E.04515
G1 X136.735 Y99.027 E.01835
G1 X135.492 Y98.59 E.04238
G1 X135.088 Y98.187 E.01835
G1 X134.652 Y96.943 E.04238
G1 X134.248 Y96.54 E.01835
G1 X133.005 Y96.103 E.04238
G1 X132.601 Y95.7 E.01835
G1 X132.165 Y94.456 E.04238
G1 X131.761 Y94.053 E.01835
G1 X130.518 Y93.616 E.04238
G1 X130.114 Y93.213 E.01835
G1 X129.678 Y91.969 E.04238
G1 X129.274 Y91.566 E.01835
G1 X128.031 Y91.129 E.04238
G1 X127.627 Y90.726 E.01835
G1 X127.191 Y89.482 E.04238
G1 X126.787 Y89.079 E.01835
G1 X125.544 Y88.642 E.04238
G1 X125.14 Y88.239 E.01835
G1 X124.704 Y86.995 E.04238
G1 X124.3 Y86.592 E.01835
G1 X123.633 Y86.357 E.02274
G1 X122.04 Y86.357 E.05124
G1 X119.553 Y86.357 F18000
G1 F6205.95
G1 X121.146 Y86.357 E.05124
G1 X121.813 Y86.592 E.02274
G1 X122.217 Y86.995 E.01835
G1 X122.653 Y88.239 E.04238
G1 X123.057 Y88.642 E.01835
G1 X124.3 Y89.079 E.04238
G1 X124.704 Y89.482 E.01835
G1 X125.14 Y90.726 E.04238
G1 X125.544 Y91.129 E.01835
G1 X126.787 Y91.566 E.04238
G1 X127.191 Y91.969 E.01835
G1 X127.561 Y93.023 E.03592
G1 X128.146 Y93.657 E.02774
G1 X129.274 Y94.053 E.03844
G1 X129.678 Y94.456 E.01835
G1 X130.114 Y95.7 E.04238
G1 X130.518 Y96.103 E.01835
G1 X131.761 Y96.54 E.04238
G1 X132.165 Y96.943 E.01835
G1 X132.601 Y98.187 E.04238
G1 X133.005 Y98.59 E.01835
G1 X134.248 Y99.027 E.04238
G1 X134.652 Y99.43 E.01835
G1 X135.088 Y100.674 E.04238
G1 X135.492 Y101.077 E.01835
G1 X136.735 Y101.514 E.04238
G1 X137.139 Y101.917 E.01835
G1 X137.643 Y103.228 E.04515
G1 X137.643 Y104.856 E.05235
G1 X137.643 Y94.908 F18000
G1 F6205.95
G1 X137.643 Y93.28 E.05235
G1 X137.139 Y91.969 E.04515
G1 X136.735 Y91.566 E.01835
G1 X135.492 Y91.129 E.04238
G1 X135.088 Y90.726 E.01835
G1 X134.652 Y89.482 E.04238
G1 X134.248 Y89.079 E.01835
G1 X133.005 Y88.642 E.04238
G1 X132.601 Y88.239 E.01835
G1 X132.165 Y86.995 E.04238
G1 X131.761 Y86.592 E.01835
G1 X131.094 Y86.357 E.02274
G1 X129.501 Y86.357 E.05124
G1 X131.988 Y86.357 F18000
G1 F6205.95
G1 X133.581 Y86.357 E.05124
G1 X134.248 Y86.592 E.02274
G1 X134.652 Y86.995 E.01835
G1 X135.088 Y88.239 E.04238
G1 X135.492 Y88.642 E.01835
G1 X136.735 Y89.079 E.04238
G1 X137.139 Y89.482 E.01835
G1 X137.643 Y90.793 E.04515
G1 X137.643 Y92.421 E.05235
G1 X137.643 Y89.934 F18000
G1 F6205.95
G1 X137.643 Y88.306 E.05235
G1 X137.139 Y86.995 E.04515
G1 X136.735 Y86.592 E.01835
G1 X136.068 Y86.357 E.02274
G1 X134.475 Y86.357 E.05124
G1 X124.719 Y90.509 F18000
G1 F6205.95
G2 X119.982 Y87.713 I-13.048 J16.693 E.1774
G1 X119.73 Y86.995 E.02445
G1 X119.326 Y86.592 E.01835
G1 X118.659 Y86.357 E.02274
G1 X117.487 Y86.357 E.03769
G1 X117.436 Y86.725 E.01195
G3 X119.797 Y87.627 I-11.601 J33.906 E.08128
G1 X117.117 Y86.494 F18000
;TYPE:Gap infill
;WIDTH:0.513999
G1 F5362.828
G1 X116.913 Y86.466 E.00763
;WIDTH:0.467454
G1 F5950.798
G1 X116.71 Y86.438 E.00688
;WIDTH:0.420909
G1 F6000
G1 X116.507 Y86.409 E.00613
;WIDTH:0.374364
G1 X116.304 Y86.381 E.00537
;WIDTH:0.327819
G1 X116.1 Y86.353 E.00462
;WIDTH:0.281274
G1 X115.897 Y86.325 E.00386
;WIDTH:0.233976
G1 X115.687 Y86.296 E.0032
;WIDTH:0.190467
G1 X115.482 Y86.276 E.00241
;WIDTH:0.151608
G1 X115.276 Y86.256 E.00177
;WIDTH:0.132179
G1 X115.07 Y86.235 E.00146
G1 X113.688 Y86.103 F18000
;WIDTH:0.582486
G1 F4682.126
G1 X113.241 Y86.077 E.01913
;WIDTH:0.537918
G1 F5103.695
G1 X112.793 Y86.05 E.01755
;WIDTH:0.493349
G1 F5608.69
G1 X112.345 Y86.024 E.01597
;WIDTH:0.448038
G1 F6000
G2 X111.882 Y85.997 I-.919 J11.772 E.01484
;WIDTH:0.406899
G1 X110.944 Y85.978 E.02697
;WIDTH:0.369837
G2 X109.994 Y85.96 I-.944 J24.178 E.02454
;WIDTH:0.370072
G1 X109.056 Y85.978 E.02424
;WIDTH:0.407201
G2 X108.103 Y85.997 I.007 J24.261 E.02742
;WIDTH:0.44878
G1 X107.655 Y86.024 E.01439
;WIDTH:0.493349
G1 F5608.694
G1 X107.207 Y86.05 E.01597
;WIDTH:0.537917
G1 F5103.698
G1 X106.759 Y86.077 E.01755
;WIDTH:0.560202
G1 F4883.833
G1 X106.312 Y86.103 E.01834
G1 X104.93 Y86.235 F18000
;WIDTH:0.112749
G1 F6000
G1 X104.724 Y86.256 E.00114
;WIDTH:0.151607
G1 X104.518 Y86.276 E.00177
;WIDTH:0.191094
G1 X104.306 Y86.297 E.0025
;WIDTH:0.234728
G1 X104.103 Y86.325 E.00311
;WIDTH:0.281273
G1 X103.9 Y86.353 E.00386
;WIDTH:0.327819
G1 X103.696 Y86.381 E.00462
;WIDTH:0.374364
G1 X103.493 Y86.409 E.00537
;WIDTH:0.420909
G1 X103.29 Y86.438 E.00613
;WIDTH:0.467454
G1 F5950.796
G1 X103.087 Y86.466 E.00688
;WIDTH:0.490727
G1 F5641.531
G1 X102.883 Y86.494 E.00726
G1 X102.373 Y86.786 F18000
;TYPE:Sparse infill
;WIDTH:0.45
G1 F6205.95
G3 X102.564 Y86.725 I.479 J1.183 E.00645
G1 X102.513 Y86.357 E.01195
G1 X101.25 Y86.357 E.04061
G1 X101.917 Y86.592 E.02274
G1 X102.182 Y86.856 E.01204
G2 X100.076 Y87.686 I4.218 J13.794 E.07285
G1 X99.834 Y86.995 E.02354
G1 X99.43 Y86.592 E.01835
G1 X98.763 Y86.357 E.02274
G1 X97.169 Y86.357 E.05124
G1 X94.682 Y86.357 F18000
G1 F6205.95
G1 X96.276 Y86.357 E.05124
G1 X96.943 Y86.592 E.02274
G1 X97.347 Y86.995 E.01835
G1 X97.783 Y88.239 E.04238
G1 X98.178 Y88.633 E.01794
G2 X97.109 Y89.245 I3.351 J7.094 E.03963
G1 X96.943 Y89.079 E.00755
G1 X95.7 Y88.642 E.04238
G1 X95.296 Y88.239 E.01835
G1 X94.86 Y86.995 E.04238
G1 X94.456 Y86.592 E.01835
G1 X93.789 Y86.357 E.02274
G1 X92.195 Y86.357 E.05124
G1 X89.708 Y86.357 F18000
G1 F6205.95
G1 X91.302 Y86.357 E.05124
G1 X91.969 Y86.592 E.02274
G1 X92.373 Y86.995 E.01835
G1 X92.809 Y88.239 E.04238
G1 X93.213 Y88.642 E.01835
G1 X94.456 Y89.079 E.04238
G1 X94.86 Y89.482 E.01835
G1 X95.233 Y90.546 E.03627
G2 X94.103 Y91.442 I5.128 J7.64 E.04642
G1 X93.213 Y91.129 E.03033
G1 X92.809 Y90.726 E.01835
G1 X92.373 Y89.482 E.04238
G1 X91.969 Y89.079 E.01835
G1 X90.726 Y88.642 E.04238
G1 X90.322 Y88.239 E.01835
G1 X89.886 Y86.995 E.04238
G1 X89.482 Y86.592 E.01835
G1 X88.815 Y86.357 E.02274
G1 X87.221 Y86.357 E.05124
G1 X84.734 Y86.357 F18000
G1 F6205.95
G1 X86.328 Y86.357 E.05124
G1 X86.995 Y86.592 E.02274
G1 X87.399 Y86.995 E.01835
G1 X87.835 Y88.239 E.04238
G1 X88.239 Y88.642 E.01835
G1 X89.482 Y89.079 E.04238
G1 X89.886 Y89.482 E.01835
G1 X90.322 Y90.726 E.04238
G1 X90.726 Y91.129 E.01835
G1 X91.969 Y91.566 E.04238
G1 X92.373 Y91.969 E.01835
G1 X92.659 Y92.785 E.02781
G1 X91.606 Y93.925 E.04991
G1 X90.726 Y93.616 E.02999
G1 X90.322 Y93.213 E.01835
G1 X89.886 Y91.969 E.04238
G1 X89.482 Y91.566 E.01835
G1 X88.239 Y91.129 E.04238
G1 X87.835 Y90.726 E.01835
G1 X87.399 Y89.482 E.04238
G1 X86.995 Y89.079 E.01835
G1 X85.752 Y88.642 E.04238
G1 X85.348 Y88.239 E.01835
G1 X84.912 Y86.995 E.04238
G1 X84.508 Y86.592 E.01835
G1 X83.841 Y86.357 E.02274
G1 X82.357 Y86.357 E.0477
G1 X82.357 Y86.928 E.01835
G1 X82.861 Y88.239 E.04515
G1 X83.265 Y88.642 E.01835
G1 X84.508 Y89.079 E.04238
G1 X84.912 Y89.482 E.01835
G1 X85.348 Y90.726 E.04238
G1 X85.752 Y91.129 E.01835
G1 X86.995 Y91.566 E.04238
G1 X87.399 Y91.969 E.01835
G1 X87.835 Y93.213 E.04238
G1 X88.239 Y93.616 E.01835
G1 X89.482 Y94.053 E.04238
G1 X89.886 Y94.456 E.01835
G1 X90.278 Y95.574 E.03809
G2 X89.568 Y96.625 I6.322 J5.035 E.04085
G1 X89.482 Y96.54 E.0039
G1 X88.239 Y96.103 E.04238
G1 X87.835 Y95.7 E.01835
G1 X87.399 Y94.456 E.04238
G1 X86.995 Y94.053 E.01835
G1 X85.752 Y93.616 E.04238
G1 X85.348 Y93.213 E.01835
G1 X84.912 Y91.969 E.04238
G1 X84.508 Y91.566 E.01835
G1 X83.265 Y91.129 E.04238
G1 X82.861 Y90.726 E.01835
G1 X82.357 Y89.415 E.04515
G1 X82.357 Y87.787 E.05235
G1 X82.357 Y90.274 F18000
G1 F6205.95
G1 X82.357 Y91.902 E.05235
G1 X82.861 Y93.213 E.04515
G1 X83.265 Y93.616 E.01835
G1 X84.508 Y94.053 E.04238
G1 X84.912 Y94.456 E.01835
G1 X85.348 Y95.7 E.04238
G1 X85.752 Y96.103 E.01835
G1 X86.995 Y96.54 E.04238
G1 X87.399 Y96.943 E.01835
G1 X87.835 Y98.187 E.04238
G1 X88.239 Y98.59 E.01835
G1 X88.375 Y98.638 E.00466
G3 X89.455 Y96.795 I12.251 J5.936 E.06876
G1 X82.357 Y95.248 F18000
G1 F6205.95
G1 X82.357 Y96.876 E.05235
G1 X82.861 Y98.187 E.04515
G1 X83.265 Y98.59 E.01835
G1 X84.508 Y99.027 E.04238
G1 X84.912 Y99.43 E.01835
G1 X85.348 Y100.674 E.04238
G1 X85.752 Y101.077 E.01835
G1 X86.995 Y101.514 E.04238
G1 X87.074 Y101.592 E.00358
G3 X87.652 Y100.151 I9.45 J2.95 E.05
G1 X87.399 Y99.43 E.02455
G1 X86.995 Y99.027 E.01835
G1 X85.752 Y98.59 E.04238
G1 X85.348 Y98.187 E.01835
G1 X84.912 Y96.943 E.04238
G1 X84.508 Y96.54 E.01835
G1 X83.265 Y96.103 E.04238
G1 X82.861 Y95.7 E.01835
G1 X82.357 Y94.389 E.04515
G1 X82.357 Y92.761 E.05235
; stop printing object base_plate.stl id:0 copy 0
M106 S122
;LAYER_CHANGE
;Z:2.24
;HEIGHT:0.2
G92 E0 ; zero the extruded length again
; BEFORE_LAYER_CHANGE 10 @ 2.24mm
G1 E-1.75 F6000
;WIPE_START
G1 F6205.95
G1 X82.357 Y93.761 E-.75
;WIPE_END
; AFTER_LAYER_CHANGE 10 @ 2.24mm
;_SET_FAN_SPEED_CHANGING_LAYER
; printing object base_plate.stl id:0 copy 0
G17
G3 Z2.44 I0 J-.608 P1  F18000
G1 X81.611 Y93.761 Z2.44
G1 X81.611 Y85.611
G1 X138.389 Y85.611
G1 X138.389 Y134.389
G1 X138.389 Y134.389
G1 X138.79 Y134.79
G1 Z2.24
G1 E2.5 F6000
M204 P1000
;TYPE:Outer wall
;WIDTH:0.42
G1 F3600
G1 X81.21 Y134.79 E1.71511
G1 X81.21 Y85.21 E1.47682
G1 X138.79 Y85.21 E1.71511
G1 X138.79 Y134.73 E1.47503
G1 X138.389 Y134.389 F18000
G1 X138.389 Y134.389
G1 X138.398 Y134.398
M204 P1500
;TYPE:Inner wall
;WIDTH:0.45
G1 F6000
G1 X81.602 Y134.398 E1.82635
G1 X81.602 Y85.602 E1.5691
G1 X138.398 Y85.602 E1.82635
G1 X138.398 Y134.338 E1.56717
G1 E-1.75
;WIPE_START
G1 X137.398 Y134.339 E-.75
;WIPE_END
G1 X133.583 Y134.246 Z2.44 F18000
G1 X113.986 Y133.771 Z2.44
G1 Z2.24
G1 E2.5 F6000
G1 X115.628 Y133.444 E.05385
G1 X117.45 Y132.93 E.06088
G1 X119.227 Y132.275 E.06088
G1 X120.946 Y131.482 E.06088
G1 X122.597 Y130.557 E.06088
G1 X124.172 Y129.505 E.06088
G1 X125.658 Y128.333 E.06087
G1 X127.048 Y127.048 E.06088
G1 X128.333 Y125.658 E.06087
G1 X129.505 Y124.172 E.06088
G1 X130.557 Y122.597 E.06088
G1 X131.482 Y120.946 E.06088
G1 X132.275 Y119.227 E.06088
G1 X132.93 Y117.45 E.06088
G1 X133.444 Y115.628 E.06088
G1 X133.813 Y113.772 E.06087
G1 X134.036 Y111.892 E.06088
G1 X134.11 Y110 E.06088
G1 X134.036 Y108.108 E.06088
G1 X133.813 Y106.228 E.06088
G1 X133.444 Y104.372 E.06087
G1 X132.93 Y102.55 E.06088
G1 X132.275 Y100.773 E.06088
G1 X131.482 Y99.054 E.06088
G1 X130.557 Y97.403 E.06088
G1 X129.505 Y95.828 E.06088
G1 X128.333 Y94.342 E.06088
G1 X127.048 Y92.952 E.06087
G1 X125.658 Y91.667 E.06088
G1 X124.172 Y90.495 E.06087
G1 X122.597 Y89.443 E.06088
G1 X120.946 Y88.518 E.06088
G1 X119.227 Y87.725 E.06088
G1 X117.45 Y87.07 E.06088
G1 X115.628 Y86.556 E.06088
G1 X113.986 Y86.229 E.05385
G1 X114.008 Y86.009 E.00712
G1 X137.991 Y86.009 E.77121
G1 X137.991 Y133.991 E1.54292
G1 X114.008 Y133.991 E.77122
G1 X113.992 Y133.83 E.00519
G1 E-1.75
;WIPE_START
G1 X114.965 Y133.6 E-.75
;WIPE_END
G1 X111.149 Y133.673 Z2.44 F18000
G1 X106.014 Y133.771 Z2.44
G1 Z2.24
G1 E2.5 F6000
G1 X105.992 Y133.991 E.00711
G1 X82.009 Y133.991 E.77121
G1 X82.009 Y86.009 E1.54293
G1 X105.992 Y86.009 E.77121
G1 X106.014 Y86.229 E.00711
G1 X104.372 Y86.556 E.05384
G1 X102.55 Y87.07 E.06088
G1 X100.773 Y87.725 E.0609
G1 X99.054 Y88.518 E.06088
G1 X97.403 Y89.443 E.06085
G1 X95.828 Y90.495 E.0609
G1 X94.342 Y91.667 E.06086
G1 X92.952 Y92.952 E.06087
G1 X91.667 Y94.342 E.06087
G1 X90.495 Y95.828 E.06086
G1 X89.443 Y97.403 E.0609
G1 X88.518 Y99.054 E.06085
G1 X87.725 Y100.773 E.06088
G1 X87.07 Y102.55 E.0609
G1 X86.556 Y104.372 E.06088
G1 X86.187 Y106.228 E.06085
G1 X85.964 Y108.108 E.06088
M106 S127
G1 F3000
G1 X85.93 Y108.992 E.02845
G1 F1140
G1 X85.915 Y109.37 E.01216
M204 P500
;TYPE:Overhang wall
;WIDTH:0.364292
G1 F1500
G2 X85.915 Y110.63 I8.011 J.63 E.03204
M204 P1500
;TYPE:Inner wall
;WIDTH:0.45
G1 F1140
G1 X85.93 Y111.008 E.01216
M106 S122
G1 F3000
G1 X85.964 Y111.892 E.02845
G1 F6000
G1 X86.187 Y113.772 E.06088
G1 X86.556 Y115.628 E.06085
G1 X87.07 Y117.45 E.06088
G1 X87.725 Y119.227 E.0609
G1 X88.518 Y120.946 E.06088
G1 X89.443 Y122.597 E.06085
G1 X90.495 Y124.172 E.0609
G1 X91.667 Y125.658 E.06086
G1 X92.952 Y127.048 E.06087
G1 X94.342 Y128.333 E.06087
G1 X95.828 Y129.505 E.06086
G1 X97.403 Y130.557 E.0609
G1 X99.054 Y131.482 E.06085
G1 X100.773 Y132.275 E.06088
G1 X102.55 Y132.93 E.0609
G1 X104.372 Y133.444 E.06088
G1 X105.955 Y133.759 E.0519
G1 E-1.75
;WIPE_START
G1 X105.992 Y133.991 E-.17623
G1 X105.227 Y133.991 E-.57377
;WIPE_END
G1 X105.377 Y133.238 Z2.44 F18000
G1 X106.291 Y133.419
G1 X108.14 Y133.638
G1 X109.671 Y133.698
G1 X109.984 Y133.711
G1 X110 Y133.31
G1 Z2.24
G1 E2.5 F6000
M204 P1000
;TYPE:Outer wall
;WIDTH:0.42
G1 F3600
G1 X111.829 Y133.238 E.05452
G1 X113.647 Y133.023 E.05452
G1 X115.442 Y132.666 E.05452
G1 X117.203 Y132.169 E.05452
G1 X118.92 Y131.536 E.05452
G1 X120.583 Y130.77 E.05452
G1 X122.18 Y129.875 E.05452
G1 X123.701 Y128.858 E.05452
G1 X125.139 Y127.725 E.05452
G1 X126.483 Y126.483 E.05452
G1 X127.725 Y125.139 E.05452
G1 X128.858 Y123.701 E.05452
G1 X129.875 Y122.18 E.05452
G1 X130.77 Y120.583 E.05452
G1 X131.536 Y118.92 E.05452
G1 X132.169 Y117.203 E.05452
G1 X132.666 Y115.442 E.05452
G1 X133.023 Y113.647 E.05452
G1 X133.238 Y111.829 E.05452
G1 X133.31 Y110 E.05452
G1 X133.238 Y108.171 E.05452
G1 X133.023 Y106.353 E.05452
G1 X132.666 Y104.558 E.05452
G1 X132.169 Y102.797 E.05452
G1 X131.536 Y101.08 E.05452
G1 X130.77 Y99.417 E.05452
G1 X129.875 Y97.82 E.05452
G1 X128.858 Y96.299 E.05452
G1 X127.725 Y94.861 E.05452
G1 X126.483 Y93.517 E.05452
G1 X125.139 Y92.275 E.05452
G1 X123.701 Y91.142 E.05452
G1 X122.18 Y90.125 E.05452
G1 X120.583 Y89.23 E.05452
G1 X118.92 Y88.464 E.05452
G1 X117.203 Y87.831 E.05452
G1 X115.442 Y87.334 E.05452
G1 X113.647 Y86.977 E.05452
G1 X111.829 Y86.762 E.05452
G1 X109.904 Y86.694 E.05738
G1 X108.171 Y86.762 E.05165
G1 X106.353 Y86.977 E.05452
G1 X104.558 Y87.334 E.05452
G1 X102.797 Y87.831 E.05452
G1 X101.08 Y88.464 E.05452
G1 X99.417 Y89.23 E.05452
G1 X97.82 Y90.125 E.05452
G1 X96.299 Y91.142 E.05452
G1 X94.861 Y92.275 E.05452
G1 X93.517 Y93.517 E.05452
G1 X92.275 Y94.861 E.05452
G1 X91.142 Y96.299 E.05452
G1 X90.125 Y97.82 E.05452
G1 X89.23 Y99.417 E.05452
G1 X88.464 Y101.08 E.05452
G1 X87.831 Y102.797 E.05452
G1 X87.334 Y104.558 E.05452
G1 X86.977 Y106.353 E.05452
G1 X86.762 Y108.171 E.05452
G1 X86.69 Y110 E.05452
G1 X86.762 Y111.829 E.05452
G1 X86.977 Y113.647 E.05452
G1 X87.334 Y115.442 E.05452
G1 X87.831 Y117.203 E.05452
G1 X88.464 Y118.92 E.05452
G1 X89.23 Y120.583 E.05452
G1 X90.125 Y122.18 E.05452
G1 X91.142 Y123.701 E.05452
G1 X92.275 Y125.139 E.05452
G1 X93.517 Y126.483 E.05452
G1 X94.861 Y127.725 E.05452
G1 X96.299 Y128.858 E.05452
G1 X97.82 Y129.875 E.05452
G1 X99.417 Y130.77 E.05452
G1 X101.08 Y131.536 E.05452
G1 X102.797 Y132.169 E.05452
G1 X104.558 Y132.666 E.05452
G1 X106.353 Y133.023 E.05452
G1 X108.171 Y133.238 E.05452
G1 X109.94 Y133.308 E.05273
G1 X109.924 Y133.708 F18000
G1 X109.985 Y133.711
G1 X109.985 Y133.702
M204 P1500
;TYPE:Inner wall
;WIDTH:0.45
G1 F6000
G1 X110 Y133.703 E.00048
G1 X111.86 Y133.63 E.05986
G1 X113.708 Y133.411 E.05984
G1 X115.533 Y133.048 E.05983
G1 X117.325 Y132.543 E.05987
G1 X119.071 Y131.898 E.05985
G1 X120.761 Y131.119 E.05984
G1 X122.385 Y130.21 E.05985
G1 X123.932 Y129.176 E.05983
G1 X125.394 Y128.024 E.05985
G1 X126.76 Y126.76 E.05985
G1 X128.024 Y125.394 E.05985
G1 X129.176 Y123.932 E.05985
G1 X130.21 Y122.385 E.05983
G1 X131.119 Y120.761 E.05985
G1 X131.898 Y119.071 E.05984
G1 X132.543 Y117.325 E.05985
G1 X133.048 Y115.533 E.05987
G1 X133.411 Y113.708 E.05983
G1 X133.63 Y111.86 E.05984
G1 X133.703 Y110 E.05986
G1 X133.63 Y108.14 E.05986
G1 X133.411 Y106.292 E.05984
G1 X133.048 Y104.467 E.05983
G1 X132.543 Y102.675 E.05987
G1 X131.898 Y100.929 E.05985
G1 X131.119 Y99.239 E.05984
G1 X130.21 Y97.615 E.05985
G1 X129.176 Y96.068 E.05983
G1 X128.024 Y94.606 E.05985
G1 X126.76 Y93.24 E.05985
G1 X125.394 Y91.976 E.05985
G1 X123.932 Y90.824 E.05985
G1 X122.385 Y89.79 E.05983
G1 X120.761 Y88.881 E.05985
G1 X119.071 Y88.102 E.05984
G1 X117.325 Y87.457 E.05985
G1 X115.533 Y86.952 E.05987
G1 X113.708 Y86.589 E.05983
G1 X111.86 Y86.37 E.05984
G1 X109.888 Y86.302 E.06345
G1 X108.14 Y86.37 E.05625
G1 X106.292 Y86.589 E.05984
G1 X104.467 Y86.952 E.05983
G1 X102.675 Y87.457 E.05987
G1 X100.929 Y88.102 E.05985
G1 X99.239 Y88.881 E.05984
G1 X97.615 Y89.79 E.05985
G1 X96.068 Y90.824 E.05983
G1 X94.606 Y91.976 E.05985
G1 X93.24 Y93.24 E.05985
G1 X91.976 Y94.606 E.05985
G1 X90.824 Y96.068 E.05985
G1 X89.79 Y97.615 E.05983
G1 X88.881 Y99.239 E.05985
G1 X88.102 Y100.929 E.05984
G1 X87.457 Y102.675 E.05985
G1 X86.952 Y104.467 E.05987
G1 X86.589 Y106.292 E.05983
G1 X86.37 Y108.14 E.05984
G1 F3240
G1 X86.297 Y110 E.05986
G1 X86.37 Y111.86 E.05986
G1 F6000
G1 X86.589 Y113.708 E.05984
G1 X86.952 Y115.533 E.05983
G1 X87.457 Y117.325 E.05987
G1 X88.102 Y119.071 E.05985
G1 X88.881 Y120.761 E.05984
G1 X89.79 Y122.385 E.05985
G1 X90.824 Y123.932 E.05983
G1 X91.976 Y125.394 E.05985
G1 X93.24 Y126.76 E.05985
G1 X94.606 Y128.024 E.05985
G1 X96.068 Y129.176 E.05985
G1 X97.615 Y130.21 E.05983
G1 X99.239 Y131.119 E.05985
G1 X100.929 Y131.898 E.05984
G1 X102.675 Y132.543 E.05985
G1 X104.467 Y133.048 E.05987
G1 X106.292 Y133.411 E.05983
G1 X108.14 Y133.63 E.05984
G1 X109.926 Y133.7 E.05748
G1 X109.994 Y134.05 F18000
M204 P2000
;TYPE:Gap infill
;WIDTH:0.349528
G1 F6000
G1 X109.056 Y134.032 E.02274
;WIDTH:0.386671
G3 X108.103 Y134.013 I.008 J-24.29 E.02588
;WIDTH:0.42983
G1 X107.629 Y133.985 E.01452
;WIDTH:0.477616
G1 F5811.684
G1 X107.154 Y133.957 E.01631
;WIDTH:0.525403
G1 F5236.075
G1 X106.68 Y133.929 E.01811
;WIDTH:0.549296
G1 F4989.011
G1 X106.206 Y133.901 E.019
G1 X104.824 Y133.765 F18000
;WIDTH:0.11742
G1 F6000
G1 X104.567 Y133.739 E.00152
;WIDTH:0.166168
G1 X104.304 Y133.713 E.00257
;WIDTH:0.215819
G1 X104.09 Y133.684 E.00295
;WIDTH:0.265274
G1 X103.876 Y133.654 E.00379
;WIDTH:0.314728
G1 X103.663 Y133.625 E.00463
;WIDTH:0.364182
G1 X103.449 Y133.595 E.00548
;WIDTH:0.413636
G1 X103.235 Y133.565 E.00632
;WIDTH:0.463091
G1 X103.021 Y133.536 E.00716
;WIDTH:0.487818
G1 F5678.425
G1 X102.808 Y133.506 E.00758
G1 X99.731 Y133.643 F18000
;TYPE:Sparse infill
;WIDTH:0.45
G1 F6205.95
G1 X100.544 Y133.643 E.02615
G1 X100.674 Y133.513 E.00588
G2 X102.015 Y133.643 I1.025 J-3.61 E.04356
G1 X102.408 Y133.249 E.0179
G3 X100.04 Y132.32 I4.717 J-15.509 E.08187
G1 X100.165 Y133.005 E.02238
G1 X99.528 Y133.643 E.029
G3 X98.187 Y133.513 I-.316 J-3.74 E.04356
G1 X98.057 Y133.643 E.00588
G1 X97.244 Y133.643 E.02615
G1 X94.757 Y133.643 F18000
G1 F6205.95
G1 X95.57 Y133.643 E.02615
G1 X95.7 Y133.513 E.00588
G2 X97.041 Y133.643 I1.025 J-3.61 E.04356
G1 X97.678 Y133.005 E.029
G1 X97.452 Y131.761 E.04065
G1 X97.95 Y131.263 E.02267
G1 X97.298 Y130.898 E.02402
G1 X96.943 Y131.253 E.01615
G1 X95.7 Y131.026 E.04065
G1 X94.964 Y131.761 E.03343
G1 X95.191 Y133.005 E.04065
G1 X94.554 Y133.643 E.029
G3 X93.213 Y133.513 I-.316 J-3.74 E.04356
G1 X93.083 Y133.643 E.00588
G1 X92.27 Y133.643 E.02615
G1 X89.783 Y133.643 F18000
G1 F6205.95
G1 X90.596 Y133.643 E.02615
G1 X90.726 Y133.513 E.00588
G2 X92.067 Y133.643 I1.025 J-3.61 E.04356
G1 X92.704 Y133.005 E.029
G1 X92.477 Y131.761 E.04065
G1 X93.213 Y131.026 E.03343
G1 X94.456 Y131.253 E.04065
G1 X95.191 Y130.518 E.03343
G1 X94.968 Y129.271 E.04074
G1 X94.29 Y128.736 E.02779
G1 X93.213 Y128.539 E.0352
G1 X92.477 Y129.274 E.03343
G1 X92.704 Y130.518 E.04065
G1 X91.969 Y131.253 E.03343
G1 X90.726 Y131.026 E.04065
G1 X89.99 Y131.761 E.03343
G1 X90.217 Y133.005 E.04065
G1 X89.58 Y133.643 E.029
G3 X88.239 Y133.513 I-.316 J-3.74 E.04356
G1 X88.109 Y133.643 E.00588
G1 X87.296 Y133.643 E.02615
G1 X84.809 Y133.643 F18000
G1 F6205.95
G1 X85.622 Y133.643 E.02615
G1 X85.752 Y133.513 E.00588
G2 X87.093 Y133.643 I1.025 J-3.61 E.04356
G1 X87.73 Y133.005 E.029
G1 X87.503 Y131.761 E.04065
G1 X88.239 Y131.026 E.03343
G1 X89.482 Y131.253 E.04065
G1 X90.217 Y130.518 E.03343
G1 X89.99 Y129.274 E.04065
G1 X90.726 Y128.539 E.03343
G1 X91.969 Y128.766 E.04065
G1 X92.704 Y128.031 E.03343
G1 X92.537 Y127.113 E.03001
G1 X91.725 Y126.234 E.03846
G1 X90.726 Y126.052 E.03267
G1 X89.99 Y126.787 E.03343
G1 X90.217 Y128.031 E.04065
G1 X89.482 Y128.766 E.03343
G1 X88.239 Y128.539 E.04065
G1 X87.503 Y129.274 E.03343
G1 X87.73 Y130.518 E.04065
G1 X86.995 Y131.253 E.03343
G1 X85.752 Y131.026 E.04065
G1 X85.016 Y131.761 E.03343
G1 X85.243 Y133.005 E.04065
G1 X84.606 Y133.643 E.029
G3 X83.265 Y133.513 I-.316 J-3.74 E.04356
G1 X83.135 Y133.643 E.00588
G1 X82.357 Y133.643 E.02501
G1 X82.357 Y133.404 E.00768
G1 X82.756 Y133.005 E.01814
G1 X82.529 Y131.761 E.04065
G1 X83.265 Y131.026 E.03343
G1 X84.508 Y131.253 E.04065
G1 X85.243 Y130.518 E.03343
G1 X85.016 Y129.274 E.04065
G1 X85.752 Y128.539 E.03343
G1 X86.995 Y128.766 E.04065
G1 X87.73 Y128.031 E.03343
G1 X87.503 Y126.787 E.04065
G1 X88.239 Y126.052 E.03343
G1 X89.482 Y126.279 E.04065
G1 X90.217 Y125.544 E.03343
G1 X89.99 Y124.3 E.04065
G1 X90.093 Y124.198 E.00467
G1 X89.686 Y123.588 E.02357
G1 X89.482 Y123.792 E.00927
G1 X88.239 Y123.565 E.04065
G1 X87.503 Y124.3 E.03343
G1 X87.73 Y125.544 E.04065
G1 X86.995 Y126.279 E.03343
G1 X85.752 Y126.052 E.04065
G1 X85.016 Y126.787 E.03343
G1 X85.243 Y128.031 E.04065
G1 X84.508 Y128.766 E.03343
G1 X83.265 Y128.539 E.04065
G1 X82.529 Y129.274 E.03343
G1 X82.756 Y130.518 E.04065
G1 X82.357 Y130.917 E.01814
G1 X82.357 Y130.146 E.02478
G1 X89.573 Y123.419 F18000
G1 F6205.95
G3 X88.209 Y121.107 I14.003 J-9.819 E.08639
G1 X87.503 Y121.813 E.0321
G1 X87.73 Y123.057 E.04065
G1 X86.995 Y123.792 E.03343
G1 X85.752 Y123.565 E.04065
G1 X85.016 Y124.3 E.03343
G1 X85.243 Y125.544 E.04065
G1 X84.508 Y126.279 E.03343
G1 X83.265 Y126.052 E.04065
G1 X82.529 Y126.787 E.03343
G1 X82.756 Y128.031 E.04065
G1 X82.357 Y128.43 E.01814
G1 X82.357 Y127.659 E.02478
G1 X82.357 Y125.172 F18000
G1 F6205.95
G1 X82.357 Y125.943 E.02478
G1 X82.756 Y125.544 E.01814
G1 X82.529 Y124.3 E.04065
G1 X83.265 Y123.565 E.03343
G1 X84.508 Y123.792 E.04065
G1 X85.243 Y123.057 E.03343
G1 X85.016 Y121.813 E.04065
G1 X85.752 Y121.078 E.03343
G1 X86.995 Y121.305 E.04065
G1 X87.73 Y120.57 E.03343
G2 X87.147 Y118.666 I-7.029 J1.111 E.06424
G1 X86.995 Y118.818 E.00692
G1 X85.752 Y118.591 E.04065
G1 X85.016 Y119.326 E.03343
G1 X85.243 Y120.57 E.04065
G1 X84.508 Y121.305 E.03343
G1 X83.265 Y121.078 E.04065
G1 X82.529 Y121.813 E.03343
G1 X82.756 Y123.057 E.04065
G1 X82.357 Y123.456 E.01814
G1 X82.357 Y122.685 E.02478
G1 X82.357 Y120.198 F18000
G1 F6205.95
G1 X82.357 Y120.969 E.02478
G1 X82.756 Y120.57 E.01814
G1 X82.529 Y119.326 E.04065
G1 X83.265 Y118.591 E.03343
G1 X84.508 Y118.818 E.04065
G1 X85.243 Y118.083 E.03343
G1 X85.016 Y116.839 E.04065
G1 X85.752 Y116.104 E.03343
G1 X86.36 Y116.215 E.01988
G3 X85.844 Y113.831 I14.883 J-4.47 E.0785
G1 X82.357 Y117.711 F18000
G1 F6205.95
G1 X82.357 Y118.482 E.02478
G1 X82.756 Y118.083 E.01814
G1 X82.529 Y116.839 E.04065
G1 X83.265 Y116.104 E.03343
G1 X84.508 Y116.331 E.04065
G1 X85.243 Y115.596 E.03343
G1 X85.016 Y114.352 E.04065
G1 X85.752 Y113.617 E.03343
G1 X85.819 Y113.629 E.00221
G1 X85.737 Y112.937 E.02241
G3 X85.247 Y113.099 I-1.264 J-3.017 E.01663
G1 X84.508 Y113.844 E.03374
G1 X83.265 Y113.617 E.04065
G1 X82.529 Y114.352 E.03343
G1 X82.756 Y115.596 E.04065
G1 X82.357 Y115.995 E.01814
G1 X82.357 Y115.224 E.02478
G1 X82.503 Y112.479 F18000
G1 F6205.95
G3 X82.357 Y112.353 I.406 J-.619 E.00621
G1 X82.357 Y113.508 E.03712
G1 X82.756 Y113.109 E.01814
G1 X82.664 Y112.603 E.01652
G2 X85.042 Y113.139 I1.83 J-2.577 E.08047
G1 X85.822 Y112.656 F18000
M204 P500
;TYPE:Bridge
;WIDTH:0.364292
G1 F1500
M106 S127
G1 X85.616 Y107.41 E.13327
G1 X85.579 Y107.391 E.00106
G2 X85.29 Y107.295 I-1.285 J3.382 E.00773
G1 X85.5 Y112.635 E.13567
G3 X85.182 Y112.738 I-.685 J-1.569 E.00849
G1 X84.965 Y107.217 E.14027
G1 X84.94 Y107.211 E.00066
G2 X84.642 Y107.182 I-.974 J8.492 E.00759
G1 X84.863 Y112.795 E.14259
G3 X84.542 Y112.822 I-.378 J-2.59 E.00817
G1 X84.321 Y107.19 E.14307
G1 X84.001 Y107.225 E.00818
G1 X84.22 Y112.801 E.14167
G1 X84.057 Y112.788 E.00416
G1 X83.896 Y112.75 E.00419
G1 X83.682 Y107.302 E.13841
G1 X83.365 Y107.423 E.00862
G1 X83.571 Y112.662 E.13309
G1 X83.244 Y112.526 E.00898
G1 X83.05 Y107.579 E.1257
G1 X83.022 Y107.594 E.00079
G2 X82.737 Y107.802 I.87 J1.498 E.00898
G1 X82.915 Y112.33 E.11503
G1 X82.839 Y112.283 E.00225
G3 X82.583 Y112.064 I.845 J-1.25 E.00858
G1 X82.418 Y107.885 E.10616
G1 X82.357 Y105.276 F18000
M204 P2000
;TYPE:Sparse infill
;WIDTH:0.45
G1 F6205.95
M106 S122
G1 X82.357 Y106.047 E.02478
G1 X82.756 Y105.648 E.01814
G1 X82.529 Y104.404 E.04065
G1 X83.265 Y103.669 E.03343
G1 X84.508 Y103.896 E.04065
G1 X85.243 Y103.161 E.03343
G1 X85.016 Y101.917 E.04065
G1 X85.752 Y101.182 E.03343
G1 X86.995 Y101.409 E.04065
G1 X87.192 Y101.212 E.00897
G3 X87.633 Y100.141 I7.021 J2.265 E.03726
G1 X87.503 Y99.43 E.02325
G1 X88.239 Y98.695 E.03343
G1 X88.312 Y98.708 E.00241
G3 X89.454 Y96.759 I12.953 J6.277 E.07271
G1 X82.357 Y97.815 F18000
G1 F6205.95
G1 X82.357 Y98.586 E.02478
G1 X82.756 Y98.187 E.01814
G1 X82.529 Y96.943 E.04065
G1 X83.265 Y96.208 E.03343
G1 X84.508 Y96.435 E.04065
G1 X85.243 Y95.7 E.03343
G1 X85.016 Y94.456 E.04065
G1 X85.752 Y93.721 E.03343
G1 X86.995 Y93.948 E.04065
G1 X87.73 Y93.213 E.03343
G1 X87.503 Y91.969 E.04065
G1 X88.239 Y91.234 E.03343
G1 X89.482 Y91.461 E.04065
G1 X90.217 Y90.726 E.03343
G1 X89.99 Y89.482 E.04065
G1 X90.726 Y88.747 E.03343
G1 X91.969 Y88.974 E.04065
G1 X92.704 Y88.239 E.03343
G1 X92.477 Y86.995 E.04065
G1 X93.115 Y86.357 E.029
G3 X94.456 Y86.487 I.316 J3.74 E.04356
G1 X94.586 Y86.357 E.00588
G1 X95.399 Y86.357 E.02615
G1 X92.912 Y86.357 F18000
G1 F6205.95
G1 X92.099 Y86.357 E.02615
G1 X91.969 Y86.487 E.00588
G2 X90.628 Y86.357 I-1.025 J3.61 E.04356
G1 X89.99 Y86.995 E.029
G1 X90.217 Y88.239 E.04065
G1 X89.482 Y88.974 E.03343
G1 X88.239 Y88.747 E.04065
G1 X87.503 Y89.482 E.03343
G1 X87.73 Y90.726 E.04065
G1 X86.995 Y91.461 E.03343
G1 X85.752 Y91.234 E.04065
G1 X85.016 Y91.969 E.03343
G1 X85.243 Y93.213 E.04065
G1 X84.508 Y93.948 E.03343
G1 X83.265 Y93.721 E.04065
G1 X82.529 Y94.456 E.03343
G1 X82.756 Y95.7 E.04065
G1 X82.357 Y96.099 E.01814
G1 X82.357 Y95.328 E.02478
G1 X82.357 Y92.841 F18000
G1 F6205.95
G1 X82.357 Y93.612 E.02478
G1 X82.756 Y93.213 E.01814
G1 X82.529 Y91.969 E.04065
G1 X83.265 Y91.234 E.03343
G1 X84.508 Y91.461 E.04065
G1 X85.243 Y90.726 E.03343
G1 X85.016 Y89.482 E.04065
G1 X85.752 Y88.747 E.03343
G1 X86.995 Y88.974 E.04065
G1 X87.73 Y88.239 E.03343
G1 X87.503 Y86.995 E.04065
G1 X88.141 Y86.357 E.029
G3 X89.482 Y86.487 I.316 J3.74 E.04356
G1 X89.612 Y86.357 E.00588
G1 X90.425 Y86.357 E.02615
G1 X97.886 Y86.357 F18000
G1 F6205.95
G1 X97.073 Y86.357 E.02615
G1 X96.943 Y86.487 E.00588
G2 X95.602 Y86.357 I-1.025 J3.61 E.04356
G1 X94.964 Y86.995 E.029
G1 X95.191 Y88.239 E.04065
G1 X94.456 Y88.974 E.03343
G1 X93.213 Y88.747 E.04065
G1 X92.477 Y89.482 E.03343
G1 X92.704 Y90.726 E.04065
G1 X91.969 Y91.461 E.03343
G1 X90.726 Y91.234 E.04065
G1 X89.99 Y91.969 E.03343
G1 X90.217 Y93.213 E.04065
G1 X89.482 Y93.948 E.03343
G1 X88.239 Y93.721 E.04065
G1 X87.503 Y94.456 E.03343
G1 X87.73 Y95.7 E.04065
G1 X86.995 Y96.435 E.03343
G1 X85.752 Y96.208 E.04065
G1 X85.016 Y96.943 E.03343
G1 X85.243 Y98.187 E.04065
G1 X84.508 Y98.922 E.03343
G1 X83.265 Y98.695 E.04065
G1 X82.529 Y99.43 E.03343
G1 X82.756 Y100.674 E.04065
G1 X82.357 Y101.073 E.01814
G1 X82.357 Y100.302 E.02478
G1 X82.357 Y102.789 F18000
G1 F6205.95
G1 X82.357 Y103.56 E.02478
G1 X82.756 Y103.161 E.01814
G1 X82.529 Y101.917 E.04065
G1 X83.265 Y101.182 E.03343
G1 X84.508 Y101.409 E.04065
G1 X85.243 Y100.674 E.03343
G1 X85.016 Y99.43 E.04065
G1 X85.752 Y98.695 E.03343
G1 X86.995 Y98.922 E.04065
G1 X87.73 Y98.187 E.03343
G1 X87.503 Y96.943 E.04065
G1 X88.239 Y96.208 E.03343
G1 X89.482 Y96.435 E.04065
G2 X90.205 Y95.634 I-1.651 J-2.218 E.03492
G1 X89.99 Y94.456 E.03851
G1 X90.726 Y93.721 E.03343
G1 X91.616 Y93.883 E.0291
G1 X92.627 Y92.79 E.0479
G1 X92.477 Y91.969 E.02682
G1 X93.213 Y91.234 E.03343
G1 X94.118 Y91.399 E.02961
G1 X95.164 Y90.575 E.04281
G1 X94.964 Y89.482 E.03572
G1 X95.7 Y88.747 E.03343
G1 X96.943 Y88.974 E.04065
G1 X97.678 Y88.239 E.03343
G1 X97.452 Y86.995 E.04065
G1 X98.089 Y86.357 E.029
G3 X99.43 Y86.487 I.316 J3.74 E.04356
G1 X99.56 Y86.357 E.00588
G1 X100.373 Y86.357 E.02615
G1 X101.412 Y86.357 F18000
G1 F6205.95
G1 X102.047 Y86.357 E.02042
G1 X101.917 Y86.487 E.00588
G2 X100.576 Y86.357 I-1.025 J3.61 E.04356
G1 X99.939 Y86.995 E.029
G1 X100.062 Y87.67 E.02206
G3 X102.488 Y86.725 I14.679 J34.124 E.08375
G1 X102.437 Y86.357 E.01195
G1 X102.25 Y86.357 E.00602
G1 X102.808 Y86.494 F18000
;TYPE:Gap infill
;WIDTH:0.487817
G1 F5678.432
G1 X103.021 Y86.464 E.00758
;WIDTH:0.463089
G1 F6000
G1 X103.235 Y86.435 E.00716
;WIDTH:0.413634
G1 X103.449 Y86.405 E.00632
;WIDTH:0.364179
G1 X103.663 Y86.375 E.00548
;WIDTH:0.314723
G1 X103.876 Y86.346 E.00463
;WIDTH:0.265268
G1 X104.09 Y86.316 E.00379
;WIDTH:0.215813
G1 X104.304 Y86.287 E.00295
;WIDTH:0.166163
G1 X104.567 Y86.261 E.00257
;WIDTH:0.117418
G1 X104.824 Y86.235 E.00152
G1 X106.206 Y86.099 F18000
;WIDTH:0.549294
G1 F4989.039
G1 X106.68 Y86.071 E.019
;WIDTH:0.5254
G1 F5236.106
G1 X107.154 Y86.043 E.01811
;WIDTH:0.477614
G1 F5811.722
G1 X107.629 Y86.015 E.01631
;WIDTH:0.429827
G1 F6000
G1 X108.103 Y85.987 E.01452
;WIDTH:0.386668
G3 X109.056 Y85.968 I.96 J24.271 E.02588
;WIDTH:0.349524
G1 X109.994 Y85.95 E.02274
;WIDTH:0.349305
G3 X110.944 Y85.968 I.006 J24.196 E.02299
;WIDTH:0.386384
G1 X111.883 Y85.987 E.02547
;WIDTH:0.429114
G3 X112.371 Y86.015 I-.481 J12.434 E.01493
;WIDTH:0.477613
G1 F5811.725
G1 X112.846 Y86.043 E.01631
;WIDTH:0.525401
G1 F5236.102
G1 X113.32 Y86.071 E.01811
;WIDTH:0.573188
G1 F4764.23
G1 X113.794 Y86.099 E.0199
G1 X115.176 Y86.235 F18000
;WIDTH:0.141517
G1 F6000
G1 X115.433 Y86.261 E.00201
;WIDTH:0.165616
G1 X115.69 Y86.286 E.00251
;WIDTH:0.1904
G1 X115.696 Y86.287 E.00007
;WIDTH:0.215814
G1 X115.91 Y86.316 E.00295
;WIDTH:0.265269
G1 X116.124 Y86.346 E.00379
;WIDTH:0.314724
G1 X116.337 Y86.375 E.00463
;WIDTH:0.364179
G1 X116.551 Y86.405 E.00548
;WIDTH:0.413634
G1 X116.765 Y86.435 E.00632
;WIDTH:0.463089
G1 X116.979 Y86.464 E.00716
;WIDTH:0.512544
G1 F5379.443
G1 X117.192 Y86.494 E.00801
G1 X120.269 Y86.357 F18000
;TYPE:Sparse infill
;WIDTH:0.45
G1 F6205.95
G1 X119.456 Y86.357 E.02615
G1 X119.326 Y86.487 E.00588
G2 X117.985 Y86.357 I-1.025 J3.61 E.04356
G1 X117.592 Y86.751 E.0179
G3 X119.96 Y87.68 I-4.717 J15.509 E.08187
G1 X119.835 Y86.995 E.02238
G1 X120.472 Y86.357 E.029
G3 X121.813 Y86.487 I.316 J3.74 E.04356
G1 X121.943 Y86.357 E.00588
G1 X122.756 Y86.357 E.02615
G1 X125.243 Y86.357 F18000
G1 F6205.95
G1 X124.43 Y86.357 E.02615
G1 X124.3 Y86.487 E.00588
G2 X122.959 Y86.357 I-1.025 J3.61 E.04356
G1 X122.322 Y86.995 E.029
G1 X122.548 Y88.239 E.04065
G1 X122.05 Y88.737 E.02267
G1 X122.702 Y89.102 E.02402
G1 X123.057 Y88.747 E.01615
G1 X124.3 Y88.974 E.04065
G1 X125.036 Y88.239 E.03343
G1 X124.809 Y86.995 E.04065
G1 X125.446 Y86.357 E.029
G3 X126.787 Y86.487 I.316 J3.74 E.04356
G1 X126.917 Y86.357 E.00588
G1 X127.73 Y86.357 E.02615
G1 X130.217 Y86.357 F18000
G1 F6205.95
G1 X129.404 Y86.357 E.02615
G1 X129.274 Y86.487 E.00588
G2 X127.933 Y86.357 I-1.025 J3.61 E.04356
G1 X127.296 Y86.995 E.029
G1 X127.523 Y88.239 E.04065
G1 X126.787 Y88.974 E.03343
G1 X125.544 Y88.747 E.04065
G1 X124.809 Y89.482 E.03343
G1 X125.032 Y90.729 E.04074
G1 X125.71 Y91.264 E.02779
G1 X126.787 Y91.461 E.0352
G1 X127.523 Y90.726 E.03343
G1 X127.296 Y89.482 E.04065
G1 X128.031 Y88.747 E.03343
G1 X129.274 Y88.974 E.04065
G1 X130.01 Y88.239 E.03343
G1 X129.783 Y86.995 E.04065
G1 X130.42 Y86.357 E.029
G3 X131.761 Y86.487 I.316 J3.74 E.04356
G1 X131.891 Y86.357 E.00588
G1 X132.704 Y86.357 E.02615
G1 X135.191 Y86.357 F18000
G1 F6205.95
G1 X134.378 Y86.357 E.02615
G1 X134.248 Y86.487 E.00588
G2 X132.907 Y86.357 I-1.025 J3.61 E.04356
G1 X132.27 Y86.995 E.029
G1 X132.497 Y88.239 E.04065
G1 X131.761 Y88.974 E.03343
G1 X130.518 Y88.747 E.04065
G1 X129.783 Y89.482 E.03343
G1 X130.01 Y90.726 E.04065
G1 X129.274 Y91.461 E.03343
G1 X128.031 Y91.234 E.04065
G1 X127.296 Y91.969 E.03343
G1 X127.463 Y92.887 E.03001
G1 X128.275 Y93.766 E.03846
G1 X129.274 Y93.948 E.03267
G1 X130.01 Y93.213 E.03343
G1 X129.783 Y91.969 E.04065
G1 X130.518 Y91.234 E.03343
G1 X131.761 Y91.461 E.04065
G1 X132.497 Y90.726 E.03343
G1 X132.27 Y89.482 E.04065
G1 X133.005 Y88.747 E.03343
G1 X134.248 Y88.974 E.04065
G1 X134.984 Y88.239 E.03343
G1 X134.757 Y86.995 E.04065
G1 X135.394 Y86.357 E.029
G3 X136.735 Y86.487 I.316 J3.74 E.04356
G1 X136.865 Y86.357 E.00588
G1 X137.643 Y86.357 E.02501
G1 X137.643 Y86.596 E.00768
G1 X137.244 Y86.995 E.01814
G1 X137.471 Y88.239 E.04065
G1 X136.735 Y88.974 E.03343
G1 X135.492 Y88.747 E.04065
G1 X134.757 Y89.482 E.03343
G1 X134.984 Y90.726 E.04065
G1 X134.248 Y91.461 E.03343
G1 X133.005 Y91.234 E.04065
G1 X132.27 Y91.969 E.03343
G1 X132.497 Y93.213 E.04065
G1 X131.761 Y93.948 E.03343
G1 X130.518 Y93.721 E.04065
G1 X129.783 Y94.456 E.03343
G1 X130.01 Y95.7 E.04065
G1 X129.907 Y95.802 E.00467
G1 X130.314 Y96.412 E.02357
G1 X130.518 Y96.208 E.00927
G1 X131.761 Y96.435 E.04065
G1 X132.497 Y95.7 E.03343
G1 X132.27 Y94.456 E.04065
G1 X133.005 Y93.721 E.03343
G1 X134.248 Y93.948 E.04065
G1 X134.984 Y93.213 E.03343
G1 X134.757 Y91.969 E.04065
G1 X135.492 Y91.234 E.03343
G1 X136.735 Y91.461 E.04065
G1 X137.471 Y90.726 E.03343
G1 X137.244 Y89.482 E.04065
G1 X137.643 Y89.083 E.01814
G1 X137.643 Y89.854 E.02478
G1 X137.643 Y97.315 F18000
G1 F6205.95
G1 X137.643 Y96.544 E.02478
G1 X137.244 Y96.943 E.01814
G1 X137.471 Y98.187 E.04065
G1 X136.735 Y98.922 E.03343
G1 X135.492 Y98.695 E.04065
G1 X134.757 Y99.43 E.03343
G1 X134.984 Y100.674 E.04065
G1 X134.248 Y101.409 E.03343
G1 X133.005 Y101.182 E.04065
G1 X132.853 Y101.334 E.00692
G3 X132.27 Y99.43 I6.446 J-3.015 E.06424
G1 X133.005 Y98.695 E.03343
G1 X134.248 Y98.922 E.04065
G1 X134.984 Y98.187 E.03343
G1 X134.757 Y96.943 E.04065
G1 X135.492 Y96.208 E.03343
G1 X136.735 Y96.435 E.04065
G1 X137.471 Y95.7 E.03343
G1 X137.244 Y94.456 E.04065
G1 X137.643 Y94.057 E.01814
G1 X137.643 Y94.828 E.02478
G1 X137.643 Y92.341 F18000
G1 F6205.95
G1 X137.643 Y91.57 E.02478
G1 X137.244 Y91.969 E.01814
G1 X137.471 Y93.213 E.04065
G1 X136.735 Y93.948 E.03343
G1 X135.492 Y93.721 E.04065
G1 X134.757 Y94.456 E.03343
G1 X134.984 Y95.7 E.04065
G1 X134.248 Y96.435 E.03343
G1 X133.005 Y96.208 E.04065
G1 X132.27 Y96.943 E.03343
G1 X132.497 Y98.187 E.04065
G1 X131.791 Y98.893 E.0321
G2 X130.427 Y96.581 I-15.367 J7.507 E.08639
G1 X137.643 Y104.776 F18000
G1 F6205.95
G1 X137.643 Y104.005 E.02478
G1 X137.244 Y104.404 E.01814
G1 X137.471 Y105.648 E.04065
G1 X136.735 Y106.383 E.03343
G1 X135.492 Y106.156 E.04065
G1 X134.757 Y106.891 E.03343
G1 X134.984 Y108.135 E.04065
G1 X134.408 Y108.71 E.02618
G2 X134.181 Y106.371 I-14.975 J.273 E.07567
G1 X134.248 Y106.383 E.00221
G1 X134.984 Y105.648 E.03343
G1 X134.757 Y104.404 E.04065
G1 X135.492 Y103.669 E.03343
G1 X136.735 Y103.896 E.04065
G1 X137.471 Y103.161 E.03343
G1 X137.244 Y101.917 E.04065
G1 X137.643 Y101.518 E.01814
G1 X137.643 Y102.289 E.02478
G1 X137.643 Y99.802 F18000
G1 F6205.95
G1 X137.643 Y99.031 E.02478
G1 X137.244 Y99.43 E.01814
G1 X137.471 Y100.674 E.04065
G1 X136.735 Y101.409 E.03343
G1 X135.492 Y101.182 E.04065
G1 X134.757 Y101.917 E.03343
G1 X134.984 Y103.161 E.04065
G1 X134.248 Y103.896 E.03343
G1 X133.64 Y103.785 E.01988
G3 X134.156 Y106.169 I-14.883 J4.47 E.0785
G1 X137.643 Y112.237 F18000
G1 F6205.95
G1 X137.643 Y111.466 E.02478
G1 X137.244 Y111.865 E.01814
G1 X137.471 Y113.109 E.04065
G1 X136.735 Y113.844 E.03343
G1 X135.492 Y113.617 E.04065
G1 X134.757 Y114.352 E.03343
G1 X134.984 Y115.596 E.04065
G1 X134.248 Y116.331 E.03343
G1 X133.639 Y116.22 E.01992
G2 X134.157 Y113.827 I-14.939 J-4.488 E.0788
G1 X134.248 Y113.844 E.00298
G1 X134.984 Y113.109 E.03343
G1 X134.757 Y111.865 E.04065
G1 X135.492 Y111.13 E.03343
G1 X136.735 Y111.357 E.04065
G1 X137.471 Y110.622 E.03343
G1 X137.244 Y109.378 E.04065
G1 X137.643 Y108.979 E.01814
G1 X137.643 Y109.75 E.02478
G1 X137.643 Y107.263 F18000
G1 F6205.95
G1 X137.643 Y106.492 E.02478
G1 X137.244 Y106.891 E.01814
G1 X137.471 Y108.135 E.04065
G1 X136.735 Y108.87 E.03343
G1 X135.492 Y108.643 E.04065
G1 X134.757 Y109.378 E.03343
G1 X134.984 Y110.622 E.04065
G1 X134.412 Y111.194 E.02601
G3 X134.181 Y113.625 I-15.559 J-.248 E.07862
G1 X130.546 Y123.241 F18000
G1 F6205.95
G2 X131.688 Y121.292 I-11.812 J-8.226 E.07271
G1 X131.761 Y121.305 E.00241
G1 X132.497 Y120.57 E.03343
G1 X132.367 Y119.859 E.02325
G2 X132.808 Y118.788 I-6.58 J-3.336 E.03726
G1 X133.005 Y118.591 E.00897
G1 X134.248 Y118.818 E.04065
G1 X134.984 Y118.083 E.03343
G1 X134.757 Y116.839 E.04065
G1 X135.492 Y116.104 E.03343
G1 X136.735 Y116.331 E.04065
G1 X137.471 Y115.596 E.03343
G1 X137.244 Y114.352 E.04065
G1 X137.643 Y113.953 E.01814
G1 X137.643 Y114.724 E.02478
G1 X137.643 Y117.211 F18000
G1 F6205.95
G1 X137.643 Y116.44 E.02478
G1 X137.244 Y116.839 E.01814
G1 X137.471 Y118.083 E.04065
G1 X136.735 Y118.818 E.03343
G1 X135.492 Y118.591 E.04065
G1 X134.757 Y119.326 E.03343
G1 X134.984 Y120.57 E.04065
G1 X134.248 Y121.305 E.03343
G1 X133.005 Y121.078 E.04065
G1 X132.27 Y121.813 E.03343
G1 X132.497 Y123.057 E.04065
G1 X131.761 Y123.792 E.03343
G1 X130.518 Y123.565 E.04065
G2 X129.795 Y124.366 I1.651 J2.218 E.03492
G1 X130.01 Y125.544 E.03851
G1 X129.274 Y126.279 E.03343
G1 X128.384 Y126.117 E.0291
G1 X127.373 Y127.21 E.0479
G1 X127.523 Y128.031 E.02682
G1 X126.787 Y128.766 E.03343
G1 X125.882 Y128.601 E.02961
G1 X124.836 Y129.425 E.04281
G1 X125.036 Y130.518 E.03572
G1 X124.3 Y131.253 E.03343
G1 X123.057 Y131.026 E.04065
G1 X122.322 Y131.761 E.03343
G1 X122.548 Y133.005 E.04065
G1 X121.911 Y133.643 E.029
G3 X120.57 Y133.513 I-.316 J-3.74 E.04356
G1 X120.44 Y133.643 E.00588
G1 X119.627 Y133.643 E.02615
G1 X119.754 Y132.415 F18000
G1 F6205.95
G3 X117.512 Y133.275 I-16.373 J-39.362 E.07721
G1 X117.563 Y133.643 E.01195
G1 X117.953 Y133.643 E.01256
G1 X118.083 Y133.513 E.00588
G2 X119.424 Y133.643 I1.025 J-3.61 E.04356
G1 X120.061 Y133.005 E.029
G1 X119.938 Y132.33 E.02206
G2 X122.753 Y130.869 I-7.877 J-18.62 E.10209
G1 X122.114 Y133.643 F18000
G1 F6205.95
G1 X122.927 Y133.643 E.02615
G1 X123.057 Y133.513 E.00588
G2 X124.398 Y133.643 I1.025 J-3.61 E.04356
G1 X125.036 Y133.005 E.029
G1 X124.809 Y131.761 E.04065
G1 X125.544 Y131.026 E.03343
G1 X126.787 Y131.253 E.04065
G1 X127.523 Y130.518 E.03343
G1 X127.296 Y129.274 E.04065
G1 X128.031 Y128.539 E.03343
G1 X129.274 Y128.766 E.04065
G1 X130.01 Y128.031 E.03343
G1 X129.783 Y126.787 E.04065
G1 X130.518 Y126.052 E.03343
G1 X131.761 Y126.279 E.04065
G1 X132.497 Y125.544 E.03343
G1 X132.27 Y124.3 E.04065
G1 X133.005 Y123.565 E.03343
G1 X134.248 Y123.792 E.04065
G1 X134.984 Y123.057 E.03343
G1 X134.757 Y121.813 E.04065
G1 X135.492 Y121.078 E.03343
G1 X136.735 Y121.305 E.04065
G1 X137.471 Y120.57 E.03343
G1 X137.244 Y119.326 E.04065
G1 X137.643 Y118.927 E.01814
G1 X137.643 Y119.698 E.02478
G1 X137.643 Y122.185 F18000
G1 F6205.95
G1 X137.643 Y121.414 E.02478
G1 X137.244 Y121.813 E.01814
G1 X137.471 Y123.057 E.04065
G1 X136.735 Y123.792 E.03343
G1 X135.492 Y123.565 E.04065
G1 X134.757 Y124.3 E.03343
G1 X134.984 Y125.544 E.04065
G1 X134.248 Y126.279 E.03343
G1 X133.005 Y126.052 E.04065
G1 X132.27 Y126.787 E.03343
G1 X132.497 Y128.031 E.04065
G1 X131.761 Y128.766 E.03343
G1 X130.518 Y128.539 E.04065
G1 X129.783 Y129.274 E.03343
G1 X130.01 Y130.518 E.04065
G1 X129.274 Y131.253 E.03343
G1 X128.031 Y131.026 E.04065
G1 X127.296 Y131.761 E.03343
G1 X127.523 Y133.005 E.04065
G1 X126.885 Y133.643 E.029
G3 X125.544 Y133.513 I-.316 J-3.74 E.04356
G1 X125.414 Y133.643 E.00588
G1 X124.601 Y133.643 E.02615
G1 X127.088 Y133.643 F18000
G1 F6205.95
G1 X127.901 Y133.643 E.02615
G1 X128.031 Y133.513 E.00588
G2 X129.372 Y133.643 I1.025 J-3.61 E.04356
G1 X130.01 Y133.005 E.029
G1 X129.783 Y131.761 E.04065
G1 X130.518 Y131.026 E.03343
G1 X131.761 Y131.253 E.04065
G1 X132.497 Y130.518 E.03343
G1 X132.27 Y129.274 E.04065
G1 X133.005 Y128.539 E.03343
G1 X134.248 Y128.766 E.04065
G1 X134.984 Y128.031 E.03343
G1 X134.757 Y126.787 E.04065
G1 X135.492 Y126.052 E.03343
G1 X136.735 Y126.279 E.04065
G1 X137.471 Y125.544 E.03343
G1 X137.244 Y124.3 E.04065
G1 X137.643 Y123.901 E.01814
G1 X137.643 Y124.672 E.02478
G1 X137.643 Y132.133 F18000
G1 F6205.95
G1 X137.643 Y131.362 E.02478
G1 X137.244 Y131.761 E.01814
G1 X137.471 Y133.005 E.04065
G1 X136.833 Y133.643 E.029
G3 X135.492 Y133.513 I-.316 J-3.74 E.04356
G1 X135.362 Y133.643 E.00588
G1 X134.549 Y133.643 E.02615
G1 X132.062 Y133.643 F18000
G1 F6205.95
G1 X132.875 Y133.643 E.02615
G1 X133.005 Y133.513 E.00588
G2 X134.346 Y133.643 I1.025 J-3.61 E.04356
G1 X134.984 Y133.005 E.029
G1 X134.757 Y131.761 E.04065
G1 X135.492 Y131.026 E.03343
G1 X136.735 Y131.253 E.04065
G1 X137.471 Y130.518 E.03343
G1 X137.244 Y129.274 E.04065
G1 X137.643 Y128.875 E.01814
G1 X137.643 Y129.646 E.02478
G1 X137.643 Y127.159 F18000
G1 F6205.95
G1 X137.643 Y126.388 E.02478
G1 X137.244 Y126.787 E.01814
G1 X137.471 Y128.031 E.04065
G1 X136.735 Y128.766 E.03343
G1 X135.492 Y128.539 E.04065
G1 X134.757 Y129.274 E.03343
G1 X134.984 Y130.518 E.04065
G1 X134.248 Y131.253 E.03343
G1 X133.005 Y131.026 E.04065
G1 X132.27 Y131.761 E.03343
G1 X132.497 Y133.005 E.04065
G1 X131.859 Y133.643 E.029
G3 X130.518 Y133.513 I-.316 J-3.74 E.04356
G1 X130.388 Y133.643 E.00588
G1 X129.575 Y133.643 E.02615
G1 X117.192 Y133.506 F18000
;TYPE:Gap infill
;WIDTH:0.512545
G1 F5379.434
G1 X116.979 Y133.536 E.00801
;WIDTH:0.463091
G1 F6000
G1 X116.765 Y133.565 E.00716
;WIDTH:0.413636
G1 X116.551 Y133.595 E.00632
;WIDTH:0.364182
G1 X116.337 Y133.625 E.00548
;WIDTH:0.314728
G1 X116.124 Y133.654 E.00463
;WIDTH:0.265273
G1 X115.91 Y133.684 E.00379
;WIDTH:0.215819
G1 X115.696 Y133.713 E.00295
;WIDTH:0.190407
G1 X115.69 Y133.714 E.00007
;WIDTH:0.16562
G1 X115.433 Y133.739 E.00251
;WIDTH:0.14152
G1 X115.176 Y133.765 E.00201
G1 X113.794 Y133.901 F18000
;WIDTH:0.573189
G1 F4764.217
G1 X113.32 Y133.929 E.0199
;WIDTH:0.525403
G1 F5236.076
G1 X112.846 Y133.957 E.01811
;WIDTH:0.477617
G1 F5811.677
G1 X112.371 Y133.985 E.01631
;WIDTH:0.429119
G1 F6000
G3 X111.883 Y134.013 I-.97 J-12.405 E.01493
;WIDTH:0.386388
G1 X110.944 Y134.032 E.02547
;WIDTH:0.349309
G3 X109.994 Y134.05 I-.944 J-24.177 E.023
G1 E-1.75
;WIPE_START
G1 X110.944 Y134.032 E-.75
;WIPE_END
G1 X110.93 Y133.675 Z2.44 F18000
G1 X110 Y133.711
G1 X108.14 Y133.638
G1 X106.291 Y133.419
G1 X104.465 Y133.056
G1 X102.673 Y132.551
G1 X100.926 Y131.906
G1 X99.235 Y131.127
G1 X97.611 Y130.217
G1 X96.063 Y129.183
G1 X94.601 Y128.03
G1 X93.234 Y126.766
G1 X91.97 Y125.399
G1 X90.817 Y123.937
G1 X89.783 Y122.389
G1 X88.873 Y120.765
G1 X88.094 Y119.074
G1 X87.449 Y117.327
G1 X86.944 Y115.535
G1 X84.844 Y106.836
G1 Z2.24
G1 E2.5 F6000
;TYPE:Sparse infill
;WIDTH:0.45
G1 F6205.95
G2 X83.102 Y107.138 I-.366 J3.065 E.05766
G1 X82.838 Y107.28 E.00967
G3 X82.626 Y107.421 I-1.551 J-2.092 E.00818
G1 X82.529 Y106.891 E.01733
G1 X83.265 Y106.156 E.03343
G1 X84.508 Y106.383 E.04065
G1 X85.243 Y105.648 E.03343
G1 X85.016 Y104.404 E.04065
G1 X85.752 Y103.669 E.03343
G1 X86.361 Y103.78 E.01992
G2 X85.843 Y106.173 I14.939 J4.488 E.0788
G1 X85.752 Y106.156 E.00298
G1 X85.066 Y106.867 E.03176
G3 X85.737 Y107.063 I-.607 J3.328 E.02254
G1 X85.819 Y106.375 E.02227
G1 X82.357 Y90.354 F18000
G1 F6205.95
G1 X82.357 Y91.125 E.02478
G1 X82.756 Y90.726 E.01814
G1 X82.529 Y89.482 E.04065
G1 X83.265 Y88.747 E.03343
G1 X84.508 Y88.974 E.04065
G1 X85.243 Y88.239 E.03343
G1 X85.016 Y86.995 E.04065
G1 X85.654 Y86.357 E.029
G3 X86.995 Y86.487 I.316 J3.74 E.04356
G1 X87.125 Y86.357 E.00588
G1 X87.938 Y86.357 E.02615
G1 X85.451 Y86.357 F18000
G1 F6205.95
G1 X84.638 Y86.357 E.02615
G1 X84.508 Y86.487 E.00588
G2 X83.167 Y86.357 I-1.025 J3.61 E.04356
G1 X82.529 Y86.995 E.029
G1 X82.756 Y88.239 E.04065
G1 X82.357 Y88.638 E.01814
G1 X82.357 Y87.867 E.02478
; stop printing object base_plate.stl id:0 copy 0
M106 S135
;LAYER_CHANGE
;Z:2.44
;HEIGHT:0.2
G92 E0 ; zero the extruded length again
; BEFORE_LAYER_CHANGE 11 @ 2.44mm
G1 E-1.75 F6000
;WIPE_START
G1 F6205.95
G1 X82.357 Y88.638 E-.57803
G1 X82.52 Y88.475 E-.17197
;WIPE_END
; AFTER_LAYER_CHANGE 11 @ 2.44mm
;_SET_FAN_SPEED_CHANGING_LAYER
; printing object base_plate.stl id:0 copy 0
G17
G3 Z2.64 I-.601 J.097 P1  F18000
G1 X86.581 Y113.709 Z2.64
G1 X86.944 Y115.535
G1 X87.449 Y117.327
G1 X88.094 Y119.074
G1 X88.873 Y120.765
G1 X89.783 Y122.389
G1 X90.817 Y123.937
G1 X91.97 Y125.399
G1 X93.234 Y126.766
G1 X94.601 Y128.03
G1 X96.063 Y129.183
G1 X97.611 Y130.217
G1 X99.235 Y131.127
G1 X100.926 Y131.906
G1 X102.673 Y132.551
G1 X104.465 Y133.056
G1 X106.291 Y133.419
G1 X108.14 Y133.638
G1 X110 Y133.711
G1 X111.86 Y133.638
G1 X113.709 Y133.419
G1 X115.535 Y133.056
G1 X117.327 Y132.551
G1 X119.074 Y131.906
G1 X120.765 Y131.127
G1 X122.389 Y130.217
G1 X123.937 Y129.183
G1 X125.399 Y128.03
G1 X126.766 Y126.766
G1 X127.749 Y125.703
G1 X138.389 Y134.389
G1 X138.79 Y134.79
G1 Z2.44
G1 E2.5 F6000
M204 P1000
;TYPE:Outer wall
;WIDTH:0.42
G1 F3600
G1 X81.21 Y134.79 E1.71511
G1 X81.21 Y85.21 E1.47682
G1 X138.79 Y85.21 E1.71511
G1 X138.79 Y134.73 E1.47503
G1 X138.389 Y134.389 F18000
G1 X138.389 Y134.389
G1 X138.398 Y134.398
M204 P1500
;TYPE:Inner wall
;WIDTH:0.45
G1 F6000
G1 X81.602 Y134.398 E1.82635
G1 X81.602 Y85.602 E1.5691
G1 X138.398 Y85.602 E1.82635
G1 X138.398 Y134.338 E1.56717
G1 E-1.75
;WIPE_START
G1 X137.398 Y134.339 E-.75
;WIPE_END
G1 X133.583 Y134.246 Z2.64 F18000
G1 X113.986 Y133.771 Z2.64
G1 Z2.44
G1 E2.5 F6000
G1 X115.628 Y133.444 E.05385
G1 X117.45 Y132.93 E.06088
G1 X119.227 Y132.275 E.06088
G1 X120.946 Y131.482 E.06088
G1 X122.597 Y130.557 E.06088
G1 X124.172 Y129.505 E.06088
G1 X125.658 Y128.333 E.06088
G1 X127.048 Y127.048 E.06088
G1 X128.333 Y125.658 E.06088
G1 X129.505 Y124.172 E.06088
G1 X130.557 Y122.597 E.06088
G1 X131.482 Y120.946 E.06088
G1 X132.275 Y119.227 E.06088
G1 X132.93 Y117.45 E.06088
G1 X133.444 Y115.628 E.06088
G1 X133.813 Y113.772 E.06087
G1 X134.036 Y111.892 E.06088
G1 X134.11 Y110 E.06088
G1 X134.036 Y108.108 E.06088
G1 X133.813 Y106.228 E.06088
G1 X133.444 Y104.372 E.06087
G1 X132.93 Y102.55 E.06088
G1 X132.275 Y100.773 E.06088
G1 X131.482 Y99.054 E.06088
G1 X130.557 Y97.403 E.06088
G1 X129.505 Y95.828 E.06088
G1 X128.333 Y94.342 E.06088
G1 X127.048 Y92.952 E.06088
G1 X125.658 Y91.667 E.06088
G1 X124.172 Y90.495 E.06088
G1 X122.597 Y89.443 E.06088
G1 X120.946 Y88.518 E.06088
G1 X119.227 Y87.725 E.06088
G1 X117.45 Y87.07 E.06088
G1 X115.628 Y86.556 E.06088
G1 X113.986 Y86.229 E.05385
G1 X114.008 Y86.009 E.00712
G1 X137.991 Y86.009 E.77121
G1 X137.991 Y133.991 E1.54292
G1 X114.008 Y133.991 E.77122
G1 X113.992 Y133.83 E.00519
G1 E-1.75
;WIPE_START
G1 X114.965 Y133.6 E-.75
;WIPE_END
G1 X111.149 Y133.673 Z2.64 F18000
G1 X106.014 Y133.771 Z2.64
G1 Z2.44
G1 E2.5 F6000
G1 X105.992 Y133.991 E.00712
G1 X82.009 Y133.991 E.77122
G1 X82.009 Y86.009 E1.54292
G1 X105.992 Y86.009 E.77121
G1 X106.014 Y86.229 E.00712
G1 X104.372 Y86.556 E.05385
G1 X102.55 Y87.07 E.06088
G1 X100.773 Y87.725 E.06088
G1 X99.054 Y88.518 E.06088
G1 X97.403 Y89.443 E.06088
G1 X95.828 Y90.495 E.06088
G1 X94.342 Y91.667 E.06088
G1 X92.952 Y92.952 E.06088
G1 X91.667 Y94.342 E.06088
G1 X90.495 Y95.828 E.06088
G1 X89.443 Y97.403 E.06088
G1 X88.518 Y99.054 E.06088
G1 X87.725 Y100.773 E.06088
G1 X87.07 Y102.55 E.06088
G1 X86.556 Y104.372 E.06088
G1 X86.187 Y106.228 E.06087
G1 X85.964 Y108.108 E.06088
G1 X85.89 Y110 E.06088
G1 X85.964 Y111.892 E.06088
G1 X86.187 Y113.772 E.06088
G1 X86.556 Y115.628 E.06087
G1 X87.07 Y117.45 E.06088
G1 X87.725 Y119.227 E.06088
G1 X88.518 Y120.946 E.06088
G1 X89.443 Y122.597 E.06088
G1 X90.495 Y124.172 E.06088
G1 X91.667 Y125.658 E.06088
G1 X92.952 Y127.048 E.06088
G1 X94.342 Y128.333 E.06088
G1 X95.828 Y129.505 E.06088
G1 X97.403 Y130.557 E.06088
G1 X99.054 Y131.482 E.06088
G1 X100.773 Y132.275 E.06088
G1 X102.55 Y132.93 E.06088
G1 X104.372 Y133.444 E.06088
G1 X105.955 Y133.759 E.05192
G1 E-1.75
;WIPE_START
G1 X105.992 Y133.991 E-.17623
G1 X105.227 Y133.991 E-.57377
;WIPE_END
G1 X105.377 Y133.238 Z2.64 F18000
G1 X106.291 Y133.419
G1 X108.14 Y133.638
G1 X109.671 Y133.698
G1 X109.984 Y133.711
G1 X110 Y133.31
G1 Z2.44
G1 E2.5 F6000
M204 P1000
;TYPE:Outer wall
;WIDTH:0.42
G1 F3600
G1 X111.829 Y133.238 E.05452
G1 X113.647 Y133.023 E.05452
G1 X115.442 Y132.666 E.05452
G1 X117.203 Y132.169 E.05452
G1 X118.92 Y131.536 E.05452
G1 X120.583 Y130.77 E.05452
G1 X122.18 Y129.875 E.05452
G1 X123.701 Y128.858 E.05452
G1 X125.139 Y127.725 E.05452
G1 X126.483 Y126.483 E.05452
G1 X127.725 Y125.139 E.05452
G1 X128.858 Y123.701 E.05452
G1 X129.875 Y122.18 E.05452
G1 X130.77 Y120.583 E.05452
G1 X131.536 Y118.92 E.05452
G1 X132.169 Y117.203 E.05452
G1 X132.666 Y115.442 E.05452
G1 X133.023 Y113.647 E.05452
G1 X133.238 Y111.829 E.05452
G1 X133.31 Y110 E.05452
G1 X133.238 Y108.171 E.05452
G1 X133.023 Y106.353 E.05452
G1 X132.666 Y104.558 E.05452
G1 X132.169 Y102.797 E.05452
G1 X131.536 Y101.08 E.05452
G1 X130.77 Y99.417 E.05452
G1 X129.875 Y97.82 E.05452
G1 X128.858 Y96.299 E.05452
G1 X127.725 Y94.861 E.05452
G1 X126.483 Y93.517 E.05452
G1 X125.139 Y92.275 E.05452
G1 X123.701 Y91.142 E.05452
G1 X122.18 Y90.125 E.05452
G1 X120.583 Y89.23 E.05452
G1 X118.92 Y88.464 E.05452
G1 X117.203 Y87.831 E.05452
G1 X115.442 Y87.334 E.05452
G1 X113.647 Y86.977 E.05452
G1 X111.829 Y86.762 E.05452
G1 X110 Y86.69 E.05452
G1 X109.783 Y86.698 E.00646
G1 X108.171 Y86.762 E.04806
G1 X106.353 Y86.977 E.05452
G1 X104.558 Y87.334 E.05452
G1 X102.797 Y87.831 E.05452
G1 X101.08 Y88.464 E.05452
G1 X99.417 Y89.23 E.05452
G1 X97.82 Y90.125 E.05452
G1 X96.299 Y91.142 E.05452
G1 X94.861 Y92.275 E.05452
G1 X93.517 Y93.517 E.05452
G1 X92.275 Y94.861 E.05452
G1 X91.142 Y96.299 E.05452
G1 X90.125 Y97.82 E.05452
G1 X89.23 Y99.417 E.05452
G1 X88.464 Y101.08 E.05452
G1 X87.831 Y102.797 E.05452
G1 X87.334 Y104.558 E.05452
G1 X86.977 Y106.353 E.05452
G1 X86.762 Y108.171 E.05452
G1 X86.69 Y110 E.05452
G1 X86.762 Y111.829 E.05452
G1 X86.977 Y113.647 E.05452
G1 X87.334 Y115.442 E.05452
G1 X87.831 Y117.203 E.05452
G1 X88.464 Y118.92 E.05452
G1 X89.23 Y120.583 E.05452
G1 X90.125 Y122.18 E.05452
G1 X91.142 Y123.701 E.05452
G1 X92.275 Y125.139 E.05452
G1 X93.517 Y126.483 E.05452
G1 X94.861 Y127.725 E.05452
G1 X96.299 Y128.858 E.05452
G1 X97.82 Y129.875 E.05452
G1 X99.417 Y130.77 E.05452
G1 X101.08 Y131.536 E.05452
G1 X102.797 Y132.169 E.05452
G1 X104.558 Y132.666 E.05452
G1 X106.353 Y133.023 E.05452
G1 X108.171 Y133.238 E.05452
G1 X109.94 Y133.308 E.05273
G1 X109.924 Y133.708 F18000
G1 X109.985 Y133.711
G1 X109.985 Y133.702
M204 P1500
;TYPE:Inner wall
;WIDTH:0.45
G1 F6000
G1 X110 Y133.703 E.00047
G1 X111.86 Y133.63 E.05985
G1 X113.708 Y133.411 E.05985
G1 X115.533 Y133.048 E.05985
G1 X117.325 Y132.543 E.05985
G1 X119.071 Y131.898 E.05985
G1 X120.761 Y131.119 E.05985
G1 X122.385 Y130.21 E.05985
G1 X123.932 Y129.176 E.05985
G1 X125.394 Y128.024 E.05985
G1 X126.76 Y126.76 E.05985
G1 X128.024 Y125.394 E.05985
G1 X129.176 Y123.932 E.05985
G1 X130.21 Y122.385 E.05985
G1 X131.119 Y120.761 E.05985
G1 X131.898 Y119.071 E.05985
G1 X132.543 Y117.325 E.05985
G1 X133.048 Y115.533 E.05985
G1 X133.411 Y113.708 E.05985
G1 X133.63 Y111.86 E.05985
G1 X133.703 Y110 E.05985
G1 X133.63 Y108.14 E.05985
G1 X133.411 Y106.292 E.05985
G1 X133.048 Y104.467 E.05985
G1 X132.543 Y102.675 E.05985
G1 X131.898 Y100.929 E.05985
G1 X131.119 Y99.239 E.05985
G1 X130.21 Y97.615 E.05985
G1 X129.176 Y96.068 E.05985
G1 X128.024 Y94.606 E.05985
G1 X126.76 Y93.24 E.05985
G1 X125.394 Y91.976 E.05985
G1 X123.932 Y90.824 E.05985
G1 X122.385 Y89.79 E.05985
G1 X120.761 Y88.881 E.05985
G1 X119.071 Y88.102 E.05985
G1 X117.325 Y87.457 E.05985
G1 X115.533 Y86.952 E.05985
G1 X113.708 Y86.589 E.05985
G1 X111.86 Y86.37 E.05985
G1 X110 Y86.297 E.05985
G1 X109.768 Y86.306 E.00747
G1 X108.14 Y86.37 E.05238
G1 X106.292 Y86.589 E.05985
G1 X104.467 Y86.952 E.05985
G1 X102.675 Y87.457 E.05985
G1 X100.929 Y88.102 E.05985
G1 X99.239 Y88.881 E.05985
G1 X97.615 Y89.79 E.05985
G1 X96.068 Y90.824 E.05985
G1 X94.606 Y91.976 E.05985
G1 X93.24 Y93.24 E.05985
G1 X91.976 Y94.606 E.05985
G1 X90.824 Y96.068 E.05985
G1 X89.79 Y97.615 E.05985
G1 X88.881 Y99.239 E.05985
G1 X88.102 Y100.929 E.05985
G1 X87.457 Y102.675 E.05985
G1 X86.952 Y104.467 E.05985
G1 X86.589 Y106.292 E.05985
G1 X86.37 Y108.14 E.05985
G1 X86.297 Y110 E.05985
G1 X86.37 Y111.86 E.05985
G1 X86.589 Y113.708 E.05985
G1 X86.952 Y115.533 E.05985
G1 X87.457 Y117.325 E.05985
G1 X88.102 Y119.071 E.05985
G1 X88.881 Y120.761 E.05985
G1 X89.79 Y122.385 E.05985
G1 X90.824 Y123.932 E.05985
G1 X91.976 Y125.394 E.05985
G1 X93.24 Y126.76 E.05985
G1 X94.606 Y128.024 E.05985
G1 X96.068 Y129.176 E.05985
G1 X97.615 Y130.21 E.05985
G1 X99.239 Y131.119 E.05985
G1 X100.929 Y131.898 E.05985
G1 X102.675 Y132.543 E.05985
G1 X104.467 Y133.048 E.05985
G1 X106.292 Y133.411 E.05985
G1 X108.14 Y133.63 E.05985
G1 X109.926 Y133.7 E.05745
G1 X109.994 Y134.05 F18000
M204 P2000
;TYPE:Gap infill
;WIDTH:0.349309
G1 F6000
G2 X110.944 Y134.032 I.006 J-24.196 E.023
;WIDTH:0.386388
G1 X111.883 Y134.013 E.02547
;WIDTH:0.429119
G2 X112.371 Y133.985 I-.481 J-12.434 E.01493
;WIDTH:0.477617
G1 F5811.677
G1 X112.846 Y133.957 E.01631
;WIDTH:0.525403
G1 F5236.076
G1 X113.32 Y133.929 E.01811
;WIDTH:0.573189
G1 F4764.217
G1 X113.794 Y133.901 E.0199
G1 X115.176 Y133.765 F18000
;WIDTH:0.14152
G1 F6000
G1 X115.433 Y133.739 E.00201
;WIDTH:0.16562
G1 X115.69 Y133.714 E.00251
;WIDTH:0.190407
G1 X115.696 Y133.713 E.00007
;WIDTH:0.215819
G1 X115.91 Y133.684 E.00295
;WIDTH:0.265273
G1 X116.124 Y133.654 E.00379
;WIDTH:0.314728
G1 X116.337 Y133.625 E.00463
;WIDTH:0.364182
G1 X116.551 Y133.595 E.00548
;WIDTH:0.413636
G1 X116.765 Y133.565 E.00632
;WIDTH:0.463091
G1 X116.979 Y133.536 E.00716
;WIDTH:0.512545
G1 F5379.434
G1 X117.192 Y133.506 E.00801
G1 X109.994 Y134.05 F18000
;WIDTH:0.349528
G1 F6000
G1 X109.056 Y134.032 E.02274
;WIDTH:0.386671
G3 X108.103 Y134.013 I.008 J-24.29 E.02588
;WIDTH:0.42983
G1 X107.629 Y133.985 E.01452
;WIDTH:0.477616
G1 F5811.684
G1 X107.154 Y133.957 E.01631
;WIDTH:0.525403
G1 F5236.075
G1 X106.68 Y133.929 E.01811
;WIDTH:0.549296
G1 F4989.011
G1 X106.206 Y133.901 E.019
G1 X104.824 Y133.765 F18000
;WIDTH:0.11742
G1 F6000
G1 X104.567 Y133.739 E.00152
;WIDTH:0.166168
G1 X104.304 Y133.713 E.00257
;WIDTH:0.215819
G1 X104.09 Y133.684 E.00295
;WIDTH:0.265274
G1 X103.876 Y133.654 E.00379
;WIDTH:0.314728
G1 X103.663 Y133.625 E.00463
;WIDTH:0.364182
G1 X103.449 Y133.595 E.00548
;WIDTH:0.413636
G1 X103.235 Y133.565 E.00632
;WIDTH:0.463091
G1 X103.021 Y133.536 E.00716
;WIDTH:0.487818
G1 F5678.425
G1 X102.808 Y133.506 E.00758
G1 X102.341 Y133.224 F18000
;TYPE:Sparse infill
;WIDTH:0.45
G1 F6205.95
G2 X102.488 Y133.275 I.393 J-.91 E.00501
G1 X102.437 Y133.643 E.01195
G1 X101.254 Y133.643 E.03805
G1 X101.917 Y133.386 E.02286
G1 X102.15 Y133.154 E.01058
G3 X100.071 Y132.334 I4.167 J-13.621 E.07194
G1 X99.812 Y133.005 E.02312
G1 X99.43 Y133.386 E.01736
G1 X98.767 Y133.643 E.02286
G1 X97.144 Y133.643 E.05218
G1 X94.657 Y133.643 F18000
G1 F6205.95
G1 X96.28 Y133.643 E.05218
G1 X96.943 Y133.386 E.02286
G1 X97.325 Y133.005 E.01736
G1 X97.805 Y131.761 E.04286
G1 X98.177 Y131.39 E.0169
G3 X97.081 Y130.761 I3.445 J-7.273 E.04065
G1 X96.943 Y130.899 E.00628
G1 X95.7 Y131.38 E.04286
G1 X95.318 Y131.761 E.01736
G1 X94.838 Y133.005 E.04286
G1 X94.456 Y133.386 E.01736
G1 X93.793 Y133.643 E.02286
G1 X92.17 Y133.643 E.05218
G1 X89.683 Y133.643 F18000
G1 F6205.95
G1 X91.306 Y133.643 E.05218
G1 X91.969 Y133.386 E.02286
G1 X92.351 Y133.005 E.01736
G1 X92.831 Y131.761 E.04286
G1 X93.213 Y131.38 E.01736
G1 X94.456 Y130.899 E.04286
G1 X94.838 Y130.518 E.01736
G1 X95.237 Y129.483 E.03567
G3 X94.074 Y128.56 I5.289 J-7.862 E.0478
G1 X93.213 Y128.893 E.02969
G1 X92.831 Y129.274 E.01736
G1 X92.351 Y130.518 E.04286
G1 X91.969 Y130.899 E.01736
G1 X90.726 Y131.38 E.04286
G1 X90.344 Y131.761 E.01736
G1 X89.864 Y133.005 E.04286
G1 X89.482 Y133.386 E.01736
G1 X88.819 Y133.643 E.02286
G1 X87.196 Y133.643 E.05218
G1 X84.709 Y133.643 F18000
G1 F6205.95
G1 X86.332 Y133.643 E.05218
G1 X86.995 Y133.386 E.02286
G1 X87.377 Y133.005 E.01736
G1 X87.857 Y131.761 E.04286
G1 X88.239 Y131.38 E.01736
G1 X89.482 Y130.899 E.04286
G1 X89.864 Y130.518 E.01736
G1 X90.344 Y129.274 E.04286
G1 X90.726 Y128.893 E.01736
G1 X91.969 Y128.412 E.04286
G1 X92.351 Y128.031 E.01736
G1 X92.656 Y127.241 E.02721
G1 X91.579 Y126.076 E.05102
G1 X90.726 Y126.406 E.02941
G1 X90.344 Y126.787 E.01736
G1 X89.864 Y128.031 E.04286
G1 X89.482 Y128.412 E.01736
G1 X88.239 Y128.893 E.04286
G1 X87.857 Y129.274 E.01736
G1 X87.377 Y130.518 E.04286
G1 X86.995 Y130.899 E.01736
G1 X85.752 Y131.38 E.04286
G1 X85.37 Y131.761 E.01736
G1 X84.89 Y133.005 E.04286
G1 X84.508 Y133.386 E.01736
G1 X83.845 Y133.643 E.02286
G1 X82.357 Y133.643 E.04784
G1 X82.357 Y133.05 E.01905
G1 X82.883 Y131.761 E.04476
G1 X83.265 Y131.38 E.01736
G1 X84.508 Y130.899 E.04286
G1 X84.89 Y130.518 E.01736
G1 X85.37 Y129.274 E.04286
G1 X85.752 Y128.893 E.01736
G1 X86.995 Y128.412 E.04286
G1 X87.377 Y128.031 E.01736
G1 X87.857 Y126.787 E.04286
G1 X88.239 Y126.406 E.01736
G1 X89.482 Y125.925 E.04286
G1 X89.864 Y125.544 E.01736
G1 X90.281 Y124.463 E.03725
G3 X89.544 Y123.376 I6.534 J-5.221 E.04227
G1 X88.239 Y123.919 E.04547
G1 X87.857 Y124.3 E.01736
G1 X87.377 Y125.544 E.04286
G1 X86.995 Y125.925 E.01736
G1 X85.752 Y126.406 E.04286
G1 X85.37 Y126.787 E.01736
G1 X84.89 Y128.031 E.04286
G1 X84.508 Y128.412 E.01736
G1 X83.265 Y128.893 E.04286
G1 X82.883 Y129.274 E.01736
G1 X82.357 Y130.563 E.04476
G1 X82.357 Y132.218 E.05322
G1 X89.431 Y123.207 F18000
G1 F6205.95
G3 X88.364 Y121.383 I11.052 J-7.693 E.06802
G1 X88.239 Y121.432 E.00431
G1 X87.857 Y121.813 E.01736
G1 X87.377 Y123.057 E.04286
G1 X86.995 Y123.438 E.01736
G1 X85.752 Y123.919 E.04286
G1 X85.37 Y124.3 E.01736
G1 X84.89 Y125.544 E.04286
G1 X84.508 Y125.925 E.01736
G1 X83.265 Y126.406 E.04286
G1 X82.883 Y126.787 E.01736
G1 X82.357 Y128.076 E.04476
G1 X82.357 Y129.731 E.05322
G1 X82.357 Y127.244 F18000
G1 F6205.95
G1 X82.357 Y125.589 E.05322
G1 X82.883 Y124.3 E.04476
G1 X83.265 Y123.919 E.01736
G1 X84.508 Y123.438 E.04286
G1 X84.89 Y123.057 E.01736
G1 X85.37 Y121.813 E.04286
G1 X85.752 Y121.432 E.01736
G1 X86.995 Y120.951 E.04286
G1 X87.377 Y120.57 E.01736
G1 X87.643 Y119.88 E.02377
G3 X87.052 Y118.408 I9.061 J-4.493 E.05108
G1 X85.752 Y118.945 E.04524
G1 X85.37 Y119.326 E.01736
G1 X84.89 Y120.57 E.04286
G1 X84.508 Y120.951 E.01736
G1 X83.265 Y121.432 E.04286
G1 X82.883 Y121.813 E.01736
G1 X82.357 Y123.102 E.04476
G1 X82.357 Y124.757 E.05322
G1 X82.357 Y117.296 F18000
G1 F6205.95
G1 X82.357 Y115.641 E.05322
G1 X82.883 Y114.352 E.04476
G1 X83.265 Y113.971 E.01736
G1 X84.508 Y113.49 E.04286
G1 X84.833 Y113.166 E.01476
G2 X85.737 Y112.937 I-.346 J-3.276 E.03011
G2 X85.863 Y113.928 I6.357 J-.302 E.03213
G1 X85.752 Y113.971 E.00383
G1 X85.37 Y114.352 E.01736
G1 X84.89 Y115.596 E.04286
G1 X84.508 Y115.977 E.01736
G1 X83.265 Y116.458 E.04286
G1 X82.883 Y116.839 E.01736
G1 X82.357 Y118.128 E.04476
G1 X82.357 Y119.783 E.05322
G1 X82.357 Y122.27 F18000
G1 F6205.95
G1 X82.357 Y120.615 E.05322
G1 X82.883 Y119.326 E.04476
G1 X83.265 Y118.945 E.01736
G1 X84.508 Y118.464 E.04286
G1 X84.89 Y118.083 E.01736
G1 X85.37 Y116.839 E.04286
G3 X86.362 Y116.222 I1.193 J.811 E.03867
G3 X85.903 Y114.127 I13.077 J-3.965 E.06903
G1 X84.63 Y113.183 F18000
G1 F6205.95
G3 X82.613 Y112.569 I-.087 J-3.335 E.06896
G1 X82.357 Y113.154 E.02053
G1 X82.357 Y114.809 E.05322
G1 X85.176 Y111.421 F18000
;TYPE:Internal solid infill
;WIDTH:0.419999
G1 F6000
G1 X85.121 Y109.978 E.04302
G1 X85.2 Y108.026 E.05819
G1 X85.237 Y107.714 E.00937
G2 X83.4 Y107.85 I-.748 J2.361 E.05619
G1 X82.931 Y108.164 E.01682
G1 X82.778 Y108.316 E.00642
G1 X82.778 Y111.686 E.10039
G1 X83.238 Y112.059 E.01761
G1 X83.757 Y112.298 E.01703
G1 X84.212 Y112.389 E.01381
G1 X84.76 Y112.395 E.01634
G1 X85.237 Y112.288 E.01455
G1 X85.18 Y111.481 E.02412
G1 X84.824 Y111.999 F18000
G1 F6000
G1 X84.744 Y109.963 E.0607
G1 X84.824 Y108 E.05853
G1 X84.45 Y107.965 E.01116
G1 X83.949 Y108.042 E.0151
G1 X83.51 Y108.23 E.01421
G1 X83.155 Y108.49 E.01312
G1 X83.155 Y111.519 E.09021
G1 X83.494 Y111.762 E.01242
G1 X83.947 Y111.956 E.01468
G1 X84.225 Y112.012 E.00845
G1 X84.765 Y112.01 E.01607
G1 X84.43 Y111.642 F18000
G1 F6000
G1 X84.368 Y109.948 E.05048
G1 X84.431 Y108.345 E.0478
G1 X83.991 Y108.424 E.0133
G2 X83.532 Y108.668 I.47 J1.431 E.01556
G1 X83.532 Y111.333 E.07938
G1 X83.977 Y111.57 E.01501
G2 X84.37 Y111.64 I.361 J-.891 E.01196
G1 X83.97 Y108.905 F18000
;WIDTH:0.522063
G1 F5272.577
G2 X83.969 Y111.024 I26.974 J1.078 E.08024
G1 X85.647 Y107.453 F18000
;WIDTH:0.419999
G1 F6000
G1 X85.098 Y107.281 E.01714
G2 X83.091 Y107.603 I-.6 J2.677 E.06202
G1 X82.635 Y107.926 E.01666
G1 X82.401 Y108.16 E.00984
G1 X82.401 Y111.843 E.1097
G1 X82.921 Y112.291 E.02044
G2 X84.73 Y112.785 I1.66 J-2.52 E.0568
G1 X85.252 Y112.686 E.01583
G1 X85.646 Y112.537 E.01253
G3 X85.498 Y109.993 I29.34 J-2.983 E.07594
G1 X85.574 Y108.07 E.05731
G1 X85.64 Y107.513 E.01672
G1 X89.834 Y96.19 F18000
;TYPE:Sparse infill
;WIDTH:0.45
G1 F6205.95
G2 X88.05 Y99.237 I22.046 J14.954 E.11364
G1 X87.857 Y99.43 E.00878
G1 X87.377 Y100.674 E.04286
G1 X86.995 Y101.055 E.01736
G1 X85.752 Y101.536 E.04286
G1 X85.37 Y101.917 E.01736
G1 X84.89 Y103.161 E.04286
G1 X84.508 Y103.542 E.01736
G1 X83.265 Y104.023 E.04286
G1 X82.883 Y104.404 E.01736
G1 X82.357 Y105.693 E.04476
G1 X82.357 Y107.643 E.0627
G2 X82.883 Y106.891 I-.661 J-1.022 E.03024
G1 X83.265 Y106.51 E.01736
G1 X84.508 Y106.029 E.04286
G1 X84.89 Y105.648 E.01736
G1 X85.37 Y104.404 E.04286
G3 X86.359 Y103.788 I1.19 J.809 E.03857
G2 X85.805 Y106.489 I28.349 J7.218 E.08869
G1 X85.353 Y106.935 E.02042
G2 X82.864 Y107.265 I-.866 J3.017 E.08306
G1 X82.357 Y104.861 F18000
G1 F6205.95
G1 X82.357 Y103.206 E.05322
G1 X82.883 Y101.917 E.04476
G1 X83.265 Y101.536 E.01736
G1 X84.508 Y101.055 E.04286
G1 X84.89 Y100.674 E.01736
G1 X85.37 Y99.43 E.04286
G1 X85.752 Y99.049 E.01736
G1 X86.995 Y98.568 E.04286
G1 X87.377 Y98.187 E.01736
G1 X87.857 Y96.943 E.04286
G1 X88.239 Y96.562 E.01736
G1 X89.482 Y96.081 E.04286
G1 X89.864 Y95.7 E.01736
G1 X90.344 Y94.456 E.04286
G1 X90.726 Y94.075 E.01736
G1 X91.836 Y93.646 E.03826
G1 X92.433 Y92.999 E.02831
G1 X92.831 Y91.969 E.03551
G1 X93.213 Y91.588 E.01736
G1 X94.456 Y91.107 E.04286
G1 X94.838 Y90.726 E.01736
G1 X95.318 Y89.482 E.04286
G1 X95.7 Y89.101 E.01736
G1 X96.943 Y88.62 E.04286
G1 X97.325 Y88.239 E.01736
G1 X97.805 Y86.995 E.04286
G1 X98.187 Y86.614 E.01736
G1 X98.85 Y86.357 E.02286
G1 X100.473 Y86.357 E.05218
G1 X100.21 Y87.602 F18000
G1 F6205.95
G3 X102.488 Y86.725 I15.894 J37.93 E.07851
G1 X102.437 Y86.357 E.01195
G1 X101.337 Y86.357 E.03539
G1 X100.674 Y86.614 E.02286
G1 X100.292 Y86.995 E.01736
G1 X100.025 Y87.687 E.02385
G2 X95.281 Y90.483 I8.337 J19.57 E.17758
G1 X85.55 Y86.357 F18000
G1 F6205.95
G1 X83.928 Y86.357 E.05218
G1 X83.265 Y86.614 E.02286
G1 X82.883 Y86.995 E.01736
G1 X82.357 Y88.284 E.04476
G1 X82.357 Y89.939 E.05322
G1 X82.357 Y92.426 F18000
G1 F6205.95
G1 X82.357 Y90.771 E.05322
G1 X82.883 Y89.482 E.04476
G1 X83.265 Y89.101 E.01736
G1 X84.508 Y88.62 E.04286
G1 X84.89 Y88.239 E.01736
G1 X85.37 Y86.995 E.04286
G1 X85.752 Y86.614 E.01736
G1 X86.415 Y86.357 E.02286
G1 X88.037 Y86.357 E.05218
G1 X90.524 Y86.357 F18000
G1 F6205.95
G1 X88.902 Y86.357 E.05218
G1 X88.239 Y86.614 E.02286
G1 X87.857 Y86.995 E.01736
G1 X87.377 Y88.239 E.04286
G1 X86.995 Y88.62 E.01736
G1 X85.752 Y89.101 E.04286
G1 X85.37 Y89.482 E.01736
G1 X84.89 Y90.726 E.04286
G1 X84.508 Y91.107 E.01736
G1 X83.265 Y91.588 E.04286
G1 X82.883 Y91.969 E.01736
G1 X82.357 Y93.258 E.04476
G1 X82.357 Y94.913 E.05322
G1 X82.357 Y97.4 F18000
G1 F6205.95
G1 X82.357 Y95.745 E.05322
G1 X82.883 Y94.456 E.04476
G1 X83.265 Y94.075 E.01736
G1 X84.508 Y93.594 E.04286
G1 X84.89 Y93.213 E.01736
G1 X85.37 Y91.969 E.04286
G1 X85.752 Y91.588 E.01736
G1 X86.995 Y91.107 E.04286
G1 X87.377 Y90.726 E.01736
G1 X87.857 Y89.482 E.04286
G1 X88.239 Y89.101 E.01736
G1 X89.482 Y88.62 E.04286
G1 X89.864 Y88.239 E.01736
G1 X90.344 Y86.995 E.04286
G1 X90.726 Y86.614 E.01736
G1 X91.389 Y86.357 E.02286
G1 X93.011 Y86.357 E.05218
G1 X95.498 Y86.357 F18000
G1 F6205.95
G1 X93.876 Y86.357 E.05218
G1 X93.213 Y86.614 E.02286
G1 X92.831 Y86.995 E.01736
G1 X92.351 Y88.239 E.04286
G1 X91.969 Y88.62 E.01736
G1 X90.726 Y89.101 E.04286
G1 X90.344 Y89.482 E.01736
G1 X89.864 Y90.726 E.04286
G1 X89.482 Y91.107 E.01736
G1 X88.239 Y91.588 E.04286
G1 X87.857 Y91.969 E.01736
G1 X87.377 Y93.213 E.04286
G1 X86.995 Y93.594 E.01736
G1 X85.752 Y94.075 E.04286
G1 X85.37 Y94.456 E.01736
G1 X84.89 Y95.7 E.04286
G1 X84.508 Y96.081 E.01736
G1 X83.265 Y96.562 E.04286
G1 X82.883 Y96.943 E.01736
G1 X82.357 Y98.232 E.04476
G1 X82.357 Y99.887 E.05322
G1 X82.357 Y102.374 F18000
G1 F6205.95
G1 X82.357 Y100.719 E.05322
G1 X82.883 Y99.43 E.04476
G1 X83.265 Y99.049 E.01736
G1 X84.508 Y98.568 E.04286
G1 X84.89 Y98.187 E.01736
G1 X85.37 Y96.943 E.04286
G1 X85.752 Y96.562 E.01736
G1 X86.995 Y96.081 E.04286
G1 X87.377 Y95.7 E.01736
G1 X87.857 Y94.456 E.04286
G1 X88.239 Y94.075 E.01736
G1 X89.482 Y93.594 E.04286
G1 X89.864 Y93.213 E.01736
G1 X90.344 Y91.969 E.04286
G1 X90.726 Y91.588 E.01736
G1 X91.969 Y91.107 E.04286
G1 X92.351 Y90.726 E.01736
G1 X92.831 Y89.482 E.04286
G1 X93.213 Y89.101 E.01736
G1 X94.456 Y88.62 E.04286
G1 X94.838 Y88.239 E.01736
G1 X95.318 Y86.995 E.04286
G1 X95.7 Y86.614 E.01736
G1 X96.363 Y86.357 E.02286
G1 X97.985 Y86.357 E.05218
G1 X102.808 Y86.494 F18000
;TYPE:Gap infill
;WIDTH:0.487817
G1 F5678.432
G1 X103.021 Y86.464 E.00758
;WIDTH:0.463089
G1 F6000
G1 X103.235 Y86.435 E.00716
;WIDTH:0.413634
G1 X103.449 Y86.405 E.00632
;WIDTH:0.364179
G1 X103.663 Y86.375 E.00548
;WIDTH:0.314723
G1 X103.876 Y86.346 E.00463
;WIDTH:0.265268
G1 X104.09 Y86.316 E.00379
;WIDTH:0.215813
G1 X104.304 Y86.287 E.00295
;WIDTH:0.166163
G1 X104.567 Y86.261 E.00257
;WIDTH:0.117418
G1 X104.824 Y86.235 E.00152
G1 X106.206 Y86.099 F18000
;WIDTH:0.549294
G1 F4989.039
G1 X106.68 Y86.071 E.019
;WIDTH:0.5254
G1 F5236.106
G1 X107.154 Y86.043 E.01811
;WIDTH:0.477614
G1 F5811.722
G1 X107.629 Y86.015 E.01631
;WIDTH:0.429827
G1 F6000
G1 X108.103 Y85.987 E.01452
;WIDTH:0.386668
G3 X109.056 Y85.968 I.96 J24.271 E.02588
;WIDTH:0.349524
G1 X109.994 Y85.95 E.02274
;WIDTH:0.349305
G3 X110.944 Y85.968 I.006 J24.196 E.02299
;WIDTH:0.386384
G1 X111.883 Y85.987 E.02547
;WIDTH:0.429114
G3 X112.371 Y86.015 I-.481 J12.434 E.01493
;WIDTH:0.477613
G1 F5811.725
G1 X112.846 Y86.043 E.01631
;WIDTH:0.525401
G1 F5236.102
G1 X113.32 Y86.071 E.01811
;WIDTH:0.573188
G1 F4764.23
G1 X113.794 Y86.099 E.0199
G1 X115.176 Y86.235 F18000
;WIDTH:0.141517
G1 F6000
G1 X115.433 Y86.261 E.00201
;WIDTH:0.165616
G1 X115.69 Y86.286 E.00251
;WIDTH:0.1904
G1 X115.696 Y86.287 E.00007
;WIDTH:0.215814
G1 X115.91 Y86.316 E.00295
;WIDTH:0.265269
G1 X116.124 Y86.346 E.00379
;WIDTH:0.314724
G1 X116.337 Y86.375 E.00463
;WIDTH:0.364179
G1 X116.551 Y86.405 E.00548
;WIDTH:0.413634
G1 X116.765 Y86.435 E.00632
;WIDTH:0.463089
G1 X116.979 Y86.464 E.00716
;WIDTH:0.512544
G1 F5379.443
G1 X117.192 Y86.494 E.00801
G1 X117.659 Y86.776 F18000
;TYPE:Sparse infill
;WIDTH:0.45
G1 F6205.95
G2 X117.512 Y86.725 I-.393 J.91 E.00501
G1 X117.563 Y86.357 E.01195
G1 X118.746 Y86.357 E.03804
G1 X118.083 Y86.614 E.02286
G1 X117.85 Y86.846 E.01058
G3 X119.929 Y87.666 I-4.167 J13.621 E.07194
G1 X120.188 Y86.995 E.02312
G1 X120.57 Y86.614 E.01736
G1 X121.233 Y86.357 E.02286
G1 X122.856 Y86.357 E.05218
G1 X125.343 Y86.357 F18000
G1 F6205.95
G1 X123.72 Y86.357 E.05218
G1 X123.057 Y86.614 E.02286
G1 X122.675 Y86.995 E.01736
G1 X122.195 Y88.239 E.04286
G1 X121.823 Y88.61 E.0169
G3 X122.919 Y89.239 I-3.445 J7.273 E.04065
G1 X123.057 Y89.101 E.00628
G1 X124.3 Y88.62 E.04286
G1 X124.682 Y88.239 E.01736
G1 X125.162 Y86.995 E.04286
G1 X125.544 Y86.614 E.01736
G1 X126.207 Y86.357 E.02286
G1 X127.83 Y86.357 E.05218
G1 X130.317 Y86.357 F18000
G1 F6205.95
G1 X128.694 Y86.357 E.05218
G1 X128.031 Y86.614 E.02286
G1 X127.649 Y86.995 E.01736
G1 X127.169 Y88.239 E.04286
G1 X126.787 Y88.62 E.01736
G1 X125.544 Y89.101 E.04286
G1 X125.162 Y89.482 E.01736
G1 X124.763 Y90.517 E.03567
G3 X125.926 Y91.44 I-5.289 J7.862 E.0478
G1 X126.787 Y91.107 E.02969
G1 X127.169 Y90.726 E.01736
G1 X127.649 Y89.482 E.04286
G1 X128.031 Y89.101 E.01736
G1 X129.274 Y88.62 E.04286
G1 X129.656 Y88.239 E.01736
G1 X130.136 Y86.995 E.04286
G1 X130.518 Y86.614 E.01736
G1 X131.181 Y86.357 E.02286
G1 X132.804 Y86.357 E.05218
G1 X135.291 Y86.357 F18000
G1 F6205.95
G1 X133.668 Y86.357 E.05218
G1 X133.005 Y86.614 E.02286
G1 X132.623 Y86.995 E.01736
G1 X132.143 Y88.239 E.04286
G1 X131.761 Y88.62 E.01736
G1 X130.518 Y89.101 E.04286
G1 X130.136 Y89.482 E.01736
G1 X129.656 Y90.726 E.04286
G1 X129.274 Y91.107 E.01736
G1 X128.031 Y91.588 E.04286
G1 X127.649 Y91.969 E.01736
G1 X127.344 Y92.759 E.02721
G1 X128.421 Y93.924 E.05102
G1 X129.274 Y93.594 E.02941
G1 X129.656 Y93.213 E.01736
G1 X130.136 Y91.969 E.04286
G1 X130.518 Y91.588 E.01736
G1 X131.761 Y91.107 E.04286
G1 X132.143 Y90.726 E.01736
G1 X132.623 Y89.482 E.04286
G1 X133.005 Y89.101 E.01736
G1 X134.248 Y88.62 E.04286
G1 X134.63 Y88.239 E.01736
G1 X135.11 Y86.995 E.04286
G1 X135.492 Y86.614 E.01736
G1 X136.155 Y86.357 E.02286
G1 X137.643 Y86.357 E.04784
G1 X137.643 Y86.95 E.01905
G1 X137.117 Y88.239 E.04476
G1 X136.735 Y88.62 E.01736
G1 X135.492 Y89.101 E.04286
G1 X135.11 Y89.482 E.01736
G1 X134.63 Y90.726 E.04286
G1 X134.248 Y91.107 E.01736
G1 X133.005 Y91.588 E.04286
G1 X132.623 Y91.969 E.01736
G1 X132.143 Y93.213 E.04286
G1 X131.761 Y93.594 E.01736
G1 X130.518 Y94.075 E.04286
G1 X130.136 Y94.456 E.01736
G1 X129.719 Y95.537 E.03725
G3 X130.456 Y96.624 I-6.534 J5.221 E.04227
G1 X131.761 Y96.081 E.04547
G1 X132.143 Y95.7 E.01736
G1 X132.623 Y94.456 E.04286
G1 X133.005 Y94.075 E.01736
G1 X134.248 Y93.594 E.04286
G1 X134.63 Y93.213 E.01736
G1 X135.11 Y91.969 E.04286
G1 X135.492 Y91.588 E.01736
G1 X136.735 Y91.107 E.04286
G1 X137.117 Y90.726 E.01736
G1 X137.643 Y89.437 E.04476
G1 X137.643 Y87.782 E.05322
G1 X137.643 Y90.269 F18000
G1 F6205.95
G1 X137.643 Y91.924 E.05322
G1 X137.117 Y93.213 E.04476
G1 X136.735 Y93.594 E.01736
G1 X135.492 Y94.075 E.04286
G1 X135.11 Y94.456 E.01736
G1 X134.63 Y95.7 E.04286
G1 X134.248 Y96.081 E.01736
G1 X133.005 Y96.562 E.04286
G1 X132.623 Y96.943 E.01736
G1 X132.143 Y98.187 E.04286
G1 X131.761 Y98.568 E.01736
G1 X131.636 Y98.617 E.00431
G2 X130.569 Y96.793 I-12.119 J5.87 E.06802
G1 X137.643 Y95.243 F18000
G1 F6205.95
G1 X137.643 Y96.898 E.05322
G1 X137.117 Y98.187 E.04476
G1 X136.735 Y98.568 E.01736
G1 X135.492 Y99.049 E.04286
G1 X135.11 Y99.43 E.01736
G1 X134.63 Y100.674 E.04286
G1 X134.248 Y101.055 E.01736
G1 X132.948 Y101.592 E.04524
G2 X132.357 Y100.12 I-9.652 J3.02 E.05108
G1 X132.623 Y99.43 E.02377
G1 X133.005 Y99.049 E.01736
G1 X134.248 Y98.568 E.04286
G1 X134.63 Y98.187 E.01736
G1 X135.11 Y96.943 E.04286
G1 X135.492 Y96.562 E.01736
G1 X136.735 Y96.081 E.04286
G1 X137.117 Y95.7 E.01736
G1 X137.643 Y94.411 E.04476
G1 X137.643 Y92.756 E.05322
G1 X134.097 Y105.873 F18000
G1 F6205.95
G2 X133.638 Y103.778 I-13.536 J1.87 E.06903
G2 X134.63 Y103.161 I-.201 J-1.428 E.03867
G1 X135.11 Y101.917 E.04286
G1 X135.492 Y101.536 E.01736
G1 X136.735 Y101.055 E.04286
G1 X137.117 Y100.674 E.01736
G1 X137.643 Y99.385 E.04476
G1 X137.643 Y97.73 E.05322
G1 X137.643 Y100.217 F18000
G1 F6205.95
G1 X137.643 Y101.872 E.05322
G1 X137.117 Y103.161 E.04476
G1 X136.735 Y103.542 E.01736
G1 X135.492 Y104.023 E.04286
G1 X135.11 Y104.404 E.01736
G1 X134.63 Y105.648 E.04286
G1 X134.248 Y106.029 E.01736
G1 X134.137 Y106.072 E.00383
G3 X134.395 Y108.37 I-44.357 J6.131 E.07436
G1 X134.63 Y108.135 E.01071
G1 X135.11 Y106.891 E.04286
G1 X135.492 Y106.51 E.01736
G1 X136.735 Y106.029 E.04286
G1 X137.117 Y105.648 E.01736
G1 X137.643 Y104.359 E.04476
G1 X137.643 Y102.704 E.05322
G1 X137.643 Y105.191 F18000
G1 F6205.95
G1 X137.643 Y106.846 E.05322
G1 X137.117 Y108.135 E.04476
G1 X136.735 Y108.516 E.01736
G1 X135.492 Y108.997 E.04286
G1 X135.11 Y109.378 E.01736
G1 X134.63 Y110.622 E.04286
G1 X134.426 Y110.826 E.00927
G3 X134.195 Y113.511 I-17.172 J-.127 E.08676
G1 X134.63 Y113.109 E.01906
G1 X135.11 Y111.865 E.04286
G1 X135.492 Y111.484 E.01736
G1 X136.735 Y111.003 E.04286
G1 X137.117 Y110.622 E.01736
G1 X137.643 Y109.333 E.04476
G1 X137.643 Y107.678 E.05322
G1 X137.643 Y110.165 F18000
G1 F6205.95
G1 X137.643 Y111.82 E.05322
G1 X137.117 Y113.109 E.04476
G1 X136.735 Y113.49 E.01736
G1 X135.492 Y113.971 E.04286
G1 X135.11 Y114.352 E.01736
G1 X134.63 Y115.596 E.04286
G3 X133.641 Y116.212 I-1.19 J-.809 E.03857
G2 X134.171 Y113.713 I-34.467 J-8.611 E.08215
G1 X137.643 Y117.626 F18000
G1 F6205.95
G1 X137.643 Y119.281 E.05322
G1 X137.117 Y120.57 E.04476
G1 X136.735 Y120.951 E.01736
G1 X135.492 Y121.432 E.04286
G1 X135.11 Y121.813 E.01736
G1 X134.63 Y123.057 E.04286
G1 X134.248 Y123.438 E.01736
G1 X133.005 Y123.919 E.04286
G1 X132.623 Y124.3 E.01736
G1 X132.143 Y125.544 E.04286
G1 X131.761 Y125.925 E.01736
G1 X130.518 Y126.406 E.04286
G1 X130.136 Y126.787 E.01736
G1 X129.656 Y128.031 E.04286
G1 X129.274 Y128.412 E.01736
G1 X128.031 Y128.893 E.04286
G1 X127.649 Y129.274 E.01736
G1 X127.169 Y130.518 E.04286
G1 X126.787 Y130.899 E.01736
G1 X125.544 Y131.38 E.04286
G1 X125.162 Y131.761 E.01736
G1 X124.682 Y133.005 E.04286
G1 X124.3 Y133.386 E.01736
G1 X123.637 Y133.643 E.02286
G1 X122.015 Y133.643 E.05218
G1 X124.502 Y133.643 F18000
G1 F6205.95
G1 X126.124 Y133.643 E.05218
G1 X126.787 Y133.386 E.02286
G1 X127.169 Y133.005 E.01736
G1 X127.649 Y131.761 E.04286
G1 X128.031 Y131.38 E.01736
G1 X129.274 Y130.899 E.04286
G1 X129.656 Y130.518 E.01736
G1 X130.136 Y129.274 E.04286
G1 X130.518 Y128.893 E.01736
G1 X131.761 Y128.412 E.04286
G1 X132.143 Y128.031 E.01736
G1 X132.623 Y126.787 E.04286
G1 X133.005 Y126.406 E.01736
G1 X134.248 Y125.925 E.04286
G1 X134.63 Y125.544 E.01736
G1 X135.11 Y124.3 E.04286
G1 X135.492 Y123.919 E.01736
G1 X136.735 Y123.438 E.04286
G1 X137.117 Y123.057 E.01736
G1 X137.643 Y121.768 E.04476
G1 X137.643 Y120.113 E.05322
G1 X137.643 Y127.574 F18000
G1 F6205.95
G1 X137.643 Y129.229 E.05322
G1 X137.117 Y130.518 E.04476
G1 X136.735 Y130.899 E.01736
G1 X135.492 Y131.38 E.04286
G1 X135.11 Y131.761 E.01736
G1 X134.63 Y133.005 E.04286
G1 X134.248 Y133.386 E.01736
G1 X133.585 Y133.643 E.02286
G1 X131.963 Y133.643 E.05218
G1 X134.45 Y133.643 F18000
G1 F6205.95
G1 X136.072 Y133.643 E.05218
G1 X136.735 Y133.387 E.02286
G1 X137.117 Y133.005 E.01736
G1 X137.643 Y131.716 E.04476
G1 X137.643 Y130.061 E.05322
G1 X129.476 Y133.643 F18000
G1 F6205.95
G1 X131.098 Y133.643 E.05218
G1 X131.761 Y133.386 E.02286
G1 X132.143 Y133.005 E.01736
G1 X132.623 Y131.761 E.04286
G1 X133.005 Y131.38 E.01736
G1 X134.248 Y130.899 E.04286
G1 X134.63 Y130.518 E.01736
G1 X135.11 Y129.274 E.04286
G1 X135.492 Y128.893 E.01736
G1 X136.735 Y128.412 E.04286
G1 X137.117 Y128.031 E.01736
G1 X137.643 Y126.742 E.04476
G1 X137.643 Y125.087 E.05322
G1 X137.643 Y122.6 F18000
G1 F6205.95
G1 X137.643 Y124.255 E.05322
G1 X137.117 Y125.544 E.04476
G1 X136.735 Y125.925 E.01736
G1 X135.492 Y126.406 E.04286
G1 X135.11 Y126.787 E.01736
G1 X134.63 Y128.031 E.04286
G1 X134.248 Y128.412 E.01736
G1 X133.005 Y128.893 E.04286
G1 X132.623 Y129.274 E.01736
G1 X132.143 Y130.518 E.04286
G1 X131.761 Y130.899 E.01736
G1 X130.518 Y131.38 E.04286
G1 X130.136 Y131.761 E.01736
G1 X129.656 Y133.005 E.04286
G1 X129.274 Y133.386 E.01736
G1 X128.611 Y133.643 E.02286
G1 X126.989 Y133.643 E.05218
G1 X124.719 Y129.517 F18000
G1 F6205.95
G3 X119.975 Y132.313 I-13.082 J-16.773 E.17758
G1 X119.708 Y133.005 E.02385
G1 X119.326 Y133.386 E.01736
G1 X118.663 Y133.643 E.02286
G1 X117.563 Y133.643 E.03539
G1 X117.512 Y133.275 E.01195
G2 X119.79 Y132.398 I-13.614 J-38.803 E.07851
G1 X119.527 Y133.643 F18000
G1 F6205.95
G1 X121.15 Y133.643 E.05218
G1 X121.813 Y133.386 E.02286
G1 X122.195 Y133.005 E.01736
G1 X122.675 Y131.761 E.04286
G1 X123.057 Y131.38 E.01736
G1 X124.3 Y130.899 E.04286
G1 X124.682 Y130.518 E.01736
G1 X125.162 Y129.274 E.04286
G1 X125.544 Y128.893 E.01736
G1 X126.787 Y128.412 E.04286
G1 X127.169 Y128.031 E.01736
G1 X127.567 Y127.001 E.03551
G1 X128.164 Y126.354 E.02831
G1 X129.274 Y125.925 E.03826
G1 X129.656 Y125.544 E.01736
G1 X130.136 Y124.3 E.04286
G1 X130.518 Y123.919 E.01736
G1 X131.761 Y123.438 E.04286
G1 X132.143 Y123.057 E.01736
G1 X132.623 Y121.813 E.04286
G1 X133.005 Y121.432 E.01736
G1 X134.248 Y120.951 E.04286
G1 X134.63 Y120.57 E.01736
G1 X135.11 Y119.326 E.04286
G1 X135.492 Y118.945 E.01736
G1 X136.735 Y118.464 E.04286
G1 X137.117 Y118.083 E.01736
G1 X137.643 Y116.794 E.04476
G1 X137.643 Y115.139 E.05322
G1 X137.643 Y112.652 F18000
G1 F6205.95
G1 X137.643 Y114.307 E.05322
G1 X137.117 Y115.596 E.04476
G1 X136.735 Y115.977 E.01736
G1 X135.492 Y116.458 E.04286
G1 X135.11 Y116.839 E.01736
G1 X134.63 Y118.083 E.04286
G1 X134.248 Y118.464 E.01736
G1 X133.005 Y118.945 E.04286
G1 X132.623 Y119.326 E.01736
G1 X132.143 Y120.57 E.04286
G1 X131.95 Y120.763 E.00878
G3 X130.166 Y123.81 I-23.831 J-11.907 E.11364
; stop printing object base_plate.stl id:0 copy 0
M106 S137
;LAYER_CHANGE
;Z:2.64
;HEIGHT:0.2
G92 E0 ; zero the extruded length again
; BEFORE_LAYER_CHANGE 12 @ 2.64mm
G1 E-1.75 F6000
;WIPE_START
G1 F6205.95
G1 X130.721 Y122.979 E-.75
;WIPE_END
; AFTER_LAYER_CHANGE 12 @ 2.64mm
;_SET_FAN_SPEED_CHANGING_LAYER
; printing object base_plate.stl id:0 copy 0
G17
G3 Z2.84 I.338 J-.506 P1  F18000
G1 X130.1 Y122.564 Z2.84
G1 X138.389 Y134.389
G1 X138.79 Y134.79
G1 Z2.64
G1 E2.5 F6000
M204 P1000
;TYPE:Outer wall
;WIDTH:0.42
G1 F3600
G1 X81.21 Y134.79 E1.71511
G1 X81.21 Y85.21 E1.47682
G1 X138.79 Y85.21 E1.71511
G1 X138.79 Y134.73 E1.47503
G1 X138.389 Y134.389 F18000
G1 X138.389 Y134.389
G1 X138.398 Y134.398
M204 P1500
;TYPE:Inner wall
;WIDTH:0.45
G1 F6000
G1 X81.602 Y134.398 E1.82635
G1 X81.602 Y85.602 E1.5691
G1 X138.398 Y85.602 E1.82635
G1 X138.398 Y134.338 E1.56717
G1 E-1.75
;WIPE_START
G1 X137.398 Y134.339 E-.75
;WIPE_END
G1 X133.583 Y134.246 Z2.84 F18000
G1 X113.986 Y133.771 Z2.84
G1 Z2.64
G1 E2.5 F6000
G1 X115.628 Y133.444 E.05385
G1 X117.45 Y132.93 E.06088
G1 X119.227 Y132.275 E.06088
G1 X120.946 Y131.482 E.06088
G1 X122.597 Y130.557 E.06088
G1 X124.172 Y129.505 E.06088
G1 X125.658 Y128.333 E.06088
G1 X127.048 Y127.048 E.06088
G1 X128.333 Y125.658 E.06088
G1 X129.505 Y124.172 E.06088
G1 X130.557 Y122.597 E.06088
G1 X131.482 Y120.946 E.06088
G1 X132.275 Y119.227 E.06088
G1 X132.93 Y117.45 E.06088
G1 X133.444 Y115.628 E.06088
G1 X133.813 Y113.772 E.06087
G1 X134.036 Y111.892 E.06088
G1 X134.11 Y110 E.06088
G1 X134.036 Y108.108 E.06088
G1 X133.813 Y106.228 E.06088
G1 X133.444 Y104.372 E.06087
G1 X132.93 Y102.55 E.06088
G1 X132.275 Y100.773 E.06088
G1 X131.482 Y99.054 E.06088
G1 X130.557 Y97.403 E.06088
G1 X129.505 Y95.828 E.06088
G1 X128.333 Y94.342 E.06088
G1 X127.048 Y92.952 E.06088
G1 X125.658 Y91.667 E.06088
G1 X124.172 Y90.495 E.06088
G1 X122.597 Y89.443 E.06088
G1 X120.946 Y88.518 E.06088
G1 X119.227 Y87.725 E.06088
G1 X117.45 Y87.07 E.06088
G1 X115.628 Y86.556 E.06088
G1 X113.986 Y86.229 E.05385
G1 X114.008 Y86.009 E.00712
G1 X137.991 Y86.009 E.77121
G1 X137.991 Y133.991 E1.54292
G1 X114.008 Y133.991 E.77122
G1 X113.992 Y133.83 E.00519
G1 E-1.75
;WIPE_START
G1 X114.965 Y133.6 E-.75
;WIPE_END
G1 X111.149 Y133.673 Z2.84 F18000
G1 X106.014 Y133.771 Z2.84
G1 Z2.64
G1 E2.5 F6000
G1 X105.992 Y133.991 E.00712
G1 X82.009 Y133.991 E.77122
G1 X82.009 Y86.009 E1.54292
G1 X105.992 Y86.009 E.77121
G1 X106.014 Y86.229 E.00712
G1 X104.372 Y86.556 E.05385
G1 X102.55 Y87.07 E.06088
G1 X100.773 Y87.725 E.06088
G1 X99.054 Y88.518 E.06088
G1 X97.403 Y89.443 E.06088
G1 X95.828 Y90.495 E.06088
G1 X94.342 Y91.667 E.06088
G1 X92.952 Y92.952 E.06088
G1 X91.667 Y94.342 E.06088
G1 X90.495 Y95.828 E.06088
G1 X89.443 Y97.403 E.06088
G1 X88.518 Y99.054 E.06088
G1 X87.725 Y100.773 E.06088
G1 X87.07 Y102.55 E.06088
G1 X86.556 Y104.372 E.06088
G1 X86.187 Y106.228 E.06087
G1 X85.964 Y108.108 E.06088
G1 X85.89 Y110 E.06088
G1 X85.964 Y111.892 E.06088
G1 X86.187 Y113.772 E.06088
G1 X86.556 Y115.628 E.06087
G1 X87.07 Y117.45 E.06088
G1 X87.725 Y119.227 E.06088
G1 X88.518 Y120.946 E.06088
G1 X89.443 Y122.597 E.06088
G1 X90.495 Y124.172 E.06088
G1 X91.667 Y125.658 E.06088
G1 X92.952 Y127.048 E.06088
G1 X94.342 Y128.333 E.06088
G1 X95.828 Y129.505 E.06088
G1 X97.403 Y130.557 E.06088
G1 X99.054 Y131.482 E.06088
G1 X100.773 Y132.275 E.06088
G1 X102.55 Y132.93 E.06088
G1 X104.372 Y133.444 E.06088
G1 X105.955 Y133.759 E.05192
G1 E-1.75
;WIPE_START
G1 X105.992 Y133.991 E-.17623
G1 X105.227 Y133.991 E-.57377
;WIPE_END
G1 X105.377 Y133.238 Z2.84 F18000
G1 X106.291 Y133.419
G1 X108.14 Y133.638
G1 X109.671 Y133.698
G1 X109.984 Y133.711
G1 X110 Y133.31
G1 Z2.64
G1 E2.5 F6000
M204 P1000
;TYPE:Outer wall
;WIDTH:0.42
G1 F3600
G1 X111.829 Y133.238 E.05452
G1 X113.647 Y133.023 E.05452
G1 X115.442 Y132.666 E.05452
G1 X117.203 Y132.169 E.05452
G1 X118.92 Y131.536 E.05452
G1 X120.583 Y130.77 E.05452
G1 X122.18 Y129.875 E.05452
G1 X123.701 Y128.858 E.05452
G1 X125.139 Y127.725 E.05452
G1 X126.483 Y126.483 E.05452
G1 X127.725 Y125.139 E.05452
G1 X128.858 Y123.701 E.05452
G1 X129.875 Y122.18 E.05452
G1 X130.77 Y120.583 E.05452
G1 X131.536 Y118.92 E.05452
G1 X132.169 Y117.203 E.05452
G1 X132.666 Y115.442 E.05452
G1 X133.023 Y113.647 E.05452
G1 X133.238 Y111.829 E.05452
G1 X133.31 Y110 E.05452
G1 X133.238 Y108.171 E.05452
G1 X133.023 Y106.353 E.05452
G1 X132.666 Y104.558 E.05452
G1 X132.169 Y102.797 E.05452
G1 X131.536 Y101.08 E.05452
G1 X130.77 Y99.417 E.05452
G1 X129.875 Y97.82 E.05452
G1 X128.858 Y96.299 E.05452
G1 X127.725 Y94.861 E.05452
G1 X126.483 Y93.517 E.05452
G1 X125.139 Y92.275 E.05452
G1 X123.701 Y91.142 E.05452
G1 X122.18 Y90.125 E.05452
G1 X120.583 Y89.23 E.05452
G1 X118.92 Y88.464 E.05452
G1 X117.203 Y87.831 E.05452
G1 X115.442 Y87.334 E.05452
G1 X113.647 Y86.977 E.05452
G1 X111.829 Y86.762 E.05452
G1 X110 Y86.69 E.05452
G1 X109.663 Y86.703 E.01005
G1 X108.171 Y86.762 E.04447
G1 X106.353 Y86.977 E.05452
G1 X104.558 Y87.334 E.05452
G1 X102.797 Y87.831 E.05452
G1 X101.08 Y88.464 E.05452
G1 X99.417 Y89.23 E.05452
G1 X97.82 Y90.125 E.05452
G1 X96.299 Y91.142 E.05452
G1 X94.861 Y92.275 E.05452
G1 X93.517 Y93.517 E.05452
G1 X92.275 Y94.861 E.05452
G1 X91.142 Y96.299 E.05452
G1 X90.125 Y97.82 E.05452
G1 X89.23 Y99.417 E.05452
G1 X88.464 Y101.08 E.05452
G1 X87.831 Y102.797 E.05452
G1 X87.334 Y104.558 E.05452
G1 X86.977 Y106.353 E.05452
G1 X86.762 Y108.171 E.05452
G1 X86.69 Y110 E.05452
G1 X86.762 Y111.829 E.05452
G1 X86.977 Y113.647 E.05452
G1 X87.334 Y115.442 E.05452
G1 X87.831 Y117.203 E.05452
G1 X88.464 Y118.92 E.05452
G1 X89.23 Y120.583 E.05452
G1 X90.125 Y122.18 E.05452
G1 X91.142 Y123.701 E.05452
G1 X92.275 Y125.139 E.05452
G1 X93.517 Y126.483 E.05452
G1 X94.861 Y127.725 E.05452
G1 X96.299 Y128.858 E.05452
G1 X97.82 Y129.875 E.05452
G1 X99.417 Y130.77 E.05452
G1 X101.08 Y131.536 E.05452
G1 X102.797 Y132.169 E.05452
G1 X104.558 Y132.666 E.05452
G1 X106.353 Y133.023 E.05452
G1 X108.171 Y133.238 E.05452
G1 X109.94 Y133.308 E.05273
G1 X109.924 Y133.708 F18000
G1 X109.985 Y133.711
G1 X109.985 Y133.702
M204 P1500
;TYPE:Inner wall
;WIDTH:0.45
G1 F6000
G1 X110 Y133.703 E.00047
G1 X111.86 Y133.63 E.05985
G1 X113.708 Y133.411 E.05985
G1 X115.533 Y133.048 E.05985
G1 X117.325 Y132.543 E.05985
G1 X119.071 Y131.898 E.05985
G1 X120.761 Y131.119 E.05985
G1 X122.385 Y130.21 E.05985
G1 X123.932 Y129.176 E.05985
G1 X125.394 Y128.024 E.05985
G1 X126.76 Y126.76 E.05985
G1 X128.024 Y125.394 E.05985
G1 X129.176 Y123.932 E.05985
G1 X130.21 Y122.385 E.05985
G1 X131.119 Y120.761 E.05985
G1 X131.898 Y119.071 E.05985
G1 X132.543 Y117.325 E.05985
G1 X133.048 Y115.533 E.05985
G1 X133.411 Y113.708 E.05985
G1 X133.63 Y111.86 E.05985
G1 X133.703 Y110 E.05985
G1 X133.63 Y108.14 E.05985
G1 X133.411 Y106.292 E.05985
G1 X133.048 Y104.467 E.05985
G1 X132.543 Y102.675 E.05985
G1 X131.898 Y100.929 E.05985
G1 X131.119 Y99.239 E.05985
G1 X130.21 Y97.615 E.05985
G1 X129.176 Y96.068 E.05985
G1 X128.024 Y94.606 E.05985
G1 X126.76 Y93.24 E.05985
G1 X125.394 Y91.976 E.05985
G1 X123.932 Y90.824 E.05985
G1 X122.385 Y89.79 E.05985
G1 X120.761 Y88.881 E.05985
G1 X119.071 Y88.102 E.05985
G1 X117.325 Y87.457 E.05985
G1 X115.533 Y86.952 E.05985
G1 X113.708 Y86.589 E.05985
G1 X111.86 Y86.37 E.05985
G1 X110 Y86.297 E.05985
G1 X109.648 Y86.311 E.01134
G1 X108.14 Y86.37 E.04851
G1 X106.292 Y86.589 E.05985
G1 X104.467 Y86.952 E.05985
G1 X102.675 Y87.457 E.05985
G1 X100.929 Y88.102 E.05985
G1 X99.239 Y88.881 E.05985
G1 X97.615 Y89.79 E.05985
G1 X96.068 Y90.824 E.05985
G1 X94.606 Y91.976 E.05985
G1 X93.24 Y93.24 E.05985
G1 X91.976 Y94.606 E.05985
G1 X90.824 Y96.068 E.05985
G1 X89.79 Y97.615 E.05985
G1 X88.881 Y99.239 E.05985
G1 X88.102 Y100.929 E.05985
G1 X87.457 Y102.675 E.05985
G1 X86.952 Y104.467 E.05985
G1 X86.589 Y106.292 E.05985
G1 X86.37 Y108.14 E.05985
G1 X86.297 Y110 E.05985
G1 X86.37 Y111.86 E.05985
G1 X86.589 Y113.708 E.05985
G1 X86.952 Y115.533 E.05985
G1 X87.457 Y117.325 E.05985
G1 X88.102 Y119.071 E.05985
G1 X88.881 Y120.761 E.05985
G1 X89.79 Y122.385 E.05985
G1 X90.824 Y123.932 E.05985
G1 X91.976 Y125.394 E.05985
G1 X93.24 Y126.76 E.05985
G1 X94.606 Y128.024 E.05985
G1 X96.068 Y129.176 E.05985
G1 X97.615 Y130.21 E.05985
G1 X99.239 Y131.119 E.05985
G1 X100.929 Y131.898 E.05985
G1 X102.675 Y132.543 E.05985
G1 X104.467 Y133.048 E.05985
G1 X106.292 Y133.411 E.05985
G1 X108.14 Y133.63 E.05985
G1 X109.926 Y133.7 E.05745
G1 X109.994 Y134.05 F18000
M204 P2000
;TYPE:Gap infill
;WIDTH:0.349309
G1 F6000
G2 X110.944 Y134.032 I.006 J-24.196 E.023
;WIDTH:0.386388
G1 X111.883 Y134.013 E.02547
;WIDTH:0.429119
G2 X112.371 Y133.985 I-.481 J-12.434 E.01493
;WIDTH:0.477617
G1 F5811.677
G1 X112.846 Y133.957 E.01631
;WIDTH:0.525403
G1 F5236.076
G1 X113.32 Y133.929 E.01811
;WIDTH:0.573189
G1 F4764.217
G1 X113.794 Y133.901 E.0199
G1 X115.176 Y133.765 F18000
;WIDTH:0.14152
G1 F6000
G1 X115.433 Y133.739 E.00201
;WIDTH:0.16562
G1 X115.69 Y133.714 E.00251
;WIDTH:0.190407
G1 X115.696 Y133.713 E.00007
;WIDTH:0.215819
G1 X115.91 Y133.684 E.00295
;WIDTH:0.265273
G1 X116.124 Y133.654 E.00379
;WIDTH:0.314728
G1 X116.337 Y133.625 E.00463
;WIDTH:0.364182
G1 X116.551 Y133.595 E.00548
;WIDTH:0.413636
G1 X116.765 Y133.565 E.00632
;WIDTH:0.463091
G1 X116.979 Y133.536 E.00716
;WIDTH:0.512545
G1 F5379.434
G1 X117.192 Y133.506 E.00801
G1 X119.224 Y132.647 F18000
;TYPE:Sparse infill
;WIDTH:0.45
G1 F6205.95
G3 X117.512 Y133.275 I-4.841 J-10.558 E.05869
G1 X117.563 Y133.643 E.01195
G1 X118.689 Y133.643 E.0362
G1 X120.055 Y132.276 E.06213
G2 X125.292 Y129.065 I-8.369 J-19.528 E.19824
G1 X129.065 Y125.292 F18000
G1 F6205.95
G2 X132.276 Y120.055 I-16.317 J-13.607 E.19824
G1 X137.643 Y114.689 E.24403
G1 X137.643 Y112.202 E.07997
G1 X133.645 Y116.2 E.18181
G2 X134.242 Y113.116 I-25.064 J-6.451 E.10107
G1 X137.643 Y109.715 E.15467
G1 X137.643 Y107.228 E.07997
G1 X134.442 Y110.428 E.14556
G2 X134.375 Y108.009 I-40.651 J-.083 E.07786
G1 X137.643 Y104.741 E.14862
G1 X137.643 Y102.254 E.07997
G1 X134.085 Y105.811 E.16178
G2 X133.637 Y103.772 I-13.174 J1.83 E.06719
G1 X137.643 Y99.767 E.18217
G1 X137.643 Y97.279 E.07997
G1 X133.051 Y101.871 E.20881
G2 X132.344 Y100.091 I-11.663 J3.603 E.06165
G1 X137.643 Y94.792 E.24097
G1 X137.643 Y92.305 E.07997
G1 X131.527 Y98.421 E.27812
G2 X130.609 Y96.853 I-10.425 J5.05 E.05851
G1 X137.643 Y89.818 E.31988
G1 X137.643 Y87.331 E.07997
G1 X129.595 Y95.379 E.36598
G2 X128.489 Y93.998 I-9.34 J6.339 E.05696
G1 X136.13 Y86.357 E.34744
G1 X133.643 Y86.357 E.07997
G1 X127.295 Y92.705 E.28867
G1 X126.002 Y91.511 E.05659
G1 X131.156 Y86.357 E.23434
G1 X128.669 Y86.357 E.07997
G1 X124.621 Y90.405 E.18408
G2 X123.147 Y89.391 I-7.173 J8.847 E.05757
G1 X126.182 Y86.357 E.13798
G1 X123.695 Y86.357 E.07997
G1 X121.579 Y88.473 E.09622
G2 X119.909 Y87.656 I-6.027 J10.205 E.05985
G1 X121.208 Y86.357 E.05907
G1 X118.721 Y86.357 E.07997
G1 X118.129 Y86.949 E.02691
G2 X117.512 Y86.725 I-1.729 J3.807 E.02112
G1 X117.563 Y86.357 E.01195
G1 X118.517 Y86.357 E.03068
G1 X117.192 Y86.494 F18000
;TYPE:Gap infill
;WIDTH:0.512544
G1 F5379.443
G1 X116.979 Y86.464 E.00801
;WIDTH:0.463089
G1 F6000
G1 X116.765 Y86.435 E.00716
;WIDTH:0.413634
G1 X116.551 Y86.405 E.00632
;WIDTH:0.364179
G1 X116.337 Y86.375 E.00548
;WIDTH:0.314724
G1 X116.124 Y86.346 E.00463
;WIDTH:0.265269
G1 X115.91 Y86.316 E.00379
;WIDTH:0.215814
G1 X115.696 Y86.287 E.00295
;WIDTH:0.1904
G1 X115.69 Y86.286 E.00007
;WIDTH:0.165616
G1 X115.433 Y86.261 E.00251
;WIDTH:0.141517
G1 X115.176 Y86.235 E.00201
G1 X113.794 Y86.099 F18000
;WIDTH:0.573188
G1 F4764.23
G1 X113.32 Y86.071 E.0199
;WIDTH:0.525401
G1 F5236.102
G1 X112.846 Y86.043 E.01811
;WIDTH:0.477613
G1 F5811.725
G1 X112.371 Y86.015 E.01631
;WIDTH:0.429114
G1 F6000
G2 X111.883 Y85.987 I-.97 J12.406 E.01493
;WIDTH:0.386384
G1 X110.944 Y85.968 E.02547
;WIDTH:0.349305
G2 X109.994 Y85.95 I-.944 J24.177 E.02299
;WIDTH:0.349524
G1 X109.056 Y85.968 E.02274
;WIDTH:0.386668
G2 X108.103 Y85.987 I.008 J24.29 E.02588
;WIDTH:0.429827
G1 X107.629 Y86.015 E.01452
;WIDTH:0.477614
G1 F5811.722
G1 X107.154 Y86.043 E.01631
;WIDTH:0.5254
G1 F5236.106
G1 X106.68 Y86.071 E.01811
;WIDTH:0.549294
G1 F4989.039
G1 X106.206 Y86.099 E.019
G1 X104.824 Y86.235 F18000
;WIDTH:0.117418
G1 F6000
G1 X104.567 Y86.261 E.00152
;WIDTH:0.166163
G1 X104.304 Y86.287 E.00257
;WIDTH:0.215813
G1 X104.09 Y86.316 E.00295
;WIDTH:0.265268
G1 X103.876 Y86.346 E.00379
;WIDTH:0.314723
G1 X103.663 Y86.375 E.00463
;WIDTH:0.364179
G1 X103.449 Y86.405 E.00548
;WIDTH:0.413634
G1 X103.235 Y86.435 E.00632
;WIDTH:0.463089
G1 X103.021 Y86.464 E.00716
;WIDTH:0.487817
G1 F5678.432
G1 X102.808 Y86.494 E.00758
G1 X94.708 Y90.935 F18000
;TYPE:Sparse infill
;WIDTH:0.45
G1 F6205.95
G3 X99.945 Y87.724 I13.607 J16.317 E.19824
G1 X101.311 Y86.357 E.06213
G1 X98.824 Y86.357 E.07997
G1 X82.357 Y102.824 E.74885
G1 X82.357 Y105.311 E.07997
G1 X87.724 Y99.945 E.24403
G3 X90.935 Y94.708 I19.528 J8.369 E.19824
G1 X82.357 Y98.054 F18000
G1 F6205.95
G1 X82.357 Y100.337 E.07343
G1 X96.337 Y86.357 E.63575
G1 X93.85 Y86.357 E.07997
G1 X82.357 Y97.85 E.52265
G1 X82.357 Y95.363 E.07997
G1 X91.363 Y86.357 E.40955
G1 X88.876 Y86.357 E.07997
G1 X82.357 Y92.876 E.29645
G1 X82.357 Y90.389 E.07997
G1 X86.389 Y86.357 E.18336
G1 X83.902 Y86.357 E.07997
G1 X82.357 Y87.902 E.07026
G1 X82.357 Y86.357 E.04968
G1 X83.699 Y86.357 E.04313
G1 X82.357 Y105.515 F18000
G1 F6205.95
G1 X82.357 Y107.643 E.06842
G3 X82.924 Y107.232 I3.084 J3.656 E.02254
G1 X86.355 Y103.8 E.15604
G2 X85.737 Y107.063 I24.72 J6.373 E.10684
G2 X83.692 Y106.925 I-1.221 J2.87 E.06718
G1 X85.177 Y111.442 F18000
;TYPE:Internal solid infill
;WIDTH:0.419999
G1 F6000
G1 X85.121 Y109.978 E.04363
G1 X85.2 Y108.026 E.05819
G1 X85.237 Y107.707 E.00956
G2 X84.422 Y107.589 I-.917 J3.47 E.0246
G1 X83.843 Y107.68 E.01744
G1 X83.411 Y107.844 E.01376
G1 X82.93 Y108.164 E.0172
G1 X82.778 Y108.316 E.00641
G1 X82.778 Y111.686 E.10039
G1 X83.23 Y112.055 E.01737
G1 X83.757 Y112.299 E.0173
G2 X85.086 Y112.342 I.752 J-2.667 E.03999
G1 X85.237 Y112.294 E.00474
G1 X85.181 Y111.501 E.02366
G1 X84.823 Y111.997 F18000
G1 F6000
G1 X84.744 Y109.963 E.06064
G1 X84.823 Y108.003 E.05843
G1 X84.45 Y107.965 E.01116
G1 X83.93 Y108.047 E.01569
G1 X83.518 Y108.225 E.01337
G1 X83.155 Y108.49 E.01338
G1 X83.155 Y111.53 E.09057
G1 X83.471 Y111.751 E.01146
G1 X83.947 Y111.957 E.01546
G1 X84.452 Y112.034 E.01521
G1 X84.764 Y112.003 E.00934
G1 X84.43 Y111.654 F18000
G1 F6000
G1 X84.368 Y109.948 E.05086
G1 X84.431 Y108.345 E.04779
G1 X83.968 Y108.429 E.01399
G1 X83.532 Y108.669 E.01482
G1 X83.532 Y111.342 E.07963
G1 X83.98 Y111.571 E.01496
G1 X84.371 Y111.643 E.01187
G1 X83.97 Y108.903 F18000
;WIDTH:0.522102
G1 F5272.142
G2 X83.969 Y111.024 I26.991 J1.079 E.0803
G1 X85.647 Y107.457 F18000
;WIDTH:0.419999
G1 F6000
G1 X85.148 Y107.282 E.01574
G1 X84.498 Y107.205 E.0195
G1 X83.974 Y107.261 E.0157
G1 X83.375 Y107.45 E.01869
G1 X82.756 Y107.827 E.0216
G1 X82.401 Y108.16 E.01448
G1 X82.401 Y111.843 E.1097
G1 X82.729 Y112.157 E.01353
G2 X83.632 Y112.657 I2.136 J-2.794 E.03086
G1 X84.158 Y112.767 E.01599
G2 X85.646 Y112.542 I.32 J-2.917 E.04536
G3 X85.498 Y109.993 I28.765 J-2.955 E.07609
G1 X85.574 Y108.07 E.05731
G1 X85.64 Y107.517 E.0166
G1 X82.357 Y115.056 F18000
;TYPE:Sparse infill
;WIDTH:0.45
G1 F6205.95
G1 X82.357 Y112.772 E.07343
G1 X82.589 Y112.541 E.01053
G2 X84.433 Y113.184 I1.936 J-2.588 E.0638
G1 X82.357 Y115.259 E.0944
G1 X82.357 Y117.746 E.07997
G1 X85.915 Y114.189 E.16177
G2 X86.363 Y116.228 I13.174 J-1.83 E.06719
G1 X82.357 Y120.233 E.18217
G1 X82.357 Y122.72 E.07997
G1 X86.949 Y118.129 E.20881
G2 X87.656 Y119.909 I11.663 J-3.603 E.06165
G1 X82.357 Y125.208 E.24097
G1 X82.357 Y127.695 E.07997
G1 X88.473 Y121.579 E.27812
G2 X89.391 Y123.147 I10.425 J-5.05 E.05851
G1 X82.357 Y130.182 E.31988
G1 X82.357 Y132.669 E.07997
G1 X90.405 Y124.621 E.36598
G2 X91.511 Y126.002 I9.34 J-6.339 E.05696
G1 X83.87 Y133.643 E.34744
G1 X86.357 Y133.643 E.07997
G1 X92.705 Y127.295 E.28867
G1 X93.998 Y128.489 E.05659
G1 X88.844 Y133.643 E.23434
G1 X91.331 Y133.643 E.07997
G1 X95.379 Y129.595 E.18408
G2 X96.853 Y130.609 I7.173 J-8.847 E.05757
G1 X93.818 Y133.643 E.13798
G1 X96.305 Y133.643 E.07997
G1 X98.421 Y131.527 E.09622
G2 X100.091 Y132.344 I6.027 J-10.205 E.05985
G1 X98.792 Y133.643 E.05907
G1 X101.279 Y133.643 E.07997
G1 X101.871 Y133.051 E.02691
G2 X102.488 Y133.275 I1.729 J-3.807 E.02113
G1 X102.437 Y133.643 E.01195
G1 X101.483 Y133.643 E.03069
G1 X102.808 Y133.506 F18000
;TYPE:Gap infill
;WIDTH:0.487818
G1 F5678.425
G1 X103.021 Y133.536 E.00758
;WIDTH:0.463091
G1 F6000
G1 X103.235 Y133.565 E.00716
;WIDTH:0.413636
G1 X103.449 Y133.595 E.00632
;WIDTH:0.364182
G1 X103.663 Y133.625 E.00548
;WIDTH:0.314728
G1 X103.876 Y133.654 E.00463
;WIDTH:0.265274
G1 X104.09 Y133.684 E.00379
;WIDTH:0.215819
G1 X104.304 Y133.713 E.00295
;WIDTH:0.166168
G1 X104.567 Y133.739 E.00257
;WIDTH:0.11742
G1 X104.824 Y133.765 E.00152
G1 X106.206 Y133.901 F18000
;WIDTH:0.549296
G1 F4989.011
G1 X106.68 Y133.929 E.019
;WIDTH:0.525403
G1 F5236.075
G1 X107.154 Y133.957 E.01811
;WIDTH:0.477616
G1 F5811.684
G1 X107.629 Y133.985 E.01631
;WIDTH:0.42983
G1 F6000
G1 X108.103 Y134.013 E.01452
;WIDTH:0.386671
G2 X109.056 Y134.032 I.96 J-24.271 E.02588
;WIDTH:0.349528
G1 X109.994 Y134.05 E.02274
G1 X137.643 Y132.301 F18000
;TYPE:Sparse infill
;WIDTH:0.45
G1 F6205.95
G1 X137.643 Y133.643 E.04313
G1 X136.098 Y133.643 E.04968
G1 X137.643 Y132.098 E.07026
G1 X137.643 Y129.611 E.07997
G1 X133.611 Y133.643 E.18336
G1 X131.124 Y133.643 E.07997
G1 X137.643 Y127.124 E.29646
G1 X137.643 Y124.637 E.07997
G1 X128.637 Y133.643 E.40955
G1 X126.15 Y133.643 E.07997
G1 X137.643 Y122.15 E.52265
G1 X137.643 Y119.663 E.07997
G1 X123.663 Y133.643 E.63575
G1 X121.176 Y133.643 E.07997
G1 X137.643 Y117.176 E.74885
G1 X137.643 Y119.459 E.07343
; stop printing object base_plate.stl id:0 copy 0
;LAYER_CHANGE
;Z:2.84
;HEIGHT:0.2
G92 E0 ; zero the extruded length again
; BEFORE_LAYER_CHANGE 13 @ 2.84mm
G1 E-1.75 F6000
;WIPE_START
G1 F6205.95
G1 X137.643 Y118.459 E-.75
;WIPE_END
; AFTER_LAYER_CHANGE 13 @ 2.84mm
;_SET_FAN_SPEED_CHANGING_LAYER
; printing object base_plate.stl id:0 copy 0
G17
G3 Z3.04 I0 J.608 P1  F18000
G1 X138.389 Y118.459 Z3.04
G1 X138.389 Y134.389
G1 X138.389 Y134.389
G1 X138.79 Y134.79
G1 Z2.84
G1 E2.5 F6000
M204 P1000
;TYPE:Outer wall
;WIDTH:0.42
G1 F3600
G1 X81.21 Y134.79 E1.71511
G1 X81.21 Y85.21 E1.47682
G1 X138.79 Y85.21 E1.71511
G1 X138.79 Y134.73 E1.47503
G1 X138.389 Y134.389 F18000
G1 X138.389 Y134.389
G1 X138.398 Y134.398
M204 P1500
;TYPE:Inner wall
;WIDTH:0.45
G1 F6000
G1 X81.602 Y134.398 E1.82635
G1 X81.602 Y85.602 E1.5691
G1 X138.398 Y85.602 E1.82635
G1 X138.398 Y134.338 E1.56717
G1 E-1.75
;WIPE_START
G1 X137.398 Y134.339 E-.75
;WIPE_END
G1 X133.583 Y134.246 Z3.04 F18000
G1 X113.986 Y133.771 Z3.04
G1 Z2.84
G1 E2.5 F6000
G1 X115.628 Y133.444 E.05385
G1 X117.45 Y132.93 E.06088
G1 X119.227 Y132.275 E.06088
G1 X120.946 Y131.482 E.06088
G1 X122.597 Y130.557 E.06088
G1 X124.172 Y129.505 E.06088
G1 X125.658 Y128.333 E.06087
G1 X127.048 Y127.048 E.06088
G1 X128.333 Y125.658 E.06087
G1 X129.505 Y124.172 E.06087
G1 X130.557 Y122.597 E.06088
G1 X131.482 Y120.946 E.06088
G1 X132.275 Y119.227 E.06088
G1 X132.93 Y117.45 E.06088
G1 X133.444 Y115.628 E.06088
G1 X133.813 Y113.772 E.06087
G1 X134.036 Y111.892 E.06088
G1 X134.11 Y110 E.06088
G1 X134.036 Y108.108 E.06088
G1 X133.813 Y106.228 E.06088
G1 X133.444 Y104.372 E.06087
G1 X132.93 Y102.55 E.06088
G1 X132.275 Y100.773 E.06088
G1 X131.482 Y99.054 E.06088
G1 X130.557 Y97.403 E.06088
G1 X129.505 Y95.828 E.06088
G1 X128.333 Y94.342 E.06087
G1 X127.048 Y92.952 E.06087
G1 X125.658 Y91.667 E.06088
G1 X124.172 Y90.495 E.06087
G1 X122.597 Y89.443 E.06088
G1 X120.946 Y88.518 E.06088
G1 X119.227 Y87.725 E.06088
G1 X117.45 Y87.07 E.06088
G1 X115.628 Y86.556 E.06088
G1 X113.986 Y86.229 E.05385
G1 X114.008 Y86.009 E.00712
G1 X137.991 Y86.009 E.77121
G1 X137.991 Y133.991 E1.54292
G1 X114.008 Y133.991 E.77122
G1 X113.992 Y133.83 E.00519
G1 E-1.75
;WIPE_START
G1 X114.965 Y133.6 E-.75
;WIPE_END
G1 X111.149 Y133.673 Z3.04 F18000
G1 X106.014 Y133.771 Z3.04
G1 Z2.84
G1 E2.5 F6000
G1 X105.992 Y133.991 E.00712
G1 X82.009 Y133.991 E.77122
G1 X82.009 Y86.009 E1.54292
G1 X105.992 Y86.009 E.77121
G1 X106.014 Y86.229 E.00712
G1 X104.372 Y86.556 E.05385
G1 X102.55 Y87.07 E.06088
G1 X100.773 Y87.725 E.06088
G1 X99.054 Y88.518 E.06088
G1 X97.403 Y89.443 E.06088
G1 X95.828 Y90.495 E.06088
G1 X94.342 Y91.667 E.06087
G1 X92.952 Y92.952 E.06088
G1 X91.667 Y94.342 E.06087
G1 X90.495 Y95.828 E.06087
G1 X89.443 Y97.403 E.06088
G1 X88.518 Y99.054 E.06088
G1 X87.725 Y100.773 E.06088
G1 X87.07 Y102.55 E.06088
G1 X86.556 Y104.372 E.06088
G1 X86.187 Y106.228 E.06087
G1 X85.964 Y108.108 E.06088
G1 X85.89 Y110 E.06088
G1 X85.964 Y111.892 E.06088
G1 X86.187 Y113.772 E.06088
G1 X86.556 Y115.628 E.06087
G1 X87.07 Y117.45 E.06088
G1 X87.725 Y119.227 E.06088
G1 X88.518 Y120.946 E.06088
G1 X89.443 Y122.597 E.06088
G1 X90.495 Y124.172 E.06088
G1 X91.667 Y125.658 E.06087
G1 X92.952 Y127.048 E.06087
G1 X94.342 Y128.333 E.06088
G1 X95.828 Y129.505 E.06087
G1 X97.403 Y130.557 E.06088
G1 X99.054 Y131.482 E.06088
G1 X100.773 Y132.275 E.06088
G1 X102.55 Y132.93 E.06088
G1 X104.372 Y133.444 E.06088
G1 X105.955 Y133.759 E.05192
G1 E-1.75
;WIPE_START
G1 X105.992 Y133.991 E-.17623
G1 X105.227 Y133.991 E-.57377
;WIPE_END
G1 X105.377 Y133.238 Z3.04 F18000
G1 X106.291 Y133.419
G1 X108.14 Y133.638
G1 X109.671 Y133.698
G1 X109.984 Y133.711
G1 X110 Y133.31
G1 Z2.84
G1 E2.5 F6000
M204 P1000
;TYPE:Outer wall
;WIDTH:0.42
G1 F3600
G1 X111.829 Y133.238 E.05452
G1 X113.647 Y133.023 E.05452
G1 X115.442 Y132.666 E.05452
G1 X117.203 Y132.169 E.05452
G1 X118.92 Y131.536 E.05452
G1 X120.583 Y130.77 E.05452
G1 X122.18 Y129.875 E.05452
G1 X123.701 Y128.858 E.05452
G1 X125.139 Y127.725 E.05452
G1 X126.483 Y126.483 E.05452
G1 X127.725 Y125.139 E.05452
G1 X128.858 Y123.701 E.05452
G1 X129.875 Y122.18 E.05452
G1 X130.77 Y120.583 E.05452
G1 X131.536 Y118.92 E.05452
G1 X132.169 Y117.203 E.05452
G1 X132.666 Y115.442 E.05452
G1 X133.023 Y113.647 E.05452
G1 X133.238 Y111.829 E.05452
G1 X133.31 Y110 E.05452
G1 X133.238 Y108.171 E.05452
G1 X133.023 Y106.353 E.05452
G1 X132.666 Y104.558 E.05452
G1 X132.169 Y102.797 E.05452
G1 X131.536 Y101.08 E.05452
G1 X130.77 Y99.417 E.05452
G1 X129.875 Y97.82 E.05452
G1 X128.858 Y96.299 E.05452
G1 X127.725 Y94.861 E.05452
G1 X126.483 Y93.517 E.05452
G1 X125.139 Y92.275 E.05452
G1 X123.701 Y91.142 E.05452
G1 X122.18 Y90.125 E.05452
G1 X120.583 Y89.23 E.05452
G1 X118.92 Y88.464 E.05452
G1 X117.203 Y87.831 E.05452
G1 X115.442 Y87.334 E.05452
G1 X113.647 Y86.977 E.05452
G1 X111.829 Y86.762 E.05452
G1 X110 Y86.69 E.05452
G1 X109.543 Y86.708 E.01363
G1 X108.171 Y86.762 E.04089
G1 X106.353 Y86.977 E.05452
G1 X104.558 Y87.334 E.05452
G1 X102.797 Y87.831 E.05452
G1 X101.08 Y88.464 E.05452
G1 X99.417 Y89.23 E.05452
G1 X97.82 Y90.125 E.05452
G1 X96.299 Y91.142 E.05452
G1 X94.861 Y92.275 E.05452
G1 X93.517 Y93.517 E.05452
G1 X92.275 Y94.861 E.05452
G1 X91.142 Y96.299 E.05452
G1 X90.125 Y97.82 E.05452
G1 X89.23 Y99.417 E.05452
G1 X88.464 Y101.08 E.05452
G1 X87.831 Y102.797 E.05452
G1 X87.334 Y104.558 E.05452
G1 X86.977 Y106.353 E.05452
G1 X86.762 Y108.171 E.05452
G1 X86.69 Y110 E.05452
G1 X86.762 Y111.829 E.05452
G1 X86.977 Y113.647 E.05452
G1 X87.334 Y115.442 E.05452
G1 X87.831 Y117.203 E.05452
G1 X88.464 Y118.92 E.05452
G1 X89.23 Y120.583 E.05452
G1 X90.125 Y122.18 E.05452
G1 X91.142 Y123.701 E.05452
G1 X92.275 Y125.139 E.05452
G1 X93.517 Y126.483 E.05452
G1 X94.861 Y127.725 E.05452
G1 X96.299 Y128.858 E.05452
G1 X97.82 Y129.875 E.05452
G1 X99.417 Y130.77 E.05452
G1 X101.08 Y131.536 E.05452
G1 X102.797 Y132.169 E.05452
G1 X104.558 Y132.666 E.05452
G1 X106.353 Y133.023 E.05452
G1 X108.171 Y133.238 E.05452
G1 X109.94 Y133.308 E.05273
G1 X109.924 Y133.708 F18000
G1 X109.985 Y133.711
G1 X109.985 Y133.702
M204 P1500
;TYPE:Inner wall
;WIDTH:0.45
G1 F6000
G1 X110 Y133.703 E.00047
G1 X111.86 Y133.63 E.05985
G1 X113.708 Y133.411 E.05985
G1 X115.533 Y133.048 E.05985
G1 X117.325 Y132.543 E.05985
G1 X119.071 Y131.898 E.05985
G1 X120.761 Y131.119 E.05985
G1 X122.385 Y130.21 E.05985
G1 X123.932 Y129.176 E.05985
G1 X125.394 Y128.024 E.05985
G1 X126.76 Y126.76 E.05985
G1 X128.024 Y125.394 E.05985
G1 X129.176 Y123.932 E.05985
G1 X130.21 Y122.385 E.05985
G1 X131.119 Y120.761 E.05985
G1 X131.898 Y119.071 E.05985
G1 X132.543 Y117.325 E.05985
G1 X133.048 Y115.533 E.05985
G1 X133.411 Y113.708 E.05985
G1 X133.63 Y111.86 E.05985
G1 X133.703 Y110 E.05985
G1 X133.63 Y108.14 E.05985
G1 X133.411 Y106.292 E.05985
G1 X133.048 Y104.467 E.05985
G1 X132.543 Y102.675 E.05985
G1 X131.898 Y100.929 E.05985
G1 X131.119 Y99.239 E.05985
G1 X130.21 Y97.615 E.05985
G1 X129.176 Y96.068 E.05985
G1 X128.024 Y94.606 E.05985
G1 X126.76 Y93.24 E.05985
G1 X125.394 Y91.976 E.05985
G1 X123.932 Y90.824 E.05985
G1 X122.385 Y89.79 E.05985
G1 X120.761 Y88.881 E.05985
G1 X119.071 Y88.102 E.05985
G1 X117.325 Y87.457 E.05985
G1 X115.533 Y86.952 E.05985
G1 X113.708 Y86.589 E.05985
G1 X111.86 Y86.37 E.05985
G1 X110 Y86.297 E.05985
G1 X109.527 Y86.316 E.01521
G1 X108.14 Y86.37 E.04464
G1 X106.292 Y86.589 E.05985
G1 X104.467 Y86.952 E.05985
G1 X102.675 Y87.457 E.05985
G1 X100.929 Y88.102 E.05985
G1 X99.239 Y88.881 E.05985
G1 X97.615 Y89.79 E.05985
G1 X96.068 Y90.824 E.05985
G1 X94.606 Y91.976 E.05985
G1 X93.24 Y93.24 E.05985
G1 X91.976 Y94.606 E.05985
G1 X90.824 Y96.068 E.05985
G1 X89.79 Y97.615 E.05985
G1 X88.881 Y99.239 E.05985
G1 X88.102 Y100.929 E.05985
G1 X87.457 Y102.675 E.05985
G1 X86.952 Y104.467 E.05985
G1 X86.589 Y106.292 E.05985
G1 X86.37 Y108.14 E.05985
G1 X86.297 Y110 E.05985
G1 X86.37 Y111.86 E.05985
G1 X86.589 Y113.708 E.05985
G1 X86.952 Y115.533 E.05985
G1 X87.457 Y117.325 E.05985
G1 X88.102 Y119.071 E.05985
G1 X88.881 Y120.761 E.05985
G1 X89.79 Y122.385 E.05985
G1 X90.824 Y123.932 E.05985
G1 X91.976 Y125.394 E.05985
G1 X93.24 Y126.76 E.05985
G1 X94.606 Y128.024 E.05985
G1 X96.068 Y129.176 E.05985
G1 X97.615 Y130.21 E.05985
G1 X99.239 Y131.119 E.05985
G1 X100.929 Y131.898 E.05985
G1 X102.675 Y132.543 E.05985
G1 X104.467 Y133.048 E.05985
G1 X106.292 Y133.411 E.05985
G1 X108.14 Y133.63 E.05985
G1 X109.926 Y133.7 E.05745
G1 X109.994 Y134.05 F18000
M204 P2000
;TYPE:Gap infill
;WIDTH:0.349309
G1 F6000
G2 X110.944 Y134.032 I.006 J-24.196 E.023
;WIDTH:0.386388
G1 X111.883 Y134.013 E.02547
;WIDTH:0.429119
G2 X112.371 Y133.985 I-.481 J-12.434 E.01493
;WIDTH:0.477617
G1 F5811.677
G1 X112.846 Y133.957 E.01631
;WIDTH:0.525403
G1 F5236.076
G1 X113.32 Y133.929 E.01811
;WIDTH:0.573189
G1 F4764.217
G1 X113.794 Y133.901 E.0199
G1 X115.176 Y133.765 F18000
;WIDTH:0.14152
G1 F6000
G1 X115.433 Y133.739 E.00201
;WIDTH:0.16562
G1 X115.69 Y133.714 E.00251
;WIDTH:0.190407
G1 X115.696 Y133.713 E.00007
;WIDTH:0.215819
G1 X115.91 Y133.684 E.00295
;WIDTH:0.265273
G1 X116.124 Y133.654 E.00379
;WIDTH:0.314728
G1 X116.337 Y133.625 E.00463
;WIDTH:0.364182
G1 X116.551 Y133.595 E.00548
;WIDTH:0.413636
G1 X116.765 Y133.565 E.00632
;WIDTH:0.463091
G1 X116.979 Y133.536 E.00716
;WIDTH:0.512545
G1 F5379.434
G1 X117.192 Y133.506 E.00801
G1 X119.224 Y132.647 F18000
;TYPE:Sparse infill
;WIDTH:0.45
G1 F6205.95
G3 X117.512 Y133.275 I-4.841 J-10.558 E.05869
G1 X117.563 Y133.643 E.01195
G1 X118.689 Y133.643 E.0362
G1 X120.055 Y132.276 E.06213
G2 X125.292 Y129.065 I-8.369 J-19.528 E.19825
G1 X129.065 Y125.292 F18000
G1 F6205.95
G2 X132.276 Y120.055 I-16.317 J-13.607 E.19825
G1 X137.643 Y114.689 E.24403
G1 X137.643 Y112.202 E.07997
G1 X133.645 Y116.2 E.18181
G2 X134.242 Y113.116 I-25.064 J-6.451 E.10107
G1 X137.643 Y109.715 E.15467
G1 X137.643 Y107.228 E.07997
G1 X134.442 Y110.428 E.14556
G2 X134.375 Y108.009 I-40.651 J-.083 E.07786
G1 X137.643 Y104.741 E.14862
G1 X137.643 Y102.254 E.07997
G1 X134.085 Y105.811 E.16178
G2 X133.637 Y103.772 I-13.174 J1.83 E.06719
G1 X137.643 Y99.767 E.18217
G1 X137.643 Y97.279 E.07997
G1 X133.051 Y101.871 E.20881
G2 X132.344 Y100.091 I-11.663 J3.603 E.06165
G1 X137.643 Y94.792 E.24097
G1 X137.643 Y92.305 E.07997
G1 X131.527 Y98.421 E.27812
G2 X130.609 Y96.853 I-10.425 J5.05 E.05851
G1 X137.643 Y89.818 E.31988
G1 X137.643 Y87.331 E.07997
G1 X129.595 Y95.379 E.36598
G2 X128.489 Y93.998 I-9.341 J6.339 E.05696
G1 X136.13 Y86.357 E.34744
G1 X133.643 Y86.357 E.07997
G1 X127.295 Y92.705 E.28867
G1 X126.002 Y91.511 E.05659
G1 X131.156 Y86.357 E.23434
G1 X128.669 Y86.357 E.07997
G1 X124.621 Y90.405 E.18408
G2 X123.147 Y89.391 I-7.173 J8.847 E.05757
G1 X126.182 Y86.357 E.13798
G1 X123.695 Y86.357 E.07997
G1 X121.579 Y88.473 E.09622
G2 X119.909 Y87.656 I-6.027 J10.205 E.05985
G1 X121.208 Y86.357 E.05907
G1 X118.721 Y86.357 E.07997
G1 X118.129 Y86.949 E.02691
G2 X117.512 Y86.725 I-1.729 J3.807 E.02112
G1 X117.563 Y86.357 E.01195
G1 X118.517 Y86.357 E.03068
G1 X117.192 Y86.494 F18000
;TYPE:Gap infill
;WIDTH:0.512544
G1 F5379.443
G1 X116.979 Y86.464 E.00801
;WIDTH:0.463089
G1 F6000
G1 X116.765 Y86.435 E.00716
;WIDTH:0.413634
G1 X116.551 Y86.405 E.00632
;WIDTH:0.364179
G1 X116.337 Y86.375 E.00548
;WIDTH:0.314724
G1 X116.124 Y86.346 E.00463
;WIDTH:0.265269
G1 X115.91 Y86.316 E.00379
;WIDTH:0.215814
G1 X115.696 Y86.287 E.00295
;WIDTH:0.1904
G1 X115.69 Y86.286 E.00007
;WIDTH:0.165616
G1 X115.433 Y86.261 E.00251
;WIDTH:0.141517
G1 X115.176 Y86.235 E.00201
G1 X113.794 Y86.099 F18000
;WIDTH:0.573188
G1 F4764.23
G1 X113.32 Y86.071 E.0199
;WIDTH:0.525401
G1 F5236.102
G1 X112.846 Y86.043 E.01811
;WIDTH:0.477613
G1 F5811.725
G1 X112.371 Y86.015 E.01631
;WIDTH:0.429114
G1 F6000
G2 X111.883 Y85.987 I-.97 J12.406 E.01493
;WIDTH:0.386384
G1 X110.944 Y85.968 E.02547
;WIDTH:0.349305
G2 X109.994 Y85.95 I-.944 J24.177 E.02299
;WIDTH:0.349524
G1 X109.056 Y85.968 E.02274
;WIDTH:0.386668
G2 X108.103 Y85.987 I.008 J24.29 E.02588
;WIDTH:0.429827
G1 X107.629 Y86.015 E.01452
;WIDTH:0.477614
G1 F5811.722
G1 X107.154 Y86.043 E.01631
;WIDTH:0.5254
G1 F5236.106
G1 X106.68 Y86.071 E.01811
;WIDTH:0.549294
G1 F4989.039
G1 X106.206 Y86.099 E.019
G1 X104.824 Y86.235 F18000
;WIDTH:0.117418
G1 F6000
G1 X104.567 Y86.261 E.00152
;WIDTH:0.166163
G1 X104.304 Y86.287 E.00257
;WIDTH:0.215813
G1 X104.09 Y86.316 E.00295
;WIDTH:0.265268
G1 X103.876 Y86.346 E.00379
;WIDTH:0.314723
G1 X103.663 Y86.375 E.00463
;WIDTH:0.364179
G1 X103.449 Y86.405 E.00548
;WIDTH:0.413634
G1 X103.235 Y86.435 E.00632
;WIDTH:0.463089
G1 X103.021 Y86.464 E.00716
;WIDTH:0.487817
G1 F5678.432
G1 X102.808 Y86.494 E.00758
G1 X98.621 Y86.357 F18000
;TYPE:Sparse infill
;WIDTH:0.45
G1 F6205.95
G1 X96.337 Y86.357 E.07343
G1 X82.357 Y100.337 E.63575
G1 X82.357 Y97.85 E.07997
G1 X93.85 Y86.357 E.52265
G1 X91.363 Y86.357 E.07997
G1 X82.357 Y95.363 E.40955
G1 X82.357 Y92.876 E.07997
G1 X88.876 Y86.357 E.29645
G1 X86.389 Y86.357 E.07997
G1 X82.357 Y90.389 E.18336
G1 X82.357 Y87.902 E.07997
G1 X83.902 Y86.357 E.07026
G1 X82.357 Y86.357 E.04968
G1 X82.357 Y87.699 E.04313
G1 X90.935 Y94.708 F18000
G1 F6205.95
G2 X87.724 Y99.945 I16.317 J13.607 E.19825
G1 X82.357 Y105.311 E.24403
G1 X82.357 Y107.798 E.07997
G1 X86.355 Y103.8 E.18181
G2 X85.758 Y106.884 I25.064 J6.451 E.10107
G1 X84.686 Y107.957 E.04879
G1 X84.188 Y107.972 E.01601
G1 X83.708 Y108.108 E.01604
G1 X83.174 Y108.435 E.02013
G1 X82.845 Y108.788 E.01551
G1 X82.601 Y109.222 E.01603
G1 X82.455 Y109.831 E.02013
G1 X82.475 Y110.329 E.01602
G1 X82.668 Y110.924 E.02013
G2 X83.234 Y111.613 I1.862 J-.954 E.02886
G1 X84.776 Y109.15 F18000
;TYPE:Internal solid infill
;WIDTH:0.419999
G1 F6000
G1 X84.371 Y109.116 E.01211
G1 X84.032 Y109.233 E.01068
G1 X83.735 Y109.529 E.0125
G1 X83.604 Y109.928 E.0125
G1 X83.669 Y110.342 E.0125
G1 X83.915 Y110.682 E.0125
G1 X84.288 Y110.873 E.0125
G1 X84.708 Y110.874 E.0125
G1 X84.776 Y110.849 E.00217
G3 X84.774 Y109.21 I10.866 J-.835 E.04886
G1 X84.387 Y109.496 F18000
;WIDTH:0.420421
G1 F6000
G1 X84.146 Y109.621 E.0081
G1 X84.005 Y109.838 E.00772
G1 X83.997 Y110.11 E.00812
G1 X84.093 Y110.318 E.00683
G1 X84.273 Y110.464 E.00691
G1 X84.379 Y110.499 E.00334
G3 X84.384 Y109.556 I6.536 J-.436 E.02815
G1 X85.163 Y111.08 F18000
;WIDTH:0.419999
G1 F6000
G3 X85.163 Y108.919 I14.58 J-1.08 E.06443
G1 X84.812 Y108.761 E.01146
G1 X84.299 Y108.746 E.01527
G1 X83.926 Y108.866 E.01167
G1 X83.598 Y109.094 E.0119
G1 X83.365 Y109.429 E.01214
G1 X83.248 Y109.787 E.01123
G1 X83.237 Y110.197 E.01222
G1 X83.372 Y110.583 E.01218
G1 X83.597 Y110.893 E.01141
G1 X83.917 Y111.138 E.012
G1 X84.288 Y111.253 E.01157
G2 X85.108 Y111.105 I.193 J-1.276 E.02527
G1 X85.548 Y111.272 F18000
G1 F6000
G1 X85.5 Y109.948 E.03947
G1 X85.548 Y108.727 E.0364
G1 X85.192 Y108.5 E.01257
G2 X84.374 Y108.347 I-.781 J1.912 E.02497
G1 X83.865 Y108.48 E.01566
G2 X85.498 Y111.307 I.642 J1.514 E.16597
G1 X82.357 Y108.002 F18000
;TYPE:Sparse infill
;WIDTH:0.45
G1 F6205.95
G1 X82.357 Y112.772 E.1534
G1 X83.399 Y111.73 E.04738
G1 X83.874 Y111.954 E.01686
G1 X84.508 Y112.052 E.02064
G1 X85.122 Y111.955 E.02
G1 X85.609 Y111.725 E.01731
G2 X85.625 Y111.991 I1.702 J.03 E.0086
G1 X82.357 Y115.259 E.14862
G1 X82.357 Y117.746 E.07997
G1 X85.915 Y114.189 E.16177
G2 X86.363 Y116.228 I13.174 J-1.83 E.06719
G1 X82.357 Y120.233 E.18217
G1 X82.357 Y122.72 E.07997
G1 X86.949 Y118.129 E.20881
G2 X87.656 Y119.909 I11.663 J-3.603 E.06165
G1 X82.357 Y125.208 E.24097
G1 X82.357 Y127.695 E.07997
G1 X88.473 Y121.579 E.27812
G2 X89.391 Y123.147 I10.425 J-5.05 E.05851
G1 X82.357 Y130.182 E.31988
G1 X82.357 Y132.669 E.07997
G1 X90.405 Y124.621 E.36598
G2 X91.511 Y126.002 I9.341 J-6.339 E.05696
G1 X83.87 Y133.643 E.34744
G1 X86.357 Y133.643 E.07997
G1 X92.705 Y127.295 E.28867
G1 X93.998 Y128.489 E.05659
G1 X88.844 Y133.643 E.23434
G1 X91.331 Y133.643 E.07997
G1 X95.379 Y129.595 E.18408
G2 X96.853 Y130.609 I7.173 J-8.847 E.05757
G1 X93.818 Y133.643 E.13798
G1 X96.305 Y133.643 E.07997
G1 X98.421 Y131.527 E.09622
G2 X100.091 Y132.344 I6.027 J-10.205 E.05985
G1 X98.792 Y133.643 E.05907
G1 X101.279 Y133.643 E.07997
G1 X101.871 Y133.051 E.02691
G2 X102.488 Y133.275 I1.729 J-3.807 E.02113
G1 X102.437 Y133.643 E.01195
G1 X101.483 Y133.643 E.03069
G1 X102.808 Y133.506 F18000
;TYPE:Gap infill
;WIDTH:0.487818
G1 F5678.425
G1 X103.021 Y133.536 E.00758
;WIDTH:0.463091
G1 F6000
G1 X103.235 Y133.565 E.00716
;WIDTH:0.413636
G1 X103.449 Y133.595 E.00632
;WIDTH:0.364182
G1 X103.663 Y133.625 E.00548
;WIDTH:0.314728
G1 X103.876 Y133.654 E.00463
;WIDTH:0.265274
G1 X104.09 Y133.684 E.00379
;WIDTH:0.215819
G1 X104.304 Y133.713 E.00295
;WIDTH:0.166168
G1 X104.567 Y133.739 E.00257
;WIDTH:0.11742
G1 X104.824 Y133.765 E.00152
G1 X106.206 Y133.901 F18000
;WIDTH:0.549296
G1 F4989.011
G1 X106.68 Y133.929 E.019
;WIDTH:0.525403
G1 F5236.075
G1 X107.154 Y133.957 E.01811
;WIDTH:0.477616
G1 F5811.684
G1 X107.629 Y133.985 E.01631
;WIDTH:0.42983
G1 F6000
G1 X108.103 Y134.013 E.01452
;WIDTH:0.386671
G2 X109.056 Y134.032 I.96 J-24.271 E.02588
;WIDTH:0.349528
G1 X109.994 Y134.05 E.02274
G1 X137.643 Y132.301 F18000
;TYPE:Sparse infill
;WIDTH:0.45
G1 F6205.95
G1 X137.643 Y133.643 E.04313
G1 X136.098 Y133.643 E.04968
G1 X137.643 Y132.098 E.07026
G1 X137.643 Y129.611 E.07997
G1 X133.611 Y133.643 E.18336
G1 X131.124 Y133.643 E.07997
G1 X137.643 Y127.124 E.29646
G1 X137.643 Y124.637 E.07997
G1 X128.637 Y133.643 E.40955
G1 X126.15 Y133.643 E.07997
G1 X137.643 Y122.15 E.52265
G1 X137.643 Y119.663 E.07997
G1 X123.663 Y133.643 E.63575
G1 X121.176 Y133.643 E.07997
G1 X137.643 Y117.176 E.74885
G1 X137.643 Y119.459 E.07343
G1 X138.389 Y119.459 F18000
G1 X132.551 Y102.673
G1 X131.906 Y100.926
G1 X131.127 Y99.235
G1 X130.217 Y97.611
G1 X129.183 Y96.063
G1 X128.03 Y94.601
G1 X126.766 Y93.234
G1 X125.399 Y91.97
G1 X123.937 Y90.817
G1 X122.389 Y89.783
G1 X120.765 Y88.873
G1 X119.074 Y88.094
G1 X117.327 Y87.449
G1 X115.535 Y86.944
G1 X113.709 Y86.581
G1 X111.86 Y86.362
G1 X110 Y86.289
G1 X108.14 Y86.362
G1 X106.291 Y86.581
G1 X104.465 Y86.944
G1 X102.673 Y87.449
G1 X100.926 Y88.094
G1 X99.235 Y88.873
G1 X97.611 Y89.783
G1 X96.063 Y90.817
G1 X95.489 Y91.269
G1 X95.17 Y91.521
G1 X94.708 Y90.935
G1 F6205.95
G3 X99.945 Y87.724 I13.607 J16.317 E.19825
G1 X101.311 Y86.357 E.06213
G1 X98.824 Y86.357 E.07997
G1 X82.357 Y102.824 E.74885
G1 X82.357 Y100.541 E.07343
; stop printing object base_plate.stl id:0 copy 0
M106 S140
;LAYER_CHANGE
;Z:3.04
;HEIGHT:0.2
G92 E0 ; zero the extruded length again
; BEFORE_LAYER_CHANGE 14 @ 3.04mm
G1 E-1.75 F6000
;WIPE_START
G1 F6205.95
G1 X82.357 Y101.541 E-.75
;WIPE_END
; AFTER_LAYER_CHANGE 14 @ 3.04mm
;_SET_FAN_SPEED_CHANGING_LAYER
; printing object base_plate.stl id:0 copy 0
G17
G3 Z3.24 I0 J-.608 P1  F18000
G1 X81.611 Y101.541 Z3.24
G1 X81.611 Y85.611
G1 X138.389 Y85.611
G1 X138.389 Y134.389
G1 X138.389 Y134.389
G1 X138.79 Y134.79
G1 Z3.04
G1 E2.5 F6000
M204 P1000
;TYPE:Outer wall
;WIDTH:0.42
G1 F3600
G1 X81.21 Y134.79 E1.71511
G1 X81.21 Y85.21 E1.47682
G1 X138.79 Y85.21 E1.71511
G1 X138.79 Y134.73 E1.47503
G1 X138.389 Y134.389 F18000
G1 X138.389 Y134.389
G1 X138.398 Y134.398
M204 P1500
;TYPE:Inner wall
;WIDTH:0.45
G1 F6000
G1 X81.602 Y134.398 E1.82635
G1 X81.602 Y85.602 E1.5691
G1 X138.398 Y85.602 E1.82635
G1 X138.398 Y134.338 E1.56717
G1 E-1.75
;WIPE_START
G1 X137.398 Y134.339 E-.75
;WIPE_END
G1 X133.583 Y134.246 Z3.24 F18000
G1 X113.986 Y133.771 Z3.24
G1 Z3.04
G1 E2.5 F6000
G1 X115.628 Y133.444 E.05385
G1 X117.45 Y132.93 E.06088
G1 X119.227 Y132.275 E.06088
G1 X120.946 Y131.482 E.06088
G1 X122.597 Y130.557 E.06088
G1 X124.172 Y129.505 E.06088
G1 X125.658 Y128.333 E.06088
G1 X127.048 Y127.048 E.06088
G1 X128.333 Y125.658 E.06088
G1 X129.505 Y124.172 E.06088
G1 X130.557 Y122.597 E.06088
G1 X131.482 Y120.946 E.06088
G1 X132.275 Y119.227 E.06088
G1 X132.93 Y117.45 E.06088
G1 X133.444 Y115.628 E.06088
G1 X133.813 Y113.772 E.06087
G1 X134.036 Y111.892 E.06088
G1 X134.11 Y110 E.06088
G1 X134.036 Y108.108 E.06088
G1 X133.813 Y106.228 E.06088
G1 X133.444 Y104.372 E.06087
G1 X132.93 Y102.55 E.06088
G1 X132.275 Y100.773 E.06088
G1 X131.482 Y99.054 E.06088
G1 X130.557 Y97.403 E.06088
G1 X129.505 Y95.828 E.06088
G1 X128.333 Y94.342 E.06088
G1 X127.048 Y92.952 E.06088
G1 X125.658 Y91.667 E.06088
G1 X124.172 Y90.495 E.06088
G1 X122.597 Y89.443 E.06088
G1 X120.946 Y88.518 E.06088
G1 X119.227 Y87.725 E.06088
G1 X117.45 Y87.07 E.06088
G1 X115.628 Y86.556 E.06088
G1 X113.986 Y86.229 E.05385
G1 X114.008 Y86.009 E.00712
G1 X137.991 Y86.009 E.77121
G1 X137.991 Y133.991 E1.54292
G1 X114.008 Y133.991 E.77122
G1 X113.992 Y133.83 E.00519
G1 E-1.75
;WIPE_START
G1 X114.965 Y133.6 E-.75
;WIPE_END
G1 X111.149 Y133.673 Z3.24 F18000
G1 X106.014 Y133.771 Z3.24
G1 Z3.04
G1 E2.5 F6000
G1 X105.992 Y133.991 E.00712
G1 X82.009 Y133.991 E.77122
G1 X82.009 Y86.009 E1.54292
G1 X105.992 Y86.009 E.77121
G1 X106.014 Y86.229 E.00712
G1 X104.372 Y86.556 E.05385
G1 X102.55 Y87.07 E.06088
G1 X100.773 Y87.725 E.06088
G1 X99.054 Y88.518 E.06088
G1 X97.403 Y89.443 E.06088
G1 X95.828 Y90.495 E.06088
G1 X94.342 Y91.667 E.06088
G1 X92.952 Y92.952 E.06088
G1 X91.667 Y94.342 E.06088
G1 X90.495 Y95.828 E.06088
G1 X89.443 Y97.403 E.06088
G1 X88.518 Y99.054 E.06088
G1 X87.725 Y100.773 E.06088
G1 X87.07 Y102.55 E.06088
G1 X86.556 Y104.372 E.06088
G1 X86.187 Y106.228 E.06087
G1 X85.964 Y108.108 E.06088
G1 X85.89 Y110 E.06088
G1 X85.964 Y111.892 E.06088
G1 X86.187 Y113.772 E.06088
G1 X86.556 Y115.628 E.06087
G1 X87.07 Y117.45 E.06088
G1 X87.725 Y119.227 E.06088
G1 X88.518 Y120.946 E.06088
G1 X89.443 Y122.597 E.06088
G1 X90.495 Y124.172 E.06088
G1 X91.667 Y125.658 E.06088
G1 X92.952 Y127.048 E.06088
G1 X94.342 Y128.333 E.06088
G1 X95.828 Y129.505 E.06088
G1 X97.403 Y130.557 E.06088
G1 X99.054 Y131.482 E.06088
G1 X100.773 Y132.275 E.06088
G1 X102.55 Y132.93 E.06088
G1 X104.372 Y133.444 E.06088
G1 X105.955 Y133.759 E.05192
G1 E-1.75
;WIPE_START
G1 X105.992 Y133.991 E-.17623
G1 X105.227 Y133.991 E-.57377
;WIPE_END
G1 X105.377 Y133.238 Z3.24 F18000
G1 X106.291 Y133.419
G1 X108.14 Y133.638
G1 X109.671 Y133.698
G1 X109.984 Y133.711
G1 X110 Y133.31
G1 Z3.04
G1 E2.5 F6000
M204 P1000
;TYPE:Outer wall
;WIDTH:0.42
G1 F3600
G1 X111.829 Y133.238 E.05452
G1 X113.647 Y133.023 E.05452
G1 X115.442 Y132.666 E.05452
G1 X117.203 Y132.169 E.05452
G1 X118.92 Y131.536 E.05452
G1 X120.583 Y130.77 E.05452
G1 X122.18 Y129.875 E.05452
G1 X123.701 Y128.858 E.05452
G1 X125.139 Y127.725 E.05452
G1 X126.483 Y126.483 E.05452
G1 X127.725 Y125.139 E.05452
G1 X128.858 Y123.701 E.05452
G1 X129.875 Y122.18 E.05452
G1 X130.77 Y120.583 E.05452
G1 X131.536 Y118.92 E.05452
G1 X132.169 Y117.203 E.05452
G1 X132.666 Y115.442 E.05452
G1 X133.023 Y113.647 E.05452
G1 X133.238 Y111.829 E.05452
G1 X133.31 Y110 E.05452
G1 X133.238 Y108.171 E.05452
G1 X133.023 Y106.353 E.05452
G1 X132.666 Y104.558 E.05452
G1 X132.169 Y102.797 E.05452
G1 X131.536 Y101.08 E.05452
G1 X130.77 Y99.417 E.05452
G1 X129.875 Y97.82 E.05452
G1 X128.858 Y96.299 E.05452
G1 X127.725 Y94.861 E.05452
G1 X126.483 Y93.517 E.05452
G1 X125.139 Y92.275 E.05452
G1 X123.701 Y91.142 E.05452
G1 X122.18 Y90.125 E.05452
G1 X120.583 Y89.23 E.05452
G1 X118.92 Y88.464 E.05452
G1 X117.203 Y87.831 E.05452
G1 X115.442 Y87.334 E.05452
G1 X113.647 Y86.977 E.05452
G1 X111.829 Y86.762 E.05452
G1 X110 Y86.69 E.05452
G1 X109.422 Y86.712 E.01722
G1 X108.171 Y86.762 E.0373
G1 X106.353 Y86.977 E.05452
G1 X104.558 Y87.334 E.05452
G1 X102.797 Y87.831 E.05452
G1 X101.08 Y88.464 E.05452
G1 X99.417 Y89.23 E.05452
G1 X97.82 Y90.125 E.05452
G1 X96.299 Y91.142 E.05452
G1 X94.861 Y92.275 E.05452
G1 X93.517 Y93.517 E.05452
G1 X92.275 Y94.861 E.05452
G1 X91.142 Y96.299 E.05452
G1 X90.125 Y97.82 E.05452
G1 X89.23 Y99.417 E.05452
G1 X88.464 Y101.08 E.05452
G1 X87.831 Y102.797 E.05452
G1 X87.334 Y104.558 E.05452
G1 X86.977 Y106.353 E.05452
G1 X86.762 Y108.171 E.05452
G1 X86.69 Y110 E.05452
G1 X86.762 Y111.829 E.05452
G1 X86.977 Y113.647 E.05452
G1 X87.334 Y115.442 E.05452
G1 X87.831 Y117.203 E.05452
G1 X88.464 Y118.92 E.05452
G1 X89.23 Y120.583 E.05452
G1 X90.125 Y122.18 E.05452
G1 X91.142 Y123.701 E.05452
G1 X92.275 Y125.139 E.05452
G1 X93.517 Y126.483 E.05452
G1 X94.861 Y127.725 E.05452
G1 X96.299 Y128.858 E.05452
G1 X97.82 Y129.875 E.05452
G1 X99.417 Y130.77 E.05452
G1 X101.08 Y131.536 E.05452
G1 X102.797 Y132.169 E.05452
G1 X104.558 Y132.666 E.05452
G1 X106.353 Y133.023 E.05452
G1 X108.171 Y133.238 E.05452
G1 X109.94 Y133.308 E.05273
G1 X109.924 Y133.708 F18000
G1 X109.985 Y133.711
G1 X109.985 Y133.702
M204 P1500
;TYPE:Inner wall
;WIDTH:0.45
G1 F6000
G1 X110 Y133.703 E.00047
G1 X111.86 Y133.63 E.05985
G1 X113.708 Y133.411 E.05985
G1 X115.533 Y133.048 E.05985
G1 X117.325 Y132.543 E.05985
G1 X119.071 Y131.898 E.05985
G1 X120.761 Y131.119 E.05985
G1 X122.385 Y130.21 E.05985
G1 X123.932 Y129.176 E.05985
G1 X125.394 Y128.024 E.05985
G1 X126.76 Y126.76 E.05985
G1 X128.024 Y125.394 E.05985
G1 X129.176 Y123.932 E.05985
G1 X130.21 Y122.385 E.05985
G1 X131.119 Y120.761 E.05985
G1 X131.898 Y119.071 E.05985
G1 X132.543 Y117.325 E.05985
G1 X133.048 Y115.533 E.05985
G1 X133.411 Y113.708 E.05985
G1 X133.63 Y111.86 E.05985
G1 X133.703 Y110 E.05985
G1 X133.63 Y108.14 E.05985
G1 X133.411 Y106.292 E.05985
G1 X133.048 Y104.467 E.05985
G1 X132.543 Y102.675 E.05985
G1 X131.898 Y100.929 E.05985
G1 X131.119 Y99.239 E.05985
G1 X130.21 Y97.615 E.05985
G1 X129.176 Y96.068 E.05985
G1 X128.024 Y94.606 E.05985
G1 X126.76 Y93.24 E.05985
G1 X125.394 Y91.976 E.05985
G1 X123.932 Y90.824 E.05985
G1 X122.385 Y89.79 E.05985
G1 X120.761 Y88.881 E.05985
G1 X119.071 Y88.102 E.05985
G1 X117.325 Y87.457 E.05985
G1 X115.533 Y86.952 E.05985
G1 X113.708 Y86.589 E.05985
G1 X111.86 Y86.37 E.05985
G1 X110 Y86.297 E.05985
G1 X109.407 Y86.321 E.01908
G1 X108.14 Y86.37 E.04076
G1 X106.292 Y86.589 E.05985
G1 X104.467 Y86.952 E.05985
G1 X102.675 Y87.457 E.05985
G1 X100.929 Y88.102 E.05985
G1 X99.239 Y88.881 E.05985
G1 X97.615 Y89.79 E.05985
G1 X96.068 Y90.824 E.05985
G1 X94.606 Y91.976 E.05985
G1 X93.24 Y93.24 E.05985
G1 X91.976 Y94.606 E.05985
G1 X90.824 Y96.068 E.05985
G1 X89.79 Y97.615 E.05985
G1 X88.881 Y99.239 E.05985
G1 X88.102 Y100.929 E.05985
G1 X87.457 Y102.675 E.05985
G1 X86.952 Y104.467 E.05985
G1 X86.589 Y106.292 E.05985
G1 X86.37 Y108.14 E.05985
G1 X86.297 Y110 E.05985
G1 X86.37 Y111.86 E.05985
G1 X86.589 Y113.708 E.05985
G1 X86.952 Y115.533 E.05985
G1 X87.457 Y117.325 E.05985
G1 X88.102 Y119.071 E.05985
G1 X88.881 Y120.761 E.05985
G1 X89.79 Y122.385 E.05985
G1 X90.824 Y123.932 E.05985
G1 X91.976 Y125.394 E.05985
G1 X93.24 Y126.76 E.05985
G1 X94.606 Y128.024 E.05985
G1 X96.068 Y129.176 E.05985
G1 X97.615 Y130.21 E.05985
G1 X99.239 Y131.119 E.05985
G1 X100.929 Y131.898 E.05985
G1 X102.675 Y132.543 E.05985
G1 X104.467 Y133.048 E.05985
G1 X106.292 Y133.411 E.05985
G1 X108.14 Y133.63 E.05985
G1 X109.926 Y133.7 E.05745
G1 X109.994 Y134.05 F18000
M204 P2000
;TYPE:Gap infill
;WIDTH:0.349309
G1 F6000
G2 X110.944 Y134.032 I.006 J-24.196 E.023
;WIDTH:0.386388
G1 X111.883 Y134.013 E.02547
;WIDTH:0.429119
G2 X112.371 Y133.985 I-.481 J-12.434 E.01493
;WIDTH:0.477617
G1 F5811.677
G1 X112.846 Y133.957 E.01631
;WIDTH:0.525403
G1 F5236.076
G1 X113.32 Y133.929 E.01811
;WIDTH:0.573189
G1 F4764.217
G1 X113.794 Y133.901 E.0199
G1 X115.176 Y133.765 F18000
;WIDTH:0.14152
G1 F6000
G1 X115.433 Y133.739 E.00201
;WIDTH:0.16562
G1 X115.69 Y133.714 E.00251
;WIDTH:0.190407
G1 X115.696 Y133.713 E.00007
;WIDTH:0.215819
G1 X115.91 Y133.684 E.00295
;WIDTH:0.265273
G1 X116.124 Y133.654 E.00379
;WIDTH:0.314728
G1 X116.337 Y133.625 E.00463
;WIDTH:0.364182
G1 X116.551 Y133.595 E.00548
;WIDTH:0.413636
G1 X116.765 Y133.565 E.00632
;WIDTH:0.463091
G1 X116.979 Y133.536 E.00716
;WIDTH:0.512545
G1 F5379.434
G1 X117.192 Y133.506 E.00801
G1 X121.379 Y133.643 F18000
;TYPE:Sparse infill
;WIDTH:0.45
G1 F6205.95
G1 X123.663 Y133.643 E.07343
G1 X137.643 Y119.663 E.63575
G1 X137.643 Y122.15 E.07997
G1 X126.15 Y133.643 E.52265
G1 X128.637 Y133.643 E.07997
G1 X137.643 Y124.637 E.40956
G1 X137.643 Y127.124 E.07997
G1 X131.124 Y133.643 E.29646
G1 X133.611 Y133.643 E.07997
G1 X137.643 Y129.611 E.18336
G1 X137.643 Y132.098 E.07997
G1 X136.098 Y133.643 E.07026
G1 X137.643 Y133.643 E.04968
G1 X137.643 Y132.301 E.04313
G1 X137.643 Y119.459 F18000
G1 F6205.95
G1 X137.643 Y117.176 E.07343
G1 X121.176 Y133.643 E.74885
G1 X118.689 Y133.643 E.07997
G1 X120.055 Y132.276 E.06213
G2 X125.292 Y129.065 I-8.37 J-19.528 E.19825
G1 X129.065 Y125.292 F18000
G1 F6205.95
G2 X132.276 Y120.055 I-16.317 J-13.607 E.19825
G1 X137.643 Y114.689 E.24404
G1 X137.643 Y112.202 E.07997
G1 X133.645 Y116.2 E.18181
G2 X134.241 Y113.116 I-25.064 J-6.451 E.10107
G1 X137.643 Y109.715 E.15467
G1 X137.643 Y107.228 E.07997
G1 X134.442 Y110.428 E.14556
G2 X134.375 Y108.009 I-40.651 J-.083 E.07786
G1 X137.643 Y104.741 E.14862
G1 X137.643 Y102.254 E.07997
G1 X134.085 Y105.811 E.16178
G2 X133.637 Y103.772 I-13.174 J1.83 E.06719
G1 X137.643 Y99.766 E.18217
G1 X137.643 Y97.279 E.07997
G1 X133.051 Y101.871 E.20881
G2 X132.344 Y100.091 I-11.662 J3.603 E.06165
G1 X137.643 Y94.792 E.24097
G1 X137.643 Y92.305 E.07997
G1 X131.527 Y98.421 E.27812
G2 X130.609 Y96.853 I-10.426 J5.05 E.05851
G1 X137.643 Y89.818 E.31988
G1 X137.643 Y87.331 E.07997
G1 X129.595 Y95.379 E.36598
G2 X128.489 Y93.998 I-9.34 J6.339 E.05696
G1 X136.13 Y86.357 E.34744
G1 X133.643 Y86.357 E.07997
G1 X127.295 Y92.705 E.28867
G1 X126.002 Y91.511 E.05659
G1 X131.156 Y86.357 E.23434
G1 X128.669 Y86.357 E.07997
G1 X124.621 Y90.405 E.18408
G2 X123.147 Y89.391 I-7.173 J8.847 E.05757
G1 X126.182 Y86.357 E.13798
G1 X123.695 Y86.357 E.07997
G1 X121.579 Y88.473 E.09622
G2 X119.909 Y87.656 I-6.026 J10.205 E.05985
G1 X121.208 Y86.357 E.05907
G1 X118.721 Y86.357 E.07997
G1 X118.129 Y86.949 E.02691
G2 X117.512 Y86.725 I-1.729 J3.807 E.02113
G1 X117.563 Y86.357 E.01195
G1 X118.517 Y86.357 E.03068
G1 X117.192 Y86.494 F18000
;TYPE:Gap infill
;WIDTH:0.512544
G1 F5379.443
G1 X116.979 Y86.464 E.00801
;WIDTH:0.463089
G1 F6000
G1 X116.765 Y86.435 E.00716
;WIDTH:0.413634
G1 X116.551 Y86.405 E.00632
;WIDTH:0.364179
G1 X116.337 Y86.375 E.00548
;WIDTH:0.314724
G1 X116.124 Y86.346 E.00463
;WIDTH:0.265269
G1 X115.91 Y86.316 E.00379
;WIDTH:0.215814
G1 X115.696 Y86.287 E.00295
;WIDTH:0.1904
G1 X115.69 Y86.286 E.00007
;WIDTH:0.165616
G1 X115.433 Y86.261 E.00251
;WIDTH:0.141517
G1 X115.176 Y86.235 E.00201
G1 X113.794 Y86.099 F18000
;WIDTH:0.573188
G1 F4764.23
G1 X113.32 Y86.071 E.0199
;WIDTH:0.525401
G1 F5236.102
G1 X112.846 Y86.043 E.01811
;WIDTH:0.477613
G1 F5811.725
G1 X112.371 Y86.015 E.01631
;WIDTH:0.429114
G1 F6000
G2 X111.883 Y85.987 I-.97 J12.406 E.01493
;WIDTH:0.386384
G1 X110.944 Y85.968 E.02547
;WIDTH:0.349305
G2 X109.994 Y85.95 I-.944 J24.177 E.02299
;WIDTH:0.349524
G1 X109.056 Y85.968 E.02274
;WIDTH:0.386668
G2 X108.103 Y85.987 I.008 J24.29 E.02588
;WIDTH:0.429827
G1 X107.629 Y86.015 E.01452
;WIDTH:0.477614
G1 F5811.722
G1 X107.154 Y86.043 E.01631
;WIDTH:0.5254
G1 F5236.106
G1 X106.68 Y86.071 E.01811
;WIDTH:0.549294
G1 F4989.039
G1 X106.206 Y86.099 E.019
G1 X104.824 Y86.235 F18000
;WIDTH:0.117418
G1 F6000
G1 X104.567 Y86.261 E.00152
;WIDTH:0.166163
G1 X104.304 Y86.287 E.00257
;WIDTH:0.215813
G1 X104.09 Y86.316 E.00295
;WIDTH:0.265268
G1 X103.876 Y86.346 E.00379
;WIDTH:0.314723
G1 X103.663 Y86.375 E.00463
;WIDTH:0.364179
G1 X103.449 Y86.405 E.00548
;WIDTH:0.413634
G1 X103.235 Y86.435 E.00632
;WIDTH:0.463089
G1 X103.021 Y86.464 E.00716
;WIDTH:0.487817
G1 F5678.432
G1 X102.808 Y86.494 E.00758
G1 X98.621 Y86.357 F18000
;TYPE:Sparse infill
;WIDTH:0.45
G1 F6205.95
G1 X96.337 Y86.357 E.07343
G1 X82.357 Y100.337 E.63575
G1 X82.357 Y97.85 E.07997
G1 X93.85 Y86.357 E.52265
G1 X91.363 Y86.357 E.07997
G1 X82.357 Y95.363 E.40955
G1 X82.357 Y92.876 E.07997
G1 X88.876 Y86.357 E.29646
G1 X91.16 Y86.357 E.07343
G1 X94.708 Y90.935 F18000
G1 F6205.95
G3 X99.945 Y87.724 I13.607 J16.317 E.19825
G1 X101.311 Y86.357 E.06213
G1 X98.824 Y86.357 E.07997
G1 X82.357 Y102.824 E.74885
G1 X82.357 Y105.311 E.07997
G1 X87.724 Y99.945 E.24404
G3 X90.935 Y94.708 I19.528 J8.369 E.19825
G1 X87.353 Y100.776 F18000
G1 F6205.95
G2 X86.355 Y103.8 I18.708 J7.848 E.1025
G1 X82.357 Y107.798 E.18181
G1 X82.357 Y110.285 E.07997
G1 X85.759 Y106.884 E.15467
G2 X85.558 Y109.572 I16.967 J2.615 E.08674
G1 X82.357 Y112.772 E.14556
G1 X82.357 Y115.259 E.07997
G1 X85.625 Y111.991 E.14862
G2 X85.915 Y114.189 I14.112 J-.74 E.07135
G1 X82.357 Y117.746 E.16178
G1 X82.357 Y120.233 E.07997
G1 X86.363 Y116.228 E.18217
G2 X86.949 Y118.129 I12.368 J-2.77 E.06404
G1 X82.357 Y122.721 E.20881
G1 X82.357 Y125.208 E.07997
G1 X87.656 Y119.909 E.24097
G2 X88.473 Y121.579 I11.022 J-4.356 E.05985
G1 X82.357 Y127.695 E.27812
G1 X82.357 Y130.182 E.07997
G1 X89.391 Y123.147 E.31988
G2 X90.405 Y124.621 I9.86 J-5.699 E.05757
G1 X82.357 Y132.669 E.36598
G1 X82.357 Y133.643 E.03132
G1 X83.87 Y133.643 E.04865
G1 X91.511 Y126.002 E.34744
G1 X92.705 Y127.295 E.05659
G1 X86.357 Y133.643 E.28867
G1 X88.844 Y133.643 E.07997
G1 X93.998 Y128.489 E.23434
G2 X95.379 Y129.595 I7.72 J-8.234 E.05696
G1 X91.331 Y133.643 E.18408
G1 X93.818 Y133.643 E.07997
G1 X96.853 Y130.609 E.13798
G2 X98.421 Y131.527 I6.618 J-9.507 E.05851
G1 X96.305 Y133.643 E.09622
G1 X98.792 Y133.643 E.07997
G1 X100.091 Y132.344 E.05907
G2 X101.871 Y133.051 I5.383 J-10.955 E.06165
G1 X101.279 Y133.643 E.02691
G1 X98.996 Y133.643 E.07343
G1 X102.808 Y133.506 F18000
;TYPE:Gap infill
;WIDTH:0.487818
G1 F5678.425
G1 X103.021 Y133.536 E.00758
;WIDTH:0.463091
G1 F6000
G1 X103.235 Y133.565 E.00716
;WIDTH:0.413636
G1 X103.449 Y133.595 E.00632
;WIDTH:0.364182
G1 X103.663 Y133.625 E.00548
;WIDTH:0.314728
G1 X103.876 Y133.654 E.00463
;WIDTH:0.265274
G1 X104.09 Y133.684 E.00379
;WIDTH:0.215819
G1 X104.304 Y133.713 E.00295
;WIDTH:0.166168
G1 X104.567 Y133.739 E.00257
;WIDTH:0.11742
G1 X104.824 Y133.765 E.00152
G1 X106.206 Y133.901 F18000
;WIDTH:0.549296
G1 F4989.011
G1 X106.68 Y133.929 E.019
;WIDTH:0.525403
G1 F5236.075
G1 X107.154 Y133.957 E.01811
;WIDTH:0.477616
G1 F5811.684
G1 X107.629 Y133.985 E.01631
;WIDTH:0.42983
G1 F6000
G1 X108.103 Y134.013 E.01452
;WIDTH:0.386671
G2 X109.056 Y134.032 I.96 J-24.271 E.02588
;WIDTH:0.349528
G1 X109.994 Y134.05 E.02274
G1 X109.994 Y134.389 F18000
G1 X81.611 Y134.389
G1 X81.611 Y88.106
G1 X82.357 Y88.106
;TYPE:Sparse infill
;WIDTH:0.45
G1 F6205.95
G1 X82.357 Y90.389 E.07343
G1 X86.389 Y86.357 E.18336
G1 X83.902 Y86.357 E.07997
G1 X82.357 Y87.902 E.07026
G1 X82.357 Y86.357 E.04968
G1 X83.699 Y86.357 E.04313
; stop printing object base_plate.stl id:0 copy 0
;LAYER_CHANGE
;Z:3.24
;HEIGHT:0.2
G92 E0 ; zero the extruded length again
; BEFORE_LAYER_CHANGE 15 @ 3.24mm
G1 E-1.75 F6000
;WIPE_START
G1 F6205.95
G1 X82.699 Y86.357 E-.75
;WIPE_END
; AFTER_LAYER_CHANGE 15 @ 3.24mm
;_SET_FAN_SPEED_CHANGING_LAYER
; printing object base_plate.stl id:0 copy 0
G17
G3 Z3.44 I.608 J0 P1  F18000
G1 X82.699 Y85.611 Z3.44
G1 X138.389 Y85.611
G1 X138.389 Y134.389
G1 X138.389 Y134.389
G1 X138.79 Y134.79
G1 Z3.24
G1 E2.5 F6000
M204 P1000
;TYPE:Outer wall
;WIDTH:0.42
G1 F3600
G1 X81.21 Y134.79 E1.71511
G1 X81.21 Y85.21 E1.47682
G1 X138.79 Y85.21 E1.71511
G1 X138.79 Y134.73 E1.47503
G1 X138.389 Y134.389 F18000
G1 X138.389 Y134.389
G1 X138.398 Y134.398
M204 P1500
;TYPE:Inner wall
;WIDTH:0.45
G1 F6000
G1 X81.602 Y134.398 E1.82635
G1 X81.602 Y85.602 E1.5691
G1 X138.398 Y85.602 E1.82635
G1 X138.398 Y134.338 E1.56717
G1 E-1.75
;WIPE_START
G1 X137.398 Y134.339 E-.75
;WIPE_END
G1 X133.583 Y134.246 Z3.44 F18000
G1 X113.986 Y133.771 Z3.44
G1 Z3.24
G1 E2.5 F6000
G1 X115.628 Y133.444 E.05385
G1 X117.45 Y132.93 E.06088
G1 X119.227 Y132.275 E.06088
G1 X120.946 Y131.482 E.06088
G1 X122.597 Y130.557 E.06088
G1 X124.172 Y129.505 E.06088
G1 X125.658 Y128.333 E.06088
G1 X127.048 Y127.048 E.06088
G1 X128.333 Y125.658 E.06088
G1 X129.505 Y124.172 E.06088
G1 X130.557 Y122.597 E.06088
G1 X131.482 Y120.946 E.06088
G1 X132.275 Y119.227 E.06088
G1 X132.93 Y117.45 E.06088
G1 X133.444 Y115.628 E.06088
G1 X133.813 Y113.772 E.06087
G1 X134.036 Y111.892 E.06088
G1 X134.11 Y110 E.06088
G1 X134.036 Y108.108 E.06088
G1 X133.813 Y106.228 E.06088
G1 X133.444 Y104.372 E.06087
G1 X132.93 Y102.55 E.06088
G1 X132.275 Y100.773 E.06088
G1 X131.482 Y99.054 E.06088
G1 X130.557 Y97.403 E.06088
G1 X129.505 Y95.828 E.06088
G1 X128.333 Y94.342 E.06088
G1 X127.048 Y92.952 E.06088
G1 X125.658 Y91.667 E.06088
G1 X124.172 Y90.495 E.06088
G1 X122.597 Y89.443 E.06088
G1 X120.946 Y88.518 E.06088
G1 X119.227 Y87.725 E.06088
G1 X117.45 Y87.07 E.06088
G1 X115.628 Y86.556 E.06088
G1 X113.986 Y86.229 E.05385
G1 X114.008 Y86.009 E.00712
G1 X137.991 Y86.009 E.77121
G1 X137.991 Y133.991 E1.54292
G1 X114.008 Y133.991 E.77122
G1 X113.992 Y133.83 E.00519
G1 E-1.75
;WIPE_START
G1 X114.965 Y133.6 E-.75
;WIPE_END
G1 X111.149 Y133.673 Z3.44 F18000
G1 X106.014 Y133.771 Z3.44
G1 Z3.24
G1 E2.5 F6000
G1 X105.992 Y133.991 E.00712
G1 X82.009 Y133.991 E.77122
G1 X82.009 Y86.009 E1.54292
G1 X105.992 Y86.009 E.77121
G1 X106.014 Y86.229 E.00712
G1 X104.372 Y86.556 E.05385
G1 X102.55 Y87.07 E.06088
G1 X100.773 Y87.725 E.06088
G1 X99.054 Y88.518 E.06088
G1 X97.403 Y89.443 E.06088
G1 X95.828 Y90.495 E.06088
G1 X94.342 Y91.667 E.06088
G1 X92.952 Y92.952 E.06088
G1 X91.667 Y94.342 E.06088
G1 X90.495 Y95.828 E.06088
G1 X89.443 Y97.403 E.06088
G1 X88.518 Y99.054 E.06088
G1 X87.725 Y100.773 E.06088
G1 X87.07 Y102.55 E.06088
G1 X86.556 Y104.372 E.06088
G1 X86.187 Y106.228 E.06087
G1 X85.964 Y108.108 E.06088
G1 X85.89 Y110 E.06088
G1 X85.964 Y111.892 E.06088
G1 X86.187 Y113.772 E.06088
G1 X86.556 Y115.628 E.06087
G1 X87.07 Y117.45 E.06088
G1 X87.725 Y119.227 E.06088
G1 X88.518 Y120.946 E.06088
G1 X89.443 Y122.597 E.06088
G1 X90.495 Y124.172 E.06088
G1 X91.667 Y125.658 E.06088
G1 X92.952 Y127.048 E.06088
G1 X94.342 Y128.333 E.06088
G1 X95.828 Y129.505 E.06088
G1 X97.403 Y130.557 E.06088
G1 X99.054 Y131.482 E.06088
G1 X100.773 Y132.275 E.06088
G1 X102.55 Y132.93 E.06088
G1 X104.372 Y133.444 E.06088
G1 X105.955 Y133.759 E.05192
G1 E-1.75
;WIPE_START
G1 X105.992 Y133.991 E-.17623
G1 X105.227 Y133.991 E-.57377
;WIPE_END
G1 X105.377 Y133.238 Z3.44 F18000
G1 X106.291 Y133.419
G1 X108.14 Y133.638
G1 X109.671 Y133.698
G1 X109.984 Y133.711
G1 X110 Y133.31
G1 Z3.24
G1 E2.5 F6000
M204 P1000
;TYPE:Outer wall
;WIDTH:0.42
G1 F3600
G1 X111.829 Y133.238 E.05452
G1 X113.647 Y133.023 E.05452
G1 X115.442 Y132.666 E.05452
G1 X117.203 Y132.169 E.05452
G1 X118.92 Y131.536 E.05452
G1 X120.583 Y130.77 E.05452
G1 X122.18 Y129.875 E.05452
G1 X123.701 Y128.858 E.05452
G1 X125.139 Y127.725 E.05452
G1 X126.483 Y126.483 E.05452
G1 X127.725 Y125.139 E.05452
G1 X128.858 Y123.701 E.05452
G1 X129.875 Y122.18 E.05452
G1 X130.77 Y120.583 E.05452
G1 X131.536 Y118.92 E.05452
G1 X132.169 Y117.203 E.05452
G1 X132.666 Y115.442 E.05452
G1 X133.023 Y113.647 E.05452
G1 X133.238 Y111.829 E.05452
G1 X133.31 Y110 E.05452
G1 X133.238 Y108.171 E.05452
G1 X133.023 Y106.353 E.05452
G1 X132.666 Y104.558 E.05452
G1 X132.169 Y102.797 E.05452
G1 X131.536 Y101.08 E.05452
G1 X130.77 Y99.417 E.05452
G1 X129.875 Y97.82 E.05452
G1 X128.858 Y96.299 E.05452
G1 X127.725 Y94.861 E.05452
G1 X126.483 Y93.517 E.05452
G1 X125.139 Y92.275 E.05452
G1 X123.701 Y91.142 E.05452
G1 X122.18 Y90.125 E.05452
G1 X120.583 Y89.23 E.05452
G1 X118.92 Y88.464 E.05452
G1 X117.203 Y87.831 E.05452
G1 X115.442 Y87.334 E.05452
G1 X113.647 Y86.977 E.05452
G1 X111.829 Y86.762 E.05452
G1 X110 Y86.69 E.05452
G1 X109.302 Y86.717 E.0208
G1 X108.171 Y86.762 E.03371
G1 X106.353 Y86.977 E.05452
G1 X104.558 Y87.334 E.05452
G1 X102.797 Y87.831 E.05452
G1 X101.08 Y88.464 E.05452
G1 X99.417 Y89.23 E.05452
G1 X97.82 Y90.125 E.05452
G1 X96.299 Y91.142 E.05452
G1 X94.861 Y92.275 E.05452
G1 X93.517 Y93.517 E.05452
G1 X92.275 Y94.861 E.05452
G1 X91.142 Y96.299 E.05452
G1 X90.125 Y97.82 E.05452
G1 X89.23 Y99.417 E.05452
G1 X88.464 Y101.08 E.05452
G1 X87.831 Y102.797 E.05452
G1 X87.334 Y104.558 E.05452
G1 X86.977 Y106.353 E.05452
G1 X86.762 Y108.171 E.05452
G1 X86.69 Y110 E.05452
G1 X86.762 Y111.829 E.05452
G1 X86.977 Y113.647 E.05452
G1 X87.334 Y115.442 E.05452
G1 X87.831 Y117.203 E.05452
G1 X88.464 Y118.92 E.05452
G1 X89.23 Y120.583 E.05452
G1 X90.125 Y122.18 E.05452
G1 X91.142 Y123.701 E.05452
G1 X92.275 Y125.139 E.05452
G1 X93.517 Y126.483 E.05452
G1 X94.861 Y127.725 E.05452
G1 X96.299 Y128.858 E.05452
G1 X97.82 Y129.875 E.05452
G1 X99.417 Y130.77 E.05452
G1 X101.08 Y131.536 E.05452
G1 X102.797 Y132.169 E.05452
G1 X104.558 Y132.666 E.05452
G1 X106.353 Y133.023 E.05452
G1 X108.171 Y133.238 E.05452
G1 X109.94 Y133.308 E.05273
G1 X109.924 Y133.708 F18000
G1 X109.985 Y133.711
G1 X109.985 Y133.702
M204 P1500
;TYPE:Inner wall
;WIDTH:0.45
G1 F6000
G1 X110 Y133.703 E.00047
G1 X111.86 Y133.63 E.05985
G1 X113.708 Y133.411 E.05985
G1 X115.533 Y133.048 E.05985
G1 X117.325 Y132.543 E.05985
G1 X119.071 Y131.898 E.05985
G1 X120.761 Y131.119 E.05985
G1 X122.385 Y130.21 E.05985
G1 X123.932 Y129.176 E.05985
G1 X125.394 Y128.024 E.05985
G1 X126.76 Y126.76 E.05985
G1 X128.024 Y125.394 E.05985
G1 X129.176 Y123.932 E.05985
G1 X130.21 Y122.385 E.05985
G1 X131.119 Y120.761 E.05985
G1 X131.898 Y119.071 E.05985
G1 X132.543 Y117.325 E.05985
G1 X133.048 Y115.533 E.05985
G1 X133.411 Y113.708 E.05985
G1 X133.63 Y111.86 E.05985
G1 X133.703 Y110 E.05985
G1 X133.63 Y108.14 E.05985
G1 X133.411 Y106.292 E.05985
G1 X133.048 Y104.467 E.05985
G1 X132.543 Y102.675 E.05985
G1 X131.898 Y100.929 E.05985
G1 X131.119 Y99.239 E.05985
G1 X130.21 Y97.615 E.05985
G1 X129.176 Y96.068 E.05985
G1 X128.024 Y94.606 E.05985
G1 X126.76 Y93.24 E.05985
G1 X125.394 Y91.976 E.05985
G1 X123.932 Y90.824 E.05985
G1 X122.385 Y89.79 E.05985
G1 X120.761 Y88.881 E.05985
G1 X119.071 Y88.102 E.05985
G1 X117.325 Y87.457 E.05985
G1 X115.533 Y86.952 E.05985
G1 X113.708 Y86.589 E.05985
G1 X111.86 Y86.37 E.05985
G1 X110 Y86.297 E.05985
G1 X109.287 Y86.325 E.02295
G1 X108.14 Y86.37 E.03689
G1 X106.292 Y86.589 E.05985
G1 X104.467 Y86.952 E.05985
G1 X102.675 Y87.457 E.05985
G1 X100.929 Y88.102 E.05985
G1 X99.239 Y88.881 E.05985
G1 X97.615 Y89.79 E.05985
G1 X96.068 Y90.824 E.05985
G1 X94.606 Y91.976 E.05985
G1 X93.24 Y93.24 E.05985
G1 X91.976 Y94.606 E.05985
G1 X90.824 Y96.068 E.05985
G1 X89.79 Y97.615 E.05985
G1 X88.881 Y99.239 E.05985
G1 X88.102 Y100.929 E.05985
G1 X87.457 Y102.675 E.05985
G1 X86.952 Y104.467 E.05985
G1 X86.589 Y106.292 E.05985
G1 X86.37 Y108.14 E.05985
G1 X86.297 Y110 E.05985
G1 X86.37 Y111.86 E.05985
G1 X86.589 Y113.708 E.05985
G1 X86.952 Y115.533 E.05985
G1 X87.457 Y117.325 E.05985
G1 X88.102 Y119.071 E.05985
G1 X88.881 Y120.761 E.05985
G1 X89.79 Y122.385 E.05985
G1 X90.824 Y123.932 E.05985
G1 X91.976 Y125.394 E.05985
G1 X93.24 Y126.76 E.05985
G1 X94.606 Y128.024 E.05985
G1 X96.068 Y129.176 E.05985
G1 X97.615 Y130.21 E.05985
G1 X99.239 Y131.119 E.05985
G1 X100.929 Y131.898 E.05985
G1 X102.675 Y132.543 E.05985
G1 X104.467 Y133.048 E.05985
G1 X106.292 Y133.411 E.05985
G1 X108.14 Y133.63 E.05985
G1 X109.926 Y133.7 E.05745
G1 X109.994 Y134.05 F18000
M204 P2000
;TYPE:Gap infill
;WIDTH:0.349309
G1 F6000
G2 X110.944 Y134.032 I.006 J-24.196 E.023
;WIDTH:0.386388
G1 X111.883 Y134.013 E.02547
;WIDTH:0.429119
G2 X112.371 Y133.985 I-.481 J-12.434 E.01493
;WIDTH:0.477617
G1 F5811.677
G1 X112.846 Y133.957 E.01631
;WIDTH:0.525403
G1 F5236.076
G1 X113.32 Y133.929 E.01811
;WIDTH:0.573189
G1 F4764.217
G1 X113.794 Y133.901 E.0199
G1 X115.176 Y133.765 F18000
;WIDTH:0.14152
G1 F6000
G1 X115.433 Y133.739 E.00201
;WIDTH:0.16562
G1 X115.69 Y133.714 E.00251
;WIDTH:0.190407
G1 X115.696 Y133.713 E.00007
;WIDTH:0.215819
G1 X115.91 Y133.684 E.00295
;WIDTH:0.265273
G1 X116.124 Y133.654 E.00379
;WIDTH:0.314728
G1 X116.337 Y133.625 E.00463
;WIDTH:0.364182
G1 X116.551 Y133.595 E.00548
;WIDTH:0.413636
G1 X116.765 Y133.565 E.00632
;WIDTH:0.463091
G1 X116.979 Y133.536 E.00716
;WIDTH:0.512545
G1 F5379.434
G1 X117.192 Y133.506 E.00801
G1 X121.379 Y133.643 F18000
;TYPE:Sparse infill
;WIDTH:0.45
G1 F6205.95
G1 X123.663 Y133.643 E.07343
G1 X137.643 Y119.663 E.63575
G1 X137.643 Y122.15 E.07997
G1 X126.15 Y133.643 E.52265
G1 X128.637 Y133.643 E.07997
G1 X137.643 Y124.637 E.40956
G1 X137.643 Y127.124 E.07997
G1 X131.124 Y133.643 E.29646
G1 X133.611 Y133.643 E.07997
G1 X137.643 Y129.611 E.18336
G1 X137.643 Y132.098 E.07997
G1 X136.098 Y133.643 E.07026
G1 X137.643 Y133.643 E.04968
G1 X137.643 Y132.301 E.04313
G1 X137.643 Y119.459 F18000
G1 F6205.95
G1 X137.643 Y117.176 E.07343
G1 X121.176 Y133.643 E.74885
G1 X118.689 Y133.643 E.07997
G1 X120.055 Y132.276 E.06213
G2 X125.292 Y129.065 I-8.37 J-19.528 E.19825
G1 X129.065 Y125.292 F18000
G1 F6205.95
G2 X132.276 Y120.055 I-16.317 J-13.607 E.19825
G1 X137.643 Y114.689 E.24404
G1 X137.643 Y112.202 E.07997
G1 X133.645 Y116.2 E.18181
G2 X134.241 Y113.116 I-25.064 J-6.451 E.10107
G1 X137.643 Y109.715 E.15467
G1 X137.643 Y107.228 E.07997
G1 X134.442 Y110.428 E.14556
G2 X134.375 Y108.009 I-40.651 J-.083 E.07786
G1 X137.643 Y104.741 E.14862
G1 X137.643 Y102.254 E.07997
G1 X134.085 Y105.811 E.16178
G2 X133.637 Y103.772 I-13.174 J1.83 E.06719
G1 X137.643 Y99.766 E.18217
G1 X137.643 Y97.279 E.07997
G1 X133.051 Y101.871 E.20881
G2 X132.344 Y100.091 I-11.662 J3.603 E.06165
G1 X137.643 Y94.792 E.24097
G1 X137.643 Y92.305 E.07997
G1 X131.527 Y98.421 E.27812
G2 X130.609 Y96.853 I-10.426 J5.05 E.05851
G1 X137.643 Y89.818 E.31988
G1 X137.643 Y87.331 E.07997
G1 X129.595 Y95.379 E.36598
G2 X128.489 Y93.998 I-9.34 J6.339 E.05696
G1 X136.13 Y86.357 E.34744
G1 X133.643 Y86.357 E.07997
G1 X127.295 Y92.705 E.28867
G1 X126.002 Y91.511 E.05659
G1 X131.156 Y86.357 E.23434
G1 X128.669 Y86.357 E.07997
G1 X124.621 Y90.405 E.18408
G2 X123.147 Y89.391 I-7.173 J8.847 E.05757
G1 X126.182 Y86.357 E.13798
G1 X123.695 Y86.357 E.07997
G1 X121.579 Y88.473 E.09622
G2 X119.909 Y87.656 I-6.026 J10.205 E.05985
G1 X121.208 Y86.357 E.05907
G1 X118.721 Y86.357 E.07997
G1 X118.129 Y86.949 E.02691
G2 X117.512 Y86.725 I-1.729 J3.807 E.02113
G1 X117.563 Y86.357 E.01195
G1 X118.517 Y86.357 E.03068
G1 X117.192 Y86.494 F18000
;TYPE:Gap infill
;WIDTH:0.512544
G1 F5379.443
G1 X116.979 Y86.464 E.00801
;WIDTH:0.463089
G1 F6000
G1 X116.765 Y86.435 E.00716
;WIDTH:0.413634
G1 X116.551 Y86.405 E.00632
;WIDTH:0.364179
G1 X116.337 Y86.375 E.00548
;WIDTH:0.314724
G1 X116.124 Y86.346 E.00463
;WIDTH:0.265269
G1 X115.91 Y86.316 E.00379
;WIDTH:0.215814
G1 X115.696 Y86.287 E.00295
;WIDTH:0.1904
G1 X115.69 Y86.286 E.00007
;WIDTH:0.165616
G1 X115.433 Y86.261 E.00251
;WIDTH:0.141517
G1 X115.176 Y86.235 E.00201
G1 X113.794 Y86.099 F18000
;WIDTH:0.573188
G1 F4764.23
G1 X113.32 Y86.071 E.0199
;WIDTH:0.525401
G1 F5236.102
G1 X112.846 Y86.043 E.01811
;WIDTH:0.477613
G1 F5811.725
G1 X112.371 Y86.015 E.01631
;WIDTH:0.429114
G1 F6000
G2 X111.883 Y85.987 I-.97 J12.406 E.01493
;WIDTH:0.386384
G1 X110.944 Y85.968 E.02547
;WIDTH:0.349305
G2 X109.994 Y85.95 I-.944 J24.177 E.02299
;WIDTH:0.349524
G1 X109.056 Y85.968 E.02274
;WIDTH:0.386668
G2 X108.103 Y85.987 I.008 J24.29 E.02588
;WIDTH:0.429827
G1 X107.629 Y86.015 E.01452
;WIDTH:0.477614
G1 F5811.722
G1 X107.154 Y86.043 E.01631
;WIDTH:0.5254
G1 F5236.106
G1 X106.68 Y86.071 E.01811
;WIDTH:0.549294
G1 F4989.039
G1 X106.206 Y86.099 E.019
G1 X104.824 Y86.235 F18000
;WIDTH:0.117418
G1 F6000
G1 X104.567 Y86.261 E.00152
;WIDTH:0.166163
G1 X104.304 Y86.287 E.00257
;WIDTH:0.215813
G1 X104.09 Y86.316 E.00295
;WIDTH:0.265268
G1 X103.876 Y86.346 E.00379
;WIDTH:0.314723
G1 X103.663 Y86.375 E.00463
;WIDTH:0.364179
G1 X103.449 Y86.405 E.00548
;WIDTH:0.413634
G1 X103.235 Y86.435 E.00632
;WIDTH:0.463089
G1 X103.021 Y86.464 E.00716
;WIDTH:0.487817
G1 F5678.432
G1 X102.808 Y86.494 E.00758
G1 X98.621 Y86.357 F18000
;TYPE:Sparse infill
;WIDTH:0.45
G1 F6205.95
G1 X96.337 Y86.357 E.07343
G1 X82.357 Y100.337 E.63575
G1 X82.357 Y97.85 E.07997
G1 X93.85 Y86.357 E.52265
G1 X91.363 Y86.357 E.07997
G1 X82.357 Y95.363 E.40955
G1 X82.357 Y92.876 E.07997
G1 X88.876 Y86.357 E.29646
G1 X91.16 Y86.357 E.07343
G1 X94.708 Y90.935 F18000
G1 F6205.95
G3 X99.945 Y87.724 I13.607 J16.317 E.19825
G1 X101.311 Y86.357 E.06213
G1 X98.824 Y86.357 E.07997
G1 X82.357 Y102.824 E.74885
G1 X82.357 Y105.311 E.07997
G1 X87.724 Y99.945 E.24404
G3 X90.935 Y94.708 I19.528 J8.369 E.19825
G1 X87.353 Y100.776 F18000
G1 F6205.95
G2 X86.355 Y103.8 I18.708 J7.848 E.1025
G1 X82.357 Y107.798 E.18181
G1 X82.357 Y110.285 E.07997
G1 X85.759 Y106.884 E.15467
G2 X85.558 Y109.572 I16.967 J2.615 E.08674
G1 X82.357 Y112.772 E.14556
G1 X82.357 Y115.259 E.07997
G1 X85.625 Y111.991 E.14862
G2 X85.915 Y114.189 I14.112 J-.74 E.07135
G1 X82.357 Y117.746 E.16178
G1 X82.357 Y120.233 E.07997
G1 X86.363 Y116.228 E.18217
G2 X86.949 Y118.129 I12.368 J-2.77 E.06404
G1 X82.357 Y122.721 E.20881
G1 X82.357 Y125.208 E.07997
G1 X87.656 Y119.909 E.24097
G2 X88.473 Y121.579 I11.022 J-4.356 E.05985
G1 X82.357 Y127.695 E.27812
G1 X82.357 Y130.182 E.07997
G1 X89.391 Y123.147 E.31988
G2 X90.405 Y124.621 I9.86 J-5.699 E.05757
G1 X82.357 Y132.669 E.36598
G1 X82.357 Y133.643 E.03132
G1 X83.87 Y133.643 E.04865
G1 X91.511 Y126.002 E.34744
G1 X92.705 Y127.295 E.05659
G1 X86.357 Y133.643 E.28867
G1 X88.844 Y133.643 E.07997
G1 X93.998 Y128.489 E.23434
G2 X95.379 Y129.595 I7.72 J-8.234 E.05696
G1 X91.331 Y133.643 E.18408
G1 X93.818 Y133.643 E.07997
G1 X96.853 Y130.609 E.13798
G2 X98.421 Y131.527 I6.618 J-9.507 E.05851
G1 X96.305 Y133.643 E.09622
G1 X98.792 Y133.643 E.07997
G1 X100.091 Y132.344 E.05907
G2 X101.871 Y133.051 I5.383 J-10.955 E.06165
G1 X101.279 Y133.643 E.02691
G1 X98.996 Y133.643 E.07343
G1 X102.808 Y133.506 F18000
;TYPE:Gap infill
;WIDTH:0.487818
G1 F5678.425
G1 X103.021 Y133.536 E.00758
;WIDTH:0.463091
G1 F6000
G1 X103.235 Y133.565 E.00716
;WIDTH:0.413636
G1 X103.449 Y133.595 E.00632
;WIDTH:0.364182
G1 X103.663 Y133.625 E.00548
;WIDTH:0.314728
G1 X103.876 Y133.654 E.00463
;WIDTH:0.265274
G1 X104.09 Y133.684 E.00379
;WIDTH:0.215819
G1 X104.304 Y133.713 E.00295
;WIDTH:0.166168
G1 X104.567 Y133.739 E.00257
;WIDTH:0.11742
G1 X104.824 Y133.765 E.00152
G1 X106.206 Y133.901 F18000
;WIDTH:0.549296
G1 F4989.011
G1 X106.68 Y133.929 E.019
;WIDTH:0.525403
G1 F5236.075
G1 X107.154 Y133.957 E.01811
;WIDTH:0.477616
G1 F5811.684
G1 X107.629 Y133.985 E.01631
;WIDTH:0.42983
G1 F6000
G1 X108.103 Y134.013 E.01452
;WIDTH:0.386671
G2 X109.056 Y134.032 I.96 J-24.271 E.02588
;WIDTH:0.349528
G1 X109.994 Y134.05 E.02274
G1 X109.994 Y134.389 F18000
G1 X81.611 Y134.389
G1 X81.611 Y88.106
G1 X82.357 Y88.106
;TYPE:Sparse infill
;WIDTH:0.45
G1 F6205.95
G1 X82.357 Y90.389 E.07343
G1 X86.389 Y86.357 E.18336
G1 X83.902 Y86.357 E.07997
G1 X82.357 Y87.902 E.07026
G1 X82.357 Y86.357 E.04968
G1 X83.699 Y86.357 E.04313
; stop printing object base_plate.stl id:0 copy 0
;LAYER_CHANGE
;Z:3.44
;HEIGHT:0.2
G92 E0 ; zero the extruded length again
; BEFORE_LAYER_CHANGE 16 @ 3.44mm
G1 E-1.75 F6000
;WIPE_START
G1 F6205.95
G1 X82.699 Y86.357 E-.75
;WIPE_END
; AFTER_LAYER_CHANGE 16 @ 3.44mm
;_SET_FAN_SPEED_CHANGING_LAYER
; printing object base_plate.stl id:0 copy 0
G17
G3 Z3.64 I.608 J0 P1  F18000
G1 X82.699 Y85.611 Z3.64
G1 X138.389 Y85.611
G1 X138.389 Y134.389
G1 X138.389 Y134.389
G1 X138.79 Y134.79
G1 Z3.44
G1 E2.5 F6000
M204 P1000
;TYPE:Outer wall
;WIDTH:0.42
G1 F3600
G1 X81.21 Y134.79 E1.71511
G1 X81.21 Y85.21 E1.47682
G1 X138.79 Y85.21 E1.71511
G1 X138.79 Y134.73 E1.47503
G1 X138.389 Y134.389 F18000
G1 X138.389 Y134.389
G1 X138.398 Y134.398
M204 P1500
;TYPE:Inner wall
;WIDTH:0.45
G1 F6000
G1 X81.602 Y134.398 E1.82635
G1 X81.602 Y85.602 E1.5691
G1 X138.398 Y85.602 E1.82635
G1 X138.398 Y134.338 E1.56717
G1 E-1.75
;WIPE_START
G1 X137.398 Y134.339 E-.75
;WIPE_END
G1 X133.583 Y134.246 Z3.64 F18000
G1 X113.986 Y133.771 Z3.64
G1 Z3.44
G1 E2.5 F6000
G1 X115.628 Y133.444 E.05385
G1 X117.45 Y132.93 E.06088
G1 X119.227 Y132.275 E.06088
G1 X120.946 Y131.482 E.06088
G1 X122.597 Y130.557 E.06088
G1 X124.172 Y129.505 E.06088
G1 X125.658 Y128.333 E.06088
G1 X127.048 Y127.048 E.06088
G1 X128.333 Y125.658 E.06088
G1 X129.505 Y124.172 E.06088
G1 X130.557 Y122.597 E.06088
G1 X131.482 Y120.946 E.06088
G1 X132.275 Y119.227 E.06088
G1 X132.93 Y117.45 E.06088
G1 X133.444 Y115.628 E.06088
G1 X133.813 Y113.772 E.06087
G1 X134.036 Y111.892 E.06088
G1 X134.11 Y110 E.06088
G1 X134.036 Y108.108 E.06088
G1 X133.813 Y106.228 E.06088
G1 X133.444 Y104.372 E.06087
G1 X132.93 Y102.55 E.06088
G1 X132.275 Y100.773 E.06088
G1 X131.482 Y99.054 E.06088
G1 X130.557 Y97.403 E.06088
G1 X129.505 Y95.828 E.06088
G1 X128.333 Y94.342 E.06088
G1 X127.048 Y92.952 E.06088
G1 X125.658 Y91.667 E.06088
G1 X124.172 Y90.495 E.06088
G1 X122.597 Y89.443 E.06088
G1 X120.946 Y88.518 E.06088
G1 X119.227 Y87.725 E.06088
G1 X117.45 Y87.07 E.06088
G1 X115.628 Y86.556 E.06088
G1 X113.986 Y86.229 E.05385
G1 X114.008 Y86.009 E.00712
G1 X137.991 Y86.009 E.77121
G1 X137.991 Y133.991 E1.54292
G1 X114.008 Y133.991 E.77122
G1 X113.992 Y133.83 E.00519
G1 E-1.75
;WIPE_START
G1 X114.965 Y133.6 E-.75
;WIPE_END
G1 X111.149 Y133.673 Z3.64 F18000
G1 X106.014 Y133.771 Z3.64
G1 Z3.44
G1 E2.5 F6000
G1 X105.992 Y133.991 E.00712
G1 X82.009 Y133.991 E.77122
G1 X82.009 Y86.009 E1.54292
G1 X105.992 Y86.009 E.77121
G1 X106.014 Y86.229 E.00712
G1 X104.372 Y86.556 E.05385
G1 X102.55 Y87.07 E.06088
G1 X100.773 Y87.725 E.06088
G1 X99.054 Y88.518 E.06088
G1 X97.403 Y89.443 E.06088
G1 X95.828 Y90.495 E.06088
G1 X94.342 Y91.667 E.06088
G1 X92.952 Y92.952 E.06088
G1 X91.667 Y94.342 E.06088
G1 X90.495 Y95.828 E.06088
G1 X89.443 Y97.403 E.06088
G1 X88.518 Y99.054 E.06088
G1 X87.725 Y100.773 E.06088
G1 X87.07 Y102.55 E.06088
G1 X86.556 Y104.372 E.06088
G1 X86.187 Y106.228 E.06087
G1 X85.964 Y108.108 E.06088
G1 X85.89 Y110 E.06088
G1 X85.964 Y111.892 E.06088
G1 X86.187 Y113.772 E.06088
G1 X86.556 Y115.628 E.06087
G1 X87.07 Y117.45 E.06088
G1 X87.725 Y119.227 E.06088
G1 X88.518 Y120.946 E.06088
G1 X89.443 Y122.597 E.06088
G1 X90.495 Y124.172 E.06088
G1 X91.667 Y125.658 E.06088
G1 X92.952 Y127.048 E.06088
G1 X94.342 Y128.333 E.06088
G1 X95.828 Y129.505 E.06088
G1 X97.403 Y130.557 E.06088
G1 X99.054 Y131.482 E.06088
G1 X100.773 Y132.275 E.06088
G1 X102.55 Y132.93 E.06088
G1 X104.372 Y133.444 E.06088
G1 X105.955 Y133.759 E.05192
G1 E-1.75
;WIPE_START
G1 X105.992 Y133.991 E-.17623
G1 X105.227 Y133.991 E-.57377
;WIPE_END
G1 X105.377 Y133.238 Z3.64 F18000
G1 X106.291 Y133.419
G1 X108.14 Y133.638
G1 X109.671 Y133.698
G1 X109.984 Y133.711
G1 X110 Y133.31
G1 Z3.44
G1 E2.5 F6000
M204 P1000
;TYPE:Outer wall
;WIDTH:0.42
G1 F3600
G1 X111.829 Y133.238 E.05452
G1 X113.647 Y133.023 E.05452
G1 X115.442 Y132.666 E.05452
G1 X117.203 Y132.169 E.05452
G1 X118.92 Y131.536 E.05452
G1 X120.583 Y130.77 E.05452
G1 X122.18 Y129.875 E.05452
G1 X123.701 Y128.858 E.05452
G1 X125.139 Y127.725 E.05452
G1 X126.483 Y126.483 E.05452
G1 X127.725 Y125.139 E.05452
G1 X128.858 Y123.701 E.05452
G1 X129.875 Y122.18 E.05452
G1 X130.77 Y120.583 E.05452
G1 X131.536 Y118.92 E.05452
G1 X132.169 Y117.203 E.05452
G1 X132.666 Y115.442 E.05452
G1 X133.023 Y113.647 E.05452
G1 X133.238 Y111.829 E.05452
G1 X133.31 Y110 E.05452
G1 X133.238 Y108.171 E.05452
G1 X133.023 Y106.353 E.05452
G1 X132.666 Y104.558 E.05452
G1 X132.169 Y102.797 E.05452
G1 X131.536 Y101.08 E.05452
G1 X130.77 Y99.417 E.05452
G1 X129.875 Y97.82 E.05452
G1 X128.858 Y96.299 E.05452
G1 X127.725 Y94.861 E.05452
G1 X126.483 Y93.517 E.05452
G1 X125.139 Y92.275 E.05452
G1 X123.701 Y91.142 E.05452
G1 X122.18 Y90.125 E.05452
G1 X120.583 Y89.23 E.05452
G1 X118.92 Y88.464 E.05452
G1 X117.203 Y87.831 E.05452
G1 X115.442 Y87.334 E.05452
G1 X113.647 Y86.977 E.05452
G1 X111.829 Y86.762 E.05452
G1 X110 Y86.69 E.05452
G1 X109.182 Y86.722 E.02439
G1 X108.171 Y86.762 E.03013
G1 X106.353 Y86.977 E.05452
G1 X104.558 Y87.334 E.05452
G1 X102.797 Y87.831 E.05452
G1 X101.08 Y88.464 E.05452
G1 X99.417 Y89.23 E.05452
G1 X97.82 Y90.125 E.05452
G1 X96.299 Y91.142 E.05452
G1 X94.861 Y92.275 E.05452
G1 X93.517 Y93.517 E.05452
G1 X92.275 Y94.861 E.05452
G1 X91.142 Y96.299 E.05452
G1 X90.125 Y97.82 E.05452
G1 X89.23 Y99.417 E.05452
G1 X88.464 Y101.08 E.05452
G1 X87.831 Y102.797 E.05452
G1 X87.334 Y104.558 E.05452
G1 X86.977 Y106.353 E.05452
G1 X86.762 Y108.171 E.05452
G1 X86.69 Y110 E.05452
G1 X86.762 Y111.829 E.05452
G1 X86.977 Y113.647 E.05452
G1 X87.334 Y115.442 E.05452
G1 X87.831 Y117.203 E.05452
G1 X88.464 Y118.92 E.05452
G1 X89.23 Y120.583 E.05452
G1 X90.125 Y122.18 E.05452
G1 X91.142 Y123.701 E.05452
G1 X92.275 Y125.139 E.05452
G1 X93.517 Y126.483 E.05452
G1 X94.861 Y127.725 E.05452
G1 X96.299 Y128.858 E.05452
G1 X97.82 Y129.875 E.05452
G1 X99.417 Y130.77 E.05452
G1 X101.08 Y131.536 E.05452
G1 X102.797 Y132.169 E.05452
G1 X104.558 Y132.666 E.05452
G1 X106.353 Y133.023 E.05452
G1 X108.171 Y133.238 E.05452
G1 X109.94 Y133.308 E.05273
G1 X109.924 Y133.708 F18000
G1 X109.985 Y133.711
G1 X109.985 Y133.702
M204 P1500
;TYPE:Inner wall
;WIDTH:0.45
G1 F6000
G1 X110 Y133.703 E.00047
G1 X111.86 Y133.63 E.05985
G1 X113.708 Y133.411 E.05985
G1 X115.533 Y133.048 E.05985
G1 X117.325 Y132.543 E.05985
G1 X119.071 Y131.898 E.05985
G1 X120.761 Y131.119 E.05985
G1 X122.385 Y130.21 E.05985
G1 X123.932 Y129.176 E.05985
G1 X125.394 Y128.024 E.05985
G1 X126.76 Y126.76 E.05985
G1 X128.024 Y125.394 E.05985
G1 X129.176 Y123.932 E.05985
G1 X130.21 Y122.385 E.05985
G1 X131.119 Y120.761 E.05985
G1 X131.898 Y119.071 E.05985
G1 X132.543 Y117.325 E.05985
G1 X133.048 Y115.533 E.05985
G1 X133.411 Y113.708 E.05985
G1 X133.63 Y111.86 E.05985
G1 X133.703 Y110 E.05985
G1 X133.63 Y108.14 E.05985
G1 X133.411 Y106.292 E.05985
G1 X133.048 Y104.467 E.05985
G1 X132.543 Y102.675 E.05985
G1 X131.898 Y100.929 E.05985
G1 X131.119 Y99.239 E.05985
G1 X130.21 Y97.615 E.05985
G1 X129.176 Y96.068 E.05985
G1 X128.024 Y94.606 E.05985
G1 X126.76 Y93.24 E.05985
G1 X125.394 Y91.976 E.05985
G1 X123.932 Y90.824 E.05985
G1 X122.385 Y89.79 E.05985
G1 X120.761 Y88.881 E.05985
G1 X119.071 Y88.102 E.05985
G1 X117.325 Y87.457 E.05985
G1 X115.533 Y86.952 E.05985
G1 X113.708 Y86.589 E.05985
G1 X111.86 Y86.37 E.05985
G1 X110 Y86.297 E.05985
G1 X109.166 Y86.33 E.02683
G1 X108.14 Y86.37 E.03302
G1 X106.292 Y86.589 E.05985
G1 X104.467 Y86.952 E.05985
G1 X102.675 Y87.457 E.05985
G1 X100.929 Y88.102 E.05985
G1 X99.239 Y88.881 E.05985
G1 X97.615 Y89.79 E.05985
G1 X96.068 Y90.824 E.05985
G1 X94.606 Y91.976 E.05985
G1 X93.24 Y93.24 E.05985
G1 X91.976 Y94.606 E.05985
G1 X90.824 Y96.068 E.05985
G1 X89.79 Y97.615 E.05985
G1 X88.881 Y99.239 E.05985
G1 X88.102 Y100.929 E.05985
G1 X87.457 Y102.675 E.05985
G1 X86.952 Y104.467 E.05985
G1 X86.589 Y106.292 E.05985
G1 X86.37 Y108.14 E.05985
G1 X86.297 Y110 E.05985
G1 X86.37 Y111.86 E.05985
G1 X86.589 Y113.708 E.05985
G1 X86.952 Y115.533 E.05985
G1 X87.457 Y117.325 E.05985
G1 X88.102 Y119.071 E.05985
G1 X88.881 Y120.761 E.05985
G1 X89.79 Y122.385 E.05985
G1 X90.824 Y123.932 E.05985
G1 X91.976 Y125.394 E.05985
G1 X93.24 Y126.76 E.05985
G1 X94.606 Y128.024 E.05985
G1 X96.068 Y129.176 E.05985
G1 X97.615 Y130.21 E.05985
G1 X99.239 Y131.119 E.05985
G1 X100.929 Y131.898 E.05985
G1 X102.675 Y132.543 E.05985
G1 X104.467 Y133.048 E.05985
G1 X106.292 Y133.411 E.05985
G1 X108.14 Y133.63 E.05985
G1 X109.926 Y133.7 E.05745
G1 X109.994 Y134.05 F18000
M204 P2000
;TYPE:Gap infill
;WIDTH:0.349309
G1 F6000
G2 X110.944 Y134.032 I.006 J-24.196 E.023
;WIDTH:0.386388
G1 X111.883 Y134.013 E.02547
;WIDTH:0.429119
G2 X112.371 Y133.985 I-.481 J-12.434 E.01493
;WIDTH:0.477617
G1 F5811.677
G1 X112.846 Y133.957 E.01631
;WIDTH:0.525403
G1 F5236.076
G1 X113.32 Y133.929 E.01811
;WIDTH:0.573189
G1 F4764.217
G1 X113.794 Y133.901 E.0199
G1 X115.176 Y133.765 F18000
;WIDTH:0.14152
G1 F6000
G1 X115.433 Y133.739 E.00201
;WIDTH:0.16562
G1 X115.69 Y133.714 E.00251
;WIDTH:0.190407
G1 X115.696 Y133.713 E.00007
;WIDTH:0.215819
G1 X115.91 Y133.684 E.00295
;WIDTH:0.265273
G1 X116.124 Y133.654 E.00379
;WIDTH:0.314728
G1 X116.337 Y133.625 E.00463
;WIDTH:0.364182
G1 X116.551 Y133.595 E.00548
;WIDTH:0.413636
G1 X116.765 Y133.565 E.00632
;WIDTH:0.463091
G1 X116.979 Y133.536 E.00716
;WIDTH:0.512545
G1 F5379.434
G1 X117.192 Y133.506 E.00801
G1 X121.379 Y133.643 F18000
;TYPE:Sparse infill
;WIDTH:0.45
G1 F6205.95
G1 X123.663 Y133.643 E.07343
G1 X137.643 Y119.663 E.63575
G1 X137.643 Y122.15 E.07997
G1 X126.15 Y133.643 E.52265
G1 X128.637 Y133.643 E.07997
G1 X137.643 Y124.637 E.40956
G1 X137.643 Y127.124 E.07997
G1 X131.124 Y133.643 E.29646
G1 X133.611 Y133.643 E.07997
G1 X137.643 Y129.611 E.18336
G1 X137.643 Y132.098 E.07997
G1 X136.098 Y133.643 E.07026
G1 X137.643 Y133.643 E.04968
G1 X137.643 Y132.301 E.04313
G1 X137.643 Y119.459 F18000
G1 F6205.95
G1 X137.643 Y117.176 E.07343
G1 X121.176 Y133.643 E.74885
G1 X118.689 Y133.643 E.07997
G1 X120.055 Y132.276 E.06213
G2 X125.292 Y129.065 I-8.37 J-19.528 E.19825
G1 X129.065 Y125.292 F18000
G1 F6205.95
G2 X132.276 Y120.055 I-16.317 J-13.607 E.19825
G1 X137.643 Y114.689 E.24404
G1 X137.643 Y112.202 E.07997
G1 X133.645 Y116.2 E.18181
G2 X134.241 Y113.116 I-25.064 J-6.451 E.10107
G1 X137.643 Y109.715 E.15467
G1 X137.643 Y107.228 E.07997
G1 X134.442 Y110.428 E.14556
G2 X134.375 Y108.009 I-40.651 J-.083 E.07786
G1 X137.643 Y104.741 E.14862
G1 X137.643 Y102.254 E.07997
G1 X134.085 Y105.811 E.16178
G2 X133.637 Y103.772 I-13.174 J1.83 E.06719
G1 X137.643 Y99.766 E.18217
G1 X137.643 Y97.279 E.07997
G1 X133.051 Y101.871 E.20881
G2 X132.344 Y100.091 I-11.662 J3.603 E.06165
G1 X137.643 Y94.792 E.24097
G1 X137.643 Y92.305 E.07997
G1 X131.527 Y98.421 E.27812
G2 X130.609 Y96.853 I-10.426 J5.05 E.05851
G1 X137.643 Y89.818 E.31988
G1 X137.643 Y87.331 E.07997
G1 X129.595 Y95.379 E.36598
G2 X128.489 Y93.998 I-9.34 J6.339 E.05696
G1 X136.13 Y86.357 E.34744
G1 X133.643 Y86.357 E.07997
G1 X127.295 Y92.705 E.28867
G1 X126.002 Y91.511 E.05659
G1 X131.156 Y86.357 E.23434
G1 X128.669 Y86.357 E.07997
G1 X124.621 Y90.405 E.18408
G2 X123.147 Y89.391 I-7.173 J8.847 E.05757
G1 X126.182 Y86.357 E.13798
G1 X123.695 Y86.357 E.07997
G1 X121.579 Y88.473 E.09622
G2 X119.909 Y87.656 I-6.026 J10.205 E.05985
G1 X121.208 Y86.357 E.05907
G1 X118.721 Y86.357 E.07997
G1 X118.129 Y86.949 E.02691
G2 X117.512 Y86.725 I-1.729 J3.807 E.02113
G1 X117.563 Y86.357 E.01195
G1 X118.517 Y86.357 E.03068
G1 X117.192 Y86.494 F18000
;TYPE:Gap infill
;WIDTH:0.512544
G1 F5379.443
G1 X116.979 Y86.464 E.00801
;WIDTH:0.463089
G1 F6000
G1 X116.765 Y86.435 E.00716
;WIDTH:0.413634
G1 X116.551 Y86.405 E.00632
;WIDTH:0.364179
G1 X116.337 Y86.375 E.00548
;WIDTH:0.314724
G1 X116.124 Y86.346 E.00463
;WIDTH:0.265269
G1 X115.91 Y86.316 E.00379
;WIDTH:0.215814
G1 X115.696 Y86.287 E.00295
;WIDTH:0.1904
G1 X115.69 Y86.286 E.00007
;WIDTH:0.165616
G1 X115.433 Y86.261 E.00251
;WIDTH:0.141517
G1 X115.176 Y86.235 E.00201
G1 X113.794 Y86.099 F18000
;WIDTH:0.573188
G1 F4764.23
G1 X113.32 Y86.071 E.0199
;WIDTH:0.525401
G1 F5236.102
G1 X112.846 Y86.043 E.01811
;WIDTH:0.477613
G1 F5811.725
G1 X112.371 Y86.015 E.01631
;WIDTH:0.429114
G1 F6000
G2 X111.883 Y85.987 I-.97 J12.406 E.01493
;WIDTH:0.386384
G1 X110.944 Y85.968 E.02547
;WIDTH:0.349305
G2 X109.994 Y85.95 I-.944 J24.177 E.02299
;WIDTH:0.349524
G1 X109.056 Y85.968 E.02274
;WIDTH:0.386668
G2 X108.103 Y85.987 I.008 J24.29 E.02588
;WIDTH:0.429827
G1 X107.629 Y86.015 E.01452
;WIDTH:0.477614
G1 F5811.722
G1 X107.154 Y86.043 E.01631
;WIDTH:0.5254
G1 F5236.106
G1 X106.68 Y86.071 E.01811
;WIDTH:0.549294
G1 F4989.039
G1 X106.206 Y86.099 E.019
G1 X104.824 Y86.235 F18000
;WIDTH:0.117418
G1 F6000
G1 X104.567 Y86.261 E.00152
;WIDTH:0.166163
G1 X104.304 Y86.287 E.00257
;WIDTH:0.215813
G1 X104.09 Y86.316 E.00295
;WIDTH:0.265268
G1 X103.876 Y86.346 E.00379
;WIDTH:0.314723
G1 X103.663 Y86.375 E.00463
;WIDTH:0.364179
G1 X103.449 Y86.405 E.00548
;WIDTH:0.413634
G1 X103.235 Y86.435 E.00632
;WIDTH:0.463089
G1 X103.021 Y86.464 E.00716
;WIDTH:0.487817
G1 F5678.432
G1 X102.808 Y86.494 E.00758
G1 X98.621 Y86.357 F18000
;TYPE:Sparse infill
;WIDTH:0.45
G1 F6205.95
G1 X96.337 Y86.357 E.07343
G1 X82.357 Y100.337 E.63575
G1 X82.357 Y97.85 E.07997
G1 X93.85 Y86.357 E.52265
G1 X91.363 Y86.357 E.07997
G1 X82.357 Y95.363 E.40955
G1 X82.357 Y92.876 E.07997
G1 X88.876 Y86.357 E.29646
G1 X91.16 Y86.357 E.07343
G1 X94.708 Y90.935 F18000
G1 F6205.95
G3 X99.945 Y87.724 I13.607 J16.317 E.19825
G1 X101.311 Y86.357 E.06213
G1 X98.824 Y86.357 E.07997
G1 X82.357 Y102.824 E.74885
G1 X82.357 Y105.311 E.07997
G1 X87.724 Y99.945 E.24404
G3 X90.935 Y94.708 I19.528 J8.369 E.19825
G1 X87.353 Y100.776 F18000
G1 F6205.95
G2 X86.355 Y103.8 I18.708 J7.848 E.1025
G1 X82.357 Y107.798 E.18181
G1 X82.357 Y110.285 E.07997
G1 X85.759 Y106.884 E.15467
G2 X85.558 Y109.572 I16.967 J2.615 E.08674
G1 X82.357 Y112.772 E.14556
G1 X82.357 Y115.259 E.07997
G1 X85.625 Y111.991 E.14862
G2 X85.915 Y114.189 I14.112 J-.74 E.07135
G1 X82.357 Y117.746 E.16178
G1 X82.357 Y120.233 E.07997
G1 X86.363 Y116.228 E.18217
G2 X86.949 Y118.129 I12.368 J-2.77 E.06404
G1 X82.357 Y122.721 E.20881
G1 X82.357 Y125.208 E.07997
G1 X87.656 Y119.909 E.24097
G2 X88.473 Y121.579 I11.022 J-4.356 E.05985
G1 X82.357 Y127.695 E.27812
G1 X82.357 Y130.182 E.07997
G1 X89.391 Y123.147 E.31988
G2 X90.405 Y124.621 I9.86 J-5.699 E.05757
G1 X82.357 Y132.669 E.36598
G1 X82.357 Y133.643 E.03132
G1 X83.87 Y133.643 E.04865
G1 X91.511 Y126.002 E.34744
G1 X92.705 Y127.295 E.05659
G1 X86.357 Y133.643 E.28867
G1 X88.844 Y133.643 E.07997
G1 X93.998 Y128.489 E.23434
G2 X95.379 Y129.595 I7.72 J-8.234 E.05696
G1 X91.331 Y133.643 E.18408
G1 X93.818 Y133.643 E.07997
G1 X96.853 Y130.609 E.13798
G2 X98.421 Y131.527 I6.618 J-9.507 E.05851
G1 X96.305 Y133.643 E.09622
G1 X98.792 Y133.643 E.07997
G1 X100.091 Y132.344 E.05907
G2 X101.871 Y133.051 I5.383 J-10.955 E.06165
G1 X101.279 Y133.643 E.02691
G1 X98.996 Y133.643 E.07343
G1 X102.808 Y133.506 F18000
;TYPE:Gap infill
;WIDTH:0.487818
G1 F5678.425
G1 X103.021 Y133.536 E.00758
;WIDTH:0.463091
G1 F6000
G1 X103.235 Y133.565 E.00716
;WIDTH:0.413636
G1 X103.449 Y133.595 E.00632
;WIDTH:0.364182
G1 X103.663 Y133.625 E.00548
;WIDTH:0.314728
G1 X103.876 Y133.654 E.00463
;WIDTH:0.265274
G1 X104.09 Y133.684 E.00379
;WIDTH:0.215819
G1 X104.304 Y133.713 E.00295
;WIDTH:0.166168
G1 X104.567 Y133.739 E.00257
;WIDTH:0.11742
G1 X104.824 Y133.765 E.00152
G1 X106.206 Y133.901 F18000
;WIDTH:0.549296
G1 F4989.011
G1 X106.68 Y133.929 E.019
;WIDTH:0.525403
G1 F5236.075
G1 X107.154 Y133.957 E.01811
;WIDTH:0.477616
G1 F5811.684
G1 X107.629 Y133.985 E.01631
;WIDTH:0.42983
G1 F6000
G1 X108.103 Y134.013 E.01452
;WIDTH:0.386671
G2 X109.056 Y134.032 I.96 J-24.271 E.02588
;WIDTH:0.349528
G1 X109.994 Y134.05 E.02274
G1 X109.994 Y134.389 F18000
G1 X81.611 Y134.389
G1 X81.611 Y88.106
G1 X82.357 Y88.106
;TYPE:Sparse infill
;WIDTH:0.45
G1 F6205.95
G1 X82.357 Y90.389 E.07343
G1 X86.389 Y86.357 E.18336
G1 X83.902 Y86.357 E.07997
G1 X82.357 Y87.902 E.07026
G1 X82.357 Y86.357 E.04968
G1 X83.699 Y86.357 E.04313
; stop printing object base_plate.stl id:0 copy 0
;LAYER_CHANGE
;Z:3.64
;HEIGHT:0.2
G92 E0 ; zero the extruded length again
; BEFORE_LAYER_CHANGE 17 @ 3.64mm
G1 E-1.75 F6000
;WIPE_START
G1 F6205.95
G1 X82.699 Y86.357 E-.75
;WIPE_END
; AFTER_LAYER_CHANGE 17 @ 3.64mm
;_SET_FAN_SPEED_CHANGING_LAYER
; printing object base_plate.stl id:0 copy 0
G17
G3 Z3.84 I.608 J0 P1  F18000
G1 X82.699 Y85.611 Z3.84
G1 X138.389 Y85.611
G1 X138.389 Y134.389
G1 X138.389 Y134.389
G1 X138.79 Y134.79
G1 Z3.64
G1 E2.5 F6000
M204 P1000
;TYPE:Outer wall
;WIDTH:0.42
G1 F3600
G1 X81.21 Y134.79 E1.71511
G1 X81.21 Y85.21 E1.47682
G1 X138.79 Y85.21 E1.71511
G1 X138.79 Y134.73 E1.47503
G1 X138.389 Y134.389 F18000
G1 X138.389 Y134.389
G1 X138.398 Y134.398
M204 P1500
;TYPE:Inner wall
;WIDTH:0.45
G1 F6000
G1 X81.602 Y134.398 E1.82635
G1 X81.602 Y85.602 E1.5691
G1 X138.398 Y85.602 E1.82635
G1 X138.398 Y134.338 E1.56717
G1 E-1.75
;WIPE_START
G1 X137.398 Y134.339 E-.75
;WIPE_END
G1 X133.583 Y134.246 Z3.84 F18000
G1 X113.986 Y133.771 Z3.84
G1 Z3.64
G1 E2.5 F6000
G1 X115.628 Y133.444 E.05385
G1 X117.45 Y132.93 E.06088
G1 X119.227 Y132.275 E.06088
G1 X120.946 Y131.482 E.06088
G1 X122.597 Y130.557 E.06088
G1 X124.172 Y129.505 E.06088
G1 X125.658 Y128.333 E.06088
G1 X127.048 Y127.048 E.06088
G1 X128.333 Y125.658 E.06088
G1 X129.505 Y124.172 E.06088
G1 X130.557 Y122.597 E.06088
G1 X131.482 Y120.946 E.06088
G1 X132.275 Y119.227 E.06088
G1 X132.93 Y117.45 E.06088
G1 X133.444 Y115.628 E.06088
G1 X133.813 Y113.772 E.06087
G1 X134.036 Y111.892 E.06088
G1 X134.11 Y110 E.06088
G1 X134.036 Y108.108 E.06088
G1 X133.813 Y106.228 E.06088
G1 X133.444 Y104.372 E.06087
G1 X132.93 Y102.55 E.06088
G1 X132.275 Y100.773 E.06088
G1 X131.482 Y99.054 E.06088
G1 X130.557 Y97.403 E.06088
G1 X129.505 Y95.828 E.06088
G1 X128.333 Y94.342 E.06088
G1 X127.048 Y92.952 E.06088
G1 X125.658 Y91.667 E.06088
G1 X124.172 Y90.495 E.06088
G1 X122.597 Y89.443 E.06088
G1 X120.946 Y88.518 E.06088
G1 X119.227 Y87.725 E.06088
G1 X117.45 Y87.07 E.06088
G1 X115.628 Y86.556 E.06088
G1 X113.986 Y86.229 E.05385
G1 X114.008 Y86.009 E.00712
G1 X137.991 Y86.009 E.77121
G1 X137.991 Y133.991 E1.54292
G1 X114.008 Y133.991 E.77122
G1 X113.992 Y133.83 E.00519
G1 E-1.75
;WIPE_START
G1 X114.965 Y133.6 E-.75
;WIPE_END
G1 X111.149 Y133.673 Z3.84 F18000
G1 X106.014 Y133.771 Z3.84
G1 Z3.64
G1 E2.5 F6000
G1 X105.992 Y133.991 E.00712
G1 X82.009 Y133.991 E.77122
G1 X82.009 Y86.009 E1.54292
G1 X105.992 Y86.009 E.77121
G1 X106.014 Y86.229 E.00712
G1 X104.372 Y86.556 E.05385
G1 X102.55 Y87.07 E.06088
G1 X100.773 Y87.725 E.06088
G1 X99.054 Y88.518 E.06088
G1 X97.403 Y89.443 E.06088
G1 X95.828 Y90.495 E.06088
G1 X94.342 Y91.667 E.06088
G1 X92.952 Y92.952 E.06088
G1 X91.667 Y94.342 E.06088
G1 X90.495 Y95.828 E.06088
G1 X89.443 Y97.403 E.06088
G1 X88.518 Y99.054 E.06088
G1 X87.725 Y100.773 E.06088
G1 X87.07 Y102.55 E.06088
G1 X86.556 Y104.372 E.06088
G1 X86.187 Y106.228 E.06087
G1 X85.964 Y108.108 E.06088
G1 X85.89 Y110 E.06088
G1 X85.964 Y111.892 E.06088
G1 X86.187 Y113.772 E.06088
G1 X86.556 Y115.628 E.06087
G1 X87.07 Y117.45 E.06088
G1 X87.725 Y119.227 E.06088
G1 X88.518 Y120.946 E.06088
G1 X89.443 Y122.597 E.06088
G1 X90.495 Y124.172 E.06088
G1 X91.667 Y125.658 E.06088
G1 X92.952 Y127.048 E.06088
G1 X94.342 Y128.333 E.06088
G1 X95.828 Y129.505 E.06088
G1 X97.403 Y130.557 E.06088
G1 X99.054 Y131.482 E.06088
G1 X100.773 Y132.275 E.06088
G1 X102.55 Y132.93 E.06088
G1 X104.372 Y133.444 E.06088
G1 X105.955 Y133.759 E.05192
G1 E-1.75
;WIPE_START
G1 X105.992 Y133.991 E-.17623
G1 X105.227 Y133.991 E-.57377
;WIPE_END
G1 X105.377 Y133.238 Z3.84 F18000
G1 X106.291 Y133.419
G1 X108.14 Y133.638
G1 X109.671 Y133.698
G1 X109.984 Y133.711
G1 X110 Y133.31
G1 Z3.64
G1 E2.5 F6000
M204 P1000
;TYPE:Outer wall
;WIDTH:0.42
G1 F3600
G1 X111.829 Y133.238 E.05452
G1 X113.647 Y133.023 E.05452
G1 X115.442 Y132.666 E.05452
G1 X117.203 Y132.169 E.05452
G1 X118.92 Y131.536 E.05452
G1 X120.583 Y130.77 E.05452
G1 X122.18 Y129.875 E.05452
G1 X123.701 Y128.858 E.05452
G1 X125.139 Y127.725 E.05452
G1 X126.483 Y126.483 E.05452
G1 X127.725 Y125.139 E.05452
G1 X128.858 Y123.701 E.05452
G1 X129.875 Y122.18 E.05452
G1 X130.77 Y120.583 E.05452
G1 X131.536 Y118.92 E.05452
G1 X132.169 Y117.203 E.05452
G1 X132.666 Y115.442 E.05452
G1 X133.023 Y113.647 E.05452
G1 X133.238 Y111.829 E.05452
G1 X133.31 Y110 E.05452
G1 X133.238 Y108.171 E.05452
G1 X133.023 Y106.353 E.05452
G1 X132.666 Y104.558 E.05452
G1 X132.169 Y102.797 E.05452
G1 X131.536 Y101.08 E.05452
G1 X130.77 Y99.417 E.05452
G1 X129.875 Y97.82 E.05452
G1 X128.858 Y96.299 E.05452
G1 X127.725 Y94.861 E.05452
G1 X126.483 Y93.517 E.05452
G1 X125.139 Y92.275 E.05452
G1 X123.701 Y91.142 E.05452
G1 X122.18 Y90.125 E.05452
G1 X120.583 Y89.23 E.05452
G1 X118.92 Y88.464 E.05452
G1 X117.203 Y87.831 E.05452
G1 X115.442 Y87.334 E.05452
G1 X113.647 Y86.977 E.05452
G1 X111.829 Y86.762 E.05452
G1 X110 Y86.69 E.05452
G1 X109.061 Y86.727 E.02798
G1 X108.171 Y86.762 E.02654
G1 X106.353 Y86.977 E.05452
G1 X104.558 Y87.334 E.05452
G1 X102.797 Y87.831 E.05452
G1 X101.08 Y88.464 E.05452
G1 X99.417 Y89.23 E.05452
G1 X97.82 Y90.125 E.05452
G1 X96.299 Y91.142 E.05452
G1 X94.861 Y92.275 E.05452
G1 X93.517 Y93.517 E.05452
G1 X92.275 Y94.861 E.05452
G1 X91.142 Y96.299 E.05452
G1 X90.125 Y97.82 E.05452
G1 X89.23 Y99.417 E.05452
G1 X88.464 Y101.08 E.05452
G1 X87.831 Y102.797 E.05452
G1 X87.334 Y104.558 E.05452
G1 X86.977 Y106.353 E.05452
G1 X86.762 Y108.171 E.05452
G1 X86.69 Y110 E.05452
G1 X86.762 Y111.829 E.05452
G1 X86.977 Y113.647 E.05452
G1 X87.334 Y115.442 E.05452
G1 X87.831 Y117.203 E.05452
G1 X88.464 Y118.92 E.05452
G1 X89.23 Y120.583 E.05452
G1 X90.125 Y122.18 E.05452
G1 X91.142 Y123.701 E.05452
G1 X92.275 Y125.139 E.05452
G1 X93.517 Y126.483 E.05452
G1 X94.861 Y127.725 E.05452
G1 X96.299 Y128.858 E.05452
G1 X97.82 Y129.875 E.05452
G1 X99.417 Y130.77 E.05452
G1 X101.08 Y131.536 E.05452
G1 X102.797 Y132.169 E.05452
G1 X104.558 Y132.666 E.05452
G1 X106.353 Y133.023 E.05452
G1 X108.171 Y133.238 E.05452
G1 X109.94 Y133.308 E.05273
G1 X109.924 Y133.708 F18000
G1 X109.985 Y133.711
G1 X109.985 Y133.702
M204 P1500
;TYPE:Inner wall
;WIDTH:0.45
G1 F6000
G1 X110 Y133.703 E.00047
G1 X111.86 Y133.63 E.05985
G1 X113.708 Y133.411 E.05985
G1 X115.533 Y133.048 E.05985
G1 X117.325 Y132.543 E.05985
G1 X119.071 Y131.898 E.05985
G1 X120.761 Y131.119 E.05985
G1 X122.385 Y130.21 E.05985
G1 X123.932 Y129.176 E.05985
G1 X125.394 Y128.024 E.05985
G1 X126.76 Y126.76 E.05985
G1 X128.024 Y125.394 E.05985
G1 X129.176 Y123.932 E.05985
G1 X130.21 Y122.385 E.05985
G1 X131.119 Y120.761 E.05985
G1 X131.898 Y119.071 E.05985
G1 X132.543 Y117.325 E.05985
G1 X133.048 Y115.533 E.05985
G1 X133.411 Y113.708 E.05985
G1 X133.63 Y111.86 E.05985
G1 X133.703 Y110 E.05985
G1 X133.63 Y108.14 E.05985
G1 X133.411 Y106.292 E.05985
G1 X133.048 Y104.467 E.05985
G1 X132.543 Y102.675 E.05985
G1 X131.898 Y100.929 E.05985
G1 X131.119 Y99.239 E.05985
G1 X130.21 Y97.615 E.05985
G1 X129.176 Y96.068 E.05985
G1 X128.024 Y94.606 E.05985
G1 X126.76 Y93.24 E.05985
G1 X125.394 Y91.976 E.05985
G1 X123.932 Y90.824 E.05985
G1 X122.385 Y89.79 E.05985
G1 X120.761 Y88.881 E.05985
G1 X119.071 Y88.102 E.05985
G1 X117.325 Y87.457 E.05985
G1 X115.533 Y86.952 E.05985
G1 X113.708 Y86.589 E.05985
G1 X111.86 Y86.37 E.05985
G1 X110 Y86.297 E.05985
G1 X109.046 Y86.335 E.0307
G1 X108.14 Y86.37 E.02915
G1 X106.292 Y86.589 E.05985
G1 X104.467 Y86.952 E.05985
G1 X102.675 Y87.457 E.05985
G1 X100.929 Y88.102 E.05985
G1 X99.239 Y88.881 E.05985
G1 X97.615 Y89.79 E.05985
G1 X96.068 Y90.824 E.05985
G1 X94.606 Y91.976 E.05985
G1 X93.24 Y93.24 E.05985
G1 X91.976 Y94.606 E.05985
G1 X90.824 Y96.068 E.05985
G1 X89.79 Y97.615 E.05985
G1 X88.881 Y99.239 E.05985
G1 X88.102 Y100.929 E.05985
G1 X87.457 Y102.675 E.05985
G1 X86.952 Y104.467 E.05985
G1 X86.589 Y106.292 E.05985
G1 X86.37 Y108.14 E.05985
G1 X86.297 Y110 E.05985
G1 X86.37 Y111.86 E.05985
G1 X86.589 Y113.708 E.05985
G1 X86.952 Y115.533 E.05985
G1 X87.457 Y117.325 E.05985
G1 X88.102 Y119.071 E.05985
G1 X88.881 Y120.761 E.05985
G1 X89.79 Y122.385 E.05985
G1 X90.824 Y123.932 E.05985
G1 X91.976 Y125.394 E.05985
G1 X93.24 Y126.76 E.05985
G1 X94.606 Y128.024 E.05985
G1 X96.068 Y129.176 E.05985
G1 X97.615 Y130.21 E.05985
G1 X99.239 Y131.119 E.05985
G1 X100.929 Y131.898 E.05985
G1 X102.675 Y132.543 E.05985
G1 X104.467 Y133.048 E.05985
G1 X106.292 Y133.411 E.05985
G1 X108.14 Y133.63 E.05985
G1 X109.926 Y133.7 E.05745
G1 X109.994 Y134.05 F18000
M204 P2000
;TYPE:Gap infill
;WIDTH:0.349309
G1 F6000
G2 X110.944 Y134.032 I.006 J-24.196 E.023
;WIDTH:0.386388
G1 X111.883 Y134.013 E.02547
;WIDTH:0.429119
G2 X112.371 Y133.985 I-.481 J-12.434 E.01493
;WIDTH:0.477617
G1 F5811.677
G1 X112.846 Y133.957 E.01631
;WIDTH:0.525403
G1 F5236.076
G1 X113.32 Y133.929 E.01811
;WIDTH:0.573189
G1 F4764.217
G1 X113.794 Y133.901 E.0199
G1 X115.176 Y133.765 F18000
;WIDTH:0.14152
G1 F6000
G1 X115.433 Y133.739 E.00201
;WIDTH:0.16562
G1 X115.69 Y133.714 E.00251
;WIDTH:0.190407
G1 X115.696 Y133.713 E.00007
;WIDTH:0.215819
G1 X115.91 Y133.684 E.00295
;WIDTH:0.265273
G1 X116.124 Y133.654 E.00379
;WIDTH:0.314728
G1 X116.337 Y133.625 E.00463
;WIDTH:0.364182
G1 X116.551 Y133.595 E.00548
;WIDTH:0.413636
G1 X116.765 Y133.565 E.00632
;WIDTH:0.463091
G1 X116.979 Y133.536 E.00716
;WIDTH:0.512545
G1 F5379.434
G1 X117.192 Y133.506 E.00801
G1 X121.379 Y133.643 F18000
;TYPE:Sparse infill
;WIDTH:0.45
G1 F6205.95
G1 X123.663 Y133.643 E.07343
G1 X137.643 Y119.663 E.63575
G1 X137.643 Y122.15 E.07997
G1 X126.15 Y133.643 E.52265
G1 X128.637 Y133.643 E.07997
G1 X137.643 Y124.637 E.40956
G1 X137.643 Y127.124 E.07997
G1 X131.124 Y133.643 E.29646
G1 X133.611 Y133.643 E.07997
G1 X137.643 Y129.611 E.18336
G1 X137.643 Y132.098 E.07997
G1 X136.098 Y133.643 E.07026
G1 X137.643 Y133.643 E.04968
G1 X137.643 Y132.301 E.04313
G1 X137.643 Y119.459 F18000
G1 F6205.95
G1 X137.643 Y117.176 E.07343
G1 X121.176 Y133.643 E.74885
G1 X118.689 Y133.643 E.07997
G1 X120.055 Y132.276 E.06213
G2 X125.292 Y129.065 I-8.37 J-19.528 E.19825
G1 X129.065 Y125.292 F18000
G1 F6205.95
G2 X132.276 Y120.055 I-16.317 J-13.607 E.19825
G1 X137.643 Y114.689 E.24404
G1 X137.643 Y112.202 E.07997
G1 X133.645 Y116.2 E.18181
G2 X134.241 Y113.116 I-25.064 J-6.451 E.10107
G1 X137.643 Y109.715 E.15467
G1 X137.643 Y107.228 E.07997
G1 X134.442 Y110.428 E.14556
G2 X134.375 Y108.009 I-40.651 J-.083 E.07786
G1 X137.643 Y104.741 E.14862
G1 X137.643 Y102.254 E.07997
G1 X134.085 Y105.811 E.16178
G2 X133.637 Y103.772 I-13.174 J1.83 E.06719
G1 X137.643 Y99.766 E.18217
G1 X137.643 Y97.279 E.07997
G1 X133.051 Y101.871 E.20881
G2 X132.344 Y100.091 I-11.662 J3.603 E.06165
G1 X137.643 Y94.792 E.24097
G1 X137.643 Y92.305 E.07997
G1 X131.527 Y98.421 E.27812
G2 X130.609 Y96.853 I-10.426 J5.05 E.05851
G1 X137.643 Y89.818 E.31988
G1 X137.643 Y87.331 E.07997
G1 X129.595 Y95.379 E.36598
G2 X128.489 Y93.998 I-9.34 J6.339 E.05696
G1 X136.13 Y86.357 E.34744
G1 X133.643 Y86.357 E.07997
G1 X127.295 Y92.705 E.28867
G1 X126.002 Y91.511 E.05659
G1 X131.156 Y86.357 E.23434
G1 X128.669 Y86.357 E.07997
G1 X124.621 Y90.405 E.18408
G2 X123.147 Y89.391 I-7.173 J8.847 E.05757
G1 X126.182 Y86.357 E.13798
G1 X123.695 Y86.357 E.07997
G1 X121.579 Y88.473 E.09622
G2 X119.909 Y87.656 I-6.026 J10.205 E.05985
G1 X121.208 Y86.357 E.05907
G1 X118.721 Y86.357 E.07997
G1 X118.129 Y86.949 E.02691
G2 X117.512 Y86.725 I-1.729 J3.807 E.02113
G1 X117.563 Y86.357 E.01195
G1 X118.517 Y86.357 E.03068
G1 X117.192 Y86.494 F18000
;TYPE:Gap infill
;WIDTH:0.512544
G1 F5379.443
G1 X116.979 Y86.464 E.00801
;WIDTH:0.463089
G1 F6000
G1 X116.765 Y86.435 E.00716
;WIDTH:0.413634
G1 X116.551 Y86.405 E.00632
;WIDTH:0.364179
G1 X116.337 Y86.375 E.00548
;WIDTH:0.314724
G1 X116.124 Y86.346 E.00463
;WIDTH:0.265269
G1 X115.91 Y86.316 E.00379
;WIDTH:0.215814
G1 X115.696 Y86.287 E.00295
;WIDTH:0.1904
G1 X115.69 Y86.286 E.00007
;WIDTH:0.165616
G1 X115.433 Y86.261 E.00251
;WIDTH:0.141517
G1 X115.176 Y86.235 E.00201
G1 X113.794 Y86.099 F18000
;WIDTH:0.573188
G1 F4764.23
G1 X113.32 Y86.071 E.0199
;WIDTH:0.525401
G1 F5236.102
G1 X112.846 Y86.043 E.01811
;WIDTH:0.477613
G1 F5811.725
G1 X112.371 Y86.015 E.01631
;WIDTH:0.429114
G1 F6000
G2 X111.883 Y85.987 I-.97 J12.406 E.01493
;WIDTH:0.386384
G1 X110.944 Y85.968 E.02547
;WIDTH:0.349305
G2 X109.994 Y85.95 I-.944 J24.177 E.02299
;WIDTH:0.349524
G1 X109.056 Y85.968 E.02274
;WIDTH:0.386668
G2 X108.103 Y85.987 I.008 J24.29 E.02588
;WIDTH:0.429827
G1 X107.629 Y86.015 E.01452
;WIDTH:0.477614
G1 F5811.722
G1 X107.154 Y86.043 E.01631
;WIDTH:0.5254
G1 F5236.106
G1 X106.68 Y86.071 E.01811
;WIDTH:0.549294
G1 F4989.039
G1 X106.206 Y86.099 E.019
G1 X104.824 Y86.235 F18000
;WIDTH:0.117418
G1 F6000
G1 X104.567 Y86.261 E.00152
;WIDTH:0.166163
G1 X104.304 Y86.287 E.00257
;WIDTH:0.215813
G1 X104.09 Y86.316 E.00295
;WIDTH:0.265268
G1 X103.876 Y86.346 E.00379
;WIDTH:0.314723
G1 X103.663 Y86.375 E.00463
;WIDTH:0.364179
G1 X103.449 Y86.405 E.00548
;WIDTH:0.413634
G1 X103.235 Y86.435 E.00632
;WIDTH:0.463089
G1 X103.021 Y86.464 E.00716
;WIDTH:0.487817
G1 F5678.432
G1 X102.808 Y86.494 E.00758
G1 X98.621 Y86.357 F18000
;TYPE:Sparse infill
;WIDTH:0.45
G1 F6205.95
G1 X96.337 Y86.357 E.07343
G1 X82.357 Y100.337 E.63575
G1 X82.357 Y97.85 E.07997
G1 X93.85 Y86.357 E.52265
G1 X91.363 Y86.357 E.07997
G1 X82.357 Y95.363 E.40955
G1 X82.357 Y92.876 E.07997
G1 X88.876 Y86.357 E.29646
G1 X91.16 Y86.357 E.07343
G1 X94.708 Y90.935 F18000
G1 F6205.95
G3 X99.945 Y87.724 I13.607 J16.317 E.19825
G1 X101.311 Y86.357 E.06213
G1 X98.824 Y86.357 E.07997
G1 X82.357 Y102.824 E.74885
G1 X82.357 Y105.311 E.07997
G1 X87.724 Y99.945 E.24404
G3 X90.935 Y94.708 I19.528 J8.369 E.19825
G1 X87.353 Y100.776 F18000
G1 F6205.95
G2 X86.355 Y103.8 I18.708 J7.848 E.1025
G1 X82.357 Y107.798 E.18181
G1 X82.357 Y110.285 E.07997
G1 X85.759 Y106.884 E.15467
G2 X85.558 Y109.572 I16.967 J2.615 E.08674
G1 X82.357 Y112.772 E.14556
G1 X82.357 Y115.259 E.07997
G1 X85.625 Y111.991 E.14862
G2 X85.915 Y114.189 I14.112 J-.74 E.07135
G1 X82.357 Y117.746 E.16178
G1 X82.357 Y120.233 E.07997
G1 X86.363 Y116.228 E.18217
G2 X86.949 Y118.129 I12.368 J-2.77 E.06404
G1 X82.357 Y122.721 E.20881
G1 X82.357 Y125.208 E.07997
G1 X87.656 Y119.909 E.24097
G2 X88.473 Y121.579 I11.022 J-4.356 E.05985
G1 X82.357 Y127.695 E.27812
G1 X82.357 Y130.182 E.07997
G1 X89.391 Y123.147 E.31988
G2 X90.405 Y124.621 I9.86 J-5.699 E.05757
G1 X82.357 Y132.669 E.36598
G1 X82.357 Y133.643 E.03132
G1 X83.87 Y133.643 E.04865
G1 X91.511 Y126.002 E.34744
G1 X92.705 Y127.295 E.05659
G1 X86.357 Y133.643 E.28867
G1 X88.844 Y133.643 E.07997
G1 X93.998 Y128.489 E.23434
G2 X95.379 Y129.595 I7.72 J-8.234 E.05696
G1 X91.331 Y133.643 E.18408
G1 X93.818 Y133.643 E.07997
G1 X96.853 Y130.609 E.13798
G2 X98.421 Y131.527 I6.618 J-9.507 E.05851
G1 X96.305 Y133.643 E.09622
G1 X98.792 Y133.643 E.07997
G1 X100.091 Y132.344 E.05907
G2 X101.871 Y133.051 I5.383 J-10.955 E.06165
G1 X101.279 Y133.643 E.02691
G1 X98.996 Y133.643 E.07343
G1 X102.808 Y133.506 F18000
;TYPE:Gap infill
;WIDTH:0.487818
G1 F5678.425
G1 X103.021 Y133.536 E.00758
;WIDTH:0.463091
G1 F6000
G1 X103.235 Y133.565 E.00716
;WIDTH:0.413636
G1 X103.449 Y133.595 E.00632
;WIDTH:0.364182
G1 X103.663 Y133.625 E.00548
;WIDTH:0.314728
G1 X103.876 Y133.654 E.00463
;WIDTH:0.265274
G1 X104.09 Y133.684 E.00379
;WIDTH:0.215819
G1 X104.304 Y133.713 E.00295
;WIDTH:0.166168
G1 X104.567 Y133.739 E.00257
;WIDTH:0.11742
G1 X104.824 Y133.765 E.00152
G1 X106.206 Y133.901 F18000
;WIDTH:0.549296
G1 F4989.011
G1 X106.68 Y133.929 E.019
;WIDTH:0.525403
G1 F5236.075
G1 X107.154 Y133.957 E.01811
;WIDTH:0.477616
G1 F5811.684
G1 X107.629 Y133.985 E.01631
;WIDTH:0.42983
G1 F6000
G1 X108.103 Y134.013 E.01452
;WIDTH:0.386671
G2 X109.056 Y134.032 I.96 J-24.271 E.02588
;WIDTH:0.349528
G1 X109.994 Y134.05 E.02274
G1 X109.994 Y134.389 F18000
G1 X81.611 Y134.389
G1 X81.611 Y88.106
G1 X82.357 Y88.106
;TYPE:Sparse infill
;WIDTH:0.45
G1 F6205.95
G1 X82.357 Y90.389 E.07343
G1 X86.389 Y86.357 E.18336
G1 X83.902 Y86.357 E.07997
G1 X82.357 Y87.902 E.07026
G1 X82.357 Y86.357 E.04968
G1 X83.699 Y86.357 E.04313
; stop printing object base_plate.stl id:0 copy 0
;LAYER_CHANGE
;Z:3.84
;HEIGHT:0.2
G92 E0 ; zero the extruded length again
; BEFORE_LAYER_CHANGE 18 @ 3.84mm
G1 E-1.75 F6000
;WIPE_START
G1 F6205.95
G1 X82.699 Y86.357 E-.75
;WIPE_END
; AFTER_LAYER_CHANGE 18 @ 3.84mm
;_SET_FAN_SPEED_CHANGING_LAYER
; printing object base_plate.stl id:0 copy 0
G17
G3 Z4.04 I.608 J0 P1  F18000
G1 X82.699 Y85.611 Z4.04
G1 X138.389 Y85.611
G1 X138.389 Y134.389
G1 X138.389 Y134.389
G1 X138.79 Y134.79
G1 Z3.84
G1 E2.5 F6000
M204 P1000
;TYPE:Outer wall
;WIDTH:0.42
G1 F3600
G1 X81.21 Y134.79 E1.71511
G1 X81.21 Y85.21 E1.47682
G1 X138.79 Y85.21 E1.71511
G1 X138.79 Y134.73 E1.47503
G1 X138.389 Y134.389 F18000
G1 X138.389 Y134.389
G1 X138.398 Y134.398
M204 P1500
;TYPE:Inner wall
;WIDTH:0.45
G1 F6000
G1 X81.602 Y134.398 E1.82635
G1 X81.602 Y85.602 E1.5691
G1 X138.398 Y85.602 E1.82635
G1 X138.398 Y134.338 E1.56717
G1 E-1.75
;WIPE_START
G1 X137.398 Y134.339 E-.75
;WIPE_END
G1 X133.583 Y134.246 Z4.04 F18000
G1 X113.986 Y133.771 Z4.04
G1 Z3.84
G1 E2.5 F6000
G1 X115.628 Y133.444 E.05385
G1 X117.45 Y132.93 E.06088
G1 X119.227 Y132.275 E.06088
G1 X120.946 Y131.482 E.06088
G1 X122.597 Y130.557 E.06088
G1 X124.172 Y129.505 E.06088
G1 X125.658 Y128.333 E.06088
G1 X127.048 Y127.048 E.06088
G1 X128.333 Y125.658 E.06088
G1 X129.505 Y124.172 E.06088
G1 X130.557 Y122.597 E.06088
G1 X131.482 Y120.946 E.06088
G1 X132.275 Y119.227 E.06088
G1 X132.93 Y117.45 E.06088
G1 X133.444 Y115.628 E.06088
G1 X133.813 Y113.772 E.06087
G1 X134.036 Y111.892 E.06088
G1 X134.11 Y110 E.06088
G1 X134.036 Y108.108 E.06088
G1 X133.813 Y106.228 E.06088
G1 X133.444 Y104.372 E.06087
G1 X132.93 Y102.55 E.06088
G1 X132.275 Y100.773 E.06088
G1 X131.482 Y99.054 E.06088
G1 X130.557 Y97.403 E.06088
G1 X129.505 Y95.828 E.06088
G1 X128.333 Y94.342 E.06088
G1 X127.048 Y92.952 E.06088
G1 X125.658 Y91.667 E.06088
G1 X124.172 Y90.495 E.06088
G1 X122.597 Y89.443 E.06088
G1 X120.946 Y88.518 E.06088
G1 X119.227 Y87.725 E.06088
G1 X117.45 Y87.07 E.06088
G1 X115.628 Y86.556 E.06088
G1 X113.986 Y86.229 E.05385
G1 X114.008 Y86.009 E.00712
G1 X137.991 Y86.009 E.77121
G1 X137.991 Y133.991 E1.54292
G1 X114.008 Y133.991 E.77122
G1 X113.992 Y133.83 E.00519
G1 E-1.75
;WIPE_START
G1 X114.965 Y133.6 E-.75
;WIPE_END
G1 X111.149 Y133.673 Z4.04 F18000
G1 X106.014 Y133.771 Z4.04
G1 Z3.84
G1 E2.5 F6000
G1 X105.992 Y133.991 E.00712
G1 X82.009 Y133.991 E.77122
G1 X82.009 Y86.009 E1.54292
G1 X105.992 Y86.009 E.77121
G1 X106.014 Y86.229 E.00712
G1 X104.372 Y86.556 E.05385
G1 X102.55 Y87.07 E.06088
G1 X100.773 Y87.725 E.06088
G1 X99.054 Y88.518 E.06088
G1 X97.403 Y89.443 E.06088
G1 X95.828 Y90.495 E.06088
G1 X94.342 Y91.667 E.06088
G1 X92.952 Y92.952 E.06088
G1 X91.667 Y94.342 E.06088
G1 X90.495 Y95.828 E.06088
G1 X89.443 Y97.403 E.06088
G1 X88.518 Y99.054 E.06088
G1 X87.725 Y100.773 E.06088
G1 X87.07 Y102.55 E.06088
G1 X86.556 Y104.372 E.06088
G1 X86.187 Y106.228 E.06087
G1 X85.964 Y108.108 E.06088
G1 X85.89 Y110 E.06088
G1 X85.964 Y111.892 E.06088
G1 X86.187 Y113.772 E.06088
G1 X86.556 Y115.628 E.06087
G1 X87.07 Y117.45 E.06088
G1 X87.725 Y119.227 E.06088
G1 X88.518 Y120.946 E.06088
G1 X89.443 Y122.597 E.06088
G1 X90.495 Y124.172 E.06088
G1 X91.667 Y125.658 E.06088
G1 X92.952 Y127.048 E.06088
G1 X94.342 Y128.333 E.06088
G1 X95.828 Y129.505 E.06088
G1 X97.403 Y130.557 E.06088
G1 X99.054 Y131.482 E.06088
G1 X100.773 Y132.275 E.06088
G1 X102.55 Y132.93 E.06088
G1 X104.372 Y133.444 E.06088
G1 X105.955 Y133.759 E.05192
G1 E-1.75
;WIPE_START
G1 X105.992 Y133.991 E-.17623
G1 X105.227 Y133.991 E-.57377
;WIPE_END
G1 X105.377 Y133.238 Z4.04 F18000
G1 X106.291 Y133.419
G1 X108.14 Y133.638
G1 X109.671 Y133.698
G1 X109.984 Y133.711
G1 X110 Y133.31
G1 Z3.84
G1 E2.5 F6000
M204 P1000
;TYPE:Outer wall
;WIDTH:0.42
G1 F3600
G1 X111.829 Y133.238 E.05452
G1 X113.647 Y133.023 E.05452
G1 X115.442 Y132.666 E.05452
G1 X117.203 Y132.169 E.05452
G1 X118.92 Y131.536 E.05452
G1 X120.583 Y130.77 E.05452
G1 X122.18 Y129.875 E.05452
G1 X123.701 Y128.858 E.05452
G1 X125.139 Y127.725 E.05452
G1 X126.483 Y126.483 E.05452
G1 X127.725 Y125.139 E.05452
G1 X128.858 Y123.701 E.05452
G1 X129.875 Y122.18 E.05452
G1 X130.77 Y120.583 E.05452
G1 X131.536 Y118.92 E.05452
G1 X132.169 Y117.203 E.05452
G1 X132.666 Y115.442 E.05452
G1 X133.023 Y113.647 E.05452
G1 X133.238 Y111.829 E.05452
G1 X133.31 Y110 E.05452
G1 X133.238 Y108.171 E.05452
G1 X133.023 Y106.353 E.05452
G1 X132.666 Y104.558 E.05452
G1 X132.169 Y102.797 E.05452
G1 X131.536 Y101.08 E.05452
G1 X130.77 Y99.417 E.05452
G1 X129.875 Y97.82 E.05452
G1 X128.858 Y96.299 E.05452
G1 X127.725 Y94.861 E.05452
G1 X126.483 Y93.517 E.05452
G1 X125.139 Y92.275 E.05452
G1 X123.701 Y91.142 E.05452
G1 X122.18 Y90.125 E.05452
G1 X120.583 Y89.23 E.05452
G1 X118.92 Y88.464 E.05452
G1 X117.203 Y87.831 E.05452
G1 X115.442 Y87.334 E.05452
G1 X113.647 Y86.977 E.05452
G1 X111.829 Y86.762 E.05452
G1 X110 Y86.69 E.05452
G1 X108.941 Y86.731 E.03156
G1 X108.171 Y86.762 E.02296
G1 X106.353 Y86.977 E.05452
G1 X104.558 Y87.334 E.05452
G1 X102.797 Y87.831 E.05452
G1 X101.08 Y88.464 E.05452
G1 X99.417 Y89.23 E.05452
G1 X97.82 Y90.125 E.05452
G1 X96.299 Y91.142 E.05452
G1 X94.861 Y92.275 E.05452
G1 X93.517 Y93.517 E.05452
G1 X92.275 Y94.861 E.05452
G1 X91.142 Y96.299 E.05452
G1 X90.125 Y97.82 E.05452
G1 X89.23 Y99.417 E.05452
G1 X88.464 Y101.08 E.05452
G1 X87.831 Y102.797 E.05452
G1 X87.334 Y104.558 E.05452
G1 X86.977 Y106.353 E.05452
G1 X86.762 Y108.171 E.05452
G1 X86.69 Y110 E.05452
G1 X86.762 Y111.829 E.05452
G1 X86.977 Y113.647 E.05452
G1 X87.334 Y115.442 E.05452
G1 X87.831 Y117.203 E.05452
G1 X88.464 Y118.92 E.05452
G1 X89.23 Y120.583 E.05452
G1 X90.125 Y122.18 E.05452
G1 X91.142 Y123.701 E.05452
G1 X92.275 Y125.139 E.05452
G1 X93.517 Y126.483 E.05452
G1 X94.861 Y127.725 E.05452
G1 X96.299 Y128.858 E.05452
G1 X97.82 Y129.875 E.05452
G1 X99.417 Y130.77 E.05452
G1 X101.08 Y131.536 E.05452
G1 X102.797 Y132.169 E.05452
G1 X104.558 Y132.666 E.05452
G1 X106.353 Y133.023 E.05452
G1 X108.171 Y133.238 E.05452
G1 X109.94 Y133.308 E.05273
G1 X109.924 Y133.708 F18000
G1 X109.985 Y133.711
G1 X109.985 Y133.702
M204 P1500
;TYPE:Inner wall
;WIDTH:0.45
G1 F6000
G1 X110 Y133.703 E.00047
G1 X111.86 Y133.63 E.05985
G1 X113.708 Y133.411 E.05985
G1 X115.533 Y133.048 E.05985
G1 X117.325 Y132.543 E.05985
G1 X119.071 Y131.898 E.05985
G1 X120.761 Y131.119 E.05985
G1 X122.385 Y130.21 E.05985
G1 X123.932 Y129.176 E.05985
G1 X125.394 Y128.024 E.05985
G1 X126.76 Y126.76 E.05985
G1 X128.024 Y125.394 E.05985
G1 X129.176 Y123.932 E.05985
G1 X130.21 Y122.385 E.05985
G1 X131.119 Y120.761 E.05985
G1 X131.898 Y119.071 E.05985
G1 X132.543 Y117.325 E.05985
G1 X133.048 Y115.533 E.05985
G1 X133.411 Y113.708 E.05985
G1 X133.63 Y111.86 E.05985
G1 X133.703 Y110 E.05985
G1 X133.63 Y108.14 E.05985
G1 X133.411 Y106.292 E.05985
G1 X133.048 Y104.467 E.05985
G1 X132.543 Y102.675 E.05985
G1 X131.898 Y100.929 E.05985
G1 X131.119 Y99.239 E.05985
G1 X130.21 Y97.615 E.05985
G1 X129.176 Y96.068 E.05985
G1 X128.024 Y94.606 E.05985
G1 X126.76 Y93.24 E.05985
G1 X125.394 Y91.976 E.05985
G1 X123.932 Y90.824 E.05985
G1 X122.385 Y89.79 E.05985
G1 X120.761 Y88.881 E.05985
G1 X119.071 Y88.102 E.05985
G1 X117.325 Y87.457 E.05985
G1 X115.533 Y86.952 E.05985
G1 X113.708 Y86.589 E.05985
G1 X111.86 Y86.37 E.05985
G1 X110 Y86.297 E.05985
G1 X108.926 Y86.34 E.03457
G1 X108.14 Y86.37 E.02528
G1 X106.292 Y86.589 E.05985
G1 X104.467 Y86.952 E.05985
G1 X102.675 Y87.457 E.05985
G1 X100.929 Y88.102 E.05985
G1 X99.239 Y88.881 E.05985
G1 X97.615 Y89.79 E.05985
G1 X96.068 Y90.824 E.05985
G1 X94.606 Y91.976 E.05985
G1 X93.24 Y93.24 E.05985
G1 X91.976 Y94.606 E.05985
G1 X90.824 Y96.068 E.05985
G1 X89.79 Y97.615 E.05985
G1 X88.881 Y99.239 E.05985
G1 X88.102 Y100.929 E.05985
G1 X87.457 Y102.675 E.05985
G1 X86.952 Y104.467 E.05985
G1 X86.589 Y106.292 E.05985
G1 X86.37 Y108.14 E.05985
G1 X86.297 Y110 E.05985
G1 X86.37 Y111.86 E.05985
G1 X86.589 Y113.708 E.05985
G1 X86.952 Y115.533 E.05985
G1 X87.457 Y117.325 E.05985
G1 X88.102 Y119.071 E.05985
G1 X88.881 Y120.761 E.05985
G1 X89.79 Y122.385 E.05985
G1 X90.824 Y123.932 E.05985
G1 X91.976 Y125.394 E.05985
G1 X93.24 Y126.76 E.05985
G1 X94.606 Y128.024 E.05985
G1 X96.068 Y129.176 E.05985
G1 X97.615 Y130.21 E.05985
G1 X99.239 Y131.119 E.05985
G1 X100.929 Y131.898 E.05985
G1 X102.675 Y132.543 E.05985
G1 X104.467 Y133.048 E.05985
G1 X106.292 Y133.411 E.05985
G1 X108.14 Y133.63 E.05985
G1 X109.926 Y133.7 E.05745
G1 X109.994 Y134.05 F18000
M204 P2000
;TYPE:Gap infill
;WIDTH:0.349309
G1 F6000
G2 X110.944 Y134.032 I.006 J-24.196 E.023
;WIDTH:0.386388
G1 X111.883 Y134.013 E.02547
;WIDTH:0.429119
G2 X112.371 Y133.985 I-.481 J-12.434 E.01493
;WIDTH:0.477617
G1 F5811.677
G1 X112.846 Y133.957 E.01631
;WIDTH:0.525403
G1 F5236.076
G1 X113.32 Y133.929 E.01811
;WIDTH:0.573189
G1 F4764.217
G1 X113.794 Y133.901 E.0199
G1 X115.176 Y133.765 F18000
;WIDTH:0.14152
G1 F6000
G1 X115.433 Y133.739 E.00201
;WIDTH:0.16562
G1 X115.69 Y133.714 E.00251
;WIDTH:0.190407
G1 X115.696 Y133.713 E.00007
;WIDTH:0.215819
G1 X115.91 Y133.684 E.00295
;WIDTH:0.265273
G1 X116.124 Y133.654 E.00379
;WIDTH:0.314728
G1 X116.337 Y133.625 E.00463
;WIDTH:0.364182
G1 X116.551 Y133.595 E.00548
;WIDTH:0.413636
G1 X116.765 Y133.565 E.00632
;WIDTH:0.463091
G1 X116.979 Y133.536 E.00716
;WIDTH:0.512545
G1 F5379.434
G1 X117.192 Y133.506 E.00801
G1 X121.379 Y133.643 F18000
;TYPE:Sparse infill
;WIDTH:0.45
G1 F6205.95
G1 X123.663 Y133.643 E.07343
G1 X137.643 Y119.663 E.63575
G1 X137.643 Y122.15 E.07997
G1 X126.15 Y133.643 E.52265
G1 X128.637 Y133.643 E.07997
G1 X137.643 Y124.637 E.40956
G1 X137.643 Y127.124 E.07997
G1 X131.124 Y133.643 E.29646
G1 X133.611 Y133.643 E.07997
G1 X137.643 Y129.611 E.18336
G1 X137.643 Y132.098 E.07997
G1 X136.098 Y133.643 E.07026
G1 X137.643 Y133.643 E.04968
G1 X137.643 Y132.301 E.04313
G1 X137.643 Y119.459 F18000
G1 F6205.95
G1 X137.643 Y117.176 E.07343
G1 X121.176 Y133.643 E.74885
G1 X118.689 Y133.643 E.07997
G1 X120.055 Y132.276 E.06213
G2 X125.292 Y129.065 I-8.37 J-19.528 E.19825
G1 X129.065 Y125.292 F18000
G1 F6205.95
G2 X132.276 Y120.055 I-16.317 J-13.607 E.19825
G1 X137.643 Y114.689 E.24404
G1 X137.643 Y112.202 E.07997
G1 X133.645 Y116.2 E.18181
G2 X134.241 Y113.116 I-25.064 J-6.451 E.10107
G1 X137.643 Y109.715 E.15467
G1 X137.643 Y107.228 E.07997
G1 X134.442 Y110.428 E.14556
G2 X134.375 Y108.009 I-40.651 J-.083 E.07786
G1 X137.643 Y104.741 E.14862
G1 X137.643 Y102.254 E.07997
G1 X134.085 Y105.811 E.16178
G2 X133.637 Y103.772 I-13.174 J1.83 E.06719
G1 X137.643 Y99.766 E.18217
G1 X137.643 Y97.279 E.07997
G1 X133.051 Y101.871 E.20881
G2 X132.344 Y100.091 I-11.662 J3.603 E.06165
G1 X137.643 Y94.792 E.24097
G1 X137.643 Y92.305 E.07997
G1 X131.527 Y98.421 E.27812
G2 X130.609 Y96.853 I-10.426 J5.05 E.05851
G1 X137.643 Y89.818 E.31988
G1 X137.643 Y87.331 E.07997
G1 X129.595 Y95.379 E.36598
G2 X128.489 Y93.998 I-9.34 J6.339 E.05696
G1 X136.13 Y86.357 E.34744
G1 X133.643 Y86.357 E.07997
G1 X127.295 Y92.705 E.28867
G1 X126.002 Y91.511 E.05659
G1 X131.156 Y86.357 E.23434
G1 X128.669 Y86.357 E.07997
G1 X124.621 Y90.405 E.18408
G2 X123.147 Y89.391 I-7.173 J8.847 E.05757
G1 X126.182 Y86.357 E.13798
G1 X123.695 Y86.357 E.07997
G1 X121.579 Y88.473 E.09622
G2 X119.909 Y87.656 I-6.026 J10.205 E.05985
G1 X121.208 Y86.357 E.05907
G1 X118.721 Y86.357 E.07997
G1 X118.129 Y86.949 E.02691
G2 X117.512 Y86.725 I-1.729 J3.807 E.02113
G1 X117.563 Y86.357 E.01195
G1 X118.517 Y86.357 E.03068
G1 X117.192 Y86.494 F18000
;TYPE:Gap infill
;WIDTH:0.512544
G1 F5379.443
G1 X116.979 Y86.464 E.00801
;WIDTH:0.463089
G1 F6000
G1 X116.765 Y86.435 E.00716
;WIDTH:0.413634
G1 X116.551 Y86.405 E.00632
;WIDTH:0.364179
G1 X116.337 Y86.375 E.00548
;WIDTH:0.314724
G1 X116.124 Y86.346 E.00463
;WIDTH:0.265269
G1 X115.91 Y86.316 E.00379
;WIDTH:0.215814
G1 X115.696 Y86.287 E.00295
;WIDTH:0.1904
G1 X115.69 Y86.286 E.00007
;WIDTH:0.165616
G1 X115.433 Y86.261 E.00251
;WIDTH:0.141517
G1 X115.176 Y86.235 E.00201
G1 X113.794 Y86.099 F18000
;WIDTH:0.573188
G1 F4764.23
G1 X113.32 Y86.071 E.0199
;WIDTH:0.525401
G1 F5236.102
G1 X112.846 Y86.043 E.01811
;WIDTH:0.477613
G1 F5811.725
G1 X112.371 Y86.015 E.01631
;WIDTH:0.429114
G1 F6000
G2 X111.883 Y85.987 I-.97 J12.406 E.01493
;WIDTH:0.386384
G1 X110.944 Y85.968 E.02547
;WIDTH:0.349305
G2 X109.994 Y85.95 I-.944 J24.177 E.02299
;WIDTH:0.349524
G1 X109.056 Y85.968 E.02274
;WIDTH:0.386668
G2 X108.103 Y85.987 I.008 J24.29 E.02588
;WIDTH:0.429827
G1 X107.629 Y86.015 E.01452
;WIDTH:0.477614
G1 F5811.722
G1 X107.154 Y86.043 E.01631
;WIDTH:0.5254
G1 F5236.106
G1 X106.68 Y86.071 E.01811
;WIDTH:0.549294
G1 F4989.039
G1 X106.206 Y86.099 E.019
G1 X104.824 Y86.235 F18000
;WIDTH:0.117418
G1 F6000
G1 X104.567 Y86.261 E.00152
;WIDTH:0.166163
G1 X104.304 Y86.287 E.00257
;WIDTH:0.215813
G1 X104.09 Y86.316 E.00295
;WIDTH:0.265268
G1 X103.876 Y86.346 E.00379
;WIDTH:0.314723
G1 X103.663 Y86.375 E.00463
;WIDTH:0.364179
G1 X103.449 Y86.405 E.00548
;WIDTH:0.413634
G1 X103.235 Y86.435 E.00632
;WIDTH:0.463089
G1 X103.021 Y86.464 E.00716
;WIDTH:0.487817
G1 F5678.432
G1 X102.808 Y86.494 E.00758
G1 X98.621 Y86.357 F18000
;TYPE:Sparse infill
;WIDTH:0.45
G1 F6205.95
G1 X96.337 Y86.357 E.07343
G1 X82.357 Y100.337 E.63575
G1 X82.357 Y97.85 E.07997
G1 X93.85 Y86.357 E.52265
G1 X91.363 Y86.357 E.07997
G1 X82.357 Y95.363 E.40955
G1 X82.357 Y92.876 E.07997
G1 X88.876 Y86.357 E.29646
G1 X91.16 Y86.357 E.07343
G1 X94.708 Y90.935 F18000
G1 F6205.95
G3 X99.945 Y87.724 I13.607 J16.317 E.19825
G1 X101.311 Y86.357 E.06213
G1 X98.824 Y86.357 E.07997
G1 X82.357 Y102.824 E.74885
G1 X82.357 Y105.311 E.07997
G1 X87.724 Y99.945 E.24404
G3 X90.935 Y94.708 I19.528 J8.369 E.19825
G1 X87.353 Y100.776 F18000
G1 F6205.95
G2 X86.355 Y103.8 I18.708 J7.848 E.1025
G1 X82.357 Y107.798 E.18181
G1 X82.357 Y110.285 E.07997
G1 X85.759 Y106.884 E.15467
G2 X85.558 Y109.572 I16.967 J2.615 E.08674
G1 X82.357 Y112.772 E.14556
G1 X82.357 Y115.259 E.07997
G1 X85.625 Y111.991 E.14862
G2 X85.915 Y114.189 I14.112 J-.74 E.07135
G1 X82.357 Y117.746 E.16178
G1 X82.357 Y120.233 E.07997
G1 X86.363 Y116.228 E.18217
G2 X86.949 Y118.129 I12.368 J-2.77 E.06404
G1 X82.357 Y122.721 E.20881
G1 X82.357 Y125.208 E.07997
G1 X87.656 Y119.909 E.24097
G2 X88.473 Y121.579 I11.022 J-4.356 E.05985
G1 X82.357 Y127.695 E.27812
G1 X82.357 Y130.182 E.07997
G1 X89.391 Y123.147 E.31988
G2 X90.405 Y124.621 I9.86 J-5.699 E.05757
G1 X82.357 Y132.669 E.36598
G1 X82.357 Y133.643 E.03132
G1 X83.87 Y133.643 E.04865
G1 X91.511 Y126.002 E.34744
G1 X92.705 Y127.295 E.05659
G1 X86.357 Y133.643 E.28867
G1 X88.844 Y133.643 E.07997
G1 X93.998 Y128.489 E.23434
G2 X95.379 Y129.595 I7.72 J-8.234 E.05696
G1 X91.331 Y133.643 E.18408
G1 X93.818 Y133.643 E.07997
G1 X96.853 Y130.609 E.13798
G2 X98.421 Y131.527 I6.618 J-9.507 E.05851
G1 X96.305 Y133.643 E.09622
G1 X98.792 Y133.643 E.07997
G1 X100.091 Y132.344 E.05907
G2 X101.871 Y133.051 I5.383 J-10.955 E.06165
G1 X101.279 Y133.643 E.02691
G1 X98.996 Y133.643 E.07343
G1 X102.808 Y133.506 F18000
;TYPE:Gap infill
;WIDTH:0.487818
G1 F5678.425
G1 X103.021 Y133.536 E.00758
;WIDTH:0.463091
G1 F6000
G1 X103.235 Y133.565 E.00716
;WIDTH:0.413636
G1 X103.449 Y133.595 E.00632
;WIDTH:0.364182
G1 X103.663 Y133.625 E.00548
;WIDTH:0.314728
G1 X103.876 Y133.654 E.00463
;WIDTH:0.265274
G1 X104.09 Y133.684 E.00379
;WIDTH:0.215819
G1 X104.304 Y133.713 E.00295
;WIDTH:0.166168
G1 X104.567 Y133.739 E.00257
;WIDTH:0.11742
G1 X104.824 Y133.765 E.00152
G1 X106.206 Y133.901 F18000
;WIDTH:0.549296
G1 F4989.011
G1 X106.68 Y133.929 E.019
;WIDTH:0.525403
G1 F5236.075
G1 X107.154 Y133.957 E.01811
;WIDTH:0.477616
G1 F5811.684
G1 X107.629 Y133.985 E.01631
;WIDTH:0.42983
G1 F6000
G1 X108.103 Y134.013 E.01452
;WIDTH:0.386671
G2 X109.056 Y134.032 I.96 J-24.271 E.02588
;WIDTH:0.349528
G1 X109.994 Y134.05 E.02274
G1 X109.994 Y134.389 F18000
G1 X81.611 Y134.389
G1 X81.611 Y88.106
G1 X82.357 Y88.106
;TYPE:Sparse infill
;WIDTH:0.45
G1 F6205.95
G1 X82.357 Y90.389 E.07343
G1 X86.389 Y86.357 E.18336
G1 X83.902 Y86.357 E.07997
G1 X82.357 Y87.902 E.07026
G1 X82.357 Y86.357 E.04968
G1 X83.699 Y86.357 E.04313
; stop printing object base_plate.stl id:0 copy 0
M106 S130
;LAYER_CHANGE
;Z:4.04
;HEIGHT:0.2
G92 E0 ; zero the extruded length again
; BEFORE_LAYER_CHANGE 19 @ 4.04mm
G1 E-1.75 F6000
;WIPE_START
G1 F6205.95
G1 X82.699 Y86.357 E-.75
;WIPE_END
; AFTER_LAYER_CHANGE 19 @ 4.04mm
;_SET_FAN_SPEED_CHANGING_LAYER
; printing object base_plate.stl id:0 copy 0
G17
G3 Z4.24 I.608 J0 P1  F18000
G1 X82.699 Y85.611 Z4.24
G1 X138.389 Y85.611
G1 X138.389 Y134.389
G1 X138.389 Y134.389
G1 X138.79 Y134.79
G1 Z4.04
G1 E2.5 F6000
M204 P1000
;TYPE:Outer wall
;WIDTH:0.42
G1 F3600
G1 X81.21 Y134.79 E1.71511
G1 X81.21 Y85.21 E1.47682
G1 X138.79 Y85.21 E1.71511
G1 X138.79 Y134.73 E1.47503
G1 X138.389 Y134.389 F18000
G1 X138.389 Y134.389
G1 X138.398 Y134.398
M204 P1500
;TYPE:Inner wall
;WIDTH:0.45
G1 F6000
G1 X81.602 Y134.398 E1.82635
G1 X81.602 Y85.602 E1.5691
G1 X138.398 Y85.602 E1.82635
G1 X138.398 Y134.338 E1.56717
G1 E-1.75
;WIPE_START
G1 X137.398 Y134.339 E-.75
;WIPE_END
G1 X133.583 Y134.246 Z4.24 F18000
G1 X113.986 Y133.771 Z4.24
G1 Z4.04
G1 E2.5 F6000
G1 X115.628 Y133.444 E.05385
G1 X117.45 Y132.93 E.06088
G1 X119.227 Y132.275 E.06088
G1 X120.946 Y131.482 E.06088
G1 X122.597 Y130.557 E.06088
G1 X124.172 Y129.505 E.06088
G1 X125.658 Y128.333 E.06088
G1 X127.048 Y127.048 E.06088
G1 X128.333 Y125.658 E.06088
G1 X129.505 Y124.172 E.06088
G1 X130.557 Y122.597 E.06088
G1 X131.482 Y120.946 E.06088
G1 X132.275 Y119.227 E.06088
G1 X132.93 Y117.45 E.06088
G1 X133.444 Y115.628 E.06088
G1 X133.813 Y113.772 E.06087
G1 X134.036 Y111.892 E.06088
G1 X134.11 Y110 E.06088
G1 X134.036 Y108.108 E.06088
G1 X133.813 Y106.228 E.06088
G1 X133.444 Y104.372 E.06087
G1 X132.93 Y102.55 E.06088
G1 X132.275 Y100.773 E.06088
G1 X131.482 Y99.054 E.06088
G1 X130.557 Y97.403 E.06088
G1 X129.505 Y95.828 E.06088
G1 X128.333 Y94.342 E.06088
G1 X127.048 Y92.952 E.06088
G1 X125.658 Y91.667 E.06088
G1 X124.172 Y90.495 E.06088
G1 X122.597 Y89.443 E.06088
G1 X120.946 Y88.518 E.06088
G1 X119.227 Y87.725 E.06088
G1 X117.45 Y87.07 E.06088
G1 X115.628 Y86.556 E.06088
G1 X113.986 Y86.229 E.05385
G1 X114.008 Y86.009 E.00712
G1 X137.991 Y86.009 E.77121
G1 X137.991 Y133.991 E1.54292
G1 X114.008 Y133.991 E.77122
G1 X113.992 Y133.83 E.00519
G1 E-1.75
;WIPE_START
G1 X114.965 Y133.6 E-.75
;WIPE_END
G1 X111.149 Y133.673 Z4.24 F18000
G1 X106.014 Y133.771 Z4.24
G1 Z4.04
G1 E2.5 F6000
G1 X105.992 Y133.991 E.00712
G1 X82.009 Y133.991 E.77122
G1 X82.009 Y86.009 E1.54292
G1 X105.992 Y86.009 E.77121
G1 X106.014 Y86.229 E.00712
G1 X104.372 Y86.556 E.05385
G1 X102.55 Y87.07 E.06088
G1 X100.773 Y87.725 E.06088
G1 X99.054 Y88.518 E.06088
G1 X97.403 Y89.443 E.06088
G1 X95.828 Y90.495 E.06088
G1 X94.342 Y91.667 E.06088
G1 X92.952 Y92.952 E.06088
G1 X91.667 Y94.342 E.06088
G1 X90.495 Y95.828 E.06088
G1 X89.443 Y97.403 E.06088
G1 X88.518 Y99.054 E.06088
G1 X87.725 Y100.773 E.06088
G1 X87.07 Y102.55 E.06088
G1 X86.556 Y104.372 E.06088
G1 X86.187 Y106.228 E.06087
G1 X85.964 Y108.108 E.06088
G1 X85.89 Y110 E.06088
G1 X85.964 Y111.892 E.06088
G1 X86.187 Y113.772 E.06088
G1 X86.556 Y115.628 E.06087
G1 X87.07 Y117.45 E.06088
G1 X87.725 Y119.227 E.06088
G1 X88.518 Y120.946 E.06088
G1 X89.443 Y122.597 E.06088
G1 X90.495 Y124.172 E.06088
G1 X91.667 Y125.658 E.06088
G1 X92.952 Y127.048 E.06088
G1 X94.342 Y128.333 E.06088
G1 X95.828 Y129.505 E.06088
G1 X97.403 Y130.557 E.06088
G1 X99.054 Y131.482 E.06088
G1 X100.773 Y132.275 E.06088
G1 X102.55 Y132.93 E.06088
G1 X104.372 Y133.444 E.06088
G1 X105.955 Y133.759 E.05192
G1 E-1.75
;WIPE_START
G1 X105.992 Y133.991 E-.17623
G1 X105.227 Y133.991 E-.57377
;WIPE_END
G1 X105.377 Y133.238 Z4.24 F18000
G1 X106.291 Y133.419
G1 X108.14 Y133.638
G1 X109.671 Y133.698
G1 X109.984 Y133.711
G1 X110 Y133.31
G1 Z4.04
G1 E2.5 F6000
M204 P1000
;TYPE:Outer wall
;WIDTH:0.42
G1 F3600
G1 X111.829 Y133.238 E.05452
G1 X113.647 Y133.023 E.05452
G1 X115.442 Y132.666 E.05452
G1 X117.203 Y132.169 E.05452
G1 X118.92 Y131.536 E.05452
G1 X120.583 Y130.77 E.05452
G1 X122.18 Y129.875 E.05452
G1 X123.701 Y128.858 E.05452
G1 X125.139 Y127.725 E.05452
G1 X126.483 Y126.483 E.05452
G1 X127.725 Y125.139 E.05452
G1 X128.858 Y123.701 E.05452
G1 X129.875 Y122.18 E.05452
G1 X130.77 Y120.583 E.05452
G1 X131.536 Y118.92 E.05452
G1 X132.169 Y117.203 E.05452
G1 X132.666 Y115.442 E.05452
G1 X133.023 Y113.647 E.05452
G1 X133.238 Y111.829 E.05452
G1 X133.31 Y110 E.05452
G1 X133.238 Y108.171 E.05452
G1 X133.023 Y106.353 E.05452
G1 X132.666 Y104.558 E.05452
G1 X132.169 Y102.797 E.05452
G1 X131.536 Y101.08 E.05452
G1 X130.77 Y99.417 E.05452
G1 X129.875 Y97.82 E.05452
G1 X128.858 Y96.299 E.05452
G1 X127.725 Y94.861 E.05452
G1 X126.483 Y93.517 E.05452
G1 X125.139 Y92.275 E.05452
G1 X123.701 Y91.142 E.05452
G1 X122.18 Y90.125 E.05452
G1 X120.583 Y89.23 E.05452
G1 X118.92 Y88.464 E.05452
G1 X117.203 Y87.831 E.05452
G1 X115.442 Y87.334 E.05452
G1 X113.647 Y86.977 E.05452
G1 X111.829 Y86.762 E.05452
G1 X110 Y86.69 E.05452
G1 X108.821 Y86.736 E.03515
G1 X108.171 Y86.762 E.01937
G1 X106.353 Y86.977 E.05452
G1 X104.558 Y87.334 E.05452
G1 X102.797 Y87.831 E.05452
G1 X101.08 Y88.464 E.05452
G1 X99.417 Y89.23 E.05452
G1 X97.82 Y90.125 E.05452
G1 X96.299 Y91.142 E.05452
G1 X94.861 Y92.275 E.05452
G1 X93.517 Y93.517 E.05452
G1 X92.275 Y94.861 E.05452
G1 X91.142 Y96.299 E.05452
G1 X90.125 Y97.82 E.05452
G1 X89.23 Y99.417 E.05452
G1 X88.464 Y101.08 E.05452
G1 X87.831 Y102.797 E.05452
G1 X87.334 Y104.558 E.05452
G1 X86.977 Y106.353 E.05452
G1 X86.762 Y108.171 E.05452
G1 X86.69 Y110 E.05452
G1 X86.762 Y111.829 E.05452
G1 X86.977 Y113.647 E.05452
G1 X87.334 Y115.442 E.05452
G1 X87.831 Y117.203 E.05452
G1 X88.464 Y118.92 E.05452
G1 X89.23 Y120.583 E.05452
G1 X90.125 Y122.18 E.05452
G1 X91.142 Y123.701 E.05452
G1 X92.275 Y125.139 E.05452
G1 X93.517 Y126.483 E.05452
G1 X94.861 Y127.725 E.05452
G1 X96.299 Y128.858 E.05452
G1 X97.82 Y129.875 E.05452
G1 X99.417 Y130.77 E.05452
G1 X101.08 Y131.536 E.05452
G1 X102.797 Y132.169 E.05452
G1 X104.558 Y132.666 E.05452
G1 X106.353 Y133.023 E.05452
G1 X108.171 Y133.238 E.05452
G1 X109.94 Y133.308 E.05273
G1 X109.924 Y133.708 F18000
G1 X109.985 Y133.711
G1 X109.985 Y133.702
M204 P1500
;TYPE:Inner wall
;WIDTH:0.45
G1 F6000
G1 X110 Y133.703 E.00047
G1 X111.86 Y133.63 E.05985
G1 X113.708 Y133.411 E.05985
G1 X115.533 Y133.048 E.05985
G1 X117.325 Y132.543 E.05985
G1 X119.071 Y131.898 E.05985
G1 X120.761 Y131.119 E.05985
G1 X122.385 Y130.21 E.05985
G1 X123.932 Y129.176 E.05985
G1 X125.394 Y128.024 E.05985
G1 X126.76 Y126.76 E.05985
G1 X128.024 Y125.394 E.05985
G1 X129.176 Y123.932 E.05985
G1 X130.21 Y122.385 E.05985
G1 X131.119 Y120.761 E.05985
G1 X131.898 Y119.071 E.05985
G1 X132.543 Y117.325 E.05985
G1 X133.048 Y115.533 E.05985
G1 X133.411 Y113.708 E.05985
G1 X133.63 Y111.86 E.05985
G1 X133.703 Y110 E.05985
G1 X133.63 Y108.14 E.05985
G1 X133.411 Y106.292 E.05985
G1 X133.048 Y104.467 E.05985
G1 X132.543 Y102.675 E.05985
G1 X131.898 Y100.929 E.05985
G1 X131.119 Y99.239 E.05985
G1 X130.21 Y97.615 E.05985
G1 X129.176 Y96.068 E.05985
G1 X128.024 Y94.606 E.05985
G1 X126.76 Y93.24 E.05985
G1 X125.394 Y91.976 E.05985
G1 X123.932 Y90.824 E.05985
G1 X122.385 Y89.79 E.05985
G1 X120.761 Y88.881 E.05985
G1 X119.071 Y88.102 E.05985
G1 X117.325 Y87.457 E.05985
G1 X115.533 Y86.952 E.05985
G1 X113.708 Y86.589 E.05985
G1 X111.86 Y86.37 E.05985
G1 X110 Y86.297 E.05985
G1 X108.805 Y86.344 E.03844
G1 X108.14 Y86.37 E.02141
G1 X106.292 Y86.589 E.05985
G1 X104.467 Y86.952 E.05985
G1 X102.675 Y87.457 E.05985
G1 X100.929 Y88.102 E.05985
G1 X99.239 Y88.881 E.05985
G1 X97.615 Y89.79 E.05985
G1 X96.068 Y90.824 E.05985
G1 X94.606 Y91.976 E.05985
G1 X93.24 Y93.24 E.05985
G1 X91.976 Y94.606 E.05985
G1 X90.824 Y96.068 E.05985
G1 X89.79 Y97.615 E.05985
G1 X88.881 Y99.239 E.05985
G1 X88.102 Y100.929 E.05985
G1 X87.457 Y102.675 E.05985
G1 X86.952 Y104.467 E.05985
G1 X86.589 Y106.292 E.05985
G1 X86.37 Y108.14 E.05985
G1 X86.297 Y110 E.05985
G1 X86.37 Y111.86 E.05985
G1 X86.589 Y113.708 E.05985
G1 X86.952 Y115.533 E.05985
G1 X87.457 Y117.325 E.05985
G1 X88.102 Y119.071 E.05985
G1 X88.881 Y120.761 E.05985
G1 X89.79 Y122.385 E.05985
G1 X90.824 Y123.932 E.05985
G1 X91.976 Y125.394 E.05985
G1 X93.24 Y126.76 E.05985
G1 X94.606 Y128.024 E.05985
G1 X96.068 Y129.176 E.05985
G1 X97.615 Y130.21 E.05985
G1 X99.239 Y131.119 E.05985
G1 X100.929 Y131.898 E.05985
G1 X102.675 Y132.543 E.05985
G1 X104.467 Y133.048 E.05985
G1 X106.292 Y133.411 E.05985
G1 X108.14 Y133.63 E.05985
G1 X109.926 Y133.7 E.05745
G1 X109.994 Y134.05 F18000
M204 P2000
;TYPE:Gap infill
;WIDTH:0.349309
G1 F6000
G2 X110.944 Y134.032 I.006 J-24.196 E.023
;WIDTH:0.386388
G1 X111.883 Y134.013 E.02547
;WIDTH:0.429119
G2 X112.371 Y133.985 I-.481 J-12.434 E.01493
;WIDTH:0.477617
G1 F5811.677
G1 X112.846 Y133.957 E.01631
;WIDTH:0.525403
G1 F5236.076
G1 X113.32 Y133.929 E.01811
;WIDTH:0.573189
G1 F4764.217
G1 X113.794 Y133.901 E.0199
G1 X115.176 Y133.765 F18000
;WIDTH:0.14152
G1 F6000
G1 X115.433 Y133.739 E.00201
;WIDTH:0.16562
G1 X115.69 Y133.714 E.00251
;WIDTH:0.190407
G1 X115.696 Y133.713 E.00007
;WIDTH:0.215819
G1 X115.91 Y133.684 E.00295
;WIDTH:0.265273
G1 X116.124 Y133.654 E.00379
;WIDTH:0.314728
G1 X116.337 Y133.625 E.00463
;WIDTH:0.364182
G1 X116.551 Y133.595 E.00548
;WIDTH:0.413636
G1 X116.765 Y133.565 E.00632
;WIDTH:0.463091
G1 X116.979 Y133.536 E.00716
;WIDTH:0.512545
G1 F5379.434
G1 X117.192 Y133.506 E.00801
G1 X117.623 Y133.254 F18000
;TYPE:Internal solid infill
;WIDTH:0.383042
G1 F6000
G1 X117.55 Y133.3 E.0023
G2 X117.603 Y133.628 I.533 J.083 E.00909
G1 X137.469 Y133.628 E.53374
G1 X137.601 Y133.601 E.00362
G1 X137.628 Y133.469 E.00362
G1 X137.628 Y86.531 E1.26109
G1 X137.601 Y86.399 E.00362
G1 X137.469 Y86.372 E.00362
G1 X117.686 Y86.373 E.53151
G1 X117.595 Y86.394 E.00252
G1 X117.543 Y86.613 E.00604
G1 X117.576 Y86.73 E.00326
G1 X119.36 Y87.388 E.05107
G1 X121.116 Y88.198 E.05196
G1 X122.792 Y89.137 E.05163
G1 X124.39 Y90.205 E.05163
G1 X125.899 Y91.395 E.05163
G1 X127.309 Y92.7 E.05163
G1 X128.613 Y94.111 E.05163
G1 X129.803 Y95.62 E.05163
G1 X130.87 Y97.218 E.05163
G1 X131.808 Y98.895 E.05163
G1 X132.612 Y100.64 E.05163
G1 X133.277 Y102.443 E.05163
G1 X133.798 Y104.293 E.05163
G1 X134.172 Y106.178 E.05163
G1 X134.398 Y108.086 E.05163
G1 X134.473 Y110.006 E.05163
G1 X134.397 Y111.926 E.05163
G1 X134.17 Y113.835 E.05163
G1 X133.795 Y115.719 E.05163
G1 X133.273 Y117.568 E.05163
G1 X132.607 Y119.371 E.05163
G1 X131.802 Y121.116 E.05163
G1 X130.863 Y122.792 E.05163
G1 X129.795 Y124.39 E.05163
G1 X128.605 Y125.899 E.05163
G1 X127.3 Y127.309 E.05163
G1 X125.889 Y128.613 E.05163
G1 X124.38 Y129.803 E.05163
G1 X122.782 Y130.87 E.05163
G1 X121.105 Y131.808 E.05163
G1 X119.36 Y132.612 E.05163
G1 X117.679 Y133.233 E.04814
G1 X121.827 Y133.265 F18000
;TYPE:Sparse infill
;WIDTH:0.45
G1 F6205.95
G1 X119.543 Y133.265 E.07343
G2 X119.855 Y132.784 I-.231 J-.491 E.01945
G2 X122.357 Y131.523 I-6.76 J-16.531 E.09018
G1 X129.288 Y133.265 F18000
G1 F6205.95
G1 X127.004 Y133.265 E.07343
G1 X127.265 Y133.005 E.01185
G1 X127.553 Y131.761 E.04105
G1 X128.031 Y131.284 E.02171
G1 X129.274 Y130.995 E.04105
G1 X129.752 Y130.518 E.02171
G1 X130.04 Y129.274 E.04105
G1 X130.518 Y128.797 E.02171
G1 X131.761 Y128.508 E.04105
G1 X132.239 Y128.031 E.02171
G1 X132.527 Y126.787 E.04105
G1 X133.005 Y126.31 E.02171
G1 X134.248 Y126.021 E.04105
G1 X134.726 Y125.544 E.02171
G1 X135.014 Y124.3 E.04105
G1 X135.492 Y123.823 E.02171
G1 X136.735 Y123.534 E.04105
G1 X137.213 Y123.057 E.02171
G1 X137.265 Y122.83 E.00749
G1 X137.265 Y120.343 E.07997
G1 X137.213 Y120.57 E.00749
G1 X136.735 Y121.047 E.02171
G1 X135.492 Y121.336 E.04105
G1 X135.014 Y121.813 E.02171
G1 X134.726 Y123.057 E.04105
G1 X134.248 Y123.534 E.02171
G1 X133.005 Y123.823 E.04105
G1 X132.527 Y124.3 E.02171
G1 X132.239 Y125.544 E.04105
G1 X131.761 Y126.021 E.02171
G1 X130.518 Y126.31 E.04105
G1 X130.04 Y126.787 E.02171
G1 X129.752 Y128.031 E.04105
G1 X129.274 Y128.508 E.02171
G1 X128.031 Y128.797 E.04105
G1 X127.553 Y129.274 E.02171
G1 X127.265 Y130.518 E.04105
G1 X126.787 Y130.995 E.02171
G1 X125.544 Y131.284 E.04105
G1 X125.066 Y131.761 E.02171
G1 X124.778 Y133.005 E.04105
G1 X124.517 Y133.265 E.01185
G1 X122.03 Y133.265 E.07997
G1 X122.291 Y133.005 E.01185
G1 X122.579 Y131.761 E.04105
G1 X123.057 Y131.284 E.02171
G1 X124.3 Y130.995 E.04105
G1 X124.778 Y130.518 E.02171
G1 X124.939 Y129.824 E.0229
G2 X126.454 Y128.586 I-7.12 J-10.256 E.06299
G1 X126.787 Y128.508 E.01101
G1 X127.265 Y128.031 E.02171
G3 X127.562 Y127.562 I.494 J-.016 E.01896
G2 X128.903 Y126.107 I-8.575 J-9.254 E.06368
G1 X129.274 Y126.021 E.01226
G1 X129.752 Y125.544 E.02171
G1 X129.921 Y124.817 E.02401
G2 X130.628 Y123.797 I-6.117 J-4.999 E.03993
G1 X131.761 Y123.534 E.03742
G1 X132.239 Y123.057 E.02171
G1 X132.527 Y121.813 E.04105
G1 X133.005 Y121.336 E.02171
G1 X134.248 Y121.047 E.04105
G1 X134.726 Y120.57 E.02171
G1 X135.014 Y119.326 E.04105
G1 X135.492 Y118.849 E.02171
G1 X136.735 Y118.56 E.04105
G1 X137.213 Y118.083 E.02171
G1 X137.265 Y117.856 E.00749
G1 X137.265 Y115.369 E.07997
G1 X137.213 Y115.596 E.00749
G1 X136.735 Y116.073 E.02171
G1 X135.492 Y116.362 E.04105
G1 X135.014 Y116.839 E.02171
G1 X134.726 Y118.083 E.04105
G1 X134.248 Y118.56 E.02171
G1 X133.204 Y118.803 E.03447
G2 X134.06 Y116.117 I-16.63 J-6.776 E.09073
G1 X134.248 Y116.073 E.00623
G1 X134.726 Y115.596 E.02171
G1 X135.014 Y114.352 E.04105
G1 X135.492 Y113.875 E.02171
G1 X136.735 Y113.586 E.04105
G1 X137.213 Y113.109 E.02171
G1 X137.265 Y112.882 E.00749
G1 X137.265 Y110.395 E.07997
G1 X137.213 Y110.622 E.00749
G1 X136.735 Y111.099 E.02171
G1 X135.492 Y111.388 E.04105
G1 X135.014 Y111.865 E.02171
G1 X134.726 Y113.109 E.04105
G1 X134.608 Y113.226 E.00535
G3 X134.115 Y115.921 I-33.174 J-4.679 E.08811
G1 X137.265 Y110.191 F18000
G1 F6205.95
G1 X137.265 Y107.908 E.07343
G1 X137.213 Y108.135 E.00749
G1 X136.735 Y108.612 E.02171
G1 X135.492 Y108.901 E.04105
G1 X135.014 Y109.378 E.02171
G1 X134.829 Y110.177 E.02638
G1 X134.771 Y111.649 E.04736
G1 X134.802 Y109.13 F18000
G1 F6205.95
G2 X134.755 Y108.011 I-7.133 J-.26 E.03607
G1 X135.014 Y106.891 E.03696
G1 X135.492 Y106.414 E.02171
G1 X136.735 Y106.125 E.04105
G1 X137.213 Y105.648 E.02171
G1 X137.265 Y105.421 E.00749
G1 X137.265 Y102.934 E.07997
G1 X137.213 Y103.161 E.00749
G1 X136.735 Y103.638 E.02171
G1 X135.492 Y103.927 E.04105
G1 X135.014 Y104.404 E.02171
G1 X134.726 Y105.648 E.04105
G1 X134.485 Y105.888 E.01094
G2 X134.006 Y103.694 I-14.177 J1.943 E.07229
G1 X134.248 Y103.638 E.00799
G1 X134.726 Y103.161 E.02171
G1 X135.014 Y101.917 E.04105
G1 X135.492 Y101.44 E.02171
G1 X136.735 Y101.151 E.04105
G1 X137.213 Y100.674 E.02171
G1 X137.265 Y100.447 E.00749
G1 X137.265 Y97.96 E.07997
G1 X137.213 Y98.187 E.00749
G1 X136.735 Y98.664 E.02171
G1 X135.492 Y98.953 E.04105
G1 X135.014 Y99.43 E.02171
G1 X134.726 Y100.674 E.04105
G1 X134.248 Y101.151 E.02171
G1 X133.271 Y101.378 E.03227
G3 X133.951 Y103.498 I-13.127 J5.381 E.07168
G1 X137.265 Y97.756 F18000
G1 F6205.95
G1 X137.265 Y95.473 E.07343
G1 X137.213 Y95.7 E.00749
G1 X136.735 Y96.177 E.02171
G1 X135.492 Y96.466 E.04105
G1 X135.014 Y96.943 E.02171
G1 X134.726 Y98.187 E.04105
G1 X134.248 Y98.664 E.02171
G1 X133.005 Y98.953 E.04105
G1 X132.527 Y99.43 E.02171
G1 X132.503 Y99.536 E.00349
G2 X131.975 Y98.45 I-7.163 J2.811 E.03886
G1 X132.239 Y98.187 E.01198
G1 X132.527 Y96.943 E.04105
G1 X133.005 Y96.466 E.02171
G1 X134.248 Y96.177 E.04105
G1 X134.726 Y95.7 E.02171
G1 X135.014 Y94.456 E.04105
G1 X135.492 Y93.979 E.02171
G1 X136.735 Y93.69 E.04105
G1 X137.213 Y93.213 E.02171
G1 X137.265 Y92.986 E.00749
G1 X137.265 Y90.499 E.07997
G1 X137.213 Y90.726 E.00749
G1 X136.735 Y91.203 E.02171
G1 X135.492 Y91.492 E.04105
G1 X135.014 Y91.969 E.02171
G1 X134.726 Y93.213 E.04105
G1 X134.248 Y93.69 E.02171
G1 X133.005 Y93.979 E.04105
G1 X132.527 Y94.456 E.02171
G1 X132.239 Y95.7 E.04105
G1 X131.761 Y96.177 E.02171
G1 X130.765 Y96.408 E.03288
G2 X129.883 Y95.135 I-8.523 J4.967 E.04986
G1 X130.04 Y94.456 E.02242
G1 X130.518 Y93.979 E.02171
G1 X131.761 Y93.69 E.04105
G1 X132.239 Y93.213 E.02171
G1 X132.527 Y91.969 E.04105
G1 X133.005 Y91.492 E.02171
G1 X134.248 Y91.203 E.04105
G1 X134.726 Y90.726 E.02171
G1 X135.014 Y89.482 E.04105
G1 X135.492 Y89.005 E.02171
G1 X136.735 Y88.716 E.04105
G1 X137.213 Y88.239 E.02171
G1 X137.265 Y88.012 E.00749
G1 X137.265 Y86.735 E.04107
G1 X135.479 Y86.735 E.05746
G1 X127.611 Y92.491 F18000
G1 F6205.95
G1 X128.817 Y93.796 E.05714
G1 X129.274 Y93.69 E.0151
G1 X129.752 Y93.213 E.02171
G1 X130.04 Y91.969 E.04105
G1 X130.518 Y91.492 E.02171
G1 X131.761 Y91.203 E.04105
G1 X132.239 Y90.726 E.02171
G1 X132.527 Y89.482 E.04105
G1 X133.005 Y89.005 E.02171
G1 X134.248 Y88.716 E.04105
G1 X134.726 Y88.239 E.02171
G1 X135.014 Y86.995 E.04105
G1 X135.275 Y86.735 E.01185
G1 X132.788 Y86.735 E.07997
G1 X132.527 Y86.995 E.01185
G1 X132.239 Y88.239 E.04105
G1 X131.761 Y88.716 E.02171
G1 X130.518 Y89.005 E.04105
G1 X130.04 Y89.482 E.02171
G1 X129.752 Y90.726 E.04105
G1 X129.274 Y91.203 E.02171
G1 X128.031 Y91.492 E.04105
G1 X127.553 Y91.969 E.02171
G1 X127.465 Y92.349 E.01254
G1 X126.338 Y91.307 E.04935
G1 X126.787 Y91.203 E.01483
G1 X127.265 Y90.726 E.02171
G1 X127.553 Y89.482 E.04105
G1 X128.031 Y89.005 E.02171
G1 X129.274 Y88.716 E.04105
G1 X129.752 Y88.239 E.02171
G1 X130.04 Y86.995 E.04105
G1 X130.301 Y86.735 E.01185
G1 X128.018 Y86.735 E.07343
G1 X123.368 Y89.085 F18000
G1 F6205.95
G3 X124.911 Y90.154 I-6.012 J10.331 E.06042
G1 X125.066 Y89.482 E.02216
G1 X125.544 Y89.005 E.02171
G1 X126.787 Y88.716 E.04105
G1 X127.265 Y88.239 E.02171
G1 X127.553 Y86.995 E.04105
G1 X127.814 Y86.735 E.01185
G1 X125.327 Y86.735 E.07997
G1 X125.066 Y86.995 E.01185
G1 X124.778 Y88.239 E.04105
G1 X124.3 Y88.716 E.02171
G1 X123.198 Y88.972 E.03638
G2 X122.162 Y88.368 I-4.358 J6.283 E.03862
G1 X122.291 Y88.239 E.00586
G1 X122.579 Y86.995 E.04105
G1 X122.84 Y86.735 E.01185
G1 X120.353 Y86.735 E.07997
G2 X120.023 Y87.294 I.284 J.544 E.022
G2 X118.637 Y86.735 I-4.247 J8.529 E.04812
G1 X120.149 Y86.735 E.04865
G1 X117.192 Y86.494 F18000
;TYPE:Gap infill
;WIDTH:0.512544
G1 F5379.443
G1 X116.979 Y86.464 E.00801
;WIDTH:0.463089
G1 F6000
G1 X116.765 Y86.435 E.00716
;WIDTH:0.413634
G1 X116.551 Y86.405 E.00632
;WIDTH:0.364179
G1 X116.337 Y86.375 E.00548
;WIDTH:0.314724
G1 X116.124 Y86.346 E.00463
;WIDTH:0.265269
G1 X115.91 Y86.316 E.00379
;WIDTH:0.215814
G1 X115.696 Y86.287 E.00295
;WIDTH:0.1904
G1 X115.69 Y86.286 E.00007
;WIDTH:0.165616
G1 X115.433 Y86.261 E.00251
;WIDTH:0.141517
G1 X115.176 Y86.235 E.00201
G1 X113.794 Y86.099 F18000
;WIDTH:0.573188
G1 F4764.23
G1 X113.32 Y86.071 E.0199
;WIDTH:0.525401
G1 F5236.102
G1 X112.846 Y86.043 E.01811
;WIDTH:0.477613
G1 F5811.725
G1 X112.371 Y86.015 E.01631
;WIDTH:0.429114
G1 F6000
G2 X111.883 Y85.987 I-.97 J12.406 E.01493
;WIDTH:0.386384
G1 X110.944 Y85.968 E.02547
;WIDTH:0.349305
G2 X109.994 Y85.95 I-.944 J24.177 E.02299
;WIDTH:0.349524
G1 X109.056 Y85.968 E.02274
;WIDTH:0.386668
G2 X108.103 Y85.987 I.008 J24.29 E.02588
;WIDTH:0.429827
G1 X107.629 Y86.015 E.01452
;WIDTH:0.477614
G1 F5811.722
G1 X107.154 Y86.043 E.01631
;WIDTH:0.5254
G1 F5236.106
G1 X106.68 Y86.071 E.01811
;WIDTH:0.549294
G1 F4989.039
G1 X106.206 Y86.099 E.019
G1 X104.824 Y86.235 F18000
;WIDTH:0.117418
G1 F6000
G1 X104.567 Y86.261 E.00152
;WIDTH:0.166163
G1 X104.304 Y86.287 E.00257
;WIDTH:0.215813
G1 X104.09 Y86.316 E.00295
;WIDTH:0.265268
G1 X103.876 Y86.346 E.00379
;WIDTH:0.314723
G1 X103.663 Y86.375 E.00463
;WIDTH:0.364179
G1 X103.449 Y86.405 E.00548
;WIDTH:0.413634
G1 X103.235 Y86.435 E.00632
;WIDTH:0.463089
G1 X103.021 Y86.464 E.00716
;WIDTH:0.487817
G1 F5678.432
G1 X102.808 Y86.494 E.00758
G1 X102.377 Y86.746 F18000
;TYPE:Internal solid infill
;WIDTH:0.383034
G1 F6000
G1 X102.45 Y86.7 E.0023
G2 X102.398 Y86.372 I-.575 J-.077 E.00906
G1 X82.531 Y86.372 E.53375
G1 X82.399 Y86.399 E.00362
G1 X82.372 Y86.531 E.00362
G1 X82.373 Y133.497 E1.26181
G1 X82.399 Y133.601 E.00288
G1 X82.531 Y133.628 E.00362
G1 X102.314 Y133.627 E.53149
G1 X102.405 Y133.606 E.00252
G2 X102.449 Y133.279 I-.526 J-.237 E.00897
G1 X100.64 Y132.612 E.05179
G1 X98.884 Y131.802 E.05196
G1 X97.208 Y130.863 E.05163
G1 X95.61 Y129.795 E.05163
G1 X94.101 Y128.605 E.05163
G1 X92.691 Y127.3 E.05163
G1 X91.387 Y125.889 E.05163
G1 X90.197 Y124.38 E.05163
G1 X89.13 Y122.782 E.05163
G1 X88.192 Y121.105 E.05163
G1 X87.388 Y119.36 E.05163
G1 X86.723 Y117.557 E.05163
G1 X86.202 Y115.707 E.05163
G1 X85.828 Y113.822 E.05163
G1 X85.602 Y111.914 E.05163
G1 X85.527 Y109.994 E.05163
G1 X85.603 Y108.074 E.05163
G1 X85.83 Y106.165 E.05163
G1 X86.205 Y104.281 E.05163
G1 X86.727 Y102.432 E.05163
G1 X87.393 Y100.629 E.05163
G1 X88.198 Y98.884 E.05163
G1 X89.137 Y97.208 E.05163
G1 X90.205 Y95.61 E.05163
G1 X91.395 Y94.101 E.05163
G1 X92.7 Y92.691 E.05163
G1 X94.111 Y91.387 E.05163
G1 X95.62 Y90.197 E.05163
G1 X97.218 Y89.13 E.05163
G1 X98.895 Y88.192 E.05163
G1 X100.64 Y87.388 E.05163
G1 X102.321 Y86.767 E.04814
G1 X98.173 Y86.735 F18000
;TYPE:Sparse infill
;WIDTH:0.45
G1 F6205.95
G1 X100.457 Y86.735 E.07343
G2 X100.145 Y87.216 I.231 J.491 E.01945
G2 X97.643 Y88.477 I6.76 J16.531 E.09018
G1 X85.331 Y86.735 F18000
G1 F6205.95
G1 X83.048 Y86.735 E.07343
G2 X82.735 Y87.222 I.235 J.495 E.01964
G1 X82.735 Y89.709 E.07997
G1 X82.787 Y89.482 E.00749
G1 X83.265 Y89.005 E.02171
G1 X84.508 Y88.716 E.04105
G1 X84.986 Y88.239 E.02171
G1 X85.274 Y86.995 E.04105
G1 X85.535 Y86.735 E.01185
G1 X88.022 Y86.735 E.07997
G1 X87.761 Y86.995 E.01185
G1 X87.473 Y88.239 E.04105
G1 X86.995 Y88.716 E.02171
G1 X85.752 Y89.005 E.04105
G1 X85.274 Y89.482 E.02171
G1 X84.986 Y90.726 E.04105
G1 X84.508 Y91.203 E.02171
G1 X83.265 Y91.492 E.04105
G1 X82.787 Y91.969 E.02171
G1 X82.735 Y92.196 E.00749
G1 X82.735 Y94.683 E.07997
G1 X82.787 Y94.456 E.00749
G1 X83.265 Y93.979 E.02171
G1 X84.508 Y93.69 E.04105
G1 X84.986 Y93.213 E.02171
G1 X85.274 Y91.969 E.04105
G1 X85.752 Y91.492 E.02171
G1 X86.995 Y91.203 E.04105
G1 X87.473 Y90.726 E.02171
G1 X87.761 Y89.482 E.04105
G1 X88.239 Y89.005 E.02171
G1 X89.482 Y88.716 E.04105
G1 X89.96 Y88.239 E.02171
G1 X90.248 Y86.995 E.04105
G1 X90.509 Y86.735 E.01185
G1 X92.996 Y86.735 E.07997
G1 X92.735 Y86.995 E.01185
G1 X92.447 Y88.239 E.04105
G1 X91.969 Y88.716 E.02171
G1 X90.726 Y89.005 E.04105
G1 X90.248 Y89.482 E.02171
G1 X89.96 Y90.726 E.04105
G1 X89.482 Y91.203 E.02171
G1 X88.239 Y91.492 E.04105
G1 X87.761 Y91.969 E.02171
G1 X87.473 Y93.213 E.04105
G1 X86.995 Y93.69 E.02171
G1 X85.752 Y93.979 E.04105
G1 X85.274 Y94.456 E.02171
G1 X84.986 Y95.7 E.04105
G1 X84.508 Y96.177 E.02171
G1 X83.265 Y96.466 E.04105
G1 X82.787 Y96.943 E.02171
G1 X82.735 Y97.17 E.00749
G1 X82.735 Y99.657 E.07997
G1 X82.787 Y99.43 E.00749
G1 X83.265 Y98.953 E.02171
G1 X84.508 Y98.664 E.04105
G1 X84.986 Y98.187 E.02171
G1 X85.274 Y96.943 E.04105
G1 X85.752 Y96.466 E.02171
G1 X86.995 Y96.177 E.04105
G1 X87.473 Y95.7 E.02171
G1 X87.761 Y94.456 E.04105
G1 X88.239 Y93.979 E.02171
G1 X89.482 Y93.69 E.04105
G1 X89.96 Y93.213 E.02171
G1 X90.248 Y91.969 E.04105
G1 X90.726 Y91.492 E.02171
G1 X91.969 Y91.203 E.04105
G1 X92.447 Y90.726 E.02171
G1 X92.735 Y89.482 E.04105
G1 X93.213 Y89.005 E.02171
G1 X94.456 Y88.716 E.04105
G1 X94.934 Y88.239 E.02171
G1 X95.222 Y86.995 E.04105
G1 X95.483 Y86.735 E.01185
G1 X97.97 Y86.735 E.07997
G1 X97.709 Y86.995 E.01185
G1 X97.421 Y88.239 E.04105
G1 X96.943 Y88.716 E.02171
G1 X95.7 Y89.005 E.04105
G1 X95.222 Y89.482 E.02171
G1 X95.061 Y90.176 E.0229
G2 X93.546 Y91.414 I7.12 J10.256 E.06299
G1 X93.213 Y91.492 E.01101
G1 X92.735 Y91.969 E.02171
G3 X92.438 Y92.438 I-.494 J.016 E.01896
G2 X91.097 Y93.893 I8.575 J9.254 E.06368
G1 X90.726 Y93.979 E.01226
G1 X90.248 Y94.456 E.02171
G1 X90.079 Y95.183 E.02401
G2 X89.372 Y96.203 I6.117 J4.999 E.03993
G1 X88.239 Y96.466 E.03742
G1 X87.761 Y96.943 E.02171
G1 X87.473 Y98.187 E.04105
G1 X86.995 Y98.664 E.02171
G1 X85.752 Y98.953 E.04105
G1 X85.274 Y99.43 E.02171
G1 X84.986 Y100.674 E.04105
G1 X84.508 Y101.151 E.02171
G1 X83.265 Y101.44 E.04105
G1 X82.787 Y101.917 E.02171
G1 X82.735 Y102.144 E.00749
G1 X82.735 Y104.631 E.07997
G1 X82.787 Y104.404 E.00749
G1 X83.265 Y103.927 E.02171
G1 X84.508 Y103.638 E.04105
G1 X84.986 Y103.161 E.02171
G1 X85.274 Y101.917 E.04105
G1 X85.752 Y101.44 E.02171
G1 X86.796 Y101.197 E.03447
G2 X85.94 Y103.883 I16.63 J6.776 E.09073
G1 X85.752 Y103.927 E.00623
G1 X85.274 Y104.404 E.02171
G1 X84.986 Y105.648 E.04105
G1 X84.508 Y106.125 E.02171
G1 X83.265 Y106.414 E.04105
G1 X82.787 Y106.891 E.02171
G1 X82.735 Y107.118 E.00749
G1 X82.735 Y109.605 E.07997
G1 X82.787 Y109.378 E.00749
G1 X83.265 Y108.901 E.02171
G1 X84.508 Y108.612 E.04105
G1 X84.986 Y108.135 E.02171
G1 X85.274 Y106.891 E.04105
G1 X85.392 Y106.774 E.00535
G3 X85.885 Y104.079 I33.174 J4.679 E.08811
G1 X85.229 Y108.351 F18000
G1 F6205.95
G1 X85.171 Y109.823 E.04736
G1 X84.986 Y110.622 E.02638
G1 X84.508 Y111.099 E.02171
G1 X83.265 Y111.388 E.04105
G1 X82.787 Y111.865 E.02171
G1 X82.735 Y112.092 E.00749
G1 X82.735 Y114.579 E.07997
G1 X82.787 Y114.352 E.00749
G1 X83.265 Y113.875 E.02171
G1 X84.508 Y113.586 E.04105
G1 X84.986 Y113.109 E.02171
G2 X85.198 Y110.87 I-4.053 J-1.515 E.07317
G1 X82.735 Y114.783 F18000
G1 F6205.95
G1 X82.735 Y117.066 E.07343
G1 X82.787 Y116.839 E.00749
G1 X83.265 Y116.362 E.02171
G1 X84.508 Y116.073 E.04105
G1 X84.986 Y115.596 E.02171
G1 X85.274 Y114.352 E.04105
G1 X85.515 Y114.112 E.01094
G2 X85.994 Y116.306 I14.177 J-1.943 E.07229
G1 X85.752 Y116.362 E.00799
G1 X85.274 Y116.839 E.02171
G1 X84.986 Y118.083 E.04105
G1 X84.508 Y118.56 E.02171
G1 X83.265 Y118.849 E.04105
G1 X82.787 Y119.326 E.02171
G1 X82.735 Y119.553 E.00749
G1 X82.735 Y122.04 E.07997
G1 X82.787 Y121.813 E.00749
G1 X83.265 Y121.336 E.02171
G1 X84.508 Y121.047 E.04105
G1 X84.986 Y120.57 E.02171
G1 X85.274 Y119.326 E.04105
G1 X85.752 Y118.849 E.02171
G1 X86.729 Y118.622 E.03227
G3 X86.049 Y116.502 I13.127 J-5.381 E.07168
G1 X82.735 Y122.244 F18000
G1 F6205.95
G1 X82.735 Y124.527 E.07343
G1 X82.787 Y124.3 E.00749
G1 X83.265 Y123.823 E.02171
G1 X84.508 Y123.534 E.04105
G1 X84.986 Y123.057 E.02171
G1 X85.274 Y121.813 E.04105
G1 X85.752 Y121.336 E.02171
G1 X86.995 Y121.047 E.04105
G1 X87.473 Y120.57 E.02171
G1 X87.497 Y120.464 E.00349
G2 X88.025 Y121.55 I7.163 J-2.811 E.03886
G1 X87.761 Y121.813 E.01198
G1 X87.473 Y123.057 E.04105
G1 X86.995 Y123.534 E.02171
G1 X85.752 Y123.823 E.04105
G1 X85.274 Y124.3 E.02171
G1 X84.986 Y125.544 E.04105
G1 X84.508 Y126.021 E.02171
G1 X83.265 Y126.31 E.04105
G1 X82.787 Y126.787 E.02171
G1 X82.735 Y127.014 E.00749
G1 X82.735 Y129.501 E.07997
G1 X82.787 Y129.274 E.00749
G1 X83.265 Y128.797 E.02171
G1 X84.508 Y128.508 E.04105
G1 X84.986 Y128.031 E.02171
G1 X85.274 Y126.787 E.04105
G1 X85.752 Y126.31 E.02171
G1 X86.995 Y126.021 E.04105
G1 X87.473 Y125.544 E.02171
G1 X87.761 Y124.3 E.04105
G1 X88.239 Y123.823 E.02171
G1 X89.235 Y123.592 E.03288
G2 X90.117 Y124.865 I8.523 J-4.967 E.04986
G1 X89.96 Y125.544 E.02242
G1 X89.482 Y126.021 E.02171
G1 X88.239 Y126.31 E.04105
G1 X87.761 Y126.787 E.02171
G1 X87.473 Y128.031 E.04105
G1 X86.995 Y128.508 E.02171
G1 X85.752 Y128.797 E.04105
G1 X85.274 Y129.274 E.02171
G1 X84.986 Y130.518 E.04105
G1 X84.508 Y130.995 E.02171
G1 X83.265 Y131.284 E.04105
G1 X82.787 Y131.761 E.02171
G1 X82.735 Y131.988 E.00749
G1 X82.735 Y133.265 E.04107
G1 X84.521 Y133.265 E.05746
G1 X92.389 Y127.509 F18000
G1 F6205.95
G1 X91.183 Y126.204 E.05714
G1 X90.726 Y126.31 E.0151
G1 X90.248 Y126.787 E.02171
G1 X89.96 Y128.031 E.04105
G1 X89.482 Y128.508 E.02171
G1 X88.239 Y128.797 E.04105
G1 X87.761 Y129.274 E.02171
G1 X87.473 Y130.518 E.04105
G1 X86.995 Y130.995 E.02171
G1 X85.752 Y131.284 E.04105
G1 X85.274 Y131.761 E.02171
G1 X84.986 Y133.005 E.04105
G1 X84.725 Y133.265 E.01185
G1 X87.212 Y133.265 E.07997
G1 X87.473 Y133.005 E.01185
G1 X87.761 Y131.761 E.04105
G1 X88.239 Y131.284 E.02171
G1 X89.482 Y130.995 E.04105
G1 X89.96 Y130.518 E.02171
G1 X90.248 Y129.274 E.04105
G1 X90.726 Y128.797 E.02171
G1 X91.969 Y128.508 E.04105
G1 X92.447 Y128.031 E.02171
G1 X92.535 Y127.651 E.01254
G1 X93.662 Y128.693 E.04935
G1 X93.213 Y128.797 E.01483
G1 X92.735 Y129.274 E.02171
G1 X92.447 Y130.518 E.04105
G1 X91.969 Y130.995 E.02171
G1 X90.726 Y131.284 E.04105
G1 X90.248 Y131.761 E.02171
G1 X89.96 Y133.005 E.04105
G1 X89.699 Y133.265 E.01185
G1 X91.982 Y133.265 E.07343
G1 X96.632 Y130.915 F18000
G1 F6205.95
G3 X95.089 Y129.846 I6.012 J-10.331 E.06042
G1 X94.934 Y130.518 E.02216
G1 X94.456 Y130.995 E.02171
G1 X93.213 Y131.284 E.04105
G1 X92.735 Y131.761 E.02171
G1 X92.447 Y133.005 E.04105
G1 X92.186 Y133.265 E.01185
G1 X94.673 Y133.265 E.07997
G1 X94.934 Y133.005 E.01185
G1 X95.222 Y131.761 E.04105
G1 X95.7 Y131.284 E.02171
G1 X96.802 Y131.028 E.03638
G2 X97.838 Y131.632 I4.358 J-6.283 E.03862
G1 X97.709 Y131.761 E.00586
G1 X97.421 Y133.005 E.04105
G1 X97.16 Y133.265 E.01185
G1 X99.647 Y133.265 E.07997
G2 X99.977 Y132.706 I-.284 J-.544 E.022
G2 X101.363 Y133.265 I4.247 J-8.529 E.04812
G1 X99.851 Y133.265 E.04865
G1 X102.808 Y133.506 F18000
;TYPE:Gap infill
;WIDTH:0.487818
G1 F5678.425
G1 X103.021 Y133.536 E.00758
;WIDTH:0.463091
G1 F6000
G1 X103.235 Y133.565 E.00716
;WIDTH:0.413636
G1 X103.449 Y133.595 E.00632
;WIDTH:0.364182
G1 X103.663 Y133.625 E.00548
;WIDTH:0.314728
G1 X103.876 Y133.654 E.00463
;WIDTH:0.265274
G1 X104.09 Y133.684 E.00379
;WIDTH:0.215819
G1 X104.304 Y133.713 E.00295
;WIDTH:0.166168
G1 X104.567 Y133.739 E.00257
;WIDTH:0.11742
G1 X104.824 Y133.765 E.00152
G1 X106.206 Y133.901 F18000
;WIDTH:0.549296
G1 F4989.011
G1 X106.68 Y133.929 E.019
;WIDTH:0.525403
G1 F5236.075
G1 X107.154 Y133.957 E.01811
;WIDTH:0.477616
G1 F5811.684
G1 X107.629 Y133.985 E.01631
;WIDTH:0.42983
G1 F6000
G1 X108.103 Y134.013 E.01452
;WIDTH:0.386671
G2 X109.056 Y134.032 I.96 J-24.271 E.02588
;WIDTH:0.349528
G1 X109.994 Y134.05 E.02274
G1 X137.265 Y130.494 F18000
;TYPE:Sparse infill
;WIDTH:0.45
G1 F6205.95
G1 X137.265 Y132.778 E.07343
G3 X136.952 Y133.265 I-.548 J-.008 E.01964
G1 X134.465 Y133.265 E.07997
G1 X134.726 Y133.005 E.01185
G1 X135.014 Y131.761 E.04105
G1 X135.492 Y131.284 E.02171
G1 X136.735 Y130.995 E.04105
G1 X137.213 Y130.518 E.02171
G1 X137.265 Y130.291 E.00749
G1 X137.265 Y127.804 E.07997
G1 X137.213 Y128.031 E.00749
G1 X136.735 Y128.508 E.02171
G1 X135.492 Y128.797 E.04105
G1 X135.014 Y129.274 E.02171
G1 X134.726 Y130.518 E.04105
G1 X134.248 Y130.995 E.02171
G1 X133.005 Y131.284 E.04105
G1 X132.527 Y131.761 E.02171
G1 X132.239 Y133.005 E.04105
G1 X131.978 Y133.265 E.01185
G1 X129.491 Y133.265 E.07997
G1 X129.752 Y133.005 E.01185
G1 X130.04 Y131.761 E.04105
G1 X130.518 Y131.284 E.02171
G1 X131.761 Y130.995 E.04105
G1 X132.239 Y130.518 E.02171
G1 X132.527 Y129.274 E.04105
G1 X133.005 Y128.797 E.02171
G1 X134.248 Y128.508 E.04105
G1 X134.726 Y128.031 E.02171
G1 X135.014 Y126.787 E.04105
G1 X135.492 Y126.31 E.02171
G1 X136.735 Y126.021 E.04105
G1 X137.213 Y125.544 E.02171
G1 X137.265 Y125.317 E.00749
G1 X137.265 Y127.6 E.07343
; stop printing object base_plate.stl id:0 copy 0
M106 S102
;LAYER_CHANGE
;Z:4.24
;HEIGHT:0.2
G92 E0 ; zero the extruded length again
; BEFORE_LAYER_CHANGE 20 @ 4.24mm
G1 E-1.75 F6000
;WIPE_START
G1 F6205.95
G1 X137.265 Y126.6 E-.75
;WIPE_END
; AFTER_LAYER_CHANGE 20 @ 4.24mm
;_SET_FAN_SPEED_CHANGING_LAYER
; printing object base_plate.stl id:0 copy 0
G17
G3 Z4.44 I-.602 J.087 P1  F18000
G1 X138.389 Y134.389 Z4.44
G1 X138.389 Y134.389
G1 X138.79 Y134.79
G1 Z4.24
G1 E2.5 F6000
M204 P1000
;TYPE:Outer wall
;WIDTH:0.42
G1 F3600
G1 X81.21 Y134.79 E1.71511
G1 X81.21 Y85.21 E1.47682
G1 X138.79 Y85.21 E1.71511
G1 X138.79 Y134.73 E1.47503
G1 X138.389 Y134.389 F18000
G1 X138.389 Y134.389
G1 X138.398 Y134.398
M204 P1500
;TYPE:Inner wall
;WIDTH:0.45
G1 F6000
G1 X81.602 Y134.398 E1.82635
G1 X81.602 Y85.602 E1.5691
G1 X138.398 Y85.602 E1.82635
G1 X138.398 Y134.338 E1.56717
G1 E-1.75
;WIPE_START
G1 X137.398 Y134.339 E-.75
;WIPE_END
G1 X133.583 Y134.246 Z4.44 F18000
G1 X113.986 Y133.771 Z4.44
G1 Z4.24
G1 E2.5 F6000
G1 X115.628 Y133.444 E.05385
G1 X117.45 Y132.93 E.06088
G1 X119.227 Y132.275 E.06088
G1 X120.946 Y131.482 E.06088
G1 X122.597 Y130.557 E.06088
G1 X124.172 Y129.505 E.06088
G1 X125.658 Y128.333 E.06088
G1 X127.048 Y127.048 E.06088
G1 X128.333 Y125.658 E.06088
G1 X129.505 Y124.172 E.06088
G1 X130.557 Y122.597 E.06088
G1 X131.482 Y120.946 E.06088
G1 X132.275 Y119.227 E.06088
G1 X132.93 Y117.45 E.06088
G1 X133.444 Y115.628 E.06088
G1 X133.813 Y113.772 E.06087
G1 X134.036 Y111.892 E.06088
G1 X134.11 Y110 E.06088
G1 X134.036 Y108.108 E.06088
G1 X133.813 Y106.228 E.06088
G1 X133.444 Y104.372 E.06087
G1 X132.93 Y102.55 E.06088
G1 X132.275 Y100.773 E.06088
G1 X131.482 Y99.054 E.06088
G1 X130.557 Y97.403 E.06088
G1 X129.505 Y95.828 E.06088
G1 X128.333 Y94.342 E.06088
G1 X127.048 Y92.952 E.06088
G1 X125.658 Y91.667 E.06088
G1 X124.172 Y90.495 E.06088
G1 X122.597 Y89.443 E.06088
G1 X120.946 Y88.518 E.06088
G1 X119.227 Y87.725 E.06088
G1 X117.45 Y87.07 E.06088
G1 X115.628 Y86.556 E.06088
G1 X113.986 Y86.229 E.05385
G1 X114.008 Y86.009 E.00712
G1 X137.991 Y86.009 E.77121
G1 X137.991 Y133.991 E1.54292
G1 X114.008 Y133.991 E.77122
G1 X113.992 Y133.83 E.00519
G1 E-1.75
;WIPE_START
G1 X114.965 Y133.6 E-.75
;WIPE_END
G1 X111.149 Y133.673 Z4.44 F18000
G1 X106.014 Y133.771 Z4.44
G1 Z4.24
G1 E2.5 F6000
G1 X105.992 Y133.991 E.00712
G1 X82.009 Y133.991 E.77122
G1 X82.009 Y86.009 E1.54292
G1 X105.992 Y86.009 E.77121
G1 X106.014 Y86.229 E.00712
G1 X104.372 Y86.556 E.05385
G1 X102.55 Y87.07 E.06088
G1 X100.773 Y87.725 E.06088
G1 X99.054 Y88.518 E.06088
G1 X97.403 Y89.443 E.06088
G1 X95.828 Y90.495 E.06088
G1 X94.342 Y91.667 E.06088
G1 X92.952 Y92.952 E.06088
G1 X91.667 Y94.342 E.06088
G1 X90.495 Y95.828 E.06088
G1 X89.443 Y97.403 E.06088
G1 X88.518 Y99.054 E.06088
G1 X87.725 Y100.773 E.06088
G1 X87.07 Y102.55 E.06088
G1 X86.556 Y104.372 E.06088
G1 X86.187 Y106.228 E.06087
G1 X85.964 Y108.108 E.06088
G1 X85.89 Y110 E.06088
G1 X85.964 Y111.892 E.06088
G1 X86.187 Y113.772 E.06088
G1 X86.556 Y115.628 E.06087
G1 X87.07 Y117.45 E.06088
G1 X87.725 Y119.227 E.06088
G1 X88.518 Y120.946 E.06088
G1 X89.443 Y122.597 E.06088
G1 X90.495 Y124.172 E.06088
G1 X91.667 Y125.658 E.06088
G1 X92.952 Y127.048 E.06088
G1 X94.342 Y128.333 E.06088
G1 X95.828 Y129.505 E.06088
G1 X97.403 Y130.557 E.06088
G1 X99.054 Y131.482 E.06088
G1 X100.773 Y132.275 E.06088
G1 X102.55 Y132.93 E.06088
G1 X104.372 Y133.444 E.06088
G1 X105.955 Y133.759 E.05192
G1 E-1.75
;WIPE_START
G1 X105.992 Y133.991 E-.17623
G1 X105.227 Y133.991 E-.57377
;WIPE_END
G1 X105.377 Y133.238 Z4.44 F18000
G1 X106.291 Y133.419
G1 X108.14 Y133.638
G1 X109.671 Y133.698
G1 X109.984 Y133.711
G1 X110 Y133.31
G1 Z4.24
G1 E2.5 F6000
M204 P1000
;TYPE:Outer wall
;WIDTH:0.42
G1 F3600
G1 X111.829 Y133.238 E.05452
G1 X113.647 Y133.023 E.05452
G1 X115.442 Y132.666 E.05452
G1 X117.203 Y132.169 E.05452
G1 X118.92 Y131.536 E.05452
G1 X120.583 Y130.77 E.05452
G1 X122.18 Y129.875 E.05452
G1 X123.701 Y128.858 E.05452
G1 X125.139 Y127.725 E.05452
G1 X126.483 Y126.483 E.05452
G1 X127.725 Y125.139 E.05452
G1 X128.858 Y123.701 E.05452
G1 X129.875 Y122.18 E.05452
G1 X130.77 Y120.583 E.05452
G1 X131.536 Y118.92 E.05452
G1 X132.169 Y117.203 E.05452
G1 X132.666 Y115.442 E.05452
G1 X133.023 Y113.647 E.05452
G1 X133.238 Y111.829 E.05452
G1 X133.31 Y110 E.05452
G1 X133.238 Y108.171 E.05452
G1 X133.023 Y106.353 E.05452
G1 X132.666 Y104.558 E.05452
G1 X132.169 Y102.797 E.05452
G1 X131.536 Y101.08 E.05452
G1 X130.77 Y99.417 E.05452
G1 X129.875 Y97.82 E.05452
G1 X128.858 Y96.299 E.05452
G1 X127.725 Y94.861 E.05452
G1 X126.483 Y93.517 E.05452
G1 X125.139 Y92.275 E.05452
G1 X123.701 Y91.142 E.05452
G1 X122.18 Y90.125 E.05452
G1 X120.583 Y89.23 E.05452
G1 X118.92 Y88.464 E.05452
G1 X117.203 Y87.831 E.05452
G1 X115.442 Y87.334 E.05452
G1 X113.647 Y86.977 E.05452
G1 X111.829 Y86.762 E.05452
G1 X110 Y86.69 E.05452
G1 X108.701 Y86.741 E.03874
G1 X108.171 Y86.762 E.01578
G1 X106.353 Y86.977 E.05452
G1 X104.558 Y87.334 E.05452
G1 X102.797 Y87.831 E.05452
G1 X101.08 Y88.464 E.05452
G1 X99.417 Y89.23 E.05452
G1 X97.82 Y90.125 E.05452
G1 X96.299 Y91.142 E.05452
G1 X94.861 Y92.275 E.05452
G1 X93.517 Y93.517 E.05452
G1 X92.275 Y94.861 E.05452
G1 X91.142 Y96.299 E.05452
G1 X90.125 Y97.82 E.05452
G1 X89.23 Y99.417 E.05452
G1 X88.464 Y101.08 E.05452
G1 X87.831 Y102.797 E.05452
G1 X87.334 Y104.558 E.05452
G1 X86.977 Y106.353 E.05452
G1 X86.762 Y108.171 E.05452
G1 X86.69 Y110 E.05452
G1 X86.762 Y111.829 E.05452
G1 X86.977 Y113.647 E.05452
G1 X87.334 Y115.442 E.05452
G1 X87.831 Y117.203 E.05452
G1 X88.464 Y118.92 E.05452
G1 X89.23 Y120.583 E.05452
G1 X90.125 Y122.18 E.05452
G1 X91.142 Y123.701 E.05452
G1 X92.275 Y125.139 E.05452
G1 X93.517 Y126.483 E.05452
G1 X94.861 Y127.725 E.05452
G1 X96.299 Y128.858 E.05452
G1 X97.82 Y129.875 E.05452
G1 X99.417 Y130.77 E.05452
G1 X101.08 Y131.536 E.05452
G1 X102.797 Y132.169 E.05452
G1 X104.558 Y132.666 E.05452
G1 X106.353 Y133.023 E.05452
G1 X108.171 Y133.238 E.05452
G1 X109.94 Y133.308 E.05273
G1 X109.924 Y133.708 F18000
G1 X109.985 Y133.711
G1 X109.985 Y133.702
M204 P1500
;TYPE:Inner wall
;WIDTH:0.45
G1 F6000
G1 X110 Y133.703 E.00047
G1 X111.86 Y133.63 E.05985
G1 X113.708 Y133.411 E.05985
G1 X115.533 Y133.048 E.05985
G1 X117.325 Y132.543 E.05985
G1 X119.071 Y131.898 E.05985
G1 X120.761 Y131.119 E.05985
G1 X122.385 Y130.21 E.05985
G1 X123.932 Y129.176 E.05985
G1 X125.394 Y128.024 E.05985
G1 X126.76 Y126.76 E.05985
G1 X128.024 Y125.394 E.05985
G1 X129.176 Y123.932 E.05985
G1 X130.21 Y122.385 E.05985
G1 X131.119 Y120.761 E.05985
G1 X131.898 Y119.071 E.05985
G1 X132.543 Y117.325 E.05985
G1 X133.048 Y115.533 E.05985
G1 X133.411 Y113.708 E.05985
G1 X133.63 Y111.86 E.05985
G1 X133.703 Y110 E.05985
G1 X133.63 Y108.14 E.05985
G1 X133.411 Y106.292 E.05985
G1 X133.048 Y104.467 E.05985
G1 X132.543 Y102.675 E.05985
G1 X131.898 Y100.929 E.05985
G1 X131.119 Y99.239 E.05985
G1 X130.21 Y97.615 E.05985
G1 X129.176 Y96.068 E.05985
G1 X128.024 Y94.606 E.05985
G1 X126.76 Y93.24 E.05985
G1 X125.394 Y91.976 E.05985
G1 X123.932 Y90.824 E.05985
G1 X122.385 Y89.79 E.05985
G1 X120.761 Y88.881 E.05985
G1 X119.071 Y88.102 E.05985
G1 X117.325 Y87.457 E.05985
G1 X115.533 Y86.952 E.05985
G1 X113.708 Y86.589 E.05985
G1 X111.86 Y86.37 E.05985
G1 X110 Y86.297 E.05985
G1 X108.685 Y86.349 E.04231
G1 X108.14 Y86.37 E.01753
G1 X106.292 Y86.589 E.05985
G1 X104.467 Y86.952 E.05985
G1 X102.675 Y87.457 E.05985
G1 X100.929 Y88.102 E.05985
G1 X99.239 Y88.881 E.05985
G1 X97.615 Y89.79 E.05985
G1 X96.068 Y90.824 E.05985
G1 X94.606 Y91.976 E.05985
G1 X93.24 Y93.24 E.05985
G1 X91.976 Y94.606 E.05985
G1 X90.824 Y96.068 E.05985
G1 X89.79 Y97.615 E.05985
G1 X88.881 Y99.239 E.05985
G1 X88.102 Y100.929 E.05985
G1 X87.457 Y102.675 E.05985
G1 X86.952 Y104.467 E.05985
G1 X86.589 Y106.292 E.05985
G1 X86.37 Y108.14 E.05985
G1 X86.297 Y110 E.05985
G1 X86.37 Y111.86 E.05985
G1 X86.589 Y113.708 E.05985
G1 X86.952 Y115.533 E.05985
G1 X87.457 Y117.325 E.05985
G1 X88.102 Y119.071 E.05985
G1 X88.881 Y120.761 E.05985
G1 X89.79 Y122.385 E.05985
G1 X90.824 Y123.932 E.05985
G1 X91.976 Y125.394 E.05985
G1 X93.24 Y126.76 E.05985
G1 X94.606 Y128.024 E.05985
G1 X96.068 Y129.176 E.05985
G1 X97.615 Y130.21 E.05985
G1 X99.239 Y131.119 E.05985
G1 X100.929 Y131.898 E.05985
G1 X102.675 Y132.543 E.05985
G1 X104.467 Y133.048 E.05985
G1 X106.292 Y133.411 E.05985
G1 X108.14 Y133.63 E.05985
G1 X109.926 Y133.7 E.05745
G1 X109.994 Y134.05 F18000
M204 P2000
;TYPE:Gap infill
;WIDTH:0.349309
G1 F6000
G2 X110.944 Y134.032 I.006 J-24.196 E.023
;WIDTH:0.386388
G1 X111.883 Y134.013 E.02547
;WIDTH:0.429119
G2 X112.371 Y133.985 I-.481 J-12.434 E.01493
;WIDTH:0.477617
G1 F5811.677
G1 X112.846 Y133.957 E.01631
;WIDTH:0.525403
G1 F5236.076
G1 X113.32 Y133.929 E.01811
;WIDTH:0.573189
G1 F4764.217
G1 X113.794 Y133.901 E.0199
G1 X115.176 Y133.765 F18000
;WIDTH:0.14152
G1 F6000
G1 X115.433 Y133.739 E.00201
;WIDTH:0.16562
G1 X115.69 Y133.714 E.00251
;WIDTH:0.190407
G1 X115.696 Y133.713 E.00007
;WIDTH:0.215819
G1 X115.91 Y133.684 E.00295
;WIDTH:0.265273
G1 X116.124 Y133.654 E.00379
;WIDTH:0.314728
G1 X116.337 Y133.625 E.00463
;WIDTH:0.364182
G1 X116.551 Y133.595 E.00548
;WIDTH:0.413636
G1 X116.765 Y133.565 E.00632
;WIDTH:0.463091
G1 X116.979 Y133.536 E.00716
;WIDTH:0.512545
G1 F5379.434
G1 X117.192 Y133.506 E.00801
G1 X117.574 Y133.062 F18000
M204 P500
;TYPE:Internal Bridge
;WIDTH:0.379473
;HEIGHT:0.379473
G1 F2250
M106 S127
G1 X118.144 Y133.631 E.036
G1 X118.751 Y133.631 E.02713
G1 X118.168 Y133.048 E.03683
G1 X118.612 Y132.885 E.02112
G1 X119.358 Y133.631 E.04717
G1 X119.966 Y133.631 E.02713
G1 X119.055 Y132.721 E.05751
G2 X119.491 Y132.549 I-.876 J-2.851 E.02093
G1 X120.573 Y133.631 E.06839
G1 X121.18 Y133.631 E.02713
G1 X119.906 Y132.357 E.0805
G1 X120.322 Y132.166 E.02045
G1 X121.788 Y133.631 E.0926
G1 X122.395 Y133.631 E.02713
G1 X120.738 Y131.974 E.10471
G2 X121.151 Y131.779 I-1.029 J-2.721 E.02041
G1 X123.003 Y133.631 E.11699
G1 X123.61 Y133.631 E.02713
G1 X121.54 Y131.561 E.13077
G1 X121.929 Y131.343 E.01993
G1 X124.217 Y133.631 E.14454
G1 X124.825 Y133.631 E.02713
G1 X122.319 Y131.125 E.15831
G1 X122.708 Y130.907 E.01993
G1 X125.432 Y133.631 E.17209
G1 X126.039 Y133.631 E.02713
G1 X123.077 Y130.669 E.18714
G1 X123.441 Y130.426 E.01956
G1 X126.647 Y133.631 E.20251
G1 X127.254 Y133.631 E.02713
G1 X123.805 Y130.182 E.21787
G1 X124.169 Y129.939 E.01956
G1 X127.861 Y133.631 E.23324
G1 X128.469 Y133.631 E.02713
G1 X124.523 Y129.686 E.24925
G1 X124.863 Y129.418 E.01932
G1 X129.076 Y133.631 E.26616
G1 X129.684 Y133.631 E.02713
G1 X125.203 Y129.15 E.28308
G1 X125.542 Y128.883 E.01932
G1 X130.291 Y133.631 E.29999
G1 X130.898 Y133.631 E.02713
G1 X125.882 Y128.615 E.31691
G2 X126.198 Y128.324 I-1.694 J-2.158 E.01922
G1 X131.506 Y133.631 E.33529
G1 X132.113 Y133.631 E.02713
G1 X126.514 Y128.032 E.35372
G1 X126.829 Y127.74 E.0192
G1 X132.72 Y133.631 E.37215
G1 X133.328 Y133.631 E.02713
G1 X127.145 Y127.449 E.39058
G2 X127.449 Y127.145 I-1.775 J-2.079 E.0192
G1 X133.935 Y133.631 E.40976
G1 X134.543 Y133.631 E.02713
G1 X127.74 Y126.829 E.4297
G1 X128.032 Y126.514 E.0192
G1 X135.15 Y133.631 E.44964
G1 X135.757 Y133.631 E.02713
G1 X128.324 Y126.198 E.46958
G2 X128.615 Y125.882 I-1.865 J-2.008 E.01922
G1 X136.365 Y133.631 E.48957
G1 X136.972 Y133.631 E.02713
G1 X128.883 Y125.542 E.51102
G1 X129.15 Y125.202 E.01932
G1 X137.579 Y133.631 E.53247
G1 X137.631 Y133.631 E.00232
G1 X137.631 Y133.076 E.02481
G1 X129.418 Y124.863 E.51885
G1 X129.686 Y124.523 E.01932
G1 X137.631 Y132.469 E.50193
G1 X137.631 Y131.861 E.02713
G1 X129.939 Y124.169 E.48593
G1 X130.183 Y123.805 E.01956
G1 X137.631 Y131.254 E.47056
G1 X137.631 Y130.647 E.02713
G1 X130.426 Y123.441 E.45519
G1 X130.669 Y123.077 E.01956
G1 X137.631 Y130.039 E.43982
G1 X137.631 Y129.432 E.02713
G1 X130.907 Y122.708 E.42477
G1 X131.125 Y122.318 E.01993
G1 X137.631 Y128.824 E.411
G1 X137.631 Y128.217 E.02713
G1 X131.343 Y121.929 E.39723
G1 X131.561 Y121.54 E.01993
G1 X137.631 Y127.61 E.38345
G1 X137.631 Y127.002 E.02713
G1 X131.779 Y121.15 E.36968
G2 X131.974 Y120.738 I-2.527 J-1.442 E.02041
G1 X137.631 Y126.395 E.35739
G1 X137.631 Y125.788 E.02713
G1 X132.166 Y120.322 E.34529
G1 X132.357 Y119.906 E.02045
G1 X137.631 Y125.18 E.33318
G1 X137.631 Y124.573 E.02713
G1 X132.549 Y119.49 E.32107
G2 X132.721 Y119.055 I-2.679 J-1.312 E.02093
G1 X137.631 Y123.966 E.3102
G1 X137.631 Y123.358 E.02713
G1 X132.885 Y118.612 E.29986
G1 X133.048 Y118.168 E.02112
G1 X137.631 Y122.751 E.28952
G1 X137.631 Y122.143 E.02713
G1 X133.212 Y117.724 E.27917
G2 X133.357 Y117.261 I-2.867 J-1.15 E.02168
G1 X137.631 Y121.536 E.27004
G1 X137.631 Y120.929 E.02713
G1 X133.49 Y116.788 E.2616
G1 X133.624 Y116.314 E.02199
G1 X137.631 Y120.321 E.25316
G1 X137.631 Y119.714 E.02713
G1 X133.758 Y115.84 E.24472
G2 X133.867 Y115.342 I-3.107 J-.945 E.02279
G1 X137.631 Y119.107 E.23779
G1 X137.631 Y118.499 E.02713
G1 X133.968 Y114.836 E.23143
G1 X134.069 Y114.329 E.02307
G1 X137.631 Y117.892 E.22506
G1 X137.631 Y117.285 E.02713
G1 X134.169 Y113.822 E.21872
G1 X134.233 Y113.279 E.02443
G1 X137.631 Y116.677 E.21466
G1 X137.631 Y116.07 E.02713
G1 X134.298 Y112.736 E.2106
G1 X134.362 Y112.193 E.02443
G1 X137.631 Y115.462 E.20654
G1 X137.631 Y114.855 E.02713
G1 X134.406 Y111.629 E.20377
G1 X134.429 Y111.045 E.02613
G1 X137.631 Y114.248 E.20232
G1 X137.631 Y113.64 E.02713
G1 X134.452 Y110.461 E.20087
G2 X134.464 Y109.866 I-3.771 J-.379 E.02659
G1 X137.631 Y113.033 E.20006
G1 X137.631 Y112.426 E.02713
G1 X134.44 Y109.234 E.20163
G1 X134.415 Y108.602 E.02826
G1 X137.631 Y111.818 E.2032
G1 X137.631 Y111.211 E.02713
G1 X134.38 Y107.96 E.20539
G1 X134.298 Y107.271 E.03099
G1 X137.631 Y110.604 E.21055
G1 X137.631 Y109.996 E.02713
G1 X134.217 Y106.582 E.2157
G2 X134.107 Y105.865 I-4.612 J.338 E.03243
G1 X137.631 Y109.389 E.22262
G1 X137.631 Y108.781 E.02713
G1 X133.957 Y105.107 E.23215
G1 X133.806 Y104.348 E.03453
G1 X137.631 Y108.174 E.24168
G1 X137.631 Y107.567 E.02713
G1 X133.574 Y103.509 E.2563
G1 X133.336 Y102.664 E.03926
G1 X137.631 Y106.959 E.27137
G1 X137.631 Y106.352 E.02713
G1 X133.011 Y101.732 E.29185
G1 X132.656 Y100.77 E.04582
G1 X137.631 Y105.745 E.31428
G1 X137.631 Y105.137 E.02713
G1 X132.16 Y99.666 E.34565
G2 X131.561 Y98.459 I-7.964 J3.202 E.06021
G1 X137.631 Y104.53 E.38348
G1 X137.631 Y103.922 E.02713
G1 X130.043 Y96.335 E.47935
G1 X129.574 Y96.648 F18000
G1 X129.183 Y96.063
G1 X128.03 Y94.601
G1 X126.766 Y93.234
G1 X125.399 Y91.97
G1 X123.937 Y90.817
G1 X122.389 Y89.783
G1 X120.765 Y88.873
G1 X119.074 Y88.094
G1 X118.765 Y87.98
G1 X118.399 Y87.845
G1 X118.594 Y87.315
G1 F2250
G1 X117.648 Y86.369 E.05978
G1 X118.255 Y86.369 E.02713
G1 X119.23 Y87.344 E.06159
G1 X120.334 Y87.84 E.05408
G1 X118.863 Y86.369 E.09296
G1 X119.47 Y86.369 E.02713
G1 X121.541 Y88.439 E.13079
G1 X122.785 Y89.136 E.06374
G1 X122.965 Y89.256 E.00965
G1 X120.078 Y86.369 E.18241
G1 X120.685 Y86.369 E.02713
G1 X125.03 Y90.713 E.27447
G1 X125.892 Y91.393 E.04904
G1 X127.303 Y92.697 E.08583
G1 X128.607 Y94.108 E.08583
G1 X129.287 Y94.97 E.04904
G1 X137.631 Y103.315 E.52716
G1 X137.631 Y102.708 E.02713
G1 X121.292 Y86.369 E1.03218
G1 X121.9 Y86.369 E.02713
G1 X137.631 Y102.1 E.99381
G1 X137.631 Y101.493 E.02713
G1 X122.507 Y86.369 E.95544
G1 X123.114 Y86.369 E.02713
G1 X137.631 Y100.886 E.91707
G1 X137.631 Y100.278 E.02713
G1 X123.722 Y86.369 E.8787
G1 X124.329 Y86.369 E.02713
G1 X137.631 Y99.671 E.84033
G1 X137.631 Y99.064 E.02713
G1 X124.936 Y86.369 E.80196
G1 X125.544 Y86.369 E.02713
G1 X137.631 Y98.456 E.7636
G1 X137.631 Y97.849 E.02713
G1 X126.151 Y86.369 E.72523
G1 X126.759 Y86.369 E.02713
G1 X137.631 Y97.241 E.68686
G1 X137.631 Y96.634 E.02713
G1 X127.366 Y86.369 E.64849
G1 X127.973 Y86.369 E.02713
G1 X137.631 Y96.027 E.61012
G1 X137.631 Y95.419 E.02713
G1 X128.581 Y86.369 E.57175
G1 X129.188 Y86.369 E.02713
G1 X137.631 Y94.812 E.53338
G1 X137.631 Y94.205 E.02713
G1 X129.795 Y86.369 E.49502
G1 X130.403 Y86.369 E.02713
G1 X137.631 Y93.597 E.45665
G1 X137.631 Y92.99 E.02713
G1 X131.01 Y86.369 E.41828
G1 X131.617 Y86.369 E.02713
G1 X137.631 Y92.383 E.37991
G1 X137.631 Y91.775 E.02713
G1 X132.225 Y86.369 E.34154
G1 X132.832 Y86.369 E.02713
G1 X137.631 Y91.168 E.30317
G1 X137.631 Y90.56 E.02713
G1 X133.44 Y86.369 E.2648
G1 X134.047 Y86.369 E.02713
G1 X137.631 Y89.953 E.22644
G1 X137.631 Y89.346 E.02713
G1 X134.654 Y86.369 E.18807
G1 X135.262 Y86.369 E.02713
G1 X137.631 Y88.738 E.1497
G1 X137.631 Y88.131 E.02713
G1 X135.869 Y86.369 E.11133
G1 X136.476 Y86.369 E.02713
G1 X137.631 Y87.524 E.07296
G1 X137.631 Y86.916 E.02713
G1 X136.891 Y86.175 E.0468
G1 X117.192 Y86.494 F18000
M204 P2000
;TYPE:Gap infill
;WIDTH:0.512544
;HEIGHT:0.2
G1 F5379.443
M106 S102
G1 X116.979 Y86.464 E.00801
;WIDTH:0.463089
G1 F6000
G1 X116.765 Y86.435 E.00716
;WIDTH:0.413634
G1 X116.551 Y86.405 E.00632
;WIDTH:0.364179
G1 X116.337 Y86.375 E.00548
;WIDTH:0.314724
G1 X116.124 Y86.346 E.00463
;WIDTH:0.265269
G1 X115.91 Y86.316 E.00379
;WIDTH:0.215814
G1 X115.696 Y86.287 E.00295
;WIDTH:0.1904
G1 X115.69 Y86.286 E.00007
;WIDTH:0.165616
G1 X115.433 Y86.261 E.00251
;WIDTH:0.141517
G1 X115.176 Y86.235 E.00201
G1 X113.794 Y86.099 F18000
;WIDTH:0.573188
G1 F4764.23
G1 X113.32 Y86.071 E.0199
;WIDTH:0.525401
G1 F5236.102
G1 X112.846 Y86.043 E.01811
;WIDTH:0.477613
G1 F5811.725
G1 X112.371 Y86.015 E.01631
;WIDTH:0.429114
G1 F6000
G2 X111.883 Y85.987 I-.97 J12.406 E.01493
;WIDTH:0.386384
G1 X110.944 Y85.968 E.02547
;WIDTH:0.349305
G2 X109.994 Y85.95 I-.944 J24.177 E.02299
;WIDTH:0.349524
G1 X109.056 Y85.968 E.02274
;WIDTH:0.386668
G2 X108.103 Y85.987 I.008 J24.29 E.02588
;WIDTH:0.429827
G1 X107.629 Y86.015 E.01452
;WIDTH:0.477614
G1 F5811.722
G1 X107.154 Y86.043 E.01631
;WIDTH:0.5254
G1 F5236.106
G1 X106.68 Y86.071 E.01811
;WIDTH:0.549294
G1 F4989.039
G1 X106.206 Y86.099 E.019
G1 X104.824 Y86.235 F18000
;WIDTH:0.117418
G1 F6000
G1 X104.567 Y86.261 E.00152
;WIDTH:0.166163
G1 X104.304 Y86.287 E.00257
;WIDTH:0.215813
G1 X104.09 Y86.316 E.00295
;WIDTH:0.265268
G1 X103.876 Y86.346 E.00379
;WIDTH:0.314723
G1 X103.663 Y86.375 E.00463
;WIDTH:0.364179
G1 X103.449 Y86.405 E.00548
;WIDTH:0.413634
G1 X103.235 Y86.435 E.00632
;WIDTH:0.463089
G1 X103.021 Y86.464 E.00716
;WIDTH:0.487817
G1 F5678.432
G1 X102.808 Y86.494 E.00758
G1 X97.611 Y89.783 F18000
G1 X96.063 Y90.817
G1 X94.601 Y91.97
G1 X93.234 Y93.234
G1 X91.97 Y94.601
G1 X90.817 Y96.063
G1 X89.783 Y97.611
G1 X88.873 Y99.235
G1 X88.094 Y100.926
G1 X87.449 Y102.673
G1 X86.944 Y104.465
G1 X86.581 Y106.291
G1 X86.362 Y108.14
G1 X86.289 Y110
G1 X86.362 Y111.86
G1 X86.581 Y113.709
G1 X86.944 Y115.535
G1 X87.449 Y117.327
G1 X88.094 Y119.074
G1 X88.873 Y120.765
G1 X89.783 Y122.389
G1 X90.817 Y123.937
G1 X91.97 Y125.399
G1 X93.234 Y126.766
G1 X94.601 Y128.03
G1 X96.063 Y129.183
G1 X97.611 Y130.217
G1 X102.808 Y133.506
;WIDTH:0.487818
G1 F5678.425
G1 X103.021 Y133.536 E.00758
;WIDTH:0.463091
G1 F6000
G1 X103.235 Y133.565 E.00716
;WIDTH:0.413636
G1 X103.449 Y133.595 E.00632
;WIDTH:0.364182
G1 X103.663 Y133.625 E.00548
;WIDTH:0.314728
G1 X103.876 Y133.654 E.00463
;WIDTH:0.265274
G1 X104.09 Y133.684 E.00379
;WIDTH:0.215819
G1 X104.304 Y133.713 E.00295
;WIDTH:0.166168
G1 X104.567 Y133.739 E.00257
;WIDTH:0.11742
G1 X104.824 Y133.765 E.00152
G1 X106.206 Y133.901 F18000
;WIDTH:0.549296
G1 F4989.011
G1 X106.68 Y133.929 E.019
;WIDTH:0.525403
G1 F5236.075
G1 X107.154 Y133.957 E.01811
;WIDTH:0.477616
G1 F5811.684
G1 X107.629 Y133.985 E.01631
;WIDTH:0.42983
G1 F6000
G1 X108.103 Y134.013 E.01452
;WIDTH:0.386671
G2 X109.056 Y134.032 I.96 J-24.271 E.02588
;WIDTH:0.349528
G1 X109.994 Y134.05 E.02274
G1 X83.11 Y133.825 F18000
M204 P500
;TYPE:Internal Bridge
;WIDTH:0.379473
;HEIGHT:0.379473
G1 F2250
M106 S127
G1 X82.369 Y133.084 E.04681
G1 X82.369 Y132.476 E.02713
G1 X83.524 Y133.631 E.07297
G1 X84.131 Y133.631 E.02713
G1 X82.369 Y131.869 E.11134
G1 X82.369 Y131.262 E.02713
G1 X84.738 Y133.631 E.14971
G1 X85.346 Y133.631 E.02713
G1 X82.369 Y130.654 E.18808
G1 X82.369 Y130.047 E.02713
G1 X85.953 Y133.631 E.22644
G1 X86.561 Y133.631 E.02713
G1 X82.369 Y129.439 E.26481
G1 X82.369 Y128.832 E.02713
G1 X87.168 Y133.631 E.30318
G1 X87.775 Y133.631 E.02713
G1 X82.369 Y128.225 E.34155
G1 X82.369 Y127.617 E.02713
G1 X88.383 Y133.631 E.37992
G1 X88.99 Y133.631 E.02713
G1 X82.369 Y127.01 E.41829
G1 X82.369 Y126.403 E.02713
G1 X89.597 Y133.631 E.45666
G1 X90.205 Y133.631 E.02713
G1 X82.369 Y125.795 E.49502
G1 X82.369 Y125.188 E.02713
G1 X90.812 Y133.631 E.53339
G1 X91.419 Y133.631 E.02713
G1 X82.369 Y124.581 E.57176
G1 X82.369 Y123.973 E.02713
G1 X92.027 Y133.631 E.61013
G1 X92.634 Y133.631 E.02713
G1 X82.369 Y123.366 E.6485
G1 X82.369 Y122.758 E.02713
G1 X93.242 Y133.631 E.68687
G1 X93.849 Y133.631 E.02713
G1 X82.369 Y122.151 E.72524
G1 X82.369 Y121.544 E.02713
G1 X94.456 Y133.631 E.7636
G1 X95.064 Y133.631 E.02713
G1 X82.369 Y120.936 E.80197
G1 X82.369 Y120.329 E.02713
G1 X95.671 Y133.631 E.84034
G1 X96.278 Y133.631 E.02713
G1 X82.369 Y119.722 E.87871
G1 X82.369 Y119.114 E.02713
G1 X96.886 Y133.631 E.91708
G1 X97.493 Y133.631 E.02713
G1 X82.369 Y118.507 E.95545
G1 X82.369 Y117.899 E.02713
G1 X98.101 Y133.631 E.99382
G1 X98.708 Y133.631 E.02713
G1 X82.369 Y117.292 E1.03219
G1 X82.369 Y116.685 E.02713
G1 X90.713 Y125.029 E.52712
G1 X91.393 Y125.892 E.04908
G1 X92.697 Y127.303 E.08583
G1 X94.108 Y128.607 E.08583
G1 X94.971 Y129.287 E.04908
G1 X99.315 Y133.631 E.27443
G1 X99.923 Y133.631 E.02713
G1 X97.035 Y130.744 E.18239
G1 X97.215 Y130.864 E.00963
G1 X98.46 Y131.561 E.06375
G1 X100.53 Y133.631 E.13078
G1 X101.137 Y133.631 E.02713
G1 X99.666 Y132.16 E.09296
G1 X100.77 Y132.656 E.05407
G1 X101.745 Y133.631 E.06159
G1 X102.352 Y133.631 E.02713
G1 X101.406 Y132.685 E.05978
G1 X101.601 Y132.155 F18000
G1 X100.926 Y131.906
G1 X99.235 Y131.127
G1 X97.611 Y130.217
G1 X96.063 Y129.183
G1 X94.601 Y128.03
G1 X93.234 Y126.766
G1 X91.97 Y125.399
G1 X90.817 Y123.937
G1 X90.634 Y123.663
G1 X90.426 Y123.351
G1 X89.956 Y123.665
G1 F2250
G1 X82.369 Y116.077 E.47933
G1 X82.369 Y115.47 E.02713
G1 X88.439 Y121.54 E.38347
G3 X87.84 Y120.334 I7.365 J-4.408 E.06021
G1 X82.369 Y114.863 E.34565
G1 X82.369 Y114.255 E.02713
G1 X87.344 Y119.23 E.31427
G1 X86.988 Y118.268 E.04582
G1 X82.369 Y113.648 E.29184
G1 X82.369 Y113.041 E.02713
G1 X86.664 Y117.336 E.27137
G1 X86.426 Y116.49 E.03926
G1 X82.369 Y112.433 E.2563
G1 X82.369 Y111.826 E.02713
G1 X86.194 Y115.651 E.24167
G1 X86.043 Y114.893 E.03453
G1 X82.369 Y111.218 E.23215
G1 X82.369 Y110.611 E.02713
G1 X85.893 Y114.135 E.22262
G3 X85.783 Y113.418 I4.502 J-1.055 E.03243
G1 X82.369 Y110.004 E.2157
G1 X82.369 Y109.396 E.02713
G1 X85.701 Y112.729 E.21054
G1 X85.62 Y112.04 E.03099
G1 X82.369 Y108.789 E.20539
G1 X82.369 Y108.182 E.02713
G1 X85.585 Y111.398 E.2032
G1 X85.56 Y110.766 E.02826
G1 X82.369 Y107.574 E.20163
G1 X82.369 Y106.967 E.02713
G1 X85.536 Y110.134 E.20006
G3 X85.548 Y109.539 I3.784 J-.216 E.02659
G1 X82.369 Y106.36 E.20087
G1 X82.369 Y105.752 E.02713
G1 X85.571 Y108.955 E.20232
G1 X85.594 Y108.37 E.02613
G1 X82.369 Y105.145 E.20377
G1 X82.369 Y104.537 E.02713
G1 X85.638 Y107.807 E.20654
G1 X85.702 Y107.264 E.02443
G1 X82.369 Y103.93 E.2106
G1 X82.369 Y103.323 E.02713
G1 X85.767 Y106.721 E.21466
G1 X85.831 Y106.178 E.02443
G1 X82.369 Y102.715 E.21872
G1 X82.369 Y102.108 E.02713
G1 X85.931 Y105.671 E.22506
G1 X86.032 Y105.164 E.02307
G1 X82.369 Y101.501 E.23143
G1 X82.369 Y100.893 E.02713
G1 X86.133 Y104.657 E.23779
G3 X86.242 Y104.16 I3.217 J.448 E.02279
G1 X82.369 Y100.286 E.24472
G1 X82.369 Y99.678 E.02713
G1 X86.376 Y103.686 E.25316
G1 X86.51 Y103.212 E.02199
G1 X82.369 Y99.071 E.2616
G1 X82.369 Y98.464 E.02713
G1 X86.643 Y102.738 E.27004
G3 X86.788 Y102.276 I3.012 J.687 E.02168
G1 X82.369 Y97.856 E.27918
G1 X82.369 Y97.249 E.02713
G1 X86.952 Y101.832 E.28952
G1 X87.115 Y101.388 E.02112
G1 X82.369 Y96.642 E.29986
G1 X82.369 Y96.034 E.02713
G1 X87.279 Y100.945 E.3102
G3 X87.451 Y100.509 I2.851 J.877 E.02093
G1 X82.369 Y95.427 E.32108
G1 X82.369 Y94.82 E.02713
G1 X87.643 Y100.094 E.33318
G1 X87.834 Y99.678 E.02045
G1 X82.369 Y94.212 E.34529
G1 X82.369 Y93.605 E.02713
G1 X88.026 Y99.262 E.3574
G3 X88.221 Y98.849 I2.721 J1.029 E.02041
G1 X82.369 Y92.997 E.36968
G1 X82.369 Y92.39 E.02713
G1 X88.439 Y98.46 E.38345
G1 X88.657 Y98.071 E.01993
G1 X82.369 Y91.783 E.39723
G1 X82.369 Y91.175 E.02713
G1 X88.875 Y97.681 E.411
G1 X89.093 Y97.292 E.01993
G1 X82.369 Y90.568 E.42478
G1 X82.369 Y89.961 E.02713
G1 X89.331 Y96.923 E.43983
G1 X89.574 Y96.559 E.01956
G1 X82.369 Y89.353 E.45519
G1 X82.369 Y88.746 E.02713
G1 X89.818 Y96.195 E.47056
G1 X90.061 Y95.831 E.01956
G1 X82.369 Y88.139 E.48593
G1 X82.369 Y87.531 E.02713
G1 X90.314 Y95.477 E.50194
G1 X90.582 Y95.137 E.01932
G1 X82.369 Y86.924 E.51885
G1 X82.369 Y86.369 E.0248
G1 X82.421 Y86.369 E.00233
G1 X90.85 Y94.797 E.53247
G1 X91.117 Y94.458 E.01932
G1 X83.028 Y86.369 E.51101
G1 X83.636 Y86.369 E.02713
G1 X91.385 Y94.118 E.48956
G3 X91.676 Y93.802 I2.157 J1.692 E.01922
G1 X84.243 Y86.369 E.46958
G1 X84.85 Y86.369 E.02713
G1 X91.968 Y93.486 E.44964
G1 X92.26 Y93.171 E.0192
G1 X85.458 Y86.369 E.4297
G1 X86.065 Y86.369 E.02713
G1 X92.551 Y92.855 E.40976
G3 X92.855 Y92.551 I2.079 J1.775 E.0192
G1 X86.672 Y86.369 E.39057
G1 X87.28 Y86.369 E.02713
G1 X93.171 Y92.26 E.37215
G1 X93.486 Y91.968 E.0192
G1 X87.887 Y86.369 E.35372
G1 X88.494 Y86.369 E.02713
G1 X93.802 Y91.676 E.33529
G3 X94.118 Y91.385 I2.009 J1.866 E.01922
G1 X89.102 Y86.369 E.3169
G1 X89.709 Y86.369 E.02713
G1 X94.458 Y91.117 E.29999
G1 X94.798 Y90.85 E.01932
G1 X90.317 Y86.369 E.28307
G1 X90.924 Y86.369 E.02713
G1 X95.137 Y90.582 E.26616
G1 X95.477 Y90.314 E.01932
G1 X91.531 Y86.369 E.24924
G1 X92.139 Y86.369 E.02713
G1 X95.831 Y90.061 E.23324
G1 X96.195 Y89.817 E.01956
G1 X92.746 Y86.369 E.21787
G1 X93.353 Y86.369 E.02713
G1 X96.559 Y89.574 E.2025
G1 X96.923 Y89.331 E.01956
G1 X93.961 Y86.369 E.18713
G1 X94.568 Y86.369 E.02713
G1 X97.292 Y89.093 E.17208
G1 X97.682 Y88.875 E.01993
G1 X95.175 Y86.369 E.15831
G1 X95.783 Y86.369 E.02713
G1 X98.071 Y88.657 E.14454
G1 X98.46 Y88.439 E.01993
G1 X96.39 Y86.369 E.13076
G1 X96.998 Y86.369 E.02713
G1 X98.85 Y88.221 E.11699
G3 X99.262 Y88.026 I1.442 J2.526 E.02041
G1 X97.605 Y86.369 E.10471
G1 X98.212 Y86.369 E.02713
G1 X99.678 Y87.834 E.0926
G1 X100.094 Y87.643 E.02045
G1 X98.82 Y86.369 E.08049
G1 X99.427 Y86.369 E.02713
G1 X100.51 Y87.451 E.06839
G3 X100.945 Y87.279 I1.312 J2.679 E.02093
G1 X100.034 Y86.369 E.05751
G1 X100.642 Y86.369 E.02713
G1 X101.388 Y87.115 E.04717
G1 X101.832 Y86.952 E.02112
G1 X101.249 Y86.369 E.03683
G1 X101.857 Y86.369 E.02713
G1 X102.426 Y86.938 E.03599
; stop printing object base_plate.stl id:0 copy 0
;LAYER_CHANGE
;Z:4.44
;HEIGHT:0.2
G92 E0 ; zero the extruded length again
; BEFORE_LAYER_CHANGE 21 @ 4.44mm
G1 E-1.75 F6000
;WIPE_START
G1 F2250
G1 X101.857 Y86.369 E-.60432
G1 X101.662 Y86.369 E-.14568
;WIPE_END
; AFTER_LAYER_CHANGE 21 @ 4.44mm
;_SET_FAN_SPEED_CHANGING_LAYER
; printing object base_plate.stl id:0 copy 0
G17
G3 Z4.64 I.608 J0 P1  F18000
G1 X101.662 Y85.611 Z4.64
G1 X138.389 Y85.611
G1 X138.389 Y134.389
G1 X138.389 Y134.389
G1 X138.79 Y134.79
G1 Z4.44
G1 E2.5 F6000
M204 P1000
;TYPE:Outer wall
;WIDTH:0.42
G1 F3600
M106 S102
G1 X81.21 Y134.79 E1.71511
G1 X81.21 Y85.21 E1.47682
G1 X138.79 Y85.21 E1.71511
G1 X138.79 Y134.73 E1.47503
G1 X138.389 Y134.389 F18000
G1 X138.389 Y134.389
G1 X138.398 Y134.398
M204 P1500
;TYPE:Inner wall
;WIDTH:0.45
G1 F6000
G1 X81.602 Y134.398 E1.82635
G1 X81.602 Y85.602 E1.5691
G1 X138.398 Y85.602 E1.82635
G1 X138.398 Y134.338 E1.56717
G1 E-1.75
;WIPE_START
G1 X137.398 Y134.339 E-.75
;WIPE_END
G1 X133.583 Y134.246 Z4.64 F18000
G1 X113.986 Y133.771 Z4.64
G1 Z4.44
G1 E2.5 F6000
G1 X115.628 Y133.444 E.05385
G1 X117.45 Y132.93 E.06088
G1 X119.227 Y132.275 E.06088
G1 X120.946 Y131.482 E.06088
G1 X122.597 Y130.557 E.06088
G1 X124.172 Y129.505 E.06088
G1 X125.658 Y128.333 E.06088
G1 X127.048 Y127.048 E.06088
G1 X128.333 Y125.658 E.06088
G1 X129.505 Y124.172 E.06088
G1 X130.557 Y122.597 E.06088
G1 X131.482 Y120.946 E.06088
G1 X132.275 Y119.227 E.06088
G1 X132.93 Y117.45 E.06088
G1 X133.444 Y115.628 E.06088
G1 X133.813 Y113.772 E.06087
G1 X134.036 Y111.892 E.06088
G1 X134.11 Y110 E.06088
G1 X134.036 Y108.108 E.06088
G1 X133.813 Y106.228 E.06088
G1 X133.444 Y104.372 E.06087
G1 X132.93 Y102.55 E.06088
G1 X132.275 Y100.773 E.06088
G1 X131.482 Y99.054 E.06088
G1 X130.557 Y97.403 E.06088
G1 X129.505 Y95.828 E.06088
G1 X128.333 Y94.342 E.06088
G1 X127.048 Y92.952 E.06088
G1 X125.658 Y91.667 E.06088
G1 X124.172 Y90.495 E.06088
G1 X122.597 Y89.443 E.06088
G1 X120.946 Y88.518 E.06088
G1 X119.227 Y87.725 E.06088
G1 X117.45 Y87.07 E.06088
G1 X115.628 Y86.556 E.06088
G1 X113.986 Y86.229 E.05385
G1 X114.008 Y86.009 E.00712
G1 X137.991 Y86.009 E.77121
G1 X137.991 Y133.991 E1.54292
G1 X114.008 Y133.991 E.77122
G1 X113.992 Y133.83 E.00519
G1 E-1.75
;WIPE_START
G1 X114.965 Y133.6 E-.75
;WIPE_END
G1 X111.149 Y133.673 Z4.64 F18000
G1 X106.014 Y133.771 Z4.64
G1 Z4.44
G1 E2.5 F6000
G1 X105.992 Y133.991 E.00712
G1 X82.009 Y133.991 E.77122
G1 X82.009 Y86.009 E1.54292
G1 X105.992 Y86.009 E.77121
G1 X106.014 Y86.229 E.00712
G1 X104.372 Y86.556 E.05385
G1 X102.55 Y87.07 E.06088
G1 X100.773 Y87.725 E.06088
G1 X99.054 Y88.518 E.06088
G1 X97.403 Y89.443 E.06088
G1 X95.828 Y90.495 E.06088
G1 X94.342 Y91.667 E.06088
G1 X92.952 Y92.952 E.06088
G1 X91.667 Y94.342 E.06088
G1 X90.495 Y95.828 E.06088
G1 X89.443 Y97.403 E.06088
G1 X88.518 Y99.054 E.06088
G1 X87.725 Y100.773 E.06088
G1 X87.07 Y102.55 E.06088
G1 X86.556 Y104.372 E.06088
G1 X86.187 Y106.228 E.06087
G1 X85.964 Y108.108 E.06088
G1 X85.89 Y110 E.06088
G1 X85.964 Y111.892 E.06088
G1 X86.187 Y113.772 E.06088
G1 X86.556 Y115.628 E.06087
G1 X87.07 Y117.45 E.06088
G1 X87.725 Y119.227 E.06088
G1 X88.518 Y120.946 E.06088
G1 X89.443 Y122.597 E.06088
G1 X90.495 Y124.172 E.06088
G1 X91.667 Y125.658 E.06088
G1 X92.952 Y127.048 E.06088
G1 X94.342 Y128.333 E.06088
G1 X95.828 Y129.505 E.06088
G1 X97.403 Y130.557 E.06088
G1 X99.054 Y131.482 E.06088
G1 X100.773 Y132.275 E.06088
G1 X102.55 Y132.93 E.06088
G1 X104.372 Y133.444 E.06088
G1 X105.955 Y133.759 E.05192
G1 E-1.75
;WIPE_START
G1 X105.992 Y133.991 E-.17623
G1 X105.227 Y133.991 E-.57377
;WIPE_END
G1 X105.377 Y133.238 Z4.64 F18000
G1 X106.291 Y133.419
G1 X108.14 Y133.638
G1 X109.671 Y133.698
G1 X109.984 Y133.711
G1 X110 Y133.31
G1 Z4.44
G1 E2.5 F6000
M204 P1000
;TYPE:Outer wall
;WIDTH:0.42
G1 F3600
G1 X111.829 Y133.238 E.05452
G1 X113.647 Y133.023 E.05452
G1 X115.442 Y132.666 E.05452
G1 X117.203 Y132.169 E.05452
G1 X118.92 Y131.536 E.05452
G1 X120.583 Y130.77 E.05452
G1 X122.18 Y129.875 E.05452
G1 X123.701 Y128.858 E.05452
G1 X125.139 Y127.725 E.05452
G1 X126.483 Y126.483 E.05452
G1 X127.725 Y125.139 E.05452
G1 X128.858 Y123.701 E.05452
G1 X129.875 Y122.18 E.05452
G1 X130.77 Y120.583 E.05452
G1 X131.536 Y118.92 E.05452
G1 X132.169 Y117.203 E.05452
G1 X132.666 Y115.442 E.05452
G1 X133.023 Y113.647 E.05452
G1 X133.238 Y111.829 E.05452
G1 X133.31 Y110 E.05452
G1 X133.238 Y108.171 E.05452
G1 X133.023 Y106.353 E.05452
G1 X132.666 Y104.558 E.05452
G1 X132.169 Y102.797 E.05452
G1 X131.536 Y101.08 E.05452
G1 X130.77 Y99.417 E.05452
G1 X129.875 Y97.82 E.05452
G1 X128.858 Y96.299 E.05452
G1 X127.725 Y94.861 E.05452
G1 X126.483 Y93.517 E.05452
G1 X125.139 Y92.275 E.05452
G1 X123.701 Y91.142 E.05452
G1 X122.18 Y90.125 E.05452
G1 X120.583 Y89.23 E.05452
G1 X118.92 Y88.464 E.05452
G1 X117.203 Y87.831 E.05452
G1 X115.442 Y87.334 E.05452
G1 X113.647 Y86.977 E.05452
G1 X111.829 Y86.762 E.05452
G1 X110 Y86.69 E.05452
G1 X108.58 Y86.746 E.04232
G1 X108.171 Y86.762 E.0122
G1 X106.353 Y86.977 E.05452
G1 X104.558 Y87.334 E.05452
G1 X102.797 Y87.831 E.05452
G1 X101.08 Y88.464 E.05452
G1 X99.417 Y89.23 E.05452
G1 X97.82 Y90.125 E.05452
G1 X96.299 Y91.142 E.05452
G1 X94.861 Y92.275 E.05452
G1 X93.517 Y93.517 E.05452
G1 X92.275 Y94.861 E.05452
G1 X91.142 Y96.299 E.05452
G1 X90.125 Y97.82 E.05452
G1 X89.23 Y99.417 E.05452
G1 X88.464 Y101.08 E.05452
G1 X87.831 Y102.797 E.05452
G1 X87.334 Y104.558 E.05452
G1 X86.977 Y106.353 E.05452
G1 X86.762 Y108.171 E.05452
G1 X86.69 Y110 E.05452
G1 X86.762 Y111.829 E.05452
G1 X86.977 Y113.647 E.05452
G1 X87.334 Y115.442 E.05452
G1 X87.831 Y117.203 E.05452
G1 X88.464 Y118.92 E.05452
G1 X89.23 Y120.583 E.05452
G1 X90.125 Y122.18 E.05452
G1 X91.142 Y123.701 E.05452
G1 X92.275 Y125.139 E.05452
G1 X93.517 Y126.483 E.05452
G1 X94.861 Y127.725 E.05452
G1 X96.299 Y128.858 E.05452
G1 X97.82 Y129.875 E.05452
G1 X99.417 Y130.77 E.05452
G1 X101.08 Y131.536 E.05452
G1 X102.797 Y132.169 E.05452
G1 X104.558 Y132.666 E.05452
G1 X106.353 Y133.023 E.05452
G1 X108.171 Y133.238 E.05452
G1 X109.94 Y133.308 E.05273
G1 X109.924 Y133.708 F18000
G1 X109.985 Y133.711
G1 X109.985 Y133.702
M204 P1500
;TYPE:Inner wall
;WIDTH:0.45
G1 F6000
G1 X110 Y133.703 E.00047
G1 X111.86 Y133.63 E.05985
G1 X113.708 Y133.411 E.05985
G1 X115.533 Y133.048 E.05985
G1 X117.325 Y132.543 E.05985
G1 X119.071 Y131.898 E.05985
G1 X120.761 Y131.119 E.05985
G1 X122.385 Y130.21 E.05985
G1 X123.932 Y129.176 E.05985
G1 X125.394 Y128.024 E.05985
G1 X126.76 Y126.76 E.05985
G1 X128.024 Y125.394 E.05985
G1 X129.176 Y123.932 E.05985
G1 X130.21 Y122.385 E.05985
G1 X131.119 Y120.761 E.05985
G1 X131.898 Y119.071 E.05985
G1 X132.543 Y117.325 E.05985
G1 X133.048 Y115.533 E.05985
G1 X133.411 Y113.708 E.05985
G1 X133.63 Y111.86 E.05985
G1 X133.703 Y110 E.05985
G1 X133.63 Y108.14 E.05985
G1 X133.411 Y106.292 E.05985
G1 X133.048 Y104.467 E.05985
G1 X132.543 Y102.675 E.05985
G1 X131.898 Y100.929 E.05985
G1 X131.119 Y99.239 E.05985
G1 X130.21 Y97.615 E.05985
G1 X129.176 Y96.068 E.05985
G1 X128.024 Y94.606 E.05985
G1 X126.76 Y93.24 E.05985
G1 X125.394 Y91.976 E.05985
G1 X123.932 Y90.824 E.05985
G1 X122.385 Y89.79 E.05985
G1 X120.761 Y88.881 E.05985
G1 X119.071 Y88.102 E.05985
G1 X117.325 Y87.457 E.05985
G1 X115.533 Y86.952 E.05985
G1 X113.708 Y86.589 E.05985
G1 X111.86 Y86.37 E.05985
G1 X110 Y86.297 E.05985
G1 X108.565 Y86.354 E.04618
G1 X108.14 Y86.37 E.01366
G1 X106.292 Y86.589 E.05985
G1 X104.467 Y86.952 E.05985
G1 X102.675 Y87.457 E.05985
G1 X100.929 Y88.102 E.05985
G1 X99.239 Y88.881 E.05985
G1 X97.615 Y89.79 E.05985
G1 X96.068 Y90.824 E.05985
G1 X94.606 Y91.976 E.05985
G1 X93.24 Y93.24 E.05985
G1 X91.976 Y94.606 E.05985
G1 X90.824 Y96.068 E.05985
G1 X89.79 Y97.615 E.05985
G1 X88.881 Y99.239 E.05985
G1 X88.102 Y100.929 E.05985
G1 X87.457 Y102.675 E.05985
G1 X86.952 Y104.467 E.05985
G1 X86.589 Y106.292 E.05985
G1 X86.37 Y108.14 E.05985
G1 X86.297 Y110 E.05985
G1 X86.37 Y111.86 E.05985
G1 X86.589 Y113.708 E.05985
G1 X86.952 Y115.533 E.05985
G1 X87.457 Y117.325 E.05985
G1 X88.102 Y119.071 E.05985
G1 X88.881 Y120.761 E.05985
G1 X89.79 Y122.385 E.05985
G1 X90.824 Y123.932 E.05985
G1 X91.976 Y125.394 E.05985
G1 X93.24 Y126.76 E.05985
G1 X94.606 Y128.024 E.05985
G1 X96.068 Y129.176 E.05985
G1 X97.615 Y130.21 E.05985
G1 X99.239 Y131.119 E.05985
G1 X100.929 Y131.898 E.05985
G1 X102.675 Y132.543 E.05985
G1 X104.467 Y133.048 E.05985
G1 X106.292 Y133.411 E.05985
G1 X108.14 Y133.63 E.05985
G1 X109.926 Y133.7 E.05745
G1 X109.994 Y134.05 F18000
M204 P2000
;TYPE:Gap infill
;WIDTH:0.349528
G1 F6000
G1 X109.056 Y134.032 E.02274
;WIDTH:0.386671
G3 X108.103 Y134.013 I.008 J-24.29 E.02588
;WIDTH:0.42983
G1 X107.629 Y133.985 E.01452
;WIDTH:0.477616
G1 F5811.684
G1 X107.154 Y133.957 E.01631
;WIDTH:0.525403
G1 F5236.075
G1 X106.68 Y133.929 E.01811
;WIDTH:0.549296
G1 F4989.011
G1 X106.206 Y133.901 E.019
G1 X104.824 Y133.765 F18000
;WIDTH:0.11742
G1 F6000
G1 X104.567 Y133.739 E.00152
;WIDTH:0.166168
G1 X104.304 Y133.713 E.00257
;WIDTH:0.215819
G1 X104.09 Y133.684 E.00295
;WIDTH:0.265274
G1 X103.876 Y133.654 E.00379
;WIDTH:0.314728
G1 X103.663 Y133.625 E.00463
;WIDTH:0.364182
G1 X103.449 Y133.595 E.00548
;WIDTH:0.413636
G1 X103.235 Y133.565 E.00632
;WIDTH:0.463091
G1 X103.021 Y133.536 E.00716
;WIDTH:0.487818
G1 F5678.425
G1 X102.808 Y133.506 E.00758
G1 X101.215 Y133.647 F18000
;TYPE:Internal solid infill
;WIDTH:0.420364
G1 F6000
G1 X101.215 Y132.793 E.02547
G1 X100.837 Y132.653 E.012
G1 X100.837 Y133.477 E.02456
G1 X100.46 Y133.477 E.01125
G1 X100.46 Y132.497 E.02922
G1 X100.082 Y132.323 E.01239
G1 X100.082 Y133.477 E.03441
G1 X99.705 Y133.477 E.01125
G1 X99.705 Y132.149 E.0396
G1 X99.328 Y131.975 E.01239
G1 X99.328 Y133.477 E.04479
G1 X98.95 Y133.477 E.01125
G1 X98.95 Y131.801 E.04998
G3 X98.573 Y131.594 I1.125 J-2.502 E.01284
G1 X98.573 Y133.477 E.05614
G1 X98.195 Y133.477 E.01125
G1 X98.195 Y131.383 E.06244
G1 X97.818 Y131.172 E.0129
G1 X97.818 Y133.477 E.06874
G1 X97.44 Y133.477 E.01125
G1 X97.44 Y130.96 E.07505
G3 X97.063 Y130.731 I1.268 J-2.513 E.01318
G1 X97.063 Y133.477 E.08188
G1 X96.685 Y133.477 E.01125
G1 X96.685 Y130.479 E.0894
G1 X96.308 Y130.227 E.01353
G1 X96.308 Y133.477 E.09692
G1 X95.931 Y133.477 E.01125
G1 X95.931 Y129.974 E.10444
G3 X95.553 Y129.713 I1.473 J-2.527 E.01371
G1 X95.553 Y133.477 E.11224
G1 X95.176 Y133.477 E.01125
G1 X95.176 Y129.415 E.12111
G1 X94.798 Y129.118 E.01433
G1 X94.798 Y133.477 E.12999
G1 X94.421 Y133.477 E.01125
G1 X94.421 Y128.82 E.13886
G3 X94.043 Y128.511 I1.775 J-2.555 E.01455
G1 X94.043 Y133.477 E.14806
G1 X93.666 Y133.477 E.01125
G1 X93.666 Y128.162 E.15846
G1 X93.288 Y127.814 E.01532
G1 X93.288 Y133.477 E.16887
G1 X92.911 Y133.477 E.01125
G1 X92.911 Y127.465 E.17927
G3 X92.534 Y127.087 I2.207 J-2.584 E.01593
G1 X92.534 Y133.477 E.19053
G1 X92.156 Y133.477 E.01125
G1 X92.156 Y126.679 E.2027
G1 X91.779 Y126.27 E.01658
G1 X91.779 Y133.477 E.21488
G1 X91.401 Y133.477 E.01125
G1 X91.401 Y125.86 E.22712
G1 X91.024 Y125.381 E.01818
G1 X91.024 Y133.477 E.24139
G1 X90.646 Y133.477 E.01125
G1 X90.646 Y124.902 E.25567
G1 X90.269 Y124.424 E.01818
G1 X90.269 Y133.477 E.26994
G1 X89.891 Y133.477 E.01125
G1 X89.891 Y123.869 E.28648
G1 X89.514 Y123.304 E.02026
G1 X89.514 Y133.477 E.30333
G1 X89.137 Y133.477 E.01125
G1 X89.137 Y122.733 E.32036
G1 X88.759 Y122.059 E.02303
G1 X88.759 Y133.477 E.34045
G1 X88.382 Y133.477 E.01125
G1 X88.382 Y121.385 E.36055
G3 X88.004 Y120.628 I4.622 J-2.777 E.02525
G1 X88.004 Y133.477 E.38312
G1 X87.627 Y133.477 E.01125
G1 X87.627 Y119.809 E.40753
G3 X87.249 Y118.899 I5.591 J-2.853 E.02939
G1 X87.249 Y133.477 E.43465
G1 X86.872 Y133.477 E.01125
G1 X86.872 Y117.876 E.46515
G1 X86.753 Y117.553 E.01026
G1 X86.494 Y116.637 E.02838
G1 X86.494 Y133.477 E.50209
G1 X86.117 Y133.477 E.01125
G1 X86.117 Y116.132 E.51717
G1 X85.74 Y116.132 E.01125
G1 X85.74 Y133.477 E.51717
G1 X85.362 Y133.477 E.01125
G1 X85.362 Y116.132 E.51717
G1 X84.985 Y116.132 E.01125
G1 X84.985 Y133.477 E.51717
G1 X84.607 Y133.477 E.01125
G1 X84.607 Y116.132 E.51717
G1 X84.23 Y116.132 E.01125
G1 X84.23 Y133.477 E.51717
G1 X83.852 Y133.477 E.01125
G1 X83.852 Y116.132 E.51717
G1 X83.475 Y116.132 E.01125
G1 X83.475 Y133.477 E.51717
G1 X83.097 Y133.477 E.01125
G1 X83.097 Y116.132 E.51717
G1 X82.72 Y116.132 E.01125
G1 X82.72 Y133.477 E.51717
G1 X82.343 Y133.477 E.01125
G1 X82.343 Y115.962 E.52223
G1 X85.3 Y115.189 F18000
;WIDTH:0.419999
G1 F6000
G1 X85.05 Y113.914 E.03869
G1 X84.819 Y111.945 E.05907
G1 X84.744 Y109.963 E.05907
G1 X84.825 Y107.982 E.05907
G1 X85.061 Y106.013 E.05907
G1 X85.111 Y105.762 E.00761
G1 X83.155 Y105.762 E.05825
G1 X83.155 Y115.189 E.2808
G1 X85.24 Y115.189 E.0621
G1 X84.841 Y114.812 F18000
G1 F6000
G1 X84.675 Y113.959 E.02589
G1 X84.442 Y111.959 E.05995
G1 X84.368 Y109.948 E.05995
G1 X84.451 Y107.937 E.05995
G1 X84.663 Y106.139 E.05393
G1 X83.532 Y106.139 E.03369
G1 X83.532 Y114.812 E.25833
G1 X84.781 Y114.812 E.03718
G1 X84.063 Y110 F18000
;WIDTH:0.293557
G1 F6000
G1 X84.123 Y107.96 E.04041
;WIDTH:0.332915
G1 X84.179 Y107.326 E.01459
;WIDTH:0.376964
G3 X84.258 Y106.499 I14.048 J.925 E.0219
G1 X83.898 Y106.499 E.0095
;WIDTH:0.367282
G1 X83.876 Y107.226 E.01863
;WIDTH:0.328798
G1 X83.855 Y107.953 E.01642
;WIDTH:0.292253
G2 X83.857 Y112.117 I105.936 J2.03 E.08202
;WIDTH:0.335101
G1 X83.877 Y112.789 E.01551
;WIDTH:0.375213
G1 X83.897 Y113.46 E.01764
;WIDTH:0.43092
G3 X83.922 Y114.423 I-32.102 J1.295 E.02951
G1 X84.366 Y114.423 E.01364
G1 X84.297 Y114.003 E.01303
;WIDTH:0.407967
G1 X84.239 Y113.349 E.01895
;WIDTH:0.368603
G1 X84.181 Y112.695 E.0169
;WIDTH:0.329239
G1 X84.123 Y112.04 E.01486
;WIDTH:0.309556
G1 X84.065 Y110.06 E.04172
G1 X85.57 Y105.385 F18000
;WIDTH:0.419999
G1 F6000
G1 X82.778 Y105.385 E.08317
G1 X82.778 Y115.566 E.30326
G1 X85.76 Y115.566 E.0888
G1 X85.424 Y113.87 E.0515
G1 X85.196 Y111.93 E.05819
G1 X85.121 Y109.978 E.05819
G1 X85.2 Y108.026 E.05819
G1 X85.431 Y106.086 E.05819
G1 X85.559 Y105.444 E.01951
G1 X86.03 Y105.008 F18000
G1 F6000
G1 X82.401 Y105.008 E.10808
G1 X82.401 Y115.943 E.32572
G1 X86.219 Y115.943 E.11372
G1 X85.81 Y113.887 E.06246
G1 X85.573 Y111.915 E.05915
G1 X85.498 Y109.993 E.05731
G1 X85.574 Y108.07 E.05731
G1 X85.801 Y106.16 E.05731
G1 X86.018 Y105.067 E.0332
G1 X82.346 Y104.989 F18000
;WIDTH:0.427325
G1 F6000
G1 X82.346 Y86.342 E.56621
G1 X82.73 Y86.342 E.01167
G1 X82.73 Y104.819 E.56105
G1 X83.115 Y104.819 E.01167
G1 X83.115 Y86.342 E.56105
G1 X83.499 Y86.342 E.01167
G1 X83.499 Y104.819 E.56105
G1 X83.884 Y104.819 E.01167
G1 X83.884 Y86.342 E.56105
G1 X84.268 Y86.342 E.01167
G1 X84.268 Y104.819 E.56105
G1 X84.652 Y104.819 E.01167
G1 X84.652 Y86.342 E.56105
G1 X85.037 Y86.342 E.01167
G1 X85.037 Y104.819 E.56105
G1 X85.421 Y104.819 E.01167
G1 X85.421 Y86.342 E.56105
G1 X85.806 Y86.342 E.01167
G1 X85.806 Y104.819 E.56105
G1 X86.127 Y104.819 E.00977
G1 X86.19 Y104.504 E.00977
G1 X86.19 Y86.342 E.55147
G1 X86.575 Y86.342 E.01167
G1 X86.575 Y103.079 E.5082
G3 X86.959 Y101.888 I7.756 J1.846 E.03804
G1 X86.959 Y86.342 E.47204
G1 X87.343 Y86.342 E.01167
G1 X87.343 Y100.846 E.4404
G3 X87.728 Y99.972 I5.744 J2.006 E.02902
G1 X87.728 Y86.342 E.41387
G1 X88.112 Y86.342 E.01167
G1 X88.112 Y99.138 E.38855
G3 X88.497 Y98.41 I4.819 J2.079 E.02503
G1 X88.497 Y86.342 E.36644
G1 X88.881 Y86.342 E.01167
G1 X88.881 Y97.724 E.3456
G3 X89.265 Y97.068 I4.357 J2.114 E.0231
G1 X89.265 Y86.342 E.32569
G1 X89.65 Y86.342 E.01167
G1 X89.65 Y96.493 E.30822
G1 X90.034 Y95.918 E.02101
G1 X90.034 Y86.342 E.29076
G1 X90.419 Y86.342 E.01167
G1 X90.419 Y95.387 E.27463
G1 X90.803 Y94.899 E.01885
G1 X90.803 Y86.342 E.25982
G1 X91.187 Y86.342 E.01167
G1 X91.187 Y94.411 E.24502
G3 X91.572 Y93.953 I3.105 J2.216 E.01817
G1 X91.572 Y86.342 E.23111
G1 X91.956 Y86.342 E.01167
G1 X91.956 Y93.538 E.21848
G1 X92.341 Y93.122 E.0172
G1 X92.341 Y86.342 E.20585
G1 X92.725 Y86.342 E.01167
G1 X92.725 Y92.707 E.19327
G1 X93.109 Y92.352 E.01589
G1 X93.109 Y86.342 E.18248
G1 X93.494 Y86.342 E.01167
G1 X93.494 Y91.997 E.17169
G1 X93.878 Y91.641 E.01589
G1 X93.878 Y86.342 E.1609
G1 X94.263 Y86.342 E.01167
G1 X94.263 Y91.305 E.15068
G1 X94.647 Y91.002 E.01486
G1 X94.647 Y86.342 E.14148
G1 X95.031 Y86.342 E.01167
G1 X95.031 Y90.699 E.13228
G1 X95.416 Y90.396 E.01486
G1 X95.416 Y86.342 E.12307
G1 X95.8 Y86.342 E.01167
G1 X95.8 Y90.113 E.11448
G1 X96.185 Y89.856 E.01404
G1 X96.185 Y86.342 E.10668
G1 X96.569 Y86.342 E.01167
G1 X96.569 Y89.599 E.09889
G1 X96.953 Y89.342 E.01404
G1 X96.953 Y86.342 E.09109
G1 X97.338 Y86.342 E.01167
G1 X97.338 Y89.097 E.08365
G1 X97.722 Y88.882 E.01338
G1 X97.722 Y86.342 E.07711
G1 X98.107 Y86.342 E.01167
G1 X98.107 Y88.667 E.07057
G1 X98.491 Y88.451 E.01338
G1 X98.491 Y86.342 E.06404
G1 X98.875 Y86.342 E.01167
G1 X98.875 Y88.236 E.0575
G3 X99.26 Y88.056 I1.335 J2.353 E.0129
G1 X99.26 Y86.342 E.05204
G1 X99.644 Y86.342 E.01167
G1 X99.644 Y87.879 E.04666
G1 X100.029 Y87.702 E.01285
G1 X100.029 Y86.342 E.04127
G1 X100.413 Y86.342 E.01167
G1 X100.413 Y87.524 E.03589
G3 X100.798 Y87.361 I1.229 J2.361 E.01269
G1 X100.798 Y86.342 E.03094
G1 X101.182 Y86.342 E.01167
G1 X101.182 Y87.4 E.03212
G1 X102.808 Y86.494 F18000
;TYPE:Gap infill
;WIDTH:0.487817
G1 F5678.432
G1 X103.021 Y86.464 E.00758
;WIDTH:0.463089
G1 F6000
G1 X103.235 Y86.435 E.00716
;WIDTH:0.413634
G1 X103.449 Y86.405 E.00632
;WIDTH:0.364179
G1 X103.663 Y86.375 E.00548
;WIDTH:0.314723
G1 X103.876 Y86.346 E.00463
;WIDTH:0.265268
G1 X104.09 Y86.316 E.00379
;WIDTH:0.215813
G1 X104.304 Y86.287 E.00295
;WIDTH:0.166163
G1 X104.567 Y86.261 E.00257
;WIDTH:0.117418
G1 X104.824 Y86.235 E.00152
G1 X106.206 Y86.099 F18000
;WIDTH:0.549294
G1 F4989.039
G1 X106.68 Y86.071 E.019
;WIDTH:0.5254
G1 F5236.106
G1 X107.154 Y86.043 E.01811
;WIDTH:0.477614
G1 F5811.722
G1 X107.629 Y86.015 E.01631
;WIDTH:0.429827
G1 F6000
G1 X108.103 Y85.987 E.01452
;WIDTH:0.386668
G3 X109.056 Y85.968 I.96 J24.271 E.02588
;WIDTH:0.349524
G1 X109.994 Y85.95 E.02274
;WIDTH:0.349305
G3 X110.944 Y85.968 I.006 J24.196 E.02299
;WIDTH:0.386384
G1 X111.883 Y85.987 E.02547
;WIDTH:0.429114
G3 X112.371 Y86.015 I-.481 J12.434 E.01493
;WIDTH:0.477613
G1 F5811.725
G1 X112.846 Y86.043 E.01631
;WIDTH:0.525401
G1 F5236.102
G1 X113.32 Y86.071 E.01811
;WIDTH:0.573188
G1 F4764.23
G1 X113.794 Y86.099 E.0199
G1 X115.176 Y86.235 F18000
;WIDTH:0.141517
G1 F6000
G1 X115.433 Y86.261 E.00201
;WIDTH:0.165616
G1 X115.69 Y86.286 E.00251
;WIDTH:0.1904
G1 X115.696 Y86.287 E.00007
;WIDTH:0.215814
G1 X115.91 Y86.316 E.00295
;WIDTH:0.265269
G1 X116.124 Y86.346 E.00379
;WIDTH:0.314724
G1 X116.337 Y86.375 E.00463
;WIDTH:0.364179
G1 X116.551 Y86.405 E.00548
;WIDTH:0.413634
G1 X116.765 Y86.435 E.00632
;WIDTH:0.463089
G1 X116.979 Y86.464 E.00716
;WIDTH:0.512544
G1 F5379.443
G1 X117.192 Y86.494 E.00801
G1 X118.519 Y86.278 F18000
;TYPE:Internal solid infill
;WIDTH:0.38292
G1 F6000
G1 X137.662 Y86.278 E.51416
G1 X118.416 Y86.342 F18000
;WIDTH:0.40115
G1 F6000
G1 X118.329 Y86.375 E.00261
;WIDTH:0.46185
G1 X118.243 Y86.408 E.00306
G1 X117.62 Y86.424 E.0206
G1 X117.587 Y86.677 E.00846
G1 X118.259 Y86.927 E.02373
G1 X118.281 Y86.679 E.00822
;WIDTH:0.451004
G1 X118.337 Y86.539 E.00488
;WIDTH:0.437476
G1 X118.393 Y86.398 E.00472
G1 X118.818 Y87.4 F18000
;WIDTH:0.427325
G1 F6000
G1 X118.818 Y86.342 E.03212
G1 X119.202 Y86.342 E.01167
G1 X119.202 Y87.361 E.03094
G3 X119.587 Y87.524 I-.845 J2.524 E.01269
G1 X119.587 Y86.342 E.03589
G1 X119.971 Y86.342 E.01167
G1 X119.971 Y87.702 E.04127
G1 X120.356 Y87.879 E.01285
G1 X120.356 Y86.342 E.04665
G1 X120.74 Y86.342 E.01167
G1 X120.74 Y88.056 E.05204
G3 X121.124 Y88.236 I-.951 J2.533 E.0129
G1 X121.124 Y86.342 E.0575
G1 X121.509 Y86.342 E.01167
G1 X121.509 Y88.451 E.06404
G1 X121.893 Y88.667 E.01338
G1 X121.893 Y86.342 E.07057
G1 X122.278 Y86.342 E.01167
G1 X122.278 Y88.882 E.07711
G1 X122.662 Y89.097 E.01338
G1 X122.662 Y86.342 E.08365
G1 X123.046 Y86.342 E.01167
G1 X123.046 Y89.342 E.09108
G1 X123.431 Y89.599 E.01404
G1 X123.431 Y86.342 E.09888
G1 X123.815 Y86.342 E.01167
G1 X123.815 Y89.856 E.10668
G1 X124.2 Y90.113 E.01404
G1 X124.2 Y86.342 E.11448
G1 X124.584 Y86.342 E.01167
G1 X124.584 Y90.395 E.12307
G1 X124.969 Y90.699 E.01486
G1 X124.969 Y86.342 E.13227
G1 X125.353 Y86.342 E.01167
G1 X125.353 Y91.002 E.14148
G1 X125.737 Y91.305 E.01486
G1 X125.737 Y86.342 E.15068
G1 X126.122 Y86.342 E.01167
G1 X126.122 Y91.641 E.1609
G1 X126.506 Y91.997 E.01589
G1 X126.506 Y86.342 E.17169
G1 X126.891 Y86.342 E.01167
G1 X126.891 Y92.352 E.18248
G1 X127.275 Y92.707 E.01589
G1 X127.275 Y86.342 E.19327
G1 X127.659 Y86.342 E.01167
G1 X127.659 Y93.122 E.20585
G1 X128.044 Y93.538 E.0172
G1 X128.044 Y86.342 E.21848
G1 X128.428 Y86.342 E.01167
G1 X128.428 Y93.953 E.23111
G3 X128.813 Y94.411 I-2.72 J2.674 E.01817
G1 X128.813 Y86.342 E.24502
G1 X129.197 Y86.342 E.01167
G1 X129.197 Y94.899 E.25982
G1 X129.581 Y95.387 E.01885
G1 X129.581 Y86.342 E.27463
G1 X129.966 Y86.342 E.01167
G1 X129.966 Y95.918 E.29075
G1 X130.35 Y96.493 E.02101
G1 X130.35 Y86.342 E.30822
G1 X130.735 Y86.342 E.01167
G1 X130.735 Y97.068 E.32569
G3 X131.119 Y97.724 I-3.972 J2.77 E.0231
G1 X131.119 Y86.342 E.3456
G1 X131.503 Y86.342 E.01167
G1 X131.503 Y98.41 E.36644
G3 X131.888 Y99.138 I-4.434 J2.807 E.02503
G1 X131.888 Y86.342 E.38855
G1 X132.272 Y86.342 E.01167
G1 X132.272 Y99.972 E.41387
G3 X132.657 Y100.846 I-5.36 J2.879 E.02902
G1 X132.657 Y86.342 E.4404
G1 X133.041 Y86.342 E.01167
G1 X133.041 Y101.888 E.47204
G3 X133.425 Y103.079 I-7.371 J3.037 E.03804
G1 X133.425 Y86.342 E.5082
G1 X133.81 Y86.342 E.01167
G1 X133.81 Y104.503 E.55146
G1 X133.873 Y104.819 E.00978
G1 X134.194 Y104.819 E.00976
G1 X134.194 Y86.342 E.56105
G1 X134.579 Y86.342 E.01167
G1 X134.579 Y104.819 E.56105
G1 X134.963 Y104.819 E.01167
G1 X134.963 Y86.342 E.56105
G1 X135.347 Y86.342 E.01167
G1 X135.347 Y104.819 E.56105
G1 X135.732 Y104.819 E.01167
G1 X135.732 Y86.342 E.56105
G1 X136.116 Y86.342 E.01167
G1 X136.116 Y104.819 E.56105
G1 X136.501 Y104.819 E.01167
G1 X136.501 Y86.342 E.56105
G1 X136.885 Y86.342 E.01167
G1 X136.885 Y104.819 E.56105
G1 X137.269 Y104.819 E.01167
G1 X137.269 Y86.342 E.56105
G1 X137.654 Y86.342 E.01167
G1 X137.654 Y104.989 E.56621
G1 X135.159 Y114.812 F18000
;WIDTH:0.419999
G1 F6000
G1 X136.468 Y114.812 E.03896
G1 X136.468 Y106.139 E.25833
G1 X135.337 Y106.139 E.03369
G1 X135.558 Y108.041 E.05702
G1 X135.632 Y110.052 E.05995
G1 X135.549 Y112.063 E.05995
G1 X135.309 Y114.061 E.05995
G1 X135.171 Y114.753 E.02102
G1 X135.937 Y110 F18000
;WIDTH:0.29356
G1 F6000
G1 X135.877 Y112.04 E.04041
;WIDTH:0.333816
G1 X135.819 Y112.695 E.0151
;WIDTH:0.371351
G1 X135.761 Y113.349 E.01705
;WIDTH:0.408886
G1 X135.703 Y114.003 E.01899
;WIDTH:0.435842
G1 X135.634 Y114.423 E.01319
G1 X136.075 Y114.423 E.0137
;WIDTH:0.407971
G1 X136.098 Y113.631 E.02284
;WIDTH:0.368606
G1 X136.122 Y112.839 E.02038
;WIDTH:0.329242
G1 X136.145 Y112.047 E.01792
;WIDTH:0.290815
G2 X136.146 Y108.023 I-102.466 J-2.03 E.07881
;WIDTH:0.328801
G1 X136.126 Y107.347 E.01527
;WIDTH:0.375752
G3 X136.107 Y106.499 I14.873 J-.762 E.02229
G1 X135.748 Y106.499 E.00945
;WIDTH:0.367285
G1 X135.812 Y107.23 E.01878
;WIDTH:0.328801
G1 X135.877 Y107.96 E.01656
;WIDTH:0.309559
G1 X135.935 Y109.94 E.04172
G1 X135.032 Y106.778 F18000
;WIDTH:0.419999
G1 F6000
G1 X135.181 Y108.055 E.0383
G1 X135.256 Y110.037 E.05907
G1 X135.175 Y112.018 E.05907
G1 X134.939 Y113.987 E.05907
G1 X134.7 Y115.189 E.03649
G1 X136.845 Y115.189 E.06388
G1 X136.845 Y105.762 E.2808
G1 X134.889 Y105.762 E.05825
G1 X135.024 Y106.719 E.02878
G1 X134.43 Y105.385 F18000
G1 F6000
G1 X134.576 Y106.13 E.02262
G1 X134.804 Y108.07 E.05819
G1 X134.879 Y110.022 E.05819
G1 X134.8 Y111.974 E.05819
G1 X134.569 Y113.914 E.05819
G1 X134.24 Y115.566 E.05018
G1 X137.222 Y115.566 E.0888
G1 X137.222 Y105.385 E.30326
G1 X134.49 Y105.385 E.08138
G1 X133.97 Y105.008 F18000
G1 F6000
G1 X134.202 Y106.174 E.03542
G1 X134.427 Y108.085 E.05731
G1 X134.502 Y110.007 E.05731
G1 X134.426 Y111.93 E.05731
G1 X134.19 Y113.887 E.05871
G1 X133.823 Y115.727 E.0559
G1 X133.762 Y115.943 E.00669
G1 X137.599 Y115.943 E.11427
G1 X137.599 Y105.008 E.32572
G1 X134.03 Y105.008 E.1063
G1 X137.657 Y133.647 F18000
;WIDTH:0.420364
G1 F6000
G1 X137.657 Y116.132 E.52223
G1 X137.28 Y116.132 E.01125
G1 X137.28 Y133.477 E.51717
G1 X136.902 Y133.477 E.01125
G1 X136.902 Y116.132 E.51717
G1 X136.525 Y116.132 E.01125
G1 X136.525 Y133.477 E.51717
G1 X136.148 Y133.477 E.01125
G1 X136.148 Y116.132 E.51717
G1 X135.77 Y116.132 E.01125
G1 X135.77 Y133.477 E.51717
G1 X135.393 Y133.477 E.01125
G1 X135.393 Y116.132 E.51717
G1 X135.015 Y116.132 E.01125
G1 X135.015 Y133.477 E.51717
G1 X134.638 Y133.477 E.01125
G1 X134.638 Y116.132 E.51717
G1 X134.26 Y116.132 E.01125
G1 X134.26 Y133.477 E.51717
G1 X133.883 Y133.477 E.01125
G1 X133.883 Y116.132 E.51717
G1 X133.648 Y116.132 E.007
G1 X133.505 Y116.638 E.01567
G1 X133.505 Y133.477 E.50208
G1 X133.128 Y133.477 E.01125
G1 X133.128 Y117.876 E.46515
G1 X132.751 Y118.899 E.03251
G1 X132.751 Y133.477 E.43464
G1 X132.373 Y133.477 E.01125
G1 X132.373 Y119.809 E.40753
G1 X131.996 Y120.628 E.02688
G1 X131.996 Y133.477 E.38311
G1 X131.618 Y133.477 E.01125
G1 X131.618 Y121.385 E.36055
G1 X131.241 Y122.059 E.02303
G1 X131.241 Y133.477 E.34045
G1 X130.863 Y133.477 E.01125
G1 X130.863 Y122.733 E.32035
G3 X130.486 Y123.304 I-3.817 J-2.112 E.02043
G1 X130.486 Y133.477 E.30332
G1 X130.108 Y133.477 E.01125
G1 X130.108 Y123.869 E.28648
G3 X129.731 Y124.424 I-3.711 J-2.119 E.02003
G1 X129.731 Y133.477 E.26994
G1 X129.354 Y133.477 E.01125
G1 X129.354 Y124.902 E.25566
G1 X128.976 Y125.381 E.01818
G1 X128.976 Y133.477 E.24139
G1 X128.599 Y133.477 E.01125
G1 X128.599 Y125.86 E.22712
G3 X128.221 Y126.27 I-2.8 J-2.195 E.01664
G1 X128.221 Y133.477 E.21487
G1 X127.844 Y133.477 E.01125
G1 X127.844 Y126.679 E.2027
G1 X127.466 Y127.087 E.01658
G1 X127.466 Y133.477 E.19052
G1 X127.089 Y133.477 E.01125
G1 X127.089 Y127.465 E.17927
G1 X126.711 Y127.814 E.01532
G1 X126.711 Y133.477 E.16886
G1 X126.334 Y133.477 E.01125
G1 X126.334 Y128.162 E.15846
G1 X125.957 Y128.511 E.01532
G1 X125.957 Y133.477 E.14806
G1 X125.579 Y133.477 E.01125
G1 X125.579 Y128.82 E.13886
G1 X125.202 Y129.118 E.01433
G1 X125.202 Y133.477 E.12999
G1 X124.824 Y133.477 E.01125
G1 X124.824 Y129.415 E.12111
G1 X124.447 Y129.713 E.01433
G1 X124.447 Y133.477 E.11224
G1 X124.069 Y133.477 E.01125
G1 X124.069 Y129.974 E.10444
G1 X123.692 Y130.227 E.01353
G1 X123.692 Y133.477 E.09692
G1 X123.314 Y133.477 E.01125
G1 X123.314 Y130.479 E.0894
G1 X122.937 Y130.731 E.01353
G1 X122.937 Y133.477 E.08188
G1 X122.56 Y133.477 E.01125
G1 X122.56 Y130.96 E.07504
G1 X122.182 Y131.172 E.0129
G1 X122.182 Y133.477 E.06874
G1 X121.805 Y133.477 E.01125
G1 X121.805 Y131.383 E.06244
G1 X121.427 Y131.594 E.0129
G1 X121.427 Y133.477 E.05614
G1 X121.05 Y133.477 E.01125
G1 X121.05 Y131.801 E.04998
G1 X120.672 Y131.975 E.01239
G1 X120.672 Y133.477 E.04479
G1 X120.295 Y133.477 E.01125
G1 X120.295 Y132.149 E.0396
G1 X119.917 Y132.323 E.01239
G1 X119.917 Y133.477 E.03441
G1 X119.54 Y133.477 E.01125
G1 X119.54 Y132.497 E.02922
G3 X119.163 Y132.654 I-1.182 J-2.32 E.01219
G1 X119.163 Y133.477 E.02456
G1 X118.785 Y133.477 E.01125
G1 X118.785 Y132.612 E.0258
G1 X118.49 Y133.632 F18000
;WIDTH:0.38292
G1 F6000
G1 X137.572 Y133.632 E.5125
G1 X118.24 Y133.078 F18000
;WIDTH:0.464111
G1 F5998.035
G1 X117.584 Y133.311 E.02317
G1 X117.621 Y133.576 E.00889
G1 X118.18 Y133.583 E.01861
;WIDTH:0.437011
G1 F6000
G1 X118.335 Y133.608 E.00489
;WIDTH:0.412133
G1 X118.49 Y133.632 E.00458
G1 X118.286 Y133.477 E.00747
;WIDTH:0.455041
G1 X118.247 Y133.137 E.01114
G1 X117.192 Y133.506 F18000
;TYPE:Gap infill
;WIDTH:0.512545
G1 F5379.434
G1 X116.979 Y133.536 E.00801
;WIDTH:0.463091
G1 F6000
G1 X116.765 Y133.565 E.00716
;WIDTH:0.413636
G1 X116.551 Y133.595 E.00632
;WIDTH:0.364182
G1 X116.337 Y133.625 E.00548
;WIDTH:0.314728
G1 X116.124 Y133.654 E.00463
;WIDTH:0.265273
G1 X115.91 Y133.684 E.00379
;WIDTH:0.215819
G1 X115.696 Y133.713 E.00295
;WIDTH:0.190407
G1 X115.69 Y133.714 E.00007
;WIDTH:0.16562
G1 X115.433 Y133.739 E.00251
;WIDTH:0.14152
G1 X115.176 Y133.765 E.00201
G1 X113.794 Y133.901 F18000
;WIDTH:0.573189
G1 F4764.217
G1 X113.32 Y133.929 E.0199
;WIDTH:0.525403
G1 F5236.076
G1 X112.846 Y133.957 E.01811
;WIDTH:0.477617
G1 F5811.677
G1 X112.371 Y133.985 E.01631
;WIDTH:0.429119
G1 F6000
G3 X111.883 Y134.013 I-.97 J-12.405 E.01493
;WIDTH:0.386388
G1 X110.944 Y134.032 E.02547
;WIDTH:0.349309
G3 X109.994 Y134.05 I-.944 J-24.177 E.023
G1 X82.368 Y133.632 F18000
;TYPE:Internal solid infill
;WIDTH:0.38292
G1 F6000
G1 X101.477 Y133.631 E.51322
G1 X101.758 Y133.079 F18000
;WIDTH:0.455651
G1 F6000
G1 X101.709 Y133.477 E.01308
;WIDTH:0.431586
G1 X101.623 Y133.554 E.00355
;WIDTH:0.417781
G1 X101.537 Y133.631 E.00343
G1 X101.93 Y133.577 E.01176
;WIDTH:0.463494
G1 X102.38 Y133.577 E.01495
G1 X102.413 Y133.323 E.00851
G1 X101.814 Y133.1 E.02123
G1 X102.095 Y132.338 F18000
G1 X100.926 Y131.906
G1 X99.235 Y131.127
G1 X97.611 Y130.217
G1 X96.063 Y129.183
G1 X94.601 Y128.03
G1 X93.234 Y126.766
G1 X91.97 Y125.399
G1 X90.817 Y123.937
G1 X89.783 Y122.389
G1 X88.873 Y120.765
G1 X88.094 Y119.074
G1 X87.449 Y117.327
G1 X86.944 Y115.535
G1 X86.581 Y113.709
G1 X86.362 Y111.86
G1 X86.289 Y110
G1 X86.362 Y108.14
G1 X86.581 Y106.291
G1 X86.944 Y104.465
G1 X87.449 Y102.673
G1 X88.094 Y100.926
G1 X88.249 Y100.589
G1 X81.611 Y86.278
G1 X82.278 Y86.278
;WIDTH:0.38292
G1 F6000
G1 X101.41 Y86.278 E.51385
G1 X101.741 Y86.927 F18000
;WIDTH:0.463245
G1 F6000
G1 X102.413 Y86.677 E.02381
G1 X102.38 Y86.424 E.00849
G1 X101.757 Y86.412 E.02067
;WIDTH:0.439177
G1 X101.614 Y86.345 E.00496
;WIDTH:0.399856
G1 X101.47 Y86.278 E.00447
G1 X101.588 Y86.342 E.00379
;WIDTH:0.425516
G1 X101.653 Y86.511 E.00546
;WIDTH:0.451792
G3 X101.735 Y86.867 I-.579 J.321 E.01196
; stop printing object base_plate.stl id:0 copy 0
;LAYER_CHANGE
;Z:4.64
;HEIGHT:0.2
G92 E0 ; zero the extruded length again
; BEFORE_LAYER_CHANGE 22 @ 4.64mm
G1 E-2.13099 F6000
;WIPE_START
G1 X101.719 Y86.679 E-.18826
G1 X101.653 Y86.511 E-.18075
;WIPE_END
; AFTER_LAYER_CHANGE 22 @ 4.64mm
;_SET_FAN_SPEED_CHANGING_LAYER
; printing object base_plate.stl id:0 copy 0
G17
G3 Z4.84 I.016 J.608 P1  F18000
G1 X110 Y86.289 Z4.84
G1 X111.86 Y86.362
G1 X113.709 Y86.581
G1 X115.535 Y86.944
G1 X117.327 Y87.449
G1 X119.074 Y88.094
G1 X120.765 Y88.873
G1 X122.389 Y89.783
G1 X123.937 Y90.817
G1 X125.399 Y91.97
G1 X126.766 Y93.234
G1 X128.03 Y94.601
G1 X129.183 Y96.063
G1 X130.217 Y97.611
G1 X131.127 Y99.235
G1 X131.906 Y100.926
G1 X132.551 Y102.673
G1 X133.056 Y104.465
G1 X133.419 Y106.291
G1 X133.638 Y108.14
G1 X133.711 Y110
G1 X133.638 Y111.86
G1 X133.419 Y113.709
G1 X133.056 Y115.535
G1 X132.551 Y117.327
G1 X131.906 Y119.074
G1 X131.127 Y120.765
G1 X130.217 Y122.389
G1 X129.768 Y123.061
G1 X138.389 Y134.389
G1 X138.79 Y134.79
G1 Z4.64
G1 E2.5 F6000
M204 P1000
;TYPE:Outer wall
;WIDTH:0.42
G1 F3600
G1 X81.21 Y134.79 E1.71511
G1 X81.21 Y85.21 E1.47682
G1 X138.79 Y85.21 E1.71511
G1 X138.79 Y134.73 E1.47503
G1 X138.389 Y134.389 F18000
G1 X138.389 Y134.389
G1 X138.398 Y134.398
M204 P1500
;TYPE:Inner wall
;WIDTH:0.45
G1 F6000
G1 X81.602 Y134.398 E1.82635
G1 X81.602 Y85.602 E1.5691
G1 X138.398 Y85.602 E1.82635
G1 X138.398 Y134.338 E1.56717
G1 E-1.75
;WIPE_START
G1 X137.398 Y134.339 E-.75
;WIPE_END
G1 X133.583 Y134.246 Z4.84 F18000
G1 X113.986 Y133.771 Z4.84
G1 Z4.64
G1 E2.5 F6000
G1 X115.628 Y133.444 E.05385
G1 X117.45 Y132.93 E.06088
G1 X119.227 Y132.275 E.06088
G1 X120.946 Y131.482 E.06088
G1 X122.597 Y130.557 E.06088
G1 X124.172 Y129.505 E.06088
G1 X125.658 Y128.333 E.06088
G1 X127.048 Y127.048 E.06088
G1 X128.333 Y125.658 E.06088
G1 X129.505 Y124.172 E.06088
G1 X130.557 Y122.597 E.06088
G1 X131.482 Y120.946 E.06088
G1 X132.275 Y119.227 E.06088
G1 X132.93 Y117.45 E.06088
G1 X133.444 Y115.628 E.06088
G1 X133.813 Y113.772 E.06087
G1 X134.036 Y111.892 E.06088
G1 X134.11 Y110 E.06088
G1 X134.036 Y108.108 E.06088
G1 X133.813 Y106.228 E.06088
G1 X133.444 Y104.372 E.06087
G1 X132.93 Y102.55 E.06088
G1 X132.275 Y100.773 E.06088
G1 X131.482 Y99.054 E.06088
G1 X130.557 Y97.403 E.06088
G1 X129.505 Y95.828 E.06088
G1 X128.333 Y94.342 E.06088
G1 X127.048 Y92.952 E.06088
G1 X125.658 Y91.667 E.06088
G1 X124.172 Y90.495 E.06088
G1 X122.597 Y89.443 E.06088
G1 X120.946 Y88.518 E.06088
G1 X119.227 Y87.725 E.06088
G1 X117.45 Y87.07 E.06088
G1 X115.628 Y86.556 E.06088
G1 X113.986 Y86.229 E.05385
G1 X114.008 Y86.009 E.00712
G1 X137.991 Y86.009 E.77121
G1 X137.991 Y133.991 E1.54292
G1 X114.008 Y133.991 E.77122
G1 X113.992 Y133.83 E.00519
G1 E-1.75
;WIPE_START
G1 X114.965 Y133.6 E-.75
;WIPE_END
G1 X111.149 Y133.673 Z4.84 F18000
G1 X106.014 Y133.771 Z4.84
G1 Z4.64
G1 E2.5 F6000
G1 X105.992 Y133.991 E.00712
G1 X82.009 Y133.991 E.77122
G1 X82.009 Y86.009 E1.54292
G1 X105.992 Y86.009 E.77121
G1 X106.014 Y86.229 E.00712
G1 X104.372 Y86.556 E.05385
G1 X102.55 Y87.07 E.06088
G1 X100.773 Y87.725 E.06088
G1 X99.054 Y88.518 E.06088
G1 X97.403 Y89.443 E.06088
G1 X95.828 Y90.495 E.06088
G1 X94.342 Y91.667 E.06088
G1 X92.952 Y92.952 E.06088
G1 X91.667 Y94.342 E.06088
G1 X90.495 Y95.828 E.06088
G1 X89.443 Y97.403 E.06088
G1 X88.518 Y99.054 E.06088
G1 X87.725 Y100.773 E.06088
G1 X87.07 Y102.55 E.06088
G1 X86.556 Y104.372 E.06088
G1 X86.187 Y106.228 E.06087
G1 X85.964 Y108.108 E.06088
G1 X85.89 Y110 E.06088
G1 X85.964 Y111.892 E.06088
G1 X86.187 Y113.772 E.06088
G1 X86.556 Y115.628 E.06087
G1 X87.07 Y117.45 E.06088
G1 X87.725 Y119.227 E.06088
G1 X88.518 Y120.946 E.06088
G1 X89.443 Y122.597 E.06088
G1 X90.495 Y124.172 E.06088
G1 X91.667 Y125.658 E.06088
G1 X92.952 Y127.048 E.06088
G1 X94.342 Y128.333 E.06088
G1 X95.828 Y129.505 E.06088
G1 X97.403 Y130.557 E.06088
G1 X99.054 Y131.482 E.06088
G1 X100.773 Y132.275 E.06088
G1 X102.55 Y132.93 E.06088
G1 X104.372 Y133.444 E.06088
G1 X105.955 Y133.759 E.05192
G1 E-1.75
;WIPE_START
G1 X105.992 Y133.991 E-.17623
G1 X105.227 Y133.991 E-.57377
;WIPE_END
G1 X105.377 Y133.238 Z4.84 F18000
G1 X106.291 Y133.419
G1 X108.14 Y133.638
G1 X109.671 Y133.698
G1 X109.984 Y133.711
G1 X110 Y133.31
G1 Z4.64
G1 E2.5 F6000
M204 P1000
;TYPE:Outer wall
;WIDTH:0.42
G1 F3600
G1 X111.829 Y133.238 E.05452
G1 X113.647 Y133.023 E.05452
G1 X115.442 Y132.666 E.05452
G1 X117.203 Y132.169 E.05452
G1 X118.92 Y131.536 E.05452
G1 X120.583 Y130.77 E.05452
G1 X122.18 Y129.875 E.05452
G1 X123.701 Y128.858 E.05452
G1 X125.139 Y127.725 E.05452
G1 X126.483 Y126.483 E.05452
G1 X127.725 Y125.139 E.05452
G1 X128.858 Y123.701 E.05452
G1 X129.875 Y122.18 E.05452
G1 X130.77 Y120.583 E.05452
G1 X131.536 Y118.92 E.05452
G1 X132.169 Y117.203 E.05452
G1 X132.666 Y115.442 E.05452
G1 X133.023 Y113.647 E.05452
G1 X133.238 Y111.829 E.05452
G1 X133.31 Y110 E.05452
G1 X133.238 Y108.171 E.05452
G1 X133.023 Y106.353 E.05452
G1 X132.666 Y104.558 E.05452
G1 X132.169 Y102.797 E.05452
G1 X131.536 Y101.08 E.05452
G1 X130.77 Y99.417 E.05452
G1 X129.875 Y97.82 E.05452
G1 X128.858 Y96.299 E.05452
G1 X127.725 Y94.861 E.05452
G1 X126.483 Y93.517 E.05452
G1 X125.139 Y92.275 E.05452
G1 X123.701 Y91.142 E.05452
G1 X122.18 Y90.125 E.05452
G1 X120.583 Y89.23 E.05452
G1 X118.92 Y88.464 E.05452
G1 X117.203 Y87.831 E.05452
G1 X115.442 Y87.334 E.05452
G1 X113.647 Y86.977 E.05452
G1 X111.829 Y86.762 E.05452
G1 X110 Y86.69 E.05452
G1 X108.46 Y86.75 E.04591
G1 X108.171 Y86.762 E.00861
G1 X106.353 Y86.977 E.05452
G1 X104.558 Y87.334 E.05452
G1 X102.797 Y87.831 E.05452
G1 X101.08 Y88.464 E.05452
G1 X99.417 Y89.23 E.05452
G1 X97.82 Y90.125 E.05452
G1 X96.299 Y91.142 E.05452
G1 X94.861 Y92.275 E.05452
G1 X93.517 Y93.517 E.05452
G1 X92.275 Y94.861 E.05452
G1 X91.142 Y96.299 E.05452
G1 X90.125 Y97.82 E.05452
G1 X89.23 Y99.417 E.05452
G1 X88.464 Y101.08 E.05452
G1 X87.831 Y102.797 E.05452
G1 X87.334 Y104.558 E.05452
G1 X86.977 Y106.353 E.05452
G1 X86.762 Y108.171 E.05452
G1 X86.69 Y110 E.05452
G1 X86.762 Y111.829 E.05452
G1 X86.977 Y113.647 E.05452
G1 X87.334 Y115.442 E.05452
G1 X87.831 Y117.203 E.05452
G1 X88.464 Y118.92 E.05452
G1 X89.23 Y120.583 E.05452
G1 X90.125 Y122.18 E.05452
G1 X91.142 Y123.701 E.05452
G1 X92.275 Y125.139 E.05452
G1 X93.517 Y126.483 E.05452
G1 X94.861 Y127.725 E.05452
G1 X96.299 Y128.858 E.05452
G1 X97.82 Y129.875 E.05452
G1 X99.417 Y130.77 E.05452
G1 X101.08 Y131.536 E.05452
G1 X102.797 Y132.169 E.05452
G1 X104.558 Y132.666 E.05452
G1 X106.353 Y133.023 E.05452
G1 X108.171 Y133.238 E.05452
G1 X109.94 Y133.308 E.05273
G1 X109.924 Y133.708 F18000
G1 X109.985 Y133.711
G1 X109.985 Y133.702
M204 P1500
;TYPE:Inner wall
;WIDTH:0.45
G1 F6000
G1 X110 Y133.703 E.00047
G1 X111.86 Y133.63 E.05985
G1 X113.708 Y133.411 E.05985
G1 X115.533 Y133.048 E.05985
G1 X117.325 Y132.543 E.05985
G1 X119.071 Y131.898 E.05985
G1 X120.761 Y131.119 E.05985
G1 X122.385 Y130.21 E.05985
G1 X123.932 Y129.176 E.05985
G1 X125.394 Y128.024 E.05985
G1 X126.76 Y126.76 E.05985
G1 X128.024 Y125.394 E.05985
G1 X129.176 Y123.932 E.05985
G1 X130.21 Y122.385 E.05985
G1 X131.119 Y120.761 E.05985
G1 X131.898 Y119.071 E.05985
G1 X132.543 Y117.325 E.05985
G1 X133.048 Y115.533 E.05985
G1 X133.411 Y113.708 E.05985
G1 X133.63 Y111.86 E.05985
G1 X133.703 Y110 E.05985
G1 X133.63 Y108.14 E.05985
G1 X133.411 Y106.292 E.05985
G1 X133.048 Y104.467 E.05985
G1 X132.543 Y102.675 E.05985
G1 X131.898 Y100.929 E.05985
G1 X131.119 Y99.239 E.05985
G1 X130.21 Y97.615 E.05985
G1 X129.176 Y96.068 E.05985
G1 X128.024 Y94.606 E.05985
G1 X126.76 Y93.24 E.05985
G1 X125.394 Y91.976 E.05985
G1 X123.932 Y90.824 E.05985
G1 X122.385 Y89.79 E.05985
G1 X120.761 Y88.881 E.05985
G1 X119.071 Y88.102 E.05985
G1 X117.325 Y87.457 E.05985
G1 X115.533 Y86.952 E.05985
G1 X113.708 Y86.589 E.05985
G1 X111.86 Y86.37 E.05985
G1 X110 Y86.297 E.05985
G1 X108.445 Y86.358 E.05006
G1 X108.14 Y86.37 E.00979
G1 X106.292 Y86.589 E.05985
G1 X104.467 Y86.952 E.05985
G1 X102.675 Y87.457 E.05985
G1 X100.929 Y88.102 E.05985
G1 X99.239 Y88.881 E.05985
G1 X97.615 Y89.79 E.05985
G1 X96.068 Y90.824 E.05985
G1 X94.606 Y91.976 E.05985
G1 X93.24 Y93.24 E.05985
G1 X91.976 Y94.606 E.05985
G1 X90.824 Y96.068 E.05985
G1 X89.79 Y97.615 E.05985
G1 X88.881 Y99.239 E.05985
G1 X88.102 Y100.929 E.05985
G1 X87.457 Y102.675 E.05985
G1 X86.952 Y104.467 E.05985
G1 X86.589 Y106.292 E.05985
G1 X86.37 Y108.14 E.05985
G1 X86.297 Y110 E.05985
G1 X86.37 Y111.86 E.05985
G1 X86.589 Y113.708 E.05985
G1 X86.952 Y115.533 E.05985
G1 X87.457 Y117.325 E.05985
G1 X88.102 Y119.071 E.05985
G1 X88.881 Y120.761 E.05985
G1 X89.79 Y122.385 E.05985
G1 X90.824 Y123.932 E.05985
G1 X91.976 Y125.394 E.05985
G1 X93.24 Y126.76 E.05985
G1 X94.606 Y128.024 E.05985
G1 X96.068 Y129.176 E.05985
G1 X97.615 Y130.21 E.05985
G1 X99.239 Y131.119 E.05985
G1 X100.929 Y131.898 E.05985
G1 X102.675 Y132.543 E.05985
G1 X104.467 Y133.048 E.05985
G1 X106.292 Y133.411 E.05985
G1 X108.14 Y133.63 E.05985
G1 X109.926 Y133.7 E.05745
G1 X109.994 Y134.05 F18000
M204 P2000
;TYPE:Gap infill
;WIDTH:0.349528
G1 F6000
G1 X109.056 Y134.032 E.02274
;WIDTH:0.386671
G3 X108.103 Y134.013 I.008 J-24.29 E.02588
;WIDTH:0.42983
G1 X107.629 Y133.985 E.01452
;WIDTH:0.477616
G1 F5811.684
G1 X107.154 Y133.957 E.01631
;WIDTH:0.525403
G1 F5236.075
G1 X106.68 Y133.929 E.01811
;WIDTH:0.549296
G1 F4989.011
G1 X106.206 Y133.901 E.019
G1 X104.824 Y133.765 F18000
;WIDTH:0.11742
G1 F6000
G1 X104.567 Y133.739 E.00152
;WIDTH:0.166168
G1 X104.304 Y133.713 E.00257
;WIDTH:0.215819
G1 X104.09 Y133.684 E.00295
;WIDTH:0.265274
G1 X103.876 Y133.654 E.00379
;WIDTH:0.314728
G1 X103.663 Y133.625 E.00463
;WIDTH:0.364182
G1 X103.449 Y133.595 E.00548
;WIDTH:0.413636
G1 X103.235 Y133.565 E.00632
;WIDTH:0.463091
G1 X103.021 Y133.536 E.00716
;WIDTH:0.487818
G1 F5678.425
G1 X102.808 Y133.506 E.00758
G1 X109.994 Y134.05 F18000
;WIDTH:0.349309
G1 F6000
G2 X110.944 Y134.032 I.006 J-24.196 E.023
;WIDTH:0.386388
G1 X111.883 Y134.013 E.02547
;WIDTH:0.429119
G2 X112.371 Y133.985 I-.481 J-12.434 E.01493
;WIDTH:0.477617
G1 F5811.677
G1 X112.846 Y133.957 E.01631
;WIDTH:0.525403
G1 F5236.076
G1 X113.32 Y133.929 E.01811
;WIDTH:0.573189
G1 F4764.217
G1 X113.794 Y133.901 E.0199
G1 X115.176 Y133.765 F18000
;WIDTH:0.14152
G1 F6000
G1 X115.433 Y133.739 E.00201
;WIDTH:0.16562
G1 X115.69 Y133.714 E.00251
;WIDTH:0.190407
G1 X115.696 Y133.713 E.00007
;WIDTH:0.215819
G1 X115.91 Y133.684 E.00295
;WIDTH:0.265273
G1 X116.124 Y133.654 E.00379
;WIDTH:0.314728
G1 X116.337 Y133.625 E.00463
;WIDTH:0.364182
G1 X116.551 Y133.595 E.00548
;WIDTH:0.413636
G1 X116.765 Y133.565 E.00632
;WIDTH:0.463091
G1 X116.979 Y133.536 E.00716
;WIDTH:0.512545
G1 F5379.434
G1 X117.192 Y133.506 E.00801
G1 X118.315 Y133.281 F18000
;TYPE:Internal solid infill
;WIDTH:0.419999
G1 F6000
G1 X137.658 Y133.281 E.57616
G1 X137.658 Y132.903 E.01123
G1 X118.627 Y132.903 E.56685
G1 X118.705 Y132.822 E.00334
G2 X119.477 Y132.526 I-1.495 J-5.051 E.02464
G1 X137.658 Y132.526 E.54155
G1 X137.658 Y132.149 E.01123
G1 X120.295 Y132.149 E.51719
G1 X121.11 Y131.772 E.02675
G1 X137.658 Y131.772 E.4929
G1 X137.658 Y131.395 E.01123
G1 X121.783 Y131.395 E.47285
G1 X122.456 Y131.018 E.02299
G1 X137.658 Y131.018 E.45279
G1 X137.658 Y130.641 E.01123
G1 X123.072 Y130.641 E.43446
G1 X123.636 Y130.264 E.02022
G1 X137.658 Y130.264 E.41765
G1 X137.658 Y129.887 E.01123
G1 X124.201 Y129.887 E.40084
G2 X124.704 Y129.51 I-2.142 J-3.387 E.01876
G1 X137.658 Y129.51 E.38583
G1 X137.658 Y129.133 E.01123
G1 X125.183 Y129.133 E.37159
G1 X125.661 Y128.756 E.01814
G1 X137.658 Y128.756 E.35734
G1 X137.658 Y128.379 E.01123
G1 X126.1 Y128.379 E.34425
G1 X126.508 Y128.001 E.01655
G1 X137.658 Y128.001 E.3321
G1 X137.658 Y127.624 E.01123
G1 X126.916 Y127.624 E.31995
G2 X127.318 Y127.247 I-2.191 J-2.74 E.01644
G1 X137.658 Y127.247 E.30797
G1 X137.658 Y126.87 E.01123
G1 X127.667 Y126.87 E.29759
G1 X128.015 Y126.493 E.01529
G1 X137.658 Y126.493 E.28721
G1 X137.658 Y126.116 E.01123
G1 X128.364 Y126.116 E.27682
G2 X128.694 Y125.739 I-2.233 J-2.288 E.01494
G1 X137.658 Y125.739 E.26699
G1 X137.658 Y125.362 E.01123
G1 X128.991 Y125.362 E.25814
G1 X129.289 Y124.985 E.0143
G1 X137.658 Y124.985 E.24928
G1 X137.658 Y124.608 E.01123
G1 X129.586 Y124.608 E.24043
G2 X129.867 Y124.231 I-2.254 J-1.971 E.01402
G1 X137.658 Y124.231 E.23206
G1 X137.658 Y123.854 E.01123
G1 X130.119 Y123.854 E.22456
G1 X130.371 Y123.476 E.01351
G1 X137.658 Y123.476 E.21705
G1 X137.658 Y123.099 E.01123
G1 X130.623 Y123.099 E.20955
G2 X130.869 Y122.722 I-2.272 J-1.755 E.01343
G1 X137.658 Y122.722 E.2022
G1 X137.658 Y122.345 E.01123
G1 X131.08 Y122.345 E.19591
G1 X131.292 Y121.968 E.01287
G1 X137.658 Y121.968 E.18962
G1 X137.658 Y121.591 E.01123
G1 X131.503 Y121.591 E.18333
G1 X131.714 Y121.214 E.01287
G1 X137.658 Y121.214 E.17704
G1 X137.658 Y120.837 E.01123
G1 X131.899 Y120.837 E.17152
G1 X132.073 Y120.46 E.01237
G1 X137.658 Y120.46 E.16634
G1 X137.658 Y120.083 E.01123
G1 X132.247 Y120.083 E.16116
G1 X132.421 Y119.706 E.01237
G1 X137.658 Y119.706 E.15599
G1 X137.658 Y119.329 E.01123
G1 X132.592 Y119.329 E.15088
G1 X132.731 Y118.952 E.01197
G1 X137.658 Y118.952 E.14673
G1 X137.658 Y118.574 E.01123
G1 X132.87 Y118.574 E.14259
G1 X133.01 Y118.197 E.01197
G1 X137.658 Y118.197 E.13845
G1 X137.658 Y117.82 E.01123
G1 X133.149 Y117.82 E.1343
G2 X133.278 Y117.443 I-2.33 J-1.011 E.01189
G1 X137.658 Y117.443 E.13044
G1 X137.658 Y117.066 E.01123
G1 X133.385 Y117.066 E.12728
G1 X133.491 Y116.689 E.01167
G1 X137.658 Y116.689 E.12411
G1 X137.658 Y116.312 E.01123
G1 X133.597 Y116.312 E.12094
G1 X133.704 Y115.935 E.01167
G1 X137.658 Y115.935 E.11777
G1 X137.658 Y115.558 E.01123
G1 X133.798 Y115.558 E.11497
G1 X133.873 Y115.181 E.01145
G1 X137.827 Y115.181 E.11779
G1 X133.97 Y114.992 F18000
;WIDTH:0.419999
G1 F6000
G1 X137.599 Y114.992 E.10808
G1 X137.599 Y104.057 E.32572
G1 X133.781 Y104.057 E.11372
G1 X134.19 Y106.113 E.06246
G1 X134.427 Y108.085 E.05915
G1 X134.502 Y110.007 E.05731
G1 X134.426 Y111.93 E.05731
G1 X134.199 Y113.84 E.05731
G1 X133.982 Y114.933 E.0332
G1 X134.43 Y114.615 F18000
G1 F6000
G1 X137.222 Y114.615 E.08317
G1 X137.222 Y104.434 E.30326
G1 X134.24 Y104.434 E.0888
G1 X134.576 Y106.13 E.0515
G1 X134.804 Y108.07 E.05819
G1 X134.879 Y110.022 E.05819
G1 X134.8 Y111.974 E.05819
G1 X134.569 Y113.914 E.05819
G1 X134.441 Y114.556 E.01951
G1 X136.087 Y105.974 F18000
;WIDTH:0.441283
G1 F6000
G1 X136.078 Y105.577 E.01249
G1 X135.634 Y105.577 E.014
G1 X135.703 Y105.997 E.01338
;WIDTH:0.407971
G1 X135.761 Y106.651 E.01895
;WIDTH:0.368606
G1 X135.819 Y107.305 E.0169
;WIDTH:0.329242
G1 X135.877 Y107.96 E.01486
;WIDTH:0.292188
G1 X135.937 Y110 E.04019
G1 X135.877 Y112.04 E.04019
;WIDTH:0.332918
G1 X135.821 Y112.674 E.01459
;WIDTH:0.376967
G3 X135.742 Y113.501 I-14.046 J-.924 E.0219
G1 X136.102 Y113.501 E.0095
;WIDTH:0.367285
G1 X136.124 Y112.774 E.01863
;WIDTH:0.328801
G1 X136.145 Y112.047 E.01642
;WIDTH:0.292188
G2 X136.145 Y107.953 I-104.243 J-2.047 E.08062
;WIDTH:0.333816
G1 X136.126 Y107.313 E.0147
;WIDTH:0.371351
G1 X136.107 Y106.674 E.0166
;WIDTH:0.390118
G1 X136.088 Y106.034 E.01755
G1 X135.159 Y105.188 F18000
;WIDTH:0.419999
G1 F6000
G1 X135.325 Y106.041 E.02589
G1 X135.558 Y108.041 E.05995
G1 X135.632 Y110.052 E.05995
G1 X135.549 Y112.063 E.05995
G1 X135.337 Y113.861 E.05393
G1 X136.468 Y113.861 E.03369
G1 X136.468 Y105.188 E.25833
G1 X135.219 Y105.188 E.03718
G1 X134.7 Y104.811 F18000
G1 F6000
G1 X134.95 Y106.086 E.03869
G1 X135.181 Y108.055 E.05907
G1 X135.256 Y110.037 E.05907
G1 X135.175 Y112.018 E.05907
G1 X134.939 Y113.987 E.05907
G1 X134.889 Y114.238 E.00761
G1 X136.845 Y114.238 E.05825
G1 X136.845 Y104.811 E.2808
G1 X134.76 Y104.811 E.0621
G1 X137.827 Y103.491 F18000
;WIDTH:0.419999
G1 F6000
G1 X133.542 Y103.491 E.12765
G1 X133.435 Y103.114 E.01167
G1 X137.658 Y103.114 E.12576
G1 X137.658 Y102.737 E.01123
G1 X133.329 Y102.737 E.12893
G2 X133.215 Y102.36 I-2.452 J.535 E.01174
G1 X137.658 Y102.36 E.13232
G1 X137.658 Y101.983 E.01123
G1 X133.076 Y101.983 E.13646
G1 X132.937 Y101.606 E.01197
G1 X137.658 Y101.606 E.14061
G1 X137.658 Y101.229 E.01123
G1 X132.798 Y101.229 E.14475
G1 X132.659 Y100.852 E.01197
G1 X137.658 Y100.852 E.1489
G1 X137.658 Y100.475 E.01123
G1 X132.504 Y100.475 E.15351
G1 X132.33 Y100.098 E.01237
G1 X137.658 Y100.098 E.15869
G1 X137.658 Y99.721 E.01123
G1 X132.156 Y99.721 E.16387
G1 X131.982 Y99.343 E.01237
G1 X137.658 Y99.343 E.16904
G1 X137.658 Y98.966 E.01123
G1 X131.809 Y98.966 E.17422
G2 X131.604 Y98.589 I-2.499 J1.114 E.0128
G1 X137.658 Y98.589 E.18032
G1 X137.658 Y98.212 E.01123
G1 X131.393 Y98.212 E.18661
G1 X131.181 Y97.835 E.01287
G1 X137.658 Y97.835 E.1929
G1 X137.658 Y97.458 E.01123
G1 X130.97 Y97.458 E.19919
G2 X130.743 Y97.081 I-2.509 J1.254 E.01313
G1 X137.658 Y97.081 E.20596
G1 X137.658 Y96.704 E.01123
G1 X130.491 Y96.704 E.21346
G1 X130.239 Y96.327 E.01351
G1 X137.658 Y96.327 E.22097
G1 X137.658 Y95.95 E.01123
G1 X129.987 Y95.95 E.22847
G2 X129.728 Y95.573 I-2.524 J1.457 E.01364
G1 X137.658 Y95.573 E.23619
G1 X137.658 Y95.196 E.01123
G1 X129.431 Y95.196 E.24505
G1 X129.134 Y94.818 E.0143
G1 X137.658 Y94.818 E.2539
G1 X137.658 Y94.441 E.01123
G1 X128.836 Y94.441 E.26276
G2 X128.531 Y94.064 I-2.551 J1.755 E.01447
G1 X137.658 Y94.064 E.27186
G1 X137.658 Y93.687 E.01123
G1 X128.182 Y93.687 E.28224
G1 X127.834 Y93.31 E.01529
G1 X137.658 Y93.31 E.29262
G1 X137.658 Y92.933 E.01123
G1 X127.485 Y92.933 E.303
G2 X127.111 Y92.556 I-2.579 J2.183 E.01583
G1 X137.658 Y92.556 E.31413
G1 X137.658 Y92.179 E.01123
G1 X126.703 Y92.179 E.32629
G1 X126.295 Y91.802 E.01655
G1 X137.658 Y91.802 E.33844
G1 X137.658 Y91.425 E.01123
G1 X125.888 Y91.425 E.35059
G2 X125.411 Y91.048 I-2.636 J2.84 E.01811
G1 X137.658 Y91.048 E.36477
G1 X137.658 Y90.671 E.01123
G1 X124.933 Y90.671 E.37902
G1 X124.455 Y90.294 E.01814
G1 X137.658 Y90.294 E.39326
G1 X137.658 Y89.916 E.01123
G1 X123.906 Y89.916 E.40961
G1 X123.342 Y89.539 E.02022
G1 X137.658 Y89.539 E.42642
G1 X137.658 Y89.162 E.01123
G1 X122.777 Y89.162 E.44323
G1 X122.105 Y88.785 E.02296
G1 X137.658 Y88.785 E.46325
G1 X137.658 Y88.408 E.01123
G1 X121.432 Y88.408 E.48331
G2 X120.686 Y88.031 I-2.769 J4.553 E.02493
G1 X137.658 Y88.031 E.50553
G1 X137.658 Y87.654 E.01123
G1 X119.868 Y87.654 E.52989
G2 X118.974 Y87.277 I-2.843 J5.491 E.02893
G1 X137.658 Y87.277 E.55652
G1 X137.658 Y86.9 E.01123
G1 X118.449 Y86.9 E.57216
G2 X118.49 Y86.523 I-.839 J-.283 E.01139
G1 X137.827 Y86.523 E.57598
G1 X118.463 Y86.369 F18000
;WIDTH:0.38292
G1 F6000
G1 X137.572 Y86.368 E.51322
G1 X118.242 Y86.921 F18000
;WIDTH:0.455652
G1 F6000
G1 X118.291 Y86.523 E.01308
;WIDTH:0.431587
G1 X118.377 Y86.446 E.00355
;WIDTH:0.417781
G1 X118.463 Y86.369 E.00343
G1 X118.07 Y86.423 E.01176
;WIDTH:0.463495
G1 X117.62 Y86.423 E.01495
G1 X117.587 Y86.677 E.00851
G1 X118.186 Y86.9 E.02123
G1 X117.192 Y86.494 F18000
;TYPE:Gap infill
;WIDTH:0.512544
G1 F5379.443
G1 X116.979 Y86.464 E.00801
;WIDTH:0.463089
G1 F6000
G1 X116.765 Y86.435 E.00716
;WIDTH:0.413634
G1 X116.551 Y86.405 E.00632
;WIDTH:0.364179
G1 X116.337 Y86.375 E.00548
;WIDTH:0.314724
G1 X116.124 Y86.346 E.00463
;WIDTH:0.265269
G1 X115.91 Y86.316 E.00379
;WIDTH:0.215814
G1 X115.696 Y86.287 E.00295
;WIDTH:0.1904
G1 X115.69 Y86.286 E.00007
;WIDTH:0.165616
G1 X115.433 Y86.261 E.00251
;WIDTH:0.141517
G1 X115.176 Y86.235 E.00201
G1 X113.794 Y86.099 F18000
;WIDTH:0.573188
G1 F4764.23
G1 X113.32 Y86.071 E.0199
;WIDTH:0.525401
G1 F5236.102
G1 X112.846 Y86.043 E.01811
;WIDTH:0.477613
G1 F5811.725
G1 X112.371 Y86.015 E.01631
;WIDTH:0.429114
G1 F6000
G2 X111.883 Y85.987 I-.97 J12.406 E.01493
;WIDTH:0.386384
G1 X110.944 Y85.968 E.02547
;WIDTH:0.349305
G2 X109.994 Y85.95 I-.944 J24.177 E.02299
;WIDTH:0.349524
G1 X109.056 Y85.968 E.02274
;WIDTH:0.386668
G2 X108.103 Y85.987 I.008 J24.29 E.02588
;WIDTH:0.429827
G1 X107.629 Y86.015 E.01452
;WIDTH:0.477614
G1 F5811.722
G1 X107.154 Y86.043 E.01631
;WIDTH:0.5254
G1 F5236.106
G1 X106.68 Y86.071 E.01811
;WIDTH:0.549294
G1 F4989.039
G1 X106.206 Y86.099 E.019
G1 X104.824 Y86.235 F18000
;WIDTH:0.117418
G1 F6000
G1 X104.567 Y86.261 E.00152
;WIDTH:0.166163
G1 X104.304 Y86.287 E.00257
;WIDTH:0.215813
G1 X104.09 Y86.316 E.00295
;WIDTH:0.265268
G1 X103.876 Y86.346 E.00379
;WIDTH:0.314723
G1 X103.663 Y86.375 E.00463
;WIDTH:0.364179
G1 X103.449 Y86.405 E.00548
;WIDTH:0.413634
G1 X103.235 Y86.435 E.00632
;WIDTH:0.463089
G1 X103.021 Y86.464 E.00716
;WIDTH:0.487817
G1 F5678.432
G1 X102.808 Y86.494 E.00758
G1 X101.679 Y86.523 F18000
;TYPE:Internal solid infill
;WIDTH:0.419999
G1 F6000
G1 X82.342 Y86.523 E.57598
G1 X82.342 Y86.9 E.01123
G1 X101.551 Y86.9 E.57216
G1 X101.588 Y87.069 E.00517
G1 X101.026 Y87.277 E.01785
G1 X82.342 Y87.277 E.55652
G1 X82.342 Y87.654 E.01123
G1 X100.132 Y87.654 E.52989
G1 X99.314 Y88.031 E.02683
G1 X82.342 Y88.031 E.50553
G1 X82.342 Y88.408 E.01123
G1 X98.568 Y88.408 E.48331
G1 X97.895 Y88.785 E.02299
G1 X82.342 Y88.785 E.46325
G1 X82.342 Y89.162 E.01123
G1 X97.223 Y89.162 E.44323
G1 X96.658 Y89.539 E.02022
G1 X82.342 Y89.539 E.42642
G1 X82.342 Y89.916 E.01123
G1 X96.094 Y89.916 E.40961
G2 X95.545 Y90.294 I2.12 J3.672 E.01985
G1 X82.342 Y90.294 E.39326
G1 X82.342 Y90.671 E.01123
G1 X95.067 Y90.671 E.37902
G1 X94.589 Y91.048 E.01814
G1 X82.342 Y91.048 E.36477
G1 X82.342 Y91.425 E.01123
G1 X94.112 Y91.425 E.35059
G1 X93.705 Y91.802 E.01655
G1 X82.342 Y91.802 E.33844
G1 X82.342 Y92.179 E.01123
G1 X93.297 Y92.179 E.32629
G1 X92.889 Y92.556 E.01655
G1 X82.342 Y92.556 E.31413
G1 X82.342 Y92.933 E.01123
G1 X92.515 Y92.933 E.303
G1 X92.166 Y93.31 E.01529
G1 X82.342 Y93.31 E.29262
G1 X82.342 Y93.687 E.01123
G1 X91.818 Y93.687 E.28224
G1 X91.469 Y94.064 E.01529
G1 X82.342 Y94.064 E.27186
G1 X82.342 Y94.441 E.01123
G1 X91.164 Y94.441 E.26276
G1 X90.866 Y94.818 E.0143
G1 X82.342 Y94.818 E.2539
G1 X82.342 Y95.196 E.01123
G1 X90.569 Y95.196 E.24505
G1 X90.272 Y95.573 E.0143
G1 X82.342 Y95.573 E.23619
G1 X82.342 Y95.95 E.01123
G1 X90.013 Y95.95 E.22847
G1 X89.761 Y96.327 E.01351
G1 X82.342 Y96.327 E.22097
G1 X82.342 Y96.704 E.01123
G1 X89.509 Y96.704 E.21346
G1 X89.257 Y97.081 E.01351
G1 X82.342 Y97.081 E.20596
G1 X82.342 Y97.458 E.01123
G1 X89.03 Y97.458 E.19919
G1 X88.819 Y97.835 E.01287
G1 X82.342 Y97.835 E.1929
G1 X82.342 Y98.212 E.01123
G1 X88.607 Y98.212 E.18661
G1 X88.396 Y98.589 E.01287
G1 X82.342 Y98.589 E.18032
G1 X82.342 Y98.966 E.01123
G1 X88.191 Y98.966 E.17422
G1 X88.018 Y99.343 E.01237
G1 X82.342 Y99.343 E.16904
G1 X82.342 Y99.721 E.01123
G1 X87.844 Y99.721 E.16387
G1 X87.67 Y100.098 E.01237
G1 X82.342 Y100.098 E.15869
G1 X82.342 Y100.475 E.01123
G1 X87.496 Y100.475 E.15351
G2 X87.341 Y100.852 I2.318 J1.173 E.01215
G1 X82.342 Y100.852 E.1489
G1 X82.342 Y101.229 E.01123
G1 X87.202 Y101.229 E.14475
G1 X87.063 Y101.606 E.01197
G1 X82.342 Y101.606 E.14061
G1 X82.342 Y101.983 E.01123
G1 X86.924 Y101.983 E.13646
G1 X86.785 Y102.36 E.01197
G1 X82.342 Y102.36 E.13232
G1 X82.342 Y102.737 E.01123
G1 X86.671 Y102.737 E.12893
G1 X86.565 Y103.114 E.01167
G1 X82.342 Y103.114 E.12576
G1 X82.342 Y103.491 E.01123
G1 X86.634 Y103.491 E.12785
G1 X84.841 Y105.188 F18000
;WIDTH:0.419999
G1 F6000
G1 X83.532 Y105.188 E.03896
G1 X83.532 Y113.861 E.25833
G1 X84.663 Y113.861 E.03369
G1 X84.442 Y111.959 E.05702
G1 X84.368 Y109.948 E.05995
G1 X84.451 Y107.937 E.05995
G1 X84.691 Y105.939 E.05995
G1 X84.829 Y105.247 E.02102
G1 X84.063 Y110 F18000
;WIDTH:0.293557
G1 F6000
G1 X84.123 Y107.96 E.04041
;WIDTH:0.333813
G1 X84.181 Y107.305 E.0151
;WIDTH:0.371347
G1 X84.239 Y106.651 E.01704
;WIDTH:0.408882
G1 X84.297 Y105.997 E.01899
;WIDTH:0.435839
G1 X84.366 Y105.577 E.01319
G1 X83.925 Y105.577 E.0137
;WIDTH:0.407967
G1 X83.902 Y106.369 E.02285
;WIDTH:0.368603
G1 X83.878 Y107.161 E.02038
;WIDTH:0.329239
G1 X83.855 Y107.953 E.01792
;WIDTH:0.292253
G2 X83.857 Y112.117 I105.936 J2.03 E.08202
;WIDTH:0.332915
G1 X83.875 Y112.723 E.01389
;WIDTH:0.377001
G3 X83.893 Y113.501 I-13.177 J.692 E.02053
G1 X84.252 Y113.501 E.00949
;WIDTH:0.367282
G1 X84.188 Y112.77 E.01878
;WIDTH:0.328798
G1 X84.123 Y112.04 E.01656
;WIDTH:0.309556
G1 X84.065 Y110.06 E.04172
G1 X84.968 Y113.222 F18000
;WIDTH:0.419999
G1 F6000
G1 X84.819 Y111.945 E.0383
G1 X84.744 Y109.963 E.05907
G1 X84.825 Y107.982 E.05907
G1 X85.061 Y106.013 E.05907
G1 X85.3 Y104.811 E.03649
G1 X83.155 Y104.811 E.06388
G1 X83.155 Y114.238 E.2808
G1 X85.111 Y114.238 E.05825
G1 X84.976 Y113.281 E.02878
G1 X85.57 Y114.615 F18000
G1 F6000
G1 X85.424 Y113.87 E.02262
G1 X85.196 Y111.93 E.05819
G1 X85.121 Y109.978 E.05819
G1 X85.2 Y108.026 E.05819
G1 X85.431 Y106.086 E.05819
G1 X85.76 Y104.434 E.05018
G1 X82.778 Y104.434 E.0888
G1 X82.778 Y114.615 E.30326
G1 X85.51 Y114.615 E.08138
G1 X86.03 Y114.992 F18000
G1 F6000
G1 X85.798 Y113.826 E.03542
G1 X85.573 Y111.915 E.05731
G1 X85.498 Y109.993 E.05731
G1 X85.574 Y108.07 E.05731
G1 X85.81 Y106.113 E.05871
G1 X86.177 Y104.273 E.0559
G1 X86.238 Y104.057 E.00669
G1 X82.401 Y104.057 E.11427
G1 X82.401 Y114.992 E.32572
G1 X85.97 Y114.992 E.1063
G1 X86.3 Y115.181 F18000
;WIDTH:0.419999
G1 F6000
G1 X82.342 Y115.181 E.11789
G1 X82.342 Y115.558 E.01123
G1 X86.202 Y115.558 E.11497
G2 X86.296 Y115.935 I2.442 J-.409 E.01159
G1 X82.342 Y115.935 E.11777
G1 X82.342 Y116.312 E.01123
G1 X86.403 Y116.312 E.12094
G1 X86.509 Y116.689 E.01167
G1 X82.342 Y116.689 E.12411
G1 X82.342 Y117.066 E.01123
G1 X86.615 Y117.066 E.12728
G1 X86.722 Y117.443 E.01167
G1 X82.342 Y117.443 E.13044
G1 X82.342 Y117.82 E.01123
G1 X86.851 Y117.82 E.1343
G1 X86.99 Y118.197 E.01197
G1 X82.342 Y118.197 E.13845
G1 X82.342 Y118.574 E.01123
G1 X87.13 Y118.574 E.14259
G1 X87.269 Y118.952 E.01197
G1 X82.342 Y118.952 E.14673
G1 X82.342 Y119.329 E.01123
G1 X87.408 Y119.329 E.15088
G2 X87.579 Y119.706 I2.482 J-.901 E.01235
G1 X82.342 Y119.706 E.15599
G1 X82.342 Y120.083 E.01123
G1 X87.753 Y120.083 E.16116
G1 X87.927 Y120.46 E.01237
G1 X82.342 Y120.46 E.16634
G1 X82.342 Y120.837 E.01123
G1 X88.101 Y120.837 E.17152
G2 X88.286 Y121.214 I2.489 J-.99 E.01253
G1 X82.342 Y121.214 E.17704
G1 X82.342 Y121.591 E.01123
G1 X88.497 Y121.591 E.18333
G1 X88.708 Y121.968 E.01287
G1 X82.342 Y121.968 E.18962
G1 X82.342 Y122.345 E.01123
G1 X88.92 Y122.345 E.19591
G1 X89.131 Y122.722 E.01287
G1 X82.342 Y122.722 E.2022
G1 X82.342 Y123.099 E.01123
G1 X89.377 Y123.099 E.20955
G1 X89.629 Y123.476 E.01351
G1 X82.342 Y123.476 E.21705
G1 X82.342 Y123.854 E.01123
G1 X89.881 Y123.854 E.22456
G1 X90.133 Y124.231 E.01351
G1 X82.342 Y124.231 E.23206
G1 X82.342 Y124.608 E.01123
G1 X90.414 Y124.608 E.24043
G1 X90.711 Y124.985 E.0143
G1 X82.342 Y124.985 E.24928
G1 X82.342 Y125.362 E.01123
G1 X91.009 Y125.362 E.25814
G1 X91.306 Y125.739 E.0143
G1 X82.342 Y125.739 E.26699
G1 X82.342 Y126.116 E.01123
G1 X91.636 Y126.116 E.27682
G1 X91.985 Y126.493 E.01529
G1 X82.342 Y126.493 E.28721
G1 X82.342 Y126.87 E.01123
G1 X92.333 Y126.87 E.29759
G1 X92.682 Y127.247 E.01529
G1 X82.342 Y127.247 E.30797
G1 X82.342 Y127.624 E.01123
G1 X93.084 Y127.624 E.31995
G1 X93.492 Y128.001 E.01655
G1 X82.342 Y128.001 E.3321
G1 X82.342 Y128.379 E.01123
G1 X93.9 Y128.379 E.34425
G2 X94.339 Y128.756 I2.618 J-2.606 E.01726
G1 X82.342 Y128.756 E.35734
G1 X82.342 Y129.133 E.01123
G1 X94.817 Y129.133 E.37159
G1 X95.296 Y129.51 E.01814
G1 X82.342 Y129.51 E.38583
G1 X82.342 Y129.887 E.01123
G1 X95.799 Y129.887 E.40084
G1 X96.364 Y130.264 E.02022
G1 X82.342 Y130.264 E.41765
G1 X82.342 Y130.641 E.01123
G1 X96.928 Y130.641 E.43446
G2 X97.544 Y131.018 I2.703 J-3.721 E.02152
G1 X82.342 Y131.018 E.45279
G1 X82.342 Y131.395 E.01123
G1 X98.217 Y131.395 E.47285
G1 X98.89 Y131.772 E.02299
G1 X82.342 Y131.772 E.4929
G1 X82.342 Y132.149 E.01123
G1 X99.705 Y132.149 E.51719
G1 X100.523 Y132.526 E.02683
G1 X82.342 Y132.526 E.54155
G1 X82.342 Y132.903 E.01123
G1 X101.373 Y132.903 E.56684
G1 X101.553 Y133.092 E.00777
G1 X101.512 Y133.281 E.00575
G1 X82.173 Y133.281 E.57604
G1 X82.278 Y133.722 F18000
;WIDTH:0.38292
G1 F6000
G1 X101.421 Y133.722 E.51416
G1 X101.741 Y133.073 F18000
;WIDTH:0.464533
G1 F5992.025
G1 X101.719 Y133.321 E.00827
;WIDTH:0.451005
G1 F6000
G1 X101.652 Y133.489 E.00585
;WIDTH:0.423949
G1 X101.585 Y133.658 E.00546
;WIDTH:0.412908
G1 X101.481 Y133.722 E.00355
G1 X101.757 Y133.592 E.00891
;WIDTH:0.461008
G1 X102.38 Y133.577 E.02056
G1 X102.413 Y133.323 E.00844
G1 X101.797 Y133.094 E.0217
G1 X118.53 Y133.722 F18000
;WIDTH:0.38292
G1 F6000
G1 X137.662 Y133.722 E.51385
G1 X118.259 Y133.073 F18000
;WIDTH:0.463245
G1 F6000
G1 X117.587 Y133.323 E.02381
G1 X117.62 Y133.577 E.00849
G1 X118.243 Y133.588 E.02067
;WIDTH:0.439177
G1 X118.386 Y133.655 E.00496
;WIDTH:0.399856
G1 X118.53 Y133.722 E.00447
G1 X118.412 Y133.658 E.00379
;WIDTH:0.425516
G1 X118.347 Y133.489 E.00546
;WIDTH:0.451792
G3 X118.265 Y133.133 I.579 J-.321 E.01196
G1 X111.86 Y133.638 F18000
G1 X110 Y133.711
G1 X108.14 Y133.638
G1 X106.291 Y133.419
G1 X104.465 Y133.056
G1 X102.673 Y132.551
G1 X100.926 Y131.906
G1 X99.235 Y131.127
G1 X97.611 Y130.217
G1 X96.063 Y129.183
G1 X94.601 Y128.03
G1 X93.234 Y126.766
G1 X91.97 Y125.399
G1 X90.817 Y123.937
G1 X89.783 Y122.389
G1 X88.873 Y120.765
G1 X88.094 Y119.074
G1 X87.449 Y117.327
G1 X86.944 Y115.535
G1 X86.581 Y113.709
G1 X86.362 Y111.86
G1 X86.289 Y110
G1 X86.362 Y108.14
G1 X86.581 Y106.291
G1 X86.944 Y104.465
G1 X87.449 Y102.673
G1 X88.094 Y100.926
G1 X88.873 Y99.235
G1 X89.783 Y97.611
G1 X90.348 Y96.765
G1 X81.611 Y86.368
G1 X82.368 Y86.368
;WIDTH:0.38292
G1 F6000
G1 X101.45 Y86.368 E.5125
G1 X101.76 Y86.922 F18000
;WIDTH:0.464111
G1 F5998.035
G1 X102.416 Y86.689 E.02317
G1 X102.379 Y86.424 E.00889
G1 X101.82 Y86.417 E.01861
;WIDTH:0.437011
G1 F6000
G1 X101.665 Y86.392 E.00489
;WIDTH:0.412133
G1 X101.51 Y86.368 E.00458
G1 X101.714 Y86.523 E.00747
;WIDTH:0.455041
G1 X101.753 Y86.863 E.01114
; stop printing object base_plate.stl id:0 copy 0
;LAYER_CHANGE
;Z:4.84
;HEIGHT:0.2
G92 E0 ; zero the extruded length again
; BEFORE_LAYER_CHANGE 23 @ 4.84mm
G1 E-2.15791 F6000
;WIPE_START
G1 X101.714 Y86.523 E-.34209
;WIPE_END
; AFTER_LAYER_CHANGE 23 @ 4.84mm
;_SET_FAN_SPEED_CHANGING_LAYER
; printing object base_plate.stl id:0 copy 0
G17
G3 Z5.04 I.017 J.608 P1  F18000
G1 X110 Y86.289 Z5.04
G1 X111.86 Y86.362
G1 X113.709 Y86.581
G1 X115.535 Y86.944
G1 X117.327 Y87.449
G1 X119.074 Y88.094
G1 X120.765 Y88.873
G1 X122.389 Y89.783
G1 X123.937 Y90.817
G1 X125.399 Y91.97
G1 X126.766 Y93.234
G1 X128.03 Y94.601
G1 X129.183 Y96.063
G1 X130.217 Y97.611
G1 X131.127 Y99.235
G1 X131.906 Y100.926
G1 X132.551 Y102.673
G1 X133.056 Y104.465
G1 X133.419 Y106.291
G1 X133.638 Y108.14
G1 X133.711 Y110
G1 X133.638 Y111.86
G1 X133.419 Y113.709
G1 X133.056 Y115.535
G1 X132.551 Y117.327
G1 X131.906 Y119.074
G1 X131.127 Y120.765
G1 X130.217 Y122.389
G1 X129.774 Y123.052
G1 X138.389 Y134.389
G1 X138.79 Y134.79
G1 Z4.84
G1 E2.5 F6000
M204 P1000
;TYPE:Outer wall
;WIDTH:0.42
G1 F3600
G1 X81.21 Y134.79 E1.71511
G1 X81.21 Y85.21 E1.47682
G1 X138.79 Y85.21 E1.71511
G1 X138.79 Y134.73 E1.47503
G1 X138.389 Y134.389 F18000
G1 X138.389 Y134.389
G1 X138.398 Y134.398
M204 P1500
;TYPE:Inner wall
;WIDTH:0.45
G1 F6000
G1 X81.602 Y134.398 E1.82635
G1 X81.602 Y85.602 E1.5691
G1 X138.398 Y85.602 E1.82635
G1 X138.398 Y134.338 E1.56717
G1 E-1.75
;WIPE_START
G1 X137.398 Y134.339 E-.75
;WIPE_END
G1 X133.583 Y134.246 Z5.04 F18000
G1 X113.986 Y133.771 Z5.04
G1 Z4.84
G1 E2.5 F6000
G1 X115.628 Y133.444 E.05385
G1 X117.45 Y132.93 E.06088
G1 X119.227 Y132.275 E.06088
G1 X120.946 Y131.482 E.06088
G1 X122.597 Y130.557 E.06088
G1 X124.172 Y129.505 E.06088
G1 X125.658 Y128.333 E.06087
G1 X127.048 Y127.048 E.06087
G1 X128.333 Y125.658 E.06088
G1 X129.505 Y124.172 E.06087
G1 X130.557 Y122.597 E.06088
G1 X131.482 Y120.946 E.06088
G1 X132.275 Y119.227 E.06088
G1 X132.93 Y117.45 E.06088
G1 X133.444 Y115.628 E.06088
G1 X133.813 Y113.772 E.06087
G1 X134.036 Y111.892 E.06088
G1 X134.11 Y110 E.06088
G1 X134.036 Y108.108 E.06088
G1 X133.813 Y106.228 E.06088
G1 X133.444 Y104.372 E.06087
G1 X132.93 Y102.55 E.06088
G1 X132.275 Y100.773 E.06088
G1 X131.482 Y99.054 E.06088
G1 X130.557 Y97.403 E.06088
G1 X129.505 Y95.828 E.06088
G1 X128.333 Y94.342 E.06087
G1 X127.048 Y92.952 E.06088
G1 X125.658 Y91.667 E.06087
G1 X124.172 Y90.495 E.06087
G1 X122.597 Y89.443 E.06088
G1 X120.946 Y88.518 E.06088
G1 X119.227 Y87.725 E.06088
G1 X117.45 Y87.07 E.06088
G1 X115.628 Y86.556 E.06088
G1 X113.986 Y86.229 E.05385
G1 X114.008 Y86.009 E.00712
G1 X137.991 Y86.009 E.77121
G1 X137.991 Y133.991 E1.54292
G1 X114.008 Y133.991 E.77122
G1 X113.992 Y133.83 E.00519
G1 E-1.75
;WIPE_START
G1 X114.965 Y133.6 E-.75
;WIPE_END
G1 X111.149 Y133.673 Z5.04 F18000
G1 X106.014 Y133.771 Z5.04
G1 Z4.84
G1 E2.5 F6000
G1 X105.992 Y133.991 E.00712
G1 X82.009 Y133.991 E.77122
G1 X82.009 Y86.009 E1.54292
G1 X105.992 Y86.009 E.77121
G1 X106.014 Y86.229 E.00712
G1 X104.372 Y86.556 E.05385
G1 X102.55 Y87.07 E.06088
G1 X100.773 Y87.725 E.06088
G1 X99.054 Y88.518 E.06088
G1 X97.403 Y89.443 E.06088
G1 X95.828 Y90.495 E.06088
G1 X94.342 Y91.667 E.06087
G1 X92.952 Y92.952 E.06087
G1 X91.667 Y94.342 E.06088
G1 X90.495 Y95.828 E.06087
G1 X89.443 Y97.403 E.06088
G1 X88.518 Y99.054 E.06088
G1 X87.725 Y100.773 E.06088
G1 X87.07 Y102.55 E.06088
G1 X86.556 Y104.372 E.06088
G1 X86.187 Y106.228 E.06087
G1 X85.964 Y108.108 E.06088
G1 X85.89 Y110 E.06088
G1 X85.964 Y111.892 E.06088
G1 X86.187 Y113.772 E.06088
G1 X86.556 Y115.628 E.06087
G1 X87.07 Y117.45 E.06088
G1 X87.725 Y119.227 E.06088
G1 X88.518 Y120.946 E.06088
G1 X89.443 Y122.597 E.06088
G1 X90.495 Y124.172 E.06088
G1 X91.667 Y125.658 E.06087
G1 X92.952 Y127.048 E.06088
G1 X94.342 Y128.333 E.06087
G1 X95.828 Y129.505 E.06087
G1 X97.403 Y130.557 E.06088
G1 X99.054 Y131.482 E.06088
G1 X100.773 Y132.275 E.06088
G1 X102.55 Y132.93 E.06088
G1 X104.372 Y133.444 E.06088
G1 X105.955 Y133.759 E.05192
G1 E-1.75
;WIPE_START
G1 X105.992 Y133.991 E-.17623
G1 X105.227 Y133.991 E-.57377
;WIPE_END
G1 X105.377 Y133.238 Z5.04 F18000
G1 X106.291 Y133.419
G1 X108.14 Y133.638
G1 X109.671 Y133.698
G1 X109.984 Y133.711
G1 X110 Y133.31
G1 Z4.84
G1 E2.5 F6000
M204 P1000
;TYPE:Outer wall
;WIDTH:0.42
G1 F3600
G1 X111.829 Y133.238 E.05452
G1 X113.647 Y133.023 E.05452
G1 X115.442 Y132.666 E.05452
G1 X117.203 Y132.169 E.05452
G1 X118.92 Y131.536 E.05452
G1 X120.583 Y130.77 E.05452
G1 X122.18 Y129.875 E.05452
G1 X123.701 Y128.858 E.05452
G1 X125.139 Y127.725 E.05452
G1 X126.483 Y126.483 E.05452
G1 X127.725 Y125.139 E.05452
G1 X128.858 Y123.701 E.05452
G1 X129.875 Y122.18 E.05452
G1 X130.77 Y120.583 E.05452
G1 X131.536 Y118.92 E.05452
G1 X132.169 Y117.203 E.05452
G1 X132.666 Y115.442 E.05452
G1 X133.023 Y113.647 E.05452
G1 X133.238 Y111.829 E.05452
G1 X133.31 Y110 E.05452
G1 X133.238 Y108.171 E.05452
G1 X133.023 Y106.353 E.05452
G1 X132.666 Y104.558 E.05452
G1 X132.169 Y102.797 E.05452
G1 X131.536 Y101.08 E.05452
G1 X130.77 Y99.417 E.05452
G1 X129.875 Y97.82 E.05452
G1 X128.858 Y96.299 E.05452
G1 X127.725 Y94.861 E.05452
G1 X126.483 Y93.517 E.05452
G1 X125.139 Y92.275 E.05452
G1 X123.701 Y91.142 E.05452
G1 X122.18 Y90.125 E.05452
G1 X120.583 Y89.23 E.05452
G1 X118.92 Y88.464 E.05452
G1 X117.203 Y87.831 E.05452
G1 X115.442 Y87.334 E.05452
G1 X113.647 Y86.977 E.05452
G1 X111.829 Y86.762 E.05452
G1 X110 Y86.69 E.05452
G1 X108.34 Y86.755 E.04949
G1 X108.171 Y86.762 E.00502
G1 X106.353 Y86.977 E.05452
G1 X104.558 Y87.334 E.05452
G1 X102.797 Y87.831 E.05452
G1 X101.08 Y88.464 E.05452
G1 X99.417 Y89.23 E.05452
G1 X97.82 Y90.125 E.05452
G1 X96.299 Y91.142 E.05452
G1 X94.861 Y92.275 E.05452
G1 X93.517 Y93.517 E.05452
G1 X92.275 Y94.861 E.05452
G1 X91.142 Y96.299 E.05452
G1 X90.125 Y97.82 E.05452
G1 X89.23 Y99.417 E.05452
G1 X88.464 Y101.08 E.05452
G1 X87.831 Y102.797 E.05452
G1 X87.334 Y104.558 E.05452
G1 X86.977 Y106.353 E.05452
G1 X86.762 Y108.171 E.05452
G1 X86.69 Y110 E.05452
G1 X86.762 Y111.829 E.05452
G1 X86.977 Y113.647 E.05452
G1 X87.334 Y115.442 E.05452
G1 X87.831 Y117.203 E.05452
G1 X88.464 Y118.92 E.05452
G1 X89.23 Y120.583 E.05452
G1 X90.125 Y122.18 E.05452
G1 X91.142 Y123.701 E.05452
G1 X92.275 Y125.139 E.05452
G1 X93.517 Y126.483 E.05452
G1 X94.861 Y127.725 E.05452
G1 X96.299 Y128.858 E.05452
G1 X97.82 Y129.875 E.05452
G1 X99.417 Y130.77 E.05452
G1 X101.08 Y131.536 E.05452
G1 X102.797 Y132.169 E.05452
G1 X104.558 Y132.666 E.05452
G1 X106.353 Y133.023 E.05452
G1 X108.171 Y133.238 E.05452
G1 X109.94 Y133.308 E.05273
G1 X109.924 Y133.708 F18000
G1 X109.985 Y133.711
G1 X109.985 Y133.702
M204 P1500
;TYPE:Inner wall
;WIDTH:0.45
G1 F6000
G1 X110 Y133.703 E.00047
G1 X111.86 Y133.63 E.05985
G1 X113.708 Y133.411 E.05985
G1 X115.533 Y133.048 E.05985
G1 X117.325 Y132.543 E.05985
G1 X119.071 Y131.898 E.05985
G1 X120.761 Y131.119 E.05985
G1 X122.385 Y130.21 E.05985
G1 X123.932 Y129.176 E.05985
G1 X125.394 Y128.024 E.05985
G1 X126.76 Y126.76 E.05985
G1 X128.024 Y125.394 E.05985
G1 X129.176 Y123.932 E.05985
G1 X130.21 Y122.385 E.05985
G1 X131.119 Y120.761 E.05985
G1 X131.898 Y119.071 E.05985
G1 X132.543 Y117.325 E.05985
G1 X133.048 Y115.533 E.05985
G1 X133.411 Y113.708 E.05985
G1 X133.63 Y111.86 E.05985
G1 X133.703 Y110 E.05985
G1 X133.63 Y108.14 E.05985
G1 X133.411 Y106.292 E.05985
G1 X133.048 Y104.467 E.05985
G1 X132.543 Y102.675 E.05985
G1 X131.898 Y100.929 E.05985
G1 X131.119 Y99.239 E.05985
G1 X130.21 Y97.615 E.05985
G1 X129.176 Y96.068 E.05985
G1 X128.024 Y94.606 E.05985
G1 X126.76 Y93.24 E.05985
G1 X125.394 Y91.976 E.05985
G1 X123.932 Y90.824 E.05985
G1 X122.385 Y89.79 E.05985
G1 X120.761 Y88.881 E.05985
G1 X119.071 Y88.102 E.05985
G1 X117.325 Y87.457 E.05985
G1 X115.533 Y86.952 E.05985
G1 X113.708 Y86.589 E.05985
G1 X111.86 Y86.37 E.05985
G1 X110 Y86.297 E.05985
G1 X108.324 Y86.363 E.05393
G1 X108.14 Y86.37 E.00592
G1 X106.292 Y86.589 E.05985
G1 X104.467 Y86.952 E.05985
G1 X102.675 Y87.457 E.05985
G1 X100.929 Y88.102 E.05985
G1 X99.239 Y88.881 E.05985
G1 X97.615 Y89.79 E.05985
G1 X96.068 Y90.824 E.05985
G1 X94.606 Y91.976 E.05985
G1 X93.24 Y93.24 E.05985
G1 X91.976 Y94.606 E.05985
G1 X90.824 Y96.068 E.05985
G1 X89.79 Y97.615 E.05985
G1 X88.881 Y99.239 E.05985
G1 X88.102 Y100.929 E.05985
G1 X87.457 Y102.675 E.05985
G1 X86.952 Y104.467 E.05985
G1 X86.589 Y106.292 E.05985
G1 X86.37 Y108.14 E.05985
G1 X86.297 Y110 E.05985
G1 X86.37 Y111.86 E.05985
G1 X86.589 Y113.708 E.05985
G1 X86.952 Y115.533 E.05985
G1 X87.457 Y117.325 E.05985
G1 X88.102 Y119.071 E.05985
G1 X88.881 Y120.761 E.05985
G1 X89.79 Y122.385 E.05985
G1 X90.824 Y123.932 E.05985
G1 X91.976 Y125.394 E.05985
G1 X93.24 Y126.76 E.05985
G1 X94.606 Y128.024 E.05985
G1 X96.068 Y129.176 E.05985
G1 X97.615 Y130.21 E.05985
G1 X99.239 Y131.119 E.05985
G1 X100.929 Y131.898 E.05985
G1 X102.675 Y132.543 E.05985
G1 X104.467 Y133.048 E.05985
G1 X106.292 Y133.411 E.05985
G1 X108.14 Y133.63 E.05985
G1 X109.926 Y133.7 E.05745
G1 X109.994 Y134.05 F18000
M204 P2000
;TYPE:Gap infill
;WIDTH:0.349528
G1 F6000
G1 X109.056 Y134.032 E.02274
;WIDTH:0.386671
G3 X108.103 Y134.013 I.008 J-24.29 E.02588
;WIDTH:0.42983
G1 X107.629 Y133.985 E.01452
;WIDTH:0.477616
G1 F5811.684
G1 X107.154 Y133.957 E.01631
;WIDTH:0.525403
G1 F5236.075
G1 X106.68 Y133.929 E.01811
;WIDTH:0.549296
G1 F4989.011
G1 X106.206 Y133.901 E.019
G1 X104.824 Y133.765 F18000
;WIDTH:0.11742
G1 F6000
G1 X104.567 Y133.739 E.00152
;WIDTH:0.166168
G1 X104.304 Y133.713 E.00257
;WIDTH:0.215819
G1 X104.09 Y133.684 E.00295
;WIDTH:0.265274
G1 X103.876 Y133.654 E.00379
;WIDTH:0.314728
G1 X103.663 Y133.625 E.00463
;WIDTH:0.364182
G1 X103.449 Y133.595 E.00548
;WIDTH:0.413636
G1 X103.235 Y133.565 E.00632
;WIDTH:0.463091
G1 X103.021 Y133.536 E.00716
;WIDTH:0.487818
G1 F5678.425
G1 X102.808 Y133.506 E.00758
G1 X101.215 Y133.647 F18000
;TYPE:Internal solid infill
;WIDTH:0.420364
G1 F6000
G1 X101.215 Y132.793 E.02547
G1 X100.837 Y132.653 E.012
G1 X100.837 Y133.477 E.02456
G1 X100.46 Y133.477 E.01125
G1 X100.46 Y132.497 E.02922
G1 X100.082 Y132.323 E.01239
G1 X100.082 Y133.477 E.03441
G1 X99.705 Y133.477 E.01125
G1 X99.705 Y132.149 E.0396
G1 X99.328 Y131.975 E.01239
G1 X99.328 Y133.477 E.04479
G1 X98.95 Y133.477 E.01125
G1 X98.95 Y131.801 E.04998
G3 X98.573 Y131.594 I1.125 J-2.502 E.01284
G1 X98.573 Y133.477 E.05614
G1 X98.195 Y133.477 E.01125
G1 X98.195 Y131.383 E.06244
G1 X97.818 Y131.172 E.0129
G1 X97.818 Y133.477 E.06874
G1 X97.44 Y133.477 E.01125
G1 X97.44 Y130.96 E.07505
G3 X97.063 Y130.731 I1.268 J-2.512 E.01318
G1 X97.063 Y133.477 E.08188
G1 X96.685 Y133.477 E.01125
G1 X96.685 Y130.479 E.0894
G1 X96.308 Y130.227 E.01353
G1 X96.308 Y133.477 E.09692
G1 X95.931 Y133.477 E.01125
G1 X95.931 Y129.974 E.10444
G3 X95.553 Y129.713 I1.473 J-2.527 E.01371
G1 X95.553 Y133.477 E.11224
G1 X95.176 Y133.477 E.01125
G1 X95.176 Y129.415 E.12111
G1 X94.798 Y129.118 E.01433
G1 X94.798 Y133.477 E.12999
G1 X94.421 Y133.477 E.01125
G1 X94.421 Y128.82 E.13886
G3 X94.043 Y128.511 I1.775 J-2.555 E.01455
G1 X94.043 Y133.477 E.14806
G1 X93.666 Y133.477 E.01125
G1 X93.666 Y128.162 E.15846
G1 X93.288 Y127.814 E.01532
G1 X93.288 Y133.477 E.16887
G1 X92.911 Y133.477 E.01125
G1 X92.911 Y127.465 E.17927
G3 X92.534 Y127.087 I2.207 J-2.584 E.01593
G1 X92.534 Y133.477 E.19053
G1 X92.156 Y133.477 E.01125
G1 X92.156 Y126.679 E.2027
G1 X91.779 Y126.27 E.01658
G1 X91.779 Y133.477 E.21488
G1 X91.401 Y133.477 E.01125
G1 X91.401 Y125.86 E.22712
G1 X91.024 Y125.381 E.01818
G1 X91.024 Y133.477 E.24139
G1 X90.646 Y133.477 E.01125
G1 X90.646 Y124.902 E.25567
G1 X90.269 Y124.424 E.01818
G1 X90.269 Y133.477 E.26994
G1 X89.891 Y133.477 E.01125
G1 X89.891 Y123.869 E.28648
G1 X89.514 Y123.304 E.02026
G1 X89.514 Y133.477 E.30333
G1 X89.137 Y133.477 E.01125
G1 X89.137 Y122.733 E.32036
G1 X88.759 Y122.059 E.02303
G1 X88.759 Y133.477 E.34045
G1 X88.382 Y133.477 E.01125
G1 X88.382 Y121.385 E.36055
G3 X88.004 Y120.628 I4.622 J-2.777 E.02525
G1 X88.004 Y133.477 E.38312
G1 X87.627 Y133.477 E.01125
G1 X87.627 Y119.809 E.40753
G3 X87.249 Y118.899 I5.591 J-2.853 E.02939
G1 X87.249 Y133.477 E.43465
G1 X86.872 Y133.477 E.01125
G1 X86.872 Y117.876 E.46515
G1 X86.753 Y117.553 E.01026
G1 X86.494 Y116.637 E.02838
G1 X86.494 Y133.477 E.50209
G1 X86.117 Y133.477 E.01125
G1 X86.117 Y116.132 E.51717
G1 X85.74 Y116.132 E.01125
G1 X85.74 Y133.477 E.51717
G1 X85.362 Y133.477 E.01125
G1 X85.362 Y116.132 E.51717
G1 X84.985 Y116.132 E.01125
G1 X84.985 Y133.477 E.51717
G1 X84.607 Y133.477 E.01125
G1 X84.607 Y116.132 E.51717
G1 X84.23 Y116.132 E.01125
G1 X84.23 Y133.477 E.51717
G1 X83.852 Y133.477 E.01125
G1 X83.852 Y116.132 E.51717
G1 X83.475 Y116.132 E.01125
G1 X83.475 Y133.477 E.51717
G1 X83.097 Y133.477 E.01125
G1 X83.097 Y116.132 E.51717
G1 X82.72 Y116.132 E.01125
G1 X82.72 Y133.477 E.51717
G1 X82.343 Y133.477 E.01125
G1 X82.343 Y115.962 E.52223
G1 X85.3 Y115.189 F18000
;WIDTH:0.419999
G1 F6000
G1 X85.05 Y113.914 E.03869
G1 X84.819 Y111.945 E.05907
G1 X84.744 Y109.963 E.05907
G1 X84.825 Y107.982 E.05907
G1 X85.061 Y106.013 E.05907
G1 X85.111 Y105.762 E.00761
G1 X83.155 Y105.762 E.05825
G1 X83.155 Y115.189 E.2808
G1 X85.24 Y115.189 E.0621
G1 X84.841 Y114.812 F18000
G1 F6000
G1 X84.675 Y113.959 E.02589
G1 X84.442 Y111.959 E.05995
G1 X84.368 Y109.948 E.05995
G1 X84.451 Y107.937 E.05995
G1 X84.663 Y106.139 E.05393
G1 X83.532 Y106.139 E.03369
G1 X83.532 Y114.812 E.25833
G1 X84.781 Y114.812 E.03718
G1 X84.063 Y110 F18000
;WIDTH:0.293557
G1 F6000
G1 X84.123 Y107.96 E.04041
;WIDTH:0.332915
G1 X84.179 Y107.326 E.01459
;WIDTH:0.376964
G3 X84.258 Y106.499 I14.048 J.925 E.0219
G1 X83.898 Y106.499 E.0095
;WIDTH:0.367282
G1 X83.876 Y107.226 E.01863
;WIDTH:0.328798
G1 X83.855 Y107.953 E.01642
;WIDTH:0.292253
G2 X83.857 Y112.117 I105.936 J2.03 E.08202
;WIDTH:0.335101
G1 X83.877 Y112.789 E.01551
;WIDTH:0.375213
G1 X83.897 Y113.46 E.01764
;WIDTH:0.43092
G3 X83.922 Y114.423 I-32.102 J1.295 E.02951
G1 X84.366 Y114.423 E.01364
G1 X84.297 Y114.003 E.01303
;WIDTH:0.407967
G1 X84.239 Y113.349 E.01895
;WIDTH:0.368603
G1 X84.181 Y112.695 E.0169
;WIDTH:0.329239
G1 X84.123 Y112.04 E.01486
;WIDTH:0.309556
G1 X84.065 Y110.06 E.04172
G1 X85.57 Y105.385 F18000
;WIDTH:0.419999
G1 F6000
G1 X82.778 Y105.385 E.08317
G1 X82.778 Y115.566 E.30326
G1 X85.76 Y115.566 E.0888
G1 X85.424 Y113.87 E.0515
G1 X85.196 Y111.93 E.05819
G1 X85.121 Y109.978 E.05819
G1 X85.2 Y108.026 E.05819
G1 X85.431 Y106.086 E.05819
G1 X85.559 Y105.444 E.01951
G1 X86.03 Y105.008 F18000
G1 F6000
G1 X82.401 Y105.008 E.10808
G1 X82.401 Y115.943 E.32572
G1 X86.219 Y115.943 E.11372
G1 X85.81 Y113.887 E.06246
G1 X85.573 Y111.915 E.05915
G1 X85.498 Y109.993 E.05731
G1 X85.574 Y108.07 E.05731
G1 X85.801 Y106.16 E.05731
G1 X86.018 Y105.067 E.0332
G1 X82.346 Y104.989 F18000
;WIDTH:0.427325
G1 F6000
G1 X82.346 Y86.342 E.56621
G1 X82.73 Y86.342 E.01167
G1 X82.73 Y104.819 E.56105
G1 X83.115 Y104.819 E.01167
G1 X83.115 Y86.342 E.56105
G1 X83.499 Y86.342 E.01167
G1 X83.499 Y104.819 E.56105
G1 X83.884 Y104.819 E.01167
G1 X83.884 Y86.342 E.56105
G1 X84.268 Y86.342 E.01167
G1 X84.268 Y104.819 E.56105
G1 X84.652 Y104.819 E.01167
G1 X84.652 Y86.342 E.56105
G1 X85.037 Y86.342 E.01167
G1 X85.037 Y104.819 E.56105
G1 X85.421 Y104.819 E.01167
G1 X85.421 Y86.342 E.56105
G1 X85.806 Y86.342 E.01167
G1 X85.806 Y104.819 E.56105
G1 X86.127 Y104.819 E.00977
G1 X86.19 Y104.504 E.00977
G1 X86.19 Y86.342 E.55147
G1 X86.575 Y86.342 E.01167
G1 X86.575 Y103.079 E.5082
G3 X86.959 Y101.888 I7.756 J1.846 E.03804
G1 X86.959 Y86.342 E.47204
G1 X87.343 Y86.342 E.01167
G1 X87.343 Y100.846 E.4404
G3 X87.728 Y99.972 I5.744 J2.006 E.02902
G1 X87.728 Y86.342 E.41387
G1 X88.112 Y86.342 E.01167
G1 X88.112 Y99.138 E.38855
G3 X88.497 Y98.41 I4.819 J2.079 E.02503
G1 X88.497 Y86.342 E.36644
G1 X88.881 Y86.342 E.01167
G1 X88.881 Y97.724 E.3456
G3 X89.265 Y97.068 I4.357 J2.114 E.0231
G1 X89.265 Y86.342 E.32569
G1 X89.65 Y86.342 E.01167
G1 X89.65 Y96.493 E.30822
G1 X90.034 Y95.918 E.02101
G1 X90.034 Y86.342 E.29076
G1 X90.419 Y86.342 E.01167
G1 X90.419 Y95.387 E.27463
G1 X90.803 Y94.899 E.01885
G1 X90.803 Y86.342 E.25982
G1 X91.187 Y86.342 E.01167
G1 X91.187 Y94.411 E.24502
G3 X91.572 Y93.953 I3.105 J2.216 E.01817
G1 X91.572 Y86.342 E.23111
G1 X91.956 Y86.342 E.01167
G1 X91.956 Y93.538 E.21848
G1 X92.341 Y93.122 E.0172
G1 X92.341 Y86.342 E.20585
G1 X92.725 Y86.342 E.01167
G1 X92.725 Y92.707 E.19327
G1 X93.109 Y92.352 E.01589
G1 X93.109 Y86.342 E.18248
G1 X93.494 Y86.342 E.01167
G1 X93.494 Y91.997 E.17169
G1 X93.878 Y91.641 E.01589
G1 X93.878 Y86.342 E.1609
G1 X94.263 Y86.342 E.01167
G1 X94.263 Y91.305 E.15068
G1 X94.647 Y91.002 E.01486
G1 X94.647 Y86.342 E.14148
G1 X95.031 Y86.342 E.01167
G1 X95.031 Y90.699 E.13228
G1 X95.416 Y90.396 E.01486
G1 X95.416 Y86.342 E.12307
G1 X95.8 Y86.342 E.01167
G1 X95.8 Y90.113 E.11448
G1 X96.185 Y89.856 E.01404
G1 X96.185 Y86.342 E.10668
G1 X96.569 Y86.342 E.01167
G1 X96.569 Y89.599 E.09889
G1 X96.953 Y89.342 E.01404
G1 X96.953 Y86.342 E.09109
G1 X97.338 Y86.342 E.01167
G1 X97.338 Y89.097 E.08365
G1 X97.722 Y88.882 E.01338
G1 X97.722 Y86.342 E.07711
G1 X98.107 Y86.342 E.01167
G1 X98.107 Y88.667 E.07057
G1 X98.491 Y88.451 E.01338
G1 X98.491 Y86.342 E.06404
G1 X98.875 Y86.342 E.01167
G1 X98.875 Y88.236 E.0575
G3 X99.26 Y88.056 I1.336 J2.353 E.0129
G1 X99.26 Y86.342 E.05204
G1 X99.644 Y86.342 E.01167
G1 X99.644 Y87.879 E.04666
G1 X100.029 Y87.702 E.01285
G1 X100.029 Y86.342 E.04127
G1 X100.413 Y86.342 E.01167
G1 X100.413 Y87.524 E.03589
G3 X100.798 Y87.361 I1.229 J2.361 E.01269
G1 X100.798 Y86.342 E.03094
G1 X101.182 Y86.342 E.01167
G1 X101.182 Y87.4 E.03212
G1 X102.808 Y86.494 F18000
;TYPE:Gap infill
;WIDTH:0.487817
G1 F5678.432
G1 X103.021 Y86.464 E.00758
;WIDTH:0.463089
G1 F6000
G1 X103.235 Y86.435 E.00716
;WIDTH:0.413634
G1 X103.449 Y86.405 E.00632
;WIDTH:0.364179
G1 X103.663 Y86.375 E.00548
;WIDTH:0.314723
G1 X103.876 Y86.346 E.00463
;WIDTH:0.265268
G1 X104.09 Y86.316 E.00379
;WIDTH:0.215813
G1 X104.304 Y86.287 E.00295
;WIDTH:0.166163
G1 X104.567 Y86.261 E.00257
;WIDTH:0.117418
G1 X104.824 Y86.235 E.00152
G1 X106.206 Y86.099 F18000
;WIDTH:0.549294
G1 F4989.039
G1 X106.68 Y86.071 E.019
;WIDTH:0.5254
G1 F5236.106
G1 X107.154 Y86.043 E.01811
;WIDTH:0.477614
G1 F5811.722
G1 X107.629 Y86.015 E.01631
;WIDTH:0.429827
G1 F6000
G1 X108.103 Y85.987 E.01452
;WIDTH:0.386668
G3 X109.056 Y85.968 I.96 J24.271 E.02588
;WIDTH:0.349524
G1 X109.994 Y85.95 E.02274
;WIDTH:0.349305
G3 X110.944 Y85.968 I.006 J24.196 E.02299
;WIDTH:0.386384
G1 X111.883 Y85.987 E.02547
;WIDTH:0.429114
G3 X112.371 Y86.015 I-.481 J12.434 E.01493
;WIDTH:0.477613
G1 F5811.725
G1 X112.846 Y86.043 E.01631
;WIDTH:0.525401
G1 F5236.102
G1 X113.32 Y86.071 E.01811
;WIDTH:0.573188
G1 F4764.23
G1 X113.794 Y86.099 E.0199
G1 X115.176 Y86.235 F18000
;WIDTH:0.141517
G1 F6000
G1 X115.433 Y86.261 E.00201
;WIDTH:0.165616
G1 X115.69 Y86.286 E.00251
;WIDTH:0.1904
G1 X115.696 Y86.287 E.00007
;WIDTH:0.215814
G1 X115.91 Y86.316 E.00295
;WIDTH:0.265269
G1 X116.124 Y86.346 E.00379
;WIDTH:0.314724
G1 X116.337 Y86.375 E.00463
;WIDTH:0.364179
G1 X116.551 Y86.405 E.00548
;WIDTH:0.413634
G1 X116.765 Y86.435 E.00632
;WIDTH:0.463089
G1 X116.979 Y86.464 E.00716
;WIDTH:0.512544
G1 F5379.443
G1 X117.192 Y86.494 E.00801
G1 X118.519 Y86.278 F18000
;TYPE:Internal solid infill
;WIDTH:0.38292
G1 F6000
G1 X137.662 Y86.278 E.51416
G1 X118.416 Y86.342 F18000
;WIDTH:0.40115
G1 F6000
G1 X118.329 Y86.375 E.00261
;WIDTH:0.46185
G1 X118.243 Y86.408 E.00306
G1 X117.62 Y86.424 E.0206
G1 X117.587 Y86.677 E.00846
G1 X118.259 Y86.927 E.02373
G1 X118.281 Y86.679 E.00822
;WIDTH:0.451004
G1 X118.337 Y86.539 E.00488
;WIDTH:0.437476
G1 X118.393 Y86.398 E.00472
G1 X118.818 Y87.4 F18000
;WIDTH:0.427325
G1 F6000
G1 X118.818 Y86.342 E.03212
G1 X119.202 Y86.342 E.01167
G1 X119.202 Y87.361 E.03094
G3 X119.587 Y87.524 I-.845 J2.524 E.01269
G1 X119.587 Y86.342 E.03589
G1 X119.971 Y86.342 E.01167
G1 X119.971 Y87.702 E.04127
G1 X120.356 Y87.879 E.01285
G1 X120.356 Y86.342 E.04665
G1 X120.74 Y86.342 E.01167
G1 X120.74 Y88.056 E.05204
G3 X121.124 Y88.236 I-.951 J2.533 E.0129
G1 X121.124 Y86.342 E.0575
G1 X121.509 Y86.342 E.01167
G1 X121.509 Y88.451 E.06404
G1 X121.893 Y88.667 E.01338
G1 X121.893 Y86.342 E.07057
G1 X122.278 Y86.342 E.01167
G1 X122.278 Y88.882 E.07711
G1 X122.662 Y89.097 E.01338
G1 X122.662 Y86.342 E.08365
G1 X123.046 Y86.342 E.01167
G1 X123.046 Y89.342 E.09108
G1 X123.431 Y89.599 E.01404
G1 X123.431 Y86.342 E.09888
G1 X123.815 Y86.342 E.01167
G1 X123.815 Y89.856 E.10668
G1 X124.2 Y90.113 E.01404
G1 X124.2 Y86.342 E.11448
G1 X124.584 Y86.342 E.01167
G1 X124.584 Y90.395 E.12307
G1 X124.969 Y90.699 E.01486
G1 X124.969 Y86.342 E.13227
G1 X125.353 Y86.342 E.01167
G1 X125.353 Y91.002 E.14148
G1 X125.737 Y91.305 E.01486
G1 X125.737 Y86.342 E.15068
G1 X126.122 Y86.342 E.01167
G1 X126.122 Y91.641 E.1609
G1 X126.506 Y91.997 E.01589
G1 X126.506 Y86.342 E.17169
G1 X126.891 Y86.342 E.01167
G1 X126.891 Y92.352 E.18248
G1 X127.275 Y92.707 E.01589
G1 X127.275 Y86.342 E.19327
G1 X127.659 Y86.342 E.01167
G1 X127.659 Y93.122 E.20585
G1 X128.044 Y93.538 E.0172
G1 X128.044 Y86.342 E.21848
G1 X128.428 Y86.342 E.01167
G1 X128.428 Y93.953 E.23111
G3 X128.813 Y94.411 I-2.72 J2.674 E.01817
G1 X128.813 Y86.342 E.24502
G1 X129.197 Y86.342 E.01167
G1 X129.197 Y94.899 E.25982
G1 X129.581 Y95.387 E.01885
G1 X129.581 Y86.342 E.27463
G1 X129.966 Y86.342 E.01167
G1 X129.966 Y95.918 E.29075
G1 X130.35 Y96.493 E.02101
G1 X130.35 Y86.342 E.30822
G1 X130.735 Y86.342 E.01167
G1 X130.735 Y97.068 E.32569
G3 X131.119 Y97.724 I-3.972 J2.77 E.0231
G1 X131.119 Y86.342 E.3456
G1 X131.503 Y86.342 E.01167
G1 X131.503 Y98.41 E.36644
G3 X131.888 Y99.138 I-4.434 J2.807 E.02503
G1 X131.888 Y86.342 E.38855
G1 X132.272 Y86.342 E.01167
G1 X132.272 Y99.972 E.41387
G3 X132.657 Y100.846 I-5.36 J2.879 E.02902
G1 X132.657 Y86.342 E.4404
G1 X133.041 Y86.342 E.01167
G1 X133.041 Y101.888 E.47204
G3 X133.425 Y103.079 I-7.371 J3.037 E.03804
G1 X133.425 Y86.342 E.5082
G1 X133.81 Y86.342 E.01167
G1 X133.81 Y104.503 E.55146
G1 X133.873 Y104.819 E.00978
G1 X134.194 Y104.819 E.00976
G1 X134.194 Y86.342 E.56105
G1 X134.579 Y86.342 E.01167
G1 X134.579 Y104.819 E.56105
G1 X134.963 Y104.819 E.01167
G1 X134.963 Y86.342 E.56105
G1 X135.347 Y86.342 E.01167
G1 X135.347 Y104.819 E.56105
G1 X135.732 Y104.819 E.01167
G1 X135.732 Y86.342 E.56105
G1 X136.116 Y86.342 E.01167
G1 X136.116 Y104.819 E.56105
G1 X136.501 Y104.819 E.01167
G1 X136.501 Y86.342 E.56105
G1 X136.885 Y86.342 E.01167
G1 X136.885 Y104.819 E.56105
G1 X137.269 Y104.819 E.01167
G1 X137.269 Y86.342 E.56105
G1 X137.654 Y86.342 E.01167
G1 X137.654 Y104.989 E.56621
G1 X135.159 Y114.812 F18000
;WIDTH:0.419999
G1 F6000
G1 X136.468 Y114.812 E.03896
G1 X136.468 Y106.139 E.25833
G1 X135.337 Y106.139 E.03369
G1 X135.558 Y108.041 E.05702
G1 X135.632 Y110.052 E.05995
G1 X135.549 Y112.063 E.05995
G1 X135.309 Y114.061 E.05995
G1 X135.171 Y114.753 E.02102
G1 X135.937 Y110 F18000
;WIDTH:0.29356
G1 F6000
G1 X135.877 Y112.04 E.04041
;WIDTH:0.333816
G1 X135.819 Y112.695 E.0151
;WIDTH:0.371351
G1 X135.761 Y113.349 E.01705
;WIDTH:0.408886
G1 X135.703 Y114.003 E.01899
;WIDTH:0.435842
G1 X135.634 Y114.423 E.01319
G1 X136.075 Y114.423 E.0137
;WIDTH:0.407971
G1 X136.098 Y113.631 E.02284
;WIDTH:0.368606
G1 X136.122 Y112.839 E.02038
;WIDTH:0.329242
G1 X136.145 Y112.047 E.01792
;WIDTH:0.290815
G2 X136.146 Y108.023 I-102.466 J-2.03 E.07881
;WIDTH:0.328801
G1 X136.126 Y107.347 E.01527
;WIDTH:0.375752
G3 X136.107 Y106.499 I14.873 J-.762 E.02229
G1 X135.748 Y106.499 E.00945
;WIDTH:0.367285
G1 X135.812 Y107.23 E.01878
;WIDTH:0.328801
G1 X135.877 Y107.96 E.01656
;WIDTH:0.309559
G1 X135.935 Y109.94 E.04172
G1 X135.032 Y106.778 F18000
;WIDTH:0.419999
G1 F6000
G1 X135.181 Y108.055 E.0383
G1 X135.256 Y110.037 E.05907
G1 X135.175 Y112.018 E.05907
G1 X134.939 Y113.987 E.05907
G1 X134.7 Y115.189 E.03649
G1 X136.845 Y115.189 E.06388
G1 X136.845 Y105.762 E.2808
G1 X134.889 Y105.762 E.05825
G1 X135.024 Y106.719 E.02878
G1 X134.43 Y105.385 F18000
G1 F6000
G1 X134.576 Y106.13 E.02262
G1 X134.804 Y108.07 E.05819
G1 X134.879 Y110.022 E.05819
G1 X134.8 Y111.974 E.05819
G1 X134.569 Y113.914 E.05819
G1 X134.24 Y115.566 E.05018
G1 X137.222 Y115.566 E.0888
G1 X137.222 Y105.385 E.30326
G1 X134.49 Y105.385 E.08138
G1 X133.97 Y105.008 F18000
G1 F6000
G1 X134.202 Y106.174 E.03542
G1 X134.427 Y108.085 E.05731
G1 X134.502 Y110.007 E.05731
G1 X134.426 Y111.93 E.05731
G1 X134.19 Y113.887 E.05871
G1 X133.823 Y115.727 E.0559
G1 X133.762 Y115.943 E.00669
G1 X137.599 Y115.943 E.11427
G1 X137.599 Y105.008 E.32572
G1 X134.03 Y105.008 E.1063
G1 X137.657 Y133.647 F18000
;WIDTH:0.420364
G1 F6000
G1 X137.657 Y116.132 E.52223
G1 X137.28 Y116.132 E.01125
G1 X137.28 Y133.477 E.51717
G1 X136.902 Y133.477 E.01125
G1 X136.902 Y116.132 E.51717
G1 X136.525 Y116.132 E.01125
G1 X136.525 Y133.477 E.51717
G1 X136.148 Y133.477 E.01125
G1 X136.148 Y116.132 E.51717
G1 X135.77 Y116.132 E.01125
G1 X135.77 Y133.477 E.51717
G1 X135.393 Y133.477 E.01125
G1 X135.393 Y116.132 E.51717
G1 X135.015 Y116.132 E.01125
G1 X135.015 Y133.477 E.51717
G1 X134.638 Y133.477 E.01125
G1 X134.638 Y116.132 E.51717
G1 X134.26 Y116.132 E.01125
G1 X134.26 Y133.477 E.51717
G1 X133.883 Y133.477 E.01125
G1 X133.883 Y116.132 E.51717
G1 X133.648 Y116.132 E.007
G1 X133.505 Y116.638 E.01567
G1 X133.505 Y133.477 E.50208
G1 X133.128 Y133.477 E.01125
G1 X133.128 Y117.876 E.46515
G1 X132.751 Y118.899 E.03251
G1 X132.751 Y133.477 E.43464
G1 X132.373 Y133.477 E.01125
G1 X132.373 Y119.809 E.40753
G1 X131.996 Y120.628 E.02688
G1 X131.996 Y133.477 E.38311
G1 X131.618 Y133.477 E.01125
G1 X131.618 Y121.385 E.36055
G1 X131.241 Y122.059 E.02303
G1 X131.241 Y133.477 E.34045
G1 X130.863 Y133.477 E.01125
G1 X130.863 Y122.733 E.32035
G3 X130.486 Y123.304 I-3.817 J-2.112 E.02043
G1 X130.486 Y133.477 E.30332
G1 X130.108 Y133.477 E.01125
G1 X130.108 Y123.869 E.28648
G3 X129.731 Y124.424 I-3.711 J-2.119 E.02003
G1 X129.731 Y133.477 E.26994
G1 X129.354 Y133.477 E.01125
G1 X129.354 Y124.902 E.25566
G1 X128.976 Y125.381 E.01818
G1 X128.976 Y133.477 E.24139
G1 X128.599 Y133.477 E.01125
G1 X128.599 Y125.86 E.22712
G3 X128.221 Y126.27 I-2.8 J-2.196 E.01664
G1 X128.221 Y133.477 E.21487
G1 X127.844 Y133.477 E.01125
G1 X127.844 Y126.679 E.2027
G1 X127.466 Y127.087 E.01658
G1 X127.466 Y133.477 E.19052
G1 X127.089 Y133.477 E.01125
G1 X127.089 Y127.465 E.17927
G1 X126.711 Y127.814 E.01532
G1 X126.711 Y133.477 E.16886
G1 X126.334 Y133.477 E.01125
G1 X126.334 Y128.162 E.15846
G1 X125.957 Y128.511 E.01532
G1 X125.957 Y133.477 E.14806
G1 X125.579 Y133.477 E.01125
G1 X125.579 Y128.82 E.13886
G1 X125.202 Y129.118 E.01433
G1 X125.202 Y133.477 E.12999
G1 X124.824 Y133.477 E.01125
G1 X124.824 Y129.415 E.12111
G1 X124.447 Y129.713 E.01433
G1 X124.447 Y133.477 E.11224
G1 X124.069 Y133.477 E.01125
G1 X124.069 Y129.974 E.10444
G1 X123.692 Y130.227 E.01353
G1 X123.692 Y133.477 E.09692
G1 X123.314 Y133.477 E.01125
G1 X123.314 Y130.479 E.0894
G1 X122.937 Y130.731 E.01353
G1 X122.937 Y133.477 E.08188
G1 X122.56 Y133.477 E.01125
G1 X122.56 Y130.96 E.07504
G1 X122.182 Y131.172 E.0129
G1 X122.182 Y133.477 E.06874
G1 X121.805 Y133.477 E.01125
G1 X121.805 Y131.383 E.06244
G1 X121.427 Y131.594 E.0129
G1 X121.427 Y133.477 E.05614
G1 X121.05 Y133.477 E.01125
G1 X121.05 Y131.801 E.04998
G1 X120.672 Y131.975 E.01239
G1 X120.672 Y133.477 E.04479
G1 X120.295 Y133.477 E.01125
G1 X120.295 Y132.149 E.0396
G1 X119.917 Y132.323 E.01239
G1 X119.917 Y133.477 E.03441
G1 X119.54 Y133.477 E.01125
G1 X119.54 Y132.497 E.02922
G3 X119.163 Y132.654 I-1.182 J-2.32 E.01219
G1 X119.163 Y133.477 E.02456
G1 X118.785 Y133.477 E.01125
G1 X118.785 Y132.612 E.0258
G1 X118.49 Y133.632 F18000
;WIDTH:0.38292
G1 F6000
G1 X137.572 Y133.632 E.5125
G1 X118.24 Y133.078 F18000
;WIDTH:0.464111
G1 F5998.035
G1 X117.584 Y133.311 E.02317
G1 X117.621 Y133.576 E.00889
G1 X118.18 Y133.583 E.01861
;WIDTH:0.437011
G1 F6000
G1 X118.335 Y133.608 E.00489
;WIDTH:0.412133
G1 X118.49 Y133.632 E.00458
G1 X118.286 Y133.477 E.00747
;WIDTH:0.455041
G1 X118.247 Y133.137 E.01114
G1 X117.192 Y133.506 F18000
;TYPE:Gap infill
;WIDTH:0.512545
G1 F5379.434
G1 X116.979 Y133.536 E.00801
;WIDTH:0.463091
G1 F6000
G1 X116.765 Y133.565 E.00716
;WIDTH:0.413636
G1 X116.551 Y133.595 E.00632
;WIDTH:0.364182
G1 X116.337 Y133.625 E.00548
;WIDTH:0.314728
G1 X116.124 Y133.654 E.00463
;WIDTH:0.265273
G1 X115.91 Y133.684 E.00379
;WIDTH:0.215819
G1 X115.696 Y133.713 E.00295
;WIDTH:0.190407
G1 X115.69 Y133.714 E.00007
;WIDTH:0.16562
G1 X115.433 Y133.739 E.00251
;WIDTH:0.14152
G1 X115.176 Y133.765 E.00201
G1 X113.794 Y133.901 F18000
;WIDTH:0.573189
G1 F4764.217
G1 X113.32 Y133.929 E.0199
;WIDTH:0.525403
G1 F5236.076
G1 X112.846 Y133.957 E.01811
;WIDTH:0.477617
G1 F5811.677
G1 X112.371 Y133.985 E.01631
;WIDTH:0.429119
G1 F6000
G3 X111.883 Y134.013 I-.97 J-12.405 E.01493
;WIDTH:0.386388
G1 X110.944 Y134.032 E.02547
;WIDTH:0.349309
G3 X109.994 Y134.05 I-.944 J-24.177 E.023
G1 X82.368 Y133.632 F18000
;TYPE:Internal solid infill
;WIDTH:0.38292
G1 F6000
G1 X101.477 Y133.631 E.51322
G1 X101.758 Y133.079 F18000
;WIDTH:0.455652
G1 F6000
G1 X101.709 Y133.477 E.01308
;WIDTH:0.431587
G1 X101.623 Y133.554 E.00355
;WIDTH:0.417781
G1 X101.537 Y133.631 E.00343
G1 X101.93 Y133.577 E.01176
;WIDTH:0.463495
G1 X102.38 Y133.577 E.01495
G1 X102.413 Y133.323 E.00851
G1 X101.814 Y133.1 E.02123
G1 X102.095 Y132.338 F18000
G1 X100.926 Y131.906
G1 X99.235 Y131.127
G1 X97.611 Y130.217
G1 X96.063 Y129.183
G1 X94.601 Y128.03
G1 X93.234 Y126.766
G1 X91.97 Y125.399
G1 X90.817 Y123.937
G1 X89.783 Y122.389
G1 X88.873 Y120.765
G1 X88.094 Y119.074
G1 X87.449 Y117.327
G1 X86.944 Y115.535
G1 X86.581 Y113.709
G1 X86.362 Y111.86
G1 X86.289 Y110
G1 X86.362 Y108.14
G1 X86.581 Y106.291
G1 X86.944 Y104.465
G1 X87.449 Y102.673
G1 X88.094 Y100.926
G1 X88.249 Y100.589
G1 X81.611 Y86.278
G1 X82.278 Y86.278
;WIDTH:0.38292
G1 F6000
G1 X101.41 Y86.278 E.51385
G1 X101.741 Y86.927 F18000
;WIDTH:0.463245
G1 F6000
G1 X102.413 Y86.677 E.02381
G1 X102.38 Y86.424 E.00849
G1 X101.757 Y86.412 E.02067
;WIDTH:0.439177
G1 X101.614 Y86.345 E.00496
;WIDTH:0.399856
G1 X101.47 Y86.278 E.00447
G1 X101.588 Y86.342 E.00379
;WIDTH:0.425516
G1 X101.653 Y86.511 E.00546
;WIDTH:0.451792
G3 X101.735 Y86.867 I-.579 J.321 E.01196
; stop printing object base_plate.stl id:0 copy 0
;LAYER_CHANGE
;Z:5.04
;HEIGHT:0.2
G92 E0 ; zero the extruded length again
; BEFORE_LAYER_CHANGE 24 @ 5.04mm
G1 E-2.13099 F6000
;WIPE_START
G1 X101.719 Y86.679 E-.18826
G1 X101.653 Y86.511 E-.18075
;WIPE_END
; AFTER_LAYER_CHANGE 24 @ 5.04mm
;_SET_FAN_SPEED_CHANGING_LAYER
; printing object base_plate.stl id:0 copy 0
G17
G3 Z5.24 I-.482 J.371 P1  F18000
G1 X134.236 Y128.869 Z5.24
G1 X138.389 Y129.362
G1 X137.607 Y133.252
G1 X138.79 Y134.79
G1 Z5.04
G1 E2.5 F6000
M204 P1000
;TYPE:Outer wall
;WIDTH:0.42
G1 F3600
G1 X81.21 Y134.79 E1.71511
G1 X81.21 Y85.21 E1.47682
G1 X138.79 Y85.21 E1.71511
G1 X138.79 Y134.73 E1.47503
G1 E-1.75 F6000
;WIPE_START
G1 F3600
G1 X137.79 Y134.731 E-.75
;WIPE_END
G1 X137.649 Y130.917 Z5.24 F18000
G1 X136.19 Y91.41 Z5.24
G1 Z5.04
G1 E2.5 F6000
M204 P1500
;TYPE:Inner wall
;WIDTH:0.45
G3 X134.737 Y86.938 I-.188 J-2.411 E.20752
G1 X136 Y86.231 E.04657
G1 X137.263 Y86.938 E.04657
G1 X137.421 Y87.044 E.0061
G1 X138.398 Y87.814 E.04001
G1 X138.398 Y90.186 E.07625
G1 X137.421 Y90.956 E.04
G3 X136.249 Y91.404 I-1.42 J-1.957 E.04081
G1 X136.167 Y91.124 F18000
G1 F6000
G2 X136 Y86.868 I-.167 J-2.125 E.20994
G1 X135.832 Y86.875 E.00539
G2 X136.108 Y91.128 I.168 J2.125 E.21334
G1 E-1.75
;WIPE_START
G1 X136.498 Y91.073 E-.29538
G1 X136.816 Y90.97 E-.2509
G1 X136.968 Y90.9 E-.12568
G1 X137.057 Y90.845 E-.07804
;WIPE_END
G1 X137.09 Y94.661 Z5.24 F18000
G1 X137.421 Y132.956 Z5.24
G1 Z5.04
G1 E2.5 F6000
G1 X137.263 Y133.062 E.0061
G1 X136 Y133.769 E.04657
G1 X134.737 Y133.062 E.04657
G3 X136.19 Y128.589 I1.273 J-2.059 E.20722
G3 X137.421 Y129.044 I-.208 J2.46 E.04272
G1 X138.398 Y129.814 E.04001
G1 X138.398 Y132.186 E.07625
G1 X137.468 Y132.919 E.03808
G1 X137.252 Y132.724 F18000
G1 F6000
G2 X136 Y128.868 I-1.252 J-1.725 E.17229
G1 X135.832 Y128.875 E.00539
G2 X137.203 Y132.758 I.168 J2.125 E.251
G1 E-1.75
;WIPE_START
G1 X137.508 Y132.508 E-.29581
G1 X137.725 Y132.253 E-.25097
G1 X137.867 Y132.022 E-.20322
;WIPE_END
G1 X137.564 Y131.852 Z5.24 F18000
G1 X137.519 Y131.931
G1 X137.442 Y132.047
G1 X137.355 Y132.158
G1 X137.26 Y132.26
G1 X137.157 Y132.355
G1 X137.047 Y132.442
G1 X136.931 Y132.519
G1 X136.809 Y132.588
G1 X136.682 Y132.646
G1 X136.551 Y132.695
G1 X136.416 Y132.733
G1 X136.279 Y132.76
G1 X136.14 Y132.777
G1 X136 Y132.782
G1 X135.86 Y132.777
G1 X135.721 Y132.76
G1 X135.584 Y132.733
G1 X135.449 Y132.695
G1 X133.402 Y131.95
G1 X86.758 Y131.231
G1 X86.404 Y131.189
G1 Z5.04
G1 E2.5 F6000
G3 X85.263 Y133.062 I-2.414 J-.187 E.07316
G1 X84 Y133.769 E.04657
G1 X82.737 Y133.062 E.04657
G1 X82.579 Y132.956 E.0061
G1 X81.602 Y132.186 E.04
G1 X81.602 Y129.814 E.07625
G1 X82.579 Y129.044 E.04
G3 X84.19 Y128.589 I1.43 J1.986 E.05494
G3 X86.408 Y131.129 I-.2 J2.413 E.11994
G1 X86.125 Y131.168 F18000
G1 F6000
G2 X84 Y128.868 I-2.125 J-.168 E.11309
G1 X83.832 Y128.875 E.00539
G2 X86.119 Y131.227 I.168 J2.125 E.3102
G1 E-1.75
;WIPE_START
G1 X86.132 Y131 E-.17063
G1 X86.125 Y130.833 E-.12566
G1 X86.073 Y130.502 E-.25072
G1 X85.99 Y130.245 E-.20299
;WIPE_END
G1 X85.986 Y126.429 Z5.24 F18000
G1 X85.955 Y90.42 Z5.24
G1 Z5.04
G1 E2.5 F6000
G3 X82.579 Y90.956 I-1.956 J-1.421 E.12208
G1 X81.602 Y90.186 E.04
G1 X81.602 Y87.814 E.07625
G1 X82.579 Y87.044 E.04
G1 X82.737 Y86.938 E.0061
G1 X84 Y86.231 E.04657
G1 X85.263 Y86.938 E.04657
G3 X85.989 Y90.371 I-1.265 J2.061 E.12625
G1 X85.724 Y90.253 F18000
G1 F6000
G2 X84 Y86.868 I-1.724 J-1.253 E.15075
G1 X83.832 Y86.875 E.00539
G2 X85.688 Y90.3 I.168 J2.125 E.27253
G1 E-1.75
;WIPE_START
G1 X85.9 Y89.968 E-.29551
G1 X85.97 Y89.816 E-.1257
G1 X86.073 Y89.498 E-.25084
G1 X86.089 Y89.395 E-.07794
;WIPE_END
G1 X86.717 Y89.52 Z5.24 F18000
G1 X86.508 Y90.165
G1 X110 Y133.31
G1 Z5.04
G1 E2.5 F6000
M204 P1000
;TYPE:Outer wall
;WIDTH:0.42
G1 F3600
G1 X111.829 Y133.238 E.05452
G1 X113.647 Y133.023 E.05452
G1 X115.442 Y132.666 E.05452
G1 X117.203 Y132.169 E.05452
G1 X118.92 Y131.536 E.05452
G1 X120.583 Y130.77 E.05452
G1 X122.18 Y129.875 E.05452
G1 X123.701 Y128.858 E.05452
G1 X125.139 Y127.725 E.05452
G1 X126.483 Y126.483 E.05452
G1 X127.725 Y125.139 E.05452
G1 X128.858 Y123.701 E.05452
G1 X129.875 Y122.18 E.05452
G1 X130.77 Y120.583 E.05452
G1 X131.536 Y118.92 E.05452
G1 X132.169 Y117.203 E.05452
G1 X132.666 Y115.442 E.05452
G1 X133.023 Y113.647 E.05452
G1 X133.238 Y111.829 E.05452
G1 X133.31 Y110 E.05452
G1 X133.238 Y108.171 E.05452
G1 X133.023 Y106.353 E.05452
G1 X132.666 Y104.558 E.05452
G1 X132.169 Y102.797 E.05452
G1 X131.536 Y101.08 E.05452
G1 X130.77 Y99.417 E.05452
G1 X129.875 Y97.82 E.05452
G1 X128.858 Y96.299 E.05452
G1 X127.725 Y94.861 E.05452
G1 X126.483 Y93.517 E.05452
G1 X125.139 Y92.275 E.05452
G1 X123.701 Y91.142 E.05452
G1 X122.18 Y90.125 E.05452
G1 X120.583 Y89.23 E.05452
G1 X118.92 Y88.464 E.05452
G1 X117.203 Y87.831 E.05452
G1 X115.442 Y87.334 E.05452
G1 X113.647 Y86.977 E.05452
G1 X111.829 Y86.762 E.05452
G1 X110 Y86.69 E.05452
G1 X108.219 Y86.76 E.05308
G1 X106.353 Y86.977 E.05595
G1 X104.558 Y87.334 E.05452
G1 X102.797 Y87.831 E.05452
G1 X101.08 Y88.464 E.05452
G1 X99.417 Y89.23 E.05452
G1 X97.82 Y90.125 E.05452
G1 X96.299 Y91.142 E.05452
G1 X94.861 Y92.275 E.05452
G1 X93.517 Y93.517 E.05452
G1 X92.275 Y94.861 E.05452
G1 X91.142 Y96.299 E.05452
G1 X90.125 Y97.82 E.05452
G1 X89.23 Y99.417 E.05452
G1 X88.464 Y101.08 E.05452
G1 X87.831 Y102.797 E.05452
G1 X87.334 Y104.558 E.05452
G1 X86.977 Y106.353 E.05452
G1 X86.762 Y108.171 E.05452
G1 X86.69 Y110 E.05452
G1 X86.762 Y111.829 E.05452
G1 X86.977 Y113.647 E.05452
G1 X87.334 Y115.442 E.05452
G1 X87.831 Y117.203 E.05452
G1 X88.464 Y118.92 E.05452
G1 X89.23 Y120.583 E.05452
G1 X90.125 Y122.18 E.05452
G1 X91.142 Y123.701 E.05452
G1 X92.275 Y125.139 E.05452
G1 X93.517 Y126.483 E.05452
G1 X94.861 Y127.725 E.05452
G1 X96.299 Y128.858 E.05452
G1 X97.82 Y129.875 E.05452
G1 X99.417 Y130.77 E.05452
G1 X101.08 Y131.536 E.05452
G1 X102.797 Y132.169 E.05452
G1 X104.558 Y132.666 E.05452
G1 X106.353 Y133.023 E.05452
G1 X108.171 Y133.238 E.05452
G1 X109.94 Y133.308 E.05273
G1 E-1.75 F6000
;WIPE_START
G1 F3600
G1 X110.939 Y133.271 E-.75
;WIPE_END
G1 X107.169 Y132.68 Z5.24 F18000
G1 X86.257 Y129.399 Z5.24
G1 X85.257 Y128.534
G1 X85.153 Y128.486
G1 X84.836 Y129.176
G1 Z5.04
G1 E2.5 F6000
;TYPE:Top surface
;WIDTH:0.448215
G1 F1800
G1 X83.786 Y129.176 E.03361
G2 X82.833 Y129.582 I.259 J1.93 E.03354
G1 X85.167 Y129.582 E.07472
G3 X85.532 Y129.987 I-1.183 J1.431 E.01752
G1 X82.468 Y129.987 E.09807
G2 X82.267 Y130.392 I2.292 J1.392 E.01451
G1 X85.733 Y130.392 E.11097
G3 X85.825 Y130.797 I-2.823 J.855 E.01332
G1 X82.175 Y130.797 E.11687
G2 X82.175 Y131.203 I2.964 J.203 E.01299
G1 X85.825 Y131.203 E.11687
G3 X85.733 Y131.608 I-2.913 J-.449 E.01332
G1 X82.267 Y131.608 E.11097
G2 X82.468 Y132.013 I2.49 J-.985 E.01451
G1 X85.532 Y132.013 E.09806
G3 X85.167 Y132.419 I-1.548 J-1.026 E.01752
G1 X82.833 Y132.419 E.07471
G2 X83.786 Y132.824 I1.211 J-1.525 E.03357
G1 X84.835 Y132.824 E.03358
G1 X84.322 Y133.333 F18000
M204 P2000
;TYPE:Gap infill
;WIDTH:0.124418
G1 F6000
G3 X83.881 Y133.469 I-3.693 J-11.135 E.00297
G1 X84.119 Y133.469 F18000
;WIDTH:0.139023
G1 F6000
G3 X83.678 Y133.333 I3.237 J-11.225 E.00351
G1 X83.676 Y133.341 F18000
;WIDTH:0.228595
G1 F6000
G1 X84 Y133.429 E.00493
G1 X84.324 Y133.341 E.00493
G1 X81.968 Y132.189 F18000
;WIDTH:0.116
G1 F6000
G1 X81.875 Y132.08 E.00082
;WIDTH:0.139096
G1 X81.806 Y131.992 E.00085
G1 X81.806 Y130.008 F18000
;WIDTH:0.139015
G1 F6000
G1 X81.875 Y129.919 E.00085
;WIDTH:0.11596
G1 X81.968 Y129.811 E.00082
G1 E-2.35772
;WIPE_START
G1 X81.875 Y129.919 E-.14228
;WIPE_END
G1 X81.884 Y126.103 Z5.24 F18000
G1 X81.968 Y90.189 Z5.24
G1 Z5.04
G1 E2.5 F6000
;WIDTH:0.116
G1 X81.875 Y90.08 E.00082
;WIDTH:0.139096
G1 X81.806 Y89.992 E.00085
G1 X81.806 Y88.008 F18000
;WIDTH:0.139015
G1 F6000
G1 X81.875 Y87.919 E.00085
;WIDTH:0.11596
G1 X81.968 Y87.811 E.00082
G1 X83.678 Y86.667 F18000
;WIDTH:0.139034
G1 F6000
G3 X84.119 Y86.531 I3.677 J11.084 E.00351
G1 X83.881 Y86.531 F18000
;WIDTH:0.124437
G1 F6000
G3 X84.322 Y86.667 I-3.275 J11.343 E.00297
G1 X84.324 Y86.659 F18000
;WIDTH:0.228621
G1 F6000
G1 X84 Y86.571 E.00493
G1 X83.675 Y86.659 E.00493
G1 X84.836 Y87.176 F18000
M204 P1000
;TYPE:Top surface
;WIDTH:0.448215
G1 F1800
G1 X83.786 Y87.176 E.03361
G2 X82.833 Y87.582 I.259 J1.93 E.03354
G1 X85.167 Y87.582 E.07472
G3 X85.532 Y87.987 I-1.183 J1.431 E.01752
G1 X82.468 Y87.987 E.09807
G2 X82.267 Y88.392 I2.292 J1.392 E.01451
G1 X85.733 Y88.392 E.11097
G3 X85.825 Y88.797 I-2.823 J.855 E.01332
G1 X82.175 Y88.797 E.11687
G2 X82.175 Y89.203 I2.964 J.203 E.01299
G1 X85.825 Y89.203 E.11687
G3 X85.733 Y89.608 I-2.913 J-.449 E.01332
G1 X82.267 Y89.608 E.11097
G2 X82.468 Y90.013 I2.49 J-.985 E.01451
G1 X85.532 Y90.013 E.09806
G3 X85.167 Y90.419 I-1.548 J-1.026 E.01752
G1 X82.833 Y90.419 E.07471
G2 X83.786 Y90.824 I1.211 J-1.525 E.03357
G1 X84.835 Y90.824 E.03358
G1 E-1.75 F6000
;WIPE_START
G1 F1800
G1 X83.835 Y90.824 E-.75
;WIPE_END
G1 X83.841 Y90.774 Z5.24 F18000
G1 X86.236 Y90.631
G1 X134.369 Y86.764
G1 X134.554 Y86.64
G1 X135.4 Y86.166
G1 X135.675 Y86.659
G1 Z5.04
G1 E2.5 F6000
M204 P2000
;TYPE:Gap infill
;WIDTH:0.228621
G1 X136 Y86.571 E.00493
G1 X136.324 Y86.659 E.00493
G1 X136.322 Y86.667 F18000
;WIDTH:0.124442
G1 F6000
G2 X135.881 Y86.531 I-3.654 J11.016 E.00297
G1 X136.119 Y86.531 F18000
;WIDTH:0.139034
G1 F6000
G2 X135.678 Y86.667 I3.237 J11.224 E.00351
G1 X136.836 Y87.176 F18000
M204 P1000
;TYPE:Top surface
;WIDTH:0.448215
G1 F1800
G1 X135.786 Y87.176 E.03361
G2 X134.833 Y87.582 I.259 J1.93 E.03354
G1 X137.167 Y87.582 E.07472
G3 X137.532 Y87.987 I-1.183 J1.431 E.01752
G1 X134.468 Y87.987 E.09807
G2 X134.267 Y88.392 I2.292 J1.392 E.01451
G1 X137.733 Y88.392 E.11097
G3 X137.825 Y88.797 I-2.823 J.855 E.01332
G1 X134.175 Y88.797 E.11687
G2 X134.175 Y89.203 I2.964 J.203 E.01299
G1 X137.825 Y89.203 E.11687
G3 X137.733 Y89.608 I-2.913 J-.449 E.01332
G1 X134.267 Y89.608 E.11097
G2 X134.468 Y90.013 I2.49 J-.985 E.01451
G1 X137.532 Y90.013 E.09806
G3 X137.167 Y90.419 I-1.548 J-1.026 E.01752
G1 X134.833 Y90.419 E.07471
G2 X135.786 Y90.824 I1.211 J-1.525 E.03357
G1 X136.835 Y90.824 E.03358
G1 X137.86 Y90.768 F18000
;WIDTH:0.420011
G1 F1800
G1 X138.511 Y90.768 E.01939
G1 X138.511 Y91.145 E.01123
G1 X137.362 Y91.145 E.03423
G1 E-1.75 F6000
;WIPE_START
G1 F1800
G1 X138.362 Y91.145 E-.75
;WIPE_END
G1 X138.577 Y87.335 Z5.24 F18000
G1 X138.681 Y85.489 Z5.24
G1 Z5.04
G1 E2.5 F6000
G1 F1800
G1 X136.365 Y85.489 E.06897
G1 X136.267 Y85.866 E.01161
G1 X138.511 Y85.866 E.06685
G1 X138.511 Y86.243 E.01123
G1 X136.624 Y86.243 E.0562
G1 X137.297 Y86.62 E.02299
G1 X138.511 Y86.62 E.03615
G1 X138.511 Y86.997 E.01123
G1 X137.837 Y86.997 E.02007
G1 X138.315 Y87.375 E.01813
G1 X138.681 Y87.375 E.01088
G1 E-1.75 F6000
;WIPE_START
G1 F1800
G1 X138.315 Y87.375 E-.27406
G1 X137.837 Y86.997 E-.45656
G1 X137.863 Y86.997 E-.01938
;WIPE_END
G1 X135.81 Y85.489 Z5.24 F18000
G1 Z5.04
G1 E2.5 F6000
G1 F1800
G1 X84.365 Y85.489 E1.53242
G1 X84.267 Y85.866 E.01161
G1 X135.733 Y85.866 E1.53306
G1 X135.745 Y85.911 E.00139
G1 X135.969 Y85.911 E.00666
G1 X135.376 Y86.243 E.02024
G1 X84.624 Y86.243 E1.51176
G1 X85.297 Y86.62 E.02299
G1 X106.991 Y86.62 E.64618
G1 X108.149 Y86.483 E.03475
G1 X110 Y86.411 E.05517
G1 X111.851 Y86.483 E.05517
G1 X113.009 Y86.62 E.03475
G1 X134.703 Y86.62 E.64618
G2 X134.174 Y86.997 I2.067 J3.458 E.01937
G1 X115.181 Y86.997 E.56575
G1 X115.507 Y87.062 E.0099
G1 X116.614 Y87.375 E.03427
G1 X133.83 Y87.375 E.51283
G2 X133.593 Y87.752 I2.497 J1.835 E.01328
G1 X117.795 Y87.752 E.47057
G1 X118.817 Y88.129 E.03245
G1 X133.433 Y88.129 E.43535
G2 X133.335 Y88.506 I2.88 J.947 E.01161
G1 X119.677 Y88.506 E.40683
G1 X120.495 Y88.883 E.02683
G1 X133.292 Y88.883 E.38119
G2 X133.302 Y89.26 I2.891 J.117 E.01124
G1 X121.206 Y89.26 E.36028
G1 X121.88 Y89.637 E.02299
G1 X133.364 Y89.637 E.34208
G2 X133.485 Y90.014 I2.436 J-.578 E.01182
G1 X122.516 Y90.014 E.32674
G1 X123.081 Y90.391 E.02022
G1 X133.673 Y90.391 E.31551
G2 X133.944 Y90.768 I9.833 J-6.782 E.01383
G1 X123.645 Y90.768 E.30678
G3 X124.157 Y91.145 I-2.138 J3.439 E.01896
G1 X134.638 Y91.145 E.3122
G1 E-1.75 F6000
;WIPE_START
G1 F1800
G1 X133.638 Y91.145 E-.75
;WIPE_END
G1 X137.444 Y91.43 Z5.24 F18000
G1 X138.681 Y91.523 Z5.24
G1 Z5.04
G1 E2.5 F6000
G1 F1800
G1 X136.993 Y91.523 E.05028
G3 X135.007 Y91.523 I-.993 J-2.624 E.06044
G1 X124.635 Y91.523 E.30896
G1 X125.114 Y91.9 E.01814
G1 X138.511 Y91.9 E.39907
G1 X138.511 Y92.277 E.01123
G1 X125.552 Y92.277 E.38602
G1 X125.96 Y92.654 E.01655
G1 X138.511 Y92.654 E.37386
G1 X138.511 Y93.031 E.01123
G1 X126.368 Y93.031 E.36171
G3 X126.762 Y93.408 I-2.196 J2.689 E.01626
G1 X138.511 Y93.408 E.34997
G1 X138.511 Y93.785 E.01123
G1 X127.111 Y93.785 E.33959
G1 X127.459 Y94.162 E.0153
G1 X138.511 Y94.162 E.32921
G1 X138.511 Y94.539 E.01123
G1 X127.808 Y94.539 E.31883
G3 X128.124 Y94.916 I-2.24 J2.201 E.01468
G1 X138.511 Y94.916 E.3094
G1 X138.511 Y95.293 E.01123
G1 X128.421 Y95.293 E.30055
G1 X128.719 Y95.671 E.0143
G1 X138.511 Y95.671 E.29169
G1 X138.511 Y96.048 E.01123
G1 X129.016 Y96.048 E.28283
G3 X129.278 Y96.425 I-2.263 J1.854 E.0137
G1 X138.511 Y96.425 E.27502
G1 X138.511 Y96.802 E.01123
G1 X129.53 Y96.802 E.26751
G1 X129.782 Y97.179 E.01351
G1 X138.511 Y97.179 E.26001
G1 X138.511 Y97.556 E.01123
G1 X130.034 Y97.556 E.2525
G3 X130.258 Y97.933 I-2.284 J1.612 E.01308
G1 X138.511 Y97.933 E.24583
G1 X138.511 Y98.31 E.01123
G1 X130.469 Y98.31 E.23954
G1 X130.68 Y98.687 E.01287
G1 X138.511 Y98.687 E.23325
G1 X138.511 Y99.064 E.01123
G1 X130.892 Y99.064 E.22696
G3 X131.088 Y99.441 I-2.298 J1.436 E.01268
G1 X138.511 Y99.441 E.22111
G1 X138.511 Y99.819 E.01123
G1 X131.262 Y99.819 E.21594
G1 X131.436 Y100.196 E.01237
G1 X138.511 Y100.196 E.21076
G1 X138.511 Y100.573 E.01123
G1 X131.609 Y100.573 E.20558
G1 X131.783 Y100.95 E.01237
G1 X138.511 Y100.95 E.2004
G1 X138.511 Y101.327 E.01123
G1 X131.925 Y101.327 E.19619
G1 X132.064 Y101.704 E.01197
G1 X138.511 Y101.704 E.19205
G1 X138.511 Y102.081 E.01123
G1 X132.203 Y102.081 E.18791
G1 X132.342 Y102.458 E.01197
G1 X138.511 Y102.458 E.18376
G1 X138.511 Y102.835 E.01123
G1 X132.47 Y102.835 E.17994
G1 X132.576 Y103.212 E.01167
G1 X138.511 Y103.212 E.17677
G1 X138.511 Y103.589 E.01123
G1 X132.683 Y103.589 E.1736
G1 X132.789 Y103.967 E.01167
G1 X138.511 Y103.967 E.17044
G1 X138.511 Y104.344 E.01123
G1 X132.896 Y104.344 E.16727
G3 X132.983 Y104.721 I-2.352 J.744 E.01154
G1 X138.511 Y104.721 E.16466
G1 X138.511 Y105.098 E.01123
G1 X133.058 Y105.098 E.16243
G1 X133.133 Y105.475 E.01145
G1 X138.511 Y105.475 E.1602
G1 X138.511 Y105.852 E.01123
G1 X133.208 Y105.852 E.15796
G1 X133.283 Y106.229 E.01145
G1 X138.511 Y106.229 E.15573
G1 X138.511 Y106.606 E.01123
G1 X133.334 Y106.606 E.15421
G1 X133.379 Y106.983 E.01131
G1 X138.511 Y106.983 E.15288
G1 X138.511 Y107.36 E.01123
G1 X133.423 Y107.36 E.15155
G1 X133.468 Y107.737 E.01131
G1 X138.511 Y107.737 E.15022
G1 X138.511 Y108.115 E.01123
G1 X133.513 Y108.115 E.14889
G3 X133.53 Y108.492 I-2.387 J.3 E.01126
G1 X138.511 Y108.492 E.14836
G1 X138.511 Y108.869 E.01123
G1 X133.545 Y108.869 E.14792
G1 X133.56 Y109.246 E.01124
G1 X138.511 Y109.246 E.14748
G1 X138.511 Y109.623 E.01123
G1 X133.575 Y109.623 E.14704
G1 X133.589 Y110 E.01124
G1 X138.511 Y110 E.1466
G1 X138.511 Y110.377 E.01123
G1 X133.575 Y110.377 E.14704
G1 X133.56 Y110.754 E.01124
G1 X138.511 Y110.754 E.14748
G1 X138.511 Y111.131 E.01123
G1 X133.545 Y111.131 E.14792
G1 X133.53 Y111.508 E.01124
G1 X138.511 Y111.508 E.14836
G1 X138.511 Y111.885 E.01123
G1 X133.513 Y111.885 E.14889
G1 X133.468 Y112.263 E.01131
G1 X138.511 Y112.263 E.15022
G1 X138.511 Y112.64 E.01123
G1 X133.423 Y112.64 E.15155
G1 X133.379 Y113.017 E.01131
G1 X138.511 Y113.017 E.15288
G1 X138.511 Y113.394 E.01123
G1 X133.334 Y113.394 E.15421
G3 X133.283 Y113.771 I-2.422 J-.136 E.01135
G1 X138.511 Y113.771 E.15573
G1 X138.511 Y114.148 E.01123
G1 X133.208 Y114.148 E.15796
G1 X133.133 Y114.525 E.01145
G1 X138.511 Y114.525 E.1602
G1 X138.511 Y114.902 E.01123
G1 X133.058 Y114.902 E.16243
G1 X132.983 Y115.279 E.01145
G1 X138.511 Y115.279 E.16467
G1 X138.511 Y115.656 E.01123
G1 X132.896 Y115.656 E.16727
G1 X132.789 Y116.033 E.01167
G1 X138.511 Y116.033 E.17044
G1 X138.511 Y116.411 E.01123
G1 X132.683 Y116.411 E.17361
G1 X132.576 Y116.788 E.01167
G1 X138.511 Y116.788 E.17677
G1 X138.511 Y117.165 E.01123
G1 X132.47 Y117.165 E.17994
G3 X132.342 Y117.542 I-2.459 J-.626 E.01188
G1 X138.511 Y117.542 E.18376
G1 X138.511 Y117.919 E.01123
G1 X132.203 Y117.919 E.18791
G1 X132.064 Y118.296 E.01197
G1 X138.511 Y118.296 E.19205
G1 X138.511 Y118.673 E.01123
G1 X131.924 Y118.673 E.19619
G3 X131.783 Y119.05 I-2.467 J-.709 E.01201
G1 X138.511 Y119.05 E.2004
G1 X138.511 Y119.427 E.01123
G1 X131.609 Y119.427 E.20558
G1 X131.436 Y119.804 E.01237
G1 X138.511 Y119.804 E.21076
G1 X138.511 Y120.181 E.01123
G1 X131.262 Y120.181 E.21594
G1 X131.088 Y120.559 E.01237
G1 X138.511 Y120.559 E.22111
G1 X138.511 Y120.936 E.01123
G1 X130.892 Y120.936 E.22696
G1 X130.68 Y121.313 E.01287
G1 X138.511 Y121.313 E.23325
G1 X138.511 Y121.69 E.01123
G1 X130.469 Y121.69 E.23954
G1 X130.258 Y122.067 E.01287
G1 X138.511 Y122.067 E.24583
G1 X138.511 Y122.444 E.01123
G1 X130.034 Y122.444 E.2525
G1 X129.782 Y122.821 E.01351
G1 X138.511 Y122.821 E.26001
G1 X138.511 Y123.198 E.01123
G1 X129.53 Y123.198 E.26751
G1 X129.278 Y123.575 E.01351
G1 X138.511 Y123.575 E.27502
G1 X138.511 Y123.952 E.01123
G1 X129.016 Y123.952 E.28283
G1 X128.719 Y124.329 E.0143
G1 X138.511 Y124.329 E.29169
G1 X138.511 Y124.707 E.01123
G1 X128.421 Y124.707 E.30055
G1 X128.124 Y125.084 E.0143
G1 X138.511 Y125.084 E.3094
G1 X138.511 Y125.461 E.01123
G1 X127.808 Y125.461 E.31883
G1 X127.459 Y125.838 E.0153
G1 X138.511 Y125.838 E.32921
G1 X138.511 Y126.215 E.01123
G1 X127.111 Y126.215 E.33959
G1 X126.762 Y126.592 E.0153
G1 X138.511 Y126.592 E.34997
G1 X138.511 Y126.969 E.01123
G1 X126.368 Y126.969 E.36171
G1 X125.96 Y127.346 E.01655
G1 X138.511 Y127.346 E.37386
G1 X138.511 Y127.723 E.01123
G1 X125.552 Y127.723 E.38602
G3 X125.114 Y128.1 I-2.618 J-2.599 E.01724
G1 X138.511 Y128.1 E.39907
G1 X138.511 Y128.477 E.01123
G1 X136.993 Y128.477 E.04523
G2 X135.007 Y128.477 I-.993 J2.624 E.06044
G1 X124.635 Y128.477 E.30896
G1 X124.157 Y128.855 E.01814
G1 X134.344 Y128.855 E.30344
G2 X133.944 Y129.232 I1.776 J2.284 E.0164
G1 X123.645 Y129.232 E.30678
G1 X123.081 Y129.609 E.02022
G1 X133.673 Y129.609 E.31551
G2 X133.485 Y129.986 I2.814 J1.634 E.01255
G1 X122.516 Y129.986 E.32674
G3 X121.88 Y130.363 I-2.714 J-3.855 E.02206
G1 X133.363 Y130.367 E.34205
G2 X133.302 Y130.74 I2.336 J.574 E.01127
G1 X121.206 Y130.74 E.36028
G3 X120.495 Y131.117 I-2.752 J-4.331 E.024
G1 X133.292 Y131.117 E.38119
G2 X133.335 Y131.494 I2.753 J-.121 E.01131
G1 X119.677 Y131.494 E.40683
G3 X118.817 Y131.871 I-2.826 J-5.275 E.028
G1 X133.433 Y131.871 E.43535
G2 X133.593 Y132.248 I3.175 J-1.126 E.01221
G1 X117.795 Y132.248 E.47057
G3 X116.614 Y132.625 I-2.986 J-7.314 E.03697
G1 X133.83 Y132.625 E.51283
G2 X134.174 Y133.003 I2.244 J-1.699 E.01522
G1 X114.311 Y133.003 E.59166
G1 E-1.75 F6000
;WIPE_START
G1 F1800
G1 X115.311 Y133.003 E-.75
;WIPE_END
G1 X119.061 Y132.297 Z5.24 F18000
G1 X137.362 Y128.855 Z5.24
G1 Z5.04
G1 E2.5 F6000
G1 F1800
G1 X138.511 Y128.855 E.03423
G1 X138.511 Y129.232 E.01123
G1 X137.86 Y129.232 E.01938
G1 X138.041 Y132.625 F18000
G1 F1800
G1 X138.511 Y132.625 E.01399
G1 X138.511 Y133.003 E.01123
G1 X137.837 Y133.003 E.02007
G3 X137.297 Y133.38 I-2.093 J-2.421 E.01965
G1 X138.511 Y133.38 E.03615
G1 X138.511 Y133.757 E.01123
G1 X136.624 Y133.757 E.0562
G1 X136.031 Y134.089 E.02024
G1 X136.255 Y134.089 E.00666
G1 X136.267 Y134.134 E.00139
G1 X138.511 Y134.134 E.06685
G1 X138.511 Y134.511 E.01123
G1 X136.19 Y134.511 E.06914
G1 E-1.75 F6000
;WIPE_START
G1 F1800
G1 X137.19 Y134.511 E-.75
;WIPE_END
G1 X136.391 Y134.389 Z5.24 F18000
G1 X133.267 Y131.44
G1 X81.611 Y90.638
G1 X81.319 Y90.768
G1 Z5.04
G1 E2.5 F6000
G1 F1800
G1 X81.866 Y90.768 E.01628
G1 X82.344 Y91.145 E.01813
G1 X81.319 Y91.145 E.03051
G1 E-1.75 F6000
;WIPE_START
G1 F1800
G1 X82.319 Y91.145 E-.75
;WIPE_END
G1 X81.655 Y87.388 Z5.24 F18000
G1 X81.319 Y85.489 Z5.24
G1 Z5.04
G1 E2.5 F6000
G1 F1800
G1 X83.635 Y85.489 E.06897
G1 X83.733 Y85.866 E.01161
G1 X81.489 Y85.866 E.06685
G1 X81.489 Y86.243 E.01123
G1 X83.376 Y86.243 E.0562
G1 X82.703 Y86.62 E.02299
G1 X81.489 Y86.62 E.03615
G1 X81.489 Y86.997 E.01123
G1 X82.163 Y86.997 E.02007
G1 X81.685 Y87.375 E.01813
G1 X81.319 Y87.375 E.01088
G1 E-1.75 F6000
;WIPE_START
G1 F1800
G1 X81.685 Y87.375 E-.27406
G1 X82.163 Y86.997 E-.45656
G1 X82.137 Y86.997 E-.01938
;WIPE_END
G1 X85.563 Y86.997 Z5.24 F18000
G1 Z5.04
G1 E2.5 F6000
G1 F1800
G1 X104.819 Y86.997 E.57358
G1 X104.493 Y87.062 E.0099
G1 X103.386 Y87.375 E.03427
G1 X86.17 Y87.375 E.51283
G3 X86.407 Y87.752 I-2.496 J1.835 E.01328
G1 X102.205 Y87.752 E.47057
G1 X101.183 Y88.129 E.03245
G1 X86.567 Y88.129 E.43535
G3 X86.665 Y88.506 I-2.88 J.947 E.01161
G1 X100.323 Y88.506 E.40683
G1 X99.505 Y88.883 E.02683
G1 X86.708 Y88.883 E.38119
G3 X86.698 Y89.26 I-2.891 J.117 E.01124
G1 X98.794 Y89.26 E.36028
G1 X98.12 Y89.637 E.02299
G1 X86.636 Y89.637 E.34208
G3 X86.515 Y90.014 I-2.435 J-.578 E.01182
G1 X97.484 Y90.014 E.32674
G1 X96.919 Y90.391 E.02022
G1 X86.327 Y90.391 E.31551
G3 X86.056 Y90.768 I-9.833 J-6.782 E.01383
G1 X96.355 Y90.768 E.30678
G2 X95.843 Y91.145 I2.138 J3.439 E.01896
G1 X85.362 Y91.145 E.3122
G1 E-1.75 F6000
;WIPE_START
G1 F1800
G1 X86.362 Y91.145 E-.75
;WIPE_END
G1 X82.556 Y91.43 Z5.24 F18000
G1 X81.319 Y91.523 Z5.24
G1 Z5.04
G1 E2.5 F6000
G1 F1800
G1 X83.007 Y91.523 E.05028
G2 X84.993 Y91.523 I.993 J-2.624 E.06044
G1 X95.365 Y91.523 E.30896
G1 X94.886 Y91.9 E.01814
G1 X81.489 Y91.9 E.39907
G1 X81.489 Y92.277 E.01123
G1 X94.448 Y92.277 E.38602
G1 X94.04 Y92.654 E.01655
G1 X81.489 Y92.654 E.37386
G1 X81.489 Y93.031 E.01123
G1 X93.632 Y93.031 E.36171
G2 X93.238 Y93.408 I2.196 J2.689 E.01626
G1 X81.489 Y93.408 E.34997
G1 X81.489 Y93.785 E.01123
G1 X92.889 Y93.785 E.33959
G1 X92.541 Y94.162 E.0153
G1 X81.489 Y94.162 E.32921
G1 X81.489 Y94.539 E.01123
G1 X92.192 Y94.539 E.31883
G2 X91.876 Y94.916 I2.24 J2.201 E.01468
G1 X81.489 Y94.916 E.3094
G1 X81.489 Y95.293 E.01123
G1 X91.579 Y95.293 E.30055
G1 X91.281 Y95.671 E.0143
G1 X81.489 Y95.671 E.29169
G1 X81.489 Y96.048 E.01123
G1 X90.984 Y96.048 E.28283
G2 X90.722 Y96.425 I2.263 J1.854 E.0137
G1 X81.489 Y96.425 E.27502
G1 X81.489 Y96.802 E.01123
G1 X90.47 Y96.802 E.26751
G1 X90.218 Y97.179 E.01351
G1 X81.489 Y97.179 E.26001
G1 X81.489 Y97.556 E.01123
G1 X89.966 Y97.556 E.2525
G2 X89.742 Y97.933 I2.284 J1.612 E.01308
G1 X81.489 Y97.933 E.24583
G1 X81.489 Y98.31 E.01123
G1 X89.531 Y98.31 E.23954
G1 X89.32 Y98.687 E.01287
G1 X81.489 Y98.687 E.23325
G1 X81.489 Y99.064 E.01123
G1 X89.108 Y99.064 E.22696
G2 X88.912 Y99.441 I2.298 J1.436 E.01268
G1 X81.489 Y99.441 E.22111
G1 X81.489 Y99.819 E.01123
G1 X88.738 Y99.819 E.21594
G1 X88.564 Y100.196 E.01237
G1 X81.489 Y100.196 E.21076
G1 X81.489 Y100.573 E.01123
G1 X88.391 Y100.573 E.20558
G1 X88.217 Y100.95 E.01237
G1 X81.489 Y100.95 E.2004
G1 X81.489 Y101.327 E.01123
G1 X88.075 Y101.327 E.19619
G1 X87.936 Y101.704 E.01197
G1 X81.489 Y101.704 E.19205
G1 X81.489 Y102.081 E.01123
G1 X87.797 Y102.081 E.18791
G1 X87.658 Y102.458 E.01197
G1 X81.489 Y102.458 E.18376
G1 X81.489 Y102.835 E.01123
G1 X87.53 Y102.835 E.17994
G1 X87.424 Y103.212 E.01167
G1 X81.489 Y103.212 E.17677
G1 X81.489 Y103.589 E.01123
G1 X87.317 Y103.589 E.1736
G1 X87.211 Y103.967 E.01167
G1 X81.489 Y103.967 E.17044
G1 X81.489 Y104.344 E.01123
G1 X87.104 Y104.344 E.16727
G2 X87.017 Y104.721 I2.352 J.744 E.01154
G1 X81.489 Y104.721 E.16466
G1 X81.489 Y105.098 E.01123
G1 X86.942 Y105.098 E.16243
G1 X86.867 Y105.475 E.01145
G1 X81.489 Y105.475 E.1602
G1 X81.489 Y105.852 E.01123
G1 X86.792 Y105.852 E.15796
G1 X86.717 Y106.229 E.01145
G1 X81.489 Y106.229 E.15573
G1 X81.489 Y106.606 E.01123
G1 X86.666 Y106.606 E.1542
G1 X86.621 Y106.983 E.01131
G1 X81.489 Y106.983 E.15288
G1 X81.489 Y107.36 E.01123
G1 X86.577 Y107.36 E.15155
G1 X86.532 Y107.737 E.01131
G1 X81.489 Y107.737 E.15022
G1 X81.489 Y108.115 E.01123
G1 X86.487 Y108.115 E.14889
G2 X86.47 Y108.492 I2.386 J.3 E.01126
G1 X81.489 Y108.492 E.14836
G1 X81.489 Y108.869 E.01123
G1 X86.455 Y108.869 E.14792
G1 X86.44 Y109.246 E.01124
G1 X81.489 Y109.246 E.14748
G1 X81.489 Y109.623 E.01123
G1 X86.425 Y109.623 E.14704
G1 X86.411 Y110 E.01124
G1 X81.489 Y110 E.1466
G1 X81.489 Y110.377 E.01123
G1 X86.425 Y110.377 E.14704
G1 X86.44 Y110.754 E.01124
G1 X81.489 Y110.754 E.14748
G1 X81.489 Y111.131 E.01123
G1 X86.455 Y111.131 E.14792
G1 X86.47 Y111.508 E.01124
G1 X81.489 Y111.508 E.14836
G1 X81.489 Y111.885 E.01123
G1 X86.487 Y111.885 E.14889
G1 X86.532 Y112.263 E.01131
G1 X81.489 Y112.263 E.15022
G1 X81.489 Y112.64 E.01123
G1 X86.577 Y112.64 E.15155
G1 X86.621 Y113.017 E.01131
G1 X81.489 Y113.017 E.15288
G1 X81.489 Y113.394 E.01123
G1 X86.666 Y113.394 E.15421
G2 X86.717 Y113.771 I2.422 J-.136 E.01135
G1 X81.489 Y113.771 E.15573
G1 X81.489 Y114.148 E.01123
G1 X86.792 Y114.148 E.15796
G1 X86.867 Y114.525 E.01145
G1 X81.489 Y114.525 E.1602
G1 X81.489 Y114.902 E.01123
G1 X86.942 Y114.902 E.16243
G1 X87.017 Y115.279 E.01145
G1 X81.489 Y115.279 E.16466
G1 X81.489 Y115.656 E.01123
G1 X87.104 Y115.656 E.16727
G1 X87.211 Y116.033 E.01167
G1 X81.489 Y116.033 E.17044
G1 X81.489 Y116.411 E.01123
G1 X87.317 Y116.411 E.17361
G1 X87.424 Y116.788 E.01167
G1 X81.489 Y116.788 E.17677
G1 X81.489 Y117.165 E.01123
G1 X87.53 Y117.165 E.17994
G2 X87.658 Y117.542 I2.459 J-.626 E.01188
G1 X81.489 Y117.542 E.18376
G1 X81.489 Y117.919 E.01123
G1 X87.797 Y117.919 E.18791
G1 X87.936 Y118.296 E.01197
G1 X81.489 Y118.296 E.19205
G1 X81.489 Y118.673 E.01123
G1 X88.075 Y118.673 E.19619
G2 X88.217 Y119.05 I2.466 J-.709 E.01201
G1 X81.489 Y119.05 E.2004
G1 X81.489 Y119.427 E.01123
G1 X88.391 Y119.427 E.20558
G1 X88.564 Y119.804 E.01237
G1 X81.489 Y119.804 E.21076
G1 X81.489 Y120.181 E.01123
G1 X88.738 Y120.181 E.21594
G1 X88.912 Y120.559 E.01237
G1 X81.489 Y120.559 E.22111
G1 X81.489 Y120.936 E.01123
G1 X89.108 Y120.936 E.22696
G1 X89.32 Y121.313 E.01287
G1 X81.489 Y121.313 E.23325
G1 X81.489 Y121.69 E.01123
G1 X89.531 Y121.69 E.23954
G1 X89.742 Y122.067 E.01287
G1 X81.489 Y122.067 E.24583
G1 X81.489 Y122.444 E.01123
G1 X89.966 Y122.444 E.2525
G1 X90.218 Y122.821 E.01351
G1 X81.489 Y122.821 E.26001
G1 X81.489 Y123.198 E.01123
G1 X90.47 Y123.198 E.26751
G1 X90.722 Y123.575 E.01351
G1 X81.489 Y123.575 E.27502
G1 X81.489 Y123.952 E.01123
G1 X90.984 Y123.952 E.28283
G1 X91.281 Y124.329 E.0143
G1 X81.489 Y124.329 E.29169
G1 X81.489 Y124.707 E.01123
G1 X91.579 Y124.707 E.30055
G1 X91.876 Y125.084 E.0143
G1 X81.489 Y125.084 E.3094
G1 X81.489 Y125.461 E.01123
G1 X92.192 Y125.461 E.31883
G1 X92.541 Y125.838 E.0153
G1 X81.489 Y125.838 E.32921
G1 X81.489 Y126.215 E.01123
G1 X92.889 Y126.215 E.33959
G1 X93.238 Y126.592 E.0153
G1 X81.489 Y126.592 E.34997
G1 X81.489 Y126.969 E.01123
G1 X93.632 Y126.969 E.36171
G1 X94.04 Y127.346 E.01655
G1 X81.489 Y127.346 E.37386
G1 X81.489 Y127.723 E.01123
G1 X94.448 Y127.723 E.38602
G2 X94.886 Y128.1 I2.617 J-2.599 E.01724
G1 X81.489 Y128.1 E.39907
G1 X81.489 Y128.477 E.01123
G1 X83.007 Y128.477 E.04523
G3 X84.993 Y128.477 I.993 J2.624 E.06044
G1 X95.365 Y128.477 E.30896
G1 X95.843 Y128.855 E.01814
G1 X85.656 Y128.855 E.30344
G3 X86.056 Y129.232 I-1.776 J2.284 E.0164
G1 X96.355 Y129.232 E.30678
G1 X96.919 Y129.609 E.02022
G1 X86.327 Y129.609 E.31551
G3 X86.515 Y129.986 I-2.813 J1.634 E.01255
G1 X97.484 Y129.986 E.32674
G2 X98.12 Y130.363 I2.714 J-3.855 E.02206
G1 X86.637 Y130.367 E.34205
G3 X86.698 Y130.74 I-2.335 J.574 E.01127
G1 X98.794 Y130.74 E.36028
G2 X99.505 Y131.117 I2.752 J-4.331 E.024
G1 X86.708 Y131.117 E.38119
G3 X86.665 Y131.494 I-2.754 J-.121 E.01131
G1 X100.323 Y131.494 E.40683
G2 X101.183 Y131.871 I2.826 J-5.275 E.028
G1 X86.567 Y131.871 E.43535
G3 X86.407 Y132.248 I-3.175 J-1.126 E.01221
G1 X102.205 Y132.248 E.47057
G2 X103.386 Y132.625 I2.986 J-7.314 E.03697
G1 X86.17 Y132.625 E.51283
G3 X85.826 Y133.003 I-2.244 J-1.699 E.01522
G1 X105.689 Y133.003 E.59166
G1 E-1.75 F6000
;WIPE_START
G1 F1800
G1 X104.689 Y133.003 E-.75
;WIPE_END
G1 X100.874 Y133.075 Z5.24 F18000
G1 X84.95 Y133.38 Z5.24
G1 Z5.04
G1 E2.5 F6000
G1 F1800
G1 X106.991 Y133.38 E.65653
G1 X108.149 Y133.517 E.03475
G1 X110 Y133.589 E.05517
G1 X111.851 Y133.517 E.05517
G1 X113.009 Y133.38 E.03475
G1 X134.703 Y133.38 E.64619
G1 X135.376 Y133.757 E.02299
G1 X84.624 Y133.757 E1.51176
G1 X84.031 Y134.089 E.02024
G1 X84.255 Y134.089 E.00666
G1 X84.267 Y134.134 E.00139
G1 X135.733 Y134.134 E1.53306
G1 X135.635 Y134.511 E.01161
G1 X84.19 Y134.511 E1.53242
G1 E-1.75 F6000
;WIPE_START
G1 F1800
G1 X85.19 Y134.511 E-.75
;WIPE_END
G1 X81.959 Y132.625 Z5.24 F18000
G1 Z5.04
G1 E2.5 F6000
G1 F1800
G1 X81.489 Y132.625 E.01399
G1 X81.489 Y133.003 E.01123
G1 X82.163 Y133.003 E.02007
G2 X82.703 Y133.38 I2.093 J-2.421 E.01965
G1 X81.489 Y133.38 E.03615
G1 X81.489 Y133.757 E.01123
G1 X83.376 Y133.757 E.0562
G1 X83.969 Y134.089 E.02024
G1 X83.745 Y134.089 E.00666
G1 X83.733 Y134.134 E.00139
G1 X81.489 Y134.134 E.06685
G1 X81.489 Y134.511 E.01123
G1 X83.81 Y134.511 E.06914
G1 E-1.75 F6000
;WIPE_START
G1 F1800
G1 X82.81 Y134.511 E-.75
;WIPE_END
G1 X82.694 Y130.696 Z5.24 F18000
G1 X82.638 Y128.855 Z5.24
G1 Z5.04
G1 E2.5 F6000
G1 F1800
G1 X81.489 Y128.855 E.03423
G1 X81.489 Y129.232 E.01123
G1 X82.14 Y129.232 E.01938
G1 E-1.75 F6000
;WIPE_START
G1 F1800
G1 X81.489 Y129.232 E-.48806
G1 X81.489 Y128.882 E-.26194
;WIPE_END
G1 X81.769 Y129.237 Z5.24 F18000
G1 X133.44 Y90.051
G1 X134.554 Y86.64
G1 X137.627 Y86.761
G1 X137.718 Y86.832
G1 X137.677 Y86.884
G1 Z5.04
G1 E2.5 F6000
M204 P2000
;TYPE:Gap infill
;WIDTH:0.121353
G1 X137.49 Y86.824 E.00122
G1 E-2.30297
;WIPE_START
G1 X137.677 Y86.884 E-.19703
;WIPE_END
G1 X134.17 Y88.39 Z5.24 F18000
G1 X125.396 Y92.157 Z5.24
G1 Z5.04
G1 E2.5 F6000
;WIDTH:0.0923828
G1 X125.251 Y92.103 E.00061
G1 E-2.3446
;WIPE_START
G1 X125.396 Y92.157 E-.1554
;WIPE_END
G1 X122.091 Y90.25 Z5.24 F18000
G1 X117.618 Y87.669 Z5.24
G1 Z5.04
G1 E2.5 F6000
;WIDTH:0.201342
G1 X117.448 Y87.639 E.00217
;WIDTH:0.155858
G1 X117.274 Y87.608 E.00158
;WIDTH:0.132693
G1 X117.09 Y87.583 E.00131
G1 E-2.31489
;WIPE_START
G1 X117.274 Y87.608 E-.18511
;WIPE_END
G1 X114.998 Y86.93 Z5.24 F18000
G1 Z5.04
G1 E2.5 F6000
;WIDTH:0.241484
G1 X114.743 Y86.905 E.00403
;WIDTH:0.19768
G1 X114.487 Y86.88 E.00314
;WIDTH:0.153876
G1 X114.232 Y86.854 E.00225
;WIDTH:0.131974
G1 X113.976 Y86.829 E.00181
G1 E-2.24332
;WIPE_START
G1 X114.232 Y86.854 E-.25668
;WIPE_END
G1 X110.416 Y86.843 Z5.24 F18000
G1 X106.024 Y86.829 Z5.24
G1 Z5.04
G1 E2.5 F6000
;WIDTH:0.110072
G1 X105.768 Y86.854 E.00136
;WIDTH:0.153876
G1 X105.513 Y86.88 E.00225
;WIDTH:0.19768
G1 X105.257 Y86.905 E.00314
;WIDTH:0.219582
G1 X105.002 Y86.93 E.00358
G1 E-2.24332
;WIPE_START
G1 X105.257 Y86.905 E-.25668
;WIPE_END
G1 X102.91 Y87.583 Z5.24 F18000
G1 Z5.04
G1 E2.5 F6000
;WIDTH:0.110866
G1 X102.723 Y87.609 E.00101
;WIDTH:0.156326
G1 X102.552 Y87.639 E.00155
;WIDTH:0.178835
G1 X102.382 Y87.669 E.00186
G1 E-2.32674
;WIPE_START
G1 X102.552 Y87.639 E-.17326
;WIPE_END
G1 X99.24 Y89.534 Z5.24 F18000
G1 X94.75 Y92.103 Z5.24
G1 Z5.04
G1 E2.5 F6000
;WIDTH:0.090682
G1 X94.604 Y92.157 E.00059
G1 E-2.3446
;WIPE_START
G1 X94.75 Y92.103 E-.1554
;WIPE_END
G1 X91.245 Y90.592 Z5.24 F18000
G1 X82.51 Y86.824 Z5.24
G1 Z5.04
G1 E2.5 F6000
;WIDTH:0.119359
G1 X82.323 Y86.884 E.00119
G1 E-2.30297
;WIPE_START
G1 X82.51 Y86.824 E-.19703
;WIPE_END
G1 X82.77 Y90.631 Z5.24 F18000
G1 X85.669 Y133.118 Z5.24
G1 Z5.04
G1 E2.5 F6000
;WIDTH:0.121372
G1 X85.49 Y133.176 E.00117
G1 E-2.31135
;WIPE_START
G1 X85.669 Y133.118 E-.18865
;WIPE_END
G1 X89.477 Y132.865 Z5.24 F18000
G1 X101.851 Y132.041 Z5.24
G1 Z5.04
G1 E2.5 F6000
;WIDTH:0.110784
G1 X101.687 Y132.012 E.00089
;WIDTH:0.156011
G1 X101.523 Y131.983 E.00149
;WIDTH:0.178624
G1 X101.36 Y131.953 E.00178
G1 E-2.33367
;WIPE_START
G1 X101.523 Y131.983 E-.16633
;WIPE_END
G1 X104.247 Y132.794 Z5.24 F18000
G1 Z5.04
G1 E2.5 F6000
;WIDTH:0.10751
G1 X104.077 Y132.771 E.00088
;WIDTH:0.14619
G1 X103.906 Y132.747 E.0014
;WIDTH:0.184869
G1 X103.736 Y132.724 E.00193
;WIDTH:0.204209
G1 X103.566 Y132.7 E.00219
G1 E-2.32819
;WIPE_START
G1 X103.736 Y132.724 E-.17181
;WIPE_END
G1 X106.024 Y133.171 Z5.24 F18000
G1 Z5.04
G1 E2.5 F6000
;WIDTH:0.101153
G1 X105.856 Y133.154 E.00077
;WIDTH:0.114136
G1 X105.689 Y133.138 E.00095
G1 E-2.33181
;WIPE_START
G1 X105.856 Y133.154 E-.16819
;WIPE_END
G1 X109.673 Y133.147 Z5.24 F18000
G1 X114.311 Y133.138 Z5.24
G1 Z5.04
G1 E2.5 F6000
;WIDTH:0.127119
G1 X114.144 Y133.154 E.00112
;WIDTH:0.114136
G1 X113.976 Y133.171 E.00095
G1 E-2.33181
;WIPE_START
G1 X114.144 Y133.154 E-.16819
;WIPE_END
G1 X116.434 Y132.7 Z5.24 F18000
G1 Z5.04
G1 E2.5 F6000
;WIDTH:0.22355
G1 X116.264 Y132.724 E.00245
;WIDTH:0.18487
G1 X116.094 Y132.747 E.00193
;WIDTH:0.14619
G1 X115.923 Y132.771 E.0014
;WIDTH:0.12685
G1 X115.753 Y132.794 E.00114
G1 E-2.32819
;WIPE_START
G1 X115.923 Y132.771 E-.17181
;WIPE_END
G1 X118.64 Y131.953 Z5.24 F18000
G1 Z5.04
G1 E2.5 F6000
;WIDTH:0.201239
G1 X118.477 Y131.983 E.00208
;WIDTH:0.156012
G1 X118.313 Y132.012 E.00149
;WIDTH:0.133398
G1 X118.149 Y132.041 E.00119
G1 E-2.33367
;WIPE_START
G1 X118.313 Y132.012 E-.16633
;WIPE_END
G1 X122.119 Y132.286 Z5.24 F18000
G1 X134.51 Y133.177 Z5.24
G1 Z5.04
G1 E2.5 F6000
;WIDTH:0.119373
G1 X134.331 Y133.118 E.00114
G1 X135.676 Y133.341 F18000
;WIDTH:0.228595
G1 F6000
G1 X136 Y133.429 E.00493
G1 X136.324 Y133.341 E.00493
G1 X136.322 Y133.333 F18000
;WIDTH:0.124418
G1 F6000
G3 X135.881 Y133.469 I-3.692 J-11.133 E.00297
G1 X136.119 Y133.469 F18000
;WIDTH:0.139023
G1 F6000
G3 X135.678 Y133.333 I3.238 J-11.227 E.00351
G1 X138.032 Y132.189 F18000
;WIDTH:0.137348
G1 F6000
G1 X138.122 Y132.084 E.00103
;WIDTH:0.144685
G1 X138.194 Y131.992 E.00094
G1 X138.194 Y130.008 F18000
;WIDTH:0.144717
G1 F6000
G1 X138.122 Y129.916 E.00093
;WIDTH:0.137415
G1 X138.032 Y129.811 E.00103
G1 X136.836 Y129.176 F18000
M204 P1000
;TYPE:Top surface
;WIDTH:0.448215
G1 F1800
G1 X135.786 Y129.176 E.03361
G2 X134.833 Y129.582 I.259 J1.93 E.03354
G1 X137.167 Y129.582 E.07472
G3 X137.532 Y129.987 I-1.183 J1.431 E.01752
G1 X134.468 Y129.987 E.09807
G2 X134.267 Y130.392 I2.292 J1.392 E.01451
G1 X137.733 Y130.392 E.11097
G3 X137.825 Y130.797 I-2.823 J.855 E.01332
G1 X134.175 Y130.797 E.11687
G2 X134.175 Y131.203 I2.964 J.203 E.01299
G1 X137.825 Y131.203 E.11687
G3 X137.733 Y131.608 I-2.913 J-.449 E.01332
G1 X134.267 Y131.608 E.11097
G2 X134.468 Y132.013 I2.49 J-.985 E.01451
G1 X137.532 Y132.013 E.09806
G3 X137.167 Y132.419 I-1.548 J-1.026 E.01752
G1 X134.833 Y132.419 E.07471
G2 X135.786 Y132.824 I1.211 J-1.525 E.03357
G1 X136.835 Y132.824 E.03358
G1 E-1.75 F6000
;WIPE_START
G1 F1800
G1 X135.835 Y132.824 E-.75
;WIPE_END
G1 X136.032 Y129.013 Z5.24 F18000
G1 X138.032 Y90.189 Z5.24
G1 Z5.04
G1 E2.5 F6000
M204 P2000
;TYPE:Gap infill
;WIDTH:0.137348
G1 X138.122 Y90.084 E.00103
;WIDTH:0.144685
G1 X138.194 Y89.992 E.00094
G1 X138.194 Y88.008 F18000
;WIDTH:0.144717
G1 F6000
G1 X138.122 Y87.916 E.00093
;WIDTH:0.137415
G1 X138.032 Y87.811 E.00103
; stop printing object base_plate.stl id:0 copy 0
M106 S176
;LAYER_CHANGE
;Z:5.24
;HEIGHT:0.2
G92 E0 ; zero the extruded length again
; BEFORE_LAYER_CHANGE 25 @ 5.24mm
G1 E-2.36147 F6000
;WIPE_START
G1 X138.122 Y87.916 E-.13853
;WIPE_END
; AFTER_LAYER_CHANGE 25 @ 5.24mm
;_SET_FAN_SPEED_CHANGING_LAYER
; printing object base_plate.stl id:0 copy 0
G17
G3 Z5.44 I-.28 J-.54 P1  F18000
G1 X137.891 Y88.036 Z5.44
G1 X137.81 Y87.891
G1 X137.717 Y87.753
G1 X137.614 Y87.622
G1 X137.501 Y87.499
G1 X137.378 Y87.386
G1 X137.247 Y87.283
G1 X137.109 Y87.19
G1 X136.964 Y87.109
G1 X136.812 Y87.039
G1 X136.656 Y86.982
G1 X136.495 Y86.936
G1 X136.332 Y86.904
G1 X136.167 Y86.884
G1 X136 Y86.878
G1 X135.833 Y86.884
G1 X135.668 Y86.904
G1 X135.505 Y86.936
G1 X135.344 Y86.982
G1 X135.188 Y87.039
G1 X135.036 Y87.109
G1 X134.891 Y87.19
G1 X134.753 Y87.283
G1 X134.622 Y87.386
G1 X133.698 Y88.233
G1 X84.352 Y91.401
G1 X84.395 Y91.76
G1 Z5.24
G1 E2.5 F6000
M204 P1000
;TYPE:Outer wall
;WIDTH:0.42
G1 F1654
G1 X84.219 Y91.779 E.00527
G3 X84.004 Y86.21 I-.216 J-2.78 E.26745
G1 X84.219 Y86.219 E.00641
G3 X84.454 Y91.751 I-.216 J2.78 E.24101
G1 X84.384 Y91.396 F18000
G1 X84.38 Y91.397
G1 X84.352 Y91.401
G1 X84.349 Y91.371
M204 P1500
;TYPE:Inner wall
;WIDTH:0.45
G1 F1654
G1 X84.188 Y91.389 E.0052
G3 X84.004 Y86.603 I-.186 J-2.389 E.24812
G1 X84.188 Y86.61 E.00594
G3 X84.408 Y91.361 I-.186 J2.389 E.22302
M204 T1000
G1 E-1.75 F6000
;WIPE_START
G1 X84.188 Y91.389 E-.16613
G1 X83.812 Y91.39 E-.28216
G1 X83.625 Y91.368 E-.14106
G1 X83.417 Y91.318 E-.16065
;WIPE_END
G1 X83.49 Y91.059 Z5.44 F18000
G1 X83.505 Y91.064
G1 X83.668 Y91.096
G1 X83.833 Y91.116
G1 X83.95 Y91.12
G1 X83.964 Y90.756
G1 Z5.24
G1 E2.5 F6000
M204 P1000
;TYPE:Outer wall
;WIDTH:0.42
G1 F1654
G1 X84 Y90.759 E.00107
G2 X84 Y87.24 I0 J-1.76 E.16467
G1 X83.862 Y87.245 E.00412
G2 X83.589 Y90.71 I.139 J1.754 E.14817
G1 X83.905 Y90.749 E.00945
M204 T2000
G1 X83.89 Y91.118 F18000
G1 X83.988 Y91.122
G1 X83.987 Y91.152
M204 P1500
;TYPE:Inner wall
;WIDTH:0.45
G1 F1654
G1 X84 Y91.151 E.00042
G2 X84 Y86.847 I0 J-2.152 E.2174
G1 X83.831 Y86.854 E.00544
G2 X83.831 Y91.144 I.169 J2.145 E.20647
G1 X83.927 Y91.149 E.0031
G1 E-1.75 F6000
;WIPE_START
G1 X84 Y91.151 E-.05462
G1 X84.169 Y91.146 E-.12688
G1 X84.502 Y91.093 E-.25313
G1 X84.824 Y90.989 E-.25325
G1 X84.899 Y90.954 E-.06212
;WIPE_END
G1 X85.014 Y91.203 Z5.44 F18000
G1 X84.455 Y128.618
G1 X86.242 Y130.071
G1 X86.069 Y132.268
G1 X84.38 Y133.397
G1 X84.352 Y133.401
G1 X84.395 Y133.76
G1 Z5.24
G1 E2.5 F6000
M204 P1000
;TYPE:Outer wall
;WIDTH:0.42
G1 F1654
G1 X84.219 Y133.779 E.00527
G3 X84.004 Y128.21 I-.216 J-2.78 E.26745
G1 X84.219 Y128.219 E.00641
G3 X84.454 Y133.751 I-.216 J2.78 E.24101
G1 X84.384 Y133.396 F18000
G1 X84.38 Y133.397
G1 X84.352 Y133.401
G1 X84.349 Y133.371
M204 P1500
;TYPE:Inner wall
;WIDTH:0.45
G1 F1654
G1 X84.188 Y133.389 E.0052
G3 X84.004 Y128.603 I-.186 J-2.389 E.24812
G1 X84.188 Y128.61 E.00594
G3 X84.408 Y133.361 I-.186 J2.389 E.22302
M204 T1000
G1 E-1.75 F6000
;WIPE_START
G1 X84.188 Y133.389 E-.16613
G1 X83.812 Y133.39 E-.28216
G1 X83.625 Y133.368 E-.14106
G1 X83.417 Y133.318 E-.16065
;WIPE_END
G1 X83.49 Y133.059 Z5.44 F18000
G1 X83.505 Y133.064
G1 X83.668 Y133.096
G1 X83.833 Y133.116
G1 X83.895 Y133.118
G1 X83.91 Y132.75
G1 Z5.24
G1 E2.5 F6000
M204 P1000
;TYPE:Outer wall
;WIDTH:0.42
G1 F1654
G1 X84 Y132.759 E.00271
G2 X84 Y129.24 I0 J-1.76 E.16467
G1 X83.862 Y129.245 E.00412
G2 X83.589 Y132.71 I.139 J1.754 E.14817
G1 X83.85 Y132.742 E.00782
M204 T2000
G1 X83.806 Y133.113 F18000
G1 X83.833 Y133.116
G1 X83.988 Y133.122
G1 X83.987 Y133.152
M204 P1500
;TYPE:Inner wall
;WIDTH:0.45
G1 F1654
G1 X84 Y133.151 E.00042
G2 X84 Y128.847 I0 J-2.152 E.2174
G1 X83.831 Y128.854 E.00544
G2 X83.831 Y133.144 I.169 J2.145 E.20647
G1 X83.927 Y133.149 E.00309
G1 E-1.75 F6000
;WIPE_START
G1 X84 Y133.151 E-.05463
G1 X84.169 Y133.146 E-.12688
G1 X84.502 Y133.093 E-.25313
G1 X84.824 Y132.989 E-.25325
G1 X84.899 Y132.954 E-.06211
;WIPE_END
G1 X85.014 Y133.203 Z5.44 F18000
G1 X136.352 Y133.401
G1 X136.395 Y133.76
G1 Z5.24
G1 E2.5 F6000
M204 P1000
;TYPE:Outer wall
;WIDTH:0.42
G1 F1654
G1 X136.219 Y133.779 E.00527
G3 X136.004 Y128.21 I-.216 J-2.78 E.26745
G1 X136.219 Y128.219 E.00641
G3 X136.454 Y133.751 I-.216 J2.78 E.24101
G1 X136.384 Y133.396 F18000
G1 X136.38 Y133.397
G1 X136.352 Y133.401
G1 X136.349 Y133.371
M204 P1500
;TYPE:Inner wall
;WIDTH:0.45
G1 F1654
G1 X136.188 Y133.389 E.0052
G3 X136.004 Y128.603 I-.186 J-2.389 E.24812
G1 X136.188 Y128.61 E.00594
G3 X136.408 Y133.361 I-.186 J2.389 E.22302
M204 T1000
G1 E-1.75 F6000
;WIPE_START
G1 X136.188 Y133.389 E-.16613
G1 X135.812 Y133.39 E-.28216
G1 X135.625 Y133.368 E-.14106
G1 X135.417 Y133.318 E-.16065
;WIPE_END
G1 X135.49 Y133.059 Z5.44 F18000
G1 X135.505 Y133.064
G1 X135.668 Y133.096
G1 X135.833 Y133.116
G1 X135.895 Y133.118
G1 X135.91 Y132.75
G1 Z5.24
G1 E2.5 F6000
M204 P1000
;TYPE:Outer wall
;WIDTH:0.42
G1 F1654
G1 X136 Y132.759 E.00271
G2 X136 Y129.24 I0 J-1.76 E.16467
G1 X135.862 Y129.245 E.00412
G2 X135.589 Y132.71 I.139 J1.754 E.14817
G1 X135.85 Y132.742 E.00782
M204 T2000
G1 X135.806 Y133.113 F18000
G1 X135.833 Y133.116
G1 X135.988 Y133.122
G1 X135.987 Y133.152
M204 P1500
;TYPE:Inner wall
;WIDTH:0.45
G1 F1654
G1 X136 Y133.151 E.00042
G2 X136 Y128.847 I0 J-2.152 E.2174
G1 X135.831 Y128.854 E.00544
G2 X135.831 Y133.144 I.169 J2.145 E.20647
G1 X135.927 Y133.149 E.00309
G1 E-1.75 F6000
;WIPE_START
G1 X136 Y133.151 E-.05463
G1 X136.169 Y133.146 E-.12688
G1 X136.502 Y133.093 E-.25313
G1 X136.824 Y132.989 E-.25325
G1 X136.899 Y132.954 E-.0621
;WIPE_END
G1 X136.886 Y132.927 Z5.44 F18000
G1 X136.964 Y132.891
G1 X137.109 Y132.81
G1 X137.247 Y132.717
G1 X137.378 Y132.614
G1 X137.501 Y132.501
G1 X137.614 Y132.378
G1 X137.717 Y132.247
G1 X137.809 Y132.109
G1 X137.891 Y131.964
G1 X137.961 Y131.812
G1 X138.018 Y131.656
G1 X138.064 Y131.495
G1 X138.096 Y131.332
G1 X138.116 Y131.167
G1 X138.122 Y131
G1 X138.116 Y130.833
G1 X138.096 Y130.668
G1 X138.064 Y130.505
G1 X138.019 Y130.344
G1 X137.961 Y130.188
G1 X137.891 Y130.036
G1 X137.81 Y129.891
G1 X137.717 Y129.753
G1 X137.614 Y129.622
G1 X136.847 Y128.727
G1 X136.352 Y91.401
G1 X136.395 Y91.76
G1 Z5.24
G1 E2.5 F6000
M204 P1000
;TYPE:Outer wall
;WIDTH:0.42
G1 F1654
G1 X136.219 Y91.779 E.00527
G3 X136.004 Y86.21 I-.216 J-2.78 E.26745
G1 X136.219 Y86.219 E.00641
G3 X136.454 Y91.751 I-.216 J2.78 E.24101
G1 X136.384 Y91.396 F18000
G1 X136.38 Y91.397
G1 X136.352 Y91.401
G1 X136.349 Y91.371
M204 P1500
;TYPE:Inner wall
;WIDTH:0.45
G1 F1654
G1 X136.188 Y91.389 E.0052
G3 X136.004 Y86.603 I-.186 J-2.389 E.24812
G1 X136.188 Y86.61 E.00594
G3 X136.408 Y91.361 I-.186 J2.389 E.22302
M204 T1000
G1 E-1.75 F6000
;WIPE_START
G1 X136.188 Y91.389 E-.16613
G1 X135.812 Y91.39 E-.28216
G1 X135.625 Y91.368 E-.14106
G1 X135.417 Y91.318 E-.16065
;WIPE_END
G1 X135.49 Y91.059 Z5.44 F18000
G1 X135.505 Y91.064
G1 X135.668 Y91.096
G1 X135.833 Y91.116
G1 X135.895 Y91.118
G1 X135.91 Y90.75
G1 Z5.24
G1 E2.5 F6000
M204 P1000
;TYPE:Outer wall
;WIDTH:0.42
G1 F1654
G1 X136 Y90.759 E.00271
G2 X136 Y87.24 I0 J-1.76 E.16467
G1 X135.862 Y87.245 E.00412
G2 X135.589 Y90.71 I.139 J1.754 E.14817
G1 X135.85 Y90.742 E.00782
M204 T2000
G1 X135.806 Y91.113 F18000
G1 X135.833 Y91.116
G1 X135.988 Y91.122
G1 X135.987 Y91.152
M204 P1500
;TYPE:Inner wall
;WIDTH:0.45
G1 F1654
G1 X136 Y91.151 E.00042
G2 X136 Y86.847 I0 J-2.152 E.2174
G1 X135.831 Y86.854 E.00544
G2 X135.831 Y91.144 I.169 J2.145 E.20647
G1 X135.927 Y91.149 E.00309
; stop printing object base_plate.stl id:0 copy 0
;LAYER_CHANGE
;Z:5.44
;HEIGHT:0.2
G92 E0 ; zero the extruded length again
; BEFORE_LAYER_CHANGE 26 @ 5.44mm
G1 E-1.75 F6000
;WIPE_START
G1 X136 Y91.151 E-.05463
G1 X136.169 Y91.146 E-.12688
G1 X136.502 Y91.093 E-.25313
G1 X136.824 Y90.989 E-.25325
G1 X136.899 Y90.954 E-.0621
;WIPE_END
; AFTER_LAYER_CHANGE 26 @ 5.44mm
;_SET_FAN_SPEED_CHANGING_LAYER
; printing object base_plate.stl id:0 copy 0
G17
G3 Z5.64 I.553 J-.255 P1  F18000
G1 X136.886 Y90.927 Z5.64
G1 X136.812 Y90.961
G1 X136.656 Y91.018
G1 X136.495 Y91.064
G1 X136.332 Y91.096
G1 X136.167 Y91.116
G1 X136 Y91.122
G1 X135.833 Y91.116
G1 X134.612 Y90.989
G1 X84.344 Y91.401
G1 X84.387 Y91.761
G1 Z5.44
G1 E2.5 F6000
M204 P1000
;TYPE:Outer wall
;WIDTH:0.42
G1 F1657
G1 X84.219 Y91.78 E.00504
G3 X84.01 Y86.211 I-.213 J-2.781 E.26745
G1 X84.219 Y86.219 E.00624
G3 X84.446 Y91.753 I-.213 J2.781 E.24141
G1 X84.38 Y91.397 F18000
G1 X84.344 Y91.401
G1 X84.341 Y91.372
M204 P1500
;TYPE:Inner wall
;WIDTH:0.45
G1 F1657
G1 X84.188 Y91.389 E.00494
G3 X83.625 Y86.632 I-.196 J-2.389 E.23656
G3 X84.046 Y86.604 I.397 J2.83 E.01358
G3 X84.4 Y91.362 I-.054 J2.396 E.2272
M204 T1000
G1 E-1.75 F6000
;WIPE_START
G1 X84.188 Y91.389 E-.16016
G1 X83.812 Y91.39 E-.28219
G1 X83.625 Y91.368 E-.14106
G1 X83.409 Y91.316 E-.16659
;WIPE_END
G1 X83.482 Y91.057 Z5.64 F18000
G1 X83.505 Y91.064
G1 X83.668 Y91.096
G1 X83.833 Y91.116
G1 X83.947 Y91.12
G1 X83.961 Y90.755
G1 Z5.44
G1 E2.5 F6000
M204 P1000
;TYPE:Outer wall
;WIDTH:0.42
G1 F1657
G1 X84.138 Y90.753 E.00527
G2 X83.995 Y87.24 I-.14 J-1.754 E.16055
G1 X83.862 Y87.245 E.00396
G2 X83.862 Y90.754 I.136 J1.754 E.15655
G1 X83.901 Y90.754 E.00117
M204 T2000
G1 X83.887 Y91.118 F18000
G1 X83.833 Y91.116
G1 X83.807 Y91.113
G1 X83.804 Y91.142
M204 P1500
;TYPE:Inner wall
;WIDTH:0.45
G1 F1657
G1 X83.831 Y91.145 E.00088
G2 X83.994 Y86.848 I.166 J-2.145 E.22284
G1 X83.831 Y86.854 E.00525
G2 X83.498 Y91.092 I.166 J2.145 E.1958
G1 X83.745 Y91.132 E.00804
G1 E-1.75 F6000
;WIPE_START
G1 X83.831 Y91.145 E-.06555
G1 X84.169 Y91.146 E-.25355
G1 X84.502 Y91.093 E-.25315
G1 X84.665 Y91.047 E-.12679
G1 X84.728 Y91.021 E-.05096
;WIPE_END
G1 X84.824 Y91.281 Z5.64 F18000
G1 X84.428 Y128.612
G1 X86.242 Y130.071
G1 X86.069 Y132.268
G1 X84.38 Y133.397
G1 X84.344 Y133.401
G1 X84.387 Y133.761
G1 Z5.44
G1 E2.5 F6000
M204 P1000
;TYPE:Outer wall
;WIDTH:0.42
G1 F1657
G1 X84.219 Y133.78 E.00504
G3 X84.01 Y128.211 I-.213 J-2.781 E.26745
G1 X84.219 Y128.219 E.00624
G3 X84.446 Y133.753 I-.213 J2.781 E.24141
G1 X84.38 Y133.397 F18000
G1 X84.344 Y133.401
G1 X84.341 Y133.372
M204 P1500
;TYPE:Inner wall
;WIDTH:0.45
G1 F1657
G1 X84.188 Y133.389 E.00494
G3 X83.625 Y128.632 I-.196 J-2.389 E.23656
G3 X84.046 Y128.604 I.397 J2.829 E.01358
G3 X84.4 Y133.362 I-.054 J2.396 E.2272
M204 T1000
G1 E-1.75 F6000
;WIPE_START
G1 X84.188 Y133.389 E-.16017
G1 X83.812 Y133.39 E-.28219
G1 X83.625 Y133.368 E-.14106
G1 X83.409 Y133.316 E-.16659
;WIPE_END
G1 X83.482 Y133.057 Z5.64 F18000
G1 X83.505 Y133.064
G1 X83.668 Y133.096
G1 X83.833 Y133.116
G1 X83.893 Y133.118
G1 X83.908 Y132.755
G1 Z5.44
G1 E2.5 F6000
M204 P1000
;TYPE:Outer wall
;WIDTH:0.42
G1 F1657
G1 X84.138 Y132.753 E.00687
G2 X83.995 Y129.24 I-.14 J-1.754 E.16055
G1 X83.862 Y129.245 E.00396
G2 X83.848 Y132.753 I.136 J1.754 E.15612
M204 T2000
G1 X83.805 Y133.112 F18000
G1 X83.807 Y133.113
G1 X83.804 Y133.142
M204 P1500
;TYPE:Inner wall
;WIDTH:0.45
G1 F1657
G1 X83.831 Y133.145 E.00088
G2 X83.994 Y128.848 I.166 J-2.145 E.22284
G1 X83.831 Y128.854 E.00525
G2 X83.498 Y133.092 I.166 J2.145 E.1958
G1 X83.745 Y133.132 E.00804
G1 E-1.75 F6000
;WIPE_START
G1 X83.831 Y133.145 E-.06555
G1 X84.169 Y133.146 E-.25355
G1 X84.502 Y133.093 E-.25315
G1 X84.665 Y133.047 E-.12679
G1 X84.728 Y133.021 E-.05096
;WIPE_END
G1 X84.824 Y133.281 Z5.64 F18000
G1 X136.344 Y133.401
G1 X136.387 Y133.761
G1 Z5.44
G1 E2.5 F6000
M204 P1000
;TYPE:Outer wall
;WIDTH:0.42
G1 F1657
G1 X136.219 Y133.78 E.00504
G3 X136.01 Y128.211 I-.213 J-2.781 E.26745
G1 X136.219 Y128.219 E.00624
G3 X136.446 Y133.753 I-.213 J2.781 E.24141
G1 X136.38 Y133.397 F18000
G1 X136.344 Y133.401
G1 X136.341 Y133.372
M204 P1500
;TYPE:Inner wall
;WIDTH:0.45
G1 F1657
G1 X136.188 Y133.389 E.00494
G3 X135.625 Y128.632 I-.196 J-2.389 E.23656
G3 X136.046 Y128.604 I.397 J2.829 E.01358
G3 X136.4 Y133.362 I-.054 J2.396 E.2272
M204 T1000
G1 E-1.75 F6000
;WIPE_START
G1 X136.188 Y133.389 E-.16016
G1 X135.812 Y133.39 E-.28219
G1 X135.625 Y133.368 E-.14106
G1 X135.409 Y133.316 E-.16659
;WIPE_END
G1 X135.482 Y133.057 Z5.64 F18000
G1 X135.505 Y133.064
G1 X135.668 Y133.096
G1 X135.833 Y133.116
G1 X135.893 Y133.118
G1 X135.908 Y132.755
G1 Z5.44
G1 E2.5 F6000
M204 P1000
;TYPE:Outer wall
;WIDTH:0.42
G1 F1657
G1 X136.138 Y132.753 E.00687
G2 X135.995 Y129.24 I-.14 J-1.754 E.16055
G1 X135.862 Y129.245 E.00396
G2 X135.848 Y132.753 I.136 J1.754 E.15612
M204 T2000
G1 X135.805 Y133.112 F18000
G1 X135.807 Y133.113
G1 X135.804 Y133.142
M204 P1500
;TYPE:Inner wall
;WIDTH:0.45
G1 F1657
G1 X135.831 Y133.145 E.00088
G2 X135.994 Y128.848 I.166 J-2.145 E.22284
G1 X135.831 Y128.854 E.00525
G2 X135.498 Y133.092 I.166 J2.145 E.1958
G1 X135.745 Y133.132 E.00804
G1 E-1.75 F6000
;WIPE_START
G1 X135.831 Y133.145 E-.06555
G1 X136.169 Y133.146 E-.25355
G1 X136.502 Y133.093 E-.25315
G1 X136.665 Y133.047 E-.12679
G1 X136.728 Y133.021 E-.05096
;WIPE_END
G1 X136.718 Y132.995 Z5.64 F18000
G1 X136.812 Y132.961
G1 X136.964 Y132.891
G1 X137.109 Y132.81
G1 X137.247 Y132.717
G1 X137.378 Y132.614
G1 X137.501 Y132.501
G1 X137.614 Y132.378
G1 X137.717 Y132.247
G1 X137.81 Y132.109
G1 X137.891 Y131.964
G1 X137.961 Y131.812
G1 X138.018 Y131.656
G1 X138.064 Y131.495
G1 X138.096 Y131.332
G1 X138.116 Y131.167
G1 X138.122 Y131
G1 X138.116 Y130.833
G1 X138.096 Y130.668
G1 X138.064 Y130.505
G1 X138.018 Y130.344
G1 X137.961 Y130.188
G1 X137.891 Y130.036
G1 X137.81 Y129.891
G1 X137.717 Y129.753
G1 X137.614 Y129.622
G1 X137.501 Y129.499
G1 X136.692 Y128.675
G1 X136.344 Y91.401
G1 X136.387 Y91.761
G1 Z5.44
G1 E2.5 F6000
M204 P1000
;TYPE:Outer wall
;WIDTH:0.42
G1 F1657
G1 X136.219 Y91.78 E.00504
G3 X136.01 Y86.211 I-.213 J-2.781 E.26745
G1 X136.219 Y86.219 E.00624
G3 X136.446 Y91.753 I-.213 J2.781 E.24141
G1 X136.38 Y91.397 F18000
G1 X136.344 Y91.401
G1 X136.341 Y91.372
M204 P1500
;TYPE:Inner wall
;WIDTH:0.45
G1 F1657
G1 X136.188 Y91.389 E.00494
G3 X135.625 Y86.632 I-.196 J-2.389 E.23656
G3 X136.046 Y86.604 I.397 J2.83 E.01358
G3 X136.4 Y91.362 I-.054 J2.396 E.2272
M204 T1000
G1 E-1.75 F6000
;WIPE_START
G1 X136.188 Y91.389 E-.16016
G1 X135.812 Y91.39 E-.28219
G1 X135.625 Y91.368 E-.14106
G1 X135.409 Y91.316 E-.16659
;WIPE_END
G1 X135.482 Y91.057 Z5.64 F18000
G1 X135.505 Y91.064
G1 X135.668 Y91.096
G1 X135.833 Y91.116
G1 X135.893 Y91.118
G1 X135.908 Y90.755
G1 Z5.44
G1 E2.5 F6000
M204 P1000
;TYPE:Outer wall
;WIDTH:0.42
G1 F1657
G1 X136.138 Y90.753 E.00687
G2 X135.995 Y87.24 I-.14 J-1.754 E.16055
G1 X135.862 Y87.245 E.00396
G2 X135.848 Y90.753 I.136 J1.754 E.15612
M204 T2000
G1 X135.805 Y91.112 F18000
G1 X135.807 Y91.113
G1 X135.804 Y91.142
M204 P1500
;TYPE:Inner wall
;WIDTH:0.45
G1 F1657
G1 X135.831 Y91.145 E.00088
G2 X135.994 Y86.848 I.166 J-2.145 E.22284
G1 X135.831 Y86.854 E.00525
G2 X135.498 Y91.092 I.166 J2.145 E.1958
G1 X135.745 Y91.132 E.00804
; stop printing object base_plate.stl id:0 copy 0
;LAYER_CHANGE
;Z:5.64
;HEIGHT:0.2
G92 E0 ; zero the extruded length again
; BEFORE_LAYER_CHANGE 27 @ 5.64mm
G1 E-1.75 F6000
;WIPE_START
G1 X135.831 Y91.145 E-.06555
G1 X136.169 Y91.146 E-.25355
G1 X136.502 Y91.093 E-.25315
G1 X136.665 Y91.047 E-.12679
G1 X136.728 Y91.021 E-.05096
;WIPE_END
; AFTER_LAYER_CHANGE 27 @ 5.64mm
;_SET_FAN_SPEED_CHANGING_LAYER
; printing object base_plate.stl id:0 copy 0
G17
G3 Z5.84 I.571 J-.211 P1  F18000
G1 X136.718 Y90.995 Z5.84
G1 X136.656 Y91.018
G1 X136.495 Y91.064
G1 X136.332 Y91.096
G1 X136.167 Y91.116
G1 X136 Y91.122
G1 X135.833 Y91.116
G1 X134.702 Y91.05
G1 X84.336 Y91.402
G1 X84.379 Y91.762
G1 Z5.64
G1 E2.5 F6000
M204 P1000
;TYPE:Outer wall
;WIDTH:0.42
G1 F1656
G1 X84.219 Y91.78 E.00479
G3 X84.015 Y86.211 I-.211 J-2.781 E.26744
G1 X84.219 Y86.219 E.00607
G3 X84.438 Y91.755 I-.211 J2.781 E.24182
G1 X84.38 Y91.397 F18000
G1 X84.352 Y91.401
G1 X84.348 Y91.37
M204 P1500
;TYPE:Inner wall
;WIDTH:0.45
G1 F1656
G1 X84 Y91.39 E.01121
G3 X83.81 Y86.61 I0 J-2.394 E.2357
G1 X84.001 Y86.604 E.00612
G3 X84.188 Y86.61 I.051 J1.282 E.00604
G3 X84.406 Y91.356 I-.188 J2.386 E.22268
M204 T1000
G1 E-1.75 F6000
;WIPE_START
G1 X84 Y91.39 E-.30554
G1 X83.625 Y91.368 E-.28171
G1 X83.414 Y91.317 E-.16276
;WIPE_END
G1 X83.487 Y91.059 Z5.84 F18000
G1 X83.505 Y91.064
G1 X83.668 Y91.096
G1 X83.833 Y91.116
G1 X83.948 Y91.12
G1 X83.963 Y90.755
G1 Z5.64
G1 E2.5 F6000
M204 P1000
;TYPE:Outer wall
;WIDTH:0.42
G1 F1656
G1 X84.138 Y90.753 E.00523
G2 X83.992 Y87.24 I-.142 J-1.754 E.16055
G1 X83.862 Y87.245 E.00387
G2 X83.862 Y90.754 I.134 J1.754 E.15664
G1 X83.903 Y90.754 E.00121
M204 T2000
G1 X83.888 Y91.118 F18000
G1 X83.833 Y91.116
G1 X83.807 Y91.113
G1 X83.804 Y91.142
M204 P1500
;TYPE:Inner wall
;WIDTH:0.45
G1 F1656
G1 X83.831 Y91.145 E.00088
G2 X83.991 Y86.848 I.165 J-2.145 E.22283
G1 X83.831 Y86.854 E.00514
G2 X83.498 Y91.093 I.165 J2.145 E.19591
G1 X83.745 Y91.132 E.00804
G1 E-1.75 F6000
;WIPE_START
G1 X83.831 Y91.145 E-.06556
G1 X84.169 Y91.146 E-.25358
G1 X84.502 Y91.093 E-.25313
G1 X84.665 Y91.047 E-.12681
G1 X84.728 Y91.021 E-.05092
;WIPE_END
G1 X84.824 Y91.281 Z5.84 F18000
G1 X84.421 Y128.611
G1 X86.242 Y130.071
G1 X86.069 Y132.268
G1 X84.38 Y133.397
G1 X84.336 Y133.402
G1 X84.379 Y133.762
G1 Z5.64
G1 E2.5 F6000
M204 P1000
;TYPE:Outer wall
;WIDTH:0.42
G1 F1656
G1 X84.219 Y133.78 E.00479
G3 X84.015 Y128.211 I-.211 J-2.781 E.26744
G1 X84.219 Y128.219 E.00607
G3 X84.438 Y133.755 I-.211 J2.781 E.24182
G1 X84.38 Y133.397 F18000
G1 X84.352 Y133.401
G1 X84.348 Y133.37
M204 P1500
;TYPE:Inner wall
;WIDTH:0.45
G1 F1656
G1 X84 Y133.39 E.01121
G3 X83.81 Y128.61 I0 J-2.394 E.2357
G1 X84.001 Y128.604 E.00612
G3 X84.188 Y128.61 I.051 J1.282 E.00604
G3 X84.406 Y133.356 I-.188 J2.386 E.22268
M204 T1000
G1 E-1.75 F6000
;WIPE_START
G1 X84 Y133.39 E-.30554
G1 X83.625 Y133.368 E-.28171
G1 X83.414 Y133.317 E-.16276
;WIPE_END
G1 X83.487 Y133.059 Z5.84 F18000
G1 X83.505 Y133.064
G1 X83.668 Y133.096
G1 X83.833 Y133.116
G1 X83.895 Y133.118
G1 X83.909 Y132.755
G1 Z5.64
G1 E2.5 F6000
M204 P1000
;TYPE:Outer wall
;WIDTH:0.42
G1 F1656
G1 X84.138 Y132.753 E.00681
G2 X83.992 Y129.24 I-.142 J-1.754 E.16055
G1 X83.862 Y129.245 E.00387
G2 X83.849 Y132.753 I.134 J1.754 E.15627
M204 T2000
G1 X83.807 Y133.113 F18000
G1 X83.807 Y133.113
G1 X83.804 Y133.142
M204 P1500
;TYPE:Inner wall
;WIDTH:0.45
G1 F1656
G1 X83.831 Y133.145 E.00088
G2 X83.991 Y128.848 I.165 J-2.145 E.22283
G1 X83.831 Y128.854 E.00514
G2 X83.498 Y133.093 I.165 J2.145 E.19591
G1 X83.745 Y133.132 E.00804
G1 E-1.75 F6000
;WIPE_START
G1 X83.831 Y133.145 E-.06556
G1 X84.169 Y133.146 E-.25358
G1 X84.502 Y133.093 E-.25313
G1 X84.665 Y133.047 E-.12681
G1 X84.728 Y133.021 E-.05092
;WIPE_END
G1 X84.824 Y133.281 Z5.84 F18000
G1 X136.336 Y133.402
G1 X136.379 Y133.762
G1 Z5.64
G1 E2.5 F6000
M204 P1000
;TYPE:Outer wall
;WIDTH:0.42
G1 F1656
G1 X136.219 Y133.78 E.00479
G3 X136.015 Y128.211 I-.211 J-2.781 E.26744
G1 X136.219 Y128.219 E.00607
G3 X136.438 Y133.755 I-.211 J2.781 E.24182
G1 X136.38 Y133.397 F18000
G1 X136.352 Y133.401
G1 X136.348 Y133.37
M204 P1500
;TYPE:Inner wall
;WIDTH:0.45
G1 F1656
G1 X136 Y133.39 E.01121
G3 X135.81 Y128.61 I0 J-2.394 E.2357
G1 X136.001 Y128.604 E.00612
G3 X136.188 Y128.61 I.051 J1.282 E.00604
G3 X136.406 Y133.356 I-.188 J2.386 E.22268
M204 T1000
G1 E-1.75 F6000
;WIPE_START
G1 X136 Y133.39 E-.30553
G1 X135.625 Y133.368 E-.28171
G1 X135.414 Y133.317 E-.16276
;WIPE_END
G1 X135.487 Y133.059 Z5.84 F18000
G1 X135.505 Y133.064
G1 X135.668 Y133.096
G1 X135.833 Y133.116
G1 X135.895 Y133.118
G1 X135.909 Y132.755
G1 Z5.64
G1 E2.5 F6000
M204 P1000
;TYPE:Outer wall
;WIDTH:0.42
G1 F1656
G1 X136.138 Y132.753 E.00681
G2 X135.992 Y129.24 I-.142 J-1.754 E.16055
G1 X135.862 Y129.245 E.00387
G2 X135.849 Y132.753 I.134 J1.754 E.15627
M204 T2000
G1 X135.807 Y133.113 F18000
G1 X135.807 Y133.113
G1 X135.804 Y133.142
M204 P1500
;TYPE:Inner wall
;WIDTH:0.45
G1 F1656
G1 X135.831 Y133.145 E.00088
G2 X135.991 Y128.848 I.165 J-2.145 E.22283
G1 X135.831 Y128.854 E.00514
G2 X135.498 Y133.093 I.165 J2.145 E.19591
G1 X135.745 Y133.132 E.00804
G1 E-1.75 F6000
;WIPE_START
G1 X135.831 Y133.145 E-.06556
G1 X136.169 Y133.146 E-.25358
G1 X136.502 Y133.093 E-.25313
G1 X136.665 Y133.047 E-.12681
G1 X136.728 Y133.021 E-.05091
;WIPE_END
G1 X136.718 Y132.995 Z5.84 F18000
G1 X136.812 Y132.961
G1 X136.964 Y132.891
G1 X137.109 Y132.81
G1 X137.247 Y132.717
G1 X137.378 Y132.614
G1 X137.501 Y132.501
G1 X137.614 Y132.378
G1 X137.717 Y132.247
G1 X137.81 Y132.109
G1 X137.891 Y131.964
G1 X137.961 Y131.812
G1 X138.018 Y131.656
G1 X138.064 Y131.495
G1 X138.096 Y131.332
G1 X138.116 Y131.167
G1 X138.122 Y131
G1 X138.116 Y130.833
G1 X138.096 Y130.668
G1 X138.064 Y130.505
G1 X138.018 Y130.344
G1 X137.961 Y130.188
G1 X137.891 Y130.036
G1 X137.81 Y129.891
G1 X137.717 Y129.753
G1 X137.614 Y129.622
G1 X137.501 Y129.499
G1 X136.691 Y128.675
G1 X136.336 Y91.402
G1 X136.379 Y91.762
G1 Z5.64
G1 E2.5 F6000
M204 P1000
;TYPE:Outer wall
;WIDTH:0.42
G1 F1656
G1 X136.219 Y91.78 E.00479
G3 X136.015 Y86.211 I-.211 J-2.781 E.26744
G1 X136.219 Y86.219 E.00607
G3 X136.438 Y91.755 I-.211 J2.781 E.24182
G1 X136.38 Y91.397 F18000
G1 X136.352 Y91.401
G1 X136.348 Y91.37
M204 P1500
;TYPE:Inner wall
;WIDTH:0.45
G1 F1656
G1 X136 Y91.39 E.01121
G3 X135.81 Y86.61 I0 J-2.394 E.2357
G1 X136.001 Y86.604 E.00612
G3 X136.188 Y86.61 I.051 J1.282 E.00604
G3 X136.406 Y91.356 I-.188 J2.386 E.22268
M204 T1000
G1 E-1.75 F6000
;WIPE_START
G1 X136 Y91.39 E-.30553
G1 X135.625 Y91.368 E-.28171
G1 X135.414 Y91.317 E-.16276
;WIPE_END
G1 X135.487 Y91.059 Z5.84 F18000
G1 X135.505 Y91.064
G1 X135.668 Y91.096
G1 X135.833 Y91.116
G1 X135.895 Y91.118
G1 X135.909 Y90.755
G1 Z5.64
G1 E2.5 F6000
M204 P1000
;TYPE:Outer wall
;WIDTH:0.42
G1 F1656
G1 X136.138 Y90.753 E.00681
G2 X135.992 Y87.24 I-.142 J-1.754 E.16055
G1 X135.862 Y87.245 E.00387
G2 X135.849 Y90.753 I.134 J1.754 E.15627
M204 T2000
G1 X135.807 Y91.113 F18000
G1 X135.807 Y91.113
G1 X135.804 Y91.142
M204 P1500
;TYPE:Inner wall
;WIDTH:0.45
G1 F1656
G1 X135.831 Y91.145 E.00088
G2 X135.991 Y86.848 I.165 J-2.145 E.22283
G1 X135.831 Y86.854 E.00514
G2 X135.498 Y91.093 I.165 J2.145 E.19591
G1 X135.745 Y91.132 E.00804
; stop printing object base_plate.stl id:0 copy 0
;LAYER_CHANGE
;Z:5.84
;HEIGHT:0.2
G92 E0 ; zero the extruded length again
; BEFORE_LAYER_CHANGE 28 @ 5.84mm
G1 E-1.75 F6000
;WIPE_START
G1 X135.831 Y91.145 E-.06556
G1 X136.169 Y91.146 E-.25358
G1 X136.502 Y91.093 E-.25313
G1 X136.665 Y91.047 E-.12681
G1 X136.728 Y91.021 E-.05092
;WIPE_END
; AFTER_LAYER_CHANGE 28 @ 5.84mm
;_SET_FAN_SPEED_CHANGING_LAYER
; printing object base_plate.stl id:0 copy 0
G17
G3 Z6.04 I.571 J-.211 P1  F18000
G1 X136.718 Y90.995 Z6.04
G1 X136.656 Y91.018
G1 X136.495 Y91.064
G1 X136.332 Y91.096
G1 X136.167 Y91.116
G1 X136 Y91.122
G1 X135.833 Y91.116
G1 X134.702 Y91.05
G1 X84.327 Y91.403
G1 X84.37 Y91.761
G1 Z5.84
G1 E2.5 F6000
M204 P1000
;TYPE:Outer wall
;WIDTH:0.42
G1 F1649
G1 X84 Y91.781 E.01103
G3 X83.78 Y86.219 I0 J-2.786 E.25411
G3 X84.219 Y86.219 I.22 J3.061 E.01307
G3 X84.435 Y91.747 I-.219 J2.777 E.24114
G1 X84.428 Y91.749 E.0002
G1 X84.38 Y91.397 F18000
G1 X84.343 Y91.402
G1 X84.339 Y91.371
M204 P1500
;TYPE:Inner wall
;WIDTH:0.45
G1 F1649
G1 X84 Y91.39 E.01092
G3 X83.81 Y86.61 I0 J-2.394 E.23567
G1 X83.918 Y86.607 E.00346
G3 X84.188 Y86.61 I.113 J1.89 E.00871
G3 X84.397 Y91.357 I-.188 J2.386 E.22297
M204 T1000
G1 E-1.75 F6000
;WIPE_START
G1 X84 Y91.39 E-.29899
G1 X83.625 Y91.368 E-.28171
G1 X83.406 Y91.315 E-.1693
;WIPE_END
G1 X83.479 Y91.056 Z6.04 F18000
G1 X83.505 Y91.064
G1 X83.668 Y91.096
G1 X83.833 Y91.116
G1 X83.95 Y91.12
G1 X83.964 Y90.755
G1 Z5.84
G1 E2.5 F6000
M204 P1000
;TYPE:Outer wall
;WIDTH:0.42
G1 F1649
G1 X84.138 Y90.753 E.00519
G2 X83.988 Y87.24 I-.144 J-1.754 E.16055
G1 X83.862 Y87.245 E.00378
G2 X83.862 Y90.754 I.133 J1.754 E.15673
G1 X83.904 Y90.754 E.00125
M204 T2000
G1 X83.89 Y91.118 F18000
G1 X83.833 Y91.116
G1 X83.807 Y91.113
G1 X83.804 Y91.142
M204 P1500
;TYPE:Inner wall
;WIDTH:0.45
G1 F1649
G1 X83.831 Y91.144 E.00088
G2 X84.167 Y86.854 I.175 J-2.145 E.21786
G1 X83.987 Y86.848 E.00579
G2 X83.498 Y91.09 I.02 J2.152 E.20024
G1 X83.745 Y91.132 E.00803
G1 E-1.75 F6000
;WIPE_START
G1 X83.831 Y91.144 E-.06549
G1 X84 Y91.153 E-.12686
G1 X84.169 Y91.146 E-.12692
G1 X84.502 Y91.093 E-.25313
G1 X84.728 Y91.02 E-.17759
;WIPE_END
G1 X84.824 Y91.281 Z6.04 F18000
G1 X84.413 Y128.609
G1 X86.242 Y130.071
G1 X86.069 Y132.268
G1 X84.38 Y133.397
G1 X84.327 Y133.403
G1 X84.37 Y133.761
G1 Z5.84
G1 E2.5 F6000
M204 P1000
;TYPE:Outer wall
;WIDTH:0.42
G1 F1649
G1 X84 Y133.781 E.01103
G3 X83.78 Y128.219 I0 J-2.786 E.25411
G3 X84.219 Y128.219 I.22 J3.061 E.01307
G3 X84.435 Y133.747 I-.219 J2.777 E.24114
G1 X84.428 Y133.749 E.0002
G1 X84.38 Y133.397 F18000
G1 X84.343 Y133.402
G1 X84.339 Y133.371
M204 P1500
;TYPE:Inner wall
;WIDTH:0.45
G1 F1649
G1 X84 Y133.39 E.01092
G3 X83.81 Y128.61 I0 J-2.394 E.23567
G1 X83.918 Y128.607 E.00346
G3 X84.188 Y128.61 I.113 J1.89 E.00871
G3 X84.397 Y133.357 I-.188 J2.386 E.22297
M204 T1000
G1 E-1.75 F6000
;WIPE_START
G1 X84 Y133.39 E-.299
G1 X83.625 Y133.368 E-.28171
G1 X83.406 Y133.315 E-.16929
;WIPE_END
G1 X83.479 Y133.056 Z6.04 F18000
G1 X83.505 Y133.064
G1 X83.668 Y133.096
G1 X83.833 Y133.116
G1 X83.897 Y133.118
G1 X83.911 Y132.755
G1 Z5.84
G1 E2.5 F6000
M204 P1000
;TYPE:Outer wall
;WIDTH:0.42
G1 F1649
G1 X84.138 Y132.753 E.00676
G2 X83.988 Y129.24 I-.144 J-1.754 E.16055
G1 X83.862 Y129.245 E.00378
G2 X83.851 Y132.753 I.133 J1.754 E.15641
M204 T2000
G1 X83.809 Y133.113 F18000
G1 X83.807 Y133.113
G1 X83.804 Y133.142
M204 P1500
;TYPE:Inner wall
;WIDTH:0.45
G1 F1649
G1 X83.831 Y133.144 E.00088
G2 X84.167 Y128.854 I.175 J-2.145 E.21786
G1 X83.987 Y128.848 E.00579
G2 X83.498 Y133.09 I.02 J2.152 E.20024
G1 X83.745 Y133.132 E.00803
G1 E-1.75 F6000
;WIPE_START
G1 X83.831 Y133.144 E-.0655
G1 X84 Y133.153 E-.12686
G1 X84.169 Y133.146 E-.12692
G1 X84.502 Y133.093 E-.25313
G1 X84.728 Y133.02 E-.17758
;WIPE_END
G1 X84.824 Y133.281 Z6.04 F18000
G1 X136.327 Y133.403
G1 X136.37 Y133.761
G1 Z5.84
G1 E2.5 F6000
M204 P1000
;TYPE:Outer wall
;WIDTH:0.42
G1 F1649
G1 X136 Y133.781 E.01103
G3 X135.78 Y128.219 I0 J-2.786 E.25411
G3 X136.219 Y128.219 I.22 J3.061 E.01307
G3 X136.435 Y133.747 I-.219 J2.777 E.24114
G1 X136.428 Y133.749 E.0002
G1 X136.38 Y133.397 F18000
G1 X136.343 Y133.402
G1 X136.339 Y133.371
M204 P1500
;TYPE:Inner wall
;WIDTH:0.45
G1 F1649
G1 X136 Y133.39 E.01092
G3 X135.81 Y128.61 I0 J-2.394 E.23567
G1 X135.918 Y128.607 E.00346
G3 X136.188 Y128.61 I.113 J1.89 E.00871
G3 X136.397 Y133.357 I-.188 J2.386 E.22297
M204 T1000
G1 E-1.75 F6000
;WIPE_START
G1 X136 Y133.39 E-.299
G1 X135.625 Y133.368 E-.28171
G1 X135.406 Y133.315 E-.16929
;WIPE_END
G1 X135.479 Y133.056 Z6.04 F18000
G1 X135.505 Y133.064
G1 X135.668 Y133.096
G1 X135.833 Y133.116
G1 X135.897 Y133.118
G1 X135.911 Y132.755
G1 Z5.84
G1 E2.5 F6000
M204 P1000
;TYPE:Outer wall
;WIDTH:0.42
G1 F1649
G1 X136.138 Y132.753 E.00676
G2 X135.988 Y129.24 I-.144 J-1.754 E.16055
G1 X135.862 Y129.245 E.00378
G2 X135.851 Y132.753 I.133 J1.754 E.15641
M204 T2000
G1 X135.809 Y133.113 F18000
G1 X135.807 Y133.113
G1 X135.804 Y133.142
M204 P1500
;TYPE:Inner wall
;WIDTH:0.45
G1 F1649
G1 X135.831 Y133.144 E.00088
G2 X136.167 Y128.854 I.175 J-2.145 E.21786
G1 X135.987 Y128.848 E.00579
G2 X135.498 Y133.09 I.02 J2.152 E.20024
G1 X135.745 Y133.132 E.00803
G1 E-1.75 F6000
;WIPE_START
G1 X135.831 Y133.144 E-.06551
G1 X136 Y133.153 E-.12686
G1 X136.169 Y133.146 E-.12692
G1 X136.502 Y133.093 E-.25314
G1 X136.728 Y133.02 E-.17757
;WIPE_END
G1 X136.719 Y132.995 Z6.04 F18000
G1 X136.812 Y132.961
G1 X136.964 Y132.891
G1 X137.109 Y132.81
G1 X137.247 Y132.717
G1 X137.378 Y132.614
G1 X137.501 Y132.501
G1 X137.614 Y132.378
G1 X137.717 Y132.247
G1 X137.81 Y132.109
G1 X137.891 Y131.964
G1 X137.961 Y131.812
G1 X138.018 Y131.656
G1 X138.064 Y131.495
G1 X138.096 Y131.332
G1 X138.116 Y131.167
G1 X138.122 Y131
G1 X138.116 Y130.833
G1 X138.096 Y130.668
G1 X138.064 Y130.505
G1 X138.018 Y130.344
G1 X137.961 Y130.188
G1 X137.891 Y130.036
G1 X137.81 Y129.891
G1 X137.717 Y129.753
G1 X137.614 Y129.622
G1 X137.501 Y129.499
G1 X136.69 Y128.675
G1 X136.327 Y91.403
G1 X136.37 Y91.761
G1 Z5.84
G1 E2.5 F6000
M204 P1000
;TYPE:Outer wall
;WIDTH:0.42
G1 F1649
G1 X136 Y91.781 E.01103
G3 X135.78 Y86.219 I0 J-2.786 E.25411
G3 X136.219 Y86.219 I.22 J3.061 E.01307
G3 X136.435 Y91.747 I-.219 J2.777 E.24114
G1 X136.428 Y91.749 E.0002
G1 X136.38 Y91.397 F18000
G1 X136.343 Y91.402
G1 X136.339 Y91.371
M204 P1500
;TYPE:Inner wall
;WIDTH:0.45
G1 F1649
G1 X136 Y91.39 E.01092
G3 X135.81 Y86.61 I0 J-2.394 E.23567
G1 X135.918 Y86.607 E.00346
G3 X136.188 Y86.61 I.113 J1.89 E.00871
G3 X136.397 Y91.357 I-.188 J2.386 E.22297
M204 T1000
G1 E-1.75 F6000
;WIPE_START
G1 X136 Y91.39 E-.29899
G1 X135.625 Y91.368 E-.28171
G1 X135.406 Y91.315 E-.16929
;WIPE_END
G1 X135.479 Y91.056 Z6.04 F18000
G1 X135.505 Y91.064
G1 X135.668 Y91.096
G1 X135.833 Y91.116
G1 X135.897 Y91.118
G1 X135.911 Y90.755
G1 Z5.84
G1 E2.5 F6000
M204 P1000
;TYPE:Outer wall
;WIDTH:0.42
G1 F1649
G1 X136.138 Y90.753 E.00676
G2 X135.988 Y87.24 I-.144 J-1.754 E.16055
G1 X135.862 Y87.245 E.00378
G2 X135.851 Y90.753 I.133 J1.754 E.15641
M204 T2000
G1 X135.809 Y91.113 F18000
G1 X135.807 Y91.113
G1 X135.804 Y91.142
M204 P1500
;TYPE:Inner wall
;WIDTH:0.45
G1 F1649
G1 X135.831 Y91.144 E.00088
G2 X136.167 Y86.854 I.175 J-2.145 E.21786
G1 X135.987 Y86.848 E.00579
G2 X135.498 Y91.09 I.02 J2.152 E.20024
G1 X135.745 Y91.132 E.00803
; stop printing object base_plate.stl id:0 copy 0
;LAYER_CHANGE
;Z:6.04
;HEIGHT:0.2
G92 E0 ; zero the extruded length again
; BEFORE_LAYER_CHANGE 29 @ 6.04mm
G1 E-1.75 F6000
;WIPE_START
G1 X135.831 Y91.144 E-.06551
G1 X136 Y91.153 E-.12686
G1 X136.169 Y91.146 E-.12692
G1 X136.502 Y91.093 E-.25313
G1 X136.728 Y91.02 E-.17757
;WIPE_END
; AFTER_LAYER_CHANGE 29 @ 6.04mm
;_SET_FAN_SPEED_CHANGING_LAYER
; printing object base_plate.stl id:0 copy 0
G17
G3 Z6.24 I.571 J-.211 P1  F18000
G1 X136.719 Y90.995 Z6.24
G1 X136.656 Y91.018
G1 X136.495 Y91.064
G1 X136.332 Y91.096
G1 X136.167 Y91.116
G1 X136 Y91.122
G1 X135.833 Y91.116
G1 X134.701 Y91.049
G1 X84.318 Y91.405
G1 X84.361 Y91.761
G1 Z6.04
G1 E2.5 F6000
M204 P1000
;TYPE:Outer wall
;WIDTH:0.42
G1 F1649
G1 X84 Y91.781 E.01076
G3 X83.78 Y86.219 I0 J-2.786 E.2541
G3 X84.219 Y86.219 I.22 J3.132 E.01308
G3 X84.435 Y91.747 I-.219 J2.777 E.24114
G1 X84.42 Y91.75 E.00047
G1 X84.378 Y91.397 F18000
G1 X84.334 Y91.403
G1 X84.33 Y91.372
M204 P1500
;TYPE:Inner wall
;WIDTH:0.45
G1 F1649
G1 X84 Y91.39 E.01063
G3 X83.809 Y86.61 I.001 J-2.394 E.23565
G1 X83.965 Y86.605 E.005
G3 X84.188 Y86.61 I.079 J1.597 E.00719
G3 X84.388 Y91.358 I-.188 J2.386 E.22326
M204 T1000
G1 E-1.75 F6000
;WIPE_START
G1 X84 Y91.39 E-.29232
G1 X83.625 Y91.368 E-.28171
G1 X83.397 Y91.313 E-.17598
;WIPE_END
G1 X83.47 Y91.054 Z6.24 F18000
G1 X83.505 Y91.064
G1 X83.668 Y91.096
G1 X83.833 Y91.116
G1 X83.951 Y91.12
G1 X83.965 Y90.755
G1 Z6.04
G1 E2.5 F6000
M204 P1000
;TYPE:Outer wall
;WIDTH:0.42
G1 F1649
G1 X84.138 Y90.753 E.00515
G2 X83.985 Y87.24 I-.145 J-1.753 E.16054
G1 X83.862 Y87.245 E.00368
G2 X83.862 Y90.754 I.131 J1.755 E.15682
G1 X83.905 Y90.754 E.0013
M204 T2000
G1 X83.891 Y91.118 F18000
G1 X83.833 Y91.116
G1 X83.807 Y91.113
G1 X83.804 Y91.142
M204 P1500
;TYPE:Inner wall
;WIDTH:0.45
G1 F1649
G1 X83.831 Y91.144 E.00088
G2 X84.166 Y86.854 I.18 J-2.144 E.21815
G1 X83.973 Y86.848 E.0062
G2 X83.498 Y91.089 I.037 J2.151 E.19952
G1 X83.745 Y91.132 E.00803
G1 E-1.75 F6000
;WIPE_START
G1 X83.831 Y91.144 E-.06548
G1 X84 Y91.153 E-.12686
G1 X84.169 Y91.146 E-.12692
G1 X84.502 Y91.093 E-.25313
G1 X84.728 Y91.02 E-.17761
;WIPE_END
G1 X84.824 Y91.281 Z6.24 F18000
G1 X84.405 Y128.608
G1 X86.242 Y130.071
G1 X86.069 Y132.268
G1 X84.38 Y133.397
G1 X84.318 Y133.405
G1 X84.361 Y133.761
G1 Z6.04
G1 E2.5 F6000
M204 P1000
;TYPE:Outer wall
;WIDTH:0.42
G1 F1649
G1 X84 Y133.781 E.01076
G3 X83.78 Y128.219 I0 J-2.786 E.2541
G3 X84.219 Y128.219 I.22 J3.132 E.01308
G3 X84.435 Y133.747 I-.219 J2.777 E.24114
G1 X84.42 Y133.75 E.00047
G1 X84.378 Y133.397 F18000
G1 X84.334 Y133.403
G1 X84.33 Y133.372
M204 P1500
;TYPE:Inner wall
;WIDTH:0.45
G1 F1649
G1 X84 Y133.39 E.01063
G3 X83.809 Y128.61 I.001 J-2.394 E.23565
G1 X83.965 Y128.605 E.005
G3 X84.188 Y128.61 I.079 J1.597 E.00719
G3 X84.388 Y133.358 I-.188 J2.386 E.22326
M204 T1000
G1 E-1.75 F6000
;WIPE_START
G1 X84 Y133.39 E-.29232
G1 X83.625 Y133.368 E-.28171
G1 X83.397 Y133.313 E-.17598
;WIPE_END
G1 X83.47 Y133.054 Z6.24 F18000
G1 X83.505 Y133.064
G1 X83.668 Y133.096
G1 X83.833 Y133.116
G1 X83.899 Y133.118
G1 X83.913 Y132.755
G1 Z6.04
G1 E2.5 F6000
M204 P1000
;TYPE:Outer wall
;WIDTH:0.42
G1 F1649
G1 X84.138 Y132.753 E.0067
G2 X83.985 Y129.24 I-.145 J-1.753 E.16054
G1 X83.862 Y129.245 E.00368
G2 X83.853 Y132.754 I.131 J1.755 E.15656
M204 T2000
G1 X83.811 Y133.113 F18000
G1 X83.807 Y133.113
G1 X83.804 Y133.142
M204 P1500
;TYPE:Inner wall
;WIDTH:0.45
G1 F1649
G1 X83.831 Y133.144 E.00088
G2 X84.166 Y128.854 I.18 J-2.144 E.21815
G1 X83.973 Y128.848 E.0062
G2 X83.498 Y133.089 I.037 J2.151 E.19952
G1 X83.745 Y133.132 E.00803
G1 E-1.75 F6000
;WIPE_START
G1 X83.831 Y133.144 E-.0655
G1 X84 Y133.153 E-.12686
G1 X84.169 Y133.146 E-.12692
G1 X84.502 Y133.093 E-.25313
G1 X84.728 Y133.02 E-.1776
;WIPE_END
G1 X84.824 Y133.281 Z6.24 F18000
G1 X136.318 Y133.405
G1 X136.361 Y133.761
G1 Z6.04
G1 E2.5 F6000
M204 P1000
;TYPE:Outer wall
;WIDTH:0.42
G1 F1649
G1 X136 Y133.781 E.01076
G3 X135.78 Y128.219 I0 J-2.786 E.2541
G3 X136.219 Y128.219 I.22 J3.132 E.01308
G3 X136.435 Y133.747 I-.219 J2.777 E.24114
G1 X136.42 Y133.75 E.00047
G1 X136.378 Y133.397 F18000
G1 X136.334 Y133.403
G1 X136.33 Y133.372
M204 P1500
;TYPE:Inner wall
;WIDTH:0.45
G1 F1649
G1 X136 Y133.39 E.01063
G3 X135.809 Y128.61 I.001 J-2.394 E.23565
G1 X135.965 Y128.605 E.005
G3 X136.188 Y128.61 I.079 J1.597 E.00719
G3 X136.388 Y133.358 I-.188 J2.386 E.22326
M204 T1000
G1 E-1.75 F6000
;WIPE_START
G1 X136 Y133.39 E-.29231
G1 X135.625 Y133.368 E-.28171
G1 X135.397 Y133.313 E-.17598
;WIPE_END
G1 X135.47 Y133.054 Z6.24 F18000
G1 X135.505 Y133.064
G1 X135.668 Y133.096
G1 X135.833 Y133.116
G1 X135.899 Y133.118
G1 X135.913 Y132.755
G1 Z6.04
G1 E2.5 F6000
M204 P1000
;TYPE:Outer wall
;WIDTH:0.42
G1 F1649
G1 X136.138 Y132.753 E.0067
G2 X135.985 Y129.24 I-.145 J-1.753 E.16054
G1 X135.862 Y129.245 E.00368
G2 X135.853 Y132.754 I.131 J1.755 E.15656
M204 T2000
G1 X135.811 Y133.113 F18000
G1 X135.807 Y133.113
G1 X135.804 Y133.142
M204 P1500
;TYPE:Inner wall
;WIDTH:0.45
G1 F1649
G1 X135.831 Y133.144 E.00088
G2 X136.166 Y128.854 I.18 J-2.144 E.21815
G1 X135.973 Y128.848 E.0062
G2 X135.498 Y133.089 I.037 J2.151 E.19952
G1 X135.745 Y133.132 E.00803
G1 E-1.75 F6000
;WIPE_START
G1 X135.831 Y133.144 E-.0655
G1 X136 Y133.153 E-.12686
G1 X136.169 Y133.146 E-.12692
G1 X136.502 Y133.093 E-.25313
G1 X136.728 Y133.02 E-.1776
;WIPE_END
G1 X136.719 Y132.995 Z6.24 F18000
G1 X136.812 Y132.961
G1 X136.964 Y132.891
G1 X137.109 Y132.81
G1 X137.247 Y132.717
G1 X137.378 Y132.614
G1 X137.501 Y132.501
G1 X137.614 Y132.378
G1 X137.717 Y132.247
G1 X137.81 Y132.109
G1 X137.891 Y131.964
G1 X137.961 Y131.812
G1 X138.018 Y131.656
G1 X138.064 Y131.495
G1 X138.096 Y131.332
G1 X138.116 Y131.167
G1 X138.122 Y131
G1 X138.116 Y130.833
G1 X138.096 Y130.668
G1 X138.064 Y130.505
G1 X138.018 Y130.344
G1 X137.961 Y130.188
G1 X137.891 Y130.036
G1 X137.81 Y129.891
G1 X137.717 Y129.753
G1 X137.614 Y129.622
G1 X137.501 Y129.499
G1 X136.689 Y128.674
G1 X136.318 Y91.405
G1 X136.361 Y91.761
G1 Z6.04
G1 E2.5 F6000
M204 P1000
;TYPE:Outer wall
;WIDTH:0.42
G1 F1649
G1 X136 Y91.781 E.01076
G3 X135.78 Y86.219 I0 J-2.786 E.2541
G3 X136.219 Y86.219 I.22 J3.132 E.01308
G3 X136.435 Y91.747 I-.219 J2.777 E.24114
G1 X136.42 Y91.75 E.00047
G1 X136.378 Y91.397 F18000
G1 X136.334 Y91.403
G1 X136.33 Y91.372
M204 P1500
;TYPE:Inner wall
;WIDTH:0.45
G1 F1649
G1 X136 Y91.39 E.01063
G3 X135.809 Y86.61 I.001 J-2.394 E.23565
G1 X135.965 Y86.605 E.005
G3 X136.188 Y86.61 I.079 J1.597 E.00719
G3 X136.388 Y91.358 I-.188 J2.386 E.22326
M204 T1000
G1 E-1.75 F6000
;WIPE_START
G1 X136 Y91.39 E-.29231
G1 X135.625 Y91.368 E-.28171
G1 X135.397 Y91.313 E-.17598
;WIPE_END
G1 X135.47 Y91.054 Z6.24 F18000
G1 X135.505 Y91.064
G1 X135.668 Y91.096
G1 X135.833 Y91.116
G1 X135.899 Y91.118
G1 X135.913 Y90.755
G1 Z6.04
G1 E2.5 F6000
M204 P1000
;TYPE:Outer wall
;WIDTH:0.42
G1 F1649
G1 X136.138 Y90.753 E.0067
G2 X135.985 Y87.24 I-.145 J-1.753 E.16054
G1 X135.862 Y87.245 E.00368
G2 X135.853 Y90.754 I.131 J1.755 E.15656
M204 T2000
G1 X135.811 Y91.113 F18000
G1 X135.807 Y91.113
G1 X135.804 Y91.142
M204 P1500
;TYPE:Inner wall
;WIDTH:0.45
G1 F1649
G1 X135.831 Y91.144 E.00088
G2 X136.166 Y86.854 I.18 J-2.144 E.21815
G1 X135.973 Y86.848 E.0062
G2 X135.498 Y91.089 I.037 J2.151 E.19952
G1 X135.745 Y91.132 E.00803
; stop printing object base_plate.stl id:0 copy 0
;LAYER_CHANGE
;Z:6.24
;HEIGHT:0.2
G92 E0 ; zero the extruded length again
; BEFORE_LAYER_CHANGE 30 @ 6.24mm
G1 E-1.75 F6000
;WIPE_START
G1 X135.831 Y91.144 E-.0655
G1 X136 Y91.153 E-.12686
G1 X136.169 Y91.146 E-.12692
G1 X136.502 Y91.093 E-.25313
G1 X136.728 Y91.02 E-.1776
;WIPE_END
; AFTER_LAYER_CHANGE 30 @ 6.24mm
;_SET_FAN_SPEED_CHANGING_LAYER
; printing object base_plate.stl id:0 copy 0
G17
G3 Z6.44 I.571 J-.211 P1  F18000
G1 X136.719 Y90.995 Z6.44
G1 X136.656 Y91.018
G1 X136.495 Y91.064
G1 X136.332 Y91.096
G1 X136.167 Y91.116
G1 X136 Y91.122
G1 X135.833 Y91.116
G1 X134.701 Y91.049
G1 X84.309 Y91.406
G1 X84.351 Y91.762
G1 Z6.24
G1 E2.5 F6000
M204 P1000
;TYPE:Outer wall
;WIDTH:0.42
G1 F1649
G1 X84 Y91.781 E.01048
G3 X83.78 Y86.219 I0 J-2.786 E.25409
G3 X84.219 Y86.219 I.22 J3.203 E.01308
G3 X84.435 Y91.747 I-.219 J2.777 E.24114
G1 X84.41 Y91.752 E.00075
G1 X84.368 Y91.399 F18000
G1 X84.324 Y91.404
G1 X84.321 Y91.372
M204 P1500
;TYPE:Inner wall
;WIDTH:0.45
G1 F1649
G1 X84 Y91.39 E.01032
G3 X83.809 Y86.61 I.001 J-2.394 E.23563
G1 X83.956 Y86.606 E.00473
G3 X84.188 Y86.61 I.087 J1.698 E.00748
G3 X84.379 Y91.36 I-.187 J2.386 E.22357
M204 T1000
G1 E-1.75 F6000
;WIPE_START
G1 X84 Y91.39 E-.28536
G1 X83.625 Y91.368 E-.28171
G1 X83.388 Y91.311 E-.18292
;WIPE_END
G1 X83.461 Y91.051 Z6.44 F18000
G1 X83.505 Y91.064
G1 X83.668 Y91.096
G1 X83.833 Y91.116
G1 X83.952 Y91.121
G1 X83.967 Y90.755
G1 Z6.24
G1 E2.5 F6000
M204 P1000
;TYPE:Outer wall
;WIDTH:0.42
G1 F1649
G1 X84.138 Y90.753 E.0051
G2 X83.982 Y87.24 I-.147 J-1.753 E.16054
G1 X83.862 Y87.245 E.00359
G2 X83.862 Y90.754 I.13 J1.755 E.15691
G1 X83.907 Y90.755 E.00134
M204 T2000
G1 X83.893 Y91.118 F18000
G1 X83.833 Y91.116
G1 X83.807 Y91.113
G1 X83.804 Y91.142
M204 P1500
;TYPE:Inner wall
;WIDTH:0.45
G1 F1649
G1 X83.831 Y91.139 E.00089
G2 X84.337 Y86.874 I.175 J-2.142 E.21206
G2 X83.964 Y86.848 I-.334 J2.089 E.01202
G1 X83.964 Y86.849 E.00004
G2 X83.499 Y91.086 I.042 J2.149 E.1993
G1 X83.745 Y91.131 E.00802
G1 E-1.75 F6000
;WIPE_START
G1 X83.831 Y91.139 E-.06535
G1 X84.169 Y91.146 E-.25328
G1 X84.502 Y91.093 E-.25313
G1 X84.665 Y91.047 E-.12682
G1 X84.729 Y91.021 E-.05142
;WIPE_END
G1 X84.824 Y91.281 Z6.44 F18000
G1 X84.397 Y128.606
G1 X86.242 Y130.071
G1 X86.069 Y132.268
G1 X84.38 Y133.397
G1 X84.309 Y133.406
G1 X84.351 Y133.762
G1 Z6.24
G1 E2.5 F6000
M204 P1000
;TYPE:Outer wall
;WIDTH:0.42
G1 F1649
G1 X84 Y133.781 E.01048
G3 X83.78 Y128.219 I0 J-2.786 E.25409
G3 X84.219 Y128.219 I.22 J3.203 E.01308
G3 X84.435 Y133.747 I-.219 J2.777 E.24114
G1 X84.41 Y133.752 E.00075
G1 X84.368 Y133.399 F18000
G1 X84.324 Y133.404
G1 X84.321 Y133.372
M204 P1500
;TYPE:Inner wall
;WIDTH:0.45
G1 F1649
G1 X84 Y133.39 E.01032
G3 X83.809 Y128.61 I.001 J-2.394 E.23563
G1 X83.956 Y128.606 E.00473
G3 X84.188 Y128.61 I.087 J1.698 E.00748
G3 X84.379 Y133.36 I-.187 J2.386 E.22357
M204 T1000
G1 E-1.75 F6000
;WIPE_START
G1 X84 Y133.39 E-.28536
G1 X83.625 Y133.368 E-.28171
G1 X83.388 Y133.311 E-.18292
;WIPE_END
G1 X83.461 Y133.051 Z6.44 F18000
G1 X83.505 Y133.064
G1 X83.668 Y133.096
G1 X83.833 Y133.116
G1 X83.901 Y133.118
G1 X83.915 Y132.755
G1 Z6.24
G1 E2.5 F6000
M204 P1000
;TYPE:Outer wall
;WIDTH:0.42
G1 F1649
G1 X84.138 Y132.753 E.00664
G2 X83.982 Y129.24 I-.147 J-1.753 E.16054
G1 X83.862 Y129.245 E.00359
G2 X83.855 Y132.754 I.13 J1.755 E.15671
M204 T2000
G1 X83.813 Y133.113 F18000
G1 X83.807 Y133.113
G1 X83.804 Y133.142
M204 P1500
;TYPE:Inner wall
;WIDTH:0.45
G1 F1649
G1 X83.831 Y133.139 E.00089
G2 X84.337 Y128.874 I.175 J-2.142 E.21206
G2 X83.964 Y128.848 I-.334 J2.089 E.01202
G1 X83.964 Y128.849 E.00004
G2 X83.499 Y133.086 I.042 J2.149 E.1993
G1 X83.745 Y133.131 E.00802
G1 E-1.75 F6000
;WIPE_START
G1 X83.831 Y133.139 E-.06535
G1 X84.169 Y133.146 E-.25328
G1 X84.502 Y133.093 E-.25313
G1 X84.665 Y133.047 E-.12682
G1 X84.729 Y133.021 E-.05142
;WIPE_END
G1 X84.824 Y133.281 Z6.44 F18000
G1 X136.309 Y133.406
G1 X136.351 Y133.762
G1 Z6.24
G1 E2.5 F6000
M204 P1000
;TYPE:Outer wall
;WIDTH:0.42
G1 F1649
G1 X136 Y133.781 E.01048
G3 X135.78 Y128.219 I0 J-2.786 E.25409
G3 X136.219 Y128.219 I.22 J3.203 E.01308
G3 X136.435 Y133.747 I-.219 J2.777 E.24114
G1 X136.41 Y133.752 E.00075
G1 X136.368 Y133.399 F18000
G1 X136.324 Y133.404
G1 X136.321 Y133.372
M204 P1500
;TYPE:Inner wall
;WIDTH:0.45
G1 F1649
G1 X136 Y133.39 E.01032
G3 X135.809 Y128.61 I.001 J-2.394 E.23563
G1 X135.956 Y128.606 E.00473
G3 X136.188 Y128.61 I.087 J1.698 E.00748
G3 X136.379 Y133.36 I-.187 J2.386 E.22357
M204 T1000
G1 E-1.75 F6000
;WIPE_START
G1 X136 Y133.39 E-.28536
G1 X135.625 Y133.368 E-.28171
G1 X135.388 Y133.311 E-.18293
;WIPE_END
G1 X135.461 Y133.051 Z6.44 F18000
G1 X135.505 Y133.064
G1 X135.668 Y133.096
G1 X135.833 Y133.116
G1 X135.901 Y133.118
G1 X135.915 Y132.755
G1 Z6.24
G1 E2.5 F6000
M204 P1000
;TYPE:Outer wall
;WIDTH:0.42
G1 F1649
G1 X136.138 Y132.753 E.00664
G2 X135.982 Y129.24 I-.147 J-1.753 E.16054
G1 X135.862 Y129.245 E.00359
G2 X135.855 Y132.754 I.13 J1.755 E.15671
M204 T2000
G1 X135.813 Y133.113 F18000
G1 X135.807 Y133.113
G1 X135.804 Y133.142
M204 P1500
;TYPE:Inner wall
;WIDTH:0.45
G1 F1649
G1 X135.831 Y133.139 E.00089
G2 X136.337 Y128.874 I.175 J-2.142 E.21206
G2 X135.964 Y128.848 I-.334 J2.089 E.01202
G1 X135.964 Y128.849 E.00004
G2 X135.499 Y133.086 I.042 J2.149 E.1993
G1 X135.745 Y133.131 E.00802
G1 E-1.75 F6000
;WIPE_START
G1 X135.831 Y133.139 E-.06535
G1 X136.169 Y133.146 E-.25328
G1 X136.502 Y133.093 E-.25313
G1 X136.665 Y133.047 E-.12682
G1 X136.729 Y133.021 E-.05142
;WIPE_END
G1 X136.719 Y132.995 Z6.44 F18000
G1 X136.812 Y132.961
G1 X136.964 Y132.891
G1 X137.109 Y132.81
G1 X137.247 Y132.717
G1 X137.378 Y132.614
G1 X137.501 Y132.501
G1 X137.614 Y132.378
G1 X137.717 Y132.247
G1 X137.81 Y132.109
G1 X137.891 Y131.964
G1 X137.961 Y131.812
G1 X138.018 Y131.656
G1 X138.064 Y131.495
G1 X138.096 Y131.332
G1 X138.116 Y131.167
G1 X138.122 Y131
G1 X138.116 Y130.833
G1 X138.096 Y130.668
G1 X138.064 Y130.505
G1 X138.018 Y130.344
G1 X137.961 Y130.188
G1 X137.891 Y130.036
G1 X137.81 Y129.891
G1 X137.717 Y129.753
G1 X137.614 Y129.622
G1 X137.501 Y129.499
G1 X136.689 Y128.674
G1 X136.309 Y91.406
G1 X136.351 Y91.762
G1 Z6.24
G1 E2.5 F6000
M204 P1000
;TYPE:Outer wall
;WIDTH:0.42
G1 F1649
G1 X136 Y91.781 E.01048
G3 X135.78 Y86.219 I0 J-2.786 E.25409
G3 X136.219 Y86.219 I.22 J3.203 E.01308
G3 X136.435 Y91.747 I-.219 J2.777 E.24114
G1 X136.41 Y91.752 E.00075
G1 X136.368 Y91.399 F18000
G1 X136.324 Y91.404
G1 X136.321 Y91.372
M204 P1500
;TYPE:Inner wall
;WIDTH:0.45
G1 F1649
G1 X136 Y91.39 E.01032
G3 X135.809 Y86.61 I.001 J-2.394 E.23563
G1 X135.956 Y86.606 E.00473
G3 X136.188 Y86.61 I.087 J1.698 E.00748
G3 X136.379 Y91.36 I-.187 J2.386 E.22357
M204 T1000
G1 E-1.75 F6000
;WIPE_START
G1 X136 Y91.39 E-.28536
G1 X135.625 Y91.368 E-.28171
G1 X135.388 Y91.311 E-.18293
;WIPE_END
G1 X135.461 Y91.051 Z6.44 F18000
G1 X135.505 Y91.064
G1 X135.668 Y91.096
G1 X135.833 Y91.116
G1 X135.901 Y91.118
G1 X135.915 Y90.755
G1 Z6.24
G1 E2.5 F6000
M204 P1000
;TYPE:Outer wall
;WIDTH:0.42
G1 F1649
G1 X136.138 Y90.753 E.00664
G2 X135.982 Y87.24 I-.147 J-1.753 E.16054
G1 X135.862 Y87.245 E.00359
G2 X135.855 Y90.754 I.13 J1.755 E.15671
M204 T2000
G1 X135.813 Y91.113 F18000
G1 X135.807 Y91.113
G1 X135.804 Y91.142
M204 P1500
;TYPE:Inner wall
;WIDTH:0.45
G1 F1649
G1 X135.831 Y91.139 E.00089
G2 X136.337 Y86.874 I.175 J-2.142 E.21206
G2 X135.964 Y86.848 I-.334 J2.089 E.01202
G1 X135.964 Y86.849 E.00004
G2 X135.499 Y91.086 I.042 J2.149 E.1993
G1 X135.745 Y91.131 E.00802
; stop printing object base_plate.stl id:0 copy 0
;LAYER_CHANGE
;Z:6.44
;HEIGHT:0.2
G92 E0 ; zero the extruded length again
; BEFORE_LAYER_CHANGE 31 @ 6.44mm
G1 E-1.75 F6000
;WIPE_START
G1 X135.831 Y91.139 E-.06535
G1 X136.169 Y91.146 E-.25328
G1 X136.502 Y91.093 E-.25313
G1 X136.665 Y91.047 E-.12682
G1 X136.729 Y91.021 E-.05142
;WIPE_END
; AFTER_LAYER_CHANGE 31 @ 6.44mm
;_SET_FAN_SPEED_CHANGING_LAYER
; printing object base_plate.stl id:0 copy 0
G17
G3 Z6.64 I.571 J-.211 P1  F18000
G1 X136.719 Y90.995 Z6.64
G1 X136.656 Y91.018
G1 X136.495 Y91.064
G1 X136.332 Y91.096
G1 X136.167 Y91.116
G1 X136 Y91.122
G1 X135.833 Y91.116
G1 X134.702 Y91.05
G1 X84.298 Y91.407
G1 X84.34 Y91.767
G1 Z6.44
G1 E2.5 F6000
M204 P1000
;TYPE:Outer wall
;WIDTH:0.42
G1 F1650
G1 X84.219 Y91.78 E.00364
G3 X83.564 Y86.244 I-.225 J-2.78 E.25483
G3 X84.031 Y86.211 I.47 J3.324 E.01397
G3 X84.436 Y91.754 I-.038 J2.789 E.24662
G1 X84.4 Y91.759 E.00109
G1 X84.357 Y91.4 F18000
G1 X84.313 Y91.405
G1 X84.309 Y91.373
M204 P1500
;TYPE:Inner wall
;WIDTH:0.45
G1 F1650
G1 X84 Y91.396 E.00998
G3 X83.812 Y86.61 I-.007 J-2.396 E.2365
G3 X84.016 Y86.603 I.145 J1.3 E.00657
G3 X84.375 Y91.365 I-.023 J2.396 E.22902
G1 X84.369 Y91.366 E.00018
M204 T1000
G1 E-1.75 F6000
;WIPE_START
G1 X84 Y91.396 E-.27766
G1 X83.625 Y91.368 E-.28199
G1 X83.378 Y91.309 E-.19034
;WIPE_END
G1 X83.452 Y91.049 Z6.64 F18000
G1 X83.505 Y91.064
G1 X83.668 Y91.096
G1 X83.833 Y91.116
G1 X83.954 Y91.121
G1 X83.968 Y90.755
G1 Z6.44
G1 E2.5 F6000
M204 P1000
;TYPE:Outer wall
;WIDTH:0.42
G1 F1650
G1 X84.138 Y90.753 E.00505
G2 X83.979 Y87.241 I-.148 J-1.753 E.16054
G1 X83.862 Y87.245 E.0035
G2 X83.862 Y90.755 I.128 J1.755 E.157
G1 X83.908 Y90.755 E.00139
M204 T2000
G1 X83.894 Y91.118 F18000
G1 X83.833 Y91.116
G1 X83.807 Y91.113
G1 X83.804 Y91.142
M204 P1500
;TYPE:Inner wall
;WIDTH:0.45
G1 F1650
G1 X83.831 Y91.146 E.00088
G2 X83.977 Y86.848 I.158 J-2.146 E.22284
G1 X83.831 Y86.854 E.0047
G2 X83.497 Y91.095 I.158 J2.146 E.19634
G1 X83.744 Y91.133 E.00804
G1 E-1.75 F6000
;WIPE_START
G1 X83.831 Y91.146 E-.06563
G1 X84.169 Y91.146 E-.25363
G1 X84.502 Y91.093 E-.25313
G1 X84.665 Y91.047 E-.12682
G1 X84.728 Y91.021 E-.05079
;WIPE_END
G1 X84.824 Y91.281 Z6.64 F18000
G1 X84.387 Y128.604
G1 X86.163 Y129.898
G1 X86.163 Y132.102
G1 X84.38 Y133.397
G1 X84.298 Y133.407
G1 X84.34 Y133.767
G1 Z6.44
G1 E2.5 F6000
M204 P1000
;TYPE:Outer wall
;WIDTH:0.42
G1 F1650
G1 X84.219 Y133.78 E.00364
G3 X83.564 Y128.244 I-.225 J-2.78 E.25483
G3 X84.031 Y128.211 I.47 J3.324 E.01397
G3 X84.436 Y133.754 I-.038 J2.789 E.24662
G1 X84.4 Y133.759 E.00109
G1 X84.357 Y133.4 F18000
G1 X84.313 Y133.405
G1 X84.309 Y133.373
M204 P1500
;TYPE:Inner wall
;WIDTH:0.45
G1 F1650
G1 X84 Y133.396 E.00998
G3 X83.812 Y128.61 I-.007 J-2.396 E.2365
G3 X84.016 Y128.603 I.145 J1.3 E.00657
G3 X84.375 Y133.365 I-.023 J2.396 E.22902
G1 X84.369 Y133.366 E.00018
M204 T1000
G1 E-1.75 F6000
;WIPE_START
G1 X84 Y133.396 E-.27766
G1 X83.625 Y133.368 E-.28199
G1 X83.378 Y133.309 E-.19034
;WIPE_END
G1 X83.452 Y133.049 Z6.64 F18000
G1 X83.505 Y133.064
G1 X83.668 Y133.096
G1 X83.833 Y133.116
G1 X83.903 Y133.119
G1 X83.917 Y132.755
G1 Z6.44
G1 E2.5 F6000
M204 P1000
;TYPE:Outer wall
;WIDTH:0.42
G1 F1650
G1 X84.138 Y132.753 E.00658
G2 X83.979 Y129.241 I-.148 J-1.753 E.16054
G1 X83.862 Y129.245 E.0035
G2 X83.857 Y132.754 I.128 J1.755 E.15686
M204 T2000
G1 X83.815 Y133.114 F18000
G1 X83.807 Y133.113
G1 X83.804 Y133.142
M204 P1500
;TYPE:Inner wall
;WIDTH:0.45
G1 F1650
G1 X83.831 Y133.146 E.00088
G2 X83.977 Y128.848 I.158 J-2.146 E.22284
G1 X83.831 Y128.854 E.0047
G2 X83.497 Y133.095 I.158 J2.146 E.19634
G1 X83.744 Y133.133 E.00804
G1 E-1.75 F6000
;WIPE_START
G1 X83.831 Y133.146 E-.06563
G1 X84.169 Y133.146 E-.25363
G1 X84.502 Y133.093 E-.25313
G1 X84.665 Y133.047 E-.12682
G1 X84.728 Y133.021 E-.05079
;WIPE_END
G1 X84.824 Y133.281 Z6.64 F18000
G1 X136.298 Y133.407
G1 X136.34 Y133.767
G1 Z6.44
G1 E2.5 F6000
M204 P1000
;TYPE:Outer wall
;WIDTH:0.42
G1 F1650
G1 X136.219 Y133.78 E.00364
G3 X135.564 Y128.244 I-.225 J-2.78 E.25483
G3 X136.031 Y128.211 I.47 J3.324 E.01397
G3 X136.436 Y133.754 I-.038 J2.789 E.24662
G1 X136.4 Y133.759 E.00109
G1 X136.357 Y133.4 F18000
G1 X136.313 Y133.405
G1 X136.309 Y133.373
M204 P1500
;TYPE:Inner wall
;WIDTH:0.45
G1 F1650
G1 X136 Y133.396 E.00998
G3 X135.812 Y128.61 I-.007 J-2.396 E.2365
G3 X136.016 Y128.603 I.145 J1.3 E.00657
G3 X136.375 Y133.365 I-.023 J2.396 E.22902
G1 X136.369 Y133.366 E.00018
M204 T1000
G1 E-1.75 F6000
;WIPE_START
G1 X136 Y133.396 E-.27766
G1 X135.625 Y133.368 E-.28199
G1 X135.378 Y133.309 E-.19035
;WIPE_END
G1 X135.452 Y133.049 Z6.64 F18000
G1 X135.505 Y133.064
G1 X135.668 Y133.096
G1 X135.833 Y133.116
G1 X135.903 Y133.119
G1 X135.917 Y132.755
G1 Z6.44
G1 E2.5 F6000
M204 P1000
;TYPE:Outer wall
;WIDTH:0.42
G1 F1650
G1 X136.138 Y132.753 E.00658
G2 X135.979 Y129.241 I-.148 J-1.753 E.16054
G1 X135.862 Y129.245 E.0035
G2 X135.857 Y132.754 I.128 J1.755 E.15686
M204 T2000
G1 X135.815 Y133.114 F18000
G1 X135.807 Y133.113
G1 X135.804 Y133.142
M204 P1500
;TYPE:Inner wall
;WIDTH:0.45
G1 F1650
G1 X135.831 Y133.146 E.00088
G2 X135.977 Y128.848 I.158 J-2.146 E.22284
G1 X135.831 Y128.854 E.0047
G2 X135.497 Y133.095 I.158 J2.146 E.19634
G1 X135.744 Y133.133 E.00804
G1 E-1.75 F6000
;WIPE_START
G1 X135.831 Y133.146 E-.06563
G1 X136.169 Y133.146 E-.25363
G1 X136.502 Y133.093 E-.25313
G1 X136.665 Y133.047 E-.12682
G1 X136.728 Y133.021 E-.05079
;WIPE_END
G1 X136.718 Y132.995 Z6.64 F18000
G1 X136.812 Y132.961
G1 X136.964 Y132.891
G1 X137.109 Y132.81
G1 X137.247 Y132.717
G1 X137.378 Y132.614
G1 X137.501 Y132.501
G1 X137.614 Y132.378
G1 X137.717 Y132.247
G1 X137.81 Y132.109
G1 X137.891 Y131.964
G1 X137.961 Y131.812
G1 X138.018 Y131.656
G1 X138.064 Y131.495
G1 X138.096 Y131.332
G1 X138.116 Y131.167
G1 X138.122 Y131
G1 X138.116 Y130.833
G1 X138.096 Y130.668
G1 X138.064 Y130.505
G1 X138.018 Y130.344
G1 X137.961 Y130.188
G1 X137.891 Y130.036
G1 X137.81 Y129.891
G1 X137.717 Y129.753
G1 X137.614 Y129.622
G1 X137.501 Y129.499
G1 X136.687 Y128.674
G1 X136.298 Y91.407
G1 X136.34 Y91.767
G1 Z6.44
G1 E2.5 F6000
M204 P1000
;TYPE:Outer wall
;WIDTH:0.42
G1 F1650
G1 X136.219 Y91.78 E.00364
G3 X135.564 Y86.244 I-.225 J-2.78 E.25483
G3 X136.031 Y86.211 I.47 J3.324 E.01397
G3 X136.436 Y91.754 I-.038 J2.789 E.24662
G1 X136.4 Y91.759 E.00109
G1 X136.357 Y91.4 F18000
G1 X136.313 Y91.405
G1 X136.309 Y91.373
M204 P1500
;TYPE:Inner wall
;WIDTH:0.45
G1 F1650
G1 X136 Y91.396 E.00998
G3 X135.812 Y86.61 I-.007 J-2.396 E.2365
G3 X136.016 Y86.603 I.145 J1.3 E.00657
G3 X136.375 Y91.365 I-.023 J2.396 E.22902
G1 X136.369 Y91.366 E.00018
M204 T1000
G1 E-1.75 F6000
;WIPE_START
G1 X136 Y91.396 E-.27766
G1 X135.625 Y91.368 E-.28199
G1 X135.378 Y91.309 E-.19035
;WIPE_END
G1 X135.452 Y91.049 Z6.64 F18000
G1 X135.505 Y91.064
G1 X135.668 Y91.096
G1 X135.833 Y91.116
G1 X135.903 Y91.119
G1 X135.917 Y90.755
G1 Z6.44
G1 E2.5 F6000
M204 P1000
;TYPE:Outer wall
;WIDTH:0.42
G1 F1650
G1 X136.138 Y90.753 E.00658
G2 X135.979 Y87.241 I-.148 J-1.753 E.16054
G1 X135.862 Y87.245 E.0035
G2 X135.857 Y90.754 I.128 J1.755 E.15686
M204 T2000
G1 X135.815 Y91.114 F18000
G1 X135.807 Y91.113
G1 X135.804 Y91.142
M204 P1500
;TYPE:Inner wall
;WIDTH:0.45
G1 F1650
G1 X135.831 Y91.146 E.00088
G2 X135.977 Y86.848 I.158 J-2.146 E.22284
G1 X135.831 Y86.854 E.0047
G2 X135.497 Y91.095 I.158 J2.146 E.19634
G1 X135.744 Y91.133 E.00804
; stop printing object base_plate.stl id:0 copy 0
;LAYER_CHANGE
;Z:6.64
;HEIGHT:0.2
G92 E0 ; zero the extruded length again
; BEFORE_LAYER_CHANGE 32 @ 6.64mm
G1 E-1.75 F6000
;WIPE_START
G1 X135.831 Y91.146 E-.06563
G1 X136.169 Y91.146 E-.25363
G1 X136.502 Y91.093 E-.25313
G1 X136.665 Y91.047 E-.12682
G1 X136.728 Y91.021 E-.05079
;WIPE_END
; AFTER_LAYER_CHANGE 32 @ 6.64mm
;_SET_FAN_SPEED_CHANGING_LAYER
; printing object base_plate.stl id:0 copy 0
G17
G3 Z6.84 I.571 J-.211 P1  F18000
G1 X136.718 Y90.995 Z6.84
G1 X136.656 Y91.018
G1 X136.495 Y91.064
G1 X136.332 Y91.096
G1 X136.167 Y91.116
G1 X136 Y91.122
G1 X135.833 Y91.116
G1 X134.703 Y91.05
G1 X84.288 Y91.408
G1 X84.33 Y91.768
G1 Z6.64
G1 E2.5 F6000
M204 P1000
;TYPE:Outer wall
;WIDTH:0.42
G1 F1647
G1 X84.219 Y91.78 E.00334
G3 X83.564 Y86.244 I-.226 J-2.78 E.2549
G3 X84.037 Y86.212 I.464 J3.252 E.01415
G3 X84.436 Y91.754 I-.044 J2.789 E.24641
G1 X84.39 Y91.76 E.00139
G1 X84.347 Y91.401 F18000
G1 X84.303 Y91.406
G1 X84.3 Y91.374
M204 P1500
;TYPE:Inner wall
;WIDTH:0.45
G1 F1647
G1 X84 Y91.396 E.00966
G3 X83.812 Y86.61 I-.009 J-2.396 E.23662
G3 X84.022 Y86.603 I.147 J1.337 E.00676
G3 X84.374 Y91.365 I-.031 J2.396 E.22871
G1 X84.359 Y91.367 E.0005
M204 T1000
G1 E-1.75 F6000
;WIPE_START
G1 X84 Y91.396 E-.27022
G1 X83.625 Y91.368 E-.282
G1 X83.369 Y91.306 E-.19779
;WIPE_END
G1 X83.442 Y91.046 Z6.84 F18000
G1 X83.505 Y91.064
G1 X83.668 Y91.096
G1 X83.833 Y91.116
G1 X83.96 Y91.121
G1 X83.974 Y90.757
G1 Z6.64
G1 E2.5 F6000
M204 P1000
;TYPE:Outer wall
;WIDTH:0.42
G1 F1647
G1 X84 Y90.755 E.00077
G2 X84.136 Y87.245 I.001 J-1.758 E.16043
G2 X83.862 Y87.245 I-.135 J2.067 E.00818
G2 X83.59 Y90.706 I.139 J1.752 E.148
G1 X83.915 Y90.749 E.00975
M204 T2000
G1 X83.9 Y91.118 F18000
G1 X83.988 Y91.122
G1 X83.987 Y91.152
M204 P1500
;TYPE:Inner wall
;WIDTH:0.45
G1 F1647
G1 X84 Y91.146 E.00046
G2 X84.165 Y86.854 I.001 J-2.149 E.2119
G2 X83.831 Y86.854 I-.163 J2.514 E.01074
G2 X83.831 Y91.139 I.17 J2.143 E.20619
G1 X83.927 Y91.147 E.00309
G1 E-1.75 F6000
;WIPE_START
G1 X84 Y91.146 E-.05452
G1 X84.169 Y91.146 E-.12682
G1 X84.502 Y91.093 E-.25314
G1 X84.824 Y90.989 E-.25325
G1 X84.899 Y90.954 E-.06228
;WIPE_END
G1 X85.014 Y91.203 Z6.84 F18000
G1 X84.399 Y128.607
G1 X86.242 Y130.071
G1 X86.069 Y132.268
G1 X84.38 Y133.397
G1 X84.288 Y133.408
G1 X84.33 Y133.768
G1 Z6.64
G1 E2.5 F6000
M204 P1000
;TYPE:Outer wall
;WIDTH:0.42
G1 F1647
G1 X84.219 Y133.78 E.00334
G3 X83.564 Y128.244 I-.226 J-2.78 E.2549
G3 X84.037 Y128.212 I.464 J3.252 E.01415
G3 X84.436 Y133.754 I-.044 J2.789 E.24641
G1 X84.39 Y133.76 E.00139
G1 X84.347 Y133.401 F18000
G1 X84.303 Y133.406
G1 X84.3 Y133.374
M204 P1500
;TYPE:Inner wall
;WIDTH:0.45
G1 F1647
G1 X84 Y133.396 E.00966
G3 X83.812 Y128.61 I-.009 J-2.396 E.23662
G3 X84.022 Y128.603 I.147 J1.337 E.00676
G3 X84.374 Y133.365 I-.031 J2.396 E.22871
G1 X84.359 Y133.367 E.0005
M204 T1000
G1 E-1.75 F6000
;WIPE_START
G1 X84 Y133.396 E-.27022
G1 X83.625 Y133.368 E-.282
G1 X83.369 Y133.306 E-.19778
;WIPE_END
G1 X83.442 Y133.046 Z6.84 F18000
G1 X83.505 Y133.064
G1 X83.668 Y133.096
G1 X83.833 Y133.116
G1 X83.909 Y133.119
G1 X83.923 Y132.751
G1 Z6.64
G1 E2.5 F6000
M204 P1000
;TYPE:Outer wall
;WIDTH:0.42
G1 F1647
G1 X84 Y132.755 E.00229
G2 X84.136 Y129.245 I.001 J-1.758 E.16043
G2 X83.862 Y129.245 I-.135 J2.067 E.00818
G2 X83.59 Y132.706 I.139 J1.752 E.148
G1 X83.864 Y132.743 E.00822
M204 T2000
G1 X83.849 Y133.116 F18000
G1 X83.988 Y133.122
G1 X83.987 Y133.152
M204 P1500
;TYPE:Inner wall
;WIDTH:0.45
G1 F1647
G1 X84 Y133.146 E.00046
G2 X84.165 Y128.854 I.001 J-2.149 E.2119
G2 X83.831 Y128.854 I-.163 J2.514 E.01074
G2 X83.831 Y133.139 I.17 J2.143 E.20619
G1 X83.927 Y133.147 E.00309
G1 E-1.75 F6000
;WIPE_START
G1 X84 Y133.146 E-.05453
G1 X84.169 Y133.146 E-.12682
G1 X84.502 Y133.093 E-.25314
G1 X84.824 Y132.989 E-.25325
G1 X84.899 Y132.954 E-.06227
;WIPE_END
G1 X85.014 Y133.203 Z6.84 F18000
G1 X136.288 Y133.408
G1 X136.33 Y133.768
G1 Z6.64
G1 E2.5 F6000
M204 P1000
;TYPE:Outer wall
;WIDTH:0.42
G1 F1647
G1 X136.219 Y133.78 E.00334
G3 X135.564 Y128.244 I-.226 J-2.78 E.2549
G3 X136.037 Y128.212 I.464 J3.252 E.01415
G3 X136.436 Y133.754 I-.044 J2.789 E.24641
G1 X136.39 Y133.76 E.00139
G1 X136.347 Y133.401 F18000
G1 X136.303 Y133.406
G1 X136.3 Y133.374
M204 P1500
;TYPE:Inner wall
;WIDTH:0.45
G1 F1647
G1 X136 Y133.396 E.00966
G3 X135.812 Y128.61 I-.009 J-2.396 E.23662
G3 X136.022 Y128.603 I.147 J1.337 E.00676
G3 X136.374 Y133.365 I-.031 J2.396 E.22871
G1 X136.359 Y133.367 E.0005
M204 T1000
G1 E-1.75 F6000
;WIPE_START
G1 X136 Y133.396 E-.27021
G1 X135.625 Y133.368 E-.282
G1 X135.369 Y133.306 E-.19779
;WIPE_END
G1 X135.442 Y133.046 Z6.84 F18000
G1 X135.505 Y133.064
G1 X135.668 Y133.096
G1 X135.833 Y133.116
G1 X135.909 Y133.119
G1 X135.923 Y132.751
G1 Z6.64
G1 E2.5 F6000
M204 P1000
;TYPE:Outer wall
;WIDTH:0.42
G1 F1647
G1 X136 Y132.755 E.00229
G2 X136.136 Y129.245 I.001 J-1.758 E.16043
G2 X135.862 Y129.245 I-.135 J2.067 E.00818
G2 X135.59 Y132.706 I.139 J1.752 E.148
G1 X135.864 Y132.743 E.00822
M204 T2000
G1 X135.849 Y133.116 F18000
G1 X136 Y133.122
G1 X136.012 Y133.122
G1 X136.013 Y133.152
M204 P1500
;TYPE:Inner wall
;WIDTH:0.45
G1 F1647
G1 X136.169 Y133.139 E.00502
G2 X136.165 Y128.854 I-.167 J-2.143 E.20648
G2 X135.831 Y128.854 I-.163 J2.514 E.01074
G2 X135.954 Y133.145 I.17 J2.143 E.21014
G1 E-1.75 F6000
;WIPE_START
G1 X136.169 Y133.139 E-.16077
G1 X136.502 Y133.093 E-.2528
G1 X136.824 Y132.989 E-.25325
G1 X136.924 Y132.942 E-.08318
;WIPE_END
G1 X136.912 Y132.915 Z6.84 F18000
G1 X136.964 Y132.891
G1 X137.109 Y132.81
G1 X137.247 Y132.717
G1 X137.378 Y132.614
G1 X137.501 Y132.501
G1 X137.614 Y132.378
G1 X137.717 Y132.247
G1 X137.81 Y132.109
G1 X137.891 Y131.964
G1 X137.961 Y131.812
G1 X138.018 Y131.656
G1 X138.064 Y131.495
G1 X138.096 Y131.332
G1 X138.116 Y131.167
G1 X138.122 Y131
G1 X138.116 Y130.833
G1 X138.096 Y130.668
G1 X138.064 Y130.505
G1 X138.018 Y130.344
G1 X137.961 Y130.188
G1 X137.891 Y130.036
G1 X137.81 Y129.891
G1 X137.717 Y129.753
G1 X137.614 Y129.622
G1 X136.864 Y128.734
G1 X136.288 Y91.408
G1 X136.33 Y91.768
G1 Z6.64
G1 E2.5 F6000
M204 P1000
;TYPE:Outer wall
;WIDTH:0.42
G1 F1647
G1 X136.219 Y91.78 E.00334
G3 X135.564 Y86.244 I-.226 J-2.78 E.2549
G3 X136.037 Y86.212 I.464 J3.252 E.01415
G3 X136.436 Y91.754 I-.044 J2.789 E.24641
G1 X136.39 Y91.76 E.00139
G1 X136.347 Y91.401 F18000
G1 X136.303 Y91.406
G1 X136.3 Y91.374
M204 P1500
;TYPE:Inner wall
;WIDTH:0.45
G1 F1647
G1 X136 Y91.396 E.00966
G3 X135.812 Y86.61 I-.009 J-2.396 E.23662
G3 X136.022 Y86.603 I.147 J1.337 E.00676
G3 X136.374 Y91.365 I-.031 J2.396 E.22871
G1 X136.359 Y91.367 E.0005
M204 T1000
G1 E-1.75 F6000
;WIPE_START
G1 X136 Y91.396 E-.27021
G1 X135.625 Y91.368 E-.282
G1 X135.369 Y91.306 E-.19779
;WIPE_END
G1 X135.442 Y91.046 Z6.84 F18000
G1 X135.505 Y91.064
G1 X135.668 Y91.096
G1 X135.833 Y91.116
G1 X135.909 Y91.119
G1 X135.923 Y90.751
G1 Z6.64
G1 E2.5 F6000
M204 P1000
;TYPE:Outer wall
;WIDTH:0.42
G1 F1647
G1 X136 Y90.755 E.00229
G2 X136.136 Y87.245 I.001 J-1.758 E.16043
G2 X135.862 Y87.245 I-.135 J2.067 E.00818
G2 X135.59 Y90.706 I.139 J1.752 E.148
G1 X135.864 Y90.743 E.00822
M204 T2000
G1 X135.849 Y91.116 F18000
G1 X136 Y91.122
G1 X136.012 Y91.122
G1 X136.013 Y91.152
M204 P1500
;TYPE:Inner wall
;WIDTH:0.45
G1 F1647
G1 X136.169 Y91.139 E.00502
G2 X136.165 Y86.854 I-.167 J-2.143 E.20648
G2 X135.831 Y86.854 I-.163 J2.514 E.01074
G2 X135.954 Y91.145 I.17 J2.143 E.21014
; stop printing object base_plate.stl id:0 copy 0
;LAYER_CHANGE
;Z:6.84
;HEIGHT:0.2
G92 E0 ; zero the extruded length again
; BEFORE_LAYER_CHANGE 33 @ 6.84mm
G1 E-1.75 F6000
;WIPE_START
G1 X136.169 Y91.139 E-.16077
G1 X136.502 Y91.093 E-.2528
G1 X136.824 Y90.989 E-.25325
G1 X136.924 Y90.942 E-.08318
;WIPE_END
; AFTER_LAYER_CHANGE 33 @ 6.84mm
;_SET_FAN_SPEED_CHANGING_LAYER
; printing object base_plate.stl id:0 copy 0
G17
G3 Z7.04 I.553 J-.255 P1  F18000
G1 X136.912 Y90.915 Z7.04
G1 X136.812 Y90.961
G1 X136.656 Y91.018
G1 X136.495 Y91.064
G1 X136.332 Y91.096
G1 X136.167 Y91.116
G1 X136 Y91.122
G1 X135.833 Y91.116
G1 X134.596 Y90.979
G1 X84.278 Y91.409
G1 X84.32 Y91.769
G1 Z6.84
G1 E2.5 F6000
M204 P1000
;TYPE:Outer wall
;WIDTH:0.42
G1 F1617
G1 X84.219 Y91.78 E.00304
G3 X83.564 Y86.244 I-.227 J-2.78 E.25494
G3 X84.043 Y86.212 I.458 J3.193 E.01433
G3 X84.436 Y91.754 I-.051 J2.788 E.24618
G1 X84.38 Y91.761 E.00169
G1 X84.337 Y91.402 F18000
G1 X84.293 Y91.408
G1 X84.289 Y91.375
M204 P1500
;TYPE:Inner wall
;WIDTH:0.45
G1 F1617
G1 X84 Y91.396 E.00933
G3 X83.812 Y86.61 I-.011 J-2.396 E.23672
G3 X84.028 Y86.604 I.148 J1.375 E.00695
G3 X84.374 Y91.365 I-.038 J2.396 E.22841
G1 X84.349 Y91.368 E.00083
M204 T1000
G1 X84.317 Y91.098 F18000
G1 X84.167 Y91.116
G1 X84 Y91.122
G1 X83.962 Y91.121
G1 X83.976 Y90.757
M204 P1000
;TYPE:Outer wall
;WIDTH:0.42
G1 F1617
G1 X84 Y90.755 E.00072
G2 X84.136 Y87.245 I.001 J-1.758 E.16044
G2 X83.862 Y87.245 I-.135 J2.11 E.00818
G2 X83.59 Y90.706 I.139 J1.752 E.148
G1 X83.916 Y90.75 E.0098
M204 T2000
G1 X83.902 Y91.119 F18000
G1 X83.988 Y91.122
G1 X83.987 Y91.152
M204 P1500
;TYPE:Inner wall
;WIDTH:0.45
G1 F1617
G1 X84 Y91.146 E.00046
G2 X84.164 Y86.853 I.001 J-2.149 E.21193
G2 X83.831 Y86.854 I-.162 J2.564 E.01072
G2 X83.831 Y91.139 I.17 J2.143 E.20618
G1 X83.927 Y91.147 E.00309
G1 E-1.75 F6000
;WIPE_START
G1 X84 Y91.146 E-.05452
G1 X84.169 Y91.146 E-.12682
G1 X84.502 Y91.093 E-.25312
G1 X84.824 Y90.989 E-.25326
G1 X84.899 Y90.954 E-.06228
;WIPE_END
G1 X85.014 Y91.203 Z7.04 F18000
G1 X84.39 Y128.605
G1 X86.163 Y129.898
G1 X86.163 Y132.102
G1 X84.38 Y133.397
G1 X84.278 Y133.409
G1 X84.32 Y133.769
G1 Z6.84
G1 E2.5 F6000
M204 P1000
;TYPE:Outer wall
;WIDTH:0.42
G1 F1617
G1 X84.219 Y133.78 E.00304
G3 X83.564 Y128.244 I-.227 J-2.78 E.25494
G3 X84.043 Y128.212 I.458 J3.192 E.01433
G3 X84.436 Y133.754 I-.051 J2.788 E.24618
G1 X84.38 Y133.761 E.00169
G1 X84.337 Y133.402 F18000
G1 X84.293 Y133.408
G1 X84.289 Y133.375
M204 P1500
;TYPE:Inner wall
;WIDTH:0.45
G1 F1617
G1 X84 Y133.396 E.00933
G3 X83.812 Y128.61 I-.011 J-2.396 E.23672
G3 X84.028 Y128.604 I.148 J1.375 E.00695
G3 X84.374 Y133.365 I-.038 J2.396 E.22841
G1 X84.349 Y133.368 E.00083
M204 T1000
G1 E-1.75 F6000
;WIPE_START
G1 X84 Y133.396 E-.26257
G1 X83.625 Y133.368 E-.282
G1 X83.359 Y133.304 E-.20543
;WIPE_END
G1 X83.432 Y133.043 Z7.04 F18000
G1 X83.505 Y133.064
G1 X83.668 Y133.096
G1 X83.833 Y133.116
G1 X83.911 Y133.119
G1 X83.926 Y132.751
G1 Z6.84
G1 E2.5 F6000
M204 P1000
;TYPE:Outer wall
;WIDTH:0.42
G1 F1617
G1 X84 Y132.755 E.00222
G2 X84.136 Y129.245 I.001 J-1.758 E.16044
G2 X83.862 Y129.245 I-.135 J2.11 E.00818
G2 X83.59 Y132.706 I.139 J1.752 E.148
G1 X83.866 Y132.743 E.00829
M204 T2000
G1 X83.851 Y133.117 F18000
G1 X83.988 Y133.122
G1 X83.987 Y133.152
M204 P1500
;TYPE:Inner wall
;WIDTH:0.45
G1 F1617
G1 X84 Y133.146 E.00046
G2 X84.164 Y128.853 I.001 J-2.149 E.21193
G2 X83.831 Y128.854 I-.162 J2.564 E.01072
G2 X83.831 Y133.139 I.17 J2.143 E.20618
G1 X83.927 Y133.147 E.00309
G1 E-1.75 F6000
;WIPE_START
G1 X84 Y133.146 E-.05453
G1 X84.169 Y133.146 E-.12682
G1 X84.502 Y133.093 E-.25312
G1 X84.824 Y132.989 E-.25326
G1 X84.899 Y132.954 E-.06227
;WIPE_END
G1 X85.014 Y133.203 Z7.04 F18000
G1 X136.278 Y133.409
G1 X136.32 Y133.769
G1 Z6.84
G1 E2.5 F6000
M204 P1000
;TYPE:Outer wall
;WIDTH:0.42
G1 F1617
G1 X136.219 Y133.78 E.00304
G3 X135.564 Y128.244 I-.227 J-2.78 E.25494
G3 X136.043 Y128.212 I.458 J3.192 E.01433
G3 X136.436 Y133.754 I-.051 J2.788 E.24618
G1 X136.38 Y133.761 E.00169
G1 X136.337 Y133.402 F18000
G1 X136.293 Y133.408
G1 X136.289 Y133.375
M204 P1500
;TYPE:Inner wall
;WIDTH:0.45
G1 F1617
G1 X136 Y133.396 E.00933
G3 X135.812 Y128.61 I-.011 J-2.396 E.23672
G3 X136.028 Y128.604 I.148 J1.375 E.00695
G3 X136.374 Y133.365 I-.038 J2.396 E.22841
G1 X136.349 Y133.368 E.00083
M204 T1000
G1 E-1.75 F6000
;WIPE_START
G1 X136 Y133.396 E-.26257
G1 X135.625 Y133.368 E-.282
G1 X135.359 Y133.304 E-.20544
;WIPE_END
G1 X135.432 Y133.043 Z7.04 F18000
G1 X135.505 Y133.064
G1 X135.668 Y133.096
G1 X135.833 Y133.116
G1 X135.911 Y133.119
G1 X135.926 Y132.751
G1 Z6.84
G1 E2.5 F6000
M204 P1000
;TYPE:Outer wall
;WIDTH:0.42
G1 F1617
G1 X136 Y132.755 E.00222
G2 X136.136 Y129.245 I.001 J-1.758 E.16044
G2 X135.862 Y129.245 I-.135 J2.11 E.00818
G2 X135.59 Y132.706 I.139 J1.752 E.148
G1 X135.866 Y132.743 E.00829
M204 T2000
G1 X135.851 Y133.117 F18000
G1 X136 Y133.122
G1 X136.012 Y133.122
G1 X136.013 Y133.152
M204 P1500
;TYPE:Inner wall
;WIDTH:0.45
G1 F1617
G1 X136.169 Y133.139 E.00502
G2 X136.164 Y128.853 I-.167 J-2.143 E.2065
G2 X135.831 Y128.854 I-.162 J2.564 E.01072
G2 X135.954 Y133.145 I.17 J2.143 E.21013
G1 E-1.75 F6000
;WIPE_START
G1 X136.169 Y133.139 E-.16077
G1 X136.502 Y133.093 E-.25278
G1 X136.824 Y132.989 E-.25326
G1 X136.924 Y132.942 E-.08319
;WIPE_END
G1 X136.912 Y132.915 Z7.04 F18000
G1 X136.964 Y132.891
G1 X137.109 Y132.81
G1 X137.247 Y132.717
G1 X137.378 Y132.614
G1 X137.501 Y132.501
G1 X137.614 Y132.378
G1 X137.717 Y132.247
G1 X137.81 Y132.109
G1 X137.891 Y131.964
G1 X137.961 Y131.812
G1 X138.018 Y131.656
G1 X138.064 Y131.495
G1 X138.096 Y131.332
G1 X138.116 Y131.167
G1 X138.122 Y131
G1 X138.116 Y130.833
G1 X138.096 Y130.668
G1 X138.064 Y130.505
G1 X138.018 Y130.344
G1 X137.961 Y130.188
G1 X137.891 Y130.036
G1 X137.81 Y129.891
G1 X137.717 Y129.753
G1 X137.614 Y129.622
G1 X136.863 Y128.733
G1 X136.278 Y91.409
G1 X136.32 Y91.769
G1 Z6.84
G1 E2.5 F6000
M204 P1000
;TYPE:Outer wall
;WIDTH:0.42
G1 F1617
G1 X136.219 Y91.78 E.00304
G3 X135.564 Y86.244 I-.227 J-2.78 E.25494
G3 X136.043 Y86.212 I.458 J3.193 E.01433
G3 X136.436 Y91.754 I-.051 J2.788 E.24618
G1 X136.38 Y91.761 E.00169
G1 X136.337 Y91.402 F18000
G1 X136.293 Y91.408
G1 X136.289 Y91.375
M204 P1500
;TYPE:Inner wall
;WIDTH:0.45
G1 F1617
G1 X136 Y91.396 E.00933
G3 X135.812 Y86.61 I-.011 J-2.396 E.23672
G3 X136.028 Y86.604 I.148 J1.375 E.00695
G3 X136.374 Y91.365 I-.038 J2.396 E.22841
G1 X136.349 Y91.368 E.00083
M204 T1000
G1 E-1.75 F6000
;WIPE_START
G1 X136 Y91.396 E-.26257
G1 X135.625 Y91.368 E-.282
G1 X135.359 Y91.304 E-.20544
;WIPE_END
G1 X135.432 Y91.043 Z7.04 F18000
G1 X135.505 Y91.064
G1 X135.668 Y91.096
G1 X135.833 Y91.116
G1 X135.911 Y91.119
G1 X135.926 Y90.751
G1 Z6.84
G1 E2.5 F6000
M204 P1000
;TYPE:Outer wall
;WIDTH:0.42
G1 F1617
G1 X136 Y90.755 E.00222
G2 X136.136 Y87.245 I.001 J-1.758 E.16044
G2 X135.862 Y87.245 I-.135 J2.11 E.00818
G2 X135.59 Y90.706 I.139 J1.752 E.148
G1 X135.866 Y90.743 E.00829
M204 T2000
G1 X135.851 Y91.117 F18000
G1 X136 Y91.122
G1 X136.012 Y91.122
G1 X136.013 Y91.152
M204 P1500
;TYPE:Inner wall
;WIDTH:0.45
G1 F1617
G1 X136.169 Y91.139 E.00502
G2 X136.164 Y86.853 I-.167 J-2.143 E.2065
G2 X135.831 Y86.854 I-.162 J2.564 E.01072
G2 X135.954 Y91.145 I.17 J2.143 E.21013
; stop printing object base_plate.stl id:0 copy 0
;LAYER_CHANGE
;Z:7.04
;HEIGHT:0.2
G92 E0 ; zero the extruded length again
; BEFORE_LAYER_CHANGE 34 @ 7.04mm
G1 E-1.75 F6000
;WIPE_START
G1 X136.169 Y91.139 E-.16077
G1 X136.502 Y91.093 E-.25278
G1 X136.824 Y90.989 E-.25326
G1 X136.924 Y90.942 E-.08319
;WIPE_END
; AFTER_LAYER_CHANGE 34 @ 7.04mm
;_SET_FAN_SPEED_CHANGING_LAYER
; printing object base_plate.stl id:0 copy 0
G17
G3 Z7.24 I.553 J-.255 P1  F18000
G1 X136.912 Y90.915 Z7.24
G1 X136.812 Y90.961
G1 X136.656 Y91.018
G1 X136.495 Y91.064
G1 X136.332 Y91.096
G1 X136.167 Y91.116
G1 X136 Y91.122
G1 X135.833 Y91.116
G1 X134.596 Y90.979
G1 X84.267 Y91.411
G1 X84.31 Y91.771
G1 Z7.04
G1 E2.5 F6000
M204 P1000
;TYPE:Outer wall
;WIDTH:0.42
G1 F1617
G1 X84.219 Y91.78 E.00273
G3 X83.564 Y86.244 I-.227 J-2.78 E.25497
G3 X84.049 Y86.212 I.454 J3.144 E.0145
G3 X84.436 Y91.754 I-.058 J2.788 E.24596
G1 X84.369 Y91.763 E.002
G1 X84.327 Y91.404 F18000
G1 X84.283 Y91.409
G1 X84.279 Y91.376
M204 P1500
;TYPE:Inner wall
;WIDTH:0.45
G1 F1617
G1 X84 Y91.396 E.00899
G3 X83.812 Y86.61 I-.009 J-2.396 E.23661
G3 X84.034 Y86.604 I.149 J1.413 E.00714
G1 X84.297 Y86.623 E.00848
G3 X84.374 Y91.365 I-.306 J2.377 E.21986
G1 X84.339 Y91.369 E.00116
M204 T1000
G1 X84.307 Y91.099 F18000
G1 X84.167 Y91.116
G1 X84 Y91.122
G1 X83.963 Y91.121
G1 X83.978 Y90.758
M204 P1000
;TYPE:Outer wall
;WIDTH:0.42
G1 F1617
G1 X84 Y90.755 E.00067
G2 X84.136 Y87.245 I.001 J-1.758 E.16045
G2 X83.862 Y87.245 I-.135 J2.151 E.00817
G2 X83.59 Y90.706 I.139 J1.752 E.14799
G1 X83.918 Y90.75 E.00985
M204 T2000
G1 X83.904 Y91.119 F18000
G1 X83.988 Y91.122
G1 X83.987 Y91.152
M204 P1500
;TYPE:Inner wall
;WIDTH:0.45
G1 F1617
G1 X84 Y91.146 E.00046
G2 X84.164 Y86.853 I.001 J-2.149 E.21195
G2 X83.831 Y86.854 I-.161 J2.612 E.01071
G2 X83.831 Y91.139 I.171 J2.143 E.20617
G1 X83.927 Y91.147 E.00309
G1 E-1.75 F6000
;WIPE_START
G1 X84 Y91.146 E-.05452
G1 X84.169 Y91.146 E-.12681
G1 X84.502 Y91.093 E-.25313
G1 X84.824 Y90.989 E-.25327
G1 X84.899 Y90.954 E-.06227
;WIPE_END
G1 X85.014 Y91.203 Z7.24 F18000
G1 X84.381 Y128.603
G1 X86.163 Y129.898
G1 X86.163 Y132.102
G1 X84.38 Y133.397
G1 X84.267 Y133.411
G1 X84.31 Y133.771
G1 Z7.04
G1 E2.5 F6000
M204 P1000
;TYPE:Outer wall
;WIDTH:0.42
G1 F1617
G1 X84.219 Y133.78 E.00273
G3 X83.564 Y128.244 I-.227 J-2.78 E.25497
G3 X84.049 Y128.212 I.454 J3.143 E.0145
G3 X84.436 Y133.754 I-.058 J2.788 E.24596
G1 X84.369 Y133.763 E.002
G1 X84.327 Y133.404 F18000
G1 X84.283 Y133.409
G1 X84.279 Y133.376
M204 P1500
;TYPE:Inner wall
;WIDTH:0.45
G1 F1617
G1 X84 Y133.396 E.00899
G3 X83.812 Y128.61 I-.009 J-2.396 E.23661
G3 X84.034 Y128.604 I.149 J1.413 E.00714
G1 X84.297 Y128.623 E.00848
G3 X84.374 Y133.365 I-.306 J2.377 E.21986
G1 X84.339 Y133.369 E.00116
M204 T1000
G1 E-1.75 F6000
;WIPE_START
G1 X84 Y133.396 E-.25475
G1 X83.625 Y133.368 E-.282
G1 X83.349 Y133.302 E-.21325
;WIPE_END
G1 X83.422 Y133.04 Z7.24 F18000
G1 X83.505 Y133.064
G1 X83.668 Y133.096
G1 X83.833 Y133.116
G1 X83.913 Y133.119
G1 X83.928 Y132.752
G1 Z7.04
G1 E2.5 F6000
M204 P1000
;TYPE:Outer wall
;WIDTH:0.42
G1 F1617
G1 X84 Y132.755 E.00215
G2 X84.136 Y129.245 I.001 J-1.758 E.16045
G2 X83.862 Y129.245 I-.135 J2.151 E.00817
G2 X83.59 Y132.706 I.139 J1.752 E.14799
G1 X83.868 Y132.744 E.00836
M204 T2000
G1 X83.854 Y133.117 F18000
G1 X83.988 Y133.122
G1 X83.987 Y133.152
M204 P1500
;TYPE:Inner wall
;WIDTH:0.45
G1 F1617
G1 X84 Y133.146 E.00046
G2 X84.164 Y128.853 I.001 J-2.149 E.21195
G2 X83.831 Y128.854 I-.161 J2.612 E.01071
G2 X83.831 Y133.139 I.171 J2.143 E.20617
G1 X83.927 Y133.147 E.00309
G1 E-1.75 F6000
;WIPE_START
G1 X84 Y133.146 E-.05453
G1 X84.169 Y133.146 E-.12681
G1 X84.502 Y133.093 E-.25313
G1 X84.824 Y132.989 E-.25327
G1 X84.899 Y132.954 E-.06226
;WIPE_END
G1 X85.014 Y133.203 Z7.24 F18000
G1 X136.267 Y133.411
G1 X136.31 Y133.771
G1 Z7.04
G1 E2.5 F6000
M204 P1000
;TYPE:Outer wall
;WIDTH:0.42
G1 F1617
G1 X136.219 Y133.78 E.00273
G3 X135.564 Y128.244 I-.227 J-2.78 E.25497
G3 X136.049 Y128.212 I.454 J3.143 E.0145
G3 X136.436 Y133.754 I-.058 J2.788 E.24596
G1 X136.369 Y133.763 E.002
G1 X136.327 Y133.404 F18000
G1 X136.283 Y133.409
G1 X136.279 Y133.376
M204 P1500
;TYPE:Inner wall
;WIDTH:0.45
G1 F1617
G1 X136 Y133.396 E.00899
G3 X135.812 Y128.61 I-.009 J-2.396 E.23661
G3 X136.034 Y128.604 I.149 J1.413 E.00714
G1 X136.297 Y128.623 E.00848
G3 X136.374 Y133.365 I-.306 J2.377 E.21986
G1 X136.339 Y133.369 E.00116
M204 T1000
G1 E-1.75 F6000
;WIPE_START
G1 X136 Y133.396 E-.25475
G1 X135.625 Y133.368 E-.282
G1 X135.349 Y133.302 E-.21325
;WIPE_END
G1 X135.422 Y133.04 Z7.24 F18000
G1 X135.505 Y133.064
G1 X135.668 Y133.096
G1 X135.833 Y133.116
G1 X135.913 Y133.119
G1 X135.928 Y132.752
G1 Z7.04
G1 E2.5 F6000
M204 P1000
;TYPE:Outer wall
;WIDTH:0.42
G1 F1617
G1 X136 Y132.755 E.00215
G2 X136.136 Y129.245 I.001 J-1.758 E.16045
G2 X135.862 Y129.245 I-.135 J2.151 E.00817
G2 X135.59 Y132.706 I.139 J1.752 E.14799
G1 X135.868 Y132.744 E.00836
M204 T2000
G1 X135.854 Y133.117 F18000
G1 X136 Y133.122
G1 X136.012 Y133.122
G1 X136.013 Y133.152
M204 P1500
;TYPE:Inner wall
;WIDTH:0.45
G1 F1617
G1 X136.169 Y133.139 E.00502
G2 X136.164 Y128.853 I-.167 J-2.143 E.20653
G2 X135.831 Y128.854 I-.161 J2.612 E.01071
G2 X135.954 Y133.145 I.171 J2.143 E.21013
G1 E-1.75 F6000
;WIPE_START
G1 X136.169 Y133.139 E-.16077
G1 X136.502 Y133.093 E-.25279
G1 X136.824 Y132.989 E-.25327
G1 X136.924 Y132.942 E-.08317
;WIPE_END
G1 X136.912 Y132.915 Z7.24 F18000
G1 X136.964 Y132.891
G1 X137.109 Y132.81
G1 X137.247 Y132.717
G1 X137.378 Y132.614
G1 X137.501 Y132.501
G1 X137.614 Y132.378
G1 X137.717 Y132.247
G1 X137.81 Y132.109
G1 X137.891 Y131.964
G1 X137.961 Y131.812
G1 X138.018 Y131.656
G1 X138.064 Y131.495
G1 X138.096 Y131.332
G1 X138.116 Y131.167
G1 X138.122 Y131
G1 X138.116 Y130.833
G1 X138.096 Y130.668
G1 X138.064 Y130.505
G1 X138.018 Y130.344
G1 X137.961 Y130.188
G1 X137.891 Y130.036
G1 X137.81 Y129.891
G1 X137.717 Y129.753
G1 X137.614 Y129.622
G1 X136.861 Y128.733
G1 X136.267 Y91.411
G1 X136.31 Y91.771
G1 Z7.04
G1 E2.5 F6000
M204 P1000
;TYPE:Outer wall
;WIDTH:0.42
G1 F1617
G1 X136.219 Y91.78 E.00273
G3 X135.564 Y86.244 I-.227 J-2.78 E.25497
G3 X136.049 Y86.212 I.454 J3.144 E.0145
G3 X136.436 Y91.754 I-.058 J2.788 E.24596
G1 X136.369 Y91.763 E.002
G1 X136.327 Y91.404 F18000
G1 X136.283 Y91.409
G1 X136.279 Y91.376
M204 P1500
;TYPE:Inner wall
;WIDTH:0.45
G1 F1617
G1 X136 Y91.396 E.00899
G3 X135.812 Y86.61 I-.009 J-2.396 E.23661
G3 X136.034 Y86.604 I.149 J1.413 E.00714
G1 X136.297 Y86.623 E.00848
G3 X136.374 Y91.365 I-.306 J2.377 E.21986
G1 X136.339 Y91.369 E.00116
M204 T1000
G1 E-1.75 F6000
;WIPE_START
G1 X136 Y91.396 E-.25475
G1 X135.625 Y91.368 E-.282
G1 X135.349 Y91.302 E-.21325
;WIPE_END
G1 X135.422 Y91.04 Z7.24 F18000
G1 X135.505 Y91.064
G1 X135.668 Y91.096
G1 X135.833 Y91.116
G1 X135.913 Y91.119
G1 X135.928 Y90.752
G1 Z7.04
G1 E2.5 F6000
M204 P1000
;TYPE:Outer wall
;WIDTH:0.42
G1 F1617
G1 X136 Y90.755 E.00215
G2 X136.136 Y87.245 I.001 J-1.758 E.16045
G2 X135.862 Y87.245 I-.135 J2.151 E.00817
G2 X135.59 Y90.706 I.139 J1.752 E.14799
G1 X135.868 Y90.744 E.00836
M204 T2000
G1 X135.854 Y91.117 F18000
G1 X136 Y91.122
G1 X136.012 Y91.122
G1 X136.013 Y91.152
M204 P1500
;TYPE:Inner wall
;WIDTH:0.45
G1 F1617
G1 X136.169 Y91.139 E.00502
G2 X136.164 Y86.853 I-.167 J-2.143 E.20653
G2 X135.831 Y86.854 I-.161 J2.612 E.01071
G2 X135.954 Y91.145 I.171 J2.143 E.21013
; stop printing object base_plate.stl id:0 copy 0
;LAYER_CHANGE
;Z:7.24
;HEIGHT:0.2
G92 E0 ; zero the extruded length again
; BEFORE_LAYER_CHANGE 35 @ 7.24mm
G1 E-1.75 F6000
;WIPE_START
G1 X136.169 Y91.139 E-.16077
G1 X136.502 Y91.093 E-.25279
G1 X136.824 Y90.989 E-.25327
G1 X136.924 Y90.942 E-.08317
;WIPE_END
; AFTER_LAYER_CHANGE 35 @ 7.24mm
;_SET_FAN_SPEED_CHANGING_LAYER
; printing object base_plate.stl id:0 copy 0
G17
G3 Z7.44 I.553 J-.255 P1  F18000
G1 X136.912 Y90.915 Z7.44
G1 X136.812 Y90.961
G1 X136.656 Y91.018
G1 X136.495 Y91.064
G1 X136.332 Y91.096
G1 X136.167 Y91.116
G1 X136 Y91.122
G1 X135.833 Y91.116
G1 X134.596 Y90.979
G1 X84.257 Y91.412
G1 X84.299 Y91.772
G1 Z7.24
G1 E2.5 F6000
M204 P1000
;TYPE:Outer wall
;WIDTH:0.42
G1 F1617
G1 X84.219 Y91.78 E.00241
G3 X83.564 Y86.244 I-.228 J-2.779 E.255
G3 X84.055 Y86.212 I.45 J3.103 E.01468
G3 X84.436 Y91.753 I-.064 J2.788 E.24574
G1 X84.359 Y91.764 E.00232
G1 X84.316 Y91.405 F18000
G1 X84.257 Y91.412
G1 X84.253 Y91.382
M204 P1500
;TYPE:Inner wall
;WIDTH:0.45
G1 F1617
G1 X84.188 Y91.382 E.00211
G3 X84.039 Y86.604 I-.188 J-2.386 E.24911
G1 X84.294 Y86.622 E.0082
G3 X84.798 Y86.741 I-.665 J3.961 E.01667
G1 X85.009 Y86.827 E.00734
G3 X84.374 Y91.36 I-1.01 J2.169 E.19612
G1 X84.312 Y91.372 E.00201
M204 T1000
G1 X84.28 Y91.102 F18000
G1 X84.167 Y91.116
G1 X84 Y91.122
G1 X83.965 Y91.121
G1 X83.979 Y90.758
M204 P1000
;TYPE:Outer wall
;WIDTH:0.42
G1 F1617
G1 X84 Y90.755 E.00062
G2 X84.136 Y87.245 I.001 J-1.758 E.16046
G2 X83.862 Y87.245 I-.134 J2.193 E.00816
G2 X83.59 Y90.706 I.139 J1.752 E.14799
G1 X83.92 Y90.75 E.0099
M204 T2000
G1 X83.905 Y91.119 F18000
G1 X83.988 Y91.122
G1 X83.987 Y91.152
M204 P1500
;TYPE:Inner wall
;WIDTH:0.45
G1 F1617
G1 X84 Y91.146 E.00046
G2 X84.163 Y86.853 I.002 J-2.149 E.21197
G2 X83.831 Y86.854 I-.161 J2.662 E.01069
G2 X83.831 Y91.139 I.171 J2.143 E.20616
G1 X83.927 Y91.147 E.00309
G1 E-1.75 F6000
;WIPE_START
G1 X84 Y91.146 E-.05452
G1 X84.169 Y91.146 E-.12681
G1 X84.502 Y91.093 E-.25313
G1 X84.824 Y90.989 E-.25326
G1 X84.899 Y90.954 E-.06227
;WIPE_END
G1 X85.014 Y91.203 Z7.44 F18000
G1 X84.372 Y128.602
G1 X86.163 Y129.898
G1 X86.163 Y132.102
G1 X84.38 Y133.397
G1 X84.257 Y133.412
G1 X84.299 Y133.772
G1 Z7.24
G1 E2.5 F6000
M204 P1000
;TYPE:Outer wall
;WIDTH:0.42
G1 F1617
G1 X84.219 Y133.78 E.00241
G3 X83.564 Y128.244 I-.228 J-2.779 E.255
G3 X84.055 Y128.212 I.45 J3.102 E.01468
G3 X84.436 Y133.753 I-.064 J2.788 E.24574
G1 X84.359 Y133.764 E.00232
G1 X84.316 Y133.405 F18000
G1 X84.257 Y133.412
G1 X84.253 Y133.382
M204 P1500
;TYPE:Inner wall
;WIDTH:0.45
G1 F1617
G1 X84.188 Y133.382 E.00211
G3 X84.039 Y128.604 I-.188 J-2.386 E.24911
G1 X84.294 Y128.622 E.0082
G3 X84.798 Y128.741 I-.665 J3.961 E.01667
G1 X85.009 Y128.827 E.00734
G3 X84.374 Y133.36 I-1.01 J2.169 E.19612
G1 X84.312 Y133.372 E.00201
M204 T1000
G1 E-1.75 F6000
;WIPE_START
G1 X84.188 Y133.382 E-.09388
G1 X83.812 Y133.39 E-.28186
G1 X83.44 Y133.331 E-.28209
G1 X83.322 Y133.298 E-.09217
;WIPE_END
G1 X83.397 Y133.033 Z7.44 F18000
G1 X83.505 Y133.064
G1 X83.668 Y133.096
G1 X83.833 Y133.116
G1 X83.916 Y133.119
G1 X83.93 Y132.752
G1 Z7.24
G1 E2.5 F6000
M204 P1000
;TYPE:Outer wall
;WIDTH:0.42
G1 F1617
G1 X84 Y132.755 E.00208
G2 X84.136 Y129.245 I.001 J-1.758 E.16046
G2 X83.862 Y129.245 I-.134 J2.193 E.00816
G2 X83.59 Y132.706 I.139 J1.752 E.14799
G1 X83.871 Y132.744 E.00843
M204 T2000
G1 X83.856 Y133.117 F18000
G1 X83.988 Y133.122
G1 X83.987 Y133.152
M204 P1500
;TYPE:Inner wall
;WIDTH:0.45
G1 F1617
G1 X84 Y133.146 E.00046
G2 X84.163 Y128.853 I.002 J-2.149 E.21197
G2 X83.831 Y128.854 I-.161 J2.662 E.01069
G2 X83.831 Y133.139 I.171 J2.143 E.20616
G1 X83.927 Y133.147 E.00309
G1 E-1.75 F6000
;WIPE_START
G1 X84 Y133.146 E-.05453
G1 X84.169 Y133.146 E-.12681
G1 X84.502 Y133.093 E-.25313
G1 X84.824 Y132.989 E-.25326
G1 X84.899 Y132.954 E-.06226
;WIPE_END
G1 X85.014 Y133.203 Z7.44 F18000
G1 X136.257 Y133.412
G1 X136.299 Y133.772
G1 Z7.24
G1 E2.5 F6000
M204 P1000
;TYPE:Outer wall
;WIDTH:0.42
G1 F1617
G1 X136.219 Y133.78 E.00241
G3 X135.564 Y128.244 I-.228 J-2.779 E.255
G3 X136.055 Y128.212 I.45 J3.102 E.01468
G3 X136.436 Y133.753 I-.064 J2.788 E.24574
G1 X136.359 Y133.764 E.00232
G1 X136.316 Y133.405 F18000
G1 X136.257 Y133.412
G1 X136.253 Y133.382
M204 P1500
;TYPE:Inner wall
;WIDTH:0.45
G1 F1617
G1 X136.188 Y133.382 E.00211
G3 X136.039 Y128.604 I-.188 J-2.386 E.24911
G1 X136.294 Y128.622 E.0082
G3 X136.798 Y128.741 I-.665 J3.961 E.01667
G1 X137.009 Y128.827 E.00734
G3 X136.374 Y133.36 I-1.01 J2.169 E.19612
G1 X136.312 Y133.372 E.00201
M204 T1000
G1 E-1.75 F6000
;WIPE_START
G1 X136.188 Y133.382 E-.09388
G1 X135.812 Y133.39 E-.28186
G1 X135.44 Y133.331 E-.28209
G1 X135.322 Y133.298 E-.09218
;WIPE_END
G1 X135.397 Y133.033 Z7.44 F18000
G1 X135.505 Y133.064
G1 X135.668 Y133.096
G1 X135.833 Y133.116
G1 X135.916 Y133.119
G1 X135.93 Y132.752
G1 Z7.24
G1 E2.5 F6000
M204 P1000
;TYPE:Outer wall
;WIDTH:0.42
G1 F1617
G1 X136 Y132.755 E.00208
G2 X136.136 Y129.245 I.001 J-1.758 E.16046
G2 X135.862 Y129.245 I-.134 J2.193 E.00816
G2 X135.59 Y132.706 I.139 J1.752 E.14799
G1 X135.871 Y132.744 E.00842
M204 T2000
G1 X135.856 Y133.117 F18000
G1 X136 Y133.122
G1 X136.012 Y133.122
G1 X136.013 Y133.152
M204 P1500
;TYPE:Inner wall
;WIDTH:0.45
G1 F1617
G1 X136.169 Y133.139 E.00502
G2 X136.163 Y128.853 I-.167 J-2.143 E.20655
G2 X135.831 Y128.854 I-.161 J2.662 E.01069
G2 X135.954 Y133.145 I.171 J2.143 E.21012
G1 E-1.75 F6000
;WIPE_START
G1 X136.169 Y133.139 E-.16077
G1 X136.502 Y133.093 E-.25279
G1 X136.824 Y132.989 E-.25326
G1 X136.924 Y132.942 E-.08318
;WIPE_END
G1 X136.912 Y132.915 Z7.44 F18000
G1 X136.964 Y132.891
G1 X137.109 Y132.81
G1 X137.247 Y132.717
G1 X137.378 Y132.614
G1 X137.501 Y132.501
G1 X137.614 Y132.378
G1 X137.717 Y132.247
G1 X137.81 Y132.109
G1 X137.891 Y131.964
G1 X137.961 Y131.812
G1 X138.018 Y131.656
G1 X138.064 Y131.495
G1 X138.096 Y131.332
G1 X138.116 Y131.167
G1 X138.122 Y131
G1 X138.116 Y130.833
G1 X138.096 Y130.668
G1 X138.064 Y130.505
G1 X138.018 Y130.344
G1 X137.961 Y130.188
G1 X137.891 Y130.036
G1 X137.81 Y129.891
G1 X137.717 Y129.753
G1 X137.614 Y129.622
G1 X136.86 Y128.733
G1 X136.257 Y91.412
G1 X136.299 Y91.772
G1 Z7.24
G1 E2.5 F6000
M204 P1000
;TYPE:Outer wall
;WIDTH:0.42
G1 F1617
G1 X136.219 Y91.78 E.00241
G3 X135.564 Y86.244 I-.228 J-2.779 E.255
G3 X136.055 Y86.212 I.45 J3.103 E.01468
G3 X136.436 Y91.753 I-.064 J2.788 E.24574
G1 X136.359 Y91.764 E.00232
G1 X136.316 Y91.405 F18000
G1 X136.257 Y91.412
G1 X136.253 Y91.382
M204 P1500
;TYPE:Inner wall
;WIDTH:0.45
G1 F1617
G1 X136.188 Y91.382 E.00211
G3 X136.039 Y86.604 I-.188 J-2.386 E.24911
G1 X136.294 Y86.622 E.0082
G3 X136.798 Y86.741 I-.665 J3.961 E.01667
G1 X137.009 Y86.827 E.00734
G3 X136.374 Y91.36 I-1.01 J2.169 E.19612
G1 X136.312 Y91.372 E.00201
M204 T1000
G1 E-1.75 F6000
;WIPE_START
G1 X136.188 Y91.382 E-.09388
G1 X135.812 Y91.39 E-.28186
G1 X135.44 Y91.331 E-.28209
G1 X135.322 Y91.298 E-.09218
;WIPE_END
G1 X135.397 Y91.033 Z7.44 F18000
G1 X135.505 Y91.064
G1 X135.668 Y91.096
G1 X135.833 Y91.116
G1 X135.916 Y91.119
G1 X135.93 Y90.752
G1 Z7.24
G1 E2.5 F6000
M204 P1000
;TYPE:Outer wall
;WIDTH:0.42
G1 F1617
G1 X136 Y90.755 E.00208
G2 X136.136 Y87.245 I.001 J-1.758 E.16046
G2 X135.862 Y87.245 I-.134 J2.193 E.00816
G2 X135.59 Y90.706 I.139 J1.752 E.14799
G1 X135.871 Y90.744 E.00842
M204 T2000
G1 X135.856 Y91.117 F18000
G1 X136 Y91.122
G1 X136.012 Y91.122
G1 X136.013 Y91.152
M204 P1500
;TYPE:Inner wall
;WIDTH:0.45
G1 F1617
G1 X136.169 Y91.139 E.00502
G2 X136.163 Y86.853 I-.167 J-2.143 E.20655
G2 X135.831 Y86.854 I-.161 J2.662 E.01069
G2 X135.954 Y91.145 I.171 J2.143 E.21012
; stop printing object base_plate.stl id:0 copy 0
;LAYER_CHANGE
;Z:7.44
;HEIGHT:0.2
G92 E0 ; zero the extruded length again
; BEFORE_LAYER_CHANGE 36 @ 7.44mm
G1 E-1.75 F6000
;WIPE_START
G1 X136.169 Y91.139 E-.16077
G1 X136.502 Y91.093 E-.25279
G1 X136.824 Y90.989 E-.25326
G1 X136.924 Y90.942 E-.08318
;WIPE_END
; AFTER_LAYER_CHANGE 36 @ 7.44mm
;_SET_FAN_SPEED_CHANGING_LAYER
; printing object base_plate.stl id:0 copy 0
G17
G3 Z7.64 I.553 J-.255 P1  F18000
G1 X136.912 Y90.915 Z7.64
G1 X136.812 Y90.961
G1 X136.656 Y91.018
G1 X136.495 Y91.064
G1 X136.332 Y91.096
G1 X136.167 Y91.116
G1 X136 Y91.122
G1 X135.833 Y91.116
G1 X134.596 Y90.979
G1 X84.246 Y91.413
G1 X84.289 Y91.773
G1 Z7.44
G1 E2.5 F6000
M204 P1000
;TYPE:Outer wall
;WIDTH:0.42
G1 F1618
G1 X84.219 Y91.78 E.00209
G3 X83.564 Y86.244 I-.229 J-2.779 E.25502
G3 X84.061 Y86.213 I.447 J3.069 E.01485
G3 X84.436 Y91.753 I-.07 J2.788 E.24553
G1 X84.348 Y91.765 E.00264
G1 X84.306 Y91.406 F18000
G1 X84.262 Y91.411
G1 X84.257 Y91.377
M204 P1500
;TYPE:Inner wall
;WIDTH:0.45
G1 F1618
G1 X84 Y91.396 E.0083
G3 X83.812 Y86.61 I-.009 J-2.396 E.23663
G3 X84.045 Y86.604 I.152 J1.488 E.00752
G1 X84.291 Y86.622 E.00793
G3 X84.374 Y91.365 I-.3 J2.378 E.22002
G1 X84.317 Y91.371 E.00185
M204 T1000
G1 X84.285 Y91.102 F18000
G1 X84.167 Y91.116
G1 X84 Y91.122
G1 X83.967 Y91.121
G1 X83.981 Y90.758
M204 P1000
;TYPE:Outer wall
;WIDTH:0.42
G1 F1618
G1 X84 Y90.755 E.00057
G2 X84.135 Y87.245 I.001 J-1.758 E.16047
G2 X83.862 Y87.245 I-.134 J2.235 E.00816
G2 X83.59 Y90.706 I.139 J1.752 E.14799
G1 X83.922 Y90.75 E.00995
M204 T2000
G1 X83.907 Y91.119 F18000
G1 X83.988 Y91.122
G1 X83.987 Y91.152
M204 P1500
;TYPE:Inner wall
;WIDTH:0.45
G1 F1618
G1 X84 Y91.146 E.00046
G2 X84.163 Y86.853 I.002 J-2.149 E.21199
G2 X83.831 Y86.854 I-.16 J2.711 E.01068
G2 X83.831 Y91.139 I.171 J2.143 E.20616
G1 X83.927 Y91.147 E.00309
G1 E-1.75 F6000
;WIPE_START
G1 X84 Y91.146 E-.05452
G1 X84.169 Y91.146 E-.12682
G1 X84.502 Y91.093 E-.25314
G1 X84.824 Y90.989 E-.25325
G1 X84.899 Y90.954 E-.06228
;WIPE_END
G1 X85.014 Y91.203 Z7.64 F18000
G1 X84.362 Y128.601
G1 X86.163 Y129.898
G1 X86.163 Y132.102
G1 X84.38 Y133.397
G1 X84.246 Y133.413
G1 X84.289 Y133.773
G1 Z7.44
G1 E2.5 F6000
M204 P1000
;TYPE:Outer wall
;WIDTH:0.42
G1 F1618
G1 X84.219 Y133.78 E.00209
G3 X83.564 Y128.244 I-.229 J-2.779 E.25502
G3 X84.061 Y128.213 I.447 J3.069 E.01485
G3 X84.436 Y133.753 I-.07 J2.788 E.24553
G1 X84.348 Y133.765 E.00264
G1 X84.306 Y133.406 F18000
G1 X84.262 Y133.411
G1 X84.257 Y133.377
M204 P1500
;TYPE:Inner wall
;WIDTH:0.45
G1 F1618
G1 X84 Y133.396 E.0083
G3 X83.812 Y128.61 I-.009 J-2.396 E.23663
G3 X84.045 Y128.604 I.152 J1.488 E.00752
G1 X84.291 Y128.622 E.00793
G3 X84.374 Y133.365 I-.3 J2.378 E.22002
G1 X84.317 Y133.371 E.00185
M204 T1000
G1 E-1.75 F6000
;WIPE_START
G1 X84 Y133.396 E-.23863
G1 X83.625 Y133.368 E-.282
G1 X83.328 Y133.297 E-.22937
;WIPE_END
G1 X83.402 Y133.035 Z7.64 F18000
G1 X83.505 Y133.064
G1 X83.668 Y133.096
G1 X83.833 Y133.116
G1 X83.918 Y133.119
G1 X83.933 Y132.752
G1 Z7.44
G1 E2.5 F6000
M204 P1000
;TYPE:Outer wall
;WIDTH:0.42
G1 F1618
G1 X84 Y132.755 E.00201
G2 X84.135 Y129.245 I.001 J-1.758 E.16047
G2 X83.862 Y129.245 I-.134 J2.235 E.00816
G2 X83.59 Y132.706 I.139 J1.752 E.14799
G1 X83.873 Y132.744 E.0085
M204 T2000
G1 X83.858 Y133.117 F18000
G1 X83.988 Y133.122
G1 X83.987 Y133.152
M204 P1500
;TYPE:Inner wall
;WIDTH:0.45
G1 F1618
G1 X84 Y133.146 E.00046
G2 X84.163 Y128.853 I.002 J-2.149 E.21199
G2 X83.831 Y128.854 I-.16 J2.711 E.01068
G2 X83.831 Y133.139 I.171 J2.143 E.20616
G1 X83.927 Y133.147 E.00309
G1 E-1.75 F6000
;WIPE_START
G1 X84 Y133.146 E-.05453
G1 X84.169 Y133.146 E-.12682
G1 X84.502 Y133.093 E-.25314
G1 X84.824 Y132.989 E-.25325
G1 X84.899 Y132.954 E-.06227
;WIPE_END
G1 X85.014 Y133.203 Z7.64 F18000
G1 X136.246 Y133.413
G1 X136.289 Y133.773
G1 Z7.44
G1 E2.5 F6000
M204 P1000
;TYPE:Outer wall
;WIDTH:0.42
G1 F1618
G1 X136.219 Y133.78 E.00209
G3 X135.564 Y128.244 I-.229 J-2.779 E.25502
G3 X136.061 Y128.213 I.447 J3.069 E.01485
G3 X136.436 Y133.753 I-.07 J2.788 E.24553
G1 X136.348 Y133.765 E.00264
G1 X136.306 Y133.406 F18000
G1 X136.262 Y133.411
G1 X136.257 Y133.377
M204 P1500
;TYPE:Inner wall
;WIDTH:0.45
G1 F1618
G1 X136 Y133.396 E.0083
G3 X135.812 Y128.61 I-.009 J-2.396 E.23663
G3 X136.045 Y128.604 I.152 J1.488 E.00752
G1 X136.291 Y128.622 E.00793
G3 X136.374 Y133.365 I-.3 J2.378 E.22002
G1 X136.317 Y133.371 E.00185
M204 T1000
G1 E-1.75 F6000
;WIPE_START
G1 X136 Y133.396 E-.23863
G1 X135.625 Y133.368 E-.282
G1 X135.328 Y133.297 E-.22938
;WIPE_END
G1 X135.401 Y133.035 Z7.64 F18000
G1 X135.505 Y133.064
G1 X135.668 Y133.096
G1 X135.833 Y133.116
G1 X135.918 Y133.119
G1 X135.933 Y132.752
G1 Z7.44
G1 E2.5 F6000
M204 P1000
;TYPE:Outer wall
;WIDTH:0.42
G1 F1618
G1 X136 Y132.755 E.00201
G2 X136.135 Y129.245 I.001 J-1.758 E.16047
G2 X135.862 Y129.245 I-.134 J2.235 E.00816
G2 X135.59 Y132.706 I.139 J1.752 E.14799
G1 X135.873 Y132.744 E.0085
M204 T2000
G1 X135.858 Y133.117 F18000
G1 X136 Y133.122
G1 X136.012 Y133.122
G1 X136.013 Y133.152
M204 P1500
;TYPE:Inner wall
;WIDTH:0.45
G1 F1618
G1 X136.169 Y133.139 E.00502
G2 X136.163 Y128.853 I-.167 J-2.143 E.20657
G2 X135.831 Y128.854 I-.16 J2.711 E.01068
G2 X135.954 Y133.145 I.171 J2.143 E.21011
G1 E-1.75 F6000
;WIPE_START
G1 X136.169 Y133.139 E-.16077
G1 X136.502 Y133.093 E-.2528
G1 X136.824 Y132.989 E-.25325
G1 X136.924 Y132.942 E-.08318
;WIPE_END
G1 X136.912 Y132.915 Z7.64 F18000
G1 X136.964 Y132.891
G1 X137.109 Y132.81
G1 X137.247 Y132.717
G1 X137.378 Y132.614
G1 X137.501 Y132.501
G1 X137.614 Y132.378
G1 X137.717 Y132.247
G1 X137.81 Y132.109
G1 X137.891 Y131.964
G1 X137.961 Y131.812
G1 X138.018 Y131.656
G1 X138.064 Y131.495
G1 X138.096 Y131.332
G1 X138.116 Y131.167
G1 X138.122 Y131
G1 X138.116 Y130.833
G1 X138.096 Y130.668
G1 X138.064 Y130.505
G1 X138.018 Y130.344
G1 X137.961 Y130.188
G1 X137.891 Y130.036
G1 X137.81 Y129.891
G1 X137.717 Y129.753
G1 X137.614 Y129.622
G1 X136.859 Y128.732
G1 X136.246 Y91.413
G1 X136.289 Y91.773
G1 Z7.44
G1 E2.5 F6000
M204 P1000
;TYPE:Outer wall
;WIDTH:0.42
G1 F1618
G1 X136.219 Y91.78 E.00209
G3 X135.564 Y86.244 I-.229 J-2.779 E.25502
G3 X136.061 Y86.213 I.447 J3.069 E.01485
G3 X136.436 Y91.753 I-.07 J2.788 E.24553
G1 X136.348 Y91.765 E.00264
G1 X136.306 Y91.406 F18000
G1 X136.262 Y91.411
G1 X136.257 Y91.377
M204 P1500
;TYPE:Inner wall
;WIDTH:0.45
G1 F1618
G1 X136 Y91.396 E.0083
G3 X135.812 Y86.61 I-.009 J-2.396 E.23663
G3 X136.045 Y86.604 I.152 J1.488 E.00752
G1 X136.291 Y86.622 E.00793
G3 X136.374 Y91.365 I-.3 J2.378 E.22002
G1 X136.317 Y91.371 E.00185
M204 T1000
G1 E-1.75 F6000
;WIPE_START
G1 X136 Y91.396 E-.23862
G1 X135.625 Y91.368 E-.282
G1 X135.328 Y91.297 E-.22938
;WIPE_END
G1 X135.401 Y91.035 Z7.64 F18000
G1 X135.505 Y91.064
G1 X135.668 Y91.096
G1 X135.833 Y91.116
G1 X135.918 Y91.119
G1 X135.933 Y90.752
G1 Z7.44
G1 E2.5 F6000
M204 P1000
;TYPE:Outer wall
;WIDTH:0.42
G1 F1618
G1 X136 Y90.755 E.00201
G2 X136.135 Y87.245 I.001 J-1.758 E.16047
G2 X135.862 Y87.245 I-.134 J2.235 E.00816
G2 X135.59 Y90.706 I.139 J1.752 E.14799
G1 X135.873 Y90.744 E.0085
M204 T2000
G1 X135.858 Y91.117 F18000
G1 X136 Y91.122
G1 X136.012 Y91.122
G1 X136.013 Y91.152
M204 P1500
;TYPE:Inner wall
;WIDTH:0.45
G1 F1618
G1 X136.169 Y91.139 E.00502
G2 X136.163 Y86.853 I-.167 J-2.143 E.20657
G2 X135.831 Y86.854 I-.16 J2.711 E.01068
G2 X135.954 Y91.145 I.171 J2.143 E.21011
; stop printing object base_plate.stl id:0 copy 0
;LAYER_CHANGE
;Z:7.64
;HEIGHT:0.2
G92 E0 ; zero the extruded length again
; BEFORE_LAYER_CHANGE 37 @ 7.64mm
G1 E-1.75 F6000
;WIPE_START
G1 X136.169 Y91.139 E-.16077
G1 X136.502 Y91.093 E-.2528
G1 X136.824 Y90.989 E-.25325
G1 X136.924 Y90.942 E-.08318
;WIPE_END
; AFTER_LAYER_CHANGE 37 @ 7.64mm
;_SET_FAN_SPEED_CHANGING_LAYER
; printing object base_plate.stl id:0 copy 0
G17
G3 Z7.84 I.553 J-.255 P1  F18000
G1 X136.912 Y90.915 Z7.84
G1 X136.812 Y90.961
G1 X136.656 Y91.018
G1 X136.495 Y91.064
G1 X136.332 Y91.096
G1 X136.167 Y91.116
G1 X136 Y91.122
G1 X135.833 Y91.116
G1 X134.597 Y90.979
G1 X84.235 Y91.414
G1 X84.278 Y91.774
G1 Z7.64
G1 E2.5 F6000
M204 P1000
;TYPE:Outer wall
;WIDTH:0.42
G1 F1532
G1 X84.219 Y91.78 E.00176
G3 X83.564 Y86.244 I-.229 J-2.779 E.25504
G3 X84.067 Y86.213 I.444 J3.042 E.01503
G3 X84.436 Y91.753 I-.077 J2.788 E.24533
G1 X84.337 Y91.766 E.00297
G1 X84.295 Y91.407 F18000
G1 X84.251 Y91.413
G1 X84.247 Y91.378
M204 P1500
;TYPE:Inner wall
;WIDTH:0.45
G1 F1532
G1 X84 Y91.396 E.00795
G3 X83.812 Y86.61 I-.009 J-2.396 E.23663
G3 X84.051 Y86.605 I.154 J1.526 E.00771
G1 X84.289 Y86.622 E.00766
G3 X84.375 Y91.365 I-.298 J2.378 E.22009
G1 X84.306 Y91.372 E.00221
M204 T1000
G1 X84.274 Y91.103 F18000
G1 X84.167 Y91.116
G1 X84 Y91.122
G1 X83.969 Y91.121
G1 X83.983 Y90.758
M204 P1000
;TYPE:Outer wall
;WIDTH:0.42
G1 F1532
G1 X84 Y90.755 E.00052
G2 X84.135 Y87.245 I.001 J-1.758 E.16048
G2 X83.862 Y87.245 I-.134 J2.278 E.00815
G2 X83.59 Y90.706 I.139 J1.752 E.14798
G1 X83.923 Y90.75 E.01001
M204 T2000
G1 X83.909 Y91.119 F18000
G1 X83.988 Y91.122
G1 X83.987 Y91.152
M204 P1500
;TYPE:Inner wall
;WIDTH:0.45
G1 F1532
G1 X84 Y91.146 E.00046
G2 X84.162 Y86.853 I.002 J-2.149 E.21202
G2 X83.831 Y86.854 I-.159 J2.761 E.01067
G2 X83.831 Y91.139 I.171 J2.143 E.20615
G1 X83.927 Y91.147 E.00309
G1 E-1.75 F6000
;WIPE_START
G1 X84 Y91.146 E-.05452
G1 X84.169 Y91.146 E-.12681
G1 X84.502 Y91.093 E-.25312
G1 X84.824 Y90.989 E-.25327
G1 X84.899 Y90.954 E-.06228
;WIPE_END
G1 X85.014 Y91.203 Z7.84 F18000
G1 X84.353 Y128.6
G1 X86.163 Y129.898
G1 X86.163 Y132.102
G1 X84.38 Y133.397
G1 X84.235 Y133.414
G1 X84.278 Y133.774
G1 Z7.64
G1 E2.5 F6000
M204 P1000
;TYPE:Outer wall
;WIDTH:0.42
G1 F1532
G1 X84.219 Y133.78 E.00176
G3 X83.564 Y128.244 I-.229 J-2.779 E.25504
G3 X84.067 Y128.213 I.444 J3.041 E.01503
G3 X84.436 Y133.753 I-.077 J2.788 E.24533
G1 X84.337 Y133.766 E.00297
G1 X84.295 Y133.407 F18000
G1 X84.251 Y133.413
G1 X84.247 Y133.378
M204 P1500
;TYPE:Inner wall
;WIDTH:0.45
G1 F1532
G1 X84 Y133.396 E.00795
G3 X83.812 Y128.61 I-.009 J-2.396 E.23663
G3 X84.051 Y128.605 I.154 J1.526 E.00771
G1 X84.289 Y128.622 E.00766
G3 X84.375 Y133.365 I-.298 J2.378 E.22009
G1 X84.306 Y133.372 E.00221
M204 T1000
G1 X84.274 Y133.103 F18000
G1 X84.167 Y133.116
G1 X84 Y133.122
G1 X83.921 Y133.119
G1 X83.935 Y132.753
M204 P1000
;TYPE:Outer wall
;WIDTH:0.42
G1 F1532
G1 X84 Y132.755 E.00194
G2 X84.135 Y129.245 I.001 J-1.758 E.16048
G2 X83.862 Y129.245 I-.134 J2.278 E.00815
G2 X83.59 Y132.706 I.139 J1.752 E.14798
G1 X83.875 Y132.745 E.00857
M204 T2000
G1 X83.861 Y133.117 F18000
G1 X83.988 Y133.122
G1 X83.987 Y133.152
M204 P1500
;TYPE:Inner wall
;WIDTH:0.45
G1 F1532
G1 X84 Y133.146 E.00046
G2 X84.162 Y128.853 I.002 J-2.149 E.21202
G2 X83.831 Y128.854 I-.159 J2.761 E.01067
G2 X83.831 Y133.139 I.171 J2.143 E.20615
G1 X83.927 Y133.147 E.00309
G1 E-1.75 F6000
;WIPE_START
G1 X84 Y133.146 E-.05453
G1 X84.169 Y133.146 E-.12681
G1 X84.502 Y133.093 E-.25312
G1 X84.824 Y132.989 E-.25327
G1 X84.899 Y132.954 E-.06227
;WIPE_END
G1 X85.014 Y133.203 Z7.84 F18000
G1 X136.235 Y133.414
G1 X136.278 Y133.774
G1 Z7.64
G1 E2.5 F6000
M204 P1000
;TYPE:Outer wall
;WIDTH:0.42
G1 F1532
G1 X136.219 Y133.78 E.00176
G3 X135.564 Y128.244 I-.229 J-2.779 E.25504
G3 X136.067 Y128.213 I.444 J3.041 E.01503
G3 X136.436 Y133.753 I-.077 J2.788 E.24533
G1 X136.337 Y133.766 E.00297
G1 X136.295 Y133.407 F18000
G1 X136.251 Y133.413
G1 X136.247 Y133.378
M204 P1500
;TYPE:Inner wall
;WIDTH:0.45
G1 F1532
G1 X136 Y133.396 E.00795
G3 X135.812 Y128.61 I-.009 J-2.396 E.23663
G3 X136.051 Y128.605 I.154 J1.526 E.00771
G1 X136.289 Y128.622 E.00766
G3 X136.375 Y133.365 I-.298 J2.378 E.22009
G1 X136.306 Y133.372 E.00221
M204 T1000
G1 X136.274 Y133.103 F18000
G1 X136.167 Y133.116
G1 X136 Y133.122
G1 X135.921 Y133.119
G1 X135.935 Y132.753
M204 P1000
;TYPE:Outer wall
;WIDTH:0.42
G1 F1532
G1 X136 Y132.755 E.00194
G2 X136.135 Y129.245 I.001 J-1.758 E.16048
G2 X135.862 Y129.245 I-.134 J2.278 E.00815
G2 X135.59 Y132.706 I.139 J1.752 E.14798
G1 X135.875 Y132.745 E.00857
M204 T2000
G1 X135.861 Y133.117 F18000
G1 X136 Y133.122
G1 X136.012 Y133.122
G1 X136.013 Y133.152
M204 P1500
;TYPE:Inner wall
;WIDTH:0.45
G1 F1532
G1 X136.169 Y133.139 E.00502
G2 X136.162 Y128.853 I-.167 J-2.143 E.20659
G2 X135.831 Y128.854 I-.159 J2.761 E.01067
G2 X135.954 Y133.145 I.171 J2.143 E.21011
G1 E-1.75 F6000
;WIPE_START
G1 X136.169 Y133.139 E-.16077
G1 X136.502 Y133.093 E-.25278
G1 X136.824 Y132.989 E-.25327
G1 X136.924 Y132.942 E-.08318
;WIPE_END
G1 X136.912 Y132.915 Z7.84 F18000
G1 X136.964 Y132.891
G1 X137.109 Y132.81
G1 X137.247 Y132.717
G1 X137.378 Y132.614
G1 X137.501 Y132.501
G1 X137.614 Y132.378
G1 X137.717 Y132.247
G1 X137.81 Y132.109
G1 X137.891 Y131.964
G1 X137.961 Y131.812
G1 X138.018 Y131.656
G1 X138.064 Y131.495
G1 X138.096 Y131.332
G1 X138.116 Y131.167
G1 X138.122 Y131
G1 X138.116 Y130.833
G1 X138.096 Y130.668
G1 X138.064 Y130.505
G1 X138.018 Y130.344
G1 X137.961 Y130.188
G1 X137.891 Y130.036
G1 X137.81 Y129.891
G1 X137.717 Y129.753
G1 X137.614 Y129.622
G1 X136.858 Y128.732
G1 X136.235 Y91.414
G1 X136.278 Y91.774
G1 Z7.64
G1 E2.5 F6000
M204 P1000
;TYPE:Outer wall
;WIDTH:0.42
G1 F1532
G1 X136.219 Y91.78 E.00176
G3 X135.564 Y86.244 I-.229 J-2.779 E.25504
G3 X136.067 Y86.213 I.444 J3.042 E.01503
G3 X136.436 Y91.753 I-.077 J2.788 E.24533
G1 X136.337 Y91.766 E.00297
G1 X136.295 Y91.407 F18000
G1 X136.251 Y91.413
G1 X136.247 Y91.378
M204 P1500
;TYPE:Inner wall
;WIDTH:0.45
G1 F1532
G1 X136 Y91.396 E.00795
G3 X135.812 Y86.61 I-.009 J-2.396 E.23663
G3 X136.051 Y86.605 I.154 J1.526 E.00771
G1 X136.289 Y86.622 E.00766
G3 X136.375 Y91.365 I-.298 J2.378 E.22009
G1 X136.306 Y91.372 E.00221
M204 T1000
G1 X136.274 Y91.103 F18000
G1 X136.167 Y91.116
G1 X136 Y91.122
G1 X135.921 Y91.119
G1 X135.935 Y90.753
M204 P1000
;TYPE:Outer wall
;WIDTH:0.42
G1 F1532
G1 X136 Y90.755 E.00194
G2 X136.135 Y87.245 I.001 J-1.758 E.16048
G2 X135.862 Y87.245 I-.134 J2.278 E.00815
G2 X135.59 Y90.706 I.139 J1.752 E.14798
G1 X135.875 Y90.745 E.00857
M204 T2000
G1 X135.861 Y91.117 F18000
G1 X136 Y91.122
G1 X136.012 Y91.122
G1 X136.013 Y91.152
M204 P1500
;TYPE:Inner wall
;WIDTH:0.45
G1 F1532
G1 X136.169 Y91.139 E.00502
G2 X136.162 Y86.853 I-.167 J-2.143 E.20659
G2 X135.831 Y86.854 I-.159 J2.761 E.01067
G2 X135.954 Y91.145 I.171 J2.143 E.21011
; stop printing object base_plate.stl id:0 copy 0
;LAYER_CHANGE
;Z:7.84
;HEIGHT:0.2
G92 E0 ; zero the extruded length again
; BEFORE_LAYER_CHANGE 38 @ 7.84mm
G1 E-1.75 F6000
;WIPE_START
G1 X136.169 Y91.139 E-.16077
G1 X136.502 Y91.093 E-.25278
G1 X136.824 Y90.989 E-.25327
G1 X136.924 Y90.942 E-.08318
;WIPE_END
; AFTER_LAYER_CHANGE 38 @ 7.84mm
;_SET_FAN_SPEED_CHANGING_LAYER
; printing object base_plate.stl id:0 copy 0
G17
G3 Z8.04 I.553 J-.255 P1  F18000
G1 X136.912 Y90.915 Z8.04
G1 X136.812 Y90.961
G1 X136.656 Y91.018
G1 X136.495 Y91.064
G1 X136.332 Y91.096
G1 X136.167 Y91.116
G1 X136 Y91.122
G1 X135.833 Y91.116
G1 X134.597 Y90.979
G1 X84.224 Y91.416
G1 X84.267 Y91.776
G1 Z7.84
G1 E2.5 F6000
M204 P1000
;TYPE:Outer wall
;WIDTH:0.42
G1 F1532
G1 X84.219 Y91.78 E.00143
G3 X83.564 Y86.244 I-.229 J-2.779 E.25506
G3 X84.072 Y86.213 I.442 J3.019 E.0152
G3 X84.436 Y91.753 I-.083 J2.787 E.24513
G1 X84.326 Y91.768 E.0033
G1 X84.284 Y91.409 F18000
G1 X84.239 Y91.414
G1 X84.235 Y91.379
M204 P1500
;TYPE:Inner wall
;WIDTH:0.45
G1 F1532
G1 X84 Y91.396 E.00759
G3 X83.812 Y86.61 I-.009 J-2.396 E.23663
G3 X84.057 Y86.605 I.155 J1.564 E.0079
G1 X84.287 Y86.622 E.00741
G3 X84.375 Y91.365 I-.296 J2.378 E.22015
G1 X84.295 Y91.373 E.00257
M204 T1000
G1 X84.263 Y91.104 F18000
G1 X84.167 Y91.116
G1 X84 Y91.122
G1 X83.97 Y91.121
G1 X83.985 Y90.758
M204 P1000
;TYPE:Outer wall
;WIDTH:0.42
G1 F1532
G1 X84 Y90.755 E.00047
G2 X84.135 Y87.245 I.001 J-1.758 E.16048
G2 X83.862 Y87.245 I-.134 J2.319 E.00815
G2 X83.59 Y90.706 I.139 J1.752 E.14798
G1 X83.925 Y90.751 E.01006
M204 T2000
G1 X83.911 Y91.119 F18000
G1 X83.988 Y91.122
G1 X83.987 Y91.152
M204 P1500
;TYPE:Inner wall
;WIDTH:0.45
G1 F1532
G1 X84 Y91.146 E.00046
G2 X84.162 Y86.853 I.002 J-2.149 E.21204
G2 X83.831 Y86.854 I-.158 J2.81 E.01065
G2 X83.831 Y91.139 I.171 J2.143 E.20614
G1 X83.927 Y91.147 E.00309
G1 E-1.75 F6000
;WIPE_START
G1 X84 Y91.146 E-.05452
G1 X84.169 Y91.146 E-.12681
G1 X84.502 Y91.093 E-.25314
G1 X84.824 Y90.989 E-.25326
G1 X84.899 Y90.954 E-.06227
;WIPE_END
G1 X85.014 Y91.203 Z8.04 F18000
G1 X84.343 Y128.598
G1 X86.163 Y129.898
G1 X86.163 Y132.102
G1 X84.38 Y133.397
G1 X84.224 Y133.416
G1 X84.267 Y133.776
G1 Z7.84
G1 E2.5 F6000
M204 P1000
;TYPE:Outer wall
;WIDTH:0.42
G1 F1532
G1 X84.219 Y133.78 E.00143
G3 X83.564 Y128.244 I-.229 J-2.779 E.25506
G3 X84.072 Y128.213 I.442 J3.019 E.0152
G3 X84.436 Y133.753 I-.083 J2.787 E.24513
G1 X84.326 Y133.768 E.0033
G1 X84.284 Y133.409 F18000
G1 X84.24 Y133.414
G1 X84.235 Y133.379
M204 P1500
;TYPE:Inner wall
;WIDTH:0.45
G1 F1532
G1 X84 Y133.396 E.00759
G3 X83.812 Y128.61 I-.009 J-2.396 E.23663
G3 X84.057 Y128.605 I.155 J1.564 E.0079
G1 X84.287 Y128.622 E.00741
G3 X84.375 Y133.365 I-.296 J2.378 E.22015
G1 X84.295 Y133.373 E.00257
M204 T1000
G1 X84.263 Y133.104 F18000
G1 X84.167 Y133.116
G1 X84 Y133.122
G1 X83.923 Y133.119
G1 X83.937 Y132.753
M204 P1000
;TYPE:Outer wall
;WIDTH:0.42
G1 F1532
G1 X84 Y132.755 E.00187
G2 X84.135 Y129.245 I.001 J-1.758 E.16048
G2 X83.862 Y129.245 I-.134 J2.319 E.00815
G2 X83.59 Y132.706 I.139 J1.752 E.14798
G1 X83.878 Y132.745 E.00864
M204 T2000
G1 X83.863 Y133.117 F18000
G1 X83.988 Y133.122
G1 X83.987 Y133.152
M204 P1500
;TYPE:Inner wall
;WIDTH:0.45
G1 F1532
G1 X84 Y133.146 E.00046
G2 X84.162 Y128.853 I.002 J-2.149 E.21204
G2 X83.831 Y128.854 I-.158 J2.81 E.01065
G2 X83.831 Y133.139 I.171 J2.143 E.20614
G1 X83.927 Y133.147 E.00309
G1 E-1.75 F6000
;WIPE_START
G1 X84 Y133.146 E-.05453
G1 X84.169 Y133.146 E-.12681
G1 X84.502 Y133.093 E-.25314
G1 X84.824 Y132.989 E-.25326
G1 X84.899 Y132.954 E-.06227
;WIPE_END
G1 X85.014 Y133.203 Z8.04 F18000
G1 X136.224 Y133.416
G1 X136.267 Y133.776
G1 Z7.84
G1 E2.5 F6000
M204 P1000
;TYPE:Outer wall
;WIDTH:0.42
G1 F1532
G1 X136.219 Y133.78 E.00143
G3 X135.564 Y128.244 I-.229 J-2.779 E.25506
G3 X136.072 Y128.213 I.442 J3.019 E.0152
G3 X136.436 Y133.753 I-.083 J2.787 E.24513
G1 X136.326 Y133.768 E.0033
G1 X136.284 Y133.409 F18000
G1 X136.239 Y133.414
G1 X136.235 Y133.379
M204 P1500
;TYPE:Inner wall
;WIDTH:0.45
G1 F1532
G1 X136 Y133.396 E.00759
G3 X135.812 Y128.61 I-.009 J-2.396 E.23663
G3 X136.057 Y128.605 I.155 J1.564 E.0079
G1 X136.287 Y128.622 E.00741
G3 X136.375 Y133.365 I-.296 J2.378 E.22015
G1 X136.295 Y133.373 E.00257
M204 T1000
G1 X136.263 Y133.104 F18000
G1 X136.167 Y133.116
G1 X136 Y133.122
G1 X135.923 Y133.119
G1 X135.937 Y132.753
M204 P1000
;TYPE:Outer wall
;WIDTH:0.42
G1 F1532
G1 X136 Y132.755 E.00187
G2 X136.135 Y129.245 I.001 J-1.758 E.16048
G2 X135.862 Y129.245 I-.134 J2.319 E.00815
G2 X135.59 Y132.706 I.139 J1.752 E.14798
G1 X135.878 Y132.745 E.00864
M204 T2000
G1 X135.863 Y133.117 F18000
G1 X136 Y133.122
G1 X136.012 Y133.122
G1 X136.013 Y133.152
M204 P1500
;TYPE:Inner wall
;WIDTH:0.45
G1 F1532
G1 X136.169 Y133.139 E.00502
G2 X136.162 Y128.853 I-.167 J-2.143 E.20661
G2 X135.831 Y128.854 I-.158 J2.81 E.01065
G2 X135.954 Y133.145 I.171 J2.143 E.2101
G1 E-1.75 F6000
;WIPE_START
G1 X136.169 Y133.139 E-.16077
G1 X136.502 Y133.093 E-.2528
G1 X136.824 Y132.989 E-.25326
G1 X136.924 Y132.942 E-.08317
;WIPE_END
G1 X136.912 Y132.915 Z8.04 F18000
G1 X136.964 Y132.891
G1 X137.109 Y132.81
G1 X137.247 Y132.717
G1 X137.378 Y132.614
G1 X137.501 Y132.501
G1 X137.614 Y132.378
G1 X137.717 Y132.247
G1 X137.81 Y132.109
G1 X137.891 Y131.964
G1 X137.961 Y131.812
G1 X138.018 Y131.656
G1 X138.064 Y131.495
G1 X138.096 Y131.332
G1 X138.116 Y131.167
G1 X138.122 Y131
G1 X138.116 Y130.833
G1 X138.096 Y130.668
G1 X138.064 Y130.505
G1 X138.018 Y130.344
G1 X137.961 Y130.188
G1 X137.891 Y130.036
G1 X137.81 Y129.891
G1 X137.717 Y129.753
G1 X137.614 Y129.622
G1 X136.857 Y128.731
G1 X136.224 Y91.416
G1 X136.267 Y91.776
G1 Z7.84
G1 E2.5 F6000
M204 P1000
;TYPE:Outer wall
;WIDTH:0.42
G1 F1532
G1 X136.219 Y91.78 E.00143
G3 X135.564 Y86.244 I-.229 J-2.779 E.25506
G3 X136.072 Y86.213 I.442 J3.019 E.0152
G3 X136.436 Y91.753 I-.083 J2.787 E.24513
G1 X136.326 Y91.768 E.0033
G1 X136.284 Y91.409 F18000
G1 X136.239 Y91.414
G1 X136.235 Y91.379
M204 P1500
;TYPE:Inner wall
;WIDTH:0.45
G1 F1532
G1 X136 Y91.396 E.00759
G3 X135.812 Y86.61 I-.009 J-2.396 E.23663
G3 X136.057 Y86.605 I.155 J1.564 E.0079
G1 X136.287 Y86.622 E.00741
G3 X136.375 Y91.365 I-.296 J2.378 E.22015
G1 X136.295 Y91.373 E.00257
M204 T1000
G1 X136.263 Y91.104 F18000
G1 X136.167 Y91.116
G1 X136 Y91.122
G1 X135.923 Y91.119
G1 X135.937 Y90.753
M204 P1000
;TYPE:Outer wall
;WIDTH:0.42
G1 F1532
G1 X136 Y90.755 E.00187
G2 X136.135 Y87.245 I.001 J-1.758 E.16048
G2 X135.862 Y87.245 I-.134 J2.319 E.00815
G2 X135.59 Y90.706 I.139 J1.752 E.14798
G1 X135.878 Y90.745 E.00864
M204 T2000
G1 X135.863 Y91.117 F18000
G1 X136 Y91.122
G1 X136.012 Y91.122
G1 X136.013 Y91.152
M204 P1500
;TYPE:Inner wall
;WIDTH:0.45
G1 F1532
G1 X136.169 Y91.139 E.00502
G2 X136.162 Y86.853 I-.167 J-2.143 E.20661
G2 X135.831 Y86.854 I-.158 J2.81 E.01065
G2 X135.954 Y91.145 I.171 J2.143 E.2101
; stop printing object base_plate.stl id:0 copy 0
;LAYER_CHANGE
;Z:8.04
;HEIGHT:0.2
G92 E0 ; zero the extruded length again
; BEFORE_LAYER_CHANGE 39 @ 8.04mm
G1 E-1.75 F6000
;WIPE_START
G1 X136.169 Y91.139 E-.16077
G1 X136.502 Y91.093 E-.2528
G1 X136.824 Y90.989 E-.25326
G1 X136.924 Y90.942 E-.08317
;WIPE_END
; AFTER_LAYER_CHANGE 39 @ 8.04mm
;_SET_FAN_SPEED_CHANGING_LAYER
; printing object base_plate.stl id:0 copy 0
G17
G3 Z8.24 I.553 J-.255 P1  F18000
G1 X136.912 Y90.915 Z8.24
G1 X136.812 Y90.961
G1 X136.656 Y91.018
G1 X136.495 Y91.064
G1 X136.332 Y91.096
G1 X136.167 Y91.116
G1 X136 Y91.122
G1 X135.833 Y91.116
G1 X134.597 Y90.979
G1 X84.213 Y91.417
G1 X84.255 Y91.777
G1 Z8.04
G1 E2.5 F6000
M204 P1000
;TYPE:Outer wall
;WIDTH:0.42
G1 F1532
G1 X84.219 Y91.779 E.00109
G3 X83.349 Y86.287 I-.226 J-2.779 E.24832
G3 X84.078 Y86.213 I.775 J4.004 E.02187
G3 X84.436 Y91.753 I-.086 J2.787 E.24511
G1 X84.315 Y91.769 E.00364
G1 X84.272 Y91.41 F18000
G1 X84.228 Y91.415
G1 X84.224 Y91.38
M204 P1500
;TYPE:Inner wall
;WIDTH:0.45
G1 F1532
G1 X84 Y91.396 E.00722
G3 X83.812 Y86.61 I-.009 J-2.396 E.23663
G3 X84.06 Y86.605 I.156 J1.583 E.00799
G1 X84.285 Y86.621 E.00726
G3 X84.374 Y91.365 I-.295 J2.378 E.2202
G1 X84.284 Y91.374 E.00293
M204 T1000
G1 X84.252 Y91.106 F18000
G1 X84.167 Y91.116
G1 X84 Y91.122
G1 X83.972 Y91.121
G1 X83.987 Y90.759
M204 P1000
;TYPE:Outer wall
;WIDTH:0.42
G1 F1532
G1 X84 Y90.755 E.00042
G2 X84.135 Y87.245 I.001 J-1.758 E.16049
G2 X83.862 Y87.245 I-.133 J2.361 E.00814
G2 X83.59 Y90.706 I.139 J1.752 E.14798
G1 X83.927 Y90.751 E.01012
M204 T2000
G1 X83.913 Y91.119 F18000
G1 X83.988 Y91.122
G1 X83.987 Y91.152
M204 P1500
;TYPE:Inner wall
;WIDTH:0.45
G1 F1532
G1 X84 Y91.146 E.00046
G2 X84.162 Y86.853 I.002 J-2.149 E.21206
G2 X83.831 Y86.854 I-.158 J2.859 E.01064
G2 X83.831 Y91.139 I.171 J2.143 E.20614
G1 X83.927 Y91.147 E.00309
G1 E-1.75 F6000
;WIPE_START
G1 X84 Y91.146 E-.05452
G1 X84.169 Y91.146 E-.12681
G1 X84.502 Y91.093 E-.25313
G1 X84.824 Y90.989 E-.25327
G1 X84.899 Y90.954 E-.06227
;WIPE_END
G1 X85.014 Y91.203 Z8.24 F18000
G1 X84.333 Y128.597
G1 X86.163 Y129.898
G1 X86.163 Y132.102
G1 X84.38 Y133.397
G1 X84.213 Y133.417
G1 X84.255 Y133.777
G1 Z8.04
G1 E2.5 F6000
M204 P1000
;TYPE:Outer wall
;WIDTH:0.42
G1 F1532
G1 X84.219 Y133.779 E.00109
G3 X83.349 Y128.287 I-.226 J-2.779 E.24832
G3 X84.078 Y128.213 I.775 J4.003 E.02187
G3 X84.436 Y133.753 I-.086 J2.787 E.24511
G1 X84.315 Y133.769 E.00364
G1 X84.272 Y133.41 F18000
G1 X84.228 Y133.415
G1 X84.224 Y133.38
M204 P1500
;TYPE:Inner wall
;WIDTH:0.45
G1 F1532
G1 X84 Y133.396 E.00722
G3 X83.812 Y128.61 I-.009 J-2.396 E.23663
G3 X84.06 Y128.605 I.156 J1.583 E.00799
G1 X84.285 Y128.621 E.00726
G3 X84.374 Y133.365 I-.295 J2.378 E.2202
G1 X84.284 Y133.374 E.00293
M204 T1000
G1 X84.252 Y133.106 F18000
G1 X84.167 Y133.116
G1 X84 Y133.122
G1 X83.925 Y133.119
G1 X83.94 Y132.753
M204 P1000
;TYPE:Outer wall
;WIDTH:0.42
G1 F1532
G1 X84 Y132.755 E.00179
G2 X84.135 Y129.245 I.001 J-1.758 E.16049
G2 X83.862 Y129.245 I-.133 J2.361 E.00814
G2 X83.59 Y132.706 I.139 J1.752 E.14798
G1 X83.88 Y132.745 E.00871
M204 T2000
G1 X83.866 Y133.117 F18000
G1 X83.988 Y133.122
G1 X83.987 Y133.152
M204 P1500
;TYPE:Inner wall
;WIDTH:0.45
G1 F1532
G1 X84 Y133.146 E.00046
G2 X84.162 Y128.853 I.002 J-2.149 E.21206
G2 X83.831 Y128.854 I-.158 J2.859 E.01064
G2 X83.831 Y133.139 I.171 J2.143 E.20614
G1 X83.927 Y133.147 E.00309
G1 E-1.75 F6000
;WIPE_START
G1 X84 Y133.146 E-.05453
G1 X84.169 Y133.146 E-.12681
G1 X84.502 Y133.093 E-.25313
G1 X84.824 Y132.989 E-.25327
G1 X84.899 Y132.954 E-.06226
;WIPE_END
G1 X85.014 Y133.203 Z8.24 F18000
G1 X136.213 Y133.417
G1 X136.255 Y133.777
G1 Z8.04
G1 E2.5 F6000
M204 P1000
;TYPE:Outer wall
;WIDTH:0.42
G1 F1532
G1 X136.219 Y133.779 E.00109
G3 X135.349 Y128.287 I-.226 J-2.779 E.24832
G3 X136.078 Y128.213 I.775 J4.003 E.02187
G3 X136.436 Y133.753 I-.086 J2.787 E.24511
G1 X136.315 Y133.769 E.00364
G1 X136.272 Y133.41 F18000
G1 X136.228 Y133.415
G1 X136.224 Y133.38
M204 P1500
;TYPE:Inner wall
;WIDTH:0.45
G1 F1532
G1 X136 Y133.396 E.00722
G3 X135.812 Y128.61 I-.009 J-2.396 E.23663
G3 X136.06 Y128.605 I.156 J1.583 E.00799
G1 X136.285 Y128.621 E.00726
G3 X136.374 Y133.365 I-.295 J2.378 E.2202
G1 X136.284 Y133.374 E.00293
M204 T1000
G1 X136.252 Y133.106 F18000
G1 X136.167 Y133.116
G1 X136 Y133.122
G1 X135.925 Y133.119
G1 X135.94 Y132.753
M204 P1000
;TYPE:Outer wall
;WIDTH:0.42
G1 F1532
G1 X136 Y132.755 E.00179
G2 X136.135 Y129.245 I.001 J-1.758 E.16049
G2 X135.862 Y129.245 I-.133 J2.361 E.00814
G2 X135.59 Y132.706 I.139 J1.752 E.14798
G1 X135.88 Y132.745 E.00871
M204 T2000
G1 X135.866 Y133.117 F18000
G1 X136 Y133.122
G1 X136.012 Y133.122
G1 X136.013 Y133.152
M204 P1500
;TYPE:Inner wall
;WIDTH:0.45
G1 F1532
G1 X136.169 Y133.139 E.00502
G2 X136.162 Y128.853 I-.167 J-2.143 E.20663
G2 X135.831 Y128.854 I-.158 J2.859 E.01064
G2 X135.954 Y133.145 I.171 J2.143 E.21009
G1 E-1.75 F6000
;WIPE_START
G1 X136.169 Y133.139 E-.16077
G1 X136.502 Y133.093 E-.25279
G1 X136.824 Y132.989 E-.25327
G1 X136.924 Y132.942 E-.08317
;WIPE_END
G1 X136.912 Y132.915 Z8.24 F18000
G1 X136.964 Y132.891
G1 X137.109 Y132.81
G1 X137.247 Y132.717
G1 X137.378 Y132.614
G1 X137.501 Y132.501
G1 X137.614 Y132.378
G1 X137.717 Y132.247
G1 X137.81 Y132.109
G1 X137.891 Y131.964
G1 X137.961 Y131.812
G1 X138.018 Y131.656
G1 X138.064 Y131.495
G1 X138.096 Y131.332
G1 X138.116 Y131.167
G1 X138.122 Y131
G1 X138.116 Y130.833
G1 X138.096 Y130.668
G1 X138.064 Y130.505
G1 X138.018 Y130.344
G1 X137.961 Y130.188
G1 X137.891 Y130.036
G1 X137.81 Y129.891
G1 X137.717 Y129.753
G1 X137.614 Y129.622
G1 X136.856 Y128.731
G1 X136.213 Y91.417
G1 X136.255 Y91.777
G1 Z8.04
G1 E2.5 F6000
M204 P1000
;TYPE:Outer wall
;WIDTH:0.42
G1 F1532
G1 X136.219 Y91.779 E.00109
G3 X135.349 Y86.287 I-.226 J-2.779 E.24832
G3 X136.078 Y86.213 I.775 J4.004 E.02187
G3 X136.436 Y91.753 I-.086 J2.787 E.24511
G1 X136.315 Y91.769 E.00364
G1 X136.272 Y91.41 F18000
G1 X136.228 Y91.415
G1 X136.224 Y91.38
M204 P1500
;TYPE:Inner wall
;WIDTH:0.45
G1 F1532
G1 X136 Y91.396 E.00722
G3 X135.812 Y86.61 I-.009 J-2.396 E.23663
G3 X136.06 Y86.605 I.156 J1.583 E.00799
G1 X136.285 Y86.621 E.00726
G3 X136.374 Y91.365 I-.295 J2.378 E.2202
G1 X136.284 Y91.374 E.00293
M204 T1000
G1 X136.252 Y91.106 F18000
G1 X136.167 Y91.116
G1 X136 Y91.122
G1 X135.925 Y91.119
G1 X135.94 Y90.753
M204 P1000
;TYPE:Outer wall
;WIDTH:0.42
G1 F1532
G1 X136 Y90.755 E.00179
G2 X136.135 Y87.245 I.001 J-1.758 E.16049
G2 X135.862 Y87.245 I-.133 J2.361 E.00814
G2 X135.59 Y90.706 I.139 J1.752 E.14798
G1 X135.88 Y90.745 E.00871
M204 T2000
G1 X135.866 Y91.117 F18000
G1 X136 Y91.122
G1 X136.012 Y91.122
G1 X136.013 Y91.152
M204 P1500
;TYPE:Inner wall
;WIDTH:0.45
G1 F1532
G1 X136.169 Y91.139 E.00502
G2 X136.162 Y86.853 I-.167 J-2.143 E.20663
G2 X135.831 Y86.854 I-.158 J2.859 E.01064
G2 X135.954 Y91.145 I.171 J2.143 E.21009
; stop printing object base_plate.stl id:0 copy 0
;LAYER_CHANGE
;Z:8.24
;HEIGHT:0.2
G92 E0 ; zero the extruded length again
; BEFORE_LAYER_CHANGE 40 @ 8.24mm
G1 E-1.75 F6000
;WIPE_START
G1 X136.169 Y91.139 E-.16077
G1 X136.502 Y91.093 E-.25279
G1 X136.824 Y90.989 E-.25327
G1 X136.924 Y90.942 E-.08317
;WIPE_END
; AFTER_LAYER_CHANGE 40 @ 8.24mm
;_SET_FAN_SPEED_CHANGING_LAYER
; printing object base_plate.stl id:0 copy 0
G17
G3 Z8.44 I.553 J-.255 P1  F18000
G1 X136.912 Y90.915 Z8.44
G1 X136.812 Y90.961
G1 X136.656 Y91.018
G1 X136.495 Y91.064
G1 X136.332 Y91.096
G1 X136.167 Y91.116
G1 X136 Y91.122
G1 X135.833 Y91.116
G1 X134.597 Y90.979
G1 X84.201 Y91.418
G1 X84.244 Y91.778
G1 Z8.24
G1 E2.5 F6000
M204 P1000
;TYPE:Outer wall
;WIDTH:0.42
G1 F1532
G1 X84.219 Y91.779 E.00075
G3 X83.349 Y86.287 I-.226 J-2.779 E.24833
G3 X84.084 Y86.213 I.769 J3.961 E.02205
G3 X84.436 Y91.753 I-.092 J2.787 E.24492
G1 X84.304 Y91.771 E.00398
G1 X84.261 Y91.411 F18000
G1 X84.201 Y91.418
G1 X84.198 Y91.389
M204 P1500
;TYPE:Inner wall
;WIDTH:0.45
G1 F1532
G1 X84.188 Y91.389 E.00032
G3 X83.625 Y86.632 I-.197 J-2.388 E.23664
G3 X84.069 Y86.605 I.378 J2.575 E.01432
G3 X84.375 Y91.366 I-.078 J2.395 E.22718
G1 X84.257 Y91.381 E.0038
M204 T1000
G1 X84.225 Y91.109 F18000
G1 X84.167 Y91.116
G1 X84 Y91.122
G1 X83.979 Y91.122
G1 X83.994 Y90.755
M204 P1000
;TYPE:Outer wall
;WIDTH:0.42
G1 F1532
G1 X84.138 Y90.75 E.0043
G2 X84.275 Y87.261 I-.131 J-1.752 E.1525
G2 X83.943 Y87.242 I-.277 J1.873 E.00993
G2 X83.862 Y90.749 I.064 J1.756 E.15823
G1 X83.934 Y90.752 E.00213
M204 T2000
G1 X83.919 Y91.119 F18000
G1 X84 Y91.122
G1 X84.167 Y91.116
G1 X84.193 Y91.113
G1 X84.196 Y91.142
M204 P1500
;TYPE:Inner wall
;WIDTH:0.45
G1 F1532
G1 X84.503 Y91.094 E.00997
G2 X84.337 Y86.874 I-.494 J-2.094 E.19071
G2 X83.928 Y86.85 I-.338 J2.287 E.0132
G2 X84.137 Y91.148 I.081 J2.15 E.2189
G1 E-1.75 F6000
;WIPE_START
G1 X84.503 Y91.094 E-.27746
G1 X84.665 Y91.047 E-.12684
G1 X84.977 Y90.918 E-.25338
G1 X85.082 Y90.854 E-.09232
;WIPE_END
G1 X85.219 Y91.097 Z8.44 F18000
G1 X84.345 Y128.599
G1 X86.163 Y129.898
G1 X86.163 Y132.102
G1 X84.38 Y133.397
G1 X84.201 Y133.418
G1 X84.244 Y133.778
G1 Z8.24
G1 E2.5 F6000
M204 P1000
;TYPE:Outer wall
;WIDTH:0.42
G1 F1532
G1 X84.219 Y133.779 E.00075
G3 X83.349 Y128.287 I-.226 J-2.779 E.24833
G3 X84.084 Y128.213 I.769 J3.961 E.02205
G3 X84.436 Y133.753 I-.092 J2.787 E.24492
G1 X84.304 Y133.771 E.00398
G1 X84.261 Y133.411 F18000
G1 X84.201 Y133.418
G1 X84.198 Y133.389
M204 P1500
;TYPE:Inner wall
;WIDTH:0.45
G1 F1532
G1 X84.188 Y133.389 E.00032
G3 X83.625 Y128.632 I-.197 J-2.388 E.23664
G3 X84.069 Y128.605 I.378 J2.574 E.01432
G3 X84.375 Y133.366 I-.078 J2.395 E.22718
G1 X84.257 Y133.381 E.0038
M204 T1000
G1 X84.225 Y133.109 F18000
G1 X84.167 Y133.116
G1 X84 Y133.122
G1 X83.924 Y133.119
G1 X83.938 Y132.755
M204 P1000
;TYPE:Outer wall
;WIDTH:0.42
G1 F1532
G1 X84.138 Y132.75 E.00595
G2 X84.275 Y129.261 I-.131 J-1.752 E.1525
G2 X83.943 Y129.242 I-.276 J1.873 E.00993
G2 X83.862 Y132.749 I.064 J1.756 E.15823
G1 X83.878 Y132.751 E.00048
M204 T2000
G1 X83.864 Y133.117 F18000
G1 X83.833 Y133.116
G1 X83.807 Y133.113
G1 X83.804 Y133.142
M204 P1500
;TYPE:Inner wall
;WIDTH:0.45
G1 F1532
G1 X83.831 Y133.145 E.00088
G2 X84.337 Y128.874 I.177 J-2.144 E.21246
G2 X83.928 Y128.85 I-.338 J2.287 E.0132
G2 X83.498 Y133.091 I.081 J2.15 E.19821
G1 X83.745 Y133.132 E.00803
G1 E-1.75 F6000
;WIPE_START
G1 X83.831 Y133.145 E-.06556
G1 X84.169 Y133.146 E-.25356
G1 X84.502 Y133.093 E-.25314
G1 X84.665 Y133.047 E-.1268
G1 X84.728 Y133.021 E-.05095
;WIPE_END
G1 X84.824 Y133.281 Z8.44 F18000
G1 X136.201 Y133.418
G1 X136.244 Y133.778
G1 Z8.24
G1 E2.5 F6000
M204 P1000
;TYPE:Outer wall
;WIDTH:0.42
G1 F1532
G1 X136.219 Y133.779 E.00075
G3 X135.349 Y128.287 I-.226 J-2.779 E.24833
G3 X136.084 Y128.213 I.769 J3.961 E.02205
G3 X136.436 Y133.753 I-.092 J2.787 E.24492
G1 X136.304 Y133.771 E.00398
G1 X136.261 Y133.411 F18000
G1 X136.201 Y133.418
G1 X136.198 Y133.389
M204 P1500
;TYPE:Inner wall
;WIDTH:0.45
G1 F1532
G1 X136.188 Y133.389 E.00032
G3 X135.625 Y128.632 I-.197 J-2.388 E.23664
G3 X136.069 Y128.605 I.378 J2.574 E.01432
G3 X136.375 Y133.366 I-.078 J2.395 E.22718
G1 X136.257 Y133.381 E.0038
M204 T1000
G1 X136.225 Y133.109 F18000
G1 X136.167 Y133.116
G1 X136 Y133.122
G1 X135.924 Y133.119
G1 X135.938 Y132.755
M204 P1000
;TYPE:Outer wall
;WIDTH:0.42
G1 F1532
G1 X136.138 Y132.75 E.00595
G2 X136.275 Y129.261 I-.131 J-1.752 E.1525
G2 X135.943 Y129.242 I-.276 J1.873 E.00993
G2 X135.862 Y132.749 I.064 J1.756 E.15823
G1 X135.878 Y132.751 E.00048
M204 T2000
G1 X135.864 Y133.117 F18000
G1 X135.833 Y133.116
G1 X135.807 Y133.113
G1 X135.804 Y133.142
M204 P1500
;TYPE:Inner wall
;WIDTH:0.45
G1 F1532
G1 X135.831 Y133.145 E.00088
G2 X136.337 Y128.874 I.177 J-2.144 E.21246
G2 X135.928 Y128.85 I-.338 J2.287 E.0132
G2 X135.498 Y133.091 I.081 J2.15 E.19821
G1 X135.745 Y133.132 E.00803
G1 E-1.75 F6000
;WIPE_START
G1 X135.831 Y133.145 E-.06556
G1 X136.169 Y133.146 E-.25356
G1 X136.502 Y133.093 E-.25314
G1 X136.665 Y133.047 E-.1268
G1 X136.728 Y133.021 E-.05094
;WIPE_END
G1 X136.718 Y132.995 Z8.44 F18000
G1 X136.812 Y132.961
G1 X136.964 Y132.891
G1 X137.109 Y132.81
G1 X137.247 Y132.717
G1 X137.378 Y132.614
G1 X137.501 Y132.501
G1 X137.614 Y132.378
G1 X137.717 Y132.247
G1 X137.81 Y132.109
G1 X137.891 Y131.964
G1 X137.961 Y131.812
G1 X138.018 Y131.656
G1 X138.064 Y131.495
G1 X138.096 Y131.332
G1 X138.116 Y131.167
G1 X138.122 Y131
G1 X138.116 Y130.833
G1 X138.096 Y130.668
G1 X138.064 Y130.505
G1 X138.018 Y130.344
G1 X137.961 Y130.188
G1 X137.891 Y130.036
G1 X137.81 Y129.891
G1 X137.717 Y129.753
G1 X137.614 Y129.622
G1 X137.501 Y129.499
G1 X136.677 Y128.671
G1 X136.201 Y91.418
G1 X136.244 Y91.778
G1 Z8.24
G1 E2.5 F6000
M204 P1000
;TYPE:Outer wall
;WIDTH:0.42
G1 F1532
G1 X136.219 Y91.779 E.00075
G3 X135.349 Y86.287 I-.226 J-2.779 E.24833
G3 X136.084 Y86.213 I.769 J3.961 E.02205
G3 X136.436 Y91.753 I-.092 J2.787 E.24492
G1 X136.304 Y91.771 E.00398
G1 X136.261 Y91.411 F18000
G1 X136.201 Y91.418
G1 X136.198 Y91.389
M204 P1500
;TYPE:Inner wall
;WIDTH:0.45
G1 F1532
G1 X136.188 Y91.389 E.00032
G3 X135.625 Y86.632 I-.197 J-2.388 E.23664
G3 X136.069 Y86.605 I.378 J2.575 E.01432
G3 X136.375 Y91.366 I-.078 J2.395 E.22718
G1 X136.257 Y91.381 E.0038
M204 T1000
G1 X136.225 Y91.109 F18000
G1 X136.167 Y91.116
G1 X136 Y91.122
G1 X135.924 Y91.119
G1 X135.938 Y90.755
M204 P1000
;TYPE:Outer wall
;WIDTH:0.42
G1 F1532
G1 X136.138 Y90.75 E.00595
G2 X136.275 Y87.261 I-.131 J-1.752 E.1525
G2 X135.943 Y87.242 I-.277 J1.873 E.00993
G2 X135.862 Y90.749 I.064 J1.756 E.15823
G1 X135.878 Y90.751 E.00048
M204 T2000
G1 X135.864 Y91.117 F18000
G1 X135.833 Y91.116
G1 X135.807 Y91.113
G1 X135.804 Y91.142
M204 P1500
;TYPE:Inner wall
;WIDTH:0.45
G1 F1532
G1 X135.831 Y91.145 E.00088
G2 X136.337 Y86.874 I.177 J-2.144 E.21246
G2 X135.928 Y86.85 I-.338 J2.287 E.0132
G2 X135.498 Y91.091 I.081 J2.15 E.19821
G1 X135.745 Y91.132 E.00803
; stop printing object base_plate.stl id:0 copy 0
;LAYER_CHANGE
;Z:8.44
;HEIGHT:0.2
G92 E0 ; zero the extruded length again
; BEFORE_LAYER_CHANGE 41 @ 8.44mm
G1 E-1.75 F6000
;WIPE_START
G1 X135.831 Y91.145 E-.06556
G1 X136.169 Y91.146 E-.25356
G1 X136.502 Y91.093 E-.25314
G1 X136.665 Y91.047 E-.1268
G1 X136.728 Y91.021 E-.05094
;WIPE_END
; AFTER_LAYER_CHANGE 41 @ 8.44mm
;_SET_FAN_SPEED_CHANGING_LAYER
; printing object base_plate.stl id:0 copy 0
G17
G3 Z8.64 I.571 J-.211 P1  F18000
G1 X136.718 Y90.995 Z8.64
G1 X136.656 Y91.018
G1 X136.495 Y91.064
G1 X136.332 Y91.096
G1 X136.167 Y91.116
G1 X136 Y91.122
G1 X135.833 Y91.116
G1 X134.703 Y91.05
G1 X84.19 Y91.42
G1 X84.233 Y91.78
G1 Z8.44
G1 E2.5 F6000
M204 P1000
;TYPE:Outer wall
;WIDTH:0.42
G1 F1538
G1 X84.219 Y91.779 E.00041
G3 X83.349 Y86.287 I-.226 J-2.779 E.24833
G3 X84.09 Y86.214 I.764 J3.923 E.02222
G3 X84.436 Y91.753 I-.098 J2.787 E.24474
G1 X84.292 Y91.772 E.00432
G1 X84.25 Y91.413 F18000
G1 X84.192 Y91.42
G1 X84.188 Y91.389
M204 P1500
;TYPE:Inner wall
;WIDTH:0.45
G1 F1538
G3 X83.625 Y86.632 I-.198 J-2.388 E.23665
G3 X84.075 Y86.605 I.377 J2.562 E.0145
G3 X84.248 Y91.383 I-.084 J2.395 E.23109
M204 T1000
G1 X84.215 Y91.11 F18000
G1 X84.167 Y91.116
G1 X84 Y91.122
G1 X83.981 Y91.122
G1 X83.995 Y90.755
M204 P1000
;TYPE:Outer wall
;WIDTH:0.42
G1 F1538
G1 X84.138 Y90.754 E.00425
G2 X84.275 Y87.261 I-.131 J-1.754 E.15267
G2 X83.94 Y87.242 I-.276 J1.869 E.01001
G2 X83.862 Y90.753 I.067 J1.758 E.15831
G1 X83.935 Y90.754 E.00219
M204 T2000
G1 X83.921 Y91.119 F18000
G1 X84 Y91.122
G1 X84.167 Y91.116
G1 X84.193 Y91.113
G1 X84.196 Y91.142
M204 P1500
;TYPE:Inner wall
;WIDTH:0.45
G1 F1538
G1 X84.503 Y91.094 E.00997
G2 X84.337 Y86.874 I-.494 J-2.094 E.19069
G2 X83.925 Y86.85 I-.337 J2.283 E.01329
G2 X84.137 Y91.147 I.084 J2.15 E.21877
G1 E-1.75 F6000
;WIPE_START
G1 X84.503 Y91.094 E-.2774
G1 X84.665 Y91.047 E-.12685
G1 X84.977 Y90.918 E-.25337
G1 X85.082 Y90.854 E-.09238
;WIPE_END
G1 X85.219 Y91.097 Z8.64 F18000
G1 X84.335 Y128.597
G1 X86.163 Y129.898
G1 X86.163 Y132.102
G1 X84.38 Y133.397
G1 X84.19 Y133.42
G1 X84.233 Y133.78
G1 Z8.44
G1 E2.5 F6000
M204 P1000
;TYPE:Outer wall
;WIDTH:0.42
G1 F1538
G1 X84.219 Y133.779 E.00041
G3 X83.349 Y128.287 I-.226 J-2.779 E.24833
G3 X84.09 Y128.214 I.764 J3.923 E.02222
G3 X84.436 Y133.753 I-.098 J2.787 E.24474
G1 X84.292 Y133.772 E.00432
G1 X84.25 Y133.413 F18000
G1 X84.192 Y133.42
G1 X84.188 Y133.389
M204 P1500
;TYPE:Inner wall
;WIDTH:0.45
G1 F1538
G3 X83.625 Y128.632 I-.198 J-2.388 E.23665
G3 X84.075 Y128.605 I.377 J2.561 E.0145
G3 X84.248 Y133.383 I-.084 J2.395 E.23109
M204 T1000
G1 X84.215 Y133.11 F18000
G1 X84.167 Y133.116
G1 X84 Y133.122
G1 X83.926 Y133.119
G1 X83.941 Y132.755
M204 P1000
;TYPE:Outer wall
;WIDTH:0.42
G1 F1538
G1 X84.138 Y132.754 E.00588
G2 X84.275 Y129.261 I-.131 J-1.754 E.15267
G2 X83.94 Y129.242 I-.276 J1.869 E.01001
G2 X83.862 Y132.753 I.067 J1.758 E.15831
G1 X83.881 Y132.754 E.00056
M204 T2000
G1 X83.866 Y133.117 F18000
G1 X83.833 Y133.116
G1 X83.807 Y133.113
G1 X83.804 Y133.142
M204 P1500
;TYPE:Inner wall
;WIDTH:0.45
G1 F1538
G1 X83.831 Y133.144 E.00088
G2 X84.337 Y128.874 I.177 J-2.144 E.21243
G2 X83.925 Y128.85 I-.337 J2.283 E.01329
G2 X83.498 Y133.09 I.084 J2.15 E.19808
G1 X83.745 Y133.132 E.00803
G1 E-1.75 F6000
;WIPE_START
G1 X83.831 Y133.144 E-.06553
G1 X84.169 Y133.146 E-.25352
G1 X84.502 Y133.093 E-.25313
G1 X84.665 Y133.047 E-.12683
G1 X84.728 Y133.021 E-.051
;WIPE_END
G1 X84.824 Y133.281 Z8.64 F18000
G1 X136.19 Y133.42
G1 X136.233 Y133.78
G1 Z8.44
G1 E2.5 F6000
M204 P1000
;TYPE:Outer wall
;WIDTH:0.42
G1 F1538
G1 X136.219 Y133.779 E.00041
G3 X135.349 Y128.287 I-.226 J-2.779 E.24833
G3 X136.09 Y128.214 I.764 J3.923 E.02222
G3 X136.436 Y133.753 I-.098 J2.787 E.24474
G1 X136.292 Y133.772 E.00432
G1 X136.25 Y133.413 F18000
G1 X136.192 Y133.42
G1 X136.188 Y133.389
M204 P1500
;TYPE:Inner wall
;WIDTH:0.45
G1 F1538
G3 X135.625 Y128.632 I-.198 J-2.388 E.23665
G3 X136.075 Y128.605 I.377 J2.561 E.0145
G3 X136.248 Y133.383 I-.084 J2.395 E.23109
M204 T1000
G1 X136.215 Y133.11 F18000
G1 X136.167 Y133.116
G1 X136 Y133.122
G1 X135.926 Y133.119
G1 X135.941 Y132.755
M204 P1000
;TYPE:Outer wall
;WIDTH:0.42
G1 F1538
G1 X136.138 Y132.754 E.00588
G2 X136.275 Y129.261 I-.131 J-1.754 E.15267
G2 X135.94 Y129.242 I-.276 J1.869 E.01001
G2 X135.862 Y132.753 I.067 J1.758 E.15831
G1 X135.881 Y132.754 E.00056
M204 T2000
G1 X135.866 Y133.117 F18000
G1 X135.833 Y133.116
G1 X135.807 Y133.113
G1 X135.804 Y133.142
M204 P1500
;TYPE:Inner wall
;WIDTH:0.45
G1 F1538
G1 X135.831 Y133.144 E.00088
G2 X136.337 Y128.874 I.177 J-2.144 E.21243
G2 X135.925 Y128.85 I-.337 J2.283 E.01329
G2 X135.498 Y133.09 I.084 J2.15 E.19808
G1 X135.745 Y133.132 E.00803
G1 E-1.75 F6000
;WIPE_START
G1 X135.831 Y133.144 E-.06553
G1 X136.169 Y133.146 E-.25352
G1 X136.502 Y133.093 E-.25313
G1 X136.665 Y133.047 E-.12683
G1 X136.728 Y133.021 E-.051
;WIPE_END
G1 X136.718 Y132.995 Z8.64 F18000
G1 X136.812 Y132.961
G1 X136.964 Y132.891
G1 X137.109 Y132.81
G1 X137.247 Y132.717
G1 X137.378 Y132.614
G1 X137.501 Y132.501
G1 X137.614 Y132.378
G1 X137.717 Y132.247
G1 X137.81 Y132.109
G1 X137.891 Y131.964
G1 X137.961 Y131.812
G1 X138.018 Y131.656
G1 X138.064 Y131.495
G1 X138.096 Y131.332
G1 X138.116 Y131.167
G1 X138.122 Y131
G1 X138.116 Y130.833
G1 X138.096 Y130.668
G1 X138.064 Y130.505
G1 X138.018 Y130.344
G1 X137.961 Y130.188
G1 X137.891 Y130.036
G1 X137.81 Y129.891
G1 X137.717 Y129.753
G1 X137.614 Y129.622
G1 X137.501 Y129.499
G1 X136.676 Y128.671
G1 X136.19 Y91.42
G1 X136.233 Y91.78
G1 Z8.44
G1 E2.5 F6000
M204 P1000
;TYPE:Outer wall
;WIDTH:0.42
G1 F1538
G1 X136.219 Y91.779 E.00041
G3 X135.349 Y86.287 I-.226 J-2.779 E.24833
G3 X136.09 Y86.214 I.764 J3.923 E.02222
G3 X136.436 Y91.753 I-.098 J2.787 E.24474
G1 X136.292 Y91.772 E.00432
G1 X136.25 Y91.413 F18000
G1 X136.192 Y91.42
G1 X136.188 Y91.389
M204 P1500
;TYPE:Inner wall
;WIDTH:0.45
G1 F1538
G3 X135.625 Y86.632 I-.198 J-2.388 E.23665
G3 X136.075 Y86.605 I.377 J2.562 E.0145
G3 X136.248 Y91.383 I-.084 J2.395 E.23109
M204 T1000
G1 X136.215 Y91.11 F18000
G1 X136.167 Y91.116
G1 X136 Y91.122
G1 X135.926 Y91.119
G1 X135.941 Y90.755
M204 P1000
;TYPE:Outer wall
;WIDTH:0.42
G1 F1538
G1 X136.138 Y90.754 E.00588
G2 X136.275 Y87.261 I-.131 J-1.754 E.15267
G2 X135.94 Y87.242 I-.276 J1.869 E.01001
G2 X135.862 Y90.753 I.067 J1.758 E.15831
G1 X135.881 Y90.754 E.00056
M204 T2000
G1 X135.866 Y91.117 F18000
G1 X135.833 Y91.116
G1 X135.807 Y91.113
G1 X135.804 Y91.142
M204 P1500
;TYPE:Inner wall
;WIDTH:0.45
G1 F1538
G1 X135.831 Y91.144 E.00088
G2 X136.337 Y86.874 I.177 J-2.144 E.21243
G2 X135.925 Y86.85 I-.337 J2.283 E.01329
G2 X135.498 Y91.09 I.084 J2.15 E.19808
G1 X135.745 Y91.132 E.00803
; stop printing object base_plate.stl id:0 copy 0
;LAYER_CHANGE
;Z:8.64
;HEIGHT:0.200001
G92 E0 ; zero the extruded length again
; BEFORE_LAYER_CHANGE 42 @ 8.64mm
G1 E-1.75 F6000
;WIPE_START
G1 X135.831 Y91.144 E-.06553
G1 X136.169 Y91.146 E-.25352
G1 X136.502 Y91.093 E-.25313
G1 X136.665 Y91.047 E-.12683
G1 X136.728 Y91.021 E-.051
;WIPE_END
; AFTER_LAYER_CHANGE 42 @ 8.64mm
;_SET_FAN_SPEED_CHANGING_LAYER
; printing object base_plate.stl id:0 copy 0
G17
G3 Z8.84 I.571 J-.211 P1  F18000
G1 X136.718 Y90.995 Z8.84
G1 X136.656 Y91.018
G1 X136.495 Y91.064
G1 X136.332 Y91.096
G1 X136.167 Y91.116
G1 X136 Y91.122
G1 X135.833 Y91.116
G1 X134.703 Y91.05
G1 X84.19 Y91.42
G1 X84.221 Y91.781
G1 Z8.64
G1 E2.5 F6000
M204 P1000
;TYPE:Outer wall
;WIDTH:0.42
G1 F1538
G1 X84.219 Y91.779 E.00008
G3 X83.349 Y86.287 I-.227 J-2.779 E.24834
G3 X84.096 Y86.214 I.759 J3.889 E.0224
G3 X84.436 Y91.753 I-.104 J2.786 E.24456
G1 X84.281 Y91.773 E.00467
G1 X84.238 Y91.414 F18000
G1 X84.192 Y91.42
G1 X84.188 Y91.389
M204 P1500
;TYPE:Inner wall
;WIDTH:0.45
G1 F1538
G3 X83.625 Y86.632 I-.198 J-2.388 E.23665
G3 X84.081 Y86.606 I.376 J2.552 E.01469
G3 X84.248 Y91.383 I-.09 J2.395 E.2309
M204 T1000
G1 X84.215 Y91.11 F18000
G1 X84.167 Y91.116
G1 X84 Y91.122
G1 X83.983 Y91.122
G1 X83.997 Y90.755
M204 P1000
;TYPE:Outer wall
;WIDTH:0.42
G1 F1538
G1 X84.138 Y90.75 E.00419
G2 X84.275 Y87.261 I-.131 J-1.752 E.1525
G2 X83.937 Y87.242 I-.276 J1.866 E.0101
G2 X83.862 Y90.749 I.069 J1.756 E.15805
G1 X83.937 Y90.752 E.00224
M204 T2000
G1 X83.923 Y91.119 F18000
G1 X84 Y91.122
G1 X84.167 Y91.116
G1 X84.193 Y91.113
G1 X84.196 Y91.142
M204 P1500
;TYPE:Inner wall
;WIDTH:0.45
G1 F1538
G1 X84.503 Y91.094 E.00997
G2 X84.337 Y86.874 I-.494 J-2.094 E.19072
G2 X83.922 Y86.85 I-.337 J2.28 E.01338
G2 X84.137 Y91.148 I.086 J2.15 E.21871
G1 E-1.75 F6000
;WIPE_START
G1 X84.503 Y91.094 E-.27746
G1 X84.665 Y91.047 E-.12685
G1 X84.977 Y90.918 E-.25338
G1 X85.082 Y90.854 E-.09232
;WIPE_END
G1 X85.219 Y91.097 Z8.84 F18000
G1 X84.325 Y128.596
G1 X86.163 Y129.898
G1 X86.163 Y132.102
G1 X84.38 Y133.397
G1 X84.19 Y133.42
G1 X84.221 Y133.781
G1 Z8.64
G1 E2.5 F6000
M204 P1000
;TYPE:Outer wall
;WIDTH:0.42
G1 F1538
G1 X84.219 Y133.779 E.00008
G3 X83.349 Y128.287 I-.227 J-2.779 E.24834
G3 X84.096 Y128.214 I.759 J3.889 E.0224
G3 X84.436 Y133.753 I-.104 J2.786 E.24456
G1 X84.281 Y133.773 E.00467
G1 X84.238 Y133.414 F18000
G1 X84.192 Y133.42
G1 X84.188 Y133.389
M204 P1500
;TYPE:Inner wall
;WIDTH:0.45
G1 F1538
G3 X83.625 Y128.632 I-.198 J-2.388 E.23665
G3 X84.081 Y128.606 I.376 J2.552 E.01469
G3 X84.248 Y133.383 I-.09 J2.395 E.2309
M204 T1000
G1 X84.215 Y133.11 F18000
G1 X84.167 Y133.116
G1 X84 Y133.122
G1 X83.929 Y133.12
G1 X83.943 Y132.755
M204 P1000
;TYPE:Outer wall
;WIDTH:0.42
G1 F1538
G1 X84.138 Y132.75 E.0058
G2 X84.275 Y129.261 I-.131 J-1.752 E.1525
G2 X83.937 Y129.242 I-.276 J1.865 E.0101
G2 X83.862 Y132.749 I.069 J1.756 E.15805
G1 X83.883 Y132.751 E.00063
M204 T2000
G1 X83.869 Y133.117 F18000
G1 X83.833 Y133.116
G1 X83.807 Y133.113
G1 X83.804 Y133.142
M204 P1500
;TYPE:Inner wall
;WIDTH:0.45
G1 F1538
G1 X83.831 Y133.145 E.00088
G2 X84.337 Y128.874 I.177 J-2.144 E.21247
G2 X83.922 Y128.85 I-.337 J2.28 E.01338
G2 X83.498 Y133.091 I.086 J2.15 E.19802
G1 X83.745 Y133.132 E.00803
G1 E-1.75 F6000
;WIPE_START
G1 X83.831 Y133.145 E-.06556
G1 X84.169 Y133.146 E-.25355
G1 X84.502 Y133.093 E-.25314
G1 X84.665 Y133.047 E-.12681
G1 X84.728 Y133.021 E-.05094
;WIPE_END
G1 X84.824 Y133.281 Z8.84 F18000
G1 X136.19 Y133.42
G1 X136.221 Y133.781
G1 Z8.64
G1 E2.5 F6000
M204 P1000
;TYPE:Outer wall
;WIDTH:0.42
G1 F1538
G1 X136.219 Y133.779 E.00008
G3 X135.349 Y128.287 I-.227 J-2.779 E.24834
G3 X136.096 Y128.214 I.759 J3.889 E.0224
G3 X136.436 Y133.753 I-.104 J2.786 E.24456
G1 X136.281 Y133.773 E.00467
G1 X136.238 Y133.414 F18000
G1 X136.192 Y133.42
G1 X136.188 Y133.389
M204 P1500
;TYPE:Inner wall
;WIDTH:0.45
G1 F1538
G3 X135.625 Y128.632 I-.198 J-2.388 E.23665
G3 X136.081 Y128.606 I.376 J2.552 E.01469
G3 X136.248 Y133.383 I-.09 J2.395 E.2309
M204 T1000
G1 X136.215 Y133.11 F18000
G1 X136.167 Y133.116
G1 X136 Y133.122
G1 X135.929 Y133.12
G1 X135.943 Y132.755
M204 P1000
;TYPE:Outer wall
;WIDTH:0.42
G1 F1538
G1 X136.138 Y132.75 E.0058
G2 X136.275 Y129.261 I-.131 J-1.752 E.1525
G2 X135.937 Y129.242 I-.276 J1.865 E.0101
G2 X135.862 Y132.749 I.069 J1.756 E.15805
G1 X135.883 Y132.751 E.00063
M204 T2000
G1 X135.869 Y133.117 F18000
G1 X135.833 Y133.116
G1 X135.807 Y133.113
G1 X135.804 Y133.142
M204 P1500
;TYPE:Inner wall
;WIDTH:0.45
G1 F1538
G1 X135.831 Y133.145 E.00088
G2 X136.337 Y128.874 I.177 J-2.144 E.21247
G2 X135.922 Y128.85 I-.337 J2.28 E.01338
G2 X135.498 Y133.091 I.086 J2.15 E.19802
G1 X135.745 Y133.132 E.00803
G1 E-1.75 F6000
;WIPE_START
G1 X135.831 Y133.145 E-.06556
G1 X136.169 Y133.146 E-.25355
G1 X136.502 Y133.093 E-.25314
G1 X136.665 Y133.047 E-.12681
G1 X136.728 Y133.021 E-.05094
;WIPE_END
G1 X136.718 Y132.995 Z8.84 F18000
G1 X136.812 Y132.961
G1 X136.964 Y132.891
G1 X137.109 Y132.81
G1 X137.247 Y132.717
G1 X137.378 Y132.614
G1 X137.501 Y132.501
G1 X137.614 Y132.378
G1 X137.717 Y132.247
G1 X137.81 Y132.109
G1 X137.891 Y131.964
G1 X137.961 Y131.812
G1 X138.018 Y131.656
G1 X138.064 Y131.495
G1 X138.096 Y131.332
G1 X138.116 Y131.167
G1 X138.122 Y131
G1 X138.116 Y130.833
G1 X138.096 Y130.668
G1 X138.064 Y130.505
G1 X138.018 Y130.344
G1 X137.961 Y130.188
G1 X137.891 Y130.036
G1 X137.81 Y129.891
G1 X137.717 Y129.753
G1 X137.614 Y129.622
G1 X137.501 Y129.499
G1 X136.674 Y128.67
G1 X136.19 Y91.42
G1 X136.221 Y91.781
G1 Z8.64
G1 E2.5 F6000
M204 P1000
;TYPE:Outer wall
;WIDTH:0.42
G1 F1538
G1 X136.219 Y91.779 E.00008
G3 X135.349 Y86.287 I-.227 J-2.779 E.24834
G3 X136.096 Y86.214 I.759 J3.889 E.0224
G3 X136.436 Y91.753 I-.104 J2.786 E.24456
G1 X136.281 Y91.773 E.00467
G1 X136.238 Y91.414 F18000
G1 X136.192 Y91.42
G1 X136.188 Y91.389
M204 P1500
;TYPE:Inner wall
;WIDTH:0.45
G1 F1538
G3 X135.625 Y86.632 I-.198 J-2.388 E.23665
G3 X136.081 Y86.606 I.376 J2.552 E.01469
G3 X136.248 Y91.383 I-.09 J2.395 E.2309
M204 T1000
G1 X136.215 Y91.11 F18000
G1 X136.167 Y91.116
G1 X136 Y91.122
G1 X135.929 Y91.12
G1 X135.943 Y90.755
M204 P1000
;TYPE:Outer wall
;WIDTH:0.42
G1 F1538
G1 X136.138 Y90.75 E.0058
G2 X136.275 Y87.261 I-.131 J-1.752 E.1525
G2 X135.937 Y87.242 I-.276 J1.866 E.0101
G2 X135.862 Y90.749 I.069 J1.756 E.15805
G1 X135.883 Y90.751 E.00063
M204 T2000
G1 X135.869 Y91.117 F18000
G1 X135.833 Y91.116
G1 X135.807 Y91.113
G1 X135.804 Y91.142
M204 P1500
;TYPE:Inner wall
;WIDTH:0.45
G1 F1538
G1 X135.831 Y91.145 E.00088
G2 X136.337 Y86.874 I.177 J-2.144 E.21247
G2 X135.922 Y86.85 I-.337 J2.28 E.01338
G2 X135.498 Y91.091 I.086 J2.15 E.19802
G1 X135.745 Y91.132 E.00803
; stop printing object base_plate.stl id:0 copy 0
;LAYER_CHANGE
;Z:8.84
;HEIGHT:0.2
G92 E0 ; zero the extruded length again
; BEFORE_LAYER_CHANGE 43 @ 8.84mm
G1 E-1.75 F6000
;WIPE_START
G1 X135.831 Y91.145 E-.06556
G1 X136.169 Y91.146 E-.25355
G1 X136.502 Y91.093 E-.25314
G1 X136.665 Y91.047 E-.12681
G1 X136.728 Y91.021 E-.05094
;WIPE_END
; AFTER_LAYER_CHANGE 43 @ 8.84mm
;_SET_FAN_SPEED_CHANGING_LAYER
; printing object base_plate.stl id:0 copy 0
G17
G3 Z9.04 I.571 J-.211 P1  F18000
G1 X136.718 Y90.995 Z9.04
G1 X136.656 Y91.018
G1 X136.495 Y91.064
G1 X136.332 Y91.096
G1 X136.167 Y91.116
G1 X136 Y91.122
G1 X135.833 Y91.116
G1 X134.703 Y91.05
G1 X84.19 Y91.42
G1 X84.209 Y91.781
G1 Z8.84
G1 E2.5 F6000
M204 P1000
;TYPE:Outer wall
;WIDTH:0.42
G1 F1544
G1 X83.781 Y91.781 E.01275
G3 X83.349 Y86.287 I.211 J-2.78 E.23529
G3 X84.102 Y86.214 I.755 J3.858 E.02257
G3 X84.269 Y91.775 I-.11 J2.786 E.24941
G1 X84.226 Y91.415 F18000
G1 X84.192 Y91.42
G1 X84.188 Y91.389
M204 P1500
;TYPE:Inner wall
;WIDTH:0.45
G1 F1544
G3 X83.625 Y86.632 I-.198 J-2.388 E.23665
G3 X84.087 Y86.606 I.375 J2.545 E.01488
G3 X84.248 Y91.383 I-.096 J2.394 E.23071
M204 T1000
G1 X84.215 Y91.11 F18000
G1 X84.167 Y91.116
G1 X84 Y91.122
G1 X83.985 Y91.122
G1 X83.999 Y90.755
M204 P1000
;TYPE:Outer wall
;WIDTH:0.42
G1 F1544
G1 X84.138 Y90.754 E.00414
G2 X84.275 Y87.261 I-.131 J-1.754 E.15267
G2 X83.935 Y87.242 I-.276 J1.863 E.01018
G2 X83.862 Y90.753 I.072 J1.758 E.15814
G1 X83.939 Y90.754 E.0023
M204 T2000
G1 X83.925 Y91.119 F18000
G1 X84 Y91.122
G1 X84.167 Y91.116
G1 X84.193 Y91.113
G1 X84.196 Y91.142
M204 P1500
;TYPE:Inner wall
;WIDTH:0.45
G1 F1544
G1 X84.503 Y91.094 E.00997
G2 X84.337 Y86.874 I-.494 J-2.094 E.19069
G2 X83.919 Y86.851 I-.337 J2.278 E.01347
G2 X84.137 Y91.147 I.089 J2.149 E.21859
G1 E-1.75 F6000
;WIPE_START
G1 X84.503 Y91.094 E-.2774
G1 X84.665 Y91.047 E-.12686
G1 X84.977 Y90.918 E-.25336
G1 X85.082 Y90.854 E-.09238
;WIPE_END
G1 X85.219 Y91.097 Z9.04 F18000
G1 X84.315 Y128.595
G1 X86.163 Y129.898
G1 X86.163 Y132.102
G1 X84.38 Y133.397
G1 X84.19 Y133.42
G1 X84.209 Y133.781
G1 Z8.84
G1 E2.5 F6000
M204 P1000
;TYPE:Outer wall
;WIDTH:0.42
G1 F1544
G1 X83.781 Y133.781 E.01275
G3 X83.349 Y128.287 I.211 J-2.78 E.23529
G3 X84.102 Y128.214 I.755 J3.858 E.02257
G3 X84.269 Y133.775 I-.11 J2.786 E.24941
G1 X84.226 Y133.415 F18000
G1 X84.192 Y133.42
G1 X84.188 Y133.389
M204 P1500
;TYPE:Inner wall
;WIDTH:0.45
G1 F1544
G3 X83.625 Y128.632 I-.198 J-2.388 E.23665
G3 X84.087 Y128.606 I.375 J2.545 E.01488
G3 X84.248 Y133.383 I-.096 J2.394 E.23071
M204 T1000
G1 X84.215 Y133.11 F18000
G1 X84.167 Y133.116
G1 X84 Y133.122
G1 X83.931 Y133.12
G1 X83.946 Y132.755
M204 P1000
;TYPE:Outer wall
;WIDTH:0.42
G1 F1544
G1 X84.138 Y132.754 E.00574
G2 X84.275 Y129.261 I-.131 J-1.754 E.15267
G2 X83.935 Y129.242 I-.276 J1.863 E.01018
G2 X83.862 Y132.753 I.072 J1.758 E.15814
G1 X83.886 Y132.754 E.00071
M204 T2000
G1 X83.871 Y133.117 F18000
G1 X83.833 Y133.116
G1 X83.807 Y133.113
G1 X83.804 Y133.142
M204 P1500
;TYPE:Inner wall
;WIDTH:0.45
G1 F1544
G1 X83.831 Y133.144 E.00088
G2 X84.337 Y128.874 I.177 J-2.144 E.21243
G2 X83.919 Y128.851 I-.337 J2.278 E.01347
G2 X83.498 Y133.09 I.089 J2.149 E.1979
G1 X83.745 Y133.132 E.00803
G1 E-1.75 F6000
;WIPE_START
G1 X83.831 Y133.144 E-.06553
G1 X84.169 Y133.146 E-.25351
G1 X84.502 Y133.093 E-.25312
G1 X84.665 Y133.047 E-.12683
G1 X84.728 Y133.021 E-.051
;WIPE_END
G1 X84.824 Y133.281 Z9.04 F18000
G1 X136.19 Y133.42
G1 X136.209 Y133.781
G1 Z8.84
G1 E2.5 F6000
M204 P1000
;TYPE:Outer wall
;WIDTH:0.42
G1 F1544
G1 X135.781 Y133.781 E.01275
G3 X135.349 Y128.287 I.211 J-2.78 E.23529
G3 X136.102 Y128.214 I.755 J3.858 E.02257
G3 X136.269 Y133.775 I-.11 J2.786 E.24941
G1 X136.226 Y133.415 F18000
G1 X136.192 Y133.42
G1 X136.188 Y133.389
M204 P1500
;TYPE:Inner wall
;WIDTH:0.45
G1 F1544
G3 X135.625 Y128.632 I-.198 J-2.388 E.23665
G3 X136.087 Y128.606 I.375 J2.545 E.01488
G3 X136.248 Y133.383 I-.096 J2.394 E.23071
M204 T1000
G1 X136.215 Y133.11 F18000
G1 X136.167 Y133.116
G1 X136 Y133.122
G1 X135.931 Y133.12
G1 X135.946 Y132.755
M204 P1000
;TYPE:Outer wall
;WIDTH:0.42
G1 F1544
G1 X136.138 Y132.754 E.00574
G2 X136.275 Y129.261 I-.131 J-1.754 E.15267
G2 X135.935 Y129.242 I-.276 J1.863 E.01018
G2 X135.862 Y132.753 I.072 J1.758 E.15814
G1 X135.886 Y132.754 E.00071
M204 T2000
G1 X135.871 Y133.117 F18000
G1 X135.833 Y133.116
G1 X135.807 Y133.113
G1 X135.804 Y133.142
M204 P1500
;TYPE:Inner wall
;WIDTH:0.45
G1 F1544
G1 X135.831 Y133.144 E.00088
G2 X136.337 Y128.874 I.177 J-2.144 E.21243
G2 X135.919 Y128.851 I-.337 J2.278 E.01347
G2 X135.498 Y133.09 I.089 J2.149 E.1979
G1 X135.745 Y133.132 E.00803
G1 E-1.75 F6000
;WIPE_START
G1 X135.831 Y133.144 E-.06553
G1 X136.169 Y133.146 E-.25351
G1 X136.502 Y133.093 E-.25312
G1 X136.665 Y133.047 E-.12683
G1 X136.728 Y133.021 E-.051
;WIPE_END
G1 X136.718 Y132.995 Z9.04 F18000
G1 X136.812 Y132.961
G1 X136.964 Y132.891
G1 X137.109 Y132.81
G1 X137.247 Y132.717
G1 X137.378 Y132.614
G1 X137.501 Y132.501
G1 X137.614 Y132.378
G1 X137.717 Y132.247
G1 X137.81 Y132.109
G1 X137.891 Y131.964
G1 X137.961 Y131.812
G1 X138.018 Y131.656
G1 X138.064 Y131.495
G1 X138.096 Y131.332
G1 X138.116 Y131.167
G1 X138.122 Y131
G1 X138.116 Y130.833
G1 X138.096 Y130.668
G1 X138.064 Y130.505
G1 X138.018 Y130.344
G1 X137.961 Y130.188
G1 X137.891 Y130.036
G1 X137.81 Y129.891
G1 X137.717 Y129.753
G1 X137.614 Y129.622
G1 X137.501 Y129.499
G1 X136.673 Y128.67
G1 X136.19 Y91.42
G1 X136.209 Y91.781
G1 Z8.84
G1 E2.5 F6000
M204 P1000
;TYPE:Outer wall
;WIDTH:0.42
G1 F1544
G1 X135.781 Y91.781 E.01275
G3 X135.349 Y86.287 I.211 J-2.78 E.23529
G3 X136.102 Y86.214 I.755 J3.858 E.02257
G3 X136.269 Y91.775 I-.11 J2.786 E.24941
G1 X136.226 Y91.415 F18000
G1 X136.192 Y91.42
G1 X136.188 Y91.389
M204 P1500
;TYPE:Inner wall
;WIDTH:0.45
G1 F1544
G3 X135.625 Y86.632 I-.198 J-2.388 E.23665
G3 X136.087 Y86.606 I.375 J2.545 E.01488
G3 X136.248 Y91.383 I-.096 J2.394 E.23071
M204 T1000
G1 X136.215 Y91.11 F18000
G1 X136.167 Y91.116
G1 X136 Y91.122
G1 X135.931 Y91.12
G1 X135.946 Y90.755
M204 P1000
;TYPE:Outer wall
;WIDTH:0.42
G1 F1544
G1 X136.138 Y90.754 E.00574
G2 X136.275 Y87.261 I-.131 J-1.754 E.15267
G2 X135.935 Y87.242 I-.276 J1.863 E.01018
G2 X135.862 Y90.753 I.072 J1.758 E.15814
G1 X135.886 Y90.754 E.00071
M204 T2000
G1 X135.871 Y91.117 F18000
G1 X135.833 Y91.116
G1 X135.807 Y91.113
G1 X135.804 Y91.142
M204 P1500
;TYPE:Inner wall
;WIDTH:0.45
G1 F1544
G1 X135.831 Y91.144 E.00088
G2 X136.337 Y86.874 I.177 J-2.144 E.21243
G2 X135.919 Y86.851 I-.337 J2.278 E.01347
G2 X135.498 Y91.09 I.089 J2.149 E.1979
G1 X135.745 Y91.132 E.00803
; stop printing object base_plate.stl id:0 copy 0
;LAYER_CHANGE
;Z:9.04
;HEIGHT:0.2
G92 E0 ; zero the extruded length again
; BEFORE_LAYER_CHANGE 44 @ 9.04mm
G1 E-1.75 F6000
;WIPE_START
G1 X135.831 Y91.144 E-.06553
G1 X136.169 Y91.146 E-.25351
G1 X136.502 Y91.093 E-.25312
G1 X136.665 Y91.047 E-.12683
G1 X136.728 Y91.021 E-.051
;WIPE_END
; AFTER_LAYER_CHANGE 44 @ 9.04mm
;_SET_FAN_SPEED_CHANGING_LAYER
; printing object base_plate.stl id:0 copy 0
G17
G3 Z9.24 I.571 J-.211 P1  F18000
G1 X136.718 Y90.995 Z9.24
G1 X136.656 Y91.018
G1 X136.495 Y91.064
G1 X136.332 Y91.096
G1 X136.167 Y91.116
G1 X136 Y91.122
G1 X135.833 Y91.116
G1 X134.703 Y91.05
G1 X84.183 Y91.42
G1 X84.197 Y91.781
G1 Z9.04
G1 E2.5 F6000
M204 P1000
;TYPE:Outer wall
;WIDTH:0.42
G1 F1544
G1 X83.781 Y91.781 E.0124
G3 X83.349 Y86.287 I.211 J-2.78 E.23529
G3 X84.108 Y86.214 I.751 J3.83 E.02275
G3 X84.257 Y91.776 I-.115 J2.786 E.24958
G1 X84.215 Y91.417 F18000
G1 X84.192 Y91.42
G1 X84.188 Y91.389
M204 P1500
;TYPE:Inner wall
;WIDTH:0.45
G1 F1544
G3 X83.625 Y86.632 I-.198 J-2.388 E.23665
G3 X84.092 Y86.606 I.375 J2.541 E.01507
G3 X84.248 Y91.383 I-.102 J2.394 E.23052
M204 T1000
G1 X84.215 Y91.11 F18000
G1 X84.167 Y91.116
G1 X84.015 Y91.122
G1 X84.001 Y90.755
M204 P1000
;TYPE:Outer wall
;WIDTH:0.42
G1 F1544
G1 X84.138 Y90.75 E.00408
G2 X84.275 Y87.261 I-.131 J-1.752 E.1525
G2 X83.932 Y87.242 I-.275 J1.861 E.01027
G2 X83.862 Y90.749 I.075 J1.756 E.15789
G1 X83.941 Y90.752 E.00235
M204 T2000
G1 X83.927 Y91.119 F18000
G1 X84 Y91.122
G1 X84.167 Y91.116
G1 X84.193 Y91.113
G1 X84.196 Y91.142
M204 P1500
;TYPE:Inner wall
;WIDTH:0.45
G1 F1544
G1 X84.503 Y91.094 E.00997
G2 X84.337 Y86.874 I-.494 J-2.094 E.19071
G2 X83.916 Y86.851 I-.337 J2.276 E.01356
G2 X84.137 Y91.148 I.092 J2.15 E.21854
G1 E-1.75 F6000
;WIPE_START
G1 X84.503 Y91.094 E-.27745
G1 X84.665 Y91.047 E-.12687
G1 X84.977 Y90.918 E-.25336
G1 X85.082 Y90.854 E-.09232
;WIPE_END
G1 X85.219 Y91.097 Z9.24 F18000
G1 X84.304 Y128.594
G1 X86.163 Y129.898
G1 X86.163 Y132.102
G1 X84.38 Y133.397
G1 X84.19 Y133.42
G1 X84.183 Y133.42
G1 X84.197 Y133.781
G1 Z9.04
G1 E2.5 F6000
M204 P1000
;TYPE:Outer wall
;WIDTH:0.42
G1 F1544
G1 X83.781 Y133.781 E.0124
G3 X83.349 Y128.287 I.211 J-2.78 E.23529
G3 X84.108 Y128.214 I.751 J3.83 E.02275
G3 X84.257 Y133.776 I-.115 J2.786 E.24958
G1 X84.215 Y133.417 F18000
G1 X84.192 Y133.42
G1 X84.188 Y133.389
M204 P1500
;TYPE:Inner wall
;WIDTH:0.45
G1 F1544
G3 X83.625 Y128.632 I-.198 J-2.388 E.23665
G3 X84.092 Y128.606 I.375 J2.541 E.01507
G3 X84.248 Y133.383 I-.102 J2.394 E.23052
M204 T1000
G1 X84.215 Y133.11 F18000
G1 X84.167 Y133.116
G1 X84 Y133.122
G1 X83.934 Y133.12
G1 X83.948 Y132.755
M204 P1000
;TYPE:Outer wall
;WIDTH:0.42
G1 F1544
G1 X84.138 Y132.75 E.00565
G2 X84.275 Y129.261 I-.131 J-1.752 E.1525
G2 X83.932 Y129.242 I-.275 J1.861 E.01027
G2 X83.862 Y132.749 I.075 J1.756 E.15789
G1 X83.888 Y132.751 E.00078
M204 T2000
G1 X83.874 Y133.117 F18000
G1 X83.833 Y133.116
G1 X83.807 Y133.113
G1 X83.804 Y133.142
M204 P1500
;TYPE:Inner wall
;WIDTH:0.45
G1 F1544
G1 X83.831 Y133.145 E.00088
G2 X84.337 Y128.874 I.177 J-2.144 E.21246
G2 X83.916 Y128.851 I-.337 J2.276 E.01356
G2 X83.498 Y133.091 I.092 J2.15 E.19784
G1 X83.745 Y133.132 E.00803
G1 E-1.75 F6000
;WIPE_START
G1 X83.831 Y133.145 E-.06556
G1 X84.169 Y133.146 E-.25355
G1 X84.502 Y133.093 E-.25313
G1 X84.665 Y133.047 E-.12683
G1 X84.728 Y133.021 E-.05092
;WIPE_END
G1 X84.824 Y133.281 Z9.24 F18000
G1 X136.183 Y133.42
G1 X136.197 Y133.781
G1 Z9.04
G1 E2.5 F6000
M204 P1000
;TYPE:Outer wall
;WIDTH:0.42
G1 F1544
G1 X135.781 Y133.781 E.0124
G3 X135.349 Y128.287 I.211 J-2.78 E.23529
G3 X136.108 Y128.214 I.751 J3.83 E.02275
G3 X136.257 Y133.776 I-.115 J2.786 E.24958
G1 X136.215 Y133.417 F18000
G1 X136.192 Y133.42
G1 X136.188 Y133.389
M204 P1500
;TYPE:Inner wall
;WIDTH:0.45
G1 F1544
G3 X135.625 Y128.632 I-.198 J-2.388 E.23665
G3 X136.092 Y128.606 I.375 J2.541 E.01507
G3 X136.248 Y133.383 I-.102 J2.394 E.23052
M204 T1000
G1 X136.215 Y133.11 F18000
G1 X136.167 Y133.116
G1 X136 Y133.122
G1 X135.934 Y133.12
G1 X135.948 Y132.755
M204 P1000
;TYPE:Outer wall
;WIDTH:0.42
G1 F1544
G1 X136.138 Y132.75 E.00565
G2 X136.275 Y129.261 I-.131 J-1.752 E.1525
G2 X135.932 Y129.242 I-.275 J1.861 E.01027
G2 X135.862 Y132.749 I.075 J1.756 E.15789
G1 X135.888 Y132.751 E.00078
M204 T2000
G1 X135.874 Y133.117 F18000
G1 X135.833 Y133.116
G1 X135.807 Y133.113
G1 X135.804 Y133.142
M204 P1500
;TYPE:Inner wall
;WIDTH:0.45
G1 F1544
G1 X135.831 Y133.145 E.00088
G2 X136.337 Y128.874 I.177 J-2.144 E.21246
G2 X135.916 Y128.851 I-.337 J2.276 E.01356
G2 X135.498 Y133.091 I.092 J2.15 E.19784
G1 X135.745 Y133.132 E.00803
G1 E-1.75 F6000
;WIPE_START
G1 X135.831 Y133.145 E-.06557
G1 X136.169 Y133.146 E-.25355
G1 X136.502 Y133.093 E-.25313
G1 X136.665 Y133.047 E-.12683
G1 X136.728 Y133.021 E-.05092
;WIPE_END
G1 X136.718 Y132.995 Z9.24 F18000
G1 X136.812 Y132.961
G1 X136.964 Y132.891
G1 X137.109 Y132.81
G1 X137.247 Y132.717
G1 X137.378 Y132.614
G1 X137.501 Y132.501
G1 X137.614 Y132.378
G1 X137.717 Y132.247
G1 X137.81 Y132.109
G1 X137.891 Y131.964
G1 X137.961 Y131.812
G1 X138.018 Y131.656
G1 X138.064 Y131.495
G1 X138.096 Y131.332
G1 X138.116 Y131.167
G1 X138.122 Y131
G1 X138.116 Y130.833
G1 X138.096 Y130.668
G1 X138.064 Y130.505
G1 X138.018 Y130.344
G1 X137.961 Y130.188
G1 X137.891 Y130.036
G1 X137.81 Y129.891
G1 X137.717 Y129.753
G1 X137.614 Y129.622
G1 X137.501 Y129.499
G1 X136.672 Y128.67
G1 X136.183 Y91.42
G1 X136.197 Y91.781
G1 Z9.04
G1 E2.5 F6000
M204 P1000
;TYPE:Outer wall
;WIDTH:0.42
G1 F1544
G1 X135.781 Y91.781 E.0124
G3 X135.349 Y86.287 I.211 J-2.78 E.23529
G3 X136.108 Y86.214 I.751 J3.83 E.02275
G3 X136.257 Y91.776 I-.115 J2.786 E.24958
G1 X136.215 Y91.417 F18000
G1 X136.192 Y91.42
G1 X136.188 Y91.389
M204 P1500
;TYPE:Inner wall
;WIDTH:0.45
G1 F1544
G3 X135.625 Y86.632 I-.198 J-2.388 E.23665
G3 X136.092 Y86.606 I.375 J2.541 E.01507
G3 X136.248 Y91.383 I-.102 J2.394 E.23052
M204 T1000
G1 X136.215 Y91.11 F18000
G1 X136.167 Y91.116
G1 X136 Y91.122
G1 X135.934 Y91.12
G1 X135.948 Y90.755
M204 P1000
;TYPE:Outer wall
;WIDTH:0.42
G1 F1544
G1 X136.138 Y90.75 E.00565
G2 X136.275 Y87.261 I-.131 J-1.752 E.1525
G2 X135.932 Y87.242 I-.275 J1.861 E.01027
G2 X135.862 Y90.749 I.075 J1.756 E.15789
G1 X135.888 Y90.751 E.00078
M204 T2000
G1 X135.874 Y91.117 F18000
G1 X135.833 Y91.116
G1 X135.807 Y91.113
G1 X135.804 Y91.142
M204 P1500
;TYPE:Inner wall
;WIDTH:0.45
G1 F1544
G1 X135.831 Y91.145 E.00088
G2 X136.337 Y86.874 I.177 J-2.144 E.21246
G2 X135.916 Y86.851 I-.337 J2.276 E.01356
G2 X135.498 Y91.091 I.092 J2.15 E.19784
G1 X135.745 Y91.132 E.00803
; stop printing object base_plate.stl id:0 copy 0
;LAYER_CHANGE
;Z:9.24
;HEIGHT:0.2
G92 E0 ; zero the extruded length again
; BEFORE_LAYER_CHANGE 45 @ 9.24mm
G1 E-1.75 F6000
;WIPE_START
G1 X135.831 Y91.145 E-.06556
G1 X136.169 Y91.146 E-.25355
G1 X136.502 Y91.093 E-.25313
G1 X136.665 Y91.047 E-.12683
G1 X136.728 Y91.021 E-.05092
;WIPE_END
; AFTER_LAYER_CHANGE 45 @ 9.24mm
;_SET_FAN_SPEED_CHANGING_LAYER
; printing object base_plate.stl id:0 copy 0
G17
G3 Z9.44 I.571 J-.211 P1  F18000
G1 X136.718 Y90.995 Z9.44
G1 X136.656 Y91.018
G1 X136.495 Y91.064
G1 X136.332 Y91.096
G1 X136.167 Y91.116
G1 X136 Y91.122
G1 X135.833 Y91.116
G1 X134.703 Y91.05
G1 X84.172 Y91.42
G1 X84.186 Y91.781
G1 Z9.24
G1 E2.5 F6000
M204 P1000
;TYPE:Outer wall
;WIDTH:0.42
G1 F1544
G1 X83.781 Y91.781 E.01205
G3 X83.349 Y86.287 I.211 J-2.78 E.23528
G3 X84.114 Y86.215 I.747 J3.805 E.02292
G3 X84.246 Y91.777 I-.121 J2.786 E.24976
G1 X84.203 Y91.418 F18000
G1 X84.19 Y91.42
G1 X84.187 Y91.42
G1 X84.186 Y91.39
M204 P1500
;TYPE:Inner wall
;WIDTH:0.45
G1 F1544
G1 X83.812 Y91.39 E.01203
G3 X83.625 Y86.632 I.179 J-2.39 E.22453
G3 X84.098 Y86.606 I.375 J2.54 E.01526
G3 X84.245 Y91.383 I-.108 J2.394 E.23043
M204 T1000
G1 X84.213 Y91.11 F18000
G1 X84.167 Y91.116
G1 X84.017 Y91.122
G1 X84.003 Y90.755
M204 P1000
;TYPE:Outer wall
;WIDTH:0.42
G1 F1544
G1 X84.138 Y90.75 E.00402
G2 X84.275 Y87.261 I-.131 J-1.752 E.1525
G2 X83.929 Y87.243 I-.275 J1.86 E.01035
G2 X83.862 Y90.749 I.078 J1.756 E.15781
G1 X83.943 Y90.752 E.00241
M204 T2000
G1 X83.928 Y91.12 F18000
G1 X84 Y91.122
G1 X84.167 Y91.116
G1 X84.193 Y91.113
G1 X84.196 Y91.142
M204 P1500
;TYPE:Inner wall
;WIDTH:0.45
G1 F1544
G1 X84.503 Y91.094 E.00997
G2 X84.337 Y86.874 I-.495 J-2.094 E.19071
G2 X83.913 Y86.851 I-.337 J2.275 E.01365
G2 X84.137 Y91.148 I.095 J2.15 E.21845
G1 E-1.75 F6000
;WIPE_START
G1 X84.503 Y91.094 E-.27744
G1 X84.665 Y91.047 E-.12686
G1 X84.977 Y90.918 E-.25338
G1 X85.082 Y90.854 E-.09232
;WIPE_END
G1 X85.219 Y91.097 Z9.44 F18000
G1 X84.294 Y128.593
G1 X86.163 Y129.898
G1 X86.163 Y132.102
G1 X84.38 Y133.397
G1 X84.19 Y133.42
G1 X84.172 Y133.42
G1 X84.186 Y133.781
G1 Z9.24
G1 E2.5 F6000
M204 P1000
;TYPE:Outer wall
;WIDTH:0.42
G1 F1544
G1 X83.781 Y133.781 E.01205
G3 X83.349 Y128.287 I.211 J-2.78 E.23528
G3 X84.114 Y128.215 I.747 J3.805 E.02292
G3 X84.246 Y133.777 I-.121 J2.786 E.24976
G1 X84.203 Y133.418 F18000
G1 X84.19 Y133.42
G1 X84.187 Y133.42
G1 X84.186 Y133.39
M204 P1500
;TYPE:Inner wall
;WIDTH:0.45
G1 F1544
G1 X83.812 Y133.39 E.01203
G3 X83.625 Y128.632 I.179 J-2.39 E.22453
G3 X84.098 Y128.606 I.375 J2.539 E.01526
G3 X84.245 Y133.383 I-.108 J2.394 E.23043
M204 T1000
G1 X84.213 Y133.11 F18000
G1 X84.167 Y133.116
G1 X84 Y133.122
G1 X83.936 Y133.12
G1 X83.951 Y132.755
M204 P1000
;TYPE:Outer wall
;WIDTH:0.42
G1 F1544
G1 X84.138 Y132.75 E.00558
G2 X84.275 Y129.261 I-.131 J-1.752 E.1525
G2 X83.929 Y129.243 I-.275 J1.86 E.01035
G2 X83.862 Y132.749 I.078 J1.756 E.15781
G1 X83.891 Y132.751 E.00085
M204 T2000
G1 X83.876 Y133.118 F18000
G1 X83.833 Y133.116
G1 X83.807 Y133.113
G1 X83.804 Y133.142
M204 P1500
;TYPE:Inner wall
;WIDTH:0.45
G1 F1544
G1 X83.831 Y133.145 E.00088
G2 X84.337 Y128.874 I.177 J-2.144 E.21246
G2 X83.913 Y128.851 I-.337 J2.275 E.01365
G2 X83.498 Y133.091 I.095 J2.15 E.19775
G1 X83.745 Y133.132 E.00803
G1 E-1.75 F6000
;WIPE_START
G1 X83.831 Y133.145 E-.06557
G1 X84.169 Y133.146 E-.25356
G1 X84.502 Y133.093 E-.25313
G1 X84.665 Y133.047 E-.12682
G1 X84.728 Y133.021 E-.05093
;WIPE_END
G1 X84.824 Y133.281 Z9.44 F18000
G1 X136.172 Y133.42
G1 X136.186 Y133.781
G1 Z9.24
G1 E2.5 F6000
M204 P1000
;TYPE:Outer wall
;WIDTH:0.42
G1 F1544
G1 X135.781 Y133.781 E.01205
G3 X135.349 Y128.287 I.211 J-2.78 E.23528
G3 X136.114 Y128.215 I.747 J3.805 E.02292
G3 X136.246 Y133.777 I-.121 J2.786 E.24976
G1 X136.203 Y133.418 F18000
G1 X136.19 Y133.42
G1 X136.187 Y133.42
G1 X136.186 Y133.39
M204 P1500
;TYPE:Inner wall
;WIDTH:0.45
G1 F1544
G1 X135.812 Y133.39 E.01203
G3 X135.625 Y128.632 I.179 J-2.39 E.22453
G3 X136.098 Y128.606 I.375 J2.539 E.01526
G3 X136.245 Y133.383 I-.108 J2.394 E.23043
M204 T1000
G1 X136.213 Y133.11 F18000
G1 X136.167 Y133.116
G1 X136 Y133.122
G1 X135.936 Y133.12
G1 X135.951 Y132.755
M204 P1000
;TYPE:Outer wall
;WIDTH:0.42
G1 F1544
G1 X136.138 Y132.75 E.00558
G2 X136.275 Y129.261 I-.131 J-1.752 E.1525
G2 X135.929 Y129.243 I-.275 J1.86 E.01035
G2 X135.862 Y132.749 I.078 J1.756 E.15781
G1 X135.891 Y132.751 E.00085
M204 T2000
G1 X135.876 Y133.118 F18000
G1 X135.833 Y133.116
G1 X135.807 Y133.113
G1 X135.804 Y133.142
M204 P1500
;TYPE:Inner wall
;WIDTH:0.45
G1 F1544
G1 X135.831 Y133.145 E.00088
G2 X136.337 Y128.874 I.177 J-2.144 E.21246
G2 X135.913 Y128.851 I-.337 J2.275 E.01365
G2 X135.498 Y133.091 I.095 J2.15 E.19775
G1 X135.745 Y133.132 E.00803
G1 E-1.75 F6000
;WIPE_START
G1 X135.831 Y133.145 E-.06557
G1 X136.169 Y133.146 E-.25356
G1 X136.502 Y133.093 E-.25313
G1 X136.665 Y133.047 E-.12682
G1 X136.728 Y133.021 E-.05093
;WIPE_END
G1 X136.718 Y132.995 Z9.44 F18000
G1 X136.812 Y132.961
G1 X136.964 Y132.891
G1 X137.109 Y132.81
G1 X137.247 Y132.717
G1 X137.378 Y132.614
G1 X137.501 Y132.501
G1 X137.614 Y132.378
G1 X137.717 Y132.247
G1 X137.81 Y132.109
G1 X137.891 Y131.964
G1 X137.961 Y131.812
G1 X138.018 Y131.656
G1 X138.064 Y131.495
G1 X138.096 Y131.332
G1 X138.116 Y131.167
G1 X138.122 Y131
G1 X138.116 Y130.833
G1 X138.096 Y130.668
G1 X138.064 Y130.505
G1 X138.018 Y130.344
G1 X137.961 Y130.188
G1 X137.891 Y130.036
G1 X137.81 Y129.891
G1 X137.717 Y129.753
G1 X137.614 Y129.622
G1 X137.501 Y129.499
G1 X136.671 Y128.669
G1 X136.172 Y91.42
G1 X136.186 Y91.781
G1 Z9.24
G1 E2.5 F6000
M204 P1000
;TYPE:Outer wall
;WIDTH:0.42
G1 F1544
G1 X135.781 Y91.781 E.01205
G3 X135.349 Y86.287 I.211 J-2.78 E.23528
G3 X136.114 Y86.215 I.747 J3.805 E.02292
G3 X136.246 Y91.777 I-.121 J2.786 E.24976
G1 X136.203 Y91.418 F18000
G1 X136.19 Y91.42
G1 X136.187 Y91.42
G1 X136.186 Y91.39
M204 P1500
;TYPE:Inner wall
;WIDTH:0.45
G1 F1544
G1 X135.812 Y91.39 E.01203
G3 X135.625 Y86.632 I.179 J-2.39 E.22453
G3 X136.098 Y86.606 I.375 J2.54 E.01526
G3 X136.245 Y91.383 I-.108 J2.394 E.23043
M204 T1000
G1 X136.213 Y91.11 F18000
G1 X136.167 Y91.116
G1 X136 Y91.122
G1 X135.936 Y91.12
G1 X135.951 Y90.755
M204 P1000
;TYPE:Outer wall
;WIDTH:0.42
G1 F1544
G1 X136.138 Y90.75 E.00558
G2 X136.275 Y87.261 I-.131 J-1.752 E.1525
G2 X135.929 Y87.243 I-.275 J1.86 E.01035
G2 X135.862 Y90.749 I.078 J1.756 E.15781
G1 X135.891 Y90.751 E.00085
M204 T2000
G1 X135.876 Y91.118 F18000
G1 X135.833 Y91.116
G1 X135.807 Y91.113
G1 X135.804 Y91.142
M204 P1500
;TYPE:Inner wall
;WIDTH:0.45
G1 F1544
G1 X135.831 Y91.145 E.00088
G2 X136.337 Y86.874 I.177 J-2.144 E.21246
G2 X135.913 Y86.851 I-.337 J2.275 E.01365
G2 X135.498 Y91.091 I.095 J2.15 E.19775
G1 X135.745 Y91.132 E.00803
; stop printing object base_plate.stl id:0 copy 0
;LAYER_CHANGE
;Z:9.44
;HEIGHT:0.2
G92 E0 ; zero the extruded length again
; BEFORE_LAYER_CHANGE 46 @ 9.44mm
G1 E-1.75 F6000
;WIPE_START
G1 X135.831 Y91.145 E-.06557
G1 X136.169 Y91.146 E-.25356
G1 X136.502 Y91.093 E-.25313
G1 X136.665 Y91.047 E-.12682
G1 X136.728 Y91.021 E-.05093
;WIPE_END
; AFTER_LAYER_CHANGE 46 @ 9.44mm
;_SET_FAN_SPEED_CHANGING_LAYER
; printing object base_plate.stl id:0 copy 0
G17
G3 Z9.64 I.571 J-.211 P1  F18000
G1 X136.718 Y90.995 Z9.64
G1 X136.656 Y91.018
G1 X136.495 Y91.064
G1 X136.332 Y91.096
G1 X136.167 Y91.116
G1 X136 Y91.122
G1 X135.833 Y91.116
G1 X134.703 Y91.05
G1 X84.16 Y91.421
G1 X84.174 Y91.781
G1 Z9.44
G1 E2.5 F6000
M204 P1000
;TYPE:Outer wall
;WIDTH:0.42
G1 F1544
G1 X83.781 Y91.781 E.01171
G3 X83.564 Y86.244 I.208 J-2.781 E.24202
G3 X84.12 Y86.215 I.436 J2.955 E.01661
G3 X84.234 Y91.778 I-.13 J2.786 E.24977
G1 X84.192 Y91.42 F18000
G1 X84.19 Y91.42
G1 X84.175 Y91.42
G1 X84.174 Y91.39
M204 P1500
;TYPE:Inner wall
;WIDTH:0.45
G1 F1544
G1 X83.812 Y91.39 E.01165
G3 X83.625 Y86.632 I.179 J-2.39 E.22452
G3 X84.104 Y86.607 I.375 J2.54 E.01545
G3 X84.234 Y91.384 I-.113 J2.394 E.23062
M204 T1000
G1 X84.202 Y91.112 F18000
G1 X84.167 Y91.116
G1 X84 Y91.122
G1 X83.985 Y91.122
G1 X84 Y90.76
M204 P1000
;TYPE:Outer wall
;WIDTH:0.42
G1 F1544
G1 X84 Y90.759 E.00003
G2 X84.138 Y87.245 I.011 J-1.759 E.16118
G2 X83.926 Y87.243 I-.122 J1.339 E.00633
G2 X83.59 Y90.708 I.085 J1.757 E.14943
G1 X83.94 Y90.753 E.01052
M204 T2000
G1 X83.926 Y91.119 F18000
G1 X84 Y91.122
G1 X84 Y91.146
M204 P1500
;TYPE:Inner wall
;WIDTH:0.45
G1 F1544
G1 X84.169 Y91.146 E.00544
G2 X84.337 Y86.874 I-.161 J-2.146 E.20157
G2 X83.911 Y86.851 I-.337 J2.275 E.01375
G2 X83.831 Y91.145 I.098 J2.149 E.20852
G1 X83.94 Y91.145 E.0035
G1 E-1.75 F6000
;WIPE_START
G1 X84.169 Y91.146 E-.17182
G1 X84.502 Y91.093 E-.25314
G1 X84.665 Y91.047 E-.1268
G1 X84.909 Y90.946 E-.19825
;WIPE_END
G1 X85.025 Y91.198 Z9.64 F18000
G1 X84.263 Y128.589
G1 X86.163 Y129.898
G1 X86.163 Y132.102
G1 X84.38 Y133.397
G1 X84.19 Y133.42
G1 X84.16 Y133.421
G1 X84.174 Y133.781
G1 Z9.44
G1 E2.5 F6000
M204 P1000
;TYPE:Outer wall
;WIDTH:0.42
G1 F1544
G1 X83.781 Y133.781 E.01171
G3 X83.564 Y128.244 I.208 J-2.781 E.24202
G3 X84.12 Y128.215 I.436 J2.955 E.01661
G3 X84.234 Y133.778 I-.13 J2.786 E.24977
G1 X84.192 Y133.42 F18000
G1 X84.19 Y133.42
G1 X84.175 Y133.42
G1 X84.174 Y133.39
M204 P1500
;TYPE:Inner wall
;WIDTH:0.45
G1 F1544
G1 X83.812 Y133.39 E.01165
G3 X83.625 Y128.632 I.179 J-2.39 E.22452
G3 X84.104 Y128.607 I.375 J2.54 E.01545
G3 X84.234 Y133.384 I-.113 J2.394 E.23062
M204 T1000
G1 X84.202 Y133.112 F18000
G1 X84.167 Y133.116
G1 X84 Y133.122
G1 X83.943 Y133.12
G1 X83.958 Y132.755
M204 P1000
;TYPE:Outer wall
;WIDTH:0.42
G1 F1544
G1 X84 Y132.759 E.00127
G2 X84.138 Y129.245 I.011 J-1.759 E.16118
G2 X83.926 Y129.243 I-.122 J1.339 E.00633
G2 X83.59 Y132.708 I.085 J1.757 E.14943
G1 X83.898 Y132.748 E.00925
M204 T2000
G1 X83.883 Y133.118 F18000
G1 X84 Y133.122
G1 X84 Y133.146
M204 P1500
;TYPE:Inner wall
;WIDTH:0.45
G1 F1544
G1 X84.169 Y133.146 E.00544
G2 X84.337 Y128.874 I-.161 J-2.146 E.20157
G2 X83.911 Y128.851 I-.337 J2.275 E.01375
G2 X83.831 Y133.145 I.098 J2.149 E.20852
G1 X83.94 Y133.145 E.0035
G1 E-1.75 F6000
;WIPE_START
G1 X84.169 Y133.146 E-.17182
G1 X84.502 Y133.093 E-.25314
G1 X84.665 Y133.047 E-.1268
G1 X84.909 Y132.946 E-.19825
;WIPE_END
G1 X85.025 Y133.198 Z9.64 F18000
G1 X136.16 Y133.421
G1 X136.174 Y133.781
G1 Z9.44
G1 E2.5 F6000
M204 P1000
;TYPE:Outer wall
;WIDTH:0.42
G1 F1544
G1 X135.781 Y133.781 E.01171
G3 X135.564 Y128.244 I.208 J-2.781 E.24202
G3 X136.12 Y128.215 I.436 J2.955 E.01661
G3 X136.234 Y133.778 I-.13 J2.786 E.24977
G1 X136.192 Y133.42 F18000
G1 X136.19 Y133.42
G1 X136.175 Y133.42
G1 X136.174 Y133.39
M204 P1500
;TYPE:Inner wall
;WIDTH:0.45
G1 F1544
G1 X135.812 Y133.39 E.01165
G3 X135.625 Y128.632 I.179 J-2.39 E.22452
G3 X136.104 Y128.607 I.375 J2.54 E.01545
G3 X136.234 Y133.384 I-.113 J2.394 E.23062
M204 T1000
G1 X136.202 Y133.112 F18000
G1 X136.167 Y133.116
G1 X136 Y133.122
G1 X135.943 Y133.12
G1 X135.958 Y132.755
M204 P1000
;TYPE:Outer wall
;WIDTH:0.42
G1 F1544
G1 X136 Y132.759 E.00127
G2 X136.138 Y129.245 I.011 J-1.759 E.16118
G2 X135.926 Y129.243 I-.122 J1.339 E.00633
G2 X135.59 Y132.708 I.085 J1.757 E.14943
G1 X135.898 Y132.748 E.00925
M204 T2000
G1 X135.883 Y133.118 F18000
G1 X136 Y133.122
G1 X136 Y133.146
M204 P1500
;TYPE:Inner wall
;WIDTH:0.45
G1 F1544
G1 X136.169 Y133.146 E.00544
G2 X136.337 Y128.874 I-.161 J-2.146 E.20157
G2 X135.911 Y128.851 I-.337 J2.275 E.01375
G2 X135.831 Y133.145 I.098 J2.149 E.20852
G1 X135.94 Y133.145 E.0035
G1 E-1.75 F6000
;WIPE_START
G1 X136.169 Y133.146 E-.17182
G1 X136.502 Y133.093 E-.25314
G1 X136.665 Y133.047 E-.1268
G1 X136.909 Y132.946 E-.19824
;WIPE_END
G1 X136.898 Y132.921 Z9.64 F18000
G1 X136.964 Y132.891
G1 X137.109 Y132.81
G1 X137.247 Y132.717
G1 X137.378 Y132.614
G1 X137.501 Y132.501
G1 X137.614 Y132.378
G1 X137.717 Y132.247
G1 X137.81 Y132.109
G1 X137.891 Y131.964
G1 X137.961 Y131.812
G1 X138.018 Y131.656
G1 X138.064 Y131.495
G1 X138.096 Y131.332
G1 X138.116 Y131.167
G1 X138.122 Y131
G1 X138.116 Y130.833
G1 X138.096 Y130.668
G1 X138.064 Y130.505
G1 X138.018 Y130.344
G1 X137.961 Y130.188
G1 X137.891 Y130.036
G1 X137.81 Y129.891
G1 X137.717 Y129.753
G1 X137.614 Y129.622
G1 X136.834 Y128.723
G1 X136.16 Y91.421
G1 X136.174 Y91.781
G1 Z9.44
G1 E2.5 F6000
M204 P1000
;TYPE:Outer wall
;WIDTH:0.42
G1 F1544
G1 X135.781 Y91.781 E.01171
G3 X135.564 Y86.244 I.208 J-2.781 E.24202
G3 X136.12 Y86.215 I.436 J2.955 E.01661
G3 X136.234 Y91.778 I-.13 J2.786 E.24977
G1 X136.192 Y91.42 F18000
G1 X136.19 Y91.42
G1 X136.175 Y91.42
G1 X136.174 Y91.39
M204 P1500
;TYPE:Inner wall
;WIDTH:0.45
G1 F1544
G1 X135.812 Y91.39 E.01165
G3 X135.625 Y86.632 I.179 J-2.39 E.22452
G3 X136.104 Y86.607 I.375 J2.54 E.01545
G3 X136.234 Y91.384 I-.113 J2.394 E.23062
M204 T1000
G1 X136.202 Y91.112 F18000
G1 X136.167 Y91.116
G1 X136 Y91.122
G1 X135.943 Y91.12
G1 X135.958 Y90.755
M204 P1000
;TYPE:Outer wall
;WIDTH:0.42
G1 F1544
G1 X136 Y90.759 E.00127
G2 X136.138 Y87.245 I.011 J-1.759 E.16118
G2 X135.926 Y87.243 I-.122 J1.339 E.00633
G2 X135.59 Y90.708 I.085 J1.757 E.14943
G1 X135.898 Y90.748 E.00925
M204 T2000
G1 X135.883 Y91.118 F18000
G1 X136 Y91.122
G1 X136 Y91.146
M204 P1500
;TYPE:Inner wall
;WIDTH:0.45
G1 F1544
G1 X136.169 Y91.146 E.00544
G2 X136.337 Y86.874 I-.161 J-2.146 E.20157
G2 X135.911 Y86.851 I-.337 J2.275 E.01375
G2 X135.831 Y91.145 I.098 J2.149 E.20852
G1 X135.94 Y91.145 E.0035
; stop printing object base_plate.stl id:0 copy 0
;LAYER_CHANGE
;Z:9.64
;HEIGHT:0.200001
G92 E0 ; zero the extruded length again
; BEFORE_LAYER_CHANGE 47 @ 9.64mm
G1 E-1.75 F6000
;WIPE_START
G1 X136.169 Y91.146 E-.17182
G1 X136.502 Y91.093 E-.25314
G1 X136.665 Y91.047 E-.1268
G1 X136.909 Y90.946 E-.19824
;WIPE_END
; AFTER_LAYER_CHANGE 47 @ 9.64mm
;_SET_FAN_SPEED_CHANGING_LAYER
; printing object base_plate.stl id:0 copy 0
G17
G3 Z9.84 I.553 J-.255 P1  F18000
G1 X136.898 Y90.921 Z9.84
G1 X136.812 Y90.961
G1 X136.656 Y91.018
G1 X136.495 Y91.064
G1 X136.332 Y91.096
G1 X136.167 Y91.116
G1 X136 Y91.122
G1 X135.833 Y91.116
G1 X134.602 Y90.983
G1 X84.148 Y91.421
G1 X84.163 Y91.781
G1 Z9.64
G1 E2.5 F6000
M204 P1000
;TYPE:Outer wall
;WIDTH:0.42
G1 F1545
G1 X83.781 Y91.781 E.01136
G3 X83.564 Y86.244 I.208 J-2.781 E.242
G3 X84.125 Y86.215 I.436 J2.957 E.01678
G3 X84.223 Y91.779 I-.136 J2.785 E.24996
G1 X84.19 Y91.42 F18000
G1 X84.164 Y91.421
G1 X84.163 Y91.39
M204 P1500
;TYPE:Inner wall
;WIDTH:0.45
G1 F1545
G1 X83.812 Y91.39 E.01128
G3 X83.625 Y86.632 I.179 J-2.39 E.22451
G3 X84.11 Y86.607 I.375 J2.542 E.01564
G3 X84.222 Y91.386 I-.119 J2.394 E.23082
M204 T1000
G1 X84.19 Y91.113 F18000
G1 X84.167 Y91.116
G1 X84.016 Y91.122
G1 X84.002 Y90.76
M204 P1000
;TYPE:Outer wall
;WIDTH:0.42
G1 F1545
G1 X84.411 Y90.713 E.01227
G2 X84.138 Y87.245 I-.4 J-1.713 E.14881
G2 X83.923 Y87.243 I-.123 J1.357 E.00641
G2 X83.942 Y90.758 I.088 J1.757 E.15998
M204 T2000
G1 X83.928 Y91.12 F18000
G1 X84 Y91.122
G1 X84 Y91.146
M204 P1500
;TYPE:Inner wall
;WIDTH:0.45
G1 F1545
G1 X84.169 Y91.146 E.00544
G2 X84.337 Y86.874 I-.161 J-2.146 E.20157
G2 X83.908 Y86.851 I-.337 J2.275 E.01384
G2 X83.831 Y91.145 I.1 J2.149 E.20844
G1 X83.94 Y91.145 E.0035
G1 E-1.75 F6000
;WIPE_START
G1 X84.169 Y91.146 E-.17181
G1 X84.502 Y91.093 E-.25313
G1 X84.665 Y91.047 E-.12683
G1 X84.909 Y90.946 E-.19823
;WIPE_END
G1 X85.025 Y91.198 Z9.84 F18000
G1 X84.253 Y128.588
G1 X86.163 Y129.898
G1 X86.163 Y132.102
G1 X84.38 Y133.397
G1 X84.19 Y133.42
G1 X84.148 Y133.421
G1 X84.163 Y133.781
G1 Z9.64
G1 E2.5 F6000
M204 P1000
;TYPE:Outer wall
;WIDTH:0.42
G1 F1545
G1 X83.781 Y133.781 E.01136
G3 X83.564 Y128.244 I.208 J-2.781 E.242
G3 X84.125 Y128.215 I.436 J2.957 E.01678
G3 X84.223 Y133.779 I-.136 J2.785 E.24996
G1 X84.19 Y133.42 F18000
G1 X84.164 Y133.421
G1 X84.163 Y133.39
M204 P1500
;TYPE:Inner wall
;WIDTH:0.45
G1 F1545
G1 X83.812 Y133.39 E.01128
G3 X83.625 Y128.632 I.179 J-2.39 E.22451
G3 X84.11 Y128.607 I.375 J2.542 E.01564
G3 X84.222 Y133.386 I-.119 J2.394 E.23082
M204 T1000
G1 X84.19 Y133.113 F18000
G1 X84.167 Y133.116
G1 X84 Y133.122
G1 X83.946 Y133.12
G1 X83.96 Y132.756
M204 P1000
;TYPE:Outer wall
;WIDTH:0.42
G1 F1545
G1 X84 Y132.759 E.0012
G2 X84.138 Y129.245 I.011 J-1.759 E.16116
G2 X83.923 Y129.243 I-.123 J1.357 E.00641
G2 X83.59 Y132.708 I.088 J1.757 E.14936
G1 X83.901 Y132.748 E.00933
M204 T2000
G1 X83.886 Y133.118 F18000
G1 X84 Y133.122
G1 X84 Y133.146
M204 P1500
;TYPE:Inner wall
;WIDTH:0.45
G1 F1545
G1 X84.169 Y133.146 E.00544
G2 X84.337 Y128.874 I-.161 J-2.146 E.20157
G2 X83.908 Y128.851 I-.337 J2.275 E.01384
G2 X83.831 Y133.145 I.1 J2.149 E.20844
G1 X83.94 Y133.145 E.0035
G1 E-1.75 F6000
;WIPE_START
G1 X84.169 Y133.146 E-.17181
G1 X84.502 Y133.093 E-.25313
G1 X84.665 Y133.047 E-.12683
G1 X84.909 Y132.946 E-.19823
;WIPE_END
G1 X85.025 Y133.198 Z9.84 F18000
G1 X136.148 Y133.421
G1 X136.163 Y133.781
G1 Z9.64
G1 E2.5 F6000
M204 P1000
;TYPE:Outer wall
;WIDTH:0.42
G1 F1545
G1 X135.781 Y133.781 E.01136
G3 X135.564 Y128.244 I.208 J-2.781 E.242
G3 X136.125 Y128.215 I.436 J2.957 E.01678
G3 X136.223 Y133.779 I-.136 J2.785 E.24996
G1 X136.19 Y133.42 F18000
G1 X136.164 Y133.421
G1 X136.163 Y133.39
M204 P1500
;TYPE:Inner wall
;WIDTH:0.45
G1 F1545
G1 X135.812 Y133.39 E.01128
G3 X135.625 Y128.632 I.179 J-2.39 E.22451
G3 X136.11 Y128.607 I.375 J2.542 E.01564
G3 X136.222 Y133.386 I-.119 J2.394 E.23082
M204 T1000
G1 X136.19 Y133.113 F18000
G1 X136.167 Y133.116
G1 X136 Y133.122
G1 X135.946 Y133.12
G1 X135.96 Y132.756
M204 P1000
;TYPE:Outer wall
;WIDTH:0.42
G1 F1545
G1 X136 Y132.759 E.0012
G2 X136.138 Y129.245 I.011 J-1.759 E.16116
G2 X135.923 Y129.243 I-.123 J1.357 E.00641
G2 X135.59 Y132.708 I.088 J1.757 E.14936
G1 X135.901 Y132.748 E.00933
M204 T2000
G1 X135.886 Y133.118 F18000
G1 X136 Y133.122
G1 X136 Y133.146
M204 P1500
;TYPE:Inner wall
;WIDTH:0.45
G1 F1545
G1 X136.169 Y133.146 E.00544
G2 X136.337 Y128.874 I-.161 J-2.146 E.20157
G2 X135.908 Y128.851 I-.337 J2.275 E.01384
G2 X135.831 Y133.145 I.1 J2.149 E.20844
G1 X135.94 Y133.145 E.0035
G1 E-1.75 F6000
;WIPE_START
G1 X136.169 Y133.146 E-.17181
G1 X136.502 Y133.093 E-.25313
G1 X136.665 Y133.047 E-.12683
G1 X136.909 Y132.946 E-.19823
;WIPE_END
G1 X136.898 Y132.921 Z9.84 F18000
G1 X136.964 Y132.891
G1 X137.109 Y132.81
G1 X137.247 Y132.717
G1 X137.378 Y132.614
G1 X137.501 Y132.501
G1 X137.614 Y132.378
G1 X137.717 Y132.247
G1 X137.81 Y132.109
G1 X137.891 Y131.964
G1 X137.961 Y131.812
G1 X138.018 Y131.656
G1 X138.064 Y131.495
G1 X138.096 Y131.332
G1 X138.116 Y131.167
G1 X138.122 Y131
G1 X138.116 Y130.833
G1 X138.096 Y130.668
G1 X138.064 Y130.505
G1 X138.018 Y130.344
G1 X137.961 Y130.188
G1 X137.891 Y130.036
G1 X137.81 Y129.891
G1 X137.717 Y129.753
G1 X137.614 Y129.622
G1 X136.833 Y128.722
G1 X136.148 Y91.421
G1 X136.163 Y91.781
G1 Z9.64
G1 E2.5 F6000
M204 P1000
;TYPE:Outer wall
;WIDTH:0.42
G1 F1545
G1 X135.781 Y91.781 E.01136
G3 X135.564 Y86.244 I.208 J-2.781 E.242
G3 X136.125 Y86.215 I.436 J2.957 E.01678
G3 X136.223 Y91.779 I-.136 J2.785 E.24996
G1 X136.19 Y91.42 F18000
G1 X136.164 Y91.421
G1 X136.163 Y91.39
M204 P1500
;TYPE:Inner wall
;WIDTH:0.45
G1 F1545
G1 X135.812 Y91.39 E.01128
G3 X135.625 Y86.632 I.179 J-2.39 E.22451
G3 X136.11 Y86.607 I.375 J2.542 E.01564
G3 X136.222 Y91.386 I-.119 J2.394 E.23082
M204 T1000
G1 X136.19 Y91.113 F18000
G1 X136.167 Y91.116
G1 X136 Y91.122
G1 X135.946 Y91.12
G1 X135.96 Y90.756
M204 P1000
;TYPE:Outer wall
;WIDTH:0.42
G1 F1545
G1 X136 Y90.759 E.0012
G2 X136.138 Y87.245 I.011 J-1.759 E.16116
G2 X135.923 Y87.243 I-.123 J1.357 E.00641
G2 X135.59 Y90.708 I.088 J1.757 E.14936
G1 X135.901 Y90.748 E.00933
M204 T2000
G1 X135.886 Y91.118 F18000
G1 X136 Y91.122
G1 X136 Y91.146
M204 P1500
;TYPE:Inner wall
;WIDTH:0.45
G1 F1545
G1 X136.169 Y91.146 E.00544
G2 X136.337 Y86.874 I-.161 J-2.146 E.20157
G2 X135.908 Y86.851 I-.337 J2.275 E.01384
G2 X135.831 Y91.145 I.1 J2.149 E.20844
G1 X135.94 Y91.145 E.0035
; stop printing object base_plate.stl id:0 copy 0
;LAYER_CHANGE
;Z:9.84
;HEIGHT:0.2
G92 E0 ; zero the extruded length again
; BEFORE_LAYER_CHANGE 48 @ 9.84mm
G1 E-1.75 F6000
;WIPE_START
G1 X136.169 Y91.146 E-.17181
G1 X136.502 Y91.093 E-.25313
G1 X136.665 Y91.047 E-.12683
G1 X136.909 Y90.946 E-.19823
;WIPE_END
; AFTER_LAYER_CHANGE 48 @ 9.84mm
;_SET_FAN_SPEED_CHANGING_LAYER
; printing object base_plate.stl id:0 copy 0
G17
G3 Z10.04 I.553 J-.255 P1  F18000
G1 X136.898 Y90.921 Z10.04
G1 X136.812 Y90.961
G1 X136.656 Y91.018
G1 X136.495 Y91.064
G1 X136.332 Y91.096
G1 X136.167 Y91.116
G1 X136 Y91.122
G1 X135.833 Y91.116
G1 X134.602 Y90.983
G1 X84.137 Y91.422
G1 X84.151 Y91.781
G1 Z9.84
G1 E2.5 F6000
M204 P1000
;TYPE:Outer wall
;WIDTH:0.42
G1 F1539
G1 X83.781 Y91.781 E.01102
G3 X83.564 Y86.244 I.209 J-2.781 E.24199
G3 X84.131 Y86.215 I.437 J2.96 E.01696
G3 X84.219 Y91.78 I-.141 J2.785 E.24992
G1 X84.211 Y91.78 E.00023
G1 X84.19 Y91.42 F18000
G1 X84.152 Y91.421
G1 X84.151 Y91.39
M204 P1500
;TYPE:Inner wall
;WIDTH:0.45
G1 F1539
G1 X83.812 Y91.39 E.01091
G3 X83.625 Y86.632 I.18 J-2.39 E.22449
G3 X84.116 Y86.607 I.375 J2.546 E.01583
G3 X84.211 Y91.387 I-.124 J2.393 E.23103
M204 T1000
G1 X84.179 Y91.114 F18000
G1 X84.167 Y91.116
G1 X84.018 Y91.122
G1 X84.004 Y90.76
M204 P1000
;TYPE:Outer wall
;WIDTH:0.42
G1 F1539
G1 X84.411 Y90.713 E.01222
G2 X84.138 Y87.245 I-.401 J-1.713 E.14879
G2 X83.92 Y87.243 I-.124 J1.375 E.0065
G2 X83.944 Y90.758 I.09 J1.757 E.15996
M204 T2000
G1 X83.93 Y91.12 F18000
G1 X84 Y91.122
G1 X84 Y91.146
M204 P1500
;TYPE:Inner wall
;WIDTH:0.45
G1 F1539
G1 X84.169 Y91.146 E.00544
G2 X84.337 Y86.874 I-.161 J-2.146 E.20156
G2 X83.905 Y86.851 I-.337 J2.275 E.01393
G2 X83.831 Y91.145 I.103 J2.149 E.20836
G1 X83.94 Y91.146 E.0035
G1 E-1.75 F6000
;WIPE_START
G1 X84.169 Y91.146 E-.17181
G1 X84.502 Y91.093 E-.25313
G1 X84.665 Y91.047 E-.12683
G1 X84.909 Y90.946 E-.19822
;WIPE_END
G1 X85.025 Y91.198 Z10.04 F18000
G1 X84.243 Y128.587
G1 X86.163 Y129.898
G1 X86.163 Y132.102
G1 X84.38 Y133.397
G1 X84.19 Y133.42
G1 X84.137 Y133.422
G1 X84.151 Y133.781
G1 Z9.84
G1 E2.5 F6000
M204 P1000
;TYPE:Outer wall
;WIDTH:0.42
G1 F1539
G1 X83.781 Y133.781 E.01102
G3 X83.564 Y128.244 I.209 J-2.781 E.24199
G3 X84.131 Y128.215 I.437 J2.96 E.01696
G3 X84.219 Y133.78 I-.141 J2.785 E.24992
G1 X84.211 Y133.78 E.00023
G1 X84.19 Y133.42 F18000
G1 X84.152 Y133.421
G1 X84.151 Y133.39
M204 P1500
;TYPE:Inner wall
;WIDTH:0.45
G1 F1539
G1 X83.812 Y133.39 E.01091
G3 X83.625 Y128.632 I.18 J-2.39 E.22449
G3 X84.116 Y128.607 I.375 J2.546 E.01583
G3 X84.211 Y133.387 I-.124 J2.393 E.23103
M204 T1000
G1 X84.179 Y133.114 F18000
G1 X84.167 Y133.116
G1 X84 Y133.122
G1 X83.948 Y133.12
G1 X83.963 Y132.756
M204 P1000
;TYPE:Outer wall
;WIDTH:0.42
G1 F1539
G1 X84 Y132.759 E.00112
G2 X84.138 Y129.245 I.011 J-1.759 E.16115
G2 X83.92 Y129.243 I-.124 J1.375 E.0065
G2 X83.59 Y132.708 I.09 J1.757 E.14929
G1 X83.903 Y132.748 E.0094
M204 T2000
G1 X83.889 Y133.118 F18000
G1 X84 Y133.122
G1 X84 Y133.146
M204 P1500
;TYPE:Inner wall
;WIDTH:0.45
G1 F1539
G1 X84.169 Y133.146 E.00544
G2 X84.337 Y128.874 I-.161 J-2.146 E.20156
G2 X83.905 Y128.851 I-.337 J2.275 E.01393
G2 X83.831 Y133.145 I.103 J2.149 E.20836
G1 X83.94 Y133.146 E.0035
G1 E-1.75 F6000
;WIPE_START
G1 X84.169 Y133.146 E-.17181
G1 X84.502 Y133.093 E-.25313
G1 X84.665 Y133.047 E-.12683
G1 X84.909 Y132.946 E-.19822
;WIPE_END
G1 X85.025 Y133.198 Z10.04 F18000
G1 X136.137 Y133.422
G1 X136.151 Y133.781
G1 Z9.84
G1 E2.5 F6000
M204 P1000
;TYPE:Outer wall
;WIDTH:0.42
G1 F1539
G1 X135.781 Y133.781 E.01102
G3 X135.564 Y128.244 I.209 J-2.781 E.24199
G3 X136.131 Y128.215 I.437 J2.96 E.01696
G3 X136.219 Y133.78 I-.141 J2.785 E.24992
G1 X136.211 Y133.78 E.00023
G1 X136.19 Y133.42 F18000
G1 X136.152 Y133.421
G1 X136.151 Y133.39
M204 P1500
;TYPE:Inner wall
;WIDTH:0.45
G1 F1539
G1 X135.812 Y133.39 E.01091
G3 X135.625 Y128.632 I.18 J-2.39 E.22449
G3 X136.116 Y128.607 I.375 J2.546 E.01583
G3 X136.211 Y133.387 I-.124 J2.393 E.23103
M204 T1000
G1 X136.179 Y133.114 F18000
G1 X136.167 Y133.116
G1 X136 Y133.122
G1 X135.948 Y133.12
G1 X135.963 Y132.756
M204 P1000
;TYPE:Outer wall
;WIDTH:0.42
G1 F1539
G1 X136 Y132.759 E.00112
G2 X136.138 Y129.245 I.011 J-1.759 E.16115
G2 X135.92 Y129.243 I-.124 J1.375 E.0065
G2 X135.59 Y132.708 I.09 J1.757 E.14929
G1 X135.903 Y132.748 E.0094
M204 T2000
G1 X135.889 Y133.118 F18000
G1 X136 Y133.122
G1 X136 Y133.146
M204 P1500
;TYPE:Inner wall
;WIDTH:0.45
G1 F1539
G1 X136.169 Y133.146 E.00544
G2 X136.337 Y128.874 I-.161 J-2.146 E.20156
G2 X135.905 Y128.851 I-.337 J2.275 E.01393
G2 X135.831 Y133.145 I.103 J2.149 E.20836
G1 X135.94 Y133.146 E.0035
G1 E-1.75 F6000
;WIPE_START
G1 X136.169 Y133.146 E-.17181
G1 X136.502 Y133.093 E-.25313
G1 X136.665 Y133.047 E-.12683
G1 X136.909 Y132.946 E-.19822
;WIPE_END
G1 X136.898 Y132.921 Z10.04 F18000
G1 X136.964 Y132.891
G1 X137.109 Y132.81
G1 X137.247 Y132.717
G1 X137.378 Y132.614
G1 X137.501 Y132.501
G1 X137.614 Y132.378
G1 X137.717 Y132.247
G1 X137.81 Y132.109
G1 X137.891 Y131.964
G1 X137.961 Y131.812
G1 X138.018 Y131.656
G1 X138.064 Y131.495
G1 X138.096 Y131.332
G1 X138.116 Y131.167
G1 X138.122 Y131
G1 X138.116 Y130.833
G1 X138.096 Y130.668
G1 X138.064 Y130.505
G1 X138.018 Y130.344
G1 X137.961 Y130.188
G1 X137.891 Y130.036
G1 X137.81 Y129.891
G1 X137.717 Y129.753
G1 X137.614 Y129.622
G1 X136.832 Y128.722
G1 X136.137 Y91.422
G1 X136.151 Y91.781
G1 Z9.84
G1 E2.5 F6000
M204 P1000
;TYPE:Outer wall
;WIDTH:0.42
G1 F1539
G1 X135.781 Y91.781 E.01102
G3 X135.564 Y86.244 I.209 J-2.781 E.24199
G3 X136.131 Y86.215 I.437 J2.96 E.01696
G3 X136.219 Y91.78 I-.141 J2.785 E.24992
G1 X136.211 Y91.78 E.00023
G1 X136.19 Y91.42 F18000
G1 X136.152 Y91.421
G1 X136.151 Y91.39
M204 P1500
;TYPE:Inner wall
;WIDTH:0.45
G1 F1539
G1 X135.812 Y91.39 E.01091
G3 X135.625 Y86.632 I.18 J-2.39 E.22449
G3 X136.116 Y86.607 I.375 J2.546 E.01583
G3 X136.211 Y91.387 I-.124 J2.393 E.23103
M204 T1000
G1 X136.179 Y91.114 F18000
G1 X136.167 Y91.116
G1 X136 Y91.122
G1 X135.948 Y91.12
G1 X135.963 Y90.756
M204 P1000
;TYPE:Outer wall
;WIDTH:0.42
G1 F1539
G1 X136 Y90.759 E.00112
G2 X136.138 Y87.245 I.011 J-1.759 E.16115
G2 X135.92 Y87.243 I-.124 J1.375 E.0065
G2 X135.59 Y90.708 I.09 J1.757 E.14929
G1 X135.903 Y90.748 E.0094
M204 T2000
G1 X135.889 Y91.118 F18000
G1 X136 Y91.122
G1 X136 Y91.146
M204 P1500
;TYPE:Inner wall
;WIDTH:0.45
G1 F1539
G1 X136.169 Y91.146 E.00544
G2 X136.337 Y86.874 I-.161 J-2.146 E.20156
G2 X135.905 Y86.851 I-.337 J2.275 E.01393
G2 X135.831 Y91.145 I.103 J2.149 E.20836
G1 X135.94 Y91.146 E.0035
; stop printing object base_plate.stl id:0 copy 0
;LAYER_CHANGE
;Z:10.04
;HEIGHT:0.2
G92 E0 ; zero the extruded length again
; BEFORE_LAYER_CHANGE 49 @ 10.04mm
G1 E-1.75 F6000
;WIPE_START
G1 X136.169 Y91.146 E-.17181
G1 X136.502 Y91.093 E-.25313
G1 X136.665 Y91.047 E-.12683
G1 X136.909 Y90.946 E-.19822
;WIPE_END
; AFTER_LAYER_CHANGE 49 @ 10.04mm
;_SET_FAN_SPEED_CHANGING_LAYER
; printing object base_plate.stl id:0 copy 0
G17
G3 Z10.24 I.553 J-.255 P1  F18000
G1 X136.898 Y90.921 Z10.24
G1 X136.812 Y90.961
G1 X136.656 Y91.018
G1 X136.495 Y91.064
G1 X136.332 Y91.096
G1 X136.167 Y91.116
G1 X136 Y91.122
G1 X135.833 Y91.116
G1 X134.602 Y90.983
G1 X84.125 Y91.422
G1 X84.139 Y91.781
G1 Z10.04
G1 E2.5 F6000
M204 P1000
;TYPE:Outer wall
;WIDTH:0.42
G1 F1539
G1 X83.781 Y91.781 E.01068
G3 X83.564 Y86.244 I.209 J-2.781 E.24197
G3 X84.137 Y86.216 I.437 J2.964 E.01713
G3 X84.219 Y91.78 I-.147 J2.785 E.24977
G1 X84.199 Y91.78 E.00058
G1 X84.185 Y91.42 F18000
G1 X84.141 Y91.422
G1 X84.139 Y91.39
M204 P1500
;TYPE:Inner wall
;WIDTH:0.45
G1 F1539
G1 X83.812 Y91.383 E.01052
G3 X83.529 Y86.651 I.188 J-2.386 E.22041
G1 X83.638 Y86.631 E.00356
G3 X84.122 Y86.607 I.364 J2.519 E.01562
G3 X84.199 Y91.382 I-.121 J2.39 E.23145
M204 T1000
G1 X84.167 Y91.116 F18000
G1 X84.167 Y91.116
G1 X84.02 Y91.122
G1 X84.006 Y90.76
M204 P1000
;TYPE:Outer wall
;WIDTH:0.42
G1 F1539
G1 X84.411 Y90.713 E.01216
G2 X84.138 Y87.245 I-.402 J-1.713 E.14873
G2 X83.909 Y87.243 I-.126 J1.448 E.00684
G2 X83.946 Y90.758 I.101 J1.757 E.15976
M204 T2000
G1 X83.932 Y91.12 F18000
G1 X83.988 Y91.122
G1 X83.987 Y91.152
M204 P1500
;TYPE:Inner wall
;WIDTH:0.45
G1 F1539
G1 X84 Y91.152 E.00041
G2 X84.169 Y86.854 I.01 J-2.152 E.21261
G2 X83.882 Y86.852 I-.156 J1.811 E.00924
G2 X83.831 Y91.144 I.128 J2.148 E.20747
G1 X83.927 Y91.149 E.0031
G1 E-1.75 F6000
;WIPE_START
G1 X84 Y91.152 E-.05465
G1 X84.169 Y91.146 E-.12689
G1 X84.502 Y91.093 E-.25312
G1 X84.824 Y90.989 E-.25327
G1 X84.899 Y90.954 E-.06207
;WIPE_END
G1 X85.014 Y91.203 Z10.24 F18000
G1 X84.232 Y128.585
G1 X86.163 Y129.898
G1 X86.163 Y132.102
G1 X84.38 Y133.397
G1 X84.19 Y133.42
G1 X84.125 Y133.422
G1 X84.139 Y133.781
G1 Z10.04
G1 E2.5 F6000
M204 P1000
;TYPE:Outer wall
;WIDTH:0.42
G1 F1539
G1 X83.781 Y133.781 E.01068
G3 X83.564 Y128.244 I.209 J-2.781 E.24197
G3 X84.137 Y128.216 I.437 J2.964 E.01713
G3 X84.219 Y133.78 I-.147 J2.785 E.24977
G1 X84.199 Y133.78 E.00058
G1 X84.185 Y133.42 F18000
G1 X84.141 Y133.422
G1 X84.139 Y133.39
M204 P1500
;TYPE:Inner wall
;WIDTH:0.45
G1 F1539
G1 X83.812 Y133.383 E.01052
G3 X83.529 Y128.651 I.188 J-2.386 E.22041
G1 X83.638 Y128.631 E.00356
G3 X84.122 Y128.607 I.364 J2.519 E.01562
G3 X84.199 Y133.382 I-.121 J2.39 E.23145
M204 T1000
G1 X84.167 Y133.116 F18000
G1 X84 Y133.122
G1 X83.951 Y133.12
G1 X83.965 Y132.756
M204 P1000
;TYPE:Outer wall
;WIDTH:0.42
G1 F1539
G1 X84 Y132.759 E.00104
G2 X84.138 Y129.245 I.009 J-1.759 E.16108
G2 X83.909 Y129.243 I-.126 J1.448 E.00684
G2 X83.59 Y132.709 I.101 J1.757 E.14904
G1 X83.906 Y132.749 E.00948
M204 T2000
G1 X83.891 Y133.118 F18000
G1 X83.988 Y133.122
G1 X83.987 Y133.152
M204 P1500
;TYPE:Inner wall
;WIDTH:0.45
G1 F1539
G1 X84 Y133.152 E.00041
G2 X84.169 Y128.854 I.01 J-2.152 E.21261
G2 X83.882 Y128.852 I-.156 J1.811 E.00924
G2 X83.831 Y133.144 I.128 J2.148 E.20747
G1 X83.927 Y133.149 E.0031
G1 E-1.75 F6000
;WIPE_START
G1 X84 Y133.152 E-.05465
G1 X84.169 Y133.146 E-.12689
G1 X84.502 Y133.093 E-.25312
G1 X84.824 Y132.989 E-.25327
G1 X84.899 Y132.954 E-.06206
;WIPE_END
G1 X85.014 Y133.203 Z10.24 F18000
G1 X136.125 Y133.422
G1 X136.139 Y133.781
G1 Z10.04
G1 E2.5 F6000
M204 P1000
;TYPE:Outer wall
;WIDTH:0.42
G1 F1539
G1 X135.781 Y133.781 E.01068
G3 X135.564 Y128.244 I.209 J-2.781 E.24197
G3 X136.137 Y128.216 I.437 J2.964 E.01713
G3 X136.219 Y133.78 I-.147 J2.785 E.24977
G1 X136.199 Y133.78 E.00058
G1 X136.185 Y133.42 F18000
G1 X136.141 Y133.422
G1 X136.139 Y133.39
M204 P1500
;TYPE:Inner wall
;WIDTH:0.45
G1 F1539
G1 X135.812 Y133.383 E.01052
G3 X135.529 Y128.651 I.188 J-2.386 E.22041
G1 X135.638 Y128.631 E.00356
G3 X136.122 Y128.607 I.364 J2.519 E.01562
G3 X136.199 Y133.382 I-.121 J2.39 E.23145
M204 T1000
G1 X136.167 Y133.116 F18000
G1 X136 Y133.122
G1 X135.951 Y133.12
G1 X135.965 Y132.756
M204 P1000
;TYPE:Outer wall
;WIDTH:0.42
G1 F1539
G1 X136 Y132.759 E.00104
G2 X136.138 Y129.245 I.009 J-1.759 E.16108
G2 X135.909 Y129.243 I-.126 J1.448 E.00684
G2 X135.59 Y132.709 I.101 J1.757 E.14904
G1 X135.906 Y132.749 E.00948
M204 T2000
G1 X135.891 Y133.118 F18000
G1 X136 Y133.122
G1 X136.012 Y133.122
G1 X136.013 Y133.152
M204 P1500
;TYPE:Inner wall
;WIDTH:0.45
G1 F1539
G1 X136.169 Y133.146 E.00503
G2 X136.169 Y128.854 I-.159 J-2.146 E.20717
G2 X135.882 Y128.852 I-.156 J1.811 E.00924
G2 X135.953 Y133.151 I.128 J2.148 E.2114
G1 E-1.75 F6000
;WIPE_START
G1 X136.169 Y133.146 E-.16218
G1 X136.502 Y133.093 E-.25312
G1 X136.824 Y132.989 E-.25327
G1 X136.922 Y132.943 E-.08142
;WIPE_END
G1 X136.91 Y132.916 Z10.24 F18000
G1 X136.964 Y132.891
G1 X137.109 Y132.81
G1 X137.247 Y132.717
G1 X137.378 Y132.614
G1 X137.501 Y132.501
G1 X137.614 Y132.378
G1 X137.717 Y132.247
G1 X137.81 Y132.109
G1 X137.891 Y131.964
G1 X137.961 Y131.812
G1 X138.018 Y131.656
G1 X138.064 Y131.495
G1 X138.096 Y131.332
G1 X138.116 Y131.167
G1 X138.122 Y131
G1 X138.116 Y130.833
G1 X138.096 Y130.668
G1 X138.064 Y130.505
G1 X138.018 Y130.344
G1 X137.961 Y130.188
G1 X137.891 Y130.036
G1 X137.81 Y129.891
G1 X137.717 Y129.753
G1 X137.614 Y129.622
G1 X136.842 Y128.726
G1 X136.125 Y91.422
G1 X136.139 Y91.781
G1 Z10.04
G1 E2.5 F6000
M204 P1000
;TYPE:Outer wall
;WIDTH:0.42
G1 F1539
G1 X135.781 Y91.781 E.01068
G3 X135.564 Y86.244 I.209 J-2.781 E.24197
G3 X136.137 Y86.216 I.437 J2.964 E.01713
G3 X136.219 Y91.78 I-.147 J2.785 E.24977
G1 X136.199 Y91.78 E.00058
G1 X136.185 Y91.42 F18000
G1 X136.141 Y91.422
G1 X136.139 Y91.39
M204 P1500
;TYPE:Inner wall
;WIDTH:0.45
G1 F1539
G1 X135.812 Y91.383 E.01052
G3 X135.529 Y86.651 I.188 J-2.386 E.22041
G1 X135.638 Y86.631 E.00356
G3 X136.122 Y86.607 I.364 J2.519 E.01562
G3 X136.199 Y91.382 I-.121 J2.39 E.23145
M204 T1000
G1 X136.167 Y91.116 F18000
G1 X136 Y91.122
G1 X135.951 Y91.12
G1 X135.965 Y90.756
M204 P1000
;TYPE:Outer wall
;WIDTH:0.42
G1 F1539
G1 X136 Y90.759 E.00104
G2 X136.138 Y87.245 I.009 J-1.759 E.16108
G2 X135.909 Y87.243 I-.126 J1.448 E.00684
G2 X135.59 Y90.709 I.101 J1.757 E.14904
G1 X135.906 Y90.749 E.00948
M204 T2000
G1 X135.891 Y91.118 F18000
G1 X136 Y91.122
G1 X136.012 Y91.122
G1 X136.013 Y91.152
M204 P1500
;TYPE:Inner wall
;WIDTH:0.45
G1 F1539
G1 X136.169 Y91.146 E.00503
G2 X136.169 Y86.854 I-.159 J-2.146 E.20717
G2 X135.882 Y86.852 I-.156 J1.811 E.00924
G2 X135.953 Y91.151 I.128 J2.148 E.2114
; stop printing object base_plate.stl id:0 copy 0
;LAYER_CHANGE
;Z:10.24
;HEIGHT:0.2
G92 E0 ; zero the extruded length again
; BEFORE_LAYER_CHANGE 50 @ 10.24mm
G1 E-1.75 F6000
;WIPE_START
G1 X136.169 Y91.146 E-.16218
G1 X136.502 Y91.093 E-.25313
G1 X136.824 Y90.989 E-.25327
G1 X136.922 Y90.943 E-.08142
;WIPE_END
; AFTER_LAYER_CHANGE 50 @ 10.24mm
;_SET_FAN_SPEED_CHANGING_LAYER
; printing object base_plate.stl id:0 copy 0
G17
G3 Z10.44 I.553 J-.255 P1  F18000
G1 X136.91 Y90.916 Z10.44
G1 X136.812 Y90.961
G1 X136.656 Y91.018
G1 X136.495 Y91.064
G1 X136.332 Y91.096
G1 X136.167 Y91.116
G1 X136 Y91.122
G1 X135.833 Y91.116
G1 X134.598 Y90.98
G1 X84.114 Y91.423
G1 X84.128 Y91.781
G1 Z10.24
G1 E2.5 F6000
M204 P1000
;TYPE:Outer wall
;WIDTH:0.42
G1 F1539
G1 X83.781 Y91.781 E.01034
G3 X83.564 Y86.244 I.21 J-2.781 E.24195
G3 X84.143 Y86.216 I.438 J2.97 E.01731
G3 X84.219 Y91.78 I-.152 J2.785 E.24962
G1 X84.188 Y91.78 E.00092
G1 X84.174 Y91.42 F18000
G1 X84.129 Y91.422
G1 X84.128 Y91.39
M204 P1500
;TYPE:Inner wall
;WIDTH:0.45
G1 F1539
G1 X83.812 Y91.383 E.01015
G3 X83.527 Y86.651 I.188 J-2.386 E.22035
G1 X83.65 Y86.629 E.00401
G3 X84.128 Y86.608 I.352 J2.497 E.0154
G3 X84.188 Y91.383 I-.127 J2.39 E.23164
M204 T1000
G1 X84.167 Y91.116 F18000
G1 X84.022 Y91.122
G1 X84.007 Y90.759
M204 P1000
;TYPE:Outer wall
;WIDTH:0.42
G1 F1539
G1 X84.411 Y90.713 E.0121
G2 X84.138 Y87.245 I-.402 J-1.713 E.1487
G2 X83.906 Y87.243 I-.127 J1.468 E.00693
G2 X83.948 Y90.758 I.103 J1.757 E.15976
M204 T2000
G1 X83.933 Y91.12 F18000
G1 X83.988 Y91.122
G1 X83.987 Y91.152
M204 P1500
;TYPE:Inner wall
;WIDTH:0.45
G1 F1539
G1 X84 Y91.152 E.00041
G2 X84.169 Y86.854 I.01 J-2.152 E.21258
G2 X83.879 Y86.852 I-.157 J1.832 E.00934
G2 X83.831 Y91.144 I.131 J2.148 E.20741
G1 X83.927 Y91.149 E.0031
G1 E-1.75 F6000
;WIPE_START
G1 X84 Y91.152 E-.05465
G1 X84.169 Y91.146 E-.12689
G1 X84.502 Y91.093 E-.25314
G1 X84.824 Y90.989 E-.25326
G1 X84.899 Y90.954 E-.06206
;WIPE_END
G1 X85.014 Y91.203 Z10.44 F18000
G1 X84.222 Y128.584
G1 X86.163 Y129.898
G1 X86.163 Y132.102
G1 X84.38 Y133.397
G1 X84.19 Y133.42
G1 X84.114 Y133.423
G1 X84.128 Y133.781
G1 Z10.24
G1 E2.5 F6000
M204 P1000
;TYPE:Outer wall
;WIDTH:0.42
G1 F1539
G1 X83.781 Y133.781 E.01034
G3 X83.564 Y128.244 I.21 J-2.781 E.24195
G3 X84.143 Y128.216 I.438 J2.969 E.01731
G3 X84.219 Y133.78 I-.152 J2.785 E.24962
G1 X84.188 Y133.78 E.00092
G1 X84.174 Y133.42 F18000
G1 X84.129 Y133.422
G1 X84.128 Y133.39
M204 P1500
;TYPE:Inner wall
;WIDTH:0.45
G1 F1539
G1 X83.812 Y133.383 E.01015
G3 X83.527 Y128.651 I.188 J-2.386 E.22035
G1 X83.65 Y128.629 E.00401
G3 X84.128 Y128.608 I.352 J2.497 E.0154
G3 X84.188 Y133.383 I-.127 J2.39 E.23164
M204 T1000
G1 X84.167 Y133.116 F18000
G1 X84 Y133.122
G1 X83.953 Y133.121
G1 X83.968 Y132.756
M204 P1000
;TYPE:Outer wall
;WIDTH:0.42
G1 F1539
G1 X84 Y132.76 E.00097
G2 X84.138 Y129.245 I.009 J-1.76 E.16106
G2 X83.906 Y129.243 I-.127 J1.468 E.00693
G2 X83.59 Y132.709 I.103 J1.757 E.14897
G1 X83.908 Y132.749 E.00956
M204 T2000
G1 X83.894 Y133.118 F18000
G1 X83.988 Y133.122
G1 X83.987 Y133.152
M204 P1500
;TYPE:Inner wall
;WIDTH:0.45
G1 F1539
G1 X84 Y133.152 E.00041
G2 X84.169 Y128.854 I.01 J-2.152 E.21258
G2 X83.879 Y128.852 I-.157 J1.832 E.00934
G2 X83.831 Y133.144 I.131 J2.148 E.20741
G1 X83.927 Y133.149 E.0031
G1 E-1.75 F6000
;WIPE_START
G1 X84 Y133.152 E-.05465
G1 X84.169 Y133.146 E-.12689
G1 X84.502 Y133.093 E-.25314
G1 X84.824 Y132.989 E-.25326
G1 X84.899 Y132.954 E-.06205
;WIPE_END
G1 X85.014 Y133.203 Z10.44 F18000
G1 X136.114 Y133.423
G1 X136.128 Y133.781
G1 Z10.24
G1 E2.5 F6000
M204 P1000
;TYPE:Outer wall
;WIDTH:0.42
G1 F1539
G1 X135.781 Y133.781 E.01034
G3 X135.564 Y128.244 I.21 J-2.781 E.24195
G3 X136.143 Y128.216 I.438 J2.969 E.01731
G3 X136.219 Y133.78 I-.152 J2.785 E.24962
G1 X136.188 Y133.78 E.00092
G1 X136.174 Y133.42 F18000
G1 X136.129 Y133.422
G1 X136.128 Y133.39
M204 P1500
;TYPE:Inner wall
;WIDTH:0.45
G1 F1539
G1 X135.812 Y133.383 E.01015
G3 X135.527 Y128.651 I.188 J-2.386 E.22035
G1 X135.65 Y128.629 E.00401
G3 X136.128 Y128.608 I.352 J2.497 E.0154
G3 X136.188 Y133.383 I-.127 J2.39 E.23164
M204 T1000
G1 X136.167 Y133.116 F18000
G1 X136 Y133.122
G1 X135.953 Y133.121
G1 X135.968 Y132.756
M204 P1000
;TYPE:Outer wall
;WIDTH:0.42
G1 F1539
G1 X136 Y132.76 E.00097
G2 X136.138 Y129.245 I.009 J-1.76 E.16106
G2 X135.906 Y129.243 I-.127 J1.468 E.00693
G2 X135.59 Y132.709 I.103 J1.757 E.14897
G1 X135.908 Y132.749 E.00956
M204 T2000
G1 X135.894 Y133.118 F18000
G1 X136 Y133.122
G1 X136.012 Y133.122
G1 X136.013 Y133.152
M204 P1500
;TYPE:Inner wall
;WIDTH:0.45
G1 F1539
G1 X136.169 Y133.146 E.00503
G2 X136.169 Y128.854 I-.159 J-2.146 E.20714
G2 X135.879 Y128.852 I-.157 J1.832 E.00934
G2 X135.953 Y133.151 I.131 J2.148 E.21133
G1 E-1.75 F6000
;WIPE_START
G1 X136.169 Y133.146 E-.16219
G1 X136.502 Y133.093 E-.25314
G1 X136.824 Y132.989 E-.25326
G1 X136.922 Y132.943 E-.08141
;WIPE_END
G1 X136.91 Y132.916 Z10.44 F18000
G1 X136.964 Y132.891
G1 X137.109 Y132.81
G1 X137.247 Y132.717
G1 X137.378 Y132.614
G1 X137.501 Y132.501
G1 X137.614 Y132.378
G1 X137.717 Y132.247
G1 X137.81 Y132.109
G1 X137.891 Y131.964
G1 X137.961 Y131.812
G1 X138.018 Y131.656
G1 X138.064 Y131.495
G1 X138.096 Y131.332
G1 X138.116 Y131.167
G1 X138.122 Y131
G1 X138.116 Y130.833
G1 X138.096 Y130.668
G1 X138.064 Y130.505
G1 X138.018 Y130.344
G1 X137.961 Y130.188
G1 X137.891 Y130.036
G1 X137.81 Y129.891
G1 X137.717 Y129.753
G1 X137.614 Y129.622
G1 X136.841 Y128.725
G1 X136.114 Y91.423
G1 X136.128 Y91.781
G1 Z10.24
G1 E2.5 F6000
M204 P1000
;TYPE:Outer wall
;WIDTH:0.42
G1 F1539
G1 X135.781 Y91.781 E.01034
G3 X135.564 Y86.244 I.21 J-2.781 E.24195
G3 X136.143 Y86.216 I.438 J2.97 E.01731
G3 X136.219 Y91.78 I-.152 J2.785 E.24962
G1 X136.188 Y91.78 E.00092
G1 X136.174 Y91.42 F18000
G1 X136.129 Y91.422
G1 X136.128 Y91.39
M204 P1500
;TYPE:Inner wall
;WIDTH:0.45
G1 F1539
G1 X135.812 Y91.383 E.01015
G3 X135.527 Y86.651 I.188 J-2.386 E.22035
G1 X135.65 Y86.629 E.00401
G3 X136.128 Y86.608 I.352 J2.497 E.0154
G3 X136.188 Y91.383 I-.127 J2.39 E.23164
M204 T1000
G1 X136.167 Y91.116 F18000
G1 X136 Y91.122
G1 X135.953 Y91.121
G1 X135.968 Y90.756
M204 P1000
;TYPE:Outer wall
;WIDTH:0.42
G1 F1539
G1 X136 Y90.76 E.00097
G2 X136.138 Y87.245 I.009 J-1.76 E.16106
G2 X135.906 Y87.243 I-.127 J1.468 E.00693
G2 X135.59 Y90.709 I.103 J1.757 E.14897
G1 X135.908 Y90.749 E.00956
M204 T2000
G1 X135.894 Y91.118 F18000
G1 X136 Y91.122
G1 X136.012 Y91.122
G1 X136.013 Y91.152
M204 P1500
;TYPE:Inner wall
;WIDTH:0.45
G1 F1539
G1 X136.169 Y91.146 E.00503
G2 X136.169 Y86.854 I-.159 J-2.146 E.20714
G2 X135.879 Y86.852 I-.157 J1.832 E.00934
G2 X135.953 Y91.151 I.131 J2.148 E.21133
; stop printing object base_plate.stl id:0 copy 0
;LAYER_CHANGE
;Z:10.44
;HEIGHT:0.2
G92 E0 ; zero the extruded length again
; BEFORE_LAYER_CHANGE 51 @ 10.44mm
G1 E-1.75 F6000
;WIPE_START
G1 X136.169 Y91.146 E-.16219
G1 X136.502 Y91.093 E-.25314
G1 X136.824 Y90.989 E-.25326
G1 X136.922 Y90.943 E-.08141
;WIPE_END
; AFTER_LAYER_CHANGE 51 @ 10.44mm
;_SET_FAN_SPEED_CHANGING_LAYER
; printing object base_plate.stl id:0 copy 0
G17
G3 Z10.64 I.553 J-.255 P1  F18000
G1 X136.91 Y90.916 Z10.64
G1 X136.812 Y90.961
G1 X136.656 Y91.018
G1 X136.495 Y91.064
G1 X136.332 Y91.096
G1 X136.167 Y91.116
G1 X136 Y91.122
G1 X135.833 Y91.116
G1 X134.598 Y90.98
G1 X84.103 Y91.423
G1 X84.117 Y91.781
G1 Z10.44
G1 E2.5 F6000
M204 P1000
;TYPE:Outer wall
;WIDTH:0.42
G1 F1532
G1 X83.781 Y91.781 E.01
G3 X83.564 Y86.244 I.21 J-2.781 E.24193
G3 X84.149 Y86.216 I.438 J2.976 E.01748
G3 X84.219 Y91.78 I-.158 J2.784 E.24948
G1 X84.177 Y91.78 E.00125
G1 X84.163 Y91.421 F18000
G1 X84.118 Y91.423
G1 X84.117 Y91.39
M204 P1500
;TYPE:Inner wall
;WIDTH:0.45
G1 F1532
G1 X83.812 Y91.383 E.00979
G3 X83.525 Y86.652 I.189 J-2.385 E.22026
G1 X83.753 Y86.617 E.00739
G3 X84.134 Y86.608 I.25 J2.484 E.01227
G3 X84.188 Y91.383 I-.132 J2.389 E.23148
G1 X84.176 Y91.384 E.00036
M204 T1000
G1 X84.166 Y91.116 F18000
G1 X84.024 Y91.121
G1 X84.009 Y90.759
M204 P1000
;TYPE:Outer wall
;WIDTH:0.42
G1 F1532
G1 X84.41 Y90.708 E.01203
G2 X84.138 Y87.245 I-.402 J-1.711 E.14849
G2 X83.903 Y87.244 I-.128 J1.487 E.00702
G2 X83.95 Y90.754 I.106 J1.754 E.15955
M204 T2000
G1 X83.936 Y91.12 F18000
G1 X83.988 Y91.122
G1 X83.987 Y91.152
M204 P1500
;TYPE:Inner wall
;WIDTH:0.45
G1 F1532
G1 X84 Y91.152 E.00041
G2 X84.169 Y86.854 I.009 J-2.152 E.21255
G2 X83.876 Y86.852 I-.158 J1.853 E.00945
G2 X83.831 Y91.144 I.134 J2.148 E.20734
G1 X83.927 Y91.149 E.0031
G1 E-1.75 F6000
;WIPE_START
G1 X84 Y91.152 E-.05465
G1 X84.169 Y91.146 E-.12689
G1 X84.502 Y91.093 E-.25312
G1 X84.824 Y90.989 E-.25327
G1 X84.899 Y90.954 E-.06206
;WIPE_END
G1 X85.014 Y91.203 Z10.64 F18000
G1 X84.212 Y128.583
G1 X86.163 Y129.898
G1 X86.163 Y132.102
G1 X84.38 Y133.397
G1 X84.19 Y133.42
G1 X84.103 Y133.423
G1 X84.117 Y133.781
G1 Z10.44
G1 E2.5 F6000
M204 P1000
;TYPE:Outer wall
;WIDTH:0.42
G1 F1532
G1 X83.781 Y133.781 E.01
G3 X83.564 Y128.244 I.21 J-2.781 E.24193
G3 X84.149 Y128.216 I.438 J2.976 E.01748
G3 X84.219 Y133.78 I-.158 J2.784 E.24948
G1 X84.177 Y133.78 E.00125
G1 X84.163 Y133.421 F18000
G1 X84.118 Y133.423
G1 X84.117 Y133.39
M204 P1500
;TYPE:Inner wall
;WIDTH:0.45
G1 F1532
G1 X83.812 Y133.383 E.00979
G3 X83.525 Y128.652 I.189 J-2.385 E.22026
G1 X83.753 Y128.617 E.00739
G3 X84.134 Y128.608 I.25 J2.484 E.01227
G3 X84.188 Y133.383 I-.132 J2.389 E.23148
G1 X84.176 Y133.384 E.00036
M204 T1000
G1 X84.166 Y133.116 F18000
G1 X84 Y133.122
G1 X83.956 Y133.121
G1 X83.97 Y132.757
M204 P1000
;TYPE:Outer wall
;WIDTH:0.42
G1 F1532
G1 X84 Y132.755 E.0009
G2 X84.138 Y129.245 I.008 J-1.757 E.16081
G2 X83.903 Y129.244 I-.128 J1.487 E.00702
G2 X83.591 Y132.704 I.106 J1.754 E.14872
G1 X83.911 Y132.749 E.00961
M204 T2000
G1 X83.896 Y133.118 F18000
G1 X83.988 Y133.122
G1 X83.987 Y133.152
M204 P1500
;TYPE:Inner wall
;WIDTH:0.45
G1 F1532
G1 X84 Y133.152 E.00041
G2 X84.169 Y128.854 I.009 J-2.152 E.21255
G2 X83.876 Y128.852 I-.158 J1.853 E.00945
G2 X83.831 Y133.144 I.134 J2.148 E.20734
G1 X83.927 Y133.149 E.0031
G1 E-1.75 F6000
;WIPE_START
G1 X84 Y133.152 E-.05466
G1 X84.169 Y133.146 E-.12689
G1 X84.502 Y133.093 E-.25312
G1 X84.824 Y132.989 E-.25327
G1 X84.899 Y132.954 E-.06205
;WIPE_END
G1 X85.014 Y133.203 Z10.64 F18000
G1 X136.103 Y133.423
G1 X136.117 Y133.781
G1 Z10.44
G1 E2.5 F6000
M204 P1000
;TYPE:Outer wall
;WIDTH:0.42
G1 F1532
G1 X135.781 Y133.781 E.01
G3 X135.564 Y128.244 I.21 J-2.781 E.24193
G3 X136.149 Y128.216 I.438 J2.976 E.01748
G3 X136.219 Y133.78 I-.158 J2.784 E.24948
G1 X136.177 Y133.78 E.00125
G1 X136.163 Y133.421 F18000
G1 X136.118 Y133.423
G1 X136.117 Y133.39
M204 P1500
;TYPE:Inner wall
;WIDTH:0.45
G1 F1532
G1 X135.812 Y133.383 E.00979
G3 X135.525 Y128.652 I.189 J-2.385 E.22026
G1 X135.753 Y128.617 E.00739
G3 X136.134 Y128.608 I.25 J2.484 E.01227
G3 X136.188 Y133.383 I-.132 J2.389 E.23148
G1 X136.176 Y133.384 E.00036
M204 T1000
G1 X136.166 Y133.116 F18000
G1 X136 Y133.122
G1 X135.956 Y133.121
G1 X135.97 Y132.757
M204 P1000
;TYPE:Outer wall
;WIDTH:0.42
G1 F1532
G1 X136 Y132.755 E.0009
G2 X136.138 Y129.245 I.008 J-1.757 E.16081
G2 X135.903 Y129.244 I-.128 J1.487 E.00702
G2 X135.591 Y132.704 I.106 J1.754 E.14872
G1 X135.911 Y132.749 E.00961
M204 T2000
G1 X135.896 Y133.118 F18000
G1 X136 Y133.122
G1 X136.012 Y133.122
G1 X136.013 Y133.152
M204 P1500
;TYPE:Inner wall
;WIDTH:0.45
G1 F1532
G1 X136.169 Y133.146 E.00503
G2 X136.169 Y128.854 I-.16 J-2.146 E.20711
G2 X135.876 Y128.852 I-.158 J1.853 E.00945
G2 X135.953 Y133.151 I.134 J2.148 E.21126
G1 E-1.75 F6000
;WIPE_START
G1 X136.169 Y133.146 E-.16219
G1 X136.502 Y133.093 E-.25312
G1 X136.824 Y132.989 E-.25327
G1 X136.922 Y132.943 E-.08141
;WIPE_END
G1 X136.91 Y132.916 Z10.64 F18000
G1 X136.964 Y132.891
G1 X137.109 Y132.81
G1 X137.247 Y132.717
G1 X137.378 Y132.614
G1 X137.501 Y132.501
G1 X137.614 Y132.378
G1 X137.717 Y132.247
G1 X137.81 Y132.109
G1 X137.891 Y131.964
G1 X137.961 Y131.812
G1 X138.018 Y131.656
G1 X138.064 Y131.495
G1 X138.096 Y131.332
G1 X138.116 Y131.167
G1 X138.122 Y131
G1 X138.116 Y130.833
G1 X138.096 Y130.668
G1 X138.064 Y130.505
G1 X138.018 Y130.344
G1 X137.961 Y130.188
G1 X137.891 Y130.036
G1 X137.81 Y129.891
G1 X137.717 Y129.753
G1 X137.614 Y129.622
G1 X136.84 Y128.725
G1 X136.103 Y91.423
G1 X136.117 Y91.781
G1 Z10.44
G1 E2.5 F6000
M204 P1000
;TYPE:Outer wall
;WIDTH:0.42
G1 F1532
G1 X135.781 Y91.781 E.01
G3 X135.564 Y86.244 I.21 J-2.781 E.24193
G3 X136.149 Y86.216 I.438 J2.976 E.01748
G3 X136.219 Y91.78 I-.158 J2.784 E.24948
G1 X136.177 Y91.78 E.00125
G1 X136.163 Y91.421 F18000
G1 X136.118 Y91.423
G1 X136.117 Y91.39
M204 P1500
;TYPE:Inner wall
;WIDTH:0.45
G1 F1532
G1 X135.812 Y91.383 E.00979
G3 X135.525 Y86.652 I.189 J-2.385 E.22026
G1 X135.753 Y86.617 E.00739
G3 X136.134 Y86.608 I.25 J2.484 E.01227
G3 X136.188 Y91.383 I-.132 J2.389 E.23148
G1 X136.176 Y91.384 E.00036
M204 T1000
G1 X136.166 Y91.116 F18000
G1 X136 Y91.122
G1 X135.956 Y91.121
G1 X135.97 Y90.757
M204 P1000
;TYPE:Outer wall
;WIDTH:0.42
G1 F1532
G1 X136 Y90.755 E.0009
G2 X136.138 Y87.245 I.008 J-1.757 E.16081
G2 X135.903 Y87.244 I-.128 J1.487 E.00702
G2 X135.591 Y90.704 I.106 J1.754 E.14872
G1 X135.911 Y90.749 E.00961
M204 T2000
G1 X135.896 Y91.118 F18000
G1 X136 Y91.122
G1 X136.012 Y91.122
G1 X136.013 Y91.152
M204 P1500
;TYPE:Inner wall
;WIDTH:0.45
G1 F1532
G1 X136.169 Y91.146 E.00503
G2 X136.169 Y86.854 I-.16 J-2.146 E.20711
G2 X135.876 Y86.852 I-.158 J1.853 E.00945
G2 X135.953 Y91.151 I.134 J2.148 E.21126
; stop printing object base_plate.stl id:0 copy 0
;LAYER_CHANGE
;Z:10.64
;HEIGHT:0.200001
G92 E0 ; zero the extruded length again
; BEFORE_LAYER_CHANGE 52 @ 10.64mm
G1 E-1.75 F6000
;WIPE_START
G1 X136.169 Y91.146 E-.16219
G1 X136.502 Y91.093 E-.25312
G1 X136.824 Y90.989 E-.25328
G1 X136.922 Y90.943 E-.08141
;WIPE_END
; AFTER_LAYER_CHANGE 52 @ 10.64mm
;_SET_FAN_SPEED_CHANGING_LAYER
; printing object base_plate.stl id:0 copy 0
G17
G3 Z10.84 I.553 J-.255 P1  F18000
G1 X136.91 Y90.916 Z10.84
G1 X136.812 Y90.961
G1 X136.656 Y91.018
G1 X136.495 Y91.064
G1 X136.332 Y91.096
G1 X136.167 Y91.116
G1 X136 Y91.122
G1 X135.833 Y91.116
G1 X134.598 Y90.98
G1 X84.092 Y91.424
G1 X84.106 Y91.781
G1 Z10.64
G1 E2.5 F6000
M204 P1000
;TYPE:Outer wall
;WIDTH:0.42
G1 F1532
G1 X83.781 Y91.781 E.00967
G3 X83.564 Y86.244 I.211 J-2.781 E.2419
G3 X84.155 Y86.216 I.439 J2.983 E.01766
G3 X84.219 Y91.78 I-.163 J2.784 E.24934
G1 X84.166 Y91.781 E.00158
G1 X84.152 Y91.421 F18000
G1 X84.107 Y91.423
G1 X84.106 Y91.39
M204 P1500
;TYPE:Inner wall
;WIDTH:0.45
G1 F1532
G1 X83.812 Y91.382 E.00943
G3 X83.523 Y86.652 I.189 J-2.385 E.22018
G1 X83.753 Y86.617 E.00746
G3 X84.139 Y86.608 I.251 J2.496 E.01246
G3 X84.188 Y91.383 I-.138 J2.389 E.23131
G1 X84.165 Y91.385 E.00072
M204 T1000
G1 X84.155 Y91.116 F18000
G1 X84.025 Y91.121
G1 X84.011 Y90.759
M204 P1000
;TYPE:Outer wall
;WIDTH:0.42
G1 F1532
G1 X84.41 Y90.708 E.01198
G2 X84.138 Y87.245 I-.402 J-1.711 E.14846
G2 X83.9 Y87.244 I-.129 J1.505 E.00711
G2 X83.952 Y90.754 I.108 J1.754 E.15954
M204 T2000
G1 X83.938 Y91.12 F18000
G1 X83.988 Y91.122
G1 X83.987 Y91.152
M204 P1500
;TYPE:Inner wall
;WIDTH:0.45
G1 F1532
G1 X84 Y91.152 E.00041
G2 X84.169 Y86.854 I.009 J-2.152 E.21252
G2 X83.872 Y86.852 I-.159 J1.872 E.00955
G2 X83.831 Y91.145 I.136 J2.148 E.20727
G1 X83.927 Y91.149 E.0031
G1 E-1.75 F6000
;WIPE_START
G1 X84 Y91.152 E-.05465
G1 X84.169 Y91.146 E-.12689
G1 X84.502 Y91.093 E-.25313
G1 X84.824 Y90.989 E-.25325
G1 X84.899 Y90.954 E-.06207
;WIPE_END
G1 X85.014 Y91.203 Z10.84 F18000
G1 X84.202 Y128.582
G1 X86.069 Y129.732
G1 X86.242 Y131.929
G1 X84.567 Y133.36
G1 X84.19 Y133.42
G1 X84.092 Y133.424
G1 X84.106 Y133.781
G1 Z10.64
G1 E2.5 F6000
M204 P1000
;TYPE:Outer wall
;WIDTH:0.42
G1 F1532
G1 X83.781 Y133.781 E.00967
G3 X83.564 Y128.244 I.211 J-2.781 E.2419
G3 X84.155 Y128.216 I.439 J2.983 E.01766
G3 X84.219 Y133.78 I-.163 J2.784 E.24934
G1 X84.166 Y133.781 E.00158
G1 X84.152 Y133.421 F18000
G1 X84.107 Y133.423
G1 X84.106 Y133.39
M204 P1500
;TYPE:Inner wall
;WIDTH:0.45
G1 F1532
G1 X83.812 Y133.382 E.00943
G3 X83.523 Y128.652 I.189 J-2.385 E.22018
G1 X83.753 Y128.617 E.00746
G3 X84.139 Y128.608 I.251 J2.496 E.01246
G3 X84.188 Y133.383 I-.138 J2.389 E.23131
G1 X84.165 Y133.385 E.00072
M204 T1000
G1 X84.155 Y133.116 F18000
G1 X84 Y133.122
G1 X83.958 Y133.121
G1 X83.972 Y132.757
M204 P1000
;TYPE:Outer wall
;WIDTH:0.42
G1 F1532
G1 X84 Y132.755 E.00082
G2 X84.138 Y129.245 I.008 J-1.757 E.16079
G2 X83.9 Y129.244 I-.129 J1.505 E.00711
G2 X83.591 Y132.705 I.108 J1.754 E.14866
G1 X83.913 Y132.749 E.00969
M204 T2000
G1 X83.898 Y133.118 F18000
G1 X83.988 Y133.122
G1 X83.987 Y133.152
M204 P1500
;TYPE:Inner wall
;WIDTH:0.45
G1 F1532
G1 X84 Y133.152 E.00041
G2 X84.169 Y128.854 I.009 J-2.152 E.21252
G2 X83.872 Y128.852 I-.159 J1.872 E.00955
G2 X83.831 Y133.145 I.136 J2.148 E.20727
G1 X83.927 Y133.149 E.0031
G1 E-1.75 F6000
;WIPE_START
G1 X84 Y133.152 E-.05466
G1 X84.169 Y133.146 E-.12689
G1 X84.502 Y133.093 E-.25313
G1 X84.824 Y132.989 E-.25325
G1 X84.899 Y132.954 E-.06206
;WIPE_END
G1 X85.014 Y133.203 Z10.84 F18000
G1 X136.092 Y133.424
G1 X136.106 Y133.781
G1 Z10.64
G1 E2.5 F6000
M204 P1000
;TYPE:Outer wall
;WIDTH:0.42
G1 F1532
G1 X135.781 Y133.781 E.00967
G3 X135.564 Y128.244 I.211 J-2.781 E.2419
G3 X136.155 Y128.216 I.439 J2.983 E.01766
G3 X136.219 Y133.78 I-.163 J2.784 E.24934
G1 X136.166 Y133.781 E.00158
G1 X136.152 Y133.421 F18000
G1 X136.107 Y133.423
G1 X136.106 Y133.39
M204 P1500
;TYPE:Inner wall
;WIDTH:0.45
G1 F1532
G1 X135.812 Y133.382 E.00943
G3 X135.523 Y128.652 I.189 J-2.385 E.22018
G1 X135.753 Y128.617 E.00746
G3 X136.139 Y128.608 I.251 J2.496 E.01246
G3 X136.188 Y133.383 I-.138 J2.389 E.23131
G1 X136.165 Y133.385 E.00072
M204 T1000
G1 X136.155 Y133.116 F18000
G1 X136 Y133.122
G1 X135.958 Y133.121
G1 X135.972 Y132.757
M204 P1000
;TYPE:Outer wall
;WIDTH:0.42
G1 F1532
G1 X136 Y132.755 E.00082
G2 X136.138 Y129.245 I.008 J-1.757 E.16079
G2 X135.9 Y129.244 I-.129 J1.505 E.00711
G2 X135.591 Y132.705 I.108 J1.754 E.14866
G1 X135.913 Y132.749 E.00969
M204 T2000
G1 X135.898 Y133.118 F18000
G1 X136 Y133.122
G1 X136.012 Y133.122
G1 X136.013 Y133.152
M204 P1500
;TYPE:Inner wall
;WIDTH:0.45
G1 F1532
G1 X136.169 Y133.146 E.00503
G2 X136.169 Y128.854 I-.16 J-2.146 E.20708
G2 X135.872 Y128.852 I-.159 J1.872 E.00955
G2 X135.953 Y133.151 I.136 J2.148 E.2112
G1 E-1.75 F6000
;WIPE_START
G1 X136.169 Y133.146 E-.16219
G1 X136.502 Y133.093 E-.25313
G1 X136.824 Y132.989 E-.25325
G1 X136.922 Y132.943 E-.08142
;WIPE_END
G1 X136.91 Y132.916 Z10.84 F18000
G1 X136.964 Y132.891
G1 X137.109 Y132.81
G1 X137.247 Y132.717
G1 X137.378 Y132.614
G1 X137.501 Y132.501
G1 X137.614 Y132.378
G1 X137.717 Y132.247
G1 X137.81 Y132.109
G1 X137.891 Y131.964
G1 X137.961 Y131.812
G1 X138.018 Y131.656
G1 X138.064 Y131.495
G1 X138.096 Y131.332
G1 X138.116 Y131.167
G1 X138.122 Y131
G1 X138.116 Y130.833
G1 X138.096 Y130.668
G1 X138.064 Y130.505
G1 X138.018 Y130.344
G1 X137.961 Y130.188
G1 X137.891 Y130.036
G1 X137.81 Y129.891
G1 X137.717 Y129.753
G1 X137.614 Y129.622
G1 X136.838 Y128.724
G1 X136.092 Y91.424
G1 X136.106 Y91.781
G1 Z10.64
G1 E2.5 F6000
M204 P1000
;TYPE:Outer wall
;WIDTH:0.42
G1 F1532
G1 X135.781 Y91.781 E.00967
G3 X135.564 Y86.244 I.211 J-2.781 E.2419
G3 X136.155 Y86.216 I.439 J2.983 E.01766
G3 X136.219 Y91.78 I-.163 J2.784 E.24934
G1 X136.166 Y91.781 E.00158
G1 X136.152 Y91.421 F18000
G1 X136.107 Y91.423
G1 X136.106 Y91.39
M204 P1500
;TYPE:Inner wall
;WIDTH:0.45
G1 F1532
G1 X135.812 Y91.382 E.00943
G3 X135.523 Y86.652 I.189 J-2.385 E.22018
G1 X135.753 Y86.617 E.00746
G3 X136.139 Y86.608 I.251 J2.496 E.01246
G3 X136.188 Y91.383 I-.138 J2.389 E.23131
G1 X136.165 Y91.385 E.00072
M204 T1000
G1 X136.155 Y91.116 F18000
G1 X136 Y91.122
G1 X135.958 Y91.121
G1 X135.972 Y90.757
M204 P1000
;TYPE:Outer wall
;WIDTH:0.42
G1 F1532
G1 X136 Y90.755 E.00082
G2 X136.138 Y87.245 I.008 J-1.757 E.16079
G2 X135.9 Y87.244 I-.129 J1.505 E.00711
G2 X135.591 Y90.705 I.108 J1.754 E.14866
G1 X135.913 Y90.749 E.00969
M204 T2000
G1 X135.898 Y91.118 F18000
G1 X136 Y91.122
G1 X136.012 Y91.122
G1 X136.013 Y91.152
M204 P1500
;TYPE:Inner wall
;WIDTH:0.45
G1 F1532
G1 X136.169 Y91.146 E.00503
G2 X136.169 Y86.854 I-.16 J-2.146 E.20708
G2 X135.872 Y86.852 I-.159 J1.872 E.00955
G2 X135.953 Y91.151 I.136 J2.148 E.2112
; stop printing object base_plate.stl id:0 copy 0
;LAYER_CHANGE
;Z:10.84
;HEIGHT:0.2
G92 E0 ; zero the extruded length again
; BEFORE_LAYER_CHANGE 53 @ 10.84mm
G1 E-1.75 F6000
;WIPE_START
G1 X136.169 Y91.146 E-.16219
G1 X136.502 Y91.093 E-.25313
G1 X136.824 Y90.989 E-.25325
G1 X136.922 Y90.943 E-.08142
;WIPE_END
; AFTER_LAYER_CHANGE 53 @ 10.84mm
;_SET_FAN_SPEED_CHANGING_LAYER
; printing object base_plate.stl id:0 copy 0
G17
G3 Z11.04 I.553 J-.255 P1  F18000
G1 X136.91 Y90.916 Z11.04
G1 X136.812 Y90.961
G1 X136.656 Y91.018
G1 X136.495 Y91.064
G1 X136.332 Y91.096
G1 X136.167 Y91.116
G1 X136 Y91.122
G1 X135.833 Y91.116
G1 X134.598 Y90.98
G1 X84.081 Y91.424
G1 X84.095 Y91.781
G1 Z10.84
G1 E2.5 F6000
M204 P1000
;TYPE:Outer wall
;WIDTH:0.42
G1 F1532
G1 X83.781 Y91.781 E.00934
G3 X83.564 Y86.244 I.211 J-2.781 E.24187
G3 X84.161 Y86.216 I.44 J2.992 E.01783
G3 X84.219 Y91.78 I-.169 J2.784 E.2492
G1 X84.155 Y91.781 E.00191
G1 X84.141 Y91.422 F18000
G1 X84.096 Y91.423
G1 X84.095 Y91.39
M204 P1500
;TYPE:Inner wall
;WIDTH:0.45
G1 F1532
G1 X83.812 Y91.382 E.00908
G3 X83.521 Y86.653 I.189 J-2.385 E.22008
G1 X83.753 Y86.617 E.00754
G3 X84.145 Y86.608 I.252 J2.509 E.01264
G3 X84.188 Y91.383 I-.143 J2.389 E.23115
G1 X84.154 Y91.385 E.00107
M204 T1000
G1 X84.144 Y91.117 F18000
G1 X84.027 Y91.121
G1 X84.013 Y90.759
M204 P1000
;TYPE:Outer wall
;WIDTH:0.42
G1 F1532
G1 X84.41 Y90.708 E.01193
G2 X84.138 Y87.245 I-.403 J-1.71 E.14844
G2 X83.897 Y87.244 I-.129 J1.525 E.0072
G2 X83.954 Y90.754 I.111 J1.754 E.15953
M204 T2000
G1 X83.939 Y91.12 F18000
G1 X83.988 Y91.122
G1 X83.987 Y91.152
M204 P1500
;TYPE:Inner wall
;WIDTH:0.45
G1 F1532
G1 X84 Y91.152 E.00041
G2 X84.169 Y86.854 I.008 J-2.152 E.21249
G2 X83.869 Y86.853 I-.16 J1.893 E.00966
G2 X83.831 Y91.145 I.139 J2.147 E.20721
G1 X83.927 Y91.149 E.0031
G1 E-1.75 F6000
;WIPE_START
G1 X84 Y91.152 E-.05466
G1 X84.169 Y91.146 E-.1269
G1 X84.502 Y91.093 E-.25312
G1 X84.824 Y90.989 E-.25327
G1 X84.899 Y90.954 E-.06205
;WIPE_END
G1 X85.014 Y91.203 Z11.04 F18000
G1 X84.192 Y128.581
G1 X86.069 Y129.732
G1 X86.242 Y131.929
G1 X84.567 Y133.36
G1 X84.19 Y133.42
G1 X84.081 Y133.424
G1 X84.095 Y133.781
G1 Z10.84
G1 E2.5 F6000
M204 P1000
;TYPE:Outer wall
;WIDTH:0.42
G1 F1532
G1 X83.781 Y133.781 E.00934
G3 X83.564 Y128.244 I.211 J-2.781 E.24187
G3 X84.161 Y128.216 I.44 J2.991 E.01783
G3 X84.219 Y133.78 I-.169 J2.784 E.2492
G1 X84.155 Y133.781 E.00191
G1 X84.141 Y133.422 F18000
G1 X84.096 Y133.423
G1 X84.095 Y133.39
M204 P1500
;TYPE:Inner wall
;WIDTH:0.45
G1 F1532
G1 X83.812 Y133.382 E.00908
G3 X83.521 Y128.653 I.189 J-2.385 E.22008
G1 X83.753 Y128.617 E.00754
G3 X84.145 Y128.608 I.252 J2.509 E.01264
G3 X84.188 Y133.383 I-.143 J2.389 E.23115
G1 X84.154 Y133.385 E.00107
M204 T1000
G1 X84.144 Y133.117 F18000
G1 X84 Y133.122
G1 X83.961 Y133.121
G1 X83.975 Y132.757
M204 P1000
;TYPE:Outer wall
;WIDTH:0.42
G1 F1532
G1 X84 Y132.755 E.00075
G2 X84.138 Y129.245 I.007 J-1.757 E.16076
G2 X83.897 Y129.244 I-.129 J1.525 E.0072
G2 X83.591 Y132.705 I.111 J1.754 E.1486
G1 X83.915 Y132.749 E.00976
M204 T2000
G1 X83.901 Y133.118 F18000
G1 X83.988 Y133.122
G1 X83.987 Y133.152
M204 P1500
;TYPE:Inner wall
;WIDTH:0.45
G1 F1532
G1 X84 Y133.152 E.00041
G2 X84.169 Y128.854 I.008 J-2.152 E.21249
G2 X83.869 Y128.853 I-.16 J1.893 E.00966
G2 X83.831 Y133.145 I.139 J2.147 E.20721
G1 X83.927 Y133.149 E.0031
G1 E-1.75 F6000
;WIPE_START
G1 X84 Y133.152 E-.05466
G1 X84.169 Y133.146 E-.1269
G1 X84.502 Y133.093 E-.25312
G1 X84.824 Y132.989 E-.25327
G1 X84.899 Y132.954 E-.06205
;WIPE_END
G1 X85.014 Y133.203 Z11.04 F18000
G1 X136.081 Y133.424
G1 X136.095 Y133.781
G1 Z10.84
G1 E2.5 F6000
M204 P1000
;TYPE:Outer wall
;WIDTH:0.42
G1 F1532
G1 X135.781 Y133.781 E.00934
G3 X135.564 Y128.244 I.211 J-2.781 E.24187
G3 X136.161 Y128.216 I.44 J2.991 E.01783
G3 X136.219 Y133.78 I-.169 J2.784 E.2492
G1 X136.155 Y133.781 E.00191
G1 X136.141 Y133.422 F18000
G1 X136.096 Y133.423
G1 X136.095 Y133.39
M204 P1500
;TYPE:Inner wall
;WIDTH:0.45
G1 F1532
G1 X135.812 Y133.382 E.00908
G3 X135.521 Y128.653 I.189 J-2.385 E.22008
G1 X135.753 Y128.617 E.00754
G3 X136.145 Y128.608 I.252 J2.509 E.01264
G3 X136.188 Y133.383 I-.143 J2.389 E.23115
G1 X136.154 Y133.385 E.00107
M204 T1000
G1 X136.144 Y133.117 F18000
G1 X136 Y133.122
G1 X135.961 Y133.121
G1 X135.975 Y132.757
M204 P1000
;TYPE:Outer wall
;WIDTH:0.42
G1 F1532
G1 X136 Y132.755 E.00075
G2 X136.138 Y129.245 I.007 J-1.757 E.16076
G2 X135.897 Y129.244 I-.129 J1.525 E.0072
G2 X135.591 Y132.705 I.111 J1.754 E.1486
G1 X135.915 Y132.749 E.00976
M204 T2000
G1 X135.901 Y133.118 F18000
G1 X136 Y133.122
G1 X136.012 Y133.122
G1 X136.013 Y133.152
M204 P1500
;TYPE:Inner wall
;WIDTH:0.45
G1 F1532
G1 X136.169 Y133.146 E.00503
G2 X136.169 Y128.854 I-.161 J-2.146 E.20704
G2 X135.869 Y128.853 I-.16 J1.893 E.00966
G2 X135.953 Y133.151 I.139 J2.147 E.21114
G1 E-1.75 F6000
;WIPE_START
G1 X136.169 Y133.146 E-.16219
G1 X136.502 Y133.093 E-.25313
G1 X136.824 Y132.989 E-.25327
G1 X136.922 Y132.943 E-.08141
;WIPE_END
G1 X136.91 Y132.916 Z11.04 F18000
G1 X136.964 Y132.891
G1 X137.109 Y132.81
G1 X137.247 Y132.717
G1 X137.378 Y132.614
G1 X137.501 Y132.501
G1 X137.614 Y132.378
G1 X137.717 Y132.247
G1 X137.81 Y132.109
G1 X137.891 Y131.964
G1 X137.961 Y131.812
G1 X138.018 Y131.656
G1 X138.064 Y131.495
G1 X138.096 Y131.332
G1 X138.116 Y131.167
G1 X138.122 Y131
G1 X138.116 Y130.833
G1 X138.096 Y130.668
G1 X138.064 Y130.505
G1 X138.018 Y130.344
G1 X137.961 Y130.188
G1 X137.891 Y130.036
G1 X137.81 Y129.891
G1 X137.717 Y129.753
G1 X137.614 Y129.622
G1 X136.837 Y128.724
G1 X136.081 Y91.424
G1 X136.095 Y91.781
G1 Z10.84
G1 E2.5 F6000
M204 P1000
;TYPE:Outer wall
;WIDTH:0.42
G1 F1532
G1 X135.781 Y91.781 E.00934
G3 X135.564 Y86.244 I.211 J-2.781 E.24187
G3 X136.161 Y86.216 I.44 J2.992 E.01783
G3 X136.219 Y91.78 I-.169 J2.784 E.2492
G1 X136.155 Y91.781 E.00191
G1 X136.141 Y91.422 F18000
G1 X136.096 Y91.423
G1 X136.095 Y91.39
M204 P1500
;TYPE:Inner wall
;WIDTH:0.45
G1 F1532
G1 X135.812 Y91.382 E.00908
G3 X135.521 Y86.653 I.189 J-2.385 E.22008
G1 X135.753 Y86.617 E.00754
G3 X136.145 Y86.608 I.252 J2.509 E.01264
G3 X136.188 Y91.383 I-.143 J2.389 E.23115
G1 X136.154 Y91.385 E.00107
M204 T1000
G1 X136.144 Y91.117 F18000
G1 X136 Y91.122
G1 X135.961 Y91.121
G1 X135.975 Y90.757
M204 P1000
;TYPE:Outer wall
;WIDTH:0.42
G1 F1532
G1 X136 Y90.755 E.00075
G2 X136.138 Y87.245 I.007 J-1.757 E.16076
G2 X135.897 Y87.244 I-.129 J1.525 E.0072
G2 X135.591 Y90.705 I.111 J1.754 E.1486
G1 X135.915 Y90.749 E.00976
M204 T2000
G1 X135.901 Y91.118 F18000
G1 X136 Y91.122
G1 X136.012 Y91.122
G1 X136.013 Y91.152
M204 P1500
;TYPE:Inner wall
;WIDTH:0.45
G1 F1532
G1 X136.169 Y91.146 E.00503
G2 X136.169 Y86.854 I-.161 J-2.146 E.20704
G2 X135.869 Y86.853 I-.16 J1.893 E.00966
G2 X135.953 Y91.151 I.139 J2.147 E.21114
; stop printing object base_plate.stl id:0 copy 0
;LAYER_CHANGE
;Z:11.04
;HEIGHT:0.2
G92 E0 ; zero the extruded length again
; BEFORE_LAYER_CHANGE 54 @ 11.04mm
G1 E-1.75 F6000
;WIPE_START
G1 X136.169 Y91.146 E-.16219
G1 X136.502 Y91.093 E-.25313
G1 X136.824 Y90.989 E-.25327
G1 X136.922 Y90.943 E-.08141
;WIPE_END
; AFTER_LAYER_CHANGE 54 @ 11.04mm
;_SET_FAN_SPEED_CHANGING_LAYER
; printing object base_plate.stl id:0 copy 0
G17
G3 Z11.24 I.553 J-.255 P1  F18000
G1 X136.91 Y90.916 Z11.24
G1 X136.812 Y90.961
G1 X136.656 Y91.018
G1 X136.495 Y91.064
G1 X136.332 Y91.096
G1 X136.167 Y91.116
G1 X136 Y91.122
G1 X135.833 Y91.116
G1 X134.598 Y90.98
G1 X84.07 Y91.424
G1 X84.084 Y91.781
G1 Z11.04
G1 E2.5 F6000
M204 P1000
;TYPE:Outer wall
;WIDTH:0.42
G1 F1533
G1 X83.781 Y91.781 E.00902
G3 X83.564 Y86.244 I.212 J-2.781 E.24182
G3 X84.167 Y86.217 I.44 J3.001 E.01801
G3 X84.219 Y91.78 I-.174 J2.783 E.24904
G1 X84.144 Y91.781 E.00223
G1 X84.13 Y91.422 F18000
G1 X84.085 Y91.424
G1 X84.084 Y91.39
M204 P1500
;TYPE:Inner wall
;WIDTH:0.45
G1 F1533
G1 X83.812 Y91.389 E.00874
G3 X83.518 Y86.653 I.191 J-2.389 E.22027
G1 X83.517 Y86.645 E.00028
G3 X84.151 Y86.608 I.485 J2.906 E.02046
G3 X84.188 Y91.39 I-.149 J2.392 E.23134
G1 X84.144 Y91.39 E.00142
M204 T1000
G1 X84.133 Y91.117 F18000
G1 X84.029 Y91.121
G1 X84.015 Y90.759
M204 P1000
;TYPE:Outer wall
;WIDTH:0.42
G1 F1533
G1 X84.41 Y90.708 E.01187
G2 X84.138 Y87.245 I-.403 J-1.71 E.14841
G2 X83.894 Y87.244 I-.13 J1.544 E.00729
G2 X83.955 Y90.754 I.113 J1.754 E.15952
M204 T2000
G1 X83.941 Y91.12 F18000
G1 X83.988 Y91.122
G1 X83.987 Y91.152
M204 P1500
;TYPE:Inner wall
;WIDTH:0.45
G1 F1533
G1 X84 Y91.146 E.00046
G2 X84.169 Y86.854 I.008 J-2.149 E.21215
G2 X83.866 Y86.853 I-.16 J1.915 E.00976
G2 X83.832 Y91.139 I.142 J2.144 E.20686
G1 X83.927 Y91.147 E.00309
G1 E-1.75 F6000
;WIPE_START
G1 X84 Y91.146 E-.05453
G1 X84.169 Y91.146 E-.1268
G1 X84.502 Y91.093 E-.25314
G1 X84.824 Y90.989 E-.25325
G1 X84.899 Y90.954 E-.06229
;WIPE_END
G1 X85.014 Y91.203 Z11.24 F18000
G1 X84.183 Y128.58
G1 X86.069 Y129.732
G1 X86.242 Y131.929
G1 X84.567 Y133.36
G1 X84.19 Y133.42
G1 X84.07 Y133.424
G1 X84.084 Y133.781
G1 Z11.04
G1 E2.5 F6000
M204 P1000
;TYPE:Outer wall
;WIDTH:0.42
G1 F1533
G1 X83.781 Y133.781 E.00902
G3 X83.564 Y128.244 I.212 J-2.781 E.24182
G3 X84.167 Y128.217 I.44 J3 E.01801
G3 X84.219 Y133.78 I-.174 J2.783 E.24904
G1 X84.144 Y133.781 E.00223
G1 X84.13 Y133.422 F18000
G1 X84.085 Y133.424
G1 X84.084 Y133.39
M204 P1500
;TYPE:Inner wall
;WIDTH:0.45
G1 F1533
G1 X83.812 Y133.389 E.00874
G3 X83.518 Y128.653 I.191 J-2.389 E.22027
G1 X83.517 Y128.645 E.00028
G3 X84.151 Y128.608 I.485 J2.905 E.02046
G3 X84.188 Y133.39 I-.149 J2.392 E.23134
G1 X84.144 Y133.39 E.00142
M204 T1000
G1 X84.133 Y133.117 F18000
G1 X84 Y133.122
G1 X83.963 Y133.121
G1 X83.977 Y132.758
M204 P1000
;TYPE:Outer wall
;WIDTH:0.42
G1 F1533
G1 X84 Y132.755 E.00068
G2 X84.138 Y129.245 I.007 J-1.757 E.16073
G2 X83.894 Y129.244 I-.13 J1.544 E.00729
G2 X83.591 Y132.705 I.113 J1.754 E.14855
G1 X83.918 Y132.749 E.00983
M204 T2000
G1 X83.903 Y133.119 F18000
G1 X83.988 Y133.122
G1 X83.987 Y133.152
M204 P1500
;TYPE:Inner wall
;WIDTH:0.45
G1 F1533
G1 X84 Y133.146 E.00046
G2 X84.169 Y128.854 I.008 J-2.149 E.21215
G2 X83.866 Y128.853 I-.16 J1.915 E.00976
G2 X83.832 Y133.139 I.142 J2.144 E.20686
G1 X83.927 Y133.147 E.00309
G1 E-1.75 F6000
;WIPE_START
G1 X84 Y133.146 E-.05453
G1 X84.169 Y133.146 E-.1268
G1 X84.502 Y133.093 E-.25314
G1 X84.824 Y132.989 E-.25325
G1 X84.899 Y132.954 E-.06228
;WIPE_END
G1 X85.014 Y133.203 Z11.24 F18000
G1 X136.07 Y133.424
G1 X136.084 Y133.781
G1 Z11.04
G1 E2.5 F6000
M204 P1000
;TYPE:Outer wall
;WIDTH:0.42
G1 F1533
G1 X135.781 Y133.781 E.00902
G3 X135.564 Y128.244 I.212 J-2.781 E.24182
G3 X136.167 Y128.217 I.44 J3 E.01801
G3 X136.219 Y133.78 I-.174 J2.783 E.24904
G1 X136.144 Y133.781 E.00223
G1 X136.13 Y133.422 F18000
G1 X136.085 Y133.424
G1 X136.084 Y133.39
M204 P1500
;TYPE:Inner wall
;WIDTH:0.45
G1 F1533
G1 X135.812 Y133.389 E.00874
G3 X135.518 Y128.653 I.191 J-2.389 E.22027
G1 X135.517 Y128.645 E.00028
G3 X136.151 Y128.608 I.485 J2.905 E.02046
G3 X136.188 Y133.39 I-.149 J2.392 E.23134
G1 X136.144 Y133.39 E.00142
M204 T1000
G1 X136.133 Y133.117 F18000
G1 X136 Y133.122
G1 X135.963 Y133.121
G1 X135.977 Y132.758
M204 P1000
;TYPE:Outer wall
;WIDTH:0.42
G1 F1533
G1 X136 Y132.755 E.00068
G2 X136.138 Y129.245 I.007 J-1.757 E.16073
G2 X135.894 Y129.244 I-.13 J1.544 E.00729
G2 X135.591 Y132.705 I.113 J1.754 E.14855
G1 X135.918 Y132.749 E.00983
M204 T2000
G1 X135.903 Y133.119 F18000
G1 X136 Y133.122
G1 X136.012 Y133.122
G1 X136.013 Y133.152
M204 P1500
;TYPE:Inner wall
;WIDTH:0.45
G1 F1533
G1 X136.169 Y133.14 E.00502
G2 X136.169 Y128.854 I-.161 J-2.143 E.20672
G2 X135.866 Y128.853 I-.16 J1.915 E.00976
G2 X135.954 Y133.145 I.142 J2.144 E.21081
G1 E-1.75 F6000
;WIPE_START
G1 X136.169 Y133.14 E-.16079
G1 X136.502 Y133.093 E-.25281
G1 X136.824 Y132.989 E-.25325
G1 X136.924 Y132.942 E-.08315
;WIPE_END
G1 X136.912 Y132.915 Z11.24 F18000
G1 X136.964 Y132.891
G1 X137.109 Y132.81
G1 X137.247 Y132.717
G1 X137.378 Y132.614
G1 X137.501 Y132.501
G1 X137.614 Y132.378
G1 X137.717 Y132.247
G1 X137.81 Y132.109
G1 X137.891 Y131.964
G1 X137.961 Y131.812
G1 X138.018 Y131.656
G1 X138.064 Y131.495
G1 X138.096 Y131.332
G1 X138.116 Y131.167
G1 X138.122 Y131
G1 X138.116 Y130.833
G1 X138.096 Y130.663
G1 X138.054 Y130.471
G1 X138.018 Y130.344
G1 X137.961 Y130.188
G1 X137.891 Y130.036
G1 X137.81 Y129.891
G1 X137.717 Y129.753
G1 X137.614 Y129.622
G1 X136.838 Y128.724
G1 X136.07 Y91.424
G1 X136.084 Y91.781
G1 Z11.04
G1 E2.5 F6000
M204 P1000
;TYPE:Outer wall
;WIDTH:0.42
G1 F1533
G1 X135.781 Y91.781 E.00902
G3 X135.564 Y86.244 I.212 J-2.781 E.24182
G3 X136.167 Y86.217 I.44 J3.001 E.01801
G3 X136.219 Y91.78 I-.174 J2.783 E.24904
G1 X136.144 Y91.781 E.00223
G1 X136.13 Y91.422 F18000
G1 X136.085 Y91.424
G1 X136.084 Y91.39
M204 P1500
;TYPE:Inner wall
;WIDTH:0.45
G1 F1533
G1 X135.812 Y91.389 E.00874
G3 X135.518 Y86.653 I.191 J-2.389 E.22027
G1 X135.517 Y86.645 E.00028
G3 X136.151 Y86.608 I.485 J2.906 E.02046
G3 X136.188 Y91.39 I-.149 J2.392 E.23134
G1 X136.144 Y91.39 E.00142
M204 T1000
G1 X136.133 Y91.117 F18000
G1 X136 Y91.122
G1 X135.963 Y91.121
G1 X135.977 Y90.758
M204 P1000
;TYPE:Outer wall
;WIDTH:0.42
G1 F1533
G1 X136 Y90.755 E.00068
G2 X136.138 Y87.245 I.007 J-1.757 E.16073
G2 X135.894 Y87.244 I-.13 J1.544 E.00729
G2 X135.591 Y90.705 I.113 J1.754 E.14855
G1 X135.918 Y90.749 E.00983
M204 T2000
G1 X135.903 Y91.119 F18000
G1 X136 Y91.122
G1 X136.012 Y91.122
G1 X136.013 Y91.152
M204 P1500
;TYPE:Inner wall
;WIDTH:0.45
G1 F1533
G1 X136.169 Y91.14 E.00502
G2 X136.169 Y86.854 I-.161 J-2.143 E.20672
G2 X135.866 Y86.853 I-.16 J1.915 E.00976
G2 X135.954 Y91.145 I.142 J2.144 E.21081
; stop printing object base_plate.stl id:0 copy 0
;LAYER_CHANGE
;Z:11.24
;HEIGHT:0.2
G92 E0 ; zero the extruded length again
; BEFORE_LAYER_CHANGE 55 @ 11.24mm
G1 E-1.75 F6000
;WIPE_START
G1 X136.169 Y91.14 E-.16079
G1 X136.502 Y91.093 E-.25281
G1 X136.824 Y90.989 E-.25325
G1 X136.924 Y90.942 E-.08315
;WIPE_END
; AFTER_LAYER_CHANGE 55 @ 11.24mm
;_SET_FAN_SPEED_CHANGING_LAYER
; printing object base_plate.stl id:0 copy 0
G17
G3 Z11.44 I.553 J-.255 P1  F18000
G1 X136.912 Y90.915 Z11.44
G1 X136.812 Y90.961
G1 X136.656 Y91.018
G1 X136.495 Y91.064
G1 X136.332 Y91.096
G1 X136.167 Y91.116
G1 X136 Y91.122
G1 X135.833 Y91.116
G1 X134.597 Y90.979
G1 X84.057 Y91.425
G1 X84.071 Y91.784
G1 Z11.24
G1 E2.5 F6000
M204 P1000
;TYPE:Outer wall
;WIDTH:0.42
G1 F1532
G1 X84 Y91.788 E.00213
G3 X83.781 Y86.219 I-.01 J-2.789 E.25504
G3 X84.172 Y86.217 I.207 J2.499 E.01167
G3 X84.436 Y91.752 I-.183 J2.783 E.24216
G1 X84.131 Y91.779 E.00911
G1 X84.117 Y91.423 F18000
G1 X84.042 Y91.426
G1 X84.041 Y91.394
M204 P1500
;TYPE:Inner wall
;WIDTH:0.45
G1 F1532
G1 X84 Y91.396 E.00131
G3 X83.812 Y86.61 I-.007 J-2.396 E.23649
G3 X84.157 Y86.609 I.18 J2.205 E.01112
G3 X84.375 Y91.365 I-.164 J2.391 E.22448
G1 X84.101 Y91.389 E.00884
M204 T1000
G1 X84.09 Y91.119 F18000
G1 X84.031 Y91.121
G1 X84.016 Y90.758
M204 P1000
;TYPE:Outer wall
;WIDTH:0.42
G1 F1532
G1 X84.41 Y90.708 E.01182
G2 X84.138 Y87.245 I-.404 J-1.71 E.14838
G2 X83.891 Y87.244 I-.131 J1.563 E.00739
G2 X83.957 Y90.754 I.116 J1.753 E.15951
M204 T2000
G1 X83.942 Y91.12 F18000
G1 X83.988 Y91.122
G1 X83.987 Y91.152
M204 P1500
;TYPE:Inner wall
;WIDTH:0.45
G1 F1532
G1 X84 Y91.146 E.00046
G2 X84.169 Y86.854 I.007 J-2.149 E.21211
G2 X83.863 Y86.853 I-.161 J1.935 E.00987
G2 X83.831 Y91.139 I.145 J2.144 E.20679
G1 X83.927 Y91.147 E.00309
G1 E-1.75 F6000
;WIPE_START
G1 X84 Y91.146 E-.05453
G1 X84.169 Y91.146 E-.1268
G1 X84.502 Y91.093 E-.25313
G1 X84.824 Y90.989 E-.25327
G1 X84.899 Y90.954 E-.06228
;WIPE_END
G1 X85.014 Y91.203 Z11.44 F18000
G1 X84.172 Y128.579
G1 X86.069 Y129.732
G1 X86.242 Y131.929
G1 X84.567 Y133.36
G1 X84.19 Y133.42
G1 X84.057 Y133.425
G1 X84.071 Y133.784
G1 Z11.24
G1 E2.5 F6000
M204 P1000
;TYPE:Outer wall
;WIDTH:0.42
G1 F1532
G1 X84 Y133.788 E.00213
G3 X83.781 Y128.219 I-.01 J-2.789 E.25504
G3 X84.172 Y128.217 I.207 J2.499 E.01167
G3 X84.436 Y133.752 I-.183 J2.783 E.24216
G1 X84.131 Y133.779 E.00911
G1 X84.117 Y133.423 F18000
G1 X84.042 Y133.426
G1 X84.041 Y133.394
M204 P1500
;TYPE:Inner wall
;WIDTH:0.45
G1 F1532
G1 X84 Y133.396 E.00131
G3 X83.812 Y128.61 I-.007 J-2.396 E.23649
G3 X84.157 Y128.609 I.18 J2.205 E.01112
G3 X84.375 Y133.365 I-.164 J2.391 E.22448
G1 X84.101 Y133.389 E.00884
M204 T1000
G1 X84.09 Y133.119 F18000
G1 X84 Y133.122
G1 X83.965 Y133.121
G1 X83.98 Y132.758
M204 P1000
;TYPE:Outer wall
;WIDTH:0.42
G1 F1532
G1 X84 Y132.755 E.00062
G2 X84.138 Y129.245 I.006 J-1.757 E.1607
G2 X83.891 Y129.244 I-.131 J1.563 E.00739
G2 X83.591 Y132.705 I.116 J1.753 E.14849
G1 X83.92 Y132.75 E.0099
M204 T2000
G1 X83.906 Y133.119 F18000
G1 X83.988 Y133.122
G1 X83.987 Y133.152
M204 P1500
;TYPE:Inner wall
;WIDTH:0.45
G1 F1532
G1 X84 Y133.146 E.00046
G2 X84.169 Y128.854 I.007 J-2.149 E.21211
G2 X83.863 Y128.853 I-.161 J1.935 E.00987
G2 X83.831 Y133.139 I.145 J2.144 E.20679
G1 X83.927 Y133.147 E.00309
G1 E-1.75 F6000
;WIPE_START
G1 X84 Y133.146 E-.05453
G1 X84.169 Y133.146 E-.1268
G1 X84.502 Y133.093 E-.25313
G1 X84.824 Y132.989 E-.25327
G1 X84.899 Y132.954 E-.06227
;WIPE_END
G1 X85.014 Y133.203 Z11.44 F18000
G1 X136.057 Y133.425
G1 X136.071 Y133.784
G1 Z11.24
G1 E2.5 F6000
M204 P1000
;TYPE:Outer wall
;WIDTH:0.42
G1 F1532
G1 X136 Y133.788 E.00213
G3 X135.781 Y128.219 I-.01 J-2.789 E.25504
G3 X136.172 Y128.217 I.207 J2.499 E.01167
G3 X136.436 Y133.752 I-.183 J2.783 E.24216
G1 X136.131 Y133.779 E.00911
G1 X136.117 Y133.423 F18000
G1 X136.042 Y133.426
G1 X136.041 Y133.394
M204 P1500
;TYPE:Inner wall
;WIDTH:0.45
G1 F1532
G1 X136 Y133.396 E.00131
G3 X135.812 Y128.61 I-.007 J-2.396 E.23649
G3 X136.157 Y128.609 I.18 J2.205 E.01112
G3 X136.375 Y133.365 I-.164 J2.391 E.22448
G1 X136.101 Y133.389 E.00884
M204 T1000
G1 X136.09 Y133.119 F18000
G1 X136 Y133.122
G1 X135.965 Y133.121
G1 X135.98 Y132.758
M204 P1000
;TYPE:Outer wall
;WIDTH:0.42
G1 F1532
G1 X136 Y132.755 E.00062
G2 X136.138 Y129.245 I.006 J-1.757 E.1607
G2 X135.891 Y129.244 I-.131 J1.563 E.00739
G2 X135.591 Y132.705 I.116 J1.753 E.14849
G1 X135.92 Y132.75 E.0099
M204 T2000
G1 X135.906 Y133.119 F18000
G1 X136 Y133.122
G1 X136.012 Y133.122
G1 X136.013 Y133.152
M204 P1500
;TYPE:Inner wall
;WIDTH:0.45
G1 F1532
G1 X136.169 Y133.14 E.00502
G2 X136.169 Y128.854 I-.162 J-2.143 E.20668
G2 X135.863 Y128.853 I-.161 J1.935 E.00987
G2 X135.954 Y133.145 I.145 J2.144 E.21075
G1 E-1.75 F6000
;WIPE_START
G1 X136.169 Y133.14 E-.16079
G1 X136.502 Y133.093 E-.2528
G1 X136.824 Y132.989 E-.25327
G1 X136.924 Y132.942 E-.08314
;WIPE_END
G1 X136.912 Y132.915 Z11.44 F18000
G1 X136.964 Y132.891
G1 X137.109 Y132.81
G1 X137.247 Y132.717
G1 X137.378 Y132.614
G1 X137.501 Y132.501
G1 X137.614 Y132.378
G1 X137.717 Y132.247
G1 X137.81 Y132.109
G1 X137.891 Y131.964
G1 X137.961 Y131.812
G1 X138.018 Y131.656
G1 X138.064 Y131.495
G1 X138.096 Y131.332
G1 X138.116 Y131.167
G1 X138.122 Y131
G1 X138.116 Y130.833
G1 X138.096 Y130.668
G1 X138.064 Y130.505
G1 X138.018 Y130.344
G1 X137.961 Y130.188
G1 X137.891 Y130.036
G1 X137.81 Y129.891
G1 X137.717 Y129.753
G1 X137.614 Y129.622
G1 X136.837 Y128.724
G1 X136.057 Y91.425
G1 X136.071 Y91.784
G1 Z11.24
G1 E2.5 F6000
M204 P1000
;TYPE:Outer wall
;WIDTH:0.42
G1 F1532
G1 X136 Y91.788 E.00213
G3 X135.781 Y86.219 I-.01 J-2.789 E.25504
G3 X136.172 Y86.217 I.207 J2.499 E.01167
G3 X136.436 Y91.752 I-.183 J2.783 E.24216
G1 X136.131 Y91.779 E.00911
G1 X136.117 Y91.423 F18000
G1 X136.042 Y91.426
G1 X136.041 Y91.394
M204 P1500
;TYPE:Inner wall
;WIDTH:0.45
G1 F1532
G1 X136 Y91.396 E.00131
G3 X135.812 Y86.61 I-.007 J-2.396 E.23649
G3 X136.157 Y86.609 I.18 J2.205 E.01112
G3 X136.375 Y91.365 I-.164 J2.391 E.22448
G1 X136.101 Y91.389 E.00884
M204 T1000
G1 X136.09 Y91.119 F18000
G1 X136 Y91.122
G1 X135.965 Y91.121
G1 X135.98 Y90.758
M204 P1000
;TYPE:Outer wall
;WIDTH:0.42
G1 F1532
G1 X136 Y90.755 E.00062
G2 X136.138 Y87.245 I.006 J-1.757 E.1607
G2 X135.891 Y87.244 I-.131 J1.563 E.00739
G2 X135.591 Y90.705 I.116 J1.753 E.14849
G1 X135.92 Y90.75 E.0099
M204 T2000
G1 X135.906 Y91.119 F18000
G1 X136 Y91.122
G1 X136.012 Y91.122
G1 X136.013 Y91.152
M204 P1500
;TYPE:Inner wall
;WIDTH:0.45
G1 F1532
G1 X136.169 Y91.14 E.00502
G2 X136.169 Y86.854 I-.162 J-2.143 E.20668
G2 X135.863 Y86.853 I-.161 J1.935 E.00987
G2 X135.954 Y91.145 I.145 J2.144 E.21075
; stop printing object base_plate.stl id:0 copy 0
;LAYER_CHANGE
;Z:11.44
;HEIGHT:0.2
G92 E0 ; zero the extruded length again
; BEFORE_LAYER_CHANGE 56 @ 11.44mm
G1 E-1.75 F6000
;WIPE_START
G1 X136.169 Y91.14 E-.16079
G1 X136.502 Y91.093 E-.2528
G1 X136.824 Y90.989 E-.25327
G1 X136.924 Y90.942 E-.08314
;WIPE_END
; AFTER_LAYER_CHANGE 56 @ 11.44mm
;_SET_FAN_SPEED_CHANGING_LAYER
; printing object base_plate.stl id:0 copy 0
G17
G3 Z11.64 I.553 J-.255 P1  F18000
G1 X136.912 Y90.915 Z11.64
G1 X136.812 Y90.961
G1 X136.656 Y91.018
G1 X136.495 Y91.064
G1 X136.332 Y91.096
G1 X136.167 Y91.116
G1 X136 Y91.122
G1 X135.833 Y91.116
G1 X134.597 Y90.979
G1 X84.047 Y91.425
G1 X84.061 Y91.785
G1 Z11.44
G1 E2.5 F6000
M204 P1000
;TYPE:Outer wall
;WIDTH:0.42
G1 F1533
G1 X84 Y91.788 E.00182
G3 X83.781 Y86.219 I-.009 J-2.789 E.25497
G3 X84.178 Y86.217 I.209 J2.537 E.01185
G3 X84.436 Y91.752 I-.188 J2.782 E.24205
G1 X84.121 Y91.78 E.00942
G1 X84.107 Y91.423 F18000
G1 X84.032 Y91.426
G1 X84.03 Y91.395
M204 P1500
;TYPE:Inner wall
;WIDTH:0.45
G1 F1533
G1 X84 Y91.396 E.00097
G3 X83.812 Y86.61 I-.006 J-2.396 E.23642
G3 X84.163 Y86.609 I.182 J2.243 E.0113
G3 X84.375 Y91.365 I-.169 J2.391 E.22437
G1 X84.09 Y91.39 E.00918
M204 T1000
G1 X84.079 Y91.119 F18000
G1 X84.032 Y91.121
G1 X84.018 Y90.758
M204 P1000
;TYPE:Outer wall
;WIDTH:0.42
G1 F1533
G1 X84.41 Y90.708 E.01177
G2 X84.138 Y87.245 I-.404 J-1.71 E.14834
G2 X83.887 Y87.244 I-.132 J1.583 E.00748
G2 X83.958 Y90.754 I.118 J1.753 E.15951
M204 T2000
G1 X83.944 Y91.12 F18000
G1 X83.988 Y91.122
G1 X83.987 Y91.152
M204 P1500
;TYPE:Inner wall
;WIDTH:0.45
G1 F1533
G1 X84 Y91.146 E.00046
G2 X84.169 Y86.854 I.006 J-2.149 E.21207
G2 X83.859 Y86.853 I-.162 J1.956 E.00997
G2 X83.831 Y91.139 I.147 J2.144 E.20673
G1 X83.927 Y91.147 E.00309
G1 E-1.75 F6000
;WIPE_START
G1 X84 Y91.146 E-.05453
G1 X84.169 Y91.146 E-.1268
G1 X84.502 Y91.093 E-.25314
G1 X84.824 Y90.989 E-.25325
G1 X84.899 Y90.954 E-.06228
;WIPE_END
G1 X85.014 Y91.203 Z11.64 F18000
G1 X84.163 Y128.579
G1 X86.069 Y129.732
G1 X86.242 Y131.929
G1 X84.567 Y133.36
G1 X84.19 Y133.42
G1 X84.047 Y133.425
G1 X84.061 Y133.785
G1 Z11.44
G1 E2.5 F6000
M204 P1000
;TYPE:Outer wall
;WIDTH:0.42
G1 F1533
G1 X84 Y133.788 E.00182
G3 X83.781 Y128.219 I-.009 J-2.789 E.25497
G3 X84.178 Y128.217 I.209 J2.537 E.01185
G3 X84.436 Y133.752 I-.188 J2.782 E.24205
G1 X84.121 Y133.78 E.00942
G1 X84.107 Y133.423 F18000
G1 X84.032 Y133.426
G1 X84.03 Y133.395
M204 P1500
;TYPE:Inner wall
;WIDTH:0.45
G1 F1533
G1 X84 Y133.396 E.00097
G3 X83.812 Y128.61 I-.006 J-2.396 E.23642
G3 X84.163 Y128.609 I.182 J2.243 E.0113
G3 X84.375 Y133.365 I-.169 J2.391 E.22437
G1 X84.09 Y133.39 E.00918
M204 T1000
G1 X84.079 Y133.119 F18000
G1 X84 Y133.122
G1 X83.968 Y133.121
G1 X83.982 Y132.758
M204 P1000
;TYPE:Outer wall
;WIDTH:0.42
G1 F1533
G1 X84 Y132.755 E.00055
G2 X84.138 Y129.245 I.006 J-1.757 E.16066
G2 X83.887 Y129.244 I-.132 J1.583 E.00748
G2 X83.591 Y132.705 I.118 J1.753 E.14844
G1 X83.922 Y132.75 E.00997
M204 T2000
G1 X83.908 Y133.119 F18000
G1 X83.988 Y133.122
G1 X83.987 Y133.152
M204 P1500
;TYPE:Inner wall
;WIDTH:0.45
G1 F1533
G1 X84 Y133.146 E.00046
G2 X84.169 Y128.854 I.006 J-2.149 E.21207
G2 X83.859 Y128.853 I-.162 J1.956 E.00997
G2 X83.831 Y133.139 I.147 J2.144 E.20673
G1 X83.927 Y133.147 E.00309
G1 E-1.75 F6000
;WIPE_START
G1 X84 Y133.146 E-.05453
G1 X84.169 Y133.146 E-.1268
G1 X84.502 Y133.093 E-.25314
G1 X84.824 Y132.989 E-.25325
G1 X84.899 Y132.954 E-.06228
;WIPE_END
G1 X85.014 Y133.203 Z11.64 F18000
G1 X136.047 Y133.425
G1 X136.061 Y133.785
G1 Z11.44
G1 E2.5 F6000
M204 P1000
;TYPE:Outer wall
;WIDTH:0.42
G1 F1533
G1 X136 Y133.788 E.00182
G3 X135.781 Y128.219 I-.009 J-2.789 E.25497
G3 X136.178 Y128.217 I.209 J2.537 E.01185
G3 X136.436 Y133.752 I-.188 J2.782 E.24205
G1 X136.121 Y133.78 E.00942
G1 X136.107 Y133.423 F18000
G1 X136.032 Y133.426
G1 X136.03 Y133.395
M204 P1500
;TYPE:Inner wall
;WIDTH:0.45
G1 F1533
G1 X136 Y133.396 E.00097
G3 X135.812 Y128.61 I-.006 J-2.396 E.23642
G3 X136.163 Y128.609 I.182 J2.243 E.0113
G3 X136.375 Y133.365 I-.169 J2.391 E.22437
G1 X136.09 Y133.39 E.00918
M204 T1000
G1 X136.079 Y133.119 F18000
G1 X136 Y133.122
G1 X135.968 Y133.121
G1 X135.982 Y132.758
M204 P1000
;TYPE:Outer wall
;WIDTH:0.42
G1 F1533
G1 X136 Y132.755 E.00055
G2 X136.138 Y129.245 I.006 J-1.757 E.16066
G2 X135.887 Y129.244 I-.132 J1.583 E.00748
G2 X135.591 Y132.705 I.118 J1.753 E.14844
G1 X135.922 Y132.75 E.00997
M204 T2000
G1 X135.908 Y133.119 F18000
G1 X136 Y133.122
G1 X136.012 Y133.122
G1 X136.013 Y133.152
M204 P1500
;TYPE:Inner wall
;WIDTH:0.45
G1 F1533
G1 X136.169 Y133.14 E.00502
G2 X136.169 Y128.854 I-.162 J-2.143 E.20664
G2 X135.859 Y128.853 I-.162 J1.956 E.00997
G2 X135.954 Y133.145 I.147 J2.144 E.21069
G1 E-1.75 F6000
;WIPE_START
G1 X136.169 Y133.14 E-.16079
G1 X136.502 Y133.093 E-.25281
G1 X136.824 Y132.989 E-.25325
G1 X136.924 Y132.942 E-.08315
;WIPE_END
G1 X136.912 Y132.915 Z11.64 F18000
G1 X136.964 Y132.891
G1 X137.109 Y132.81
G1 X137.247 Y132.717
G1 X137.378 Y132.614
G1 X137.501 Y132.501
G1 X137.614 Y132.378
G1 X137.717 Y132.247
G1 X137.81 Y132.109
G1 X137.891 Y131.964
G1 X137.961 Y131.812
G1 X138.018 Y131.656
G1 X138.064 Y131.495
G1 X138.096 Y131.332
G1 X138.116 Y131.167
G1 X138.122 Y131
G1 X138.116 Y130.833
G1 X138.096 Y130.668
G1 X138.064 Y130.505
G1 X138.018 Y130.344
G1 X137.961 Y130.188
G1 X137.891 Y130.036
G1 X137.81 Y129.891
G1 X137.717 Y129.753
G1 X137.614 Y129.622
G1 X136.836 Y128.723
G1 X136.047 Y91.425
G1 X136.061 Y91.785
G1 Z11.44
G1 E2.5 F6000
M204 P1000
;TYPE:Outer wall
;WIDTH:0.42
G1 F1533
G1 X136 Y91.788 E.00182
G3 X135.781 Y86.219 I-.009 J-2.789 E.25497
G3 X136.178 Y86.217 I.209 J2.537 E.01185
G3 X136.436 Y91.752 I-.188 J2.782 E.24205
G1 X136.121 Y91.78 E.00942
G1 X136.107 Y91.423 F18000
G1 X136.032 Y91.426
G1 X136.03 Y91.395
M204 P1500
;TYPE:Inner wall
;WIDTH:0.45
G1 F1533
G1 X136 Y91.396 E.00097
G3 X135.812 Y86.61 I-.006 J-2.396 E.23642
G3 X136.163 Y86.609 I.182 J2.243 E.0113
G3 X136.375 Y91.365 I-.169 J2.391 E.22437
G1 X136.09 Y91.39 E.00918
M204 T1000
G1 X136.079 Y91.119 F18000
G1 X136 Y91.122
G1 X135.968 Y91.121
G1 X135.982 Y90.758
M204 P1000
;TYPE:Outer wall
;WIDTH:0.42
G1 F1533
G1 X136 Y90.755 E.00055
G2 X136.138 Y87.245 I.006 J-1.757 E.16066
G2 X135.887 Y87.244 I-.132 J1.583 E.00748
G2 X135.591 Y90.705 I.118 J1.753 E.14844
G1 X135.922 Y90.75 E.00997
M204 T2000
G1 X135.908 Y91.119 F18000
G1 X136 Y91.122
G1 X136.012 Y91.122
G1 X136.013 Y91.152
M204 P1500
;TYPE:Inner wall
;WIDTH:0.45
G1 F1533
G1 X136.169 Y91.14 E.00502
G2 X136.169 Y86.854 I-.162 J-2.143 E.20664
G2 X135.859 Y86.853 I-.162 J1.956 E.00997
G2 X135.954 Y91.145 I.147 J2.144 E.21069
; stop printing object base_plate.stl id:0 copy 0
;LAYER_CHANGE
;Z:11.64
;HEIGHT:0.200001
G92 E0 ; zero the extruded length again
; BEFORE_LAYER_CHANGE 57 @ 11.64mm
G1 E-1.75 F6000
;WIPE_START
G1 X136.169 Y91.14 E-.16079
G1 X136.502 Y91.093 E-.25281
G1 X136.824 Y90.989 E-.25325
G1 X136.924 Y90.942 E-.08315
;WIPE_END
; AFTER_LAYER_CHANGE 57 @ 11.64mm
;_SET_FAN_SPEED_CHANGING_LAYER
; printing object base_plate.stl id:0 copy 0
G17
G3 Z11.84 I.553 J-.255 P1  F18000
G1 X136.912 Y90.915 Z11.84
G1 X136.812 Y90.961
G1 X136.656 Y91.018
G1 X136.495 Y91.064
G1 X136.332 Y91.096
G1 X136.167 Y91.116
G1 X136 Y91.122
G1 X135.833 Y91.116
G1 X134.597 Y90.979
G1 X84.037 Y91.426
G1 X84.051 Y91.786
G1 Z11.64
G1 E2.5 F6000
M204 P1000
;TYPE:Outer wall
;WIDTH:0.42
G1 F1533
G1 X84 Y91.788 E.00151
G3 X83.781 Y86.219 I-.008 J-2.789 E.2549
G3 X84.184 Y86.217 I.21 J2.574 E.01202
G3 X84.436 Y91.752 I-.192 J2.782 E.24195
G1 X84.111 Y91.781 E.00973
G1 X84.096 Y91.423 F18000
G1 X84.021 Y91.426
G1 X84.02 Y91.396
M204 P1500
;TYPE:Inner wall
;WIDTH:0.45
G1 F1533
G1 X84 Y91.396 E.00065
G3 X84 Y86.603 I-.009 J-2.397 E.24271
G1 X84.169 Y86.609 E.00544
G3 X84.375 Y91.365 I-.178 J2.39 E.22401
G1 X84.08 Y91.391 E.00951
M204 T1000
G1 X84.069 Y91.12 F18000
G1 X84.034 Y91.121
G1 X84.02 Y90.758
M204 P1000
;TYPE:Outer wall
;WIDTH:0.42
G1 F1533
G1 X84.41 Y90.708 E.01172
G2 X84.138 Y87.245 I-.405 J-1.71 E.14831
G2 X83.884 Y87.244 I-.133 J1.602 E.00757
G2 X83.96 Y90.754 I.121 J1.753 E.1595
M204 T2000
G1 X83.946 Y91.12 F18000
G1 X83.988 Y91.122
G1 X83.987 Y91.152
M204 P1500
;TYPE:Inner wall
;WIDTH:0.45
G1 F1533
G1 X84 Y91.146 E.00046
G2 X84.169 Y86.854 I.006 J-2.149 E.21203
G2 X83.856 Y86.853 I-.163 J1.977 E.01008
G2 X83.831 Y91.139 I.15 J2.144 E.20667
G1 X83.927 Y91.147 E.00309
G1 E-1.75 F6000
;WIPE_START
G1 X84 Y91.146 E-.05453
G1 X84.169 Y91.146 E-.12681
G1 X84.502 Y91.093 E-.25313
G1 X84.824 Y90.989 E-.25327
G1 X84.899 Y90.954 E-.06227
;WIPE_END
G1 X85.014 Y91.203 Z11.84 F18000
G1 X84.154 Y128.578
G1 X86.069 Y129.732
G1 X86.242 Y131.929
G1 X84.567 Y133.36
G1 X84.19 Y133.42
G1 X84.037 Y133.426
G1 X84.051 Y133.786
G1 Z11.64
G1 E2.5 F6000
M204 P1000
;TYPE:Outer wall
;WIDTH:0.42
G1 F1533
G1 X84 Y133.788 E.00151
G3 X83.781 Y128.219 I-.008 J-2.789 E.2549
G3 X84.184 Y128.217 I.21 J2.574 E.01202
G3 X84.436 Y133.752 I-.192 J2.782 E.24195
G1 X84.111 Y133.781 E.00973
G1 X84.096 Y133.423 F18000
G1 X84.021 Y133.426
G1 X84.02 Y133.396
M204 P1500
;TYPE:Inner wall
;WIDTH:0.45
G1 F1533
G1 X84 Y133.396 E.00065
G3 X84 Y128.603 I-.009 J-2.397 E.24271
G1 X84.169 Y128.609 E.00544
G3 X84.375 Y133.365 I-.178 J2.39 E.22401
G1 X84.08 Y133.391 E.00951
M204 T1000
G1 X84.069 Y133.12 F18000
G1 X84 Y133.122
G1 X83.97 Y133.121
G1 X83.984 Y132.758
M204 P1000
;TYPE:Outer wall
;WIDTH:0.42
G1 F1533
G1 X84 Y132.755 E.00049
G2 X84.138 Y129.245 I.005 J-1.757 E.16063
G2 X83.884 Y129.244 I-.133 J1.602 E.00757
G2 X83.591 Y132.705 I.121 J1.753 E.14838
G1 X83.925 Y132.75 E.01004
M204 T2000
G1 X83.91 Y133.119 F18000
G1 X83.988 Y133.122
G1 X83.987 Y133.152
M204 P1500
;TYPE:Inner wall
;WIDTH:0.45
G1 F1533
G1 X84 Y133.146 E.00046
G2 X84.169 Y128.854 I.006 J-2.149 E.21203
G2 X83.856 Y128.853 I-.163 J1.977 E.01008
G2 X83.831 Y133.139 I.15 J2.144 E.20667
G1 X83.927 Y133.147 E.00309
G1 E-1.75 F6000
;WIPE_START
G1 X84 Y133.146 E-.05453
G1 X84.169 Y133.146 E-.12681
G1 X84.502 Y133.093 E-.25313
G1 X84.824 Y132.989 E-.25327
G1 X84.899 Y132.954 E-.06227
;WIPE_END
G1 X85.014 Y133.203 Z11.84 F18000
G1 X136.037 Y133.426
G1 X136.051 Y133.786
G1 Z11.64
G1 E2.5 F6000
M204 P1000
;TYPE:Outer wall
;WIDTH:0.42
G1 F1533
G1 X136 Y133.788 E.00151
G3 X135.781 Y128.219 I-.008 J-2.789 E.2549
G3 X136.184 Y128.217 I.21 J2.574 E.01202
G3 X136.436 Y133.752 I-.192 J2.782 E.24195
G1 X136.111 Y133.781 E.00973
G1 X136.096 Y133.423 F18000
G1 X136.021 Y133.426
G1 X136.02 Y133.396
M204 P1500
;TYPE:Inner wall
;WIDTH:0.45
G1 F1533
G1 X136 Y133.396 E.00065
G3 X136 Y128.603 I-.009 J-2.397 E.24271
G1 X136.169 Y128.609 E.00544
G3 X136.375 Y133.365 I-.178 J2.39 E.22401
G1 X136.08 Y133.391 E.00951
M204 T1000
G1 X136.069 Y133.12 F18000
G1 X136 Y133.122
G1 X135.97 Y133.121
G1 X135.984 Y132.758
M204 P1000
;TYPE:Outer wall
;WIDTH:0.42
G1 F1533
G1 X136 Y132.755 E.00049
G2 X136.138 Y129.245 I.005 J-1.757 E.16063
G2 X135.884 Y129.244 I-.133 J1.602 E.00757
G2 X135.591 Y132.705 I.121 J1.753 E.14838
G1 X135.925 Y132.75 E.01004
M204 T2000
G1 X135.91 Y133.119 F18000
G1 X136 Y133.122
G1 X136.012 Y133.122
G1 X136.013 Y133.152
M204 P1500
;TYPE:Inner wall
;WIDTH:0.45
G1 F1533
G1 X136.169 Y133.14 E.00502
G2 X136.169 Y128.854 I-.163 J-2.143 E.2066
G2 X135.856 Y128.853 I-.163 J1.977 E.01008
G2 X135.954 Y133.145 I.15 J2.144 E.21063
G1 E-1.75 F6000
;WIPE_START
G1 X136.169 Y133.14 E-.16079
G1 X136.502 Y133.093 E-.25279
G1 X136.824 Y132.989 E-.25327
G1 X136.924 Y132.942 E-.08315
;WIPE_END
G1 X136.912 Y132.915 Z11.84 F18000
G1 X136.964 Y132.891
G1 X137.109 Y132.81
G1 X137.247 Y132.717
G1 X137.378 Y132.614
G1 X137.501 Y132.501
G1 X137.614 Y132.378
G1 X137.717 Y132.247
G1 X137.81 Y132.109
G1 X137.891 Y131.964
G1 X137.961 Y131.812
G1 X138.018 Y131.656
G1 X138.064 Y131.495
G1 X138.096 Y131.332
G1 X138.116 Y131.167
G1 X138.122 Y131
G1 X138.116 Y130.833
G1 X138.096 Y130.668
G1 X138.064 Y130.505
G1 X138.018 Y130.344
G1 X137.961 Y130.188
G1 X137.891 Y130.036
G1 X137.81 Y129.891
G1 X137.717 Y129.753
G1 X137.614 Y129.622
G1 X136.835 Y128.723
G1 X136.037 Y91.426
G1 X136.051 Y91.786
G1 Z11.64
G1 E2.5 F6000
M204 P1000
;TYPE:Outer wall
;WIDTH:0.42
G1 F1533
G1 X136 Y91.788 E.00151
G3 X135.781 Y86.219 I-.008 J-2.789 E.2549
G3 X136.184 Y86.217 I.21 J2.574 E.01202
G3 X136.436 Y91.752 I-.192 J2.782 E.24195
G1 X136.111 Y91.781 E.00973
G1 X136.096 Y91.423 F18000
G1 X136.021 Y91.426
G1 X136.02 Y91.396
M204 P1500
;TYPE:Inner wall
;WIDTH:0.45
G1 F1533
G1 X136 Y91.396 E.00065
G3 X136 Y86.603 I-.009 J-2.397 E.24271
G1 X136.169 Y86.609 E.00544
G3 X136.375 Y91.365 I-.178 J2.39 E.22401
G1 X136.08 Y91.391 E.00951
M204 T1000
G1 X136.069 Y91.12 F18000
G1 X136 Y91.122
G1 X135.97 Y91.121
G1 X135.984 Y90.758
M204 P1000
;TYPE:Outer wall
;WIDTH:0.42
G1 F1533
G1 X136 Y90.755 E.00049
G2 X136.138 Y87.245 I.005 J-1.757 E.16063
G2 X135.884 Y87.244 I-.133 J1.602 E.00757
G2 X135.591 Y90.705 I.121 J1.753 E.14838
G1 X135.925 Y90.75 E.01004
M204 T2000
G1 X135.91 Y91.119 F18000
G1 X136 Y91.122
G1 X136.012 Y91.122
G1 X136.013 Y91.152
M204 P1500
;TYPE:Inner wall
;WIDTH:0.45
G1 F1533
G1 X136.169 Y91.14 E.00502
G2 X136.169 Y86.854 I-.163 J-2.143 E.2066
G2 X135.856 Y86.853 I-.163 J1.977 E.01008
G2 X135.954 Y91.145 I.15 J2.144 E.21063
; stop printing object base_plate.stl id:0 copy 0
;LAYER_CHANGE
;Z:11.84
;HEIGHT:0.2
G92 E0 ; zero the extruded length again
; BEFORE_LAYER_CHANGE 58 @ 11.84mm
G1 E-1.75 F6000
;WIPE_START
G1 X136.169 Y91.14 E-.16079
G1 X136.502 Y91.093 E-.25279
G1 X136.824 Y90.989 E-.25327
G1 X136.924 Y90.942 E-.08315
;WIPE_END
; AFTER_LAYER_CHANGE 58 @ 11.84mm
;_SET_FAN_SPEED_CHANGING_LAYER
; printing object base_plate.stl id:0 copy 0
G17
G3 Z12.04 I.553 J-.255 P1  F18000
G1 X136.912 Y90.915 Z12.04
G1 X136.812 Y90.961
G1 X136.656 Y91.018
G1 X136.495 Y91.064
G1 X136.332 Y91.096
G1 X136.167 Y91.116
G1 X136 Y91.122
G1 X135.833 Y91.116
G1 X134.597 Y90.98
G1 X84.027 Y91.426
G1 X84.041 Y91.787
G1 Z11.84
G1 E2.5 F6000
M204 P1000
;TYPE:Outer wall
;WIDTH:0.42
G1 F1533
G1 X84 Y91.788 E.00122
G3 X83.781 Y86.219 I-.007 J-2.789 E.25483
G3 X84.19 Y86.218 I.212 J2.612 E.0122
G3 X84.436 Y91.753 I-.197 J2.782 E.24185
G1 X84.101 Y91.781 E.01003
G1 X84.087 Y91.424 F18000
G1 X84.011 Y91.427
G1 X84.01 Y91.397
M204 P1500
;TYPE:Inner wall
;WIDTH:0.45
G1 F1533
G1 X84 Y91.39 E.00039
G3 X84 Y86.603 I-.006 J-2.394 E.24221
G1 X84.175 Y86.609 E.00563
G3 X84.374 Y91.36 I-.181 J2.387 E.22375
G1 X84.07 Y91.391 E.00982
M204 T1000
G1 X84.059 Y91.12 F18000
G1 X84.035 Y91.121
G1 X84.021 Y90.758
M204 P1000
;TYPE:Outer wall
;WIDTH:0.42
G1 F1533
G1 X84.411 Y90.712 E.01169
G2 X84 Y87.24 I-.401 J-1.713 E.15289
G1 X83.881 Y87.244 E.00354
G2 X83.961 Y90.758 I.129 J1.755 E.15935
M204 T2000
G1 X83.947 Y91.12 F18000
G1 X83.988 Y91.122
G1 X83.987 Y91.152
M204 P1500
;TYPE:Inner wall
;WIDTH:0.45
G1 F1533
G1 X84 Y91.146 E.00046
G2 X84.169 Y86.854 I.005 J-2.149 E.21199
G2 X83.853 Y86.853 I-.164 J1.998 E.01019
G2 X83.831 Y91.139 I.152 J2.144 E.20661
G1 X83.927 Y91.147 E.00309
G1 E-1.75 F6000
;WIPE_START
G1 X84 Y91.146 E-.05453
G1 X84.169 Y91.146 E-.12681
G1 X84.502 Y91.093 E-.25314
G1 X84.824 Y90.989 E-.25325
G1 X84.899 Y90.954 E-.06228
;WIPE_END
G1 X85.014 Y91.203 Z12.04 F18000
G1 X84.145 Y128.578
G1 X86.069 Y129.732
G1 X86.242 Y131.929
G1 X84.567 Y133.36
G1 X84.19 Y133.42
G1 X84.027 Y133.426
G1 X84.041 Y133.787
G1 Z11.84
G1 E2.5 F6000
M204 P1000
;TYPE:Outer wall
;WIDTH:0.42
G1 F1533
G1 X84 Y133.788 E.00122
G3 X83.781 Y128.219 I-.007 J-2.789 E.25483
G3 X84.19 Y128.218 I.212 J2.612 E.0122
G3 X84.436 Y133.753 I-.197 J2.782 E.24185
G1 X84.101 Y133.781 E.01003
G1 X84.087 Y133.424 F18000
G1 X84.011 Y133.427
G1 X84.01 Y133.397
M204 P1500
;TYPE:Inner wall
;WIDTH:0.45
G1 F1533
G1 X84 Y133.39 E.00039
G3 X84 Y128.603 I-.006 J-2.394 E.24221
G1 X84.175 Y128.609 E.00563
G3 X84.374 Y133.36 I-.181 J2.387 E.22375
G1 X84.07 Y133.391 E.00982
M204 T1000
G1 X84.059 Y133.12 F18000
G1 X84 Y133.122
G1 X83.972 Y133.121
G1 X83.986 Y132.759
M204 P1000
;TYPE:Outer wall
;WIDTH:0.42
G1 F1533
G1 X84 Y132.758 E.00041
G2 X84 Y129.24 I.01 J-1.759 E.16524
G1 X83.881 Y129.244 E.00354
G2 X83.59 Y132.708 I.129 J1.755 E.14816
G1 X83.927 Y132.751 E.01011
M204 T2000
G1 X83.912 Y133.119 F18000
G1 X83.988 Y133.122
G1 X83.987 Y133.152
M204 P1500
;TYPE:Inner wall
;WIDTH:0.45
G1 F1533
G1 X84 Y133.146 E.00046
G2 X84.169 Y128.854 I.005 J-2.149 E.21199
G2 X83.853 Y128.853 I-.164 J1.998 E.01019
G2 X83.831 Y133.139 I.152 J2.144 E.20661
G1 X83.927 Y133.147 E.00309
G1 E-1.75 F6000
;WIPE_START
G1 X84 Y133.146 E-.05453
G1 X84.169 Y133.146 E-.12681
G1 X84.502 Y133.093 E-.25314
G1 X84.824 Y132.989 E-.25325
G1 X84.899 Y132.954 E-.06228
;WIPE_END
G1 X85.014 Y133.203 Z12.04 F18000
G1 X136.027 Y133.426
G1 X136.041 Y133.787
G1 Z11.84
G1 E2.5 F6000
M204 P1000
;TYPE:Outer wall
;WIDTH:0.42
G1 F1533
G1 X136 Y133.788 E.00122
G3 X135.781 Y128.219 I-.007 J-2.789 E.25483
G3 X136.19 Y128.218 I.212 J2.612 E.0122
G3 X136.436 Y133.753 I-.197 J2.782 E.24185
G1 X136.101 Y133.781 E.01003
G1 X136.087 Y133.424 F18000
G1 X136.011 Y133.427
G1 X136.01 Y133.397
M204 P1500
;TYPE:Inner wall
;WIDTH:0.45
G1 F1533
G1 X136 Y133.39 E.00039
G3 X136 Y128.603 I-.006 J-2.394 E.24221
G1 X136.175 Y128.609 E.00563
G3 X136.374 Y133.36 I-.181 J2.387 E.22375
G1 X136.07 Y133.391 E.00982
M204 T1000
G1 X136.059 Y133.12 F18000
G1 X136 Y133.122
G1 X135.972 Y133.121
G1 X135.986 Y132.759
M204 P1000
;TYPE:Outer wall
;WIDTH:0.42
G1 F1533
G1 X136 Y132.758 E.00041
G2 X136 Y129.24 I.01 J-1.759 E.16524
G1 X135.881 Y129.244 E.00354
G2 X135.59 Y132.708 I.129 J1.755 E.14816
G1 X135.927 Y132.751 E.01011
M204 T2000
G1 X135.912 Y133.119 F18000
G1 X136 Y133.122
G1 X136.012 Y133.122
G1 X136.013 Y133.152
M204 P1500
;TYPE:Inner wall
;WIDTH:0.45
G1 F1533
G1 X136.169 Y133.14 E.00502
G2 X136.169 Y128.854 I-.164 J-2.143 E.20656
G2 X135.853 Y128.853 I-.164 J1.998 E.01019
G2 X135.954 Y133.145 I.152 J2.144 E.21057
G1 E-1.75 F6000
;WIPE_START
G1 X136.169 Y133.14 E-.16078
G1 X136.502 Y133.093 E-.2528
G1 X136.824 Y132.989 E-.25325
G1 X136.924 Y132.942 E-.08316
;WIPE_END
G1 X136.912 Y132.915 Z12.04 F18000
G1 X136.964 Y132.891
G1 X137.109 Y132.81
G1 X137.247 Y132.717
G1 X137.378 Y132.614
G1 X137.501 Y132.501
G1 X137.614 Y132.378
G1 X137.717 Y132.247
G1 X137.81 Y132.109
G1 X137.891 Y131.964
G1 X137.961 Y131.812
G1 X138.018 Y131.656
G1 X138.064 Y131.495
G1 X138.096 Y131.332
G1 X138.116 Y131.167
G1 X138.122 Y131
G1 X138.116 Y130.833
G1 X138.096 Y130.668
G1 X138.064 Y130.505
G1 X138.018 Y130.344
G1 X137.961 Y130.188
G1 X137.891 Y130.036
G1 X137.81 Y129.891
G1 X137.717 Y129.753
G1 X137.614 Y129.622
G1 X136.834 Y128.723
G1 X136.027 Y91.426
G1 X136.041 Y91.787
G1 Z11.84
G1 E2.5 F6000
M204 P1000
;TYPE:Outer wall
;WIDTH:0.42
G1 F1533
G1 X136 Y91.788 E.00122
G3 X135.781 Y86.219 I-.007 J-2.789 E.25483
G3 X136.19 Y86.218 I.212 J2.612 E.0122
G3 X136.436 Y91.753 I-.197 J2.782 E.24185
G1 X136.101 Y91.781 E.01003
G1 X136.087 Y91.424 F18000
G1 X136.011 Y91.427
G1 X136.01 Y91.397
M204 P1500
;TYPE:Inner wall
;WIDTH:0.45
G1 F1533
G1 X136 Y91.39 E.00039
G3 X136 Y86.603 I-.006 J-2.394 E.24221
G1 X136.175 Y86.609 E.00563
G3 X136.374 Y91.36 I-.181 J2.387 E.22375
G1 X136.07 Y91.391 E.00982
M204 T1000
G1 X136.059 Y91.12 F18000
G1 X136 Y91.122
G1 X135.972 Y91.121
G1 X135.986 Y90.759
M204 P1000
;TYPE:Outer wall
;WIDTH:0.42
G1 F1533
G1 X136 Y90.758 E.00041
G2 X136 Y87.24 I.01 J-1.759 E.16524
G1 X135.881 Y87.244 E.00354
G2 X135.59 Y90.708 I.129 J1.755 E.14816
G1 X135.927 Y90.751 E.01011
M204 T2000
G1 X135.912 Y91.119 F18000
G1 X136 Y91.122
G1 X136.012 Y91.122
G1 X136.013 Y91.152
M204 P1500
;TYPE:Inner wall
;WIDTH:0.45
G1 F1533
G1 X136.169 Y91.14 E.00502
G2 X136.169 Y86.854 I-.164 J-2.143 E.20656
G2 X135.853 Y86.853 I-.164 J1.998 E.01019
G2 X135.954 Y91.145 I.152 J2.144 E.21057
; stop printing object base_plate.stl id:0 copy 0
;LAYER_CHANGE
;Z:12.04
;HEIGHT:0.2
G92 E0 ; zero the extruded length again
; BEFORE_LAYER_CHANGE 59 @ 12.04mm
G1 E-1.75 F6000
;WIPE_START
G1 X136.169 Y91.14 E-.16078
G1 X136.502 Y91.093 E-.2528
G1 X136.824 Y90.989 E-.25325
G1 X136.924 Y90.942 E-.08316
;WIPE_END
; AFTER_LAYER_CHANGE 59 @ 12.04mm
;_SET_FAN_SPEED_CHANGING_LAYER
; printing object base_plate.stl id:0 copy 0
G17
G3 Z12.24 I.553 J-.255 P1  F18000
G1 X136.912 Y90.915 Z12.24
G1 X136.812 Y90.961
G1 X136.656 Y91.018
G1 X136.495 Y91.064
G1 X136.332 Y91.096
G1 X136.167 Y91.116
G1 X136 Y91.122
G1 X135.833 Y91.116
G1 X134.597 Y90.98
G1 X84.017 Y91.426
G1 X84.031 Y91.787
G1 Z12.04
G1 E2.5 F6000
M204 P1000
;TYPE:Outer wall
;WIDTH:0.42
G1 F1533
G1 X84 Y91.789 E.00093
G3 X83.781 Y86.219 I-.007 J-2.789 E.25488
G3 X84.189 Y86.218 I.211 J2.603 E.01215
G3 X84.436 Y91.753 I-.196 J2.782 E.2419
G1 X84.091 Y91.782 E.01032
G1 X84.077 Y91.424 F18000
G1 X84.033 Y91.426
G1 X84.031 Y91.39
M204 P1500
;TYPE:Inner wall
;WIDTH:0.45
G1 F1533
G1 X83.812 Y91.391 E.00706
G3 X83.44 Y86.669 I.18 J-2.39 E.21842
G3 X84.16 Y86.609 I.624 J3.137 E.02326
G1 X84.226 Y86.616 E.00216
G3 X84.188 Y91.389 I-.235 J2.385 E.22821
G1 X84.091 Y91.39 E.00311
M204 T1000
G1 X84.081 Y91.119 F18000
G1 X84.037 Y91.121
G1 X84.023 Y90.758
M204 P1000
;TYPE:Outer wall
;WIDTH:0.42
G1 F1533
G1 X84.411 Y90.712 E.01164
G2 X84 Y87.24 I-.402 J-1.713 E.15281
G1 X83.878 Y87.245 E.00363
G2 X83.963 Y90.758 I.13 J1.755 E.15939
M204 T2000
G1 X83.949 Y91.12 F18000
G1 X83.988 Y91.122
G1 X83.987 Y91.152
M204 P1500
;TYPE:Inner wall
;WIDTH:0.45
G1 F1533
G1 X84 Y91.146 E.00046
G2 X84.199 Y86.858 I-.002 J-2.149 E.21055
G1 X84.199 Y86.855 E.00008
G2 X83.849 Y86.853 I-.187 J2.209 E.01127
G2 X83.831 Y91.139 I.149 J2.144 E.20694
G1 X83.927 Y91.147 E.00309
G1 E-1.75 F6000
;WIPE_START
G1 X84 Y91.146 E-.05453
G1 X84.169 Y91.146 E-.12682
G1 X84.502 Y91.093 E-.25313
G1 X84.824 Y90.989 E-.25327
G1 X84.898 Y90.951 E-.06225
;WIPE_END
G1 X85.014 Y91.203 Z12.24 F18000
G1 X84.136 Y128.578
G1 X86.069 Y129.732
G1 X86.242 Y131.929
G1 X84.567 Y133.36
G1 X84.19 Y133.42
G1 X84.017 Y133.426
G1 X84.031 Y133.787
G1 Z12.04
G1 E2.5 F6000
M204 P1000
;TYPE:Outer wall
;WIDTH:0.42
G1 F1533
G1 X84 Y133.789 E.00093
G3 X83.781 Y128.219 I-.007 J-2.789 E.25488
G3 X84.189 Y128.218 I.211 J2.603 E.01215
G3 X84.436 Y133.753 I-.196 J2.782 E.2419
G1 X84.091 Y133.782 E.01032
G1 X84.077 Y133.424 F18000
G1 X84.033 Y133.426
G1 X84.031 Y133.39
M204 P1500
;TYPE:Inner wall
;WIDTH:0.45
G1 F1533
G1 X83.812 Y133.391 E.00706
G3 X83.44 Y128.669 I.18 J-2.39 E.21842
G3 X84.16 Y128.609 I.624 J3.137 E.02326
G1 X84.226 Y128.616 E.00216
G3 X84.188 Y133.389 I-.235 J2.385 E.22821
G1 X84.091 Y133.39 E.00311
M204 T1000
G1 X84.081 Y133.119 F18000
G1 X84 Y133.122
G1 X83.974 Y133.121
G1 X83.988 Y132.759
M204 P1000
;TYPE:Outer wall
;WIDTH:0.42
G1 F1533
G1 X84 Y132.759 E.00035
G2 X84 Y129.24 I.009 J-1.759 E.16515
G1 X83.878 Y129.245 E.00363
G2 X83.59 Y132.708 I.13 J1.755 E.14817
G1 X83.929 Y132.751 E.01017
M204 T2000
G1 X83.914 Y133.119 F18000
G1 X83.988 Y133.122
G1 X83.987 Y133.152
M204 P1500
;TYPE:Inner wall
;WIDTH:0.45
G1 F1533
G1 X84 Y133.146 E.00046
G2 X84.199 Y128.858 I-.002 J-2.149 E.21055
G1 X84.199 Y128.855 E.00008
G2 X83.849 Y128.853 I-.187 J2.209 E.01127
G2 X83.831 Y133.139 I.149 J2.144 E.20694
G1 X83.927 Y133.147 E.00309
G1 E-1.75 F6000
;WIPE_START
G1 X84 Y133.146 E-.05453
G1 X84.169 Y133.146 E-.12682
G1 X84.502 Y133.093 E-.25313
G1 X84.824 Y132.989 E-.25327
G1 X84.898 Y132.951 E-.06225
;WIPE_END
G1 X85.014 Y133.203 Z12.24 F18000
G1 X136.017 Y133.426
G1 X136.031 Y133.787
G1 Z12.04
G1 E2.5 F6000
M204 P1000
;TYPE:Outer wall
;WIDTH:0.42
G1 F1533
G1 X136 Y133.789 E.00093
G3 X135.781 Y128.219 I-.007 J-2.789 E.25488
G3 X136.189 Y128.218 I.211 J2.603 E.01215
G3 X136.436 Y133.753 I-.196 J2.782 E.2419
G1 X136.091 Y133.782 E.01032
G1 X136.077 Y133.424 F18000
G1 X136.033 Y133.426
G1 X136.031 Y133.39
M204 P1500
;TYPE:Inner wall
;WIDTH:0.45
G1 F1533
G1 X135.812 Y133.391 E.00706
G3 X135.44 Y128.669 I.18 J-2.39 E.21842
G3 X136.16 Y128.609 I.624 J3.137 E.02326
G1 X136.226 Y128.616 E.00216
G3 X136.188 Y133.389 I-.235 J2.385 E.22821
G1 X136.091 Y133.39 E.00311
M204 T1000
G1 X136.081 Y133.119 F18000
G1 X136 Y133.122
G1 X135.974 Y133.121
G1 X135.988 Y132.759
M204 P1000
;TYPE:Outer wall
;WIDTH:0.42
G1 F1533
G1 X136 Y132.759 E.00035
G2 X136 Y129.24 I.009 J-1.759 E.16515
G1 X135.878 Y129.245 E.00363
G2 X135.59 Y132.708 I.13 J1.755 E.14817
G1 X135.929 Y132.751 E.01017
M204 T2000
G1 X135.914 Y133.119 F18000
G1 X136 Y133.122
G1 X136.012 Y133.122
G1 X136.013 Y133.152
M204 P1500
;TYPE:Inner wall
;WIDTH:0.45
G1 F1533
G1 X136.169 Y133.139 E.00502
G2 X136.199 Y128.858 I-.171 J-2.142 E.20512
G1 X136.199 Y128.855 E.00008
G2 X135.849 Y128.853 I-.187 J2.209 E.01127
G2 X135.954 Y133.145 I.149 J2.144 E.21089
G1 E-1.75 F6000
;WIPE_START
G1 X136.169 Y133.139 E-.16076
G1 X136.502 Y133.093 E-.25278
G1 X136.824 Y132.989 E-.25327
G1 X136.922 Y132.938 E-.08319
;WIPE_END
G1 X136.912 Y132.915 Z12.24 F18000
G1 X136.964 Y132.891
G1 X137.109 Y132.81
G1 X137.247 Y132.717
G1 X137.378 Y132.614
G1 X137.501 Y132.501
G1 X137.614 Y132.378
G1 X137.717 Y132.247
G1 X137.81 Y132.109
G1 X137.891 Y131.964
G1 X137.961 Y131.812
G1 X138.018 Y131.656
G1 X138.064 Y131.495
G1 X138.096 Y131.332
G1 X138.116 Y131.167
G1 X138.122 Y131
G1 X138.116 Y130.833
G1 X138.096 Y130.668
G1 X138.064 Y130.505
G1 X138.018 Y130.344
G1 X137.961 Y130.188
G1 X137.891 Y130.036
G1 X137.81 Y129.891
G1 X137.717 Y129.753
G1 X137.614 Y129.622
G1 X136.831 Y128.722
G1 X136.017 Y91.426
G1 X136.031 Y91.787
G1 Z12.04
G1 E2.5 F6000
M204 P1000
;TYPE:Outer wall
;WIDTH:0.42
G1 F1533
G1 X136 Y91.789 E.00093
G3 X135.781 Y86.219 I-.007 J-2.789 E.25488
G3 X136.189 Y86.218 I.211 J2.603 E.01215
G3 X136.436 Y91.753 I-.196 J2.782 E.2419
G1 X136.091 Y91.782 E.01032
G1 X136.077 Y91.424 F18000
G1 X136.033 Y91.426
G1 X136.031 Y91.39
M204 P1500
;TYPE:Inner wall
;WIDTH:0.45
G1 F1533
G1 X135.812 Y91.391 E.00706
G3 X135.44 Y86.669 I.18 J-2.39 E.21842
G3 X136.16 Y86.609 I.624 J3.137 E.02326
G1 X136.226 Y86.616 E.00216
G3 X136.188 Y91.389 I-.235 J2.385 E.22821
G1 X136.091 Y91.39 E.00311
M204 T1000
G1 X136.081 Y91.119 F18000
G1 X136 Y91.122
G1 X135.974 Y91.121
G1 X135.988 Y90.759
M204 P1000
;TYPE:Outer wall
;WIDTH:0.42
G1 F1533
G1 X136 Y90.759 E.00035
G2 X136 Y87.24 I.009 J-1.759 E.16515
G1 X135.878 Y87.245 E.00363
G2 X135.59 Y90.708 I.13 J1.755 E.14817
G1 X135.929 Y90.751 E.01017
M204 T2000
G1 X135.914 Y91.119 F18000
G1 X136 Y91.122
G1 X136.012 Y91.122
G1 X136.013 Y91.152
M204 P1500
;TYPE:Inner wall
;WIDTH:0.45
G1 F1533
G1 X136.169 Y91.139 E.00502
G2 X136.199 Y86.858 I-.171 J-2.142 E.20512
G1 X136.199 Y86.855 E.00008
G2 X135.849 Y86.853 I-.187 J2.209 E.01127
G2 X135.954 Y91.145 I.149 J2.144 E.21089
; stop printing object base_plate.stl id:0 copy 0
;LAYER_CHANGE
;Z:12.24
;HEIGHT:0.2
G92 E0 ; zero the extruded length again
; BEFORE_LAYER_CHANGE 60 @ 12.24mm
G1 E-1.75 F6000
;WIPE_START
G1 X136.169 Y91.139 E-.16076
G1 X136.502 Y91.093 E-.25278
G1 X136.824 Y90.989 E-.25327
G1 X136.922 Y90.938 E-.08319
;WIPE_END
; AFTER_LAYER_CHANGE 60 @ 12.24mm
;_SET_FAN_SPEED_CHANGING_LAYER
; printing object base_plate.stl id:0 copy 0
G17
G3 Z12.44 I.553 J-.255 P1  F18000
G1 X136.912 Y90.915 Z12.44
G1 X136.812 Y90.961
G1 X136.656 Y91.018
G1 X136.495 Y91.064
G1 X136.332 Y91.096
G1 X136.167 Y91.116
G1 X136 Y91.122
G1 X135.833 Y91.116
G1 X134.592 Y90.976
G1 X84.008 Y91.427
G1 X84.022 Y91.788
G1 Z12.24
G1 E2.5 F6000
M204 P1000
;TYPE:Outer wall
;WIDTH:0.42
G1 F1538
G1 X84 Y91.781 E.00068
G3 X83.781 Y86.219 I-.006 J-2.785 E.25447
G3 X84.194 Y86.218 I.213 J2.639 E.01232
G3 X84.435 Y91.746 I-.2 J2.778 E.2415
G1 X84.081 Y91.782 E.01058
G1 X84.067 Y91.425 F18000
G1 X84 Y91.427
G1 X83.999 Y91.427
G1 X84 Y91.396
M204 P1500
;TYPE:Inner wall
;WIDTH:0.45
G1 F1538
G3 X83.625 Y86.632 I-.009 J-2.396 E.23056
G3 X84.165 Y86.609 I.382 J2.619 E.01741
G1 X84.215 Y86.615 E.00162
G3 X84.06 Y91.395 I-.225 J2.385 E.23258
M204 T1000
G1 X84.049 Y91.12 F18000
G1 X84.039 Y91.121
G1 X84.024 Y90.757
M204 P1000
;TYPE:Outer wall
;WIDTH:0.42
G1 F1538
G1 X84.411 Y90.712 E.0116
G2 X84 Y87.24 I-.404 J-1.712 E.15272
G1 X83.875 Y87.245 E.00372
G2 X83.964 Y90.758 I.132 J1.754 E.15944
M204 T2000
G1 X83.95 Y91.12 F18000
G1 X83.988 Y91.122
G1 X83.987 Y91.152
M204 P1500
;TYPE:Inner wall
;WIDTH:0.45
G1 F1538
G1 X84 Y91.146 E.00046
G2 X84.188 Y86.856 I-.001 J-2.149 E.21101
G1 X84.188 Y86.855 E.00005
G2 X83.846 Y86.853 I-.179 J2.159 E.01101
G2 X83.831 Y91.139 I.153 J2.143 E.20675
G1 X83.927 Y91.147 E.00309
G1 E-1.75 F6000
;WIPE_START
G1 X84 Y91.146 E-.05453
G1 X84.169 Y91.146 E-.12682
G1 X84.502 Y91.093 E-.25312
G1 X84.824 Y90.989 E-.25327
G1 X84.898 Y90.951 E-.06227
;WIPE_END
G1 X85.014 Y91.203 Z12.44 F18000
G1 X84.128 Y128.578
G1 X86.069 Y129.732
G1 X86.242 Y131.929
G1 X84.567 Y133.36
G1 X84.19 Y133.42
G1 X84.008 Y133.427
G1 X84.022 Y133.788
G1 Z12.24
G1 E2.5 F6000
M204 P1000
;TYPE:Outer wall
;WIDTH:0.42
G1 F1538
G1 X84 Y133.781 E.00068
G3 X83.781 Y128.219 I-.006 J-2.785 E.25447
G3 X84.194 Y128.218 I.213 J2.639 E.01232
G3 X84.435 Y133.746 I-.2 J2.778 E.2415
G1 X84.081 Y133.782 E.01058
G1 X84.067 Y133.425 F18000
G1 X84 Y133.427
G1 X83.999 Y133.427
G1 X84 Y133.396
M204 P1500
;TYPE:Inner wall
;WIDTH:0.45
G1 F1538
G3 X83.625 Y128.632 I-.009 J-2.396 E.23056
G3 X84.165 Y128.609 I.382 J2.619 E.01741
G1 X84.215 Y128.615 E.00162
G3 X84.06 Y133.395 I-.225 J2.385 E.23258
M204 T1000
G1 X84.049 Y133.12 F18000
G1 X84 Y133.122
G1 X83.976 Y133.121
G1 X83.99 Y132.759
M204 P1000
;TYPE:Outer wall
;WIDTH:0.42
G1 F1538
G1 X84 Y132.759 E.00029
G2 X84 Y129.24 I.007 J-1.759 E.16506
G1 X83.875 Y129.245 E.00372
G2 X83.59 Y132.708 I.132 J1.754 E.14817
G1 X83.931 Y132.752 E.01024
M204 T2000
G1 X83.916 Y133.119 F18000
G1 X83.988 Y133.122
G1 X83.987 Y133.152
M204 P1500
;TYPE:Inner wall
;WIDTH:0.45
G1 F1538
G1 X84 Y133.146 E.00046
G2 X84.188 Y128.856 I-.001 J-2.149 E.21101
G1 X84.188 Y128.855 E.00005
G2 X83.846 Y128.853 I-.179 J2.159 E.01101
G2 X83.831 Y133.139 I.153 J2.143 E.20675
G1 X83.927 Y133.147 E.00309
G1 E-1.75 F6000
;WIPE_START
G1 X84 Y133.146 E-.05453
G1 X84.169 Y133.146 E-.12682
G1 X84.502 Y133.093 E-.25312
G1 X84.824 Y132.989 E-.25327
G1 X84.898 Y132.951 E-.06227
;WIPE_END
G1 X85.014 Y133.203 Z12.44 F18000
G1 X136.008 Y133.427
G1 X136.022 Y133.788
G1 Z12.24
G1 E2.5 F6000
M204 P1000
;TYPE:Outer wall
;WIDTH:0.42
G1 F1538
G1 X136 Y133.781 E.00068
G3 X135.781 Y128.219 I-.006 J-2.785 E.25447
G3 X136.194 Y128.218 I.213 J2.639 E.01232
G3 X136.435 Y133.746 I-.2 J2.778 E.2415
G1 X136.081 Y133.782 E.01058
G1 X136.067 Y133.425 F18000
G1 X136 Y133.427
G1 X135.999 Y133.427
G1 X136 Y133.396
M204 P1500
;TYPE:Inner wall
;WIDTH:0.45
G1 F1538
G3 X135.625 Y128.632 I-.009 J-2.396 E.23056
G3 X136.165 Y128.609 I.382 J2.619 E.01741
G1 X136.215 Y128.615 E.00162
G3 X136.06 Y133.395 I-.225 J2.385 E.23258
M204 T1000
G1 X136.049 Y133.12 F18000
G1 X136 Y133.122
G1 X135.976 Y133.121
G1 X135.99 Y132.759
M204 P1000
;TYPE:Outer wall
;WIDTH:0.42
G1 F1538
G1 X136 Y132.759 E.00029
G2 X136 Y129.24 I.007 J-1.759 E.16506
G1 X135.875 Y129.245 E.00372
G2 X135.59 Y132.708 I.132 J1.754 E.14817
G1 X135.931 Y132.752 E.01024
M204 T2000
G1 X135.916 Y133.119 F18000
G1 X136 Y133.122
G1 X136.012 Y133.122
G1 X136.013 Y133.152
M204 P1500
;TYPE:Inner wall
;WIDTH:0.45
G1 F1538
G1 X136.169 Y133.139 E.00502
G2 X136.188 Y128.856 I-.169 J-2.142 E.20558
G1 X136.188 Y128.855 E.00005
G2 X135.846 Y128.853 I-.179 J2.159 E.01101
G2 X135.954 Y133.145 I.153 J2.143 E.21071
G1 E-1.75 F6000
;WIPE_START
G1 X136.169 Y133.139 E-.16076
G1 X136.502 Y133.093 E-.25278
G1 X136.824 Y132.989 E-.25327
G1 X136.922 Y132.938 E-.0832
;WIPE_END
G1 X136.912 Y132.915 Z12.44 F18000
G1 X136.964 Y132.891
G1 X137.109 Y132.81
G1 X137.247 Y132.717
G1 X137.378 Y132.614
G1 X137.501 Y132.501
G1 X137.614 Y132.378
G1 X137.717 Y132.247
G1 X137.81 Y132.109
G1 X137.891 Y131.964
G1 X137.961 Y131.812
G1 X138.018 Y131.656
G1 X138.064 Y131.495
G1 X138.096 Y131.332
G1 X138.116 Y131.167
G1 X138.122 Y131
G1 X138.116 Y130.833
G1 X138.096 Y130.668
G1 X138.064 Y130.505
G1 X138.018 Y130.344
G1 X137.961 Y130.188
G1 X137.891 Y130.036
G1 X137.81 Y129.891
G1 X137.717 Y129.753
G1 X137.614 Y129.622
G1 X136.83 Y128.721
G1 X136.008 Y91.427
G1 X136.022 Y91.788
G1 Z12.24
G1 E2.5 F6000
M204 P1000
;TYPE:Outer wall
;WIDTH:0.42
G1 F1538
G1 X136 Y91.781 E.00068
G3 X135.781 Y86.219 I-.006 J-2.785 E.25447
G3 X136.194 Y86.218 I.213 J2.639 E.01232
G3 X136.435 Y91.746 I-.2 J2.778 E.2415
G1 X136.081 Y91.782 E.01058
G1 X136.067 Y91.425 F18000
G1 X136 Y91.427
G1 X135.999 Y91.427
G1 X136 Y91.396
M204 P1500
;TYPE:Inner wall
;WIDTH:0.45
G1 F1538
G3 X135.625 Y86.632 I-.009 J-2.396 E.23056
G3 X136.165 Y86.609 I.382 J2.619 E.01741
G1 X136.215 Y86.615 E.00162
G3 X136.06 Y91.395 I-.225 J2.385 E.23258
M204 T1000
G1 X136.049 Y91.12 F18000
G1 X136 Y91.122
G1 X135.976 Y91.121
G1 X135.99 Y90.759
M204 P1000
;TYPE:Outer wall
;WIDTH:0.42
G1 F1538
G1 X136 Y90.759 E.00029
G2 X136 Y87.24 I.007 J-1.759 E.16506
G1 X135.875 Y87.245 E.00372
G2 X135.59 Y90.708 I.132 J1.754 E.14817
G1 X135.931 Y90.752 E.01024
M204 T2000
G1 X135.916 Y91.119 F18000
G1 X135.988 Y91.122
G1 X135.987 Y91.152
M204 P1500
;TYPE:Inner wall
;WIDTH:0.45
G1 F1538
G1 X136 Y91.146 E.00046
G2 X136.188 Y86.856 I-.001 J-2.149 E.21101
G1 X136.188 Y86.855 E.00005
G2 X135.846 Y86.853 I-.179 J2.159 E.01101
G2 X135.831 Y91.139 I.153 J2.143 E.20675
G1 X135.927 Y91.147 E.00309
; stop printing object base_plate.stl id:0 copy 0
;LAYER_CHANGE
;Z:12.44
;HEIGHT:0.2
G92 E0 ; zero the extruded length again
; BEFORE_LAYER_CHANGE 61 @ 12.44mm
G1 E-1.75 F6000
;WIPE_START
G1 X136 Y91.146 E-.05453
G1 X136.169 Y91.146 E-.12682
G1 X136.502 Y91.093 E-.25312
G1 X136.824 Y90.989 E-.25327
G1 X136.898 Y90.951 E-.06227
;WIPE_END
; AFTER_LAYER_CHANGE 61 @ 12.44mm
;_SET_FAN_SPEED_CHANGING_LAYER
; printing object base_plate.stl id:0 copy 0
G17
G3 Z12.64 I.553 J-.255 P1  F18000
G1 X136.886 Y90.927 Z12.64
G1 X136.812 Y90.961
G1 X136.656 Y91.018
G1 X136.495 Y91.064
G1 X136.332 Y91.096
G1 X136.167 Y91.116
G1 X136 Y91.122
G1 X135.833 Y91.116
G1 X134.609 Y90.987
G1 X84 Y91.427
G1 X84.013 Y91.789
G1 Z12.44
G1 E2.5 F6000
M204 P1000
;TYPE:Outer wall
;WIDTH:0.42
G1 F1539
G1 X84 Y91.787 E.00038
G3 X84 Y86.21 I-.009 J-2.789 E.26147
G1 X84.2 Y86.218 E.00597
G3 X84.436 Y91.752 I-.209 J2.781 E.24143
G1 X84.072 Y91.784 E.01086
G1 X84.058 Y91.425 F18000
G1 X84 Y91.427
G1 X83.999 Y91.427
G1 X84 Y91.396
M204 P1500
;TYPE:Inner wall
;WIDTH:0.45
G1 F1539
G3 X83.625 Y86.632 I-.009 J-2.396 E.2305
G3 X84.171 Y86.609 I.383 J2.631 E.01759
G1 X84.299 Y86.624 E.00414
G3 X84.06 Y91.395 I-.307 J2.376 E.22995
M204 T1000
G1 X84.049 Y91.12 F18000
G1 X84.04 Y91.121
G1 X84.026 Y90.757
M204 P1000
;TYPE:Outer wall
;WIDTH:0.42
G1 F1539
G1 X84.411 Y90.711 E.01155
G2 X84 Y87.24 I-.405 J-1.712 E.15263
G1 X83.872 Y87.245 E.00381
G2 X83.966 Y90.758 I.133 J1.754 E.15949
M204 T2000
G1 X83.952 Y91.12 F18000
G1 X83.988 Y91.122
G1 X83.987 Y91.152
M204 P1500
;TYPE:Inner wall
;WIDTH:0.45
G1 F1539
G1 X84 Y91.146 E.00046
G2 X84.17 Y86.854 I.003 J-2.149 E.21181
G2 X83.842 Y86.854 I-.167 J2.068 E.01054
G2 X83.831 Y91.139 I.16 J2.143 E.20645
G1 X83.927 Y91.147 E.00309
G1 E-1.75 F6000
;WIPE_START
G1 X84 Y91.146 E-.05453
G1 X84.169 Y91.146 E-.12681
G1 X84.502 Y91.093 E-.25313
G1 X84.824 Y90.989 E-.25326
G1 X84.898 Y90.951 E-.06227
;WIPE_END
G1 X85.014 Y91.203 Z12.64 F18000
G1 X84.12 Y128.577
G1 X86.069 Y129.732
G1 X86.242 Y131.929
G1 X84.567 Y133.36
G1 X84.19 Y133.42
G1 X84 Y133.427
G1 X84.013 Y133.789
G1 Z12.44
G1 E2.5 F6000
M204 P1000
;TYPE:Outer wall
;WIDTH:0.42
G1 F1539
G1 X84 Y133.787 E.00038
G3 X84 Y128.21 I-.009 J-2.789 E.26147
G1 X84.2 Y128.218 E.00597
G3 X84.436 Y133.752 I-.209 J2.781 E.24143
G1 X84.072 Y133.784 E.01086
G1 X84.058 Y133.425 F18000
G1 X84 Y133.427
G1 X83.999 Y133.427
G1 X84 Y133.396
M204 P1500
;TYPE:Inner wall
;WIDTH:0.45
G1 F1539
G3 X83.625 Y128.632 I-.009 J-2.396 E.2305
G3 X84.171 Y128.609 I.383 J2.63 E.01759
G1 X84.299 Y128.624 E.00414
G3 X84.06 Y133.395 I-.307 J2.376 E.22995
M204 T1000
G1 X84.049 Y133.12 F18000
G1 X84 Y133.122
G1 X83.978 Y133.122
G1 X83.992 Y132.759
M204 P1000
;TYPE:Outer wall
;WIDTH:0.42
G1 F1539
G1 X84 Y132.759 E.00023
G2 X84 Y129.24 I.005 J-1.759 E.16497
G1 X83.872 Y129.245 E.00381
G2 X83.59 Y132.709 I.133 J1.754 E.14817
G1 X83.933 Y132.752 E.0103
M204 T2000
G1 X83.918 Y133.119 F18000
G1 X83.988 Y133.122
G1 X83.987 Y133.152
M204 P1500
;TYPE:Inner wall
;WIDTH:0.45
G1 F1539
G1 X84 Y133.146 E.00046
G2 X84.17 Y128.854 I.003 J-2.149 E.21181
G2 X83.842 Y128.854 I-.167 J2.068 E.01054
G2 X83.831 Y133.139 I.16 J2.143 E.20645
G1 X83.927 Y133.147 E.00309
G1 E-1.75 F6000
;WIPE_START
G1 X84 Y133.146 E-.05453
G1 X84.169 Y133.146 E-.12681
G1 X84.502 Y133.093 E-.25313
G1 X84.824 Y132.989 E-.25326
G1 X84.898 Y132.951 E-.06227
;WIPE_END
G1 X85.014 Y133.203 Z12.64 F18000
G1 X136 Y133.427
G1 X136.013 Y133.789
G1 Z12.44
G1 E2.5 F6000
M204 P1000
;TYPE:Outer wall
;WIDTH:0.42
G1 F1539
G1 X136 Y133.787 E.00038
G3 X136 Y128.21 I-.009 J-2.789 E.26147
G1 X136.2 Y128.218 E.00597
G3 X136.436 Y133.752 I-.209 J2.781 E.24143
G1 X136.072 Y133.784 E.01087
G1 X136.058 Y133.425 F18000
G1 X136 Y133.427
G1 X135.999 Y133.427
G1 X136 Y133.396
M204 P1500
;TYPE:Inner wall
;WIDTH:0.45
G1 F1539
G3 X135.625 Y128.632 I-.009 J-2.396 E.2305
G3 X136.171 Y128.609 I.383 J2.63 E.01759
G1 X136.299 Y128.624 E.00414
G3 X136.06 Y133.395 I-.307 J2.376 E.22995
M204 T1000
G1 X136.049 Y133.12 F18000
G1 X136 Y133.122
G1 X135.978 Y133.122
G1 X135.992 Y132.759
M204 P1000
;TYPE:Outer wall
;WIDTH:0.42
G1 F1539
G1 X136 Y132.759 E.00023
G2 X136 Y129.24 I.006 J-1.759 E.16497
G1 X135.872 Y129.245 E.00381
G2 X135.59 Y132.709 I.133 J1.754 E.14817
G1 X135.933 Y132.752 E.0103
M204 T2000
G1 X135.918 Y133.119 F18000
G1 X136 Y133.122
G1 X136.012 Y133.122
G1 X136.013 Y133.152
M204 P1500
;TYPE:Inner wall
;WIDTH:0.45
G1 F1539
G1 X136.169 Y133.14 E.00502
G2 X136.17 Y128.854 I-.166 J-2.143 E.20638
G2 X135.842 Y128.854 I-.167 J2.068 E.01054
G2 X135.954 Y133.145 I.16 J2.143 E.21041
G1 E-1.75 F6000
;WIPE_START
G1 X136.169 Y133.14 E-.16077
G1 X136.502 Y133.093 E-.25279
G1 X136.824 Y132.989 E-.25326
G1 X136.922 Y132.938 E-.08318
;WIPE_END
G1 X136.912 Y132.915 Z12.64 F18000
G1 X136.964 Y132.891
G1 X137.109 Y132.81
G1 X137.247 Y132.717
G1 X137.378 Y132.614
G1 X137.501 Y132.501
G1 X137.614 Y132.378
G1 X137.717 Y132.247
G1 X137.81 Y132.109
G1 X137.891 Y131.964
G1 X137.961 Y131.812
G1 X138.018 Y131.656
G1 X138.064 Y131.495
G1 X138.096 Y131.332
G1 X138.116 Y131.167
G1 X138.122 Y131
G1 X138.116 Y130.833
G1 X138.096 Y130.668
G1 X138.064 Y130.505
G1 X138.018 Y130.344
G1 X137.961 Y130.188
G1 X137.891 Y130.036
G1 X137.81 Y129.891
G1 X137.717 Y129.753
G1 X137.614 Y129.622
G1 X136.829 Y128.721
G1 X136 Y91.427
G1 X136.013 Y91.789
G1 Z12.44
G1 E2.5 F6000
M204 P1000
;TYPE:Outer wall
;WIDTH:0.42
G1 F1539
G1 X136 Y91.787 E.00038
G3 X136 Y86.21 I-.009 J-2.789 E.26147
G1 X136.2 Y86.218 E.00597
G3 X136.436 Y91.752 I-.209 J2.781 E.24143
G1 X136.072 Y91.784 E.01087
G1 X136.058 Y91.425 F18000
G1 X136 Y91.427
G1 X135.999 Y91.427
G1 X136 Y91.396
M204 P1500
;TYPE:Inner wall
;WIDTH:0.45
G1 F1539
G3 X135.625 Y86.632 I-.009 J-2.396 E.2305
G3 X136.171 Y86.609 I.383 J2.631 E.01759
G1 X136.299 Y86.624 E.00414
G3 X136.06 Y91.395 I-.307 J2.376 E.22995
M204 T1000
G1 X136.049 Y91.12 F18000
G1 X136 Y91.122
G1 X135.978 Y91.122
G1 X135.992 Y90.759
M204 P1000
;TYPE:Outer wall
;WIDTH:0.42
G1 F1539
G1 X136 Y90.759 E.00023
G2 X136 Y87.24 I.006 J-1.759 E.16497
G1 X135.872 Y87.245 E.00381
G2 X135.59 Y90.709 I.133 J1.754 E.14817
G1 X135.933 Y90.752 E.0103
M204 T2000
G1 X135.918 Y91.119 F18000
G1 X136 Y91.122
G1 X136.012 Y91.122
G1 X136.013 Y91.152
M204 P1500
;TYPE:Inner wall
;WIDTH:0.45
G1 F1539
G1 X136.169 Y91.14 E.00502
G2 X136.17 Y86.854 I-.166 J-2.143 E.20638
G2 X135.842 Y86.854 I-.167 J2.068 E.01054
G2 X135.954 Y91.145 I.16 J2.143 E.21041
; stop printing object base_plate.stl id:0 copy 0
;LAYER_CHANGE
;Z:12.64
;HEIGHT:0.200001
G92 E0 ; zero the extruded length again
; BEFORE_LAYER_CHANGE 62 @ 12.64mm
G1 E-1.75 F6000
;WIPE_START
G1 X136.169 Y91.14 E-.16077
G1 X136.502 Y91.093 E-.25279
G1 X136.824 Y90.989 E-.25326
G1 X136.922 Y90.938 E-.08318
;WIPE_END
; AFTER_LAYER_CHANGE 62 @ 12.64mm
;_SET_FAN_SPEED_CHANGING_LAYER
; printing object base_plate.stl id:0 copy 0
G17
G3 Z12.84 I.553 J-.255 P1  F18000
G1 X136.912 Y90.915 Z12.84
G1 X136.812 Y90.961
G1 X136.656 Y91.018
G1 X136.495 Y91.064
G1 X136.332 Y91.096
G1 X136.167 Y91.116
G1 X136 Y91.122
G1 X135.833 Y91.116
G1 X134.592 Y90.976
G1 X84 Y91.427
G1 X84.004 Y91.79
G1 Z12.64
G1 E2.5 F6000
M204 P1000
;TYPE:Outer wall
;WIDTH:0.42
G1 F1539
G1 X84 Y91.787 E.00013
G3 X84 Y86.21 I-.006 J-2.789 E.26131
G1 X84.206 Y86.218 E.00614
G3 X84.436 Y91.752 I-.212 J2.781 E.24143
G1 X84.064 Y91.784 E.01113
G1 X84.05 Y91.425 F18000
G1 X84 Y91.427
G1 X83.999 Y91.427
G1 X84 Y91.397
M204 P1500
;TYPE:Inner wall
;WIDTH:0.45
G1 F1539
G3 X83.812 Y86.61 I-.011 J-2.397 E.23674
G3 X84.166 Y86.609 I.183 J2.26 E.01139
G1 X84.304 Y86.624 E.00446
G3 X84.06 Y91.396 I-.314 J2.376 E.22972
M204 T1000
G1 X84.049 Y91.12 F18000
G1 X84.041 Y91.121
G1 X84.027 Y90.757
M204 P1000
;TYPE:Outer wall
;WIDTH:0.42
G1 F1539
G1 X84.411 Y90.711 E.01151
G2 X84 Y87.24 I-.407 J-1.712 E.15254
G1 X83.869 Y87.245 E.00391
G2 X83.967 Y90.758 I.135 J1.754 E.15953
M204 T2000
G1 X83.953 Y91.121 F18000
G1 X83.988 Y91.122
G1 X83.987 Y91.152
M204 P1500
;TYPE:Inner wall
;WIDTH:0.45
G1 F1539
G1 X84 Y91.151 E.00042
G2 X84 Y86.847 I.004 J-2.152 E.21765
G1 X83.839 Y86.854 E.00518
G2 X83.831 Y91.144 I.165 J2.145 E.20646
G1 X83.927 Y91.149 E.00309
G1 E-1.75 F6000
;WIPE_START
G1 X84 Y91.151 E-.05463
G1 X84.169 Y91.146 E-.12687
G1 X84.502 Y91.093 E-.25312
G1 X84.824 Y90.989 E-.25327
G1 X84.899 Y90.954 E-.06212
;WIPE_END
G1 X85.014 Y91.203 Z12.84 F18000
G1 X84.113 Y128.577
G1 X86.07 Y129.732
G1 X86.242 Y131.929
G1 X84.567 Y133.36
G1 X84.19 Y133.42
G1 X84 Y133.427
G1 X84.004 Y133.79
G1 Z12.64
G1 E2.5 F6000
M204 P1000
;TYPE:Outer wall
;WIDTH:0.42
G1 F1539
G1 X84 Y133.787 E.00013
G3 X84 Y128.21 I-.006 J-2.789 E.26131
G1 X84.206 Y128.218 E.00614
G3 X84.436 Y133.752 I-.212 J2.781 E.24143
G1 X84.064 Y133.784 E.01113
G1 X84.05 Y133.425 F18000
G1 X84 Y133.427
G1 X83.999 Y133.427
G1 X84 Y133.397
M204 P1500
;TYPE:Inner wall
;WIDTH:0.45
G1 F1539
G3 X83.812 Y128.61 I-.011 J-2.397 E.23674
G3 X84.166 Y128.609 I.183 J2.26 E.01139
G1 X84.304 Y128.624 E.00446
G3 X84.06 Y133.396 I-.314 J2.376 E.22972
M204 T1000
G1 X84.049 Y133.12 F18000
G1 X84 Y133.122
G1 X83.98 Y133.122
G1 X83.994 Y132.76
M204 P1000
;TYPE:Outer wall
;WIDTH:0.42
G1 F1539
G1 X84 Y132.759 E.00017
G2 X84 Y129.24 I.004 J-1.759 E.16488
G1 X83.869 Y129.245 E.00391
G2 X83.59 Y132.709 I.135 J1.754 E.14817
G1 X83.935 Y132.752 E.01036
M204 T2000
G1 X83.92 Y133.119 F18000
G1 X83.988 Y133.122
G1 X83.987 Y133.152
M204 P1500
;TYPE:Inner wall
;WIDTH:0.45
G1 F1539
G1 X84 Y133.151 E.00042
G2 X84 Y128.847 I.004 J-2.152 E.21765
G1 X83.839 Y128.854 E.00518
G2 X83.831 Y133.144 I.165 J2.145 E.20646
G1 X83.927 Y133.149 E.00309
G1 E-1.75 F6000
;WIPE_START
G1 X84 Y133.151 E-.05463
G1 X84.169 Y133.146 E-.12687
G1 X84.502 Y133.093 E-.25312
G1 X84.824 Y132.989 E-.25327
G1 X84.899 Y132.954 E-.06212
;WIPE_END
G1 X85.014 Y133.203 Z12.84 F18000
G1 X136 Y133.427
G1 X136.004 Y133.79
G1 Z12.64
G1 E2.5 F6000
M204 P1000
;TYPE:Outer wall
;WIDTH:0.42
G1 F1539
G1 X136 Y133.787 E.00013
G3 X136 Y128.21 I-.006 J-2.789 E.26131
G1 X136.206 Y128.218 E.00614
G3 X136.436 Y133.752 I-.212 J2.781 E.24143
G1 X136.064 Y133.784 E.01113
G1 X136.05 Y133.425 F18000
G1 X136 Y133.427
G1 X135.999 Y133.427
G1 X136 Y133.397
M204 P1500
;TYPE:Inner wall
;WIDTH:0.45
G1 F1539
G3 X135.812 Y128.61 I-.011 J-2.397 E.23674
G3 X136.166 Y128.609 I.183 J2.26 E.01139
G1 X136.304 Y128.624 E.00446
G3 X136.06 Y133.396 I-.314 J2.376 E.22972
M204 T1000
G1 X136.049 Y133.12 F18000
G1 X136 Y133.122
G1 X135.98 Y133.122
G1 X135.994 Y132.76
M204 P1000
;TYPE:Outer wall
;WIDTH:0.42
G1 F1539
G1 X136 Y132.759 E.00017
G2 X136 Y129.24 I.004 J-1.759 E.16488
G1 X135.869 Y129.245 E.00391
G2 X135.59 Y132.709 I.135 J1.754 E.14817
G1 X135.935 Y132.752 E.01036
M204 T2000
G1 X135.92 Y133.119 F18000
G1 X136 Y133.122
G1 X136.012 Y133.122
G1 X136.013 Y133.152
M204 P1500
;TYPE:Inner wall
;WIDTH:0.45
G1 F1539
G1 X136.169 Y133.144 E.00503
G2 X136 Y128.847 I-.165 J-2.145 E.21222
G1 X135.839 Y128.854 E.00518
G2 X135.953 Y133.15 I.165 J2.145 E.21039
G1 E-1.75 F6000
;WIPE_START
G1 X136.169 Y133.144 E-.16206
G1 X136.502 Y133.093 E-.25303
G1 X136.824 Y132.989 E-.25327
G1 X136.922 Y132.943 E-.08164
;WIPE_END
G1 X136.91 Y132.916 Z12.84 F18000
G1 X136.964 Y132.891
G1 X137.109 Y132.81
G1 X137.247 Y132.717
G1 X137.378 Y132.614
G1 X137.501 Y132.501
G1 X137.614 Y132.378
G1 X137.717 Y132.247
G1 X137.81 Y132.109
G1 X137.891 Y131.964
G1 X137.961 Y131.812
G1 X138.018 Y131.656
G1 X138.064 Y131.495
G1 X138.096 Y131.332
G1 X138.116 Y131.167
G1 X138.122 Y131
G1 X138.116 Y130.833
G1 X138.096 Y130.667
G1 X138.062 Y130.497
G1 X138.018 Y130.344
G1 X137.961 Y130.188
G1 X137.891 Y130.036
G1 X137.809 Y129.89
G1 X137.712 Y129.746
G1 X137.614 Y129.622
G1 X136.828 Y128.72
G1 X136 Y91.427
G1 X136.004 Y91.79
G1 Z12.64
G1 E2.5 F6000
M204 P1000
;TYPE:Outer wall
;WIDTH:0.42
G1 F1539
G1 X136 Y91.787 E.00013
G3 X136 Y86.21 I-.006 J-2.789 E.26131
G1 X136.206 Y86.218 E.00614
G3 X136.436 Y91.752 I-.212 J2.781 E.24143
G1 X136.064 Y91.784 E.01113
G1 X136.05 Y91.425 F18000
G1 X136 Y91.427
G1 X135.999 Y91.427
G1 X136 Y91.397
M204 P1500
;TYPE:Inner wall
;WIDTH:0.45
G1 F1539
G3 X135.812 Y86.61 I-.011 J-2.397 E.23674
G3 X136.166 Y86.609 I.183 J2.26 E.01139
G1 X136.304 Y86.624 E.00446
G3 X136.06 Y91.396 I-.314 J2.376 E.22972
M204 T1000
G1 X136.049 Y91.12 F18000
G1 X136 Y91.122
G1 X135.98 Y91.122
G1 X135.994 Y90.76
M204 P1000
;TYPE:Outer wall
;WIDTH:0.42
G1 F1539
G1 X136 Y90.759 E.00017
G2 X136 Y87.24 I.004 J-1.759 E.16488
G1 X135.869 Y87.245 E.00391
G2 X135.59 Y90.709 I.135 J1.754 E.14817
G1 X135.935 Y90.752 E.01036
M204 T2000
G1 X135.92 Y91.119 F18000
G1 X136 Y91.122
G1 X136.012 Y91.122
G1 X136.013 Y91.152
M204 P1500
;TYPE:Inner wall
;WIDTH:0.45
G1 F1539
G1 X136.169 Y91.144 E.00503
G2 X136 Y86.847 I-.165 J-2.145 E.21222
G1 X135.839 Y86.854 E.00518
G2 X135.953 Y91.15 I.165 J2.145 E.21039
; stop printing object base_plate.stl id:0 copy 0
;LAYER_CHANGE
;Z:12.84
;HEIGHT:0.2
G92 E0 ; zero the extruded length again
; BEFORE_LAYER_CHANGE 63 @ 12.84mm
G1 E-1.75 F6000
;WIPE_START
G1 X136.169 Y91.144 E-.16207
G1 X136.502 Y91.093 E-.25303
G1 X136.824 Y90.989 E-.25327
G1 X136.922 Y90.943 E-.08163
;WIPE_END
; AFTER_LAYER_CHANGE 63 @ 12.84mm
;_SET_FAN_SPEED_CHANGING_LAYER
; printing object base_plate.stl id:0 copy 0
G17
G3 Z13.04 I-.553 J.255 P1  F18000
G1 X137.037 Y91.192 Z13.04
G1 X136.109 Y128.577
G1 X138.069 Y129.732
G1 X138.242 Y131.929
G1 X136.567 Y133.36
G1 X136.19 Y133.42
G1 X136 Y133.427
G1 X135.996 Y133.79
G1 Z12.84
G1 E2.5 F6000
M204 P1000
;TYPE:Outer wall
;WIDTH:0.42
G1 F1546
G1 X135.564 Y133.754 E.01291
G3 X136 Y128.21 I.433 J-2.755 E.2481
G1 X136.212 Y128.218 E.00631
G3 X136.055 Y133.787 I-.215 J2.78 E.25282
G1 X136.041 Y133.426 F18000
G1 X136 Y133.427
G1 X135.999 Y133.427
G1 X136 Y133.396
M204 P1500
;TYPE:Inner wall
;WIDTH:0.45
G1 F1546
G3 X135.812 Y128.61 I-.009 J-2.396 E.23663
G3 X136.242 Y128.617 I.187 J1.789 E.01387
G1 X136.309 Y128.624 E.00216
G3 X136.06 Y133.395 I-.318 J2.375 E.2296
M204 T1000
G1 X136.049 Y133.12 F18000
G1 X136 Y133.122
G1 X135.982 Y133.122
G1 X135.996 Y132.76
M204 P1000
;TYPE:Outer wall
;WIDTH:0.42
G1 F1546
G1 X136 Y132.759 E.00012
G2 X136 Y129.24 I.002 J-1.76 E.16479
G1 X135.866 Y129.245 E.004
G2 X135.59 Y132.71 I.137 J1.754 E.14817
G1 X135.937 Y132.752 E.01041
M204 T2000
G1 X135.922 Y133.119 F18000
G1 X136 Y133.122
G1 X136.012 Y133.122
G1 X136.013 Y133.152
M204 P1500
;TYPE:Inner wall
;WIDTH:0.45
G1 F1546
G1 X136.169 Y133.144 E.00503
G2 X136 Y128.847 I-.166 J-2.145 E.21211
G1 X135.835 Y128.854 E.0053
G2 X135.953 Y133.15 I.167 J2.145 E.21039
G1 E-1.75 F6000
;WIPE_START
G1 X136.169 Y133.144 E-.16207
G1 X136.502 Y133.093 E-.25306
G1 X136.824 Y132.989 E-.25323
G1 X136.922 Y132.943 E-.08164
;WIPE_END
G1 X136.91 Y132.916 Z13.04 F18000
G1 X136.964 Y132.891
G1 X137.109 Y132.81
G1 X137.247 Y132.717
G1 X137.378 Y132.614
G1 X137.501 Y132.501
G1 X137.614 Y132.378
G1 X137.717 Y132.247
G1 X137.81 Y132.109
G1 X137.891 Y131.964
G1 X137.961 Y131.812
G1 X138.019 Y131.655
G1 X138.065 Y131.491
G1 X138.096 Y131.332
G1 X138.116 Y131.167
G1 X138.122 Y131
G1 X138.116 Y130.833
G1 X138.096 Y130.667
G1 X138.062 Y130.5
G1 X138.018 Y130.344
G1 X137.961 Y130.188
G1 X137.891 Y130.036
G1 X137.81 Y129.891
G1 X137.717 Y129.753
G1 X137.614 Y129.622
G1 X136.827 Y128.72
G1 X136 Y91.427
G1 X135.996 Y91.79
G1 Z12.84
G1 E2.5 F6000
M204 P1000
;TYPE:Outer wall
;WIDTH:0.42
G1 F1546
G1 X135.564 Y91.754 E.01291
G3 X136 Y86.21 I.433 J-2.755 E.2481
G1 X136.212 Y86.218 E.00631
G3 X136.055 Y91.787 I-.215 J2.78 E.25282
G1 X136.041 Y91.426 F18000
G1 X136 Y91.427
G1 X135.999 Y91.427
G1 X136 Y91.396
M204 P1500
;TYPE:Inner wall
;WIDTH:0.45
G1 F1546
G3 X135.812 Y86.61 I-.009 J-2.396 E.23663
G3 X136.242 Y86.617 I.187 J1.789 E.01387
G1 X136.309 Y86.624 E.00216
G3 X136.06 Y91.395 I-.318 J2.375 E.2296
M204 T1000
G1 X136.049 Y91.12 F18000
G1 X136 Y91.122
G1 X135.982 Y91.122
G1 X135.996 Y90.76
M204 P1000
;TYPE:Outer wall
;WIDTH:0.42
G1 F1546
G1 X136 Y90.759 E.00012
G2 X136 Y87.24 I.002 J-1.76 E.16479
G1 X135.866 Y87.245 E.004
G2 X135.59 Y90.71 I.137 J1.754 E.14817
G1 X135.937 Y90.752 E.01041
M204 T2000
G1 X135.922 Y91.119 F18000
G1 X136 Y91.122
G1 X136.012 Y91.122
G1 X136.013 Y91.152
M204 P1500
;TYPE:Inner wall
;WIDTH:0.45
G1 F1546
G1 X136.169 Y91.144 E.00503
G2 X136 Y86.847 I-.166 J-2.145 E.21211
G1 X135.835 Y86.854 E.0053
G2 X135.953 Y91.15 I.167 J2.145 E.21039
G1 E-1.75 F6000
;WIPE_START
G1 X136.169 Y91.144 E-.16207
G1 X136.502 Y91.093 E-.25306
G1 X136.824 Y90.989 E-.25323
G1 X136.922 Y90.943 E-.08164
;WIPE_END
G1 X136.91 Y90.916 Z13.04 F18000
G1 X136.812 Y90.961
G1 X136.656 Y91.018
G1 X136.495 Y91.064
G1 X136.332 Y91.096
G1 X136.167 Y91.116
G1 X136 Y91.122
G1 X135.833 Y91.116
G1 X134.598 Y90.98
G1 X84 Y91.427
G1 X83.996 Y91.79
G1 Z12.84
G1 E2.5 F6000
M204 P1000
;TYPE:Outer wall
;WIDTH:0.42
G1 F1546
G1 X83.564 Y91.754 E.01291
G3 X84 Y86.21 I.433 J-2.755 E.2481
G1 X84.212 Y86.218 E.00631
G3 X84.055 Y91.787 I-.215 J2.78 E.25282
G1 X84.041 Y91.426 F18000
G1 X84 Y91.427
G1 X83.999 Y91.427
G1 X84 Y91.396
M204 P1500
;TYPE:Inner wall
;WIDTH:0.45
G1 F1546
G3 X83.812 Y86.61 I-.009 J-2.396 E.23663
G3 X84.242 Y86.617 I.187 J1.789 E.01387
G1 X84.309 Y86.624 E.00216
G3 X84.06 Y91.395 I-.318 J2.375 E.2296
M204 T1000
G1 X84.049 Y91.12 F18000
G1 X84.043 Y91.121
G1 X84.028 Y90.757
M204 P1000
;TYPE:Outer wall
;WIDTH:0.42
G1 F1546
G1 X84.411 Y90.711 E.01147
G2 X84 Y87.24 I-.408 J-1.711 E.15245
G1 X83.866 Y87.245 E.004
G2 X83.969 Y90.758 I.137 J1.754 E.15957
M204 T2000
G1 X83.954 Y91.121 F18000
G1 X84 Y91.122
G1 X84.012 Y91.122
G1 X84.013 Y91.152
M204 P1500
;TYPE:Inner wall
;WIDTH:0.45
G1 F1546
G1 X84.169 Y91.144 E.00502
G2 X84 Y86.847 I-.166 J-2.145 E.21211
G1 X83.835 Y86.854 E.0053
G2 X83.953 Y91.15 I.167 J2.145 E.21039
G1 E-1.75 F6000
;WIPE_START
G1 X84.169 Y91.144 E-.16207
G1 X84.502 Y91.093 E-.25306
G1 X84.824 Y90.989 E-.25323
G1 X84.922 Y90.943 E-.08164
;WIPE_END
G1 X85.037 Y91.192 Z13.04 F18000
G1 X84.109 Y128.577
G1 X86.069 Y129.732
G1 X86.242 Y131.929
G1 X84.567 Y133.36
G1 X84.19 Y133.42
G1 X84 Y133.427
G1 X83.996 Y133.79
G1 Z12.84
G1 E2.5 F6000
M204 P1000
;TYPE:Outer wall
;WIDTH:0.42
G1 F1546
G1 X83.564 Y133.754 E.01291
G3 X84 Y128.21 I.433 J-2.755 E.2481
G1 X84.212 Y128.218 E.00631
G3 X84.055 Y133.787 I-.215 J2.78 E.25282
G1 X84.041 Y133.426 F18000
G1 X84 Y133.427
G1 X83.999 Y133.427
G1 X84 Y133.396
M204 P1500
;TYPE:Inner wall
;WIDTH:0.45
G1 F1546
G3 X83.812 Y128.61 I-.009 J-2.396 E.23663
G3 X84.242 Y128.617 I.187 J1.789 E.01387
G1 X84.309 Y128.624 E.00216
G3 X84.06 Y133.395 I-.318 J2.375 E.2296
M204 T1000
G1 X84.049 Y133.12 F18000
G1 X84 Y133.122
G1 X83.982 Y133.122
G1 X83.996 Y132.76
M204 P1000
;TYPE:Outer wall
;WIDTH:0.42
G1 F1546
G1 X84 Y132.759 E.00012
G2 X84 Y129.24 I.002 J-1.76 E.16479
G1 X83.866 Y129.245 E.004
G2 X83.59 Y132.71 I.137 J1.754 E.14817
G1 X83.937 Y132.752 E.01041
M204 T2000
G1 X83.922 Y133.119 F18000
G1 X84 Y133.122
G1 X84.012 Y133.122
G1 X84.013 Y133.152
M204 P1500
;TYPE:Inner wall
;WIDTH:0.45
G1 F1546
G1 X84.169 Y133.144 E.00503
G2 X84 Y128.847 I-.166 J-2.145 E.21211
G1 X83.835 Y128.854 E.0053
G2 X83.953 Y133.15 I.167 J2.145 E.21039
; stop printing object base_plate.stl id:0 copy 0
;LAYER_CHANGE
;Z:13.04
;HEIGHT:0.2
G92 E0 ; zero the extruded length again
; BEFORE_LAYER_CHANGE 64 @ 13.04mm
G1 E-1.75 F6000
;WIPE_START
G1 X84.169 Y133.144 E-.16207
G1 X84.502 Y133.093 E-.25306
G1 X84.824 Y132.989 E-.25323
G1 X84.922 Y132.943 E-.08164
;WIPE_END
; AFTER_LAYER_CHANGE 64 @ 13.04mm
;_SET_FAN_SPEED_CHANGING_LAYER
; printing object base_plate.stl id:0 copy 0
G17
G3 Z13.24 I.608 J-.014 P1  F18000
G1 X83.986 Y91.781 Z13.24
G1 Z13.04
G1 E2.5 F6000
M204 P1000
;TYPE:Outer wall
;WIDTH:0.42
G1 F3172
G1 X83.781 Y91.779 E.00609
G3 X84 Y86.21 I.219 J-2.78 E.25446
G1 X84.217 Y86.219 E.00648
G3 X84.219 Y91.779 I-.217 J2.78 E.24795
G1 X84.046 Y91.781 E.00515
G1 E-1.75 F6000
;WIPE_START
G1 F3600
G1 X83.781 Y91.779 E-.19844
G1 X83.564 Y91.756 E-.16419
G1 X83.138 Y91.653 E-.32838
G1 X83.065 Y91.623 E-.05899
;WIPE_END
G1 X84.025 Y90.755 Z13.24 F18000
G1 Z13.04
G1 E2.5 F6000
G1 F3172
G1 X83.862 Y90.753 E.00485
G3 X83.725 Y87.261 I.138 J-1.754 E.15228
G1 X83.862 Y87.245 E.00411
G3 X84.138 Y90.753 I.138 J1.754 E.16467
G1 X84.085 Y90.754 E.00159
G1 E-1.75 F6000
;WIPE_START
G1 F3600
G1 X83.862 Y90.753 E-.16704
G1 X83.456 Y90.674 E-.31015
G1 X83.201 Y90.568 E-.20716
G1 X83.128 Y90.52 E-.06565
;WIPE_END
G1 X84.704 Y87.044 Z13.24 F18000
G1 X84.948 Y86.505 Z13.24
G1 Z13.04
G1 E2.5 F6000
;TYPE:Top surface
;WIDTH:0.426785
G1 F1800
G1 X83.769 Y86.505 E.03576
G2 X82.655 Y86.889 I.313 J2.716 E.03601
G1 X85.337 Y86.889 E.0813
G3 X85.814 Y87.273 I-1.757 J2.676 E.01861
G1 X85.07 Y87.273 E.02256
G2 X84.166 Y86.962 I-1.078 J1.668 E.02927
G1 X83.834 Y86.962 E.01007
G1 X83.374 Y87.054 E.01423
G2 X82.919 Y87.273 I.462 J1.542 E.01536
G1 X81.966 Y87.273 E.02888
G1 X82.712 Y87.656 F18000
G1 F1800
G1 X81.893 Y87.656 E.02482
G2 X81.693 Y88.04 I1.114 J.824 E.01318
G1 X82.199 Y88.04 E.01533
G1 X82.044 Y88.424 E.01255
G1 X81.569 Y88.424 E.01441
G2 X81.502 Y88.808 I2.08 J.562 E.01183
G1 X81.968 Y88.808 E.01413
G1 X81.968 Y89.192 E.01164
G1 X81.502 Y89.192 E.01413
G2 X81.569 Y89.576 I2.126 J-.175 E.01183
G1 X82.044 Y89.576 E.01441
G1 X82.054 Y89.626 E.00156
G2 X82.198 Y89.96 I1.122 J-.288 E.01106
G1 X81.693 Y89.96 E.01532
G2 X81.888 Y90.344 I1.699 J-.62 E.01308
G1 X82.707 Y90.344 E.02485
G1 E-1.75 F6000
;WIPE_START
G1 F1800
G1 X81.888 Y90.344 E-.61463
G1 X81.796 Y90.188 E-.13537
;WIPE_END
G1 X84.887 Y87.95 Z13.24 F18000
G1 X85.293 Y87.656 Z13.24
G1 Z13.04
G1 E2.5 F6000
G1 F1800
G1 X86.112 Y87.656 E.02485
G3 X86.307 Y88.04 I-1.504 J1.004 E.01308
G1 X85.802 Y88.04 E.01532
G3 X85.956 Y88.424 I-2.438 J1.203 E.01256
G1 X86.431 Y88.424 E.01441
G3 X86.498 Y88.808 I-2.058 J.558 E.01183
G1 X86.032 Y88.808 E.01413
G1 X86.032 Y89.192 E.01164
G1 X86.498 Y89.192 E.01413
G3 X86.431 Y89.576 I-2.148 J-.178 E.01183
G1 X85.956 Y89.576 E.01441
G1 X85.801 Y89.96 E.01255
G1 X86.307 Y89.96 E.01533
G3 X86.107 Y90.344 I-1.314 J-.44 E.01318
G1 X85.288 Y90.344 E.02482
G1 X86.033 Y90.727 F18000
G1 F1800
G1 X85.081 Y90.727 E.02888
G3 X84.166 Y91.038 I-1.126 J-1.816 E.02955
G1 X83.834 Y91.038 E.01007
G1 X83.374 Y90.946 E.01423
G3 X82.93 Y90.727 I.327 J-1.223 E.0151
G1 X82.186 Y90.727 E.02256
G2 X82.663 Y91.111 I2.234 J-2.292 E.01861
G1 X85.345 Y91.111 E.0813
G3 X84.231 Y91.495 I-1.427 J-2.333 E.03602
G1 X83.052 Y91.495 E.03575
G1 E-1.75 F6000
;WIPE_START
G1 F1800
G1 X84.052 Y91.495 E-.75
;WIPE_END
G1 X84.046 Y95.311 Z13.24 F18000
G1 X83.986 Y133.781 Z13.24
G1 Z13.04
G1 E2.5 F6000
;TYPE:Outer wall
;WIDTH:0.42
G1 F3172
G1 X83.781 Y133.779 E.00609
G3 X84 Y128.21 I.219 J-2.78 E.25446
G1 X84.217 Y128.219 E.00648
G3 X84.219 Y133.779 I-.217 J2.78 E.24795
G1 X84.046 Y133.781 E.00515
G1 E-1.75 F6000
;WIPE_START
G1 F3600
G1 X83.781 Y133.779 E-.19844
G1 X83.564 Y133.756 E-.16419
G1 X83.138 Y133.653 E-.32838
G1 X83.065 Y133.623 E-.05899
;WIPE_END
G1 X83.993 Y132.755 Z13.24 F18000
G1 Z13.04
G1 E2.5 F6000
G1 F3172
G1 X83.862 Y132.753 E.0039
G3 X83.725 Y129.261 I.138 J-1.754 E.15228
G1 X83.862 Y129.245 E.00411
G3 X84.138 Y132.753 I.138 J1.754 E.16467
G1 X84.053 Y132.754 E.00254
G1 E-1.75 F6000
;WIPE_START
G1 F3600
G1 X83.862 Y132.753 E-.14331
G1 X83.456 Y132.674 E-.31015
G1 X83.201 Y132.568 E-.20716
G1 X83.102 Y132.502 E-.08939
;WIPE_END
G1 X84.702 Y129.038 Z13.24 F18000
G1 X84.948 Y128.505 Z13.24
G1 Z13.04
G1 E2.5 F6000
;TYPE:Top surface
;WIDTH:0.426785
G1 F1800
G1 X83.769 Y128.505 E.03576
G2 X82.655 Y128.889 I.313 J2.716 E.03601
G1 X85.337 Y128.889 E.0813
G3 X85.814 Y129.273 I-1.757 J2.676 E.01861
G1 X85.07 Y129.273 E.02256
G2 X84.166 Y128.962 I-1.078 J1.668 E.02927
G1 X83.834 Y128.962 E.01007
G1 X83.374 Y129.054 E.01423
G2 X82.919 Y129.273 I.462 J1.542 E.01536
G1 X81.966 Y129.273 E.02888
G1 X82.712 Y129.656 F18000
G1 F1800
G1 X81.893 Y129.656 E.02482
G2 X81.693 Y130.04 I1.114 J.824 E.01318
G1 X82.199 Y130.04 E.01533
G1 X82.044 Y130.424 E.01255
G1 X81.569 Y130.424 E.01441
G2 X81.502 Y130.808 I2.08 J.562 E.01183
G1 X81.968 Y130.808 E.01413
G1 X81.968 Y131.192 E.01164
G1 X81.502 Y131.192 E.01413
G2 X81.569 Y131.576 I2.126 J-.175 E.01183
G1 X82.044 Y131.576 E.01441
G1 X82.054 Y131.626 E.00156
G2 X82.198 Y131.96 I1.122 J-.288 E.01106
G1 X81.693 Y131.96 E.01532
G2 X81.888 Y132.344 I1.699 J-.62 E.01308
G1 X82.707 Y132.344 E.02485
G1 E-1.75 F6000
;WIPE_START
G1 F1800
G1 X81.888 Y132.344 E-.61463
G1 X81.796 Y132.188 E-.13537
;WIPE_END
G1 X84.887 Y129.95 Z13.24 F18000
G1 X85.293 Y129.656 Z13.24
G1 Z13.04
G1 E2.5 F6000
G1 F1800
G1 X86.112 Y129.656 E.02485
G3 X86.307 Y130.04 I-1.504 J1.004 E.01308
G1 X85.802 Y130.04 E.01532
G3 X85.956 Y130.424 I-2.438 J1.203 E.01256
G1 X86.431 Y130.424 E.01441
G3 X86.498 Y130.808 I-2.058 J.558 E.01183
G1 X86.032 Y130.808 E.01413
G1 X86.032 Y131.192 E.01164
G1 X86.498 Y131.192 E.01413
G3 X86.431 Y131.576 I-2.148 J-.178 E.01183
G1 X85.956 Y131.576 E.01441
G1 X85.801 Y131.96 E.01255
G1 X86.307 Y131.96 E.01533
G3 X86.107 Y132.344 I-1.314 J-.44 E.01318
G1 X85.288 Y132.344 E.02482
G1 X86.033 Y132.727 F18000
G1 F1800
G1 X85.081 Y132.727 E.02888
G3 X84.166 Y133.038 I-1.126 J-1.816 E.02955
G1 X83.834 Y133.038 E.01007
G1 X83.374 Y132.946 E.01423
G3 X82.93 Y132.727 I.327 J-1.223 E.0151
G1 X82.186 Y132.727 E.02256
G2 X82.663 Y133.111 I2.234 J-2.292 E.01861
G1 X85.345 Y133.111 E.0813
G3 X84.231 Y133.495 I-1.427 J-2.333 E.03602
G1 X83.052 Y133.495 E.03575
G1 E-1.75 F6000
;WIPE_START
G1 F1800
G1 X84.052 Y133.495 E-.75
;WIPE_END
G1 X87.868 Y133.516 Z13.24 F18000
G1 X135.986 Y133.781 Z13.24
G1 Z13.04
G1 E2.5 F6000
;TYPE:Outer wall
;WIDTH:0.42
G1 F3172
G1 X135.781 Y133.779 E.00609
G3 X136 Y128.21 I.219 J-2.78 E.25446
G1 X136.217 Y128.219 E.00648
G3 X136.219 Y133.779 I-.217 J2.78 E.24795
G1 X136.046 Y133.781 E.00515
G1 E-1.75 F6000
;WIPE_START
G1 F3600
G1 X135.781 Y133.779 E-.19844
G1 X135.564 Y133.756 E-.16419
G1 X135.138 Y133.653 E-.32838
G1 X135.065 Y133.623 E-.05899
;WIPE_END
G1 X135.993 Y132.755 Z13.24 F18000
G1 Z13.04
G1 E2.5 F6000
G1 F3172
G1 X135.862 Y132.753 E.0039
G3 X135.725 Y129.261 I.138 J-1.754 E.15228
G1 X135.862 Y129.245 E.00411
G3 X136.138 Y132.753 I.138 J1.754 E.16467
G1 X136.053 Y132.754 E.00254
G1 E-1.75 F6000
;WIPE_START
G1 F3600
G1 X135.862 Y132.753 E-.1433
G1 X135.456 Y132.674 E-.31015
G1 X135.201 Y132.568 E-.20716
G1 X135.102 Y132.502 E-.08939
;WIPE_END
G1 X136.702 Y129.038 Z13.24 F18000
G1 X136.948 Y128.505 Z13.24
G1 Z13.04
G1 E2.5 F6000
;TYPE:Top surface
;WIDTH:0.426785
G1 F1800
G1 X135.769 Y128.505 E.03576
G2 X134.655 Y128.889 I.313 J2.716 E.03601
G1 X137.337 Y128.889 E.0813
G3 X137.814 Y129.273 I-1.757 J2.676 E.01861
G1 X137.07 Y129.273 E.02256
G2 X136.166 Y128.962 I-1.078 J1.668 E.02927
G1 X135.834 Y128.962 E.01007
G1 X135.374 Y129.054 E.01423
G2 X134.919 Y129.273 I.462 J1.542 E.01536
G1 X133.966 Y129.273 E.02888
G1 X134.712 Y129.656 F18000
G1 F1800
G1 X133.893 Y129.656 E.02482
G2 X133.693 Y130.04 I1.114 J.824 E.01318
G1 X134.199 Y130.04 E.01533
G1 X134.044 Y130.424 E.01255
G1 X133.569 Y130.424 E.01441
G2 X133.502 Y130.808 I2.08 J.562 E.01183
G1 X133.968 Y130.808 E.01413
G1 X133.968 Y131.192 E.01164
G1 X133.502 Y131.192 E.01413
G2 X133.569 Y131.576 I2.126 J-.175 E.01183
G1 X134.044 Y131.576 E.01441
G1 X134.054 Y131.626 E.00156
G2 X134.198 Y131.96 I1.122 J-.288 E.01106
G1 X133.693 Y131.96 E.01532
G2 X133.888 Y132.344 I1.699 J-.62 E.01308
G1 X134.707 Y132.344 E.02485
G1 E-1.75 F6000
;WIPE_START
G1 F1800
G1 X133.888 Y132.344 E-.61463
G1 X133.796 Y132.188 E-.13537
;WIPE_END
G1 X136.887 Y129.95 Z13.24 F18000
G1 X137.293 Y129.656 Z13.24
G1 Z13.04
G1 E2.5 F6000
G1 F1800
G1 X138.112 Y129.656 E.02485
G3 X138.307 Y130.04 I-1.504 J1.004 E.01308
G1 X137.802 Y130.04 E.01532
G3 X137.956 Y130.424 I-2.438 J1.203 E.01256
G1 X138.431 Y130.424 E.01441
G3 X138.498 Y130.808 I-2.059 J.558 E.01183
G1 X138.032 Y130.808 E.01413
G1 X138.032 Y131.192 E.01164
G1 X138.498 Y131.192 E.01413
G3 X138.431 Y131.576 I-2.148 J-.178 E.01183
G1 X137.956 Y131.576 E.01441
G1 X137.801 Y131.96 E.01255
G1 X138.307 Y131.96 E.01533
G3 X138.107 Y132.344 I-1.314 J-.44 E.01318
G1 X137.288 Y132.344 E.02482
G1 X138.033 Y132.727 F18000
G1 F1800
G1 X137.081 Y132.727 E.02888
G3 X136.166 Y133.038 I-1.126 J-1.816 E.02955
G1 X135.834 Y133.038 E.01007
G1 X135.374 Y132.946 E.01423
G3 X134.93 Y132.727 I.327 J-1.223 E.0151
G1 X134.186 Y132.727 E.02256
G2 X134.664 Y133.111 I2.234 J-2.292 E.01861
G1 X137.345 Y133.111 E.0813
G3 X136.23 Y133.495 I-1.427 J-2.333 E.03602
G1 X135.052 Y133.495 E.03575
G1 E-1.75 F6000
;WIPE_START
G1 F1800
G1 X136.052 Y133.495 E-.75
;WIPE_END
G1 X136.046 Y129.679 Z13.24 F18000
G1 X135.986 Y91.781 Z13.24
G1 Z13.04
G1 E2.5 F6000
;TYPE:Outer wall
;WIDTH:0.42
G1 F3172
G1 X135.781 Y91.779 E.00609
G3 X136 Y86.21 I.219 J-2.78 E.25446
G1 X136.217 Y86.219 E.00648
G3 X136.219 Y91.779 I-.217 J2.78 E.24795
G1 X136.046 Y91.781 E.00515
G1 E-1.75 F6000
;WIPE_START
G1 F3600
G1 X135.781 Y91.779 E-.19844
G1 X135.564 Y91.756 E-.16419
G1 X135.138 Y91.653 E-.32838
G1 X135.065 Y91.623 E-.05899
;WIPE_END
G1 X135.993 Y90.755 Z13.24 F18000
G1 Z13.04
G1 E2.5 F6000
G1 F3172
G1 X135.862 Y90.753 E.0039
G3 X135.725 Y87.261 I.138 J-1.754 E.15228
G1 X135.862 Y87.245 E.00411
G3 X136.138 Y90.753 I.138 J1.754 E.16467
G1 X136.053 Y90.754 E.00254
G1 E-1.75 F6000
;WIPE_START
G1 F3600
G1 X135.862 Y90.753 E-.1433
G1 X135.456 Y90.674 E-.31015
G1 X135.201 Y90.568 E-.20716
G1 X135.102 Y90.502 E-.08939
;WIPE_END
G1 X136.702 Y87.038 Z13.24 F18000
G1 X136.948 Y86.505 Z13.24
G1 Z13.04
G1 E2.5 F6000
;TYPE:Top surface
;WIDTH:0.426785
G1 F1800
G1 X135.769 Y86.505 E.03576
G2 X134.655 Y86.889 I.313 J2.716 E.03601
G1 X137.337 Y86.889 E.0813
G3 X137.814 Y87.273 I-1.757 J2.676 E.01861
G1 X137.07 Y87.273 E.02256
G2 X136.166 Y86.962 I-1.078 J1.668 E.02927
G1 X135.834 Y86.962 E.01007
G1 X135.374 Y87.054 E.01423
G2 X134.919 Y87.273 I.462 J1.542 E.01536
G1 X133.966 Y87.273 E.02888
G1 X134.712 Y87.656 F18000
G1 F1800
G1 X133.893 Y87.656 E.02482
G2 X133.693 Y88.04 I1.114 J.824 E.01318
G1 X134.199 Y88.04 E.01533
G1 X134.044 Y88.424 E.01255
G1 X133.569 Y88.424 E.01441
G2 X133.502 Y88.808 I2.08 J.562 E.01183
G1 X133.968 Y88.808 E.01413
G1 X133.968 Y89.192 E.01164
G1 X133.502 Y89.192 E.01413
G2 X133.569 Y89.576 I2.126 J-.175 E.01183
G1 X134.044 Y89.576 E.01441
G1 X134.054 Y89.626 E.00156
G2 X134.198 Y89.96 I1.122 J-.288 E.01106
G1 X133.693 Y89.96 E.01532
G2 X133.888 Y90.344 I1.699 J-.62 E.01308
G1 X134.707 Y90.344 E.02485
G1 E-1.75 F6000
;WIPE_START
G1 F1800
G1 X133.888 Y90.344 E-.61463
G1 X133.796 Y90.188 E-.13537
;WIPE_END
G1 X136.887 Y87.95 Z13.24 F18000
G1 X137.293 Y87.656 Z13.24
G1 Z13.04
G1 E2.5 F6000
G1 F1800
G1 X138.112 Y87.656 E.02485
G3 X138.307 Y88.04 I-1.504 J1.004 E.01308
G1 X137.802 Y88.04 E.01532
G3 X137.956 Y88.424 I-2.438 J1.203 E.01256
G1 X138.431 Y88.424 E.01441
G3 X138.498 Y88.808 I-2.059 J.558 E.01183
G1 X138.032 Y88.808 E.01413
G1 X138.032 Y89.192 E.01164
G1 X138.498 Y89.192 E.01413
G3 X138.431 Y89.576 I-2.148 J-.178 E.01183
G1 X137.956 Y89.576 E.01441
G1 X137.801 Y89.96 E.01255
G1 X138.307 Y89.96 E.01533
G3 X138.107 Y90.344 I-1.314 J-.44 E.01318
G1 X137.288 Y90.344 E.02482
G1 X138.033 Y90.727 F18000
G1 F1800
G1 X137.081 Y90.727 E.02888
G3 X136.166 Y91.038 I-1.126 J-1.816 E.02955
G1 X135.834 Y91.038 E.01007
G1 X135.374 Y90.946 E.01423
G3 X134.93 Y90.727 I.327 J-1.223 E.0151
G1 X134.186 Y90.727 E.02256
G2 X134.664 Y91.111 I2.234 J-2.292 E.01861
G1 X137.345 Y91.111 E.0813
G3 X136.23 Y91.495 I-1.427 J-2.333 E.03602
G1 X135.052 Y91.495 E.03575
; stop printing object base_plate.stl id:0 copy 0
G1 E-1.75 F6000
;WIPE_START
G1 F1800
G1 X136.052 Y91.495 E-.75
;WIPE_END
M106 S0
;TYPE:Custom
; filament end gcode 
;M106 P3 S0
M140 S0 ; heatbed off
M107 ; fan off
G91 ; relative positioning
M83 ; extruder relative mode
G1 E-3 F3000 ; retract
G1 Z+0.5 F3000 ; lift nozzle
M104 S0 ; extruder off
G28 X Y ; home X/Y
G90 ; absolute positioning
G1 Y220 F3000
M84 ; steppers off
M300 S1318 P266
; EXECUTABLE_BLOCK_END

; filament used [mm] = 3091.22
; filament used [cm3] = 7.44
; filament used [g] = 9.22
; filament cost = 0.17
; total filament used [g] = 9.22
; total filament cost = 0.17
; total layers count = 65
; estimated printing time (normal mode) = 44m 17s
; estimated first layer printing time (normal mode) = 4m 29s

; CONFIG_BLOCK_START
; accel_to_decel_enable = 1
; accel_to_decel_factor = 50%
; activate_air_filtration = 0
; activate_air_filtration_during_print = 1
; activate_air_filtration_on_completion = 1
; activate_chamber_temp_control = 0
; adaptive_bed_mesh_margin = 0
; adaptive_pressure_advance = 0
; adaptive_pressure_advance_bridges = 0
; adaptive_pressure_advance_model = "0,0,0\n0,0,0"
; adaptive_pressure_advance_overhangs = 0
; additional_cooling_fan_speed = 0
; additional_fan_full_speed_layer = 0
; align_infill_direction_to_model = 0
; alternate_extra_wall = 0
; auxiliary_fan = 0
; bbl_calib_mark_logo = 1
; bbl_use_printhost = 0
; bed_custom_model = 
; bed_custom_texture = 
; bed_exclude_area = 0x0
; bed_mesh_max = 0,0
; bed_mesh_min = 0,0
; bed_mesh_probe_distance = 0,0
; bed_temperature_formula = by_highest_temp
; before_layer_change_gcode = G92 E0 ; zero the extruded length again\n; BEFORE_LAYER_CHANGE [layer_num] @ [layer_z]mm
; best_object_pos = 0.5,0.5
; bottom_shell_layers = 4
; bottom_shell_thickness = 0.6
; bottom_solid_infill_flow_ratio = 1
; bottom_surface_density = 100%
; bottom_surface_filament_id = 0
; bottom_surface_pattern = monotonic
; bridge_acceleration = 50%
; bridge_angle = 0
; bridge_density = 100%
; bridge_flow = 0.9
; bridge_line_width = 100%
; bridge_no_support = 1
; bridge_speed = 25
; brim_ears_detection_length = 1
; brim_ears_max_angle = 125
; brim_flow_ratio = 1
; brim_object_gap = 0.15
; brim_type = outer_only
; brim_use_efc_outline = 0
; brim_width = 5
; calib_flowrate_topinfill_special_order = 0
; chamber_minimal_temperature = 0
; chamber_temperature = 0
; change_extrusion_role_gcode = 
; change_filament_gcode = 
; close_additional_fan_first_x_layers = 1
; close_fan_the_first_x_layers = 3
; combine_brims = 0
; compatible_printers_condition = 
; complete_print_exhaust_fan_speed = 70
; cool_plate_temp = 80
; cool_plate_temp_initial_layer = 80
; cooling_tube_length = 0
; cooling_tube_retraction = 0
; counterbore_hole_bridging = none
; curr_bed_type = Cool Plate
; default_acceleration = 2000
; default_filament_colour = ""
; default_filament_profile = "Anycubic Generic PLA"
; default_jerk = 0
; default_junction_deviation = 0
; default_print_profile = 0.20mm Standard @Anycubic Kobra Neo 0.4 nozzle
; deretraction_speed = 0
; detect_narrow_internal_solid_infill = 1
; detect_overhang_wall = 1
; detect_thin_wall = 0
; different_settings_to_system = ;;
; disable_m73 = 1
; dont_filter_internal_bridges = disabled
; dont_slow_down_outer_wall = 0
; draft_shield = disabled
; during_print_exhaust_fan_speed = 70
; elefant_foot_compensation = 0.075
; elefant_foot_compensation_layers = 1
; elefant_foot_layers_density = 100%
; emit_machine_limits_to_gcode = 1
; enable_arc_fitting = 1
; enable_extra_bridge_layer = disabled
; enable_filament_ramming = 0
; enable_long_retraction_when_cut = 0
; enable_overhang_bridge_fan = 1
; enable_overhang_speed = 1
; enable_power_loss_recovery = printer_configuration
; enable_pressure_advance = 0
; enable_prime_tower = 0
; enable_support = 0
; enable_tower_interface_cooldown_during_tower = 0
; enable_tower_interface_features = 0
; enable_wrapping_detection = 0
; enforce_support_layers = 0
; eng_plate_temp = 60
; eng_plate_temp_initial_layer = 60
; ensure_vertical_shell_thickness = ensure_all
; exclude_object = 0
; extra_loading_move = 0
; extra_perimeters_on_overhangs = 1
; extra_solid_infills = 
; extruder_ams_count = 
; extruder_clearance_height_to_lid = 20
; extruder_clearance_height_to_rod = 20
; extruder_clearance_radius = 20
; extruder_colour = #F2754E
; extruder_offset = 0x0
; extruder_printable_area = 
; extruder_printable_height = 0
; extruder_type = Direct Drive
; extrusion_rate_smoothing_external_perimeter_only = 0
; fan_cooling_layer_time = 30
; fan_kickstart = 0
; fan_max_speed = 70
; fan_min_speed = 40
; fan_speedup_overhangs = 1
; fan_speedup_time = 0
; filament_adaptive_volumetric_speed = 0
; filament_adhesiveness_category = 0
; filament_change_extrusion_role_gcode = ""
; filament_change_length = 10
; filament_colour = #F2754E
; filament_cooling_before_tower = 10
; filament_cooling_final_speed = 3.4
; filament_cooling_initial_speed = 2.2
; filament_cooling_moves = 4
; filament_cost = 18
; filament_density = 1.24
; filament_diameter = 1.75
; filament_end_gcode = "; filament end gcode \n;M106 P3 S0\n"
; filament_extruder_variant = "Direct Drive Standard"
; filament_flow_ratio = 0.95
; filament_flush_temp = 0
; filament_flush_volumetric_speed = 0
; filament_ids = NUMPETGHS
; filament_is_support = 0
; filament_loading_speed = 28
; filament_loading_speed_start = 3
; filament_map = 1
; filament_map_mode = Auto For Flush
; filament_max_volumetric_speed = 8
; filament_minimal_purge_on_wipe_tower = 15
; filament_multitool_ramming = 0
; filament_multitool_ramming_flow = 10
; filament_multitool_ramming_volume = 10
; filament_notes = ""
; filament_printable = 3
; filament_ramming_parameters = "120 100 6.6 6.8 7.2 7.6 7.9 8.2 8.7 9.4 9.9 10.0| 0.05 6.6 0.45 6.8 0.95 7.8 1.45 8.3 1.95 9.7 2.45 10 2.95 7.6 3.45 7.6 3.95 7.6 4.45 7.6 4.95 7.6"
; filament_self_index = 1
; filament_settings_id = "numakers PETG-HS Braillix"
; filament_shrink = 100%
; filament_shrinkage_compensation_z = 100%
; filament_soluble = 0
; filament_stamping_distance = 0
; filament_stamping_loading_speed = 0
; filament_start_gcode = "; Filament gcode\n;{if activate_air_filtration[current_extruder] && support_air_filtration}\n;M106 P3 S{during_print_exhaust_fan_speed_num[current_extruder]} \n;{endif}"
; filament_toolchange_delay = 0
; filament_tower_interface_pre_extrusion_dist = 10
; filament_tower_interface_pre_extrusion_length = 0
; filament_tower_interface_print_temp = -1
; filament_tower_interface_purge_volume = 20
; filament_tower_ironing_area = 4
; filament_type = PETG
; filament_unloading_speed = 90
; filament_unloading_speed_start = 100
; filament_vendor = numakers
; file_start_gcode = 
; filename_format = {input_filename_base}_{filament_type[0]}_{layer_height}_{print_time}.gcode
; fill_multiline = 1
; filter_out_gap_fill = 0
; first_layer_flow_ratio = 1
; first_layer_print_sequence = 0
; first_x_layer_fan_speed = 0
; flush_into_infill = 0
; flush_into_objects = 0
; flush_into_support = 0
; flush_multiplier = 0.3
; flush_volumes_matrix = 0,280,280,280,280,0,280,280,280,280,0,280,280,280,280,0
; flush_volumes_vector = 140,140,140,140,140,140,140,140
; full_fan_speed_layer = 3
; fuzzy_skin = none
; fuzzy_skin_first_layer = 0
; fuzzy_skin_layers_between_ripple_offset = 1
; fuzzy_skin_mode = displacement
; fuzzy_skin_noise_type = classic
; fuzzy_skin_octaves = 4
; fuzzy_skin_persistence = 0.5
; fuzzy_skin_point_distance = 0.8
; fuzzy_skin_ripple_offset = 50%
; fuzzy_skin_ripples_per_layer = 15
; fuzzy_skin_scale = 1
; fuzzy_skin_thickness = 0.3
; gap_fill_flow_ratio = 1
; gap_fill_target = topbottom
; gap_infill_speed = 100
; gcode_add_line_number = 0
; gcode_comments = 0
; gcode_flavor = marlin2
; gcode_label_objects = 1
; grab_length = 0
; gyroid_optimized = 0
; has_scarf_joint_seam = 0
; head_wrap_detect_zone = 
; high_current_on_filament_swap = 0
; hole_to_polyhole = 0
; hole_to_polyhole_threshold = 0.01
; hole_to_polyhole_twisted = 1
; host_type = octoprint
; hot_plate_temp = 80
; hot_plate_temp_initial_layer = 80
; idle_temperature = 0
; independent_support_layer_height = 1
; infill_anchor = 400
; infill_anchor_max = 10
; infill_combination = 0
; infill_combination_max_layer_height = 100%
; infill_direction = 45
; infill_jerk = 9
; infill_lock_depth = 1
; infill_overhang_angle = 60
; infill_shift_step = 0.4
; infill_wall_overlap = 15%
; inherits_group = ;;
; initial_layer_acceleration = 500
; initial_layer_infill_speed = 50
; initial_layer_jerk = 9
; initial_layer_line_width = 0.5
; initial_layer_min_bead_width = 85%
; initial_layer_print_height = 0.24
; initial_layer_speed = 50
; initial_layer_travel_acceleration = 100%
; initial_layer_travel_jerk = 100%
; initial_layer_travel_speed = 100%
; inner_wall_acceleration = 1500
; inner_wall_filament_id = 0
; inner_wall_flow_ratio = 1
; inner_wall_jerk = 10
; inner_wall_line_width = 0.45
; inner_wall_speed = 100
; input_shaping_damp_x = 0.1
; input_shaping_damp_y = 0.1
; input_shaping_emit = 0
; input_shaping_freq_x = 0
; input_shaping_freq_y = 0
; input_shaping_type = Default
; interface_shells = 0
; interlocking_beam = 0
; interlocking_beam_layer_count = 2
; interlocking_beam_width = 0.8
; interlocking_boundary_avoidance = 2
; interlocking_depth = 2
; interlocking_orientation = 22.5
; internal_bridge_angle = 0
; internal_bridge_density = 100%
; internal_bridge_fan_speed = -1
; internal_bridge_flow = 1
; internal_bridge_speed = 150%
; internal_solid_filament_id = 0
; internal_solid_infill_acceleration = 100%
; internal_solid_infill_flow_ratio = 1
; internal_solid_infill_line_width = 0.42
; internal_solid_infill_pattern = rectilinear
; internal_solid_infill_speed = 100
; ironing_angle = 0
; ironing_angle_fixed = 0
; ironing_fan_speed = -1
; ironing_flow = 15%
; ironing_inset = 0
; ironing_pattern = rectilinear
; ironing_spacing = 0.1
; ironing_speed = 15
; ironing_type = no ironing
; is_infill_first = 0
; lateral_lattice_angle_1 = -45
; lateral_lattice_angle_2 = 45
; layer_change_gcode = ; AFTER_LAYER_CHANGE [layer_num] @ [layer_z]mm
; layer_height = 0.2
; lightning_overhang_angle = 45
; lightning_prune_angle = 45
; lightning_straightening_angle = 45
; line_width = 0.42
; long_retractions_when_cut = 0
; long_retractions_when_ec = 0
; machine_end_gcode = M140 S0 ; heatbed off\nM107 ; fan off\nG91 ; relative positioning\nM83 ; extruder relative mode\nG1 E-3 F3000 ; retract\nG1 Z+0.5 F3000 ; lift nozzle\nM104 S0 ; extruder off\nG28 X Y ; home X/Y\nG90 ; absolute positioning\nG1 Y220 F3000\nM84 ; steppers off\nM300 S1318 P266
; machine_load_filament_time = 42
; machine_max_acceleration_e = 2000,2000
; machine_max_acceleration_extruding = 2000,2000
; machine_max_acceleration_retracting = 2000,2000
; machine_max_acceleration_travel = 20000,20000
; machine_max_acceleration_x = 2000,2000
; machine_max_acceleration_y = 2000,2000
; machine_max_acceleration_z = 800,800
; machine_max_jerk_e = 5,5
; machine_max_jerk_x = 10,10
; machine_max_jerk_y = 10,10
; machine_max_jerk_z = 2,2
; machine_max_junction_deviation = 0.01
; machine_max_speed_e = 100,100
; machine_max_speed_x = 300,300
; machine_max_speed_y = 300,300
; machine_max_speed_z = 8,8
; machine_min_extruding_rate = 0,0
; machine_min_travel_rate = 0,0
; machine_pause_gcode = M601
; machine_start_gcode = G21 ; metric values\nG90 ; use absolute coordinates\nM83 ; extruder relative mode\nM104 S[first_layer_temperature] ; set extruder temp\nM140 S[first_layer_bed_temperature] ; set bed temp\nG28 ; home all axes\nG29 ; auto bed leveling\nM300 S1318 P266\nG1 Z5 F5000 ; lift nozzle\nG1 X0 Y0 F3000\nG1 Z0.3 ; lower nozzle\nG92 E0 ; zero extruded length\nG1 X10 Y5 F1800 ; move to purge line start\nM190 S[first_layer_bed_temperature] ; wait for bed temp\nM109 S[first_layer_temperature] ; wait for extruder temp\nG1 X60 Y5 E20 F500 ; purge line\nG92 E0 ; zero extruded length\nG1 E-4.5 F4000 ; retract\nG92 E0 ; zero extruded length\nG1 X120 F4000 ; wipe\nM117 Printing...
; machine_tool_change_time = 0
; machine_unload_filament_time = 0
; make_overhang_printable = 0
; make_overhang_printable_angle = 55
; make_overhang_printable_hole_size = 0
; manual_filament_change = 0
; master_extruder_id = 1
; max_bridge_length = 10
; max_layer_height = 0.28
; max_resonance_avoidance_speed = 120
; max_travel_detour_distance = 0
; max_volumetric_extrusion_rate_slope = 0
; max_volumetric_extrusion_rate_slope_segment_length = 5
; min_bead_width = 85%
; min_feature_size = 25%
; min_layer_height = 0.08
; min_length_factor = 0.5
; min_resonance_avoidance_speed = 70
; min_skirt_length = 0
; min_width_top_surface = 300%
; minimum_sparse_infill_area = 15
; mmu_segmented_region_interlocking_depth = 0
; mmu_segmented_region_max_width = 0
; notes = 
; nozzle_diameter = 0.4
; nozzle_flush_dataset = 0
; nozzle_height = 4
; nozzle_hrc = 0
; nozzle_temperature = 230
; nozzle_temperature_initial_layer = 235
; nozzle_temperature_range_high = 260
; nozzle_temperature_range_low = 220
; nozzle_type = brass
; nozzle_volume = 0
; nozzle_volume_type = Standard
; only_one_wall_first_layer = 0
; only_one_wall_top = 1
; ooze_prevention = 0
; other_layers_print_sequence = 0
; other_layers_print_sequence_nums = 0
; outer_wall_acceleration = 1000
; outer_wall_filament_id = 0
; outer_wall_flow_ratio = 1
; outer_wall_jerk = 10
; outer_wall_line_width = 0.42
; outer_wall_speed = 60
; overhang_1_4_speed = 60
; overhang_2_4_speed = 50
; overhang_3_4_speed = 30
; overhang_4_4_speed = 10
; overhang_fan_speed = 50
; overhang_fan_threshold = 50%
; overhang_flow_ratio = 1
; overhang_reverse = 0
; overhang_reverse_internal_only = 0
; overhang_reverse_threshold = 50%
; parallel_printheads_bed_exclude_areas = 
; parallel_printheads_count = 1
; parking_pos_retraction = 0
; part_cooling_fan_min_pwm = 0
; physical_extruder_map = 0
; post_process = 
; precise_outer_wall = 0
; precise_z_height = 0
; preferred_orientation = 0
; preheat_steps = 1
; preheat_time = 30
; pressure_advance = 0.02
; prime_tower_brim_width = 5
; prime_tower_enable_framework = 0
; prime_tower_flat_ironing = 0
; prime_tower_infill_gap = 150%
; prime_tower_skip_points = 1
; prime_tower_width = 45
; prime_volume = 45
; print_compatible_printers = "Anycubic Kobra Neo 0.4 nozzle"
; print_extruder_id = 1
; print_extruder_variant = "Direct Drive Standard"
; print_flow_ratio = 1
; print_order = default
; print_sequence = by layer
; print_settings_id = Braillix 0.20mm PETG
; printable_area = 0x0,220x0,220x220,0x220
; printable_height = 250
; printer_extruder_id = 1
; printer_extruder_variant = "Direct Drive Standard"
; printer_model = Anycubic Kobra Neo
; printer_notes = 
; printer_settings_id = Anycubic Kobra Neo 0.4 nozzle
; printer_structure = i3
; printer_technology = FFF
; printer_variant = 0.4
; printhost_authorization_type = key
; printhost_ssl_ignore_revoke = 0
; printing_by_object_gcode = 
; process_change_extrusion_role_gcode = 
; purge_in_prime_tower = 0
; raft_contact_distance = 0.1
; raft_expansion = 1.5
; raft_first_layer_density = 90%
; raft_first_layer_expansion = 2
; raft_layers = 0
; reduce_crossing_wall = 1
; reduce_fan_stop_start_freq = 1
; reduce_infill_retraction = 1
; relative_bridge_angle = 0
; required_nozzle_HRC = 3
; resolution = 0.012
; resonance_avoidance = 0
; retract_before_wipe = 70%
; retract_length_toolchange = 0
; retract_lift_above = 0.3
; retract_lift_below = 258
; retract_lift_enforce = All Surfaces
; retract_restart_extra = 0
; retract_restart_extra_toolchange = 0
; retract_when_changing_layer = 1
; retraction_distances_when_cut = 18
; retraction_distances_when_ec = 10
; retraction_length = 2.5
; retraction_minimum_travel = 1
; retraction_speed = 100
; role_based_wipe_speed = 1
; scan_first_layer = 0
; scarf_angle_threshold = 155
; scarf_joint_flow_ratio = 1
; scarf_joint_speed = 100%
; scarf_overhang_threshold = 40%
; seam_gap = 15%
; seam_position = back
; seam_slope_conditional = 0
; seam_slope_entire_loop = 0
; seam_slope_inner_walls = 0
; seam_slope_min_length = 20
; seam_slope_start_height = 0
; seam_slope_steps = 10
; seam_slope_type = none
; set_other_flow_ratios = 0
; silent_mode = 0
; single_extruder_multi_material = 1
; single_extruder_multi_material_priming = 0
; single_loop_draft_shield = 0
; skeleton_infill_density = 25%
; skeleton_infill_line_width = 100%
; skin_infill_density = 25%
; skin_infill_depth = 2
; skin_infill_line_width = 100%
; skirt_distance = 2
; skirt_height = 1
; skirt_loops = 0
; skirt_speed = 50
; skirt_start_angle = -135
; skirt_type = combined
; slice_closing_radius = 0.049
; slicing_mode = regular
; slow_down_for_layer_cooling = 1
; slow_down_layer_time = 10
; slow_down_layers = 1
; slow_down_min_speed = 10
; slowdown_for_curled_perimeters = 0
; small_area_infill_flow_compensation = 0
; small_area_infill_flow_compensation_model = 0,0;"\n0.2,0.4444";"\n0.4,0.6145";"\n0.6,0.7059";"\n0.8,0.7619";"\n1.5,0.8571";"\n2,0.8889";"\n3,0.9231";"\n5,0.9520";"\n10,1"
; small_perimeter_speed = 50%
; small_perimeter_threshold = 0
; solid_infill_direction = 45
; solid_infill_rotate_template = 0,90
; sparse_infill_acceleration = 100%
; sparse_infill_density = 25%
; sparse_infill_filament_id = 0
; sparse_infill_flow_ratio = 1
; sparse_infill_line_width = 0.45
; sparse_infill_pattern = crosshatch
; sparse_infill_rotate_template = 
; sparse_infill_speed = 150
; spiral_finishing_flow_ratio = 0
; spiral_mode = 0
; spiral_mode_max_xy_smoothing = 200%
; spiral_mode_smooth = 0
; spiral_starting_flow_ratio = 0
; staggered_inner_seams = 0
; standby_temperature_delta = -5
; start_end_points = 30x-3,54x245
; supertack_plate_temp = 35
; supertack_plate_temp_initial_layer = 35
; support_air_filtration = 1
; support_angle = 0
; support_base_pattern = rectilinear
; support_base_pattern_spacing = 0.2
; support_bottom_interface_spacing = 0.5
; support_bottom_z_distance = 0.1
; support_chamber_temp_control = 1
; support_critical_regions_only = 0
; support_expansion = 0
; support_filament = 0
; support_flow_ratio = 1
; support_interface_bottom_layers = -1
; support_interface_filament = 0
; support_interface_flow_ratio = 1
; support_interface_loop_pattern = 0
; support_interface_not_for_body = 1
; support_interface_pattern = auto
; support_interface_spacing = 0.5
; support_interface_speed = 80
; support_interface_top_layers = 2
; support_ironing = 0
; support_ironing_flow = 10%
; support_ironing_pattern = rectilinear
; support_ironing_spacing = 0.1
; support_line_width = 0.4
; support_material_interface_fan_speed = -1
; support_multi_bed_types = 0
; support_object_first_layer_gap = 0.2
; support_object_skip_flush = 0
; support_object_xy_distance = 0.35
; support_on_build_plate_only = 1
; support_parallel_printheads = 0
; support_remove_small_overhang = 1
; support_speed = 100
; support_style = default
; support_threshold_angle = 40
; support_threshold_overlap = 50%
; support_top_z_distance = 0.1
; support_type = tree(auto)
; symmetric_infill_y_axis = 0
; temperature_vitrification = 85
; template_custom_gcode = 
; textured_cool_plate_temp = 40
; textured_cool_plate_temp_initial_layer = 40
; textured_plate_temp = 80
; textured_plate_temp_initial_layer = 80
; thick_bridges = 0
; thick_internal_bridges = 1
; thumbnails = 230x110/PNG
; thumbnails_format = PNG
; time_cost = 0
; time_lapse_gcode = 
; timelapse_type = 0
; tool_change_on_wipe_tower = 0
; top_bottom_infill_wall_overlap = 25%
; top_shell_layers = 5
; top_shell_thickness = 1
; top_solid_infill_flow_ratio = 1
; top_surface_acceleration = 1000
; top_surface_density = 100%
; top_surface_filament_id = 0
; top_surface_jerk = 9
; top_surface_line_width = 0.42
; top_surface_pattern = monotonic
; top_surface_speed = 30
; travel_acceleration = 2000
; travel_jerk = 10
; travel_slope = 3
; travel_speed = 300
; travel_speed_z = 0
; tree_support_angle_slow = 25
; tree_support_auto_brim = 1
; tree_support_branch_angle = 40
; tree_support_branch_angle_organic = 40
; tree_support_branch_diameter = 5
; tree_support_branch_diameter_angle = 5
; tree_support_branch_diameter_organic = 2
; tree_support_branch_distance = 5
; tree_support_branch_distance_organic = 1
; tree_support_brim_width = 3
; tree_support_tip_diameter = 0.8
; tree_support_top_rate = 30%
; tree_support_wall_count = 0
; upward_compatible_machine = 
; use_3mf = 0
; use_firmware_retraction = 0
; use_relative_e_distances = 1
; volumetric_speed_coefficients = ""
; wall_direction = ccw
; wall_distribution_count = 1
; wall_generator = classic
; wall_loops = 3
; wall_maximum_deviation = 0.025
; wall_maximum_resolution = 0.5
; wall_sequence = outer wall/inner wall
; wall_transition_angle = 10
; wall_transition_filter_deviation = 25%
; wall_transition_length = 100%
; wipe = 1
; wipe_before_external_loop = 0
; wipe_distance = 1
; wipe_on_loops = 0
; wipe_speed = 80%
; wipe_tower_bridging = 10
; wipe_tower_cone_angle = 15
; wipe_tower_extra_flow = 100%
; wipe_tower_extra_rib_length = 0
; wipe_tower_extra_spacing = 100%
; wipe_tower_filament = 0
; wipe_tower_fillet_wall = 1
; wipe_tower_max_purge_speed = 90
; wipe_tower_no_sparse_layers = 0
; wipe_tower_rib_width = 8
; wipe_tower_rotation_angle = 0
; wipe_tower_type = type2
; wipe_tower_wall_type = rib
; wipe_tower_x = 15.000
; wipe_tower_x = 15
; wipe_tower_y = 220.000
; wipe_tower_y = 220
; wiping_volumes_extruders = 70,70,70,70,70,70,70,70,70,70
; wrapping_detection_gcode = 
; wrapping_detection_layers = 20
; wrapping_exclude_area = 
; xy_contour_compensation = 0
; xy_hole_compensation = 0.1
; z_hop = 0.2
; z_hop_types = Auto Lift
; z_offset = 0
; zaa_dont_alternate_fill_direction = 0
; zaa_enabled = 0
; zaa_min_z = 0.05
; zaa_minimize_perimeter_height = 35
; first_layer_bed_temperature = 80
; bed_shape = 0x0,220x0,220x220,0x220
; first_layer_temperature = 235
; first_layer_height = 0.240
; CONFIG_BLOCK_END


