; HEADER_BLOCK_START
; generated by OrcaSlicer 2.4.2 on 2026-07-31 at 13:11:39
; total layer number: 82
; filament_density: 1.24
; filament_diameter: 1.75
; max_z_height: 16.44
; filament: 1
; HEADER_BLOCK_END

; external perimeters extrusion width = 0.42mm
; perimeters extrusion width = 0.45mm
; infill extrusion width = 0.45mm
; solid infill extrusion width = 0.42mm
; top infill extrusion width = 0.42mm
; first layer extrusion width = 0.50mm

; EXECUTABLE_BLOCK_START
M201 X2000 Y2000 Z800 E2000
M203 X300 Y300 Z8 E100
M204 P2000 R2000 T20000 ; sets acceleration (P, T) and retract acceleration (R), mm/sec^2
M205 X10.00 Y10.00 Z2.00 E5.00 ; sets the jerk limits, mm/sec
M205 J0.010
;TYPE:Custom
G21 ; metric values
G90 ; use absolute coordinates
M83 ; extruder relative mode
M104 S235 ; set extruder temp
M140 S80 ; set bed temp
G28 ; home all axes
G29 ; auto bed leveling
M300 S1318 P266
G1 Z5 F5000 ; lift nozzle
G1 X0 Y0 F3000
G1 Z0.3 ; lower nozzle
G92 E0 ; zero extruded length
G1 X10 Y5 F1800 ; move to purge line start
M190 S80 ; wait for bed temp
M109 S235 ; wait for extruder temp
G1 X60 Y5 E20 F500 ; purge line
G92 E0 ; zero extruded length
G1 E-4.5 F4000 ; retract
G92 E0 ; zero extruded length
G1 X120 F4000 ; wipe
M117 Printing...
G90
G21
M83 ; use relative distances for extrusion
; Filament gcode
;
M106 S0
;LAYER_CHANGE
;Z:0.24
;HEIGHT:0.24
G92 E0 ; zero the extruded length again
; BEFORE_LAYER_CHANGE 0 @ 0.24mm
G1 E-2.5 F6000
; AFTER_LAYER_CHANGE 0 @ 0.24mm
;_SET_FAN_SPEED_CHANGING_LAYER
M204 P500
M204 T2000
G1 X80.125 Y118.037 F18000
G1 Z.24
G1 Z.24
G1 E2.5 F6000
;TYPE:Brim
;WIDTH:0.5
G1 F3000
G1 X80.844 Y117.674 E.03423
G1 X81.551 Y117.447 E.03158
G1 X82.183 Y117.351 E.02715
G1 X97.492 Y117.339 E.65084
G1 X98.134 Y117.387 E.02738
G1 X98.756 Y117.529 E.02711
G1 X99.202 Y117.694 E.02023
G1 X99.876 Y118.04 E.0322
G1 X100.386 Y118.417 E.02697
G1 X100.836 Y118.866 E.02702
G1 X101.213 Y119.375 E.02693
G1 X101.576 Y120.094 E.03423
G1 X101.803 Y120.801 E.03158
G1 X101.898 Y121.428 E.02698
G1 X101.911 Y134.242 E.54474
G1 X101.863 Y134.884 E.02738
G1 X101.721 Y135.506 E.02711
G1 X101.556 Y135.952 E.02023
G1 X101.21 Y136.626 E.0322
G1 X100.833 Y137.136 E.02697
G1 X100.384 Y137.586 E.02702
G1 X99.875 Y137.963 E.02693
G1 X99.156 Y138.326 E.03423
G1 X98.449 Y138.553 E.03158
G1 X97.817 Y138.649 E.02715
G1 X97.496 Y138.661 E.01369
G1 X82.508 Y138.661 E.63716
G1 X81.866 Y138.613 E.02738
G1 X81.244 Y138.471 E.02711
G1 X80.798 Y138.306 E.02023
G1 X80.124 Y137.96 E.0322
G1 X79.614 Y137.583 E.02697
G1 X79.164 Y137.134 E.02702
G1 X78.787 Y136.625 E.02693
G1 X78.424 Y135.906 E.03423
G1 X78.197 Y135.199 E.03158
G1 X78.101 Y134.567 E.02715
G1 X78.089 Y134.246 E.01369
G1 X78.089 Y121.758 E.53088
G1 X78.137 Y121.116 E.02738
G1 X78.279 Y120.494 E.02711
G1 X78.444 Y120.048 E.02023
G1 X78.79 Y119.374 E.0322
G1 X79.167 Y118.864 E.02697
G1 X79.616 Y118.414 E.02702
G1 X80.077 Y118.073 E.02438
G1 X80.345 Y118.433 F18000
G1 F3000
G1 X80.352 Y118.427 E.0004
G1 X81.005 Y118.095 E.03113
G1 X81.643 Y117.888 E.02854
G1 X82.207 Y117.801 E.02422
G1 X97.48 Y117.788 E.64933
G1 X98.077 Y117.834 E.02544
G1 X98.636 Y117.963 E.02438
G1 X99.028 Y118.109 E.01781
G1 X99.629 Y118.418 E.02872
G1 X100.085 Y118.752 E.02404
G1 X100.502 Y119.168 E.02502
G1 X100.835 Y119.622 E.02394
G1 X101.155 Y120.255 E.03017
G1 X101.367 Y120.914 E.02945
G1 X101.449 Y121.472 E.02399
G1 X101.462 Y134.23 E.54238
G1 X101.416 Y134.827 E.02544
G1 X101.292 Y135.369 E.02363
G1 X101.147 Y135.763 E.01787
G1 X100.832 Y136.379 E.0294
G1 X100.485 Y136.85 E.02489
G1 X100.097 Y137.238 E.02332
G1 X99.648 Y137.573 E.02383
G1 X98.995 Y137.905 E.03113
G1 X98.336 Y138.117 E.02945
G1 X97.783 Y138.2 E.02377
G1 X97.485 Y138.212 E.01268
G1 X82.52 Y138.212 E.6362
G1 X81.923 Y138.166 E.02545
G1 X81.381 Y138.042 E.02363
G1 X80.987 Y137.897 E.01787
G1 X80.371 Y137.582 E.0294
G1 X79.9 Y137.235 E.02489
G1 X79.512 Y136.847 E.02332
G1 X79.177 Y136.398 E.02383
G1 X78.845 Y135.745 E.03113
G1 X78.633 Y135.086 E.02945
G1 X78.55 Y134.533 E.02377
G1 X78.538 Y134.24 E.01246
G1 X78.538 Y121.77 E.53013
G1 X78.584 Y121.173 E.02545
G1 X78.708 Y120.631 E.02363
G1 X78.853 Y120.237 E.01787
G1 X79.168 Y119.621 E.0294
G1 X79.515 Y119.15 E.02489
G1 X79.903 Y118.762 E.02332
G1 X80.297 Y118.468 E.02088
G1 X80.564 Y118.828 F18000
G1 F3000
G1 X80.58 Y118.816 E.00086
G1 X81.167 Y118.515 E.02803
G1 X81.737 Y118.329 E.02549
G1 X82.251 Y118.25 E.02213
G1 X97.468 Y118.237 E.64692
G1 X97.999 Y118.278 E.02263
G1 X98.515 Y118.396 E.0225
G1 X98.854 Y118.524 E.01539
G1 X99.383 Y118.796 E.02531
G1 X99.8 Y119.101 E.02195
G1 X100.153 Y119.454 E.02123
G1 X100.445 Y119.848 E.02086
G1 X100.734 Y120.416 E.02709
G1 X100.925 Y121.006 E.02636
G1 X101 Y121.496 E.02107
G1 X101.013 Y134.218 E.54087
G1 X100.969 Y134.769 E.02348
G1 X100.863 Y135.233 E.02022
G1 X100.738 Y135.576 E.01551
G1 X100.454 Y136.133 E.02658
G1 X100.137 Y136.564 E.02279
G1 X99.795 Y136.904 E.02047
G1 X99.42 Y137.184 E.01992
G1 X98.834 Y137.484 E.02799
G1 X98.222 Y137.68 E.02729
G1 X97.747 Y137.752 E.02042
G1 X97.473 Y137.764 E.01168
G1 X82.532 Y137.763 E.63518
G1 X81.981 Y137.719 E.02351
G1 X81.517 Y137.613 E.02022
G1 X81.174 Y137.488 E.01551
G1 X80.617 Y137.204 E.02658
G1 X80.186 Y136.887 E.02279
G1 X79.846 Y136.545 E.02047
G1 X79.566 Y136.17 E.01992
G1 X79.266 Y135.584 E.02799
G1 X79.07 Y134.972 E.02729
G1 X78.998 Y134.497 E.02043
G1 X78.986 Y134.228 E.01146
G1 X78.987 Y121.782 E.52911
G1 X79.031 Y121.231 E.02351
G1 X79.137 Y120.767 E.02022
G1 X79.262 Y120.424 E.01551
G1 X79.546 Y119.867 E.02658
G1 X79.863 Y119.436 E.02279
G1 X80.205 Y119.096 E.02047
G1 X80.516 Y118.864 E.01651
G1 X80.785 Y119.223 F18000
G1 F3000
G1 X80.809 Y119.205 E.00128
G1 X81.331 Y118.936 E.02494
G1 X81.831 Y118.771 E.02242
G1 X82.296 Y118.698 E.02001
G1 X97.456 Y118.686 E.6445
G1 X97.941 Y118.725 E.02066
G1 X98.394 Y118.83 E.01976
G1 X98.678 Y118.938 E.01296
G1 X99.137 Y119.174 E.02193
G1 X99.514 Y119.45 E.01987
G1 X99.805 Y119.74 E.01748
G1 X100.056 Y120.076 E.0178
G1 X100.313 Y120.578 E.02401
G1 X100.484 Y121.099 E.02329
G1 X100.55 Y121.52 E.01812
G1 X100.564 Y134.206 E.53932
G1 X100.522 Y134.71 E.02151
G1 X100.434 Y135.097 E.01688
G1 X100.329 Y135.389 E.01315
G1 X100.076 Y135.886 E.02374
G1 X99.788 Y136.278 E.02067
G1 X99.509 Y136.557 E.01678
G1 X99.191 Y136.795 E.01689
G1 X98.672 Y137.063 E.02485
G1 X98.109 Y137.244 E.02511
G1 X97.711 Y137.304 E.0171
G1 X97.46 Y137.315 E.01067
G1 X82.545 Y137.314 E.63411
G1 X82.04 Y137.272 E.02155
G1 X81.653 Y137.184 E.01688
G1 X81.361 Y137.079 E.01315
G1 X80.864 Y136.826 E.02374
G1 X80.472 Y136.538 E.02067
G1 X80.193 Y136.259 E.01678
G1 X79.955 Y135.941 E.01689
G1 X79.687 Y135.422 E.02485
G1 X79.506 Y134.859 E.02511
G1 X79.446 Y134.461 E.01711
G1 X79.435 Y134.215 E.01045
G1 X79.436 Y121.795 E.52804
G1 X79.478 Y121.29 E.02155
G1 X79.566 Y120.903 E.01688
G1 X79.671 Y120.611 E.01315
G1 X79.924 Y120.114 E.02374
G1 X80.212 Y119.722 E.02067
G1 X80.491 Y119.443 E.01678
G1 X80.737 Y119.259 E.01306
G1 X81.008 Y119.617 F18000
G1 F3000
G1 X81.039 Y119.593 E.00169
G1 X81.495 Y119.355 E.02186
G1 X81.926 Y119.212 E.01931
G1 X82.341 Y119.147 E.01787
G1 X97.444 Y119.135 E.64206
G1 X97.862 Y119.169 E.01783
G1 X98.271 Y119.263 E.01786
G1 X98.503 Y119.352 E.01053
G1 X98.892 Y119.552 E.01859
G1 X99.229 Y119.799 E.01778
G1 X99.471 Y120.042 E.0146
G1 X99.667 Y120.305 E.01393
G1 X99.893 Y120.742 E.02092
G1 X100.043 Y121.194 E.02023
G1 X100.1 Y121.545 E.01513
G1 X100.115 Y134.194 E.53773
G1 X100.076 Y134.651 E.01952
G1 X100.005 Y134.963 E.01361
G1 X99.919 Y135.202 E.0108
G1 X99.698 Y135.641 E.02087
G1 X99.44 Y135.992 E.01853
G1 X99.221 Y136.21 E.01314
G1 X98.961 Y136.407 E.01389
G1 X98.509 Y136.642 E.02166
G1 X97.996 Y136.807 E.02292
G1 X97.674 Y136.856 E.01382
G1 X97.447 Y136.867 E.00967
G1 X82.569 Y136.866 E.63253
G1 X82.099 Y136.826 E.02005
G1 X81.787 Y136.755 E.01361
G1 X81.548 Y136.669 E.0108
G1 X81.109 Y136.448 E.02087
G1 X80.758 Y136.19 E.01853
G1 X80.54 Y135.971 E.01314
G1 X80.343 Y135.711 E.01389
G1 X80.108 Y135.259 E.02166
G1 X79.943 Y134.746 E.02292
G1 X79.894 Y134.424 E.01383
G1 X79.883 Y134.202 E.00945
G1 X79.885 Y121.808 E.52692
G1 X79.924 Y121.349 E.01958
G1 X79.995 Y121.037 E.01361
G1 X80.081 Y120.798 E.0108
G1 X80.302 Y120.359 E.02087
G1 X80.56 Y120.008 E.01853
G1 X80.779 Y119.79 E.01314
G1 X80.96 Y119.653 E.00964
G1 X81.245 Y120.019 F18000
G1 F3000
G1 X81.347 Y119.939 E.00552
G1 X81.666 Y119.771 E.0153
G1 X81.966 Y119.674 E.01341
G1 X82.545 Y119.582 E.02494
G1 X97.464 Y119.582 E.63427
G1 X97.896 Y119.635 E.01851
G1 X98.298 Y119.761 E.0179
G1 X98.686 Y119.968 E.0187
G1 X98.976 Y120.19 E.01552
G1 X99.248 Y120.508 E.01778
G1 X99.48 Y120.919 E.02008
G1 X99.576 Y121.216 E.01326
G1 X99.668 Y121.795 E.02494
G1 X99.668 Y134.214 E.52798
G1 X99.615 Y134.646 E.01851
G1 X99.489 Y135.048 E.0179
G1 X99.282 Y135.436 E.0187
G1 X99.06 Y135.726 E.01552
G1 X98.742 Y135.998 E.01778
G1 X98.331 Y136.23 E.02008
G1 X98.034 Y136.326 E.01326
G1 X97.455 Y136.418 E.02494
G1 X82.536 Y136.418 E.63427
G1 X82.104 Y136.365 E.01851
G1 X81.702 Y136.239 E.0179
G1 X81.314 Y136.032 E.0187
G1 X81.024 Y135.81 E.01552
G1 X80.752 Y135.492 E.01778
G1 X80.52 Y135.081 E.02008
G1 X80.424 Y134.784 E.01326
G1 X80.332 Y134.205 E.02494
G1 X80.344 Y121.626 E.5348
G1 X80.413 Y121.241 E.01662
G1 X80.566 Y120.828 E.01869
G1 X80.775 Y120.478 E.01737
G1 X81.026 Y120.189 E.01626
G1 X81.198 Y120.056 E.00922
G1 X81.477 Y120.401 F18000
G1 F3000
G1 X81.558 Y120.335 E.00439
G1 X81.807 Y120.197 E.01212
G1 X82.033 Y120.117 E.01022
G1 X82.534 Y120.03 E.02161
G1 X97.472 Y120.03 E.63507
G1 X97.768 Y120.065 E.01264
G1 X98.076 Y120.151 E.01361
G1 X98.485 Y120.369 E.0197
G1 X98.636 Y120.483 E.00803
G1 X98.857 Y120.728 E.01404
G1 X99.054 Y121.058 E.01635
G1 X99.133 Y121.283 E.01014
G1 X99.22 Y121.784 E.02162
G1 X99.22 Y134.222 E.52879
G1 X99.185 Y134.518 E.01265
G1 X99.099 Y134.826 E.01361
G1 X98.881 Y135.235 E.0197
G1 X98.767 Y135.386 E.00803
G1 X98.522 Y135.607 E.01404
G1 X98.192 Y135.804 E.01635
G1 X97.967 Y135.883 E.01014
G1 X97.466 Y135.97 E.02162
G1 X82.528 Y135.97 E.63507
G1 X82.232 Y135.935 E.01265
G1 X81.924 Y135.849 E.01361
G1 X81.515 Y135.631 E.0197
G1 X81.364 Y135.517 E.00803
G1 X81.143 Y135.272 E.01404
G1 X80.946 Y134.942 E.01635
G1 X80.867 Y134.717 E.01014
G1 X80.78 Y134.216 E.02161
G1 X80.785 Y121.704 E.53194
G1 X80.833 Y121.396 E.01323
G1 X80.95 Y121.059 E.01514
G1 X81.116 Y120.769 E.01423
G1 X81.301 Y120.544 E.01238
G1 X81.431 Y120.438 E.00711
G1 X81.719 Y120.776 F18000
G1 F3000
G1 X81.777 Y120.727 E.0032
G1 X81.966 Y120.616 E.00932
G1 X82.11 Y120.559 E.00659
G1 X82.523 Y120.479 E.01787
G1 X97.48 Y120.479 E.63589
G1 X97.717 Y120.51 E.01016
G1 X97.957 Y120.583 E.01066
G1 X98.269 Y120.761 E.01525
G1 X98.359 Y120.835 E.00497
G1 X98.523 Y121.027 E.01073
G1 X98.634 Y121.216 E.00932
G1 X98.691 Y121.36 E.00659
G1 X98.771 Y121.773 E.01787
G1 X98.771 Y134.23 E.52961
G1 X98.74 Y134.467 E.01016
G1 X98.667 Y134.707 E.01066
G1 X98.489 Y135.019 E.01525
G1 X98.415 Y135.109 E.00497
G1 X98.223 Y135.273 E.01073
G1 X98.034 Y135.384 E.00932
G1 X97.89 Y135.441 E.00659
G1 X97.477 Y135.521 E.01787
G1 X82.52 Y135.521 E.63589
G1 X82.283 Y135.49 E.01016
G1 X82.043 Y135.417 E.01066
G1 X81.731 Y135.239 E.01525
G1 X81.641 Y135.165 E.00497
G1 X81.477 Y134.973 E.01073
G1 X81.366 Y134.784 E.00932
G1 X81.309 Y134.64 E.00659
G1 X81.229 Y134.227 E.01787
G1 X81.229 Y121.77 E.52961
G1 X81.26 Y121.533 E.01016
G1 X81.333 Y121.293 E.01066
G1 X81.511 Y120.981 E.01525
G1 X81.585 Y120.891 E.00497
G1 X81.674 Y120.815 E.00498
G1 X81.98 Y121.132 F18000
G1 F3000
G1 X81.993 Y121.12 E.00078
G1 X82.202 Y120.997 E.01027
G1 X82.51 Y120.927 E.01344
G1 X97.489 Y120.927 E.63682
G1 X97.652 Y120.954 E.00703
G1 X97.826 Y121.012 E.00779
G1 X98.034 Y121.143 E.01044
G1 X98.13 Y121.243 E.00592
G1 X98.253 Y121.452 E.01027
G1 X98.323 Y121.76 E.01345
G1 X98.323 Y134.239 E.53054
G1 X98.296 Y134.402 E.00703
G1 X98.238 Y134.576 E.00779
G1 X98.107 Y134.784 E.01044
G1 X98.007 Y134.88 E.00592
G1 X97.798 Y135.003 E.01027
G1 X97.49 Y135.073 E.01345
G1 X82.511 Y135.073 E.63682
G1 X82.348 Y135.046 E.00703
G1 X82.174 Y134.988 E.00779
G1 X81.966 Y134.857 E.01044
G1 X81.87 Y134.757 E.00592
G1 X81.747 Y134.548 E.01027
G1 X81.677 Y134.24 E.01344
G1 X81.677 Y121.761 E.53054
G1 X81.704 Y121.598 E.00703
G1 X81.762 Y121.424 E.00779
G1 X81.893 Y121.216 E.01044
G1 X81.937 Y121.174 E.0026
G1 X82.248 Y121.497 F18000
G1 F3000
G1 X82.316 Y121.431 E.00401
G1 X82.5 Y121.376 E.00817
G1 X97.5 Y121.376 E.6377
G1 X97.7 Y121.442 E.00894
G1 X97.819 Y121.566 E.0073
G1 X97.874 Y121.75 E.00817
G1 X97.874 Y134.25 E.53142
G1 X97.808 Y134.45 E.00894
G1 X97.684 Y134.569 E.0073
G1 X97.5 Y134.624 E.00817
G1 X82.5 Y134.624 E.6377
G1 X82.3 Y134.558 E.00894
G1 X82.181 Y134.434 E.0073
G1 X82.126 Y134.25 E.00817
G1 X82.126 Y121.75 E.53142
G1 X82.192 Y121.55 E.00894
G1 X82.205 Y121.538 E.00074
; printing object esp32_pod_lid.stl id:0 copy 0
G1 E-1.75 F6000
;WIPE_START
G1 F3000
G1 X82.316 Y121.431 E-.1157
G1 X82.5 Y121.376 E-.14421
G1 X83.153 Y121.376 E-.49009
;WIPE_END
G1 X97.175 Y133.925 F18000
G1 E2.5 F6000
;TYPE:Outer wall
G1 F3000
G1 X82.825 Y133.925 E.61007
G1 X82.825 Y122.075 E.50379
G1 X97.175 Y122.075 E.61007
G1 X97.175 Y133.865 E.50123
G1 X96.727 Y133.477 F18000
;TYPE:Inner wall
G1 F3000
G1 X83.273 Y133.477 E.57193
G1 X83.273 Y122.523 E.46565
G1 X96.727 Y122.523 E.57193
G1 X96.727 Y133.417 E.4631
G1 X96.278 Y133.028 F18000
G1 F3000
G1 X83.722 Y133.028 E.5338
G1 X83.722 Y122.972 E.42752
G1 X96.278 Y122.972 E.5338
G1 X96.278 Y132.968 E.42497
G1 E-1.75 F6000
;WIPE_START
G1 F3000
G1 X95.278 Y132.973 E-.75
;WIPE_END
G1 X96.143 Y123.318 F18000
G1 E2.5 F6000
;TYPE:Bottom surface
;WIDTH:0.519683
G1 F3000
G1 X84.058 Y123.318 E.53633
G1 X84.058 Y123.786 E.02078
G1 X95.942 Y123.786 E.52737
G1 X95.942 Y124.255 E.02078
G1 X84.058 Y124.255 E.52737
G1 X84.058 Y124.723 E.02078
G1 X95.942 Y124.723 E.52737
G1 X95.942 Y125.191 E.02078
G1 X84.058 Y125.191 E.52737
G1 X84.058 Y125.659 E.02078
G1 X95.942 Y125.659 E.52737
G1 X95.942 Y126.127 E.02078
G1 X84.058 Y126.127 E.52737
G1 X84.058 Y126.596 E.02078
G1 X95.942 Y126.596 E.52737
G1 X95.942 Y127.064 E.02078
G1 X84.058 Y127.064 E.52737
G1 X84.058 Y127.532 E.02078
G1 X95.942 Y127.532 E.52737
G1 X95.942 Y128 E.02078
G1 X84.058 Y128 E.52737
G1 X84.058 Y128.468 E.02078
G1 X95.942 Y128.468 E.52737
G1 X95.942 Y128.936 E.02078
G1 X84.058 Y128.936 E.52737
G1 X84.058 Y129.405 E.02078
G1 X95.942 Y129.405 E.52737
G1 X95.942 Y129.873 E.02078
G1 X84.058 Y129.873 E.52737
G1 X84.058 Y130.341 E.02078
G1 X95.942 Y130.341 E.52737
G1 X95.942 Y130.809 E.02078
G1 X84.058 Y130.809 E.52737
G1 X84.058 Y131.277 E.02078
G1 X95.942 Y131.277 E.52737
G1 X95.942 Y131.745 E.02078
G1 X84.058 Y131.745 E.52737
G1 X84.058 Y132.214 E.02078
G1 X95.942 Y132.214 E.52737
G1 X95.942 Y132.682 E.02078
G1 X83.857 Y132.682 E.53633
; stop printing object esp32_pod_lid.stl id:0 copy 0
;LAYER_CHANGE
;Z:0.44
;HEIGHT:0.2
G92 E0 ; zero the extruded length again
; BEFORE_LAYER_CHANGE 1 @ 0.44mm
G1 E-1.75 F6000
;WIPE_START
G1 F3000
G1 X84.857 Y132.682 E-.75
;WIPE_END
; AFTER_LAYER_CHANGE 1 @ 0.44mm
;_SET_FAN_SPEED_CHANGING_LAYER
M204 P2000
M104 S230 ; set nozzle temperature
; printing object esp32_pod_lid.stl id:0 copy 0
G1 X88.65 Y133.096 Z.64 F18000
G1 X93.622 Y133.639 Z.64
G1 X96.889 Y133.639
G1 X97.29 Y134.04
G1 Z.44
G1 E2.5 F6000
M204 P1000
;TYPE:Outer wall
;WIDTH:0.42
G1 F2941
G1 X82.71 Y134.04 E.43429
G1 X82.71 Y121.96 E.35982
G1 X97.29 Y121.96 E.43429
G1 X97.29 Y133.98 E.35803
G1 X96.889 Y133.639 F18000
G1 X96.898 Y133.648
M204 P1500
;TYPE:Inner wall
;WIDTH:0.45
G1 F2941
G1 X83.102 Y133.648 E.44362
G1 X83.102 Y122.352 E.36323
G1 X96.898 Y122.352 E.44362
G1 X96.898 Y133.588 E.3613
G1 X96.491 Y133.241 F18000
G1 F2941
G1 X83.509 Y133.241 E.41744
G1 X83.509 Y122.759 E.33705
G1 X96.491 Y122.759 E.41744
G1 X96.491 Y133.181 E.33512
G1 X96.154 Y133.077 F18000
M204 P2000
;TYPE:Internal solid infill
;WIDTH:0.427533
G1 F2941
G1 X96.154 Y123.092 E.30336
G1 X95.769 Y123.092 E.01169
G1 X95.769 Y132.908 E.2982
G1 X95.385 Y132.908 E.01169
G1 X95.385 Y123.092 E.2982
G1 X95 Y123.092 E.01169
G1 X95 Y132.908 E.2982
G1 X94.615 Y132.908 E.01169
G1 X94.615 Y123.092 E.2982
G1 X94.231 Y123.092 E.01169
G1 X94.231 Y132.908 E.2982
G1 X93.846 Y132.908 E.01169
G1 X93.846 Y123.092 E.2982
G1 X93.461 Y123.092 E.01169
G1 X93.461 Y132.908 E.2982
G1 X93.077 Y132.908 E.01169
G1 X93.077 Y123.092 E.2982
G1 X92.692 Y123.092 E.01169
G1 X92.692 Y132.908 E.2982
G1 X92.308 Y132.908 E.01169
G1 X92.308 Y123.092 E.2982
G1 X91.923 Y123.092 E.01169
G1 X91.923 Y132.908 E.2982
G1 X91.538 Y132.908 E.01169
G1 X91.538 Y123.092 E.2982
G1 X91.154 Y123.092 E.01169
G1 X91.154 Y132.908 E.2982
G1 X90.769 Y132.908 E.01169
G1 X90.769 Y123.092 E.2982
G1 X90.385 Y123.092 E.01169
G1 X90.385 Y132.908 E.2982
G1 X90 Y132.908 E.01169
G1 X90 Y123.092 E.2982
G1 X89.615 Y123.092 E.01169
G1 X89.615 Y132.908 E.2982
G1 X89.231 Y132.908 E.01169
G1 X89.231 Y123.092 E.2982
G1 X88.846 Y123.092 E.01169
G1 X88.846 Y132.908 E.2982
G1 X88.462 Y132.908 E.01169
G1 X88.462 Y123.092 E.2982
G1 X88.077 Y123.092 E.01169
G1 X88.077 Y132.908 E.2982
G1 X87.692 Y132.908 E.01169
G1 X87.692 Y123.092 E.2982
G1 X87.308 Y123.092 E.01169
G1 X87.308 Y132.908 E.2982
G1 X86.923 Y132.908 E.01169
G1 X86.923 Y123.092 E.2982
G1 X86.538 Y123.092 E.01169
G1 X86.538 Y132.908 E.2982
G1 X86.154 Y132.908 E.01169
G1 X86.154 Y123.092 E.2982
G1 X85.769 Y123.092 E.01169
G1 X85.769 Y132.908 E.2982
G1 X85.385 Y132.908 E.01169
G1 X85.385 Y123.092 E.2982
G1 X85 Y123.092 E.01169
G1 X85 Y132.908 E.2982
G1 X84.615 Y132.908 E.01169
G1 X84.615 Y123.092 E.2982
G1 X84.231 Y123.092 E.01169
G1 X84.231 Y132.908 E.2982
G1 X83.846 Y132.908 E.01169
G1 X83.846 Y122.923 E.30336
; stop printing object esp32_pod_lid.stl id:0 copy 0
;LAYER_CHANGE
;Z:0.64
;HEIGHT:0.2
G92 E0 ; zero the extruded length again
; BEFORE_LAYER_CHANGE 2 @ 0.64mm
G1 E-1.75 F6000
;WIPE_START
G1 X83.846 Y123.923 E-.75
;WIPE_END
; AFTER_LAYER_CHANGE 2 @ 0.64mm
;_SET_FAN_SPEED_CHANGING_LAYER
; printing object esp32_pod_lid.stl id:0 copy 0
G17
G3 Z.84 I0 J-.608 P1  F18000
G1 X83.111 Y123.923 Z.84
G1 X96.889 Y133.639
G1 X96.889 Y133.639
G1 X97.29 Y134.04
G1 Z.64
G1 E2.5 F6000
M204 P1000
;TYPE:Outer wall
;WIDTH:0.42
G1 F2987
G1 X82.71 Y134.04 E.43429
G1 X82.71 Y121.96 E.35982
G1 X97.29 Y121.96 E.43429
G1 X97.29 Y133.98 E.35803
G1 X96.889 Y133.639 F18000
G1 X96.898 Y133.648
M204 P1500
;TYPE:Inner wall
;WIDTH:0.45
G1 F2987
G1 X83.102 Y133.648 E.44362
G1 X83.102 Y122.352 E.36323
G1 X96.898 Y122.352 E.44362
G1 X96.898 Y133.588 E.3613
G1 X96.491 Y133.241 F18000
G1 F2987
G1 X83.509 Y133.241 E.41744
G1 X83.509 Y122.759 E.33705
G1 X96.491 Y122.759 E.41744
G1 X96.491 Y133.181 E.33512
G1 X96.327 Y123.093 F18000
M204 P2000
;TYPE:Internal solid infill
;WIDTH:0.420409
G1 F2987
G1 X83.842 Y123.093 E.37228
G1 X83.842 Y123.47 E.01126
G1 X96.158 Y123.47 E.36722
G1 X96.158 Y123.848 E.01126
G1 X83.842 Y123.848 E.36722
G1 X83.842 Y124.225 E.01126
G1 X96.158 Y124.225 E.36722
G1 X96.158 Y124.603 E.01126
G1 X83.842 Y124.603 E.36722
G1 X83.842 Y124.98 E.01126
G1 X96.158 Y124.98 E.36722
G1 X96.158 Y125.358 E.01126
G1 X83.842 Y125.358 E.36722
G1 X83.842 Y125.735 E.01126
G1 X96.158 Y125.735 E.36722
G1 X96.158 Y126.113 E.01126
G1 X83.842 Y126.113 E.36722
G1 X83.842 Y126.49 E.01126
G1 X96.158 Y126.49 E.36722
G1 X96.158 Y126.868 E.01126
G1 X83.842 Y126.868 E.36722
G1 X83.842 Y127.245 E.01126
G1 X96.158 Y127.245 E.36722
G1 X96.158 Y127.623 E.01126
G1 X83.842 Y127.623 E.36722
G1 X83.842 Y128 E.01126
G1 X96.158 Y128 E.36722
G1 X96.158 Y128.378 E.01126
G1 X83.842 Y128.378 E.36722
G1 X83.842 Y128.755 E.01126
G1 X96.158 Y128.755 E.36722
G1 X96.158 Y129.133 E.01126
G1 X83.842 Y129.133 E.36722
G1 X83.842 Y129.51 E.01126
G1 X96.158 Y129.51 E.36722
G1 X96.158 Y129.887 E.01126
G1 X83.842 Y129.887 E.36722
G1 X83.842 Y130.265 E.01126
G1 X96.158 Y130.265 E.36722
G1 X96.158 Y130.642 E.01126
G1 X83.842 Y130.642 E.36722
G1 X83.842 Y131.02 E.01126
G1 X96.158 Y131.02 E.36722
G1 X96.158 Y131.397 E.01126
G1 X83.842 Y131.397 E.36722
G1 X83.842 Y131.775 E.01126
G1 X96.158 Y131.775 E.36722
G1 X96.158 Y132.152 E.01126
G1 X83.842 Y132.152 E.36722
G1 X83.842 Y132.53 E.01126
G1 X96.158 Y132.53 E.36722
G1 X96.158 Y132.907 E.01126
G1 X83.673 Y132.907 E.37228
; stop printing object esp32_pod_lid.stl id:0 copy 0
M106 S176
;LAYER_CHANGE
;Z:0.84
;HEIGHT:0.2
G92 E0 ; zero the extruded length again
; BEFORE_LAYER_CHANGE 3 @ 0.84mm
G1 E-1.75 F6000
;WIPE_START
G1 X84.673 Y132.907 E-.75
;WIPE_END
; AFTER_LAYER_CHANGE 3 @ 0.84mm
;_SET_FAN_SPEED_CHANGING_LAYER
; printing object esp32_pod_lid.stl id:0 copy 0
G17
G3 Z1.04 I-.608 J0 P1  F18000
G1 X84.673 Y133.639 Z1.04
G1 X96.889 Y133.639
G1 X97.29 Y134.04
G1 Z.84
G1 E2.5 F6000
M204 P1000
;TYPE:Outer wall
;WIDTH:0.42
G1 F2941
G1 X82.71 Y134.04 E.43429
G1 X82.71 Y121.96 E.35982
G1 X97.29 Y121.96 E.43429
G1 X97.29 Y133.98 E.35803
G1 X96.889 Y133.639 F18000
G1 X96.898 Y133.648
M204 P1500
;TYPE:Inner wall
;WIDTH:0.45
G1 F2941
G1 X83.102 Y133.648 E.44362
G1 X83.102 Y122.352 E.36323
G1 X96.898 Y122.352 E.44362
G1 X96.898 Y133.588 E.3613
G1 X96.491 Y133.241 F18000
G1 F2941
G1 X83.509 Y133.241 E.41744
G1 X83.509 Y122.759 E.33705
G1 X96.491 Y122.759 E.41744
G1 X96.491 Y133.181 E.33512
G1 X96.154 Y133.077 F18000
M204 P2000
;TYPE:Internal solid infill
;WIDTH:0.427533
G1 F2941
G1 X96.154 Y123.092 E.30336
G1 X95.769 Y123.092 E.01169
G1 X95.769 Y132.908 E.2982
G1 X95.385 Y132.908 E.01169
G1 X95.385 Y123.092 E.2982
G1 X95 Y123.092 E.01169
G1 X95 Y132.908 E.2982
G1 X94.615 Y132.908 E.01169
G1 X94.615 Y123.092 E.2982
G1 X94.231 Y123.092 E.01169
G1 X94.231 Y132.908 E.2982
G1 X93.846 Y132.908 E.01169
G1 X93.846 Y123.092 E.2982
G1 X93.461 Y123.092 E.01169
G1 X93.461 Y132.908 E.2982
G1 X93.077 Y132.908 E.01169
G1 X93.077 Y123.092 E.2982
G1 X92.692 Y123.092 E.01169
G1 X92.692 Y132.908 E.2982
G1 X92.308 Y132.908 E.01169
G1 X92.308 Y123.092 E.2982
G1 X91.923 Y123.092 E.01169
G1 X91.923 Y132.908 E.2982
G1 X91.538 Y132.908 E.01169
G1 X91.538 Y123.092 E.2982
G1 X91.154 Y123.092 E.01169
G1 X91.154 Y132.908 E.2982
G1 X90.769 Y132.908 E.01169
G1 X90.769 Y123.092 E.2982
G1 X90.385 Y123.092 E.01169
G1 X90.385 Y132.908 E.2982
G1 X90 Y132.908 E.01169
G1 X90 Y123.092 E.2982
G1 X89.615 Y123.092 E.01169
G1 X89.615 Y132.908 E.2982
G1 X89.231 Y132.908 E.01169
G1 X89.231 Y123.092 E.2982
G1 X88.846 Y123.092 E.01169
G1 X88.846 Y132.908 E.2982
G1 X88.462 Y132.908 E.01169
G1 X88.462 Y123.092 E.2982
G1 X88.077 Y123.092 E.01169
G1 X88.077 Y132.908 E.2982
G1 X87.692 Y132.908 E.01169
G1 X87.692 Y123.092 E.2982
G1 X87.308 Y123.092 E.01169
G1 X87.308 Y132.908 E.2982
G1 X86.923 Y132.908 E.01169
G1 X86.923 Y123.092 E.2982
G1 X86.538 Y123.092 E.01169
G1 X86.538 Y132.908 E.2982
G1 X86.154 Y132.908 E.01169
G1 X86.154 Y123.092 E.2982
G1 X85.769 Y123.092 E.01169
G1 X85.769 Y132.908 E.2982
G1 X85.385 Y132.908 E.01169
G1 X85.385 Y123.092 E.2982
G1 X85 Y123.092 E.01169
G1 X85 Y132.908 E.2982
G1 X84.615 Y132.908 E.01169
G1 X84.615 Y123.092 E.2982
G1 X84.231 Y123.092 E.01169
G1 X84.231 Y132.908 E.2982
G1 X83.846 Y132.908 E.01169
G1 X83.846 Y122.923 E.30336
; stop printing object esp32_pod_lid.stl id:0 copy 0
;LAYER_CHANGE
;Z:1.04
;HEIGHT:0.2
G92 E0 ; zero the extruded length again
; BEFORE_LAYER_CHANGE 4 @ 1.04mm
G1 E-1.75 F6000
;WIPE_START
G1 X83.846 Y123.923 E-.75
;WIPE_END
; AFTER_LAYER_CHANGE 4 @ 1.04mm
;_SET_FAN_SPEED_CHANGING_LAYER
; printing object esp32_pod_lid.stl id:0 copy 0
G17
G3 Z1.24 I0 J-.608 P1  F18000
G1 X83.111 Y123.923 Z1.24
G1 X96.889 Y133.639
G1 X96.889 Y133.639
G1 X97.29 Y134.04
G1 Z1.04
G1 E2.5 F6000
M204 P1000
;TYPE:Outer wall
;WIDTH:0.42
G1 F2987
G1 X82.71 Y134.04 E.43429
G1 X82.71 Y121.96 E.35982
G1 X97.29 Y121.96 E.43429
G1 X97.29 Y133.98 E.35803
G1 X96.889 Y133.639 F18000
G1 X96.898 Y133.648
M204 P1500
;TYPE:Inner wall
;WIDTH:0.45
G1 F2987
G1 X83.102 Y133.648 E.44362
G1 X83.102 Y122.352 E.36323
G1 X96.898 Y122.352 E.44362
G1 X96.898 Y133.588 E.3613
G1 X96.491 Y133.241 F18000
G1 F2987
G1 X83.509 Y133.241 E.41744
G1 X83.509 Y122.759 E.33705
G1 X96.491 Y122.759 E.41744
G1 X96.491 Y133.181 E.33512
G1 X96.327 Y123.093 F18000
M204 P2000
;TYPE:Internal solid infill
;WIDTH:0.420409
G1 F2987
G1 X83.842 Y123.093 E.37228
G1 X83.842 Y123.47 E.01126
G1 X96.158 Y123.47 E.36722
G1 X96.158 Y123.848 E.01126
G1 X83.842 Y123.848 E.36722
G1 X83.842 Y124.225 E.01126
G1 X96.158 Y124.225 E.36722
G1 X96.158 Y124.603 E.01126
G1 X83.842 Y124.603 E.36722
G1 X83.842 Y124.98 E.01126
G1 X96.158 Y124.98 E.36722
G1 X96.158 Y125.358 E.01126
G1 X83.842 Y125.358 E.36722
G1 X83.842 Y125.735 E.01126
G1 X96.158 Y125.735 E.36722
G1 X96.158 Y126.113 E.01126
G1 X83.842 Y126.113 E.36722
G1 X83.842 Y126.49 E.01126
G1 X96.158 Y126.49 E.36722
G1 X96.158 Y126.868 E.01126
G1 X83.842 Y126.868 E.36722
G1 X83.842 Y127.245 E.01126
G1 X96.158 Y127.245 E.36722
G1 X96.158 Y127.623 E.01126
G1 X83.842 Y127.623 E.36722
G1 X83.842 Y128 E.01126
G1 X96.158 Y128 E.36722
G1 X96.158 Y128.378 E.01126
G1 X83.842 Y128.378 E.36722
G1 X83.842 Y128.755 E.01126
G1 X96.158 Y128.755 E.36722
G1 X96.158 Y129.133 E.01126
G1 X83.842 Y129.133 E.36722
G1 X83.842 Y129.51 E.01126
G1 X96.158 Y129.51 E.36722
G1 X96.158 Y129.887 E.01126
G1 X83.842 Y129.887 E.36722
G1 X83.842 Y130.265 E.01126
G1 X96.158 Y130.265 E.36722
G1 X96.158 Y130.642 E.01126
G1 X83.842 Y130.642 E.36722
G1 X83.842 Y131.02 E.01126
G1 X96.158 Y131.02 E.36722
G1 X96.158 Y131.397 E.01126
G1 X83.842 Y131.397 E.36722
G1 X83.842 Y131.775 E.01126
G1 X96.158 Y131.775 E.36722
G1 X96.158 Y132.152 E.01126
G1 X83.842 Y132.152 E.36722
G1 X83.842 Y132.53 E.01126
G1 X96.158 Y132.53 E.36722
G1 X96.158 Y132.907 E.01126
G1 X83.673 Y132.907 E.37228
; stop printing object esp32_pod_lid.stl id:0 copy 0
;LAYER_CHANGE
;Z:1.24
;HEIGHT:0.2
G92 E0 ; zero the extruded length again
; BEFORE_LAYER_CHANGE 5 @ 1.24mm
G1 E-1.75 F6000
;WIPE_START
G1 X84.673 Y132.907 E-.75
;WIPE_END
; AFTER_LAYER_CHANGE 5 @ 1.24mm
;_SET_FAN_SPEED_CHANGING_LAYER
; printing object esp32_pod_lid.stl id:0 copy 0
G17
G3 Z1.44 I-.608 J0 P1  F18000
G1 X84.673 Y133.639 Z1.44
G1 X96.889 Y133.639
G1 X97.29 Y134.04
G1 Z1.24
G1 E2.5 F6000
M204 P1000
;TYPE:Outer wall
;WIDTH:0.42
G1 F2941
G1 X82.71 Y134.04 E.43429
G1 X82.71 Y121.96 E.35982
G1 X97.29 Y121.96 E.43429
G1 X97.29 Y133.98 E.35803
G1 X96.889 Y133.639 F18000
G1 X96.898 Y133.648
M204 P1500
;TYPE:Inner wall
;WIDTH:0.45
G1 F2941
G1 X83.102 Y133.648 E.44362
G1 X83.102 Y122.352 E.36323
G1 X96.898 Y122.352 E.44362
G1 X96.898 Y133.588 E.3613
G1 X96.491 Y133.241 F18000
G1 F2941
G1 X83.509 Y133.241 E.41744
G1 X83.509 Y122.759 E.33705
G1 X96.491 Y122.759 E.41744
G1 X96.491 Y133.181 E.33512
G1 X96.154 Y133.077 F18000
M204 P2000
;TYPE:Internal solid infill
;WIDTH:0.427533
G1 F2941
G1 X96.154 Y123.092 E.30336
G1 X95.769 Y123.092 E.01169
G1 X95.769 Y132.908 E.2982
G1 X95.385 Y132.908 E.01169
G1 X95.385 Y123.092 E.2982
G1 X95 Y123.092 E.01169
G1 X95 Y132.908 E.2982
G1 X94.615 Y132.908 E.01169
G1 X94.615 Y123.092 E.2982
G1 X94.231 Y123.092 E.01169
G1 X94.231 Y132.908 E.2982
G1 X93.846 Y132.908 E.01169
G1 X93.846 Y123.092 E.2982
G1 X93.461 Y123.092 E.01169
G1 X93.461 Y132.908 E.2982
G1 X93.077 Y132.908 E.01169
G1 X93.077 Y123.092 E.2982
G1 X92.692 Y123.092 E.01169
G1 X92.692 Y132.908 E.2982
G1 X92.308 Y132.908 E.01169
G1 X92.308 Y123.092 E.2982
G1 X91.923 Y123.092 E.01169
G1 X91.923 Y132.908 E.2982
G1 X91.538 Y132.908 E.01169
G1 X91.538 Y123.092 E.2982
G1 X91.154 Y123.092 E.01169
G1 X91.154 Y132.908 E.2982
G1 X90.769 Y132.908 E.01169
G1 X90.769 Y123.092 E.2982
G1 X90.385 Y123.092 E.01169
G1 X90.385 Y132.908 E.2982
G1 X90 Y132.908 E.01169
G1 X90 Y123.092 E.2982
G1 X89.615 Y123.092 E.01169
G1 X89.615 Y132.908 E.2982
G1 X89.231 Y132.908 E.01169
G1 X89.231 Y123.092 E.2982
G1 X88.846 Y123.092 E.01169
G1 X88.846 Y132.908 E.2982
G1 X88.462 Y132.908 E.01169
G1 X88.462 Y123.092 E.2982
G1 X88.077 Y123.092 E.01169
G1 X88.077 Y132.908 E.2982
G1 X87.692 Y132.908 E.01169
G1 X87.692 Y123.092 E.2982
G1 X87.308 Y123.092 E.01169
G1 X87.308 Y132.908 E.2982
G1 X86.923 Y132.908 E.01169
G1 X86.923 Y123.092 E.2982
G1 X86.538 Y123.092 E.01169
G1 X86.538 Y132.908 E.2982
G1 X86.154 Y132.908 E.01169
G1 X86.154 Y123.092 E.2982
G1 X85.769 Y123.092 E.01169
G1 X85.769 Y132.908 E.2982
G1 X85.385 Y132.908 E.01169
G1 X85.385 Y123.092 E.2982
G1 X85 Y123.092 E.01169
G1 X85 Y132.908 E.2982
G1 X84.615 Y132.908 E.01169
G1 X84.615 Y123.092 E.2982
G1 X84.231 Y123.092 E.01169
G1 X84.231 Y132.908 E.2982
G1 X83.846 Y132.908 E.01169
G1 X83.846 Y122.923 E.30336
; stop printing object esp32_pod_lid.stl id:0 copy 0
M106 S160
;LAYER_CHANGE
;Z:1.44
;HEIGHT:0.2
G92 E0 ; zero the extruded length again
; BEFORE_LAYER_CHANGE 6 @ 1.44mm
G1 E-1.75 F6000
;WIPE_START
G1 X83.846 Y123.923 E-.75
;WIPE_END
; AFTER_LAYER_CHANGE 6 @ 1.44mm
;_SET_FAN_SPEED_CHANGING_LAYER
; printing object esp32_pod_lid.stl id:0 copy 0
G17
G3 Z1.64 I-.366 J.486 P1  F18000
G1 X95.884 Y132.982 Z1.64
G1 X96.889 Y133.639
G1 X96.889 Y133.639
G1 X97.29 Y134.04
G1 Z1.44
G1 E2.5 F6000
M204 P1000
;TYPE:Outer wall
;WIDTH:0.42
G1 F3600
G1 X82.71 Y134.04 E.43429
G1 X82.71 Y121.96 E.35982
G1 X97.29 Y121.96 E.43429
G1 X97.29 Y133.98 E.35803
G1 X96.889 Y133.639 F18000
G1 X96.898 Y133.648
M204 P1500
;TYPE:Inner wall
;WIDTH:0.45
G1 F6000
G1 X83.102 Y133.648 E.44362
G1 X83.102 Y133.332 E.01017
G1 X96.582 Y133.332 E.43345
G1 X96.582 Y122.668 E.34289
G1 X83.102 Y122.668 E.43345
G1 X83.102 Y122.352 E.01017
G1 X96.898 Y122.352 E.44362
G1 X96.898 Y133.588 E.3613
G1 X96.457 Y122.968 F18000
M204 P1000
;TYPE:Top surface
;WIDTH:0.430032
G1 F1800
G1 X82.989 Y122.968 E.41184
G1 X82.989 Y123.355 E.01184
G1 X96.287 Y123.355 E.40665
G1 X96.287 Y123.742 E.01184
G1 X82.989 Y123.742 E.40665
G1 X82.989 Y124.129 E.01184
G1 X96.287 Y124.129 E.40665
G1 X96.287 Y124.516 E.01184
G1 X82.989 Y124.516 E.40665
G1 X82.989 Y124.903 E.01184
G1 X96.287 Y124.903 E.40665
G1 X96.287 Y125.29 E.01184
G1 X82.989 Y125.29 E.40665
G1 X82.989 Y125.677 E.01184
G1 X96.287 Y125.677 E.40665
G1 X96.287 Y126.064 E.01184
G1 X82.989 Y126.064 E.40665
G1 X82.989 Y126.452 E.01184
G1 X96.287 Y126.452 E.40665
G1 X96.287 Y126.839 E.01184
G1 X82.989 Y126.839 E.40665
G1 X82.989 Y127.226 E.01184
G1 X96.287 Y127.226 E.40665
G1 X96.287 Y127.613 E.01184
G1 X82.989 Y127.613 E.40665
G1 X82.989 Y128 E.01184
G1 X96.287 Y128 E.40665
G1 X96.287 Y128.387 E.01184
G1 X82.989 Y128.387 E.40665
G1 X82.989 Y128.774 E.01184
G1 X96.287 Y128.774 E.40665
G1 X96.287 Y129.161 E.01184
G1 X82.989 Y129.161 E.40665
G1 X82.989 Y129.548 E.01184
G1 X96.287 Y129.548 E.40665
G1 X96.287 Y129.936 E.01184
G1 X82.989 Y129.936 E.40665
G1 X82.989 Y130.323 E.01184
G1 X96.287 Y130.323 E.40665
G1 X96.287 Y130.71 E.01184
G1 X82.989 Y130.71 E.40665
G1 X82.989 Y131.097 E.01184
G1 X96.287 Y131.097 E.40665
G1 X96.287 Y131.484 E.01184
G1 X82.989 Y131.484 E.40665
G1 X82.989 Y131.871 E.01184
G1 X96.287 Y131.871 E.40665
G1 X96.287 Y132.258 E.01184
G1 X82.989 Y132.258 E.40665
G1 X82.989 Y132.645 E.01184
G1 X96.287 Y132.645 E.40665
G1 X96.287 Y133.033 E.01184
G1 X82.819 Y133.033 E.41184
; stop printing object esp32_pod_lid.stl id:0 copy 0
M106 S176
;LAYER_CHANGE
;Z:1.64
;HEIGHT:0.2
G92 E0 ; zero the extruded length again
; BEFORE_LAYER_CHANGE 7 @ 1.64mm
G1 E-1.75 F6000
;WIPE_START
G1 F1800
G1 X83.819 Y133.033 E-.75
;WIPE_END
; AFTER_LAYER_CHANGE 7 @ 1.64mm
;_SET_FAN_SPEED_CHANGING_LAYER
; printing object esp32_pod_lid.stl id:0 copy 0
G17
G3 Z1.84 I-.608 J0 P1  F18000
G1 X83.819 Y133.347 Z1.84
G1 X96.889 Y133.639
G1 X97.29 Y134.04
G1 Z1.64
G1 E2.5 F6000
;TYPE:Outer wall
;WIDTH:0.42
G1 F961
G1 X82.71 Y134.04 E.43429
G1 X82.71 Y132.96 E.03217
G1 X96.21 Y132.96 E.40212
G1 X96.21 Y123.04 E.29548
G1 X82.71 Y123.04 E.40212
G1 X82.71 Y121.96 E.03217
G1 X97.29 Y121.96 E.43429
G1 X97.29 Y133.98 E.35803
G1 X96.889 Y133.639 F18000
G1 X96.898 Y133.648
M204 P1500
;TYPE:Inner wall
;WIDTH:0.45
G1 F961
G1 X83.102 Y133.648 E.44362
G1 X83.102 Y133.352 E.00951
G1 X96.602 Y133.352 E.43411
G1 X96.602 Y122.648 E.34421
G1 X83.102 Y122.648 E.43411
G1 X83.102 Y122.352 E.00951
G1 X96.898 Y122.352 E.44362
G1 X96.898 Y133.588 E.3613
; stop printing object esp32_pod_lid.stl id:0 copy 0
;LAYER_CHANGE
;Z:1.84
;HEIGHT:0.2
G92 E0 ; zero the extruded length again
; BEFORE_LAYER_CHANGE 8 @ 1.84mm
G1 E-1.75 F6000
;WIPE_START
G1 X95.898 Y133.592 E-.75
;WIPE_END
; AFTER_LAYER_CHANGE 8 @ 1.84mm
;_SET_FAN_SPEED_CHANGING_LAYER
; printing object esp32_pod_lid.stl id:0 copy 0
G17
G3 Z2.04 I-.608 J.008 P1  F18000
G1 X95.899 Y133.65 Z2.04
G1 X96.202 Y133.646
G1 X96.699 Y133.639
G1 X96.889 Y133.639
G1 X97.29 Y134.04
G1 Z1.84
G1 E2.5 F6000
M204 P1000
;TYPE:Outer wall
;WIDTH:0.42
G1 F961
G1 X82.71 Y134.04 E.43429
G1 X82.71 Y132.96 E.03217
G1 X96.21 Y132.96 E.40212
G1 X96.21 Y123.04 E.29548
G1 X82.71 Y123.04 E.40212
G1 X82.71 Y121.96 E.03217
G1 X97.29 Y121.96 E.43429
G1 X97.29 Y133.98 E.35803
G1 X96.889 Y133.639 F18000
G1 X96.898 Y133.648
M204 P1500
;TYPE:Inner wall
;WIDTH:0.45
G1 F961
G1 X83.102 Y133.648 E.44362
G1 X83.102 Y133.352 E.00951
G1 X96.602 Y133.352 E.43411
G1 X96.602 Y122.648 E.34421
G1 X83.102 Y122.648 E.43411
G1 X83.102 Y122.352 E.00951
G1 X96.898 Y122.352 E.44362
G1 X96.898 Y133.588 E.3613
; stop printing object esp32_pod_lid.stl id:0 copy 0
;LAYER_CHANGE
;Z:2.04
;HEIGHT:0.2
G92 E0 ; zero the extruded length again
; BEFORE_LAYER_CHANGE 9 @ 2.04mm
G1 E-1.75 F6000
;WIPE_START
G1 X95.898 Y133.592 E-.75
;WIPE_END
; AFTER_LAYER_CHANGE 9 @ 2.04mm
;_SET_FAN_SPEED_CHANGING_LAYER
; printing object esp32_pod_lid.stl id:0 copy 0
G17
G3 Z2.24 I-.608 J.008 P1  F18000
G1 X95.899 Y133.65 Z2.24
G1 X96.202 Y133.646
G1 X96.699 Y133.639
G1 X96.889 Y133.639
G1 X97.29 Y134.04
G1 Z2.04
G1 E2.5 F6000
M204 P1000
;TYPE:Outer wall
;WIDTH:0.42
G1 F961
G1 X82.71 Y134.04 E.43429
G1 X82.71 Y132.96 E.03217
G1 X96.21 Y132.96 E.40212
G1 X96.21 Y123.04 E.29548
G1 X82.71 Y123.04 E.40212
G1 X82.71 Y121.96 E.03217
G1 X97.29 Y121.96 E.43429
G1 X97.29 Y133.98 E.35803
G1 X96.889 Y133.639 F18000
G1 X96.898 Y133.648
M204 P1500
;TYPE:Inner wall
;WIDTH:0.45
G1 F961
G1 X83.102 Y133.648 E.44362
G1 X83.102 Y133.352 E.00951
G1 X96.602 Y133.352 E.43411
G1 X96.602 Y122.648 E.34421
G1 X83.102 Y122.648 E.43411
G1 X83.102 Y122.352 E.00951
G1 X96.898 Y122.352 E.44362
G1 X96.898 Y133.588 E.3613
; stop printing object esp32_pod_lid.stl id:0 copy 0
;LAYER_CHANGE
;Z:2.24
;HEIGHT:0.2
G92 E0 ; zero the extruded length again
; BEFORE_LAYER_CHANGE 10 @ 2.24mm
G1 E-1.75 F6000
;WIPE_START
G1 X95.898 Y133.592 E-.75
;WIPE_END
; AFTER_LAYER_CHANGE 10 @ 2.24mm
;_SET_FAN_SPEED_CHANGING_LAYER
; printing object esp32_pod_lid.stl id:0 copy 0
G17
G3 Z2.44 I-.608 J.008 P1  F18000
G1 X95.899 Y133.65 Z2.44
G1 X96.202 Y133.646
G1 X96.699 Y133.639
G1 X96.889 Y133.639
G1 X97.29 Y134.04
G1 Z2.24
G1 E2.5 F6000
M204 P1000
;TYPE:Outer wall
;WIDTH:0.42
G1 F961
G1 X82.71 Y134.04 E.43429
G1 X82.71 Y132.96 E.03217
G1 X96.21 Y132.96 E.40212
G1 X96.21 Y123.04 E.29548
G1 X82.71 Y123.04 E.40212
G1 X82.71 Y121.96 E.03217
G1 X97.29 Y121.96 E.43429
G1 X97.29 Y133.98 E.35803
G1 X96.889 Y133.639 F18000
G1 X96.898 Y133.648
M204 P1500
;TYPE:Inner wall
;WIDTH:0.45
G1 F961
G1 X83.102 Y133.648 E.44362
G1 X83.102 Y133.352 E.00951
G1 X96.602 Y133.352 E.43411
G1 X96.602 Y122.648 E.34421
G1 X83.102 Y122.648 E.43411
G1 X83.102 Y122.352 E.00951
G1 X96.898 Y122.352 E.44362
G1 X96.898 Y133.588 E.3613
; stop printing object esp32_pod_lid.stl id:0 copy 0
;LAYER_CHANGE
;Z:2.44
;HEIGHT:0.2
G92 E0 ; zero the extruded length again
; BEFORE_LAYER_CHANGE 11 @ 2.44mm
G1 E-1.75 F6000
;WIPE_START
G1 X95.898 Y133.592 E-.75
;WIPE_END
; AFTER_LAYER_CHANGE 11 @ 2.44mm
;_SET_FAN_SPEED_CHANGING_LAYER
; printing object esp32_pod_lid.stl id:0 copy 0
G17
G3 Z2.64 I-.608 J.008 P1  F18000
G1 X95.899 Y133.65 Z2.64
G1 X96.202 Y133.646
G1 X96.699 Y133.639
G1 X96.889 Y133.639
G1 X97.29 Y134.04
G1 Z2.44
G1 E2.5 F6000
M204 P1000
;TYPE:Outer wall
;WIDTH:0.42
G1 F961
G1 X82.71 Y134.04 E.43429
G1 X82.71 Y132.96 E.03217
G1 X96.21 Y132.96 E.40212
G1 X96.21 Y123.04 E.29548
G1 X82.71 Y123.04 E.40212
G1 X82.71 Y121.96 E.03217
G1 X97.29 Y121.96 E.43429
G1 X97.29 Y133.98 E.35803
G1 X96.889 Y133.639 F18000
G1 X96.898 Y133.648
M204 P1500
;TYPE:Inner wall
;WIDTH:0.45
G1 F961
G1 X83.102 Y133.648 E.44362
G1 X83.102 Y133.352 E.00951
G1 X96.602 Y133.352 E.43411
G1 X96.602 Y122.648 E.34421
G1 X83.102 Y122.648 E.43411
G1 X83.102 Y122.352 E.00951
G1 X96.898 Y122.352 E.44362
G1 X96.898 Y133.588 E.3613
; stop printing object esp32_pod_lid.stl id:0 copy 0
;LAYER_CHANGE
;Z:2.64
;HEIGHT:0.2
G92 E0 ; zero the extruded length again
; BEFORE_LAYER_CHANGE 12 @ 2.64mm
G1 E-1.75 F6000
;WIPE_START
G1 X95.898 Y133.592 E-.75
;WIPE_END
; AFTER_LAYER_CHANGE 12 @ 2.64mm
;_SET_FAN_SPEED_CHANGING_LAYER
; printing object esp32_pod_lid.stl id:0 copy 0
G17
G3 Z2.84 I-.608 J.008 P1  F18000
G1 X95.899 Y133.65 Z2.84
G1 X96.202 Y133.646
G1 X96.699 Y133.639
G1 X96.889 Y133.639
G1 X97.29 Y134.04
G1 Z2.64
G1 E2.5 F6000
M204 P1000
;TYPE:Outer wall
;WIDTH:0.42
G1 F961
G1 X82.71 Y134.04 E.43429
G1 X82.71 Y132.96 E.03217
G1 X96.21 Y132.96 E.40212
G1 X96.21 Y123.04 E.29548
G1 X82.71 Y123.04 E.40212
G1 X82.71 Y121.96 E.03217
G1 X97.29 Y121.96 E.43429
G1 X97.29 Y133.98 E.35803
G1 X96.889 Y133.639 F18000
G1 X96.898 Y133.648
M204 P1500
;TYPE:Inner wall
;WIDTH:0.45
G1 F961
G1 X83.102 Y133.648 E.44362
G1 X83.102 Y133.352 E.00951
G1 X96.602 Y133.352 E.43411
G1 X96.602 Y122.648 E.34421
G1 X83.102 Y122.648 E.43411
G1 X83.102 Y122.352 E.00951
G1 X96.898 Y122.352 E.44362
G1 X96.898 Y133.588 E.3613
; stop printing object esp32_pod_lid.stl id:0 copy 0
;LAYER_CHANGE
;Z:2.84
;HEIGHT:0.2
G92 E0 ; zero the extruded length again
; BEFORE_LAYER_CHANGE 13 @ 2.84mm
G1 E-1.75 F6000
;WIPE_START
G1 X95.898 Y133.592 E-.75
;WIPE_END
; AFTER_LAYER_CHANGE 13 @ 2.84mm
;_SET_FAN_SPEED_CHANGING_LAYER
; printing object esp32_pod_lid.stl id:0 copy 0
G17
G3 Z3.04 I-.608 J.008 P1  F18000
G1 X95.899 Y133.65 Z3.04
G1 X96.202 Y133.646
G1 X96.699 Y133.639
G1 X96.889 Y133.639
G1 X97.29 Y134.04
G1 Z2.84
G1 E2.5 F6000
M204 P1000
;TYPE:Outer wall
;WIDTH:0.42
G1 F961
G1 X82.71 Y134.04 E.43429
G1 X82.71 Y132.96 E.03217
G1 X96.21 Y132.96 E.40212
G1 X96.21 Y123.04 E.29548
G1 X82.71 Y123.04 E.40212
G1 X82.71 Y121.96 E.03217
G1 X97.29 Y121.96 E.43429
G1 X97.29 Y133.98 E.35803
G1 X96.889 Y133.639 F18000
G1 X96.898 Y133.648
M204 P1500
;TYPE:Inner wall
;WIDTH:0.45
G1 F961
G1 X83.102 Y133.648 E.44362
G1 X83.102 Y133.352 E.00951
G1 X96.602 Y133.352 E.43411
G1 X96.602 Y122.648 E.34421
G1 X83.102 Y122.648 E.43411
G1 X83.102 Y122.352 E.00951
G1 X96.898 Y122.352 E.44362
G1 X96.898 Y133.588 E.3613
; stop printing object esp32_pod_lid.stl id:0 copy 0
;LAYER_CHANGE
;Z:3.04
;HEIGHT:0.2
G92 E0 ; zero the extruded length again
; BEFORE_LAYER_CHANGE 14 @ 3.04mm
G1 E-1.75 F6000
;WIPE_START
G1 X95.898 Y133.592 E-.75
;WIPE_END
; AFTER_LAYER_CHANGE 14 @ 3.04mm
;_SET_FAN_SPEED_CHANGING_LAYER
; printing object esp32_pod_lid.stl id:0 copy 0
G17
G3 Z3.24 I-.608 J.008 P1  F18000
G1 X95.899 Y133.65 Z3.24
G1 X96.202 Y133.646
G1 X96.699 Y133.639
G1 X96.889 Y133.639
G1 X97.29 Y134.04
G1 Z3.04
G1 E2.5 F6000
M204 P1000
;TYPE:Outer wall
;WIDTH:0.42
G1 F961
G1 X82.71 Y134.04 E.43429
G1 X82.71 Y132.96 E.03217
G1 X96.21 Y132.96 E.40212
G1 X96.21 Y123.04 E.29548
G1 X82.71 Y123.04 E.40212
G1 X82.71 Y121.96 E.03217
G1 X97.29 Y121.96 E.43429
G1 X97.29 Y133.98 E.35803
G1 X96.889 Y133.639 F18000
G1 X96.898 Y133.648
M204 P1500
;TYPE:Inner wall
;WIDTH:0.45
G1 F961
G1 X83.102 Y133.648 E.44362
G1 X83.102 Y133.352 E.00951
G1 X96.602 Y133.352 E.43411
G1 X96.602 Y122.648 E.34421
G1 X83.102 Y122.648 E.43411
G1 X83.102 Y122.352 E.00951
G1 X96.898 Y122.352 E.44362
G1 X96.898 Y133.588 E.3613
; stop printing object esp32_pod_lid.stl id:0 copy 0
;LAYER_CHANGE
;Z:3.24
;HEIGHT:0.2
G92 E0 ; zero the extruded length again
; BEFORE_LAYER_CHANGE 15 @ 3.24mm
G1 E-1.75 F6000
;WIPE_START
G1 X95.898 Y133.592 E-.75
;WIPE_END
; AFTER_LAYER_CHANGE 15 @ 3.24mm
;_SET_FAN_SPEED_CHANGING_LAYER
; printing object esp32_pod_lid.stl id:0 copy 0
G17
G3 Z3.44 I-.608 J.008 P1  F18000
G1 X95.899 Y133.65 Z3.44
G1 X96.202 Y133.646
G1 X96.699 Y133.639
G1 X96.889 Y133.639
G1 X97.29 Y134.04
G1 Z3.24
G1 E2.5 F6000
M204 P1000
;TYPE:Outer wall
;WIDTH:0.42
G1 F961
G1 X82.71 Y134.04 E.43429
G1 X82.71 Y132.96 E.03217
G1 X96.21 Y132.96 E.40212
G1 X96.21 Y123.04 E.29548
G1 X82.71 Y123.04 E.40212
G1 X82.71 Y121.96 E.03217
G1 X97.29 Y121.96 E.43429
G1 X97.29 Y133.98 E.35803
G1 X96.889 Y133.639 F18000
G1 X96.898 Y133.648
M204 P1500
;TYPE:Inner wall
;WIDTH:0.45
G1 F961
G1 X83.102 Y133.648 E.44362
G1 X83.102 Y133.352 E.00951
G1 X96.602 Y133.352 E.43411
G1 X96.602 Y122.648 E.34421
G1 X83.102 Y122.648 E.43411
G1 X83.102 Y122.352 E.00951
G1 X96.898 Y122.352 E.44362
G1 X96.898 Y133.588 E.3613
; stop printing object esp32_pod_lid.stl id:0 copy 0
;LAYER_CHANGE
;Z:3.44
;HEIGHT:0.2
G92 E0 ; zero the extruded length again
; BEFORE_LAYER_CHANGE 16 @ 3.44mm
G1 E-1.75 F6000
;WIPE_START
G1 X95.898 Y133.592 E-.75
;WIPE_END
; AFTER_LAYER_CHANGE 16 @ 3.44mm
;_SET_FAN_SPEED_CHANGING_LAYER
; printing object esp32_pod_lid.stl id:0 copy 0
G17
G3 Z3.64 I-.608 J.008 P1  F18000
G1 X95.899 Y133.65 Z3.64
G1 X96.202 Y133.646
G1 X96.699 Y133.639
G1 X96.889 Y133.639
G1 X97.29 Y134.04
G1 Z3.44
G1 E2.5 F6000
M204 P1000
;TYPE:Outer wall
;WIDTH:0.42
G1 F961
G1 X82.71 Y134.04 E.43429
G1 X82.71 Y132.96 E.03217
G1 X96.21 Y132.96 E.40212
G1 X96.21 Y123.04 E.29548
G1 X82.71 Y123.04 E.40212
G1 X82.71 Y121.96 E.03217
G1 X97.29 Y121.96 E.43429
G1 X97.29 Y133.98 E.35803
G1 X96.889 Y133.639 F18000
G1 X96.898 Y133.648
M204 P1500
;TYPE:Inner wall
;WIDTH:0.45
G1 F961
G1 X83.102 Y133.648 E.44362
G1 X83.102 Y133.352 E.00951
G1 X96.602 Y133.352 E.43411
G1 X96.602 Y122.648 E.34421
G1 X83.102 Y122.648 E.43411
G1 X83.102 Y122.352 E.00951
G1 X96.898 Y122.352 E.44362
G1 X96.898 Y133.588 E.3613
; stop printing object esp32_pod_lid.stl id:0 copy 0
;LAYER_CHANGE
;Z:3.64
;HEIGHT:0.2
G92 E0 ; zero the extruded length again
; BEFORE_LAYER_CHANGE 17 @ 3.64mm
G1 E-1.75 F6000
;WIPE_START
G1 X95.898 Y133.592 E-.75
;WIPE_END
; AFTER_LAYER_CHANGE 17 @ 3.64mm
;_SET_FAN_SPEED_CHANGING_LAYER
; printing object esp32_pod_lid.stl id:0 copy 0
G17
G3 Z3.84 I-.608 J.008 P1  F18000
G1 X95.899 Y133.65 Z3.84
G1 X96.202 Y133.646
G1 X96.699 Y133.639
G1 X96.889 Y133.639
G1 X97.29 Y134.04
G1 Z3.64
G1 E2.5 F6000
M204 P1000
;TYPE:Outer wall
;WIDTH:0.42
G1 F961
G1 X82.71 Y134.04 E.43429
G1 X82.71 Y132.96 E.03217
G1 X96.21 Y132.96 E.40212
G1 X96.21 Y123.04 E.29548
G1 X82.71 Y123.04 E.40212
G1 X82.71 Y121.96 E.03217
G1 X97.29 Y121.96 E.43429
G1 X97.29 Y133.98 E.35803
G1 X96.889 Y133.639 F18000
G1 X96.898 Y133.648
M204 P1500
;TYPE:Inner wall
;WIDTH:0.45
G1 F961
G1 X83.102 Y133.648 E.44362
G1 X83.102 Y133.352 E.00951
G1 X96.602 Y133.352 E.43411
G1 X96.602 Y122.648 E.34421
G1 X83.102 Y122.648 E.43411
G1 X83.102 Y122.352 E.00951
G1 X96.898 Y122.352 E.44362
G1 X96.898 Y133.588 E.3613
; stop printing object esp32_pod_lid.stl id:0 copy 0
;LAYER_CHANGE
;Z:3.84
;HEIGHT:0.2
G92 E0 ; zero the extruded length again
; BEFORE_LAYER_CHANGE 18 @ 3.84mm
G1 E-1.75 F6000
;WIPE_START
G1 X95.898 Y133.592 E-.75
;WIPE_END
; AFTER_LAYER_CHANGE 18 @ 3.84mm
;_SET_FAN_SPEED_CHANGING_LAYER
; printing object esp32_pod_lid.stl id:0 copy 0
G17
G3 Z4.04 I-.608 J.008 P1  F18000
G1 X95.899 Y133.65 Z4.04
G1 X96.202 Y133.646
G1 X96.699 Y133.639
G1 X96.889 Y133.639
G1 X97.29 Y134.04
G1 Z3.84
G1 E2.5 F6000
M204 P1000
;TYPE:Outer wall
;WIDTH:0.42
G1 F961
G1 X82.71 Y134.04 E.43429
G1 X82.71 Y132.96 E.03217
G1 X96.21 Y132.96 E.40212
G1 X96.21 Y123.04 E.29548
G1 X82.71 Y123.04 E.40212
G1 X82.71 Y121.96 E.03217
G1 X97.29 Y121.96 E.43429
G1 X97.29 Y133.98 E.35803
G1 X96.889 Y133.639 F18000
G1 X96.898 Y133.648
M204 P1500
;TYPE:Inner wall
;WIDTH:0.45
G1 F961
G1 X83.102 Y133.648 E.44362
G1 X83.102 Y133.352 E.00951
G1 X96.602 Y133.352 E.43411
G1 X96.602 Y122.648 E.34421
G1 X83.102 Y122.648 E.43411
G1 X83.102 Y122.352 E.00951
G1 X96.898 Y122.352 E.44362
G1 X96.898 Y133.588 E.3613
; stop printing object esp32_pod_lid.stl id:0 copy 0
;LAYER_CHANGE
;Z:4.04
;HEIGHT:0.2
G92 E0 ; zero the extruded length again
; BEFORE_LAYER_CHANGE 19 @ 4.04mm
G1 E-1.75 F6000
;WIPE_START
G1 X95.898 Y133.592 E-.75
;WIPE_END
; AFTER_LAYER_CHANGE 19 @ 4.04mm
;_SET_FAN_SPEED_CHANGING_LAYER
; printing object esp32_pod_lid.stl id:0 copy 0
G17
G3 Z4.24 I-.608 J.008 P1  F18000
G1 X95.899 Y133.65 Z4.24
G1 X96.202 Y133.646
G1 X96.699 Y133.639
G1 X96.889 Y133.639
G1 X97.29 Y134.04
G1 Z4.04
G1 E2.5 F6000
M204 P1000
;TYPE:Outer wall
;WIDTH:0.42
G1 F961
G1 X82.71 Y134.04 E.43429
G1 X82.71 Y132.96 E.03217
G1 X96.21 Y132.96 E.40212
G1 X96.21 Y123.04 E.29548
G1 X82.71 Y123.04 E.40212
G1 X82.71 Y121.96 E.03217
G1 X97.29 Y121.96 E.43429
G1 X97.29 Y133.98 E.35803
G1 X96.889 Y133.639 F18000
G1 X96.898 Y133.648
M204 P1500
;TYPE:Inner wall
;WIDTH:0.45
G1 F961
G1 X83.102 Y133.648 E.44362
G1 X83.102 Y133.352 E.00951
G1 X96.602 Y133.352 E.43411
G1 X96.602 Y122.648 E.34421
G1 X83.102 Y122.648 E.43411
G1 X83.102 Y122.352 E.00951
G1 X96.898 Y122.352 E.44362
G1 X96.898 Y133.588 E.3613
; stop printing object esp32_pod_lid.stl id:0 copy 0
;LAYER_CHANGE
;Z:4.24
;HEIGHT:0.2
G92 E0 ; zero the extruded length again
; BEFORE_LAYER_CHANGE 20 @ 4.24mm
G1 E-1.75 F6000
;WIPE_START
G1 X95.898 Y133.592 E-.75
;WIPE_END
; AFTER_LAYER_CHANGE 20 @ 4.24mm
;_SET_FAN_SPEED_CHANGING_LAYER
; printing object esp32_pod_lid.stl id:0 copy 0
G17
G3 Z4.44 I-.608 J.008 P1  F18000
G1 X95.899 Y133.65 Z4.44
G1 X96.202 Y133.646
G1 X96.699 Y133.639
G1 X96.889 Y133.639
G1 X97.29 Y134.04
G1 Z4.24
G1 E2.5 F6000
M204 P1000
;TYPE:Outer wall
;WIDTH:0.42
G1 F961
G1 X82.71 Y134.04 E.43429
G1 X82.71 Y132.96 E.03217
G1 X96.21 Y132.96 E.40212
G1 X96.21 Y123.04 E.29548
G1 X82.71 Y123.04 E.40212
G1 X82.71 Y121.96 E.03217
G1 X97.29 Y121.96 E.43429
G1 X97.29 Y133.98 E.35803
G1 X96.889 Y133.639 F18000
G1 X96.898 Y133.648
M204 P1500
;TYPE:Inner wall
;WIDTH:0.45
G1 F961
G1 X83.102 Y133.648 E.44362
G1 X83.102 Y133.352 E.00951
G1 X96.602 Y133.352 E.43411
G1 X96.602 Y122.648 E.34421
G1 X83.102 Y122.648 E.43411
G1 X83.102 Y122.352 E.00951
G1 X96.898 Y122.352 E.44362
G1 X96.898 Y133.588 E.3613
; stop printing object esp32_pod_lid.stl id:0 copy 0
;LAYER_CHANGE
;Z:4.44
;HEIGHT:0.2
G92 E0 ; zero the extruded length again
; BEFORE_LAYER_CHANGE 21 @ 4.44mm
G1 E-1.75 F6000
;WIPE_START
G1 X95.898 Y133.592 E-.75
;WIPE_END
; AFTER_LAYER_CHANGE 21 @ 4.44mm
;_SET_FAN_SPEED_CHANGING_LAYER
; printing object esp32_pod_lid.stl id:0 copy 0
G17
G3 Z4.64 I-.608 J.008 P1  F18000
G1 X95.899 Y133.65 Z4.64
G1 X96.202 Y133.646
G1 X96.699 Y133.639
G1 X96.889 Y133.639
G1 X97.29 Y134.04
G1 Z4.44
G1 E2.5 F6000
M204 P1000
;TYPE:Outer wall
;WIDTH:0.42
G1 F961
G1 X82.71 Y134.04 E.43429
G1 X82.71 Y132.96 E.03217
G1 X96.21 Y132.96 E.40212
G1 X96.21 Y123.04 E.29548
G1 X82.71 Y123.04 E.40212
G1 X82.71 Y121.96 E.03217
G1 X97.29 Y121.96 E.43429
G1 X97.29 Y133.98 E.35803
G1 X96.889 Y133.639 F18000
G1 X96.898 Y133.648
M204 P1500
;TYPE:Inner wall
;WIDTH:0.45
G1 F961
G1 X83.102 Y133.648 E.44362
G1 X83.102 Y133.352 E.00951
G1 X96.602 Y133.352 E.43411
G1 X96.602 Y122.648 E.34421
G1 X83.102 Y122.648 E.43411
G1 X83.102 Y122.352 E.00951
G1 X96.898 Y122.352 E.44362
G1 X96.898 Y133.588 E.3613
; stop printing object esp32_pod_lid.stl id:0 copy 0
;LAYER_CHANGE
;Z:4.64
;HEIGHT:0.2
G92 E0 ; zero the extruded length again
; BEFORE_LAYER_CHANGE 22 @ 4.64mm
G1 E-1.75 F6000
;WIPE_START
G1 X95.898 Y133.592 E-.75
;WIPE_END
; AFTER_LAYER_CHANGE 22 @ 4.64mm
;_SET_FAN_SPEED_CHANGING_LAYER
; printing object esp32_pod_lid.stl id:0 copy 0
G17
G3 Z4.84 I-.608 J.008 P1  F18000
G1 X95.899 Y133.65 Z4.84
G1 X96.202 Y133.646
G1 X96.699 Y133.639
G1 X96.889 Y133.639
G1 X97.29 Y134.04
G1 Z4.64
G1 E2.5 F6000
M204 P1000
;TYPE:Outer wall
;WIDTH:0.42
G1 F961
G1 X82.71 Y134.04 E.43429
G1 X82.71 Y132.96 E.03217
G1 X96.21 Y132.96 E.40212
G1 X96.21 Y123.04 E.29548
G1 X82.71 Y123.04 E.40212
G1 X82.71 Y121.96 E.03217
G1 X97.29 Y121.96 E.43429
G1 X97.29 Y133.98 E.35803
G1 X96.889 Y133.639 F18000
G1 X96.898 Y133.648
M204 P1500
;TYPE:Inner wall
;WIDTH:0.45
G1 F961
G1 X83.102 Y133.648 E.44362
G1 X83.102 Y133.352 E.00951
G1 X96.602 Y133.352 E.43411
G1 X96.602 Y122.648 E.34421
G1 X83.102 Y122.648 E.43411
G1 X83.102 Y122.352 E.00951
G1 X96.898 Y122.352 E.44362
G1 X96.898 Y133.588 E.3613
; stop printing object esp32_pod_lid.stl id:0 copy 0
;LAYER_CHANGE
;Z:4.84
;HEIGHT:0.2
G92 E0 ; zero the extruded length again
; BEFORE_LAYER_CHANGE 23 @ 4.84mm
G1 E-1.75 F6000
;WIPE_START
G1 X95.898 Y133.592 E-.75
;WIPE_END
; AFTER_LAYER_CHANGE 23 @ 4.84mm
;_SET_FAN_SPEED_CHANGING_LAYER
; printing object esp32_pod_lid.stl id:0 copy 0
G17
G3 Z5.04 I-.608 J.008 P1  F18000
G1 X95.899 Y133.65 Z5.04
G1 X96.202 Y133.646
G1 X96.699 Y133.639
G1 X96.889 Y133.639
G1 X97.29 Y134.04
G1 Z4.84
G1 E2.5 F6000
M204 P1000
;TYPE:Outer wall
;WIDTH:0.42
G1 F961
G1 X82.71 Y134.04 E.43429
G1 X82.71 Y132.96 E.03217
G1 X96.21 Y132.96 E.40212
G1 X96.21 Y123.04 E.29548
G1 X82.71 Y123.04 E.40212
G1 X82.71 Y121.96 E.03217
G1 X97.29 Y121.96 E.43429
G1 X97.29 Y133.98 E.35803
G1 X96.889 Y133.639 F18000
G1 X96.898 Y133.648
M204 P1500
;TYPE:Inner wall
;WIDTH:0.45
G1 F961
G1 X83.102 Y133.648 E.44362
G1 X83.102 Y133.352 E.00951
G1 X96.602 Y133.352 E.43411
G1 X96.602 Y122.648 E.34421
G1 X83.102 Y122.648 E.43411
G1 X83.102 Y122.352 E.00951
G1 X96.898 Y122.352 E.44362
G1 X96.898 Y133.588 E.3613
; stop printing object esp32_pod_lid.stl id:0 copy 0
;LAYER_CHANGE
;Z:5.04
;HEIGHT:0.2
G92 E0 ; zero the extruded length again
; BEFORE_LAYER_CHANGE 24 @ 5.04mm
G1 E-1.75 F6000
;WIPE_START
G1 X95.898 Y133.592 E-.75
;WIPE_END
; AFTER_LAYER_CHANGE 24 @ 5.04mm
;_SET_FAN_SPEED_CHANGING_LAYER
; printing object esp32_pod_lid.stl id:0 copy 0
G17
G3 Z5.24 I-.608 J.008 P1  F18000
G1 X95.899 Y133.65 Z5.24
G1 X96.202 Y133.646
G1 X96.699 Y133.639
G1 X96.889 Y133.639
G1 X97.29 Y134.04
G1 Z5.04
G1 E2.5 F6000
M204 P1000
;TYPE:Outer wall
;WIDTH:0.42
G1 F961
G1 X82.71 Y134.04 E.43429
G1 X82.71 Y132.96 E.03217
G1 X96.21 Y132.96 E.40212
G1 X96.21 Y123.04 E.29548
G1 X82.71 Y123.04 E.40212
G1 X82.71 Y121.96 E.03217
G1 X97.29 Y121.96 E.43429
G1 X97.29 Y133.98 E.35803
G1 X96.889 Y133.639 F18000
G1 X96.898 Y133.648
M204 P1500
;TYPE:Inner wall
;WIDTH:0.45
G1 F961
G1 X83.102 Y133.648 E.44362
G1 X83.102 Y133.352 E.00951
G1 X96.602 Y133.352 E.43411
G1 X96.602 Y122.648 E.34421
G1 X83.102 Y122.648 E.43411
G1 X83.102 Y122.352 E.00951
G1 X96.898 Y122.352 E.44362
G1 X96.898 Y133.588 E.3613
; stop printing object esp32_pod_lid.stl id:0 copy 0
;LAYER_CHANGE
;Z:5.24
;HEIGHT:0.2
G92 E0 ; zero the extruded length again
; BEFORE_LAYER_CHANGE 25 @ 5.24mm
G1 E-1.75 F6000
;WIPE_START
G1 X95.898 Y133.592 E-.75
;WIPE_END
; AFTER_LAYER_CHANGE 25 @ 5.24mm
;_SET_FAN_SPEED_CHANGING_LAYER
; printing object esp32_pod_lid.stl id:0 copy 0
G17
G3 Z5.44 I-.608 J.008 P1  F18000
G1 X95.899 Y133.65 Z5.44
G1 X96.202 Y133.646
G1 X96.699 Y133.639
G1 X96.889 Y133.639
G1 X97.29 Y134.04
G1 Z5.24
G1 E2.5 F6000
M204 P1000
;TYPE:Outer wall
;WIDTH:0.42
G1 F961
G1 X82.71 Y134.04 E.43429
G1 X82.71 Y132.96 E.03217
G1 X96.21 Y132.96 E.40212
G1 X96.21 Y123.04 E.29548
G1 X82.71 Y123.04 E.40212
G1 X82.71 Y121.96 E.03217
G1 X97.29 Y121.96 E.43429
G1 X97.29 Y133.98 E.35803
G1 X96.889 Y133.639 F18000
G1 X96.898 Y133.648
M204 P1500
;TYPE:Inner wall
;WIDTH:0.45
G1 F961
G1 X83.102 Y133.648 E.44362
G1 X83.102 Y133.352 E.00951
G1 X96.602 Y133.352 E.43411
G1 X96.602 Y122.648 E.34421
G1 X83.102 Y122.648 E.43411
G1 X83.102 Y122.352 E.00951
G1 X96.898 Y122.352 E.44362
G1 X96.898 Y133.588 E.3613
; stop printing object esp32_pod_lid.stl id:0 copy 0
;LAYER_CHANGE
;Z:5.44
;HEIGHT:0.2
G92 E0 ; zero the extruded length again
; BEFORE_LAYER_CHANGE 26 @ 5.44mm
G1 E-1.75 F6000
;WIPE_START
G1 X95.898 Y133.592 E-.75
;WIPE_END
; AFTER_LAYER_CHANGE 26 @ 5.44mm
;_SET_FAN_SPEED_CHANGING_LAYER
; printing object esp32_pod_lid.stl id:0 copy 0
G17
G3 Z5.64 I-.608 J.008 P1  F18000
G1 X95.899 Y133.65 Z5.64
G1 X96.202 Y133.646
G1 X96.699 Y133.639
G1 X96.889 Y133.639
G1 X97.29 Y134.04
G1 Z5.44
G1 E2.5 F6000
M204 P1000
;TYPE:Outer wall
;WIDTH:0.42
G1 F961
G1 X82.71 Y134.04 E.43429
G1 X82.71 Y132.96 E.03217
G1 X96.21 Y132.96 E.40212
G1 X96.21 Y123.04 E.29548
G1 X82.71 Y123.04 E.40212
G1 X82.71 Y121.96 E.03217
G1 X97.29 Y121.96 E.43429
G1 X97.29 Y133.98 E.35803
G1 X96.889 Y133.639 F18000
G1 X96.898 Y133.648
M204 P1500
;TYPE:Inner wall
;WIDTH:0.45
G1 F961
G1 X83.102 Y133.648 E.44362
G1 X83.102 Y133.352 E.00951
G1 X96.602 Y133.352 E.43411
G1 X96.602 Y122.648 E.34421
G1 X83.102 Y122.648 E.43411
G1 X83.102 Y122.352 E.00951
G1 X96.898 Y122.352 E.44362
G1 X96.898 Y133.588 E.3613
; stop printing object esp32_pod_lid.stl id:0 copy 0
;LAYER_CHANGE
;Z:5.64
;HEIGHT:0.2
G92 E0 ; zero the extruded length again
; BEFORE_LAYER_CHANGE 27 @ 5.64mm
G1 E-1.75 F6000
;WIPE_START
G1 X95.898 Y133.592 E-.75
;WIPE_END
; AFTER_LAYER_CHANGE 27 @ 5.64mm
;_SET_FAN_SPEED_CHANGING_LAYER
; printing object esp32_pod_lid.stl id:0 copy 0
G17
G3 Z5.84 I-.608 J.008 P1  F18000
G1 X95.899 Y133.65 Z5.84
G1 X96.202 Y133.646
G1 X96.699 Y133.639
G1 X96.889 Y133.639
G1 X97.29 Y134.04
G1 Z5.64
G1 E2.5 F6000
M204 P1000
;TYPE:Outer wall
;WIDTH:0.42
G1 F961
G1 X82.71 Y134.04 E.43429
G1 X82.71 Y132.96 E.03217
G1 X96.21 Y132.96 E.40212
G1 X96.21 Y123.04 E.29548
G1 X82.71 Y123.04 E.40212
G1 X82.71 Y121.96 E.03217
G1 X97.29 Y121.96 E.43429
G1 X97.29 Y133.98 E.35803
G1 X96.889 Y133.639 F18000
G1 X96.898 Y133.648
M204 P1500
;TYPE:Inner wall
;WIDTH:0.45
G1 F961
G1 X83.102 Y133.648 E.44362
G1 X83.102 Y133.352 E.00951
G1 X96.602 Y133.352 E.43411
G1 X96.602 Y122.648 E.34421
G1 X83.102 Y122.648 E.43411
G1 X83.102 Y122.352 E.00951
G1 X96.898 Y122.352 E.44362
G1 X96.898 Y133.588 E.3613
; stop printing object esp32_pod_lid.stl id:0 copy 0
;LAYER_CHANGE
;Z:5.84
;HEIGHT:0.2
G92 E0 ; zero the extruded length again
; BEFORE_LAYER_CHANGE 28 @ 5.84mm
G1 E-1.75 F6000
;WIPE_START
G1 X95.898 Y133.592 E-.75
;WIPE_END
; AFTER_LAYER_CHANGE 28 @ 5.84mm
;_SET_FAN_SPEED_CHANGING_LAYER
; printing object esp32_pod_lid.stl id:0 copy 0
G17
G3 Z6.04 I-.608 J.008 P1  F18000
G1 X95.899 Y133.65 Z6.04
G1 X96.202 Y133.646
G1 X96.699 Y133.639
G1 X96.889 Y133.639
G1 X97.29 Y134.04
G1 Z5.84
G1 E2.5 F6000
M204 P1000
;TYPE:Outer wall
;WIDTH:0.42
G1 F961
G1 X82.71 Y134.04 E.43429
G1 X82.71 Y132.96 E.03217
G1 X96.21 Y132.96 E.40212
G1 X96.21 Y123.04 E.29548
G1 X82.71 Y123.04 E.40212
G1 X82.71 Y121.96 E.03217
G1 X97.29 Y121.96 E.43429
G1 X97.29 Y133.98 E.35803
G1 X96.889 Y133.639 F18000
G1 X96.898 Y133.648
M204 P1500
;TYPE:Inner wall
;WIDTH:0.45
G1 F961
G1 X83.102 Y133.648 E.44362
G1 X83.102 Y133.352 E.00951
G1 X96.602 Y133.352 E.43411
G1 X96.602 Y122.648 E.34421
G1 X83.102 Y122.648 E.43411
G1 X83.102 Y122.352 E.00951
G1 X96.898 Y122.352 E.44362
G1 X96.898 Y133.588 E.3613
; stop printing object esp32_pod_lid.stl id:0 copy 0
;LAYER_CHANGE
;Z:6.04
;HEIGHT:0.2
G92 E0 ; zero the extruded length again
; BEFORE_LAYER_CHANGE 29 @ 6.04mm
G1 E-1.75 F6000
;WIPE_START
G1 X95.898 Y133.592 E-.75
;WIPE_END
; AFTER_LAYER_CHANGE 29 @ 6.04mm
;_SET_FAN_SPEED_CHANGING_LAYER
; printing object esp32_pod_lid.stl id:0 copy 0
G17
G3 Z6.24 I-.608 J.008 P1  F18000
G1 X95.899 Y133.65 Z6.24
G1 X96.202 Y133.646
G1 X96.699 Y133.639
G1 X96.889 Y133.639
G1 X97.29 Y134.04
G1 Z6.04
G1 E2.5 F6000
M204 P1000
;TYPE:Outer wall
;WIDTH:0.42
G1 F961
G1 X82.71 Y134.04 E.43429
G1 X82.71 Y132.96 E.03217
G1 X96.21 Y132.96 E.40212
G1 X96.21 Y123.04 E.29548
G1 X82.71 Y123.04 E.40212
G1 X82.71 Y121.96 E.03217
G1 X97.29 Y121.96 E.43429
G1 X97.29 Y133.98 E.35803
G1 X96.889 Y133.639 F18000
G1 X96.898 Y133.648
M204 P1500
;TYPE:Inner wall
;WIDTH:0.45
G1 F961
G1 X83.102 Y133.648 E.44362
G1 X83.102 Y133.352 E.00951
G1 X96.602 Y133.352 E.43411
G1 X96.602 Y122.648 E.34421
G1 X83.102 Y122.648 E.43411
G1 X83.102 Y122.352 E.00951
G1 X96.898 Y122.352 E.44362
G1 X96.898 Y133.588 E.3613
; stop printing object esp32_pod_lid.stl id:0 copy 0
;LAYER_CHANGE
;Z:6.24
;HEIGHT:0.2
G92 E0 ; zero the extruded length again
; BEFORE_LAYER_CHANGE 30 @ 6.24mm
G1 E-1.75 F6000
;WIPE_START
G1 X95.898 Y133.592 E-.75
;WIPE_END
; AFTER_LAYER_CHANGE 30 @ 6.24mm
;_SET_FAN_SPEED_CHANGING_LAYER
; printing object esp32_pod_lid.stl id:0 copy 0
G17
G3 Z6.44 I-.608 J.008 P1  F18000
G1 X95.899 Y133.65 Z6.44
G1 X96.202 Y133.646
G1 X96.699 Y133.639
G1 X96.889 Y133.639
G1 X97.29 Y134.04
G1 Z6.24
G1 E2.5 F6000
M204 P1000
;TYPE:Outer wall
;WIDTH:0.42
G1 F961
G1 X82.71 Y134.04 E.43429
G1 X82.71 Y132.96 E.03217
G1 X96.21 Y132.96 E.40212
G1 X96.21 Y123.04 E.29548
G1 X82.71 Y123.04 E.40212
G1 X82.71 Y121.96 E.03217
G1 X97.29 Y121.96 E.43429
G1 X97.29 Y133.98 E.35803
G1 X96.889 Y133.639 F18000
G1 X96.898 Y133.648
M204 P1500
;TYPE:Inner wall
;WIDTH:0.45
G1 F961
G1 X83.102 Y133.648 E.44362
G1 X83.102 Y133.352 E.00951
G1 X96.602 Y133.352 E.43411
G1 X96.602 Y122.648 E.34421
G1 X83.102 Y122.648 E.43411
G1 X83.102 Y122.352 E.00951
G1 X96.898 Y122.352 E.44362
G1 X96.898 Y133.588 E.3613
; stop printing object esp32_pod_lid.stl id:0 copy 0
;LAYER_CHANGE
;Z:6.44
;HEIGHT:0.2
G92 E0 ; zero the extruded length again
; BEFORE_LAYER_CHANGE 31 @ 6.44mm
G1 E-1.75 F6000
;WIPE_START
G1 X95.898 Y133.592 E-.75
;WIPE_END
; AFTER_LAYER_CHANGE 31 @ 6.44mm
;_SET_FAN_SPEED_CHANGING_LAYER
; printing object esp32_pod_lid.stl id:0 copy 0
G17
G3 Z6.64 I-.608 J.008 P1  F18000
G1 X95.899 Y133.65 Z6.64
G1 X96.202 Y133.646
G1 X96.699 Y133.639
G1 X96.889 Y133.639
G1 X97.29 Y134.04
G1 Z6.44
G1 E2.5 F6000
M204 P1000
;TYPE:Outer wall
;WIDTH:0.42
G1 F961
G1 X82.71 Y134.04 E.43429
G1 X82.71 Y132.96 E.03217
G1 X96.21 Y132.96 E.40212
G1 X96.21 Y123.04 E.29548
G1 X82.71 Y123.04 E.40212
G1 X82.71 Y121.96 E.03217
G1 X97.29 Y121.96 E.43429
G1 X97.29 Y133.98 E.35803
G1 X96.889 Y133.639 F18000
G1 X96.898 Y133.648
M204 P1500
;TYPE:Inner wall
;WIDTH:0.45
G1 F961
G1 X83.102 Y133.648 E.44362
G1 X83.102 Y133.352 E.00951
G1 X96.602 Y133.352 E.43411
G1 X96.602 Y122.648 E.34421
G1 X83.102 Y122.648 E.43411
G1 X83.102 Y122.352 E.00951
G1 X96.898 Y122.352 E.44362
G1 X96.898 Y133.588 E.3613
; stop printing object esp32_pod_lid.stl id:0 copy 0
;LAYER_CHANGE
;Z:6.64
;HEIGHT:0.2
G92 E0 ; zero the extruded length again
; BEFORE_LAYER_CHANGE 32 @ 6.64mm
G1 E-1.75 F6000
;WIPE_START
G1 X95.898 Y133.592 E-.75
;WIPE_END
; AFTER_LAYER_CHANGE 32 @ 6.64mm
;_SET_FAN_SPEED_CHANGING_LAYER
; printing object esp32_pod_lid.stl id:0 copy 0
G17
G3 Z6.84 I-.608 J.008 P1  F18000
G1 X95.899 Y133.65 Z6.84
G1 X96.202 Y133.646
G1 X96.699 Y133.639
G1 X96.889 Y133.639
G1 X97.29 Y134.04
G1 Z6.64
G1 E2.5 F6000
M204 P1000
;TYPE:Outer wall
;WIDTH:0.42
G1 F961
G1 X82.71 Y134.04 E.43429
G1 X82.71 Y132.96 E.03217
G1 X96.21 Y132.96 E.40212
G1 X96.21 Y123.04 E.29548
G1 X82.71 Y123.04 E.40212
G1 X82.71 Y121.96 E.03217
G1 X97.29 Y121.96 E.43429
G1 X97.29 Y133.98 E.35803
G1 X96.889 Y133.639 F18000
G1 X96.898 Y133.648
M204 P1500
;TYPE:Inner wall
;WIDTH:0.45
G1 F961
G1 X83.102 Y133.648 E.44362
G1 X83.102 Y133.352 E.00951
G1 X96.602 Y133.352 E.43411
G1 X96.602 Y122.648 E.34421
G1 X83.102 Y122.648 E.43411
G1 X83.102 Y122.352 E.00951
G1 X96.898 Y122.352 E.44362
G1 X96.898 Y133.588 E.3613
; stop printing object esp32_pod_lid.stl id:0 copy 0
;LAYER_CHANGE
;Z:6.84
;HEIGHT:0.2
G92 E0 ; zero the extruded length again
; BEFORE_LAYER_CHANGE 33 @ 6.84mm
G1 E-1.75 F6000
;WIPE_START
G1 X95.898 Y133.592 E-.75
;WIPE_END
; AFTER_LAYER_CHANGE 33 @ 6.84mm
;_SET_FAN_SPEED_CHANGING_LAYER
; printing object esp32_pod_lid.stl id:0 copy 0
G17
G3 Z7.04 I-.608 J.008 P1  F18000
G1 X95.899 Y133.65 Z7.04
G1 X96.202 Y133.646
G1 X96.699 Y133.639
G1 X96.889 Y133.639
G1 X97.29 Y134.04
G1 Z6.84
G1 E2.5 F6000
M204 P1000
;TYPE:Outer wall
;WIDTH:0.42
G1 F961
G1 X82.71 Y134.04 E.43429
G1 X82.71 Y132.96 E.03217
G1 X96.21 Y132.96 E.40212
G1 X96.21 Y123.04 E.29548
G1 X82.71 Y123.04 E.40212
G1 X82.71 Y121.96 E.03217
G1 X97.29 Y121.96 E.43429
G1 X97.29 Y133.98 E.35803
G1 X96.889 Y133.639 F18000
G1 X96.898 Y133.648
M204 P1500
;TYPE:Inner wall
;WIDTH:0.45
G1 F961
G1 X83.102 Y133.648 E.44362
G1 X83.102 Y133.352 E.00951
G1 X96.602 Y133.352 E.43411
G1 X96.602 Y122.648 E.34421
G1 X83.102 Y122.648 E.43411
G1 X83.102 Y122.352 E.00951
G1 X96.898 Y122.352 E.44362
G1 X96.898 Y133.588 E.3613
; stop printing object esp32_pod_lid.stl id:0 copy 0
;LAYER_CHANGE
;Z:7.04
;HEIGHT:0.2
G92 E0 ; zero the extruded length again
; BEFORE_LAYER_CHANGE 34 @ 7.04mm
G1 E-1.75 F6000
;WIPE_START
G1 X95.898 Y133.592 E-.75
;WIPE_END
; AFTER_LAYER_CHANGE 34 @ 7.04mm
;_SET_FAN_SPEED_CHANGING_LAYER
; printing object esp32_pod_lid.stl id:0 copy 0
G17
G3 Z7.24 I-.608 J.008 P1  F18000
G1 X95.899 Y133.65 Z7.24
G1 X96.202 Y133.646
G1 X96.699 Y133.639
G1 X96.889 Y133.639
G1 X97.29 Y134.04
G1 Z7.04
G1 E2.5 F6000
M204 P1000
;TYPE:Outer wall
;WIDTH:0.42
G1 F961
G1 X82.71 Y134.04 E.43429
G1 X82.71 Y132.96 E.03217
G1 X96.21 Y132.96 E.40212
G1 X96.21 Y123.04 E.29548
G1 X82.71 Y123.04 E.40212
G1 X82.71 Y121.96 E.03217
G1 X97.29 Y121.96 E.43429
G1 X97.29 Y133.98 E.35803
G1 X96.889 Y133.639 F18000
G1 X96.898 Y133.648
M204 P1500
;TYPE:Inner wall
;WIDTH:0.45
G1 F961
G1 X83.102 Y133.648 E.44362
G1 X83.102 Y133.352 E.00951
G1 X96.602 Y133.352 E.43411
G1 X96.602 Y122.648 E.34421
G1 X83.102 Y122.648 E.43411
G1 X83.102 Y122.352 E.00951
G1 X96.898 Y122.352 E.44362
G1 X96.898 Y133.588 E.3613
; stop printing object esp32_pod_lid.stl id:0 copy 0
M106 S171
;LAYER_CHANGE
;Z:7.24
;HEIGHT:0.2
G92 E0 ; zero the extruded length again
; BEFORE_LAYER_CHANGE 35 @ 7.24mm
G1 E-1.75 F6000
;WIPE_START
G1 X95.898 Y133.592 E-.75
;WIPE_END
; AFTER_LAYER_CHANGE 35 @ 7.24mm
;_SET_FAN_SPEED_CHANGING_LAYER
; printing object esp32_pod_lid.stl id:0 copy 0
G17
G3 Z7.44 I-.608 J.008 P1  F18000
G1 X95.899 Y133.65 Z7.44
G1 X96.889 Y133.449
G1 X96.699 Y122.361
G1 X93.253 Y122.347
G1 X82.611 Y75.39
G1 X82.21 Y75.39
G1 Z7.24
G1 E2.5 F6000
M204 P500
;TYPE:Overhang wall
;WIDTH:0.364292
G1 F1500
G1 X82.21 Y75.21 E.00457
G1 X137.79 Y75.21 E1.41096
G1 X137.79 Y75.39 E.00457
G1 X82.27 Y75.39 E1.40943
G1 E-1.75 F6000
;WIPE_START
G1 F1500
G1 X82.21 Y75.21 E-.1423
G1 X83.02 Y75.21 E-.6077
;WIPE_END
G17
G3 Z7.44 I.608 J0 P1  F18000
G1 X83.02 Y75.147 Z7.44
G1 X92.712 Y122.347
G1 X96.889 Y122.551
G1 X96.699 Y133.639
G1 X95.037 Y133.653
G1 X97.29 Y144.547
G1 X97.29 Y144.61
G1 Z7.24
G1 E2.5 F6000
G1 F1500
G1 X137.79 Y144.61 E1.02814
G1 X137.79 Y144.79 E.00457
G1 X82.21 Y144.79 E1.41096
G1 X82.21 Y144.61 E.00457
G1 X97.23 Y144.61 E.3813
G1 E-1.75 F6000
;WIPE_START
G1 F1500
G1 X98.23 Y144.61 E-.75
;WIPE_END
G17
G3 Z7.44 I.608 J0 P1  F18000
G1 X98.23 Y144.547 Z7.44
G1 X96.889 Y133.639
G1 X97.29 Y134.04
G1 Z7.24
G1 E2.5 F6000
M204 P1000
;TYPE:Outer wall
;WIDTH:0.42
G1 F3600
M106 S171
G1 X82.71 Y134.04 E.43429
G1 X82.71 Y132.96 E.03217
G1 X96.21 Y132.96 E.40212
G1 X96.21 Y123.04 E.29548
G1 X82.71 Y123.04 E.40212
G1 X82.71 Y121.96 E.03217
G1 X97.29 Y121.96 E.43429
G1 X97.29 Y133.98 E.35803
G1 X96.889 Y133.639 F18000
G1 X96.898 Y133.648
M204 P1500
;TYPE:Inner wall
;WIDTH:0.45
G1 F6000
G1 X83.102 Y133.648 E.44362
G1 X83.102 Y133.352 E.00951
G1 X96.602 Y133.352 E.43411
G1 X96.602 Y122.648 E.34421
G1 X83.102 Y122.648 E.43411
G1 X83.102 Y122.352 E.00951
G1 X96.898 Y122.352 E.44362
G1 X96.898 Y133.588 E.3613
; stop printing object esp32_pod_lid.stl id:0 copy 0
M106 S176
;LAYER_CHANGE
;Z:7.44
;HEIGHT:0.2
G92 E0 ; zero the extruded length again
; BEFORE_LAYER_CHANGE 36 @ 7.44mm
G1 E-1.75 F6000
;WIPE_START
G1 X95.898 Y133.592 E-.75
;WIPE_END
; AFTER_LAYER_CHANGE 36 @ 7.44mm
;_SET_FAN_SPEED_CHANGING_LAYER
; printing object esp32_pod_lid.stl id:0 copy 0
G17
G3 Z7.64 I-.608 J.008 P1  F18000
G1 X95.899 Y133.65 Z7.64
G1 X96.889 Y133.449
G1 X96.903 Y132.196
G1 X137.389 Y75.39
G1 X137.79 Y75.39
G1 Z7.44
G1 E2.5 F6000
M204 P1000
;TYPE:Outer wall
;WIDTH:0.42
G1 F2469
G1 X82.21 Y75.39 E1.65554
G1 X82.21 Y75.21 E.00536
G1 X137.79 Y75.21 E1.65554
G1 X137.79 Y75.33 E.00357
G1 E-1.75 F6000
;WIPE_START
G1 F3600
G1 X136.79 Y75.331 E-.75
;WIPE_END
G17
G3 Z7.64 I-.608 J0 P1  F18000
G1 X136.79 Y75.453 Z7.64
G1 X137.389 Y144.79
G1 X137.79 Y144.79
G1 Z7.44
G1 E2.5 F6000
G1 F2469
G1 X82.21 Y144.79 E1.65554
G1 X82.21 Y144.61 E.00536
G1 X137.79 Y144.61 E1.65554
G1 X137.79 Y144.73 E.00357
G1 E-1.75 F6000
;WIPE_START
G1 F3600
G1 X136.79 Y144.731 E-.75
;WIPE_END
G17
G3 Z7.64 I-.608 J0 P1  F18000
G1 X136.79 Y144.853 Z7.64
G1 X96.889 Y133.639
G1 X97.29 Y134.04
G1 Z7.44
G1 E2.5 F6000
G1 F2469
G1 X82.71 Y134.04 E.43429
G1 X82.71 Y132.96 E.03217
G1 X96.21 Y132.96 E.40212
G1 X96.21 Y123.04 E.29548
G1 X82.71 Y123.04 E.40212
G1 X82.71 Y121.96 E.03217
G1 X97.29 Y121.96 E.43429
G1 X97.29 Y133.98 E.35803
G1 X96.889 Y133.639 F18000
G1 X96.898 Y133.648
M204 P1500
;TYPE:Inner wall
;WIDTH:0.45
G1 F2469
G1 X83.102 Y133.648 E.44362
G1 X83.102 Y133.352 E.00951
G1 X96.602 Y133.352 E.43411
G1 X96.602 Y122.648 E.34421
G1 X83.102 Y122.648 E.43411
G1 X83.102 Y122.352 E.00951
G1 X96.898 Y122.352 E.44362
G1 X96.898 Y133.588 E.3613
; stop printing object esp32_pod_lid.stl id:0 copy 0
;LAYER_CHANGE
;Z:7.64
;HEIGHT:0.2
G92 E0 ; zero the extruded length again
; BEFORE_LAYER_CHANGE 37 @ 7.64mm
G1 E-1.75 F6000
;WIPE_START
G1 X95.898 Y133.592 E-.75
;WIPE_END
; AFTER_LAYER_CHANGE 37 @ 7.64mm
;_SET_FAN_SPEED_CHANGING_LAYER
; printing object esp32_pod_lid.stl id:0 copy 0
G17
G3 Z7.84 I-.608 J.008 P1  F18000
G1 X95.899 Y133.65 Z7.84
G1 X96.889 Y133.449
G1 X96.903 Y132.196
G1 X137.389 Y75.39
G1 X137.79 Y75.39
G1 Z7.64
G1 E2.5 F6000
M204 P1000
;TYPE:Outer wall
;WIDTH:0.42
G1 F2469
G1 X82.21 Y75.39 E1.65554
G1 X82.21 Y75.21 E.00536
G1 X137.79 Y75.21 E1.65554
G1 X137.79 Y75.33 E.00357
G1 E-1.75 F6000
;WIPE_START
G1 F3600
G1 X136.79 Y75.331 E-.75
;WIPE_END
G17
G3 Z7.84 I-.608 J0 P1  F18000
G1 X136.79 Y75.453 Z7.84
G1 X137.389 Y144.79
G1 X137.79 Y144.79
G1 Z7.64
G1 E2.5 F6000
G1 F2469
G1 X82.21 Y144.79 E1.65554
G1 X82.21 Y144.61 E.00536
G1 X137.79 Y144.61 E1.65554
G1 X137.79 Y144.73 E.00357
G1 E-1.75 F6000
;WIPE_START
G1 F3600
G1 X136.79 Y144.731 E-.75
;WIPE_END
G17
G3 Z7.84 I-.608 J0 P1  F18000
G1 X136.79 Y144.853 Z7.84
G1 X96.889 Y133.639
G1 X97.29 Y134.04
G1 Z7.64
G1 E2.5 F6000
G1 F2469
G1 X82.71 Y134.04 E.43429
G1 X82.71 Y132.96 E.03217
G1 X96.21 Y132.96 E.40212
G1 X96.21 Y123.04 E.29548
G1 X82.71 Y123.04 E.40212
G1 X82.71 Y121.96 E.03217
G1 X97.29 Y121.96 E.43429
G1 X97.29 Y133.98 E.35803
G1 X96.889 Y133.639 F18000
G1 X96.898 Y133.648
M204 P1500
;TYPE:Inner wall
;WIDTH:0.45
G1 F2469
G1 X83.102 Y133.648 E.44362
G1 X83.102 Y133.352 E.00951
G1 X96.602 Y133.352 E.43411
G1 X96.602 Y122.648 E.34421
G1 X83.102 Y122.648 E.43411
G1 X83.102 Y122.352 E.00951
G1 X96.898 Y122.352 E.44362
G1 X96.898 Y133.588 E.3613
; stop printing object esp32_pod_lid.stl id:0 copy 0
;LAYER_CHANGE
;Z:7.84
;HEIGHT:0.2
G92 E0 ; zero the extruded length again
; BEFORE_LAYER_CHANGE 38 @ 7.84mm
G1 E-1.75 F6000
;WIPE_START
G1 X95.898 Y133.592 E-.75
;WIPE_END
; AFTER_LAYER_CHANGE 38 @ 7.84mm
;_SET_FAN_SPEED_CHANGING_LAYER
; printing object esp32_pod_lid.stl id:0 copy 0
G17
G3 Z8.04 I-.608 J.008 P1  F18000
G1 X95.899 Y133.65 Z8.04
G1 X96.889 Y133.449
G1 X96.903 Y132.196
G1 X137.389 Y75.39
G1 X137.79 Y75.39
G1 Z7.84
G1 E2.5 F6000
M204 P1000
;TYPE:Outer wall
;WIDTH:0.42
G1 F2463
G1 X82.21 Y75.39 E1.65554
G1 X82.21 Y75.21 E.00536
G1 X137.79 Y75.21 E1.65554
G1 X137.79 Y75.33 E.00357
G1 E-1.75 F6000
;WIPE_START
G1 F3600
G1 X136.79 Y75.331 E-.75
;WIPE_END
G1 X136.79 Y75.453 Z8.04 F18000
G1 X137.389 Y144.79
G1 X137.79 Y144.79
G1 Z7.84
G1 E2.5 F6000
G1 F2463
G1 X82.21 Y144.79 E1.65554
G1 X82.21 Y144.61 E.00536
G1 X137.79 Y144.61 E1.65554
G1 X137.79 Y144.73 E.00357
G1 E-1.75 F6000
;WIPE_START
G1 F3600
G1 X136.79 Y144.731 E-.75
;WIPE_END
G1 X136.79 Y144.853 Z8.04 F18000
G1 X96.889 Y133.639
G1 X97.29 Y134.04
G1 Z7.84
G1 E2.5 F6000
G1 F2463
G1 X82.71 Y134.04 E.43429
G1 X82.71 Y132.96 E.03217
G1 X96.21 Y132.96 E.40212
G1 X96.21 Y123.04 E.29548
G1 X82.71 Y123.04 E.40212
G1 X82.71 Y121.96 E.03217
G1 X97.29 Y121.96 E.43429
G1 X97.29 Y133.98 E.35803
G1 X96.889 Y133.639 F18000
G1 X96.898 Y133.648
M204 P1500
;TYPE:Inner wall
;WIDTH:0.45
G1 F2463
G1 X83.102 Y133.648 E.44362
G1 X83.102 Y133.352 E.00951
G1 X96.602 Y133.352 E.43411
G1 X96.602 Y122.648 E.34421
G1 X83.102 Y122.648 E.43411
G1 X83.102 Y122.352 E.00951
G1 X96.898 Y122.352 E.44362
G1 X96.898 Y133.588 E.3613
; stop printing object esp32_pod_lid.stl id:0 copy 0
;LAYER_CHANGE
;Z:8.04
;HEIGHT:0.2
G92 E0 ; zero the extruded length again
; BEFORE_LAYER_CHANGE 39 @ 8.04mm
G1 E-1.75 F6000
;WIPE_START
G1 X95.898 Y133.592 E-.75
;WIPE_END
; AFTER_LAYER_CHANGE 39 @ 8.04mm
;_SET_FAN_SPEED_CHANGING_LAYER
; printing object esp32_pod_lid.stl id:0 copy 0
G17
G3 Z8.24 I-.608 J.008 P1  F18000
G1 X95.899 Y133.65 Z8.24
G1 X96.889 Y133.449
G1 X96.903 Y132.196
G1 X137.389 Y75.39
G1 X137.79 Y75.39
G1 Z8.04
G1 E2.5 F6000
M204 P1000
;TYPE:Outer wall
;WIDTH:0.42
G1 F2463
G1 X82.21 Y75.39 E1.65554
G1 X82.21 Y75.21 E.00536
G1 X137.79 Y75.21 E1.65554
G1 X137.79 Y75.33 E.00357
G1 E-1.75 F6000
;WIPE_START
G1 F3600
G1 X136.79 Y75.331 E-.75
;WIPE_END
G1 X136.79 Y75.453 Z8.24 F18000
G1 X137.389 Y144.79
G1 X137.79 Y144.79
G1 Z8.04
G1 E2.5 F6000
G1 F2463
G1 X82.21 Y144.79 E1.65554
G1 X82.21 Y144.61 E.00536
G1 X137.79 Y144.61 E1.65554
G1 X137.79 Y144.73 E.00357
G1 E-1.75 F6000
;WIPE_START
G1 F3600
G1 X136.79 Y144.731 E-.75
;WIPE_END
G1 X136.79 Y144.853 Z8.24 F18000
G1 X96.889 Y133.639
G1 X97.29 Y134.04
G1 Z8.04
G1 E2.5 F6000
G1 F2463
G1 X82.71 Y134.04 E.43429
G1 X82.71 Y132.96 E.03217
G1 X96.21 Y132.96 E.40212
G1 X96.21 Y123.04 E.29548
G1 X82.71 Y123.04 E.40212
G1 X82.71 Y121.96 E.03217
G1 X97.29 Y121.96 E.43429
G1 X97.29 Y133.98 E.35803
G1 X96.889 Y133.639 F18000
G1 X96.898 Y133.648
M204 P1500
;TYPE:Inner wall
;WIDTH:0.45
G1 F2463
G1 X83.102 Y133.648 E.44362
G1 X83.102 Y133.352 E.00951
G1 X96.602 Y133.352 E.43411
G1 X96.602 Y122.648 E.34421
G1 X83.102 Y122.648 E.43411
G1 X83.102 Y122.352 E.00951
G1 X96.898 Y122.352 E.44362
G1 X96.898 Y133.588 E.3613
; stop printing object esp32_pod_lid.stl id:0 copy 0
;LAYER_CHANGE
;Z:8.24
;HEIGHT:0.2
G92 E0 ; zero the extruded length again
; BEFORE_LAYER_CHANGE 40 @ 8.24mm
G1 E-1.75 F6000
;WIPE_START
G1 X95.898 Y133.592 E-.75
;WIPE_END
; AFTER_LAYER_CHANGE 40 @ 8.24mm
;_SET_FAN_SPEED_CHANGING_LAYER
; printing object esp32_pod_lid.stl id:0 copy 0
G17
G3 Z8.44 I-.608 J.008 P1  F18000
G1 X95.899 Y133.65 Z8.44
G1 X96.889 Y133.449
G1 X96.903 Y132.196
G1 X137.389 Y75.39
G1 X137.79 Y75.39
G1 Z8.24
G1 E2.5 F6000
M204 P1000
;TYPE:Outer wall
;WIDTH:0.42
G1 F2463
G1 X82.21 Y75.39 E1.65554
G1 X82.21 Y75.21 E.00536
G1 X137.79 Y75.21 E1.65554
G1 X137.79 Y75.33 E.00357
G1 E-1.75 F6000
;WIPE_START
G1 F3600
G1 X136.79 Y75.331 E-.75
;WIPE_END
G1 X136.79 Y75.453 Z8.44 F18000
G1 X137.389 Y144.79
G1 X137.79 Y144.79
G1 Z8.24
G1 E2.5 F6000
G1 F2463
G1 X82.21 Y144.79 E1.65554
G1 X82.21 Y144.61 E.00536
G1 X137.79 Y144.61 E1.65554
G1 X137.79 Y144.73 E.00357
G1 E-1.75 F6000
;WIPE_START
G1 F3600
G1 X136.79 Y144.731 E-.75
;WIPE_END
G1 X136.79 Y144.853 Z8.44 F18000
G1 X96.889 Y133.639
G1 X97.29 Y134.04
G1 Z8.24
G1 E2.5 F6000
G1 F2463
G1 X82.71 Y134.04 E.43429
G1 X82.71 Y132.96 E.03217
G1 X96.21 Y132.96 E.40212
G1 X96.21 Y123.04 E.29548
G1 X82.71 Y123.04 E.40212
G1 X82.71 Y121.96 E.03217
G1 X97.29 Y121.96 E.43429
G1 X97.29 Y133.98 E.35803
G1 X96.889 Y133.639 F18000
G1 X96.898 Y133.648
M204 P1500
;TYPE:Inner wall
;WIDTH:0.45
G1 F2463
G1 X83.102 Y133.648 E.44362
G1 X83.102 Y133.352 E.00951
G1 X96.602 Y133.352 E.43411
G1 X96.602 Y122.648 E.34421
G1 X83.102 Y122.648 E.43411
G1 X83.102 Y122.352 E.00951
G1 X96.898 Y122.352 E.44362
G1 X96.898 Y133.588 E.3613
; stop printing object esp32_pod_lid.stl id:0 copy 0
;LAYER_CHANGE
;Z:8.44
;HEIGHT:0.2
G92 E0 ; zero the extruded length again
; BEFORE_LAYER_CHANGE 41 @ 8.44mm
G1 E-1.75 F6000
;WIPE_START
G1 X95.898 Y133.592 E-.75
;WIPE_END
; AFTER_LAYER_CHANGE 41 @ 8.44mm
;_SET_FAN_SPEED_CHANGING_LAYER
; printing object esp32_pod_lid.stl id:0 copy 0
G17
G3 Z8.64 I-.608 J.008 P1  F18000
G1 X95.899 Y133.65 Z8.64
G1 X96.889 Y133.449
G1 X96.903 Y132.196
G1 X137.389 Y75.39
G1 X137.79 Y75.39
G1 Z8.44
G1 E2.5 F6000
M204 P1000
;TYPE:Outer wall
;WIDTH:0.42
G1 F2463
G1 X82.21 Y75.39 E1.65554
G1 X82.21 Y75.21 E.00536
G1 X137.79 Y75.21 E1.65554
G1 X137.79 Y75.33 E.00357
G1 E-1.75 F6000
;WIPE_START
G1 F3600
G1 X136.79 Y75.331 E-.75
;WIPE_END
G1 X136.79 Y75.453 Z8.64 F18000
G1 X137.389 Y144.79
G1 X137.79 Y144.79
G1 Z8.44
G1 E2.5 F6000
G1 F2463
G1 X82.21 Y144.79 E1.65554
G1 X82.21 Y144.61 E.00536
G1 X137.79 Y144.61 E1.65554
G1 X137.79 Y144.73 E.00357
G1 E-1.75 F6000
;WIPE_START
G1 F3600
G1 X136.79 Y144.731 E-.75
;WIPE_END
G1 X136.79 Y144.853 Z8.64 F18000
G1 X96.889 Y133.639
G1 X97.29 Y134.04
G1 Z8.44
G1 E2.5 F6000
G1 F2463
G1 X82.71 Y134.04 E.43429
G1 X82.71 Y132.96 E.03217
G1 X96.21 Y132.96 E.40212
G1 X96.21 Y123.04 E.29548
G1 X82.71 Y123.04 E.40212
G1 X82.71 Y121.96 E.03217
G1 X97.29 Y121.96 E.43429
G1 X97.29 Y133.98 E.35803
G1 X96.889 Y133.639 F18000
G1 X96.898 Y133.648
M204 P1500
;TYPE:Inner wall
;WIDTH:0.45
G1 F2463
G1 X83.102 Y133.648 E.44362
G1 X83.102 Y133.352 E.00951
G1 X96.602 Y133.352 E.43411
G1 X96.602 Y122.648 E.34421
G1 X83.102 Y122.648 E.43411
G1 X83.102 Y122.352 E.00951
G1 X96.898 Y122.352 E.44362
G1 X96.898 Y133.588 E.3613
; stop printing object esp32_pod_lid.stl id:0 copy 0
;LAYER_CHANGE
;Z:8.64
;HEIGHT:0.200001
G92 E0 ; zero the extruded length again
; BEFORE_LAYER_CHANGE 42 @ 8.64mm
G1 E-1.75 F6000
;WIPE_START
G1 X95.898 Y133.592 E-.75
;WIPE_END
; AFTER_LAYER_CHANGE 42 @ 8.64mm
;_SET_FAN_SPEED_CHANGING_LAYER
; printing object esp32_pod_lid.stl id:0 copy 0
G17
G3 Z8.84 I-.608 J.008 P1  F18000
G1 X95.899 Y133.65 Z8.84
G1 X96.889 Y133.449
G1 X96.903 Y132.196
G1 X137.389 Y75.39
G1 X137.79 Y75.39
G1 Z8.64
G1 E2.5 F6000
M204 P1000
;TYPE:Outer wall
;WIDTH:0.42
G1 F2463
G1 X82.21 Y75.39 E1.65554
G1 X82.21 Y75.21 E.00536
G1 X137.79 Y75.21 E1.65554
G1 X137.79 Y75.33 E.00357
G1 E-1.75 F6000
;WIPE_START
G1 F3600
G1 X136.79 Y75.331 E-.75
;WIPE_END
G1 X136.79 Y75.453 Z8.84 F18000
G1 X137.389 Y144.79
G1 X137.79 Y144.79
G1 Z8.64
G1 E2.5 F6000
G1 F2463
G1 X82.21 Y144.79 E1.65554
G1 X82.21 Y144.61 E.00536
G1 X137.79 Y144.61 E1.65554
G1 X137.79 Y144.73 E.00357
G1 E-1.75 F6000
;WIPE_START
G1 F3600
G1 X136.79 Y144.731 E-.75
;WIPE_END
G1 X136.79 Y144.853 Z8.84 F18000
G1 X96.889 Y133.639
G1 X97.29 Y134.04
G1 Z8.64
G1 E2.5 F6000
G1 F2463
G1 X82.71 Y134.04 E.43429
G1 X82.71 Y132.96 E.03217
G1 X96.21 Y132.96 E.40212
G1 X96.21 Y123.04 E.29548
G1 X82.71 Y123.04 E.40212
G1 X82.71 Y121.96 E.03217
G1 X97.29 Y121.96 E.43429
G1 X97.29 Y133.98 E.35803
G1 X96.889 Y133.639 F18000
G1 X96.898 Y133.648
M204 P1500
;TYPE:Inner wall
;WIDTH:0.45
G1 F2463
G1 X83.102 Y133.648 E.44362
G1 X83.102 Y133.352 E.00951
G1 X96.602 Y133.352 E.43411
G1 X96.602 Y122.648 E.34421
G1 X83.102 Y122.648 E.43411
G1 X83.102 Y122.352 E.00951
G1 X96.898 Y122.352 E.44362
G1 X96.898 Y133.588 E.3613
; stop printing object esp32_pod_lid.stl id:0 copy 0
;LAYER_CHANGE
;Z:8.84
;HEIGHT:0.2
G92 E0 ; zero the extruded length again
; BEFORE_LAYER_CHANGE 43 @ 8.84mm
G1 E-1.75 F6000
;WIPE_START
G1 X95.898 Y133.592 E-.75
;WIPE_END
; AFTER_LAYER_CHANGE 43 @ 8.84mm
;_SET_FAN_SPEED_CHANGING_LAYER
; printing object esp32_pod_lid.stl id:0 copy 0
G17
G3 Z9.04 I-.608 J.008 P1  F18000
G1 X95.899 Y133.65 Z9.04
G1 X96.889 Y133.449
G1 X96.903 Y132.196
G1 X137.389 Y75.39
G1 X137.79 Y75.39
G1 Z8.84
G1 E2.5 F6000
M204 P1000
;TYPE:Outer wall
;WIDTH:0.42
G1 F2463
G1 X82.21 Y75.39 E1.65554
G1 X82.21 Y75.21 E.00536
G1 X137.79 Y75.21 E1.65554
G1 X137.79 Y75.33 E.00357
G1 E-1.75 F6000
;WIPE_START
G1 F3600
G1 X136.79 Y75.331 E-.75
;WIPE_END
G1 X136.79 Y75.453 Z9.04 F18000
G1 X137.389 Y144.79
G1 X137.79 Y144.79
G1 Z8.84
G1 E2.5 F6000
G1 F2463
G1 X82.21 Y144.79 E1.65554
G1 X82.21 Y144.61 E.00536
G1 X137.79 Y144.61 E1.65554
G1 X137.79 Y144.73 E.00357
G1 E-1.75 F6000
;WIPE_START
G1 F3600
G1 X136.79 Y144.731 E-.75
;WIPE_END
G1 X136.79 Y144.853 Z9.04 F18000
G1 X96.889 Y133.639
G1 X97.29 Y134.04
G1 Z8.84
G1 E2.5 F6000
G1 F2463
G1 X82.71 Y134.04 E.43429
G1 X82.71 Y132.96 E.03217
G1 X96.21 Y132.96 E.40212
G1 X96.21 Y123.04 E.29548
G1 X82.71 Y123.04 E.40212
G1 X82.71 Y121.96 E.03217
G1 X97.29 Y121.96 E.43429
G1 X97.29 Y133.98 E.35803
G1 X96.889 Y133.639 F18000
G1 X96.898 Y133.648
M204 P1500
;TYPE:Inner wall
;WIDTH:0.45
G1 F2463
G1 X83.102 Y133.648 E.44362
G1 X83.102 Y133.352 E.00951
G1 X96.602 Y133.352 E.43411
G1 X96.602 Y122.648 E.34421
G1 X83.102 Y122.648 E.43411
G1 X83.102 Y122.352 E.00951
G1 X96.898 Y122.352 E.44362
G1 X96.898 Y133.588 E.3613
; stop printing object esp32_pod_lid.stl id:0 copy 0
;LAYER_CHANGE
;Z:9.04
;HEIGHT:0.2
G92 E0 ; zero the extruded length again
; BEFORE_LAYER_CHANGE 44 @ 9.04mm
G1 E-1.75 F6000
;WIPE_START
G1 X95.898 Y133.592 E-.75
;WIPE_END
; AFTER_LAYER_CHANGE 44 @ 9.04mm
;_SET_FAN_SPEED_CHANGING_LAYER
; printing object esp32_pod_lid.stl id:0 copy 0
G17
G3 Z9.24 I-.608 J.008 P1  F18000
G1 X95.899 Y133.65 Z9.24
G1 X96.889 Y133.449
G1 X96.903 Y132.196
G1 X137.389 Y75.39
G1 X137.79 Y75.39
G1 Z9.04
G1 E2.5 F6000
M204 P1000
;TYPE:Outer wall
;WIDTH:0.42
G1 F2463
G1 X82.21 Y75.39 E1.65554
G1 X82.21 Y75.21 E.00536
G1 X137.79 Y75.21 E1.65554
G1 X137.79 Y75.33 E.00357
G1 E-1.75 F6000
;WIPE_START
G1 F3600
G1 X136.79 Y75.331 E-.75
;WIPE_END
G1 X136.79 Y75.453 Z9.24 F18000
G1 X137.389 Y144.79
G1 X137.79 Y144.79
G1 Z9.04
G1 E2.5 F6000
G1 F2463
G1 X82.21 Y144.79 E1.65554
G1 X82.21 Y144.61 E.00536
G1 X137.79 Y144.61 E1.65554
G1 X137.79 Y144.73 E.00357
G1 E-1.75 F6000
;WIPE_START
G1 F3600
G1 X136.79 Y144.731 E-.75
;WIPE_END
G1 X136.79 Y144.853 Z9.24 F18000
G1 X96.889 Y133.639
G1 X97.29 Y134.04
G1 Z9.04
G1 E2.5 F6000
G1 F2463
G1 X82.71 Y134.04 E.43429
G1 X82.71 Y132.96 E.03217
G1 X96.21 Y132.96 E.40212
G1 X96.21 Y123.04 E.29548
G1 X82.71 Y123.04 E.40212
G1 X82.71 Y121.96 E.03217
G1 X97.29 Y121.96 E.43429
G1 X97.29 Y133.98 E.35803
G1 X96.889 Y133.639 F18000
G1 X96.898 Y133.648
M204 P1500
;TYPE:Inner wall
;WIDTH:0.45
G1 F2463
G1 X83.102 Y133.648 E.44362
G1 X83.102 Y133.352 E.00951
G1 X96.602 Y133.352 E.43411
G1 X96.602 Y122.648 E.34421
G1 X83.102 Y122.648 E.43411
G1 X83.102 Y122.352 E.00951
G1 X96.898 Y122.352 E.44362
G1 X96.898 Y133.588 E.3613
; stop printing object esp32_pod_lid.stl id:0 copy 0
;LAYER_CHANGE
;Z:9.24
;HEIGHT:0.2
G92 E0 ; zero the extruded length again
; BEFORE_LAYER_CHANGE 45 @ 9.24mm
G1 E-1.75 F6000
;WIPE_START
G1 X95.898 Y133.592 E-.75
;WIPE_END
; AFTER_LAYER_CHANGE 45 @ 9.24mm
;_SET_FAN_SPEED_CHANGING_LAYER
; printing object esp32_pod_lid.stl id:0 copy 0
G17
G3 Z9.44 I-.608 J.008 P1  F18000
G1 X95.899 Y133.65 Z9.44
G1 X96.889 Y133.449
G1 X96.903 Y132.196
G1 X137.389 Y75.39
G1 X137.79 Y75.39
G1 Z9.24
G1 E2.5 F6000
M204 P1000
;TYPE:Outer wall
;WIDTH:0.42
G1 F2463
G1 X82.21 Y75.39 E1.65554
G1 X82.21 Y75.21 E.00536
G1 X137.79 Y75.21 E1.65554
G1 X137.79 Y75.33 E.00357
G1 E-1.75 F6000
;WIPE_START
G1 F3600
G1 X136.79 Y75.331 E-.75
;WIPE_END
G1 X136.79 Y75.453 Z9.44 F18000
G1 X137.389 Y144.79
G1 X137.79 Y144.79
G1 Z9.24
G1 E2.5 F6000
G1 F2463
G1 X82.21 Y144.79 E1.65554
G1 X82.21 Y144.61 E.00536
G1 X137.79 Y144.61 E1.65554
G1 X137.79 Y144.73 E.00357
G1 E-1.75 F6000
;WIPE_START
G1 F3600
G1 X136.79 Y144.731 E-.75
;WIPE_END
G1 X136.79 Y144.853 Z9.44 F18000
G1 X96.889 Y133.639
G1 X97.29 Y134.04
G1 Z9.24
G1 E2.5 F6000
G1 F2463
G1 X82.71 Y134.04 E.43429
G1 X82.71 Y132.96 E.03217
G1 X96.21 Y132.96 E.40212
G1 X96.21 Y123.04 E.29548
G1 X82.71 Y123.04 E.40212
G1 X82.71 Y121.96 E.03217
G1 X97.29 Y121.96 E.43429
G1 X97.29 Y133.98 E.35803
G1 X96.889 Y133.639 F18000
G1 X96.898 Y133.648
M204 P1500
;TYPE:Inner wall
;WIDTH:0.45
G1 F2463
G1 X83.102 Y133.648 E.44362
G1 X83.102 Y133.352 E.00951
G1 X96.602 Y133.352 E.43411
G1 X96.602 Y122.648 E.34421
G1 X83.102 Y122.648 E.43411
G1 X83.102 Y122.352 E.00951
G1 X96.898 Y122.352 E.44362
G1 X96.898 Y133.588 E.3613
; stop printing object esp32_pod_lid.stl id:0 copy 0
;LAYER_CHANGE
;Z:9.44
;HEIGHT:0.2
G92 E0 ; zero the extruded length again
; BEFORE_LAYER_CHANGE 46 @ 9.44mm
G1 E-1.75 F6000
;WIPE_START
G1 X95.898 Y133.592 E-.75
;WIPE_END
; AFTER_LAYER_CHANGE 46 @ 9.44mm
;_SET_FAN_SPEED_CHANGING_LAYER
; printing object esp32_pod_lid.stl id:0 copy 0
G17
G3 Z9.64 I-.608 J.008 P1  F18000
G1 X95.899 Y133.65 Z9.64
G1 X96.889 Y133.449
G1 X96.903 Y132.196
G1 X137.389 Y75.39
G1 X137.79 Y75.39
G1 Z9.44
G1 E2.5 F6000
M204 P1000
;TYPE:Outer wall
;WIDTH:0.42
G1 F2463
G1 X82.21 Y75.39 E1.65554
G1 X82.21 Y75.21 E.00536
G1 X137.79 Y75.21 E1.65554
G1 X137.79 Y75.33 E.00357
G1 E-1.75 F6000
;WIPE_START
G1 F3600
G1 X136.79 Y75.331 E-.75
;WIPE_END
G1 X136.79 Y75.453 Z9.64 F18000
G1 X137.389 Y144.79
G1 X137.79 Y144.79
G1 Z9.44
G1 E2.5 F6000
G1 F2463
G1 X82.21 Y144.79 E1.65554
G1 X82.21 Y144.61 E.00536
G1 X137.79 Y144.61 E1.65554
G1 X137.79 Y144.73 E.00357
G1 E-1.75 F6000
;WIPE_START
G1 F3600
G1 X136.79 Y144.731 E-.75
;WIPE_END
G1 X136.79 Y144.853 Z9.64 F18000
G1 X96.889 Y133.639
G1 X97.29 Y134.04
G1 Z9.44
G1 E2.5 F6000
G1 F2463
G1 X82.71 Y134.04 E.43429
G1 X82.71 Y132.96 E.03217
G1 X96.21 Y132.96 E.40212
G1 X96.21 Y123.04 E.29548
G1 X82.71 Y123.04 E.40212
G1 X82.71 Y121.96 E.03217
G1 X97.29 Y121.96 E.43429
G1 X97.29 Y133.98 E.35803
G1 X96.889 Y133.639 F18000
G1 X96.898 Y133.648
M204 P1500
;TYPE:Inner wall
;WIDTH:0.45
G1 F2463
G1 X83.102 Y133.648 E.44362
G1 X83.102 Y133.352 E.00951
G1 X96.602 Y133.352 E.43411
G1 X96.602 Y122.648 E.34421
G1 X83.102 Y122.648 E.43411
G1 X83.102 Y122.352 E.00951
G1 X96.898 Y122.352 E.44362
G1 X96.898 Y133.588 E.3613
; stop printing object esp32_pod_lid.stl id:0 copy 0
;LAYER_CHANGE
;Z:9.64
;HEIGHT:0.200001
G92 E0 ; zero the extruded length again
; BEFORE_LAYER_CHANGE 47 @ 9.64mm
G1 E-1.75 F6000
;WIPE_START
G1 X95.898 Y133.592 E-.75
;WIPE_END
; AFTER_LAYER_CHANGE 47 @ 9.64mm
;_SET_FAN_SPEED_CHANGING_LAYER
; printing object esp32_pod_lid.stl id:0 copy 0
G17
G3 Z9.84 I-.608 J.008 P1  F18000
G1 X95.899 Y133.65 Z9.84
G1 X96.889 Y133.449
G1 X96.903 Y132.196
G1 X137.389 Y75.39
G1 X137.79 Y75.39
G1 Z9.64
G1 E2.5 F6000
M204 P1000
;TYPE:Outer wall
;WIDTH:0.42
G1 F2463
G1 X82.21 Y75.39 E1.65554
G1 X82.21 Y75.21 E.00536
G1 X137.79 Y75.21 E1.65554
G1 X137.79 Y75.33 E.00357
G1 E-1.75 F6000
;WIPE_START
G1 F3600
G1 X136.79 Y75.331 E-.75
;WIPE_END
G1 X136.79 Y75.453 Z9.84 F18000
G1 X137.389 Y144.79
G1 X137.79 Y144.79
G1 Z9.64
G1 E2.5 F6000
G1 F2463
G1 X82.21 Y144.79 E1.65554
G1 X82.21 Y144.61 E.00536
G1 X137.79 Y144.61 E1.65554
G1 X137.79 Y144.73 E.00357
G1 E-1.75 F6000
;WIPE_START
G1 F3600
G1 X136.79 Y144.731 E-.75
;WIPE_END
G1 X136.79 Y144.853 Z9.84 F18000
G1 X96.889 Y133.639
G1 X97.29 Y134.04
G1 Z9.64
G1 E2.5 F6000
G1 F2463
G1 X82.71 Y134.04 E.43429
G1 X82.71 Y132.96 E.03217
G1 X96.21 Y132.96 E.40212
G1 X96.21 Y123.04 E.29548
G1 X82.71 Y123.04 E.40212
G1 X82.71 Y121.96 E.03217
G1 X97.29 Y121.96 E.43429
G1 X97.29 Y133.98 E.35803
G1 X96.889 Y133.639 F18000
G1 X96.898 Y133.648
M204 P1500
;TYPE:Inner wall
;WIDTH:0.45
G1 F2463
G1 X83.102 Y133.648 E.44362
G1 X83.102 Y133.352 E.00951
G1 X96.602 Y133.352 E.43411
G1 X96.602 Y122.648 E.34421
G1 X83.102 Y122.648 E.43411
G1 X83.102 Y122.352 E.00951
G1 X96.898 Y122.352 E.44362
G1 X96.898 Y133.588 E.3613
; stop printing object esp32_pod_lid.stl id:0 copy 0
;LAYER_CHANGE
;Z:9.84
;HEIGHT:0.2
G92 E0 ; zero the extruded length again
; BEFORE_LAYER_CHANGE 48 @ 9.84mm
G1 E-1.75 F6000
;WIPE_START
G1 X95.898 Y133.592 E-.75
;WIPE_END
; AFTER_LAYER_CHANGE 48 @ 9.84mm
;_SET_FAN_SPEED_CHANGING_LAYER
; printing object esp32_pod_lid.stl id:0 copy 0
G17
G3 Z10.04 I-.608 J.008 P1  F18000
G1 X95.899 Y133.65 Z10.04
G1 X96.889 Y133.449
G1 X96.903 Y132.196
G1 X137.389 Y75.39
G1 X137.79 Y75.39
G1 Z9.84
G1 E2.5 F6000
M204 P1000
;TYPE:Outer wall
;WIDTH:0.42
G1 F2463
G1 X82.21 Y75.39 E1.65554
G1 X82.21 Y75.21 E.00536
G1 X137.79 Y75.21 E1.65554
G1 X137.79 Y75.33 E.00357
G1 E-1.75 F6000
;WIPE_START
G1 F3600
G1 X136.79 Y75.331 E-.75
;WIPE_END
G1 X136.79 Y75.453 Z10.04 F18000
G1 X137.389 Y144.79
G1 X137.79 Y144.79
G1 Z9.84
G1 E2.5 F6000
G1 F2463
G1 X82.21 Y144.79 E1.65554
G1 X82.21 Y144.61 E.00536
G1 X137.79 Y144.61 E1.65554
G1 X137.79 Y144.73 E.00357
G1 E-1.75 F6000
;WIPE_START
G1 F3600
G1 X136.79 Y144.731 E-.75
;WIPE_END
G1 X136.79 Y144.853 Z10.04 F18000
G1 X96.889 Y133.639
G1 X97.29 Y134.04
G1 Z9.84
G1 E2.5 F6000
G1 F2463
G1 X82.71 Y134.04 E.43429
G1 X82.71 Y132.96 E.03217
G1 X96.21 Y132.96 E.40212
G1 X96.21 Y123.04 E.29548
G1 X82.71 Y123.04 E.40212
G1 X82.71 Y121.96 E.03217
G1 X97.29 Y121.96 E.43429
G1 X97.29 Y133.98 E.35803
G1 X96.889 Y133.639 F18000
G1 X96.898 Y133.648
M204 P1500
;TYPE:Inner wall
;WIDTH:0.45
G1 F2463
G1 X83.102 Y133.648 E.44362
G1 X83.102 Y133.352 E.00951
G1 X96.602 Y133.352 E.43411
G1 X96.602 Y122.648 E.34421
G1 X83.102 Y122.648 E.43411
G1 X83.102 Y122.352 E.00951
G1 X96.898 Y122.352 E.44362
G1 X96.898 Y133.588 E.3613
; stop printing object esp32_pod_lid.stl id:0 copy 0
;LAYER_CHANGE
;Z:10.04
;HEIGHT:0.2
G92 E0 ; zero the extruded length again
; BEFORE_LAYER_CHANGE 49 @ 10.04mm
G1 E-1.75 F6000
;WIPE_START
G1 X95.898 Y133.592 E-.75
;WIPE_END
; AFTER_LAYER_CHANGE 49 @ 10.04mm
;_SET_FAN_SPEED_CHANGING_LAYER
; printing object esp32_pod_lid.stl id:0 copy 0
G17
G3 Z10.24 I-.608 J.008 P1  F18000
G1 X95.899 Y133.65 Z10.24
G1 X96.889 Y133.449
G1 X96.903 Y132.196
G1 X137.389 Y75.39
G1 X137.79 Y75.39
G1 Z10.04
G1 E2.5 F6000
M204 P1000
;TYPE:Outer wall
;WIDTH:0.42
G1 F2463
G1 X82.21 Y75.39 E1.65554
G1 X82.21 Y75.21 E.00536
G1 X137.79 Y75.21 E1.65554
G1 X137.79 Y75.33 E.00357
G1 E-1.75 F6000
;WIPE_START
G1 F3600
G1 X136.79 Y75.331 E-.75
;WIPE_END
G1 X136.79 Y75.453 Z10.24 F18000
G1 X137.389 Y144.79
G1 X137.79 Y144.79
G1 Z10.04
G1 E2.5 F6000
G1 F2463
G1 X82.21 Y144.79 E1.65554
G1 X82.21 Y144.61 E.00536
G1 X137.79 Y144.61 E1.65554
G1 X137.79 Y144.73 E.00357
G1 E-1.75 F6000
;WIPE_START
G1 F3600
G1 X136.79 Y144.731 E-.75
;WIPE_END
G1 X136.79 Y144.853 Z10.24 F18000
G1 X96.889 Y133.639
G1 X97.29 Y134.04
G1 Z10.04
G1 E2.5 F6000
G1 F2463
G1 X82.71 Y134.04 E.43429
G1 X82.71 Y132.96 E.03217
G1 X96.21 Y132.96 E.40212
G1 X96.21 Y123.04 E.29548
G1 X82.71 Y123.04 E.40212
G1 X82.71 Y121.96 E.03217
G1 X97.29 Y121.96 E.43429
G1 X97.29 Y133.98 E.35803
G1 X96.889 Y133.639 F18000
G1 X96.898 Y133.648
M204 P1500
;TYPE:Inner wall
;WIDTH:0.45
G1 F2463
G1 X83.102 Y133.648 E.44362
G1 X83.102 Y133.352 E.00951
G1 X96.602 Y133.352 E.43411
G1 X96.602 Y122.648 E.34421
G1 X83.102 Y122.648 E.43411
G1 X83.102 Y122.352 E.00951
G1 X96.898 Y122.352 E.44362
G1 X96.898 Y133.588 E.3613
; stop printing object esp32_pod_lid.stl id:0 copy 0
;LAYER_CHANGE
;Z:10.24
;HEIGHT:0.2
G92 E0 ; zero the extruded length again
; BEFORE_LAYER_CHANGE 50 @ 10.24mm
G1 E-1.75 F6000
;WIPE_START
G1 X95.898 Y133.592 E-.75
;WIPE_END
; AFTER_LAYER_CHANGE 50 @ 10.24mm
;_SET_FAN_SPEED_CHANGING_LAYER
; printing object esp32_pod_lid.stl id:0 copy 0
G17
G3 Z10.44 I-.608 J.008 P1  F18000
G1 X95.899 Y133.65 Z10.44
G1 X96.889 Y133.449
G1 X96.903 Y132.196
G1 X137.389 Y75.39
G1 X137.79 Y75.39
G1 Z10.24
G1 E2.5 F6000
M204 P1000
;TYPE:Outer wall
;WIDTH:0.42
G1 F2463
G1 X82.21 Y75.39 E1.65554
G1 X82.21 Y75.21 E.00536
G1 X137.79 Y75.21 E1.65554
G1 X137.79 Y75.33 E.00357
G1 E-1.75 F6000
;WIPE_START
G1 F3600
G1 X136.79 Y75.331 E-.75
;WIPE_END
G1 X136.79 Y75.453 Z10.44 F18000
G1 X137.389 Y144.79
G1 X137.79 Y144.79
G1 Z10.24
G1 E2.5 F6000
G1 F2463
G1 X82.21 Y144.79 E1.65554
G1 X82.21 Y144.61 E.00536
G1 X137.79 Y144.61 E1.65554
G1 X137.79 Y144.73 E.00357
G1 E-1.75 F6000
;WIPE_START
G1 F3600
G1 X136.79 Y144.731 E-.75
;WIPE_END
G1 X136.79 Y144.853 Z10.44 F18000
G1 X96.889 Y133.639
G1 X97.29 Y134.04
G1 Z10.24
G1 E2.5 F6000
G1 F2463
G1 X82.71 Y134.04 E.43429
G1 X82.71 Y132.96 E.03217
G1 X96.21 Y132.96 E.40212
G1 X96.21 Y123.04 E.29548
G1 X82.71 Y123.04 E.40212
G1 X82.71 Y121.96 E.03217
G1 X97.29 Y121.96 E.43429
G1 X97.29 Y133.98 E.35803
G1 X96.889 Y133.639 F18000
G1 X96.898 Y133.648
M204 P1500
;TYPE:Inner wall
;WIDTH:0.45
G1 F2463
G1 X83.102 Y133.648 E.44362
G1 X83.102 Y133.352 E.00951
G1 X96.602 Y133.352 E.43411
G1 X96.602 Y122.648 E.34421
G1 X83.102 Y122.648 E.43411
G1 X83.102 Y122.352 E.00951
G1 X96.898 Y122.352 E.44362
G1 X96.898 Y133.588 E.3613
; stop printing object esp32_pod_lid.stl id:0 copy 0
;LAYER_CHANGE
;Z:10.44
;HEIGHT:0.2
G92 E0 ; zero the extruded length again
; BEFORE_LAYER_CHANGE 51 @ 10.44mm
G1 E-1.75 F6000
;WIPE_START
G1 X95.898 Y133.592 E-.75
;WIPE_END
; AFTER_LAYER_CHANGE 51 @ 10.44mm
;_SET_FAN_SPEED_CHANGING_LAYER
; printing object esp32_pod_lid.stl id:0 copy 0
G17
G3 Z10.64 I-.608 J.008 P1  F18000
G1 X95.899 Y133.65 Z10.64
G1 X96.889 Y133.449
G1 X96.903 Y132.196
G1 X137.389 Y75.39
G1 X137.79 Y75.39
G1 Z10.44
G1 E2.5 F6000
M204 P1000
;TYPE:Outer wall
;WIDTH:0.42
G1 F2463
G1 X82.21 Y75.39 E1.65554
G1 X82.21 Y75.21 E.00536
G1 X137.79 Y75.21 E1.65554
G1 X137.79 Y75.33 E.00357
G1 E-1.75 F6000
;WIPE_START
G1 F3600
G1 X136.79 Y75.331 E-.75
;WIPE_END
G1 X136.79 Y75.453 Z10.64 F18000
G1 X137.389 Y144.79
G1 X137.79 Y144.79
G1 Z10.44
G1 E2.5 F6000
G1 F2463
G1 X82.21 Y144.79 E1.65554
G1 X82.21 Y144.61 E.00536
G1 X137.79 Y144.61 E1.65554
G1 X137.79 Y144.73 E.00357
G1 E-1.75 F6000
;WIPE_START
G1 F3600
G1 X136.79 Y144.731 E-.75
;WIPE_END
G1 X136.79 Y144.853 Z10.64 F18000
G1 X96.889 Y133.639
G1 X97.29 Y134.04
G1 Z10.44
G1 E2.5 F6000
G1 F2463
G1 X82.71 Y134.04 E.43429
G1 X82.71 Y132.96 E.03217
G1 X96.21 Y132.96 E.40212
G1 X96.21 Y123.04 E.29548
G1 X82.71 Y123.04 E.40212
G1 X82.71 Y121.96 E.03217
G1 X97.29 Y121.96 E.43429
G1 X97.29 Y133.98 E.35803
G1 X96.889 Y133.639 F18000
G1 X96.898 Y133.648
M204 P1500
;TYPE:Inner wall
;WIDTH:0.45
G1 F2463
G1 X83.102 Y133.648 E.44362
G1 X83.102 Y133.352 E.00951
G1 X96.602 Y133.352 E.43411
G1 X96.602 Y122.648 E.34421
G1 X83.102 Y122.648 E.43411
G1 X83.102 Y122.352 E.00951
G1 X96.898 Y122.352 E.44362
G1 X96.898 Y133.588 E.3613
; stop printing object esp32_pod_lid.stl id:0 copy 0
;LAYER_CHANGE
;Z:10.64
;HEIGHT:0.200001
G92 E0 ; zero the extruded length again
; BEFORE_LAYER_CHANGE 52 @ 10.64mm
G1 E-1.75 F6000
;WIPE_START
G1 X95.898 Y133.592 E-.75
;WIPE_END
; AFTER_LAYER_CHANGE 52 @ 10.64mm
;_SET_FAN_SPEED_CHANGING_LAYER
; printing object esp32_pod_lid.stl id:0 copy 0
G17
G3 Z10.84 I-.608 J.008 P1  F18000
G1 X95.899 Y133.65 Z10.84
G1 X96.889 Y133.449
G1 X96.903 Y132.196
G1 X137.389 Y75.39
G1 X137.79 Y75.39
G1 Z10.64
G1 E2.5 F6000
M204 P1000
;TYPE:Outer wall
;WIDTH:0.42
G1 F2463
G1 X82.21 Y75.39 E1.65554
G1 X82.21 Y75.21 E.00536
G1 X137.79 Y75.21 E1.65554
G1 X137.79 Y75.33 E.00357
G1 E-1.75 F6000
;WIPE_START
G1 F3600
G1 X136.79 Y75.331 E-.75
;WIPE_END
G1 X136.79 Y75.453 Z10.84 F18000
G1 X137.389 Y144.79
G1 X137.79 Y144.79
G1 Z10.64
G1 E2.5 F6000
G1 F2463
G1 X82.21 Y144.79 E1.65554
G1 X82.21 Y144.61 E.00536
G1 X137.79 Y144.61 E1.65554
G1 X137.79 Y144.73 E.00357
G1 E-1.75 F6000
;WIPE_START
G1 F3600
G1 X136.79 Y144.731 E-.75
;WIPE_END
G1 X136.79 Y144.853 Z10.84 F18000
G1 X96.889 Y133.639
G1 X97.29 Y134.04
G1 Z10.64
G1 E2.5 F6000
G1 F2463
G1 X82.71 Y134.04 E.43429
G1 X82.71 Y132.96 E.03217
G1 X96.21 Y132.96 E.40212
G1 X96.21 Y123.04 E.29548
G1 X82.71 Y123.04 E.40212
G1 X82.71 Y121.96 E.03217
G1 X97.29 Y121.96 E.43429
G1 X97.29 Y133.98 E.35803
G1 X96.889 Y133.639 F18000
G1 X96.898 Y133.648
M204 P1500
;TYPE:Inner wall
;WIDTH:0.45
G1 F2463
G1 X83.102 Y133.648 E.44362
G1 X83.102 Y133.352 E.00951
G1 X96.602 Y133.352 E.43411
G1 X96.602 Y122.648 E.34421
G1 X83.102 Y122.648 E.43411
G1 X83.102 Y122.352 E.00951
G1 X96.898 Y122.352 E.44362
G1 X96.898 Y133.588 E.3613
; stop printing object esp32_pod_lid.stl id:0 copy 0
;LAYER_CHANGE
;Z:10.84
;HEIGHT:0.2
G92 E0 ; zero the extruded length again
; BEFORE_LAYER_CHANGE 53 @ 10.84mm
G1 E-1.75 F6000
;WIPE_START
G1 X95.898 Y133.592 E-.75
;WIPE_END
; AFTER_LAYER_CHANGE 53 @ 10.84mm
;_SET_FAN_SPEED_CHANGING_LAYER
; printing object esp32_pod_lid.stl id:0 copy 0
G17
G3 Z11.04 I-.608 J.008 P1  F18000
G1 X95.899 Y133.65 Z11.04
G1 X96.889 Y133.449
G1 X96.903 Y132.196
G1 X137.389 Y75.39
G1 X137.79 Y75.39
G1 Z10.84
G1 E2.5 F6000
M204 P1000
;TYPE:Outer wall
;WIDTH:0.42
G1 F2463
G1 X82.21 Y75.39 E1.65554
G1 X82.21 Y75.21 E.00536
G1 X137.79 Y75.21 E1.65554
G1 X137.79 Y75.33 E.00357
G1 E-1.75 F6000
;WIPE_START
G1 F3600
G1 X136.79 Y75.331 E-.75
;WIPE_END
G1 X136.79 Y75.453 Z11.04 F18000
G1 X137.389 Y144.79
G1 X137.79 Y144.79
G1 Z10.84
G1 E2.5 F6000
G1 F2463
G1 X82.21 Y144.79 E1.65554
G1 X82.21 Y144.61 E.00536
G1 X137.79 Y144.61 E1.65554
G1 X137.79 Y144.73 E.00357
G1 E-1.75 F6000
;WIPE_START
G1 F3600
G1 X136.79 Y144.731 E-.75
;WIPE_END
G1 X136.79 Y144.853 Z11.04 F18000
G1 X96.889 Y133.639
G1 X97.29 Y134.04
G1 Z10.84
G1 E2.5 F6000
G1 F2463
G1 X82.71 Y134.04 E.43429
G1 X82.71 Y132.96 E.03217
G1 X96.21 Y132.96 E.40212
G1 X96.21 Y123.04 E.29548
G1 X82.71 Y123.04 E.40212
G1 X82.71 Y121.96 E.03217
G1 X97.29 Y121.96 E.43429
G1 X97.29 Y133.98 E.35803
G1 X96.889 Y133.639 F18000
G1 X96.898 Y133.648
M204 P1500
;TYPE:Inner wall
;WIDTH:0.45
G1 F2463
G1 X83.102 Y133.648 E.44362
G1 X83.102 Y133.352 E.00951
G1 X96.602 Y133.352 E.43411
G1 X96.602 Y122.648 E.34421
G1 X83.102 Y122.648 E.43411
G1 X83.102 Y122.352 E.00951
G1 X96.898 Y122.352 E.44362
G1 X96.898 Y133.588 E.3613
; stop printing object esp32_pod_lid.stl id:0 copy 0
;LAYER_CHANGE
;Z:11.04
;HEIGHT:0.2
G92 E0 ; zero the extruded length again
; BEFORE_LAYER_CHANGE 54 @ 11.04mm
G1 E-1.75 F6000
;WIPE_START
G1 X95.898 Y133.592 E-.75
;WIPE_END
; AFTER_LAYER_CHANGE 54 @ 11.04mm
;_SET_FAN_SPEED_CHANGING_LAYER
; printing object esp32_pod_lid.stl id:0 copy 0
G17
G3 Z11.24 I-.608 J.008 P1  F18000
G1 X95.899 Y133.65 Z11.24
G1 X96.889 Y133.449
G1 X96.903 Y132.196
G1 X137.389 Y75.39
G1 X137.79 Y75.39
G1 Z11.04
G1 E2.5 F6000
M204 P1000
;TYPE:Outer wall
;WIDTH:0.42
G1 F2463
G1 X82.21 Y75.39 E1.65554
G1 X82.21 Y75.21 E.00536
G1 X137.79 Y75.21 E1.65554
G1 X137.79 Y75.33 E.00357
G1 E-1.75 F6000
;WIPE_START
G1 F3600
G1 X136.79 Y75.331 E-.75
;WIPE_END
G1 X136.79 Y75.453 Z11.24 F18000
G1 X137.389 Y144.79
G1 X137.79 Y144.79
G1 Z11.04
G1 E2.5 F6000
G1 F2463
G1 X82.21 Y144.79 E1.65554
G1 X82.21 Y144.61 E.00536
G1 X137.79 Y144.61 E1.65554
G1 X137.79 Y144.73 E.00357
G1 E-1.75 F6000
;WIPE_START
G1 F3600
G1 X136.79 Y144.731 E-.75
;WIPE_END
G1 X136.79 Y144.853 Z11.24 F18000
G1 X96.889 Y133.639
G1 X97.29 Y134.04
G1 Z11.04
G1 E2.5 F6000
G1 F2463
G1 X82.71 Y134.04 E.43429
G1 X82.71 Y132.96 E.03217
G1 X96.21 Y132.96 E.40212
G1 X96.21 Y123.04 E.29548
G1 X82.71 Y123.04 E.40212
G1 X82.71 Y121.96 E.03217
G1 X97.29 Y121.96 E.43429
G1 X97.29 Y133.98 E.35803
G1 X96.889 Y133.639 F18000
G1 X96.898 Y133.648
M204 P1500
;TYPE:Inner wall
;WIDTH:0.45
G1 F2463
G1 X83.102 Y133.648 E.44362
G1 X83.102 Y133.352 E.00951
G1 X96.602 Y133.352 E.43411
G1 X96.602 Y122.648 E.34421
G1 X83.102 Y122.648 E.43411
G1 X83.102 Y122.352 E.00951
G1 X96.898 Y122.352 E.44362
G1 X96.898 Y133.588 E.3613
; stop printing object esp32_pod_lid.stl id:0 copy 0
M106 S102
;LAYER_CHANGE
;Z:11.24
;HEIGHT:0.2
G92 E0 ; zero the extruded length again
; BEFORE_LAYER_CHANGE 55 @ 11.24mm
G1 E-1.75 F6000
;WIPE_START
G1 X95.898 Y133.592 E-.75
;WIPE_END
; AFTER_LAYER_CHANGE 55 @ 11.24mm
;_SET_FAN_SPEED_CHANGING_LAYER
; printing object esp32_pod_lid.stl id:0 copy 0
G17
G3 Z11.44 I.605 J.065 P1  F18000
G1 X96.426 Y128.675 Z11.44
G1 X96.462 Y128
G1 X96.426 Y127.325
G1 X96.32 Y126.657
G1 X96.145 Y126.003
G1 X95.903 Y125.372
G1 X95.596 Y124.769
G1 X95.228 Y124.202
G1 X94.802 Y123.676
G1 X94.324 Y123.198
G1 X93.798 Y122.772
G1 X93.439 Y122.539
G1 X86.561 Y122.539
G1 X86.561 Y122.539
G1 X86.352 Y121.835
G1 Z11.24
G1 E2.5 F6000
M204 P500
;TYPE:Overhang wall
;WIDTH:0.364292
G1 F1500
M106 S127
G1 X93.648 Y121.835 E.18522
G1 X94.212 Y122.202 E.01708
G1 X94.795 Y122.674 E.01904
G1 X95.326 Y123.205 E.01906
G1 X95.798 Y123.788 E.01904
G1 X96 Y124.099 E.00941
G1 X96.206 Y124.417 E.00962
G1 X96.547 Y125.085 E.01904
G1 X96.816 Y125.786 E.01906
G1 X97.01 Y126.51 E.01903
G1 X97.127 Y127.251 E.01904
G1 X97.167 Y128 E.01904
G1 X97.127 Y128.749 E.01904
G1 X97.01 Y129.49 E.01904
G1 X96.816 Y130.214 E.01903
G1 X96.547 Y130.915 E.01906
G1 X96.206 Y131.583 E.01904
G1 X96 Y131.901 E.00962
G1 X95.798 Y132.212 E.00941
G1 X95.326 Y132.795 E.01904
G1 X94.795 Y133.326 E.01906
G1 X94.212 Y133.798 E.01904
G1 X93.648 Y134.165 E.01708
G1 X86.352 Y134.165 E.18522
G1 X85.788 Y133.798 E.01708
G1 X85.205 Y133.326 E.01904
G1 X84.674 Y132.795 E.01906
G1 X84.202 Y132.212 E.01904
G1 X83.794 Y131.583 E.01903
G1 X83.453 Y130.915 E.01904
G1 X83.184 Y130.214 E.01906
G1 X82.99 Y129.49 E.01903
G1 X82.873 Y128.749 E.01904
G1 X82.833 Y128 E.01904
G1 X82.873 Y127.251 E.01904
G1 X82.99 Y126.51 E.01904
G1 X83.184 Y125.786 E.01903
G1 X83.453 Y125.085 E.01906
G1 X83.794 Y124.417 E.01904
G1 X84.202 Y123.788 E.01903
G1 X84.674 Y123.205 E.01904
G1 X85.205 Y122.674 E.01906
G1 X85.788 Y122.202 E.01904
G1 X86.352 Y121.835 E.01708
G1 X86.257 Y121.514 E.0085
G1 X93.743 Y121.514 E.19004
G1 X94.106 Y121.75 E.01099
G1 X94.402 Y121.942 E.00896
G1 X95.011 Y122.435 E.01989
G1 X95.565 Y122.989 E.01989
G1 X96.058 Y123.598 E.01989
G1 X96.485 Y124.256 E.01991
G1 X96.841 Y124.954 E.01989
G1 X97.122 Y125.686 E.0199
G1 X97.325 Y126.443 E.0199
G1 X97.447 Y127.217 E.01989
G1 X97.488 Y128 E.0199
G1 X97.447 Y128.783 E.0199
G1 X97.325 Y129.557 E.01989
G1 X97.122 Y130.314 E.0199
G1 X96.841 Y131.046 E.0199
G1 X96.485 Y131.744 E.01989
G1 X96.058 Y132.402 E.01991
G1 X95.565 Y133.011 E.01989
G1 X95.011 Y133.565 E.01989
G1 X94.402 Y134.058 E.01989
G1 X94.106 Y134.25 E.00896
G1 X93.743 Y134.486 E.01099
G1 X86.257 Y134.486 E.19004
G1 X85.894 Y134.25 E.01099
G1 X85.598 Y134.058 E.00896
G1 X84.989 Y133.565 E.01989
G1 X84.435 Y133.011 E.01989
G1 X84.224 Y132.75 E.00852
G1 X83.942 Y132.402 E.01137
G1 X83.515 Y131.744 E.01991
G1 X83.159 Y131.046 E.01989
G1 X82.878 Y130.314 E.0199
G1 X82.675 Y129.557 E.0199
G1 X82.553 Y128.783 E.01989
G1 X82.512 Y128 E.0199
G1 X82.553 Y127.217 E.0199
G1 X82.675 Y126.443 E.01989
G1 X82.878 Y125.686 E.0199
G1 X83.159 Y124.954 E.0199
G1 X83.515 Y124.256 E.01989
G1 X83.942 Y123.598 E.01991
G1 X84.224 Y123.25 E.01137
G1 X84.435 Y122.989 E.00852
G1 X84.989 Y122.435 E.01989
G1 X85.598 Y121.942 E.01989
G1 X85.894 Y121.75 E.00896
G1 X86.257 Y121.514 E.01099
G1 X86.162 Y121.193 E.0085
G1 X87.448 Y121.193 E.03265
G1 X92.552 Y121.193 E.12957
G1 X93.838 Y121.193 E.03265
G1 X94.591 Y121.682 E.02279
G1 X94.675 Y121.75 E.00274
G1 X95.226 Y122.196 E.018
G1 X95.804 Y122.774 E.02075
G1 X96.319 Y123.409 E.02076
G1 X96.764 Y124.095 E.02076
G1 X97.135 Y124.823 E.02074
G1 X97.428 Y125.587 E.02077
G1 X97.5 Y125.856 E.00707
G1 F660
G1 X97.639 Y126.376 E.01366
G1 X97.767 Y127.184 E.02077
G1 F1500
G1 X97.81 Y128 E.02074
G1 X97.767 Y128.816 E.02074
G1 F660
G1 X97.639 Y129.624 E.02077
G1 X97.5 Y130.144 E.01366
G1 F1500
G1 X97.428 Y130.413 E.00707
G1 X97.135 Y131.177 E.02077
G1 X96.764 Y131.905 E.02074
G1 X96.319 Y132.591 E.02076
G1 X95.804 Y133.226 E.02076
G1 X95.226 Y133.804 E.02075
G1 X94.675 Y134.25 E.018
G1 X94.591 Y134.318 E.00274
G1 X93.838 Y134.807 E.02279
G1 X92.552 Y134.807 E.03265
G1 X87.448 Y134.807 E.12957
G1 X86.162 Y134.807 E.03265
G1 X85.409 Y134.318 E.02279
G1 X85.325 Y134.25 E.00274
G1 X84.774 Y133.804 E.018
G1 X84.196 Y133.226 E.02075
G1 X83.81 Y132.75 E.01556
G1 F1080
G1 X83.681 Y132.591 E.0052
G1 X83.236 Y131.905 E.02076
G1 F1500
G1 X82.865 Y131.177 E.02074
G1 X82.572 Y130.413 E.02077
G1 X82.361 Y129.624 E.02073
G1 X82.233 Y128.816 E.02077
G1 X82.19 Y128 E.02074
G1 X82.233 Y127.184 E.02074
G1 X82.361 Y126.376 E.02077
G1 X82.572 Y125.587 E.02073
G1 X82.865 Y124.823 E.02077
G1 X83.236 Y124.095 E.02074
G1 F1080
G1 X83.681 Y123.409 E.02076
G1 X83.81 Y123.25 E.0052
G1 F1500
G1 X84.196 Y122.774 E.01556
G1 X84.774 Y122.196 E.02075
G1 X85.325 Y121.75 E.018
G1 X85.409 Y121.682 E.00274
G1 X86.162 Y121.193 E.02279
G1 X86.067 Y120.871 E.00852
G1 X87.674 Y120.871 E.0408
G1 X92.326 Y120.871 E.1181
G1 X93.933 Y120.871 E.0408
G1 X94.78 Y121.421 E.02564
G1 X95.186 Y121.75 E.01327
G1 X95.441 Y121.957 E.00834
G1 X96.043 Y122.559 E.02161
G1 X96.579 Y123.22 E.0216
G1 X97.042 Y123.934 E.0216
G1 X97.429 Y124.692 E.02161
G1 X97.5 Y124.878 E.00505
G1 X97.734 Y125.487 E.01656
G1 X97.954 Y126.309 E.0216
G1 X98.087 Y127.15 E.02162
G1 X98.132 Y128 E.02161
G1 X98.087 Y128.85 E.02161
G1 X97.954 Y129.691 E.02162
G1 X97.734 Y130.513 E.0216
G1 X97.5 Y131.122 E.01656
G1 X97.429 Y131.308 E.00505
G1 X97.042 Y132.066 E.02161
G1 X96.579 Y132.78 E.0216
G1 X96.043 Y133.441 E.0216
G1 X95.441 Y134.043 E.02161
G1 X95.186 Y134.25 E.00834
G1 X94.78 Y134.579 E.01327
G1 X93.933 Y135.129 E.02564
G1 X92.326 Y135.129 E.0408
G1 X87.674 Y135.129 E.1181
G1 X86.067 Y135.129 E.0408
G1 X85.22 Y134.579 E.02564
G1 X84.814 Y134.25 E.01327
G1 X84.559 Y134.043 E.00834
G1 X83.957 Y133.441 E.02161
G1 X83.421 Y132.78 E.0216
G1 X82.958 Y132.066 E.0216
G1 X82.571 Y131.308 E.02161
G1 X82.266 Y130.513 E.02162
G1 X82.046 Y129.691 E.0216
G1 X81.913 Y128.85 E.02162
G1 X81.868 Y128 E.02161
G1 X81.913 Y127.15 E.02161
G1 X82.046 Y126.309 E.02162
G1 X82.266 Y125.487 E.0216
G1 X82.571 Y124.692 E.02162
G1 X82.958 Y123.934 E.02161
G1 X83.421 Y123.22 E.0216
G1 X83.957 Y122.559 E.0216
G1 X84.559 Y121.957 E.02161
G1 X84.814 Y121.75 E.00834
G1 X85.22 Y121.421 E.01327
G1 X86.067 Y120.871 E.02564
G1 X85.972 Y120.55 E.0085
G1 X87.9 Y120.55 E.04894
G1 X92.1 Y120.55 E.10662
G1 X94.028 Y120.55 E.04894
G1 X94.969 Y121.161 E.02848
G1 X95.657 Y121.718 E.02247
G1 X96.282 Y122.343 E.02244
G1 X96.839 Y123.031 E.02247
G1 X97.321 Y123.773 E.02246
G1 X97.5 Y124.124 E.01
G1 X97.723 Y124.561 E.01245
G1 X98.04 Y125.388 E.02248
G1 X98.269 Y126.242 E.02245
G1 X98.407 Y127.116 E.02246
G1 X98.454 Y128 E.02247
G1 X98.407 Y128.884 E.02247
G1 X98.269 Y129.758 E.02246
G1 X98.04 Y130.612 E.02245
G1 X97.723 Y131.439 E.02248
G1 X97.5 Y131.876 E.01245
G1 X97.321 Y132.227 E.01
G1 X96.839 Y132.969 E.02246
G1 X96.282 Y133.657 E.02247
G1 X95.657 Y134.282 E.02244
G1 X94.969 Y134.839 E.02247
G1 X94.028 Y135.45 E.02848
G1 X92.1 Y135.45 E.04894
G1 X87.9 Y135.45 E.10662
G1 X85.972 Y135.45 E.04894
G1 X85.031 Y134.839 E.02848
G1 X84.343 Y134.282 E.02247
G1 X83.718 Y133.657 E.02244
G1 X83.161 Y132.969 E.02247
G1 X83.019 Y132.75 E.00663
G1 X82.679 Y132.227 E.01584
G1 X82.277 Y131.439 E.02246
G1 X81.96 Y130.612 E.02248
G1 X81.731 Y129.758 E.02245
G1 X81.593 Y128.884 E.02246
G1 X81.546 Y128 E.02247
G1 X81.593 Y127.116 E.02247
G1 X81.731 Y126.242 E.02246
G1 X81.96 Y125.388 E.02245
G1 X82.277 Y124.561 E.02248
G1 X82.679 Y123.773 E.02246
G1 X83.019 Y123.25 E.01584
G1 X83.161 Y123.031 E.00663
G1 X83.718 Y122.343 E.02247
G1 X84.343 Y121.718 E.02244
G1 X85.031 Y121.161 E.02247
G1 X85.972 Y120.55 E.02848
G1 X85.876 Y120.229 E.00851
G1 X88.126 Y120.229 E.05712
G1 X91.874 Y120.229 E.09515
G1 X94.124 Y120.229 E.05712
G1 X95.158 Y120.9 E.03129
G1 X95.872 Y121.478 E.02332
G1 X96.144 Y121.75 E.00977
G1 X96.522 Y122.128 E.01357
G1 X97.1 Y122.842 E.02332
G1 X97.5 Y123.459 E.01867
G1 X97.6 Y123.612 E.00464
G1 X98.017 Y124.431 E.02333
G1 X98.346 Y125.288 E.0233
G1 X98.584 Y126.175 E.02331
G1 X98.727 Y127.083 E.02333
G1 X98.776 Y128 E.02331
G1 X98.727 Y128.917 E.02331
G1 X98.584 Y129.825 E.02333
G1 X98.346 Y130.712 E.02331
G1 X98.017 Y131.569 E.0233
G1 X97.6 Y132.388 E.02333
G1 X97.5 Y132.541 E.00464
G1 X97.1 Y133.158 E.01867
G1 X96.522 Y133.872 E.02332
G1 X96.144 Y134.25 E.01357
G1 X95.872 Y134.522 E.00977
G1 X95.158 Y135.1 E.02332
G1 X94.124 Y135.771 E.03129
G1 X91.874 Y135.771 E.05712
G1 X88.126 Y135.771 E.09515
G1 X85.876 Y135.771 E.05712
G1 X84.842 Y135.1 E.03129
G1 X84.128 Y134.522 E.02332
G1 X83.856 Y134.25 E.00977
G1 X83.478 Y133.872 E.01357
G1 X82.9 Y133.158 E.02332
G1 X82.635 Y132.75 E.01235
G1 X82.4 Y132.388 E.01096
G1 X81.983 Y131.569 E.02333
G1 X81.654 Y130.712 E.0233
G1 X81.416 Y129.825 E.02331
G1 X81.273 Y128.917 E.02333
G1 X81.224 Y128 E.02331
G1 X81.273 Y127.083 E.02331
G1 X81.416 Y126.175 E.02333
G1 X81.654 Y125.288 E.02331
G1 X81.983 Y124.431 E.0233
G1 X82.4 Y123.612 E.02333
G1 X82.635 Y123.25 E.01096
G1 X82.9 Y122.842 E.01235
G1 X83.478 Y122.128 E.02332
G1 X83.856 Y121.75 E.01357
G1 X84.128 Y121.478 E.00977
G1 X84.842 Y120.9 E.02332
G1 X85.876 Y120.229 E.03129
G1 X85.781 Y119.907 E.00852
G1 X88.353 Y119.907 E.06529
G1 X91.647 Y119.907 E.08362
G1 X94.219 Y119.907 E.06529
G1 X95.347 Y120.64 E.03415
G1 X96.087 Y121.239 E.02417
G1 X96.598 Y121.75 E.01835
G1 X96.761 Y121.913 E.00585
G1 X97.36 Y122.653 E.02417
G1 X97.5 Y122.868 E.00651
G1 X97.878 Y123.451 E.01764
G1 X98.311 Y124.3 E.02419
G1 X98.652 Y125.189 E.02417
G1 X98.899 Y126.109 E.02418
G1 X99.048 Y127.049 E.02416
G1 X99.097 Y128 E.02417
G1 X99.048 Y128.951 E.02417
G1 X98.899 Y129.891 E.02416
G1 X98.652 Y130.811 E.02418
G1 X98.311 Y131.7 E.02417
G1 X97.878 Y132.549 E.02419
G1 X97.5 Y133.132 E.01764
G1 X97.36 Y133.347 E.00651
G1 X96.761 Y134.087 E.02417
G1 X96.598 Y134.25 E.00585
G1 X96.087 Y134.761 E.01835
G1 X95.347 Y135.36 E.02417
G1 X94.219 Y136.093 E.03415
G1 X91.647 Y136.093 E.06529
G1 X88.353 Y136.093 E.08362
G1 X85.781 Y136.093 E.06529
G1 X84.653 Y135.36 E.03415
G1 X83.913 Y134.761 E.02417
G1 X83.402 Y134.25 E.01835
G1 X83.239 Y134.087 E.00585
G1 X82.64 Y133.347 E.02417
G1 X82.5 Y133.132 E.00651
G1 X82.122 Y132.549 E.01764
G1 X81.689 Y131.7 E.02419
G1 X81.348 Y130.811 E.02417
G1 X81.101 Y129.891 E.02418
G1 X80.952 Y128.951 E.02416
G1 X80.903 Y128 E.02417
G1 X80.952 Y127.049 E.02417
G1 X81.101 Y126.109 E.02416
G1 X81.348 Y125.189 E.02418
G1 X81.689 Y124.3 E.02417
G1 X82.122 Y123.451 E.02419
G1 X82.5 Y122.868 E.01764
G1 X82.64 Y122.653 E.00651
G1 X83.239 Y121.913 E.02417
G1 X83.402 Y121.75 E.00585
G1 X83.913 Y121.239 E.01835
G1 X84.653 Y120.64 E.02417
G1 X85.781 Y119.907 E.03415
G1 X85.686 Y119.586 E.0085
G1 X94.314 Y119.586 E.21903
G1 X95.536 Y120.38 E.037
G1 X96.303 Y121 E.02504
G1 X97 Y121.697 E.02502
G1 F1020
G1 X97.62 Y122.464 E.02504
G1 X98.157 Y123.29 E.02501
G1 F1500
G1 X98.605 Y124.169 E.02505
G1 X98.958 Y125.09 E.02504
G1 X99.213 Y126.042 E.02502
G1 X99.368 Y127.015 E.02501
G1 X99.419 Y128 E.02504
G1 X99.368 Y128.985 E.02504
G1 X99.213 Y129.958 E.02501
G1 X98.958 Y130.911 E.02504
G1 X98.605 Y131.831 E.02502
G1 X98.157 Y132.71 E.02505
G1 F1020
G1 X97.62 Y133.536 E.02501
G1 X97 Y134.303 E.02504
G1 F1500
G1 X96.303 Y135 E.02502
G1 X95.536 Y135.62 E.02504
G1 X94.314 Y136.414 E.037
G1 X85.686 Y136.414 E.21903
G1 X84.464 Y135.62 E.037
G1 X83.697 Y135 E.02504
G1 X83 Y134.303 E.02502
G1 F1020
G1 X82.38 Y133.536 E.02504
G1 X81.843 Y132.71 E.02501
G1 F1500
G1 X81.395 Y131.831 E.02505
G1 X81.042 Y130.911 E.02502
G1 X80.787 Y129.958 E.02504
G1 X80.632 Y128.985 E.02501
G1 X80.581 Y128 E.02504
G1 X80.632 Y127.015 E.02504
G1 X80.787 Y126.042 E.02501
G1 X81.042 Y125.09 E.02502
G1 X81.395 Y124.169 E.02504
G1 X81.843 Y123.29 E.02505
G1 F1020
G1 X82.38 Y122.464 E.02501
G1 X83 Y121.697 E.02504
G1 F1500
G1 X83.697 Y121 E.02502
G1 X84.464 Y120.38 E.02504
G1 X85.686 Y119.586 E.037
G1 X85.591 Y119.264 E.00852
G1 X94.409 Y119.264 E.22385
G1 X95.726 Y120.119 E.03986
G1 X96.518 Y120.761 E.02588
G1 X97.239 Y121.482 E.02588
G1 X97.881 Y122.274 E.02588
G1 X98.436 Y123.129 E.02588
G1 X98.899 Y124.038 E.0259
G1 X99.264 Y124.99 E.02588
G1 X99.528 Y125.975 E.02589
G1 X99.688 Y126.982 E.02588
G1 X99.741 Y128 E.02588
G1 X99.688 Y129.018 E.02588
G1 X99.528 Y130.025 E.02588
G1 X99.264 Y131.01 E.02589
G1 X98.899 Y131.962 E.02588
G1 X98.436 Y132.871 E.0259
G1 X97.881 Y133.726 E.02588
G1 X97.239 Y134.518 E.02588
G1 X96.518 Y135.239 E.02588
G1 X95.726 Y135.881 E.02588
G1 X94.409 Y136.736 E.03986
G1 X85.591 Y136.736 E.22385
G1 X84.274 Y135.881 E.03986
G1 X83.482 Y135.239 E.02588
G1 X82.761 Y134.518 E.02588
G1 X82.119 Y133.726 E.02588
G1 X81.564 Y132.871 E.02588
G1 X81.101 Y131.962 E.0259
G1 X80.736 Y131.01 E.02588
G1 X80.472 Y130.025 E.02589
G1 X80.312 Y129.018 E.02588
G1 X80.259 Y128 E.02588
G1 X80.312 Y126.982 E.02588
G1 X80.472 Y125.975 E.02588
G1 X80.736 Y124.99 E.02589
G1 X81.101 Y124.038 E.02588
G1 X81.564 Y123.129 E.0259
G1 X82.119 Y122.274 E.02588
G1 X82.761 Y121.482 E.02588
G1 X83.482 Y120.761 E.02588
G1 X84.274 Y120.119 E.02588
G1 X85.591 Y119.264 E.03986
G1 E-1.75 F6000
;WIPE_START
G1 F1500
G1 X84.752 Y119.809 E-.75
;WIPE_END
G17
G3 Z11.44 I.161 J.587 P1  F18000
G1 X140.114 Y104.647 Z11.44
G1 Z11.24
G1 E2.5 F6000
G1 F1500
G1 X140.056 Y104.637 E.00149
G2 X140.114 Y115.353 I-.551 J5.361 E.45931
G1 X140.114 Y141.114 E.65397
G1 X79.886 Y141.114 E1.52897
G1 X79.886 Y115.353 E.65397
G1 X79.937 Y115.361 E.00131
G2 X79.886 Y104.647 I.558 J-5.36 E.45948
G1 X79.886 Y78.886 E.65397
G1 X140.114 Y78.886 E1.52897
G1 X140.114 Y104.647 E.65397
G1 X139.793 Y104.303 E.01195
G2 X139.793 Y115.697 I-.301 J5.697 E.47028
G1 X139.793 Y140.793 E.63708
G1 X80.207 Y140.793 E1.51266
G1 X80.207 Y130.278 E.26694
G1 X80.43 Y131.109 E.02185
G1 X80.807 Y132.093 E.02675
G1 X81.285 Y133.031 E.02674
G1 X81.859 Y133.915 E.02673
G1 X82.522 Y134.733 E.02674
G1 X83.267 Y135.478 E.02674
G1 X84.085 Y136.141 E.02674
G1 X85.496 Y137.057 E.04269
G1 X94.504 Y137.057 E.2287
G1 X95.915 Y136.141 E.04269
G1 X96.733 Y135.478 E.02674
G1 X97.478 Y134.733 E.02674
G1 X98.141 Y133.915 E.02674
G1 X98.715 Y133.031 E.02673
G1 X99.193 Y132.093 E.02674
G1 X99.57 Y131.109 E.02675
G1 X99.843 Y130.092 E.02673
G1 X100.008 Y129.052 E.02674
G1 X100.063 Y128 E.02674
G1 X100.008 Y126.948 E.02674
G1 X99.843 Y125.908 E.02674
G1 X99.57 Y124.891 E.02673
G1 X99.193 Y123.907 E.02675
G1 X98.715 Y122.969 E.02674
G1 X98.141 Y122.085 E.02673
G1 X97.478 Y121.267 E.02674
G1 X96.733 Y120.522 E.02674
G1 X95.915 Y119.859 E.02674
G1 X94.504 Y118.943 E.04269
G1 X85.496 Y118.943 E.2287
G1 X84.085 Y119.859 E.04269
G1 X83.267 Y120.522 E.02674
G1 X82.522 Y121.267 E.02674
G1 X81.859 Y122.085 E.02674
G1 X81.285 Y122.969 E.02673
G1 X80.807 Y123.907 E.02674
G1 X80.43 Y124.891 E.02675
G1 X80.207 Y125.722 E.02185
G1 X80.207 Y115.697 E.25448
G2 X80.207 Y104.303 I.3 J-5.697 E.47028
G1 X80.207 Y79.207 E.63708
G1 X139.793 Y79.207 E1.51266
G1 X139.793 Y104.303 E.63709
G1 X139.472 Y103.967 E.0118
G2 X139.472 Y116.033 I.027 J6.033 E.4798
G1 X139.472 Y140.472 E.6204
G1 X80.528 Y140.472 E1.49634
G1 X80.528 Y132.254 E.20863
G1 X81.007 Y133.192 E.02675
G1 X81.599 Y134.104 E.02759
G1 X82.283 Y134.949 E.02759
G1 X83.051 Y135.717 E.0276
G1 X83.896 Y136.401 E.02759
G1 X85.4 Y137.378 E.04554
G1 X94.6 Y137.378 E.23353
G1 X96.104 Y136.401 E.04554
G1 X96.949 Y135.717 E.02759
G1 X97.717 Y134.949 E.0276
G1 X98.401 Y134.104 E.02759
G1 X98.993 Y133.192 E.02759
G1 X99.487 Y132.224 E.02759
G1 X99.876 Y131.209 E.0276
G1 X100.158 Y130.159 E.02759
G1 X100.328 Y129.086 E.02759
G1 X100.385 Y128 E.0276
G1 X100.328 Y126.914 E.0276
G1 X100.158 Y125.841 E.02759
G1 X99.876 Y124.791 E.02759
G1 X99.487 Y123.776 E.0276
G1 X98.993 Y122.808 E.02759
G1 X98.401 Y121.896 E.02759
G1 X97.717 Y121.051 E.02759
G1 X96.949 Y120.283 E.0276
G1 X96.104 Y119.599 E.02759
G1 X94.6 Y118.622 E.04553
G1 X85.4 Y118.622 E.23353
G1 X83.896 Y119.599 E.04553
G1 X83.051 Y120.283 E.02759
G1 X82.283 Y121.051 E.0276
G1 X81.599 Y121.896 E.02759
G1 X81.007 Y122.808 E.02759
G1 X80.528 Y123.746 E.02675
G1 X80.528 Y116.033 E.19581
G2 X80.528 Y103.968 I-.026 J-6.033 E.47977
G1 X80.528 Y79.528 E.62043
G1 X139.472 Y79.528 E1.49634
G1 X139.472 Y103.967 E.6204
G1 X139.15 Y103.662 E.01125
G2 X139.15 Y116.338 I.34 J6.338 E.48891
G1 X139.15 Y140.15 E.6045
G1 X80.85 Y140.15 E1.48002
G1 X80.85 Y133.541 E.1678
G1 X81.338 Y134.293 E.02277
G1 X82.043 Y135.164 E.02845
G1 X82.836 Y135.957 E.02845
G1 X83.707 Y136.662 E.02845
G1 X85.305 Y137.7 E.04838
G1 X94.695 Y137.7 E.23837
G1 X96.293 Y136.662 E.04838
G1 X97.164 Y135.957 E.02845
G1 X97.957 Y135.164 E.02846
G1 X98.662 Y134.293 E.02845
G1 X99.272 Y133.353 E.02844
G1 X99.781 Y132.355 E.02845
G1 X100.183 Y131.308 E.02846
G1 X100.472 Y130.226 E.02844
G1 X100.648 Y129.119 E.02844
G1 X100.706 Y128 E.02845
G1 X100.648 Y126.881 E.02845
G1 X100.472 Y125.774 E.02844
G1 X100.183 Y124.692 E.02844
G1 X99.781 Y123.645 E.02846
G1 X99.272 Y122.647 E.02845
G1 X98.662 Y121.707 E.02844
G1 X97.957 Y120.836 E.02845
G1 X97.164 Y120.043 E.02845
G1 X96.293 Y119.338 E.02845
G1 X94.695 Y118.3 E.04838
G1 X85.305 Y118.3 E.23837
G1 X83.707 Y119.338 E.04838
G1 X82.836 Y120.043 E.02845
G1 X82.043 Y120.836 E.02845
G1 X81.338 Y121.707 E.02845
G1 X80.85 Y122.459 E.02277
G1 X80.85 Y116.338 E.1554
G2 X80.85 Y103.662 I-.34 J-6.338 E.48891
G1 X80.85 Y79.85 E.6045
G1 X139.15 Y79.85 E1.48002
G1 X139.15 Y103.662 E.6045
G1 X138.829 Y103.357 E.01125
G1 X138.802 Y103.358 E.00068
G2 X138.829 Y116.643 I.707 J6.641 E.49734
G1 X138.829 Y139.829 E.5886
G1 X81.171 Y139.829 E1.46371
G1 X81.171 Y134.597 E.13282
G1 X81.804 Y135.379 E.02555
G1 X82.621 Y136.196 E.02931
G1 X83.518 Y136.922 E.0293
G1 X85.21 Y138.021 E.05122
G1 X94.79 Y138.021 E.2432
G1 X96.482 Y136.922 E.05122
G1 X97.379 Y136.196 E.0293
G1 X98.196 Y135.379 E.02931
G1 X98.922 Y134.482 E.02931
G1 X99.551 Y133.514 E.0293
G1 X100.075 Y132.486 E.0293
G1 X100.489 Y131.408 E.02932
G1 X100.787 Y130.293 E.0293
G1 X100.968 Y129.153 E.0293
G1 X101.028 Y128 E.02931
G1 X100.968 Y126.847 E.02931
G1 X100.787 Y125.707 E.0293
G1 X100.489 Y124.592 E.0293
G1 X100.075 Y123.514 E.02932
G1 X99.551 Y122.486 E.0293
G1 X98.922 Y121.518 E.0293
G1 X98.196 Y120.621 E.0293
G1 X97.379 Y119.804 E.02931
G1 X96.482 Y119.078 E.0293
G1 X94.79 Y117.979 E.05122
G1 X85.21 Y117.979 E.2432
G1 X83.518 Y119.078 E.05122
G1 X82.621 Y119.804 E.0293
G1 X81.804 Y120.621 E.02931
G1 X81.171 Y121.403 E.02555
G1 X81.171 Y116.643 E.12083
G1 X81.198 Y116.642 E.00068
G2 X81.171 Y103.356 I-.708 J-6.641 E.49735
G1 X81.171 Y80.171 E.58857
G1 X138.829 Y80.171 E1.46371
G1 X138.829 Y103.357 E.5886
G1 X138.508 Y103.08 E.01078
G2 X138.508 Y116.92 I.982 J6.92 E.50742
G1 X138.508 Y139.508 E.5734
G1 X81.492 Y139.508 E1.44739
G1 X81.492 Y135.505 E.10162
G1 X82.405 Y136.435 E.03309
G1 X83.329 Y137.182 E.03016
G1 X85.115 Y138.342 E.05407
G1 X94.885 Y138.342 E.24804
G1 X96.671 Y137.182 E.05407
G1 X97.595 Y136.435 E.03016
G1 X98.435 Y135.595 E.03017
G1 X99.182 Y134.671 E.03016
G1 X99.829 Y133.675 E.03015
G1 X100.369 Y132.617 E.03016
G1 X100.795 Y131.507 E.03017
G1 X101.102 Y130.36 E.03015
G1 X101.288 Y129.187 E.03015
G1 X101.35 Y128 E.03016
G1 X101.288 Y126.813 E.03016
G1 X101.102 Y125.64 E.03015
G1 X100.795 Y124.493 E.03015
G1 X100.369 Y123.383 E.03017
G1 X99.829 Y122.325 E.03016
G1 X99.182 Y121.329 E.03015
G1 X98.435 Y120.405 E.03016
G1 X97.595 Y119.565 E.03017
G1 X96.671 Y118.818 E.03016
G1 X94.885 Y117.658 E.05407
G1 X85.115 Y117.658 E.24804
G1 X83.329 Y118.818 E.05407
G1 X82.405 Y119.565 E.03016
G1 X81.492 Y120.495 E.03309
G1 X81.492 Y116.92 E.09075
G2 X81.492 Y103.08 I-.982 J-6.92 E.50742
G1 X81.492 Y80.492 E.5734
G1 X138.508 Y80.492 E1.44739
G1 X138.508 Y103.08 E.5734
G1 X138.186 Y102.805 E.01073
G1 X137.978 Y102.838 E.00536
G2 X138.186 Y117.195 I1.53 J7.158 E.5109
G1 X138.186 Y139.186 E.55827
G1 X81.814 Y139.186 E1.43107
G1 X81.814 Y136.298 E.07333
G1 X82.19 Y136.674 E.01351
G1 X83.139 Y137.443 E.03101
G1 X85.02 Y138.664 E.05691
G1 X94.98 Y138.664 E.25287
G1 X96.861 Y137.443 E.05691
G1 X97.81 Y136.674 E.03101
G1 X98.674 Y135.81 E.03102
G1 X99.443 Y134.86 E.03102
G1 X100.108 Y133.836 E.03101
G1 X100.663 Y132.748 E.03101
G1 X101.101 Y131.607 E.03103
G1 X101.417 Y130.427 E.03101
G1 X101.608 Y129.22 E.03101
G1 X101.672 Y128 E.03102
G1 X101.608 Y126.78 E.03102
G1 X101.417 Y125.573 E.03101
G1 X101.101 Y124.393 E.03101
G1 X100.663 Y123.252 E.03103
G1 X100.108 Y122.164 E.03101
G1 X99.443 Y121.14 E.03101
G1 X98.674 Y120.19 E.03102
G1 X97.81 Y119.326 E.03102
G1 X96.861 Y118.557 E.03101
G1 X94.98 Y117.336 E.05691
G1 X85.02 Y117.336 E.25287
G1 X83.139 Y118.557 E.05691
G1 X82.19 Y119.326 E.03101
G1 X81.814 Y119.702 E.01351
G1 X81.814 Y117.195 E.06365
G1 X82.022 Y117.162 E.00536
G2 X81.814 Y102.805 I-1.53 J-7.158 E.5109
G1 X81.814 Y80.814 E.55827
G1 X138.186 Y80.814 E1.43107
G1 X138.186 Y102.805 E.55827
G1 X137.865 Y102.536 E.01065
G2 X137.865 Y117.464 I1.632 J7.464 E.52585
G1 X137.865 Y138.865 E.54327
G1 X95.261 Y138.865 E1.08155
G1 X97.05 Y137.703 E.05415
G1 X98.025 Y136.913 E.03187
G1 X98.913 Y136.025 E.03188
G1 X99.703 Y135.05 E.03187
G1 X100.387 Y133.997 E.03186
G1 X100.957 Y132.878 E.03187
G1 X101.407 Y131.706 E.03188
G1 X101.732 Y130.494 E.03186
G1 X101.928 Y129.254 E.03186
G1 X101.994 Y128 E.03187
G1 X101.928 Y126.746 E.03187
G1 X101.732 Y125.506 E.03186
G1 X101.407 Y124.294 E.03186
G1 X100.957 Y123.122 E.03188
G1 X100.387 Y122.003 E.03187
G1 X99.703 Y120.95 E.03186
G1 X98.913 Y119.975 E.03187
G1 X98.025 Y119.087 E.03188
G1 X97.05 Y118.297 E.03187
G1 X95.076 Y117.015 E.05975
G1 X84.924 Y117.015 E.2577
G1 X82.95 Y118.297 E.05975
G1 X82.135 Y118.957 E.02663
G1 X82.135 Y117.464 E.03789
G2 X82.135 Y102.536 I-1.632 J-7.464 E.52585
G1 X82.135 Y81.135 E.54327
G1 X137.865 Y81.135 E1.41476
G1 X137.865 Y102.536 E.54327
G1 X137.543 Y102.289 E.01028
G1 X137.038 Y102.425 E.01328
G2 X137.543 Y117.711 I2.46 J7.57 E.5212
G1 X137.543 Y138.543 E.52886
G1 X96.346 Y138.543 E1.04585
G1 X97.239 Y137.963 E.02704
G1 X98.241 Y137.152 E.03272
G1 X99.152 Y136.241 E.03273
G1 X99.964 Y135.239 E.03273
G1 X100.665 Y134.158 E.03272
G1 X101.251 Y133.009 E.03272
G1 X101.713 Y131.805 E.03274
G1 X102.046 Y130.56 E.03272
G1 X102.248 Y129.288 E.03272
G1 X102.316 Y128 E.03273
G1 X102.248 Y126.712 E.03273
G1 X102.046 Y125.44 E.03272
G1 X101.713 Y124.195 E.03272
G1 X101.251 Y122.991 E.03274
G1 X100.665 Y121.842 E.03272
G1 X99.964 Y120.761 E.03272
G1 X99.152 Y119.759 E.03273
G1 X98.241 Y118.848 E.03273
G1 X97.239 Y118.037 E.03272
G1 X95.171 Y116.693 E.0626
G1 X84.829 Y116.693 E.26254
G1 X82.761 Y118.037 E.0626
G1 X82.457 Y118.283 E.00995
G1 X82.457 Y117.711 E.01453
G1 X82.962 Y117.575 E.01328
G2 X82.457 Y102.289 I-2.46 J-7.57 E.5212
G1 X82.457 Y81.457 E.52886
G1 X137.543 Y81.457 E1.39844
G1 X137.543 Y102.289 E.52886
G1 X137.222 Y102.042 E.01028
G1 X136.939 Y102.118 E.00745
G2 X137.222 Y117.958 I2.56 J7.876 E.53589
G1 X137.222 Y138.222 E.51444
G1 X97.43 Y138.222 E1.01016
G1 X98.456 Y137.391 E.03351
G1 X99.391 Y136.456 E.03359
G1 X100.224 Y135.428 E.03358
G1 X100.944 Y134.319 E.03357
G1 X101.545 Y133.14 E.03358
G1 X102.019 Y131.905 E.03359
G1 X102.361 Y130.627 E.03357
G1 X102.568 Y129.321 E.03357
G1 X102.637 Y128 E.03358
G1 X102.568 Y126.679 E.03359
G1 X102.361 Y125.373 E.03357
G1 X102.019 Y124.095 E.03357
G1 X101.545 Y122.86 E.03359
G1 X100.944 Y121.681 E.03358
G1 X100.224 Y120.572 E.03357
G1 X99.391 Y119.544 E.03358
G1 X98.456 Y118.609 E.03359
G1 X97.428 Y117.776 E.03358
G1 X95.266 Y116.372 E.06544
G1 X85.782 Y116.372 E.24077
G1 X86.045 Y116.159 E.00861
G2 X82.778 Y102.042 I-5.541 J-6.154 E.44785
G1 X82.778 Y81.778 E.51444
G1 X137.222 Y81.778 E1.38212
G1 X137.222 Y102.042 E.51444
G1 X136.901 Y101.796 E.01028
G1 X136.839 Y101.812 E.00162
G2 X136.901 Y118.204 I2.676 J8.186 E.55035
G1 X136.901 Y137.901 E.50002
G1 X98.338 Y137.901 E.97897
G1 X98.671 Y137.631 E.0109
G1 X99.631 Y136.671 E.03444
G1 X100.484 Y135.617 E.03444
G1 X101.223 Y134.48 E.03443
G1 X101.839 Y133.271 E.03443
G1 X102.325 Y132.004 E.03445
G1 X102.676 Y130.694 E.03443
G1 X102.888 Y129.355 E.03443
G1 X102.959 Y128 E.03444
G1 X102.888 Y126.645 E.03444
G1 X102.676 Y125.306 E.03443
G1 X102.325 Y123.996 E.03443
G1 X101.839 Y122.729 E.03445
G1 X101.223 Y121.52 E.03443
G1 X100.484 Y120.383 E.03443
G1 X99.631 Y119.329 E.03444
G1 X98.671 Y118.369 E.03444
G1 X97.617 Y117.516 E.03443
G1 X95.361 Y116.051 E.06829
G1 X86.608 Y116.051 E.22222
G1 X86.898 Y115.76 E.01043
G2 X83.099 Y101.796 I-6.397 J-5.759 E.43637
G1 X83.099 Y82.099 E.50002
G1 X136.901 Y82.099 E1.36581
G1 X136.901 Y101.796 E.50002
G1 X136.579 Y101.568 E.01
G1 X135.868 Y101.841 E.01936
G1 X135.035 Y102.265 E.02373
G1 X134.251 Y102.775 E.02373
G1 X133.524 Y103.363 E.02374
G1 X132.863 Y104.025 E.02375
G1 X132.274 Y104.751 E.02373
G1 X131.766 Y105.533 E.02368
G1 X131.342 Y106.366 E.02373
G1 X131.006 Y107.241 E.02379
G1 X130.764 Y108.144 E.02374
G1 X130.618 Y109.066 E.02369
G1 X130.569 Y110 E.02374
G1 X130.618 Y110.934 E.02373
G1 X130.764 Y111.855 E.02369
G1 X131.006 Y112.759 E.02374
G1 X131.342 Y113.634 E.02379
G1 X131.766 Y114.467 E.02373
G1 X132.274 Y115.249 E.02368
G1 X132.863 Y115.975 E.02373
G1 X133.524 Y116.637 E.02375
G1 X134.251 Y117.225 E.02374
G1 X135.035 Y117.735 E.02373
G1 X135.868 Y118.159 E.02373
G1 X136.579 Y118.432 E.01935
G1 X136.579 Y137.579 E.48607
G1 X99.177 Y137.579 E.9495
G1 X99.87 Y136.887 E.02487
G1 X100.745 Y135.806 E.03529
G1 X101.502 Y134.641 E.03528
G1 X102.133 Y133.402 E.03529
G1 X102.631 Y132.104 E.03531
G1 X102.991 Y130.761 E.03528
G1 X103.208 Y129.388 E.03528
G1 X103.281 Y128 E.0353
G1 X103.208 Y126.612 E.0353
G1 X102.991 Y125.239 E.03528
G1 X102.631 Y123.896 E.03528
G1 X102.133 Y122.598 E.03531
G1 X101.502 Y121.359 E.03529
G1 X100.745 Y120.194 E.03528
G1 X99.87 Y119.113 E.03529
G1 X98.887 Y118.13 E.0353
G1 X97.806 Y117.256 E.03529
G1 X95.456 Y115.729 E.07113
G1 X87.337 Y115.729 E.20613
G1 X87.726 Y115.249 E.01569
G1 X88.234 Y114.467 E.02368
G1 X88.658 Y113.634 E.02373
G1 X88.994 Y112.759 E.02379
G1 X89.236 Y111.856 E.02374
G1 X89.382 Y110.934 E.02369
G1 X89.431 Y110 E.02373
G1 X89.382 Y109.066 E.02374
G1 X89.236 Y108.144 E.02369
G1 X88.994 Y107.241 E.02374
G1 X88.658 Y106.366 E.02379
G1 X88.234 Y105.533 E.02373
G1 X87.726 Y104.751 E.02368
G1 X87.137 Y104.025 E.02373
G1 X86.476 Y103.363 E.02375
G1 X85.749 Y102.775 E.02374
G1 X84.965 Y102.265 E.02373
G1 X84.132 Y101.841 E.02373
G1 X83.421 Y101.568 E.01935
G1 X83.421 Y82.421 E.48607
G1 X136.579 Y82.421 E1.34949
G1 X136.579 Y101.568 E.48607
G1 X136.258 Y101.347 E.0099
G1 X135.737 Y101.547 E.01418
G1 X134.874 Y101.987 E.02458
G1 X134.062 Y102.514 E.02459
G1 X133.309 Y103.124 E.0246
G1 X132.623 Y103.809 E.0246
G1 X132.014 Y104.562 E.02458
G1 X131.488 Y105.372 E.02453
G1 X131.048 Y106.235 E.02459
G1 X130.7 Y107.142 E.02465
G1 X130.449 Y108.078 E.02459
G1 X130.298 Y109.033 E.02455
G1 X130.247 Y110 E.02459
G1 X130.298 Y110.967 E.02459
G1 X130.449 Y111.922 E.02455
G1 X130.7 Y112.858 E.0246
G1 X131.048 Y113.765 E.02465
G1 X131.488 Y114.628 E.02459
G1 X132.014 Y115.438 E.02453
G1 X132.623 Y116.191 E.02458
G1 X133.309 Y116.876 E.02461
G1 X134.062 Y117.486 E.0246
G1 X134.874 Y118.013 E.02459
G1 X135.737 Y118.453 E.02458
G1 X136.258 Y118.653 E.01417
G1 X136.258 Y137.258 E.47231
G1 X99.953 Y137.258 E.92165
G1 X100.109 Y137.102 E.0056
G1 X101.005 Y135.995 E.03615
G1 X101.78 Y134.801 E.03614
G1 X102.427 Y133.533 E.03614
G1 X102.937 Y132.203 E.03616
G1 X103.305 Y130.828 E.03614
G1 X103.528 Y129.422 E.03614
G1 X103.603 Y128 E.03615
G1 X103.528 Y126.578 E.03615
G1 X103.305 Y125.172 E.03614
G1 X102.937 Y123.797 E.03614
G1 X102.427 Y122.467 E.03616
G1 X101.78 Y121.199 E.03614
G1 X101.005 Y120.005 E.03614
G1 X100.109 Y118.898 E.03615
G1 X99.102 Y117.891 E.03615
G1 X97.995 Y116.995 E.03614
G1 X95.552 Y115.408 E.07397
G1 X88.006 Y115.408 E.19157
G1 X88.512 Y114.628 E.02362
G1 X88.952 Y113.765 E.02459
G1 X89.3 Y112.858 E.02465
G1 X89.551 Y111.922 E.02459
G1 X89.702 Y110.967 E.02455
G1 X89.753 Y110 E.02459
G1 X89.702 Y109.033 E.02459
G1 X89.551 Y108.078 E.02455
G1 X89.3 Y107.142 E.0246
G1 X88.952 Y106.235 E.02465
G1 X88.512 Y105.372 E.02459
G1 X87.986 Y104.562 E.02453
G1 X87.377 Y103.809 E.02458
G1 X86.691 Y103.124 E.02461
G1 X85.938 Y102.514 E.0246
G1 X85.126 Y101.987 E.02459
G1 X84.263 Y101.547 E.02458
G1 X83.742 Y101.347 E.01417
G1 X83.742 Y82.742 E.47231
G1 X136.258 Y82.742 E1.33317
G1 X136.258 Y101.347 E.47231
G1 X135.937 Y101.126 E.0099
G1 X135.606 Y101.253 E.009
G1 X134.713 Y101.708 E.02544
G1 X133.873 Y102.254 E.02544
G1 X133.093 Y102.885 E.02545
G1 X132.384 Y103.594 E.02546
G1 X131.754 Y104.373 E.02544
G1 X131.209 Y105.212 E.02539
G1 X130.754 Y106.104 E.02545
G1 X130.394 Y107.042 E.0255
G1 X130.134 Y108.011 E.02545
G1 X129.978 Y108.999 E.0254
G1 X129.925 Y110 E.02545
G1 X129.978 Y111.001 E.02545
G1 X130.134 Y111.989 E.0254
G1 X130.394 Y112.958 E.02545
G1 X130.754 Y113.896 E.02551
G1 X131.209 Y114.789 E.02544
G1 X131.754 Y115.627 E.02538
G1 X132.384 Y116.406 E.02544
G1 X133.093 Y117.115 E.02546
G1 X133.873 Y117.746 E.02545
G1 X134.713 Y118.292 E.02544
G1 X135.606 Y118.747 E.02544
G1 X135.937 Y118.874 E.00899
G1 X135.937 Y136.937 E.45854
G1 X100.656 Y136.937 E.89563
G1 X101.265 Y136.184 E.02457
G1 X102.059 Y134.962 E.03699
G1 X102.721 Y133.664 E.037
G1 X103.243 Y132.303 E.03702
G1 X103.62 Y130.895 E.03699
G1 X103.848 Y129.456 E.03699
G1 X103.925 Y128 E.03701
G1 X103.848 Y126.544 E.03701
G1 X103.62 Y125.105 E.03699
G1 X103.243 Y123.697 E.03699
G1 X102.721 Y122.336 E.03702
G1 X102.059 Y121.038 E.037
G1 X101.265 Y119.816 E.03699
G1 X100.348 Y118.683 E.037
G1 X99.317 Y117.652 E.03701
G1 X98.185 Y116.735 E.037
G1 X95.647 Y115.087 E.07682
G1 X88.597 Y115.087 E.17896
G1 X88.791 Y114.788 E.00902
G1 X89.246 Y113.896 E.02545
G1 X89.606 Y112.958 E.0255
G1 X89.866 Y111.989 E.02545
G1 X90.022 Y111.001 E.0254
G1 X90.075 Y110 E.02544
G1 X90.022 Y108.999 E.02545
G1 X89.866 Y108.011 E.0254
G1 X89.606 Y107.042 E.02545
G1 X89.246 Y106.104 E.02551
G1 X88.791 Y105.212 E.02544
G1 X88.246 Y104.373 E.02539
G1 X87.616 Y103.594 E.02544
G1 X86.907 Y102.885 E.02546
G1 X86.127 Y102.254 E.02545
G1 X85.287 Y101.708 E.02544
G1 X84.394 Y101.253 E.02544
G1 X84.063 Y101.126 E.00899
G1 X84.063 Y83.063 E.45854
G1 X135.937 Y83.063 E1.31686
G1 X135.937 Y101.126 E.45854
G1 X135.615 Y100.905 E.0099
G1 X135.475 Y100.959 E.00382
G1 X134.552 Y101.429 E.02629
G1 X133.683 Y101.993 E.0263
G1 X132.878 Y102.646 E.02631
G1 X132.145 Y103.379 E.02632
G1 X131.493 Y104.184 E.02629
G1 X130.93 Y105.051 E.02624
G1 X130.46 Y105.973 E.0263
G1 X130.088 Y106.943 E.02636
G1 X129.82 Y107.944 E.0263
G1 X129.658 Y108.965 E.02625
G1 X129.604 Y110 E.0263
G1 X129.658 Y111.035 E.0263
G1 X129.82 Y112.056 E.02625
G1 X130.088 Y113.057 E.02631
G1 X130.46 Y114.027 E.02636
G1 X130.93 Y114.949 E.0263
G1 X131.493 Y115.816 E.02624
G1 X132.145 Y116.621 E.02629
G1 X132.878 Y117.354 E.02632
G1 X133.683 Y118.007 E.02631
G1 X134.552 Y118.571 E.0263
G1 X135.475 Y119.041 E.02629
G1 X135.615 Y119.095 E.00381
G1 X135.615 Y136.615 E.44478
G1 X101.33 Y136.615 E.87037
G1 X101.526 Y136.374 E.00789
G1 X102.338 Y135.123 E.03785
G1 X103.015 Y133.795 E.03785
G1 X103.549 Y132.402 E.03787
G1 X103.935 Y130.962 E.03785
G1 X104.168 Y129.489 E.03785
G1 X104.246 Y128 E.03786
G1 X104.168 Y126.511 E.03786
G1 X103.935 Y125.038 E.03785
G1 X103.549 Y123.598 E.03785
G1 X103.015 Y122.205 E.03787
G1 X102.338 Y120.877 E.03785
G1 X101.526 Y119.626 E.03785
G1 X100.587 Y118.467 E.03786
G1 X99.533 Y117.413 E.03787
G1 X98.374 Y116.474 E.03785
G1 X95.742 Y114.765 E.07966
G1 X89.164 Y114.765 E.167
G1 X89.54 Y114.027 E.02105
G1 X89.912 Y113.057 E.02636
G1 X90.18 Y112.056 E.0263
G1 X90.342 Y111.035 E.02625
G1 X90.396 Y110 E.0263
G1 X90.342 Y108.965 E.0263
G1 X90.18 Y107.944 E.02625
G1 X89.912 Y106.943 E.02631
G1 X89.54 Y105.973 E.02636
G1 X89.07 Y105.051 E.0263
G1 X88.507 Y104.184 E.02624
G1 X87.855 Y103.379 E.02629
G1 X87.122 Y102.646 E.02632
G1 X86.317 Y101.993 E.02631
G1 X85.448 Y101.429 E.0263
G1 X84.525 Y100.959 E.02629
G1 X84.385 Y100.905 E.00381
G1 X84.385 Y83.385 E.44478
G1 X135.615 Y83.385 E1.30054
G1 X135.615 Y100.905 E.44478
G1 X135.294 Y100.691 E.00981
G1 X134.391 Y101.151 E.02572
G1 X133.494 Y101.733 E.02715
G1 X132.663 Y102.406 E.02716
G1 X131.906 Y103.163 E.02717
G1 X131.233 Y103.995 E.02715
G1 X130.652 Y104.89 E.02709
G1 X130.166 Y105.843 E.02716
G1 X129.782 Y106.844 E.02722
G1 X129.505 Y107.877 E.02716
G1 X129.338 Y108.932 E.02711
G1 X129.282 Y110 E.02716
G1 X129.338 Y111.068 E.02716
G1 X129.505 Y112.123 E.02711
G1 X129.782 Y113.156 E.02716
G1 X130.166 Y114.158 E.02722
G1 X130.652 Y115.11 E.02716
G1 X131.233 Y116.005 E.02709
G1 X131.906 Y116.837 E.02715
G1 X132.663 Y117.594 E.02717
G1 X133.494 Y118.267 E.02716
G1 X134.391 Y118.849 E.02715
G1 X135.294 Y119.309 E.02572
G1 X135.294 Y136.294 E.43117
G1 X101.961 Y136.294 E.8462
G1 X102.616 Y135.284 E.03056
G1 X103.309 Y133.926 E.03871
G1 X103.855 Y132.501 E.03873
G1 X104.25 Y131.029 E.0387
G1 X104.488 Y129.523 E.0387
G1 X104.568 Y128 E.03872
G1 X104.488 Y126.477 E.03872
G1 X104.25 Y124.971 E.0387
G1 X103.855 Y123.499 E.0387
G1 X103.309 Y122.074 E.03873
G1 X102.616 Y120.716 E.03871
G1 X101.786 Y119.437 E.0387
G1 X100.826 Y118.252 E.03871
G1 X99.748 Y117.174 E.03872
G1 X98.563 Y116.214 E.03871
G1 X95.837 Y114.444 E.08251
G1 X89.688 Y114.444 E.1561
G1 X89.834 Y114.157 E.00816
G1 X90.218 Y113.156 E.02722
G1 X90.495 Y112.123 E.02716
G1 X90.662 Y111.068 E.02711
G1 X90.718 Y110 E.02715
G1 X90.662 Y108.932 E.02716
G1 X90.495 Y107.877 E.02711
G1 X90.219 Y106.844 E.02716
G1 X89.834 Y105.842 E.02722
G1 X89.348 Y104.89 E.02715
G1 X88.767 Y103.995 E.02709
G1 X88.094 Y103.163 E.02715
G1 X87.337 Y102.406 E.02717
G1 X86.506 Y101.733 E.02716
G1 X85.609 Y101.151 E.02715
G1 X84.706 Y100.691 E.02572
G1 X84.706 Y83.706 E.43117
G1 X135.294 Y83.706 E1.28422
G1 X135.294 Y100.691 E.43117
G1 X134.973 Y100.494 E.00957
G1 X134.23 Y100.872 E.02115
G1 X133.305 Y101.473 E.02801
G1 X132.447 Y102.167 E.02802
G1 X131.667 Y102.948 E.02803
G1 X130.973 Y103.805 E.028
G1 X130.373 Y104.729 E.02795
G1 X129.872 Y105.712 E.02801
G1 X129.475 Y106.744 E.02808
G1 X129.19 Y107.81 E.02802
G1 X129.018 Y108.898 E.02796
G1 X128.96 Y110 E.02801
G1 X129.018 Y111.102 E.02801
G1 X129.19 Y112.19 E.02796
G1 X129.475 Y113.256 E.02802
G1 X129.872 Y114.289 E.02808
G1 X130.373 Y115.271 E.02801
G1 X130.973 Y116.195 E.02794
G1 X131.667 Y117.052 E.028
G1 X132.447 Y117.833 E.02803
G1 X133.305 Y118.527 E.02802
G1 X134.23 Y119.128 E.02801
G1 X134.973 Y119.506 E.02114
G1 X134.973 Y135.973 E.41801
G1 X102.552 Y135.973 E.82302
G1 X102.895 Y135.445 E.01596
G1 X103.603 Y134.057 E.03956
G1 X104.161 Y132.601 E.03958
G1 X104.565 Y131.096 E.03956
G1 X104.808 Y129.557 E.03956
G1 X104.89 Y128 E.03957
G1 X104.808 Y126.443 E.03957
G1 X104.565 Y124.904 E.03956
G1 X104.161 Y123.399 E.03956
G1 X103.603 Y121.943 E.03958
G1 X102.895 Y120.555 E.03956
G1 X102.046 Y119.248 E.03955
G1 X101.066 Y118.037 E.03957
G1 X99.963 Y116.934 E.03958
G1 X98.752 Y115.954 E.03956
G1 X95.932 Y114.123 E.08535
G1 X90.192 Y114.123 E.14573
G1 X90.525 Y113.256 E.02357
G1 X90.81 Y112.19 E.02802
G1 X90.982 Y111.102 E.02796
G1 X91.04 Y110 E.02801
G1 X90.982 Y108.898 E.02801
G1 X90.81 Y107.81 E.02796
G1 X90.525 Y106.744 E.02802
G1 X90.128 Y105.711 E.02808
G1 X89.627 Y104.729 E.02801
G1 X89.027 Y103.805 E.02794
G1 X88.333 Y102.948 E.028
G1 X87.553 Y102.167 E.02803
G1 X86.695 Y101.473 E.02802
G1 X85.77 Y100.872 E.02801
G1 X85.027 Y100.494 E.02114
G1 X85.027 Y84.027 E.41801
G1 X134.973 Y84.027 E1.26791
G1 X134.973 Y100.494 E.41801
G1 X134.651 Y100.297 E.00957
G1 X134.069 Y100.593 E.01657
G1 X133.116 Y101.212 E.02886
G1 X132.232 Y101.928 E.02887
G1 X131.428 Y102.733 E.02888
G1 X130.712 Y103.616 E.02886
G1 X130.094 Y104.568 E.0288
G1 X129.578 Y105.581 E.02887
G1 X129.169 Y106.645 E.02894
G1 X128.875 Y107.743 E.02887
G1 X128.698 Y108.864 E.02881
G1 X128.638 Y110 E.02887
G1 X128.698 Y111.136 E.02887
G1 X128.875 Y112.257 E.02881
G1 X129.169 Y113.355 E.02887
G1 X129.578 Y114.419 E.02894
G1 X130.094 Y115.432 E.02887
G1 X130.712 Y116.384 E.0288
G1 X131.427 Y117.267 E.02886
G1 X132.232 Y118.072 E.02888
G1 X133.116 Y118.788 E.02887
G1 X134.07 Y119.407 E.02886
G1 X134.651 Y119.703 E.01657
G1 X134.651 Y135.651 E.40486
G1 X103.144 Y135.651 E.79983
G1 X103.897 Y134.188 E.04178
G1 X104.467 Y132.7 E.04044
G1 X104.879 Y131.163 E.04041
G1 X105.128 Y129.59 E.04041
G1 X105.212 Y128 E.04043
G1 X105.128 Y126.41 E.04043
G1 X104.879 Y124.837 E.04041
G1 X104.467 Y123.3 E.04041
G1 X103.897 Y121.812 E.04044
G1 X103.174 Y120.394 E.04042
G1 X102.307 Y119.059 E.04041
G1 X101.305 Y117.821 E.04042
G1 X100.179 Y116.695 E.04043
G1 X98.941 Y115.693 E.04042
G1 X96.028 Y113.801 E.08819
G1 X90.66 Y113.801 E.13628
G1 X90.831 Y113.355 E.01213
G1 X91.125 Y112.257 E.02887
G1 X91.302 Y111.136 E.02881
G1 X91.362 Y110 E.02886
G1 X91.302 Y108.865 E.02887
G1 X91.125 Y107.743 E.02882
G1 X90.831 Y106.645 E.02887
G1 X90.422 Y105.581 E.02894
G1 X89.906 Y104.568 E.02886
G1 X89.288 Y103.616 E.0288
G1 X88.573 Y102.733 E.02886
G1 X87.768 Y101.928 E.02888
G1 X86.884 Y101.212 E.02888
G1 X85.93 Y100.593 E.02886
G1 X85.349 Y100.297 E.01657
G1 X85.349 Y84.349 E.40486
G1 X134.651 Y84.349 E1.25159
G1 X134.651 Y100.297 E.40486
G1 X134.33 Y100.1 E.00957
G1 X133.909 Y100.314 E.012
G1 X132.927 Y100.952 E.02972
G1 X132.017 Y101.689 E.02973
G1 X131.188 Y102.517 E.02974
G1 X130.452 Y103.427 E.02971
G1 X129.816 Y104.407 E.02965
G1 X129.284 Y105.45 E.02972
G1 X128.863 Y106.545 E.02979
G1 X128.56 Y107.676 E.02973
G1 X128.378 Y108.831 E.02967
G1 X128.316 Y110 E.02972
G1 X128.378 Y111.169 E.02972
G1 X128.56 Y112.323 E.02967
G1 X128.863 Y113.455 E.02973
G1 X129.284 Y114.55 E.02979
G1 X129.816 Y115.593 E.02972
G1 X130.452 Y116.573 E.02965
G1 X131.188 Y117.483 E.02971
G1 X132.017 Y118.311 E.02974
G1 X132.927 Y119.048 E.02973
G1 X133.909 Y119.686 E.02972
G1 X134.33 Y119.9 E.012
G1 X134.33 Y135.33 E.3917
G1 X103.675 Y135.33 E.7782
G1 X104.191 Y134.318 E.02882
G1 X104.774 Y132.8 E.0413
G1 X105.194 Y131.229 E.04127
G1 X105.448 Y129.624 E.04126
G1 X105.534 Y128 E.04128
G1 X105.448 Y126.376 E.04128
G1 X105.194 Y124.771 E.04126
G1 X104.774 Y123.2 E.04127
G1 X104.191 Y121.682 E.0413
G1 X103.452 Y120.233 E.04127
G1 X102.567 Y118.87 E.04126
G1 X101.544 Y117.606 E.04128
G1 X100.394 Y116.456 E.04129
G1 X99.13 Y115.433 E.04127
G1 X96.123 Y113.48 E.09104
G1 X91.127 Y113.48 E.12682
G1 X91.44 Y112.324 E.03041
G1 X91.622 Y111.169 E.02967
G1 X91.684 Y110 E.02972
G1 X91.622 Y108.831 E.02972
G1 X91.44 Y107.677 E.02967
G1 X91.137 Y106.545 E.02973
G1 X90.716 Y105.45 E.0298
G1 X90.184 Y104.407 E.02972
G1 X89.548 Y103.427 E.02965
G1 X88.812 Y102.517 E.02971
G1 X87.983 Y101.689 E.02974
G1 X87.073 Y100.952 E.02973
G1 X86.091 Y100.314 E.02972
G1 X85.67 Y100.1 E.012
G1 X85.67 Y84.67 E.3917
G1 X134.33 Y84.67 E1.23527
G1 X134.33 Y100.1 E.3917
G1 X134.008 Y99.903 E.00957
G1 X133.748 Y100.036 E.00743
G1 X132.738 Y100.692 E.03057
G1 X131.801 Y101.45 E.03058
G1 X130.949 Y102.302 E.0306
G1 X130.191 Y103.238 E.03057
G1 X129.537 Y104.246 E.0305
G1 X128.99 Y105.319 E.03058
G1 X128.557 Y106.446 E.03065
G1 X128.246 Y107.61 E.03058
G1 X128.058 Y108.797 E.03052
G1 X127.994 Y110 E.03058
G1 X128.058 Y111.203 E.03058
G1 X128.246 Y112.39 E.03052
G1 X128.557 Y113.554 E.03058
G1 X128.99 Y114.681 E.03065
G1 X129.537 Y115.754 E.03058
G1 X130.191 Y116.762 E.0305
G1 X130.949 Y117.698 E.03057
G1 X131.801 Y118.55 E.0306
G1 X132.738 Y119.308 E.03059
G1 X133.748 Y119.964 E.03057
G1 X134.008 Y120.097 E.00743
G1 X134.008 Y135.008 E.37854
G1 X104.2 Y135.008 E.75673
G1 X104.485 Y134.449 E.01593
G1 X105.08 Y132.899 E.04215
G1 X105.509 Y131.296 E.04212
G1 X105.769 Y129.658 E.04212
G1 X105.855 Y128 E.04214
G1 X105.769 Y126.342 E.04214
G1 X105.509 Y124.704 E.04212
G1 X105.08 Y123.101 E.04212
G1 X104.485 Y121.551 E.04215
G1 X103.731 Y120.072 E.04213
G1 X102.827 Y118.681 E.04212
G1 X101.783 Y117.391 E.04213
G1 X100.609 Y116.217 E.04214
G1 X99.32 Y115.173 E.04213
G1 X96.218 Y113.158 E.09388
G1 X91.549 Y113.158 E.11854
G1 X91.754 Y112.39 E.02018
G1 X91.942 Y111.203 E.03052
G1 X92.006 Y110 E.03057
G1 X91.942 Y108.797 E.03058
G1 X91.754 Y107.61 E.03052
G1 X91.443 Y106.446 E.03058
G1 X91.01 Y105.319 E.03065
G1 X90.463 Y104.246 E.03057
G1 X89.809 Y103.238 E.0305
G1 X89.051 Y102.302 E.03057
G1 X88.199 Y101.45 E.0306
G1 X87.262 Y100.692 E.03059
G1 X86.252 Y100.036 E.03057
G1 X85.992 Y99.903 E.00743
G1 X85.992 Y84.992 E.37854
G1 X134.008 Y84.992 E1.21896
G1 X134.008 Y99.903 E.37854
G1 X133.687 Y99.706 E.00957
G1 X133.587 Y99.757 E.00286
G1 X132.549 Y100.431 E.03143
G1 X131.586 Y101.211 E.03144
G1 X130.71 Y102.087 E.03145
G1 X129.931 Y103.049 E.03142
G1 X129.258 Y104.085 E.03136
G1 X128.696 Y105.188 E.03143
G1 X128.251 Y106.347 E.03151
G1 X127.931 Y107.543 E.03144
G1 X127.738 Y108.763 E.03137
G1 X127.673 Y110 E.03144
G1 X127.738 Y111.236 E.03143
G1 X127.931 Y112.457 E.03137
G1 X128.251 Y113.653 E.03144
G1 X128.696 Y114.812 E.03151
G1 X129.258 Y115.915 E.03143
G1 X129.931 Y116.951 E.03135
G1 X130.71 Y117.913 E.03142
G1 X131.586 Y118.789 E.03145
G1 X132.549 Y119.569 E.03144
G1 X133.687 Y120.294 E.03427
G1 X133.687 Y134.687 E.36538
G1 X104.724 Y134.687 E.73526
G1 X105.386 Y132.999 E.04604
G1 X105.824 Y131.363 E.04298
G1 X106.089 Y129.691 E.04297
G1 X106.177 Y128 E.04299
G1 X106.089 Y126.309 E.04299
G1 X105.824 Y124.637 E.04297
G1 X105.386 Y123.001 E.04298
G1 X104.779 Y121.42 E.04301
G1 X104.01 Y119.911 E.04298
G1 X103.088 Y118.492 E.04297
G1 X102.022 Y117.175 E.04299
G1 X100.825 Y115.978 E.043
G1 X99.509 Y114.912 E.04298
G1 X96.313 Y112.837 E.09673
G1 X91.967 Y112.837 E.11032
G1 X92.069 Y112.457 E.00998
G1 X92.262 Y111.236 E.03137
G1 X92.327 Y110 E.03143
G1 X92.262 Y108.764 E.03143
G1 X92.069 Y107.543 E.03138
G1 X91.749 Y106.347 E.03144
G1 X91.304 Y105.188 E.03151
G1 X90.742 Y104.085 E.03143
G1 X90.069 Y103.049 E.03136
G1 X89.29 Y102.087 E.03142
G1 X88.414 Y101.211 E.03145
G1 X87.451 Y100.431 E.03144
G1 X86.313 Y99.706 E.03427
G1 X86.313 Y85.313 E.36538
G1 X133.687 Y85.313 E1.20264
G1 X133.687 Y99.706 E.36538
G1 X133.366 Y99.517 E.00946
G1 X132.359 Y100.171 E.03046
G1 X131.371 Y100.971 E.0323
G1 X130.471 Y101.871 E.03231
G1 X129.671 Y102.86 E.03228
G1 X128.98 Y103.924 E.03221
G1 X128.402 Y105.057 E.03229
G1 X127.945 Y106.247 E.03237
G1 X127.616 Y107.476 E.03229
G1 X127.418 Y108.73 E.03223
G1 X127.351 Y110 E.03229
G1 X127.418 Y111.27 E.03229
G1 X127.616 Y112.524 E.03223
G1 X127.945 Y113.753 E.0323
G1 X128.402 Y114.943 E.03237
G1 X128.98 Y116.076 E.03229
G1 X129.671 Y117.14 E.03221
G1 X130.471 Y118.129 E.03228
G1 X131.371 Y119.029 E.03231
G1 X132.359 Y119.829 E.0323
G1 X133.366 Y120.483 E.03046
G1 X133.366 Y134.366 E.35244
G1 X105.205 Y134.366 E.71489
G1 X105.692 Y133.098 E.03447
G1 X106.138 Y131.43 E.04383
G1 X106.409 Y129.725 E.04383
G1 X106.499 Y128 E.04385
G1 X106.409 Y126.275 E.04385
G1 X106.138 Y124.57 E.04383
G1 X105.692 Y122.902 E.04383
G1 X105.072 Y121.289 E.04386
G1 X104.288 Y119.75 E.04384
G1 X103.348 Y118.302 E.04383
G1 X102.261 Y116.96 E.04384
G1 X101.04 Y115.739 E.04385
G1 X99.698 Y114.652 E.04383
G1 X96.408 Y112.516 E.09957
G1 X92.385 Y112.516 E.10213
G1 X92.582 Y111.27 E.03201
G1 X92.649 Y110 E.03229
G1 X92.582 Y108.73 E.03229
G1 X92.384 Y107.476 E.03223
G1 X92.055 Y106.247 E.03229
G1 X91.598 Y105.057 E.03237
G1 X91.02 Y103.924 E.03228
G1 X90.329 Y102.86 E.03221
G1 X89.529 Y101.872 E.03228
G1 X88.629 Y100.971 E.03231
G1 X87.641 Y100.171 E.0323
G1 X86.634 Y99.517 E.03046
G1 X86.634 Y85.634 E.35244
G1 X133.366 Y85.634 E1.18632
G1 X133.366 Y99.517 E.35244
G1 X133.044 Y99.343 E.00928
G1 X132.17 Y99.911 E.02646
G1 X131.155 Y100.732 E.03315
G1 X130.232 Y101.656 E.03316
G1 X129.41 Y102.671 E.03313
G1 X128.701 Y103.763 E.03306
G1 X128.108 Y104.926 E.03314
G1 X127.639 Y106.148 E.03322
G1 X127.301 Y107.409 E.03315
G1 X127.098 Y108.696 E.03308
G1 X127.029 Y110 E.03315
G1 X127.098 Y111.304 E.03314
G1 X127.301 Y112.591 E.03308
G1 X127.639 Y113.852 E.03315
G1 X128.108 Y115.074 E.03323
G1 X128.701 Y116.237 E.03314
G1 X129.41 Y117.329 E.03306
G1 X130.232 Y118.344 E.03313
G1 X131.155 Y119.268 E.03316
G1 X132.17 Y120.089 E.03315
G1 X133.044 Y120.657 E.02646
G1 X133.044 Y134.044 E.33985
G1 X105.673 Y134.044 E.69486
G1 X105.998 Y133.197 E.02303
G1 X106.453 Y131.497 E.04469
G1 X106.729 Y129.759 E.04468
G1 X106.821 Y128 E.04471
G1 X106.729 Y126.241 E.04471
G1 X106.453 Y124.503 E.04468
G1 X105.998 Y122.803 E.04469
G1 X105.366 Y121.158 E.04472
G1 X104.567 Y119.589 E.04469
G1 X103.609 Y118.113 E.04468
G1 X102.501 Y116.745 E.0447
G1 X101.255 Y115.499 E.04471
G1 X99.887 Y114.392 E.04469
G1 X96.504 Y112.194 E.10242
G1 X92.761 Y112.194 E.095
G1 X92.902 Y111.304 E.02289
G1 X92.971 Y110 E.03314
G1 X92.902 Y108.696 E.03314
G1 X92.699 Y107.409 E.03308
G1 X92.361 Y106.148 E.03315
G1 X91.892 Y104.926 E.03323
G1 X91.299 Y103.763 E.03314
G1 X90.59 Y102.671 E.03306
G1 X89.768 Y101.656 E.03313
G1 X88.845 Y100.732 E.03316
G1 X87.83 Y99.911 E.03315
G1 X86.956 Y99.343 E.02646
G1 X86.956 Y85.956 E.33985
G1 X133.044 Y85.956 E1.17001
G1 X133.044 Y99.343 E.33985
G1 X132.723 Y99.168 E.00928
G1 X131.981 Y99.65 E.02246
G1 X130.94 Y100.493 E.03401
G1 X129.992 Y101.441 E.03402
G1 X129.15 Y102.481 E.03399
G1 X128.422 Y103.602 E.03392
G1 X127.814 Y104.795 E.034
G1 X127.333 Y106.048 E.03408
G1 X126.986 Y107.342 E.034
G1 X126.778 Y108.662 E.03393
G1 X126.707 Y110 E.034
G1 X126.778 Y111.337 E.034
G1 X126.986 Y112.658 E.03393
G1 X127.333 Y113.952 E.03401
G1 X127.814 Y115.205 E.03408
G1 X128.422 Y116.398 E.034
G1 X129.15 Y117.518 E.03391
G1 X129.992 Y118.559 E.03399
G1 X130.94 Y119.507 E.03402
G1 X131.981 Y120.35 E.03401
G1 X132.723 Y120.832 E.02245
G1 X132.723 Y133.723 E.32726
G1 X106.14 Y133.723 E.67483
G1 X106.304 Y133.297 E.01158
G1 X106.768 Y131.564 E.04554
G1 X107.049 Y129.792 E.04554
G1 X107.143 Y128 E.04556
G1 X107.049 Y126.208 E.04556
G1 X106.768 Y124.436 E.04554
G1 X106.304 Y122.703 E.04554
G1 X105.66 Y121.027 E.04558
G1 X104.846 Y119.429 E.04555
G1 X103.869 Y117.924 E.04554
G1 X102.74 Y116.529 E.04555
G1 X101.471 Y115.26 E.04556
G1 X100.076 Y114.131 E.04554
G1 X96.599 Y111.873 E.10526
G1 X93.138 Y111.873 E.08787
G1 X93.222 Y111.337 E.01376
G1 X93.293 Y110 E.034
G1 X93.222 Y108.663 E.034
G1 X93.014 Y107.342 E.03394
G1 X92.667 Y106.048 E.03401
G1 X92.186 Y104.795 E.03408
G1 X91.578 Y103.602 E.03399
G1 X90.85 Y102.481 E.03391
G1 X90.008 Y101.441 E.03399
G1 X89.06 Y100.493 E.03402
G1 X88.019 Y99.65 E.03401
G1 X87.277 Y99.168 E.02245
G1 X87.277 Y86.277 E.32726
G1 X132.723 Y86.277 E1.15369
G1 X132.723 Y99.168 E.32726
G1 X132.402 Y98.994 E.00928
G1 X131.792 Y99.39 E.01845
G1 X130.725 Y100.254 E.03486
G1 X129.753 Y101.226 E.03488
G1 X128.89 Y102.292 E.03484
G1 X128.144 Y103.441 E.03477
G1 X127.52 Y104.664 E.03485
G1 X127.027 Y105.949 E.03494
G1 X126.672 Y107.275 E.03486
G1 X126.458 Y108.629 E.03479
G1 X126.385 Y110 E.03486
G1 X126.458 Y111.371 E.03485
G1 X126.672 Y112.725 E.03479
G1 X127.027 Y114.051 E.03486
G1 X127.52 Y115.336 E.03494
G1 X128.144 Y116.559 E.03485
G1 X128.89 Y117.708 E.03477
G1 X129.753 Y118.774 E.03484
G1 X130.725 Y119.746 E.03488
G1 X131.792 Y120.61 E.03486
G1 X132.402 Y121.006 E.01845
G1 X132.402 Y133.402 E.31467
G1 X106.608 Y133.402 E.6548
G1 X107.083 Y131.631 E.04654
G1 X107.369 Y129.826 E.04639
G1 X107.464 Y128 E.04642
G1 X107.369 Y126.174 E.04642
G1 X107.083 Y124.369 E.04639
G1 X106.61 Y122.604 E.0464
G1 X105.954 Y120.896 E.04643
G1 X105.125 Y119.268 E.0464
G1 X104.129 Y117.735 E.04639
G1 X102.979 Y116.314 E.04641
G1 X101.686 Y115.021 E.04642
G1 X100.265 Y113.871 E.0464
G1 X96.694 Y111.552 E.1081
G1 X93.514 Y111.552 E.08073
G1 X93.542 Y111.371 E.00464
G1 X93.615 Y110 E.03485
G1 X93.543 Y108.629 E.03486
G1 X93.328 Y107.275 E.03479
G1 X92.973 Y105.949 E.03486
G1 X92.48 Y104.664 E.03494
G1 X91.856 Y103.441 E.03485
G1 X91.11 Y102.292 E.03477
G1 X90.247 Y101.226 E.03484
G1 X89.275 Y100.254 E.03488
G1 X88.208 Y99.39 E.03486
G1 X87.598 Y98.994 E.01845
G1 X87.598 Y86.598 E.31467
G1 X132.402 Y86.598 E1.13737
G1 X132.402 Y98.994 E.31467
G1 X132.08 Y98.819 E.00928
G1 X131.603 Y99.13 E.01445
G1 X130.509 Y100.015 E.03572
G1 X129.514 Y101.01 E.03573
G1 X128.629 Y102.103 E.0357
G1 X127.865 Y103.28 E.03562
G1 X127.226 Y104.533 E.03571
G1 X126.721 Y105.85 E.0358
G1 X126.357 Y107.208 E.03571
G1 X126.137 Y108.595 E.03564
G1 X126.064 Y110 E.03571
G1 X126.137 Y111.405 E.03571
G1 X126.357 Y112.791 E.03564
G1 X126.721 Y114.15 E.03572
G1 X127.226 Y115.467 E.0358
G1 X127.865 Y116.72 E.03571
G1 X128.629 Y117.897 E.03562
G1 X129.514 Y118.99 E.0357
G1 X130.509 Y119.985 E.03573
G1 X131.603 Y120.871 E.03572
G1 X132.08 Y121.181 E.01445
G1 X132.08 Y133.08 E.30209
G1 X107.027 Y133.08 E.63599
G1 X107.398 Y131.698 E.03633
G1 X107.689 Y129.86 E.04725
G1 X107.786 Y128 E.04727
G1 X107.689 Y126.14 E.04727
G1 X107.398 Y124.302 E.04725
G1 X106.916 Y122.504 E.04725
G1 X106.248 Y120.765 E.04729
G1 X105.403 Y119.107 E.04726
G1 X104.39 Y117.546 E.04725
G1 X103.218 Y116.099 E.04727
G1 X101.901 Y114.782 E.04728
G1 X100.455 Y113.611 E.04725
G1 X96.789 Y111.23 E.11095
G1 X93.872 Y111.23 E.07407
G1 X93.936 Y110 E.03127
G1 X93.863 Y108.595 E.03571
G1 X93.643 Y107.209 E.03564
G1 X93.279 Y105.849 E.03572
G1 X92.774 Y104.533 E.0358
G1 X92.135 Y103.28 E.0357
G1 X91.371 Y102.103 E.03562
G1 X90.486 Y101.01 E.0357
G1 X89.491 Y100.015 E.03573
G1 X88.397 Y99.129 E.03572
G1 X87.92 Y98.819 E.01445
G1 X87.92 Y86.92 E.30209
G1 X132.08 Y86.92 E1.12106
G1 X132.08 Y98.819 E.30209
G1 X131.759 Y98.645 E.00928
G1 X131.414 Y98.869 E.01045
G1 X130.294 Y99.776 E.03657
G1 X129.275 Y100.795 E.03659
G1 X128.369 Y101.914 E.03655
G1 X127.586 Y103.119 E.03648
G1 X126.932 Y104.402 E.03656
G1 X126.415 Y105.75 E.03665
G1 X126.042 Y107.142 E.03657
G1 X125.817 Y108.562 E.03649
G1 X125.742 Y110 E.03657
G1 X125.817 Y111.438 E.03656
G1 X126.042 Y112.858 E.03649
G1 X126.415 Y114.25 E.03657
G1 X126.932 Y115.598 E.03666
G1 X127.586 Y116.881 E.03656
G1 X128.369 Y118.086 E.03647
G1 X129.275 Y119.205 E.03655
G1 X130.294 Y120.224 E.03659
G1 X131.414 Y121.131 E.03657
G1 X131.759 Y121.355 E.01045
G1 X131.759 Y132.759 E.2895
G1 X107.446 Y132.759 E.6172
G1 X107.712 Y131.765 E.02613
G1 X108.009 Y129.893 E.0481
G1 X108.108 Y128 E.04813
G1 X108.009 Y126.107 E.04813
G1 X107.712 Y124.235 E.0481
G1 X107.222 Y122.405 E.04811
G1 X106.542 Y120.634 E.04814
G1 X105.682 Y118.946 E.04811
G1 X104.65 Y117.357 E.0481
G1 X103.457 Y115.883 E.04812
G1 X102.117 Y114.543 E.04813
G1 X100.644 Y113.35 E.04811
G1 X96.884 Y110.909 E.11379
G1 X94.21 Y110.909 E.06788
G1 X94.258 Y110 E.0231
G1 X94.183 Y108.562 E.03657
G1 X93.958 Y107.142 E.0365
G1 X93.585 Y105.75 E.03657
G1 X93.068 Y104.402 E.03666
G1 X92.414 Y103.119 E.03656
G1 X91.631 Y101.914 E.03647
G1 X90.725 Y100.795 E.03655
G1 X89.706 Y99.776 E.03659
G1 X88.586 Y98.869 E.03657
G1 X88.241 Y98.645 E.01045
G1 X88.241 Y87.241 E.2895
G1 X131.759 Y87.241 E1.10474
G1 X131.759 Y98.645 E.2895
G1 X131.437 Y98.471 E.00928
G1 X131.224 Y98.609 E.00645
G1 X130.079 Y99.537 E.03743
G1 X129.036 Y100.58 E.03744
G1 X128.109 Y101.725 E.03741
G1 X127.308 Y102.958 E.03733
G1 X126.638 Y104.271 E.03742
G1 X126.109 Y105.651 E.03751
G1 X125.727 Y107.075 E.03742
G1 X125.497 Y108.528 E.03735
G1 X125.42 Y110 E.03742
G1 X125.497 Y111.472 E.03742
G1 X125.727 Y112.925 E.03735
G1 X126.109 Y114.349 E.03743
G1 X126.638 Y115.729 E.03751
G1 X127.308 Y117.042 E.03742
G1 X128.108 Y118.275 E.03732
G1 X129.036 Y119.42 E.03741
G1 X130.079 Y120.463 E.03744
G1 X131.225 Y121.391 E.03743
G1 X131.437 Y121.53 E.00645
G1 X131.437 Y132.437 E.27691
G1 X107.865 Y132.437 E.59841
G1 X108.027 Y131.832 E.01592
G1 X108.329 Y129.927 E.04896
G1 X108.43 Y128 E.04898
G1 X108.329 Y126.073 E.04898
G1 X108.027 Y124.168 E.04896
G1 X107.528 Y122.305 E.04896
G1 X106.836 Y120.503 E.049
G1 X105.961 Y118.785 E.04897
G1 X104.91 Y117.168 E.04896
G1 X103.696 Y115.668 E.04898
G1 X102.332 Y114.304 E.04899
G1 X100.833 Y113.09 E.04896
G1 X96.98 Y110.587 E.11664
G1 X94.549 Y110.587 E.0617
G1 X94.58 Y110 E.01493
G1 X94.503 Y108.528 E.03742
G1 X94.273 Y107.075 E.03735
G1 X93.891 Y105.651 E.03743
G1 X93.362 Y104.271 E.03751
G1 X92.692 Y102.958 E.03741
G1 X91.892 Y101.725 E.03733
G1 X90.964 Y100.58 E.03741
G1 X89.921 Y99.537 E.03744
G1 X88.775 Y98.609 E.03743
G1 X88.563 Y98.47 E.00644
G1 X88.563 Y87.563 E.27691
G1 X131.437 Y87.563 E1.08842
G1 X131.437 Y98.471 E.27691
G1 X131.116 Y98.296 E.00928
G1 X129.863 Y99.297 E.04071
G1 X128.797 Y100.364 E.0383
G1 X127.848 Y101.536 E.03826
G1 X127.029 Y102.797 E.03818
G1 X126.344 Y104.14 E.03827
G1 X125.803 Y105.551 E.03837
G1 X125.413 Y107.008 E.03828
G1 X125.177 Y108.494 E.0382
G1 X125.098 Y110 E.03828
G1 X125.177 Y111.506 E.03827
G1 X125.412 Y112.992 E.0382
G1 X125.803 Y114.449 E.03828
G1 X126.344 Y115.86 E.03837
G1 X127.029 Y117.203 E.03827
G1 X127.848 Y118.464 E.03818
G1 X128.797 Y119.636 E.03827
G1 X129.863 Y120.703 E.0383
G1 X131.116 Y121.704 E.04072
G1 X131.116 Y132.116 E.26432
G1 X108.284 Y132.116 E.57963
G1 X108.342 Y131.898 E.00572
G1 X108.649 Y129.96 E.04981
G1 X108.752 Y128 E.04984
G1 X108.649 Y126.04 E.04984
G1 X108.342 Y124.102 E.04981
G1 X107.834 Y122.206 E.04982
G1 X107.13 Y120.373 E.04985
G1 X106.239 Y118.624 E.04982
G1 X105.171 Y116.978 E.04981
G1 X103.935 Y115.453 E.04983
G1 X102.547 Y114.065 E.04984
G1 X101.022 Y112.83 E.04982
G1 X97.075 Y110.266 E.11948
G1 X94.888 Y110.266 E.05552
G1 X94.902 Y110 E.00676
G1 X94.823 Y108.494 E.03828
G1 X94.587 Y107.008 E.0382
G1 X94.197 Y105.551 E.03828
G1 X93.656 Y104.14 E.03837
G1 X92.971 Y102.797 E.03827
G1 X92.152 Y101.536 E.03818
G1 X91.203 Y100.364 E.03826
G1 X90.137 Y99.297 E.0383
G1 X88.884 Y98.296 E.04072
G1 X88.884 Y87.884 E.26432
G1 X131.116 Y87.884 E1.07211
G1 X131.116 Y98.296 E.26432
G1 X130.795 Y98.13 E.00919
G1 X129.648 Y99.058 E.03746
G1 X128.557 Y100.149 E.03915
G1 X127.588 Y101.347 E.03912
G1 X126.75 Y102.636 E.03903
G1 X126.05 Y104.009 E.03913
G1 X125.496 Y105.452 E.03923
G1 X125.098 Y106.941 E.03914
G1 X124.857 Y108.461 E.03905
G1 X124.776 Y110 E.03913
G1 X124.857 Y111.539 E.03913
G1 X125.098 Y113.059 E.03905
G1 X125.496 Y114.548 E.03914
G1 X126.05 Y115.991 E.03923
G1 X126.75 Y117.364 E.03913
G1 X127.588 Y118.653 E.03903
G1 X128.557 Y119.851 E.03912
G1 X129.648 Y120.942 E.03916
G1 X130.795 Y121.87 E.03746
G1 X130.795 Y131.795 E.25194
G1 X108.684 Y131.795 E.56131
G1 X108.969 Y129.994 E.04628
G1 X109.074 Y128 E.05069
G1 X108.969 Y126.006 E.05069
G1 X108.657 Y124.035 E.05067
G1 X108.14 Y122.106 E.05067
G1 X107.424 Y120.242 E.05071
G1 X106.518 Y118.463 E.05068
G1 X105.431 Y116.789 E.05067
G1 X104.175 Y115.238 E.05069
G1 X102.762 Y113.825 E.0507
G1 X101.211 Y112.569 E.05067
G1 X97.17 Y109.945 E.12232
G1 X95.221 Y109.945 E.04949
G1 X95.143 Y108.461 E.03772
G1 X94.902 Y106.941 E.03906
G1 X94.504 Y105.452 E.03914
G1 X93.95 Y104.009 E.03923
G1 X93.25 Y102.636 E.03912
G1 X92.412 Y101.347 E.03903
G1 X91.443 Y100.149 E.03912
G1 X90.352 Y99.058 E.03916
G1 X89.205 Y98.13 E.03746
G1 X89.205 Y88.205 E.25194
G1 X130.795 Y88.205 E1.05579
G1 X130.795 Y98.13 E.25194
G1 X130.473 Y97.976 E.00904
G1 X129.433 Y98.819 E.03399
G1 X128.318 Y99.934 E.04001
G1 X127.327 Y101.157 E.03997
G1 X126.472 Y102.475 E.03989
G1 X125.756 Y103.878 E.03998
G1 X125.19 Y105.353 E.04008
G1 X124.783 Y106.874 E.03999
G1 X124.537 Y108.427 E.03991
G1 X124.454 Y110 E.03999
G1 X124.537 Y111.573 E.03999
G1 X124.783 Y113.126 E.03991
G1 X125.19 Y114.648 E.04
G1 X125.756 Y116.122 E.04009
G1 X126.472 Y117.525 E.03998
G1 X127.327 Y118.842 E.03988
G1 X128.318 Y120.066 E.03998
G1 X129.433 Y121.181 E.04001
G1 X130.473 Y122.024 E.03399
G1 X130.473 Y131.473 E.23989
G1 X109.06 Y131.473 E.5436
G1 X109.289 Y130.028 E.03715
G1 X109.395 Y128 E.05155
G1 X109.289 Y125.972 E.05155
G1 X108.971 Y123.968 E.05152
G1 X108.446 Y122.007 E.05153
G1 X107.718 Y120.111 E.05157
G1 X106.797 Y118.302 E.05153
G1 X105.691 Y116.6 E.05152
G1 X104.414 Y115.022 E.05154
G1 X102.978 Y113.586 E.05155
G1 X101.4 Y112.309 E.05153
G1 X97.265 Y109.623 E.12517
G1 X95.526 Y109.623 E.04416
G1 X95.463 Y108.427 E.03041
G1 X95.217 Y106.874 E.03991
G1 X94.81 Y105.352 E.03999
G1 X94.244 Y103.878 E.04009
G1 X93.528 Y102.475 E.03998
G1 X92.673 Y101.158 E.03988
G1 X91.682 Y99.934 E.03997
G1 X90.567 Y98.819 E.04001
G1 X89.527 Y97.976 E.03399
G1 X89.527 Y88.527 E.23989
G1 X130.473 Y88.527 E1.03947
G1 X130.473 Y97.976 E.23989
G1 X130.152 Y97.823 E.00904
G1 X129.217 Y98.58 E.03053
G1 X128.079 Y99.718 E.04087
G1 X127.067 Y100.968 E.04083
G1 X126.193 Y102.314 E.04074
G1 X125.462 Y103.747 E.04084
G1 X124.884 Y105.253 E.04094
G1 X124.468 Y106.807 E.04085
G1 X124.217 Y108.393 E.04076
G1 X124.133 Y110 E.04084
G1 X124.217 Y111.607 E.04084
G1 X124.468 Y113.192 E.04076
G1 X124.884 Y114.747 E.04085
G1 X125.462 Y116.253 E.04094
G1 X126.193 Y117.686 E.04084
G1 X127.067 Y119.032 E.04074
G1 X128.079 Y120.282 E.04083
G1 X129.217 Y121.42 E.04087
G1 X130.152 Y122.177 E.03053
G1 X130.152 Y131.152 E.22784
G1 X109.436 Y131.152 E.52589
G1 X109.609 Y130.061 E.02803
G1 X109.717 Y128 E.0524
G1 X109.609 Y125.939 E.0524
G1 X109.286 Y123.901 E.05238
G1 X108.752 Y121.908 E.05238
G1 X108.012 Y119.98 E.05242
G1 X107.075 Y118.141 E.05238
G1 X105.952 Y116.411 E.05238
G1 X104.653 Y114.807 E.0524
G1 X103.193 Y113.347 E.05241
G1 X101.589 Y112.049 E.05238
G1 X97.36 Y109.302 E.12801
G1 X95.831 Y109.302 E.03884
G1 X95.783 Y108.394 E.02309
G1 X95.532 Y106.807 E.04077
G1 X95.116 Y105.253 E.04085
G1 X94.538 Y103.747 E.04095
G1 X93.807 Y102.314 E.04083
G1 X92.933 Y100.968 E.04074
G1 X91.921 Y99.718 E.04083
G1 X90.783 Y98.58 E.04087
G1 X89.848 Y97.823 E.03053
G1 X89.848 Y88.848 E.22784
G1 X130.152 Y88.848 E1.02316
G1 X130.152 Y97.823 E.22784
G1 X129.831 Y97.67 E.00904
G1 X129.002 Y98.341 E.02707
G1 X127.84 Y99.503 E.04172
G1 X126.807 Y100.779 E.04168
G1 X125.914 Y102.153 E.04159
G1 X125.168 Y103.616 E.04169
G1 X124.578 Y105.154 E.0418
G1 X124.153 Y106.741 E.0417
G1 X123.897 Y108.36 E.04162
G1 X123.811 Y110 E.0417
G1 X123.897 Y111.64 E.0417
G1 X124.153 Y113.259 E.04161
G1 X124.578 Y114.846 E.04171
G1 X125.168 Y116.384 E.0418
G1 X125.914 Y117.847 E.04169
G1 X126.807 Y119.221 E.04159
G1 X127.84 Y120.497 E.04169
G1 X129.002 Y121.659 E.04172
G1 X129.831 Y122.33 E.02707
G1 X129.831 Y130.831 E.21579
G1 X109.813 Y130.831 E.50818
G1 X109.929 Y130.095 E.0189
G1 X110.039 Y128 E.05326
G1 X109.929 Y125.905 E.05326
G1 X109.601 Y123.834 E.05323
G1 X109.058 Y121.808 E.05324
G1 X108.306 Y119.849 E.05328
G1 X107.354 Y117.98 E.05324
G1 X106.212 Y116.222 E.05323
G1 X104.892 Y114.592 E.05325
G1 X103.408 Y113.108 E.05326
G1 X101.779 Y111.788 E.05324
G1 X97.456 Y108.981 E.13086
G1 X96.136 Y108.981 E.03351
G1 X96.103 Y108.36 E.01578
G1 X95.847 Y106.741 E.04162
G1 X95.422 Y105.154 E.0417
G1 X94.832 Y103.616 E.0418
G1 X94.086 Y102.153 E.04169
G1 X93.193 Y100.779 E.04159
G1 X92.16 Y99.503 E.04168
G1 X90.998 Y98.341 E.04172
G1 X90.169 Y97.67 E.02707
G1 X90.169 Y89.169 E.21579
G1 X129.831 Y89.169 E1.00684
G1 X129.831 Y97.67 E.21579
G1 X129.509 Y97.517 E.00904
G1 X128.787 Y98.102 E.0236
G1 X127.601 Y99.288 E.04258
G1 X126.546 Y100.59 E.04254
G1 X125.636 Y101.992 E.04245
G1 X124.874 Y103.486 E.04255
G1 X124.272 Y105.054 E.04266
G1 X123.839 Y106.674 E.04256
G1 X123.577 Y108.326 E.04247
G1 X123.489 Y110 E.04256
G1 X123.577 Y111.674 E.04255
G1 X123.839 Y113.326 E.04247
G1 X124.272 Y114.946 E.04256
G1 X124.874 Y116.515 E.04266
G1 X125.636 Y118.008 E.04255
G1 X126.546 Y119.41 E.04244
G1 X127.601 Y120.712 E.04254
G1 X128.787 Y121.898 E.04258
G1 X129.509 Y122.483 E.0236
G1 X129.509 Y130.509 E.20374
G1 X110.189 Y130.509 E.49047
G1 X110.249 Y130.129 E.00978
G1 X110.361 Y128 E.05411
G1 X110.249 Y125.871 E.05411
G1 X109.916 Y123.767 E.05408
G1 X109.365 Y121.709 E.05409
G1 X108.6 Y119.718 E.05413
G1 X107.633 Y117.819 E.05409
G1 X106.473 Y116.033 E.05408
G1 X105.131 Y114.376 E.05411
G1 X103.624 Y112.869 E.05412
G1 X101.968 Y111.528 E.05409
G1 X97.551 Y108.659 E.1337
G1 X96.44 Y108.659 E.02819
G1 X96.423 Y108.326 E.00846
G1 X96.161 Y106.674 E.04247
G1 X95.728 Y105.054 E.04256
G1 X95.126 Y103.485 E.04266
G1 X94.364 Y101.992 E.04254
G1 X93.454 Y100.59 E.04244
G1 X92.399 Y99.288 E.04254
G1 X91.213 Y98.102 E.04258
G1 X90.491 Y97.517 E.0236
G1 X90.491 Y89.491 E.20374
G1 X129.509 Y89.491 E.99052
G1 X129.509 Y97.517 E.20374
G1 X129.188 Y97.363 E.00904
G1 X128.571 Y97.862 E.02014
G1 X127.362 Y99.072 E.04343
G1 X126.286 Y100.401 E.04339
G1 X125.357 Y101.831 E.0433
G1 X124.58 Y103.355 E.0434
G1 X123.966 Y104.955 E.04352
G1 X123.524 Y106.607 E.04341
G1 X123.257 Y108.292 E.04332
G1 X123.167 Y110 E.04341
G1 X123.257 Y111.708 E.04341
G1 X123.524 Y113.393 E.04332
G1 X123.966 Y115.045 E.04342
G1 X124.58 Y116.646 E.04352
G1 X125.357 Y118.169 E.0434
G1 X126.286 Y119.599 E.04329
G1 X127.361 Y120.928 E.0434
G1 X128.571 Y122.138 E.04344
G1 X129.188 Y122.637 E.02014
G1 X129.188 Y130.188 E.19169
G1 X110.565 Y130.188 E.47275
G1 X110.683 Y128 E.05562
G1 X110.569 Y125.838 E.05497
G1 X110.231 Y123.7 E.05494
G1 X109.671 Y121.609 E.05495
G1 X108.894 Y119.587 E.05499
G1 X107.912 Y117.659 E.05495
G1 X106.733 Y115.844 E.05494
G1 X105.37 Y114.161 E.05496
G1 X103.839 Y112.63 E.05498
G1 X102.157 Y111.267 E.05495
G1 X97.646 Y108.338 E.13654
G1 X96.745 Y108.338 E.02287
G1 X96.476 Y106.607 E.04447
G1 X96.034 Y104.955 E.04342
G1 X95.42 Y103.354 E.04352
G1 X94.643 Y101.831 E.0434
G1 X93.714 Y100.401 E.0433
G1 X92.639 Y99.072 E.04339
G1 X91.429 Y97.863 E.04344
G1 X90.812 Y97.363 E.02014
G1 X90.812 Y89.812 E.19169
G1 X129.188 Y89.812 E.97421
G1 X129.188 Y97.363 E.19169
G1 X128.866 Y97.21 E.00904
G1 X128.356 Y97.623 E.01668
G1 X127.122 Y98.857 E.04429
G1 X126.026 Y100.212 E.04425
G1 X125.078 Y101.671 E.04415
G1 X124.286 Y103.224 E.04426
G1 X123.66 Y104.856 E.04437
G1 X123.209 Y106.54 E.04427
G1 X122.937 Y108.259 E.04418
G1 X122.845 Y110 E.04427
G1 X122.937 Y111.741 E.04426
G1 X123.209 Y113.46 E.04417
G1 X123.66 Y115.145 E.04427
G1 X124.286 Y116.776 E.04438
G1 X125.078 Y118.33 E.04426
G1 X126.025 Y119.788 E.04415
G1 X127.122 Y121.143 E.04425
G1 X128.356 Y122.377 E.04429
G1 X128.866 Y122.79 E.01668
G1 X128.866 Y129.866 E.17964
G1 X110.907 Y129.866 E.45593
G1 X111.004 Y128 E.04745
G1 X110.889 Y125.804 E.05583
G1 X110.545 Y123.633 E.05579
G1 X109.977 Y121.51 E.0558
G1 X109.188 Y119.456 E.05584
G1 X108.19 Y117.498 E.0558
G1 X106.993 Y115.654 E.05579
G1 X105.61 Y113.946 E.05582
G1 X104.054 Y112.39 E.05583
G1 X102.346 Y111.007 E.0558
G1 X97.741 Y108.016 E.13939
G1 X97.025 Y108.016 E.01819
G1 X96.791 Y106.54 E.03795
G1 X96.34 Y104.855 E.04427
G1 X95.714 Y103.223 E.04438
G1 X94.922 Y101.671 E.04426
G1 X93.974 Y100.212 E.04415
G1 X92.878 Y98.857 E.04425
G1 X91.644 Y97.623 E.04429
G1 X91.134 Y97.21 E.01668
G1 X91.134 Y90.134 E.17964
G1 X128.866 Y90.134 E.95789
G1 X128.866 Y97.21 E.17964
G1 X128.545 Y97.057 E.00904
G1 X128.141 Y97.384 E.01321
G1 X126.883 Y98.642 E.04515
G1 X125.765 Y100.023 E.04511
G1 X124.8 Y101.51 E.04501
G1 X123.992 Y103.093 E.04512
G1 X123.354 Y104.756 E.04523
G1 X122.894 Y106.473 E.04512
G1 X122.617 Y108.225 E.04503
G1 X122.524 Y110 E.04512
G1 X122.617 Y111.775 E.04512
G1 X122.894 Y113.527 E.04503
G1 X123.354 Y115.244 E.04513
G1 X123.992 Y116.907 E.04523
G1 X124.8 Y118.491 E.04511
G1 X125.765 Y119.977 E.045
G1 X126.883 Y121.358 E.04511
G1 X128.141 Y122.616 E.04515
G1 X128.545 Y122.943 E.01321
G1 X128.545 Y129.545 E.16759
G1 X111.245 Y129.545 E.43918
G1 X111.326 Y128 E.03928
G1 X111.209 Y125.77 E.05668
G1 X110.86 Y123.566 E.05665
G1 X110.283 Y121.41 E.05666
G1 X109.482 Y119.325 E.0567
G1 X108.469 Y117.337 E.05666
G1 X107.254 Y115.465 E.05665
G1 X105.849 Y113.73 E.05667
G1 X104.27 Y112.151 E.05669
G1 X102.535 Y110.747 E.05666
G1 X97.836 Y107.695 E.14223
G1 X97.299 Y107.695 E.01364
G1 X97.106 Y106.473 E.03141
G1 X96.646 Y104.756 E.04513
G1 X96.008 Y103.093 E.04523
G1 X95.2 Y101.51 E.04511
G1 X94.235 Y100.023 E.045
G1 X93.117 Y98.642 E.0451
G1 X91.859 Y97.384 E.04515
G1 X91.455 Y97.057 E.01321
G1 X91.455 Y90.455 E.16759
G1 X128.545 Y90.455 E.94157
G1 X128.545 Y97.057 E.16759
G1 X128.224 Y96.903 E.00904
G1 X127.925 Y97.145 E.00975
G1 X126.644 Y98.426 E.046
G1 X125.505 Y99.834 E.04596
G1 X124.521 Y101.349 E.04586
G1 X123.698 Y102.962 E.04597
G1 X123.048 Y104.657 E.04609
G1 X122.579 Y106.406 E.04598
G1 X122.297 Y108.191 E.04588
G1 X122.202 Y110 E.04598
G1 X122.297 Y111.808 E.04597
G1 X122.579 Y113.594 E.04588
G1 X123.048 Y115.343 E.04598
G1 X123.698 Y117.038 E.04609
G1 X124.521 Y118.651 E.04597
G1 X125.505 Y120.166 E.04585
G1 X126.644 Y121.573 E.04596
G1 X127.925 Y122.855 E.046
G1 X128.224 Y123.097 E.00975
G1 X128.224 Y129.224 E.15554
G1 X111.584 Y129.224 E.42242
G1 X111.648 Y128 E.03111
G1 X111.529 Y125.737 E.05754
G1 X111.175 Y123.499 E.0575
G1 X110.589 Y121.311 E.05751
G1 X109.776 Y119.194 E.05756
G1 X108.748 Y117.176 E.05751
G1 X107.514 Y115.276 E.0575
G1 X106.088 Y113.515 E.05753
G1 X104.485 Y111.912 E.05754
G1 X102.724 Y110.486 E.05751
G1 X97.932 Y107.374 E.14508
G1 X97.574 Y107.374 E.00909
G1 X97.421 Y106.406 E.02486
G1 X96.952 Y104.657 E.04598
G1 X96.302 Y102.962 E.04609
G1 X95.479 Y101.349 E.04597
G1 X94.495 Y99.834 E.04585
G1 X93.356 Y98.427 E.04596
G1 X92.075 Y97.145 E.046
G1 X91.776 Y96.903 E.00975
G1 X91.776 Y90.776 E.15554
G1 X128.224 Y90.776 E.92526
G1 X128.224 Y96.903 E.15554
G1 X127.902 Y96.75 E.00904
G1 X127.71 Y96.906 E.00629
G1 X126.405 Y98.211 E.04686
G1 X125.244 Y99.644 E.04682
G1 X124.242 Y101.188 E.04671
G1 X123.404 Y102.831 E.04683
G1 X122.742 Y104.557 E.04695
G1 X122.265 Y106.339 E.04683
G1 X121.977 Y108.158 E.04674
G1 X121.88 Y110 E.04683
G1 X121.977 Y111.842 E.04683
G1 X122.265 Y113.66 E.04673
G1 X122.742 Y115.443 E.04684
G1 X123.404 Y117.169 E.04695
G1 X124.242 Y118.812 E.04682
G1 X125.244 Y120.355 E.0467
G1 X126.405 Y121.789 E.04682
G1 X127.71 Y123.094 E.04686
G1 X127.902 Y123.25 E.00629
G1 X127.902 Y128.902 E.14349
G1 X111.923 Y128.902 E.40566
G1 X111.97 Y128 E.02294
G1 X111.849 Y125.703 E.05839
G1 X111.49 Y123.432 E.05836
G1 X110.895 Y121.212 E.05837
G1 X110.07 Y119.064 E.05841
G1 X109.026 Y117.015 E.05837
G1 X107.774 Y115.087 E.05836
G1 X106.327 Y113.3 E.05838
G1 X104.7 Y111.673 E.0584
G1 X102.914 Y110.226 E.05837
G1 X98.027 Y107.052 E.14792
G1 X97.848 Y107.052 E.00454
G1 X97.735 Y106.339 E.01832
G1 X97.258 Y104.557 E.04684
G1 X96.596 Y102.831 E.04695
G1 X95.758 Y101.188 E.04682
G1 X94.756 Y99.645 E.04671
G1 X93.595 Y98.211 E.04681
G1 X92.29 Y96.906 E.04686
G1 X92.098 Y96.75 E.00629
G1 X92.098 Y91.098 E.14349
G1 X127.902 Y91.098 E.90894
G1 X127.902 Y96.75 E.14349
G1 X127.581 Y96.597 E.00904
G1 X127.495 Y96.667 E.00282
G1 X126.166 Y97.996 E.04771
G1 X124.984 Y99.455 E.04767
G1 X123.964 Y101.027 E.04756
G1 X123.11 Y102.7 E.04768
G1 X122.436 Y104.458 E.0478
G1 X121.95 Y106.273 E.04769
G1 X121.657 Y108.124 E.04759
G1 X121.558 Y110 E.04769
G1 X121.657 Y111.876 E.04768
G1 X121.95 Y113.727 E.04759
G1 X122.436 Y115.542 E.0477
G1 X123.11 Y117.3 E.04781
G1 X123.964 Y118.973 E.04768
G1 X124.984 Y120.545 E.04756
G1 X126.166 Y122.004 E.04767
G1 X127.581 Y123.403 E.05052
G1 X127.581 Y128.581 E.13144
G1 X112.261 Y128.581 E.38891
G1 X112.292 Y128 E.01477
G1 X112.17 Y125.669 E.05925
G1 X111.805 Y123.366 E.05921
G1 X111.201 Y121.112 E.05922
G1 X110.364 Y118.933 E.05927
G1 X109.305 Y116.854 E.05922
G1 X108.035 Y114.898 E.05921
G1 X106.566 Y113.084 E.05924
G1 X104.916 Y111.434 E.05925
G1 X103.103 Y109.966 E.05922
G1 X98.123 Y106.731 E.15074
G1 X98.05 Y106.273 E.01179
G1 X97.564 Y104.458 E.04769
G1 X96.89 Y102.7 E.04781
G1 X96.036 Y101.027 E.04768
G1 X95.016 Y99.455 E.04756
G1 X93.834 Y97.996 E.04767
G1 X92.419 Y96.597 E.05052
G1 X92.419 Y91.419 E.13144
G1 X127.581 Y91.419 E.89262
G1 X127.581 Y96.597 E.13144
G1 X127.26 Y96.447 E.009
G1 X125.927 Y97.781 E.04786
G1 X124.724 Y99.266 E.04853
G1 X123.685 Y100.866 E.04842
G1 X122.816 Y102.569 E.04854
G1 X122.13 Y104.358 E.04866
G1 X121.635 Y106.206 E.04854
G1 X121.337 Y108.09 E.04844
G1 X121.236 Y110 E.04854
G1 X121.337 Y111.909 E.04854
G1 X121.635 Y113.794 E.04844
G1 X122.13 Y115.642 E.04855
G1 X122.816 Y117.431 E.04866
G1 X123.685 Y119.134 E.04853
G1 X124.724 Y120.734 E.04841
G1 X125.926 Y122.219 E.04853
G1 X127.26 Y123.553 E.04787
G1 X127.26 Y128.26 E.11949
G1 X112.6 Y128.26 E.37215
G1 X112.613 Y128 E.0066
G1 X112.49 Y125.636 E.0601
G1 X112.119 Y123.299 E.06007
G1 X111.507 Y121.013 E.06008
G1 X110.658 Y118.802 E.06012
G1 X109.584 Y116.693 E.06008
G1 X108.295 Y114.709 E.06007
G1 X106.805 Y112.869 E.06009
G1 X105.131 Y111.195 E.06011
G1 X103.292 Y109.705 E.06008
G1 X98.418 Y106.54 E.14754
G1 X98.365 Y106.206 E.00859
G1 X97.87 Y104.358 E.04855
G1 X97.184 Y102.569 E.04866
G1 X96.315 Y100.866 E.04853
G1 X95.276 Y99.266 E.04841
G1 X94.074 Y97.781 E.04852
G1 X92.74 Y96.447 E.04787
G1 X92.74 Y91.74 E.11949
G1 X127.26 Y91.74 E.87631
G1 X127.26 Y96.447 E.11949
G1 X126.938 Y96.314 E.00883
G1 X125.687 Y97.565 E.04491
G1 X124.463 Y99.077 E.04938
G1 X123.406 Y100.705 E.04927
G1 X122.522 Y102.438 E.04939
G1 X121.824 Y104.259 E.04952
G1 X121.32 Y106.139 E.0494
G1 X121.017 Y108.057 E.0493
G1 X120.914 Y110 E.0494
G1 X121.017 Y111.943 E.04939
G1 X121.32 Y113.861 E.04929
G1 X121.824 Y115.741 E.04941
G1 X122.522 Y117.562 E.04952
G1 X123.406 Y119.295 E.04939
G1 X124.463 Y120.923 E.04926
G1 X125.687 Y122.435 E.04938
G1 X126.938 Y123.686 E.04492
G1 X126.938 Y127.938 E.10795
G1 X112.932 Y127.938 E.35556
G1 X112.81 Y125.602 E.05939
G1 X112.434 Y123.232 E.06092
G1 X111.813 Y120.913 E.06093
G1 X110.952 Y118.671 E.06098
G1 X109.862 Y116.532 E.06093
G1 X108.555 Y114.519 E.06092
G1 X107.045 Y112.654 E.06095
G1 X105.346 Y110.955 E.06096
G1 X103.481 Y109.445 E.06093
G1 X98.713 Y106.348 E.14433
G1 X98.68 Y106.139 E.00538
G1 X98.176 Y104.259 E.0494
G1 X97.477 Y102.438 E.04952
G1 X96.594 Y100.705 E.04939
G1 X95.537 Y99.077 E.04927
G1 X94.313 Y97.565 E.04938
G1 X93.062 Y96.314 E.04492
G1 X93.062 Y92.062 E.10795
G1 X126.938 Y92.062 E.85999
G1 X126.938 Y96.314 E.10795
G1 X126.617 Y96.181 E.00883
G1 X125.448 Y97.35 E.04196
G1 X124.203 Y98.888 E.05024
G1 X123.128 Y100.544 E.05012
G1 X122.228 Y102.307 E.05025
G1 X121.517 Y104.16 E.05038
G1 X121.005 Y106.072 E.05026
G1 X120.697 Y108.023 E.05015
G1 X120.593 Y110 E.05025
G1 X120.697 Y111.977 E.05025
G1 X121.005 Y113.928 E.05015
G1 X121.517 Y115.84 E.05026
G1 X122.228 Y117.693 E.05038
G1 X123.128 Y119.456 E.05025
G1 X124.203 Y121.112 E.05012
G1 X125.448 Y122.65 E.05024
G1 X126.617 Y123.819 E.04197
G1 X126.617 Y127.617 E.09641
G1 X113.237 Y127.617 E.33966
G1 X113.13 Y125.568 E.05207
G1 X112.749 Y123.165 E.06178
G1 X112.119 Y120.814 E.06179
G1 X111.246 Y118.54 E.06183
G1 X110.141 Y116.371 E.06179
G1 X108.816 Y114.33 E.06178
G1 X107.284 Y112.438 E.06181
G1 X105.562 Y110.716 E.06182
G1 X103.67 Y109.185 E.06179
G1 X99.008 Y106.157 E.14113
G1 X98.483 Y104.16 E.05242
G1 X97.771 Y102.307 E.05038
G1 X96.872 Y100.544 E.05024
G1 X95.797 Y98.888 E.05012
G1 X94.552 Y97.35 E.05023
G1 X93.383 Y96.181 E.04197
G1 X93.383 Y92.383 E.09641
G1 X126.617 Y92.383 E.84367
G1 X126.617 Y96.181 E.09641
G1 X126.296 Y96.048 E.00883
G1 X125.209 Y97.135 E.03901
G1 X123.943 Y98.699 E.05109
G1 X122.849 Y100.383 E.05098
G1 X121.934 Y102.176 E.0511
G1 X121.211 Y104.06 E.05123
G1 X120.691 Y106.005 E.05111
G1 X120.377 Y107.99 E.051
G1 X120.271 Y110 E.05111
G1 X120.377 Y112.01 E.0511
G1 X120.691 Y113.995 E.051
G1 X121.211 Y115.94 E.05112
G1 X121.935 Y117.824 E.05124
G1 X122.849 Y119.617 E.0511
G1 X123.943 Y121.301 E.05097
G1 X125.209 Y122.865 E.05109
G1 X126.296 Y123.952 E.03901
G1 X126.296 Y127.296 E.08488
G1 X113.542 Y127.296 E.32376
G1 X113.45 Y125.535 E.04476
G1 X113.064 Y123.098 E.06263
G1 X112.425 Y120.714 E.06264
G1 X111.54 Y118.409 E.06269
G1 X110.42 Y116.21 E.06264
G1 X109.076 Y114.141 E.06263
G1 X107.523 Y112.223 E.06266
G1 X105.777 Y110.477 E.06267
G1 X103.859 Y108.924 E.06264
G1 X99.298 Y105.962 E.13808
G1 X98.789 Y104.06 E.04997
G1 X98.065 Y102.176 E.05124
G1 X97.151 Y100.383 E.0511
G1 X96.057 Y98.699 E.05097
G1 X94.791 Y97.135 E.05109
G1 X93.704 Y96.048 E.03901
G1 X93.704 Y92.704 E.08488
G1 X126.296 Y92.704 E.82736
G1 X126.296 Y96.048 E.08488
G1 X125.974 Y95.915 E.00883
G1 X124.97 Y96.919 E.03606
G1 X123.682 Y98.51 E.05195
G1 X122.57 Y100.222 E.05183
G1 X121.64 Y102.045 E.05196
G1 X120.905 Y103.961 E.05209
G1 X120.376 Y105.938 E.05197
G1 X120.057 Y107.956 E.05186
G1 X119.949 Y110 E.05196
G1 X120.057 Y112.044 E.05196
G1 X120.376 Y114.061 E.05185
G1 X120.905 Y116.039 E.05197
G1 X121.641 Y117.955 E.05209
G1 X122.57 Y119.778 E.05196
G1 X123.682 Y121.49 E.05182
G1 X124.97 Y123.081 E.05195
G1 X125.974 Y124.085 E.03606
G1 X125.974 Y126.974 E.07334
G1 X113.847 Y126.974 E.30786
G1 X113.77 Y125.501 E.03745
G1 X113.378 Y123.031 E.06349
G1 X112.731 Y120.615 E.0635
G1 X111.834 Y118.278 E.06355
G1 X110.698 Y116.049 E.0635
G1 X109.336 Y113.952 E.06349
G1 X107.762 Y112.008 E.06352
G1 X105.992 Y110.238 E.06353
G1 X104.048 Y108.664 E.0635
G1 X99.576 Y105.759 E.13538
G1 X99.095 Y103.961 E.04727
G1 X98.359 Y102.045 E.0521
G1 X97.43 Y100.222 E.05195
G1 X96.318 Y98.51 E.05182
G1 X95.03 Y96.919 E.05194
G1 X94.026 Y95.915 E.03606
G1 X94.026 Y93.026 E.07334
G1 X125.974 Y93.026 E.81104
G1 X125.974 Y95.915 E.07334
G1 X125.653 Y95.782 E.00883
G1 X124.731 Y96.704 E.03311
G1 X123.422 Y98.32 E.0528
G1 X122.292 Y100.061 E.05268
G1 X121.347 Y101.914 E.05281
G1 X120.599 Y103.861 E.05295
G1 X120.061 Y105.871 E.05282
G1 X119.737 Y107.922 E.05271
G1 X119.627 Y110 E.05282
G1 X119.737 Y112.078 E.05281
G1 X120.061 Y114.128 E.05271
G1 X120.599 Y116.139 E.05283
G1 X121.347 Y118.086 E.05295
G1 X122.292 Y119.939 E.05281
G1 X123.422 Y121.679 E.05267
G1 X124.731 Y123.296 E.0528
G1 X125.653 Y124.218 E.03311
G1 X125.653 Y126.653 E.0618
G1 X114.152 Y126.653 E.29196
G1 X114.09 Y125.467 E.03013
G1 X113.693 Y122.964 E.06434
G1 X113.037 Y120.516 E.06435
G1 X112.128 Y118.147 E.0644
G1 X110.977 Y115.889 E.06435
G1 X109.597 Y113.763 E.06434
G1 X108.001 Y111.792 E.06437
G1 X106.208 Y109.999 E.06439
G1 X104.238 Y108.404 E.06435
G1 X99.855 Y105.557 E.13267
G1 X99.401 Y103.861 E.04456
G1 X98.653 Y101.914 E.05295
G1 X97.708 Y100.061 E.05281
G1 X96.578 Y98.321 E.05268
G1 X95.269 Y96.704 E.0528
G1 X94.347 Y95.782 E.03311
G1 X94.347 Y93.347 E.0618
G1 X125.653 Y93.347 E.79472
G1 X125.653 Y95.782 E.0618
G1 X125.331 Y95.649 E.00883
G1 X124.491 Y96.489 E.03016
G1 X123.162 Y98.131 E.05366
G1 X122.013 Y99.9 E.05353
G1 X121.053 Y101.783 E.05367
G1 X120.293 Y103.762 E.05381
G1 X119.746 Y105.805 E.05368
G1 X119.417 Y107.889 E.05356
G1 X119.305 Y110 E.05368
G1 X119.417 Y112.111 E.05367
G1 X119.746 Y114.195 E.05356
G1 X120.293 Y116.238 E.05368
G1 X121.053 Y118.217 E.05381
G1 X122.013 Y120.1 E.05367
G1 X123.161 Y121.869 E.05353
G1 X124.491 Y123.511 E.05366
G1 X125.331 Y124.351 E.03016
G1 X125.331 Y126.331 E.05026
G1 X114.457 Y126.331 E.27606
G1 X114.41 Y125.434 E.02282
G1 X114.008 Y122.897 E.0652
G1 X113.343 Y120.416 E.06521
G1 X112.422 Y118.016 E.06526
G1 X111.256 Y115.728 E.06521
G1 X109.857 Y113.574 E.0652
G1 X108.24 Y111.577 E.06523
G1 X106.423 Y109.76 E.06524
G1 X104.427 Y108.143 E.06521
G1 X100.133 Y105.355 E.12996
G1 X99.707 Y103.762 E.04186
G1 X98.947 Y101.783 E.05381
G1 X97.987 Y99.9 E.05366
G1 X96.839 Y98.131 E.05353
G1 X95.509 Y96.489 E.05366
G1 X94.669 Y95.649 E.03016
G1 X94.669 Y93.669 E.05026
G1 X125.331 Y93.669 E.77841
G1 X125.331 Y95.649 E.05026
G1 X125.01 Y95.515 E.00883
G1 X124.252 Y96.273 E.02721
G1 X122.901 Y97.942 E.05451
G1 X121.734 Y99.739 E.05439
G1 X120.759 Y101.652 E.05452
G1 X119.987 Y103.663 E.05466
G1 X119.431 Y105.738 E.05453
G1 X119.096 Y107.855 E.05442
G1 X118.984 Y110 E.05453
G1 X119.096 Y112.145 E.05453
G1 X119.431 Y114.262 E.05441
G1 X119.987 Y116.337 E.05454
G1 X120.759 Y118.348 E.05467
G1 X121.734 Y120.261 E.05452
G1 X122.901 Y122.058 E.05438
G1 X124.252 Y123.727 E.05451
G1 X125.01 Y124.485 E.02721
G1 X125.01 Y126.01 E.03873
G1 X114.762 Y126.01 E.26016
G1 X114.73 Y125.4 E.0155
G1 X114.323 Y122.83 E.06605
G1 X113.649 Y120.317 E.06606
G1 X112.716 Y117.885 E.06611
G1 X111.535 Y115.567 E.06606
G1 X110.118 Y113.385 E.06605
G1 X108.479 Y111.362 E.06608
G1 X106.638 Y109.521 E.0661
G1 X104.616 Y107.883 E.06606
G1 X100.412 Y105.152 E.12726
G1 X100.013 Y103.663 E.03915
G1 X99.241 Y101.652 E.05467
G1 X98.266 Y99.739 E.05452
G1 X97.099 Y97.942 E.05438
G1 X95.748 Y96.273 E.05451
G1 X94.99 Y95.515 E.02721
G1 X94.99 Y93.99 E.03873
G1 X125.01 Y93.99 E.76209
G1 X125.01 Y95.515 E.03873
G1 X124.689 Y95.382 E.00883
G1 X124.013 Y96.058 E.02425
G1 X122.641 Y97.753 E.05537
G1 X121.456 Y99.578 E.05524
G1 X120.465 Y101.521 E.05538
G1 X119.681 Y103.563 E.05552
G1 X119.117 Y105.671 E.05539
G1 X118.776 Y107.821 E.05527
G1 X118.662 Y110 E.05539
G1 X118.776 Y112.179 E.05538
G1 X119.117 Y114.329 E.05527
G1 X119.681 Y116.437 E.0554
G1 X120.465 Y118.479 E.05553
G1 X121.456 Y120.422 E.05538
G1 X122.641 Y122.247 E.05523
G1 X124.013 Y123.942 E.05537
G1 X124.689 Y124.618 E.02426
G1 X124.689 Y125.689 E.02719
G1 X115.067 Y125.689 E.24426
G1 X115.05 Y125.367 E.00819
G1 X114.638 Y122.763 E.06691
G1 X113.956 Y120.217 E.06692
G1 X113.01 Y117.754 E.06697
G1 X111.813 Y115.406 E.06692
G1 X110.378 Y113.195 E.06691
G1 X108.719 Y111.146 E.06694
G1 X106.854 Y109.281 E.06695
G1 X104.805 Y107.623 E.06692
G1 X100.69 Y104.95 E.12455
G1 X100.319 Y103.563 E.03645
G1 X99.535 Y101.521 E.05553
G1 X98.544 Y99.578 E.05537
G1 X97.359 Y97.753 E.05524
G1 X95.987 Y96.058 E.05537
G1 X95.311 Y95.382 E.02426
G1 X95.311 Y94.311 E.02719
G1 X124.689 Y94.311 E.74577
G1 X124.689 Y95.382 E.02719
G1 X124.367 Y95.249 E.00883
G1 X123.774 Y95.843 E.0213
G1 X122.38 Y97.564 E.05622
G1 X121.177 Y99.417 E.05609
G1 X120.171 Y101.39 E.05623
G1 X119.375 Y103.464 E.05638
G1 X118.802 Y105.604 E.05624
G1 X118.456 Y107.788 E.05612
G1 X118.34 Y110 E.05624
G1 X118.456 Y112.212 E.05624
G1 X118.802 Y114.396 E.05612
G1 X119.375 Y116.536 E.05625
G1 X120.171 Y118.61 E.05638
G1 X121.177 Y120.583 E.05623
G1 X122.38 Y122.436 E.05609
G1 X123.774 Y124.157 E.05622
G1 X124.367 Y124.751 E.02131
G1 X124.367 Y125.367 E.01565
G1 X115.372 Y125.367 E.22836
G1 X114.952 Y122.697 E.06863
G1 X114.262 Y120.118 E.06777
G1 X113.304 Y117.624 E.06782
G1 X112.092 Y115.245 E.06777
G1 X110.638 Y113.006 E.06776
G1 X108.958 Y110.931 E.06779
G1 X107.069 Y109.042 E.06781
G1 X104.994 Y107.362 E.06777
G1 X100.969 Y104.748 E.12185
G1 X100.625 Y103.464 E.03374
G1 X99.829 Y101.39 E.05638
G1 X98.823 Y99.417 E.05623
G1 X97.62 Y97.564 E.05609
G1 X96.226 Y95.843 E.05622
G1 X95.633 Y95.249 E.02131
G1 X95.633 Y94.633 E.01565
G1 X124.367 Y94.633 E.72946
G1 X124.367 Y95.249 E.01565
G1 X124.046 Y95.116 E.00883
G1 X123.535 Y95.627 E.01835
G1 X122.12 Y97.375 E.05708
G1 X120.898 Y99.256 E.05695
G1 X119.877 Y101.259 E.05709
G1 X119.069 Y103.364 E.05724
G1 X118.487 Y105.537 E.0571
G1 X118.136 Y107.754 E.05698
G1 X118.018 Y110 E.0571
G1 X118.136 Y112.246 E.05709
G1 X118.487 Y114.463 E.05697
G1 X119.069 Y116.636 E.05711
G1 X119.877 Y118.741 E.05724
G1 X120.898 Y120.744 E.05709
G1 X122.12 Y122.625 E.05694
G1 X123.535 Y124.372 E.05708
G1 X124.046 Y124.884 E.01836
G1 X124.046 Y125.046 E.00411
G1 X115.65 Y125.046 E.21314
G1 X115.267 Y122.63 E.0621
G1 X114.568 Y120.018 E.06863
G1 X113.598 Y117.493 E.06868
G1 X112.371 Y115.084 E.06863
G1 X110.899 Y112.817 E.06861
G1 X109.197 Y110.716 E.06865
G1 X107.284 Y108.803 E.06866
G1 X105.183 Y107.102 E.06863
G1 X101.247 Y104.546 E.11914
G1 X100.931 Y103.364 E.03104
G1 X100.123 Y101.259 E.05724
G1 X99.102 Y99.256 E.05708
G1 X97.88 Y97.375 E.05694
G1 X96.465 Y95.628 E.05708
G1 X95.954 Y95.116 E.01836
G1 X95.954 Y94.954 E.00411
G1 X124.046 Y94.954 E.71314
G1 X124.046 Y95.116 E.00411
M204 T500
G1 X123.296 Y95.412 F18000
G1 F1500
G1 X121.86 Y97.186 E.05793
G1 X120.62 Y99.095 E.0578
G1 X119.583 Y101.129 E.05794
G1 X118.763 Y103.265 E.05809
G1 X118.172 Y105.47 E.05795
G1 X117.816 Y107.72 E.05783
G1 X117.696 Y110 E.05795
G1 X117.816 Y112.279 E.05795
G1 X118.172 Y114.529 E.05783
G1 X118.763 Y116.735 E.05796
G1 X119.583 Y118.872 E.0581
G1 X120.62 Y120.905 E.05794
G1 X121.86 Y122.814 E.05779
G1 X123.295 Y124.588 E.05793
G1 X123.432 Y124.725 E.00491
G1 X115.924 Y124.725 E.19059
G1 X115.582 Y122.563 E.05556
G1 X114.874 Y119.919 E.06948
G1 X113.892 Y117.362 E.06954
G1 X112.649 Y114.923 E.06948
G1 X111.159 Y112.628 E.06947
G1 X109.436 Y110.5 E.0695
G1 X107.5 Y108.564 E.06952
G1 X105.373 Y106.841 E.06948
G1 X101.526 Y104.343 E.11644
G1 X101.237 Y103.265 E.02834
G1 X100.417 Y101.128 E.0581
G1 X99.38 Y99.095 E.05794
G1 X98.14 Y97.186 E.0578
G1 X96.705 Y95.412 E.05793
G1 X96.568 Y95.275 E.00491
G1 X123.432 Y95.275 E.68198
G1 X123.296 Y95.412 E.0049
M204 T2000
G1 E-1.75 F6000
;WIPE_START
G1 F1500
G1 X123.432 Y95.275 E-.1449
G1 X122.625 Y95.275 E-.6051
;WIPE_END
G17
G3 Z11.44 I-.523 J-.312 P1  F18000
G1 X121.599 Y96.997 Z11.44
G1 Z11.24
G1 E2.5 F6000
G1 F1500
G1 X120.341 Y98.934 E.05865
G1 X119.289 Y100.998 E.0588
G1 X118.457 Y103.166 E.05895
G1 X117.858 Y105.403 E.05881
G1 X117.496 Y107.687 E.05868
G1 X117.375 Y110 E.05881
G1 X117.496 Y112.313 E.0588
G1 X117.857 Y114.596 E.05868
G1 X118.457 Y116.834 E.05882
G1 X119.289 Y119.003 E.05896
G1 X120.341 Y121.066 E.0588
G1 X121.599 Y123.003 E.05864
G1 X122.733 Y124.403 E.04572
G1 X116.199 Y124.403 E.16586
G1 X115.897 Y122.496 E.04902
G1 X115.18 Y119.82 E.07034
G1 X114.186 Y117.231 E.07039
G1 X112.928 Y114.762 E.07034
G1 X111.419 Y112.439 E.07032
G1 X109.675 Y110.285 E.07036
G1 X107.715 Y108.325 E.07037
G1 X105.562 Y106.581 E.07034
G1 X101.804 Y104.141 E.11373
G1 X101.543 Y103.166 E.02563
G1 X100.711 Y100.997 E.05896
G1 X99.659 Y98.934 E.05879
G1 X98.401 Y96.997 E.05865
G1 X97.267 Y95.597 E.04572
G1 X122.733 Y95.597 E.64646
G1 X121.599 Y96.997 E.04572
G1 X121.339 Y96.807 E.00817
G1 X120.062 Y98.773 E.05951
G1 X118.995 Y100.867 E.05965
G1 X118.151 Y103.066 E.05981
G1 X117.543 Y105.337 E.05966
G1 X117.176 Y107.653 E.05954
G1 X117.053 Y110 E.05966
G1 X117.176 Y112.347 E.05966
G1 X117.543 Y114.663 E.05953
G1 X118.151 Y116.934 E.05967
G1 X118.995 Y119.134 E.05981
G1 X120.063 Y121.227 E.05965
G1 X121.339 Y123.192 E.0595
G1 X122.059 Y124.082 E.02905
G1 X116.473 Y124.082 E.1418
G1 X116.211 Y122.429 E.04248
G1 X115.486 Y119.72 E.07119
G1 X114.48 Y117.1 E.07125
G1 X113.207 Y114.601 E.07119
G1 X111.68 Y112.25 E.07118
G1 X109.914 Y110.07 E.07121
G1 X107.93 Y108.086 E.07123
G1 X105.751 Y106.321 E.07119
G1 X102.083 Y103.939 E.11103
G1 X101.849 Y103.066 E.02293
G1 X101.005 Y100.866 E.05982
G1 X99.938 Y98.773 E.05965
G1 X98.661 Y96.808 E.0595
G1 X97.941 Y95.918 E.02905
G1 X122.059 Y95.918 E.61225
G1 X121.339 Y96.807 E.02904
G1 X121.079 Y96.618 E.00817
G1 X119.784 Y98.612 E.06036
G1 X118.701 Y100.736 E.06051
G1 X117.845 Y102.967 E.06067
G1 X117.228 Y105.27 E.06052
G1 X116.856 Y107.619 E.06039
G1 X116.731 Y110 E.06052
G1 X116.856 Y112.38 E.06051
G1 X117.228 Y114.73 E.06039
G1 X117.845 Y117.033 E.06053
G1 X118.701 Y119.264 E.06067
G1 X119.784 Y121.388 E.06051
G1 X121.078 Y123.382 E.06035
G1 X121.385 Y123.76 E.01238
G1 X116.748 Y123.76 E.11773
G1 X116.526 Y122.362 E.03594
G1 X115.792 Y119.621 E.07205
G1 X114.774 Y116.969 E.0721
G1 X113.485 Y114.44 E.07205
G1 X111.94 Y112.061 E.07203
G1 X110.154 Y109.854 E.07207
G1 X108.146 Y107.846 E.07209
G1 X105.94 Y106.06 E.07205
G1 X102.361 Y103.736 E.10832
G1 X102.155 Y102.967 E.02022
G1 X101.299 Y100.735 E.06067
G1 X100.216 Y98.612 E.0605
G1 X98.922 Y96.618 E.06035
G1 X98.615 Y96.24 E.01237
G1 X121.385 Y96.24 E.57805
G1 X121.079 Y96.618 E.01237
G1 E-1.75 F6000
;WIPE_START
G1 F1500
G1 X121.385 Y96.24 E-.36543
G1 X120.872 Y96.24 E-.38457
;WIPE_END
G17
G3 Z11.44 I-.518 J-.32 P1  F18000
G1 X119.505 Y98.451 Z11.44
G1 Z11.24
G1 E2.5 F6000
G1 F1500
G1 X118.407 Y100.605 E.06136
G1 X117.538 Y102.867 E.06153
G1 X116.913 Y105.203 E.06138
G1 X116.536 Y107.586 E.06124
G1 X116.409 Y110 E.06137
G1 X116.536 Y112.414 E.06137
G1 X116.913 Y114.797 E.06124
G1 X117.538 Y117.133 E.06138
G1 X118.407 Y119.395 E.06153
G1 X119.505 Y121.549 E.06136
G1 X120.733 Y123.439 E.05722
G1 X117.022 Y123.439 E.09419
G1 X116.841 Y122.295 E.0294
G1 X116.098 Y119.521 E.0729
G1 X115.068 Y116.838 E.07296
G1 X113.764 Y114.279 E.0729
G1 X112.2 Y111.871 E.07289
G1 X110.393 Y109.639 E.07292
G1 X108.361 Y107.607 E.07294
G1 X106.129 Y105.8 E.0729
G1 X102.64 Y103.534 E.10562
G1 X102.462 Y102.867 E.01752
G1 X101.593 Y100.605 E.06153
G1 X100.495 Y98.451 E.06136
G1 X99.267 Y96.561 E.05722
G1 X120.733 Y96.561 E.54492
G1 X119.505 Y98.451 E.05722
G1 X119.226 Y98.29 E.00817
G1 X118.113 Y100.474 E.06222
G1 X117.232 Y102.768 E.06238
G1 X116.598 Y105.136 E.06223
G1 X116.216 Y107.552 E.0621
G1 X116.087 Y110 E.06223
G1 X116.216 Y112.448 E.06222
G1 X116.598 Y114.864 E.06209
G1 X117.232 Y117.232 E.06224
G1 X118.113 Y119.526 E.06239
G1 X119.227 Y121.71 E.06222
G1 X120.141 Y123.118 E.04262
G1 X117.297 Y123.118 E.0722
G1 X117.156 Y122.228 E.02286
G1 X116.404 Y119.422 E.07376
G1 X115.362 Y116.707 E.07381
G1 X114.043 Y114.119 E.07376
G1 X112.461 Y111.682 E.07374
G1 X110.632 Y109.424 E.07378
G1 X108.576 Y107.368 E.0738
G1 X106.318 Y105.54 E.07376
G1 X102.919 Y103.332 E.10291
G1 X102.768 Y102.768 E.01481
G1 X101.887 Y100.474 E.06239
G1 X100.774 Y98.29 E.06221
G1 X99.859 Y96.882 E.04262
G1 X120.141 Y96.882 E.51487
G1 X119.226 Y98.29 E.04262
G1 X118.948 Y98.13 E.00817
G1 X117.819 Y100.343 E.06307
G1 X116.926 Y102.669 E.06324
G1 X116.284 Y105.069 E.06309
G1 X115.896 Y107.518 E.06295
G1 X115.765 Y110 E.06309
G1 X115.896 Y112.481 E.06308
G1 X116.284 Y114.931 E.06295
G1 X116.926 Y117.331 E.06309
G1 X117.819 Y119.657 E.06324
G1 X118.948 Y121.871 E.06307
G1 X119.549 Y122.796 E.02802
G1 X117.571 Y122.796 E.05021
G1 X117.471 Y122.161 E.01632
G1 X116.71 Y119.322 E.07461
G1 X115.656 Y116.576 E.07467
G1 X114.321 Y113.958 E.07461
G1 X112.721 Y111.493 E.0746
G1 X110.871 Y109.208 E.07463
G1 X108.792 Y107.129 E.07465
G1 X106.507 Y105.279 E.07461
G1 X103.197 Y103.129 E.10021
G1 X103.074 Y102.669 E.01211
G1 X102.181 Y100.343 E.06325
G1 X101.052 Y98.13 E.06307
G1 X100.451 Y97.204 E.02802
G1 X119.549 Y97.204 E.48482
G1 X118.948 Y98.13 E.02802
G1 X118.669 Y97.969 E.00817
G1 X117.525 Y100.212 E.06393
G1 X116.62 Y102.569 E.0641
G1 X115.969 Y105.002 E.06394
G1 X115.576 Y107.485 E.0638
G1 X115.444 Y110 E.06394
G1 X115.576 Y112.515 E.06393
G1 X115.969 Y114.997 E.0638
G1 X116.62 Y117.431 E.06395
G1 X117.525 Y119.788 E.0641
G1 X118.669 Y122.032 E.06393
G1 X118.957 Y122.475 E.01342
G1 X117.846 Y122.475 E.02822
G1 X117.785 Y122.094 E.00978
G1 X117.016 Y119.223 E.07547
G1 X115.95 Y116.445 E.07553
G1 X114.6 Y113.797 E.07547
G1 X112.982 Y111.304 E.07545
G1 X111.11 Y108.993 E.07549
G1 X109.007 Y106.89 E.07551
G1 X106.697 Y105.019 E.07547
G1 X103.476 Y102.927 E.0975
G1 X103.38 Y102.569 E.00941
G1 X102.475 Y100.212 E.0641
G1 X101.331 Y97.969 E.06392
G1 X101.043 Y97.525 E.01342
G1 X118.957 Y97.525 E.45477
G1 X118.669 Y97.969 E.01342
G1 E-1.75 F6000
;WIPE_START
G1 F1500
G1 X118.957 Y97.525 E-.3966
G1 X118.486 Y97.525 E-.3534
;WIPE_END
G17
G3 Z11.44 I-.546 J-.268 P1  F18000
G1 X117.231 Y100.081 Z11.44
G1 Z11.24
G1 E2.5 F6000
G1 F1500
G1 X116.314 Y102.47 E.06496
G1 X115.654 Y104.935 E.0648
G1 X115.256 Y107.451 E.06466
G1 X115.122 Y110 E.0648
G1 X115.256 Y112.549 E.06479
G1 X115.654 Y115.064 E.06465
G1 X115.706 Y115.259 E.00512
G1 X114.879 Y113.636 E.04625
G1 X113.242 Y111.115 E.07631
G1 X111.349 Y108.778 E.07634
G1 X109.222 Y106.651 E.07636
G1 X106.886 Y104.759 E.07632
G1 X103.754 Y102.725 E.0948
G1 X103.686 Y102.47 E.0067
G1 X102.769 Y100.081 E.06496
G1 X101.629 Y97.846 E.06367
G1 X118.371 Y97.846 E.425
G1 X117.231 Y100.081 E.06368
G1 X116.937 Y99.95 E.00817
G1 X116.008 Y102.37 E.06581
G1 X115.339 Y104.869 E.06565
G1 X114.936 Y107.417 E.06551
G1 X114.8 Y110 E.06565
G1 X114.936 Y112.582 E.06564
G1 X115.051 Y113.311 E.01873
G1 X113.502 Y110.926 E.0722
G1 X111.589 Y108.562 E.0772
G1 X109.438 Y106.411 E.07722
G1 X107.075 Y104.498 E.07718
G1 X104.033 Y102.522 E.09209
G1 X103.992 Y102.37 E.004
G1 X103.063 Y99.95 E.06582
G1 X102.154 Y98.168 E.05078
G1 X117.846 Y98.168 E.39836
G1 X116.937 Y99.95 E.05079
G1 X116.643 Y99.819 E.00817
G1 X115.702 Y102.271 E.06667
G1 X115.024 Y104.802 E.06651
G1 X114.616 Y107.384 E.06636
G1 X114.478 Y110 E.06651
G1 X114.583 Y112.001 E.05086
G1 X113.763 Y110.737 E.03827
G1 X111.828 Y108.347 E.07806
G1 X109.653 Y106.172 E.07807
G1 X107.264 Y104.238 E.07803
G1 X104.311 Y102.32 E.08939
G1 X103.357 Y99.819 E.06796
G1 X102.679 Y98.489 E.03789
G1 X117.321 Y98.489 E.37172
G1 X116.643 Y99.819 E.0379
G1 X116.349 Y99.688 E.00817
G1 X115.396 Y102.172 E.06753
G1 X114.71 Y104.735 E.06736
G1 X114.296 Y107.35 E.06722
G1 X114.156 Y110 E.06736
G1 X114.199 Y110.819 E.02083
G1 X114.023 Y110.547 E.00823
G1 X112.067 Y108.132 E.07891
G1 X109.868 Y105.933 E.07893
G1 X107.453 Y103.978 E.07889
G1 X104.581 Y102.112 E.08693
G1 X103.651 Y99.688 E.06593
G1 X103.203 Y98.811 E.025
G1 X116.797 Y98.811 E.34508
G1 X116.349 Y99.688 E.02501
G1 X116.055 Y99.557 E.00817
G1 X115.09 Y102.072 E.06839
G1 X114.395 Y104.668 E.06822
G1 X113.976 Y107.317 E.06807
G1 X113.844 Y109.816 E.06354
G1 X112.306 Y107.916 E.06205
G1 X110.084 Y105.694 E.07978
G1 X107.642 Y103.717 E.07974
G1 X104.844 Y101.9 E.08471
G1 X103.945 Y99.557 E.06371
G1 X103.728 Y99.132 E.01211
G1 X116.272 Y99.132 E.31844
G1 X116.055 Y99.557 E.01212
G1 E-1.75 F6000
;WIPE_START
G1 F1500
G1 X116.272 Y99.132 E-.35807
G1 X115.749 Y99.132 E-.39193
;WIPE_END
G17
G3 Z11.44 I-.576 J-.196 P1  F18000
G1 X114.784 Y101.973 Z11.44
G1 Z11.24
G1 E2.5 F6000
G1 F1500
G1 X114.08 Y104.601 E.06907
G1 X113.656 Y107.283 E.06893
G1 X113.567 Y108.963 E.04272
G1 X112.545 Y107.701 E.04123
G1 X110.299 Y105.455 E.08064
G1 X107.832 Y103.457 E.0806
G1 X105.107 Y101.687 E.08248
G1 X104.249 Y99.453 E.06074
G1 X115.751 Y99.453 E.29198
G1 X114.784 Y101.973 E.06851
G1 X114.478 Y101.873 E.00817
G1 X113.765 Y104.534 E.06993
G1 X113.336 Y107.249 E.06978
G1 X113.29 Y108.111 E.0219
G1 X112.784 Y107.486 E.02041
G1 X110.514 Y105.216 E.0815
G1 X108.021 Y103.197 E.08145
G1 X105.369 Y101.475 E.08026
G1 X104.717 Y99.775 E.04622
G1 X115.283 Y99.775 E.26824
G1 X114.478 Y101.873 E.05707
G1 X114.172 Y101.774 E.00817
G1 X113.45 Y104.467 E.07079
G1 X113.013 Y107.26 E.07176
G1 X110.73 Y104.977 E.08199
G1 X108.21 Y102.936 E.08231
G1 X105.632 Y101.262 E.07804
G1 X105.184 Y100.096 E.0317
G1 X114.816 Y100.096 E.2445
G1 X114.172 Y101.774 E.04563
G1 X113.866 Y101.675 E.00817
G1 X113.136 Y104.401 E.07164
G1 X112.79 Y106.583 E.05608
G1 X110.945 Y104.737 E.06625
G1 X108.399 Y102.676 E.08316
G1 X105.894 Y101.049 E.07581
G1 X105.652 Y100.417 E.01718
G1 X114.348 Y100.417 E.22076
G1 X113.866 Y101.675 E.03419
G1 X113.559 Y101.575 E.00817
G1 X112.821 Y104.334 E.0725
G1 X112.572 Y105.909 E.0405
G1 X111.16 Y104.498 E.05067
G1 X108.588 Y102.416 E.08402
G1 X106.157 Y100.837 E.07359
G1 X106.12 Y100.739 E.00266
G1 X113.88 Y100.739 E.19702
G1 X113.559 Y101.575 E.02274
G1 X113.253 Y101.476 E.00817
G1 X112.506 Y104.267 E.07335
G1 X112.353 Y105.236 E.02491
G1 X111.376 Y104.259 E.03508
G1 X108.777 Y102.155 E.08487
G1 X107.091 Y101.06 E.05104
G1 X113.413 Y101.06 E.16048
G1 X113.253 Y101.476 E.0113
G1 E-1.75 F6000
;WIPE_START
G1 F1500
G1 X113.413 Y101.06 E-.33391
G1 X112.858 Y101.06 E-.41609
;WIPE_END
G17
G3 Z11.44 I-.595 J-.126 P1  F18000
G1 X112.191 Y104.2 Z11.44
G1 Z11.24
G1 E2.5 F6000
G1 F1500
G1 X112.134 Y104.563 E.00932
G1 X111.591 Y104.02 E.01949
G1 X108.966 Y101.895 E.08573
G1 X108.176 Y101.382 E.02392
G1 X112.946 Y101.382 E.12109
G1 X112.191 Y104.2 E.07407
G2 X111.806 Y103.781 I-3.516 J2.841 E.01446
G1 X109.24 Y101.703 E.08382
G1 X112.527 Y101.703 E.08345
G1 X111.936 Y103.911 E.05802
G1 X111.759 Y103.329 E.01543
G1 X110.148 Y102.024 E.05264
G1 X112.108 Y102.024 E.04978
G1 X111.759 Y103.329 E.03429
G1 X111.577 Y102.768 E.01498
G1 X111.055 Y102.346 E.01703
G1 X111.69 Y102.346 E.0161
G1 X111.577 Y102.768 E.01109
G1 E-1.75 F6000
;WIPE_START
G1 F1500
G1 X111.69 Y102.346 E-.32777
G1 X111.127 Y102.346 E-.42223
;WIPE_END
G17
G3 Z11.44 I-.571 J.209 P1  F18000
G1 X118.371 Y122.154 Z11.44
G1 Z11.24
G1 E2.5 F6000
G1 F1500
G1 X118.12 Y122.154 E.00636
G1 X117.872 Y121.176 E.02561
G1 X118.371 Y122.154 E.02786
G1 E-1.75 F6000
;WIPE_START
G1 F1500
G1 X117.916 Y121.263 E-.75
;WIPE_END
G17
G3 Z11.44 I.356 J.494 P1  F18000
G1 X140.436 Y105.023 Z11.44
G1 Z11.24
G1 E2.5 F6000
G1 F1500
G2 X140.436 Y114.977 I-.94 J4.977 E.45195
G1 X140.436 Y141.436 E.67168
G1 X79.564 Y141.436 E1.54529
G1 X79.564 Y114.977 E.67168
G2 X79.564 Y105.023 I.94 J-4.977 E.45195
G1 X79.564 Y78.564 E.67168
G1 X140.436 Y78.564 E1.54529
G1 X140.436 Y105.023 E.67168
G1 X140.757 Y105.429 E.01314
G2 X140.757 Y114.571 I-1.262 J4.571 E.44308
G1 X140.757 Y141.757 E.69014
G1 X79.243 Y141.757 E1.56161
G1 X79.243 Y114.571 E.69014
G2 X79.243 Y105.429 I1.262 J-4.571 E.44308
G1 X79.243 Y78.243 E.69014
G1 X140.757 Y78.243 E1.56161
G1 X140.757 Y105.429 E.69014
G1 E-1.75 F6000
;WIPE_START
G1 F1500
G1 X140.757 Y104.429 E-.75
;WIPE_END
G17
G3 Z11.44 I.608 J.005 P1  F18000
G1 X140.958 Y77.923 Z11.44
G1 Z11.24
G1 E2.5 F6000
G1 F1500
G3 X141.079 Y78.076 I.009 J.117 E.00585
G1 X141.079 Y105.872 E.70562
G2 X141.079 Y114.128 I-1.583 J4.128 E.43479
G1 X141.079 Y141.924 E.70562
G3 X141.017 Y142.064 I-.105 J.038 E.0043
G1 X140.876 Y142.079 E.00358
G1 X79.076 Y142.079 E1.56886
G3 X78.936 Y142.017 I-.038 J-.105 E.0043
G1 X78.921 Y141.876 E.00358
G1 X78.921 Y114.128 E.70442
G2 X78.921 Y105.872 I1.583 J-4.128 E.43479
G1 X78.921 Y78.076 E.70562
G3 X78.983 Y77.936 I.105 J-.038 E.0043
G1 X79.124 Y77.921 E.00358
G1 X140.958 Y77.923 E1.56972
G1 X141 Y77.604 E.00818
G3 X141.4 Y78.068 I-.028 J.429 E.01733
G1 X141.4 Y106.369 E.71844
G2 X141.4 Y113.631 I-1.904 J3.631 E.4275
G1 X141.4 Y141.932 E.71844
G3 X140.893 Y142.4 I-.451 J.02 E.01994
G1 X79.068 Y142.4 E1.56949
G3 X78.6 Y141.893 I-.02 J-.451 E.01994
G1 X78.6 Y113.631 E.71744
G2 X78.6 Y106.369 I1.904 J-3.631 E.4275
G1 X78.6 Y78.068 E.71844
G3 X79.107 Y77.6 I.451 J-.02 E.01994
G1 X141 Y77.604 E1.5712
G1 X141.042 Y77.284 E.00818
G3 X141.721 Y78.06 I-.064 J.742 E.02891
G1 X141.721 Y106.939 E.73314
G2 X141.721 Y113.061 I-2.221 J3.061 E.42209
G1 X141.721 Y141.94 E.73314
G3 X140.909 Y142.721 I-.756 J.026 E.03227
G1 X79.06 Y142.721 E1.57011
G3 X78.279 Y141.909 I-.026 J-.756 E.03227
G1 X78.279 Y113.061 E.73235
G2 X78.279 Y106.939 I2.221 J-3.061 E.42209
G1 X78.279 Y78.06 E.73314
G3 X79.091 Y77.279 I.756 J-.026 E.03227
G1 X141.042 Y77.284 E1.57269
G1 X141.084 Y76.964 E.00818
G3 X142.043 Y78.051 I-.107 J1.061 E.04045
G1 X142.043 Y107.656 E.75155
G2 X142.043 Y112.344 I-2.544 J2.344 E.42097
G1 X142.043 Y141.949 E.75155
G3 X140.925 Y143.043 I-1.07 J.025 E.04451
G1 X79.051 Y143.043 E1.57074
G3 X77.957 Y141.925 I-.025 J-1.07 E.04451
G1 X77.957 Y112.344 E.75096
G2 X77.957 Y107.656 I2.544 J-2.344 E.42097
G1 X77.957 Y78.051 E.75155
G3 X79.075 Y76.957 I1.07 J-.025 E.04451
G1 X141.084 Y76.964 E1.57417
G1 X141.126 Y76.645 E.00818
G3 X142.364 Y78.043 I-.143 J1.374 E.05206
G1 X142.364 Y108.718 E.77871
G2 X142.364 Y111.282 I-2.864 J1.282 E.43344
G1 X142.364 Y141.957 E.77871
G3 X140.942 Y143.364 I-1.392 J.015 E.05667
G1 X79.043 Y143.364 E1.57137
G3 X77.636 Y141.942 I-.015 J-1.392 E.05667
G1 X77.636 Y111.282 E.77832
G2 X77.636 Y108.718 I2.864 J-1.282 E.43338
G1 X77.636 Y78.043 E.77871
G3 X79.058 Y76.636 I1.392 J-.015 E.05667
G1 X141.126 Y76.645 E1.57565
G1 E-1.75 F6000
;WIPE_START
G1 F1500
G1 X140.126 Y76.645 E-.75
;WIPE_END
G17
G3 Z11.44 I-.608 J-.018 P1  F18000
G1 X139.206 Y107.199 Z11.44
G1 Z11.24
G1 E2.5 F6000
G1 F1500
G3 X138.914 Y107.245 I.294 J2.799 E.44145
G1 X139.206 Y107.199 E.00749
G1 E-1.75 F6000
;WIPE_START
G1 F1500
G1 X138.914 Y107.245 E-.22121
G1 X138.63 Y107.321 E-.22116
G1 X138.354 Y107.427 E-.22101
G1 X138.252 Y107.479 E-.08662
;WIPE_END
G17
G3 Z11.44 I.003 J-.608 P1  F18000
G1 X80.206 Y107.199 Z11.44
G1 Z11.24
G1 E2.5 F6000
G1 F1500
G3 X79.914 Y107.245 I.294 J2.799 E.44145
G1 X80.206 Y107.199 E.00749
G1 E-1.75 F6000
;WIPE_START
G1 F1500
G1 X79.914 Y107.245 E-.22121
G1 X79.63 Y107.321 E-.22116
G1 X79.354 Y107.427 E-.22101
G1 X79.252 Y107.479 E-.08662
;WIPE_END
G17
G3 Z11.44 I-.542 J.276 P1  F18000
G1 X79.571 Y108.107 Z11.44
G1 X79.444 Y108.171
G1 X79.259 Y108.292
G1 X79.087 Y108.431
G1 X78.931 Y108.587
G1 X78.792 Y108.759
G1 X78.671 Y108.944
G1 X78.571 Y109.141
G1 X78.492 Y109.348
G1 X78.434 Y109.561
G1 X78.4 Y109.779
G1 X78.388 Y110
G1 X78.4 Y110.221
G1 X78.434 Y110.439
G1 X82.95 Y137.703
G1 Z11.24
G1 E2.5 F6000
G1 F1500
G1 X84.739 Y138.865 E.05415
G1 X82.135 Y138.865 E.06611
G1 X82.135 Y137.043 E.04625
G1 X82.95 Y137.703 E.02663
G1 X82.761 Y137.963 E.00817
G1 X83.654 Y138.543 E.02704
G1 X82.457 Y138.543 E.03041
G1 X82.457 Y137.717 E.02099
G1 X82.761 Y137.963 E.00995
G1 E-1.75 F6000
;WIPE_START
G1 F1500
G1 X82.457 Y137.717 E-.29395
G1 X82.457 Y138.325 E-.45605
;WIPE_END
G17
G3 Z11.44 I.246 J.556 P1  F18000
G1 X93.439 Y133.461 Z11.44
G1 X93.798 Y133.228
G1 X94.324 Y132.802
G1 X94.802 Y132.324
G1 X95.228 Y131.798
G1 X95.596 Y131.231
G1 X95.903 Y130.628
G1 X96.145 Y129.997
G1 X96.32 Y129.343
G1 X96.426 Y128.675
G1 X96.462 Y128
G1 X96.426 Y127.325
G1 X96.32 Y126.657
G1 X96.145 Y126.003
G1 X95.903 Y125.372
G1 X95.596 Y124.769
G1 X95.473 Y124.58
G1 X141.205 Y75.622
G1 X141.168 Y76.325
G1 Z11.24
G1 E2.5 F6000
G1 F1500
G3 X142.685 Y78.034 I-.19 J1.697 E.06357
G1 X142.685 Y141.966 E1.62296
G3 X140.958 Y143.685 I-1.708 J.012 E.06891
G1 X79.034 Y143.685 E1.572
G3 X77.315 Y141.958 I-.012 J-1.708 E.0689
G1 X77.315 Y78.034 E1.62277
G3 X79.042 Y76.315 I1.708 J-.012 E.0689
G1 X141.168 Y76.325 E1.57714
G1 E-1.75 F6000
;WIPE_START
G1 F1500
G1 X140.168 Y76.325 E-.75
;WIPE_END
G17
G3 Z11.44 I.608 J0 P1  F18000
G1 X140.168 Y75.611 Z11.44
G1 X143.068 Y143.194
G1 X140.984 Y144.389
G1 X137.824 Y144.389
G1 X137.824 Y144.79
G1 Z11.24
G1 E2.5 F6000
M204 P1000
;TYPE:Outer wall
;WIDTH:0.42
G1 F3600
M106 S102
G1 X137.16 Y144.79 E.01978
G1 X82.84 Y144.79 E1.61801
M106 S127
G1 F3000
G1 X82 Y144.79 E.02502
G1 F1320
G1 X81.8 Y144.79 E.00596
M204 P500
;TYPE:Overhang wall
;WIDTH:0.364292
G1 F1500
G1 X79.005 Y144.79 E.07094
G3 X76.21 Y141.995 I.004 J-2.8 E.11142
G1 X76.21 Y78.005 E1.62443
G3 X79.005 Y75.21 I2.8 J.005 E.11142
G1 X81.8 Y75.21 E.07094
M204 P1000
;TYPE:Outer wall
;WIDTH:0.42
G1 F1320
M106 S102
G1 X82.84 Y75.21 E.03098
G1 F3600
G1 X137.16 Y75.21 E1.61801
M106 S127
G1 F1320
G1 X138.2 Y75.21 E.03098
M204 P500
;TYPE:Overhang wall
;WIDTH:0.364292
G1 F1500
G1 X140.995 Y75.21 E.07094
G3 X143.79 Y78.005 I-.005 J2.8 E.11142
G1 X143.79 Y141.995 E1.62443
G3 X140.995 Y144.79 I-2.8 J-.004 E.11143
G1 X138.2 Y144.79 E.07094
M204 P1000
;TYPE:Outer wall
;WIDTH:0.42
G1 F1320
G1 X138 Y144.79 E.00596
M106 S102
G1 F3000
G1 X137.884 Y144.79 E.00346
G1 X137.884 Y144.389 F18000
G1 X137.824 Y144.389
G1 X137.824 Y144.398
M204 P1500
;TYPE:Inner wall
;WIDTH:0.45
G1 F1140
M106 S127
G1 X81.8 Y144.398 E1.80153
M204 P500
;TYPE:Overhang wall
;WIDTH:0.364292
G1 F1500
G1 X79.016 Y144.398 E.07068
G3 X76.602 Y141.984 I-.006 J-2.408 E.09631
G1 X76.602 Y78.016 E1.62391
G3 X79.016 Y75.602 I2.408 J-.006 E.09631
G1 X81.8 Y75.602 E.07068
M204 P1500
;TYPE:Inner wall
;WIDTH:0.45
G1 F1140
G1 X138.2 Y75.602 E1.81362
M204 P500
;TYPE:Overhang wall
;WIDTH:0.364292
G1 F1500
G1 X140.984 Y75.602 E.07068
G3 X143.398 Y78.016 I.006 J2.408 E.09631
G1 X143.398 Y141.984 E1.62391
G3 X140.984 Y144.398 I-2.408 J.006 E.09631
G1 X138.2 Y144.398 E.07068
M204 P1500
;TYPE:Inner wall
;WIDTH:0.45
G1 F1140
G1 X137.884 Y144.398 E.01016
M204 T500
G1 X137.824 Y143.991 F18000
M204 P500
;TYPE:Overhang wall
;WIDTH:0.364292
G1 F1500
G1 X79.026 Y143.991 E1.49264
G3 X77.009 Y141.974 I-.016 J-2.001 E.08062
G1 X77.009 Y78.026 E1.62337
G3 X79.026 Y76.009 I2.001 J-.016 E.08062
G1 X140.974 Y76.009 E1.5726
G1 X141.208 Y76.021 E.00595
G3 X142.991 Y78.026 I-.241 J2.01 E.07446
G1 X142.991 Y141.974 E1.62337
G3 X140.974 Y143.991 I-2.001 J.016 E.08062
G1 X137.884 Y143.991 E.07844
M204 T2000
G1 E-1.75 F6000
;WIPE_START
G1 F1500
G1 X136.884 Y143.991 E-.75
;WIPE_END
G17
G3 Z11.44 I-.608 J0 P1  F18000
G1 X136.884 Y144.389 Z11.44
G1 X139.259 Y112.097
G1 X139.321 Y111.699
G1 Z11.24
G1 E2.5 F6000
G1 F1500
G2 X139.494 Y108.29 I.176 J-1.7 E.14085
G1 X139.321 Y108.299 E.0044
G2 X139.262 Y111.692 I.176 J1.7 E.12585
M204 T500
G1 X139.199 Y112.087 F18000
G1 X139.279 Y112.1
G1 X139.28 Y112.1
G1 X139.28 Y112.089
G1 F1500
G2 X139.494 Y107.897 I.216 J-2.09 E.17318
G1 X139.28 Y107.908 E.00542
G2 X139.221 Y112.082 I.217 J2.09 E.15507
G1 X139.5 Y112.507 F18000
G1 F1500
G2 X139.493 Y107.49 I-.004 J-2.509 E.20009
G1 X139.238 Y107.503 E.00649
G2 X139.44 Y112.507 I.259 J2.495 E.19207
M204 T2000
G1 E-1.75 F6000
;WIPE_START
G1 F1500
G1 X139.762 Y112.497 E-.24186
G1 X140.022 Y112.456 E-.19718
G1 X140.276 Y112.388 E-.19713
G1 X140.418 Y112.333 E-.11383
;WIPE_END
G17
G3 Z11.44 I.568 J-.218 P1  F18000
G1 X140.275 Y111.961 Z11.44
G1 X81.172 Y112.001
G1 X81.028 Y111.624
G1 Z11.24
G1 E2.5 F6000
G1 F1500
G2 X80.494 Y108.29 I-.53 J-1.625 E.12269
G1 X80.321 Y108.299 E.0044
G2 X80.97 Y111.641 I.176 J1.7 E.14401
M204 T500
G1 X81.074 Y112.029 F18000
G1 X81.152 Y112.008
G1 X81.149 Y111.997
G1 F1500
G2 X80.494 Y107.897 I-.652 J-1.998 E.15085
G1 X80.28 Y107.908 E.00542
G2 X81.092 Y112.014 I.217 J2.09 E.1774
G1 X81.147 Y112.422 F18000
G1 F1500
G1 X81.275 Y112.384 E.00337
G2 X80.493 Y107.49 I-.778 J-2.385 E.18009
G1 X80.238 Y107.503 E.00649
G2 X81.021 Y112.452 I.259 J2.495 E.20693
G1 X81.089 Y112.436 E.00177
M204 T2000
G1 E-1.75 F6000
;WIPE_START
G1 F1500
G1 X81.275 Y112.384 E-.14459
G1 X81.521 Y112.294 E-.19689
G1 X81.755 Y112.174 E-.19708
G1 X81.976 Y112.031 E-.1971
G1 X81.991 Y112.019 E-.01435
;WIPE_END
G17
G3 Z11.44 I.475 J-.381 P1  F18000
G1 X81.741 Y111.708 Z11.44
G1 X83.574 Y128.675
G1 X83.68 Y129.343
G1 X83.855 Y129.997
G1 X84.097 Y130.628
G1 X84.404 Y131.231
G1 X84.772 Y131.798
G1 X85.198 Y132.324
G1 X85.676 Y132.802
G1 X86.202 Y133.228
G1 X86.461 Y133.396
G1 X86.68 Y133.06
G1 Z11.24
G1 E2.5 F6000
M204 P1000
;TYPE:Outer wall
;WIDTH:0.42
G1 F3600
M106 S102
G1 X87.21 Y133.06 E.01579
G1 X92.79 Y133.06 E.16621
G1 X93.32 Y133.06 E.01579
G1 X93.562 Y132.903 E.00859
M106 S127
G1 F3000
G1 X93.751 Y132.75 E.00724
G1 F1320
G1 X93.998 Y132.55 E.00947
M204 P500
;TYPE:Overhang wall
;WIDTH:0.364292
G1 F1500
G1 X94.055 Y132.504 E.00186
G2 X95.8 Y129.738 I-4.021 J-4.47 E.08408
M204 P1000
;TYPE:Outer wall
;WIDTH:0.42
G1 F1320
G1 X95.928 Y129.26 E.01474
G1 F2160
G1 X96 Y128.805 E.01372
M106 S102
G1 F3000
G1 X96.027 Y128.633 E.00519
G1 F3180
G1 X96.06 Y128 E.01888
G1 X96.027 Y127.367 E.01888
M106 S127
G1 F3000
G1 X96 Y127.195 E.00519
G1 F2160
G1 X95.928 Y126.74 E.01372
G1 F1320
G1 X95.8 Y126.262 E.01474
M204 P500
;TYPE:Overhang wall
;WIDTH:0.364292
G1 F1500
G1 X95.764 Y126.127 E.00355
G2 X93.998 Y123.45 I-5.736 J1.862 E.08241
M204 P1000
;TYPE:Outer wall
;WIDTH:0.42
G1 F1320
G1 X93.751 Y123.25 E.00947
M106 S102
G1 F3000
G1 X93.562 Y123.097 E.00724
G1 F3600
G1 X93.32 Y122.94 E.00859
G1 X92.79 Y122.94 E.01579
G1 X87.21 Y122.94 E.16621
G1 X86.68 Y122.94 E.01579
G1 X86.438 Y123.097 E.00859
M106 S127
G1 F3000
G1 X86.249 Y123.25 E.00724
G1 F1320
G1 X86.002 Y123.45 E.00947
M204 P500
;TYPE:Overhang wall
;WIDTH:0.364292
G1 F1500
G1 X85.945 Y123.496 E.00186
G2 X86.002 Y132.55 I4.075 J4.501 E.25939
M204 P1000
;TYPE:Outer wall
;WIDTH:0.42
G1 F1320
G1 X86.249 Y132.75 E.00947
M106 S102
G1 F3000
G1 X86.438 Y132.903 E.00724
G1 F3600
G1 X86.628 Y133.029 E.00679
G1 X86.411 Y133.363 F18000
G1 X86.461 Y133.396
G1 X86.466 Y133.389
M204 P1500
;TYPE:Inner wall
;WIDTH:0.45
G1 F6000
G1 X86.563 Y133.452 E.00372
G1 X93.437 Y133.452 E.22104
G1 X93.793 Y133.221 E.01365
G1 F3240
G1 X94.318 Y132.796 E.02172
M106 S127
G1 F1140
G1 X94.563 Y132.55 E.01116
M204 P500
;TYPE:Overhang wall
;WIDTH:0.364292
G1 F1500
G2 X95.8 Y130.811 I-3.96 J-4.125 E.05448
M204 P1500
;TYPE:Inner wall
;WIDTH:0.45
G1 F1140
G1 X95.895 Y130.625 E.00672
G1 F1860
G1 X96 Y130.352 E.00941
M106 S102
G1 F3000
G1 X96.137 Y129.994 E.01233
G1 F4500
G1 X96.312 Y129.342 E.02171
G1 F6000
G1 X96.418 Y128.675 E.02172
G1 X96.453 Y128 E.02173
G1 X96.418 Y127.325 E.02173
G1 X96.312 Y126.658 E.02172
G1 F4500
G1 X96.137 Y126.006 E.02171
M106 S127
G1 F3000
G1 X96 Y125.648 E.01233
G1 F1860
G1 X95.895 Y125.375 E.00941
G1 F1140
G1 X95.8 Y125.189 E.00672
M204 P500
;TYPE:Overhang wall
;WIDTH:0.364292
G1 F1500
G2 X94.563 Y123.45 I-5.196 J2.387 E.05448
M204 P1500
;TYPE:Inner wall
;WIDTH:0.45
G1 F1140
M106 S102
G1 X94.318 Y123.204 E.01116
G1 F3240
G1 X93.793 Y122.779 E.02172
G1 F6000
G1 X93.437 Y122.548 E.01365
G1 X86.563 Y122.548 E.22104
G1 X86.207 Y122.779 E.01365
G1 F3240
G1 X85.682 Y123.204 E.02172
M106 S127
G1 F1140
G1 X85.437 Y123.45 E.01116
M204 P500
;TYPE:Overhang wall
;WIDTH:0.364292
G1 F1500
G2 X85.437 Y132.55 I4.533 J4.55 E.25672
M204 P1500
;TYPE:Inner wall
;WIDTH:0.45
G1 F1140
M106 S102
G1 X85.682 Y132.796 E.01116
G1 F3240
G1 X86.212 Y133.214 E.02171
G1 F6000
G1 X86.417 Y133.355 E.008
G1 X86.244 Y133.73 F18000
G1 F6000
G1 X86.443 Y133.859 E.00763
G1 X86.952 Y133.859 E.01637
G1 X93.048 Y133.859 E.19603
G1 X93.557 Y133.859 E.01637
G1 X94.033 Y133.55 E.01825
G1 X94.591 Y133.099 E.02307
M106 S127
G1 F3000
G1 X94.934 Y132.75 E.01574
G1 F1140
G1 X95.131 Y132.55 E.00903
M204 P500
;TYPE:Overhang wall
;WIDTH:0.364292
G1 F1500
G2 X95.8 Y131.648 I-3.956 J-3.632 E.02855
M204 P1500
;TYPE:Inner wall
;WIDTH:0.45
G1 F1140
G1 X95.941 Y131.43 E.00835
G1 F2400
G1 X96 Y131.315 E.00416
M106 S102
G1 F3000
G1 X96.268 Y130.791 E.01893
G1 F6000
G1 X96.525 Y130.12 E.02311
G1 X96.711 Y129.426 E.0231
G1 X96.823 Y128.717 E.02308
G1 X96.861 Y128 E.02309
G1 X96.823 Y127.283 E.02309
G1 X96.711 Y126.574 E.02308
G1 X96.525 Y125.88 E.0231
G1 X96.268 Y125.209 E.02311
M106 S127
G1 F3000
G1 X96 Y124.685 E.01893
G1 F2400
G1 X95.941 Y124.57 E.00416
G1 F1140
G1 X95.8 Y124.352 E.00835
M204 P500
;TYPE:Overhang wall
;WIDTH:0.364292
G1 F1500
G2 X95.131 Y123.45 I-4.625 J2.73 E.02855
M204 P1500
;TYPE:Inner wall
;WIDTH:0.45
G1 F780
G1 X95.099 Y123.409 E.00167
G1 X94.939 Y123.25 E.00725
M106 S102
G1 F3000
G1 X94.591 Y122.901 E.01585
G1 F6000
G1 X94.033 Y122.45 E.02307
G1 X93.557 Y122.141 E.01825
G1 X93.048 Y122.141 E.01637
G1 X86.952 Y122.141 E.19603
G1 X86.443 Y122.141 E.01637
G1 X85.967 Y122.45 E.01825
G1 X85.409 Y122.901 E.02307
M106 S127
G1 F3000
G1 X85.066 Y123.25 E.01574
G1 F1140
G1 X84.869 Y123.45 E.00903
M204 P500
;TYPE:Overhang wall
;WIDTH:0.364292
G1 F1500
G2 X84.869 Y132.55 I5.121 J4.55 E.25265
M204 P1500
;TYPE:Inner wall
;WIDTH:0.45
G1 F780
G1 X84.901 Y132.591 E.00167
G1 X85.061 Y132.75 E.00725
M106 S102
G1 F3000
G1 X85.409 Y133.099 E.01585
G1 F6000
G1 X85.973 Y133.543 E.02308
G1 X86.195 Y133.696 E.00867
; stop printing object esp32_pod_lid.stl id:0 copy 0
;LAYER_CHANGE
;Z:11.44
;HEIGHT:0.2
G92 E0 ; zero the extruded length again
; BEFORE_LAYER_CHANGE 56 @ 11.44mm
G1 E-1.75 F6000
;WIPE_START
G1 X86.443 Y133.859 E-.22254
G1 X87.146 Y133.859 E-.52746
;WIPE_END
; AFTER_LAYER_CHANGE 56 @ 11.44mm
;_SET_FAN_SPEED_CHANGING_LAYER
; printing object esp32_pod_lid.stl id:0 copy 0
G17
G3 Z11.64 I.608 J0 P1  F18000
G1 X87.146 Y133.461 Z11.64
G1 X139.021 Y144.389
G1 X140.984 Y144.389
G1 X140.995 Y144.79
G1 Z11.44
G1 E2.5 F6000
M204 P1000
;TYPE:Outer wall
;WIDTH:0.42
G1 F3600
G1 X79.005 Y144.79 E1.84644
G3 X76.21 Y141.995 I.004 J-2.8 E.13074
G1 X76.21 Y78.005 E1.90602
G3 X79.005 Y75.21 I2.8 J.005 E.13074
G1 X140.995 Y75.21 E1.84644
G1 X141.292 Y75.226 E.00886
G3 X143.79 Y78.005 I-.294 J2.777 E.12197
G1 X143.79 Y141.995 E1.90601
G3 X141.054 Y144.789 I-2.8 J-.004 E.12895
G1 X141.034 Y144.387 F18000
G1 X140.984 Y144.389
G1 X140.984 Y144.389
G1 X140.984 Y144.398
M204 P1500
;TYPE:Inner wall
;WIDTH:0.45
G1 F6000
G1 X79.016 Y144.398 E1.99268
G3 X76.602 Y141.984 I-.006 J-2.408 E.122
G1 X76.602 Y78.016 E2.057
G3 X79.016 Y75.602 I2.408 J-.006 E.12199
G1 X140.984 Y75.602 E1.99268
G1 X141.251 Y75.616 E.00857
G3 X143.398 Y78.016 I-.259 J2.392 E.11345
G1 X143.398 Y141.984 E2.05699
G3 X141.044 Y144.397 I-2.408 J.006 E.12007
G1 X140.974 Y143.991 F18000
G1 F6000
G1 X79.026 Y143.991 E1.992
G3 X77.009 Y141.974 I-.016 J-2.001 E.10212
G1 X77.009 Y78.026 E2.05631
G3 X79.026 Y76.009 I2.001 J-.016 E.10212
G1 X140.974 Y76.009 E1.992
G1 X141.208 Y76.021 E.00754
G3 X142.991 Y78.026 I-.241 J2.01 E.09432
G1 X142.991 Y141.974 E2.05631
G3 X141.034 Y143.99 I-2.001 J.016 E.10019
G1 E-1.75
;WIPE_START
G1 X140.034 Y143.99 E-.75
;WIPE_END
G17
G3 Z11.64 I-.608 J0 P1  F18000
G1 X140.034 Y144.389 Z11.64
G1 X139.569 Y112.108
G1 X139.548 Y111.701
G1 Z11.44
G1 E2.5 F6000
M204 P1000
;TYPE:Outer wall
;WIDTH:0.42
G1 F3600
G1 X139.678 Y111.698 E.00389
G2 X139.486 Y108.29 I-.185 J-1.699 E.15461
G1 X139.321 Y108.299 E.00492
G2 X139.321 Y111.7 I.172 J1.7 E.14968
G1 X139.488 Y111.701 E.00495
G1 X139.466 Y112.11 F18000
G1 X139.5 Y112.112
G1 X139.721 Y112.1
G1 X139.756 Y112.095
G1 X139.754 Y112.084
M204 P1500
;TYPE:Inner wall
;WIDTH:0.45
G1 F6000
G1 X140.148 Y111.996 E.013
G2 X139.485 Y107.898 I-.656 J-1.996 E.19108
G1 X139.28 Y107.908 E.00658
G2 X139.694 Y112.091 I.212 J2.091 E.21197
G1 X139.797 Y112.491 F18000
G1 F6000
G1 X140.021 Y112.451 E.0073
G2 X139.483 Y107.49 I-.53 J-2.452 E.23656
G1 X139.238 Y107.503 E.0079
G2 X139.738 Y112.496 I.254 J2.496 E.25319
G1 E-1.75
;WIPE_START
G1 X140.021 Y112.451 E-.21514
G1 X140.276 Y112.388 E-.19696
G1 X140.521 Y112.294 E-.19703
G1 X140.688 Y112.208 E-.14086
;WIPE_END
G17
G3 Z11.64 I.542 J-.276 P1  F18000
G1 X140.508 Y111.853 Z11.64
G1 X81.737 Y111.711
G1 X81.556 Y111.829
G1 X81.359 Y111.929
G1 X81.153 Y112.008
G1 X80.939 Y112.066
G1 X80.721 Y112.1
G1 X80.569 Y112.108
G1 X80.548 Y111.701
G1 Z11.44
G1 E2.5 F6000
M204 P1000
;TYPE:Outer wall
;WIDTH:0.42
G1 F3600
G1 X80.678 Y111.698 E.00389
G2 X80.486 Y108.29 I-.185 J-1.699 E.15461
G1 X80.321 Y108.299 E.00492
G2 X80.321 Y111.7 I.172 J1.7 E.14968
G1 X80.488 Y111.701 E.00496
G1 X80.466 Y112.11 F18000
G1 X80.5 Y112.112
G1 X80.721 Y112.1
G1 X80.756 Y112.095
G1 X80.754 Y112.084
M204 P1500
;TYPE:Inner wall
;WIDTH:0.45
G1 F6000
G1 X81.148 Y111.996 E.013
G2 X80.485 Y107.898 I-.656 J-1.996 E.19108
G1 X80.28 Y107.908 E.00658
G2 X80.694 Y112.091 I.212 J2.091 E.21197
G1 X80.797 Y112.491 F18000
G1 F6000
G1 X81.021 Y112.451 E.0073
G2 X80.483 Y107.49 I-.53 J-2.452 E.23656
G1 X80.238 Y107.503 E.0079
G2 X80.738 Y112.496 I.254 J2.496 E.25319
G1 E-1.75
;WIPE_START
G1 X81.021 Y112.451 E-.21514
G1 X81.276 Y112.388 E-.19696
G1 X81.521 Y112.294 E-.19703
G1 X81.688 Y112.208 E-.14087
;WIPE_END
G17
G3 Z11.64 I.542 J-.276 P1  F18000
G1 X81.508 Y111.853 Z11.64
G1 X83.574 Y128.675
G1 X83.68 Y129.343
G1 X83.855 Y129.997
G1 X84.097 Y130.628
G1 X84.404 Y131.231
G1 X84.772 Y131.798
G1 X85.198 Y132.324
G1 X85.676 Y132.802
G1 X86.202 Y133.228
G1 X86.561 Y133.461
G1 X93.439 Y133.461
G1 X93.539 Y133.396
G1 X93.32 Y133.06
G1 Z11.44
G1 E2.5 F6000
M204 P1000
;TYPE:Outer wall
;WIDTH:0.42
G1 F3600
G2 X93.32 Y122.94 I-3.302 J-5.06 E.35729
G1 X86.68 Y122.94 E.19781
G2 X86.68 Y133.06 I3.302 J5.06 E.35729
G1 X93.26 Y133.06 E.19602
G1 X93.26 Y133.461 F18000
G1 X93.439 Y133.461
G1 X93.499 Y133.422
G1 X93.494 Y133.415
M204 P1500
;TYPE:Inner wall
;WIDTH:0.45
G1 F6000
G1 X93.789 Y133.215 E.01144
G2 X93.437 Y122.548 I-3.771 J-5.215 E.40465
G1 X86.563 Y122.548 E.22102
G2 X86.563 Y133.452 I3.419 J5.452 E.41831
G1 X93.437 Y133.452 E.22102
G1 X93.444 Y133.447 E.00029
G1 X93.675 Y133.783 F18000
G1 F6000
G1 X94.03 Y133.546 E.0137
G2 X93.557 Y122.141 I-4.016 J-5.546 E.43396
G1 X86.443 Y122.141 E.22877
G2 X86.443 Y133.859 I3.544 J5.859 E.45219
G1 X93.557 Y133.859 E.22877
G1 X93.625 Y133.815 E.00259
G1 X78.259 Y143.657 F18000
M204 P2000
;TYPE:Internal solid infill
;WIDTH:0.421088
G1 F6000
G1 X140.963 Y143.657 E1.87312
G2 X141.972 Y143.338 I-.036 J-1.874 E.03205
G1 X142.039 Y143.279 E.00267
G1 X77.961 Y143.279 E1.91417
G1 X77.893 Y143.229 E.0025
G1 X77.662 Y142.972 E.01034
G1 X77.62 Y142.901 E.00248
G1 X142.379 Y142.901 E1.93453
G1 X142.433 Y142.827 E.00271
G1 X142.568 Y142.522 E.00997
G1 X77.44 Y142.522 E1.94556
G3 X77.362 Y142.144 I.838 J-.37 E.01162
G1 X142.648 Y142.144 E1.95028
G2 X142.658 Y141.766 I-3.611 J-.279 E.01131
G1 X77.342 Y141.766 E1.95113
G1 X77.342 Y141.388 E.0113
G1 X142.658 Y141.388 E1.95113
G1 X142.658 Y141.01 E.0113
G1 X77.342 Y141.01 E1.95113
G1 X77.342 Y140.632 E.0113
G1 X142.658 Y140.632 E1.95113
G1 X142.658 Y140.253 E.0113
G1 X77.342 Y140.253 E1.95113
G1 X77.342 Y139.875 E.0113
G1 X142.658 Y139.875 E1.95113
G1 X142.658 Y139.497 E.0113
G1 X77.342 Y139.497 E1.95113
G1 X77.342 Y139.119 E.0113
G1 X142.658 Y139.119 E1.95113
G1 X142.658 Y138.741 E.0113
G1 X77.342 Y138.741 E1.95113
G1 X77.342 Y138.363 E.0113
G1 X142.658 Y138.363 E1.95113
G1 X142.658 Y137.984 E.0113
G1 X77.342 Y137.984 E1.95113
G1 X77.342 Y137.606 E.0113
G1 X142.658 Y137.606 E1.95113
G1 X142.658 Y137.228 E.0113
G1 X77.342 Y137.228 E1.95113
G1 X77.342 Y136.85 E.0113
G1 X142.658 Y136.85 E1.95113
G1 X142.658 Y136.472 E.0113
G1 X77.342 Y136.472 E1.95113
G1 X77.342 Y136.094 E.0113
G1 X142.658 Y136.094 E1.95113
G1 X142.658 Y135.715 E.0113
G1 X77.342 Y135.715 E1.95113
G1 X77.342 Y135.337 E.0113
G1 X142.658 Y135.337 E1.95113
G1 X142.658 Y134.959 E.0113
G1 X77.342 Y134.959 E1.95113
G1 X77.342 Y134.581 E.0113
G1 X142.827 Y134.581 E1.9562
G1 X142.827 Y112.269 F18000
G1 F6000
G1 X141.212 Y112.269 E.04826
G3 X140.53 Y112.647 I-1.446 J-1.803 E.02339
G1 X142.658 Y112.647 E.06355
G1 X142.658 Y113.025 E.0113
G1 X77.342 Y113.025 E1.95113
G1 X77.342 Y113.403 E.0113
G1 X142.658 Y113.403 E1.95113
G1 X142.658 Y113.782 E.0113
G1 X77.342 Y113.782 E1.95113
G1 X77.342 Y114.16 E.0113
G1 X142.658 Y114.16 E1.95113
G1 X142.658 Y114.538 E.0113
G1 X77.342 Y114.538 E1.95113
G1 X77.342 Y114.916 E.0113
G1 X142.658 Y114.916 E1.95113
G1 X142.658 Y115.294 E.0113
G1 X77.342 Y115.294 E1.95113
G1 X77.342 Y115.672 E.0113
G1 X142.658 Y115.672 E1.95113
G1 X142.658 Y116.051 E.0113
G1 X77.342 Y116.051 E1.95113
G1 X77.342 Y116.429 E.0113
G1 X142.658 Y116.429 E1.95113
G1 X142.658 Y116.807 E.0113
G1 X77.342 Y116.807 E1.95113
G1 X77.342 Y117.185 E.0113
G1 X142.658 Y117.185 E1.95113
G1 X142.658 Y117.563 E.0113
G1 X77.342 Y117.563 E1.95113
G1 X77.342 Y117.942 E.0113
G1 X142.658 Y117.942 E1.95113
G1 X142.658 Y118.32 E.0113
G1 X77.342 Y118.32 E1.95113
G1 X77.342 Y118.698 E.0113
G1 X142.658 Y118.698 E1.95113
G1 X142.658 Y119.076 E.0113
G1 X77.342 Y119.076 E1.95113
G1 X77.342 Y119.454 E.0113
G1 X142.658 Y119.454 E1.95113
G1 X142.658 Y119.832 E.0113
G1 X77.342 Y119.832 E1.95113
G1 X77.342 Y120.211 E.0113
G1 X142.658 Y120.211 E1.95113
G1 X142.658 Y120.589 E.0113
G1 X77.342 Y120.589 E1.95113
G1 X77.342 Y120.967 E.0113
G1 X142.658 Y120.967 E1.95113
G1 X142.658 Y121.345 E.0113
G1 X77.342 Y121.345 E1.95113
G1 X77.342 Y121.723 E.0113
G1 X142.658 Y121.723 E1.95113
G1 X142.658 Y122.101 E.0113
G1 X94.108 Y122.101 E1.45029
G3 X94.599 Y122.48 I-1.555 J2.526 E.01855
G1 X142.658 Y122.48 E1.43563
G1 X142.658 Y122.858 E.0113
G1 X95.018 Y122.858 E1.42311
G3 X95.387 Y123.236 I-1.614 J1.942 E.01581
G1 X142.658 Y123.236 E1.4121
G1 X142.658 Y123.614 E.0113
G1 X95.693 Y123.614 E1.40295
G3 X95.964 Y123.992 I-1.664 J1.478 E.01392
G1 X142.658 Y123.992 E1.39486
G1 X142.658 Y124.37 E.0113
G1 X96.209 Y124.37 E1.38753
G3 X96.407 Y124.749 I-1.702 J1.128 E.01276
G1 X142.658 Y124.749 E1.38163
G1 X142.658 Y125.127 E.0113
G1 X96.593 Y125.127 E1.37607
G1 X96.738 Y125.505 E.0121
G1 X142.658 Y125.505 E1.37174
G1 X142.658 Y125.883 E.0113
G1 X96.871 Y125.883 E1.36777
G1 X96.972 Y126.261 E.0117
G1 X142.658 Y126.261 E1.36474
G1 X142.658 Y126.639 E.0113
G1 X97.059 Y126.639 E1.36216
G1 X97.118 Y127.018 E.01144
G1 X142.658 Y127.018 E1.36037
G1 X142.658 Y127.396 E.0113
G1 X97.163 Y127.396 E1.35905
G1 X97.183 Y127.774 E.01131
G1 X142.658 Y127.774 E1.35846
G1 X142.658 Y128.152 E.0113
G1 X97.186 Y128.152 E1.35834
G1 X97.167 Y128.53 E.01131
G1 X142.658 Y128.53 E1.35893
G1 X142.658 Y128.908 E.0113
G1 X97.13 Y128.908 E1.36002
G1 X97.07 Y129.287 E.01144
G1 X142.658 Y129.287 E1.36181
G1 X142.658 Y129.665 E.0113
G1 X96.992 Y129.665 E1.36415
G1 X96.891 Y130.043 E.0117
G1 X142.658 Y130.043 E1.36718
G1 X142.658 Y130.421 E.0113
G1 X96.766 Y130.421 E1.37089
G1 X96.621 Y130.799 E.0121
G1 X142.658 Y130.799 E1.37523
G1 X142.658 Y131.177 E.0113
G1 X96.444 Y131.177 E1.3805
G1 X96.252 Y131.556 E.01268
G1 X142.658 Y131.556 E1.38626
G1 X142.658 Y131.934 E.0113
G1 X96.012 Y131.934 E1.39342
G3 X95.753 Y132.312 I-1.929 J-1.043 E.01372
G1 X142.658 Y132.312 E1.40116
G1 X142.658 Y132.69 E.0113
G1 X95.447 Y132.69 E1.4103
G3 X95.092 Y133.068 I-1.976 J-1.497 E.01551
G1 X142.658 Y133.068 E1.4209
G1 X142.658 Y133.446 E.0113
G1 X94.691 Y133.446 E1.4329
G1 X94.222 Y133.825 E.01798
G1 X142.658 Y133.825 E1.44689
G1 X142.658 Y134.203 E.0113
G1 X77.342 Y134.203 E1.95113
G1 X77.342 Y133.825 E.0113
G1 X85.778 Y133.825 E.25198
G1 X85.309 Y133.446 E.01798
G1 X77.342 Y133.446 E.23799
G1 X77.342 Y133.068 E.0113
G1 X84.908 Y133.068 E.22599
G3 X84.553 Y132.69 I1.621 J-1.875 E.01551
G1 X77.342 Y132.69 E.2154
G1 X77.342 Y132.312 E.0113
G1 X84.247 Y132.312 E.20626
G3 X83.988 Y131.934 I1.67 J-1.421 E.01372
G1 X77.342 Y131.934 E.19852
G1 X77.342 Y131.556 E.0113
G1 X83.748 Y131.556 E.19136
G1 X83.556 Y131.177 E.01268
G1 X77.342 Y131.177 E.1856
G1 X77.342 Y130.799 E.0113
G1 X83.379 Y130.799 E.18032
G1 X83.234 Y130.421 E.0121
G1 X77.342 Y130.421 E.17599
G1 X77.342 Y130.043 E.0113
G1 X83.109 Y130.043 E.17227
G1 X83.008 Y129.665 E.0117
G1 X77.342 Y129.665 E.16925
G1 X77.342 Y129.287 E.0113
G1 X82.93 Y129.287 E.16691
G1 X82.87 Y128.908 E.01144
G1 X77.342 Y128.908 E.16512
G1 X77.342 Y128.53 E.0113
G1 X82.833 Y128.53 E.16403
G1 X82.814 Y128.152 E.01131
G1 X77.342 Y128.152 E.16344
G1 X77.342 Y127.774 E.0113
G1 X82.817 Y127.774 E.16355
G1 X82.837 Y127.396 E.01131
G1 X77.342 Y127.396 E.16414
G1 X77.342 Y127.018 E.0113
G1 X82.882 Y127.018 E.16547
G1 X82.941 Y126.639 E.01144
G1 X77.342 Y126.639 E.16726
G1 X77.342 Y126.261 E.0113
G1 X83.028 Y126.261 E.16984
G1 X83.129 Y125.883 E.0117
G1 X77.342 Y125.883 E.17287
G1 X77.342 Y125.505 E.0113
G1 X83.262 Y125.505 E.17684
G1 X83.407 Y125.127 E.0121
G1 X77.342 Y125.127 E.18117
G1 X77.342 Y124.749 E.0113
G1 X83.593 Y124.749 E.18673
G3 X83.791 Y124.37 I1.899 J.75 E.01276
G1 X77.342 Y124.37 E.19262
G1 X77.342 Y123.992 E.0113
G1 X84.036 Y123.992 E.19996
G3 X84.307 Y123.614 I1.935 J1.099 E.01392
G1 X77.342 Y123.614 E.20805
G1 X77.342 Y123.236 E.0113
G1 X84.613 Y123.236 E.21719
G3 X84.982 Y122.858 I1.983 J1.564 E.01581
G1 X77.342 Y122.858 E.22821
G1 X77.342 Y122.48 E.0113
G1 X85.401 Y122.48 E.24073
G3 X85.892 Y122.101 I2.046 J2.148 E.01855
G1 X77.173 Y122.101 E.26046
G1 X79.09 Y112.269 F18000
G1 F6000
G1 X77.342 Y112.269 E.05221
G1 X77.342 Y112.647 E.0113
G1 X79.47 Y112.647 E.06355
G2 X81.53 Y112.647 I1.03 J-2.587 E.06304
G1 X138.47 Y112.647 E1.70094
G3 X137.788 Y112.269 I.765 J-2.181 E.02339
G1 X82.212 Y112.269 E1.66022
G2 X82.624 Y111.891 I-2.293 J-2.914 E.01673
G1 X137.376 Y111.891 E1.63559
G3 X137.095 Y111.513 I1.659 J-1.525 E.01409
G1 X82.905 Y111.513 E1.61882
G2 X83.107 Y111.134 I-3.13 J-1.92 E.01282
G1 X136.893 Y111.134 E1.60672
G3 X136.762 Y110.756 I1.732 J-.811 E.01198
G1 X83.238 Y110.756 E1.59889
G2 X83.316 Y110.378 I-1.76 J-.56 E.01156
G1 X136.684 Y110.378 E1.59424
G3 X136.656 Y110 I1.791 J-.325 E.01135
G1 X83.344 Y110 E1.59254
G2 X83.316 Y109.622 I-1.82 J-.053 E.01135
G1 X136.684 Y109.622 E1.59424
G3 X136.762 Y109.244 I1.838 J.182 E.01156
G1 X83.238 Y109.244 E1.5989
G2 X83.107 Y108.865 I-1.863 J.433 E.01198
G1 X136.893 Y108.865 E1.60672
G3 X137.095 Y108.487 I3.333 J1.543 E.01282
G1 X82.905 Y108.487 E1.61882
G2 X82.624 Y108.109 I-1.94 J1.147 E.01409
G1 X137.376 Y108.109 E1.63559
G3 X137.788 Y107.731 I2.706 J2.537 E.01673
G1 X82.212 Y107.731 E1.66022
G2 X81.53 Y107.353 I-1.446 J1.804 E.0234
G1 X138.47 Y107.353 E1.70094
G3 X138.904 Y107.219 I.854 J2 E.0136
G1 X138.904 Y107.081 E.00412
G1 X142.658 Y107.081 E.11212
G1 X142.658 Y106.975 E.00318
G1 X77.342 Y106.975 E1.95113
G1 X77.342 Y106.596 E.0113
G1 X142.658 Y106.596 E1.95113
G1 X142.658 Y106.218 E.0113
G1 X77.342 Y106.218 E1.95113
G1 X77.342 Y105.84 E.0113
G1 X142.658 Y105.84 E1.95113
G1 X142.658 Y105.462 E.0113
G1 X77.342 Y105.462 E1.95113
G1 X77.342 Y105.084 E.0113
G1 X142.658 Y105.084 E1.95113
G1 X142.658 Y104.706 E.0113
G1 X77.342 Y104.706 E1.95113
G1 X77.342 Y104.327 E.0113
G1 X142.658 Y104.327 E1.95113
G1 X142.658 Y103.949 E.0113
G1 X77.342 Y103.949 E1.95113
G1 X77.342 Y103.571 E.0113
G1 X142.658 Y103.571 E1.95113
G1 X142.658 Y103.193 E.0113
G1 X77.342 Y103.193 E1.95113
G1 X77.342 Y102.815 E.0113
G1 X142.658 Y102.815 E1.95113
G1 X142.658 Y102.437 E.0113
G1 X77.342 Y102.437 E1.95113
G1 X77.342 Y102.058 E.0113
G1 X142.658 Y102.058 E1.95113
G1 X142.658 Y101.68 E.0113
G1 X77.342 Y101.68 E1.95113
G1 X77.342 Y101.302 E.0113
G1 X142.658 Y101.302 E1.95113
G1 X142.658 Y100.924 E.0113
G1 X77.342 Y100.924 E1.95113
G1 X77.342 Y100.546 E.0113
G1 X142.658 Y100.546 E1.95113
G1 X142.658 Y100.168 E.0113
G1 X77.342 Y100.168 E1.95113
G1 X77.342 Y99.789 E.0113
G1 X142.658 Y99.789 E1.95113
G1 X142.658 Y99.411 E.0113
G1 X77.342 Y99.411 E1.95113
G1 X77.342 Y99.033 E.0113
G1 X142.658 Y99.033 E1.95113
G1 X142.658 Y98.655 E.0113
G1 X77.342 Y98.655 E1.95113
G1 X77.342 Y98.277 E.0113
G1 X142.658 Y98.277 E1.95113
G1 X142.658 Y97.899 E.0113
G1 X77.342 Y97.899 E1.95113
G1 X77.342 Y97.52 E.0113
G1 X142.658 Y97.52 E1.95113
G1 X142.658 Y97.142 E.0113
G1 X77.342 Y97.142 E1.95113
G1 X77.342 Y96.764 E.0113
G1 X142.658 Y96.764 E1.95113
G1 X142.658 Y96.386 E.0113
G1 X77.342 Y96.386 E1.95113
G1 X77.342 Y96.008 E.0113
G1 X142.658 Y96.008 E1.95113
G1 X142.658 Y95.63 E.0113
G1 X77.342 Y95.63 E1.95113
G1 X77.342 Y95.251 E.0113
G1 X142.658 Y95.251 E1.95113
G1 X142.658 Y94.873 E.0113
G1 X77.342 Y94.873 E1.95113
G1 X77.342 Y94.495 E.0113
G1 X142.658 Y94.495 E1.95113
G1 X142.658 Y94.117 E.0113
G1 X77.342 Y94.117 E1.95113
G1 X77.342 Y93.739 E.0113
G1 X142.658 Y93.739 E1.95113
G1 X142.658 Y93.361 E.0113
G1 X77.342 Y93.361 E1.95113
G1 X77.342 Y92.982 E.0113
G1 X142.658 Y92.982 E1.95113
G1 X142.658 Y92.604 E.0113
G1 X77.342 Y92.604 E1.95113
G1 X77.342 Y92.226 E.0113
G1 X142.658 Y92.226 E1.95113
G1 X142.658 Y91.848 E.0113
G1 X77.342 Y91.848 E1.95113
G1 X77.342 Y91.47 E.0113
G1 X142.658 Y91.47 E1.95113
G1 X142.658 Y91.092 E.0113
G1 X77.342 Y91.092 E1.95113
G1 X77.342 Y90.713 E.0113
G1 X142.658 Y90.713 E1.95113
G1 X142.658 Y90.335 E.0113
G1 X77.342 Y90.335 E1.95113
G1 X77.342 Y89.957 E.0113
G1 X142.658 Y89.957 E1.95113
G1 X142.658 Y89.579 E.0113
G1 X77.342 Y89.579 E1.95113
G1 X77.342 Y89.201 E.0113
G1 X142.658 Y89.201 E1.95113
G1 X142.658 Y88.823 E.0113
G1 X77.342 Y88.823 E1.95113
G1 X77.342 Y88.444 E.0113
G1 X142.658 Y88.444 E1.95113
G1 X142.658 Y88.066 E.0113
G1 X77.342 Y88.066 E1.95113
G1 X77.342 Y87.688 E.0113
G1 X142.658 Y87.688 E1.95113
G1 X142.658 Y87.31 E.0113
G1 X77.342 Y87.31 E1.95113
G1 X77.342 Y86.932 E.0113
G1 X142.658 Y86.932 E1.95113
G1 X142.658 Y86.554 E.0113
G1 X77.342 Y86.554 E1.95113
G1 X77.342 Y86.175 E.0113
G1 X142.658 Y86.175 E1.95113
G1 X142.658 Y85.797 E.0113
G1 X77.342 Y85.797 E1.95113
G1 X77.342 Y85.419 E.0113
G1 X142.658 Y85.419 E1.95113
G1 X142.658 Y85.041 E.0113
G1 X77.342 Y85.041 E1.95113
G1 X77.342 Y84.663 E.0113
G1 X142.658 Y84.663 E1.95113
G1 X142.658 Y84.285 E.0113
G1 X77.342 Y84.285 E1.95113
G1 X77.342 Y83.906 E.0113
G1 X142.658 Y83.906 E1.95113
G1 X142.658 Y83.528 E.0113
G1 X77.342 Y83.528 E1.95113
G1 X77.342 Y83.15 E.0113
G1 X142.658 Y83.15 E1.95113
G1 X142.658 Y82.772 E.0113
G1 X77.342 Y82.772 E1.95113
G1 X77.342 Y82.394 E.0113
G1 X142.658 Y82.394 E1.95113
G1 X142.658 Y82.016 E.0113
G1 X77.342 Y82.016 E1.95113
G1 X77.342 Y81.637 E.0113
G1 X142.658 Y81.637 E1.95113
G1 X142.658 Y81.259 E.0113
G1 X77.342 Y81.259 E1.95113
G1 X77.342 Y80.881 E.0113
G1 X142.658 Y80.881 E1.95113
G1 X142.658 Y80.503 E.0113
G1 X77.342 Y80.503 E1.95113
G1 X77.342 Y80.125 E.0113
G1 X142.658 Y80.125 E1.95113
G1 X142.658 Y79.747 E.0113
G1 X77.342 Y79.747 E1.95113
G1 X77.342 Y79.368 E.0113
G1 X142.658 Y79.368 E1.95113
G1 X142.658 Y78.99 E.0113
G1 X77.342 Y78.99 E1.95113
G1 X77.342 Y78.612 E.0113
G1 X142.658 Y78.612 E1.95113
G1 X142.658 Y78.234 E.0113
G1 X77.342 Y78.234 E1.95113
G3 X77.352 Y77.856 I3.621 J-.099 E.01131
G1 X142.648 Y77.856 E1.95057
G1 X142.568 Y77.478 E.01155
G1 X77.432 Y77.478 E1.9458
G1 X77.567 Y77.173 E.00997
G1 X77.621 Y77.099 E.00271
G1 X142.379 Y77.099 E1.93451
G2 X142.039 Y76.721 I-1.061 J.613 E.01532
G1 X77.961 Y76.721 E1.91415
G3 X79.037 Y76.343 I1.052 J1.272 E.03479
G1 X141.741 Y76.343 E1.87311
G1 X141.885 Y111.742 F18000
;WIDTH:0.524187
G1 F5249.302
G1 X142.547 Y111.742 E.02514
;WIDTH:0.507342
G1 F5439.699
G1 X142.564 Y111.487 E.00938
;WIDTH:0.473652
G1 F5865.169
G1 X142.58 Y111.232 E.0087
;WIDTH:0.434327
G1 F6000
G1 X142.603 Y110.948 E.00881
;WIDTH:0.389367
G1 X142.625 Y110.664 E.0078
;WIDTH:0.389437
G1 X142.603 Y110.591 E.00211
;WIDTH:0.434535
G1 X142.58 Y110.517 E.00238
;WIDTH:0.479634
G1 F5784.838
G1 X142.558 Y110.443 E.00266
;WIDTH:0.524732
G1 F5243.367
G1 X142.535 Y110.37 E.00293
;WIDTH:0.569831
G1 F4794.585
G1 X142.513 Y110.296 E.0032
;WIDTH:0.614929
G1 F4416.569
G1 X142.49 Y110.223 E.00348
G1 X142.46 Y110.288 E.00325
;WIDTH:0.569831
G1 F4794.585
G1 X142.43 Y110.353 E.00299
;WIDTH:0.524732
G1 F5243.367
G1 X142.4 Y110.418 E.00274
;WIDTH:0.479634
G1 F5784.838
G1 X142.37 Y110.484 E.00248
;WIDTH:0.434535
G1 F6000
G1 X142.339 Y110.549 E.00222
;WIDTH:0.409337
G1 X142.309 Y110.614 E.00208
G1 X142.177 Y111.168 E.01649
;WIDTH:0.473652
G1 F5865.169
G1 X142.137 Y111.275 E.00387
;WIDTH:0.516084
G1 F5339.198
G1 X142.098 Y111.381 E.00425
G1 X141.916 Y111.691 E.01341
G1 X142.49 Y110.223 F18000
;WIDTH:0.637478
G1 F4249.065
G1 X142.472 Y109.463 E.0357
G1 X141.718 Y107.621 F18000
;WIDTH:0.369152
G1 F6000
G1 X142.098 Y108.043 E.01463
G1 X142.247 Y108.278 E.00719
G1 X142.247 Y107.621 E.01694
G1 X141.778 Y107.621 E.01209
G1 X140.468 Y107.269 F18000
;WIDTH:0.419999
G1 F6000
G1 X140.968 Y107.497 E.01636
G1 X141.456 Y107.857 E.01807
G1 X141.859 Y108.31 E.01807
G1 X142.159 Y108.837 E.01806
;WIDTH:0.441353
G1 X142.214 Y108.939 E.00364
;WIDTH:0.484059
G1 F5726.803
G1 X142.27 Y109.04 E.00403
;WIDTH:0.526766
G1 F5221.327
G1 X142.325 Y109.142 E.00442
;WIDTH:0.569472
G1 F4797.846
G1 X142.381 Y109.243 E.00481
;WIDTH:0.612179
G1 F4437.905
G1 X142.436 Y109.345 E.0052
;WIDTH:0.655139
G1 F4126.491
G1 X142.47 Y109.403 E.00326
;WIDTH:0.655351
G1 F4125.066
G1 X142.492 Y109.297 E.00522
;WIDTH:0.61256
G1 F4434.94
G1 X142.513 Y109.191 E.00486
;WIDTH:0.569768
G1 F4795.151
G1 X142.535 Y109.085 E.00449
;WIDTH:0.526977
G1 F5219.047
G1 X142.556 Y108.979 E.00413
;WIDTH:0.484186
G1 F5725.157
G1 X142.577 Y108.874 E.00376
;WIDTH:0.421256
G1 F6000
G1 X142.599 Y108.768 E.00323
G1 X142.599 Y107.269 E.04478
G1 X140.528 Y107.269 E.06189
G1 X139.029 Y107.206 F18000
;WIDTH:0.38292
G1 F6000
G1 X139.741 Y107.191 E.01914
G1 X139.71 Y107.899 F18000
G1 X82.607 Y110.087
G1 X82.6 Y110.221
G1 X82.566 Y110.439
G1 X82.508 Y110.652
G1 X82.429 Y110.859
G1 X82.329 Y111.056
G1 X82.208 Y111.241
G1 X82.069 Y111.413
G1 X81.913 Y111.569
G1 X81.741 Y111.708
G1 X81.556 Y111.829
G1 X81.359 Y111.929
G1 X81.153 Y112.008
G1 X80.939 Y112.066
G1 X80.721 Y112.1
G1 X80.5 Y112.112
G1 X80.279 Y112.1
G1 X80.061 Y112.066
G1 X79.847 Y112.008
G1 X79.641 Y111.929
G1 X79.444 Y111.829
G1 X79.259 Y111.708
G1 X77.51 Y110.345
;WIDTH:0.616136
G1 F4407.271
G1 X77.491 Y110.535 E.00861
;WIDTH:0.578219
G1 F4719.452
G1 X77.471 Y110.724 E.00804
;WIDTH:0.522691
G1 F5265.672
G1 X77.452 Y110.913 E.0072
G1 X77.452 Y111.744 E.03149
G1 X78.134 Y111.744 E.02586
G1 X77.91 Y111.407 E.01533
G1 X77.684 Y110.888 E.02144
;WIDTH:0.539798
G1 F5084.377
G1 X77.632 Y110.726 E.00668
;WIDTH:0.576709
G1 F4732.803
G1 X77.58 Y110.565 E.00717
;WIDTH:0.595164
G1 F4574.639
G1 X77.528 Y110.403 E.00742
G1 X77.509 Y110.335 F18000
;WIDTH:0.635081
G1 F4266.265
G1 X77.507 Y109.714 E.02902
G1 X78.306 Y107.619 F18000
;WIDTH:0.364955
G1 F6000
G1 X77.751 Y107.619 E.01412
G1 X77.751 Y108.276 E.0167
G1 X78.047 Y107.867 E.01283
G1 X78.262 Y107.661 E.00759
G1 X79.557 Y107.269 F18000
;WIDTH:0.419999
G1 F6000
G1 X77.401 Y107.269 E.06423
G1 X77.401 Y109.087 E.05415
;WIDTH:0.441711
G1 X77.423 Y109.201 E.00364
;WIDTH:0.485135
G1 F5712.871
G1 X77.445 Y109.314 E.00404
;WIDTH:0.528559
G1 F5202.05
G1 X77.466 Y109.428 E.00443
;WIDTH:0.571983
G1 F4775.082
G1 X77.488 Y109.541 E.00483
;WIDTH:0.615406
G1 F4412.886
G1 X77.51 Y109.655 E.00522
G1 X77.555 Y109.548 E.00522
;WIDTH:0.571983
G1 F4775.082
G1 X77.599 Y109.442 E.00483
;WIDTH:0.528559
G1 F5202.05
G1 X77.644 Y109.335 E.00443
;WIDTH:0.485135
G1 F5712.871
G1 X77.689 Y109.229 E.00404
;WIDTH:0.421821
G1 F6000
G3 X77.977 Y108.566 I24.103 J10.082 E.02163
G1 X78.33 Y108.073 E.01815
G1 X78.778 Y107.664 E.01816
G1 X79.302 Y107.357 E.01816
G1 X79.501 Y107.289 E.00629
G1 X79.913 Y107.214 F18000
;WIDTH:0.38292
G1 F6000
G3 X80.907 Y107.206 I.532 J4.686 E.02676
; stop printing object esp32_pod_lid.stl id:0 copy 0
;LAYER_CHANGE
;Z:11.64
;HEIGHT:0.200001
G92 E0 ; zero the extruded length again
; BEFORE_LAYER_CHANGE 57 @ 11.64mm
G1 E-1.75 F6000
;WIPE_START
G1 X80.493 Y107.184 E-.31207
G1 X79.913 Y107.214 E-.43793
;WIPE_END
; AFTER_LAYER_CHANGE 57 @ 11.64mm
;_SET_FAN_SPEED_CHANGING_LAYER
; printing object esp32_pod_lid.stl id:0 copy 0
G17
G3 Z11.84 I-.596 J.123 P1  F18000
G1 X80.061 Y107.934 Z11.84
G1 X80.279 Y107.9
G1 X80.476 Y107.89
G1 X80.716 Y107.899
G1 X80.939 Y107.934
G1 X81.153 Y107.992
G1 X81.359 Y108.071
G1 X81.556 Y108.171
G1 X81.741 Y108.292
G1 X81.913 Y108.431
G1 X81.948 Y108.466
G1 X140.984 Y144.389
G1 X140.995 Y144.79
G1 Z11.64
G1 E2.5 F6000
M204 P1000
;TYPE:Outer wall
;WIDTH:0.42
G1 F3600
G1 X79.005 Y144.79 E1.84644
G3 X76.21 Y141.995 I.004 J-2.8 E.13074
G1 X76.21 Y78.005 E1.90602
G3 X79.005 Y75.21 I2.8 J.005 E.13074
G1 X140.995 Y75.21 E1.84644
G1 X141.292 Y75.226 E.00886
G3 X143.79 Y78.005 I-.294 J2.777 E.12197
G1 X143.79 Y141.995 E1.90601
G3 X141.054 Y144.789 I-2.8 J-.004 E.12895
G1 X141.034 Y144.387 F18000
G1 X140.984 Y144.389
G1 X140.984 Y144.389
G1 X140.984 Y144.398
M204 P1500
;TYPE:Inner wall
;WIDTH:0.45
G1 F6000
G1 X79.016 Y144.398 E1.99268
G3 X76.602 Y141.984 I-.006 J-2.408 E.122
G1 X76.602 Y78.016 E2.057
G3 X79.016 Y75.602 I2.408 J-.006 E.12199
G1 X140.984 Y75.602 E1.99268
G1 X141.251 Y75.616 E.00857
G3 X143.398 Y78.016 I-.259 J2.392 E.11345
G1 X143.398 Y141.984 E2.05699
G3 X141.044 Y144.397 I-2.408 J.006 E.12007
G1 X140.974 Y143.991 F18000
G1 F6000
G1 X79.026 Y143.991 E1.992
G3 X77.009 Y141.974 I-.016 J-2.001 E.10212
G1 X77.009 Y78.026 E2.05631
G3 X79.026 Y76.009 I2.001 J-.016 E.10212
G1 X140.974 Y76.009 E1.992
G1 X141.208 Y76.021 E.00754
G3 X142.991 Y78.026 I-.241 J2.01 E.09432
G1 X142.991 Y141.974 E2.05631
G3 X141.033 Y143.99 I-2.001 J.016 E.1002
G1 E-1.75
;WIPE_START
G1 X140.033 Y143.99 E-.75
;WIPE_END
G1 X140.033 Y144.389 Z11.84 F18000
G1 X139.553 Y112.109
G1 X139.532 Y111.707
G1 Z11.64
G1 E2.5 F6000
M204 P1000
;TYPE:Outer wall
;WIDTH:0.42
G1 F3600
G1 X139.854 Y111.664 E.00966
G2 X139.677 Y108.299 I-.353 J-1.669 E.14376
G2 X139.321 Y108.299 I-.176 J1.92 E.01061
G2 X139.473 Y111.701 I.179 J1.696 E.15345
G1 X139.451 Y112.109 F18000
G1 X139.465 Y112.11
G1 X139.465 Y112.099
M204 P1500
;TYPE:Inner wall
;WIDTH:0.45
G1 F6000
G1 X139.5 Y112.092 E.00115
G2 X139.715 Y107.908 I.001 J-2.097 E.20501
G2 X139.28 Y107.908 I-.214 J2.351 E.01401
G2 X139.065 Y112.046 I.221 J2.086 E.19064
G1 X139.406 Y112.091 E.01105
G1 X139.464 Y112.509 F18000
G1 F6000
G1 X139.5 Y112.508 E.00114
G2 X139.756 Y107.502 I.002 J-2.51 E.24541
G2 X139.238 Y107.503 I-.253 J2.797 E.01668
G2 X139.238 Y112.494 I.264 J2.496 E.23651
G1 X139.405 Y112.505 E.00537
G1 E-1.75
;WIPE_START
G1 X139.5 Y112.508 E-.07165
G1 X139.762 Y112.497 E-.19695
G1 X140.022 Y112.456 E-.19717
G1 X140.276 Y112.388 E-.19713
G1 X140.384 Y112.346 E-.0871
;WIPE_END
G1 X140.242 Y111.974 Z11.84 F18000
G1 X81.724 Y111.72
G1 X81.556 Y111.829
G1 X81.359 Y111.929
G1 X81.153 Y112.008
G1 X80.939 Y112.066
G1 X80.721 Y112.1
G1 X80.553 Y112.109
G1 X80.532 Y111.707
G1 Z11.64
G1 E2.5 F6000
M204 P1000
;TYPE:Outer wall
;WIDTH:0.42
G1 F3600
G1 X80.854 Y111.664 E.00966
G2 X80.677 Y108.299 I-.353 J-1.669 E.14376
G2 X80.321 Y108.299 I-.176 J1.92 E.01061
G2 X80.473 Y111.701 I.179 J1.696 E.15345
G1 X80.451 Y112.109 F18000
G1 X80.5 Y112.112
G1 X80.535 Y112.11
G1 X80.535 Y112.099
M204 P1500
;TYPE:Inner wall
;WIDTH:0.45
G1 F6000
G1 X80.935 Y112.046 E.01298
G2 X80.715 Y107.908 I-.434 J-2.052 E.19092
G2 X80.28 Y107.908 I-.214 J2.351 E.01401
G2 X80.476 Y112.091 I.221 J2.086 E.20395
G1 X80.464 Y112.509 F18000
G1 F6000
G1 X80.5 Y112.508 E.00114
G2 X80.756 Y107.502 I.002 J-2.51 E.24541
G2 X80.238 Y107.503 I-.253 J2.797 E.01668
G2 X80.238 Y112.494 I.264 J2.496 E.23651
G1 X80.405 Y112.505 E.00537
G1 E-1.75
;WIPE_START
G1 X80.5 Y112.508 E-.07164
G1 X80.762 Y112.497 E-.19695
G1 X81.022 Y112.456 E-.19717
G1 X81.276 Y112.388 E-.19713
G1 X81.384 Y112.346 E-.08711
;WIPE_END
G1 X81.242 Y111.974 Z11.84 F18000
G1 X83.574 Y128.675
G1 X83.68 Y129.343
G1 X83.855 Y129.997
G1 X84.097 Y130.628
G1 X84.404 Y131.231
G1 X84.772 Y131.798
G1 X85.198 Y132.324
G1 X85.676 Y132.802
G1 X86.202 Y133.228
G1 X86.769 Y133.596
G1 X87.372 Y133.903
G1 X88.003 Y134.145
G1 X88.657 Y134.32
G1 X89.325 Y134.426
G1 X89.662 Y134.444
G1 X89.975 Y134.46
G1 X89.996 Y134.06
G1 Z11.64
G1 E2.5 F6000
M204 P1000
;TYPE:Outer wall
;WIDTH:0.42
G1 F3600
G1 X90 Y134.052 E.00027
G2 X89.993 Y121.94 I-.004 J-6.056 E.56671
G1 X89.367 Y121.973 E.01868
G2 X89.367 Y134.02 I.63 J6.023 E.52916
G1 X89.936 Y134.056 E.01697
G1 X89.915 Y134.457 F18000
G1 X89.981 Y134.461
G1 X89.981 Y134.452
M204 P1500
;TYPE:Inner wall
;WIDTH:0.45
G1 F6000
G1 X90 Y134.444 E.00065
G2 X89.993 Y121.547 I-.004 J-6.449 E.65143
G1 X89.325 Y121.582 E.02148
G2 X89.326 Y134.41 I.671 J6.414 E.60826
G1 X89.921 Y134.448 E.01918
G1 X89.962 Y134.859 F18000
G1 F6000
G1 X90 Y134.851 E.00126
G2 X89.992 Y121.14 I-.004 J-6.856 E.69258
G1 X89.283 Y121.177 E.02285
G2 X89.284 Y134.814 I.713 J6.819 E.64668
G1 X89.902 Y134.855 E.01991
G1 X89.923 Y134.458 F18000
G1 X89.325 Y134.426
G1 X88.657 Y134.32
G1 X88.003 Y134.145
G1 X87.372 Y133.903
G1 X86.769 Y133.596
G1 X86.202 Y133.228
G1 X85.676 Y132.802
G1 X85.198 Y132.324
G1 X84.772 Y131.798
G1 X84.404 Y131.231
G1 X84.097 Y130.628
G1 X83.855 Y129.997
G1 X83.68 Y129.343
G1 X83.574 Y128.675
G1 X83.538 Y128
G1 X83.556 Y127.662
G1 X83.567 Y127.451
G1 X83.006 Y127.422
M204 P2000
;TYPE:Internal solid infill
;WIDTH:0.420461
G1 F6000
G1 X83.006 Y110.925 E.49199
G1 X82.481 Y110.724 F18000
G1 X82.429 Y110.859
G1 X82.329 Y111.056
G1 X82.208 Y111.241
G1 X82.069 Y111.413
G1 X81.913 Y111.569
G1 X81.741 Y111.708
G1 X81.556 Y111.829
G1 X81.359 Y111.929
G1 X81.153 Y112.008
G1 X80.939 Y112.066
G1 X80.721 Y112.1
G1 X78.282 Y112.379
;WIDTH:0.36915
G1 F6000
G1 X77.902 Y111.957 E.01463
G1 X77.753 Y111.722 E.00719
G1 X77.753 Y112.379 E.01694
G1 X78.222 Y112.379 E.01209
G1 X79.532 Y112.731 F18000
;WIDTH:0.419999
G1 F6000
G1 X79.032 Y112.503 E.01636
G1 X78.544 Y112.143 E.01807
G1 X78.141 Y111.69 E.01807
G1 X77.841 Y111.163 E.01806
;WIDTH:0.407002
G1 X77.766 Y110.888 E.00818
;WIDTH:0.381008
G1 X77.69 Y110.614 E.00759
;WIDTH:0.347016
G3 X77.687 Y109.419 I3.856 J-.607 E.02882
;WIDTH:0.38407
G1 X77.755 Y109.126 E.00813
;WIDTH:0.432555
G1 X77.823 Y108.832 E.00928
;WIDTH:0.473644
G1 F5865.277
G1 X77.863 Y108.725 E.00387
;WIDTH:0.522582
G1 F5266.874
G1 X77.902 Y108.619 E.00431
G1 X78.115 Y108.258 E.01587
G1 X77.453 Y108.258 E.02506
;WIDTH:0.507338
G1 F5439.746
G1 X77.436 Y108.513 E.00938
;WIDTH:0.473644
G1 F5865.277
G1 X77.42 Y108.768 E.0087
;WIDTH:0.434319
G1 F6000
G1 X77.397 Y109.052 E.00881
;WIDTH:0.389362
G1 X77.375 Y109.336 E.0078
;WIDTH:0.346765
G2 X77.372 Y110.619 I11.84 J.667 E.03082
;WIDTH:0.376016
G1 X77.387 Y110.926 E.00807
;WIDTH:0.417678
G1 X77.401 Y111.232 E.00908
G1 X77.401 Y112.731 E.04436
G1 X79.472 Y112.731 E.0613
G1 X80.193 Y112.808 F18000
;WIDTH:0.38292
G1 F6000
G2 X80.911 Y112.799 I.307 J-4.238 E.01931
G1 X77.343 Y112.749 F18000
;WIDTH:0.420461
G1 F6000
G1 X77.343 Y141.959 E.87113
G2 X77.662 Y142.972 I1.877 J-.034 E.03211
G1 X77.72 Y143.038 E.00262
G1 X77.72 Y112.919 E.89823
G1 X78.098 Y112.919 E.01126
G1 X78.098 Y143.378 E.90838
G1 X78.173 Y143.433 E.00276
G1 X78.475 Y143.567 E.00988
G1 X78.475 Y112.919 E.91403
G1 X78.853 Y112.919 E.01126
G1 X78.853 Y143.648 E.91643
G2 X79.23 Y143.658 I.28 J-3.605 E.01127
G1 X79.23 Y112.919 E.91672
G1 X79.608 Y112.919 E.01126
G1 X79.608 Y143.658 E.91672
G1 X79.985 Y143.658 E.01126
G1 X79.985 Y112.919 E.91672
G1 X80.363 Y112.919 E.01126
G1 X80.363 Y143.658 E.91672
G1 X80.741 Y143.658 E.01126
G1 X80.741 Y112.919 E.91672
G1 X81.096 Y112.919 E.01059
G1 X81.096 Y112.781 E.00412
G1 X81.118 Y112.775 E.00069
G1 X81.118 Y143.658 E.92101
G1 X81.496 Y143.658 E.01126
G1 X81.496 Y112.66 E.92443
G2 X81.873 Y112.488 I-.631 J-1.884 E.0124
G1 X81.873 Y143.658 E.92956
G1 X82.251 Y143.658 E.01126
G1 X82.251 Y112.237 E.93705
G2 X82.628 Y111.885 I-2.198 J-2.737 E.01541
G1 X82.628 Y143.658 E.94754
G1 X83.006 Y143.658 E.01126
G1 X83.006 Y129.656 E.41756
G2 X83.383 Y130.811 I5.677 J-1.217 E.0363
G1 X83.383 Y143.658 E.38312
G1 X83.761 Y143.658 E.01126
G1 X83.761 Y131.58 E.36018
G1 X84.138 Y132.165 E.02077
G1 X84.138 Y143.658 E.34273
G1 X84.516 Y143.658 E.01126
G1 X84.516 Y132.644 E.32845
G2 X84.894 Y133.054 I2.138 J-1.59 E.01665
G1 X84.894 Y143.658 E.31623
G1 X85.271 Y143.658 E.01126
G1 X85.271 Y133.415 E.30545
G1 X85.649 Y133.721 E.01449
G1 X85.649 Y143.658 E.29634
G1 X86.026 Y143.658 E.01126
G1 X86.026 Y133.986 E.28844
G1 X86.404 Y134.231 E.01342
G1 X86.404 Y143.658 E.28113
G1 X86.781 Y143.658 E.01126
G1 X86.781 Y134.423 E.27539
G2 X87.159 Y134.605 I1.053 J-1.704 E.01252
G1 X87.159 Y143.658 E.26997
G1 X87.536 Y143.658 E.01126
G1 X87.536 Y134.75 E.26565
G2 X87.914 Y134.879 I.802 J-1.73 E.01192
G1 X87.914 Y143.658 E.2618
G1 X88.291 Y143.658 E.01126
G1 X88.291 Y134.98 E.25879
G2 X88.669 Y135.063 I.585 J-1.757 E.01155
G1 X88.669 Y143.658 E.25631
G1 X89.046 Y143.658 E.01126
G1 X89.046 Y135.123 E.25453
G2 X89.424 Y135.164 I.384 J-1.774 E.01135
G1 X89.424 Y143.658 E.2533
G1 X89.802 Y143.658 E.01126
G1 X89.802 Y135.184 E.25271
G2 X90.179 Y135.185 I.194 J-1.795 E.01128
G1 X90.179 Y143.658 E.25268
G1 X90.557 Y143.658 E.01126
G1 X90.557 Y135.165 E.25327
G2 X90.934 Y135.126 I.003 J-1.815 E.01134
G1 X90.934 Y143.658 E.25443
G1 X91.312 Y143.658 E.01126
G1 X91.312 Y135.066 E.25622
G2 X91.689 Y134.985 I-.193 J-1.819 E.01154
G1 X91.689 Y143.658 E.25864
G1 X92.067 Y143.658 E.01126
G1 X92.067 Y134.884 E.26167
G2 X92.444 Y134.757 I-.418 J-1.878 E.01189
G1 X92.444 Y143.658 E.26543
G1 X92.822 Y143.658 E.01126
G1 X92.822 Y134.612 E.26975
G2 X93.199 Y134.433 I-.664 J-1.885 E.01249
G1 X93.199 Y143.658 E.2751
G1 X93.577 Y143.658 E.01126
G1 X93.577 Y134.241 E.28084
G2 X93.955 Y133.998 I-.965 J-1.919 E.0134
G1 X93.955 Y143.658 E.28806
G1 X94.332 Y143.658 E.01126
G1 X94.332 Y133.737 E.29587
G1 X94.71 Y133.431 E.01449
G1 X94.71 Y143.658 E.30499
G1 X95.087 Y143.658 E.01126
G1 X95.087 Y133.073 E.31565
G2 X95.465 Y132.668 I-1.738 J-1.998 E.01655
G1 X95.465 Y143.658 E.32774
G1 X95.842 Y143.658 E.01126
G1 X95.842 Y132.195 E.34185
G1 X96.22 Y131.614 E.02067
G1 X96.22 Y143.658 E.35918
G1 X96.597 Y143.658 E.01126
G1 X96.597 Y130.861 E.38162
G2 X96.975 Y129.728 I-5.196 J-2.361 E.03568
G1 X96.975 Y143.658 E.41541
G1 X97.352 Y143.658 E.01126
G1 X97.352 Y76.342 E2.00754
G1 X97.73 Y76.342 E.01126
G1 X97.73 Y143.658 E2.00754
G1 X98.107 Y143.658 E.01126
G1 X98.107 Y76.342 E2.00754
G1 X98.485 Y76.342 E.01126
G1 X98.485 Y143.658 E2.00754
G1 X98.863 Y143.658 E.01126
G1 X98.863 Y76.342 E2.00754
G1 X99.24 Y76.342 E.01126
G1 X99.24 Y143.658 E2.00754
G1 X99.618 Y143.658 E.01126
G1 X99.618 Y76.342 E2.00754
G1 X99.995 Y76.342 E.01126
G1 X99.995 Y143.658 E2.00754
G1 X100.373 Y143.658 E.01126
G1 X100.373 Y76.342 E2.00754
G1 X100.75 Y76.342 E.01126
G1 X100.75 Y143.658 E2.00754
G1 X101.128 Y143.658 E.01126
G1 X101.128 Y76.342 E2.00754
G1 X101.505 Y76.342 E.01126
G1 X101.505 Y143.658 E2.00754
G1 X101.883 Y143.658 E.01126
G1 X101.883 Y76.342 E2.00754
G1 X102.26 Y76.342 E.01126
G1 X102.26 Y143.658 E2.00754
G1 X102.638 Y143.658 E.01126
G1 X102.638 Y76.342 E2.00754
G1 X103.015 Y76.342 E.01126
G1 X103.015 Y143.658 E2.00754
G1 X103.393 Y143.658 E.01126
G1 X103.393 Y76.342 E2.00754
G1 X103.771 Y76.342 E.01126
G1 X103.771 Y143.658 E2.00754
G1 X104.148 Y143.658 E.01126
G1 X104.148 Y76.342 E2.00754
G1 X104.526 Y76.342 E.01126
G1 X104.526 Y143.658 E2.00754
G1 X104.903 Y143.658 E.01126
G1 X104.903 Y76.342 E2.00754
G1 X105.281 Y76.342 E.01126
G1 X105.281 Y143.658 E2.00754
G1 X105.658 Y143.658 E.01126
G1 X105.658 Y76.342 E2.00754
G1 X106.036 Y76.342 E.01126
G1 X106.036 Y143.658 E2.00754
G1 X106.413 Y143.658 E.01126
G1 X106.413 Y76.342 E2.00754
G1 X106.791 Y76.342 E.01126
G1 X106.791 Y143.658 E2.00754
G1 X107.168 Y143.658 E.01126
G1 X107.168 Y76.342 E2.00754
G1 X107.546 Y76.342 E.01126
G1 X107.546 Y143.658 E2.00754
G1 X107.924 Y143.658 E.01126
G1 X107.924 Y76.342 E2.00754
G1 X108.301 Y76.342 E.01126
G1 X108.301 Y143.658 E2.00754
G1 X108.679 Y143.658 E.01126
G1 X108.679 Y76.342 E2.00754
G1 X109.056 Y76.342 E.01126
G1 X109.056 Y143.658 E2.00754
G1 X109.434 Y143.658 E.01126
G1 X109.434 Y76.342 E2.00754
G1 X109.811 Y76.342 E.01126
G1 X109.811 Y143.658 E2.00754
G1 X110.189 Y143.658 E.01126
G1 X110.189 Y76.342 E2.00754
G1 X110.566 Y76.342 E.01126
G1 X110.566 Y143.658 E2.00754
G1 X110.944 Y143.658 E.01126
G1 X110.944 Y76.342 E2.00754
G1 X111.321 Y76.342 E.01126
G1 X111.321 Y143.658 E2.00754
G1 X111.699 Y143.658 E.01126
G1 X111.699 Y76.342 E2.00754
G1 X112.076 Y76.342 E.01126
G1 X112.076 Y143.658 E2.00754
G1 X112.454 Y143.658 E.01126
G1 X112.454 Y76.342 E2.00754
G1 X112.832 Y76.342 E.01126
G1 X112.832 Y143.658 E2.00754
G1 X113.209 Y143.658 E.01126
G1 X113.209 Y76.342 E2.00754
G1 X113.587 Y76.342 E.01126
G1 X113.587 Y143.658 E2.00754
G1 X113.964 Y143.658 E.01126
G1 X113.964 Y76.342 E2.00754
G1 X114.342 Y76.342 E.01126
G1 X114.342 Y143.658 E2.00754
G1 X114.719 Y143.658 E.01126
G1 X114.719 Y76.342 E2.00754
G1 X115.097 Y76.342 E.01126
G1 X115.097 Y143.658 E2.00754
G1 X115.474 Y143.658 E.01126
G1 X115.474 Y76.342 E2.00754
G1 X115.852 Y76.342 E.01126
G1 X115.852 Y143.658 E2.00754
G1 X116.229 Y143.658 E.01126
G1 X116.229 Y76.342 E2.00754
G1 X116.607 Y76.342 E.01126
G1 X116.607 Y143.658 E2.00754
G1 X116.985 Y143.658 E.01126
G1 X116.985 Y76.342 E2.00754
G1 X117.362 Y76.342 E.01126
G1 X117.362 Y143.658 E2.00754
G1 X117.74 Y143.658 E.01126
G1 X117.74 Y76.342 E2.00754
G1 X118.117 Y76.342 E.01126
G1 X118.117 Y143.658 E2.00754
G1 X118.495 Y143.658 E.01126
G1 X118.495 Y76.342 E2.00754
G1 X118.872 Y76.342 E.01126
G1 X118.872 Y143.658 E2.00754
G1 X119.25 Y143.658 E.01126
G1 X119.25 Y76.342 E2.00754
G1 X119.627 Y76.342 E.01126
G1 X119.627 Y143.658 E2.00754
G1 X120.005 Y143.658 E.01126
G1 X120.005 Y76.342 E2.00754
G1 X120.382 Y76.342 E.01126
G1 X120.382 Y143.658 E2.00754
G1 X120.76 Y143.658 E.01126
G1 X120.76 Y76.342 E2.00754
G1 X121.137 Y76.342 E.01126
G1 X121.137 Y143.658 E2.00754
G1 X121.515 Y143.658 E.01126
G1 X121.515 Y76.342 E2.00754
G1 X121.893 Y76.342 E.01126
G1 X121.893 Y143.658 E2.00754
G1 X122.27 Y143.658 E.01126
G1 X122.27 Y76.342 E2.00754
G1 X122.648 Y76.342 E.01126
G1 X122.648 Y143.658 E2.00754
G1 X123.025 Y143.658 E.01126
G1 X123.025 Y76.342 E2.00754
G1 X123.403 Y76.342 E.01126
G1 X123.403 Y143.658 E2.00754
G1 X123.78 Y143.658 E.01126
G1 X123.78 Y76.342 E2.00754
G1 X124.158 Y76.342 E.01126
G1 X124.158 Y143.658 E2.00754
G1 X124.535 Y143.658 E.01126
G1 X124.535 Y76.342 E2.00754
G1 X124.913 Y76.342 E.01126
G1 X124.913 Y143.658 E2.00754
G1 X125.29 Y143.658 E.01126
G1 X125.29 Y76.342 E2.00754
G1 X125.668 Y76.342 E.01126
G1 X125.668 Y143.658 E2.00754
G1 X126.045 Y143.658 E.01126
G1 X126.045 Y76.342 E2.00754
G1 X126.423 Y76.342 E.01126
G1 X126.423 Y143.658 E2.00754
G1 X126.801 Y143.658 E.01126
G1 X126.801 Y76.342 E2.00754
G1 X127.178 Y76.342 E.01126
G1 X127.178 Y143.658 E2.00754
G1 X127.556 Y143.658 E.01126
G1 X127.556 Y76.342 E2.00754
G1 X127.933 Y76.342 E.01126
G1 X127.933 Y143.658 E2.00754
G1 X128.311 Y143.658 E.01126
G1 X128.311 Y76.342 E2.00754
G1 X128.688 Y76.342 E.01126
G1 X128.688 Y143.658 E2.00754
G1 X129.066 Y143.658 E.01126
G1 X129.066 Y76.342 E2.00754
G1 X129.443 Y76.342 E.01126
G1 X129.443 Y143.658 E2.00754
G1 X129.821 Y143.658 E.01126
G1 X129.821 Y76.342 E2.00754
G1 X130.198 Y76.342 E.01126
G1 X130.198 Y143.658 E2.00754
G1 X130.576 Y143.658 E.01126
G1 X130.576 Y76.342 E2.00754
G1 X130.954 Y76.342 E.01126
G1 X130.954 Y143.658 E2.00754
G1 X131.331 Y143.658 E.01126
G1 X131.331 Y76.342 E2.00754
G1 X131.709 Y76.342 E.01126
G1 X131.709 Y143.658 E2.00754
G1 X132.086 Y143.658 E.01126
G1 X132.086 Y76.342 E2.00754
G1 X132.464 Y76.342 E.01126
G1 X132.464 Y143.658 E2.00754
G1 X132.841 Y143.658 E.01126
G1 X132.841 Y76.342 E2.00754
G1 X133.219 Y76.342 E.01126
G1 X133.219 Y143.658 E2.00754
G1 X133.596 Y143.658 E.01126
G1 X133.596 Y76.342 E2.00754
G1 X133.974 Y76.342 E.01126
G1 X133.974 Y143.658 E2.00754
G1 X134.351 Y143.658 E.01126
G1 X134.351 Y76.342 E2.00754
G1 X134.729 Y76.342 E.01126
G1 X134.729 Y143.658 E2.00754
G1 X135.106 Y143.658 E.01126
G1 X135.106 Y76.342 E2.00754
G1 X135.484 Y76.342 E.01126
G1 X135.484 Y143.658 E2.00754
G1 X135.862 Y143.658 E.01126
G1 X135.862 Y76.342 E2.00754
G1 X136.239 Y76.342 E.01126
G1 X136.239 Y143.827 E2.0126
G1 X142.657 Y142.74 F18000
G1 F6000
G1 X142.657 Y112.919 E.88935
G1 X142.28 Y112.919 E.01126
G1 X142.28 Y143.038 E.89823
G1 X142.229 Y143.107 E.00255
G1 X141.972 Y143.338 E.01032
G1 X141.902 Y143.379 E.00242
G1 X141.902 Y112.919 E.90841
G1 X141.525 Y112.919 E.01126
G1 X141.525 Y143.559 E.91379
G3 X141.147 Y143.638 I-.371 J-.836 E.01159
G1 X141.147 Y112.919 E.91614
G1 X140.77 Y112.919 E.01126
G1 X140.77 Y143.658 E.91672
G1 X140.392 Y143.658 E.01126
G1 X140.392 Y112.919 E.91672
G1 X140.015 Y112.919 E.01126
G1 X140.015 Y143.658 E.91672
G1 X139.637 Y143.658 E.01126
G1 X139.637 Y112.919 E.91672
G1 X139.259 Y112.919 E.01126
G1 X139.259 Y143.658 E.91672
G1 X138.882 Y143.658 E.01126
G1 X138.882 Y112.775 E.92101
G3 X138.504 Y112.66 I.357 J-1.854 E.01179
G1 X138.504 Y143.658 E.92443
G1 X138.127 Y143.658 E.01126
G1 X138.127 Y112.488 E.92956
G3 X137.749 Y112.237 I1.584 J-2.793 E.01353
G1 X137.749 Y143.658 E.93705
G1 X137.372 Y143.658 E.01126
G1 X137.372 Y111.885 E.94754
G3 X136.994 Y111.339 I2.326 J-2.01 E.01985
G1 X136.994 Y143.658 E.96385
G1 X136.617 Y143.658 E.01126
G1 X136.617 Y76.342 E2.00754
G1 X136.994 Y76.342 E.01126
G1 X136.994 Y108.661 E.96384
G3 X137.372 Y108.115 I2.703 J1.463 E.01985
G1 X137.372 Y76.342 E.94754
G1 X137.749 Y76.342 E.01126
G1 X137.749 Y107.763 E.93705
G3 X138.127 Y107.512 I1.962 J2.542 E.01353
G1 X138.127 Y76.342 E.92956
G1 X138.504 Y76.342 E.01126
G1 X138.504 Y107.34 E.92443
G3 X138.882 Y107.225 I.735 J1.739 E.01179
G1 X138.882 Y76.342 E.92101
G1 X139.259 Y76.342 E.01126
G1 X139.259 Y107.17 E.91936
G1 X139.637 Y107.169 E.01126
G1 X139.637 Y76.342 E.91934
G1 X140.015 Y76.342 E.01126
G1 X140.015 Y107.206 E.92043
G3 X140.392 Y107.3 I-.859 J4.243 E.01161
G1 X140.392 Y76.342 E.92324
G1 X140.77 Y76.342 E.01126
G1 X140.77 Y107.459 E.92799
G3 X141.147 Y107.683 I-.875 J1.907 E.01311
G1 X141.147 Y76.352 E.93438
G1 X141.525 Y76.433 E.01151
G1 X141.525 Y108.008 E.94166
G1 X141.902 Y108.017 E.01126
G1 X141.902 Y76.614 E.93653
G3 X142.28 Y76.962 I-1.317 J1.808 E.01535
G1 X142.28 Y108.017 E.92615
G1 X142.657 Y108.017 E.01126
G1 X142.657 Y77.26 E.91727
G1 X143.167 Y77 F18000
G1 X137.434 Y109.561
G1 X137.4 Y109.779
G1 X137.388 Y110
G1 X137.4 Y110.221
G1 X137.434 Y110.439
G1 X137.492 Y110.652
G1 X137.571 Y110.859
G1 X137.671 Y111.056
G1 X137.792 Y111.241
G1 X137.931 Y111.413
G1 X138.087 Y111.569
G1 X138.259 Y111.708
G1 X138.444 Y111.829
G1 X138.641 Y111.929
G1 X138.847 Y112.008
G1 X139.061 Y112.066
G1 X139.145 Y112.079
G1 X139.033 Y112.791
;WIDTH:0.38292
G1 F6000
G2 X140.027 Y112.789 I.491 J-4.646 E.02677
G1 X141.694 Y112.381 F18000
;WIDTH:0.364959
G1 F6000
G1 X142.249 Y112.381 E.01412
G1 X142.249 Y111.724 E.0167
G1 X141.953 Y112.133 E.01283
G1 X141.738 Y112.339 E.00759
G1 X142.49 Y110.346 F18000
;WIDTH:0.613588
G1 F4426.944
G1 X142.445 Y110.452 E.00521
;WIDTH:0.570569
G1 F4787.878
G1 X142.401 Y110.558 E.00481
;WIDTH:0.527549
G1 F5212.892
G1 X142.356 Y110.665 E.00442
;WIDTH:0.484529
G1 F5720.711
G1 X142.311 Y110.771 E.00403
;WIDTH:0.420366
G1 F6000
G3 X142.023 Y111.434 I-24.101 J-10.081 E.02155
G1 X141.67 Y111.927 E.01808
G1 X141.222 Y112.336 E.0181
G1 X140.698 Y112.643 E.01809
G1 X140.443 Y112.731 E.00806
G1 X142.599 Y112.731 E.06429
G1 X142.599 Y110.913 E.0542
;WIDTH:0.440938
G1 X142.579 Y110.811 E.00325
;WIDTH:0.482816
G1 F5742.992
G1 X142.56 Y110.709 E.0036
;WIDTH:0.524693
G1 F5243.788
G1 X142.54 Y110.608 E.00394
;WIDTH:0.566571
G1 F4824.431
G1 X142.521 Y110.506 E.00428
;WIDTH:0.58751
G1 F4638.937
G1 X142.501 Y110.404 E.00445
G1 X142.491 Y110.335 F18000
;WIDTH:0.635085
G1 F4266.236
G1 X142.493 Y109.714 E.02903
G1 X141.866 Y108.256 F18000
;WIDTH:0.521342
G1 F5280.518
G1 X142.09 Y108.593 E.01529
G1 X142.316 Y109.112 E.02138
;WIDTH:0.54064
G1 F5075.781
G1 X142.374 Y109.293 E.00747
;WIDTH:0.579235
G1 F4710.507
G1 X142.432 Y109.474 E.00805
;WIDTH:0.617831
G1 F4394.278
G1 X142.49 Y109.655 E.00863
G1 X142.509 Y109.465 E.00863
;WIDTH:0.579235
G1 F4710.507
G1 X142.529 Y109.276 E.00805
;WIDTH:0.525806
G1 F5231.705
G1 X142.548 Y109.087 E.00725
G1 X142.548 Y108.256 E.0317
G1 X141.926 Y108.256 E.02374
G1 X139.939 Y107.934 F18000
G1 X139.716 Y107.899
G1 X139.476 Y107.89
G1 X139.279 Y107.9
G1 X139.061 Y107.934
G1 X138.847 Y107.992
G1 X138.641 Y108.071
G1 X138.444 Y108.171
G1 X138.259 Y108.292
G1 X138.087 Y108.431
G1 X137.931 Y108.587
G1 X137.792 Y108.759
G1 X137.671 Y108.944
G1 X137.571 Y109.141
G1 X137.492 Y109.348
G1 X137.434 Y109.561
G1 X137.4 Y109.779
G1 X137.388 Y110
G1 X137.397 Y110.164
G1 X96.42 Y127.283
G1 X96.975 Y127.195
;WIDTH:0.420461
G1 F6000
G1 X96.975 Y76.342 E1.51659
G1 X96.597 Y76.342 E.01126
G1 X96.597 Y125.139 E1.45525
G1 X96.22 Y124.386 E.0251
G1 X96.22 Y76.342 E1.43281
G1 X95.842 Y76.342 E.01126
G1 X95.842 Y123.805 E1.41547
G1 X95.465 Y123.332 E.01805
G1 X95.465 Y76.342 E1.40137
G1 X95.087 Y76.342 E.01126
G1 X95.087 Y122.927 E1.38928
G2 X94.71 Y122.569 I-1.89 J1.616 E.01554
G1 X94.71 Y76.342 E1.37862
G1 X94.332 Y76.342 E.01126
G1 X94.332 Y122.263 E1.3695
G2 X93.955 Y122.002 I-1.434 J1.665 E.01373
G1 X93.955 Y76.342 E1.36169
G1 X93.577 Y76.342 E.01126
G1 X93.577 Y121.759 E1.35447
G1 X93.199 Y121.567 E.01264
G1 X93.199 Y76.342 E1.34873
G1 X92.822 Y76.342 E.01126
G1 X92.822 Y121.388 E1.34338
G1 X92.444 Y121.243 E.01206
G1 X92.444 Y76.342 E1.33906
G1 X92.067 Y76.342 E.01126
G1 X92.067 Y121.116 E1.33528
G1 X91.689 Y121.015 E.01166
G1 X91.689 Y76.342 E1.33226
G1 X91.312 Y76.342 E.01126
G1 X91.312 Y120.934 E1.32985
G1 X90.934 Y120.874 E.0114
G1 X90.934 Y76.342 E1.32806
G1 X90.557 Y76.342 E.01126
G1 X90.557 Y120.835 E1.3269
G1 X90.179 Y120.816 E.01127
G1 X90.179 Y76.342 E1.32632
G1 X89.802 Y76.342 E.01126
G1 X89.802 Y120.816 E1.32634
G1 X89.424 Y120.836 E.01127
G1 X89.424 Y76.342 E1.32693
G1 X89.046 Y76.342 E.01126
G1 X89.046 Y120.877 E1.32815
G1 X88.669 Y120.937 E.0114
G1 X88.669 Y76.342 E1.32994
G1 X88.291 Y76.342 E.01126
G1 X88.291 Y121.02 E1.33242
G1 X87.914 Y121.121 E.01166
G1 X87.914 Y76.342 E1.33543
G1 X87.536 Y76.342 E.01126
G1 X87.536 Y121.25 E1.33928
G1 X87.159 Y121.395 E.01206
G1 X87.159 Y76.342 E1.3436
G1 X86.781 Y76.342 E.01126
G1 X86.781 Y121.577 E1.34902
G1 X86.404 Y121.769 E.01264
G1 X86.404 Y76.342 E1.35476
G1 X86.026 Y76.342 E.01126
G1 X86.026 Y122.014 E1.36207
G2 X85.649 Y122.279 I1.071 J1.929 E.01378
G1 X85.649 Y76.342 E1.36997
G1 X85.271 Y76.342 E.01126
G1 X85.271 Y122.585 E1.37908
G2 X84.894 Y122.946 I1.529 J1.976 E.01561
G1 X84.894 Y76.342 E1.38986
G1 X84.516 Y76.342 E.01126
G1 X84.516 Y123.356 E1.40208
G1 X84.138 Y123.835 E.01819
G1 X84.138 Y76.342 E1.41636
G1 X83.761 Y76.342 E.01126
G1 X83.761 Y124.42 E1.43381
G1 X83.383 Y125.189 E.02556
G1 X83.383 Y76.342 E1.45675
G1 X83.006 Y76.342 E.01126
G1 X83.006 Y108.661 E.96385
G2 X82.628 Y108.115 I-2.703 J1.463 E.01985
G1 X82.628 Y76.342 E.94754
G1 X82.251 Y76.342 E.01126
G1 X82.251 Y107.763 E.93705
G2 X81.873 Y107.512 I-1.962 J2.542 E.01353
G1 X81.873 Y76.342 E.92956
G1 X81.496 Y76.342 E.01126
G1 X81.496 Y107.34 E.92443
G2 X81.118 Y107.225 I-.735 J1.739 E.01179
G1 X81.118 Y76.342 E.92101
G1 X80.741 Y76.342 E.01126
G1 X80.741 Y107.169 E.91933
G1 X80.363 Y107.17 E.01126
G1 X80.363 Y76.342 E.91936
G1 X79.985 Y76.342 E.01126
G1 X79.985 Y107.206 E.92043
G2 X79.608 Y107.3 I.86 J4.246 E.01161
G1 X79.608 Y76.342 E.92324
G1 X79.23 Y76.342 E.01126
G1 X79.23 Y107.459 E.92799
G2 X78.853 Y107.683 I.875 J1.907 E.01311
G1 X78.853 Y76.362 E.93408
G2 X78.475 Y76.441 I-.006 J.915 E.01159
G1 X78.466 Y108.017 E.94171
G1 X78.098 Y108.017 E.01098
G1 X78.098 Y76.621 E.93633
G1 X78.028 Y76.662 E.00242
G1 X77.771 Y76.893 E.01032
G1 X77.72 Y76.962 E.00255
G1 X77.72 Y108.017 E.92615
G1 X77.343 Y108.017 E.01126
G1 X77.343 Y77.26 E.91727
; stop printing object esp32_pod_lid.stl id:0 copy 0
;LAYER_CHANGE
;Z:11.84
;HEIGHT:0.2
G92 E0 ; zero the extruded length again
; BEFORE_LAYER_CHANGE 58 @ 11.84mm
G1 E-1.75 F6000
;WIPE_START
G1 X77.343 Y78.26 E-.75
;WIPE_END
; AFTER_LAYER_CHANGE 58 @ 11.84mm
;_SET_FAN_SPEED_CHANGING_LAYER
; printing object esp32_pod_lid.stl id:0 copy 0
G17
G3 Z12.04 I0 J-.608 P1  F18000
G1 X76.611 Y78.26 Z12.04
G1 X140.984 Y144.389
G1 X140.984 Y144.389
G1 X140.995 Y144.79
G1 Z11.84
G1 E2.5 F6000
M204 P1000
;TYPE:Outer wall
;WIDTH:0.42
G1 F3600
G1 X79.005 Y144.79 E1.84644
G3 X76.21 Y141.995 I.004 J-2.8 E.13074
G1 X76.21 Y78.005 E1.90602
G3 X79.005 Y75.21 I2.8 J.005 E.13074
G1 X140.995 Y75.21 E1.84644
G1 X141.292 Y75.226 E.00886
G3 X143.79 Y78.005 I-.294 J2.777 E.12197
G1 X143.79 Y141.995 E1.90601
G3 X141.054 Y144.789 I-2.8 J-.004 E.12895
G1 X141.034 Y144.387 F18000
G1 X140.984 Y144.389
G1 X140.984 Y144.389
G1 X140.984 Y144.398
M204 P1500
;TYPE:Inner wall
;WIDTH:0.45
G1 F6000
G1 X79.016 Y144.398 E1.99268
G3 X76.602 Y141.984 I-.006 J-2.408 E.122
G1 X76.602 Y78.016 E2.057
G3 X79.016 Y75.602 I2.408 J-.006 E.12199
G1 X140.984 Y75.602 E1.99268
G1 X141.251 Y75.616 E.00857
G3 X143.398 Y78.016 I-.259 J2.392 E.11345
G1 X143.398 Y141.984 E2.05699
G3 X141.044 Y144.397 I-2.408 J.006 E.12007
G1 X140.974 Y143.991 F18000
G1 F6000
G1 X79.026 Y143.991 E1.992
G3 X77.009 Y141.974 I-.016 J-2.001 E.10212
G1 X77.009 Y78.026 E2.05631
G3 X79.026 Y76.009 I2.001 J-.016 E.10212
G1 X140.974 Y76.009 E1.992
G1 X141.208 Y76.021 E.00754
G3 X142.991 Y78.026 I-.241 J2.01 E.09432
G1 X142.991 Y141.974 E2.05631
G3 X141.033 Y143.99 I-2.001 J.016 E.1002
G1 E-1.75
;WIPE_START
G1 X140.033 Y143.99 E-.75
;WIPE_END
G1 X140.033 Y144.389 Z12.04 F18000
G1 X139.551 Y112.109
G1 X139.53 Y111.707
G1 Z11.84
G1 E2.5 F6000
M204 P1000
;TYPE:Outer wall
;WIDTH:0.42
G1 F3600
G1 X139.854 Y111.664 E.00973
G2 X139.676 Y108.299 I-.353 J-1.669 E.14379
G2 X139.321 Y108.299 I-.175 J2.003 E.01059
G2 X139.471 Y111.701 I.179 J1.696 E.15337
G1 X139.449 Y112.109 F18000
G1 X139.465 Y112.11
G1 X139.465 Y112.099
M204 P1500
;TYPE:Inner wall
;WIDTH:0.45
G1 F6000
G1 X139.5 Y112.092 E.00115
G2 X139.714 Y107.908 I.001 J-2.097 E.20508
G2 X139.28 Y107.908 I-.212 J2.448 E.01397
G2 X139.065 Y112.046 I.221 J2.086 E.19062
G1 X139.406 Y112.091 E.01105
G1 X139.536 Y112.509 F18000
G1 F6000
G1 X139.762 Y112.495 E.0073
G2 X139.753 Y107.502 I-.26 J-2.496 E.23707
G2 X139.238 Y107.503 I-.25 J2.91 E.01661
G2 X139.476 Y112.508 I.265 J2.496 E.24413
G1 E-1.75
;WIPE_START
G1 X139.762 Y112.495 E-.21512
G1 X140.022 Y112.456 E-.19711
G1 X140.276 Y112.388 E-.19711
G1 X140.451 Y112.321 E-.14067
;WIPE_END
G1 X140.308 Y111.949 Z12.04 F18000
G1 X81.724 Y111.72
G1 X81.556 Y111.829
G1 X81.359 Y111.929
G1 X81.153 Y112.008
G1 X80.939 Y112.066
G1 X80.721 Y112.1
G1 X80.551 Y112.109
G1 X80.53 Y111.707
G1 Z11.84
G1 E2.5 F6000
M204 P1000
;TYPE:Outer wall
;WIDTH:0.42
G1 F3600
G1 X80.854 Y111.664 E.00973
G2 X80.676 Y108.299 I-.353 J-1.669 E.14379
G2 X80.321 Y108.299 I-.175 J2.003 E.01059
G2 X80.471 Y111.701 I.179 J1.696 E.15337
G1 X80.449 Y112.109 F18000
G1 X80.5 Y112.112
G1 X80.535 Y112.11
G1 X80.535 Y112.099
M204 P1500
;TYPE:Inner wall
;WIDTH:0.45
G1 F6000
G1 X80.935 Y112.046 E.01298
G2 X80.714 Y107.908 I-.433 J-2.052 E.19099
G2 X80.28 Y107.908 I-.212 J2.448 E.01397
G2 X80.476 Y112.091 I.221 J2.086 E.20392
G1 X80.536 Y112.509 F18000
G1 F6000
G1 X80.762 Y112.495 E.0073
G2 X80.753 Y107.502 I-.26 J-2.496 E.23707
G2 X80.238 Y107.503 I-.25 J2.91 E.01661
G2 X80.476 Y112.508 I.265 J2.496 E.24413
G1 E-1.75
;WIPE_START
G1 X80.762 Y112.495 E-.21512
G1 X81.022 Y112.456 E-.19711
G1 X81.276 Y112.388 E-.19711
G1 X81.451 Y112.321 E-.14067
;WIPE_END
G1 X81.308 Y111.949 Z12.04 F18000
G1 X83.574 Y128.675
G1 X83.68 Y129.343
G1 X83.855 Y129.997
G1 X84.097 Y130.628
G1 X84.404 Y131.231
G1 X84.772 Y131.798
G1 X85.198 Y132.324
G1 X85.676 Y132.802
G1 X86.202 Y133.228
G1 X86.769 Y133.596
G1 X87.372 Y133.903
G1 X88.003 Y134.145
G1 X88.657 Y134.32
G1 X89.325 Y134.426
G1 X89.662 Y134.444
G1 X89.975 Y134.46
G1 X89.996 Y134.06
G1 Z11.84
G1 E2.5 F6000
M204 P1000
;TYPE:Outer wall
;WIDTH:0.42
G1 F3600
G1 X90 Y134.057 E.00015
G2 X92.465 Y122.464 I.007 J-6.057 E.49163
G2 X89.943 Y121.943 I-2.524 J5.854 E.07725
G2 X89.367 Y134.023 I.064 J6.057 E.54584
G1 X89.936 Y134.057 E.01699
G1 X89.915 Y134.457 F18000
G1 X89.981 Y134.461
G1 X89.981 Y134.452
M204 P1500
;TYPE:Inner wall
;WIDTH:0.45
G1 F6000
G1 X90 Y134.448 E.00062
G2 X93.227 Y122.412 I.007 J-6.449 E.54331
G2 X89.922 Y121.551 I-3.212 J5.559 E.11114
G2 X89.326 Y134.412 I.085 J6.448 E.62679
G1 X89.921 Y134.448 E.01918
G1 X89.962 Y134.859 F18000
G1 F6000
G1 X90 Y134.857 E.00124
G2 X94.591 Y122.901 I.006 J-6.857 E.53142
G2 X89.901 Y121.145 I-4.579 J5.084 E.16488
G2 X89.283 Y134.819 I.106 J6.856 E.66597
G1 X89.902 Y134.855 E.01992
G1 X78.259 Y143.657 F18000
M204 P2000
;TYPE:Internal solid infill
;WIDTH:0.421088
G1 F6000
G1 X140.963 Y143.657 E1.87312
G2 X141.972 Y143.338 I-.036 J-1.874 E.03205
G1 X142.039 Y143.279 E.00267
G1 X77.961 Y143.279 E1.91417
G1 X77.893 Y143.229 E.0025
G1 X77.662 Y142.972 E.01034
G1 X77.62 Y142.901 E.00248
G1 X142.379 Y142.901 E1.93453
G1 X142.433 Y142.827 E.00271
G1 X142.568 Y142.522 E.00997
G1 X77.44 Y142.522 E1.94556
G3 X77.362 Y142.144 I.837 J-.37 E.01162
G1 X142.648 Y142.144 E1.95028
G2 X142.658 Y141.766 I-3.611 J-.279 E.01131
G1 X77.342 Y141.766 E1.95113
G1 X77.342 Y141.388 E.0113
G1 X142.658 Y141.388 E1.95113
G1 X142.658 Y141.01 E.0113
G1 X77.342 Y141.01 E1.95113
G1 X77.342 Y140.632 E.0113
G1 X142.658 Y140.632 E1.95113
G1 X142.658 Y140.253 E.0113
G1 X77.342 Y140.253 E1.95113
G1 X77.342 Y139.875 E.0113
G1 X142.658 Y139.875 E1.95113
G1 X142.658 Y139.497 E.0113
G1 X77.342 Y139.497 E1.95113
G1 X77.342 Y139.119 E.0113
G1 X142.658 Y139.119 E1.95113
G1 X142.658 Y138.741 E.0113
G1 X77.342 Y138.741 E1.95113
G1 X77.342 Y138.363 E.0113
G1 X142.658 Y138.363 E1.95113
G1 X142.658 Y137.984 E.0113
G1 X77.342 Y137.984 E1.95113
G1 X77.342 Y137.606 E.0113
G1 X142.658 Y137.606 E1.95113
G1 X142.658 Y137.228 E.0113
G1 X77.342 Y137.228 E1.95113
G1 X77.342 Y136.85 E.0113
G1 X142.658 Y136.85 E1.95113
G1 X142.658 Y136.472 E.0113
G1 X77.342 Y136.472 E1.95113
G1 X77.342 Y136.094 E.0113
G1 X142.658 Y136.094 E1.95113
G1 X142.658 Y135.715 E.0113
G1 X77.342 Y135.715 E1.95113
G1 X77.342 Y135.337 E.0113
G1 X142.827 Y135.337 E1.9562
G1 X142.827 Y112.269 F18000
G1 F6000
G1 X141.212 Y112.269 E.04826
G3 X140.53 Y112.647 I-1.446 J-1.803 E.02339
G1 X142.658 Y112.647 E.06355
G1 X142.658 Y113.025 E.0113
G1 X77.342 Y113.025 E1.95113
G1 X77.342 Y113.403 E.0113
G1 X142.658 Y113.403 E1.95113
G1 X142.658 Y113.782 E.0113
G1 X77.342 Y113.782 E1.95113
G1 X77.342 Y114.16 E.0113
G1 X142.658 Y114.16 E1.95113
G1 X142.658 Y114.538 E.0113
G1 X77.342 Y114.538 E1.95113
G1 X77.342 Y114.916 E.0113
G1 X142.658 Y114.916 E1.95113
G1 X142.658 Y115.294 E.0113
G1 X77.342 Y115.294 E1.95113
G1 X77.342 Y115.672 E.0113
G1 X142.658 Y115.672 E1.95113
G1 X142.658 Y116.051 E.0113
G1 X77.342 Y116.051 E1.95113
G1 X77.342 Y116.429 E.0113
G1 X142.658 Y116.429 E1.95113
G1 X142.658 Y116.807 E.0113
G1 X77.342 Y116.807 E1.95113
G1 X77.342 Y117.185 E.0113
G1 X142.658 Y117.185 E1.95113
G1 X142.658 Y117.563 E.0113
G1 X77.342 Y117.563 E1.95113
G1 X77.342 Y117.942 E.0113
G1 X142.658 Y117.942 E1.95113
G1 X142.658 Y118.32 E.0113
G1 X77.342 Y118.32 E1.95113
G1 X77.342 Y118.698 E.0113
G1 X142.658 Y118.698 E1.95113
G1 X142.658 Y119.076 E.0113
G1 X77.342 Y119.076 E1.95113
G1 X77.342 Y119.454 E.0113
G1 X142.658 Y119.454 E1.95113
G1 X142.658 Y119.832 E.0113
G1 X77.342 Y119.832 E1.95113
G1 X77.342 Y120.211 E.0113
G1 X142.658 Y120.211 E1.95113
G1 X142.658 Y120.589 E.0113
G1 X77.342 Y120.589 E1.95113
G1 X77.342 Y120.967 E.0113
G1 X142.658 Y120.967 E1.95113
G1 X142.658 Y121.345 E.0113
G1 X92.711 Y121.345 E1.49203
G1 X92.926 Y121.428 E.00688
G1 X93.506 Y121.723 E.01945
G1 X142.658 Y121.723 E1.46827
G1 X142.658 Y122.101 E.0113
G1 X94.108 Y122.101 E1.45029
G3 X94.599 Y122.48 I-1.554 J2.525 E.01855
G1 X142.658 Y122.48 E1.43563
G1 X142.658 Y122.858 E.0113
G1 X95.018 Y122.858 E1.42311
G3 X95.387 Y123.236 I-1.614 J1.942 E.01581
G1 X142.658 Y123.236 E1.4121
G1 X142.658 Y123.614 E.0113
G1 X95.693 Y123.614 E1.40295
G3 X95.964 Y123.992 I-1.664 J1.478 E.01392
G1 X142.658 Y123.992 E1.39486
G1 X142.658 Y124.37 E.0113
G1 X96.209 Y124.37 E1.38753
G3 X96.407 Y124.749 I-1.702 J1.128 E.01276
G1 X142.658 Y124.749 E1.38163
G1 X142.658 Y125.127 E.0113
G1 X96.593 Y125.127 E1.37607
G1 X96.738 Y125.505 E.0121
G1 X142.658 Y125.505 E1.37174
G1 X142.658 Y125.883 E.0113
G1 X96.871 Y125.883 E1.36777
G1 X96.972 Y126.261 E.0117
G1 X142.658 Y126.261 E1.36474
G1 X142.658 Y126.639 E.0113
G1 X97.059 Y126.639 E1.36216
G1 X97.118 Y127.018 E.01144
G1 X142.658 Y127.018 E1.36037
G1 X142.658 Y127.396 E.0113
G1 X97.163 Y127.396 E1.35905
G1 X97.183 Y127.774 E.01131
G1 X142.658 Y127.774 E1.35846
G1 X142.658 Y128.152 E.0113
G1 X97.186 Y128.152 E1.35834
G1 X97.167 Y128.53 E.01131
G1 X142.658 Y128.53 E1.35893
G1 X142.658 Y128.908 E.0113
G1 X97.13 Y128.908 E1.36002
G1 X97.07 Y129.287 E.01144
G1 X142.658 Y129.287 E1.36181
G1 X142.658 Y129.665 E.0113
G1 X96.992 Y129.665 E1.36415
G1 X96.891 Y130.043 E.0117
G1 X142.658 Y130.043 E1.36718
G1 X142.658 Y130.421 E.0113
G1 X96.766 Y130.421 E1.37089
G1 X96.621 Y130.799 E.0121
G1 X142.658 Y130.799 E1.37523
G1 X142.658 Y131.177 E.0113
G1 X96.444 Y131.177 E1.3805
G1 X96.252 Y131.556 E.01268
G1 X142.658 Y131.556 E1.38626
G1 X142.658 Y131.934 E.0113
G1 X96.012 Y131.934 E1.39342
G3 X95.753 Y132.312 I-1.929 J-1.043 E.01372
G1 X142.658 Y132.312 E1.40116
G1 X142.658 Y132.69 E.0113
G1 X95.447 Y132.69 E1.4103
G3 X95.092 Y133.068 I-1.975 J-1.497 E.01551
G1 X142.658 Y133.068 E1.4209
G1 X142.658 Y133.446 E.0113
G1 X94.691 Y133.446 E1.4329
G1 X94.222 Y133.825 E.01798
G1 X142.658 Y133.825 E1.44689
G1 X142.658 Y134.203 E.0113
G1 X93.64 Y134.203 E1.46428
G1 X92.904 Y134.581 E.02471
G1 X142.658 Y134.581 E1.48626
G1 X142.658 Y134.959 E.0113
G1 X91.787 Y134.959 E1.51963
G1 X91.496 Y135.037 E.00901
G3 X88.213 Y134.959 I-1.471 J-7.212 E.09893
G1 X77.342 Y134.959 E.32472
G1 X77.342 Y134.581 E.0113
G1 X87.096 Y134.581 E.29136
G1 X86.36 Y134.203 E.02471
G1 X77.342 Y134.203 E.26938
G1 X77.342 Y133.825 E.0113
G1 X85.778 Y133.825 E.25198
G1 X85.309 Y133.446 E.01798
G1 X77.342 Y133.446 E.23799
G1 X77.342 Y133.068 E.0113
G1 X84.908 Y133.068 E.22599
G3 X84.553 Y132.69 I1.621 J-1.875 E.01551
G1 X77.342 Y132.69 E.2154
G1 X77.342 Y132.312 E.0113
G1 X84.247 Y132.312 E.20626
G3 X83.988 Y131.934 I1.67 J-1.421 E.01372
G1 X77.342 Y131.934 E.19852
G1 X77.342 Y131.556 E.0113
G1 X83.748 Y131.556 E.19136
G1 X83.556 Y131.177 E.01268
G1 X77.342 Y131.177 E.1856
G1 X77.342 Y130.799 E.0113
G1 X83.379 Y130.799 E.18032
G1 X83.234 Y130.421 E.0121
G1 X77.342 Y130.421 E.17599
G1 X77.342 Y130.043 E.0113
G1 X83.109 Y130.043 E.17227
G1 X83.008 Y129.665 E.0117
G1 X77.342 Y129.665 E.16925
G1 X77.342 Y129.287 E.0113
G1 X82.93 Y129.287 E.16691
G1 X82.87 Y128.908 E.01144
G1 X77.342 Y128.908 E.16512
G1 X77.342 Y128.53 E.0113
G1 X82.833 Y128.53 E.16403
G1 X82.814 Y128.152 E.01131
G1 X77.342 Y128.152 E.16344
G1 X77.342 Y127.774 E.0113
G1 X82.817 Y127.774 E.16355
G1 X82.837 Y127.396 E.01131
G1 X77.342 Y127.396 E.16414
G1 X77.342 Y127.018 E.0113
G1 X82.882 Y127.018 E.16547
G1 X82.941 Y126.639 E.01144
G1 X77.342 Y126.639 E.16726
G1 X77.342 Y126.261 E.0113
G1 X83.028 Y126.261 E.16984
G1 X83.129 Y125.883 E.0117
G1 X77.342 Y125.883 E.17287
G1 X77.342 Y125.505 E.0113
G1 X83.262 Y125.505 E.17684
G1 X83.407 Y125.127 E.0121
G1 X77.342 Y125.127 E.18117
G1 X77.342 Y124.749 E.0113
G1 X83.593 Y124.749 E.18673
G3 X83.791 Y124.37 I1.899 J.75 E.01276
G1 X77.342 Y124.37 E.19262
G1 X77.342 Y123.992 E.0113
G1 X84.036 Y123.992 E.19996
G3 X84.307 Y123.614 I1.935 J1.099 E.01392
G1 X77.342 Y123.614 E.20805
G1 X77.342 Y123.236 E.0113
G1 X84.613 Y123.236 E.21719
G3 X84.982 Y122.858 I1.983 J1.564 E.01581
G1 X77.342 Y122.858 E.22821
G1 X77.342 Y122.48 E.0113
G1 X85.401 Y122.48 E.24073
G3 X85.892 Y122.101 I2.045 J2.147 E.01855
G1 X77.342 Y122.101 E.25539
G1 X77.342 Y121.723 E.0113
G1 X86.494 Y121.723 E.27337
G1 X87.074 Y121.428 E.01945
G1 X87.289 Y121.345 E.00688
G1 X77.173 Y121.345 E.30219
G1 X79.09 Y112.269 F18000
G1 F6000
G1 X77.342 Y112.269 E.05221
G1 X77.342 Y112.647 E.0113
G1 X79.47 Y112.647 E.06355
G2 X81.53 Y112.647 I1.03 J-2.587 E.06304
G1 X138.47 Y112.647 E1.70094
G3 X137.788 Y112.269 I.765 J-2.181 E.02339
G1 X82.212 Y112.269 E1.66022
G2 X82.624 Y111.891 I-2.294 J-2.915 E.01673
G1 X137.376 Y111.891 E1.63559
G3 X137.095 Y111.513 I1.66 J-1.525 E.01409
G1 X82.905 Y111.513 E1.61882
G2 X83.107 Y111.134 I-3.13 J-1.92 E.01282
G1 X136.893 Y111.134 E1.60672
G3 X136.762 Y110.756 I1.732 J-.811 E.01198
G1 X83.238 Y110.756 E1.59889
G2 X83.316 Y110.378 I-1.76 J-.56 E.01156
G1 X136.684 Y110.378 E1.59424
G3 X136.656 Y110 I1.791 J-.325 E.01135
G1 X83.344 Y110 E1.59254
G2 X83.316 Y109.622 I-1.82 J-.053 E.01135
G1 X136.684 Y109.622 E1.59424
G3 X136.762 Y109.244 I1.838 J.182 E.01156
G1 X83.238 Y109.244 E1.5989
G2 X83.107 Y108.865 I-1.863 J.433 E.01198
G1 X136.893 Y108.865 E1.60672
G3 X137.095 Y108.487 I3.334 J1.543 E.01282
G1 X82.905 Y108.487 E1.61882
G2 X82.624 Y108.109 I-1.94 J1.147 E.01409
G1 X137.376 Y108.109 E1.63559
G3 X137.788 Y107.731 I2.707 J2.538 E.01673
G1 X82.212 Y107.731 E1.66022
G2 X81.53 Y107.353 I-1.446 J1.804 E.0234
G1 X138.47 Y107.353 E1.70094
G3 X138.904 Y107.219 I.854 J2 E.0136
G1 X138.904 Y107.081 E.00412
G1 X142.658 Y107.081 E.11212
G1 X142.658 Y106.975 E.00318
G1 X77.342 Y106.975 E1.95113
G1 X77.342 Y106.596 E.0113
G1 X142.658 Y106.596 E1.95113
G1 X142.658 Y106.218 E.0113
G1 X77.342 Y106.218 E1.95113
G1 X77.342 Y105.84 E.0113
G1 X142.658 Y105.84 E1.95113
G1 X142.658 Y105.462 E.0113
G1 X77.342 Y105.462 E1.95113
G1 X77.342 Y105.084 E.0113
G1 X142.658 Y105.084 E1.95113
G1 X142.658 Y104.706 E.0113
G1 X77.342 Y104.706 E1.95113
G1 X77.342 Y104.327 E.0113
G1 X142.658 Y104.327 E1.95113
G1 X142.658 Y103.949 E.0113
G1 X77.342 Y103.949 E1.95113
G1 X77.342 Y103.571 E.0113
G1 X142.658 Y103.571 E1.95113
G1 X142.658 Y103.193 E.0113
G1 X77.342 Y103.193 E1.95113
G1 X77.342 Y102.815 E.0113
G1 X142.658 Y102.815 E1.95113
G1 X142.658 Y102.437 E.0113
G1 X77.342 Y102.437 E1.95113
G1 X77.342 Y102.058 E.0113
G1 X142.658 Y102.058 E1.95113
G1 X142.658 Y101.68 E.0113
G1 X77.342 Y101.68 E1.95113
G1 X77.342 Y101.302 E.0113
G1 X142.658 Y101.302 E1.95113
G1 X142.658 Y100.924 E.0113
G1 X77.342 Y100.924 E1.95113
G1 X77.342 Y100.546 E.0113
G1 X142.658 Y100.546 E1.95113
G1 X142.658 Y100.168 E.0113
G1 X77.342 Y100.168 E1.95113
G1 X77.342 Y99.789 E.0113
G1 X142.658 Y99.789 E1.95113
G1 X142.658 Y99.411 E.0113
G1 X77.342 Y99.411 E1.95113
G1 X77.342 Y99.033 E.0113
G1 X142.658 Y99.033 E1.95113
G1 X142.658 Y98.655 E.0113
G1 X77.342 Y98.655 E1.95113
G1 X77.342 Y98.277 E.0113
G1 X142.658 Y98.277 E1.95113
G1 X142.658 Y97.899 E.0113
G1 X77.342 Y97.899 E1.95113
G1 X77.342 Y97.52 E.0113
G1 X142.658 Y97.52 E1.95113
G1 X142.658 Y97.142 E.0113
G1 X77.342 Y97.142 E1.95113
G1 X77.342 Y96.764 E.0113
G1 X142.658 Y96.764 E1.95113
G1 X142.658 Y96.386 E.0113
G1 X77.342 Y96.386 E1.95113
G1 X77.342 Y96.008 E.0113
G1 X142.658 Y96.008 E1.95113
G1 X142.658 Y95.63 E.0113
G1 X77.342 Y95.63 E1.95113
G1 X77.342 Y95.251 E.0113
G1 X142.658 Y95.251 E1.95113
G1 X142.658 Y94.873 E.0113
G1 X77.342 Y94.873 E1.95113
G1 X77.342 Y94.495 E.0113
G1 X142.658 Y94.495 E1.95113
G1 X142.658 Y94.117 E.0113
G1 X77.342 Y94.117 E1.95113
G1 X77.342 Y93.739 E.0113
G1 X142.658 Y93.739 E1.95113
G1 X142.658 Y93.361 E.0113
G1 X77.342 Y93.361 E1.95113
G1 X77.342 Y92.982 E.0113
G1 X142.658 Y92.982 E1.95113
G1 X142.658 Y92.604 E.0113
G1 X77.342 Y92.604 E1.95113
G1 X77.342 Y92.226 E.0113
G1 X142.658 Y92.226 E1.95113
G1 X142.658 Y91.848 E.0113
G1 X77.342 Y91.848 E1.95113
G1 X77.342 Y91.47 E.0113
G1 X142.658 Y91.47 E1.95113
G1 X142.658 Y91.092 E.0113
G1 X77.342 Y91.092 E1.95113
G1 X77.342 Y90.713 E.0113
G1 X142.658 Y90.713 E1.95113
G1 X142.658 Y90.335 E.0113
G1 X77.342 Y90.335 E1.95113
G1 X77.342 Y89.957 E.0113
G1 X142.658 Y89.957 E1.95113
G1 X142.658 Y89.579 E.0113
G1 X77.342 Y89.579 E1.95113
G1 X77.342 Y89.201 E.0113
G1 X142.658 Y89.201 E1.95113
G1 X142.658 Y88.823 E.0113
G1 X77.342 Y88.823 E1.95113
G1 X77.342 Y88.444 E.0113
G1 X142.658 Y88.444 E1.95113
G1 X142.658 Y88.066 E.0113
G1 X77.342 Y88.066 E1.95113
G1 X77.342 Y87.688 E.0113
G1 X142.658 Y87.688 E1.95113
G1 X142.658 Y87.31 E.0113
G1 X77.342 Y87.31 E1.95113
G1 X77.342 Y86.932 E.0113
G1 X142.658 Y86.932 E1.95113
G1 X142.658 Y86.554 E.0113
G1 X77.342 Y86.554 E1.95113
G1 X77.342 Y86.175 E.0113
G1 X142.658 Y86.175 E1.95113
G1 X142.658 Y85.797 E.0113
G1 X77.342 Y85.797 E1.95113
G1 X77.342 Y85.419 E.0113
G1 X142.658 Y85.419 E1.95113
G1 X142.658 Y85.041 E.0113
G1 X77.342 Y85.041 E1.95113
G1 X77.342 Y84.663 E.0113
G1 X142.658 Y84.663 E1.95113
G1 X142.658 Y84.285 E.0113
G1 X77.342 Y84.285 E1.95113
G1 X77.342 Y83.906 E.0113
G1 X142.658 Y83.906 E1.95113
G1 X142.658 Y83.528 E.0113
G1 X77.342 Y83.528 E1.95113
G1 X77.342 Y83.15 E.0113
G1 X142.658 Y83.15 E1.95113
G1 X142.658 Y82.772 E.0113
G1 X77.342 Y82.772 E1.95113
G1 X77.342 Y82.394 E.0113
G1 X142.658 Y82.394 E1.95113
G1 X142.658 Y82.016 E.0113
G1 X77.342 Y82.016 E1.95113
G1 X77.342 Y81.637 E.0113
G1 X142.658 Y81.637 E1.95113
G1 X142.658 Y81.259 E.0113
G1 X77.342 Y81.259 E1.95113
G1 X77.342 Y80.881 E.0113
G1 X142.658 Y80.881 E1.95113
G1 X142.658 Y80.503 E.0113
G1 X77.342 Y80.503 E1.95113
G1 X77.342 Y80.125 E.0113
G1 X142.658 Y80.125 E1.95113
G1 X142.658 Y79.747 E.0113
G1 X77.342 Y79.747 E1.95113
G1 X77.342 Y79.368 E.0113
G1 X142.658 Y79.368 E1.95113
G1 X142.658 Y78.99 E.0113
G1 X77.342 Y78.99 E1.95113
G1 X77.342 Y78.612 E.0113
G1 X142.658 Y78.612 E1.95113
G1 X142.658 Y78.234 E.0113
G1 X77.342 Y78.234 E1.95113
G3 X77.352 Y77.856 I3.621 J-.099 E.01131
G1 X142.648 Y77.856 E1.95057
G1 X142.568 Y77.478 E.01155
G1 X77.432 Y77.478 E1.9458
G1 X77.567 Y77.173 E.00997
G1 X77.621 Y77.099 E.00271
G1 X142.379 Y77.099 E1.93451
G2 X142.039 Y76.721 I-1.061 J.614 E.01532
G1 X77.961 Y76.721 E1.91415
G3 X79.037 Y76.343 I1.052 J1.272 E.03479
G1 X141.741 Y76.343 E1.87311
G1 X141.885 Y111.742 F18000
;WIDTH:0.524187
G1 F5249.302
G1 X142.547 Y111.742 E.02514
;WIDTH:0.507341
G1 F5439.71
G1 X142.564 Y111.487 E.00938
;WIDTH:0.473649
G1 F5865.209
G1 X142.58 Y111.232 E.0087
;WIDTH:0.434324
G1 F6000
G1 X142.603 Y110.948 E.00881
;WIDTH:0.389364
G1 X142.625 Y110.664 E.0078
;WIDTH:0.389434
G1 X142.603 Y110.591 E.00211
;WIDTH:0.434533
G1 X142.58 Y110.517 E.00238
;WIDTH:0.479632
G1 F5784.862
G1 X142.558 Y110.443 E.00266
;WIDTH:0.524731
G1 F5243.381
G1 X142.535 Y110.37 E.00293
;WIDTH:0.56983
G1 F4794.592
G1 X142.513 Y110.296 E.0032
;WIDTH:0.614929
G1 F4416.57
G1 X142.49 Y110.223 E.00348
G1 X142.46 Y110.288 E.00325
;WIDTH:0.56983
G1 F4794.592
G1 X142.43 Y110.353 E.00299
;WIDTH:0.524731
G1 F5243.381
G1 X142.4 Y110.418 E.00274
;WIDTH:0.479632
G1 F5784.862
G1 X142.37 Y110.484 E.00248
;WIDTH:0.434533
G1 F6000
G1 X142.339 Y110.549 E.00222
;WIDTH:0.409333
G1 X142.309 Y110.614 E.00208
G1 X142.177 Y111.168 E.01649
;WIDTH:0.473649
G1 F5865.209
G1 X142.137 Y111.275 E.00387
;WIDTH:0.516083
G1 F5339.207
G1 X142.098 Y111.381 E.00425
G1 X141.916 Y111.691 E.01341
G1 X142.49 Y110.223 F18000
;WIDTH:0.637478
G1 F4249.065
G1 X142.472 Y109.463 E.0357
G1 X141.718 Y107.621 F18000
;WIDTH:0.369152
G1 F6000
G1 X142.098 Y108.043 E.01463
G1 X142.247 Y108.278 E.00718
G1 X142.247 Y107.621 E.01694
G1 X141.778 Y107.621 E.01209
G1 X140.468 Y107.269 F18000
;WIDTH:0.419999
G1 F6000
G1 X140.968 Y107.497 E.01636
G1 X141.456 Y107.857 E.01807
G1 X141.859 Y108.31 E.01807
G1 X142.159 Y108.837 E.01806
;WIDTH:0.441353
G1 X142.214 Y108.939 E.00364
;WIDTH:0.484059
G1 F5726.807
G1 X142.27 Y109.04 E.00403
;WIDTH:0.526765
G1 F5221.333
G1 X142.325 Y109.142 E.00442
;WIDTH:0.569472
G1 F4797.853
G1 X142.381 Y109.243 E.00481
;WIDTH:0.612178
G1 F4437.912
G1 X142.436 Y109.345 E.0052
;WIDTH:0.655138
G1 F4126.501
G1 X142.47 Y109.403 E.00326
;WIDTH:0.655349
G1 F4125.079
G1 X142.492 Y109.297 E.00522
;WIDTH:0.612558
G1 F4434.951
G1 X142.513 Y109.191 E.00486
;WIDTH:0.569767
G1 F4795.161
G1 X142.535 Y109.085 E.00449
;WIDTH:0.526976
G1 F5219.056
G1 X142.556 Y108.979 E.00413
;WIDTH:0.484186
G1 F5725.163
G1 X142.577 Y108.874 E.00376
;WIDTH:0.421256
G1 F6000
G1 X142.599 Y108.768 E.00323
G1 X142.599 Y107.269 E.04478
G1 X140.528 Y107.269 E.06189
G1 X139.029 Y107.206 F18000
;WIDTH:0.38292
G1 F6000
G1 X139.732 Y107.19 E.01888
G1 X80.202 Y107.191 F18000
G1 F6000
G3 X80.911 Y107.201 I.298 J4.163 E.01906
G1 X79.532 Y107.269 F18000
;WIDTH:0.419999
G1 F6000
G1 X77.401 Y107.269 E.06347
G1 X77.401 Y108.768 E.04463
;WIDTH:0.441351
G1 X77.423 Y108.881 E.00364
;WIDTH:0.484055
G1 F5726.854
G1 X77.444 Y108.995 E.00403
;WIDTH:0.526759
G1 F5221.397
G1 X77.465 Y109.109 E.00442
;WIDTH:0.569463
G1 F4797.929
G1 X77.487 Y109.222 E.00481
;WIDTH:0.612167
G1 F4437.996
G1 X77.508 Y109.336 E.0052
;WIDTH:0.655125
G1 F4126.588
G1 X77.53 Y109.403 E.0034
;WIDTH:0.655336
G1 F4125.165
G1 X77.581 Y109.309 E.0052
;WIDTH:0.612548
G1 F4435.034
G1 X77.633 Y109.214 E.00484
;WIDTH:0.569759
G1 F4795.236
G1 X77.685 Y109.12 E.00448
;WIDTH:0.526971
G1 F5219.119
G1 X77.737 Y109.026 E.00411
;WIDTH:0.484182
G1 F5725.209
G1 X77.789 Y108.932 E.00375
;WIDTH:0.421904
G1 F6000
G3 X78.141 Y108.31 I23.102 J12.661 E.02138
G1 X78.544 Y107.857 E.01816
G1 X79.032 Y107.497 E.01817
G1 X79.477 Y107.294 E.01465
G1 X78.282 Y107.621 F18000
;WIDTH:0.36915
G1 F6000
G1 X77.753 Y107.621 E.01364
G1 X77.753 Y108.278 E.01694
G3 X78.242 Y107.666 I3.405 J2.217 E.02023
G1 X77.51 Y110.223 F18000
;WIDTH:0.63748
G1 F4249.051
G1 X77.528 Y109.463 E.0357
G1 X78.115 Y111.742 F18000
;WIDTH:0.499934
G1 F5527.874
G1 X77.833 Y111.213 E.02166
;WIDTH:0.457552
G1 F6000
G1 X77.785 Y111.013 E.00671
;WIDTH:0.421285
G1 X77.738 Y110.814 E.00613
;WIDTH:0.385018
G1 X77.691 Y110.614 E.00554
;WIDTH:0.389434
G1 X77.661 Y110.549 E.00197
;WIDTH:0.434533
G1 X77.63 Y110.484 E.00222
;WIDTH:0.479633
G1 F5784.85
G1 X77.6 Y110.418 E.00248
;WIDTH:0.524732
G1 F5243.368
G1 X77.57 Y110.353 E.00274
;WIDTH:0.569831
G1 F4794.578
G1 X77.54 Y110.288 E.00299
;WIDTH:0.614931
G1 F4416.556
G1 X77.51 Y110.223 E.00325
G1 X77.487 Y110.296 E.00348
;WIDTH:0.569831
G1 F4794.578
G1 X77.465 Y110.37 E.0032
;WIDTH:0.524732
G1 F5243.368
G1 X77.442 Y110.443 E.00293
;WIDTH:0.479633
G1 F5784.85
G1 X77.42 Y110.517 E.00266
;WIDTH:0.434533
G1 F6000
G1 X77.397 Y110.591 E.00238
;WIDTH:0.409176
G1 X77.375 Y110.664 E.00223
G1 X77.42 Y111.232 E.01648
;WIDTH:0.473647
G1 F5865.243
G1 X77.436 Y111.487 E.0087
;WIDTH:0.514133
G1 F5361.303
G1 X77.453 Y111.742 E.00952
G1 X78.055 Y111.742 E.02238
; stop printing object esp32_pod_lid.stl id:0 copy 0
;LAYER_CHANGE
;Z:12.04
;HEIGHT:0.2
G92 E0 ; zero the extruded length again
; BEFORE_LAYER_CHANGE 59 @ 12.04mm
G1 E-1.75 F6000
;WIPE_START
G1 F5361.303
G1 X77.453 Y111.742 E-.52628
G1 X77.436 Y111.487 E-.22372
;WIPE_END
; AFTER_LAYER_CHANGE 59 @ 12.04mm
;_SET_FAN_SPEED_CHANGING_LAYER
; printing object esp32_pod_lid.stl id:0 copy 0
G17
G3 Z12.24 I-.282 J.539 P1  F18000
G1 X140.23 Y144.389 Z12.24
G1 X140.984 Y144.389
G1 X140.995 Y144.79
G1 Z12.04
G1 E2.5 F6000
M204 P1000
;TYPE:Outer wall
;WIDTH:0.42
G1 F3600
G1 X79.005 Y144.79 E1.84644
G3 X76.21 Y141.995 I.004 J-2.8 E.13074
G1 X76.21 Y78.005 E1.90602
G3 X79.005 Y75.21 I2.8 J.005 E.13074
G1 X140.995 Y75.21 E1.84644
G1 X141.292 Y75.226 E.00886
G3 X143.79 Y78.005 I-.294 J2.777 E.12197
G1 X143.79 Y141.995 E1.90601
G3 X141.054 Y144.789 I-2.8 J-.004 E.12895
G1 X141.034 Y144.387 F18000
G1 X140.984 Y144.389
G1 X140.984 Y144.389
G1 X140.984 Y144.398
M204 P1500
;TYPE:Inner wall
;WIDTH:0.45
G1 F6000
G1 X79.016 Y144.398 E1.99268
G3 X76.602 Y141.984 I-.006 J-2.408 E.122
G1 X76.602 Y78.016 E2.057
G3 X79.016 Y75.602 I2.408 J-.006 E.12199
G1 X140.984 Y75.602 E1.99268
G1 X141.251 Y75.616 E.00857
G3 X143.398 Y78.016 I-.259 J2.392 E.11345
G1 X143.398 Y141.984 E2.05699
G3 X141.044 Y144.397 I-2.408 J.006 E.12007
G1 X140.974 Y143.991 F18000
G1 F6000
G1 X79.026 Y143.991 E1.992
G3 X77.009 Y141.974 I-.016 J-2.001 E.10212
G1 X77.009 Y78.026 E2.05631
G3 X79.026 Y76.009 I2.001 J-.016 E.10212
G1 X140.974 Y76.009 E1.992
G1 X141.208 Y76.021 E.00754
G3 X142.991 Y78.026 I-.241 J2.01 E.09432
G1 X142.991 Y141.974 E2.05631
G3 X141.034 Y143.99 I-2.001 J.016 E.10019
G1 E-1.75
;WIPE_START
G1 X140.034 Y143.99 E-.75
;WIPE_END
G1 X140.034 Y144.389 Z12.24 F18000
G1 X139.548 Y112.109
G1 X139.527 Y111.708
G1 Z12.04
G1 E2.5 F6000
M204 P1000
;TYPE:Outer wall
;WIDTH:0.42
G1 F3600
G1 X139.856 Y111.674 E.00985
G2 X139.856 Y108.327 I-.348 J-1.673 E.13908
G2 X139.449 Y108.292 I-.364 J1.863 E.01217
G2 X139.467 Y111.709 I.059 J1.708 E.15697
G1 X139.446 Y112.109 F18000
G1 X139.5 Y112.112
G1 X139.538 Y112.11
G1 X139.537 Y112.099
M204 P1500
;TYPE:Inner wall
;WIDTH:0.45
G1 F6000
G1 X139.937 Y112.057 E.01293
G2 X140.15 Y108 I-.43 J-2.057 E.17733
G2 X139.429 Y107.901 I-.783 J3.017 E.02346
G2 X139.477 Y112.101 I.078 J2.1 E.20877
G1 X139.539 Y112.509 F18000
G1 F6000
G1 X139.762 Y112.496 E.00718
G2 X140.276 Y107.612 I-.253 J-2.495 E.22017
G2 X139.408 Y107.494 I-.757 J2.318 E.02833
G2 X139.479 Y112.508 I.101 J2.506 E.24918
G1 E-1.75
;WIPE_START
G1 X139.762 Y112.496 E-.21228
G1 X140.022 Y112.456 E-.19714
G1 X140.276 Y112.388 E-.19711
G1 X140.454 Y112.319 E-.14348
;WIPE_END
G1 X140.312 Y111.947 Z12.24 F18000
G1 X81.723 Y111.72
G1 X81.556 Y111.829
G1 X81.359 Y111.929
G1 X81.153 Y112.008
G1 X80.939 Y112.066
G1 X80.721 Y112.1
G1 X80.548 Y112.109
G1 X80.527 Y111.708
G1 Z12.04
G1 E2.5 F6000
M204 P1000
;TYPE:Outer wall
;WIDTH:0.42
G1 F3600
G1 X80.856 Y111.674 E.00985
G2 X80.856 Y108.327 I-.348 J-1.673 E.13908
G2 X80.449 Y108.292 I-.364 J1.863 E.01217
G2 X80.467 Y111.709 I.059 J1.708 E.15697
G1 X80.446 Y112.109 F18000
G1 X80.5 Y112.112
G1 X80.538 Y112.11
G1 X80.537 Y112.099
M204 P1500
;TYPE:Inner wall
;WIDTH:0.45
G1 F6000
G1 X80.937 Y112.057 E.01293
G2 X81.15 Y108 I-.43 J-2.057 E.17733
G2 X80.429 Y107.901 I-.783 J3.017 E.02346
G2 X80.477 Y112.101 I.078 J2.1 E.20877
G1 X80.539 Y112.509 F18000
G1 F6000
G1 X80.762 Y112.496 E.00718
G2 X81.276 Y107.612 I-.253 J-2.495 E.22017
G2 X80.408 Y107.494 I-.757 J2.318 E.02833
G2 X80.479 Y112.508 I.101 J2.506 E.24918
G1 E-1.75
;WIPE_START
G1 X80.762 Y112.496 E-.21228
G1 X81.022 Y112.456 E-.19714
G1 X81.276 Y112.388 E-.19711
G1 X81.454 Y112.319 E-.14348
;WIPE_END
G1 X81.312 Y111.947 Z12.24 F18000
G1 X83.574 Y128.675
G1 X83.68 Y129.343
G1 X83.855 Y129.997
G1 X84.097 Y130.628
G1 X84.404 Y131.231
G1 X84.772 Y131.798
G1 X85.198 Y132.324
G1 X85.676 Y132.802
G1 X86.202 Y133.228
G1 X86.769 Y133.596
G1 X87.372 Y133.903
G1 X88.003 Y134.145
G1 X88.657 Y134.32
G1 X89.325 Y134.426
G1 X89.662 Y134.444
G1 X89.976 Y134.46
G1 X89.997 Y134.06
G1 Z12.04
G1 E2.5 F6000
M204 P1000
;TYPE:Outer wall
;WIDTH:0.42
G1 F3600
G1 X90 Y134.058 E.00012
G2 X93.562 Y123.097 I.007 J-6.057 E.45381
G2 X89.908 Y121.944 I-3.592 J5.02 E.11604
G2 X89.367 Y134.024 I.098 J6.056 E.54479
G1 X89.937 Y134.057 E.01701
G1 X89.916 Y134.457 F18000
G1 X89.981 Y134.461
G1 X89.981 Y134.452
M204 P1500
;TYPE:Inner wall
;WIDTH:0.45
G1 F6000
G1 X90 Y134.45 E.00061
G2 X94.318 Y123.204 I.007 J-6.449 E.49988
G2 X89.888 Y121.553 I-4.305 J4.78 E.15569
G2 X89.326 Y134.414 I.119 J6.448 E.62571
G1 X89.921 Y134.449 E.01918
G1 X89.962 Y134.859 F18000
G1 F6000
G1 X90 Y134.858 E.00124
G2 X95.55 Y123.967 I.006 J-6.857 E.48523
G2 X89.866 Y121.146 I-5.539 J4.023 E.21217
G2 X89.283 Y134.82 I.14 J6.855 E.6649
G1 X89.902 Y134.855 E.01992
G1 X90.254 Y135.196 F18000
M204 P2000
;TYPE:Sparse infill
G1 F6205.95
G2 X92.616 Y134.707 I-.872 J-10.166 E.07774
G1 X92.494 Y135.492 E.02553
G1 X93.213 Y136.211 E.0327
G1 X94.456 Y136.016 E.04047
G1 X95.175 Y136.735 E.0327
G1 X94.981 Y137.979 E.04047
G1 X95.7 Y138.698 E.0327
G1 X96.943 Y138.503 E.04047
G1 X97.662 Y139.222 E.0327
G1 X97.468 Y140.466 E.04047
G1 X98.187 Y141.185 E.0327
G1 X99.43 Y140.99 E.04047
G1 X100.149 Y141.709 E.0327
G1 X99.955 Y142.953 E.04047
G1 X100.644 Y143.643 E.03136
G2 X101.917 Y143.477 I.109 J-4.15 E.04144
G1 X102.082 Y143.643 E.00751
G1 X101.065 Y143.643 E.03272
G1 X103.552 Y143.643 F18000
G1 F6205.95
G1 X104.569 Y143.643 E.03272
G1 X104.404 Y143.477 E.00751
G3 X103.131 Y143.643 I-1.164 J-3.984 E.04144
G1 X102.442 Y142.953 E.03136
G1 X102.636 Y141.709 E.04047
G1 X101.917 Y140.99 E.0327
G1 X100.674 Y141.185 E.04047
G1 X99.955 Y140.466 E.0327
G1 X100.149 Y139.222 E.04047
G1 X99.43 Y138.503 E.0327
G1 X98.187 Y138.698 E.04047
G1 X97.468 Y137.979 E.0327
G1 X97.662 Y136.735 E.04047
G1 X96.943 Y136.016 E.0327
G1 X95.7 Y136.211 E.04047
G1 X94.981 Y135.492 E.0327
G1 X95.175 Y134.248 E.04047
G1 X94.526 Y133.599 E.02953
G2 X95.079 Y133.103 I-2.082 J-2.877 E.02393
G1 X95.7 Y133.724 E.02824
G1 X96.943 Y133.529 E.04047
G1 X97.662 Y134.248 E.0327
G1 X97.468 Y135.492 E.04047
G1 X98.187 Y136.211 E.0327
G1 X99.43 Y136.016 E.04047
G1 X100.149 Y136.735 E.0327
G1 X99.955 Y137.979 E.04047
G1 X100.674 Y138.698 E.0327
G1 X101.917 Y138.503 E.04047
G1 X102.636 Y139.222 E.0327
G1 X102.442 Y140.466 E.04047
G1 X103.161 Y141.185 E.0327
G1 X104.404 Y140.99 E.04047
G1 X105.123 Y141.709 E.0327
G1 X104.929 Y142.953 E.04047
G1 X105.618 Y143.643 E.03136
G2 X106.891 Y143.477 I.109 J-4.15 E.04144
G1 X107.056 Y143.643 E.00751
G1 X106.039 Y143.643 E.03272
G1 X108.526 Y143.643 F18000
G1 F6205.95
G1 X109.543 Y143.643 E.03272
G1 X109.378 Y143.477 E.00751
G3 X108.105 Y143.643 I-1.164 J-3.984 E.04144
G1 X107.416 Y142.953 E.03136
G1 X107.61 Y141.709 E.04047
G1 X106.891 Y140.99 E.0327
G1 X105.648 Y141.185 E.04047
G1 X104.929 Y140.466 E.0327
G1 X105.123 Y139.222 E.04047
G1 X104.404 Y138.503 E.0327
G1 X103.161 Y138.698 E.04047
G1 X102.442 Y137.979 E.0327
G1 X102.636 Y136.735 E.04047
G1 X101.917 Y136.016 E.0327
G1 X100.674 Y136.211 E.04047
G1 X99.955 Y135.492 E.0327
G1 X100.149 Y134.248 E.04047
G1 X99.43 Y133.529 E.0327
G1 X98.187 Y133.724 E.04047
G1 X97.468 Y133.005 E.0327
G1 X97.662 Y131.761 E.04047
G1 X96.943 Y131.042 E.0327
G1 X96.494 Y131.113 E.01461
G2 X97.166 Y128.778 I-10.192 J-4.197 E.07827
G1 X97.662 Y129.274 E.02257
G1 X97.468 Y130.518 E.04047
G1 X98.187 Y131.237 E.0327
G1 X99.43 Y131.042 E.04047
G1 X100.149 Y131.761 E.0327
G1 X99.955 Y133.005 E.04047
G1 X100.674 Y133.724 E.0327
G1 X101.917 Y133.529 E.04047
G1 X102.636 Y134.248 E.0327
G1 X102.442 Y135.492 E.04047
G1 X103.161 Y136.211 E.0327
G1 X104.404 Y136.016 E.04047
G1 X105.123 Y136.735 E.0327
G1 X104.929 Y137.979 E.04047
G1 X105.648 Y138.698 E.0327
G1 X106.891 Y138.503 E.04047
G1 X107.61 Y139.222 E.0327
G1 X107.416 Y140.466 E.04047
G1 X108.135 Y141.185 E.0327
G1 X109.378 Y140.99 E.04047
G1 X110.097 Y141.709 E.0327
G1 X109.903 Y142.953 E.04047
G1 X110.592 Y143.643 E.03136
G2 X111.865 Y143.477 I.109 J-4.15 E.04144
G1 X112.03 Y143.643 E.00751
G1 X111.013 Y143.643 E.03272
G1 X113.5 Y143.643 F18000
G1 F6205.95
G1 X114.517 Y143.643 E.03272
G1 X114.352 Y143.477 E.00751
G3 X113.079 Y143.643 I-1.164 J-3.984 E.04144
G1 X112.39 Y142.953 E.03136
G1 X112.584 Y141.709 E.04047
G1 X111.865 Y140.99 E.0327
G1 X110.622 Y141.185 E.04047
G1 X109.903 Y140.466 E.0327
G1 X110.097 Y139.222 E.04047
G1 X109.378 Y138.503 E.0327
G1 X108.135 Y138.698 E.04047
G1 X107.416 Y137.979 E.0327
G1 X107.61 Y136.735 E.04047
G1 X106.891 Y136.016 E.0327
G1 X105.648 Y136.211 E.04047
G1 X104.929 Y135.492 E.0327
G1 X105.123 Y134.248 E.04047
G1 X104.404 Y133.529 E.0327
G1 X103.161 Y133.724 E.04047
G1 X102.442 Y133.005 E.0327
G1 X102.636 Y131.761 E.04047
G1 X101.917 Y131.042 E.0327
G1 X100.674 Y131.237 E.04047
G1 X99.955 Y130.518 E.0327
G1 X100.149 Y129.274 E.04047
G1 X99.43 Y128.555 E.0327
G1 X98.187 Y128.75 E.04047
G1 X97.468 Y128.031 E.0327
G1 X97.662 Y126.787 E.04047
G1 X96.936 Y126.069 E.03283
G2 X95.939 Y123.926 I-9.994 J3.347 E.07618
G1 X92.843 Y121.379 F18000
G1 F6205.95
G2 X90.248 Y120.812 I-3.276 J8.757 E.08569
G1 X90.007 Y120.57 E.01099
G1 X90.201 Y119.326 E.04047
G1 X89.482 Y118.607 E.0327
G1 X88.239 Y118.802 E.04047
G1 X87.52 Y118.083 E.0327
G1 X87.714 Y116.839 E.04047
G1 X86.995 Y116.12 E.0327
G1 X85.752 Y116.315 E.04047
G1 X85.033 Y115.596 E.0327
G1 X85.227 Y114.352 E.04047
G1 X84.508 Y113.633 E.0327
G1 X83.265 Y113.828 E.04047
G1 X82.546 Y113.109 E.0327
G1 X82.74 Y111.865 E.04047
G1 X82.698 Y111.823 E.00192
G2 X83.104 Y111.18 I-2.342 J-1.927 E.02452
G1 X83.265 Y111.341 E.00732
G1 X84.508 Y111.146 E.04047
G1 X85.227 Y111.865 E.0327
G1 X85.033 Y113.109 E.04047
G1 X85.752 Y113.828 E.0327
G1 X86.995 Y113.633 E.04047
G1 X87.714 Y114.352 E.0327
G1 X87.52 Y115.596 E.04047
G1 X88.239 Y116.315 E.0327
G1 X89.482 Y116.12 E.04047
G1 X90.201 Y116.839 E.0327
G1 X90.007 Y118.083 E.04047
G1 X90.726 Y118.802 E.0327
G1 X91.969 Y118.607 E.04047
G1 X92.688 Y119.326 E.0327
G1 X92.494 Y120.57 E.04047
G1 X93.213 Y121.289 E.0327
G1 X94.456 Y121.094 E.04047
G1 X95.175 Y121.813 E.0327
G1 X95.016 Y122.834 E.03322
G3 X95.827 Y123.756 I-3.978 J4.321 E.03958
G1 X96.943 Y123.581 E.03632
G1 X97.662 Y124.3 E.0327
G1 X97.468 Y125.544 E.04047
G1 X98.187 Y126.263 E.0327
G1 X99.43 Y126.068 E.04047
G1 X100.149 Y126.787 E.0327
G1 X99.955 Y128.031 E.04047
G1 X100.674 Y128.75 E.0327
G1 X101.917 Y128.555 E.04047
G1 X102.636 Y129.274 E.0327
G1 X102.442 Y130.518 E.04047
G1 X103.161 Y131.237 E.0327
G1 X104.404 Y131.042 E.04047
G1 X105.123 Y131.761 E.0327
G1 X104.929 Y133.005 E.04047
G1 X105.648 Y133.724 E.0327
G1 X106.891 Y133.529 E.04047
G1 X107.61 Y134.248 E.0327
G1 X107.416 Y135.492 E.04047
G1 X108.135 Y136.211 E.0327
G1 X109.378 Y136.016 E.04047
G1 X110.097 Y136.735 E.0327
G1 X109.903 Y137.979 E.04047
G1 X110.622 Y138.698 E.0327
G1 X111.865 Y138.503 E.04047
G1 X112.584 Y139.222 E.0327
G1 X112.39 Y140.466 E.04047
G1 X113.109 Y141.185 E.0327
G1 X114.352 Y140.99 E.04047
G1 X115.071 Y141.709 E.0327
G1 X114.877 Y142.953 E.04047
G1 X115.566 Y143.643 E.03136
G2 X116.839 Y143.477 I.109 J-4.15 E.04144
G1 X117.004 Y143.643 E.00751
G1 X115.987 Y143.643 E.03272
G1 X133.396 Y143.643 F18000
G1 F6205.95
G1 X134.414 Y143.643 E.03272
G1 X134.248 Y143.477 E.00751
G3 X132.975 Y143.643 I-1.164 J-3.984 E.04144
G1 X132.286 Y142.953 E.03136
G1 X132.48 Y141.709 E.04047
G1 X131.761 Y140.99 E.0327
G1 X130.518 Y141.185 E.04047
G1 X129.799 Y140.466 E.0327
G1 X129.993 Y139.222 E.04047
G1 X129.274 Y138.503 E.0327
G1 X128.031 Y138.698 E.04047
G1 X127.312 Y137.979 E.0327
G1 X127.506 Y136.735 E.04047
G1 X126.787 Y136.016 E.0327
G1 X125.544 Y136.211 E.04047
G1 X124.825 Y135.492 E.0327
G1 X125.019 Y134.248 E.04047
G1 X124.3 Y133.529 E.0327
G1 X123.057 Y133.724 E.04047
G1 X122.338 Y133.005 E.0327
G1 X122.532 Y131.761 E.04047
G1 X121.813 Y131.042 E.0327
G1 X120.57 Y131.237 E.04047
G1 X119.851 Y130.518 E.0327
G1 X120.045 Y129.274 E.04047
G1 X119.326 Y128.555 E.0327
G1 X118.083 Y128.75 E.04047
G1 X117.364 Y128.031 E.0327
G1 X117.558 Y126.787 E.04047
G1 X116.839 Y126.068 E.0327
G1 X115.596 Y126.263 E.04047
G1 X114.877 Y125.544 E.0327
G1 X115.071 Y124.3 E.04047
G1 X114.352 Y123.581 E.0327
G1 X113.109 Y123.776 E.04047
G1 X112.39 Y123.057 E.0327
G1 X112.584 Y121.813 E.04047
G1 X111.865 Y121.094 E.0327
G1 X110.622 Y121.289 E.04047
G1 X109.903 Y120.57 E.0327
G1 X110.097 Y119.326 E.04047
G1 X109.378 Y118.607 E.0327
G1 X108.135 Y118.802 E.04047
G1 X107.416 Y118.083 E.0327
G1 X107.61 Y116.839 E.04047
G1 X106.891 Y116.12 E.0327
G1 X105.648 Y116.315 E.04047
G1 X104.929 Y115.596 E.0327
G1 X105.123 Y114.352 E.04047
G1 X104.404 Y113.633 E.0327
G1 X103.161 Y113.828 E.04047
G1 X102.442 Y113.109 E.0327
G1 X102.636 Y111.865 E.04047
G1 X101.917 Y111.146 E.0327
G1 X100.674 Y111.341 E.04047
G1 X99.955 Y110.622 E.0327
G1 X100.149 Y109.378 E.04047
G1 X99.43 Y108.659 E.0327
G1 X98.187 Y108.854 E.04047
G1 X97.468 Y108.135 E.0327
G1 X97.662 Y106.891 E.04047
G1 X96.943 Y106.172 E.0327
G1 X95.7 Y106.367 E.04047
G1 X94.981 Y105.648 E.0327
G1 X95.175 Y104.404 E.04047
G1 X94.456 Y103.685 E.0327
G1 X93.213 Y103.88 E.04047
G1 X92.494 Y103.161 E.0327
G1 X92.688 Y101.917 E.04047
G1 X91.969 Y101.198 E.0327
G1 X90.726 Y101.393 E.04047
G1 X90.007 Y100.674 E.0327
G1 X90.201 Y99.43 E.04047
G1 X89.482 Y98.711 E.0327
G1 X88.239 Y98.906 E.04047
G1 X87.52 Y98.187 E.0327
G1 X87.714 Y96.943 E.04047
G1 X86.995 Y96.224 E.0327
G1 X85.752 Y96.419 E.04047
G1 X85.033 Y95.7 E.0327
G1 X85.227 Y94.456 E.04047
G1 X84.508 Y93.737 E.0327
G1 X83.265 Y93.932 E.04047
G1 X82.546 Y93.213 E.0327
G1 X82.74 Y91.969 E.04047
G1 X82.021 Y91.25 E.0327
G1 X80.778 Y91.445 E.04047
G1 X80.059 Y90.726 E.0327
G1 X80.253 Y89.482 E.04047
G1 X79.534 Y88.763 E.0327
G1 X78.291 Y88.958 E.04047
G1 X77.572 Y88.239 E.0327
G1 X77.766 Y86.995 E.04047
G1 X77.357 Y86.586 E.01859
G1 X77.357 Y87.501 E.02939
G1 X77.357 Y89.988 F18000
G1 F6205.95
G1 X77.357 Y89.073 E.02939
G1 X77.766 Y89.482 E.01859
G1 X77.572 Y90.726 E.04047
G1 X78.291 Y91.445 E.0327
G1 X79.534 Y91.25 E.04047
G1 X80.253 Y91.969 E.0327
G1 X80.059 Y93.213 E.04047
G1 X80.778 Y93.932 E.0327
G1 X82.021 Y93.737 E.04047
G1 X82.74 Y94.456 E.0327
G1 X82.546 Y95.7 E.04047
G1 X83.265 Y96.419 E.0327
G1 X84.508 Y96.224 E.04047
G1 X85.227 Y96.943 E.0327
G1 X85.033 Y98.187 E.04047
G1 X85.752 Y98.906 E.0327
G1 X86.995 Y98.711 E.04047
G1 X87.714 Y99.43 E.0327
G1 X87.52 Y100.674 E.04047
G1 X88.239 Y101.393 E.0327
G1 X89.482 Y101.198 E.04047
G1 X90.201 Y101.917 E.0327
G1 X90.007 Y103.161 E.04047
G1 X90.726 Y103.88 E.0327
G1 X91.969 Y103.685 E.04047
G1 X92.688 Y104.404 E.0327
G1 X92.494 Y105.648 E.04047
G1 X93.213 Y106.367 E.0327
G1 X94.456 Y106.172 E.04047
G1 X95.175 Y106.891 E.0327
G1 X94.981 Y108.135 E.04047
G1 X95.7 Y108.854 E.0327
G1 X96.943 Y108.659 E.04047
G1 X97.662 Y109.378 E.0327
G1 X97.468 Y110.622 E.04047
G1 X98.187 Y111.341 E.0327
G1 X99.43 Y111.146 E.04047
G1 X100.149 Y111.865 E.0327
G1 X99.955 Y113.109 E.04047
G1 X100.674 Y113.828 E.0327
G1 X101.917 Y113.633 E.04047
G1 X102.636 Y114.352 E.0327
G1 X102.442 Y115.596 E.04047
G1 X103.161 Y116.315 E.0327
G1 X104.404 Y116.12 E.04047
G1 X105.123 Y116.839 E.0327
G1 X104.929 Y118.083 E.04047
G1 X105.648 Y118.802 E.0327
G1 X106.891 Y118.607 E.04047
G1 X107.61 Y119.326 E.0327
G1 X107.416 Y120.57 E.04047
G1 X108.135 Y121.289 E.0327
G1 X109.378 Y121.094 E.04047
G1 X110.097 Y121.813 E.0327
G1 X109.903 Y123.057 E.04047
G1 X110.622 Y123.776 E.0327
G1 X111.865 Y123.581 E.04047
G1 X112.584 Y124.3 E.0327
G1 X112.39 Y125.544 E.04047
G1 X113.109 Y126.263 E.0327
G1 X114.352 Y126.068 E.04047
G1 X115.071 Y126.787 E.0327
G1 X114.877 Y128.031 E.04047
G1 X115.596 Y128.75 E.0327
G1 X116.839 Y128.555 E.04047
G1 X117.558 Y129.274 E.0327
G1 X117.364 Y130.518 E.04047
G1 X118.083 Y131.237 E.0327
G1 X119.326 Y131.042 E.04047
G1 X120.045 Y131.761 E.0327
G1 X119.851 Y133.005 E.04047
G1 X120.57 Y133.724 E.0327
G1 X121.813 Y133.529 E.04047
G1 X122.532 Y134.248 E.0327
G1 X122.338 Y135.492 E.04047
G1 X123.057 Y136.211 E.0327
G1 X124.3 Y136.016 E.04047
G1 X125.019 Y136.735 E.0327
G1 X124.825 Y137.979 E.04047
G1 X125.544 Y138.698 E.0327
G1 X126.787 Y138.503 E.04047
G1 X127.506 Y139.222 E.0327
G1 X127.312 Y140.466 E.04047
G1 X128.031 Y141.185 E.0327
G1 X129.274 Y140.99 E.04047
G1 X129.993 Y141.709 E.0327
G1 X129.799 Y142.953 E.04047
G1 X130.488 Y143.643 E.03136
G2 X131.761 Y143.477 I.109 J-4.15 E.04144
G1 X131.927 Y143.643 E.00751
G1 X130.909 Y143.643 E.03272
G1 X123.448 Y143.643 F18000
G1 F6205.95
G1 X124.466 Y143.643 E.03272
G1 X124.3 Y143.477 E.00751
G3 X123.027 Y143.643 I-1.164 J-3.984 E.04144
G1 X122.338 Y142.953 E.03136
G1 X122.532 Y141.709 E.04047
G1 X121.813 Y140.99 E.0327
G1 X120.57 Y141.185 E.04047
G1 X119.851 Y140.466 E.0327
G1 X120.045 Y139.222 E.04047
G1 X119.326 Y138.503 E.0327
G1 X118.083 Y138.698 E.04047
G1 X117.364 Y137.979 E.0327
G1 X117.558 Y136.735 E.04047
G1 X116.839 Y136.016 E.0327
G1 X115.596 Y136.211 E.04047
G1 X114.877 Y135.492 E.0327
G1 X115.071 Y134.248 E.04047
G1 X114.352 Y133.529 E.0327
G1 X113.109 Y133.724 E.04047
G1 X112.39 Y133.005 E.0327
G1 X112.584 Y131.761 E.04047
G1 X111.865 Y131.042 E.0327
G1 X110.622 Y131.237 E.04047
G1 X109.903 Y130.518 E.0327
G1 X110.097 Y129.274 E.04047
G1 X109.378 Y128.555 E.0327
G1 X108.135 Y128.75 E.04047
G1 X107.416 Y128.031 E.0327
G1 X107.61 Y126.787 E.04047
G1 X106.891 Y126.068 E.0327
G1 X105.648 Y126.263 E.04047
G1 X104.929 Y125.544 E.0327
G1 X105.123 Y124.3 E.04047
G1 X104.404 Y123.581 E.0327
G1 X103.161 Y123.776 E.04047
G1 X102.442 Y123.057 E.0327
G1 X102.636 Y121.813 E.04047
G1 X101.917 Y121.094 E.0327
G1 X100.674 Y121.289 E.04047
G1 X99.955 Y120.57 E.0327
G1 X100.149 Y119.326 E.04047
G1 X99.43 Y118.607 E.0327
G1 X98.187 Y118.802 E.04047
G1 X97.468 Y118.083 E.0327
G1 X97.662 Y116.839 E.04047
G1 X96.943 Y116.12 E.0327
G1 X95.7 Y116.315 E.04047
G1 X94.981 Y115.596 E.0327
G1 X95.175 Y114.352 E.04047
G1 X94.456 Y113.633 E.0327
G1 X93.213 Y113.828 E.04047
G1 X92.494 Y113.109 E.0327
G1 X92.688 Y111.865 E.04047
G1 X91.969 Y111.146 E.0327
G1 X90.726 Y111.341 E.04047
G1 X90.007 Y110.622 E.0327
G1 X90.201 Y109.378 E.04047
G1 X89.482 Y108.659 E.0327
G1 X88.239 Y108.854 E.04047
G1 X87.52 Y108.135 E.0327
G1 X87.714 Y106.891 E.04047
G1 X86.995 Y106.172 E.0327
G1 X85.752 Y106.367 E.04047
G1 X85.033 Y105.648 E.0327
G1 X85.227 Y104.404 E.04047
G1 X84.508 Y103.685 E.0327
G1 X83.265 Y103.88 E.04047
G1 X82.546 Y103.161 E.0327
G1 X82.74 Y101.917 E.04047
G1 X82.021 Y101.198 E.0327
G1 X80.778 Y101.393 E.04047
G1 X80.059 Y100.674 E.0327
G1 X80.253 Y99.43 E.04047
G1 X79.534 Y98.711 E.0327
G1 X78.291 Y98.906 E.04047
G1 X77.572 Y98.187 E.0327
G1 X77.766 Y96.943 E.04047
G1 X77.357 Y96.534 E.01859
G1 X77.357 Y97.449 E.02939
G1 X77.357 Y99.936 F18000
G1 F6205.95
G1 X77.357 Y99.021 E.02939
G1 X77.766 Y99.43 E.01859
G1 X77.572 Y100.674 E.04047
G1 X78.291 Y101.393 E.0327
G1 X79.534 Y101.198 E.04047
G1 X80.253 Y101.917 E.0327
G1 X80.059 Y103.161 E.04047
G1 X80.778 Y103.88 E.0327
G1 X82.021 Y103.685 E.04047
G1 X82.74 Y104.404 E.0327
G1 X82.546 Y105.648 E.04047
G1 X83.265 Y106.367 E.0327
G1 X84.508 Y106.172 E.04047
G1 X85.227 Y106.891 E.0327
G1 X85.033 Y108.135 E.04047
G1 X85.752 Y108.854 E.0327
G1 X86.995 Y108.659 E.04047
G1 X87.714 Y109.378 E.0327
G1 X87.52 Y110.622 E.04047
G1 X88.239 Y111.341 E.0327
G1 X89.482 Y111.146 E.04047
G1 X90.201 Y111.865 E.0327
G1 X90.007 Y113.109 E.04047
G1 X90.726 Y113.828 E.0327
G1 X91.969 Y113.633 E.04047
G1 X92.688 Y114.352 E.0327
G1 X92.494 Y115.596 E.04047
G1 X93.213 Y116.315 E.0327
G1 X94.456 Y116.12 E.04047
G1 X95.175 Y116.839 E.0327
G1 X94.981 Y118.083 E.04047
G1 X95.7 Y118.802 E.0327
G1 X96.943 Y118.607 E.04047
G1 X97.662 Y119.326 E.0327
G1 X97.468 Y120.57 E.04047
G1 X98.187 Y121.289 E.0327
G1 X99.43 Y121.094 E.04047
G1 X100.149 Y121.813 E.0327
G1 X99.955 Y123.057 E.04047
G1 X100.674 Y123.776 E.0327
G1 X101.917 Y123.581 E.04047
G1 X102.636 Y124.3 E.0327
G1 X102.442 Y125.544 E.04047
G1 X103.161 Y126.263 E.0327
G1 X104.404 Y126.068 E.04047
G1 X105.123 Y126.787 E.0327
G1 X104.929 Y128.031 E.04047
G1 X105.648 Y128.75 E.0327
G1 X106.891 Y128.555 E.04047
G1 X107.61 Y129.274 E.0327
G1 X107.416 Y130.518 E.04047
G1 X108.135 Y131.237 E.0327
G1 X109.378 Y131.042 E.04047
G1 X110.097 Y131.761 E.0327
G1 X109.903 Y133.005 E.04047
G1 X110.622 Y133.724 E.0327
G1 X111.865 Y133.529 E.04047
G1 X112.584 Y134.248 E.0327
G1 X112.39 Y135.492 E.04047
G1 X113.109 Y136.211 E.0327
G1 X114.352 Y136.016 E.04047
G1 X115.071 Y136.735 E.0327
G1 X114.877 Y137.979 E.04047
G1 X115.596 Y138.698 E.0327
G1 X116.839 Y138.503 E.04047
G1 X117.558 Y139.222 E.0327
G1 X117.364 Y140.466 E.04047
G1 X118.083 Y141.185 E.0327
G1 X119.326 Y140.99 E.04047
G1 X120.045 Y141.709 E.0327
G1 X119.851 Y142.953 E.04047
G1 X120.54 Y143.643 E.03136
G2 X121.813 Y143.477 I.109 J-4.15 E.04144
G1 X121.979 Y143.643 E.00751
G1 X120.961 Y143.643 E.03272
G1 X118.474 Y143.643 F18000
G1 F6205.95
G1 X119.492 Y143.643 E.03272
G1 X119.326 Y143.477 E.00751
G3 X118.053 Y143.643 I-1.164 J-3.985 E.04144
G1 X117.364 Y142.953 E.03136
G1 X117.558 Y141.709 E.04047
G1 X116.839 Y140.99 E.0327
G1 X115.596 Y141.185 E.04047
G1 X114.877 Y140.466 E.0327
G1 X115.071 Y139.222 E.04047
G1 X114.352 Y138.503 E.0327
G1 X113.109 Y138.698 E.04047
G1 X112.39 Y137.979 E.0327
G1 X112.584 Y136.735 E.04047
G1 X111.865 Y136.016 E.0327
G1 X110.622 Y136.211 E.04047
G1 X109.903 Y135.492 E.0327
G1 X110.097 Y134.248 E.04047
G1 X109.378 Y133.529 E.0327
G1 X108.135 Y133.724 E.04047
G1 X107.416 Y133.005 E.0327
G1 X107.61 Y131.761 E.04047
G1 X106.891 Y131.042 E.0327
G1 X105.648 Y131.237 E.04047
G1 X104.929 Y130.518 E.0327
G1 X105.123 Y129.274 E.04047
G1 X104.404 Y128.555 E.0327
G1 X103.161 Y128.75 E.04047
G1 X102.442 Y128.031 E.0327
G1 X102.636 Y126.787 E.04047
G1 X101.917 Y126.068 E.0327
G1 X100.674 Y126.263 E.04047
G1 X99.955 Y125.544 E.0327
G1 X100.149 Y124.3 E.04047
G1 X99.43 Y123.581 E.0327
G1 X98.187 Y123.776 E.04047
G1 X97.468 Y123.057 E.0327
G1 X97.662 Y121.813 E.04047
G1 X96.943 Y121.094 E.0327
G1 X95.7 Y121.289 E.04047
G1 X94.981 Y120.57 E.0327
G1 X95.175 Y119.326 E.04047
G1 X94.456 Y118.607 E.0327
G1 X93.213 Y118.802 E.04047
G1 X92.494 Y118.083 E.0327
G1 X92.688 Y116.839 E.04047
G1 X91.969 Y116.12 E.0327
G1 X90.726 Y116.315 E.04047
G1 X90.007 Y115.596 E.0327
G1 X90.201 Y114.352 E.04047
G1 X89.482 Y113.633 E.0327
G1 X88.239 Y113.828 E.04047
G1 X87.52 Y113.109 E.0327
G1 X87.714 Y111.865 E.04047
G1 X86.995 Y111.146 E.0327
G1 X85.752 Y111.341 E.04047
G1 X85.033 Y110.622 E.0327
G1 X85.227 Y109.378 E.04047
G1 X84.508 Y108.659 E.0327
G1 X83.265 Y108.854 E.04047
G3 X82.563 Y108.025 I7.051 J-6.679 E.03495
G1 X82.74 Y106.891 E.03689
G1 X82.021 Y106.172 E.0327
G1 X80.778 Y106.367 E.04047
G1 X80.059 Y105.648 E.0327
G1 X80.253 Y104.404 E.04047
G1 X79.534 Y103.685 E.0327
G1 X78.291 Y103.88 E.04047
G1 X77.572 Y103.161 E.0327
G1 X77.766 Y101.917 E.04047
G1 X77.357 Y101.508 E.01859
G1 X77.357 Y102.423 E.02939
G1 X77.357 Y104.91 F18000
G1 F6205.95
G1 X77.357 Y103.996 E.02939
G1 X77.766 Y104.404 E.01859
G1 X77.572 Y105.648 E.04047
G1 X78.291 Y106.367 E.0327
G1 X79.534 Y106.172 E.04047
G1 X80.253 Y106.891 E.0327
G1 X80.21 Y107.167 E.00896
G2 X78.018 Y108.581 I.333 J2.922 E.08692
G1 X77.572 Y108.135 E.02031
G1 X77.766 Y106.891 E.04047
G1 X77.357 Y106.483 E.01859
G1 X77.357 Y107.397 E.02939
G1 X77.662 Y110.338 F18000
G1 F6205.95
G2 X77.761 Y110.811 I2.301 J-.233 E.01557
G1 X77.572 Y110.622 E.00862
G3 X77.722 Y109.334 I15.213 J1.127 E.0417
G1 X77.357 Y108.97 E.01659
G1 X77.357 Y111.457 E.07997
G1 X77.766 Y111.865 E.01859
G1 X77.572 Y113.109 E.04047
G1 X78.291 Y113.828 E.0327
G1 X79.534 Y113.633 E.04047
G1 X80.253 Y114.352 E.0327
G1 X80.059 Y115.596 E.04047
G1 X80.778 Y116.315 E.0327
G1 X82.021 Y116.12 E.04047
G1 X82.74 Y116.839 E.0327
G1 X82.546 Y118.083 E.04047
G1 X83.265 Y118.802 E.0327
G1 X84.508 Y118.607 E.04047
G1 X85.227 Y119.326 E.0327
G1 X85.033 Y120.57 E.04047
G1 X85.752 Y121.289 E.0327
G1 X86.995 Y121.094 E.04047
G1 X87.246 Y121.345 E.01142
G3 X88.025 Y121.076 I1.671 J3.568 E.02656
G1 X87.52 Y120.57 E.023
G1 X87.714 Y119.326 E.04047
G1 X86.995 Y118.607 E.0327
G1 X85.752 Y118.802 E.04047
G1 X85.033 Y118.083 E.0327
G1 X85.227 Y116.839 E.04047
G1 X84.508 Y116.12 E.0327
G1 X83.265 Y116.315 E.04047
G1 X82.546 Y115.596 E.0327
G1 X82.74 Y114.352 E.04047
G1 X82.021 Y113.633 E.0327
G1 X80.778 Y113.828 E.04047
G1 X80.059 Y113.109 E.0327
G1 X80.102 Y112.828 E.00913
G3 X77.827 Y111.004 I.399 J-2.829 E.09843
G1 X77.357 Y114.858 F18000
G1 F6205.95
G1 X77.357 Y113.944 E.02939
G1 X77.766 Y114.352 E.01859
G1 X77.572 Y115.596 E.04047
G1 X78.291 Y116.315 E.0327
G1 X79.534 Y116.12 E.04047
G1 X80.253 Y116.839 E.0327
G1 X80.059 Y118.083 E.04047
G1 X80.778 Y118.802 E.0327
G1 X82.021 Y118.607 E.04047
G1 X82.74 Y119.326 E.0327
G1 X82.546 Y120.57 E.04047
G1 X83.265 Y121.289 E.0327
G1 X84.508 Y121.094 E.04047
G1 X85.227 Y121.813 E.0327
G1 X85.083 Y122.735 E.03001
G2 X84.286 Y123.616 I3.789 J4.229 E.03826
G1 X83.265 Y123.776 E.03324
G1 X82.546 Y123.057 E.0327
G1 X82.74 Y121.813 E.04047
G1 X82.021 Y121.094 E.0327
G1 X80.778 Y121.289 E.04047
G1 X80.059 Y120.57 E.0327
G1 X80.253 Y119.326 E.04047
G1 X79.534 Y118.607 E.0327
G1 X78.291 Y118.802 E.04047
G1 X77.572 Y118.083 E.0327
G1 X77.766 Y116.839 E.04047
G1 X77.357 Y116.431 E.01859
G1 X77.357 Y117.345 E.02939
G1 X84.159 Y123.775 F18000
G1 F6205.95
G2 X83.065 Y126.064 I8.737 J5.582 E.08177
G1 X82.546 Y125.544 E.02364
G1 X82.74 Y124.3 E.04047
G1 X82.021 Y123.581 E.0327
G1 X80.778 Y123.776 E.04047
G1 X80.059 Y123.057 E.0327
G1 X80.253 Y121.813 E.04047
G1 X79.534 Y121.094 E.0327
G1 X78.291 Y121.289 E.04047
G1 X77.572 Y120.57 E.0327
G1 X77.766 Y119.326 E.04047
G1 X77.357 Y118.918 E.01859
G1 X77.357 Y119.832 E.02939
G1 X77.357 Y122.319 F18000
G1 F6205.95
G1 X77.357 Y121.405 E.02939
G1 X77.766 Y121.813 E.01859
G1 X77.572 Y123.057 E.04047
G1 X78.291 Y123.776 E.0327
G1 X79.534 Y123.581 E.04047
G1 X80.253 Y124.3 E.0327
G1 X80.059 Y125.544 E.04047
G1 X80.778 Y126.263 E.0327
G1 X82.021 Y126.068 E.04047
G1 X82.74 Y126.787 E.0327
G1 X82.546 Y128.031 E.04047
G1 X82.806 Y128.291 E.01184
G2 X82.858 Y128.932 I3.073 J.071 E.02071
G1 X87.438 Y134.728 F18000
G1 F6205.95
G3 X83.547 Y131.193 I2.871 J-7.069 E.17259
G1 X83.265 Y131.237 E.00918
G1 X82.546 Y130.518 E.0327
G1 X82.74 Y129.274 E.04047
G1 X82.021 Y128.555 E.0327
G1 X80.778 Y128.75 E.04047
G1 X80.059 Y128.031 E.0327
G1 X80.253 Y126.787 E.04047
G1 X79.534 Y126.068 E.0327
G1 X78.291 Y126.263 E.04047
G1 X77.572 Y125.544 E.0327
G1 X77.766 Y124.3 E.04047
G1 X77.357 Y123.892 E.01859
G1 X77.357 Y124.806 E.02939
G1 X77.357 Y127.293 F18000
G1 F6205.95
G1 X77.357 Y126.379 E.02939
G1 X77.766 Y126.787 E.01859
G1 X77.572 Y128.031 E.04047
G1 X78.291 Y128.75 E.0327
G1 X79.534 Y128.555 E.04047
G1 X80.253 Y129.274 E.0327
G1 X80.059 Y130.518 E.04047
G1 X80.778 Y131.237 E.0327
G1 X82.021 Y131.042 E.04047
G1 X82.74 Y131.761 E.0327
G1 X82.546 Y133.005 E.04047
G1 X83.265 Y133.724 E.0327
G1 X84.508 Y133.529 E.04047
G1 X85.227 Y134.248 E.0327
G1 X85.033 Y135.492 E.04047
G1 X85.752 Y136.211 E.0327
G1 X86.995 Y136.016 E.04047
G1 X87.714 Y136.735 E.0327
G1 X87.52 Y137.979 E.04047
G1 X88.239 Y138.698 E.0327
G1 X89.482 Y138.503 E.04047
G1 X90.201 Y139.222 E.0327
G1 X90.007 Y140.466 E.04047
G1 X90.726 Y141.185 E.0327
G1 X91.969 Y140.99 E.04047
G1 X92.688 Y141.709 E.0327
G1 X92.494 Y142.953 E.04047
G1 X93.183 Y143.643 E.03136
G2 X94.456 Y143.477 I.109 J-4.15 E.04144
G1 X94.621 Y143.643 E.00751
G1 X93.604 Y143.643 E.03272
G1 X96.091 Y143.643 F18000
G1 F6205.95
G1 X97.108 Y143.643 E.03272
G1 X96.943 Y143.477 E.00751
G3 X95.67 Y143.643 I-1.164 J-3.984 E.04144
G1 X94.981 Y142.953 E.03136
G1 X95.175 Y141.709 E.04047
G1 X94.456 Y140.99 E.0327
G1 X93.213 Y141.185 E.04047
G1 X92.494 Y140.466 E.0327
G1 X92.688 Y139.222 E.04047
G1 X91.969 Y138.503 E.0327
G1 X90.726 Y138.698 E.04047
G1 X90.007 Y137.979 E.0327
G1 X90.201 Y136.735 E.04047
G1 X89.482 Y136.016 E.0327
G1 X88.239 Y136.211 E.04047
G1 X87.52 Y135.492 E.0327
G1 X87.628 Y134.801 E.02248
G2 X90.051 Y135.207 I2.449 J-7.192 E.07936
G1 X90.007 Y135.492 E.00928
G1 X90.726 Y136.211 E.0327
G1 X91.969 Y136.016 E.04047
G1 X92.688 Y136.735 E.0327
G1 X92.494 Y137.979 E.04047
G1 X93.213 Y138.698 E.0327
G1 X94.456 Y138.503 E.04047
G1 X95.175 Y139.222 E.0327
G1 X94.981 Y140.466 E.04047
G1 X95.7 Y141.185 E.0327
G1 X96.943 Y140.99 E.04047
G1 X97.662 Y141.709 E.0327
G1 X97.468 Y142.953 E.04047
G1 X98.157 Y143.643 E.03136
G2 X99.43 Y143.477 I.109 J-4.15 E.04144
G1 X99.595 Y143.643 E.00751
G1 X98.578 Y143.643 E.03272
G1 X91.117 Y143.643 F18000
G1 F6205.95
G1 X92.134 Y143.643 E.03272
G1 X91.969 Y143.477 E.00751
G3 X90.696 Y143.643 I-1.164 J-3.984 E.04144
G1 X90.007 Y142.953 E.03136
G1 X90.201 Y141.709 E.04047
G1 X89.482 Y140.99 E.0327
G1 X88.239 Y141.185 E.04047
G1 X87.52 Y140.466 E.0327
G1 X87.714 Y139.222 E.04047
G1 X86.995 Y138.503 E.0327
G1 X85.752 Y138.698 E.04047
G1 X85.033 Y137.979 E.0327
G1 X85.227 Y136.735 E.04047
G1 X84.508 Y136.016 E.0327
G1 X83.265 Y136.211 E.04047
G1 X82.546 Y135.492 E.0327
G1 X82.74 Y134.248 E.04047
G1 X82.021 Y133.529 E.0327
G1 X80.778 Y133.724 E.04047
G1 X80.059 Y133.005 E.0327
G1 X80.253 Y131.761 E.04047
G1 X79.534 Y131.042 E.0327
G1 X78.291 Y131.237 E.04047
G1 X77.572 Y130.518 E.0327
G1 X77.766 Y129.274 E.04047
G1 X77.357 Y128.866 E.01859
G1 X77.357 Y129.78 E.02939
G1 X77.357 Y132.267 F18000
G1 F6205.95
G1 X77.357 Y131.353 E.02939
G1 X77.766 Y131.761 E.01859
G1 X77.572 Y133.005 E.04047
G1 X78.291 Y133.724 E.0327
G1 X79.534 Y133.529 E.04047
G1 X80.253 Y134.248 E.0327
G1 X80.059 Y135.492 E.04047
G1 X80.778 Y136.211 E.0327
G1 X82.021 Y136.016 E.04047
G1 X82.74 Y136.735 E.0327
G1 X82.546 Y137.979 E.04047
G1 X83.265 Y138.698 E.0327
G1 X84.508 Y138.503 E.04047
G1 X85.227 Y139.222 E.0327
G1 X85.033 Y140.466 E.04047
G1 X85.752 Y141.185 E.0327
G1 X86.995 Y140.99 E.04047
G1 X87.714 Y141.709 E.0327
G1 X87.52 Y142.953 E.04047
G1 X88.209 Y143.643 E.03136
G2 X89.482 Y143.477 I.109 J-4.15 E.04144
G1 X89.647 Y143.643 E.00751
G1 X88.63 Y143.643 E.03272
G1 X86.143 Y143.643 F18000
G1 F6205.95
G1 X87.16 Y143.643 E.03272
G1 X86.995 Y143.477 E.00751
G3 X85.722 Y143.643 I-1.164 J-3.984 E.04144
G1 X85.033 Y142.953 E.03136
G1 X85.227 Y141.709 E.04047
G1 X84.508 Y140.99 E.0327
G1 X83.265 Y141.185 E.04047
G1 X82.546 Y140.466 E.0327
G1 X82.74 Y139.222 E.04047
G1 X82.021 Y138.503 E.0327
G1 X80.778 Y138.698 E.04047
G1 X80.059 Y137.979 E.0327
G1 X80.253 Y136.735 E.04047
G1 X79.534 Y136.016 E.0327
G1 X78.291 Y136.211 E.04047
G1 X77.572 Y135.492 E.0327
G1 X77.766 Y134.248 E.04047
G1 X77.357 Y133.84 E.01859
G1 X77.357 Y134.754 E.02939
G1 X77.374 Y142.118 F18000
G1 F6205.95
G3 X77.357 Y141.301 I3.998 J-.49 E.02634
G1 X77.766 Y141.709 E.01859
G1 X77.592 Y142.822 E.03621
G2 X78.713 Y143.606 I1.412 J-.825 E.04539
G1 X79.534 Y143.477 E.02671
G1 X79.699 Y143.643 E.00751
G1 X80.545 Y143.643 E.02718
G1 X81.169 Y143.643 F18000
G1 F6205.95
G1 X82.186 Y143.643 E.03272
G1 X82.021 Y143.477 E.00751
G3 X80.748 Y143.643 I-1.164 J-3.984 E.04144
G1 X80.059 Y142.953 E.03136
G1 X80.253 Y141.709 E.04047
G1 X79.534 Y140.99 E.0327
G1 X78.291 Y141.185 E.04047
G1 X77.572 Y140.466 E.0327
G1 X77.766 Y139.222 E.04047
G1 X77.357 Y138.814 E.01859
G1 X77.357 Y139.728 E.02939
G1 X77.357 Y137.241 F18000
G1 F6205.95
G1 X77.357 Y136.327 E.02939
G1 X77.766 Y136.735 E.01859
G1 X77.572 Y137.979 E.04047
G1 X78.291 Y138.698 E.0327
G1 X79.534 Y138.503 E.04047
G1 X80.253 Y139.222 E.0327
G1 X80.059 Y140.466 E.04047
G1 X80.778 Y141.185 E.0327
G1 X82.021 Y140.99 E.04047
G1 X82.74 Y141.709 E.0327
G1 X82.546 Y142.953 E.04047
G1 X83.235 Y143.643 E.03136
G2 X84.508 Y143.477 I.109 J-4.15 E.04144
G1 X84.673 Y143.643 E.00751
G1 X83.656 Y143.643 E.03272
G1 X83.656 Y144.389 F18000
G1 X76.611 Y141.984
G1 X76.611 Y94.962
G1 X77.357 Y94.962
G1 F6205.95
G1 X77.357 Y94.047 E.02939
G1 X77.766 Y94.456 E.01859
G1 X77.572 Y95.7 E.04047
G1 X78.291 Y96.419 E.0327
G1 X79.534 Y96.224 E.04047
G1 X80.253 Y96.943 E.0327
G1 X80.059 Y98.187 E.04047
G1 X80.778 Y98.906 E.0327
G1 X82.021 Y98.711 E.04047
G1 X82.74 Y99.43 E.0327
G1 X82.546 Y100.674 E.04047
G1 X83.265 Y101.393 E.0327
G1 X84.508 Y101.198 E.04047
G1 X85.227 Y101.917 E.0327
G1 X85.033 Y103.161 E.04047
G1 X85.752 Y103.88 E.0327
G1 X86.995 Y103.685 E.04047
G1 X87.714 Y104.404 E.0327
G1 X87.52 Y105.648 E.04047
G1 X88.239 Y106.367 E.0327
G1 X89.482 Y106.172 E.04047
G1 X90.201 Y106.891 E.0327
G1 X90.007 Y108.135 E.04047
G1 X90.726 Y108.854 E.0327
G1 X91.969 Y108.659 E.04047
G1 X92.688 Y109.378 E.0327
G1 X92.494 Y110.622 E.04047
G1 X93.213 Y111.341 E.0327
G1 X94.456 Y111.146 E.04047
G1 X95.175 Y111.865 E.0327
G1 X94.981 Y113.109 E.04047
G1 X95.7 Y113.828 E.0327
G1 X96.943 Y113.633 E.04047
G1 X97.662 Y114.352 E.0327
G1 X97.468 Y115.596 E.04047
G1 X98.187 Y116.315 E.0327
G1 X99.43 Y116.12 E.04047
G1 X100.149 Y116.839 E.0327
G1 X99.955 Y118.083 E.04047
G1 X100.674 Y118.802 E.0327
G1 X101.917 Y118.607 E.04047
G1 X102.636 Y119.326 E.0327
G1 X102.442 Y120.57 E.04047
G1 X103.161 Y121.289 E.0327
G1 X104.404 Y121.094 E.04047
G1 X105.123 Y121.813 E.0327
G1 X104.929 Y123.057 E.04047
G1 X105.648 Y123.776 E.0327
G1 X106.891 Y123.581 E.04047
G1 X107.61 Y124.3 E.0327
G1 X107.416 Y125.544 E.04047
G1 X108.135 Y126.263 E.0327
G1 X109.378 Y126.068 E.04047
G1 X110.097 Y126.787 E.0327
G1 X109.903 Y128.031 E.04047
G1 X110.622 Y128.75 E.0327
G1 X111.865 Y128.555 E.04047
G1 X112.584 Y129.274 E.0327
G1 X112.39 Y130.518 E.04047
G1 X113.109 Y131.237 E.0327
G1 X114.352 Y131.042 E.04047
G1 X115.071 Y131.761 E.0327
G1 X114.877 Y133.005 E.04047
G1 X115.596 Y133.724 E.0327
G1 X116.839 Y133.529 E.04047
G1 X117.558 Y134.248 E.0327
G1 X117.364 Y135.492 E.04047
G1 X118.083 Y136.211 E.0327
G1 X119.326 Y136.016 E.04047
G1 X120.045 Y136.735 E.0327
G1 X119.851 Y137.979 E.04047
G1 X120.57 Y138.698 E.0327
G1 X121.813 Y138.503 E.04047
G1 X122.532 Y139.222 E.0327
G1 X122.338 Y140.466 E.04047
G1 X123.057 Y141.185 E.0327
G1 X124.3 Y140.99 E.04047
G1 X125.019 Y141.709 E.0327
G1 X124.825 Y142.953 E.04047
G1 X125.514 Y143.643 E.03136
G2 X126.787 Y143.477 I.109 J-4.15 E.04144
G1 X126.953 Y143.643 E.00751
G1 X125.935 Y143.643 E.03272
G1 X128.422 Y143.643 F18000
G1 F6205.95
G1 X129.44 Y143.643 E.03272
G1 X129.274 Y143.477 E.00751
G3 X128.001 Y143.643 I-1.164 J-3.984 E.04144
G1 X127.312 Y142.953 E.03136
G1 X127.506 Y141.709 E.04047
G1 X126.787 Y140.99 E.0327
G1 X125.544 Y141.185 E.04047
G1 X124.825 Y140.466 E.0327
G1 X125.019 Y139.222 E.04047
G1 X124.3 Y138.503 E.0327
G1 X123.057 Y138.698 E.04047
G1 X122.338 Y137.979 E.0327
G1 X122.532 Y136.735 E.04047
G1 X121.813 Y136.016 E.0327
G1 X120.57 Y136.211 E.04047
G1 X119.851 Y135.492 E.0327
G1 X120.045 Y134.248 E.04047
G1 X119.326 Y133.529 E.0327
G1 X118.083 Y133.724 E.04047
G1 X117.364 Y133.005 E.0327
G1 X117.558 Y131.761 E.04047
G1 X116.839 Y131.042 E.0327
G1 X115.596 Y131.237 E.04047
G1 X114.877 Y130.518 E.0327
G1 X115.071 Y129.274 E.04047
G1 X114.352 Y128.555 E.0327
G1 X113.109 Y128.75 E.04047
G1 X112.39 Y128.031 E.0327
G1 X112.584 Y126.787 E.04047
G1 X111.865 Y126.068 E.0327
G1 X110.622 Y126.263 E.04047
G1 X109.903 Y125.544 E.0327
G1 X110.097 Y124.3 E.04047
G1 X109.378 Y123.581 E.0327
G1 X108.135 Y123.776 E.04047
G1 X107.416 Y123.057 E.0327
G1 X107.61 Y121.813 E.04047
G1 X106.891 Y121.094 E.0327
G1 X105.648 Y121.289 E.04047
G1 X104.929 Y120.57 E.0327
G1 X105.123 Y119.326 E.04047
G1 X104.404 Y118.607 E.0327
G1 X103.161 Y118.802 E.04047
G1 X102.442 Y118.083 E.0327
G1 X102.636 Y116.839 E.04047
G1 X101.917 Y116.12 E.0327
G1 X100.674 Y116.315 E.04047
G1 X99.955 Y115.596 E.0327
G1 X100.149 Y114.352 E.04047
G1 X99.43 Y113.633 E.0327
G1 X98.187 Y113.828 E.04047
G1 X97.468 Y113.109 E.0327
G1 X97.662 Y111.865 E.04047
G1 X96.943 Y111.146 E.0327
G1 X95.7 Y111.341 E.04047
G1 X94.981 Y110.622 E.0327
G1 X95.175 Y109.378 E.04047
G1 X94.456 Y108.659 E.0327
G1 X93.213 Y108.854 E.04047
G1 X92.494 Y108.135 E.0327
G1 X92.688 Y106.891 E.04047
G1 X91.969 Y106.172 E.0327
G1 X90.726 Y106.367 E.04047
G1 X90.007 Y105.648 E.0327
G1 X90.201 Y104.404 E.04047
G1 X89.482 Y103.685 E.0327
G1 X88.239 Y103.88 E.04047
G1 X87.52 Y103.161 E.0327
G1 X87.714 Y101.917 E.04047
G1 X86.995 Y101.198 E.0327
G1 X85.752 Y101.393 E.04047
G1 X85.033 Y100.674 E.0327
G1 X85.227 Y99.43 E.04047
G1 X84.508 Y98.711 E.0327
G1 X83.265 Y98.906 E.04047
G1 X82.546 Y98.187 E.0327
G1 X82.74 Y96.943 E.04047
G1 X82.021 Y96.224 E.0327
G1 X80.778 Y96.419 E.04047
G1 X80.059 Y95.7 E.0327
G1 X80.253 Y94.456 E.04047
G1 X79.534 Y93.737 E.0327
G1 X78.291 Y93.932 E.04047
G1 X77.572 Y93.213 E.0327
G1 X77.766 Y91.969 E.04047
G1 X77.357 Y91.56 E.01859
G1 X77.357 Y92.475 E.02939
G1 X77.357 Y85.014 F18000
G1 F6205.95
G1 X77.357 Y84.099 E.02939
G1 X77.766 Y84.508 E.01859
G1 X77.572 Y85.752 E.04047
G1 X78.291 Y86.471 E.0327
G1 X79.534 Y86.276 E.04047
G1 X80.253 Y86.995 E.0327
G1 X80.059 Y88.239 E.04047
G1 X80.778 Y88.958 E.0327
G1 X82.021 Y88.763 E.04047
G1 X82.74 Y89.482 E.0327
G1 X82.546 Y90.726 E.04047
G1 X83.265 Y91.445 E.0327
G1 X84.508 Y91.25 E.04047
G1 X85.227 Y91.969 E.0327
G1 X85.033 Y93.213 E.04047
G1 X85.752 Y93.932 E.0327
G1 X86.995 Y93.737 E.04047
G1 X87.714 Y94.456 E.0327
G1 X87.52 Y95.7 E.04047
G1 X88.239 Y96.419 E.0327
G1 X89.482 Y96.224 E.04047
G1 X90.201 Y96.943 E.0327
G1 X90.007 Y98.187 E.04047
G1 X90.726 Y98.906 E.0327
G1 X91.969 Y98.711 E.04047
G1 X92.688 Y99.43 E.0327
G1 X92.494 Y100.674 E.04047
G1 X93.213 Y101.393 E.0327
G1 X94.456 Y101.198 E.04047
G1 X95.175 Y101.917 E.0327
G1 X94.981 Y103.161 E.04047
G1 X95.7 Y103.88 E.0327
G1 X96.943 Y103.685 E.04047
G1 X97.662 Y104.404 E.0327
G1 X97.468 Y105.648 E.04047
G1 X98.187 Y106.367 E.0327
G1 X99.43 Y106.172 E.04047
G1 X100.149 Y106.891 E.0327
G1 X99.955 Y108.135 E.04047
G1 X100.674 Y108.854 E.0327
G1 X101.917 Y108.659 E.04047
G1 X102.636 Y109.378 E.0327
G1 X102.442 Y110.622 E.04047
G1 X103.161 Y111.341 E.0327
G1 X104.404 Y111.146 E.04047
G1 X105.123 Y111.865 E.0327
G1 X104.929 Y113.109 E.04047
G1 X105.648 Y113.828 E.0327
G1 X106.891 Y113.633 E.04047
G1 X107.61 Y114.352 E.0327
G1 X107.416 Y115.596 E.04047
G1 X108.135 Y116.315 E.0327
G1 X109.378 Y116.12 E.04047
G1 X110.097 Y116.839 E.0327
G1 X109.903 Y118.083 E.04047
G1 X110.622 Y118.802 E.0327
G1 X111.865 Y118.607 E.04047
G1 X112.584 Y119.326 E.0327
G1 X112.39 Y120.57 E.04047
G1 X113.109 Y121.289 E.0327
G1 X114.352 Y121.094 E.04047
G1 X115.071 Y121.813 E.0327
G1 X114.877 Y123.057 E.04047
G1 X115.596 Y123.776 E.0327
G1 X116.839 Y123.581 E.04047
G1 X117.558 Y124.3 E.0327
G1 X117.364 Y125.544 E.04047
G1 X118.083 Y126.263 E.0327
G1 X119.326 Y126.068 E.04047
G1 X120.045 Y126.787 E.0327
G1 X119.851 Y128.031 E.04047
G1 X120.57 Y128.75 E.0327
G1 X121.813 Y128.555 E.04047
G1 X122.532 Y129.274 E.0327
G1 X122.338 Y130.518 E.04047
G1 X123.057 Y131.237 E.0327
G1 X124.3 Y131.042 E.04047
G1 X125.019 Y131.761 E.0327
G1 X124.825 Y133.005 E.04047
G1 X125.544 Y133.724 E.0327
G1 X126.787 Y133.529 E.04047
G1 X127.506 Y134.248 E.0327
G1 X127.312 Y135.492 E.04047
G1 X128.031 Y136.211 E.0327
G1 X129.274 Y136.016 E.04047
G1 X129.993 Y136.735 E.0327
G1 X129.799 Y137.979 E.04047
G1 X130.518 Y138.698 E.0327
G1 X131.761 Y138.503 E.04047
G1 X132.48 Y139.222 E.0327
G1 X132.286 Y140.466 E.04047
G1 X133.005 Y141.185 E.0327
G1 X134.248 Y140.99 E.04047
G1 X134.967 Y141.709 E.0327
G1 X134.773 Y142.953 E.04047
G1 X135.462 Y143.643 E.03136
G2 X136.735 Y143.477 I.109 J-4.15 E.04144
G1 X136.901 Y143.643 E.00751
G1 X135.883 Y143.643 E.03272
G1 X138.37 Y143.643 F18000
G1 F6205.95
G1 X139.388 Y143.643 E.03272
G1 X139.222 Y143.477 E.00751
G3 X137.95 Y143.643 I-1.164 J-3.984 E.04144
G1 X137.26 Y142.953 E.03136
G1 X137.454 Y141.709 E.04047
G1 X136.735 Y140.99 E.0327
G1 X135.492 Y141.185 E.04047
G1 X134.773 Y140.466 E.0327
G1 X134.967 Y139.222 E.04047
G1 X134.248 Y138.503 E.0327
G1 X133.005 Y138.698 E.04047
G1 X132.286 Y137.979 E.0327
G1 X132.48 Y136.735 E.04047
G1 X131.761 Y136.016 E.0327
G1 X130.518 Y136.211 E.04047
G1 X129.799 Y135.492 E.0327
G1 X129.993 Y134.248 E.04047
G1 X129.274 Y133.529 E.0327
G1 X128.031 Y133.724 E.04047
G1 X127.312 Y133.005 E.0327
G1 X127.506 Y131.761 E.04047
G1 X126.787 Y131.042 E.0327
G1 X125.544 Y131.237 E.04047
G1 X124.825 Y130.518 E.0327
G1 X125.019 Y129.274 E.04047
G1 X124.3 Y128.555 E.0327
G1 X123.057 Y128.75 E.04047
G1 X122.338 Y128.031 E.0327
G1 X122.532 Y126.787 E.04047
G1 X121.813 Y126.068 E.0327
G1 X120.57 Y126.263 E.04047
G1 X119.851 Y125.544 E.0327
G1 X120.045 Y124.3 E.04047
G1 X119.326 Y123.581 E.0327
G1 X118.083 Y123.776 E.04047
G1 X117.364 Y123.057 E.0327
G1 X117.558 Y121.813 E.04047
G1 X116.839 Y121.094 E.0327
G1 X115.596 Y121.289 E.04047
G1 X114.877 Y120.57 E.0327
G1 X115.071 Y119.326 E.04047
G1 X114.352 Y118.607 E.0327
G1 X113.109 Y118.802 E.04047
G1 X112.39 Y118.083 E.0327
G1 X112.584 Y116.839 E.04047
G1 X111.865 Y116.12 E.0327
G1 X110.622 Y116.315 E.04047
G1 X109.903 Y115.596 E.0327
G1 X110.097 Y114.352 E.04047
G1 X109.378 Y113.633 E.0327
G1 X108.135 Y113.828 E.04047
G1 X107.416 Y113.109 E.0327
G1 X107.61 Y111.865 E.04047
G1 X106.891 Y111.146 E.0327
G1 X105.648 Y111.341 E.04047
G1 X104.929 Y110.622 E.0327
G1 X105.123 Y109.378 E.04047
G1 X104.404 Y108.659 E.0327
G1 X103.161 Y108.854 E.04047
G1 X102.442 Y108.135 E.0327
G1 X102.636 Y106.891 E.04047
G1 X101.917 Y106.172 E.0327
G1 X100.674 Y106.367 E.04047
G1 X99.955 Y105.648 E.0327
G1 X100.149 Y104.404 E.04047
G1 X99.43 Y103.685 E.0327
G1 X98.187 Y103.88 E.04047
G1 X97.468 Y103.161 E.0327
G1 X97.662 Y101.917 E.04047
G1 X96.943 Y101.198 E.0327
G1 X95.7 Y101.393 E.04047
G1 X94.981 Y100.674 E.0327
G1 X95.175 Y99.43 E.04047
G1 X94.456 Y98.711 E.0327
G1 X93.213 Y98.906 E.04047
G1 X92.494 Y98.187 E.0327
G1 X92.688 Y96.943 E.04047
G1 X91.969 Y96.224 E.0327
G1 X90.726 Y96.419 E.04047
G1 X90.007 Y95.7 E.0327
G1 X90.201 Y94.456 E.04047
G1 X89.482 Y93.737 E.0327
G1 X88.239 Y93.932 E.04047
G1 X87.52 Y93.213 E.0327
G1 X87.714 Y91.969 E.04047
G1 X86.995 Y91.25 E.0327
G1 X85.752 Y91.445 E.04047
G1 X85.033 Y90.726 E.0327
G1 X85.227 Y89.482 E.04047
G1 X84.508 Y88.763 E.0327
G1 X83.265 Y88.958 E.04047
G1 X82.546 Y88.239 E.0327
G1 X82.74 Y86.995 E.04047
G1 X82.021 Y86.276 E.0327
G1 X80.778 Y86.471 E.04047
G1 X80.059 Y85.752 E.0327
G1 X80.253 Y84.508 E.04047
G1 X79.534 Y83.789 E.0327
G1 X78.291 Y83.984 E.04047
G1 X77.572 Y83.265 E.0327
G1 X77.766 Y82.021 E.04047
G1 X77.357 Y81.612 E.01859
G1 X77.357 Y82.527 E.02939
G1 X77.357 Y80.039 F18000
G1 F6205.95
G1 X77.357 Y79.125 E.02939
G1 X77.766 Y79.534 E.01859
G1 X77.572 Y80.778 E.04047
G1 X78.291 Y81.497 E.0327
G1 X79.534 Y81.302 E.04047
G1 X80.253 Y82.021 E.0327
G1 X80.059 Y83.265 E.04047
G1 X80.778 Y83.984 E.0327
G1 X82.021 Y83.789 E.04047
G1 X82.74 Y84.508 E.0327
G1 X82.546 Y85.752 E.04047
G1 X83.265 Y86.471 E.0327
G1 X84.508 Y86.276 E.04047
G1 X85.227 Y86.995 E.0327
G1 X85.033 Y88.239 E.04047
G1 X85.752 Y88.958 E.0327
G1 X86.995 Y88.763 E.04047
G1 X87.714 Y89.482 E.0327
G1 X87.52 Y90.726 E.04047
G1 X88.239 Y91.445 E.0327
G1 X89.482 Y91.25 E.04047
G1 X90.201 Y91.969 E.0327
G1 X90.007 Y93.213 E.04047
G1 X90.726 Y93.932 E.0327
G1 X91.969 Y93.737 E.04047
G1 X92.688 Y94.456 E.0327
G1 X92.494 Y95.7 E.04047
G1 X93.213 Y96.419 E.0327
G1 X94.456 Y96.224 E.04047
G1 X95.175 Y96.943 E.0327
G1 X94.981 Y98.187 E.04047
G1 X95.7 Y98.906 E.0327
G1 X96.943 Y98.711 E.04047
G1 X97.662 Y99.43 E.0327
G1 X97.468 Y100.674 E.04047
G1 X98.187 Y101.393 E.0327
G1 X99.43 Y101.198 E.04047
G1 X100.149 Y101.917 E.0327
G1 X99.955 Y103.161 E.04047
G1 X100.674 Y103.88 E.0327
G1 X101.917 Y103.685 E.04047
G1 X102.636 Y104.404 E.0327
G1 X102.442 Y105.648 E.04047
G1 X103.161 Y106.367 E.0327
G1 X104.404 Y106.172 E.04047
G1 X105.123 Y106.891 E.0327
G1 X104.929 Y108.135 E.04047
G1 X105.648 Y108.854 E.0327
G1 X106.891 Y108.659 E.04047
G1 X107.61 Y109.378 E.0327
G1 X107.416 Y110.622 E.04047
G1 X108.135 Y111.341 E.0327
G1 X109.378 Y111.146 E.04047
G1 X110.097 Y111.865 E.0327
G1 X109.903 Y113.109 E.04047
G1 X110.622 Y113.828 E.0327
G1 X111.865 Y113.633 E.04047
G1 X112.584 Y114.352 E.0327
G1 X112.39 Y115.596 E.04047
G1 X113.109 Y116.315 E.0327
G1 X114.352 Y116.12 E.04047
G1 X115.071 Y116.839 E.0327
G1 X114.877 Y118.083 E.04047
G1 X115.596 Y118.802 E.0327
G1 X116.839 Y118.607 E.04047
G1 X117.558 Y119.326 E.0327
G1 X117.364 Y120.57 E.04047
G1 X118.083 Y121.289 E.0327
G1 X119.326 Y121.094 E.04047
G1 X120.045 Y121.813 E.0327
G1 X119.851 Y123.057 E.04047
G1 X120.57 Y123.776 E.0327
G1 X121.813 Y123.581 E.04047
G1 X122.532 Y124.3 E.0327
G1 X122.338 Y125.544 E.04047
G1 X123.057 Y126.263 E.0327
G1 X124.3 Y126.068 E.04047
G1 X125.019 Y126.787 E.0327
G1 X124.825 Y128.031 E.04047
G1 X125.544 Y128.75 E.0327
G1 X126.787 Y128.555 E.04047
G1 X127.506 Y129.274 E.0327
G1 X127.312 Y130.518 E.04047
G1 X128.031 Y131.237 E.0327
G1 X129.274 Y131.042 E.04047
G1 X129.993 Y131.761 E.0327
G1 X129.799 Y133.005 E.04047
G1 X130.518 Y133.724 E.0327
G1 X131.761 Y133.529 E.04047
G1 X132.48 Y134.248 E.0327
G1 X132.286 Y135.492 E.04047
G1 X133.005 Y136.211 E.0327
G1 X134.248 Y136.016 E.04047
G1 X134.967 Y136.735 E.0327
G1 X134.773 Y137.979 E.04047
G1 X135.492 Y138.698 E.0327
G1 X136.735 Y138.503 E.04047
G1 X137.454 Y139.222 E.0327
G1 X137.26 Y140.466 E.04047
G1 X137.979 Y141.185 E.0327
G1 X139.222 Y140.99 E.04047
G1 X139.941 Y141.709 E.0327
G1 X139.747 Y142.953 E.04047
G1 X140.437 Y143.643 E.03136
G2 X141.964 Y143.326 I.109 J-3.32 E.05062
G2 X142.285 Y143.004 I-.597 J-.919 E.01474
G1 X142.234 Y142.953 E.00234
G1 X142.428 Y141.709 E.04047
G1 X141.709 Y140.99 E.0327
G1 X140.466 Y141.185 E.04047
G1 X139.747 Y140.466 E.0327
G1 X139.941 Y139.222 E.04047
G1 X139.222 Y138.503 E.0327
G1 X137.979 Y138.698 E.04047
G1 X137.26 Y137.979 E.0327
G1 X137.454 Y136.735 E.04047
G1 X136.735 Y136.016 E.0327
G1 X135.492 Y136.211 E.04047
G1 X134.773 Y135.492 E.0327
G1 X134.967 Y134.248 E.04047
G1 X134.248 Y133.529 E.0327
G1 X133.005 Y133.724 E.04047
G1 X132.286 Y133.005 E.0327
G1 X132.48 Y131.761 E.04047
G1 X131.761 Y131.042 E.0327
G1 X130.518 Y131.237 E.04047
G1 X129.799 Y130.518 E.0327
G1 X129.993 Y129.274 E.04047
G1 X129.274 Y128.555 E.0327
G1 X128.031 Y128.75 E.04047
G1 X127.312 Y128.031 E.0327
G1 X127.506 Y126.787 E.04047
G1 X126.787 Y126.068 E.0327
G1 X125.544 Y126.263 E.04047
G1 X124.825 Y125.544 E.0327
G1 X125.019 Y124.3 E.04047
G1 X124.3 Y123.581 E.0327
G1 X123.057 Y123.776 E.04047
G1 X122.338 Y123.057 E.0327
G1 X122.532 Y121.813 E.04047
G1 X121.813 Y121.094 E.0327
G1 X120.57 Y121.289 E.04047
G1 X119.851 Y120.57 E.0327
G1 X120.045 Y119.326 E.04047
G1 X119.326 Y118.607 E.0327
G1 X118.083 Y118.802 E.04047
G1 X117.364 Y118.083 E.0327
G1 X117.558 Y116.839 E.04047
G1 X116.839 Y116.12 E.0327
G1 X115.596 Y116.315 E.04047
G1 X114.877 Y115.596 E.0327
G1 X115.071 Y114.352 E.04047
G1 X114.352 Y113.633 E.0327
G1 X113.109 Y113.828 E.04047
G1 X112.39 Y113.109 E.0327
G1 X112.584 Y111.865 E.04047
G1 X111.865 Y111.146 E.0327
G1 X110.622 Y111.341 E.04047
G1 X109.903 Y110.622 E.0327
G1 X110.097 Y109.378 E.04047
G1 X109.378 Y108.659 E.0327
G1 X108.135 Y108.854 E.04047
G1 X107.416 Y108.135 E.0327
G1 X107.61 Y106.891 E.04047
G1 X106.891 Y106.172 E.0327
G1 X105.648 Y106.367 E.04047
G1 X104.929 Y105.648 E.0327
G1 X105.123 Y104.404 E.04047
G1 X104.404 Y103.685 E.0327
G1 X103.161 Y103.88 E.04047
G1 X102.442 Y103.161 E.0327
G1 X102.636 Y101.917 E.04047
G1 X101.917 Y101.198 E.0327
G1 X100.674 Y101.393 E.04047
G1 X99.955 Y100.674 E.0327
G1 X100.149 Y99.43 E.04047
G1 X99.43 Y98.711 E.0327
G1 X98.187 Y98.906 E.04047
G1 X97.468 Y98.187 E.0327
G1 X97.662 Y96.943 E.04047
G1 X96.943 Y96.224 E.0327
G1 X95.7 Y96.419 E.04047
G1 X94.981 Y95.7 E.0327
G1 X95.175 Y94.456 E.04047
G1 X94.456 Y93.737 E.0327
G1 X93.213 Y93.932 E.04047
G1 X92.494 Y93.213 E.0327
G1 X92.688 Y91.969 E.04047
G1 X91.969 Y91.25 E.0327
G1 X90.726 Y91.445 E.04047
G1 X90.007 Y90.726 E.0327
G1 X90.201 Y89.482 E.04047
G1 X89.482 Y88.763 E.0327
G1 X88.239 Y88.958 E.04047
G1 X87.52 Y88.239 E.0327
G1 X87.714 Y86.995 E.04047
G1 X86.995 Y86.276 E.0327
G1 X85.752 Y86.471 E.04047
G1 X85.033 Y85.752 E.0327
G1 X85.227 Y84.508 E.04047
G1 X84.508 Y83.789 E.0327
G1 X83.265 Y83.984 E.04047
G1 X82.546 Y83.265 E.0327
G1 X82.74 Y82.021 E.04047
G1 X82.021 Y81.302 E.0327
G1 X80.778 Y81.497 E.04047
G1 X80.059 Y80.778 E.0327
G1 X80.253 Y79.534 E.04047
G1 X79.534 Y78.815 E.0327
G1 X78.291 Y79.01 E.04047
G1 X77.572 Y78.291 E.0327
G1 X77.766 Y77.047 E.04047
G1 X77.715 Y76.996 E.00234
G3 X78.301 Y76.521 I1.364 J1.086 E.02446
G3 X79.563 Y76.357 I1.154 J3.951 E.0411
G1 X80.253 Y77.047 E.03136
G1 X80.059 Y78.291 E.04047
G1 X80.778 Y79.01 E.0327
G1 X82.021 Y78.815 E.04047
G1 X82.74 Y79.534 E.0327
G1 X82.546 Y80.778 E.04047
G1 X83.265 Y81.497 E.0327
G1 X84.508 Y81.302 E.04047
G1 X85.227 Y82.021 E.0327
G1 X85.033 Y83.265 E.04047
G1 X85.752 Y83.984 E.0327
G1 X86.995 Y83.789 E.04047
G1 X87.714 Y84.508 E.0327
G1 X87.52 Y85.752 E.04047
G1 X88.239 Y86.471 E.0327
G1 X89.482 Y86.276 E.04047
G1 X90.201 Y86.995 E.0327
G1 X90.007 Y88.239 E.04047
G1 X90.726 Y88.958 E.0327
G1 X91.969 Y88.763 E.04047
G1 X92.688 Y89.482 E.0327
G1 X92.494 Y90.726 E.04047
G1 X93.213 Y91.445 E.0327
G1 X94.456 Y91.25 E.04047
G1 X95.175 Y91.969 E.0327
G1 X94.981 Y93.213 E.04047
G1 X95.7 Y93.932 E.0327
G1 X96.943 Y93.737 E.04047
G1 X97.662 Y94.456 E.0327
G1 X97.468 Y95.7 E.04047
G1 X98.187 Y96.419 E.0327
G1 X99.43 Y96.224 E.04047
G1 X100.149 Y96.943 E.0327
G1 X99.955 Y98.187 E.04047
G1 X100.674 Y98.906 E.0327
G1 X101.917 Y98.711 E.04047
G1 X102.636 Y99.43 E.0327
G1 X102.442 Y100.674 E.04047
G1 X103.161 Y101.393 E.0327
G1 X104.404 Y101.198 E.04047
G1 X105.123 Y101.917 E.0327
G1 X104.929 Y103.161 E.04047
G1 X105.648 Y103.88 E.0327
G1 X106.891 Y103.685 E.04047
G1 X107.61 Y104.404 E.0327
G1 X107.416 Y105.648 E.04047
G1 X108.135 Y106.367 E.0327
G1 X109.378 Y106.172 E.04047
G1 X110.097 Y106.891 E.0327
G1 X109.903 Y108.135 E.04047
G1 X110.622 Y108.854 E.0327
G1 X111.865 Y108.659 E.04047
G1 X112.584 Y109.378 E.0327
G1 X112.39 Y110.622 E.04047
G1 X113.109 Y111.341 E.0327
G1 X114.352 Y111.146 E.04047
G1 X115.071 Y111.865 E.0327
G1 X114.877 Y113.109 E.04047
G1 X115.596 Y113.828 E.0327
G1 X116.839 Y113.633 E.04047
G1 X117.558 Y114.352 E.0327
G1 X117.364 Y115.596 E.04047
G1 X118.083 Y116.315 E.0327
G1 X119.326 Y116.12 E.04047
G1 X120.045 Y116.839 E.0327
G1 X119.851 Y118.083 E.04047
G1 X120.57 Y118.802 E.0327
G1 X121.813 Y118.607 E.04047
G1 X122.532 Y119.326 E.0327
G1 X122.338 Y120.57 E.04047
G1 X123.057 Y121.289 E.0327
G1 X124.3 Y121.094 E.04047
G1 X125.019 Y121.813 E.0327
G1 X124.825 Y123.057 E.04047
G1 X125.544 Y123.776 E.0327
G1 X126.787 Y123.581 E.04047
G1 X127.506 Y124.3 E.0327
G1 X127.312 Y125.544 E.04047
G1 X128.031 Y126.263 E.0327
G1 X129.274 Y126.068 E.04047
G1 X129.993 Y126.787 E.0327
G1 X129.799 Y128.031 E.04047
G1 X130.518 Y128.75 E.0327
G1 X131.761 Y128.555 E.04047
G1 X132.48 Y129.274 E.0327
G1 X132.286 Y130.518 E.04047
G1 X133.005 Y131.237 E.0327
G1 X134.248 Y131.042 E.04047
G1 X134.967 Y131.761 E.0327
G1 X134.773 Y133.005 E.04047
G1 X135.492 Y133.724 E.0327
G1 X136.735 Y133.529 E.04047
G1 X137.454 Y134.248 E.0327
G1 X137.26 Y135.492 E.04047
G1 X137.979 Y136.211 E.0327
G1 X139.222 Y136.016 E.04047
G1 X139.941 Y136.735 E.0327
G1 X139.747 Y137.979 E.04047
G1 X140.466 Y138.698 E.0327
G1 X141.709 Y138.503 E.04047
G1 X142.428 Y139.222 E.0327
G1 X142.234 Y140.466 E.04047
G1 X142.643 Y140.875 E.01859
G1 X142.643 Y139.96 E.0294
G1 X142.643 Y137.473 F18000
G1 F6205.95
G1 X142.643 Y138.388 E.0294
G1 X142.234 Y137.979 E.01859
G1 X142.428 Y136.735 E.04047
G1 X141.709 Y136.016 E.0327
G1 X140.466 Y136.211 E.04047
G1 X139.747 Y135.492 E.0327
G1 X139.941 Y134.248 E.04047
G1 X139.222 Y133.529 E.0327
G1 X137.979 Y133.724 E.04047
G1 X137.26 Y133.005 E.0327
G1 X137.454 Y131.761 E.04047
G1 X136.735 Y131.042 E.0327
G1 X135.492 Y131.237 E.04047
G1 X134.773 Y130.518 E.0327
G1 X134.967 Y129.274 E.04047
G1 X134.248 Y128.555 E.0327
G1 X133.005 Y128.75 E.04047
G1 X132.286 Y128.031 E.0327
G1 X132.48 Y126.787 E.04047
G1 X131.761 Y126.068 E.0327
G1 X130.518 Y126.263 E.04047
G1 X129.799 Y125.544 E.0327
G1 X129.993 Y124.3 E.04047
G1 X129.274 Y123.581 E.0327
G1 X128.031 Y123.776 E.04047
G1 X127.312 Y123.057 E.0327
G1 X127.506 Y121.813 E.04047
G1 X126.787 Y121.094 E.0327
G1 X125.544 Y121.289 E.04047
G1 X124.825 Y120.57 E.0327
G1 X125.019 Y119.326 E.04047
G1 X124.3 Y118.607 E.0327
G1 X123.057 Y118.802 E.04047
G1 X122.338 Y118.083 E.0327
G1 X122.532 Y116.839 E.04047
G1 X121.813 Y116.12 E.0327
G1 X120.57 Y116.315 E.04047
G1 X119.851 Y115.596 E.0327
G1 X120.045 Y114.352 E.04047
G1 X119.326 Y113.633 E.0327
G1 X118.083 Y113.828 E.04047
G1 X117.364 Y113.109 E.0327
G1 X117.558 Y111.865 E.04047
G1 X116.839 Y111.146 E.0327
G1 X115.596 Y111.341 E.04047
G1 X114.877 Y110.622 E.0327
G1 X115.071 Y109.378 E.04047
G1 X114.352 Y108.659 E.0327
G1 X113.109 Y108.854 E.04047
G1 X112.39 Y108.135 E.0327
G1 X112.584 Y106.891 E.04047
G1 X111.865 Y106.172 E.0327
G1 X110.622 Y106.367 E.04047
G1 X109.903 Y105.648 E.0327
G1 X110.097 Y104.404 E.04047
G1 X109.378 Y103.685 E.0327
G1 X108.135 Y103.88 E.04047
G1 X107.416 Y103.161 E.0327
G1 X107.61 Y101.917 E.04047
G1 X106.891 Y101.198 E.0327
G1 X105.648 Y101.393 E.04047
G1 X104.929 Y100.674 E.0327
G1 X105.123 Y99.43 E.04047
G1 X104.404 Y98.711 E.0327
G1 X103.161 Y98.906 E.04047
G1 X102.442 Y98.187 E.0327
G1 X102.636 Y96.943 E.04047
G1 X101.917 Y96.224 E.0327
G1 X100.674 Y96.419 E.04047
G1 X99.955 Y95.7 E.0327
G1 X100.149 Y94.456 E.04047
G1 X99.43 Y93.737 E.0327
G1 X98.187 Y93.932 E.04047
G1 X97.468 Y93.213 E.0327
G1 X97.662 Y91.969 E.04047
G1 X96.943 Y91.25 E.0327
G1 X95.7 Y91.445 E.04047
G1 X94.981 Y90.726 E.0327
G1 X95.175 Y89.482 E.04047
G1 X94.456 Y88.763 E.0327
G1 X93.213 Y88.958 E.04047
G1 X92.494 Y88.239 E.0327
G1 X92.688 Y86.995 E.04047
G1 X91.969 Y86.276 E.0327
G1 X90.726 Y86.471 E.04047
G1 X90.007 Y85.752 E.0327
G1 X90.201 Y84.508 E.04047
G1 X89.482 Y83.789 E.0327
G1 X88.239 Y83.984 E.04047
G1 X87.52 Y83.265 E.0327
G1 X87.714 Y82.021 E.04047
G1 X86.995 Y81.302 E.0327
G1 X85.752 Y81.497 E.04047
G1 X85.033 Y80.778 E.0327
G1 X85.227 Y79.534 E.04047
G1 X84.508 Y78.815 E.0327
G1 X83.265 Y79.01 E.04047
G1 X82.546 Y78.291 E.0327
G1 X82.74 Y77.047 E.04047
G1 X82.051 Y76.357 E.03136
G2 X80.778 Y76.523 I-.109 J4.15 E.04144
G1 X80.612 Y76.357 E.00751
G1 X81.63 Y76.357 E.03272
G1 X84.117 Y76.357 F18000
G1 F6205.95
G1 X83.099 Y76.357 E.03272
G1 X83.265 Y76.523 E.00751
G3 X84.538 Y76.357 I1.164 J3.984 E.04144
G1 X85.227 Y77.047 E.03136
G1 X85.033 Y78.291 E.04047
G1 X85.752 Y79.01 E.0327
G1 X86.995 Y78.815 E.04047
G1 X87.714 Y79.534 E.0327
G1 X87.52 Y80.778 E.04047
G1 X88.239 Y81.497 E.0327
G1 X89.482 Y81.302 E.04047
G1 X90.201 Y82.021 E.0327
G1 X90.007 Y83.265 E.04047
G1 X90.726 Y83.984 E.0327
G1 X91.969 Y83.789 E.04047
G1 X92.688 Y84.508 E.0327
G1 X92.494 Y85.752 E.04047
G1 X93.213 Y86.471 E.0327
G1 X94.456 Y86.276 E.04047
G1 X95.175 Y86.995 E.0327
G1 X94.981 Y88.239 E.04047
G1 X95.7 Y88.958 E.0327
G1 X96.943 Y88.763 E.04047
G1 X97.662 Y89.482 E.0327
G1 X97.468 Y90.726 E.04047
G1 X98.187 Y91.445 E.0327
G1 X99.43 Y91.25 E.04047
G1 X100.149 Y91.969 E.0327
G1 X99.955 Y93.213 E.04047
G1 X100.674 Y93.932 E.0327
G1 X101.917 Y93.737 E.04047
G1 X102.636 Y94.456 E.0327
G1 X102.442 Y95.7 E.04047
G1 X103.161 Y96.419 E.0327
G1 X104.404 Y96.224 E.04047
G1 X105.123 Y96.943 E.0327
G1 X104.929 Y98.187 E.04047
G1 X105.648 Y98.906 E.0327
G1 X106.891 Y98.711 E.04047
G1 X107.61 Y99.43 E.0327
G1 X107.416 Y100.674 E.04047
G1 X108.135 Y101.393 E.0327
G1 X109.378 Y101.198 E.04047
G1 X110.097 Y101.917 E.0327
G1 X109.903 Y103.161 E.04047
G1 X110.622 Y103.88 E.0327
G1 X111.865 Y103.685 E.04047
G1 X112.584 Y104.404 E.0327
G1 X112.39 Y105.648 E.04047
G1 X113.109 Y106.367 E.0327
G1 X114.352 Y106.172 E.04047
G1 X115.071 Y106.891 E.0327
G1 X114.877 Y108.135 E.04047
G1 X115.596 Y108.854 E.0327
G1 X116.839 Y108.659 E.04047
G1 X117.558 Y109.378 E.0327
G1 X117.364 Y110.622 E.04047
G1 X118.083 Y111.341 E.0327
G1 X119.326 Y111.146 E.04047
G1 X120.045 Y111.865 E.0327
G1 X119.851 Y113.109 E.04047
G1 X120.57 Y113.828 E.0327
G1 X121.813 Y113.633 E.04047
G1 X122.532 Y114.352 E.0327
G1 X122.338 Y115.596 E.04047
G1 X123.057 Y116.315 E.0327
G1 X124.3 Y116.12 E.04047
G1 X125.019 Y116.839 E.0327
G1 X124.825 Y118.083 E.04047
G1 X125.544 Y118.802 E.0327
G1 X126.787 Y118.607 E.04047
G1 X127.506 Y119.326 E.0327
G1 X127.312 Y120.57 E.04047
G1 X128.031 Y121.289 E.0327
G1 X129.274 Y121.094 E.04047
G1 X129.993 Y121.813 E.0327
G1 X129.799 Y123.057 E.04047
G1 X130.518 Y123.776 E.0327
G1 X131.761 Y123.581 E.04047
G1 X132.48 Y124.3 E.0327
G1 X132.286 Y125.544 E.04047
G1 X133.005 Y126.263 E.0327
G1 X134.248 Y126.068 E.04047
G1 X134.967 Y126.787 E.0327
G1 X134.773 Y128.031 E.04047
G1 X135.492 Y128.75 E.0327
G1 X136.735 Y128.555 E.04047
G1 X137.454 Y129.274 E.0327
G1 X137.26 Y130.518 E.04047
G1 X137.979 Y131.237 E.0327
G1 X139.222 Y131.042 E.04047
G1 X139.941 Y131.761 E.0327
G1 X139.747 Y133.005 E.04047
G1 X140.466 Y133.724 E.0327
G1 X141.709 Y133.529 E.04047
G1 X142.428 Y134.248 E.0327
G1 X142.234 Y135.492 E.04047
G1 X142.643 Y135.901 E.01859
G1 X142.643 Y134.986 E.0294
G1 X142.643 Y132.499 F18000
G1 F6205.95
G1 X142.643 Y133.414 E.0294
G1 X142.234 Y133.005 E.01859
G1 X142.428 Y131.761 E.04047
G1 X141.709 Y131.042 E.0327
G1 X140.466 Y131.237 E.04047
G1 X139.747 Y130.518 E.0327
G1 X139.941 Y129.274 E.04047
G1 X139.222 Y128.555 E.0327
G1 X137.979 Y128.75 E.04047
G1 X137.26 Y128.031 E.0327
G1 X137.454 Y126.787 E.04047
G1 X136.735 Y126.068 E.0327
G1 X135.492 Y126.263 E.04047
G1 X134.773 Y125.544 E.0327
G1 X134.967 Y124.3 E.04047
G1 X134.248 Y123.581 E.0327
G1 X133.005 Y123.776 E.04047
G1 X132.286 Y123.057 E.0327
G1 X132.48 Y121.813 E.04047
G1 X131.761 Y121.094 E.0327
G1 X130.518 Y121.289 E.04047
G1 X129.799 Y120.57 E.0327
G1 X129.993 Y119.326 E.04047
G1 X129.274 Y118.607 E.0327
G1 X128.031 Y118.802 E.04047
G1 X127.312 Y118.083 E.0327
G1 X127.506 Y116.839 E.04047
G1 X126.787 Y116.12 E.0327
G1 X125.544 Y116.315 E.04047
G1 X124.825 Y115.596 E.0327
G1 X125.019 Y114.352 E.04047
G1 X124.3 Y113.633 E.0327
G1 X123.057 Y113.828 E.04047
G1 X122.338 Y113.109 E.0327
G1 X122.532 Y111.865 E.04047
G1 X121.813 Y111.146 E.0327
G1 X120.57 Y111.341 E.04047
G1 X119.851 Y110.622 E.0327
G1 X120.045 Y109.378 E.04047
G1 X119.326 Y108.659 E.0327
G1 X118.083 Y108.854 E.04047
G1 X117.364 Y108.135 E.0327
G1 X117.558 Y106.891 E.04047
G1 X116.839 Y106.172 E.0327
G1 X115.596 Y106.367 E.04047
G1 X114.877 Y105.648 E.0327
G1 X115.071 Y104.404 E.04047
G1 X114.352 Y103.685 E.0327
G1 X113.109 Y103.88 E.04047
G1 X112.39 Y103.161 E.0327
G1 X112.584 Y101.917 E.04047
G1 X111.865 Y101.198 E.0327
G1 X110.622 Y101.393 E.04047
G1 X109.903 Y100.674 E.0327
G1 X110.097 Y99.43 E.04047
G1 X109.378 Y98.711 E.0327
G1 X108.135 Y98.906 E.04047
G1 X107.416 Y98.187 E.0327
G1 X107.61 Y96.943 E.04047
G1 X106.891 Y96.224 E.0327
G1 X105.648 Y96.419 E.04047
G1 X104.929 Y95.7 E.0327
G1 X105.123 Y94.456 E.04047
G1 X104.404 Y93.737 E.0327
G1 X103.161 Y93.932 E.04047
G1 X102.442 Y93.213 E.0327
G1 X102.636 Y91.969 E.04047
G1 X101.917 Y91.25 E.0327
G1 X100.674 Y91.445 E.04047
G1 X99.955 Y90.726 E.0327
G1 X100.149 Y89.482 E.04047
G1 X99.43 Y88.763 E.0327
G1 X98.187 Y88.958 E.04047
G1 X97.468 Y88.239 E.0327
G1 X97.662 Y86.995 E.04047
G1 X96.943 Y86.276 E.0327
G1 X95.7 Y86.471 E.04047
G1 X94.981 Y85.752 E.0327
G1 X95.175 Y84.508 E.04047
G1 X94.456 Y83.789 E.0327
G1 X93.213 Y83.984 E.04047
G1 X92.494 Y83.265 E.0327
G1 X92.688 Y82.021 E.04047
G1 X91.969 Y81.302 E.0327
G1 X90.726 Y81.497 E.04047
G1 X90.007 Y80.778 E.0327
G1 X90.201 Y79.534 E.04047
G1 X89.482 Y78.815 E.0327
G1 X88.239 Y79.01 E.04047
G1 X87.52 Y78.291 E.0327
G1 X87.714 Y77.047 E.04047
G1 X87.025 Y76.357 E.03136
G2 X85.752 Y76.523 I-.109 J4.15 E.04144
G1 X85.586 Y76.357 E.00751
G1 X86.604 Y76.357 E.03272
G1 X89.091 Y76.357 F18000
G1 F6205.95
G1 X88.073 Y76.357 E.03272
G1 X88.239 Y76.523 E.00751
G3 X89.512 Y76.357 I1.164 J3.984 E.04144
G1 X90.201 Y77.047 E.03136
G1 X90.007 Y78.291 E.04047
G1 X90.726 Y79.01 E.0327
G1 X91.969 Y78.815 E.04047
G1 X92.688 Y79.534 E.0327
G1 X92.494 Y80.778 E.04047
G1 X93.213 Y81.497 E.0327
G1 X94.456 Y81.302 E.04047
G1 X95.175 Y82.021 E.0327
G1 X94.981 Y83.265 E.04047
G1 X95.7 Y83.984 E.0327
G1 X96.943 Y83.789 E.04047
G1 X97.662 Y84.508 E.0327
G1 X97.468 Y85.752 E.04047
G1 X98.187 Y86.471 E.0327
G1 X99.43 Y86.276 E.04047
G1 X100.149 Y86.995 E.0327
G1 X99.955 Y88.239 E.04047
G1 X100.674 Y88.958 E.0327
G1 X101.917 Y88.763 E.04047
G1 X102.636 Y89.482 E.0327
G1 X102.442 Y90.726 E.04047
G1 X103.161 Y91.445 E.0327
G1 X104.404 Y91.25 E.04047
G1 X105.123 Y91.969 E.0327
G1 X104.929 Y93.213 E.04047
G1 X105.648 Y93.932 E.0327
G1 X106.891 Y93.737 E.04047
G1 X107.61 Y94.456 E.0327
G1 X107.416 Y95.7 E.04047
G1 X108.135 Y96.419 E.0327
G1 X109.378 Y96.224 E.04047
G1 X110.097 Y96.943 E.0327
G1 X109.903 Y98.187 E.04047
G1 X110.622 Y98.906 E.0327
G1 X111.865 Y98.711 E.04047
G1 X112.584 Y99.43 E.0327
G1 X112.39 Y100.674 E.04047
G1 X113.109 Y101.393 E.0327
G1 X114.352 Y101.198 E.04047
G1 X115.071 Y101.917 E.0327
G1 X114.877 Y103.161 E.04047
G1 X115.596 Y103.88 E.0327
G1 X116.839 Y103.685 E.04047
G1 X117.558 Y104.404 E.0327
G1 X117.364 Y105.648 E.04047
G1 X118.083 Y106.367 E.0327
G1 X119.326 Y106.172 E.04047
G1 X120.045 Y106.891 E.0327
G1 X119.851 Y108.135 E.04047
G1 X120.57 Y108.854 E.0327
G1 X121.813 Y108.659 E.04047
G1 X122.532 Y109.378 E.0327
G1 X122.338 Y110.622 E.04047
G1 X123.057 Y111.341 E.0327
G1 X124.3 Y111.146 E.04047
G1 X125.019 Y111.865 E.0327
G1 X124.825 Y113.109 E.04047
G1 X125.544 Y113.828 E.0327
G1 X126.787 Y113.633 E.04047
G1 X127.506 Y114.352 E.0327
G1 X127.312 Y115.596 E.04047
G1 X128.031 Y116.315 E.0327
G1 X129.274 Y116.12 E.04047
G1 X129.993 Y116.839 E.0327
G1 X129.799 Y118.083 E.04047
G1 X130.518 Y118.802 E.0327
G1 X131.761 Y118.607 E.04047
G1 X132.48 Y119.326 E.0327
G1 X132.286 Y120.57 E.04047
G1 X133.005 Y121.289 E.0327
G1 X134.248 Y121.094 E.04047
G1 X134.967 Y121.813 E.0327
G1 X134.773 Y123.057 E.04047
G1 X135.492 Y123.776 E.0327
G1 X136.735 Y123.581 E.04047
G1 X137.454 Y124.3 E.0327
G1 X137.26 Y125.544 E.04047
G1 X137.979 Y126.263 E.0327
G1 X139.222 Y126.068 E.04047
G1 X139.941 Y126.787 E.0327
G1 X139.747 Y128.031 E.04047
G1 X140.466 Y128.75 E.0327
G1 X141.709 Y128.555 E.04047
G1 X142.428 Y129.274 E.0327
G1 X142.234 Y130.518 E.04047
G1 X142.643 Y130.927 E.01859
G1 X142.643 Y130.012 E.0294
G1 X142.643 Y122.551 F18000
G1 F6205.95
G1 X142.643 Y123.466 E.0294
G1 X142.234 Y123.057 E.01859
G1 X142.428 Y121.813 E.04047
G1 X141.709 Y121.094 E.0327
G1 X140.466 Y121.289 E.04047
G1 X139.747 Y120.57 E.0327
G1 X139.941 Y119.326 E.04047
G1 X139.222 Y118.607 E.0327
G1 X137.979 Y118.802 E.04047
G1 X137.26 Y118.083 E.0327
G1 X137.454 Y116.839 E.04047
G1 X136.735 Y116.12 E.0327
G1 X135.492 Y116.315 E.04047
G1 X134.773 Y115.596 E.0327
G1 X134.967 Y114.352 E.04047
G1 X134.248 Y113.633 E.0327
G1 X133.005 Y113.828 E.04047
G1 X132.286 Y113.109 E.0327
G1 X132.48 Y111.865 E.04047
G1 X131.761 Y111.146 E.0327
G1 X130.518 Y111.341 E.04047
G1 X129.799 Y110.622 E.0327
G1 X129.993 Y109.378 E.04047
G1 X129.274 Y108.659 E.0327
G1 X128.031 Y108.854 E.04047
G1 X127.312 Y108.135 E.0327
G1 X127.506 Y106.891 E.04047
G1 X126.787 Y106.172 E.0327
G1 X125.544 Y106.367 E.04047
G1 X124.825 Y105.648 E.0327
G1 X125.019 Y104.404 E.04047
G1 X124.3 Y103.685 E.0327
G1 X123.057 Y103.88 E.04047
G1 X122.338 Y103.161 E.0327
G1 X122.532 Y101.917 E.04047
G1 X121.813 Y101.198 E.0327
G1 X120.57 Y101.393 E.04047
G1 X119.851 Y100.674 E.0327
G1 X120.045 Y99.43 E.04047
G1 X119.326 Y98.711 E.0327
G1 X118.083 Y98.906 E.04047
G1 X117.364 Y98.187 E.0327
G1 X117.558 Y96.943 E.04047
G1 X116.839 Y96.224 E.0327
G1 X115.596 Y96.419 E.04047
G1 X114.877 Y95.7 E.0327
G1 X115.071 Y94.456 E.04047
G1 X114.352 Y93.737 E.0327
G1 X113.109 Y93.932 E.04047
G1 X112.39 Y93.213 E.0327
G1 X112.584 Y91.969 E.04047
G1 X111.865 Y91.25 E.0327
G1 X110.622 Y91.445 E.04047
G1 X109.903 Y90.726 E.0327
G1 X110.097 Y89.482 E.04047
G1 X109.378 Y88.763 E.0327
G1 X108.135 Y88.958 E.04047
G1 X107.416 Y88.239 E.0327
G1 X107.61 Y86.995 E.04047
G1 X106.891 Y86.276 E.0327
G1 X105.648 Y86.471 E.04047
G1 X104.929 Y85.752 E.0327
G1 X105.123 Y84.508 E.04047
G1 X104.404 Y83.789 E.0327
G1 X103.161 Y83.984 E.04047
G1 X102.442 Y83.265 E.0327
G1 X102.636 Y82.021 E.04047
G1 X101.917 Y81.302 E.0327
G1 X100.674 Y81.497 E.04047
G1 X99.955 Y80.778 E.0327
G1 X100.149 Y79.534 E.04047
G1 X99.43 Y78.815 E.0327
G1 X98.187 Y79.01 E.04047
G1 X97.468 Y78.291 E.0327
G1 X97.662 Y77.047 E.04047
G1 X96.973 Y76.357 E.03136
G2 X95.7 Y76.523 I-.109 J4.15 E.04144
G1 X95.534 Y76.357 E.00751
G1 X96.552 Y76.357 E.03272
G1 X94.065 Y76.357 F18000
G1 F6205.95
G1 X93.047 Y76.357 E.03272
G1 X93.213 Y76.523 E.00751
G3 X94.486 Y76.357 I1.164 J3.984 E.04144
G1 X95.175 Y77.047 E.03136
G1 X94.981 Y78.291 E.04047
G1 X95.7 Y79.01 E.0327
G1 X96.943 Y78.815 E.04047
G1 X97.662 Y79.534 E.0327
G1 X97.468 Y80.778 E.04047
G1 X98.187 Y81.497 E.0327
G1 X99.43 Y81.302 E.04047
G1 X100.149 Y82.021 E.0327
G1 X99.955 Y83.265 E.04047
G1 X100.674 Y83.984 E.0327
G1 X101.917 Y83.789 E.04047
G1 X102.636 Y84.508 E.0327
G1 X102.442 Y85.752 E.04047
G1 X103.161 Y86.471 E.0327
G1 X104.404 Y86.276 E.04047
G1 X105.123 Y86.995 E.0327
G1 X104.929 Y88.239 E.04047
G1 X105.648 Y88.958 E.0327
G1 X106.891 Y88.763 E.04047
G1 X107.61 Y89.482 E.0327
G1 X107.416 Y90.726 E.04047
G1 X108.135 Y91.445 E.0327
G1 X109.378 Y91.25 E.04047
G1 X110.097 Y91.969 E.0327
G1 X109.903 Y93.213 E.04047
G1 X110.622 Y93.932 E.0327
G1 X111.865 Y93.737 E.04047
G1 X112.584 Y94.456 E.0327
G1 X112.39 Y95.7 E.04047
G1 X113.109 Y96.419 E.0327
G1 X114.352 Y96.224 E.04047
G1 X115.071 Y96.943 E.0327
G1 X114.877 Y98.187 E.04047
G1 X115.596 Y98.906 E.0327
G1 X116.839 Y98.711 E.04047
G1 X117.558 Y99.43 E.0327
G1 X117.364 Y100.674 E.04047
G1 X118.083 Y101.393 E.0327
G1 X119.326 Y101.198 E.04047
G1 X120.045 Y101.917 E.0327
G1 X119.851 Y103.161 E.04047
G1 X120.57 Y103.88 E.0327
G1 X121.813 Y103.685 E.04047
G1 X122.532 Y104.404 E.0327
G1 X122.338 Y105.648 E.04047
G1 X123.057 Y106.367 E.0327
G1 X124.3 Y106.172 E.04047
G1 X125.019 Y106.891 E.0327
G1 X124.825 Y108.135 E.04047
G1 X125.544 Y108.854 E.0327
G1 X126.787 Y108.659 E.04047
G1 X127.506 Y109.378 E.0327
G1 X127.312 Y110.622 E.04047
G1 X128.031 Y111.341 E.0327
G1 X129.274 Y111.146 E.04047
G1 X129.993 Y111.865 E.0327
G1 X129.799 Y113.109 E.04047
G1 X130.518 Y113.828 E.0327
G1 X131.761 Y113.633 E.04047
G1 X132.48 Y114.352 E.0327
G1 X132.286 Y115.596 E.04047
G1 X133.005 Y116.315 E.0327
G1 X134.248 Y116.12 E.04047
G1 X134.967 Y116.839 E.0327
G1 X134.773 Y118.083 E.04047
G1 X135.492 Y118.802 E.0327
G1 X136.735 Y118.607 E.04047
G1 X137.454 Y119.326 E.0327
G1 X137.26 Y120.57 E.04047
G1 X137.979 Y121.289 E.0327
G1 X139.222 Y121.094 E.04047
G1 X139.941 Y121.813 E.0327
G1 X139.747 Y123.057 E.04047
G1 X140.466 Y123.776 E.0327
G1 X141.709 Y123.581 E.04047
G1 X142.428 Y124.3 E.0327
G1 X142.234 Y125.544 E.04047
G1 X142.643 Y125.953 E.01859
G1 X142.643 Y125.038 E.0294
G1 X142.643 Y127.525 F18000
G1 F6205.95
G1 X142.643 Y128.44 E.0294
G1 X142.234 Y128.031 E.01859
G1 X142.428 Y126.787 E.04047
G1 X141.709 Y126.068 E.0327
G1 X140.466 Y126.263 E.04047
G1 X139.747 Y125.544 E.0327
G1 X139.941 Y124.3 E.04047
G1 X139.222 Y123.581 E.0327
G1 X137.979 Y123.776 E.04047
G1 X137.26 Y123.057 E.0327
G1 X137.454 Y121.813 E.04047
G1 X136.735 Y121.094 E.0327
G1 X135.492 Y121.289 E.04047
G1 X134.773 Y120.57 E.0327
G1 X134.967 Y119.326 E.04047
G1 X134.248 Y118.607 E.0327
G1 X133.005 Y118.802 E.04047
G1 X132.286 Y118.083 E.0327
G1 X132.48 Y116.839 E.04047
G1 X131.761 Y116.12 E.0327
G1 X130.518 Y116.315 E.04047
G1 X129.799 Y115.596 E.0327
G1 X129.993 Y114.352 E.04047
G1 X129.274 Y113.633 E.0327
G1 X128.031 Y113.828 E.04047
G1 X127.312 Y113.109 E.0327
G1 X127.506 Y111.865 E.04047
G1 X126.787 Y111.146 E.0327
G1 X125.544 Y111.341 E.04047
G1 X124.825 Y110.622 E.0327
G1 X125.019 Y109.378 E.04047
G1 X124.3 Y108.659 E.0327
G1 X123.057 Y108.854 E.04047
G1 X122.338 Y108.135 E.0327
G1 X122.532 Y106.891 E.04047
G1 X121.813 Y106.172 E.0327
G1 X120.57 Y106.367 E.04047
G1 X119.851 Y105.648 E.0327
G1 X120.045 Y104.404 E.04047
G1 X119.326 Y103.685 E.0327
G1 X118.083 Y103.88 E.04047
G1 X117.364 Y103.161 E.0327
G1 X117.558 Y101.917 E.04047
G1 X116.839 Y101.198 E.0327
G1 X115.596 Y101.393 E.04047
G1 X114.877 Y100.674 E.0327
G1 X115.071 Y99.43 E.04047
G1 X114.352 Y98.711 E.0327
G1 X113.109 Y98.906 E.04047
G1 X112.39 Y98.187 E.0327
G1 X112.584 Y96.943 E.04047
G1 X111.865 Y96.224 E.0327
G1 X110.622 Y96.419 E.04047
G1 X109.903 Y95.7 E.0327
G1 X110.097 Y94.456 E.04047
G1 X109.378 Y93.737 E.0327
G1 X108.135 Y93.932 E.04047
G1 X107.416 Y93.213 E.0327
G1 X107.61 Y91.969 E.04047
G1 X106.891 Y91.25 E.0327
G1 X105.648 Y91.445 E.04047
G1 X104.929 Y90.726 E.0327
G1 X105.123 Y89.482 E.04047
G1 X104.404 Y88.763 E.0327
G1 X103.161 Y88.958 E.04047
G1 X102.442 Y88.239 E.0327
G1 X102.636 Y86.995 E.04047
G1 X101.917 Y86.276 E.0327
G1 X100.674 Y86.471 E.04047
G1 X99.955 Y85.752 E.0327
G1 X100.149 Y84.508 E.04047
G1 X99.43 Y83.789 E.0327
G1 X98.187 Y83.984 E.04047
G1 X97.468 Y83.265 E.0327
G1 X97.662 Y82.021 E.04047
G1 X96.943 Y81.302 E.0327
G1 X95.7 Y81.497 E.04047
G1 X94.981 Y80.778 E.0327
G1 X95.175 Y79.534 E.04047
G1 X94.456 Y78.815 E.0327
G1 X93.213 Y79.01 E.04047
G1 X92.494 Y78.291 E.0327
G1 X92.688 Y77.047 E.04047
G1 X91.999 Y76.357 E.03136
G2 X90.726 Y76.523 I-.109 J4.15 E.04144
G1 X90.56 Y76.357 E.00751
G1 X91.578 Y76.357 E.03272
G1 X99.039 Y76.357 F18000
G1 F6205.95
G1 X98.021 Y76.357 E.03272
G1 X98.187 Y76.523 E.00751
G3 X99.46 Y76.357 I1.164 J3.984 E.04144
G1 X100.149 Y77.047 E.03136
G1 X99.955 Y78.291 E.04047
G1 X100.674 Y79.01 E.0327
G1 X101.917 Y78.815 E.04047
G1 X102.636 Y79.534 E.0327
G1 X102.442 Y80.778 E.04047
G1 X103.161 Y81.497 E.0327
G1 X104.404 Y81.302 E.04047
G1 X105.123 Y82.021 E.0327
G1 X104.929 Y83.265 E.04047
G1 X105.648 Y83.984 E.0327
G1 X106.891 Y83.789 E.04047
G1 X107.61 Y84.508 E.0327
G1 X107.416 Y85.752 E.04047
G1 X108.135 Y86.471 E.0327
G1 X109.378 Y86.276 E.04047
G1 X110.097 Y86.995 E.0327
G1 X109.903 Y88.239 E.04047
G1 X110.622 Y88.958 E.0327
G1 X111.865 Y88.763 E.04047
G1 X112.584 Y89.482 E.0327
G1 X112.39 Y90.726 E.04047
G1 X113.109 Y91.445 E.0327
G1 X114.352 Y91.25 E.04047
G1 X115.071 Y91.969 E.0327
G1 X114.877 Y93.213 E.04047
G1 X115.596 Y93.932 E.0327
G1 X116.839 Y93.737 E.04047
G1 X117.558 Y94.456 E.0327
G1 X117.364 Y95.7 E.04047
G1 X118.083 Y96.419 E.0327
G1 X119.326 Y96.224 E.04047
G1 X120.045 Y96.943 E.0327
G1 X119.851 Y98.187 E.04047
G1 X120.57 Y98.906 E.0327
G1 X121.813 Y98.711 E.04047
G1 X122.532 Y99.43 E.0327
G1 X122.338 Y100.674 E.04047
G1 X123.057 Y101.393 E.0327
G1 X124.3 Y101.198 E.04047
G1 X125.019 Y101.917 E.0327
G1 X124.825 Y103.161 E.04047
G1 X125.544 Y103.88 E.0327
G1 X126.787 Y103.685 E.04047
G1 X127.506 Y104.404 E.0327
G1 X127.312 Y105.648 E.04047
G1 X128.031 Y106.367 E.0327
G1 X129.274 Y106.172 E.04047
G1 X129.993 Y106.891 E.0327
G1 X129.799 Y108.135 E.04047
G1 X130.518 Y108.854 E.0327
G1 X131.761 Y108.659 E.04047
G1 X132.48 Y109.378 E.0327
G1 X132.286 Y110.622 E.04047
G1 X133.005 Y111.341 E.0327
G1 X134.248 Y111.146 E.04047
G1 X134.967 Y111.865 E.0327
G1 X134.773 Y113.109 E.04047
G1 X135.492 Y113.828 E.0327
G1 X136.735 Y113.633 E.04047
G1 X137.454 Y114.352 E.0327
G1 X137.26 Y115.596 E.04047
G1 X137.979 Y116.315 E.0327
G1 X139.222 Y116.12 E.04047
G1 X139.941 Y116.839 E.0327
G1 X139.747 Y118.083 E.04047
G1 X140.466 Y118.802 E.0327
G1 X141.709 Y118.607 E.04047
G1 X142.428 Y119.326 E.0327
G1 X142.234 Y120.57 E.04047
G1 X142.643 Y120.979 E.01859
G1 X142.643 Y120.064 E.0294
G1 X142.643 Y117.577 F18000
G1 F6205.95
G1 X142.643 Y118.492 E.0294
G1 X142.234 Y118.083 E.01859
G1 X142.428 Y116.839 E.04047
G1 X141.709 Y116.12 E.0327
G1 X140.466 Y116.315 E.04047
G1 X139.747 Y115.596 E.0327
G1 X139.941 Y114.352 E.04047
G1 X139.222 Y113.633 E.0327
G1 X137.979 Y113.828 E.04047
G1 X137.26 Y113.109 E.0327
G1 X137.437 Y111.975 E.03689
G2 X136.735 Y111.146 I-7.753 J5.85 E.03495
G1 X135.492 Y111.341 E.04047
G1 X134.773 Y110.622 E.0327
G1 X134.967 Y109.378 E.04047
G1 X134.248 Y108.659 E.0327
G1 X133.005 Y108.854 E.04047
G1 X132.286 Y108.135 E.0327
G1 X132.48 Y106.891 E.04047
G1 X131.761 Y106.172 E.0327
G1 X130.518 Y106.367 E.04047
G1 X129.799 Y105.648 E.0327
G1 X129.993 Y104.404 E.04047
G1 X129.274 Y103.685 E.0327
G1 X128.031 Y103.88 E.04047
G1 X127.312 Y103.161 E.0327
G1 X127.506 Y101.917 E.04047
G1 X126.787 Y101.198 E.0327
G1 X125.544 Y101.393 E.04047
G1 X124.825 Y100.674 E.0327
G1 X125.019 Y99.43 E.04047
G1 X124.3 Y98.711 E.0327
G1 X123.057 Y98.906 E.04047
G1 X122.338 Y98.187 E.0327
G1 X122.532 Y96.943 E.04047
G1 X121.813 Y96.224 E.0327
G1 X120.57 Y96.419 E.04047
G1 X119.851 Y95.7 E.0327
G1 X120.045 Y94.456 E.04047
G1 X119.326 Y93.737 E.0327
G1 X118.083 Y93.932 E.04047
G1 X117.364 Y93.213 E.0327
G1 X117.558 Y91.969 E.04047
G1 X116.839 Y91.25 E.0327
G1 X115.596 Y91.445 E.04047
G1 X114.877 Y90.726 E.0327
G1 X115.071 Y89.482 E.04047
G1 X114.352 Y88.763 E.0327
G1 X113.109 Y88.958 E.04047
G1 X112.39 Y88.239 E.0327
G1 X112.584 Y86.995 E.04047
G1 X111.865 Y86.276 E.0327
G1 X110.622 Y86.471 E.04047
G1 X109.903 Y85.752 E.0327
G1 X110.097 Y84.508 E.04047
G1 X109.378 Y83.789 E.0327
G1 X108.135 Y83.984 E.04047
G1 X107.416 Y83.265 E.0327
G1 X107.61 Y82.021 E.04047
G1 X106.891 Y81.302 E.0327
G1 X105.648 Y81.497 E.04047
G1 X104.929 Y80.778 E.0327
G1 X105.123 Y79.534 E.04047
G1 X104.404 Y78.815 E.0327
G1 X103.161 Y79.01 E.04047
G1 X102.442 Y78.291 E.0327
G1 X102.636 Y77.047 E.04047
G1 X101.947 Y76.357 E.03136
G2 X100.674 Y76.523 I-.109 J4.15 E.04144
G1 X100.508 Y76.357 E.00751
G1 X101.526 Y76.357 E.03272
G1 X104.013 Y76.357 F18000
G1 F6205.95
G1 X102.996 Y76.357 E.03272
G1 X103.161 Y76.523 E.00751
G3 X104.434 Y76.357 I1.164 J3.984 E.04144
G1 X105.123 Y77.047 E.03136
G1 X104.929 Y78.291 E.04047
G1 X105.648 Y79.01 E.0327
G1 X106.891 Y78.815 E.04047
G1 X107.61 Y79.534 E.0327
G1 X107.416 Y80.778 E.04047
G1 X108.135 Y81.497 E.0327
G1 X109.378 Y81.302 E.04047
G1 X110.097 Y82.021 E.0327
G1 X109.903 Y83.265 E.04047
G1 X110.622 Y83.984 E.0327
G1 X111.865 Y83.789 E.04047
G1 X112.584 Y84.508 E.0327
G1 X112.39 Y85.752 E.04047
G1 X113.109 Y86.471 E.0327
G1 X114.352 Y86.276 E.04047
G1 X115.071 Y86.995 E.0327
G1 X114.877 Y88.239 E.04047
G1 X115.596 Y88.958 E.0327
G1 X116.839 Y88.763 E.04047
G1 X117.558 Y89.482 E.0327
G1 X117.364 Y90.726 E.04047
G1 X118.083 Y91.445 E.0327
G1 X119.326 Y91.25 E.04047
G1 X120.045 Y91.969 E.0327
G1 X119.851 Y93.213 E.04047
G1 X120.57 Y93.932 E.0327
G1 X121.813 Y93.737 E.04047
G1 X122.532 Y94.456 E.0327
G1 X122.338 Y95.7 E.04047
G1 X123.057 Y96.419 E.0327
G1 X124.3 Y96.224 E.04047
G1 X125.019 Y96.943 E.0327
G1 X124.825 Y98.187 E.04047
G1 X125.544 Y98.906 E.0327
G1 X126.787 Y98.711 E.04047
G1 X127.506 Y99.43 E.0327
G1 X127.312 Y100.674 E.04047
G1 X128.031 Y101.393 E.0327
G1 X129.274 Y101.198 E.04047
G1 X129.993 Y101.917 E.0327
G1 X129.799 Y103.161 E.04047
G1 X130.518 Y103.88 E.0327
G1 X131.761 Y103.685 E.04047
G1 X132.48 Y104.404 E.0327
G1 X132.286 Y105.648 E.04047
G1 X133.005 Y106.367 E.0327
G1 X134.248 Y106.172 E.04047
G1 X134.967 Y106.891 E.0327
G1 X134.773 Y108.135 E.04047
G1 X135.492 Y108.854 E.0327
G1 X136.735 Y108.659 E.04047
G1 X136.896 Y108.82 E.00732
G3 X137.302 Y108.177 I2.748 J1.284 E.02452
G1 X137.26 Y108.135 E.00192
G1 X137.454 Y106.891 E.04047
G1 X136.735 Y106.172 E.0327
G1 X135.492 Y106.367 E.04047
G1 X134.773 Y105.648 E.0327
G1 X134.967 Y104.404 E.04047
G1 X134.248 Y103.685 E.0327
G1 X133.005 Y103.88 E.04047
G1 X132.286 Y103.161 E.0327
G1 X132.48 Y101.917 E.04047
G1 X131.761 Y101.198 E.0327
G1 X130.518 Y101.393 E.04047
G1 X129.799 Y100.674 E.0327
G1 X129.993 Y99.43 E.04047
G1 X129.274 Y98.711 E.0327
G1 X128.031 Y98.906 E.04047
G1 X127.312 Y98.187 E.0327
G1 X127.506 Y96.943 E.04047
G1 X126.787 Y96.224 E.0327
G1 X125.544 Y96.419 E.04047
G1 X124.825 Y95.7 E.0327
G1 X125.019 Y94.456 E.04047
G1 X124.3 Y93.737 E.0327
G1 X123.057 Y93.932 E.04047
G1 X122.338 Y93.213 E.0327
G1 X122.532 Y91.969 E.04047
G1 X121.813 Y91.25 E.0327
G1 X120.57 Y91.445 E.04047
G1 X119.851 Y90.726 E.0327
G1 X120.045 Y89.482 E.04047
G1 X119.326 Y88.763 E.0327
G1 X118.083 Y88.958 E.04047
G1 X117.364 Y88.239 E.0327
G1 X117.558 Y86.995 E.04047
G1 X116.839 Y86.276 E.0327
G1 X115.596 Y86.471 E.04047
G1 X114.877 Y85.752 E.0327
G1 X115.071 Y84.508 E.04047
G1 X114.352 Y83.789 E.0327
G1 X113.109 Y83.984 E.04047
G1 X112.39 Y83.265 E.0327
G1 X112.584 Y82.021 E.04047
G1 X111.865 Y81.302 E.0327
G1 X110.622 Y81.497 E.04047
G1 X109.903 Y80.778 E.0327
G1 X110.097 Y79.534 E.04047
G1 X109.378 Y78.815 E.0327
G1 X108.135 Y79.01 E.04047
G1 X107.416 Y78.291 E.0327
G1 X107.61 Y77.047 E.04047
G1 X106.921 Y76.357 E.03136
G2 X105.648 Y76.523 I-.109 J4.15 E.04144
G1 X105.483 Y76.357 E.00751
G1 X106.5 Y76.357 E.03272
G1 X108.987 Y76.357 F18000
G1 F6205.95
G1 X107.97 Y76.357 E.03272
G1 X108.135 Y76.523 E.00751
G3 X109.408 Y76.357 I1.164 J3.984 E.04144
G1 X110.097 Y77.047 E.03136
G1 X109.903 Y78.291 E.04047
G1 X110.622 Y79.01 E.0327
G1 X111.865 Y78.815 E.04047
G1 X112.584 Y79.534 E.0327
G1 X112.39 Y80.778 E.04047
G1 X113.109 Y81.497 E.0327
G1 X114.352 Y81.302 E.04047
G1 X115.071 Y82.021 E.0327
G1 X114.877 Y83.265 E.04047
G1 X115.596 Y83.984 E.0327
G1 X116.839 Y83.789 E.04047
G1 X117.558 Y84.508 E.0327
G1 X117.364 Y85.752 E.04047
G1 X118.083 Y86.471 E.0327
G1 X119.326 Y86.276 E.04047
G1 X120.045 Y86.995 E.0327
G1 X119.851 Y88.239 E.04047
G1 X120.57 Y88.958 E.0327
G1 X121.813 Y88.763 E.04047
G1 X122.532 Y89.482 E.0327
G1 X122.338 Y90.726 E.04047
G1 X123.057 Y91.445 E.0327
G1 X124.3 Y91.25 E.04047
G1 X125.019 Y91.969 E.0327
G1 X124.825 Y93.213 E.04047
G1 X125.544 Y93.932 E.0327
G1 X126.787 Y93.737 E.04047
G1 X127.506 Y94.456 E.0327
G1 X127.312 Y95.7 E.04047
G1 X128.031 Y96.419 E.0327
G1 X129.274 Y96.224 E.04047
G1 X129.993 Y96.943 E.0327
G1 X129.799 Y98.187 E.04047
G1 X130.518 Y98.906 E.0327
G1 X131.761 Y98.711 E.04047
G1 X132.48 Y99.43 E.0327
G1 X132.286 Y100.674 E.04047
G1 X133.005 Y101.393 E.0327
G1 X134.248 Y101.198 E.04047
G1 X134.967 Y101.917 E.0327
G1 X134.773 Y103.161 E.04047
G1 X135.492 Y103.88 E.0327
G1 X136.735 Y103.685 E.04047
G1 X137.454 Y104.404 E.0327
G1 X137.26 Y105.648 E.04047
G1 X137.979 Y106.367 E.0327
G1 X139.222 Y106.172 E.04047
G1 X139.941 Y106.891 E.0327
G1 X139.898 Y107.172 E.00913
G3 X141.976 Y108.57 I-.406 J2.848 E.08335
G2 X142.428 Y109.378 I2.421 J-.824 E.02995
G3 X142.278 Y110.666 I-15.213 J-1.127 E.0417
G1 X142.643 Y111.03 E.01659
G1 X142.643 Y108.543 E.07997
G1 X142.234 Y108.135 E.01859
G1 X142.428 Y106.891 E.04047
G1 X141.709 Y106.172 E.0327
G1 X140.466 Y106.367 E.04047
G1 X139.747 Y105.648 E.0327
G1 X139.941 Y104.404 E.04047
G1 X139.222 Y103.685 E.0327
G1 X137.979 Y103.88 E.04047
G1 X137.26 Y103.161 E.0327
G1 X137.454 Y101.917 E.04047
G1 X136.735 Y101.198 E.0327
G1 X135.492 Y101.393 E.04047
G1 X134.773 Y100.674 E.0327
G1 X134.967 Y99.43 E.04047
G1 X134.248 Y98.711 E.0327
G1 X133.005 Y98.906 E.04047
G1 X132.286 Y98.187 E.0327
G1 X132.48 Y96.943 E.04047
G1 X131.761 Y96.224 E.0327
G1 X130.518 Y96.419 E.04047
G1 X129.799 Y95.7 E.0327
G1 X129.993 Y94.456 E.04047
G1 X129.274 Y93.737 E.0327
G1 X128.031 Y93.932 E.04047
G1 X127.312 Y93.213 E.0327
G1 X127.506 Y91.969 E.04047
G1 X126.787 Y91.25 E.0327
G1 X125.544 Y91.445 E.04047
G1 X124.825 Y90.726 E.0327
G1 X125.019 Y89.482 E.04047
G1 X124.3 Y88.763 E.0327
G1 X123.057 Y88.958 E.04047
G1 X122.338 Y88.239 E.0327
G1 X122.532 Y86.995 E.04047
G1 X121.813 Y86.276 E.0327
G1 X120.57 Y86.471 E.04047
G1 X119.851 Y85.752 E.0327
G1 X120.045 Y84.508 E.04047
G1 X119.326 Y83.789 E.0327
G1 X118.083 Y83.984 E.04047
G1 X117.364 Y83.265 E.0327
G1 X117.558 Y82.021 E.04047
G1 X116.839 Y81.302 E.0327
G1 X115.596 Y81.497 E.04047
G1 X114.877 Y80.778 E.0327
G1 X115.071 Y79.534 E.04047
G1 X114.352 Y78.815 E.0327
G1 X113.109 Y79.01 E.04047
G1 X112.39 Y78.291 E.0327
G1 X112.584 Y77.047 E.04047
G1 X111.895 Y76.357 E.03136
G2 X110.622 Y76.523 I-.109 J4.15 E.04144
G1 X110.457 Y76.357 E.00751
G1 X111.474 Y76.357 E.03272
G1 X113.961 Y76.357 F18000
G1 F6205.95
G1 X112.944 Y76.357 E.03272
G1 X113.109 Y76.523 E.00751
G3 X114.382 Y76.357 I1.164 J3.984 E.04144
G1 X115.071 Y77.047 E.03136
G1 X114.877 Y78.291 E.04047
G1 X115.596 Y79.01 E.0327
G1 X116.839 Y78.815 E.04047
G1 X117.558 Y79.534 E.0327
G1 X117.364 Y80.778 E.04047
G1 X118.083 Y81.497 E.0327
G1 X119.326 Y81.302 E.04047
G1 X120.045 Y82.021 E.0327
G1 X119.851 Y83.265 E.04047
G1 X120.57 Y83.984 E.0327
G1 X121.813 Y83.789 E.04047
G1 X122.532 Y84.508 E.0327
G1 X122.338 Y85.752 E.04047
G1 X123.057 Y86.471 E.0327
G1 X124.3 Y86.276 E.04047
G1 X125.019 Y86.995 E.0327
G1 X124.825 Y88.239 E.04047
G1 X125.544 Y88.958 E.0327
G1 X126.787 Y88.763 E.04047
G1 X127.506 Y89.482 E.0327
G1 X127.312 Y90.726 E.04047
G1 X128.031 Y91.445 E.0327
G1 X129.274 Y91.25 E.04047
G1 X129.993 Y91.969 E.0327
G1 X129.799 Y93.213 E.04047
G1 X130.518 Y93.932 E.0327
G1 X131.761 Y93.737 E.04047
G1 X132.48 Y94.456 E.0327
G1 X132.286 Y95.7 E.04047
G1 X133.005 Y96.419 E.0327
G1 X134.248 Y96.224 E.04047
G1 X134.967 Y96.943 E.0327
G1 X134.773 Y98.187 E.04047
G1 X135.492 Y98.906 E.0327
G1 X136.735 Y98.711 E.04047
G1 X137.454 Y99.43 E.0327
G1 X137.26 Y100.674 E.04047
G1 X137.979 Y101.393 E.0327
G1 X139.222 Y101.198 E.04047
G1 X139.941 Y101.917 E.0327
G1 X139.747 Y103.161 E.04047
G1 X140.466 Y103.88 E.0327
G1 X141.709 Y103.685 E.04047
G1 X142.428 Y104.404 E.0327
G1 X142.234 Y105.648 E.04047
G1 X142.643 Y106.056 E.01859
G1 X142.643 Y105.142 E.0294
G1 X142.643 Y97.681 F18000
G1 F6205.95
G1 X142.643 Y98.595 E.0294
G1 X142.234 Y98.187 E.01859
G1 X142.428 Y96.943 E.04047
G1 X141.709 Y96.224 E.0327
G1 X140.466 Y96.419 E.04047
G1 X139.747 Y95.7 E.0327
G1 X139.941 Y94.456 E.04047
G1 X139.222 Y93.737 E.0327
G1 X137.979 Y93.932 E.04047
G1 X137.26 Y93.213 E.0327
G1 X137.454 Y91.969 E.04047
G1 X136.735 Y91.25 E.0327
G1 X135.492 Y91.445 E.04047
G1 X134.773 Y90.726 E.0327
G1 X134.967 Y89.482 E.04047
G1 X134.248 Y88.763 E.0327
G1 X133.005 Y88.958 E.04047
G1 X132.286 Y88.239 E.0327
G1 X132.48 Y86.995 E.04047
G1 X131.761 Y86.276 E.0327
G1 X130.518 Y86.471 E.04047
G1 X129.799 Y85.752 E.0327
G1 X129.993 Y84.508 E.04047
G1 X129.274 Y83.789 E.0327
G1 X128.031 Y83.984 E.04047
G1 X127.312 Y83.265 E.0327
G1 X127.506 Y82.021 E.04047
G1 X126.787 Y81.302 E.0327
G1 X125.544 Y81.497 E.04047
G1 X124.825 Y80.778 E.0327
G1 X125.019 Y79.534 E.04047
G1 X124.3 Y78.815 E.0327
G1 X123.057 Y79.01 E.04047
G1 X122.338 Y78.291 E.0327
G1 X122.532 Y77.047 E.04047
G1 X121.843 Y76.357 E.03136
G2 X120.57 Y76.523 I-.109 J4.15 E.04144
G1 X120.405 Y76.357 E.00751
G1 X121.422 Y76.357 E.03272
G1 X118.935 Y76.357 F18000
G1 F6205.95
G1 X117.918 Y76.357 E.03272
G1 X118.083 Y76.523 E.00751
G3 X119.356 Y76.357 I1.164 J3.984 E.04144
G1 X120.045 Y77.047 E.03136
G1 X119.851 Y78.291 E.04047
G1 X120.57 Y79.01 E.0327
G1 X121.813 Y78.815 E.04047
G1 X122.532 Y79.534 E.0327
G1 X122.338 Y80.778 E.04047
G1 X123.057 Y81.497 E.0327
G1 X124.3 Y81.302 E.04047
G1 X125.019 Y82.021 E.0327
G1 X124.825 Y83.265 E.04047
G1 X125.544 Y83.984 E.0327
G1 X126.787 Y83.789 E.04047
G1 X127.506 Y84.508 E.0327
G1 X127.312 Y85.752 E.04047
G1 X128.031 Y86.471 E.0327
G1 X129.274 Y86.276 E.04047
G1 X129.993 Y86.995 E.0327
G1 X129.799 Y88.239 E.04047
G1 X130.518 Y88.958 E.0327
G1 X131.761 Y88.763 E.04047
G1 X132.48 Y89.482 E.0327
G1 X132.286 Y90.726 E.04047
G1 X133.005 Y91.445 E.0327
G1 X134.248 Y91.25 E.04047
G1 X134.967 Y91.969 E.0327
G1 X134.773 Y93.213 E.04047
G1 X135.492 Y93.932 E.0327
G1 X136.735 Y93.737 E.04047
G1 X137.454 Y94.456 E.0327
G1 X137.26 Y95.7 E.04047
G1 X137.979 Y96.419 E.0327
G1 X139.222 Y96.224 E.04047
G1 X139.941 Y96.943 E.0327
G1 X139.747 Y98.187 E.04047
G1 X140.466 Y98.906 E.0327
G1 X141.709 Y98.711 E.04047
G1 X142.428 Y99.43 E.0327
G1 X142.234 Y100.674 E.04047
G1 X142.643 Y101.082 E.01859
G1 X142.643 Y100.168 E.0294
G1 X142.643 Y102.655 F18000
G1 F6205.95
G1 X142.643 Y103.569 E.0294
G1 X142.234 Y103.161 E.01859
G1 X142.428 Y101.917 E.04047
G1 X141.709 Y101.198 E.0327
G1 X140.466 Y101.393 E.04047
G1 X139.747 Y100.674 E.0327
G1 X139.941 Y99.43 E.04047
G1 X139.222 Y98.711 E.0327
G1 X137.979 Y98.906 E.04047
G1 X137.26 Y98.187 E.0327
G1 X137.454 Y96.943 E.04047
G1 X136.735 Y96.224 E.0327
G1 X135.492 Y96.419 E.04047
G1 X134.773 Y95.7 E.0327
G1 X134.967 Y94.456 E.04047
G1 X134.248 Y93.737 E.0327
G1 X133.005 Y93.932 E.04047
G1 X132.286 Y93.213 E.0327
G1 X132.48 Y91.969 E.04047
G1 X131.761 Y91.25 E.0327
G1 X130.518 Y91.445 E.04047
G1 X129.799 Y90.726 E.0327
G1 X129.993 Y89.482 E.04047
G1 X129.274 Y88.763 E.0327
G1 X128.031 Y88.958 E.04047
G1 X127.312 Y88.239 E.0327
G1 X127.506 Y86.995 E.04047
G1 X126.787 Y86.276 E.0327
G1 X125.544 Y86.471 E.04047
G1 X124.825 Y85.752 E.0327
G1 X125.019 Y84.508 E.04047
G1 X124.3 Y83.789 E.0327
G1 X123.057 Y83.984 E.04047
G1 X122.338 Y83.265 E.0327
G1 X122.532 Y82.021 E.04047
G1 X121.813 Y81.302 E.0327
G1 X120.57 Y81.497 E.04047
G1 X119.851 Y80.778 E.0327
G1 X120.045 Y79.534 E.04047
G1 X119.326 Y78.815 E.0327
G1 X118.083 Y79.01 E.04047
G1 X117.364 Y78.291 E.0327
G1 X117.558 Y77.047 E.04047
G1 X116.869 Y76.357 E.03136
G2 X115.596 Y76.523 I-.109 J4.15 E.04144
G1 X115.431 Y76.357 E.00751
G1 X116.448 Y76.357 E.03272
G1 X123.909 Y76.357 F18000
G1 F6205.95
G1 X122.892 Y76.357 E.03272
G1 X123.057 Y76.523 E.00751
G3 X124.33 Y76.357 I1.164 J3.984 E.04144
G1 X125.019 Y77.047 E.03136
G1 X124.825 Y78.291 E.04047
G1 X125.544 Y79.01 E.0327
G1 X126.787 Y78.815 E.04047
G1 X127.506 Y79.534 E.0327
G1 X127.312 Y80.778 E.04047
G1 X128.031 Y81.497 E.0327
G1 X129.274 Y81.302 E.04047
G1 X129.993 Y82.021 E.0327
G1 X129.799 Y83.265 E.04047
G1 X130.518 Y83.984 E.0327
G1 X131.761 Y83.789 E.04047
G1 X132.48 Y84.508 E.0327
G1 X132.286 Y85.752 E.04047
G1 X133.005 Y86.471 E.0327
G1 X134.248 Y86.276 E.04047
G1 X134.967 Y86.995 E.0327
G1 X134.773 Y88.239 E.04047
G1 X135.492 Y88.958 E.0327
G1 X136.735 Y88.763 E.04047
G1 X137.454 Y89.482 E.0327
G1 X137.26 Y90.726 E.04047
G1 X137.979 Y91.445 E.0327
G1 X139.222 Y91.25 E.04047
G1 X139.941 Y91.969 E.0327
G1 X139.747 Y93.213 E.04047
G1 X140.466 Y93.932 E.0327
G1 X141.709 Y93.737 E.04047
G1 X142.428 Y94.456 E.0327
G1 X142.234 Y95.7 E.04047
G1 X142.643 Y96.108 E.01859
G1 X142.643 Y95.194 E.0294
G1 X142.643 Y92.707 F18000
G1 F6205.95
G1 X142.643 Y93.621 E.0294
G1 X142.234 Y93.213 E.01859
G1 X142.428 Y91.969 E.04047
G1 X141.709 Y91.25 E.0327
G1 X140.466 Y91.445 E.04047
G1 X139.747 Y90.726 E.0327
G1 X139.941 Y89.482 E.04047
G1 X139.222 Y88.763 E.0327
G1 X137.979 Y88.958 E.04047
G1 X137.26 Y88.239 E.0327
G1 X137.454 Y86.995 E.04047
G1 X136.735 Y86.276 E.0327
G1 X135.492 Y86.471 E.04047
G1 X134.773 Y85.752 E.0327
G1 X134.967 Y84.508 E.04047
G1 X134.248 Y83.789 E.0327
G1 X133.005 Y83.984 E.04047
G1 X132.286 Y83.265 E.0327
G1 X132.48 Y82.021 E.04047
G1 X131.761 Y81.302 E.0327
G1 X130.518 Y81.497 E.04047
G1 X129.799 Y80.778 E.0327
G1 X129.993 Y79.534 E.04047
G1 X129.274 Y78.815 E.0327
G1 X128.031 Y79.01 E.04047
G1 X127.312 Y78.291 E.0327
G1 X127.506 Y77.047 E.04047
G1 X126.817 Y76.357 E.03136
G2 X125.544 Y76.523 I-.109 J4.15 E.04144
G1 X125.379 Y76.357 E.00751
G1 X126.396 Y76.357 E.03272
G1 X128.883 Y76.357 F18000
G1 F6205.95
G1 X127.866 Y76.357 E.03272
G1 X128.031 Y76.523 E.00751
G3 X129.304 Y76.357 I1.164 J3.985 E.04144
G1 X129.993 Y77.047 E.03136
G1 X129.799 Y78.291 E.04047
G1 X130.518 Y79.01 E.0327
G1 X131.761 Y78.815 E.04047
G1 X132.48 Y79.534 E.0327
G1 X132.286 Y80.778 E.04047
G1 X133.005 Y81.497 E.0327
G1 X134.248 Y81.302 E.04047
G1 X134.967 Y82.021 E.0327
G1 X134.773 Y83.265 E.04047
G1 X135.492 Y83.984 E.0327
G1 X136.735 Y83.789 E.04047
G1 X137.454 Y84.508 E.0327
G1 X137.26 Y85.752 E.04047
G1 X137.979 Y86.471 E.0327
G1 X139.222 Y86.276 E.04047
G1 X139.941 Y86.995 E.0327
G1 X139.747 Y88.239 E.04047
G1 X140.466 Y88.958 E.0327
G1 X141.709 Y88.763 E.04047
G1 X142.428 Y89.482 E.0327
G1 X142.234 Y90.726 E.04047
G1 X142.643 Y91.134 E.01859
G1 X142.643 Y90.22 E.0294
G1 X142.643 Y87.733 F18000
G1 F6205.95
G1 X142.643 Y88.647 E.0294
G1 X142.234 Y88.239 E.01859
G1 X142.428 Y86.995 E.04047
G1 X141.709 Y86.276 E.0327
G1 X140.466 Y86.471 E.04047
G1 X139.747 Y85.752 E.0327
G1 X139.941 Y84.508 E.04047
G1 X139.222 Y83.789 E.0327
G1 X137.979 Y83.984 E.04047
G1 X137.26 Y83.265 E.0327
G1 X137.454 Y82.021 E.04047
G1 X136.735 Y81.302 E.0327
G1 X135.492 Y81.497 E.04047
G1 X134.773 Y80.778 E.0327
G1 X134.967 Y79.534 E.04047
G1 X134.248 Y78.815 E.0327
G1 X133.005 Y79.01 E.04047
G1 X132.286 Y78.291 E.0327
G1 X132.48 Y77.047 E.04047
G1 X131.791 Y76.357 E.03136
G2 X130.518 Y76.523 I-.109 J4.15 E.04144
G1 X130.353 Y76.357 E.00751
G1 X131.37 Y76.357 E.03272
G1 X133.857 Y76.357 F18000
G1 F6205.95
G1 X132.84 Y76.357 E.03272
G1 X133.005 Y76.523 E.00751
G3 X134.278 Y76.357 I1.164 J3.984 E.04144
G1 X134.967 Y77.047 E.03136
G1 X134.773 Y78.291 E.04047
G1 X135.492 Y79.01 E.0327
G1 X136.735 Y78.815 E.04047
G1 X137.454 Y79.534 E.0327
G1 X137.26 Y80.778 E.04047
G1 X137.979 Y81.497 E.0327
G1 X139.222 Y81.302 E.04047
G1 X139.941 Y82.021 E.0327
G1 X139.747 Y83.265 E.04047
G1 X140.466 Y83.984 E.0327
G1 X141.709 Y83.789 E.04047
G1 X142.428 Y84.508 E.0327
G1 X142.234 Y85.752 E.04047
G1 X142.643 Y86.16 E.01859
G1 X142.643 Y85.246 E.0294
G1 X142.625 Y77.804 F18000
G1 F6205.95
G3 X142.643 Y78.699 I-5.2 J.549 E.02882
G1 X142.234 Y78.291 E.01859
G1 X142.41 Y77.167 E.03658
G2 X141.287 Y76.394 I-1.377 J.799 E.04529
G1 X140.466 Y76.523 E.02671
G1 X140.301 Y76.357 E.00751
G1 X139.455 Y76.357 E.02718
G1 X138.831 Y76.357 F18000
G1 F6205.95
G1 X137.814 Y76.357 E.03272
G1 X137.979 Y76.523 E.00751
G3 X139.252 Y76.357 I1.164 J3.984 E.04144
G1 X139.941 Y77.047 E.03136
G1 X139.747 Y78.291 E.04047
G1 X140.466 Y79.01 E.0327
G1 X141.709 Y78.815 E.04047
G1 X142.428 Y79.534 E.0327
G1 X142.234 Y80.778 E.04047
G1 X142.643 Y81.186 E.01859
G1 X142.643 Y80.272 E.0294
G1 X142.643 Y82.759 F18000
G1 F6205.95
G1 X142.643 Y83.673 E.0294
G1 X142.234 Y83.265 E.01859
G1 X142.428 Y82.021 E.04047
G1 X141.709 Y81.302 E.0327
G1 X140.466 Y81.497 E.04047
G1 X139.747 Y80.778 E.0327
G1 X139.941 Y79.534 E.04047
G1 X139.222 Y78.815 E.0327
G1 X137.979 Y79.01 E.04047
G1 X137.26 Y78.291 E.0327
G1 X137.454 Y77.047 E.04047
G1 X136.765 Y76.357 E.03136
G2 X135.492 Y76.523 I-.109 J4.15 E.04144
G1 X135.327 Y76.357 E.00751
G1 X136.344 Y76.357 E.03272
G1 X142.643 Y112.603 F18000
G1 F6205.95
G1 X142.643 Y113.517 E.0294
G1 X142.234 Y113.109 E.01859
G1 X142.428 Y111.865 E.04047
G1 X141.982 Y111.419 E.02031
G3 X139.788 Y112.844 I-2.498 J-1.444 E.08731
G1 X139.747 Y113.109 E.00861
G1 X140.466 Y113.828 E.0327
G1 X141.709 Y113.633 E.04047
G1 X142.428 Y114.352 E.0327
G1 X142.234 Y115.596 E.04047
G1 X142.643 Y116.004 E.01859
G1 X142.643 Y115.09 E.0294
; stop printing object esp32_pod_lid.stl id:0 copy 0
;LAYER_CHANGE
;Z:12.24
;HEIGHT:0.2
G92 E0 ; zero the extruded length again
; BEFORE_LAYER_CHANGE 60 @ 12.24mm
G1 E-1.75 F6000
;WIPE_START
G1 F6205.95
G1 X142.643 Y116.004 E-.68561
G1 X142.582 Y115.944 E-.06439
;WIPE_END
; AFTER_LAYER_CHANGE 60 @ 12.24mm
;_SET_FAN_SPEED_CHANGING_LAYER
; printing object esp32_pod_lid.stl id:0 copy 0
G17
G3 Z12.44 I0 J.608 P1  F18000
G1 X143.389 Y115.944 Z12.44
G1 X140.984 Y144.389
G1 X140.984 Y144.389
G1 X140.995 Y144.79
G1 Z12.24
G1 E2.5 F6000
M204 P1000
;TYPE:Outer wall
;WIDTH:0.42
G1 F3600
G1 X79.005 Y144.79 E1.84644
G3 X76.21 Y141.995 I.004 J-2.8 E.13074
G1 X76.21 Y78.005 E1.90602
G3 X79.005 Y75.21 I2.8 J.005 E.13074
G1 X140.995 Y75.21 E1.84644
G1 X141.292 Y75.226 E.00886
G3 X143.79 Y78.005 I-.294 J2.777 E.12197
G1 X143.79 Y141.995 E1.90601
G3 X141.054 Y144.789 I-2.8 J-.004 E.12895
G1 X141.034 Y144.387 F18000
G1 X140.984 Y144.389
G1 X140.984 Y144.389
G1 X140.984 Y144.398
M204 P1500
;TYPE:Inner wall
;WIDTH:0.45
G1 F6000
G1 X79.016 Y144.398 E1.99268
G3 X76.602 Y141.984 I-.006 J-2.408 E.122
G1 X76.602 Y78.016 E2.057
G3 X79.016 Y75.602 I2.408 J-.006 E.12199
G1 X140.984 Y75.602 E1.99268
G1 X141.251 Y75.616 E.00857
G3 X143.398 Y78.016 I-.259 J2.392 E.11345
G1 X143.398 Y141.984 E2.05699
G3 X141.044 Y144.397 I-2.408 J.006 E.12007
G1 X140.974 Y143.991 F18000
G1 F6000
G1 X79.026 Y143.991 E1.992
G3 X77.009 Y141.974 I-.016 J-2.001 E.10212
G1 X77.009 Y78.026 E2.05631
G3 X79.026 Y76.009 I2.001 J-.016 E.10212
G1 X140.974 Y76.009 E1.992
G1 X141.208 Y76.021 E.00754
G3 X142.991 Y78.026 I-.241 J2.01 E.09432
G1 X142.991 Y141.974 E2.05631
G3 X141.034 Y143.99 I-2.001 J.016 E.10019
G1 E-1.75
;WIPE_START
G1 X140.034 Y143.99 E-.75
;WIPE_END
G1 X140.034 Y144.389 Z12.44 F18000
G1 X139.545 Y112.109
G1 X139.524 Y111.708
G1 Z12.24
G1 E2.5 F6000
M204 P1000
;TYPE:Outer wall
;WIDTH:0.42
G1 F3600
G1 X139.856 Y111.674 E.00993
G2 X139.856 Y108.327 I-.347 J-1.673 E.1391
G2 X139.442 Y108.293 I-.361 J1.839 E.01239
G2 X139.464 Y111.709 I.066 J1.708 E.15663
G1 X139.443 Y112.109 F18000
G1 X139.5 Y112.112
G1 X139.538 Y112.11
G1 X139.537 Y112.099
M204 P1500
;TYPE:Inner wall
;WIDTH:0.45
G1 F6000
G1 X139.937 Y112.057 E.01293
G2 X140.15 Y108 I-.43 J-2.057 E.17734
G2 X139.422 Y107.901 I-.774 J2.972 E.02369
G2 X139.477 Y112.101 I.086 J2.099 E.20852
G1 X139.539 Y112.509 F18000
G1 F6000
G1 X139.762 Y112.496 E.00718
G2 X140.276 Y107.612 I-.253 J-2.495 E.22018
G2 X139.4 Y107.495 I-.757 J2.317 E.02857
G2 X139.479 Y112.509 I.109 J2.506 E.24893
G1 E-1.75
;WIPE_START
G1 X139.762 Y112.496 E-.21228
G1 X140.022 Y112.456 E-.19715
G1 X140.276 Y112.388 E-.19711
G1 X140.454 Y112.319 E-.14346
;WIPE_END
G1 X140.312 Y111.947 Z12.44 F18000
G1 X81.723 Y111.72
G1 X81.556 Y111.829
G1 X81.359 Y111.929
G1 X81.153 Y112.008
G1 X80.939 Y112.066
G1 X80.721 Y112.1
G1 X80.545 Y112.109
G1 X80.524 Y111.708
G1 Z12.24
G1 E2.5 F6000
M204 P1000
;TYPE:Outer wall
;WIDTH:0.42
G1 F3600
G1 X80.856 Y111.674 E.00993
G2 X80.856 Y108.327 I-.347 J-1.673 E.1391
G2 X80.442 Y108.293 I-.361 J1.839 E.01239
G2 X80.464 Y111.709 I.066 J1.708 E.15663
G1 X80.443 Y112.109 F18000
G1 X80.5 Y112.112
G1 X80.538 Y112.11
G1 X80.537 Y112.099
M204 P1500
;TYPE:Inner wall
;WIDTH:0.45
G1 F6000
G1 X80.937 Y112.057 E.01293
G2 X81.15 Y108 I-.43 J-2.057 E.17734
G2 X80.422 Y107.901 I-.774 J2.972 E.02369
G2 X80.477 Y112.101 I.086 J2.099 E.20852
G1 X80.539 Y112.509 F18000
G1 F6000
G1 X80.762 Y112.496 E.00718
G2 X81.276 Y107.612 I-.253 J-2.495 E.22018
G2 X80.4 Y107.495 I-.757 J2.317 E.02857
G2 X80.479 Y112.509 I.109 J2.506 E.24893
G1 E-1.75
;WIPE_START
G1 X80.762 Y112.496 E-.21228
G1 X81.022 Y112.456 E-.19715
G1 X81.276 Y112.388 E-.19711
G1 X81.454 Y112.319 E-.14347
;WIPE_END
G1 X81.312 Y111.947 Z12.44 F18000
G1 X83.574 Y128.675
G1 X83.68 Y129.343
G1 X83.855 Y129.997
G1 X84.097 Y130.628
G1 X84.404 Y131.231
G1 X84.772 Y131.798
G1 X85.198 Y132.324
G1 X85.676 Y132.802
G1 X86.202 Y133.228
G1 X86.769 Y133.596
G1 X87.372 Y133.903
G1 X88.003 Y134.145
G1 X88.657 Y134.32
G1 X89.325 Y134.426
G1 X89.662 Y134.444
G1 X89.976 Y134.46
G1 X89.997 Y134.06
G1 Z12.24
G1 E2.5 F6000
M204 P1000
;TYPE:Outer wall
;WIDTH:0.42
G1 F3600
G1 X90 Y134.058 E.0001
G2 X94.055 Y123.496 I.007 J-6.057 E.43493
G2 X89.874 Y121.946 I-4.041 J4.487 E.13605
G2 X89.367 Y134.024 I.133 J6.055 E.5437
G1 X89.938 Y134.057 E.01703
G1 X89.917 Y134.457 F18000
G1 X89.981 Y134.461
G1 X89.981 Y134.452
M204 P1500
;TYPE:Inner wall
;WIDTH:0.45
G1 F6000
G1 X90 Y134.45 E.00061
G2 X94.796 Y123.682 I.007 J-6.449 E.47816
G2 X89.853 Y121.555 I-4.813 J4.378 E.17838
G2 X89.326 Y134.414 I.154 J6.447 E.62457
G1 X89.921 Y134.449 E.01918
G1 X89.961 Y134.859 F18000
G1 F6000
G1 X90 Y134.859 E.00124
G2 X95.941 Y124.57 I.006 J-6.856 E.46214
G2 X89.832 Y121.148 I-5.956 J3.47 E.23618
G2 X89.283 Y134.821 I.174 J6.854 E.66376
G1 X89.902 Y134.855 E.01992
G1 X89.922 Y134.458 F18000
G1 X89.325 Y134.426
G1 X88.657 Y134.32
G1 X88.003 Y134.145
G1 X87.372 Y133.903
G1 X86.769 Y133.596
G1 X86.202 Y133.228
G1 X85.676 Y132.802
G1 X85.198 Y132.324
G1 X84.772 Y131.798
G1 X84.404 Y131.231
G1 X84.25 Y130.929
G1 X84.18 Y130.79
G1 X83.514 Y131.13
M204 P2000
;TYPE:Sparse infill
G1 F6205.95
G2 X87.581 Y134.783 I6.784 J-3.461 E.17981
G1 X87.873 Y135.492 E.02465
G1 X88.239 Y135.857 E.01662
G1 X89.482 Y136.37 E.04325
G1 X89.848 Y136.735 E.01662
G1 X90.36 Y137.979 E.04325
G1 X90.726 Y138.344 E.01662
G1 X91.969 Y138.857 E.04325
G1 X92.335 Y139.222 E.01662
G1 X92.847 Y140.466 E.04325
G1 X93.213 Y140.831 E.01662
G1 X94.456 Y141.344 E.04325
G1 X94.822 Y141.709 E.01662
G1 X95.334 Y142.953 E.04325
G1 X95.7 Y143.318 E.01662
G1 X96.486 Y143.643 E.02736
G1 X98.119 Y143.643 E.05249
G1 X100.606 Y143.643 F18000
G1 F6205.95
G1 X98.973 Y143.643 E.05249
G1 X98.187 Y143.318 E.02736
G1 X97.821 Y142.953 E.01662
G1 X97.309 Y141.709 E.04325
G1 X96.943 Y141.344 E.01662
G1 X95.7 Y140.831 E.04325
G1 X95.334 Y140.466 E.01662
G1 X94.822 Y139.222 E.04325
G1 X94.456 Y138.857 E.01662
G1 X93.213 Y138.344 E.04325
G1 X92.847 Y137.979 E.01662
G1 X92.335 Y136.735 E.04325
G1 X91.969 Y136.37 E.01662
G1 X90.726 Y135.857 E.04325
G3 X90.239 Y135.197 I.55 J-.915 E.02709
G2 X92.537 Y134.738 I-.897 J-10.477 E.07551
G1 X92.847 Y135.492 E.02622
G1 X93.213 Y135.857 E.01662
G1 X94.456 Y136.37 E.04325
G1 X94.822 Y136.735 E.01662
G1 X95.334 Y137.979 E.04325
G1 X95.7 Y138.344 E.01662
G1 X96.943 Y138.857 E.04325
G1 X97.309 Y139.222 E.01662
G1 X97.821 Y140.466 E.04325
G1 X98.187 Y140.831 E.01662
G1 X99.43 Y141.344 E.04325
G1 X99.796 Y141.709 E.01662
G1 X100.308 Y142.953 E.04325
G1 X100.674 Y143.318 E.01662
G1 X101.46 Y143.643 E.02736
G1 X103.093 Y143.643 E.05249
G1 X105.58 Y143.643 F18000
G1 F6205.95
G1 X103.947 Y143.643 E.05249
G1 X103.161 Y143.318 E.02736
G1 X102.795 Y142.953 E.01662
G1 X102.283 Y141.709 E.04325
G1 X101.917 Y141.344 E.01662
G1 X100.674 Y140.831 E.04325
G1 X100.308 Y140.466 E.01662
G1 X99.796 Y139.222 E.04325
G1 X99.43 Y138.857 E.01662
G1 X98.187 Y138.344 E.04325
G1 X97.821 Y137.979 E.01662
G1 X97.309 Y136.735 E.04325
G1 X96.943 Y136.37 E.01662
G1 X95.7 Y135.857 E.04325
G1 X95.334 Y135.492 E.01662
G1 X94.822 Y134.248 E.04325
G2 X94.27 Y133.806 I-.807 J.441 E.02333
G2 X95.288 Y132.893 I-3.831 J-5.298 E.04405
G1 X95.7 Y133.37 E.02025
G1 X96.943 Y133.883 E.04325
G1 X97.309 Y134.248 E.01662
G1 X97.821 Y135.492 E.04325
G1 X98.187 Y135.857 E.01662
G1 X99.43 Y136.37 E.04325
G1 X99.796 Y136.735 E.01662
G1 X100.308 Y137.979 E.04325
G1 X100.674 Y138.344 E.01662
G1 X101.917 Y138.857 E.04325
G1 X102.283 Y139.222 E.01662
G1 X102.795 Y140.466 E.04325
G1 X103.161 Y140.831 E.01662
G1 X104.404 Y141.344 E.04325
G1 X104.77 Y141.709 E.01662
G1 X105.282 Y142.953 E.04325
G1 X105.648 Y143.318 E.01662
G1 X106.434 Y143.643 E.02736
G1 X108.067 Y143.643 E.05249
G1 X110.554 Y143.643 F18000
G1 F6205.95
G1 X108.921 Y143.643 E.05249
G1 X108.135 Y143.318 E.02736
G1 X107.769 Y142.953 E.01662
G1 X107.257 Y141.709 E.04325
G1 X106.891 Y141.344 E.01662
G1 X105.648 Y140.831 E.04325
G1 X105.282 Y140.466 E.01662
G1 X104.77 Y139.222 E.04325
G1 X104.404 Y138.857 E.01662
G1 X103.161 Y138.344 E.04325
G1 X102.795 Y137.979 E.01662
G1 X102.283 Y136.735 E.04325
G1 X101.917 Y136.37 E.01662
G1 X100.674 Y135.857 E.04325
G1 X100.308 Y135.492 E.01662
G1 X99.796 Y134.248 E.04325
G1 X99.43 Y133.883 E.01662
G1 X98.187 Y133.37 E.04325
G1 X97.821 Y133.005 E.01662
G1 X97.309 Y131.761 E.04325
G2 X96.453 Y131.194 I-1.11 J.744 E.03389
G2 X97.118 Y129.083 I-10.164 J-4.362 E.07127
G1 X97.309 Y129.274 E.00869
G1 X97.821 Y130.518 E.04325
G1 X98.187 Y130.883 E.01662
G1 X99.43 Y131.396 E.04325
G1 X99.796 Y131.761 E.01662
G1 X100.308 Y133.005 E.04325
G1 X100.674 Y133.37 E.01662
G1 X101.917 Y133.883 E.04325
G1 X102.283 Y134.248 E.01662
G1 X102.795 Y135.492 E.04325
G1 X103.161 Y135.857 E.01662
G1 X104.404 Y136.37 E.04325
G1 X104.77 Y136.735 E.01662
G1 X105.282 Y137.979 E.04325
G1 X105.648 Y138.344 E.01662
G1 X106.891 Y138.857 E.04325
G1 X107.257 Y139.222 E.01662
G1 X107.769 Y140.466 E.04325
G1 X108.135 Y140.831 E.01662
G1 X109.378 Y141.344 E.04325
G1 X109.744 Y141.709 E.01662
G1 X110.256 Y142.953 E.04325
G1 X110.622 Y143.318 E.01662
G1 X111.408 Y143.643 E.02736
G1 X113.041 Y143.643 E.05249
G1 X115.528 Y143.643 F18000
G1 F6205.95
G1 X113.895 Y143.643 E.05249
G1 X113.109 Y143.318 E.02736
G1 X112.743 Y142.953 E.01662
G1 X112.231 Y141.709 E.04325
G1 X111.865 Y141.344 E.01662
G1 X110.622 Y140.831 E.04325
G1 X110.256 Y140.466 E.01662
G1 X109.744 Y139.222 E.04325
G1 X109.378 Y138.857 E.01662
G1 X108.135 Y138.344 E.04325
G1 X107.769 Y137.979 E.01662
G1 X107.257 Y136.735 E.04325
G1 X106.891 Y136.37 E.01662
G1 X105.648 Y135.857 E.04325
G1 X105.282 Y135.492 E.01662
G1 X104.77 Y134.248 E.04325
G1 X104.404 Y133.883 E.01662
G1 X103.161 Y133.37 E.04325
G1 X102.795 Y133.005 E.01662
G1 X102.283 Y131.761 E.04325
G1 X101.917 Y131.396 E.01662
G1 X100.674 Y130.883 E.04325
G1 X100.308 Y130.518 E.01662
G1 X99.796 Y129.274 E.04325
G1 X99.43 Y128.909 E.01662
G1 X98.187 Y128.396 E.04325
G1 X97.821 Y128.031 E.01662
G1 X97.309 Y126.787 E.04325
G1 X97.057 Y126.536 E.01143
G2 X95.892 Y123.854 I-7.385 J1.615 E.09464
G1 X94.805 Y122.627 F18000
G1 F6205.95
G2 X90.613 Y120.823 I-4.845 J5.486 E.14923
G1 X90.36 Y120.57 E.0115
G1 X89.848 Y119.326 E.04325
G1 X89.482 Y118.961 E.01662
G1 X88.239 Y118.448 E.04325
G1 X87.873 Y118.083 E.01662
G1 X87.361 Y116.839 E.04325
G1 X86.995 Y116.474 E.01662
G1 X85.752 Y115.961 E.04325
G1 X85.386 Y115.596 E.01662
G1 X84.874 Y114.352 E.04325
G1 X84.508 Y113.987 E.01662
G1 X83.265 Y113.474 E.04325
G1 X82.899 Y113.109 E.01662
G1 X82.47 Y112.068 E.03619
G2 X83.203 Y110.926 I-2.011 J-2.097 E.04405
G1 X84.508 Y111.5 E.04584
G1 X84.874 Y111.865 E.01662
G1 X85.386 Y113.109 E.04325
G1 X85.752 Y113.474 E.01662
G1 X86.995 Y113.987 E.04325
G1 X87.361 Y114.352 E.01662
G1 X87.873 Y115.596 E.04325
G1 X88.239 Y115.961 E.01662
G1 X89.482 Y116.474 E.04325
G1 X89.848 Y116.839 E.01662
G1 X90.36 Y118.083 E.04325
G1 X90.726 Y118.448 E.01662
G1 X91.969 Y118.961 E.04325
G1 X92.335 Y119.326 E.01662
G1 X92.847 Y120.57 E.04325
G1 X93.213 Y120.935 E.01662
G1 X94.456 Y121.448 E.04325
G1 X94.822 Y121.813 E.01662
G1 X95.334 Y123.057 E.04325
G1 X95.7 Y123.422 E.01662
G1 X96.943 Y123.935 E.04325
G1 X97.309 Y124.3 E.01662
G1 X97.821 Y125.544 E.04325
G1 X98.187 Y125.909 E.01662
G1 X99.43 Y126.422 E.04325
G1 X99.796 Y126.787 E.01662
G1 X100.308 Y128.031 E.04325
G1 X100.674 Y128.396 E.01662
G1 X101.917 Y128.909 E.04325
G1 X102.283 Y129.274 E.01662
G1 X102.795 Y130.518 E.04325
G1 X103.161 Y130.883 E.01662
G1 X104.404 Y131.396 E.04325
G1 X104.77 Y131.761 E.01662
G1 X105.282 Y133.005 E.04325
G1 X105.648 Y133.37 E.01662
G1 X106.891 Y133.883 E.04325
G1 X107.257 Y134.248 E.01662
G1 X107.769 Y135.492 E.04325
G1 X108.135 Y135.857 E.01662
G1 X109.378 Y136.37 E.04325
G1 X109.744 Y136.735 E.01662
G1 X110.256 Y137.979 E.04325
G1 X110.622 Y138.344 E.01662
G1 X111.865 Y138.857 E.04325
G1 X112.231 Y139.222 E.01662
G1 X112.743 Y140.466 E.04325
G1 X113.109 Y140.831 E.01662
G1 X114.352 Y141.344 E.04325
G1 X114.718 Y141.709 E.01662
G1 X115.23 Y142.953 E.04325
G1 X115.596 Y143.318 E.01662
G1 X116.382 Y143.643 E.02736
G1 X118.015 Y143.643 E.05249
G1 X120.502 Y143.643 F18000
G1 F6205.95
G1 X118.869 Y143.643 E.05249
G1 X118.083 Y143.318 E.02736
G1 X117.717 Y142.953 E.01662
G1 X117.205 Y141.709 E.04325
G1 X116.839 Y141.344 E.01662
G1 X115.596 Y140.831 E.04325
G1 X115.23 Y140.466 E.01662
G1 X114.718 Y139.222 E.04325
G1 X114.352 Y138.857 E.01662
G1 X113.109 Y138.344 E.04325
G1 X112.743 Y137.979 E.01662
G1 X112.231 Y136.735 E.04325
G1 X111.865 Y136.37 E.01662
G1 X110.622 Y135.857 E.04325
G1 X110.256 Y135.492 E.01662
G1 X109.744 Y134.248 E.04325
G1 X109.378 Y133.883 E.01662
G1 X108.135 Y133.37 E.04325
G1 X107.769 Y133.005 E.01662
G1 X107.257 Y131.761 E.04325
G1 X106.891 Y131.396 E.01662
G1 X105.648 Y130.883 E.04325
G1 X105.282 Y130.518 E.01662
G1 X104.77 Y129.274 E.04325
G1 X104.404 Y128.909 E.01662
G1 X103.161 Y128.396 E.04325
G1 X102.795 Y128.031 E.01662
G1 X102.283 Y126.787 E.04325
G1 X101.917 Y126.422 E.01662
G1 X100.674 Y125.909 E.04325
G1 X100.308 Y125.544 E.01662
G1 X99.796 Y124.3 E.04325
G1 X99.43 Y123.935 E.01662
G1 X98.187 Y123.422 E.04325
G1 X97.821 Y123.057 E.01662
G1 X97.309 Y121.813 E.04325
G1 X96.943 Y121.448 E.01662
G1 X95.7 Y120.935 E.04325
G1 X95.334 Y120.57 E.01662
G1 X94.822 Y119.326 E.04325
G1 X94.456 Y118.961 E.01662
G1 X93.213 Y118.448 E.04325
G1 X92.847 Y118.083 E.01662
G1 X92.335 Y116.839 E.04325
G1 X91.969 Y116.474 E.01662
G1 X90.726 Y115.961 E.04325
G1 X90.36 Y115.596 E.01662
G1 X89.848 Y114.352 E.04325
G1 X89.482 Y113.987 E.01662
G1 X88.239 Y113.474 E.04325
G1 X87.873 Y113.109 E.01662
G1 X87.361 Y111.865 E.04325
G1 X86.995 Y111.5 E.01662
G1 X85.752 Y110.987 E.04325
G1 X85.386 Y110.622 E.01662
G1 X84.874 Y109.378 E.04325
G1 X84.508 Y109.013 E.01662
G1 X83.265 Y108.5 E.04325
G1 X82.899 Y108.135 E.01662
G1 X82.387 Y106.891 E.04325
G1 X82.021 Y106.526 E.01662
G1 X80.778 Y106.013 E.04325
G1 X80.412 Y105.648 E.01662
G1 X79.9 Y104.404 E.04325
G1 X79.534 Y104.039 E.01662
G1 X78.291 Y103.526 E.04325
G1 X77.925 Y103.161 E.01662
G1 X77.357 Y101.862 E.04558
G1 X77.357 Y100.151 E.05502
G1 X77.357 Y97.664 F18000
G1 F6205.95
G1 X77.357 Y99.375 E.05502
G1 X77.925 Y100.674 E.04558
G1 X78.291 Y101.039 E.01662
G1 X79.534 Y101.552 E.04325
G1 X79.9 Y101.917 E.01662
G1 X80.412 Y103.161 E.04325
G1 X80.778 Y103.526 E.01662
G1 X82.021 Y104.039 E.04325
G1 X82.387 Y104.404 E.01662
G1 X82.899 Y105.648 E.04325
G1 X83.265 Y106.013 E.01662
G1 X84.508 Y106.526 E.04325
G1 X84.874 Y106.891 E.01662
G1 X85.386 Y108.135 E.04325
G1 X85.752 Y108.5 E.01662
G1 X86.995 Y109.013 E.04325
G1 X87.361 Y109.378 E.01662
G1 X87.873 Y110.622 E.04325
G1 X88.239 Y110.987 E.01662
G1 X89.482 Y111.5 E.04325
G1 X89.848 Y111.865 E.01662
G1 X90.36 Y113.109 E.04325
G1 X90.726 Y113.474 E.01662
G1 X91.969 Y113.987 E.04325
G1 X92.335 Y114.352 E.01662
G1 X92.847 Y115.596 E.04325
G1 X93.213 Y115.961 E.01662
G1 X94.456 Y116.474 E.04325
G1 X94.822 Y116.839 E.01662
G1 X95.334 Y118.083 E.04325
G1 X95.7 Y118.448 E.01662
G1 X96.943 Y118.961 E.04325
G1 X97.309 Y119.326 E.01662
G1 X97.821 Y120.57 E.04325
G1 X98.187 Y120.935 E.01662
G1 X99.43 Y121.448 E.04325
G1 X99.796 Y121.813 E.01662
G1 X100.308 Y123.057 E.04325
G1 X100.674 Y123.422 E.01662
G1 X101.917 Y123.935 E.04325
G1 X102.283 Y124.3 E.01662
G1 X102.795 Y125.544 E.04325
G1 X103.161 Y125.909 E.01662
G1 X104.404 Y126.422 E.04325
G1 X104.77 Y126.787 E.01662
G1 X105.282 Y128.031 E.04325
G1 X105.648 Y128.396 E.01662
G1 X106.891 Y128.909 E.04325
G1 X107.257 Y129.274 E.01662
G1 X107.769 Y130.518 E.04325
G1 X108.135 Y130.883 E.01662
G1 X109.378 Y131.396 E.04325
G1 X109.744 Y131.761 E.01662
G1 X110.256 Y133.005 E.04325
G1 X110.622 Y133.37 E.01662
G1 X111.865 Y133.883 E.04325
G1 X112.231 Y134.248 E.01662
G1 X112.743 Y135.492 E.04325
G1 X113.109 Y135.857 E.01662
G1 X114.352 Y136.37 E.04325
G1 X114.718 Y136.735 E.01662
G1 X115.23 Y137.979 E.04325
G1 X115.596 Y138.344 E.01662
G1 X116.839 Y138.857 E.04325
G1 X117.205 Y139.222 E.01662
G1 X117.717 Y140.466 E.04325
G1 X118.083 Y140.831 E.01662
G1 X119.326 Y141.344 E.04325
G1 X119.692 Y141.709 E.01662
G1 X120.204 Y142.953 E.04325
G1 X120.57 Y143.318 E.01662
G1 X121.356 Y143.643 E.02736
G1 X122.989 Y143.643 E.05249
G1 X135.424 Y143.643 F18000
G1 F6205.95
G1 X133.791 Y143.643 E.05249
G1 X133.005 Y143.318 E.02736
G1 X132.639 Y142.953 E.01662
G1 X132.127 Y141.709 E.04325
G1 X131.761 Y141.344 E.01662
G1 X130.518 Y140.831 E.04325
G1 X130.152 Y140.466 E.01662
G1 X129.64 Y139.222 E.04325
G1 X129.274 Y138.857 E.01662
G1 X128.031 Y138.344 E.04325
G1 X127.665 Y137.979 E.01662
G1 X127.153 Y136.735 E.04325
G1 X126.787 Y136.37 E.01662
G1 X125.544 Y135.857 E.04325
G1 X125.178 Y135.492 E.01662
G1 X124.666 Y134.248 E.04325
G1 X124.3 Y133.883 E.01662
G1 X123.057 Y133.37 E.04325
G1 X122.691 Y133.005 E.01662
G1 X122.179 Y131.761 E.04325
G1 X121.813 Y131.396 E.01662
G1 X120.57 Y130.883 E.04325
G1 X120.204 Y130.518 E.01662
G1 X119.692 Y129.274 E.04325
G1 X119.326 Y128.909 E.01662
G1 X118.083 Y128.396 E.04325
G1 X117.717 Y128.031 E.01662
G1 X117.205 Y126.787 E.04325
G1 X116.839 Y126.422 E.01662
G1 X115.596 Y125.909 E.04325
G1 X115.23 Y125.544 E.01662
G1 X114.718 Y124.3 E.04325
G1 X114.352 Y123.935 E.01662
G1 X113.109 Y123.422 E.04325
G1 X112.743 Y123.057 E.01662
G1 X112.231 Y121.813 E.04325
G1 X111.865 Y121.448 E.01662
G1 X110.622 Y120.935 E.04325
G1 X110.256 Y120.57 E.01662
G1 X109.744 Y119.326 E.04325
G1 X109.378 Y118.961 E.01662
G1 X108.135 Y118.448 E.04325
G1 X107.769 Y118.083 E.01662
G1 X107.257 Y116.839 E.04325
G1 X106.891 Y116.474 E.01662
G1 X105.648 Y115.961 E.04325
G1 X105.282 Y115.596 E.01662
G1 X104.77 Y114.352 E.04325
G1 X104.404 Y113.987 E.01662
G1 X103.161 Y113.474 E.04325
G1 X102.795 Y113.109 E.01662
G1 X102.283 Y111.865 E.04325
G1 X101.917 Y111.5 E.01662
G1 X100.674 Y110.987 E.04325
G1 X100.308 Y110.622 E.01662
G1 X99.796 Y109.378 E.04325
G1 X99.43 Y109.013 E.01662
G1 X98.187 Y108.5 E.04325
G1 X97.821 Y108.135 E.01662
G1 X97.309 Y106.891 E.04325
G1 X96.943 Y106.526 E.01662
G1 X95.7 Y106.013 E.04325
G1 X95.334 Y105.648 E.01662
G1 X94.822 Y104.404 E.04325
G1 X94.456 Y104.039 E.01662
G1 X93.213 Y103.526 E.04325
G1 X92.847 Y103.161 E.01662
G1 X92.335 Y101.917 E.04325
G1 X91.969 Y101.552 E.01662
G1 X90.726 Y101.039 E.04325
G1 X90.36 Y100.674 E.01662
G1 X89.848 Y99.43 E.04325
G1 X89.482 Y99.065 E.01662
G1 X88.239 Y98.552 E.04325
G1 X87.873 Y98.187 E.01662
G1 X87.361 Y96.943 E.04325
G1 X86.995 Y96.578 E.01662
G1 X85.752 Y96.065 E.04325
G1 X85.386 Y95.7 E.01662
G1 X84.874 Y94.456 E.04325
G1 X84.508 Y94.091 E.01662
G1 X83.265 Y93.578 E.04325
G1 X82.899 Y93.213 E.01662
G1 X82.387 Y91.969 E.04325
G1 X82.021 Y91.604 E.01662
G1 X80.778 Y91.091 E.04325
G1 X80.412 Y90.726 E.01662
G1 X79.9 Y89.482 E.04325
G1 X79.534 Y89.117 E.01662
G1 X78.291 Y88.604 E.04325
G1 X77.925 Y88.239 E.01662
G1 X77.357 Y86.94 E.04558
G1 X77.357 Y85.229 E.05502
G1 X77.357 Y82.742 F18000
G1 F6205.95
G1 X77.357 Y84.453 E.05502
G1 X77.925 Y85.752 E.04558
G1 X78.291 Y86.117 E.01662
G1 X79.534 Y86.63 E.04325
G1 X79.9 Y86.995 E.01662
G1 X80.412 Y88.239 E.04325
G1 X80.778 Y88.604 E.01662
G1 X82.021 Y89.117 E.04325
G1 X82.387 Y89.482 E.01662
G1 X82.899 Y90.726 E.04325
G1 X83.265 Y91.091 E.01662
G1 X84.508 Y91.604 E.04325
G1 X84.874 Y91.969 E.01662
G1 X85.386 Y93.213 E.04325
G1 X85.752 Y93.578 E.01662
G1 X86.995 Y94.091 E.04325
G1 X87.361 Y94.456 E.01662
G1 X87.873 Y95.7 E.04325
G1 X88.239 Y96.065 E.01662
G1 X89.482 Y96.578 E.04325
G1 X89.848 Y96.943 E.01662
G1 X90.36 Y98.187 E.04325
G1 X90.726 Y98.552 E.01662
G1 X91.969 Y99.065 E.04325
G1 X92.335 Y99.43 E.01662
G1 X92.847 Y100.674 E.04325
G1 X93.213 Y101.039 E.01662
G1 X94.456 Y101.552 E.04325
G1 X94.822 Y101.917 E.01662
G1 X95.334 Y103.161 E.04325
G1 X95.7 Y103.526 E.01662
G1 X96.943 Y104.039 E.04325
G1 X97.309 Y104.404 E.01662
G1 X97.821 Y105.648 E.04325
G1 X98.187 Y106.013 E.01662
G1 X99.43 Y106.526 E.04325
G1 X99.796 Y106.891 E.01662
G1 X100.308 Y108.135 E.04325
G1 X100.674 Y108.5 E.01662
G1 X101.917 Y109.013 E.04325
G1 X102.283 Y109.378 E.01662
G1 X102.795 Y110.622 E.04325
G1 X103.161 Y110.987 E.01662
G1 X104.404 Y111.5 E.04325
G1 X104.77 Y111.865 E.01662
G1 X105.282 Y113.109 E.04325
G1 X105.648 Y113.474 E.01662
G1 X106.891 Y113.987 E.04325
G1 X107.257 Y114.352 E.01662
G1 X107.769 Y115.596 E.04325
G1 X108.135 Y115.961 E.01662
G1 X109.378 Y116.474 E.04325
G1 X109.744 Y116.839 E.01662
G1 X110.256 Y118.083 E.04325
G1 X110.622 Y118.448 E.01662
G1 X111.865 Y118.961 E.04325
G1 X112.231 Y119.326 E.01662
G1 X112.743 Y120.57 E.04325
G1 X113.109 Y120.935 E.01662
G1 X114.352 Y121.448 E.04325
G1 X114.718 Y121.813 E.01662
G1 X115.23 Y123.057 E.04325
G1 X115.596 Y123.422 E.01662
G1 X116.839 Y123.935 E.04325
G1 X117.205 Y124.3 E.01662
G1 X117.717 Y125.544 E.04325
G1 X118.083 Y125.909 E.01662
G1 X119.326 Y126.422 E.04325
G1 X119.692 Y126.787 E.01662
G1 X120.204 Y128.031 E.04325
G1 X120.57 Y128.396 E.01662
G1 X121.813 Y128.909 E.04325
G1 X122.179 Y129.274 E.01662
G1 X122.691 Y130.518 E.04325
G1 X123.057 Y130.883 E.01662
G1 X124.3 Y131.396 E.04325
G1 X124.666 Y131.761 E.01662
G1 X125.178 Y133.005 E.04325
G1 X125.544 Y133.37 E.01662
G1 X126.787 Y133.883 E.04325
G1 X127.153 Y134.248 E.01662
G1 X127.665 Y135.492 E.04325
G1 X128.031 Y135.857 E.01662
G1 X129.274 Y136.37 E.04325
G1 X129.64 Y136.735 E.01662
G1 X130.152 Y137.979 E.04325
G1 X130.518 Y138.344 E.01662
G1 X131.761 Y138.857 E.04325
G1 X132.127 Y139.222 E.01662
G1 X132.639 Y140.466 E.04325
G1 X133.005 Y140.831 E.01662
G1 X134.248 Y141.344 E.04325
G1 X134.614 Y141.709 E.01662
G1 X135.126 Y142.953 E.04325
G1 X135.492 Y143.318 E.01662
G1 X136.278 Y143.643 E.02736
G1 X137.911 Y143.643 E.05249
G1 X95.632 Y143.643 F18000
G1 F6205.95
G1 X93.999 Y143.643 E.05249
G1 X93.213 Y143.318 E.02736
G1 X92.847 Y142.953 E.01662
G1 X92.335 Y141.709 E.04325
G1 X91.969 Y141.344 E.01662
G1 X90.726 Y140.831 E.04325
G1 X90.36 Y140.466 E.01662
G1 X89.848 Y139.222 E.04325
G1 X89.482 Y138.857 E.01662
G1 X88.239 Y138.344 E.04325
G1 X87.873 Y137.979 E.01662
G1 X87.361 Y136.735 E.04325
G1 X86.995 Y136.37 E.01662
G1 X85.752 Y135.857 E.04325
G1 X85.386 Y135.492 E.01662
G1 X84.874 Y134.248 E.04325
G1 X84.508 Y133.883 E.01662
G1 X83.265 Y133.37 E.04325
G1 X82.899 Y133.005 E.01662
G1 X82.387 Y131.761 E.04325
G1 X82.021 Y131.396 E.01662
G1 X80.778 Y130.883 E.04325
G1 X80.412 Y130.518 E.01662
G1 X79.9 Y129.274 E.04325
G1 X79.534 Y128.909 E.01662
G1 X78.291 Y128.396 E.04325
G1 X77.925 Y128.031 E.01662
G1 X77.357 Y126.732 E.04558
G1 X77.357 Y125.021 E.05502
G1 X77.357 Y122.534 F18000
G1 F6205.95
G1 X77.357 Y124.245 E.05502
G1 X77.925 Y125.544 E.04558
G1 X78.291 Y125.909 E.01662
G1 X79.534 Y126.422 E.04325
G1 X79.9 Y126.787 E.01662
G1 X80.412 Y128.031 E.04325
G1 X80.778 Y128.396 E.01662
G1 X82.021 Y128.909 E.04325
G1 X82.387 Y129.274 E.01662
G1 X82.899 Y130.518 E.04325
G2 X83.422 Y130.948 I.778 J-.413 E.02235
G3 X82.801 Y127.794 I8.29 J-3.269 E.10395
G1 X82.387 Y126.787 E.035
G1 X82.021 Y126.422 E.01662
G1 X80.778 Y125.909 E.04325
G1 X80.412 Y125.544 E.01662
G1 X79.9 Y124.3 E.04325
G1 X79.534 Y123.935 E.01662
G1 X78.291 Y123.422 E.04325
G1 X77.925 Y123.057 E.01662
G1 X77.357 Y121.758 E.04558
G1 X77.357 Y120.047 E.05502
G1 X77.357 Y117.56 F18000
G1 F6205.95
G1 X77.357 Y119.271 E.05502
G1 X77.925 Y120.57 E.04558
G1 X78.291 Y120.935 E.01662
G1 X79.534 Y121.448 E.04325
G1 X79.9 Y121.813 E.01662
G1 X80.412 Y123.057 E.04325
G1 X80.778 Y123.422 E.01662
G1 X82.021 Y123.935 E.04325
G1 X82.387 Y124.3 E.01662
G1 X82.899 Y125.544 E.04325
G1 X83.14 Y125.785 E.01096
G3 X84.04 Y123.958 I14.103 J5.816 E.06552
G1 X77.357 Y127.508 F18000
G1 F6205.95
G1 X77.357 Y129.219 E.05502
G1 X77.925 Y130.518 E.04558
G1 X78.291 Y130.883 E.01662
G1 X79.534 Y131.396 E.04325
G1 X79.9 Y131.761 E.01662
G1 X80.412 Y133.005 E.04325
G1 X80.778 Y133.37 E.01662
G1 X82.021 Y133.883 E.04325
G1 X82.387 Y134.248 E.01662
G1 X82.899 Y135.492 E.04325
G1 X83.265 Y135.857 E.01662
G1 X84.508 Y136.37 E.04325
G1 X84.874 Y136.735 E.01662
G1 X85.386 Y137.979 E.04325
G1 X85.752 Y138.344 E.01662
G1 X86.995 Y138.857 E.04325
G1 X87.361 Y139.222 E.01662
G1 X87.873 Y140.466 E.04325
G1 X88.239 Y140.831 E.01662
G1 X89.482 Y141.344 E.04325
G1 X89.848 Y141.709 E.01662
G1 X90.36 Y142.953 E.04325
G1 X90.726 Y143.318 E.01662
G1 X91.512 Y143.643 E.02736
G1 X93.145 Y143.643 E.05249
G1 X90.658 Y143.643 F18000
G1 F6205.95
G1 X89.025 Y143.643 E.05249
G1 X88.239 Y143.318 E.02736
G1 X87.873 Y142.953 E.01662
G1 X87.361 Y141.709 E.04325
G1 X86.995 Y141.344 E.01662
G1 X85.752 Y140.831 E.04325
G1 X85.386 Y140.466 E.01662
G1 X84.874 Y139.222 E.04325
G1 X84.508 Y138.857 E.01662
G1 X83.265 Y138.344 E.04325
G1 X82.899 Y137.979 E.01662
G1 X82.387 Y136.735 E.04325
G1 X82.021 Y136.37 E.01662
G1 X80.778 Y135.857 E.04325
G1 X80.412 Y135.492 E.01662
G1 X79.9 Y134.248 E.04325
G1 X79.534 Y133.883 E.01662
G1 X78.291 Y133.37 E.04325
G1 X77.925 Y133.005 E.01662
G1 X77.357 Y131.706 E.04558
G1 X77.357 Y129.995 E.05502
G1 X77.357 Y132.482 F18000
G1 F6205.95
G1 X77.357 Y134.193 E.05502
G1 X77.925 Y135.492 E.04558
G1 X78.291 Y135.857 E.01662
G1 X79.534 Y136.37 E.04325
G1 X79.9 Y136.735 E.01662
G1 X80.412 Y137.979 E.04325
G1 X80.778 Y138.344 E.01662
G1 X82.021 Y138.857 E.04325
G1 X82.387 Y139.222 E.01662
G1 X82.899 Y140.466 E.04325
G1 X83.265 Y140.831 E.01662
G1 X84.508 Y141.344 E.04325
G1 X84.874 Y141.709 E.01662
G1 X85.386 Y142.953 E.04325
G1 X85.752 Y143.318 E.01662
G1 X86.538 Y143.643 E.02736
G1 X88.171 Y143.643 E.05249
G1 X85.684 Y143.643 F18000
G1 F6205.95
G1 X84.051 Y143.643 E.05249
G1 X83.265 Y143.318 E.02736
G1 X82.899 Y142.953 E.01662
G1 X82.387 Y141.709 E.04325
G1 X82.021 Y141.344 E.01662
G1 X80.778 Y140.831 E.04325
G1 X80.412 Y140.466 E.01662
G1 X79.9 Y139.222 E.04325
G1 X79.534 Y138.857 E.01662
G1 X78.291 Y138.344 E.04325
G1 X77.925 Y137.979 E.01662
G1 X77.357 Y136.68 E.04558
G1 X77.357 Y134.969 E.05502
G1 X77.357 Y137.456 F18000
G1 F6205.95
G1 X77.357 Y139.167 E.05502
G1 X77.925 Y140.466 E.04558
G1 X78.291 Y140.831 E.01662
G1 X79.534 Y141.344 E.04325
G1 X79.9 Y141.709 E.01662
G1 X80.412 Y142.953 E.04325
G1 X80.778 Y143.318 E.01662
G1 X81.564 Y143.643 E.02736
G1 X83.197 Y143.643 E.05249
G1 X80.71 Y143.643 F18000
G1 F6205.95
G1 X79.077 Y143.643 E.05249
G1 X78.291 Y143.318 E.02736
G1 X77.925 Y142.953 E.01662
G1 X77.357 Y141.654 E.04558
G1 X77.357 Y139.943 E.05502
G1 X77.357 Y115.073 F18000
G1 F6205.95
G1 X77.357 Y116.784 E.05502
G1 X77.925 Y118.083 E.04558
G1 X78.291 Y118.448 E.01662
G1 X79.534 Y118.961 E.04325
G1 X79.9 Y119.326 E.01662
G1 X80.412 Y120.57 E.04325
G1 X80.778 Y120.935 E.01662
G1 X82.021 Y121.448 E.04325
G1 X82.387 Y121.813 E.01662
G1 X82.899 Y123.057 E.04325
G1 X83.265 Y123.422 E.01662
G1 X84.151 Y123.788 E.03083
G3 X85.205 Y122.618 I43.783 J38.423 E.05063
G1 X84.874 Y121.813 E.028
G1 X84.508 Y121.448 E.01662
G1 X83.265 Y120.935 E.04325
G1 X82.899 Y120.57 E.01662
G1 X82.387 Y119.326 E.04325
G1 X82.021 Y118.961 E.01662
G1 X80.778 Y118.448 E.04325
G1 X80.412 Y118.083 E.01662
G1 X79.9 Y116.839 E.04325
G1 X79.534 Y116.474 E.01662
G1 X78.291 Y115.961 E.04325
G1 X77.925 Y115.596 E.01662
G1 X77.357 Y114.297 E.04558
G1 X77.357 Y112.586 E.05502
G1 X77.648 Y110.142 F18000
G1 F6205.95
G2 X80.305 Y112.849 I2.853 J-.143 E.13339
G2 X80.778 Y113.474 I.987 J-.255 E.02586
G1 X82.021 Y113.987 E.04325
G1 X82.387 Y114.352 E.01662
G1 X82.899 Y115.596 E.04325
G1 X83.265 Y115.961 E.01662
G1 X84.508 Y116.474 E.04325
G1 X84.874 Y116.839 E.01662
G1 X85.386 Y118.083 E.04325
G1 X85.752 Y118.448 E.01662
G1 X86.995 Y118.961 E.04325
G1 X87.361 Y119.326 E.01662
G1 X87.873 Y120.57 E.04325
G1 X88.239 Y120.935 E.01662
G1 X88.361 Y120.986 E.00425
G2 X86.995 Y121.448 I3.04 J11.236 E.04639
G1 X85.752 Y120.935 E.04325
G1 X85.386 Y120.57 E.01662
G1 X84.874 Y119.326 E.04325
G1 X84.508 Y118.961 E.01662
G1 X83.265 Y118.448 E.04325
G1 X82.899 Y118.083 E.01662
G1 X82.387 Y116.839 E.04325
G1 X82.021 Y116.474 E.01662
G1 X80.778 Y115.961 E.04325
G1 X80.412 Y115.596 E.01662
G1 X79.9 Y114.352 E.04325
G1 X79.534 Y113.987 E.01662
G1 X78.291 Y113.474 E.04325
G1 X77.925 Y113.109 E.01662
G1 X77.357 Y111.81 E.04558
G1 X77.357 Y109.323 E.07997
G1 X77.644 Y109.939 E.02185
G3 X78.156 Y108.366 I3.184 J.167 E.05382
G1 X77.925 Y108.135 E.01052
G1 X77.357 Y106.836 E.04558
G1 X77.357 Y105.125 E.05502
G1 X77.357 Y102.638 F18000
G1 F6205.95
G1 X77.357 Y104.349 E.05502
G1 X77.925 Y105.648 E.04558
G1 X78.291 Y106.013 E.01662
G1 X79.534 Y106.526 E.04325
G3 X80.022 Y107.188 I-.552 J.917 E.02716
G3 X82.458 Y107.92 I.485 J2.807 E.0848
G1 X77.357 Y95.177 F18000
G1 F6205.95
G1 X77.357 Y96.888 E.05502
G1 X77.925 Y98.187 E.04558
G1 X78.291 Y98.552 E.01662
G1 X79.534 Y99.065 E.04325
G1 X79.9 Y99.43 E.01662
G1 X80.412 Y100.674 E.04325
G1 X80.778 Y101.039 E.01662
G1 X82.021 Y101.552 E.04325
G1 X82.387 Y101.917 E.01662
G1 X82.899 Y103.161 E.04325
G1 X83.265 Y103.526 E.01662
G1 X84.508 Y104.039 E.04325
G1 X84.874 Y104.404 E.01662
G1 X85.386 Y105.648 E.04325
G1 X85.752 Y106.013 E.01662
G1 X86.995 Y106.526 E.04325
G1 X87.361 Y106.891 E.01662
G1 X87.873 Y108.135 E.04325
G1 X88.239 Y108.5 E.01662
G1 X89.482 Y109.013 E.04325
G1 X89.848 Y109.378 E.01662
G1 X90.36 Y110.622 E.04325
G1 X90.726 Y110.987 E.01662
G1 X91.969 Y111.5 E.04325
G1 X92.335 Y111.865 E.01662
G1 X92.847 Y113.109 E.04325
G1 X93.213 Y113.474 E.01662
G1 X94.456 Y113.987 E.04325
G1 X94.822 Y114.352 E.01662
G1 X95.334 Y115.596 E.04325
G1 X95.7 Y115.961 E.01662
G1 X96.943 Y116.474 E.04325
G1 X97.309 Y116.839 E.01662
G1 X97.821 Y118.083 E.04325
G1 X98.187 Y118.448 E.01662
G1 X99.43 Y118.961 E.04325
G1 X99.796 Y119.326 E.01662
G1 X100.308 Y120.57 E.04325
G1 X100.674 Y120.935 E.01662
G1 X101.917 Y121.448 E.04325
G1 X102.283 Y121.813 E.01662
G1 X102.795 Y123.057 E.04325
G1 X103.161 Y123.422 E.01662
G1 X104.404 Y123.935 E.04325
G1 X104.77 Y124.3 E.01662
G1 X105.282 Y125.544 E.04325
G1 X105.648 Y125.909 E.01662
G1 X106.891 Y126.422 E.04325
G1 X107.257 Y126.787 E.01662
G1 X107.769 Y128.031 E.04325
G1 X108.135 Y128.396 E.01662
G1 X109.378 Y128.909 E.04325
G1 X109.744 Y129.274 E.01662
G1 X110.256 Y130.518 E.04325
G1 X110.622 Y130.883 E.01662
G1 X111.865 Y131.396 E.04325
G1 X112.231 Y131.761 E.01662
G1 X112.743 Y133.005 E.04325
G1 X113.109 Y133.37 E.01662
G1 X114.352 Y133.883 E.04325
G1 X114.718 Y134.248 E.01662
G1 X115.23 Y135.492 E.04325
G1 X115.596 Y135.857 E.01662
G1 X116.839 Y136.37 E.04325
G1 X117.205 Y136.735 E.01662
G1 X117.717 Y137.979 E.04325
G1 X118.083 Y138.344 E.01662
G1 X119.326 Y138.857 E.04325
G1 X119.692 Y139.222 E.01662
G1 X120.204 Y140.466 E.04325
G1 X120.57 Y140.831 E.01662
G1 X121.813 Y141.344 E.04325
G1 X122.179 Y141.709 E.01662
G1 X122.691 Y142.953 E.04325
G1 X123.057 Y143.318 E.01662
G1 X123.843 Y143.643 E.02736
G1 X125.476 Y143.643 E.05249
G1 X127.963 Y143.643 F18000
G1 F6205.95
G1 X126.33 Y143.643 E.05249
G1 X125.544 Y143.318 E.02736
G1 X125.178 Y142.953 E.01662
G1 X124.666 Y141.709 E.04325
G1 X124.3 Y141.344 E.01662
G1 X123.057 Y140.831 E.04325
G1 X122.691 Y140.466 E.01662
G1 X122.179 Y139.222 E.04325
G1 X121.813 Y138.857 E.01662
G1 X120.57 Y138.344 E.04325
G1 X120.204 Y137.979 E.01662
G1 X119.692 Y136.735 E.04325
G1 X119.326 Y136.37 E.01662
G1 X118.083 Y135.857 E.04325
G1 X117.717 Y135.492 E.01662
G1 X117.205 Y134.248 E.04325
G1 X116.839 Y133.883 E.01662
G1 X115.596 Y133.37 E.04325
G1 X115.23 Y133.005 E.01662
G1 X114.718 Y131.761 E.04325
G1 X114.352 Y131.396 E.01662
G1 X113.109 Y130.883 E.04325
G1 X112.743 Y130.518 E.01662
G1 X112.231 Y129.274 E.04325
G1 X111.865 Y128.909 E.01662
G1 X110.622 Y128.396 E.04325
G1 X110.256 Y128.031 E.01662
G1 X109.744 Y126.787 E.04325
G1 X109.378 Y126.422 E.01662
G1 X108.135 Y125.909 E.04325
G1 X107.769 Y125.544 E.01662
G1 X107.257 Y124.3 E.04325
G1 X106.891 Y123.935 E.01662
G1 X105.648 Y123.422 E.04325
G1 X105.282 Y123.057 E.01662
G1 X104.77 Y121.813 E.04325
G1 X104.404 Y121.448 E.01662
G1 X103.161 Y120.935 E.04325
G1 X102.795 Y120.57 E.01662
G1 X102.283 Y119.326 E.04325
G1 X101.917 Y118.961 E.01662
G1 X100.674 Y118.448 E.04325
G1 X100.308 Y118.083 E.01662
G1 X99.796 Y116.839 E.04325
G1 X99.43 Y116.474 E.01662
G1 X98.187 Y115.961 E.04325
G1 X97.821 Y115.596 E.01662
G1 X97.309 Y114.352 E.04325
G1 X96.943 Y113.987 E.01662
G1 X95.7 Y113.474 E.04325
G1 X95.334 Y113.109 E.01662
G1 X94.822 Y111.865 E.04325
G1 X94.456 Y111.5 E.01662
G1 X93.213 Y110.987 E.04325
G1 X92.847 Y110.622 E.01662
G1 X92.335 Y109.378 E.04325
G1 X91.969 Y109.013 E.01662
G1 X90.726 Y108.5 E.04325
G1 X90.36 Y108.135 E.01662
G1 X89.848 Y106.891 E.04325
G1 X89.482 Y106.526 E.01662
G1 X88.239 Y106.013 E.04325
G1 X87.873 Y105.648 E.01662
G1 X87.361 Y104.404 E.04325
G1 X86.995 Y104.039 E.01662
G1 X85.752 Y103.526 E.04325
G1 X85.386 Y103.161 E.01662
G1 X84.874 Y101.917 E.04325
G1 X84.508 Y101.552 E.01662
G1 X83.265 Y101.039 E.04325
G1 X82.899 Y100.674 E.01662
G1 X82.387 Y99.43 E.04325
G1 X82.021 Y99.065 E.01662
G1 X80.778 Y98.552 E.04325
G1 X80.412 Y98.187 E.01662
G1 X79.9 Y96.943 E.04325
G1 X79.534 Y96.578 E.01662
G1 X78.291 Y96.065 E.04325
G1 X77.925 Y95.7 E.01662
G1 X77.357 Y94.401 E.04558
G1 X77.357 Y92.69 E.05502
G1 X77.357 Y90.203 F18000
G1 F6205.95
G1 X77.357 Y91.914 E.05502
G1 X77.925 Y93.213 E.04558
G1 X78.291 Y93.578 E.01662
G1 X79.534 Y94.091 E.04325
G1 X79.9 Y94.456 E.01662
G1 X80.412 Y95.7 E.04325
G1 X80.778 Y96.065 E.01662
G1 X82.021 Y96.578 E.04325
G1 X82.387 Y96.943 E.01662
G1 X82.899 Y98.187 E.04325
G1 X83.265 Y98.552 E.01662
G1 X84.508 Y99.065 E.04325
G1 X84.874 Y99.43 E.01662
G1 X85.386 Y100.674 E.04325
G1 X85.752 Y101.039 E.01662
G1 X86.995 Y101.552 E.04325
G1 X87.361 Y101.917 E.01662
G1 X87.873 Y103.161 E.04325
G1 X88.239 Y103.526 E.01662
G1 X89.482 Y104.039 E.04325
G1 X89.848 Y104.404 E.01662
G1 X90.36 Y105.648 E.04325
G1 X90.726 Y106.013 E.01662
G1 X91.969 Y106.526 E.04325
G1 X92.335 Y106.891 E.01662
G1 X92.847 Y108.135 E.04325
G1 X93.213 Y108.5 E.01662
G1 X94.456 Y109.013 E.04325
G1 X94.822 Y109.378 E.01662
G1 X95.334 Y110.622 E.04325
G1 X95.7 Y110.987 E.01662
G1 X96.943 Y111.5 E.04325
G1 X97.309 Y111.865 E.01662
G1 X97.821 Y113.109 E.04325
G1 X98.187 Y113.474 E.01662
G1 X99.43 Y113.987 E.04325
G1 X99.796 Y114.352 E.01662
G1 X100.308 Y115.596 E.04325
G1 X100.674 Y115.961 E.01662
G1 X101.917 Y116.474 E.04325
G1 X102.283 Y116.839 E.01662
G1 X102.795 Y118.083 E.04325
G1 X103.161 Y118.448 E.01662
G1 X104.404 Y118.961 E.04325
G1 X104.77 Y119.326 E.01662
G1 X105.282 Y120.57 E.04325
G1 X105.648 Y120.935 E.01662
G1 X106.891 Y121.448 E.04325
G1 X107.257 Y121.813 E.01662
G1 X107.769 Y123.057 E.04325
G1 X108.135 Y123.422 E.01662
G1 X109.378 Y123.935 E.04325
G1 X109.744 Y124.3 E.01662
G1 X110.256 Y125.544 E.04325
G1 X110.622 Y125.909 E.01662
G1 X111.865 Y126.422 E.04325
G1 X112.231 Y126.787 E.01662
G1 X112.743 Y128.031 E.04325
G1 X113.109 Y128.396 E.01662
G1 X114.352 Y128.909 E.04325
G1 X114.718 Y129.274 E.01662
G1 X115.23 Y130.518 E.04325
G1 X115.596 Y130.883 E.01662
G1 X116.839 Y131.396 E.04325
G1 X117.205 Y131.761 E.01662
G1 X117.717 Y133.005 E.04325
G1 X118.083 Y133.37 E.01662
G1 X119.326 Y133.883 E.04325
G1 X119.692 Y134.248 E.01662
G1 X120.204 Y135.492 E.04325
G1 X120.57 Y135.857 E.01662
G1 X121.813 Y136.37 E.04325
G1 X122.179 Y136.735 E.01662
G1 X122.691 Y137.979 E.04325
G1 X123.057 Y138.344 E.01662
G1 X124.3 Y138.857 E.04325
G1 X124.666 Y139.222 E.01662
G1 X125.178 Y140.466 E.04325
G1 X125.544 Y140.831 E.01662
G1 X126.787 Y141.344 E.04325
G1 X127.153 Y141.709 E.01662
G1 X127.665 Y142.953 E.04325
G1 X128.031 Y143.318 E.01662
G1 X128.817 Y143.643 E.02736
G1 X130.45 Y143.643 E.05249
G1 X132.937 Y143.643 F18000
G1 F6205.95
G1 X131.304 Y143.643 E.05249
G1 X130.518 Y143.318 E.02736
G1 X130.152 Y142.953 E.01662
G1 X129.64 Y141.709 E.04325
G1 X129.274 Y141.344 E.01662
G1 X128.031 Y140.831 E.04325
G1 X127.665 Y140.466 E.01662
G1 X127.153 Y139.222 E.04325
G1 X126.787 Y138.857 E.01662
G1 X125.544 Y138.344 E.04325
G1 X125.178 Y137.979 E.01662
G1 X124.666 Y136.735 E.04325
G1 X124.3 Y136.37 E.01662
G1 X123.057 Y135.857 E.04325
G1 X122.691 Y135.492 E.01662
G1 X122.179 Y134.248 E.04325
G1 X121.813 Y133.883 E.01662
G1 X120.57 Y133.37 E.04325
G1 X120.204 Y133.005 E.01662
G1 X119.692 Y131.761 E.04325
G1 X119.326 Y131.396 E.01662
G1 X118.083 Y130.883 E.04325
G1 X117.717 Y130.518 E.01662
G1 X117.205 Y129.274 E.04325
G1 X116.839 Y128.909 E.01662
G1 X115.596 Y128.396 E.04325
G1 X115.23 Y128.031 E.01662
G1 X114.718 Y126.787 E.04325
G1 X114.352 Y126.422 E.01662
G1 X113.109 Y125.909 E.04325
G1 X112.743 Y125.544 E.01662
G1 X112.231 Y124.3 E.04325
G1 X111.865 Y123.935 E.01662
G1 X110.622 Y123.422 E.04325
G1 X110.256 Y123.057 E.01662
G1 X109.744 Y121.813 E.04325
G1 X109.378 Y121.448 E.01662
G1 X108.135 Y120.935 E.04325
G1 X107.769 Y120.57 E.01662
G1 X107.257 Y119.326 E.04325
G1 X106.891 Y118.961 E.01662
G1 X105.648 Y118.448 E.04325
G1 X105.282 Y118.083 E.01662
G1 X104.77 Y116.839 E.04325
G1 X104.404 Y116.474 E.01662
G1 X103.161 Y115.961 E.04325
G1 X102.795 Y115.596 E.01662
G1 X102.283 Y114.352 E.04325
G1 X101.917 Y113.987 E.01662
G1 X100.674 Y113.474 E.04325
G1 X100.308 Y113.109 E.01662
G1 X99.796 Y111.865 E.04325
G1 X99.43 Y111.5 E.01662
G1 X98.187 Y110.987 E.04325
G1 X97.821 Y110.622 E.01662
G1 X97.309 Y109.378 E.04325
G1 X96.943 Y109.013 E.01662
G1 X95.7 Y108.5 E.04325
G1 X95.334 Y108.135 E.01662
G1 X94.822 Y106.891 E.04325
G1 X94.456 Y106.526 E.01662
G1 X93.213 Y106.013 E.04325
G1 X92.847 Y105.648 E.01662
G1 X92.335 Y104.404 E.04325
G1 X91.969 Y104.039 E.01662
G1 X90.726 Y103.526 E.04325
G1 X90.36 Y103.161 E.01662
G1 X89.848 Y101.917 E.04325
G1 X89.482 Y101.552 E.01662
G1 X88.239 Y101.039 E.04325
G1 X87.873 Y100.674 E.01662
G1 X87.361 Y99.43 E.04325
G1 X86.995 Y99.065 E.01662
G1 X85.752 Y98.552 E.04325
G1 X85.386 Y98.187 E.01662
G1 X84.874 Y96.943 E.04325
G1 X84.508 Y96.578 E.01662
G1 X83.265 Y96.065 E.04325
G1 X82.899 Y95.7 E.01662
G1 X82.387 Y94.456 E.04325
G1 X82.021 Y94.091 E.01662
G1 X80.778 Y93.578 E.04325
G1 X80.412 Y93.213 E.01662
G1 X79.9 Y91.969 E.04325
G1 X79.534 Y91.604 E.01662
G1 X78.291 Y91.091 E.04325
G1 X77.925 Y90.726 E.01662
G1 X77.357 Y89.427 E.04558
G1 X77.357 Y87.716 E.05502
G1 X77.357 Y80.255 F18000
G1 F6205.95
G1 X77.357 Y81.966 E.05502
G1 X77.925 Y83.265 E.04558
G1 X78.291 Y83.63 E.01662
G1 X79.534 Y84.143 E.04325
G1 X79.9 Y84.508 E.01662
G1 X80.412 Y85.752 E.04325
G1 X80.778 Y86.117 E.01662
G1 X82.021 Y86.63 E.04325
G1 X82.387 Y86.995 E.01662
G1 X82.899 Y88.239 E.04325
G1 X83.265 Y88.604 E.01662
G1 X84.508 Y89.117 E.04325
G1 X84.874 Y89.482 E.01662
G1 X85.386 Y90.726 E.04325
G1 X85.752 Y91.091 E.01662
G1 X86.995 Y91.604 E.04325
G1 X87.361 Y91.969 E.01662
G1 X87.873 Y93.213 E.04325
G1 X88.239 Y93.578 E.01662
G1 X89.482 Y94.091 E.04325
G1 X89.848 Y94.456 E.01662
G1 X90.36 Y95.7 E.04325
G1 X90.726 Y96.065 E.01662
G1 X91.969 Y96.578 E.04325
G1 X92.335 Y96.943 E.01662
G1 X92.847 Y98.187 E.04325
G1 X93.213 Y98.552 E.01662
G1 X94.456 Y99.065 E.04325
G1 X94.822 Y99.43 E.01662
G1 X95.334 Y100.674 E.04325
G1 X95.7 Y101.039 E.01662
G1 X96.943 Y101.552 E.04325
G1 X97.309 Y101.917 E.01662
G1 X97.821 Y103.161 E.04325
G1 X98.187 Y103.526 E.01662
G1 X99.43 Y104.039 E.04325
G1 X99.796 Y104.404 E.01662
G1 X100.308 Y105.648 E.04325
G1 X100.674 Y106.013 E.01662
G1 X101.917 Y106.526 E.04325
G1 X102.283 Y106.891 E.01662
G1 X102.795 Y108.135 E.04325
G1 X103.161 Y108.5 E.01662
G1 X104.404 Y109.013 E.04325
G1 X104.77 Y109.378 E.01662
G1 X105.282 Y110.622 E.04325
G1 X105.648 Y110.987 E.01662
G1 X106.891 Y111.5 E.04325
G1 X107.257 Y111.865 E.01662
G1 X107.769 Y113.109 E.04325
G1 X108.135 Y113.474 E.01662
G1 X109.378 Y113.987 E.04325
G1 X109.744 Y114.352 E.01662
G1 X110.256 Y115.596 E.04325
G1 X110.622 Y115.961 E.01662
G1 X111.865 Y116.474 E.04325
G1 X112.231 Y116.839 E.01662
G1 X112.743 Y118.083 E.04325
G1 X113.109 Y118.448 E.01662
G1 X114.352 Y118.961 E.04325
G1 X114.718 Y119.326 E.01662
G1 X115.23 Y120.57 E.04325
G1 X115.596 Y120.935 E.01662
G1 X116.839 Y121.448 E.04325
G1 X117.205 Y121.813 E.01662
G1 X117.717 Y123.057 E.04325
G1 X118.083 Y123.422 E.01662
G1 X119.326 Y123.935 E.04325
G1 X119.692 Y124.3 E.01662
G1 X120.204 Y125.544 E.04325
G1 X120.57 Y125.909 E.01662
G1 X121.813 Y126.422 E.04325
G1 X122.179 Y126.787 E.01662
G1 X122.691 Y128.031 E.04325
G1 X123.057 Y128.396 E.01662
G1 X124.3 Y128.909 E.04325
G1 X124.666 Y129.274 E.01662
G1 X125.178 Y130.518 E.04325
G1 X125.544 Y130.883 E.01662
G1 X126.787 Y131.396 E.04325
G1 X127.153 Y131.761 E.01662
G1 X127.665 Y133.005 E.04325
G1 X128.031 Y133.37 E.01662
G1 X129.274 Y133.883 E.04325
G1 X129.64 Y134.248 E.01662
G1 X130.152 Y135.492 E.04325
G1 X130.518 Y135.857 E.01662
G1 X131.761 Y136.37 E.04325
G1 X132.127 Y136.735 E.01662
G1 X132.639 Y137.979 E.04325
G1 X133.005 Y138.344 E.01662
G1 X134.248 Y138.857 E.04325
G1 X134.614 Y139.222 E.01662
G1 X135.126 Y140.466 E.04325
G1 X135.492 Y140.831 E.01662
G1 X136.735 Y141.344 E.04325
G1 X137.101 Y141.709 E.01662
G1 X137.613 Y142.953 E.04325
G1 X137.979 Y143.318 E.01662
G1 X138.765 Y143.643 E.02736
G1 X140.398 Y143.643 E.05249
G1 X142.56 Y142.502 F18000
G1 F6205.95
G2 X142.643 Y141.964 I-1.654 J-.529 E.01755
G1 X142.643 Y140.521 E.04642
G1 X142.075 Y139.222 E.04558
G1 X141.709 Y138.857 E.01662
G1 X140.466 Y138.344 E.04325
G1 X140.1 Y137.979 E.01662
G1 X139.588 Y136.735 E.04325
G1 X139.222 Y136.37 E.01662
G1 X137.979 Y135.857 E.04325
G1 X137.613 Y135.492 E.01662
G1 X137.101 Y134.248 E.04325
G1 X136.735 Y133.883 E.01662
G1 X135.492 Y133.37 E.04325
G1 X135.126 Y133.005 E.01662
G1 X134.614 Y131.761 E.04325
G1 X134.248 Y131.396 E.01662
G1 X133.005 Y130.883 E.04325
G1 X132.639 Y130.518 E.01662
G1 X132.127 Y129.274 E.04325
G1 X131.761 Y128.909 E.01662
G1 X130.518 Y128.396 E.04325
G1 X130.152 Y128.031 E.01662
G1 X129.64 Y126.787 E.04325
G1 X129.274 Y126.422 E.01662
G1 X128.031 Y125.909 E.04325
G1 X127.665 Y125.544 E.01662
G1 X127.153 Y124.3 E.04325
G1 X126.787 Y123.935 E.01662
G1 X125.544 Y123.422 E.04325
G1 X125.178 Y123.057 E.01662
G1 X124.666 Y121.813 E.04325
G1 X124.3 Y121.448 E.01662
G1 X123.057 Y120.935 E.04325
G1 X122.691 Y120.57 E.01662
G1 X122.179 Y119.326 E.04325
G1 X121.813 Y118.961 E.01662
G1 X120.57 Y118.448 E.04325
G1 X120.204 Y118.083 E.01662
G1 X119.692 Y116.839 E.04325
G1 X119.326 Y116.474 E.01662
G1 X118.083 Y115.961 E.04325
G1 X117.717 Y115.596 E.01662
G1 X117.205 Y114.352 E.04325
G1 X116.839 Y113.987 E.01662
G1 X115.596 Y113.474 E.04325
G1 X115.23 Y113.109 E.01662
G1 X114.718 Y111.865 E.04325
G1 X114.352 Y111.5 E.01662
G1 X113.109 Y110.987 E.04325
G1 X112.743 Y110.622 E.01662
G1 X112.231 Y109.378 E.04325
G1 X111.865 Y109.013 E.01662
G1 X110.622 Y108.5 E.04325
G1 X110.256 Y108.135 E.01662
G1 X109.744 Y106.891 E.04325
G1 X109.378 Y106.526 E.01662
G1 X108.135 Y106.013 E.04325
G1 X107.769 Y105.648 E.01662
G1 X107.257 Y104.404 E.04325
G1 X106.891 Y104.039 E.01662
G1 X105.648 Y103.526 E.04325
G1 X105.282 Y103.161 E.01662
G1 X104.77 Y101.917 E.04325
G1 X104.404 Y101.552 E.01662
G1 X103.161 Y101.039 E.04325
G1 X102.795 Y100.674 E.01662
G1 X102.283 Y99.43 E.04325
G1 X101.917 Y99.065 E.01662
G1 X100.674 Y98.552 E.04325
G1 X100.308 Y98.187 E.01662
G1 X99.796 Y96.943 E.04325
G1 X99.43 Y96.578 E.01662
G1 X98.187 Y96.065 E.04325
G1 X97.821 Y95.7 E.01662
G1 X97.309 Y94.456 E.04325
G1 X96.943 Y94.091 E.01662
G1 X95.7 Y93.578 E.04325
G1 X95.334 Y93.213 E.01662
G1 X94.822 Y91.969 E.04325
G1 X94.456 Y91.604 E.01662
G1 X93.213 Y91.091 E.04325
G1 X92.847 Y90.726 E.01662
G1 X92.335 Y89.482 E.04325
G1 X91.969 Y89.117 E.01662
G1 X90.726 Y88.604 E.04325
G1 X90.36 Y88.239 E.01662
G1 X89.848 Y86.995 E.04325
G1 X89.482 Y86.63 E.01662
G1 X88.239 Y86.117 E.04325
G1 X87.873 Y85.752 E.01662
G1 X87.361 Y84.508 E.04325
G1 X86.995 Y84.143 E.01662
G1 X85.752 Y83.63 E.04325
G1 X85.386 Y83.265 E.01662
G1 X84.874 Y82.021 E.04325
G1 X84.508 Y81.656 E.01662
G1 X83.265 Y81.143 E.04325
G1 X82.899 Y80.778 E.01662
G1 X82.387 Y79.534 E.04325
G1 X82.021 Y79.169 E.01662
G1 X80.778 Y78.656 E.04325
G1 X80.412 Y78.291 E.01662
G1 X79.9 Y77.047 E.04325
G1 X79.534 Y76.682 E.01662
G1 X78.806 Y76.382 E.02531
G2 X77.522 Y77.312 I.335 J1.814 E.05272
G1 X77.925 Y78.291 E.03404
G1 X78.291 Y78.656 E.01662
G1 X79.534 Y79.169 E.04325
G1 X79.9 Y79.534 E.01662
G1 X80.412 Y80.778 E.04325
G1 X80.778 Y81.143 E.01662
G1 X82.021 Y81.656 E.04325
G1 X82.387 Y82.021 E.01662
G1 X82.899 Y83.265 E.04325
G1 X83.265 Y83.63 E.01662
G1 X84.508 Y84.143 E.04325
G1 X84.874 Y84.508 E.01662
G1 X85.386 Y85.752 E.04325
G1 X85.752 Y86.117 E.01662
G1 X86.995 Y86.63 E.04325
G1 X87.361 Y86.995 E.01662
G1 X87.873 Y88.239 E.04325
G1 X88.239 Y88.604 E.01662
G1 X89.482 Y89.117 E.04325
G1 X89.848 Y89.482 E.01662
G1 X90.36 Y90.726 E.04325
G1 X90.726 Y91.091 E.01662
G1 X91.969 Y91.604 E.04325
G1 X92.335 Y91.969 E.01662
G1 X92.847 Y93.213 E.04325
G1 X93.213 Y93.578 E.01662
G1 X94.456 Y94.091 E.04325
G1 X94.822 Y94.456 E.01662
G1 X95.334 Y95.7 E.04325
G1 X95.7 Y96.065 E.01662
G1 X96.943 Y96.578 E.04325
G1 X97.309 Y96.943 E.01662
G1 X97.821 Y98.187 E.04325
G1 X98.187 Y98.552 E.01662
G1 X99.43 Y99.065 E.04325
G1 X99.796 Y99.43 E.01662
G1 X100.308 Y100.674 E.04325
G1 X100.674 Y101.039 E.01662
G1 X101.917 Y101.552 E.04325
G1 X102.283 Y101.917 E.01662
G1 X102.795 Y103.161 E.04325
G1 X103.161 Y103.526 E.01662
G1 X104.404 Y104.039 E.04325
G1 X104.77 Y104.404 E.01662
G1 X105.282 Y105.648 E.04325
G1 X105.648 Y106.013 E.01662
G1 X106.891 Y106.526 E.04325
G1 X107.257 Y106.891 E.01662
G1 X107.769 Y108.135 E.04325
G1 X108.135 Y108.5 E.01662
G1 X109.378 Y109.013 E.04325
G1 X109.744 Y109.378 E.01662
G1 X110.256 Y110.622 E.04325
G1 X110.622 Y110.987 E.01662
G1 X111.865 Y111.5 E.04325
G1 X112.231 Y111.865 E.01662
G1 X112.743 Y113.109 E.04325
G1 X113.109 Y113.474 E.01662
G1 X114.352 Y113.987 E.04325
G1 X114.718 Y114.352 E.01662
G1 X115.23 Y115.596 E.04325
G1 X115.596 Y115.961 E.01662
G1 X116.839 Y116.474 E.04325
G1 X117.205 Y116.839 E.01662
G1 X117.717 Y118.083 E.04325
G1 X118.083 Y118.448 E.01662
G1 X119.326 Y118.961 E.04325
G1 X119.692 Y119.326 E.01662
G1 X120.204 Y120.57 E.04325
G1 X120.57 Y120.935 E.01662
G1 X121.813 Y121.448 E.04325
G1 X122.179 Y121.813 E.01662
G1 X122.691 Y123.057 E.04325
G1 X123.057 Y123.422 E.01662
G1 X124.3 Y123.935 E.04325
G1 X124.666 Y124.3 E.01662
G1 X125.178 Y125.544 E.04325
G1 X125.544 Y125.909 E.01662
G1 X126.787 Y126.422 E.04325
G1 X127.153 Y126.787 E.01662
G1 X127.665 Y128.031 E.04325
G1 X128.031 Y128.396 E.01662
G1 X129.274 Y128.909 E.04325
G1 X129.64 Y129.274 E.01662
G1 X130.152 Y130.518 E.04325
G1 X130.518 Y130.883 E.01662
G1 X131.761 Y131.396 E.04325
G1 X132.127 Y131.761 E.01662
G1 X132.639 Y133.005 E.04325
G1 X133.005 Y133.37 E.01662
G1 X134.248 Y133.883 E.04325
G1 X134.614 Y134.248 E.01662
G1 X135.126 Y135.492 E.04325
G1 X135.492 Y135.857 E.01662
G1 X136.735 Y136.37 E.04325
G1 X137.101 Y136.735 E.01662
G1 X137.613 Y137.979 E.04325
G1 X137.979 Y138.344 E.01662
G1 X139.222 Y138.857 E.04325
G1 X139.588 Y139.222 E.01662
G1 X140.1 Y140.466 E.04325
G1 X140.466 Y140.831 E.01662
G1 X141.709 Y141.344 E.04325
G1 X142.075 Y141.709 E.01662
G1 X142.478 Y142.688 E.03404
G3 X141.194 Y143.618 I-1.619 J-.884 E.05272
G1 X140.466 Y143.318 E.02531
G1 X140.1 Y142.953 E.01662
G1 X139.588 Y141.709 E.04325
G1 X139.222 Y141.344 E.01662
G1 X137.979 Y140.831 E.04325
G1 X137.613 Y140.466 E.01662
G1 X137.101 Y139.222 E.04325
G1 X136.735 Y138.857 E.01662
G1 X135.492 Y138.344 E.04325
G1 X135.126 Y137.979 E.01662
G1 X134.614 Y136.735 E.04325
G1 X134.248 Y136.37 E.01662
G1 X133.005 Y135.857 E.04325
G1 X132.639 Y135.492 E.01662
G1 X132.127 Y134.248 E.04325
G1 X131.761 Y133.883 E.01662
G1 X130.518 Y133.37 E.04325
G1 X130.152 Y133.005 E.01662
G1 X129.64 Y131.761 E.04325
G1 X129.274 Y131.396 E.01662
G1 X128.031 Y130.883 E.04325
G1 X127.665 Y130.518 E.01662
G1 X127.153 Y129.274 E.04325
G1 X126.787 Y128.909 E.01662
G1 X125.544 Y128.396 E.04325
G1 X125.178 Y128.031 E.01662
G1 X124.666 Y126.787 E.04325
G1 X124.3 Y126.422 E.01662
G1 X123.057 Y125.909 E.04325
G1 X122.691 Y125.544 E.01662
G1 X122.179 Y124.3 E.04325
G1 X121.813 Y123.935 E.01662
G1 X120.57 Y123.422 E.04325
G1 X120.204 Y123.057 E.01662
G1 X119.692 Y121.813 E.04325
G1 X119.326 Y121.448 E.01662
G1 X118.083 Y120.935 E.04325
G1 X117.717 Y120.57 E.01662
G1 X117.205 Y119.326 E.04325
G1 X116.839 Y118.961 E.01662
G1 X115.596 Y118.448 E.04325
G1 X115.23 Y118.083 E.01662
G1 X114.718 Y116.839 E.04325
G1 X114.352 Y116.474 E.01662
G1 X113.109 Y115.961 E.04325
G1 X112.743 Y115.596 E.01662
G1 X112.231 Y114.352 E.04325
G1 X111.865 Y113.987 E.01662
G1 X110.622 Y113.474 E.04325
G1 X110.256 Y113.109 E.01662
G1 X109.744 Y111.865 E.04325
G1 X109.378 Y111.5 E.01662
G1 X108.135 Y110.987 E.04325
G1 X107.769 Y110.622 E.01662
G1 X107.257 Y109.378 E.04325
G1 X106.891 Y109.013 E.01662
G1 X105.648 Y108.5 E.04325
G1 X105.282 Y108.135 E.01662
G1 X104.77 Y106.891 E.04325
G1 X104.404 Y106.526 E.01662
G1 X103.161 Y106.013 E.04325
G1 X102.795 Y105.648 E.01662
G1 X102.283 Y104.404 E.04325
G1 X101.917 Y104.039 E.01662
G1 X100.674 Y103.526 E.04325
G1 X100.308 Y103.161 E.01662
G1 X99.796 Y101.917 E.04325
G1 X99.43 Y101.552 E.01662
G1 X98.187 Y101.039 E.04325
G1 X97.821 Y100.674 E.01662
G1 X97.309 Y99.43 E.04325
G1 X96.943 Y99.065 E.01662
G1 X95.7 Y98.552 E.04325
G1 X95.334 Y98.187 E.01662
G1 X94.822 Y96.943 E.04325
G1 X94.456 Y96.578 E.01662
G1 X93.213 Y96.065 E.04325
G1 X92.847 Y95.7 E.01662
G1 X92.335 Y94.456 E.04325
G1 X91.969 Y94.091 E.01662
G1 X90.726 Y93.578 E.04325
G1 X90.36 Y93.213 E.01662
G1 X89.848 Y91.969 E.04325
G1 X89.482 Y91.604 E.01662
G1 X88.239 Y91.091 E.04325
G1 X87.873 Y90.726 E.01662
G1 X87.361 Y89.482 E.04325
G1 X86.995 Y89.117 E.01662
G1 X85.752 Y88.604 E.04325
G1 X85.386 Y88.239 E.01662
G1 X84.874 Y86.995 E.04325
G1 X84.508 Y86.63 E.01662
G1 X83.265 Y86.117 E.04325
G1 X82.899 Y85.752 E.01662
G1 X82.387 Y84.508 E.04325
G1 X82.021 Y84.143 E.01662
G1 X80.778 Y83.63 E.04325
G1 X80.412 Y83.265 E.01662
G1 X79.9 Y82.021 E.04325
G1 X79.534 Y81.656 E.01662
G1 X78.291 Y81.143 E.04325
G1 X77.925 Y80.778 E.01662
G1 X77.357 Y79.479 E.04558
G3 X77.368 Y77.838 I15.698 J-.722 E.0528
G1 X77.44 Y77.498 E.01116
G1 X79.602 Y76.357 F18000
G1 F6205.95
G1 X81.235 Y76.357 E.05249
G1 X82.021 Y76.682 E.02736
G1 X82.387 Y77.047 E.01662
G1 X82.899 Y78.291 E.04325
G1 X83.265 Y78.656 E.01662
G1 X84.508 Y79.169 E.04325
G1 X84.874 Y79.534 E.01662
G1 X85.386 Y80.778 E.04325
G1 X85.752 Y81.143 E.01662
G1 X86.995 Y81.656 E.04325
G1 X87.361 Y82.021 E.01662
G1 X87.873 Y83.265 E.04325
G1 X88.239 Y83.63 E.01662
G1 X89.482 Y84.143 E.04325
G1 X89.848 Y84.508 E.01662
G1 X90.36 Y85.752 E.04325
G1 X90.726 Y86.117 E.01662
G1 X91.969 Y86.63 E.04325
G1 X92.335 Y86.995 E.01662
G1 X92.847 Y88.239 E.04325
G1 X93.213 Y88.604 E.01662
G1 X94.456 Y89.117 E.04325
G1 X94.822 Y89.482 E.01662
G1 X95.334 Y90.726 E.04325
G1 X95.7 Y91.091 E.01662
G1 X96.943 Y91.604 E.04325
G1 X97.309 Y91.969 E.01662
G1 X97.821 Y93.213 E.04325
G1 X98.187 Y93.578 E.01662
G1 X99.43 Y94.091 E.04325
G1 X99.796 Y94.456 E.01662
G1 X100.308 Y95.7 E.04325
G1 X100.674 Y96.065 E.01662
G1 X101.917 Y96.578 E.04325
G1 X102.283 Y96.943 E.01662
G1 X102.795 Y98.187 E.04325
G1 X103.161 Y98.552 E.01662
G1 X104.404 Y99.065 E.04325
G1 X104.77 Y99.43 E.01662
G1 X105.282 Y100.674 E.04325
G1 X105.648 Y101.039 E.01662
G1 X106.891 Y101.552 E.04325
G1 X107.257 Y101.917 E.01662
G1 X107.769 Y103.161 E.04325
G1 X108.135 Y103.526 E.01662
G1 X109.378 Y104.039 E.04325
G1 X109.744 Y104.404 E.01662
G1 X110.256 Y105.648 E.04325
G1 X110.622 Y106.013 E.01662
G1 X111.865 Y106.526 E.04325
G1 X112.231 Y106.891 E.01662
G1 X112.743 Y108.135 E.04325
G1 X113.109 Y108.5 E.01662
G1 X114.352 Y109.013 E.04325
G1 X114.718 Y109.378 E.01662
G1 X115.23 Y110.622 E.04325
G1 X115.596 Y110.987 E.01662
G1 X116.839 Y111.5 E.04325
G1 X117.205 Y111.865 E.01662
G1 X117.717 Y113.109 E.04325
G1 X118.083 Y113.474 E.01662
G1 X119.326 Y113.987 E.04325
G1 X119.692 Y114.352 E.01662
G1 X120.204 Y115.596 E.04325
G1 X120.57 Y115.961 E.01662
G1 X121.813 Y116.474 E.04325
G1 X122.179 Y116.839 E.01662
G1 X122.691 Y118.083 E.04325
G1 X123.057 Y118.448 E.01662
G1 X124.3 Y118.961 E.04325
G1 X124.666 Y119.326 E.01662
G1 X125.178 Y120.57 E.04325
G1 X125.544 Y120.935 E.01662
G1 X126.787 Y121.448 E.04325
G1 X127.153 Y121.813 E.01662
G1 X127.665 Y123.057 E.04325
G1 X128.031 Y123.422 E.01662
G1 X129.274 Y123.935 E.04325
G1 X129.64 Y124.3 E.01662
G1 X130.152 Y125.544 E.04325
G1 X130.518 Y125.909 E.01662
G1 X131.761 Y126.422 E.04325
G1 X132.127 Y126.787 E.01662
G1 X132.639 Y128.031 E.04325
G1 X133.005 Y128.396 E.01662
G1 X134.248 Y128.909 E.04325
G1 X134.614 Y129.274 E.01662
G1 X135.126 Y130.518 E.04325
G1 X135.492 Y130.883 E.01662
G1 X136.735 Y131.396 E.04325
G1 X137.101 Y131.761 E.01662
G1 X137.613 Y133.005 E.04325
G1 X137.979 Y133.37 E.01662
G1 X139.222 Y133.883 E.04325
G1 X139.588 Y134.248 E.01662
G1 X140.1 Y135.492 E.04325
G1 X140.466 Y135.857 E.01662
G1 X141.709 Y136.37 E.04325
G1 X142.075 Y136.735 E.01662
G1 X142.643 Y138.034 E.04558
G1 X142.643 Y139.745 E.05502
G1 X142.643 Y137.258 F18000
G1 F6205.95
G1 X142.643 Y135.547 E.05502
G1 X142.075 Y134.248 E.04558
G1 X141.709 Y133.883 E.01662
G1 X140.466 Y133.37 E.04325
G1 X140.1 Y133.005 E.01662
G1 X139.588 Y131.761 E.04325
G1 X139.222 Y131.396 E.01662
G1 X137.979 Y130.883 E.04325
G1 X137.613 Y130.518 E.01662
G1 X137.101 Y129.274 E.04325
G1 X136.735 Y128.909 E.01662
G1 X135.492 Y128.396 E.04325
G1 X135.126 Y128.031 E.01662
G1 X134.614 Y126.787 E.04325
G1 X134.248 Y126.422 E.01662
G1 X133.005 Y125.909 E.04325
G1 X132.639 Y125.544 E.01662
G1 X132.127 Y124.3 E.04325
G1 X131.761 Y123.935 E.01662
G1 X130.518 Y123.422 E.04325
G1 X130.152 Y123.057 E.01662
G1 X129.64 Y121.813 E.04325
G1 X129.274 Y121.448 E.01662
G1 X128.031 Y120.935 E.04325
G1 X127.665 Y120.57 E.01662
G1 X127.153 Y119.326 E.04325
G1 X126.787 Y118.961 E.01662
G1 X125.544 Y118.448 E.04325
G1 X125.178 Y118.083 E.01662
G1 X124.666 Y116.839 E.04325
G1 X124.3 Y116.474 E.01662
G1 X123.057 Y115.961 E.04325
G1 X122.691 Y115.596 E.01662
G1 X122.179 Y114.352 E.04325
G1 X121.813 Y113.987 E.01662
G1 X120.57 Y113.474 E.04325
G1 X120.204 Y113.109 E.01662
G1 X119.692 Y111.865 E.04325
G1 X119.326 Y111.5 E.01662
G1 X118.083 Y110.987 E.04325
G1 X117.717 Y110.622 E.01662
G1 X117.205 Y109.378 E.04325
G1 X116.839 Y109.013 E.01662
G1 X115.596 Y108.5 E.04325
G1 X115.23 Y108.135 E.01662
G1 X114.718 Y106.891 E.04325
G1 X114.352 Y106.526 E.01662
G1 X113.109 Y106.013 E.04325
G1 X112.743 Y105.648 E.01662
G1 X112.231 Y104.404 E.04325
G1 X111.865 Y104.039 E.01662
G1 X110.622 Y103.526 E.04325
G1 X110.256 Y103.161 E.01662
G1 X109.744 Y101.917 E.04325
G1 X109.378 Y101.552 E.01662
G1 X108.135 Y101.039 E.04325
G1 X107.769 Y100.674 E.01662
G1 X107.257 Y99.43 E.04325
G1 X106.891 Y99.065 E.01662
G1 X105.648 Y98.552 E.04325
G1 X105.282 Y98.187 E.01662
G1 X104.77 Y96.943 E.04325
G1 X104.404 Y96.578 E.01662
G1 X103.161 Y96.065 E.04325
G1 X102.795 Y95.7 E.01662
G1 X102.283 Y94.456 E.04325
G1 X101.917 Y94.091 E.01662
G1 X100.674 Y93.578 E.04325
G1 X100.308 Y93.213 E.01662
G1 X99.796 Y91.969 E.04325
G1 X99.43 Y91.604 E.01662
G1 X98.187 Y91.091 E.04325
G1 X97.821 Y90.726 E.01662
G1 X97.309 Y89.482 E.04325
G1 X96.943 Y89.117 E.01662
G1 X95.7 Y88.604 E.04325
G1 X95.334 Y88.239 E.01662
G1 X94.822 Y86.995 E.04325
G1 X94.456 Y86.63 E.01662
G1 X93.213 Y86.117 E.04325
G1 X92.847 Y85.752 E.01662
G1 X92.335 Y84.508 E.04325
G1 X91.969 Y84.143 E.01662
G1 X90.726 Y83.63 E.04325
G1 X90.36 Y83.265 E.01662
G1 X89.848 Y82.021 E.04325
G1 X89.482 Y81.656 E.01662
G1 X88.239 Y81.143 E.04325
G1 X87.873 Y80.778 E.01662
G1 X87.361 Y79.534 E.04325
G1 X86.995 Y79.169 E.01662
G1 X85.752 Y78.656 E.04325
G1 X85.386 Y78.291 E.01662
G1 X84.874 Y77.047 E.04325
G1 X84.508 Y76.682 E.01662
G1 X83.722 Y76.357 E.02736
G1 X82.089 Y76.357 E.05249
G1 X84.576 Y76.357 F18000
G1 F6205.95
G1 X86.209 Y76.357 E.05249
G1 X86.995 Y76.682 E.02736
G1 X87.361 Y77.047 E.01662
G1 X87.873 Y78.291 E.04325
G1 X88.239 Y78.656 E.01662
G1 X89.482 Y79.169 E.04325
G1 X89.848 Y79.534 E.01662
G1 X90.36 Y80.778 E.04325
G1 X90.726 Y81.143 E.01662
G1 X91.969 Y81.656 E.04325
G1 X92.335 Y82.021 E.01662
G1 X92.847 Y83.265 E.04325
G1 X93.213 Y83.63 E.01662
G1 X94.456 Y84.143 E.04325
G1 X94.822 Y84.508 E.01662
G1 X95.334 Y85.752 E.04325
G1 X95.7 Y86.117 E.01662
G1 X96.943 Y86.63 E.04325
G1 X97.309 Y86.995 E.01662
G1 X97.821 Y88.239 E.04325
G1 X98.187 Y88.604 E.01662
G1 X99.43 Y89.117 E.04325
G1 X99.796 Y89.482 E.01662
G1 X100.308 Y90.726 E.04325
G1 X100.674 Y91.091 E.01662
G1 X101.917 Y91.604 E.04325
G1 X102.283 Y91.969 E.01662
G1 X102.795 Y93.213 E.04325
G1 X103.161 Y93.578 E.01662
G1 X104.404 Y94.091 E.04325
G1 X104.77 Y94.456 E.01662
G1 X105.282 Y95.7 E.04325
G1 X105.648 Y96.065 E.01662
G1 X106.891 Y96.578 E.04325
G1 X107.257 Y96.943 E.01662
G1 X107.769 Y98.187 E.04325
G1 X108.135 Y98.552 E.01662
G1 X109.378 Y99.065 E.04325
G1 X109.744 Y99.43 E.01662
G1 X110.256 Y100.674 E.04325
G1 X110.622 Y101.039 E.01662
G1 X111.865 Y101.552 E.04325
G1 X112.231 Y101.917 E.01662
G1 X112.743 Y103.161 E.04325
G1 X113.109 Y103.526 E.01662
G1 X114.352 Y104.039 E.04325
G1 X114.718 Y104.404 E.01662
G1 X115.23 Y105.648 E.04325
G1 X115.596 Y106.013 E.01662
G1 X116.839 Y106.526 E.04325
G1 X117.205 Y106.891 E.01662
G1 X117.717 Y108.135 E.04325
G1 X118.083 Y108.5 E.01662
G1 X119.326 Y109.013 E.04325
G1 X119.692 Y109.378 E.01662
G1 X120.204 Y110.622 E.04325
G1 X120.57 Y110.987 E.01662
G1 X121.813 Y111.5 E.04325
G1 X122.179 Y111.865 E.01662
G1 X122.691 Y113.109 E.04325
G1 X123.057 Y113.474 E.01662
G1 X124.3 Y113.987 E.04325
G1 X124.666 Y114.352 E.01662
G1 X125.178 Y115.596 E.04325
G1 X125.544 Y115.961 E.01662
G1 X126.787 Y116.474 E.04325
G1 X127.153 Y116.839 E.01662
G1 X127.665 Y118.083 E.04325
G1 X128.031 Y118.448 E.01662
G1 X129.274 Y118.961 E.04325
G1 X129.64 Y119.326 E.01662
G1 X130.152 Y120.57 E.04325
G1 X130.518 Y120.935 E.01662
G1 X131.761 Y121.448 E.04325
G1 X132.127 Y121.813 E.01662
G1 X132.639 Y123.057 E.04325
G1 X133.005 Y123.422 E.01662
G1 X134.248 Y123.935 E.04325
G1 X134.614 Y124.3 E.01662
G1 X135.126 Y125.544 E.04325
G1 X135.492 Y125.909 E.01662
G1 X136.735 Y126.422 E.04325
G1 X137.101 Y126.787 E.01662
G1 X137.613 Y128.031 E.04325
G1 X137.979 Y128.396 E.01662
G1 X139.222 Y128.909 E.04325
G1 X139.588 Y129.274 E.01662
G1 X140.1 Y130.518 E.04325
G1 X140.466 Y130.883 E.01662
G1 X141.709 Y131.396 E.04325
G1 X142.075 Y131.761 E.01662
G1 X142.643 Y133.06 E.04558
G1 X142.643 Y134.771 E.05502
G1 X142.643 Y132.284 F18000
G1 F6205.95
G1 X142.643 Y130.573 E.05502
G1 X142.075 Y129.274 E.04558
G1 X141.709 Y128.909 E.01662
G1 X140.466 Y128.396 E.04325
G1 X140.1 Y128.031 E.01662
G1 X139.588 Y126.787 E.04325
G1 X139.222 Y126.422 E.01662
G1 X137.979 Y125.909 E.04325
G1 X137.613 Y125.544 E.01662
G1 X137.101 Y124.3 E.04325
G1 X136.735 Y123.935 E.01662
G1 X135.492 Y123.422 E.04325
G1 X135.126 Y123.057 E.01662
G1 X134.614 Y121.813 E.04325
G1 X134.248 Y121.448 E.01662
G1 X133.005 Y120.935 E.04325
G1 X132.639 Y120.57 E.01662
G1 X132.127 Y119.326 E.04325
G1 X131.761 Y118.961 E.01662
G1 X130.518 Y118.448 E.04325
G1 X130.152 Y118.083 E.01662
G1 X129.64 Y116.839 E.04325
G1 X129.274 Y116.474 E.01662
G1 X128.031 Y115.961 E.04325
G1 X127.665 Y115.596 E.01662
G1 X127.153 Y114.352 E.04325
G1 X126.787 Y113.987 E.01662
G1 X125.544 Y113.474 E.04325
G1 X125.178 Y113.109 E.01662
G1 X124.666 Y111.865 E.04325
G1 X124.3 Y111.5 E.01662
G1 X123.057 Y110.987 E.04325
G1 X122.691 Y110.622 E.01662
G1 X122.179 Y109.378 E.04325
G1 X121.813 Y109.013 E.01662
G1 X120.57 Y108.5 E.04325
G1 X120.204 Y108.135 E.01662
G1 X119.692 Y106.891 E.04325
G1 X119.326 Y106.526 E.01662
G1 X118.083 Y106.013 E.04325
G1 X117.717 Y105.648 E.01662
G1 X117.205 Y104.404 E.04325
G1 X116.839 Y104.039 E.01662
G1 X115.596 Y103.526 E.04325
G1 X115.23 Y103.161 E.01662
G1 X114.718 Y101.917 E.04325
G1 X114.352 Y101.552 E.01662
G1 X113.109 Y101.039 E.04325
G1 X112.743 Y100.674 E.01662
G1 X112.231 Y99.43 E.04325
G1 X111.865 Y99.065 E.01662
G1 X110.622 Y98.552 E.04325
G1 X110.256 Y98.187 E.01662
G1 X109.744 Y96.943 E.04325
G1 X109.378 Y96.578 E.01662
G1 X108.135 Y96.065 E.04325
G1 X107.769 Y95.7 E.01662
G1 X107.257 Y94.456 E.04325
G1 X106.891 Y94.091 E.01662
G1 X105.648 Y93.578 E.04325
G1 X105.282 Y93.213 E.01662
G1 X104.77 Y91.969 E.04325
G1 X104.404 Y91.604 E.01662
G1 X103.161 Y91.091 E.04325
G1 X102.795 Y90.726 E.01662
G1 X102.283 Y89.482 E.04325
G1 X101.917 Y89.117 E.01662
G1 X100.674 Y88.604 E.04325
G1 X100.308 Y88.239 E.01662
G1 X99.796 Y86.995 E.04325
G1 X99.43 Y86.63 E.01662
G1 X98.187 Y86.117 E.04325
G1 X97.821 Y85.752 E.01662
G1 X97.309 Y84.508 E.04325
G1 X96.943 Y84.143 E.01662
G1 X95.7 Y83.63 E.04325
G1 X95.334 Y83.265 E.01662
G1 X94.822 Y82.021 E.04325
G1 X94.456 Y81.656 E.01662
G1 X93.213 Y81.143 E.04325
G1 X92.847 Y80.778 E.01662
G1 X92.335 Y79.534 E.04325
G1 X91.969 Y79.169 E.01662
G1 X90.726 Y78.656 E.04325
G1 X90.36 Y78.291 E.01662
G1 X89.848 Y77.047 E.04325
G1 X89.482 Y76.682 E.01662
G1 X88.696 Y76.357 E.02736
G1 X87.063 Y76.357 E.05249
G1 X89.55 Y76.357 F18000
G1 F6205.95
G1 X91.183 Y76.357 E.05249
G1 X91.969 Y76.682 E.02736
G1 X92.335 Y77.047 E.01662
G1 X92.847 Y78.291 E.04325
G1 X93.213 Y78.656 E.01662
G1 X94.456 Y79.169 E.04325
G1 X94.822 Y79.534 E.01662
G1 X95.334 Y80.778 E.04325
G1 X95.7 Y81.143 E.01662
G1 X96.943 Y81.656 E.04325
G1 X97.309 Y82.021 E.01662
G1 X97.821 Y83.265 E.04325
G1 X98.187 Y83.63 E.01662
G1 X99.43 Y84.143 E.04325
G1 X99.796 Y84.508 E.01662
G1 X100.308 Y85.752 E.04325
G1 X100.674 Y86.117 E.01662
G1 X101.917 Y86.63 E.04325
G1 X102.283 Y86.995 E.01662
G1 X102.795 Y88.239 E.04325
G1 X103.161 Y88.604 E.01662
G1 X104.404 Y89.117 E.04325
G1 X104.77 Y89.482 E.01662
G1 X105.282 Y90.726 E.04325
G1 X105.648 Y91.091 E.01662
G1 X106.891 Y91.604 E.04325
G1 X107.257 Y91.969 E.01662
G1 X107.769 Y93.213 E.04325
G1 X108.135 Y93.578 E.01662
G1 X109.378 Y94.091 E.04325
G1 X109.744 Y94.456 E.01662
G1 X110.256 Y95.7 E.04325
G1 X110.622 Y96.065 E.01662
G1 X111.865 Y96.578 E.04325
G1 X112.231 Y96.943 E.01662
G1 X112.743 Y98.187 E.04325
G1 X113.109 Y98.552 E.01662
G1 X114.352 Y99.065 E.04325
G1 X114.718 Y99.43 E.01662
G1 X115.23 Y100.674 E.04325
G1 X115.596 Y101.039 E.01662
G1 X116.839 Y101.552 E.04325
G1 X117.205 Y101.917 E.01662
G1 X117.717 Y103.161 E.04325
G1 X118.083 Y103.526 E.01662
G1 X119.326 Y104.039 E.04325
G1 X119.692 Y104.404 E.01662
G1 X120.204 Y105.648 E.04325
G1 X120.57 Y106.013 E.01662
G1 X121.813 Y106.526 E.04325
G1 X122.179 Y106.891 E.01662
G1 X122.691 Y108.135 E.04325
G1 X123.057 Y108.5 E.01662
G1 X124.3 Y109.013 E.04325
G1 X124.666 Y109.378 E.01662
G1 X125.178 Y110.622 E.04325
G1 X125.544 Y110.987 E.01662
G1 X126.787 Y111.5 E.04325
G1 X127.153 Y111.865 E.01662
G1 X127.665 Y113.109 E.04325
G1 X128.031 Y113.474 E.01662
G1 X129.274 Y113.987 E.04325
G1 X129.64 Y114.352 E.01662
G1 X130.152 Y115.596 E.04325
G1 X130.518 Y115.961 E.01662
G1 X131.761 Y116.474 E.04325
G1 X132.127 Y116.839 E.01662
G1 X132.639 Y118.083 E.04325
G1 X133.005 Y118.448 E.01662
G1 X134.248 Y118.961 E.04325
G1 X134.614 Y119.326 E.01662
G1 X135.126 Y120.57 E.04325
G1 X135.492 Y120.935 E.01662
G1 X136.735 Y121.448 E.04325
G1 X137.101 Y121.813 E.01662
G1 X137.613 Y123.057 E.04325
G1 X137.979 Y123.422 E.01662
G1 X139.222 Y123.935 E.04325
G1 X139.588 Y124.3 E.01662
G1 X140.1 Y125.544 E.04325
G1 X140.466 Y125.909 E.01662
G1 X141.709 Y126.422 E.04325
G1 X142.075 Y126.787 E.01662
G1 X142.643 Y128.086 E.04558
G1 X142.643 Y129.797 E.05502
G1 X142.643 Y127.31 F18000
G1 F6205.95
G1 X142.643 Y125.599 E.05502
G1 X142.075 Y124.3 E.04558
G1 X141.709 Y123.935 E.01662
G1 X140.466 Y123.422 E.04325
G1 X140.1 Y123.057 E.01662
G1 X139.588 Y121.813 E.04325
G1 X139.222 Y121.448 E.01662
G1 X137.979 Y120.935 E.04325
G1 X137.613 Y120.57 E.01662
G1 X137.101 Y119.326 E.04325
G1 X136.735 Y118.961 E.01662
G1 X135.492 Y118.448 E.04325
G1 X135.126 Y118.083 E.01662
G1 X134.614 Y116.839 E.04325
G1 X134.248 Y116.474 E.01662
G1 X133.005 Y115.961 E.04325
G1 X132.639 Y115.596 E.01662
G1 X132.127 Y114.352 E.04325
G1 X131.761 Y113.987 E.01662
G1 X130.518 Y113.474 E.04325
G1 X130.152 Y113.109 E.01662
G1 X129.64 Y111.865 E.04325
G1 X129.274 Y111.5 E.01662
G1 X128.031 Y110.987 E.04325
G1 X127.665 Y110.622 E.01662
G1 X127.153 Y109.378 E.04325
G1 X126.787 Y109.013 E.01662
G1 X125.544 Y108.5 E.04325
G1 X125.178 Y108.135 E.01662
G1 X124.666 Y106.891 E.04325
G1 X124.3 Y106.526 E.01662
G1 X123.057 Y106.013 E.04325
G1 X122.691 Y105.648 E.01662
G1 X122.179 Y104.404 E.04325
G1 X121.813 Y104.039 E.01662
G1 X120.57 Y103.526 E.04325
G1 X120.204 Y103.161 E.01662
G1 X119.692 Y101.917 E.04325
G1 X119.326 Y101.552 E.01662
G1 X118.083 Y101.039 E.04325
G1 X117.717 Y100.674 E.01662
G1 X117.205 Y99.43 E.04325
G1 X116.839 Y99.065 E.01662
G1 X115.596 Y98.552 E.04325
G1 X115.23 Y98.187 E.01662
G1 X114.718 Y96.943 E.04325
G1 X114.352 Y96.578 E.01662
G1 X113.109 Y96.065 E.04325
G1 X112.743 Y95.7 E.01662
G1 X112.231 Y94.456 E.04325
G1 X111.865 Y94.091 E.01662
G1 X110.622 Y93.578 E.04325
G1 X110.256 Y93.213 E.01662
G1 X109.744 Y91.969 E.04325
G1 X109.378 Y91.604 E.01662
G1 X108.135 Y91.091 E.04325
G1 X107.769 Y90.726 E.01662
G1 X107.257 Y89.482 E.04325
G1 X106.891 Y89.117 E.01662
G1 X105.648 Y88.604 E.04325
G1 X105.282 Y88.239 E.01662
G1 X104.77 Y86.995 E.04325
G1 X104.404 Y86.63 E.01662
G1 X103.161 Y86.117 E.04325
G1 X102.795 Y85.752 E.01662
G1 X102.283 Y84.508 E.04325
G1 X101.917 Y84.143 E.01662
G1 X100.674 Y83.63 E.04325
G1 X100.308 Y83.265 E.01662
G1 X99.796 Y82.021 E.04325
G1 X99.43 Y81.656 E.01662
G1 X98.187 Y81.143 E.04325
G1 X97.821 Y80.778 E.01662
G1 X97.309 Y79.534 E.04325
G1 X96.943 Y79.169 E.01662
G1 X95.7 Y78.656 E.04325
G1 X95.334 Y78.291 E.01662
G1 X94.822 Y77.047 E.04325
G1 X94.456 Y76.682 E.01662
G1 X93.67 Y76.357 E.02736
G1 X92.037 Y76.357 E.05249
G1 X94.524 Y76.357 F18000
G1 F6205.95
G1 X96.157 Y76.357 E.05249
G1 X96.943 Y76.682 E.02736
G1 X97.309 Y77.047 E.01662
G1 X97.821 Y78.291 E.04325
G1 X98.187 Y78.656 E.01662
G1 X99.43 Y79.169 E.04325
G1 X99.796 Y79.534 E.01662
G1 X100.308 Y80.778 E.04325
G1 X100.674 Y81.143 E.01662
G1 X101.917 Y81.656 E.04325
G1 X102.283 Y82.021 E.01662
G1 X102.795 Y83.265 E.04325
G1 X103.161 Y83.63 E.01662
G1 X104.404 Y84.143 E.04325
G1 X104.77 Y84.508 E.01662
G1 X105.282 Y85.752 E.04325
G1 X105.648 Y86.117 E.01662
G1 X106.891 Y86.63 E.04325
G1 X107.257 Y86.995 E.01662
G1 X107.769 Y88.239 E.04325
G1 X108.135 Y88.604 E.01662
G1 X109.378 Y89.117 E.04325
G1 X109.744 Y89.482 E.01662
G1 X110.256 Y90.726 E.04325
G1 X110.622 Y91.091 E.01662
G1 X111.865 Y91.604 E.04325
G1 X112.231 Y91.969 E.01662
G1 X112.743 Y93.213 E.04325
G1 X113.109 Y93.578 E.01662
G1 X114.352 Y94.091 E.04325
G1 X114.718 Y94.456 E.01662
G1 X115.23 Y95.7 E.04325
G1 X115.596 Y96.065 E.01662
G1 X116.839 Y96.578 E.04325
G1 X117.205 Y96.943 E.01662
G1 X117.717 Y98.187 E.04325
G1 X118.083 Y98.552 E.01662
G1 X119.326 Y99.065 E.04325
G1 X119.692 Y99.43 E.01662
G1 X120.204 Y100.674 E.04325
G1 X120.57 Y101.039 E.01662
G1 X121.813 Y101.552 E.04325
G1 X122.179 Y101.917 E.01662
G1 X122.691 Y103.161 E.04325
G1 X123.057 Y103.526 E.01662
G1 X124.3 Y104.039 E.04325
G1 X124.666 Y104.404 E.01662
G1 X125.178 Y105.648 E.04325
G1 X125.544 Y106.013 E.01662
G1 X126.787 Y106.526 E.04325
G1 X127.153 Y106.891 E.01662
G1 X127.665 Y108.135 E.04325
G1 X128.031 Y108.5 E.01662
G1 X129.274 Y109.013 E.04325
G1 X129.64 Y109.378 E.01662
G1 X130.152 Y110.622 E.04325
G1 X130.518 Y110.987 E.01662
G1 X131.761 Y111.5 E.04325
G1 X132.127 Y111.865 E.01662
G1 X132.639 Y113.109 E.04325
G1 X133.005 Y113.474 E.01662
G1 X134.248 Y113.987 E.04325
G1 X134.614 Y114.352 E.01662
G1 X135.126 Y115.596 E.04325
G1 X135.492 Y115.961 E.01662
G1 X136.735 Y116.474 E.04325
G1 X137.101 Y116.839 E.01662
G1 X137.613 Y118.083 E.04325
G1 X137.979 Y118.448 E.01662
G1 X139.222 Y118.961 E.04325
G1 X139.588 Y119.326 E.01662
G1 X140.1 Y120.57 E.04325
G1 X140.466 Y120.935 E.01662
G1 X141.709 Y121.448 E.04325
G1 X142.075 Y121.813 E.01662
G1 X142.643 Y123.112 E.04558
G1 X142.643 Y124.823 E.05502
G1 X137.542 Y112.08 F18000
G1 F6205.95
G2 X139.979 Y112.815 I1.993 J-2.2 E.08462
G2 X140.466 Y113.474 I1.035 J-.255 E.02704
G1 X141.709 Y113.987 E.04325
G1 X142.075 Y114.352 E.01662
G1 X142.643 Y115.651 E.04558
G1 X142.643 Y117.362 E.05502
G1 X142.643 Y114.875 F18000
G1 F6205.95
G1 X142.643 Y113.164 E.05502
G1 X142.075 Y111.865 E.04558
G1 X141.844 Y111.634 E.01052
G2 X142.356 Y110.061 I-2.671 J-1.741 E.05382
G1 X142.643 Y110.677 E.02185
G1 X142.643 Y108.19 E.07997
G1 X142.075 Y106.891 E.04558
G1 X141.709 Y106.526 E.01662
G1 X140.466 Y106.013 E.04325
G1 X140.1 Y105.648 E.01662
G1 X139.588 Y104.404 E.04325
G1 X139.222 Y104.039 E.01662
G1 X137.979 Y103.526 E.04325
G1 X137.613 Y103.161 E.01662
G1 X137.101 Y101.917 E.04325
G1 X136.735 Y101.552 E.01662
G1 X135.492 Y101.039 E.04325
G1 X135.126 Y100.674 E.01662
G1 X134.614 Y99.43 E.04325
G1 X134.248 Y99.065 E.01662
G1 X133.005 Y98.552 E.04325
G1 X132.639 Y98.187 E.01662
G1 X132.127 Y96.943 E.04325
G1 X131.761 Y96.578 E.01662
G1 X130.518 Y96.065 E.04325
G1 X130.152 Y95.7 E.01662
G1 X129.64 Y94.456 E.04325
G1 X129.274 Y94.091 E.01662
G1 X128.031 Y93.578 E.04325
G1 X127.665 Y93.213 E.01662
G1 X127.153 Y91.969 E.04325
G1 X126.787 Y91.604 E.01662
G1 X125.544 Y91.091 E.04325
G1 X125.178 Y90.726 E.01662
G1 X124.666 Y89.482 E.04325
G1 X124.3 Y89.117 E.01662
G1 X123.057 Y88.604 E.04325
G1 X122.691 Y88.239 E.01662
G1 X122.179 Y86.995 E.04325
G1 X121.813 Y86.63 E.01662
G1 X120.57 Y86.117 E.04325
G1 X120.204 Y85.752 E.01662
G1 X119.692 Y84.508 E.04325
G1 X119.326 Y84.143 E.01662
G1 X118.083 Y83.63 E.04325
G1 X117.717 Y83.265 E.01662
G1 X117.205 Y82.021 E.04325
G1 X116.839 Y81.656 E.01662
G1 X115.596 Y81.143 E.04325
G1 X115.23 Y80.778 E.01662
G1 X114.718 Y79.534 E.04325
G1 X114.352 Y79.169 E.01662
G1 X113.109 Y78.656 E.04325
G1 X112.743 Y78.291 E.01662
G1 X112.231 Y77.047 E.04325
G1 X111.865 Y76.682 E.01662
G1 X111.079 Y76.357 E.02736
G1 X109.446 Y76.357 E.05249
G1 X106.959 Y76.357 F18000
G1 F6205.95
G1 X108.592 Y76.357 E.05249
G1 X109.378 Y76.682 E.02736
G1 X109.744 Y77.047 E.01662
G1 X110.256 Y78.291 E.04325
G1 X110.622 Y78.656 E.01662
G1 X111.865 Y79.169 E.04325
G1 X112.231 Y79.534 E.01662
G1 X112.743 Y80.778 E.04325
G1 X113.109 Y81.143 E.01662
G1 X114.352 Y81.656 E.04325
G1 X114.718 Y82.021 E.01662
G1 X115.23 Y83.265 E.04325
G1 X115.596 Y83.63 E.01662
G1 X116.839 Y84.143 E.04325
G1 X117.205 Y84.508 E.01662
G1 X117.717 Y85.752 E.04325
G1 X118.083 Y86.117 E.01662
G1 X119.326 Y86.63 E.04325
G1 X119.692 Y86.995 E.01662
G1 X120.204 Y88.239 E.04325
G1 X120.57 Y88.604 E.01662
G1 X121.813 Y89.117 E.04325
G1 X122.179 Y89.482 E.01662
G1 X122.691 Y90.726 E.04325
G1 X123.057 Y91.091 E.01662
G1 X124.3 Y91.604 E.04325
G1 X124.666 Y91.969 E.01662
G1 X125.178 Y93.213 E.04325
G1 X125.544 Y93.578 E.01662
G1 X126.787 Y94.091 E.04325
G1 X127.153 Y94.456 E.01662
G1 X127.665 Y95.7 E.04325
G1 X128.031 Y96.065 E.01662
G1 X129.274 Y96.578 E.04325
G1 X129.64 Y96.943 E.01662
G1 X130.152 Y98.187 E.04325
G1 X130.518 Y98.552 E.01662
G1 X131.761 Y99.065 E.04325
G1 X132.127 Y99.43 E.01662
G1 X132.639 Y100.674 E.04325
G1 X133.005 Y101.039 E.01662
G1 X134.248 Y101.552 E.04325
G1 X134.614 Y101.917 E.01662
G1 X135.126 Y103.161 E.04325
G1 X135.492 Y103.526 E.01662
G1 X136.735 Y104.039 E.04325
G1 X137.101 Y104.404 E.01662
G1 X137.613 Y105.648 E.04325
G1 X137.979 Y106.013 E.01662
G1 X139.222 Y106.526 E.04325
G3 X139.696 Y107.153 I-.517 J.882 E.02594
G3 X142.352 Y109.858 I-.192 J2.845 E.13333
G1 X142.643 Y107.414 F18000
G1 F6205.95
G1 X142.643 Y105.703 E.05502
G1 X142.075 Y104.404 E.04558
G1 X141.709 Y104.039 E.01662
G1 X140.466 Y103.526 E.04325
G1 X140.1 Y103.161 E.01662
G1 X139.588 Y101.917 E.04325
G1 X139.222 Y101.552 E.01662
G1 X137.979 Y101.039 E.04325
G1 X137.613 Y100.674 E.01662
G1 X137.101 Y99.43 E.04325
G1 X136.735 Y99.065 E.01662
G1 X135.492 Y98.552 E.04325
G1 X135.126 Y98.187 E.01662
G1 X134.614 Y96.943 E.04325
G1 X134.248 Y96.578 E.01662
G1 X133.005 Y96.065 E.04325
G1 X132.639 Y95.7 E.01662
G1 X132.127 Y94.456 E.04325
G1 X131.761 Y94.091 E.01662
G1 X130.518 Y93.578 E.04325
G1 X130.152 Y93.213 E.01662
G1 X129.64 Y91.969 E.04325
G1 X129.274 Y91.604 E.01662
G1 X128.031 Y91.091 E.04325
G1 X127.665 Y90.726 E.01662
G1 X127.153 Y89.482 E.04325
G1 X126.787 Y89.117 E.01662
G1 X125.544 Y88.604 E.04325
G1 X125.178 Y88.239 E.01662
G1 X124.666 Y86.995 E.04325
G1 X124.3 Y86.63 E.01662
G1 X123.057 Y86.117 E.04325
G1 X122.691 Y85.752 E.01662
G1 X122.179 Y84.508 E.04325
G1 X121.813 Y84.143 E.01662
G1 X120.57 Y83.63 E.04325
G1 X120.204 Y83.265 E.01662
G1 X119.692 Y82.021 E.04325
G1 X119.326 Y81.656 E.01662
G1 X118.083 Y81.143 E.04325
G1 X117.717 Y80.778 E.01662
G1 X117.205 Y79.534 E.04325
G1 X116.839 Y79.169 E.01662
G1 X115.596 Y78.656 E.04325
G1 X115.23 Y78.291 E.01662
G1 X114.718 Y77.047 E.04325
G1 X114.352 Y76.682 E.01662
G1 X113.566 Y76.357 E.02736
G1 X111.933 Y76.357 E.05249
G1 X114.42 Y76.357 F18000
G1 F6205.95
G1 X116.053 Y76.357 E.05249
G1 X116.839 Y76.682 E.02736
G1 X117.205 Y77.047 E.01662
G1 X117.717 Y78.291 E.04325
G1 X118.083 Y78.656 E.01662
G1 X119.326 Y79.169 E.04325
G1 X119.692 Y79.534 E.01662
G1 X120.204 Y80.778 E.04325
G1 X120.57 Y81.143 E.01662
G1 X121.813 Y81.656 E.04325
G1 X122.179 Y82.021 E.01662
G1 X122.691 Y83.265 E.04325
G1 X123.057 Y83.63 E.01662
G1 X124.3 Y84.143 E.04325
G1 X124.666 Y84.508 E.01662
G1 X125.178 Y85.752 E.04325
G1 X125.544 Y86.117 E.01662
G1 X126.787 Y86.63 E.04325
G1 X127.153 Y86.995 E.01662
G1 X127.665 Y88.239 E.04325
G1 X128.031 Y88.604 E.01662
G1 X129.274 Y89.117 E.04325
G1 X129.64 Y89.482 E.01662
G1 X130.152 Y90.726 E.04325
G1 X130.518 Y91.091 E.01662
G1 X131.761 Y91.604 E.04325
G1 X132.127 Y91.969 E.01662
G1 X132.639 Y93.213 E.04325
G1 X133.005 Y93.578 E.01662
G1 X134.248 Y94.091 E.04325
G1 X134.614 Y94.456 E.01662
G1 X135.126 Y95.7 E.04325
G1 X135.492 Y96.065 E.01662
G1 X136.735 Y96.578 E.04325
G1 X137.101 Y96.943 E.01662
G1 X137.613 Y98.187 E.04325
G1 X137.979 Y98.552 E.01662
G1 X139.222 Y99.065 E.04325
G1 X139.588 Y99.43 E.01662
G1 X140.1 Y100.674 E.04325
G1 X140.466 Y101.039 E.01662
G1 X141.709 Y101.552 E.04325
G1 X142.075 Y101.917 E.01662
G1 X142.643 Y103.216 E.04558
G1 X142.643 Y104.927 E.05502
G1 X142.643 Y102.44 F18000
G1 F6205.95
G1 X142.643 Y100.729 E.05502
G1 X142.075 Y99.43 E.04558
G1 X141.709 Y99.065 E.01662
G1 X140.466 Y98.552 E.04325
G1 X140.1 Y98.187 E.01662
G1 X139.588 Y96.943 E.04325
G1 X139.222 Y96.578 E.01662
G1 X137.979 Y96.065 E.04325
G1 X137.613 Y95.7 E.01662
G1 X137.101 Y94.456 E.04325
G1 X136.735 Y94.091 E.01662
G1 X135.492 Y93.578 E.04325
G1 X135.126 Y93.213 E.01662
G1 X134.614 Y91.969 E.04325
G1 X134.248 Y91.604 E.01662
G1 X133.005 Y91.091 E.04325
G1 X132.639 Y90.726 E.01662
G1 X132.127 Y89.482 E.04325
G1 X131.761 Y89.117 E.01662
G1 X130.518 Y88.604 E.04325
G1 X130.152 Y88.239 E.01662
G1 X129.64 Y86.995 E.04325
G1 X129.274 Y86.63 E.01662
G1 X128.031 Y86.117 E.04325
G1 X127.665 Y85.752 E.01662
G1 X127.153 Y84.508 E.04325
G1 X126.787 Y84.143 E.01662
G1 X125.544 Y83.63 E.04325
G1 X125.178 Y83.265 E.01662
G1 X124.666 Y82.021 E.04325
G1 X124.3 Y81.656 E.01662
G1 X123.057 Y81.143 E.04325
G1 X122.691 Y80.778 E.01662
G1 X122.179 Y79.534 E.04325
G1 X121.813 Y79.169 E.01662
G1 X120.57 Y78.656 E.04325
G1 X120.204 Y78.291 E.01662
G1 X119.692 Y77.047 E.04325
G1 X119.326 Y76.682 E.01662
G1 X118.54 Y76.357 E.02736
G1 X116.907 Y76.357 E.05249
G1 X119.394 Y76.357 F18000
G1 F6205.95
G1 X121.027 Y76.357 E.05249
G1 X121.813 Y76.682 E.02736
G1 X122.179 Y77.047 E.01662
G1 X122.691 Y78.291 E.04325
G1 X123.057 Y78.656 E.01662
G1 X124.3 Y79.169 E.04325
G1 X124.666 Y79.534 E.01662
G1 X125.178 Y80.778 E.04325
G1 X125.544 Y81.143 E.01662
G1 X126.787 Y81.656 E.04325
G1 X127.153 Y82.021 E.01662
G1 X127.665 Y83.265 E.04325
G1 X128.031 Y83.63 E.01662
G1 X129.274 Y84.143 E.04325
G1 X129.64 Y84.508 E.01662
G1 X130.152 Y85.752 E.04325
G1 X130.518 Y86.117 E.01662
G1 X131.761 Y86.63 E.04325
G1 X132.127 Y86.995 E.01662
G1 X132.639 Y88.239 E.04325
G1 X133.005 Y88.604 E.01662
G1 X134.248 Y89.117 E.04325
G1 X134.614 Y89.482 E.01662
G1 X135.126 Y90.726 E.04325
G1 X135.492 Y91.091 E.01662
G1 X136.735 Y91.604 E.04325
G1 X137.101 Y91.969 E.01662
G1 X137.613 Y93.213 E.04325
G1 X137.979 Y93.578 E.01662
G1 X139.222 Y94.091 E.04325
G1 X139.588 Y94.456 E.01662
G1 X140.1 Y95.7 E.04325
G1 X140.466 Y96.065 E.01662
G1 X141.709 Y96.578 E.04325
G1 X142.075 Y96.943 E.01662
G1 X142.643 Y98.242 E.04558
G1 X142.643 Y99.953 E.05502
G1 X142.643 Y97.466 F18000
G1 F6205.95
G1 X142.643 Y95.755 E.05502
G1 X142.075 Y94.456 E.04558
G1 X141.709 Y94.091 E.01662
G1 X140.466 Y93.578 E.04325
G1 X140.1 Y93.213 E.01662
G1 X139.588 Y91.969 E.04325
G1 X139.222 Y91.604 E.01662
G1 X137.979 Y91.091 E.04325
G1 X137.613 Y90.726 E.01662
G1 X137.101 Y89.482 E.04325
G1 X136.735 Y89.117 E.01662
G1 X135.492 Y88.604 E.04325
G1 X135.126 Y88.239 E.01662
G1 X134.614 Y86.995 E.04325
G1 X134.248 Y86.63 E.01662
G1 X133.005 Y86.117 E.04325
G1 X132.639 Y85.752 E.01662
G1 X132.127 Y84.508 E.04325
G1 X131.761 Y84.143 E.01662
G1 X130.518 Y83.63 E.04325
G1 X130.152 Y83.265 E.01662
G1 X129.64 Y82.021 E.04325
G1 X129.274 Y81.656 E.01662
G1 X128.031 Y81.143 E.04325
G1 X127.665 Y80.778 E.01662
G1 X127.153 Y79.534 E.04325
G1 X126.787 Y79.169 E.01662
G1 X125.544 Y78.656 E.04325
G1 X125.178 Y78.291 E.01662
G1 X124.666 Y77.047 E.04325
G1 X124.3 Y76.682 E.01662
G1 X123.514 Y76.357 E.02736
G1 X121.881 Y76.357 E.05249
G1 X124.368 Y76.357 F18000
G1 F6205.95
G1 X126.001 Y76.357 E.05249
G1 X126.787 Y76.682 E.02736
G1 X127.153 Y77.047 E.01662
G1 X127.665 Y78.291 E.04325
G1 X128.031 Y78.656 E.01662
G1 X129.274 Y79.169 E.04325
G1 X129.64 Y79.534 E.01662
G1 X130.152 Y80.778 E.04325
G1 X130.518 Y81.143 E.01662
G1 X131.761 Y81.656 E.04325
G1 X132.127 Y82.021 E.01662
G1 X132.639 Y83.265 E.04325
G1 X133.005 Y83.63 E.01662
G1 X134.248 Y84.143 E.04325
G1 X134.614 Y84.508 E.01662
G1 X135.126 Y85.752 E.04325
G1 X135.492 Y86.117 E.01662
G1 X136.735 Y86.63 E.04325
G1 X137.101 Y86.995 E.01662
G1 X137.613 Y88.239 E.04325
G1 X137.979 Y88.604 E.01662
G1 X139.222 Y89.117 E.04325
G1 X139.588 Y89.482 E.01662
G1 X140.1 Y90.726 E.04325
G1 X140.466 Y91.091 E.01662
G1 X141.709 Y91.604 E.04325
G1 X142.075 Y91.969 E.01662
G1 X142.643 Y93.268 E.04558
G1 X142.643 Y94.979 E.05502
G1 X142.643 Y92.492 F18000
G1 F6205.95
G1 X142.643 Y90.781 E.05502
G1 X142.075 Y89.482 E.04558
G1 X141.709 Y89.117 E.01662
G1 X140.466 Y88.604 E.04325
G1 X140.1 Y88.239 E.01662
G1 X139.588 Y86.995 E.04325
G1 X139.222 Y86.63 E.01662
G1 X137.979 Y86.117 E.04325
G1 X137.613 Y85.752 E.01662
G1 X137.101 Y84.508 E.04325
G1 X136.735 Y84.143 E.01662
G1 X135.492 Y83.63 E.04325
G1 X135.126 Y83.265 E.01662
G1 X134.614 Y82.021 E.04325
G1 X134.248 Y81.656 E.01662
G1 X133.005 Y81.143 E.04325
G1 X132.639 Y80.778 E.01662
G1 X132.127 Y79.534 E.04325
G1 X131.761 Y79.169 E.01662
G1 X130.518 Y78.656 E.04325
G1 X130.152 Y78.291 E.01662
G1 X129.64 Y77.047 E.04325
G1 X129.274 Y76.682 E.01662
G1 X128.488 Y76.357 E.02736
G1 X126.855 Y76.357 E.05249
G1 X129.342 Y76.357 F18000
G1 F6205.95
G1 X130.975 Y76.357 E.05249
G1 X131.761 Y76.682 E.02736
G1 X132.127 Y77.047 E.01662
G1 X132.639 Y78.291 E.04325
G1 X133.005 Y78.656 E.01662
G1 X134.248 Y79.169 E.04325
G1 X134.614 Y79.534 E.01662
G1 X135.126 Y80.778 E.04325
G1 X135.492 Y81.143 E.01662
G1 X136.735 Y81.656 E.04325
G1 X137.101 Y82.021 E.01662
G1 X137.613 Y83.265 E.04325
G1 X137.979 Y83.63 E.01662
G1 X139.222 Y84.143 E.04325
G1 X139.588 Y84.508 E.01662
G1 X140.1 Y85.752 E.04325
G1 X140.466 Y86.117 E.01662
G1 X141.709 Y86.63 E.04325
G1 X142.075 Y86.995 E.01662
G1 X142.643 Y88.294 E.04558
G1 X142.643 Y90.005 E.05502
G1 X142.643 Y87.518 F18000
G1 F6205.95
G1 X142.643 Y85.807 E.05502
G1 X142.075 Y84.508 E.04558
G1 X141.709 Y84.143 E.01662
G1 X140.466 Y83.63 E.04325
G1 X140.1 Y83.265 E.01662
G1 X139.588 Y82.021 E.04325
G1 X139.222 Y81.656 E.01662
G1 X137.979 Y81.143 E.04325
G1 X137.613 Y80.778 E.01662
G1 X137.101 Y79.534 E.04325
G1 X136.735 Y79.169 E.01662
G1 X135.492 Y78.656 E.04325
G1 X135.126 Y78.291 E.01662
G1 X134.614 Y77.047 E.04325
G1 X134.248 Y76.682 E.01662
G1 X133.462 Y76.357 E.02736
G1 X131.829 Y76.357 E.05249
G1 X134.316 Y76.357 F18000
G1 F6205.95
G1 X135.949 Y76.357 E.05249
G1 X136.735 Y76.682 E.02736
G1 X137.101 Y77.047 E.01662
G1 X137.613 Y78.291 E.04325
G1 X137.979 Y78.656 E.01662
G1 X139.222 Y79.169 E.04325
G1 X139.588 Y79.534 E.01662
G1 X140.1 Y80.778 E.04325
G1 X140.466 Y81.143 E.01662
G1 X141.709 Y81.656 E.04325
G1 X142.075 Y82.021 E.01662
G1 X142.643 Y83.32 E.04558
G1 X142.643 Y85.031 E.05502
G1 X142.643 Y82.544 F18000
G1 F6205.95
G1 X142.643 Y80.833 E.05502
G1 X142.075 Y79.534 E.04558
G1 X141.709 Y79.169 E.01662
G1 X140.466 Y78.656 E.04325
G1 X140.1 Y78.291 E.01662
G1 X139.588 Y77.047 E.04325
G1 X139.222 Y76.682 E.01662
G1 X138.436 Y76.357 E.02736
G1 X136.803 Y76.357 E.05249
G1 X139.291 Y76.357 F18000
G1 F6205.95
G1 X140.923 Y76.357 E.05249
G1 X141.709 Y76.682 E.02736
G1 X142.075 Y77.047 E.01662
G1 X142.643 Y78.346 E.04558
G1 X142.643 Y80.057 E.05502
G1 X104.472 Y76.357 F18000
G1 F6205.95
G1 X106.105 Y76.357 E.05249
G1 X106.891 Y76.682 E.02736
G1 X107.257 Y77.047 E.01662
G1 X107.769 Y78.291 E.04325
G1 X108.135 Y78.656 E.01662
G1 X109.378 Y79.169 E.04325
G1 X109.744 Y79.534 E.01662
G1 X110.256 Y80.778 E.04325
G1 X110.622 Y81.143 E.01662
G1 X111.865 Y81.656 E.04325
G1 X112.231 Y82.021 E.01662
G1 X112.743 Y83.265 E.04325
G1 X113.109 Y83.63 E.01662
G1 X114.352 Y84.143 E.04325
G1 X114.718 Y84.508 E.01662
G1 X115.23 Y85.752 E.04325
G1 X115.596 Y86.117 E.01662
G1 X116.839 Y86.63 E.04325
G1 X117.205 Y86.995 E.01662
G1 X117.717 Y88.239 E.04325
G1 X118.083 Y88.604 E.01662
G1 X119.326 Y89.117 E.04325
G1 X119.692 Y89.482 E.01662
G1 X120.204 Y90.726 E.04325
G1 X120.57 Y91.091 E.01662
G1 X121.813 Y91.604 E.04325
G1 X122.179 Y91.969 E.01662
G1 X122.691 Y93.213 E.04325
G1 X123.057 Y93.578 E.01662
G1 X124.3 Y94.091 E.04325
G1 X124.666 Y94.456 E.01662
G1 X125.178 Y95.7 E.04325
G1 X125.544 Y96.065 E.01662
G1 X126.787 Y96.578 E.04325
G1 X127.153 Y96.943 E.01662
G1 X127.665 Y98.187 E.04325
G1 X128.031 Y98.552 E.01662
G1 X129.274 Y99.065 E.04325
G1 X129.64 Y99.43 E.01662
G1 X130.152 Y100.674 E.04325
G1 X130.518 Y101.039 E.01662
G1 X131.761 Y101.552 E.04325
G1 X132.127 Y101.917 E.01662
G1 X132.639 Y103.161 E.04325
G1 X133.005 Y103.526 E.01662
G1 X134.248 Y104.039 E.04325
G1 X134.614 Y104.404 E.01662
G1 X135.126 Y105.648 E.04325
G1 X135.492 Y106.013 E.01662
G1 X136.735 Y106.526 E.04325
G1 X137.101 Y106.891 E.01662
G1 X137.53 Y107.932 E.03619
G2 X136.797 Y109.074 I2.011 J2.097 E.04405
G1 X135.492 Y108.5 E.04584
G1 X135.126 Y108.135 E.01662
G1 X134.614 Y106.891 E.04325
G1 X134.248 Y106.526 E.01662
G1 X133.005 Y106.013 E.04325
G1 X132.639 Y105.648 E.01662
G1 X132.127 Y104.404 E.04325
G1 X131.761 Y104.039 E.01662
G1 X130.518 Y103.526 E.04325
G1 X130.152 Y103.161 E.01662
G1 X129.64 Y101.917 E.04325
G1 X129.274 Y101.552 E.01662
G1 X128.031 Y101.039 E.04325
G1 X127.665 Y100.674 E.01662
G1 X127.153 Y99.43 E.04325
G1 X126.787 Y99.065 E.01662
G1 X125.544 Y98.552 E.04325
G1 X125.178 Y98.187 E.01662
G1 X124.666 Y96.943 E.04325
G1 X124.3 Y96.578 E.01662
G1 X123.057 Y96.065 E.04325
G1 X122.691 Y95.7 E.01662
G1 X122.179 Y94.456 E.04325
G1 X121.813 Y94.091 E.01662
G1 X120.57 Y93.578 E.04325
G1 X120.204 Y93.213 E.01662
G1 X119.692 Y91.969 E.04325
G1 X119.326 Y91.604 E.01662
G1 X118.083 Y91.091 E.04325
G1 X117.717 Y90.726 E.01662
G1 X117.205 Y89.482 E.04325
G1 X116.839 Y89.117 E.01662
G1 X115.596 Y88.604 E.04325
G1 X115.23 Y88.239 E.01662
G1 X114.718 Y86.995 E.04325
G1 X114.352 Y86.63 E.01662
G1 X113.109 Y86.117 E.04325
G1 X112.743 Y85.752 E.01662
G1 X112.231 Y84.508 E.04325
G1 X111.865 Y84.143 E.01662
G1 X110.622 Y83.63 E.04325
G1 X110.256 Y83.265 E.01662
G1 X109.744 Y82.021 E.04325
G1 X109.378 Y81.656 E.01662
G1 X108.135 Y81.143 E.04325
G1 X107.769 Y80.778 E.01662
G1 X107.257 Y79.534 E.04325
G1 X106.891 Y79.169 E.01662
G1 X105.648 Y78.656 E.04325
G1 X105.282 Y78.291 E.01662
G1 X104.77 Y77.047 E.04325
G1 X104.404 Y76.682 E.01662
G1 X103.618 Y76.357 E.02736
G1 X101.985 Y76.357 E.05249
G1 X99.498 Y76.357 F18000
G1 F6205.95
G1 X101.131 Y76.357 E.05249
G1 X101.917 Y76.682 E.02736
G1 X102.283 Y77.047 E.01662
G1 X102.795 Y78.291 E.04325
G1 X103.161 Y78.656 E.01662
G1 X104.404 Y79.169 E.04325
G1 X104.77 Y79.534 E.01662
G1 X105.282 Y80.778 E.04325
G1 X105.648 Y81.143 E.01662
G1 X106.891 Y81.656 E.04325
G1 X107.257 Y82.021 E.01662
G1 X107.769 Y83.265 E.04325
G1 X108.135 Y83.63 E.01662
G1 X109.378 Y84.143 E.04325
G1 X109.744 Y84.508 E.01662
G1 X110.256 Y85.752 E.04325
G1 X110.622 Y86.117 E.01662
G1 X111.865 Y86.63 E.04325
G1 X112.231 Y86.995 E.01662
G1 X112.743 Y88.239 E.04325
G1 X113.109 Y88.604 E.01662
G1 X114.352 Y89.117 E.04325
G1 X114.718 Y89.482 E.01662
G1 X115.23 Y90.726 E.04325
G1 X115.596 Y91.091 E.01662
G1 X116.839 Y91.604 E.04325
G1 X117.205 Y91.969 E.01662
G1 X117.717 Y93.213 E.04325
G1 X118.083 Y93.578 E.01662
G1 X119.326 Y94.091 E.04325
G1 X119.692 Y94.456 E.01662
G1 X120.204 Y95.7 E.04325
G1 X120.57 Y96.065 E.01662
G1 X121.813 Y96.578 E.04325
G1 X122.179 Y96.943 E.01662
G1 X122.691 Y98.187 E.04325
G1 X123.057 Y98.552 E.01662
G1 X124.3 Y99.065 E.04325
G1 X124.666 Y99.43 E.01662
G1 X125.178 Y100.674 E.04325
G1 X125.544 Y101.039 E.01662
G1 X126.787 Y101.552 E.04325
G1 X127.153 Y101.917 E.01662
G1 X127.665 Y103.161 E.04325
G1 X128.031 Y103.526 E.01662
G1 X129.274 Y104.039 E.04325
G1 X129.64 Y104.404 E.01662
G1 X130.152 Y105.648 E.04325
G1 X130.518 Y106.013 E.01662
G1 X131.761 Y106.526 E.04325
G1 X132.127 Y106.891 E.01662
G1 X132.639 Y108.135 E.04325
G1 X133.005 Y108.5 E.01662
G1 X134.248 Y109.013 E.04325
G1 X134.614 Y109.378 E.01662
G1 X135.126 Y110.622 E.04325
G1 X135.492 Y110.987 E.01662
G1 X136.735 Y111.5 E.04325
G1 X137.101 Y111.865 E.01662
G1 X137.613 Y113.109 E.04325
G1 X137.979 Y113.474 E.01662
G1 X139.222 Y113.987 E.04325
G1 X139.588 Y114.352 E.01662
G1 X140.1 Y115.596 E.04325
G1 X140.466 Y115.961 E.01662
G1 X141.709 Y116.474 E.04325
G1 X142.075 Y116.839 E.01662
G1 X142.643 Y118.138 E.04558
G1 X142.643 Y119.849 E.05502
G1 X142.643 Y122.336 F18000
G1 F6205.95
G1 X142.643 Y120.625 E.05502
G1 X142.075 Y119.326 E.04558
G1 X141.709 Y118.961 E.01662
G1 X140.466 Y118.448 E.04325
G1 X140.1 Y118.083 E.01662
G1 X139.588 Y116.839 E.04325
G1 X139.222 Y116.474 E.01662
G1 X137.979 Y115.961 E.04325
G1 X137.613 Y115.596 E.01662
G1 X137.101 Y114.352 E.04325
G1 X136.735 Y113.987 E.01662
G1 X135.492 Y113.474 E.04325
G1 X135.126 Y113.109 E.01662
G1 X134.614 Y111.865 E.04325
G1 X134.248 Y111.5 E.01662
G1 X133.005 Y110.987 E.04325
G1 X132.639 Y110.622 E.01662
G1 X132.127 Y109.378 E.04325
G1 X131.761 Y109.013 E.01662
G1 X130.518 Y108.5 E.04325
G1 X130.152 Y108.135 E.01662
G1 X129.64 Y106.891 E.04325
G1 X129.274 Y106.526 E.01662
G1 X128.031 Y106.013 E.04325
G1 X127.665 Y105.648 E.01662
G1 X127.153 Y104.404 E.04325
G1 X126.787 Y104.039 E.01662
G1 X125.544 Y103.526 E.04325
G1 X125.178 Y103.161 E.01662
G1 X124.666 Y101.917 E.04325
G1 X124.3 Y101.552 E.01662
G1 X123.057 Y101.039 E.04325
G1 X122.691 Y100.674 E.01662
G1 X122.179 Y99.43 E.04325
G1 X121.813 Y99.065 E.01662
G1 X120.57 Y98.552 E.04325
G1 X120.204 Y98.187 E.01662
G1 X119.692 Y96.943 E.04325
G1 X119.326 Y96.578 E.01662
G1 X118.083 Y96.065 E.04325
G1 X117.717 Y95.7 E.01662
G1 X117.205 Y94.456 E.04325
G1 X116.839 Y94.091 E.01662
G1 X115.596 Y93.578 E.04325
G1 X115.23 Y93.213 E.01662
G1 X114.718 Y91.969 E.04325
G1 X114.352 Y91.604 E.01662
G1 X113.109 Y91.091 E.04325
G1 X112.743 Y90.726 E.01662
G1 X112.231 Y89.482 E.04325
G1 X111.865 Y89.117 E.01662
G1 X110.622 Y88.604 E.04325
G1 X110.256 Y88.239 E.01662
G1 X109.744 Y86.995 E.04325
G1 X109.378 Y86.63 E.01662
G1 X108.135 Y86.117 E.04325
G1 X107.769 Y85.752 E.01662
G1 X107.257 Y84.508 E.04325
G1 X106.891 Y84.143 E.01662
G1 X105.648 Y83.63 E.04325
G1 X105.282 Y83.265 E.01662
G1 X104.77 Y82.021 E.04325
G1 X104.404 Y81.656 E.01662
G1 X103.161 Y81.143 E.04325
G1 X102.795 Y80.778 E.01662
G1 X102.283 Y79.534 E.04325
G1 X101.917 Y79.169 E.01662
G1 X100.674 Y78.656 E.04325
G1 X100.308 Y78.291 E.01662
G1 X99.796 Y77.047 E.04325
G1 X99.43 Y76.682 E.01662
G1 X98.644 Y76.357 E.02736
G1 X97.011 Y76.357 E.05249
; stop printing object esp32_pod_lid.stl id:0 copy 0
;LAYER_CHANGE
;Z:12.44
;HEIGHT:0.2
G92 E0 ; zero the extruded length again
; BEFORE_LAYER_CHANGE 61 @ 12.44mm
G1 E-1.75 F6000
;WIPE_START
G1 F6205.95
G1 X98.011 Y76.357 E-.75
;WIPE_END
; AFTER_LAYER_CHANGE 61 @ 12.44mm
;_SET_FAN_SPEED_CHANGING_LAYER
; printing object esp32_pod_lid.stl id:0 copy 0
G17
G3 Z12.64 I.608 J0 P1  F18000
G1 X98.011 Y75.611 Z12.64
G1 X140.984 Y144.389
G1 X140.984 Y144.389
G1 X140.995 Y144.79
G1 Z12.44
G1 E2.5 F6000
M204 P1000
;TYPE:Outer wall
;WIDTH:0.42
G1 F3600
G1 X79.005 Y144.79 E1.84644
G3 X76.21 Y141.995 I.004 J-2.8 E.13074
G1 X76.21 Y78.005 E1.90602
G3 X79.005 Y75.21 I2.8 J.005 E.13074
G1 X140.995 Y75.21 E1.84644
G1 X141.292 Y75.226 E.00886
G3 X143.79 Y78.005 I-.294 J2.777 E.12197
G1 X143.79 Y141.995 E1.90601
G3 X141.054 Y144.789 I-2.8 J-.004 E.12895
G1 X141.034 Y144.387 F18000
G1 X140.984 Y144.389
G1 X140.984 Y144.389
G1 X140.984 Y144.398
M204 P1500
;TYPE:Inner wall
;WIDTH:0.45
G1 F6000
G1 X79.016 Y144.398 E1.99268
G3 X76.602 Y141.984 I-.006 J-2.408 E.122
G1 X76.602 Y78.016 E2.057
G3 X79.016 Y75.602 I2.408 J-.006 E.12199
G1 X140.984 Y75.602 E1.99268
G1 X141.251 Y75.616 E.00857
G3 X143.398 Y78.016 I-.259 J2.392 E.11345
G1 X143.398 Y141.984 E2.05699
G3 X141.044 Y144.397 I-2.408 J.006 E.12007
G1 X140.974 Y143.991 F18000
G1 F6000
G1 X79.026 Y143.991 E1.992
G3 X77.009 Y141.974 I-.016 J-2.001 E.10212
G1 X77.009 Y78.026 E2.05631
G3 X79.026 Y76.009 I2.001 J-.016 E.10212
G1 X140.974 Y76.009 E1.992
G1 X141.208 Y76.021 E.00754
G3 X142.991 Y78.026 I-.241 J2.01 E.09432
G1 X142.991 Y141.974 E2.05631
G3 X141.034 Y143.99 I-2.001 J.016 E.10019
G1 E-1.75
;WIPE_START
G1 X140.034 Y143.99 E-.75
;WIPE_END
G1 X140.034 Y144.389 Z12.64 F18000
G1 X139.542 Y112.109
G1 X139.521 Y111.708
G1 Z12.44
G1 E2.5 F6000
M204 P1000
;TYPE:Outer wall
;WIDTH:0.42
G1 F3600
G1 X139.856 Y111.674 E.01002
G2 X139.856 Y108.327 I-.347 J-1.673 E.13912
G2 X139.435 Y108.293 I-.359 J1.822 E.0126
G2 X139.461 Y111.709 I.074 J1.707 E.15631
G1 X139.44 Y112.109 F18000
G1 X139.5 Y112.112
G1 X139.538 Y112.11
G1 X139.537 Y112.099
M204 P1500
;TYPE:Inner wall
;WIDTH:0.45
G1 F6000
G1 X139.937 Y112.057 E.01293
G2 X140.15 Y108 I-.429 J-2.057 E.17736
G2 X139.414 Y107.901 I-.767 J2.933 E.02393
G2 X139.477 Y112.101 I.094 J2.099 E.20827
G1 X139.539 Y112.509 F18000
G1 F6000
G1 X139.762 Y112.496 E.00718
G2 X140.276 Y107.612 I-.253 J-2.495 E.22019
G2 X139.393 Y107.495 I-.757 J2.317 E.0288
G2 X139.479 Y112.509 I.116 J2.506 E.24868
G1 E-1.75
;WIPE_START
G1 X139.762 Y112.496 E-.21229
G1 X140.022 Y112.456 E-.19714
G1 X140.276 Y112.388 E-.19712
G1 X140.454 Y112.319 E-.14346
;WIPE_END
G1 X140.312 Y111.947 Z12.64 F18000
G1 X81.723 Y111.721
G1 X81.556 Y111.829
G1 X81.359 Y111.929
G1 X81.153 Y112.008
G1 X80.939 Y112.066
G1 X80.721 Y112.1
G1 X80.542 Y112.109
G1 X80.521 Y111.708
G1 Z12.44
G1 E2.5 F6000
M204 P1000
;TYPE:Outer wall
;WIDTH:0.42
G1 F3600
G1 X80.856 Y111.674 E.01002
G2 X80.856 Y108.327 I-.347 J-1.673 E.13912
G2 X80.435 Y108.293 I-.359 J1.822 E.0126
G2 X80.461 Y111.709 I.074 J1.707 E.15631
G1 X80.44 Y112.109 F18000
G1 X80.5 Y112.112
G1 X80.538 Y112.11
G1 X80.537 Y112.099
M204 P1500
;TYPE:Inner wall
;WIDTH:0.45
G1 F6000
G1 X80.937 Y112.057 E.01293
G2 X81.15 Y108 I-.429 J-2.057 E.17736
G2 X80.414 Y107.901 I-.767 J2.933 E.02393
G2 X80.477 Y112.101 I.094 J2.099 E.20827
G1 X80.539 Y112.509 F18000
G1 F6000
G1 X80.762 Y112.496 E.00718
G2 X81.276 Y107.612 I-.253 J-2.495 E.22019
G2 X80.393 Y107.495 I-.757 J2.317 E.0288
G2 X80.479 Y112.509 I.116 J2.506 E.24868
G1 E-1.75
;WIPE_START
G1 X80.762 Y112.496 E-.21228
G1 X81.022 Y112.456 E-.19714
G1 X81.276 Y112.388 E-.19712
G1 X81.454 Y112.319 E-.14346
;WIPE_END
G1 X81.312 Y111.947 Z12.64 F18000
G1 X83.574 Y128.675
G1 X83.68 Y129.343
G1 X83.855 Y129.997
G1 X84.097 Y130.628
G1 X84.404 Y131.231
G1 X84.772 Y131.798
G1 X85.198 Y132.324
G1 X85.676 Y132.802
G1 X86.202 Y133.228
G1 X86.769 Y133.596
G1 X87.372 Y133.903
G1 X88.003 Y134.145
G1 X88.657 Y134.32
G1 X89.325 Y134.426
G1 X90 Y134.462
G1 X90.023 Y134.46
G1 X90.002 Y134.06
G1 Z12.44
G1 E2.5 F6000
M204 P1000
;TYPE:Outer wall
;WIDTH:0.42
G1 F3600
G1 X90.633 Y134.019 E.01883
G2 X90 Y121.94 I-.633 J-6.023 E.54784
G1 X89.367 Y121.973 E.01889
G2 X89.948 Y134.052 I.633 J6.023 E.5463
G1 X89.927 Y134.458 F18000
G1 X89.981 Y134.461
G1 X89.981 Y134.452
M204 P1500
;TYPE:Inner wall
;WIDTH:0.45
G1 F6000
G1 X90 Y134.444 E.00066
G2 X90 Y121.547 I0 J-6.449 E.65144
G1 X89.325 Y121.582 E.02172
G2 X89.326 Y134.409 I.674 J6.413 E.60804
G1 X89.921 Y134.448 E.01917
G1 X89.961 Y134.859 F18000
G1 F6000
G1 X90 Y134.851 E.00126
G2 X90 Y121.139 I0 J-6.856 E.69259
G1 X89.283 Y121.177 E.02309
G2 X89.284 Y134.814 I.717 J6.818 E.64644
G1 X89.902 Y134.855 E.01991
G1 X89.132 Y143.643 F18000
M204 P2000
;TYPE:Sparse infill
G1 F6205.95
G1 X91.415 Y143.643 E.07343
G1 X77.357 Y129.585 E.6393
G1 X77.357 Y127.098 E.07997
G1 X93.902 Y143.643 E.7524
G1 X96.389 Y143.643 E.07997
G1 X87.498 Y134.751 E.40434
G3 X83.249 Y130.502 I2.506 J-6.755 E.19935
G1 X77.357 Y124.611 E.26791
G1 X77.357 Y122.124 E.07997
G1 X82.813 Y127.579 E.24808
G3 X83.24 Y125.52 I11.684 J1.353 E.06772
G1 X77.357 Y119.637 E.26753
G1 X77.357 Y117.15 E.07997
G1 X84.09 Y123.882 E.30616
G3 X85.265 Y122.57 I14.955 J12.216 E.05665
G1 X77.357 Y114.663 E.35961
G1 X77.357 Y112.176 E.07997
G1 X86.755 Y121.573 E.42736
G3 X88.601 Y120.932 I5.598 J13.147 E.06289
G1 X80.527 Y112.858 E.36719
G3 X77.642 Y109.973 I-.021 J-2.864 E.14601
G1 X77.357 Y109.689 E.01294
G1 X77.357 Y107.202 E.07997
G1 X78.316 Y108.16 E.04358
G3 X79.859 Y107.216 I2.197 J1.858 E.05917
G1 X77.357 Y104.715 E.11374
G1 X77.357 Y102.228 E.07997
G1 X118.772 Y143.643 E1.88339
G1 X121.259 Y143.643 E.07997
G1 X77.357 Y99.741 E1.99649
G1 X77.357 Y97.254 E.07997
G1 X123.746 Y143.643 E2.10959
G1 X126.233 Y143.643 E.07997
G1 X77.357 Y94.767 E2.22269
G1 X77.357 Y92.28 E.07997
G1 X128.721 Y143.643 E2.33579
G1 X131.208 Y143.643 E.07997
G1 X77.357 Y89.792 E2.44889
G1 X77.357 Y87.305 E.07997
G1 X133.695 Y143.643 E2.56198
G1 X136.182 Y143.643 E.07997
G1 X77.357 Y84.818 E2.67508
G1 X77.357 Y82.331 E.07997
G1 X138.669 Y143.643 E2.78818
G1 X136.385 Y143.643 E.07343
G1 X114.002 Y143.643 F18000
G1 F6205.95
G1 X116.285 Y143.643 E.07343
G1 X83.284 Y110.641 E1.50076
G3 X82.34 Y112.184 I-2.802 J-.655 E.05917
G1 X91.03 Y120.874 E.39517
G3 X97.126 Y126.97 I-1.032 J7.128 E.29722
G1 X113.798 Y143.643 E.75819
G1 X111.311 Y143.643 E.07997
G1 X97.068 Y129.399 E.64775
G3 X96.427 Y131.245 I-13.788 J-3.752 E.06289
G1 X108.824 Y143.643 E.56379
G1 X106.337 Y143.643 E.07997
G1 X95.43 Y132.735 E.49603
G3 X94.118 Y133.91 I-13.527 J-13.779 E.05665
G1 X103.85 Y143.643 E.44259
G1 X101.363 Y143.643 E.07997
G1 X92.48 Y134.76 E.40396
G3 X90.421 Y135.187 I-3.412 J-11.256 E.06772
G1 X98.876 Y143.643 E.38451
G1 X96.593 Y143.643 E.07343
G1 X77.385 Y142.229 F18000
G1 F6205.95
G2 X78.977 Y143.64 I1.714 J-.331 E.07353
G1 X77.365 Y142.027 E.07333
G1 X77.357 Y139.533 E.08021
G1 X81.467 Y143.643 E.1869
G1 X83.954 Y143.643 E.07997
G1 X77.357 Y137.046 E.3
G1 X77.357 Y134.559 E.07997
G1 X86.441 Y143.643 E.4131
G1 X88.928 Y143.643 E.07997
G1 X77.357 Y132.072 E.5262
G1 X77.357 Y129.788 E.07343
G1 X77.357 Y82.128 F18000
G1 F6205.95
G1 X77.357 Y79.844 E.07343
G1 X141.137 Y143.624 E2.90044
G2 X142.543 Y142.543 I-.257 J-1.789 E.05961
G1 X77.457 Y77.457 E2.95984
G3 X78.863 Y76.376 I1.663 J.707 E.05961
G1 X142.643 Y140.156 E2.90044
G1 X142.643 Y137.669 E.07997
G1 X81.331 Y76.357 E2.78818
G1 X83.818 Y76.357 E.07997
G1 X142.643 Y135.182 E2.67508
G1 X142.643 Y132.695 E.07997
G1 X86.305 Y76.357 E2.56198
G1 X88.792 Y76.357 E.07997
G1 X142.643 Y130.208 E2.44889
G1 X142.643 Y127.721 E.07997
G1 X91.28 Y76.357 E2.33579
G1 X93.767 Y76.357 E.07997
G1 X142.643 Y125.233 E2.22269
G1 X142.643 Y122.746 E.07997
G1 X96.254 Y76.357 E2.10959
G1 X98.741 Y76.357 E.07997
G1 X142.643 Y120.259 E1.99649
G1 X142.643 Y117.772 E.07997
G1 X101.228 Y76.357 E1.88339
G1 X103.715 Y76.357 E.07997
G1 X136.716 Y109.359 E1.50076
G3 X137.66 Y107.816 I2.802 J.655 E.05917
G1 X106.202 Y76.357 E1.4306
G1 X108.485 Y76.357 E.07343
G1 X141.225 Y76.381 F18000
G1 F6205.95
G3 X142.64 Y77.977 I-.336 J1.723 E.07371
G1 X141.023 Y76.36 E.07352
G2 X138.533 Y76.357 I-1.274 J23.813 E.08011
G1 X142.643 Y80.467 E.1869
G1 X142.643 Y82.954 E.07997
G1 X136.046 Y76.357 E.3
G1 X133.559 Y76.357 E.07997
G1 X142.643 Y85.441 E.4131
G1 X142.643 Y87.928 E.07997
G1 X131.072 Y76.357 E.5262
G1 X128.585 Y76.357 E.07997
G1 X142.643 Y90.415 E.6393
G1 X142.643 Y92.902 E.07997
G1 X126.098 Y76.357 E.7524
G1 X128.381 Y76.357 E.07343
G1 X120.92 Y76.357 F18000
G1 F6205.95
G1 X118.637 Y76.357 E.07343
G1 X142.643 Y100.363 E1.09169
G1 X142.643 Y97.876 E.07997
G1 X121.124 Y76.357 E.97859
G1 X123.611 Y76.357 E.07997
G1 X142.643 Y95.389 E.8655
G1 X142.643 Y93.106 E.07343
G1 X142.643 Y105.134 F18000
G1 F6205.95
G1 X142.643 Y102.85 E.07343
G1 X116.15 Y76.357 E1.20479
G1 X113.663 Y76.357 E.07997
G1 X142.643 Y105.337 E1.31789
G1 X142.643 Y107.824 E.07997
G1 X111.176 Y76.357 E1.43099
G1 X108.689 Y76.357 E.07997
G1 X139.48 Y107.148 E1.40025
G3 X142.358 Y110.027 I-.004 J2.882 E.14534
G1 X142.643 Y110.311 E.01294
G1 X142.643 Y112.798 E.07997
G1 X141.684 Y111.84 E.04358
G3 X140.141 Y112.784 I-2.197 J-1.858 E.05917
G1 X142.643 Y115.285 E.11374
G1 X142.643 Y117.569 E.07343
; stop printing object esp32_pod_lid.stl id:0 copy 0
;LAYER_CHANGE
;Z:12.64
;HEIGHT:0.200001
G92 E0 ; zero the extruded length again
; BEFORE_LAYER_CHANGE 62 @ 12.64mm
G1 E-1.75 F6000
;WIPE_START
G1 F6205.95
G1 X142.643 Y116.569 E-.75
;WIPE_END
; AFTER_LAYER_CHANGE 62 @ 12.64mm
;_SET_FAN_SPEED_CHANGING_LAYER
; printing object esp32_pod_lid.stl id:0 copy 0
G17
G3 Z12.84 I0 J.608 P1  F18000
G1 X143.389 Y116.569 Z12.84
G1 X140.984 Y144.389
G1 X140.984 Y144.389
G1 X140.995 Y144.79
G1 Z12.64
G1 E2.5 F6000
M204 P1000
;TYPE:Outer wall
;WIDTH:0.42
G1 F3600
G1 X79.005 Y144.79 E1.84644
G3 X76.21 Y141.995 I.004 J-2.8 E.13074
G1 X76.21 Y78.005 E1.90602
G3 X79.005 Y75.21 I2.8 J.005 E.13074
G1 X140.995 Y75.21 E1.84644
G1 X141.292 Y75.226 E.00886
G3 X143.79 Y78.005 I-.294 J2.777 E.12197
G1 X143.79 Y141.995 E1.90601
G3 X141.054 Y144.789 I-2.8 J-.004 E.12895
G1 X141.034 Y144.387 F18000
G1 X140.984 Y144.389
G1 X140.984 Y144.389
G1 X140.984 Y144.398
M204 P1500
;TYPE:Inner wall
;WIDTH:0.45
G1 F6000
G1 X79.016 Y144.398 E1.99268
G3 X76.602 Y141.984 I-.006 J-2.408 E.122
G1 X76.602 Y78.016 E2.057
G3 X79.016 Y75.602 I2.408 J-.006 E.12199
G1 X140.984 Y75.602 E1.99268
G1 X141.251 Y75.616 E.00857
G3 X143.398 Y78.016 I-.259 J2.392 E.11345
G1 X143.398 Y141.984 E2.05699
G3 X141.044 Y144.397 I-2.408 J.006 E.12007
G1 X140.974 Y143.991 F18000
G1 F6000
G1 X79.026 Y143.991 E1.992
G3 X77.009 Y141.974 I-.016 J-2.001 E.10212
G1 X77.009 Y78.026 E2.05631
G3 X79.026 Y76.009 I2.001 J-.016 E.10212
G1 X140.974 Y76.009 E1.992
G1 X141.208 Y76.021 E.00754
G3 X142.991 Y78.026 I-.241 J2.01 E.09432
G1 X142.991 Y141.974 E2.05631
G3 X141.034 Y143.99 I-2.001 J.016 E.10019
G1 E-1.75
;WIPE_START
G1 X140.034 Y143.99 E-.75
;WIPE_END
G1 X140.034 Y144.389 Z12.84 F18000
G1 X139.539 Y112.11
G1 X139.518 Y111.708
G1 Z12.64
G1 E2.5 F6000
M204 P1000
;TYPE:Outer wall
;WIDTH:0.42
G1 F3600
G1 X139.856 Y111.674 E.0101
G2 X139.856 Y108.327 I-.347 J-1.673 E.13913
G2 X139.427 Y108.293 I-.357 J1.81 E.01282
G2 X139.458 Y111.709 I.082 J1.707 E.15599
G1 X139.437 Y112.108 F18000
G1 X139.5 Y112.112
G1 X139.538 Y112.11
G1 X139.537 Y112.099
M204 P1500
;TYPE:Inner wall
;WIDTH:0.45
G1 F6000
G1 X139.937 Y112.057 E.01293
G2 X140.15 Y108 I-.429 J-2.057 E.17736
G2 X139.407 Y107.902 I-.761 J2.899 E.02416
G2 X139.477 Y112.101 I.101 J2.099 E.20802
G1 X139.539 Y112.509 F18000
G1 F6000
G1 X139.762 Y112.496 E.00718
G2 X140.276 Y107.612 I-.253 J-2.495 E.2202
G2 X139.386 Y107.495 I-.757 J2.317 E.02904
G2 X139.479 Y112.509 I.124 J2.505 E.24844
G1 E-1.75
;WIPE_START
G1 X139.762 Y112.496 E-.21229
G1 X140.022 Y112.456 E-.19715
G1 X140.276 Y112.388 E-.19711
G1 X140.454 Y112.319 E-.14345
;WIPE_END
G1 X140.312 Y111.947 Z12.84 F18000
G1 X81.722 Y111.721
G1 X81.556 Y111.829
G1 X81.359 Y111.929
G1 X81.153 Y112.008
G1 X80.939 Y112.066
G1 X80.721 Y112.1
G1 X80.539 Y112.11
G1 X80.518 Y111.708
G1 Z12.64
G1 E2.5 F6000
M204 P1000
;TYPE:Outer wall
;WIDTH:0.42
G1 F3600
G1 X80.856 Y111.674 E.0101
G2 X80.856 Y108.327 I-.347 J-1.673 E.13913
G2 X80.427 Y108.293 I-.357 J1.81 E.01282
G2 X80.458 Y111.709 I.082 J1.707 E.15599
G1 X80.437 Y112.108 F18000
G1 X80.5 Y112.112
G1 X80.538 Y112.11
G1 X80.537 Y112.099
M204 P1500
;TYPE:Inner wall
;WIDTH:0.45
G1 F6000
G1 X80.937 Y112.057 E.01293
G2 X81.15 Y108 I-.429 J-2.057 E.17736
G2 X80.407 Y107.902 I-.761 J2.899 E.02416
G2 X80.477 Y112.101 I.101 J2.099 E.20802
G1 X80.539 Y112.509 F18000
G1 F6000
G1 X80.762 Y112.496 E.00718
G2 X81.276 Y107.612 I-.253 J-2.495 E.2202
G2 X80.386 Y107.495 I-.757 J2.317 E.02904
G2 X80.479 Y112.509 I.124 J2.505 E.24844
G1 E-1.75
;WIPE_START
G1 X80.762 Y112.496 E-.21228
G1 X81.022 Y112.456 E-.19715
G1 X81.276 Y112.388 E-.19711
G1 X81.454 Y112.319 E-.14346
;WIPE_END
G1 X81.312 Y111.947 Z12.84 F18000
G1 X83.574 Y128.675
G1 X83.68 Y129.343
G1 X83.855 Y129.997
G1 X84.097 Y130.628
G1 X84.404 Y131.231
G1 X84.772 Y131.798
G1 X85.198 Y132.324
G1 X85.676 Y132.802
G1 X86.202 Y133.228
G1 X86.769 Y133.596
G1 X87.372 Y133.903
G1 X88.003 Y134.145
G1 X88.657 Y134.32
G1 X89.325 Y134.426
G1 X89.662 Y134.444
G1 X89.978 Y134.461
G1 X89.999 Y134.06
G1 Z12.64
G1 E2.5 F6000
M204 P1000
;TYPE:Outer wall
;WIDTH:0.42
G1 F3600
G1 X90 Y134.059 E.00005
G2 X94.903 Y124.438 I.007 J-6.056 E.39711
G2 X89.805 Y121.95 I-4.889 J3.55 E.17588
G2 X89.367 Y134.025 I.202 J6.053 E.54161
G1 X89.939 Y134.057 E.01707
G1 X89.918 Y134.457 F18000
G1 X89.981 Y134.461
G1 X89.981 Y134.452
M204 P1500
;TYPE:Inner wall
;WIDTH:0.45
G1 F6000
G1 X90 Y134.452 E.00061
G2 X95.588 Y124.773 I.007 J-6.449 E.43472
G2 X89.785 Y121.558 I-5.598 J3.259 E.22399
G2 X89.326 Y134.416 I.222 J6.445 E.62237
G1 X89.921 Y134.449 E.01918
G1 X89.961 Y134.859 F18000
G1 F6000
G1 X90 Y134.859 E.00124
G2 X96.525 Y125.88 I.006 J-6.856 E.41592
G2 X89.763 Y121.152 I-6.534 J2.145 E.28455
G2 X89.283 Y134.821 I.243 J6.852 E.66151
G1 X89.901 Y134.855 E.01992
G1 X89.132 Y143.643 F18000
M204 P2000
;TYPE:Sparse infill
G1 F6205.95
G1 X91.415 Y143.643 E.07343
G1 X77.357 Y129.585 E.6393
G1 X77.357 Y127.098 E.07997
G1 X93.902 Y143.643 E.7524
G1 X96.389 Y143.643 E.07997
G1 X87.498 Y134.751 E.40434
G3 X83.249 Y130.502 I2.506 J-6.755 E.19935
G1 X77.357 Y124.611 E.26791
G1 X77.357 Y122.124 E.07997
G1 X82.813 Y127.579 E.24808
G3 X83.24 Y125.52 I11.684 J1.353 E.06772
G1 X77.357 Y119.637 E.26753
G1 X77.357 Y117.15 E.07997
G1 X84.09 Y123.882 E.30616
G3 X85.265 Y122.57 I14.955 J12.216 E.05665
G1 X77.357 Y114.663 E.35961
G1 X77.357 Y112.176 E.07997
G1 X86.755 Y121.573 E.42736
G3 X88.601 Y120.932 I5.598 J13.147 E.06289
G1 X80.527 Y112.858 E.36719
G3 X77.642 Y109.973 I-.021 J-2.864 E.14601
G1 X77.357 Y109.689 E.01294
G1 X77.357 Y107.202 E.07997
G1 X78.316 Y108.16 E.04358
G3 X79.859 Y107.216 I2.197 J1.858 E.05917
G1 X77.357 Y104.715 E.11374
G1 X77.357 Y102.431 E.07343
G1 X77.357 Y94.97 F18000
G1 F6205.95
G1 X77.357 Y97.254 E.07343
G1 X123.746 Y143.643 E2.10959
G1 X126.233 Y143.643 E.07997
G1 X77.357 Y94.767 E2.22269
G1 X77.357 Y92.28 E.07997
G1 X128.721 Y143.643 E2.33579
G1 X131.208 Y143.643 E.07997
G1 X77.357 Y89.792 E2.44889
G1 X77.357 Y87.305 E.07997
G1 X133.695 Y143.643 E2.56198
G1 X136.182 Y143.643 E.07997
G1 X77.357 Y84.818 E2.67508
G1 X77.357 Y82.331 E.07997
G1 X138.669 Y143.643 E2.78818
G1 X136.385 Y143.643 E.07343
G1 X142.643 Y127.517 F18000
G1 F6205.95
G1 X142.643 Y125.233 E.07343
G1 X93.767 Y76.357 E2.22269
G1 X96.254 Y76.357 E.07997
G1 X142.643 Y122.746 E2.10959
G1 X142.643 Y120.259 E.07997
G1 X98.741 Y76.357 E1.99649
G1 X101.228 Y76.357 E.07997
G1 X142.643 Y117.772 E1.88339
G1 X142.643 Y115.285 E.07997
G1 X140.141 Y112.784 E.11374
G2 X141.684 Y111.84 I-.655 J-2.802 E.05917
G1 X142.643 Y112.798 E.04358
G1 X142.643 Y110.311 E.07997
G1 X142.358 Y110.027 E.01294
G2 X139.48 Y107.149 I-2.881 J.003 E.14532
G1 X108.689 Y76.357 E1.40027
G1 X106.202 Y76.357 E.07997
G1 X137.66 Y107.816 E1.4306
G2 X136.716 Y109.359 I1.858 J2.198 E.05917
G1 X103.715 Y76.357 E1.50076
G1 X105.998 Y76.357 E.07343
G1 X113.459 Y76.357 F18000
G1 F6205.95
G1 X111.176 Y76.357 E.07343
G1 X142.643 Y107.824 E1.43099
G1 X142.643 Y105.337 E.07997
G1 X113.663 Y76.357 E1.31789
G1 X116.15 Y76.357 E.07997
G1 X142.643 Y102.85 E1.20479
G1 X142.643 Y100.363 E.07997
G1 X118.637 Y76.357 E1.09169
G1 X121.124 Y76.357 E.07997
G1 X142.643 Y97.876 E.97859
G1 X142.643 Y95.389 E.07997
G1 X123.611 Y76.357 E.8655
G1 X126.098 Y76.357 E.07997
G1 X142.643 Y92.902 E.7524
G1 X142.643 Y90.415 E.07997
G1 X128.585 Y76.357 E.6393
G1 X131.072 Y76.357 E.07997
G1 X142.643 Y87.928 E.5262
G1 X142.643 Y85.441 E.07997
G1 X133.559 Y76.357 E.4131
G1 X136.046 Y76.357 E.07997
G1 X142.643 Y82.954 E.3
G1 X142.643 Y80.467 E.07997
G1 X138.533 Y76.357 E.1869
G3 X141.023 Y76.36 I1.216 J23.816 E.08011
G1 X142.64 Y77.977 E.07352
G2 X141.225 Y76.381 I-1.751 J.127 E.07371
G1 X93.563 Y76.357 F18000
G1 F6205.95
G1 X91.28 Y76.357 E.07343
G1 X142.643 Y127.721 E2.33579
G1 X142.643 Y130.208 E.07997
G1 X88.792 Y76.357 E2.44889
G1 X86.305 Y76.357 E.07997
G1 X142.643 Y132.695 E2.56198
G1 X142.643 Y135.182 E.07997
G1 X83.818 Y76.357 E2.67508
G1 X81.331 Y76.357 E.07997
G1 X142.643 Y137.669 E2.78818
G1 X142.643 Y140.156 E.07997
G1 X78.863 Y76.376 E2.90044
G2 X77.457 Y77.457 I.257 J1.789 E.05961
G1 X142.543 Y142.543 E2.95984
G3 X141.137 Y143.624 I-1.663 J-.707 E.05961
G1 X77.357 Y79.844 E2.90044
G1 X77.357 Y82.128 E.07343
G1 X77.357 Y129.788 F18000
G1 F6205.95
G1 X77.357 Y132.072 E.07343
G1 X88.928 Y143.643 E.5262
G1 X86.441 Y143.643 E.07997
G1 X77.357 Y134.559 E.4131
G1 X77.357 Y137.046 E.07997
G1 X83.954 Y143.643 E.3
G1 X81.467 Y143.643 E.07997
G1 X77.357 Y139.533 E.1869
G1 X77.365 Y142.027 E.08021
G1 X78.977 Y143.64 E.07333
G3 X77.385 Y142.229 I.122 J-1.742 E.07353
G1 X96.593 Y143.643 F18000
G1 F6205.95
G1 X98.876 Y143.643 E.07343
G1 X90.421 Y135.187 E.38451
G2 X92.48 Y134.76 I-1.353 J-11.684 E.06772
G1 X101.363 Y143.643 E.40396
G1 X103.85 Y143.643 E.07997
G1 X94.118 Y133.91 E.44259
G2 X95.43 Y132.735 I-12.215 J-14.955 E.05665
G1 X106.337 Y143.643 E.49603
G1 X108.824 Y143.643 E.07997
G1 X96.427 Y131.245 E.56379
G2 X97.068 Y129.399 I-13.147 J-5.598 E.06289
G1 X111.311 Y143.643 E.64775
G1 X113.798 Y143.643 E.07997
G1 X97.126 Y126.97 E.75819
G2 X91.03 Y120.874 I-7.128 J1.032 E.29722
G1 X82.34 Y112.184 E.39517
G2 X83.284 Y110.641 I-1.858 J-2.198 E.05917
G1 X116.285 Y143.643 E1.50076
G1 X118.772 Y143.643 E.07997
G1 X77.357 Y102.228 E1.88339
G1 X77.357 Y99.741 E.07997
G1 X121.259 Y143.643 E1.99649
G1 X118.976 Y143.643 E.07343
; stop printing object esp32_pod_lid.stl id:0 copy 0
;LAYER_CHANGE
;Z:12.84
;HEIGHT:0.2
G92 E0 ; zero the extruded length again
; BEFORE_LAYER_CHANGE 63 @ 12.84mm
G1 E-1.75 F6000
;WIPE_START
G1 F6205.95
G1 X119.976 Y143.643 E-.75
;WIPE_END
; AFTER_LAYER_CHANGE 63 @ 12.84mm
;_SET_FAN_SPEED_CHANGING_LAYER
; printing object esp32_pod_lid.stl id:0 copy 0
G17
G3 Z13.04 I-.608 J0 P1  F18000
G1 X119.976 Y144.389 Z13.04
G1 X140.984 Y144.389
G1 X140.995 Y144.79
G1 Z12.84
G1 E2.5 F6000
M204 P1000
;TYPE:Outer wall
;WIDTH:0.42
G1 F3600
G1 X79.005 Y144.79 E1.84644
G3 X76.21 Y141.995 I.004 J-2.8 E.13074
G1 X76.21 Y78.005 E1.90602
G3 X79.005 Y75.21 I2.8 J.005 E.13074
G1 X140.995 Y75.21 E1.84644
G1 X141.292 Y75.226 E.00886
G3 X143.79 Y78.005 I-.294 J2.777 E.12197
G1 X143.79 Y141.995 E1.90601
G3 X141.054 Y144.789 I-2.8 J-.004 E.12895
G1 X141.034 Y144.387 F18000
G1 X140.984 Y144.389
G1 X140.984 Y144.389
G1 X140.984 Y144.398
M204 P1500
;TYPE:Inner wall
;WIDTH:0.45
G1 F6000
G1 X79.016 Y144.398 E1.99268
G3 X76.602 Y141.984 I-.006 J-2.408 E.122
G1 X76.602 Y78.016 E2.057
G3 X79.016 Y75.602 I2.408 J-.006 E.12199
G1 X140.984 Y75.602 E1.99268
G1 X141.251 Y75.616 E.00857
G3 X143.398 Y78.016 I-.259 J2.392 E.11345
G1 X143.398 Y141.984 E2.05699
G3 X141.044 Y144.397 I-2.408 J.006 E.12007
G1 X140.974 Y143.991 F18000
G1 F6000
G1 X79.026 Y143.991 E1.992
G3 X77.009 Y141.974 I-.016 J-2.001 E.10212
G1 X77.009 Y78.026 E2.05631
G3 X79.026 Y76.009 I2.001 J-.016 E.10212
G1 X140.974 Y76.009 E1.992
G1 X141.208 Y76.021 E.00754
G3 X142.991 Y78.026 I-.241 J2.01 E.09432
G1 X142.991 Y141.974 E2.05631
G3 X141.034 Y143.99 I-2.001 J.016 E.10019
G1 E-1.75
;WIPE_START
G1 X140.034 Y143.99 E-.75
;WIPE_END
G1 X140.034 Y144.389 Z13.04 F18000
G1 X139.536 Y112.11
G1 X139.515 Y111.709
G1 Z12.84
G1 E2.5 F6000
M204 P1000
;TYPE:Outer wall
;WIDTH:0.42
G1 F3600
G1 X139.856 Y111.674 E.01019
G2 X139.856 Y108.327 I-.347 J-1.673 E.13913
G2 X139.42 Y108.294 I-.356 J1.802 E.01304
G2 X139.455 Y111.709 I.089 J1.707 E.15568
G1 X139.434 Y112.108 F18000
G1 X139.5 Y112.112
G1 X139.538 Y112.11
G1 X139.537 Y112.099
M204 P1500
;TYPE:Inner wall
;WIDTH:0.45
G1 F6000
G1 X139.937 Y112.057 E.01293
G2 X140.15 Y108 I-.429 J-2.057 E.17736
G2 X139.4 Y107.902 I-.755 J2.869 E.0244
G2 X139.477 Y112.101 I.108 J2.098 E.20778
G1 X139.539 Y112.509 F18000
G1 F6000
G1 X139.762 Y112.496 E.00718
G2 X140.276 Y107.612 I-.253 J-2.495 E.2202
G2 X139.378 Y107.496 I-.757 J2.317 E.02928
G2 X139.479 Y112.509 I.131 J2.505 E.2482
G1 E-1.75
;WIPE_START
G1 X139.762 Y112.496 E-.21229
G1 X140.022 Y112.456 E-.19714
G1 X140.276 Y112.388 E-.19712
G1 X140.454 Y112.319 E-.14345
;WIPE_END
G1 X140.312 Y111.947 Z13.04 F18000
G1 X81.722 Y111.721
G1 X81.556 Y111.829
G1 X81.359 Y111.929
G1 X81.153 Y112.008
G1 X80.939 Y112.066
G1 X80.721 Y112.1
G1 X80.536 Y112.11
G1 X80.515 Y111.709
G1 Z12.84
G1 E2.5 F6000
M204 P1000
;TYPE:Outer wall
;WIDTH:0.42
G1 F3600
G1 X80.856 Y111.674 E.01019
G2 X80.856 Y108.327 I-.347 J-1.673 E.13913
G2 X80.42 Y108.294 I-.356 J1.802 E.01304
G2 X80.455 Y111.709 I.089 J1.707 E.15568
G1 X80.434 Y112.108 F18000
G1 X80.5 Y112.112
G1 X80.538 Y112.11
G1 X80.537 Y112.099
M204 P1500
;TYPE:Inner wall
;WIDTH:0.45
G1 F6000
G1 X80.937 Y112.057 E.01293
G2 X81.15 Y108 I-.429 J-2.057 E.17736
G2 X80.4 Y107.902 I-.755 J2.869 E.0244
G2 X80.477 Y112.101 I.108 J2.098 E.20778
G1 X80.539 Y112.509 F18000
G1 F6000
G1 X80.762 Y112.496 E.00718
G2 X81.276 Y107.612 I-.253 J-2.495 E.2202
G2 X80.378 Y107.496 I-.757 J2.317 E.02928
G2 X80.479 Y112.509 I.131 J2.505 E.2482
G1 E-1.75
;WIPE_START
G1 X80.762 Y112.496 E-.21228
G1 X81.022 Y112.456 E-.19714
G1 X81.276 Y112.388 E-.19712
G1 X81.454 Y112.319 E-.14346
;WIPE_END
G1 X81.312 Y111.947 Z13.04 F18000
G1 X83.574 Y128.675
G1 X83.68 Y129.343
G1 X83.855 Y129.997
G1 X84.097 Y130.628
G1 X84.404 Y131.231
G1 X84.772 Y131.798
G1 X85.198 Y132.324
G1 X85.676 Y132.802
G1 X86.202 Y133.228
G1 X86.769 Y133.596
G1 X87.372 Y133.903
G1 X88.003 Y134.145
G1 X88.657 Y134.32
G1 X89.325 Y134.426
G1 X90 Y134.462
G1 X90.021 Y134.461
G1 X90 Y134.06
G1 Z12.84
G1 E2.5 F6000
M204 P1000
;TYPE:Outer wall
;WIDTH:0.42
G1 F3600
G1 X90.633 Y134.027 E.01888
G2 X95.248 Y124.97 I-.627 J-6.024 E.35931
G2 X89.771 Y121.952 I-5.256 J3.06 E.19566
G2 X89.941 Y134.059 I.236 J6.052 E.55776
G1 X89.92 Y134.457 F18000
G1 X89.981 Y134.461
G1 X89.981 Y134.452
M204 P1500
;TYPE:Inner wall
;WIDTH:0.45
G1 F6000
G1 X90 Y134.452 E.00061
G2 X95.895 Y125.375 I.006 J-6.449 E.41299
G2 X89.75 Y121.56 I-5.883 J2.619 E.24696
G2 X89.326 Y134.416 I.256 J6.444 E.6213
G1 X89.921 Y134.449 E.01918
G1 X89.961 Y134.859 F18000
G1 F6000
G1 X90 Y134.86 E.00125
G2 X96.711 Y126.574 I.005 J-6.856 E.39282
G2 X89.729 Y121.154 I-6.699 J1.423 E.30893
G2 X89.283 Y134.822 I.276 J6.851 E.66045
G1 X89.901 Y134.855 E.01991
G1 X89.132 Y143.643 F18000
M204 P2000
;TYPE:Sparse infill
G1 F6205.95
G1 X91.415 Y143.643 E.07343
G1 X77.357 Y129.585 E.6393
G1 X77.357 Y127.098 E.07997
G1 X93.902 Y143.643 E.7524
G1 X96.389 Y143.643 E.07997
G1 X87.498 Y134.751 E.40434
G3 X83.249 Y130.502 I2.506 J-6.755 E.19935
G1 X77.357 Y124.611 E.26791
G1 X77.357 Y122.124 E.07997
G1 X82.813 Y127.579 E.24808
G3 X83.24 Y125.52 I11.684 J1.353 E.06772
G1 X77.357 Y119.637 E.26753
G1 X77.357 Y117.15 E.07997
G1 X84.09 Y123.882 E.30616
G3 X85.265 Y122.57 I14.955 J12.216 E.05665
G1 X77.357 Y114.663 E.35961
G1 X77.357 Y112.176 E.07997
G1 X86.755 Y121.573 E.42736
G3 X88.601 Y120.932 I5.598 J13.147 E.06289
G1 X80.527 Y112.858 E.36719
G3 X77.642 Y109.973 I-.021 J-2.864 E.14601
G1 X77.357 Y109.689 E.01294
G1 X77.357 Y107.202 E.07997
G1 X78.316 Y108.16 E.04358
G3 X79.859 Y107.216 I2.197 J1.858 E.05917
G1 X77.357 Y104.715 E.11374
G1 X77.357 Y102.431 E.07343
G1 X77.357 Y94.97 F18000
G1 F6205.95
G1 X77.357 Y97.254 E.07343
G1 X123.746 Y143.643 E2.10959
G1 X126.233 Y143.643 E.07997
G1 X77.357 Y94.767 E2.22269
G1 X77.357 Y92.28 E.07997
G1 X128.721 Y143.643 E2.33579
G1 X131.208 Y143.643 E.07997
G1 X77.357 Y89.792 E2.44889
G1 X77.357 Y87.305 E.07997
G1 X133.695 Y143.643 E2.56198
G1 X136.182 Y143.643 E.07997
G1 X77.357 Y84.818 E2.67508
G1 X77.357 Y82.331 E.07997
G1 X138.669 Y143.643 E2.78818
G1 X136.385 Y143.643 E.07343
G1 X142.643 Y127.517 F18000
G1 F6205.95
G1 X142.643 Y125.233 E.07343
G1 X93.767 Y76.357 E2.22269
G1 X96.254 Y76.357 E.07997
G1 X142.643 Y122.746 E2.10959
G1 X142.643 Y120.259 E.07997
G1 X98.741 Y76.357 E1.99649
G1 X101.228 Y76.357 E.07997
G1 X142.643 Y117.772 E1.88339
G1 X142.643 Y115.285 E.07997
G1 X140.141 Y112.784 E.11374
G2 X141.684 Y111.84 I-.655 J-2.802 E.05917
G1 X142.643 Y112.798 E.04358
G1 X142.643 Y110.311 E.07997
G1 X142.358 Y110.027 E.01294
G2 X139.48 Y107.149 I-2.881 J.003 E.1453
G1 X108.689 Y76.357 E1.40029
G1 X106.202 Y76.357 E.07997
G1 X137.66 Y107.816 E1.4306
G2 X136.716 Y109.359 I1.858 J2.198 E.05917
G1 X103.715 Y76.357 E1.50076
G1 X105.998 Y76.357 E.07343
G1 X113.459 Y76.357 F18000
G1 F6205.95
G1 X111.176 Y76.357 E.07343
G1 X142.643 Y107.824 E1.43099
G1 X142.643 Y105.337 E.07997
G1 X113.663 Y76.357 E1.31789
G1 X116.15 Y76.357 E.07997
G1 X142.643 Y102.85 E1.20479
G1 X142.643 Y100.363 E.07997
G1 X118.637 Y76.357 E1.09169
G1 X121.124 Y76.357 E.07997
G1 X142.643 Y97.876 E.97859
G1 X142.643 Y95.389 E.07997
G1 X123.611 Y76.357 E.8655
G1 X126.098 Y76.357 E.07997
G1 X142.643 Y92.902 E.7524
G1 X142.643 Y90.415 E.07997
G1 X128.585 Y76.357 E.6393
G1 X131.072 Y76.357 E.07997
G1 X142.643 Y87.928 E.5262
G1 X142.643 Y85.441 E.07997
G1 X133.559 Y76.357 E.4131
G1 X136.046 Y76.357 E.07997
G1 X142.643 Y82.954 E.3
G1 X142.643 Y80.467 E.07997
G1 X138.533 Y76.357 E.1869
G3 X141.023 Y76.36 I1.216 J23.808 E.08011
G1 X142.64 Y77.977 E.07352
G2 X141.225 Y76.381 I-1.751 J.127 E.07371
G1 X93.563 Y76.357 F18000
G1 F6205.95
G1 X91.28 Y76.357 E.07343
G1 X142.643 Y127.721 E2.33579
G1 X142.643 Y130.208 E.07997
G1 X88.792 Y76.357 E2.44889
G1 X86.305 Y76.357 E.07997
G1 X142.643 Y132.695 E2.56198
G1 X142.643 Y135.182 E.07997
G1 X83.818 Y76.357 E2.67508
G1 X81.331 Y76.357 E.07997
G1 X142.643 Y137.669 E2.78818
G1 X142.643 Y140.156 E.07997
G1 X78.863 Y76.376 E2.90044
G2 X77.457 Y77.457 I.257 J1.789 E.05961
G1 X142.543 Y142.543 E2.95984
G3 X141.137 Y143.624 I-1.663 J-.707 E.05961
G1 X77.357 Y79.844 E2.90044
G1 X77.357 Y82.128 E.07343
G1 X77.357 Y129.788 F18000
G1 F6205.95
G1 X77.357 Y132.072 E.07343
G1 X88.928 Y143.643 E.5262
G1 X86.441 Y143.643 E.07997
G1 X77.357 Y134.559 E.4131
G1 X77.357 Y137.046 E.07997
G1 X83.954 Y143.643 E.3
G1 X81.467 Y143.643 E.07997
G1 X77.357 Y139.533 E.1869
G1 X77.365 Y142.027 E.08021
G1 X78.977 Y143.64 E.07333
G3 X77.385 Y142.229 I.122 J-1.742 E.07353
G1 X96.593 Y143.643 F18000
G1 F6205.95
G1 X98.876 Y143.643 E.07343
G1 X90.421 Y135.187 E.38451
G2 X92.48 Y134.76 I-1.353 J-11.683 E.06772
G1 X101.363 Y143.643 E.40396
G1 X103.85 Y143.643 E.07997
G1 X94.118 Y133.91 E.44259
G2 X95.43 Y132.735 I-12.215 J-14.955 E.05665
G1 X106.337 Y143.643 E.49603
G1 X108.824 Y143.643 E.07997
G1 X96.427 Y131.245 E.56379
G2 X97.068 Y129.399 I-13.147 J-5.598 E.06289
G1 X111.311 Y143.643 E.64775
G1 X113.798 Y143.643 E.07997
G1 X97.126 Y126.97 E.75819
G2 X91.03 Y120.874 I-7.128 J1.032 E.29722
G1 X82.34 Y112.184 E.39517
G2 X83.284 Y110.641 I-1.858 J-2.198 E.05917
G1 X116.285 Y143.643 E1.50076
G1 X118.772 Y143.643 E.07997
G1 X77.357 Y102.228 E1.88339
G1 X77.357 Y99.741 E.07997
G1 X121.259 Y143.643 E1.99649
G1 X118.976 Y143.643 E.07343
; stop printing object esp32_pod_lid.stl id:0 copy 0
;LAYER_CHANGE
;Z:13.04
;HEIGHT:0.2
G92 E0 ; zero the extruded length again
; BEFORE_LAYER_CHANGE 64 @ 13.04mm
G1 E-1.75 F6000
;WIPE_START
G1 F6205.95
G1 X119.976 Y143.643 E-.75
;WIPE_END
; AFTER_LAYER_CHANGE 64 @ 13.04mm
;_SET_FAN_SPEED_CHANGING_LAYER
; printing object esp32_pod_lid.stl id:0 copy 0
G17
G3 Z13.24 I-.608 J0 P1  F18000
G1 X119.976 Y144.389 Z13.24
G1 X140.984 Y144.389
G1 X140.995 Y144.79
G1 Z13.04
G1 E2.5 F6000
M204 P1000
;TYPE:Outer wall
;WIDTH:0.42
G1 F3600
G1 X79.005 Y144.79 E1.84644
G3 X76.21 Y141.995 I.004 J-2.8 E.13074
G1 X76.21 Y78.005 E1.90602
G3 X79.005 Y75.21 I2.8 J.005 E.13074
G1 X140.995 Y75.21 E1.84644
G1 X141.292 Y75.226 E.00886
G3 X143.79 Y78.005 I-.294 J2.777 E.12197
G1 X143.79 Y141.995 E1.90601
G3 X141.054 Y144.789 I-2.8 J-.004 E.12895
G1 X141.034 Y144.387 F18000
G1 X140.984 Y144.389
G1 X140.984 Y144.389
G1 X140.984 Y144.398
M204 P1500
;TYPE:Inner wall
;WIDTH:0.45
G1 F6000
G1 X79.016 Y144.398 E1.99268
G3 X76.602 Y141.984 I-.006 J-2.408 E.122
G1 X76.602 Y78.016 E2.057
G3 X79.016 Y75.602 I2.408 J-.006 E.12199
G1 X140.984 Y75.602 E1.99268
G1 X141.251 Y75.616 E.00857
G3 X143.398 Y78.016 I-.259 J2.392 E.11345
G1 X143.398 Y141.984 E2.05699
G3 X141.044 Y144.397 I-2.408 J.006 E.12007
G1 X140.974 Y143.991 F18000
G1 F6000
G1 X79.026 Y143.991 E1.992
G3 X77.009 Y141.974 I-.016 J-2.001 E.10212
G1 X77.009 Y78.026 E2.05631
G3 X79.026 Y76.009 I2.001 J-.016 E.10212
G1 X140.974 Y76.009 E1.992
G1 X141.208 Y76.021 E.00754
G3 X142.991 Y78.026 I-.241 J2.01 E.09432
G1 X142.991 Y141.974 E2.05631
G3 X141.033 Y143.99 I-2.001 J.016 E.1002
G1 E-1.75
;WIPE_START
G1 X140.033 Y143.99 E-.75
;WIPE_END
G1 X140.033 Y144.389 Z13.24 F18000
G1 X139.533 Y112.11
G1 X139.512 Y111.709
G1 Z13.04
G1 E2.5 F6000
M204 P1000
;TYPE:Outer wall
;WIDTH:0.42
G1 F3600
G1 X139.856 Y111.674 E.01028
G2 X139.856 Y108.327 I-.347 J-1.673 E.13913
G2 X139.413 Y108.294 I-.356 J1.797 E.01326
G2 X139.452 Y111.709 I.096 J1.706 E.15537
G1 X139.431 Y112.108 F18000
G1 X139.5 Y112.112
G1 X139.538 Y112.11
G1 X139.537 Y112.099
M204 P1500
;TYPE:Inner wall
;WIDTH:0.45
G1 F6000
G1 X139.937 Y112.057 E.01293
G2 X140.15 Y108 I-.429 J-2.057 E.17736
G2 X139.392 Y107.903 I-.75 J2.842 E.02463
G2 X139.477 Y112.101 I.116 J2.098 E.20755
G1 X139.539 Y112.509 F18000
G1 F6000
G1 X139.762 Y112.496 E.00718
G2 X140.276 Y107.612 I-.253 J-2.495 E.2202
G2 X139.371 Y107.496 I-.757 J2.318 E.02951
G2 X139.479 Y112.509 I.138 J2.504 E.24797
G1 E-1.75
;WIPE_START
G1 X139.762 Y112.496 E-.21229
G1 X140.022 Y112.456 E-.19715
G1 X140.276 Y112.388 E-.19711
G1 X140.454 Y112.319 E-.14345
;WIPE_END
G1 X140.312 Y111.947 Z13.24 F18000
G1 X81.721 Y111.721
G1 X81.556 Y111.829
G1 X81.359 Y111.929
G1 X81.153 Y112.008
G1 X80.939 Y112.066
G1 X80.721 Y112.1
G1 X80.533 Y112.11
G1 X80.512 Y111.709
G1 Z13.04
G1 E2.5 F6000
M204 P1000
;TYPE:Outer wall
;WIDTH:0.42
G1 F3600
G1 X80.856 Y111.674 E.01028
G2 X80.856 Y108.327 I-.347 J-1.673 E.13913
G2 X80.413 Y108.294 I-.356 J1.797 E.01326
G2 X80.452 Y111.709 I.096 J1.706 E.15537
G1 X80.431 Y112.108 F18000
G1 X80.5 Y112.112
G1 X80.538 Y112.11
G1 X80.537 Y112.099
M204 P1500
;TYPE:Inner wall
;WIDTH:0.45
G1 F6000
G1 X80.937 Y112.057 E.01293
G2 X81.15 Y108 I-.429 J-2.057 E.17736
G2 X80.392 Y107.903 I-.75 J2.842 E.02463
G2 X80.477 Y112.101 I.116 J2.098 E.20755
G1 X80.539 Y112.509 F18000
G1 F6000
G1 X80.762 Y112.496 E.00718
G2 X81.276 Y107.612 I-.253 J-2.495 E.2202
G2 X80.371 Y107.496 I-.757 J2.318 E.02951
G2 X80.479 Y112.509 I.138 J2.504 E.24797
G1 E-1.75
;WIPE_START
G1 X80.762 Y112.496 E-.21229
G1 X81.022 Y112.456 E-.19715
G1 X81.276 Y112.388 E-.19711
G1 X81.454 Y112.319 E-.14346
;WIPE_END
G1 X81.312 Y111.947 Z13.24 F18000
G1 X83.574 Y128.675
G1 X83.68 Y129.343
G1 X83.855 Y129.997
G1 X84.097 Y130.628
G1 X84.404 Y131.231
G1 X84.772 Y131.798
G1 X85.198 Y132.324
G1 X85.676 Y132.802
G1 X86.202 Y133.228
G1 X86.769 Y133.596
G1 X87.372 Y133.903
G1 X88.003 Y134.145
G1 X88.657 Y134.32
G1 X89.325 Y134.426
G1 X90 Y134.462
G1 X90.021 Y134.461
G1 X90 Y134.06
G1 Z13.04
G1 E2.5 F6000
M204 P1000
;TYPE:Outer wall
;WIDTH:0.42
G1 F3600
G2 X95.248 Y124.97 I.007 J-6.056 E.37821
G2 X89.737 Y121.953 I-5.255 J3.059 E.19668
G2 X89.94 Y134.059 I.27 J6.05 E.55667
G1 X89.919 Y134.457 F18000
G1 X89.981 Y134.461
G1 X89.981 Y134.452
M204 P1500
;TYPE:Inner wall
;WIDTH:0.45
G1 F6000
G1 X90 Y134.452 E.00061
G2 X96.137 Y126.006 I.006 J-6.449 E.39124
G2 X89.716 Y121.562 I-6.144 J2.016 E.26961
G2 X89.326 Y134.416 I.29 J6.442 E.6202
G1 X89.921 Y134.449 E.01918
G1 X89.961 Y134.859 F18000
G1 F6000
G1 X90 Y134.86 E.00125
G2 X96.711 Y126.574 I.006 J-6.856 E.39283
G2 X89.695 Y121.155 I-6.699 J1.423 E.31003
G2 X89.283 Y134.822 I.311 J6.849 E.65931
G1 X89.901 Y134.855 E.01991
G1 X89.132 Y143.643 F18000
M204 P2000
;TYPE:Sparse infill
G1 F6205.95
G1 X91.415 Y143.643 E.07343
G1 X77.357 Y129.585 E.6393
G1 X77.357 Y127.098 E.07997
G1 X93.902 Y143.643 E.7524
G1 X96.389 Y143.643 E.07997
G1 X87.498 Y134.751 E.40433
G3 X83.249 Y130.502 I2.506 J-6.755 E.19935
G1 X77.357 Y124.611 E.26791
G1 X77.357 Y122.124 E.07997
G1 X82.813 Y127.579 E.24808
G3 X83.24 Y125.52 I11.684 J1.353 E.06772
G1 X77.357 Y119.637 E.26753
G1 X77.357 Y117.15 E.07997
G1 X84.09 Y123.882 E.30616
G3 X85.265 Y122.57 I14.955 J12.216 E.05665
G1 X77.357 Y114.663 E.35961
G1 X77.357 Y112.176 E.07997
G1 X86.755 Y121.573 E.42736
G3 X88.601 Y120.932 I5.598 J13.147 E.06289
G1 X80.527 Y112.858 E.36719
G3 X77.642 Y109.973 I-.021 J-2.864 E.14601
G1 X77.357 Y109.689 E.01294
G1 X77.357 Y107.202 E.07997
G1 X78.316 Y108.16 E.04358
G3 X79.859 Y107.216 I2.197 J1.858 E.05917
G1 X77.357 Y104.715 E.11374
G1 X77.357 Y102.228 E.07997
G1 X118.772 Y143.643 E1.88339
G1 X116.285 Y143.643 E.07997
G1 X83.284 Y110.641 E1.50076
G3 X82.34 Y112.184 I-2.802 J-.655 E.05917
G1 X91.03 Y120.874 E.39517
G3 X97.126 Y126.97 I-1.032 J7.128 E.29722
G1 X113.798 Y143.643 E.75819
G1 X111.311 Y143.643 E.07997
G1 X97.068 Y129.399 E.64775
G3 X96.427 Y131.245 I-13.788 J-3.752 E.06289
G1 X108.824 Y143.643 E.56379
G1 X106.337 Y143.643 E.07997
G1 X95.43 Y132.735 E.49603
G3 X94.118 Y133.91 I-13.527 J-13.779 E.05665
G1 X103.85 Y143.643 E.44259
G1 X101.363 Y143.643 E.07997
G1 X92.48 Y134.76 E.40396
G3 X90.421 Y135.187 I-3.412 J-11.256 E.06772
G1 X98.876 Y143.643 E.38451
G1 X96.593 Y143.643 E.07343
G1 X77.385 Y142.229 F18000
G1 F6205.95
G2 X78.977 Y143.64 I1.714 J-.331 E.07353
G1 X77.365 Y142.027 E.07333
G1 X77.357 Y139.533 E.08021
G1 X81.467 Y143.643 E.1869
G1 X83.954 Y143.643 E.07997
G1 X77.357 Y137.046 E.3
G1 X77.357 Y134.559 E.07997
G1 X86.441 Y143.643 E.4131
G1 X88.928 Y143.643 E.07997
G1 X77.357 Y132.072 E.5262
G1 X77.357 Y129.788 E.07343
G1 X76.611 Y129.788 F18000
G1 X79.016 Y144.389
G1 X118.976 Y144.389
G1 X118.976 Y143.643
G1 F6205.95
G1 X121.259 Y143.643 E.07343
G1 X77.357 Y99.741 E1.99649
G1 X77.357 Y97.254 E.07997
G1 X123.746 Y143.643 E2.10959
G1 X126.233 Y143.643 E.07997
G1 X77.357 Y94.767 E2.22269
G1 X77.357 Y92.28 E.07997
G1 X128.721 Y143.643 E2.33579
G1 X131.208 Y143.643 E.07997
G1 X77.357 Y89.792 E2.44889
G1 X77.357 Y87.305 E.07997
G1 X133.695 Y143.643 E2.56198
G1 X136.182 Y143.643 E.07997
G1 X77.357 Y84.818 E2.67508
G1 X77.357 Y82.331 E.07997
G1 X138.669 Y143.643 E2.78818
G1 X136.385 Y143.643 E.07343
G1 X142.643 Y127.517 F18000
G1 F6205.95
G1 X142.643 Y125.233 E.07343
G1 X93.767 Y76.357 E2.22269
G1 X96.254 Y76.357 E.07997
G1 X142.643 Y122.746 E2.10959
G1 X142.643 Y120.259 E.07997
G1 X98.741 Y76.357 E1.99649
G1 X101.228 Y76.357 E.07997
G1 X142.643 Y117.772 E1.88339
G1 X142.643 Y115.285 E.07997
G1 X140.141 Y112.784 E.11374
G2 X141.684 Y111.84 I-.655 J-2.802 E.05917
G1 X142.643 Y112.798 E.04358
G1 X142.643 Y110.311 E.07997
G1 X142.358 Y110.027 E.01294
G2 X139.481 Y107.15 I-2.88 J.003 E.14529
G1 X108.689 Y76.357 E1.40031
G1 X106.202 Y76.357 E.07997
G1 X137.66 Y107.816 E1.4306
G2 X136.716 Y109.359 I1.858 J2.198 E.05917
G1 X103.715 Y76.357 E1.50076
G1 X105.998 Y76.357 E.07343
G1 X113.459 Y76.357 F18000
G1 F6205.95
G1 X111.176 Y76.357 E.07343
G1 X142.643 Y107.824 E1.43099
G1 X142.643 Y105.337 E.07997
G1 X113.663 Y76.357 E1.31789
G1 X116.15 Y76.357 E.07997
G1 X142.643 Y102.85 E1.20479
G1 X142.643 Y100.363 E.07997
G1 X118.637 Y76.357 E1.09169
G1 X121.124 Y76.357 E.07997
G1 X142.643 Y97.876 E.97859
G1 X142.643 Y95.389 E.07997
G1 X123.611 Y76.357 E.8655
G1 X126.098 Y76.357 E.07997
G1 X142.643 Y92.902 E.7524
G1 X142.643 Y95.186 E.07343
G1 X142.619 Y77.775 F18000
G1 F6205.95
G2 X141.023 Y76.36 I-1.671 J.277 E.0742
G1 X142.64 Y77.977 E.07352
G3 X142.643 Y80.467 I-23.801 J1.274 E.08011
G1 X138.533 Y76.357 E.1869
G1 X136.046 Y76.357 E.07997
G1 X142.643 Y82.954 E.3
G1 X142.643 Y85.441 E.07997
G1 X133.559 Y76.357 E.4131
G1 X131.072 Y76.357 E.07997
G1 X142.643 Y87.928 E.5262
G1 X142.643 Y90.415 E.07997
G1 X128.585 Y76.357 E.6393
G1 X130.868 Y76.357 E.07343
G1 X93.563 Y76.357 F18000
G1 F6205.95
G1 X91.28 Y76.357 E.07343
G1 X142.643 Y127.721 E2.33579
G1 X142.643 Y130.208 E.07997
G1 X88.792 Y76.357 E2.44889
G1 X86.305 Y76.357 E.07997
G1 X142.643 Y132.695 E2.56198
G1 X142.643 Y135.182 E.07997
G1 X83.818 Y76.357 E2.67508
G1 X81.331 Y76.357 E.07997
G1 X142.643 Y137.669 E2.78818
G1 X142.643 Y140.156 E.07997
G1 X78.863 Y76.376 E2.90044
G2 X77.457 Y77.457 I.257 J1.789 E.05961
G1 X142.543 Y142.543 E2.95984
G3 X141.137 Y143.624 I-1.663 J-.707 E.05961
G1 X77.357 Y79.844 E2.90044
G1 X77.357 Y82.128 E.07343
; stop printing object esp32_pod_lid.stl id:0 copy 0
;LAYER_CHANGE
;Z:13.24
;HEIGHT:0.2
G92 E0 ; zero the extruded length again
; BEFORE_LAYER_CHANGE 65 @ 13.24mm
G1 E-1.75 F6000
;WIPE_START
G1 F6205.95
G1 X77.357 Y81.128 E-.75
;WIPE_END
; AFTER_LAYER_CHANGE 65 @ 13.24mm
;_SET_FAN_SPEED_CHANGING_LAYER
; printing object esp32_pod_lid.stl id:0 copy 0
G17
G3 Z13.44 I0 J-.608 P1  F18000
G1 X76.611 Y81.128 Z13.44
G1 X140.984 Y144.389
G1 X140.984 Y144.389
G1 X140.995 Y144.79
G1 Z13.24
G1 E2.5 F6000
M204 P1000
;TYPE:Outer wall
;WIDTH:0.42
G1 F3600
G1 X79.005 Y144.79 E1.84644
G3 X76.21 Y141.995 I.004 J-2.8 E.13074
G1 X76.21 Y78.005 E1.90602
G3 X79.005 Y75.21 I2.8 J.005 E.13074
G1 X140.995 Y75.21 E1.84644
G1 X141.292 Y75.226 E.00886
G3 X143.79 Y78.005 I-.294 J2.777 E.12197
G1 X143.79 Y141.995 E1.90601
G3 X141.054 Y144.789 I-2.8 J-.004 E.12895
G1 X141.034 Y144.387 F18000
G1 X140.984 Y144.389
G1 X140.984 Y144.389
G1 X140.984 Y144.398
M204 P1500
;TYPE:Inner wall
;WIDTH:0.45
G1 F6000
G1 X79.016 Y144.398 E1.99268
G3 X76.602 Y141.984 I-.006 J-2.408 E.122
G1 X76.602 Y78.016 E2.057
G3 X79.016 Y75.602 I2.408 J-.006 E.12199
G1 X140.984 Y75.602 E1.99268
G1 X141.251 Y75.616 E.00857
G3 X143.398 Y78.016 I-.259 J2.392 E.11345
G1 X143.398 Y141.984 E2.05699
G3 X141.044 Y144.397 I-2.408 J.006 E.12007
G1 X140.974 Y143.991 F18000
G1 F6000
G1 X79.026 Y143.991 E1.992
G3 X77.009 Y141.974 I-.016 J-2.001 E.10212
G1 X77.009 Y78.026 E2.05631
G3 X79.026 Y76.009 I2.001 J-.016 E.10212
G1 X140.974 Y76.009 E1.992
G1 X141.208 Y76.021 E.00754
G3 X142.991 Y78.026 I-.241 J2.01 E.09432
G1 X142.991 Y141.974 E2.05631
G3 X141.033 Y143.99 I-2.001 J.016 E.1002
G1 E-1.75
;WIPE_START
G1 X140.033 Y143.99 E-.75
;WIPE_END
G1 X140.033 Y144.389 Z13.44 F18000
G1 X139.53 Y112.11
G1 X139.509 Y111.709
G1 Z13.24
G1 E2.5 F6000
M204 P1000
;TYPE:Outer wall
;WIDTH:0.42
G1 F3600
G1 X139.856 Y111.674 E.01037
G2 X139.856 Y108.327 I-.347 J-1.673 E.13912
G2 X139.406 Y108.295 I-.356 J1.795 E.01348
G2 X139.449 Y111.708 I.103 J1.706 E.15508
G1 X139.428 Y112.108 F18000
G1 X139.5 Y112.112
G1 X139.538 Y112.11
G1 X139.537 Y112.099
M204 P1500
;TYPE:Inner wall
;WIDTH:0.45
G1 F6000
G1 X139.937 Y112.057 E.01293
G2 X140.15 Y108 I-.429 J-2.057 E.17736
G2 X139.385 Y107.903 I-.746 J2.819 E.02487
G2 X139.477 Y112.101 I.123 J2.097 E.20732
G1 X139.539 Y112.509 F18000
G1 F6000
G1 X139.762 Y112.496 E.00718
G2 X140.276 Y107.612 I-.253 J-2.495 E.22019
G2 X139.364 Y107.496 I-.758 J2.319 E.02975
G2 X139.479 Y112.509 I.146 J2.504 E.24774
G1 E-1.75
;WIPE_START
G1 X139.762 Y112.496 E-.21228
G1 X140.022 Y112.456 E-.19714
G1 X140.276 Y112.388 E-.19712
G1 X140.454 Y112.319 E-.14346
;WIPE_END
G1 X140.312 Y111.947 Z13.44 F18000
G1 X81.721 Y111.722
G1 X81.556 Y111.829
G1 X81.359 Y111.929
G1 X81.153 Y112.008
G1 X80.939 Y112.066
G1 X80.721 Y112.1
G1 X80.53 Y112.11
G1 X80.509 Y111.709
G1 Z13.24
G1 E2.5 F6000
M204 P1000
;TYPE:Outer wall
;WIDTH:0.42
G1 F3600
G1 X80.856 Y111.674 E.01037
G2 X80.856 Y108.327 I-.347 J-1.673 E.13912
G2 X80.406 Y108.295 I-.356 J1.795 E.01348
G2 X80.449 Y111.708 I.103 J1.706 E.15508
G1 X80.428 Y112.108 F18000
G1 X80.5 Y112.112
G1 X80.538 Y112.11
G1 X80.537 Y112.099
M204 P1500
;TYPE:Inner wall
;WIDTH:0.45
G1 F6000
G1 X80.937 Y112.057 E.01293
G2 X81.15 Y108 I-.429 J-2.057 E.17736
G2 X80.385 Y107.903 I-.746 J2.819 E.02487
G2 X80.477 Y112.101 I.123 J2.097 E.20732
G1 X80.539 Y112.509 F18000
G1 F6000
G1 X80.762 Y112.496 E.00718
G2 X81.276 Y107.612 I-.253 J-2.495 E.22019
G2 X80.364 Y107.496 I-.758 J2.319 E.02975
G2 X80.479 Y112.509 I.146 J2.504 E.24774
G1 E-1.75
;WIPE_START
G1 X80.762 Y112.496 E-.21228
G1 X81.022 Y112.456 E-.19714
G1 X81.276 Y112.388 E-.19712
G1 X81.454 Y112.319 E-.14346
;WIPE_END
G1 X81.312 Y111.947 Z13.44 F18000
G1 X83.574 Y128.675
G1 X83.68 Y129.343
G1 X83.855 Y129.997
G1 X84.097 Y130.628
G1 X84.404 Y131.231
G1 X84.772 Y131.798
G1 X85.198 Y132.324
G1 X85.676 Y132.802
G1 X86.202 Y133.228
G1 X86.769 Y133.596
G1 X87.372 Y133.903
G1 X88.003 Y134.145
G1 X88.657 Y134.32
G1 X89.325 Y134.426
G1 X90 Y134.462
G1 X90.021 Y134.461
G1 X90 Y134.06
G1 Z13.24
G1 E2.5 F6000
M204 P1000
;TYPE:Outer wall
;WIDTH:0.42
G1 F3600
G2 X95.536 Y125.535 I.006 J-6.056 E.35928
G2 X89.702 Y121.955 I-5.524 J2.459 E.21673
G2 X89.94 Y134.059 I.304 J6.048 E.55568
G1 X89.919 Y134.457 F18000
G1 X89.98 Y134.461
G1 X89.981 Y134.452
M204 P1500
;TYPE:Inner wall
;WIDTH:0.45
G1 F6000
G1 X90 Y134.452 E.00061
G2 X96.137 Y126.006 I.006 J-6.448 E.39124
G2 X89.682 Y121.564 I-6.143 J2.015 E.27071
G2 X89.326 Y134.416 I.324 J6.44 E.61908
G1 X89.921 Y134.449 E.01917
G1 X89.961 Y134.859 F18000
G1 F6000
G1 X90 Y134.851 E.00127
G2 X90 Y121.139 I0 J-6.856 E.69259
G1 X89.66 Y121.157 E.01094
G1 X89.283 Y121.177 E.01215
G2 X89.284 Y134.814 I.717 J6.818 E.64644
G1 X89.901 Y134.855 E.0199
G1 X89.132 Y143.643 F18000
M204 P2000
;TYPE:Sparse infill
G1 F6205.95
G1 X91.415 Y143.643 E.07343
G1 X77.357 Y129.585 E.6393
G1 X77.357 Y127.098 E.07997
G1 X93.902 Y143.643 E.7524
G1 X96.389 Y143.643 E.07997
G1 X87.498 Y134.751 E.40434
G3 X83.249 Y130.502 I2.506 J-6.755 E.19935
G1 X77.357 Y124.611 E.26791
G1 X77.357 Y122.124 E.07997
G1 X82.813 Y127.579 E.24808
G3 X83.24 Y125.52 I11.684 J1.353 E.06772
G1 X77.357 Y119.637 E.26753
G1 X77.357 Y117.15 E.07997
G1 X84.09 Y123.882 E.30616
G3 X85.265 Y122.57 I14.955 J12.216 E.05665
G1 X77.357 Y114.663 E.35961
G1 X77.357 Y112.176 E.07997
G1 X86.755 Y121.573 E.42736
G3 X88.601 Y120.932 I5.598 J13.147 E.06289
G1 X80.527 Y112.858 E.36719
G3 X77.642 Y109.973 I-.021 J-2.864 E.14601
G1 X77.357 Y109.689 E.01294
G1 X77.357 Y107.202 E.07997
G1 X78.316 Y108.16 E.04358
G3 X79.859 Y107.216 I2.197 J1.858 E.05917
G1 X77.357 Y104.715 E.11374
G1 X77.357 Y102.228 E.07997
G1 X118.772 Y143.643 E1.88339
G1 X116.285 Y143.643 E.07997
G1 X83.284 Y110.641 E1.50076
G3 X82.34 Y112.184 I-2.802 J-.655 E.05917
G1 X91.03 Y120.874 E.39517
G3 X97.126 Y126.97 I-1.032 J7.128 E.29722
G1 X113.798 Y143.643 E.75819
G1 X111.311 Y143.643 E.07997
G1 X97.068 Y129.399 E.64775
G3 X96.427 Y131.245 I-13.788 J-3.752 E.06289
G1 X108.824 Y143.643 E.56379
G1 X106.337 Y143.643 E.07997
G1 X95.43 Y132.735 E.49603
G3 X94.118 Y133.91 I-13.526 J-13.778 E.05665
G1 X103.85 Y143.643 E.44259
G1 X101.363 Y143.643 E.07997
G1 X92.48 Y134.76 E.40396
G3 X90.421 Y135.187 I-3.412 J-11.256 E.06772
G1 X98.876 Y143.643 E.38451
G1 X96.593 Y143.643 E.07343
G1 X77.385 Y142.229 F18000
G1 F6205.95
G2 X78.977 Y143.64 I1.714 J-.331 E.07353
G1 X77.365 Y142.027 E.07333
G1 X77.357 Y139.533 E.08021
G1 X81.467 Y143.643 E.1869
G1 X83.954 Y143.643 E.07997
G1 X77.357 Y137.046 E.3
G1 X77.357 Y134.559 E.07997
G1 X86.441 Y143.643 E.4131
G1 X88.928 Y143.643 E.07997
G1 X77.357 Y132.072 E.5262
G1 X77.357 Y129.788 E.07343
G1 X77.357 Y82.128 F18000
G1 F6205.95
G1 X77.357 Y79.844 E.07343
G1 X141.137 Y143.624 E2.90044
G2 X142.543 Y142.543 I-.257 J-1.789 E.05961
G1 X77.457 Y77.457 E2.95984
G3 X78.863 Y76.376 I1.663 J.707 E.05961
G1 X142.643 Y140.156 E2.90044
G1 X142.643 Y137.669 E.07997
G1 X81.331 Y76.357 E2.78818
G1 X83.818 Y76.357 E.07997
G1 X142.643 Y135.182 E2.67508
G1 X142.643 Y132.695 E.07997
G1 X86.305 Y76.357 E2.56198
G1 X88.792 Y76.357 E.07997
G1 X142.643 Y130.208 E2.44889
G1 X142.643 Y127.721 E.07997
G1 X91.28 Y76.357 E2.33579
G1 X93.563 Y76.357 E.07343
G1 X105.998 Y76.357 F18000
G1 F6205.95
G1 X103.715 Y76.357 E.07343
G1 X136.716 Y109.359 E1.50076
G3 X137.66 Y107.816 I2.802 J.655 E.05917
G1 X106.202 Y76.357 E1.4306
G1 X108.689 Y76.357 E.07997
G1 X139.481 Y107.15 E1.40033
G3 X142.358 Y110.027 I-.003 J2.879 E.14527
G1 X142.643 Y110.311 E.01294
G1 X142.643 Y112.798 E.07997
G1 X141.684 Y111.84 E.04358
G3 X140.141 Y112.784 I-2.197 J-1.858 E.05917
G1 X142.643 Y115.285 E.11374
G1 X142.643 Y117.772 E.07997
G1 X101.228 Y76.357 E1.88339
G1 X98.741 Y76.357 E.07997
G1 X142.643 Y120.259 E1.99649
G1 X142.643 Y122.746 E.07997
G1 X96.254 Y76.357 E2.10959
G1 X93.767 Y76.357 E.07997
G1 X142.643 Y125.233 E2.22269
G1 X142.643 Y127.517 E.07343
G1 X136.385 Y143.643 F18000
G1 F6205.95
G1 X138.669 Y143.643 E.07343
G1 X77.357 Y82.331 E2.78818
G1 X77.357 Y84.818 E.07997
G1 X136.182 Y143.643 E2.67508
G1 X133.695 Y143.643 E.07997
G1 X77.357 Y87.305 E2.56198
G1 X77.357 Y89.792 E.07997
G1 X131.208 Y143.643 E2.44889
G1 X128.721 Y143.643 E.07997
G1 X77.357 Y92.28 E2.33579
G1 X77.357 Y94.767 E.07997
G1 X126.233 Y143.643 E2.22269
G1 X123.746 Y143.643 E.07997
G1 X77.357 Y97.254 E2.10959
G1 X77.357 Y99.741 E.07997
G1 X121.259 Y143.643 E1.99649
G1 X118.976 Y143.643 E.07343
G1 X142.643 Y110.108 F18000
G1 F6205.95
G1 X142.643 Y107.824 E.07343
G1 X111.176 Y76.357 E1.43099
G1 X113.663 Y76.357 E.07997
G1 X142.643 Y105.337 E1.31789
G1 X142.643 Y102.85 E.07997
G1 X116.15 Y76.357 E1.20479
G1 X118.637 Y76.357 E.07997
G1 X142.643 Y100.363 E1.09169
G1 X142.643 Y97.876 E.07997
G1 X121.124 Y76.357 E.97859
G1 X123.407 Y76.357 E.07343
G1 X130.868 Y76.357 F18000
G1 F6205.95
G1 X128.585 Y76.357 E.07343
G1 X142.643 Y90.415 E.6393
G1 X142.643 Y87.928 E.07997
G1 X131.072 Y76.357 E.5262
G1 X133.559 Y76.357 E.07997
G1 X142.643 Y85.441 E.4131
G1 X142.643 Y82.954 E.07997
G1 X136.046 Y76.357 E.3
G1 X138.533 Y76.357 E.07997
G1 X142.643 Y80.467 E.1869
G2 X142.64 Y77.977 I-23.811 J-1.216 E.08011
G1 X141.023 Y76.36 E.07352
G3 X142.619 Y77.775 I-.074 J1.692 E.0742
G1 X142.643 Y90.619 F18000
G1 F6205.95
G1 X142.643 Y92.902 E.07343
G1 X126.098 Y76.357 E.7524
G1 X123.611 Y76.357 E.07997
G1 X142.643 Y95.389 E.8655
G1 X142.643 Y93.106 E.07343
; stop printing object esp32_pod_lid.stl id:0 copy 0
;LAYER_CHANGE
;Z:13.44
;HEIGHT:0.2
G92 E0 ; zero the extruded length again
; BEFORE_LAYER_CHANGE 66 @ 13.44mm
G1 E-1.75 F6000
;WIPE_START
G1 F6205.95
G1 X142.643 Y94.106 E-.75
;WIPE_END
; AFTER_LAYER_CHANGE 66 @ 13.44mm
;_SET_FAN_SPEED_CHANGING_LAYER
; printing object esp32_pod_lid.stl id:0 copy 0
G17
G3 Z13.64 I0 J.608 P1  F18000
G1 X143.389 Y94.106 Z13.64
G1 X140.984 Y144.389
G1 X140.984 Y144.389
G1 X140.995 Y144.79
G1 Z13.44
G1 E2.5 F6000
M204 P1000
;TYPE:Outer wall
;WIDTH:0.42
G1 F3600
G1 X79.005 Y144.79 E1.84644
G3 X76.21 Y141.995 I.004 J-2.8 E.13074
G1 X76.21 Y78.005 E1.90602
G3 X79.005 Y75.21 I2.8 J.005 E.13074
G1 X140.995 Y75.21 E1.84644
G1 X141.292 Y75.226 E.00886
G3 X143.79 Y78.005 I-.294 J2.777 E.12197
G1 X143.79 Y141.995 E1.90601
G3 X141.054 Y144.789 I-2.8 J-.004 E.12895
G1 X141.034 Y144.387 F18000
G1 X140.984 Y144.389
G1 X140.984 Y144.389
G1 X140.984 Y144.398
M204 P1500
;TYPE:Inner wall
;WIDTH:0.45
G1 F6000
G1 X79.016 Y144.398 E1.99268
G3 X76.602 Y141.984 I-.006 J-2.408 E.122
G1 X76.602 Y78.016 E2.057
G3 X79.016 Y75.602 I2.408 J-.006 E.12199
G1 X140.984 Y75.602 E1.99268
G1 X141.251 Y75.616 E.00857
G3 X143.398 Y78.016 I-.259 J2.392 E.11345
G1 X143.398 Y141.984 E2.05699
G3 X141.044 Y144.397 I-2.408 J.006 E.12007
G1 X140.974 Y143.991 F18000
G1 F6000
G1 X79.026 Y143.991 E1.992
G3 X77.009 Y141.974 I-.016 J-2.001 E.10212
G1 X77.009 Y78.026 E2.05631
G3 X79.026 Y76.009 I2.001 J-.016 E.10212
G1 X140.974 Y76.009 E1.992
G1 X141.208 Y76.021 E.00754
G3 X142.991 Y78.026 I-.241 J2.01 E.09432
G1 X142.991 Y141.974 E2.05631
G3 X141.033 Y143.99 I-2.001 J.016 E.1002
G1 E-1.75
;WIPE_START
G1 X140.033 Y143.99 E-.75
;WIPE_END
G1 X140.033 Y144.389 Z13.64 F18000
G1 X139.527 Y112.11
G1 X139.506 Y111.71
G1 Z13.44
G1 E2.5 F6000
M204 P1000
;TYPE:Outer wall
;WIDTH:0.42
G1 F3600
G1 X139.856 Y111.674 E.01046
G2 X139.856 Y108.327 I-.347 J-1.673 E.13911
G2 X139.398 Y108.295 I-.356 J1.796 E.0137
G2 X139.446 Y111.708 I.11 J1.706 E.15479
G1 X139.425 Y112.108 F18000
G1 X139.5 Y112.112
G1 X139.538 Y112.11
G1 X139.537 Y112.099
M204 P1500
;TYPE:Inner wall
;WIDTH:0.45
G1 F6000
G1 X139.937 Y112.057 E.01293
G2 X140.15 Y108 I-.43 J-2.057 E.17735
G2 X139.378 Y107.903 I-.742 J2.798 E.0251
G2 X139.477 Y112.101 I.13 J2.097 E.20709
G1 X139.539 Y112.509 F18000
G1 F6000
G1 X139.762 Y112.496 E.00718
G2 X140.276 Y107.612 I-.253 J-2.495 E.22019
G2 X139.356 Y107.497 I-.758 J2.321 E.02998
G2 X139.479 Y112.509 I.153 J2.504 E.24751
G1 E-1.75
;WIPE_START
G1 X139.762 Y112.496 E-.21228
G1 X140.022 Y112.456 E-.19714
G1 X140.276 Y112.388 E-.19712
G1 X140.454 Y112.319 E-.14345
;WIPE_END
G1 X140.312 Y111.947 Z13.64 F18000
G1 X81.72 Y111.722
G1 X81.556 Y111.829
G1 X81.359 Y111.929
G1 X81.153 Y112.008
G1 X80.939 Y112.066
G1 X80.721 Y112.1
G1 X80.527 Y112.11
G1 X80.506 Y111.71
G1 Z13.44
G1 E2.5 F6000
M204 P1000
;TYPE:Outer wall
;WIDTH:0.42
G1 F3600
G1 X80.856 Y111.674 E.01046
G2 X80.856 Y108.327 I-.347 J-1.673 E.13911
G2 X80.398 Y108.295 I-.356 J1.796 E.0137
G2 X80.446 Y111.708 I.11 J1.706 E.15479
G1 X80.425 Y112.108 F18000
G1 X80.5 Y112.112
G1 X80.538 Y112.11
G1 X80.537 Y112.099
M204 P1500
;TYPE:Inner wall
;WIDTH:0.45
G1 F6000
G1 X80.937 Y112.057 E.01293
G2 X81.15 Y108 I-.43 J-2.057 E.17735
G2 X80.378 Y107.903 I-.742 J2.798 E.0251
G2 X80.477 Y112.101 I.13 J2.097 E.20709
G1 X80.539 Y112.509 F18000
G1 F6000
G1 X80.762 Y112.496 E.00718
G2 X81.276 Y107.612 I-.253 J-2.495 E.22019
G2 X80.356 Y107.497 I-.758 J2.321 E.02998
G2 X80.479 Y112.509 I.153 J2.504 E.24751
G1 E-1.75
;WIPE_START
G1 X80.762 Y112.496 E-.21228
G1 X81.022 Y112.456 E-.19714
G1 X81.276 Y112.388 E-.19712
G1 X81.454 Y112.319 E-.14345
;WIPE_END
G1 X81.312 Y111.947 Z13.64 F18000
G1 X83.574 Y128.675
G1 X83.68 Y129.343
G1 X83.855 Y129.997
G1 X84.097 Y130.628
G1 X84.404 Y131.231
G1 X84.772 Y131.798
G1 X85.198 Y132.324
G1 X85.676 Y132.802
G1 X86.202 Y133.228
G1 X86.769 Y133.596
G1 X87.372 Y133.903
G1 X88.003 Y134.145
G1 X88.657 Y134.32
G1 X89.325 Y134.426
G1 X90 Y134.462
G1 X90.021 Y134.461
G1 X90 Y134.06
G1 Z13.44
G1 E2.5 F6000
M204 P1000
;TYPE:Outer wall
;WIDTH:0.42
G1 F3600
G2 X95.536 Y125.535 I.006 J-6.056 E.35928
G2 X89.668 Y121.957 I-5.524 J2.459 E.21776
G2 X89.94 Y134.059 I.339 J6.047 E.55465
G1 X89.919 Y134.457 F18000
G1 X89.98 Y134.461
G1 X89.981 Y134.452
M204 P1500
;TYPE:Inner wall
;WIDTH:0.45
G1 F6000
G1 X90 Y134.452 E.00062
G2 X96.137 Y126.006 I.006 J-6.448 E.39124
G2 X89.647 Y121.565 I-6.143 J2.015 E.27182
G2 X89.326 Y134.416 I.359 J6.438 E.61797
G1 X89.921 Y134.449 E.01917
G1 X89.961 Y134.859 F18000
G1 F6000
G1 X90 Y134.851 E.00127
G2 X90 Y121.139 I0 J-6.856 E.69259
G1 X89.626 Y121.159 E.01204
G1 X89.283 Y121.177 E.01105
G2 X89.284 Y134.814 I.717 J6.818 E.64644
G1 X89.901 Y134.855 E.0199
G1 X89.132 Y143.643 F18000
M204 P2000
;TYPE:Sparse infill
G1 F6205.95
G1 X91.415 Y143.643 E.07343
G1 X77.357 Y129.585 E.6393
G1 X77.357 Y127.098 E.07997
G1 X93.902 Y143.643 E.7524
G1 X96.389 Y143.643 E.07997
G1 X87.498 Y134.751 E.40434
G3 X83.249 Y130.502 I2.506 J-6.755 E.19935
G1 X77.357 Y124.611 E.26791
G1 X77.357 Y122.124 E.07997
G1 X82.813 Y127.579 E.24808
G3 X83.24 Y125.52 I11.684 J1.353 E.06772
G1 X77.357 Y119.637 E.26753
G1 X77.357 Y117.15 E.07997
G1 X84.09 Y123.882 E.30616
G3 X85.265 Y122.57 I14.955 J12.216 E.05665
G1 X77.357 Y114.663 E.35961
G1 X77.357 Y112.176 E.07997
G1 X86.755 Y121.573 E.42736
G3 X88.601 Y120.932 I5.598 J13.147 E.06289
G1 X80.527 Y112.858 E.36719
G3 X77.642 Y109.973 I-.021 J-2.864 E.14601
G1 X77.357 Y109.689 E.01294
G1 X77.357 Y107.202 E.07997
G1 X78.316 Y108.16 E.04358
G3 X79.859 Y107.216 I2.197 J1.858 E.05917
G1 X77.357 Y104.715 E.11374
G1 X77.357 Y102.228 E.07997
G1 X118.772 Y143.643 E1.88339
G1 X116.285 Y143.643 E.07997
G1 X83.284 Y110.641 E1.50076
G3 X82.34 Y112.184 I-2.802 J-.655 E.05917
G1 X91.03 Y120.874 E.39517
G3 X97.126 Y126.97 I-1.032 J7.128 E.29722
G1 X113.798 Y143.643 E.75819
G1 X111.311 Y143.643 E.07997
G1 X97.068 Y129.399 E.64775
G3 X96.427 Y131.245 I-13.788 J-3.752 E.06289
G1 X108.824 Y143.643 E.56379
G1 X106.337 Y143.643 E.07997
G1 X95.43 Y132.735 E.49603
G3 X94.118 Y133.91 I-13.527 J-13.779 E.05665
G1 X103.85 Y143.643 E.44259
G1 X101.363 Y143.643 E.07997
G1 X92.48 Y134.76 E.40396
G3 X90.421 Y135.187 I-3.412 J-11.256 E.06772
G1 X98.876 Y143.643 E.38451
G1 X96.593 Y143.643 E.07343
G1 X77.385 Y142.229 F18000
G1 F6205.95
G2 X78.977 Y143.64 I1.714 J-.331 E.07353
G1 X77.365 Y142.027 E.07333
G1 X77.357 Y139.533 E.08021
G1 X81.467 Y143.643 E.1869
G1 X83.954 Y143.643 E.07997
G1 X77.357 Y137.046 E.3
G1 X77.357 Y134.559 E.07997
G1 X86.441 Y143.643 E.4131
G1 X88.928 Y143.643 E.07997
G1 X77.357 Y132.072 E.5262
G1 X77.357 Y129.788 E.07343
G1 X77.357 Y82.128 F18000
G1 F6205.95
G1 X77.357 Y79.844 E.07343
G1 X141.137 Y143.624 E2.90044
G2 X142.543 Y142.543 I-.257 J-1.789 E.05961
G1 X77.457 Y77.457 E2.95984
G3 X78.863 Y76.376 I1.663 J.707 E.05961
G1 X142.643 Y140.156 E2.90044
G1 X142.643 Y137.669 E.07997
G1 X81.331 Y76.357 E2.78818
G1 X83.818 Y76.357 E.07997
G1 X142.643 Y135.182 E2.67508
G1 X142.643 Y132.695 E.07997
G1 X86.305 Y76.357 E2.56198
G1 X88.792 Y76.357 E.07997
G1 X142.643 Y130.208 E2.44889
G1 X142.643 Y127.721 E.07997
G1 X91.28 Y76.357 E2.33579
G1 X93.563 Y76.357 E.07343
G1 X105.998 Y76.357 F18000
G1 F6205.95
G1 X103.715 Y76.357 E.07343
G1 X136.716 Y109.359 E1.50076
G3 X137.66 Y107.816 I2.802 J.655 E.05917
G1 X106.202 Y76.357 E1.4306
G1 X108.689 Y76.357 E.07997
G1 X139.482 Y107.15 E1.40034
G3 X142.358 Y110.027 I-.002 J2.879 E.14526
G1 X142.643 Y110.311 E.01294
G1 X142.643 Y112.798 E.07997
G1 X141.684 Y111.84 E.04358
G3 X140.141 Y112.784 I-2.197 J-1.858 E.05917
G1 X142.643 Y115.285 E.11374
G1 X142.643 Y117.772 E.07997
G1 X101.228 Y76.357 E1.88339
G1 X98.741 Y76.357 E.07997
G1 X142.643 Y120.259 E1.99649
G1 X142.643 Y122.746 E.07997
G1 X96.254 Y76.357 E2.10959
G1 X93.767 Y76.357 E.07997
G1 X142.643 Y125.233 E2.22269
G1 X142.643 Y127.517 E.07343
G1 X136.385 Y143.643 F18000
G1 F6205.95
G1 X138.669 Y143.643 E.07343
G1 X77.357 Y82.331 E2.78818
G1 X77.357 Y84.818 E.07997
G1 X136.182 Y143.643 E2.67508
G1 X133.695 Y143.643 E.07997
G1 X77.357 Y87.305 E2.56198
G1 X77.357 Y89.792 E.07997
G1 X131.208 Y143.643 E2.44889
G1 X128.721 Y143.643 E.07997
G1 X77.357 Y92.28 E2.33579
G1 X77.357 Y94.767 E.07997
G1 X126.233 Y143.643 E2.22269
G1 X123.746 Y143.643 E.07997
G1 X77.357 Y97.254 E2.10959
G1 X77.357 Y99.741 E.07997
G1 X121.259 Y143.643 E1.99649
G1 X118.976 Y143.643 E.07343
G1 X142.643 Y110.108 F18000
G1 F6205.95
G1 X142.643 Y107.824 E.07343
G1 X111.176 Y76.357 E1.43099
G1 X113.663 Y76.357 E.07997
G1 X142.643 Y105.337 E1.31789
G1 X142.643 Y102.85 E.07997
G1 X116.15 Y76.357 E1.20479
G1 X118.637 Y76.357 E.07997
G1 X142.643 Y100.363 E1.09169
G1 X142.643 Y97.876 E.07997
G1 X121.124 Y76.357 E.97859
G1 X123.407 Y76.357 E.07343
G1 X130.868 Y76.357 F18000
G1 F6205.95
G1 X128.585 Y76.357 E.07343
G1 X142.643 Y90.415 E.6393
G1 X142.643 Y87.928 E.07997
G1 X131.072 Y76.357 E.5262
G1 X133.559 Y76.357 E.07997
G1 X142.643 Y85.441 E.4131
G1 X142.643 Y82.954 E.07997
G1 X136.046 Y76.357 E.3
G1 X138.533 Y76.357 E.07997
G1 X142.643 Y80.467 E.1869
G2 X142.64 Y77.977 I-23.811 J-1.216 E.08011
G1 X141.023 Y76.36 E.07352
G3 X142.619 Y77.775 I-.074 J1.692 E.0742
G1 X142.643 Y90.619 F18000
G1 F6205.95
G1 X142.643 Y92.902 E.07343
G1 X126.098 Y76.357 E.7524
G1 X123.611 Y76.357 E.07997
G1 X142.643 Y95.389 E.8655
G1 X142.643 Y93.106 E.07343
; stop printing object esp32_pod_lid.stl id:0 copy 0
;LAYER_CHANGE
;Z:13.64
;HEIGHT:0.200001
G92 E0 ; zero the extruded length again
; BEFORE_LAYER_CHANGE 67 @ 13.64mm
G1 E-1.75 F6000
;WIPE_START
G1 F6205.95
G1 X142.643 Y94.106 E-.75
;WIPE_END
; AFTER_LAYER_CHANGE 67 @ 13.64mm
;_SET_FAN_SPEED_CHANGING_LAYER
; printing object esp32_pod_lid.stl id:0 copy 0
G17
G3 Z13.84 I0 J.608 P1  F18000
G1 X143.389 Y94.106 Z13.84
G1 X140.984 Y144.389
G1 X140.984 Y144.389
G1 X140.995 Y144.79
G1 Z13.64
G1 E2.5 F6000
M204 P1000
;TYPE:Outer wall
;WIDTH:0.42
G1 F3600
G1 X79.005 Y144.79 E1.84644
G3 X76.21 Y141.995 I.004 J-2.8 E.13074
G1 X76.21 Y78.005 E1.90602
G3 X79.005 Y75.21 I2.8 J.005 E.13074
G1 X140.995 Y75.21 E1.84644
G1 X141.292 Y75.226 E.00886
G3 X143.79 Y78.005 I-.294 J2.777 E.12197
G1 X143.79 Y141.995 E1.90601
G3 X141.054 Y144.789 I-2.8 J-.004 E.12895
G1 X141.034 Y144.387 F18000
G1 X140.984 Y144.389
G1 X140.984 Y144.389
G1 X140.984 Y144.398
M204 P1500
;TYPE:Inner wall
;WIDTH:0.45
G1 F6000
G1 X79.016 Y144.398 E1.99268
G3 X76.602 Y141.984 I-.006 J-2.408 E.122
G1 X76.602 Y78.016 E2.057
G3 X79.016 Y75.602 I2.408 J-.006 E.12199
G1 X140.984 Y75.602 E1.99268
G1 X141.251 Y75.616 E.00857
G3 X143.398 Y78.016 I-.259 J2.392 E.11345
G1 X143.398 Y141.984 E2.05699
G3 X141.044 Y144.397 I-2.408 J.006 E.12007
G1 X140.974 Y143.991 F18000
G1 F6000
G1 X79.026 Y143.991 E1.992
G3 X77.009 Y141.974 I-.016 J-2.001 E.10212
G1 X77.009 Y78.026 E2.05631
G3 X79.026 Y76.009 I2.001 J-.016 E.10212
G1 X140.974 Y76.009 E1.992
G1 X141.208 Y76.021 E.00754
G3 X142.991 Y78.026 I-.241 J2.01 E.09432
G1 X142.991 Y141.974 E2.05631
G3 X141.033 Y143.99 I-2.001 J.016 E.1002
G1 E-1.75
;WIPE_START
G1 X140.033 Y143.99 E-.75
;WIPE_END
G1 X140.033 Y144.389 Z13.84 F18000
G1 X139.524 Y112.11
G1 X139.503 Y111.71
G1 Z13.64
G1 E2.5 F6000
M204 P1000
;TYPE:Outer wall
;WIDTH:0.42
G1 F3600
G1 X139.856 Y111.674 E.01055
G2 X139.856 Y108.327 I-.348 J-1.673 E.13909
G2 X139.391 Y108.295 I-.356 J1.799 E.01391
G2 X139.443 Y111.708 I.117 J1.705 E.15451
G1 X139.422 Y112.108 F18000
G1 X139.5 Y112.112
G1 X139.538 Y112.11
G1 X139.537 Y112.099
M204 P1500
;TYPE:Inner wall
;WIDTH:0.45
G1 F6000
G1 X139.937 Y112.058 E.01293
G2 X139.937 Y107.943 I-.427 J-2.058 E.18464
G2 X139.37 Y107.904 I-.437 J2.21 E.01832
G2 X139.477 Y112.102 I.14 J2.097 E.20673
G1 X139.539 Y112.509 F18000
G1 F6000
G1 X139.762 Y112.496 E.00718
G2 X140.276 Y107.612 I-.253 J-2.495 E.22017
G2 X139.349 Y107.497 I-.759 J2.323 E.03022
G2 X139.479 Y112.508 I.16 J2.503 E.24729
G1 E-1.75
;WIPE_START
G1 X139.762 Y112.496 E-.21228
G1 X140.022 Y112.456 E-.19713
G1 X140.276 Y112.388 E-.19713
G1 X140.454 Y112.319 E-.14346
;WIPE_END
G1 X140.312 Y111.947 Z13.84 F18000
G1 X81.719 Y111.723
G1 X81.556 Y111.829
G1 X81.359 Y111.929
G1 X81.153 Y112.008
G1 X80.939 Y112.066
G1 X80.721 Y112.1
G1 X80.524 Y112.11
G1 X80.503 Y111.71
G1 Z13.64
G1 E2.5 F6000
M204 P1000
;TYPE:Outer wall
;WIDTH:0.42
G1 F3600
G1 X80.856 Y111.674 E.01055
G2 X80.856 Y108.327 I-.348 J-1.673 E.13909
G2 X80.391 Y108.295 I-.356 J1.799 E.01391
G2 X80.443 Y111.708 I.117 J1.705 E.15451
G1 X80.422 Y112.108 F18000
G1 X80.5 Y112.112
G1 X80.538 Y112.11
G1 X80.537 Y112.099
M204 P1500
;TYPE:Inner wall
;WIDTH:0.45
G1 F6000
G1 X80.937 Y112.058 E.01293
G2 X80.937 Y107.943 I-.427 J-2.058 E.18464
G2 X80.37 Y107.904 I-.437 J2.21 E.01832
G2 X80.477 Y112.102 I.14 J2.097 E.20673
G1 X80.539 Y112.509 F18000
G1 F6000
G1 X80.762 Y112.496 E.00718
G2 X81.276 Y107.612 I-.253 J-2.495 E.22017
G2 X80.349 Y107.497 I-.759 J2.323 E.03022
G2 X80.479 Y112.508 I.16 J2.503 E.24729
G1 E-1.75
;WIPE_START
G1 X80.762 Y112.496 E-.21228
G1 X81.022 Y112.456 E-.19713
G1 X81.276 Y112.388 E-.19713
G1 X81.454 Y112.319 E-.14347
;WIPE_END
G1 X81.312 Y111.947 Z13.84 F18000
G1 X83.574 Y128.675
G1 X83.68 Y129.343
G1 X83.855 Y129.997
G1 X84.097 Y130.628
G1 X84.404 Y131.231
G1 X84.772 Y131.798
G1 X85.198 Y132.324
G1 X85.676 Y132.802
G1 X86.202 Y133.228
G1 X86.769 Y133.596
G1 X87.372 Y133.903
G1 X88.003 Y134.145
G1 X88.657 Y134.32
G1 X89.325 Y134.426
G1 X89.662 Y134.444
G1 X89.979 Y134.461
G1 X90 Y134.06
G1 Z13.64
G1 E2.5 F6000
M204 P1000
;TYPE:Outer wall
;WIDTH:0.42
G1 F3600
G2 X95.248 Y124.97 I.007 J-6.056 E.37821
G2 X89.633 Y121.959 I-5.255 J3.058 E.19975
G2 X89.94 Y134.059 I.373 J6.045 E.55361
G1 X89.919 Y134.457 F18000
G1 X89.98 Y134.461
G1 X89.981 Y134.452
M204 P1500
;TYPE:Inner wall
;WIDTH:0.45
G1 F6000
G1 X90 Y134.444 E.00067
G2 X90 Y121.547 I0 J-6.449 E.65144
G1 X89.613 Y121.567 E.01246
G1 X89.325 Y121.582 E.00926
G2 X89.326 Y134.409 I.674 J6.413 E.60804
G1 X89.921 Y134.448 E.01916
G1 X89.961 Y134.859 F18000
G1 F6000
G1 X90 Y134.851 E.00127
G2 X90 Y121.139 I0 J-6.856 E.69259
G1 X89.592 Y121.161 E.01315
G1 X89.283 Y121.177 E.00994
G2 X89.284 Y134.814 I.717 J6.818 E.64644
G1 X89.901 Y134.855 E.0199
G1 X81.283 Y143.643 F18000
M204 P2000
;TYPE:Sparse infill
G1 F6205.95
G3 X78.997 Y143.641 I-1.124 J-21.859 E.07354
G3 X78.151 Y142.953 I2.287 J-3.682 E.03517
G1 X77.357 Y141.929 E.04164
G1 X77.357 Y139.442 E.07997
G2 X78.291 Y140.606 I5.053 J-3.096 E.04809
G1 X79.674 Y141.709 E.05691
G1 X80.638 Y142.953 E.05059
G2 X81.487 Y143.643 I3.143 J-3.003 E.03528
G1 X83.974 Y143.643 E.07997
G3 X83.125 Y142.953 I2.294 J-3.693 E.03528
G1 X82.161 Y141.709 E.05059
G1 X80.638 Y140.466 E.06324
G1 X79.534 Y139.082 E.05691
G1 X78.291 Y138.119 E.05059
G3 X77.357 Y136.955 I4.12 J-4.26 E.04809
G1 X77.357 Y134.468 E.07997
G2 X78.291 Y135.632 I5.053 J-3.096 E.04809
G1 X79.534 Y136.595 E.05059
G1 X80.638 Y137.979 E.05691
G1 X82.021 Y139.082 E.05691
G1 X83.125 Y140.466 E.05691
G1 X84.648 Y141.709 E.06324
G1 X85.612 Y142.953 E.05059
G2 X86.461 Y143.643 I3.143 J-3.003 E.03528
G1 X88.948 Y143.643 E.07997
G3 X88.099 Y142.953 I2.294 J-3.693 E.03528
G1 X87.135 Y141.709 E.05059
G1 X85.612 Y140.466 E.06324
G1 X84.648 Y139.222 E.05059
G1 X83.125 Y137.979 E.06324
G1 X82.161 Y136.735 E.05059
G1 X80.638 Y135.492 E.06324
G1 X79.534 Y134.108 E.05691
G1 X78.291 Y133.145 E.05059
G3 X77.357 Y131.981 I4.12 J-4.26 E.04809
G1 X77.357 Y129.494 E.07997
G2 X78.291 Y130.658 I5.053 J-3.096 E.04809
G1 X79.534 Y131.621 E.05059
G1 X80.778 Y133.145 E.06324
G1 X82.021 Y134.108 E.05059
G1 X83.125 Y135.492 E.05691
G1 X84.508 Y136.595 E.05691
G1 X85.612 Y137.979 E.05691
G1 X87.135 Y139.222 E.06324
G1 X88.099 Y140.466 E.05059
G1 X89.622 Y141.709 E.06324
G1 X90.586 Y142.953 E.05059
G2 X91.435 Y143.643 I3.143 J-3.003 E.03528
G1 X93.922 Y143.643 E.07997
G3 X93.073 Y142.953 I2.293 J-3.693 E.03528
G1 X92.109 Y141.709 E.05059
G1 X90.726 Y140.606 E.05691
G1 X89.622 Y139.222 E.05691
G1 X88.239 Y138.119 E.05691
G1 X87.135 Y136.735 E.05691
G1 X85.752 Y135.632 E.05691
G1 X84.648 Y134.248 E.05691
G1 X83.265 Y133.145 E.05691
G1 X82.161 Y131.761 E.05691
G1 X80.778 Y130.658 E.05691
G1 X79.534 Y129.134 E.06324
G1 X78.291 Y128.171 E.05059
G3 X77.357 Y127.007 I4.12 J-4.26 E.04809
G1 X77.357 Y124.52 E.07997
G2 X78.291 Y125.684 I5.053 J-3.096 E.04809
G1 X79.534 Y126.647 E.05059
G1 X80.778 Y128.171 E.06324
G1 X82.161 Y129.274 E.05691
G1 X83.125 Y130.518 E.05059
G3 X83.414 Y130.932 I-.397 J.585 E.01662
G2 X87.536 Y134.766 I6.896 J-3.282 E.18539
G2 X88.239 Y135.632 I3.764 J-2.336 E.03595
G1 X89.622 Y136.735 E.05691
G1 X90.586 Y137.979 E.05059
G1 X92.109 Y139.222 E.06324
G1 X93.213 Y140.606 E.05691
G1 X94.596 Y141.709 E.05691
G1 X95.56 Y142.953 E.05059
G2 X96.409 Y143.643 I3.143 J-3.003 E.03528
G1 X98.896 Y143.643 E.07997
G3 X98.047 Y142.953 I2.293 J-3.693 E.03528
G1 X97.083 Y141.709 E.05059
G1 X95.56 Y140.466 E.06324
G1 X94.596 Y139.222 E.05059
G1 X93.213 Y138.119 E.05691
G1 X91.969 Y136.595 E.06324
G1 X90.726 Y135.632 E.05059
G3 X90.352 Y135.191 I1.551 J-1.691 E.01862
G2 X92.5 Y134.752 I-1.151 J-11.106 E.07058
G2 X93.213 Y135.632 I3.823 J-2.371 E.03651
G1 X94.456 Y136.595 E.05059
G1 X95.7 Y138.119 E.06324
G1 X96.943 Y139.082 E.05059
G1 X98.187 Y140.606 E.06324
G1 X99.57 Y141.709 E.05691
G1 X100.534 Y142.953 E.05059
G2 X101.383 Y143.643 I3.143 J-3.003 E.03528
G1 X103.87 Y143.643 E.07997
G3 X103.021 Y142.953 I2.293 J-3.693 E.03528
G1 X101.917 Y141.569 E.05691
G1 X100.674 Y140.606 E.05059
G1 X99.43 Y139.082 E.06324
G1 X98.187 Y138.119 E.05059
G1 X97.083 Y136.735 E.05691
G1 X95.56 Y135.492 E.06324
G1 X94.596 Y134.248 E.05059
G2 X94.163 Y133.881 I-1.664 J1.524 E.01832
G2 X95.389 Y132.785 I-20.174 J-23.808 E.0529
G2 X95.7 Y133.145 I1.574 J-1.043 E.01532
G1 X96.943 Y134.108 E.05059
G1 X98.187 Y135.632 E.06324
G1 X99.43 Y136.595 E.05059
G1 X100.674 Y138.119 E.06324
G1 X101.917 Y139.082 E.05059
G1 X103.161 Y140.606 E.06324
G1 X104.544 Y141.709 E.05691
G1 X105.508 Y142.953 E.05059
G2 X106.357 Y143.643 I3.143 J-3.003 E.03528
G1 X108.844 Y143.643 E.07997
G3 X107.995 Y142.953 I2.293 J-3.693 E.03528
G1 X106.891 Y141.569 E.05691
G1 X105.648 Y140.606 E.05059
G1 X104.404 Y139.082 E.06324
G1 X103.161 Y138.119 E.05059
G1 X101.917 Y136.595 E.06324
G1 X100.674 Y135.632 E.05059
G1 X99.57 Y134.248 E.05691
G1 X98.047 Y133.005 E.06324
G1 X97.083 Y131.761 E.05059
G2 X96.435 Y131.228 I-2.426 J2.286 E.02705
G2 X97.087 Y129.279 I-11.284 J-4.853 E.06616
G1 X98.047 Y130.518 E.0504
G1 X99.43 Y131.621 E.05691
G1 X100.534 Y133.005 E.05691
G1 X102.057 Y134.248 E.06324
G1 X103.161 Y135.632 E.05691
G1 X104.404 Y136.595 E.05059
G1 X105.648 Y138.119 E.06324
G1 X106.891 Y139.082 E.05059
G1 X108.135 Y140.606 E.06324
G1 X109.518 Y141.709 E.05691
G1 X110.482 Y142.953 E.05059
G2 X111.331 Y143.643 I3.143 J-3.003 E.03528
G1 X113.818 Y143.643 E.07997
G3 X112.969 Y142.953 I2.294 J-3.693 E.03528
G1 X112.005 Y141.709 E.05059
G1 X110.622 Y140.606 E.05691
G1 X109.518 Y139.222 E.05691
G1 X108.135 Y138.119 E.05691
G1 X107.031 Y136.735 E.05691
G1 X105.648 Y135.632 E.05691
G1 X104.544 Y134.248 E.05691
G1 X103.161 Y133.145 E.05691
G1 X102.057 Y131.761 E.05691
G1 X100.674 Y130.658 E.05691
G1 X99.43 Y129.134 E.06324
G1 X98.047 Y128.031 E.05691
G1 X97.101 Y126.81 E.04966
G2 X95.722 Y123.626 I-8.244 J1.679 E.11237
G1 X94.835 Y122.653 F18000
G1 F6205.95
G2 X90.914 Y120.855 I-4.888 J5.486 E.1408
G3 X90.586 Y120.57 I.962 J-1.435 E.01402
G1 X89.482 Y119.186 E.05691
G1 X88.239 Y118.223 E.05059
G1 X86.995 Y116.699 E.06324
G1 X85.752 Y115.736 E.05059
G1 X84.648 Y114.352 E.05691
G1 X83.265 Y113.249 E.05691
G3 X82.413 Y112.125 I3.069 J-3.209 E.04553
G2 X83.255 Y110.752 I-2.242 J-2.318 E.05234
G1 X84.648 Y111.865 E.05735
G1 X85.612 Y113.109 E.05059
G1 X86.995 Y114.212 E.05691
G1 X88.099 Y115.596 E.05691
G1 X89.482 Y116.699 E.05691
G1 X90.586 Y118.083 E.05691
G1 X92.109 Y119.326 E.06324
G1 X93.073 Y120.57 E.05059
G1 X94.456 Y121.673 E.05691
G1 X95.56 Y123.057 E.05691
G1 X96.943 Y124.16 E.05691
G1 X98.047 Y125.544 E.05691
G1 X99.43 Y126.647 E.05691
G1 X100.534 Y128.031 E.05691
G1 X102.057 Y129.274 E.06324
G1 X103.161 Y130.658 E.05691
G1 X104.544 Y131.761 E.05691
G1 X105.648 Y133.145 E.05691
G1 X106.891 Y134.108 E.05059
G1 X108.135 Y135.632 E.06324
G1 X109.378 Y136.595 E.05059
G1 X110.622 Y138.119 E.06324
G1 X111.865 Y139.082 E.05059
G1 X113.109 Y140.606 E.06324
G1 X114.352 Y141.569 E.05059
G1 X115.456 Y142.953 E.05691
G2 X116.305 Y143.643 I3.143 J-3.003 E.03528
G1 X114.022 Y143.643 E.07343
G1 X136.405 Y143.643 F18000
G1 F6205.95
G1 X138.688 Y143.643 E.07343
G3 X137.839 Y142.953 I2.294 J-3.693 E.03528
G1 X136.875 Y141.709 E.05059
G1 X135.492 Y140.606 E.05691
G1 X134.248 Y139.082 E.06324
G1 X133.005 Y138.119 E.05059
G1 X131.901 Y136.735 E.05691
G1 X130.518 Y135.632 E.05691
G1 X129.414 Y134.248 E.05691
G1 X128.031 Y133.145 E.05691
G1 X126.927 Y131.761 E.05691
G1 X125.544 Y130.658 E.05691
G1 X124.44 Y129.274 E.05691
G1 X123.057 Y128.171 E.05691
G1 X121.953 Y126.787 E.05691
G1 X120.57 Y125.684 E.05691
G1 X119.466 Y124.3 E.05691
G1 X118.083 Y123.197 E.05691
G1 X116.979 Y121.813 E.05691
G1 X115.596 Y120.71 E.05691
G1 X114.352 Y119.186 E.06324
G1 X113.109 Y118.223 E.05059
G1 X112.005 Y116.839 E.05691
G1 X110.622 Y115.736 E.05691
G1 X109.518 Y114.352 E.05691
G1 X108.135 Y113.249 E.05691
G1 X107.031 Y111.865 E.05691
G1 X105.508 Y110.622 E.06324
G1 X104.404 Y109.238 E.05691
G1 X103.161 Y108.275 E.05059
G1 X101.917 Y106.751 E.06324
G1 X100.674 Y105.788 E.05059
G1 X99.43 Y104.264 E.06324
G1 X98.187 Y103.301 E.05059
G1 X96.943 Y101.777 E.06324
G1 X95.56 Y100.674 E.05691
G1 X94.456 Y99.29 E.05691
G1 X93.213 Y98.327 E.05059
G1 X92.109 Y96.943 E.05691
G1 X90.726 Y95.84 E.05691
G1 X89.622 Y94.456 E.05691
G1 X88.239 Y93.353 E.05691
G1 X86.995 Y91.829 E.06324
G1 X85.612 Y90.726 E.05691
G1 X84.508 Y89.342 E.05691
G1 X83.265 Y88.379 E.05059
G1 X82.161 Y86.995 E.05691
G1 X80.778 Y85.892 E.05691
G1 X79.534 Y84.368 E.06324
G1 X78.291 Y83.405 E.05059
G3 X77.357 Y82.241 I4.12 J-4.26 E.04809
G1 X77.357 Y79.754 E.07997
G2 X78.291 Y80.918 I5.053 J-3.096 E.04809
G1 X79.534 Y81.881 E.05059
G1 X80.638 Y83.265 E.05691
G1 X82.021 Y84.368 E.05691
G1 X83.265 Y85.892 E.06324
G1 X84.508 Y86.855 E.05059
G1 X85.612 Y88.239 E.05691
G1 X86.995 Y89.342 E.05691
G1 X88.099 Y90.726 E.05691
G1 X89.482 Y91.829 E.05691
G1 X90.726 Y93.353 E.06324
G1 X92.109 Y94.456 E.05691
G1 X93.213 Y95.84 E.05691
G1 X94.456 Y96.803 E.05059
G1 X95.7 Y98.327 E.06324
G1 X96.943 Y99.29 E.05059
G1 X98.187 Y100.814 E.06324
G1 X99.43 Y101.777 E.05059
G1 X100.674 Y103.301 E.06324
G1 X101.917 Y104.264 E.05059
G1 X103.021 Y105.648 E.05691
G1 X104.404 Y106.751 E.05691
G1 X105.508 Y108.135 E.05691
G1 X106.891 Y109.238 E.05691
G1 X107.995 Y110.622 E.05691
G1 X109.378 Y111.725 E.05691
G1 X110.622 Y113.249 E.06324
G1 X112.005 Y114.352 E.05691
G1 X113.109 Y115.736 E.05691
G1 X114.352 Y116.699 E.05059
G1 X115.596 Y118.223 E.06324
G1 X116.839 Y119.186 E.05059
G1 X118.083 Y120.71 E.06324
G1 X119.326 Y121.673 E.05059
G1 X120.57 Y123.197 E.06324
G1 X121.813 Y124.16 E.05059
G1 X122.917 Y125.544 E.05691
G1 X124.3 Y126.647 E.05691
G1 X125.404 Y128.031 E.05691
G1 X126.927 Y129.274 E.06324
G1 X127.891 Y130.518 E.05059
G1 X129.414 Y131.761 E.06324
G1 X130.518 Y133.145 E.05691
G1 X131.901 Y134.248 E.05691
G1 X133.005 Y135.632 E.05691
G1 X134.248 Y136.595 E.05059
G1 X135.492 Y138.119 E.06324
G1 X136.735 Y139.082 E.05059
G1 X137.979 Y140.606 E.06324
G1 X139.362 Y141.709 E.05691
G1 X140.326 Y142.953 E.05059
G2 X141.15 Y143.623 I3.052 J-2.912 E.03424
G2 X142.525 Y142.582 I-.271 J-1.788 E.05783
G2 X141.709 Y141.569 I-4.399 J2.71 E.04193
G1 X140.466 Y140.606 E.05059
G1 X139.362 Y139.222 E.05691
G1 X137.979 Y138.119 E.05691
G1 X136.875 Y136.735 E.05691
G1 X135.352 Y135.492 E.06324
G1 X134.388 Y134.248 E.05059
G1 X133.005 Y133.145 E.05691
G1 X131.901 Y131.761 E.05691
G1 X130.518 Y130.658 E.05691
G1 X129.414 Y129.274 E.05691
G1 X127.891 Y128.031 E.06324
G1 X126.787 Y126.647 E.05691
G1 X125.544 Y125.684 E.05059
G1 X124.3 Y124.16 E.06324
G1 X123.057 Y123.197 E.05059
G1 X121.813 Y121.673 E.06324
G1 X120.57 Y120.71 E.05059
G1 X119.326 Y119.186 E.06324
G1 X118.083 Y118.223 E.05059
G1 X116.839 Y116.699 E.06324
G1 X115.596 Y115.736 E.05059
G1 X114.492 Y114.352 E.05691
G1 X113.109 Y113.249 E.05691
G1 X112.005 Y111.865 E.05691
G1 X110.622 Y110.762 E.05691
G1 X109.518 Y109.378 E.05691
G1 X107.995 Y108.135 E.06324
G1 X106.891 Y106.751 E.05691
G1 X105.648 Y105.788 E.05059
G1 X104.404 Y104.264 E.06324
G1 X103.161 Y103.301 E.05059
G1 X101.917 Y101.777 E.06324
G1 X100.674 Y100.814 E.05059
G1 X99.43 Y99.29 E.06324
G1 X98.187 Y98.327 E.05059
G1 X96.943 Y96.803 E.06324
G1 X95.7 Y95.84 E.05059
G1 X94.596 Y94.456 E.05691
G1 X93.213 Y93.353 E.05691
G1 X92.109 Y91.969 E.05691
G1 X90.726 Y90.866 E.05691
G1 X89.622 Y89.482 E.05691
G1 X88.099 Y88.239 E.06324
G1 X86.995 Y86.855 E.05691
G1 X85.612 Y85.752 E.05691
G1 X84.648 Y84.508 E.05059
G1 X83.125 Y83.265 E.06324
G1 X82.021 Y81.881 E.05691
G1 X80.638 Y80.778 E.05691
G1 X79.534 Y79.394 E.05691
G1 X78.291 Y78.431 E.05059
G3 X77.475 Y77.418 I3.583 J-3.723 E.04193
G3 X78.85 Y76.377 I1.647 J.747 E.05783
G3 X79.674 Y77.047 I-2.228 J3.582 E.03424
G1 X80.638 Y78.291 E.05059
G1 X82.021 Y79.394 E.05691
G1 X83.125 Y80.778 E.05691
G1 X84.508 Y81.881 E.05691
G1 X85.752 Y83.405 E.06324
G1 X86.995 Y84.368 E.05059
G1 X88.099 Y85.752 E.05691
G1 X89.482 Y86.855 E.05691
G1 X90.586 Y88.239 E.05691
G1 X91.969 Y89.342 E.05691
G1 X93.073 Y90.726 E.05691
G1 X94.456 Y91.829 E.05691
G1 X95.56 Y93.213 E.05691
G1 X96.943 Y94.316 E.05691
G1 X98.047 Y95.7 E.05691
G1 X99.43 Y96.803 E.05691
G1 X100.674 Y98.327 E.06324
G1 X101.917 Y99.29 E.05059
G1 X103.161 Y100.814 E.06324
G1 X104.404 Y101.777 E.05059
G1 X105.648 Y103.301 E.06324
G1 X106.891 Y104.264 E.05059
G1 X107.995 Y105.648 E.05691
G1 X109.378 Y106.751 E.05691
G1 X110.482 Y108.135 E.05691
G1 X111.865 Y109.238 E.05691
G1 X113.109 Y110.762 E.06324
G1 X114.492 Y111.865 E.05691
G1 X115.596 Y113.249 E.05691
G1 X116.979 Y114.352 E.05691
G1 X118.083 Y115.736 E.05691
G1 X119.326 Y116.699 E.05059
G1 X120.57 Y118.223 E.06324
G1 X121.813 Y119.186 E.05059
G1 X123.057 Y120.71 E.06324
G1 X124.3 Y121.673 E.05059
G1 X125.544 Y123.197 E.06324
G1 X126.787 Y124.16 E.05059
G1 X127.891 Y125.544 E.05691
G1 X129.274 Y126.647 E.05691
G1 X130.378 Y128.031 E.05691
G1 X131.761 Y129.134 E.05691
G1 X133.005 Y130.658 E.06324
G1 X134.388 Y131.761 E.05691
G1 X135.492 Y133.145 E.05691
G1 X136.735 Y134.108 E.05059
G1 X137.839 Y135.492 E.05691
G1 X139.222 Y136.595 E.05691
G1 X140.466 Y138.119 E.06324
G1 X141.709 Y139.082 E.05059
G3 X142.643 Y140.246 I-4.12 J4.26 E.04809
G1 X142.643 Y137.963 E.07343
G1 X142.643 Y135.068 F18000
G1 F6205.95
G1 X142.643 Y132.785 E.07343
G2 X141.709 Y131.621 I-5.053 J3.096 E.04809
G1 X140.466 Y130.658 E.05059
G1 X139.362 Y129.274 E.05691
G1 X137.979 Y128.171 E.05691
G1 X136.875 Y126.787 E.05691
G1 X135.492 Y125.684 E.05691
G1 X134.388 Y124.3 E.05691
G1 X133.005 Y123.197 E.05691
G1 X131.761 Y121.673 E.06324
G1 X130.378 Y120.57 E.05691
G1 X129.274 Y119.186 E.05691
G1 X127.891 Y118.083 E.05691
G1 X126.927 Y116.839 E.05059
G1 X125.404 Y115.596 E.06324
G1 X124.3 Y114.212 E.05691
G1 X122.917 Y113.109 E.05691
G1 X121.813 Y111.725 E.05691
G1 X120.43 Y110.622 E.05691
G1 X119.326 Y109.238 E.05691
G1 X117.943 Y108.135 E.05691
G1 X116.839 Y106.751 E.05691
G1 X115.456 Y105.648 E.05691
G1 X114.352 Y104.264 E.05691
G1 X112.969 Y103.161 E.05691
G1 X111.865 Y101.777 E.05691
G1 X110.482 Y100.674 E.05691
G1 X109.378 Y99.29 E.05691
G1 X108.135 Y98.327 E.05059
G1 X106.891 Y96.803 E.06324
G1 X105.648 Y95.84 E.05059
G1 X104.544 Y94.456 E.05691
G1 X103.161 Y93.353 E.05691
G1 X102.057 Y91.969 E.05691
G1 X100.534 Y90.726 E.06324
G1 X99.57 Y89.482 E.05059
G1 X98.187 Y88.379 E.05691
G1 X97.083 Y86.995 E.05691
G1 X95.7 Y85.892 E.05691
G1 X94.596 Y84.508 E.05691
G1 X93.073 Y83.265 E.06324
G1 X92.109 Y82.021 E.05059
G1 X90.586 Y80.778 E.06324
G1 X89.482 Y79.394 E.05691
G1 X88.099 Y78.291 E.05691
G1 X87.135 Y77.047 E.05059
G2 X86.286 Y76.357 I-3.143 J3.003 E.03528
G1 X83.799 Y76.357 E.07997
G3 X84.648 Y77.047 I-2.294 J3.693 E.03528
G1 X85.612 Y78.291 E.05059
G1 X87.135 Y79.534 E.06324
G1 X88.099 Y80.778 E.05059
G1 X89.482 Y81.881 E.05691
G1 X90.586 Y83.265 E.05691
G1 X91.969 Y84.368 E.05691
G1 X93.073 Y85.752 E.05691
G1 X94.456 Y86.855 E.05691
G1 X95.56 Y88.239 E.05691
G1 X96.943 Y89.342 E.05691
G1 X98.047 Y90.726 E.05691
G1 X99.43 Y91.829 E.05691
G1 X100.534 Y93.213 E.05691
G1 X101.917 Y94.316 E.05691
G1 X103.021 Y95.7 E.05691
G1 X104.404 Y96.803 E.05691
G1 X105.508 Y98.187 E.05691
G1 X107.031 Y99.43 E.06324
G1 X107.995 Y100.674 E.05059
G1 X109.378 Y101.777 E.05691
G1 X110.482 Y103.161 E.05691
G1 X111.865 Y104.264 E.05691
G1 X112.969 Y105.648 E.05691
G1 X114.352 Y106.751 E.05691
G1 X115.456 Y108.135 E.05691
G1 X116.839 Y109.238 E.05691
G1 X117.943 Y110.622 E.05691
G1 X119.326 Y111.725 E.05691
G1 X120.43 Y113.109 E.05691
G1 X121.813 Y114.212 E.05691
G1 X123.057 Y115.736 E.06324
G1 X124.3 Y116.699 E.05059
G1 X125.544 Y118.223 E.06324
G1 X126.787 Y119.186 E.05059
G1 X128.031 Y120.71 E.06324
G1 X129.274 Y121.673 E.05059
G1 X130.378 Y123.057 E.05691
G1 X131.761 Y124.16 E.05691
G1 X132.865 Y125.544 E.05691
G1 X134.248 Y126.647 E.05691
G1 X135.492 Y128.171 E.06324
G1 X136.875 Y129.274 E.05691
G1 X137.979 Y130.658 E.05691
G1 X139.362 Y131.761 E.05691
G1 X140.466 Y133.145 E.05691
G1 X141.709 Y134.108 E.05059
G3 X142.643 Y135.272 I-4.12 J4.26 E.04809
G1 X142.643 Y137.759 E.07997
G2 X141.709 Y136.595 I-5.053 J3.096 E.04809
G1 X140.466 Y135.632 E.05059
G1 X139.362 Y134.248 E.05691
G1 X137.979 Y133.145 E.05691
G1 X136.735 Y131.621 E.06324
G1 X135.492 Y130.658 E.05059
G1 X134.388 Y129.274 E.05691
G1 X133.005 Y128.171 E.05691
G1 X131.901 Y126.787 E.05691
G1 X130.518 Y125.684 E.05691
G1 X129.274 Y124.16 E.06324
G1 X127.891 Y123.057 E.05691
G1 X126.787 Y121.673 E.05691
G1 X125.544 Y120.71 E.05059
G1 X124.3 Y119.186 E.06324
G1 X123.057 Y118.223 E.05059
G1 X121.813 Y116.699 E.06324
G1 X120.57 Y115.736 E.05059
G1 X119.326 Y114.212 E.06324
G1 X118.083 Y113.249 E.05059
G1 X116.979 Y111.865 E.05691
G1 X115.596 Y110.762 E.05691
G1 X114.492 Y109.378 E.05691
G1 X113.109 Y108.275 E.05691
G1 X112.005 Y106.891 E.05691
G1 X110.622 Y105.788 E.05691
G1 X109.378 Y104.264 E.06324
G1 X107.995 Y103.161 E.05691
G1 X106.891 Y101.777 E.05691
G1 X105.648 Y100.814 E.05059
G1 X104.404 Y99.29 E.06324
G1 X103.161 Y98.327 E.05059
G1 X101.917 Y96.803 E.06324
G1 X100.674 Y95.84 E.05059
G1 X99.43 Y94.316 E.06324
G1 X98.187 Y93.353 E.05059
G1 X97.083 Y91.969 E.05691
G1 X95.7 Y90.866 E.05691
G1 X94.596 Y89.482 E.05691
G1 X93.073 Y88.239 E.06324
G1 X92.109 Y86.995 E.05059
G1 X90.586 Y85.752 E.06324
G1 X89.482 Y84.368 E.05691
G1 X88.099 Y83.265 E.05691
G1 X86.995 Y81.881 E.05691
G1 X85.752 Y80.918 E.05059
G1 X84.508 Y79.394 E.06324
G1 X83.125 Y78.291 E.05691
G1 X82.161 Y77.047 E.05059
G2 X81.312 Y76.357 I-3.143 J3.003 E.03528
G1 X83.595 Y76.357 E.07343
G1 X91.056 Y76.357 F18000
G1 F6205.95
G1 X88.773 Y76.357 E.07343
G3 X89.622 Y77.047 I-2.294 J3.693 E.03528
G1 X90.586 Y78.291 E.05059
G1 X91.969 Y79.394 E.05691
G1 X93.073 Y80.778 E.05691
G1 X94.456 Y81.881 E.05691
G1 X95.56 Y83.265 E.05691
G1 X96.943 Y84.368 E.05691
G1 X98.047 Y85.752 E.05691
G1 X99.57 Y86.995 E.06324
G1 X100.534 Y88.239 E.05059
G1 X101.917 Y89.342 E.05691
G1 X103.021 Y90.726 E.05691
G1 X104.404 Y91.829 E.05691
G1 X105.508 Y93.213 E.05691
G1 X106.891 Y94.316 E.05691
G1 X108.135 Y95.84 E.06324
G1 X109.518 Y96.943 E.05691
G1 X110.482 Y98.187 E.05059
G1 X111.865 Y99.29 E.05691
G1 X112.969 Y100.674 E.05691
G1 X114.352 Y101.777 E.05691
G1 X115.456 Y103.161 E.05691
G1 X116.839 Y104.264 E.05691
G1 X117.943 Y105.648 E.05691
G1 X119.326 Y106.751 E.05691
G1 X120.43 Y108.135 E.05691
G1 X121.813 Y109.238 E.05691
G1 X122.917 Y110.622 E.05691
G1 X124.3 Y111.725 E.05691
G1 X125.404 Y113.109 E.05691
G1 X126.787 Y114.212 E.05691
G1 X127.891 Y115.596 E.05691
G1 X129.414 Y116.839 E.06324
G1 X130.378 Y118.083 E.05059
G1 X131.761 Y119.186 E.05691
G1 X132.865 Y120.57 E.05691
G1 X134.248 Y121.673 E.05691
G1 X135.352 Y123.057 E.05691
G1 X136.735 Y124.16 E.05691
G1 X137.839 Y125.544 E.05691
G1 X139.362 Y126.787 E.06324
G1 X140.466 Y128.171 E.05691
G1 X141.709 Y129.134 E.05059
G3 X142.643 Y130.298 I-4.12 J4.26 E.04809
G1 X142.643 Y127.811 E.07997
G2 X141.709 Y126.647 I-5.053 J3.096 E.04809
G1 X140.466 Y125.684 E.05059
G1 X139.362 Y124.3 E.05691
G1 X137.839 Y123.057 E.06324
G1 X136.875 Y121.813 E.05059
G1 X135.352 Y120.57 E.06324
G1 X134.248 Y119.186 E.05691
G1 X132.865 Y118.083 E.05691
G1 X131.761 Y116.699 E.05691
G1 X130.378 Y115.596 E.05691
G1 X129.414 Y114.352 E.05059
G1 X128.031 Y113.249 E.05691
G1 X126.787 Y111.725 E.06324
G1 X125.544 Y110.762 E.05059
G1 X124.44 Y109.378 E.05691
G1 X122.917 Y108.135 E.06324
G1 X121.953 Y106.891 E.05059
G1 X120.57 Y105.788 E.05691
G1 X119.466 Y104.404 E.05691
G1 X118.083 Y103.301 E.05691
G1 X116.979 Y101.917 E.05691
G1 X115.456 Y100.674 E.06324
G1 X114.492 Y99.43 E.05059
G1 X112.969 Y98.187 E.06324
G1 X111.865 Y96.803 E.05691
G1 X110.482 Y95.7 E.05691
G1 X109.518 Y94.456 E.05059
G1 X108.135 Y93.353 E.05691
G1 X107.031 Y91.969 E.05691
G1 X105.648 Y90.866 E.05691
G1 X104.544 Y89.482 E.05691
G1 X103.021 Y88.239 E.06324
G1 X102.057 Y86.995 E.05059
G1 X100.674 Y85.892 E.05691
G1 X99.57 Y84.508 E.05691
G1 X98.187 Y83.405 E.05691
G1 X97.083 Y82.021 E.05691
G1 X95.56 Y80.778 E.06324
G1 X94.596 Y79.534 E.05059
G1 X93.073 Y78.291 E.06324
G1 X92.109 Y77.047 E.05059
G2 X91.26 Y76.357 I-3.143 J3.003 E.03528
G1 X93.747 Y76.357 E.07997
G3 X94.596 Y77.047 I-2.294 J3.693 E.03528
G1 X95.56 Y78.291 E.05059
G1 X97.083 Y79.534 E.06324
G1 X98.047 Y80.778 E.05059
G1 X99.57 Y82.021 E.06324
G1 X100.674 Y83.405 E.05691
G1 X102.057 Y84.508 E.05691
G1 X103.021 Y85.752 E.05059
G1 X104.404 Y86.855 E.05691
G1 X105.508 Y88.239 E.05691
G1 X106.891 Y89.342 E.05691
G1 X107.995 Y90.726 E.05691
G1 X109.378 Y91.829 E.05691
G1 X110.482 Y93.213 E.05691
G1 X112.005 Y94.456 E.06324
G1 X112.969 Y95.7 E.05059
G1 X114.352 Y96.803 E.05691
G1 X115.456 Y98.187 E.05691
G1 X116.839 Y99.29 E.05691
G1 X117.943 Y100.674 E.05691
G1 X119.466 Y101.917 E.06324
G1 X120.57 Y103.301 E.05691
G1 X121.953 Y104.404 E.05691
G1 X122.917 Y105.648 E.05059
G1 X124.3 Y106.751 E.05691
G1 X125.404 Y108.135 E.05691
G1 X126.787 Y109.238 E.05691
G1 X127.891 Y110.622 E.05691
G1 X129.274 Y111.725 E.05691
G1 X130.518 Y113.249 E.06324
G1 X131.901 Y114.352 E.05691
G1 X132.865 Y115.596 E.05059
G1 X134.248 Y116.699 E.05691
G1 X135.352 Y118.083 E.05691
G1 X136.875 Y119.326 E.06324
G1 X137.839 Y120.57 E.05059
G1 X139.222 Y121.673 E.05691
G1 X140.466 Y123.197 E.06324
G1 X141.709 Y124.16 E.05059
G3 X142.643 Y125.324 I-4.12 J4.26 E.04809
G1 X142.643 Y122.837 E.07997
G2 X141.709 Y121.673 I-5.053 J3.096 E.04809
G1 X140.466 Y120.71 E.05059
G1 X139.362 Y119.326 E.05691
G1 X137.979 Y118.223 E.05691
G1 X136.875 Y116.839 E.05691
G1 X135.352 Y115.596 E.06324
G1 X134.388 Y114.352 E.05059
G1 X132.865 Y113.109 E.06324
G1 X131.901 Y111.865 E.05059
G1 X130.518 Y110.762 E.05691
G1 X129.414 Y109.378 E.05691
G1 X128.031 Y108.275 E.05691
G1 X126.787 Y106.751 E.06324
G1 X125.404 Y105.648 E.05691
G1 X124.44 Y104.404 E.05059
G1 X123.057 Y103.301 E.05691
G1 X121.953 Y101.917 E.05691
G1 X120.57 Y100.814 E.05691
G1 X119.466 Y99.43 E.05691
G1 X118.083 Y98.327 E.05691
G1 X116.979 Y96.943 E.05691
G1 X115.456 Y95.7 E.06324
G1 X114.492 Y94.456 E.05059
G1 X112.969 Y93.213 E.06324
G1 X112.005 Y91.969 E.05059
G1 X110.622 Y90.866 E.05691
G1 X109.518 Y89.482 E.05691
G1 X108.135 Y88.379 E.05691
G1 X106.891 Y86.855 E.06324
G1 X105.508 Y85.752 E.05691
G1 X104.544 Y84.508 E.05059
G1 X103.161 Y83.405 E.05691
G1 X102.057 Y82.021 E.05691
G1 X100.674 Y80.918 E.05691
G1 X99.57 Y79.534 E.05691
G1 X98.047 Y78.291 E.06324
G1 X97.083 Y77.047 E.05059
G2 X96.234 Y76.357 I-3.143 J3.003 E.03528
G1 X98.721 Y76.357 E.07997
G3 X99.57 Y77.047 I-2.294 J3.693 E.03528
G1 X100.534 Y78.291 E.05059
G1 X102.057 Y79.534 E.06324
G1 X103.161 Y80.918 E.05691
G1 X104.404 Y81.881 E.05059
G1 X105.508 Y83.265 E.05691
G1 X106.891 Y84.368 E.05691
G1 X107.995 Y85.752 E.05691
G1 X109.378 Y86.855 E.05691
G1 X110.482 Y88.239 E.05691
G1 X111.865 Y89.342 E.05691
G1 X113.109 Y90.866 E.06324
G1 X114.492 Y91.969 E.05691
G1 X115.456 Y93.213 E.05059
G1 X116.839 Y94.316 E.05691
G1 X117.943 Y95.7 E.05691
G1 X119.466 Y96.943 E.06324
G1 X120.43 Y98.187 E.05059
G1 X121.953 Y99.43 E.06324
G1 X122.917 Y100.674 E.05059
G1 X124.44 Y101.917 E.06324
G1 X125.404 Y103.161 E.05059
G1 X126.787 Y104.264 E.05691
G1 X127.891 Y105.648 E.05691
G1 X129.274 Y106.751 E.05691
G1 X130.378 Y108.135 E.05691
G1 X131.761 Y109.238 E.05691
G1 X132.865 Y110.622 E.05691
G1 X134.388 Y111.865 E.06324
G1 X135.352 Y113.109 E.05059
G1 X136.735 Y114.212 E.05691
G1 X137.839 Y115.596 E.05691
G1 X139.362 Y116.839 E.06324
G1 X140.466 Y118.223 E.05691
G1 X141.709 Y119.186 E.05059
G3 X142.643 Y120.35 I-4.12 J4.26 E.04809
G1 X142.643 Y117.863 E.07997
G2 X141.709 Y116.699 I-5.053 J3.096 E.04809
G1 X140.466 Y115.736 E.05059
G1 X139.362 Y114.352 E.05691
G1 X137.839 Y113.109 E.06324
G1 X136.875 Y111.865 E.05059
G1 X135.352 Y110.622 E.06324
G1 X134.388 Y109.378 E.05059
G1 X133.005 Y108.275 E.05691
G1 X131.901 Y106.891 E.05691
G1 X130.518 Y105.788 E.05691
G1 X129.274 Y104.264 E.06324
G1 X127.891 Y103.161 E.05691
G1 X126.927 Y101.917 E.05059
G1 X125.544 Y100.814 E.05691
G1 X124.44 Y99.43 E.05691
G1 X123.057 Y98.327 E.05691
G1 X121.953 Y96.943 E.05691
G1 X120.43 Y95.7 E.06324
G1 X119.466 Y94.456 E.05059
G1 X117.943 Y93.213 E.06324
G1 X116.839 Y91.829 E.05691
G1 X115.456 Y90.726 E.05691
G1 X114.352 Y89.342 E.05691
G1 X113.109 Y88.379 E.05059
G1 X111.865 Y86.855 E.06324
G1 X110.622 Y85.892 E.05059
G1 X109.378 Y84.368 E.06324
G1 X108.135 Y83.405 E.05059
G1 X106.891 Y81.881 E.06324
G1 X105.648 Y80.918 E.05059
G1 X104.544 Y79.534 E.05691
G1 X103.021 Y78.291 E.06324
G1 X102.057 Y77.047 E.05059
G2 X101.208 Y76.357 I-3.143 J3.003 E.03528
G1 X103.695 Y76.357 E.07997
G3 X104.544 Y77.047 I-2.294 J3.693 E.03528
G1 X105.648 Y78.431 E.05691
G1 X106.891 Y79.394 E.05059
G1 X108.135 Y80.918 E.06324
G1 X109.378 Y81.881 E.05059
G1 X110.622 Y83.405 E.06324
G1 X111.865 Y84.368 E.05059
G1 X113.109 Y85.892 E.06324
G1 X114.352 Y86.855 E.05059
G1 X115.456 Y88.239 E.05691
G1 X116.839 Y89.342 E.05691
G1 X117.943 Y90.726 E.05691
G1 X119.326 Y91.829 E.05691
G1 X120.43 Y93.213 E.05691
G1 X121.813 Y94.316 E.05691
G1 X122.917 Y95.7 E.05691
G1 X124.44 Y96.943 E.06324
G1 X125.404 Y98.187 E.05059
G1 X126.927 Y99.43 E.06324
G1 X127.891 Y100.674 E.05059
G1 X129.274 Y101.777 E.05691
G1 X130.378 Y103.161 E.05691
G1 X131.761 Y104.264 E.05691
G1 X133.005 Y105.788 E.06324
G1 X134.388 Y106.891 E.05691
G1 X135.352 Y108.135 E.05059
G1 X136.745 Y109.248 E.05735
G3 X137.618 Y107.85 I2.78 J.763 E.05376
G2 X136.735 Y106.751 I-4.771 J2.93 E.04543
G1 X135.492 Y105.788 E.05059
G1 X134.248 Y104.264 E.06324
G1 X133.005 Y103.301 E.05059
G1 X131.901 Y101.917 E.05691
G1 X130.518 Y100.814 E.05691
G1 X129.274 Y99.29 E.06324
G1 X128.031 Y98.327 E.05059
G1 X126.927 Y96.943 E.05691
G1 X125.544 Y95.84 E.05691
G1 X124.44 Y94.456 E.05691
G1 X123.057 Y93.353 E.05691
G1 X121.953 Y91.969 E.05691
G1 X120.57 Y90.866 E.05691
G1 X119.466 Y89.482 E.05691
G1 X118.083 Y88.379 E.05691
G1 X116.979 Y86.995 E.05691
G1 X115.596 Y85.892 E.05691
G1 X114.492 Y84.508 E.05691
G1 X113.109 Y83.405 E.05691
G1 X112.005 Y82.021 E.05691
G1 X110.622 Y80.918 E.05691
G1 X109.518 Y79.534 E.05691
G1 X107.995 Y78.291 E.06324
G1 X107.031 Y77.047 E.05059
G2 X106.182 Y76.357 I-3.143 J3.003 E.03528
G1 X108.669 Y76.357 E.07997
G3 X109.518 Y77.047 I-2.294 J3.693 E.03528
G1 X110.482 Y78.291 E.05059
G1 X111.865 Y79.394 E.05691
G1 X113.109 Y80.918 E.06324
G1 X114.352 Y81.881 E.05059
G1 X115.596 Y83.405 E.06324
G1 X116.839 Y84.368 E.05059
G1 X118.083 Y85.892 E.06324
G1 X119.326 Y86.855 E.05059
G1 X120.57 Y88.379 E.06324
G1 X121.953 Y89.482 E.05691
G1 X123.057 Y90.866 E.05691
G1 X124.44 Y91.969 E.05691
G1 X125.544 Y93.353 E.05691
G1 X126.927 Y94.456 E.05691
G1 X128.031 Y95.84 E.05691
G1 X129.414 Y96.943 E.05691
G1 X130.378 Y98.187 E.05059
G1 X131.901 Y99.43 E.06324
G1 X133.005 Y100.814 E.05691
G1 X134.388 Y101.917 E.05691
G1 X135.492 Y103.301 E.05691
G1 X136.875 Y104.404 E.05691
G1 X137.979 Y105.788 E.05691
G1 X139.222 Y106.751 E.05059
G3 X139.564 Y107.152 I-1.408 J1.548 E.01699
G3 X142.351 Y109.831 I-.052 J2.843 E.13666
G1 X142.643 Y107.711 F18000
G1 F6205.95
G1 X142.643 Y105.428 E.07343
G2 X141.709 Y104.264 I-5.053 J3.096 E.04809
G1 X140.466 Y103.301 E.05059
G1 X139.222 Y101.777 E.06324
G1 X137.979 Y100.814 E.05059
G1 X136.735 Y99.29 E.06324
G1 X135.492 Y98.327 E.05059
G1 X134.248 Y96.803 E.06324
G1 X133.005 Y95.84 E.05059
G1 X131.901 Y94.456 E.05691
G1 X130.518 Y93.353 E.05691
G1 X129.414 Y91.969 E.05691
G1 X128.031 Y90.866 E.05691
G1 X126.927 Y89.482 E.05691
G1 X125.544 Y88.379 E.05691
G1 X124.3 Y86.855 E.06324
G1 X122.917 Y85.752 E.05691
G1 X121.813 Y84.368 E.05691
G1 X120.43 Y83.265 E.05691
G1 X119.326 Y81.881 E.05691
G1 X118.083 Y80.918 E.05059
G1 X116.839 Y79.394 E.06324
G1 X115.456 Y78.291 E.05691
G1 X114.492 Y77.047 E.05059
G2 X113.643 Y76.357 I-3.143 J3.003 E.03528
G1 X111.156 Y76.357 E.07997
G3 X112.005 Y77.047 I-2.293 J3.693 E.03528
G1 X112.969 Y78.291 E.05059
G1 X114.352 Y79.394 E.05691
G1 X115.596 Y80.918 E.06324
G1 X116.839 Y81.881 E.05059
G1 X118.083 Y83.405 E.06324
G1 X119.326 Y84.368 E.05059
G1 X120.57 Y85.892 E.06324
G1 X121.813 Y86.855 E.05059
G1 X122.917 Y88.239 E.05691
G1 X124.3 Y89.342 E.05691
G1 X125.404 Y90.726 E.05691
G1 X126.927 Y91.969 E.06324
G1 X128.031 Y93.353 E.05691
G1 X129.274 Y94.316 E.05059
G1 X130.518 Y95.84 E.06324
G1 X131.761 Y96.803 E.05059
G1 X133.005 Y98.327 E.06324
G1 X134.248 Y99.29 E.05059
G1 X135.492 Y100.814 E.06324
G1 X136.735 Y101.777 E.05059
G1 X137.979 Y103.301 E.06324
G1 X139.362 Y104.404 E.05691
G1 X140.466 Y105.788 E.05691
G1 X141.709 Y106.751 E.05059
G3 X142.643 Y107.915 I-4.12 J4.26 E.04809
G1 X142.643 Y110.402 E.07997
G1 X142.358 Y110.034 E.01496
G3 X141.747 Y111.763 I-2.879 J-.045 E.06
G3 X142.643 Y112.889 I-3.991 J4.093 E.04639
G1 X142.643 Y115.376 E.07997
G2 X141.709 Y114.212 I-5.053 J3.096 E.04809
G1 X140.466 Y113.249 E.05059
G3 X140.085 Y112.798 I1.585 J-1.725 E.01901
G3 X136.697 Y109.446 I-.58 J-2.802 E.18116
G1 X142.643 Y85.328 F18000
G1 F6205.95
G1 X142.643 Y83.045 E.07343
G2 X141.709 Y81.881 I-5.053 J3.096 E.04809
G1 X140.466 Y80.918 E.05059
G1 X139.362 Y79.534 E.05691
G1 X137.839 Y78.291 E.06324
G1 X136.875 Y77.047 E.05059
G2 X136.026 Y76.357 I-3.143 J3.003 E.03528
G1 X138.513 Y76.357 E.07997
G3 X139.362 Y77.047 I-2.294 J3.693 E.03528
G1 X140.326 Y78.291 E.05059
G1 X141.709 Y79.394 E.05691
G3 X142.643 Y80.558 I-4.12 J4.26 E.04809
G1 X142.643 Y78.071 E.07997
G1 X141.849 Y77.047 E.04164
G2 X141.003 Y76.359 I-3.134 J2.994 E.03517
G2 X138.717 Y76.357 I-1.162 J21.865 E.07354
G1 X135.822 Y76.357 F18000
G1 F6205.95
G1 X133.539 Y76.357 E.07343
G3 X134.388 Y77.047 I-2.294 J3.693 E.03528
G1 X135.352 Y78.291 E.05059
G1 X136.875 Y79.534 E.06324
G1 X137.979 Y80.918 E.05691
G1 X139.362 Y82.021 E.05691
G1 X140.466 Y83.405 E.05691
G1 X141.709 Y84.368 E.05059
G3 X142.643 Y85.532 I-4.12 J4.26 E.04809
G1 X142.643 Y88.019 E.07997
G2 X141.709 Y86.855 I-5.053 J3.096 E.04809
G1 X140.466 Y85.892 E.05059
G1 X139.362 Y84.508 E.05691
G1 X137.839 Y83.265 E.06324
G1 X136.875 Y82.021 E.05059
G1 X135.352 Y80.778 E.06324
G1 X134.388 Y79.534 E.05059
G1 X132.865 Y78.291 E.06324
G1 X131.901 Y77.047 E.05059
G2 X131.052 Y76.357 I-3.143 J3.003 E.03528
G1 X128.565 Y76.357 E.07997
G3 X129.414 Y77.047 I-2.294 J3.693 E.03528
G1 X130.378 Y78.291 E.05059
G1 X131.901 Y79.534 E.06324
G1 X132.865 Y80.778 E.05059
G1 X134.388 Y82.021 E.06324
G1 X135.492 Y83.405 E.05691
G1 X136.875 Y84.508 E.05691
G1 X137.979 Y85.892 E.05691
G1 X139.222 Y86.855 E.05059
G1 X140.466 Y88.379 E.06324
G1 X141.709 Y89.342 E.05059
G3 X142.643 Y90.506 I-4.12 J4.26 E.04809
G1 X142.643 Y92.993 E.07997
G2 X141.709 Y91.829 I-5.053 J3.096 E.04809
G1 X140.466 Y90.866 E.05059
G1 X139.222 Y89.342 E.06324
G1 X137.839 Y88.239 E.05691
G1 X136.735 Y86.855 E.05691
G1 X135.352 Y85.752 E.05691
G1 X134.248 Y84.368 E.05691
G1 X132.865 Y83.265 E.05691
G1 X131.761 Y81.881 E.05691
G1 X130.378 Y80.778 E.05691
G1 X129.274 Y79.394 E.05691
G1 X127.891 Y78.291 E.05691
G1 X126.927 Y77.047 E.05059
G2 X126.078 Y76.357 I-3.143 J3.003 E.03528
G1 X123.591 Y76.357 E.07997
G3 X124.44 Y77.047 I-2.293 J3.692 E.03528
G1 X125.404 Y78.291 E.05059
G1 X126.787 Y79.394 E.05691
G1 X127.891 Y80.778 E.05691
G1 X129.274 Y81.881 E.05691
G1 X130.378 Y83.265 E.05691
G1 X131.901 Y84.508 E.06324
G1 X132.865 Y85.752 E.05059
G1 X134.388 Y86.995 E.06324
G1 X135.492 Y88.379 E.05691
G1 X136.875 Y89.482 E.05691
G1 X137.979 Y90.866 E.05691
G1 X139.222 Y91.829 E.05059
G1 X140.466 Y93.353 E.06324
G1 X141.709 Y94.316 E.05059
G3 X142.643 Y95.48 I-4.12 J4.26 E.04809
G1 X142.643 Y97.967 E.07997
G2 X141.709 Y96.803 I-5.053 J3.096 E.04809
G1 X140.466 Y95.84 E.05059
G1 X139.222 Y94.316 E.06324
G1 X137.979 Y93.353 E.05059
G1 X136.735 Y91.829 E.06324
G1 X135.492 Y90.866 E.05059
G1 X134.388 Y89.482 E.05691
G1 X133.005 Y88.379 E.05691
G1 X131.901 Y86.995 E.05691
G1 X130.378 Y85.752 E.06324
G1 X129.274 Y84.368 E.05691
G1 X127.891 Y83.265 E.05691
G1 X126.787 Y81.881 E.05691
G1 X125.404 Y80.778 E.05691
G1 X124.44 Y79.534 E.05059
G1 X122.917 Y78.291 E.06324
G1 X121.953 Y77.047 E.05059
G2 X121.104 Y76.357 I-3.143 J3.003 E.03528
G1 X118.617 Y76.357 E.07997
G3 X119.466 Y77.047 I-2.293 J3.692 E.03528
G1 X120.43 Y78.291 E.05059
G1 X121.813 Y79.394 E.05691
G1 X122.917 Y80.778 E.05691
G1 X124.3 Y81.881 E.05691
G1 X125.404 Y83.265 E.05691
G1 X126.787 Y84.368 E.05691
G1 X128.031 Y85.892 E.06324
G1 X129.414 Y86.995 E.05691
G1 X130.518 Y88.379 E.05691
G1 X131.901 Y89.482 E.05691
G1 X133.005 Y90.866 E.05691
G1 X134.388 Y91.969 E.05691
G1 X135.492 Y93.353 E.05691
G1 X136.735 Y94.316 E.05059
G1 X137.979 Y95.84 E.06324
G1 X139.222 Y96.803 E.05059
G1 X140.466 Y98.327 E.06324
G1 X141.709 Y99.29 E.05059
G3 X142.643 Y100.454 I-4.12 J4.26 E.04809
G1 X142.643 Y102.941 E.07997
G2 X141.709 Y101.777 I-5.053 J3.096 E.04809
G1 X140.466 Y100.814 E.05059
G1 X139.222 Y99.29 E.06324
G1 X137.979 Y98.327 E.05059
G1 X136.735 Y96.803 E.06324
G1 X135.492 Y95.84 E.05059
G1 X134.248 Y94.316 E.06324
G1 X132.865 Y93.213 E.05691
G1 X131.761 Y91.829 E.05691
G1 X130.518 Y90.866 E.05059
G1 X129.414 Y89.482 E.05691
G1 X127.891 Y88.239 E.06324
G1 X126.787 Y86.855 E.05691
G1 X125.404 Y85.752 E.05691
G1 X124.3 Y84.368 E.05691
G1 X123.057 Y83.405 E.05059
G1 X121.813 Y81.881 E.06324
G1 X120.57 Y80.918 E.05059
G1 X119.326 Y79.394 E.06324
G1 X117.943 Y78.291 E.05691
G1 X116.979 Y77.047 E.05059
G2 X116.13 Y76.357 I-3.143 J3.003 E.03528
G1 X118.413 Y76.357 E.07343
G1 X77.357 Y87.011 F18000
G1 F6205.95
G1 X77.357 Y84.728 E.07343
G2 X78.291 Y85.892 I5.053 J-3.096 E.04809
G1 X79.534 Y86.855 E.05059
G1 X80.638 Y88.239 E.05691
G1 X82.021 Y89.342 E.05691
G1 X83.125 Y90.726 E.05691
G1 X84.508 Y91.829 E.05691
G1 X85.752 Y93.353 E.06324
G1 X87.135 Y94.456 E.05691
G1 X88.239 Y95.84 E.05691
G1 X89.622 Y96.943 E.05691
G1 X90.726 Y98.327 E.05691
G1 X91.969 Y99.29 E.05059
G1 X93.213 Y100.814 E.06324
G1 X94.456 Y101.777 E.05059
G1 X95.7 Y103.301 E.06324
G1 X96.943 Y104.264 E.05059
G1 X98.187 Y105.788 E.06324
G1 X99.57 Y106.891 E.05691
G1 X100.674 Y108.275 E.05691
G1 X102.057 Y109.378 E.05691
G1 X103.161 Y110.762 E.05691
G1 X104.544 Y111.865 E.05691
G1 X105.648 Y113.249 E.05691
G1 X107.031 Y114.352 E.05691
G1 X108.135 Y115.736 E.05691
G1 X109.518 Y116.839 E.05691
G1 X110.622 Y118.223 E.05691
G1 X112.005 Y119.326 E.05691
G1 X112.969 Y120.57 E.05059
G1 X114.492 Y121.813 E.06324
G1 X115.596 Y123.197 E.05691
G1 X116.979 Y124.3 E.05691
G1 X118.083 Y125.684 E.05691
G1 X119.466 Y126.787 E.05691
G1 X120.57 Y128.171 E.05691
G1 X121.953 Y129.274 E.05691
G1 X123.057 Y130.658 E.05691
G1 X124.44 Y131.761 E.05691
G1 X125.544 Y133.145 E.05691
G1 X126.927 Y134.248 E.05691
G1 X128.031 Y135.632 E.05691
G1 X129.414 Y136.735 E.05691
G1 X130.518 Y138.119 E.05691
G1 X131.901 Y139.222 E.05691
G1 X132.865 Y140.466 E.05059
G1 X134.388 Y141.709 E.06324
G1 X135.352 Y142.953 E.05059
G2 X136.201 Y143.643 I3.143 J-3.003 E.03528
G1 X133.714 Y143.643 E.07997
G3 X132.865 Y142.953 I2.294 J-3.693 E.03528
G1 X131.901 Y141.709 E.05059
G1 X130.518 Y140.606 E.05691
G1 X129.414 Y139.222 E.05691
G1 X127.891 Y137.979 E.06324
G1 X126.927 Y136.735 E.05059
G1 X125.404 Y135.492 E.06324
G1 X124.3 Y134.108 E.05691
G1 X122.917 Y133.005 E.05691
G1 X121.813 Y131.621 E.05691
G1 X120.43 Y130.518 E.05691
G1 X119.466 Y129.274 E.05059
G1 X117.943 Y128.031 E.06324
G1 X116.839 Y126.647 E.05691
G1 X115.456 Y125.544 E.05691
G1 X114.352 Y124.16 E.05691
G1 X113.109 Y123.197 E.05059
G1 X111.865 Y121.673 E.06324
G1 X110.622 Y120.71 E.05059
G1 X109.518 Y119.326 E.05691
G1 X108.135 Y118.223 E.05691
G1 X107.031 Y116.839 E.05691
G1 X105.648 Y115.736 E.05691
G1 X104.544 Y114.352 E.05691
G1 X103.161 Y113.249 E.05691
G1 X102.057 Y111.865 E.05691
G1 X100.674 Y110.762 E.05691
G1 X99.57 Y109.378 E.05691
G1 X98.187 Y108.275 E.05691
G1 X97.083 Y106.891 E.05691
G1 X95.7 Y105.788 E.05691
G1 X94.596 Y104.404 E.05691
G1 X93.073 Y103.161 E.06324
G1 X92.109 Y101.917 E.05059
G1 X90.726 Y100.814 E.05691
G1 X89.622 Y99.43 E.05691
G1 X88.239 Y98.327 E.05691
G1 X86.995 Y96.803 E.06324
G1 X85.612 Y95.7 E.05691
G1 X84.508 Y94.316 E.05691
G1 X83.125 Y93.213 E.05691
G1 X82.021 Y91.829 E.05691
G1 X80.638 Y90.726 E.05691
G1 X79.534 Y89.342 E.05691
G1 X78.291 Y88.379 E.05059
G3 X77.357 Y87.215 I4.12 J-4.26 E.04809
G1 X77.357 Y89.702 E.07997
G2 X78.291 Y90.866 I5.053 J-3.096 E.04809
G1 X79.534 Y91.829 E.05059
G1 X80.638 Y93.213 E.05691
G1 X82.161 Y94.456 E.06324
G1 X83.265 Y95.84 E.05691
G1 X84.648 Y96.943 E.05691
G1 X85.752 Y98.327 E.05691
G1 X87.135 Y99.43 E.05691
G1 X88.239 Y100.814 E.05691
G1 X89.622 Y101.917 E.05691
G1 X90.586 Y103.161 E.05059
G1 X92.109 Y104.404 E.06324
G1 X93.213 Y105.788 E.05691
G1 X94.596 Y106.891 E.05691
G1 X95.7 Y108.275 E.05691
G1 X97.083 Y109.378 E.05691
G1 X98.187 Y110.762 E.05691
G1 X99.57 Y111.865 E.05691
G1 X100.674 Y113.249 E.05691
G1 X102.057 Y114.352 E.05691
G1 X103.161 Y115.736 E.05691
G1 X104.544 Y116.839 E.05691
G1 X105.648 Y118.223 E.05691
G1 X107.031 Y119.326 E.05691
G1 X108.135 Y120.71 E.05691
G1 X109.518 Y121.813 E.05691
G1 X110.482 Y123.057 E.05059
G1 X111.865 Y124.16 E.05691
G1 X113.109 Y125.684 E.06324
G1 X114.492 Y126.787 E.05691
G1 X115.596 Y128.171 E.05691
G1 X116.979 Y129.274 E.05691
G1 X118.083 Y130.658 E.05691
G1 X119.466 Y131.761 E.05691
G1 X120.43 Y133.005 E.05059
G1 X121.953 Y134.248 E.06324
G1 X123.057 Y135.632 E.05691
G1 X124.44 Y136.735 E.05691
G1 X125.544 Y138.119 E.05691
G1 X126.927 Y139.222 E.05691
G1 X128.031 Y140.606 E.05691
G1 X129.414 Y141.709 E.05691
G1 X130.378 Y142.953 E.05059
G2 X131.227 Y143.643 I3.143 J-3.003 E.03528
G1 X128.74 Y143.643 E.07997
G3 X127.891 Y142.953 I2.294 J-3.693 E.03528
G1 X126.927 Y141.709 E.05059
G1 X125.404 Y140.466 E.06324
G1 X124.44 Y139.222 E.05059
G1 X122.917 Y137.979 E.06324
G1 X121.813 Y136.595 E.05691
G1 X120.43 Y135.492 E.05691
G1 X119.326 Y134.108 E.05691
G1 X117.943 Y133.005 E.05691
G1 X116.979 Y131.761 E.05059
G1 X115.456 Y130.518 E.06324
G1 X114.352 Y129.134 E.05691
G1 X112.969 Y128.031 E.05691
G1 X111.865 Y126.647 E.05691
G1 X110.482 Y125.544 E.05691
G1 X109.518 Y124.3 E.05059
G1 X108.135 Y123.197 E.05691
G1 X107.031 Y121.813 E.05691
G1 X105.508 Y120.57 E.06324
G1 X104.544 Y119.326 E.05059
G1 X103.021 Y118.083 E.06324
G1 X101.917 Y116.699 E.05691
G1 X100.534 Y115.596 E.05691
G1 X99.43 Y114.212 E.05691
G1 X98.047 Y113.109 E.05691
G1 X97.083 Y111.865 E.05059
G1 X95.56 Y110.622 E.06324
G1 X94.456 Y109.238 E.05691
G1 X93.213 Y108.275 E.05059
G1 X91.969 Y106.751 E.06324
G1 X90.586 Y105.648 E.05691
G1 X89.622 Y104.404 E.05059
G1 X88.239 Y103.301 E.05691
G1 X87.135 Y101.917 E.05691
G1 X85.752 Y100.814 E.05691
G1 X84.648 Y99.43 E.05691
G1 X83.125 Y98.187 E.06324
G1 X82.161 Y96.943 E.05059
G1 X80.638 Y95.7 E.06324
G1 X79.534 Y94.316 E.05691
G1 X78.291 Y93.353 E.05059
G3 X77.357 Y92.189 I4.12 J-4.26 E.04809
G1 X77.357 Y94.676 E.07997
G2 X78.291 Y95.84 I5.053 J-3.096 E.04809
G1 X79.534 Y96.803 E.05059
G1 X80.778 Y98.327 E.06324
G1 X82.161 Y99.43 E.05691
G1 X83.125 Y100.674 E.05059
G1 X84.648 Y101.917 E.06324
G1 X85.752 Y103.301 E.05691
G1 X87.135 Y104.404 E.05691
G1 X88.099 Y105.648 E.05059
G1 X89.482 Y106.751 E.05691
G1 X90.726 Y108.275 E.06324
G1 X92.109 Y109.378 E.05691
G1 X93.213 Y110.762 E.05691
G1 X94.596 Y111.865 E.05691
G1 X95.7 Y113.249 E.05691
G1 X97.083 Y114.352 E.05691
G1 X98.047 Y115.596 E.05059
G1 X99.43 Y116.699 E.05691
G1 X100.534 Y118.083 E.05691
G1 X102.057 Y119.326 E.06324
G1 X103.161 Y120.71 E.05691
G1 X104.544 Y121.813 E.05691
G1 X105.648 Y123.197 E.05691
G1 X107.031 Y124.3 E.05691
G1 X107.995 Y125.544 E.05059
G1 X109.518 Y126.787 E.06324
G1 X110.622 Y128.171 E.05691
G1 X112.005 Y129.274 E.05691
G1 X113.109 Y130.658 E.05691
G1 X114.492 Y131.761 E.05691
G1 X115.596 Y133.145 E.05691
G1 X116.979 Y134.248 E.05691
G1 X117.943 Y135.492 E.05059
G1 X119.326 Y136.595 E.05691
G1 X120.43 Y137.979 E.05691
G1 X121.953 Y139.222 E.06324
G1 X122.917 Y140.466 E.05059
G1 X124.44 Y141.709 E.06324
G1 X125.404 Y142.953 E.05059
G2 X126.253 Y143.643 I3.143 J-3.003 E.03528
G1 X123.766 Y143.643 E.07997
G3 X122.917 Y142.953 I2.294 J-3.693 E.03528
G1 X121.953 Y141.709 E.05059
G1 X120.43 Y140.466 E.06324
G1 X119.326 Y139.082 E.05691
G1 X117.943 Y137.979 E.05691
G1 X116.839 Y136.595 E.05691
G1 X115.456 Y135.492 E.05691
G1 X114.492 Y134.248 E.05059
G1 X113.109 Y133.145 E.05691
G1 X111.865 Y131.621 E.06324
G1 X110.482 Y130.518 E.05691
G1 X109.378 Y129.134 E.05691
G1 X107.995 Y128.031 E.05691
G1 X107.031 Y126.787 E.05059
G1 X105.508 Y125.544 E.06324
G1 X104.544 Y124.3 E.05059
G1 X103.021 Y123.057 E.06324
G1 X101.917 Y121.673 E.05691
G1 X100.534 Y120.57 E.05691
G1 X99.43 Y119.186 E.05691
G1 X98.047 Y118.083 E.05691
G1 X96.943 Y116.699 E.05691
G1 X95.56 Y115.596 E.05691
G1 X94.596 Y114.352 E.05059
G1 X93.213 Y113.249 E.05691
G1 X91.969 Y111.725 E.06324
G1 X90.586 Y110.622 E.05691
G1 X89.482 Y109.238 E.05691
G1 X88.099 Y108.135 E.05691
G1 X87.135 Y106.891 E.05059
G1 X85.612 Y105.648 E.06324
G1 X84.648 Y104.404 E.05059
G1 X83.125 Y103.161 E.06324
G1 X82.021 Y101.777 E.05691
G1 X80.638 Y100.674 E.05691
G1 X79.534 Y99.29 E.05691
G1 X78.291 Y98.327 E.05059
G3 X77.357 Y97.163 I4.12 J-4.26 E.04809
G1 X77.357 Y99.65 E.07997
G2 X78.291 Y100.814 I5.053 J-3.096 E.04809
G1 X79.534 Y101.777 E.05059
G1 X80.638 Y103.161 E.05691
G1 X82.161 Y104.404 E.06324
G1 X83.265 Y105.788 E.05691
G1 X84.648 Y106.891 E.05691
G1 X85.612 Y108.135 E.05059
G1 X87.135 Y109.378 E.06324
G1 X88.239 Y110.762 E.05691
G1 X89.622 Y111.865 E.05691
G1 X90.726 Y113.249 E.05691
G1 X92.109 Y114.352 E.05691
G1 X93.213 Y115.736 E.05691
G1 X94.596 Y116.839 E.05691
G1 X95.56 Y118.083 E.05059
G1 X97.083 Y119.326 E.06324
G1 X98.047 Y120.57 E.05059
G1 X99.57 Y121.813 E.06324
G1 X100.534 Y123.057 E.05059
G1 X102.057 Y124.3 E.06324
G1 X103.161 Y125.684 E.05691
G1 X104.544 Y126.787 E.05691
G1 X105.508 Y128.031 E.05059
G1 X106.891 Y129.134 E.05691
G1 X108.135 Y130.658 E.06324
G1 X109.518 Y131.761 E.05691
G1 X110.622 Y133.145 E.05691
G1 X112.005 Y134.248 E.05691
G1 X113.109 Y135.632 E.05691
G1 X114.492 Y136.735 E.05691
G1 X115.596 Y138.119 E.05691
G1 X116.839 Y139.082 E.05059
G1 X117.943 Y140.466 E.05691
G1 X119.466 Y141.709 E.06324
G1 X120.43 Y142.953 E.05059
G2 X121.279 Y143.643 I3.143 J-3.003 E.03528
G1 X118.792 Y143.643 E.07997
G3 X117.943 Y142.953 I2.294 J-3.693 E.03528
G1 X116.979 Y141.709 E.05059
G1 X115.456 Y140.466 E.06324
G1 X114.352 Y139.082 E.05691
G1 X113.109 Y138.119 E.05059
G1 X111.865 Y136.595 E.06324
G1 X110.622 Y135.632 E.05059
G1 X109.378 Y134.108 E.06324
G1 X108.135 Y133.145 E.05059
G1 X106.891 Y131.621 E.06324
G1 X105.648 Y130.658 E.05059
G1 X104.544 Y129.274 E.05691
G1 X103.161 Y128.171 E.05691
G1 X102.057 Y126.787 E.05691
G1 X100.534 Y125.544 E.06324
G1 X99.57 Y124.3 E.05059
G1 X98.047 Y123.057 E.06324
G1 X96.943 Y121.673 E.05691
G1 X95.56 Y120.57 E.05691
G1 X94.456 Y119.186 E.05691
G1 X93.073 Y118.083 E.05691
G1 X92.109 Y116.839 E.05059
G1 X90.726 Y115.736 E.05691
G1 X89.482 Y114.212 E.06324
G1 X88.099 Y113.109 E.05691
G1 X86.995 Y111.725 E.05691
G1 X85.612 Y110.622 E.05691
G1 X84.648 Y109.378 E.05059
G1 X83.125 Y108.135 E.06324
G1 X82.161 Y106.891 E.05059
G1 X80.638 Y105.648 E.06324
G1 X79.534 Y104.264 E.05691
G1 X78.291 Y103.301 E.05059
G3 X77.357 Y102.137 I4.12 J-4.26 E.04809
G1 X77.357 Y104.421 E.07343
G1 X76.611 Y104.421 F18000
G1 X81.741 Y108.292
G1 X81.913 Y108.431
G1 X82.069 Y108.587
G1 X82.208 Y108.759
G1 X82.329 Y108.944
G1 X82.429 Y109.141
G1 X82.508 Y109.348
G1 X82.566 Y109.561
G1 X82.6 Y109.779
G1 X82.612 Y110
G1 X82.6 Y110.221
G1 X82.566 Y110.438
G1 X83.303 Y110.554
G1 F6205.95
G2 X79.914 Y107.201 I-2.827 J-.532 E.18069
G2 X79.534 Y106.751 I-1.963 J1.273 E.01899
G1 X78.291 Y105.788 E.05059
G3 X77.357 Y104.624 I4.12 J-4.26 E.04809
G1 X77.357 Y107.111 E.07997
G2 X78.253 Y108.237 I4.886 J-2.967 E.04639
G2 X77.642 Y109.966 I2.268 J1.774 E.06
G1 X77.357 Y109.598 E.01496
G1 X77.357 Y112.085 E.07997
G2 X78.291 Y113.249 I5.053 J-3.096 E.04809
G1 X79.534 Y114.212 E.05059
G1 X80.638 Y115.596 E.05691
G1 X82.021 Y116.699 E.05691
G1 X83.265 Y118.223 E.06324
G1 X84.508 Y119.186 E.05059
G1 X85.612 Y120.57 E.05691
G2 X86.822 Y121.539 I4.426 J-4.286 E.04999
G3 X88.539 Y120.942 I6.875 J17.006 E.05847
G3 X88.099 Y120.57 I1.248 J-1.92 E.01858
G1 X87.135 Y119.326 E.05059
G1 X85.612 Y118.083 E.06324
G1 X84.508 Y116.699 E.05691
G1 X83.125 Y115.596 E.05691
G1 X82.021 Y114.212 E.05691
G1 X80.778 Y113.249 E.05059
G3 X80.442 Y112.856 I1.379 J-1.519 E.01665
G3 X77.649 Y110.169 I.061 J-2.858 E.13695
G1 X77.357 Y112.289 F18000
G1 F6205.95
G1 X77.357 Y114.572 E.07343
G2 X78.291 Y115.736 I5.053 J-3.096 E.04809
G1 X79.534 Y116.699 E.05059
G1 X80.778 Y118.223 E.06324
G1 X82.161 Y119.326 E.05691
G1 X83.265 Y120.71 E.05691
G1 X84.508 Y121.673 E.05059
G3 X85.246 Y122.585 I-3.226 J3.366 E.03783
G2 X84.11 Y123.852 I16.93 J16.343 E.05473
G3 X83.125 Y123.057 I2.64 J-4.279 E.04081
G1 X82.161 Y121.813 E.05059
G1 X80.778 Y120.71 E.05691
G1 X79.534 Y119.186 E.06324
G1 X78.291 Y118.223 E.05059
G3 X77.357 Y117.059 I4.12 J-4.26 E.04809
G1 X77.357 Y119.546 E.07997
G2 X78.291 Y120.71 I5.053 J-3.096 E.04809
G1 X79.534 Y121.673 E.05059
G1 X80.778 Y123.197 E.06324
G1 X82.021 Y124.16 E.05059
G1 X83.202 Y125.621 E.06038
G2 X82.81 Y127.625 I12.257 J3.433 E.06574
G2 X82.021 Y126.647 I-4.248 J2.621 E.04051
G1 X80.778 Y125.684 E.05059
G1 X79.534 Y124.16 E.06324
G1 X78.291 Y123.197 E.05059
G3 X77.357 Y122.033 I4.12 J-4.26 E.04809
G1 X77.357 Y124.317 E.07343
; stop printing object esp32_pod_lid.stl id:0 copy 0
;LAYER_CHANGE
;Z:13.84
;HEIGHT:0.2
G92 E0 ; zero the extruded length again
; BEFORE_LAYER_CHANGE 68 @ 13.84mm
G1 E-1.75 F6000
;WIPE_START
G1 F6205.95
G1 X77.357 Y123.317 E-.75
;WIPE_END
; AFTER_LAYER_CHANGE 68 @ 13.84mm
;_SET_FAN_SPEED_CHANGING_LAYER
; printing object esp32_pod_lid.stl id:0 copy 0
G17
G3 Z14.04 I0 J-.608 P1  F18000
G1 X76.611 Y123.317 Z14.04
G1 X79.016 Y144.389
G1 X140.984 Y144.389
G1 X140.995 Y144.79
G1 Z13.84
G1 E2.5 F6000
M204 P1000
;TYPE:Outer wall
;WIDTH:0.42
G1 F3600
G1 X79.005 Y144.79 E1.84644
G3 X76.21 Y141.995 I.004 J-2.8 E.13074
G1 X76.21 Y78.005 E1.90602
G3 X79.005 Y75.21 I2.8 J.005 E.13074
G1 X140.995 Y75.21 E1.84644
G1 X141.292 Y75.226 E.00886
G3 X143.79 Y78.005 I-.294 J2.777 E.12197
G1 X143.79 Y141.995 E1.90601
G3 X141.054 Y144.789 I-2.8 J-.004 E.12895
G1 X141.034 Y144.387 F18000
G1 X140.984 Y144.389
G1 X140.984 Y144.389
G1 X140.984 Y144.398
M204 P1500
;TYPE:Inner wall
;WIDTH:0.45
G1 F6000
G1 X79.016 Y144.398 E1.99268
G3 X76.602 Y141.984 I-.006 J-2.408 E.122
G1 X76.602 Y78.016 E2.057
G3 X79.016 Y75.602 I2.408 J-.006 E.12199
G1 X140.984 Y75.602 E1.99268
G1 X141.251 Y75.616 E.00857
G3 X143.398 Y78.016 I-.259 J2.392 E.11345
G1 X143.398 Y141.984 E2.05699
G3 X141.044 Y144.397 I-2.408 J.006 E.12007
G1 X140.974 Y143.991 F18000
G1 F6000
G1 X79.026 Y143.991 E1.992
G3 X77.009 Y141.974 I-.016 J-2.001 E.10212
G1 X77.009 Y78.026 E2.05631
G3 X79.026 Y76.009 I2.001 J-.016 E.10212
G1 X140.974 Y76.009 E1.992
G1 X141.208 Y76.021 E.00754
G3 X142.991 Y78.026 I-.241 J2.01 E.09432
G1 X142.991 Y141.974 E2.05631
G3 X141.033 Y143.99 I-2.001 J.016 E.1002
G1 E-1.75
;WIPE_START
G1 X140.033 Y143.99 E-.75
;WIPE_END
G1 X140.033 Y144.389 Z14.04 F18000
G1 X139.521 Y112.111
G1 X139.5 Y111.71
G1 Z13.84
G1 E2.5 F6000
M204 P1000
;TYPE:Outer wall
;WIDTH:0.42
G1 F3600
G2 X139.856 Y108.327 I.008 J-1.709 E.14974
G2 X139.384 Y108.296 I-.357 J1.804 E.01413
G2 X139.44 Y111.708 I.124 J1.705 E.15423
G1 X139.419 Y112.107 F18000
G1 X139.5 Y112.112
G1 X139.538 Y112.11
G1 X139.537 Y112.099
M204 P1500
;TYPE:Inner wall
;WIDTH:0.45
G1 F6000
G1 X139.937 Y112.058 E.01293
G2 X139.937 Y107.943 I-.428 J-2.058 E.18462
G2 X139.363 Y107.904 I-.438 J2.213 E.01856
G2 X139.477 Y112.102 I.147 J2.096 E.20653
G1 X139.539 Y112.509 F18000
G1 F6000
G1 X139.762 Y112.496 E.00718
G2 X140.276 Y107.612 I-.253 J-2.495 E.22016
G2 X139.342 Y107.498 I-.759 J2.326 E.03045
G2 X139.479 Y112.508 I.167 J2.503 E.24707
G1 E-1.75
;WIPE_START
G1 X139.762 Y112.496 E-.21228
G1 X140.022 Y112.456 E-.19714
G1 X140.276 Y112.388 E-.19711
G1 X140.454 Y112.319 E-.14347
;WIPE_END
G1 X140.312 Y111.947 Z14.04 F18000
G1 X81.72 Y111.722
G1 X81.556 Y111.829
G1 X81.359 Y111.929
G1 X81.153 Y112.008
G1 X80.939 Y112.066
G1 X80.721 Y112.1
G1 X80.521 Y112.111
G1 X80.5 Y111.71
G1 Z13.84
G1 E2.5 F6000
M204 P1000
;TYPE:Outer wall
;WIDTH:0.42
G1 F3600
G2 X80.856 Y108.327 I.008 J-1.709 E.14974
G2 X80.384 Y108.296 I-.357 J1.804 E.01413
G2 X80.44 Y111.708 I.124 J1.705 E.15423
G1 X80.419 Y112.107 F18000
G1 X80.5 Y112.112
G1 X80.538 Y112.11
G1 X80.537 Y112.099
M204 P1500
;TYPE:Inner wall
;WIDTH:0.45
G1 F6000
G1 X80.937 Y112.058 E.01293
G2 X80.937 Y107.943 I-.428 J-2.058 E.18462
G2 X80.363 Y107.904 I-.438 J2.213 E.01856
G2 X80.477 Y112.102 I.147 J2.096 E.20653
G1 X80.539 Y112.509 F18000
G1 F6000
G1 X80.762 Y112.496 E.00718
G2 X81.276 Y107.612 I-.253 J-2.495 E.22016
G2 X80.342 Y107.498 I-.759 J2.326 E.03045
G2 X80.479 Y112.508 I.167 J2.503 E.24707
G1 E-1.75
;WIPE_START
G1 X80.762 Y112.496 E-.21228
G1 X81.022 Y112.456 E-.19714
G1 X81.276 Y112.388 E-.19711
G1 X81.454 Y112.319 E-.14348
;WIPE_END
G1 X81.312 Y111.947 Z14.04 F18000
G1 X83.574 Y128.675
G1 X83.68 Y129.343
G1 X83.855 Y129.997
G1 X84.097 Y130.628
G1 X84.404 Y131.231
G1 X84.772 Y131.798
G1 X85.198 Y132.324
G1 X85.676 Y132.802
G1 X86.202 Y133.228
G1 X86.769 Y133.596
G1 X87.372 Y133.903
G1 X88.003 Y134.145
G1 X88.657 Y134.32
G1 X89.325 Y134.426
G1 X89.662 Y134.444
G1 X89.979 Y134.461
G1 X90 Y134.052
G1 Z13.84
G1 E2.5 F6000
M204 P1000
;TYPE:Outer wall
;WIDTH:0.42
G1 F3600
G2 X90 Y121.94 I0 J-6.056 E.56672
G1 X89.367 Y121.973 E.01889
G2 X89.94 Y134.052 I.633 J6.023 E.54605
G1 X89.919 Y134.457 F18000
G1 X89.98 Y134.461
G1 X89.981 Y134.452
M204 P1500
;TYPE:Inner wall
;WIDTH:0.45
G1 F6000
G1 X90 Y134.444 E.00067
G2 X90 Y121.547 I0 J-6.449 E.65144
G1 X89.325 Y121.582 E.02172
G2 X89.326 Y134.409 I.674 J6.413 E.60804
G1 X89.921 Y134.448 E.01916
G1 X89.961 Y134.859 F18000
G1 F6000
G1 X90 Y134.851 E.00128
G2 X90 Y121.139 I0 J-6.856 E.69259
G1 X89.283 Y121.177 E.02309
G2 X89.284 Y134.814 I.717 J6.818 E.64644
G1 X89.901 Y134.855 E.01989
G1 X89.922 Y134.458 F18000
G1 X89.325 Y134.426
G1 X88.657 Y134.32
G1 X88.003 Y134.145
G1 X87.372 Y133.903
G1 X86.769 Y133.596
G1 X86.202 Y133.228
G1 X85.676 Y132.802
G1 X85.198 Y132.324
G1 X84.772 Y131.798
G1 X84.404 Y131.231
G1 X84.25 Y130.929
G1 X84.234 Y130.897
G1 X83.569 Y131.236
M204 P2000
;TYPE:Sparse infill
G1 F6205.95
G2 X87.601 Y134.791 I6.734 J-3.575 E.17663
G1 X87.745 Y135.492 E.02302
G1 X88.239 Y135.985 E.02244
G1 X89.482 Y136.242 E.04083
G1 X89.976 Y136.735 E.02244
G1 X90.232 Y137.979 E.04083
G1 X90.726 Y138.472 E.02244
G1 X91.969 Y138.729 E.04083
G1 X92.463 Y139.222 E.02244
G1 X92.719 Y140.466 E.04083
G1 X93.213 Y140.959 E.02244
G1 X94.456 Y141.216 E.04083
G1 X94.95 Y141.709 E.02244
G1 X95.206 Y142.953 E.04083
G1 X95.7 Y143.446 E.02244
G2 X97.922 Y143.643 I1.587 J-5.291 E.07224
G1 X95.435 Y143.643 F18000
G1 F6205.95
G3 X93.213 Y143.446 I-.636 J-5.487 E.07224
G1 X92.719 Y142.953 E.02244
G1 X92.463 Y141.709 E.04083
G1 X91.969 Y141.216 E.02244
G1 X90.726 Y140.959 E.04083
G1 X90.232 Y140.466 E.02244
G1 X89.976 Y139.222 E.04083
G1 X89.482 Y138.729 E.02244
G1 X88.239 Y138.472 E.04083
G1 X87.745 Y137.979 E.02244
G1 X87.489 Y136.735 E.04083
G1 X86.995 Y136.242 E.02244
G1 X85.752 Y135.985 E.04083
G1 X85.258 Y135.492 E.02244
G1 X85.002 Y134.248 E.04083
G1 X84.508 Y133.755 E.02244
G1 X83.265 Y133.498 E.04083
G1 X82.771 Y133.005 E.02244
G1 X82.515 Y131.761 E.04083
G1 X82.021 Y131.268 E.02244
G1 X80.778 Y131.011 E.04083
G1 X80.284 Y130.518 E.02244
G1 X80.028 Y129.274 E.04083
G1 X79.534 Y128.781 E.02244
G1 X78.291 Y128.524 E.04083
G1 X77.797 Y128.031 E.02244
G1 X77.541 Y126.787 E.04083
G1 X77.357 Y126.604 E.00833
G1 X77.357 Y125.024 E.0508
G1 X77.357 Y122.537 F18000
G1 F6205.95
G1 X77.357 Y124.117 E.0508
G1 X77.541 Y124.3 E.00833
G1 X77.797 Y125.544 E.04083
G1 X78.291 Y126.037 E.02244
G1 X79.534 Y126.294 E.04083
G1 X80.028 Y126.787 E.02244
G1 X80.284 Y128.031 E.04083
G1 X80.778 Y128.524 E.02244
G1 X82.021 Y128.781 E.04083
G1 X82.515 Y129.274 E.02244
G1 X82.771 Y130.518 E.04083
G1 X83.265 Y131.011 E.02244
G1 X83.476 Y131.055 E.00695
G3 X82.793 Y128.053 I6.763 J-3.118 E.09972
G1 X82.515 Y126.787 E.04168
G1 X82.021 Y126.294 E.02244
G1 X80.778 Y126.037 E.04083
G1 X80.284 Y125.544 E.02244
G1 X80.028 Y124.3 E.04083
G1 X79.534 Y123.807 E.02244
G1 X78.291 Y123.55 E.04083
G1 X77.797 Y123.057 E.02244
G1 X77.541 Y121.813 E.04083
G1 X77.357 Y121.63 E.00833
G1 X77.357 Y120.05 E.0508
G1 X84.072 Y123.909 F18000
G1 F6205.95
G2 X83.113 Y125.886 I10.548 J6.34 E.07074
G1 X82.771 Y125.544 E.01555
G1 X82.515 Y124.3 E.04083
G1 X82.021 Y123.807 E.02244
G1 X80.778 Y123.55 E.04083
G1 X80.284 Y123.057 E.02244
G1 X80.028 Y121.813 E.04083
G1 X79.534 Y121.32 E.02244
G1 X78.291 Y121.063 E.04083
G1 X77.797 Y120.57 E.02244
G1 X77.541 Y119.326 E.04083
G1 X77.357 Y119.143 E.00833
G1 X77.357 Y117.563 E.0508
G1 X77.357 Y115.076 F18000
G1 F6205.95
G1 X77.357 Y116.656 E.0508
G1 X77.541 Y116.839 E.00833
G1 X77.797 Y118.083 E.04083
G1 X78.291 Y118.576 E.02244
G1 X79.534 Y118.833 E.04083
G1 X80.028 Y119.326 E.02244
G1 X80.284 Y120.57 E.04083
G1 X80.778 Y121.063 E.02244
G1 X82.021 Y121.32 E.04083
G1 X82.515 Y121.813 E.02244
G1 X82.771 Y123.057 E.04083
G1 X83.265 Y123.55 E.02244
G1 X84.185 Y123.74 E.03023
G3 X85.173 Y122.645 I5.701 J4.149 E.04751
G1 X85.002 Y121.813 E.02731
G1 X84.508 Y121.32 E.02244
G1 X83.265 Y121.063 E.04083
G1 X82.771 Y120.57 E.02244
G1 X82.515 Y119.326 E.04083
G1 X82.021 Y118.833 E.02244
G1 X80.778 Y118.576 E.04083
G1 X80.284 Y118.083 E.02244
G1 X80.028 Y116.839 E.04083
G1 X79.534 Y116.346 E.02244
G1 X78.291 Y116.089 E.04083
G1 X77.797 Y115.596 E.02244
G1 X77.541 Y114.352 E.04083
G1 X77.357 Y114.169 E.00833
G1 X77.357 Y112.589 E.0508
G1 X77.646 Y110.094 F18000
G1 F6205.95
G2 X80.23 Y112.845 I2.86 J-.097 E.13254
G1 X80.284 Y113.109 E.00865
G1 X80.778 Y113.602 E.02244
G1 X82.021 Y113.859 E.04083
G1 X82.515 Y114.352 E.02244
G1 X82.771 Y115.596 E.04083
G1 X83.265 Y116.089 E.02244
G1 X84.508 Y116.346 E.04083
G1 X85.002 Y116.839 E.02244
G1 X85.258 Y118.083 E.04083
G1 X85.752 Y118.576 E.02244
G1 X86.995 Y118.833 E.04083
G1 X87.489 Y119.326 E.02244
G1 X87.745 Y120.57 E.04083
G1 X88.203 Y121.028 E.02083
G2 X87.083 Y121.408 I1.246 J5.513 E.0381
G1 X86.995 Y121.32 E.00401
G1 X85.752 Y121.063 E.04083
G1 X85.258 Y120.57 E.02244
G1 X85.002 Y119.326 E.04083
G1 X84.508 Y118.833 E.02244
G1 X83.265 Y118.576 E.04083
G1 X82.771 Y118.083 E.02244
G1 X82.515 Y116.839 E.04083
G1 X82.021 Y116.346 E.02244
G1 X80.778 Y116.089 E.04083
G1 X80.284 Y115.596 E.02244
G1 X80.028 Y114.352 E.04083
G1 X79.534 Y113.859 E.02244
G1 X78.291 Y113.602 E.04083
G1 X77.797 Y113.109 E.02244
G1 X77.541 Y111.865 E.04083
G1 X77.357 Y111.682 E.00833
G1 X77.357 Y109.195 E.07997
G1 X77.541 Y109.378 E.00833
G1 X77.646 Y109.891 E.01683
G3 X78.106 Y108.444 I3.208 J.223 E.04929
G1 X77.797 Y108.135 E.01405
G1 X77.541 Y106.891 E.04083
G1 X77.357 Y106.708 E.00833
G1 X77.357 Y105.128 E.0508
G1 X77.357 Y102.641 F18000
G1 F6205.95
G1 X77.357 Y104.221 E.0508
G1 X77.541 Y104.404 E.00833
G1 X77.797 Y105.648 E.04083
G1 X78.291 Y106.141 E.02244
G1 X79.534 Y106.398 E.04083
G1 X80.028 Y106.891 E.02244
G1 X80.087 Y107.179 E.00945
G3 X82.379 Y107.847 I.386 J2.94 E.07902
G1 X77.357 Y100.154 F18000
G1 F6205.95
G1 X77.357 Y101.734 E.0508
G1 X77.541 Y101.917 E.00833
G1 X77.797 Y103.161 E.04083
G1 X78.291 Y103.654 E.02244
G1 X79.534 Y103.911 E.04083
G1 X80.028 Y104.404 E.02244
G1 X80.284 Y105.648 E.04083
G1 X80.778 Y106.141 E.02244
G1 X82.021 Y106.398 E.04083
G1 X82.515 Y106.891 E.02244
G1 X82.771 Y108.135 E.04083
G1 X83.265 Y108.628 E.02244
G1 X84.508 Y108.885 E.04083
G1 X85.002 Y109.378 E.02244
G1 X85.258 Y110.622 E.04083
G1 X85.752 Y111.115 E.02244
G1 X86.995 Y111.372 E.04083
G1 X87.489 Y111.865 E.02244
G1 X87.745 Y113.109 E.04083
G1 X88.239 Y113.602 E.02244
G1 X89.482 Y113.859 E.04083
G1 X89.976 Y114.352 E.02244
G1 X90.232 Y115.596 E.04083
G1 X90.726 Y116.089 E.02244
G1 X91.969 Y116.346 E.04083
G1 X92.463 Y116.839 E.02244
G1 X92.719 Y118.083 E.04083
G1 X93.213 Y118.576 E.02244
G1 X94.456 Y118.833 E.04083
G1 X94.95 Y119.326 E.02244
G1 X95.206 Y120.57 E.04083
G1 X95.7 Y121.063 E.02244
G1 X96.943 Y121.32 E.04083
G1 X97.437 Y121.813 E.02244
G1 X97.693 Y123.057 E.04083
G1 X98.187 Y123.55 E.02244
G1 X99.43 Y123.807 E.04083
G1 X99.924 Y124.3 E.02244
G1 X100.18 Y125.544 E.04083
G1 X100.674 Y126.037 E.02244
G1 X101.917 Y126.294 E.04083
G1 X102.411 Y126.787 E.02244
G1 X102.667 Y128.031 E.04083
G1 X103.161 Y128.524 E.02244
G1 X104.404 Y128.781 E.04083
G1 X104.898 Y129.274 E.02244
G1 X105.154 Y130.518 E.04083
G1 X105.648 Y131.011 E.02244
G1 X106.891 Y131.268 E.04083
G1 X107.385 Y131.761 E.02244
G1 X107.641 Y133.005 E.04083
G1 X108.135 Y133.498 E.02244
G1 X109.378 Y133.755 E.04083
G1 X109.872 Y134.248 E.02244
G1 X110.128 Y135.492 E.04083
G1 X110.622 Y135.985 E.02244
G1 X111.865 Y136.242 E.04083
G1 X112.359 Y136.735 E.02244
G1 X112.615 Y137.979 E.04083
G1 X113.109 Y138.472 E.02244
G1 X114.352 Y138.729 E.04083
G1 X114.846 Y139.222 E.02244
G1 X115.102 Y140.466 E.04083
G1 X115.596 Y140.959 E.02244
G1 X116.839 Y141.216 E.04083
G1 X117.333 Y141.709 E.02244
G1 X117.589 Y142.953 E.04083
G1 X118.083 Y143.446 E.02244
G2 X120.305 Y143.643 I1.587 J-5.291 E.07224
G1 X117.818 Y143.643 F18000
G1 F6205.95
G3 X115.596 Y143.446 I-.636 J-5.487 E.07224
G1 X115.102 Y142.953 E.02244
G1 X114.846 Y141.709 E.04083
G1 X114.352 Y141.216 E.02244
G1 X113.109 Y140.959 E.04083
G1 X112.615 Y140.466 E.02244
G1 X112.359 Y139.222 E.04083
G1 X111.865 Y138.729 E.02244
G1 X110.622 Y138.472 E.04083
G1 X110.128 Y137.979 E.02244
G1 X109.872 Y136.735 E.04083
G1 X109.378 Y136.242 E.02244
G1 X108.135 Y135.985 E.04083
G1 X107.641 Y135.492 E.02244
G1 X107.385 Y134.248 E.04083
G1 X106.891 Y133.755 E.02244
G1 X105.648 Y133.498 E.04083
G1 X105.154 Y133.005 E.02244
G1 X104.898 Y131.761 E.04083
G1 X104.404 Y131.268 E.02244
G1 X103.161 Y131.011 E.04083
G1 X102.667 Y130.518 E.02244
G1 X102.411 Y129.274 E.04083
G1 X101.917 Y128.781 E.02244
G1 X100.674 Y128.524 E.04083
G1 X100.18 Y128.031 E.02244
G1 X99.924 Y126.787 E.04083
G1 X99.43 Y126.294 E.02244
G1 X98.187 Y126.037 E.04083
G1 X97.693 Y125.544 E.02244
G1 X97.437 Y124.3 E.04083
G1 X96.943 Y123.807 E.02244
G1 X95.7 Y123.55 E.04083
G3 X95.198 Y123.016 I49.523 J-47.024 E.02357
G1 X94.95 Y121.813 E.03949
G1 X94.456 Y121.32 E.02244
G1 X93.213 Y121.063 E.04083
G1 X92.719 Y120.57 E.02244
G1 X92.463 Y119.326 E.04083
G1 X91.969 Y118.833 E.02244
G1 X90.726 Y118.576 E.04083
G1 X90.232 Y118.083 E.02244
G1 X89.976 Y116.839 E.04083
G1 X89.482 Y116.346 E.02244
G1 X88.239 Y116.089 E.04083
G1 X87.745 Y115.596 E.02244
G1 X87.489 Y114.352 E.04083
G1 X86.995 Y113.859 E.02244
G1 X85.752 Y113.602 E.04083
G1 X85.258 Y113.109 E.02244
G1 X85.002 Y111.865 E.04083
G1 X84.508 Y111.372 E.02244
G1 X83.265 Y111.115 E.04083
G1 X83.168 Y111.018 E.00441
G3 X82.542 Y111.997 I-2.673 J-1.022 E.0376
G1 X82.771 Y113.109 E.03652
G1 X83.265 Y113.602 E.02244
G1 X84.508 Y113.859 E.04083
G1 X85.002 Y114.352 E.02244
G1 X85.258 Y115.596 E.04083
G1 X85.752 Y116.089 E.02244
G1 X86.995 Y116.346 E.04083
G1 X87.489 Y116.839 E.02244
G1 X87.745 Y118.083 E.04083
G1 X88.239 Y118.576 E.02244
G1 X89.482 Y118.833 E.04083
G1 X89.976 Y119.326 E.02244
G1 X90.232 Y120.57 E.04083
G1 X90.478 Y120.816 E.01118
G3 X95.054 Y122.872 I-.689 J7.653 E.16433
G1 X95.93 Y123.913 F18000
G1 F6205.95
G3 X97.016 Y126.366 I-8.253 J5.118 E.08655
G1 X97.437 Y126.787 E.01914
G1 X97.693 Y128.031 E.04083
G1 X98.187 Y128.524 E.02244
G1 X99.43 Y128.781 E.04083
G1 X99.924 Y129.274 E.02244
G1 X100.18 Y130.518 E.04083
G1 X100.674 Y131.011 E.02244
G1 X101.917 Y131.268 E.04083
G1 X102.411 Y131.761 E.02244
G1 X102.667 Y133.005 E.04083
G1 X103.161 Y133.498 E.02244
G1 X104.404 Y133.755 E.04083
G1 X104.898 Y134.248 E.02244
G1 X105.154 Y135.492 E.04083
G1 X105.648 Y135.985 E.02244
G1 X106.891 Y136.242 E.04083
G1 X107.385 Y136.735 E.02244
G1 X107.641 Y137.979 E.04083
G1 X108.135 Y138.472 E.02244
G1 X109.378 Y138.729 E.04083
G1 X109.872 Y139.222 E.02244
G1 X110.128 Y140.466 E.04083
G1 X110.622 Y140.959 E.02244
G1 X111.865 Y141.216 E.04083
G1 X112.359 Y141.709 E.02244
G1 X112.615 Y142.953 E.04083
G1 X113.109 Y143.446 E.02244
G2 X115.331 Y143.643 I1.587 J-5.291 E.07224
G1 X112.844 Y143.643 F18000
G1 F6205.95
G3 X110.622 Y143.446 I-.636 J-5.487 E.07224
G1 X110.128 Y142.953 E.02244
G1 X109.872 Y141.709 E.04083
G1 X109.378 Y141.216 E.02244
G1 X108.135 Y140.959 E.04083
G1 X107.641 Y140.466 E.02244
G1 X107.385 Y139.222 E.04083
G1 X106.891 Y138.729 E.02244
G1 X105.648 Y138.472 E.04083
G1 X105.154 Y137.979 E.02244
G1 X104.898 Y136.735 E.04083
G1 X104.404 Y136.242 E.02244
G1 X103.161 Y135.985 E.04083
G1 X102.667 Y135.492 E.02244
G1 X102.411 Y134.248 E.04083
G1 X101.917 Y133.755 E.02244
G1 X100.674 Y133.498 E.04083
G1 X100.18 Y133.005 E.02244
G1 X99.924 Y131.761 E.04083
G1 X99.43 Y131.268 E.02244
G1 X98.187 Y131.011 E.04083
G1 X97.693 Y130.518 E.02244
G1 X97.437 Y129.274 E.04083
G1 X97.135 Y128.973 E.01371
G3 X96.465 Y131.169 I-10.665 J-2.052 E.07398
G1 X96.943 Y131.268 E.01569
G1 X97.437 Y131.761 E.02244
G1 X97.693 Y133.005 E.04083
G1 X98.187 Y133.498 E.02244
G1 X99.43 Y133.755 E.04083
G1 X99.924 Y134.248 E.02244
G1 X100.18 Y135.492 E.04083
G1 X100.674 Y135.985 E.02244
G1 X101.917 Y136.242 E.04083
G1 X102.411 Y136.735 E.02244
G1 X102.667 Y137.979 E.04083
G1 X103.161 Y138.472 E.02244
G1 X104.404 Y138.729 E.04083
G1 X104.898 Y139.222 E.02244
G1 X105.154 Y140.466 E.04083
G1 X105.648 Y140.959 E.02244
G1 X106.891 Y141.216 E.04083
G1 X107.385 Y141.709 E.02244
G1 X107.641 Y142.953 E.04083
G1 X108.135 Y143.446 E.02244
G2 X110.357 Y143.643 I1.587 J-5.291 E.07224
G1 X107.87 Y143.643 F18000
G1 F6205.95
G3 X105.648 Y143.446 I-.636 J-5.487 E.07224
G1 X105.154 Y142.953 E.02244
G1 X104.898 Y141.709 E.04083
G1 X104.404 Y141.216 E.02244
G1 X103.161 Y140.959 E.04083
G1 X102.667 Y140.466 E.02244
G1 X102.411 Y139.222 E.04083
G1 X101.917 Y138.729 E.02244
G1 X100.674 Y138.472 E.04083
G1 X100.18 Y137.979 E.02244
G1 X99.924 Y136.735 E.04083
G1 X99.43 Y136.242 E.02244
G1 X98.187 Y135.985 E.04083
G1 X97.693 Y135.492 E.02244
G1 X97.437 Y134.248 E.04083
G1 X96.943 Y133.755 E.02244
G1 X95.7 Y133.498 E.04083
G1 X95.201 Y132.981 E.02311
G3 X94.358 Y133.735 I-4.007 J-3.63 E.03643
G1 X94.456 Y133.755 E.00321
G1 X94.95 Y134.248 E.02244
G1 X95.206 Y135.492 E.04083
G1 X95.7 Y135.985 E.02244
G1 X96.943 Y136.242 E.04083
G1 X97.437 Y136.735 E.02244
G1 X97.693 Y137.979 E.04083
G1 X98.187 Y138.472 E.02244
G1 X99.43 Y138.729 E.04083
G1 X99.924 Y139.222 E.02244
G1 X100.18 Y140.466 E.04083
G1 X100.674 Y140.959 E.02244
G1 X101.917 Y141.216 E.04083
G1 X102.411 Y141.709 E.02244
G1 X102.667 Y142.953 E.04083
G1 X103.161 Y143.446 E.02244
G2 X105.383 Y143.643 I1.587 J-5.291 E.07224
G1 X102.896 Y143.643 F18000
G1 F6205.95
G3 X100.674 Y143.446 I-.636 J-5.487 E.07224
G1 X100.18 Y142.953 E.02244
G1 X99.924 Y141.709 E.04083
G1 X99.43 Y141.216 E.02244
G1 X98.187 Y140.959 E.04083
G1 X97.693 Y140.466 E.02244
G1 X97.437 Y139.222 E.04083
G1 X96.943 Y138.729 E.02244
G1 X95.7 Y138.472 E.04083
G1 X95.206 Y137.979 E.02244
G1 X94.95 Y136.735 E.04083
G1 X94.456 Y136.242 E.02244
G1 X93.213 Y135.985 E.04083
G1 X92.719 Y135.492 E.02244
G1 X92.562 Y134.728 E.02507
G3 X90.172 Y135.2 I-3.169 J-9.76 E.07851
G1 X90.232 Y135.492 E.00957
G1 X90.726 Y135.985 E.02244
G1 X91.969 Y136.242 E.04083
G1 X92.463 Y136.735 E.02244
G1 X92.719 Y137.979 E.04083
G1 X93.213 Y138.472 E.02244
G1 X94.456 Y138.729 E.04083
G1 X94.95 Y139.222 E.02244
G1 X95.206 Y140.466 E.04083
G1 X95.7 Y140.959 E.02244
G1 X96.943 Y141.216 E.04083
G1 X97.437 Y141.709 E.02244
G1 X97.693 Y142.953 E.04083
G1 X98.187 Y143.446 E.02244
G2 X100.409 Y143.643 I1.587 J-5.291 E.07224
G1 X92.948 Y143.643 F18000
G1 F6205.95
G3 X90.726 Y143.446 I-.636 J-5.487 E.07224
G1 X90.232 Y142.953 E.02244
G1 X89.976 Y141.709 E.04083
G1 X89.482 Y141.216 E.02244
G1 X88.239 Y140.959 E.04083
G1 X87.745 Y140.466 E.02244
G1 X87.489 Y139.222 E.04083
G1 X86.995 Y138.729 E.02244
G1 X85.752 Y138.472 E.04083
G1 X85.258 Y137.979 E.02244
G1 X85.002 Y136.735 E.04083
G1 X84.508 Y136.242 E.02244
G1 X83.265 Y135.985 E.04083
G1 X82.771 Y135.492 E.02244
G1 X82.515 Y134.248 E.04083
G1 X82.021 Y133.755 E.02244
G1 X80.778 Y133.498 E.04083
G1 X80.284 Y133.005 E.02244
G1 X80.028 Y131.761 E.04083
G1 X79.534 Y131.268 E.02244
G1 X78.291 Y131.011 E.04083
G1 X77.797 Y130.518 E.02244
G1 X77.541 Y129.274 E.04083
G1 X77.357 Y129.091 E.00833
G1 X77.357 Y127.511 E.0508
G1 X77.357 Y129.998 F18000
G1 F6205.95
G1 X77.357 Y131.578 E.0508
G1 X77.541 Y131.761 E.00833
G1 X77.797 Y133.005 E.04083
G1 X78.291 Y133.498 E.02244
G1 X79.534 Y133.755 E.04083
G1 X80.028 Y134.248 E.02244
G1 X80.284 Y135.492 E.04083
G1 X80.778 Y135.985 E.02244
G1 X82.021 Y136.242 E.04083
G1 X82.515 Y136.735 E.02244
G1 X82.771 Y137.979 E.04083
G1 X83.265 Y138.472 E.02244
G1 X84.508 Y138.729 E.04083
G1 X85.002 Y139.222 E.02244
G1 X85.258 Y140.466 E.04083
G1 X85.752 Y140.959 E.02244
G1 X86.995 Y141.216 E.04083
G1 X87.489 Y141.709 E.02244
G1 X87.745 Y142.953 E.04083
G1 X88.239 Y143.446 E.02244
G2 X90.461 Y143.643 I1.587 J-5.291 E.07224
G1 X77.357 Y139.946 F18000
G1 F6205.95
G1 X77.357 Y141.526 E.0508
G1 X77.541 Y141.709 E.00833
G1 X77.797 Y142.953 E.04083
G1 X78.291 Y143.446 E.02244
G2 X80.513 Y143.643 I1.587 J-5.291 E.07224
G1 X83 Y143.643 F18000
G1 F6205.95
G3 X80.778 Y143.446 I-.636 J-5.487 E.07224
G1 X80.284 Y142.953 E.02244
G1 X80.028 Y141.709 E.04083
G1 X79.534 Y141.216 E.02244
G1 X78.291 Y140.959 E.04083
G1 X77.797 Y140.466 E.02244
G1 X77.541 Y139.222 E.04083
G1 X77.357 Y139.039 E.00833
G1 X77.357 Y137.459 E.0508
G1 X77.357 Y134.972 F18000
G1 F6205.95
G1 X77.357 Y136.552 E.0508
G1 X77.541 Y136.735 E.00833
G1 X77.797 Y137.979 E.04083
G1 X78.291 Y138.472 E.02244
G1 X79.534 Y138.729 E.04083
G1 X80.028 Y139.222 E.02244
G1 X80.284 Y140.466 E.04083
G1 X80.778 Y140.959 E.02244
G1 X82.021 Y141.216 E.04083
G1 X82.515 Y141.709 E.02244
G1 X82.771 Y142.953 E.04083
G1 X83.265 Y143.446 E.02244
G2 X85.487 Y143.643 I1.587 J-5.291 E.07224
G1 X87.974 Y143.643 F18000
G1 F6205.95
G3 X85.752 Y143.446 I-.636 J-5.487 E.07224
G1 X85.258 Y142.953 E.02244
G1 X85.002 Y141.709 E.04083
G1 X84.508 Y141.216 E.02244
G1 X83.265 Y140.959 E.04083
G1 X82.771 Y140.466 E.02244
G1 X82.515 Y139.222 E.04083
G1 X82.021 Y138.729 E.02244
G1 X80.778 Y138.472 E.04083
G1 X80.284 Y137.979 E.02244
G1 X80.028 Y136.735 E.04083
G1 X79.534 Y136.242 E.02244
G1 X78.291 Y135.985 E.04083
G1 X77.797 Y135.492 E.02244
G1 X77.541 Y134.248 E.04083
G1 X77.357 Y134.065 E.00833
G1 X77.357 Y132.485 E.0508
G1 X77.357 Y87.719 F18000
G1 F6205.95
G1 X77.357 Y89.299 E.0508
G1 X77.541 Y89.482 E.00833
G1 X77.797 Y90.726 E.04083
G1 X78.291 Y91.219 E.02244
G1 X79.534 Y91.476 E.04083
G1 X80.028 Y91.969 E.02244
G1 X80.284 Y93.213 E.04083
G1 X80.778 Y93.706 E.02244
G1 X82.021 Y93.963 E.04083
G1 X82.515 Y94.456 E.02244
G1 X82.771 Y95.7 E.04083
G1 X83.265 Y96.193 E.02244
G1 X84.508 Y96.45 E.04083
G1 X85.002 Y96.943 E.02244
G1 X85.258 Y98.187 E.04083
G1 X85.752 Y98.68 E.02244
G1 X86.995 Y98.937 E.04083
G1 X87.489 Y99.43 E.02244
G1 X87.745 Y100.674 E.04083
G1 X88.239 Y101.167 E.02244
G1 X89.482 Y101.424 E.04083
G1 X89.976 Y101.917 E.02244
G1 X90.232 Y103.161 E.04083
G1 X90.726 Y103.654 E.02244
G1 X91.969 Y103.911 E.04083
G1 X92.463 Y104.404 E.02244
G1 X92.719 Y105.648 E.04083
G1 X93.213 Y106.141 E.02244
G1 X94.456 Y106.398 E.04083
G1 X94.95 Y106.891 E.02244
G1 X95.206 Y108.135 E.04083
G1 X95.7 Y108.628 E.02244
G1 X96.943 Y108.885 E.04083
G1 X97.437 Y109.378 E.02244
G1 X97.693 Y110.622 E.04083
G1 X98.187 Y111.115 E.02244
G1 X99.43 Y111.372 E.04083
G1 X99.924 Y111.865 E.02244
G1 X100.18 Y113.109 E.04083
G1 X100.674 Y113.602 E.02244
G1 X101.917 Y113.859 E.04083
G1 X102.411 Y114.352 E.02244
G1 X102.667 Y115.596 E.04083
G1 X103.161 Y116.089 E.02244
G1 X104.404 Y116.346 E.04083
G1 X104.898 Y116.839 E.02244
G1 X105.154 Y118.083 E.04083
G1 X105.648 Y118.576 E.02244
G1 X106.891 Y118.833 E.04083
G1 X107.385 Y119.326 E.02244
G1 X107.641 Y120.57 E.04083
G1 X108.135 Y121.063 E.02244
G1 X109.378 Y121.32 E.04083
G1 X109.872 Y121.813 E.02244
G1 X110.128 Y123.057 E.04083
G1 X110.622 Y123.55 E.02244
G1 X111.865 Y123.807 E.04083
G1 X112.359 Y124.3 E.02244
G1 X112.615 Y125.544 E.04083
G1 X113.109 Y126.037 E.02244
G1 X114.352 Y126.294 E.04083
G1 X114.846 Y126.787 E.02244
G1 X115.102 Y128.031 E.04083
G1 X115.596 Y128.524 E.02244
G1 X116.839 Y128.781 E.04083
G1 X117.333 Y129.274 E.02244
G1 X117.589 Y130.518 E.04083
G1 X118.083 Y131.011 E.02244
G1 X119.326 Y131.268 E.04083
G1 X119.82 Y131.761 E.02244
G1 X120.076 Y133.005 E.04083
G1 X120.57 Y133.498 E.02244
G1 X121.813 Y133.755 E.04083
G1 X122.307 Y134.248 E.02244
G1 X122.563 Y135.492 E.04083
G1 X123.057 Y135.985 E.02244
G1 X124.3 Y136.242 E.04083
G1 X124.794 Y136.735 E.02244
G1 X125.05 Y137.979 E.04083
G1 X125.544 Y138.472 E.02244
G1 X126.787 Y138.729 E.04083
G1 X127.281 Y139.222 E.02244
G1 X127.537 Y140.466 E.04083
G1 X128.031 Y140.959 E.02244
G1 X129.274 Y141.216 E.04083
G1 X129.768 Y141.709 E.02244
G1 X130.024 Y142.953 E.04083
G1 X130.518 Y143.446 E.02244
G2 X132.74 Y143.643 I1.587 J-5.291 E.07224
G1 X130.253 Y143.643 F18000
G1 F6205.95
G3 X128.031 Y143.446 I-.636 J-5.487 E.07224
G1 X127.537 Y142.953 E.02244
G1 X127.281 Y141.709 E.04083
G1 X126.787 Y141.216 E.02244
G1 X125.544 Y140.959 E.04083
G1 X125.05 Y140.466 E.02244
G1 X124.794 Y139.222 E.04083
G1 X124.3 Y138.729 E.02244
G1 X123.057 Y138.472 E.04083
G1 X122.563 Y137.979 E.02244
G1 X122.307 Y136.735 E.04083
G1 X121.813 Y136.242 E.02244
G1 X120.57 Y135.985 E.04083
G1 X120.076 Y135.492 E.02244
G1 X119.82 Y134.248 E.04083
G1 X119.326 Y133.755 E.02244
G1 X118.083 Y133.498 E.04083
G1 X117.589 Y133.005 E.02244
G1 X117.333 Y131.761 E.04083
G1 X116.839 Y131.268 E.02244
G1 X115.596 Y131.011 E.04083
G1 X115.102 Y130.518 E.02244
G1 X114.846 Y129.274 E.04083
G1 X114.352 Y128.781 E.02244
G1 X113.109 Y128.524 E.04083
G1 X112.615 Y128.031 E.02244
G1 X112.359 Y126.787 E.04083
G1 X111.865 Y126.294 E.02244
G1 X110.622 Y126.037 E.04083
G1 X110.128 Y125.544 E.02244
G1 X109.872 Y124.3 E.04083
G1 X109.378 Y123.807 E.02244
G1 X108.135 Y123.55 E.04083
G1 X107.641 Y123.057 E.02244
G1 X107.385 Y121.813 E.04083
G1 X106.891 Y121.32 E.02244
G1 X105.648 Y121.063 E.04083
G1 X105.154 Y120.57 E.02244
G1 X104.898 Y119.326 E.04083
G1 X104.404 Y118.833 E.02244
G1 X103.161 Y118.576 E.04083
G1 X102.667 Y118.083 E.02244
G1 X102.411 Y116.839 E.04083
G1 X101.917 Y116.346 E.02244
G1 X100.674 Y116.089 E.04083
G1 X100.18 Y115.596 E.02244
G1 X99.924 Y114.352 E.04083
G1 X99.43 Y113.859 E.02244
G1 X98.187 Y113.602 E.04083
G1 X97.693 Y113.109 E.02244
G1 X97.437 Y111.865 E.04083
G1 X96.943 Y111.372 E.02244
G1 X95.7 Y111.115 E.04083
G1 X95.206 Y110.622 E.02244
G1 X94.95 Y109.378 E.04083
G1 X94.456 Y108.885 E.02244
G1 X93.213 Y108.628 E.04083
G1 X92.719 Y108.135 E.02244
G1 X92.463 Y106.891 E.04083
G1 X91.969 Y106.398 E.02244
G1 X90.726 Y106.141 E.04083
G1 X90.232 Y105.648 E.02244
G1 X89.976 Y104.404 E.04083
G1 X89.482 Y103.911 E.02244
G1 X88.239 Y103.654 E.04083
G1 X87.745 Y103.161 E.02244
G1 X87.489 Y101.917 E.04083
G1 X86.995 Y101.424 E.02244
G1 X85.752 Y101.167 E.04083
G1 X85.258 Y100.674 E.02244
G1 X85.002 Y99.43 E.04083
G1 X84.508 Y98.937 E.02244
G1 X83.265 Y98.68 E.04083
G1 X82.771 Y98.187 E.02244
G1 X82.515 Y96.943 E.04083
G1 X82.021 Y96.45 E.02244
G1 X80.778 Y96.193 E.04083
G1 X80.284 Y95.7 E.02244
G1 X80.028 Y94.456 E.04083
G1 X79.534 Y93.963 E.02244
G1 X78.291 Y93.706 E.04083
G1 X77.797 Y93.213 E.02244
G1 X77.541 Y91.969 E.04083
G1 X77.357 Y91.786 E.00833
G1 X77.357 Y90.206 E.0508
G1 X77.357 Y92.693 F18000
G1 F6205.95
G1 X77.357 Y94.273 E.0508
G1 X77.541 Y94.456 E.00833
G1 X77.797 Y95.7 E.04083
G1 X78.291 Y96.193 E.02244
G1 X79.534 Y96.45 E.04083
G1 X80.028 Y96.943 E.02244
G1 X80.284 Y98.187 E.04083
G1 X80.778 Y98.68 E.02244
G1 X82.021 Y98.937 E.04083
G1 X82.515 Y99.43 E.02244
G1 X82.771 Y100.674 E.04083
G1 X83.265 Y101.167 E.02244
G1 X84.508 Y101.424 E.04083
G1 X85.002 Y101.917 E.02244
G1 X85.258 Y103.161 E.04083
G1 X85.752 Y103.654 E.02244
G1 X86.995 Y103.911 E.04083
G1 X87.489 Y104.404 E.02244
G1 X87.745 Y105.648 E.04083
G1 X88.239 Y106.141 E.02244
G1 X89.482 Y106.398 E.04083
G1 X89.976 Y106.891 E.02244
G1 X90.232 Y108.135 E.04083
G1 X90.726 Y108.628 E.02244
G1 X91.969 Y108.885 E.04083
G1 X92.463 Y109.378 E.02244
G1 X92.719 Y110.622 E.04083
G1 X93.213 Y111.115 E.02244
G1 X94.456 Y111.372 E.04083
G1 X94.95 Y111.865 E.02244
G1 X95.206 Y113.109 E.04083
G1 X95.7 Y113.602 E.02244
G1 X96.943 Y113.859 E.04083
G1 X97.437 Y114.352 E.02244
G1 X97.693 Y115.596 E.04083
G1 X98.187 Y116.089 E.02244
G1 X99.43 Y116.346 E.04083
G1 X99.924 Y116.839 E.02244
G1 X100.18 Y118.083 E.04083
G1 X100.674 Y118.576 E.02244
G1 X101.917 Y118.833 E.04083
G1 X102.411 Y119.326 E.02244
G1 X102.667 Y120.57 E.04083
G1 X103.161 Y121.063 E.02244
G1 X104.404 Y121.32 E.04083
G1 X104.898 Y121.813 E.02244
G1 X105.154 Y123.057 E.04083
G1 X105.648 Y123.55 E.02244
G1 X106.891 Y123.807 E.04083
G1 X107.385 Y124.3 E.02244
G1 X107.641 Y125.544 E.04083
G1 X108.135 Y126.037 E.02244
G1 X109.378 Y126.294 E.04083
G1 X109.872 Y126.787 E.02244
G1 X110.128 Y128.031 E.04083
G1 X110.622 Y128.524 E.02244
G1 X111.865 Y128.781 E.04083
G1 X112.359 Y129.274 E.02244
G1 X112.615 Y130.518 E.04083
G1 X113.109 Y131.011 E.02244
G1 X114.352 Y131.268 E.04083
G1 X114.846 Y131.761 E.02244
G1 X115.102 Y133.005 E.04083
G1 X115.596 Y133.498 E.02244
G1 X116.839 Y133.755 E.04083
G1 X117.333 Y134.248 E.02244
G1 X117.589 Y135.492 E.04083
G1 X118.083 Y135.985 E.02244
G1 X119.326 Y136.242 E.04083
G1 X119.82 Y136.735 E.02244
G1 X120.076 Y137.979 E.04083
G1 X120.57 Y138.472 E.02244
G1 X121.813 Y138.729 E.04083
G1 X122.307 Y139.222 E.02244
G1 X122.563 Y140.466 E.04083
G1 X123.057 Y140.959 E.02244
G1 X124.3 Y141.216 E.04083
G1 X124.794 Y141.709 E.02244
G1 X125.05 Y142.953 E.04083
G1 X125.544 Y143.446 E.02244
G2 X127.766 Y143.643 I1.587 J-5.291 E.07224
G1 X125.279 Y143.643 F18000
G1 F6205.95
G3 X123.057 Y143.446 I-.636 J-5.487 E.07224
G1 X122.563 Y142.953 E.02244
G1 X122.307 Y141.709 E.04083
G1 X121.813 Y141.216 E.02244
G1 X120.57 Y140.959 E.04083
G1 X120.076 Y140.466 E.02244
G1 X119.82 Y139.222 E.04083
G1 X119.326 Y138.729 E.02244
G1 X118.083 Y138.472 E.04083
G1 X117.589 Y137.979 E.02244
G1 X117.333 Y136.735 E.04083
G1 X116.839 Y136.242 E.02244
G1 X115.596 Y135.985 E.04083
G1 X115.102 Y135.492 E.02244
G1 X114.846 Y134.248 E.04083
G1 X114.352 Y133.755 E.02244
G1 X113.109 Y133.498 E.04083
G1 X112.615 Y133.005 E.02244
G1 X112.359 Y131.761 E.04083
G1 X111.865 Y131.268 E.02244
G1 X110.622 Y131.011 E.04083
G1 X110.128 Y130.518 E.02244
G1 X109.872 Y129.274 E.04083
G1 X109.378 Y128.781 E.02244
G1 X108.135 Y128.524 E.04083
G1 X107.641 Y128.031 E.02244
G1 X107.385 Y126.787 E.04083
G1 X106.891 Y126.294 E.02244
G1 X105.648 Y126.037 E.04083
G1 X105.154 Y125.544 E.02244
G1 X104.898 Y124.3 E.04083
G1 X104.404 Y123.807 E.02244
G1 X103.161 Y123.55 E.04083
G1 X102.667 Y123.057 E.02244
G1 X102.411 Y121.813 E.04083
G1 X101.917 Y121.32 E.02244
G1 X100.674 Y121.063 E.04083
G1 X100.18 Y120.57 E.02244
G1 X99.924 Y119.326 E.04083
G1 X99.43 Y118.833 E.02244
G1 X98.187 Y118.576 E.04083
G1 X97.693 Y118.083 E.02244
G1 X97.437 Y116.839 E.04083
G1 X96.943 Y116.346 E.02244
G1 X95.7 Y116.089 E.04083
G1 X95.206 Y115.596 E.02244
G1 X94.95 Y114.352 E.04083
G1 X94.456 Y113.859 E.02244
G1 X93.213 Y113.602 E.04083
G1 X92.719 Y113.109 E.02244
G1 X92.463 Y111.865 E.04083
G1 X91.969 Y111.372 E.02244
G1 X90.726 Y111.115 E.04083
G1 X90.232 Y110.622 E.02244
G1 X89.976 Y109.378 E.04083
G1 X89.482 Y108.885 E.02244
G1 X88.239 Y108.628 E.04083
G1 X87.745 Y108.135 E.02244
G1 X87.489 Y106.891 E.04083
G1 X86.995 Y106.398 E.02244
G1 X85.752 Y106.141 E.04083
G1 X85.258 Y105.648 E.02244
G1 X85.002 Y104.404 E.04083
G1 X84.508 Y103.911 E.02244
G1 X83.265 Y103.654 E.04083
G1 X82.771 Y103.161 E.02244
G1 X82.515 Y101.917 E.04083
G1 X82.021 Y101.424 E.02244
G1 X80.778 Y101.167 E.04083
G1 X80.284 Y100.674 E.02244
G1 X80.028 Y99.43 E.04083
G1 X79.534 Y98.937 E.02244
G1 X78.291 Y98.68 E.04083
G1 X77.797 Y98.187 E.02244
G1 X77.541 Y96.943 E.04083
G1 X77.357 Y96.76 E.00833
G1 X77.357 Y95.18 E.0508
G1 X77.357 Y97.667 F18000
G1 F6205.95
G1 X77.357 Y99.247 E.0508
G1 X77.541 Y99.43 E.00833
G1 X77.797 Y100.674 E.04083
G1 X78.291 Y101.167 E.02244
G1 X79.534 Y101.424 E.04083
G1 X80.028 Y101.917 E.02244
G1 X80.284 Y103.161 E.04083
G1 X80.778 Y103.654 E.02244
G1 X82.021 Y103.911 E.04083
G1 X82.515 Y104.404 E.02244
G1 X82.771 Y105.648 E.04083
G1 X83.265 Y106.141 E.02244
G1 X84.508 Y106.398 E.04083
G1 X85.002 Y106.891 E.02244
G1 X85.258 Y108.135 E.04083
G1 X85.752 Y108.628 E.02244
G1 X86.995 Y108.885 E.04083
G1 X87.489 Y109.378 E.02244
G1 X87.745 Y110.622 E.04083
G1 X88.239 Y111.115 E.02244
G1 X89.482 Y111.372 E.04083
G1 X89.976 Y111.865 E.02244
G1 X90.232 Y113.109 E.04083
G1 X90.726 Y113.602 E.02244
G1 X91.969 Y113.859 E.04083
G1 X92.463 Y114.352 E.02244
G1 X92.719 Y115.596 E.04083
G1 X93.213 Y116.089 E.02244
G1 X94.456 Y116.346 E.04083
G1 X94.95 Y116.839 E.02244
G1 X95.206 Y118.083 E.04083
G1 X95.7 Y118.576 E.02244
G1 X96.943 Y118.833 E.04083
G1 X97.437 Y119.326 E.02244
G1 X97.693 Y120.57 E.04083
G1 X98.187 Y121.063 E.02244
G1 X99.43 Y121.32 E.04083
G1 X99.924 Y121.813 E.02244
G1 X100.18 Y123.057 E.04083
G1 X100.674 Y123.55 E.02244
G1 X101.917 Y123.807 E.04083
G1 X102.411 Y124.3 E.02244
G1 X102.667 Y125.544 E.04083
G1 X103.161 Y126.037 E.02244
G1 X104.404 Y126.294 E.04083
G1 X104.898 Y126.787 E.02244
G1 X105.154 Y128.031 E.04083
G1 X105.648 Y128.524 E.02244
G1 X106.891 Y128.781 E.04083
G1 X107.385 Y129.274 E.02244
G1 X107.641 Y130.518 E.04083
G1 X108.135 Y131.011 E.02244
G1 X109.378 Y131.268 E.04083
G1 X109.872 Y131.761 E.02244
G1 X110.128 Y133.005 E.04083
G1 X110.622 Y133.498 E.02244
G1 X111.865 Y133.755 E.04083
G1 X112.359 Y134.248 E.02244
G1 X112.615 Y135.492 E.04083
G1 X113.109 Y135.985 E.02244
G1 X114.352 Y136.242 E.04083
G1 X114.846 Y136.735 E.02244
G1 X115.102 Y137.979 E.04083
G1 X115.596 Y138.472 E.02244
G1 X116.839 Y138.729 E.04083
G1 X117.333 Y139.222 E.02244
G1 X117.589 Y140.466 E.04083
G1 X118.083 Y140.959 E.02244
G1 X119.326 Y141.216 E.04083
G1 X119.82 Y141.709 E.02244
G1 X120.076 Y142.953 E.04083
G1 X120.57 Y143.446 E.02244
G2 X122.792 Y143.643 I1.587 J-5.291 E.07224
G1 X135.227 Y143.643 F18000
G1 F6205.95
G3 X133.005 Y143.446 I-.636 J-5.487 E.07224
G1 X132.511 Y142.953 E.02244
G1 X132.255 Y141.709 E.04083
G1 X131.761 Y141.216 E.02244
G1 X130.518 Y140.959 E.04083
G1 X130.024 Y140.466 E.02244
G1 X129.768 Y139.222 E.04083
G1 X129.274 Y138.729 E.02244
G1 X128.031 Y138.472 E.04083
G1 X127.537 Y137.979 E.02244
G1 X127.281 Y136.735 E.04083
G1 X126.787 Y136.242 E.02244
G1 X125.544 Y135.985 E.04083
G1 X125.05 Y135.492 E.02244
G1 X124.794 Y134.248 E.04083
G1 X124.3 Y133.755 E.02244
G1 X123.057 Y133.498 E.04083
G1 X122.563 Y133.005 E.02244
G1 X122.307 Y131.761 E.04083
G1 X121.813 Y131.268 E.02244
G1 X120.57 Y131.011 E.04083
G1 X120.076 Y130.518 E.02244
G1 X119.82 Y129.274 E.04083
G1 X119.326 Y128.781 E.02244
G1 X118.083 Y128.524 E.04083
G1 X117.589 Y128.031 E.02244
G1 X117.333 Y126.787 E.04083
G1 X116.839 Y126.294 E.02244
G1 X115.596 Y126.037 E.04083
G1 X115.102 Y125.544 E.02244
G1 X114.846 Y124.3 E.04083
G1 X114.352 Y123.807 E.02244
G1 X113.109 Y123.55 E.04083
G1 X112.615 Y123.057 E.02244
G1 X112.359 Y121.813 E.04083
G1 X111.865 Y121.32 E.02244
G1 X110.622 Y121.063 E.04083
G1 X110.128 Y120.57 E.02244
G1 X109.872 Y119.326 E.04083
G1 X109.378 Y118.833 E.02244
G1 X108.135 Y118.576 E.04083
G1 X107.641 Y118.083 E.02244
G1 X107.385 Y116.839 E.04083
G1 X106.891 Y116.346 E.02244
G1 X105.648 Y116.089 E.04083
G1 X105.154 Y115.596 E.02244
G1 X104.898 Y114.352 E.04083
G1 X104.404 Y113.859 E.02244
G1 X103.161 Y113.602 E.04083
G1 X102.667 Y113.109 E.02244
G1 X102.411 Y111.865 E.04083
G1 X101.917 Y111.372 E.02244
G1 X100.674 Y111.115 E.04083
G1 X100.18 Y110.622 E.02244
G1 X99.924 Y109.378 E.04083
G1 X99.43 Y108.885 E.02244
G1 X98.187 Y108.628 E.04083
G1 X97.693 Y108.135 E.02244
G1 X97.437 Y106.891 E.04083
G1 X96.943 Y106.398 E.02244
G1 X95.7 Y106.141 E.04083
G1 X95.206 Y105.648 E.02244
G1 X94.95 Y104.404 E.04083
G1 X94.456 Y103.911 E.02244
G1 X93.213 Y103.654 E.04083
G1 X92.719 Y103.161 E.02244
G1 X92.463 Y101.917 E.04083
G1 X91.969 Y101.424 E.02244
G1 X90.726 Y101.167 E.04083
G1 X90.232 Y100.674 E.02244
G1 X89.976 Y99.43 E.04083
G1 X89.482 Y98.937 E.02244
G1 X88.239 Y98.68 E.04083
G1 X87.745 Y98.187 E.02244
G1 X87.489 Y96.943 E.04083
G1 X86.995 Y96.45 E.02244
G1 X85.752 Y96.193 E.04083
G1 X85.258 Y95.7 E.02244
G1 X85.002 Y94.456 E.04083
G1 X84.508 Y93.963 E.02244
G1 X83.265 Y93.706 E.04083
G1 X82.771 Y93.213 E.02244
G1 X82.515 Y91.969 E.04083
G1 X82.021 Y91.476 E.02244
G1 X80.778 Y91.219 E.04083
G1 X80.284 Y90.726 E.02244
G1 X80.028 Y89.482 E.04083
G1 X79.534 Y88.989 E.02244
G1 X78.291 Y88.732 E.04083
G1 X77.797 Y88.239 E.02244
G1 X77.541 Y86.995 E.04083
G1 X77.357 Y86.812 E.00833
G1 X77.357 Y85.232 E.0508
G1 X77.357 Y82.745 F18000
G1 F6205.95
G1 X77.357 Y84.325 E.0508
G1 X77.541 Y84.508 E.00833
G1 X77.797 Y85.752 E.04083
G1 X78.291 Y86.245 E.02244
G1 X79.534 Y86.502 E.04083
G1 X80.028 Y86.995 E.02244
G1 X80.284 Y88.239 E.04083
G1 X80.778 Y88.732 E.02244
G1 X82.021 Y88.989 E.04083
G1 X82.515 Y89.482 E.02244
G1 X82.771 Y90.726 E.04083
G1 X83.265 Y91.219 E.02244
G1 X84.508 Y91.476 E.04083
G1 X85.002 Y91.969 E.02244
G1 X85.258 Y93.213 E.04083
G1 X85.752 Y93.706 E.02244
G1 X86.995 Y93.963 E.04083
G1 X87.489 Y94.456 E.02244
G1 X87.745 Y95.7 E.04083
G1 X88.239 Y96.193 E.02244
G1 X89.482 Y96.45 E.04083
G1 X89.976 Y96.943 E.02244
G1 X90.232 Y98.187 E.04083
G1 X90.726 Y98.68 E.02244
G1 X91.969 Y98.937 E.04083
G1 X92.463 Y99.43 E.02244
G1 X92.719 Y100.674 E.04083
G1 X93.213 Y101.167 E.02244
G1 X94.456 Y101.424 E.04083
G1 X94.95 Y101.917 E.02244
G1 X95.206 Y103.161 E.04083
G1 X95.7 Y103.654 E.02244
G1 X96.943 Y103.911 E.04083
G1 X97.437 Y104.404 E.02244
G1 X97.693 Y105.648 E.04083
G1 X98.187 Y106.141 E.02244
G1 X99.43 Y106.398 E.04083
G1 X99.924 Y106.891 E.02244
G1 X100.18 Y108.135 E.04083
G1 X100.674 Y108.628 E.02244
G1 X101.917 Y108.885 E.04083
G1 X102.411 Y109.378 E.02244
G1 X102.667 Y110.622 E.04083
G1 X103.161 Y111.115 E.02244
G1 X104.404 Y111.372 E.04083
G1 X104.898 Y111.865 E.02244
G1 X105.154 Y113.109 E.04083
G1 X105.648 Y113.602 E.02244
G1 X106.891 Y113.859 E.04083
G1 X107.385 Y114.352 E.02244
G1 X107.641 Y115.596 E.04083
G1 X108.135 Y116.089 E.02244
G1 X109.378 Y116.346 E.04083
G1 X109.872 Y116.839 E.02244
G1 X110.128 Y118.083 E.04083
G1 X110.622 Y118.576 E.02244
G1 X111.865 Y118.833 E.04083
G1 X112.359 Y119.326 E.02244
G1 X112.615 Y120.57 E.04083
G1 X113.109 Y121.063 E.02244
G1 X114.352 Y121.32 E.04083
G1 X114.846 Y121.813 E.02244
G1 X115.102 Y123.057 E.04083
G1 X115.596 Y123.55 E.02244
G1 X116.839 Y123.807 E.04083
G1 X117.333 Y124.3 E.02244
G1 X117.589 Y125.544 E.04083
G1 X118.083 Y126.037 E.02244
G1 X119.326 Y126.294 E.04083
G1 X119.82 Y126.787 E.02244
G1 X120.076 Y128.031 E.04083
G1 X120.57 Y128.524 E.02244
G1 X121.813 Y128.781 E.04083
G1 X122.307 Y129.274 E.02244
G1 X122.563 Y130.518 E.04083
G1 X123.057 Y131.011 E.02244
G1 X124.3 Y131.268 E.04083
G1 X124.794 Y131.761 E.02244
G1 X125.05 Y133.005 E.04083
G1 X125.544 Y133.498 E.02244
G1 X126.787 Y133.755 E.04083
G1 X127.281 Y134.248 E.02244
G1 X127.537 Y135.492 E.04083
G1 X128.031 Y135.985 E.02244
G1 X129.274 Y136.242 E.04083
G1 X129.768 Y136.735 E.02244
G1 X130.024 Y137.979 E.04083
G1 X130.518 Y138.472 E.02244
G1 X131.761 Y138.729 E.04083
G1 X132.255 Y139.222 E.02244
G1 X132.511 Y140.466 E.04083
G1 X133.005 Y140.959 E.02244
G1 X134.248 Y141.216 E.04083
G1 X134.742 Y141.709 E.02244
G1 X134.998 Y142.953 E.04083
G1 X135.492 Y143.446 E.02244
G2 X137.714 Y143.643 I1.587 J-5.291 E.07224
G1 X140.201 Y143.643 F18000
G1 F6205.95
G3 X137.979 Y143.446 I-.636 J-5.487 E.07224
G1 X137.485 Y142.953 E.02244
G1 X137.229 Y141.709 E.04083
G1 X136.735 Y141.216 E.02244
G1 X135.492 Y140.959 E.04083
G1 X134.998 Y140.466 E.02244
G1 X134.742 Y139.222 E.04083
G1 X134.248 Y138.729 E.02244
G1 X133.005 Y138.472 E.04083
G1 X132.511 Y137.979 E.02244
G1 X132.255 Y136.735 E.04083
G1 X131.761 Y136.242 E.02244
G1 X130.518 Y135.985 E.04083
G1 X130.024 Y135.492 E.02244
G1 X129.768 Y134.248 E.04083
G1 X129.274 Y133.755 E.02244
G1 X128.031 Y133.498 E.04083
G1 X127.537 Y133.005 E.02244
G1 X127.281 Y131.761 E.04083
G1 X126.787 Y131.268 E.02244
G1 X125.544 Y131.011 E.04083
G1 X125.05 Y130.518 E.02244
G1 X124.794 Y129.274 E.04083
G1 X124.3 Y128.781 E.02244
G1 X123.057 Y128.524 E.04083
G1 X122.563 Y128.031 E.02244
G1 X122.307 Y126.787 E.04083
G1 X121.813 Y126.294 E.02244
G1 X120.57 Y126.037 E.04083
G1 X120.076 Y125.544 E.02244
G1 X119.82 Y124.3 E.04083
G1 X119.326 Y123.807 E.02244
G1 X118.083 Y123.55 E.04083
G1 X117.589 Y123.057 E.02244
G1 X117.333 Y121.813 E.04083
G1 X116.839 Y121.32 E.02244
G1 X115.596 Y121.063 E.04083
G1 X115.102 Y120.57 E.02244
G1 X114.846 Y119.326 E.04083
G1 X114.352 Y118.833 E.02244
G1 X113.109 Y118.576 E.04083
G1 X112.615 Y118.083 E.02244
G1 X112.359 Y116.839 E.04083
G1 X111.865 Y116.346 E.02244
G1 X110.622 Y116.089 E.04083
G1 X110.128 Y115.596 E.02244
G1 X109.872 Y114.352 E.04083
G1 X109.378 Y113.859 E.02244
G1 X108.135 Y113.602 E.04083
G1 X107.641 Y113.109 E.02244
G1 X107.385 Y111.865 E.04083
G1 X106.891 Y111.372 E.02244
G1 X105.648 Y111.115 E.04083
G1 X105.154 Y110.622 E.02244
G1 X104.898 Y109.378 E.04083
G1 X104.404 Y108.885 E.02244
G1 X103.161 Y108.628 E.04083
G1 X102.667 Y108.135 E.02244
G1 X102.411 Y106.891 E.04083
G1 X101.917 Y106.398 E.02244
G1 X100.674 Y106.141 E.04083
G1 X100.18 Y105.648 E.02244
G1 X99.924 Y104.404 E.04083
G1 X99.43 Y103.911 E.02244
G1 X98.187 Y103.654 E.04083
G1 X97.693 Y103.161 E.02244
G1 X97.437 Y101.917 E.04083
G1 X96.943 Y101.424 E.02244
G1 X95.7 Y101.167 E.04083
G1 X95.206 Y100.674 E.02244
G1 X94.95 Y99.43 E.04083
G1 X94.456 Y98.937 E.02244
G1 X93.213 Y98.68 E.04083
G1 X92.719 Y98.187 E.02244
G1 X92.463 Y96.943 E.04083
G1 X91.969 Y96.45 E.02244
G1 X90.726 Y96.193 E.04083
G1 X90.232 Y95.7 E.02244
G1 X89.976 Y94.456 E.04083
G1 X89.482 Y93.963 E.02244
G1 X88.239 Y93.706 E.04083
G1 X87.745 Y93.213 E.02244
G1 X87.489 Y91.969 E.04083
G1 X86.995 Y91.476 E.02244
G1 X85.752 Y91.219 E.04083
G1 X85.258 Y90.726 E.02244
G1 X85.002 Y89.482 E.04083
G1 X84.508 Y88.989 E.02244
G1 X83.265 Y88.732 E.04083
G1 X82.771 Y88.239 E.02244
G1 X82.515 Y86.995 E.04083
G1 X82.021 Y86.502 E.02244
G1 X80.778 Y86.245 E.04083
G1 X80.284 Y85.752 E.02244
G1 X80.028 Y84.508 E.04083
G1 X79.534 Y84.015 E.02244
G1 X78.291 Y83.758 E.04083
G1 X77.797 Y83.265 E.02244
G1 X77.541 Y82.021 E.04083
G1 X77.357 Y81.838 E.00833
G1 X77.357 Y80.258 E.0508
G1 X77.489 Y77.385 F18000
G1 F6205.95
G1 X77.441 Y77.493 E.00381
G2 X77.357 Y79.351 I5.986 J1.2 E.06002
G1 X77.541 Y79.534 E.00833
G1 X77.797 Y80.778 E.04083
G1 X78.291 Y81.271 E.02244
G1 X79.534 Y81.528 E.04083
G1 X80.028 Y82.021 E.02244
G1 X80.284 Y83.265 E.04083
G1 X80.778 Y83.758 E.02244
G1 X82.021 Y84.015 E.04083
G1 X82.515 Y84.508 E.02244
G1 X82.771 Y85.752 E.04083
G1 X83.265 Y86.245 E.02244
G1 X84.508 Y86.502 E.04083
G1 X85.002 Y86.995 E.02244
G1 X85.258 Y88.239 E.04083
G1 X85.752 Y88.732 E.02244
G1 X86.995 Y88.989 E.04083
G1 X87.489 Y89.482 E.02244
G1 X87.745 Y90.726 E.04083
G1 X88.239 Y91.219 E.02244
G1 X89.482 Y91.476 E.04083
G1 X89.976 Y91.969 E.02244
G1 X90.232 Y93.213 E.04083
G1 X90.726 Y93.706 E.02244
G1 X91.969 Y93.963 E.04083
G1 X92.463 Y94.456 E.02244
G1 X92.719 Y95.7 E.04083
G1 X93.213 Y96.193 E.02244
G1 X94.456 Y96.45 E.04083
G1 X94.95 Y96.943 E.02244
G1 X95.206 Y98.187 E.04083
G1 X95.7 Y98.68 E.02244
G1 X96.943 Y98.937 E.04083
G1 X97.437 Y99.43 E.02244
G1 X97.693 Y100.674 E.04083
G1 X98.187 Y101.167 E.02244
G1 X99.43 Y101.424 E.04083
G1 X99.924 Y101.917 E.02244
G1 X100.18 Y103.161 E.04083
G1 X100.674 Y103.654 E.02244
G1 X101.917 Y103.911 E.04083
G1 X102.411 Y104.404 E.02244
G1 X102.667 Y105.648 E.04083
G1 X103.161 Y106.141 E.02244
G1 X104.404 Y106.398 E.04083
G1 X104.898 Y106.891 E.02244
G1 X105.154 Y108.135 E.04083
G1 X105.648 Y108.628 E.02244
G1 X106.891 Y108.885 E.04083
G1 X107.385 Y109.378 E.02244
G1 X107.641 Y110.622 E.04083
G1 X108.135 Y111.115 E.02244
G1 X109.378 Y111.372 E.04083
G1 X109.872 Y111.865 E.02244
G1 X110.128 Y113.109 E.04083
G1 X110.622 Y113.602 E.02244
G1 X111.865 Y113.859 E.04083
G1 X112.359 Y114.352 E.02244
G1 X112.615 Y115.596 E.04083
G1 X113.109 Y116.089 E.02244
G1 X114.352 Y116.346 E.04083
G1 X114.846 Y116.839 E.02244
G1 X115.102 Y118.083 E.04083
G1 X115.596 Y118.576 E.02244
G1 X116.839 Y118.833 E.04083
G1 X117.333 Y119.326 E.02244
G1 X117.589 Y120.57 E.04083
G1 X118.083 Y121.063 E.02244
G1 X119.326 Y121.32 E.04083
G1 X119.82 Y121.813 E.02244
G1 X120.076 Y123.057 E.04083
G1 X120.57 Y123.55 E.02244
G1 X121.813 Y123.807 E.04083
G1 X122.307 Y124.3 E.02244
G1 X122.563 Y125.544 E.04083
G1 X123.057 Y126.037 E.02244
G1 X124.3 Y126.294 E.04083
G1 X124.794 Y126.787 E.02244
G1 X125.05 Y128.031 E.04083
G1 X125.544 Y128.524 E.02244
G1 X126.787 Y128.781 E.04083
G1 X127.281 Y129.274 E.02244
G1 X127.537 Y130.518 E.04083
G1 X128.031 Y131.011 E.02244
G1 X129.274 Y131.268 E.04083
G1 X129.768 Y131.761 E.02244
G1 X130.024 Y133.005 E.04083
G1 X130.518 Y133.498 E.02244
G1 X131.761 Y133.755 E.04083
G1 X132.255 Y134.248 E.02244
G1 X132.511 Y135.492 E.04083
G1 X133.005 Y135.985 E.02244
G1 X134.248 Y136.242 E.04083
G1 X134.742 Y136.735 E.02244
G1 X134.998 Y137.979 E.04083
G1 X135.492 Y138.472 E.02244
G1 X136.735 Y138.729 E.04083
G1 X137.229 Y139.222 E.02244
G1 X137.485 Y140.466 E.04083
G1 X137.979 Y140.959 E.02244
G1 X139.222 Y141.216 E.04083
G1 X139.716 Y141.709 E.02244
G1 X139.972 Y142.953 E.04083
G1 X140.466 Y143.446 E.02244
G1 X141.264 Y143.611 E.02622
G2 X142.428 Y142.801 I-.485 J-1.938 E.04661
G1 X142.203 Y141.709 E.03584
G1 X141.709 Y141.216 E.02244
G1 X140.466 Y140.959 E.04083
G1 X139.972 Y140.466 E.02244
G1 X139.716 Y139.222 E.04083
G1 X139.222 Y138.729 E.02244
G1 X137.979 Y138.472 E.04083
G1 X137.485 Y137.979 E.02244
G1 X137.229 Y136.735 E.04083
G1 X136.735 Y136.242 E.02244
G1 X135.492 Y135.985 E.04083
G1 X134.998 Y135.492 E.02244
G1 X134.742 Y134.248 E.04083
G1 X134.248 Y133.755 E.02244
G1 X133.005 Y133.498 E.04083
G1 X132.511 Y133.005 E.02244
G1 X132.255 Y131.761 E.04083
G1 X131.761 Y131.268 E.02244
G1 X130.518 Y131.011 E.04083
G1 X130.024 Y130.518 E.02244
G1 X129.768 Y129.274 E.04083
G1 X129.274 Y128.781 E.02244
G1 X128.031 Y128.524 E.04083
G1 X127.537 Y128.031 E.02244
G1 X127.281 Y126.787 E.04083
G1 X126.787 Y126.294 E.02244
G1 X125.544 Y126.037 E.04083
G1 X125.05 Y125.544 E.02244
G1 X124.794 Y124.3 E.04083
G1 X124.3 Y123.807 E.02244
G1 X123.057 Y123.55 E.04083
G1 X122.563 Y123.057 E.02244
G1 X122.307 Y121.813 E.04083
G1 X121.813 Y121.32 E.02244
G1 X120.57 Y121.063 E.04083
G1 X120.076 Y120.57 E.02244
G1 X119.82 Y119.326 E.04083
G1 X119.326 Y118.833 E.02244
G1 X118.083 Y118.576 E.04083
G1 X117.589 Y118.083 E.02244
G1 X117.333 Y116.839 E.04083
G1 X116.839 Y116.346 E.02244
G1 X115.596 Y116.089 E.04083
G1 X115.102 Y115.596 E.02244
G1 X114.846 Y114.352 E.04083
G1 X114.352 Y113.859 E.02244
G1 X113.109 Y113.602 E.04083
G1 X112.615 Y113.109 E.02244
G1 X112.359 Y111.865 E.04083
G1 X111.865 Y111.372 E.02244
G1 X110.622 Y111.115 E.04083
G1 X110.128 Y110.622 E.02244
G1 X109.872 Y109.378 E.04083
G1 X109.378 Y108.885 E.02244
G1 X108.135 Y108.628 E.04083
G1 X107.641 Y108.135 E.02244
G1 X107.385 Y106.891 E.04083
G1 X106.891 Y106.398 E.02244
G1 X105.648 Y106.141 E.04083
G1 X105.154 Y105.648 E.02244
G1 X104.898 Y104.404 E.04083
G1 X104.404 Y103.911 E.02244
G1 X103.161 Y103.654 E.04083
G1 X102.667 Y103.161 E.02244
G1 X102.411 Y101.917 E.04083
G1 X101.917 Y101.424 E.02244
G1 X100.674 Y101.167 E.04083
G1 X100.18 Y100.674 E.02244
G1 X99.924 Y99.43 E.04083
G1 X99.43 Y98.937 E.02244
G1 X98.187 Y98.68 E.04083
G1 X97.693 Y98.187 E.02244
G1 X97.437 Y96.943 E.04083
G1 X96.943 Y96.45 E.02244
G1 X95.7 Y96.193 E.04083
G1 X95.206 Y95.7 E.02244
G1 X94.95 Y94.456 E.04083
G1 X94.456 Y93.963 E.02244
G1 X93.213 Y93.706 E.04083
G1 X92.719 Y93.213 E.02244
G1 X92.463 Y91.969 E.04083
G1 X91.969 Y91.476 E.02244
G1 X90.726 Y91.219 E.04083
G1 X90.232 Y90.726 E.02244
G1 X89.976 Y89.482 E.04083
G1 X89.482 Y88.989 E.02244
G1 X88.239 Y88.732 E.04083
G1 X87.745 Y88.239 E.02244
G1 X87.489 Y86.995 E.04083
G1 X86.995 Y86.502 E.02244
G1 X85.752 Y86.245 E.04083
G1 X85.258 Y85.752 E.02244
G1 X85.002 Y84.508 E.04083
G1 X84.508 Y84.015 E.02244
G1 X83.265 Y83.758 E.04083
G1 X82.771 Y83.265 E.02244
G1 X82.515 Y82.021 E.04083
G1 X82.021 Y81.528 E.02244
G1 X80.778 Y81.271 E.04083
G1 X80.284 Y80.778 E.02244
G1 X80.028 Y79.534 E.04083
G1 X79.534 Y79.041 E.02244
G1 X78.291 Y78.784 E.04083
G1 X77.797 Y78.291 E.02244
G1 X77.572 Y77.199 E.03584
G3 X78.736 Y76.389 I1.649 J1.127 E.04661
G1 X79.534 Y76.554 E.02622
G1 X80.028 Y77.047 E.02244
G1 X80.284 Y78.291 E.04083
G1 X80.778 Y78.784 E.02244
G1 X82.021 Y79.041 E.04083
G1 X82.515 Y79.534 E.02244
G1 X82.771 Y80.778 E.04083
G1 X83.265 Y81.271 E.02244
G1 X84.508 Y81.528 E.04083
G1 X85.002 Y82.021 E.02244
G1 X85.258 Y83.265 E.04083
G1 X85.752 Y83.758 E.02244
G1 X86.995 Y84.015 E.04083
G1 X87.489 Y84.508 E.02244
G1 X87.745 Y85.752 E.04083
G1 X88.239 Y86.245 E.02244
G1 X89.482 Y86.502 E.04083
G1 X89.976 Y86.995 E.02244
G1 X90.232 Y88.239 E.04083
G1 X90.726 Y88.732 E.02244
G1 X91.969 Y88.989 E.04083
G1 X92.463 Y89.482 E.02244
G1 X92.719 Y90.726 E.04083
G1 X93.213 Y91.219 E.02244
G1 X94.456 Y91.476 E.04083
G1 X94.95 Y91.969 E.02244
G1 X95.206 Y93.213 E.04083
G1 X95.7 Y93.706 E.02244
G1 X96.943 Y93.963 E.04083
G1 X97.437 Y94.456 E.02244
G1 X97.693 Y95.7 E.04083
G1 X98.187 Y96.193 E.02244
G1 X99.43 Y96.45 E.04083
G1 X99.924 Y96.943 E.02244
G1 X100.18 Y98.187 E.04083
G1 X100.674 Y98.68 E.02244
G1 X101.917 Y98.937 E.04083
G1 X102.411 Y99.43 E.02244
G1 X102.667 Y100.674 E.04083
G1 X103.161 Y101.167 E.02244
G1 X104.404 Y101.424 E.04083
G1 X104.898 Y101.917 E.02244
G1 X105.154 Y103.161 E.04083
G1 X105.648 Y103.654 E.02244
G1 X106.891 Y103.911 E.04083
G1 X107.385 Y104.404 E.02244
G1 X107.641 Y105.648 E.04083
G1 X108.135 Y106.141 E.02244
G1 X109.378 Y106.398 E.04083
G1 X109.872 Y106.891 E.02244
G1 X110.128 Y108.135 E.04083
G1 X110.622 Y108.628 E.02244
G1 X111.865 Y108.885 E.04083
G1 X112.359 Y109.378 E.02244
G1 X112.615 Y110.622 E.04083
G1 X113.109 Y111.115 E.02244
G1 X114.352 Y111.372 E.04083
G1 X114.846 Y111.865 E.02244
G1 X115.102 Y113.109 E.04083
G1 X115.596 Y113.602 E.02244
G1 X116.839 Y113.859 E.04083
G1 X117.333 Y114.352 E.02244
G1 X117.589 Y115.596 E.04083
G1 X118.083 Y116.089 E.02244
G1 X119.326 Y116.346 E.04083
G1 X119.82 Y116.839 E.02244
G1 X120.076 Y118.083 E.04083
G1 X120.57 Y118.576 E.02244
G1 X121.813 Y118.833 E.04083
G1 X122.307 Y119.326 E.02244
G1 X122.563 Y120.57 E.04083
G1 X123.057 Y121.063 E.02244
G1 X124.3 Y121.32 E.04083
G1 X124.794 Y121.813 E.02244
G1 X125.05 Y123.057 E.04083
G1 X125.544 Y123.55 E.02244
G1 X126.787 Y123.807 E.04083
G1 X127.281 Y124.3 E.02244
G1 X127.537 Y125.544 E.04083
G1 X128.031 Y126.037 E.02244
G1 X129.274 Y126.294 E.04083
G1 X129.768 Y126.787 E.02244
G1 X130.024 Y128.031 E.04083
G1 X130.518 Y128.524 E.02244
G1 X131.761 Y128.781 E.04083
G1 X132.255 Y129.274 E.02244
G1 X132.511 Y130.518 E.04083
G1 X133.005 Y131.011 E.02244
G1 X134.248 Y131.268 E.04083
G1 X134.742 Y131.761 E.02244
G1 X134.998 Y133.005 E.04083
G1 X135.492 Y133.498 E.02244
G1 X136.735 Y133.755 E.04083
G1 X137.229 Y134.248 E.02244
G1 X137.485 Y135.492 E.04083
G1 X137.979 Y135.985 E.02244
G1 X139.222 Y136.242 E.04083
G1 X139.716 Y136.735 E.02244
G1 X139.972 Y137.979 E.04083
G1 X140.466 Y138.472 E.02244
G1 X141.709 Y138.729 E.04083
G1 X142.203 Y139.222 E.02244
G1 X142.459 Y140.466 E.04083
G1 X142.643 Y140.649 E.00833
G1 X142.643 Y141.964 E.0423
G3 X142.511 Y142.615 I-1.989 J-.064 E.02144
G1 X142.643 Y139.742 F18000
G1 F6205.95
G1 X142.643 Y138.162 E.0508
G1 X142.459 Y137.979 E.00833
G1 X142.203 Y136.735 E.04083
G1 X141.709 Y136.242 E.02244
G1 X140.466 Y135.985 E.04083
G1 X139.972 Y135.492 E.02244
G1 X139.716 Y134.248 E.04083
G1 X139.222 Y133.755 E.02244
G1 X137.979 Y133.498 E.04083
G1 X137.485 Y133.005 E.02244
G1 X137.229 Y131.761 E.04083
G1 X136.735 Y131.268 E.02244
G1 X135.492 Y131.011 E.04083
G1 X134.998 Y130.518 E.02244
G1 X134.742 Y129.274 E.04083
G1 X134.248 Y128.781 E.02244
G1 X133.005 Y128.524 E.04083
G1 X132.511 Y128.031 E.02244
G1 X132.255 Y126.787 E.04083
G1 X131.761 Y126.294 E.02244
G1 X130.518 Y126.037 E.04083
G1 X130.024 Y125.544 E.02244
G1 X129.768 Y124.3 E.04083
G1 X129.274 Y123.807 E.02244
G1 X128.031 Y123.55 E.04083
G1 X127.537 Y123.057 E.02244
G1 X127.281 Y121.813 E.04083
G1 X126.787 Y121.32 E.02244
G1 X125.544 Y121.063 E.04083
G1 X125.05 Y120.57 E.02244
G1 X124.794 Y119.326 E.04083
G1 X124.3 Y118.833 E.02244
G1 X123.057 Y118.576 E.04083
G1 X122.563 Y118.083 E.02244
G1 X122.307 Y116.839 E.04083
G1 X121.813 Y116.346 E.02244
G1 X120.57 Y116.089 E.04083
G1 X120.076 Y115.596 E.02244
G1 X119.82 Y114.352 E.04083
G1 X119.326 Y113.859 E.02244
G1 X118.083 Y113.602 E.04083
G1 X117.589 Y113.109 E.02244
G1 X117.333 Y111.865 E.04083
G1 X116.839 Y111.372 E.02244
G1 X115.596 Y111.115 E.04083
G1 X115.102 Y110.622 E.02244
G1 X114.846 Y109.378 E.04083
G1 X114.352 Y108.885 E.02244
G1 X113.109 Y108.628 E.04083
G1 X112.615 Y108.135 E.02244
G1 X112.359 Y106.891 E.04083
G1 X111.865 Y106.398 E.02244
G1 X110.622 Y106.141 E.04083
G1 X110.128 Y105.648 E.02244
G1 X109.872 Y104.404 E.04083
G1 X109.378 Y103.911 E.02244
G1 X108.135 Y103.654 E.04083
G1 X107.641 Y103.161 E.02244
G1 X107.385 Y101.917 E.04083
G1 X106.891 Y101.424 E.02244
G1 X105.648 Y101.167 E.04083
G1 X105.154 Y100.674 E.02244
G1 X104.898 Y99.43 E.04083
G1 X104.404 Y98.937 E.02244
G1 X103.161 Y98.68 E.04083
G1 X102.667 Y98.187 E.02244
G1 X102.411 Y96.943 E.04083
G1 X101.917 Y96.45 E.02244
G1 X100.674 Y96.193 E.04083
G1 X100.18 Y95.7 E.02244
G1 X99.924 Y94.456 E.04083
G1 X99.43 Y93.963 E.02244
G1 X98.187 Y93.706 E.04083
G1 X97.693 Y93.213 E.02244
G1 X97.437 Y91.969 E.04083
G1 X96.943 Y91.476 E.02244
G1 X95.7 Y91.219 E.04083
G1 X95.206 Y90.726 E.02244
G1 X94.95 Y89.482 E.04083
G1 X94.456 Y88.989 E.02244
G1 X93.213 Y88.732 E.04083
G1 X92.719 Y88.239 E.02244
G1 X92.463 Y86.995 E.04083
G1 X91.969 Y86.502 E.02244
G1 X90.726 Y86.245 E.04083
G1 X90.232 Y85.752 E.02244
G1 X89.976 Y84.508 E.04083
G1 X89.482 Y84.015 E.02244
G1 X88.239 Y83.758 E.04083
G1 X87.745 Y83.265 E.02244
G1 X87.489 Y82.021 E.04083
G1 X86.995 Y81.528 E.02244
G1 X85.752 Y81.271 E.04083
G1 X85.258 Y80.778 E.02244
G1 X85.002 Y79.534 E.04083
G1 X84.508 Y79.041 E.02244
G1 X83.265 Y78.784 E.04083
G1 X82.771 Y78.291 E.02244
G1 X82.515 Y77.047 E.04083
G1 X82.021 Y76.554 E.02244
G2 X79.799 Y76.357 I-1.587 J5.291 E.07224
G1 X82.286 Y76.357 F18000
G1 F6205.95
G3 X84.508 Y76.554 I.636 J5.487 E.07224
G1 X85.002 Y77.047 E.02244
G1 X85.258 Y78.291 E.04083
G1 X85.752 Y78.784 E.02244
G1 X86.995 Y79.041 E.04083
G1 X87.489 Y79.534 E.02244
G1 X87.745 Y80.778 E.04083
G1 X88.239 Y81.271 E.02244
G1 X89.482 Y81.528 E.04083
G1 X89.976 Y82.021 E.02244
G1 X90.232 Y83.265 E.04083
G1 X90.726 Y83.758 E.02244
G1 X91.969 Y84.015 E.04083
G1 X92.463 Y84.508 E.02244
G1 X92.719 Y85.752 E.04083
G1 X93.213 Y86.245 E.02244
G1 X94.456 Y86.502 E.04083
G1 X94.95 Y86.995 E.02244
G1 X95.206 Y88.239 E.04083
G1 X95.7 Y88.732 E.02244
G1 X96.943 Y88.989 E.04083
G1 X97.437 Y89.482 E.02244
G1 X97.693 Y90.726 E.04083
G1 X98.187 Y91.219 E.02244
G1 X99.43 Y91.476 E.04083
G1 X99.924 Y91.969 E.02244
G1 X100.18 Y93.213 E.04083
G1 X100.674 Y93.706 E.02244
G1 X101.917 Y93.963 E.04083
G1 X102.411 Y94.456 E.02244
G1 X102.667 Y95.7 E.04083
G1 X103.161 Y96.193 E.02244
G1 X104.404 Y96.45 E.04083
G1 X104.898 Y96.943 E.02244
G1 X105.154 Y98.187 E.04083
G1 X105.648 Y98.68 E.02244
G1 X106.891 Y98.937 E.04083
G1 X107.385 Y99.43 E.02244
G1 X107.641 Y100.674 E.04083
G1 X108.135 Y101.167 E.02244
G1 X109.378 Y101.424 E.04083
G1 X109.872 Y101.917 E.02244
G1 X110.128 Y103.161 E.04083
G1 X110.622 Y103.654 E.02244
G1 X111.865 Y103.911 E.04083
G1 X112.359 Y104.404 E.02244
G1 X112.615 Y105.648 E.04083
G1 X113.109 Y106.141 E.02244
G1 X114.352 Y106.398 E.04083
G1 X114.846 Y106.891 E.02244
G1 X115.102 Y108.135 E.04083
G1 X115.596 Y108.628 E.02244
G1 X116.839 Y108.885 E.04083
G1 X117.333 Y109.378 E.02244
G1 X117.589 Y110.622 E.04083
G1 X118.083 Y111.115 E.02244
G1 X119.326 Y111.372 E.04083
G1 X119.82 Y111.865 E.02244
G1 X120.076 Y113.109 E.04083
G1 X120.57 Y113.602 E.02244
G1 X121.813 Y113.859 E.04083
G1 X122.307 Y114.352 E.02244
G1 X122.563 Y115.596 E.04083
G1 X123.057 Y116.089 E.02244
G1 X124.3 Y116.346 E.04083
G1 X124.794 Y116.839 E.02244
G1 X125.05 Y118.083 E.04083
G1 X125.544 Y118.576 E.02244
G1 X126.787 Y118.833 E.04083
G1 X127.281 Y119.326 E.02244
G1 X127.537 Y120.57 E.04083
G1 X128.031 Y121.063 E.02244
G1 X129.274 Y121.32 E.04083
G1 X129.768 Y121.813 E.02244
G1 X130.024 Y123.057 E.04083
G1 X130.518 Y123.55 E.02244
G1 X131.761 Y123.807 E.04083
G1 X132.255 Y124.3 E.02244
G1 X132.511 Y125.544 E.04083
G1 X133.005 Y126.037 E.02244
G1 X134.248 Y126.294 E.04083
G1 X134.742 Y126.787 E.02244
G1 X134.998 Y128.031 E.04083
G1 X135.492 Y128.524 E.02244
G1 X136.735 Y128.781 E.04083
G1 X137.229 Y129.274 E.02244
G1 X137.485 Y130.518 E.04083
G1 X137.979 Y131.011 E.02244
G1 X139.222 Y131.268 E.04083
G1 X139.716 Y131.761 E.02244
G1 X139.972 Y133.005 E.04083
G1 X140.466 Y133.498 E.02244
G1 X141.709 Y133.755 E.04083
G1 X142.203 Y134.248 E.02244
G1 X142.459 Y135.492 E.04083
G1 X142.643 Y135.675 E.00833
G1 X142.643 Y137.255 E.0508
G1 X142.643 Y134.768 F18000
G1 F6205.95
G1 X142.643 Y133.188 E.0508
G1 X142.459 Y133.005 E.00833
G1 X142.203 Y131.761 E.04083
G1 X141.709 Y131.268 E.02244
G1 X140.466 Y131.011 E.04083
G1 X139.972 Y130.518 E.02244
G1 X139.716 Y129.274 E.04083
G1 X139.222 Y128.781 E.02244
G1 X137.979 Y128.524 E.04083
G1 X137.485 Y128.031 E.02244
G1 X137.229 Y126.787 E.04083
G1 X136.735 Y126.294 E.02244
G1 X135.492 Y126.037 E.04083
G1 X134.998 Y125.544 E.02244
G1 X134.742 Y124.3 E.04083
G1 X134.248 Y123.807 E.02244
G1 X133.005 Y123.55 E.04083
G1 X132.511 Y123.057 E.02244
G1 X132.255 Y121.813 E.04083
G1 X131.761 Y121.32 E.02244
G1 X130.518 Y121.063 E.04083
G1 X130.024 Y120.57 E.02244
G1 X129.768 Y119.326 E.04083
G1 X129.274 Y118.833 E.02244
G1 X128.031 Y118.576 E.04083
G1 X127.537 Y118.083 E.02244
G1 X127.281 Y116.839 E.04083
G1 X126.787 Y116.346 E.02244
G1 X125.544 Y116.089 E.04083
G1 X125.05 Y115.596 E.02244
G1 X124.794 Y114.352 E.04083
G1 X124.3 Y113.859 E.02244
G1 X123.057 Y113.602 E.04083
G1 X122.563 Y113.109 E.02244
G1 X122.307 Y111.865 E.04083
G1 X121.813 Y111.372 E.02244
G1 X120.57 Y111.115 E.04083
G1 X120.076 Y110.622 E.02244
G1 X119.82 Y109.378 E.04083
G1 X119.326 Y108.885 E.02244
G1 X118.083 Y108.628 E.04083
G1 X117.589 Y108.135 E.02244
G1 X117.333 Y106.891 E.04083
G1 X116.839 Y106.398 E.02244
G1 X115.596 Y106.141 E.04083
G1 X115.102 Y105.648 E.02244
G1 X114.846 Y104.404 E.04083
G1 X114.352 Y103.911 E.02244
G1 X113.109 Y103.654 E.04083
G1 X112.615 Y103.161 E.02244
G1 X112.359 Y101.917 E.04083
G1 X111.865 Y101.424 E.02244
G1 X110.622 Y101.167 E.04083
G1 X110.128 Y100.674 E.02244
G1 X109.872 Y99.43 E.04083
G1 X109.378 Y98.937 E.02244
G1 X108.135 Y98.68 E.04083
G1 X107.641 Y98.187 E.02244
G1 X107.385 Y96.943 E.04083
G1 X106.891 Y96.45 E.02244
G1 X105.648 Y96.193 E.04083
G1 X105.154 Y95.7 E.02244
G1 X104.898 Y94.456 E.04083
G1 X104.404 Y93.963 E.02244
G1 X103.161 Y93.706 E.04083
G1 X102.667 Y93.213 E.02244
G1 X102.411 Y91.969 E.04083
G1 X101.917 Y91.476 E.02244
G1 X100.674 Y91.219 E.04083
G1 X100.18 Y90.726 E.02244
G1 X99.924 Y89.482 E.04083
G1 X99.43 Y88.989 E.02244
G1 X98.187 Y88.732 E.04083
G1 X97.693 Y88.239 E.02244
G1 X97.437 Y86.995 E.04083
G1 X96.943 Y86.502 E.02244
G1 X95.7 Y86.245 E.04083
G1 X95.206 Y85.752 E.02244
G1 X94.95 Y84.508 E.04083
G1 X94.456 Y84.015 E.02244
G1 X93.213 Y83.758 E.04083
G1 X92.719 Y83.265 E.02244
G1 X92.463 Y82.021 E.04083
G1 X91.969 Y81.528 E.02244
G1 X90.726 Y81.271 E.04083
G1 X90.232 Y80.778 E.02244
G1 X89.976 Y79.534 E.04083
G1 X89.482 Y79.041 E.02244
G1 X88.239 Y78.784 E.04083
G1 X87.745 Y78.291 E.02244
G1 X87.489 Y77.047 E.04083
G1 X86.995 Y76.554 E.02244
G2 X84.773 Y76.357 I-1.587 J5.291 E.07224
G1 X87.26 Y76.357 F18000
G1 F6205.95
G3 X89.482 Y76.554 I.636 J5.487 E.07224
G1 X89.976 Y77.047 E.02244
G1 X90.232 Y78.291 E.04083
G1 X90.726 Y78.784 E.02244
G1 X91.969 Y79.041 E.04083
G1 X92.463 Y79.534 E.02244
G1 X92.719 Y80.778 E.04083
G1 X93.213 Y81.271 E.02244
G1 X94.456 Y81.528 E.04083
G1 X94.95 Y82.021 E.02244
G1 X95.206 Y83.265 E.04083
G1 X95.7 Y83.758 E.02244
G1 X96.943 Y84.015 E.04083
G1 X97.437 Y84.508 E.02244
G1 X97.693 Y85.752 E.04083
G1 X98.187 Y86.245 E.02244
G1 X99.43 Y86.502 E.04083
G1 X99.924 Y86.995 E.02244
G1 X100.18 Y88.239 E.04083
G1 X100.674 Y88.732 E.02244
G1 X101.917 Y88.989 E.04083
G1 X102.411 Y89.482 E.02244
G1 X102.667 Y90.726 E.04083
G1 X103.161 Y91.219 E.02244
G1 X104.404 Y91.476 E.04083
G1 X104.898 Y91.969 E.02244
G1 X105.154 Y93.213 E.04083
G1 X105.648 Y93.706 E.02244
G1 X106.891 Y93.963 E.04083
G1 X107.385 Y94.456 E.02244
G1 X107.641 Y95.7 E.04083
G1 X108.135 Y96.193 E.02244
G1 X109.378 Y96.45 E.04083
G1 X109.872 Y96.943 E.02244
G1 X110.128 Y98.187 E.04083
G1 X110.622 Y98.68 E.02244
G1 X111.865 Y98.937 E.04083
G1 X112.359 Y99.43 E.02244
G1 X112.615 Y100.674 E.04083
G1 X113.109 Y101.167 E.02244
G1 X114.352 Y101.424 E.04083
G1 X114.846 Y101.917 E.02244
G1 X115.102 Y103.161 E.04083
G1 X115.596 Y103.654 E.02244
G1 X116.839 Y103.911 E.04083
G1 X117.333 Y104.404 E.02244
G1 X117.589 Y105.648 E.04083
G1 X118.083 Y106.141 E.02244
G1 X119.326 Y106.398 E.04083
G1 X119.82 Y106.891 E.02244
G1 X120.076 Y108.135 E.04083
G1 X120.57 Y108.628 E.02244
G1 X121.813 Y108.885 E.04083
G1 X122.307 Y109.378 E.02244
G1 X122.563 Y110.622 E.04083
G1 X123.057 Y111.115 E.02244
G1 X124.3 Y111.372 E.04083
G1 X124.794 Y111.865 E.02244
G1 X125.05 Y113.109 E.04083
G1 X125.544 Y113.602 E.02244
G1 X126.787 Y113.859 E.04083
G1 X127.281 Y114.352 E.02244
G1 X127.537 Y115.596 E.04083
G1 X128.031 Y116.089 E.02244
G1 X129.274 Y116.346 E.04083
G1 X129.768 Y116.839 E.02244
G1 X130.024 Y118.083 E.04083
G1 X130.518 Y118.576 E.02244
G1 X131.761 Y118.833 E.04083
G1 X132.255 Y119.326 E.02244
G1 X132.511 Y120.57 E.04083
G1 X133.005 Y121.063 E.02244
G1 X134.248 Y121.32 E.04083
G1 X134.742 Y121.813 E.02244
G1 X134.998 Y123.057 E.04083
G1 X135.492 Y123.55 E.02244
G1 X136.735 Y123.807 E.04083
G1 X137.229 Y124.3 E.02244
G1 X137.485 Y125.544 E.04083
G1 X137.979 Y126.037 E.02244
G1 X139.222 Y126.294 E.04083
G1 X139.716 Y126.787 E.02244
G1 X139.972 Y128.031 E.04083
G1 X140.466 Y128.524 E.02244
G1 X141.709 Y128.781 E.04083
G1 X142.203 Y129.274 E.02244
G1 X142.459 Y130.518 E.04083
G1 X142.643 Y130.701 E.00833
G1 X142.643 Y132.281 E.0508
G1 X142.643 Y129.794 F18000
G1 F6205.95
G1 X142.643 Y128.214 E.0508
G1 X142.459 Y128.031 E.00833
G1 X142.203 Y126.787 E.04083
G1 X141.709 Y126.294 E.02244
G1 X140.466 Y126.037 E.04083
G1 X139.972 Y125.544 E.02244
G1 X139.716 Y124.3 E.04083
G1 X139.222 Y123.807 E.02244
G1 X137.979 Y123.55 E.04083
G1 X137.485 Y123.057 E.02244
G1 X137.229 Y121.813 E.04083
G1 X136.735 Y121.32 E.02244
G1 X135.492 Y121.063 E.04083
G1 X134.998 Y120.57 E.02244
G1 X134.742 Y119.326 E.04083
G1 X134.248 Y118.833 E.02244
G1 X133.005 Y118.576 E.04083
G1 X132.511 Y118.083 E.02244
G1 X132.255 Y116.839 E.04083
G1 X131.761 Y116.346 E.02244
G1 X130.518 Y116.089 E.04083
G1 X130.024 Y115.596 E.02244
G1 X129.768 Y114.352 E.04083
G1 X129.274 Y113.859 E.02244
G1 X128.031 Y113.602 E.04083
G1 X127.537 Y113.109 E.02244
G1 X127.281 Y111.865 E.04083
G1 X126.787 Y111.372 E.02244
G1 X125.544 Y111.115 E.04083
G1 X125.05 Y110.622 E.02244
G1 X124.794 Y109.378 E.04083
G1 X124.3 Y108.885 E.02244
G1 X123.057 Y108.628 E.04083
G1 X122.563 Y108.135 E.02244
G1 X122.307 Y106.891 E.04083
G1 X121.813 Y106.398 E.02244
G1 X120.57 Y106.141 E.04083
G1 X120.076 Y105.648 E.02244
G1 X119.82 Y104.404 E.04083
G1 X119.326 Y103.911 E.02244
G1 X118.083 Y103.654 E.04083
G1 X117.589 Y103.161 E.02244
G1 X117.333 Y101.917 E.04083
G1 X116.839 Y101.424 E.02244
G1 X115.596 Y101.167 E.04083
G1 X115.102 Y100.674 E.02244
G1 X114.846 Y99.43 E.04083
G1 X114.352 Y98.937 E.02244
G1 X113.109 Y98.68 E.04083
G1 X112.615 Y98.187 E.02244
G1 X112.359 Y96.943 E.04083
G1 X111.865 Y96.45 E.02244
G1 X110.622 Y96.193 E.04083
G1 X110.128 Y95.7 E.02244
G1 X109.872 Y94.456 E.04083
G1 X109.378 Y93.963 E.02244
G1 X108.135 Y93.706 E.04083
G1 X107.641 Y93.213 E.02244
G1 X107.385 Y91.969 E.04083
G1 X106.891 Y91.476 E.02244
G1 X105.648 Y91.219 E.04083
G1 X105.154 Y90.726 E.02244
G1 X104.898 Y89.482 E.04083
G1 X104.404 Y88.989 E.02244
G1 X103.161 Y88.732 E.04083
G1 X102.667 Y88.239 E.02244
G1 X102.411 Y86.995 E.04083
G1 X101.917 Y86.502 E.02244
G1 X100.674 Y86.245 E.04083
G1 X100.18 Y85.752 E.02244
G1 X99.924 Y84.508 E.04083
G1 X99.43 Y84.015 E.02244
G1 X98.187 Y83.758 E.04083
G1 X97.693 Y83.265 E.02244
G1 X97.437 Y82.021 E.04083
G1 X96.943 Y81.528 E.02244
G1 X95.7 Y81.271 E.04083
G1 X95.206 Y80.778 E.02244
G1 X94.95 Y79.534 E.04083
G1 X94.456 Y79.041 E.02244
G1 X93.213 Y78.784 E.04083
G1 X92.719 Y78.291 E.02244
G1 X92.463 Y77.047 E.04083
G1 X91.969 Y76.554 E.02244
G2 X89.747 Y76.357 I-1.587 J5.291 E.07224
G1 X92.234 Y76.357 F18000
G1 F6205.95
G3 X94.456 Y76.554 I.636 J5.487 E.07224
G1 X94.95 Y77.047 E.02244
G1 X95.206 Y78.291 E.04083
G1 X95.7 Y78.784 E.02244
G1 X96.943 Y79.041 E.04083
G1 X97.437 Y79.534 E.02244
G1 X97.693 Y80.778 E.04083
G1 X98.187 Y81.271 E.02244
G1 X99.43 Y81.528 E.04083
G1 X99.924 Y82.021 E.02244
G1 X100.18 Y83.265 E.04083
G1 X100.674 Y83.758 E.02244
G1 X101.917 Y84.015 E.04083
G1 X102.411 Y84.508 E.02244
G1 X102.667 Y85.752 E.04083
G1 X103.161 Y86.245 E.02244
G1 X104.404 Y86.502 E.04083
G1 X104.898 Y86.995 E.02244
G1 X105.154 Y88.239 E.04083
G1 X105.648 Y88.732 E.02244
G1 X106.891 Y88.989 E.04083
G1 X107.385 Y89.482 E.02244
G1 X107.641 Y90.726 E.04083
G1 X108.135 Y91.219 E.02244
G1 X109.378 Y91.476 E.04083
G1 X109.872 Y91.969 E.02244
G1 X110.128 Y93.213 E.04083
G1 X110.622 Y93.706 E.02244
G1 X111.865 Y93.963 E.04083
G1 X112.359 Y94.456 E.02244
G1 X112.615 Y95.7 E.04083
G1 X113.109 Y96.193 E.02244
G1 X114.352 Y96.45 E.04083
G1 X114.846 Y96.943 E.02244
G1 X115.102 Y98.187 E.04083
G1 X115.596 Y98.68 E.02244
G1 X116.839 Y98.937 E.04083
G1 X117.333 Y99.43 E.02244
G1 X117.589 Y100.674 E.04083
G1 X118.083 Y101.167 E.02244
G1 X119.326 Y101.424 E.04083
G1 X119.82 Y101.917 E.02244
G1 X120.076 Y103.161 E.04083
G1 X120.57 Y103.654 E.02244
G1 X121.813 Y103.911 E.04083
G1 X122.307 Y104.404 E.02244
G1 X122.563 Y105.648 E.04083
G1 X123.057 Y106.141 E.02244
G1 X124.3 Y106.398 E.04083
G1 X124.794 Y106.891 E.02244
G1 X125.05 Y108.135 E.04083
G1 X125.544 Y108.628 E.02244
G1 X126.787 Y108.885 E.04083
G1 X127.281 Y109.378 E.02244
G1 X127.537 Y110.622 E.04083
G1 X128.031 Y111.115 E.02244
G1 X129.274 Y111.372 E.04083
G1 X129.768 Y111.865 E.02244
G1 X130.024 Y113.109 E.04083
G1 X130.518 Y113.602 E.02244
G1 X131.761 Y113.859 E.04083
G1 X132.255 Y114.352 E.02244
G1 X132.511 Y115.596 E.04083
G1 X133.005 Y116.089 E.02244
G1 X134.248 Y116.346 E.04083
G1 X134.742 Y116.839 E.02244
G1 X134.998 Y118.083 E.04083
G1 X135.492 Y118.576 E.02244
G1 X136.735 Y118.833 E.04083
G1 X137.229 Y119.326 E.02244
G1 X137.485 Y120.57 E.04083
G1 X137.979 Y121.063 E.02244
G1 X139.222 Y121.32 E.04083
G1 X139.716 Y121.813 E.02244
G1 X139.972 Y123.057 E.04083
G1 X140.466 Y123.55 E.02244
G1 X141.709 Y123.807 E.04083
G1 X142.203 Y124.3 E.02244
G1 X142.459 Y125.544 E.04083
G1 X142.643 Y125.727 E.00833
G1 X142.643 Y127.307 E.0508
G1 X142.643 Y124.82 F18000
G1 F6205.95
G1 X142.643 Y123.24 E.0508
G1 X142.459 Y123.057 E.00833
G1 X142.203 Y121.813 E.04083
G1 X141.709 Y121.32 E.02244
G1 X140.466 Y121.063 E.04083
G1 X139.972 Y120.57 E.02244
G1 X139.716 Y119.326 E.04083
G1 X139.222 Y118.833 E.02244
G1 X137.979 Y118.576 E.04083
G1 X137.485 Y118.083 E.02244
G1 X137.229 Y116.839 E.04083
G1 X136.735 Y116.346 E.02244
G1 X135.492 Y116.089 E.04083
G1 X134.998 Y115.596 E.02244
G1 X134.742 Y114.352 E.04083
G1 X134.248 Y113.859 E.02244
G1 X133.005 Y113.602 E.04083
G1 X132.511 Y113.109 E.02244
G1 X132.255 Y111.865 E.04083
G1 X131.761 Y111.372 E.02244
G1 X130.518 Y111.115 E.04083
G1 X130.024 Y110.622 E.02244
G1 X129.768 Y109.378 E.04083
G1 X129.274 Y108.885 E.02244
G1 X128.031 Y108.628 E.04083
G1 X127.537 Y108.135 E.02244
G1 X127.281 Y106.891 E.04083
G1 X126.787 Y106.398 E.02244
G1 X125.544 Y106.141 E.04083
G1 X125.05 Y105.648 E.02244
G1 X124.794 Y104.404 E.04083
G1 X124.3 Y103.911 E.02244
G1 X123.057 Y103.654 E.04083
G1 X122.563 Y103.161 E.02244
G1 X122.307 Y101.917 E.04083
G1 X121.813 Y101.424 E.02244
G1 X120.57 Y101.167 E.04083
G1 X120.076 Y100.674 E.02244
G1 X119.82 Y99.43 E.04083
G1 X119.326 Y98.937 E.02244
G1 X118.083 Y98.68 E.04083
G1 X117.589 Y98.187 E.02244
G1 X117.333 Y96.943 E.04083
G1 X116.839 Y96.45 E.02244
G1 X115.596 Y96.193 E.04083
G1 X115.102 Y95.7 E.02244
G1 X114.846 Y94.456 E.04083
G1 X114.352 Y93.963 E.02244
G1 X113.109 Y93.706 E.04083
G1 X112.615 Y93.213 E.02244
G1 X112.359 Y91.969 E.04083
G1 X111.865 Y91.476 E.02244
G1 X110.622 Y91.219 E.04083
G1 X110.128 Y90.726 E.02244
G1 X109.872 Y89.482 E.04083
G1 X109.378 Y88.989 E.02244
G1 X108.135 Y88.732 E.04083
G1 X107.641 Y88.239 E.02244
G1 X107.385 Y86.995 E.04083
G1 X106.891 Y86.502 E.02244
G1 X105.648 Y86.245 E.04083
G1 X105.154 Y85.752 E.02244
G1 X104.898 Y84.508 E.04083
G1 X104.404 Y84.015 E.02244
G1 X103.161 Y83.758 E.04083
G1 X102.667 Y83.265 E.02244
G1 X102.411 Y82.021 E.04083
G1 X101.917 Y81.528 E.02244
G1 X100.674 Y81.271 E.04083
G1 X100.18 Y80.778 E.02244
G1 X99.924 Y79.534 E.04083
G1 X99.43 Y79.041 E.02244
G1 X98.187 Y78.784 E.04083
G1 X97.693 Y78.291 E.02244
G1 X97.437 Y77.047 E.04083
G1 X96.943 Y76.554 E.02244
G2 X94.721 Y76.357 I-1.587 J5.291 E.07224
G1 X97.208 Y76.357 F18000
G1 F6205.95
G3 X99.43 Y76.554 I.636 J5.487 E.07224
G1 X99.924 Y77.047 E.02244
G1 X100.18 Y78.291 E.04083
G1 X100.674 Y78.784 E.02244
G1 X101.917 Y79.041 E.04083
G1 X102.411 Y79.534 E.02244
G1 X102.667 Y80.778 E.04083
G1 X103.161 Y81.271 E.02244
G1 X104.404 Y81.528 E.04083
G1 X104.898 Y82.021 E.02244
G1 X105.154 Y83.265 E.04083
G1 X105.648 Y83.758 E.02244
G1 X106.891 Y84.015 E.04083
G1 X107.385 Y84.508 E.02244
G1 X107.641 Y85.752 E.04083
G1 X108.135 Y86.245 E.02244
G1 X109.378 Y86.502 E.04083
G1 X109.872 Y86.995 E.02244
G1 X110.128 Y88.239 E.04083
G1 X110.622 Y88.732 E.02244
G1 X111.865 Y88.989 E.04083
G1 X112.359 Y89.482 E.02244
G1 X112.615 Y90.726 E.04083
G1 X113.109 Y91.219 E.02244
G1 X114.352 Y91.476 E.04083
G1 X114.846 Y91.969 E.02244
G1 X115.102 Y93.213 E.04083
G1 X115.596 Y93.706 E.02244
G1 X116.839 Y93.963 E.04083
G1 X117.333 Y94.456 E.02244
G1 X117.589 Y95.7 E.04083
G1 X118.083 Y96.193 E.02244
G1 X119.326 Y96.45 E.04083
G1 X119.82 Y96.943 E.02244
G1 X120.076 Y98.187 E.04083
G1 X120.57 Y98.68 E.02244
G1 X121.813 Y98.937 E.04083
G1 X122.307 Y99.43 E.02244
G1 X122.563 Y100.674 E.04083
G1 X123.057 Y101.167 E.02244
G1 X124.3 Y101.424 E.04083
G1 X124.794 Y101.917 E.02244
G1 X125.05 Y103.161 E.04083
G1 X125.544 Y103.654 E.02244
G1 X126.787 Y103.911 E.04083
G1 X127.281 Y104.404 E.02244
G1 X127.537 Y105.648 E.04083
G1 X128.031 Y106.141 E.02244
G1 X129.274 Y106.398 E.04083
G1 X129.768 Y106.891 E.02244
G1 X130.024 Y108.135 E.04083
G1 X130.518 Y108.628 E.02244
G1 X131.761 Y108.885 E.04083
G1 X132.255 Y109.378 E.02244
G1 X132.511 Y110.622 E.04083
G1 X133.005 Y111.115 E.02244
G1 X134.248 Y111.372 E.04083
G1 X134.742 Y111.865 E.02244
G1 X134.998 Y113.109 E.04083
G1 X135.492 Y113.602 E.02244
G1 X136.735 Y113.859 E.04083
G1 X137.229 Y114.352 E.02244
G1 X137.485 Y115.596 E.04083
G1 X137.979 Y116.089 E.02244
G1 X139.222 Y116.346 E.04083
G1 X139.716 Y116.839 E.02244
G1 X139.972 Y118.083 E.04083
G1 X140.466 Y118.576 E.02244
G1 X141.709 Y118.833 E.04083
G1 X142.203 Y119.326 E.02244
G1 X142.459 Y120.57 E.04083
G1 X142.643 Y120.753 E.00833
G1 X142.643 Y122.333 E.0508
G1 X142.643 Y114.872 F18000
G1 F6205.95
G1 X142.643 Y113.292 E.0508
G1 X142.459 Y113.109 E.00833
G1 X142.203 Y111.865 E.04083
G1 X141.894 Y111.556 E.01405
G2 X142.354 Y110.109 I-2.749 J-1.67 E.04929
G1 X142.459 Y110.622 E.01683
G1 X142.643 Y110.805 E.00833
G1 X142.643 Y108.318 E.07997
G1 X142.459 Y108.135 E.00833
G1 X142.203 Y106.891 E.04083
G1 X141.709 Y106.398 E.02244
G1 X140.466 Y106.141 E.04083
G1 X139.972 Y105.648 E.02244
G1 X139.716 Y104.404 E.04083
G1 X139.222 Y103.911 E.02244
G1 X137.979 Y103.654 E.04083
G1 X137.485 Y103.161 E.02244
G1 X137.229 Y101.917 E.04083
G1 X136.735 Y101.424 E.02244
G1 X135.492 Y101.167 E.04083
G1 X134.998 Y100.674 E.02244
G1 X134.742 Y99.43 E.04083
G1 X134.248 Y98.937 E.02244
G1 X133.005 Y98.68 E.04083
G1 X132.511 Y98.187 E.02244
G1 X132.255 Y96.943 E.04083
G1 X131.761 Y96.45 E.02244
G1 X130.518 Y96.193 E.04083
G1 X130.024 Y95.7 E.02244
G1 X129.768 Y94.456 E.04083
G1 X129.274 Y93.963 E.02244
G1 X128.031 Y93.706 E.04083
G1 X127.537 Y93.213 E.02244
G1 X127.281 Y91.969 E.04083
G1 X126.787 Y91.476 E.02244
G1 X125.544 Y91.219 E.04083
G1 X125.05 Y90.726 E.02244
G1 X124.794 Y89.482 E.04083
G1 X124.3 Y88.989 E.02244
G1 X123.057 Y88.732 E.04083
G1 X122.563 Y88.239 E.02244
G1 X122.307 Y86.995 E.04083
G1 X121.813 Y86.502 E.02244
G1 X120.57 Y86.245 E.04083
G1 X120.076 Y85.752 E.02244
G1 X119.82 Y84.508 E.04083
G1 X119.326 Y84.015 E.02244
G1 X118.083 Y83.758 E.04083
G1 X117.589 Y83.265 E.02244
G1 X117.333 Y82.021 E.04083
G1 X116.839 Y81.528 E.02244
G1 X115.596 Y81.271 E.04083
G1 X115.102 Y80.778 E.02244
G1 X114.846 Y79.534 E.04083
G1 X114.352 Y79.041 E.02244
G1 X113.109 Y78.784 E.04083
G1 X112.615 Y78.291 E.02244
G1 X112.359 Y77.047 E.04083
G1 X111.865 Y76.554 E.02244
G2 X109.643 Y76.357 I-1.587 J5.291 E.07224
G1 X112.13 Y76.357 F18000
G1 F6205.95
G3 X114.352 Y76.554 I.636 J5.487 E.07224
G1 X114.846 Y77.047 E.02244
G1 X115.102 Y78.291 E.04083
G1 X115.596 Y78.784 E.02244
G1 X116.839 Y79.041 E.04083
G1 X117.333 Y79.534 E.02244
G1 X117.589 Y80.778 E.04083
G1 X118.083 Y81.271 E.02244
G1 X119.326 Y81.528 E.04083
G1 X119.82 Y82.021 E.02244
G1 X120.076 Y83.265 E.04083
G1 X120.57 Y83.758 E.02244
G1 X121.813 Y84.015 E.04083
G1 X122.307 Y84.508 E.02244
G1 X122.563 Y85.752 E.04083
G1 X123.057 Y86.245 E.02244
G1 X124.3 Y86.502 E.04083
G1 X124.794 Y86.995 E.02244
G1 X125.05 Y88.239 E.04083
G1 X125.544 Y88.732 E.02244
G1 X126.787 Y88.989 E.04083
G1 X127.281 Y89.482 E.02244
G1 X127.537 Y90.726 E.04083
G1 X128.031 Y91.219 E.02244
G1 X129.274 Y91.476 E.04083
G1 X129.768 Y91.969 E.02244
G1 X130.024 Y93.213 E.04083
G1 X130.518 Y93.706 E.02244
G1 X131.761 Y93.963 E.04083
G1 X132.255 Y94.456 E.02244
G1 X132.511 Y95.7 E.04083
G1 X133.005 Y96.193 E.02244
G1 X134.248 Y96.45 E.04083
G1 X134.742 Y96.943 E.02244
G1 X134.998 Y98.187 E.04083
G1 X135.492 Y98.68 E.02244
G1 X136.735 Y98.937 E.04083
G1 X137.229 Y99.43 E.02244
G1 X137.485 Y100.674 E.04083
G1 X137.979 Y101.167 E.02244
G1 X139.222 Y101.424 E.04083
G1 X139.716 Y101.917 E.02244
G1 X139.972 Y103.161 E.04083
G1 X140.466 Y103.654 E.02244
G1 X141.709 Y103.911 E.04083
G1 X142.203 Y104.404 E.02244
G1 X142.459 Y105.648 E.04083
G1 X142.643 Y105.831 E.00833
G1 X142.643 Y107.411 E.0508
G1 X142.354 Y109.906 F18000
G1 F6205.95
G2 X139.77 Y107.155 I-2.86 J.097 E.13254
G1 X139.716 Y106.891 E.00866
G1 X139.222 Y106.398 E.02244
G1 X137.979 Y106.141 E.04083
G1 X137.485 Y105.648 E.02244
G1 X137.229 Y104.404 E.04083
G1 X136.735 Y103.911 E.02244
G1 X135.492 Y103.654 E.04083
G1 X134.998 Y103.161 E.02244
G1 X134.742 Y101.917 E.04083
G1 X134.248 Y101.424 E.02244
G1 X133.005 Y101.167 E.04083
G1 X132.511 Y100.674 E.02244
G1 X132.255 Y99.43 E.04083
G1 X131.761 Y98.937 E.02244
G1 X130.518 Y98.68 E.04083
G1 X130.024 Y98.187 E.02244
G1 X129.768 Y96.943 E.04083
G1 X129.274 Y96.45 E.02244
G1 X128.031 Y96.193 E.04083
G1 X127.537 Y95.7 E.02244
G1 X127.281 Y94.456 E.04083
G1 X126.787 Y93.963 E.02244
G1 X125.544 Y93.706 E.04083
G1 X125.05 Y93.213 E.02244
G1 X124.794 Y91.969 E.04083
G1 X124.3 Y91.476 E.02244
G1 X123.057 Y91.219 E.04083
G1 X122.563 Y90.726 E.02244
G1 X122.307 Y89.482 E.04083
G1 X121.813 Y88.989 E.02244
G1 X120.57 Y88.732 E.04083
G1 X120.076 Y88.239 E.02244
G1 X119.82 Y86.995 E.04083
G1 X119.326 Y86.502 E.02244
G1 X118.083 Y86.245 E.04083
G1 X117.589 Y85.752 E.02244
G1 X117.333 Y84.508 E.04083
G1 X116.839 Y84.015 E.02244
G1 X115.596 Y83.758 E.04083
G1 X115.102 Y83.265 E.02244
G1 X114.846 Y82.021 E.04083
G1 X114.352 Y81.528 E.02244
G1 X113.109 Y81.271 E.04083
G1 X112.615 Y80.778 E.02244
G1 X112.359 Y79.534 E.04083
G1 X111.865 Y79.041 E.02244
G1 X110.622 Y78.784 E.04083
G1 X110.128 Y78.291 E.02244
G1 X109.872 Y77.047 E.04083
G1 X109.378 Y76.554 E.02244
G2 X107.156 Y76.357 I-1.587 J5.291 E.07224
G1 X104.669 Y76.357 F18000
G1 F6205.95
G3 X106.891 Y76.554 I.636 J5.487 E.07224
G1 X107.385 Y77.047 E.02244
G1 X107.641 Y78.291 E.04083
G1 X108.135 Y78.784 E.02244
G1 X109.378 Y79.041 E.04083
G1 X109.872 Y79.534 E.02244
G1 X110.128 Y80.778 E.04083
G1 X110.622 Y81.271 E.02244
G1 X111.865 Y81.528 E.04083
G1 X112.359 Y82.021 E.02244
G1 X112.615 Y83.265 E.04083
G1 X113.109 Y83.758 E.02244
G1 X114.352 Y84.015 E.04083
G1 X114.846 Y84.508 E.02244
G1 X115.102 Y85.752 E.04083
G1 X115.596 Y86.245 E.02244
G1 X116.839 Y86.502 E.04083
G1 X117.333 Y86.995 E.02244
G1 X117.589 Y88.239 E.04083
G1 X118.083 Y88.732 E.02244
G1 X119.326 Y88.989 E.04083
G1 X119.82 Y89.482 E.02244
G1 X120.076 Y90.726 E.04083
G1 X120.57 Y91.219 E.02244
G1 X121.813 Y91.476 E.04083
G1 X122.307 Y91.969 E.02244
G1 X122.563 Y93.213 E.04083
G1 X123.057 Y93.706 E.02244
G1 X124.3 Y93.963 E.04083
G1 X124.794 Y94.456 E.02244
G1 X125.05 Y95.7 E.04083
G1 X125.544 Y96.193 E.02244
G1 X126.787 Y96.45 E.04083
G1 X127.281 Y96.943 E.02244
G1 X127.537 Y98.187 E.04083
G1 X128.031 Y98.68 E.02244
G1 X129.274 Y98.937 E.04083
G1 X129.768 Y99.43 E.02244
G1 X130.024 Y100.674 E.04083
G1 X130.518 Y101.167 E.02244
G1 X131.761 Y101.424 E.04083
G1 X132.255 Y101.917 E.02244
G1 X132.511 Y103.161 E.04083
G1 X133.005 Y103.654 E.02244
G1 X134.248 Y103.911 E.04083
G1 X134.742 Y104.404 E.02244
G1 X134.998 Y105.648 E.04083
G1 X135.492 Y106.141 E.02244
G1 X136.735 Y106.398 E.04083
G1 X137.229 Y106.891 E.02244
G1 X137.458 Y108.003 E.03652
G2 X136.832 Y108.982 I2.047 J2 E.0376
G1 X136.735 Y108.885 E.00441
G1 X135.492 Y108.628 E.04083
G1 X134.998 Y108.135 E.02244
G1 X134.742 Y106.891 E.04083
G1 X134.248 Y106.398 E.02244
G1 X133.005 Y106.141 E.04083
G1 X132.511 Y105.648 E.02244
G1 X132.255 Y104.404 E.04083
G1 X131.761 Y103.911 E.02244
G1 X130.518 Y103.654 E.04083
G1 X130.024 Y103.161 E.02244
G1 X129.768 Y101.917 E.04083
G1 X129.274 Y101.424 E.02244
G1 X128.031 Y101.167 E.04083
G1 X127.537 Y100.674 E.02244
G1 X127.281 Y99.43 E.04083
G1 X126.787 Y98.937 E.02244
G1 X125.544 Y98.68 E.04083
G1 X125.05 Y98.187 E.02244
G1 X124.794 Y96.943 E.04083
G1 X124.3 Y96.45 E.02244
G1 X123.057 Y96.193 E.04083
G1 X122.563 Y95.7 E.02244
G1 X122.307 Y94.456 E.04083
G1 X121.813 Y93.963 E.02244
G1 X120.57 Y93.706 E.04083
G1 X120.076 Y93.213 E.02244
G1 X119.82 Y91.969 E.04083
G1 X119.326 Y91.476 E.02244
G1 X118.083 Y91.219 E.04083
G1 X117.589 Y90.726 E.02244
G1 X117.333 Y89.482 E.04083
G1 X116.839 Y88.989 E.02244
G1 X115.596 Y88.732 E.04083
G1 X115.102 Y88.239 E.02244
G1 X114.846 Y86.995 E.04083
G1 X114.352 Y86.502 E.02244
G1 X113.109 Y86.245 E.04083
G1 X112.615 Y85.752 E.02244
G1 X112.359 Y84.508 E.04083
G1 X111.865 Y84.015 E.02244
G1 X110.622 Y83.758 E.04083
G1 X110.128 Y83.265 E.02244
G1 X109.872 Y82.021 E.04083
G1 X109.378 Y81.528 E.02244
G1 X108.135 Y81.271 E.04083
G1 X107.641 Y80.778 E.02244
G1 X107.385 Y79.534 E.04083
G1 X106.891 Y79.041 E.02244
G1 X105.648 Y78.784 E.04083
G1 X105.154 Y78.291 E.02244
G1 X104.898 Y77.047 E.04083
G1 X104.404 Y76.554 E.02244
G2 X102.182 Y76.357 I-1.587 J5.291 E.07224
G1 X99.695 Y76.357 F18000
G1 F6205.95
G3 X101.917 Y76.554 I.636 J5.487 E.07224
G1 X102.411 Y77.047 E.02244
G1 X102.667 Y78.291 E.04083
G1 X103.161 Y78.784 E.02244
G1 X104.404 Y79.041 E.04083
G1 X104.898 Y79.534 E.02244
G1 X105.154 Y80.778 E.04083
G1 X105.648 Y81.271 E.02244
G1 X106.891 Y81.528 E.04083
G1 X107.385 Y82.021 E.02244
G1 X107.641 Y83.265 E.04083
G1 X108.135 Y83.758 E.02244
G1 X109.378 Y84.015 E.04083
G1 X109.872 Y84.508 E.02244
G1 X110.128 Y85.752 E.04083
G1 X110.622 Y86.245 E.02244
G1 X111.865 Y86.502 E.04083
G1 X112.359 Y86.995 E.02244
G1 X112.615 Y88.239 E.04083
G1 X113.109 Y88.732 E.02244
G1 X114.352 Y88.989 E.04083
G1 X114.846 Y89.482 E.02244
G1 X115.102 Y90.726 E.04083
G1 X115.596 Y91.219 E.02244
G1 X116.839 Y91.476 E.04083
G1 X117.333 Y91.969 E.02244
G1 X117.589 Y93.213 E.04083
G1 X118.083 Y93.706 E.02244
G1 X119.326 Y93.963 E.04083
G1 X119.82 Y94.456 E.02244
G1 X120.076 Y95.7 E.04083
G1 X120.57 Y96.193 E.02244
G1 X121.813 Y96.45 E.04083
G1 X122.307 Y96.943 E.02244
G1 X122.563 Y98.187 E.04083
G1 X123.057 Y98.68 E.02244
G1 X124.3 Y98.937 E.04083
G1 X124.794 Y99.43 E.02244
G1 X125.05 Y100.674 E.04083
G1 X125.544 Y101.167 E.02244
G1 X126.787 Y101.424 E.04083
G1 X127.281 Y101.917 E.02244
G1 X127.537 Y103.161 E.04083
G1 X128.031 Y103.654 E.02244
G1 X129.274 Y103.911 E.04083
G1 X129.768 Y104.404 E.02244
G1 X130.024 Y105.648 E.04083
G1 X130.518 Y106.141 E.02244
G1 X131.761 Y106.398 E.04083
G1 X132.255 Y106.891 E.02244
G1 X132.511 Y108.135 E.04083
G1 X133.005 Y108.628 E.02244
G1 X134.248 Y108.885 E.04083
G1 X134.742 Y109.378 E.02244
G1 X134.998 Y110.622 E.04083
G1 X135.492 Y111.115 E.02244
G1 X136.735 Y111.372 E.04083
G1 X137.229 Y111.865 E.02244
G1 X137.485 Y113.109 E.04083
G1 X137.979 Y113.602 E.02244
G1 X139.222 Y113.859 E.04083
G1 X139.716 Y114.352 E.02244
G1 X139.972 Y115.596 E.04083
G1 X140.466 Y116.089 E.02244
G1 X141.709 Y116.346 E.04083
G1 X142.203 Y116.839 E.02244
G1 X142.459 Y118.083 E.04083
G1 X142.643 Y118.266 E.00833
G1 X142.643 Y119.846 E.0508
G1 X142.643 Y117.359 F18000
G1 F6205.95
G1 X142.643 Y115.779 E.0508
G1 X142.459 Y115.596 E.00833
G1 X142.203 Y114.352 E.04083
G1 X141.709 Y113.859 E.02244
G1 X140.466 Y113.602 E.04083
G1 X139.972 Y113.109 E.02244
G1 X139.914 Y112.826 E.0093
G3 X137.621 Y112.153 I-.413 J-2.837 E.07927
G1 X138.091 Y111.572 F18000
G1 X138.087 Y111.569
G1 X137.931 Y111.413
G1 X137.792 Y111.241
G1 X137.671 Y111.056
G1 X137.571 Y110.859
G1 X137.492 Y110.652
G1 X137.434 Y110.439
G1 X137.4 Y110.221
G1 X137.388 Y110
G1 X137.4 Y109.779
G1 X137.434 Y109.561
G1 X137.492 Y109.348
G1 X137.571 Y109.141
G1 X137.671 Y108.944
G1 X137.792 Y108.759
G1 X137.931 Y108.587
G1 X138.087 Y108.431
G1 X138.259 Y108.292
G1 X138.444 Y108.171
G1 X138.641 Y108.071
G1 X138.836 Y107.996
G1 X143.389 Y94.976
G1 X142.643 Y94.976
G1 F6205.95
G1 X142.643 Y93.396 E.0508
G1 X142.459 Y93.213 E.00833
G1 X142.203 Y91.969 E.04083
G1 X141.709 Y91.476 E.02244
G1 X140.466 Y91.219 E.04083
G1 X139.972 Y90.726 E.02244
G1 X139.716 Y89.482 E.04083
G1 X139.222 Y88.989 E.02244
G1 X137.979 Y88.732 E.04083
G1 X137.485 Y88.239 E.02244
G1 X137.229 Y86.995 E.04083
G1 X136.735 Y86.502 E.02244
G1 X135.492 Y86.245 E.04083
G1 X134.998 Y85.752 E.02244
G1 X134.742 Y84.508 E.04083
G1 X134.248 Y84.015 E.02244
G1 X133.005 Y83.758 E.04083
G1 X132.511 Y83.265 E.02244
G1 X132.255 Y82.021 E.04083
G1 X131.761 Y81.528 E.02244
G1 X130.518 Y81.271 E.04083
G1 X130.024 Y80.778 E.02244
G1 X129.768 Y79.534 E.04083
G1 X129.274 Y79.041 E.02244
G1 X128.031 Y78.784 E.04083
G1 X127.537 Y78.291 E.02244
G1 X127.281 Y77.047 E.04083
G1 X126.787 Y76.554 E.02244
G2 X124.565 Y76.357 I-1.587 J5.291 E.07224
G1 X127.052 Y76.357 F18000
G1 F6205.95
G3 X129.274 Y76.554 I.636 J5.487 E.07224
G1 X129.768 Y77.047 E.02244
G1 X130.024 Y78.291 E.04083
G1 X130.518 Y78.784 E.02244
G1 X131.761 Y79.041 E.04083
G1 X132.255 Y79.534 E.02244
G1 X132.511 Y80.778 E.04083
G1 X133.005 Y81.271 E.02244
G1 X134.248 Y81.528 E.04083
G1 X134.742 Y82.021 E.02244
G1 X134.998 Y83.265 E.04083
G1 X135.492 Y83.758 E.02244
G1 X136.735 Y84.015 E.04083
G1 X137.229 Y84.508 E.02244
G1 X137.485 Y85.752 E.04083
G1 X137.979 Y86.245 E.02244
G1 X139.222 Y86.502 E.04083
G1 X139.716 Y86.995 E.02244
G1 X139.972 Y88.239 E.04083
G1 X140.466 Y88.732 E.02244
G1 X141.709 Y88.989 E.04083
G1 X142.203 Y89.482 E.02244
G1 X142.459 Y90.726 E.04083
G1 X142.643 Y90.909 E.00833
G1 X142.643 Y92.489 E.0508
G1 X142.643 Y85.028 F18000
G1 F6205.95
G1 X142.643 Y83.448 E.0508
G1 X142.459 Y83.265 E.00833
G1 X142.203 Y82.021 E.04083
G1 X141.709 Y81.528 E.02244
G1 X140.466 Y81.271 E.04083
G1 X139.972 Y80.778 E.02244
G1 X139.716 Y79.534 E.04083
G1 X139.222 Y79.041 E.02244
G1 X137.979 Y78.784 E.04083
G1 X137.485 Y78.291 E.02244
G1 X137.229 Y77.047 E.04083
G1 X136.735 Y76.554 E.02244
G2 X134.513 Y76.357 I-1.587 J5.291 E.07224
G1 X137 Y76.357 F18000
G1 F6205.95
G3 X139.222 Y76.554 I.636 J5.487 E.07224
G1 X139.716 Y77.047 E.02244
G1 X139.972 Y78.291 E.04083
G1 X140.466 Y78.784 E.02244
G1 X141.709 Y79.041 E.04083
G1 X142.203 Y79.534 E.02244
G1 X142.459 Y80.778 E.04083
G1 X142.643 Y80.961 E.00833
G1 X142.643 Y82.541 E.0508
G1 X142.643 Y80.054 F18000
G1 F6205.95
G1 X142.643 Y78.474 E.0508
G1 X142.459 Y78.291 E.00833
G1 X142.203 Y77.047 E.04083
G1 X141.709 Y76.554 E.02244
G2 X139.487 Y76.357 I-1.587 J5.291 E.07224
G1 X132.026 Y76.357 F18000
G1 F6205.95
G3 X134.248 Y76.554 I.636 J5.487 E.07224
G1 X134.742 Y77.047 E.02244
G1 X134.998 Y78.291 E.04083
G1 X135.492 Y78.784 E.02244
G1 X136.735 Y79.041 E.04083
G1 X137.229 Y79.534 E.02244
G1 X137.485 Y80.778 E.04083
G1 X137.979 Y81.271 E.02244
G1 X139.222 Y81.528 E.04083
G1 X139.716 Y82.021 E.02244
G1 X139.972 Y83.265 E.04083
G1 X140.466 Y83.758 E.02244
G1 X141.709 Y84.015 E.04083
G1 X142.203 Y84.508 E.02244
G1 X142.459 Y85.752 E.04083
G1 X142.643 Y85.935 E.00833
G1 X142.643 Y87.515 E.0508
G1 X142.643 Y90.002 F18000
G1 F6205.95
G1 X142.643 Y88.422 E.0508
G1 X142.459 Y88.239 E.00833
G1 X142.203 Y86.995 E.04083
G1 X141.709 Y86.502 E.02244
G1 X140.466 Y86.245 E.04083
G1 X139.972 Y85.752 E.02244
G1 X139.716 Y84.508 E.04083
G1 X139.222 Y84.015 E.02244
G1 X137.979 Y83.758 E.04083
G1 X137.485 Y83.265 E.02244
G1 X137.229 Y82.021 E.04083
G1 X136.735 Y81.528 E.02244
G1 X135.492 Y81.271 E.04083
G1 X134.998 Y80.778 E.02244
G1 X134.742 Y79.534 E.04083
G1 X134.248 Y79.041 E.02244
G1 X133.005 Y78.784 E.04083
G1 X132.511 Y78.291 E.02244
G1 X132.255 Y77.047 E.04083
G1 X131.761 Y76.554 E.02244
G2 X129.539 Y76.357 I-1.587 J5.291 E.07224
G1 X122.078 Y76.357 F18000
G1 F6205.95
G3 X124.3 Y76.554 I.636 J5.487 E.07224
G1 X124.794 Y77.047 E.02244
G1 X125.05 Y78.291 E.04083
G1 X125.544 Y78.784 E.02244
G1 X126.787 Y79.041 E.04083
G1 X127.281 Y79.534 E.02244
G1 X127.537 Y80.778 E.04083
G1 X128.031 Y81.271 E.02244
G1 X129.274 Y81.528 E.04083
G1 X129.768 Y82.021 E.02244
G1 X130.024 Y83.265 E.04083
G1 X130.518 Y83.758 E.02244
G1 X131.761 Y84.015 E.04083
G1 X132.255 Y84.508 E.02244
G1 X132.511 Y85.752 E.04083
G1 X133.005 Y86.245 E.02244
G1 X134.248 Y86.502 E.04083
G1 X134.742 Y86.995 E.02244
G1 X134.998 Y88.239 E.04083
G1 X135.492 Y88.732 E.02244
G1 X136.735 Y88.989 E.04083
G1 X137.229 Y89.482 E.02244
G1 X137.485 Y90.726 E.04083
G1 X137.979 Y91.219 E.02244
G1 X139.222 Y91.476 E.04083
G1 X139.716 Y91.969 E.02244
G1 X139.972 Y93.213 E.04083
G1 X140.466 Y93.706 E.02244
G1 X141.709 Y93.963 E.04083
G1 X142.203 Y94.456 E.02244
G1 X142.459 Y95.7 E.04083
G1 X142.643 Y95.883 E.00833
G1 X142.643 Y97.463 E.0508
G1 X142.643 Y99.95 F18000
G1 F6205.95
G1 X142.643 Y98.37 E.0508
G1 X142.459 Y98.187 E.00833
G1 X142.203 Y96.943 E.04083
G1 X141.709 Y96.45 E.02244
G1 X140.466 Y96.193 E.04083
G1 X139.972 Y95.7 E.02244
G1 X139.716 Y94.456 E.04083
G1 X139.222 Y93.963 E.02244
G1 X137.979 Y93.706 E.04083
G1 X137.485 Y93.213 E.02244
G1 X137.229 Y91.969 E.04083
G1 X136.735 Y91.476 E.02244
G1 X135.492 Y91.219 E.04083
G1 X134.998 Y90.726 E.02244
G1 X134.742 Y89.482 E.04083
G1 X134.248 Y88.989 E.02244
G1 X133.005 Y88.732 E.04083
G1 X132.511 Y88.239 E.02244
G1 X132.255 Y86.995 E.04083
G1 X131.761 Y86.502 E.02244
G1 X130.518 Y86.245 E.04083
G1 X130.024 Y85.752 E.02244
G1 X129.768 Y84.508 E.04083
G1 X129.274 Y84.015 E.02244
G1 X128.031 Y83.758 E.04083
G1 X127.537 Y83.265 E.02244
G1 X127.281 Y82.021 E.04083
G1 X126.787 Y81.528 E.02244
G1 X125.544 Y81.271 E.04083
G1 X125.05 Y80.778 E.02244
G1 X124.794 Y79.534 E.04083
G1 X124.3 Y79.041 E.02244
G1 X123.057 Y78.784 E.04083
G1 X122.563 Y78.291 E.02244
G1 X122.307 Y77.047 E.04083
G1 X121.813 Y76.554 E.02244
G2 X119.591 Y76.357 I-1.587 J5.291 E.07224
G1 X117.104 Y76.357 F18000
G1 F6205.95
G3 X119.326 Y76.554 I.636 J5.487 E.07224
G1 X119.82 Y77.047 E.02244
G1 X120.076 Y78.291 E.04083
G1 X120.57 Y78.784 E.02244
G1 X121.813 Y79.041 E.04083
G1 X122.307 Y79.534 E.02244
G1 X122.563 Y80.778 E.04083
G1 X123.057 Y81.271 E.02244
G1 X124.3 Y81.528 E.04083
G1 X124.794 Y82.021 E.02244
G1 X125.05 Y83.265 E.04083
G1 X125.544 Y83.758 E.02244
G1 X126.787 Y84.015 E.04083
G1 X127.281 Y84.508 E.02244
G1 X127.537 Y85.752 E.04083
G1 X128.031 Y86.245 E.02244
G1 X129.274 Y86.502 E.04083
G1 X129.768 Y86.995 E.02244
G1 X130.024 Y88.239 E.04083
G1 X130.518 Y88.732 E.02244
G1 X131.761 Y88.989 E.04083
G1 X132.255 Y89.482 E.02244
G1 X132.511 Y90.726 E.04083
G1 X133.005 Y91.219 E.02244
G1 X134.248 Y91.476 E.04083
G1 X134.742 Y91.969 E.02244
G1 X134.998 Y93.213 E.04083
G1 X135.492 Y93.706 E.02244
G1 X136.735 Y93.963 E.04083
G1 X137.229 Y94.456 E.02244
G1 X137.485 Y95.7 E.04083
G1 X137.979 Y96.193 E.02244
G1 X139.222 Y96.45 E.04083
G1 X139.716 Y96.943 E.02244
G1 X139.972 Y98.187 E.04083
G1 X140.466 Y98.68 E.02244
G1 X141.709 Y98.937 E.04083
G1 X142.203 Y99.43 E.02244
G1 X142.459 Y100.674 E.04083
G1 X142.643 Y100.857 E.00833
G1 X142.643 Y102.437 E.0508
G1 X142.643 Y104.924 F18000
G1 F6205.95
G1 X142.643 Y103.344 E.0508
G1 X142.459 Y103.161 E.00833
G1 X142.203 Y101.917 E.04083
G1 X141.709 Y101.424 E.02244
G1 X140.466 Y101.167 E.04083
G1 X139.972 Y100.674 E.02244
G1 X139.716 Y99.43 E.04083
G1 X139.222 Y98.937 E.02244
G1 X137.979 Y98.68 E.04083
G1 X137.485 Y98.187 E.02244
G1 X137.229 Y96.943 E.04083
G1 X136.735 Y96.45 E.02244
G1 X135.492 Y96.193 E.04083
G1 X134.998 Y95.7 E.02244
G1 X134.742 Y94.456 E.04083
G1 X134.248 Y93.963 E.02244
G1 X133.005 Y93.706 E.04083
G1 X132.511 Y93.213 E.02244
G1 X132.255 Y91.969 E.04083
G1 X131.761 Y91.476 E.02244
G1 X130.518 Y91.219 E.04083
G1 X130.024 Y90.726 E.02244
G1 X129.768 Y89.482 E.04083
G1 X129.274 Y88.989 E.02244
G1 X128.031 Y88.732 E.04083
G1 X127.537 Y88.239 E.02244
G1 X127.281 Y86.995 E.04083
G1 X126.787 Y86.502 E.02244
G1 X125.544 Y86.245 E.04083
G1 X125.05 Y85.752 E.02244
G1 X124.794 Y84.508 E.04083
G1 X124.3 Y84.015 E.02244
G1 X123.057 Y83.758 E.04083
G1 X122.563 Y83.265 E.02244
G1 X122.307 Y82.021 E.04083
G1 X121.813 Y81.528 E.02244
G1 X120.57 Y81.271 E.04083
G1 X120.076 Y80.778 E.02244
G1 X119.82 Y79.534 E.04083
G1 X119.326 Y79.041 E.02244
G1 X118.083 Y78.784 E.04083
G1 X117.589 Y78.291 E.02244
G1 X117.333 Y77.047 E.04083
G1 X116.839 Y76.554 E.02244
G2 X114.617 Y76.357 I-1.587 J5.291 E.07224
; stop printing object esp32_pod_lid.stl id:0 copy 0
;LAYER_CHANGE
;Z:14.04
;HEIGHT:0.2
G92 E0 ; zero the extruded length again
; BEFORE_LAYER_CHANGE 69 @ 14.04mm
G1 E-1.75 F6000
;WIPE_START
G1 F6205.95
G1 X115.617 Y76.357 E-.75
;WIPE_END
; AFTER_LAYER_CHANGE 69 @ 14.04mm
;_SET_FAN_SPEED_CHANGING_LAYER
; printing object esp32_pod_lid.stl id:0 copy 0
G17
G3 Z14.24 I.608 J0 P1  F18000
G1 X115.617 Y75.611 Z14.24
G1 X140.984 Y144.389
G1 X140.984 Y144.389
G1 X140.995 Y144.79
G1 Z14.04
G1 E2.5 F6000
M204 P1000
;TYPE:Outer wall
;WIDTH:0.42
G1 F3600
G1 X79.005 Y144.79 E1.84644
G3 X76.21 Y141.995 I.004 J-2.8 E.13074
G1 X76.21 Y78.005 E1.90602
G3 X79.005 Y75.21 I2.8 J.005 E.13074
G1 X140.995 Y75.21 E1.84644
G1 X141.292 Y75.226 E.00886
G3 X143.79 Y78.005 I-.294 J2.777 E.12197
G1 X143.79 Y141.995 E1.90601
G3 X141.054 Y144.789 I-2.8 J-.004 E.12895
G1 X141.034 Y144.387 F18000
G1 X140.984 Y144.389
G1 X140.984 Y144.389
G1 X140.984 Y144.398
M204 P1500
;TYPE:Inner wall
;WIDTH:0.45
G1 F6000
G1 X79.016 Y144.398 E1.99268
G3 X76.602 Y141.984 I-.006 J-2.408 E.122
G1 X76.602 Y78.016 E2.057
G3 X79.016 Y75.602 I2.408 J-.006 E.12199
G1 X140.984 Y75.602 E1.99268
G1 X141.251 Y75.616 E.00857
G3 X143.398 Y78.016 I-.259 J2.392 E.11345
G1 X143.398 Y141.984 E2.05699
G3 X141.044 Y144.397 I-2.408 J.006 E.12007
G1 X140.974 Y143.991 F18000
G1 F6000
G1 X79.026 Y143.991 E1.992
G3 X77.009 Y141.974 I-.016 J-2.001 E.10212
G1 X77.009 Y78.026 E2.05631
G3 X79.026 Y76.009 I2.001 J-.016 E.10212
G1 X140.974 Y76.009 E1.992
G1 X141.208 Y76.021 E.00754
G3 X142.991 Y78.026 I-.241 J2.01 E.09432
G1 X142.991 Y141.974 E2.05631
G3 X141.033 Y143.99 I-2.001 J.016 E.1002
G1 E-1.75
;WIPE_START
G1 X140.033 Y143.99 E-.75
;WIPE_END
G1 X140.033 Y144.389 Z14.24 F18000
G1 X139.477 Y112.11
G1 X139.498 Y111.71
G1 Z14.04
G1 E2.5 F6000
M204 P1000
;TYPE:Outer wall
;WIDTH:0.42
G1 F3600
G1 X139.5 Y111.71 E.00007
G2 X139.856 Y108.327 I.007 J-1.709 E.14971
G2 X139.376 Y108.296 I-.357 J1.809 E.01435
G2 X139.321 Y111.7 I.131 J1.704 E.15051
G1 X139.438 Y111.707 E.00347
G1 X139.417 Y112.107 F18000
G1 X139.5 Y112.112
G1 X139.538 Y112.11
G1 X139.537 Y112.099
M204 P1500
;TYPE:Inner wall
;WIDTH:0.45
G1 F6000
G1 X139.937 Y112.058 E.01293
G2 X139.937 Y107.943 I-.428 J-2.058 E.18459
G2 X139.356 Y107.905 I-.438 J2.218 E.01879
G2 X139.477 Y112.102 I.154 J2.096 E.20633
G1 X139.539 Y112.509 F18000
G1 F6000
G1 X139.762 Y112.496 E.00718
G2 X140.276 Y107.612 I-.254 J-2.495 E.22014
G2 X139.334 Y107.498 I-.76 J2.328 E.03069
G2 X139.479 Y112.508 I.174 J2.502 E.24686
G1 E-1.75
;WIPE_START
G1 X139.762 Y112.496 E-.21227
G1 X140.022 Y112.456 E-.19712
G1 X140.276 Y112.388 E-.19713
G1 X140.454 Y112.319 E-.14347
;WIPE_END
G1 X140.312 Y111.947 Z14.24 F18000
G1 X81.719 Y111.723
G1 X81.556 Y111.829
G1 X81.359 Y111.929
G1 X81.153 Y112.008
G1 X80.939 Y112.066
G1 X80.721 Y112.1
G1 X80.5 Y112.112
G1 X80.477 Y112.11
G1 X80.498 Y111.71
G1 Z14.04
G1 E2.5 F6000
M204 P1000
;TYPE:Outer wall
;WIDTH:0.42
G1 F3600
G1 X80.5 Y111.71 E.00007
G2 X80.856 Y108.327 I.007 J-1.709 E.14971
G2 X80.376 Y108.296 I-.357 J1.809 E.01435
G2 X80.321 Y111.7 I.131 J1.704 E.15051
G1 X80.438 Y111.707 E.00347
G1 X80.417 Y112.107 F18000
G1 X80.5 Y112.112
G1 X80.538 Y112.11
G1 X80.537 Y112.099
M204 P1500
;TYPE:Inner wall
;WIDTH:0.45
G1 F6000
G1 X80.937 Y112.058 E.01293
G2 X80.937 Y107.943 I-.428 J-2.058 E.18459
G2 X80.356 Y107.905 I-.438 J2.218 E.01879
G2 X80.477 Y112.102 I.154 J2.096 E.20633
G1 X80.539 Y112.509 F18000
G1 F6000
G1 X80.762 Y112.496 E.00717
G2 X81.276 Y107.612 I-.254 J-2.495 E.22014
G2 X80.334 Y107.498 I-.76 J2.328 E.03069
G2 X80.479 Y112.508 I.174 J2.502 E.24686
G1 E-1.75
;WIPE_START
G1 X80.762 Y112.496 E-.21227
G1 X81.022 Y112.456 E-.19712
G1 X81.276 Y112.388 E-.19713
G1 X81.454 Y112.319 E-.14348
;WIPE_END
G1 X81.312 Y111.947 Z14.24 F18000
G1 X83.574 Y128.675
G1 X83.68 Y129.343
G1 X83.855 Y129.997
G1 X84.097 Y130.628
G1 X84.404 Y131.231
G1 X84.772 Y131.798
G1 X85.198 Y132.324
G1 X85.676 Y132.802
G1 X86.202 Y133.228
G1 X86.769 Y133.596
G1 X87.372 Y133.903
G1 X88.003 Y134.145
G1 X88.657 Y134.32
G1 X89.325 Y134.426
G1 X89.662 Y134.444
G1 X89.979 Y134.461
G1 X90 Y134.052
G1 Z14.04
G1 E2.5 F6000
M204 P1000
;TYPE:Outer wall
;WIDTH:0.42
G1 F3600
G2 X90 Y121.94 I0 J-6.056 E.56672
G1 X89.565 Y121.962 E.01298
G1 X89.367 Y121.973 E.00591
G2 X89.94 Y134.052 I.633 J6.023 E.54605
G1 X89.919 Y134.457 F18000
G1 X89.98 Y134.461
G1 X89.981 Y134.452
M204 P1500
;TYPE:Inner wall
;WIDTH:0.45
G1 F6000
G1 X90 Y134.444 E.00067
G2 X90 Y121.547 I0 J-6.449 E.65144
G1 X89.544 Y121.571 E.01467
G1 X89.325 Y121.582 E.00704
G2 X89.326 Y134.409 I.674 J6.413 E.60804
G1 X89.921 Y134.448 E.01915
G1 X89.961 Y134.859 F18000
G1 F6000
G1 X90 Y134.851 E.00128
G2 X90 Y121.139 I0 J-6.856 E.69259
G1 X89.523 Y121.164 E.01536
G1 X89.283 Y121.177 E.00773
G2 X89.284 Y134.814 I.717 J6.818 E.64644
G1 X89.901 Y134.855 E.01989
G1 X84.578 Y133.293 F18000
M204 P2000
;TYPE:Sparse infill
G1 F6205.95
G3 X83.145 Y131.236 I4.863 J-4.914 E.08105
G1 X82.62 Y131.761 E.02391
G1 X82.666 Y133.005 E.04001
G1 X82.021 Y133.65 E.02934
G1 X80.778 Y133.603 E.04001
G1 X80.132 Y134.248 E.02934
G1 X80.179 Y135.492 E.04001
G1 X79.534 Y136.137 E.02934
G1 X78.291 Y136.09 E.04001
G1 X77.735 Y136.646 E.02529
G1 X77.735 Y139.133 E.07997
G1 X78.291 Y138.577 E.02529
G1 X79.534 Y138.624 E.04001
G1 X80.179 Y137.979 E.02934
G1 X80.132 Y136.735 E.04001
G1 X80.778 Y136.09 E.02934
G1 X82.021 Y136.137 E.04001
G1 X82.666 Y135.492 E.02934
G1 X82.62 Y134.248 E.04001
G1 X83.265 Y133.603 E.02934
G1 X84.508 Y133.65 E.04001
G1 X84.722 Y133.437 E.00971
G2 X85.362 Y133.993 I2.967 J-2.765 E.02733
G1 X85.107 Y134.248 E.0116
G1 X85.153 Y135.492 E.04001
G1 X84.508 Y136.137 E.02934
G1 X83.265 Y136.09 E.04001
G1 X82.62 Y136.735 E.02934
G1 X82.666 Y137.979 E.04001
G1 X82.021 Y138.624 E.02934
G1 X80.778 Y138.577 E.04001
G1 X80.132 Y139.222 E.02934
G1 X80.179 Y140.466 E.04001
G1 X79.534 Y141.111 E.02934
G1 X78.291 Y141.064 E.04001
G1 X77.735 Y141.62 E.02529
G2 X79.045 Y143.265 I1.32 J.293 E.07749
G1 X79.867 Y143.265 E.02641
G1 X80.179 Y142.953 E.01421
G1 X80.132 Y141.709 E.04001
G1 X80.778 Y141.064 E.02934
G1 X82.021 Y141.111 E.04001
G1 X82.666 Y140.466 E.02934
G1 X82.62 Y139.222 E.04001
G1 X83.265 Y138.577 E.02934
G1 X84.508 Y138.624 E.04001
G1 X85.153 Y137.979 E.02934
G1 X85.107 Y136.735 E.04001
G1 X85.752 Y136.09 E.02934
G1 X86.995 Y136.137 E.04001
G1 X87.64 Y135.492 E.02934
G1 X87.63 Y135.206 E.00921
G2 X90.034 Y135.585 I2.487 J-7.95 E.07855
G1 X89.482 Y136.137 E.02509
G1 X88.239 Y136.09 E.04001
G1 X87.594 Y136.735 E.02934
G1 X87.64 Y137.979 E.04001
G1 X86.995 Y138.624 E.02934
G1 X85.752 Y138.577 E.04001
G1 X85.107 Y139.222 E.02934
G1 X85.153 Y140.466 E.04001
G1 X84.508 Y141.111 E.02934
G1 X83.265 Y141.064 E.04001
G1 X82.62 Y141.709 E.02934
G1 X82.666 Y142.953 E.04001
G1 X82.354 Y143.265 E.01421
G1 X84.841 Y143.265 E.07997
G1 X85.153 Y142.953 E.01421
G1 X85.107 Y141.709 E.04001
G1 X85.752 Y141.064 E.02934
G1 X86.995 Y141.111 E.04001
G1 X87.64 Y140.466 E.02934
G1 X87.594 Y139.222 E.04001
G1 X88.239 Y138.577 E.02934
G1 X89.482 Y138.624 E.04001
G1 X90.127 Y137.979 E.02934
G1 X90.081 Y136.735 E.04001
G1 X90.726 Y136.09 E.02934
G1 X91.969 Y136.137 E.04001
G1 X92.614 Y135.492 E.02934
G1 X92.6 Y135.118 E.01205
G2 X96.893 Y131.161 I-2.539 J-7.062 E.19281
G1 X97.588 Y130.518 E.03046
G1 X97.542 Y129.274 E.04001
G1 X98.187 Y128.629 E.02934
G1 X99.43 Y128.676 E.04001
G1 X100.075 Y128.031 E.02934
G1 X100.029 Y126.787 E.04001
G1 X100.674 Y126.142 E.02934
G1 X101.917 Y126.189 E.04001
G1 X102.562 Y125.544 E.02934
G1 X102.516 Y124.3 E.04001
G1 X103.161 Y123.655 E.02934
G1 X104.404 Y123.702 E.04001
G1 X105.049 Y123.057 E.02934
G1 X105.003 Y121.813 E.04001
G1 X105.648 Y121.168 E.02934
G1 X106.891 Y121.215 E.04001
G1 X107.536 Y120.57 E.02934
G1 X107.49 Y119.326 E.04001
G1 X108.135 Y118.681 E.02934
G1 X109.378 Y118.728 E.04001
G1 X110.023 Y118.083 E.02934
G1 X109.977 Y116.839 E.04001
G1 X110.622 Y116.194 E.02934
G1 X111.865 Y116.241 E.04001
G1 X112.51 Y115.596 E.02934
G1 X112.464 Y114.352 E.04001
G1 X113.109 Y113.707 E.02934
G1 X114.352 Y113.754 E.04001
G1 X114.997 Y113.109 E.02934
G1 X114.951 Y111.865 E.04001
G1 X115.596 Y111.22 E.02934
G1 X116.839 Y111.267 E.04001
G1 X117.484 Y110.622 E.02934
G1 X117.438 Y109.378 E.04001
G1 X118.083 Y108.733 E.02934
G1 X119.326 Y108.78 E.04001
G1 X119.971 Y108.135 E.02934
G1 X119.925 Y106.891 E.04001
G1 X120.57 Y106.246 E.02934
G1 X121.813 Y106.293 E.04001
G1 X122.458 Y105.648 E.02934
G1 X122.412 Y104.404 E.04001
G1 X123.057 Y103.759 E.02934
G1 X124.3 Y103.806 E.04001
G1 X124.945 Y103.161 E.02934
G1 X124.899 Y101.917 E.04001
G1 X125.544 Y101.272 E.02934
G1 X126.787 Y101.319 E.04001
G1 X127.432 Y100.674 E.02934
G1 X127.386 Y99.43 E.04001
G1 X128.031 Y98.785 E.02934
G1 X129.274 Y98.832 E.04001
G1 X129.919 Y98.187 E.02934
G1 X129.873 Y96.943 E.04001
G1 X130.518 Y96.298 E.02934
G1 X131.761 Y96.345 E.04001
G1 X132.406 Y95.7 E.02934
G1 X132.36 Y94.456 E.04001
G1 X133.005 Y93.811 E.02934
G1 X134.248 Y93.858 E.04001
G1 X134.893 Y93.213 E.02934
G1 X134.847 Y91.969 E.04001
G1 X135.492 Y91.324 E.02934
G1 X136.735 Y91.371 E.04001
G1 X137.38 Y90.726 E.02934
G1 X137.334 Y89.482 E.04001
G1 X137.979 Y88.837 E.02934
G1 X139.222 Y88.884 E.04001
G1 X139.868 Y88.239 E.02934
G1 X139.821 Y86.995 E.04001
G1 X140.466 Y86.35 E.02934
G1 X141.709 Y86.397 E.04001
G1 X142.265 Y85.841 E.02529
G1 X142.265 Y88.328 E.07997
G1 X141.709 Y88.884 E.02529
G1 X140.466 Y88.837 E.04001
G1 X139.821 Y89.482 E.02934
G1 X139.868 Y90.726 E.04001
G1 X139.222 Y91.371 E.02934
G1 X137.979 Y91.324 E.04001
G1 X137.334 Y91.969 E.02934
G1 X137.38 Y93.213 E.04001
G1 X136.735 Y93.858 E.02934
G1 X135.492 Y93.811 E.04001
G1 X134.847 Y94.456 E.02934
G1 X134.893 Y95.7 E.04001
G1 X134.248 Y96.345 E.02934
G1 X133.005 Y96.298 E.04001
G1 X132.36 Y96.943 E.02934
G1 X132.406 Y98.187 E.04001
G1 X131.761 Y98.832 E.02934
G1 X130.518 Y98.785 E.04001
G1 X129.873 Y99.43 E.02934
G1 X129.919 Y100.674 E.04001
G1 X129.274 Y101.319 E.02934
G1 X128.031 Y101.272 E.04001
G1 X127.386 Y101.917 E.02934
G1 X127.432 Y103.161 E.04001
G1 X126.787 Y103.806 E.02934
G1 X125.544 Y103.759 E.04001
G1 X124.899 Y104.404 E.02934
G1 X124.945 Y105.648 E.04001
G1 X124.3 Y106.293 E.02934
G1 X123.057 Y106.246 E.04001
G1 X122.412 Y106.891 E.02934
G1 X122.458 Y108.135 E.04001
G1 X121.813 Y108.78 E.02934
G1 X120.57 Y108.733 E.04001
G1 X119.925 Y109.378 E.02934
G1 X119.971 Y110.622 E.04001
G1 X119.326 Y111.267 E.02934
G1 X118.083 Y111.22 E.04001
G1 X117.438 Y111.865 E.02934
G1 X117.484 Y113.109 E.04001
G1 X116.839 Y113.754 E.02934
G1 X115.596 Y113.707 E.04001
G1 X114.951 Y114.352 E.02934
G1 X114.997 Y115.596 E.04001
G1 X114.352 Y116.241 E.02934
G1 X113.109 Y116.194 E.04001
G1 X112.464 Y116.839 E.02934
G1 X112.51 Y118.083 E.04001
G1 X111.865 Y118.728 E.02934
G1 X110.622 Y118.681 E.04001
G1 X109.977 Y119.326 E.02934
G1 X110.023 Y120.57 E.04001
G1 X109.378 Y121.215 E.02934
G1 X108.135 Y121.168 E.04001
G1 X107.49 Y121.813 E.02934
G1 X107.536 Y123.057 E.04001
G1 X106.891 Y123.702 E.02934
G1 X105.648 Y123.655 E.04001
G1 X105.003 Y124.3 E.02934
G1 X105.049 Y125.544 E.04001
G1 X104.404 Y126.189 E.02934
G1 X103.161 Y126.142 E.04001
G1 X102.516 Y126.787 E.02934
G1 X102.562 Y128.031 E.04001
G1 X101.917 Y128.676 E.02934
G1 X100.674 Y128.629 E.04001
G1 X100.029 Y129.274 E.02934
G1 X100.075 Y130.518 E.04001
G1 X99.43 Y131.163 E.02934
G1 X98.187 Y131.116 E.04001
G1 X97.542 Y131.761 E.02934
G1 X97.588 Y133.005 E.04001
G1 X96.943 Y133.65 E.02934
G1 X95.7 Y133.603 E.04001
G1 X95.055 Y134.248 E.02934
G1 X95.101 Y135.492 E.04001
G1 X94.456 Y136.137 E.02934
G1 X93.213 Y136.09 E.04001
G1 X92.568 Y136.735 E.02934
G1 X92.614 Y137.979 E.04001
G1 X91.969 Y138.624 E.02934
G1 X90.726 Y138.577 E.04001
G1 X90.081 Y139.222 E.02934
G1 X90.127 Y140.466 E.04001
G1 X89.482 Y141.111 E.02934
G1 X88.239 Y141.064 E.04001
G1 X87.594 Y141.709 E.02934
G1 X87.64 Y142.953 E.04001
G1 X87.328 Y143.265 E.01421
G1 X89.815 Y143.265 E.07997
G1 X90.127 Y142.953 E.01421
G1 X90.081 Y141.709 E.04001
G1 X90.726 Y141.064 E.02934
G1 X91.969 Y141.111 E.04001
G1 X92.614 Y140.466 E.02934
G1 X92.568 Y139.222 E.04001
G1 X93.213 Y138.577 E.02934
G1 X94.456 Y138.624 E.04001
G1 X95.101 Y137.979 E.02934
G1 X95.055 Y136.735 E.04001
G1 X95.7 Y136.09 E.02934
G1 X96.943 Y136.137 E.04001
G1 X97.588 Y135.492 E.02934
G1 X97.542 Y134.248 E.04001
G1 X98.187 Y133.603 E.02934
G1 X99.43 Y133.65 E.04001
G1 X100.075 Y133.005 E.02934
G1 X100.029 Y131.761 E.04001
G1 X100.674 Y131.116 E.02934
G1 X101.917 Y131.163 E.04001
G1 X102.562 Y130.518 E.02934
G1 X102.516 Y129.274 E.04001
G1 X103.161 Y128.629 E.02934
G1 X104.404 Y128.676 E.04001
G1 X105.049 Y128.031 E.02934
G1 X105.003 Y126.787 E.04001
G1 X105.648 Y126.142 E.02934
G1 X106.891 Y126.189 E.04001
G1 X107.536 Y125.544 E.02934
G1 X107.49 Y124.3 E.04001
G1 X108.135 Y123.655 E.02934
G1 X109.378 Y123.702 E.04001
G1 X110.023 Y123.057 E.02934
G1 X109.977 Y121.813 E.04001
G1 X110.622 Y121.168 E.02934
G1 X111.865 Y121.215 E.04001
G1 X112.51 Y120.57 E.02934
G1 X112.464 Y119.326 E.04001
G1 X113.109 Y118.681 E.02934
G1 X114.352 Y118.728 E.04001
G1 X114.997 Y118.083 E.02934
G1 X114.951 Y116.839 E.04001
G1 X115.596 Y116.194 E.02934
G1 X116.839 Y116.241 E.04001
G1 X117.484 Y115.596 E.02934
G1 X117.438 Y114.352 E.04001
G1 X118.083 Y113.707 E.02934
G1 X119.326 Y113.754 E.04001
G1 X119.971 Y113.109 E.02934
G1 X119.925 Y111.865 E.04001
G1 X120.57 Y111.22 E.02934
G1 X121.813 Y111.267 E.04001
G1 X122.458 Y110.622 E.02934
G1 X122.412 Y109.378 E.04001
G1 X123.057 Y108.733 E.02934
G1 X124.3 Y108.78 E.04001
G1 X124.945 Y108.135 E.02934
G1 X124.899 Y106.891 E.04001
G1 X125.544 Y106.246 E.02934
G1 X126.787 Y106.293 E.04001
G1 X127.432 Y105.648 E.02934
G1 X127.386 Y104.404 E.04001
G1 X128.031 Y103.759 E.02934
G1 X129.274 Y103.806 E.04001
G1 X129.919 Y103.161 E.02934
G1 X129.873 Y101.917 E.04001
G1 X130.518 Y101.272 E.02934
G1 X131.761 Y101.319 E.04001
G1 X132.406 Y100.674 E.02934
G1 X132.36 Y99.43 E.04001
G1 X133.005 Y98.785 E.02934
G1 X134.248 Y98.832 E.04001
G1 X134.893 Y98.187 E.02934
G1 X134.847 Y96.943 E.04001
G1 X135.492 Y96.298 E.02934
G1 X136.735 Y96.345 E.04001
G1 X137.38 Y95.7 E.02934
G1 X137.334 Y94.456 E.04001
G1 X137.979 Y93.811 E.02934
G1 X139.222 Y93.858 E.04001
G1 X139.868 Y93.213 E.02934
G1 X139.821 Y91.969 E.04001
G1 X140.466 Y91.324 E.02934
G1 X141.709 Y91.371 E.04001
G1 X142.265 Y90.815 E.02529
G1 X142.265 Y93.302 E.07997
G1 X141.709 Y93.858 E.02529
G1 X140.466 Y93.811 E.04001
G1 X139.821 Y94.456 E.02934
G1 X139.868 Y95.7 E.04001
G1 X139.222 Y96.345 E.02934
G1 X137.979 Y96.298 E.04001
G1 X137.334 Y96.943 E.02934
G1 X137.38 Y98.187 E.04001
G1 X136.735 Y98.832 E.02934
G1 X135.492 Y98.785 E.04001
G1 X134.847 Y99.43 E.02934
G1 X134.893 Y100.674 E.04001
G1 X134.248 Y101.319 E.02934
G1 X133.005 Y101.272 E.04001
G1 X132.36 Y101.917 E.02934
G1 X132.406 Y103.161 E.04001
G1 X131.761 Y103.806 E.02934
G1 X130.518 Y103.759 E.04001
G1 X129.873 Y104.404 E.02934
G1 X129.919 Y105.648 E.04001
G1 X129.274 Y106.293 E.02934
G1 X128.031 Y106.246 E.04001
G1 X127.386 Y106.891 E.02934
G1 X127.432 Y108.135 E.04001
G1 X126.787 Y108.78 E.02934
G1 X125.544 Y108.733 E.04001
G1 X124.899 Y109.378 E.02934
G1 X124.945 Y110.622 E.04001
G1 X124.3 Y111.267 E.02934
G1 X123.057 Y111.22 E.04001
G1 X122.412 Y111.865 E.02934
G1 X122.458 Y113.109 E.04001
G1 X121.813 Y113.754 E.02934
G1 X120.57 Y113.707 E.04001
G1 X119.925 Y114.352 E.02934
G1 X119.971 Y115.596 E.04001
G1 X119.326 Y116.241 E.02934
G1 X118.083 Y116.194 E.04001
G1 X117.438 Y116.839 E.02934
G1 X117.484 Y118.083 E.04001
G1 X116.839 Y118.728 E.02934
G1 X115.596 Y118.681 E.04001
G1 X114.951 Y119.326 E.02934
G1 X114.997 Y120.57 E.04001
G1 X114.352 Y121.215 E.02934
G1 X113.109 Y121.168 E.04001
G1 X112.464 Y121.813 E.02934
G1 X112.51 Y123.057 E.04001
G1 X111.865 Y123.702 E.02934
G1 X110.622 Y123.655 E.04001
G1 X109.977 Y124.3 E.02934
G1 X110.023 Y125.544 E.04001
G1 X109.378 Y126.189 E.02934
G1 X108.135 Y126.142 E.04001
G1 X107.49 Y126.787 E.02934
G1 X107.536 Y128.031 E.04001
G1 X106.891 Y128.676 E.02934
G1 X105.648 Y128.629 E.04001
G1 X105.003 Y129.274 E.02934
G1 X105.049 Y130.518 E.04001
G1 X104.404 Y131.163 E.02934
G1 X103.161 Y131.116 E.04001
G1 X102.516 Y131.761 E.02934
G1 X102.562 Y133.005 E.04001
G1 X101.917 Y133.65 E.02934
G1 X100.674 Y133.603 E.04001
G1 X100.029 Y134.248 E.02934
G1 X100.075 Y135.492 E.04001
G1 X99.43 Y136.137 E.02934
G1 X98.187 Y136.09 E.04001
G1 X97.542 Y136.735 E.02934
G1 X97.588 Y137.979 E.04001
G1 X96.943 Y138.624 E.02934
G1 X95.7 Y138.577 E.04001
G1 X95.055 Y139.222 E.02934
G1 X95.101 Y140.466 E.04001
G1 X94.456 Y141.111 E.02934
G1 X93.213 Y141.064 E.04001
G1 X92.568 Y141.709 E.02934
G1 X92.614 Y142.953 E.04001
G1 X92.302 Y143.265 E.01421
G1 X94.585 Y143.265 E.07343
G1 X102.453 Y143.265 F18000
G1 F6205.95
G1 X104.737 Y143.265 E.07343
G1 X105.049 Y142.953 E.01421
G1 X105.003 Y141.709 E.04001
G1 X105.648 Y141.064 E.02934
G1 X106.891 Y141.111 E.04001
G1 X107.536 Y140.466 E.02934
G1 X107.49 Y139.222 E.04001
G1 X108.135 Y138.577 E.02934
G1 X109.378 Y138.624 E.04001
G1 X110.023 Y137.979 E.02934
G1 X109.977 Y136.735 E.04001
G1 X110.622 Y136.09 E.02934
G1 X111.865 Y136.137 E.04001
G1 X112.51 Y135.492 E.02934
G1 X112.464 Y134.248 E.04001
G1 X113.109 Y133.603 E.02934
G1 X114.352 Y133.65 E.04001
G1 X114.997 Y133.005 E.02934
G1 X114.951 Y131.761 E.04001
G1 X115.596 Y131.116 E.02934
G1 X116.839 Y131.163 E.04001
G1 X117.484 Y130.518 E.02934
G1 X117.438 Y129.274 E.04001
G1 X118.083 Y128.629 E.02934
G1 X119.326 Y128.676 E.04001
G1 X119.971 Y128.031 E.02934
G1 X119.925 Y126.787 E.04001
G1 X120.57 Y126.142 E.02934
G1 X121.813 Y126.189 E.04001
G1 X122.458 Y125.544 E.02934
G1 X122.412 Y124.3 E.04001
G1 X123.057 Y123.655 E.02934
G1 X124.3 Y123.702 E.04001
G1 X124.945 Y123.057 E.02934
G1 X124.899 Y121.813 E.04001
G1 X125.544 Y121.168 E.02934
G1 X126.787 Y121.215 E.04001
G1 X127.432 Y120.57 E.02934
G1 X127.386 Y119.326 E.04001
G1 X128.031 Y118.681 E.02934
G1 X129.274 Y118.728 E.04001
G1 X129.919 Y118.083 E.02934
G1 X129.873 Y116.839 E.04001
G1 X130.518 Y116.194 E.02934
G1 X131.761 Y116.241 E.04001
G1 X132.406 Y115.596 E.02934
G1 X132.36 Y114.352 E.04001
G1 X133.005 Y113.707 E.02934
G1 X134.248 Y113.754 E.04001
G1 X134.893 Y113.109 E.02934
G1 X134.847 Y111.865 E.04001
G1 X135.492 Y111.22 E.02934
G1 X136.521 Y111.259 E.0331
G2 X137.355 Y112.422 I3.626 J-1.718 E.04628
G1 X137.38 Y113.109 E.02209
G1 X136.735 Y113.754 E.02934
G1 X135.492 Y113.707 E.04001
G1 X134.847 Y114.352 E.02934
G1 X134.893 Y115.596 E.04001
G1 X134.248 Y116.241 E.02934
G1 X133.005 Y116.194 E.04001
G1 X132.36 Y116.839 E.02934
G1 X132.406 Y118.083 E.04001
G1 X131.761 Y118.728 E.02934
G1 X130.518 Y118.681 E.04001
G1 X129.873 Y119.326 E.02934
G1 X129.919 Y120.57 E.04001
G1 X129.274 Y121.215 E.02934
G1 X128.031 Y121.168 E.04001
G1 X127.386 Y121.813 E.02934
G1 X127.432 Y123.057 E.04001
G1 X126.787 Y123.702 E.02934
G1 X125.544 Y123.655 E.04001
G1 X124.899 Y124.3 E.02934
G1 X124.945 Y125.544 E.04001
G1 X124.3 Y126.189 E.02934
G1 X123.057 Y126.142 E.04001
G1 X122.412 Y126.787 E.02934
G1 X122.458 Y128.031 E.04001
G1 X121.813 Y128.676 E.02934
G1 X120.57 Y128.629 E.04001
G1 X119.925 Y129.274 E.02934
G1 X119.971 Y130.518 E.04001
G1 X119.326 Y131.163 E.02934
G1 X118.083 Y131.116 E.04001
G1 X117.438 Y131.761 E.02934
G1 X117.484 Y133.005 E.04001
G1 X116.839 Y133.65 E.02934
G1 X115.596 Y133.603 E.04001
G1 X114.951 Y134.248 E.02934
G1 X114.997 Y135.492 E.04001
G1 X114.352 Y136.137 E.02934
G1 X113.109 Y136.09 E.04001
G1 X112.464 Y136.735 E.02934
G1 X112.51 Y137.979 E.04001
G1 X111.865 Y138.624 E.02934
G1 X110.622 Y138.577 E.04001
G1 X109.977 Y139.222 E.02934
G1 X110.023 Y140.466 E.04001
G1 X109.378 Y141.111 E.02934
G1 X108.135 Y141.064 E.04001
G1 X107.49 Y141.709 E.02934
G1 X107.536 Y142.953 E.04001
G1 X107.224 Y143.265 E.01421
G1 X109.711 Y143.265 E.07997
G1 X110.023 Y142.953 E.01421
G1 X109.977 Y141.709 E.04001
G1 X110.622 Y141.064 E.02934
G1 X111.865 Y141.111 E.04001
G1 X112.51 Y140.466 E.02934
G1 X112.464 Y139.222 E.04001
G1 X113.109 Y138.577 E.02934
G1 X114.352 Y138.624 E.04001
G1 X114.997 Y137.979 E.02934
G1 X114.951 Y136.735 E.04001
G1 X115.596 Y136.09 E.02934
G1 X116.839 Y136.137 E.04001
G1 X117.484 Y135.492 E.02934
G1 X117.438 Y134.248 E.04001
G1 X118.083 Y133.603 E.02934
G1 X119.326 Y133.65 E.04001
G1 X119.971 Y133.005 E.02934
G1 X119.925 Y131.761 E.04001
G1 X120.57 Y131.116 E.02934
G1 X121.813 Y131.163 E.04001
G1 X122.458 Y130.518 E.02934
G1 X122.412 Y129.274 E.04001
G1 X123.057 Y128.629 E.02934
G1 X124.3 Y128.676 E.04001
G1 X124.945 Y128.031 E.02934
G1 X124.899 Y126.787 E.04001
G1 X125.544 Y126.142 E.02934
G1 X126.787 Y126.189 E.04001
G1 X127.432 Y125.544 E.02934
G1 X127.386 Y124.3 E.04001
G1 X128.031 Y123.655 E.02934
G1 X129.274 Y123.702 E.04001
G1 X129.919 Y123.057 E.02934
G1 X129.873 Y121.813 E.04001
G1 X130.518 Y121.168 E.02934
G1 X131.761 Y121.215 E.04001
G1 X132.406 Y120.57 E.02934
G1 X132.36 Y119.326 E.04001
G1 X133.005 Y118.681 E.02934
G1 X134.248 Y118.728 E.04001
G1 X134.893 Y118.083 E.02934
G1 X134.847 Y116.839 E.04001
G1 X135.492 Y116.194 E.02934
G1 X136.735 Y116.241 E.04001
G1 X137.38 Y115.596 E.02934
G1 X137.334 Y114.352 E.04001
G1 X137.979 Y113.707 E.02934
G1 X139.222 Y113.754 E.04001
G1 X139.752 Y113.224 E.02411
G2 X142.265 Y111.677 I-.325 J-3.342 E.09825
G1 X142.265 Y113.198 E.04891
G1 X141.709 Y113.754 E.02529
G1 X140.466 Y113.707 E.04001
G1 X139.821 Y114.352 E.02934
G1 X139.868 Y115.596 E.04001
G1 X139.222 Y116.241 E.02934
G1 X137.979 Y116.194 E.04001
G1 X137.334 Y116.839 E.02934
G1 X137.38 Y118.083 E.04001
G1 X136.735 Y118.728 E.02934
G1 X135.492 Y118.681 E.04001
G1 X134.847 Y119.326 E.02934
G1 X134.893 Y120.57 E.04001
G1 X134.248 Y121.215 E.02934
G1 X133.005 Y121.168 E.04001
G1 X132.36 Y121.813 E.02934
G1 X132.406 Y123.057 E.04001
G1 X131.761 Y123.702 E.02934
G1 X130.518 Y123.655 E.04001
G1 X129.873 Y124.3 E.02934
G1 X129.919 Y125.544 E.04001
G1 X129.274 Y126.189 E.02934
G1 X128.031 Y126.142 E.04001
G1 X127.386 Y126.787 E.02934
G1 X127.432 Y128.031 E.04001
G1 X126.787 Y128.676 E.02934
G1 X125.544 Y128.629 E.04001
G1 X124.899 Y129.274 E.02934
G1 X124.945 Y130.518 E.04001
G1 X124.3 Y131.163 E.02934
G1 X123.057 Y131.116 E.04001
G1 X122.412 Y131.761 E.02934
G1 X122.458 Y133.005 E.04001
G1 X121.813 Y133.65 E.02934
G1 X120.57 Y133.603 E.04001
G1 X119.925 Y134.248 E.02934
G1 X119.971 Y135.492 E.04001
G1 X119.326 Y136.137 E.02934
G1 X118.083 Y136.09 E.04001
G1 X117.438 Y136.735 E.02934
G1 X117.484 Y137.979 E.04001
G1 X116.839 Y138.624 E.02934
G1 X115.596 Y138.577 E.04001
G1 X114.951 Y139.222 E.02934
G1 X114.997 Y140.466 E.04001
G1 X114.352 Y141.111 E.02934
G1 X113.109 Y141.064 E.04001
G1 X112.464 Y141.709 E.02934
G1 X112.51 Y142.953 E.04001
G1 X112.198 Y143.265 E.01421
G1 X114.685 Y143.265 E.07997
G1 X114.997 Y142.953 E.01421
G1 X114.951 Y141.709 E.04001
G1 X115.596 Y141.064 E.02934
G1 X116.839 Y141.111 E.04001
G1 X117.484 Y140.466 E.02934
G1 X117.438 Y139.222 E.04001
G1 X118.083 Y138.577 E.02934
G1 X119.326 Y138.624 E.04001
G1 X119.971 Y137.979 E.02934
G1 X119.925 Y136.735 E.04001
G1 X120.57 Y136.09 E.02934
G1 X121.813 Y136.137 E.04001
G1 X122.458 Y135.492 E.02934
G1 X122.412 Y134.248 E.04001
G1 X123.057 Y133.603 E.02934
G1 X124.3 Y133.65 E.04001
G1 X124.945 Y133.005 E.02934
G1 X124.899 Y131.761 E.04001
G1 X125.544 Y131.116 E.02934
G1 X126.787 Y131.163 E.04001
G1 X127.432 Y130.518 E.02934
G1 X127.386 Y129.274 E.04001
G1 X128.031 Y128.629 E.02934
G1 X129.274 Y128.676 E.04001
G1 X129.919 Y128.031 E.02934
G1 X129.873 Y126.787 E.04001
G1 X130.518 Y126.142 E.02934
G1 X131.761 Y126.189 E.04001
G1 X132.406 Y125.544 E.02934
G1 X132.36 Y124.3 E.04001
G1 X133.005 Y123.655 E.02934
G1 X134.248 Y123.702 E.04001
G1 X134.893 Y123.057 E.02934
G1 X134.847 Y121.813 E.04001
G1 X135.492 Y121.168 E.02934
G1 X136.735 Y121.215 E.04001
G1 X137.38 Y120.57 E.02934
G1 X137.334 Y119.326 E.04001
G1 X137.979 Y118.681 E.02934
G1 X139.222 Y118.728 E.04001
G1 X139.868 Y118.083 E.02934
G1 X139.821 Y116.839 E.04001
G1 X140.466 Y116.194 E.02934
G1 X141.709 Y116.241 E.04001
G1 X142.265 Y115.685 E.02529
G1 X142.265 Y118.172 E.07997
G1 X141.709 Y118.728 E.02529
G1 X140.466 Y118.681 E.04001
G1 X139.821 Y119.326 E.02934
G1 X139.868 Y120.57 E.04001
G1 X139.222 Y121.215 E.02934
G1 X137.979 Y121.168 E.04001
G1 X137.334 Y121.813 E.02934
G1 X137.38 Y123.057 E.04001
G1 X136.735 Y123.702 E.02934
G1 X135.492 Y123.655 E.04001
G1 X134.847 Y124.3 E.02934
G1 X134.893 Y125.544 E.04001
G1 X134.248 Y126.189 E.02934
G1 X133.005 Y126.142 E.04001
G1 X132.36 Y126.787 E.02934
G1 X132.406 Y128.031 E.04001
G1 X131.761 Y128.676 E.02934
G1 X130.518 Y128.629 E.04001
G1 X129.873 Y129.274 E.02934
G1 X129.919 Y130.518 E.04001
G1 X129.274 Y131.163 E.02934
G1 X128.031 Y131.116 E.04001
G1 X127.386 Y131.761 E.02934
G1 X127.432 Y133.005 E.04001
G1 X126.787 Y133.65 E.02934
G1 X125.544 Y133.603 E.04001
G1 X124.899 Y134.248 E.02934
G1 X124.945 Y135.492 E.04001
G1 X124.3 Y136.137 E.02934
G1 X123.057 Y136.09 E.04001
G1 X122.412 Y136.735 E.02934
G1 X122.458 Y137.979 E.04001
G1 X121.813 Y138.624 E.02934
G1 X120.57 Y138.577 E.04001
G1 X119.925 Y139.222 E.02934
G1 X119.971 Y140.466 E.04001
G1 X119.326 Y141.111 E.02934
G1 X118.083 Y141.064 E.04001
G1 X117.438 Y141.709 E.02934
G1 X117.484 Y142.953 E.04001
G1 X117.172 Y143.265 E.01421
G1 X119.659 Y143.265 E.07997
G1 X119.971 Y142.953 E.01421
G1 X119.925 Y141.709 E.04001
G1 X120.57 Y141.064 E.02934
G1 X121.813 Y141.111 E.04001
G1 X122.458 Y140.466 E.02934
G1 X122.412 Y139.222 E.04001
G1 X123.057 Y138.577 E.02934
G1 X124.3 Y138.624 E.04001
G1 X124.945 Y137.979 E.02934
G1 X124.899 Y136.735 E.04001
G1 X125.544 Y136.09 E.02934
G1 X126.787 Y136.137 E.04001
G1 X127.432 Y135.492 E.02934
G1 X127.386 Y134.248 E.04001
G1 X128.031 Y133.603 E.02934
G1 X129.274 Y133.65 E.04001
G1 X129.919 Y133.005 E.02934
G1 X129.873 Y131.761 E.04001
G1 X130.518 Y131.116 E.02934
G1 X131.761 Y131.163 E.04001
G1 X132.406 Y130.518 E.02934
G1 X132.36 Y129.274 E.04001
G1 X133.005 Y128.629 E.02934
G1 X134.248 Y128.676 E.04001
G1 X134.893 Y128.031 E.02934
G1 X134.847 Y126.787 E.04001
G1 X135.492 Y126.142 E.02934
G1 X136.735 Y126.189 E.04001
G1 X137.38 Y125.544 E.02934
G1 X137.334 Y124.3 E.04001
G1 X137.979 Y123.655 E.02934
G1 X139.222 Y123.702 E.04001
G1 X139.868 Y123.057 E.02934
G1 X139.821 Y121.813 E.04001
G1 X140.466 Y121.168 E.02934
G1 X141.709 Y121.215 E.04001
G1 X142.265 Y120.659 E.02529
G1 X142.265 Y123.146 E.07997
G1 X141.709 Y123.702 E.02529
G1 X140.466 Y123.655 E.04001
G1 X139.821 Y124.3 E.02934
G1 X139.868 Y125.544 E.04001
G1 X139.222 Y126.189 E.02934
G1 X137.979 Y126.142 E.04001
G1 X137.334 Y126.787 E.02934
G1 X137.38 Y128.031 E.04001
G1 X136.735 Y128.676 E.02934
G1 X135.492 Y128.629 E.04001
G1 X134.847 Y129.274 E.02934
G1 X134.893 Y130.518 E.04001
G1 X134.248 Y131.163 E.02934
G1 X133.005 Y131.116 E.04001
G1 X132.36 Y131.761 E.02934
G1 X132.406 Y133.005 E.04001
G1 X131.761 Y133.65 E.02934
G1 X130.518 Y133.603 E.04001
G1 X129.873 Y134.248 E.02934
G1 X129.919 Y135.492 E.04001
G1 X129.274 Y136.137 E.02934
G1 X128.031 Y136.09 E.04001
G1 X127.386 Y136.735 E.02934
G1 X127.432 Y137.979 E.04001
G1 X126.787 Y138.624 E.02934
G1 X125.544 Y138.577 E.04001
G1 X124.899 Y139.222 E.02934
G1 X124.945 Y140.466 E.04001
G1 X124.3 Y141.111 E.02934
G1 X123.057 Y141.064 E.04001
G1 X122.412 Y141.709 E.02934
G1 X122.458 Y142.953 E.04001
G1 X122.146 Y143.265 E.01421
G1 X124.633 Y143.265 E.07997
G1 X124.945 Y142.953 E.01421
G1 X124.899 Y141.709 E.04001
G1 X125.544 Y141.064 E.02934
G1 X126.787 Y141.111 E.04001
G1 X127.432 Y140.466 E.02934
G1 X127.386 Y139.222 E.04001
G1 X128.031 Y138.577 E.02934
G1 X129.274 Y138.624 E.04001
G1 X129.919 Y137.979 E.02934
G1 X129.873 Y136.735 E.04001
G1 X130.518 Y136.09 E.02934
G1 X131.761 Y136.137 E.04001
G1 X132.406 Y135.492 E.02934
G1 X132.36 Y134.248 E.04001
G1 X133.005 Y133.603 E.02934
G1 X134.248 Y133.65 E.04001
G1 X134.893 Y133.005 E.02934
G1 X134.847 Y131.761 E.04001
G1 X135.492 Y131.116 E.02934
G1 X136.735 Y131.163 E.04001
G1 X137.38 Y130.518 E.02934
G1 X137.334 Y129.274 E.04001
G1 X137.979 Y128.629 E.02934
G1 X139.222 Y128.676 E.04001
G1 X139.868 Y128.031 E.02934
G1 X139.821 Y126.787 E.04001
G1 X140.466 Y126.142 E.02934
G1 X141.709 Y126.189 E.04001
G1 X142.265 Y125.633 E.02529
G1 X142.265 Y128.12 E.07997
G1 X141.709 Y128.676 E.02529
G1 X140.466 Y128.629 E.04001
G1 X139.821 Y129.274 E.02934
G1 X139.868 Y130.518 E.04001
G1 X139.222 Y131.163 E.02934
G1 X137.979 Y131.116 E.04001
G1 X137.334 Y131.761 E.02934
G1 X137.38 Y133.005 E.04001
G1 X136.735 Y133.65 E.02934
G1 X135.492 Y133.603 E.04001
G1 X134.847 Y134.248 E.02934
G1 X134.893 Y135.492 E.04001
G1 X134.248 Y136.137 E.02934
G1 X133.005 Y136.09 E.04001
G1 X132.36 Y136.735 E.02934
G1 X132.406 Y137.979 E.04001
G1 X131.761 Y138.624 E.02934
G1 X130.518 Y138.577 E.04001
G1 X129.873 Y139.222 E.02934
G1 X129.919 Y140.466 E.04001
G1 X129.274 Y141.111 E.02934
G1 X128.031 Y141.064 E.04001
G1 X127.386 Y141.709 E.02934
G1 X127.432 Y142.953 E.04001
G1 X127.12 Y143.265 E.01421
G1 X129.607 Y143.265 E.07997
G1 X129.919 Y142.953 E.01421
G1 X129.873 Y141.709 E.04001
G1 X130.518 Y141.064 E.02934
G1 X131.761 Y141.111 E.04001
G1 X132.406 Y140.466 E.02934
G1 X132.36 Y139.222 E.04001
G1 X133.005 Y138.577 E.02934
G1 X134.248 Y138.624 E.04001
G1 X134.893 Y137.979 E.02934
G1 X134.847 Y136.735 E.04001
G1 X135.492 Y136.09 E.02934
G1 X136.735 Y136.137 E.04001
G1 X137.38 Y135.492 E.02934
G1 X137.334 Y134.248 E.04001
G1 X137.979 Y133.603 E.02934
G1 X139.222 Y133.65 E.04001
G1 X139.868 Y133.005 E.02934
G1 X139.821 Y131.761 E.04001
G1 X140.466 Y131.116 E.02934
G1 X141.709 Y131.163 E.04001
G1 X142.265 Y130.607 E.02529
G1 X142.265 Y133.094 E.07997
G1 X141.709 Y133.65 E.02529
G1 X140.466 Y133.603 E.04001
G1 X139.821 Y134.248 E.02934
G1 X139.868 Y135.492 E.04001
G1 X139.222 Y136.137 E.02934
G1 X137.979 Y136.09 E.04001
G1 X137.334 Y136.735 E.02934
G1 X137.38 Y137.979 E.04001
G1 X136.735 Y138.624 E.02934
G1 X135.492 Y138.577 E.04001
G1 X134.847 Y139.222 E.02934
G1 X134.893 Y140.466 E.04001
G1 X134.248 Y141.111 E.02934
G1 X133.005 Y141.064 E.04001
G1 X132.36 Y141.709 E.02934
G1 X132.406 Y142.953 E.04001
G1 X132.094 Y143.265 E.01421
G1 X134.581 Y143.265 E.07997
G1 X134.893 Y142.953 E.01421
G1 X134.847 Y141.709 E.04001
G1 X135.492 Y141.064 E.02934
G1 X136.735 Y141.111 E.04001
G1 X137.38 Y140.466 E.02934
G1 X137.334 Y139.222 E.04001
G1 X137.979 Y138.577 E.02934
G1 X139.222 Y138.624 E.04001
G1 X139.868 Y137.979 E.02934
G1 X139.821 Y136.735 E.04001
G1 X140.466 Y136.09 E.02934
G1 X141.709 Y136.137 E.04001
G1 X142.265 Y135.581 E.02529
G1 X142.265 Y138.068 E.07997
G1 X141.709 Y138.624 E.02529
G1 X140.466 Y138.577 E.04001
G1 X139.821 Y139.222 E.02934
G1 X139.868 Y140.466 E.04001
G1 X139.222 Y141.111 E.02934
G1 X137.979 Y141.064 E.04001
G1 X137.334 Y141.709 E.02934
G1 X137.38 Y142.953 E.04001
G1 X137.068 Y143.265 E.01421
G1 X139.555 Y143.265 E.07997
G1 X139.868 Y142.953 E.01421
G1 X139.821 Y141.709 E.04001
G1 X140.466 Y141.064 E.02934
G1 X141.709 Y141.111 E.04001
G1 X142.265 Y140.555 E.02529
G3 X142.257 Y142.113 I-14.898 J.7 E.05012
G3 X140.937 Y143.265 I-1.287 J-.142 E.0619
G1 X139.758 Y143.265 E.03789
G1 X142.265 Y98.072 F18000
G1 F6205.95
G1 X142.265 Y95.789 E.07343
G1 X141.709 Y96.345 E.02529
G1 X140.466 Y96.298 E.04001
G1 X139.821 Y96.943 E.02934
G1 X139.868 Y98.187 E.04001
G1 X139.222 Y98.832 E.02934
G1 X137.979 Y98.785 E.04001
G1 X137.334 Y99.43 E.02934
G1 X137.38 Y100.674 E.04001
G1 X136.735 Y101.319 E.02934
G1 X135.492 Y101.272 E.04001
G1 X134.847 Y101.917 E.02934
G1 X134.893 Y103.161 E.04001
G1 X134.248 Y103.806 E.02934
G1 X133.005 Y103.759 E.04001
G1 X132.36 Y104.404 E.02934
G1 X132.406 Y105.648 E.04001
G1 X131.761 Y106.293 E.02934
G1 X130.518 Y106.246 E.04001
G1 X129.873 Y106.891 E.02934
G1 X129.919 Y108.135 E.04001
G1 X129.274 Y108.78 E.02934
G1 X128.031 Y108.733 E.04001
G1 X127.386 Y109.378 E.02934
G1 X127.432 Y110.622 E.04001
G1 X126.787 Y111.267 E.02934
G1 X125.544 Y111.22 E.04001
G1 X124.899 Y111.865 E.02934
G1 X124.945 Y113.109 E.04001
G1 X124.3 Y113.754 E.02934
G1 X123.057 Y113.707 E.04001
G1 X122.412 Y114.352 E.02934
G1 X122.458 Y115.596 E.04001
G1 X121.813 Y116.241 E.02934
G1 X120.57 Y116.194 E.04001
G1 X119.925 Y116.839 E.02934
G1 X119.971 Y118.083 E.04001
G1 X119.326 Y118.728 E.02934
G1 X118.083 Y118.681 E.04001
G1 X117.438 Y119.326 E.02934
G1 X117.484 Y120.57 E.04001
G1 X116.839 Y121.215 E.02934
G1 X115.596 Y121.168 E.04001
G1 X114.951 Y121.813 E.02934
G1 X114.997 Y123.057 E.04001
G1 X114.352 Y123.702 E.02934
G1 X113.109 Y123.655 E.04001
G1 X112.464 Y124.3 E.02934
G1 X112.51 Y125.544 E.04001
G1 X111.865 Y126.189 E.02934
G1 X110.622 Y126.142 E.04001
G1 X109.977 Y126.787 E.02934
G1 X110.023 Y128.031 E.04001
G1 X109.378 Y128.676 E.02934
G1 X108.135 Y128.629 E.04001
G1 X107.49 Y129.274 E.02934
G1 X107.536 Y130.518 E.04001
G1 X106.891 Y131.163 E.02934
G1 X105.648 Y131.116 E.04001
G1 X105.003 Y131.761 E.02934
G1 X105.049 Y133.005 E.04001
G1 X104.404 Y133.65 E.02934
G1 X103.161 Y133.603 E.04001
G1 X102.516 Y134.248 E.02934
G1 X102.562 Y135.492 E.04001
G1 X101.917 Y136.137 E.02934
G1 X100.674 Y136.09 E.04001
G1 X100.029 Y136.735 E.02934
G1 X100.075 Y137.979 E.04001
G1 X99.43 Y138.624 E.02934
G1 X98.187 Y138.577 E.04001
G1 X97.542 Y139.222 E.02934
G1 X97.588 Y140.466 E.04001
G1 X96.943 Y141.111 E.02934
G1 X95.7 Y141.064 E.04001
G1 X95.055 Y141.709 E.02934
G1 X95.101 Y142.953 E.04001
G1 X94.789 Y143.265 E.01421
G1 X97.276 Y143.265 E.07997
G1 X97.588 Y142.953 E.01421
G1 X97.542 Y141.709 E.04001
G1 X98.187 Y141.064 E.02934
G1 X99.43 Y141.111 E.04001
G1 X100.075 Y140.466 E.02934
G1 X100.029 Y139.222 E.04001
G1 X100.674 Y138.577 E.02934
G1 X101.917 Y138.624 E.04001
G1 X102.562 Y137.979 E.02934
G1 X102.516 Y136.735 E.04001
G1 X103.161 Y136.09 E.02934
G1 X104.404 Y136.137 E.04001
G1 X105.049 Y135.492 E.02934
G1 X105.003 Y134.248 E.04001
G1 X105.648 Y133.603 E.02934
G1 X106.891 Y133.65 E.04001
G1 X107.536 Y133.005 E.02934
G1 X107.49 Y131.761 E.04001
G1 X108.135 Y131.116 E.02934
G1 X109.378 Y131.163 E.04001
G1 X110.023 Y130.518 E.02934
G1 X109.977 Y129.274 E.04001
G1 X110.622 Y128.629 E.02934
G1 X111.865 Y128.676 E.04001
G1 X112.51 Y128.031 E.02934
G1 X112.464 Y126.787 E.04001
G1 X113.109 Y126.142 E.02934
G1 X114.352 Y126.189 E.04001
G1 X114.997 Y125.544 E.02934
G1 X114.951 Y124.3 E.04001
G1 X115.596 Y123.655 E.02934
G1 X116.839 Y123.702 E.04001
G1 X117.484 Y123.057 E.02934
G1 X117.438 Y121.813 E.04001
G1 X118.083 Y121.168 E.02934
G1 X119.326 Y121.215 E.04001
G1 X119.971 Y120.57 E.02934
G1 X119.925 Y119.326 E.04001
G1 X120.57 Y118.681 E.02934
G1 X121.813 Y118.728 E.04001
G1 X122.458 Y118.083 E.02934
G1 X122.412 Y116.839 E.04001
G1 X123.057 Y116.194 E.02934
G1 X124.3 Y116.241 E.04001
G1 X124.945 Y115.596 E.02934
G1 X124.899 Y114.352 E.04001
G1 X125.544 Y113.707 E.02934
G1 X126.787 Y113.754 E.04001
G1 X127.432 Y113.109 E.02934
G1 X127.386 Y111.865 E.04001
G1 X128.031 Y111.22 E.02934
G1 X129.274 Y111.267 E.04001
G1 X129.919 Y110.622 E.02934
G1 X129.873 Y109.378 E.04001
G1 X130.518 Y108.733 E.02934
G1 X131.761 Y108.78 E.04001
G1 X132.406 Y108.135 E.02934
G1 X132.36 Y106.891 E.04001
G1 X133.005 Y106.246 E.02934
G1 X134.248 Y106.293 E.04001
G1 X134.893 Y105.648 E.02934
G1 X134.847 Y104.404 E.04001
G1 X135.492 Y103.759 E.02934
G1 X136.735 Y103.806 E.04001
G1 X137.38 Y103.161 E.02934
G1 X137.334 Y101.917 E.04001
G1 X137.979 Y101.272 E.02934
G1 X139.222 Y101.319 E.04001
G1 X139.868 Y100.674 E.02934
G1 X139.821 Y99.43 E.04001
G1 X140.466 Y98.785 E.02934
G1 X141.709 Y98.832 E.04001
G1 X142.265 Y98.276 E.02529
G1 X142.265 Y100.763 E.07997
G1 X141.709 Y101.319 E.02529
G1 X140.466 Y101.272 E.04001
G1 X139.821 Y101.917 E.02934
G1 X139.868 Y103.161 E.04001
G1 X139.222 Y103.806 E.02934
G1 X137.979 Y103.759 E.04001
G1 X137.334 Y104.404 E.02934
G1 X137.38 Y105.648 E.04001
G1 X136.735 Y106.293 E.02934
G1 X135.492 Y106.246 E.04001
G1 X134.847 Y106.891 E.02934
G1 X134.893 Y108.135 E.04001
G1 X134.248 Y108.78 E.02934
G1 X133.005 Y108.733 E.04001
G1 X132.36 Y109.378 E.02934
G1 X132.406 Y110.622 E.04001
G1 X131.761 Y111.267 E.02934
G1 X130.518 Y111.22 E.04001
G1 X129.873 Y111.865 E.02934
G1 X129.919 Y113.109 E.04001
G1 X129.274 Y113.754 E.02934
G1 X128.031 Y113.707 E.04001
G1 X127.386 Y114.352 E.02934
G1 X127.432 Y115.596 E.04001
G1 X126.787 Y116.241 E.02934
G1 X125.544 Y116.194 E.04001
G1 X124.899 Y116.839 E.02934
G1 X124.945 Y118.083 E.04001
G1 X124.3 Y118.728 E.02934
G1 X123.057 Y118.681 E.04001
G1 X122.412 Y119.326 E.02934
G1 X122.458 Y120.57 E.04001
G1 X121.813 Y121.215 E.02934
G1 X120.57 Y121.168 E.04001
G1 X119.925 Y121.813 E.02934
G1 X119.971 Y123.057 E.04001
G1 X119.326 Y123.702 E.02934
G1 X118.083 Y123.655 E.04001
G1 X117.438 Y124.3 E.02934
G1 X117.484 Y125.544 E.04001
G1 X116.839 Y126.189 E.02934
G1 X115.596 Y126.142 E.04001
G1 X114.951 Y126.787 E.02934
G1 X114.997 Y128.031 E.04001
G1 X114.352 Y128.676 E.02934
G1 X113.109 Y128.629 E.04001
G1 X112.464 Y129.274 E.02934
G1 X112.51 Y130.518 E.04001
G1 X111.865 Y131.163 E.02934
G1 X110.622 Y131.116 E.04001
G1 X109.977 Y131.761 E.02934
G1 X110.023 Y133.005 E.04001
G1 X109.378 Y133.65 E.02934
G1 X108.135 Y133.603 E.04001
G1 X107.49 Y134.248 E.02934
G1 X107.536 Y135.492 E.04001
G1 X106.891 Y136.137 E.02934
G1 X105.648 Y136.09 E.04001
G1 X105.003 Y136.735 E.02934
G1 X105.049 Y137.979 E.04001
G1 X104.404 Y138.624 E.02934
G1 X103.161 Y138.577 E.04001
G1 X102.516 Y139.222 E.02934
G1 X102.562 Y140.466 E.04001
G1 X101.917 Y141.111 E.02934
G1 X100.674 Y141.064 E.04001
G1 X100.029 Y141.709 E.02934
G1 X100.075 Y142.953 E.04001
G1 X99.763 Y143.265 E.01421
G1 X102.25 Y143.265 E.07997
G1 X102.562 Y142.953 E.01421
G1 X102.516 Y141.709 E.04001
G1 X103.161 Y141.064 E.02934
G1 X104.404 Y141.111 E.04001
G1 X105.049 Y140.466 E.02934
G1 X105.003 Y139.222 E.04001
G1 X105.648 Y138.577 E.02934
G1 X106.891 Y138.624 E.04001
G1 X107.536 Y137.979 E.02934
G1 X107.49 Y136.735 E.04001
G1 X108.135 Y136.09 E.02934
G1 X109.378 Y136.137 E.04001
G1 X110.023 Y135.492 E.02934
G1 X109.977 Y134.248 E.04001
G1 X110.622 Y133.603 E.02934
G1 X111.865 Y133.65 E.04001
G1 X112.51 Y133.005 E.02934
G1 X112.464 Y131.761 E.04001
G1 X113.109 Y131.116 E.02934
G1 X114.352 Y131.163 E.04001
G1 X114.997 Y130.518 E.02934
G1 X114.951 Y129.274 E.04001
G1 X115.596 Y128.629 E.02934
G1 X116.839 Y128.676 E.04001
G1 X117.484 Y128.031 E.02934
G1 X117.438 Y126.787 E.04001
G1 X118.083 Y126.142 E.02934
G1 X119.326 Y126.189 E.04001
G1 X119.971 Y125.544 E.02934
G1 X119.925 Y124.3 E.04001
G1 X120.57 Y123.655 E.02934
G1 X121.813 Y123.702 E.04001
G1 X122.458 Y123.057 E.02934
G1 X122.412 Y121.813 E.04001
G1 X123.057 Y121.168 E.02934
G1 X124.3 Y121.215 E.04001
G1 X124.945 Y120.57 E.02934
G1 X124.899 Y119.326 E.04001
G1 X125.544 Y118.681 E.02934
G1 X126.787 Y118.728 E.04001
G1 X127.432 Y118.083 E.02934
G1 X127.386 Y116.839 E.04001
G1 X128.031 Y116.194 E.02934
G1 X129.274 Y116.241 E.04001
G1 X129.919 Y115.596 E.02934
G1 X129.873 Y114.352 E.04001
G1 X130.518 Y113.707 E.02934
G1 X131.761 Y113.754 E.04001
G1 X132.406 Y113.109 E.02934
G1 X132.36 Y111.865 E.04001
G1 X133.005 Y111.22 E.02934
G1 X134.248 Y111.267 E.04001
G1 X134.893 Y110.622 E.02934
G1 X134.847 Y109.378 E.04001
G1 X135.492 Y108.733 E.02934
G1 X136.509 Y108.771 E.03273
G3 X137.359 Y107.574 I3.574 J1.637 E.04751
G1 X137.334 Y106.891 E.02196
G1 X137.979 Y106.246 E.02934
G1 X139.222 Y106.293 E.04001
G1 X139.868 Y105.648 E.02934
G1 X139.821 Y104.404 E.04001
G1 X140.466 Y103.759 E.02934
G1 X141.709 Y103.806 E.04001
G1 X142.265 Y103.25 E.02529
G1 X142.265 Y105.737 E.07997
G1 X141.709 Y106.293 E.02529
G1 X140.466 Y106.246 E.04001
G1 X139.919 Y106.793 E.02489
G3 X142.265 Y108.323 I-.426 J3.218 E.09314
G1 X142.265 Y105.94 E.07663
G1 X142.481 Y110.4 F18000
;TYPE:Internal solid infill
;WIDTH:0.633572
G1 F4277.168
G1 X142.452 Y110.441 E.00234
;WIDTH:0.588491
G1 F4630.595
G1 X142.423 Y110.482 E.00216
;WIDTH:0.54341
G1 F5047.69
G1 X142.395 Y110.524 E.00198
;WIDTH:0.498329
G1 F5547.362
G1 X142.366 Y110.565 E.0018
;WIDTH:0.453248
G1 F6000
G1 X142.337 Y110.606 E.00162
;WIDTH:0.38304
G1 X142.309 Y110.647 E.00134
G1 X142.127 Y111.166 E.01478
G1 X141.814 Y111.701 E.01667
G1 X141.41 Y112.145 E.01613
G1 X140.922 Y112.496 E.01613
G1 X140.372 Y112.737 E.01613
G1 X139.784 Y112.858 E.01614
G1 X139.183 Y112.855 E.01613
G1 X138.597 Y112.726 E.01614
G1 X138.05 Y112.479 E.01613
G1 X137.566 Y112.123 E.01613
G1 X137.167 Y111.675 E.01613
G1 X136.869 Y111.153 E.01612
G1 X136.687 Y110.581 E.01614
G1 X136.628 Y109.983 E.01613
G1 X136.694 Y109.387 E.01613
G1 X136.883 Y108.816 E.01614
G1 X137.186 Y108.299 E.01612
G1 X137.59 Y107.855 E.01614
G1 X138.078 Y107.504 E.01613
G1 X138.632 Y107.263 E.01623
G1 X139.324 Y107.135 E.01892
G1 X139.812 Y107.145 E.01311
G1 X140.403 Y107.274 E.01625
G1 X140.95 Y107.521 E.01613
G1 X141.434 Y107.877 E.01613
G1 X141.833 Y108.325 E.01613
G1 X142.131 Y108.847 E.01613
G1 X142.311 Y109.385 E.01526
;WIDTH:0.405676
G1 X142.333 Y109.413 E.00102
;WIDTH:0.451187
G1 X142.355 Y109.441 E.00115
;WIDTH:0.496699
G1 F5567.29
G1 X142.377 Y109.47 E.00128
;WIDTH:0.54221
G1 F5059.82
G1 X142.399 Y109.498 E.00141
;WIDTH:0.587721
G1 F4637.135
G1 X142.421 Y109.526 E.00154
;WIDTH:0.610477
G1 F4451.213
G1 X142.444 Y109.554 E.0016
G1 X140.741 Y108.292 F18000
G1 X140.556 Y108.171
G1 X140.359 Y108.071
G1 X140.153 Y107.992
G1 X139.939 Y107.934
G1 X139.721 Y107.9
G1 X139.5 Y107.888
G1 X82.429 Y110.859
G1 X82.329 Y111.056
G1 X82.208 Y111.241
G1 X82.069 Y111.413
G1 X81.913 Y111.569
G1 X81.741 Y111.708
G1 X81.556 Y111.829
G1 X81.359 Y111.929
G1 X81.153 Y112.008
G1 X80.939 Y112.066
G1 X80.721 Y112.1
G1 X80.5 Y112.112
G1 X80.279 Y112.1
G1 X80.061 Y112.066
G1 X79.847 Y112.008
G1 X79.641 Y111.929
G1 X79.444 Y111.829
G1 X79.259 Y111.708
G1 X77.519 Y110.399
;WIDTH:0.633231
G1 F4279.639
G1 X77.55 Y110.442 E.00245
;WIDTH:0.58772
G1 F4637.148
G1 X77.581 Y110.484 E.00226
;WIDTH:0.542209
G1 F5059.832
G1 X77.612 Y110.526 E.00207
;WIDTH:0.496698
G1 F5567.301
G1 X77.643 Y110.569 E.00188
;WIDTH:0.451187
G1 F6000
G1 X77.674 Y110.611 E.00169
;WIDTH:0.383035
G1 X77.705 Y110.653 E.00141
G1 X77.883 Y111.184 E.01503
G1 X78.186 Y111.702 E.01612
G1 X78.59 Y112.145 E.01613
G1 X79.078 Y112.496 E.01613
G1 X79.628 Y112.737 E.01613
G1 X80.216 Y112.858 E.01614
G1 X80.817 Y112.855 E.01613
G1 X81.403 Y112.726 E.01614
G1 X81.95 Y112.479 E.01613
G1 X82.434 Y112.123 E.01613
G1 X82.833 Y111.675 E.01613
G1 X83.131 Y111.153 E.01613
G1 X83.313 Y110.581 E.01614
G1 X83.372 Y109.983 E.01613
G1 X83.306 Y109.387 E.01613
G1 X83.117 Y108.816 E.01614
G1 X82.814 Y108.299 E.01612
G1 X82.41 Y107.855 E.01613
G1 X81.922 Y107.504 E.01613
G1 X81.372 Y107.263 E.01613
G1 X80.781 Y107.141 E.0162
G1 X80.293 Y107.139 E.01312
G1 X79.597 Y107.274 E.01906
G1 X79.05 Y107.521 E.01613
G1 X78.566 Y107.877 E.01613
G1 X78.167 Y108.325 E.01613
G1 X77.869 Y108.847 E.01613
G1 X77.691 Y109.353 E.01443
;WIDTH:0.408168
G1 X77.668 Y109.386 E.00116
;WIDTH:0.453248
G1 X77.645 Y109.419 E.0013
;WIDTH:0.498328
G1 F5547.368
G1 X77.623 Y109.452 E.00144
;WIDTH:0.543408
G1 F5047.705
G1 X77.6 Y109.485 E.00158
;WIDTH:0.588488
G1 F4630.616
G1 X77.577 Y109.518 E.00173
;WIDTH:0.611028
G1 F4446.894
G1 X77.554 Y109.55 E.0018
G1 X77.519 Y109.6 F18000
;WIDTH:0.656047
G1 F4120.379
G1 X77.519 Y110.399 E.03874
;WIDTH:0.633231
G1 F4279.639
G1 X77.495 Y110.451 E.00265
;WIDTH:0.58772
G1 F4637.148
G1 X77.47 Y110.502 E.00245
;WIDTH:0.542209
G1 F5059.832
G1 X77.446 Y110.553 E.00224
;WIDTH:0.496698
G1 F5567.301
G1 X77.421 Y110.604 E.00204
;WIDTH:0.451187
G1 F6000
G1 X77.396 Y110.656 E.00183
;WIDTH:0.38293
G1 X77.372 Y110.707 E.00153
G1 X77.373 Y141.963 E.8395
G2 X78.523 Y143.549 I1.648 J.015 E.05635
G1 X79.044 Y143.628 E.01414
G1 X140.963 Y143.627 E1.66305
G2 X142.549 Y142.477 I.015 J-1.648 E.05636
G1 X142.628 Y141.956 E.01414
G1 X142.628 Y110.707 E.8393
;WIDTH:0.405686
G1 X142.604 Y110.656 E.00162
;WIDTH:0.451218
G1 X142.579 Y110.605 E.00183
;WIDTH:0.49675
G1 F5566.657
G1 X142.554 Y110.554 E.00203
;WIDTH:0.542282
G1 F5059.087
G1 X142.53 Y110.503 E.00224
;WIDTH:0.587814
G1 F4636.344
G1 X142.505 Y110.452 E.00244
;WIDTH:0.654548
G1 F4130.48
G1 X142.481 Y110.4 E.00274
G1 X142.481 Y109.601 E.03864
;WIDTH:0.633233
G1 F4279.626
G1 X142.505 Y109.549 E.00265
;WIDTH:0.587721
G1 F4637.135
G1 X142.53 Y109.498 E.00245
;WIDTH:0.54221
G1 F5059.82
G1 X142.554 Y109.447 E.00224
;WIDTH:0.496699
G1 F5567.29
G1 X142.579 Y109.396 E.00204
;WIDTH:0.451187
G1 F6000
G1 X142.604 Y109.344 E.00183
;WIDTH:0.38293
G1 X142.628 Y109.293 E.00153
G1 X142.628 Y78.044 E.8393
G1 X142.543 Y77.494 E.01495
G2 X142.19 Y76.897 I-1.545 J.512 E.01877
G1 X141.806 Y76.6 E.01303
G1 X141.477 Y76.451 E.00971
G1 X140.956 Y76.372 E.01414
G1 X79.037 Y76.373 E1.66305
G2 X77.451 Y77.523 I-.015 J1.648 E.05635
G1 X77.372 Y78.044 E.01414
G1 X77.373 Y109.321 E.84005
;WIDTH:0.405686
G1 X77.393 Y109.358 E.00122
;WIDTH:0.451217
G1 X77.413 Y109.396 E.00137
;WIDTH:0.496749
G1 F5566.677
G1 X77.432 Y109.434 E.00152
;WIDTH:0.54228
G1 F5059.111
G1 X77.452 Y109.471 E.00167
;WIDTH:0.587811
G1 F4636.369
G1 X77.472 Y109.509 E.00183
;WIDTH:0.610577
G1 F4450.429
G1 X77.491 Y109.546 E.0019
G1 X77.735 Y107.006 F18000
;TYPE:Sparse infill
;WIDTH:0.45
G1 F6205.95
G1 X77.735 Y108.323 E.04237
G3 X80.246 Y106.778 I2.831 J1.788 E.09818
G1 X80.778 Y106.246 E.02419
G1 X82.021 Y106.293 E.04001
G1 X82.666 Y105.648 E.02934
G1 X82.62 Y104.404 E.04001
G1 X83.265 Y103.759 E.02934
G1 X84.508 Y103.806 E.04001
G1 X85.153 Y103.161 E.02934
G1 X85.107 Y101.917 E.04001
G1 X85.752 Y101.272 E.02934
G1 X86.995 Y101.319 E.04001
G1 X87.64 Y100.674 E.02934
G1 X87.594 Y99.43 E.04001
G1 X88.239 Y98.785 E.02934
G1 X89.482 Y98.832 E.04001
G1 X90.127 Y98.187 E.02934
G1 X90.081 Y96.943 E.04001
G1 X90.726 Y96.298 E.02934
G1 X91.969 Y96.345 E.04001
G1 X92.614 Y95.7 E.02934
G1 X92.568 Y94.456 E.04001
G1 X93.213 Y93.811 E.02934
G1 X94.456 Y93.858 E.04001
G1 X95.101 Y93.213 E.02934
G1 X95.055 Y91.969 E.04001
G1 X95.7 Y91.324 E.02934
G1 X96.943 Y91.371 E.04001
G1 X97.588 Y90.726 E.02934
G1 X97.542 Y89.482 E.04001
G1 X98.187 Y88.837 E.02934
G1 X99.43 Y88.884 E.04001
G1 X100.075 Y88.239 E.02934
G1 X100.029 Y86.995 E.04001
G1 X100.674 Y86.35 E.02934
G1 X101.917 Y86.397 E.04001
G1 X102.562 Y85.752 E.02934
G1 X102.516 Y84.508 E.04001
G1 X103.161 Y83.863 E.02934
G1 X104.404 Y83.91 E.04001
G1 X105.049 Y83.265 E.02934
G1 X105.003 Y82.021 E.04001
G1 X105.648 Y81.376 E.02934
G1 X106.891 Y81.423 E.04001
G1 X107.536 Y80.778 E.02934
G1 X107.49 Y79.534 E.04001
G1 X108.135 Y78.889 E.02934
G1 X109.378 Y78.936 E.04001
G1 X110.023 Y78.291 E.02934
G1 X109.977 Y77.047 E.04001
G1 X110.289 Y76.735 E.01421
G1 X112.776 Y76.735 E.07997
G1 X112.464 Y77.047 E.01421
G1 X112.51 Y78.291 E.04001
G1 X111.865 Y78.936 E.02934
G1 X110.622 Y78.889 E.04001
G1 X109.977 Y79.534 E.02934
G1 X110.023 Y80.778 E.04001
G1 X109.378 Y81.423 E.02934
G1 X108.135 Y81.376 E.04001
G1 X107.49 Y82.021 E.02934
G1 X107.536 Y83.265 E.04001
G1 X106.891 Y83.91 E.02934
G1 X105.648 Y83.863 E.04001
G1 X105.003 Y84.508 E.02934
G1 X105.049 Y85.752 E.04001
G1 X104.404 Y86.397 E.02934
G1 X103.161 Y86.35 E.04001
G1 X102.516 Y86.995 E.02934
G1 X102.562 Y88.239 E.04001
G1 X101.917 Y88.884 E.02934
G1 X100.674 Y88.837 E.04001
G1 X100.029 Y89.482 E.02934
G1 X100.075 Y90.726 E.04001
G1 X99.43 Y91.371 E.02934
G1 X98.187 Y91.324 E.04001
G1 X97.542 Y91.969 E.02934
G1 X97.588 Y93.213 E.04001
G1 X96.943 Y93.858 E.02934
G1 X95.7 Y93.811 E.04001
G1 X95.055 Y94.456 E.02934
G1 X95.101 Y95.7 E.04001
G1 X94.456 Y96.345 E.02934
G1 X93.213 Y96.298 E.04001
G1 X92.568 Y96.943 E.02934
G1 X92.614 Y98.187 E.04001
G1 X91.969 Y98.832 E.02934
G1 X90.726 Y98.785 E.04001
G1 X90.081 Y99.43 E.02934
G1 X90.127 Y100.674 E.04001
G1 X89.482 Y101.319 E.02934
G1 X88.239 Y101.272 E.04001
G1 X87.594 Y101.917 E.02934
G1 X87.64 Y103.161 E.04001
G1 X86.995 Y103.806 E.02934
G1 X85.752 Y103.759 E.04001
G1 X85.107 Y104.404 E.02934
G1 X85.153 Y105.648 E.04001
G1 X84.508 Y106.293 E.02934
G1 X83.265 Y106.246 E.04001
G1 X82.62 Y106.891 E.02934
G1 X82.645 Y107.578 E.02209
G3 X83.479 Y108.741 I-2.792 J2.882 E.04628
G1 X84.508 Y108.78 E.0331
G1 X85.153 Y108.135 E.02934
G1 X85.107 Y106.891 E.04001
G1 X85.752 Y106.246 E.02934
G1 X86.995 Y106.293 E.04001
G1 X87.64 Y105.648 E.02934
G1 X87.594 Y104.404 E.04001
G1 X88.239 Y103.759 E.02934
G1 X89.482 Y103.806 E.04001
G1 X90.127 Y103.161 E.02934
G1 X90.081 Y101.917 E.04001
G1 X90.726 Y101.272 E.02934
G1 X91.969 Y101.319 E.04001
G1 X92.614 Y100.674 E.02934
G1 X92.568 Y99.43 E.04001
G1 X93.213 Y98.785 E.02934
G1 X94.456 Y98.832 E.04001
G1 X95.101 Y98.187 E.02934
G1 X95.055 Y96.943 E.04001
G1 X95.7 Y96.298 E.02934
G1 X96.943 Y96.345 E.04001
G1 X97.588 Y95.7 E.02934
G1 X97.542 Y94.456 E.04001
G1 X98.187 Y93.811 E.02934
G1 X99.43 Y93.858 E.04001
G1 X100.075 Y93.213 E.02934
G1 X100.029 Y91.969 E.04001
G1 X100.674 Y91.324 E.02934
G1 X101.917 Y91.371 E.04001
G1 X102.562 Y90.726 E.02934
G1 X102.516 Y89.482 E.04001
G1 X103.161 Y88.837 E.02934
G1 X104.404 Y88.884 E.04001
G1 X105.049 Y88.239 E.02934
G1 X105.003 Y86.995 E.04001
G1 X105.648 Y86.35 E.02934
G1 X106.891 Y86.397 E.04001
G1 X107.536 Y85.752 E.02934
G1 X107.49 Y84.508 E.04001
G1 X108.135 Y83.863 E.02934
G1 X109.378 Y83.91 E.04001
G1 X110.023 Y83.265 E.02934
G1 X109.977 Y82.021 E.04001
G1 X110.622 Y81.376 E.02934
G1 X111.865 Y81.423 E.04001
G1 X112.51 Y80.778 E.02934
G1 X112.464 Y79.534 E.04001
G1 X113.109 Y78.889 E.02934
G1 X114.352 Y78.936 E.04001
G1 X114.997 Y78.291 E.02934
G1 X114.951 Y77.047 E.04001
G1 X115.263 Y76.735 E.01421
G1 X117.75 Y76.735 E.07997
G1 X117.438 Y77.047 E.01421
G1 X117.484 Y78.291 E.04001
G1 X116.839 Y78.936 E.02934
G1 X115.596 Y78.889 E.04001
G1 X114.951 Y79.534 E.02934
G1 X114.997 Y80.778 E.04001
G1 X114.352 Y81.423 E.02934
G1 X113.109 Y81.376 E.04001
G1 X112.464 Y82.021 E.02934
G1 X112.51 Y83.265 E.04001
G1 X111.865 Y83.91 E.02934
G1 X110.622 Y83.863 E.04001
G1 X109.977 Y84.508 E.02934
G1 X110.023 Y85.752 E.04001
G1 X109.378 Y86.397 E.02934
G1 X108.135 Y86.35 E.04001
G1 X107.49 Y86.995 E.02934
G1 X107.536 Y88.239 E.04001
G1 X106.891 Y88.884 E.02934
G1 X105.648 Y88.837 E.04001
G1 X105.003 Y89.482 E.02934
G1 X105.049 Y90.726 E.04001
G1 X104.404 Y91.371 E.02934
G1 X103.161 Y91.324 E.04001
G1 X102.516 Y91.969 E.02934
G1 X102.562 Y93.213 E.04001
G1 X101.917 Y93.858 E.02934
G1 X100.674 Y93.811 E.04001
G1 X100.029 Y94.456 E.02934
G1 X100.075 Y95.7 E.04001
G1 X99.43 Y96.345 E.02934
G1 X98.187 Y96.298 E.04001
G1 X97.542 Y96.943 E.02934
G1 X97.588 Y98.187 E.04001
G1 X96.943 Y98.832 E.02934
G1 X95.7 Y98.785 E.04001
G1 X95.055 Y99.43 E.02934
G1 X95.101 Y100.674 E.04001
G1 X94.456 Y101.319 E.02934
G1 X93.213 Y101.272 E.04001
G1 X92.568 Y101.917 E.02934
G1 X92.614 Y103.161 E.04001
G1 X91.969 Y103.806 E.02934
G1 X90.726 Y103.759 E.04001
G1 X90.081 Y104.404 E.02934
G1 X90.127 Y105.648 E.04001
G1 X89.482 Y106.293 E.02934
G1 X88.239 Y106.246 E.04001
G1 X87.594 Y106.891 E.02934
G1 X87.64 Y108.135 E.04001
G1 X86.995 Y108.78 E.02934
G1 X85.752 Y108.733 E.04001
G1 X85.107 Y109.378 E.02934
G1 X85.153 Y110.622 E.04001
G1 X84.508 Y111.267 E.02934
G1 X83.491 Y111.229 E.03273
G3 X82.641 Y112.426 I-3.574 J-1.637 E.04751
G1 X82.666 Y113.109 E.02196
G1 X82.021 Y113.754 E.02934
G1 X80.778 Y113.707 E.04001
G1 X80.132 Y114.352 E.02934
G1 X80.179 Y115.596 E.04001
G1 X79.534 Y116.241 E.02934
G1 X78.291 Y116.194 E.04001
G1 X77.735 Y116.75 E.02529
G1 X77.735 Y119.237 E.07997
G1 X78.291 Y118.681 E.02529
G1 X79.534 Y118.728 E.04001
G1 X80.179 Y118.083 E.02934
G1 X80.132 Y116.839 E.04001
G1 X80.778 Y116.194 E.02934
G1 X82.021 Y116.241 E.04001
G1 X82.666 Y115.596 E.02934
G1 X82.62 Y114.352 E.04001
G1 X83.265 Y113.707 E.02934
G1 X84.508 Y113.754 E.04001
G1 X85.153 Y113.109 E.02934
G1 X85.107 Y111.865 E.04001
G1 X85.752 Y111.22 E.02934
G1 X86.995 Y111.267 E.04001
G1 X87.64 Y110.622 E.02934
G1 X87.594 Y109.378 E.04001
G1 X88.239 Y108.733 E.02934
G1 X89.482 Y108.78 E.04001
G1 X90.127 Y108.135 E.02934
G1 X90.081 Y106.891 E.04001
G1 X90.726 Y106.246 E.02934
G1 X91.969 Y106.293 E.04001
G1 X92.614 Y105.648 E.02934
G1 X92.568 Y104.404 E.04001
G1 X93.213 Y103.759 E.02934
G1 X94.456 Y103.806 E.04001
G1 X95.101 Y103.161 E.02934
G1 X95.055 Y101.917 E.04001
G1 X95.7 Y101.272 E.02934
G1 X96.943 Y101.319 E.04001
G1 X97.588 Y100.674 E.02934
G1 X97.542 Y99.43 E.04001
G1 X98.187 Y98.785 E.02934
G1 X99.43 Y98.832 E.04001
G1 X100.075 Y98.187 E.02934
G1 X100.029 Y96.943 E.04001
G1 X100.674 Y96.298 E.02934
G1 X101.917 Y96.345 E.04001
G1 X102.562 Y95.7 E.02934
G1 X102.516 Y94.456 E.04001
G1 X103.161 Y93.811 E.02934
G1 X104.404 Y93.858 E.04001
G1 X105.049 Y93.213 E.02934
G1 X105.003 Y91.969 E.04001
G1 X105.648 Y91.324 E.02934
G1 X106.891 Y91.371 E.04001
G1 X107.536 Y90.726 E.02934
G1 X107.49 Y89.482 E.04001
G1 X108.135 Y88.837 E.02934
G1 X109.378 Y88.884 E.04001
G1 X110.023 Y88.239 E.02934
G1 X109.977 Y86.995 E.04001
G1 X110.622 Y86.35 E.02934
G1 X111.865 Y86.397 E.04001
G1 X112.51 Y85.752 E.02934
G1 X112.464 Y84.508 E.04001
G1 X113.109 Y83.863 E.02934
G1 X114.352 Y83.91 E.04001
G1 X114.997 Y83.265 E.02934
G1 X114.951 Y82.021 E.04001
G1 X115.596 Y81.376 E.02934
G1 X116.839 Y81.423 E.04001
G1 X117.484 Y80.778 E.02934
G1 X117.438 Y79.534 E.04001
G1 X118.083 Y78.889 E.02934
G1 X119.326 Y78.936 E.04001
G1 X119.971 Y78.291 E.02934
G1 X119.925 Y77.047 E.04001
G1 X120.237 Y76.735 E.01421
G1 X122.724 Y76.735 E.07997
G1 X122.412 Y77.047 E.01421
G1 X122.458 Y78.291 E.04001
G1 X121.813 Y78.936 E.02934
G1 X120.57 Y78.889 E.04001
G1 X119.925 Y79.534 E.02934
G1 X119.971 Y80.778 E.04001
G1 X119.326 Y81.423 E.02934
G1 X118.083 Y81.376 E.04001
G1 X117.438 Y82.021 E.02934
G1 X117.484 Y83.265 E.04001
G1 X116.839 Y83.91 E.02934
G1 X115.596 Y83.863 E.04001
G1 X114.951 Y84.508 E.02934
G1 X114.997 Y85.752 E.04001
G1 X114.352 Y86.397 E.02934
G1 X113.109 Y86.35 E.04001
G1 X112.464 Y86.995 E.02934
G1 X112.51 Y88.239 E.04001
G1 X111.865 Y88.884 E.02934
G1 X110.622 Y88.837 E.04001
G1 X109.977 Y89.482 E.02934
G1 X110.023 Y90.726 E.04001
G1 X109.378 Y91.371 E.02934
G1 X108.135 Y91.324 E.04001
G1 X107.49 Y91.969 E.02934
G1 X107.536 Y93.213 E.04001
G1 X106.891 Y93.858 E.02934
G1 X105.648 Y93.811 E.04001
G1 X105.003 Y94.456 E.02934
G1 X105.049 Y95.7 E.04001
G1 X104.404 Y96.345 E.02934
G1 X103.161 Y96.298 E.04001
G1 X102.516 Y96.943 E.02934
G1 X102.562 Y98.187 E.04001
G1 X101.917 Y98.832 E.02934
G1 X100.674 Y98.785 E.04001
G1 X100.029 Y99.43 E.02934
G1 X100.075 Y100.674 E.04001
G1 X99.43 Y101.319 E.02934
G1 X98.187 Y101.272 E.04001
G1 X97.542 Y101.917 E.02934
G1 X97.588 Y103.161 E.04001
G1 X96.943 Y103.806 E.02934
G1 X95.7 Y103.759 E.04001
G1 X95.055 Y104.404 E.02934
G1 X95.101 Y105.648 E.04001
G1 X94.456 Y106.293 E.02934
G1 X93.213 Y106.246 E.04001
G1 X92.568 Y106.891 E.02934
G1 X92.614 Y108.135 E.04001
G1 X91.969 Y108.78 E.02934
G1 X90.726 Y108.733 E.04001
G1 X90.081 Y109.378 E.02934
G1 X90.127 Y110.622 E.04001
G1 X89.482 Y111.267 E.02934
G1 X88.239 Y111.22 E.04001
G1 X87.594 Y111.865 E.02934
G1 X87.64 Y113.109 E.04001
G1 X86.995 Y113.754 E.02934
G1 X85.752 Y113.707 E.04001
G1 X85.107 Y114.352 E.02934
G1 X85.153 Y115.596 E.04001
G1 X84.508 Y116.241 E.02934
G1 X83.265 Y116.194 E.04001
G1 X82.62 Y116.839 E.02934
G1 X82.666 Y118.083 E.04001
G1 X82.021 Y118.728 E.02934
G1 X80.778 Y118.681 E.04001
G1 X80.132 Y119.326 E.02934
G1 X80.179 Y120.57 E.04001
G1 X79.534 Y121.215 E.02934
G1 X78.291 Y121.168 E.04001
G1 X77.735 Y121.724 E.02529
G1 X77.735 Y124.211 E.07997
G1 X78.291 Y123.655 E.02529
G1 X79.534 Y123.702 E.04001
G1 X80.179 Y123.057 E.02934
G1 X80.132 Y121.813 E.04001
G1 X80.778 Y121.168 E.02934
G1 X82.021 Y121.215 E.04001
G1 X82.666 Y120.57 E.02934
G1 X82.62 Y119.326 E.04001
G1 X83.265 Y118.681 E.02934
G1 X84.508 Y118.728 E.04001
G1 X85.153 Y118.083 E.02934
G1 X85.107 Y116.839 E.04001
G1 X85.752 Y116.194 E.02934
G1 X86.995 Y116.241 E.04001
G1 X87.64 Y115.596 E.02934
G1 X87.594 Y114.352 E.04001
G1 X88.239 Y113.707 E.02934
G1 X89.482 Y113.754 E.04001
G1 X90.127 Y113.109 E.02934
G1 X90.081 Y111.865 E.04001
G1 X90.726 Y111.22 E.02934
G1 X91.969 Y111.267 E.04001
G1 X92.614 Y110.622 E.02934
G1 X92.568 Y109.378 E.04001
G1 X93.213 Y108.733 E.02934
G1 X94.456 Y108.78 E.04001
G1 X95.101 Y108.135 E.02934
G1 X95.055 Y106.891 E.04001
G1 X95.7 Y106.246 E.02934
G1 X96.943 Y106.293 E.04001
G1 X97.588 Y105.648 E.02934
G1 X97.542 Y104.404 E.04001
G1 X98.187 Y103.759 E.02934
G1 X99.43 Y103.806 E.04001
G1 X100.075 Y103.161 E.02934
G1 X100.029 Y101.917 E.04001
G1 X100.674 Y101.272 E.02934
G1 X101.917 Y101.319 E.04001
G1 X102.562 Y100.674 E.02934
G1 X102.516 Y99.43 E.04001
G1 X103.161 Y98.785 E.02934
G1 X104.404 Y98.832 E.04001
G1 X105.049 Y98.187 E.02934
G1 X105.003 Y96.943 E.04001
G1 X105.648 Y96.298 E.02934
G1 X106.891 Y96.345 E.04001
G1 X107.536 Y95.7 E.02934
G1 X107.49 Y94.456 E.04001
G1 X108.135 Y93.811 E.02934
G1 X109.378 Y93.858 E.04001
G1 X110.023 Y93.213 E.02934
G1 X109.977 Y91.969 E.04001
G1 X110.622 Y91.324 E.02934
G1 X111.865 Y91.371 E.04001
G1 X112.51 Y90.726 E.02934
G1 X112.464 Y89.482 E.04001
G1 X113.109 Y88.837 E.02934
G1 X114.352 Y88.884 E.04001
G1 X114.997 Y88.239 E.02934
G1 X114.951 Y86.995 E.04001
G1 X115.596 Y86.35 E.02934
G1 X116.839 Y86.397 E.04001
G1 X117.484 Y85.752 E.02934
G1 X117.438 Y84.508 E.04001
G1 X118.083 Y83.863 E.02934
G1 X119.326 Y83.91 E.04001
G1 X119.971 Y83.265 E.02934
G1 X119.925 Y82.021 E.04001
G1 X120.57 Y81.376 E.02934
G1 X121.813 Y81.423 E.04001
G1 X122.458 Y80.778 E.02934
G1 X122.412 Y79.534 E.04001
G1 X123.057 Y78.889 E.02934
G1 X124.3 Y78.936 E.04001
G1 X124.945 Y78.291 E.02934
G1 X124.899 Y77.047 E.04001
G1 X125.211 Y76.735 E.01421
G1 X127.698 Y76.735 E.07997
G1 X127.386 Y77.047 E.01421
G1 X127.432 Y78.291 E.04001
G1 X126.787 Y78.936 E.02934
G1 X125.544 Y78.889 E.04001
G1 X124.899 Y79.534 E.02934
G1 X124.945 Y80.778 E.04001
G1 X124.3 Y81.423 E.02934
G1 X123.057 Y81.376 E.04001
G1 X122.412 Y82.021 E.02934
G1 X122.458 Y83.265 E.04001
G1 X121.813 Y83.91 E.02934
G1 X120.57 Y83.863 E.04001
G1 X119.925 Y84.508 E.02934
G1 X119.971 Y85.752 E.04001
G1 X119.326 Y86.397 E.02934
G1 X118.083 Y86.35 E.04001
G1 X117.438 Y86.995 E.02934
G1 X117.484 Y88.239 E.04001
G1 X116.839 Y88.884 E.02934
G1 X115.596 Y88.837 E.04001
G1 X114.951 Y89.482 E.02934
G1 X114.997 Y90.726 E.04001
G1 X114.352 Y91.371 E.02934
G1 X113.109 Y91.324 E.04001
G1 X112.464 Y91.969 E.02934
G1 X112.51 Y93.213 E.04001
G1 X111.865 Y93.858 E.02934
G1 X110.622 Y93.811 E.04001
G1 X109.977 Y94.456 E.02934
G1 X110.023 Y95.7 E.04001
G1 X109.378 Y96.345 E.02934
G1 X108.135 Y96.298 E.04001
G1 X107.49 Y96.943 E.02934
G1 X107.536 Y98.187 E.04001
G1 X106.891 Y98.832 E.02934
G1 X105.648 Y98.785 E.04001
G1 X105.003 Y99.43 E.02934
G1 X105.049 Y100.674 E.04001
G1 X104.404 Y101.319 E.02934
G1 X103.161 Y101.272 E.04001
G1 X102.516 Y101.917 E.02934
G1 X102.562 Y103.161 E.04001
G1 X101.917 Y103.806 E.02934
G1 X100.674 Y103.759 E.04001
G1 X100.029 Y104.404 E.02934
G1 X100.075 Y105.648 E.04001
G1 X99.43 Y106.293 E.02934
G1 X98.187 Y106.246 E.04001
G1 X97.542 Y106.891 E.02934
G1 X97.588 Y108.135 E.04001
G1 X96.943 Y108.78 E.02934
G1 X95.7 Y108.733 E.04001
G1 X95.055 Y109.378 E.02934
G1 X95.101 Y110.622 E.04001
G1 X94.456 Y111.267 E.02934
G1 X93.213 Y111.22 E.04001
G1 X92.568 Y111.865 E.02934
G1 X92.614 Y113.109 E.04001
G1 X91.969 Y113.754 E.02934
G1 X90.726 Y113.707 E.04001
G1 X90.081 Y114.352 E.02934
G1 X90.127 Y115.596 E.04001
G1 X89.482 Y116.241 E.02934
G1 X88.239 Y116.194 E.04001
G1 X87.594 Y116.839 E.02934
G1 X87.64 Y118.083 E.04001
G1 X86.995 Y118.728 E.02934
G1 X85.752 Y118.681 E.04001
G1 X85.107 Y119.326 E.02934
G1 X85.153 Y120.57 E.04001
G1 X84.508 Y121.215 E.02934
G1 X83.265 Y121.168 E.04001
G1 X82.62 Y121.813 E.02934
G1 X82.666 Y123.057 E.04001
G1 X82.021 Y123.702 E.02934
G1 X80.778 Y123.655 E.04001
G1 X80.132 Y124.3 E.02934
G1 X80.179 Y125.544 E.04001
G1 X79.534 Y126.189 E.02934
G1 X78.291 Y126.142 E.04001
G1 X77.735 Y126.698 E.02529
G1 X77.735 Y129.185 E.07997
G1 X78.291 Y128.629 E.02529
G1 X79.534 Y128.676 E.04001
G1 X80.179 Y128.031 E.02934
G1 X80.132 Y126.787 E.04001
G1 X80.778 Y126.142 E.02934
G1 X82.021 Y126.189 E.04001
G1 X82.666 Y125.544 E.02934
G1 X82.62 Y124.3 E.04001
G1 X83.265 Y123.655 E.02934
G1 X83.775 Y123.674 E.01642
G3 X85.121 Y122.202 I4.926 J3.15 E.06448
G1 X85.107 Y121.813 E.01249
G1 X85.752 Y121.168 E.02934
G1 X86.653 Y121.202 E.029
G2 X87.64 Y120.57 I-.799 J-2.336 E.03807
G1 X87.594 Y119.326 E.04001
G1 X88.239 Y118.681 E.02934
G1 X89.482 Y118.728 E.04001
G1 X90.127 Y118.083 E.02934
G1 X90.081 Y116.839 E.04001
G1 X90.726 Y116.194 E.02934
G1 X91.969 Y116.241 E.04001
G1 X92.614 Y115.596 E.02934
G1 X92.568 Y114.352 E.04001
G1 X93.213 Y113.707 E.02934
G1 X94.456 Y113.754 E.04001
G1 X95.101 Y113.109 E.02934
G1 X95.055 Y111.865 E.04001
G1 X95.7 Y111.22 E.02934
G1 X96.943 Y111.267 E.04001
G1 X97.588 Y110.622 E.02934
G1 X97.542 Y109.378 E.04001
G1 X98.187 Y108.733 E.02934
G1 X99.43 Y108.78 E.04001
G1 X100.075 Y108.135 E.02934
G1 X100.029 Y106.891 E.04001
G1 X100.674 Y106.246 E.02934
G1 X101.917 Y106.293 E.04001
G1 X102.562 Y105.648 E.02934
G1 X102.516 Y104.404 E.04001
G1 X103.161 Y103.759 E.02934
G1 X104.404 Y103.806 E.04001
G1 X105.049 Y103.161 E.02934
G1 X105.003 Y101.917 E.04001
G1 X105.648 Y101.272 E.02934
G1 X106.891 Y101.319 E.04001
G1 X107.536 Y100.674 E.02934
G1 X107.49 Y99.43 E.04001
G1 X108.135 Y98.785 E.02934
G1 X109.378 Y98.832 E.04001
G1 X110.023 Y98.187 E.02934
G1 X109.977 Y96.943 E.04001
G1 X110.622 Y96.298 E.02934
G1 X111.865 Y96.345 E.04001
G1 X112.51 Y95.7 E.02934
G1 X112.464 Y94.456 E.04001
G1 X113.109 Y93.811 E.02934
G1 X114.352 Y93.858 E.04001
G1 X114.997 Y93.213 E.02934
G1 X114.951 Y91.969 E.04001
G1 X115.596 Y91.324 E.02934
G1 X116.839 Y91.371 E.04001
G1 X117.484 Y90.726 E.02934
G1 X117.438 Y89.482 E.04001
G1 X118.083 Y88.837 E.02934
G1 X119.326 Y88.884 E.04001
G1 X119.971 Y88.239 E.02934
G1 X119.925 Y86.995 E.04001
G1 X120.57 Y86.35 E.02934
G1 X121.813 Y86.397 E.04001
G1 X122.458 Y85.752 E.02934
G1 X122.412 Y84.508 E.04001
G1 X123.057 Y83.863 E.02934
G1 X124.3 Y83.91 E.04001
G1 X124.945 Y83.265 E.02934
G1 X124.899 Y82.021 E.04001
G1 X125.544 Y81.376 E.02934
G1 X126.787 Y81.423 E.04001
G1 X127.432 Y80.778 E.02934
G1 X127.386 Y79.534 E.04001
G1 X128.031 Y78.889 E.02934
G1 X129.274 Y78.936 E.04001
G1 X129.919 Y78.291 E.02934
G1 X129.873 Y77.047 E.04001
G1 X130.185 Y76.735 E.01421
G1 X132.469 Y76.735 E.07343
G1 X140.337 Y76.735 F18000
G1 F6205.95
G1 X140.955 Y76.735 E.01987
G3 X142.265 Y78.38 I-.057 J1.39 E.07669
G1 X141.709 Y78.936 E.02529
G1 X140.466 Y78.889 E.04001
G1 X139.821 Y79.534 E.02934
G1 X139.868 Y80.778 E.04001
G1 X139.222 Y81.423 E.02934
G1 X137.979 Y81.376 E.04001
G1 X137.334 Y82.021 E.02934
G1 X137.38 Y83.265 E.04001
G1 X136.735 Y83.91 E.02934
G1 X135.492 Y83.863 E.04001
G1 X134.847 Y84.508 E.02934
G1 X134.893 Y85.752 E.04001
G1 X134.248 Y86.397 E.02934
G1 X133.005 Y86.35 E.04001
G1 X132.36 Y86.995 E.02934
G1 X132.406 Y88.239 E.04001
G1 X131.761 Y88.884 E.02934
G1 X130.518 Y88.837 E.04001
G1 X129.873 Y89.482 E.02934
G1 X129.919 Y90.726 E.04001
G1 X129.274 Y91.371 E.02934
G1 X128.031 Y91.324 E.04001
G1 X127.386 Y91.969 E.02934
G1 X127.432 Y93.213 E.04001
G1 X126.787 Y93.858 E.02934
G1 X125.544 Y93.811 E.04001
G1 X124.899 Y94.456 E.02934
G1 X124.945 Y95.7 E.04001
G1 X124.3 Y96.345 E.02934
G1 X123.057 Y96.298 E.04001
G1 X122.412 Y96.943 E.02934
G1 X122.458 Y98.187 E.04001
G1 X121.813 Y98.832 E.02934
G1 X120.57 Y98.785 E.04001
G1 X119.925 Y99.43 E.02934
G1 X119.971 Y100.674 E.04001
G1 X119.326 Y101.319 E.02934
G1 X118.083 Y101.272 E.04001
G1 X117.438 Y101.917 E.02934
G1 X117.484 Y103.161 E.04001
G1 X116.839 Y103.806 E.02934
G1 X115.596 Y103.759 E.04001
G1 X114.951 Y104.404 E.02934
G1 X114.997 Y105.648 E.04001
G1 X114.352 Y106.293 E.02934
G1 X113.109 Y106.246 E.04001
G1 X112.464 Y106.891 E.02934
G1 X112.51 Y108.135 E.04001
G1 X111.865 Y108.78 E.02934
G1 X110.622 Y108.733 E.04001
G1 X109.977 Y109.378 E.02934
G1 X110.023 Y110.622 E.04001
G1 X109.378 Y111.267 E.02934
G1 X108.135 Y111.22 E.04001
G1 X107.49 Y111.865 E.02934
G1 X107.536 Y113.109 E.04001
G1 X106.891 Y113.754 E.02934
G1 X105.648 Y113.707 E.04001
G1 X105.003 Y114.352 E.02934
G1 X105.049 Y115.596 E.04001
G1 X104.404 Y116.241 E.02934
G1 X103.161 Y116.194 E.04001
G1 X102.516 Y116.839 E.02934
G1 X102.562 Y118.083 E.04001
G1 X101.917 Y118.728 E.02934
G1 X100.674 Y118.681 E.04001
G1 X100.029 Y119.326 E.02934
G1 X100.075 Y120.57 E.04001
G1 X99.43 Y121.215 E.02934
G1 X98.187 Y121.168 E.04001
G1 X97.542 Y121.813 E.02934
G1 X97.588 Y123.057 E.04001
G1 X96.943 Y123.702 E.02934
G1 X96.225 Y123.675 E.0231
G2 X95.075 Y122.36 I-4.719 J2.969 E.0564
G1 X95.055 Y121.813 E.01761
G1 X95.7 Y121.168 E.02934
G1 X96.943 Y121.215 E.04001
G1 X97.588 Y120.57 E.02934
G1 X97.542 Y119.326 E.04001
G1 X98.187 Y118.681 E.02934
G1 X99.43 Y118.728 E.04001
G1 X100.075 Y118.083 E.02934
G1 X100.029 Y116.839 E.04001
G1 X100.674 Y116.194 E.02934
G1 X101.917 Y116.241 E.04001
G1 X102.562 Y115.596 E.02934
G1 X102.516 Y114.352 E.04001
G1 X103.161 Y113.707 E.02934
G1 X104.404 Y113.754 E.04001
G1 X105.049 Y113.109 E.02934
G1 X105.003 Y111.865 E.04001
G1 X105.648 Y111.22 E.02934
G1 X106.891 Y111.267 E.04001
G1 X107.536 Y110.622 E.02934
G1 X107.49 Y109.378 E.04001
G1 X108.135 Y108.733 E.02934
G1 X109.378 Y108.78 E.04001
G1 X110.023 Y108.135 E.02934
G1 X109.977 Y106.891 E.04001
G1 X110.622 Y106.246 E.02934
G1 X111.865 Y106.293 E.04001
G1 X112.51 Y105.648 E.02934
G1 X112.464 Y104.404 E.04001
G1 X113.109 Y103.759 E.02934
G1 X114.352 Y103.806 E.04001
G1 X114.997 Y103.161 E.02934
G1 X114.951 Y101.917 E.04001
G1 X115.596 Y101.272 E.02934
G1 X116.839 Y101.319 E.04001
G1 X117.484 Y100.674 E.02934
G1 X117.438 Y99.43 E.04001
G1 X118.083 Y98.785 E.02934
G1 X119.326 Y98.832 E.04001
G1 X119.971 Y98.187 E.02934
G1 X119.925 Y96.943 E.04001
G1 X120.57 Y96.298 E.02934
G1 X121.813 Y96.345 E.04001
G1 X122.458 Y95.7 E.02934
G1 X122.412 Y94.456 E.04001
G1 X123.057 Y93.811 E.02934
G1 X124.3 Y93.858 E.04001
G1 X124.945 Y93.213 E.02934
G1 X124.899 Y91.969 E.04001
G1 X125.544 Y91.324 E.02934
G1 X126.787 Y91.371 E.04001
G1 X127.432 Y90.726 E.02934
G1 X127.386 Y89.482 E.04001
G1 X128.031 Y88.837 E.02934
G1 X129.274 Y88.884 E.04001
G1 X129.919 Y88.239 E.02934
G1 X129.873 Y86.995 E.04001
G1 X130.518 Y86.35 E.02934
G1 X131.761 Y86.397 E.04001
G1 X132.406 Y85.752 E.02934
G1 X132.36 Y84.508 E.04001
G1 X133.005 Y83.863 E.02934
G1 X134.248 Y83.91 E.04001
G1 X134.893 Y83.265 E.02934
G1 X134.847 Y82.021 E.04001
G1 X135.492 Y81.376 E.02934
G1 X136.735 Y81.423 E.04001
G1 X137.38 Y80.778 E.02934
G1 X137.334 Y79.534 E.04001
G1 X137.979 Y78.889 E.02934
G1 X139.222 Y78.936 E.04001
G1 X139.868 Y78.291 E.02934
G1 X139.821 Y77.047 E.04001
G1 X140.133 Y76.735 E.01421
G1 X137.646 Y76.735 E.07997
G1 X137.334 Y77.047 E.01421
G1 X137.38 Y78.291 E.04001
G1 X136.735 Y78.936 E.02934
G1 X135.492 Y78.889 E.04001
G1 X134.847 Y79.534 E.02934
G1 X134.893 Y80.778 E.04001
G1 X134.248 Y81.423 E.02934
G1 X133.005 Y81.376 E.04001
G1 X132.36 Y82.021 E.02934
G1 X132.406 Y83.265 E.04001
G1 X131.761 Y83.91 E.02934
G1 X130.518 Y83.863 E.04001
G1 X129.873 Y84.508 E.02934
G1 X129.919 Y85.752 E.04001
G1 X129.274 Y86.397 E.02934
G1 X128.031 Y86.35 E.04001
G1 X127.386 Y86.995 E.02934
G1 X127.432 Y88.239 E.04001
G1 X126.787 Y88.884 E.02934
G1 X125.544 Y88.837 E.04001
G1 X124.899 Y89.482 E.02934
G1 X124.945 Y90.726 E.04001
G1 X124.3 Y91.371 E.02934
G1 X123.057 Y91.324 E.04001
G1 X122.412 Y91.969 E.02934
G1 X122.458 Y93.213 E.04001
G1 X121.813 Y93.858 E.02934
G1 X120.57 Y93.811 E.04001
G1 X119.925 Y94.456 E.02934
G1 X119.971 Y95.7 E.04001
G1 X119.326 Y96.345 E.02934
G1 X118.083 Y96.298 E.04001
G1 X117.438 Y96.943 E.02934
G1 X117.484 Y98.187 E.04001
G1 X116.839 Y98.832 E.02934
G1 X115.596 Y98.785 E.04001
G1 X114.951 Y99.43 E.02934
G1 X114.997 Y100.674 E.04001
G1 X114.352 Y101.319 E.02934
G1 X113.109 Y101.272 E.04001
G1 X112.464 Y101.917 E.02934
G1 X112.51 Y103.161 E.04001
G1 X111.865 Y103.806 E.02934
G1 X110.622 Y103.759 E.04001
G1 X109.977 Y104.404 E.02934
G1 X110.023 Y105.648 E.04001
G1 X109.378 Y106.293 E.02934
G1 X108.135 Y106.246 E.04001
G1 X107.49 Y106.891 E.02934
G1 X107.536 Y108.135 E.04001
G1 X106.891 Y108.78 E.02934
G1 X105.648 Y108.733 E.04001
G1 X105.003 Y109.378 E.02934
G1 X105.049 Y110.622 E.04001
G1 X104.404 Y111.267 E.02934
G1 X103.161 Y111.22 E.04001
G1 X102.516 Y111.865 E.02934
G1 X102.562 Y113.109 E.04001
G1 X101.917 Y113.754 E.02934
G1 X100.674 Y113.707 E.04001
G1 X100.029 Y114.352 E.02934
G1 X100.075 Y115.596 E.04001
G1 X99.43 Y116.241 E.02934
G1 X98.187 Y116.194 E.04001
G1 X97.542 Y116.839 E.02934
G1 X97.588 Y118.083 E.04001
G1 X96.943 Y118.728 E.02934
G1 X95.7 Y118.681 E.04001
G1 X95.055 Y119.326 E.02934
G1 X95.101 Y120.57 E.04001
G1 X94.456 Y121.215 E.02934
G3 X92.384 Y120.8 I-.377 J-3.492 E.06901
G1 X92.614 Y120.57 E.01045
G1 X92.568 Y119.326 E.04001
G1 X93.213 Y118.681 E.02934
G1 X94.456 Y118.728 E.04001
G1 X95.101 Y118.083 E.02934
G1 X95.055 Y116.839 E.04001
G1 X95.7 Y116.194 E.02934
G1 X96.943 Y116.241 E.04001
G1 X97.588 Y115.596 E.02934
G1 X97.542 Y114.352 E.04001
G1 X98.187 Y113.707 E.02934
G1 X99.43 Y113.754 E.04001
G1 X100.075 Y113.109 E.02934
G1 X100.029 Y111.865 E.04001
G1 X100.674 Y111.22 E.02934
G1 X101.917 Y111.267 E.04001
G1 X102.562 Y110.622 E.02934
G1 X102.516 Y109.378 E.04001
G1 X103.161 Y108.733 E.02934
G1 X104.404 Y108.78 E.04001
G1 X105.049 Y108.135 E.02934
G1 X105.003 Y106.891 E.04001
G1 X105.648 Y106.246 E.02934
G1 X106.891 Y106.293 E.04001
G1 X107.536 Y105.648 E.02934
G1 X107.49 Y104.404 E.04001
G1 X108.135 Y103.759 E.02934
G1 X109.378 Y103.806 E.04001
G1 X110.023 Y103.161 E.02934
G1 X109.977 Y101.917 E.04001
G1 X110.622 Y101.272 E.02934
G1 X111.865 Y101.319 E.04001
G1 X112.51 Y100.674 E.02934
G1 X112.464 Y99.43 E.04001
G1 X113.109 Y98.785 E.02934
G1 X114.352 Y98.832 E.04001
G1 X114.997 Y98.187 E.02934
G1 X114.951 Y96.943 E.04001
G1 X115.596 Y96.298 E.02934
G1 X116.839 Y96.345 E.04001
G1 X117.484 Y95.7 E.02934
G1 X117.438 Y94.456 E.04001
G1 X118.083 Y93.811 E.02934
G1 X119.326 Y93.858 E.04001
G1 X119.971 Y93.213 E.02934
G1 X119.925 Y91.969 E.04001
G1 X120.57 Y91.324 E.02934
G1 X121.813 Y91.371 E.04001
G1 X122.458 Y90.726 E.02934
G1 X122.412 Y89.482 E.04001
G1 X123.057 Y88.837 E.02934
G1 X124.3 Y88.884 E.04001
G1 X124.945 Y88.239 E.02934
G1 X124.899 Y86.995 E.04001
G1 X125.544 Y86.35 E.02934
G1 X126.787 Y86.397 E.04001
G1 X127.432 Y85.752 E.02934
G1 X127.386 Y84.508 E.04001
G1 X128.031 Y83.863 E.02934
G1 X129.274 Y83.91 E.04001
G1 X129.919 Y83.265 E.02934
G1 X129.873 Y82.021 E.04001
G1 X130.518 Y81.376 E.02934
G1 X131.761 Y81.423 E.04001
G1 X132.406 Y80.778 E.02934
G1 X132.36 Y79.534 E.04001
G1 X133.005 Y78.889 E.02934
G1 X134.248 Y78.936 E.04001
G1 X134.893 Y78.291 E.02934
G1 X134.847 Y77.047 E.04001
G1 X135.159 Y76.735 E.01421
G1 X132.672 Y76.735 E.07997
G1 X132.36 Y77.047 E.01421
G1 X132.406 Y78.291 E.04001
G1 X131.761 Y78.936 E.02934
G1 X130.518 Y78.889 E.04001
G1 X129.873 Y79.534 E.02934
G1 X129.919 Y80.778 E.04001
G1 X129.274 Y81.423 E.02934
G1 X128.031 Y81.376 E.04001
G1 X127.386 Y82.021 E.02934
G1 X127.432 Y83.265 E.04001
G1 X126.787 Y83.91 E.02934
G1 X125.544 Y83.863 E.04001
G1 X124.899 Y84.508 E.02934
G1 X124.945 Y85.752 E.04001
G1 X124.3 Y86.397 E.02934
G1 X123.057 Y86.35 E.04001
G1 X122.412 Y86.995 E.02934
G1 X122.458 Y88.239 E.04001
G1 X121.813 Y88.884 E.02934
G1 X120.57 Y88.837 E.04001
G1 X119.925 Y89.482 E.02934
G1 X119.971 Y90.726 E.04001
G1 X119.326 Y91.371 E.02934
G1 X118.083 Y91.324 E.04001
G1 X117.438 Y91.969 E.02934
G1 X117.484 Y93.213 E.04001
G1 X116.839 Y93.858 E.02934
G1 X115.596 Y93.811 E.04001
G1 X114.951 Y94.456 E.02934
G1 X114.997 Y95.7 E.04001
G1 X114.352 Y96.345 E.02934
G1 X113.109 Y96.298 E.04001
G1 X112.464 Y96.943 E.02934
G1 X112.51 Y98.187 E.04001
G1 X111.865 Y98.832 E.02934
G1 X110.622 Y98.785 E.04001
G1 X109.977 Y99.43 E.02934
G1 X110.023 Y100.674 E.04001
G1 X109.378 Y101.319 E.02934
G1 X108.135 Y101.272 E.04001
G1 X107.49 Y101.917 E.02934
G1 X107.536 Y103.161 E.04001
G1 X106.891 Y103.806 E.02934
G1 X105.648 Y103.759 E.04001
G1 X105.003 Y104.404 E.02934
G1 X105.049 Y105.648 E.04001
G1 X104.404 Y106.293 E.02934
G1 X103.161 Y106.246 E.04001
G1 X102.516 Y106.891 E.02934
G1 X102.562 Y108.135 E.04001
G1 X101.917 Y108.78 E.02934
G1 X100.674 Y108.733 E.04001
G1 X100.029 Y109.378 E.02934
G1 X100.075 Y110.622 E.04001
G1 X99.43 Y111.267 E.02934
G1 X98.187 Y111.22 E.04001
G1 X97.542 Y111.865 E.02934
G1 X97.588 Y113.109 E.04001
G1 X96.943 Y113.754 E.02934
G1 X95.7 Y113.707 E.04001
G1 X95.055 Y114.352 E.02934
G1 X95.101 Y115.596 E.04001
G1 X94.456 Y116.241 E.02934
G1 X93.213 Y116.194 E.04001
G1 X92.568 Y116.839 E.02934
G1 X92.614 Y118.083 E.04001
G1 X91.969 Y118.728 E.02934
G1 X90.726 Y118.681 E.04001
G1 X90.081 Y119.326 E.02934
G1 X90.122 Y120.419 E.03517
G2 X87.473 Y120.854 I.096 J8.867 E.08666
G1 X95.363 Y123.16 F18000
;TYPE:Internal solid infill
;WIDTH:0.38292
G1 F6000
G2 X95.839 Y123.747 I-5.359 J4.836 E1.19781
G1 X95.4 Y123.207 E.0187
G1 X96.336 Y123.846 F18000
;TYPE:Sparse infill
;WIDTH:0.45
G1 F6205.95
G3 X97.271 Y125.861 I-5.214 J3.642 E.07181
G1 X97.588 Y125.544 E.01444
G1 X97.542 Y124.3 E.04001
G1 X98.187 Y123.655 E.02934
G1 X99.43 Y123.702 E.04001
G1 X100.075 Y123.057 E.02934
G1 X100.029 Y121.813 E.04001
G1 X100.674 Y121.168 E.02934
G1 X101.917 Y121.215 E.04001
G1 X102.562 Y120.57 E.02934
G1 X102.516 Y119.326 E.04001
G1 X103.161 Y118.681 E.02934
G1 X104.404 Y118.728 E.04001
G1 X105.049 Y118.083 E.02934
G1 X105.003 Y116.839 E.04001
G1 X105.648 Y116.194 E.02934
G1 X106.891 Y116.241 E.04001
G1 X107.536 Y115.596 E.02934
G1 X107.49 Y114.352 E.04001
G1 X108.135 Y113.707 E.02934
G1 X109.378 Y113.754 E.04001
G1 X110.023 Y113.109 E.02934
G1 X109.977 Y111.865 E.04001
G1 X110.622 Y111.22 E.02934
G1 X111.865 Y111.267 E.04001
G1 X112.51 Y110.622 E.02934
G1 X112.464 Y109.378 E.04001
G1 X113.109 Y108.733 E.02934
G1 X114.352 Y108.78 E.04001
G1 X114.997 Y108.135 E.02934
G1 X114.951 Y106.891 E.04001
G1 X115.596 Y106.246 E.02934
G1 X116.839 Y106.293 E.04001
G1 X117.484 Y105.648 E.02934
G1 X117.438 Y104.404 E.04001
G1 X118.083 Y103.759 E.02934
G1 X119.326 Y103.806 E.04001
G1 X119.971 Y103.161 E.02934
G1 X119.925 Y101.917 E.04001
G1 X120.57 Y101.272 E.02934
G1 X121.813 Y101.319 E.04001
G1 X122.458 Y100.674 E.02934
G1 X122.412 Y99.43 E.04001
G1 X123.057 Y98.785 E.02934
G1 X124.3 Y98.832 E.04001
G1 X124.945 Y98.187 E.02934
G1 X124.899 Y96.943 E.04001
G1 X125.544 Y96.298 E.02934
G1 X126.787 Y96.345 E.04001
G1 X127.432 Y95.7 E.02934
G1 X127.386 Y94.456 E.04001
G1 X128.031 Y93.811 E.02934
G1 X129.274 Y93.858 E.04001
G1 X129.919 Y93.213 E.02934
G1 X129.873 Y91.969 E.04001
G1 X130.518 Y91.324 E.02934
G1 X131.761 Y91.371 E.04001
G1 X132.406 Y90.726 E.02934
G1 X132.36 Y89.482 E.04001
G1 X133.005 Y88.837 E.02934
G1 X134.248 Y88.884 E.04001
G1 X134.893 Y88.239 E.02934
G1 X134.847 Y86.995 E.04001
G1 X135.492 Y86.35 E.02934
G1 X136.735 Y86.397 E.04001
G1 X137.38 Y85.752 E.02934
G1 X137.334 Y84.508 E.04001
G1 X137.979 Y83.863 E.02934
G1 X139.222 Y83.91 E.04001
G1 X139.868 Y83.265 E.02934
G1 X139.821 Y82.021 E.04001
G1 X140.466 Y81.376 E.02934
G1 X141.709 Y81.423 E.04001
G1 X142.265 Y80.867 E.02529
G1 X142.265 Y83.354 E.07997
G1 X141.709 Y83.91 E.02529
G1 X140.466 Y83.863 E.04001
G1 X139.821 Y84.508 E.02934
G1 X139.868 Y85.752 E.04001
G1 X139.222 Y86.397 E.02934
G1 X137.979 Y86.35 E.04001
G1 X137.334 Y86.995 E.02934
G1 X137.38 Y88.239 E.04001
G1 X136.735 Y88.884 E.02934
G1 X135.492 Y88.837 E.04001
G1 X134.847 Y89.482 E.02934
G1 X134.893 Y90.726 E.04001
G1 X134.248 Y91.371 E.02934
G1 X133.005 Y91.324 E.04001
G1 X132.36 Y91.969 E.02934
G1 X132.406 Y93.213 E.04001
G1 X131.761 Y93.858 E.02934
G1 X130.518 Y93.811 E.04001
G1 X129.873 Y94.456 E.02934
G1 X129.919 Y95.7 E.04001
G1 X129.274 Y96.345 E.02934
G1 X128.031 Y96.298 E.04001
G1 X127.386 Y96.943 E.02934
G1 X127.432 Y98.187 E.04001
G1 X126.787 Y98.832 E.02934
G1 X125.544 Y98.785 E.04001
G1 X124.899 Y99.43 E.02934
G1 X124.945 Y100.674 E.04001
G1 X124.3 Y101.319 E.02934
G1 X123.057 Y101.272 E.04001
G1 X122.412 Y101.917 E.02934
G1 X122.458 Y103.161 E.04001
G1 X121.813 Y103.806 E.02934
G1 X120.57 Y103.759 E.04001
G1 X119.925 Y104.404 E.02934
G1 X119.971 Y105.648 E.04001
G1 X119.326 Y106.293 E.02934
G1 X118.083 Y106.246 E.04001
G1 X117.438 Y106.891 E.02934
G1 X117.484 Y108.135 E.04001
G1 X116.839 Y108.78 E.02934
G1 X115.596 Y108.733 E.04001
G1 X114.951 Y109.378 E.02934
G1 X114.997 Y110.622 E.04001
G1 X114.352 Y111.267 E.02934
G1 X113.109 Y111.22 E.04001
G1 X112.464 Y111.865 E.02934
G1 X112.51 Y113.109 E.04001
G1 X111.865 Y113.754 E.02934
G1 X110.622 Y113.707 E.04001
G1 X109.977 Y114.352 E.02934
G1 X110.023 Y115.596 E.04001
G1 X109.378 Y116.241 E.02934
G1 X108.135 Y116.194 E.04001
G1 X107.49 Y116.839 E.02934
G1 X107.536 Y118.083 E.04001
G1 X106.891 Y118.728 E.02934
G1 X105.648 Y118.681 E.04001
G1 X105.003 Y119.326 E.02934
G1 X105.049 Y120.57 E.04001
G1 X104.404 Y121.215 E.02934
G1 X103.161 Y121.168 E.04001
G1 X102.516 Y121.813 E.02934
G1 X102.562 Y123.057 E.04001
G1 X101.917 Y123.702 E.02934
G1 X100.674 Y123.655 E.04001
G1 X100.029 Y124.3 E.02934
G1 X100.075 Y125.544 E.04001
G1 X99.43 Y126.189 E.02934
G1 X98.187 Y126.142 E.04001
G1 X97.542 Y126.787 E.02934
G1 X97.585 Y128.034 E.04011
G3 X97.542 Y128.813 I-3.727 J.185 E.02514
G1 X95.228 Y131.798 F18000
G1 X94.802 Y132.324
G1 X94.324 Y132.802
G1 X93.798 Y133.228
G1 X93.231 Y133.596
G1 X92.628 Y133.903
G1 X91.997 Y134.145
G1 X91.343 Y134.32
G1 X90.675 Y134.426
G1 X90 Y134.462
G1 X89.325 Y134.426
G1 X88.657 Y134.32
G1 X77.735 Y131.876
G1 F6205.95
G1 X77.735 Y134.159 E.07343
G1 X78.291 Y133.603 E.02529
G1 X79.534 Y133.65 E.04001
G1 X80.179 Y133.005 E.02934
G1 X80.132 Y131.761 E.04001
G1 X80.778 Y131.116 E.02934
G1 X82.021 Y131.163 E.04001
G1 X82.666 Y130.518 E.02934
G2 X82.427 Y128.27 I-60.756 J5.326 E.0727
G1 X82.021 Y128.676 E.01846
G1 X80.778 Y128.629 E.04001
G1 X80.132 Y129.274 E.02934
G1 X80.179 Y130.518 E.04001
G1 X79.534 Y131.163 E.02934
G1 X78.291 Y131.116 E.04001
G1 X77.735 Y131.672 E.02529
G1 X77.735 Y129.389 E.07343
G1 X82.482 Y112.554 F18000
G1 F6205.95
G3 X80.081 Y113.207 I-1.986 J-2.566 E.08211
G1 X79.534 Y113.754 E.02489
G1 X78.291 Y113.707 E.04001
G1 X77.735 Y114.263 E.02529
G1 X77.735 Y111.677 E.08317
G2 X79.88 Y113.175 I2.778 J-1.694 E.0866
G1 X78.671 Y111.056 F18000
G1 X78.571 Y110.859
G1 X78.492 Y110.652
G1 X78.434 Y110.439
G1 X78.4 Y110.221
G1 X77.735 Y99.545
G1 F6205.95
G1 X77.735 Y101.828 E.07343
G1 X78.291 Y101.272 E.02529
G1 X79.534 Y101.319 E.04001
G1 X80.179 Y100.674 E.02934
G1 X80.132 Y99.43 E.04001
G1 X80.778 Y98.785 E.02934
G1 X82.021 Y98.832 E.04001
G1 X82.666 Y98.187 E.02934
G1 X82.62 Y96.943 E.04001
G1 X83.265 Y96.298 E.02934
G1 X84.508 Y96.345 E.04001
G1 X85.153 Y95.7 E.02934
G1 X85.107 Y94.456 E.04001
G1 X85.752 Y93.811 E.02934
G1 X86.995 Y93.858 E.04001
G1 X87.64 Y93.213 E.02934
G1 X87.594 Y91.969 E.04001
G1 X88.239 Y91.324 E.02934
G1 X89.482 Y91.371 E.04001
G1 X90.127 Y90.726 E.02934
G1 X90.081 Y89.482 E.04001
G1 X90.726 Y88.837 E.02934
G1 X91.969 Y88.884 E.04001
G1 X92.614 Y88.239 E.02934
G1 X92.568 Y86.995 E.04001
G1 X93.213 Y86.35 E.02934
G1 X94.456 Y86.397 E.04001
G1 X95.101 Y85.752 E.02934
G1 X95.055 Y84.508 E.04001
G1 X95.7 Y83.863 E.02934
G1 X96.943 Y83.91 E.04001
G1 X97.588 Y83.265 E.02934
G1 X97.542 Y82.021 E.04001
G1 X98.187 Y81.376 E.02934
G1 X99.43 Y81.423 E.04001
G1 X100.075 Y80.778 E.02934
G1 X100.029 Y79.534 E.04001
G1 X100.674 Y78.889 E.02934
G1 X101.917 Y78.936 E.04001
G1 X102.562 Y78.291 E.02934
G1 X102.516 Y77.047 E.04001
G1 X102.828 Y76.735 E.01421
G1 X100.341 Y76.735 E.07997
G1 X100.029 Y77.047 E.01421
G1 X100.075 Y78.291 E.04001
G1 X99.43 Y78.936 E.02934
G1 X98.187 Y78.889 E.04001
G1 X97.542 Y79.534 E.02934
G1 X97.588 Y80.778 E.04001
G1 X96.943 Y81.423 E.02934
G1 X95.7 Y81.376 E.04001
G1 X95.055 Y82.021 E.02934
G1 X95.101 Y83.265 E.04001
G1 X94.456 Y83.91 E.02934
G1 X93.213 Y83.863 E.04001
G1 X92.568 Y84.508 E.02934
G1 X92.614 Y85.752 E.04001
G1 X91.969 Y86.397 E.02934
G1 X90.726 Y86.35 E.04001
G1 X90.081 Y86.995 E.02934
G1 X90.127 Y88.239 E.04001
G1 X89.482 Y88.884 E.02934
G1 X88.239 Y88.837 E.04001
G1 X87.594 Y89.482 E.02934
G1 X87.64 Y90.726 E.04001
G1 X86.995 Y91.371 E.02934
G1 X85.752 Y91.324 E.04001
G1 X85.107 Y91.969 E.02934
G1 X85.153 Y93.213 E.04001
G1 X84.508 Y93.858 E.02934
G1 X83.265 Y93.811 E.04001
G1 X82.62 Y94.456 E.02934
G1 X82.666 Y95.7 E.04001
G1 X82.021 Y96.345 E.02934
G1 X80.778 Y96.298 E.04001
G1 X80.132 Y96.943 E.02934
G1 X80.179 Y98.187 E.04001
G1 X79.534 Y98.832 E.02934
G1 X78.291 Y98.785 E.04001
G1 X77.735 Y99.341 E.02529
G1 X77.735 Y96.854 E.07997
G1 X78.291 Y96.298 E.02529
G1 X79.534 Y96.345 E.04001
G1 X80.179 Y95.7 E.02934
G1 X80.132 Y94.456 E.04001
G1 X80.778 Y93.811 E.02934
G1 X82.021 Y93.858 E.04001
G1 X82.666 Y93.213 E.02934
G1 X82.62 Y91.969 E.04001
G1 X83.265 Y91.324 E.02934
G1 X84.508 Y91.371 E.04001
G1 X85.153 Y90.726 E.02934
G1 X85.107 Y89.482 E.04001
G1 X85.752 Y88.837 E.02934
G1 X86.995 Y88.884 E.04001
G1 X87.64 Y88.239 E.02934
G1 X87.594 Y86.995 E.04001
G1 X88.239 Y86.35 E.02934
G1 X89.482 Y86.397 E.04001
G1 X90.127 Y85.752 E.02934
G1 X90.081 Y84.508 E.04001
G1 X90.726 Y83.863 E.02934
G1 X91.969 Y83.91 E.04001
G1 X92.614 Y83.265 E.02934
G1 X92.568 Y82.021 E.04001
G1 X93.213 Y81.376 E.02934
G1 X94.456 Y81.423 E.04001
G1 X95.101 Y80.778 E.02934
G1 X95.055 Y79.534 E.04001
G1 X95.7 Y78.889 E.02934
G1 X96.943 Y78.936 E.04001
G1 X97.588 Y78.291 E.02934
G1 X97.542 Y77.047 E.04001
G1 X97.854 Y76.735 E.01421
G1 X95.367 Y76.735 E.07997
G1 X95.055 Y77.047 E.01421
G1 X95.101 Y78.291 E.04001
G1 X94.456 Y78.936 E.02934
G1 X93.213 Y78.889 E.04001
G1 X92.568 Y79.534 E.02934
G1 X92.614 Y80.778 E.04001
G1 X91.969 Y81.423 E.02934
G1 X90.726 Y81.376 E.04001
G1 X90.081 Y82.021 E.02934
G1 X90.127 Y83.265 E.04001
G1 X89.482 Y83.91 E.02934
G1 X88.239 Y83.863 E.04001
G1 X87.594 Y84.508 E.02934
G1 X87.64 Y85.752 E.04001
G1 X86.995 Y86.397 E.02934
G1 X85.752 Y86.35 E.04001
G1 X85.107 Y86.995 E.02934
G1 X85.153 Y88.239 E.04001
G1 X84.508 Y88.884 E.02934
G1 X83.265 Y88.837 E.04001
G1 X82.62 Y89.482 E.02934
G1 X82.666 Y90.726 E.04001
G1 X82.021 Y91.371 E.02934
G1 X80.778 Y91.324 E.04001
G1 X80.132 Y91.969 E.02934
G1 X80.179 Y93.213 E.04001
G1 X79.534 Y93.858 E.02934
G1 X78.291 Y93.811 E.04001
G1 X77.735 Y94.367 E.02529
G1 X77.735 Y91.88 E.07997
G1 X78.291 Y91.324 E.02529
G1 X79.534 Y91.371 E.04001
G1 X80.179 Y90.726 E.02934
G1 X80.132 Y89.482 E.04001
G1 X80.778 Y88.837 E.02934
G1 X82.021 Y88.884 E.04001
G1 X82.666 Y88.239 E.02934
G1 X82.62 Y86.995 E.04001
G1 X83.265 Y86.35 E.02934
G1 X84.508 Y86.397 E.04001
G1 X85.153 Y85.752 E.02934
G1 X85.107 Y84.508 E.04001
G1 X85.752 Y83.863 E.02934
G1 X86.995 Y83.91 E.04001
G1 X87.64 Y83.265 E.02934
G1 X87.594 Y82.021 E.04001
G1 X88.239 Y81.376 E.02934
G1 X89.482 Y81.423 E.04001
G1 X90.127 Y80.778 E.02934
G1 X90.081 Y79.534 E.04001
G1 X90.726 Y78.889 E.02934
G1 X91.969 Y78.936 E.04001
G1 X92.614 Y78.291 E.02934
G1 X92.568 Y77.047 E.04001
G1 X92.88 Y76.735 E.01421
G1 X90.393 Y76.735 E.07997
G1 X90.081 Y77.047 E.01421
G1 X90.127 Y78.291 E.04001
G1 X89.482 Y78.936 E.02934
G1 X88.239 Y78.889 E.04001
G1 X87.594 Y79.534 E.02934
G1 X87.64 Y80.778 E.04001
G1 X86.995 Y81.423 E.02934
G1 X85.752 Y81.376 E.04001
G1 X85.107 Y82.021 E.02934
G1 X85.153 Y83.265 E.04001
G1 X84.508 Y83.91 E.02934
G1 X83.265 Y83.863 E.04001
G1 X82.62 Y84.508 E.02934
G1 X82.666 Y85.752 E.04001
G1 X82.021 Y86.397 E.02934
G1 X80.778 Y86.35 E.04001
G1 X80.132 Y86.995 E.02934
G1 X80.179 Y88.239 E.04001
G1 X79.534 Y88.884 E.02934
G1 X78.291 Y88.837 E.04001
G1 X77.735 Y89.393 E.02529
G1 X77.735 Y86.906 E.07997
G1 X78.291 Y86.35 E.02529
G1 X79.534 Y86.397 E.04001
G1 X80.179 Y85.752 E.02934
G1 X80.133 Y84.508 E.04001
G1 X80.778 Y83.863 E.02934
G1 X82.021 Y83.91 E.04001
G1 X82.666 Y83.265 E.02934
G1 X82.62 Y82.021 E.04001
G1 X83.265 Y81.376 E.02934
G1 X84.508 Y81.423 E.04001
G1 X85.153 Y80.778 E.02934
G1 X85.107 Y79.534 E.04001
G1 X85.752 Y78.889 E.02934
G1 X86.995 Y78.936 E.04001
G1 X87.64 Y78.291 E.02934
G1 X87.594 Y77.047 E.04001
G1 X87.906 Y76.735 E.01421
G1 X85.419 Y76.735 E.07997
G1 X85.107 Y77.047 E.01421
G1 X85.153 Y78.291 E.04001
G1 X84.508 Y78.936 E.02934
G1 X83.265 Y78.889 E.04001
G1 X82.62 Y79.534 E.02934
G1 X82.666 Y80.778 E.04001
G1 X82.021 Y81.423 E.02934
G1 X80.778 Y81.376 E.04001
G1 X80.133 Y82.021 E.02934
G1 X80.179 Y83.265 E.04001
G1 X79.534 Y83.91 E.02934
G1 X78.291 Y83.863 E.04001
G1 X77.735 Y84.419 E.02529
G1 X77.735 Y81.932 E.07997
G1 X78.291 Y81.376 E.02529
G1 X79.534 Y81.423 E.04001
G1 X80.179 Y80.778 E.02934
G1 X80.133 Y79.534 E.04001
G1 X80.778 Y78.889 E.02934
G1 X82.021 Y78.936 E.04001
G1 X82.666 Y78.291 E.02934
G1 X82.62 Y77.047 E.04001
G1 X82.932 Y76.735 E.01421
G1 X80.445 Y76.735 E.07997
G1 X80.133 Y77.047 E.01421
G1 X80.179 Y78.291 E.04001
G1 X79.534 Y78.936 E.02934
G1 X78.291 Y78.889 E.04001
G1 X77.735 Y79.445 E.02529
G1 X77.735 Y78.045 E.04501
G3 X78.487 Y76.849 I1.438 J.07 E.04751
G3 X80.242 Y76.735 I1.165 J4.359 E.05689
G1 X107.599 Y76.735 F18000
G1 F6205.95
G1 X105.315 Y76.735 E.07343
G1 X105.003 Y77.047 E.01421
G1 X105.049 Y78.291 E.04001
G1 X104.404 Y78.936 E.02934
G1 X103.161 Y78.889 E.04001
G1 X102.516 Y79.534 E.02934
G1 X102.562 Y80.778 E.04001
G1 X101.917 Y81.423 E.02934
G1 X100.674 Y81.376 E.04001
G1 X100.029 Y82.021 E.02934
G1 X100.075 Y83.265 E.04001
G1 X99.43 Y83.91 E.02934
G1 X98.187 Y83.863 E.04001
G1 X97.542 Y84.508 E.02934
G1 X97.588 Y85.752 E.04001
G1 X96.943 Y86.397 E.02934
G1 X95.7 Y86.35 E.04001
G1 X95.055 Y86.995 E.02934
G1 X95.101 Y88.239 E.04001
G1 X94.456 Y88.884 E.02934
G1 X93.213 Y88.837 E.04001
G1 X92.568 Y89.482 E.02934
G1 X92.614 Y90.726 E.04001
G1 X91.969 Y91.371 E.02934
G1 X90.726 Y91.324 E.04001
G1 X90.081 Y91.969 E.02934
G1 X90.127 Y93.213 E.04001
G1 X89.482 Y93.858 E.02934
G1 X88.239 Y93.811 E.04001
G1 X87.594 Y94.456 E.02934
G1 X87.64 Y95.7 E.04001
G1 X86.995 Y96.345 E.02934
G1 X85.752 Y96.298 E.04001
G1 X85.107 Y96.943 E.02934
G1 X85.153 Y98.187 E.04001
G1 X84.508 Y98.832 E.02934
G1 X83.265 Y98.785 E.04001
G1 X82.62 Y99.43 E.02934
G1 X82.666 Y100.674 E.04001
G1 X82.021 Y101.319 E.02934
G1 X80.778 Y101.272 E.04001
G1 X80.132 Y101.917 E.02934
G1 X80.179 Y103.161 E.04001
G1 X79.534 Y103.806 E.02934
G1 X78.291 Y103.759 E.04001
G1 X77.735 Y104.315 E.02529
G1 X77.735 Y106.802 E.07997
G1 X78.291 Y106.246 E.02529
G1 X79.534 Y106.293 E.04001
G1 X80.179 Y105.648 E.02934
G1 X80.132 Y104.404 E.04001
G1 X80.778 Y103.759 E.02934
G1 X82.021 Y103.806 E.04001
G1 X82.666 Y103.161 E.02934
G1 X82.62 Y101.917 E.04001
G1 X83.265 Y101.272 E.02934
G1 X84.508 Y101.319 E.04001
G1 X85.153 Y100.674 E.02934
G1 X85.107 Y99.43 E.04001
G1 X85.752 Y98.785 E.02934
G1 X86.995 Y98.832 E.04001
G1 X87.64 Y98.187 E.02934
G1 X87.594 Y96.943 E.04001
G1 X88.239 Y96.298 E.02934
G1 X89.482 Y96.345 E.04001
G1 X90.127 Y95.7 E.02934
G1 X90.081 Y94.456 E.04001
G1 X90.726 Y93.811 E.02934
G1 X91.969 Y93.858 E.04001
G1 X92.614 Y93.213 E.02934
G1 X92.568 Y91.969 E.04001
G1 X93.213 Y91.324 E.02934
G1 X94.456 Y91.371 E.04001
G1 X95.101 Y90.726 E.02934
G1 X95.055 Y89.482 E.04001
G1 X95.7 Y88.837 E.02934
G1 X96.943 Y88.884 E.04001
G1 X97.588 Y88.239 E.02934
G1 X97.542 Y86.995 E.04001
G1 X98.187 Y86.35 E.02934
G1 X99.43 Y86.397 E.04001
G1 X100.075 Y85.752 E.02934
G1 X100.029 Y84.508 E.04001
G1 X100.674 Y83.863 E.02934
G1 X101.917 Y83.91 E.04001
G1 X102.562 Y83.265 E.02934
G1 X102.516 Y82.021 E.04001
G1 X103.161 Y81.376 E.02934
G1 X104.404 Y81.423 E.04001
G1 X105.049 Y80.778 E.02934
G1 X105.003 Y79.534 E.04001
G1 X105.648 Y78.889 E.02934
G1 X106.891 Y78.936 E.04001
G1 X107.536 Y78.291 E.02934
G1 X107.49 Y77.047 E.04001
G1 X107.802 Y76.735 E.01421
G1 X110.086 Y76.735 E.07343
; stop printing object esp32_pod_lid.stl id:0 copy 0
;LAYER_CHANGE
;Z:14.24
;HEIGHT:0.2
G92 E0 ; zero the extruded length again
; BEFORE_LAYER_CHANGE 70 @ 14.24mm
G1 E-1.75 F6000
;WIPE_START
G1 F6205.95
G1 X109.086 Y76.735 E-.75
;WIPE_END
; AFTER_LAYER_CHANGE 70 @ 14.24mm
;_SET_FAN_SPEED_CHANGING_LAYER
; printing object esp32_pod_lid.stl id:0 copy 0
G17
G3 Z14.44 I-.55 J.259 P1  F18000
G1 X140.984 Y144.389 Z14.44
G1 X140.995 Y144.79
G1 Z14.24
G1 E2.5 F6000
M204 P1000
;TYPE:Outer wall
;WIDTH:0.42
G1 F3600
G1 X79.005 Y144.79 E1.84644
G3 X76.21 Y141.995 I.004 J-2.8 E.13074
G1 X76.21 Y78.005 E1.90602
G3 X79.005 Y75.21 I2.8 J.005 E.13074
G1 X140.995 Y75.21 E1.84644
G1 X141.292 Y75.226 E.00886
G3 X143.79 Y78.005 I-.294 J2.777 E.12197
G1 X143.79 Y141.995 E1.90601
G3 X141.054 Y144.789 I-2.8 J-.004 E.12895
G1 X141.034 Y144.387 F18000
G1 X140.984 Y144.389
G1 X140.984 Y144.389
G1 X140.984 Y144.398
M204 P1500
;TYPE:Inner wall
;WIDTH:0.45
G1 F6000
G1 X79.016 Y144.398 E1.99268
G3 X76.602 Y141.984 I-.006 J-2.408 E.122
G1 X76.602 Y78.016 E2.057
G3 X79.016 Y75.602 I2.408 J-.006 E.12199
G1 X140.984 Y75.602 E1.99268
G1 X141.251 Y75.616 E.00857
G3 X143.398 Y78.016 I-.259 J2.392 E.11345
G1 X143.398 Y141.984 E2.05699
G3 X141.044 Y144.397 I-2.408 J.006 E.12007
G1 X140.974 Y143.991 F18000
G1 F6000
G1 X79.026 Y143.991 E1.992
G3 X77.009 Y141.974 I-.016 J-2.001 E.10212
G1 X77.009 Y78.026 E2.05631
G3 X79.026 Y76.009 I2.001 J-.016 E.10212
G1 X140.974 Y76.009 E1.992
G1 X141.208 Y76.021 E.00754
G3 X142.991 Y78.026 I-.241 J2.01 E.09432
G1 X142.991 Y141.974 E2.05631
G3 X141.033 Y143.99 I-2.001 J.016 E.1002
G1 E-1.75
;WIPE_START
G1 X140.033 Y143.99 E-.75
;WIPE_END
G1 X140.033 Y144.389 Z14.44 F18000
G1 X139.474 Y112.11
G1 X139.495 Y111.71
G1 Z14.24
G1 E2.5 F6000
M204 P1000
;TYPE:Outer wall
;WIDTH:0.42
G1 F3600
G1 X139.5 Y111.709 E.00016
G2 X139.679 Y108.299 I.01 J-1.709 E.15519
G2 X139.369 Y108.296 I-.167 J1.472 E.00925
G2 X139.145 Y111.669 I.141 J1.703 E.14476
G1 X139.435 Y111.703 E.00869
G1 X139.414 Y112.107 F18000
G1 X139.5 Y112.112
G1 X139.535 Y112.11
G1 X139.535 Y112.099
M204 P1500
;TYPE:Inner wall
;WIDTH:0.45
G1 F6000
G1 X139.937 Y112.058 E.01302
G2 X139.937 Y107.943 I-.429 J-2.058 E.18456
G2 X139.348 Y107.905 I-.439 J2.224 E.01903
G2 X139.475 Y112.102 I.16 J2.096 E.20606
G1 X139.464 Y112.509 F18000
G1 F6000
G1 X139.5 Y112.509 E.00114
G2 X140.276 Y107.612 I.008 J-2.508 E.22857
G2 X139.327 Y107.498 I-.761 J2.331 E.03093
G2 X139.238 Y112.494 I.181 J2.502 E.23887
G1 X139.405 Y112.505 E.00537
G1 E-1.75
;WIPE_START
G1 X139.5 Y112.509 E-.07166
G1 X139.762 Y112.497 E-.19695
G1 X140.022 Y112.456 E-.19719
G1 X140.276 Y112.388 E-.19711
G1 X140.384 Y112.346 E-.08709
;WIPE_END
G1 X140.241 Y111.974 Z14.44 F18000
G1 X81.719 Y111.723
G1 X81.556 Y111.829
G1 X81.359 Y111.929
G1 X81.153 Y112.008
G1 X80.939 Y112.066
G1 X80.721 Y112.1
G1 X80.5 Y112.112
G1 X80.474 Y112.11
G1 X80.495 Y111.71
G1 Z14.24
G1 E2.5 F6000
M204 P1000
;TYPE:Outer wall
;WIDTH:0.42
G1 F3600
G1 X80.5 Y111.709 E.00016
G2 X80.679 Y108.299 I.01 J-1.709 E.15519
G2 X80.369 Y108.296 I-.167 J1.472 E.00925
G2 X80.145 Y111.669 I.141 J1.703 E.14476
G1 X80.435 Y111.703 E.00869
G1 X80.414 Y112.107 F18000
G1 X80.5 Y112.112
G1 X80.535 Y112.11
G1 X80.535 Y112.099
M204 P1500
;TYPE:Inner wall
;WIDTH:0.45
G1 F6000
G1 X80.937 Y112.058 E.01302
G2 X80.937 Y107.943 I-.429 J-2.058 E.18456
G2 X80.348 Y107.905 I-.439 J2.224 E.01903
G2 X80.475 Y112.102 I.16 J2.096 E.20606
G1 X80.464 Y112.509 F18000
G1 F6000
G1 X80.5 Y112.509 E.00114
G2 X81.276 Y107.612 I.008 J-2.508 E.22857
G2 X80.327 Y107.498 I-.761 J2.331 E.03093
G2 X80.238 Y112.494 I.181 J2.502 E.23887
G1 X80.405 Y112.505 E.00537
G1 E-1.75
;WIPE_START
G1 X80.5 Y112.509 E-.07165
G1 X80.762 Y112.497 E-.19695
G1 X81.022 Y112.456 E-.19719
G1 X81.276 Y112.388 E-.19711
G1 X81.384 Y112.346 E-.0871
;WIPE_END
G1 X81.241 Y111.974 Z14.44 F18000
G1 X83.574 Y128.675
G1 X83.68 Y129.343
G1 X83.855 Y129.997
G1 X84.097 Y130.628
G1 X84.404 Y131.231
G1 X84.772 Y131.798
G1 X85.198 Y132.324
G1 X85.676 Y132.802
G1 X86.202 Y133.228
G1 X86.769 Y133.596
G1 X87.372 Y133.903
G1 X88.003 Y134.145
G1 X88.657 Y134.32
G1 X89.325 Y134.426
G1 X89.662 Y134.444
G1 X89.979 Y134.461
G1 X90 Y134.052
G1 Z14.24
G1 E2.5 F6000
M204 P1000
;TYPE:Outer wall
;WIDTH:0.42
G1 F3600
G2 X90 Y121.94 I0 J-6.056 E.56672
G1 X89.53 Y121.964 E.01401
G1 X89.367 Y121.973 E.00489
G2 X89.94 Y134.052 I.633 J6.023 E.54605
G1 X89.919 Y134.457 F18000
G1 X89.98 Y134.461
G1 X89.981 Y134.452
M204 P1500
;TYPE:Inner wall
;WIDTH:0.45
G1 F6000
G1 X90 Y134.444 E.00067
G2 X90 Y121.547 I0 J-6.449 E.65144
G1 X89.51 Y121.573 E.01578
G1 X89.325 Y121.582 E.00594
G2 X89.326 Y134.409 I.674 J6.413 E.60804
G1 X89.921 Y134.448 E.01915
G1 X89.961 Y134.859 F18000
G1 F6000
G1 X90 Y134.851 E.00128
G2 X90 Y121.139 I0 J-6.856 E.69259
G1 X89.489 Y121.166 E.01647
G1 X89.283 Y121.177 E.00663
G2 X89.284 Y134.814 I.717 J6.818 E.64644
G1 X89.901 Y134.855 E.01989
G1 X78.443 Y143.734 F18000
M204 P500
;TYPE:Internal Bridge
;WIDTH:0.379473
;HEIGHT:0.379473
G1 F2250
M106 S127
G3 X77.683 Y142.957 I7.063 J-7.661 E.04858
G3 X77.38 Y142.064 I1.453 J-.991 E.04263
G1 X78.942 Y143.626 E.09869
G2 X79.554 Y143.631 I.353 J-5.851 E.02736
G1 X77.369 Y141.446 E.13807
G1 X77.369 Y140.838 E.02713
G1 X80.162 Y143.631 E.17644
G1 X80.769 Y143.631 E.02713
G1 X77.369 Y140.231 E.21481
G1 X77.369 Y139.624 E.02713
G1 X81.376 Y143.631 E.25318
G1 X81.984 Y143.631 E.02713
G1 X77.369 Y139.016 E.29155
G1 X77.369 Y138.409 E.02713
G1 X82.591 Y143.631 E.32992
G1 X83.198 Y143.631 E.02713
G1 X77.369 Y137.802 E.36828
G1 X77.369 Y137.194 E.02713
G1 X83.806 Y143.631 E.40665
G1 X84.413 Y143.631 E.02713
G1 X77.369 Y136.587 E.44502
G1 X77.369 Y135.979 E.02713
G1 X85.021 Y143.631 E.48339
G1 X85.628 Y143.631 E.02713
G1 X77.369 Y135.372 E.52176
G1 X77.369 Y134.765 E.02713
G1 X86.235 Y143.631 E.56013
G1 X86.843 Y143.631 E.02713
G1 X77.369 Y134.157 E.5985
G1 X77.369 Y133.55 E.02713
G1 X87.45 Y143.631 E.63686
G1 X88.057 Y143.631 E.02713
G1 X77.369 Y132.943 E.67523
G1 X77.369 Y132.335 E.02713
G1 X88.665 Y143.631 E.7136
G1 X89.272 Y143.631 E.02713
G1 X77.369 Y131.728 E.75197
G1 X77.369 Y131.12 E.02713
G1 X89.88 Y143.631 E.79034
G1 X90.487 Y143.631 E.02713
G1 X77.369 Y130.513 E.82871
G1 X77.369 Y129.906 E.02713
G1 X91.094 Y143.631 E.86708
G1 X91.702 Y143.631 E.02713
G1 X77.369 Y129.298 E.90544
G1 X77.369 Y128.691 E.02713
G1 X92.309 Y143.631 E.94381
G1 X92.916 Y143.631 E.02713
G1 X77.369 Y128.084 E.98218
G1 X77.369 Y127.476 E.02713
G1 X93.524 Y143.631 E1.02055
G1 X94.131 Y143.631 E.02713
G1 X77.369 Y126.869 E1.05892
G1 X77.369 Y126.262 E.02713
G1 X94.738 Y143.631 E1.09729
G1 X95.346 Y143.631 E.02713
G1 X77.369 Y125.654 E1.13566
G1 X77.369 Y125.047 E.02713
G1 X83.554 Y131.232 E.39076
G1 X83.747 Y131.61 E.01895
G2 X86.768 Y134.446 I6.193 J-3.571 E.18776
G1 X95.953 Y143.631 E.58027
G1 X96.561 Y143.631 E.02713
G1 X87.807 Y134.877 E.55301
G1 X88.618 Y135.082 E.03739
G1 X97.168 Y143.631 E.5401
G1 X97.775 Y143.631 E.02713
G1 X89.329 Y135.185 E.53354
G1 X89.97 Y135.219 E.02867
G1 X98.383 Y143.631 E.53142
G1 X98.99 Y143.631 E.02713
G1 X90.55 Y135.192 E.53315
G2 X91.093 Y135.127 I-.035 J-2.614 E.02447
G1 X99.597 Y143.631 E.53721
G1 X100.205 Y143.631 E.02713
G1 X91.608 Y135.034 E.5431
G1 X92.087 Y134.906 E.02215
G1 X100.812 Y143.631 E.5512
G1 X101.419 Y143.631 E.02713
G1 X92.538 Y134.75 E.56108
G2 X92.973 Y134.578 I-.599 J-2.157 E.02095
G1 X102.027 Y143.631 E.57193
G1 X102.634 Y143.631 E.02713
G1 X93.376 Y134.373 E.58488
G2 X93.764 Y134.154 I-.85 J-1.958 E.01995
G1 X103.242 Y143.631 E.59873
G1 X103.849 Y143.631 E.02713
G1 X94.132 Y133.914 E.61384
G2 X94.478 Y133.653 I-1.073 J-1.775 E.0194
G1 X104.456 Y143.631 E.63038
G1 X105.064 Y143.631 E.02713
G1 X94.813 Y133.381 E.64755
G2 X95.119 Y133.079 I-1.283 J-1.604 E.01922
G1 X105.671 Y143.631 E.66662
G1 X106.278 Y143.631 E.02713
G1 X95.416 Y132.769 E.68618
G1 X95.688 Y132.434 E.01929
G1 X106.886 Y143.631 E.70738
G1 X107.493 Y143.631 E.02713
G1 X95.946 Y132.084 E.72948
G1 X96.185 Y131.716 E.01961
G1 X108.101 Y143.631 E.75274
G1 X108.708 Y143.631 E.02713
G1 X96.4 Y131.323 E.77754
G2 X96.603 Y130.919 I-1.818 J-1.17 E.02024
G1 X109.315 Y143.631 E.80305
G1 X109.923 Y143.631 E.02713
G1 X96.772 Y130.48 E.83078
G2 X96.923 Y130.024 I-2.093 J-.946 E.02151
G1 X110.53 Y143.631 E.8596
G1 X111.137 Y143.631 E.02713
G1 X97.051 Y129.545 E.88986
G2 X97.138 Y129.025 I-2.435 J-.676 E.0236
G1 X111.745 Y143.631 E.92272
G1 X112.352 Y143.631 E.02713
G1 X97.196 Y128.475 E.95746
G2 X97.215 Y127.887 I-2.789 J-.384 E.02635
G1 X112.959 Y143.631 E.99463
G1 X113.567 Y143.631 E.02713
G1 X97.181 Y127.246 E1.03512
G1 X97.067 Y126.524 E.03264
G1 X114.174 Y143.631 E1.08071
G1 X114.782 Y143.631 E.02713
G1 X96.499 Y125.349 E1.15494
G1 X95.972 Y125.551 F18000
G1 X95.903 Y125.372
G1 X95.596 Y124.769
G1 X95.228 Y124.202
G1 X94.802 Y123.676
G1 X94.324 Y123.198
G1 X93.798 Y122.772
G1 X93.231 Y122.404
G1 X92.628 Y122.097
G1 X91.997 Y121.855
G1 X91.343 Y121.68
G1 X90.675 Y121.574
G1 X90 Y121.538
G1 X89.325 Y121.574
G1 X88.657 Y121.68
G1 X88.003 Y121.855
G1 X87.372 Y122.097
G1 X86.769 Y122.404
G1 X86.202 Y122.772
G1 X85.676 Y123.198
G1 X85.198 Y123.676
G1 X84.772 Y124.202
G1 X84.404 Y124.769
G1 X84.097 Y125.372
G1 X83.855 Y126.003
G1 X83.68 Y126.657
G1 X83.574 Y127.325
G1 X83.538 Y128
G1 X83.574 Y128.675
G1 X83.68 Y129.343
G1 X83.855 Y129.997
G1 X83.975 Y130.312
G1 X83.979 Y130.32
G1 X83.451 Y130.522
G1 F2250
G1 X77.369 Y124.439 E.38427
G1 X77.369 Y123.832 E.02713
G1 X82.918 Y129.382 E.35058
G1 X82.815 Y128.671 E.0321
G1 X77.369 Y123.225 E.34403
G1 X77.369 Y122.617 E.02713
G1 X82.781 Y128.03 E.34191
G1 X82.808 Y127.45 E.02594
G1 X77.369 Y122.01 E.34363
G1 X77.369 Y121.403 E.02713
G1 X82.873 Y126.907 E.3477
G3 X82.966 Y126.392 I2.497 J.187 E.02339
G1 X77.369 Y120.795 E.35358
G1 X77.369 Y120.188 E.02713
G1 X83.094 Y125.913 E.36168
G3 X83.25 Y125.462 I2.221 J.518 E.02136
G1 X77.369 Y119.581 E.37156
G1 X77.369 Y118.973 E.02713
G1 X83.422 Y125.027 E.38241
G1 X83.627 Y124.624 E.02017
G1 X77.369 Y118.366 E.39537
G1 X77.369 Y117.758 E.02713
G1 X83.846 Y124.236 E.40922
G1 X84.086 Y123.868 E.01961
G1 X77.369 Y117.151 E.42432
G1 X77.369 Y116.544 E.02713
G1 X84.347 Y123.522 E.44086
G1 X84.619 Y123.187 E.01929
G1 X77.369 Y115.936 E.45803
G1 X77.369 Y115.329 E.02713
G1 X84.921 Y122.881 E.4771
G3 X85.231 Y122.584 I1.571 J1.323 E.01922
G1 X77.369 Y114.722 E.49666
G1 X77.369 Y114.114 E.02713
G1 X85.566 Y122.312 E.51786
G3 X85.916 Y122.054 I1.4 J1.536 E.01944
G1 X77.369 Y113.507 E.53996
G1 X77.369 Y112.9 E.02713
G1 X86.284 Y121.815 E.56322
G3 X86.677 Y121.6 I1.219 J1.762 E.02003
G1 X77.369 Y112.292 E.58802
G1 X77.369 Y111.685 E.02713
G1 X87.081 Y121.397 E.61353
G1 X87.52 Y121.228 E.021
G1 X77.369 Y111.077 E.64126
G1 X77.369 Y110.47 E.02713
G1 X77.764 Y110.865 E.02498
G2 X79.634 Y112.736 I2.754 J-.884 E.12272
G1 X87.976 Y121.077 E.52694
G1 X88.455 Y120.949 E.02215
G1 X80.37 Y112.864 E.51075
G2 X80.945 Y112.832 I.129 J-2.871 E.02579
G1 X88.975 Y120.862 E.50726
G3 X89.525 Y120.804 I.661 J3.667 E.02472
G1 X81.433 Y112.712 E.51118
G2 X81.855 Y112.527 I-.673 J-2.103 E.02062
G1 X90.113 Y120.785 E.5217
G1 X90.754 Y120.819 E.02867
G1 X82.226 Y112.291 E.53873
G2 X82.548 Y112.006 I-1.194 J-1.673 E.01926
G1 X91.476 Y120.933 E.56397
G1 X92.315 Y121.165 E.03888
G1 X82.828 Y111.678 E.5993
G2 X83.056 Y111.298 I-1.702 J-1.277 E.01981
G1 X93.394 Y121.637 E.65309
G1 X93.61 Y121.747 E.01084
G3 X96.363 Y124.606 I-3.572 J6.194 E.17965
G1 X115.389 Y143.631 E1.20188
G1 X115.996 Y143.631 E.02713
G1 X83.235 Y110.87 E2.06961
G2 X83.344 Y110.371 I-2.318 J-.767 E.02284
G1 X116.604 Y143.631 E2.10111
G1 X117.211 Y143.631 E.02713
G1 X83.137 Y109.557 E2.15255
G1 X82.579 Y109.645 F18000
G1 X82.566 Y109.561
G1 X82.508 Y109.348
G1 X82.429 Y109.141
G1 X82.329 Y108.944
G1 X82.208 Y108.759
G1 X82.069 Y108.587
G1 X81.913 Y108.431
G1 X81.741 Y108.292
G1 X81.556 Y108.171
G1 X81.359 Y108.071
G1 X81.153 Y107.992
G1 X80.939 Y107.934
G1 X80.721 Y107.9
G1 X80.5 Y107.888
G1 X80.279 Y107.9
G1 X80.061 Y107.934
G1 X79.847 Y107.992
G1 X79.641 Y108.071
G1 X79.444 Y108.171
G1 X79.259 Y108.292
G1 X79.087 Y108.431
G1 X78.931 Y108.587
G1 X78.792 Y108.759
G1 X78.671 Y108.944
G1 X78.571 Y109.141
G1 X78.492 Y109.348
G1 X78.434 Y109.561
G1 X78.4 Y109.779
G1 X78.388 Y110
G1 X78.4 Y110.221
G1 X78.405 Y110.253
G1 X77.847 Y110.341
G1 F2250
G1 X77.369 Y109.863 E.03024
G1 X77.369 Y109.255 E.02713
G1 X77.668 Y109.555 E.01892
G3 X77.788 Y109.067 I3.148 J.512 E.02246
G1 X77.369 Y108.648 E.02646
G1 X77.369 Y108.041 E.02713
G1 X77.973 Y108.645 E.03818
G3 X78.209 Y108.274 I2.951 J1.616 E.01967
G1 X77.369 Y107.433 E.0531
G1 X77.369 Y106.826 E.02713
G1 X78.494 Y107.952 E.07111
G3 X78.822 Y107.672 I2.773 J2.914 E.01925
G1 X77.369 Y106.218 E.0918
G1 X77.369 Y105.611 E.02713
G1 X79.202 Y107.444 E.1158
G3 X79.63 Y107.265 I1.636 J3.316 E.02075
G1 X77.369 Y105.004 E.14286
G1 X77.369 Y104.396 E.02713
G1 X80.133 Y107.161 E.17466
G3 X80.723 Y107.143 I.358 J2.064 E.02642
G1 X77.369 Y103.789 E.21189
G1 X77.369 Y103.182 E.02713
G1 X81.5 Y107.313 E.26101
G3 X83.187 Y109 I-1.001 J2.688 E.10987
G1 X117.818 Y143.631 E2.18775
G1 X118.426 Y143.631 E.02713
G1 X77.369 Y102.574 E2.59366
G1 X77.369 Y101.967 E.02713
G1 X119.033 Y143.631 E2.63203
G1 X119.64 Y143.631 E.02713
G1 X77.369 Y101.36 E2.6704
G1 X77.369 Y100.752 E.02713
G1 X120.248 Y143.631 E2.70877
G1 X120.855 Y143.631 E.02713
G1 X77.369 Y100.145 E2.74714
G1 X77.369 Y99.537 E.02713
G1 X121.463 Y143.631 E2.78551
G1 X122.07 Y143.631 E.02713
G1 X77.369 Y98.93 E2.82387
G1 X77.369 Y98.323 E.02713
G1 X122.677 Y143.631 E2.86224
G1 X123.285 Y143.631 E.02713
G1 X77.369 Y97.715 E2.90061
G1 X77.369 Y97.108 E.02713
G1 X123.892 Y143.631 E2.93898
G1 X124.499 Y143.631 E.02713
G1 X77.369 Y96.501 E2.97735
G1 X77.369 Y95.893 E.02713
G1 X125.107 Y143.631 E3.01572
G1 X125.714 Y143.631 E.02713
G1 X77.369 Y95.286 E3.05409
G1 X77.369 Y94.679 E.02713
G1 X126.322 Y143.631 E3.09245
G1 X126.929 Y143.631 E.02713
G1 X77.369 Y94.071 E3.13082
G1 X77.369 Y93.464 E.02713
G1 X127.536 Y143.631 E3.16919
G1 X128.144 Y143.631 E.02713
G1 X77.369 Y92.856 E3.20756
G1 X77.369 Y92.249 E.02713
G1 X128.751 Y143.631 E3.24593
G1 X129.358 Y143.631 E.02713
G1 X77.369 Y91.642 E3.2843
G1 X77.369 Y91.034 E.02713
G1 X129.966 Y143.631 E3.32267
G1 X130.573 Y143.631 E.02713
G1 X77.369 Y90.427 E3.36103
G1 X77.369 Y89.82 E.02713
G1 X131.18 Y143.631 E3.3994
G1 X131.788 Y143.631 E.02713
G1 X77.369 Y89.212 E3.43777
G1 X77.369 Y88.605 E.02713
G1 X132.395 Y143.631 E3.47614
G1 X133.003 Y143.631 E.02713
G1 X77.369 Y87.997 E3.51451
G1 X77.369 Y87.39 E.02713
G1 X133.61 Y143.631 E3.55288
G1 X134.217 Y143.631 E.02713
G1 X77.369 Y86.783 E3.59125
G1 X77.369 Y86.175 E.02713
G1 X134.825 Y143.631 E3.62961
G1 X135.432 Y143.631 E.02713
G1 X77.369 Y85.568 E3.66798
G1 X77.369 Y84.961 E.02713
G1 X136.039 Y143.631 E3.70635
G1 X136.647 Y143.631 E.02713
G1 X77.369 Y84.353 E3.74472
G1 X77.369 Y83.746 E.02713
G1 X137.254 Y143.631 E3.78309
G1 X137.861 Y143.631 E.02713
G1 X77.369 Y83.139 E3.82146
G1 X77.369 Y82.531 E.02713
G1 X138.469 Y143.631 E3.85983
G1 X139.076 Y143.631 E.02713
G1 X77.369 Y81.924 E3.89819
G1 X77.369 Y81.316 E.02713
G1 X139.684 Y143.631 E3.93656
G1 X140.291 Y143.631 E.02713
G1 X77.369 Y80.709 E3.97493
G1 X77.369 Y80.102 E.02713
G1 X140.898 Y143.631 E4.0133
G2 X141.435 Y143.561 I-.096 J-2.817 E.02423
G1 X77.369 Y79.494 E4.04722
G1 X77.369 Y78.887 E.02713
G1 X141.857 Y143.375 E4.07384
G1 X141.957 Y143.317 E.00517
G1 X142.193 Y143.104 E.01421
G1 X77.369 Y78.28 E4.09511
G3 X77.406 Y77.71 I2.244 J-.137 E.02557
G1 X142.441 Y142.744 E4.10836
G2 X142.594 Y142.29 I-.992 J-.587 E.02158
G1 X77.559 Y77.255 E4.10836
G1 X77.59 Y77.186 E.0034
G1 X77.807 Y76.896 E.01618
G1 X142.631 Y141.72 E4.0951
G1 X142.631 Y141.113 E.02713
G1 X78.143 Y76.625 E4.07384
G3 X78.565 Y76.439 I.649 J.899 E.02073
G1 X142.631 Y140.506 E4.04721
G1 X142.631 Y139.898 E.02713
G1 X79.102 Y76.369 E4.01329
G1 X79.709 Y76.369 E.02713
G1 X142.631 Y139.291 E3.97492
G1 X142.631 Y138.683 E.02713
G1 X80.317 Y76.369 E3.93655
G1 X80.924 Y76.369 E.02713
G1 X142.631 Y138.076 E3.89819
G1 X142.631 Y137.469 E.02713
G1 X81.531 Y76.369 E3.85982
G1 X82.139 Y76.369 E.02713
G1 X142.631 Y136.861 E3.82145
G1 X142.631 Y136.254 E.02713
G1 X82.746 Y76.369 E3.78308
G1 X83.353 Y76.369 E.02713
G1 X142.631 Y135.647 E3.74471
G1 X142.631 Y135.039 E.02713
G1 X83.961 Y76.369 E3.70634
G1 X84.568 Y76.369 E.02713
G1 X142.631 Y134.432 E3.66797
G1 X142.631 Y133.824 E.02713
G1 X85.176 Y76.369 E3.62961
G1 X85.783 Y76.369 E.02713
G1 X142.631 Y133.217 E3.59124
G1 X142.631 Y132.61 E.02713
G1 X86.39 Y76.369 E3.55287
G1 X86.998 Y76.369 E.02713
G1 X142.631 Y132.002 E3.5145
G1 X142.631 Y131.395 E.02713
G1 X87.605 Y76.369 E3.47613
G1 X88.212 Y76.369 E.02713
G1 X142.631 Y130.788 E3.43776
G1 X142.631 Y130.18 E.02713
G1 X88.82 Y76.369 E3.39939
G1 X89.427 Y76.369 E.02713
G1 X142.631 Y129.573 E3.36103
G1 X142.631 Y128.966 E.02713
G1 X90.034 Y76.369 E3.32266
G1 X90.642 Y76.369 E.02713
G1 X142.631 Y128.358 E3.28429
G1 X142.631 Y127.751 E.02713
G1 X91.249 Y76.369 E3.24592
G1 X91.857 Y76.369 E.02713
G1 X142.631 Y127.143 E3.20755
G1 X142.631 Y126.536 E.02713
G1 X92.464 Y76.369 E3.16918
G1 X93.071 Y76.369 E.02713
G1 X142.631 Y125.929 E3.13081
G1 X142.631 Y125.321 E.02713
G1 X93.679 Y76.369 E3.09245
G1 X94.286 Y76.369 E.02713
G1 X142.631 Y124.714 E3.05408
G1 X142.631 Y124.107 E.02713
G1 X94.893 Y76.369 E3.01571
G1 X95.501 Y76.369 E.02713
G1 X142.631 Y123.499 E2.97734
G1 X142.631 Y122.892 E.02713
G1 X96.108 Y76.369 E2.93897
G1 X96.715 Y76.369 E.02713
G1 X142.631 Y122.285 E2.9006
G1 X142.631 Y121.677 E.02713
G1 X97.323 Y76.369 E2.86223
G1 X97.93 Y76.369 E.02713
G1 X142.631 Y121.07 E2.82387
G1 X142.631 Y120.462 E.02713
G1 X98.538 Y76.369 E2.7855
G1 X99.145 Y76.369 E.02713
G1 X142.631 Y119.855 E2.74713
G1 X142.631 Y119.248 E.02713
G1 X99.752 Y76.369 E2.70876
G1 X100.36 Y76.369 E.02713
G1 X142.631 Y118.64 E2.67039
G1 X142.631 Y118.033 E.02713
G1 X100.967 Y76.369 E2.63202
G1 X101.574 Y76.369 E.02713
G1 X142.631 Y117.426 E2.59365
G1 X142.631 Y116.818 E.02713
G1 X138.5 Y112.687 E.26099
G3 X136.813 Y111 I1.001 J-2.688 E.10989
G1 X102.182 Y76.369 E2.18774
G1 X102.789 Y76.369 E.02713
G1 X136.641 Y110.22 E2.13849
G3 X136.656 Y109.629 I3.067 J-.216 E.02649
G1 X103.397 Y76.369 E2.1011
G1 X104.004 Y76.369 E.02713
G1 X136.765 Y109.13 E2.0696
G3 X136.944 Y108.702 I3.494 J1.208 E.02075
G1 X104.611 Y76.369 E2.04254
G1 X105.219 Y76.369 E.02713
G1 X137.172 Y108.322 E2.01854
G3 X137.452 Y107.994 I3.197 J2.449 E.01925
G1 X105.826 Y76.369 E1.99786
G1 X106.433 Y76.369 E.02713
G1 X137.774 Y107.709 E1.97984
G3 X138.145 Y107.473 I1.987 J2.715 E.01967
G1 X107.041 Y76.369 E1.96493
G1 X107.648 Y76.369 E.02713
G1 X138.567 Y107.288 E1.95321
G3 X139.058 Y107.171 I.883 J2.633 E.02257
G1 X108.255 Y76.369 E1.94586
G1 X108.863 Y76.369 E.02713
G1 X139.842 Y107.347 E1.95699
G1 X139.753 Y107.905 F18000
G1 X139.721 Y107.9
G1 X139.5 Y107.888
G1 X139.279 Y107.9
G1 X139.061 Y107.934
G1 X138.847 Y107.992
G1 X138.641 Y108.071
G1 X138.444 Y108.171
G1 X138.259 Y108.292
G1 X138.087 Y108.431
G1 X137.931 Y108.587
G1 X137.792 Y108.759
G1 X137.671 Y108.944
G1 X137.571 Y109.141
G1 X137.492 Y109.348
G1 X137.434 Y109.561
G1 X137.4 Y109.779
G1 X137.388 Y110
G1 X137.4 Y110.221
G1 X137.434 Y110.439
G1 X137.492 Y110.652
G1 X137.571 Y110.859
G1 X137.671 Y111.056
G1 X137.792 Y111.241
G1 X137.931 Y111.413
G1 X138.087 Y111.569
G1 X138.259 Y111.708
G1 X138.444 Y111.829
G1 X138.641 Y111.929
G1 X138.847 Y112.008
G1 X139.061 Y112.066
G1 X139.145 Y112.079
G1 X139.057 Y112.637
G1 F2250
G1 X142.631 Y116.211 E.22579
G1 X142.631 Y115.603 E.02713
G1 X139.871 Y112.844 E.17435
G2 X140.37 Y112.735 I-.268 J-2.421 E.02283
G1 X142.631 Y114.996 E.14286
G1 X142.631 Y114.389 E.02713
G1 X140.798 Y112.556 E.11579
G2 X141.178 Y112.328 I-.892 J-1.92 E.01981
G1 X142.631 Y113.781 E.0918
G1 X142.631 Y113.174 E.02713
G1 X141.506 Y112.048 E.07111
G2 X141.791 Y111.726 I-1.39 J-1.517 E.01926
G1 X142.631 Y112.567 E.0531
G1 X142.631 Y111.959 E.02713
G1 X142.027 Y111.355 E.03818
G2 X142.213 Y110.933 I-1.904 J-1.089 E.02062
G1 X142.631 Y111.352 E.02646
G1 X142.631 Y110.745 E.02713
G1 X142.332 Y110.445 E.01892
G2 X142.364 Y109.87 I-2.839 J-.446 E.02579
G1 X142.631 Y110.137 E.0169
G1 X142.631 Y109.53 E.02713
G1 X142.236 Y109.134 E.02498
G2 X140.366 Y107.264 I-2.754 J.884 E.12271
G1 X109.47 Y76.369 E1.95173
G1 X110.078 Y76.369 E.02713
G1 X142.631 Y108.922 E2.05649
G1 X142.631 Y108.315 E.02713
G1 X110.685 Y76.369 E2.01812
G1 X111.292 Y76.369 E.02713
G1 X142.631 Y107.708 E1.97976
G1 X142.631 Y107.1 E.02713
G1 X111.9 Y76.369 E1.94139
G1 X112.507 Y76.369 E.02713
G1 X142.631 Y106.493 E1.90302
G1 X142.631 Y105.886 E.02713
G1 X113.114 Y76.369 E1.86465
G1 X113.722 Y76.369 E.02713
G1 X142.631 Y105.278 E1.82628
G1 X142.631 Y104.671 E.02713
G1 X114.329 Y76.369 E1.78791
G1 X114.936 Y76.369 E.02713
G1 X142.631 Y104.064 E1.74954
G1 X142.631 Y103.456 E.02713
G1 X115.544 Y76.369 E1.71118
G1 X116.151 Y76.369 E.02713
G1 X142.631 Y102.849 E1.67281
G1 X142.631 Y102.241 E.02713
G1 X116.759 Y76.369 E1.63444
G1 X117.366 Y76.369 E.02713
G1 X142.631 Y101.634 E1.59607
G1 X142.631 Y101.027 E.02713
G1 X117.973 Y76.369 E1.5577
G1 X118.581 Y76.369 E.02713
G1 X142.631 Y100.419 E1.51933
G1 X142.631 Y99.812 E.02713
G1 X119.188 Y76.369 E1.48096
G1 X119.795 Y76.369 E.02713
G1 X142.631 Y99.205 E1.4426
G1 X142.631 Y98.597 E.02713
G1 X120.403 Y76.369 E1.40423
G1 X121.01 Y76.369 E.02713
G1 X142.631 Y97.99 E1.36586
G1 X142.631 Y97.383 E.02713
G1 X121.617 Y76.369 E1.32749
G1 X122.225 Y76.369 E.02713
G1 X142.631 Y96.775 E1.28912
G1 X142.631 Y96.168 E.02713
G1 X122.832 Y76.369 E1.25075
G1 X123.44 Y76.369 E.02713
G1 X142.631 Y95.56 E1.21238
G1 X142.631 Y94.953 E.02713
G1 X124.047 Y76.369 E1.17402
G1 X124.654 Y76.369 E.02713
G1 X142.631 Y94.346 E1.13565
G1 X142.631 Y93.738 E.02713
G1 X125.262 Y76.369 E1.09728
G1 X125.869 Y76.369 E.02713
G1 X142.631 Y93.131 E1.05891
G1 X142.631 Y92.524 E.02713
G1 X126.476 Y76.369 E1.02054
G1 X127.084 Y76.369 E.02713
G1 X142.631 Y91.916 E.98217
G1 X142.631 Y91.309 E.02713
G1 X127.691 Y76.369 E.9438
G1 X128.299 Y76.369 E.02713
G1 X142.631 Y90.701 E.90544
G1 X142.631 Y90.094 E.02713
G1 X128.906 Y76.369 E.86707
G1 X129.513 Y76.369 E.02713
G1 X142.631 Y89.487 E.8287
G1 X142.631 Y88.879 E.02713
G1 X130.121 Y76.369 E.79033
G1 X130.728 Y76.369 E.02713
G1 X142.631 Y88.272 E.75196
G1 X142.631 Y87.665 E.02713
G1 X131.335 Y76.369 E.71359
G1 X131.943 Y76.369 E.02713
G1 X142.631 Y87.057 E.67522
G1 X142.631 Y86.45 E.02713
G1 X132.55 Y76.369 E.63686
G1 X133.157 Y76.369 E.02713
G1 X142.631 Y85.843 E.59849
G1 X142.631 Y85.235 E.02713
G1 X133.765 Y76.369 E.56012
G1 X134.372 Y76.369 E.02713
G1 X142.631 Y84.628 E.52175
G1 X142.631 Y84.02 E.02713
G1 X134.98 Y76.369 E.48338
G1 X135.587 Y76.369 E.02713
G1 X142.631 Y83.413 E.44501
G1 X142.631 Y82.806 E.02713
G1 X136.194 Y76.369 E.40664
G1 X136.802 Y76.369 E.02713
G1 X142.631 Y82.198 E.36828
G1 X142.631 Y81.591 E.02713
G1 X137.409 Y76.369 E.32991
G1 X138.016 Y76.369 E.02713
G1 X142.631 Y80.984 E.29154
G1 X142.631 Y80.376 E.02713
G1 X138.624 Y76.369 E.25317
G1 X139.231 Y76.369 E.02713
G1 X142.631 Y79.769 E.2148
G1 X142.631 Y79.162 E.02713
G1 X139.838 Y76.369 E.17643
G1 X140.446 Y76.369 E.02713
G1 X142.631 Y78.554 E.13806
G2 X142.626 Y77.942 I-5.854 J-.259 E.02736
G1 X141.058 Y76.374 E.09907
G3 X142.137 Y76.845 I-.097 J1.691 E.05373
G1 X142.734 Y77.442 E.03772
; stop printing object esp32_pod_lid.stl id:0 copy 0
;LAYER_CHANGE
;Z:14.44
;HEIGHT:0.2
G92 E0 ; zero the extruded length again
; BEFORE_LAYER_CHANGE 71 @ 14.44mm
G1 E-1.75 F6000
;WIPE_START
G1 F2250
G1 X142.137 Y76.845 E-.63332
G1 X142.022 Y76.741 E-.11668
;WIPE_END
; AFTER_LAYER_CHANGE 71 @ 14.44mm
;_SET_FAN_SPEED_CHANGING_LAYER
; printing object esp32_pod_lid.stl id:0 copy 0
G17
G3 Z14.64 I.473 J.383 P1  F18000
G1 X142.503 Y76.148 Z14.64
G1 X140.984 Y144.389
G1 X140.984 Y144.389
G1 X140.995 Y144.79
G1 Z14.44
G1 E2.5 F6000
M204 P1000
;TYPE:Outer wall
;WIDTH:0.42
G1 F3600
M106 S102
G1 X79.005 Y144.79 E1.84644
G3 X76.21 Y141.995 I.004 J-2.8 E.13074
G1 X76.21 Y78.005 E1.90602
G3 X79.005 Y75.21 I2.8 J.005 E.13074
G1 X140.995 Y75.21 E1.84644
G1 X141.292 Y75.226 E.00886
G3 X143.79 Y78.005 I-.294 J2.777 E.12197
G1 X143.79 Y141.995 E1.90601
G3 X141.054 Y144.789 I-2.8 J-.004 E.12895
G1 X141.034 Y144.387 F18000
G1 X140.984 Y144.389
G1 X140.984 Y144.389
G1 X140.984 Y144.398
M204 P1500
;TYPE:Inner wall
;WIDTH:0.45
G1 F6000
G1 X79.016 Y144.398 E1.99268
G3 X76.602 Y141.984 I-.006 J-2.408 E.122
G1 X76.602 Y78.016 E2.057
G3 X79.016 Y75.602 I2.408 J-.006 E.12199
G1 X140.984 Y75.602 E1.99268
G1 X141.251 Y75.616 E.00857
G3 X143.398 Y78.016 I-.259 J2.392 E.11345
G1 X143.398 Y141.984 E2.05699
G3 X141.044 Y144.397 I-2.408 J.006 E.12007
G1 X140.974 Y143.991 F18000
G1 F6000
G1 X79.026 Y143.991 E1.992
G3 X77.009 Y141.974 I-.016 J-2.001 E.10212
G1 X77.009 Y78.026 E2.05631
G3 X79.026 Y76.009 I2.001 J-.016 E.10212
G1 X140.974 Y76.009 E1.992
G1 X141.208 Y76.021 E.00754
G3 X142.991 Y78.026 I-.241 J2.01 E.09432
G1 X142.991 Y141.974 E2.05631
G3 X141.033 Y143.99 I-2.001 J.016 E.1002
G1 E-1.75
;WIPE_START
G1 X140.033 Y143.99 E-.75
;WIPE_END
G1 X140.033 Y144.389 Z14.64 F18000
G1 X139.471 Y112.11
G1 X139.492 Y111.71
G1 Z14.44
G1 E2.5 F6000
M204 P1000
;TYPE:Outer wall
;WIDTH:0.42
G1 F3600
G1 X139.5 Y111.709 E.00024
G2 X139.679 Y108.299 I.006 J-1.709 E.155
G2 X139.348 Y108.298 I-.172 J1.574 E.00988
G2 X139.145 Y111.671 I.158 J1.702 E.1444
G1 X139.432 Y111.703 E.00862
G1 X139.411 Y112.107 F18000
G1 X139.465 Y112.11
G1 X139.465 Y112.099
M204 P1500
;TYPE:Inner wall
;WIDTH:0.45
G1 F6000
G1 X139.5 Y112.102 E.00112
G2 X139.72 Y107.908 I.007 J-2.102 E.20571
G2 X139.31 Y107.907 I-.212 J1.95 E.01321
G2 X139.063 Y112.054 I.197 J2.093 E.19163
G1 X139.406 Y112.093 E.01108
G1 X139.464 Y112.509 F18000
G1 F6000
G1 X139.5 Y112.508 E.00114
G2 X139.762 Y107.503 I.008 J-2.509 E.24551
G2 X139.27 Y107.501 I-.254 J2.341 E.01586
G2 X139.238 Y112.494 I.238 J2.498 E.23714
G1 X139.405 Y112.505 E.00537
G1 E-1.75
;WIPE_START
G1 X139.5 Y112.508 E-.07165
G1 X139.762 Y112.497 E-.19694
G1 X140.022 Y112.456 E-.19717
G1 X140.276 Y112.388 E-.19713
G1 X140.384 Y112.346 E-.08711
;WIPE_END
G1 X140.242 Y111.974 Z14.64 F18000
G1 X81.719 Y111.723
G1 X81.556 Y111.829
G1 X81.359 Y111.929
G1 X81.153 Y112.008
G1 X80.939 Y112.066
G1 X80.721 Y112.1
G1 X80.5 Y112.112
G1 X80.471 Y112.11
G1 X80.492 Y111.71
G1 Z14.44
G1 E2.5 F6000
M204 P1000
;TYPE:Outer wall
;WIDTH:0.42
G1 F3600
G1 X80.5 Y111.709 E.00024
G2 X80.679 Y108.299 I.006 J-1.709 E.155
G2 X80.348 Y108.298 I-.172 J1.574 E.00988
G2 X80.145 Y111.671 I.158 J1.702 E.1444
G1 X80.432 Y111.703 E.00862
G1 X80.411 Y112.107 F18000
G1 X80.465 Y112.11
G1 X80.465 Y112.099
M204 P1500
;TYPE:Inner wall
;WIDTH:0.45
G1 F6000
G1 X80.5 Y112.102 E.00112
G2 X80.72 Y107.908 I.007 J-2.102 E.20571
G2 X80.31 Y107.907 I-.212 J1.95 E.01321
G2 X80.063 Y112.054 I.197 J2.093 E.19163
G1 X80.406 Y112.093 E.01108
G1 X80.464 Y112.509 F18000
G1 F6000
G1 X80.5 Y112.508 E.00114
G2 X80.762 Y107.503 I.008 J-2.509 E.24551
G2 X80.27 Y107.501 I-.254 J2.341 E.01586
G2 X80.238 Y112.494 I.238 J2.498 E.23714
G1 X80.405 Y112.505 E.00537
G1 E-1.75
;WIPE_START
G1 X80.5 Y112.508 E-.07164
G1 X80.762 Y112.497 E-.19694
G1 X81.022 Y112.456 E-.19717
G1 X81.276 Y112.388 E-.19714
G1 X81.384 Y112.346 E-.08711
;WIPE_END
G1 X81.242 Y111.974 Z14.64 F18000
G1 X83.574 Y128.675
G1 X83.68 Y129.343
G1 X83.855 Y129.997
G1 X84.097 Y130.628
G1 X84.404 Y131.231
G1 X84.772 Y131.798
G1 X85.198 Y132.324
G1 X85.676 Y132.802
G1 X86.202 Y133.228
G1 X86.769 Y133.596
G1 X87.372 Y133.903
G1 X88.003 Y134.145
G1 X88.657 Y134.32
G1 X89.325 Y134.426
G1 X89.662 Y134.444
G1 X89.979 Y134.461
G1 X90 Y134.052
G1 Z14.44
G1 E2.5 F6000
M204 P1000
;TYPE:Outer wall
;WIDTH:0.42
G1 F3600
G2 X90 Y121.94 I0 J-6.056 E.56672
G1 X89.496 Y121.966 E.01503
G1 X89.367 Y121.973 E.00386
G2 X89.94 Y134.052 I.633 J6.023 E.54605
G1 X89.919 Y134.457 F18000
G1 X89.98 Y134.461
G1 X89.981 Y134.452
M204 P1500
;TYPE:Inner wall
;WIDTH:0.45
G1 F6000
G1 X90 Y134.444 E.00067
G2 X90 Y121.547 I0 J-6.449 E.65144
G1 X89.476 Y121.574 E.01689
G1 X89.325 Y121.582 E.00483
G2 X89.326 Y134.409 I.674 J6.413 E.60804
G1 X89.921 Y134.448 E.01915
G1 X89.961 Y134.859 F18000
G1 F6000
G1 X90 Y134.851 E.00128
G2 X90 Y121.139 I0 J-6.856 E.69259
G1 X89.454 Y121.168 E.01757
G1 X89.283 Y121.177 E.00552
G2 X89.284 Y134.814 I.717 J6.818 E.64644
G1 X89.901 Y134.855 E.01989
G1 X89.922 Y134.458 F18000
G1 X89.325 Y134.426
G1 X88.657 Y134.32
G1 X88.003 Y134.145
G1 X87.372 Y133.903
G1 X86.769 Y133.596
G1 X86.202 Y133.228
G1 X85.676 Y132.802
G1 X85.198 Y132.324
G1 X84.772 Y131.798
G1 X84.404 Y131.231
G1 X84.097 Y130.628
G1 X83.855 Y129.997
G1 X83.68 Y129.343
G1 X83.574 Y128.675
G1 X83.538 Y128
G1 X83.556 Y127.662
G1 X83.567 Y127.451
G1 X83.006 Y127.422
M204 P2000
;TYPE:Internal solid infill
;WIDTH:0.420461
G1 F6000
G1 X83.006 Y110.925 E.49199
G1 X82.481 Y110.724 F18000
G1 X82.429 Y110.859
G1 X82.329 Y111.056
G1 X82.208 Y111.241
G1 X82.069 Y111.413
G1 X81.913 Y111.569
G1 X81.741 Y111.708
G1 X81.556 Y111.829
G1 X81.359 Y111.929
G1 X81.153 Y112.008
G1 X80.939 Y112.066
G1 X80.721 Y112.1
G1 X78.282 Y112.379
;WIDTH:0.36915
G1 F6000
G1 X77.902 Y111.957 E.01463
G1 X77.753 Y111.722 E.00719
G1 X77.753 Y112.379 E.01694
G1 X78.222 Y112.379 E.01209
G1 X79.532 Y112.731 F18000
;WIDTH:0.419999
G1 F6000
G1 X79.032 Y112.503 E.01636
G1 X78.544 Y112.143 E.01807
G1 X78.141 Y111.69 E.01807
G1 X77.841 Y111.163 E.01806
;WIDTH:0.407002
G1 X77.766 Y110.888 E.00818
;WIDTH:0.381007
G1 X77.69 Y110.614 E.00759
;WIDTH:0.347015
G3 X77.687 Y109.419 I3.856 J-.607 E.02882
;WIDTH:0.38407
G1 X77.755 Y109.126 E.00813
;WIDTH:0.432559
G1 X77.823 Y108.832 E.00928
;WIDTH:0.473648
G1 F5865.223
G1 X77.863 Y108.725 E.00387
;WIDTH:0.52258
G1 F5266.892
G1 X77.902 Y108.619 E.00431
G1 X78.115 Y108.258 E.01587
G1 X77.453 Y108.258 E.02506
;WIDTH:0.507338
G1 F5439.746
G1 X77.436 Y108.513 E.00938
;WIDTH:0.473648
G1 F5865.223
G1 X77.42 Y108.768 E.0087
;WIDTH:0.434323
G1 F6000
G1 X77.397 Y109.052 E.00881
;WIDTH:0.389361
G1 X77.375 Y109.336 E.0078
;WIDTH:0.346764
G2 X77.372 Y110.619 I11.84 J.667 E.03082
;WIDTH:0.376016
G1 X77.387 Y110.926 E.00807
;WIDTH:0.417678
G1 X77.401 Y111.232 E.00908
G1 X77.401 Y112.731 E.04436
G1 X79.472 Y112.731 E.0613
G1 X80.193 Y112.808 F18000
;WIDTH:0.38292
G1 F6000
G2 X80.911 Y112.799 I.307 J-4.238 E.01931
G1 X77.343 Y112.749 F18000
;WIDTH:0.420461
G1 F6000
G1 X77.343 Y141.959 E.87113
G2 X77.662 Y142.972 I1.877 J-.034 E.03211
G1 X77.72 Y143.038 E.00262
G1 X77.72 Y112.919 E.89823
G1 X78.098 Y112.919 E.01126
G1 X78.098 Y143.378 E.90838
G1 X78.173 Y143.433 E.00276
G1 X78.475 Y143.567 E.00988
G1 X78.475 Y112.919 E.91403
G1 X78.853 Y112.919 E.01126
G1 X78.853 Y143.648 E.91643
G2 X79.23 Y143.658 I.28 J-3.605 E.01127
G1 X79.23 Y112.919 E.91672
G1 X79.608 Y112.919 E.01126
G1 X79.608 Y143.658 E.91672
G1 X79.985 Y143.658 E.01126
G1 X79.985 Y112.919 E.91672
G1 X80.363 Y112.919 E.01126
G1 X80.363 Y143.658 E.91672
G1 X80.741 Y143.658 E.01126
G1 X80.741 Y112.919 E.91672
G1 X81.096 Y112.919 E.01059
G1 X81.096 Y112.781 E.00412
G1 X81.118 Y112.775 E.00069
G1 X81.118 Y143.658 E.92101
G1 X81.496 Y143.658 E.01126
G1 X81.496 Y112.66 E.92443
G2 X81.873 Y112.488 I-.631 J-1.885 E.0124
G1 X81.873 Y143.658 E.92956
G1 X82.251 Y143.658 E.01126
G1 X82.251 Y112.237 E.93705
G2 X82.628 Y111.885 I-2.199 J-2.737 E.01541
G1 X82.628 Y143.658 E.94754
G1 X83.006 Y143.658 E.01126
G1 X83.006 Y129.656 E.41756
G2 X83.383 Y130.811 I5.677 J-1.217 E.0363
G1 X83.383 Y143.658 E.38312
G1 X83.761 Y143.658 E.01126
G1 X83.761 Y131.58 E.36018
G1 X84.138 Y132.165 E.02077
G1 X84.138 Y143.658 E.34273
G1 X84.516 Y143.658 E.01126
G1 X84.516 Y132.644 E.32845
G2 X84.894 Y133.054 I2.138 J-1.59 E.01665
G1 X84.894 Y143.658 E.31623
G1 X85.271 Y143.658 E.01126
G1 X85.271 Y133.415 E.30545
G1 X85.649 Y133.721 E.01449
G1 X85.649 Y143.658 E.29634
G1 X86.026 Y143.658 E.01126
G1 X86.026 Y133.986 E.28844
G1 X86.404 Y134.231 E.01342
G1 X86.404 Y143.658 E.28113
G1 X86.781 Y143.658 E.01126
G1 X86.781 Y134.423 E.27539
G2 X87.159 Y134.605 I1.053 J-1.704 E.01252
G1 X87.159 Y143.658 E.26997
G1 X87.536 Y143.658 E.01126
G1 X87.536 Y134.75 E.26565
G2 X87.914 Y134.879 I.802 J-1.73 E.01192
G1 X87.914 Y143.658 E.2618
G1 X88.291 Y143.658 E.01126
G1 X88.291 Y134.98 E.25879
G2 X88.669 Y135.063 I.585 J-1.757 E.01155
G1 X88.669 Y143.658 E.25631
G1 X89.046 Y143.658 E.01126
G1 X89.046 Y135.123 E.25453
G2 X89.424 Y135.164 I.384 J-1.774 E.01135
G1 X89.424 Y143.658 E.2533
G1 X89.802 Y143.658 E.01126
G1 X89.802 Y135.184 E.25271
G2 X90.179 Y135.185 I.194 J-1.795 E.01128
G1 X90.179 Y143.658 E.25268
G1 X90.557 Y143.658 E.01126
G1 X90.557 Y135.165 E.25327
G2 X90.934 Y135.126 I.003 J-1.815 E.01134
G1 X90.934 Y143.658 E.25443
G1 X91.312 Y143.658 E.01126
G1 X91.312 Y135.066 E.25622
G2 X91.689 Y134.985 I-.197 J-1.839 E.01154
G1 X91.689 Y143.658 E.25863
G1 X92.067 Y143.658 E.01126
G1 X92.067 Y134.884 E.26165
G2 X92.444 Y134.757 I-.414 J-1.858 E.0119
G1 X92.444 Y143.658 E.26543
G1 X92.822 Y143.658 E.01126
G1 X92.822 Y134.612 E.26975
G2 X93.199 Y134.433 I-.664 J-1.885 E.01249
G1 X93.199 Y143.658 E.2751
G1 X93.577 Y143.658 E.01126
G1 X93.577 Y134.241 E.28084
G2 X93.955 Y133.998 I-.965 J-1.919 E.0134
G1 X93.955 Y143.658 E.28806
G1 X94.332 Y143.658 E.01126
G1 X94.332 Y133.737 E.29587
G1 X94.71 Y133.431 E.01449
G1 X94.71 Y143.658 E.30499
G1 X95.087 Y143.658 E.01126
G1 X95.087 Y133.073 E.31565
G2 X95.465 Y132.668 I-1.738 J-1.998 E.01655
G1 X95.465 Y143.658 E.32774
G1 X95.842 Y143.658 E.01126
G1 X95.842 Y132.195 E.34185
G1 X96.22 Y131.614 E.02067
G1 X96.22 Y143.658 E.35918
G1 X96.597 Y143.658 E.01126
G1 X96.597 Y130.861 E.38162
G2 X96.975 Y129.728 I-5.196 J-2.361 E.03568
G1 X96.975 Y143.658 E.41541
G1 X97.352 Y143.658 E.01126
G1 X97.352 Y76.342 E2.00754
G1 X97.73 Y76.342 E.01126
G1 X97.73 Y143.658 E2.00754
G1 X98.107 Y143.658 E.01126
G1 X98.107 Y76.342 E2.00754
G1 X98.485 Y76.342 E.01126
G1 X98.485 Y143.658 E2.00754
G1 X98.863 Y143.658 E.01126
G1 X98.863 Y76.342 E2.00754
G1 X99.24 Y76.342 E.01126
G1 X99.24 Y143.658 E2.00754
G1 X99.618 Y143.658 E.01126
G1 X99.618 Y76.342 E2.00754
G1 X99.995 Y76.342 E.01126
G1 X99.995 Y143.658 E2.00754
G1 X100.373 Y143.658 E.01126
G1 X100.373 Y76.342 E2.00754
G1 X100.75 Y76.342 E.01126
G1 X100.75 Y143.658 E2.00754
G1 X101.128 Y143.658 E.01126
G1 X101.128 Y76.342 E2.00754
G1 X101.505 Y76.342 E.01126
G1 X101.505 Y143.658 E2.00754
G1 X101.883 Y143.658 E.01126
G1 X101.883 Y76.342 E2.00754
G1 X102.26 Y76.342 E.01126
G1 X102.26 Y143.658 E2.00754
G1 X102.638 Y143.658 E.01126
G1 X102.638 Y76.342 E2.00754
G1 X103.015 Y76.342 E.01126
G1 X103.015 Y143.658 E2.00754
G1 X103.393 Y143.658 E.01126
G1 X103.393 Y76.342 E2.00754
G1 X103.771 Y76.342 E.01126
G1 X103.771 Y143.658 E2.00754
G1 X104.148 Y143.658 E.01126
G1 X104.148 Y76.342 E2.00754
G1 X104.526 Y76.342 E.01126
G1 X104.526 Y143.658 E2.00754
G1 X104.903 Y143.658 E.01126
G1 X104.903 Y76.342 E2.00754
G1 X105.281 Y76.342 E.01126
G1 X105.281 Y143.658 E2.00754
G1 X105.658 Y143.658 E.01126
G1 X105.658 Y76.342 E2.00754
G1 X106.036 Y76.342 E.01126
G1 X106.036 Y143.658 E2.00754
G1 X106.413 Y143.658 E.01126
G1 X106.413 Y76.342 E2.00754
G1 X106.791 Y76.342 E.01126
G1 X106.791 Y143.658 E2.00754
G1 X107.168 Y143.658 E.01126
G1 X107.168 Y76.342 E2.00754
G1 X107.546 Y76.342 E.01126
G1 X107.546 Y143.658 E2.00754
G1 X107.924 Y143.658 E.01126
G1 X107.924 Y76.342 E2.00754
G1 X108.301 Y76.342 E.01126
G1 X108.301 Y143.658 E2.00754
G1 X108.679 Y143.658 E.01126
G1 X108.679 Y76.342 E2.00754
G1 X109.056 Y76.342 E.01126
G1 X109.056 Y143.658 E2.00754
G1 X109.434 Y143.658 E.01126
G1 X109.434 Y76.342 E2.00754
G1 X109.811 Y76.342 E.01126
G1 X109.811 Y143.658 E2.00754
G1 X110.189 Y143.658 E.01126
G1 X110.189 Y76.342 E2.00754
G1 X110.566 Y76.342 E.01126
G1 X110.566 Y143.658 E2.00754
G1 X110.944 Y143.658 E.01126
G1 X110.944 Y76.342 E2.00754
G1 X111.321 Y76.342 E.01126
G1 X111.321 Y143.658 E2.00754
G1 X111.699 Y143.658 E.01126
G1 X111.699 Y76.342 E2.00754
G1 X112.076 Y76.342 E.01126
G1 X112.076 Y143.658 E2.00754
G1 X112.454 Y143.658 E.01126
G1 X112.454 Y76.342 E2.00754
G1 X112.832 Y76.342 E.01126
G1 X112.832 Y143.658 E2.00754
G1 X113.209 Y143.658 E.01126
G1 X113.209 Y76.342 E2.00754
G1 X113.587 Y76.342 E.01126
G1 X113.587 Y143.658 E2.00754
G1 X113.964 Y143.658 E.01126
G1 X113.964 Y76.342 E2.00754
G1 X114.342 Y76.342 E.01126
G1 X114.342 Y143.658 E2.00754
G1 X114.719 Y143.658 E.01126
G1 X114.719 Y76.342 E2.00754
G1 X115.097 Y76.342 E.01126
G1 X115.097 Y143.658 E2.00754
G1 X115.474 Y143.658 E.01126
G1 X115.474 Y76.342 E2.00754
G1 X115.852 Y76.342 E.01126
G1 X115.852 Y143.658 E2.00754
G1 X116.229 Y143.658 E.01126
G1 X116.229 Y76.342 E2.00754
G1 X116.607 Y76.342 E.01126
G1 X116.607 Y143.658 E2.00754
G1 X116.985 Y143.658 E.01126
G1 X116.985 Y76.342 E2.00754
G1 X117.362 Y76.342 E.01126
G1 X117.362 Y143.658 E2.00754
G1 X117.74 Y143.658 E.01126
G1 X117.74 Y76.342 E2.00754
G1 X118.117 Y76.342 E.01126
G1 X118.117 Y143.658 E2.00754
G1 X118.495 Y143.658 E.01126
G1 X118.495 Y76.342 E2.00754
G1 X118.872 Y76.342 E.01126
G1 X118.872 Y143.658 E2.00754
G1 X119.25 Y143.658 E.01126
G1 X119.25 Y76.342 E2.00754
G1 X119.627 Y76.342 E.01126
G1 X119.627 Y143.658 E2.00754
G1 X120.005 Y143.658 E.01126
G1 X120.005 Y76.342 E2.00754
G1 X120.382 Y76.342 E.01126
G1 X120.382 Y143.658 E2.00754
G1 X120.76 Y143.658 E.01126
G1 X120.76 Y76.342 E2.00754
G1 X121.137 Y76.342 E.01126
G1 X121.137 Y143.658 E2.00754
G1 X121.515 Y143.658 E.01126
G1 X121.515 Y76.342 E2.00754
G1 X121.893 Y76.342 E.01126
G1 X121.893 Y143.658 E2.00754
G1 X122.27 Y143.658 E.01126
G1 X122.27 Y76.342 E2.00754
G1 X122.648 Y76.342 E.01126
G1 X122.648 Y143.658 E2.00754
G1 X123.025 Y143.658 E.01126
G1 X123.025 Y76.342 E2.00754
G1 X123.403 Y76.342 E.01126
G1 X123.403 Y143.658 E2.00754
G1 X123.78 Y143.658 E.01126
G1 X123.78 Y76.342 E2.00754
G1 X124.158 Y76.342 E.01126
G1 X124.158 Y143.658 E2.00754
G1 X124.535 Y143.658 E.01126
G1 X124.535 Y76.342 E2.00754
G1 X124.913 Y76.342 E.01126
G1 X124.913 Y143.658 E2.00754
G1 X125.29 Y143.658 E.01126
G1 X125.29 Y76.342 E2.00754
G1 X125.668 Y76.342 E.01126
G1 X125.668 Y143.658 E2.00754
G1 X126.045 Y143.658 E.01126
G1 X126.045 Y76.342 E2.00754
G1 X126.423 Y76.342 E.01126
G1 X126.423 Y143.658 E2.00754
G1 X126.801 Y143.658 E.01126
G1 X126.801 Y76.342 E2.00754
G1 X127.178 Y76.342 E.01126
G1 X127.178 Y143.658 E2.00754
G1 X127.556 Y143.658 E.01126
G1 X127.556 Y76.342 E2.00754
G1 X127.933 Y76.342 E.01126
G1 X127.933 Y143.658 E2.00754
G1 X128.311 Y143.658 E.01126
G1 X128.311 Y76.342 E2.00754
G1 X128.688 Y76.342 E.01126
G1 X128.688 Y143.658 E2.00754
G1 X129.066 Y143.658 E.01126
G1 X129.066 Y76.342 E2.00754
G1 X129.443 Y76.342 E.01126
G1 X129.443 Y143.658 E2.00754
G1 X129.821 Y143.658 E.01126
G1 X129.821 Y76.342 E2.00754
G1 X130.198 Y76.342 E.01126
G1 X130.198 Y143.658 E2.00754
G1 X130.576 Y143.658 E.01126
G1 X130.576 Y76.342 E2.00754
G1 X130.954 Y76.342 E.01126
G1 X130.954 Y143.658 E2.00754
G1 X131.331 Y143.658 E.01126
G1 X131.331 Y76.342 E2.00754
G1 X131.709 Y76.342 E.01126
G1 X131.709 Y143.658 E2.00754
G1 X132.086 Y143.658 E.01126
G1 X132.086 Y76.342 E2.00754
G1 X132.464 Y76.342 E.01126
G1 X132.464 Y143.658 E2.00754
G1 X132.841 Y143.658 E.01126
G1 X132.841 Y76.342 E2.00754
G1 X133.219 Y76.342 E.01126
G1 X133.219 Y143.658 E2.00754
G1 X133.596 Y143.658 E.01126
G1 X133.596 Y76.342 E2.00754
G1 X133.974 Y76.342 E.01126
G1 X133.974 Y143.658 E2.00754
G1 X134.351 Y143.658 E.01126
G1 X134.351 Y76.342 E2.00754
G1 X134.729 Y76.342 E.01126
G1 X134.729 Y143.658 E2.00754
G1 X135.106 Y143.658 E.01126
G1 X135.106 Y76.342 E2.00754
G1 X135.484 Y76.342 E.01126
G1 X135.484 Y143.658 E2.00754
G1 X135.862 Y143.658 E.01126
G1 X135.862 Y76.342 E2.00754
G1 X136.239 Y76.342 E.01126
G1 X136.239 Y143.827 E2.0126
G1 X142.657 Y142.74 F18000
G1 F6000
G1 X142.657 Y112.919 E.88935
G1 X142.28 Y112.919 E.01126
G1 X142.28 Y143.038 E.89823
G1 X142.229 Y143.107 E.00255
G1 X141.972 Y143.338 E.01032
G1 X141.902 Y143.379 E.00242
G1 X141.902 Y112.919 E.90841
G1 X141.525 Y112.919 E.01126
G1 X141.525 Y143.559 E.91379
G3 X141.147 Y143.638 I-.371 J-.836 E.01159
G1 X141.147 Y112.919 E.91614
G1 X140.77 Y112.919 E.01126
G1 X140.77 Y143.658 E.91672
G1 X140.392 Y143.658 E.01126
G1 X140.392 Y112.919 E.91672
G1 X140.015 Y112.919 E.01126
G1 X140.015 Y143.658 E.91672
G1 X139.637 Y143.658 E.01126
G1 X139.637 Y112.919 E.91672
G1 X139.259 Y112.919 E.01126
G1 X139.259 Y143.658 E.91672
G1 X138.882 Y143.658 E.01126
G1 X138.882 Y112.775 E.92101
G3 X138.504 Y112.66 I.357 J-1.854 E.01179
G1 X138.504 Y143.658 E.92443
G1 X138.127 Y143.658 E.01126
G1 X138.127 Y112.488 E.92956
G3 X137.749 Y112.237 I1.584 J-2.793 E.01353
G1 X137.749 Y143.658 E.93705
G1 X137.372 Y143.658 E.01126
G1 X137.372 Y111.885 E.94754
G3 X136.994 Y111.339 I2.326 J-2.01 E.01985
G1 X136.994 Y143.658 E.96385
G1 X136.617 Y143.658 E.01126
G1 X136.617 Y76.342 E2.00754
G1 X136.994 Y76.342 E.01126
G1 X136.994 Y108.661 E.96384
G3 X137.372 Y108.115 I2.703 J1.463 E.01985
G1 X137.372 Y76.342 E.94754
G1 X137.749 Y76.342 E.01126
G1 X137.749 Y107.763 E.93705
G3 X138.127 Y107.512 I1.962 J2.542 E.01353
G1 X138.127 Y76.342 E.92956
G1 X138.504 Y76.342 E.01126
G1 X138.504 Y107.34 E.92443
G3 X138.882 Y107.225 I.735 J1.739 E.01179
G1 X138.882 Y76.342 E.92101
G1 X139.259 Y76.342 E.01126
G1 X139.259 Y107.168 E.91932
G3 X139.637 Y107.163 I.215 J1.793 E.01128
G1 X139.637 Y76.342 E.91916
G1 X140.015 Y76.342 E.01126
G1 X140.015 Y107.206 E.92043
G3 X140.392 Y107.3 I-.859 J4.243 E.01161
G1 X140.392 Y76.342 E.92324
G1 X140.77 Y76.342 E.01126
G1 X140.77 Y107.459 E.92799
G3 X141.147 Y107.683 I-.875 J1.907 E.01311
G1 X141.147 Y76.352 E.93438
G1 X141.525 Y76.433 E.01151
G1 X141.525 Y108.008 E.94166
G1 X141.902 Y108.017 E.01126
G1 X141.902 Y76.614 E.93653
G3 X142.28 Y76.962 I-1.317 J1.808 E.01535
G1 X142.28 Y108.017 E.92615
G1 X142.657 Y108.017 E.01126
G1 X142.657 Y77.26 E.91727
G1 X143.167 Y77 F18000
G1 X137.434 Y109.561
G1 X137.4 Y109.779
G1 X137.388 Y110
G1 X137.4 Y110.221
G1 X137.434 Y110.439
G1 X137.492 Y110.652
G1 X137.571 Y110.859
G1 X137.671 Y111.056
G1 X137.792 Y111.241
G1 X137.931 Y111.413
G1 X138.087 Y111.569
G1 X138.259 Y111.708
G1 X138.444 Y111.829
G1 X138.641 Y111.929
G1 X138.847 Y112.008
G1 X139.061 Y112.066
G1 X139.145 Y112.079
G1 X139.033 Y112.791
;WIDTH:0.38292
G1 F6000
G2 X140.027 Y112.789 I.491 J-4.646 E.02677
G1 X141.694 Y112.381 F18000
;WIDTH:0.36496
G1 F6000
G1 X142.249 Y112.381 E.01412
G1 X142.249 Y111.724 E.0167
G1 X141.953 Y112.133 E.01283
G1 X141.738 Y112.339 E.00759
G1 X142.49 Y110.345 F18000
;WIDTH:0.613587
G1 F4426.958
G1 X142.445 Y110.452 E.00521
;WIDTH:0.570567
G1 F4787.891
G1 X142.401 Y110.558 E.00481
;WIDTH:0.527548
G1 F5212.902
G1 X142.356 Y110.665 E.00442
;WIDTH:0.484528
G1 F5720.718
G1 X142.311 Y110.771 E.00403
;WIDTH:0.420365
G1 F6000
G3 X142.023 Y111.434 I-24.111 J-10.086 E.02155
G1 X141.67 Y111.927 E.01808
G1 X141.222 Y112.336 E.01809
G1 X140.698 Y112.643 E.01809
G1 X140.443 Y112.731 E.00806
G1 X142.599 Y112.731 E.06429
G1 X142.599 Y110.913 E.0542
;WIDTH:0.440938
G1 X142.579 Y110.811 E.00325
;WIDTH:0.482815
G1 F5742.996
G1 X142.56 Y110.709 E.0036
;WIDTH:0.524693
G1 F5243.794
G1 X142.54 Y110.608 E.00394
;WIDTH:0.56657
G1 F4824.436
G1 X142.521 Y110.506 E.00428
;WIDTH:0.587509
G1 F4638.944
G1 X142.501 Y110.404 E.00445
G1 X142.491 Y110.335 F18000
;WIDTH:0.635083
G1 F4266.251
G1 X142.493 Y109.714 E.02903
G1 X141.866 Y108.256 F18000
;WIDTH:0.521342
G1 F5280.518
G1 X142.09 Y108.593 E.01529
G1 X142.316 Y109.112 E.02138
;WIDTH:0.54064
G1 F5075.777
G1 X142.374 Y109.293 E.00747
;WIDTH:0.579236
G1 F4710.499
G1 X142.432 Y109.474 E.00805
;WIDTH:0.617832
G1 F4394.265
G1 X142.49 Y109.654 E.00863
G1 X142.509 Y109.465 E.00863
;WIDTH:0.579236
G1 F4710.499
G1 X142.529 Y109.276 E.00805
;WIDTH:0.525806
G1 F5231.703
G1 X142.548 Y109.087 E.00725
G1 X142.548 Y108.256 E.0317
G1 X141.926 Y108.256 E.02374
G1 X139.939 Y107.934 F18000
G1 X139.721 Y107.9
G1 X139.5 Y107.888
G1 X139.309 Y107.898
G1 X139.066 Y107.933
G1 X138.847 Y107.992
G1 X138.641 Y108.071
G1 X138.444 Y108.171
G1 X138.259 Y108.292
G1 X138.087 Y108.431
G1 X137.931 Y108.587
G1 X137.792 Y108.759
G1 X137.671 Y108.944
G1 X137.571 Y109.141
G1 X137.492 Y109.348
G1 X137.434 Y109.561
G1 X137.4 Y109.779
G1 X137.388 Y110
G1 X137.397 Y110.164
G1 X96.42 Y127.283
G1 X96.975 Y127.195
;WIDTH:0.420461
G1 F6000
G1 X96.975 Y76.342 E1.51659
G1 X96.597 Y76.342 E.01126
G1 X96.597 Y125.139 E1.45525
G1 X96.22 Y124.386 E.0251
G1 X96.22 Y76.342 E1.43281
G1 X95.842 Y76.342 E.01126
G1 X95.842 Y123.805 E1.41547
G1 X95.465 Y123.332 E.01805
G1 X95.465 Y76.342 E1.40137
G1 X95.087 Y76.342 E.01126
G1 X95.087 Y122.927 E1.38928
G2 X94.71 Y122.569 I-1.89 J1.616 E.01554
G1 X94.71 Y76.342 E1.37862
G1 X94.332 Y76.342 E.01126
G1 X94.332 Y122.263 E1.3695
G2 X93.955 Y122.002 I-1.434 J1.665 E.01373
G1 X93.955 Y76.342 E1.36169
G1 X93.577 Y76.342 E.01126
G1 X93.577 Y121.759 E1.35447
G1 X93.199 Y121.567 E.01264
G1 X93.199 Y76.342 E1.34873
G1 X92.822 Y76.342 E.01126
G1 X92.822 Y121.388 E1.34338
G1 X92.444 Y121.243 E.01206
G1 X92.444 Y76.342 E1.33906
G1 X92.067 Y76.342 E.01126
G1 X92.067 Y121.116 E1.33528
G1 X91.689 Y121.015 E.01166
G1 X91.689 Y76.342 E1.33226
G1 X91.312 Y76.342 E.01126
G1 X91.312 Y120.934 E1.32985
G1 X90.934 Y120.874 E.0114
G1 X90.934 Y76.342 E1.32806
G1 X90.557 Y76.342 E.01126
G1 X90.557 Y120.835 E1.3269
G1 X90.179 Y120.815 E.01127
G1 X90.179 Y76.342 E1.32631
G1 X89.802 Y76.342 E.01126
G1 X89.802 Y120.816 E1.32634
G1 X89.424 Y120.836 E.01127
G1 X89.424 Y76.342 E1.32693
G1 X89.046 Y76.342 E.01126
G1 X89.046 Y120.877 E1.32815
G1 X88.669 Y120.937 E.0114
G1 X88.669 Y76.342 E1.32994
G1 X88.291 Y76.342 E.01126
G1 X88.291 Y121.02 E1.33242
G1 X87.914 Y121.121 E.01166
G1 X87.914 Y76.342 E1.33543
G1 X87.536 Y76.342 E.01126
G1 X87.536 Y121.25 E1.33928
G1 X87.159 Y121.395 E.01206
G1 X87.159 Y76.342 E1.3436
G1 X86.781 Y76.342 E.01126
G1 X86.781 Y121.577 E1.34902
G1 X86.404 Y121.769 E.01264
G1 X86.404 Y76.342 E1.35476
G1 X86.026 Y76.342 E.01126
G1 X86.026 Y122.014 E1.36207
G2 X85.649 Y122.279 I1.071 J1.929 E.01378
G1 X85.649 Y76.342 E1.36997
G1 X85.271 Y76.342 E.01126
G1 X85.271 Y122.585 E1.37908
G2 X84.894 Y122.946 I1.529 J1.976 E.01561
G1 X84.894 Y76.342 E1.38986
G1 X84.516 Y76.342 E.01126
G1 X84.516 Y123.356 E1.40208
G1 X84.138 Y123.835 E.01818
G1 X84.138 Y76.342 E1.41636
G1 X83.761 Y76.342 E.01126
G1 X83.761 Y124.42 E1.43381
G1 X83.383 Y125.189 E.02556
G1 X83.383 Y76.342 E1.45675
G1 X83.006 Y76.342 E.01126
G1 X83.006 Y108.661 E.96385
G2 X82.628 Y108.115 I-2.703 J1.463 E.01985
G1 X82.628 Y76.342 E.94754
G1 X82.251 Y76.342 E.01126
G1 X82.251 Y107.763 E.93705
G2 X81.873 Y107.512 I-1.962 J2.542 E.01353
G1 X81.873 Y76.342 E.92956
G1 X81.496 Y76.342 E.01126
G1 X81.496 Y107.34 E.92443
G2 X81.118 Y107.225 I-.735 J1.74 E.01179
G1 X81.118 Y76.342 E.92101
G1 X80.741 Y76.342 E.01126
G1 X80.741 Y107.168 E.91932
G2 X80.363 Y107.163 I-.215 J1.793 E.01128
G1 X80.363 Y76.342 E.91916
G1 X79.985 Y76.342 E.01126
G1 X79.985 Y107.205 E.92043
G2 X79.608 Y107.3 I.86 J4.241 E.01161
G1 X79.608 Y76.342 E.92324
G1 X79.23 Y76.342 E.01126
G1 X79.23 Y107.459 E.92799
G2 X78.853 Y107.683 I.875 J1.906 E.01311
G1 X78.853 Y76.362 E.93408
G2 X78.475 Y76.441 I-.006 J.914 E.01159
G1 X78.466 Y108.017 E.94171
G1 X78.098 Y108.017 E.01098
G1 X78.098 Y76.621 E.93633
G1 X78.028 Y76.662 E.00242
G1 X77.771 Y76.893 E.01032
G1 X77.72 Y76.962 E.00255
G1 X77.72 Y108.017 E.92615
G1 X77.343 Y108.017 E.01126
G1 X77.343 Y77.26 E.91727
; stop printing object esp32_pod_lid.stl id:0 copy 0
;LAYER_CHANGE
;Z:14.64
;HEIGHT:0.200001
G92 E0 ; zero the extruded length again
; BEFORE_LAYER_CHANGE 72 @ 14.64mm
G1 E-1.75 F6000
;WIPE_START
G1 X77.343 Y78.26 E-.75
;WIPE_END
; AFTER_LAYER_CHANGE 72 @ 14.64mm
;_SET_FAN_SPEED_CHANGING_LAYER
; printing object esp32_pod_lid.stl id:0 copy 0
G17
G3 Z14.84 I0 J-.608 P1  F18000
G1 X76.611 Y78.26 Z14.84
G1 X140.984 Y144.389
G1 X140.984 Y144.389
G1 X140.995 Y144.79
G1 Z14.64
G1 E2.5 F6000
M204 P1000
;TYPE:Outer wall
;WIDTH:0.42
G1 F3600
G1 X79.005 Y144.79 E1.84644
G3 X76.21 Y141.995 I.004 J-2.8 E.13074
G1 X76.21 Y78.005 E1.90602
G3 X79.005 Y75.21 I2.8 J.005 E.13074
G1 X140.995 Y75.21 E1.84644
G1 X141.292 Y75.226 E.00886
G3 X143.79 Y78.005 I-.294 J2.777 E.12197
G1 X143.79 Y141.995 E1.90601
G3 X141.054 Y144.789 I-2.8 J-.004 E.12895
G1 X141.034 Y144.387 F18000
G1 X140.984 Y144.389
G1 X140.984 Y144.389
G1 X140.984 Y144.398
M204 P1500
;TYPE:Inner wall
;WIDTH:0.45
G1 F6000
G1 X79.016 Y144.398 E1.99268
G3 X76.602 Y141.984 I-.006 J-2.408 E.122
G1 X76.602 Y78.016 E2.057
G3 X79.016 Y75.602 I2.408 J-.006 E.12199
G1 X140.984 Y75.602 E1.99268
G1 X141.251 Y75.616 E.00857
G3 X143.398 Y78.016 I-.259 J2.392 E.11345
G1 X143.398 Y141.984 E2.05699
G3 X141.044 Y144.397 I-2.408 J.006 E.12007
G1 X140.974 Y143.991 F18000
G1 F6000
G1 X79.026 Y143.991 E1.992
G3 X77.009 Y141.974 I-.016 J-2.001 E.10212
G1 X77.009 Y78.026 E2.05631
G3 X79.026 Y76.009 I2.001 J-.016 E.10212
G1 X140.974 Y76.009 E1.992
G1 X141.208 Y76.021 E.00754
G3 X142.991 Y78.026 I-.241 J2.01 E.09432
G1 X142.991 Y141.974 E2.05631
G3 X141.033 Y143.99 I-2.001 J.016 E.1002
G1 E-1.75
;WIPE_START
G1 X140.033 Y143.99 E-.75
;WIPE_END
G1 X140.033 Y144.389 Z14.84 F18000
G1 X139.469 Y112.11
G1 X139.49 Y111.709
G1 Z14.64
G1 E2.5 F6000
M204 P1000
;TYPE:Outer wall
;WIDTH:0.42
G1 F3600
G1 X139.5 Y111.708 E.00032
G2 X139.5 Y108.29 I.009 J-1.709 E.16048
G1 X139.34 Y108.298 E.00478
G2 X139.145 Y111.668 I.169 J1.701 E.14395
G1 X139.43 Y111.702 E.00854
G1 X139.409 Y112.107 F18000
G1 X139.5 Y112.112
G1 X139.535 Y112.11
G1 X139.535 Y112.099
M204 P1500
;TYPE:Inner wall
;WIDTH:0.45
G1 F6000
G1 X139.937 Y112.057 E.01301
G2 X139.72 Y107.908 I-.432 J-2.057 E.19143
G2 X139.301 Y107.907 I-.215 J1.991 E.0135
G2 X139.475 Y112.101 I.204 J2.092 E.20481
G1 X139.536 Y112.509 F18000
G1 F6000
G1 X139.762 Y112.495 E.0073
G2 X139.762 Y107.503 I-.257 J-2.496 E.23694
G2 X139.26 Y107.502 I-.257 J2.386 E.01617
G2 X139.476 Y112.508 I.245 J2.497 E.24464
G1 E-1.75
;WIPE_START
G1 X139.762 Y112.495 E-.21515
G1 X140.022 Y112.456 E-.19712
G1 X140.276 Y112.388 E-.1971
G1 X140.451 Y112.321 E-.14063
;WIPE_END
G1 X140.308 Y111.949 Z14.84 F18000
G1 X81.72 Y111.722
G1 X81.556 Y111.829
G1 X81.359 Y111.929
G1 X81.153 Y112.008
G1 X80.939 Y112.066
G1 X80.721 Y112.1
G1 X80.5 Y112.112
G1 X80.469 Y112.11
G1 X80.49 Y111.709
G1 Z14.64
G1 E2.5 F6000
M204 P1000
;TYPE:Outer wall
;WIDTH:0.42
G1 F3600
G1 X80.5 Y111.708 E.00032
G2 X80.5 Y108.29 I.009 J-1.709 E.16048
G1 X80.34 Y108.298 E.00478
G2 X80.145 Y111.668 I.169 J1.701 E.14395
G1 X80.43 Y111.702 E.00854
G1 X80.409 Y112.107 F18000
G1 X80.5 Y112.112
G1 X80.535 Y112.11
G1 X80.535 Y112.099
M204 P1500
;TYPE:Inner wall
;WIDTH:0.45
G1 F6000
G1 X80.937 Y112.057 E.01301
G2 X80.72 Y107.908 I-.432 J-2.057 E.19143
G2 X80.301 Y107.907 I-.215 J1.991 E.0135
G2 X80.475 Y112.101 I.204 J2.092 E.20481
G1 X80.536 Y112.509 F18000
G1 F6000
G1 X80.762 Y112.495 E.0073
G2 X80.762 Y107.503 I-.257 J-2.496 E.23694
G2 X80.26 Y107.502 I-.257 J2.386 E.01617
G2 X80.476 Y112.508 I.245 J2.497 E.24464
G1 E-1.75
;WIPE_START
G1 X80.762 Y112.495 E-.21514
G1 X81.022 Y112.456 E-.19712
G1 X81.276 Y112.388 E-.1971
G1 X81.451 Y112.321 E-.14063
;WIPE_END
G1 X81.308 Y111.949 Z14.84 F18000
G1 X83.574 Y128.675
G1 X83.68 Y129.343
G1 X83.855 Y129.997
G1 X84.097 Y130.628
G1 X84.404 Y131.231
G1 X84.772 Y131.798
G1 X85.198 Y132.324
G1 X85.676 Y132.802
G1 X86.202 Y133.228
G1 X86.769 Y133.596
G1 X87.372 Y133.903
G1 X88.003 Y134.145
G1 X88.657 Y134.32
G1 X89.325 Y134.426
G1 X89.662 Y134.444
G1 X89.979 Y134.461
G1 X90 Y134.052
G1 Z14.64
G1 E2.5 F6000
M204 P1000
;TYPE:Outer wall
;WIDTH:0.42
G1 F3600
G2 X90 Y121.94 I0 J-6.056 E.56672
G1 X89.462 Y121.968 E.01605
G1 X89.367 Y121.973 E.00284
G2 X89.94 Y134.052 I.633 J6.023 E.54605
G1 X89.919 Y134.457 F18000
G1 X89.98 Y134.461
G1 X89.98 Y134.452
M204 P1500
;TYPE:Inner wall
;WIDTH:0.45
G1 F6000
G1 X90 Y134.444 E.00068
G2 X90 Y121.547 I0 J-6.449 E.65144
G1 X89.441 Y121.576 E.01799
G1 X89.325 Y121.582 E.00373
G2 X89.326 Y134.409 I.674 J6.413 E.60804
G1 X89.921 Y134.448 E.01915
G1 X89.961 Y134.859 F18000
G1 F6000
G1 X90 Y134.851 E.00128
G2 X90 Y121.139 I0 J-6.856 E.69259
G1 X89.42 Y121.17 E.01868
G1 X89.283 Y121.177 E.00441
G2 X89.284 Y134.814 I.717 J6.818 E.64644
G1 X89.901 Y134.855 E.01989
G1 X78.259 Y143.657 F18000
M204 P2000
;TYPE:Internal solid infill
;WIDTH:0.421088
G1 F6000
G1 X140.963 Y143.657 E1.87312
G2 X141.972 Y143.338 I-.036 J-1.874 E.03205
G1 X142.039 Y143.279 E.00267
G1 X77.961 Y143.279 E1.91417
G1 X77.893 Y143.229 E.0025
G1 X77.662 Y142.972 E.01034
G1 X77.62 Y142.901 E.00248
G1 X142.379 Y142.901 E1.93453
G1 X142.433 Y142.827 E.00271
G1 X142.568 Y142.522 E.00997
G1 X77.44 Y142.522 E1.94556
G3 X77.362 Y142.144 I.838 J-.37 E.01162
G1 X142.648 Y142.144 E1.95028
G2 X142.658 Y141.766 I-3.611 J-.279 E.01131
G1 X77.342 Y141.766 E1.95113
G1 X77.342 Y141.388 E.0113
G1 X142.658 Y141.388 E1.95113
G1 X142.658 Y141.01 E.0113
G1 X77.342 Y141.01 E1.95113
G1 X77.342 Y140.632 E.0113
G1 X142.658 Y140.632 E1.95113
G1 X142.658 Y140.253 E.0113
G1 X77.342 Y140.253 E1.95113
G1 X77.342 Y139.875 E.0113
G1 X142.658 Y139.875 E1.95113
G1 X142.658 Y139.497 E.0113
G1 X77.342 Y139.497 E1.95113
G1 X77.342 Y139.119 E.0113
G1 X142.658 Y139.119 E1.95113
G1 X142.658 Y138.741 E.0113
G1 X77.342 Y138.741 E1.95113
G1 X77.342 Y138.363 E.0113
G1 X142.658 Y138.363 E1.95113
G1 X142.658 Y137.984 E.0113
G1 X77.342 Y137.984 E1.95113
G1 X77.342 Y137.606 E.0113
G1 X142.658 Y137.606 E1.95113
G1 X142.658 Y137.228 E.0113
G1 X77.342 Y137.228 E1.95113
G1 X77.342 Y136.85 E.0113
G1 X142.658 Y136.85 E1.95113
G1 X142.658 Y136.472 E.0113
G1 X77.342 Y136.472 E1.95113
G1 X77.342 Y136.094 E.0113
G1 X142.658 Y136.094 E1.95113
G1 X142.658 Y135.715 E.0113
G1 X77.342 Y135.715 E1.95113
G1 X77.342 Y135.337 E.0113
G1 X142.827 Y135.337 E1.9562
G1 X142.827 Y112.269 F18000
G1 F6000
G1 X141.212 Y112.269 E.04826
G3 X140.53 Y112.647 I-1.446 J-1.803 E.02339
G1 X142.658 Y112.647 E.06355
G1 X142.658 Y113.025 E.0113
G1 X77.342 Y113.025 E1.95113
G1 X77.342 Y113.403 E.0113
G1 X142.658 Y113.403 E1.95113
G1 X142.658 Y113.782 E.0113
G1 X77.342 Y113.782 E1.95113
G1 X77.342 Y114.16 E.0113
G1 X142.658 Y114.16 E1.95113
G1 X142.658 Y114.538 E.0113
G1 X77.342 Y114.538 E1.95113
G1 X77.342 Y114.916 E.0113
G1 X142.658 Y114.916 E1.95113
G1 X142.658 Y115.294 E.0113
G1 X77.342 Y115.294 E1.95113
G1 X77.342 Y115.672 E.0113
G1 X142.658 Y115.672 E1.95113
G1 X142.658 Y116.051 E.0113
G1 X77.342 Y116.051 E1.95113
G1 X77.342 Y116.429 E.0113
G1 X142.658 Y116.429 E1.95113
G1 X142.658 Y116.807 E.0113
G1 X77.342 Y116.807 E1.95113
G1 X77.342 Y117.185 E.0113
G1 X142.658 Y117.185 E1.95113
G1 X142.658 Y117.563 E.0113
G1 X77.342 Y117.563 E1.95113
G1 X77.342 Y117.942 E.0113
G1 X142.658 Y117.942 E1.95113
G1 X142.658 Y118.32 E.0113
G1 X77.342 Y118.32 E1.95113
G1 X77.342 Y118.698 E.0113
G1 X142.658 Y118.698 E1.95113
G1 X142.658 Y119.076 E.0113
G1 X77.342 Y119.076 E1.95113
G1 X77.342 Y119.454 E.0113
G1 X142.658 Y119.454 E1.95113
G1 X142.658 Y119.832 E.0113
G1 X77.342 Y119.832 E1.95113
G1 X77.342 Y120.211 E.0113
G1 X142.658 Y120.211 E1.95113
G1 X142.658 Y120.589 E.0113
G1 X77.342 Y120.589 E1.95113
G1 X77.342 Y120.967 E.0113
G1 X142.658 Y120.967 E1.95113
G1 X142.658 Y121.345 E.0113
G1 X92.711 Y121.345 E1.49203
G1 X92.926 Y121.428 E.00688
G1 X93.506 Y121.723 E.01945
G1 X142.658 Y121.723 E1.46827
G1 X142.658 Y122.101 E.0113
G1 X94.108 Y122.101 E1.45029
G3 X94.599 Y122.48 I-1.554 J2.525 E.01855
G1 X142.658 Y122.48 E1.43563
G1 X142.658 Y122.858 E.0113
G1 X95.018 Y122.858 E1.42311
G3 X95.387 Y123.236 I-1.614 J1.942 E.01581
G1 X142.658 Y123.236 E1.4121
G1 X142.658 Y123.614 E.0113
G1 X95.693 Y123.614 E1.40295
G3 X95.964 Y123.992 I-1.664 J1.478 E.01392
G1 X142.658 Y123.992 E1.39486
G1 X142.658 Y124.37 E.0113
G1 X96.209 Y124.37 E1.38753
G3 X96.407 Y124.749 I-1.702 J1.128 E.01276
G1 X142.658 Y124.749 E1.38163
G1 X142.658 Y125.127 E.0113
G1 X96.593 Y125.127 E1.37607
G1 X96.738 Y125.505 E.0121
G1 X142.658 Y125.505 E1.37174
G1 X142.658 Y125.883 E.0113
G1 X96.871 Y125.883 E1.36777
G1 X96.972 Y126.261 E.0117
G1 X142.658 Y126.261 E1.36474
G1 X142.658 Y126.639 E.0113
G1 X97.059 Y126.639 E1.36216
G1 X97.118 Y127.018 E.01144
G1 X142.658 Y127.018 E1.36037
G1 X142.658 Y127.396 E.0113
G1 X97.163 Y127.396 E1.35905
G1 X97.183 Y127.774 E.01131
G1 X142.658 Y127.774 E1.35846
G1 X142.658 Y128.152 E.0113
G1 X97.186 Y128.152 E1.35834
G1 X97.167 Y128.53 E.01131
G1 X142.658 Y128.53 E1.35893
G1 X142.658 Y128.908 E.0113
G1 X97.13 Y128.908 E1.36002
G1 X97.07 Y129.287 E.01144
G1 X142.658 Y129.287 E1.36181
G1 X142.658 Y129.665 E.0113
G1 X96.992 Y129.665 E1.36415
G1 X96.891 Y130.043 E.0117
G1 X142.658 Y130.043 E1.36718
G1 X142.658 Y130.421 E.0113
G1 X96.766 Y130.421 E1.37089
G1 X96.621 Y130.799 E.0121
G1 X142.658 Y130.799 E1.37523
G1 X142.658 Y131.177 E.0113
G1 X96.444 Y131.177 E1.38051
G1 X96.252 Y131.556 E.01268
G1 X142.658 Y131.556 E1.38626
G1 X142.658 Y131.934 E.0113
G1 X96.012 Y131.934 E1.39342
G3 X95.753 Y132.312 I-1.929 J-1.043 E.01372
G1 X142.658 Y132.312 E1.40116
G1 X142.658 Y132.69 E.0113
G1 X95.447 Y132.69 E1.4103
G3 X95.092 Y133.068 I-1.975 J-1.497 E.01551
G1 X142.658 Y133.068 E1.4209
G1 X142.658 Y133.446 E.0113
G1 X94.691 Y133.446 E1.4329
G1 X94.222 Y133.825 E.01798
G1 X142.658 Y133.825 E1.44689
G1 X142.658 Y134.203 E.0113
G1 X93.64 Y134.203 E1.46428
G1 X92.904 Y134.581 E.02471
G1 X142.658 Y134.581 E1.48626
G1 X142.658 Y134.959 E.0113
G1 X91.787 Y134.959 E1.51963
G1 X91.496 Y135.037 E.00901
G3 X88.213 Y134.959 I-1.471 J-7.212 E.09893
G1 X77.342 Y134.959 E.32472
G1 X77.342 Y134.581 E.0113
G1 X87.096 Y134.581 E.29136
G1 X86.36 Y134.203 E.02471
G1 X77.342 Y134.203 E.26938
G1 X77.342 Y133.825 E.0113
G1 X85.778 Y133.825 E.25198
G1 X85.309 Y133.446 E.01798
G1 X77.342 Y133.446 E.23799
G1 X77.342 Y133.068 E.0113
G1 X84.908 Y133.068 E.22599
G3 X84.553 Y132.69 I1.621 J-1.875 E.01551
G1 X77.342 Y132.69 E.2154
G1 X77.342 Y132.312 E.0113
G1 X84.247 Y132.312 E.20626
G3 X83.988 Y131.934 I1.67 J-1.421 E.01372
G1 X77.342 Y131.934 E.19852
G1 X77.342 Y131.556 E.0113
G1 X83.748 Y131.556 E.19136
G1 X83.556 Y131.177 E.01268
G1 X77.342 Y131.177 E.1856
G1 X77.342 Y130.799 E.0113
G1 X83.379 Y130.799 E.18032
G1 X83.234 Y130.421 E.0121
G1 X77.342 Y130.421 E.17599
G1 X77.342 Y130.043 E.0113
G1 X83.109 Y130.043 E.17227
G1 X83.008 Y129.665 E.0117
G1 X77.342 Y129.665 E.16925
G1 X77.342 Y129.287 E.0113
G1 X82.93 Y129.287 E.16691
G1 X82.87 Y128.908 E.01144
G1 X77.342 Y128.908 E.16512
G1 X77.342 Y128.53 E.0113
G1 X82.833 Y128.53 E.16403
G1 X82.814 Y128.152 E.01131
G1 X77.342 Y128.152 E.16344
G1 X77.342 Y127.774 E.0113
G1 X82.817 Y127.774 E.16355
G1 X82.837 Y127.396 E.01131
G1 X77.342 Y127.396 E.16414
G1 X77.342 Y127.018 E.0113
G1 X82.882 Y127.018 E.16547
G1 X82.941 Y126.639 E.01144
G1 X77.342 Y126.639 E.16726
G1 X77.342 Y126.261 E.0113
G1 X83.028 Y126.261 E.16984
G1 X83.129 Y125.883 E.0117
G1 X77.342 Y125.883 E.17287
G1 X77.342 Y125.505 E.0113
G1 X83.262 Y125.505 E.17684
G1 X83.407 Y125.127 E.0121
G1 X77.342 Y125.127 E.18117
G1 X77.342 Y124.749 E.0113
G1 X83.593 Y124.749 E.18673
G3 X83.791 Y124.37 I1.899 J.75 E.01276
G1 X77.342 Y124.37 E.19262
G1 X77.342 Y123.992 E.0113
G1 X84.036 Y123.992 E.19996
G3 X84.307 Y123.614 I1.935 J1.099 E.01392
G1 X77.342 Y123.614 E.20805
G1 X77.342 Y123.236 E.0113
G1 X84.613 Y123.236 E.21719
G3 X84.982 Y122.858 I1.982 J1.564 E.01581
G1 X77.342 Y122.858 E.22821
G1 X77.342 Y122.48 E.0113
G1 X85.401 Y122.48 E.24073
G3 X85.892 Y122.101 I2.045 J2.147 E.01855
G1 X77.342 Y122.101 E.25539
G1 X77.342 Y121.723 E.0113
G1 X86.494 Y121.723 E.27337
G1 X87.074 Y121.428 E.01945
G1 X87.289 Y121.345 E.00688
G1 X77.173 Y121.345 E.30219
G1 X79.09 Y112.269 F18000
G1 F6000
G1 X77.342 Y112.269 E.05221
G1 X77.342 Y112.647 E.0113
G1 X79.47 Y112.647 E.06355
G2 X81.53 Y112.647 I1.03 J-2.587 E.06304
G1 X138.47 Y112.647 E1.70094
G3 X137.788 Y112.269 I.765 J-2.181 E.02339
G1 X82.212 Y112.269 E1.66022
G2 X82.624 Y111.891 I-2.294 J-2.915 E.01673
G1 X137.376 Y111.891 E1.63559
G3 X137.095 Y111.513 I1.66 J-1.525 E.01409
G1 X82.905 Y111.513 E1.61882
G2 X83.107 Y111.134 I-3.13 J-1.92 E.01282
G1 X136.893 Y111.134 E1.60672
G3 X136.762 Y110.756 I1.732 J-.811 E.01198
G1 X83.238 Y110.756 E1.59889
G2 X83.316 Y110.378 I-1.761 J-.56 E.01156
G1 X136.684 Y110.378 E1.59424
G3 X136.656 Y110 I1.791 J-.325 E.01135
G1 X83.344 Y110 E1.59254
G2 X83.316 Y109.622 I-1.819 J-.053 E.01135
G1 X136.684 Y109.622 E1.59424
G3 X136.762 Y109.244 I1.838 J.182 E.01156
G1 X83.238 Y109.244 E1.5989
G2 X83.107 Y108.865 I-1.863 J.433 E.01198
G1 X136.893 Y108.865 E1.60672
G3 X137.095 Y108.487 I3.333 J1.542 E.01282
G1 X82.905 Y108.487 E1.61882
G2 X82.624 Y108.109 I-1.94 J1.147 E.01409
G1 X137.376 Y108.109 E1.63559
G3 X137.788 Y107.731 I2.707 J2.538 E.01673
G1 X82.212 Y107.731 E1.66022
G2 X81.53 Y107.353 I-1.446 J1.804 E.0234
G1 X138.47 Y107.353 E1.70094
G3 X138.904 Y107.219 I.854 J1.999 E.0136
G1 X138.904 Y107.081 E.00412
G1 X142.658 Y107.081 E.11212
G1 X142.658 Y106.975 E.00318
G1 X77.342 Y106.975 E1.95113
G1 X77.342 Y106.596 E.0113
G1 X142.658 Y106.596 E1.95113
G1 X142.658 Y106.218 E.0113
G1 X77.342 Y106.218 E1.95113
G1 X77.342 Y105.84 E.0113
G1 X142.658 Y105.84 E1.95113
G1 X142.658 Y105.462 E.0113
G1 X77.342 Y105.462 E1.95113
G1 X77.342 Y105.084 E.0113
G1 X142.658 Y105.084 E1.95113
G1 X142.658 Y104.706 E.0113
G1 X77.342 Y104.706 E1.95113
G1 X77.342 Y104.327 E.0113
G1 X142.658 Y104.327 E1.95113
G1 X142.658 Y103.949 E.0113
G1 X77.342 Y103.949 E1.95113
G1 X77.342 Y103.571 E.0113
G1 X142.658 Y103.571 E1.95113
G1 X142.658 Y103.193 E.0113
G1 X77.342 Y103.193 E1.95113
G1 X77.342 Y102.815 E.0113
G1 X142.658 Y102.815 E1.95113
G1 X142.658 Y102.437 E.0113
G1 X77.342 Y102.437 E1.95113
G1 X77.342 Y102.058 E.0113
G1 X142.658 Y102.058 E1.95113
G1 X142.658 Y101.68 E.0113
G1 X77.342 Y101.68 E1.95113
G1 X77.342 Y101.302 E.0113
G1 X142.658 Y101.302 E1.95113
G1 X142.658 Y100.924 E.0113
G1 X77.342 Y100.924 E1.95113
G1 X77.342 Y100.546 E.0113
G1 X142.658 Y100.546 E1.95113
G1 X142.658 Y100.168 E.0113
G1 X77.342 Y100.168 E1.95113
G1 X77.342 Y99.789 E.0113
G1 X142.658 Y99.789 E1.95113
G1 X142.658 Y99.411 E.0113
G1 X77.342 Y99.411 E1.95113
G1 X77.342 Y99.033 E.0113
G1 X142.658 Y99.033 E1.95113
G1 X142.658 Y98.655 E.0113
G1 X77.342 Y98.655 E1.95113
G1 X77.342 Y98.277 E.0113
G1 X142.658 Y98.277 E1.95113
G1 X142.658 Y97.899 E.0113
G1 X77.342 Y97.899 E1.95113
G1 X77.342 Y97.52 E.0113
G1 X142.658 Y97.52 E1.95113
G1 X142.658 Y97.142 E.0113
G1 X77.342 Y97.142 E1.95113
G1 X77.342 Y96.764 E.0113
G1 X142.658 Y96.764 E1.95113
G1 X142.658 Y96.386 E.0113
G1 X77.342 Y96.386 E1.95113
G1 X77.342 Y96.008 E.0113
G1 X142.658 Y96.008 E1.95113
G1 X142.658 Y95.63 E.0113
G1 X77.342 Y95.63 E1.95113
G1 X77.342 Y95.251 E.0113
G1 X142.658 Y95.251 E1.95113
G1 X142.658 Y94.873 E.0113
G1 X77.342 Y94.873 E1.95113
G1 X77.342 Y94.495 E.0113
G1 X142.658 Y94.495 E1.95113
G1 X142.658 Y94.117 E.0113
G1 X77.342 Y94.117 E1.95113
G1 X77.342 Y93.739 E.0113
G1 X142.658 Y93.739 E1.95113
G1 X142.658 Y93.361 E.0113
G1 X77.342 Y93.361 E1.95113
G1 X77.342 Y92.982 E.0113
G1 X142.658 Y92.982 E1.95113
G1 X142.658 Y92.604 E.0113
G1 X77.342 Y92.604 E1.95113
G1 X77.342 Y92.226 E.0113
G1 X142.658 Y92.226 E1.95113
G1 X142.658 Y91.848 E.0113
G1 X77.342 Y91.848 E1.95113
G1 X77.342 Y91.47 E.0113
G1 X142.658 Y91.47 E1.95113
G1 X142.658 Y91.092 E.0113
G1 X77.342 Y91.092 E1.95113
G1 X77.342 Y90.713 E.0113
G1 X142.658 Y90.713 E1.95113
G1 X142.658 Y90.335 E.0113
G1 X77.342 Y90.335 E1.95113
G1 X77.342 Y89.957 E.0113
G1 X142.658 Y89.957 E1.95113
G1 X142.658 Y89.579 E.0113
G1 X77.342 Y89.579 E1.95113
G1 X77.342 Y89.201 E.0113
G1 X142.658 Y89.201 E1.95113
G1 X142.658 Y88.823 E.0113
G1 X77.342 Y88.823 E1.95113
G1 X77.342 Y88.444 E.0113
G1 X142.658 Y88.444 E1.95113
G1 X142.658 Y88.066 E.0113
G1 X77.342 Y88.066 E1.95113
G1 X77.342 Y87.688 E.0113
G1 X142.658 Y87.688 E1.95113
G1 X142.658 Y87.31 E.0113
G1 X77.342 Y87.31 E1.95113
G1 X77.342 Y86.932 E.0113
G1 X142.658 Y86.932 E1.95113
G1 X142.658 Y86.554 E.0113
G1 X77.342 Y86.554 E1.95113
G1 X77.342 Y86.175 E.0113
G1 X142.658 Y86.175 E1.95113
G1 X142.658 Y85.797 E.0113
G1 X77.342 Y85.797 E1.95113
G1 X77.342 Y85.419 E.0113
G1 X142.658 Y85.419 E1.95113
G1 X142.658 Y85.041 E.0113
G1 X77.342 Y85.041 E1.95113
G1 X77.342 Y84.663 E.0113
G1 X142.658 Y84.663 E1.95113
G1 X142.658 Y84.285 E.0113
G1 X77.342 Y84.285 E1.95113
G1 X77.342 Y83.906 E.0113
G1 X142.658 Y83.906 E1.95113
G1 X142.658 Y83.528 E.0113
G1 X77.342 Y83.528 E1.95113
G1 X77.342 Y83.15 E.0113
G1 X142.658 Y83.15 E1.95113
G1 X142.658 Y82.772 E.0113
G1 X77.342 Y82.772 E1.95113
G1 X77.342 Y82.394 E.0113
G1 X142.658 Y82.394 E1.95113
G1 X142.658 Y82.016 E.0113
G1 X77.342 Y82.016 E1.95113
G1 X77.342 Y81.637 E.0113
G1 X142.658 Y81.637 E1.95113
G1 X142.658 Y81.259 E.0113
G1 X77.342 Y81.259 E1.95113
G1 X77.342 Y80.881 E.0113
G1 X142.658 Y80.881 E1.95113
G1 X142.658 Y80.503 E.0113
G1 X77.342 Y80.503 E1.95113
G1 X77.342 Y80.125 E.0113
G1 X142.658 Y80.125 E1.95113
G1 X142.658 Y79.747 E.0113
G1 X77.342 Y79.747 E1.95113
G1 X77.342 Y79.368 E.0113
G1 X142.658 Y79.368 E1.95113
G1 X142.658 Y78.99 E.0113
G1 X77.342 Y78.99 E1.95113
G1 X77.342 Y78.612 E.0113
G1 X142.658 Y78.612 E1.95113
G1 X142.658 Y78.234 E.0113
G1 X77.342 Y78.234 E1.95113
G3 X77.352 Y77.856 I3.621 J-.099 E.01131
G1 X142.648 Y77.856 E1.95057
G1 X142.568 Y77.478 E.01155
G1 X77.432 Y77.478 E1.9458
G1 X77.567 Y77.173 E.00997
G1 X77.621 Y77.099 E.00271
G1 X142.379 Y77.099 E1.93451
G2 X142.039 Y76.721 I-1.061 J.613 E.01532
G1 X77.961 Y76.721 E1.91415
G3 X79.037 Y76.343 I1.052 J1.272 E.03479
G1 X141.741 Y76.343 E1.87311
G1 X141.885 Y111.742 F18000
;WIDTH:0.524188
G1 F5249.291
G1 X142.547 Y111.742 E.02514
;WIDTH:0.507342
G1 F5439.702
G1 X142.564 Y111.487 E.00938
;WIDTH:0.47365
G1 F5865.206
G1 X142.58 Y111.232 E.0087
;WIDTH:0.434324
G1 F6000
G1 X142.603 Y110.948 E.00881
;WIDTH:0.389366
G1 X142.625 Y110.664 E.0078
;WIDTH:0.389437
G1 X142.603 Y110.591 E.00211
;WIDTH:0.434535
G1 X142.58 Y110.517 E.00238
;WIDTH:0.479634
G1 F5784.838
G1 X142.558 Y110.443 E.00266
;WIDTH:0.524732
G1 F5243.367
G1 X142.535 Y110.37 E.00293
;WIDTH:0.569831
G1 F4794.585
G1 X142.513 Y110.296 E.0032
;WIDTH:0.614929
G1 F4416.569
G1 X142.49 Y110.223 E.00348
G1 X142.46 Y110.288 E.00325
;WIDTH:0.569831
G1 F4794.585
G1 X142.43 Y110.353 E.00299
;WIDTH:0.524732
G1 F5243.367
G1 X142.4 Y110.418 E.00274
;WIDTH:0.479634
G1 F5784.838
G1 X142.37 Y110.484 E.00248
;WIDTH:0.434535
G1 F6000
G1 X142.339 Y110.549 E.00222
;WIDTH:0.409335
G1 X142.309 Y110.614 E.00208
G1 X142.177 Y111.168 E.01649
;WIDTH:0.47365
G1 F5865.206
G1 X142.137 Y111.275 E.00387
;WIDTH:0.516084
G1 F5339.196
G1 X142.098 Y111.381 E.00425
G1 X141.916 Y111.691 E.01341
G1 X142.49 Y110.223 F18000
;WIDTH:0.637478
G1 F4249.065
G1 X142.472 Y109.463 E.0357
G1 X141.718 Y107.621 F18000
;WIDTH:0.369152
G1 F6000
G1 X142.098 Y108.043 E.01463
G1 X142.247 Y108.278 E.00718
G1 X142.247 Y107.621 E.01694
G1 X141.778 Y107.621 E.01209
G1 X140.468 Y107.269 F18000
;WIDTH:0.419999
G1 F6000
G1 X140.968 Y107.497 E.01636
G1 X141.456 Y107.857 E.01807
G1 X141.859 Y108.31 E.01807
G1 X142.159 Y108.837 E.01806
;WIDTH:0.441352
G1 X142.214 Y108.939 E.00364
;WIDTH:0.484058
G1 F5726.815
G1 X142.27 Y109.04 E.00403
;WIDTH:0.526764
G1 F5221.343
G1 X142.325 Y109.142 E.00442
;WIDTH:0.56947
G1 F4797.865
G1 X142.381 Y109.243 E.00481
;WIDTH:0.612176
G1 F4437.926
G1 X142.436 Y109.345 E.0052
;WIDTH:0.655137
G1 F4126.507
G1 X142.47 Y109.403 E.00326
;WIDTH:0.655349
G1 F4125.079
G1 X142.492 Y109.297 E.00522
;WIDTH:0.612558
G1 F4434.951
G1 X142.513 Y109.191 E.00486
;WIDTH:0.569767
G1 F4795.161
G1 X142.535 Y109.085 E.00449
;WIDTH:0.526976
G1 F5219.056
G1 X142.556 Y108.979 E.00413
;WIDTH:0.484186
G1 F5725.163
G1 X142.577 Y108.874 E.00376
;WIDTH:0.421256
G1 F6000
G1 X142.599 Y108.768 E.00323
G1 X142.599 Y107.269 E.04478
G1 X140.528 Y107.269 E.06189
G1 X139.029 Y107.206 F18000
;WIDTH:0.38292
G1 F6000
G1 X139.747 Y107.191 E.01927
G1 X139.71 Y107.899 F18000
G1 X82.607 Y110.087
G1 X82.6 Y110.221
G1 X82.566 Y110.439
G1 X82.508 Y110.652
G1 X82.429 Y110.859
G1 X82.329 Y111.056
G1 X82.208 Y111.241
G1 X82.069 Y111.413
G1 X81.913 Y111.569
G1 X81.741 Y111.708
G1 X81.556 Y111.829
G1 X81.359 Y111.929
G1 X81.153 Y112.008
G1 X80.939 Y112.066
G1 X80.721 Y112.1
G1 X80.5 Y112.112
G1 X80.279 Y112.1
G1 X80.061 Y112.066
G1 X79.847 Y112.008
G1 X79.641 Y111.929
G1 X79.444 Y111.829
G1 X79.259 Y111.708
G1 X77.51 Y110.345
;WIDTH:0.616132
G1 F4407.297
G1 X77.491 Y110.535 E.00861
;WIDTH:0.578216
G1 F4719.474
G1 X77.471 Y110.724 E.00804
;WIDTH:0.52269
G1 F5265.684
G1 X77.452 Y110.913 E.0072
G1 X77.452 Y111.744 E.03149
G1 X78.134 Y111.744 E.02586
G1 X77.91 Y111.407 E.01533
G1 X77.684 Y110.888 E.02144
;WIDTH:0.539797
G1 F5084.392
G1 X77.632 Y110.726 E.00668
;WIDTH:0.576706
G1 F4732.825
G1 X77.58 Y110.565 E.00717
;WIDTH:0.595161
G1 F4574.665
G1 X77.528 Y110.403 E.00742
G1 X77.509 Y110.335 F18000
;WIDTH:0.635077
G1 F4266.294
G1 X77.507 Y109.714 E.02902
G1 X78.306 Y107.619 F18000
;WIDTH:0.364954
G1 F6000
G1 X77.751 Y107.619 E.01412
G1 X77.751 Y108.276 E.0167
G1 X78.047 Y107.867 E.01283
G1 X78.262 Y107.661 E.00759
G1 X79.558 Y107.269 F18000
;WIDTH:0.419999
G1 F6000
G1 X77.401 Y107.269 E.06424
G1 X77.401 Y109.087 E.05415
;WIDTH:0.441712
G1 X77.423 Y109.201 E.00364
;WIDTH:0.485137
G1 F5712.848
G1 X77.445 Y109.314 E.00404
;WIDTH:0.528562
G1 F5202.017
G1 X77.466 Y109.428 E.00443
;WIDTH:0.571987
G1 F4775.044
G1 X77.488 Y109.541 E.00483
;WIDTH:0.615412
G1 F4412.844
G1 X77.51 Y109.655 E.00522
G1 X77.555 Y109.548 E.00522
;WIDTH:0.571987
G1 F4775.044
G1 X77.599 Y109.442 E.00483
;WIDTH:0.528562
G1 F5202.017
G1 X77.644 Y109.335 E.00443
;WIDTH:0.485137
G1 F5712.848
G1 X77.689 Y109.229 E.00404
;WIDTH:0.421821
G1 F6000
G3 X77.977 Y108.566 I24.1 J10.08 E.02163
G1 X78.33 Y108.073 E.01815
G1 X78.778 Y107.664 E.01816
G1 X79.302 Y107.357 E.01816
G1 X79.501 Y107.289 E.00631
G1 X79.92 Y107.213 F18000
;WIDTH:0.38292
G1 F6000
G3 X80.907 Y107.206 I.527 J4.629 E.02658
; stop printing object esp32_pod_lid.stl id:0 copy 0
;LAYER_CHANGE
;Z:14.84
;HEIGHT:0.2
G92 E0 ; zero the extruded length again
; BEFORE_LAYER_CHANGE 73 @ 14.84mm
G1 E-1.75 F6000
;WIPE_START
G1 X80.512 Y107.184 E-.30063
G1 X79.92 Y107.213 E-.44937
;WIPE_END
; AFTER_LAYER_CHANGE 73 @ 14.84mm
;_SET_FAN_SPEED_CHANGING_LAYER
; printing object esp32_pod_lid.stl id:0 copy 0
G17
G3 Z15.04 I-.597 J.119 P1  F18000
G1 X80.063 Y107.934 Z15.04
G1 X80.291 Y107.899
G1 X80.5 Y107.888
G1 X80.721 Y107.9
G1 X80.939 Y107.934
G1 X81.153 Y107.992
G1 X81.359 Y108.071
G1 X81.556 Y108.171
G1 X81.741 Y108.292
G1 X81.913 Y108.431
G1 X81.935 Y108.453
G1 X140.984 Y144.389
G1 X140.995 Y144.79
G1 Z14.84
G1 E2.5 F6000
M204 P1000
;TYPE:Outer wall
;WIDTH:0.42
G1 F3600
G1 X79.005 Y144.79 E1.84644
G3 X76.21 Y141.995 I.004 J-2.8 E.13074
G1 X76.21 Y78.005 E1.90602
G3 X79.005 Y75.21 I2.8 J.005 E.13074
G1 X140.995 Y75.21 E1.84644
G1 X141.292 Y75.226 E.00886
G3 X143.79 Y78.005 I-.294 J2.777 E.12197
G1 X143.79 Y141.995 E1.90601
G3 X141.054 Y144.789 I-2.8 J-.004 E.12895
G1 X141.034 Y144.387 F18000
G1 X140.984 Y144.389
G1 X140.984 Y144.389
G1 X140.984 Y144.398
M204 P1500
;TYPE:Inner wall
;WIDTH:0.45
G1 F6000
G1 X79.016 Y144.398 E1.99268
G3 X76.602 Y141.984 I-.006 J-2.408 E.122
G1 X76.602 Y78.016 E2.057
G3 X79.016 Y75.602 I2.408 J-.006 E.12199
G1 X140.984 Y75.602 E1.99268
G1 X141.251 Y75.616 E.00857
G3 X143.398 Y78.016 I-.259 J2.392 E.11345
G1 X143.398 Y141.984 E2.05699
G3 X141.044 Y144.397 I-2.408 J.006 E.12007
G1 X140.974 Y143.991 F18000
G1 F6000
G1 X79.026 Y143.991 E1.992
G3 X77.009 Y141.974 I-.016 J-2.001 E.10212
G1 X77.009 Y78.026 E2.05631
G3 X79.026 Y76.009 I2.001 J-.016 E.10212
G1 X140.974 Y76.009 E1.992
G1 X141.208 Y76.021 E.00754
G3 X142.991 Y78.026 I-.241 J2.01 E.09432
G1 X142.991 Y141.974 E2.05631
G3 X141.033 Y143.99 I-2.001 J.016 E.1002
G1 E-1.75
;WIPE_START
G1 X140.033 Y143.99 E-.75
;WIPE_END
G1 X140.033 Y144.389 Z15.04 F18000
G1 X139.466 Y112.11
G1 X139.487 Y111.709
G1 Z14.84
G1 E2.5 F6000
M204 P1000
;TYPE:Outer wall
;WIDTH:0.42
G1 F3600
G1 X139.5 Y111.708 E.00038
G2 X139.5 Y108.29 I.005 J-1.709 E.16025
G1 X139.332 Y108.298 E.00502
G2 X139.145 Y111.669 I.173 J1.7 E.14395
G1 X139.428 Y111.702 E.00847
G1 X139.406 Y112.107 F18000
G1 X139.465 Y112.11
G1 X139.465 Y112.099
M204 P1500
;TYPE:Inner wall
;WIDTH:0.45
G1 F6000
G1 X139.5 Y112.1 E.00112
G2 X139.5 Y107.897 I.006 J-2.101 E.21267
G1 X139.292 Y107.908 E.0067
G2 X139.064 Y112.053 I.214 J2.091 E.19108
G1 X139.406 Y112.092 E.01107
G1 X139.464 Y112.509 F18000
G1 F6000
G1 X139.5 Y112.507 E.00115
G2 X139.5 Y107.489 I.007 J-2.509 E.25386
G1 X139.251 Y107.502 E.00803
G2 X139.238 Y112.493 I.256 J2.496 E.23656
G1 X139.405 Y112.504 E.00537
G1 E-1.75
;WIPE_START
G1 X139.5 Y112.507 E-.07161
G1 X139.762 Y112.497 E-.1969
G1 X140.022 Y112.456 E-.19719
G1 X140.276 Y112.388 E-.1971
G1 X140.384 Y112.346 E-.0872
;WIPE_END
G1 X140.242 Y111.974 Z15.04 F18000
G1 X81.72 Y111.722
G1 X81.556 Y111.829
G1 X81.359 Y111.929
G1 X81.153 Y112.008
G1 X80.939 Y112.066
G1 X80.721 Y112.1
G1 X80.5 Y112.112
G1 X80.466 Y112.11
G1 X80.487 Y111.709
G1 Z14.84
G1 E2.5 F6000
M204 P1000
;TYPE:Outer wall
;WIDTH:0.42
G1 F3600
G1 X80.5 Y111.708 E.00038
G2 X80.5 Y108.29 I.005 J-1.709 E.16025
G1 X80.332 Y108.298 E.00502
G2 X80.145 Y111.669 I.173 J1.7 E.14395
G1 X80.428 Y111.702 E.00847
G1 X80.406 Y112.107 F18000
G1 X80.465 Y112.11
G1 X80.465 Y112.099
M204 P1500
;TYPE:Inner wall
;WIDTH:0.45
G1 F6000
G1 X80.5 Y112.1 E.00112
G2 X80.5 Y107.897 I.006 J-2.101 E.21267
G1 X80.292 Y107.908 E.0067
G2 X80.064 Y112.053 I.214 J2.091 E.19108
G1 X80.406 Y112.092 E.01107
G1 X80.464 Y112.509 F18000
G1 F6000
G1 X80.5 Y112.507 E.00115
G2 X80.5 Y107.489 I.007 J-2.509 E.25386
G1 X80.251 Y107.502 E.00803
G2 X80.238 Y112.493 I.256 J2.496 E.23656
G1 X80.405 Y112.504 E.00537
G1 E-1.75
;WIPE_START
G1 X80.5 Y112.507 E-.07161
G1 X80.762 Y112.497 E-.1969
G1 X81.022 Y112.456 E-.19719
G1 X81.276 Y112.388 E-.1971
G1 X81.384 Y112.346 E-.08721
;WIPE_END
G1 X81.242 Y111.974 Z15.04 F18000
G1 X83.574 Y128.675
G1 X83.68 Y129.343
G1 X83.855 Y129.997
G1 X84.097 Y130.628
G1 X84.404 Y131.231
G1 X84.772 Y131.798
G1 X85.198 Y132.324
G1 X85.676 Y132.802
G1 X86.202 Y133.228
G1 X86.769 Y133.596
G1 X87.372 Y133.903
G1 X88.003 Y134.145
G1 X88.657 Y134.32
G1 X89.325 Y134.426
G1 X89.662 Y134.444
G1 X89.979 Y134.461
G1 X90 Y134.052
G1 Z14.84
G1 E2.5 F6000
M204 P1000
;TYPE:Outer wall
;WIDTH:0.42
G1 F3600
G2 X90 Y121.94 I0 J-6.056 E.56672
G1 X89.427 Y121.97 E.01708
G1 X89.367 Y121.973 E.00182
G2 X89.94 Y134.052 I.633 J6.023 E.54605
G1 X89.919 Y134.457 F18000
G1 X89.98 Y134.461
G1 X89.98 Y134.452
M204 P1500
;TYPE:Inner wall
;WIDTH:0.45
G1 F6000
G1 X90 Y134.444 E.00068
G2 X90 Y121.547 I0 J-6.449 E.65144
G1 X89.407 Y121.578 E.0191
G1 X89.325 Y121.582 E.00262
G2 X89.326 Y134.409 I.674 J6.413 E.60804
G1 X89.921 Y134.448 E.01915
G1 X89.961 Y134.859 F18000
G1 F6000
G1 X90 Y134.851 E.00129
G2 X90 Y121.139 I0 J-6.856 E.69259
G1 X89.386 Y121.172 E.01978
G1 X89.283 Y121.177 E.00331
G2 X89.284 Y134.814 I.717 J6.818 E.64644
G1 X89.901 Y134.855 E.01988
G1 X89.922 Y134.458 F18000
G1 X89.325 Y134.426
G1 X88.657 Y134.32
G1 X88.003 Y134.145
G1 X87.372 Y133.903
G1 X86.769 Y133.596
G1 X86.202 Y133.228
G1 X85.676 Y132.802
G1 X85.198 Y132.324
G1 X84.772 Y131.798
G1 X84.404 Y131.231
G1 X84.097 Y130.628
G1 X83.855 Y129.997
G1 X83.68 Y129.343
G1 X83.574 Y128.675
G1 X83.538 Y128
G1 X83.556 Y127.662
G1 X83.567 Y127.451
G1 X83.006 Y127.422
M204 P2000
;TYPE:Internal solid infill
;WIDTH:0.420461
G1 F6000
G1 X83.006 Y110.925 E.49199
G1 X82.481 Y110.724 F18000
G1 X82.429 Y110.859
G1 X82.329 Y111.056
G1 X82.208 Y111.241
G1 X82.069 Y111.413
G1 X81.913 Y111.569
G1 X81.741 Y111.708
G1 X81.556 Y111.829
G1 X81.359 Y111.929
G1 X81.153 Y112.008
G1 X80.939 Y112.066
G1 X80.721 Y112.1
G1 X78.282 Y112.379
;WIDTH:0.369151
G1 F6000
G1 X77.902 Y111.957 E.01463
G1 X77.753 Y111.722 E.00718
G1 X77.753 Y112.379 E.01694
G1 X78.222 Y112.379 E.01209
G1 X79.532 Y112.731 F18000
;WIDTH:0.419999
G1 F6000
G1 X79.032 Y112.503 E.01636
G1 X78.544 Y112.143 E.01807
G1 X78.141 Y111.69 E.01807
G1 X77.841 Y111.163 E.01806
;WIDTH:0.407002
G1 X77.766 Y110.888 E.00817
;WIDTH:0.381007
G1 X77.69 Y110.614 E.00759
;WIDTH:0.347016
G3 X77.687 Y109.419 I3.857 J-.607 E.02882
;WIDTH:0.384072
G1 X77.755 Y109.126 E.00813
;WIDTH:0.432558
G1 X77.823 Y108.832 E.00928
;WIDTH:0.473647
G1 F5865.237
G1 X77.863 Y108.725 E.00387
;WIDTH:0.522582
G1 F5266.872
G1 X77.902 Y108.619 E.00431
G1 X78.115 Y108.258 E.01587
G1 X77.453 Y108.258 E.02506
;WIDTH:0.507339
G1 F5439.734
G1 X77.436 Y108.513 E.00938
;WIDTH:0.473647
G1 F5865.237
G1 X77.42 Y108.768 E.0087
;WIDTH:0.434322
G1 F6000
G1 X77.397 Y109.052 E.00881
;WIDTH:0.389364
G1 X77.375 Y109.336 E.0078
;WIDTH:0.346766
G2 X77.372 Y110.619 I11.84 J.667 E.03082
;WIDTH:0.376016
G1 X77.387 Y110.926 E.00807
;WIDTH:0.417678
G1 X77.401 Y111.232 E.00908
G1 X77.401 Y112.731 E.04436
G1 X79.472 Y112.731 E.0613
G1 X80.193 Y112.808 F18000
;WIDTH:0.38292
G1 F6000
G2 X80.911 Y112.799 I.307 J-4.238 E.01931
G1 X77.343 Y112.749 F18000
;WIDTH:0.420461
G1 F6000
G1 X77.343 Y141.959 E.87113
G2 X77.662 Y142.972 I1.877 J-.034 E.03211
G1 X77.72 Y143.038 E.00262
G1 X77.72 Y112.919 E.89823
G1 X78.098 Y112.919 E.01126
G1 X78.098 Y143.378 E.90838
G1 X78.173 Y143.433 E.00276
G1 X78.475 Y143.567 E.00988
G1 X78.475 Y112.919 E.91403
G1 X78.853 Y112.919 E.01126
G1 X78.853 Y143.648 E.91643
G2 X79.23 Y143.658 I.28 J-3.604 E.01127
G1 X79.23 Y112.919 E.91672
G1 X79.608 Y112.919 E.01126
G1 X79.608 Y143.658 E.91672
G1 X79.985 Y143.658 E.01126
G1 X79.985 Y112.919 E.91672
G1 X80.363 Y112.919 E.01126
G1 X80.363 Y143.658 E.91672
G1 X80.741 Y143.658 E.01126
G1 X80.741 Y112.919 E.91672
G1 X81.096 Y112.919 E.01059
G1 X81.096 Y112.781 E.00412
G1 X81.118 Y112.775 E.00069
G1 X81.118 Y143.658 E.92101
G1 X81.496 Y143.658 E.01126
G1 X81.496 Y112.66 E.92443
G2 X81.873 Y112.488 I-.631 J-1.885 E.0124
G1 X81.873 Y143.658 E.92956
G1 X82.251 Y143.658 E.01126
G1 X82.251 Y112.237 E.93705
G2 X82.628 Y111.885 I-2.199 J-2.737 E.01541
G1 X82.628 Y143.658 E.94754
G1 X83.006 Y143.658 E.01126
G1 X83.006 Y129.656 E.41756
G2 X83.383 Y130.811 I5.677 J-1.217 E.0363
G1 X83.383 Y143.658 E.38312
G1 X83.761 Y143.658 E.01126
G1 X83.761 Y131.58 E.36018
G1 X84.138 Y132.165 E.02077
G1 X84.138 Y143.658 E.34273
G1 X84.516 Y143.658 E.01126
G1 X84.516 Y132.644 E.32845
G2 X84.894 Y133.054 I2.138 J-1.59 E.01665
G1 X84.894 Y143.658 E.31623
G1 X85.271 Y143.658 E.01126
G1 X85.271 Y133.415 E.30545
G1 X85.649 Y133.721 E.01449
G1 X85.649 Y143.658 E.29634
G1 X86.026 Y143.658 E.01126
G1 X86.026 Y133.986 E.28844
G1 X86.404 Y134.231 E.01342
G1 X86.404 Y143.658 E.28113
G1 X86.781 Y143.658 E.01126
G1 X86.781 Y134.423 E.27539
G2 X87.159 Y134.605 I1.053 J-1.704 E.01252
G1 X87.159 Y143.658 E.26997
G1 X87.536 Y143.658 E.01126
G1 X87.536 Y134.75 E.26565
G2 X87.914 Y134.879 I.802 J-1.73 E.01192
G1 X87.914 Y143.658 E.2618
G1 X88.291 Y143.658 E.01126
G1 X88.291 Y134.98 E.25879
G2 X88.669 Y135.063 I.585 J-1.757 E.01155
G1 X88.669 Y143.658 E.25631
G1 X89.046 Y143.658 E.01126
G1 X89.046 Y135.123 E.25453
G2 X89.424 Y135.164 I.384 J-1.775 E.01135
G1 X89.424 Y143.658 E.2533
G1 X89.802 Y143.658 E.01126
G1 X89.802 Y135.184 E.25271
G2 X90.179 Y135.185 I.194 J-1.795 E.01128
G1 X90.179 Y143.658 E.25268
G1 X90.557 Y143.658 E.01126
G1 X90.557 Y135.165 E.25327
G2 X90.934 Y135.126 I.003 J-1.815 E.01134
G1 X90.934 Y143.658 E.25443
G1 X91.312 Y143.658 E.01126
G1 X91.312 Y135.066 E.25622
G2 X91.689 Y134.985 I-.197 J-1.839 E.01154
G1 X91.689 Y143.658 E.25863
G1 X92.067 Y143.658 E.01126
G1 X92.067 Y134.884 E.26165
G2 X92.444 Y134.757 I-.414 J-1.857 E.0119
G1 X92.444 Y143.658 E.26543
G1 X92.822 Y143.658 E.01126
G1 X92.822 Y134.612 E.26975
G2 X93.199 Y134.433 I-.664 J-1.885 E.01249
G1 X93.199 Y143.658 E.2751
G1 X93.577 Y143.658 E.01126
G1 X93.577 Y134.241 E.28084
G2 X93.955 Y133.998 I-.965 J-1.919 E.0134
G1 X93.955 Y143.658 E.28806
G1 X94.332 Y143.658 E.01126
G1 X94.332 Y133.737 E.29587
G1 X94.71 Y133.431 E.01449
G1 X94.71 Y143.658 E.30499
G1 X95.087 Y143.658 E.01126
G1 X95.087 Y133.073 E.31565
G2 X95.465 Y132.668 I-1.738 J-1.998 E.01655
G1 X95.465 Y143.658 E.32774
G1 X95.842 Y143.658 E.01126
G1 X95.842 Y132.195 E.34185
G1 X96.22 Y131.614 E.02067
G1 X96.22 Y143.658 E.35918
G1 X96.597 Y143.658 E.01126
G1 X96.597 Y130.861 E.38162
G2 X96.975 Y129.728 I-5.196 J-2.361 E.03568
G1 X96.975 Y143.658 E.41541
G1 X97.352 Y143.658 E.01126
G1 X97.352 Y76.342 E2.00754
G1 X97.73 Y76.342 E.01126
G1 X97.73 Y143.658 E2.00754
G1 X98.107 Y143.658 E.01126
G1 X98.107 Y76.342 E2.00754
G1 X98.485 Y76.342 E.01126
G1 X98.485 Y143.658 E2.00754
G1 X98.863 Y143.658 E.01126
G1 X98.863 Y76.342 E2.00754
G1 X99.24 Y76.342 E.01126
G1 X99.24 Y143.658 E2.00754
G1 X99.618 Y143.658 E.01126
G1 X99.618 Y76.342 E2.00754
G1 X99.995 Y76.342 E.01126
G1 X99.995 Y143.658 E2.00754
G1 X100.373 Y143.658 E.01126
G1 X100.373 Y76.342 E2.00754
G1 X100.75 Y76.342 E.01126
G1 X100.75 Y143.658 E2.00754
G1 X101.128 Y143.658 E.01126
G1 X101.128 Y76.342 E2.00754
G1 X101.505 Y76.342 E.01126
G1 X101.505 Y143.658 E2.00754
G1 X101.883 Y143.658 E.01126
G1 X101.883 Y76.342 E2.00754
G1 X102.26 Y76.342 E.01126
G1 X102.26 Y143.658 E2.00754
G1 X102.638 Y143.658 E.01126
G1 X102.638 Y76.342 E2.00754
G1 X103.015 Y76.342 E.01126
G1 X103.015 Y143.658 E2.00754
G1 X103.393 Y143.658 E.01126
G1 X103.393 Y76.342 E2.00754
G1 X103.771 Y76.342 E.01126
G1 X103.771 Y143.658 E2.00754
G1 X104.148 Y143.658 E.01126
G1 X104.148 Y76.342 E2.00754
G1 X104.526 Y76.342 E.01126
G1 X104.526 Y143.658 E2.00754
G1 X104.903 Y143.658 E.01126
G1 X104.903 Y76.342 E2.00754
G1 X105.281 Y76.342 E.01126
G1 X105.281 Y143.658 E2.00754
G1 X105.658 Y143.658 E.01126
G1 X105.658 Y76.342 E2.00754
G1 X106.036 Y76.342 E.01126
G1 X106.036 Y143.658 E2.00754
G1 X106.413 Y143.658 E.01126
G1 X106.413 Y76.342 E2.00754
G1 X106.791 Y76.342 E.01126
G1 X106.791 Y143.658 E2.00754
G1 X107.168 Y143.658 E.01126
G1 X107.168 Y76.342 E2.00754
G1 X107.546 Y76.342 E.01126
G1 X107.546 Y143.658 E2.00754
G1 X107.924 Y143.658 E.01126
G1 X107.924 Y76.342 E2.00754
G1 X108.301 Y76.342 E.01126
G1 X108.301 Y143.658 E2.00754
G1 X108.679 Y143.658 E.01126
G1 X108.679 Y76.342 E2.00754
G1 X109.056 Y76.342 E.01126
G1 X109.056 Y143.658 E2.00754
G1 X109.434 Y143.658 E.01126
G1 X109.434 Y76.342 E2.00754
G1 X109.811 Y76.342 E.01126
G1 X109.811 Y143.658 E2.00754
G1 X110.189 Y143.658 E.01126
G1 X110.189 Y76.342 E2.00754
G1 X110.566 Y76.342 E.01126
G1 X110.566 Y143.658 E2.00754
G1 X110.944 Y143.658 E.01126
G1 X110.944 Y76.342 E2.00754
G1 X111.321 Y76.342 E.01126
G1 X111.321 Y143.658 E2.00754
G1 X111.699 Y143.658 E.01126
G1 X111.699 Y76.342 E2.00754
G1 X112.076 Y76.342 E.01126
G1 X112.076 Y143.658 E2.00754
G1 X112.454 Y143.658 E.01126
G1 X112.454 Y76.342 E2.00754
G1 X112.832 Y76.342 E.01126
G1 X112.832 Y143.658 E2.00754
G1 X113.209 Y143.658 E.01126
G1 X113.209 Y76.342 E2.00754
G1 X113.587 Y76.342 E.01126
G1 X113.587 Y143.658 E2.00754
G1 X113.964 Y143.658 E.01126
G1 X113.964 Y76.342 E2.00754
G1 X114.342 Y76.342 E.01126
G1 X114.342 Y143.658 E2.00754
G1 X114.719 Y143.658 E.01126
G1 X114.719 Y76.342 E2.00754
G1 X115.097 Y76.342 E.01126
G1 X115.097 Y143.658 E2.00754
G1 X115.474 Y143.658 E.01126
G1 X115.474 Y76.342 E2.00754
G1 X115.852 Y76.342 E.01126
G1 X115.852 Y143.658 E2.00754
G1 X116.229 Y143.658 E.01126
G1 X116.229 Y76.342 E2.00754
G1 X116.607 Y76.342 E.01126
G1 X116.607 Y143.658 E2.00754
G1 X116.985 Y143.658 E.01126
G1 X116.985 Y76.342 E2.00754
G1 X117.362 Y76.342 E.01126
G1 X117.362 Y143.658 E2.00754
G1 X117.74 Y143.658 E.01126
G1 X117.74 Y76.342 E2.00754
G1 X118.117 Y76.342 E.01126
G1 X118.117 Y143.658 E2.00754
G1 X118.495 Y143.658 E.01126
G1 X118.495 Y76.342 E2.00754
G1 X118.872 Y76.342 E.01126
G1 X118.872 Y143.658 E2.00754
G1 X119.25 Y143.658 E.01126
G1 X119.25 Y76.342 E2.00754
G1 X119.627 Y76.342 E.01126
G1 X119.627 Y143.658 E2.00754
G1 X120.005 Y143.658 E.01126
G1 X120.005 Y76.342 E2.00754
G1 X120.382 Y76.342 E.01126
G1 X120.382 Y143.658 E2.00754
G1 X120.76 Y143.658 E.01126
G1 X120.76 Y76.342 E2.00754
G1 X121.137 Y76.342 E.01126
G1 X121.137 Y143.658 E2.00754
G1 X121.515 Y143.658 E.01126
G1 X121.515 Y76.342 E2.00754
G1 X121.893 Y76.342 E.01126
G1 X121.893 Y143.658 E2.00754
G1 X122.27 Y143.658 E.01126
G1 X122.27 Y76.342 E2.00754
G1 X122.648 Y76.342 E.01126
G1 X122.648 Y143.658 E2.00754
G1 X123.025 Y143.658 E.01126
G1 X123.025 Y76.342 E2.00754
G1 X123.403 Y76.342 E.01126
G1 X123.403 Y143.658 E2.00754
G1 X123.78 Y143.658 E.01126
G1 X123.78 Y76.342 E2.00754
G1 X124.158 Y76.342 E.01126
G1 X124.158 Y143.658 E2.00754
G1 X124.535 Y143.658 E.01126
G1 X124.535 Y76.342 E2.00754
G1 X124.913 Y76.342 E.01126
G1 X124.913 Y143.658 E2.00754
G1 X125.29 Y143.658 E.01126
G1 X125.29 Y76.342 E2.00754
G1 X125.668 Y76.342 E.01126
G1 X125.668 Y143.658 E2.00754
G1 X126.045 Y143.658 E.01126
G1 X126.045 Y76.342 E2.00754
G1 X126.423 Y76.342 E.01126
G1 X126.423 Y143.658 E2.00754
G1 X126.801 Y143.658 E.01126
G1 X126.801 Y76.342 E2.00754
G1 X127.178 Y76.342 E.01126
G1 X127.178 Y143.658 E2.00754
G1 X127.556 Y143.658 E.01126
G1 X127.556 Y76.342 E2.00754
G1 X127.933 Y76.342 E.01126
G1 X127.933 Y143.658 E2.00754
G1 X128.311 Y143.658 E.01126
G1 X128.311 Y76.342 E2.00754
G1 X128.688 Y76.342 E.01126
G1 X128.688 Y143.658 E2.00754
G1 X129.066 Y143.658 E.01126
G1 X129.066 Y76.342 E2.00754
G1 X129.443 Y76.342 E.01126
G1 X129.443 Y143.658 E2.00754
G1 X129.821 Y143.658 E.01126
G1 X129.821 Y76.342 E2.00754
G1 X130.198 Y76.342 E.01126
G1 X130.198 Y143.658 E2.00754
G1 X130.576 Y143.658 E.01126
G1 X130.576 Y76.342 E2.00754
G1 X130.954 Y76.342 E.01126
G1 X130.954 Y143.658 E2.00754
G1 X131.331 Y143.658 E.01126
G1 X131.331 Y76.342 E2.00754
G1 X131.709 Y76.342 E.01126
G1 X131.709 Y143.658 E2.00754
G1 X132.086 Y143.658 E.01126
G1 X132.086 Y76.342 E2.00754
G1 X132.464 Y76.342 E.01126
G1 X132.464 Y143.658 E2.00754
G1 X132.841 Y143.658 E.01126
G1 X132.841 Y76.342 E2.00754
G1 X133.219 Y76.342 E.01126
G1 X133.219 Y143.658 E2.00754
G1 X133.596 Y143.658 E.01126
G1 X133.596 Y76.342 E2.00754
G1 X133.974 Y76.342 E.01126
G1 X133.974 Y143.658 E2.00754
G1 X134.351 Y143.658 E.01126
G1 X134.351 Y76.342 E2.00754
G1 X134.729 Y76.342 E.01126
G1 X134.729 Y143.658 E2.00754
G1 X135.106 Y143.658 E.01126
G1 X135.106 Y76.342 E2.00754
G1 X135.484 Y76.342 E.01126
G1 X135.484 Y143.658 E2.00754
G1 X135.862 Y143.658 E.01126
G1 X135.862 Y76.342 E2.00754
G1 X136.239 Y76.342 E.01126
G1 X136.239 Y143.827 E2.0126
G1 X142.657 Y142.74 F18000
G1 F6000
G1 X142.657 Y112.919 E.88935
G1 X142.28 Y112.919 E.01126
G1 X142.28 Y143.038 E.89823
G1 X142.229 Y143.107 E.00255
G1 X141.972 Y143.338 E.01032
G1 X141.902 Y143.379 E.00242
G1 X141.902 Y112.919 E.90841
G1 X141.525 Y112.919 E.01126
G1 X141.525 Y143.559 E.91379
G3 X141.147 Y143.638 I-.371 J-.836 E.01159
G1 X141.147 Y112.919 E.91614
G1 X140.77 Y112.919 E.01126
G1 X140.77 Y143.658 E.91672
G1 X140.392 Y143.658 E.01126
G1 X140.392 Y112.919 E.91672
G1 X140.015 Y112.919 E.01126
G1 X140.015 Y143.658 E.91672
G1 X139.637 Y143.658 E.01126
G1 X139.637 Y112.919 E.91672
G1 X139.259 Y112.919 E.01126
G1 X139.259 Y143.658 E.91672
G1 X138.882 Y143.658 E.01126
G1 X138.882 Y112.775 E.92101
G3 X138.504 Y112.66 I.357 J-1.854 E.01179
G1 X138.504 Y143.658 E.92443
G1 X138.127 Y143.658 E.01126
G1 X138.127 Y112.488 E.92956
G3 X137.749 Y112.237 I1.584 J-2.793 E.01353
G1 X137.749 Y143.658 E.93705
G1 X137.372 Y143.658 E.01126
G1 X137.372 Y111.885 E.94754
G3 X136.994 Y111.339 I2.326 J-2.01 E.01985
G1 X136.994 Y143.658 E.96385
G1 X136.617 Y143.658 E.01126
G1 X136.617 Y76.342 E2.00754
G1 X136.994 Y76.342 E.01126
G1 X136.994 Y108.661 E.96384
G3 X137.372 Y108.115 I2.703 J1.463 E.01985
G1 X137.372 Y76.342 E.94754
G1 X137.749 Y76.342 E.01126
G1 X137.749 Y107.763 E.93705
G3 X138.127 Y107.512 I1.962 J2.542 E.01353
G1 X138.127 Y76.342 E.92956
G1 X138.504 Y76.342 E.01126
G1 X138.504 Y107.34 E.92443
G3 X138.882 Y107.225 I.735 J1.74 E.01179
G1 X138.882 Y76.342 E.92101
G1 X139.259 Y76.342 E.01126
G1 X139.259 Y107.168 E.91932
G3 X139.637 Y107.163 I.215 J1.793 E.01128
G1 X139.637 Y76.342 E.91916
G1 X140.015 Y76.342 E.01126
G1 X140.015 Y107.206 E.92043
G3 X140.392 Y107.3 I-.859 J4.242 E.01161
G1 X140.392 Y76.342 E.92324
G1 X140.77 Y76.342 E.01126
G1 X140.77 Y107.459 E.92799
G3 X141.147 Y107.683 I-.875 J1.906 E.01311
G1 X141.147 Y76.352 E.93438
G1 X141.525 Y76.433 E.01151
G1 X141.525 Y108.008 E.94166
G1 X141.902 Y108.017 E.01126
G1 X141.902 Y76.614 E.93653
G3 X142.28 Y76.962 I-1.317 J1.808 E.01535
G1 X142.28 Y108.017 E.92615
G1 X142.657 Y108.017 E.01126
G1 X142.657 Y77.26 E.91727
G1 X143.167 Y77 F18000
G1 X137.434 Y109.561
G1 X137.4 Y109.779
G1 X137.388 Y110
G1 X137.4 Y110.221
G1 X137.434 Y110.439
G1 X137.492 Y110.652
G1 X137.571 Y110.859
G1 X137.671 Y111.056
G1 X137.792 Y111.241
G1 X137.931 Y111.413
G1 X138.087 Y111.569
G1 X138.259 Y111.708
G1 X138.444 Y111.829
G1 X138.641 Y111.929
G1 X138.847 Y112.008
G1 X139.061 Y112.066
G1 X139.145 Y112.079
G1 X139.033 Y112.791
;WIDTH:0.38292
G1 F6000
G2 X140.027 Y112.789 I.491 J-4.646 E.02677
G1 X141.694 Y112.381 F18000
;WIDTH:0.364957
G1 F6000
G1 X142.249 Y112.381 E.01412
G1 X142.249 Y111.724 E.0167
G1 X141.953 Y112.133 E.01283
G1 X141.738 Y112.339 E.00759
G1 X142.49 Y110.345 F18000
;WIDTH:0.613587
G1 F4426.958
G1 X142.445 Y110.452 E.00521
;WIDTH:0.570567
G1 F4787.891
G1 X142.401 Y110.558 E.00481
;WIDTH:0.527548
G1 F5212.902
G1 X142.356 Y110.665 E.00442
;WIDTH:0.484528
G1 F5720.718
G1 X142.311 Y110.771 E.00403
;WIDTH:0.420365
G1 F6000
G3 X142.023 Y111.434 I-24.101 J-10.081 E.02155
G1 X141.67 Y111.927 E.01808
G1 X141.222 Y112.336 E.0181
G1 X140.698 Y112.643 E.01809
G1 X140.443 Y112.731 E.00806
G1 X142.599 Y112.731 E.06429
G1 X142.599 Y110.913 E.0542
;WIDTH:0.440938
G1 X142.579 Y110.811 E.00325
;WIDTH:0.482815
G1 F5742.996
G1 X142.56 Y110.709 E.0036
;WIDTH:0.524693
G1 F5243.794
G1 X142.54 Y110.608 E.00394
;WIDTH:0.56657
G1 F4824.436
G1 X142.521 Y110.506 E.00428
;WIDTH:0.587509
G1 F4638.944
G1 X142.501 Y110.404 E.00445
G1 X142.491 Y110.335 F18000
;WIDTH:0.635083
G1 F4266.251
G1 X142.493 Y109.714 E.02902
G1 X141.866 Y108.256 F18000
;WIDTH:0.521342
G1 F5280.518
G1 X142.09 Y108.593 E.01529
G1 X142.316 Y109.112 E.02138
;WIDTH:0.54064
G1 F5075.784
G1 X142.374 Y109.293 E.00747
;WIDTH:0.579234
G1 F4710.516
G1 X142.432 Y109.474 E.00805
;WIDTH:0.617829
G1 F4394.291
G1 X142.49 Y109.655 E.00863
G1 X142.51 Y109.465 E.00863
;WIDTH:0.579234
G1 F4710.516
G1 X142.529 Y109.276 E.00805
;WIDTH:0.525806
G1 F5231.702
G1 X142.548 Y109.087 E.00725
G1 X142.548 Y108.256 E.0317
G1 X141.926 Y108.256 E.02374
G1 X139.939 Y107.934 F18000
G1 X139.721 Y107.9
G1 X139.5 Y107.888
G1 X139.291 Y107.899
G1 X139.063 Y107.934
G1 X138.847 Y107.992
G1 X138.641 Y108.071
G1 X138.444 Y108.171
G1 X138.259 Y108.292
G1 X138.087 Y108.431
G1 X137.931 Y108.587
G1 X137.792 Y108.759
G1 X137.671 Y108.944
G1 X137.571 Y109.141
G1 X137.492 Y109.348
G1 X137.434 Y109.561
G1 X137.4 Y109.779
G1 X137.388 Y110
G1 X137.397 Y110.164
G1 X96.42 Y127.283
G1 X96.975 Y127.195
;WIDTH:0.420461
G1 F6000
G1 X96.975 Y76.342 E1.51659
G1 X96.597 Y76.342 E.01126
G1 X96.597 Y125.139 E1.45525
G1 X96.22 Y124.386 E.0251
G1 X96.22 Y76.342 E1.43281
G1 X95.842 Y76.342 E.01126
G1 X95.842 Y123.805 E1.41547
G1 X95.465 Y123.332 E.01805
G1 X95.465 Y76.342 E1.40137
G1 X95.087 Y76.342 E.01126
G1 X95.087 Y122.927 E1.38928
G2 X94.71 Y122.569 I-1.889 J1.616 E.01554
G1 X94.71 Y76.342 E1.37862
G1 X94.332 Y76.342 E.01126
G1 X94.332 Y122.263 E1.3695
G2 X93.955 Y122.002 I-1.434 J1.666 E.01373
G1 X93.955 Y76.342 E1.36169
G1 X93.577 Y76.342 E.01126
G1 X93.577 Y121.759 E1.35447
G1 X93.199 Y121.567 E.01264
G1 X93.199 Y76.342 E1.34873
G1 X92.822 Y76.342 E.01126
G1 X92.822 Y121.388 E1.34338
G1 X92.444 Y121.243 E.01206
G1 X92.444 Y76.342 E1.33906
G1 X92.067 Y76.342 E.01126
G1 X92.067 Y121.116 E1.33528
G1 X91.689 Y121.015 E.01166
G1 X91.689 Y76.342 E1.33226
G1 X91.312 Y76.342 E.01126
G1 X91.312 Y120.934 E1.32985
G1 X90.934 Y120.874 E.0114
G1 X90.934 Y76.342 E1.32806
G1 X90.557 Y76.342 E.01126
G1 X90.557 Y120.835 E1.3269
G1 X90.179 Y120.815 E.01127
G1 X90.179 Y76.342 E1.32631
G1 X89.802 Y76.342 E.01126
G1 X89.802 Y120.816 E1.32634
G1 X89.424 Y120.836 E.01127
G1 X89.424 Y76.342 E1.32693
G1 X89.046 Y76.342 E.01126
G1 X89.046 Y120.884 E1.32836
G1 X88.669 Y120.939 E.01138
G1 X88.669 Y76.342 E1.33
G1 X88.291 Y76.342 E.01126
G1 X88.291 Y121.02 E1.33242
G1 X87.914 Y121.121 E.01166
G1 X87.914 Y76.342 E1.33543
G1 X87.536 Y76.342 E.01126
G1 X87.536 Y121.25 E1.33928
G1 X87.159 Y121.395 E.01206
G1 X87.159 Y76.342 E1.3436
G1 X86.781 Y76.342 E.01126
G1 X86.781 Y121.577 E1.34902
G1 X86.404 Y121.769 E.01264
G1 X86.404 Y76.342 E1.35476
G1 X86.026 Y76.342 E.01126
G1 X86.026 Y122.014 E1.36207
G2 X85.649 Y122.279 I1.071 J1.929 E.01378
G1 X85.649 Y76.342 E1.36997
G1 X85.271 Y76.342 E.01126
G1 X85.271 Y122.585 E1.37908
G2 X84.894 Y122.946 I1.529 J1.976 E.01561
G1 X84.894 Y76.342 E1.38986
G1 X84.516 Y76.342 E.01126
G1 X84.516 Y123.356 E1.40208
G1 X84.138 Y123.835 E.01818
G1 X84.138 Y76.342 E1.41636
G1 X83.761 Y76.342 E.01126
G1 X83.761 Y124.42 E1.43381
G1 X83.383 Y125.189 E.02556
G1 X83.383 Y76.342 E1.45675
G1 X83.006 Y76.342 E.01126
G1 X83.006 Y108.661 E.96385
G2 X82.628 Y108.115 I-2.703 J1.463 E.01985
G1 X82.628 Y76.342 E.94754
G1 X82.251 Y76.342 E.01126
G1 X82.251 Y107.763 E.93705
G2 X81.873 Y107.512 I-1.962 J2.543 E.01353
G1 X81.873 Y76.342 E.92956
G1 X81.496 Y76.342 E.01126
G1 X81.496 Y107.34 E.92443
G2 X81.118 Y107.225 I-.735 J1.739 E.01179
G1 X81.118 Y76.342 E.92101
G1 X80.741 Y76.342 E.01126
G1 X80.741 Y107.168 E.91932
G2 X80.363 Y107.163 I-.215 J1.793 E.01128
G1 X80.363 Y76.342 E.91916
G1 X79.985 Y76.342 E.01126
G1 X79.985 Y107.206 E.92043
G2 X79.608 Y107.3 I.855 J4.226 E.01161
G1 X79.608 Y76.342 E.92324
G1 X79.23 Y76.342 E.01126
G1 X79.23 Y107.459 E.92799
G2 X78.853 Y107.683 I.875 J1.907 E.01311
G1 X78.853 Y76.362 E.93408
G2 X78.475 Y76.441 I-.006 J.914 E.01159
G1 X78.466 Y108.017 E.94171
G1 X78.098 Y108.017 E.01098
G1 X78.098 Y76.621 E.93633
G1 X78.028 Y76.662 E.00242
G1 X77.771 Y76.893 E.01032
G1 X77.72 Y76.962 E.00255
G1 X77.72 Y108.017 E.92615
G1 X77.343 Y108.017 E.01126
G1 X77.343 Y77.26 E.91727
; stop printing object esp32_pod_lid.stl id:0 copy 0
;LAYER_CHANGE
;Z:15.04
;HEIGHT:0.2
G92 E0 ; zero the extruded length again
; BEFORE_LAYER_CHANGE 74 @ 15.04mm
G1 E-1.75 F6000
;WIPE_START
G1 X77.343 Y78.26 E-.75
;WIPE_END
; AFTER_LAYER_CHANGE 74 @ 15.04mm
;_SET_FAN_SPEED_CHANGING_LAYER
; printing object esp32_pod_lid.stl id:0 copy 0
G17
G3 Z15.24 I-.44 J.421 P1  F18000
G1 X102.732 Y104.797 Z15.24
G1 X103.183 Y105.268
G1 X106.496 Y108.732
G1 X108.923 Y111.268
G1 X112.237 Y114.732
G1 X114.663 Y117.268
G1 X140.995 Y144.79
G1 Z15.04
G1 E2.5 F6000
M204 P1000
;TYPE:Outer wall
;WIDTH:0.42
G1 F3600
G1 X79.005 Y144.79 E1.84644
G3 X76.21 Y141.995 I.004 J-2.8 E.13074
G1 X76.21 Y78.005 E1.90601
G3 X79.005 Y75.21 I2.8 J.005 E.13074
G1 X140.995 Y75.21 E1.84644
G1 X141.292 Y75.226 E.00886
G3 X143.79 Y78.005 I-.294 J2.777 E.12197
G1 X143.79 Y141.995 E1.90601
G3 X141.054 Y144.789 I-2.8 J-.004 E.12895
G1 E-1.75 F6000
;WIPE_START
G1 F3600
G1 X140.054 Y144.789 E-.75
;WIPE_END
G1 X136.718 Y142.937 Z15.24 F18000
G1 X80.485 Y111.709 Z15.24
G1 Z15.04
G1 E2.5 F6000
G1 F3600
G1 X80.5 Y111.708 E.00045
G2 X80.5 Y108.29 I0 J-1.709 E.15995
G1 X80.321 Y108.299 E.00533
G2 X80.145 Y111.671 I.179 J1.7 E.14396
G1 X80.425 Y111.702 E.00841
G1 E-1.75 F6000
;WIPE_START
G1 F3600
G1 X80.5 Y111.708 E-.05612
G1 X80.856 Y111.673 E-.26802
G1 X81.029 Y111.627 E-.13426
G1 X81.355 Y111.481 E-.26818
G1 X81.38 Y111.463 E-.02342
;WIPE_END
G1 X82.646 Y115.063 Z15.24 F18000
G1 X84.999 Y121.76 Z15.24
G1 X82.375 Y130.478
G1 X88.746 Y135.919
G1 X89.855 Y136.006
G1 X89.883 Y135.657
G1 Z15.04
G1 E2.5 F6000
M204 P1500
;TYPE:Inner wall
;WIDTH:0.45
G1 X88.801 Y135.572 E.0349
G1 X87.631 Y135.291 E.03869
G1 X86.519 Y134.831 E.03868
G1 X85.494 Y134.202 E.03868
G1 X84.579 Y133.421 E.03869
G1 X83.798 Y132.506 E.03869
G1 X83.169 Y131.481 E.03868
G1 X82.709 Y130.369 E.03868
G1 X82.428 Y129.199 E.03869
G1 X82.333 Y128 E.03869
G1 X82.428 Y126.801 E.03869
G1 X82.709 Y125.631 E.03868
G1 X83.137 Y124.598 E.03596
G1 X83.169 Y124.519 E.00272
G1 X83.798 Y123.494 E.03869
G1 X84.579 Y122.579 E.03869
G1 X85.494 Y121.798 E.03869
G1 X86.519 Y121.169 E.03868
G1 X87.631 Y120.709 E.03868
G1 X88.801 Y120.428 E.03869
G1 X90 Y120.333 E.03869
G1 X90.084 Y120.34 E.00272
G1 X91.199 Y120.428 E.03596
G1 X92.369 Y120.709 E.03869
G1 X93.481 Y121.169 E.03868
G1 X94.506 Y121.798 E.03868
G1 X95.421 Y122.579 E.03869
G1 X96.202 Y123.494 E.03869
G1 X96.831 Y124.519 E.03869
G1 X97.291 Y125.631 E.03868
G1 X97.572 Y126.801 E.03869
G1 X97.667 Y128 E.03869
G1 X97.572 Y129.199 E.03869
G1 X97.291 Y130.369 E.03868
G1 X96.863 Y131.402 E.03596
G1 X96.831 Y131.481 E.00272
G1 X96.202 Y132.506 E.03869
G1 X95.421 Y133.421 E.03869
G1 X94.506 Y134.202 E.03869
G1 X93.481 Y134.831 E.03868
G1 X93.402 Y134.863 E.00272
G1 X92.369 Y135.291 E.03596
G1 X91.199 Y135.572 E.03869
G1 X90 Y135.667 E.03869
G1 X89.942 Y135.662 E.00186
G1 X89.912 Y135.251 F18000
G1 F6000
G1 X88.865 Y135.169 E.0338
G1 X87.757 Y134.903 E.03663
G1 X86.705 Y134.467 E.03662
G1 X85.734 Y133.872 E.03662
G1 X84.868 Y133.132 E.03663
G1 X84.128 Y132.266 E.03663
G1 X83.533 Y131.295 E.03662
G1 X83.097 Y130.243 E.03662
G1 X82.831 Y129.135 E.03663
G1 X82.742 Y128 E.03662
G1 X82.831 Y126.865 E.03663
G1 X83.097 Y125.757 E.03662
G1 X83.513 Y124.753 E.03493
G1 X84.128 Y123.734 E.0383
G1 X84.868 Y122.868 E.03663
G1 X85.734 Y122.128 E.03663
G1 X86.705 Y121.533 E.03662
G1 X87.757 Y121.097 E.03662
G1 X88.865 Y120.831 E.03662
G1 X90.052 Y120.746 E.0383
G1 X91.135 Y120.831 E.03493
G1 X92.243 Y121.097 E.03663
G1 X93.295 Y121.533 E.03662
G1 X94.266 Y122.128 E.03662
G1 X95.132 Y122.868 E.03663
G1 X95.872 Y123.734 E.03663
G1 X96.467 Y124.705 E.03662
G1 X96.903 Y125.757 E.03662
G1 X97.169 Y126.865 E.03663
G1 X97.258 Y128 E.03662
G1 X97.169 Y129.135 E.03663
G1 X96.903 Y130.243 E.03662
G1 X96.487 Y131.247 E.03493
G1 X95.872 Y132.266 E.0383
G1 X95.132 Y133.132 E.03663
G1 X94.266 Y133.872 E.03663
G1 X93.247 Y134.487 E.03829
G1 X92.243 Y134.903 E.03493
G1 X91.135 Y135.169 E.03663
G1 X90 Y135.258 E.03663
G1 X89.972 Y135.256 E.0009
G1 E-1.75
;WIPE_START
G1 X88.975 Y135.178 E-.75
;WIPE_END
G1 X89.1 Y134.391 Z15.24 F18000
G1 X89.325 Y134.426
G1 X90 Y134.462
G1 X90.021 Y134.461
G1 X90 Y134.052
G1 Z15.04
G1 E2.5 F6000
M204 P1000
;TYPE:Outer wall
;WIDTH:0.42
G1 F3600
G2 X90 Y121.94 I.005 J-6.056 E.56702
G1 X89.377 Y121.972 E.01858
G2 X89.94 Y134.051 I.628 J6.023 E.54604
G1 X89.919 Y134.457 F18000
G1 X89.98 Y134.461
G1 X89.98 Y134.452
M204 P1500
;TYPE:Inner wall
;WIDTH:0.45
G1 F6000
G1 X90 Y134.444 E.00068
G2 X90 Y121.547 I.005 J-6.448 E.65178
G1 X89.336 Y121.582 E.02137
G2 X89.327 Y134.408 I.669 J6.414 E.60803
G1 X89.921 Y134.448 E.01914
G1 X89.961 Y134.859 F18000
G1 F6000
G1 X90 Y134.852 E.00129
G2 X90 Y121.139 I.005 J-6.856 E.69298
G1 X89.294 Y121.176 E.02273
G2 X89.284 Y134.814 I.711 J6.819 E.64647
G1 X89.901 Y134.855 E.01988
G1 E-1.75
;WIPE_START
G1 X90 Y134.852 E-.07446
G1 X90.717 Y134.823 E-.53828
G1 X90.898 Y134.794 E-.13726
;WIPE_END
G1 X90.836 Y134.401 Z15.24 F18000
G1 X96.982 Y131.904
G1 X139.485 Y111.709
G1 Z15.04
G1 E2.5 F6000
M204 P1000
;TYPE:Outer wall
;WIDTH:0.42
G1 F3600
G1 X139.5 Y111.708 E.00045
G2 X139.5 Y108.29 I0 J-1.709 E.15995
G1 X139.321 Y108.299 E.00533
G2 X139.145 Y111.671 I.179 J1.7 E.14396
G1 X139.425 Y111.702 E.00841
G1 E-1.75 F6000
;WIPE_START
G1 F3600
G1 X139.5 Y111.708 E-.05612
G1 X139.856 Y111.673 E-.26802
G1 X140.029 Y111.627 E-.13426
G1 X140.355 Y111.481 E-.26818
G1 X140.38 Y111.463 E-.02342
;WIPE_END
G1 X136.604 Y112.015 Z15.24 F18000
G1 X117.268 Y114.843 Z15.24
G1 X102.732 Y117.268
G1 X103.082 Y117.268
G1 X103.082 Y116.918
G1 Z15.04
G1 E2.5 F6000
M204 P1500
;TYPE:Inner wall
;WIDTH:0.45
G1 X103.082 Y115.082 E.05907
G1 X116.918 Y115.082 E.44495
G1 X116.918 Y116.918 E.05907
G1 X103.142 Y116.918 E.44302
G1 X103.489 Y116.511 F18000
G1 F6000
G1 X103.489 Y115.489 E.03289
G1 X116.511 Y115.489 E.41876
G1 X116.511 Y116.511 E.03289
G1 X103.549 Y116.511 E.41684
G1 E-1.75
;WIPE_START
G1 X103.49 Y115.513 E-.75
;WIPE_END
G1 X106.486 Y113.149 Z15.24 F18000
G1 X116.918 Y104.918 Z15.24
G1 Z15.04
G1 E2.5 F6000
G1 X103.082 Y104.918 E.44495
G1 X103.082 Y103.082 E.05907
G1 X116.918 Y103.082 E.44495
G1 X116.918 Y104.858 E.05714
G1 E-1.75
;WIPE_START
G1 X115.918 Y104.863 E-.75
;WIPE_END
G1 X112.104 Y104.755 Z15.24 F18000
G1 X103.489 Y104.511 Z15.24
G1 Z15.04
G1 E2.5 F6000
G1 X103.489 Y103.489 E.03289
G1 X116.511 Y103.489 E.41876
G1 X116.511 Y104.511 E.03289
G1 X103.549 Y104.511 E.41684
G1 E-1.75
;WIPE_START
G1 X103.49 Y103.513 E-.75
;WIPE_END
G1 X103.28 Y107.324 Z15.24 F18000
G1 X103.082 Y110.918 Z15.24
G1 Z15.04
G1 E2.5 F6000
G1 X103.082 Y109.082 E.05907
G1 X116.918 Y109.082 E.44495
G1 X116.918 Y110.918 E.05907
G1 X103.142 Y110.918 E.44302
G1 X103.489 Y110.511 F18000
G1 F6000
G1 X103.489 Y109.489 E.03289
G1 X116.511 Y109.489 E.41876
G1 X116.511 Y110.511 E.03289
G1 X103.549 Y110.511 E.41684
G1 X103.692 Y110 F18000
M204 P2000
;TYPE:Gap infill
;WIDTH:0.658606
G1 F4103.254
G1 X116.308 Y110 E.61356
G1 E-1.75 F6000
;WIPE_START
G1 F4103.254
G1 X115.308 Y110 E-.75
;WIPE_END
G1 X115.935 Y113.764 Z15.24 F18000
G1 X116.308 Y116 Z15.24
G1 Z15.04
G1 E2.5 F6000
G1 F4103.254
G1 X103.692 Y116 E.61356
G1 E-1.75 F6000
;WIPE_START
G1 F4103.254
G1 X104.692 Y116 E-.75
;WIPE_END
G1 X104.375 Y112.197 Z15.24 F18000
G1 X103.692 Y104 Z15.24
G1 Z15.04
G1 E2.5 F6000
G1 F4103.254
G1 X116.308 Y104 E.61356
G1 E-1.75 F6000
;WIPE_START
G1 F4103.254
G1 X115.308 Y104 E-.75
;WIPE_END
G1 X117.912 Y101.211 Z15.24 F18000
G1 X141.928 Y75.489 Z15.24
G1 Z15.04
G1 E2.5 F6000
M204 P1000
;TYPE:Top surface
;WIDTH:0.420088
G1 F1800
G1 X79.011 Y75.489 E1.87451
G2 X77.683 Y75.866 I-.006 J2.506 E.04168
G1 X142.317 Y75.866 E1.92567
G3 X142.789 Y76.243 I-1.335 J2.154 E.01804
G1 X77.211 Y76.243 E1.95378
G2 X76.907 Y76.621 I1.8 J1.766 E.01447
G1 X143.093 Y76.621 E1.97194
G3 X143.3 Y76.998 I-2.612 J1.679 E.01283
G1 X76.7 Y76.998 E1.98428
G2 X76.572 Y77.375 I1.721 J.791 E.01188
G1 X143.428 Y77.375 E1.99187
G3 X143.497 Y77.752 I-3.262 J.796 E.01143
G1 X76.503 Y77.752 E1.99601
G2 X76.489 Y78.129 I3.6 J.319 E.01125
G1 X143.511 Y78.129 E1.99682
G1 X143.511 Y78.506 E.01124
G1 X76.489 Y78.506 E1.99682
G1 X76.489 Y78.884 E.01124
G1 X143.511 Y78.884 E1.99682
G1 X143.511 Y79.261 E.01124
G1 X76.489 Y79.261 E1.99682
G1 X76.489 Y79.638 E.01124
G1 X143.511 Y79.638 E1.99682
G1 X143.511 Y80.015 E.01124
G1 X76.489 Y80.015 E1.99682
G1 X76.489 Y80.392 E.01124
G1 X143.511 Y80.392 E1.99682
G1 X143.511 Y80.769 E.01124
G1 X76.489 Y80.769 E1.99682
G1 X76.489 Y81.147 E.01124
G1 X143.511 Y81.147 E1.99682
G1 X143.511 Y81.524 E.01124
G1 X76.489 Y81.524 E1.99682
G1 X76.489 Y81.901 E.01124
G1 X143.511 Y81.901 E1.99682
G1 X143.511 Y82.278 E.01124
G1 X76.489 Y82.278 E1.99682
G1 X76.489 Y82.655 E.01124
G1 X143.511 Y82.655 E1.99682
G1 X143.511 Y83.033 E.01124
G1 X76.489 Y83.033 E1.99682
G1 X76.489 Y83.41 E.01124
G1 X143.511 Y83.41 E1.99682
G1 X143.511 Y83.787 E.01124
G1 X76.489 Y83.787 E1.99682
G1 X76.489 Y84.164 E.01124
G1 X143.511 Y84.164 E1.99682
G1 X143.511 Y84.541 E.01124
G1 X76.489 Y84.541 E1.99682
G1 X76.489 Y84.918 E.01124
G1 X143.511 Y84.918 E1.99682
G1 X143.511 Y85.296 E.01124
G1 X76.489 Y85.296 E1.99682
G1 X76.489 Y85.673 E.01124
G1 X143.511 Y85.673 E1.99682
G1 X143.511 Y86.05 E.01124
G1 X76.489 Y86.05 E1.99682
G1 X76.489 Y86.427 E.01124
G1 X143.511 Y86.427 E1.99682
G1 X143.511 Y86.804 E.01124
G1 X76.489 Y86.804 E1.99682
G1 X76.489 Y87.181 E.01124
G1 X143.511 Y87.181 E1.99682
G1 X143.511 Y87.559 E.01124
G1 X76.489 Y87.559 E1.99682
G1 X76.489 Y87.936 E.01124
G1 X143.511 Y87.936 E1.99682
G1 X143.511 Y88.313 E.01124
G1 X76.489 Y88.313 E1.99682
G1 X76.489 Y88.69 E.01124
G1 X143.511 Y88.69 E1.99682
G1 X143.511 Y89.067 E.01124
G1 X76.489 Y89.067 E1.99682
G1 X76.489 Y89.444 E.01124
G1 X143.511 Y89.444 E1.99682
G1 X143.511 Y89.822 E.01124
G1 X76.489 Y89.822 E1.99682
G1 X76.489 Y90.199 E.01124
G1 X143.511 Y90.199 E1.99682
G1 X143.511 Y90.576 E.01124
G1 X76.489 Y90.576 E1.99682
G1 X76.489 Y90.953 E.01124
G1 X143.511 Y90.953 E1.99682
G1 X143.511 Y91.33 E.01124
G1 X76.489 Y91.33 E1.99682
G1 X76.489 Y91.707 E.01124
G1 X143.511 Y91.707 E1.99682
G1 X143.511 Y92.085 E.01124
G1 X76.489 Y92.085 E1.99682
G1 X76.489 Y92.462 E.01124
G1 X143.511 Y92.462 E1.99682
G1 X143.511 Y92.839 E.01124
G1 X76.489 Y92.839 E1.99682
G1 X76.489 Y93.216 E.01124
G1 X143.511 Y93.216 E1.99682
G1 X143.511 Y93.593 E.01124
G1 X76.489 Y93.593 E1.99682
G1 X76.489 Y93.97 E.01124
G1 X143.511 Y93.97 E1.99682
G1 X143.511 Y94.348 E.01124
G1 X76.489 Y94.348 E1.99682
G1 X76.489 Y94.725 E.01124
G1 X143.511 Y94.725 E1.99682
G1 X143.511 Y95.102 E.01124
G1 X76.489 Y95.102 E1.99682
G1 X76.489 Y95.479 E.01124
G1 X143.511 Y95.479 E1.99682
G1 X143.511 Y95.856 E.01124
G1 X76.489 Y95.856 E1.99682
G1 X76.489 Y96.233 E.01124
G1 X143.511 Y96.233 E1.99682
G1 X143.511 Y96.611 E.01124
G1 X76.489 Y96.611 E1.99682
G1 X76.489 Y96.988 E.01124
G1 X143.511 Y96.988 E1.99682
G1 X143.511 Y97.365 E.01124
G1 X76.489 Y97.365 E1.99682
G1 X76.489 Y97.742 E.01124
G1 X143.511 Y97.742 E1.99682
G1 X143.511 Y98.119 E.01124
G1 X76.489 Y98.119 E1.99682
G1 X76.489 Y98.496 E.01124
G1 X143.511 Y98.496 E1.99682
G1 X143.511 Y98.874 E.01124
G1 X76.489 Y98.874 E1.99682
G1 X76.489 Y99.251 E.01124
G1 X143.511 Y99.251 E1.99682
G1 X143.511 Y99.628 E.01124
G1 X76.489 Y99.628 E1.99682
G1 X76.489 Y100.005 E.01124
G1 X143.511 Y100.005 E1.99682
G1 X143.511 Y100.382 E.01124
G1 X76.489 Y100.382 E1.99682
G1 X76.489 Y100.759 E.01124
G1 X143.511 Y100.759 E1.99682
G1 X143.511 Y101.137 E.01124
G1 X76.489 Y101.137 E1.99682
G1 X76.489 Y101.514 E.01124
G1 X143.511 Y101.514 E1.99682
G1 X143.511 Y101.891 E.01124
G1 X76.489 Y101.891 E1.99682
G1 X76.489 Y102.268 E.01124
G1 X143.511 Y102.268 E1.99682
G1 X143.511 Y102.645 E.01124
G1 X76.489 Y102.645 E1.99682
G1 X76.489 Y103.022 E.01124
G1 X102.787 Y103.022 E.78352
G1 X102.787 Y102.787 E.007
G1 X117.213 Y102.787 E.42977
G1 X117.213 Y103.022 E.007
G1 X143.511 Y103.022 E.78352
G1 X143.511 Y103.4 E.01124
G1 X117.213 Y103.4 E.78352
G1 X117.213 Y103.777 E.01124
G1 X143.511 Y103.777 E.78352
G1 X143.511 Y104.154 E.01124
G1 X117.213 Y104.154 E.78352
G1 X117.213 Y104.531 E.01124
G1 X143.681 Y104.531 E.78858
G1 E-1.75 F6000
;WIPE_START
G1 F1800
G1 X142.681 Y104.531 E-.75
;WIPE_END
G1 X138.866 Y104.422 Z15.24 F18000
G1 X102.957 Y103.4 Z15.24
G1 Z15.04
G1 E2.5 F6000
G1 F1800
G1 X76.489 Y103.4 E.78858
G1 X76.489 Y103.777 E.01124
G1 X102.787 Y103.777 E.78352
G1 X102.787 Y104.154 E.01124
G1 X76.489 Y104.154 E.78352
G1 X76.489 Y104.531 E.01124
G1 X102.957 Y104.531 E.78858
G1 E-1.75 F6000
;WIPE_START
G1 F1800
G1 X101.957 Y104.531 E-.75
;WIPE_END
G1 X98.141 Y104.587 Z15.24 F18000
G1 X76.319 Y104.908 Z15.24
G1 Z15.04
G1 E2.5 F6000
G1 F1800
G1 X102.787 Y104.908 E.78858
G1 X102.787 Y105.213 E.00907
G1 X117.213 Y105.213 E.42977
G1 X117.213 Y104.908 E.00907
G1 X143.511 Y104.908 E.78352
G1 X143.511 Y105.285 E.01124
G1 X76.489 Y105.285 E1.99682
G1 X76.489 Y105.663 E.01124
G1 X143.511 Y105.663 E1.99682
G1 X143.511 Y106.04 E.01124
G1 X76.489 Y106.04 E1.99682
G1 X76.489 Y106.417 E.01124
G1 X143.511 Y106.417 E1.99682
G1 X143.511 Y106.794 E.01124
G1 X76.489 Y106.794 E1.99682
G1 X76.489 Y107.171 E.01124
G1 X143.511 Y107.171 E1.99682
G1 X143.511 Y107.548 E.01124
G1 X76.489 Y107.548 E1.99682
G1 X76.489 Y107.926 E.01124
G1 X143.511 Y107.926 E1.99682
G1 X143.511 Y108.303 E.01124
G1 X140.535 Y108.303 E.08866
G2 X138.465 Y108.303 I-1.035 J1.76 E.06468
G1 X81.535 Y108.303 E1.69615
G2 X79.465 Y108.303 I-1.035 J1.76 E.06467
G1 X76.489 Y108.303 E.08866
G1 X76.489 Y108.68 E.01124
G1 X79.012 Y108.68 E.07517
G2 X78.75 Y109.057 I1.648 J1.424 E.0137
G1 X76.489 Y109.057 E.06737
G1 X76.489 Y109.434 E.01124
G1 X78.594 Y109.434 E.06272
G2 X78.52 Y109.811 I2.331 J.655 E.01147
G1 X76.489 Y109.811 E.06051
G1 X76.489 Y110.189 E.01124
G1 X78.52 Y110.189 E.06051
G2 X78.594 Y110.566 I2.405 J-.278 E.01147
G1 X76.489 Y110.566 E.06272
G1 X76.489 Y110.943 E.01124
G1 X78.75 Y110.943 E.06737
G2 X79.012 Y111.32 I1.91 J-1.046 E.0137
G1 X76.319 Y111.32 E.08022
G1 E-1.75 F6000
;WIPE_START
G1 F1800
G1 X77.319 Y111.32 E-.75
;WIPE_END
G1 X80.598 Y109.367 Z15.24 F18000
G1 X81.75 Y108.68 Z15.24
G1 Z15.04
G1 E2.5 F6000
G1 F1800
G1 X138.012 Y108.68 E1.67624
G2 X137.75 Y109.057 I1.648 J1.423 E.0137
G1 X117.213 Y109.057 E.61189
G1 X117.213 Y108.787 E.00803
G1 X102.787 Y108.787 E.42977
G1 X102.787 Y109.057 E.00803
G1 X82.25 Y109.057 E.61189
G3 X82.406 Y109.434 I-1.872 J.995 E.01218
G1 X102.787 Y109.434 E.60725
G1 X102.787 Y109.811 E.01124
G1 X82.48 Y109.811 E.60503
G3 X82.48 Y110.189 I-1.787 J.189 E.01126
G1 X102.787 Y110.189 E.60503
G1 X102.787 Y110.566 E.01124
G1 X82.23 Y110.566 E.61249
G1 E-1.75 F6000
;WIPE_START
G1 F1800
G1 X83.23 Y110.566 E-.75
;WIPE_END
G1 X87.044 Y110.438 Z15.24 F18000
G1 X117.043 Y109.434 Z15.24
G1 Z15.04
G1 E2.5 F6000
G1 F1800
G1 X137.594 Y109.434 E.6123
G2 X137.52 Y109.811 I2.331 J.655 E.01147
G1 X117.213 Y109.811 E.60503
G1 X117.213 Y110.189 E.01124
G1 X137.52 Y110.189 E.60503
G2 X137.594 Y110.566 I2.405 J-.278 E.01147
G1 X117.043 Y110.566 E.6123
G1 E-1.75 F6000
;WIPE_START
G1 F1800
G1 X118.043 Y110.566 E-.75
;WIPE_END
G1 X121.858 Y110.638 Z15.24 F18000
G1 X137.945 Y110.943 Z15.24
G1 Z15.04
G1 E2.5 F6000
G1 F1800
G1 X117.213 Y110.943 E.6177
G1 X117.213 Y111.213 E.00803
G1 X102.787 Y111.213 E.42977
G1 X102.787 Y110.943 E.00803
G1 X82.25 Y110.943 E.61189
G3 X81.988 Y111.32 I-1.91 J-1.046 E.0137
G1 X138.25 Y111.32 E1.67624
G1 E-1.75 F6000
;WIPE_START
G1 F1800
G1 X137.25 Y111.32 E-.75
;WIPE_END
G1 X140.297 Y109.022 Z15.24 F18000
G1 X140.75 Y108.68 Z15.24
G1 Z15.04
G1 E2.5 F6000
G1 F1800
G1 X143.511 Y108.68 E.08225
G1 X143.511 Y109.057 E.01124
G1 X141.25 Y109.057 E.06737
G3 X141.406 Y109.434 I-1.872 J.995 E.01218
G1 X143.511 Y109.434 E.06272
G1 X143.511 Y109.811 E.01124
G1 X141.48 Y109.811 E.06051
G3 X141.48 Y110.189 I-1.787 J.189 E.01126
G1 X143.511 Y110.189 E.06051
G1 X143.511 Y110.566 E.01124
G1 X141.406 Y110.566 E.06272
G3 X141.25 Y110.943 I-2.028 J-.617 E.01218
G1 X143.511 Y110.943 E.06737
G1 X143.511 Y111.32 E.01124
G1 X140.75 Y111.32 E.08225
G1 E-1.75 F6000
;WIPE_START
G1 F1800
G1 X141.75 Y111.32 E-.75
;WIPE_END
G1 X143.681 Y111.697 Z15.24 F18000
G1 Z15.04
G1 E2.5 F6000
G1 F1800
G1 X140.535 Y111.697 E.09372
G3 X138.465 Y111.697 I-1.035 J-1.76 E.06467
G1 X81.535 Y111.697 E1.69615
G3 X79.465 Y111.697 I-1.035 J-1.76 E.06467
G1 X76.489 Y111.697 E.08867
G1 X76.489 Y112.074 E.01124
G1 X143.511 Y112.074 E1.99682
G1 X143.511 Y112.452 E.01124
G1 X76.489 Y112.452 E1.99682
G1 X76.489 Y112.829 E.01124
G1 X143.511 Y112.829 E1.99682
G1 X143.511 Y113.206 E.01124
G1 X76.489 Y113.206 E1.99682
G1 X76.489 Y113.583 E.01124
G1 X143.511 Y113.583 E1.99682
G1 X143.511 Y113.96 E.01124
G1 X76.489 Y113.96 E1.99682
G1 X76.489 Y114.337 E.01124
G1 X143.511 Y114.337 E1.99682
G1 X143.511 Y114.715 E.01124
G1 X76.489 Y114.715 E1.99682
G1 X76.489 Y115.092 E.01124
G1 X102.787 Y115.092 E.78352
G1 X102.787 Y114.787 E.00907
G1 X117.213 Y114.787 E.42977
G1 X117.213 Y115.092 E.00907
G1 X143.511 Y115.092 E.78352
G1 X143.511 Y115.469 E.01124
G1 X117.213 Y115.469 E.78352
G1 X117.213 Y115.846 E.01124
G1 X143.511 Y115.846 E.78352
G1 X143.511 Y116.223 E.01124
G1 X117.213 Y116.223 E.78352
G1 X117.213 Y116.6 E.01124
G1 X143.681 Y116.6 E.78858
G1 E-1.75 F6000
;WIPE_START
G1 F1800
G1 X142.681 Y116.6 E-.75
;WIPE_END
G1 X138.866 Y116.492 Z15.24 F18000
G1 X102.957 Y115.469 Z15.24
G1 Z15.04
G1 E2.5 F6000
G1 F1800
G1 X76.489 Y115.469 E.78858
G1 X76.489 Y115.846 E.01124
G1 X102.787 Y115.846 E.78352
G1 X102.787 Y116.223 E.01124
G1 X76.489 Y116.223 E.78352
G1 X76.489 Y116.6 E.01124
G1 X102.957 Y116.6 E.78858
G1 E-1.75 F6000
;WIPE_START
G1 F1800
G1 X101.957 Y116.6 E-.75
;WIPE_END
G1 X98.141 Y116.657 Z15.24 F18000
G1 X76.319 Y116.978 Z15.24
G1 Z15.04
G1 E2.5 F6000
G1 F1800
G1 X102.787 Y116.978 E.78858
G1 X102.787 Y117.213 E.007
G1 X117.213 Y117.213 E.42977
G1 X117.213 Y116.978 E.007
G1 X143.511 Y116.978 E.78352
G1 X143.511 Y117.355 E.01124
G1 X76.489 Y117.355 E1.99682
G1 X76.489 Y117.732 E.01124
G1 X143.511 Y117.732 E1.99682
G1 X143.511 Y118.109 E.01124
G1 X76.489 Y118.109 E1.99682
G1 X76.489 Y118.486 E.01124
G1 X143.511 Y118.486 E1.99682
G1 X143.511 Y118.863 E.01124
G1 X76.489 Y118.863 E1.99682
G1 X76.489 Y119.241 E.01124
G1 X143.511 Y119.241 E1.99682
G1 X143.511 Y119.618 E.01124
G1 X76.489 Y119.618 E1.99682
G1 X76.489 Y119.995 E.01124
G1 X143.511 Y119.995 E1.99682
G1 X143.511 Y120.372 E.01124
G1 X92.227 Y120.372 E1.52792
G1 X91.245 Y120.136 E.03009
G1 X90 Y120.038 E.03722
G1 X88.755 Y120.136 E.03722
G1 X87.773 Y120.372 E.03009
G1 X76.489 Y120.372 E.33618
G1 X76.489 Y120.749 E.01124
G1 X86.764 Y120.749 E.30613
G2 X86.026 Y121.126 I.822 J2.519 E.0248
G1 X76.489 Y121.126 E.28414
G1 X76.489 Y121.504 E.01124
G1 X85.41 Y121.504 E.2658
G1 X85.32 Y121.559 E.00315
G1 X84.943 Y121.881 E.01477
G1 X76.489 Y121.881 E.25189
G1 X76.489 Y122.258 E.01124
G1 X84.502 Y122.258 E.23873
G2 X84.144 Y122.635 I1.012 J1.318 E.01555
G1 X76.489 Y122.635 E.22807
G1 X76.489 Y123.012 E.01124
G1 X83.822 Y123.012 E.21847
G1 X83.517 Y123.389 E.01446
G1 X76.489 Y123.389 E.20937
G1 X76.489 Y123.767 E.01124
G1 X83.285 Y123.767 E.20249
G1 X83.054 Y124.144 E.01318
G1 X76.489 Y124.144 E.1956
G1 X76.489 Y124.521 E.01124
G1 X82.85 Y124.521 E.18952
G1 X82.694 Y124.898 E.01216
G1 X76.489 Y124.898 E.18486
G1 X76.489 Y125.275 E.01124
G1 X82.538 Y125.275 E.18021
G2 X82.401 Y125.652 I1.122 J.62 E.012
G1 X76.489 Y125.652 E.17614
G1 X76.489 Y126.03 E.01124
G1 X82.31 Y126.03 E.17344
G1 X82.22 Y126.407 E.01156
G1 X76.489 Y126.407 E.17074
G1 X76.489 Y126.784 E.01124
G1 X82.134 Y126.784 E.16819
G1 X82.104 Y127.161 E.01127
G1 X76.489 Y127.161 E.1673
G1 X76.489 Y127.538 E.01124
G1 X82.075 Y127.538 E.16642
G1 X82.045 Y127.915 E.01127
G1 X76.489 Y127.915 E.16553
G1 X76.489 Y128.293 E.01124
G1 X82.061 Y128.293 E.16602
G1 X82.091 Y128.67 E.01127
G1 X76.489 Y128.67 E.16691
G1 X76.489 Y129.047 E.01124
G1 X82.121 Y129.047 E.16779
G2 X82.179 Y129.424 I1.22 J.004 E.01142
G1 X76.489 Y129.424 E.16953
G1 X76.489 Y129.801 E.01124
G1 X82.27 Y129.801 E.17223
G1 X82.36 Y130.179 E.01156
G1 X76.489 Y130.179 E.17493
G1 X76.489 Y130.556 E.01124
G1 X82.468 Y130.556 E.17812
G1 X82.624 Y130.933 E.01216
G1 X76.489 Y130.933 E.18278
G1 X76.489 Y131.31 E.01124
G1 X82.78 Y131.31 E.18743
G2 X82.951 Y131.687 I1.276 J-.35 E.01238
G1 X76.489 Y131.687 E.19252
G1 X76.489 Y132.064 E.01124
G1 X83.182 Y132.064 E.1994
G1 X83.413 Y132.442 E.01318
G1 X76.489 Y132.442 E.20629
G1 X76.489 Y132.819 E.01124
G1 X83.678 Y132.819 E.21417
G1 X84 Y133.196 E.01478
G1 X76.489 Y133.196 E.22377
G1 X76.489 Y133.573 E.01124
G1 X84.322 Y133.573 E.23337
G1 X84.746 Y133.95 E.0169
G1 X76.489 Y133.95 E.24599
G1 X76.489 Y134.327 E.01124
G1 X85.187 Y134.327 E.25915
G1 X85.32 Y134.441 E.00522
G1 X85.75 Y134.705 E.01502
G1 X76.489 Y134.705 E.27592
G1 X76.489 Y135.082 E.01124
G1 X86.366 Y135.082 E.29426
G1 X87.267 Y135.459 E.0291
G1 X76.319 Y135.459 E.32616
G1 E-1.75 F6000
;WIPE_START
G1 F1800
G1 X77.319 Y135.459 E-.75
;WIPE_END
G1 X80.085 Y132.829 Z15.24 F18000
G1 X82.427 Y130.603 Z15.24
G1 X84.331 Y122.331
G1 X92.478 Y120.375
G1 X92.879 Y120.541
G1 X92.792 Y120.749
G1 Z15.04
G1 E2.5 F6000
G1 F1800
G1 X143.511 Y120.749 E1.51109
G1 X143.511 Y121.126 E.01124
G1 X93.974 Y121.126 E1.47588
G1 X94.59 Y121.504 E.02151
G1 X143.511 Y121.504 E1.45754
G1 X143.511 Y121.881 E.01124
G1 X95.057 Y121.881 E1.44363
G1 X95.498 Y122.258 E.0173
G1 X143.511 Y122.258 E1.43047
G1 X143.511 Y122.635 E.01124
G1 X95.856 Y122.635 E1.41981
G1 X96.178 Y123.012 E.01478
G1 X143.511 Y123.012 E1.41022
G1 X143.511 Y123.389 E.01124
G1 X96.483 Y123.389 E1.40112
G1 X96.715 Y123.767 E.01318
G1 X143.511 Y123.767 E1.39423
G1 X143.511 Y124.144 E.01124
G1 X96.946 Y124.144 E1.38734
G3 X97.15 Y124.521 I-1.089 J.833 E.01283
G1 X143.511 Y124.521 E1.38126
G1 X143.511 Y124.898 E.01124
G1 X97.306 Y124.898 E1.3766
G1 X97.462 Y125.275 E.01216
G1 X143.511 Y125.275 E1.37195
G1 X143.511 Y125.652 E.01124
G1 X97.599 Y125.652 E1.36788
G1 X97.69 Y126.03 E.01156
G1 X143.511 Y126.03 E1.36518
G1 X143.511 Y126.407 E.01124
G1 X97.78 Y126.407 E1.36248
G1 X97.866 Y126.784 E.01152
G1 X143.511 Y126.784 E1.35993
G1 X143.511 Y127.161 E.01124
G1 X97.896 Y127.161 E1.35904
G1 X97.925 Y127.538 E.01127
G1 X143.511 Y127.538 E1.35816
G1 X143.511 Y127.915 E.01124
G1 X97.955 Y127.915 E1.35727
G3 X97.939 Y128.293 I-1.199 J.137 E.01129
G1 X143.511 Y128.293 E1.35776
G1 X143.511 Y128.67 E.01124
G1 X97.909 Y128.67 E1.35865
G1 X97.879 Y129.047 E.01127
G1 X143.511 Y129.047 E1.35953
G1 X143.511 Y129.424 E.01124
G1 X97.821 Y129.424 E1.36128
G1 X97.73 Y129.801 E.01156
G1 X143.511 Y129.801 E1.36397
G1 X143.511 Y130.179 E.01124
G1 X97.64 Y130.179 E1.36667
G3 X97.532 Y130.556 I-1.244 J-.15 E.01173
G1 X143.511 Y130.556 E1.36986
G1 X143.511 Y130.933 E.01124
G1 X97.376 Y130.933 E1.37452
G1 X97.22 Y131.31 E.01216
G1 X143.511 Y131.31 E1.37917
G1 X143.511 Y131.687 E.01124
G1 X97.049 Y131.687 E1.38426
G1 X96.818 Y132.064 E.01318
G1 X143.511 Y132.064 E1.39114
G1 X143.511 Y132.442 E.01124
G1 X96.587 Y132.442 E1.39803
G3 X96.322 Y132.819 I-1.323 J-.647 E.01378
G1 X143.511 Y132.819 E1.40592
G1 X143.511 Y133.196 E.01124
G1 X96 Y133.196 E1.41551
G1 X95.678 Y133.573 E.01478
G1 X143.511 Y133.573 E1.42511
G1 X143.511 Y133.95 E.01124
G1 X95.254 Y133.95 E1.43773
G1 X94.813 Y134.327 E.0173
G1 X143.511 Y134.327 E1.45089
G1 X143.511 Y134.705 E.01124
G1 X94.25 Y134.705 E1.46766
G1 X93.634 Y135.082 E.02151
G1 X143.511 Y135.082 E1.486
G1 X143.511 Y135.459 E.01124
G1 X92.204 Y135.459 E1.5286
G1 E-1.75 F6000
;WIPE_START
G1 F1800
G1 X93.204 Y135.459 E-.75
;WIPE_END
G1 X89.389 Y135.544 Z15.24 F18000
G1 X76.319 Y135.836 Z15.24
G1 Z15.04
G1 E2.5 F6000
G1 F1800
G1 X143.511 Y135.836 E2.00188
G1 X143.511 Y136.213 E.01124
G1 X76.489 Y136.213 E1.99682
G1 X76.489 Y136.59 E.01124
G1 X143.511 Y136.59 E1.99682
G1 X143.511 Y136.968 E.01124
G1 X76.489 Y136.968 E1.99682
G1 X76.489 Y137.345 E.01124
G1 X143.511 Y137.345 E1.99682
G1 X143.511 Y137.722 E.01124
G1 X76.489 Y137.722 E1.99682
G1 X76.489 Y138.099 E.01124
G1 X143.511 Y138.099 E1.99682
G1 X143.511 Y138.476 E.01124
G1 X76.489 Y138.476 E1.99682
G1 X76.489 Y138.853 E.01124
G1 X143.511 Y138.853 E1.99682
G1 X143.511 Y139.231 E.01124
G1 X76.489 Y139.231 E1.99682
G1 X76.489 Y139.608 E.01124
G1 X143.511 Y139.608 E1.99682
G1 X143.511 Y139.985 E.01124
G1 X76.489 Y139.985 E1.99682
G1 X76.489 Y140.362 E.01124
G1 X143.511 Y140.362 E1.99682
G1 X143.511 Y140.739 E.01124
G1 X76.489 Y140.739 E1.99682
G1 X76.489 Y141.116 E.01124
G1 X143.511 Y141.116 E1.99682
G1 X143.511 Y141.494 E.01124
G1 X76.489 Y141.494 E1.99682
G1 X76.489 Y141.871 E.01124
G1 X143.511 Y141.871 E1.99682
G3 X143.497 Y142.248 I-3.613 J.058 E.01125
G1 X76.503 Y142.248 E1.99601
G2 X76.572 Y142.625 I3.332 J-.419 E.01143
G1 X143.428 Y142.625 E1.99187
G3 X143.3 Y143.002 I-1.848 J-.414 E.01188
G1 X76.7 Y143.002 E1.98428
G2 X76.907 Y143.379 I2.819 J-1.303 E.01283
G1 X143.093 Y143.379 E1.97194
G3 X142.789 Y143.757 I-2.105 J-1.389 E.01447
G1 X77.211 Y143.757 E1.95378
G2 X77.683 Y144.134 I1.821 J-1.793 E.01803
G1 X142.317 Y144.134 E1.92569
G3 X140.988 Y144.511 I-1.323 J-2.13 E.04169
G1 X78.072 Y144.511 E1.87449
G1 E-1.75 F6000
;WIPE_START
G1 F1800
G1 X79.072 Y144.511 E-.75
;WIPE_END
G1 X81.1 Y141.278 Z15.24 F18000
G1 X85.34 Y134.519 Z15.24
G1 X82.375 Y125.522
G1 X90 Y119.983
G1 X93.64 Y120.856
G1 X93.834 Y120.976
G1 X93.809 Y121.018
G1 Z15.04
G1 E2.5 F6000
M204 P2000
;TYPE:Gap infill
;WIDTH:0.0956863
G2 X93.546 Y120.956 I-.907 J3.276 E.00112
G1 X93.595 Y120.838 F18000
G1 X97.919 Y129.254
G1 X91.254 Y135.919
G1 X88.746 Y135.919
G1 X88.044 Y135.75
G1 X88.073 Y135.627
;WIDTH:0.107978
G1 F6000
G1 X87.898 Y135.607 E.0009
;WIDTH:0.147594
G1 X87.723 Y135.586 E.00146
;WIDTH:0.183911
G1 X87.442 Y135.545 E.00317
G1 X92.204 Y135.595 F18000
;WIDTH:0.137388
G1 F6000
G1 X91.927 Y135.627 E.00209
; stop printing object esp32_pod_lid.stl id:0 copy 0
M106 S176
;LAYER_CHANGE
;Z:15.24
;HEIGHT:0.2
G92 E0 ; zero the extruded length again
; BEFORE_LAYER_CHANGE 75 @ 15.24mm
G1 E-2.22043 F6000
;WIPE_START
G1 X92.204 Y135.595 E-.27957
;WIPE_END
; AFTER_LAYER_CHANGE 75 @ 15.24mm
;_SET_FAN_SPEED_CHANGING_LAYER
; printing object esp32_pod_lid.stl id:0 copy 0
G17
G3 Z15.44 I.592 J-.142 P1  F18000
G1 X92.138 Y135.317 Z15.44
G1 X90 Y135.637
G1 X90 Y135.637
G1 X90 Y136.039
G1 Z15.24
G1 E2.5 F6000
M204 P1000
;TYPE:Outer wall
;WIDTH:0.42
G1 F3523
G1 X88.742 Y135.94 E.03758
G1 X87.516 Y135.646 E.03758
G1 X86.35 Y135.163 E.03758
G1 X85.275 Y134.504 E.03758
G1 X84.315 Y133.685 E.03758
G1 X83.496 Y132.725 E.03758
G1 X82.837 Y131.65 E.03758
G1 X82.354 Y130.484 E.03758
G1 X82.06 Y129.258 E.03758
G1 X81.961 Y128 E.03758
G1 X82.06 Y126.742 E.03758
G1 X82.354 Y125.516 E.03758
G1 X82.793 Y124.455 E.03418
G1 X82.837 Y124.35 E.00339
G1 X83.496 Y123.275 E.03758
G1 X84.315 Y122.315 E.03758
G1 X85.275 Y121.496 E.03758
G1 X86.35 Y120.837 E.03758
G1 X87.516 Y120.354 E.03758
G1 X88.742 Y120.06 E.03758
G1 X90 Y119.961 E.03758
G1 X90.114 Y119.97 E.00339
G1 X91.258 Y120.06 E.03419
G1 X92.484 Y120.354 E.03758
G1 X93.65 Y120.837 E.03758
G1 X94.725 Y121.496 E.03758
G1 X95.685 Y122.315 E.03758
G1 X96.504 Y123.275 E.03758
G1 X97.163 Y124.35 E.03758
G1 X97.646 Y125.516 E.03758
G1 X97.94 Y126.742 E.03758
G1 X98.039 Y128 E.03758
G1 X97.94 Y129.258 E.03758
G1 X97.646 Y130.484 E.03758
G1 X97.207 Y131.545 E.03418
G1 X97.163 Y131.65 E.00339
G1 X96.504 Y132.725 E.03758
G1 X95.685 Y133.685 E.03758
G1 X94.725 Y134.504 E.03758
G1 X93.65 Y135.163 E.03758
G1 X93.545 Y135.207 E.00339
G1 X92.484 Y135.646 E.03418
G1 X91.258 Y135.94 E.03758
G1 X90.06 Y136.035 E.03579
G1 X90.028 Y135.635 F18000
G1 X90 Y135.637
G1 X90 Y135.637
G1 X90 Y135.646
M204 P1500
;TYPE:Inner wall
;WIDTH:0.45
G1 F3523
G1 X88.804 Y135.552 E.03858
G1 X87.637 Y135.272 E.03858
G1 X86.529 Y134.813 E.03858
G1 X85.506 Y134.186 E.03858
G1 X84.593 Y133.407 E.03858
G1 X83.814 Y132.494 E.03858
G1 X83.187 Y131.471 E.03858
G1 X82.728 Y130.363 E.03858
G1 X82.448 Y129.196 E.03858
G1 X82.354 Y128 E.03858
G1 X82.448 Y126.804 E.03858
G1 X82.728 Y125.637 E.03858
G1 X83.156 Y124.605 E.03591
G1 X83.187 Y124.529 E.00267
G1 X83.814 Y123.506 E.03858
G1 X84.593 Y122.593 E.03858
G1 X85.506 Y121.814 E.03858
G1 X86.529 Y121.187 E.03858
G1 X87.637 Y120.728 E.03858
G1 X88.804 Y120.448 E.03858
G1 X90 Y120.354 E.03858
G1 X90.083 Y120.36 E.00267
G1 X91.196 Y120.448 E.03591
G1 X92.363 Y120.728 E.03858
G1 X93.471 Y121.187 E.03858
G1 X94.494 Y121.814 E.03858
G1 X95.407 Y122.593 E.03858
G1 X96.186 Y123.506 E.03858
G1 X96.813 Y124.529 E.03858
G1 X97.272 Y125.637 E.03858
G1 X97.552 Y126.804 E.03858
G1 X97.646 Y128 E.03858
G1 X97.552 Y129.196 E.03858
G1 X97.272 Y130.363 E.03858
G1 X96.844 Y131.395 E.03591
G1 X96.813 Y131.471 E.00267
G1 X96.186 Y132.494 E.03858
G1 X95.407 Y133.407 E.03858
G1 X94.494 Y134.186 E.03858
G1 X93.471 Y134.813 E.03858
G1 X93.395 Y134.844 E.00267
G1 X92.363 Y135.272 E.03591
G1 X91.196 Y135.552 E.03858
G1 X90.06 Y135.641 E.03665
G1 E-1.75 F6000
;WIPE_START
G1 X89.062 Y135.57 E-.75
;WIPE_END
G1 X89.063 Y135.564 Z15.44 F18000
G1 X90.041 Y134.76
G1 X90.01 Y134.36
G1 Z15.24
G1 E2.5 F6000
M204 P1000
;TYPE:Outer wall
;WIDTH:0.42
G1 F3523
G1 X90.995 Y134.283 E.02944
G1 X91.966 Y134.05 E.02973
G1 X92.888 Y133.668 E.02973
G1 X93.739 Y133.146 E.02973
G1 X94.498 Y132.498 E.02973
G1 X95.146 Y131.739 E.02973
G1 X95.668 Y130.888 E.02973
G1 X96.05 Y129.966 E.02973
G1 X96.283 Y128.995 E.02973
G1 X96.361 Y128 E.02973
G1 X96.283 Y127.005 E.02973
G1 X96.05 Y126.034 E.02973
G1 X95.668 Y125.112 E.02973
G1 X95.146 Y124.261 E.02973
G1 X94.498 Y123.502 E.02973
G1 X93.739 Y122.854 E.02973
G1 X92.888 Y122.332 E.02973
G1 X91.966 Y121.95 E.02973
G1 X90.995 Y121.717 E.02973
G1 X90 Y121.639 E.02973
G1 X89.88 Y121.648 E.00357
G1 X89.005 Y121.717 E.02616
G1 X88.034 Y121.95 E.02973
G1 X87.112 Y122.332 E.02973
G1 X86.261 Y122.854 E.02973
G1 X85.502 Y123.502 E.02973
G1 X84.854 Y124.261 E.02973
G1 X84.332 Y125.112 E.02973
G1 X83.95 Y126.034 E.02973
G1 X83.717 Y127.005 E.02973
G1 X83.639 Y128 E.02973
G1 X83.717 Y128.995 E.02973
G1 X83.95 Y129.966 E.02973
G1 X84.332 Y130.888 E.02973
G1 X84.854 Y131.739 E.02973
G1 X85.502 Y132.498 E.02973
G1 X86.261 Y133.146 E.02973
G1 X87.112 Y133.668 E.02973
G1 X88.034 Y134.05 E.02973
G1 X89.005 Y134.283 E.02973
G1 X89.95 Y134.357 E.02823
G1 X89.918 Y134.756 F18000
G1 X89.973 Y134.761
G1 X89.974 Y134.752
M204 P1500
;TYPE:Inner wall
;WIDTH:0.45
G1 F3523
G1 X90 Y134.754 E.00085
G1 X91.057 Y134.671 E.03408
G1 X92.087 Y134.424 E.03408
G1 X93.066 Y134.018 E.03408
G1 X93.97 Y133.464 E.03408
G1 X94.776 Y132.776 E.03408
G1 X95.464 Y131.97 E.03408
G1 X96.018 Y131.066 E.03408
G1 X96.424 Y130.087 E.03408
G1 X96.671 Y129.057 E.03408
G1 X96.754 Y128 E.03408
G1 X96.671 Y126.943 E.03408
G1 X96.424 Y125.913 E.03408
G1 X96.018 Y124.934 E.03408
G1 X95.464 Y124.03 E.03408
G1 X94.776 Y123.224 E.03408
G1 X93.97 Y122.536 E.03408
G1 X93.066 Y121.982 E.03408
G1 X92.087 Y121.576 E.03408
G1 X91.057 Y121.329 E.03408
G1 X90 Y121.246 E.03408
G1 X89.85 Y121.258 E.00485
G1 X88.943 Y121.329 E.02923
G1 X87.913 Y121.576 E.03408
G1 X86.934 Y121.982 E.03408
G1 X86.03 Y122.536 E.03408
G1 X85.224 Y123.224 E.03408
G1 X84.536 Y124.03 E.03408
G1 X83.982 Y124.934 E.03408
G1 X83.576 Y125.913 E.03408
G1 X83.329 Y126.943 E.03408
G1 X83.246 Y128 E.03408
G1 X83.329 Y129.057 E.03408
G1 X83.576 Y130.087 E.03408
G1 X83.982 Y131.066 E.03408
G1 X84.536 Y131.97 E.03408
G1 X85.224 Y132.776 E.03408
G1 X86.03 Y133.464 E.03408
G1 X86.934 Y134.018 E.03408
G1 X87.913 Y134.424 E.03408
G1 X88.943 Y134.671 E.03408
G1 X89.914 Y134.747 E.0313
G1 X89.879 Y135.19 F18000
M204 P2000
;TYPE:Gap infill
;WIDTH:0.524893
G1 F3523
G1 X90 Y135.2 E.00461
G2 X91.145 Y135.107 I-8.421 J-111.086 E.04373
G2 X92.225 Y134.847 I-6.075 J-27.645 E.0423
G2 X93.285 Y134.405 I-42.3 J-102.961 E.04372
G2 X94.232 Y133.825 I-14.288 J-24.363 E.0423
G2 X95.104 Y133.077 I-71.982 J-84.773 E.04373
G2 X95.825 Y132.232 I-21.13 J-18.766 E.0423
G2 X96.434 Y131.224 I-18.944 J-12.139 E.04483
G2 X96.847 Y130.225 I-25.182 J-11.006 E.04119
G2 X97.113 Y129.107 I-107.802 J-26.211 E.04373
G2 X97.2 Y128 I-28.18 J-2.766 E.04229
G2 X97.107 Y126.855 I-111.079 J8.42 E.04373
G2 X96.847 Y125.775 I-27.582 J6.06 E.0423
G2 X96.405 Y124.715 I-102.919 J42.282 E.04372
G2 X95.825 Y123.768 I-24.349 J14.28 E.0423
G2 X95.077 Y122.896 I-84.774 J71.983 E.04373
G2 X94.232 Y122.175 I-18.823 J21.197 E.0423
G2 X93.251 Y121.577 I-58.262 J94.462 E.04373
G2 X92.225 Y121.153 I-11.296 J25.844 E.04229
G2 X91.107 Y120.887 I-26.231 J107.884 E.04373
G1 X90 Y120.8 E.04229
G1 X89.815 Y120.814 E.00708
G2 X88.874 Y120.889 I1.423 J23.975 E.03594
G2 X87.757 Y121.16 I25.602 J108.028 E.04373
G2 X86.731 Y121.585 I10.306 J26.307 E.04229
G2 X85.753 Y122.187 I57.849 J95.026 E.04373
G2 X84.909 Y122.909 I17.973 J21.883 E.0423
G2 X84.165 Y123.784 I84.24 J72.377 E.04373
G2 X83.585 Y124.731 I23.863 J15.263 E.04229
G1 X83.566 Y124.776 E.00183
G2 X83.153 Y125.775 I25.182 J11.006 E.04119
G2 X82.887 Y126.893 I107.873 J26.228 E.04373
G1 X82.801 Y127.981 E.04157
G1 X82.8 Y128 E.00072
G2 X82.893 Y129.145 I111.079 J-8.42 E.04373
G2 X83.153 Y130.225 I27.582 J-6.06 E.0423
G2 X83.595 Y131.285 I103.01 J-42.32 E.04372
G2 X84.175 Y132.232 I24.349 J-14.28 E.0423
G2 X84.923 Y133.104 I84.817 J-72.02 E.04373
G2 X85.768 Y133.825 I18.808 J-21.18 E.0423
G2 X86.749 Y134.423 I58.298 J-94.521 E.04373
G2 X87.775 Y134.847 I11.322 J-25.905 E.04229
G2 X88.893 Y135.113 I26.237 J-107.912 E.04373
G1 X89.819 Y135.186 E.03539
G1 E-1.75 F6000
;WIPE_START
G1 F5241.614
G1 X90 Y135.2 E-.13589
G1 X90.816 Y135.134 E-.61411
;WIPE_END
G1 X90.851 Y135.57 Z15.44 F18000
G1 X96.671 Y131.687
G1 X97.018 Y130.954
G1 X116.889 Y116.889
G1 X117.29 Y117.29
G1 Z15.24
G1 E2.5 F6000
M204 P1000
;TYPE:Outer wall
;WIDTH:0.42
G1 F3523
G1 X102.71 Y117.29 E.43429
G1 X102.71 Y114.71 E.07685
G1 X117.29 Y114.71 E.43429
G1 X117.29 Y117.23 E.07506
G1 X116.889 Y116.889 F18000
G1 X116.889 Y116.889
G1 X116.898 Y116.898
M204 P1500
;TYPE:Inner wall
;WIDTH:0.45
G1 F3523
G1 X103.102 Y116.898 E.44362
G1 X103.102 Y115.102 E.05775
G1 X116.898 Y115.102 E.44362
G1 X116.898 Y116.838 E.05582
G1 X116.491 Y116.491 F18000
G1 F3523
G1 X103.509 Y116.491 E.41744
G1 X103.509 Y115.509 E.03157
G1 X116.491 Y115.509 E.41744
G1 X116.491 Y116.431 E.02964
G1 X116.287 Y116 F18000
M204 P2000
;TYPE:Gap infill
;WIDTH:0.617526
G1 F3523
G1 X103.713 Y116 E.57076
G1 E-1.75 F6000
;WIPE_START
G1 F4396.605
G1 X104.713 Y116 E-.75
;WIPE_END
G1 X107.088 Y115.111 Z15.44 F18000
G1 X116.889 Y110.889
G1 X117.29 Y111.29
G1 Z15.24
G1 E2.5 F6000
M204 P1000
;TYPE:Outer wall
;WIDTH:0.42
G1 F3523
G1 X102.71 Y111.29 E.43429
G1 X102.71 Y108.71 E.07685
G1 X117.29 Y108.71 E.43429
G1 X117.29 Y111.23 E.07506
G1 X116.889 Y110.889 F18000
G1 X116.889 Y110.889
G1 X116.898 Y110.898
M204 P1500
;TYPE:Inner wall
;WIDTH:0.45
G1 F3523
G1 X103.102 Y110.898 E.44362
G1 X103.102 Y109.102 E.05775
G1 X116.898 Y109.102 E.44362
G1 X116.898 Y110.838 E.05582
G1 X116.491 Y110.491 F18000
G1 F3523
G1 X103.509 Y110.491 E.41744
G1 X103.509 Y109.509 E.03157
G1 X116.491 Y109.509 E.41744
G1 X116.491 Y110.431 E.02964
G1 X116.287 Y110 F18000
M204 P2000
;TYPE:Gap infill
;WIDTH:0.617526
G1 F3523
G1 X103.713 Y110 E.57076
G1 E-1.75 F6000
;WIPE_START
G1 F4396.605
G1 X104.713 Y110 E-.75
;WIPE_END
G1 X107.088 Y109.111 Z15.44 F18000
G1 X116.889 Y104.889
G1 X117.29 Y105.29
G1 Z15.24
G1 E2.5 F6000
M204 P1000
;TYPE:Outer wall
;WIDTH:0.42
G1 F3523
G1 X102.71 Y105.29 E.43429
G1 X102.71 Y102.71 E.07685
G1 X117.29 Y102.71 E.43429
G1 X117.29 Y105.23 E.07506
G1 X116.889 Y104.889 F18000
G1 X116.889 Y104.889
G1 X116.898 Y104.898
M204 P1500
;TYPE:Inner wall
;WIDTH:0.45
G1 F3523
G1 X103.102 Y104.898 E.44362
G1 X103.102 Y103.102 E.05775
G1 X116.898 Y103.102 E.44362
G1 X116.898 Y104.838 E.05582
G1 X116.491 Y104.491 F18000
G1 F3523
G1 X103.509 Y104.491 E.41744
G1 X103.509 Y103.509 E.03157
G1 X116.491 Y103.509 E.41744
G1 X116.491 Y104.431 E.02964
G1 X116.287 Y104 F18000
M204 P2000
;TYPE:Gap infill
;WIDTH:0.617526
G1 F3523
G1 X103.713 Y104 E.57076
; stop printing object esp32_pod_lid.stl id:0 copy 0
;LAYER_CHANGE
;Z:15.44
;HEIGHT:0.2
G92 E0 ; zero the extruded length again
; BEFORE_LAYER_CHANGE 76 @ 15.44mm
G1 E-1.75 F6000
;WIPE_START
G1 F4396.605
G1 X104.713 Y104 E-.75
;WIPE_END
; AFTER_LAYER_CHANGE 76 @ 15.44mm
;_SET_FAN_SPEED_CHANGING_LAYER
; printing object esp32_pod_lid.stl id:0 copy 0
G17
G3 Z15.64 I-.553 J-.254 P1  F18000
G1 X104.304 Y104.889 Z15.64
G1 X95.902 Y123.187
G1 X97.403 Y129.777
G1 X92.914 Y135.034
G1 X90.256 Y135.617
G1 X90 Y135.637
G1 X90 Y136.039
G1 Z15.44
G1 E2.5 F6000
M204 P1000
;TYPE:Outer wall
;WIDTH:0.42
G1 F3523
G1 X88.742 Y135.94 E.03758
G1 X87.516 Y135.646 E.03758
G1 X86.35 Y135.163 E.03758
G1 X85.275 Y134.504 E.03758
G1 X84.315 Y133.685 E.03758
G1 X83.496 Y132.725 E.03758
G1 X82.837 Y131.65 E.03758
G1 X82.354 Y130.484 E.03758
G1 X82.06 Y129.258 E.03758
G1 X81.961 Y128 E.03758
G1 X82.06 Y126.742 E.03758
G1 X82.354 Y125.516 E.03758
G1 X82.837 Y124.35 E.03758
G1 X83.496 Y123.275 E.03758
G1 X84.315 Y122.315 E.03758
G1 X85.275 Y121.496 E.03758
G1 X86.35 Y120.837 E.03758
G1 X87.516 Y120.354 E.03758
G1 X88.742 Y120.06 E.03758
G1 X90 Y119.961 E.03758
G1 X90.299 Y119.984 E.00894
G1 X91.258 Y120.06 E.02864
G1 X92.484 Y120.354 E.03758
G1 X93.65 Y120.837 E.03758
G1 X94.725 Y121.496 E.03758
G1 X95.685 Y122.315 E.03758
G1 X96.504 Y123.275 E.03758
G1 X97.163 Y124.35 E.03758
G1 X97.646 Y125.516 E.03758
G1 X97.94 Y126.742 E.03758
G1 X98.039 Y128 E.03758
G1 X97.94 Y129.258 E.03758
G1 X97.646 Y130.484 E.03758
G1 X97.163 Y131.65 E.03758
G1 X96.504 Y132.725 E.03758
G1 X95.685 Y133.685 E.03758
G1 X94.725 Y134.504 E.03758
G1 X93.65 Y135.163 E.03758
G1 X92.484 Y135.646 E.03758
G1 X91.258 Y135.94 E.03758
G1 X90.06 Y136.035 E.03579
G1 X90.028 Y135.635 F18000
G1 X90 Y135.637
G1 X90 Y135.637
G1 X90 Y135.646
M204 P1500
;TYPE:Inner wall
;WIDTH:0.45
G1 F3523
G1 X88.804 Y135.552 E.03858
G1 X87.637 Y135.272 E.03858
G1 X86.529 Y134.813 E.03858
G1 X85.506 Y134.186 E.03858
G1 X84.593 Y133.407 E.03858
G1 X83.814 Y132.494 E.03858
G1 X83.187 Y131.471 E.03858
G1 X82.728 Y130.363 E.03858
G1 X82.448 Y129.196 E.03858
G1 X82.354 Y128 E.03858
G1 X82.448 Y126.804 E.03858
G1 X82.728 Y125.637 E.03858
G1 X83.187 Y124.529 E.03858
G1 X83.814 Y123.506 E.03858
G1 X84.593 Y122.593 E.03858
G1 X85.506 Y121.814 E.03858
G1 X86.529 Y121.187 E.03858
G1 X87.637 Y120.728 E.03858
G1 X88.804 Y120.448 E.03858
G1 X90 Y120.354 E.03858
G1 X90.268 Y120.375 E.00866
G1 X91.196 Y120.448 E.02992
G1 X92.363 Y120.728 E.03858
G1 X93.471 Y121.187 E.03858
G1 X94.494 Y121.814 E.03858
G1 X95.407 Y122.593 E.03858
G1 X96.186 Y123.506 E.03858
G1 X96.813 Y124.529 E.03858
G1 X97.272 Y125.637 E.03858
G1 X97.552 Y126.804 E.03858
G1 X97.646 Y128 E.03858
G1 X97.552 Y129.196 E.03858
G1 X97.272 Y130.363 E.03858
G1 X96.813 Y131.471 E.03858
G1 X96.186 Y132.494 E.03858
G1 X95.407 Y133.407 E.03858
G1 X94.494 Y134.186 E.03858
G1 X93.471 Y134.813 E.03858
G1 X92.363 Y135.272 E.03858
G1 X91.196 Y135.552 E.03858
G1 X90.06 Y135.641 E.03665
G1 E-1.75 F6000
;WIPE_START
G1 X89.062 Y135.57 E-.75
;WIPE_END
G1 X89.063 Y135.564 Z15.64 F18000
G1 X89.96 Y134.76
G1 X89.992 Y134.36
G1 Z15.44
G1 E2.5 F6000
M204 P1000
;TYPE:Outer wall
;WIDTH:0.42
G1 F3523
G1 X90 Y134.361 E.00025
G1 X90.995 Y134.283 E.02973
G1 X91.966 Y134.05 E.02973
G1 X92.888 Y133.668 E.02973
G1 X93.739 Y133.146 E.02973
G1 X94.498 Y132.498 E.02973
G1 X95.146 Y131.739 E.02973
G1 X95.668 Y130.888 E.02973
G1 X96.05 Y129.966 E.02973
G1 X96.283 Y128.995 E.02973
G1 X96.361 Y128 E.02973
G1 X96.283 Y127.005 E.02973
G1 X96.05 Y126.034 E.02973
G1 X95.668 Y125.112 E.02973
G1 X95.146 Y124.261 E.02973
G1 X94.498 Y123.502 E.02973
G1 X93.739 Y122.854 E.02973
G1 X92.888 Y122.332 E.02973
G1 X91.966 Y121.95 E.02973
G1 X90.995 Y121.717 E.02973
G1 X90 Y121.639 E.02973
G1 X89.744 Y121.659 E.00764
G1 X89.005 Y121.717 E.02209
G1 X88.034 Y121.95 E.02973
G1 X87.112 Y122.332 E.02973
G1 X86.261 Y122.854 E.02973
G1 X85.502 Y123.502 E.02973
G1 X84.854 Y124.261 E.02973
G1 X84.332 Y125.112 E.02973
G1 X83.95 Y126.034 E.02973
G1 X83.717 Y127.005 E.02973
G1 X83.639 Y128 E.02973
G1 X83.717 Y128.995 E.02973
G1 X83.95 Y129.966 E.02973
G1 X84.332 Y130.888 E.02973
G1 X84.854 Y131.739 E.02973
G1 X85.502 Y132.498 E.02973
G1 X86.261 Y133.146 E.02973
G1 X87.112 Y133.668 E.02973
G1 X88.034 Y134.05 E.02973
G1 X89.005 Y134.283 E.02973
G1 X89.932 Y134.356 E.02769
G1 X89.9 Y134.755 F18000
G1 X89.973 Y134.761
G1 X89.974 Y134.752
M204 P1500
;TYPE:Inner wall
;WIDTH:0.45
G1 F3523
G1 X90 Y134.754 E.00085
G1 X91.057 Y134.671 E.03408
G1 X92.087 Y134.424 E.03408
G1 X93.066 Y134.018 E.03408
G1 X93.97 Y133.464 E.03408
G1 X94.776 Y132.776 E.03408
G1 X95.464 Y131.97 E.03408
G1 X96.018 Y131.066 E.03408
G1 X96.424 Y130.087 E.03408
G1 X96.671 Y129.057 E.03408
G1 X96.754 Y128 E.03408
G1 X96.671 Y126.943 E.03408
G1 X96.424 Y125.913 E.03408
G1 X96.018 Y124.934 E.03408
G1 X95.464 Y124.03 E.03408
G1 X94.776 Y123.224 E.03408
G1 X93.97 Y122.536 E.03408
G1 X93.066 Y121.982 E.03408
G1 X92.087 Y121.576 E.03408
G1 X91.057 Y121.329 E.03408
G1 X90 Y121.246 E.03408
G1 X89.713 Y121.268 E.00924
G1 X88.943 Y121.329 E.02484
G1 X87.913 Y121.576 E.03408
G1 X86.934 Y121.982 E.03408
G1 X86.03 Y122.536 E.03408
G1 X85.224 Y123.224 E.03408
G1 X84.536 Y124.03 E.03408
G1 X83.982 Y124.934 E.03408
G1 X83.576 Y125.913 E.03408
G1 X83.329 Y126.943 E.03408
G1 X83.246 Y128 E.03408
G1 X83.329 Y129.057 E.03408
G1 X83.576 Y130.087 E.03408
G1 X83.982 Y131.066 E.03408
G1 X84.536 Y131.97 E.03408
G1 X85.224 Y132.776 E.03408
G1 X86.03 Y133.464 E.03408
G1 X86.934 Y134.018 E.03408
G1 X87.913 Y134.424 E.03408
G1 X88.943 Y134.671 E.03408
G1 X89.914 Y134.747 E.0313
G1 X89.879 Y135.19 F18000
M204 P2000
;TYPE:Gap infill
;WIDTH:0.524893
G1 F3523
G1 X90 Y135.2 E.00462
G2 X91.145 Y135.107 I-8.421 J-111.086 E.04373
G2 X92.225 Y134.847 I-6.075 J-27.645 E.0423
G2 X93.285 Y134.405 I-42.328 J-103.028 E.04372
G2 X94.232 Y133.825 I-14.273 J-24.338 E.0423
G2 X95.104 Y133.077 I-71.98 J-84.771 E.04373
G2 X95.825 Y132.232 I-21.16 J-18.792 E.0423
G2 X96.423 Y131.251 I-94.501 J-58.286 E.04373
G2 X96.847 Y130.225 I-25.891 J-11.316 E.04229
G2 X97.113 Y129.107 I-107.884 J-26.23 E.04373
G2 X97.2 Y128 I-28.179 J-2.766 E.04229
G2 X97.107 Y126.855 I-111.082 J8.42 E.04373
G2 X96.847 Y125.775 I-27.664 J6.079 E.0423
G2 X96.405 Y124.715 I-102.937 J42.29 E.04372
G2 X95.825 Y123.768 I-24.342 J14.275 E.0423
G2 X95.077 Y122.896 I-84.778 J71.986 E.04373
G2 X94.232 Y122.175 I-18.774 J21.14 E.0423
G2 X93.251 Y121.577 I-58.234 J94.416 E.04373
G2 X92.225 Y121.153 I-11.287 J25.82 E.04229
G2 X91.107 Y120.887 I-26.228 J107.869 E.04373
G1 X90 Y120.8 E.04229
G2 X88.855 Y120.893 I5.706 J77.58 E.04373
G2 X87.775 Y121.153 I6.068 J27.616 E.0423
G2 X86.715 Y121.595 I42.303 J102.969 E.04372
G2 X85.768 Y122.175 I14.28 J24.349 E.0423
G2 X84.896 Y122.923 I71.983 J84.774 E.04373
G2 X84.175 Y123.768 I21.16 J18.792 E.0423
G2 X83.577 Y124.749 I94.555 J58.319 E.04373
G2 X83.153 Y125.775 I25.891 J11.316 E.04229
G2 X82.887 Y126.893 I107.867 J26.226 E.04373
G1 X82.801 Y127.981 E.04157
G1 X82.8 Y128 E.00072
G2 X82.893 Y129.145 I111.082 J-8.42 E.04373
G2 X83.153 Y130.225 I27.664 J-6.079 E.0423
G2 X83.595 Y131.285 I103.028 J-42.328 E.04372
G2 X84.175 Y132.232 I24.342 J-14.275 E.0423
G2 X84.923 Y133.104 I84.778 J-71.986 E.04373
G2 X85.768 Y133.825 I18.756 J-21.118 E.0423
G2 X86.749 Y134.423 I58.265 J-94.467 E.04373
G2 X87.775 Y134.847 I11.299 J-25.85 E.04229
G2 X88.893 Y135.113 I26.235 J-107.903 E.04373
G1 X89.819 Y135.186 E.03539
G1 E-1.75 F6000
;WIPE_START
G1 F5241.617
G1 X90 Y135.2 E-.13598
G1 X90.816 Y135.134 E-.61402
;WIPE_END
G1 X90.85 Y135.57 Z15.64 F18000
G1 X96.671 Y131.687
G1 X97.018 Y130.954
G1 X116.889 Y116.889
G1 X117.29 Y117.29
G1 Z15.44
G1 E2.5 F6000
M204 P1000
;TYPE:Outer wall
;WIDTH:0.42
G1 F3523
G1 X102.71 Y117.29 E.43429
G1 X102.71 Y114.71 E.07685
G1 X117.29 Y114.71 E.43429
G1 X117.29 Y117.23 E.07506
G1 X116.889 Y116.889 F18000
G1 X116.889 Y116.889
G1 X116.898 Y116.898
M204 P1500
;TYPE:Inner wall
;WIDTH:0.45
G1 F3523
G1 X103.102 Y116.898 E.44362
G1 X103.102 Y115.102 E.05775
G1 X116.898 Y115.102 E.44362
G1 X116.898 Y116.838 E.05582
G1 X116.491 Y116.491 F18000
G1 F3523
G1 X103.509 Y116.491 E.41744
G1 X103.509 Y115.509 E.03157
G1 X116.491 Y115.509 E.41744
G1 X116.491 Y116.431 E.02964
G1 X116.287 Y116 F18000
M204 P2000
;TYPE:Gap infill
;WIDTH:0.617526
G1 F3523
G1 X103.713 Y116 E.57076
G1 E-1.75 F6000
;WIPE_START
G1 F4396.605
G1 X104.713 Y116 E-.75
;WIPE_END
G1 X107.088 Y115.111 Z15.64 F18000
G1 X116.889 Y110.889
G1 X117.29 Y111.29
G1 Z15.44
G1 E2.5 F6000
M204 P1000
;TYPE:Outer wall
;WIDTH:0.42
G1 F3523
G1 X102.71 Y111.29 E.43429
G1 X102.71 Y108.71 E.07685
G1 X117.29 Y108.71 E.43429
G1 X117.29 Y111.23 E.07506
G1 X116.889 Y110.889 F18000
G1 X116.889 Y110.889
G1 X116.898 Y110.898
M204 P1500
;TYPE:Inner wall
;WIDTH:0.45
G1 F3523
G1 X103.102 Y110.898 E.44362
G1 X103.102 Y109.102 E.05775
G1 X116.898 Y109.102 E.44362
G1 X116.898 Y110.838 E.05582
G1 X116.491 Y110.491 F18000
G1 F3523
G1 X103.509 Y110.491 E.41744
G1 X103.509 Y109.509 E.03157
G1 X116.491 Y109.509 E.41744
G1 X116.491 Y110.431 E.02964
G1 X116.287 Y110 F18000
M204 P2000
;TYPE:Gap infill
;WIDTH:0.617526
G1 F3523
G1 X103.713 Y110 E.57076
G1 E-1.75 F6000
;WIPE_START
G1 F4396.605
G1 X104.713 Y110 E-.75
;WIPE_END
G1 X107.088 Y109.111 Z15.64 F18000
G1 X116.889 Y104.889
G1 X117.29 Y105.29
G1 Z15.44
G1 E2.5 F6000
M204 P1000
;TYPE:Outer wall
;WIDTH:0.42
G1 F3523
G1 X102.71 Y105.29 E.43429
G1 X102.71 Y102.71 E.07685
G1 X117.29 Y102.71 E.43429
G1 X117.29 Y105.23 E.07506
G1 X116.889 Y104.889 F18000
G1 X116.889 Y104.889
G1 X116.898 Y104.898
M204 P1500
;TYPE:Inner wall
;WIDTH:0.45
G1 F3523
G1 X103.102 Y104.898 E.44362
G1 X103.102 Y103.102 E.05775
G1 X116.898 Y103.102 E.44362
G1 X116.898 Y104.838 E.05582
G1 X116.491 Y104.491 F18000
G1 F3523
G1 X103.509 Y104.491 E.41744
G1 X103.509 Y103.509 E.03157
G1 X116.491 Y103.509 E.41744
G1 X116.491 Y104.431 E.02964
G1 X116.287 Y104 F18000
M204 P2000
;TYPE:Gap infill
;WIDTH:0.617526
G1 F3523
G1 X103.713 Y104 E.57076
; stop printing object esp32_pod_lid.stl id:0 copy 0
;LAYER_CHANGE
;Z:15.64
;HEIGHT:0.200001
G92 E0 ; zero the extruded length again
; BEFORE_LAYER_CHANGE 77 @ 15.64mm
G1 E-1.75 F6000
;WIPE_START
G1 F4396.605
G1 X104.713 Y104 E-.75
;WIPE_END
; AFTER_LAYER_CHANGE 77 @ 15.64mm
;_SET_FAN_SPEED_CHANGING_LAYER
; printing object esp32_pod_lid.stl id:0 copy 0
G17
G3 Z15.84 I-.553 J-.254 P1  F18000
G1 X104.304 Y104.889 Z15.84
G1 X95.902 Y123.187
G1 X97.403 Y129.777
G1 X92.914 Y135.034
G1 X90.256 Y135.617
G1 X90 Y135.637
G1 X90 Y136.039
G1 Z15.64
G1 E2.5 F6000
M204 P1000
;TYPE:Outer wall
;WIDTH:0.42
G1 F3523
G1 X88.742 Y135.94 E.03758
G1 X87.516 Y135.646 E.03758
G1 X86.35 Y135.163 E.03758
G1 X85.275 Y134.504 E.03758
G1 X84.315 Y133.685 E.03758
G1 X83.496 Y132.725 E.03758
G1 X82.837 Y131.65 E.03758
G1 X82.354 Y130.484 E.03758
G1 X82.06 Y129.258 E.03758
G1 X81.961 Y128 E.03758
G1 X82.06 Y126.742 E.03758
G1 X82.354 Y125.516 E.03758
G1 X82.837 Y124.35 E.03758
G1 X83.496 Y123.275 E.03758
G1 X84.315 Y122.315 E.03758
G1 X85.275 Y121.496 E.03758
G1 X86.35 Y120.837 E.03758
G1 X87.516 Y120.354 E.03758
G1 X88.742 Y120.06 E.03758
G1 X90 Y119.961 E.03758
G1 X90.485 Y119.999 E.01449
G1 X91.258 Y120.06 E.02309
G1 X92.484 Y120.354 E.03758
G1 X93.65 Y120.837 E.03758
G1 X94.725 Y121.496 E.03758
G1 X95.685 Y122.315 E.03758
G1 X96.504 Y123.275 E.03758
G1 X97.163 Y124.35 E.03758
G1 X97.646 Y125.516 E.03758
G1 X97.94 Y126.742 E.03758
G1 X98.039 Y128 E.03758
G1 X97.94 Y129.258 E.03758
G1 X97.646 Y130.484 E.03758
G1 X97.163 Y131.65 E.03758
G1 X96.504 Y132.725 E.03758
G1 X95.685 Y133.685 E.03758
G1 X94.725 Y134.504 E.03758
G1 X93.65 Y135.163 E.03758
G1 X92.484 Y135.646 E.03758
G1 X91.258 Y135.94 E.03758
G1 X90.06 Y136.035 E.03579
G1 X90.028 Y135.635 F18000
G1 X90 Y135.637
G1 X90 Y135.637
G1 X90 Y135.646
M204 P1500
;TYPE:Inner wall
;WIDTH:0.45
G1 F3523
G1 X88.804 Y135.552 E.03858
G1 X87.637 Y135.272 E.03858
G1 X86.529 Y134.813 E.03858
G1 X85.506 Y134.186 E.03858
G1 X84.593 Y133.407 E.03858
G1 X83.814 Y132.494 E.03858
G1 X83.187 Y131.471 E.03858
G1 X82.728 Y130.363 E.03858
G1 X82.448 Y129.196 E.03858
G1 X82.354 Y128 E.03858
G1 X82.448 Y126.804 E.03858
G1 X82.728 Y125.637 E.03858
G1 X83.187 Y124.529 E.03858
G1 X83.814 Y123.506 E.03858
G1 X84.593 Y122.593 E.03858
G1 X85.506 Y121.814 E.03858
G1 X86.529 Y121.187 E.03858
G1 X87.637 Y120.728 E.03858
G1 X88.804 Y120.448 E.03858
G1 X90 Y120.354 E.03858
G1 X90.454 Y120.39 E.01465
G1 X91.196 Y120.448 E.02393
G1 X92.363 Y120.728 E.03858
G1 X93.471 Y121.187 E.03858
G1 X94.494 Y121.814 E.03858
G1 X95.407 Y122.593 E.03858
G1 X96.186 Y123.506 E.03858
G1 X96.813 Y124.529 E.03858
G1 X97.272 Y125.637 E.03858
G1 X97.552 Y126.804 E.03858
G1 X97.646 Y128 E.03858
G1 X97.552 Y129.196 E.03858
G1 X97.272 Y130.363 E.03858
G1 X96.813 Y131.471 E.03858
G1 X96.186 Y132.494 E.03858
G1 X95.407 Y133.407 E.03858
G1 X94.494 Y134.186 E.03858
G1 X93.471 Y134.813 E.03858
G1 X92.363 Y135.272 E.03858
G1 X91.196 Y135.552 E.03858
G1 X90.06 Y135.641 E.03665
G1 E-1.75 F6000
;WIPE_START
G1 X89.062 Y135.57 E-.75
;WIPE_END
G1 X89.063 Y135.564 Z15.84 F18000
G1 X89.961 Y134.76
G1 X89.993 Y134.36
G1 Z15.64
G1 E2.5 F6000
M204 P1000
;TYPE:Outer wall
;WIDTH:0.42
G1 F3523
G1 X90 Y134.361 E.00022
G1 X90.995 Y134.283 E.02973
G1 X91.966 Y134.05 E.02973
G1 X92.888 Y133.668 E.02973
G1 X93.739 Y133.146 E.02973
G1 X94.498 Y132.498 E.02973
G1 X95.146 Y131.739 E.02973
G1 X95.668 Y130.888 E.02973
G1 X96.05 Y129.966 E.02973
G1 X96.283 Y128.995 E.02973
G1 X96.361 Y128 E.02973
G1 X96.283 Y127.005 E.02973
G1 X96.05 Y126.034 E.02973
G1 X95.668 Y125.112 E.02973
G1 X95.146 Y124.261 E.02973
G1 X94.498 Y123.502 E.02973
G1 X93.739 Y122.854 E.02973
G1 X92.888 Y122.332 E.02973
G1 X91.966 Y121.95 E.02973
G1 X90.995 Y121.717 E.02973
G1 X90 Y121.639 E.02973
G1 X89.608 Y121.67 E.01171
G1 X89.005 Y121.717 E.01802
G1 X88.034 Y121.95 E.02973
G1 X87.112 Y122.332 E.02973
G1 X86.261 Y122.854 E.02973
G1 X85.502 Y123.502 E.02973
G1 X84.854 Y124.261 E.02973
G1 X84.332 Y125.112 E.02973
G1 X83.95 Y126.034 E.02973
G1 X83.717 Y127.005 E.02973
G1 X83.639 Y128 E.02973
G1 X83.717 Y128.995 E.02973
G1 X83.95 Y129.966 E.02973
G1 X84.332 Y130.888 E.02973
G1 X84.854 Y131.739 E.02973
G1 X85.502 Y132.498 E.02973
G1 X86.261 Y133.146 E.02973
G1 X87.112 Y133.668 E.02973
G1 X88.034 Y134.05 E.02973
G1 X89.005 Y134.283 E.02973
G1 X89.933 Y134.356 E.02772
G1 X89.901 Y134.755 F18000
G1 X89.973 Y134.761
G1 X89.973 Y134.752
M204 P1500
;TYPE:Inner wall
;WIDTH:0.45
G1 F3523
G1 X90 Y134.754 E.00086
G1 X91.057 Y134.671 E.03408
G1 X92.087 Y134.424 E.03408
G1 X93.066 Y134.018 E.03408
G1 X93.97 Y133.464 E.03408
G1 X94.776 Y132.776 E.03408
G1 X95.464 Y131.97 E.03408
G1 X96.018 Y131.066 E.03408
G1 X96.424 Y130.087 E.03408
G1 X96.671 Y129.057 E.03408
G1 X96.754 Y128 E.03408
G1 X96.671 Y126.943 E.03408
G1 X96.424 Y125.913 E.03408
G1 X96.018 Y124.934 E.03408
G1 X95.464 Y124.03 E.03408
G1 X94.776 Y123.224 E.03408
G1 X93.97 Y122.536 E.03408
G1 X93.066 Y121.982 E.03408
G1 X92.087 Y121.576 E.03408
G1 X91.057 Y121.329 E.03408
G1 X90 Y121.246 E.03408
G1 X89.577 Y121.279 E.01364
G1 X88.943 Y121.329 E.02044
G1 X87.913 Y121.576 E.03408
G1 X86.934 Y121.982 E.03408
G1 X86.03 Y122.536 E.03408
G1 X85.224 Y123.224 E.03408
G1 X84.536 Y124.03 E.03408
G1 X83.982 Y124.934 E.03408
G1 X83.576 Y125.913 E.03408
G1 X83.329 Y126.943 E.03408
G1 X83.246 Y128 E.03408
G1 X83.329 Y129.057 E.03408
G1 X83.576 Y130.087 E.03408
G1 X83.982 Y131.066 E.03408
G1 X84.536 Y131.97 E.03408
G1 X85.224 Y132.776 E.03408
G1 X86.03 Y133.464 E.03408
G1 X86.934 Y134.018 E.03408
G1 X87.913 Y134.424 E.03408
G1 X88.943 Y134.671 E.03408
G1 X89.914 Y134.747 E.0313
G1 X89.879 Y135.19 F18000
M204 P2000
;TYPE:Gap infill
;WIDTH:0.524893
G1 F3523
G1 X90 Y135.2 E.00462
G2 X91.145 Y135.107 I-8.42 J-111.082 E.04373
G2 X92.225 Y134.847 I-6.075 J-27.645 E.0423
G2 X93.285 Y134.405 I-42.317 J-103.002 E.04372
G2 X94.232 Y133.825 I-14.287 J-24.36 E.0423
G2 X95.104 Y133.077 I-71.992 J-84.785 E.04373
G2 X95.825 Y132.232 I-21.114 J-18.752 E.0423
G2 X96.423 Y131.251 I-94.517 J-58.296 E.04373
G2 X96.847 Y130.225 I-25.891 J-11.316 E.04229
G2 X97.113 Y129.107 I-107.911 J-26.237 E.04373
G2 X97.2 Y128 I-28.18 J-2.766 E.04229
G2 X97.107 Y126.855 I-111.082 J8.42 E.04373
G2 X96.847 Y125.775 I-27.595 J6.063 E.0423
G2 X96.405 Y124.715 I-102.931 J42.287 E.04372
G2 X95.825 Y123.768 I-24.349 J14.28 E.0423
G2 X95.077 Y122.896 I-84.774 J71.983 E.04373
G2 X94.232 Y122.175 I-18.823 J21.197 E.0423
G2 X93.251 Y121.577 I-58.262 J94.462 E.04373
G2 X92.225 Y121.153 I-11.281 J25.807 E.04229
G2 X91.107 Y120.887 I-26.228 J107.868 E.04373
G1 X90.419 Y120.833 E.02628
G2 X89.542 Y120.836 I-.429 J2.849 E.03352
G2 X88.874 Y120.889 I1.015 J17.046 E.02554
G2 X87.757 Y121.16 I25.597 J108.009 E.04373
G2 X86.731 Y121.585 I10.319 J26.336 E.04229
G2 X85.753 Y122.187 I57.853 J95.032 E.04373
G2 X84.909 Y122.909 I17.976 J21.887 E.0423
G2 X84.165 Y123.784 I84.225 J72.364 E.04373
G2 X83.585 Y124.731 I23.859 J15.26 E.04229
G2 X83.148 Y125.793 I102.485 J42.803 E.04373
G2 X82.889 Y126.874 I27.469 J7.155 E.0423
G2 X82.801 Y127.981 I28.072 J2.777 E.0423
G1 X82.8 Y128 E.00072
G2 X82.893 Y129.145 I111.082 J-8.42 E.04373
G2 X83.153 Y130.225 I27.595 J-6.063 E.0423
G2 X83.595 Y131.285 I102.995 J-42.314 E.04372
G2 X84.175 Y132.232 I24.349 J-14.28 E.0423
G2 X84.923 Y133.104 I84.795 J-72.001 E.04373
G2 X85.768 Y133.825 I18.78 J-21.146 E.0423
G2 X86.749 Y134.423 I58.296 J-94.518 E.04373
G2 X87.775 Y134.847 I11.305 J-25.864 E.04229
G2 X88.893 Y135.113 I26.239 J-107.921 E.04373
G1 X89.819 Y135.186 E.03538
G1 E-1.75 F6000
;WIPE_START
G1 F5241.615
G1 X90 Y135.2 E-.13607
G1 X90.816 Y135.134 E-.61393
;WIPE_END
G1 X90.85 Y135.57 Z15.84 F18000
G1 X96.671 Y131.687
G1 X97.018 Y130.953
G1 X116.889 Y116.889
G1 X117.29 Y117.29
G1 Z15.64
G1 E2.5 F6000
M204 P1000
;TYPE:Outer wall
;WIDTH:0.42
G1 F3523
G1 X102.71 Y117.29 E.43429
G1 X102.71 Y114.71 E.07685
G1 X117.29 Y114.71 E.43429
G1 X117.29 Y117.23 E.07506
G1 X116.889 Y116.889 F18000
G1 X116.889 Y116.889
G1 X116.898 Y116.898
M204 P1500
;TYPE:Inner wall
;WIDTH:0.45
G1 F3523
G1 X103.102 Y116.898 E.44362
G1 X103.102 Y115.102 E.05775
G1 X116.898 Y115.102 E.44362
G1 X116.898 Y116.838 E.05582
G1 X116.491 Y116.491 F18000
G1 F3523
G1 X103.509 Y116.491 E.41744
G1 X103.509 Y115.509 E.03157
G1 X116.491 Y115.509 E.41744
G1 X116.491 Y116.431 E.02964
G1 X116.287 Y116 F18000
M204 P2000
;TYPE:Gap infill
;WIDTH:0.617526
G1 F3523
G1 X103.713 Y116 E.57076
G1 E-1.75 F6000
;WIPE_START
G1 F4396.605
G1 X104.713 Y116 E-.75
;WIPE_END
G1 X107.088 Y115.111 Z15.84 F18000
G1 X116.889 Y110.889
G1 X117.29 Y111.29
G1 Z15.64
G1 E2.5 F6000
M204 P1000
;TYPE:Outer wall
;WIDTH:0.42
G1 F3523
G1 X102.71 Y111.29 E.43429
G1 X102.71 Y108.71 E.07685
G1 X117.29 Y108.71 E.43429
G1 X117.29 Y111.23 E.07506
G1 X116.889 Y110.889 F18000
G1 X116.889 Y110.889
G1 X116.898 Y110.898
M204 P1500
;TYPE:Inner wall
;WIDTH:0.45
G1 F3523
G1 X103.102 Y110.898 E.44362
G1 X103.102 Y109.102 E.05775
G1 X116.898 Y109.102 E.44362
G1 X116.898 Y110.838 E.05582
G1 X116.491 Y110.491 F18000
G1 F3523
G1 X103.509 Y110.491 E.41744
G1 X103.509 Y109.509 E.03157
G1 X116.491 Y109.509 E.41744
G1 X116.491 Y110.431 E.02964
G1 X116.287 Y110 F18000
M204 P2000
;TYPE:Gap infill
;WIDTH:0.617526
G1 F3523
G1 X103.713 Y110 E.57076
G1 E-1.75 F6000
;WIPE_START
G1 F4396.605
G1 X104.713 Y110 E-.75
;WIPE_END
G1 X107.088 Y109.111 Z15.84 F18000
G1 X116.889 Y104.889
G1 X117.29 Y105.29
G1 Z15.64
G1 E2.5 F6000
M204 P1000
;TYPE:Outer wall
;WIDTH:0.42
G1 F3523
G1 X102.71 Y105.29 E.43429
G1 X102.71 Y102.71 E.07685
G1 X117.29 Y102.71 E.43429
G1 X117.29 Y105.23 E.07506
G1 X116.889 Y104.889 F18000
G1 X116.889 Y104.889
G1 X116.898 Y104.898
M204 P1500
;TYPE:Inner wall
;WIDTH:0.45
G1 F3523
G1 X103.102 Y104.898 E.44362
G1 X103.102 Y103.102 E.05775
G1 X116.898 Y103.102 E.44362
G1 X116.898 Y104.838 E.05582
G1 X116.491 Y104.491 F18000
G1 F3523
G1 X103.509 Y104.491 E.41744
G1 X103.509 Y103.509 E.03157
G1 X116.491 Y103.509 E.41744
G1 X116.491 Y104.431 E.02964
G1 X116.287 Y104 F18000
M204 P2000
;TYPE:Gap infill
;WIDTH:0.617526
G1 F3523
G1 X103.713 Y104 E.57076
; stop printing object esp32_pod_lid.stl id:0 copy 0
;LAYER_CHANGE
;Z:15.84
;HEIGHT:0.2
G92 E0 ; zero the extruded length again
; BEFORE_LAYER_CHANGE 78 @ 15.84mm
G1 E-1.75 F6000
;WIPE_START
G1 F4396.605
G1 X104.713 Y104 E-.75
;WIPE_END
; AFTER_LAYER_CHANGE 78 @ 15.84mm
;_SET_FAN_SPEED_CHANGING_LAYER
; printing object esp32_pod_lid.stl id:0 copy 0
G17
G3 Z16.04 I-.608 J0 P1  F18000
G1 X104.713 Y104.639 Z16.04
G1 X95.902 Y123.187
G1 X97.403 Y129.777
G1 X92.914 Y135.034
G1 X90.256 Y135.617
G1 X90 Y135.637
G1 X90 Y136.039
G1 Z15.84
G1 E2.5 F6000
M204 P1000
;TYPE:Outer wall
;WIDTH:0.42
G1 F3392
G1 X88.742 Y135.94 E.03758
G1 X87.516 Y135.646 E.03758
G1 X86.35 Y135.163 E.03758
G1 X85.275 Y134.504 E.03758
G1 X84.315 Y133.685 E.03758
G1 X83.496 Y132.725 E.03758
G1 X82.837 Y131.65 E.03758
G1 X82.354 Y130.484 E.03758
G1 X82.06 Y129.258 E.03758
G1 X81.961 Y128 E.03758
G1 X82.06 Y126.742 E.03758
G1 X82.354 Y125.516 E.03758
G1 X82.837 Y124.35 E.03758
G1 X83.496 Y123.275 E.03758
G1 X84.315 Y122.315 E.03758
G1 X85.275 Y121.496 E.03758
G1 X86.35 Y120.837 E.03758
G1 X87.516 Y120.354 E.03758
G1 X88.742 Y120.06 E.03758
G1 X90 Y119.961 E.03758
G1 X90.671 Y120.013 E.02004
G1 X91.258 Y120.06 E.01754
G1 X92.484 Y120.354 E.03758
G1 X93.65 Y120.837 E.03758
G1 X94.725 Y121.496 E.03758
G1 X95.685 Y122.315 E.03758
G1 X96.504 Y123.275 E.03758
G1 X97.163 Y124.35 E.03758
G1 X97.646 Y125.516 E.03758
G1 X97.94 Y126.742 E.03758
G1 X98.039 Y128 E.03758
G1 X97.94 Y129.258 E.03758
G1 X97.646 Y130.484 E.03758
G1 X97.163 Y131.65 E.03758
G1 X96.504 Y132.725 E.03758
G1 X95.685 Y133.685 E.03758
G1 X94.725 Y134.504 E.03758
G1 X93.65 Y135.163 E.03758
G1 X92.484 Y135.646 E.03758
G1 X91.258 Y135.94 E.03758
G1 X90.06 Y136.035 E.03579
G1 X90.028 Y135.635 F18000
G1 X90 Y135.637
G1 X90 Y135.637
G1 X90 Y135.646
M204 P1500
;TYPE:Inner wall
;WIDTH:0.45
G1 F3392
G1 X88.804 Y135.552 E.03858
G1 X87.637 Y135.272 E.03858
G1 X86.529 Y134.813 E.03858
G1 X85.506 Y134.186 E.03858
G1 X84.593 Y133.407 E.03858
G1 X83.814 Y132.494 E.03858
G1 X83.187 Y131.471 E.03858
G1 X82.728 Y130.363 E.03858
G1 X82.448 Y129.196 E.03858
G1 X82.354 Y128 E.03858
G1 X82.448 Y126.804 E.03858
G1 X82.728 Y125.637 E.03858
G1 X83.187 Y124.529 E.03858
G1 X83.814 Y123.506 E.03858
G1 X84.593 Y122.593 E.03858
G1 X85.506 Y121.814 E.03858
G1 X86.529 Y121.187 E.03858
G1 X87.637 Y120.728 E.03858
G1 X88.804 Y120.448 E.03858
G1 X90 Y120.354 E.03858
G1 X90.64 Y120.404 E.02064
G1 X91.196 Y120.448 E.01794
G1 X92.363 Y120.728 E.03858
G1 X93.471 Y121.187 E.03858
G1 X94.494 Y121.814 E.03858
G1 X95.407 Y122.593 E.03858
G1 X96.186 Y123.506 E.03858
G1 X96.813 Y124.529 E.03858
G1 X97.272 Y125.637 E.03858
G1 X97.552 Y126.804 E.03858
G1 X97.646 Y128 E.03858
G1 X97.552 Y129.196 E.03858
G1 X97.272 Y130.363 E.03858
G1 X96.813 Y131.471 E.03858
G1 X96.186 Y132.494 E.03858
G1 X95.407 Y133.407 E.03858
G1 X94.494 Y134.186 E.03858
G1 X93.471 Y134.813 E.03858
G1 X92.363 Y135.272 E.03858
G1 X91.196 Y135.552 E.03858
G1 X90.06 Y135.641 E.03665
G1 E-1.75 F6000
;WIPE_START
G1 X89.062 Y135.57 E-.75
;WIPE_END
G1 X89.063 Y135.564 Z16.04 F18000
G1 X89.962 Y134.76
G1 X89.994 Y134.36
G1 Z15.84
G1 E2.5 F6000
M204 P1000
;TYPE:Outer wall
;WIDTH:0.42
G1 F3392
G1 X90 Y134.361 E.00019
G1 X90.995 Y134.283 E.02973
G1 X91.966 Y134.05 E.02973
G1 X92.888 Y133.668 E.02973
G1 X93.739 Y133.146 E.02973
G1 X94.498 Y132.498 E.02973
G1 X95.146 Y131.739 E.02973
G1 X95.668 Y130.888 E.02973
G1 X96.05 Y129.966 E.02973
G1 X96.283 Y128.995 E.02973
G1 X96.361 Y128 E.02973
G1 X96.283 Y127.005 E.02973
G1 X96.05 Y126.034 E.02973
G1 X95.668 Y125.112 E.02973
G1 X95.146 Y124.261 E.02973
G1 X94.498 Y123.502 E.02973
G1 X93.739 Y122.854 E.02973
G1 X92.888 Y122.332 E.02973
G1 X91.966 Y121.95 E.02973
G1 X90.995 Y121.717 E.02973
G1 X90 Y121.639 E.02973
G1 X89.472 Y121.681 E.01578
G1 X89.005 Y121.717 E.01395
G1 X88.034 Y121.95 E.02973
G1 X87.112 Y122.332 E.02973
G1 X86.261 Y122.854 E.02973
G1 X85.502 Y123.502 E.02973
G1 X84.854 Y124.261 E.02973
G1 X84.332 Y125.112 E.02973
G1 X83.95 Y126.034 E.02973
G1 X83.717 Y127.005 E.02973
G1 X83.639 Y128 E.02973
G1 X83.717 Y128.995 E.02973
G1 X83.95 Y129.966 E.02973
G1 X84.332 Y130.888 E.02973
G1 X84.854 Y131.739 E.02973
G1 X85.502 Y132.498 E.02973
G1 X86.261 Y133.146 E.02973
G1 X87.112 Y133.668 E.02973
G1 X88.034 Y134.05 E.02973
G1 X89.005 Y134.283 E.02973
G1 X89.934 Y134.356 E.02775
G1 X89.902 Y134.755 F18000
G1 X89.973 Y134.761
G1 X89.973 Y134.752
M204 P1500
;TYPE:Inner wall
;WIDTH:0.45
G1 F3392
G1 X90 Y134.754 E.00086
G1 X91.057 Y134.671 E.03408
G1 X92.087 Y134.424 E.03408
G1 X93.066 Y134.018 E.03408
G1 X93.97 Y133.464 E.03408
G1 X94.776 Y132.776 E.03408
G1 X95.464 Y131.97 E.03408
G1 X96.018 Y131.066 E.03408
G1 X96.424 Y130.087 E.03408
G1 X96.671 Y129.057 E.03408
G1 X96.754 Y128 E.03408
G1 X96.671 Y126.943 E.03408
G1 X96.424 Y125.913 E.03408
G1 X96.018 Y124.934 E.03408
G1 X95.464 Y124.03 E.03408
G1 X94.776 Y123.224 E.03408
G1 X93.97 Y122.536 E.03408
G1 X93.066 Y121.982 E.03408
G1 X92.087 Y121.576 E.03408
G1 X91.057 Y121.329 E.03408
G1 X90 Y121.246 E.03408
G1 X89.441 Y121.29 E.01803
G1 X88.943 Y121.329 E.01605
G1 X87.913 Y121.576 E.03408
G1 X86.934 Y121.982 E.03408
G1 X86.03 Y122.536 E.03408
G1 X85.224 Y123.224 E.03408
G1 X84.536 Y124.03 E.03408
G1 X83.982 Y124.934 E.03408
G1 X83.576 Y125.913 E.03408
G1 X83.329 Y126.943 E.03408
G1 X83.246 Y128 E.03408
G1 X83.329 Y129.057 E.03408
G1 X83.576 Y130.087 E.03408
G1 X83.982 Y131.066 E.03408
G1 X84.536 Y131.97 E.03408
G1 X85.224 Y132.776 E.03408
G1 X86.03 Y133.464 E.03408
G1 X86.934 Y134.018 E.03408
G1 X87.913 Y134.424 E.03408
G1 X88.943 Y134.671 E.03408
G1 X89.914 Y134.747 E.03129
G1 X89.879 Y135.19 F18000
M204 P2000
;TYPE:Gap infill
;WIDTH:0.524893
G1 F3392
G1 X90 Y135.2 E.00463
G2 X91.145 Y135.107 I-8.42 J-111.082 E.04373
G2 X92.225 Y134.847 I-6.075 J-27.645 E.0423
G2 X93.285 Y134.405 I-42.317 J-103.002 E.04372
G2 X94.232 Y133.825 I-14.287 J-24.36 E.0423
G2 X95.104 Y133.077 I-71.992 J-84.785 E.04373
G2 X95.825 Y132.232 I-21.147 J-18.78 E.0423
G2 X96.423 Y131.251 I-94.464 J-58.263 E.04373
G2 X96.847 Y130.225 I-25.839 J-11.294 E.04229
G2 X97.113 Y129.107 I-107.896 J-26.233 E.04373
G2 X97.2 Y128 I-28.18 J-2.766 E.04229
G2 X97.107 Y126.855 I-111.076 J8.42 E.04373
G2 X96.847 Y125.775 I-27.645 J6.075 E.0423
G2 X96.405 Y124.715 I-102.94 J42.291 E.04372
G2 X95.825 Y123.768 I-24.349 J14.28 E.0423
G2 X95.077 Y122.896 I-84.774 J71.983 E.04373
G2 X94.232 Y122.175 I-18.823 J21.197 E.0423
G2 X93.251 Y121.577 I-58.262 J94.462 E.04373
G2 X92.225 Y121.153 I-11.302 J25.858 E.04229
G2 X91.107 Y120.887 I-26.242 J107.929 E.04373
G1 X90.605 Y120.847 E.01919
G2 X89.406 Y120.847 I-.602 J3.859 E.04582
G2 X88.855 Y120.893 I.019 J3.528 E.02107
G2 X87.775 Y121.153 I6.077 J27.651 E.0423
G2 X86.715 Y121.595 I42.288 J102.932 E.04372
G2 X85.768 Y122.175 I14.276 J24.343 E.0423
G2 X84.896 Y122.923 I71.961 J84.749 E.04373
G2 X84.175 Y123.768 I21.147 J18.78 E.0423
G2 X83.577 Y124.749 I94.485 J58.276 E.04373
G2 X83.153 Y125.775 I25.839 J11.294 E.04229
G2 X82.887 Y126.893 I107.896 J26.233 E.04373
G1 X82.801 Y127.981 E.04157
G1 X82.8 Y128 E.00072
G2 X82.893 Y129.145 I111.151 J-8.426 E.04373
G2 X83.153 Y130.225 I27.645 J-6.075 E.0423
G2 X83.595 Y131.285 I103.004 J-42.318 E.04372
G2 X84.175 Y132.232 I24.349 J-14.28 E.0423
G2 X84.923 Y133.104 I84.774 J-71.983 E.04373
G2 X85.768 Y133.825 I18.752 J-21.114 E.0423
G2 X86.749 Y134.423 I58.296 J-94.517 E.04373
G2 X87.775 Y134.847 I11.327 J-25.917 E.04229
G2 X88.893 Y135.113 I26.237 J-107.911 E.04373
G1 X89.819 Y135.186 E.03538
G1 E-1.75 F6000
;WIPE_START
G1 F5241.612
G1 X90 Y135.2 E-.13616
G1 X90.816 Y135.134 E-.61384
;WIPE_END
G1 X90.85 Y135.57 Z16.04 F18000
G1 X96.671 Y131.687
G1 X97.075 Y130.815
G1 X116.639 Y116.639
G1 X117.04 Y117.04
G1 Z15.84
G1 E2.5 F6000
M204 P1000
;TYPE:Outer wall
;WIDTH:0.42
G1 F3392
G1 X102.96 Y117.04 E.4194
G1 X102.96 Y114.96 E.06196
G1 X117.04 Y114.96 E.4194
G1 X117.04 Y116.98 E.06017
G1 X116.639 Y116.639 F18000
G1 X116.648 Y116.648
M204 P1500
;TYPE:Inner wall
;WIDTH:0.45
G1 F3392
G1 X103.352 Y116.648 E.42755
G1 X103.352 Y115.352 E.04167
G1 X116.648 Y115.352 E.42755
G1 X116.648 Y116.588 E.03974
G1 X116.241 Y116.241 F18000
G1 F3392
G1 X103.759 Y116.241 E.40137
G1 X103.759 Y115.759 E.01549
G1 X116.241 Y115.759 E.40137
G1 X116.241 Y116.181 E.01356
G1 X116.037 Y116 F18000
M204 P2000
;TYPE:Gap infill
;WIDTH:0.117526
G1 F3392
G1 X103.963 Y116 E.07116
G1 E-1.75 F6000
;WIPE_START
G1 X104.963 Y116 E-.75
;WIPE_END
G1 X104.963 Y116.639 Z16.04 F18000
G1 X106.52 Y115.361
G1 X116.639 Y110.639
G1 X117.04 Y111.04
G1 Z15.84
G1 E2.5 F6000
M204 P1000
;TYPE:Outer wall
;WIDTH:0.42
G1 F3392
G1 X102.96 Y111.04 E.4194
G1 X102.96 Y108.96 E.06196
G1 X117.04 Y108.96 E.4194
G1 X117.04 Y110.98 E.06017
G1 X116.639 Y110.639 F18000
G1 X116.648 Y110.648
M204 P1500
;TYPE:Inner wall
;WIDTH:0.45
G1 F3392
G1 X103.352 Y110.648 E.42755
G1 X103.352 Y109.352 E.04167
G1 X116.648 Y109.352 E.42755
G1 X116.648 Y110.588 E.03974
G1 X116.241 Y110.241 F18000
G1 F3392
G1 X103.759 Y110.241 E.40137
G1 X103.759 Y109.759 E.01549
G1 X116.241 Y109.759 E.40137
G1 X116.241 Y110.181 E.01356
G1 X116.037 Y110 F18000
M204 P2000
;TYPE:Gap infill
;WIDTH:0.117526
G1 F3392
G1 X103.963 Y110 E.07116
G1 E-1.75 F6000
;WIPE_START
G1 X104.963 Y110 E-.75
;WIPE_END
G1 X104.963 Y110.639 Z16.04 F18000
G1 X106.52 Y109.361
G1 X116.639 Y104.639
G1 X117.04 Y105.04
G1 Z15.84
G1 E2.5 F6000
M204 P1000
;TYPE:Outer wall
;WIDTH:0.42
G1 F3392
G1 X102.96 Y105.04 E.4194
G1 X102.96 Y102.96 E.06196
G1 X117.04 Y102.96 E.4194
G1 X117.04 Y104.98 E.06017
G1 X116.639 Y104.639 F18000
G1 X116.648 Y104.648
M204 P1500
;TYPE:Inner wall
;WIDTH:0.45
G1 F3392
G1 X103.352 Y104.648 E.42755
G1 X103.352 Y103.352 E.04167
G1 X116.648 Y103.352 E.42755
G1 X116.648 Y104.588 E.03974
G1 X116.241 Y104.241 F18000
G1 F3392
G1 X103.759 Y104.241 E.40137
G1 X103.759 Y103.759 E.01549
G1 X116.241 Y103.759 E.40137
G1 X116.241 Y104.181 E.01356
G1 X116.037 Y104 F18000
M204 P2000
;TYPE:Gap infill
;WIDTH:0.117526
G1 F3392
G1 X103.963 Y104 E.07116
; stop printing object esp32_pod_lid.stl id:0 copy 0
;LAYER_CHANGE
;Z:16.04
;HEIGHT:0.200001
G92 E0 ; zero the extruded length again
; BEFORE_LAYER_CHANGE 79 @ 16.04mm
G1 E-1.75 F6000
;WIPE_START
G1 X104.963 Y104 E-.75
;WIPE_END
; AFTER_LAYER_CHANGE 79 @ 16.04mm
;_SET_FAN_SPEED_CHANGING_LAYER
; printing object esp32_pod_lid.stl id:0 copy 0
G17
G3 Z16.24 I-.608 J0 P1  F18000
G1 X104.963 Y104.306 Z16.24
G1 X95.967 Y123.263
G1 X97.324 Y130.11
G1 X92.598 Y135.165
G1 X90 Y135.637
G1 X90 Y135.637
G1 X90 Y136.039
G1 Z16.04
G1 E2.5 F6000
M204 P1000
;TYPE:Outer wall
;WIDTH:0.42
G1 F2799
G1 X88.742 Y135.94 E.03758
G1 X87.516 Y135.646 E.03758
G1 X86.35 Y135.163 E.03758
G1 X85.275 Y134.504 E.03758
G1 X84.315 Y133.685 E.03758
G1 X83.496 Y132.725 E.03758
G1 X82.837 Y131.65 E.03758
G1 X82.354 Y130.484 E.03758
G1 X82.06 Y129.258 E.03758
G1 X81.961 Y128 E.03758
G1 X82.06 Y126.742 E.03758
G1 X82.354 Y125.516 E.03758
G1 X82.837 Y124.35 E.03758
G1 X83.496 Y123.275 E.03758
G1 X84.315 Y122.315 E.03758
G1 X85.275 Y121.496 E.03758
G1 X86.35 Y120.837 E.03758
G1 X87.516 Y120.354 E.03758
G1 X88.742 Y120.06 E.03758
G1 X90 Y119.961 E.03758
G1 X90.856 Y120.028 E.02559
G1 X91.258 Y120.06 E.01199
G1 X92.484 Y120.354 E.03758
G1 X93.65 Y120.837 E.03758
G1 X94.725 Y121.496 E.03758
G1 X95.685 Y122.315 E.03758
G1 X96.504 Y123.275 E.03758
G1 X97.163 Y124.35 E.03758
G1 X97.646 Y125.516 E.03758
G1 X97.94 Y126.742 E.03758
G1 X98.039 Y128 E.03758
G1 X97.94 Y129.258 E.03758
G1 X97.646 Y130.484 E.03758
G1 X97.163 Y131.65 E.03758
G1 X96.504 Y132.725 E.03758
G1 X95.685 Y133.685 E.03758
G1 X94.725 Y134.504 E.03758
G1 X93.65 Y135.163 E.03758
G1 X92.484 Y135.646 E.03758
G1 X91.258 Y135.94 E.03758
G1 X90.06 Y136.035 E.03579
G1 X90.028 Y135.635 F18000
G1 X90 Y135.637
G1 X90 Y135.637
G1 X90 Y135.646
M204 P1500
;TYPE:Inner wall
;WIDTH:0.45
G1 F2799
G1 X88.804 Y135.552 E.03858
G1 X87.637 Y135.272 E.03858
G1 X86.529 Y134.813 E.03858
G1 X85.506 Y134.186 E.03858
G1 X84.593 Y133.407 E.03858
G1 X83.814 Y132.494 E.03858
G1 X83.187 Y131.471 E.03858
G1 X82.728 Y130.363 E.03858
G1 X82.448 Y129.196 E.03858
G1 X82.354 Y128 E.03858
G1 X82.448 Y126.804 E.03858
G1 X82.728 Y125.637 E.03858
G1 X83.187 Y124.529 E.03858
G1 X83.814 Y123.506 E.03858
G1 X84.593 Y122.593 E.03858
G1 X85.506 Y121.814 E.03858
G1 X86.529 Y121.187 E.03858
G1 X87.637 Y120.728 E.03858
G1 X88.804 Y120.448 E.03858
G1 X90 Y120.354 E.03858
G1 X90.826 Y120.419 E.02663
G1 X91.196 Y120.448 E.01195
G1 X92.363 Y120.728 E.03858
G1 X93.471 Y121.187 E.03858
G1 X94.494 Y121.814 E.03858
G1 X95.407 Y122.593 E.03858
G1 X96.186 Y123.506 E.03858
G1 X96.813 Y124.529 E.03858
G1 X97.272 Y125.637 E.03858
G1 X97.552 Y126.804 E.03858
G1 X97.646 Y128 E.03858
G1 X97.552 Y129.196 E.03858
G1 X97.272 Y130.363 E.03858
G1 X96.813 Y131.471 E.03858
G1 X96.186 Y132.494 E.03858
G1 X95.407 Y133.407 E.03858
G1 X94.494 Y134.186 E.03858
G1 X93.471 Y134.813 E.03858
G1 X92.363 Y135.272 E.03858
G1 X91.196 Y135.552 E.03858
G1 X90.06 Y135.641 E.03665
G1 E-1.75 F6000
;WIPE_START
G1 X89.062 Y135.57 E-.75
;WIPE_END
G1 X89.063 Y135.564 Z16.24 F18000
G1 X89.963 Y134.76
G1 X89.995 Y134.361
G1 Z16.04
G1 E2.5 F6000
M204 P1000
;TYPE:Outer wall
;WIDTH:0.42
G1 F2799
G1 X90 Y134.361 E.00016
G1 X90.995 Y134.283 E.02973
G1 X91.966 Y134.05 E.02973
G1 X92.888 Y133.668 E.02973
G1 X93.739 Y133.146 E.02973
G1 X94.498 Y132.498 E.02973
G1 X95.146 Y131.739 E.02973
G1 X95.668 Y130.888 E.02973
G1 X96.05 Y129.966 E.02973
G1 X96.283 Y128.995 E.02973
G1 X96.361 Y128 E.02973
G1 X96.283 Y127.005 E.02973
G1 X96.05 Y126.034 E.02973
G1 X95.668 Y125.112 E.02973
G1 X95.146 Y124.261 E.02973
G1 X94.498 Y123.502 E.02973
G1 X93.739 Y122.854 E.02973
G1 X92.888 Y122.332 E.02973
G1 X91.966 Y121.95 E.02973
G1 X90.995 Y121.717 E.02973
G1 X90 Y121.639 E.02973
G1 X89.336 Y121.691 E.01985
G1 X89.005 Y121.717 E.00988
G1 X88.034 Y121.95 E.02973
G1 X87.112 Y122.332 E.02973
G1 X86.261 Y122.854 E.02973
G1 X85.502 Y123.502 E.02973
G1 X84.854 Y124.261 E.02973
G1 X84.332 Y125.112 E.02973
G1 X83.95 Y126.034 E.02973
G1 X83.717 Y127.005 E.02973
G1 X83.639 Y128 E.02973
G1 X83.717 Y128.995 E.02973
G1 X83.95 Y129.966 E.02973
G1 X84.332 Y130.888 E.02973
G1 X84.854 Y131.739 E.02973
G1 X85.502 Y132.498 E.02973
G1 X86.261 Y133.146 E.02973
G1 X87.112 Y133.668 E.02973
G1 X88.034 Y134.05 E.02973
G1 X89.005 Y134.283 E.02973
G1 X89.935 Y134.356 E.02778
G1 X89.903 Y134.755 F18000
G1 X89.973 Y134.761
G1 X89.973 Y134.752
M204 P1500
;TYPE:Inner wall
;WIDTH:0.45
G1 F2799
G1 X90 Y134.754 E.00086
G1 X91.057 Y134.671 E.03408
G1 X92.087 Y134.424 E.03408
G1 X93.066 Y134.018 E.03408
G1 X93.97 Y133.464 E.03408
G1 X94.776 Y132.776 E.03408
G1 X95.464 Y131.97 E.03408
G1 X96.018 Y131.066 E.03408
G1 X96.424 Y130.087 E.03408
G1 X96.671 Y129.057 E.03408
G1 X96.754 Y128 E.03408
G1 X96.671 Y126.943 E.03408
G1 X96.424 Y125.913 E.03408
G1 X96.018 Y124.934 E.03408
G1 X95.464 Y124.03 E.03408
G1 X94.776 Y123.224 E.03408
G1 X93.97 Y122.536 E.03408
G1 X93.066 Y121.982 E.03408
G1 X92.087 Y121.576 E.03408
G1 X91.057 Y121.329 E.03408
G1 X90 Y121.246 E.03408
G1 X89.305 Y121.3 E.02242
G1 X88.943 Y121.329 E.01166
G1 X87.913 Y121.576 E.03408
G1 X86.934 Y121.982 E.03408
G1 X86.03 Y122.536 E.03408
G1 X85.224 Y123.224 E.03408
G1 X84.536 Y124.03 E.03408
G1 X83.982 Y124.934 E.03408
G1 X83.576 Y125.913 E.03408
G1 X83.329 Y126.943 E.03408
G1 X83.246 Y128 E.03408
G1 X83.329 Y129.057 E.03408
G1 X83.576 Y130.087 E.03408
G1 X83.982 Y131.066 E.03408
G1 X84.536 Y131.97 E.03408
G1 X85.224 Y132.776 E.03408
G1 X86.03 Y133.464 E.03408
G1 X86.934 Y134.018 E.03408
G1 X87.913 Y134.424 E.03408
G1 X88.943 Y134.671 E.03408
G1 X89.913 Y134.747 E.03129
G1 X89.879 Y135.19 F18000
M204 P2000
;TYPE:Gap infill
;WIDTH:0.524893
G1 F2799
G1 X90 Y135.2 E.00463
G2 X91.145 Y135.107 I-8.42 J-111.082 E.04373
G2 X92.225 Y134.847 I-6.075 J-27.645 E.0423
G2 X93.285 Y134.405 I-42.328 J-103.028 E.04372
G2 X94.232 Y133.825 I-14.275 J-24.342 E.0423
G2 X95.104 Y133.077 I-71.97 J-84.759 E.04373
G2 X95.825 Y132.232 I-21.123 J-18.76 E.0423
G2 X96.423 Y131.251 I-94.421 J-58.237 E.04373
G2 X96.847 Y130.225 I-25.864 J-11.305 E.04229
G2 X97.113 Y129.107 I-107.85 J-26.222 E.04373
G2 X97.2 Y128 I-28.18 J-2.766 E.04229
G2 X97.107 Y126.855 I-111.082 J8.42 E.04373
G2 X96.847 Y125.775 I-27.664 J6.079 E.0423
G2 X96.405 Y124.715 I-102.953 J42.297 E.04372
G2 X95.825 Y123.768 I-24.349 J14.28 E.0423
G2 X95.077 Y122.896 I-84.774 J71.983 E.04373
G2 X94.232 Y122.175 I-18.823 J21.197 E.0423
G2 X93.251 Y121.577 I-58.262 J94.462 E.04373
G2 X92.225 Y121.153 I-11.281 J25.807 E.04229
G2 X91.107 Y120.887 I-26.228 J107.868 E.04373
G1 X90.791 Y120.862 E.0121
G2 X90 Y120.8 I-1.969 J20.077 E.0302
G2 X88.855 Y120.893 I2.87 J42.561 E.04373
G2 X87.775 Y121.153 I6.068 J27.616 E.0423
G2 X86.715 Y121.595 I42.307 J102.979 E.04372
G2 X85.768 Y122.175 I14.275 J24.342 E.0423
G2 X84.896 Y122.923 I71.986 J84.778 E.04373
G2 X84.175 Y123.768 I21.123 J18.76 E.0423
G2 X83.577 Y124.749 I94.475 J58.27 E.04373
G2 X83.153 Y125.775 I25.864 J11.305 E.04229
G2 X82.887 Y126.893 I107.921 J26.239 E.04373
G1 X82.801 Y127.981 E.04157
G1 X82.8 Y128 E.00072
G2 X82.893 Y129.145 I111.082 J-8.42 E.04373
G2 X83.153 Y130.225 I27.664 J-6.079 E.0423
G2 X83.595 Y131.285 I103.017 J-42.323 E.04372
G2 X84.175 Y132.232 I24.349 J-14.28 E.0423
G2 X84.923 Y133.104 I84.795 J-72.001 E.04373
G2 X85.768 Y133.825 I18.78 J-21.146 E.0423
G2 X86.749 Y134.423 I58.296 J-94.518 E.04373
G2 X87.775 Y134.847 I11.305 J-25.864 E.04229
G2 X88.893 Y135.113 I26.239 J-107.921 E.04373
G1 X89.819 Y135.186 E.03537
G1 E-1.75 F6000
;WIPE_START
G1 F5241.613
G1 X90 Y135.2 E-.13624
G1 X90.816 Y135.134 E-.61376
;WIPE_END
G1 X90.85 Y135.57 Z16.24 F18000
G1 X96.671 Y131.687
G1 X97.155 Y130.622
G1 X116.306 Y116.306
G1 X116.707 Y116.707
G1 Z16.04
G1 E2.5 F6000
M204 P1000
;TYPE:Outer wall
;WIDTH:0.42
G1 F2799
G1 X103.293 Y116.707 E.39954
G1 X103.293 Y115.293 E.0421
G1 X116.707 Y115.293 E.39954
G1 X116.707 Y116.647 E.04031
G1 X116.306 Y116.306 F18000
G1 X116.315 Y116.315
M204 P1500
;TYPE:Inner wall
;WIDTH:0.45
G1 F2799
G1 X103.685 Y116.315 E.40611
G1 X103.685 Y115.685 E.02023
G1 X116.315 Y115.685 E.40611
G1 X116.315 Y116.255 E.0183
G1 X116.111 Y116 F18000
M204 P2000
;TYPE:Gap infill
;WIDTH:0.265016
G1 F2799
G1 X103.889 Y116 E.21442
G1 E-1.75 F6000
;WIPE_START
G1 X104.889 Y116 E-.75
;WIPE_END
G1 X104.889 Y116.306 Z16.24 F18000
G1 X116.306 Y110.306
G1 X116.707 Y110.707
G1 Z16.04
G1 E2.5 F6000
M204 P1000
;TYPE:Outer wall
;WIDTH:0.42
G1 F2799
G1 X103.293 Y110.707 E.39954
G1 X103.293 Y109.293 E.0421
G1 X116.707 Y109.293 E.39954
G1 X116.707 Y110.647 E.04031
G1 X116.306 Y110.306 F18000
G1 X116.315 Y110.315
M204 P1500
;TYPE:Inner wall
;WIDTH:0.45
G1 F2799
G1 X103.685 Y110.315 E.40611
G1 X103.685 Y109.685 E.02023
G1 X116.315 Y109.685 E.40611
G1 X116.315 Y110.255 E.0183
G1 X116.111 Y110 F18000
M204 P2000
;TYPE:Gap infill
;WIDTH:0.265018
G1 F2799
G1 X103.889 Y110 E.21443
G1 E-1.75 F6000
;WIPE_START
G1 X104.889 Y110 E-.75
;WIPE_END
G1 X104.889 Y110.306 Z16.24 F18000
G1 X116.306 Y104.306
G1 X116.707 Y104.707
G1 Z16.04
G1 E2.5 F6000
M204 P1000
;TYPE:Outer wall
;WIDTH:0.42
G1 F2799
G1 X103.293 Y104.707 E.39954
G1 X103.293 Y103.293 E.0421
G1 X116.707 Y103.293 E.39954
G1 X116.707 Y104.647 E.04031
G1 X116.306 Y104.306 F18000
G1 X116.315 Y104.315
M204 P1500
;TYPE:Inner wall
;WIDTH:0.45
G1 F2799
G1 X103.685 Y104.315 E.40611
G1 X103.685 Y103.685 E.02023
G1 X116.315 Y103.685 E.40611
G1 X116.315 Y104.255 E.0183
G1 X116.111 Y104 F18000
M204 P2000
;TYPE:Gap infill
;WIDTH:0.265016
G1 F2799
G1 X103.889 Y104 E.21442
; stop printing object esp32_pod_lid.stl id:0 copy 0
;LAYER_CHANGE
;Z:16.24
;HEIGHT:0.199999
G92 E0 ; zero the extruded length again
; BEFORE_LAYER_CHANGE 80 @ 16.24mm
G1 E-1.75 F6000
;WIPE_START
G1 X104.889 Y104 E-.75
;WIPE_END
; AFTER_LAYER_CHANGE 80 @ 16.24mm
;_SET_FAN_SPEED_CHANGING_LAYER
; printing object esp32_pod_lid.stl id:0 copy 0
G17
G3 Z16.44 I-.608 J0 P1  F18000
G1 X104.889 Y104.153 Z16.44
G1 X95.948 Y123.24
G1 X97.324 Y130.11
G1 X92.598 Y135.165
G1 X90.256 Y135.617
G1 X90 Y135.637
G1 X90 Y136.039
G1 Z16.24
G1 E2.5 F6000
M204 P1000
;TYPE:Outer wall
;WIDTH:0.42
G1 F2248
G1 X88.742 Y135.94 E.03758
G1 X87.516 Y135.646 E.03758
G1 X86.35 Y135.163 E.03758
G1 X85.275 Y134.504 E.03758
G1 X84.315 Y133.685 E.03758
G1 X83.496 Y132.725 E.03758
G1 X82.837 Y131.65 E.03758
G1 X82.354 Y130.484 E.03758
G1 X82.06 Y129.258 E.03758
G1 X81.961 Y128 E.03758
G1 X82.06 Y126.742 E.03758
G1 X82.354 Y125.516 E.03758
G1 X82.837 Y124.35 E.03758
G1 X83.496 Y123.275 E.03758
G1 X84.315 Y122.315 E.03758
G1 X85.275 Y121.496 E.03758
G1 X86.35 Y120.837 E.03758
G1 X87.516 Y120.354 E.03758
G1 X88.742 Y120.06 E.03758
G1 X90 Y119.961 E.03758
G1 X91.042 Y120.043 E.03113
G1 X91.258 Y120.06 E.00644
G1 X92.484 Y120.354 E.03758
G1 X93.65 Y120.837 E.03758
G1 X94.725 Y121.496 E.03758
G1 X95.685 Y122.315 E.03758
G1 X96.504 Y123.275 E.03758
G1 X97.163 Y124.35 E.03758
G1 X97.646 Y125.516 E.03758
G1 X97.94 Y126.742 E.03758
G1 X98.039 Y128 E.03758
G1 X97.94 Y129.258 E.03758
G1 X97.646 Y130.484 E.03758
G1 X97.163 Y131.65 E.03758
G1 X96.504 Y132.725 E.03758
G1 X95.685 Y133.685 E.03758
G1 X94.725 Y134.504 E.03758
G1 X93.65 Y135.163 E.03758
G1 X92.484 Y135.646 E.03758
G1 X91.258 Y135.94 E.03758
G1 X90.06 Y136.035 E.03579
G1 X90.028 Y135.635 F18000
G1 X90 Y135.637
G1 X90 Y135.637
G1 X90 Y135.646
M204 P1500
;TYPE:Inner wall
;WIDTH:0.45
G1 F2248
G1 X88.804 Y135.552 E.03858
G1 X87.637 Y135.272 E.03858
G1 X86.529 Y134.813 E.03858
G1 X85.506 Y134.186 E.03858
G1 X84.593 Y133.407 E.03858
G1 X83.814 Y132.494 E.03858
G1 X83.187 Y131.471 E.03858
G1 X82.728 Y130.363 E.03858
G1 X82.448 Y129.196 E.03858
G1 X82.354 Y128 E.03858
G1 X82.448 Y126.804 E.03858
G1 X82.728 Y125.637 E.03858
G1 X83.187 Y124.529 E.03858
G1 X83.814 Y123.506 E.03858
G1 X84.593 Y122.593 E.03858
G1 X85.506 Y121.814 E.03858
G1 X86.529 Y121.187 E.03858
G1 X87.637 Y120.728 E.03858
G1 X88.804 Y120.448 E.03858
G1 X90 Y120.354 E.03858
G1 X91.011 Y120.434 E.03262
G1 X91.196 Y120.448 E.00596
G1 X92.363 Y120.728 E.03858
G1 X93.471 Y121.187 E.03858
G1 X94.494 Y121.814 E.03858
G1 X95.407 Y122.593 E.03858
G1 X96.186 Y123.506 E.03858
G1 X96.813 Y124.529 E.03858
G1 X97.272 Y125.637 E.03858
G1 X97.552 Y126.804 E.03858
G1 X97.646 Y128 E.03858
G1 X97.552 Y129.196 E.03858
G1 X97.272 Y130.363 E.03858
G1 X96.813 Y131.471 E.03858
G1 X96.186 Y132.494 E.03858
G1 X95.407 Y133.407 E.03858
G1 X94.494 Y134.186 E.03858
G1 X93.471 Y134.813 E.03858
G1 X92.363 Y135.272 E.03858
G1 X91.196 Y135.552 E.03858
G1 X90.06 Y135.641 E.03665
G1 E-1.75 F6000
;WIPE_START
G1 X89.062 Y135.57 E-.75
;WIPE_END
G1 X89.063 Y135.564 Z16.44 F18000
G1 X89.964 Y134.76
G1 X89.996 Y134.361
G1 Z16.24
G1 E2.5 F6000
M204 P1000
;TYPE:Outer wall
;WIDTH:0.42
G1 F2248
G1 X90 Y134.361 E.00013
G1 X90.995 Y134.283 E.02973
G1 X91.966 Y134.05 E.02973
G1 X92.888 Y133.668 E.02973
G1 X93.739 Y133.146 E.02973
G1 X94.498 Y132.498 E.02973
G1 X95.146 Y131.739 E.02973
G1 X95.668 Y130.888 E.02973
G1 X96.05 Y129.966 E.02973
G1 X96.283 Y128.995 E.02973
G1 X96.361 Y128 E.02973
G1 X96.283 Y127.005 E.02973
G1 X96.05 Y126.034 E.02973
G1 X95.668 Y125.112 E.02973
G1 X95.146 Y124.261 E.02973
G1 X94.498 Y123.502 E.02973
G1 X93.739 Y122.854 E.02973
G1 X92.888 Y122.332 E.02973
G1 X91.966 Y121.95 E.02973
G1 X90.995 Y121.717 E.02973
G1 X90 Y121.639 E.02973
G1 X89.199 Y121.702 E.02392
G1 X89.005 Y121.717 E.00581
G1 X88.034 Y121.95 E.02973
G1 X87.112 Y122.332 E.02973
G1 X86.261 Y122.854 E.02973
G1 X85.502 Y123.502 E.02973
G1 X84.854 Y124.261 E.02973
G1 X84.332 Y125.112 E.02973
G1 X83.95 Y126.034 E.02973
G1 X83.717 Y127.005 E.02973
G1 X83.639 Y128 E.02973
G1 X83.717 Y128.995 E.02973
G1 X83.95 Y129.966 E.02973
G1 X84.332 Y130.888 E.02973
G1 X84.854 Y131.739 E.02973
G1 X85.502 Y132.498 E.02973
G1 X86.261 Y133.146 E.02973
G1 X87.112 Y133.668 E.02973
G1 X88.034 Y134.05 E.02973
G1 X89.005 Y134.283 E.02973
G1 X89.936 Y134.356 E.02781
G1 X89.904 Y134.755 F18000
G1 X89.973 Y134.761
G1 X89.973 Y134.752
M204 P1500
;TYPE:Inner wall
;WIDTH:0.45
G1 F2248
G1 X90 Y134.754 E.00087
G1 X91.057 Y134.671 E.03408
G1 X92.087 Y134.424 E.03408
G1 X93.066 Y134.018 E.03408
G1 X93.97 Y133.464 E.03408
G1 X94.776 Y132.776 E.03408
G1 X95.464 Y131.97 E.03408
G1 X96.018 Y131.066 E.03408
G1 X96.424 Y130.087 E.03408
G1 X96.671 Y129.057 E.03408
G1 X96.754 Y128 E.03408
G1 X96.671 Y126.943 E.03408
G1 X96.424 Y125.913 E.03408
G1 X96.018 Y124.934 E.03408
G1 X95.464 Y124.03 E.03408
G1 X94.776 Y123.224 E.03408
G1 X93.97 Y122.536 E.03408
G1 X93.066 Y121.982 E.03408
G1 X92.087 Y121.576 E.03408
G1 X91.057 Y121.329 E.03408
G1 X90 Y121.246 E.03408
G1 X89.169 Y121.311 E.02681
G1 X88.943 Y121.329 E.00727
G1 X87.913 Y121.576 E.03408
G1 X86.934 Y121.982 E.03408
G1 X86.03 Y122.536 E.03408
G1 X85.224 Y123.224 E.03408
G1 X84.536 Y124.03 E.03408
G1 X83.982 Y124.934 E.03408
G1 X83.576 Y125.913 E.03408
G1 X83.329 Y126.943 E.03408
G1 X83.246 Y128 E.03408
G1 X83.329 Y129.057 E.03408
G1 X83.576 Y130.087 E.03408
G1 X83.982 Y131.066 E.03408
G1 X84.536 Y131.97 E.03408
G1 X85.224 Y132.776 E.03408
G1 X86.03 Y133.464 E.03408
G1 X86.934 Y134.018 E.03408
G1 X87.913 Y134.424 E.03408
G1 X88.943 Y134.671 E.03408
G1 X89.913 Y134.747 E.03128
G1 X89.879 Y135.19 F18000
M204 P2000
;TYPE:Gap infill
;WIDTH:0.524893
G1 F2248
G1 X90 Y135.2 E.00464
G2 X91.145 Y135.107 I-8.421 J-111.086 E.04373
G2 X92.225 Y134.847 I-6.075 J-27.645 E.0423
G2 X93.285 Y134.405 I-42.317 J-103.002 E.04372
G2 X94.232 Y133.825 I-14.287 J-24.36 E.0423
G2 X95.104 Y133.077 I-71.982 J-84.773 E.04373
G2 X95.825 Y132.232 I-21.118 J-18.756 E.0423
G2 X96.423 Y131.251 I-94.434 J-58.244 E.04373
G2 X96.847 Y130.225 I-25.839 J-11.294 E.04229
G2 X97.113 Y129.107 I-107.904 J-26.235 E.04373
G2 X97.2 Y128 I-28.181 J-2.766 E.04229
G2 X97.107 Y126.855 I-111.076 J8.42 E.04373
G2 X96.847 Y125.775 I-27.661 J6.078 E.0423
G2 X96.405 Y124.715 I-102.954 J42.297 E.04372
G2 X95.825 Y123.768 I-24.34 J14.274 E.0423
G2 X95.077 Y122.896 I-84.742 J71.955 E.04373
G2 X94.232 Y122.175 I-18.791 J21.16 E.0423
G2 X93.251 Y121.577 I-58.252 J94.445 E.04373
G2 X92.225 Y121.153 I-11.281 J25.807 E.04229
G2 X91.107 Y120.887 I-26.228 J107.868 E.04373
G1 X90.976 Y120.877 E.005
G2 X90 Y120.8 I-2.433 J24.792 E.03729
G2 X88.855 Y120.893 I1.86 J30.084 E.04373
G2 X87.775 Y121.153 I6.08 J27.666 E.0423
G2 X86.715 Y121.595 I42.29 J102.937 E.04373
G2 X85.768 Y122.175 I14.308 J24.395 E.0423
G2 X84.896 Y122.923 I72.014 J84.81 E.04373
G2 X84.175 Y123.768 I21.118 J18.756 E.0423
G2 X83.577 Y124.749 I94.488 J58.278 E.04373
G2 X83.153 Y125.775 I25.839 J11.294 E.04229
G2 X82.887 Y126.893 I107.904 J26.235 E.04373
G1 X82.801 Y127.981 E.04157
G1 X82.8 Y128 E.00072
G2 X82.893 Y129.145 I111.151 J-8.426 E.04373
G2 X83.153 Y130.225 I27.661 J-6.078 E.0423
G2 X83.595 Y131.285 I102.954 J-42.297 E.04372
G2 X84.175 Y132.232 I24.34 J-14.274 E.0423
G2 X84.923 Y133.104 I84.785 J-71.992 E.04373
G2 X85.768 Y133.825 I18.78 J-21.147 E.0423
G2 X86.749 Y134.423 I58.296 J-94.518 E.04373
G2 X87.775 Y134.847 I11.305 J-25.864 E.04229
G2 X88.893 Y135.113 I26.239 J-107.921 E.04373
G1 X89.819 Y135.186 E.03537
G1 E-1.75 F6000
;WIPE_START
G1 F5241.613
G1 X90 Y135.2 E-.13632
G1 X90.816 Y135.134 E-.61368
;WIPE_END
G1 X90.85 Y135.57 Z16.44 F18000
G1 X96.671 Y131.687
G1 X97.24 Y130.418
G1 X115.973 Y116.086
G1 X116.373 Y116.373
G1 Z16.24
G1 E2.5 F6000
M204 P1000
;TYPE:Outer wall
;WIDTH:0.42
G1 F2248
G1 X103.627 Y116.373 E.37968
G1 X103.627 Y115.627 E.02224
G1 X116.373 Y115.627 E.37968
G1 X116.373 Y116.313 E.02045
G1 X115.973 Y116.086 F18000
G1 X115.973 Y116.086
G1 X115.973 Y116
G1 X116.177 Y116
M204 P2000
;TYPE:Gap infill
;WIDTH:0.397506
G1 F2248
G1 X103.823 Y116 E.34605
G1 E-1.75 F6000
;WIPE_START
G1 X104.823 Y116 E-.75
;WIPE_END
G1 X104.823 Y116.153 Z16.44 F18000
G1 X115.973 Y110.086
G1 X116.373 Y110.373
G1 Z16.24
G1 E2.5 F6000
M204 P1000
;TYPE:Outer wall
;WIDTH:0.42
G1 F2248
G1 X103.627 Y110.373 E.37968
G1 X103.627 Y109.627 E.02224
G1 X116.373 Y109.627 E.37968
G1 X116.373 Y110.313 E.02045
G1 X115.973 Y110.086 F18000
G1 X115.973 Y110.086
G1 X115.973 Y110
G1 X116.177 Y110
M204 P2000
;TYPE:Gap infill
;WIDTH:0.397506
G1 F2248
G1 X103.823 Y110 E.34605
G1 E-1.75 F6000
;WIPE_START
G1 X104.823 Y110 E-.75
;WIPE_END
G1 X104.823 Y110.153 Z16.44 F18000
G1 X115.973 Y104.086
G1 X116.373 Y104.373
G1 Z16.24
G1 E2.5 F6000
M204 P1000
;TYPE:Outer wall
;WIDTH:0.42
G1 F2248
G1 X103.627 Y104.373 E.37968
G1 X103.627 Y103.627 E.02224
G1 X116.373 Y103.627 E.37968
G1 X116.373 Y104.313 E.02045
G1 X115.973 Y104.086 F18000
G1 X115.973 Y104.086
G1 X115.973 Y104
G1 X116.177 Y104
M204 P2000
;TYPE:Gap infill
;WIDTH:0.397506
G1 F2248
G1 X103.823 Y104 E.34605
; stop printing object esp32_pod_lid.stl id:0 copy 0
;LAYER_CHANGE
;Z:16.44
;HEIGHT:0.200001
G92 E0 ; zero the extruded length again
; BEFORE_LAYER_CHANGE 81 @ 16.44mm
G1 E-1.75 F6000
;WIPE_START
G1 X104.823 Y104 E-.75
;WIPE_END
; AFTER_LAYER_CHANGE 81 @ 16.44mm
;_SET_FAN_SPEED_CHANGING_LAYER
; printing object esp32_pod_lid.stl id:0 copy 0
G17
G3 Z16.64 I-.552 J-.255 P1  F18000
G1 X90 Y136.039 Z16.64
G1 Z16.44
G1 E2.5 F6000
M204 P1000
;TYPE:Outer wall
;WIDTH:0.42
G1 F2500
G1 X88.742 Y135.94 E.03758
G1 X87.516 Y135.646 E.03758
G1 X86.35 Y135.163 E.03758
G1 X85.275 Y134.504 E.03758
G1 X84.315 Y133.685 E.03758
G1 X83.496 Y132.725 E.03758
G1 X82.837 Y131.65 E.03758
G1 X82.354 Y130.484 E.03758
G1 X82.06 Y129.258 E.03758
G1 X81.961 Y128 E.03758
G1 X82.06 Y126.742 E.03758
G1 X82.366 Y125.488 E.03846
G1 X82.837 Y124.35 E.03668
G1 X83.496 Y123.275 E.03758
G1 X84.315 Y122.315 E.03758
G1 X85.275 Y121.496 E.03758
G1 X86.35 Y120.837 E.03758
G1 X87.516 Y120.354 E.03758
G1 X88.742 Y120.06 E.03758
G1 X90 Y119.961 E.03758
G1 X91.228 Y120.057 E.03668
G1 X92.484 Y120.354 E.03846
G1 X93.65 Y120.837 E.03758
G1 X94.725 Y121.496 E.03758
G1 X95.685 Y122.315 E.03758
G1 X96.504 Y123.275 E.03758
G1 X97.163 Y124.35 E.03758
G1 X97.646 Y125.516 E.03758
G1 X97.94 Y126.742 E.03758
G1 X98.039 Y128 E.03758
G1 X97.94 Y129.258 E.03758
G1 X97.634 Y130.512 E.03846
G1 X97.163 Y131.65 E.03668
G1 X96.504 Y132.725 E.03758
G1 X95.685 Y133.685 E.03758
G1 X94.725 Y134.504 E.03758
G1 X93.65 Y135.163 E.03758
G1 X92.484 Y135.646 E.03758
G1 X91.258 Y135.94 E.03758
G1 X90.06 Y136.035 E.03579
G1 E-1.75 F6000
;WIPE_START
G1 F3600
G1 X89.062 Y135.963 E-.75
;WIPE_END
G1 X89.996 Y134.361 Z16.64 F18000
G1 Z16.44
G1 E2.5 F6000
G1 F2500
G1 X89.005 Y134.283 E.02962
G1 X88.034 Y134.05 E.02973
G1 X87.112 Y133.668 E.02973
G1 X86.261 Y133.146 E.02973
G1 X85.502 Y132.498 E.02973
G1 X84.854 Y131.739 E.02973
G1 X84.332 Y130.888 E.02973
G1 X83.95 Y129.966 E.02973
G1 X83.717 Y128.995 E.02973
G1 X83.639 Y128 E.02973
G1 X83.717 Y127.005 E.02973
G1 X83.95 Y126.034 E.02973
G1 X84.332 Y125.112 E.02973
G1 X84.854 Y124.261 E.02973
G1 X85.502 Y123.502 E.02973
G1 X86.261 Y122.854 E.02973
G1 X87.112 Y122.332 E.02973
G1 X88.034 Y121.95 E.02973
G1 X89.063 Y121.713 E.03146
G1 X90 Y121.639 E.02799
G1 X90.995 Y121.717 E.02973
G1 X91.966 Y121.95 E.02973
G1 X92.888 Y122.332 E.02973
G1 X93.739 Y122.854 E.02973
G1 X94.498 Y123.502 E.02973
G1 X95.146 Y124.261 E.02973
G1 X95.668 Y125.112 E.02973
G1 X96.05 Y126.034 E.02973
G1 X96.283 Y127.005 E.02973
G1 X96.361 Y128 E.02973
G1 X96.283 Y128.995 E.02973
G1 X96.05 Y129.966 E.02973
G1 X95.668 Y130.888 E.02973
G1 X95.146 Y131.739 E.02973
G1 X94.498 Y132.498 E.02973
G1 X93.739 Y133.146 E.02973
G1 X92.888 Y133.668 E.02973
G1 X91.966 Y134.05 E.02973
G1 X90.995 Y134.283 E.02973
G1 X90.056 Y134.357 E.02805
G1 E-1.75 F6000
;WIPE_START
G1 F3600
G1 X89.059 Y134.286 E-.75
;WIPE_END
G1 X91.895 Y131.733 Z16.64 F18000
G1 X97.756 Y126.457 Z16.64
G1 Z16.44
G1 E2.5 F6000
;TYPE:Top surface
;WIDTH:0.421243
G1 F1800
G1 X97.756 Y128.001 E.04614
G1 X97.66 Y129.213 E.03632
G1 X97.377 Y130.373 E.03568
G1 X97.377 Y125.608 E.14238
G1 X96.999 Y124.693 E.0296
G1 X96.999 Y131.307 E.19766
G1 X96.91 Y131.521 E.00692
G1 X96.621 Y131.994 E.01657
G1 X96.621 Y124.006 E.23871
G1 X96.242 Y123.404 E.02126
G1 X96.242 Y125.76 E.07043
G1 X95.92 Y124.983 E.02513
G1 X95.864 Y124.891 E.00323
G1 X95.864 Y122.961 E.05769
G1 X95.486 Y122.518 E.01741
G1 X95.486 Y124.274 E.05248
G2 X95.107 Y123.78 I-1.747 J.947 E.01866
G1 X95.107 Y122.194 E.0474
G1 X94.729 Y121.871 E.01487
G1 X94.729 Y123.337 E.04382
G1 X94.351 Y123.004 E.01506
G1 X94.351 Y121.598 E.04203
G1 X93.972 Y121.366 E.01326
G1 X93.972 Y122.681 E.0393
G2 X93.594 Y122.433 I-.971 J1.07 E.01357
G1 X93.594 Y121.134 E.03882
G2 X93.216 Y120.963 I-.73 J1.109 E.01246
G1 X93.216 Y122.202 E.03701
G2 X92.837 Y122.005 I-.809 J1.097 E.01279
G1 X92.837 Y120.806 E.03583
G1 X92.459 Y120.65 E.01224
G1 X92.459 Y121.849 E.03583
G1 X92.081 Y121.692 E.01224
G1 X92.081 Y120.549 E.03414
G1 X91.702 Y120.46 E.01162
G1 X91.702 Y121.596 E.03396
G1 X91.324 Y121.506 E.01163
G1 X91.324 Y120.371 E.03392
G2 X90.946 Y120.319 I-.357 J1.197 E.01146
G1 X90.946 Y121.43 E.0332
G1 X90.567 Y121.4 E.01134
G1 X90.567 Y120.289 E.0332
G1 X90.189 Y120.259 E.01134
G1 X90.189 Y121.37 E.0332
G2 X89.811 Y121.37 I-.189 J1.194 E.01135
G1 X89.811 Y120.259 E.0332
G1 X89.432 Y120.289 E.01134
G1 X89.432 Y121.4 E.0332
G1 X89.054 Y121.43 E.01134
G1 X89.054 Y120.319 E.0332
G2 X88.676 Y120.366 I-.039 J1.218 E.01144
G1 X88.676 Y121.512 E.03423
G1 X88.298 Y121.599 E.0116
G1 X88.298 Y120.457 E.03413
G1 X87.919 Y120.548 E.01163
G1 X87.919 Y121.692 E.03418
G1 X87.541 Y121.849 E.01224
G1 X87.541 Y120.65 E.03583
G1 X87.163 Y120.807 E.01224
G1 X87.163 Y122.005 E.03583
G2 X86.784 Y122.202 I.431 J1.293 E.01279
G1 X86.784 Y120.963 E.03701
G2 X86.406 Y121.134 I.351 J1.28 E.01246
G1 X86.406 Y122.433 E.03882
G2 X86.028 Y122.681 I.593 J1.318 E.01357
G1 X86.028 Y121.366 E.0393
G1 X85.649 Y121.598 E.01326
G1 X85.649 Y123.005 E.04203
G1 X85.271 Y123.337 E.01506
G1 X85.271 Y121.871 E.04382
G1 X84.893 Y122.194 E.01487
G1 X84.893 Y123.78 E.0474
G2 X84.514 Y124.274 I1.368 J1.44 E.01866
G1 X84.514 Y122.518 E.05248
G1 X84.136 Y122.961 E.01741
G1 X84.136 Y124.891 E.0577
G1 X84.08 Y124.983 E.00323
G1 X83.758 Y125.761 E.02514
G1 X83.758 Y123.143 E.07824
G1 E-1.75 F6000
;WIPE_START
G1 F1800
G1 X83.758 Y124.143 E-.75
;WIPE_END
G1 X87.249 Y125.682 Z16.64 F18000
G1 X96.242 Y129.648 Z16.64
G1 Z16.44
G1 E2.5 F6000
G1 F1800
G1 X96.242 Y132.596 E.08812
G1 X95.864 Y133.039 E.01741
G1 X95.864 Y131.109 E.05769
G1 X95.486 Y131.726 E.02164
G1 X95.486 Y133.482 E.05248
G1 X95.107 Y133.806 E.01488
G1 X95.107 Y132.22 E.0474
G1 X94.729 Y132.663 E.01741
G1 X94.729 Y134.129 E.04382
G3 X94.351 Y134.402 I-1.051 J-1.058 E.014
G1 X94.351 Y132.996 E.04203
G1 X93.972 Y133.319 E.01487
G1 X93.972 Y134.634 E.0393
G1 X93.594 Y134.866 E.01326
G1 X93.594 Y133.567 E.03882
G1 X93.216 Y133.798 E.01326
G1 X93.216 Y135.037 E.03701
G1 X92.837 Y135.194 E.01224
G1 X92.837 Y133.995 E.03583
G1 X92.459 Y134.151 E.01224
G1 X92.459 Y135.35 E.03583
G3 X92.081 Y135.452 I-.51 J-1.143 E.01176
G1 X92.081 Y134.308 E.03418
G1 X91.702 Y134.404 E.01166
G1 X91.702 Y135.543 E.03404
G1 X91.324 Y135.634 E.01163
G1 X91.324 Y134.494 E.03404
G3 X90.946 Y134.57 I-.428 J-1.157 E.01158
G1 X90.946 Y135.681 E.0332
G1 X90.567 Y135.711 E.01134
G1 X90.567 Y134.6 E.0332
G1 X90.189 Y134.63 E.01134
G1 X90.189 Y135.741 E.0332
G3 X89.811 Y135.741 I-.189 J-1.194 E.01135
G1 X89.811 Y134.63 E.0332
G1 X89.432 Y134.6 E.01134
G1 X89.432 Y135.711 E.0332
G1 X89.054 Y135.681 E.01134
G1 X89.054 Y134.57 E.0332
G3 X88.676 Y134.494 I.05 J-1.233 E.01158
G1 X88.676 Y135.634 E.03404
G1 X88.298 Y135.543 E.01163
G1 X88.298 Y134.404 E.03404
G1 X87.919 Y134.308 E.01166
G1 X87.919 Y135.452 E.03418
G3 X87.541 Y135.35 I.132 J-1.245 E.01176
G1 X87.541 Y134.151 E.03583
G1 X87.163 Y133.995 E.01224
G1 X87.163 Y135.193 E.03583
G1 X86.784 Y135.037 E.01224
G1 X86.784 Y133.798 E.03701
G1 X86.406 Y133.567 E.01326
G1 X86.406 Y134.866 E.03882
G1 X86.028 Y134.634 E.01326
G1 X86.028 Y133.319 E.0393
G1 X85.649 Y132.995 E.01487
G1 X85.649 Y134.402 E.04203
G3 X85.271 Y134.129 I.672 J-1.331 E.014
G1 X85.271 Y132.663 E.04382
G1 X84.893 Y132.22 E.01741
G1 X84.893 Y133.806 E.0474
G1 X84.514 Y133.482 E.01488
G1 X84.514 Y131.726 E.05248
G1 X84.136 Y131.109 E.02164
G1 X84.136 Y133.039 E.0577
G1 X83.758 Y132.596 E.01741
G1 X83.758 Y129.647 E.08812
G1 E-1.75 F6000
;WIPE_START
G1 F1800
G1 X83.758 Y130.647 E-.75
;WIPE_END
G1 X83.379 Y132.318 Z16.64 F18000
G1 Z16.44
G1 E2.5 F6000
G1 F1800
G1 X83.379 Y124.006 E.2484
G1 X83.09 Y124.479 E.01657
G1 X83.001 Y124.693 E.00692
G1 X83.001 Y131.307 E.19765
G1 X82.623 Y130.391 E.02961
G1 X82.623 Y125.628 E.14236
G1 X82.34 Y126.787 E.03567
G1 X82.244 Y128 E.03635
G1 X82.244 Y129.542 E.04609
G1 E-1.75 F6000
;WIPE_START
G1 F1800
G1 X82.244 Y128.542 E-.75
;WIPE_END
G1 X83.623 Y129.647 Z16.64 F18000
G1 Z16.44
G1 E2.5 F6000
M204 P2000
;TYPE:Gap infill
;WIDTH:0.135902
G1 F2500
G1 X83.612 Y129.553 E.0007
;WIDTH:0.130496
G1 X83.588 Y129.351 E.0014
G1 E-2.29729 F6000
;WIPE_START
G1 X83.612 Y129.553 E-.20271
;WIPE_END
G1 X82.414 Y129.838 Z16.64 F18000
G1 Z16.44
G1 E2.5 F6000
;WIDTH:0.101453
G1 F2500
G1 X82.396 Y129.69 E.00069
;WIDTH:0.114737
G1 X82.378 Y129.542 E.00085
G1 E-2.3509 F6000
;WIPE_START
G1 X82.396 Y129.69 E-.1491
;WIPE_END
G1 X83.625 Y126.077 Z16.64 F18000
G1 X83.673 Y125.937 Z16.64
G1 Z16.44
G1 E2.5 F6000
;WIDTH:0.205877
G1 F2500
G1 X83.645 Y126.174 E.00308
;WIDTH:0.158795
G1 X83.617 Y126.411 E.00219
;WIDTH:0.135253
G1 X83.588 Y126.649 E.00174
G1 E-2.26095 F6000
;WIPE_START
G1 X83.617 Y126.411 E-.23905
;WIPE_END
G1 X87.433 Y126.424 Z16.64 F18000
G1 X97.621 Y126.457 Z16.64
G1 Z16.44
G1 E2.5 F6000
;WIDTH:0.128021
G1 F2500
G1 X97.604 Y126.309 E.001
;WIDTH:0.114737
G1 X97.586 Y126.161 E.00085
G1 E-2.3509 F6000
;WIPE_START
G1 X97.604 Y126.309 E-.1491
;WIPE_END
G1 X96.411 Y126.648 Z16.64 F18000
G1 Z16.44
G1 E2.5 F6000
;WIDTH:0.111706
G1 F2500
G1 X96.383 Y126.411 E.0013
;WIDTH:0.15878
G1 X96.355 Y126.174 E.00219
;WIDTH:0.182317
G1 X96.327 Y125.936 E.00263
G1 E-2.261 F6000
;WIPE_START
G1 X96.355 Y126.174 E-.239
;WIPE_END
G1 X96.376 Y129.648 Z16.64 F18000
G1 Z16.44
G1 E2.5 F6000
;WIDTH:0.128023
G1 F2500
G1 X96.394 Y129.5 E.001
;WIDTH:0.114739
G1 X96.411 Y129.352 E.00085
; stop printing object esp32_pod_lid.stl id:0 copy 0
G1 E-2.35087 F6000
;WIPE_START
G1 F6000
G1 X96.394 Y129.5 E-.14913
;WIPE_END
M106 S0
;TYPE:Custom
; filament end gcode 
;M106 P3 S0
M140 S0 ; heatbed off
M107 ; fan off
G91 ; relative positioning
M83 ; extruder relative mode
G1 E-3 F3000 ; retract
G1 Z+0.5 F3000 ; lift nozzle
M104 S0 ; extruder off
G28 X Y ; home X/Y
G90 ; absolute positioning
G1 Y220 F3000
M84 ; steppers off
M300 S1318 P266
; EXECUTABLE_BLOCK_END

; filament used [mm] = 5349.22
; filament used [cm3] = 12.87
; filament used [g] = 15.95
; filament cost = 0.29
; total filament used [g] = 15.95
; total filament cost = 0.29
; total layers count = 82
; estimated printing time (normal mode) = 1h 8m 31s
; estimated first layer printing time (normal mode) = 4m 29s

; CONFIG_BLOCK_START
; accel_to_decel_enable = 1
; accel_to_decel_factor = 50%
; activate_air_filtration = 0
; activate_air_filtration_during_print = 1
; activate_air_filtration_on_completion = 1
; activate_chamber_temp_control = 0
; adaptive_bed_mesh_margin = 0
; adaptive_pressure_advance = 0
; adaptive_pressure_advance_bridges = 0
; adaptive_pressure_advance_model = "0,0,0\n0,0,0"
; adaptive_pressure_advance_overhangs = 0
; additional_cooling_fan_speed = 0
; additional_fan_full_speed_layer = 0
; align_infill_direction_to_model = 0
; alternate_extra_wall = 0
; auxiliary_fan = 0
; bbl_calib_mark_logo = 1
; bbl_use_printhost = 0
; bed_custom_model = 
; bed_custom_texture = 
; bed_exclude_area = 0x0
; bed_mesh_max = 0,0
; bed_mesh_min = 0,0
; bed_mesh_probe_distance = 0,0
; bed_temperature_formula = by_highest_temp
; before_layer_change_gcode = G92 E0 ; zero the extruded length again\n; BEFORE_LAYER_CHANGE [layer_num] @ [layer_z]mm
; best_object_pos = 0.5,0.5
; bottom_shell_layers = 4
; bottom_shell_thickness = 0.6
; bottom_solid_infill_flow_ratio = 1
; bottom_surface_density = 100%
; bottom_surface_filament_id = 0
; bottom_surface_pattern = monotonic
; bridge_acceleration = 50%
; bridge_angle = 0
; bridge_density = 100%
; bridge_flow = 0.9
; bridge_line_width = 100%
; bridge_no_support = 1
; bridge_speed = 25
; brim_ears_detection_length = 1
; brim_ears_max_angle = 125
; brim_flow_ratio = 1
; brim_object_gap = 0.15
; brim_type = outer_only
; brim_use_efc_outline = 0
; brim_width = 5
; calib_flowrate_topinfill_special_order = 0
; chamber_minimal_temperature = 0
; chamber_temperature = 0
; change_extrusion_role_gcode = 
; change_filament_gcode = 
; close_additional_fan_first_x_layers = 1
; close_fan_the_first_x_layers = 3
; combine_brims = 0
; compatible_printers_condition = 
; complete_print_exhaust_fan_speed = 70
; cool_plate_temp = 80
; cool_plate_temp_initial_layer = 80
; cooling_tube_length = 0
; cooling_tube_retraction = 0
; counterbore_hole_bridging = none
; curr_bed_type = Cool Plate
; default_acceleration = 2000
; default_filament_colour = ""
; default_filament_profile = "Anycubic Generic PLA"
; default_jerk = 0
; default_junction_deviation = 0
; default_print_profile = 0.20mm Standard @Anycubic Kobra Neo 0.4 nozzle
; deretraction_speed = 0
; detect_narrow_internal_solid_infill = 1
; detect_overhang_wall = 1
; detect_thin_wall = 0
; different_settings_to_system = ;;
; disable_m73 = 1
; dont_filter_internal_bridges = disabled
; dont_slow_down_outer_wall = 0
; draft_shield = disabled
; during_print_exhaust_fan_speed = 70
; elefant_foot_compensation = 0.075
; elefant_foot_compensation_layers = 1
; elefant_foot_layers_density = 100%
; emit_machine_limits_to_gcode = 1
; enable_arc_fitting = 1
; enable_extra_bridge_layer = disabled
; enable_filament_ramming = 0
; enable_long_retraction_when_cut = 0
; enable_overhang_bridge_fan = 1
; enable_overhang_speed = 1
; enable_power_loss_recovery = printer_configuration
; enable_pressure_advance = 0
; enable_prime_tower = 0
; enable_support = 0
; enable_tower_interface_cooldown_during_tower = 0
; enable_tower_interface_features = 0
; enable_wrapping_detection = 0
; enforce_support_layers = 0
; eng_plate_temp = 60
; eng_plate_temp_initial_layer = 60
; ensure_vertical_shell_thickness = ensure_all
; exclude_object = 0
; extra_loading_move = 0
; extra_perimeters_on_overhangs = 1
; extra_solid_infills = 
; extruder_ams_count = 
; extruder_clearance_height_to_lid = 20
; extruder_clearance_height_to_rod = 20
; extruder_clearance_radius = 20
; extruder_colour = #F2754E
; extruder_offset = 0x0
; extruder_printable_area = 
; extruder_printable_height = 0
; extruder_type = Direct Drive
; extrusion_rate_smoothing_external_perimeter_only = 0
; fan_cooling_layer_time = 30
; fan_kickstart = 0
; fan_max_speed = 70
; fan_min_speed = 40
; fan_speedup_overhangs = 1
; fan_speedup_time = 0
; filament_adaptive_volumetric_speed = 0
; filament_adhesiveness_category = 0
; filament_change_extrusion_role_gcode = ""
; filament_change_length = 10
; filament_colour = #F2754E
; filament_cooling_before_tower = 10
; filament_cooling_final_speed = 3.4
; filament_cooling_initial_speed = 2.2
; filament_cooling_moves = 4
; filament_cost = 18
; filament_density = 1.24
; filament_diameter = 1.75
; filament_end_gcode = "; filament end gcode \n;M106 P3 S0\n"
; filament_extruder_variant = "Direct Drive Standard"
; filament_flow_ratio = 0.95
; filament_flush_temp = 0
; filament_flush_volumetric_speed = 0
; filament_ids = NUMPETGHS
; filament_is_support = 0
; filament_loading_speed = 28
; filament_loading_speed_start = 3
; filament_map = 1
; filament_map_mode = Auto For Flush
; filament_max_volumetric_speed = 8
; filament_minimal_purge_on_wipe_tower = 15
; filament_multitool_ramming = 0
; filament_multitool_ramming_flow = 10
; filament_multitool_ramming_volume = 10
; filament_notes = ""
; filament_printable = 3
; filament_ramming_parameters = "120 100 6.6 6.8 7.2 7.6 7.9 8.2 8.7 9.4 9.9 10.0| 0.05 6.6 0.45 6.8 0.95 7.8 1.45 8.3 1.95 9.7 2.45 10 2.95 7.6 3.45 7.6 3.95 7.6 4.45 7.6 4.95 7.6"
; filament_self_index = 1
; filament_settings_id = "numakers PETG-HS Braillix"
; filament_shrink = 100%
; filament_shrinkage_compensation_z = 100%
; filament_soluble = 0
; filament_stamping_distance = 0
; filament_stamping_loading_speed = 0
; filament_start_gcode = "; Filament gcode\n;{if activate_air_filtration[current_extruder] && support_air_filtration}\n;M106 P3 S{during_print_exhaust_fan_speed_num[current_extruder]} \n;{endif}"
; filament_toolchange_delay = 0
; filament_tower_interface_pre_extrusion_dist = 10
; filament_tower_interface_pre_extrusion_length = 0
; filament_tower_interface_print_temp = -1
; filament_tower_interface_purge_volume = 20
; filament_tower_ironing_area = 4
; filament_type = PETG
; filament_unloading_speed = 90
; filament_unloading_speed_start = 100
; filament_vendor = numakers
; file_start_gcode = 
; filename_format = {input_filename_base}_{filament_type[0]}_{layer_height}_{print_time}.gcode
; fill_multiline = 1
; filter_out_gap_fill = 0
; first_layer_flow_ratio = 1
; first_layer_print_sequence = 0
; first_x_layer_fan_speed = 0
; flush_into_infill = 0
; flush_into_objects = 0
; flush_into_support = 0
; flush_multiplier = 0.3
; flush_volumes_matrix = 0,280,280,280,280,0,280,280,280,280,0,280,280,280,280,0
; flush_volumes_vector = 140,140,140,140,140,140,140,140
; full_fan_speed_layer = 3
; fuzzy_skin = none
; fuzzy_skin_first_layer = 0
; fuzzy_skin_layers_between_ripple_offset = 1
; fuzzy_skin_mode = displacement
; fuzzy_skin_noise_type = classic
; fuzzy_skin_octaves = 4
; fuzzy_skin_persistence = 0.5
; fuzzy_skin_point_distance = 0.8
; fuzzy_skin_ripple_offset = 50%
; fuzzy_skin_ripples_per_layer = 15
; fuzzy_skin_scale = 1
; fuzzy_skin_thickness = 0.3
; gap_fill_flow_ratio = 1
; gap_fill_target = topbottom
; gap_infill_speed = 100
; gcode_add_line_number = 0
; gcode_comments = 0
; gcode_flavor = marlin2
; gcode_label_objects = 1
; grab_length = 0
; gyroid_optimized = 0
; has_scarf_joint_seam = 0
; head_wrap_detect_zone = 
; high_current_on_filament_swap = 0
; hole_to_polyhole = 0
; hole_to_polyhole_threshold = 0.01
; hole_to_polyhole_twisted = 1
; host_type = octoprint
; hot_plate_temp = 80
; hot_plate_temp_initial_layer = 80
; idle_temperature = 0
; independent_support_layer_height = 1
; infill_anchor = 400
; infill_anchor_max = 10
; infill_combination = 0
; infill_combination_max_layer_height = 100%
; infill_direction = 45
; infill_jerk = 9
; infill_lock_depth = 1
; infill_overhang_angle = 60
; infill_shift_step = 0.4
; infill_wall_overlap = 15%
; inherits_group = ;;
; initial_layer_acceleration = 500
; initial_layer_infill_speed = 50
; initial_layer_jerk = 9
; initial_layer_line_width = 0.5
; initial_layer_min_bead_width = 85%
; initial_layer_print_height = 0.24
; initial_layer_speed = 50
; initial_layer_travel_acceleration = 100%
; initial_layer_travel_jerk = 100%
; initial_layer_travel_speed = 100%
; inner_wall_acceleration = 1500
; inner_wall_filament_id = 0
; inner_wall_flow_ratio = 1
; inner_wall_jerk = 10
; inner_wall_line_width = 0.45
; inner_wall_speed = 100
; input_shaping_damp_x = 0.1
; input_shaping_damp_y = 0.1
; input_shaping_emit = 0
; input_shaping_freq_x = 0
; input_shaping_freq_y = 0
; input_shaping_type = Default
; interface_shells = 0
; interlocking_beam = 0
; interlocking_beam_layer_count = 2
; interlocking_beam_width = 0.8
; interlocking_boundary_avoidance = 2
; interlocking_depth = 2
; interlocking_orientation = 22.5
; internal_bridge_angle = 0
; internal_bridge_density = 100%
; internal_bridge_fan_speed = -1
; internal_bridge_flow = 1
; internal_bridge_speed = 150%
; internal_solid_filament_id = 0
; internal_solid_infill_acceleration = 100%
; internal_solid_infill_flow_ratio = 1
; internal_solid_infill_line_width = 0.42
; internal_solid_infill_pattern = rectilinear
; internal_solid_infill_speed = 100
; ironing_angle = 0
; ironing_angle_fixed = 0
; ironing_fan_speed = -1
; ironing_flow = 15%
; ironing_inset = 0
; ironing_pattern = rectilinear
; ironing_spacing = 0.1
; ironing_speed = 15
; ironing_type = no ironing
; is_infill_first = 0
; lateral_lattice_angle_1 = -45
; lateral_lattice_angle_2 = 45
; layer_change_gcode = ; AFTER_LAYER_CHANGE [layer_num] @ [layer_z]mm
; layer_height = 0.2
; lightning_overhang_angle = 45
; lightning_prune_angle = 45
; lightning_straightening_angle = 45
; line_width = 0.42
; long_retractions_when_cut = 0
; long_retractions_when_ec = 0
; machine_end_gcode = M140 S0 ; heatbed off\nM107 ; fan off\nG91 ; relative positioning\nM83 ; extruder relative mode\nG1 E-3 F3000 ; retract\nG1 Z+0.5 F3000 ; lift nozzle\nM104 S0 ; extruder off\nG28 X Y ; home X/Y\nG90 ; absolute positioning\nG1 Y220 F3000\nM84 ; steppers off\nM300 S1318 P266
; machine_load_filament_time = 42
; machine_max_acceleration_e = 2000,2000
; machine_max_acceleration_extruding = 2000,2000
; machine_max_acceleration_retracting = 2000,2000
; machine_max_acceleration_travel = 20000,20000
; machine_max_acceleration_x = 2000,2000
; machine_max_acceleration_y = 2000,2000
; machine_max_acceleration_z = 800,800
; machine_max_jerk_e = 5,5
; machine_max_jerk_x = 10,10
; machine_max_jerk_y = 10,10
; machine_max_jerk_z = 2,2
; machine_max_junction_deviation = 0.01
; machine_max_speed_e = 100,100
; machine_max_speed_x = 300,300
; machine_max_speed_y = 300,300
; machine_max_speed_z = 8,8
; machine_min_extruding_rate = 0,0
; machine_min_travel_rate = 0,0
; machine_pause_gcode = M601
; machine_start_gcode = G21 ; metric values\nG90 ; use absolute coordinates\nM83 ; extruder relative mode\nM104 S[first_layer_temperature] ; set extruder temp\nM140 S[first_layer_bed_temperature] ; set bed temp\nG28 ; home all axes\nG29 ; auto bed leveling\nM300 S1318 P266\nG1 Z5 F5000 ; lift nozzle\nG1 X0 Y0 F3000\nG1 Z0.3 ; lower nozzle\nG92 E0 ; zero extruded length\nG1 X10 Y5 F1800 ; move to purge line start\nM190 S[first_layer_bed_temperature] ; wait for bed temp\nM109 S[first_layer_temperature] ; wait for extruder temp\nG1 X60 Y5 E20 F500 ; purge line\nG92 E0 ; zero extruded length\nG1 E-4.5 F4000 ; retract\nG92 E0 ; zero extruded length\nG1 X120 F4000 ; wipe\nM117 Printing...
; machine_tool_change_time = 0
; machine_unload_filament_time = 0
; make_overhang_printable = 0
; make_overhang_printable_angle = 55
; make_overhang_printable_hole_size = 0
; manual_filament_change = 0
; master_extruder_id = 1
; max_bridge_length = 10
; max_layer_height = 0.28
; max_resonance_avoidance_speed = 120
; max_travel_detour_distance = 0
; max_volumetric_extrusion_rate_slope = 0
; max_volumetric_extrusion_rate_slope_segment_length = 5
; min_bead_width = 85%
; min_feature_size = 25%
; min_layer_height = 0.08
; min_length_factor = 0.5
; min_resonance_avoidance_speed = 70
; min_skirt_length = 0
; min_width_top_surface = 300%
; minimum_sparse_infill_area = 15
; mmu_segmented_region_interlocking_depth = 0
; mmu_segmented_region_max_width = 0
; notes = 
; nozzle_diameter = 0.4
; nozzle_flush_dataset = 0
; nozzle_height = 4
; nozzle_hrc = 0
; nozzle_temperature = 230
; nozzle_temperature_initial_layer = 235
; nozzle_temperature_range_high = 260
; nozzle_temperature_range_low = 220
; nozzle_type = brass
; nozzle_volume = 0
; nozzle_volume_type = Standard
; only_one_wall_first_layer = 0
; only_one_wall_top = 1
; ooze_prevention = 0
; other_layers_print_sequence = 0
; other_layers_print_sequence_nums = 0
; outer_wall_acceleration = 1000
; outer_wall_filament_id = 0
; outer_wall_flow_ratio = 1
; outer_wall_jerk = 10
; outer_wall_line_width = 0.42
; outer_wall_speed = 60
; overhang_1_4_speed = 60
; overhang_2_4_speed = 50
; overhang_3_4_speed = 30
; overhang_4_4_speed = 10
; overhang_fan_speed = 50
; overhang_fan_threshold = 50%
; overhang_flow_ratio = 1
; overhang_reverse = 0
; overhang_reverse_internal_only = 0
; overhang_reverse_threshold = 50%
; parallel_printheads_bed_exclude_areas = 
; parallel_printheads_count = 1
; parking_pos_retraction = 0
; part_cooling_fan_min_pwm = 0
; physical_extruder_map = 0
; post_process = 
; precise_outer_wall = 0
; precise_z_height = 0
; preferred_orientation = 0
; preheat_steps = 1
; preheat_time = 30
; pressure_advance = 0.02
; prime_tower_brim_width = 5
; prime_tower_enable_framework = 0
; prime_tower_flat_ironing = 0
; prime_tower_infill_gap = 150%
; prime_tower_skip_points = 1
; prime_tower_width = 45
; prime_volume = 45
; print_compatible_printers = "Anycubic Kobra Neo 0.4 nozzle"
; print_extruder_id = 1
; print_extruder_variant = "Direct Drive Standard"
; print_flow_ratio = 1
; print_order = default
; print_sequence = by layer
; print_settings_id = Braillix 0.20mm PETG
; printable_area = 0x0,220x0,220x220,0x220
; printable_height = 250
; printer_extruder_id = 1
; printer_extruder_variant = "Direct Drive Standard"
; printer_model = Anycubic Kobra Neo
; printer_notes = 
; printer_settings_id = Anycubic Kobra Neo 0.4 nozzle
; printer_structure = i3
; printer_technology = FFF
; printer_variant = 0.4
; printhost_authorization_type = key
; printhost_ssl_ignore_revoke = 0
; printing_by_object_gcode = 
; process_change_extrusion_role_gcode = 
; purge_in_prime_tower = 0
; raft_contact_distance = 0.1
; raft_expansion = 1.5
; raft_first_layer_density = 90%
; raft_first_layer_expansion = 2
; raft_layers = 0
; reduce_crossing_wall = 1
; reduce_fan_stop_start_freq = 1
; reduce_infill_retraction = 1
; relative_bridge_angle = 0
; required_nozzle_HRC = 3
; resolution = 0.012
; resonance_avoidance = 0
; retract_before_wipe = 70%
; retract_length_toolchange = 0
; retract_lift_above = 0.3
; retract_lift_below = 258
; retract_lift_enforce = All Surfaces
; retract_restart_extra = 0
; retract_restart_extra_toolchange = 0
; retract_when_changing_layer = 1
; retraction_distances_when_cut = 18
; retraction_distances_when_ec = 10
; retraction_length = 2.5
; retraction_minimum_travel = 1
; retraction_speed = 100
; role_based_wipe_speed = 1
; scan_first_layer = 0
; scarf_angle_threshold = 155
; scarf_joint_flow_ratio = 1
; scarf_joint_speed = 100%
; scarf_overhang_threshold = 40%
; seam_gap = 15%
; seam_position = back
; seam_slope_conditional = 0
; seam_slope_entire_loop = 0
; seam_slope_inner_walls = 0
; seam_slope_min_length = 20
; seam_slope_start_height = 0
; seam_slope_steps = 10
; seam_slope_type = none
; set_other_flow_ratios = 0
; silent_mode = 0
; single_extruder_multi_material = 1
; single_extruder_multi_material_priming = 0
; single_loop_draft_shield = 0
; skeleton_infill_density = 25%
; skeleton_infill_line_width = 100%
; skin_infill_density = 25%
; skin_infill_depth = 2
; skin_infill_line_width = 100%
; skirt_distance = 2
; skirt_height = 1
; skirt_loops = 0
; skirt_speed = 50
; skirt_start_angle = -135
; skirt_type = combined
; slice_closing_radius = 0.049
; slicing_mode = regular
; slow_down_for_layer_cooling = 1
; slow_down_layer_time = 10
; slow_down_layers = 1
; slow_down_min_speed = 10
; slowdown_for_curled_perimeters = 0
; small_area_infill_flow_compensation = 0
; small_area_infill_flow_compensation_model = 0,0;"\n0.2,0.4444";"\n0.4,0.6145";"\n0.6,0.7059";"\n0.8,0.7619";"\n1.5,0.8571";"\n2,0.8889";"\n3,0.9231";"\n5,0.9520";"\n10,1"
; small_perimeter_speed = 50%
; small_perimeter_threshold = 0
; solid_infill_direction = 45
; solid_infill_rotate_template = 0,90
; sparse_infill_acceleration = 100%
; sparse_infill_density = 25%
; sparse_infill_filament_id = 0
; sparse_infill_flow_ratio = 1
; sparse_infill_line_width = 0.45
; sparse_infill_pattern = crosshatch
; sparse_infill_rotate_template = 
; sparse_infill_speed = 150
; spiral_finishing_flow_ratio = 0
; spiral_mode = 0
; spiral_mode_max_xy_smoothing = 200%
; spiral_mode_smooth = 0
; spiral_starting_flow_ratio = 0
; staggered_inner_seams = 0
; standby_temperature_delta = -5
; start_end_points = 30x-3,54x245
; supertack_plate_temp = 35
; supertack_plate_temp_initial_layer = 35
; support_air_filtration = 1
; support_angle = 0
; support_base_pattern = rectilinear
; support_base_pattern_spacing = 0.2
; support_bottom_interface_spacing = 0.5
; support_bottom_z_distance = 0.1
; support_chamber_temp_control = 1
; support_critical_regions_only = 0
; support_expansion = 0
; support_filament = 0
; support_flow_ratio = 1
; support_interface_bottom_layers = -1
; support_interface_filament = 0
; support_interface_flow_ratio = 1
; support_interface_loop_pattern = 0
; support_interface_not_for_body = 1
; support_interface_pattern = auto
; support_interface_spacing = 0.5
; support_interface_speed = 80
; support_interface_top_layers = 2
; support_ironing = 0
; support_ironing_flow = 10%
; support_ironing_pattern = rectilinear
; support_ironing_spacing = 0.1
; support_line_width = 0.4
; support_material_interface_fan_speed = -1
; support_multi_bed_types = 0
; support_object_first_layer_gap = 0.2
; support_object_skip_flush = 0
; support_object_xy_distance = 0.35
; support_on_build_plate_only = 1
; support_parallel_printheads = 0
; support_remove_small_overhang = 1
; support_speed = 100
; support_style = default
; support_threshold_angle = 40
; support_threshold_overlap = 50%
; support_top_z_distance = 0.1
; support_type = tree(auto)
; symmetric_infill_y_axis = 0
; temperature_vitrification = 85
; template_custom_gcode = 
; textured_cool_plate_temp = 40
; textured_cool_plate_temp_initial_layer = 40
; textured_plate_temp = 80
; textured_plate_temp_initial_layer = 80
; thick_bridges = 0
; thick_internal_bridges = 1
; thumbnails = 230x110/PNG
; thumbnails_format = PNG
; time_cost = 0
; time_lapse_gcode = 
; timelapse_type = 0
; tool_change_on_wipe_tower = 0
; top_bottom_infill_wall_overlap = 25%
; top_shell_layers = 5
; top_shell_thickness = 1
; top_solid_infill_flow_ratio = 1
; top_surface_acceleration = 1000
; top_surface_density = 100%
; top_surface_filament_id = 0
; top_surface_jerk = 9
; top_surface_line_width = 0.42
; top_surface_pattern = monotonic
; top_surface_speed = 30
; travel_acceleration = 2000
; travel_jerk = 10
; travel_slope = 3
; travel_speed = 300
; travel_speed_z = 0
; tree_support_angle_slow = 25
; tree_support_auto_brim = 1
; tree_support_branch_angle = 40
; tree_support_branch_angle_organic = 40
; tree_support_branch_diameter = 5
; tree_support_branch_diameter_angle = 5
; tree_support_branch_diameter_organic = 2
; tree_support_branch_distance = 5
; tree_support_branch_distance_organic = 1
; tree_support_brim_width = 3
; tree_support_tip_diameter = 0.8
; tree_support_top_rate = 30%
; tree_support_wall_count = 0
; upward_compatible_machine = 
; use_3mf = 0
; use_firmware_retraction = 0
; use_relative_e_distances = 1
; volumetric_speed_coefficients = ""
; wall_direction = ccw
; wall_distribution_count = 1
; wall_generator = classic
; wall_loops = 3
; wall_maximum_deviation = 0.025
; wall_maximum_resolution = 0.5
; wall_sequence = outer wall/inner wall
; wall_transition_angle = 10
; wall_transition_filter_deviation = 25%
; wall_transition_length = 100%
; wipe = 1
; wipe_before_external_loop = 0
; wipe_distance = 1
; wipe_on_loops = 0
; wipe_speed = 80%
; wipe_tower_bridging = 10
; wipe_tower_cone_angle = 15
; wipe_tower_extra_flow = 100%
; wipe_tower_extra_rib_length = 0
; wipe_tower_extra_spacing = 100%
; wipe_tower_filament = 0
; wipe_tower_fillet_wall = 1
; wipe_tower_max_purge_speed = 90
; wipe_tower_no_sparse_layers = 0
; wipe_tower_rib_width = 8
; wipe_tower_rotation_angle = 0
; wipe_tower_type = type2
; wipe_tower_wall_type = rib
; wipe_tower_x = 15.000
; wipe_tower_x = 15
; wipe_tower_y = 220.000
; wipe_tower_y = 220
; wiping_volumes_extruders = 70,70,70,70,70,70,70,70,70,70
; wrapping_detection_gcode = 
; wrapping_detection_layers = 20
; wrapping_exclude_area = 
; xy_contour_compensation = 0
; xy_hole_compensation = 0.1
; z_hop = 0.2
; z_hop_types = Auto Lift
; z_offset = 0
; zaa_dont_alternate_fill_direction = 0
; zaa_enabled = 0
; zaa_min_z = 0.05
; zaa_minimize_perimeter_height = 35
; first_layer_bed_temperature = 80
; bed_shape = 0x0,220x0,220x220,0x220
; first_layer_temperature = 235
; first_layer_height = 0.240
; CONFIG_BLOCK_END


