; HEADER_BLOCK_START
; generated by OrcaSlicer 2.4.2 on 2026-08-01 at 21:33:30
; total layer number: 50
; filament_density: 1.24
; filament_diameter: 1.75
; max_z_height: 10.04
; filament: 1
; HEADER_BLOCK_END

; external perimeters extrusion width = 0.42mm
; perimeters extrusion width = 0.45mm
; infill extrusion width = 0.45mm
; solid infill extrusion width = 0.42mm
; top infill extrusion width = 0.42mm
; first layer extrusion width = 0.50mm

; EXECUTABLE_BLOCK_START
M201 X2000 Y2000 Z800 E2000
M203 X300 Y300 Z8 E100
M204 P2000 R2000 T20000 ; sets acceleration (P, T) and retract acceleration (R), mm/sec^2
M205 X10.00 Y10.00 Z2.00 E5.00 ; sets the jerk limits, mm/sec
M205 J0.010
;TYPE:Custom
G21 ; metric values
G90 ; use absolute coordinates
M83 ; extruder relative mode
M104 S235 ; set extruder temp
M140 S80 ; set bed temp
G28 ; home all axes
G29 ; auto bed leveling
M300 S1318 P266
G1 Z5 F5000 ; lift nozzle
G1 X0 Y0 F3000
G1 Z0.3 ; lower nozzle
G92 E0 ; zero extruded length
G1 X10 Y5 F1800 ; move to purge line start
M190 S80 ; wait for bed temp
M109 S235 ; wait for extruder temp
G1 X60 Y5 E20 F500 ; purge line
G92 E0 ; zero extruded length
G1 E-4.5 F4000 ; retract
G92 E0 ; zero extruded length
G1 X120 F4000 ; wipe
M117 Printing...
G90
G21
M83 ; use relative distances for extrusion
; Filament gcode
;
M106 S0
;LAYER_CHANGE
;Z:0.24
;HEIGHT:0.24
G92 E0 ; zero the extruded length again
; BEFORE_LAYER_CHANGE 0 @ 0.24mm
G1 E-2.5 F6000
; AFTER_LAYER_CHANGE 0 @ 0.24mm
;_SET_FAN_SPEED_CHANGING_LAYER
M204 P500
M204 T2000
G1 X77.359 Y77.493 F18000
G1 Z.24
G1 Z.24
G1 E2.5 F6000
;TYPE:Brim
;WIDTH:0.5
G1 F3000
G1 X77.772 Y77.108 E.02398
G1 X78.225 Y76.766 E.02416
G1 X78.712 Y76.474 E.02412
G1 X79.221 Y76.236 E.02388
G1 X79.761 Y76.05 E.02432
G1 X80.31 Y75.923 E.02394
G1 X80.874 Y75.854 E.02414
G1 X81.246 Y75.84 E.01586
G1 X138.983 Y75.846 E2.45459
G1 X139.503 Y75.894 E.02219
G1 X140.055 Y76.001 E.02392
G1 X140.602 Y76.168 E.02432
G1 X141.119 Y76.388 E.02387
G1 X141.714 Y76.725 E.02907
G1 X142.172 Y77.061 E.02413
G1 X142.59 Y77.44 E.024
G1 X142.966 Y77.862 E.02403
G1 X143.234 Y78.224 E.01915
G1 X143.526 Y78.712 E.02417
G1 X143.763 Y79.219 E.02383
G1 X143.981 Y79.874 E.02933
G1 X144.095 Y80.424 E.02388
G1 X144.153 Y80.987 E.02407
G1 X144.161 Y87.003 E.25574
G1 X144.113 Y87.645 E.02738
G1 X143.971 Y88.267 E.02711
G1 X143.805 Y88.716 E.02037
G1 X143.71 Y88.914 E.00931
G1 X143.709 Y89.106 E.00816
G1 X143.882 Y89.474 E.01729
G1 X144.062 Y90.08 E.02687
G1 X144.161 Y91.001 E.03938
G1 X144.161 Y106.992 E.67982
G1 X144.113 Y107.634 E.02738
G1 X143.971 Y108.255 E.02706
G1 X143.759 Y108.81 E.02527
G1 X143.46 Y109.375 E.02716
G1 X143.098 Y109.866 E.02595
G1 X143.055 Y110.007 E.00628
G1 X143.098 Y110.132 E.00565
G1 X143.463 Y110.625 E.02606
G1 X143.826 Y111.344 E.03423
G1 X144.053 Y112.051 E.03158
G1 X144.149 Y112.683 E.02715
G1 X144.161 Y129.003 E.69383
G1 X144.113 Y129.645 E.02738
G1 X143.971 Y130.267 E.02711
G1 X143.805 Y130.716 E.02036
G1 X143.71 Y130.914 E.00931
G1 X143.709 Y131.106 E.00816
G1 X143.882 Y131.474 E.01729
G1 X144.062 Y132.08 E.02687
G1 X144.161 Y133.001 E.03938
G1 X144.155 Y138.967 E.25366
G1 X144.106 Y139.503 E.02288
G1 X143.999 Y140.054 E.02386
G1 X143.791 Y140.712 E.02934
G1 X143.56 Y141.223 E.02385
G1 X143.275 Y141.714 E.02412
G1 X143.012 Y142.08 E.01917
G1 X142.641 Y142.507 E.02406
G1 X142.228 Y142.892 E.02398
G1 X141.775 Y143.234 E.02416
G1 X141.288 Y143.526 E.02412
G1 X140.779 Y143.764 E.02388
G1 X140.239 Y143.95 E.02432
G1 X139.69 Y144.077 E.02394
G1 X139.126 Y144.146 E.02414
G1 X138.754 Y144.16 E.01586
G1 X113.008 Y144.161 E1.09452
G1 X112.366 Y144.113 E.02738
G1 X111.745 Y143.971 E.02706
G1 X111.19 Y143.759 E.02527
G1 X110.625 Y143.46 E.02716
G1 X110.134 Y143.098 E.02595
G1 X109.993 Y143.055 E.00628
G1 X109.868 Y143.098 E.00565
G1 X109.375 Y143.463 E.02606
G1 X108.656 Y143.826 E.03423
G1 X107.949 Y144.053 E.03158
G1 X107.317 Y144.149 E.02715
G1 X81.033 Y144.155 E1.11746
G1 X80.497 Y144.106 E.02287
G1 X79.946 Y143.999 E.02386
G1 X79.288 Y143.791 E.02934
G1 X78.777 Y143.56 E.02385
G1 X78.286 Y143.275 E.02412
G1 X77.92 Y143.012 E.01917
G1 X77.493 Y142.641 E.02406
G1 X77.108 Y142.228 E.02398
G1 X76.766 Y141.775 E.02416
G1 X76.474 Y141.288 E.02412
G1 X76.236 Y140.779 E.02388
G1 X76.05 Y140.239 E.02432
G1 X75.923 Y139.69 E.02394
G1 X75.854 Y139.126 E.02414
G1 X75.84 Y138.754 E.01585
G1 X75.839 Y132.997 E.24472
G1 X75.887 Y132.355 E.02738
G1 X76.029 Y131.733 E.02711
G1 X76.195 Y131.284 E.02037
G1 X76.29 Y131.086 E.00931
G1 X76.291 Y130.894 E.00816
G1 X76.118 Y130.526 E.01729
G1 X75.938 Y129.92 E.02687
G1 X75.839 Y128.999 E.03938
G1 X75.839 Y113.008 E.67983
G1 X75.887 Y112.366 E.02738
G1 X76.029 Y111.745 E.02706
G1 X76.241 Y111.19 E.02527
G1 X76.54 Y110.625 E.02716
G1 X76.902 Y110.134 E.02595
G1 X76.945 Y109.993 E.00628
G1 X76.902 Y109.868 E.00565
G1 X76.537 Y109.375 E.02606
G1 X76.174 Y108.656 E.03423
G1 X75.947 Y107.949 E.03158
G1 X75.851 Y107.317 E.02715
G1 X75.839 Y90.997 E.69383
G1 X75.887 Y90.355 E.02738
G1 X76.029 Y89.733 E.02711
G1 X76.195 Y89.284 E.02036
G1 X76.29 Y89.086 E.00931
G1 X76.291 Y88.894 E.00816
G1 X76.118 Y88.526 E.01729
G1 X75.938 Y87.92 E.02687
G1 X75.839 Y86.999 E.03938
G1 X75.845 Y81.033 E.25366
G1 X75.894 Y80.497 E.02288
G1 X76.001 Y79.946 E.02386
G1 X76.209 Y79.288 E.02934
G1 X76.44 Y78.777 E.02385
G1 X76.725 Y78.286 E.02412
G1 X76.988 Y77.92 E.01917
G1 X77.32 Y77.538 E.02151
G1 X77.658 Y77.832 F18000
G1 F3000
G1 X77.678 Y77.81 E.00126
G1 X78.055 Y77.457 E.02198
G1 X78.471 Y77.142 E.02215
G1 X78.916 Y76.874 E.02212
G1 X79.383 Y76.656 E.02188
G1 X79.878 Y76.484 E.02231
G1 X80.381 Y76.367 E.02195
G1 X80.904 Y76.302 E.02241
G1 X81.253 Y76.288 E.01482
G1 X138.956 Y76.294 E2.45319
G1 X139.446 Y76.34 E.02091
G1 X139.953 Y76.439 E.02198
G1 X140.442 Y76.588 E.02172
G1 X140.913 Y76.787 E.02174
G1 X141.476 Y77.107 E.02753
G1 X141.882 Y77.404 E.02139
G1 X142.266 Y77.752 E.02201
G1 X142.614 Y78.14 E.02217
G1 X142.863 Y78.479 E.01789
G1 X143.126 Y78.916 E.0217
G1 X143.343 Y79.379 E.02169
G1 X143.549 Y79.999 E.02778
G1 X143.652 Y80.5 E.02174
G1 X143.704 Y81.017 E.02211
G1 X143.712 Y86.991 E.254
G1 X143.666 Y87.588 E.02543
G1 X143.536 Y88.15 E.02455
G1 X143.313 Y88.702 E.0253
G1 X143.261 Y88.927 E.00979
G1 X143.261 Y89.089 E.00689
G1 X143.309 Y89.309 E.00961
G1 X143.464 Y89.644 E.01566
G1 X143.617 Y90.157 E.02276
G1 X143.712 Y91.032 E.03744
G1 X143.712 Y106.98 E.678
G1 X143.666 Y107.577 E.02545
G1 X143.538 Y108.133 E.02426
G1 X143.346 Y108.631 E.0227
G1 X143.084 Y109.127 E.02382
G1 X142.744 Y109.591 E.02447
G1 X142.666 Y109.744 E.00731
G1 X142.63 Y109.861 E.0052
G1 X142.612 Y110.061 E.00853
G1 X142.673 Y110.274 E.00943
G1 X142.744 Y110.407 E.0064
G1 X143.085 Y110.872 E.0245
G1 X143.413 Y111.524 E.03107
G1 X143.612 Y112.143 E.02763
G1 X143.7 Y112.727 E.02507
G1 X143.712 Y128.981 E.69104
G1 X143.666 Y129.588 E.02588
G1 X143.536 Y130.151 E.02455
G1 X143.313 Y130.702 E.02529
G1 X143.261 Y130.927 E.00979
G1 X143.261 Y131.089 E.00689
G1 X143.309 Y131.309 E.00961
G1 X143.464 Y131.644 E.01566
G1 X143.617 Y132.157 E.02276
G1 X143.711 Y133.017 E.03681
G1 X143.706 Y138.941 E.25182
G1 X143.662 Y139.433 E.02102
G1 X143.565 Y139.935 E.02175
G1 X143.368 Y140.558 E.02779
G1 X143.157 Y141.024 E.02172
G1 X142.901 Y141.464 E.02166
G1 X142.656 Y141.807 E.01791
G1 X142.322 Y142.19 E.0216
G1 X141.945 Y142.543 E.02198
G1 X141.529 Y142.858 E.02215
G1 X141.084 Y143.126 E.02212
G1 X140.617 Y143.344 E.02188
G1 X140.122 Y143.516 E.02231
G1 X139.619 Y143.633 E.02195
G1 X139.096 Y143.698 E.02241
G1 X138.742 Y143.712 E.01504
G1 X113.02 Y143.712 E1.09353
G1 X112.423 Y143.666 E.02545
G1 X111.867 Y143.538 E.02426
G1 X111.369 Y143.346 E.0227
G1 X110.873 Y143.084 E.02382
G1 X110.409 Y142.744 E.02447
G1 X110.256 Y142.666 E.00731
G1 X110.139 Y142.63 E.0052
G1 X109.939 Y142.612 E.00853
G1 X109.726 Y142.673 E.00943
G1 X109.593 Y142.744 E.0064
G1 X109.128 Y143.085 E.0245
G1 X108.476 Y143.413 E.03107
G1 X107.857 Y143.612 E.02763
G1 X107.274 Y143.7 E.02507
G1 X81.059 Y143.706 E1.11447
G1 X80.567 Y143.662 E.02101
G1 X80.065 Y143.565 E.02175
G1 X79.442 Y143.368 E.02779
G1 X78.976 Y143.157 E.02172
G1 X78.536 Y142.901 E.02166
G1 X78.193 Y142.656 E.01791
G1 X77.81 Y142.322 E.0216
G1 X77.457 Y141.945 E.02198
G1 X77.142 Y141.529 E.02215
G1 X76.874 Y141.084 E.02212
G1 X76.656 Y140.617 E.02188
G1 X76.484 Y140.122 E.02231
G1 X76.367 Y139.619 E.02195
G1 X76.302 Y139.096 E.02241
G1 X76.288 Y138.742 E.01503
G1 X76.288 Y133.009 E.24374
G1 X76.334 Y132.412 E.02545
G1 X76.464 Y131.85 E.02455
G1 X76.687 Y131.298 E.0253
G1 X76.739 Y131.073 E.00979
G1 X76.739 Y130.911 E.00689
G1 X76.691 Y130.691 E.00961
G1 X76.536 Y130.356 E.01566
G1 X76.383 Y129.843 E.02276
G1 X76.288 Y128.968 E.03744
G1 X76.288 Y113.02 E.678
G1 X76.334 Y112.423 E.02545
G1 X76.462 Y111.867 E.02426
G1 X76.654 Y111.369 E.0227
G1 X76.916 Y110.873 E.02382
G1 X77.256 Y110.409 E.02447
G1 X77.334 Y110.256 E.00731
G1 X77.37 Y110.139 E.0052
G1 X77.388 Y109.939 E.00853
G1 X77.327 Y109.726 E.00943
G1 X77.256 Y109.593 E.0064
G1 X76.915 Y109.128 E.0245
G1 X76.587 Y108.476 E.03107
G1 X76.388 Y107.857 E.02763
G1 X76.3 Y107.273 E.02507
G1 X76.288 Y91.019 E.69104
G1 X76.334 Y90.412 E.02588
G1 X76.464 Y89.849 E.02455
G1 X76.687 Y89.298 E.02529
G1 X76.739 Y89.073 E.00979
G1 X76.739 Y88.911 E.00689
G1 X76.691 Y88.691 E.00961
G1 X76.536 Y88.356 E.01566
G1 X76.383 Y87.843 E.02276
G1 X76.289 Y86.983 E.03681
G1 X76.294 Y81.059 E.25182
G1 X76.338 Y80.567 E.02102
G1 X76.435 Y80.065 E.02175
G1 X76.632 Y79.442 E.02779
G1 X76.843 Y78.976 E.02172
G1 X77.099 Y78.536 E.02166
G1 X77.344 Y78.193 E.01791
G1 X77.619 Y77.877 E.01779
G1 X77.957 Y78.172 F18000
G1 F3000
G1 X77.996 Y78.127 E.00253
G1 X78.339 Y77.805 E.01999
G1 X78.717 Y77.519 E.02015
G1 X79.122 Y77.274 E.02012
G1 X79.545 Y77.075 E.01988
G1 X79.996 Y76.918 E.02031
G1 X80.453 Y76.811 E.01995
G1 X80.936 Y76.75 E.02067
G1 X81.259 Y76.737 E.01376
G1 X138.929 Y76.743 E2.45178
G1 X139.389 Y76.785 E.01961
G1 X139.851 Y76.876 E.02004
G1 X140.282 Y77.008 E.01915
G1 X140.707 Y77.187 E.0196
G1 X141.238 Y77.489 E.02597
G1 X141.603 Y77.757 E.01927
G1 X141.942 Y78.064 E.01943
G1 X142.261 Y78.419 E.02028
G1 X142.493 Y78.733 E.01662
G1 X142.726 Y79.122 E.01926
G1 X142.922 Y79.538 E.01955
G1 X143.117 Y80.123 E.02621
G1 X143.209 Y80.574 E.01959
G1 X143.256 Y81.046 E.02015
G1 X143.263 Y86.98 E.25225
G1 X143.219 Y87.53 E.02345
G1 X143.103 Y88.023 E.02156
G1 X142.873 Y88.612 E.02684
G1 X142.827 Y88.815 E.00887
G1 X142.813 Y89.078 E.01119
G1 X142.87 Y89.396 E.01375
G1 X143.046 Y89.812 E.01921
G1 X143.172 Y90.234 E.01871
G1 X143.264 Y91.064 E.0355
G1 X143.263 Y106.957 E.67569
G1 X143.222 Y107.499 E.02309
G1 X143.104 Y108.01 E.02231
G1 X142.933 Y108.452 E.02016
G1 X142.708 Y108.879 E.02053
G1 X142.387 Y109.318 E.02309
G1 X142.269 Y109.536 E.01055
G1 X142.205 Y109.72 E.0083
G1 X142.167 Y110.01 E.01241
G1 X142.184 Y110.196 E.00793
G1 X142.282 Y110.492 E.01328
G1 X142.387 Y110.679 E.00913
G1 X142.706 Y111.117 E.02302
G1 X143 Y111.705 E.02794
G1 X143.17 Y112.236 E.02372
G1 X143.252 Y112.771 E.02299
G1 X143.264 Y128.959 E.68822
G1 X143.219 Y129.53 E.02435
G1 X143.103 Y130.024 E.02156
G1 X142.873 Y130.612 E.02684
G1 X142.827 Y130.815 E.00887
G1 X142.813 Y131.078 E.01119
G1 X142.87 Y131.396 E.01375
G1 X143.046 Y131.812 E.01921
G1 X143.172 Y132.234 E.01873
G1 X143.262 Y133.034 E.03423
G1 X143.258 Y138.914 E.24998
G1 X143.218 Y139.364 E.01918
G1 X143.132 Y139.817 E.01962
G1 X142.945 Y140.405 E.02622
G1 X142.755 Y140.824 E.01958
G1 X142.527 Y141.215 E.01921
G1 X142.299 Y141.533 E.01664
G1 X142.004 Y141.873 E.01916
G1 X141.661 Y142.195 E.01999
G1 X141.283 Y142.481 E.02015
G1 X140.878 Y142.726 E.02012
G1 X140.455 Y142.925 E.01988
G1 X140.004 Y143.082 E.02031
G1 X139.547 Y143.189 E.01995
G1 X139.065 Y143.25 E.02067
G1 X138.731 Y143.264 E.01421
G1 X113.043 Y143.263 E1.09208
G1 X112.501 Y143.222 E.02309
G1 X111.99 Y143.104 E.02231
G1 X111.548 Y142.933 E.02016
G1 X111.121 Y142.708 E.02053
G1 X110.682 Y142.387 E.02309
G1 X110.464 Y142.269 E.01055
G1 X110.28 Y142.205 E.0083
G1 X109.99 Y142.167 E.01241
G1 X109.804 Y142.184 E.00793
G1 X109.508 Y142.282 E.01328
G1 X109.321 Y142.387 E.00913
G1 X108.883 Y142.706 E.02302
G1 X108.295 Y143 E.02794
G1 X107.764 Y143.17 E.02372
G1 X107.23 Y143.252 E.02299
G1 X81.085 Y143.258 E1.11149
G1 X80.636 Y143.218 E.01916
G1 X80.183 Y143.132 E.01962
G1 X79.595 Y142.945 E.02622
G1 X79.176 Y142.755 E.01958
G1 X78.785 Y142.527 E.01921
G1 X78.467 Y142.299 E.01664
G1 X78.127 Y142.004 E.01916
G1 X77.805 Y141.661 E.01999
G1 X77.519 Y141.283 E.02015
G1 X77.274 Y140.878 E.02012
G1 X77.075 Y140.455 E.01988
G1 X76.918 Y140.004 E.02031
G1 X76.811 Y139.547 E.01995
G1 X76.75 Y139.065 E.02067
G1 X76.736 Y138.731 E.01421
G1 X76.737 Y133.021 E.24273
G1 X76.781 Y132.47 E.02349
G1 X76.897 Y131.977 E.02156
G1 X77.127 Y131.388 E.02684
G1 X77.173 Y131.185 E.00887
G1 X77.187 Y130.922 E.01119
G1 X77.13 Y130.604 E.01375
G1 X76.954 Y130.188 E.01921
G1 X76.828 Y129.766 E.01871
G1 X76.736 Y128.936 E.0355
G1 X76.737 Y113.043 E.67569
G1 X76.778 Y112.501 E.02308
G1 X76.896 Y111.99 E.02231
G1 X77.067 Y111.548 E.02016
G1 X77.292 Y111.121 E.02053
G1 X77.613 Y110.682 E.02309
G1 X77.731 Y110.464 E.01055
G1 X77.795 Y110.28 E.0083
G1 X77.833 Y109.99 E.01241
G1 X77.816 Y109.804 E.00793
G1 X77.718 Y109.508 E.01328
G1 X77.613 Y109.321 E.00913
G1 X77.294 Y108.883 E.02302
G1 X77 Y108.295 E.02794
G1 X76.83 Y107.764 E.02372
G1 X76.748 Y107.229 E.02299
G1 X76.736 Y91.041 E.68822
G1 X76.781 Y90.47 E.02435
G1 X76.897 Y89.976 E.02156
G1 X77.127 Y89.388 E.02684
G1 X77.173 Y89.185 E.00887
G1 X77.187 Y88.922 E.01119
G1 X77.13 Y88.604 E.01375
G1 X76.954 Y88.188 E.01921
G1 X76.828 Y87.766 E.01873
G1 X76.738 Y86.966 E.03423
G1 X76.742 Y81.086 E.24998
G1 X76.782 Y80.636 E.01918
G1 X76.868 Y80.183 E.01962
G1 X77.055 Y79.595 E.02622
G1 X77.245 Y79.176 E.01958
G1 X77.473 Y78.785 E.01921
G1 X77.701 Y78.467 E.01664
G1 X77.918 Y78.217 E.01407
G1 X78.256 Y78.511 F18000
G1 F3000
G1 X78.315 Y78.443 E.00382
G1 X78.624 Y78.153 E.01801
G1 X78.963 Y77.894 E.01814
G1 X79.328 Y77.673 E.01812
G1 X79.708 Y77.494 E.01788
G1 X80.115 Y77.351 E.0183
G1 X80.526 Y77.255 E.01795
G1 X80.967 Y77.198 E.01894
G1 X81.271 Y77.185 E.01292
G1 X138.902 Y77.191 E2.45011
G1 X139.318 Y77.229 E.01773
G1 X139.735 Y77.311 E.01809
G1 X140.122 Y77.428 E.0172
G1 X140.501 Y77.587 E.01746
G1 X141 Y77.87 E.0244
G1 X141.324 Y78.11 E.01713
G1 X141.619 Y78.376 E.01689
G1 X141.909 Y78.698 E.01839
G1 X142.116 Y78.977 E.0148
G1 X142.327 Y79.327 E.01737
G1 X142.501 Y79.697 E.0174
G1 X142.684 Y80.247 E.02462
G1 X142.766 Y80.649 E.01743
G1 X142.807 Y81.075 E.01821
G1 X142.814 Y86.968 E.25051
G1 X142.772 Y87.47 E.02144
G1 X142.671 Y87.898 E.01869
G1 X142.435 Y88.518 E.02823
G1 X142.378 Y88.801 E.01224
G1 X142.366 Y89.041 E.01022
G1 X142.427 Y89.464 E.01818
G1 X142.622 Y89.96 E.02268
G1 X142.727 Y90.312 E.01559
G1 X142.815 Y91.096 E.03356
G1 X142.815 Y106.935 E.67337
G1 X142.778 Y107.421 E.02072
G1 X142.671 Y107.887 E.02034
G1 X142.521 Y108.273 E.0176
G1 X142.331 Y108.633 E.0173
G1 X142.031 Y109.047 E.02173
G1 X141.844 Y109.396 E.01683
G1 X141.759 Y109.671 E.01224
G1 X141.722 Y110.062 E.01672
G1 X141.762 Y110.345 E.01216
G1 X141.896 Y110.721 E.01699
G1 X142.029 Y110.949 E.0112
G1 X142.327 Y111.361 E.02161
G1 X142.587 Y111.884 E.02484
G1 X142.734 Y112.349 E.02074
G1 X142.803 Y112.815 E.02001
G1 X142.815 Y128.936 E.68537
G1 X142.772 Y129.471 E.0228
G1 X142.671 Y129.898 E.01867
G1 X142.435 Y130.518 E.02822
G1 X142.378 Y130.801 E.01224
G1 X142.366 Y131.041 E.01022
G1 X142.427 Y131.464 E.01818
G1 X142.622 Y131.96 E.02268
G1 X142.727 Y132.312 E.01562
G1 X142.813 Y133.052 E.03164
G1 X142.81 Y138.889 E.24814
G1 X142.774 Y139.295 E.01735
G1 X142.698 Y139.699 E.01748
G1 X142.522 Y140.251 E.02463
G1 X142.358 Y140.612 E.01685
G1 X142.154 Y140.965 E.01737
G1 X141.943 Y141.26 E.01538
G1 X141.685 Y141.557 E.01673
G1 X141.376 Y141.847 E.01801
G1 X141.037 Y142.106 E.01814
G1 X140.672 Y142.327 E.01812
G1 X140.292 Y142.506 E.01788
G1 X139.885 Y142.649 E.0183
G1 X139.474 Y142.745 E.01795
G1 X139.033 Y142.802 E.01893
G1 X138.719 Y142.815 E.01338
G1 X113.065 Y142.815 E1.09062
G1 X112.579 Y142.778 E.02072
G1 X112.113 Y142.671 E.02034
G1 X111.727 Y142.521 E.0176
G1 X111.367 Y142.331 E.0173
G1 X110.953 Y142.031 E.02173
G1 X110.604 Y141.844 E.01683
G1 X110.329 Y141.759 E.01224
G1 X109.938 Y141.722 E.01672
G1 X109.655 Y141.762 E.01216
G1 X109.279 Y141.896 E.01699
G1 X109.051 Y142.029 E.0112
G1 X108.639 Y142.327 E.02161
G1 X108.116 Y142.587 E.02484
G1 X107.651 Y142.734 E.02074
G1 X107.185 Y142.803 E.02
G1 X81.111 Y142.809 E1.10852
G1 X80.705 Y142.774 E.01732
G1 X80.301 Y142.698 E.01748
G1 X79.749 Y142.522 E.02463
G1 X79.388 Y142.358 E.01685
G1 X79.035 Y142.154 E.01737
G1 X78.74 Y141.943 E.01538
G1 X78.443 Y141.685 E.01673
G1 X78.153 Y141.376 E.01801
G1 X77.894 Y141.037 E.01814
G1 X77.673 Y140.672 E.01812
G1 X77.494 Y140.292 E.01788
G1 X77.351 Y139.885 E.0183
G1 X77.255 Y139.474 E.01795
G1 X77.198 Y139.033 E.01893
G1 X77.185 Y138.719 E.01337
G1 X77.186 Y133.034 E.24168
G1 X77.228 Y132.53 E.02149
G1 X77.329 Y132.102 E.01869
G1 X77.565 Y131.482 E.02823
G1 X77.622 Y131.199 E.01224
G1 X77.634 Y130.959 E.01022
G1 X77.573 Y130.536 E.01818
G1 X77.378 Y130.04 E.02268
G1 X77.273 Y129.688 E.01559
G1 X77.185 Y128.904 E.03355
G1 X77.185 Y113.065 E.67337
G1 X77.222 Y112.579 E.02072
G1 X77.329 Y112.113 E.02034
G1 X77.479 Y111.727 E.0176
G1 X77.669 Y111.367 E.0173
G1 X77.969 Y110.953 E.02173
G1 X78.156 Y110.604 E.01683
G1 X78.241 Y110.329 E.01224
G1 X78.278 Y109.938 E.01672
G1 X78.238 Y109.655 E.01216
G1 X78.104 Y109.279 E.01699
G1 X77.971 Y109.051 E.0112
G1 X77.673 Y108.639 E.02161
G1 X77.413 Y108.116 E.02484
G1 X77.266 Y107.651 E.02074
G1 X77.197 Y107.185 E.02001
G1 X77.185 Y91.064 E.68537
G1 X77.228 Y90.529 E.0228
G1 X77.329 Y90.102 E.01867
G1 X77.565 Y89.482 E.02822
G1 X77.622 Y89.199 E.01224
G1 X77.634 Y88.959 E.01022
G1 X77.573 Y88.536 E.01818
G1 X77.378 Y88.04 E.02268
G1 X77.273 Y87.688 E.01562
G1 X77.187 Y86.948 E.03164
G1 X77.19 Y81.111 E.24814
G1 X77.226 Y80.705 E.01735
G1 X77.302 Y80.301 E.01748
G1 X77.478 Y79.749 E.02463
G1 X77.642 Y79.388 E.01685
G1 X77.846 Y79.035 E.01737
G1 X78.057 Y78.74 E.01538
G1 X78.217 Y78.557 E.01035
G1 X78.555 Y78.851 F18000
G1 F3000
G1 X78.635 Y78.76 E.00514
G1 X78.909 Y78.5 E.01605
G1 X79.211 Y78.27 E.01614
G1 X79.535 Y78.072 E.01613
G1 X79.872 Y77.912 E.01588
G1 X80.234 Y77.785 E.0163
G1 X80.599 Y77.698 E.01595
G1 X81 Y77.646 E.0172
G1 X81.284 Y77.634 E.01207
G1 X138.876 Y77.64 E2.44845
G1 X139.247 Y77.673 E.01586
G1 X139.62 Y77.745 E.01614
G1 X139.964 Y77.849 E.01525
G1 X140.295 Y77.987 E.01529
G1 X140.762 Y78.252 E.0228
G1 X141.034 Y78.453 E.01441
G1 X141.296 Y78.689 E.01497
G1 X141.557 Y78.977 E.01651
G1 X141.739 Y79.222 E.01298
G1 X141.927 Y79.533 E.01548
G1 X142.081 Y79.857 E.01524
G1 X142.252 Y80.371 E.02301
G1 X142.322 Y80.722 E.01524
G1 X142.359 Y81.104 E.01629
G1 X142.365 Y86.955 E.24876
G1 X142.326 Y87.409 E.01939
G1 X142.239 Y87.773 E.01589
G1 X141.993 Y88.441 E.03025
G1 X141.94 Y88.704 E.01144
G1 X141.919 Y89.006 E.01287
G1 X141.981 Y89.517 E.02186
G1 X142.287 Y90.414 E.04028
G1 X142.367 Y91.129 E.03059
G1 X142.366 Y106.913 E.67104
G1 X142.334 Y107.343 E.01835
G1 X142.238 Y107.764 E.01835
G1 X142.115 Y108.079 E.01437
G1 X141.953 Y108.387 E.01478
G1 X141.672 Y108.777 E.02043
G1 X141.453 Y109.175 E.01932
G1 X141.334 Y109.529 E.01591
G1 X141.277 Y110.007 E.02046
G1 X141.317 Y110.399 E.01672
G1 X141.471 Y110.864 E.02085
G1 X141.639 Y111.171 E.01487
G1 X141.947 Y111.604 E.02257
G1 X142.165 Y112.043 E.02086
G1 X142.292 Y112.441 E.01773
G1 X142.355 Y112.858 E.01795
G1 X142.367 Y128.913 E.68254
G1 X142.325 Y129.411 E.02124
G1 X142.239 Y129.773 E.01584
G1 X141.993 Y130.441 E.03025
G1 X141.94 Y130.704 E.01144
G1 X141.919 Y131.006 E.01287
G1 X141.981 Y131.517 E.02186
G1 X142.288 Y132.415 E.04034
G1 X142.364 Y133.085 E.02869
G1 X142.361 Y138.863 E.24563
G1 X142.33 Y139.227 E.01552
G1 X142.263 Y139.581 E.01532
G1 X142.1 Y140.097 E.02303
G1 X141.956 Y140.412 E.01471
G1 X141.78 Y140.716 E.01494
G1 X141.586 Y140.986 E.01411
G1 X141.365 Y141.24 E.01432
G1 X141.091 Y141.5 E.01605
G1 X140.789 Y141.73 E.01614
G1 X140.465 Y141.928 E.01613
G1 X140.128 Y142.088 E.01588
G1 X139.766 Y142.215 E.0163
G1 X139.401 Y142.302 E.01595
G1 X139.001 Y142.354 E.01718
G1 X138.706 Y142.367 E.01253
G1 X113.077 Y142.366 E1.08959
G1 X112.637 Y142.331 E.01877
G1 X112.236 Y142.238 E.01749
G1 X111.921 Y142.115 E.01437
G1 X111.613 Y141.953 E.01478
G1 X111.223 Y141.672 E.02043
G1 X110.825 Y141.453 E.01932
G1 X110.471 Y141.334 E.01591
G1 X109.993 Y141.277 E.02046
G1 X109.601 Y141.317 E.01672
G1 X109.136 Y141.471 E.02085
G1 X108.829 Y141.639 E.01487
G1 X108.396 Y141.947 E.02257
G1 X107.957 Y142.165 E.02086
G1 X107.56 Y142.292 E.01773
G1 X107.142 Y142.355 E.01794
G1 X81.136 Y142.361 E1.10561
G1 X80.773 Y142.33 E.01549
G1 X80.419 Y142.263 E.01532
G1 X79.903 Y142.1 E.02303
G1 X79.588 Y141.956 E.01471
G1 X79.284 Y141.78 E.01494
G1 X79.014 Y141.586 E.01411
G1 X78.76 Y141.365 E.01432
G1 X78.5 Y141.091 E.01605
G1 X78.27 Y140.789 E.01614
G1 X78.072 Y140.465 E.01613
G1 X77.912 Y140.128 E.01588
G1 X77.785 Y139.766 E.0163
G1 X77.698 Y139.401 E.01595
G1 X77.646 Y139.001 E.01718
G1 X77.633 Y138.706 E.01252
G1 X77.635 Y133.047 E.2406
G1 X77.674 Y132.591 E.01946
G1 X77.761 Y132.227 E.01589
G1 X78.007 Y131.559 E.03025
G1 X78.06 Y131.296 E.01144
G1 X78.081 Y130.994 E.01287
G1 X78.019 Y130.483 E.02186
G1 X77.713 Y129.586 E.04028
G1 X77.633 Y128.871 E.03059
G1 X77.634 Y113.077 E.67148
G1 X77.669 Y112.637 E.01877
G1 X77.762 Y112.236 E.01749
G1 X77.885 Y111.921 E.01437
G1 X78.047 Y111.613 E.01478
G1 X78.328 Y111.223 E.02043
G1 X78.547 Y110.825 E.01932
G1 X78.666 Y110.471 E.01591
G1 X78.723 Y109.993 E.02046
G1 X78.683 Y109.601 E.01672
G1 X78.529 Y109.136 E.02085
G1 X78.361 Y108.829 E.01487
G1 X78.053 Y108.396 E.02257
G1 X77.835 Y107.957 E.02086
G1 X77.708 Y107.559 E.01773
G1 X77.645 Y107.142 E.01795
G1 X77.633 Y91.087 E.68254
G1 X77.675 Y90.589 E.02124
G1 X77.761 Y90.227 E.01584
G1 X78.007 Y89.559 E.03025
G1 X78.06 Y89.296 E.01144
G1 X78.081 Y88.994 E.01287
G1 X78.019 Y88.483 E.02186
G1 X77.712 Y87.585 E.04034
G1 X77.636 Y86.915 E.02869
G1 X77.639 Y81.137 E.24563
G1 X77.67 Y80.773 E.01552
G1 X77.737 Y80.419 E.01532
G1 X77.9 Y79.903 E.02303
G1 X78.044 Y79.588 E.01471
G1 X78.22 Y79.284 E.01494
G1 X78.414 Y79.014 E.01411
G1 X78.516 Y78.896 E.00664
G1 E-1.75 F6000
;WIPE_START
G1 F3000
G1 X78.635 Y78.76 E-.13564
G1 X78.909 Y78.5 E-.28314
G1 X79.211 Y78.27 E-.28476
G1 X79.264 Y78.238 E-.04646
;WIPE_END
G1 X136.414 Y109.649 F18000
G1 E2.5 F6000
G1 F3000
G1 X136.501 Y109.617 E.00393
G1 X139.71 Y109.617 E.13641
G1 X140.168 Y109.565 E.01958
G1 X140.415 Y109.509 E.01077
G1 X140.703 Y109.413 E.01291
G1 X140.815 Y109.426 E.00482
G1 X140.879 Y109.557 E.00619
G1 X140.833 Y109.941 E.01645
G1 X140.872 Y110.455 E.02194
G1 X140.833 Y110.561 E.00482
G1 X140.699 Y110.594 E.00586
G1 X140.215 Y110.446 E.02152
G1 X139.705 Y110.383 E.02182
G1 X136.501 Y110.383 E.13622
G1 X136.399 Y110.336 E.00482
G1 X136.367 Y110.249 E.00393
G1 X136.367 Y109.751 E.02115
G1 X136.389 Y109.703 E.00226
G1 E-1.75 F6000
;WIPE_START
G1 F3000
G1 X136.501 Y109.617 E-.10609
G1 X137.36 Y109.617 E-.64391
;WIPE_END
G1 X110.351 Y136.414 F18000
G1 E2.5 F6000
G1 F3000
G1 X110.383 Y136.501 E.00393
G1 X110.383 Y139.71 E.1364
G1 X110.437 Y140.176 E.01997
G1 X110.52 Y140.507 E.01448
G1 X110.592 Y140.699 E.00871
G1 X110.584 Y140.812 E.00482
G1 X110.454 Y140.88 E.00625
G1 X109.934 Y140.832 E.02217
G1 X109.535 Y140.875 E.01709
G1 X109.427 Y140.839 E.00482
G1 X109.394 Y140.695 E.00628
G1 X109.519 Y140.355 E.01538
G1 X109.617 Y139.701 E.02813
G1 X109.617 Y136.501 E.13603
G1 X109.664 Y136.399 E.00482
G1 X109.751 Y136.367 E.00393
G1 X110.249 Y136.367 E.02115
G1 X110.297 Y136.389 E.00226
G1 E-1.75 F6000
;WIPE_START
G1 F3000
G1 X110.383 Y136.501 E-.10609
G1 X110.383 Y137.36 E-.64391
;WIPE_END
G1 X83.586 Y110.351 F18000
G1 E2.5 F6000
G1 F3000
G1 X83.499 Y110.383 E.00393
G1 X80.29 Y110.383 E.13641
G1 X79.832 Y110.435 E.01957
G1 X79.585 Y110.491 E.01077
G1 X79.297 Y110.587 E.01292
G1 X79.185 Y110.574 E.00482
G1 X79.121 Y110.447 E.00606
G1 X79.168 Y109.934 E.0219
G1 X79.128 Y109.548 E.01649
G1 X79.165 Y109.441 E.00482
G1 X79.304 Y109.407 E.00609
G1 X79.683 Y109.531 E.01698
G1 X80.296 Y109.617 E.0263
G1 X83.499 Y109.617 E.13617
G1 X83.601 Y109.664 E.00482
G1 X83.633 Y109.751 E.00393
G1 X83.633 Y110.249 E.02115
G1 X83.611 Y110.297 E.00226
G1 X84.082 Y110.297 F18000
G1 F3000
G1 X84.082 Y109.303 E.04227
G1 X84.034 Y109.2 E.00482
G1 X83.947 Y109.168 E.00393
G1 X80.286 Y109.168 E.15563
G1 X79.834 Y109.108 E.01941
G1 X79.407 Y108.969 E.01908
G1 X79.154 Y108.841 E.01206
G1 X78.888 Y108.656 E.01376
G1 X78.462 Y108.193 E.02673
G1 X78.3 Y107.906 E.01404
G1 X78.201 Y107.658 E.01134
G1 X78.082 Y106.962 E.03004
G1 X78.086 Y90.958 E.68037
G1 X78.135 Y90.591 E.01573
G1 X78.215 Y90.306 E.01257
G1 X78.48 Y89.787 E.0248
G1 X78.711 Y89.492 E.01592
G1 X78.93 Y89.297 E.01248
G1 X79.224 Y89.111 E.01476
G1 X79.285 Y89.016 E.00482
G1 X79.219 Y88.881 E.00641
G1 X79.048 Y88.783 E.00834
G1 X78.842 Y88.627 E.011
G1 X78.497 Y88.243 E.02194
G1 X78.334 Y87.963 E.01379
G1 X78.137 Y87.41 E.02495
G1 X78.082 Y86.963 E.01913
G1 X78.112 Y80.915 E.25714
G1 X78.161 Y80.591 E.01394
G1 X78.27 Y80.204 E.01706
G1 X78.492 Y79.71 E.02307
G1 X78.788 Y79.273 E.02242
G1 X79.209 Y78.842 E.02561
G1 X79.694 Y78.503 E.02514
G1 X80.196 Y78.272 E.02351
G1 X80.688 Y78.141 E.02161
G1 X81.276 Y78.082 E.02517
G1 X138.719 Y78.082 E2.44209
G1 X139.366 Y78.155 E.02767
G1 X139.99 Y78.35 E.02778
G1 X140.564 Y78.669 E.02792
G1 X141.041 Y79.078 E.02672
G1 X141.377 Y79.499 E.02292
G1 X141.67 Y80.053 E.0266
G1 X141.848 Y80.643 E.02621
G1 X141.918 Y81.27 E.02684
G1 X141.918 Y86.976 E.24259
G1 X141.882 Y87.322 E.01478
G1 X141.782 Y87.705 E.01683
G1 X141.734 Y87.82 E.0053
G1 X141.465 Y88.293 E.02309
G1 X141.209 Y88.586 E.01655
G1 X140.976 Y88.774 E.01273
G1 X140.79 Y88.893 E.00939
G1 X140.729 Y88.988 E.00482
G1 X140.79 Y89.12 E.00617
G1 X141.04 Y89.279 E.01261
G1 X141.24 Y89.452 E.01125
G1 X141.63 Y89.955 E.02705
G1 X141.772 Y90.276 E.01493
G1 X141.879 Y90.657 E.01683
G1 X141.916 Y90.966 E.0132
G1 X141.909 Y107.053 E.68394
G1 X141.771 Y107.727 E.02926
G1 X141.646 Y108.005 E.01293
G1 X141.527 Y108.201 E.00977
G1 X141.255 Y108.529 E.01813
G1 X141.107 Y108.663 E.00849
G1 X140.579 Y108.981 E.02619
G1 X140.321 Y109.07 E.0116
G1 X140.061 Y109.13 E.01137
G1 X139.717 Y109.168 E.01468
G1 X136.053 Y109.168 E.1558
G1 X135.95 Y109.216 E.00482
G1 X135.918 Y109.303 E.00393
G1 X135.918 Y110.697 E.05928
G1 X135.966 Y110.8 E.00482
G1 X136.053 Y110.832 E.00393
G1 X139.714 Y110.832 E.15563
G1 X140.166 Y110.892 E.01941
G1 X140.593 Y111.031 E.01908
G1 X140.846 Y111.159 E.01206
G1 X141.112 Y111.344 E.01376
G1 X141.538 Y111.807 E.02673
G1 X141.7 Y112.094 E.01404
G1 X141.797 Y112.336 E.01109
G1 X141.91 Y112.946 E.02635
G1 X141.914 Y129.042 E.68431
G1 X141.865 Y129.409 E.01573
G1 X141.785 Y129.694 E.01257
G1 X141.52 Y130.213 E.0248
G1 X141.289 Y130.508 E.01592
G1 X141.07 Y130.703 E.01248
G1 X140.775 Y130.889 E.01482
G1 X140.714 Y130.985 E.00482
G1 X140.78 Y131.12 E.00642
G1 X140.949 Y131.216 E.00823
G1 X141.206 Y131.421 E.01399
G1 X141.499 Y131.75 E.01874
G1 X141.645 Y131.987 E.01182
G1 X141.761 Y132.24 E.01184
G1 X141.862 Y132.584 E.01525
G1 X141.918 Y133.031 E.01914
G1 X141.91 Y138.856 E.24767
G1 X141.838 Y139.407 E.02363
G1 X141.648 Y139.998 E.02638
G1 X141.331 Y140.565 E.02761
G1 X140.922 Y141.041 E.02668
G1 X140.499 Y141.378 E.02298
G1 X139.939 Y141.672 E.02692
G1 X139.328 Y141.853 E.02706
G1 X138.723 Y141.918 E.02587
G1 X113.035 Y141.918 E1.09212
G1 X112.695 Y141.882 E.01453
G1 X112.149 Y141.715 E.02425
G1 X112.041 Y141.665 E.00507
G1 X111.602 Y141.374 E.0224
G1 X111.287 Y141.04 E.01954
G1 X111.075 Y140.695 E.01717
G1 X110.957 Y140.406 E.01331
G1 X110.87 Y140.059 E.01518
G1 X110.832 Y139.718 E.01462
G1 X110.832 Y136.053 E.1558
G1 X110.784 Y135.95 E.00482
G1 X110.697 Y135.918 E.00393
G1 X109.534 Y135.918 E.04944
G1 X109.316 Y135.897 E.00932
G1 X109.209 Y135.934 E.00482
G1 X109.168 Y136.031 E.00446
G1 X109.168 Y139.711 E.15647
G1 X109.074 Y140.296 E.0252
G1 X108.851 Y140.831 E.02463
G1 X108.641 Y141.133 E.01567
G1 X108.445 Y141.34 E.01212
G1 X108.29 Y141.463 E.00841
G1 X107.83 Y141.731 E.0226
G1 X107.572 Y141.82 E.01161
G1 X107.248 Y141.89 E.0141
G1 X106.968 Y141.918 E.01195
G1 X81.281 Y141.918 E1.09206
G1 X80.634 Y141.845 E.02768
G1 X80.01 Y141.65 E.02778
G1 X79.436 Y141.331 E.02792
G1 X78.959 Y140.922 E.02672
G1 X78.623 Y140.501 E.02292
G1 X78.33 Y139.947 E.0266
G1 X78.152 Y139.357 E.02621
G1 X78.082 Y138.73 E.02684
G1 X78.082 Y133.024 E.24259
G1 X78.118 Y132.678 E.01478
G1 X78.218 Y132.295 E.01683
G1 X78.266 Y132.18 E.0053
G1 X78.535 Y131.707 E.02309
G1 X78.791 Y131.414 E.01655
G1 X79.024 Y131.226 E.01273
G1 X79.211 Y131.107 E.00944
G1 X79.272 Y131.011 E.00482
G1 X79.217 Y130.884 E.00593
G1 X78.836 Y130.614 E.01985
G1 X78.483 Y130.223 E.02237
G1 X78.338 Y129.986 E.01183
G1 X78.205 Y129.669 E.01458
G1 X78.092 Y129.066 E.0261
G1 X78.091 Y112.947 E.68527
G1 X78.229 Y112.273 E.02927
G1 X78.354 Y111.995 E.01293
G1 X78.473 Y111.799 E.00977
G1 X78.745 Y111.471 E.01813
G1 X78.893 Y111.337 E.00849
G1 X79.421 Y111.019 E.02619
G1 X79.679 Y110.93 E.0116
G1 X79.939 Y110.87 E.01137
G1 X80.282 Y110.832 E.01468
G1 X83.947 Y110.832 E.1558
G1 X84.05 Y110.784 E.00482
G1 X84.082 Y110.697 E.00393
G1 X84.082 Y110.357 E.01446
G1 X84.53 Y110.357 F18000
G1 F3000
G1 X84.53 Y108.854 E.06389
G1 X84.483 Y108.752 E.00482
G1 X84.396 Y108.72 E.00393
G1 X80.278 Y108.72 E.17508
G1 X79.985 Y108.686 E.01252
G1 X79.537 Y108.539 E.02004
G1 X79.417 Y108.478 E.00572
G1 X79.137 Y108.284 E.01448
G1 X78.854 Y107.975 E.01781
G1 X78.72 Y107.748 E.01121
G1 X78.615 Y107.485 E.01203
G1 X78.53 Y106.972 E.02212
G1 X78.53 Y91.016 E.67832
G1 X78.565 Y90.721 E.01265
G1 X78.65 Y90.414 E.01354
G1 X78.879 Y89.992 E.02042
G1 X79 Y89.835 E.00842
G1 X79.237 Y89.624 E.01346
G1 X79.57 Y89.428 E.01644
G1 X79.862 Y89.332 E.01309
G1 X80.142 Y89.295 E.012
G1 X80.493 Y89.312 E.01492
G1 X80.925 Y89.436 E.01911
G1 X81.047 Y89.494 E.00575
G1 X81.327 Y89.678 E.01425
G1 X81.621 Y89.97 E.01762
G1 X81.964 Y90.494 E.02662
G1 X82.125 Y90.694 E.01092
G1 X82.503 Y91.035 E.02163
G1 X82.743 Y91.192 E.01218
G1 X82.979 Y91.311 E.01125
G1 X83.225 Y91.405 E.0112
G1 X83.481 Y91.473 E.01124
G1 X83.728 Y91.512 E.01065
G1 X83.993 Y91.527 E.01129
G1 X84.243 Y91.515 E.01064
G1 X84.532 Y91.47 E.0124
G1 X85.003 Y91.319 E.02103
G1 X85.269 Y91.185 E.01267
G1 X85.67 Y90.896 E.02104
G1 X85.896 Y90.67 E.01355
G1 X86.174 Y90.287 E.02014
G1 X86.316 Y90.009 E.01326
G1 X86.405 Y89.776 E.0106
G1 X86.47 Y89.532 E.01075
G1 X86.526 Y89.027 E.0216
G1 X86.511 Y88.716 E.01323
G1 X86.468 Y88.457 E.01117
G1 X86.397 Y88.202 E.01125
G1 X86.306 Y87.968 E.01068
G1 X86.192 Y87.742 E.01075
G1 X85.895 Y87.33 E.0216
G1 X85.67 Y87.105 E.01352
G1 X85.258 Y86.808 E.0216
G1 X85.032 Y86.694 E.01075
G1 X84.8 Y86.603 E.0106
G1 X84.505 Y86.524 E.01298
G1 X84.257 Y86.486 E.01065
G1 X84.007 Y86.473 E.01068
G1 X83.501 Y86.523 E.02161
G1 X83.205 Y86.602 E.013
G1 X82.741 Y86.809 E.02159
G1 X82.503 Y86.965 E.01211
G1 X82.126 Y87.305 E.02159
G1 X81.963 Y87.507 E.01104
G1 X81.693 Y87.937 E.02158
G1 X81.395 Y88.269 E.01895
G1 X81.017 Y88.524 E.01936
G1 X80.682 Y88.654 E.01529
G1 X80.553 Y88.681 E.00563
G1 X80.16 Y88.709 E.01674
G1 X80.021 Y88.7 E.00592
G1 X79.759 Y88.639 E.01143
G1 X79.579 Y88.57 E.00821
G1 X79.264 Y88.39 E.01542
G1 X79.114 Y88.271 E.00813
G1 X78.884 Y88.016 E.0146
G1 X78.756 Y87.81 E.01032
G1 X78.583 Y87.362 E.02039
G1 X78.53 Y86.974 E.01667
G1 X78.555 Y80.983 E.2547
G1 X78.591 Y80.72 E.01127
G1 X78.704 Y80.316 E.01784
G1 X78.903 Y79.89 E.01997
G1 X79.161 Y79.522 E.01911
G1 X79.533 Y79.153 E.02227
G1 X79.878 Y78.912 E.0179
G1 X80.309 Y78.706 E.02033
G1 X80.725 Y78.588 E.01837
G1 X81.27 Y78.53 E.02328
G1 X138.727 Y78.53 E2.4427
G1 X139.324 Y78.602 E.02558
G1 X139.86 Y78.779 E.024
G1 X140.348 Y79.062 E.02398
G1 X140.751 Y79.42 E.02289
G1 X141.028 Y79.781 E.01934
G1 X141.275 Y80.266 E.02314
G1 X141.419 Y80.775 E.0225
G1 X141.47 Y81.263 E.02086
G1 X141.47 Y86.984 E.24321
G1 X141.435 Y87.279 E.01265
G1 X141.348 Y87.591 E.01379
G1 X141.069 Y88.083 E.02402
G1 X140.936 Y88.23 E.00844
G1 X140.688 Y88.43 E.01354
G1 X140.541 Y88.519 E.00731
G1 X140.312 Y88.621 E.01064
G1 X140.192 Y88.655 E.0053
G1 X139.783 Y88.709 E.01752
G1 X139.595 Y88.7 E.00802
G1 X139.342 Y88.655 E.01092
G1 X138.912 Y88.483 E.01969
G1 X138.648 Y88.304 E.01355
G1 X138.379 Y88.03 E.01631
G1 X138.036 Y87.506 E.02666
G1 X137.875 Y87.306 E.01092
G1 X137.497 Y86.965 E.02161
G1 X137.269 Y86.815 E.01161
G1 X137.045 Y86.699 E.01072
G1 X136.8 Y86.603 E.01119
G1 X136.52 Y86.527 E.01233
G1 X136.016 Y86.474 E.02156
G1 X135.731 Y86.488 E.01214
G1 X135.213 Y86.599 E.02251
G1 X134.978 Y86.689 E.01068
G1 X134.754 Y86.802 E.01069
G1 X134.508 Y86.961 E.01244
G1 X134.304 Y87.127 E.0112
G1 X134.118 Y87.314 E.0112
G1 X133.96 Y87.509 E.01069
G1 X133.822 Y87.719 E.01065
G1 X133.684 Y87.991 E.01298
G1 X133.595 Y88.224 E.0106
G1 X133.53 Y88.468 E.01075
G1 X133.473 Y88.995 E.0225
G1 X133.491 Y89.291 E.01261
G1 X133.599 Y89.786 E.02156
G1 X133.689 Y90.022 E.01072
G1 X133.801 Y90.245 E.01064
G1 X133.968 Y90.501 E.01298
G1 X134.126 Y90.695 E.01061
G1 X134.304 Y90.874 E.01075
G1 X134.714 Y91.174 E.0216
G1 X134.997 Y91.319 E.01354
G1 X135.468 Y91.47 E.02103
G1 X135.756 Y91.515 E.01237
G1 X136.019 Y91.527 E.01119
G1 X136.271 Y91.512 E.01072
G1 X136.519 Y91.473 E.0107
G1 X136.775 Y91.405 E.01124
G1 X137.021 Y91.311 E.0112
G1 X137.257 Y91.192 E.01125
G1 X137.497 Y91.035 E.01218
G1 X137.875 Y90.694 E.02163
G1 X138.036 Y90.495 E.01091
G1 X138.375 Y89.975 E.0264
G1 X138.706 Y89.649 E.01974
G1 X138.99 Y89.472 E.01421
G1 X139.16 Y89.393 E.00798
G1 X139.574 Y89.299 E.01805
G1 X139.981 Y89.3 E.0173
G1 X140.239 Y89.36 E.01127
G1 X140.511 Y89.474 E.01252
G1 X140.808 Y89.663 E.01498
G1 X140.941 Y89.786 E.00771
G1 X141.222 Y90.14 E.01921
G1 X141.338 Y90.387 E.01158
G1 X141.449 Y90.787 E.01768
G1 X141.47 Y91.011 E.00953
G1 X141.47 Y106.962 E.67815
G1 X141.365 Y107.538 E.02491
G1 X141.267 Y107.765 E.01048
G1 X141.139 Y107.977 E.01053
G1 X140.91 Y108.243 E.01493
G1 X140.811 Y108.327 E.00553
G1 X140.437 Y108.556 E.01861
G1 X140.229 Y108.631 E.00942
G1 X139.954 Y108.694 E.01201
G1 X139.725 Y108.72 E.00979
G1 X135.604 Y108.72 E.17519
G1 X135.502 Y108.767 E.00482
G1 X135.47 Y108.854 E.00393
G1 X135.47 Y111.146 E.09742
G1 X135.517 Y111.248 E.00482
G1 X135.604 Y111.28 E.00393
G1 X139.722 Y111.28 E.17508
G1 X140.015 Y111.314 E.01252
G1 X140.463 Y111.461 E.02004
G1 X140.583 Y111.522 E.00572
G1 X140.863 Y111.716 E.01448
G1 X141.146 Y112.025 E.01781
G1 X141.28 Y112.252 E.01121
G1 X141.385 Y112.515 E.01203
G1 X141.47 Y113.028 E.02212
G1 X141.47 Y128.984 E.67832
G1 X141.435 Y129.279 E.01265
G1 X141.35 Y129.586 E.01354
G1 X141.121 Y130.008 E.02042
G1 X141 Y130.165 E.00842
G1 X140.763 Y130.376 E.01346
G1 X140.43 Y130.572 E.01644
G1 X140.138 Y130.668 E.01309
G1 X139.858 Y130.705 E.012
G1 X139.507 Y130.688 E.01492
G1 X139.075 Y130.564 E.01911
G1 X138.953 Y130.506 E.00575
G1 X138.673 Y130.322 E.01425
G1 X138.379 Y130.03 E.01762
G1 X138.036 Y129.506 E.02662
G1 X137.875 Y129.306 E.01092
G1 X137.497 Y128.965 E.02163
G1 X137.257 Y128.808 E.01218
G1 X137.021 Y128.689 E.01125
G1 X136.775 Y128.595 E.0112
G1 X136.519 Y128.527 E.01124
G1 X136.272 Y128.488 E.01065
G1 X136.007 Y128.473 E.01129
G1 X135.757 Y128.485 E.01064
G1 X135.468 Y128.53 E.0124
G1 X134.997 Y128.681 E.02103
G1 X134.731 Y128.815 E.01267
G1 X134.33 Y129.104 E.02104
G1 X134.104 Y129.33 E.01355
G1 X133.826 Y129.713 E.02014
G1 X133.684 Y129.991 E.01326
G1 X133.595 Y130.224 E.0106
G1 X133.53 Y130.468 E.01075
G1 X133.473 Y130.995 E.0225
G1 X133.489 Y131.284 E.01232
G1 X133.532 Y131.543 E.01117
G1 X133.603 Y131.798 E.01125
G1 X133.694 Y132.032 E.01068
G1 X133.808 Y132.258 E.01075
G1 X134.119 Y132.687 E.02251
G1 X134.33 Y132.895 E.01261
G1 X134.742 Y133.192 E.0216
G1 X134.968 Y133.306 E.01075
G1 X135.214 Y133.401 E.01122
G1 X135.481 Y133.473 E.01175
G1 X135.729 Y133.512 E.01067
G1 X136.014 Y133.526 E.01215
G1 X136.52 Y133.473 E.02163
G1 X136.795 Y133.398 E.01211
G1 X137.259 Y133.191 E.02159
G1 X137.497 Y133.035 E.01211
G1 X137.875 Y132.695 E.02161
G1 X138.027 Y132.506 E.01032
G1 X138.359 Y131.991 E.02603
G1 X138.539 Y131.792 E.0114
G1 X138.842 Y131.556 E.01633
G1 X139.257 Y131.362 E.01946
G1 X139.47 Y131.312 E.0093
G1 X139.728 Y131.287 E.01103
G1 X140.122 Y131.33 E.01687
G1 X140.25 Y131.366 E.00564
G1 X140.661 Y131.56 E.01934
G1 X140.936 Y131.779 E.01493
G1 X141.117 Y131.984 E.0116
G1 X141.234 Y132.167 E.00927
G1 X141.358 Y132.437 E.01261
G1 X141.416 Y132.636 E.00884
G1 X141.47 Y133.021 E.01652
G1 X141.462 Y138.864 E.2484
G1 X141.392 Y139.355 E.02106
G1 X141.219 Y139.865 E.02291
G1 X140.938 Y140.349 E.02379
G1 X140.58 Y140.751 E.02288
G1 X140.218 Y141.029 E.0194
G1 X139.726 Y141.277 E.02343
G1 X139.199 Y141.424 E.02329
G1 X138.731 Y141.47 E.02
G1 X113.028 Y141.47 E1.09272
G1 X112.735 Y141.436 E.01252
G1 X112.282 Y141.287 E.02025
G1 X111.929 Y141.068 E.0177
G1 X111.669 Y140.805 E.0157
G1 X111.495 Y140.535 E.01368
G1 X111.368 Y140.227 E.01418
G1 X111.306 Y139.954 E.01189
G1 X111.28 Y139.725 E.00979
G1 X111.28 Y135.604 E.17519
G1 X111.233 Y135.502 E.00482
G1 X111.146 Y135.47 E.00393
G1 X109.528 Y135.47 E.06879
G1 X109.234 Y135.436 E.01255
G1 X108.895 Y135.328 E.01514
G1 X108.783 Y135.342 E.00482
G1 X108.72 Y135.456 E.00553
G1 X108.72 Y139.72 E.18128
G1 X108.658 Y140.128 E.01755
G1 X108.486 Y140.571 E.02019
G1 X108.316 Y140.824 E.01296
G1 X108.16 Y140.994 E.00981
G1 X108.061 Y141.077 E.00548
G1 X107.687 Y141.306 E.01863
G1 X107.479 Y141.381 E.00942
G1 X107.204 Y141.444 E.01201
G1 X106.975 Y141.47 E.00979
G1 X81.273 Y141.47 E1.09267
G1 X80.676 Y141.398 E.02558
G1 X80.14 Y141.221 E.024
G1 X79.652 Y140.938 E.02398
G1 X79.249 Y140.58 E.02289
G1 X78.972 Y140.219 E.01934
G1 X78.725 Y139.734 E.02314
G1 X78.581 Y139.225 E.0225
G1 X78.53 Y138.737 E.02086
G1 X78.53 Y133.016 E.24321
G1 X78.565 Y132.721 E.01265
G1 X78.652 Y132.409 E.01379
G1 X78.931 Y131.917 E.02402
G1 X79.064 Y131.77 E.00844
G1 X79.312 Y131.57 E.01354
G1 X79.459 Y131.481 E.00731
G1 X79.688 Y131.379 E.01064
G1 X79.808 Y131.345 E.0053
G1 X80.217 Y131.291 E.01752
G1 X80.405 Y131.3 E.00802
G1 X80.658 Y131.345 E.01092
G1 X81.088 Y131.517 E.01969
G1 X81.352 Y131.696 E.01355
G1 X81.621 Y131.97 E.01631
G1 X81.964 Y132.494 E.02666
G1 X82.125 Y132.694 E.01092
G1 X82.503 Y133.035 E.02161
G1 X82.731 Y133.185 E.01161
G1 X82.955 Y133.301 E.01072
G1 X83.2 Y133.397 E.01119
G1 X83.48 Y133.473 E.01233
G1 X83.984 Y133.526 E.02156
G1 X84.269 Y133.512 E.01214
G1 X84.787 Y133.401 E.02251
G1 X85.022 Y133.311 E.01068
G1 X85.246 Y133.198 E.01069
G1 X85.492 Y133.039 E.01244
G1 X85.686 Y132.882 E.01061
G1 X85.873 Y132.696 E.0112
G1 X86.04 Y132.491 E.01128
G1 X86.178 Y132.281 E.01065
G1 X86.316 Y132.009 E.01298
G1 X86.405 Y131.776 E.0106
G1 X86.47 Y131.532 E.01075
G1 X86.526 Y131.027 E.0216
G1 X86.509 Y130.709 E.01351
G1 X86.401 Y130.214 E.02156
G1 X86.311 Y129.978 E.01072
G1 X86.199 Y129.755 E.01064
G1 X86.032 Y129.499 E.01298
G1 X85.874 Y129.305 E.01061
G1 X85.696 Y129.126 E.01075
G1 X85.286 Y128.826 E.0216
G1 X85.003 Y128.681 E.01354
G1 X84.552 Y128.535 E.02013
G1 X84.244 Y128.485 E.01327
G1 X83.981 Y128.473 E.01119
G1 X83.729 Y128.488 E.01072
G1 X83.481 Y128.527 E.0107
G1 X83.225 Y128.595 E.01124
G1 X82.979 Y128.689 E.0112
G1 X82.743 Y128.808 E.01125
G1 X82.503 Y128.965 E.01218
G1 X82.125 Y129.306 E.02163
G1 X81.964 Y129.505 E.01091
G1 X81.625 Y130.025 E.0264
G1 X81.294 Y130.351 E.01974
G1 X81.01 Y130.528 E.01421
G1 X80.84 Y130.607 E.00798
G1 X80.426 Y130.701 E.01805
G1 X80.019 Y130.7 E.0173
G1 X79.761 Y130.64 E.01127
G1 X79.49 Y130.527 E.01246
G1 X79.17 Y130.314 E.01637
G1 X78.872 Y130 E.0184
G1 X78.715 Y129.743 E.0128
G1 X78.619 Y129.497 E.01123
G1 X78.54 Y129.078 E.0181
G1 X78.53 Y113.038 E.68192
G1 X78.635 Y112.462 E.02492
G1 X78.733 Y112.235 E.01048
G1 X78.861 Y112.023 E.01053
G1 X79.09 Y111.757 E.01492
G1 X79.189 Y111.673 E.00553
G1 X79.563 Y111.444 E.01861
G1 X79.771 Y111.369 E.00942
G1 X80.046 Y111.306 E.01201
G1 X80.275 Y111.28 E.00979
G1 X84.396 Y111.28 E.17519
G1 X84.498 Y111.233 E.00482
G1 X84.53 Y111.146 E.00393
G1 X84.53 Y110.417 E.03098
G1 X84.979 Y110.417 F18000
G1 F3000
G1 X84.979 Y108.406 E.08551
G1 X84.931 Y108.303 E.00482
G1 X84.844 Y108.271 E.00393
G1 X80.27 Y108.271 E.19448
G1 X80.033 Y108.24 E.01016
G1 X79.68 Y108.114 E.0159
G1 X79.387 Y107.911 E.0152
G1 X79.235 Y107.738 E.00976
G1 X79.14 Y107.591 E.00742
G1 X79.029 Y107.312 E.0128
G1 X78.979 Y106.981 E.01422
G1 X78.979 Y91.009 E.67904
G1 X79.01 Y90.772 E.01016
G1 X79.083 Y90.533 E.01061
G1 X79.27 Y90.211 E.01583
G1 X79.348 Y90.117 E.0052
G1 X79.534 Y89.96 E.01033
G1 X79.796 Y89.815 E.01276
G1 X79.987 Y89.762 E.0084
G1 X80.198 Y89.74 E.00904
G1 X80.472 Y89.76 E.01166
G1 X80.793 Y89.864 E.01435
G1 X81.092 Y90.06 E.01521
G1 X81.3 Y90.283 E.01294
G1 X81.602 Y90.761 E.02406
G1 X81.797 Y91.001 E.01314
G1 X82.018 Y91.221 E.01324
G1 X82.25 Y91.408 E.01267
G1 X82.512 Y91.578 E.01328
G1 X82.79 Y91.719 E.01326
G1 X83.08 Y91.83 E.01319
G1 X83.38 Y91.911 E.01323
G1 X83.688 Y91.96 E.01325
G1 X84 Y91.976 E.01327
G1 X84.297 Y91.961 E.01266
G1 X84.633 Y91.908 E.01444
G1 X84.92 Y91.831 E.01266
G1 X85.198 Y91.725 E.01264
G1 X85.5 Y91.571 E.01443
G1 X85.75 Y91.408 E.01266
G1 X85.981 Y91.221 E.01264
G1 X86.221 Y90.981 E.01441
G1 X86.408 Y90.75 E.01264
G1 X86.571 Y90.5 E.01266
G1 X86.725 Y90.198 E.01443
G1 X86.835 Y89.907 E.01323
G1 X86.911 Y89.619 E.01269
G1 X86.959 Y89.324 E.01268
G1 X86.976 Y89.014 E.01321
G1 X86.958 Y88.675 E.01441
G1 X86.908 Y88.368 E.01322
G1 X86.827 Y88.068 E.01325
G1 X86.714 Y87.777 E.01325
G1 X86.577 Y87.512 E.01269
G1 X86.416 Y87.261 E.01268
G1 X86.221 Y87.019 E.01322
G1 X85.981 Y86.779 E.01441
G1 X85.739 Y86.584 E.01322
G1 X85.488 Y86.423 E.01268
G1 X85.223 Y86.286 E.01269
G1 X84.933 Y86.174 E.01323
G1 X84.605 Y86.086 E.01443
G1 X84.311 Y86.04 E.01267
G1 X83.999 Y86.024 E.01325
G1 X83.689 Y86.04 E.01322
G1 X83.394 Y86.086 E.01268
G1 X83.08 Y86.17 E.01384
G1 X82.789 Y86.281 E.01321
G1 X82.524 Y86.416 E.01267
G1 X82.25 Y86.593 E.01385
G1 X82.008 Y86.788 E.01322
G1 X81.797 Y86.998 E.01267
G1 X81.602 Y87.239 E.01317
G1 X81.307 Y87.709 E.02358
G1 X81.064 Y87.966 E.01505
G1 X80.769 Y88.15 E.01476
G1 X80.529 Y88.233 E.0108
G1 X80.119 Y88.263 E.01751
G1 X79.928 Y88.223 E.00829
G1 X79.729 Y88.147 E.00904
G1 X79.49 Y88.003 E.01187
G1 X79.403 Y87.927 E.0049
G1 X79.258 Y87.77 E.00908
G1 X79.173 Y87.645 E.00646
G1 X79.028 Y87.301 E.01585
G1 X78.979 Y86.985 E.0136
G1 X79.004 Y80.976 E.25548
G1 X79.02 Y80.85 E.00537
G1 X79.139 Y80.427 E.01871
G1 X79.309 Y80.079 E.01645
G1 X79.529 Y79.778 E.01583
G1 X79.78 Y79.527 E.0151
G1 X80.144 Y79.273 E.01886
G1 X80.502 Y79.111 E.01675
G1 X80.848 Y79.02 E.01519
G1 X81.263 Y78.979 E.01771
G1 X138.735 Y78.979 E2.44335
G1 X139.183 Y79.027 E.01916
G1 X139.633 Y79.166 E.02004
G1 X140.048 Y79.395 E.02015
G1 X140.395 Y79.693 E.01943
G1 X140.628 Y79.983 E.01583
G1 X140.843 Y80.386 E.0194
G1 X140.972 Y80.813 E.01899
G1 X141.021 Y81.256 E.01895
G1 X141.021 Y86.991 E.24384
G1 X140.99 Y87.228 E.01016
G1 X140.917 Y87.467 E.01061
G1 X140.73 Y87.789 E.01583
G1 X140.652 Y87.883 E.0052
G1 X140.464 Y88.041 E.01043
G1 X140.302 Y88.139 E.00806
G1 X140.133 Y88.21 E.00778
G1 X139.794 Y88.261 E.01455
G1 X139.682 Y88.26 E.00478
G1 X139.407 Y88.211 E.01187
G1 X139.082 Y88.069 E.01506
G1 X138.908 Y87.94 E.00922
G1 X138.7 Y87.717 E.01294
G1 X138.398 Y87.239 E.02406
G1 X138.203 Y86.999 E.01314
G1 X137.982 Y86.779 E.01324
G1 X137.75 Y86.593 E.01264
G1 X137.488 Y86.423 E.01327
G1 X137.223 Y86.286 E.01269
G1 X136.933 Y86.174 E.01323
G1 X136.605 Y86.086 E.01441
G1 X136.298 Y86.039 E.01322
G1 X136.001 Y86.024 E.01264
G1 X135.676 Y86.041 E.01385
G1 X135.381 Y86.089 E.01268
G1 X135.081 Y86.169 E.01322
G1 X134.79 Y86.281 E.01325
G1 X134.524 Y86.416 E.01269
G1 X134.25 Y86.593 E.01386
G1 X134.008 Y86.789 E.01323
G1 X133.789 Y87.008 E.01319
G1 X133.592 Y87.25 E.01325
G1 X133.429 Y87.5 E.01266
G1 X133.275 Y87.802 E.01443
G1 X133.165 Y88.093 E.01323
G1 X133.089 Y88.381 E.01269
G1 X133.041 Y88.676 E.01268
G1 X133.024 Y88.986 E.01321
G1 X133.042 Y89.325 E.01441
G1 X133.092 Y89.632 E.01322
G1 X133.169 Y89.919 E.01265
G1 X133.281 Y90.21 E.01327
G1 X133.415 Y90.476 E.01266
G1 X133.6 Y90.761 E.01443
G1 X133.797 Y91.002 E.01323
G1 X134.009 Y91.212 E.01268
G1 X134.24 Y91.4 E.01267
G1 X134.5 Y91.571 E.01322
G1 X134.802 Y91.725 E.01441
G1 X135.08 Y91.831 E.01264
G1 X135.367 Y91.908 E.01266
G1 X135.703 Y91.961 E.01443
G1 X136.013 Y91.976 E.01323
G1 X136.311 Y91.96 E.01268
G1 X136.62 Y91.911 E.01327
G1 X136.92 Y91.83 E.01323
G1 X137.21 Y91.719 E.01319
G1 X137.488 Y91.578 E.01326
G1 X137.75 Y91.408 E.01328
G1 X137.982 Y91.221 E.01267
G1 X138.203 Y91.001 E.01324
G1 X138.398 Y90.761 E.01316
G1 X138.693 Y90.291 E.02358
G1 X138.936 Y90.034 E.01505
G1 X139.234 Y89.848 E.01494
G1 X139.341 Y89.803 E.00493
G1 X139.579 Y89.747 E.01038
G1 X139.879 Y89.737 E.01276
G1 X140.072 Y89.777 E.00839
G1 X140.271 Y89.853 E.00904
G1 X140.51 Y89.997 E.01187
G1 X140.595 Y90.071 E.00478
G1 X140.817 Y90.333 E.01459
G1 X140.907 Y90.51 E.00844
G1 X141.002 Y90.824 E.01396
G1 X141.021 Y91.004 E.00772
G1 X141.021 Y106.974 E.67893
G1 X140.952 Y107.364 E.01682
G1 X140.889 Y107.524 E.00733
G1 X140.749 Y107.753 E.0114
G1 X140.574 Y107.947 E.01111
G1 X140.281 Y108.135 E.01478
G1 X140.138 Y108.192 E.00656
G1 X139.847 Y108.258 E.01269
G1 X139.733 Y108.271 E.00489
G1 X135.156 Y108.271 E.19457
G1 X135.053 Y108.319 E.00482
G1 X135.021 Y108.406 E.00393
G1 X135.021 Y111.594 E.13555
G1 X135.069 Y111.697 E.00482
G1 X135.156 Y111.729 E.00393
G1 X139.73 Y111.729 E.19448
G1 X139.967 Y111.76 E.01016
G1 X140.32 Y111.886 E.0159
G1 X140.613 Y112.089 E.0152
G1 X140.765 Y112.262 E.00976
G1 X140.86 Y112.409 E.00742
G1 X140.971 Y112.688 E.0128
G1 X141.021 Y113.019 E.01423
G1 X141.021 Y128.991 E.67904
G1 X140.99 Y129.228 E.01016
G1 X140.917 Y129.467 E.01061
G1 X140.73 Y129.789 E.01583
G1 X140.652 Y129.883 E.0052
G1 X140.466 Y130.04 E.01033
G1 X140.204 Y130.185 E.01276
G1 X140.013 Y130.238 E.0084
G1 X139.802 Y130.26 E.00904
G1 X139.528 Y130.24 E.01166
G1 X139.207 Y130.136 E.01435
G1 X138.908 Y129.94 E.01521
G1 X138.7 Y129.717 E.01294
G1 X138.398 Y129.239 E.02406
G1 X138.203 Y128.999 E.01314
G1 X137.982 Y128.779 E.01324
G1 X137.75 Y128.592 E.01267
G1 X137.488 Y128.422 E.01328
G1 X137.21 Y128.281 E.01326
G1 X136.92 Y128.17 E.01319
G1 X136.62 Y128.089 E.01323
G1 X136.312 Y128.04 E.01325
G1 X136 Y128.024 E.01327
G1 X135.703 Y128.039 E.01266
G1 X135.367 Y128.092 E.01444
G1 X135.08 Y128.169 E.01266
G1 X134.802 Y128.275 E.01264
G1 X134.5 Y128.429 E.01443
G1 X134.25 Y128.592 E.01266
G1 X134.019 Y128.779 E.01264
G1 X133.779 Y129.019 E.01441
G1 X133.592 Y129.25 E.01264
G1 X133.429 Y129.5 E.01266
G1 X133.275 Y129.802 E.01443
G1 X133.165 Y130.093 E.01323
G1 X133.089 Y130.381 E.01269
G1 X133.041 Y130.676 E.01268
G1 X133.024 Y130.986 E.01321
G1 X133.042 Y131.325 E.01441
G1 X133.092 Y131.632 E.01322
G1 X133.173 Y131.932 E.01325
G1 X133.286 Y132.223 E.01325
G1 X133.423 Y132.488 E.01269
G1 X133.584 Y132.739 E.01268
G1 X133.779 Y132.981 E.01322
G1 X134.019 Y133.221 E.01441
G1 X134.261 Y133.416 E.01322
G1 X134.512 Y133.577 E.01268
G1 X134.777 Y133.714 E.01269
G1 X135.067 Y133.826 E.01323
G1 X135.395 Y133.914 E.01443
G1 X135.689 Y133.96 E.01267
G1 X136.001 Y133.976 E.01325
G1 X136.311 Y133.96 E.01322
G1 X136.606 Y133.914 E.01268
G1 X136.92 Y133.83 E.01384
G1 X137.211 Y133.719 E.01321
G1 X137.476 Y133.584 E.01267
G1 X137.75 Y133.407 E.01385
G1 X137.992 Y133.212 E.01322
G1 X138.203 Y133.002 E.01267
G1 X138.388 Y132.774 E.01247
G1 X138.695 Y132.289 E.02441
G1 X138.822 Y132.14 E.00832
G1 X139.036 Y131.96 E.01189
G1 X139.346 Y131.802 E.0148
G1 X139.581 Y131.747 E.01027
G1 X139.77 Y131.733 E.00806
G1 X140.067 Y131.775 E.01272
G1 X140.381 Y131.91 E.01457
G1 X140.6 Y132.076 E.01166
G1 X140.742 Y132.23 E.0089
G1 X140.827 Y132.355 E.00645
G1 X140.931 Y132.571 E.01016
G1 X140.972 Y132.698 E.0057
G1 X141.021 Y133.012 E.0135
G1 X141.018 Y138.803 E.24619
G1 X140.968 Y139.211 E.01748
G1 X140.833 Y139.638 E.01903
G1 X140.605 Y140.048 E.01997
G1 X140.307 Y140.395 E.01941
G1 X140.017 Y140.628 E.01585
G1 X139.609 Y140.845 E.0196
G1 X139.163 Y140.977 E.01979
G1 X138.737 Y141.021 E.01821
G1 X113.02 Y141.021 E1.09333
G1 X112.783 Y140.99 E.01016
G1 X112.428 Y140.863 E.01603
G1 X112.237 Y140.743 E.00958
G1 X112.053 Y140.574 E.01061
G1 X111.865 Y140.281 E.0148
G1 X111.808 Y140.138 E.00656
G1 X111.742 Y139.847 E.01268
G1 X111.729 Y139.733 E.00489
G1 X111.729 Y135.156 E.19458
G1 X111.681 Y135.053 E.00482
G1 X111.594 Y135.021 E.00393
G1 X109.52 Y135.021 E.08819
G1 X109.283 Y134.99 E.01016
G1 X108.93 Y134.864 E.0159
G1 X108.636 Y134.66 E.01521
G1 X108.507 Y134.514 E.00833
G1 X108.403 Y134.468 E.00482
G1 X108.301 Y134.518 E.00482
G1 X108.271 Y134.603 E.00381
G1 X108.271 Y139.73 E.21798
G1 X108.24 Y139.967 E.01016
G1 X108.113 Y140.322 E.01603
G1 X107.993 Y140.513 E.00958
G1 X107.824 Y140.697 E.01061
G1 X107.531 Y140.885 E.0148
G1 X107.388 Y140.942 E.00656
G1 X107.097 Y141.008 E.01269
G1 X106.983 Y141.021 E.00489
G1 X81.265 Y141.021 E1.09334
G1 X80.817 Y140.973 E.01916
G1 X80.367 Y140.834 E.02004
G1 X79.952 Y140.605 E.02015
G1 X79.605 Y140.307 E.01943
G1 X79.372 Y140.017 E.01583
G1 X79.157 Y139.614 E.0194
G1 X79.028 Y139.187 E.01899
G1 X78.979 Y138.744 E.01895
G1 X78.979 Y133.009 E.24384
G1 X79.01 Y132.772 E.01016
G1 X79.083 Y132.533 E.01061
G1 X79.27 Y132.211 E.01583
G1 X79.348 Y132.117 E.0052
G1 X79.536 Y131.959 E.01043
G1 X79.698 Y131.861 E.00806
G1 X79.867 Y131.79 E.00778
G1 X80.206 Y131.739 E.01455
G1 X80.318 Y131.74 E.00478
G1 X80.593 Y131.789 E.01187
G1 X80.918 Y131.931 E.01506
G1 X81.092 Y132.06 E.00922
G1 X81.3 Y132.283 E.01294
G1 X81.602 Y132.761 E.02406
G1 X81.797 Y133.001 E.01314
G1 X82.018 Y133.221 E.01324
G1 X82.25 Y133.407 E.01264
G1 X82.512 Y133.577 E.01327
G1 X82.777 Y133.714 E.01269
G1 X83.067 Y133.826 E.01323
G1 X83.395 Y133.914 E.01441
G1 X83.702 Y133.961 E.01322
G1 X83.999 Y133.976 E.01264
G1 X84.324 Y133.959 E.01385
G1 X84.619 Y133.911 E.01268
G1 X84.919 Y133.831 E.01322
G1 X85.21 Y133.719 E.01325
G1 X85.476 Y133.584 E.01269
G1 X85.75 Y133.407 E.01386
G1 X85.992 Y133.211 E.01323
G1 X86.211 Y132.992 E.01319
G1 X86.408 Y132.75 E.01325
G1 X86.571 Y132.5 E.01266
G1 X86.725 Y132.198 E.01443
G1 X86.835 Y131.907 E.01323
G1 X86.911 Y131.619 E.01269
G1 X86.959 Y131.324 E.01268
G1 X86.976 Y131.014 E.01321
G1 X86.958 Y130.675 E.01441
G1 X86.908 Y130.368 E.01322
G1 X86.831 Y130.081 E.01265
G1 X86.719 Y129.79 E.01327
G1 X86.585 Y129.524 E.01266
G1 X86.4 Y129.239 E.01443
G1 X86.203 Y128.998 E.01323
G1 X85.991 Y128.788 E.01268
G1 X85.76 Y128.6 E.01267
G1 X85.5 Y128.429 E.01322
G1 X85.198 Y128.275 E.01441
G1 X84.92 Y128.169 E.01264
G1 X84.633 Y128.092 E.01266
G1 X84.297 Y128.039 E.01443
G1 X83.987 Y128.024 E.01323
G1 X83.689 Y128.04 E.01268
G1 X83.38 Y128.089 E.01327
G1 X83.08 Y128.17 E.01323
G1 X82.79 Y128.281 E.01319
G1 X82.512 Y128.422 E.01326
G1 X82.25 Y128.592 E.01328
G1 X82.018 Y128.779 E.01267
G1 X81.797 Y128.999 E.01324
G1 X81.602 Y129.239 E.01316
G1 X81.307 Y129.709 E.02358
G1 X81.064 Y129.966 E.01505
G1 X80.766 Y130.152 E.01494
G1 X80.659 Y130.197 E.00493
G1 X80.421 Y130.253 E.01038
G1 X80.121 Y130.263 E.01276
G1 X79.928 Y130.223 E.00839
G1 X79.729 Y130.147 E.00904
G1 X79.494 Y130.005 E.01166
G1 X79.255 Y129.766 E.01441
G1 X79.129 Y129.571 E.00984
G1 X79.059 Y129.408 E.00755
G1 X78.989 Y129.091 E.01384
G1 X78.979 Y113.026 E.68297
G1 X79.048 Y112.636 E.01682
G1 X79.111 Y112.476 E.00733
G1 X79.251 Y112.247 E.0114
G1 X79.426 Y112.053 E.01111
G1 X79.719 Y111.865 E.01478
G1 X79.862 Y111.808 E.00656
G1 X80.153 Y111.742 E.01268
G1 X80.267 Y111.729 E.00489
G1 X84.844 Y111.729 E.19458
G1 X84.947 Y111.681 E.00482
G1 X84.979 Y111.594 E.00393
G1 X84.979 Y110.477 E.04749
G1 X85.427 Y110.477 F18000
G1 F3000
G1 X85.427 Y107.957 E.10712
G1 X85.38 Y107.855 E.00482
G1 X85.293 Y107.823 E.00393
G1 X80.261 Y107.823 E.21392
G1 X80.098 Y107.796 E.00703
G1 X79.924 Y107.738 E.00779
G1 X79.716 Y107.607 E.01044
G1 X79.618 Y107.505 E.00604
G1 X79.511 Y107.338 E.00841
G1 X79.45 Y107.16 E.00803
G1 X79.427 Y106.991 E.00723
G1 X79.427 Y91 E.67985
G1 X79.454 Y90.836 E.00703
G1 X79.512 Y90.663 E.00776
G1 X79.65 Y90.449 E.01083
G1 X79.758 Y90.348 E.00631
G1 X79.938 Y90.239 E.00894
G1 X80.024 Y90.21 E.00384
G1 X80.258 Y90.185 E.01002
G1 X80.425 Y90.205 E.00717
G1 X80.643 Y90.286 E.00988
G1 X80.835 Y90.428 E.01015
G1 X80.963 Y90.578 E.00837
G1 X81.239 Y91.028 E.02243
G1 X81.459 Y91.298 E.01479
G1 X81.713 Y91.551 E.01524
G1 X81.992 Y91.776 E.01524
G1 X82.281 Y91.963 E.01465
G1 X82.6 Y92.127 E.01525
G1 X82.948 Y92.26 E.01584
G1 X83.295 Y92.352 E.01524
G1 X83.649 Y92.408 E.01525
G1 X84.007 Y92.426 E.01524
G1 X84.351 Y92.408 E.01464
G1 X84.719 Y92.349 E.01585
G1 X85.052 Y92.26 E.01465
G1 X85.387 Y92.132 E.01524
G1 X85.719 Y91.963 E.01584
G1 X86.008 Y91.776 E.01465
G1 X86.287 Y91.551 E.01524
G1 X86.551 Y91.287 E.01584
G1 X86.776 Y91.008 E.01524
G1 X86.963 Y90.719 E.01465
G1 X87.132 Y90.387 E.01584
G1 X87.26 Y90.052 E.01524
G1 X87.349 Y89.719 E.01465
G1 X87.406 Y89.365 E.01525
G1 X87.426 Y89.007 E.01524
G1 X87.406 Y88.635 E.01584
G1 X87.349 Y88.281 E.01525
G1 X87.256 Y87.935 E.01524
G1 X87.127 Y87.6 E.01524
G1 X86.97 Y87.293 E.01465
G1 X86.776 Y86.992 E.01525
G1 X86.551 Y86.713 E.01524
G1 X86.287 Y86.449 E.01584
G1 X86.008 Y86.224 E.01524
G1 X85.707 Y86.03 E.01525
G1 X85.4 Y85.873 E.01465
G1 X85.065 Y85.744 E.01524
G1 X84.705 Y85.648 E.01584
G1 X84.365 Y85.594 E.01465
G1 X84.007 Y85.574 E.01524
G1 X83.635 Y85.594 E.01584
G1 X83.295 Y85.648 E.01465
G1 X82.948 Y85.74 E.01524
G1 X82.6 Y85.873 E.01584
G1 X82.293 Y86.03 E.01465
G1 X81.992 Y86.224 E.01525
G1 X81.702 Y86.459 E.01584
G1 X81.459 Y86.702 E.01465
G1 X81.239 Y86.972 E.01479
G1 X80.962 Y87.423 E.02249
G1 X80.875 Y87.53 E.00588
G1 X80.752 Y87.645 E.00716
G1 X80.541 Y87.764 E.01029
G1 X80.397 Y87.805 E.00635
G1 X80.188 Y87.82 E.00894
G1 X80.098 Y87.808 E.00384
G1 X79.878 Y87.724 E.01002
G1 X79.738 Y87.629 E.00717
G1 X79.581 Y87.459 E.00983
G1 X79.47 Y87.227 E.01097
G1 X79.427 Y86.998 E.00991
G1 X79.452 Y80.969 E.25628
G1 X79.541 Y80.624 E.01514
G1 X79.673 Y80.342 E.01326
G1 X79.838 Y80.103 E.01234
G1 X80.105 Y79.836 E.01605
G1 X80.399 Y79.642 E.01496
G1 X80.686 Y79.52 E.01326
G1 X80.961 Y79.454 E.01202
G1 X81.256 Y79.427 E.0126
G1 X138.742 Y79.427 E2.44394
G1 X139.142 Y79.474 E.01712
G1 X139.502 Y79.594 E.01612
G1 X139.83 Y79.787 E.01618
G1 X140.102 Y80.032 E.01555
G1 X140.277 Y80.262 E.01229
G1 X140.448 Y80.598 E.01605
G1 X140.543 Y80.941 E.01512
G1 X140.573 Y81.249 E.01314
G1 X140.573 Y87 E.24453
G1 X140.546 Y87.164 E.00703
G1 X140.488 Y87.337 E.00776
G1 X140.35 Y87.551 E.01083
G1 X140.242 Y87.652 E.00631
G1 X140.062 Y87.761 E.00894
G1 X139.976 Y87.79 E.00384
G1 X139.742 Y87.815 E.01002
G1 X139.575 Y87.795 E.00717
G1 X139.357 Y87.714 E.00988
G1 X139.165 Y87.572 E.01015
G1 X139.037 Y87.422 E.00837
G1 X138.761 Y86.972 E.02243
G1 X138.541 Y86.702 E.01479
G1 X138.287 Y86.449 E.01524
G1 X138.008 Y86.224 E.01524
G1 X137.707 Y86.03 E.01525
G1 X137.4 Y85.873 E.01465
G1 X137.065 Y85.744 E.01524
G1 X136.705 Y85.648 E.01584
G1 X136.351 Y85.592 E.01525
G1 X135.993 Y85.574 E.01524
G1 X135.635 Y85.594 E.01524
G1 X135.295 Y85.648 E.01465
G1 X134.935 Y85.744 E.01584
G1 X134.6 Y85.873 E.01524
G1 X134.293 Y86.03 E.01465
G1 X133.992 Y86.224 E.01525
G1 X133.713 Y86.449 E.01524
G1 X133.449 Y86.713 E.01584
G1 X133.224 Y86.992 E.01524
G1 X133.037 Y87.281 E.01465
G1 X132.868 Y87.613 E.01584
G1 X132.74 Y87.948 E.01524
G1 X132.651 Y88.281 E.01465
G1 X132.594 Y88.635 E.01525
G1 X132.574 Y88.993 E.01524
G1 X132.594 Y89.365 E.01584
G1 X132.651 Y89.719 E.01525
G1 X132.744 Y90.065 E.01524
G1 X132.873 Y90.4 E.01524
G1 X133.03 Y90.707 E.01465
G1 X133.233 Y91.019 E.01584
G1 X133.459 Y91.298 E.01524
G1 X133.702 Y91.541 E.01465
G1 X133.981 Y91.767 E.01524
G1 X134.281 Y91.963 E.01525
G1 X134.613 Y92.132 E.01584
G1 X134.948 Y92.26 E.01524
G1 X135.281 Y92.349 E.01465
G1 X135.649 Y92.408 E.01585
G1 X136.007 Y92.426 E.01524
G1 X136.351 Y92.408 E.01464
G1 X136.705 Y92.352 E.01525
G1 X137.052 Y92.26 E.01524
G1 X137.4 Y92.127 E.01584
G1 X137.719 Y91.963 E.01525
G1 X138.008 Y91.776 E.01465
G1 X138.287 Y91.551 E.01524
G1 X138.541 Y91.298 E.01524
G1 X138.761 Y91.028 E.01479
G1 X139.038 Y90.577 E.02249
G1 X139.125 Y90.47 E.00588
G1 X139.248 Y90.355 E.00716
G1 X139.459 Y90.236 E.01029
G1 X139.603 Y90.195 E.00635
G1 X139.812 Y90.18 E.00894
G1 X139.902 Y90.192 E.00384
G1 X140.122 Y90.276 E.01002
G1 X140.262 Y90.371 E.00717
G1 X140.422 Y90.544 E.01002
G1 X140.48 Y90.648 E.00507
G1 X140.557 Y90.872 E.01005
G1 X140.573 Y90.997 E.0054
G1 X140.573 Y106.986 E.67973
G1 X140.511 Y107.282 E.01283
G1 X140.359 Y107.532 E.01244
G1 X140.257 Y107.63 E.00605
G1 X140.048 Y107.753 E.01027
G1 X139.74 Y107.823 E.01345
G1 X134.707 Y107.823 E.21396
G1 X134.605 Y107.87 E.00482
G1 X134.573 Y107.957 E.00393
G1 X134.573 Y112.043 E.17369
G1 X134.62 Y112.145 E.00482
G1 X134.707 Y112.177 E.00393
G1 X139.739 Y112.177 E.21392
G1 X139.902 Y112.204 E.00703
G1 X140.076 Y112.262 E.00779
G1 X140.284 Y112.393 E.01044
G1 X140.382 Y112.495 E.00604
G1 X140.489 Y112.662 E.00841
G1 X140.55 Y112.84 E.00803
G1 X140.573 Y113.009 E.00723
G1 X140.573 Y129 E.67985
G1 X140.546 Y129.164 E.00703
G1 X140.488 Y129.337 E.00776
G1 X140.35 Y129.551 E.01083
G1 X140.242 Y129.652 E.00631
G1 X140.062 Y129.761 E.00894
G1 X139.976 Y129.79 E.00384
G1 X139.742 Y129.815 E.01002
G1 X139.575 Y129.795 E.00717
G1 X139.357 Y129.714 E.00988
G1 X139.165 Y129.572 E.01015
G1 X139.037 Y129.422 E.00837
G1 X138.761 Y128.972 E.02243
G1 X138.541 Y128.702 E.01479
G1 X138.287 Y128.449 E.01524
G1 X138.008 Y128.224 E.01524
G1 X137.719 Y128.037 E.01465
G1 X137.4 Y127.873 E.01525
G1 X137.052 Y127.74 E.01584
G1 X136.705 Y127.648 E.01524
G1 X136.351 Y127.592 E.01525
G1 X135.993 Y127.574 E.01524
G1 X135.649 Y127.592 E.01464
G1 X135.281 Y127.651 E.01585
G1 X134.948 Y127.74 E.01465
G1 X134.613 Y127.868 E.01524
G1 X134.281 Y128.037 E.01584
G1 X133.992 Y128.224 E.01465
G1 X133.713 Y128.449 E.01524
G1 X133.449 Y128.713 E.01584
G1 X133.224 Y128.992 E.01524
G1 X133.037 Y129.281 E.01465
G1 X132.868 Y129.613 E.01584
G1 X132.74 Y129.948 E.01524
G1 X132.651 Y130.281 E.01465
G1 X132.594 Y130.635 E.01525
G1 X132.574 Y130.993 E.01524
G1 X132.594 Y131.365 E.01584
G1 X132.651 Y131.719 E.01525
G1 X132.744 Y132.065 E.01524
G1 X132.873 Y132.4 E.01524
G1 X133.03 Y132.707 E.01465
G1 X133.224 Y133.008 E.01525
G1 X133.449 Y133.287 E.01524
G1 X133.713 Y133.551 E.01584
G1 X133.992 Y133.776 E.01524
G1 X134.293 Y133.97 E.01525
G1 X134.6 Y134.127 E.01465
G1 X134.935 Y134.256 E.01524
G1 X135.295 Y134.352 E.01584
G1 X135.635 Y134.406 E.01465
G1 X135.993 Y134.426 E.01524
G1 X136.365 Y134.406 E.01584
G1 X136.705 Y134.352 E.01465
G1 X137.052 Y134.26 E.01524
G1 X137.4 Y134.127 E.01584
G1 X137.707 Y133.97 E.01465
G1 X138.008 Y133.776 E.01525
G1 X138.298 Y133.541 E.01584
G1 X138.541 Y133.298 E.01465
G1 X138.761 Y133.028 E.01479
G1 X139.038 Y132.577 E.02249
G1 X139.125 Y132.47 E.00588
G1 X139.248 Y132.355 E.00716
G1 X139.459 Y132.236 E.01029
G1 X139.603 Y132.195 E.00635
G1 X139.812 Y132.18 E.00894
G1 X139.902 Y132.192 E.00384
G1 X140.122 Y132.276 E.01002
G1 X140.262 Y132.371 E.00717
G1 X140.419 Y132.541 E.00984
G1 X140.53 Y132.773 E.01096
G1 X140.573 Y133.001 E.00986
G1 X140.569 Y138.811 E.24698
G1 X140.522 Y139.161 E.01504
G1 X140.405 Y139.503 E.01536
G1 X140.213 Y139.83 E.01611
G1 X139.968 Y140.102 E.01555
G1 X139.738 Y140.277 E.01231
G1 X139.397 Y140.449 E.01623
G1 X139.037 Y140.547 E.01584
G1 X138.744 Y140.573 E.01253
G1 X113.011 Y140.573 E1.09401
G1 X112.848 Y140.546 E.00703
G1 X112.674 Y140.488 E.00779
G1 X112.466 Y140.357 E.01044
G1 X112.37 Y140.257 E.00592
G1 X112.247 Y140.048 E.01027
G1 X112.177 Y139.74 E.01344
G1 X112.177 Y134.707 E.21396
G1 X112.13 Y134.605 E.00482
G1 X112.043 Y134.573 E.00393
G1 X109.511 Y134.573 E.10764
G1 X109.348 Y134.546 E.00703
G1 X109.174 Y134.488 E.00779
G1 X108.966 Y134.357 E.01044
G1 X108.868 Y134.255 E.00604
G1 X108.728 Y134.008 E.01206
G1 X108.677 Y133.737 E.0117
G1 X108.677 Y126.957 E.28825
G1 X108.63 Y126.855 E.00482
G1 X108.543 Y126.823 E.00393
G1 X95.457 Y126.823 E.55631
G1 X95.355 Y126.87 E.00482
G1 X95.323 Y126.957 E.00393
G1 X95.323 Y133.043 E.25871
G1 X95.37 Y133.145 E.00482
G1 X95.457 Y133.177 E.00393
G1 X106.989 Y133.177 E.49026
G1 X107.152 Y133.204 E.00703
G1 X107.326 Y133.262 E.00779
G1 X107.534 Y133.393 E.01044
G1 X107.63 Y133.493 E.00592
G1 X107.753 Y133.702 E.01027
G1 X107.823 Y134.01 E.01345
G1 X107.823 Y139.739 E.24357
G1 X107.796 Y139.902 E.00703
G1 X107.738 Y140.076 E.00779
G1 X107.607 Y140.284 E.01044
G1 X107.507 Y140.38 E.00592
G1 X107.298 Y140.503 E.01027
G1 X106.99 Y140.573 E.01345
G1 X81.258 Y140.573 E1.09397
G1 X80.858 Y140.526 E.01712
G1 X80.498 Y140.406 E.01612
G1 X80.17 Y140.213 E.01618
G1 X79.898 Y139.968 E.01555
G1 X79.723 Y139.738 E.01229
G1 X79.552 Y139.402 E.01605
G1 X79.457 Y139.059 E.01512
G1 X79.427 Y138.751 E.01314
G1 X79.427 Y133 E.24453
G1 X79.454 Y132.837 E.00703
G1 X79.512 Y132.663 E.00776
G1 X79.65 Y132.449 E.01083
G1 X79.758 Y132.348 E.00631
G1 X79.938 Y132.239 E.00894
G1 X80.024 Y132.21 E.00384
G1 X80.258 Y132.185 E.01002
G1 X80.425 Y132.205 E.00717
G1 X80.643 Y132.286 E.00988
G1 X80.835 Y132.428 E.01015
G1 X80.963 Y132.578 E.00837
G1 X81.239 Y133.028 E.02243
G1 X81.459 Y133.298 E.01479
G1 X81.713 Y133.551 E.01524
G1 X81.992 Y133.776 E.01524
G1 X82.293 Y133.97 E.01525
G1 X82.6 Y134.127 E.01465
G1 X82.935 Y134.256 E.01524
G1 X83.295 Y134.352 E.01584
G1 X83.649 Y134.408 E.01525
G1 X84.007 Y134.426 E.01524
G1 X84.365 Y134.406 E.01524
G1 X84.705 Y134.352 E.01465
G1 X85.065 Y134.256 E.01584
G1 X85.4 Y134.127 E.01524
G1 X85.707 Y133.97 E.01465
G1 X86.008 Y133.776 E.01525
G1 X86.287 Y133.551 E.01524
G1 X86.551 Y133.287 E.01584
G1 X86.776 Y133.008 E.01524
G1 X86.963 Y132.719 E.01465
G1 X87.132 Y132.387 E.01584
G1 X87.26 Y132.052 E.01524
G1 X87.349 Y131.719 E.01465
G1 X87.406 Y131.365 E.01525
G1 X87.426 Y131.007 E.01524
G1 X87.406 Y130.635 E.01584
G1 X87.349 Y130.281 E.01525
G1 X87.256 Y129.935 E.01524
G1 X87.127 Y129.6 E.01524
G1 X86.97 Y129.293 E.01465
G1 X86.767 Y128.981 E.01584
G1 X86.541 Y128.702 E.01524
G1 X86.298 Y128.459 E.01465
G1 X86.019 Y128.233 E.01524
G1 X85.719 Y128.037 E.01525
G1 X85.387 Y127.868 E.01584
G1 X85.052 Y127.74 E.01524
G1 X84.719 Y127.651 E.01465
G1 X84.351 Y127.592 E.01585
G1 X83.993 Y127.574 E.01524
G1 X83.649 Y127.592 E.01464
G1 X83.295 Y127.648 E.01525
G1 X82.948 Y127.74 E.01524
G1 X82.6 Y127.873 E.01584
G1 X82.281 Y128.037 E.01525
G1 X81.992 Y128.224 E.01465
G1 X81.713 Y128.449 E.01524
G1 X81.459 Y128.702 E.01524
G1 X81.239 Y128.972 E.01479
G1 X80.962 Y129.423 E.02249
G1 X80.875 Y129.53 E.00588
G1 X80.752 Y129.645 E.00716
G1 X80.541 Y129.764 E.01029
G1 X80.397 Y129.805 E.00635
G1 X80.188 Y129.82 E.00894
G1 X80.098 Y129.808 E.00384
G1 X79.878 Y129.724 E.01002
G1 X79.738 Y129.629 E.00717
G1 X79.578 Y129.456 E.01002
G1 X79.518 Y129.349 E.00523
G1 X79.47 Y129.231 E.0054
G1 X79.427 Y128.999 E.01005
G1 X79.427 Y113.014 E.67958
G1 X79.489 Y112.718 E.01283
G1 X79.641 Y112.468 E.01244
G1 X79.743 Y112.37 E.00605
G1 X79.952 Y112.247 E.01027
G1 X80.26 Y112.177 E.01344
G1 X85.293 Y112.177 E.21396
G1 X85.395 Y112.13 E.00482
G1 X85.427 Y112.043 E.00393
G1 X85.427 Y110.537 E.06401
G1 X85.876 Y110.537 F18000
G1 F3000
G1 X85.876 Y107.374 E.13446
G1 X80.25 Y107.374 E.23917
G1 X80.05 Y107.308 E.00894
G1 X79.931 Y107.184 E.0073
G1 X79.891 Y107.082 E.00466
G1 X79.876 Y107 E.00355
G1 X79.876 Y90.989 E.68069
G1 X79.942 Y90.789 E.00894
G1 X80.074 Y90.667 E.00762
G1 X80.187 Y90.628 E.0051
G1 X80.385 Y90.652 E.0085
G1 X80.508 Y90.734 E.00626
G1 X80.575 Y90.804 E.00411
G1 X80.867 Y91.28 E.02376
G1 X81.12 Y91.593 E.01712
G1 X81.407 Y91.88 E.01725
G1 X81.722 Y92.135 E.01724
G1 X82.062 Y92.356 E.01725
G1 X82.424 Y92.54 E.01725
G1 X82.802 Y92.686 E.01724
G1 X83.194 Y92.791 E.01724
G1 X83.595 Y92.854 E.01725
G1 X84 Y92.875 E.01724
G1 X84.405 Y92.854 E.01724
G1 X84.806 Y92.791 E.01725
G1 X85.198 Y92.686 E.01724
G1 X85.576 Y92.54 E.01724
G1 X85.938 Y92.356 E.01725
G1 X86.278 Y92.135 E.01725
G1 X86.593 Y91.88 E.01724
G1 X86.88 Y91.593 E.01725
G1 X87.135 Y91.278 E.01724
G1 X87.356 Y90.938 E.01725
G1 X87.54 Y90.576 E.01725
G1 X87.686 Y90.198 E.01724
G1 X87.791 Y89.806 E.01724
G1 X87.854 Y89.405 E.01725
G1 X87.875 Y89 E.01724
G1 X87.854 Y88.595 E.01724
G1 X87.791 Y88.194 E.01725
G1 X87.686 Y87.802 E.01724
G1 X87.54 Y87.424 E.01724
G1 X87.356 Y87.062 E.01725
G1 X87.135 Y86.722 E.01725
G1 X86.88 Y86.407 E.01724
G1 X86.593 Y86.12 E.01725
G1 X86.278 Y85.865 E.01724
G1 X85.938 Y85.644 E.01725
G1 X85.576 Y85.46 E.01725
G1 X85.198 Y85.314 E.01724
G1 X84.806 Y85.209 E.01724
G1 X84.405 Y85.146 E.01725
G1 X84 Y85.125 E.01724
G1 X83.595 Y85.146 E.01724
G1 X83.194 Y85.209 E.01725
G1 X82.802 Y85.314 E.01724
G1 X82.424 Y85.46 E.01724
G1 X82.062 Y85.644 E.01725
G1 X81.722 Y85.865 E.01725
G1 X81.407 Y86.12 E.01724
G1 X81.12 Y86.407 E.01725
G1 X80.867 Y86.72 E.01712
G1 X80.575 Y87.196 E.02376
G1 X80.434 Y87.329 E.00823
G1 X80.261 Y87.378 E.00762
G1 X80.142 Y87.362 E.0051
G1 X79.977 Y87.25 E.0085
G1 X79.905 Y87.121 E.00626
G1 X79.876 Y87.011 E.00485
G1 X79.888 Y81.075 E.25234
G1 X79.949 Y80.812 E.01147
G1 X80.045 Y80.592 E.01022
G1 X80.159 Y80.417 E.0089
G1 X80.355 Y80.209 E.01213
G1 X80.576 Y80.054 E.01148
G1 X80.794 Y79.955 E.01021
G1 X80.996 Y79.901 E.00886
G1 X81.25 Y79.876 E.01086
G1 X138.75 Y79.876 E2.44453
G1 X139.004 Y79.901 E.01086
G1 X139.278 Y79.983 E.01217
G1 X139.53 Y80.12 E.0122
G1 X139.748 Y80.307 E.01221
G1 X139.88 Y80.47 E.00889
G1 X140.017 Y80.72 E.01213
G1 X140.096 Y80.978 E.01148
G1 X140.124 Y81.242 E.01127
G1 X140.124 Y87.011 E.24526
G1 X140.058 Y87.211 E.00894
G1 X139.926 Y87.333 E.00762
G1 X139.813 Y87.372 E.0051
G1 X139.615 Y87.348 E.0085
G1 X139.492 Y87.266 E.00626
G1 X139.425 Y87.196 E.00411
G1 X139.133 Y86.72 E.02376
G1 X138.88 Y86.407 E.01712
G1 X138.593 Y86.12 E.01725
G1 X138.278 Y85.865 E.01724
G1 X137.938 Y85.644 E.01725
G1 X137.576 Y85.46 E.01725
G1 X137.198 Y85.314 E.01724
G1 X136.806 Y85.209 E.01724
G1 X136.405 Y85.146 E.01725
G1 X136 Y85.125 E.01724
G1 X135.595 Y85.146 E.01724
G1 X135.194 Y85.209 E.01725
G1 X134.802 Y85.314 E.01724
G1 X134.424 Y85.46 E.01724
G1 X134.062 Y85.644 E.01725
G1 X133.722 Y85.865 E.01725
G1 X133.407 Y86.12 E.01724
G1 X133.12 Y86.407 E.01725
G1 X132.865 Y86.722 E.01724
G1 X132.644 Y87.062 E.01725
G1 X132.46 Y87.424 E.01725
G1 X132.314 Y87.802 E.01724
G1 X132.209 Y88.194 E.01724
G1 X132.146 Y88.595 E.01725
G1 X132.125 Y89 E.01724
G1 X132.146 Y89.405 E.01724
G1 X132.209 Y89.806 E.01725
G1 X132.314 Y90.198 E.01724
G1 X132.46 Y90.576 E.01724
G1 X132.644 Y90.938 E.01725
G1 X132.865 Y91.278 E.01725
G1 X133.12 Y91.593 E.01724
G1 X133.407 Y91.88 E.01725
G1 X133.722 Y92.135 E.01724
G1 X134.062 Y92.356 E.01725
G1 X134.424 Y92.54 E.01725
G1 X134.802 Y92.686 E.01724
G1 X135.194 Y92.791 E.01724
G1 X135.595 Y92.854 E.01725
G1 X136 Y92.875 E.01724
G1 X136.405 Y92.854 E.01724
G1 X136.806 Y92.791 E.01725
G1 X137.198 Y92.686 E.01724
G1 X137.576 Y92.54 E.01724
G1 X137.938 Y92.356 E.01725
G1 X138.278 Y92.135 E.01725
G1 X138.593 Y91.88 E.01724
G1 X138.88 Y91.593 E.01725
G1 X139.133 Y91.28 E.01712
G1 X139.425 Y90.804 E.02376
G1 X139.566 Y90.671 E.00823
G1 X139.739 Y90.622 E.00762
G1 X139.858 Y90.638 E.0051
G1 X140.023 Y90.75 E.0085
G1 X140.095 Y90.879 E.00626
G1 X140.124 Y90.989 E.00484
G1 X140.124 Y107 E.68069
G1 X140.106 Y107.09 E.00389
G1 X140.058 Y107.2 E.0051
G1 X139.934 Y107.319 E.0073
G1 X139.75 Y107.374 E.00817
G1 X134.124 Y107.374 E.23917
G1 X134.124 Y112.626 E.22326
G1 X139.75 Y112.626 E.23917
G1 X139.95 Y112.692 E.00894
G1 X140.069 Y112.816 E.0073
G1 X140.109 Y112.918 E.00466
G1 X140.124 Y113 E.00355
G1 X140.124 Y129.011 E.68069
G1 X140.058 Y129.211 E.00894
G1 X139.926 Y129.333 E.00762
G1 X139.813 Y129.372 E.0051
G1 X139.615 Y129.348 E.0085
G1 X139.492 Y129.266 E.00626
G1 X139.425 Y129.196 E.00411
G1 X139.133 Y128.72 E.02376
G1 X138.88 Y128.407 E.01712
G1 X138.593 Y128.12 E.01725
G1 X138.278 Y127.865 E.01724
G1 X137.938 Y127.644 E.01725
G1 X137.576 Y127.46 E.01725
G1 X137.198 Y127.314 E.01724
G1 X136.806 Y127.209 E.01724
G1 X136.405 Y127.146 E.01725
G1 X136 Y127.125 E.01724
G1 X135.595 Y127.146 E.01724
G1 X135.194 Y127.209 E.01725
G1 X134.802 Y127.314 E.01724
G1 X134.424 Y127.46 E.01724
G1 X134.062 Y127.644 E.01725
G1 X133.722 Y127.865 E.01725
G1 X133.407 Y128.12 E.01724
G1 X133.12 Y128.407 E.01725
G1 X132.865 Y128.722 E.01724
G1 X132.644 Y129.062 E.01725
G1 X132.46 Y129.424 E.01725
G1 X132.314 Y129.802 E.01724
G1 X132.209 Y130.194 E.01724
G1 X132.146 Y130.595 E.01725
G1 X132.125 Y131 E.01724
G1 X132.146 Y131.405 E.01724
G1 X132.209 Y131.806 E.01725
G1 X132.314 Y132.198 E.01724
G1 X132.46 Y132.576 E.01724
G1 X132.644 Y132.938 E.01725
G1 X132.865 Y133.278 E.01725
G1 X133.12 Y133.593 E.01724
G1 X133.407 Y133.88 E.01725
G1 X133.722 Y134.135 E.01724
G1 X134.062 Y134.356 E.01725
G1 X134.424 Y134.54 E.01725
G1 X134.802 Y134.686 E.01724
G1 X135.194 Y134.791 E.01724
G1 X135.595 Y134.854 E.01725
G1 X136 Y134.875 E.01724
G1 X136.405 Y134.854 E.01724
G1 X136.806 Y134.791 E.01725
G1 X137.198 Y134.686 E.01724
G1 X137.576 Y134.54 E.01724
G1 X137.938 Y134.356 E.01725
G1 X138.278 Y134.135 E.01725
G1 X138.593 Y133.88 E.01724
G1 X138.88 Y133.593 E.01725
G1 X139.133 Y133.28 E.01712
G1 X139.425 Y132.804 E.02376
G1 X139.566 Y132.671 E.00823
G1 X139.739 Y132.622 E.00762
G1 X139.858 Y132.638 E.0051
G1 X140.023 Y132.75 E.0085
G1 X140.095 Y132.879 E.00626
G1 X140.124 Y132.989 E.00484
G1 X140.124 Y138.758 E.24526
G1 X140.096 Y139.022 E.01127
G1 X140.017 Y139.28 E.01148
G1 X139.88 Y139.53 E.01213
G1 X139.693 Y139.748 E.01221
G1 X139.53 Y139.88 E.00889
G1 X139.278 Y140.017 E.0122
G1 X139.004 Y140.099 E.01217
G1 X138.75 Y140.124 E.01086
G1 X113 Y140.124 E1.09472
G1 X112.8 Y140.058 E.00894
G1 X112.681 Y139.934 E.0073
G1 X112.626 Y139.75 E.00817
G1 X112.626 Y134.124 E.23917
G1 X109.5 Y134.124 E.13289
G1 X109.3 Y134.058 E.00894
G1 X109.181 Y133.934 E.0073
G1 X109.141 Y133.832 E.00466
G1 X109.126 Y133.75 E.00355
G1 X109.126 Y126.374 E.31357
G1 X94.874 Y126.374 E.60588
G1 X94.874 Y133.626 E.30829
G1 X107 Y133.626 E.51551
G1 X107.2 Y133.692 E.00894
G1 X107.319 Y133.816 E.0073
G1 X107.374 Y134 E.00817
G1 X107.374 Y139.75 E.24445
G1 X107.308 Y139.95 E.00894
G1 X107.184 Y140.069 E.0073
G1 X107 Y140.124 E.00817
G1 X81.25 Y140.124 E1.09472
G1 X80.996 Y140.099 E.01086
G1 X80.722 Y140.017 E.01217
G1 X80.47 Y139.88 E.0122
G1 X80.252 Y139.693 E.01221
G1 X80.12 Y139.53 E.00889
G1 X79.983 Y139.28 E.01213
G1 X79.904 Y139.022 E.01148
G1 X79.876 Y138.758 E.01127
G1 X79.876 Y132.989 E.24526
G1 X79.942 Y132.789 E.00894
G1 X80.074 Y132.667 E.00762
G1 X80.187 Y132.628 E.0051
G1 X80.385 Y132.652 E.0085
G1 X80.508 Y132.734 E.00626
G1 X80.575 Y132.804 E.00411
G1 X80.867 Y133.28 E.02376
G1 X81.12 Y133.593 E.01712
G1 X81.407 Y133.88 E.01725
G1 X81.722 Y134.135 E.01724
G1 X82.062 Y134.356 E.01725
G1 X82.424 Y134.54 E.01725
G1 X82.802 Y134.686 E.01724
G1 X83.194 Y134.791 E.01724
G1 X83.595 Y134.854 E.01725
G1 X84 Y134.875 E.01724
G1 X84.405 Y134.854 E.01724
G1 X84.806 Y134.791 E.01725
G1 X85.198 Y134.686 E.01724
G1 X85.576 Y134.54 E.01724
G1 X85.938 Y134.356 E.01725
G1 X86.278 Y134.135 E.01725
G1 X86.593 Y133.88 E.01724
G1 X86.88 Y133.593 E.01725
G1 X87.135 Y133.278 E.01724
G1 X87.356 Y132.938 E.01725
G1 X87.54 Y132.576 E.01725
G1 X87.686 Y132.198 E.01724
G1 X87.791 Y131.806 E.01724
G1 X87.854 Y131.405 E.01725
G1 X87.875 Y131 E.01724
G1 X87.854 Y130.595 E.01724
G1 X87.791 Y130.194 E.01725
G1 X87.686 Y129.802 E.01724
G1 X87.54 Y129.424 E.01724
G1 X87.356 Y129.062 E.01725
G1 X87.135 Y128.722 E.01725
G1 X86.88 Y128.407 E.01724
G1 X86.593 Y128.12 E.01725
G1 X86.278 Y127.865 E.01724
G1 X85.938 Y127.644 E.01725
G1 X85.576 Y127.46 E.01725
G1 X85.198 Y127.314 E.01724
G1 X84.806 Y127.209 E.01724
G1 X84.405 Y127.146 E.01725
G1 X84 Y127.125 E.01724
G1 X83.595 Y127.146 E.01724
G1 X83.194 Y127.209 E.01725
G1 X82.802 Y127.314 E.01724
G1 X82.424 Y127.46 E.01724
G1 X82.062 Y127.644 E.01725
G1 X81.722 Y127.865 E.01725
G1 X81.407 Y128.12 E.01724
G1 X81.12 Y128.407 E.01725
G1 X80.867 Y128.72 E.01712
G1 X80.575 Y129.196 E.02376
G1 X80.434 Y129.329 E.00823
G1 X80.261 Y129.378 E.00762
G1 X80.142 Y129.362 E.0051
G1 X79.977 Y129.25 E.0085
G1 X79.905 Y129.121 E.00626
G1 X79.876 Y129.011 E.00484
G1 X79.876 Y113 E.68069
G1 X79.894 Y112.91 E.00389
G1 X79.942 Y112.8 E.0051
G1 X80.066 Y112.681 E.0073
G1 X80.25 Y112.626 E.00817
G1 X85.876 Y112.626 E.23917
G1 X85.876 Y110.597 E.08625
G1 E-1.75 F6000
;WIPE_START
G1 F3000
G1 X85.876 Y109.597 E-.75
;WIPE_END
G1 X95.819 Y127.303 F18000
G1 E2.5 F6000
G1 F3000
G1 X95.906 Y127.271 E.00393
G1 X108.094 Y127.271 E.51817
G1 X108.197 Y127.319 E.00482
G1 X108.229 Y127.406 E.00393
G1 X108.229 Y133.147 E.24406
G1 X108.181 Y133.249 E.00482
G1 X108.072 Y133.279 E.00482
G1 X107.994 Y133.236 E.0038
G1 X107.864 Y133.09 E.00832
G1 X107.573 Y132.888 E.01502
G1 X107.301 Y132.781 E.01244
G1 X106.978 Y132.729 E.01391
G1 X95.906 Y132.729 E.47073
G1 X95.803 Y132.681 E.00482
G1 X95.771 Y132.594 E.00393
G1 X95.771 Y127.406 E.22058
G1 X95.794 Y127.357 E.00226
G1 X96.267 Y127.752 F18000
G1 F3000
G1 X96.354 Y127.72 E.00393
G1 X107.646 Y127.72 E.48004
G1 X107.748 Y127.767 E.00482
G1 X107.78 Y127.854 E.00393
G1 X107.78 Y132.29 E.18859
G1 X107.733 Y132.393 E.00482
G1 X107.603 Y132.418 E.00562
G1 X107.363 Y132.337 E.01074
G1 X106.969 Y132.28 E.01695
G1 X96.354 Y132.28 E.45125
G1 X96.252 Y132.233 E.00482
G1 X96.22 Y132.146 E.00393
G1 X96.22 Y127.854 E.18244
G1 X96.242 Y127.806 E.00226
G1 X96.716 Y128.2 F18000
G1 F3000
G1 X96.803 Y128.168 E.00393
G1 X107.197 Y128.168 E.4419
G1 X107.3 Y128.216 E.00482
G1 X107.332 Y128.303 E.00393
G1 X107.332 Y131.724 E.14545
G1 X107.284 Y131.827 E.00482
G1 X107.181 Y131.858 E.00456
G1 X106.961 Y131.832 E.00945
G1 X96.803 Y131.832 E.43185
G1 X96.7 Y131.784 E.00482
G1 X96.668 Y131.697 E.00393
G1 X96.668 Y128.303 E.14431
G1 X96.691 Y128.254 E.00226
G1 X97.164 Y128.649 F18000
G1 F3000
G1 X97.251 Y128.617 E.00393
G1 X106.749 Y128.617 E.40377
G1 X106.851 Y128.664 E.00482
G1 X106.883 Y128.751 E.00393
G1 X106.883 Y131.249 E.10618
G1 X106.836 Y131.351 E.00482
G1 X106.749 Y131.383 E.00393
G1 X97.251 Y131.383 E.40377
G1 X97.149 Y131.336 E.00482
G1 X97.117 Y131.249 E.00393
G1 X97.117 Y128.751 E.10618
G1 X97.139 Y128.703 E.00226
G1 X97.613 Y129.097 F18000
G1 F3000
G1 X97.7 Y129.065 E.00393
G1 X106.3 Y129.065 E.36564
G1 X106.403 Y129.113 E.00482
G1 X106.435 Y129.2 E.00393
G1 X106.435 Y130.8 E.06804
G1 X106.387 Y130.903 E.00482
G1 X106.3 Y130.935 E.00393
G1 X97.7 Y130.935 E.36564
G1 X97.597 Y130.887 E.00482
G1 X97.565 Y130.8 E.00393
G1 X97.565 Y129.2 E.06804
G1 X97.588 Y129.151 E.00226
G1 X98.061 Y129.546 F18000
G1 F3000
G1 X98.148 Y129.514 E.00393
G1 X105.852 Y129.514 E.3275
G1 X105.954 Y129.561 E.00482
G1 X105.986 Y129.648 E.00393
G1 X105.986 Y130.352 E.02991
G1 X105.939 Y130.454 E.00482
G1 X105.852 Y130.486 E.00393
G1 X98.148 Y130.486 E.3275
G1 X98.046 Y130.439 E.00482
G1 X98.014 Y130.352 E.00393
G1 X98.014 Y129.648 E.02991
G1 X98.036 Y129.6 E.00226
G1 E-1.75 F6000
;WIPE_START
G1 F3000
G1 X98.148 Y129.514 E-.10609
G1 X99.007 Y129.514 E-.64391
;WIPE_END
G1 X113.957 Y113.563 F18000
G1 X130.324 Y95.324
G1 X134.606 Y90.538
G1 E2.5 F6000
G1 F3000
G1 X134.463 Y90.398 E.00849
G1 X134.199 Y90.033 E.01917
G1 X134.036 Y89.673 E.01679
G1 X133.938 Y89.24 E.01889
G1 X133.924 Y88.994 E.01045
G1 X133.971 Y88.561 E.01853
G1 X134.09 Y88.186 E.01675
G1 X134.314 Y87.787 E.01945
G1 X134.596 Y87.47 E.01802
G1 X134.965 Y87.2 E.01946
G1 X135.325 Y87.036 E.0168
G1 X135.778 Y86.936 E.01974
G1 X136.013 Y86.924 E.01001
G1 X136.427 Y86.969 E.01767
G1 X136.846 Y87.103 E.01874
G1 X137.23 Y87.328 E.01889
G1 X137.56 Y87.63 E.01904
G1 X138.066 Y88.351 E.03742
G1 X138.406 Y88.682 E.02017
G1 X138.72 Y88.886 E.01594
G1 X138.78 Y88.982 E.00482
G1 X138.722 Y89.11 E.00601
G1 X138.382 Y89.338 E.01738
G1 X138.069 Y89.647 E.01869
G1 X137.56 Y90.37 E.0376
G1 X137.214 Y90.685 E.0199
G1 X137.019 Y90.809 E.00981
G1 X136.624 Y90.981 E.01834
G1 X136.236 Y91.064 E.01685
G1 X135.815 Y91.068 E.01791
G1 X135.562 Y91.029 E.01088
G1 X135.159 Y90.898 E.01801
G1 X134.941 Y90.785 E.01045
G1 X134.654 Y90.574 E.01514
G1 X134.945 Y90.214 F18000
G1 F3000
G1 X134.798 Y90.096 E.00802
G1 X134.596 Y89.818 E.0146
G1 X134.469 Y89.543 E.01289
G1 X134.387 Y89.188 E.01549
G1 X134.375 Y88.995 E.00824
G1 X134.416 Y88.641 E.01514
G1 X134.51 Y88.353 E.01287
G1 X134.674 Y88.061 E.01423
G1 X134.89 Y87.814 E.01394
G1 X135.181 Y87.597 E.01545
G1 X135.455 Y87.47 E.01283
G1 X135.827 Y87.385 E.01624
G1 X136.011 Y87.375 E.00783
G1 X136.346 Y87.414 E.01435
G1 X136.648 Y87.511 E.01347
G1 X136.973 Y87.7 E.01598
G1 X137.229 Y87.94 E.01494
G1 X137.692 Y88.599 E.03425
G1 X137.992 Y88.905 E.01818
G1 X138.03 Y89.012 E.00482
G1 X137.992 Y89.093 E.0038
G1 X137.696 Y89.397 E.01804
G1 X137.23 Y90.059 E.03442
G1 X136.93 Y90.334 E.01729
G1 X136.798 Y90.417 E.00665
G1 X136.473 Y90.554 E.01498
G1 X136.173 Y90.616 E.01304
G1 X135.858 Y90.619 E.01339
G1 X135.656 Y90.588 E.00868
G1 X135.323 Y90.478 E.01491
G1 X135.166 Y90.394 E.00758
G1 X134.991 Y90.252 E.00956
G1 X135.273 Y89.903 F18000
G1 F3000
G1 X135.14 Y89.796 E.00729
G1 X134.993 Y89.6 E.0104
G1 X134.892 Y89.383 E.01019
G1 X134.835 Y89.135 E.0108
G1 X134.854 Y88.757 E.01612
G1 X134.929 Y88.523 E.01044
G1 X135.052 Y88.311 E.0104
G1 X135.208 Y88.137 E.00996
G1 X135.401 Y87.993 E.01024
G1 X135.615 Y87.894 E.01002
G1 X135.878 Y87.833 E.01147
G1 X136.232 Y87.852 E.01509
G1 X136.477 Y87.93 E.01092
G1 X136.69 Y88.055 E.0105
G1 X136.879 Y88.227 E.01085
G1 X137.38 Y88.922 E.03643
G1 X137.38 Y89.079 E.00666
G1 X136.899 Y89.75 E.03509
G1 X136.666 Y89.967 E.01354
G1 X136.326 Y90.127 E.01597
G1 X136.105 Y90.168 E.00958
G1 X135.788 Y90.154 E.01349
G1 X135.406 Y90.01 E.01735
G1 X135.32 Y89.941 E.00468
G1 X135.602 Y89.592 F18000
G1 F3000
G1 X135.478 Y89.492 E.0068
G1 X135.388 Y89.38 E.00608
G1 X135.294 Y89.127 E.01148
G1 X135.298 Y88.855 E.01156
G1 X135.404 Y88.6 E.01175
G1 X135.61 Y88.397 E.01232
G1 X135.748 Y88.326 E.00658
G1 X135.898 Y88.289 E.00657
G1 X136.134 Y88.296 E.01002
G1 X136.306 Y88.35 E.00769
G1 X136.434 Y88.428 E.00634
G1 X136.551 Y88.538 E.00685
G1 X136.827 Y88.923 E.02013
G1 X136.828 Y89.079 E.00667
G1 X136.568 Y89.442 E.01893
G1 X136.393 Y89.6 E.01005
G1 X136.151 Y89.702 E.01116
G1 X135.859 Y89.701 E.01243
G1 X135.655 Y89.619 E.00932
G1 X135.852 Y89.21 F18000
G1 F3000
G1 X135.842 Y89.205 E.0005
G1 X135.768 Y89.109 E.00516
G1 X135.747 Y89 E.0047
G1 X135.772 Y88.894 E.00464
G1 X135.848 Y88.794 E.00532
G1 X135.957 Y88.741 E.00516
G1 X136.038 Y88.742 E.00343
G1 X136.109 Y88.763 E.00316
G1 X136.219 Y88.846 E.00586
G1 X136.275 Y88.923 E.00407
G1 X136.297 Y89.035 E.00482
G1 X136.175 Y89.192 E.00844
G1 X136.098 Y89.233 E.00371
G1 X135.995 Y89.251 E.00445
G1 X135.914 Y89.24 E.00348
G1 X135.906 Y89.236 E.00036
G1 E-1.75 F6000
;WIPE_START
G1 F3000
G1 X135.842 Y89.205 E-.05389
G1 X135.768 Y89.109 E-.09095
G1 X135.747 Y89 E-.08286
G1 X135.772 Y88.894 E-.08188
G1 X135.848 Y88.794 E-.09381
G1 X135.957 Y88.741 E-.09095
G1 X136.038 Y88.742 E-.06054
G1 X136.109 Y88.763 E-.05567
G1 X136.219 Y88.846 E-.10345
G1 X136.247 Y88.884 E-.03598
;WIPE_END
G1 X135.82 Y128.933 F18000
G1 E2.5 F6000
G1 F3000
G1 X136.211 Y128.934 E.01659
G1 X136.624 Y129.019 E.01793
G1 X136.833 Y129.097 E.00948
G1 X137.23 Y129.328 E.01954
G1 X137.56 Y129.63 E.01902
G1 X138.071 Y130.356 E.03774
G1 X138.348 Y130.631 E.01661
G1 X138.726 Y130.892 E.0195
G1 X138.784 Y130.989 E.00482
G1 X138.716 Y131.12 E.00624
G1 X138.56 Y131.208 E.00763
G1 X138.201 Y131.498 E.01963
G1 X137.977 Y131.756 E.01451
G1 X137.668 Y132.236 E.02427
G1 X137.555 Y132.377 E.00766
G1 X137.214 Y132.684 E.01953
G1 X137.033 Y132.801 E.00912
G1 X136.653 Y132.97 E.01769
G1 X136.448 Y133.028 E.00908
G1 X136.012 Y133.076 E.01863
G1 X135.782 Y133.066 E.00976
G1 X135.366 Y132.978 E.01809
G1 X134.992 Y132.815 E.01735
G1 X134.628 Y132.558 E.01894
G1 X134.468 Y132.402 E.00951
G1 X134.198 Y132.032 E.01947
G1 X134.034 Y131.669 E.01692
G1 X133.938 Y131.249 E.01833
G1 X133.924 Y130.995 E.0108
G1 X133.971 Y130.561 E.01856
G1 X134.098 Y130.166 E.01763
G1 X134.215 Y129.94 E.01084
G1 X134.44 Y129.631 E.01627
G1 X134.614 Y129.455 E.0105
G1 X134.956 Y129.206 E.01798
G1 X135.178 Y129.094 E.01056
G1 X135.562 Y128.971 E.01717
G1 X135.761 Y128.938 E.00856
G1 X135.82 Y129.383 F18000
G1 F3000
G1 X136.151 Y129.382 E.01408
G1 X136.489 Y129.449 E.01467
G1 X136.63 Y129.5 E.00633
G1 X136.973 Y129.701 E.01694
G1 X137.23 Y129.94 E.01489
G1 X137.699 Y130.606 E.03462
G1 X137.988 Y130.905 E.0177
G1 X138.025 Y131.012 E.00482
G1 X137.981 Y131.099 E.00413
G1 X137.856 Y131.211 E.00713
G1 X137.643 Y131.457 E.01381
G1 X137.241 Y132.05 E.03049
G1 X136.931 Y132.333 E.01783
G1 X136.81 Y132.409 E.00609
G1 X136.51 Y132.543 E.01398
G1 X136.373 Y132.583 E.00606
G1 X136.007 Y132.625 E.01565
G1 X135.85 Y132.62 E.00667
G1 X135.517 Y132.551 E.01447
G1 X135.226 Y132.428 E.01342
G1 X134.925 Y132.218 E.01561
G1 X134.816 Y132.115 E.00637
G1 X134.596 Y131.816 E.0158
G1 X134.467 Y131.538 E.01302
G1 X134.387 Y131.198 E.01487
G1 X134.375 Y130.996 E.00858
G1 X134.416 Y130.641 E.01518
G1 X134.518 Y130.33 E.01395
G1 X134.604 Y130.169 E.00774
G1 X134.777 Y129.93 E.01257
G1 X134.9 Y129.804 E.00747
G1 X135.181 Y129.597 E.01486
G1 X135.358 Y129.507 E.00842
G1 X135.658 Y129.411 E.01338
G1 X135.76 Y129.393 E.00443
G1 X135.834 Y129.837 F18000
G1 F3000
G1 X136.121 Y129.833 E.0122
G1 X136.398 Y129.895 E.01206
G1 X136.688 Y130.054 E.01406
G1 X136.879 Y130.227 E.01099
G1 X137.378 Y130.92 E.03631
G1 X137.399 Y131.031 E.00482
G1 X136.909 Y131.742 E.0367
G1 X136.668 Y131.966 E.01401
G1 X136.312 Y132.132 E.01669
G1 X135.961 Y132.173 E.01504
G1 X135.669 Y132.124 E.01258
G1 X135.433 Y132.025 E.01088
G1 X135.189 Y131.848 E.0128
G1 X134.994 Y131.6 E.01344
G1 X134.899 Y131.403 E.0093
G1 X134.835 Y131.145 E.01131
G1 X134.854 Y130.758 E.01646
G1 X134.945 Y130.484 E.01225
G1 X135.113 Y130.231 E.01291
G1 X135.403 Y129.99 E.01605
G1 X135.543 Y129.919 E.00667
G1 X135.776 Y129.853 E.01029
G1 X135.877 Y130.291 F18000
G1 F3000
G1 X136.089 Y130.286 E.00903
G1 X136.255 Y130.328 E.00727
G1 X136.412 Y130.414 E.00762
G1 X136.533 Y130.518 E.00677
G1 X136.824 Y130.918 E.02103
G1 X136.826 Y131.073 E.00659
G1 X136.576 Y131.435 E.0187
G1 X136.429 Y131.575 E.00863
G1 X136.207 Y131.686 E.01054
G1 X135.953 Y131.717 E.01091
G1 X135.78 Y131.685 E.00748
G1 X135.642 Y131.623 E.00644
G1 X135.492 Y131.507 E.00804
G1 X135.385 Y131.372 E.00732
G1 X135.294 Y131.133 E.01089
G1 X135.298 Y130.859 E.01162
G1 X135.346 Y130.7 E.00708
G1 X135.439 Y130.551 E.00745
G1 X135.639 Y130.377 E.01129
G1 X135.821 Y130.311 E.00819
G1 X135.922 Y130.755 F18000
G1 F3000
G1 X136.022 Y130.741 E.00428
G1 X136.114 Y130.763 E.00404
G1 X136.21 Y130.837 E.00513
G1 X136.274 Y130.924 E.0046
G1 X136.296 Y131.035 E.00482
G1 X136.268 Y131.09 E.00261
G1 X136.192 Y131.18 E.005
G1 X136.097 Y131.24 E.0048
G1 X135.964 Y131.259 E.00571
G1 X135.875 Y131.232 E.00395
G1 X135.818 Y131.19 E.00302
G1 X135.753 Y131.077 E.00552
G1 X135.748 Y130.937 E.00596
G1 X135.79 Y130.843 E.00439
G1 X135.872 Y130.788 E.00419
G1 E-1.75 F6000
;WIPE_START
G1 F3000
G1 X136.022 Y130.741 E-.11748
G1 X136.114 Y130.763 E-.07121
G1 X136.21 Y130.837 E-.09052
G1 X136.274 Y130.924 E-.08122
G1 X136.296 Y131.035 E-.08495
G1 X136.268 Y131.09 E-.04597
G1 X136.192 Y131.18 E-.08818
G1 X136.097 Y131.24 E-.08463
G1 X135.983 Y131.256 E-.08584
;WIPE_END
G1 X86.075 Y131.025 F18000
G1 E2.5 F6000
G1 F3000
G1 X86.029 Y131.438 E.01769
G1 X85.91 Y131.814 E.01677
G1 X85.781 Y132.068 E.01209
G1 X85.53 Y132.404 E.01785
G1 X85.217 Y132.683 E.01783
G1 X84.834 Y132.903 E.01877
G1 X84.649 Y132.972 E.00841
G1 X84.222 Y133.064 E.01857
G1 X83.987 Y133.076 E.01001
G1 X83.573 Y133.031 E.01767
G1 X83.348 Y132.972 E.00991
G1 X82.97 Y132.804 E.01758
G1 X82.786 Y132.685 E.00932
G1 X82.44 Y132.37 E.01991
G1 X81.934 Y131.649 E.03742
G1 X81.594 Y131.318 E.02017
G1 X81.28 Y131.114 E.01594
G1 X81.22 Y131.018 E.00482
G1 X81.278 Y130.89 E.00601
G1 X81.618 Y130.662 E.01738
G1 X81.931 Y130.353 E.01869
G1 X82.44 Y129.63 E.0376
G1 X82.786 Y129.315 E.0199
G1 X82.981 Y129.191 E.00981
G1 X83.376 Y129.019 E.01834
G1 X83.791 Y128.934 E.01802
G1 X84.206 Y128.933 E.01762
G1 X84.456 Y128.975 E.01081
G1 X84.84 Y129.102 E.01716
G1 X85.059 Y129.215 E.01049
G1 X85.394 Y129.462 E.0177
G1 X85.537 Y129.602 E.00849
G1 X85.801 Y129.967 E.01917
G1 X85.964 Y130.327 E.01679
G1 X86.061 Y130.759 E.01882
G1 X86.072 Y130.965 E.00878
G1 X85.622 Y130.989 F18000
G1 F3000
G1 X85.624 Y131.023 E.00145
G1 X85.59 Y131.332 E.01323
G1 X85.497 Y131.633 E.01339
G1 X85.392 Y131.839 E.00984
G1 X85.188 Y132.109 E.01437
G1 X84.941 Y132.324 E.01392
G1 X84.618 Y132.504 E.01574
G1 X84.178 Y132.614 E.01926
G1 X83.989 Y132.625 E.00806
G1 X83.665 Y132.59 E.01386
G1 X83.487 Y132.543 E.00781
G1 X83.176 Y132.403 E.01452
G1 X83.053 Y132.321 E.00629
G1 X82.79 Y132.081 E.01513
G1 X82.308 Y131.401 E.03546
G1 X82.008 Y131.095 E.01818
G1 X81.97 Y130.988 E.00482
G1 X82.008 Y130.907 E.0038
G1 X82.304 Y130.603 E.01804
G1 X82.77 Y129.941 E.03442
G1 X83.07 Y129.666 E.01729
G1 X83.202 Y129.583 E.00665
G1 X83.526 Y129.446 E.01493
G1 X83.851 Y129.382 E.01409
G1 X84.18 Y129.384 E.01398
G1 X84.358 Y129.415 E.00772
G1 X84.655 Y129.513 E.01328
G1 X84.834 Y129.606 E.00858
G1 X85.176 Y129.878 E.01858
G1 X85.404 Y130.182 E.01615
G1 X85.54 Y130.483 E.01404
G1 X85.613 Y130.809 E.01419
G1 X85.619 Y130.929 E.00511
G1 X85.162 Y130.912 F18000
G1 F3000
G1 X85.151 Y131.22 E.01313
G1 X85.084 Y131.453 E.01029
G1 X85.004 Y131.609 E.00747
G1 X84.848 Y131.81 E.0108
G1 X84.669 Y131.962 E.00996
G1 X84.434 Y132.088 E.01134
G1 X84.123 Y132.166 E.01362
G1 X83.762 Y132.149 E.01536
G1 X83.409 Y132.016 E.01605
G1 X83.141 Y131.795 E.01479
G1 X82.621 Y131.078 E.03764
G1 X82.62 Y130.921 E.00667
G1 X83.101 Y130.25 E.03509
G1 X83.334 Y130.033 E.01354
G1 X83.672 Y129.874 E.01588
G1 X83.907 Y129.831 E.01017
G1 X84.128 Y129.832 E.00938
G1 X84.464 Y129.922 E.01479
G1 X84.577 Y129.978 E.00538
G1 X84.838 Y130.182 E.01407
G1 X85.006 Y130.4 E.01169
G1 X85.106 Y130.614 E.01005
G1 X85.163 Y130.852 E.01041
G1 X84.706 Y130.872 F18000
G1 F3000
G1 X84.705 Y131.132 E.01105
G1 X84.616 Y131.378 E.01112
G1 X84.53 Y131.488 E.00591
G1 X84.427 Y131.58 E.0059
G1 X84.286 Y131.658 E.00685
G1 X84.097 Y131.71 E.00832
G1 X83.876 Y131.706 E.00941
G1 X83.658 Y131.63 E.00978
G1 X83.46 Y131.471 E.01081
G1 X83.174 Y131.077 E.02071
G1 X83.173 Y130.919 E.00669
G1 X83.432 Y130.558 E.01886
G1 X83.572 Y130.424 E.00829
G1 X83.838 Y130.3 E.01247
G1 X84.085 Y130.285 E.01052
G1 X84.348 Y130.368 E.01172
G1 X84.504 Y130.49 E.00843
G1 X84.612 Y130.623 E.00725
G1 X84.685 Y130.816 E.00878
G1 X84.246 Y130.936 F18000
G1 F3000
G1 X84.257 Y130.978 E.00184
G1 X84.249 Y131.075 E.00412
G1 X84.226 Y131.136 E.00279
G1 X84.139 Y131.226 E.00533
G1 X84.061 Y131.249 E.00345
G1 X83.943 Y131.247 E.00504
G1 X83.847 Y131.204 E.00447
G1 X83.737 Y131.088 E.0068
G1 X83.702 Y130.98 E.00482
G1 X83.732 Y130.91 E.00326
G1 X83.849 Y130.79 E.00712
G1 X83.928 Y130.753 E.00367
G1 X84.01 Y130.743 E.00353
G1 X84.098 Y130.76 E.0038
G1 X84.187 Y130.824 E.00467
G1 X84.222 Y130.882 E.00287
G1 E-1.75 F6000
;WIPE_START
G1 F3000
G1 X84.257 Y130.978 E-.07689
G1 X84.249 Y131.075 E-.07264
G1 X84.226 Y131.136 E-.04914
G1 X84.139 Y131.226 E-.09411
G1 X84.061 Y131.249 E-.06089
G1 X83.943 Y131.247 E-.08898
G1 X83.847 Y131.204 E-.07881
G1 X83.737 Y131.088 E-.12002
G1 X83.702 Y130.98 E-.08495
G1 X83.715 Y130.951 E-.02357
;WIPE_END
G1 X84.205 Y91.067 F18000
G1 E2.5 F6000
G1 F3000
G1 X83.789 Y91.066 E.01768
G1 X83.376 Y90.981 E.01793
G1 X83.167 Y90.903 E.00948
G1 X82.77 Y90.672 E.01954
G1 X82.44 Y90.37 E.01902
G1 X81.929 Y89.644 E.03774
G1 X81.652 Y89.369 E.01661
G1 X81.278 Y89.11 E.01931
G1 X81.22 Y89.013 E.00482
G1 X81.279 Y88.888 E.00585
G1 X81.734 Y88.563 E.02377
G1 X82.019 Y88.245 E.01815
G1 X82.326 Y87.773 E.02393
G1 X82.446 Y87.623 E.0082
G1 X82.786 Y87.316 E.01948
G1 X82.967 Y87.199 E.00912
G1 X83.365 Y87.023 E.01853
G1 X83.592 Y86.965 E.00994
G1 X84.007 Y86.924 E.01774
G1 X84.205 Y86.933 E.00843
G1 X84.647 Y87.027 E.0192
G1 X85.009 Y87.185 E.01678
G1 X85.37 Y87.441 E.01885
G1 X85.545 Y87.613 E.01041
G1 X85.801 Y87.968 E.01862
G1 X85.966 Y88.331 E.01694
G1 X86.061 Y88.749 E.01825
G1 X86.075 Y89.024 E.01169
G1 X86.029 Y89.438 E.01773
G1 X85.902 Y89.834 E.01765
G1 X85.785 Y90.06 E.01084
G1 X85.56 Y90.369 E.01627
G1 X85.386 Y90.545 E.0105
G1 X85.044 Y90.794 E.01798
G1 X84.822 Y90.906 E.01056
G1 X84.438 Y91.029 E.01717
G1 X84.265 Y91.057 E.00747
G1 X84.188 Y90.615 F18000
G1 F3000
G1 X84.18 Y90.617 E.00034
G1 X83.849 Y90.618 E.01408
G1 X83.511 Y90.551 E.01467
G1 X83.37 Y90.5 E.00633
G1 X83.027 Y90.299 E.01694
G1 X82.77 Y90.06 E.01489
G1 X82.301 Y89.394 E.03462
G1 X82.014 Y89.096 E.01759
G1 X81.977 Y88.989 E.00482
G1 X82.012 Y88.911 E.00364
G1 X82.347 Y88.551 E.02092
G1 X82.761 Y87.948 E.0311
G1 X83.069 Y87.667 E.01771
G1 X83.19 Y87.591 E.00606
G1 X83.524 Y87.446 E.01549
G1 X83.685 Y87.407 E.00708
G1 X84.159 Y87.381 E.02016
G1 X84.495 Y87.453 E.01463
G1 X84.774 Y87.572 E.01287
G1 X85.072 Y87.78 E.01546
G1 X85.195 Y87.899 E.00727
G1 X85.404 Y88.183 E.015
G1 X85.533 Y88.462 E.01307
G1 X85.613 Y88.799 E.01473
G1 X85.624 Y89.021 E.00944
G1 X85.584 Y89.357 E.01438
G1 X85.482 Y89.67 E.01401
G1 X85.396 Y89.831 E.00774
G1 X85.223 Y90.07 E.01257
G1 X85.1 Y90.196 E.00747
G1 X84.819 Y90.403 E.01486
G1 X84.642 Y90.493 E.00842
G1 X84.342 Y90.589 E.01338
G1 X84.248 Y90.605 E.00409
G1 X84.166 Y90.163 F18000
G1 F3000
G1 X83.879 Y90.167 E.0122
G1 X83.602 Y90.105 E.01206
G1 X83.312 Y89.946 E.01406
G1 X83.121 Y89.773 E.01099
G1 X82.619 Y89.076 E.03651
G1 X82.598 Y88.965 E.00482
G1 X83.093 Y88.257 E.03672
G1 X83.374 Y88.007 E.01602
G1 X83.721 Y87.861 E.01598
G1 X84.141 Y87.836 E.0179
G1 X84.347 Y87.88 E.00894
G1 X84.543 Y87.961 E.00901
G1 X84.863 Y88.204 E.0171
G1 X85.008 Y88.402 E.01043
G1 X85.101 Y88.597 E.00921
G1 X85.164 Y88.851 E.01112
G1 X85.173 Y89.018 E.00709
G1 X85.14 Y89.273 E.01094
G1 X85.062 Y89.504 E.01039
G1 X85.006 Y89.605 E.00489
G1 X84.79 Y89.868 E.01447
G1 X84.457 Y90.081 E.01681
G1 X84.224 Y90.147 E.01029
G1 X84.112 Y89.708 F18000
G1 F3000
G1 X84.084 Y89.716 E.00127
G1 X83.911 Y89.714 E.00735
G1 X83.745 Y89.672 E.00727
G1 X83.588 Y89.586 E.00762
G1 X83.467 Y89.482 E.00677
G1 X83.174 Y89.08 E.02114
G1 X83.173 Y88.924 E.00662
G1 X83.421 Y88.57 E.01837
G1 X83.6 Y88.406 E.01034
G1 X83.847 Y88.303 E.01138
G1 X84.125 Y88.291 E.01182
G1 X84.332 Y88.364 E.00932
G1 X84.524 Y88.51 E.01027
G1 X84.614 Y88.623 E.00615
G1 X84.712 Y88.894 E.01225
G1 X84.703 Y89.151 E.01095
G1 X84.626 Y89.361 E.00948
G1 X84.471 Y89.54 E.01007
G1 X84.252 Y89.673 E.0109
G1 X84.171 Y89.694 E.00357
G1 X84.039 Y89.256 F18000
G1 F3000
G1 X84.014 Y89.264 E.00112
G1 X83.951 Y89.259 E.00268
G1 X83.886 Y89.237 E.00295
G1 X83.79 Y89.163 E.00514
G1 X83.726 Y89.075 E.00463
G1 X83.704 Y88.964 E.00482
G1 X83.736 Y88.905 E.00287
G1 X83.867 Y88.781 E.00768
G1 X83.98 Y88.746 E.00503
G1 X84.057 Y88.749 E.00325
G1 X84.134 Y88.776 E.00346
G1 X84.229 Y88.876 E.00584
G1 X84.259 Y89.004 E.00563
G1 X84.25 Y89.076 E.00309
G1 X84.198 Y89.166 E.0044
G1 X84.105 Y89.237 E.00496
G1 X84.097 Y89.239 E.00034
; printing object mid_plate.stl id:1992740639744 copy 0
G1 E-1.75 F6000
;WIPE_START
G1 F3000
G1 X84.014 Y89.264 E-.06474
G1 X83.951 Y89.259 E-.04721
G1 X83.886 Y89.237 E-.05202
G1 X83.79 Y89.163 E-.09061
G1 X83.726 Y89.075 E-.08174
G1 X83.704 Y88.964 E-.08495
G1 X83.736 Y88.905 E-.05068
G1 X83.867 Y88.781 E-.13543
G1 X83.98 Y88.746 E-.08878
G1 X84.052 Y88.749 E-.05383
;WIPE_END
G1 X113.325 Y139.425 F18000
G1 E2.5 F6000
;TYPE:Outer wall
G1 F3000
G1 X113.325 Y133.425 E.25508
G1 X109.825 Y133.425 E.1488
G1 X109.825 Y125.675 E.32948
G1 X94.175 Y125.675 E.66534
G1 X94.175 Y134.325 E.36774
G1 X106.675 Y134.325 E.53142
G1 X106.675 Y139.425 E.21682
G1 X81.259 Y139.425 E1.08054
G3 X80.575 Y138.741 I-.005 J-.678 E.04574
G2 X80.571 Y135.383 I-214.704 J-1.418 E.14279
G2 X80.5 Y134.416 I-8.001 J.101 E.04124
G1 X80.5 Y133.819 E.02538
G1 X80.655 Y134.011 E.01049
G1 X81.31 Y134.67 E.03948
G2 X84.478 Y135.55 I2.668 J-3.46 E.14334
G2 X81.708 Y127.044 I-.478 J-4.548 E.69253
G1 X81.31 Y127.33 E.02085
G1 X80.655 Y127.989 E.03948
G1 X80.5 Y128.181 E.01049
G3 X80.55 Y127.089 I5.312 J-.306 E.04656
G2 X80.575 Y126.101 I-14.049 J-.852 E.04201
G1 X80.575 Y113.325 E.54315
G1 X86.575 Y113.325 E.25508
G1 X86.575 Y106.675 E.28271
G1 X80.575 Y106.675 E.25508
G1 X80.575 Y93.899 E.54315
G2 X80.5 Y92.431 I-11.692 J-.14 E.06251
G1 X80.5 Y91.819 E.02603
G1 X80.655 Y92.011 E.01049
G1 X81.31 Y92.67 E.03948
G2 X84.478 Y93.55 I2.668 J-3.46 E.14334
G2 X81.708 Y85.044 I-.478 J-4.548 E.69253
G1 X81.31 Y85.33 E.02085
G1 X80.655 Y85.989 E.03948
G1 X80.5 Y86.181 E.01049
G3 X80.55 Y85.109 I5.158 J-.298 E.04569
G2 X80.575 Y84.132 I-13.761 J-.844 E.04158
G1 X80.575 Y81.259 E.12214
G3 X81.259 Y80.575 I.678 J-.005 E.04574
G1 X138.82 Y80.579 E2.44716
G3 X139.425 Y81.259 I-.082 J.681 E.04226
G2 X139.429 Y84.617 I214.704 J1.418 E.14279
G2 X139.5 Y85.584 I8.001 J-.101 E.04124
G1 X139.5 Y86.181 E.02538
G1 X139.345 Y85.989 E.01049
G1 X138.69 Y85.33 E.03948
G2 X135.522 Y84.45 I-2.668 J3.46 E.14334
G2 X138.292 Y92.956 I.478 J4.548 E.69253
G1 X138.69 Y92.67 E.02085
G1 X139.345 Y92.011 E.03948
G1 X139.5 Y91.819 E.01049
G3 X139.45 Y92.911 I-5.312 J.306 E.04656
G2 X139.425 Y93.899 I14.049 J.852 E.04201
G1 X139.425 Y106.675 E.54315
G1 X133.425 Y106.675 E.25508
G1 X133.425 Y113.325 E.28271
G1 X139.425 Y113.325 E.25508
G1 X139.425 Y126.101 E.54315
G2 X139.5 Y127.569 I11.692 J.14 E.06251
G1 X139.5 Y128.181 E.02603
G1 X139.345 Y127.989 E.01049
G1 X138.69 Y127.33 E.03948
G2 X135.522 Y126.45 I-2.668 J3.46 E.14334
G2 X138.292 Y134.956 I.478 J4.548 E.69253
G1 X138.69 Y134.67 E.02085
G1 X139.345 Y134.011 E.03948
G1 X139.5 Y133.819 E.01049
G3 X139.45 Y134.891 I-5.158 J.298 E.04569
G2 X139.425 Y135.868 I13.761 J.844 E.04158
G1 X139.425 Y138.741 E.12214
G3 X138.741 Y139.425 I-.678 J.005 E.04574
G1 X113.385 Y139.425 E1.07799
G1 X113.773 Y138.977 F18000
;TYPE:Inner wall
G1 F3000
G1 X113.773 Y132.977 E.25508
G1 X110.273 Y132.977 E.1488
G1 X110.273 Y125.227 E.32948
G1 X93.727 Y125.227 E.70347
G1 X93.727 Y134.773 E.40588
G1 X106.227 Y134.773 E.53142
G1 X106.227 Y138.977 E.17868
G1 X81.27 Y138.977 E1.06097
G3 X81.023 Y138.73 I-.016 J-.231 E.01681
G2 X81.019 Y135.371 I-214.677 J-1.413 E.14277
G1 X81.003 Y135.002 E.01572
G2 X84.525 Y135.997 I2.976 J-3.802 E.15958
G2 X81.473 Y126.661 I-.525 J-4.995 E.76106
G1 X81.002 Y126.999 E.02462
G2 X81.023 Y126.103 I-12.743 J-.746 E.0381
G1 X81.023 Y113.773 E.52416
G1 X87.023 Y113.773 E.25508
G1 X87.023 Y106.227 E.32085
G1 X81.023 Y106.227 E.25508
G1 X81.023 Y93.897 E.52416
G2 X81.002 Y93.001 I-12.764 J-.15 E.0381
G2 X84.525 Y93.997 I2.977 J-3.802 E.15963
G2 X81.473 Y84.661 I-.525 J-4.995 E.76106
G1 X81.003 Y84.998 E.02457
G2 X81.023 Y84.133 I-12.172 J-.713 E.03678
G1 X81.023 Y81.27 E.12172
G3 X81.27 Y81.023 I.231 J-.016 E.01681
G1 X138.773 Y81.026 E2.44466
G1 X138.901 Y81.082 E.00592
G1 X138.97 Y81.203 E.00592
G3 X138.977 Y81.27 I-.318 J.063 E.00288
G2 X138.981 Y84.629 I214.677 J1.413 E.14277
G1 X138.997 Y84.998 E.01572
G2 X135.475 Y84.003 I-2.976 J3.802 E.15958
G2 X131.107 Y87.872 I.524 J4.991 E.26472
G1 X130.873 Y87.842 E.01003
G1 X130.873 Y86.127 E.07292
G1 X112.127 Y86.127 E.797
G1 X112.127 Y95.873 E.41438
G1 X130.873 Y95.873 E.797
G1 X130.873 Y90.158 E.24297
G1 X131.107 Y90.128 E.01003
G2 X138.527 Y93.339 I4.889 J-1.119 E.39972
G1 X138.998 Y93.001 E.02462
G2 X138.977 Y93.897 I12.743 J.746 E.0381
G1 X138.977 Y106.227 E.52416
G1 X132.977 Y106.227 E.25508
G1 X132.977 Y113.773 E.32085
G1 X138.977 Y113.773 E.25508
G1 X138.977 Y126.103 E.52416
G2 X138.998 Y126.999 I12.764 J.15 E.0381
G2 X135.475 Y126.003 I-2.977 J3.802 E.15963
G2 X138.527 Y135.339 I.525 J4.995 E.76106
G1 X138.997 Y135.002 E.02457
G2 X138.977 Y135.867 I12.172 J.713 E.03678
G1 X138.977 Y138.73 E.12172
G3 X138.73 Y138.977 I-.231 J.016 E.01681
G1 X113.833 Y138.977 E1.05842
G1 X114.222 Y138.528 F18000
G1 F3000
G1 X114.222 Y132.528 E.25508
G1 X110.722 Y132.528 E.1488
G1 X110.722 Y124.778 E.32948
G1 X93.278 Y124.778 E.7416
G1 X93.278 Y135.222 E.44401
G1 X105.778 Y135.222 E.53142
G1 X105.778 Y138.528 E.14055
G1 X81.472 Y138.528 E1.03334
G1 X81.472 Y135.844 E.11412
G2 X81.472 Y126.156 I2.535 J-4.844 E.95429
G1 X81.472 Y114.222 E.50737
G1 X87.472 Y114.222 E.25508
G1 X87.472 Y105.778 E.35898
G1 X81.472 Y105.778 E.25508
G1 X81.472 Y93.844 E.50737
G2 X81.472 Y84.156 I2.535 J-4.844 E.95429
G1 X81.472 Y81.472 E.11412
G1 X138.528 Y81.472 E2.42565
G1 X138.528 Y84.156 E.11412
G2 X131.515 Y85.871 I-2.532 J4.846 E.33526
G1 X131.322 Y85.813 E.00854
G1 X131.322 Y85.678 E.00576
G1 X111.678 Y85.678 E.83513
G1 X111.678 Y96.322 E.45251
G1 X131.322 Y96.322 E.83513
G1 X131.322 Y92.187 E.17581
G1 X131.515 Y92.129 E.00854
G1 X131.572 Y92.217 E.00445
G2 X138.528 Y93.844 I4.419 J-3.209 E.33107
G1 X138.528 Y105.778 E.50737
G1 X132.528 Y105.778 E.25508
G1 X132.528 Y114.222 E.35898
G1 X138.528 Y114.222 E.25508
G1 X138.528 Y126.156 E.50737
G2 X138.528 Y135.844 I-2.535 J4.844 E.95429
G1 X138.528 Y138.528 E.11412
G1 X114.282 Y138.528 E1.03078
G1 E-1.75 F6000
;WIPE_START
G1 F3000
G1 X114.272 Y137.528 E-.75
;WIPE_END
G1 X109.996 Y115.425 F18000
G1 E2.5 F6000
;TYPE:Outer wall
G1 F3000
G1 X110 Y115.421 E.00027
G2 X111.677 Y104.84 I.008 J-5.422 E.65239
G2 X109.946 Y104.577 I-1.658 J5.091 E.07473
G2 X109.433 Y115.39 I.062 J5.421 E.69704
G1 X109.936 Y115.422 E.02141
G1 X109.979 Y115.874 F18000
;TYPE:Inner wall
G1 F3000
G1 X110 Y115.872 E.00091
G2 X112.937 Y104.912 I.007 J-5.872 E.65406
G2 X109.923 Y104.129 I-2.923 J5.06 E.13403
G2 X109.386 Y115.839 I.084 J5.871 E.75422
G1 X109.919 Y115.87 E.02267
G1 X109.957 Y116.322 F18000
G1 F3000
G1 X110 Y116.32 E.00184
G2 X113.717 Y104.884 I.007 J-6.32 E.67583
G2 X109.899 Y103.681 I-3.747 J5.236 E.17303
G2 X109.339 Y116.285 I.108 J6.319 E.81105
G1 X109.897 Y116.318 E.02374
G1 E-1.75 F6000
;WIPE_START
G1 F3000
G1 X110 Y116.32 E-.07732
G1 X110.661 Y116.289 E-.4963
G1 X110.893 Y116.252 E-.17637
;WIPE_END
G1 X110.807 Y115.71 F18000
G1 X111.2 Y115.648
G1 X111.784 Y115.491
G1 X112.348 Y115.275
G1 X112.887 Y115
G1 X113.394 Y114.671
G1 X113.863 Y114.291
G1 X114.291 Y113.863
G1 X114.671 Y113.394
G1 X115 Y112.887
G1 X115.275 Y112.348
G1 X115.491 Y111.784
G1 X115.648 Y111.2
G1 X115.651 Y111.179
G1 X130.425 Y95.773
G1 X130.425 Y95.425
G1 E2.5 F6000
;TYPE:Outer wall
G1 F3000
G1 X130.425 Y86.575 E.37624
G1 X112.575 Y86.575 E.75887
G1 X112.575 Y95.425 E.37624
G1 X130.365 Y95.425 E.75632
G1 E-1.75 F6000
;WIPE_START
G1 F3000
G1 X130.372 Y94.425 E-.75
;WIPE_END
G1 X130.773 Y94.425 F18000
G1 X130.773 Y91.952
G1 X131.323 Y91.952
G1 E2.5 F6000
;TYPE:Gap infill
;WIDTH:0.163342
G1 F3000
G1 X131.153 Y91.155 E.00865
;WIDTH:0.149448
G1 X131.138 Y91.072 E.00078
;WIDTH:0.1368
G1 X131.122 Y90.989 E.00068
G1 X131.098 Y91.007 F18000
;WIDTH:0.442038
G1 F3000
G2 X131.355 Y91.943 I18.123 J-4.472 E.03593
G1 E-1.75 F6000
;WIPE_START
G1 F3000
G1 X131.098 Y91.007 E-.75
;WIPE_END
G1 X130.969 Y89.92 F18000
G1 E2.5 F6000
;WIDTH:0.625158
G1 F3000
G3 X130.969 Y88.08 I9.572 J-.92 E.10016
G1 E-1.75 F6000
;WIPE_START
G1 F3000
G1 X130.925 Y88.986 E-.67967
G1 X130.929 Y89.079 E-.07033
;WIPE_END
G1 X131.122 Y87.011 F18000
G1 E2.5 F6000
;WIDTH:0.1368
G1 F3000
G1 X131.138 Y86.928 E.00068
;WIDTH:0.149448
G1 X131.153 Y86.845 E.00078
;WIDTH:0.163342
G1 X131.323 Y86.048 E.00865
G1 X131.355 Y86.057 F18000
;WIDTH:0.44204
G1 F3000
G2 X131.098 Y86.993 I17.865 J5.408 E.03593
G1 E-1.75 F6000
;WIPE_START
G1 F3000
G1 X131.355 Y86.057 E-.75
;WIPE_END
G1 X131.843 Y86.374 F18000
G1 X132.017 Y86.106
G1 X132.341 Y85.705
G1 X132.705 Y85.341
G1 X133.106 Y85.017
G1 X133.538 Y84.736
G1 X133.997 Y84.502
G1 X134.479 Y84.317
G1 X134.976 Y84.184
G1 X135.485 Y84.103
G1 X136 Y84.076
G1 X136.515 Y84.103
G1 X137.024 Y84.184
G1 X137.521 Y84.317
G1 X138.003 Y84.502
G1 X138.448 Y84.761
G1 X138.768 Y85.191
G1 X138.935 Y85.466
G1 X139.088 Y85.373
G1 E2.5 F6000
;WIDTH:0.129193
G1 F3000
G1 X139.222 Y85.487 E.0013
G1 X139.251 Y85.548 E.00049
G1 E-2.01391 F6000
;WIPE_START
G1 F3000
G1 X139.222 Y85.487 E-.13329
G1 X139.088 Y85.373 E-.3528
;WIPE_END
G1 X138.394 Y81.81 F18000
G1 E2.5 F6000
;TYPE:Bottom surface
;WIDTH:0.502549
G1 F3000
G1 X81.808 Y81.81 E2.41931
G1 X81.808 Y82.261 E.01928
G1 X138.192 Y82.261 E2.41068
G1 X138.192 Y82.712 E.01928
G1 X81.808 Y82.712 E2.41069
G1 X81.808 Y83.163 E.01928
G1 X138.192 Y83.163 E2.41069
G1 X138.192 Y83.614 E.01928
G1 X138.16 Y83.614 E.00137
G2 X133.84 Y83.614 I-2.16 J5.277 E.18943
G1 X86.16 Y83.614 E2.03855
G2 X81.84 Y83.614 I-2.16 J5.277 E.18943
G1 X81.606 Y83.614 E.01
G1 E-1.75 F6000
;WIPE_START
G1 F3000
G1 X81.84 Y83.614 E-.17544
G1 X82.204 Y83.474 E-.29242
G1 X82.568 Y83.377 E-.28214
;WIPE_END
G1 X86.651 Y84.065 F18000
G1 E2.5 F6000
G1 F3000
G1 X132.945 Y84.065 E1.97933
G2 X132.317 Y84.516 I1.833 J3.218 E.03313
G1 X87.683 Y84.516 E1.90833
G3 X88.173 Y84.967 I-1.899 J2.555 E.02853
G1 X131.827 Y84.967 E1.86643
G2 X131.502 Y85.342 I1.379 J1.525 E.02126
G1 X111.342 Y85.342 E.86194
G1 X111.342 Y85.418 E.00327
G1 X88.566 Y85.418 E.97378
G3 X88.885 Y85.869 I-1.988 J1.747 E.02368
G1 X111.342 Y85.869 E.96012
G1 X111.342 Y86.32 E.01928
G1 X89.147 Y86.32 E.94894
G3 X89.36 Y86.771 I-2.037 J1.238 E.02136
G1 X111.342 Y86.771 E.93984
G1 X111.342 Y87.222 E.01928
G1 X89.531 Y87.222 E.93252
G1 X89.652 Y87.673 E.01996
G1 X111.342 Y87.673 E.92736
G1 X111.342 Y88.124 E.01928
G1 X89.736 Y88.124 E.92375
G3 X89.788 Y88.575 I-2.12 J.473 E.01945
G1 X111.342 Y88.575 E.92152
G1 X111.342 Y89.026 E.01928
G1 X89.809 Y89.026 E.92063
G1 X89.785 Y89.477 E.01931
G1 X111.342 Y89.477 E.92164
G1 X111.342 Y89.928 E.01928
G1 X89.728 Y89.928 E.9241
G3 X89.638 Y90.38 I-2.193 J-.204 E.0197
G1 X111.342 Y90.38 E.92796
G1 X111.342 Y90.831 E.01928
G1 X89.513 Y90.831 E.9333
G1 X89.34 Y91.282 E.02066
G1 X111.342 Y91.282 E.9407
G1 X111.342 Y91.733 E.01928
G1 X89.12 Y91.733 E.95009
G3 X88.851 Y92.184 I-2.281 J-1.054 E.02249
G1 X111.342 Y92.184 E.96158
G1 X111.342 Y92.635 E.01928
G1 X88.523 Y92.635 E.97561
G3 X88.12 Y93.086 I-2.346 J-1.69 E.0259
G1 X111.342 Y93.086 E.99283
G1 X111.342 Y93.537 E.01928
G1 X87.618 Y93.537 E1.01432
G3 X86.973 Y93.988 I-2.47 J-2.843 E.0337
G1 X111.342 Y93.988 E1.04188
G1 X111.342 Y94.439 E.01928
G1 X86.023 Y94.439 E1.08252
G3 X81.978 Y94.439 I-2.023 J-5.308 E.17683
G1 X81.808 Y94.439 E.00725
G1 X81.808 Y94.89 E.01928
G1 X111.342 Y94.89 E1.26271
G1 X111.342 Y95.341 E.01928
G1 X81.808 Y95.341 E1.26271
G1 X81.808 Y95.792 E.01928
G1 X111.543 Y95.792 E1.27134
G1 E-1.75 F6000
;WIPE_START
G1 F3000
G1 X110.543 Y95.792 E-.75
;WIPE_END
G1 X130.773 Y95.773 F18000
G1 X130.773 Y93.086
G1 X131.457 Y93.086
G1 E2.5 F6000
G1 F3000
G1 X131.88 Y93.086 E.01809
G2 X132.382 Y93.537 I2.395 J-2.163 E.02892
G1 X131.658 Y93.537 E.03095
G1 X131.658 Y93.988 E.01928
G1 X133.453 Y93.988 E.07672
G1 E-1.75 F6000
;WIPE_START
G1 F3000
G1 X132.453 Y93.988 E-.75
;WIPE_END
G1 X138.394 Y94.439 F18000
G1 E2.5 F6000
G1 F3000
G1 X138.022 Y94.439 E.01588
G3 X133.977 Y94.439 I-2.023 J-5.308 E.17682
G1 X131.658 Y94.439 E.09915
G1 X131.658 Y94.89 E.01928
G1 X138.192 Y94.89 E.27934
G1 X138.192 Y95.341 E.01928
G1 X131.658 Y95.341 E.27934
G1 X131.658 Y95.792 E.01928
G1 X138.192 Y95.792 E.27934
G1 X138.192 Y96.243 E.01928
G1 X131.658 Y96.243 E.27934
G1 X131.658 Y96.658 E.01775
G1 X111.342 Y96.658 E.86865
G1 X111.342 Y96.243 E.01775
G1 X81.808 Y96.243 E1.26271
G1 X81.808 Y96.694 E.01928
G1 X138.192 Y96.694 E2.41069
G1 X138.192 Y97.145 E.01928
G1 X81.808 Y97.145 E2.41069
G1 X81.808 Y97.596 E.01928
G1 X138.192 Y97.596 E2.41069
G1 X138.192 Y98.047 E.01928
G1 X81.808 Y98.047 E2.41069
G1 X81.808 Y98.498 E.01928
G1 X138.192 Y98.498 E2.41069
G1 X138.192 Y98.949 E.01928
G1 X81.808 Y98.949 E2.41069
G1 X81.808 Y99.4 E.01928
G1 X138.192 Y99.4 E2.41069
G1 X138.192 Y99.851 E.01928
G1 X81.808 Y99.851 E2.41069
G1 X81.808 Y100.303 E.01928
G1 X138.192 Y100.303 E2.41069
G1 X138.192 Y100.754 E.01928
G1 X81.808 Y100.754 E2.41069
G1 X81.808 Y101.205 E.01928
G1 X138.192 Y101.205 E2.41069
G1 X138.192 Y101.656 E.01928
G1 X81.808 Y101.656 E2.41069
G1 X81.808 Y102.107 E.01928
G1 X138.192 Y102.107 E2.41069
G1 X138.192 Y102.558 E.01928
G1 X81.808 Y102.558 E2.41068
G1 X81.808 Y103.009 E.01928
G1 X138.192 Y103.009 E2.41068
G1 X138.192 Y103.46 E.01928
G1 X81.808 Y103.46 E2.41068
G1 X81.808 Y103.911 E.01928
G1 X107.302 Y103.911 E1.08999
G1 X106.67 Y104.232 E.03032
G1 X106.469 Y104.362 E.01022
G1 X81.808 Y104.362 E1.05438
G1 X81.808 Y104.813 E.01928
G1 X105.836 Y104.813 E1.02731
G2 X105.329 Y105.264 I1.892 J2.636 E.02906
G1 X81.808 Y105.264 E1.00564
G1 X81.808 Y105.442 E.00759
G1 X87.808 Y105.442 E.25653
G1 X87.808 Y105.715 E.01169
G1 X104.911 Y105.715 E.73123
G2 X104.559 Y106.166 I1.97 J1.901 E.02451
G1 X87.808 Y106.166 E.71617
G1 X87.808 Y106.617 E.01928
G1 X104.27 Y106.617 E.70382
G1 X104.032 Y107.068 E.0218
G1 X87.808 Y107.068 E.69366
G1 X87.808 Y107.519 E.01928
G1 X103.828 Y107.519 E.6849
G2 X103.658 Y107.97 I2.061 J1.034 E.02064
G1 X87.808 Y107.97 E.67764
G1 X87.808 Y108.421 E.01928
G1 X103.537 Y108.421 E.67247
G2 X103.444 Y108.872 I2.099 J.666 E.01972
G1 X87.808 Y108.872 E.66851
G1 X87.808 Y109.323 E.01928
G1 X103.375 Y109.323 E.66555
G1 X103.351 Y109.774 E.01931
G1 X87.808 Y109.774 E.66454
G1 X87.808 Y110.226 E.01928
G1 X103.351 Y110.226 E.66454
G1 X103.375 Y110.677 E.01931
G1 X87.808 Y110.677 E.66555
G1 X87.808 Y111.128 E.01928
G1 X103.444 Y111.128 E.66851
G2 X103.537 Y111.579 I2.192 J-.215 E.01972
G1 X87.808 Y111.579 E.67247
G1 X87.808 Y112.03 E.01928
G1 X103.658 Y112.03 E.67764
G2 X103.828 Y112.481 I2.231 J-.582 E.02064
G1 X87.808 Y112.481 E.6849
G1 X87.808 Y112.932 E.01928
G1 X104.029 Y112.932 E.6935
G2 X104.266 Y113.383 I2.264 J-.903 E.02183
G1 X87.808 Y113.383 E.70364
G1 X87.808 Y113.834 E.01928
G1 X104.559 Y113.834 E.71617
G2 X104.911 Y114.285 I2.322 J-1.45 E.02451
G1 X87.808 Y114.285 E.73123
G1 X87.808 Y114.558 E.01169
G1 X81.808 Y114.558 E.25653
G1 X81.808 Y114.736 E.00759
G1 X105.329 Y114.736 E1.00564
G2 X105.836 Y115.187 I2.399 J-2.185 E.02906
G1 X81.808 Y115.187 E1.02731
G1 X81.808 Y115.638 E.01928
G1 X106.469 Y115.638 E1.05438
G1 X106.67 Y115.768 E.01022
G1 X107.302 Y116.089 E.03032
G1 X81.606 Y116.089 E1.09862
G1 E-1.75 F6000
;WIPE_START
G1 F3000
G1 X82.606 Y116.089 E-.75
;WIPE_END
G1 X107.652 Y104.725 F18000
G1 X108.216 Y104.509
G1 X108.8 Y104.352
G1 X109.396 Y104.258
G1 X110 Y104.226
G1 X110.604 Y104.258
G1 X111.2 Y104.352
G1 X111.784 Y104.509
G1 X111.89 Y104.549
G1 X112.135 Y103.911
G1 E2.5 F6000
G1 F3000
G1 X138.192 Y103.911 E1.11407
G1 X138.192 Y104.362 E.01928
G1 X113.531 Y104.362 E1.05438
G3 X114.164 Y104.813 I-1.829 J3.237 E.0333
G1 X138.192 Y104.813 E1.02731
G1 X138.192 Y105.264 E.01928
G1 X114.671 Y105.264 E1.00564
G3 X115.089 Y105.715 I-1.937 J2.216 E.02635
G1 X132.192 Y105.715 E.73123
G1 X132.192 Y106.166 E.01928
G1 X115.441 Y106.166 E.71617
G1 X115.734 Y106.617 E.02299
G1 X132.192 Y106.617 E.70364
G1 X132.192 Y107.068 E.01928
G1 X115.971 Y107.068 E.6935
G3 X116.172 Y107.519 I-2.045 J1.182 E.02115
G1 X132.192 Y107.519 E.6849
G1 X132.192 Y107.97 E.01928
G1 X116.342 Y107.97 E.67764
G1 X116.463 Y108.421 E.01996
G1 X132.192 Y108.421 E.67247
G1 X132.192 Y108.872 E.01928
G1 X116.556 Y108.872 E.66851
G3 X116.625 Y109.323 I-2.111 J.555 E.01955
G1 X132.192 Y109.323 E.66555
G1 X132.192 Y109.774 E.01928
G1 X116.649 Y109.774 E.66454
G3 X116.649 Y110.226 I-2.146 J.226 E.01932
G1 X132.192 Y110.226 E.66454
G1 X132.192 Y110.677 E.01928
G1 X116.625 Y110.677 E.66555
G3 X116.556 Y111.128 I-2.181 J-.104 E.01955
G1 X132.192 Y111.128 E.66851
G1 X132.192 Y111.579 E.01928
G1 X116.463 Y111.579 E.67247
G1 X116.342 Y112.03 E.01996
G1 X132.192 Y112.03 E.67764
G1 X132.192 Y112.481 E.01928
G1 X116.172 Y112.481 E.6849
G3 X115.971 Y112.932 I-2.246 J-.731 E.02115
G1 X132.192 Y112.932 E.6935
G1 X132.192 Y113.383 E.01928
G1 X115.734 Y113.383 E.70364
G1 X115.441 Y113.834 E.02299
G1 X132.192 Y113.834 E.71617
G1 X132.192 Y114.285 E.01928
G1 X115.089 Y114.285 E.73123
G3 X114.671 Y114.736 I-2.355 J-1.765 E.02635
G1 X138.192 Y114.736 E1.00564
G1 X138.192 Y115.187 E.01928
G1 X114.164 Y115.187 E1.02731
G3 X113.531 Y115.638 I-2.462 J-2.786 E.0333
G1 X138.192 Y115.638 E1.05438
G1 X138.192 Y116.089 E.01928
G1 X112.135 Y116.089 E1.11407
G1 E-1.75 F6000
;WIPE_START
G1 F3000
G1 X113.135 Y116.089 E-.75
;WIPE_END
G1 X138.394 Y116.54 F18000
G1 E2.5 F6000
G1 F3000
G1 X81.808 Y116.54 E2.41931
G1 X81.808 Y116.991 E.01928
G1 X138.192 Y116.991 E2.41068
G1 X138.192 Y117.442 E.01928
G1 X81.808 Y117.442 E2.41068
G1 X81.808 Y117.893 E.01928
G1 X138.192 Y117.893 E2.41069
G1 X138.192 Y118.344 E.01928
G1 X81.808 Y118.344 E2.41069
G1 X81.808 Y118.795 E.01928
G1 X138.192 Y118.795 E2.41069
G1 X138.192 Y119.246 E.01928
G1 X81.808 Y119.246 E2.41069
G1 X81.808 Y119.697 E.01928
G1 X138.192 Y119.697 E2.41069
G1 X138.192 Y120.149 E.01928
G1 X81.808 Y120.149 E2.41069
G1 X81.808 Y120.6 E.01928
G1 X138.192 Y120.6 E2.41069
G1 X138.192 Y121.051 E.01928
G1 X81.808 Y121.051 E2.41069
G1 X81.808 Y121.502 E.01928
G1 X138.192 Y121.502 E2.41069
G1 X138.192 Y121.953 E.01928
G1 X81.808 Y121.953 E2.41069
G1 X81.808 Y122.404 E.01928
G1 X138.192 Y122.404 E2.41069
G1 X138.192 Y122.855 E.01928
G1 X81.808 Y122.855 E2.41069
G1 X81.808 Y123.306 E.01928
G1 X138.192 Y123.306 E2.41069
G1 X138.192 Y123.757 E.01928
G1 X81.808 Y123.757 E2.41069
G1 X81.808 Y124.208 E.01928
G1 X138.192 Y124.208 E2.4107
G1 X138.192 Y124.659 E.01928
G1 X111.058 Y124.659 E1.1601
G1 X111.058 Y124.442 E.00929
G1 X92.942 Y124.442 E.77458
G1 X92.942 Y124.659 E.00929
G1 X81.808 Y124.659 E.47602
G1 X81.808 Y125.11 E.01928
G1 X92.942 Y125.11 E.47602
G1 X92.942 Y125.561 E.01928
G1 X86.023 Y125.561 E.29582
G2 X81.978 Y125.561 I-2.023 J5.308 E.17683
G1 X81.606 Y125.561 E.01588
G1 E-1.75 F6000
;WIPE_START
G1 F3000
G1 X81.978 Y125.561 E-.27849
G1 X82.204 Y125.474 E-.18204
G1 X82.577 Y125.374 E-.28947
;WIPE_END
G1 X86.547 Y126.012 F18000
G1 E2.5 F6000
G1 F3000
G1 X92.942 Y126.012 E.27339
G1 X92.942 Y126.463 E.01928
G1 X87.618 Y126.463 E.22762
G3 X88.12 Y126.914 I-1.893 J2.614 E.02892
G1 X92.942 Y126.914 E.20614
G1 X92.942 Y127.365 E.01928
G1 X88.523 Y127.365 E.18892
G3 X88.851 Y127.816 I-1.983 J1.788 E.02389
G1 X92.942 Y127.816 E.17489
G1 X92.942 Y128.267 E.01928
G1 X89.12 Y128.267 E.1634
G3 X89.34 Y128.718 I-2.034 J1.269 E.02149
G1 X92.942 Y128.718 E.15401
G1 X92.942 Y129.169 E.01928
G1 X89.513 Y129.169 E.14661
G3 X89.638 Y129.62 I-2.082 J.819 E.02005
G1 X92.942 Y129.62 E.14127
G1 X92.942 Y130.072 E.01928
G1 X89.728 Y130.072 E.13741
G3 X89.785 Y130.523 I-2.118 J.5 E.01948
G1 X92.942 Y130.523 E.13494
G1 X92.942 Y130.974 E.01928
G1 X89.809 Y130.974 E.13393
G3 X89.788 Y131.425 I-2.154 J.126 E.01934
G1 X92.942 Y131.425 E.13482
G1 X92.942 Y131.876 E.01928
G1 X89.736 Y131.876 E.13705
G3 X89.652 Y132.327 I-2.19 J-.177 E.01966
G1 X92.942 Y132.327 E.14066
G1 X92.942 Y132.778 E.01928
G1 X89.531 Y132.778 E.14583
G3 X89.36 Y133.229 I-2.231 J-.588 E.02066
G1 X92.942 Y133.229 E.15314
G1 X92.942 Y133.68 E.01928
G1 X89.147 Y133.68 E.16225
G3 X88.885 Y134.131 I-2.277 J-1.018 E.02233
G1 X92.942 Y134.131 E.17342
G1 X92.942 Y134.582 E.01928
G1 X88.566 Y134.582 E.18709
G3 X88.173 Y135.033 I-2.341 J-1.642 E.02562
G1 X92.942 Y135.033 E.20388
G1 X92.942 Y135.484 E.01928
G1 X87.683 Y135.484 E.22483
G3 X87.055 Y135.935 I-2.462 J-2.767 E.03313
G1 X105.442 Y135.935 E.78614
G1 X105.442 Y136.386 E.01928
G1 X86.16 Y136.386 E.82438
G3 X81.808 Y136.386 I-2.176 J-5.491 E.19056
G1 X81.808 Y136.837 E.01928
G1 X105.442 Y136.837 E1.01045
G1 X105.442 Y137.288 E.01928
G1 X81.808 Y137.288 E1.01045
G1 X81.808 Y137.739 E.01928
G1 X105.442 Y137.739 E1.01045
G1 X105.442 Y138.19 E.01928
G1 X81.606 Y138.19 E1.01908
G1 E-1.75 F6000
;WIPE_START
G1 F3000
G1 X82.606 Y138.19 E-.75
;WIPE_END
G1 X82.606 Y139.077 F18000
G1 X93.827 Y134.673
G1 X93.827 Y125.327
G1 X110.173 Y125.327
G1 X110.857 Y125.11
G1 E2.5 F6000
G1 F3000
G1 X138.192 Y125.11 E1.16873
G1 X138.192 Y125.561 E.01928
G1 X138.022 Y125.561 E.00725
G2 X133.977 Y125.561 I-2.023 J5.308 E.17683
G1 X111.058 Y125.561 E.97991
G1 X111.058 Y126.012 E.01928
G1 X133.027 Y126.012 E.93926
G2 X132.382 Y126.463 I1.825 J3.294 E.0337
G1 X111.058 Y126.463 E.91171
G1 X111.058 Y126.914 E.01928
G1 X131.88 Y126.914 E.89022
G2 X131.477 Y127.365 I1.943 J2.141 E.0259
G1 X111.058 Y127.365 E.873
G1 X111.058 Y127.816 E.01928
G1 X131.149 Y127.816 E.85897
G2 X130.88 Y128.267 I2.012 J1.505 E.02249
G1 X111.058 Y128.267 E.84748
G1 X111.058 Y128.718 E.01928
G1 X130.66 Y128.718 E.83809
G1 X130.487 Y129.169 E.02066
G1 X111.058 Y129.169 E.83069
G1 X111.058 Y129.62 E.01928
G1 X130.362 Y129.62 E.82535
G2 X130.272 Y130.072 I2.103 J.655 E.0197
G1 X111.058 Y130.072 E.82149
G1 X111.058 Y130.523 E.01928
G1 X130.215 Y130.523 E.81903
G1 X130.191 Y130.974 E.01931
G1 X111.058 Y130.974 E.81801
G1 X111.058 Y131.425 E.01928
G1 X130.212 Y131.425 E.81891
G2 X130.264 Y131.876 I2.172 J-.022 E.01945
G1 X111.058 Y131.876 E.82113
G1 X111.058 Y132.192 E.01351
G1 X114.558 Y132.192 E.14964
G1 X114.558 Y132.327 E.00578
G1 X130.348 Y132.327 E.6751
G1 X130.469 Y132.778 E.01996
G1 X114.558 Y132.778 E.68027
G1 X114.558 Y133.229 E.01928
G1 X130.64 Y133.229 E.68758
G2 X130.853 Y133.68 I2.25 J-.787 E.02136
G1 X114.558 Y133.68 E.69669
G1 X114.558 Y134.131 E.01928
G1 X131.115 Y134.131 E.70786
G2 X131.434 Y134.582 I2.307 J-1.296 E.02368
G1 X114.558 Y134.582 E.72153
G1 X114.558 Y135.033 E.01928
G1 X131.827 Y135.033 E.73832
G2 X132.317 Y135.484 I2.389 J-2.104 E.02853
G1 X114.558 Y135.484 E.75927
G1 X114.558 Y135.935 E.01928
G1 X133.349 Y135.935 E.8034
G1 E-1.75 F6000
;WIPE_START
G1 F3000
G1 X132.349 Y135.935 E-.75
;WIPE_END
G1 X138.394 Y136.386 F18000
G1 E2.5 F6000
G1 F3000
G1 X138.16 Y136.386 E.01
G3 X133.84 Y136.386 I-2.16 J-5.277 E.18943
G1 X114.558 Y136.386 E.82438
G1 X114.558 Y136.837 E.01928
G1 X138.192 Y136.837 E1.01045
G1 X138.192 Y137.288 E.01928
G1 X114.558 Y137.288 E1.01045
G1 X114.558 Y137.739 E.01928
G1 X138.192 Y137.739 E1.01045
G1 X138.192 Y138.19 E.01928
G1 X114.357 Y138.19 E1.01908
G1 E-1.75 F6000
;WIPE_START
G1 F3000
G1 X115.357 Y138.19 E-.75
;WIPE_END
G1 X115.357 Y139.077 F18000
G1 X108.8 Y115.648
G1 X108.216 Y115.491
G1 X107.652 Y115.275
G1 X107.113 Y115
G1 X106.606 Y114.671
G1 X106.137 Y114.291
G1 X105.709 Y113.863
G1 X105.329 Y113.394
G1 X105 Y112.887
G1 X104.725 Y112.348
G1 X104.509 Y111.784
G1 X104.352 Y111.2
G1 X104.258 Y110.604
G1 X104.226 Y110
G1 X104.258 Y109.396
G1 X104.352 Y108.8
G1 X104.509 Y108.216
G1 X104.725 Y107.652
G1 X105 Y107.113
G1 X105.329 Y106.606
G1 X105.709 Y106.137
G1 X106.137 Y105.709
G1 X106.606 Y105.329
G1 X107.113 Y105
G1 X107.652 Y104.725
G1 X108.216 Y104.509
G1 X108.329 Y104.478
G1 X108.123 Y103.709
G1 E2.5 F6000
;TYPE:Gap infill
;WIDTH:0.123069
G1 F3000
G1 X107.96 Y103.73 E.00111
;WIDTH:0.162308
G1 X107.811 Y103.758 E.00159
;WIDTH:0.204413
G1 X107.662 Y103.785 E.0022
;WIDTH:0.225466
G1 X107.513 Y103.813 E.0025
G1 E-2.19693 F6000
;WIPE_START
G1 F3000
G1 X107.662 Y103.785 E-.30307
;WIPE_END
G1 X112.135 Y103.748 F18000
G1 E2.5 F6000
;WIDTH:0.148701
G1 F3000
G1 X112.035 Y103.73 E.00093
;WIDTH:0.139774
G1 X111.877 Y103.709 E.00133
G1 E-2.18226 F6000
;WIPE_START
G1 F3000
G1 X112.035 Y103.73 E-.31774
;WIPE_END
G1 X111.784 Y104.509 F18000
G1 X112.348 Y104.725
G1 X112.887 Y105
G1 X113.394 Y105.329
G1 X113.863 Y105.709
G1 X114.291 Y106.137
G1 X114.671 Y106.606
G1 X115 Y107.113
G1 X115.275 Y107.652
G1 X115.491 Y108.216
G1 X115.648 Y108.8
G1 X115.742 Y109.396
G1 X115.774 Y110
G1 X115.742 Y110.604
G1 X115.648 Y111.2
G1 X115.491 Y111.784
G1 X115.275 Y112.348
G1 X115 Y112.887
G1 X114.671 Y113.394
G1 X114.291 Y113.863
G1 X113.863 Y114.291
G1 X113.394 Y114.671
G1 X112.887 Y115
G1 X112.348 Y115.275
G1 X111.835 Y115.472
G1 X112.135 Y116.252
G1 E2.5 F6000
;WIDTH:0.148704
G1 F3000
G1 X112.035 Y116.27 E.00093
;WIDTH:0.139778
G1 X111.877 Y116.291 E.00133
G1 E-2.18223 F6000
;WIPE_START
G1 F3000
G1 X112.035 Y116.27 E-.31777
;WIPE_END
G1 X108.123 Y116.291 F18000
G1 E2.5 F6000
;WIDTH:0.123067
G1 F3000
G1 X107.96 Y116.27 E.00111
;WIDTH:0.163318
G1 X107.841 Y116.248 E.00128
;WIDTH:0.205931
G1 X107.677 Y116.217 E.00244
;WIDTH:0.226478
G1 X107.513 Y116.187 E.00277
G1 E-2.16647 F6000
;WIPE_START
G1 F3000
G1 X107.677 Y116.217 E-.33353
;WIPE_END
G1 X107.989 Y115.404 F18000
G1 X93.827 Y125.327
G1 X93.827 Y134.673
G1 X106.327 Y134.673
G1 X106.327 Y135.578
G1 X105.554 Y135.578
G1 E2.5 F6000
;WIDTH:0.31482
G1 F3000
G1 X93.299 Y135.578 E.30588
G1 X93.167 Y135.446 E.00464
G1 E-1.75 F6000
;WIPE_START
G1 F3000
G1 X93.299 Y135.578 E-.13948
G1 X94.113 Y135.578 E-.61052
;WIPE_END
G1 X93.827 Y134.673 F18000
G1 X93.827 Y125.327
G1 X110.173 Y125.327
G1 X136 Y126.076
G1 X139.077 Y126.201
G1 X139.077 Y114.478
G1 X138.304 Y114.478
G1 E2.5 F6000
;WIDTH:0.115706
G1 F3000
G1 X132.317 Y114.478 E.03643
G1 E-1.75 F6000
;WIPE_START
G1 F3000
G1 X133.317 Y114.478 E-.75
;WIPE_END
G1 X133.317 Y113.673 F18000
G1 X133.077 Y113.673
G1 X133.077 Y106.327
G1 X139.077 Y106.327
G1 X139.077 Y105.522
G1 X138.304 Y105.522
G1 E2.5 F6000
;WIDTH:0.115708
G1 F3000
G1 X132.317 Y105.522 E.03643
G1 E-1.75 F6000
;WIPE_START
G1 F3000
G1 X133.317 Y105.522 E-.75
;WIPE_END
G1 X131.807 Y92.86 F18000
G1 E2.5 F6000
;WIDTH:0.108614
G1 F3000
G1 X131.546 Y92.743 E.00155
G1 E-1.92752 F6000
;WIPE_START
G1 F3000
G1 X131.807 Y92.86 E-.57248
;WIPE_END
G1 X132.357 Y92.311 F18000
G1 X132.705 Y92.659
G1 X133.106 Y92.983
G1 X133.538 Y93.264
G1 X133.997 Y93.498
G1 X134.479 Y93.683
G1 X134.976 Y93.816
G1 X135.485 Y93.897
G1 X136 Y93.924
G1 X136.515 Y93.897
G1 X137.024 Y93.816
G1 X137.521 Y93.683
G1 X138.003 Y93.498
G1 X138.448 Y93.239
G1 X138.768 Y92.809
G1 X138.935 Y92.534
G1 X139.088 Y92.627
G1 E2.5 F6000
;WIDTH:0.129487
G1 F3000
G1 X139.224 Y92.511 E.00132
G1 X139.252 Y92.45 E.0005
G1 E-2.00846 F6000
;WIPE_START
G1 F3000
G1 X139.224 Y92.511 E-.13429
G1 X139.088 Y92.627 E-.35725
;WIPE_END
G1 X138.935 Y92.534 F18000
G1 X133.077 Y106.327
G1 X133.077 Y113.673
G1 X139.035 Y127.63
G1 X138.935 Y127.466
G1 X139.088 Y127.373
G1 E2.5 F6000
;WIDTH:0.129486
G1 F3000
G1 X139.224 Y127.489 E.00132
G1 X139.252 Y127.55 E.0005
G1 E-2.00846 F6000
;WIPE_START
G1 F3000
G1 X139.224 Y127.489 E-.13429
G1 X139.088 Y127.373 E-.35725
;WIPE_END
G1 X138.935 Y127.466 F18000
G1 X138.768 Y127.191
G1 X138.448 Y126.761
G1 X138.003 Y126.502
G1 X137.521 Y126.317
G1 X137.024 Y126.184
G1 X136.515 Y126.103
G1 X136 Y126.076
G1 X135.485 Y126.103
G1 X134.976 Y126.184
G1 X134.479 Y126.317
G1 X133.997 Y126.502
G1 X133.538 Y126.736
G1 X133.106 Y127.017
G1 X132.705 Y127.341
G1 X132.341 Y127.705
G1 X132.017 Y128.106
G1 X131.736 Y128.538
G1 X131.502 Y128.997
G1 X131.317 Y129.479
G1 X131.184 Y129.976
G1 X131.103 Y130.485
G1 X131.076 Y131
G1 X131.103 Y131.515
G1 X131.184 Y132.024
G1 X131.317 Y132.521
G1 X131.502 Y133.003
G1 X131.736 Y133.462
G1 X132.017 Y133.894
G1 X132.341 Y134.295
G1 X132.705 Y134.659
G1 X133.106 Y134.983
G1 X133.538 Y135.264
G1 X133.997 Y135.498
G1 X134.479 Y135.683
G1 X134.976 Y135.816
G1 X135.485 Y135.897
G1 X136 Y135.924
G1 X136.515 Y135.897
G1 X137.024 Y135.816
G1 X137.521 Y135.683
G1 X138.003 Y135.498
G1 X138.448 Y135.239
G1 X139.56 Y134.25
G1 X139.466 Y134.526
G1 X139.251 Y134.452
G1 E2.5 F6000
;WIDTH:0.129194
G1 F3000
G1 X139.222 Y134.513 E.00049
G1 X139.088 Y134.627 E.0013
G1 E-2.01391 F6000
;WIPE_START
G1 F3000
G1 X139.222 Y134.513 E-.3528
G1 X139.251 Y134.452 E-.13329
;WIPE_END
G1 X139.466 Y134.526 F18000
G1 X139.237 Y135.175
G1 X139.077 Y135.638
G1 X113.673 Y139.077
G1 X113.673 Y133.077
G1 X110.173 Y125.327
G1 X93.827 Y125.327
G1 X93.827 Y134.673
G1 X80.923 Y138.732
G1 X80.965 Y134.37
G1 X81.065 Y134.534
G1 X80.912 Y134.627
G1 E2.5 F6000
;WIDTH:0.118188
G1 F3000
G1 X80.778 Y134.513 E.00112
G1 X80.749 Y134.452 E.00042
G1 E-2.01391 F6000
;WIPE_START
G1 F3000
G1 X80.778 Y134.513 E-.13329
G1 X80.912 Y134.627 E-.3528
;WIPE_END
G1 X81.065 Y134.534 F18000
G1 X81.232 Y134.809
G1 X81.552 Y135.239
G1 X81.997 Y135.498
G1 X82.479 Y135.683
G1 X82.976 Y135.816
G1 X83.485 Y135.897
G1 X84 Y135.924
G1 X84.515 Y135.897
G1 X85.024 Y135.816
G1 X85.521 Y135.683
G1 X86.003 Y135.498
G1 X86.462 Y135.264
G1 X86.894 Y134.983
G1 X87.295 Y134.659
G1 X87.659 Y134.295
G1 X87.983 Y133.894
G1 X88.264 Y133.462
G1 X88.498 Y133.003
G1 X88.683 Y132.521
G1 X88.816 Y132.024
G1 X88.897 Y131.515
G1 X88.924 Y131
G1 X88.897 Y130.485
G1 X88.816 Y129.976
G1 X88.683 Y129.479
G1 X88.498 Y128.997
G1 X88.264 Y128.538
G1 X87.983 Y128.106
G1 X87.659 Y127.705
G1 X87.295 Y127.341
G1 X86.894 Y127.017
G1 X86.462 Y126.736
G1 X86.003 Y126.502
G1 X85.521 Y126.317
G1 X85.024 Y126.184
G1 X84.515 Y126.103
G1 X84 Y126.076
G1 X83.485 Y126.103
G1 X82.976 Y126.184
G1 X82.479 Y126.317
G1 X81.997 Y126.502
G1 X81.552 Y126.761
G1 X80.46 Y127.685
G1 X80.533 Y127.475
G1 X80.748 Y127.55
G1 E2.5 F6000
;WIDTH:0.118264
G1 F3000
G1 X80.776 Y127.489 E.00042
G1 X80.912 Y127.373 E.00113
G1 E-2.00847 F6000
;WIPE_START
G1 F3000
G1 X80.776 Y127.489 E-.35725
G1 X80.748 Y127.55 E-.13428
;WIPE_END
G1 X80.533 Y127.475 F18000
G1 X86.923 Y113.673
G1 X86.923 Y106.327
G1 X80.965 Y92.37
G1 X81.065 Y92.534
G1 X80.912 Y92.627
G1 E2.5 F6000
;WIDTH:0.118264
G1 F3000
G1 X80.776 Y92.511 E.00113
G1 X80.748 Y92.45 E.00042
G1 E-2.00847 F6000
;WIPE_START
G1 F3000
G1 X80.776 Y92.511 E-.13428
G1 X80.912 Y92.627 E-.35725
;WIPE_END
G1 X81.065 Y92.534 F18000
G1 X81.232 Y92.809
G1 X81.552 Y93.239
G1 X81.997 Y93.498
G1 X82.479 Y93.683
G1 X82.976 Y93.816
G1 X83.485 Y93.897
G1 X84 Y93.924
G1 X84.515 Y93.897
G1 X85.024 Y93.816
G1 X85.521 Y93.683
G1 X86.003 Y93.498
G1 X86.462 Y93.264
G1 X86.894 Y92.983
G1 X87.295 Y92.659
G1 X87.659 Y92.295
G1 X87.983 Y91.894
G1 X88.264 Y91.462
G1 X88.498 Y91.003
G1 X88.683 Y90.521
G1 X88.816 Y90.024
G1 X88.897 Y89.515
G1 X88.924 Y89
G1 X88.897 Y88.485
G1 X88.816 Y87.976
G1 X88.683 Y87.479
G1 X88.498 Y86.997
G1 X88.264 Y86.538
G1 X87.983 Y86.106
G1 X87.659 Y85.705
G1 X87.295 Y85.341
G1 X86.894 Y85.017
G1 X86.462 Y84.736
G1 X86.003 Y84.502
G1 X85.521 Y84.317
G1 X85.024 Y84.184
G1 X84.515 Y84.103
G1 X84 Y84.076
G1 X83.485 Y84.103
G1 X82.976 Y84.184
G1 X82.479 Y84.317
G1 X81.997 Y84.502
G1 X81.552 Y84.761
G1 X80.44 Y85.75
G1 X80.534 Y85.474
G1 X80.749 Y85.548
G1 E2.5 F6000
;WIDTH:0.118187
G1 F3000
G1 X80.778 Y85.487 E.00042
G1 X80.912 Y85.373 E.00112
; stop printing object mid_plate.stl id:1992740639744 copy 0
;LAYER_CHANGE
;Z:0.44
;HEIGHT:0.2
G92 E0 ; zero the extruded length again
; BEFORE_LAYER_CHANGE 1 @ 0.44mm
G1 E-2.01391 F6000
;WIPE_START
G1 F3000
G1 X80.778 Y85.487 E-.3528
G1 X80.749 Y85.548 E-.13329
;WIPE_END
; AFTER_LAYER_CHANGE 1 @ 0.44mm
;_SET_FAN_SPEED_CHANGING_LAYER
M204 P2000
M104 S230 ; set nozzle temperature
; printing object mid_plate.stl id:1992740639744 copy 0
G1 X80.548 Y85.479 Z.64 F18000
G1 X81.569 Y84.79
G1 X82.023 Y84.559
G1 X82.498 Y84.376
G1 X82.989 Y84.245
G1 X83.492 Y84.165
G1 X84 Y84.138
G1 X84.508 Y84.165
G1 X85.011 Y84.245
G1 X85.502 Y84.376
G1 X85.977 Y84.559
G1 X86.431 Y84.79
G1 X86.858 Y85.067
G1 X87.253 Y85.387
G1 X87.613 Y85.747
G1 X87.933 Y86.142
G1 X88.21 Y86.569
G1 X110.111 Y125.389
G1 X113.611 Y133.139
G1 X113.611 Y139.139
G1 X113.21 Y139.54
G1 Z.44
G1 E2.5 F6000
M204 P1000
;TYPE:Outer wall
;WIDTH:0.42
G1 F3600
G1 X113.21 Y133.54 E.17872
G1 X109.71 Y133.54 E.10425
G1 X109.71 Y125.79 E.23085
G1 X94.29 Y125.79 E.45931
G1 X94.29 Y134.21 E.2508
G1 X106.79 Y134.21 E.37233
G1 X106.79 Y139.54 E.15876
G1 X81.256 Y139.54 E.76058
G3 X80.46 Y138.744 I-.002 J-.793 E.03725
G1 X80.46 Y133.706 E.15007
G2 X80.46 Y128.294 I3.542 J-2.706 E.66106
G1 X80.46 Y113.21 E.44929
G1 X86.46 Y113.21 E.17872
G1 X86.46 Y106.79 E.19123
G1 X80.46 Y106.79 E.17872
G1 X80.46 Y91.706 E.44929
G2 X80.46 Y86.294 I3.542 J-2.706 E.66106
G1 X80.46 Y81.256 E.15007
G3 X81.256 Y80.46 I.793 J-.002 E.03725
G1 X138.832 Y80.465 E1.71502
G3 X139.54 Y81.256 I-.095 J.797 E.03453
G1 X139.54 Y86.294 E.15007
G2 X139.54 Y91.706 I-3.542 J2.706 E.66106
G1 X139.54 Y106.79 E.44929
G1 X133.54 Y106.79 E.17872
G1 X133.54 Y113.21 E.19123
G1 X139.54 Y113.21 E.17872
G1 X139.54 Y128.294 E.44929
G2 X139.54 Y133.706 I-3.542 J2.706 E.66106
G1 X139.54 Y138.744 E.15007
G3 X138.744 Y139.54 I-.793 J.002 E.03725
G1 X113.27 Y139.54 E.7588
G1 X113.611 Y139.139 F18000
G1 X113.602 Y139.148
M204 P1500
;TYPE:Inner wall
;WIDTH:0.45
G1 F6000
G1 X113.602 Y133.148 E.19294
G1 X110.102 Y133.148 E.11255
G1 X110.102 Y125.398 E.24921
G1 X93.898 Y125.398 E.52107
G1 X93.898 Y134.602 E.29597
G1 X106.398 Y134.602 E.40195
G1 X106.398 Y139.148 E.14618
G1 X81.266 Y139.148 E.80816
G3 X80.852 Y138.734 I-.012 J-.402 E.02107
G1 X80.852 Y134.687 E.13015
G2 X80.852 Y127.313 I3.151 J-3.687 E.71052
G1 X80.852 Y113.602 E.4409
G1 X86.852 Y113.602 E.19294
G1 X86.852 Y106.398 E.23166
G1 X80.852 Y106.398 E.19294
G1 X80.852 Y92.687 E.4409
G2 X80.852 Y85.313 I3.151 J-3.687 E.71052
G1 X80.852 Y81.266 E.13015
G3 X81.266 Y80.852 I.402 J-.012 E.02107
G1 X138.791 Y80.855 E1.84981
G3 X139.148 Y81.266 I-.049 J.402 E.01917
G1 X139.148 Y85.313 E.13015
G2 X139.148 Y92.687 I-3.151 J3.687 E.71052
G1 X139.148 Y106.398 E.4409
G1 X133.148 Y106.398 E.19294
G1 X133.148 Y113.602 E.23166
G1 X139.148 Y113.602 E.19294
G1 X139.148 Y127.313 E.4409
G2 X139.148 Y134.687 I-3.151 J3.687 E.71052
G1 X139.148 Y138.734 E.13015
G3 X138.734 Y139.148 I-.402 J.012 E.02107
G1 X113.662 Y139.148 E.80623
G1 X114.009 Y138.741 F18000
G1 F6000
G1 X114.009 Y132.741 E.19294
G1 X110.509 Y132.741 E.11255
G1 X110.509 Y124.991 E.24921
G1 X93.491 Y124.991 E.54725
G1 X93.491 Y135.009 E.32215
G1 X105.991 Y135.009 E.40195
G1 X105.991 Y138.741 E.12
G1 X81.259 Y138.741 E.79528
G1 X81.259 Y135.499 E.10423
G2 X86.14 Y135.806 I2.739 J-4.599 E.1633
G2 X81.86 Y126.194 I-2.14 J-4.806 E.53142
G1 X81.259 Y126.501 E.0217
G1 X81.259 Y114.009 E.40168
G1 X87.259 Y114.009 E.19294
G1 X87.259 Y105.991 E.25784
G1 X81.259 Y105.991 E.19294
G1 X81.259 Y93.499 E.40168
G2 X86.14 Y93.806 I2.739 J-4.599 E.1633
G2 X81.86 Y84.194 I-2.14 J-4.806 E.53142
G1 X81.259 Y84.501 E.0217
G1 X81.259 Y81.259 E.10423
G1 X138.741 Y81.259 E1.8484
G1 X138.741 Y84.501 E.10423
G2 X133.86 Y84.194 I-2.739 J4.599 E.1633
G2 X131.296 Y86.66 I2.189 J4.842 E.11664
G1 X131.109 Y86.615 E.00619
G1 X131.109 Y85.891 E.02328
G1 X111.891 Y85.891 E.61799
G1 X111.891 Y96.109 E.32858
G1 X131.109 Y96.109 E.61799
G1 X131.109 Y91.385 E.15191
G1 X131.296 Y91.34 E.00619
G2 X138.14 Y93.806 I4.713 J-2.351 E.25819
G1 X138.741 Y93.499 E.0217
G1 X138.741 Y105.991 E.40168
G1 X132.741 Y105.991 E.19294
G1 X132.741 Y114.009 E.25784
G1 X138.741 Y114.009 E.19294
G1 X138.741 Y126.501 E.40168
G2 X133.86 Y126.194 I-2.739 J4.599 E.1633
G2 X138.14 Y135.806 I2.14 J4.806 E.53142
G1 X138.741 Y135.499 E.0217
G1 X138.741 Y138.741 E.10423
G1 X114.069 Y138.741 E.79335
G1 E-1.75
;WIPE_START
G1 X114.059 Y137.741 E-.75
;WIPE_END
G1 X113.611 Y137.741 Z.64 F18000
G1 X113.611 Y133.139
G1 X113.227 Y133.139
G1 X109.979 Y115.711
G1 X110 Y115.308
G1 Z.44
G1 E2.5 F6000
M204 P1000
;TYPE:Outer wall
;WIDTH:0.42
G1 F3600
G2 X113.121 Y105.704 I.007 J-5.307 E.3977
G2 X109.895 Y104.695 I-3.143 J4.388 E.10242
G2 X109.94 Y115.308 I.112 J5.306 E.4913
G1 X109.919 Y115.707 F18000
G1 X109.98 Y115.711
G1 X109.981 Y115.702
M204 P1500
;TYPE:Inner wall
;WIDTH:0.45
G1 F6000
G1 X110 Y115.701 E.00062
G2 X113.816 Y105.762 I.007 J-5.699 E.44185
G2 X109.874 Y104.304 I-3.802 J4.221 E.13843
G2 X109.404 Y115.669 I.133 J5.698 E.55209
G1 X109.921 Y115.699 E.01665
G1 X109.961 Y116.109 F18000
G1 F6000
G1 X110 Y116.109 E.00125
G2 X114.541 Y105.911 I.007 J-6.107 E.45282
G2 X109.853 Y103.897 I-4.557 J4.144 E.16917
G2 X109.362 Y116.074 I.154 J6.105 E.59118
G1 X109.901 Y116.105 E.01738
G1 E-1.75
;WIPE_START
G1 X110 Y116.109 E-.07412
G1 X110.639 Y116.077 E-.47963
G1 X110.897 Y116.036 E-.19626
;WIPE_END
G1 X110.835 Y115.643 Z.64 F18000
G1 X111.188 Y115.587
G1 X111.765 Y115.432
G1 X112.323 Y115.218
G1 X112.856 Y114.946
G1 X113.357 Y114.621
G1 X113.822 Y114.245
G1 X114.245 Y113.822
G1 X114.621 Y113.357
G1 X114.946 Y112.856
G1 X115.218 Y112.323
G1 X115.432 Y111.765
G1 X115.587 Y111.188
G1 X115.617 Y110.997
G1 X130.31 Y95.711
G1 X130.31 Y95.31
G1 Z.44
G1 E2.5 F6000
M204 P1000
;TYPE:Outer wall
;WIDTH:0.42
G1 F3600
G1 X130.31 Y86.69 E.25676
G1 X112.69 Y86.69 E.52484
G1 X112.69 Y95.31 E.25676
G1 X130.25 Y95.31 E.52305
G1 X130.25 Y95.711 F18000
G1 X130.702 Y95.711
G1 X130.702 Y95.702
M204 P1500
;TYPE:Inner wall
;WIDTH:0.45
G1 F6000
G1 X130.702 Y86.298 E.3024
G1 X112.298 Y86.298 E.59181
G1 X112.298 Y95.702 E.3024
G1 X130.642 Y95.702 E.58988
G1 X131.51 Y92.314 F18000
M204 P2000
;TYPE:Internal solid infill
;WIDTH:0.394312
G1 F6000
G1 X131.444 Y92.352 E.00211
G1 X131.496 Y92.382 E.00167
G1 X131.155 Y91.165 F18000
;TYPE:Gap infill
;WIDTH:0.443408
G1 F6000
G1 X131.121 Y90.982 E.00589
;WIDTH:0.401179
G1 X131.087 Y90.799 E.00527
;WIDTH:0.357141
G1 X131.051 Y90.6 E.00501
;WIDTH:0.309764
G1 X131.027 Y90.424 E.00375
;WIDTH:0.263327
G1 X131.004 Y90.247 E.0031
;WIDTH:0.21587
G1 X130.98 Y90.063 E.00254
;WIDTH:0.171194
G1 X130.959 Y89.798 E.00269
;WIDTH:0.129266
G1 X130.938 Y89.53 E.00183
;WIDTH:0.108344
G1 X130.93 Y89.218 E.00161
G1 X130.93 Y88.782 F18000
;WIDTH:0.108344
G1 F6000
G1 X130.938 Y88.47 E.00161
;WIDTH:0.129265
G1 X130.959 Y88.202 E.00183
;WIDTH:0.171193
G1 X130.98 Y87.937 E.00269
;WIDTH:0.215871
G1 X131.004 Y87.753 E.00254
;WIDTH:0.263327
G1 X131.027 Y87.576 E.0031
;WIDTH:0.309763
G1 X131.051 Y87.4 E.00375
;WIDTH:0.35714
G1 X131.087 Y87.202 E.00501
;WIDTH:0.401178
G1 X131.121 Y87.018 E.00527
;WIDTH:0.443406
G1 X131.155 Y86.835 E.00589
G1 X131.313 Y85.861 F18000
;WIDTH:0.166685
G1 F6000
G1 X131.653 Y85.687 E.00373
G1 X136.66 Y83.528 F18000
;TYPE:Internal solid infill
;WIDTH:0.38292
G1 F6000
G3 X137.756 Y83.647 I-.567 J10.322 E.0296
;WIDTH:0.403749
G1 X137.845 Y83.666 E.00261
;WIDTH:0.445405
G1 X137.935 Y83.684 E.00291
;WIDTH:0.487061
G1 F5688.094
G1 X138.025 Y83.703 E.00322
;WIDTH:0.528718
G1 F5200.348
G1 X138.115 Y83.721 E.00352
;WIDTH:0.549546
G1 F4986.554
G1 X138.204 Y83.74 E.00367
G1 X134.627 Y83.596 F18000
;WIDTH:0.38292
G1 F6000
G1 X135.28 Y83.534 E.01761
G1 X138.407 Y83.648 F18000
;WIDTH:0.421676
G1 F6000
G1 X138.407 Y81.592 E.06149
G1 X138.028 Y81.592 E.01133
G1 X138.028 Y83.478 E.05641
G1 X137.649 Y83.478 E.01133
G1 X137.649 Y81.592 E.05641
G1 X137.27 Y81.592 E.01133
G1 X137.27 Y83.478 E.05641
G1 X136.892 Y83.478 E.01133
G1 X136.892 Y81.592 E.05641
G1 X136.513 Y81.592 E.01133
G1 X136.513 Y83.433 E.05506
G1 X136.134 Y83.413 E.01135
G1 X136.134 Y81.592 E.05446
G1 X135.755 Y81.592 E.01133
G1 X135.755 Y83.419 E.05464
G2 X135.377 Y83.443 I-.075 J1.814 E.01138
G1 X135.377 Y81.592 E.05535
G1 X134.998 Y81.592 E.01133
G1 X134.998 Y83.478 E.05641
G1 X134.619 Y83.478 E.01133
G1 X134.619 Y81.592 E.05641
G1 X134.24 Y81.592 E.01133
G1 X134.24 Y83.691 E.0628
G1 X133.862 Y83.837 E.01214
G1 X133.862 Y81.592 E.06715
G1 X133.483 Y81.592 E.01133
G1 X133.483 Y84.013 E.07241
G2 X133.104 Y84.219 I.795 J1.906 E.01293
G1 X133.104 Y81.592 E.0786
G1 X132.725 Y81.592 E.01133
G1 X132.725 Y84.465 E.08595
G2 X132.347 Y84.77 I1.261 J1.956 E.01457
G1 X132.347 Y81.592 E.09506
G1 X131.968 Y81.592 E.01133
G1 X131.968 Y85.131 E.10589
G2 X131.821 Y85.284 I.65 J.775 E.00634
G1 X131.76 Y85.165 E.00399
G1 X131.589 Y85.252 E.00574
G1 X131.589 Y81.592 E.10949
G1 X131.21 Y81.592 E.01133
G1 X131.21 Y85.445 E.11527
G1 X130.99 Y85.558 E.00741
G1 X130.832 Y85.558 E.00473
G1 X130.832 Y81.592 E.11863
G1 X130.453 Y81.592 E.01133
G1 X130.453 Y85.558 E.11863
G1 X130.074 Y85.558 E.01133
G1 X130.074 Y81.592 E.11863
G1 X129.695 Y81.592 E.01133
G1 X129.695 Y85.558 E.11863
G1 X129.317 Y85.558 E.01133
G1 X129.317 Y81.592 E.11863
G1 X128.938 Y81.592 E.01133
G1 X128.938 Y85.558 E.11863
G1 X128.559 Y85.558 E.01133
G1 X128.559 Y81.592 E.11863
G1 X128.18 Y81.592 E.01133
G1 X128.18 Y85.558 E.11863
G1 X127.802 Y85.558 E.01133
G1 X127.802 Y81.592 E.11863
G1 X127.423 Y81.592 E.01133
G1 X127.423 Y85.558 E.11863
G1 X127.044 Y85.558 E.01133
G1 X127.044 Y81.592 E.11863
G1 X126.665 Y81.592 E.01133
G1 X126.665 Y85.558 E.11863
G1 X126.287 Y85.558 E.01133
G1 X126.287 Y81.592 E.11863
G1 X125.908 Y81.592 E.01133
G1 X125.908 Y85.558 E.11863
G1 X125.529 Y85.558 E.01133
G1 X125.529 Y81.592 E.11863
G1 X125.15 Y81.592 E.01133
G1 X125.15 Y85.558 E.11863
G1 X124.771 Y85.558 E.01133
G1 X124.771 Y81.592 E.11863
G1 X124.393 Y81.592 E.01133
G1 X124.393 Y85.558 E.11863
G1 X124.014 Y85.558 E.01133
G1 X124.014 Y81.592 E.11863
G1 X123.635 Y81.592 E.01133
G1 X123.635 Y85.558 E.11863
G1 X123.256 Y85.558 E.01133
G1 X123.256 Y81.592 E.11863
G1 X122.878 Y81.592 E.01133
G1 X122.878 Y85.558 E.11863
G1 X122.499 Y85.558 E.01133
G1 X122.499 Y81.592 E.11863
G1 X122.12 Y81.592 E.01133
G1 X122.12 Y85.558 E.11863
G1 X121.741 Y85.558 E.01133
G1 X121.741 Y81.592 E.11863
G1 X121.363 Y81.592 E.01133
G1 X121.363 Y85.558 E.11863
G1 X120.984 Y85.558 E.01133
G1 X120.984 Y81.592 E.11863
G1 X120.605 Y81.592 E.01133
G1 X120.605 Y85.558 E.11863
G1 X120.226 Y85.558 E.01133
G1 X120.226 Y81.592 E.11863
G1 X119.848 Y81.592 E.01133
G1 X119.848 Y85.558 E.11863
G1 X119.469 Y85.558 E.01133
G1 X119.469 Y81.592 E.11863
G1 X119.09 Y81.592 E.01133
G1 X119.09 Y85.558 E.11863
G1 X118.711 Y85.558 E.01133
G1 X118.711 Y81.592 E.11863
G1 X118.333 Y81.592 E.01133
G1 X118.333 Y85.558 E.11863
G1 X117.954 Y85.558 E.01133
G1 X117.954 Y81.592 E.11863
G1 X117.575 Y81.592 E.01133
G1 X117.575 Y85.558 E.11863
G1 X117.196 Y85.558 E.01133
G1 X117.196 Y81.592 E.11863
G1 X116.818 Y81.592 E.01133
G1 X116.818 Y85.558 E.11863
G1 X116.439 Y85.558 E.01133
G1 X116.439 Y81.592 E.11863
G1 X116.06 Y81.592 E.01133
G1 X116.06 Y85.558 E.11863
G1 X115.681 Y85.558 E.01133
G1 X115.681 Y81.592 E.11863
G1 X115.303 Y81.592 E.01133
G1 X115.303 Y85.558 E.11863
G1 X114.924 Y85.558 E.01133
G1 X114.924 Y81.592 E.11863
G1 X114.545 Y81.592 E.01133
G1 X114.545 Y85.558 E.11863
G1 X114.166 Y85.558 E.01133
G1 X114.166 Y81.592 E.11863
G1 X113.788 Y81.592 E.01133
G1 X113.788 Y85.558 E.11863
G1 X113.409 Y85.558 E.01133
G1 X113.409 Y81.592 E.11863
G1 X113.03 Y81.592 E.01133
G1 X113.03 Y85.558 E.11863
G1 X112.651 Y85.558 E.01133
G1 X112.651 Y81.592 E.11863
G1 X112.273 Y81.592 E.01133
G1 X112.273 Y85.558 E.11863
G1 X111.894 Y85.558 E.01133
G1 X111.894 Y81.592 E.11863
G1 X111.515 Y81.592 E.01133
G1 X111.515 Y103.743 E.66273
G2 X111.136 Y103.664 I-.566 J1.762 E.0116
G1 X111.136 Y81.592 E.66036
G1 X110.758 Y81.592 E.01133
G1 X110.758 Y103.604 E.65857
G2 X110.379 Y103.575 I-.326 J1.788 E.01139
G1 X110.379 Y81.592 E.65771
G1 X110 Y81.592 E.01133
G1 X110 Y103.556 E.65712
G1 X109.621 Y103.575 E.01135
G1 X109.621 Y81.592 E.65771
G1 X109.242 Y81.592 E.01133
G1 X109.242 Y103.604 E.65857
G1 X108.864 Y103.664 E.01147
G1 X108.864 Y81.592 E.66036
G1 X108.485 Y81.592 E.01133
G1 X108.485 Y103.743 E.66273
G1 X108.106 Y103.845 E.01173
G1 X108.106 Y81.592 E.66577
G1 X107.727 Y81.592 E.01133
G1 X107.727 Y103.979 E.66978
G2 X107.349 Y104.128 I.52 J1.876 E.0122
G1 X107.349 Y81.592 E.67424
G1 X106.97 Y81.592 E.01133
G1 X106.97 Y104.321 E.68002
G2 X106.591 Y104.54 I.853 J1.911 E.01312
G1 X106.591 Y81.592 E.68657
G1 X106.212 Y81.592 E.01133
G1 X106.212 Y104.786 E.69393
G1 X105.834 Y105.093 E.01458
G1 X105.834 Y81.592 E.70311
G1 X105.455 Y81.592 E.01133
G1 X105.455 Y105.444 E.71361
G2 X105.076 Y105.854 I1.763 J2.007 E.01674
G1 X105.076 Y81.592 E.72589
G1 X104.697 Y81.592 E.01133
G1 X104.697 Y106.349 E.74069
G1 X104.509 Y106.64 E.01037
G2 X104.319 Y106.975 I1.498 J1.071 E.01154
G1 X104.319 Y81.592 E.75941
G1 X103.94 Y81.592 E.01133
G1 X103.94 Y108.407 E.80227
G1 X103.94 Y111.593 F18000
G1 F6000
G1 X103.94 Y124.658 E.39088
G1 X104.319 Y124.658 E.01133
G1 X104.319 Y113.025 E.34803
G2 X104.697 Y113.651 I3.165 J-1.489 E.02192
G1 X104.697 Y124.658 E.32931
G1 X105.076 Y124.658 E.01133
G1 X105.076 Y114.146 E.3145
G2 X105.455 Y114.556 I2.142 J-1.597 E.01674
G1 X105.455 Y124.658 E.30222
G1 X105.834 Y124.658 E.01133
G1 X105.834 Y114.907 E.29172
G1 X106.212 Y115.214 E.01458
G1 X106.212 Y124.658 E.28255
G1 X106.591 Y124.658 E.01133
G1 X106.591 Y115.46 E.27519
G2 X106.97 Y115.679 I1.232 J-1.692 E.01312
G1 X106.97 Y124.658 E.26863
G1 X107.349 Y124.658 E.01133
G1 X107.349 Y115.872 E.26286
G2 X107.727 Y116.021 I.899 J-1.727 E.0122
G1 X107.727 Y124.658 E.2584
G1 X108.106 Y124.658 E.01133
G1 X108.106 Y116.155 E.25438
G1 X108.485 Y116.257 E.01173
G1 X108.485 Y124.658 E.25135
G1 X108.864 Y124.658 E.01133
G1 X108.864 Y116.336 E.24898
G1 X109.242 Y116.396 E.01147
G1 X109.242 Y124.658 E.24718
G1 X109.621 Y124.658 E.01133
G1 X109.621 Y116.425 E.24632
G1 X110 Y116.444 E.01135
G1 X110 Y124.658 E.24573
G1 X110.379 Y124.658 E.01133
G1 X110.379 Y116.425 E.24632
G2 X110.758 Y116.396 I.053 J-1.816 E.01139
G1 X110.758 Y124.658 E.24718
G1 X110.842 Y124.658 E.00254
G1 X110.842 Y132.408 E.23187
G1 X111.136 Y132.408 E.00879
G1 X111.136 Y116.336 E.48085
G2 X111.515 Y116.257 I-.187 J-1.841 E.0116
G1 X111.515 Y132.408 E.48322
G1 X111.894 Y132.408 E.01133
G1 X111.894 Y116.155 E.48626
G2 X112.273 Y116.021 I-.449 J-1.869 E.01204
G1 X112.273 Y132.408 E.49027
G1 X112.651 Y132.408 E.01133
G1 X112.651 Y115.872 E.49473
G1 X113.03 Y115.679 E.01272
G1 X113.03 Y132.408 E.5005
G1 X113.409 Y132.408 E.01133
G1 X113.409 Y115.46 E.50706
G1 X113.788 Y115.214 E.01351
G1 X113.788 Y132.408 E.51442
G1 X114.166 Y132.408 E.01133
G1 X114.166 Y114.907 E.52359
G2 X114.545 Y114.556 I-1.481 J-1.977 E.01548
G1 X114.545 Y138.408 E.71361
G1 X114.924 Y138.408 E.01133
G1 X114.924 Y114.146 E.72589
G2 X115.303 Y113.651 I-2.165 J-2.049 E.01868
G1 X115.303 Y138.408 E.74069
G1 X115.681 Y138.408 E.01133
G1 X115.681 Y113.025 E.75941
G2 X116.06 Y112.171 I-3.875 J-2.229 E.02801
G1 X116.06 Y138.408 E.78497
G1 X116.439 Y138.408 E.01133
G1 X116.439 Y96.442 E1.25556
G1 X116.818 Y96.442 E.01133
G1 X116.818 Y138.408 E1.25556
G1 X117.196 Y138.408 E.01133
G1 X117.196 Y96.442 E1.25556
G1 X117.575 Y96.442 E.01133
G1 X117.575 Y138.408 E1.25556
G1 X117.954 Y138.408 E.01133
G1 X117.954 Y96.442 E1.25556
G1 X118.333 Y96.442 E.01133
G1 X118.333 Y138.408 E1.25556
G1 X118.711 Y138.408 E.01133
G1 X118.711 Y96.442 E1.25556
G1 X119.09 Y96.442 E.01133
G1 X119.09 Y138.408 E1.25556
G1 X119.469 Y138.408 E.01133
G1 X119.469 Y96.442 E1.25556
G1 X119.848 Y96.442 E.01133
G1 X119.848 Y138.408 E1.25556
G1 X120.226 Y138.408 E.01133
G1 X120.226 Y96.442 E1.25556
G1 X120.605 Y96.442 E.01133
G1 X120.605 Y138.408 E1.25556
G1 X120.984 Y138.408 E.01133
G1 X120.984 Y96.442 E1.25556
G1 X121.363 Y96.442 E.01133
G1 X121.363 Y138.408 E1.25556
G1 X121.741 Y138.408 E.01133
G1 X121.741 Y96.442 E1.25556
G1 X122.12 Y96.442 E.01133
G1 X122.12 Y138.408 E1.25556
G1 X122.499 Y138.408 E.01133
G1 X122.499 Y96.442 E1.25556
G1 X122.878 Y96.442 E.01133
G1 X122.878 Y138.408 E1.25556
G1 X123.256 Y138.408 E.01133
G1 X123.256 Y96.442 E1.25556
G1 X123.635 Y96.442 E.01133
G1 X123.635 Y138.408 E1.25556
G1 X124.014 Y138.408 E.01133
G1 X124.014 Y96.442 E1.25556
G1 X124.393 Y96.442 E.01133
G1 X124.393 Y138.408 E1.25556
G1 X124.771 Y138.408 E.01133
G1 X124.771 Y96.442 E1.25556
G1 X125.15 Y96.442 E.01133
G1 X125.15 Y138.408 E1.25556
G1 X125.529 Y138.408 E.01133
G1 X125.529 Y96.442 E1.25556
G1 X125.908 Y96.442 E.01133
G1 X125.908 Y138.408 E1.25556
G1 X126.286 Y138.408 E.01133
G1 X126.287 Y96.442 E1.25556
G1 X126.665 Y96.442 E.01133
G1 X126.665 Y138.408 E1.25556
G1 X127.044 Y138.408 E.01133
G1 X127.044 Y96.442 E1.25556
G1 X127.423 Y96.442 E.01133
G1 X127.423 Y138.408 E1.25556
G1 X127.802 Y138.408 E.01133
G1 X127.802 Y96.442 E1.25556
G1 X128.18 Y96.442 E.01133
G1 X128.18 Y138.408 E1.25556
G1 X128.559 Y138.408 E.01133
G1 X128.559 Y96.442 E1.25556
G1 X128.938 Y96.442 E.01133
G1 X128.938 Y138.408 E1.25556
G1 X129.317 Y138.408 E.01133
G1 X129.317 Y96.442 E1.25556
G1 X129.695 Y96.442 E.01133
G1 X129.695 Y138.408 E1.25556
G1 X130.074 Y138.408 E.01133
G1 X130.074 Y96.442 E1.25556
G1 X130.453 Y96.442 E.01133
G1 X130.453 Y138.577 E1.26063
G1 X130.832 Y132.641 F18000
G1 F6000
G1 X130.832 Y138.408 E.17254
G1 X131.21 Y138.408 E.01133
G1 X131.21 Y133.882 E.1354
G2 X131.589 Y134.43 I2.799 J-1.529 E.01997
G1 X131.589 Y138.408 E.119
G1 X131.968 Y138.408 E.01133
G1 X131.968 Y134.869 E.10589
G2 X132.347 Y135.23 I1.909 J-1.62 E.0157
G1 X132.347 Y138.408 E.09507
G1 X132.725 Y138.408 E.01133
G1 X132.725 Y135.535 E.08595
G1 X133.104 Y135.781 E.01351
G1 X133.104 Y138.408 E.0786
G1 X133.483 Y138.408 E.01133
G1 X133.483 Y135.987 E.07241
G2 X133.862 Y136.163 I1.025 J-1.712 E.01252
G1 X133.862 Y138.408 E.06715
G1 X134.24 Y138.408 E.01133
G1 X134.24 Y136.309 E.0628
G2 X134.619 Y136.414 I.689 J-1.749 E.01178
G1 X134.619 Y138.408 E.05966
G1 X134.998 Y138.408 E.01133
G1 X134.998 Y136.497 E.05715
G1 X135.377 Y136.557 E.01147
G1 X135.377 Y138.408 E.05535
G1 X135.755 Y138.408 E.01133
G1 X135.755 Y136.581 E.05464
G2 X136.134 Y136.587 I.217 J-1.797 E.01135
G1 X136.134 Y138.408 E.05446
G1 X136.513 Y138.408 E.01133
G1 X136.513 Y136.567 E.05506
G2 X136.892 Y136.515 I-.06 J-1.829 E.01146
G1 X136.892 Y138.408 E.05662
G1 X137.27 Y138.408 E.01133
G1 X137.27 Y136.443 E.05877
G1 X137.649 Y136.342 E.01173
G1 X137.649 Y138.408 E.06181
G1 X138.028 Y138.408 E.01133
G1 X138.028 Y136.269 E.06399
G1 X138.407 Y136.269 E.01133
G1 X138.407 Y138.577 E.06906
G1 X138.392 Y136.066 F18000
;WIDTH:0.38292
G1 F6000
G1 X138.329 Y136.103 E.00198
G1 X138.377 Y136.131 E.00151
G1 X139.139 Y136.131 F18000
G1 X135.492 Y135.835
G1 X134.989 Y135.755
G1 X134.498 Y135.624
G1 X134.023 Y135.441
G1 X133.569 Y135.21
G1 X133.142 Y134.933
G1 X132.747 Y134.613
G1 X132.387 Y134.253
G1 X132.067 Y133.858
G1 X131.79 Y133.431
G1 X131.559 Y132.977
G1 X131.376 Y132.502
G1 X131.245 Y132.011
G1 X131.165 Y131.508
G1 X131.138 Y131
G1 X131.165 Y130.492
G1 X131.245 Y129.989
G1 X131.374 Y129.505
G1 X130.832 Y129.359
;WIDTH:0.421676
G1 F6000
G1 X130.832 Y96.442 E.98485
G1 X131.21 Y96.442 E.01133
G1 X131.21 Y128.118 E.9477
G3 X131.589 Y127.57 I2.799 J1.529 E.01997
G1 X131.589 Y92.528 E1.04843
G1 X131.668 Y92.528 E.00236
G2 X131.968 Y92.869 I1.77 J-1.255 E.0136
G1 X131.968 Y127.372 E1.0323
G1 X135.196 Y125.467 F18000
;WIDTH:0.38292
G1 F6000
G3 X137.102 Y125.491 I.81 J11.618 E.05123
G1 X137.178 Y125.497 F18000
;WIDTH:0.375986
G1 F6000
G1 X137.731 Y125.643 E.01505
G1 X138.372 Y125.917 E.01832
G1 X138.372 Y125.499 E.01098
G1 X137.238 Y125.497 E.02982
G1 X138.407 Y125.503 F18000
;WIDTH:0.421676
G1 F6000
G1 X138.407 Y114.342 E.33392
G1 X138.028 Y114.342 E.01133
G1 X138.028 Y125.334 E.32885
G1 X137.649 Y125.334 E.01133
G1 X137.649 Y114.342 E.32885
G1 X137.27 Y114.342 E.01133
G1 X137.27 Y125.334 E.32885
G1 X136.892 Y125.334 E.01133
G1 X136.892 Y114.342 E.32885
G1 X136.513 Y114.342 E.01133
G1 X136.513 Y125.334 E.32885
G1 X136.134 Y125.334 E.01133
G1 X136.134 Y114.342 E.32885
G1 X135.755 Y114.342 E.01133
G1 X135.755 Y125.334 E.32885
G1 X135.377 Y125.334 E.01133
G1 X135.377 Y114.342 E.32885
G1 X134.998 Y114.342 E.01133
G1 X134.998 Y125.503 E.3339
G2 X134.619 Y125.586 I.21 J1.846 E.01163
G1 X134.619 Y114.342 E.33641
G1 X134.24 Y114.342 E.01133
G1 X134.24 Y125.691 E.33955
G1 X133.862 Y125.837 E.01214
G1 X133.862 Y114.342 E.3439
G1 X133.483 Y114.342 E.01133
G1 X133.483 Y126.013 E.34916
G2 X133.104 Y126.219 I.795 J1.906 E.01293
G1 X133.104 Y114.342 E.35535
G1 X132.725 Y114.342 E.01133
G1 X132.725 Y126.465 E.36271
G2 X132.347 Y126.77 I1.261 J1.956 E.01457
G1 X132.347 Y93.23 E1.00347
G2 X132.725 Y93.535 I1.639 J-1.651 E.01457
G1 X132.725 Y105.658 E.36271
G1 X133.104 Y105.658 E.01133
G1 X133.104 Y93.781 E.35535
G2 X133.483 Y93.987 I1.174 J-1.699 E.01293
G1 X133.483 Y105.658 E.34916
G1 X133.862 Y105.658 E.01133
G1 X133.862 Y94.163 E.3439
G1 X134.24 Y94.309 E.01214
G1 X134.24 Y105.658 E.33955
G1 X134.619 Y105.658 E.01133
G1 X134.619 Y94.414 E.33641
G2 X134.998 Y94.497 I.589 J-1.762 E.01163
G1 X134.998 Y105.658 E.3339
G1 X135.377 Y105.658 E.01133
G1 X135.377 Y94.557 E.3321
G2 X135.755 Y94.581 I.303 J-1.79 E.01138
G1 X135.755 Y105.658 E.33139
G1 X136.134 Y105.658 E.01133
G1 X136.134 Y94.587 E.33121
G1 X136.513 Y94.567 E.01135
G1 X136.513 Y105.658 E.33181
G1 X136.892 Y105.658 E.01133
G1 X136.892 Y94.515 E.33338
G2 X137.27 Y94.443 I-.152 J-1.839 E.01155
G1 X137.27 Y105.658 E.33552
G1 X137.649 Y105.658 E.01133
G1 X137.649 Y94.342 E.33856
G2 X138.028 Y94.206 I-.458 J-1.869 E.01206
G1 X138.028 Y105.658 E.34263
G1 X138.407 Y105.658 E.01133
G1 X138.407 Y93.853 E.35317
G1 X116.06 Y108.407 F18000
G1 F6000
G1 X116.06 Y96.442 E.35797
G1 X115.681 Y96.442 E.01133
G1 X115.681 Y106.975 E.31511
G2 X115.303 Y106.349 I-3.165 J1.489 E.02192
G1 X115.303 Y96.442 E.2964
G1 X114.924 Y96.442 E.01133
G1 X114.924 Y105.854 E.28159
G2 X114.545 Y105.444 I-2.142 J1.597 E.01674
G1 X114.545 Y96.442 E.26931
G1 X114.166 Y96.442 E.01133
G1 X114.166 Y105.093 E.25881
G1 X113.788 Y104.786 E.01458
G1 X113.788 Y96.442 E.24964
G1 X113.409 Y96.442 E.01133
G1 X113.409 Y104.54 E.24228
G2 X113.03 Y104.321 I-1.232 J1.692 E.01312
G1 X113.03 Y96.442 E.23572
G1 X112.651 Y96.442 E.01133
G1 X112.651 Y104.128 E.22995
G2 X112.273 Y103.979 I-.899 J1.727 E.0122
G1 X112.273 Y96.442 E.22548
G1 X111.894 Y96.442 E.01133
G1 X111.894 Y104.021 E.22673
G1 X111.748 Y104.563 F18000
G1 X111.188 Y104.413
G1 X110.597 Y104.32
G1 X110 Y104.288
G1 X109.403 Y104.32
G1 X108.812 Y104.413
G1 X108.235 Y104.568
G1 X107.677 Y104.782
G1 X107.144 Y105.054
G1 X106.643 Y105.379
G1 X106.178 Y105.755
G1 X105.755 Y106.178
G1 X105.379 Y106.643
G1 X105.054 Y107.144
G1 X104.782 Y107.677
G1 X104.568 Y108.235
G1 X104.413 Y108.812
G1 X104.32 Y109.403
G1 X104.288 Y110
G1 X104.32 Y110.597
G1 X104.413 Y111.188
G1 X104.568 Y111.765
G1 X104.782 Y112.323
G1 X105.054 Y112.856
G1 X105.379 Y113.357
G1 X105.755 Y113.822
G1 X106.178 Y114.245
G1 X106.643 Y114.621
G1 X107.144 Y114.946
G1 X107.455 Y115.105
G1 X103.561 Y125.389
G1 X103.561 Y124.827
G1 F6000
G1 X103.561 Y81.592 E1.29354
G1 X103.182 Y81.592 E.01133
G1 X103.182 Y124.658 E1.28847
G1 X102.804 Y124.658 E.01133
G1 X102.804 Y81.592 E1.28847
G1 X102.425 Y81.592 E.01133
G1 X102.425 Y124.658 E1.28847
G1 X102.046 Y124.658 E.01133
G1 X102.046 Y81.592 E1.28847
G1 X101.667 Y81.592 E.01133
G1 X101.667 Y124.658 E1.28847
G1 X101.289 Y124.658 E.01133
G1 X101.289 Y81.592 E1.28847
G1 X100.91 Y81.592 E.01133
G1 X100.91 Y124.658 E1.28847
G1 X100.531 Y124.658 E.01133
G1 X100.531 Y81.592 E1.28847
G1 X100.152 Y81.592 E.01133
G1 X100.152 Y124.658 E1.28847
G1 X99.774 Y124.658 E.01133
G1 X99.774 Y81.592 E1.28847
G1 X99.395 Y81.592 E.01133
G1 X99.395 Y124.658 E1.28847
G1 X99.016 Y124.658 E.01133
G1 X99.016 Y81.592 E1.28847
G1 X98.637 Y81.592 E.01133
G1 X98.637 Y124.658 E1.28847
G1 X98.259 Y124.658 E.01133
G1 X98.259 Y81.592 E1.28847
G1 X97.88 Y81.592 E.01133
G1 X97.88 Y124.658 E1.28847
G1 X97.501 Y124.658 E.01133
G1 X97.501 Y81.592 E1.28847
G1 X97.122 Y81.592 E.01133
G1 X97.122 Y124.658 E1.28847
G1 X96.744 Y124.658 E.01133
G1 X96.744 Y81.592 E1.28847
G1 X96.365 Y81.592 E.01133
G1 X96.365 Y124.658 E1.28847
G1 X95.986 Y124.658 E.01133
G1 X95.986 Y81.592 E1.28847
G1 X95.607 Y81.592 E.01133
G1 X95.607 Y124.658 E1.28847
G1 X95.229 Y124.658 E.01133
G1 X95.229 Y81.592 E1.28847
G1 X94.85 Y81.592 E.01133
G1 X94.85 Y124.658 E1.28847
G1 X94.471 Y124.658 E.01133
G1 X94.471 Y81.592 E1.28847
G1 X94.092 Y81.592 E.01133
G1 X94.092 Y124.658 E1.28847
G1 X93.713 Y124.658 E.01133
G1 X93.713 Y81.592 E1.28847
G1 X93.335 Y81.592 E.01133
G1 X93.335 Y124.658 E1.28847
G1 X93.158 Y124.658 E.0053
G1 X93.158 Y129.481 E.14433
G1 X92.956 Y129.481 E.00603
G1 X92.956 Y81.592 E1.43279
G1 X92.577 Y81.592 E.01133
G1 X92.577 Y129.481 E1.43279
G1 X92.198 Y129.481 E.01133
G1 X92.198 Y81.592 E1.43279
G1 X91.82 Y81.592 E.01133
G1 X91.82 Y129.481 E1.43279
G1 X91.441 Y129.481 E.01133
G1 X91.441 Y81.592 E1.43279
G1 X91.062 Y81.592 E.01133
G1 X91.062 Y129.481 E1.43279
G1 X90.683 Y129.481 E.01133
G1 X90.683 Y81.592 E1.43279
G1 X90.305 Y81.592 E.01133
G1 X90.305 Y129.481 E1.43279
G1 X89.926 Y129.481 E.01133
G1 X89.926 Y81.592 E1.43279
G1 X89.547 Y81.592 E.01133
G1 X89.547 Y129.481 E1.43279
G1 X89.377 Y129.481 E.0051
G2 X89.168 Y128.875 I-2.988 J.688 E.01922
G1 X89.168 Y91.125 E1.12945
G1 X89.111 Y91.275 E.00482
G1 X88.79 Y91.882 E.02053
G1 X88.79 Y128.118 E1.08415
G2 X88.411 Y127.57 I-2.799 J1.529 E.01997
G1 X88.411 Y92.43 E1.05134
G3 X88.032 Y92.869 I-2.273 J-1.581 E.01736
G1 X88.032 Y127.131 E1.02511
G2 X87.653 Y126.77 I-1.909 J1.62 E.0157
G1 X87.653 Y93.23 E1.00347
G3 X87.275 Y93.535 I-1.639 J-1.651 E.01457
G1 X87.275 Y105.658 E.36271
G1 X86.896 Y105.658 E.01133
G1 X86.896 Y93.781 E.35535
G3 X86.517 Y93.987 I-1.174 J-1.699 E.01293
G1 X86.517 Y105.658 E.34916
G1 X86.138 Y105.658 E.01133
G1 X86.138 Y94.163 E.3439
G1 X85.76 Y94.309 E.01214
G1 X85.76 Y105.658 E.33955
G1 X85.381 Y105.658 E.01133
G1 X85.381 Y94.414 E.33641
G3 X85.002 Y94.497 I-.589 J-1.762 E.01163
G1 X85.002 Y105.658 E.3339
G1 X84.623 Y105.658 E.01133
G1 X84.623 Y94.557 E.3321
G3 X84.245 Y94.581 I-.303 J-1.79 E.01138
G1 X84.245 Y105.658 E.33139
G1 X83.866 Y105.658 E.01133
G1 X83.866 Y94.587 E.33121
G1 X83.487 Y94.567 E.01135
G1 X83.487 Y105.658 E.33181
G1 X83.108 Y105.658 E.01133
G1 X83.108 Y94.515 E.33338
G3 X82.73 Y94.443 I.152 J-1.839 E.01155
G1 X82.73 Y105.658 E.33552
G1 X82.351 Y105.658 E.01133
G1 X82.351 Y94.342 E.33856
G3 X81.972 Y94.206 I.458 J-1.869 E.01206
G1 X81.972 Y105.658 E.34263
G1 X81.593 Y105.658 E.01133
G1 X81.593 Y93.853 E.35317
G1 X81.848 Y93.353 F18000
G1 X82.023 Y93.441
G1 X82.498 Y93.624
G1 X82.989 Y93.755
G1 X83.492 Y93.835
G1 X84 Y93.862
G1 X84.508 Y93.835
G1 X85.011 Y93.755
G1 X85.502 Y93.624
G1 X85.977 Y93.441
G1 X86.431 Y93.21
G1 X86.858 Y92.933
G1 X87.253 Y92.613
G1 X87.613 Y92.253
G1 X87.933 Y91.858
G1 X88.21 Y91.431
G1 X88.441 Y90.977
G1 X88.624 Y90.502
G1 X88.755 Y90.011
G1 X88.835 Y89.508
G1 X88.862 Y89
G1 X88.835 Y88.492
G1 X88.755 Y87.989
G1 X88.626 Y87.505
G1 X89.168 Y87.359
G1 F6000
G1 X89.168 Y81.592 E.17254
G1 X88.79 Y81.592 E.01133
G1 X88.79 Y86.118 E.1354
G2 X88.411 Y85.57 I-2.799 J1.529 E.01997
G1 X88.411 Y81.592 E.119
G1 X88.032 Y81.592 E.01133
G1 X88.032 Y85.131 E.10588
G2 X87.653 Y84.77 I-1.909 J1.62 E.0157
G1 X87.653 Y81.592 E.09506
G1 X87.275 Y81.592 E.01133
G1 X87.275 Y84.465 E.08595
G1 X86.896 Y84.219 E.01351
G1 X86.896 Y81.592 E.0786
G1 X86.517 Y81.592 E.01133
G1 X86.517 Y84.013 E.07241
G2 X86.138 Y83.837 I-1.025 J1.712 E.01252
G1 X86.138 Y81.592 E.06715
G1 X85.76 Y81.592 E.01133
G1 X85.76 Y83.691 E.0628
G2 X85.491 Y83.616 I-.494 J1.239 E.00836
G1 X85.491 Y83.478 E.00413
G1 X85.381 Y83.478 E.0033
G1 X85.381 Y81.592 E.05641
G1 X85.002 Y81.592 E.01133
G1 X85.002 Y83.478 E.05641
G3 X84.623 Y83.443 I-.078 J-1.213 E.01143
G1 X84.623 Y81.592 E.05535
G1 X84.245 Y81.592 E.01133
G1 X84.245 Y83.419 E.05464
G2 X83.866 Y83.413 I-.217 J1.797 E.01135
G1 X83.866 Y81.592 E.05446
G1 X83.487 Y81.592 E.01133
G1 X83.487 Y83.433 E.05506
G3 X83.108 Y83.478 I-7.162 J-58.419 E.01141
G1 X83.108 Y81.592 E.05641
G1 X82.73 Y81.592 E.01133
G1 X82.73 Y83.478 E.05641
G1 X82.351 Y83.478 E.01133
G1 X82.351 Y81.592 E.05641
G1 X81.972 Y81.592 E.01133
G1 X81.972 Y83.478 E.05641
G1 X81.593 Y83.478 E.01133
G1 X81.593 Y81.423 E.06149
G1 X81.728 Y83.743 F18000
;WIDTH:0.549501
G1 F4986.995
G1 X81.859 Y83.719 E.00532
;WIDTH:0.501907
G1 F5504.121
G1 X81.99 Y83.695 E.00482
;WIDTH:0.454312
G1 F6000
G1 X82.12 Y83.67 E.00432
;WIDTH:0.388342
G3 X83.28 Y83.533 I2.041 J12.287 E.03187
G1 X85.39 Y83.564 F18000
;WIDTH:0.38292
G1 F6000
G1 X85.326 Y83.6 E.00198
G1 X85.374 Y83.629 E.00151
G1 X85.196 Y84.294 F18000
G1 X85.502 Y84.376
G1 X85.977 Y84.559
G1 X86.431 Y84.79
G1 X86.858 Y85.067
G1 X87.253 Y85.387
G1 X87.613 Y85.747
G1 X87.933 Y86.142
G1 X88.21 Y86.569
G1 X88.441 Y87.023
G1 X88.624 Y87.498
G1 X88.755 Y87.989
G1 X88.835 Y88.492
G1 X88.862 Y89
G1 X88.835 Y89.508
G1 X86.861 Y113.611
G1 X82.498 Y126.376
G1 X82.989 Y126.245
G1 X82.836 Y125.496
G1 F6000
G3 X84.739 Y125.469 I1.104 J10.946 E.05119
G1 X82.827 Y125.496 F18000
;WIDTH:0.373701
G1 F6000
G1 X81.625 Y125.496 E.03143
G1 X81.625 Y125.904 E.01068
G3 X82.77 Y125.511 I2.263 J4.731 E.0317
G1 X81.593 Y125.503 F18000
;WIDTH:0.421676
G1 F6000
G1 X81.593 Y114.342 E.33392
G1 X81.972 Y114.342 E.01133
G1 X81.972 Y125.334 E.32884
G1 X82.351 Y125.334 E.01133
G1 X82.351 Y114.342 E.32884
G1 X82.73 Y114.342 E.01133
G1 X82.73 Y125.334 E.32884
G1 X83.108 Y125.334 E.01133
G1 X83.108 Y114.342 E.32884
G1 X83.487 Y114.342 E.01133
G1 X83.487 Y125.334 E.32884
G1 X83.866 Y125.334 E.01133
G1 X83.866 Y114.342 E.32884
G1 X84.245 Y114.342 E.01133
G1 X84.245 Y125.334 E.32884
G1 X84.623 Y125.334 E.01133
G1 X84.623 Y114.342 E.32884
G1 X85.002 Y114.342 E.01133
G1 X85.002 Y125.503 E.3339
G3 X85.381 Y125.586 I-.21 J1.846 E.01163
G1 X85.381 Y114.342 E.33641
G1 X85.76 Y114.342 E.01133
G1 X85.76 Y125.691 E.33955
G1 X86.138 Y125.837 E.01214
G1 X86.138 Y114.342 E.3439
G1 X86.517 Y114.342 E.01133
G1 X86.517 Y126.013 E.34916
G3 X86.896 Y126.219 I-.795 J1.906 E.01293
G1 X86.896 Y114.342 E.35535
G1 X87.275 Y114.342 E.01133
G1 X87.275 Y126.681 E.36917
G1 X91.59 Y131.178 F18000
;WIDTH:0.419999
G1 F6000
G1 X91.154 Y131.178 E.01299
G1 X91.134 Y131.555 E.01125
G1 X91.59 Y131.555 E.01358
G1 X91.59 Y131.238 E.00944
G1 X91.968 Y130.801 F18000
;WIDTH:0.419999
G1 F6000
G1 X90.776 Y130.801 E.03551
G3 X90.713 Y131.932 I-7.234 J.17 E.03378
G1 X91.968 Y131.932 E.03736
G1 X91.968 Y130.861 E.03191
G1 X92.345 Y130.424 F18000
G1 F6000
G1 X90.378 Y130.424 E.05857
G3 X90.27 Y132.31 I-7.178 J.536 E.05641
G1 X92.345 Y132.31 E.06178
G1 X92.345 Y130.484 E.05437
G1 X92.722 Y130.047 F18000
G1 F6000
G1 X89.947 Y130.047 E.08266
G1 X90.029 Y130.97 E.02761
G3 X89.783 Y132.687 I-6.592 J-.07 E.05179
G1 X92.722 Y132.687 E.08753
G1 X92.722 Y130.107 E.07684
G1 X93.099 Y129.67 F18000
G1 F6000
G1 X89.488 Y129.67 E.10755
G1 X89.621 Y130.399 E.02208
G3 X89.253 Y133.064 I-5.718 J.568 E.08086
G1 X93.099 Y133.064 E.11456
G1 X93.099 Y129.73 E.0993
G1 X93.889 Y129.73 F18000
G1 X81.21 Y139.136
G1 X81.569 Y135.21
G1 X81.983 Y135.421
G1 X81.658 Y136.058
;WIDTH:0.390102
G1 F6000
G1 X81.593 Y136.095 E.00206
G1 X81.644 Y136.125 E.00161
G1 X81.595 Y138.577 F18000
;WIDTH:0.424829
G1 F6000
G1 X81.595 Y136.269 E.06964
G1 X81.977 Y136.269 E.01152
G1 X81.977 Y138.408 E.06452
G1 X82.359 Y138.408 E.01152
G1 X82.359 Y136.344 E.06226
G1 X82.741 Y136.446 E.01193
G1 X82.741 Y138.408 E.05917
G1 X83.122 Y138.408 E.01152
G1 X83.122 Y136.517 E.05703
G2 X83.504 Y136.568 I.434 J-1.792 E.01165
G1 X83.504 Y138.408 E.05549
G1 X83.886 Y138.408 E.01152
G1 X83.886 Y136.588 E.05488
G2 X84.268 Y136.58 I.152 J-1.819 E.01155
G1 X84.268 Y138.408 E.05513
G1 X84.65 Y138.408 E.01152
G1 X84.65 Y136.553 E.05594
G1 X85.032 Y136.493 E.01167
G1 X85.032 Y138.408 E.05777
G1 X85.414 Y138.408 E.01152
G1 X85.414 Y136.405 E.06042
G2 X85.796 Y136.295 I-.333 J-1.871 E.01201
G1 X85.796 Y138.408 E.06374
G1 X86.178 Y138.408 E.01152
G1 X86.178 Y136.148 E.06816
G2 X86.56 Y135.966 I-.676 J-1.906 E.01279
G1 X86.56 Y138.408 E.07366
G1 X86.942 Y138.408 E.01152
G1 X86.942 Y135.751 E.08014
G2 X87.323 Y135.497 I-1.017 J-1.945 E.01386
G1 X87.323 Y138.408 E.0878
G1 X87.705 Y138.408 E.01152
G1 X87.705 Y135.188 E.09713
G2 X88.087 Y134.813 I-1.59 J-2.003 E.01617
G1 X88.087 Y138.408 E.10843
G1 X88.469 Y138.408 E.01152
G1 X88.469 Y134.358 E.12216
G1 X88.851 Y133.785 E.02079
G1 X88.851 Y138.408 E.13946
G1 X89.233 Y138.408 E.01152
G1 X89.233 Y133.252 E.15553
G1 X89.615 Y133.252 E.01152
G1 X89.615 Y138.408 E.15553
G1 X89.997 Y138.408 E.01152
G1 X89.997 Y133.252 E.15553
G1 X90.379 Y133.252 E.01152
G1 X90.379 Y138.408 E.15553
G1 X90.761 Y138.408 E.01152
G1 X90.761 Y133.252 E.15553
G1 X91.143 Y133.252 E.01152
G1 X91.143 Y138.408 E.15553
G1 X91.524 Y138.408 E.01152
G1 X91.524 Y133.252 E.15553
G1 X91.906 Y133.252 E.01152
G1 X91.906 Y138.408 E.15553
G1 X92.288 Y138.408 E.01152
G1 X92.288 Y133.252 E.15553
G1 X92.67 Y133.252 E.01152
G1 X92.67 Y138.408 E.15553
G1 X93.052 Y138.408 E.01152
G1 X93.052 Y133.252 E.15553
G1 X93.158 Y133.252 E.00318
G1 X93.158 Y135.342 E.06306
G1 X93.434 Y135.342 E.00834
G1 X93.434 Y138.408 E.09247
G1 X93.816 Y138.408 E.01152
G1 X93.816 Y135.342 E.09247
G1 X94.198 Y135.342 E.01152
G1 X94.198 Y138.408 E.09247
G1 X94.58 Y138.408 E.01152
G1 X94.58 Y135.342 E.09247
G1 X94.962 Y135.342 E.01152
G1 X94.962 Y138.408 E.09247
G1 X95.344 Y138.408 E.01152
G1 X95.344 Y135.342 E.09247
G1 X95.725 Y135.342 E.01152
G1 X95.725 Y138.408 E.09247
G1 X96.107 Y138.408 E.01152
G1 X96.107 Y135.342 E.09247
G1 X96.489 Y135.342 E.01152
G1 X96.489 Y138.408 E.09247
G1 X96.871 Y138.408 E.01152
G1 X96.871 Y135.342 E.09247
G1 X97.253 Y135.342 E.01152
G1 X97.253 Y138.408 E.09247
G1 X97.635 Y138.408 E.01152
G1 X97.635 Y135.342 E.09247
G1 X98.017 Y135.342 E.01152
G1 X98.017 Y138.408 E.09247
G1 X98.399 Y138.408 E.01152
G1 X98.399 Y135.342 E.09247
G1 X98.781 Y135.342 E.01152
G1 X98.781 Y138.408 E.09247
G1 X99.163 Y138.408 E.01152
G1 X99.163 Y135.342 E.09247
G1 X99.545 Y135.342 E.01152
G1 X99.545 Y138.408 E.09247
G1 X99.926 Y138.408 E.01152
G1 X99.926 Y135.342 E.09247
G1 X100.308 Y135.342 E.01152
G1 X100.308 Y138.408 E.09247
G1 X100.69 Y138.408 E.01152
G1 X100.69 Y135.342 E.09247
G1 X101.072 Y135.342 E.01152
G1 X101.072 Y138.408 E.09247
G1 X101.454 Y138.408 E.01152
G1 X101.454 Y135.342 E.09247
G1 X101.836 Y135.342 E.01152
G1 X101.836 Y138.408 E.09247
G1 X102.218 Y138.408 E.01152
G1 X102.218 Y135.342 E.09247
G1 X102.6 Y135.342 E.01152
G1 X102.6 Y138.408 E.09247
G1 X102.982 Y138.408 E.01152
G1 X102.982 Y135.342 E.09247
G1 X103.364 Y135.342 E.01152
G1 X103.364 Y138.408 E.09247
G1 X103.746 Y138.408 E.01152
G1 X103.746 Y135.342 E.09247
G1 X104.127 Y135.342 E.01152
G1 X104.127 Y138.408 E.09247
G1 X104.509 Y138.408 E.01152
G1 X104.509 Y135.342 E.09247
G1 X104.891 Y135.342 E.01152
G1 X104.891 Y138.408 E.09247
G1 X105.273 Y138.408 E.01152
G1 X105.273 Y135.342 E.09247
G1 X105.655 Y135.342 E.01152
G1 X105.655 Y138.577 E.09759
; stop printing object mid_plate.stl id:1992740639744 copy 0
;LAYER_CHANGE
;Z:0.64
;HEIGHT:0.2
G92 E0 ; zero the extruded length again
; BEFORE_LAYER_CHANGE 2 @ 0.64mm
G1 E-1.75 F6000
;WIPE_START
G1 X105.655 Y137.577 E-.75
;WIPE_END
; AFTER_LAYER_CHANGE 2 @ 0.64mm
;_SET_FAN_SPEED_CHANGING_LAYER
; printing object mid_plate.stl id:1992740639744 copy 0
G17
G3 Z.84 I0 J.608 P1  F18000
G1 X106.389 Y137.577 Z.84
G1 X93.889 Y134.611
G1 X93.889 Y125.389
G1 X110.111 Y125.389
G1 X113.611 Y133.139
G1 X113.611 Y139.139
G1 X113.21 Y139.54
G1 Z.64
G1 E2.5 F6000
M204 P1000
;TYPE:Outer wall
;WIDTH:0.42
G1 F3600
G1 X113.21 Y133.54 E.17872
G1 X109.71 Y133.54 E.10425
G1 X109.71 Y125.79 E.23085
G1 X94.29 Y125.79 E.45931
G1 X94.29 Y134.21 E.2508
G1 X106.79 Y134.21 E.37233
G1 X106.79 Y139.54 E.15876
G1 X81.256 Y139.54 E.76058
G3 X80.46 Y138.744 I-.002 J-.793 E.03725
G1 X80.46 Y133.706 E.15007
G2 X80.46 Y128.294 I3.542 J-2.706 E.66106
G1 X80.46 Y113.21 E.44929
G1 X86.46 Y113.21 E.17872
G1 X86.46 Y106.79 E.19123
G1 X80.46 Y106.79 E.17872
G1 X80.46 Y91.706 E.44929
G2 X80.46 Y86.294 I3.542 J-2.706 E.66106
G1 X80.46 Y81.256 E.15007
G3 X81.256 Y80.46 I.793 J-.002 E.03725
G1 X138.832 Y80.465 E1.71502
G3 X139.54 Y81.256 I-.095 J.797 E.03453
G1 X139.54 Y86.294 E.15007
G2 X139.54 Y91.706 I-3.542 J2.706 E.66106
G1 X139.54 Y106.79 E.44929
G1 X133.54 Y106.79 E.17872
G1 X133.54 Y113.21 E.19123
G1 X139.54 Y113.21 E.17872
G1 X139.54 Y128.294 E.44929
G2 X139.54 Y133.706 I-3.542 J2.706 E.66106
G1 X139.54 Y138.744 E.15007
G3 X138.744 Y139.54 I-.793 J.002 E.03725
G1 X113.27 Y139.54 E.7588
G1 X113.611 Y139.139 F18000
G1 X113.602 Y139.148
M204 P1500
;TYPE:Inner wall
;WIDTH:0.45
G1 F6000
G1 X113.602 Y133.148 E.19294
G1 X110.102 Y133.148 E.11255
G1 X110.102 Y125.398 E.24921
G1 X93.898 Y125.398 E.52107
G1 X93.898 Y134.602 E.29597
G1 X106.398 Y134.602 E.40195
G1 X106.398 Y139.148 E.14618
G1 X81.266 Y139.148 E.80816
G3 X80.852 Y138.734 I-.012 J-.402 E.02107
G1 X80.852 Y134.687 E.13015
G2 X80.852 Y127.313 I3.151 J-3.687 E.71052
G1 X80.852 Y113.602 E.4409
G1 X86.852 Y113.602 E.19294
G1 X86.852 Y106.398 E.23166
G1 X80.852 Y106.398 E.19294
G1 X80.852 Y92.687 E.4409
G2 X80.852 Y85.313 I3.151 J-3.687 E.71052
G1 X80.852 Y81.266 E.13015
G3 X81.266 Y80.852 I.402 J-.012 E.02107
G1 X138.791 Y80.855 E1.84981
G3 X139.148 Y81.266 I-.049 J.402 E.01917
G1 X139.148 Y85.313 E.13015
G2 X139.148 Y92.687 I-3.151 J3.687 E.71052
G1 X139.148 Y106.398 E.4409
G1 X133.148 Y106.398 E.19294
G1 X133.148 Y113.602 E.23166
G1 X139.148 Y113.602 E.19294
G1 X139.148 Y127.313 E.4409
G2 X139.148 Y134.687 I-3.151 J3.687 E.71052
G1 X139.148 Y138.734 E.13015
G3 X138.734 Y139.148 I-.402 J.012 E.02107
G1 X113.662 Y139.148 E.80623
G1 X114.009 Y138.741 F18000
G1 F6000
G1 X114.009 Y132.741 E.19294
G1 X110.509 Y132.741 E.11255
G1 X110.509 Y124.991 E.24921
G1 X93.491 Y124.991 E.54725
G1 X93.491 Y135.009 E.32215
G1 X105.991 Y135.009 E.40195
G1 X105.991 Y138.741 E.12
G1 X81.259 Y138.741 E.79528
G1 X81.259 Y135.499 E.10423
G2 X86.14 Y135.806 I2.739 J-4.599 E.1633
G2 X81.86 Y126.194 I-2.14 J-4.806 E.53142
G1 X81.259 Y126.501 E.0217
G1 X81.259 Y114.009 E.40168
G1 X87.259 Y114.009 E.19294
G1 X87.259 Y105.991 E.25784
G1 X81.259 Y105.991 E.19294
G1 X81.259 Y93.499 E.40168
G2 X86.14 Y93.806 I2.739 J-4.599 E.1633
G2 X81.86 Y84.194 I-2.14 J-4.806 E.53142
G1 X81.259 Y84.501 E.0217
G1 X81.259 Y81.259 E.10423
G1 X138.741 Y81.259 E1.8484
G1 X138.741 Y84.501 E.10423
G2 X133.86 Y84.194 I-2.739 J4.599 E.1633
G2 X131.296 Y86.66 I2.189 J4.842 E.11664
G1 X131.109 Y86.615 E.00619
G1 X131.109 Y85.891 E.02328
G1 X111.891 Y85.891 E.61799
G1 X111.891 Y96.109 E.32858
G1 X131.109 Y96.109 E.61799
G1 X131.109 Y91.385 E.15191
G1 X131.296 Y91.34 E.00619
G2 X138.14 Y93.806 I4.713 J-2.351 E.25819
G1 X138.741 Y93.499 E.0217
G1 X138.741 Y105.991 E.40168
G1 X132.741 Y105.991 E.19294
G1 X132.741 Y114.009 E.25784
G1 X138.741 Y114.009 E.19294
G1 X138.741 Y126.501 E.40168
G2 X133.86 Y126.194 I-2.739 J4.599 E.1633
G2 X138.14 Y135.806 I2.14 J4.806 E.53142
G1 X138.741 Y135.499 E.0217
G1 X138.741 Y138.741 E.10423
G1 X114.069 Y138.741 E.79335
G1 E-1.75
;WIPE_START
G1 X114.059 Y137.741 E-.75
;WIPE_END
G1 X113.611 Y137.741 Z.84 F18000
G1 X113.611 Y133.139
G1 X113.226 Y133.139
G1 X110.021 Y115.711
G1 X110 Y115.309
G1 Z.64
G1 E2.5 F6000
M204 P1000
;TYPE:Outer wall
;WIDTH:0.42
G1 F3600
G2 X113.553 Y106.054 I.008 J-5.307 E.38116
G2 X109.843 Y104.698 I-3.538 J3.927 E.1206
G2 X109.94 Y115.308 I.165 J5.304 E.48967
G1 X109.919 Y115.707 F18000
G1 X109.98 Y115.711
G1 X109.981 Y115.702
M204 P1500
;TYPE:Inner wall
;WIDTH:0.45
G1 F6000
G1 X110 Y115.702 E.00061
G2 X114.238 Y106.184 I.007 J-5.699 E.42267
G2 X109.822 Y104.306 I-4.249 J3.862 E.15919
G2 X109.404 Y115.67 I.185 J5.696 E.55035
G1 X109.921 Y115.699 E.01665
G1 X109.961 Y116.109 F18000
G1 F6000
G1 X110 Y116.109 E.00125
G2 X114.944 Y106.408 I.007 J-6.106 E.43226
G2 X109.801 Y103.9 I-4.93 J3.58 E.19153
G2 X109.361 Y116.075 I.206 J6.103 E.58945
G1 X109.901 Y116.105 E.01738
G1 E-1.75
;WIPE_START
G1 X110 Y116.109 E-.07412
G1 X110.639 Y116.077 E-.47965
G1 X110.897 Y116.036 E-.19623
;WIPE_END
G1 X110.835 Y115.643 Z.84 F18000
G1 X111.188 Y115.587
G1 X111.765 Y115.432
G1 X112.323 Y115.218
G1 X112.856 Y114.946
G1 X113.357 Y114.621
G1 X113.822 Y114.245
G1 X114.245 Y113.822
G1 X114.621 Y113.357
G1 X114.946 Y112.856
G1 X115.218 Y112.323
G1 X115.432 Y111.765
G1 X115.587 Y111.188
G1 X115.617 Y110.997
G1 X130.31 Y95.711
G1 X130.31 Y95.31
G1 Z.64
G1 E2.5 F6000
M204 P1000
;TYPE:Outer wall
;WIDTH:0.42
G1 F3600
G1 X130.31 Y86.69 E.25676
G1 X112.69 Y86.69 E.52484
G1 X112.69 Y95.31 E.25676
G1 X130.25 Y95.31 E.52305
G1 X130.25 Y95.711 F18000
G1 X130.702 Y95.711
G1 X130.702 Y95.702
M204 P1500
;TYPE:Inner wall
;WIDTH:0.45
G1 F6000
G1 X130.702 Y86.298 E.3024
G1 X112.298 Y86.298 E.59181
G1 X112.298 Y95.702 E.3024
G1 X130.642 Y95.702 E.58988
G1 X131.501 Y93.724 F18000
M204 P2000
;TYPE:Internal solid infill
;WIDTH:0.419999
G1 F6000
G1 X132.908 Y93.724 E.04192
G1 X132.225 Y93.207 E.02551
G1 X131.788 Y92.769 E.01844
G1 X131.501 Y92.385 E.01428
G1 X131.501 Y93.664 E.03809
G1 X131.886 Y93.323 F18000
;WIDTH:0.391412
G1 F6000
G1 X131.82 Y93.361 E.00208
G1 X131.872 Y93.39 E.00162
G1 X131.155 Y91.165 F18000
;TYPE:Gap infill
;WIDTH:0.443408
G1 F6000
G1 X131.121 Y90.982 E.00589
;WIDTH:0.401179
G1 X131.087 Y90.799 E.00527
;WIDTH:0.357141
G1 X131.051 Y90.6 E.00501
;WIDTH:0.309764
G1 X131.027 Y90.424 E.00375
;WIDTH:0.263327
G1 X131.004 Y90.247 E.0031
;WIDTH:0.21587
G1 X130.98 Y90.063 E.00254
;WIDTH:0.171194
G1 X130.959 Y89.798 E.00269
;WIDTH:0.129266
G1 X130.938 Y89.53 E.00183
;WIDTH:0.108344
G1 X130.93 Y89.218 E.00161
G1 X130.93 Y88.782 F18000
;WIDTH:0.108344
G1 F6000
G1 X130.938 Y88.47 E.00161
;WIDTH:0.129265
G1 X130.959 Y88.202 E.00183
;WIDTH:0.171193
G1 X130.98 Y87.937 E.00269
;WIDTH:0.215871
G1 X131.004 Y87.753 E.00254
;WIDTH:0.263327
G1 X131.027 Y87.576 E.0031
;WIDTH:0.309763
G1 X131.051 Y87.4 E.00375
;WIDTH:0.35714
G1 X131.087 Y87.202 E.00501
;WIDTH:0.401178
G1 X131.121 Y87.018 E.00527
;WIDTH:0.443406
G1 X131.155 Y86.835 E.00589
G1 X131.313 Y85.861 F18000
;WIDTH:0.166685
G1 F6000
G1 X131.653 Y85.687 E.00373
G1 X134.259 Y83.866 F18000
;TYPE:Internal solid infill
;WIDTH:0.421676
G1 F6000
G1 X86.214 Y83.866 E1.43747
G1 X86.275 Y83.889 E.00196
G3 X86.935 Y84.245 I-1.361 J3.316 E.02245
G1 X133.065 Y84.245 E1.38018
G2 X132.527 Y84.623 I1.534 J2.75 E.01972
G1 X87.473 Y84.623 E1.348
G3 X87.903 Y85.002 I-1.585 J2.235 E.01718
G1 X132.097 Y85.002 E1.32225
G2 X131.821 Y85.284 I1.2 J1.455 E.01183
G1 X131.76 Y85.165 E.00399
G1 X131.336 Y85.381 E.01423
G1 X88.258 Y85.381 E1.28886
G3 X88.557 Y85.76 I-1.654 J1.613 E.01446
G1 X111.558 Y85.76 E.68816
G1 X111.558 Y86.138 E.01133
G1 X88.803 Y86.138 E.6808
G3 X89.005 Y86.517 I-1.701 J1.151 E.01287
G1 X111.558 Y86.517 E.67475
G1 X111.558 Y86.896 E.01133
G1 X89.176 Y86.896 E.66962
G3 X89.321 Y87.275 I-1.727 J.878 E.01216
G1 X111.558 Y87.275 E.66528
G1 X111.558 Y87.653 E.01133
G1 X89.423 Y87.653 E.66225
G3 X89.503 Y88.032 I-1.764 J.571 E.0116
G1 X111.558 Y88.032 E.65985
G1 X111.558 Y88.411 E.01133
G1 X89.563 Y88.411 E.65806
G3 X89.583 Y88.79 I-1.792 J.286 E.01137
G1 X111.558 Y88.79 E.65745
G1 X111.558 Y89.168 E.01133
G1 X89.585 Y89.168 E.65738
G1 X89.566 Y89.547 E.01135
G1 X111.558 Y89.547 E.65798
G1 X111.558 Y89.926 E.01133
G1 X89.51 Y89.926 E.65966
G3 X89.434 Y90.305 I-1.841 J-.17 E.01158
G1 X111.558 Y90.305 E.66191
G1 X111.558 Y90.683 E.01133
G1 X89.333 Y90.683 E.66495
G3 X89.192 Y91.062 I-1.871 J-.477 E.0121
G1 X111.558 Y91.062 E.66914
G1 X111.558 Y91.441 E.01133
G1 X89.026 Y91.441 E.67411
G3 X88.83 Y91.82 I-1.901 J-.744 E.01279
G1 X111.558 Y91.82 E.67998
G1 X111.558 Y92.198 E.01133
G1 X88.584 Y92.198 E.68734
G3 X88.292 Y92.577 I-1.949 J-1.202 E.01434
G1 X111.558 Y92.577 E.69609
G1 X111.558 Y92.956 E.01133
G1 X87.945 Y92.956 E.70647
G3 X87.524 Y93.335 I-2.011 J-1.809 E.01696
G1 X111.558 Y93.335 E.71905
G1 X111.558 Y93.714 E.01133
G1 X86.999 Y93.714 E.73476
G3 X86.311 Y94.092 I-2.146 J-3.084 E.02354
G1 X111.558 Y94.092 E.75534
G1 X111.558 Y94.471 E.01133
G1 X85.167 Y94.471 E.78959
G1 X84.937 Y94.508 E.00695
G1 X84.937 Y94.666 E.00475
G1 X81.592 Y94.666 E.10008
G1 X81.592 Y94.85 E.00549
G1 X111.558 Y94.85 E.89653
G1 X111.558 Y95.229 E.01133
G1 X81.592 Y95.229 E.89653
G1 X81.592 Y95.607 E.01133
G1 X111.558 Y95.607 E.89653
G1 X111.558 Y95.986 E.01133
G1 X81.592 Y95.986 E.89653
G1 X81.592 Y96.365 E.01133
G1 X138.408 Y96.365 E1.69985
G1 X138.408 Y95.986 E.01133
G1 X131.442 Y95.986 E.20839
G1 X131.442 Y95.607 E.01133
G1 X138.408 Y95.607 E.20839
G1 X138.408 Y95.229 E.01133
G1 X131.442 Y95.229 E.20839
G1 X131.442 Y94.85 E.01133
G1 X138.408 Y94.85 E.20839
G1 X138.408 Y94.666 E.00549
G1 X135.063 Y94.666 E.10008
G1 X135.063 Y94.508 E.00475
G1 X134.833 Y94.471 E.00695
G1 X131.442 Y94.471 E.10145
G1 X131.442 Y94.092 E.01133
G1 X134.15 Y94.092 E.08102
G1 X135.201 Y94.528 F18000
;WIDTH:0.38292
G1 F6000
G2 X137.104 Y94.509 I.842 J-10.976 E.05119
G1 X137.178 Y94.503 F18000
;WIDTH:0.373451
G1 F6000
G1 X138.375 Y94.504 E.03125
G1 X138.375 Y94.096 E.01067
G3 X137.236 Y94.487 I-2.253 J-4.707 E.03152
G1 X138.577 Y96.744 F18000
;WIDTH:0.421676
G1 F6000
G1 X81.592 Y96.744 E1.70493
G1 X81.592 Y97.122 E.01133
G1 X138.408 Y97.122 E1.69985
G1 X138.408 Y97.501 E.01133
G1 X81.592 Y97.501 E1.69985
G1 X81.592 Y97.88 E.01133
G1 X138.408 Y97.88 E1.69985
G1 X138.408 Y98.259 E.01133
G1 X81.592 Y98.259 E1.69985
G1 X81.592 Y98.637 E.01133
G1 X138.408 Y98.637 E1.69985
G1 X138.408 Y99.016 E.01133
G1 X81.592 Y99.016 E1.69985
G1 X81.592 Y99.395 E.01133
G1 X138.408 Y99.395 E1.69985
G1 X138.408 Y99.774 E.01133
G1 X81.592 Y99.774 E1.69985
G1 X81.592 Y100.152 E.01133
G1 X138.408 Y100.152 E1.69985
G1 X138.408 Y100.531 E.01133
G1 X81.592 Y100.531 E1.69985
G1 X81.592 Y100.91 E.01133
G1 X138.408 Y100.91 E1.69985
G1 X138.408 Y101.289 E.01133
G1 X81.592 Y101.289 E1.69985
G1 X81.592 Y101.667 E.01133
G1 X138.408 Y101.667 E1.69985
G1 X138.408 Y102.046 E.01133
G1 X81.592 Y102.046 E1.69985
G1 X81.592 Y102.425 E.01133
G1 X138.408 Y102.425 E1.69985
G1 X138.408 Y102.804 E.01133
G1 X81.592 Y102.804 E1.69985
G1 X81.592 Y103.182 E.01133
G1 X138.408 Y103.182 E1.69985
G1 X138.408 Y103.561 E.01133
G1 X81.592 Y103.561 E1.69985
G1 X81.592 Y103.94 E.01133
G1 X107.829 Y103.94 E.78497
G2 X106.975 Y104.319 I1.375 J4.254 E.02801
G1 X81.592 Y104.319 E.75941
G1 X81.592 Y104.697 E.01133
G1 X106.349 Y104.697 E.74069
G2 X105.854 Y105.076 I1.554 J2.543 E.01868
G1 X81.592 Y105.076 E.72589
G1 X81.592 Y105.455 E.01133
G1 X105.444 Y105.455 E.71361
G2 X105.093 Y105.834 I1.626 J1.859 E.01548
G1 X87.592 Y105.834 E.52359
G1 X87.592 Y106.212 E.01133
G1 X104.786 Y106.212 E.51442
G1 X104.54 Y106.591 E.01351
G1 X87.592 Y106.591 E.50706
G1 X87.592 Y106.97 E.01133
G1 X104.321 Y106.97 E.5005
G1 X104.128 Y107.349 E.01272
G1 X87.592 Y107.349 E.49473
G1 X87.592 Y107.727 E.01133
G1 X103.979 Y107.727 E.49027
G2 X103.845 Y108.106 I1.735 J.827 E.01204
G1 X87.592 Y108.106 E.48626
G1 X87.592 Y108.485 E.01133
G1 X103.743 Y108.485 E.48322
G2 X103.664 Y108.864 I1.762 J.566 E.0116
G1 X87.592 Y108.864 E.48085
G1 X87.592 Y109.243 E.01133
G1 X103.604 Y109.243 E.47906
G2 X103.575 Y109.621 I1.787 J.326 E.01139
G1 X87.592 Y109.621 E.4782
G1 X87.592 Y110 E.01133
G1 X103.556 Y110 E.4776
G1 X103.575 Y110.379 E.01135
G1 X87.592 Y110.379 E.4782
G1 X87.592 Y110.758 E.01133
G1 X103.604 Y110.758 E.47906
G1 X103.664 Y111.136 E.01147
G1 X87.592 Y111.136 E.48085
G1 X87.592 Y111.515 E.01133
G1 X103.743 Y111.515 E.48322
G1 X103.845 Y111.894 E.01173
G1 X87.592 Y111.894 E.48626
G1 X87.592 Y112.273 E.01133
G1 X103.979 Y112.273 E.49027
G2 X104.128 Y112.651 I1.876 J-.52 E.0122
G1 X87.592 Y112.651 E.49473
G1 X87.592 Y113.03 E.01133
G1 X104.321 Y113.03 E.5005
G2 X104.54 Y113.409 I1.911 J-.853 E.01312
G1 X87.592 Y113.409 E.50706
G1 X87.592 Y113.788 E.01133
G1 X104.786 Y113.788 E.51442
G1 X105.093 Y114.166 E.01458
G1 X87.592 Y114.166 E.52359
G1 X87.592 Y114.342 E.00527
G1 X81.592 Y114.342 E.17951
G1 X81.592 Y114.545 E.00606
G1 X105.444 Y114.545 E.71361
G2 X105.854 Y114.924 I2.007 J-1.763 E.01674
G1 X81.592 Y114.924 E.72589
G1 X81.592 Y115.303 E.01133
G1 X106.349 Y115.303 E.74069
G2 X106.975 Y115.681 I2.115 J-2.787 E.02192
G1 X81.592 Y115.681 E.75941
G1 X81.592 Y116.06 E.01133
G1 X108.407 Y116.06 E.80227
G1 X111.593 Y116.06 F18000
G1 F6000
G1 X138.408 Y116.06 E.80227
G1 X138.408 Y115.681 E.01133
G1 X113.025 Y115.681 E.75941
G2 X113.651 Y115.303 I-1.489 J-3.165 E.02192
G1 X138.408 Y115.303 E.74069
G1 X138.408 Y114.924 E.01133
G1 X114.146 Y114.924 E.72589
G2 X114.556 Y114.545 I-1.597 J-2.142 E.01674
G1 X138.408 Y114.545 E.71361
G1 X138.408 Y114.342 E.00606
G1 X132.408 Y114.342 E.17951
G1 X132.408 Y114.166 E.00527
G1 X114.907 Y114.166 E.52359
G1 X115.214 Y113.788 E.01458
G1 X132.408 Y113.788 E.51442
G1 X132.408 Y113.409 E.01133
G1 X115.46 Y113.409 E.50706
G2 X115.679 Y113.03 I-1.692 J-1.232 E.01312
G1 X132.408 Y113.03 E.5005
G1 X132.408 Y112.651 E.01133
G1 X115.872 Y112.651 E.49473
G2 X116.021 Y112.273 I-1.727 J-.899 E.0122
G1 X132.408 Y112.273 E.49027
G1 X132.408 Y111.894 E.01133
G1 X116.155 Y111.894 E.48626
G1 X116.257 Y111.515 E.01173
G1 X132.408 Y111.515 E.48322
G1 X132.408 Y111.136 E.01133
G1 X116.336 Y111.136 E.48085
G1 X116.396 Y110.758 E.01147
G1 X132.408 Y110.758 E.47906
G1 X132.408 Y110.379 E.01133
G1 X116.425 Y110.379 E.4782
G1 X116.444 Y110 E.01135
G1 X132.408 Y110 E.4776
G1 X132.408 Y109.621 E.01133
G1 X116.425 Y109.621 E.4782
G2 X116.396 Y109.243 I-1.816 J-.053 E.01139
G1 X132.408 Y109.243 E.47906
G1 X132.408 Y108.864 E.01133
G1 X116.336 Y108.864 E.48085
G2 X116.257 Y108.485 I-1.841 J.187 E.0116
G1 X132.408 Y108.485 E.48322
G1 X132.408 Y108.106 E.01133
G1 X116.155 Y108.106 E.48626
G2 X116.021 Y107.727 I-1.869 J.449 E.01204
G1 X132.408 Y107.727 E.49027
G1 X132.408 Y107.349 E.01133
G1 X115.872 Y107.349 E.49473
G1 X115.679 Y106.97 E.01272
G1 X132.408 Y106.97 E.5005
G1 X132.408 Y106.591 E.01133
G1 X115.46 Y106.591 E.50706
G1 X115.214 Y106.212 E.01351
G1 X132.408 Y106.212 E.51442
G1 X132.408 Y105.834 E.01133
G1 X114.907 Y105.834 E.52359
G2 X114.556 Y105.455 I-1.977 J1.481 E.01548
G1 X138.408 Y105.455 E.71361
G1 X138.408 Y105.076 E.01133
G1 X114.146 Y105.076 E.72589
G2 X113.651 Y104.697 I-2.049 J2.165 E.01868
G1 X138.408 Y104.697 E.74069
G1 X138.408 Y104.319 E.01133
G1 X113.025 Y104.319 E.75941
G2 X112.171 Y103.94 I-2.229 J3.875 E.02801
G1 X138.577 Y103.94 E.79005
G1 X139.139 Y103.94 F18000
G1 X133.139 Y106.389
G1 X133.139 Y113.611
G1 X139.139 Y113.611
G1 X139.139 Y116.439
G1 X138.577 Y116.439
G1 F6000
G1 X81.592 Y116.439 E1.70493
G1 X81.592 Y116.818 E.01133
G1 X138.408 Y116.818 E1.69985
G1 X138.408 Y117.196 E.01133
G1 X81.592 Y117.196 E1.69985
G1 X81.592 Y117.575 E.01133
G1 X138.408 Y117.575 E1.69985
G1 X138.408 Y117.954 E.01133
G1 X81.592 Y117.954 E1.69985
G1 X81.592 Y118.333 E.01133
G1 X138.408 Y118.333 E1.69985
G1 X138.408 Y118.711 E.01133
G1 X81.592 Y118.711 E1.69985
G1 X81.592 Y119.09 E.01133
G1 X138.408 Y119.09 E1.69985
G1 X138.408 Y119.469 E.01133
G1 X81.592 Y119.469 E1.69985
G1 X81.592 Y119.848 E.01133
G1 X138.408 Y119.848 E1.69985
G1 X138.408 Y120.226 E.01133
G1 X81.592 Y120.226 E1.69985
G1 X81.592 Y120.605 E.01133
G1 X138.408 Y120.605 E1.69985
G1 X138.408 Y120.984 E.01133
G1 X81.592 Y120.984 E1.69985
G1 X81.592 Y121.363 E.01133
G1 X138.408 Y121.363 E1.69985
G1 X138.408 Y121.741 E.01133
G1 X81.592 Y121.741 E1.69985
G1 X81.592 Y122.12 E.01133
G1 X138.408 Y122.12 E1.69985
G1 X138.408 Y122.499 E.01133
G1 X81.592 Y122.499 E1.69985
G1 X81.592 Y122.878 E.01133
G1 X138.408 Y122.878 E1.69985
G1 X138.408 Y123.256 E.01133
G1 X81.592 Y123.256 E1.69985
G1 X81.592 Y123.635 E.01133
G1 X138.408 Y123.635 E1.69985
G1 X138.408 Y124.014 E.01133
G1 X81.592 Y124.014 E1.69985
G1 X81.592 Y124.393 E.01133
G1 X138.408 Y124.393 E1.69985
G1 X138.408 Y124.772 E.01133
G1 X81.592 Y124.771 E1.69985
G1 X81.592 Y125.15 E.01133
G1 X93.158 Y125.15 E.34602
G1 X93.158 Y125.529 E.01133
G1 X81.592 Y125.529 E.34602
G1 X81.592 Y125.908 E.01133
G1 X82.15 Y125.908 E.01669
G1 X82.352 Y126.432 F18000
G1 X82.498 Y126.376
G1 X82.989 Y126.245
G1 X83.492 Y126.165
G1 X84 Y126.138
G1 X84.508 Y126.165
G1 X85.011 Y126.245
G1 X85.502 Y126.376
G1 X85.977 Y126.559
G1 X86.431 Y126.79
G1 X86.858 Y127.067
G1 X87.253 Y127.387
G1 X87.613 Y127.747
G1 X87.933 Y128.142
G1 X88.21 Y128.569
G1 X88.441 Y129.023
G1 X88.486 Y129.139
G1 X89.011 Y128.938
G1 F6000
G1 X93.158 Y128.938 E.12407
G1 X93.158 Y128.559 E.01133
G1 X89.026 Y128.559 E.1236
G2 X88.83 Y128.18 I-1.9 J.744 E.01278
G1 X93.158 Y128.18 E.12947
G1 X93.158 Y127.802 E.01133
G1 X88.584 Y127.802 E.13683
G2 X88.292 Y127.423 I-1.949 J1.202 E.01434
G1 X93.158 Y127.423 E.14558
G1 X93.158 Y127.044 E.01133
G1 X87.945 Y127.044 E.15596
G2 X87.524 Y126.665 I-2.011 J1.809 E.01696
G1 X93.158 Y126.665 E.16854
G1 X93.158 Y126.287 E.01133
G1 X86.999 Y126.287 E.18425
G2 X86.312 Y125.908 I-2.146 J3.084 E.02353
G1 X93.327 Y125.908 E.2099
G1 X91.147 Y130.677 F18000
;WIDTH:0.419998
G1 F6000
G1 X91.53 Y130.677 E.01143
G1 X91.968 Y130.3 F18000
;WIDTH:0.419999
G1 F6000
G1 X90.746 Y130.3 E.03638
G3 X90.782 Y131.055 I-6.55 J.692 E.0225
G1 X91.968 Y131.055 E.0353
G1 X91.968 Y130.36 E.02068
G1 X92.345 Y129.923 F18000
G1 F6000
G1 X90.309 Y129.923 E.06064
G1 X90.394 Y130.717 E.02377
G1 X90.386 Y131.432 E.02129
G1 X92.345 Y131.432 E.05835
G1 X92.345 Y129.983 E.04314
G1 X92.722 Y129.546 F18000
G1 F6000
G1 X89.845 Y129.546 E.08568
G1 X89.993 Y130.34 E.02406
G3 X89.965 Y131.809 I-6.292 J.614 E.04384
G1 X92.722 Y131.809 E.08212
G1 X92.722 Y129.606 E.0656
G1 X93.099 Y129.169 F18000
G1 F6000
G1 X89.344 Y129.169 E.11183
G3 X89.509 Y132.186 I-5.098 J1.791 E.0912
G1 X93.099 Y132.186 E.10693
G1 X93.099 Y129.229 E.08807
G1 X93.327 Y132.374 F18000
;WIDTH:0.419999
G1 F6000
G1 X89.415 Y132.374 E.11652
G3 X89.312 Y132.751 I-1.845 J-.304 E.01167
G1 X93.158 Y132.751 E.11455
G1 X93.158 Y133.129 E.01123
G1 X89.167 Y133.129 E.11887
G3 X88.993 Y133.506 I-1.879 J-.637 E.01239
G1 X93.158 Y133.506 E.12404
G1 X93.158 Y133.883 E.01123
G1 X88.789 Y133.883 E.13012
G1 X88.544 Y134.26 E.01339
G1 X93.158 Y134.26 E.13741
G1 X93.158 Y134.637 E.01123
G1 X88.244 Y134.637 E.14637
G3 X87.887 Y135.014 I-1.971 J-1.508 E.01549
G1 X93.158 Y135.014 E.157
G1 X93.158 Y135.342 E.00979
G1 X105.658 Y135.342 E.37233
G1 X105.658 Y135.391 E.00145
G1 X87.455 Y135.391 E.5422
G3 X86.915 Y135.768 I-2.065 J-2.38 E.01964
G1 X105.658 Y135.768 E.55827
G1 X105.658 Y136.145 E.01123
G1 X85.712 Y136.145 E.59411
G1 X84.66 Y136.472 F18000
;WIDTH:0.38292
G1 F6000
G2 X85.313 Y136.412 I-.25 J-6.324 E.01762
G1 X81.737 Y136.248 F18000
;WIDTH:0.570376
G1 F4789.627
G1 X81.838 Y136.269 E.00432
;WIDTH:0.528719
G1 F5200.333
G1 X81.94 Y136.29 E.00398
;WIDTH:0.487062
G1 F5688.082
G1 X82.041 Y136.311 E.00364
;WIDTH:0.445406
G1 F6000
G1 X82.143 Y136.332 E.0033
;WIDTH:0.386689
G2 X83.28 Y136.467 I1.937 J-11.451 E.0311
G1 X81.423 Y138.031 F18000
;WIDTH:0.419999
G1 F6000
G1 X105.658 Y138.031 E.72187
G1 X105.658 Y137.653 E.01123
G1 X81.592 Y137.653 E.71682
G1 X81.592 Y137.276 E.01123
G1 X105.658 Y137.276 E.71682
G1 X105.658 Y136.899 E.01123
G1 X81.592 Y136.899 E.71682
G1 X81.592 Y136.522 E.01123
G1 X105.827 Y136.522 E.72187
G1 X106.389 Y136.522 F18000
G1 X93.889 Y134.611
G1 X93.889 Y125.389
G1 X110.111 Y125.389
G1 X134.023 Y126.559
G1 X134.352 Y126.432
G1 X134.15 Y125.908
;WIDTH:0.421676
G1 F6000
G1 X110.842 Y125.908 E.69735
G1 X110.842 Y126.287 E.01133
G1 X133.001 Y126.287 E.66295
G2 X132.476 Y126.665 I1.541 J2.689 E.0194
G1 X110.842 Y126.665 E.64725
G1 X110.842 Y127.044 E.01133
G1 X132.055 Y127.044 E.63467
G2 X131.708 Y127.423 I1.627 J1.84 E.0154
G1 X110.842 Y127.423 E.62428
G1 X110.842 Y127.802 E.01133
G1 X131.416 Y127.802 E.61554
G1 X131.17 Y128.18 E.01351
G1 X110.842 Y128.18 E.60818
G1 X110.842 Y128.559 E.01133
G1 X130.974 Y128.559 E.60231
G2 X130.808 Y128.938 I1.717 J.979 E.0124
G1 X110.842 Y128.938 E.59734
G1 X110.842 Y129.317 E.01133
G1 X130.667 Y129.317 E.59314
G1 X130.566 Y129.695 E.01173
G1 X110.842 Y129.695 E.59011
G1 X110.842 Y130.074 E.01133
G1 X130.49 Y130.074 E.58785
G2 X130.434 Y130.453 I1.774 J.456 E.01148
G1 X110.842 Y130.453 E.58617
G1 X110.842 Y130.832 E.01133
G1 X130.415 Y130.832 E.58558
G2 X130.417 Y131.21 I1.801 J.179 E.01135
G1 X110.842 Y131.21 E.58564
G1 X110.842 Y131.589 E.01133
G1 X130.437 Y131.589 E.58625
G1 X130.497 Y131.968 E.01147
G1 X110.842 Y131.968 E.58805
G1 X110.842 Y132.347 E.01133
G1 X130.577 Y132.347 E.59044
G1 X130.679 Y132.725 E.01173
G1 X114.342 Y132.725 E.48876
G1 X114.342 Y133.104 E.01133
G1 X130.824 Y133.104 E.4931
G2 X130.995 Y133.483 I1.886 J-.626 E.01246
G1 X114.342 Y133.483 E.49823
G1 X114.342 Y133.862 E.01133
G1 X131.197 Y133.862 E.50428
G1 X131.443 Y134.24 E.01351
G1 X114.342 Y134.24 E.51164
G1 X114.342 Y134.619 E.01133
G1 X131.742 Y134.619 E.52058
G2 X132.097 Y134.998 I1.978 J-1.499 E.01556
G1 X114.342 Y134.998 E.53121
G1 X114.342 Y135.377 E.01133
G1 X132.528 Y135.377 E.54408
G2 X133.065 Y135.755 I2.072 J-2.371 E.01972
G1 X114.342 Y135.755 E.56017
G1 X114.342 Y136.134 E.01133
G1 X133.786 Y136.134 E.58173
G2 X134.509 Y136.384 I1.55 J-3.313 E.02293
G1 X134.509 Y136.513 E.00385
G1 X114.342 Y136.513 E.60336
G1 X114.342 Y136.892 E.01133
G1 X138.408 Y136.892 E.72001
G1 X138.408 Y137.27 E.01133
G1 X114.342 Y137.27 E.72001
G1 X114.342 Y137.649 E.01133
G1 X138.408 Y137.649 E.72001
G1 X138.408 Y138.028 E.01133
G1 X114.342 Y138.028 E.72001
G1 X114.342 Y138.407 E.01133
G1 X138.577 Y138.407 E.72508
G1 X136.66 Y136.472 F18000
;WIDTH:0.38292
G1 F6000
G2 X137.749 Y136.354 I-.572 J-10.396 E.02942
;WIDTH:0.406718
G1 X137.865 Y136.332 E.00339
;WIDTH:0.454313
G1 X137.981 Y136.311 E.00384
;WIDTH:0.501908
G1 F5504.105
G1 X138.097 Y136.289 E.00428
;WIDTH:0.525705
G1 F5232.797
G1 X138.213 Y136.268 E.0045
G1 X134.653 Y136.363 F18000
;WIDTH:0.38292
G1 F6000
G1 X134.589 Y136.4 E.00198
G1 X134.638 Y136.428 E.00151
G1 X134.829 Y135.712 F18000
G1 X134.498 Y135.624
G1 X134.023 Y135.441
G1 X133.569 Y135.21
G1 X133.142 Y134.933
G1 X132.747 Y134.613
G1 X132.387 Y134.253
G1 X132.067 Y133.858
G1 X131.79 Y133.431
G1 X131.559 Y132.977
G1 X131.376 Y132.502
G1 X131.245 Y132.011
G1 X131.165 Y131.508
G1 X131.138 Y131
G1 X131.165 Y130.492
G1 X131.245 Y129.989
G1 X131.376 Y129.498
G1 X131.559 Y129.023
G1 X131.79 Y128.569
G1 X132.067 Y128.142
G1 X132.387 Y127.747
G1 X132.747 Y127.387
G1 X133.142 Y127.067
G1 X133.569 Y126.79
G1 X134.023 Y126.559
G1 X134.498 Y126.376
G1 X134.989 Y126.245
G1 X135.492 Y126.165
G1 X136 Y126.138
G1 X136.508 Y126.165
G1 X137.011 Y126.245
G1 X137.502 Y126.376
G1 X137.648 Y126.432
G1 X137.85 Y125.908
;WIDTH:0.421676
G1 F6000
G1 X138.408 Y125.908 E.01669
G1 X138.408 Y125.529 E.01133
G1 X110.842 Y125.529 E.82472
G1 X110.842 Y125.15 E.01133
G1 X138.577 Y125.15 E.8298
G1 X139.139 Y125.15 F18000
G1 X133.139 Y113.611
G1 X131.165 Y89.508
G1 X131.138 Y89
G1 X131.165 Y88.492
G1 X131.245 Y87.989
G1 X131.376 Y87.498
G1 X131.559 Y87.023
G1 X131.79 Y86.569
G1 X132.067 Y86.142
G1 X132.387 Y85.747
G1 X132.747 Y85.387
G1 X133.142 Y85.067
G1 X133.569 Y84.79
G1 X134.023 Y84.559
G1 X134.498 Y84.376
G1 X134.989 Y84.245
G1 X135.492 Y84.165
G1 X136 Y84.138
G1 X136.508 Y84.165
G1 X139.139 Y84.365
G1 X139.139 Y83.867
G1 X138.385 Y83.867
;WIDTH:0.390102
G1 F6000
G1 X138.32 Y83.905 E.00206
G1 X138.371 Y83.934 E.00161
G1 X138.577 Y83.487 F18000
;WIDTH:0.421676
G1 F6000
G1 X81.592 Y83.487 E1.70493
G1 X81.592 Y83.108 E.01133
G1 X138.408 Y83.108 E1.69985
G1 X138.408 Y82.73 E.01133
G1 X81.592 Y82.73 E1.69985
G1 X81.592 Y82.351 E.01133
G1 X138.408 Y82.351 E1.69985
G1 X138.408 Y81.972 E.01133
G1 X81.592 Y81.972 E1.69985
G1 X81.592 Y81.593 E.01133
G1 X138.577 Y81.593 E1.70493
G1 X81.65 Y83.86 F18000
;WIDTH:0.38292
G1 F6000
G1 X81.586 Y83.897 E.00198
G1 X81.635 Y83.925 E.00151
G1 X81.971 Y84.585 F18000
G1 X82.023 Y84.559
G1 X82.498 Y84.376
G1 X82.989 Y84.245
G1 X83.492 Y84.165
G1 X84 Y84.138
G1 X84.508 Y84.165
G1 X85.011 Y84.245
G1 X85.502 Y84.376
G1 X85.977 Y84.559
G1 X86.431 Y84.79
G1 X86.858 Y85.067
G1 X87.253 Y85.387
G1 X87.613 Y85.747
G1 X87.933 Y86.142
G1 X88.21 Y86.569
G1 X88.441 Y87.023
G1 X88.624 Y87.498
G1 X88.755 Y87.989
G1 X88.835 Y88.492
G1 X88.862 Y89
G1 X88.835 Y89.508
G1 X88.755 Y90.011
G1 X88.624 Y90.502
G1 X88.441 Y90.977
G1 X88.21 Y91.431
G1 X87.933 Y91.858
G1 X87.613 Y92.253
G1 X87.253 Y92.613
G1 X86.858 Y92.933
G1 X86.431 Y93.21
G1 X85.977 Y93.441
G1 X85.502 Y93.624
G1 X85.011 Y93.755
G1 X84.508 Y93.835
G1 X84 Y93.862
G1 X83.492 Y93.835
G1 X82.989 Y93.755
G1 X82.839 Y94.505
G1 F6000
G2 X84.744 Y94.538 I1.139 J-10.819 E.05125
G1 X82.822 Y94.503 F18000
;WIDTH:0.376062
G1 F6000
G1 X82.269 Y94.357 E.01505
G1 X81.628 Y94.083 E.01832
G1 X81.628 Y94.501 E.01098
G1 X82.762 Y94.503 E.02982
; stop printing object mid_plate.stl id:1992740639744 copy 0
M106 S102
;LAYER_CHANGE
;Z:0.84
;HEIGHT:0.2
G92 E0 ; zero the extruded length again
; BEFORE_LAYER_CHANGE 3 @ 0.84mm
G1 E-1.75 F6000
;WIPE_START
G1 X81.762 Y94.501 E-.75
;WIPE_END
; AFTER_LAYER_CHANGE 3 @ 0.84mm
;_SET_FAN_SPEED_CHANGING_LAYER
; printing object mid_plate.stl id:1992740639744 copy 0
G17
G3 Z1.04 I-.448 J.411 P1  F18000
G1 X110.111 Y125.389 Z1.04
G1 X113.611 Y133.139
G1 X113.611 Y139.139
G1 X113.21 Y139.54
G1 Z.84
G1 E2.5 F6000
M204 P1000
;TYPE:Outer wall
;WIDTH:0.42
G1 F3600
G1 X113.21 Y133.54 E.17872
G1 X109.71 Y133.54 E.10425
G1 X109.71 Y125.79 E.23085
G1 X94.29 Y125.79 E.45931
G1 X94.29 Y134.21 E.2508
G1 X106.79 Y134.21 E.37233
G1 X106.79 Y139.54 E.15876
G1 X81.256 Y139.54 E.76058
G3 X80.46 Y138.744 I-.002 J-.793 E.03725
G1 X80.46 Y133.706 E.15007
G2 X80.46 Y128.294 I3.542 J-2.706 E.66106
G1 X80.46 Y113.21 E.44929
G1 X86.46 Y113.21 E.17872
G1 X86.46 Y106.79 E.19123
G1 X80.46 Y106.79 E.17872
G1 X80.46 Y91.706 E.44929
G2 X80.46 Y86.294 I3.542 J-2.706 E.66106
G1 X80.46 Y81.256 E.15007
G3 X81.256 Y80.46 I.793 J-.002 E.03725
G1 X138.832 Y80.465 E1.71502
G3 X139.54 Y81.256 I-.095 J.797 E.03453
G1 X139.54 Y86.294 E.15007
G2 X139.54 Y91.706 I-3.542 J2.706 E.66106
G1 X139.54 Y106.79 E.44929
G1 X133.54 Y106.79 E.17872
G1 X133.54 Y113.21 E.19123
G1 X139.54 Y113.21 E.17872
G1 X139.54 Y128.294 E.44929
G2 X139.54 Y133.706 I-3.542 J2.706 E.66106
G1 X139.54 Y138.744 E.15007
G3 X138.744 Y139.54 I-.793 J.002 E.03725
G1 X113.27 Y139.54 E.7588
G1 X113.611 Y139.139 F18000
G1 X113.602 Y139.148
M204 P1500
;TYPE:Inner wall
;WIDTH:0.45
G1 F6000
G1 X113.602 Y133.148 E.19294
G1 X110.102 Y133.148 E.11255
G1 X110.102 Y125.398 E.24921
G1 X93.898 Y125.398 E.52107
G1 X93.898 Y134.602 E.29597
G1 X106.398 Y134.602 E.40195
G1 X106.398 Y139.148 E.14618
G1 X81.266 Y139.148 E.80816
G3 X80.852 Y138.734 I-.012 J-.402 E.02107
G1 X80.852 Y134.687 E.13015
G2 X80.852 Y127.313 I3.151 J-3.687 E.71052
G1 X80.852 Y113.602 E.4409
G1 X86.852 Y113.602 E.19294
G1 X86.852 Y106.398 E.23166
G1 X80.852 Y106.398 E.19294
G1 X80.852 Y92.687 E.4409
G2 X80.852 Y85.313 I3.151 J-3.687 E.71052
G1 X80.852 Y81.266 E.13015
G3 X81.266 Y80.852 I.402 J-.012 E.02107
G1 X138.791 Y80.855 E1.84981
G3 X139.148 Y81.266 I-.049 J.402 E.01917
G1 X139.148 Y85.313 E.13015
G2 X139.148 Y92.687 I-3.151 J3.687 E.71052
G1 X139.148 Y106.398 E.4409
G1 X133.148 Y106.398 E.19294
G1 X133.148 Y113.602 E.23166
G1 X139.148 Y113.602 E.19294
G1 X139.148 Y127.313 E.4409
G2 X139.148 Y134.687 I-3.151 J3.687 E.71052
G1 X139.148 Y138.734 E.13015
G3 X138.734 Y139.148 I-.402 J.012 E.02107
G1 X113.662 Y139.148 E.80623
G1 X114.009 Y138.741 F18000
G1 F6000
G1 X114.009 Y132.741 E.19294
G1 X110.509 Y132.741 E.11255
G1 X110.509 Y124.991 E.24921
G1 X93.491 Y124.991 E.54725
G1 X93.491 Y135.009 E.32215
G1 X105.991 Y135.009 E.40195
G1 X105.991 Y138.741 E.12
G1 X81.259 Y138.741 E.79528
G1 X81.259 Y135.499 E.10423
G2 X86.14 Y135.806 I2.739 J-4.599 E.1633
G2 X81.86 Y126.194 I-2.14 J-4.806 E.53142
G1 X81.259 Y126.501 E.0217
G1 X81.259 Y114.009 E.40168
G1 X87.259 Y114.009 E.19294
G1 X87.259 Y105.991 E.25784
G1 X81.259 Y105.991 E.19294
G1 X81.259 Y93.499 E.40168
G2 X86.14 Y93.806 I2.739 J-4.599 E.1633
G2 X81.86 Y84.194 I-2.14 J-4.806 E.53142
G1 X81.259 Y84.501 E.0217
G1 X81.259 Y81.259 E.10423
G1 X138.741 Y81.259 E1.8484
G1 X138.741 Y84.501 E.10423
G2 X133.86 Y84.194 I-2.739 J4.599 E.1633
G2 X131.296 Y86.66 I2.189 J4.842 E.11664
G1 X131.109 Y86.615 E.00619
G1 X131.109 Y85.891 E.02328
G1 X111.891 Y85.891 E.61799
G1 X111.891 Y96.109 E.32858
G1 X131.109 Y96.109 E.61799
G1 X131.109 Y91.385 E.15191
G1 X131.296 Y91.34 E.00619
G2 X138.14 Y93.806 I4.713 J-2.351 E.25819
G1 X138.741 Y93.499 E.0217
G1 X138.741 Y105.991 E.40168
G1 X132.741 Y105.991 E.19294
G1 X132.741 Y114.009 E.25784
G1 X138.741 Y114.009 E.19294
G1 X138.741 Y126.501 E.40168
G2 X133.86 Y126.194 I-2.739 J4.599 E.1633
G2 X138.14 Y135.806 I2.14 J4.806 E.53142
G1 X138.741 Y135.499 E.0217
G1 X138.741 Y138.741 E.10423
G1 X114.069 Y138.741 E.79335
G1 E-1.75
;WIPE_START
G1 X114.059 Y137.741 E-.75
;WIPE_END
G1 X113.611 Y137.741 Z1.04 F18000
G1 X113.611 Y133.139
G1 X113.226 Y133.139
G1 X109.979 Y115.711
G1 X110 Y115.31
G1 Z.84
G1 E2.5 F6000
M204 P1000
;TYPE:Outer wall
;WIDTH:0.42
G1 F3600
G2 X113.946 Y106.447 I.008 J-5.307 E.36461
G2 X109.79 Y104.701 I-3.954 J3.592 E.13862
G2 X109.94 Y115.309 I.217 J5.302 E.48811
G1 X109.919 Y115.707 F18000
G1 X109.98 Y115.711
G1 X109.981 Y115.702
M204 P1500
;TYPE:Inner wall
;WIDTH:0.45
G1 F6000
G1 X110 Y115.702 E.00061
G2 X114.614 Y106.648 I.007 J-5.699 E.40347
G2 X109.77 Y104.309 I-4.6 J3.341 E.18018
G2 X109.404 Y115.67 I.237 J5.694 E.54867
G1 X109.921 Y115.699 E.01665
G1 X109.961 Y116.109 F18000
G1 F6000
G1 X110 Y116.11 E.00125
G2 X115.292 Y106.945 I.007 J-6.106 E.41169
G2 X109.749 Y103.902 I-5.299 J3.084 E.21363
G2 X109.361 Y116.076 I.258 J6.101 E.58779
G1 X109.901 Y116.105 E.01739
G1 E-1.75
;WIPE_START
G1 X110 Y116.11 E-.07412
G1 X110.639 Y116.077 E-.47968
G1 X110.897 Y116.036 E-.1962
;WIPE_END
G1 X110.835 Y115.643 Z1.04 F18000
G1 X111.188 Y115.587
G1 X111.765 Y115.432
G1 X112.323 Y115.218
G1 X112.856 Y114.946
G1 X113.357 Y114.621
G1 X113.822 Y114.245
G1 X114.245 Y113.822
G1 X114.621 Y113.357
G1 X114.946 Y112.856
G1 X115.218 Y112.323
G1 X115.432 Y111.765
G1 X115.587 Y111.188
G1 X115.617 Y110.997
G1 X130.31 Y95.711
G1 X130.31 Y95.31
G1 Z.84
G1 E2.5 F6000
M204 P1000
;TYPE:Outer wall
;WIDTH:0.42
G1 F3600
G1 X130.31 Y86.69 E.25676
G1 X112.69 Y86.69 E.52484
G1 X112.69 Y95.31 E.25676
G1 X130.25 Y95.31 E.52305
G1 X130.25 Y95.711 F18000
G1 X130.702 Y95.711
G1 X130.702 Y95.702
M204 P1500
;TYPE:Inner wall
;WIDTH:0.45
G1 F6000
G1 X130.702 Y86.298 E.3024
G1 X112.298 Y86.298 E.59181
G1 X112.298 Y95.702 E.3024
G1 X130.642 Y95.702 E.58988
G1 X131.51 Y92.314 F18000
M204 P2000
;TYPE:Internal solid infill
;WIDTH:0.394312
G1 F6000
G1 X131.444 Y92.352 E.00211
G1 X131.496 Y92.382 E.00167
G1 X131.155 Y91.165 F18000
;TYPE:Gap infill
;WIDTH:0.443408
G1 F6000
G1 X131.121 Y90.982 E.00589
;WIDTH:0.401179
G1 X131.087 Y90.799 E.00527
;WIDTH:0.357141
G1 X131.051 Y90.6 E.00501
;WIDTH:0.309764
G1 X131.027 Y90.424 E.00375
;WIDTH:0.263327
G1 X131.004 Y90.247 E.0031
;WIDTH:0.21587
G1 X130.98 Y90.063 E.00254
;WIDTH:0.171194
G1 X130.959 Y89.798 E.00269
;WIDTH:0.129266
G1 X130.938 Y89.53 E.00183
;WIDTH:0.108344
G1 X130.93 Y89.218 E.00161
G1 X130.93 Y88.782 F18000
;WIDTH:0.108344
G1 F6000
G1 X130.938 Y88.47 E.00161
;WIDTH:0.129265
G1 X130.959 Y88.202 E.00183
;WIDTH:0.171193
G1 X130.98 Y87.937 E.00269
;WIDTH:0.215871
G1 X131.004 Y87.753 E.00254
;WIDTH:0.263327
G1 X131.027 Y87.576 E.0031
;WIDTH:0.309763
G1 X131.051 Y87.4 E.00375
;WIDTH:0.35714
G1 X131.087 Y87.202 E.00501
;WIDTH:0.401178
G1 X131.121 Y87.018 E.00527
;WIDTH:0.443406
G1 X131.155 Y86.835 E.00589
G1 X131.313 Y85.861 F18000
;WIDTH:0.166685
G1 F6000
G1 X131.653 Y85.687 E.00373
G1 X136.66 Y83.528 F18000
;TYPE:Internal solid infill
;WIDTH:0.38292
G1 F6000
G3 X137.756 Y83.647 I-.567 J10.322 E.0296
;WIDTH:0.403749
G1 X137.845 Y83.666 E.00261
;WIDTH:0.445405
G1 X137.935 Y83.684 E.00291
;WIDTH:0.487061
G1 F5688.094
G1 X138.025 Y83.703 E.00322
;WIDTH:0.528718
G1 F5200.348
G1 X138.115 Y83.721 E.00352
;WIDTH:0.549546
G1 F4986.554
G1 X138.204 Y83.74 E.00367
G1 X134.627 Y83.596 F18000
;WIDTH:0.38292
G1 F6000
G1 X135.28 Y83.534 E.01761
G1 X138.407 Y83.648 F18000
;WIDTH:0.421676
G1 F6000
G1 X138.407 Y81.592 E.06149
G1 X138.028 Y81.592 E.01133
G1 X138.028 Y83.478 E.05641
G1 X137.649 Y83.478 E.01133
G1 X137.649 Y81.592 E.05641
G1 X137.27 Y81.592 E.01133
G1 X137.27 Y83.478 E.05641
G1 X136.892 Y83.478 E.01133
G1 X136.892 Y81.592 E.05641
G1 X136.513 Y81.592 E.01133
G1 X136.513 Y83.433 E.05506
G1 X136.134 Y83.413 E.01135
G1 X136.134 Y81.592 E.05446
G1 X135.755 Y81.592 E.01133
G1 X135.755 Y83.419 E.05464
G2 X135.377 Y83.443 I-.075 J1.814 E.01138
G1 X135.377 Y81.592 E.05535
G1 X134.998 Y81.592 E.01133
G1 X134.998 Y83.478 E.05641
G1 X134.619 Y83.478 E.01133
G1 X134.619 Y81.592 E.05641
G1 X134.24 Y81.592 E.01133
G1 X134.24 Y83.691 E.0628
G1 X133.862 Y83.837 E.01214
G1 X133.862 Y81.592 E.06715
G1 X133.483 Y81.592 E.01133
G1 X133.483 Y84.013 E.07241
G2 X133.104 Y84.219 I.795 J1.906 E.01293
G1 X133.104 Y81.592 E.0786
G1 X132.725 Y81.592 E.01133
G1 X132.725 Y84.465 E.08595
G2 X132.347 Y84.77 I1.261 J1.956 E.01457
G1 X132.347 Y81.592 E.09506
G1 X131.968 Y81.592 E.01133
G1 X131.968 Y85.131 E.10589
G2 X131.821 Y85.284 I.65 J.775 E.00634
G1 X131.76 Y85.165 E.00399
G1 X131.589 Y85.252 E.00574
G1 X131.589 Y81.592 E.10949
G1 X131.21 Y81.592 E.01133
G1 X131.21 Y85.445 E.11527
G1 X130.99 Y85.558 E.00741
G1 X130.832 Y85.558 E.00473
G1 X130.832 Y81.592 E.11863
G1 X130.453 Y81.592 E.01133
G1 X130.453 Y85.558 E.11863
G1 X130.074 Y85.558 E.01133
G1 X130.074 Y81.592 E.11863
G1 X129.695 Y81.592 E.01133
G1 X129.695 Y85.558 E.11863
G1 X129.317 Y85.558 E.01133
G1 X129.317 Y81.592 E.11863
G1 X128.938 Y81.592 E.01133
G1 X128.938 Y85.558 E.11863
G1 X128.559 Y85.558 E.01133
G1 X128.559 Y81.592 E.11863
G1 X128.18 Y81.592 E.01133
G1 X128.18 Y85.558 E.11863
G1 X127.802 Y85.558 E.01133
G1 X127.802 Y81.592 E.11863
G1 X127.423 Y81.592 E.01133
G1 X127.423 Y85.558 E.11863
G1 X127.044 Y85.558 E.01133
G1 X127.044 Y81.592 E.11863
G1 X126.665 Y81.592 E.01133
G1 X126.665 Y85.558 E.11863
G1 X126.287 Y85.558 E.01133
G1 X126.287 Y81.592 E.11863
G1 X125.908 Y81.592 E.01133
G1 X125.908 Y85.558 E.11863
G1 X125.529 Y85.558 E.01133
G1 X125.529 Y81.592 E.11863
G1 X125.15 Y81.592 E.01133
G1 X125.15 Y85.558 E.11863
G1 X124.771 Y85.558 E.01133
G1 X124.771 Y81.592 E.11863
G1 X124.393 Y81.592 E.01133
G1 X124.393 Y85.558 E.11863
G1 X124.014 Y85.558 E.01133
G1 X124.014 Y81.592 E.11863
G1 X123.635 Y81.592 E.01133
G1 X123.635 Y85.558 E.11863
G1 X123.256 Y85.558 E.01133
G1 X123.256 Y81.592 E.11863
G1 X122.878 Y81.592 E.01133
G1 X122.878 Y85.558 E.11863
G1 X122.499 Y85.558 E.01133
G1 X122.499 Y81.592 E.11863
G1 X122.12 Y81.592 E.01133
G1 X122.12 Y85.558 E.11863
G1 X121.741 Y85.558 E.01133
G1 X121.741 Y81.592 E.11863
G1 X121.363 Y81.592 E.01133
G1 X121.363 Y85.558 E.11863
G1 X120.984 Y85.558 E.01133
G1 X120.984 Y81.592 E.11863
G1 X120.605 Y81.592 E.01133
G1 X120.605 Y85.558 E.11863
G1 X120.226 Y85.558 E.01133
G1 X120.226 Y81.592 E.11863
G1 X119.848 Y81.592 E.01133
G1 X119.848 Y85.558 E.11863
G1 X119.469 Y85.558 E.01133
G1 X119.469 Y81.592 E.11863
G1 X119.09 Y81.592 E.01133
G1 X119.09 Y85.558 E.11863
G1 X118.711 Y85.558 E.01133
G1 X118.711 Y81.592 E.11863
G1 X118.333 Y81.592 E.01133
G1 X118.333 Y85.558 E.11863
G1 X117.954 Y85.558 E.01133
G1 X117.954 Y81.592 E.11863
G1 X117.575 Y81.592 E.01133
G1 X117.575 Y85.558 E.11863
G1 X117.196 Y85.558 E.01133
G1 X117.196 Y81.592 E.11863
G1 X116.818 Y81.592 E.01133
G1 X116.818 Y85.558 E.11863
G1 X116.439 Y85.558 E.01133
G1 X116.439 Y81.592 E.11863
G1 X116.06 Y81.592 E.01133
G1 X116.06 Y85.558 E.11863
G1 X115.681 Y85.558 E.01133
G1 X115.681 Y81.592 E.11863
G1 X115.303 Y81.592 E.01133
G1 X115.303 Y85.558 E.11863
G1 X114.924 Y85.558 E.01133
G1 X114.924 Y81.592 E.11863
G1 X114.545 Y81.592 E.01133
G1 X114.545 Y85.558 E.11863
G1 X114.166 Y85.558 E.01133
G1 X114.166 Y81.592 E.11863
G1 X113.788 Y81.592 E.01133
G1 X113.788 Y85.558 E.11863
G1 X113.409 Y85.558 E.01133
G1 X113.409 Y81.592 E.11863
G1 X113.03 Y81.592 E.01133
G1 X113.03 Y85.558 E.11863
G1 X112.651 Y85.558 E.01133
G1 X112.651 Y81.592 E.11863
G1 X112.273 Y81.592 E.01133
G1 X112.273 Y85.558 E.11863
G1 X111.894 Y85.558 E.01133
G1 X111.894 Y81.592 E.11863
G1 X111.515 Y81.592 E.01133
G1 X111.515 Y103.743 E.66273
G2 X111.136 Y103.664 I-.566 J1.762 E.0116
G1 X111.136 Y81.592 E.66036
G1 X110.758 Y81.592 E.01133
G1 X110.758 Y103.604 E.65857
G2 X110.379 Y103.575 I-.326 J1.788 E.01139
G1 X110.379 Y81.592 E.65771
G1 X110 Y81.592 E.01133
G1 X110 Y103.556 E.65712
G1 X109.621 Y103.575 E.01135
G1 X109.621 Y81.592 E.65771
G1 X109.242 Y81.592 E.01133
G1 X109.242 Y103.604 E.65857
G1 X108.864 Y103.664 E.01147
G1 X108.864 Y81.592 E.66036
G1 X108.485 Y81.592 E.01133
G1 X108.485 Y103.743 E.66273
G1 X108.106 Y103.845 E.01173
G1 X108.106 Y81.592 E.66577
G1 X107.727 Y81.592 E.01133
G1 X107.727 Y103.979 E.66978
G2 X107.349 Y104.128 I.52 J1.876 E.0122
G1 X107.349 Y81.592 E.67424
G1 X106.97 Y81.592 E.01133
G1 X106.97 Y104.321 E.68002
G2 X106.591 Y104.54 I.853 J1.911 E.01312
G1 X106.591 Y81.592 E.68657
G1 X106.212 Y81.592 E.01133
G1 X106.212 Y104.786 E.69393
G1 X105.834 Y105.093 E.01458
G1 X105.834 Y81.592 E.70311
G1 X105.455 Y81.592 E.01133
G1 X105.455 Y105.444 E.71361
G2 X105.076 Y105.854 I1.763 J2.007 E.01674
G1 X105.076 Y81.592 E.72589
G1 X104.697 Y81.592 E.01133
G1 X104.697 Y106.349 E.74069
G1 X104.566 Y106.552 E.00724
G2 X104.319 Y106.975 I1.888 J1.386 E.01467
G1 X104.319 Y81.592 E.75941
G1 X103.94 Y81.592 E.01133
G1 X103.94 Y108.407 E.80227
G1 X103.94 Y111.593 F18000
G1 F6000
G1 X103.94 Y124.658 E.39088
G1 X104.319 Y124.658 E.01133
G1 X104.319 Y113.025 E.34803
G2 X104.697 Y113.651 I3.165 J-1.489 E.02192
G1 X104.697 Y124.658 E.32931
G1 X105.076 Y124.658 E.01133
G1 X105.076 Y114.146 E.3145
G2 X105.455 Y114.556 I2.142 J-1.597 E.01674
G1 X105.455 Y124.658 E.30222
G1 X105.834 Y124.658 E.01133
G1 X105.834 Y114.907 E.29172
G1 X106.212 Y115.214 E.01458
G1 X106.212 Y124.658 E.28255
G1 X106.591 Y124.658 E.01133
G1 X106.591 Y115.46 E.27519
G2 X106.97 Y115.679 I1.232 J-1.692 E.01312
G1 X106.97 Y124.658 E.26863
G1 X107.349 Y124.658 E.01133
G1 X107.349 Y115.872 E.26286
G2 X107.727 Y116.021 I.899 J-1.727 E.0122
G1 X107.727 Y124.658 E.2584
G1 X108.106 Y124.658 E.01133
G1 X108.106 Y116.155 E.25438
G1 X108.485 Y116.257 E.01173
G1 X108.485 Y124.658 E.25135
G1 X108.864 Y124.658 E.01133
G1 X108.864 Y116.336 E.24898
G1 X109.242 Y116.396 E.01147
G1 X109.242 Y124.658 E.24718
G1 X109.621 Y124.658 E.01133
G1 X109.621 Y116.425 E.24632
G1 X110 Y116.444 E.01135
G1 X110 Y124.658 E.24573
G1 X110.379 Y124.658 E.01133
G1 X110.379 Y116.425 E.24632
G2 X110.758 Y116.396 I.053 J-1.816 E.01139
G1 X110.758 Y124.658 E.24718
G1 X110.842 Y124.658 E.00254
G1 X110.842 Y132.408 E.23187
G1 X111.136 Y132.408 E.00879
G1 X111.136 Y116.336 E.48085
G2 X111.515 Y116.257 I-.187 J-1.841 E.0116
G1 X111.515 Y132.408 E.48322
G1 X111.894 Y132.408 E.01133
G1 X111.894 Y116.155 E.48626
G2 X112.273 Y116.021 I-.449 J-1.869 E.01204
G1 X112.273 Y132.408 E.49027
G1 X112.651 Y132.408 E.01133
G1 X112.651 Y115.872 E.49473
G1 X113.03 Y115.679 E.01272
G1 X113.03 Y132.408 E.5005
G1 X113.409 Y132.408 E.01133
G1 X113.409 Y115.46 E.50706
G1 X113.788 Y115.214 E.01351
G1 X113.788 Y132.408 E.51442
G1 X114.166 Y132.408 E.01133
G1 X114.166 Y114.907 E.52359
G2 X114.545 Y114.556 I-1.481 J-1.977 E.01548
G1 X114.545 Y138.408 E.71361
G1 X114.924 Y138.408 E.01133
G1 X114.924 Y114.146 E.72589
G2 X115.303 Y113.651 I-2.165 J-2.049 E.01868
G1 X115.303 Y138.408 E.74069
G1 X115.681 Y138.408 E.01133
G1 X115.681 Y113.025 E.75941
G2 X116.06 Y112.171 I-3.875 J-2.229 E.02801
G1 X116.06 Y138.408 E.78497
G1 X116.439 Y138.408 E.01133
G1 X116.439 Y96.442 E1.25556
G1 X116.818 Y96.442 E.01133
G1 X116.818 Y138.408 E1.25556
G1 X117.196 Y138.408 E.01133
G1 X117.196 Y96.442 E1.25556
G1 X117.575 Y96.442 E.01133
G1 X117.575 Y138.408 E1.25556
G1 X117.954 Y138.408 E.01133
G1 X117.954 Y96.442 E1.25556
G1 X118.333 Y96.442 E.01133
G1 X118.333 Y138.408 E1.25556
G1 X118.711 Y138.408 E.01133
G1 X118.711 Y96.442 E1.25556
G1 X119.09 Y96.442 E.01133
G1 X119.09 Y138.408 E1.25556
G1 X119.469 Y138.408 E.01133
G1 X119.469 Y96.442 E1.25556
G1 X119.848 Y96.442 E.01133
G1 X119.848 Y138.408 E1.25556
G1 X120.226 Y138.408 E.01133
G1 X120.226 Y96.442 E1.25556
G1 X120.605 Y96.442 E.01133
G1 X120.605 Y138.408 E1.25556
G1 X120.984 Y138.408 E.01133
G1 X120.984 Y96.442 E1.25556
G1 X121.363 Y96.442 E.01133
G1 X121.363 Y138.408 E1.25556
G1 X121.741 Y138.408 E.01133
G1 X121.741 Y96.442 E1.25556
G1 X122.12 Y96.442 E.01133
G1 X122.12 Y138.408 E1.25556
G1 X122.499 Y138.408 E.01133
G1 X122.499 Y96.442 E1.25556
G1 X122.878 Y96.442 E.01133
G1 X122.878 Y138.408 E1.25556
G1 X123.256 Y138.408 E.01133
G1 X123.256 Y96.442 E1.25556
G1 X123.635 Y96.442 E.01133
G1 X123.635 Y138.408 E1.25556
G1 X124.014 Y138.408 E.01133
G1 X124.014 Y96.442 E1.25556
G1 X124.393 Y96.442 E.01133
G1 X124.393 Y138.408 E1.25556
G1 X124.771 Y138.408 E.01133
G1 X124.771 Y96.442 E1.25556
G1 X125.15 Y96.442 E.01133
G1 X125.15 Y138.408 E1.25556
G1 X125.529 Y138.408 E.01133
G1 X125.529 Y96.442 E1.25556
G1 X125.908 Y96.442 E.01133
G1 X125.908 Y138.408 E1.25556
G1 X126.286 Y138.408 E.01133
G1 X126.287 Y96.442 E1.25556
G1 X126.665 Y96.442 E.01133
G1 X126.665 Y138.408 E1.25556
G1 X127.044 Y138.408 E.01133
G1 X127.044 Y96.442 E1.25556
G1 X127.423 Y96.442 E.01133
G1 X127.423 Y138.408 E1.25556
G1 X127.802 Y138.408 E.01133
G1 X127.802 Y96.442 E1.25556
G1 X128.18 Y96.442 E.01133
G1 X128.18 Y138.408 E1.25556
G1 X128.559 Y138.408 E.01133
G1 X128.559 Y96.442 E1.25556
G1 X128.938 Y96.442 E.01133
G1 X128.938 Y138.408 E1.25556
G1 X129.317 Y138.408 E.01133
G1 X129.317 Y96.442 E1.25556
G1 X129.695 Y96.442 E.01133
G1 X129.695 Y138.408 E1.25556
G1 X130.074 Y138.408 E.01133
G1 X130.074 Y96.442 E1.25556
G1 X130.453 Y96.442 E.01133
G1 X130.453 Y138.577 E1.26063
G1 X130.832 Y132.641 F18000
G1 F6000
G1 X130.832 Y138.408 E.17254
G1 X131.21 Y138.408 E.01133
G1 X131.21 Y133.882 E.1354
G2 X131.589 Y134.43 I2.799 J-1.529 E.01997
G1 X131.589 Y138.408 E.119
G1 X131.968 Y138.408 E.01133
G1 X131.968 Y134.869 E.10589
G2 X132.347 Y135.23 I1.909 J-1.62 E.0157
G1 X132.347 Y138.408 E.09507
G1 X132.725 Y138.408 E.01133
G1 X132.725 Y135.535 E.08595
G1 X133.104 Y135.781 E.01351
G1 X133.104 Y138.408 E.0786
G1 X133.483 Y138.408 E.01133
G1 X133.483 Y135.987 E.07241
G2 X133.862 Y136.163 I1.025 J-1.712 E.01252
G1 X133.862 Y138.408 E.06715
G1 X134.24 Y138.408 E.01133
G1 X134.24 Y136.309 E.0628
G2 X134.619 Y136.414 I.689 J-1.749 E.01178
G1 X134.619 Y138.408 E.05966
G1 X134.998 Y138.408 E.01133
G1 X134.998 Y136.497 E.05715
G1 X135.377 Y136.557 E.01147
G1 X135.377 Y138.408 E.05535
G1 X135.755 Y138.408 E.01133
G1 X135.755 Y136.581 E.05464
G2 X136.134 Y136.587 I.217 J-1.797 E.01135
G1 X136.134 Y138.408 E.05446
G1 X136.513 Y138.408 E.01133
G1 X136.513 Y136.567 E.05506
G2 X136.892 Y136.515 I-.06 J-1.829 E.01146
G1 X136.892 Y138.408 E.05662
G1 X137.27 Y138.408 E.01133
G1 X137.27 Y136.443 E.05877
G1 X137.649 Y136.342 E.01173
G1 X137.649 Y138.408 E.06181
G1 X138.028 Y138.408 E.01133
G1 X138.028 Y136.269 E.06399
G1 X138.407 Y136.269 E.01133
G1 X138.407 Y138.577 E.06906
G1 X138.392 Y136.066 F18000
;WIDTH:0.38292
G1 F6000
G1 X138.329 Y136.103 E.00198
G1 X138.377 Y136.131 E.00151
G1 X139.139 Y136.131 F18000
G1 X135.492 Y135.835
G1 X134.989 Y135.755
G1 X134.498 Y135.624
G1 X134.023 Y135.441
G1 X133.569 Y135.21
G1 X133.142 Y134.933
G1 X132.747 Y134.613
G1 X132.387 Y134.253
G1 X132.067 Y133.858
G1 X131.79 Y133.431
G1 X131.559 Y132.977
G1 X131.376 Y132.502
G1 X131.245 Y132.011
G1 X131.165 Y131.508
G1 X131.138 Y131
G1 X131.165 Y130.492
G1 X131.245 Y129.989
G1 X131.374 Y129.505
G1 X130.832 Y129.359
;WIDTH:0.421676
G1 F6000
G1 X130.832 Y96.442 E.98485
G1 X131.21 Y96.442 E.01133
G1 X131.21 Y128.118 E.9477
G3 X131.589 Y127.57 I2.799 J1.529 E.01997
G1 X131.589 Y92.528 E1.04843
G1 X131.668 Y92.528 E.00236
G2 X131.968 Y92.869 I1.77 J-1.255 E.0136
G1 X131.968 Y127.372 E1.0323
G1 X135.196 Y125.467 F18000
;WIDTH:0.38292
G1 F6000
G3 X137.102 Y125.491 I.81 J11.618 E.05123
G1 X137.178 Y125.497 F18000
;WIDTH:0.375986
G1 F6000
G1 X137.731 Y125.643 E.01505
G1 X138.372 Y125.917 E.01832
G1 X138.372 Y125.499 E.01098
G1 X137.238 Y125.497 E.02982
G1 X138.407 Y125.503 F18000
;WIDTH:0.421676
G1 F6000
G1 X138.407 Y114.342 E.33392
G1 X138.028 Y114.342 E.01133
G1 X138.028 Y125.334 E.32885
G1 X137.649 Y125.334 E.01133
G1 X137.649 Y114.342 E.32885
G1 X137.27 Y114.342 E.01133
G1 X137.27 Y125.334 E.32885
G1 X136.892 Y125.334 E.01133
G1 X136.892 Y114.342 E.32885
G1 X136.513 Y114.342 E.01133
G1 X136.513 Y125.334 E.32885
G1 X136.134 Y125.334 E.01133
G1 X136.134 Y114.342 E.32885
G1 X135.755 Y114.342 E.01133
G1 X135.755 Y125.334 E.32885
G1 X135.377 Y125.334 E.01133
G1 X135.377 Y114.342 E.32885
G1 X134.998 Y114.342 E.01133
G1 X134.998 Y125.503 E.3339
G2 X134.619 Y125.586 I.21 J1.846 E.01163
G1 X134.619 Y114.342 E.33641
G1 X134.24 Y114.342 E.01133
G1 X134.24 Y125.691 E.33955
G1 X133.862 Y125.837 E.01214
G1 X133.862 Y114.342 E.3439
G1 X133.483 Y114.342 E.01133
G1 X133.483 Y126.013 E.34916
G2 X133.104 Y126.219 I.795 J1.906 E.01293
G1 X133.104 Y114.342 E.35535
G1 X132.725 Y114.342 E.01133
G1 X132.725 Y126.465 E.36271
G2 X132.347 Y126.77 I1.261 J1.956 E.01457
G1 X132.347 Y93.23 E1.00347
G2 X132.725 Y93.535 I1.639 J-1.651 E.01457
G1 X132.725 Y105.658 E.36271
G1 X133.104 Y105.658 E.01133
G1 X133.104 Y93.781 E.35535
G2 X133.483 Y93.987 I1.174 J-1.699 E.01293
G1 X133.483 Y105.658 E.34916
G1 X133.862 Y105.658 E.01133
G1 X133.862 Y94.163 E.3439
G1 X134.24 Y94.309 E.01214
G1 X134.24 Y105.658 E.33955
G1 X134.619 Y105.658 E.01133
G1 X134.619 Y94.414 E.33641
G2 X134.998 Y94.497 I.589 J-1.762 E.01163
G1 X134.998 Y105.658 E.3339
G1 X135.377 Y105.658 E.01133
G1 X135.377 Y94.557 E.3321
G2 X135.755 Y94.581 I.303 J-1.79 E.01138
G1 X135.755 Y105.658 E.33139
G1 X136.134 Y105.658 E.01133
G1 X136.134 Y94.587 E.33121
G1 X136.513 Y94.567 E.01135
G1 X136.513 Y105.658 E.33181
G1 X136.892 Y105.658 E.01133
G1 X136.892 Y94.515 E.33338
G2 X137.27 Y94.443 I-.152 J-1.839 E.01155
G1 X137.27 Y105.658 E.33552
G1 X137.649 Y105.658 E.01133
G1 X137.649 Y94.342 E.33856
G2 X138.028 Y94.206 I-.458 J-1.869 E.01206
G1 X138.028 Y105.658 E.34263
G1 X138.407 Y105.658 E.01133
G1 X138.407 Y93.853 E.35317
G1 X116.06 Y108.407 F18000
G1 F6000
G1 X116.06 Y96.442 E.35797
G1 X115.681 Y96.442 E.01133
G1 X115.681 Y106.975 E.31511
G2 X115.303 Y106.349 I-3.166 J1.489 E.02192
G1 X115.303 Y96.442 E.2964
G1 X114.924 Y96.442 E.01133
G1 X114.924 Y105.854 E.28159
G2 X114.545 Y105.444 I-2.142 J1.597 E.01674
G1 X114.545 Y96.442 E.26931
G1 X114.166 Y96.442 E.01133
G1 X114.166 Y105.093 E.25881
G1 X113.788 Y104.786 E.01458
G1 X113.788 Y96.442 E.24964
G1 X113.409 Y96.442 E.01133
G1 X113.409 Y104.54 E.24228
G2 X113.03 Y104.321 I-1.232 J1.692 E.01312
G1 X113.03 Y96.442 E.23572
G1 X112.651 Y96.442 E.01133
G1 X112.651 Y104.128 E.22995
G2 X112.273 Y103.979 I-.899 J1.727 E.0122
G1 X112.273 Y96.442 E.22548
G1 X111.894 Y96.442 E.01133
G1 X111.894 Y104.021 E.22673
G1 X111.748 Y104.563 F18000
G1 X111.188 Y104.413
G1 X110.597 Y104.32
G1 X110 Y104.288
G1 X109.403 Y104.32
G1 X108.812 Y104.413
G1 X108.235 Y104.568
G1 X107.677 Y104.782
G1 X107.144 Y105.054
G1 X106.643 Y105.379
G1 X106.178 Y105.755
G1 X105.755 Y106.178
G1 X105.379 Y106.643
G1 X105.054 Y107.144
G1 X104.782 Y107.677
G1 X104.568 Y108.235
G1 X104.413 Y108.812
G1 X104.32 Y109.403
G1 X104.288 Y110
G1 X104.32 Y110.597
G1 X104.413 Y111.188
G1 X104.568 Y111.765
G1 X104.782 Y112.323
G1 X105.054 Y112.856
G1 X105.379 Y113.357
G1 X105.755 Y113.822
G1 X106.178 Y114.245
G1 X106.643 Y114.621
G1 X107.144 Y114.946
G1 X107.455 Y115.105
G1 X103.561 Y125.389
G1 X103.561 Y124.827
G1 F6000
G1 X103.561 Y81.592 E1.29354
G1 X103.182 Y81.592 E.01133
G1 X103.182 Y124.658 E1.28847
G1 X102.804 Y124.658 E.01133
G1 X102.804 Y81.592 E1.28847
G1 X102.425 Y81.592 E.01133
G1 X102.425 Y124.658 E1.28847
G1 X102.046 Y124.658 E.01133
G1 X102.046 Y81.592 E1.28847
G1 X101.667 Y81.592 E.01133
G1 X101.667 Y124.658 E1.28847
G1 X101.289 Y124.658 E.01133
G1 X101.289 Y81.592 E1.28847
G1 X100.91 Y81.592 E.01133
G1 X100.91 Y124.658 E1.28847
G1 X100.531 Y124.658 E.01133
G1 X100.531 Y81.592 E1.28847
G1 X100.152 Y81.592 E.01133
G1 X100.152 Y124.658 E1.28847
G1 X99.774 Y124.658 E.01133
G1 X99.774 Y81.592 E1.28847
G1 X99.395 Y81.592 E.01133
G1 X99.395 Y124.658 E1.28847
G1 X99.016 Y124.658 E.01133
G1 X99.016 Y81.592 E1.28847
G1 X98.637 Y81.592 E.01133
G1 X98.637 Y124.658 E1.28847
G1 X98.259 Y124.658 E.01133
G1 X98.259 Y81.592 E1.28847
G1 X97.88 Y81.592 E.01133
G1 X97.88 Y124.658 E1.28847
G1 X97.501 Y124.658 E.01133
G1 X97.501 Y81.592 E1.28847
G1 X97.122 Y81.592 E.01133
G1 X97.122 Y124.658 E1.28847
G1 X96.744 Y124.658 E.01133
G1 X96.744 Y81.592 E1.28847
G1 X96.365 Y81.592 E.01133
G1 X96.365 Y124.658 E1.28847
G1 X95.986 Y124.658 E.01133
G1 X95.986 Y81.592 E1.28847
G1 X95.607 Y81.592 E.01133
G1 X95.607 Y124.658 E1.28847
G1 X95.229 Y124.658 E.01133
G1 X95.229 Y81.592 E1.28847
G1 X94.85 Y81.592 E.01133
G1 X94.85 Y124.658 E1.28847
G1 X94.471 Y124.658 E.01133
G1 X94.471 Y81.592 E1.28847
G1 X94.092 Y81.592 E.01133
G1 X94.092 Y124.658 E1.28847
G1 X93.713 Y124.658 E.01133
G1 X93.713 Y81.592 E1.28847
G1 X93.335 Y81.592 E.01133
G1 X93.335 Y124.658 E1.28847
G1 X93.158 Y124.658 E.0053
G1 X93.158 Y129.481 E.14433
G1 X92.956 Y129.481 E.00603
G1 X92.956 Y81.592 E1.43279
G1 X92.577 Y81.592 E.01133
G1 X92.577 Y129.481 E1.43279
G1 X92.198 Y129.481 E.01133
G1 X92.198 Y81.592 E1.43279
G1 X91.82 Y81.592 E.01133
G1 X91.82 Y129.481 E1.43279
G1 X91.441 Y129.481 E.01133
G1 X91.441 Y81.592 E1.43279
G1 X91.062 Y81.592 E.01133
G1 X91.062 Y129.481 E1.43279
G1 X90.683 Y129.481 E.01133
G1 X90.683 Y81.592 E1.43279
G1 X90.305 Y81.592 E.01133
G1 X90.305 Y129.481 E1.43279
G1 X89.926 Y129.481 E.01133
G1 X89.926 Y81.592 E1.43279
G1 X89.547 Y81.592 E.01133
G1 X89.547 Y129.481 E1.43279
G1 X89.377 Y129.481 E.0051
G2 X89.168 Y128.875 I-2.988 J.688 E.01922
G1 X89.168 Y91.125 E1.12945
G1 X89.111 Y91.275 E.00482
G1 X88.79 Y91.882 E.02053
G1 X88.79 Y128.118 E1.08415
G2 X88.411 Y127.57 I-2.799 J1.529 E.01997
G1 X88.411 Y92.43 E1.05134
G3 X88.032 Y92.869 I-2.273 J-1.581 E.01736
G1 X88.032 Y127.131 E1.02511
G2 X87.653 Y126.77 I-1.909 J1.62 E.0157
G1 X87.653 Y93.23 E1.00347
G3 X87.275 Y93.535 I-1.639 J-1.651 E.01457
G1 X87.275 Y105.658 E.36271
G1 X86.896 Y105.658 E.01133
G1 X86.896 Y93.781 E.35535
G3 X86.517 Y93.987 I-1.174 J-1.699 E.01293
G1 X86.517 Y105.658 E.34916
G1 X86.138 Y105.658 E.01133
G1 X86.138 Y94.163 E.3439
G1 X85.76 Y94.309 E.01214
G1 X85.76 Y105.658 E.33955
G1 X85.381 Y105.658 E.01133
G1 X85.381 Y94.414 E.33641
G3 X85.002 Y94.497 I-.589 J-1.762 E.01163
G1 X85.002 Y105.658 E.3339
G1 X84.623 Y105.658 E.01133
G1 X84.623 Y94.557 E.3321
G3 X84.245 Y94.581 I-.303 J-1.79 E.01138
G1 X84.245 Y105.658 E.33139
G1 X83.866 Y105.658 E.01133
G1 X83.866 Y94.587 E.33121
G1 X83.487 Y94.567 E.01135
G1 X83.487 Y105.658 E.33181
G1 X83.108 Y105.658 E.01133
G1 X83.108 Y94.515 E.33338
G3 X82.73 Y94.443 I.152 J-1.839 E.01155
G1 X82.73 Y105.658 E.33552
G1 X82.351 Y105.658 E.01133
G1 X82.351 Y94.342 E.33856
G3 X81.972 Y94.206 I.458 J-1.869 E.01206
G1 X81.972 Y105.658 E.34263
G1 X81.593 Y105.658 E.01133
G1 X81.593 Y93.853 E.35317
G1 X81.848 Y93.353 F18000
G1 X82.023 Y93.441
G1 X82.498 Y93.624
G1 X82.989 Y93.755
G1 X83.492 Y93.835
G1 X84 Y93.862
G1 X84.508 Y93.835
G1 X85.011 Y93.755
G1 X85.502 Y93.624
G1 X85.977 Y93.441
G1 X86.431 Y93.21
G1 X86.858 Y92.933
G1 X87.253 Y92.613
G1 X87.613 Y92.253
G1 X87.933 Y91.858
G1 X88.21 Y91.431
G1 X88.441 Y90.977
G1 X88.624 Y90.502
G1 X88.755 Y90.011
G1 X88.835 Y89.508
G1 X88.862 Y89
G1 X88.835 Y88.492
G1 X88.755 Y87.989
G1 X88.626 Y87.505
G1 X89.168 Y87.359
G1 F6000
G1 X89.168 Y81.592 E.17254
G1 X88.79 Y81.592 E.01133
G1 X88.79 Y86.118 E.1354
G2 X88.411 Y85.57 I-2.799 J1.529 E.01997
G1 X88.411 Y81.592 E.119
G1 X88.032 Y81.592 E.01133
G1 X88.032 Y85.131 E.10588
G2 X87.653 Y84.77 I-1.909 J1.62 E.0157
G1 X87.653 Y81.592 E.09506
G1 X87.275 Y81.592 E.01133
G1 X87.275 Y84.465 E.08595
G1 X86.896 Y84.219 E.01351
G1 X86.896 Y81.592 E.0786
G1 X86.517 Y81.592 E.01133
G1 X86.517 Y84.013 E.07241
G2 X86.138 Y83.837 I-1.025 J1.712 E.01252
G1 X86.138 Y81.592 E.06715
G1 X85.76 Y81.592 E.01133
G1 X85.76 Y83.691 E.0628
G2 X85.491 Y83.616 I-.494 J1.239 E.00836
G1 X85.491 Y83.478 E.00413
G1 X85.381 Y83.478 E.0033
G1 X85.381 Y81.592 E.05641
G1 X85.002 Y81.592 E.01133
G1 X85.002 Y83.478 E.05641
G3 X84.623 Y83.443 I-.078 J-1.213 E.01143
G1 X84.623 Y81.592 E.05535
G1 X84.245 Y81.592 E.01133
G1 X84.245 Y83.419 E.05464
G2 X83.866 Y83.413 I-.217 J1.797 E.01135
G1 X83.866 Y81.592 E.05446
G1 X83.487 Y81.592 E.01133
G1 X83.487 Y83.433 E.05506
G3 X83.108 Y83.478 I-7.162 J-58.419 E.01141
G1 X83.108 Y81.592 E.05641
G1 X82.73 Y81.592 E.01133
G1 X82.73 Y83.478 E.05641
G1 X82.351 Y83.478 E.01133
G1 X82.351 Y81.592 E.05641
G1 X81.972 Y81.592 E.01133
G1 X81.972 Y83.478 E.05641
G1 X81.593 Y83.478 E.01133
G1 X81.593 Y81.423 E.06149
G1 X81.728 Y83.743 F18000
;WIDTH:0.549501
G1 F4986.995
G1 X81.859 Y83.719 E.00532
;WIDTH:0.501907
G1 F5504.121
G1 X81.99 Y83.695 E.00482
;WIDTH:0.454312
G1 F6000
G1 X82.12 Y83.67 E.00432
;WIDTH:0.388342
G3 X83.28 Y83.533 I2.041 J12.287 E.03187
G1 X85.39 Y83.564 F18000
;WIDTH:0.38292
G1 F6000
G1 X85.326 Y83.6 E.00198
G1 X85.374 Y83.629 E.00151
G1 X85.196 Y84.294 F18000
G1 X85.502 Y84.376
G1 X85.977 Y84.559
G1 X86.431 Y84.79
G1 X86.858 Y85.067
G1 X87.253 Y85.387
G1 X87.613 Y85.747
G1 X87.933 Y86.142
G1 X88.21 Y86.569
G1 X88.441 Y87.023
G1 X88.624 Y87.498
G1 X88.755 Y87.989
G1 X88.835 Y88.492
G1 X88.862 Y89
G1 X88.835 Y89.508
G1 X86.861 Y113.611
G1 X82.498 Y126.376
G1 X82.989 Y126.245
G1 X82.836 Y125.496
G1 F6000
G3 X84.739 Y125.469 I1.104 J10.946 E.05119
G1 X82.827 Y125.496 F18000
;WIDTH:0.373701
G1 F6000
G1 X81.625 Y125.496 E.03143
G1 X81.625 Y125.904 E.01068
G3 X82.77 Y125.511 I2.263 J4.731 E.0317
G1 X81.593 Y125.503 F18000
;WIDTH:0.421676
G1 F6000
G1 X81.593 Y114.342 E.33392
G1 X81.972 Y114.342 E.01133
G1 X81.972 Y125.334 E.32884
G1 X82.351 Y125.334 E.01133
G1 X82.351 Y114.342 E.32884
G1 X82.73 Y114.342 E.01133
G1 X82.73 Y125.334 E.32884
G1 X83.108 Y125.334 E.01133
G1 X83.108 Y114.342 E.32884
G1 X83.487 Y114.342 E.01133
G1 X83.487 Y125.334 E.32884
G1 X83.866 Y125.334 E.01133
G1 X83.866 Y114.342 E.32884
G1 X84.245 Y114.342 E.01133
G1 X84.245 Y125.334 E.32884
G1 X84.623 Y125.334 E.01133
G1 X84.623 Y114.342 E.32884
G1 X85.002 Y114.342 E.01133
G1 X85.002 Y125.503 E.3339
G3 X85.381 Y125.586 I-.21 J1.846 E.01163
G1 X85.381 Y114.342 E.33641
G1 X85.76 Y114.342 E.01133
G1 X85.76 Y125.691 E.33955
G1 X86.138 Y125.837 E.01214
G1 X86.138 Y114.342 E.3439
G1 X86.517 Y114.342 E.01133
G1 X86.517 Y126.013 E.34916
G3 X86.896 Y126.219 I-.795 J1.906 E.01293
G1 X86.896 Y114.342 E.35535
G1 X87.275 Y114.342 E.01133
G1 X87.275 Y126.681 E.36917
G1 X91.59 Y131.178 F18000
;WIDTH:0.419999
G1 F6000
G1 X91.154 Y131.178 E.01299
G1 X91.134 Y131.555 E.01125
G1 X91.59 Y131.555 E.01358
G1 X91.59 Y131.238 E.00944
G1 X91.968 Y130.801 F18000
;WIDTH:0.419999
G1 F6000
G1 X90.776 Y130.801 E.03551
G3 X90.713 Y131.932 I-7.234 J.17 E.03378
G1 X91.968 Y131.932 E.03736
G1 X91.968 Y130.861 E.03191
G1 X92.345 Y130.424 F18000
G1 F6000
G1 X90.378 Y130.424 E.05857
G3 X90.27 Y132.31 I-7.178 J.536 E.05641
G1 X92.345 Y132.31 E.06178
G1 X92.345 Y130.484 E.05437
G1 X92.722 Y130.047 F18000
G1 F6000
G1 X89.947 Y130.047 E.08266
G1 X90.029 Y130.97 E.02761
G3 X89.783 Y132.687 I-6.592 J-.07 E.05179
G1 X92.722 Y132.687 E.08753
G1 X92.722 Y130.107 E.07684
G1 X93.099 Y129.67 F18000
G1 F6000
G1 X89.488 Y129.67 E.10755
G1 X89.621 Y130.399 E.02208
G3 X89.253 Y133.064 I-5.718 J.568 E.08086
G1 X93.099 Y133.064 E.11456
G1 X93.099 Y129.73 E.0993
G1 X93.889 Y129.73 F18000
G1 X81.21 Y139.136
G1 X81.569 Y135.21
G1 X81.983 Y135.421
G1 X81.658 Y136.058
;WIDTH:0.390102
G1 F6000
G1 X81.593 Y136.095 E.00206
G1 X81.644 Y136.125 E.00161
G1 X81.595 Y138.577 F18000
;WIDTH:0.424829
G1 F6000
G1 X81.595 Y136.269 E.06964
G1 X81.977 Y136.269 E.01152
G1 X81.977 Y138.408 E.06452
G1 X82.359 Y138.408 E.01152
G1 X82.359 Y136.344 E.06226
G1 X82.741 Y136.446 E.01193
G1 X82.741 Y138.408 E.05917
G1 X83.122 Y138.408 E.01152
G1 X83.122 Y136.517 E.05703
G2 X83.504 Y136.568 I.434 J-1.792 E.01165
G1 X83.504 Y138.408 E.05549
G1 X83.886 Y138.408 E.01152
G1 X83.886 Y136.588 E.05488
G2 X84.268 Y136.58 I.152 J-1.819 E.01155
G1 X84.268 Y138.408 E.05513
G1 X84.65 Y138.408 E.01152
G1 X84.65 Y136.553 E.05594
G1 X85.032 Y136.493 E.01167
G1 X85.032 Y138.408 E.05777
G1 X85.414 Y138.408 E.01152
G1 X85.414 Y136.405 E.06042
G2 X85.796 Y136.295 I-.333 J-1.871 E.01201
G1 X85.796 Y138.408 E.06374
G1 X86.178 Y138.408 E.01152
G1 X86.178 Y136.148 E.06816
G2 X86.56 Y135.966 I-.676 J-1.906 E.01279
G1 X86.56 Y138.408 E.07366
G1 X86.942 Y138.408 E.01152
G1 X86.942 Y135.751 E.08014
G2 X87.323 Y135.497 I-1.017 J-1.945 E.01386
G1 X87.323 Y138.408 E.0878
G1 X87.705 Y138.408 E.01152
G1 X87.705 Y135.188 E.09713
G2 X88.087 Y134.813 I-1.59 J-2.003 E.01617
G1 X88.087 Y138.408 E.10843
G1 X88.469 Y138.408 E.01152
G1 X88.469 Y134.358 E.12216
G1 X88.851 Y133.785 E.02079
G1 X88.851 Y138.408 E.13946
G1 X89.233 Y138.408 E.01152
G1 X89.233 Y133.252 E.15553
G1 X89.615 Y133.252 E.01152
G1 X89.615 Y138.408 E.15553
G1 X89.997 Y138.408 E.01152
G1 X89.997 Y133.252 E.15553
G1 X90.379 Y133.252 E.01152
G1 X90.379 Y138.408 E.15553
G1 X90.761 Y138.408 E.01152
G1 X90.761 Y133.252 E.15553
G1 X91.143 Y133.252 E.01152
G1 X91.143 Y138.408 E.15553
G1 X91.524 Y138.408 E.01152
G1 X91.524 Y133.252 E.15553
G1 X91.906 Y133.252 E.01152
G1 X91.906 Y138.408 E.15553
G1 X92.288 Y138.408 E.01152
G1 X92.288 Y133.252 E.15553
G1 X92.67 Y133.252 E.01152
G1 X92.67 Y138.408 E.15553
G1 X93.052 Y138.408 E.01152
G1 X93.052 Y133.252 E.15553
G1 X93.158 Y133.252 E.00318
G1 X93.158 Y135.342 E.06306
G1 X93.434 Y135.342 E.00834
G1 X93.434 Y138.408 E.09247
G1 X93.816 Y138.408 E.01152
G1 X93.816 Y135.342 E.09247
G1 X94.198 Y135.342 E.01152
G1 X94.198 Y138.408 E.09247
G1 X94.58 Y138.408 E.01152
G1 X94.58 Y135.342 E.09247
G1 X94.962 Y135.342 E.01152
G1 X94.962 Y138.408 E.09247
G1 X95.344 Y138.408 E.01152
G1 X95.344 Y135.342 E.09247
G1 X95.725 Y135.342 E.01152
G1 X95.725 Y138.408 E.09247
G1 X96.107 Y138.408 E.01152
G1 X96.107 Y135.342 E.09247
G1 X96.489 Y135.342 E.01152
G1 X96.489 Y138.408 E.09247
G1 X96.871 Y138.408 E.01152
G1 X96.871 Y135.342 E.09247
G1 X97.253 Y135.342 E.01152
G1 X97.253 Y138.408 E.09247
G1 X97.635 Y138.408 E.01152
G1 X97.635 Y135.342 E.09247
G1 X98.017 Y135.342 E.01152
G1 X98.017 Y138.408 E.09247
G1 X98.399 Y138.408 E.01152
G1 X98.399 Y135.342 E.09247
G1 X98.781 Y135.342 E.01152
G1 X98.781 Y138.408 E.09247
G1 X99.163 Y138.408 E.01152
G1 X99.163 Y135.342 E.09247
G1 X99.545 Y135.342 E.01152
G1 X99.545 Y138.408 E.09247
G1 X99.926 Y138.408 E.01152
G1 X99.926 Y135.342 E.09247
G1 X100.308 Y135.342 E.01152
G1 X100.308 Y138.408 E.09247
G1 X100.69 Y138.408 E.01152
G1 X100.69 Y135.342 E.09247
G1 X101.072 Y135.342 E.01152
G1 X101.072 Y138.408 E.09247
G1 X101.454 Y138.408 E.01152
G1 X101.454 Y135.342 E.09247
G1 X101.836 Y135.342 E.01152
G1 X101.836 Y138.408 E.09247
G1 X102.218 Y138.408 E.01152
G1 X102.218 Y135.342 E.09247
G1 X102.6 Y135.342 E.01152
G1 X102.6 Y138.408 E.09247
G1 X102.982 Y138.408 E.01152
G1 X102.982 Y135.342 E.09247
G1 X103.364 Y135.342 E.01152
G1 X103.364 Y138.408 E.09247
G1 X103.746 Y138.408 E.01152
G1 X103.746 Y135.342 E.09247
G1 X104.127 Y135.342 E.01152
G1 X104.127 Y138.408 E.09247
G1 X104.509 Y138.408 E.01152
G1 X104.509 Y135.342 E.09247
G1 X104.891 Y135.342 E.01152
G1 X104.891 Y138.408 E.09247
G1 X105.273 Y138.408 E.01152
G1 X105.273 Y135.342 E.09247
G1 X105.655 Y135.342 E.01152
G1 X105.655 Y138.577 E.09759
; stop printing object mid_plate.stl id:1992740639744 copy 0
;LAYER_CHANGE
;Z:1.04
;HEIGHT:0.2
G92 E0 ; zero the extruded length again
; BEFORE_LAYER_CHANGE 4 @ 1.04mm
G1 E-1.75 F6000
;WIPE_START
G1 X105.655 Y137.577 E-.75
;WIPE_END
; AFTER_LAYER_CHANGE 4 @ 1.04mm
;_SET_FAN_SPEED_CHANGING_LAYER
; printing object mid_plate.stl id:1992740639744 copy 0
G17
G3 Z1.24 I0 J.608 P1  F18000
G1 X106.389 Y137.577 Z1.24
G1 X93.889 Y134.611
G1 X93.889 Y125.389
G1 X110.111 Y125.389
G1 X113.611 Y133.139
G1 X113.611 Y139.139
G1 X113.21 Y139.54
G1 Z1.04
G1 E2.5 F6000
M204 P1000
;TYPE:Outer wall
;WIDTH:0.42
G1 F3600
G1 X113.21 Y133.54 E.17872
G1 X109.71 Y133.54 E.10425
G1 X109.71 Y125.79 E.23085
G1 X94.29 Y125.79 E.45931
G1 X94.29 Y134.21 E.2508
G1 X106.79 Y134.21 E.37233
G1 X106.79 Y139.54 E.15876
G1 X81.256 Y139.54 E.76058
G3 X80.46 Y138.744 I-.002 J-.793 E.03725
G1 X80.46 Y133.706 E.15007
G2 X80.46 Y128.294 I3.542 J-2.706 E.66106
G1 X80.46 Y113.21 E.44929
G1 X86.46 Y113.21 E.17872
G1 X86.46 Y106.79 E.19123
G1 X80.46 Y106.79 E.17872
G1 X80.46 Y91.706 E.44929
G2 X80.46 Y86.294 I3.542 J-2.706 E.66106
G1 X80.46 Y81.256 E.15007
G3 X81.256 Y80.46 I.793 J-.002 E.03725
G1 X138.832 Y80.465 E1.71502
G3 X139.54 Y81.256 I-.095 J.797 E.03453
G1 X139.54 Y86.294 E.15007
G2 X139.54 Y91.706 I-3.542 J2.706 E.66106
G1 X139.54 Y106.79 E.44929
G1 X133.54 Y106.79 E.17872
G1 X133.54 Y113.21 E.19123
G1 X139.54 Y113.21 E.17872
G1 X139.54 Y128.294 E.44929
G2 X139.54 Y133.706 I-3.542 J2.706 E.66106
G1 X139.54 Y138.744 E.15007
G3 X138.744 Y139.54 I-.793 J.002 E.03725
G1 X113.27 Y139.54 E.7588
G1 X113.611 Y139.139 F18000
G1 X113.602 Y139.148
M204 P1500
;TYPE:Inner wall
;WIDTH:0.45
G1 F6000
G1 X113.602 Y133.148 E.19294
G1 X110.102 Y133.148 E.11255
G1 X110.102 Y125.398 E.24921
G1 X93.898 Y125.398 E.52107
G1 X93.898 Y134.602 E.29597
G1 X106.398 Y134.602 E.40195
G1 X106.398 Y139.148 E.14618
G1 X81.266 Y139.148 E.80816
G3 X80.852 Y138.734 I-.012 J-.402 E.02107
G1 X80.852 Y134.687 E.13015
G2 X80.852 Y127.313 I3.151 J-3.687 E.71052
G1 X80.852 Y113.602 E.4409
G1 X86.852 Y113.602 E.19294
G1 X86.852 Y106.398 E.23166
G1 X80.852 Y106.398 E.19294
G1 X80.852 Y92.687 E.4409
G2 X80.852 Y85.313 I3.151 J-3.687 E.71052
G1 X80.852 Y81.266 E.13015
G3 X81.266 Y80.852 I.402 J-.012 E.02107
G1 X138.791 Y80.855 E1.84981
G3 X139.148 Y81.266 I-.049 J.402 E.01917
G1 X139.148 Y85.313 E.13015
G2 X139.148 Y92.687 I-3.151 J3.687 E.71052
G1 X139.148 Y106.398 E.4409
G1 X133.148 Y106.398 E.19294
G1 X133.148 Y113.602 E.23166
G1 X139.148 Y113.602 E.19294
G1 X139.148 Y127.313 E.4409
G2 X139.148 Y134.687 I-3.151 J3.687 E.71052
G1 X139.148 Y138.734 E.13015
G3 X138.734 Y139.148 I-.402 J.012 E.02107
G1 X113.662 Y139.148 E.80623
G1 X114.009 Y138.741 F18000
G1 F6000
G1 X114.009 Y132.741 E.19294
G1 X110.509 Y132.741 E.11255
G1 X110.509 Y124.991 E.24921
G1 X93.491 Y124.991 E.54725
G1 X93.491 Y135.009 E.32215
G1 X105.991 Y135.009 E.40195
G1 X105.991 Y138.741 E.12
G1 X81.259 Y138.741 E.79528
G1 X81.259 Y135.499 E.10423
G2 X86.14 Y135.806 I2.739 J-4.599 E.1633
G2 X81.86 Y126.194 I-2.14 J-4.806 E.53142
G1 X81.259 Y126.501 E.0217
G1 X81.259 Y114.009 E.40168
G1 X87.259 Y114.009 E.19294
G1 X87.259 Y105.991 E.25784
G1 X81.259 Y105.991 E.19294
G1 X81.259 Y93.499 E.40168
G2 X86.14 Y93.806 I2.739 J-4.599 E.1633
G2 X81.86 Y84.194 I-2.14 J-4.806 E.53142
G1 X81.259 Y84.501 E.0217
G1 X81.259 Y81.259 E.10423
G1 X138.741 Y81.259 E1.8484
G1 X138.741 Y84.501 E.10423
G2 X133.86 Y84.194 I-2.739 J4.599 E.1633
G2 X131.296 Y86.66 I2.189 J4.842 E.11664
G1 X131.109 Y86.615 E.00619
G1 X131.109 Y85.891 E.02328
G1 X111.891 Y85.891 E.61799
G1 X111.891 Y96.109 E.32858
G1 X131.109 Y96.109 E.61799
G1 X131.109 Y91.385 E.15191
G1 X131.296 Y91.34 E.00619
G2 X138.14 Y93.806 I4.713 J-2.351 E.25819
G1 X138.741 Y93.499 E.0217
G1 X138.741 Y105.991 E.40168
G1 X132.741 Y105.991 E.19294
G1 X132.741 Y114.009 E.25784
G1 X138.741 Y114.009 E.19294
G1 X138.741 Y126.501 E.40168
G2 X133.86 Y126.194 I-2.739 J4.599 E.1633
G2 X138.14 Y135.806 I2.14 J4.806 E.53142
G1 X138.741 Y135.499 E.0217
G1 X138.741 Y138.741 E.10423
G1 X114.069 Y138.741 E.79335
G1 E-1.75
;WIPE_START
G1 X114.059 Y137.741 E-.75
;WIPE_END
G1 X113.611 Y137.741 Z1.24 F18000
G1 X113.611 Y133.139
G1 X113.226 Y133.139
G1 X109.979 Y115.711
G1 X110 Y115.31
G1 Z1.04
G1 E2.5 F6000
M204 P1000
;TYPE:Outer wall
;WIDTH:0.42
G1 F3600
G2 X114.296 Y106.879 I.007 J-5.307 E.34801
G2 X109.738 Y104.703 I-4.282 J3.11 E.15682
G2 X109.94 Y115.309 I.269 J5.3 E.48657
G1 X109.919 Y115.707 F18000
G1 X109.98 Y115.711
G1 X109.981 Y115.702
M204 P1500
;TYPE:Inner wall
;WIDTH:0.45
G1 F6000
G1 X110 Y115.702 E.00061
G2 X114.939 Y107.148 I.007 J-5.699 E.38423
G2 X109.718 Y104.312 I-4.945 J2.877 E.20092
G2 X109.404 Y115.67 I.289 J5.692 E.54701
G1 X109.921 Y115.699 E.01665
G1 X109.961 Y116.109 F18000
G1 F6000
G1 X110 Y116.11 E.00125
G2 X115.582 Y107.515 I.006 J-6.106 E.39109
G2 X109.696 Y103.905 I-5.57 J2.479 E.23602
G2 X109.361 Y116.076 I.31 J6.098 E.58612
G1 X109.901 Y116.105 E.01739
G1 E-1.75
;WIPE_START
G1 X110 Y116.11 E-.07411
G1 X110.639 Y116.077 E-.47968
G1 X110.897 Y116.036 E-.19621
;WIPE_END
G1 X110.835 Y115.643 Z1.24 F18000
G1 X111.188 Y115.587
G1 X111.765 Y115.432
G1 X112.323 Y115.218
G1 X112.856 Y114.946
G1 X113.357 Y114.621
G1 X113.822 Y114.245
G1 X114.245 Y113.822
G1 X114.621 Y113.357
G1 X114.946 Y112.856
G1 X115.218 Y112.323
G1 X115.432 Y111.765
G1 X115.587 Y111.188
G1 X115.617 Y110.997
G1 X130.31 Y95.711
G1 X130.31 Y95.31
G1 Z1.04
G1 E2.5 F6000
M204 P1000
;TYPE:Outer wall
;WIDTH:0.42
G1 F3600
G1 X130.31 Y86.69 E.25676
G1 X112.69 Y86.69 E.52484
G1 X112.69 Y95.31 E.25676
G1 X130.25 Y95.31 E.52305
G1 X130.25 Y95.711 F18000
G1 X130.702 Y95.711
G1 X130.702 Y95.702
M204 P1500
;TYPE:Inner wall
;WIDTH:0.45
G1 F6000
G1 X130.702 Y86.298 E.3024
G1 X112.298 Y86.298 E.59181
G1 X112.298 Y95.702 E.3024
G1 X130.642 Y95.702 E.58988
G1 X131.155 Y91.165 F18000
M204 P2000
;TYPE:Gap infill
;WIDTH:0.443408
G1 F6000
G1 X131.121 Y90.982 E.00589
;WIDTH:0.401179
G1 X131.087 Y90.799 E.00527
;WIDTH:0.357141
G1 X131.051 Y90.6 E.00501
;WIDTH:0.309764
G1 X131.027 Y90.424 E.00375
;WIDTH:0.263327
G1 X131.004 Y90.247 E.0031
;WIDTH:0.21587
G1 X130.98 Y90.063 E.00254
;WIDTH:0.171194
G1 X130.959 Y89.798 E.00269
;WIDTH:0.129266
G1 X130.938 Y89.53 E.00183
;WIDTH:0.108344
G1 X130.93 Y89.218 E.00161
G1 X130.93 Y88.782 F18000
;WIDTH:0.108344
G1 F6000
G1 X130.938 Y88.47 E.00161
;WIDTH:0.129265
G1 X130.959 Y88.202 E.00183
;WIDTH:0.171193
G1 X130.98 Y87.937 E.00269
;WIDTH:0.215871
G1 X131.004 Y87.753 E.00254
;WIDTH:0.263327
G1 X131.027 Y87.576 E.0031
;WIDTH:0.309763
G1 X131.051 Y87.4 E.00375
;WIDTH:0.35714
G1 X131.087 Y87.202 E.00501
;WIDTH:0.401178
G1 X131.121 Y87.018 E.00527
;WIDTH:0.443406
G1 X131.155 Y86.835 E.00589
G1 X131.313 Y85.861 F18000
;WIDTH:0.166685
G1 F6000
G1 X131.653 Y85.687 E.00373
G1 X134.008 Y81.985 F18000
;TYPE:Sparse infill
;WIDTH:0.45
G1 F6205.95
G1 X131.725 Y81.985 E.07343
G1 X133.37 Y83.63 E.07483
G2 X131.899 Y84.646 I4.915 J8.69 E.05757
G1 X129.238 Y81.985 E.12102
G1 X126.751 Y81.985 E.07997
G1 X129.932 Y85.165 E.14466
G1 X127.445 Y85.165 E.07997
G1 X124.264 Y81.985 E.14466
G1 X121.777 Y81.985 E.07997
G1 X124.958 Y85.165 E.14466
G1 X122.674 Y85.165 E.07343
G1 X121.573 Y81.985 F18000
G1 F6205.95
G1 X119.29 Y81.985 E.07343
G1 X122.471 Y85.165 E.14466
G1 X119.984 Y85.165 E.07997
G1 X116.803 Y81.985 E.14466
G1 X114.316 Y81.985 E.07997
G1 X117.497 Y85.165 E.14466
G1 X115.01 Y85.165 E.07997
G1 X111.829 Y81.985 E.14466
G1 X109.342 Y81.985 E.07997
G1 X112.523 Y85.165 E.14466
G1 X111.165 Y85.165 E.04364
G1 X111.165 Y86.295 E.03633
G1 X106.855 Y81.985 E.19604
G1 X104.368 Y81.985 E.07997
G1 X111.165 Y88.782 E.30914
G1 X111.165 Y91.269 E.07997
G1 X101.881 Y81.985 E.42224
G1 X99.394 Y81.985 E.07997
G1 X111.165 Y93.756 E.53534
G1 X111.165 Y91.473 E.07343
G1 X112.289 Y95.711 F18000
G1 X121.501 Y96.835
G1 F6205.95
G1 X119.218 Y96.835 E.07343
G1 X132.015 Y109.632 E.582
G1 X132.015 Y112.119 E.07997
G1 X116.731 Y96.835 E.69509
G1 X114.244 Y96.835 E.07997
G1 X132.015 Y114.606 E.80819
G1 X132.015 Y114.735 E.00412
G1 X132.144 Y114.735 E.00412
G1 X138.015 Y120.606 E.26703
G1 X138.015 Y123.093 E.07997
G1 X111.757 Y96.835 E1.19415
G1 X111.165 Y96.835 E.01901
G1 X111.165 Y96.243 E.01901
G1 X96.907 Y81.985 E.64844
G1 X94.42 Y81.985 E.07997
G1 X137.701 Y125.266 E1.96828
G2 X135.046 Y125.098 I-1.699 J5.775 E.08627
G1 X91.933 Y81.985 E1.96062
G1 X89.446 Y81.985 E.07997
G1 X110.659 Y103.197 E.96468
G3 X113.84 Y104.353 I-1.096 J7.977 E.10968
G1 X114.325 Y105.184 F18000
;TYPE:Internal solid infill
;WIDTH:0.38292
G1 F6000
G2 X114.805 Y105.662 I-4.322 J4.813 E1.07344
G1 X114.368 Y105.226 E.01659
G1 X115.647 Y106.16 F18000
;TYPE:Sparse infill
;WIDTH:0.45
G1 F6205.95
G3 X116.803 Y109.341 I-6.822 J4.278 E.10968
G1 X133.185 Y125.724 E.74502
G2 X131.759 Y126.785 I5.011 J8.22 E.05724
G1 X116.626 Y111.652 E.68821
G2 X116.813 Y109.545 I-10.366 J-1.983 E.06814
G1 X114.946 Y112.856 F18000
G1 X114.621 Y113.357
G1 X114.245 Y113.822
G1 X113.822 Y114.245
G1 X113.357 Y114.621
G1 X112.856 Y114.946
G1 X112.323 Y115.218
G1 X111.765 Y115.432
G1 X111.188 Y115.587
G1 X110.597 Y115.68
G1 X110 Y115.712
G1 X106.16 Y115.647
G1 F6205.95
G2 X109.341 Y116.803 I4.278 J-6.822 E.10968
G1 X130.554 Y138.015 E.96468
G1 X128.271 Y138.015 E.07343
G1 X120.403 Y138.015 F18000
G1 F6205.95
G1 X118.119 Y138.015 E.07343
G1 X114.735 Y134.631 E.15393
G1 X114.735 Y137.118 E.07997
G1 X115.632 Y138.015 E.04083
G1 X117.916 Y138.015 E.07343
G1 X110.857 Y130.957 F18000
G1 F6205.95
G1 X110.857 Y132.015 E.03404
G1 X112.119 Y132.015 E.04058
G1 X110.857 Y130.754 E.05739
G1 X110.857 Y128.267 E.07997
G1 X114.606 Y132.015 E.17049
G1 X114.735 Y132.015 E.00412
G1 X114.735 Y132.144 E.00412
G1 X120.606 Y138.015 E.26703
G1 X123.093 Y138.015 E.07997
G1 X111.079 Y126.001 E.54638
G1 X111.234 Y125.985 E.00504
G1 X111.235 Y124.778 E.03882
G1 X110.992 Y124.476 E.01246
G1 X110.722 Y124.265 E.01101
G1 X109.515 Y124.265 E.03882
G1 X109.499 Y124.421 E.00504
G1 X81.985 Y96.907 E1.25126
G1 X81.985 Y99.394 E.07997
G1 X87.856 Y105.265 E.26703
G1 X87.985 Y105.265 E.00412
G1 X87.985 Y105.394 E.00412
G1 X107.233 Y124.643 E.87537
G1 X104.746 Y124.643 E.07997
G1 X87.985 Y107.881 E.76227
G1 X87.985 Y110.368 E.07997
G1 X102.259 Y124.643 E.64917
G1 X99.772 Y124.643 E.07997
G1 X87.985 Y112.855 E.53607
G1 X87.985 Y114.735 E.06045
G1 X87.377 Y114.735 E.01952
G1 X97.285 Y124.643 E.45058
G1 X94.798 Y124.643 E.07997
G1 X94.485 Y124.266 E.01576
G1 X94.421 Y124.266 E.00206
G1 X84.89 Y114.735 E.43343
G1 X82.403 Y114.735 E.07997
G1 X92.765 Y125.097 E.47123
G1 X92.765 Y125.985 E.02857
G1 X93.133 Y126.021 E.01186
G1 X93.143 Y125.971 E.00164
G1 X93.143 Y127.961 E.06397
G1 X81.985 Y116.803 E.50742
G1 X81.985 Y119.29 E.07997
G1 X93.143 Y130.448 E.50742
G1 X93.143 Y132.935 E.07997
G1 X89.817 Y129.609 E.15124
G3 X89.871 Y132.15 I-5.951 J1.398 E.08233
G1 X92.765 Y135.045 E.13163
G2 X93.455 Y135.735 I.75 J-.06 E.03413
G1 X95.736 Y138.015 E.10373
G1 X93.249 Y138.015 E.07997
G1 X89.199 Y133.965 E.18418
G3 X88.101 Y135.354 I-9.586 J-6.451 E.05699
G1 X90.762 Y138.015 E.12102
G1 X88.275 Y138.015 E.07997
G1 X86.63 Y136.37 E.07483
G3 X84.713 Y136.94 I-3.466 J-8.143 E.06445
G1 X85.788 Y138.015 E.0489
G1 X83.301 Y138.015 E.07997
G1 X81.985 Y136.699 E.05988
G1 X81.985 Y136.63 E.0022
G2 X84.511 Y136.96 I2.033 J-5.734 E.08253
G1 X93.128 Y135.005 F18000
;TYPE:Internal solid infill
;WIDTH:0.38292
G1 F6000
G1 X93.171 Y135.213 E.0057
G2 X93.446 Y135.359 I.253 J-.143 E.00883
G1 X95.94 Y138.015 F18000
;TYPE:Sparse infill
;WIDTH:0.45
G1 F6205.95
G1 X98.223 Y138.015 E.07343
G1 X95.565 Y135.357 E.12088
G1 X98.052 Y135.357 E.07997
G1 X100.71 Y138.015 E.12088
G1 X103.197 Y138.015 E.07997
G1 X100.539 Y135.357 E.12088
G1 X103.026 Y135.357 E.07997
G1 X105.265 Y137.597 E.10183
G1 X105.265 Y135.357 E.072
G1 X103.23 Y135.357 E.06546
G1 X105.628 Y135.711 F18000
;TYPE:Internal solid infill
;WIDTH:0.383214
G1 F6000
G1 X105.627 Y138.247 E.06815
G1 X105.601 Y138.351 E.00289
G1 X105.469 Y138.378 E.00362
G1 X81.781 Y138.378 E.63675
G1 X81.649 Y138.351 E.00362
G1 X81.622 Y138.219 E.00362
G1 X81.622 Y136.334 E.05066
;WIDTH:0.403488
G1 X81.648 Y136.243 E.00269
;WIDTH:0.431431
G1 X81.674 Y136.152 E.0029
G1 X81.841 Y136.177 E.00519
;WIDTH:0.383283
G2 X89.593 Y131.58 I2.178 J-5.162 E.28157
G2 X82.254 Y125.654 I-5.604 J-.566 E.30054
G1 X81.712 Y125.836 E.01539
;WIDTH:0.419994
G1 X81.667 Y125.835 E.00133
G1 X81.622 Y125.666 E.00522
;WIDTH:0.383321
G1 X81.622 Y114.531 E.2994
G1 X81.649 Y114.399 E.00362
G1 X81.781 Y114.372 E.00362
G1 X87.49 Y114.371 E.15352
G1 X87.595 Y114.345 E.00289
G1 X87.622 Y114.213 E.00362
G1 X87.622 Y105.787 E.22655
G1 X87.595 Y105.655 E.00362
G1 X87.463 Y105.628 E.00362
G1 X81.781 Y105.628 E.15278
G1 X81.649 Y105.601 E.00362
G1 X81.622 Y105.469 E.00362
G1 X81.622 Y94.334 E.2994
;WIDTH:0.403488
G1 X81.648 Y94.243 E.00269
;WIDTH:0.431431
G1 X81.674 Y94.152 E.0029
G1 X81.841 Y94.177 E.00519
;WIDTH:0.383283
G2 X89.593 Y89.58 I2.178 J-5.162 E.28157
G2 X82.254 Y83.654 I-5.604 J-.566 E.30054
G1 X81.712 Y83.836 E.01539
;WIDTH:0.419994
G1 X81.667 Y83.835 E.00133
G1 X81.622 Y83.666 E.00522
;WIDTH:0.383066
G1 X81.622 Y81.781 E.05064
G1 X81.649 Y81.649 E.00362
G1 X81.781 Y81.622 E.00362
G1 X138.219 Y81.622 E1.51644
G1 X138.351 Y81.649 E.00362
G1 X138.378 Y81.781 E.00362
G1 X138.377 Y83.693 E.05139
;WIDTH:0.403488
G1 X138.352 Y83.771 E.00231
;WIDTH:0.430725
G1 X138.326 Y83.848 E.00249
G1 X138.159 Y83.823 E.00518
;WIDTH:0.383114
G2 X131.961 Y85.095 I-2.177 J5.129 E.18081
G1 X131.631 Y85.197 E.00929
G1 X130.982 Y85.526 E.01955
G1 X111.66 Y85.529 E.51925
G1 X111.555 Y85.555 E.00288
G1 X111.528 Y85.687 E.00362
G1 X111.529 Y96.34 E.28628
G1 X111.555 Y96.445 E.00288
G1 X111.687 Y96.472 E.00362
G1 X131.34 Y96.471 E.52813
G1 X131.445 Y96.445 E.00288
G1 X131.472 Y96.313 E.00362
G1 X131.472 Y92.782 E.09489
;WIDTH:0.40738
G1 X131.5 Y92.704 E.00236
;WIDTH:0.4563
G1 X131.528 Y92.627 E.00268
;WIDTH:0.50522
G1 F5464.668
G1 X131.556 Y92.55 E.003
G1 X131.623 Y92.593 E.00291
;WIDTH:0.4563
G1 F6000
G1 X131.689 Y92.637 E.0026
;WIDTH:0.384301
G1 X131.756 Y92.68 E.00215
G2 X137.746 Y94.346 I4.257 J-3.707 E.17753
G1 X138.288 Y94.164 E.01544
;WIDTH:0.419993
G1 X138.333 Y94.165 E.00133
G1 X138.378 Y94.334 E.00522
;WIDTH:0.3833
G1 X138.377 Y105.497 E.30013
G1 X138.351 Y105.601 E.00289
G1 X138.219 Y105.628 E.00362
G1 X132.51 Y105.629 E.15351
G1 X132.405 Y105.655 E.00289
G1 X132.378 Y105.787 E.00362
G1 X132.379 Y114.24 E.22728
G1 X132.405 Y114.345 E.00289
G1 X132.537 Y114.372 E.00362
G1 X138.219 Y114.372 E.15277
G1 X138.351 Y114.399 E.00362
G1 X138.378 Y114.531 E.00362
G1 X138.377 Y125.693 E.30013
;WIDTH:0.403488
G1 X138.352 Y125.771 E.00231
;WIDTH:0.430725
G1 X138.326 Y125.848 E.00249
G1 X138.159 Y125.823 E.00518
;WIDTH:0.383282
G2 X130.407 Y130.42 I-2.178 J5.162 E.28157
G2 X137.746 Y136.346 I5.604 J.566 E.30054
G1 X138.288 Y136.164 E.01539
;WIDTH:0.419993
G1 X138.333 Y136.165 E.00133
G1 X138.378 Y136.334 E.00522
;WIDTH:0.3833
G1 X138.377 Y138.247 E.05142
G1 X138.351 Y138.351 E.00289
G1 X138.219 Y138.378 E.00362
G1 X114.531 Y138.378 E.63691
G1 X114.399 Y138.351 E.00362
G1 X114.372 Y138.219 E.00362
G1 X114.372 Y132.537 E.15277
G1 X114.345 Y132.405 E.00362
G1 X114.213 Y132.378 E.00362
G1 X111.271 Y132.378 E.07909
G1 X110.495 Y124.628 F18000
;WIDTH:0.38292
G1 F6000
G1 X110.713 Y124.674 E.00597
G1 X110.829 Y124.787 E.00436
G1 X110.86 Y124.935 E.00406
G1 X104.353 Y113.84 F18000
;TYPE:Sparse infill
;WIDTH:0.45
G1 F6205.95
G1 X104.282 Y113.732 E.00417
G3 X103.197 Y110.659 I6.96 J-4.185 E.10552
G1 X86.815 Y94.276 E.74502
G2 X88.241 Y93.215 I-5.011 J-8.22 E.05724
G1 X103.374 Y108.348 E.68821
G2 X103.187 Y110.455 I10.366 J1.983 E.06814
G1 X87.653 Y105.265 F18000
G1 F6205.95
G1 X85.369 Y105.265 E.07343
G1 X81.985 Y101.881 E.15393
G1 X81.985 Y104.368 E.07997
G1 X82.882 Y105.265 E.04083
G1 X85.166 Y105.265 E.07343
G1 X84.753 Y94.934 F18000
G1 F6205.95
G3 X82.299 Y94.734 I-.741 J-6.056 E.07973
G1 X125.58 Y138.015 E1.96828
G1 X128.067 Y138.015 E.07997
G1 X84.954 Y94.902 E1.96062
G2 X86.633 Y94.368 I-2.074 J-9.433 E.05675
G1 X89.877 Y90.11 F18000
G1 F6205.95
G3 X89.293 Y91.78 I-9.75 J-2.472 E.05697
G1 X104.085 Y106.572 E.67267
G3 X105.172 Y105.172 I6.261 J3.74 E.05714
G1 X89.909 Y89.909 E.6941
G2 X89.715 Y87.228 I-5.993 J-.913 E.08718
G1 X106.572 Y104.085 E.7666
G3 X108.348 Y103.374 I6.327 J13.231 E.06156
G1 X86.959 Y81.985 E.97271
G1 X84.472 Y81.985 E.07997
G1 X85.772 Y83.285 E.05915
G2 X83.091 Y83.091 I-1.768 J5.798 E.08718
G1 X81.985 Y81.985 E.05031
G1 X81.985 Y83.37 E.04454
G3 X82.89 Y83.123 I2.226 J6.376 E.0302
G1 X85.977 Y84.559 F18000
G1 X86.431 Y84.79
G1 X86.858 Y85.067
G1 X87.253 Y85.387
G1 X87.613 Y85.747
G1 X87.933 Y86.142
G1 X88.21 Y86.569
G1 X88.441 Y87.023
G1 X88.624 Y87.498
G1 X88.755 Y87.989
G1 X88.835 Y88.492
G1 X88.862 Y89
G1 X88.835 Y89.508
G1 X86.861 Y113.611
G1 X85.193 Y125.136
G1 F6205.95
G2 X82.85 Y125.129 I-1.195 J7.895 E.07563
G1 X81.985 Y124.264 E.03935
G1 X81.985 Y121.777 E.07997
G1 X85.391 Y125.183 E.15491
G3 X89.764 Y129.412 I-1.398 J5.821 E.20521
G1 X93.128 Y125.005 F18000
;TYPE:Internal solid infill
;WIDTH:0.38292
G1 F6000
G1 X93.174 Y124.787 E.00597
G1 X93.287 Y124.671 E.00436
G1 X93.435 Y124.64 E.00406
G1 X110.111 Y125.389 F18000
G1 X130.123 Y129.89
;TYPE:Sparse infill
;WIDTH:0.45
G1 F6205.95
G3 X130.707 Y128.22 I9.75 J2.472 E.05697
G1 X115.915 Y113.428 E.67267
G3 X114.828 Y114.828 I-6.262 J-3.74 E.05714
G1 X130.091 Y130.091 E.6941
G2 X130.285 Y132.772 I5.993 J.913 E.08718
G1 X113.428 Y115.915 E.7666
G3 X111.652 Y116.626 I-6.327 J-13.231 E.06156
G1 X133.041 Y138.015 E.97271
G1 X135.528 Y138.015 E.07997
G1 X134.228 Y136.715 E.05915
G2 X136.909 Y136.909 I1.768 J-5.798 E.08718
G1 X138.015 Y138.015 E.05031
G1 X138.015 Y136.63 E.04454
G3 X137.11 Y136.877 I-2.226 J-6.376 E.0302
G1 X134.023 Y135.441 F18000
G1 X133.569 Y135.21
G1 X133.142 Y134.933
G1 X132.747 Y134.613
G1 X132.387 Y134.253
G1 X132.067 Y133.858
G1 X131.79 Y133.431
G1 X131.559 Y132.977
G1 X131.376 Y132.502
G1 X131.245 Y132.011
G1 X131.165 Y131.508
G1 X131.138 Y131
G1 X131.165 Y130.492
G1 X131.245 Y129.989
G1 X131.376 Y129.498
G1 X131.559 Y129.023
G1 X138.015 Y115.429
G1 F6205.95
G1 X138.015 Y114.735 E.02233
G1 X137.118 Y114.735 E.02887
G1 X138.015 Y115.632 E.04083
G1 X138.015 Y118.119 E.07997
G1 X134.631 Y114.735 E.15393
G1 X136.914 Y114.735 E.07343
G1 X133.139 Y113.611 F18000
G1 X132.015 Y109.429
G1 F6205.95
G1 X132.015 Y107.145 E.07343
G1 X121.705 Y96.835 E.4689
G1 X124.192 Y96.835 E.07997
G1 X132.623 Y105.265 E.38341
G1 X135.11 Y105.265 E.07997
G1 X126.679 Y96.835 E.38341
G1 X129.166 Y96.835 E.07997
G1 X137.597 Y105.265 E.38341
G1 X138.015 Y105.265 E.01347
G1 X138.015 Y103.197 E.0665
G1 X131.653 Y96.835 E.28935
G1 X131.835 Y96.835 E.00585
G1 X131.835 Y94.529 E.07413
G1 X138.015 Y100.71 E.28109
G1 X138.015 Y98.223 E.07997
G1 X134.609 Y94.817 E.15491
G2 X137.15 Y94.871 I1.398 J-5.951 E.08233
G1 X138.015 Y95.736 E.03935
G1 X138.015 Y98.02 E.07343
G1 X132.387 Y92.253 F18000
G1 X132.067 Y91.858
G1 X131.79 Y91.431
G1 X131.559 Y90.977
G1 X131.376 Y90.502
G1 X131.245 Y90.011
G1 X131.165 Y89.508
G1 X131.138 Y89
G1 X131.165 Y88.492
G1 X131.245 Y87.989
G1 X131.376 Y87.498
G1 X131.559 Y87.023
G1 X131.79 Y86.569
G1 X132.067 Y86.142
G1 X132.387 Y85.747
G1 X132.747 Y85.387
G1 X133.142 Y85.067
G1 X133.569 Y84.79
G1 X134.023 Y84.559
G1 X134.498 Y84.376
G1 X137.889 Y83.321
G1 F6205.95
G2 X135.287 Y83.06 I-2.04 J7.221 E.08453
G1 X134.212 Y81.985 E.0489
G1 X136.699 Y81.985 E.07997
G1 X138.015 Y83.301 E.05988
G1 X138.015 Y81.985 E.04234
G1 X136.902 Y81.985 E.0358
; stop printing object mid_plate.stl id:1992740639744 copy 0
;LAYER_CHANGE
;Z:1.24
;HEIGHT:0.2
G92 E0 ; zero the extruded length again
; BEFORE_LAYER_CHANGE 5 @ 1.24mm
G1 E-1.75 F6000
;WIPE_START
G1 F6205.95
G1 X137.902 Y81.985 E-.75
;WIPE_END
; AFTER_LAYER_CHANGE 5 @ 1.24mm
;_SET_FAN_SPEED_CHANGING_LAYER
; printing object mid_plate.stl id:1992740639744 copy 0
G17
G3 Z1.44 I-.331 J-.511 P1  F18000
G1 X133.569 Y84.79 Z1.44
G1 X133.142 Y85.067
G1 X132.747 Y85.387
G1 X132.387 Y85.747
G1 X132.067 Y86.142
G1 X131.79 Y86.569
G1 X131.559 Y87.023
G1 X131.376 Y87.498
G1 X131.245 Y87.989
G1 X131.165 Y88.492
G1 X131.138 Y89
G1 X131.138 Y131
G1 X113.611 Y139.139
G1 X113.611 Y139.139
G1 X113.21 Y139.54
G1 Z1.24
G1 E2.5 F6000
M204 P1000
;TYPE:Outer wall
;WIDTH:0.42
G1 F3600
G1 X113.21 Y138.91 E.01877
G1 X113.21 Y134.083 E.14378
G1 X113.21 Y133.54 E.01617
G1 X112.667 Y133.54 E.01617
G1 X110.34 Y133.54 E.06931
M106 S127
G1 F3000
G1 X109.5 Y133.54 E.02502
G1 F1320
G1 X109.3 Y133.54 E.00596
M204 P500
;TYPE:Overhang wall
;WIDTH:0.364292
G1 F1500
G1 X106.79 Y133.54 E.06372
G1 X106.79 Y133.8 E.0066
M204 P1000
;TYPE:Outer wall
;WIDTH:0.42
G1 F1320
G1 X106.79 Y134 E.00596
M106 S102
G1 F3000
G1 X106.79 Y134.84 E.02502
G1 F3600
G1 X106.79 Y138.91 E.12123
G1 X106.79 Y139.54 E.01877
G1 X81.256 Y139.54 E.76057
G1 X81.006 Y139.501 E.00754
G1 X80.855 Y139.434 E.00492
G1 X80.722 Y139.337 E.0049
G1 X80.611 Y139.214 E.00494
G1 X80.529 Y139.071 E.00491
G1 X80.478 Y138.914 E.00492
G1 X80.46 Y138.744 E.00509
G1 X80.46 Y133.706 E.15006
G1 X80.685 Y133.985 E.01068
G1 X81.015 Y134.315 E.0139
G1 X81.378 Y134.608 E.0139
G1 X81.77 Y134.863 E.01393
G1 X82.186 Y135.075 E.01391
G1 X82.622 Y135.242 E.01391
G1 X83.073 Y135.363 E.01391
G1 X83.534 Y135.436 E.0139
G1 X84 Y135.46 E.0139
G1 X84.466 Y135.436 E.0139
G1 X84.927 Y135.363 E.0139
G1 X85.378 Y135.242 E.01391
G1 X85.814 Y135.075 E.01391
G1 X86.23 Y134.863 E.01391
G1 X86.622 Y134.608 E.01393
G1 X86.985 Y134.315 E.0139
G1 X87.315 Y133.985 E.0139
G1 X87.608 Y133.622 E.0139
G1 X87.863 Y133.23 E.01393
G1 X88.075 Y132.814 E.01391
G1 X88.242 Y132.378 E.01391
G1 X88.363 Y131.927 E.01391
G1 X88.436 Y131.466 E.0139
G1 X88.46 Y131 E.0139
G1 X88.436 Y130.534 E.0139
G1 X88.363 Y130.073 E.0139
G1 X88.242 Y129.622 E.01391
G1 X88.075 Y129.186 E.01391
G1 X87.863 Y128.77 E.01391
G1 X87.608 Y128.378 E.01393
G1 X87.315 Y128.015 E.0139
G1 X86.985 Y127.685 E.0139
G1 X86.622 Y127.392 E.0139
G1 X86.23 Y127.137 E.01393
G1 X85.814 Y126.925 E.01391
G1 X85.378 Y126.758 E.01391
G1 X84.927 Y126.637 E.01391
G1 X84.466 Y126.564 E.0139
G1 X84 Y126.54 E.0139
G1 X83.534 Y126.564 E.0139
G1 X83.073 Y126.637 E.0139
G1 X82.622 Y126.758 E.01391
G1 X82.186 Y126.925 E.01391
G1 X81.77 Y127.137 E.01391
G1 X81.378 Y127.392 E.01393
G1 X81.015 Y127.685 E.0139
G1 X80.685 Y128.015 E.0139
G1 X80.46 Y128.294 E.01068
G1 X80.46 Y113.21 E.4493
G1 X81.09 Y113.21 E.01877
G1 X85.917 Y113.21 E.14378
G1 X86.46 Y113.21 E.01617
G1 X86.46 Y112.667 E.01617
G1 X86.46 Y107.333 E.15888
G1 X86.46 Y106.79 E.01617
G1 X85.917 Y106.79 E.01617
G1 X81.09 Y106.79 E.14378
G1 X80.46 Y106.79 E.01877
G1 X80.46 Y91.706 E.4493
G1 X80.685 Y91.985 E.01068
G1 X81.015 Y92.315 E.0139
G1 X81.378 Y92.608 E.0139
G1 X81.77 Y92.863 E.01393
G1 X82.186 Y93.075 E.01391
G1 X82.622 Y93.242 E.01391
G1 X83.073 Y93.363 E.01391
G1 X83.534 Y93.436 E.0139
G1 X84 Y93.46 E.0139
G1 X84.466 Y93.436 E.0139
G1 X84.927 Y93.363 E.0139
G1 X85.378 Y93.242 E.01391
G1 X85.814 Y93.075 E.01391
G1 X86.23 Y92.863 E.01391
G1 X86.622 Y92.608 E.01393
G1 X86.985 Y92.315 E.0139
G1 X87.315 Y91.985 E.0139
G1 X87.608 Y91.622 E.0139
G1 X87.863 Y91.23 E.01393
G1 X88.075 Y90.814 E.01391
G1 X88.242 Y90.378 E.01391
G1 X88.363 Y89.927 E.01391
G1 X88.436 Y89.466 E.0139
G1 X88.46 Y89 E.0139
G1 X88.436 Y88.534 E.0139
G1 X88.363 Y88.073 E.0139
G1 X88.242 Y87.622 E.01391
G1 X88.075 Y87.186 E.01391
G1 X87.863 Y86.77 E.01391
G1 X87.608 Y86.378 E.01393
G1 X87.315 Y86.015 E.0139
G1 X86.985 Y85.685 E.0139
G1 X86.622 Y85.392 E.0139
G1 X86.23 Y85.137 E.01393
G1 X85.814 Y84.925 E.01391
G1 X85.378 Y84.758 E.01391
G1 X84.927 Y84.637 E.01391
G1 X84.466 Y84.564 E.0139
G1 X84 Y84.54 E.0139
G1 X83.534 Y84.564 E.0139
G1 X83.073 Y84.637 E.0139
G1 X82.622 Y84.758 E.01391
G1 X82.186 Y84.925 E.01391
G1 X81.77 Y85.137 E.01391
G1 X81.378 Y85.392 E.01393
G1 X81.015 Y85.685 E.0139
G1 X80.685 Y86.015 E.0139
G1 X80.46 Y86.294 E.01068
G1 X80.46 Y81.256 E.15006
G1 X80.499 Y81.006 E.00754
G1 X80.566 Y80.855 E.00492
G1 X80.663 Y80.722 E.0049
G1 X80.786 Y80.611 E.00494
G1 X80.929 Y80.529 E.00491
G1 X81.086 Y80.478 E.00492
G1 X81.256 Y80.46 E.00509
G1 X138.744 Y80.46 E1.71237
G1 X138.914 Y80.478 E.00509
G1 X139.071 Y80.529 E.00492
G1 X139.214 Y80.611 E.00491
G1 X139.337 Y80.722 E.00494
G1 X139.434 Y80.855 E.0049
G1 X139.501 Y81.006 E.00492
G1 X139.54 Y81.256 E.00754
G1 X139.54 Y86.294 E.15006
G1 X139.315 Y86.015 E.01068
G1 X138.985 Y85.685 E.0139
G1 X138.622 Y85.392 E.0139
G1 X138.23 Y85.137 E.01393
G1 X137.814 Y84.925 E.01391
G1 X137.378 Y84.758 E.01391
G1 X136.927 Y84.637 E.01391
G1 X136.466 Y84.564 E.0139
G1 X136 Y84.54 E.0139
G1 X135.534 Y84.564 E.0139
G1 X135.073 Y84.637 E.0139
G1 X134.622 Y84.758 E.01391
G1 X134.186 Y84.925 E.01391
G1 X133.77 Y85.137 E.01391
G1 X133.378 Y85.392 E.01393
G1 X133.015 Y85.685 E.0139
G1 X132.685 Y86.015 E.0139
G1 X132.392 Y86.378 E.0139
G1 X132.137 Y86.77 E.01393
G1 X131.925 Y87.186 E.01391
G1 X131.758 Y87.622 E.01391
G1 X131.637 Y88.073 E.01391
G1 X131.564 Y88.534 E.0139
G1 X131.54 Y89 E.0139
G1 X131.564 Y89.466 E.0139
G1 X131.637 Y89.927 E.0139
G1 X131.758 Y90.378 E.01391
G1 X131.925 Y90.814 E.01391
G1 X132.137 Y91.23 E.01391
G1 X132.392 Y91.622 E.01393
G1 X132.685 Y91.985 E.0139
G1 X133.015 Y92.315 E.0139
G1 X133.378 Y92.608 E.0139
G1 X133.77 Y92.863 E.01393
G1 X134.186 Y93.075 E.01391
G1 X134.622 Y93.242 E.01391
G1 X135.073 Y93.363 E.01391
G1 X135.534 Y93.436 E.0139
G1 X136 Y93.46 E.0139
G1 X136.466 Y93.436 E.0139
G1 X136.927 Y93.363 E.0139
G1 X137.378 Y93.242 E.01391
G1 X137.814 Y93.075 E.01391
G1 X138.23 Y92.863 E.01391
G1 X138.622 Y92.608 E.01393
G1 X138.985 Y92.315 E.0139
G1 X139.315 Y91.985 E.0139
G1 X139.54 Y91.706 E.01068
G1 X139.54 Y106.79 E.4493
G1 X138.91 Y106.79 E.01877
G1 X134.083 Y106.79 E.14378
G1 X133.54 Y106.79 E.01617
G1 X133.54 Y107.333 E.01617
G1 X133.54 Y112.667 E.15888
G1 X133.54 Y113.21 E.01617
G1 X134.083 Y113.21 E.01617
G1 X138.91 Y113.21 E.14378
G1 X139.54 Y113.21 E.01877
G1 X139.54 Y128.294 E.4493
G1 X139.315 Y128.015 E.01068
G1 X138.985 Y127.685 E.0139
G1 X138.622 Y127.392 E.0139
G1 X138.23 Y127.137 E.01393
G1 X137.814 Y126.925 E.01391
G1 X137.378 Y126.758 E.01391
G1 X136.927 Y126.637 E.01391
G1 X136.466 Y126.564 E.0139
G1 X136 Y126.54 E.0139
G1 X135.534 Y126.564 E.0139
G1 X135.073 Y126.637 E.0139
G1 X134.622 Y126.758 E.01391
G1 X134.186 Y126.925 E.01391
G1 X133.77 Y127.137 E.01391
G1 X133.378 Y127.392 E.01393
G1 X133.015 Y127.685 E.0139
G1 X132.685 Y128.015 E.0139
G1 X132.392 Y128.378 E.0139
G1 X132.137 Y128.77 E.01393
G1 X131.925 Y129.186 E.01391
G1 X131.758 Y129.622 E.01391
G1 X131.637 Y130.073 E.01391
G1 X131.564 Y130.534 E.0139
G1 X131.54 Y131 E.0139
G1 X131.564 Y131.466 E.0139
G1 X131.637 Y131.927 E.0139
G1 X131.758 Y132.378 E.01391
G1 X131.925 Y132.814 E.01391
G1 X132.137 Y133.23 E.01391
G1 X132.392 Y133.622 E.01393
G1 X132.685 Y133.985 E.0139
G1 X133.015 Y134.315 E.0139
G1 X133.378 Y134.608 E.0139
G1 X133.77 Y134.863 E.01393
G1 X134.186 Y135.075 E.01391
G1 X134.622 Y135.242 E.01391
G1 X135.073 Y135.363 E.01391
G1 X135.534 Y135.436 E.0139
G1 X136 Y135.46 E.0139
G1 X136.466 Y135.436 E.0139
G1 X136.927 Y135.363 E.0139
G1 X137.378 Y135.242 E.01391
G1 X137.814 Y135.075 E.01391
G1 X138.23 Y134.863 E.01391
G1 X138.622 Y134.608 E.01393
G1 X138.985 Y134.315 E.0139
G1 X139.315 Y133.985 E.0139
G1 X139.54 Y133.706 E.01068
G1 X139.54 Y138.744 E.15006
G1 X139.501 Y138.994 E.00754
G1 X139.434 Y139.145 E.00492
G1 X139.337 Y139.278 E.0049
G1 X139.214 Y139.389 E.00494
G1 X139.071 Y139.471 E.00491
G1 X138.914 Y139.522 E.00492
G1 X138.744 Y139.54 E.00509
G1 X113.27 Y139.54 E.75878
G1 X113.611 Y139.139 F18000
G1 X113.602 Y139.148
M204 P1500
;TYPE:Inner wall
;WIDTH:0.45
G1 F6000
G1 X113.602 Y133.148 E.19294
G1 X110.4 Y133.148 E.10296
M106 S127
G1 F3000
G1 X109.5 Y133.148 E.02894
G1 F1140
G1 X109.3 Y133.148 E.00643
M204 P500
;TYPE:Overhang wall
;WIDTH:0.364292
G1 F1500
G1 X106.398 Y133.148 E.07367
G1 X106.398 Y133.8 E.01655
M204 P1500
;TYPE:Inner wall
;WIDTH:0.45
G1 F1140
G1 X106.398 Y134 E.00643
M106 S102
G1 F3000
G1 X106.398 Y134.9 E.02894
G1 F6000
G1 X106.398 Y138.85 E.12702
G1 X106.398 Y139.148 E.00958
G1 X81.266 Y139.148 E.80815
G1 X81.127 Y139.128 E.00452
G1 X80.984 Y139.045 E.00532
G1 X80.887 Y138.911 E.00532
G1 X80.852 Y138.734 E.0058
G1 X80.852 Y134.687 E.13014
G1 X81.148 Y134.926 E.01223
G1 X81.574 Y135.203 E.01634
G1 X82.026 Y135.433 E.01631
G1 X82.5 Y135.615 E.01633
G1 X82.991 Y135.747 E.01635
G1 X83.493 Y135.826 E.01634
G1 X84 Y135.853 E.01633
G1 X84.507 Y135.826 E.01633
G1 X85.009 Y135.747 E.01634
G1 X85.5 Y135.615 E.01635
G1 X85.974 Y135.433 E.01633
G1 X86.426 Y135.203 E.01631
G1 X86.852 Y134.926 E.01634
G1 X87.247 Y134.606 E.01635
G1 X87.606 Y134.247 E.01633
G1 X87.926 Y133.852 E.01635
G1 X88.203 Y133.426 E.01634
G1 X88.433 Y132.974 E.01631
G1 X88.615 Y132.5 E.01633
G1 X88.747 Y132.009 E.01635
G1 X88.826 Y131.507 E.01634
G1 X88.853 Y131 E.01633
G1 X88.826 Y130.493 E.01633
G1 X88.747 Y129.991 E.01634
G1 X88.615 Y129.5 E.01635
G1 X88.433 Y129.026 E.01633
G1 X88.203 Y128.574 E.01631
G1 X87.926 Y128.148 E.01634
G1 X87.606 Y127.753 E.01635
G1 X87.247 Y127.394 E.01633
G1 X86.852 Y127.074 E.01635
G1 X86.426 Y126.797 E.01634
G1 X85.974 Y126.567 E.01631
G1 X85.5 Y126.385 E.01633
G1 X85.009 Y126.253 E.01635
G1 X84.507 Y126.174 E.01634
G1 X84 Y126.147 E.01633
G1 X83.493 Y126.174 E.01633
G1 X82.991 Y126.253 E.01634
G1 X82.5 Y126.385 E.01635
G1 X82.026 Y126.567 E.01633
G1 X81.574 Y126.797 E.01631
G1 X81.148 Y127.074 E.01634
G1 X80.852 Y127.313 E.01223
G1 X80.852 Y113.602 E.4409
G1 X86.852 Y113.602 E.19294
G1 X86.852 Y106.398 E.23165
G1 X80.852 Y106.398 E.19294
G1 X80.852 Y92.687 E.4409
G1 X81.148 Y92.926 E.01223
G1 X81.574 Y93.203 E.01634
G1 X82.026 Y93.433 E.01631
G1 X82.5 Y93.615 E.01633
G1 X82.991 Y93.747 E.01635
G1 X83.493 Y93.826 E.01634
G1 X84 Y93.853 E.01633
G1 X84.507 Y93.826 E.01633
G1 X85.009 Y93.747 E.01634
G1 X85.5 Y93.615 E.01635
G1 X85.974 Y93.433 E.01633
G1 X86.426 Y93.203 E.01631
G1 X86.852 Y92.926 E.01634
G1 X87.247 Y92.606 E.01635
G1 X87.606 Y92.247 E.01633
G1 X87.926 Y91.852 E.01635
G1 X88.203 Y91.426 E.01634
G1 X88.433 Y90.974 E.01631
G1 X88.615 Y90.5 E.01633
G1 X88.747 Y90.009 E.01635
G1 X88.826 Y89.507 E.01634
G1 X88.853 Y89 E.01633
G1 X88.826 Y88.493 E.01633
G1 X88.747 Y87.991 E.01634
G1 X88.615 Y87.5 E.01635
G1 X88.433 Y87.026 E.01633
G1 X88.203 Y86.574 E.01631
G1 X87.926 Y86.148 E.01634
G1 X87.606 Y85.753 E.01635
G1 X87.247 Y85.394 E.01633
G1 X86.852 Y85.074 E.01635
G1 X86.426 Y84.797 E.01634
G1 X85.974 Y84.567 E.01631
G1 X85.5 Y84.385 E.01633
G1 X85.009 Y84.253 E.01635
G1 X84.507 Y84.174 E.01634
G1 X84 Y84.147 E.01633
G1 X83.493 Y84.174 E.01633
G1 X82.991 Y84.253 E.01634
G1 X82.5 Y84.385 E.01635
G1 X82.026 Y84.567 E.01633
G1 X81.574 Y84.797 E.01631
G1 X81.148 Y85.074 E.01634
G1 X80.852 Y85.313 E.01223
G1 X80.852 Y81.266 E.13014
G1 X80.872 Y81.127 E.00452
G1 X80.955 Y80.984 E.00532
G1 X81.089 Y80.887 E.00532
G1 X81.266 Y80.852 E.0058
G1 X138.734 Y80.852 E1.84796
G1 X138.911 Y80.887 E.0058
G1 X139.045 Y80.984 E.00532
G1 X139.128 Y81.127 E.00532
G1 X139.148 Y81.266 E.00452
G1 X139.148 Y85.313 E.13014
G1 X138.852 Y85.074 E.01223
G1 X138.426 Y84.797 E.01634
G1 X137.974 Y84.567 E.01631
G1 X137.5 Y84.385 E.01633
G1 X137.009 Y84.253 E.01635
G1 X136.507 Y84.174 E.01634
G1 X136 Y84.147 E.01633
G1 X135.493 Y84.174 E.01633
G1 X134.991 Y84.253 E.01634
G1 X134.5 Y84.385 E.01635
G1 X134.026 Y84.567 E.01633
G1 X133.574 Y84.797 E.01631
G1 X133.148 Y85.074 E.01634
G1 X132.753 Y85.394 E.01635
G1 X132.394 Y85.753 E.01633
G1 X132.074 Y86.148 E.01635
G1 X131.797 Y86.574 E.01634
G1 X131.567 Y87.026 E.01631
G1 X131.385 Y87.5 E.01633
G1 X131.253 Y87.991 E.01635
G1 X131.174 Y88.493 E.01634
G1 X131.147 Y89 E.01633
G1 X131.174 Y89.507 E.01633
G1 X131.253 Y90.009 E.01634
G1 X131.385 Y90.5 E.01635
G1 X131.567 Y90.974 E.01633
G1 X131.797 Y91.426 E.01631
G1 X132.074 Y91.852 E.01634
G1 X132.394 Y92.247 E.01635
G1 X132.753 Y92.606 E.01633
G1 X133.148 Y92.926 E.01635
G1 X133.574 Y93.203 E.01634
G1 X134.026 Y93.433 E.01631
G1 X134.5 Y93.615 E.01633
G1 X134.991 Y93.747 E.01635
G1 X135.493 Y93.826 E.01634
G1 X136 Y93.853 E.01633
G1 X136.507 Y93.826 E.01633
G1 X137.009 Y93.747 E.01634
G1 X137.5 Y93.615 E.01635
G1 X137.974 Y93.433 E.01633
G1 X138.426 Y93.203 E.01631
G1 X138.852 Y92.926 E.01634
G1 X139.148 Y92.687 E.01223
G1 X139.148 Y106.398 E.4409
G1 X133.148 Y106.398 E.19294
G1 X133.148 Y113.602 E.23165
G1 X139.148 Y113.602 E.19294
G1 X139.148 Y127.313 E.4409
G1 X138.852 Y127.074 E.01223
G1 X138.426 Y126.797 E.01634
G1 X137.974 Y126.567 E.01631
G1 X137.5 Y126.385 E.01633
G1 X137.009 Y126.253 E.01635
G1 X136.507 Y126.174 E.01634
G1 X136 Y126.147 E.01633
G1 X135.493 Y126.174 E.01633
G1 X134.991 Y126.253 E.01634
G1 X134.5 Y126.385 E.01635
G1 X134.026 Y126.567 E.01633
G1 X133.574 Y126.797 E.01631
G1 X133.148 Y127.074 E.01634
G1 X132.753 Y127.394 E.01635
G1 X132.394 Y127.753 E.01633
G1 X132.074 Y128.148 E.01635
G1 X131.797 Y128.574 E.01634
G1 X131.567 Y129.026 E.01631
G1 X131.385 Y129.5 E.01633
G1 X131.253 Y129.991 E.01635
G1 X131.174 Y130.493 E.01634
G1 X131.147 Y131 E.01633
G1 X131.174 Y131.507 E.01633
G1 X131.253 Y132.009 E.01634
G1 X131.385 Y132.5 E.01635
G1 X131.567 Y132.974 E.01633
G1 X131.797 Y133.426 E.01631
G1 X132.074 Y133.852 E.01634
G1 X132.394 Y134.247 E.01635
G1 X132.753 Y134.606 E.01633
G1 X133.148 Y134.926 E.01635
G1 X133.574 Y135.203 E.01634
G1 X134.026 Y135.433 E.01631
G1 X134.5 Y135.615 E.01633
G1 X134.991 Y135.747 E.01635
G1 X135.493 Y135.826 E.01634
G1 X136 Y135.853 E.01633
G1 X136.507 Y135.826 E.01633
G1 X137.009 Y135.747 E.01634
G1 X137.5 Y135.615 E.01635
G1 X137.974 Y135.433 E.01633
G1 X138.426 Y135.203 E.01631
G1 X138.852 Y134.926 E.01634
G1 X139.148 Y134.687 E.01223
G1 X139.148 Y138.734 E.13014
G1 X139.128 Y138.873 E.00452
G1 X139.045 Y139.016 E.00532
G1 X138.911 Y139.113 E.00532
G1 X138.734 Y139.148 E.0058
G1 X113.662 Y139.148 E.80622
G1 X114.009 Y138.741 F18000
G1 F6000
G1 X114.009 Y132.741 E.19294
G1 X110.4 Y132.741 E.11605
M106 S127
G1 F3000
G1 X109.5 Y132.741 E.02894
G1 F1140
G1 X109.3 Y132.741 E.00643
M204 P500
;TYPE:Overhang wall
;WIDTH:0.364292
G1 F1500
G1 X105.991 Y132.741 E.08401
G1 X105.991 Y133.8 E.02689
M204 P1500
;TYPE:Inner wall
;WIDTH:0.45
G1 F1140
G1 X105.991 Y134 E.00643
M106 S102
G1 F3000
G1 X105.991 Y134.9 E.02894
G1 F6000
G1 X105.991 Y138.741 E.12351
G1 X81.259 Y138.741 E.79529
G1 X81.259 Y135.499 E.10425
G1 X81.86 Y135.806 E.0217
G1 X82.374 Y136.003 E.0177
G1 X82.906 Y136.146 E.01771
G1 X83.45 Y136.232 E.01771
G1 X84 Y136.261 E.01771
G1 X84.55 Y136.232 E.01771
G1 X85.094 Y136.146 E.01771
G1 X85.626 Y136.003 E.01771
G1 X86.14 Y135.806 E.0177
G1 X86.63 Y135.556 E.01769
G1 X87.092 Y135.256 E.01771
G1 X87.52 Y134.909 E.01772
G1 X87.909 Y134.52 E.01769
G1 X88.256 Y134.092 E.01772
G1 X88.556 Y133.63 E.01771
G1 X88.806 Y133.14 E.01769
G1 X89.003 Y132.626 E.0177
G1 X89.146 Y132.094 E.01771
G1 X89.232 Y131.55 E.01771
G1 X89.261 Y131 E.01771
G1 X89.232 Y130.45 E.01771
G1 X89.146 Y129.906 E.01771
G1 X89.003 Y129.374 E.01771
G1 X88.806 Y128.86 E.0177
G1 X88.556 Y128.37 E.01769
G1 X88.256 Y127.908 E.01771
G1 X87.909 Y127.48 E.01772
G1 X87.52 Y127.091 E.01769
G1 X87.092 Y126.744 E.01772
G1 X86.63 Y126.444 E.01771
G1 X86.14 Y126.194 E.01769
G1 X85.626 Y125.997 E.0177
G1 X85.094 Y125.854 E.01771
G1 X84.55 Y125.768 E.01771
G1 X84 Y125.739 E.01771
G1 X83.45 Y125.768 E.01771
G1 X82.906 Y125.854 E.01771
G1 X82.374 Y125.997 E.01771
G1 X81.86 Y126.194 E.0177
G1 X81.259 Y126.501 E.0217
G1 X81.259 Y114.009 E.4017
G1 X87.259 Y114.009 E.19294
G1 X87.259 Y105.991 E.25783
G1 X81.259 Y105.991 E.19294
G1 X81.259 Y93.499 E.4017
G1 X81.86 Y93.806 E.0217
G1 X82.374 Y94.003 E.0177
G1 X82.906 Y94.146 E.01771
G1 X83.45 Y94.232 E.01771
G1 X84 Y94.261 E.01771
G1 X84.55 Y94.232 E.01771
G1 X85.094 Y94.146 E.01771
G1 X85.626 Y94.003 E.01771
G1 X86.14 Y93.806 E.0177
G1 X86.63 Y93.556 E.01769
G1 X87.092 Y93.256 E.01771
G1 X87.52 Y92.909 E.01772
G1 X87.909 Y92.52 E.01769
G1 X88.256 Y92.092 E.01772
G1 X88.556 Y91.63 E.01771
G1 X88.806 Y91.14 E.01769
G1 X89.003 Y90.626 E.0177
G1 X89.146 Y90.094 E.01771
G1 X89.232 Y89.55 E.01771
G1 X89.261 Y89 E.01771
G1 X89.232 Y88.45 E.01771
G1 X89.146 Y87.906 E.01771
G1 X89.003 Y87.374 E.01771
G1 X88.806 Y86.86 E.0177
G1 X88.556 Y86.37 E.01769
G1 X88.256 Y85.908 E.01771
G1 X87.909 Y85.48 E.01772
G1 X87.52 Y85.091 E.01769
G1 X87.092 Y84.744 E.01772
G1 X86.63 Y84.444 E.01771
G1 X86.14 Y84.194 E.01769
G1 X85.626 Y83.997 E.0177
G1 X85.094 Y83.854 E.01771
G1 X84.55 Y83.768 E.01771
G1 X84 Y83.739 E.01771
G1 X83.45 Y83.768 E.01771
G1 X82.906 Y83.854 E.01771
G1 X82.374 Y83.997 E.01771
G1 X81.86 Y84.194 E.0177
G1 X81.259 Y84.501 E.0217
G1 X81.259 Y81.259 E.10425
G1 X138.741 Y81.259 E1.84841
G1 X138.741 Y84.501 E.10425
G1 X138.14 Y84.194 E.0217
G1 X137.626 Y83.997 E.0177
G1 X137.094 Y83.854 E.01771
G1 X136.55 Y83.768 E.01771
G1 X136 Y83.739 E.01771
G1 X135.45 Y83.768 E.01771
G1 X134.906 Y83.854 E.01771
G1 X134.374 Y83.997 E.01771
G1 X133.86 Y84.194 E.0177
G1 X133.37 Y84.444 E.01769
G1 X132.908 Y84.744 E.01771
G1 X132.48 Y85.091 E.01772
G1 X132.091 Y85.48 E.01769
G1 X131.744 Y85.908 E.01772
G1 X131.444 Y86.37 E.01771
G1 X131.296 Y86.66 E.01047
G1 X131.109 Y86.615 E.00618
G1 X131.109 Y85.891 E.02328
G1 X111.891 Y85.891 E.61798
G1 X111.891 Y96.109 E.32857
G1 X131.109 Y96.109 E.61798
G1 X131.109 Y91.385 E.15191
G1 X131.296 Y91.34 E.00618
G1 X131.444 Y91.63 E.01047
G1 X131.744 Y92.092 E.01771
G1 X132.091 Y92.52 E.01772
G1 X132.48 Y92.909 E.01769
G1 X132.908 Y93.256 E.01772
G1 X133.37 Y93.556 E.01771
G1 X133.86 Y93.806 E.01769
G1 X134.374 Y94.003 E.0177
G1 X134.906 Y94.146 E.01771
G1 X135.45 Y94.232 E.01771
G1 X136 Y94.261 E.01771
G1 X136.55 Y94.232 E.01771
G1 X137.094 Y94.146 E.01771
G1 X137.626 Y94.003 E.01771
G1 X138.14 Y93.806 E.0177
G1 X138.741 Y93.499 E.0217
G1 X138.741 Y105.991 E.4017
G1 X132.741 Y105.991 E.19294
G1 X132.741 Y114.009 E.25783
G1 X138.741 Y114.009 E.19294
G1 X138.741 Y126.501 E.4017
G1 X138.14 Y126.194 E.0217
G1 X137.626 Y125.997 E.0177
G1 X137.094 Y125.854 E.01771
G1 X136.55 Y125.768 E.01771
G1 X136 Y125.739 E.01771
G1 X135.45 Y125.768 E.01771
G1 X134.906 Y125.854 E.01771
G1 X134.374 Y125.997 E.01771
G1 X133.86 Y126.194 E.0177
G1 X133.37 Y126.444 E.01769
G1 X132.908 Y126.744 E.01771
G1 X132.48 Y127.091 E.01772
G1 X132.091 Y127.48 E.01769
G1 X131.744 Y127.908 E.01772
G1 X131.444 Y128.37 E.01771
G1 X131.194 Y128.86 E.01769
G1 X130.997 Y129.374 E.0177
G1 X130.854 Y129.906 E.01771
G1 X130.768 Y130.45 E.01771
G1 X130.739 Y131 E.01771
G1 X130.768 Y131.55 E.01771
G1 X130.854 Y132.094 E.01771
G1 X130.997 Y132.626 E.01771
G1 X131.194 Y133.14 E.0177
G1 X131.444 Y133.63 E.01769
G1 X131.744 Y134.092 E.01771
G1 X132.091 Y134.52 E.01772
G1 X132.48 Y134.909 E.01769
G1 X132.908 Y135.256 E.01772
G1 X133.37 Y135.556 E.01771
G1 X133.86 Y135.806 E.01769
G1 X134.374 Y136.003 E.0177
G1 X134.906 Y136.146 E.01771
G1 X135.45 Y136.232 E.01771
G1 X136 Y136.261 E.01771
G1 X136.55 Y136.232 E.01771
G1 X137.094 Y136.146 E.01771
G1 X137.626 Y136.003 E.01771
G1 X138.14 Y135.806 E.0177
G1 X138.741 Y135.499 E.0217
G1 X138.741 Y138.741 E.10425
G1 X114.069 Y138.741 E.79336
G1 E-1.75
;WIPE_START
G1 X114.059 Y137.741 E-.75
;WIPE_END
G1 X113.611 Y137.741 Z1.44 F18000
G1 X113.611 Y133.139
G1 X113.226 Y133.139
G1 X110.021 Y115.711
G1 X110 Y115.31
G1 Z1.24
G1 E2.5 F6000
M204 P1000
;TYPE:Outer wall
;WIDTH:0.42
G1 F3600
G2 X113.946 Y106.447 I.008 J-5.307 E.36461
G2 X109.686 Y104.706 I-3.952 J3.59 E.14173
G2 X109.94 Y115.309 I.322 J5.297 E.48498
G1 X109.919 Y115.707 F18000
G1 X109.981 Y115.711
G1 X109.981 Y115.702
M204 P1500
;TYPE:Inner wall
;WIDTH:0.45
G1 F6000
G1 X110 Y115.702 E.00061
G2 X114.939 Y107.148 I.007 J-5.699 E.38423
G2 X109.665 Y104.314 I-4.945 J2.878 E.2026
G2 X109.404 Y115.67 I.341 J5.689 E.54534
G1 X109.921 Y115.699 E.01665
G1 X109.961 Y116.109 F18000
G1 F6000
G1 X110 Y116.11 E.00125
G2 X115.582 Y107.515 I.006 J-6.106 E.39108
G2 X109.644 Y103.908 I-5.57 J2.479 E.23771
G2 X109.361 Y116.076 I.362 J6.096 E.58445
G1 X109.901 Y116.105 E.01739
G1 E-1.75
;WIPE_START
G1 X110 Y116.11 E-.07409
G1 X110.639 Y116.077 E-.47968
G1 X110.897 Y116.036 E-.19623
;WIPE_END
G1 X110.835 Y115.643 Z1.44 F18000
G1 X111.188 Y115.587
G1 X111.765 Y115.432
G1 X112.323 Y115.218
G1 X112.856 Y114.946
G1 X113.357 Y114.621
G1 X113.822 Y114.245
G1 X114.245 Y113.822
G1 X114.621 Y113.357
G1 X114.946 Y112.856
G1 X115.218 Y112.323
G1 X115.432 Y111.765
G1 X115.587 Y111.188
G1 X115.617 Y110.997
G1 X130.31 Y95.711
G1 X130.31 Y95.31
G1 Z1.24
G1 E2.5 F6000
M204 P1000
;TYPE:Outer wall
;WIDTH:0.42
G1 F3600
G1 X130.31 Y86.69 E.25676
G1 X112.69 Y86.69 E.52484
G1 X112.69 Y95.31 E.25676
G1 X130.25 Y95.31 E.52305
G1 X130.25 Y95.711 F18000
G1 X130.702 Y95.711
G1 X130.702 Y95.702
M204 P1500
;TYPE:Inner wall
;WIDTH:0.45
G1 F6000
G1 X130.702 Y86.298 E.3024
G1 X112.298 Y86.298 E.59181
G1 X112.298 Y95.702 E.3024
G1 X130.642 Y95.702 E.58988
G1 X131.155 Y91.165 F18000
M204 P2000
;TYPE:Gap infill
;WIDTH:0.443408
G1 F6000
G1 X131.121 Y90.982 E.00589
;WIDTH:0.401179
G1 X131.087 Y90.799 E.00527
;WIDTH:0.357141
G1 X131.051 Y90.6 E.00501
;WIDTH:0.309764
G1 X131.027 Y90.424 E.00375
;WIDTH:0.263327
G1 X131.004 Y90.247 E.0031
;WIDTH:0.21587
G1 X130.98 Y90.063 E.00254
;WIDTH:0.171194
G1 X130.959 Y89.798 E.00269
;WIDTH:0.129266
G1 X130.938 Y89.53 E.00183
;WIDTH:0.108344
G1 X130.93 Y89.218 E.00161
G1 X130.93 Y88.782 F18000
;WIDTH:0.108344
G1 F6000
G1 X130.938 Y88.47 E.00161
;WIDTH:0.129265
G1 X130.959 Y88.202 E.00183
;WIDTH:0.171193
G1 X130.98 Y87.937 E.00269
;WIDTH:0.215871
G1 X131.004 Y87.753 E.00254
;WIDTH:0.263327
G1 X131.027 Y87.576 E.0031
;WIDTH:0.309763
G1 X131.051 Y87.4 E.00375
;WIDTH:0.35714
G1 X131.087 Y87.202 E.00501
;WIDTH:0.401178
G1 X131.121 Y87.018 E.00527
;WIDTH:0.443406
G1 X131.155 Y86.835 E.00589
G1 X131.313 Y85.861 F18000
;WIDTH:0.166685
G1 F6000
G1 X131.653 Y85.687 E.00373
G1 X132.125 Y86.07 F18000
G1 X132.067 Y86.142
G1 X131.79 Y86.569
G1 X131.559 Y87.023
G1 X131.376 Y87.498
G1 X131.245 Y87.989
G1 X131.165 Y88.492
G1 X131.138 Y89
G1 X131.138 Y131
G1 X131.165 Y131.508
G1 X131.245 Y132.011
G1 X131.376 Y132.502
G1 X131.559 Y132.977
G1 X131.79 Y133.431
G1 X132.067 Y133.858
G1 X132.387 Y134.253
G1 X132.747 Y134.613
G1 X133.142 Y134.933
G1 X133.569 Y135.21
G1 X134.023 Y135.441
G1 X134.498 Y135.624
G1 X134.989 Y135.755
G1 X135.492 Y135.835
G1 X136 Y135.862
G1 X136.508 Y135.835
G1 X139.139 Y135.635
G1 X139.139 Y137.607
G1 X138.575 Y137.607
M204 P500
;TYPE:Internal Bridge
;WIDTH:0.379473
;HEIGHT:0.379473
G1 F2250
M106 S127
G1 X137.8 Y138.381 E.04894
G1 X137.193 Y138.381 E.02713
G1 X138.381 Y137.193 E.0751
G1 X138.381 Y136.585 E.02713
G1 X136.585 Y138.381 E.11347
G1 X135.978 Y138.381 E.02713
G1 X138.186 Y136.173 E.13952
G3 X137.286 Y136.466 I-1.846 J-4.136 E.0424
G1 X135.37 Y138.381 E.12098
G1 X134.763 Y138.381 E.02713
G1 X136.553 Y136.591 E.11307
G1 X135.921 Y136.616 E.02826
G1 X134.156 Y138.381 E.1115
G1 X133.548 Y138.381 E.02713
G1 X135.35 Y136.58 E.11381
G1 X134.826 Y136.496 E.02369
G1 X132.941 Y138.381 E.11909
G1 X132.334 Y138.381 E.02713
G1 X134.347 Y136.368 E.1272
G3 X133.901 Y136.206 I.545 J-2.201 E.02122
G1 X131.726 Y138.381 E.13739
G1 X131.119 Y138.381 E.02713
G1 X133.483 Y136.017 E.14936
G3 X133.09 Y135.803 I.823 J-1.978 E.02004
G1 X130.512 Y138.381 E.16289
G1 X129.904 Y138.381 E.02713
G1 X132.722 Y135.564 E.178
G3 X132.384 Y135.294 I1.114 J-1.743 E.01934
G1 X129.297 Y138.381 E.19502
G1 X128.689 Y138.381 E.02713
G1 X132.067 Y135.004 E.21334
G3 X131.769 Y134.694 I1.325 J-1.568 E.01922
G1 X128.082 Y138.381 E.23292
G1 X127.475 Y138.381 E.02713
G1 X131.497 Y134.359 E.25413
G3 X131.253 Y133.996 I1.606 J-1.345 E.01958
G1 X126.867 Y138.381 E.27705
G1 X126.26 Y138.381 E.02713
G1 X131.031 Y133.611 E.30138
G3 X130.833 Y133.201 I1.847 J-1.146 E.02035
G1 X125.653 Y138.381 E.32724
G1 X125.045 Y138.381 E.02713
G1 X130.664 Y132.762 E.35497
G3 X130.534 Y132.286 I2.201 J-.86 E.02212
G1 X124.438 Y138.381 E.38509
G1 X123.831 Y138.381 E.02713
G1 X130.44 Y131.772 E.41751
G3 X130.391 Y131.214 I2.633 J-.512 E.02509
G1 X123.223 Y138.381 E.45279
G1 X122.616 Y138.381 E.02713
G1 X130.401 Y130.597 E.49179
G3 X130.492 Y129.898 I3.37 J.084 E.03152
G1 X122.008 Y138.381 E.53591
G1 X121.401 Y138.381 E.02713
G1 X131.097 Y128.686 E.61249
G1 X131.6 Y128.942 F18000
G1 X131.79 Y128.569
G1 X132.067 Y128.142
G1 X132.387 Y127.747
G1 X132.747 Y127.387
G1 X133.142 Y127.067
G1 X133.569 Y126.79
G1 X134.023 Y126.559
G1 X134.498 Y126.376
G1 X134.989 Y126.245
G1 X135.492 Y126.165
G1 X136 Y126.138
G1 X136.508 Y126.165
G1 X137.011 Y126.245
G1 X137.502 Y126.376
G1 X137.849 Y126.51
G1 X138.052 Y125.982
G1 F2250
G1 X138.381 Y125.653 E.02083
G1 X138.381 Y125.045 E.02713
G1 X137.762 Y125.664 E.03911
G2 X137.286 Y125.534 I-.86 J2.202 E.02212
G1 X138.381 Y124.438 E.06922
G1 X138.381 Y123.831 E.02713
G1 X136.772 Y125.44 E.10165
G2 X136.214 Y125.391 I-.512 J2.633 E.02509
G1 X138.381 Y123.223 E.13693
G1 X138.381 Y122.616 E.02713
G1 X135.597 Y125.401 E.17593
G2 X134.898 Y125.492 I.084 J3.369 E.03152
G1 X138.381 Y122.008 E.22005
G1 X138.381 Y121.401 E.02713
G1 X133.686 Y126.097 E.29663
G1 X138.575 Y120.6 F18000
G1 F2250
G1 X120.794 Y138.381 E1.12326
G1 X120.186 Y138.381 E.02713
G1 X138.381 Y120.186 E1.14942
G1 X138.381 Y119.579 E.02713
G1 X119.579 Y138.381 E1.18779
G1 X118.972 Y138.381 E.02713
G1 X138.381 Y118.972 E1.22616
G1 X138.381 Y118.364 E.02713
G1 X118.364 Y138.381 E1.26453
G1 X117.757 Y138.381 E.02713
G1 X138.381 Y117.757 E1.30289
G1 X138.381 Y117.149 E.02713
G1 X117.149 Y138.381 E1.34126
G1 X116.542 Y138.381 E.02713
G1 X138.381 Y116.542 E1.37963
G1 X138.381 Y115.935 E.02713
G1 X115.935 Y138.381 E1.418
G1 X115.327 Y138.381 E.02713
G1 X138.381 Y115.327 E1.45637
G1 X138.381 Y114.72 E.02713
G1 X114.72 Y138.381 E1.49474
G1 X114.369 Y138.381 E.0157
G1 X114.369 Y138.125 E.01143
G1 X138.125 Y114.369 E1.50077
G1 X137.518 Y114.369 E.02713
G1 X114.369 Y137.518 E1.4624
G1 X114.369 Y136.911 E.02713
G1 X136.911 Y114.369 E1.42403
G1 X136.303 Y114.369 E.02713
G1 X114.369 Y136.303 E1.38566
G1 X114.369 Y135.696 E.02713
G1 X135.696 Y114.369 E1.34729
G1 X135.089 Y114.369 E.02713
G1 X114.369 Y135.089 E1.30892
G1 X114.369 Y134.481 E.02713
G1 X134.481 Y114.369 E1.27055
G1 X133.874 Y114.369 E.02713
G1 X114.369 Y133.874 E1.23219
G1 X114.369 Y133.266 E.02713
G1 X133.266 Y114.369 E1.19382
G1 X132.659 Y114.369 E.02713
G1 X114.369 Y132.659 E1.15545
G1 X114.369 Y132.381 E.01241
G1 X114.039 Y132.381 E.01472
G1 X132.381 Y114.039 E1.15873
G1 X132.381 Y113.432 E.02713
G1 X113.432 Y132.381 E1.1971
G1 X112.824 Y132.381 E.02713
G1 X132.381 Y112.824 E1.23546
G1 X132.381 Y112.217 E.02713
G1 X112.217 Y132.381 E1.27383
G1 X111.696 Y132.381 E.02325
G1 X111.696 Y132.295 E.00388
G1 X132.381 Y111.61 E1.30671
G1 X132.381 Y111.002 E.02713
G1 X111.696 Y131.687 E1.30671
G1 X111.696 Y131.08 E.02713
G1 X132.381 Y110.395 E1.30671
G1 X132.381 Y109.787 E.02713
G1 X111.696 Y130.472 E1.30671
G1 X111.696 Y129.865 E.02713
G1 X132.381 Y109.18 E1.30671
G1 X132.381 Y108.573 E.02713
G1 X111.696 Y129.258 E1.30671
G1 X111.696 Y128.65 E.02713
G1 X132.381 Y107.965 E1.30671
G1 X132.381 Y107.358 E.02713
G1 X111.696 Y128.043 E1.30671
G1 X111.696 Y127.436 E.02713
G1 X132.575 Y106.557 E1.31892
G1 X138.166 Y105.825 F18000
G1 F2250
G1 X138.381 Y105.61 E.01359
G1 X138.381 Y105.002 E.02713
G1 X137.752 Y105.631 E.03975
G1 X137.145 Y105.631 E.02713
G1 X138.381 Y104.395 E.07812
G1 X138.381 Y103.787 E.02713
G1 X136.537 Y105.631 E.11649
G1 X135.93 Y105.631 E.02713
G1 X138.381 Y103.18 E.15485
G1 X138.381 Y102.573 E.02713
G1 X135.323 Y105.631 E.19322
G1 X134.715 Y105.631 E.02713
G1 X138.381 Y101.965 E.23159
G1 X138.381 Y101.358 E.02713
G1 X134.108 Y105.631 E.26996
G1 X133.501 Y105.631 E.02713
G1 X138.381 Y100.751 E.30833
G1 X138.381 Y100.143 E.02713
G1 X132.893 Y105.631 E.3467
G1 X132.381 Y105.631 E.02286
G1 X132.381 Y106.143 E.02286
G1 X111.696 Y126.828 E1.30671
G1 X111.696 Y126.221 E.02713
G1 X138.381 Y99.536 E1.68575
G1 X138.381 Y98.929 E.02713
G1 X111.658 Y125.652 E1.68816
G1 X111.594 Y125.394 E.01184
G1 X111.514 Y125.189 E.00987
G1 X138.381 Y98.321 E1.69727
G1 X138.381 Y97.714 E.02713
G1 X111.313 Y124.782 E1.70994
G1 X111.182 Y124.594 E.01023
G1 X111.047 Y124.441 E.00913
G1 X138.381 Y97.106 E1.72677
G1 X138.381 Y96.499 E.02713
G1 X110.704 Y124.177 E1.74846
G1 X110.492 Y124.062 E.01076
G2 X110.294 Y123.979 I-1.778 J3.981 E.00958
G1 X138.381 Y95.892 E1.77433
G1 X138.381 Y95.284 E.02713
G1 X109.828 Y123.838 E1.80378
G1 X109.548 Y123.804 E.01261
G2 X109.255 Y123.804 I-.159 J5.96 E.01308
G1 X138.381 Y94.677 E1.83999
G1 X138.381 Y94.086 E.0264
G1 X108.647 Y123.804 E1.87784
G1 X108.04 Y123.804 E.02713
G1 X137.411 Y94.433 E1.85542
G3 X136.658 Y94.579 I-1.071 J-3.514 E.03433
G1 X107.433 Y123.804 E1.84621
G1 X106.825 Y123.804 E.02713
G1 X136.009 Y94.62 E1.84359
G1 X135.431 Y94.591 E.02585
G1 X106.218 Y123.804 E1.84544
G1 X105.61 Y123.804 E.02713
G1 X134.905 Y94.509 E1.85058
G3 X134.419 Y94.387 I.338 J-2.372 E.0224
G1 X115.637 Y113.169 E1.18651
G1 X115.604 Y113.235 E.0033
G3 X113.169 Y115.637 I-5.578 J-3.219 E.15462
G1 X105.003 Y123.804 E.51588
G1 X104.396 Y123.804 E.02713
G1 X112.074 Y116.125 E.48505
G1 X111.247 Y116.345 E.03821
G1 X103.788 Y123.804 E.47119
G1 X103.181 Y123.804 E.02713
G1 X110.542 Y116.442 E.46504
G1 X109.911 Y116.466 E.02821
G1 X102.574 Y123.804 E.46353
G1 X101.966 Y123.804 E.02713
G1 X109.334 Y116.436 E.46544
G1 X108.809 Y116.354 E.02375
G1 X101.359 Y123.804 E.47063
G1 X100.752 Y123.804 E.02713
G1 X108.317 Y116.239 E.4779
G3 X107.851 Y116.097 I.443 J-2.285 E.02177
G1 X100.144 Y123.804 E.48687
G1 X99.537 Y123.804 E.02713
G1 X107.412 Y115.928 E.49751
G3 X107.006 Y115.727 I.755 J-2.032 E.02028
G1 X98.929 Y123.804 E.51023
G1 X98.322 Y123.804 E.02713
G1 X106.618 Y115.508 E.52404
G1 X106.249 Y115.269 E.01961
G1 X97.715 Y123.804 E.53915
G1 X97.107 Y123.804 E.02713
G1 X105.909 Y115.002 E.55602
G3 X105.583 Y114.721 I1.174 J-1.693 E.01927
G1 X96.5 Y123.804 E.57377
G1 X95.893 Y123.804 E.02713
G1 X105.279 Y114.417 E.59295
G3 X104.998 Y114.091 I1.412 J-1.5 E.01927
G1 X95.285 Y123.804 E.61357
G1 X94.678 Y123.804 E.02713
G1 X104.871 Y113.611 E.64389
G1 X105.344 Y113.303 F18000
G1 X105.379 Y113.357
G1 X105.755 Y113.822
G1 X106.178 Y114.245
G1 X106.643 Y114.621
G1 X107.144 Y114.946
G1 X107.677 Y115.218
G1 X108.235 Y115.432
G1 X108.812 Y115.587
G1 X109.403 Y115.68
G1 X110 Y115.712
G1 X110.597 Y115.68
G1 X111.188 Y115.587
G1 X111.765 Y115.432
G1 X112.323 Y115.218
G1 X112.856 Y114.946
G1 X113.357 Y114.621
G1 X113.822 Y114.245
G1 X114.245 Y113.822
G1 X114.621 Y113.357
G1 X114.946 Y112.856
G1 X115.218 Y112.323
G1 X115.262 Y112.208
G1 X115.789 Y112.41
G1 F2250
G1 X133.967 Y94.232 E1.14835
G3 X133.544 Y94.048 I.662 J-2.105 E.02066
G1 X116.345 Y111.247 E1.08651
G1 X116.442 Y110.542 E.03178
G1 X130.516 Y96.469 E.88907
G1 X129.909 Y96.469 E.02713
G1 X116.466 Y109.911 E.8492
G1 X116.436 Y109.334 E.02582
G1 X129.301 Y96.469 E.81274
G1 X128.694 Y96.469 E.02713
G1 X116.354 Y108.809 E.77956
G2 X116.239 Y108.317 I-2.4 J.301 E.02263
G1 X128.087 Y96.469 E.74846
G1 X127.479 Y96.469 E.02713
G1 X116.097 Y107.851 E.71906
G1 X115.928 Y107.412 E.021
G1 X126.872 Y96.469 E.69133
G1 X126.264 Y96.469 E.02713
G1 X115.727 Y107.006 E.66568
G2 X115.508 Y106.618 I-1.958 J.846 E.01996
G1 X125.657 Y96.469 E.64113
G1 X125.05 Y96.469 E.02713
G1 X115.269 Y106.249 E.61787
G2 X115.002 Y105.909 I-1.752 J1.101 E.01936
G1 X124.442 Y96.469 E.59637
G1 X123.835 Y96.469 E.02713
G1 X114.721 Y105.583 E.57575
G1 X114.417 Y105.279 E.01918
G1 X123.228 Y96.469 E.55657
G1 X122.62 Y96.469 E.02713
G1 X114.091 Y104.998 E.53882
G2 X113.751 Y104.731 I-1.441 J1.485 E.01936
G1 X122.013 Y96.469 E.52195
G1 X121.406 Y96.469 E.02713
G1 X113.382 Y104.492 E.50684
G2 X112.994 Y104.273 I-1.234 J1.74 E.01996
G1 X120.798 Y96.469 E.49303
G1 X120.191 Y96.469 E.02713
G1 X112.588 Y104.072 E.48031
G1 X112.149 Y103.903 E.021
G1 X119.583 Y96.469 E.46967
G1 X118.976 Y96.469 E.02713
G1 X111.683 Y103.761 E.4607
G2 X111.191 Y103.646 I-.793 J2.285 E.02263
G1 X118.369 Y96.469 E.45343
G1 X117.761 Y96.469 E.02713
G1 X110.666 Y103.564 E.44825
G1 X110.089 Y103.534 E.02582
G1 X117.154 Y96.469 E.44633
G1 X116.547 Y96.469 E.02713
G1 X109.457 Y103.558 E.44784
G1 X108.753 Y103.655 E.03178
G1 X115.939 Y96.469 E.45399
G1 X115.332 Y96.469 E.02713
G1 X107.59 Y104.211 E.48908
G1 X131.275 Y95.709 F18000
G1 F2250
G1 X133.146 Y93.839 E.11816
G1 X132.778 Y93.6 E.01961
G1 X131.469 Y94.909 E.08269
G1 X131.469 Y94.301 E.02713
G1 X132.435 Y93.335 E.06103
G3 X132.112 Y93.05 I1.194 J-1.675 E.01926
G1 X131.469 Y93.694 E.04067
G1 X131.469 Y93.087 E.02713
G1 X131.81 Y92.745 E.02158
G1 X131.538 Y92.409 E.01929
G1 X131.275 Y92.672 E.01662
G1 X130.711 Y92.672 F18000
G1 X131.165 Y88.492
G1 X131.245 Y87.989
G1 X131.376 Y87.498
G1 X131.559 Y87.023
G1 X131.79 Y86.569
G1 X132.067 Y86.142
G1 X132.387 Y85.747
G1 X132.747 Y85.387
G1 X133.142 Y85.067
G1 X133.569 Y84.79
G1 X134.023 Y84.559
G1 X134.498 Y84.376
G1 X134.989 Y84.245
G1 X135.492 Y84.165
G1 X136 Y84.138
G1 X136.508 Y84.165
G1 X137.011 Y84.245
G1 X137.502 Y84.376
G1 X137.916 Y84.535
G1 X138.118 Y84.008
G1 F2250
G1 X138.381 Y83.744 E.01665
G1 X138.381 Y83.137 E.02713
G1 X137.829 Y83.69 E.03492
G2 X137.358 Y83.553 I-.885 J2.17 E.02193
G1 X138.381 Y82.53 E.06465
G1 X138.381 Y81.922 E.02713
G1 X136.851 Y83.452 E.09665
G2 X136.301 Y83.395 I-.546 J2.591 E.02477
G1 X138.078 Y81.619 E.11224
G1 X137.47 Y81.619 E.02713
G1 X135.693 Y83.396 E.11225
G2 X135.007 Y83.475 I.033 J3.305 E.03092
G1 X136.863 Y81.619 E.11724
G1 X136.256 Y81.619 E.02713
G1 X134.192 Y83.682 E.13033
G2 X133.032 Y84.235 I1.984 J5.656 E.05756
G1 X135.648 Y81.619 E.1653
G1 X135.041 Y81.619 E.02713
G1 X131.278 Y85.381 E.23768
G1 X130.984 Y85.531 E.01479
G1 X130.521 Y85.531 E.02068
G1 X134.433 Y81.619 E.24718
G1 X133.826 Y81.619 E.02713
G1 X129.913 Y85.531 E.24718
G1 X129.306 Y85.531 E.02713
G1 X133.219 Y81.619 E.24718
G1 X132.611 Y81.619 E.02713
G1 X128.699 Y85.531 E.24718
G1 X128.091 Y85.531 E.02713
G1 X132.004 Y81.619 E.24718
G1 X131.397 Y81.619 E.02713
G1 X127.484 Y85.531 E.24718
G1 X126.876 Y85.531 E.02713
G1 X130.789 Y81.619 E.24718
G1 X130.182 Y81.619 E.02713
G1 X126.269 Y85.531 E.24718
G1 X125.662 Y85.531 E.02713
G1 X129.574 Y81.619 E.24718
G1 X128.967 Y81.619 E.02713
G1 X125.054 Y85.531 E.24718
G1 X124.447 Y85.531 E.02713
G1 X128.36 Y81.619 E.24718
G1 X127.752 Y81.619 E.02713
G1 X123.84 Y85.531 E.24718
G1 X123.232 Y85.531 E.02713
G1 X127.145 Y81.619 E.24718
G1 X126.538 Y81.619 E.02713
G1 X122.625 Y85.531 E.24718
G1 X122.018 Y85.531 E.02713
G1 X125.93 Y81.619 E.24718
G1 X125.323 Y81.619 E.02713
G1 X121.41 Y85.531 E.24718
G1 X120.803 Y85.531 E.02713
G1 X124.716 Y81.619 E.24718
G1 X124.108 Y81.619 E.02713
G1 X120.195 Y85.531 E.24718
G1 X119.588 Y85.531 E.02713
G1 X123.501 Y81.619 E.24718
G1 X122.893 Y81.619 E.02713
G1 X118.981 Y85.531 E.24718
G1 X118.373 Y85.531 E.02713
G1 X122.286 Y81.619 E.24718
G1 X121.679 Y81.619 E.02713
G1 X117.766 Y85.531 E.24718
G1 X117.159 Y85.531 E.02713
G1 X121.071 Y81.619 E.24718
G1 X120.464 Y81.619 E.02713
G1 X116.551 Y85.531 E.24718
G1 X115.944 Y85.531 E.02713
G1 X119.857 Y81.619 E.24718
G1 X119.249 Y81.619 E.02713
G1 X115.337 Y85.531 E.24718
G1 X114.729 Y85.531 E.02713
G1 X118.642 Y81.619 E.24718
G1 X118.035 Y81.619 E.02713
G1 X114.122 Y85.531 E.24718
G1 X113.514 Y85.531 E.02713
G1 X117.427 Y81.619 E.24718
G1 X116.82 Y81.619 E.02713
G1 X112.907 Y85.531 E.24718
G1 X112.3 Y85.531 E.02713
G1 X116.406 Y81.425 E.25939
G1 E-1.75 F6000
;WIPE_START
G1 F2250
G1 X115.699 Y82.132 E-.75
;WIPE_END
G1 X113.279 Y85.083 Z1.44 F18000
G1 X112.289 Y86.289 Z1.44
G1 X111.765 Y104.568
G1 X112.323 Y104.782
G1 X112.856 Y105.054
G1 X113.357 Y105.379
G1 X113.822 Y105.755
G1 X114.245 Y106.178
G1 X114.621 Y106.643
G1 X114.946 Y107.144
G1 X115.218 Y107.677
G1 X115.432 Y108.235
G1 X115.587 Y108.812
G1 X115.68 Y109.403
G1 X115.712 Y110
G1 X115.68 Y110.597
G1 X115.587 Y111.188
G1 X115.432 Y111.765
G1 X115.218 Y112.323
G1 X106.389 Y133.139
G1 X106.389 Y139.139
G1 X105.416 Y139.139
G1 X105.416 Y138.575
G1 Z1.24
G1 E2.5 F6000
G1 F2250
G1 X105.631 Y138.36 E.01359
G1 X105.631 Y137.752 E.02713
G1 X105.002 Y138.381 E.03975
G1 X104.395 Y138.381 E.02713
G1 X105.631 Y137.145 E.07812
G1 X105.631 Y136.537 E.02713
G1 X103.787 Y138.381 E.11649
G1 X103.18 Y138.381 E.02713
G1 X105.365 Y136.196 E.13803
G1 X104.758 Y136.196 E.02713
G1 X102.573 Y138.381 E.13803
G1 X101.965 Y138.381 E.02713
G1 X104.15 Y136.196 E.13803
G1 X103.543 Y136.196 E.02713
G1 X101.358 Y138.381 E.13803
G1 X100.751 Y138.381 E.02713
G1 X102.936 Y136.196 E.13803
G1 X102.328 Y136.196 E.02713
G1 X100.143 Y138.381 E.13803
G1 X99.536 Y138.381 E.02713
G1 X101.721 Y136.196 E.13803
G1 X101.113 Y136.196 E.02713
G1 X98.928 Y138.381 E.13803
G1 X98.321 Y138.381 E.02713
G1 X100.506 Y136.196 E.13803
G1 X99.899 Y136.196 E.02713
G1 X97.714 Y138.381 E.13803
G1 X97.106 Y138.381 E.02713
G1 X99.291 Y136.196 E.13803
G1 X98.684 Y136.196 E.02713
G1 X96.499 Y138.381 E.13803
G1 X95.892 Y138.381 E.02713
G1 X98.077 Y136.196 E.13803
G1 X97.469 Y136.196 E.02713
G1 X95.284 Y138.381 E.13803
G1 X94.677 Y138.381 E.02713
G1 X96.862 Y136.196 E.13803
G1 X96.255 Y136.196 E.02713
G1 X94.07 Y138.381 E.13803
G1 X93.462 Y138.381 E.02713
G1 X95.647 Y136.196 E.13803
G1 X95.04 Y136.196 E.02713
G1 X92.855 Y138.381 E.13803
G1 X92.247 Y138.381 E.02713
G1 X94.434 Y136.195 E.13813
G1 X94.214 Y136.171 E.00989
G1 X93.92 Y136.102 E.0135
G1 X91.64 Y138.381 E.144
G1 X91.033 Y138.381 E.02713
G1 X93.486 Y135.928 E.15498
G1 X93.111 Y135.696 E.01971
G1 X90.425 Y138.381 E.16965
G1 X89.818 Y138.381 E.02713
G1 X92.807 Y135.392 E.18882
G1 X92.574 Y135.018 E.0197
G1 X89.211 Y138.381 E.21247
G1 X88.603 Y138.381 E.02713
G1 X92.4 Y134.585 E.23982
G1 X92.329 Y134.286 E.01372
G1 X92.305 Y134.072 E.00963
G1 X87.996 Y138.381 E.27224
G1 X87.389 Y138.381 E.02713
G1 X92.304 Y133.466 E.3105
G1 X92.304 Y132.859 E.02713
G1 X86.781 Y138.381 E.34887
G1 X86.174 Y138.381 E.02713
G1 X92.304 Y132.252 E.38723
G1 X92.304 Y131.644 E.02713
G1 X85.566 Y138.381 E.4256
G1 X84.959 Y138.381 E.02713
G1 X92.304 Y131.037 E.46397
G1 X92.304 Y130.429 E.02713
G1 X84.352 Y138.381 E.50234
G1 X83.744 Y138.381 E.02713
G1 X85.807 Y136.318 E.13033
G1 X85.737 Y136.345 E.00338
G3 X84.993 Y136.525 I-1.229 J-3.452 E.03425
G1 X83.137 Y138.381 E.11724
G1 X82.53 Y138.381 E.02713
G1 X84.307 Y136.604 E.11225
G3 X83.699 Y136.605 I-.305 J-2.888 E.02719
G1 X81.922 Y138.381 E.11224
G1 X81.619 Y138.381 E.01356
G1 X81.619 Y138.078 E.01357
G1 X83.148 Y136.548 E.09664
G3 X82.642 Y136.447 I.228 J-2.462 E.02311
G1 X81.619 Y137.47 E.06465
G1 X81.619 Y136.863 E.02713
G1 X82.171 Y136.31 E.03492
G1 X81.732 Y136.142 E.021
G1 X81.425 Y136.449 E.0194
G1 X80.861 Y136.449 F18000
G1 X85.011 Y135.755
G1 X85.502 Y135.624
G1 X85.977 Y135.441
G1 X86.431 Y135.21
G1 X86.858 Y134.933
G1 X87.253 Y134.613
G1 X87.613 Y134.253
G1 X87.933 Y133.858
G1 X88.21 Y133.431
G1 X88.441 Y132.977
G1 X88.455 Y132.941
G1 X88.982 Y133.143
G1 F2250
G1 X92.304 Y129.822 E.20981
G1 X92.304 Y129.215 E.02713
G1 X89.525 Y131.993 E.1755
G2 X89.604 Y131.307 I-3.226 J-.719 E.03092
G1 X92.304 Y128.607 E.17051
G1 X92.304 Y128 E.02713
G1 X89.605 Y130.699 E.1705
G2 X89.548 Y130.148 I-2.648 J-.005 E.02477
G1 X92.304 Y127.393 E.17409
G1 X92.304 Y126.785 E.02713
G1 X89.447 Y129.642 E.18047
G2 X89.31 Y129.171 I-2.306 J.415 E.02193
G1 X92.497 Y125.985 E.20131
G1 X88.992 Y128.882 F18000
G1 F2250
G1 X92.375 Y125.499 E.21369
G1 X92.428 Y125.331 E.0079
G3 X93.894 Y123.906 I2.028 J.62 E.09532
G1 X93.999 Y123.875 E.00489
G1 X104.492 Y113.382 E.66282
G3 X104.273 Y112.994 I1.74 J-1.234 E.01996
G1 X88.938 Y128.329 E.96874
G2 X88.711 Y127.949 I-1.922 J.892 E.01982
G1 X104.072 Y112.588 E.97038
G1 X103.903 Y112.149 E.021
G1 X88.461 Y127.591 E.9755
G1 X88.19 Y127.255 E.01929
G1 X103.761 Y111.683 E.98369
G3 X103.646 Y111.191 I2.284 J-.793 E.02263
G1 X87.888 Y126.95 E.99552
G2 X87.565 Y126.665 I-1.516 J1.39 E.01926
G1 X103.564 Y110.666 E1.01069
G1 X103.534 Y110.089 E.02582
G1 X87.222 Y126.4 E1.03044
G1 X86.854 Y126.161 E.01961
G1 X103.558 Y109.457 E1.0552
G1 X103.655 Y108.753 E.03178
G1 X86.456 Y125.952 E1.08652
G2 X86.032 Y125.768 I-1.086 J1.921 E.02066
G1 X104.211 Y107.59 E1.14836
G1 X114.918 Y96.275 F18000
G1 F2250
G1 X106.83 Y104.363 E.5109
G1 X106.765 Y104.396 E.00329
G2 X104.363 Y106.83 I3.219 J5.578 E.1546
G1 X85.58 Y125.613 E1.18652
G2 X85.095 Y125.491 I-.823 J2.25 E.0224
G1 X114.117 Y96.469 E1.83339
G1 X113.51 Y96.469 E.02713
G1 X84.569 Y125.409 E1.82825
G1 X83.991 Y125.38 E.02585
G1 X112.902 Y96.469 E1.82639
G1 X112.295 Y96.469 E.02713
G1 X83.342 Y125.421 E1.82901
G2 X82.589 Y125.567 I.318 J3.66 E.03433
G1 X111.688 Y96.469 E1.83822
G1 X111.531 Y96.469 E.00698
G1 X111.531 Y96.018 E.02015
G1 X81.619 Y125.914 E1.88913
G1 X81.619 Y125.323 E.0264
G1 X111.531 Y95.41 E1.88965
G1 X111.531 Y94.803 E.02713
G1 X81.619 Y124.716 E1.88965
G1 X81.619 Y124.108 E.02713
G1 X111.531 Y94.195 E1.88965
G1 X111.531 Y93.588 E.02713
G1 X81.619 Y123.501 E1.88965
G1 X81.619 Y122.893 E.02713
G1 X111.531 Y92.981 E1.88965
G1 X111.531 Y92.373 E.02713
G1 X81.619 Y122.286 E1.88965
G1 X81.619 Y121.679 E.02713
G1 X111.531 Y91.766 E1.88965
G1 X111.531 Y91.159 E.02713
G1 X81.619 Y121.071 E1.88965
G1 X81.619 Y120.464 E.02713
G1 X111.531 Y90.551 E1.88965
G1 X111.531 Y89.944 E.02713
G1 X87.619 Y113.857 E1.51062
G1 X87.619 Y114.369 E.02287
G1 X87.107 Y114.369 E.02287
G1 X81.619 Y119.857 E.34669
G1 X81.619 Y119.249 E.02713
G1 X86.499 Y114.369 E.30832
G1 X85.892 Y114.369 E.02713
G1 X81.619 Y118.642 E.26995
G1 X81.619 Y118.035 E.02713
G1 X85.285 Y114.369 E.23158
G1 X84.677 Y114.369 E.02713
G1 X81.619 Y117.427 E.19321
G1 X81.619 Y116.82 E.02713
G1 X84.07 Y114.369 E.15484
G1 X83.462 Y114.369 E.02713
G1 X81.619 Y116.212 E.11648
G1 X81.619 Y115.605 E.02713
G1 X82.855 Y114.369 E.07811
G1 X82.248 Y114.369 E.02713
G1 X81.619 Y114.998 E.03974
G1 X81.619 Y114.39 E.02713
G1 X81.834 Y114.175 E.01358
G1 X87.425 Y113.443 F18000
G1 F2250
G1 X111.531 Y89.337 E1.52283
G1 X111.531 Y88.729 E.02713
G1 X87.619 Y112.642 E1.51062
G1 X87.619 Y112.035 E.02713
G1 X111.531 Y88.122 E1.51062
G1 X111.531 Y87.514 E.02713
G1 X87.619 Y111.427 E1.51062
G1 X87.619 Y110.82 E.02713
G1 X111.531 Y86.907 E1.51062
G1 X111.531 Y86.3 E.02713
G1 X87.619 Y110.212 E1.51062
G1 X87.619 Y109.605 E.02713
G1 X115.605 Y81.619 E1.76796
G1 X114.998 Y81.619 E.02713
G1 X87.619 Y108.998 E1.72959
G1 X87.619 Y108.39 E.02713
G1 X114.39 Y81.619 E1.69122
G1 X113.783 Y81.619 E.02713
G1 X87.619 Y107.783 E1.65285
G1 X87.619 Y107.176 E.02713
G1 X113.176 Y81.619 E1.61449
G1 X112.568 Y81.619 E.02713
G1 X87.619 Y106.568 E1.57612
G1 X87.619 Y105.961 E.02713
G1 X111.961 Y81.619 E1.53775
G1 X111.353 Y81.619 E.02713
G1 X87.341 Y105.631 E1.51694
G1 X86.733 Y105.631 E.02713
G1 X110.746 Y81.619 E1.51694
G1 X110.139 Y81.619 E.02713
G1 X86.126 Y105.631 E1.51694
G1 X85.519 Y105.631 E.02713
G1 X109.531 Y81.619 E1.51694
G1 X108.924 Y81.619 E.02713
G1 X84.911 Y105.631 E1.51694
G1 X84.304 Y105.631 E.02713
G1 X108.317 Y81.619 E1.51694
G1 X107.709 Y81.619 E.02713
G1 X83.697 Y105.631 E1.51694
G1 X83.089 Y105.631 E.02713
G1 X107.102 Y81.619 E1.51694
G1 X106.495 Y81.619 E.02713
G1 X82.482 Y105.631 E1.51694
G1 X81.874 Y105.631 E.02713
G1 X105.887 Y81.619 E1.51694
G1 X105.28 Y81.619 E.02713
G1 X81.619 Y105.28 E1.49473
G1 X81.619 Y104.672 E.02713
G1 X104.672 Y81.619 E1.45636
G1 X104.065 Y81.619 E.02713
G1 X81.619 Y104.065 E1.41799
G1 X81.619 Y103.458 E.02713
G1 X103.458 Y81.619 E1.37962
G1 X102.85 Y81.619 E.02713
G1 X81.619 Y102.85 E1.34125
G1 X81.619 Y102.243 E.02713
G1 X102.243 Y81.619 E1.30288
G1 X101.636 Y81.619 E.02713
G1 X81.619 Y101.636 E1.26452
G1 X81.619 Y101.028 E.02713
G1 X101.028 Y81.619 E1.22615
G1 X100.421 Y81.619 E.02713
G1 X81.619 Y100.421 E1.18778
G1 X81.619 Y99.814 E.02713
G1 X99.814 Y81.619 E1.14941
G1 X99.206 Y81.619 E.02713
G1 X81.619 Y99.206 E1.11104
G1 X81.619 Y98.599 E.02713
G1 X85.956 Y94.261 E.27401
G3 X85.102 Y94.508 I-2.294 J-6.335 E.03976
G1 X81.619 Y97.991 E.22004
G1 X81.619 Y97.384 E.02713
G1 X84.403 Y94.599 E.17592
G3 X83.786 Y94.609 I-.356 J-2.929 E.02763
G1 X81.619 Y96.777 E.13692
G1 X81.619 Y96.169 E.02713
G1 X83.228 Y94.56 E.10164
G3 X82.714 Y94.466 I.192 J-2.491 E.02335
G1 X81.619 Y95.562 E.06922
G1 X81.619 Y94.955 E.02713
G1 X82.238 Y94.336 E.0391
G1 X81.799 Y94.167 E.021
G1 X81.425 Y94.54 E.02359
G1 X80.861 Y94.54 F18000
G1 X85.011 Y93.755
G1 X85.502 Y93.624
G1 X85.977 Y93.441
G1 X86.431 Y93.21
G1 X86.858 Y92.933
G1 X87.253 Y92.613
G1 X87.613 Y92.253
G1 X87.933 Y91.858
G1 X88.21 Y91.431
G1 X88.4 Y91.058
G1 X88.903 Y91.314
G1 F2250
G1 X98.599 Y81.619 E.61247
G1 X97.991 Y81.619 E.02713
G1 X89.508 Y90.102 E.5359
G2 X89.599 Y89.403 I-3.278 J-.783 E.03152
G1 X97.384 Y81.619 E.49178
G1 X96.777 Y81.619 E.02713
G1 X89.609 Y88.786 E.45278
G2 X89.56 Y88.228 I-2.682 J-.047 E.02509
G1 X96.169 Y81.619 E.4175
G1 X95.562 Y81.619 E.02713
G1 X89.466 Y87.714 E.38508
G2 X89.336 Y87.238 I-2.332 J.383 E.02212
G1 X94.955 Y81.619 E.35496
G1 X94.347 Y81.619 E.02713
G1 X89.167 Y86.799 E.32724
G2 X88.969 Y86.389 I-2.045 J.736 E.02035
G1 X93.74 Y81.619 E.30137
G1 X93.132 Y81.619 E.02713
G1 X88.747 Y86.004 E.27704
G2 X88.502 Y85.641 I-1.85 J.983 E.01958
G1 X92.525 Y81.619 E.25412
G1 X91.918 Y81.619 E.02713
G1 X88.231 Y85.306 E.23292
G2 X87.933 Y84.996 I-1.622 J1.259 E.01922
G1 X91.31 Y81.619 E.21333
G1 X90.703 Y81.619 E.02713
G1 X87.616 Y84.706 E.19502
G2 X87.278 Y84.436 I-1.452 J1.474 E.01934
G1 X90.096 Y81.619 E.178
G1 X89.488 Y81.619 E.02713
G1 X86.91 Y84.197 E.16289
G2 X86.517 Y83.983 I-1.216 J1.763 E.02004
G1 X88.881 Y81.619 E.14936
G1 X88.274 Y81.619 E.02713
G1 X86.099 Y83.793 E.13739
G2 X85.653 Y83.632 I-.991 J2.04 E.02122
G1 X87.666 Y81.619 E.12719
G1 X87.059 Y81.619 E.02713
G1 X85.174 Y83.504 E.11909
G1 X84.65 Y83.42 E.02369
G1 X86.451 Y81.619 E.11381
G1 X85.844 Y81.619 E.02713
G1 X84.079 Y83.384 E.1115
G1 X83.447 Y83.409 E.02826
G1 X85.237 Y81.619 E.11307
G1 X84.629 Y81.619 E.02713
G1 X82.714 Y83.534 E.12098
G2 X81.813 Y83.827 I.945 J4.43 E.0424
G1 X84.022 Y81.619 E.13952
G1 X83.415 Y81.619 E.02713
G1 X81.619 Y83.415 E.11346
G1 X81.619 Y82.807 E.02713
G1 X82.807 Y81.619 E.07509
G1 X82.2 Y81.619 E.02713
G1 X81.425 Y82.393 E.04893
G1 X80.861 Y82.393 F18000
G1 X85.977 Y84.559
G1 X86.431 Y84.79
G1 X86.858 Y85.067
G1 X87.253 Y85.387
G1 X87.613 Y85.747
G1 X87.933 Y86.142
G1 X88.21 Y86.569
G1 X88.441 Y87.023
G1 X88.624 Y87.498
G1 X88.755 Y87.989
G1 X88.835 Y88.492
G1 X93.301 Y135.549
;TYPE:Bridge
;WIDTH:0.364292
;HEIGHT:0.2
G1 F1500
M106 S127
M106 S127
G1 X105.685 Y135.549 E.31438
G1 X105.685 Y135.228 E.00816
G1 X93.157 Y135.228 E.31805
G1 X92.938 Y134.906 E.00986
G1 X105.685 Y134.906 E.3236
G1 X105.685 Y134.585 E.00816
G1 X92.799 Y134.585 E.32715
G1 X92.708 Y134.263 E.00848
G1 X105.685 Y134.263 E.32945
G1 X105.685 Y133.942 E.00816
G1 X92.679 Y133.942 E.33018
G1 X92.679 Y133.621 E.00816
G1 X105.685 Y133.621 E.33018
G1 X105.685 Y133.299 E.00816
G1 X92.679 Y133.299 E.33018
G1 X92.679 Y132.978 E.00816
G1 X105.685 Y132.978 E.33018
G1 X105.685 Y132.657 E.00816
G1 X92.679 Y132.657 E.33018
G1 X92.679 Y132.335 E.00816
G1 X111.321 Y132.335 E.47324
G1 X111.321 Y132.014 E.00816
G1 X92.679 Y132.014 E.47324
G1 X92.679 Y131.692 E.00816
G1 X111.321 Y131.692 E.47324
G1 X111.321 Y131.371 E.00816
G1 X92.679 Y131.371 E.47324
G1 X92.679 Y131.05 E.00816
G1 X111.321 Y131.05 E.47324
G1 X111.321 Y130.728 E.00816
G1 X92.679 Y130.728 E.47324
G1 X92.679 Y130.407 E.00816
G1 X111.321 Y130.407 E.47324
G1 X111.321 Y130.086 E.00816
G1 X92.679 Y130.086 E.47324
G1 X92.679 Y129.764 E.00816
G1 X111.321 Y129.764 E.47324
G1 X111.321 Y129.443 E.00816
G1 X92.679 Y129.443 E.47324
G1 X92.679 Y129.122 E.00816
G1 X111.321 Y129.122 E.47324
G1 X111.321 Y128.8 E.00816
G1 X92.679 Y128.8 E.47324
G1 X92.679 Y128.479 E.00816
G1 X111.321 Y128.479 E.47324
G1 X111.321 Y128.157 E.00816
G1 X92.679 Y128.157 E.47324
G1 X92.679 Y127.836 E.00816
G1 X111.321 Y127.836 E.47324
G1 X111.321 Y127.515 E.00816
G1 X92.679 Y127.515 E.47324
G1 X92.679 Y127.193 E.00816
G1 X111.321 Y127.193 E.47324
G1 X111.321 Y126.872 E.00816
G1 X92.679 Y126.872 E.47324
G1 X92.679 Y126.551 E.00816
G1 X111.321 Y126.551 E.47324
G1 X111.321 Y126.229 E.00816
G1 X92.679 Y126.229 E.47324
G1 X92.683 Y125.908 E.00816
G1 X111.317 Y125.908 E.47304
G1 X111.26 Y125.586 E.00829
G1 X92.74 Y125.586 E.47015
G1 X92.861 Y125.265 E.00872
G1 X111.139 Y125.265 E.46402
G1 X110.97 Y124.944 E.00922
G1 X93.03 Y124.944 E.45543
G1 X93.166 Y124.762 E.00577
G1 X93.314 Y124.622 E.00517
G1 X110.686 Y124.622 E.44099
G1 X110.443 Y124.458 E.00744
G1 X110.09 Y124.301 E.0098
G1 X93.544 Y124.301 E.42005
; stop printing object mid_plate.stl id:1992740639744 copy 0
;LAYER_CHANGE
;Z:1.44
;HEIGHT:0.2
G92 E0 ; zero the extruded length again
; BEFORE_LAYER_CHANGE 6 @ 1.44mm
G1 E-1.75 F6000
;WIPE_START
G1 F1500
G1 X94.544 Y124.301 E-.75
;WIPE_END
; AFTER_LAYER_CHANGE 6 @ 1.44mm
;_SET_FAN_SPEED_CHANGING_LAYER
; printing object mid_plate.stl id:1992740639744 copy 0
G17
G3 Z1.64 I-.256 J.552 P1  F18000
G1 X113.611 Y133.139 Z1.64
G1 X113.611 Y139.139
G1 X113.21 Y139.54
G1 Z1.44
G1 E2.5 F6000
M204 P1000
;TYPE:Outer wall
;WIDTH:0.42
G1 F3600
M106 S102
G1 X113.21 Y133.54 E.17872
G1 X106.79 Y133.54 E.19123
G1 X106.79 Y139.54 E.17872
G1 X81.256 Y139.54 E.76058
G3 X80.46 Y138.744 I-.002 J-.793 E.03725
G1 X80.46 Y133.706 E.15007
G2 X80.46 Y128.294 I3.542 J-2.706 E.66106
G1 X80.46 Y113.21 E.44929
G1 X86.46 Y113.21 E.17872
G1 X86.46 Y106.79 E.19123
G1 X80.46 Y106.79 E.17872
G1 X80.46 Y91.706 E.44929
G2 X80.46 Y86.294 I3.542 J-2.706 E.66106
G1 X80.46 Y81.256 E.15007
G3 X81.256 Y80.46 I.793 J-.002 E.03725
G1 X138.832 Y80.465 E1.71502
G3 X139.54 Y81.256 I-.095 J.797 E.03453
G1 X139.54 Y86.294 E.15007
G2 X139.54 Y91.706 I-3.542 J2.706 E.66106
G1 X139.54 Y106.79 E.44929
G1 X133.54 Y106.79 E.17872
G1 X133.54 Y113.21 E.19123
G1 X139.54 Y113.21 E.17872
G1 X139.54 Y128.294 E.44929
G2 X139.54 Y133.706 I-3.542 J2.706 E.66106
G1 X139.54 Y138.744 E.15007
G3 X138.744 Y139.54 I-.793 J.002 E.03725
G1 X113.27 Y139.54 E.7588
G1 X113.611 Y139.139 F18000
G1 X113.602 Y139.148
M204 P1500
;TYPE:Inner wall
;WIDTH:0.45
G1 F6000
G1 X113.602 Y133.148 E.19294
G1 X106.398 Y133.148 E.23166
G1 X106.398 Y139.148 E.19294
G1 X81.266 Y139.148 E.80816
G3 X80.852 Y138.734 I-.012 J-.402 E.02107
G1 X80.852 Y134.687 E.13015
G2 X80.852 Y127.313 I3.151 J-3.687 E.71052
G1 X80.852 Y113.602 E.4409
G1 X86.852 Y113.602 E.19294
G1 X86.852 Y106.398 E.23166
G1 X80.852 Y106.398 E.19294
G1 X80.852 Y92.687 E.4409
G2 X80.852 Y85.313 I3.151 J-3.687 E.71052
G1 X80.852 Y81.266 E.13015
G3 X81.266 Y80.852 I.402 J-.012 E.02107
G1 X138.791 Y80.855 E1.84981
G3 X139.148 Y81.266 I-.049 J.402 E.01917
G1 X139.148 Y85.313 E.13015
G2 X139.148 Y92.687 I-3.151 J3.687 E.71052
G1 X139.148 Y106.398 E.4409
G1 X133.148 Y106.398 E.19294
G1 X133.148 Y113.602 E.23166
G1 X139.148 Y113.602 E.19294
G1 X139.148 Y127.313 E.4409
G2 X139.148 Y134.687 I-3.151 J3.687 E.71052
G1 X139.148 Y138.734 E.13015
G3 X138.734 Y139.148 I-.402 J.012 E.02107
G1 X113.662 Y139.148 E.80623
G1 X114.009 Y138.741 F18000
G1 F6000
G1 X114.009 Y132.741 E.19294
G1 X105.991 Y132.741 E.25784
G1 X105.991 Y138.741 E.19294
G1 X81.259 Y138.741 E.79528
G1 X81.259 Y135.499 E.10423
G2 X86.14 Y135.806 I2.739 J-4.599 E.1633
G2 X81.86 Y126.194 I-2.14 J-4.806 E.53142
G1 X81.259 Y126.501 E.0217
G1 X81.259 Y114.009 E.40168
G1 X87.259 Y114.009 E.19294
G1 X87.259 Y105.991 E.25784
G1 X81.259 Y105.991 E.19294
G1 X81.259 Y93.499 E.40168
G2 X86.14 Y93.806 I2.739 J-4.599 E.1633
G2 X81.86 Y84.194 I-2.14 J-4.806 E.53142
G1 X81.259 Y84.501 E.0217
G1 X81.259 Y81.259 E.10423
G1 X138.741 Y81.259 E1.8484
G1 X138.741 Y84.501 E.10423
G2 X133.86 Y84.194 I-2.739 J4.599 E.1633
G2 X131.296 Y86.66 I2.189 J4.842 E.11664
G1 X131.109 Y86.615 E.00619
G1 X131.109 Y85.891 E.02328
G1 X111.891 Y85.891 E.61799
G1 X111.891 Y96.109 E.32858
G1 X131.109 Y96.109 E.61799
G1 X131.109 Y91.385 E.15191
G1 X131.296 Y91.34 E.00619
G2 X138.14 Y93.806 I4.713 J-2.351 E.25819
G1 X138.741 Y93.499 E.0217
G1 X138.741 Y105.991 E.40168
G1 X132.741 Y105.991 E.19294
G1 X132.741 Y114.009 E.25784
G1 X138.741 Y114.009 E.19294
G1 X138.741 Y126.501 E.40168
G2 X133.86 Y126.194 I-2.739 J4.599 E.1633
G2 X138.14 Y135.806 I2.14 J4.806 E.53142
G1 X138.741 Y135.499 E.0217
G1 X138.741 Y138.741 E.10423
G1 X114.069 Y138.741 E.79335
G1 E-1.75
;WIPE_START
G1 X114.059 Y137.741 E-.75
;WIPE_END
G1 X113.611 Y137.741 Z1.64 F18000
G1 X113.611 Y133.139
G1 X113.226 Y133.139
G1 X109.979 Y115.711
G1 X110 Y115.31
G1 Z1.44
G1 E2.5 F6000
M204 P1000
;TYPE:Outer wall
;WIDTH:0.42
G1 F3600
G2 X113.946 Y106.447 I.007 J-5.307 E.36459
G2 X109.634 Y104.709 I-3.954 J3.592 E.14329
G2 X109.94 Y115.309 I.373 J5.294 E.4835
G1 X109.919 Y115.707 F18000
G1 X109.981 Y115.711
G1 X109.981 Y115.702
M204 P1500
;TYPE:Inner wall
;WIDTH:0.45
G1 F6000
G1 X110 Y115.702 E.00061
G2 X114.614 Y106.648 I.007 J-5.699 E.40346
G2 X109.613 Y104.317 I-4.601 J3.342 E.18523
G2 X109.404 Y115.67 I.394 J5.686 E.54368
G1 X109.921 Y115.699 E.01665
G1 X109.961 Y116.109 F18000
G1 F6000
G1 X110 Y116.11 E.00125
G2 X110 Y103.889 I0 J-6.111 E.6173
G1 X109.592 Y103.911 E.01314
G1 X109.361 Y103.923 E.00742
G2 X109.361 Y116.077 I.639 J6.077 E.57614
G1 X109.901 Y116.105 E.01739
G1 E-1.75
;WIPE_START
G1 X110 Y116.11 E-.07408
G1 X110.639 Y116.077 E-.4797
G1 X110.897 Y116.036 E-.19623
;WIPE_END
G1 X110.835 Y115.643 Z1.64 F18000
G1 X111.188 Y115.587
G1 X111.765 Y115.432
G1 X112.323 Y115.218
G1 X112.856 Y114.946
G1 X113.357 Y114.621
G1 X113.822 Y114.245
G1 X114.245 Y113.822
G1 X114.621 Y113.357
G1 X114.946 Y112.856
G1 X115.218 Y112.323
G1 X115.432 Y111.765
G1 X115.587 Y111.188
G1 X115.617 Y110.997
G1 X130.31 Y95.711
G1 X130.31 Y95.31
G1 Z1.44
G1 E2.5 F6000
M204 P1000
;TYPE:Outer wall
;WIDTH:0.42
G1 F3600
G1 X130.31 Y86.69 E.25676
G1 X112.69 Y86.69 E.52484
G1 X112.69 Y95.31 E.25676
G1 X130.25 Y95.31 E.52305
G1 X130.25 Y95.711 F18000
G1 X130.702 Y95.711
G1 X130.702 Y95.702
M204 P1500
;TYPE:Inner wall
;WIDTH:0.45
G1 F6000
G1 X130.702 Y86.298 E.3024
G1 X112.298 Y86.298 E.59181
G1 X112.298 Y95.702 E.3024
G1 X130.642 Y95.702 E.58988
G1 X131.501 Y93.724 F18000
M204 P2000
;TYPE:Internal solid infill
;WIDTH:0.419999
G1 F6000
G1 X132.908 Y93.724 E.04192
G1 X132.225 Y93.207 E.02551
G1 X131.788 Y92.769 E.01844
G1 X131.501 Y92.385 E.01428
G1 X131.501 Y93.664 E.03809
G1 X131.886 Y93.323 F18000
;WIDTH:0.391412
G1 F6000
G1 X131.82 Y93.361 E.00208
G1 X131.872 Y93.39 E.00162
G1 X131.155 Y91.165 F18000
;TYPE:Gap infill
;WIDTH:0.443408
G1 F6000
G1 X131.121 Y90.982 E.00589
;WIDTH:0.401179
G1 X131.087 Y90.799 E.00527
;WIDTH:0.357141
G1 X131.051 Y90.6 E.00501
;WIDTH:0.309764
G1 X131.027 Y90.424 E.00375
;WIDTH:0.263327
G1 X131.004 Y90.247 E.0031
;WIDTH:0.21587
G1 X130.98 Y90.063 E.00254
;WIDTH:0.171194
G1 X130.959 Y89.798 E.00269
;WIDTH:0.129266
G1 X130.938 Y89.53 E.00183
;WIDTH:0.108344
G1 X130.93 Y89.218 E.00161
G1 X130.93 Y88.782 F18000
;WIDTH:0.108344
G1 F6000
G1 X130.938 Y88.47 E.00161
;WIDTH:0.129265
G1 X130.959 Y88.202 E.00183
;WIDTH:0.171193
G1 X130.98 Y87.937 E.00269
;WIDTH:0.215871
G1 X131.004 Y87.753 E.00254
;WIDTH:0.263327
G1 X131.027 Y87.576 E.0031
;WIDTH:0.309763
G1 X131.051 Y87.4 E.00375
;WIDTH:0.35714
G1 X131.087 Y87.202 E.00501
;WIDTH:0.401178
G1 X131.121 Y87.018 E.00527
;WIDTH:0.443406
G1 X131.155 Y86.835 E.00589
G1 X131.313 Y85.861 F18000
;WIDTH:0.166685
G1 F6000
G1 X131.653 Y85.687 E.00373
G1 X134.259 Y83.866 F18000
;TYPE:Internal solid infill
;WIDTH:0.421676
G1 F6000
G1 X86.214 Y83.866 E1.43747
G1 X86.275 Y83.889 E.00196
G3 X86.935 Y84.245 I-1.361 J3.316 E.02245
G1 X133.065 Y84.245 E1.38018
G2 X132.527 Y84.623 I1.534 J2.75 E.01972
G1 X87.473 Y84.623 E1.348
G3 X87.903 Y85.002 I-1.585 J2.235 E.01718
G1 X132.097 Y85.002 E1.32225
G2 X131.821 Y85.284 I1.2 J1.455 E.01183
G1 X131.76 Y85.165 E.00399
G1 X131.336 Y85.381 E.01423
G1 X88.258 Y85.381 E1.28886
G3 X88.557 Y85.76 I-1.654 J1.613 E.01446
G1 X111.558 Y85.76 E.68816
G1 X111.558 Y86.138 E.01133
G1 X88.803 Y86.138 E.6808
G3 X89.005 Y86.517 I-1.701 J1.151 E.01287
G1 X111.558 Y86.517 E.67475
G1 X111.558 Y86.896 E.01133
G1 X89.176 Y86.896 E.66962
G3 X89.321 Y87.275 I-1.727 J.878 E.01216
G1 X111.558 Y87.275 E.66528
G1 X111.558 Y87.653 E.01133
G1 X89.423 Y87.653 E.66225
G3 X89.503 Y88.032 I-1.764 J.571 E.0116
G1 X111.558 Y88.032 E.65985
G1 X111.558 Y88.411 E.01133
G1 X89.563 Y88.411 E.65806
G3 X89.583 Y88.79 I-1.792 J.286 E.01137
G1 X111.558 Y88.79 E.65745
G1 X111.558 Y89.168 E.01133
G1 X89.585 Y89.168 E.65738
G1 X89.566 Y89.547 E.01135
G1 X111.558 Y89.547 E.65798
G1 X111.558 Y89.926 E.01133
G1 X89.51 Y89.926 E.65966
G3 X89.434 Y90.305 I-1.841 J-.17 E.01158
G1 X111.558 Y90.305 E.66191
G1 X111.558 Y90.683 E.01133
G1 X89.333 Y90.683 E.66495
G3 X89.192 Y91.062 I-1.871 J-.477 E.0121
G1 X111.558 Y91.062 E.66914
G1 X111.558 Y91.441 E.01133
G1 X89.026 Y91.441 E.67411
G3 X88.83 Y91.82 I-1.901 J-.744 E.01279
G1 X111.558 Y91.82 E.67998
G1 X111.558 Y92.198 E.01133
G1 X88.584 Y92.198 E.68734
G3 X88.292 Y92.577 I-1.949 J-1.202 E.01434
G1 X111.558 Y92.577 E.69609
G1 X111.558 Y92.956 E.01133
G1 X87.945 Y92.956 E.70647
G3 X87.524 Y93.335 I-2.011 J-1.809 E.01696
G1 X111.558 Y93.335 E.71905
G1 X111.558 Y93.714 E.01133
G1 X86.999 Y93.714 E.73476
G3 X86.311 Y94.092 I-2.146 J-3.084 E.02354
G1 X111.558 Y94.092 E.75534
G1 X111.558 Y94.471 E.01133
G1 X85.167 Y94.471 E.78959
G1 X84.937 Y94.508 E.00695
G1 X84.937 Y94.666 E.00475
G1 X81.592 Y94.666 E.10008
G1 X81.592 Y94.85 E.00549
G1 X111.558 Y94.85 E.89653
G1 X111.558 Y95.229 E.01133
G1 X81.592 Y95.229 E.89653
G1 X81.592 Y95.607 E.01133
G1 X111.558 Y95.607 E.89653
G1 X111.558 Y95.986 E.01133
G1 X81.592 Y95.986 E.89653
G1 X81.592 Y96.365 E.01133
G1 X138.408 Y96.365 E1.69985
G1 X138.408 Y95.986 E.01133
G1 X131.442 Y95.986 E.20839
G1 X131.442 Y95.607 E.01133
G1 X138.408 Y95.607 E.20839
G1 X138.408 Y95.229 E.01133
G1 X131.442 Y95.229 E.20839
G1 X131.442 Y94.85 E.01133
G1 X138.408 Y94.85 E.20839
G1 X138.408 Y94.666 E.00549
G1 X135.063 Y94.666 E.10008
G1 X135.063 Y94.508 E.00475
G1 X134.833 Y94.471 E.00695
G1 X131.442 Y94.471 E.10145
G1 X131.442 Y94.092 E.01133
G1 X134.15 Y94.092 E.08102
G1 X135.201 Y94.528 F18000
;WIDTH:0.38292
G1 F6000
G2 X137.104 Y94.509 I.842 J-10.976 E.05119
G1 X137.178 Y94.503 F18000
;WIDTH:0.373451
G1 F6000
G1 X138.375 Y94.504 E.03125
G1 X138.375 Y94.096 E.01067
G3 X137.236 Y94.487 I-2.253 J-4.707 E.03152
G1 X138.577 Y96.744 F18000
;WIDTH:0.421676
G1 F6000
G1 X81.592 Y96.744 E1.70493
G1 X81.592 Y97.122 E.01133
G1 X138.408 Y97.122 E1.69985
G1 X138.408 Y97.501 E.01133
G1 X81.592 Y97.501 E1.69985
G1 X81.592 Y97.88 E.01133
G1 X138.408 Y97.88 E1.69985
G1 X138.408 Y98.259 E.01133
G1 X81.592 Y98.259 E1.69985
G1 X81.592 Y98.637 E.01133
G1 X138.408 Y98.637 E1.69985
G1 X138.408 Y99.016 E.01133
G1 X81.592 Y99.016 E1.69985
G1 X81.592 Y99.395 E.01133
G1 X138.408 Y99.395 E1.69985
G1 X138.408 Y99.774 E.01133
G1 X81.592 Y99.774 E1.69985
G1 X81.592 Y100.152 E.01133
G1 X138.408 Y100.152 E1.69985
G1 X138.408 Y100.531 E.01133
G1 X81.592 Y100.531 E1.69985
G1 X81.592 Y100.91 E.01133
G1 X138.408 Y100.91 E1.69985
G1 X138.408 Y101.289 E.01133
G1 X81.592 Y101.289 E1.69985
G1 X81.592 Y101.667 E.01133
G1 X138.408 Y101.667 E1.69985
G1 X138.408 Y102.046 E.01133
G1 X81.592 Y102.046 E1.69985
G1 X81.592 Y102.425 E.01133
G1 X138.408 Y102.425 E1.69985
G1 X138.408 Y102.804 E.01133
G1 X81.592 Y102.804 E1.69985
G1 X81.592 Y103.182 E.01133
G1 X138.408 Y103.182 E1.69985
G1 X138.408 Y103.561 E.01133
G1 X81.592 Y103.561 E1.69985
G1 X81.592 Y103.94 E.01133
G1 X107.829 Y103.94 E.78497
G2 X106.975 Y104.319 I1.375 J4.254 E.02801
G1 X81.592 Y104.319 E.75941
G1 X81.592 Y104.697 E.01133
G1 X106.349 Y104.697 E.74069
G2 X105.854 Y105.076 I1.554 J2.544 E.01868
G1 X81.592 Y105.076 E.72589
G1 X81.592 Y105.455 E.01133
G1 X105.444 Y105.455 E.71361
G2 X105.093 Y105.834 I1.626 J1.859 E.01548
G1 X87.592 Y105.834 E.52359
G1 X87.592 Y106.212 E.01133
G1 X104.786 Y106.212 E.51442
G1 X104.54 Y106.591 E.01351
G1 X87.592 Y106.591 E.50706
G1 X87.592 Y106.97 E.01133
G1 X104.321 Y106.97 E.5005
G1 X104.128 Y107.349 E.01272
G1 X87.592 Y107.349 E.49473
G1 X87.592 Y107.727 E.01133
G1 X103.979 Y107.727 E.49027
G2 X103.845 Y108.106 I1.735 J.827 E.01204
G1 X87.592 Y108.106 E.48626
G1 X87.592 Y108.485 E.01133
G1 X103.743 Y108.485 E.48322
G2 X103.664 Y108.864 I1.762 J.566 E.0116
G1 X87.592 Y108.864 E.48085
G1 X87.592 Y109.243 E.01133
G1 X103.604 Y109.243 E.47906
G2 X103.575 Y109.621 I1.787 J.326 E.01139
G1 X87.592 Y109.621 E.4782
G1 X87.592 Y110 E.01133
G1 X103.556 Y110 E.4776
G1 X103.575 Y110.379 E.01135
G1 X87.592 Y110.379 E.4782
G1 X87.592 Y110.758 E.01133
G1 X103.604 Y110.758 E.47906
G1 X103.664 Y111.136 E.01147
G1 X87.592 Y111.136 E.48085
G1 X87.592 Y111.515 E.01133
G1 X103.743 Y111.515 E.48322
G1 X103.845 Y111.894 E.01173
G1 X87.592 Y111.894 E.48626
G1 X87.592 Y112.273 E.01133
G1 X103.979 Y112.273 E.49027
G2 X104.128 Y112.651 I1.876 J-.52 E.0122
G1 X87.592 Y112.651 E.49473
G1 X87.592 Y113.03 E.01133
G1 X104.321 Y113.03 E.5005
G2 X104.54 Y113.409 I1.911 J-.853 E.01312
G1 X87.592 Y113.409 E.50706
G1 X87.592 Y113.788 E.01133
G1 X104.786 Y113.788 E.51442
G1 X105.093 Y114.166 E.01458
G1 X87.592 Y114.166 E.52359
G1 X87.592 Y114.342 E.00527
G1 X81.592 Y114.342 E.17951
G1 X81.592 Y114.545 E.00606
G1 X105.444 Y114.545 E.71361
G2 X105.854 Y114.924 I2.007 J-1.763 E.01674
G1 X81.592 Y114.924 E.72589
G1 X81.592 Y115.303 E.01133
G1 X106.349 Y115.303 E.74069
G2 X106.975 Y115.681 I2.114 J-2.786 E.02192
G1 X81.592 Y115.681 E.75941
G1 X81.592 Y116.06 E.01133
G1 X108.407 Y116.06 E.80227
G1 X111.593 Y116.06 F18000
G1 F6000
G1 X138.408 Y116.06 E.80227
G1 X138.408 Y115.681 E.01133
G1 X113.025 Y115.681 E.75941
G2 X113.651 Y115.303 I-1.489 J-3.165 E.02192
G1 X138.408 Y115.303 E.74069
G1 X138.408 Y114.924 E.01133
G1 X114.146 Y114.924 E.72589
G2 X114.556 Y114.545 I-1.597 J-2.142 E.01674
G1 X138.408 Y114.545 E.71361
G1 X138.408 Y114.342 E.00606
G1 X132.408 Y114.342 E.17951
G1 X132.408 Y114.166 E.00527
G1 X114.907 Y114.166 E.52359
G1 X115.214 Y113.788 E.01458
G1 X132.408 Y113.788 E.51442
G1 X132.408 Y113.409 E.01133
G1 X115.46 Y113.409 E.50706
G2 X115.679 Y113.03 I-1.692 J-1.232 E.01312
G1 X132.408 Y113.03 E.5005
G1 X132.408 Y112.651 E.01133
G1 X115.872 Y112.651 E.49473
G2 X116.021 Y112.273 I-1.727 J-.899 E.0122
G1 X132.408 Y112.273 E.49027
G1 X132.408 Y111.894 E.01133
G1 X116.155 Y111.894 E.48626
G1 X116.257 Y111.515 E.01173
G1 X132.408 Y111.515 E.48322
G1 X132.408 Y111.136 E.01133
G1 X116.336 Y111.136 E.48085
G1 X116.396 Y110.758 E.01147
G1 X132.408 Y110.758 E.47906
G1 X132.408 Y110.379 E.01133
G1 X116.425 Y110.379 E.4782
G1 X116.444 Y110 E.01135
G1 X132.408 Y110 E.4776
G1 X132.408 Y109.621 E.01133
G1 X116.425 Y109.621 E.4782
G2 X116.396 Y109.243 I-1.816 J-.053 E.01139
G1 X132.408 Y109.243 E.47906
G1 X132.408 Y108.864 E.01133
G1 X116.336 Y108.864 E.48085
G2 X116.257 Y108.485 I-1.841 J.187 E.0116
G1 X132.408 Y108.485 E.48322
G1 X132.408 Y108.106 E.01133
G1 X116.155 Y108.106 E.48626
G2 X116.021 Y107.727 I-1.869 J.449 E.01204
G1 X132.408 Y107.727 E.49027
G1 X132.408 Y107.349 E.01133
G1 X115.872 Y107.349 E.49473
G1 X115.679 Y106.97 E.01272
G1 X132.408 Y106.97 E.5005
G1 X132.408 Y106.591 E.01133
G1 X115.46 Y106.591 E.50706
G1 X115.214 Y106.212 E.01351
G1 X132.408 Y106.212 E.51442
G1 X132.408 Y105.834 E.01133
G1 X114.907 Y105.834 E.52359
G2 X114.556 Y105.455 I-1.977 J1.481 E.01548
G1 X138.408 Y105.455 E.71361
G1 X138.408 Y105.076 E.01133
G1 X114.146 Y105.076 E.72589
G2 X113.651 Y104.697 I-2.049 J2.165 E.01868
G1 X138.408 Y104.697 E.74069
G1 X138.408 Y104.319 E.01133
G1 X113.025 Y104.319 E.75941
G2 X112.171 Y103.94 I-2.229 J3.875 E.02801
G1 X138.577 Y103.94 E.79005
G1 X139.139 Y103.94 F18000
G1 X133.139 Y106.389
G1 X133.139 Y113.611
G1 X139.139 Y113.611
G1 X139.139 Y116.439
G1 X138.577 Y116.439
G1 F6000
G1 X81.592 Y116.439 E1.70493
G1 X81.592 Y116.818 E.01133
G1 X138.408 Y116.818 E1.69985
G1 X138.408 Y117.196 E.01133
G1 X81.592 Y117.196 E1.69985
G1 X81.592 Y117.575 E.01133
G1 X138.408 Y117.575 E1.69985
G1 X138.408 Y117.954 E.01133
G1 X81.592 Y117.954 E1.69985
G1 X81.592 Y118.333 E.01133
G1 X138.408 Y118.333 E1.69985
G1 X138.408 Y118.711 E.01133
G1 X81.592 Y118.711 E1.69985
G1 X81.592 Y119.09 E.01133
G1 X138.408 Y119.09 E1.69985
G1 X138.408 Y119.469 E.01133
G1 X81.592 Y119.469 E1.69985
G1 X81.592 Y119.848 E.01133
G1 X138.408 Y119.848 E1.69985
G1 X138.408 Y120.226 E.01133
G1 X81.592 Y120.226 E1.69985
G1 X81.592 Y120.605 E.01133
G1 X138.408 Y120.605 E1.69985
G1 X138.408 Y120.984 E.01133
G1 X81.592 Y120.984 E1.69985
G1 X81.592 Y121.363 E.01133
G1 X138.408 Y121.363 E1.69985
G1 X138.408 Y121.741 E.01133
G1 X81.592 Y121.741 E1.69985
G1 X81.592 Y122.12 E.01133
G1 X138.408 Y122.12 E1.69985
G1 X138.408 Y122.499 E.01133
G1 X81.592 Y122.499 E1.69985
G1 X81.592 Y122.878 E.01133
G1 X138.408 Y122.878 E1.69985
G1 X138.408 Y123.256 E.01133
G1 X81.592 Y123.256 E1.69985
G1 X81.592 Y123.635 E.01133
G1 X138.408 Y123.635 E1.69985
G1 X138.408 Y124.014 E.01133
G1 X81.592 Y124.014 E1.69985
G1 X81.592 Y124.393 E.01133
G1 X138.408 Y124.393 E1.69985
G1 X138.408 Y124.772 E.01133
G1 X81.592 Y124.771 E1.69985
G1 X81.592 Y125.15 E.01133
G1 X138.408 Y125.15 E1.69985
G1 X138.408 Y125.529 E.01133
G1 X81.592 Y125.529 E1.69985
G1 X81.592 Y125.908 E.01133
G1 X82.15 Y125.908 E.01669
G1 X82.352 Y126.432 F18000
G1 X82.498 Y126.376
G1 X82.989 Y126.245
G1 X83.492 Y126.165
G1 X84 Y126.138
G1 X84.508 Y126.165
G1 X85.011 Y126.245
G1 X85.502 Y126.376
G1 X85.977 Y126.559
G1 X86.431 Y126.79
G1 X86.858 Y127.067
G1 X87.253 Y127.387
G1 X87.613 Y127.747
G1 X87.933 Y128.142
G1 X88.21 Y128.569
G1 X88.441 Y129.023
G1 X88.624 Y129.498
G1 X88.755 Y129.989
G1 X88.835 Y130.492
G1 X88.862 Y131
G1 X88.835 Y131.508
G1 X88.755 Y132.011
G1 X88.624 Y132.502
G1 X88.441 Y132.977
G1 X88.21 Y133.431
G1 X87.933 Y133.858
G1 X87.613 Y134.253
G1 X87.253 Y134.613
G1 X86.858 Y134.933
G1 X86.431 Y135.21
G1 X85.977 Y135.441
G1 X85.502 Y135.624
G1 X85.011 Y135.755
G1 X84.558 Y135.827
G1 X84.66 Y136.472
;WIDTH:0.38292
G1 F6000
G2 X85.313 Y136.412 I-.25 J-6.324 E.01762
G1 X81.737 Y136.248 F18000
;WIDTH:0.570376
G1 F4789.627
G1 X81.838 Y136.269 E.00432
;WIDTH:0.528719
G1 F5200.333
G1 X81.94 Y136.29 E.00398
;WIDTH:0.487062
G1 F5688.082
G1 X82.041 Y136.311 E.00364
;WIDTH:0.445406
G1 F6000
G1 X82.143 Y136.332 E.0033
;WIDTH:0.386689
G2 X83.28 Y136.467 I1.937 J-11.451 E.0311
G1 X105.827 Y138.407 F18000
;WIDTH:0.421676
G1 F6000
G1 X81.592 Y138.407 E.72508
G1 X81.592 Y138.028 E.01133
G1 X105.658 Y138.028 E.72001
G1 X105.658 Y137.649 E.01133
G1 X81.592 Y137.649 E.72001
G1 X81.592 Y137.27 E.01133
G1 X105.658 Y137.27 E.72001
G1 X105.658 Y136.892 E.01133
G1 X81.592 Y136.892 E.72001
G1 X81.592 Y136.522 E.01106
G1 X83.154 Y136.522 E.04671
G1 X83.415 Y136.564 E.00792
G2 X84.846 Y136.522 I.543 J-5.975 E.04293
G1 X105.658 Y136.513 E.62265
G1 X105.658 Y136.134 E.01133
G1 X86.214 Y136.134 E.58173
G2 X86.935 Y135.755 I-2.973 J-6.531 E.02437
G1 X105.658 Y135.755 E.56017
G1 X105.658 Y135.377 E.01133
G1 X87.472 Y135.377 E.54408
G2 X87.903 Y134.998 I-1.585 J-2.235 E.01718
G1 X105.658 Y134.998 E.53121
G1 X105.658 Y134.619 E.01133
G1 X88.258 Y134.619 E.52058
G2 X88.557 Y134.24 I-1.654 J-1.613 E.01446
G1 X105.658 Y134.24 E.51164
G1 X105.658 Y133.862 E.01133
G1 X88.803 Y133.862 E.50428
G2 X89.005 Y133.483 I-1.701 J-1.151 E.01287
G1 X105.658 Y133.483 E.49823
G1 X105.658 Y133.104 E.01133
G1 X89.176 Y133.104 E.4931
G2 X89.321 Y132.725 I-1.727 J-.878 E.01216
G1 X105.827 Y132.725 E.49384
G1 X134.15 Y125.908 F18000
G1 F6000
G1 X86.312 Y125.908 E1.43129
G3 X86.999 Y126.287 I-1.459 J3.462 E.02353
G1 X133.001 Y126.287 E1.37632
G2 X132.476 Y126.665 I1.541 J2.689 E.0194
G1 X87.524 Y126.665 E1.3449
G3 X87.945 Y127.044 I-1.59 J2.188 E.01696
G1 X132.055 Y127.044 E1.31974
G2 X131.708 Y127.423 I1.627 J1.84 E.0154
G1 X88.292 Y127.423 E1.29897
G3 X88.584 Y127.802 I-1.657 J1.581 E.01434
G1 X131.416 Y127.802 E1.28148
G1 X131.17 Y128.18 E.01351
G1 X88.83 Y128.18 E1.26676
G3 X89.026 Y128.559 I-1.704 J1.123 E.01278
G1 X130.974 Y128.559 E1.25503
G2 X130.808 Y128.938 I1.717 J.979 E.0124
G1 X89.192 Y128.938 E1.24508
G3 X89.333 Y129.317 I-1.731 J.856 E.0121
G1 X130.667 Y129.317 E1.2367
G1 X130.566 Y129.695 E.01173
G1 X89.434 Y129.695 E1.23062
G3 X89.51 Y130.074 I-1.766 J.549 E.01158
G1 X130.49 Y130.074 E1.22611
G2 X130.434 Y130.453 I1.774 J.456 E.01148
G1 X89.566 Y130.453 E1.22276
G1 X89.585 Y130.832 E.01135
G1 X130.415 Y130.832 E1.22157
G2 X130.417 Y131.21 I1.801 J.179 E.01135
G1 X89.583 Y131.21 E1.2217
G3 X89.563 Y131.589 I-1.811 J.093 E.01137
G1 X130.437 Y131.589 E1.22292
G1 X130.497 Y131.968 E.01147
G1 X89.503 Y131.968 E1.22651
G3 X89.423 Y132.347 I-1.844 J-.192 E.0116
G1 X130.577 Y132.347 E1.2313
G1 X130.679 Y132.725 E.01173
G1 X114.342 Y132.725 E.48876
G1 X114.342 Y133.104 E.01133
G1 X130.824 Y133.104 E.4931
G2 X130.995 Y133.483 I1.886 J-.626 E.01246
G1 X114.342 Y133.483 E.49823
G1 X114.342 Y133.862 E.01133
G1 X131.197 Y133.862 E.50428
G1 X131.443 Y134.24 E.01351
G1 X114.342 Y134.24 E.51164
G1 X114.342 Y134.619 E.01133
G1 X131.742 Y134.619 E.52058
G2 X132.097 Y134.998 I1.978 J-1.499 E.01556
G1 X114.342 Y134.998 E.53121
G1 X114.342 Y135.377 E.01133
G1 X132.528 Y135.377 E.54408
G2 X133.065 Y135.755 I2.072 J-2.371 E.01972
G1 X114.342 Y135.755 E.56017
G1 X114.342 Y136.134 E.01133
G1 X133.786 Y136.134 E.58173
G2 X134.509 Y136.384 I1.55 J-3.313 E.02293
G1 X134.509 Y136.513 E.00385
G1 X114.342 Y136.513 E.60336
G1 X114.342 Y136.892 E.01133
G1 X138.408 Y136.892 E.72001
G1 X138.408 Y137.27 E.01133
G1 X114.342 Y137.27 E.72001
G1 X114.342 Y137.649 E.01133
G1 X138.408 Y137.649 E.72001
G1 X138.408 Y138.028 E.01133
G1 X114.342 Y138.028 E.72001
G1 X114.342 Y138.407 E.01133
G1 X138.577 Y138.407 E.72508
G1 X136.66 Y136.472 F18000
;WIDTH:0.38292
G1 F6000
G2 X137.749 Y136.354 I-.572 J-10.396 E.02942
;WIDTH:0.406718
G1 X137.865 Y136.332 E.00339
;WIDTH:0.454313
G1 X137.981 Y136.311 E.00384
;WIDTH:0.501908
G1 F5504.105
G1 X138.097 Y136.289 E.00428
;WIDTH:0.525705
G1 F5232.797
G1 X138.213 Y136.268 E.0045
G1 X134.653 Y136.363 F18000
;WIDTH:0.38292
G1 F6000
G1 X134.589 Y136.4 E.00198
G1 X134.638 Y136.428 E.00151
G1 X134.829 Y135.712 F18000
G1 X134.498 Y135.624
G1 X134.023 Y135.441
G1 X133.569 Y135.21
G1 X133.142 Y134.933
G1 X132.747 Y134.613
G1 X132.387 Y134.253
G1 X132.067 Y133.858
G1 X131.79 Y133.431
G1 X131.559 Y132.977
G1 X131.376 Y132.502
G1 X131.245 Y132.011
G1 X131.165 Y131.508
G1 X131.138 Y131
G1 X131.165 Y130.492
G1 X131.245 Y129.989
G1 X131.376 Y129.498
G1 X131.559 Y129.023
G1 X131.79 Y128.569
G1 X132.067 Y128.142
G1 X132.387 Y127.747
G1 X132.747 Y127.387
G1 X133.142 Y127.067
G1 X133.569 Y126.79
G1 X134.023 Y126.559
G1 X134.498 Y126.376
G1 X134.989 Y126.245
G1 X135.492 Y126.165
G1 X136 Y126.138
G1 X136.508 Y126.165
G1 X137.011 Y126.245
G1 X137.502 Y126.376
G1 X137.648 Y126.432
G1 X137.85 Y125.908
;WIDTH:0.421676
G1 F6000
G1 X138.577 Y125.908 E.02176
G1 X139.139 Y125.908 F18000
G1 X133.139 Y113.611
G1 X131.165 Y89.508
G1 X131.138 Y89
G1 X131.165 Y88.492
G1 X131.245 Y87.989
G1 X131.376 Y87.498
G1 X131.559 Y87.023
G1 X131.79 Y86.569
G1 X132.067 Y86.142
G1 X132.387 Y85.747
G1 X132.747 Y85.387
G1 X133.142 Y85.067
G1 X133.569 Y84.79
G1 X134.023 Y84.559
G1 X134.498 Y84.376
G1 X134.989 Y84.245
G1 X135.492 Y84.165
G1 X136 Y84.138
G1 X136.508 Y84.165
G1 X139.139 Y84.365
G1 X139.139 Y83.867
G1 X138.385 Y83.867
;WIDTH:0.390102
G1 F6000
G1 X138.32 Y83.905 E.00206
G1 X138.371 Y83.934 E.00161
G1 X138.577 Y83.487 F18000
;WIDTH:0.421676
G1 F6000
G1 X81.592 Y83.487 E1.70493
G1 X81.592 Y83.108 E.01133
G1 X138.408 Y83.108 E1.69985
G1 X138.408 Y82.73 E.01133
G1 X81.592 Y82.73 E1.69985
G1 X81.592 Y82.351 E.01133
G1 X138.408 Y82.351 E1.69985
G1 X138.408 Y81.972 E.01133
G1 X81.592 Y81.972 E1.69985
G1 X81.592 Y81.593 E.01133
G1 X138.577 Y81.593 E1.70493
G1 X81.65 Y83.86 F18000
;WIDTH:0.38292
G1 F6000
G1 X81.586 Y83.897 E.00198
G1 X81.635 Y83.925 E.00151
G1 X81.971 Y84.585 F18000
G1 X82.023 Y84.559
G1 X82.498 Y84.376
G1 X82.989 Y84.245
G1 X83.492 Y84.165
G1 X84 Y84.138
G1 X84.508 Y84.165
G1 X85.011 Y84.245
G1 X85.502 Y84.376
G1 X85.977 Y84.559
G1 X86.431 Y84.79
G1 X86.858 Y85.067
G1 X87.253 Y85.387
G1 X87.613 Y85.747
G1 X87.933 Y86.142
G1 X88.21 Y86.569
G1 X88.441 Y87.023
G1 X88.624 Y87.498
G1 X88.755 Y87.989
G1 X88.835 Y88.492
G1 X88.862 Y89
G1 X88.835 Y89.508
G1 X88.755 Y90.011
G1 X88.624 Y90.502
G1 X88.441 Y90.977
G1 X88.21 Y91.431
G1 X87.933 Y91.858
G1 X87.613 Y92.253
G1 X87.253 Y92.613
G1 X86.858 Y92.933
G1 X86.431 Y93.21
G1 X85.977 Y93.441
G1 X85.502 Y93.624
G1 X85.011 Y93.755
G1 X84.508 Y93.835
G1 X84 Y93.862
G1 X83.492 Y93.835
G1 X82.989 Y93.755
G1 X82.839 Y94.505
G1 F6000
G2 X84.744 Y94.538 I1.139 J-10.819 E.05125
G1 X82.822 Y94.503 F18000
;WIDTH:0.376062
G1 F6000
G1 X82.269 Y94.357 E.01505
G1 X81.628 Y94.083 E.01832
G1 X81.628 Y94.501 E.01098
G1 X82.762 Y94.503 E.02982
; stop printing object mid_plate.stl id:1992740639744 copy 0
;LAYER_CHANGE
;Z:1.64
;HEIGHT:0.2
G92 E0 ; zero the extruded length again
; BEFORE_LAYER_CHANGE 7 @ 1.64mm
G1 E-1.75 F6000
;WIPE_START
G1 X81.762 Y94.501 E-.75
;WIPE_END
; AFTER_LAYER_CHANGE 7 @ 1.64mm
;_SET_FAN_SPEED_CHANGING_LAYER
; printing object mid_plate.stl id:1992740639744 copy 0
G17
G3 Z1.84 I-.47 J.387 P1  F18000
G1 X113.611 Y133.139 Z1.84
G1 X113.611 Y139.139
G1 X113.21 Y139.54
G1 Z1.64
G1 E2.5 F6000
M204 P1000
;TYPE:Outer wall
;WIDTH:0.42
G1 F3600
G1 X113.21 Y133.54 E.17872
G1 X106.79 Y133.54 E.19123
G1 X106.79 Y139.54 E.17872
G1 X81.256 Y139.54 E.76058
G3 X80.46 Y138.744 I-.002 J-.793 E.03725
G1 X80.46 Y133.706 E.15007
G2 X80.46 Y128.294 I3.542 J-2.706 E.66106
G1 X80.46 Y113.21 E.44929
G1 X86.46 Y113.21 E.17872
G1 X86.46 Y106.79 E.19123
G1 X80.46 Y106.79 E.17872
G1 X80.46 Y91.706 E.44929
G2 X80.46 Y86.294 I3.542 J-2.706 E.66106
G1 X80.46 Y81.256 E.15007
G3 X81.256 Y80.46 I.793 J-.002 E.03725
G1 X138.832 Y80.465 E1.71502
G3 X139.54 Y81.256 I-.095 J.797 E.03453
G1 X139.54 Y86.294 E.15007
G2 X139.54 Y91.706 I-3.542 J2.706 E.66106
G1 X139.54 Y106.79 E.44929
G1 X133.54 Y106.79 E.17872
G1 X133.54 Y113.21 E.19123
G1 X139.54 Y113.21 E.17872
G1 X139.54 Y128.294 E.44929
G2 X139.54 Y133.706 I-3.542 J2.706 E.66106
G1 X139.54 Y138.744 E.15007
G3 X138.744 Y139.54 I-.793 J.002 E.03725
G1 X113.27 Y139.54 E.7588
G1 X113.611 Y139.139 F18000
G1 X113.602 Y139.148
M204 P1500
;TYPE:Inner wall
;WIDTH:0.45
G1 F6000
G1 X113.602 Y133.148 E.19294
G1 X106.398 Y133.148 E.23166
G1 X106.398 Y139.148 E.19294
G1 X81.266 Y139.148 E.80816
G3 X80.852 Y138.734 I-.012 J-.402 E.02107
G1 X80.852 Y134.687 E.13015
G2 X80.852 Y127.313 I3.151 J-3.687 E.71052
G1 X80.852 Y113.602 E.4409
G1 X86.852 Y113.602 E.19294
G1 X86.852 Y106.398 E.23166
G1 X80.852 Y106.398 E.19294
G1 X80.852 Y92.687 E.4409
G2 X80.852 Y85.313 I3.151 J-3.687 E.71052
G1 X80.852 Y81.266 E.13015
G3 X81.266 Y80.852 I.402 J-.012 E.02107
G1 X138.791 Y80.855 E1.84981
G3 X139.148 Y81.266 I-.049 J.402 E.01917
G1 X139.148 Y85.313 E.13015
G2 X139.148 Y92.687 I-3.151 J3.687 E.71052
G1 X139.148 Y106.398 E.4409
G1 X133.148 Y106.398 E.19294
G1 X133.148 Y113.602 E.23166
G1 X139.148 Y113.602 E.19294
G1 X139.148 Y127.313 E.4409
G2 X139.148 Y134.687 I-3.151 J3.687 E.71052
G1 X139.148 Y138.734 E.13015
G3 X138.734 Y139.148 I-.402 J.012 E.02107
G1 X113.662 Y139.148 E.80623
G1 X114.009 Y138.741 F18000
G1 F6000
G1 X114.009 Y132.741 E.19294
G1 X105.991 Y132.741 E.25784
G1 X105.991 Y138.741 E.19294
G1 X81.259 Y138.741 E.79528
G1 X81.259 Y135.499 E.10423
G2 X86.14 Y135.806 I2.739 J-4.599 E.1633
G2 X81.86 Y126.194 I-2.14 J-4.806 E.53142
G1 X81.259 Y126.501 E.0217
G1 X81.259 Y114.009 E.40168
G1 X87.259 Y114.009 E.19294
G1 X87.259 Y105.991 E.25784
G1 X81.259 Y105.991 E.19294
G1 X81.259 Y93.499 E.40168
G2 X86.14 Y93.806 I2.739 J-4.599 E.1633
G2 X81.86 Y84.194 I-2.14 J-4.806 E.53142
G1 X81.259 Y84.501 E.0217
G1 X81.259 Y81.259 E.10423
G1 X138.741 Y81.259 E1.8484
G1 X138.741 Y84.501 E.10423
G2 X133.86 Y84.194 I-2.739 J4.599 E.1633
G2 X131.296 Y86.66 I2.189 J4.842 E.11664
G1 X131.109 Y86.615 E.00619
G1 X131.109 Y85.891 E.02328
G1 X111.891 Y85.891 E.61799
G1 X111.891 Y96.109 E.32858
G1 X131.109 Y96.109 E.61799
G1 X131.109 Y91.385 E.15191
G1 X131.296 Y91.34 E.00619
G2 X138.14 Y93.806 I4.713 J-2.351 E.25819
G1 X138.741 Y93.499 E.0217
G1 X138.741 Y105.991 E.40168
G1 X132.741 Y105.991 E.19294
G1 X132.741 Y114.009 E.25784
G1 X138.741 Y114.009 E.19294
G1 X138.741 Y126.501 E.40168
G2 X133.86 Y126.194 I-2.739 J4.599 E.1633
G2 X138.14 Y135.806 I2.14 J4.806 E.53142
G1 X138.741 Y135.499 E.0217
G1 X138.741 Y138.741 E.10423
G1 X114.069 Y138.741 E.79335
G1 E-1.75
;WIPE_START
G1 X114.059 Y137.741 E-.75
;WIPE_END
G1 X113.611 Y137.741 Z1.84 F18000
G1 X113.611 Y133.139
G1 X113.226 Y133.139
G1 X109.979 Y115.711
G1 X110 Y115.31
G1 Z1.64
G1 E2.5 F6000
M204 P1000
;TYPE:Outer wall
;WIDTH:0.42
G1 F3600
G1 X110 Y115.309 E.00005
G2 X113.121 Y105.704 I.008 J-5.307 E.39775
G2 X109.581 Y104.712 I-3.134 J4.369 E.11176
G2 X109.445 Y115.279 I.426 J5.29 E.46714
G1 X109.94 Y115.307 E.01476
G1 X109.919 Y115.707 F18000
G1 X109.981 Y115.711
G1 X109.981 Y115.702
M204 P1500
;TYPE:Inner wall
;WIDTH:0.45
G1 F6000
G1 X110 Y115.695 E.00065
G2 X110 Y104.297 I0 J-5.699 E.57573
G1 X109.561 Y104.32 E.01414
G1 X109.404 Y104.328 E.00505
G2 X109.405 Y115.664 I.596 J5.668 E.53737
G1 X109.921 Y115.698 E.01664
G1 X109.961 Y116.109 F18000
G1 F6000
G1 X110 Y116.102 E.00126
G2 X110 Y103.889 I0 J-6.106 E.61688
G1 X109.54 Y103.913 E.01483
G1 X109.361 Y103.923 E.00574
G2 X109.362 Y116.069 I.639 J6.073 E.57578
G1 X109.901 Y116.105 E.01738
G1 E-1.75
;WIPE_START
G1 X110 Y116.102 E-.07396
G1 X110.639 Y116.077 E-.47942
G1 X110.898 Y116.036 E-.19662
;WIPE_END
G1 X110.835 Y115.643 Z1.84 F18000
G1 X111.188 Y115.587
G1 X111.765 Y115.432
G1 X112.323 Y115.218
G1 X112.856 Y114.946
G1 X113.357 Y114.621
G1 X113.822 Y114.245
G1 X114.245 Y113.822
G1 X114.621 Y113.357
G1 X114.946 Y112.856
G1 X115.218 Y112.323
G1 X115.432 Y111.765
G1 X115.587 Y111.188
G1 X115.617 Y110.998
G1 X130.31 Y95.711
G1 X130.31 Y95.31
G1 Z1.64
G1 E2.5 F6000
M204 P1000
;TYPE:Outer wall
;WIDTH:0.42
G1 F3600
G1 X130.31 Y86.69 E.25676
G1 X112.69 Y86.69 E.52484
G1 X112.69 Y95.31 E.25676
G1 X130.25 Y95.31 E.52305
G1 X130.25 Y95.711 F18000
G1 X130.702 Y95.711
G1 X130.702 Y95.702
M204 P1500
;TYPE:Inner wall
;WIDTH:0.45
G1 F6000
G1 X130.702 Y86.298 E.3024
G1 X112.298 Y86.298 E.59181
G1 X112.298 Y95.702 E.3024
G1 X130.642 Y95.702 E.58988
G1 X131.51 Y92.314 F18000
M204 P2000
;TYPE:Internal solid infill
;WIDTH:0.394312
G1 F6000
G1 X131.444 Y92.352 E.00211
G1 X131.496 Y92.382 E.00167
G1 X131.155 Y91.165 F18000
;TYPE:Gap infill
;WIDTH:0.443408
G1 F6000
G1 X131.121 Y90.982 E.00589
;WIDTH:0.401179
G1 X131.087 Y90.799 E.00527
;WIDTH:0.357141
G1 X131.051 Y90.6 E.00501
;WIDTH:0.309764
G1 X131.027 Y90.424 E.00375
;WIDTH:0.263327
G1 X131.004 Y90.247 E.0031
;WIDTH:0.21587
G1 X130.98 Y90.063 E.00254
;WIDTH:0.171194
G1 X130.959 Y89.798 E.00269
;WIDTH:0.129266
G1 X130.938 Y89.53 E.00183
;WIDTH:0.108344
G1 X130.93 Y89.218 E.00161
G1 X130.93 Y88.782 F18000
;WIDTH:0.108344
G1 F6000
G1 X130.938 Y88.47 E.00161
;WIDTH:0.129265
G1 X130.959 Y88.202 E.00183
;WIDTH:0.171193
G1 X130.98 Y87.937 E.00269
;WIDTH:0.215871
G1 X131.004 Y87.753 E.00254
;WIDTH:0.263327
G1 X131.027 Y87.576 E.0031
;WIDTH:0.309763
G1 X131.051 Y87.4 E.00375
;WIDTH:0.35714
G1 X131.087 Y87.202 E.00501
;WIDTH:0.401178
G1 X131.121 Y87.018 E.00527
;WIDTH:0.443406
G1 X131.155 Y86.835 E.00589
G1 X131.313 Y85.861 F18000
;WIDTH:0.166685
G1 F6000
G1 X131.653 Y85.687 E.00373
G1 X136.66 Y83.528 F18000
;TYPE:Internal solid infill
;WIDTH:0.38292
G1 F6000
G3 X137.756 Y83.647 I-.567 J10.322 E.0296
;WIDTH:0.403749
G1 X137.845 Y83.666 E.00261
;WIDTH:0.445405
G1 X137.935 Y83.684 E.00291
;WIDTH:0.487061
G1 F5688.094
G1 X138.025 Y83.703 E.00322
;WIDTH:0.528718
G1 F5200.348
G1 X138.115 Y83.721 E.00352
;WIDTH:0.549546
G1 F4986.554
G1 X138.204 Y83.74 E.00367
G1 X134.627 Y83.596 F18000
;WIDTH:0.38292
G1 F6000
G1 X135.28 Y83.534 E.01761
G1 X138.407 Y83.648 F18000
;WIDTH:0.421676
G1 F6000
G1 X138.407 Y81.592 E.06149
G1 X138.028 Y81.592 E.01133
G1 X138.028 Y83.478 E.05641
G1 X137.649 Y83.478 E.01133
G1 X137.649 Y81.592 E.05641
G1 X137.27 Y81.592 E.01133
G1 X137.27 Y83.478 E.05641
G1 X136.892 Y83.478 E.01133
G1 X136.892 Y81.592 E.05641
G1 X136.513 Y81.592 E.01133
G1 X136.513 Y83.433 E.05506
G1 X136.134 Y83.413 E.01135
G1 X136.134 Y81.592 E.05446
G1 X135.755 Y81.592 E.01133
G1 X135.755 Y83.419 E.05464
G2 X135.377 Y83.443 I-.075 J1.814 E.01138
G1 X135.377 Y81.592 E.05535
G1 X134.998 Y81.592 E.01133
G1 X134.998 Y83.478 E.05641
G1 X134.619 Y83.478 E.01133
G1 X134.619 Y81.592 E.05641
G1 X134.24 Y81.592 E.01133
G1 X134.24 Y83.691 E.0628
G1 X133.862 Y83.837 E.01214
G1 X133.862 Y81.592 E.06715
G1 X133.483 Y81.592 E.01133
G1 X133.483 Y84.013 E.07241
G2 X133.104 Y84.219 I.795 J1.906 E.01293
G1 X133.104 Y81.592 E.0786
G1 X132.725 Y81.592 E.01133
G1 X132.725 Y84.465 E.08595
G2 X132.347 Y84.77 I1.261 J1.956 E.01457
G1 X132.347 Y81.592 E.09506
G1 X131.968 Y81.592 E.01133
G1 X131.968 Y85.131 E.10589
G2 X131.821 Y85.284 I.65 J.775 E.00634
G1 X131.76 Y85.165 E.00399
G1 X131.589 Y85.252 E.00574
G1 X131.589 Y81.592 E.10949
G1 X131.21 Y81.592 E.01133
G1 X131.21 Y85.445 E.11527
G1 X130.99 Y85.558 E.00741
G1 X130.832 Y85.558 E.00473
G1 X130.832 Y81.592 E.11863
G1 X130.453 Y81.592 E.01133
G1 X130.453 Y85.558 E.11863
G1 X130.074 Y85.558 E.01133
G1 X130.074 Y81.592 E.11863
G1 X129.695 Y81.592 E.01133
G1 X129.695 Y85.558 E.11863
G1 X129.317 Y85.558 E.01133
G1 X129.317 Y81.592 E.11863
G1 X128.938 Y81.592 E.01133
G1 X128.938 Y85.558 E.11863
G1 X128.559 Y85.558 E.01133
G1 X128.559 Y81.592 E.11863
G1 X128.18 Y81.592 E.01133
G1 X128.18 Y85.558 E.11863
G1 X127.802 Y85.558 E.01133
G1 X127.802 Y81.592 E.11863
G1 X127.423 Y81.592 E.01133
G1 X127.423 Y85.558 E.11863
G1 X127.044 Y85.558 E.01133
G1 X127.044 Y81.592 E.11863
G1 X126.665 Y81.592 E.01133
G1 X126.665 Y85.558 E.11863
G1 X126.287 Y85.558 E.01133
G1 X126.287 Y81.592 E.11863
G1 X125.908 Y81.592 E.01133
G1 X125.908 Y85.558 E.11863
G1 X125.529 Y85.558 E.01133
G1 X125.529 Y81.592 E.11863
G1 X125.15 Y81.592 E.01133
G1 X125.15 Y85.558 E.11863
G1 X124.771 Y85.558 E.01133
G1 X124.771 Y81.592 E.11863
G1 X124.393 Y81.592 E.01133
G1 X124.393 Y85.558 E.11863
G1 X124.014 Y85.558 E.01133
G1 X124.014 Y81.592 E.11863
G1 X123.635 Y81.592 E.01133
G1 X123.635 Y85.558 E.11863
G1 X123.256 Y85.558 E.01133
G1 X123.256 Y81.592 E.11863
G1 X122.878 Y81.592 E.01133
G1 X122.878 Y85.558 E.11863
G1 X122.499 Y85.558 E.01133
G1 X122.499 Y81.592 E.11863
G1 X122.12 Y81.592 E.01133
G1 X122.12 Y85.558 E.11863
G1 X121.741 Y85.558 E.01133
G1 X121.741 Y81.592 E.11863
G1 X121.363 Y81.592 E.01133
G1 X121.363 Y85.558 E.11863
G1 X120.984 Y85.558 E.01133
G1 X120.984 Y81.592 E.11863
G1 X120.605 Y81.592 E.01133
G1 X120.605 Y85.558 E.11863
G1 X120.226 Y85.558 E.01133
G1 X120.226 Y81.592 E.11863
G1 X119.848 Y81.592 E.01133
G1 X119.848 Y85.558 E.11863
G1 X119.469 Y85.558 E.01133
G1 X119.469 Y81.592 E.11863
G1 X119.09 Y81.592 E.01133
G1 X119.09 Y85.558 E.11863
G1 X118.711 Y85.558 E.01133
G1 X118.711 Y81.592 E.11863
G1 X118.333 Y81.592 E.01133
G1 X118.333 Y85.558 E.11863
G1 X117.954 Y85.558 E.01133
G1 X117.954 Y81.592 E.11863
G1 X117.575 Y81.592 E.01133
G1 X117.575 Y85.558 E.11863
G1 X117.196 Y85.558 E.01133
G1 X117.196 Y81.592 E.11863
G1 X116.818 Y81.592 E.01133
G1 X116.818 Y85.558 E.11863
G1 X116.439 Y85.558 E.01133
G1 X116.439 Y81.592 E.11863
G1 X116.06 Y81.592 E.01133
G1 X116.06 Y85.558 E.11863
G1 X115.681 Y85.558 E.01133
G1 X115.681 Y81.592 E.11863
G1 X115.303 Y81.592 E.01133
G1 X115.303 Y85.558 E.11863
G1 X114.924 Y85.558 E.01133
G1 X114.924 Y81.592 E.11863
G1 X114.545 Y81.592 E.01133
G1 X114.545 Y85.558 E.11863
G1 X114.166 Y85.558 E.01133
G1 X114.166 Y81.592 E.11863
G1 X113.788 Y81.592 E.01133
G1 X113.788 Y85.558 E.11863
G1 X113.409 Y85.558 E.01133
G1 X113.409 Y81.592 E.11863
G1 X113.03 Y81.592 E.01133
G1 X113.03 Y85.558 E.11863
G1 X112.651 Y85.558 E.01133
G1 X112.651 Y81.592 E.11863
G1 X112.273 Y81.592 E.01133
G1 X112.273 Y85.558 E.11863
G1 X111.894 Y85.558 E.01133
G1 X111.894 Y81.592 E.11863
G1 X111.515 Y81.592 E.01133
G1 X111.515 Y103.743 E.66273
G2 X111.136 Y103.664 I-.566 J1.762 E.0116
G1 X111.136 Y81.592 E.66036
G1 X110.758 Y81.592 E.01133
G1 X110.758 Y103.604 E.65857
G2 X110.379 Y103.575 I-.326 J1.787 E.01139
G1 X110.379 Y81.592 E.65771
G1 X110 Y81.592 E.01133
G1 X110 Y103.556 E.65712
G1 X109.621 Y103.575 E.01135
G1 X109.621 Y81.592 E.65771
G1 X109.242 Y81.592 E.01133
G1 X109.242 Y103.604 E.65857
G1 X108.864 Y103.664 E.01147
G1 X108.864 Y81.592 E.66036
G1 X108.485 Y81.592 E.01133
G1 X108.485 Y103.743 E.66273
G1 X108.106 Y103.845 E.01173
G1 X108.106 Y81.592 E.66577
G1 X107.727 Y81.592 E.01133
G1 X107.727 Y103.979 E.66978
G2 X107.349 Y104.128 I.52 J1.876 E.0122
G1 X107.349 Y81.592 E.67424
G1 X106.97 Y81.592 E.01133
G1 X106.97 Y104.321 E.68002
G2 X106.591 Y104.54 I.853 J1.911 E.01312
G1 X106.591 Y81.592 E.68657
G1 X106.212 Y81.592 E.01133
G1 X106.212 Y104.786 E.69393
G1 X105.834 Y105.093 E.01458
G1 X105.834 Y81.592 E.70311
G1 X105.455 Y81.592 E.01133
G1 X105.455 Y105.444 E.71361
G2 X105.076 Y105.854 I1.763 J2.007 E.01674
G1 X105.076 Y81.592 E.72589
G1 X104.697 Y81.592 E.01133
G1 X104.697 Y106.349 E.74069
G2 X104.319 Y106.975 I2.787 J2.114 E.02192
G1 X104.319 Y81.592 E.75941
G1 X103.94 Y81.592 E.01133
G1 X103.94 Y108.407 E.80227
G1 X103.94 Y111.593 F18000
G1 F6000
G1 X103.94 Y138.408 E.80227
G1 X104.319 Y138.408 E.01133
G1 X104.319 Y113.025 E.75941
G2 X104.697 Y113.651 I3.165 J-1.489 E.02192
G1 X104.697 Y138.408 E.74069
G1 X105.076 Y138.408 E.01133
G1 X105.076 Y114.146 E.72589
G2 X105.455 Y114.556 I2.142 J-1.597 E.01674
G1 X105.455 Y138.408 E.71361
G1 X105.658 Y138.408 E.00606
G1 X105.658 Y132.408 E.17951
G1 X105.834 Y132.408 E.00527
G1 X105.834 Y114.907 E.52359
G1 X106.212 Y115.214 E.01458
G1 X106.212 Y132.408 E.51442
G1 X106.591 Y132.408 E.01133
G1 X106.591 Y115.46 E.50706
G2 X106.97 Y115.679 I1.232 J-1.692 E.01312
G1 X106.97 Y132.408 E.5005
G1 X107.349 Y132.408 E.01133
G1 X107.349 Y115.872 E.49473
G2 X107.727 Y116.021 I.899 J-1.727 E.0122
G1 X107.727 Y132.408 E.49027
G1 X108.106 Y132.408 E.01133
G1 X108.106 Y116.155 E.48626
G1 X108.485 Y116.257 E.01173
G1 X108.485 Y132.408 E.48322
G1 X108.864 Y132.408 E.01133
G1 X108.864 Y116.336 E.48085
G1 X109.242 Y116.396 E.01147
G1 X109.242 Y132.408 E.47906
G1 X109.621 Y132.408 E.01133
G1 X109.621 Y116.425 E.4782
G1 X110 Y116.444 E.01135
G1 X110 Y132.408 E.4776
G1 X110.379 Y132.408 E.01133
G1 X110.379 Y116.425 E.4782
G2 X110.758 Y116.396 I.053 J-1.816 E.01139
G1 X110.758 Y132.408 E.47906
G1 X111.136 Y132.408 E.01133
G1 X111.136 Y116.336 E.48085
G2 X111.515 Y116.257 I-.187 J-1.841 E.0116
G1 X111.515 Y132.408 E.48322
G1 X111.894 Y132.408 E.01133
G1 X111.894 Y116.155 E.48626
G2 X112.273 Y116.021 I-.449 J-1.869 E.01204
G1 X112.273 Y132.408 E.49027
G1 X112.651 Y132.408 E.01133
G1 X112.651 Y115.872 E.49473
G1 X113.03 Y115.679 E.01272
G1 X113.03 Y132.408 E.5005
G1 X113.409 Y132.408 E.01133
G1 X113.409 Y115.46 E.50706
G1 X113.788 Y115.214 E.01351
G1 X113.788 Y132.408 E.51442
G1 X114.166 Y132.408 E.01133
G1 X114.166 Y114.907 E.52359
G2 X114.545 Y114.556 I-1.481 J-1.977 E.01548
G1 X114.545 Y138.408 E.71361
G1 X114.924 Y138.408 E.01133
G1 X114.924 Y114.146 E.72589
G2 X115.303 Y113.651 I-2.165 J-2.049 E.01868
G1 X115.303 Y138.408 E.74069
G1 X115.681 Y138.408 E.01133
G1 X115.681 Y113.025 E.75941
G2 X116.06 Y112.171 I-3.875 J-2.229 E.02801
G1 X116.06 Y138.408 E.78497
G1 X116.439 Y138.408 E.01133
G1 X116.439 Y96.442 E1.25556
G1 X116.818 Y96.442 E.01133
G1 X116.818 Y138.408 E1.25556
G1 X117.196 Y138.408 E.01133
G1 X117.196 Y96.442 E1.25556
G1 X117.575 Y96.442 E.01133
G1 X117.575 Y138.408 E1.25556
G1 X117.954 Y138.408 E.01133
G1 X117.954 Y96.442 E1.25556
G1 X118.333 Y96.442 E.01133
G1 X118.333 Y138.408 E1.25556
G1 X118.711 Y138.408 E.01133
G1 X118.711 Y96.442 E1.25556
G1 X119.09 Y96.442 E.01133
G1 X119.09 Y138.408 E1.25556
G1 X119.469 Y138.408 E.01133
G1 X119.469 Y96.442 E1.25556
G1 X119.848 Y96.442 E.01133
G1 X119.848 Y138.408 E1.25556
G1 X120.226 Y138.408 E.01133
G1 X120.226 Y96.442 E1.25556
G1 X120.605 Y96.442 E.01133
G1 X120.605 Y138.408 E1.25556
G1 X120.984 Y138.408 E.01133
G1 X120.984 Y96.442 E1.25556
G1 X121.363 Y96.442 E.01133
G1 X121.363 Y138.408 E1.25556
G1 X121.741 Y138.408 E.01133
G1 X121.741 Y96.442 E1.25556
G1 X122.12 Y96.442 E.01133
G1 X122.12 Y138.408 E1.25556
G1 X122.499 Y138.408 E.01133
G1 X122.499 Y96.442 E1.25556
G1 X122.878 Y96.442 E.01133
G1 X122.878 Y138.408 E1.25556
G1 X123.256 Y138.408 E.01133
G1 X123.256 Y96.442 E1.25556
G1 X123.635 Y96.442 E.01133
G1 X123.635 Y138.408 E1.25556
G1 X124.014 Y138.408 E.01133
G1 X124.014 Y96.442 E1.25556
G1 X124.393 Y96.442 E.01133
G1 X124.393 Y138.408 E1.25556
G1 X124.771 Y138.408 E.01133
G1 X124.771 Y96.442 E1.25556
G1 X125.15 Y96.442 E.01133
G1 X125.15 Y138.408 E1.25556
G1 X125.529 Y138.408 E.01133
G1 X125.529 Y96.442 E1.25556
G1 X125.908 Y96.442 E.01133
G1 X125.908 Y138.408 E1.25556
G1 X126.286 Y138.408 E.01133
G1 X126.287 Y96.442 E1.25556
G1 X126.665 Y96.442 E.01133
G1 X126.665 Y138.408 E1.25556
G1 X127.044 Y138.408 E.01133
G1 X127.044 Y96.442 E1.25556
G1 X127.423 Y96.442 E.01133
G1 X127.423 Y138.408 E1.25556
G1 X127.802 Y138.408 E.01133
G1 X127.802 Y96.442 E1.25556
G1 X128.18 Y96.442 E.01133
G1 X128.18 Y138.408 E1.25556
G1 X128.559 Y138.408 E.01133
G1 X128.559 Y96.442 E1.25556
G1 X128.938 Y96.442 E.01133
G1 X128.938 Y138.408 E1.25556
G1 X129.317 Y138.408 E.01133
G1 X129.317 Y96.442 E1.25556
G1 X129.695 Y96.442 E.01133
G1 X129.695 Y138.408 E1.25556
G1 X130.074 Y138.408 E.01133
G1 X130.074 Y96.442 E1.25556
G1 X130.453 Y96.442 E.01133
G1 X130.453 Y138.577 E1.26063
G1 X130.832 Y132.641 F18000
G1 F6000
G1 X130.832 Y138.408 E.17254
G1 X131.21 Y138.408 E.01133
G1 X131.21 Y133.882 E.1354
G2 X131.589 Y134.43 I2.799 J-1.529 E.01997
G1 X131.589 Y138.408 E.119
G1 X131.968 Y138.408 E.01133
G1 X131.968 Y134.869 E.10589
G2 X132.347 Y135.23 I1.909 J-1.62 E.0157
G1 X132.347 Y138.408 E.09507
G1 X132.725 Y138.408 E.01133
G1 X132.725 Y135.535 E.08595
G1 X133.104 Y135.781 E.01351
G1 X133.104 Y138.408 E.0786
G1 X133.483 Y138.408 E.01133
G1 X133.483 Y135.987 E.07241
G2 X133.862 Y136.163 I1.025 J-1.712 E.01252
G1 X133.862 Y138.408 E.06715
G1 X134.24 Y138.408 E.01133
G1 X134.24 Y136.309 E.0628
G2 X134.619 Y136.414 I.689 J-1.749 E.01178
G1 X134.619 Y138.408 E.05966
G1 X134.998 Y138.408 E.01133
G1 X134.998 Y136.497 E.05715
G1 X135.377 Y136.557 E.01147
G1 X135.377 Y138.408 E.05535
G1 X135.755 Y138.408 E.01133
G1 X135.755 Y136.581 E.05464
G2 X136.134 Y136.587 I.217 J-1.797 E.01135
G1 X136.134 Y138.408 E.05446
G1 X136.513 Y138.408 E.01133
G1 X136.513 Y136.567 E.05506
G2 X136.892 Y136.515 I-.06 J-1.829 E.01146
G1 X136.892 Y138.408 E.05662
G1 X137.27 Y138.408 E.01133
G1 X137.27 Y136.443 E.05877
G1 X137.649 Y136.342 E.01173
G1 X137.649 Y138.408 E.06181
G1 X138.028 Y138.408 E.01133
G1 X138.028 Y136.269 E.06399
G1 X138.407 Y136.269 E.01133
G1 X138.407 Y138.577 E.06906
G1 X138.392 Y136.066 F18000
;WIDTH:0.38292
G1 F6000
G1 X138.329 Y136.103 E.00198
G1 X138.377 Y136.131 E.00151
G1 X139.139 Y136.131 F18000
G1 X135.492 Y135.835
G1 X134.989 Y135.755
G1 X134.498 Y135.624
G1 X134.023 Y135.441
G1 X133.569 Y135.21
G1 X133.142 Y134.933
G1 X132.747 Y134.613
G1 X132.387 Y134.253
G1 X132.067 Y133.858
G1 X131.79 Y133.431
G1 X131.559 Y132.977
G1 X131.376 Y132.502
G1 X131.245 Y132.011
G1 X131.165 Y131.508
G1 X131.138 Y131
G1 X131.165 Y130.492
G1 X131.245 Y129.989
G1 X131.374 Y129.505
G1 X130.832 Y129.359
;WIDTH:0.421676
G1 F6000
G1 X130.832 Y96.442 E.98485
G1 X131.21 Y96.442 E.01133
G1 X131.21 Y128.118 E.9477
G3 X131.589 Y127.57 I2.799 J1.529 E.01997
G1 X131.589 Y92.528 E1.04843
G1 X131.668 Y92.528 E.00236
G2 X131.968 Y92.869 I1.77 J-1.255 E.0136
G1 X131.968 Y127.372 E1.0323
G1 X135.196 Y125.467 F18000
;WIDTH:0.38292
G1 F6000
G3 X137.102 Y125.491 I.81 J11.618 E.05123
G1 X137.178 Y125.497 F18000
;WIDTH:0.375986
G1 F6000
G1 X137.731 Y125.643 E.01505
G1 X138.372 Y125.917 E.01832
G1 X138.372 Y125.499 E.01098
G1 X137.238 Y125.497 E.02982
G1 X138.407 Y125.503 F18000
;WIDTH:0.421676
G1 F6000
G1 X138.407 Y114.342 E.33392
G1 X138.028 Y114.342 E.01133
G1 X138.028 Y125.334 E.32885
G1 X137.649 Y125.334 E.01133
G1 X137.649 Y114.342 E.32885
G1 X137.27 Y114.342 E.01133
G1 X137.27 Y125.334 E.32885
G1 X136.892 Y125.334 E.01133
G1 X136.892 Y114.342 E.32885
G1 X136.513 Y114.342 E.01133
G1 X136.513 Y125.334 E.32885
G1 X136.134 Y125.334 E.01133
G1 X136.134 Y114.342 E.32885
G1 X135.755 Y114.342 E.01133
G1 X135.755 Y125.334 E.32885
G1 X135.377 Y125.334 E.01133
G1 X135.377 Y114.342 E.32885
G1 X134.998 Y114.342 E.01133
G1 X134.998 Y125.503 E.3339
G2 X134.619 Y125.586 I.21 J1.846 E.01163
G1 X134.619 Y114.342 E.33641
G1 X134.24 Y114.342 E.01133
G1 X134.24 Y125.691 E.33955
G1 X133.862 Y125.837 E.01214
G1 X133.862 Y114.342 E.3439
G1 X133.483 Y114.342 E.01133
G1 X133.483 Y126.013 E.34916
G2 X133.104 Y126.219 I.795 J1.906 E.01293
G1 X133.104 Y114.342 E.35535
G1 X132.725 Y114.342 E.01133
G1 X132.725 Y126.465 E.36271
G2 X132.347 Y126.77 I1.261 J1.956 E.01457
G1 X132.347 Y93.23 E1.00347
G2 X132.725 Y93.535 I1.639 J-1.651 E.01457
G1 X132.725 Y105.658 E.36271
G1 X133.104 Y105.658 E.01133
G1 X133.104 Y93.781 E.35535
G2 X133.483 Y93.987 I1.174 J-1.699 E.01293
G1 X133.483 Y105.658 E.34916
G1 X133.862 Y105.658 E.01133
G1 X133.862 Y94.163 E.3439
G1 X134.24 Y94.309 E.01214
G1 X134.24 Y105.658 E.33955
G1 X134.619 Y105.658 E.01133
G1 X134.619 Y94.414 E.33641
G2 X134.998 Y94.497 I.589 J-1.762 E.01163
G1 X134.998 Y105.658 E.3339
G1 X135.377 Y105.658 E.01133
G1 X135.377 Y94.557 E.3321
G2 X135.755 Y94.581 I.303 J-1.79 E.01138
G1 X135.755 Y105.658 E.33139
G1 X136.134 Y105.658 E.01133
G1 X136.134 Y94.587 E.33121
G1 X136.513 Y94.567 E.01135
G1 X136.513 Y105.658 E.33181
G1 X136.892 Y105.658 E.01133
G1 X136.892 Y94.515 E.33338
G2 X137.27 Y94.443 I-.152 J-1.839 E.01155
G1 X137.27 Y105.658 E.33552
G1 X137.649 Y105.658 E.01133
G1 X137.649 Y94.342 E.33856
G2 X138.028 Y94.206 I-.458 J-1.869 E.01206
G1 X138.028 Y105.658 E.34263
G1 X138.407 Y105.658 E.01133
G1 X138.407 Y93.853 E.35317
G1 X116.06 Y108.407 F18000
G1 F6000
G1 X116.06 Y96.442 E.35797
G1 X115.681 Y96.442 E.01133
G1 X115.681 Y106.975 E.31511
G2 X115.303 Y106.349 I-3.165 J1.489 E.02192
G1 X115.303 Y96.442 E.2964
G1 X114.924 Y96.442 E.01133
G1 X114.924 Y105.854 E.28159
G2 X114.545 Y105.444 I-2.142 J1.597 E.01674
G1 X114.545 Y96.442 E.26931
G1 X114.166 Y96.442 E.01133
G1 X114.166 Y105.093 E.25881
G1 X113.788 Y104.786 E.01458
G1 X113.788 Y96.442 E.24964
G1 X113.409 Y96.442 E.01133
G1 X113.409 Y104.54 E.24228
G2 X113.03 Y104.321 I-1.232 J1.692 E.01312
G1 X113.03 Y96.442 E.23572
G1 X112.651 Y96.442 E.01133
G1 X112.651 Y104.128 E.22995
G2 X112.273 Y103.979 I-.899 J1.727 E.0122
G1 X112.273 Y96.442 E.22548
G1 X111.894 Y96.442 E.01133
G1 X111.894 Y104.021 E.22673
G1 X89.168 Y87.359 F18000
G1 F6000
G1 X89.168 Y81.592 E.17254
G1 X88.79 Y81.592 E.01133
G1 X88.79 Y86.118 E.1354
G2 X88.411 Y85.57 I-2.799 J1.529 E.01997
G1 X88.411 Y81.592 E.119
G1 X88.032 Y81.592 E.01133
G1 X88.032 Y85.131 E.10588
G2 X87.653 Y84.77 I-1.909 J1.62 E.0157
G1 X87.653 Y81.592 E.09506
G1 X87.275 Y81.592 E.01133
G1 X87.275 Y84.465 E.08595
G1 X86.896 Y84.219 E.01351
G1 X86.896 Y81.592 E.0786
G1 X86.517 Y81.592 E.01133
G1 X86.517 Y84.013 E.07241
G2 X86.138 Y83.837 I-1.025 J1.712 E.01252
G1 X86.138 Y81.592 E.06715
G1 X85.76 Y81.592 E.01133
G1 X85.76 Y83.691 E.0628
G2 X85.491 Y83.616 I-.494 J1.239 E.00836
G1 X85.491 Y83.478 E.00413
G1 X85.381 Y83.478 E.0033
G1 X85.381 Y81.592 E.05641
G1 X85.002 Y81.592 E.01133
G1 X85.002 Y83.478 E.05641
G3 X84.623 Y83.443 I-.078 J-1.213 E.01143
G1 X84.623 Y81.592 E.05535
G1 X84.245 Y81.592 E.01133
G1 X84.245 Y83.419 E.05464
G2 X83.866 Y83.413 I-.217 J1.797 E.01135
G1 X83.866 Y81.592 E.05446
G1 X83.487 Y81.592 E.01133
G1 X83.487 Y83.433 E.05506
G3 X83.108 Y83.478 I-7.162 J-58.419 E.01141
G1 X83.108 Y81.592 E.05641
G1 X82.73 Y81.592 E.01133
G1 X82.73 Y83.478 E.05641
G1 X82.351 Y83.478 E.01133
G1 X82.351 Y81.592 E.05641
G1 X81.972 Y81.592 E.01133
G1 X81.972 Y83.478 E.05641
G1 X81.593 Y83.478 E.01133
G1 X81.593 Y81.423 E.06149
G1 X81.728 Y83.743 F18000
;WIDTH:0.549501
G1 F4986.995
G1 X81.859 Y83.719 E.00532
;WIDTH:0.501907
G1 F5504.121
G1 X81.99 Y83.695 E.00482
;WIDTH:0.454312
G1 F6000
G1 X82.12 Y83.67 E.00432
;WIDTH:0.388342
G3 X83.28 Y83.533 I2.041 J12.287 E.03187
G1 X85.39 Y83.564 F18000
;WIDTH:0.38292
G1 F6000
G1 X85.326 Y83.6 E.00198
G1 X85.374 Y83.629 E.00151
G1 X85.196 Y84.294 F18000
G1 X85.502 Y84.376
G1 X85.977 Y84.559
G1 X86.431 Y84.79
G1 X86.858 Y85.067
G1 X87.253 Y85.387
G1 X87.613 Y85.747
G1 X87.933 Y86.142
G1 X88.21 Y86.569
G1 X88.441 Y87.023
G1 X88.624 Y87.498
G1 X88.755 Y87.989
G1 X88.835 Y88.492
G1 X88.862 Y89
G1 X88.835 Y89.508
G1 X88.755 Y90.011
G1 X88.624 Y90.502
G1 X88.441 Y90.977
G1 X88.21 Y91.431
G1 X87.933 Y91.858
G1 X87.613 Y92.253
G1 X87.253 Y92.613
G1 X86.858 Y92.933
G1 X86.431 Y93.21
G1 X85.977 Y93.441
G1 X85.502 Y93.624
G1 X85.011 Y93.755
G1 X84.508 Y93.835
G1 X84 Y93.862
G1 X83.492 Y93.835
G1 X82.989 Y93.755
G1 X82.498 Y93.624
G1 X82.023 Y93.441
G1 X81.848 Y93.353
G1 X81.593 Y93.853
;WIDTH:0.421676
G1 F6000
G1 X81.593 Y105.658 E.35317
G1 X81.972 Y105.658 E.01133
G1 X81.972 Y94.206 E.34263
G2 X82.351 Y94.342 I.837 J-1.733 E.01206
G1 X82.351 Y105.658 E.33856
G1 X82.73 Y105.658 E.01133
G1 X82.73 Y94.443 E.33552
G2 X83.108 Y94.515 I.531 J-1.768 E.01155
G1 X83.108 Y105.658 E.33338
G1 X83.487 Y105.658 E.01133
G1 X83.487 Y94.567 E.33181
G1 X83.866 Y94.587 E.01135
G1 X83.866 Y105.658 E.33121
G1 X84.245 Y105.658 E.01133
G1 X84.245 Y94.581 E.33139
G2 X84.623 Y94.557 I.075 J-1.814 E.01138
G1 X84.623 Y105.658 E.3321
G1 X85.002 Y105.658 E.01133
G1 X85.002 Y94.497 E.3339
G2 X85.381 Y94.414 I-.21 J-1.845 E.01163
G1 X85.381 Y105.658 E.33641
G1 X85.76 Y105.658 E.01133
G1 X85.76 Y94.309 E.33955
G1 X86.138 Y94.163 E.01214
G1 X86.138 Y105.658 E.3439
G1 X86.517 Y105.658 E.01133
G1 X86.517 Y93.987 E.34916
G2 X86.896 Y93.781 I-.795 J-1.906 E.01293
G1 X86.896 Y105.658 E.35535
G1 X87.275 Y105.658 E.01133
G1 X87.275 Y93.535 E.36271
G2 X87.653 Y93.23 I-1.26 J-1.955 E.01457
G1 X87.653 Y126.77 E1.00347
G3 X88.032 Y127.131 I-1.53 J1.981 E.0157
G1 X88.032 Y92.869 E1.02511
G2 X88.411 Y92.43 I-1.894 J-2.02 E.01736
G1 X88.411 Y127.57 E1.05134
G3 X88.79 Y128.118 I-2.421 J2.077 E.01997
G1 X88.79 Y91.882 E1.08415
G1 X89.111 Y91.275 E.02053
G1 X89.168 Y91.125 E.00482
G1 X89.168 Y129.359 E1.14394
G1 X87.275 Y126.681 F18000
G1 F6000
G1 X87.275 Y114.342 E.36917
G1 X86.896 Y114.342 E.01133
G1 X86.896 Y126.219 E.35535
G2 X86.517 Y126.013 I-1.174 J1.699 E.01293
G1 X86.517 Y114.342 E.34916
G1 X86.138 Y114.342 E.01133
G1 X86.138 Y125.837 E.3439
G1 X85.76 Y125.691 E.01214
G1 X85.76 Y114.342 E.33955
G1 X85.381 Y114.342 E.01133
G1 X85.381 Y125.586 E.33641
G2 X85.002 Y125.503 I-.589 J1.762 E.01163
G1 X85.002 Y114.342 E.3339
G1 X84.623 Y114.342 E.01133
G1 X84.623 Y125.334 E.32884
G1 X84.245 Y125.334 E.01133
G1 X84.245 Y114.342 E.32884
G1 X83.866 Y114.342 E.01133
G1 X83.866 Y125.334 E.32884
G1 X83.487 Y125.334 E.01133
G1 X83.487 Y114.342 E.32884
G1 X83.108 Y114.342 E.01133
G1 X83.108 Y125.334 E.32884
G1 X82.73 Y125.334 E.01133
G1 X82.73 Y114.342 E.32884
G1 X82.351 Y114.342 E.01133
G1 X82.351 Y125.334 E.32884
G1 X81.972 Y125.334 E.01133
G1 X81.972 Y114.342 E.32884
G1 X81.593 Y114.342 E.01133
G1 X81.593 Y125.503 E.33392
G1 X82.836 Y125.496 F18000
;WIDTH:0.38292
G1 F6000
G3 X84.739 Y125.469 I1.104 J10.946 E.05119
G1 X82.827 Y125.496 F18000
;WIDTH:0.373701
G1 F6000
G1 X81.625 Y125.496 E.03143
G1 X81.625 Y125.904 E.01068
G3 X82.77 Y125.511 I2.263 J4.731 E.0317
G1 X82.968 Y126.251 F18000
G1 X82.989 Y126.245
G1 X83.492 Y126.165
G1 X84 Y126.138
G1 X84.508 Y126.165
G1 X85.011 Y126.245
G1 X85.502 Y126.376
G1 X85.977 Y126.559
G1 X86.431 Y126.79
G1 X86.858 Y127.067
G1 X87.253 Y127.387
G1 X87.613 Y127.747
G1 X87.933 Y128.142
G1 X88.21 Y128.569
G1 X88.441 Y129.023
G1 X88.624 Y129.498
G1 X88.755 Y129.989
G1 X88.835 Y130.492
G1 X88.862 Y131
G1 X88.835 Y131.508
G1 X88.755 Y132.011
G1 X88.624 Y132.502
G1 X88.441 Y132.977
G1 X88.21 Y133.431
G1 X87.933 Y133.858
G1 X87.613 Y134.253
G1 X87.253 Y134.613
G1 X86.858 Y134.933
G1 X86.431 Y135.21
G1 X85.977 Y135.441
G1 X85.502 Y135.624
G1 X85.011 Y135.755
G1 X84.508 Y135.835
G1 X84 Y135.862
G1 X83.492 Y135.835
G1 X82.989 Y135.755
G1 X82.498 Y135.624
G1 X82.023 Y135.441
G1 X81.983 Y135.421
G1 X81.658 Y136.058
;WIDTH:0.390102
G1 F6000
G1 X81.593 Y136.095 E.00206
G1 X81.644 Y136.125 E.00161
G1 X81.593 Y136.099 F18000
;WIDTH:0.421676
G1 F6000
G1 X81.593 Y138.408 E.06907
G1 X81.972 Y138.408 E.01133
G1 X81.972 Y136.269 E.06399
G1 X82.137 Y136.269 E.00493
G2 X82.351 Y136.342 I.454 J-.981 E.00678
G1 X82.351 Y138.408 E.06181
G1 X82.73 Y138.408 E.01133
G1 X82.73 Y136.443 E.05877
G2 X83.108 Y136.515 I.531 J-1.768 E.01155
G1 X83.108 Y138.408 E.05662
G1 X83.487 Y138.408 E.01133
G1 X83.487 Y136.567 E.05506
G1 X83.866 Y136.587 E.01135
G1 X83.866 Y138.408 E.05446
G1 X84.245 Y138.408 E.01133
G1 X84.245 Y136.581 E.05464
G2 X84.623 Y136.557 I.075 J-1.814 E.01138
G1 X84.623 Y138.408 E.05535
G1 X85.002 Y138.408 E.01133
G1 X85.002 Y136.497 E.05715
G2 X85.381 Y136.414 I-.21 J-1.845 E.01163
G1 X85.381 Y138.408 E.05966
G1 X85.76 Y138.408 E.01133
G1 X85.76 Y136.309 E.0628
G1 X86.138 Y136.163 E.01214
G1 X86.138 Y138.408 E.06715
G1 X86.517 Y138.408 E.01133
G1 X86.517 Y135.987 E.07241
G2 X86.896 Y135.781 I-.795 J-1.906 E.01293
G1 X86.896 Y138.408 E.0786
G1 X87.275 Y138.408 E.01133
G1 X87.275 Y135.535 E.08595
G2 X87.653 Y135.23 I-1.26 J-1.956 E.01457
G1 X87.653 Y138.408 E.09506
G1 X88.032 Y138.408 E.01133
G1 X88.032 Y134.869 E.10588
G2 X88.411 Y134.43 I-1.894 J-2.02 E.01736
G1 X88.411 Y138.408 E.119
G1 X88.79 Y138.408 E.01133
G1 X88.79 Y133.882 E.1354
G1 X89.111 Y133.275 E.02053
G1 X89.168 Y133.125 E.00482
G1 X89.168 Y138.408 E.15805
G1 X89.547 Y138.408 E.01133
G1 X89.547 Y81.592 E1.69985
G1 X89.926 Y81.592 E.01133
G1 X89.926 Y138.408 E1.69985
G1 X90.305 Y138.408 E.01133
G1 X90.305 Y81.592 E1.69985
G1 X90.683 Y81.592 E.01133
G1 X90.683 Y138.408 E1.69985
G1 X91.062 Y138.408 E.01133
G1 X91.062 Y81.592 E1.69985
G1 X91.441 Y81.592 E.01133
G1 X91.441 Y138.408 E1.69985
G1 X91.82 Y138.408 E.01133
G1 X91.82 Y81.592 E1.69985
G1 X92.198 Y81.592 E.01133
G1 X92.198 Y138.408 E1.69985
G1 X92.577 Y138.408 E.01133
G1 X92.577 Y81.592 E1.69985
G1 X92.956 Y81.592 E.01133
G1 X92.956 Y138.408 E1.69985
G1 X93.335 Y138.408 E.01133
G1 X93.335 Y81.592 E1.69985
G1 X93.713 Y81.592 E.01133
G1 X93.713 Y138.408 E1.69985
G1 X94.092 Y138.408 E.01133
G1 X94.092 Y81.592 E1.69985
G1 X94.471 Y81.592 E.01133
G1 X94.471 Y138.408 E1.69985
G1 X94.85 Y138.408 E.01133
G1 X94.85 Y81.592 E1.69985
G1 X95.229 Y81.592 E.01133
G1 X95.229 Y138.408 E1.69985
G1 X95.607 Y138.408 E.01133
G1 X95.607 Y81.592 E1.69985
G1 X95.986 Y81.592 E.01133
G1 X95.986 Y138.408 E1.69985
G1 X96.365 Y138.408 E.01133
G1 X96.365 Y81.592 E1.69985
G1 X96.744 Y81.592 E.01133
G1 X96.744 Y138.408 E1.69985
G1 X97.122 Y138.408 E.01133
G1 X97.122 Y81.592 E1.69985
G1 X97.501 Y81.592 E.01133
G1 X97.501 Y138.408 E1.69985
G1 X97.88 Y138.408 E.01133
G1 X97.88 Y81.592 E1.69985
G1 X98.259 Y81.592 E.01133
G1 X98.259 Y138.408 E1.69985
G1 X98.637 Y138.408 E.01133
G1 X98.637 Y81.592 E1.69985
G1 X99.016 Y81.592 E.01133
G1 X99.016 Y138.408 E1.69985
G1 X99.395 Y138.408 E.01133
G1 X99.395 Y81.592 E1.69985
G1 X99.774 Y81.592 E.01133
G1 X99.774 Y138.408 E1.69985
G1 X100.152 Y138.408 E.01133
G1 X100.152 Y81.592 E1.69985
G1 X100.531 Y81.592 E.01133
G1 X100.531 Y138.408 E1.69985
G1 X100.91 Y138.408 E.01133
G1 X100.91 Y81.592 E1.69985
G1 X101.289 Y81.592 E.01133
G1 X101.289 Y138.408 E1.69985
G1 X101.667 Y138.408 E.01133
G1 X101.667 Y81.592 E1.69985
G1 X102.046 Y81.592 E.01133
G1 X102.046 Y138.408 E1.69985
G1 X102.425 Y138.408 E.01133
G1 X102.425 Y81.592 E1.69985
G1 X102.804 Y81.592 E.01133
G1 X102.804 Y138.408 E1.69985
G1 X103.182 Y138.408 E.01133
G1 X103.182 Y81.592 E1.69985
G1 X103.561 Y81.592 E.01133
G1 X103.561 Y138.577 E1.70493
; stop printing object mid_plate.stl id:1992740639744 copy 0
;LAYER_CHANGE
;Z:1.84
;HEIGHT:0.2
G92 E0 ; zero the extruded length again
; BEFORE_LAYER_CHANGE 8 @ 1.84mm
G1 E-1.75 F6000
;WIPE_START
G1 X103.561 Y137.577 E-.75
;WIPE_END
; AFTER_LAYER_CHANGE 8 @ 1.84mm
;_SET_FAN_SPEED_CHANGING_LAYER
; printing object mid_plate.stl id:1992740639744 copy 0
G17
G3 Z2.04 I.513 J.327 P1  F18000
G1 X106.389 Y133.139 Z2.04
G1 X113.611 Y133.139
G1 X113.611 Y139.139
G1 X113.21 Y139.54
G1 Z1.84
G1 E2.5 F6000
M204 P1000
;TYPE:Outer wall
;WIDTH:0.42
G1 F3600
G1 X113.21 Y133.54 E.17872
G1 X106.79 Y133.54 E.19123
G1 X106.79 Y139.54 E.17872
G1 X81.256 Y139.54 E.76058
G3 X80.46 Y138.744 I-.002 J-.793 E.03725
G1 X80.46 Y133.706 E.15007
G2 X80.46 Y128.294 I3.542 J-2.706 E.66106
G1 X80.46 Y113.21 E.44929
G1 X86.46 Y113.21 E.17872
G1 X86.46 Y106.79 E.19123
G1 X80.46 Y106.79 E.17872
G1 X80.46 Y91.706 E.44929
G2 X80.46 Y86.294 I3.542 J-2.706 E.66106
G1 X80.46 Y81.256 E.15007
G3 X81.256 Y80.46 I.793 J-.002 E.03725
G1 X138.832 Y80.465 E1.71502
G3 X139.54 Y81.256 I-.095 J.797 E.03453
G1 X139.54 Y86.294 E.15007
G2 X139.54 Y91.706 I-3.542 J2.706 E.66106
G1 X139.54 Y106.79 E.44929
G1 X133.54 Y106.79 E.17872
G1 X133.54 Y113.21 E.19123
G1 X139.54 Y113.21 E.17872
G1 X139.54 Y128.294 E.44929
G2 X139.54 Y133.706 I-3.542 J2.706 E.66106
G1 X139.54 Y138.744 E.15007
G3 X138.744 Y139.54 I-.793 J.002 E.03725
G1 X113.27 Y139.54 E.7588
G1 X113.611 Y139.139 F18000
G1 X113.602 Y139.148
M204 P1500
;TYPE:Inner wall
;WIDTH:0.45
G1 F6000
G1 X113.602 Y133.148 E.19294
G1 X106.398 Y133.148 E.23166
G1 X106.398 Y139.148 E.19294
G1 X81.266 Y139.148 E.80816
G3 X80.852 Y138.734 I-.012 J-.402 E.02107
G1 X80.852 Y134.687 E.13015
G2 X80.852 Y127.313 I3.151 J-3.687 E.71052
G1 X80.852 Y113.602 E.4409
G1 X86.852 Y113.602 E.19294
G1 X86.852 Y106.398 E.23166
G1 X80.852 Y106.398 E.19294
G1 X80.852 Y92.687 E.4409
G2 X80.852 Y85.313 I3.151 J-3.687 E.71052
G1 X80.852 Y81.266 E.13015
G3 X81.266 Y80.852 I.402 J-.012 E.02107
G1 X138.791 Y80.855 E1.84981
G3 X139.148 Y81.266 I-.049 J.402 E.01917
G1 X139.148 Y85.313 E.13015
G2 X139.148 Y92.687 I-3.151 J3.687 E.71052
G1 X139.148 Y106.398 E.4409
G1 X133.148 Y106.398 E.19294
G1 X133.148 Y113.602 E.23166
G1 X139.148 Y113.602 E.19294
G1 X139.148 Y127.313 E.4409
G2 X139.148 Y134.687 I-3.151 J3.687 E.71052
G1 X139.148 Y138.734 E.13015
G3 X138.734 Y139.148 I-.402 J.012 E.02107
G1 X113.662 Y139.148 E.80623
G1 X114.009 Y138.741 F18000
G1 F6000
G1 X114.009 Y132.741 E.19294
G1 X105.991 Y132.741 E.25784
G1 X105.991 Y138.741 E.19294
G1 X81.259 Y138.741 E.79528
G1 X81.259 Y135.499 E.10423
G2 X86.14 Y135.806 I2.739 J-4.599 E.1633
G2 X81.86 Y126.194 I-2.14 J-4.806 E.53142
G1 X81.259 Y126.501 E.0217
G1 X81.259 Y114.009 E.40168
G1 X87.259 Y114.009 E.19294
G1 X87.259 Y105.991 E.25784
G1 X81.259 Y105.991 E.19294
G1 X81.259 Y93.499 E.40168
G2 X86.14 Y93.806 I2.739 J-4.599 E.1633
G2 X81.86 Y84.194 I-2.14 J-4.806 E.53142
G1 X81.259 Y84.501 E.0217
G1 X81.259 Y81.259 E.10423
G1 X138.741 Y81.259 E1.8484
G1 X138.741 Y84.501 E.10423
G2 X133.86 Y84.194 I-2.739 J4.599 E.1633
G2 X131.296 Y86.66 I2.189 J4.842 E.11664
G1 X131.109 Y86.615 E.00619
G1 X131.109 Y85.891 E.02328
G1 X111.891 Y85.891 E.61799
G1 X111.891 Y96.109 E.32858
G1 X131.109 Y96.109 E.61799
G1 X131.109 Y91.385 E.15191
G1 X131.296 Y91.34 E.00619
G2 X138.14 Y93.806 I4.713 J-2.351 E.25819
G1 X138.741 Y93.499 E.0217
G1 X138.741 Y105.991 E.40168
G1 X132.741 Y105.991 E.19294
G1 X132.741 Y114.009 E.25784
G1 X138.741 Y114.009 E.19294
G1 X138.741 Y126.501 E.40168
G2 X133.86 Y126.194 I-2.739 J4.599 E.1633
G2 X138.14 Y135.806 I2.14 J4.806 E.53142
G1 X138.741 Y135.499 E.0217
G1 X138.741 Y138.741 E.10423
G1 X114.069 Y138.741 E.79335
G1 E-1.75
;WIPE_START
G1 X114.059 Y137.741 E-.75
;WIPE_END
G1 X113.611 Y137.741 Z2.04 F18000
G1 X113.611 Y133.139
G1 X113.226 Y133.139
G1 X109.978 Y115.711
G1 X109.999 Y115.31
G1 Z1.84
G1 E2.5 F6000
M204 P1000
;TYPE:Outer wall
;WIDTH:0.42
G1 F3600
G1 X110 Y115.303 E.00022
G2 X110 Y104.69 I0 J-5.307 E.49658
G1 X109.529 Y104.714 E.01405
G1 X109.445 Y104.719 E.00251
G2 X109.446 Y115.274 I.555 J5.278 E.4635
G1 X109.94 Y115.306 E.01474
G1 X109.919 Y115.707 F18000
G1 X109.981 Y115.711
G1 X109.981 Y115.702
M204 P1500
;TYPE:Inner wall
;WIDTH:0.45
G1 F6000
G1 X110 Y115.695 E.00065
G2 X110 Y104.297 I0 J-5.699 E.57573
G1 X109.509 Y104.323 E.01582
G1 X109.404 Y104.328 E.00337
G2 X109.405 Y115.664 I.596 J5.668 E.53737
G1 X109.921 Y115.698 E.01664
G1 X109.961 Y116.109 F18000
G1 F6000
G1 X110 Y116.101 E.00127
G2 X110 Y103.889 I0 J-6.106 E.61683
G1 X109.487 Y103.916 E.01651
G1 X109.361 Y103.923 E.00406
G2 X109.362 Y116.068 I.639 J6.073 E.57574
G1 X109.901 Y116.105 E.01738
G1 E-1.75
;WIPE_START
G1 X110 Y116.101 E-.07395
G1 X110.639 Y116.077 E-.47939
G1 X110.898 Y116.036 E-.19665
;WIPE_END
G1 X110.835 Y115.643 Z2.04 F18000
G1 X111.188 Y115.587
G1 X111.765 Y115.432
G1 X112.323 Y115.218
G1 X112.856 Y114.946
G1 X113.357 Y114.621
G1 X113.822 Y114.245
G1 X114.245 Y113.822
G1 X114.621 Y113.357
G1 X114.946 Y112.856
G1 X115.218 Y112.323
G1 X115.432 Y111.765
G1 X115.587 Y111.188
G1 X115.617 Y110.998
G1 X130.31 Y95.711
G1 X130.31 Y95.31
G1 Z1.84
G1 E2.5 F6000
M204 P1000
;TYPE:Outer wall
;WIDTH:0.42
G1 F3600
G1 X130.31 Y86.69 E.25676
G1 X112.69 Y86.69 E.52484
G1 X112.69 Y95.31 E.25676
G1 X130.25 Y95.31 E.52305
G1 X130.25 Y95.711 F18000
G1 X130.702 Y95.711
G1 X130.702 Y95.702
M204 P1500
;TYPE:Inner wall
;WIDTH:0.45
G1 F6000
G1 X130.702 Y86.298 E.3024
G1 X112.298 Y86.298 E.59181
G1 X112.298 Y95.702 E.3024
G1 X130.642 Y95.702 E.58988
G1 X131.501 Y93.724 F18000
M204 P2000
;TYPE:Internal solid infill
;WIDTH:0.419999
G1 F6000
G1 X132.908 Y93.724 E.04192
G1 X132.225 Y93.207 E.02551
G1 X131.788 Y92.769 E.01844
G1 X131.501 Y92.385 E.01428
G1 X131.501 Y93.664 E.03809
G1 X131.886 Y93.323 F18000
;WIDTH:0.391412
G1 F6000
G1 X131.82 Y93.361 E.00208
G1 X131.872 Y93.39 E.00162
G1 X131.155 Y91.165 F18000
;TYPE:Gap infill
;WIDTH:0.443408
G1 F6000
G1 X131.121 Y90.982 E.00589
;WIDTH:0.401179
G1 X131.087 Y90.799 E.00527
;WIDTH:0.357141
G1 X131.051 Y90.6 E.00501
;WIDTH:0.309764
G1 X131.027 Y90.424 E.00375
;WIDTH:0.263327
G1 X131.004 Y90.247 E.0031
;WIDTH:0.21587
G1 X130.98 Y90.063 E.00254
;WIDTH:0.171194
G1 X130.959 Y89.798 E.00269
;WIDTH:0.129266
G1 X130.938 Y89.53 E.00183
;WIDTH:0.108344
G1 X130.93 Y89.218 E.00161
G1 X130.93 Y88.782 F18000
;WIDTH:0.108344
G1 F6000
G1 X130.938 Y88.47 E.00161
;WIDTH:0.129265
G1 X130.959 Y88.202 E.00183
;WIDTH:0.171193
G1 X130.98 Y87.937 E.00269
;WIDTH:0.215871
G1 X131.004 Y87.753 E.00254
;WIDTH:0.263327
G1 X131.027 Y87.576 E.0031
;WIDTH:0.309763
G1 X131.051 Y87.4 E.00375
;WIDTH:0.35714
G1 X131.087 Y87.202 E.00501
;WIDTH:0.401178
G1 X131.121 Y87.018 E.00527
;WIDTH:0.443406
G1 X131.155 Y86.835 E.00589
G1 X131.313 Y85.861 F18000
;WIDTH:0.166685
G1 F6000
G1 X131.653 Y85.687 E.00373
G1 X134.259 Y83.866 F18000
;TYPE:Internal solid infill
;WIDTH:0.421676
G1 F6000
G1 X86.214 Y83.866 E1.43747
G1 X86.275 Y83.889 E.00196
G3 X86.935 Y84.245 I-1.361 J3.316 E.02245
G1 X133.065 Y84.245 E1.38018
G2 X132.527 Y84.623 I1.534 J2.75 E.01972
G1 X87.473 Y84.623 E1.348
G3 X87.903 Y85.002 I-1.585 J2.235 E.01718
G1 X132.097 Y85.002 E1.32225
G2 X131.821 Y85.284 I1.2 J1.455 E.01183
G1 X131.76 Y85.165 E.00399
G1 X131.336 Y85.381 E.01423
G1 X88.258 Y85.381 E1.28886
G3 X88.557 Y85.76 I-1.654 J1.613 E.01446
G1 X111.558 Y85.76 E.68816
G1 X111.558 Y86.138 E.01133
G1 X88.803 Y86.138 E.6808
G3 X89.005 Y86.517 I-1.701 J1.151 E.01287
G1 X111.558 Y86.517 E.67475
G1 X111.558 Y86.896 E.01133
G1 X89.176 Y86.896 E.66962
G3 X89.321 Y87.275 I-1.727 J.878 E.01216
G1 X111.558 Y87.275 E.66528
G1 X111.558 Y87.653 E.01133
G1 X89.423 Y87.653 E.66225
G3 X89.503 Y88.032 I-1.764 J.571 E.0116
G1 X111.558 Y88.032 E.65985
G1 X111.558 Y88.411 E.01133
G1 X89.563 Y88.411 E.65806
G3 X89.583 Y88.79 I-1.792 J.286 E.01137
G1 X111.558 Y88.79 E.65745
G1 X111.558 Y89.168 E.01133
G1 X89.585 Y89.168 E.65738
G1 X89.566 Y89.547 E.01135
G1 X111.558 Y89.547 E.65798
G1 X111.558 Y89.926 E.01133
G1 X89.51 Y89.926 E.65966
G3 X89.434 Y90.305 I-1.841 J-.17 E.01158
G1 X111.558 Y90.305 E.66191
G1 X111.558 Y90.683 E.01133
G1 X89.333 Y90.683 E.66495
G3 X89.192 Y91.062 I-1.871 J-.477 E.0121
G1 X111.558 Y91.062 E.66914
G1 X111.558 Y91.441 E.01133
G1 X89.026 Y91.441 E.67411
G3 X88.83 Y91.82 I-1.901 J-.744 E.01279
G1 X111.558 Y91.82 E.67998
G1 X111.558 Y92.198 E.01133
G1 X88.584 Y92.198 E.68734
G3 X88.292 Y92.577 I-1.949 J-1.202 E.01434
G1 X111.558 Y92.577 E.69609
G1 X111.558 Y92.956 E.01133
G1 X87.945 Y92.956 E.70647
G3 X87.524 Y93.335 I-2.011 J-1.809 E.01696
G1 X111.558 Y93.335 E.71905
G1 X111.558 Y93.714 E.01133
G1 X86.999 Y93.714 E.73476
G3 X86.311 Y94.092 I-2.146 J-3.084 E.02354
G1 X111.558 Y94.092 E.75534
G1 X111.558 Y94.471 E.01133
G1 X85.167 Y94.471 E.78959
G1 X84.937 Y94.508 E.00695
G1 X84.937 Y94.666 E.00475
G1 X81.592 Y94.666 E.10008
G1 X81.592 Y94.85 E.00549
G1 X111.558 Y94.85 E.89653
G1 X111.558 Y95.229 E.01133
G1 X81.592 Y95.229 E.89653
G1 X81.592 Y95.607 E.01133
G1 X111.558 Y95.607 E.89653
G1 X111.558 Y95.986 E.01133
G1 X81.592 Y95.986 E.89653
G1 X81.592 Y96.365 E.01133
G1 X138.408 Y96.365 E1.69985
G1 X138.408 Y95.986 E.01133
G1 X131.442 Y95.986 E.20839
G1 X131.442 Y95.607 E.01133
G1 X138.408 Y95.607 E.20839
G1 X138.408 Y95.229 E.01133
G1 X131.442 Y95.229 E.20839
G1 X131.442 Y94.85 E.01133
G1 X138.408 Y94.85 E.20839
G1 X138.408 Y94.666 E.00549
G1 X135.063 Y94.666 E.10008
G1 X135.063 Y94.508 E.00475
G1 X134.833 Y94.471 E.00695
G1 X131.442 Y94.471 E.10145
G1 X131.442 Y94.092 E.01133
G1 X134.15 Y94.092 E.08102
G1 X135.201 Y94.528 F18000
;WIDTH:0.38292
G1 F6000
G2 X137.104 Y94.509 I.842 J-10.976 E.05119
G1 X137.178 Y94.503 F18000
;WIDTH:0.373451
G1 F6000
G1 X138.375 Y94.504 E.03125
G1 X138.375 Y94.096 E.01067
G3 X137.236 Y94.487 I-2.253 J-4.707 E.03152
G1 X138.577 Y96.744 F18000
;WIDTH:0.421676
G1 F6000
G1 X81.592 Y96.744 E1.70493
G1 X81.592 Y97.122 E.01133
G1 X138.408 Y97.122 E1.69985
G1 X138.408 Y97.501 E.01133
G1 X81.592 Y97.501 E1.69985
G1 X81.592 Y97.88 E.01133
G1 X138.408 Y97.88 E1.69985
G1 X138.408 Y98.259 E.01133
G1 X81.592 Y98.259 E1.69985
G1 X81.592 Y98.637 E.01133
G1 X138.408 Y98.637 E1.69985
G1 X138.408 Y99.016 E.01133
G1 X81.592 Y99.016 E1.69985
G1 X81.592 Y99.395 E.01133
G1 X138.408 Y99.395 E1.69985
G1 X138.408 Y99.774 E.01133
G1 X81.592 Y99.774 E1.69985
G1 X81.592 Y100.152 E.01133
G1 X138.408 Y100.152 E1.69985
G1 X138.408 Y100.531 E.01133
G1 X81.592 Y100.531 E1.69985
G1 X81.592 Y100.91 E.01133
G1 X138.408 Y100.91 E1.69985
G1 X138.408 Y101.289 E.01133
G1 X81.592 Y101.289 E1.69985
G1 X81.592 Y101.667 E.01133
G1 X138.408 Y101.667 E1.69985
G1 X138.408 Y102.046 E.01133
G1 X81.592 Y102.046 E1.69985
G1 X81.592 Y102.425 E.01133
G1 X138.408 Y102.425 E1.69985
G1 X138.408 Y102.804 E.01133
G1 X81.592 Y102.804 E1.69985
G1 X81.592 Y103.182 E.01133
G1 X138.408 Y103.182 E1.69985
G1 X138.408 Y103.561 E.01133
G1 X81.592 Y103.561 E1.69985
G1 X81.592 Y103.94 E.01133
G1 X107.829 Y103.94 E.78497
G2 X106.975 Y104.319 I1.375 J4.254 E.02801
G1 X81.592 Y104.319 E.75941
G1 X81.592 Y104.697 E.01133
G1 X106.349 Y104.697 E.74069
G2 X105.854 Y105.076 I1.554 J2.544 E.01868
G1 X81.592 Y105.076 E.72589
G1 X81.592 Y105.455 E.01133
G1 X105.444 Y105.455 E.71361
G2 X105.093 Y105.834 I1.626 J1.859 E.01548
G1 X87.592 Y105.834 E.52359
G1 X87.592 Y106.212 E.01133
G1 X104.786 Y106.212 E.51442
G1 X104.54 Y106.591 E.01351
G1 X87.592 Y106.591 E.50706
G1 X87.592 Y106.97 E.01133
G1 X104.321 Y106.97 E.5005
G1 X104.128 Y107.349 E.01272
G1 X87.592 Y107.349 E.49473
G1 X87.592 Y107.727 E.01133
G1 X103.979 Y107.727 E.49027
G2 X103.845 Y108.106 I1.735 J.827 E.01204
G1 X87.592 Y108.106 E.48626
G1 X87.592 Y108.485 E.01133
G1 X103.743 Y108.485 E.48322
G2 X103.664 Y108.864 I1.762 J.566 E.0116
G1 X87.592 Y108.864 E.48085
G1 X87.592 Y109.243 E.01133
G1 X103.604 Y109.243 E.47906
G2 X103.575 Y109.621 I1.787 J.326 E.01139
G1 X87.592 Y109.621 E.4782
G1 X87.592 Y110 E.01133
G1 X103.556 Y110 E.4776
G1 X103.575 Y110.379 E.01135
G1 X87.592 Y110.379 E.4782
G1 X87.592 Y110.758 E.01133
G1 X103.604 Y110.758 E.47906
G1 X103.664 Y111.136 E.01147
G1 X87.592 Y111.136 E.48085
G1 X87.592 Y111.515 E.01133
G1 X103.743 Y111.515 E.48322
G1 X103.845 Y111.894 E.01173
G1 X87.592 Y111.894 E.48626
G1 X87.592 Y112.273 E.01133
G1 X103.979 Y112.273 E.49027
G2 X104.128 Y112.651 I1.876 J-.52 E.0122
G1 X87.592 Y112.651 E.49473
G1 X87.592 Y113.03 E.01133
G1 X104.321 Y113.03 E.5005
G2 X104.54 Y113.409 I1.911 J-.853 E.01312
G1 X87.592 Y113.409 E.50706
G1 X87.592 Y113.788 E.01133
G1 X104.786 Y113.788 E.51442
G1 X105.093 Y114.166 E.01458
G1 X87.592 Y114.166 E.52359
G1 X87.592 Y114.342 E.00527
G1 X81.592 Y114.342 E.17951
G1 X81.592 Y114.545 E.00606
G1 X105.444 Y114.545 E.71361
G2 X105.854 Y114.924 I2.007 J-1.763 E.01674
G1 X81.592 Y114.924 E.72589
G1 X81.592 Y115.303 E.01133
G1 X106.349 Y115.303 E.74069
G2 X106.975 Y115.681 I2.114 J-2.786 E.02192
G1 X81.592 Y115.681 E.75941
G1 X81.592 Y116.06 E.01133
G1 X108.407 Y116.06 E.80227
G1 X111.593 Y116.06 F18000
G1 F6000
G1 X138.408 Y116.06 E.80227
G1 X138.408 Y115.681 E.01133
G1 X113.025 Y115.681 E.75941
G2 X113.651 Y115.303 I-1.489 J-3.165 E.02192
G1 X138.408 Y115.303 E.74069
G1 X138.408 Y114.924 E.01133
G1 X114.146 Y114.924 E.72589
G2 X114.556 Y114.545 I-1.597 J-2.142 E.01674
G1 X138.408 Y114.545 E.71361
G1 X138.408 Y114.342 E.00606
G1 X132.408 Y114.342 E.17951
G1 X132.408 Y114.166 E.00527
G1 X114.907 Y114.166 E.52359
G1 X115.214 Y113.788 E.01458
G1 X132.408 Y113.788 E.51442
G1 X132.408 Y113.409 E.01133
G1 X115.46 Y113.409 E.50706
G2 X115.679 Y113.03 I-1.692 J-1.232 E.01312
G1 X132.408 Y113.03 E.5005
G1 X132.408 Y112.651 E.01133
G1 X115.872 Y112.651 E.49473
G2 X116.021 Y112.273 I-1.727 J-.899 E.0122
G1 X132.408 Y112.273 E.49027
G1 X132.408 Y111.894 E.01133
G1 X116.155 Y111.894 E.48626
G1 X116.257 Y111.515 E.01173
G1 X132.408 Y111.515 E.48322
G1 X132.408 Y111.136 E.01133
G1 X116.333 Y111.136 E.48095
G1 X116.386 Y110.758 E.01144
G1 X132.408 Y110.758 E.47935
G1 X132.408 Y110.379 E.01133
G1 X116.425 Y110.379 E.4782
G1 X116.444 Y110 E.01135
G1 X132.408 Y110 E.4776
G1 X132.408 Y109.621 E.01133
G1 X116.425 Y109.621 E.4782
G2 X116.396 Y109.243 I-1.816 J-.053 E.01139
G1 X132.408 Y109.243 E.47906
G1 X132.408 Y108.864 E.01133
G1 X116.336 Y108.864 E.48085
G2 X116.257 Y108.485 I-1.841 J.187 E.0116
G1 X132.408 Y108.485 E.48322
G1 X132.408 Y108.106 E.01133
G1 X116.155 Y108.106 E.48626
G2 X116.021 Y107.727 I-1.869 J.449 E.01204
G1 X132.408 Y107.727 E.49027
G1 X132.408 Y107.349 E.01133
G1 X115.872 Y107.349 E.49473
G1 X115.679 Y106.97 E.01272
G1 X132.408 Y106.97 E.5005
G1 X132.408 Y106.591 E.01133
G1 X115.46 Y106.591 E.50706
G1 X115.214 Y106.212 E.01351
G1 X132.408 Y106.212 E.51442
G1 X132.408 Y105.834 E.01133
G1 X114.907 Y105.834 E.52359
G2 X114.556 Y105.455 I-1.977 J1.481 E.01548
G1 X138.408 Y105.455 E.71361
G1 X138.408 Y105.076 E.01133
G1 X114.146 Y105.076 E.72589
G2 X113.651 Y104.697 I-2.049 J2.165 E.01868
G1 X138.408 Y104.697 E.74069
G1 X138.408 Y104.319 E.01133
G1 X113.025 Y104.319 E.75941
G2 X112.171 Y103.94 I-2.229 J3.875 E.02801
G1 X138.577 Y103.94 E.79005
G1 X139.139 Y103.94 F18000
G1 X133.139 Y106.389
G1 X133.139 Y113.611
G1 X139.139 Y113.611
G1 X139.139 Y116.439
G1 X138.577 Y116.439
G1 F6000
G1 X81.592 Y116.439 E1.70493
G1 X81.592 Y116.818 E.01133
G1 X138.408 Y116.818 E1.69985
G1 X138.408 Y117.196 E.01133
G1 X81.592 Y117.196 E1.69985
G1 X81.592 Y117.575 E.01133
G1 X138.408 Y117.575 E1.69985
G1 X138.408 Y117.954 E.01133
G1 X81.592 Y117.954 E1.69985
G1 X81.592 Y118.333 E.01133
G1 X138.408 Y118.333 E1.69985
G1 X138.408 Y118.711 E.01133
G1 X81.592 Y118.711 E1.69985
G1 X81.592 Y119.09 E.01133
G1 X138.408 Y119.09 E1.69985
G1 X138.408 Y119.469 E.01133
G1 X81.592 Y119.469 E1.69985
G1 X81.592 Y119.848 E.01133
G1 X138.408 Y119.848 E1.69985
G1 X138.408 Y120.226 E.01133
G1 X81.592 Y120.226 E1.69985
G1 X81.592 Y120.605 E.01133
G1 X138.408 Y120.605 E1.69985
G1 X138.408 Y120.984 E.01133
G1 X81.592 Y120.984 E1.69985
G1 X81.592 Y121.363 E.01133
G1 X138.408 Y121.363 E1.69985
G1 X138.408 Y121.741 E.01133
G1 X81.592 Y121.741 E1.69985
G1 X81.592 Y122.12 E.01133
G1 X138.408 Y122.12 E1.69985
G1 X138.408 Y122.499 E.01133
G1 X81.592 Y122.499 E1.69985
G1 X81.592 Y122.878 E.01133
G1 X138.408 Y122.878 E1.69985
G1 X138.408 Y123.256 E.01133
G1 X81.592 Y123.256 E1.69985
G1 X81.592 Y123.635 E.01133
G1 X138.408 Y123.635 E1.69985
G1 X138.408 Y124.014 E.01133
G1 X81.592 Y124.014 E1.69985
G1 X81.592 Y124.393 E.01133
G1 X138.408 Y124.393 E1.69985
G1 X138.408 Y124.772 E.01133
G1 X81.592 Y124.771 E1.69985
G1 X81.592 Y125.15 E.01133
G1 X138.408 Y125.15 E1.69985
G1 X138.408 Y125.529 E.01133
G1 X81.592 Y125.529 E1.69985
G1 X81.592 Y125.908 E.01133
G1 X82.15 Y125.908 E.01669
G1 X82.352 Y126.432 F18000
G1 X82.498 Y126.376
G1 X82.989 Y126.245
G1 X83.492 Y126.165
G1 X84 Y126.138
G1 X84.508 Y126.165
G1 X85.011 Y126.245
G1 X85.502 Y126.376
G1 X85.977 Y126.559
G1 X86.431 Y126.79
G1 X86.858 Y127.067
G1 X87.253 Y127.387
G1 X87.613 Y127.747
G1 X87.933 Y128.142
G1 X88.21 Y128.569
G1 X88.441 Y129.023
G1 X88.624 Y129.498
G1 X88.755 Y129.989
G1 X88.835 Y130.492
G1 X88.862 Y131
G1 X88.835 Y131.508
G1 X88.755 Y132.011
G1 X88.624 Y132.502
G1 X88.441 Y132.977
G1 X88.21 Y133.431
G1 X87.933 Y133.858
G1 X87.613 Y134.253
G1 X87.253 Y134.613
G1 X86.858 Y134.933
G1 X86.431 Y135.21
G1 X85.977 Y135.441
G1 X85.502 Y135.624
G1 X85.011 Y135.755
G1 X84.558 Y135.827
G1 X84.66 Y136.472
;WIDTH:0.38292
G1 F6000
G2 X85.313 Y136.412 I-.25 J-6.324 E.01762
G1 X81.737 Y136.248 F18000
;WIDTH:0.570376
G1 F4789.627
G1 X81.838 Y136.269 E.00432
;WIDTH:0.528719
G1 F5200.333
G1 X81.94 Y136.29 E.00398
;WIDTH:0.487062
G1 F5688.082
G1 X82.041 Y136.311 E.00364
;WIDTH:0.445406
G1 F6000
G1 X82.143 Y136.332 E.0033
;WIDTH:0.386689
G2 X83.28 Y136.467 I1.937 J-11.451 E.0311
G1 X105.827 Y138.407 F18000
;WIDTH:0.421676
G1 F6000
G1 X81.592 Y138.407 E.72508
G1 X81.592 Y138.028 E.01133
G1 X105.658 Y138.028 E.72001
G1 X105.658 Y137.649 E.01133
G1 X81.592 Y137.649 E.72001
G1 X81.592 Y137.27 E.01133
G1 X105.658 Y137.27 E.72001
G1 X105.658 Y136.892 E.01133
G1 X81.592 Y136.892 E.72001
G1 X81.592 Y136.522 E.01106
G1 X83.154 Y136.522 E.04671
G1 X83.415 Y136.564 E.00792
G2 X84.846 Y136.522 I.543 J-5.975 E.04293
G1 X105.658 Y136.513 E.62265
G1 X105.658 Y136.134 E.01133
G1 X86.214 Y136.134 E.58173
G2 X86.935 Y135.755 I-2.973 J-6.531 E.02437
G1 X105.658 Y135.755 E.56017
G1 X105.658 Y135.377 E.01133
G1 X87.472 Y135.377 E.54408
G2 X87.903 Y134.998 I-1.585 J-2.235 E.01718
G1 X105.658 Y134.998 E.53121
G1 X105.658 Y134.619 E.01133
G1 X88.258 Y134.619 E.52058
G2 X88.557 Y134.24 I-1.654 J-1.613 E.01446
G1 X105.658 Y134.24 E.51164
G1 X105.658 Y133.862 E.01133
G1 X88.803 Y133.862 E.50428
G2 X89.005 Y133.483 I-1.701 J-1.151 E.01287
G1 X105.658 Y133.483 E.49823
G1 X105.658 Y133.104 E.01133
G1 X89.176 Y133.104 E.4931
G2 X89.321 Y132.725 I-1.727 J-.878 E.01216
G1 X105.827 Y132.725 E.49384
G1 X134.15 Y125.908 F18000
G1 F6000
G1 X86.312 Y125.908 E1.43129
G3 X86.999 Y126.287 I-1.459 J3.462 E.02353
G1 X133.001 Y126.287 E1.37632
G2 X132.476 Y126.665 I1.541 J2.689 E.0194
G1 X87.524 Y126.665 E1.3449
G3 X87.945 Y127.044 I-1.59 J2.188 E.01696
G1 X132.055 Y127.044 E1.31974
G2 X131.708 Y127.423 I1.627 J1.84 E.0154
G1 X88.292 Y127.423 E1.29897
G3 X88.584 Y127.802 I-1.657 J1.581 E.01434
G1 X131.416 Y127.802 E1.28148
G1 X131.17 Y128.18 E.01351
G1 X88.83 Y128.18 E1.26676
G3 X89.026 Y128.559 I-1.704 J1.123 E.01278
G1 X130.974 Y128.559 E1.25503
G2 X130.808 Y128.938 I1.717 J.979 E.0124
G1 X89.192 Y128.938 E1.24508
G3 X89.333 Y129.317 I-1.731 J.856 E.0121
G1 X130.667 Y129.317 E1.2367
G1 X130.566 Y129.695 E.01173
G1 X89.434 Y129.695 E1.23062
G3 X89.51 Y130.074 I-1.766 J.549 E.01158
G1 X130.49 Y130.074 E1.22611
G2 X130.434 Y130.453 I1.774 J.456 E.01148
G1 X89.566 Y130.453 E1.22276
G1 X89.585 Y130.832 E.01135
G1 X130.415 Y130.832 E1.22157
G2 X130.417 Y131.21 I1.801 J.179 E.01135
G1 X89.583 Y131.21 E1.2217
G3 X89.563 Y131.589 I-1.811 J.093 E.01137
G1 X130.437 Y131.589 E1.22292
G1 X130.497 Y131.968 E.01147
G1 X89.503 Y131.968 E1.22651
G3 X89.423 Y132.347 I-1.844 J-.192 E.0116
G1 X130.577 Y132.347 E1.2313
G1 X130.679 Y132.725 E.01173
G1 X114.342 Y132.725 E.48876
G1 X114.342 Y133.104 E.01133
G1 X130.824 Y133.104 E.4931
G2 X130.995 Y133.483 I1.886 J-.626 E.01246
G1 X114.342 Y133.483 E.49823
G1 X114.342 Y133.862 E.01133
G1 X131.197 Y133.862 E.50428
G1 X131.443 Y134.24 E.01351
G1 X114.342 Y134.24 E.51164
G1 X114.342 Y134.619 E.01133
G1 X131.742 Y134.619 E.52058
G2 X132.097 Y134.998 I1.978 J-1.499 E.01556
G1 X114.342 Y134.998 E.53121
G1 X114.342 Y135.377 E.01133
G1 X132.528 Y135.377 E.54408
G2 X133.065 Y135.755 I2.072 J-2.371 E.01972
G1 X114.342 Y135.755 E.56017
G1 X114.342 Y136.134 E.01133
G1 X133.786 Y136.134 E.58173
G2 X134.509 Y136.384 I1.55 J-3.313 E.02293
G1 X134.509 Y136.513 E.00385
G1 X114.342 Y136.513 E.60336
G1 X114.342 Y136.892 E.01133
G1 X138.408 Y136.892 E.72001
G1 X138.408 Y137.27 E.01133
G1 X114.342 Y137.27 E.72001
G1 X114.342 Y137.649 E.01133
G1 X138.408 Y137.649 E.72001
G1 X138.408 Y138.028 E.01133
G1 X114.342 Y138.028 E.72001
G1 X114.342 Y138.407 E.01133
G1 X138.577 Y138.407 E.72508
G1 X136.66 Y136.472 F18000
;WIDTH:0.38292
G1 F6000
G2 X137.749 Y136.354 I-.572 J-10.396 E.02942
;WIDTH:0.406718
G1 X137.865 Y136.332 E.00339
;WIDTH:0.454313
G1 X137.981 Y136.311 E.00384
;WIDTH:0.501908
G1 F5504.105
G1 X138.097 Y136.289 E.00428
;WIDTH:0.525705
G1 F5232.797
G1 X138.213 Y136.268 E.0045
G1 X134.653 Y136.363 F18000
;WIDTH:0.38292
G1 F6000
G1 X134.589 Y136.4 E.00198
G1 X134.638 Y136.428 E.00151
G1 X134.829 Y135.712 F18000
G1 X134.498 Y135.624
G1 X134.023 Y135.441
G1 X133.569 Y135.21
G1 X133.142 Y134.933
G1 X132.747 Y134.613
G1 X132.387 Y134.253
G1 X132.067 Y133.858
G1 X131.79 Y133.431
G1 X131.559 Y132.977
G1 X131.376 Y132.502
G1 X131.245 Y132.011
G1 X131.165 Y131.508
G1 X131.138 Y131
G1 X131.165 Y130.492
G1 X131.245 Y129.989
G1 X131.376 Y129.498
G1 X131.559 Y129.023
G1 X131.79 Y128.569
G1 X132.067 Y128.142
G1 X132.387 Y127.747
G1 X132.747 Y127.387
G1 X133.142 Y127.067
G1 X133.569 Y126.79
G1 X134.023 Y126.559
G1 X134.498 Y126.376
G1 X134.989 Y126.245
G1 X135.492 Y126.165
G1 X136 Y126.138
G1 X136.508 Y126.165
G1 X137.011 Y126.245
G1 X137.502 Y126.376
G1 X137.648 Y126.432
G1 X137.85 Y125.908
;WIDTH:0.421676
G1 F6000
G1 X138.577 Y125.908 E.02176
G1 X139.139 Y125.908 F18000
G1 X133.139 Y113.611
G1 X131.165 Y89.508
G1 X131.138 Y89
G1 X131.165 Y88.492
G1 X131.245 Y87.989
G1 X131.376 Y87.498
G1 X131.559 Y87.023
G1 X131.79 Y86.569
G1 X132.067 Y86.142
G1 X132.387 Y85.747
G1 X132.747 Y85.387
G1 X133.142 Y85.067
G1 X133.569 Y84.79
G1 X134.023 Y84.559
G1 X134.498 Y84.376
G1 X134.989 Y84.245
G1 X135.492 Y84.165
G1 X136 Y84.138
G1 X136.508 Y84.165
G1 X139.139 Y84.365
G1 X139.139 Y83.867
G1 X138.385 Y83.867
;WIDTH:0.390102
G1 F6000
G1 X138.32 Y83.905 E.00206
G1 X138.371 Y83.934 E.00161
G1 X138.577 Y83.487 F18000
;WIDTH:0.421676
G1 F6000
G1 X81.592 Y83.487 E1.70493
G1 X81.592 Y83.108 E.01133
G1 X138.408 Y83.108 E1.69985
G1 X138.408 Y82.73 E.01133
G1 X81.592 Y82.73 E1.69985
G1 X81.592 Y82.351 E.01133
G1 X138.408 Y82.351 E1.69985
G1 X138.408 Y81.972 E.01133
G1 X81.592 Y81.972 E1.69985
G1 X81.592 Y81.593 E.01133
G1 X138.577 Y81.593 E1.70493
G1 X81.65 Y83.86 F18000
;WIDTH:0.38292
G1 F6000
G1 X81.586 Y83.897 E.00198
G1 X81.635 Y83.925 E.00151
G1 X81.971 Y84.585 F18000
G1 X82.023 Y84.559
G1 X82.498 Y84.376
G1 X82.989 Y84.245
G1 X83.492 Y84.165
G1 X84 Y84.138
G1 X84.508 Y84.165
G1 X85.011 Y84.245
G1 X85.502 Y84.376
G1 X85.977 Y84.559
G1 X86.431 Y84.79
G1 X86.858 Y85.067
G1 X87.253 Y85.387
G1 X87.613 Y85.747
G1 X87.933 Y86.142
G1 X88.21 Y86.569
G1 X88.441 Y87.023
G1 X88.624 Y87.498
G1 X88.755 Y87.989
G1 X88.835 Y88.492
G1 X88.862 Y89
G1 X88.835 Y89.508
G1 X88.755 Y90.011
G1 X88.624 Y90.502
G1 X88.441 Y90.977
G1 X88.21 Y91.431
G1 X87.933 Y91.858
G1 X87.613 Y92.253
G1 X87.253 Y92.613
G1 X86.858 Y92.933
G1 X86.431 Y93.21
G1 X85.977 Y93.441
G1 X85.502 Y93.624
G1 X85.011 Y93.755
G1 X84.508 Y93.835
G1 X84 Y93.862
G1 X83.492 Y93.835
G1 X82.989 Y93.755
G1 X82.839 Y94.505
G1 F6000
G2 X84.744 Y94.538 I1.139 J-10.819 E.05125
G1 X82.822 Y94.503 F18000
;WIDTH:0.376062
G1 F6000
G1 X82.269 Y94.357 E.01505
G1 X81.628 Y94.083 E.01832
G1 X81.628 Y94.501 E.01098
G1 X82.762 Y94.503 E.02982
; stop printing object mid_plate.stl id:1992740639744 copy 0
;LAYER_CHANGE
;Z:2.04
;HEIGHT:0.2
G92 E0 ; zero the extruded length again
; BEFORE_LAYER_CHANGE 9 @ 2.04mm
G1 E-1.75 F6000
;WIPE_START
G1 X81.762 Y94.501 E-.75
;WIPE_END
; AFTER_LAYER_CHANGE 9 @ 2.04mm
;_SET_FAN_SPEED_CHANGING_LAYER
; printing object mid_plate.stl id:1992740639744 copy 0
G17
G3 Z2.24 I-.499 J.348 P1  F18000
G1 X87.001 Y102.004 Z2.24
G1 X86.861 Y113.611
G1 X91.997 Y123.768
G1 X104.339 Y126.836
G1 X113.21 Y139.54
G1 Z2.04
G1 E2.5 F6000
M204 P1000
;TYPE:Outer wall
;WIDTH:0.42
G1 F3600
G1 X113.21 Y133.54 E.17872
G1 X106.79 Y133.54 E.19123
G1 X106.79 Y139.54 E.17872
G1 X81.256 Y139.54 E.76058
G3 X80.46 Y138.744 I-.002 J-.793 E.03725
G1 X80.46 Y133.706 E.15007
G2 X80.46 Y128.294 I3.542 J-2.706 E.66106
G1 X80.46 Y113.21 E.44929
G1 X86.46 Y113.21 E.17872
G1 X86.46 Y106.79 E.19123
G1 X80.46 Y106.79 E.17872
G1 X80.46 Y91.706 E.44929
G2 X80.46 Y86.294 I3.542 J-2.706 E.66106
G1 X80.46 Y81.256 E.15007
G3 X81.256 Y80.46 I.793 J-.002 E.03725
G1 X138.832 Y80.465 E1.71502
G3 X139.54 Y81.256 I-.095 J.797 E.03453
G1 X139.54 Y86.294 E.15007
G2 X139.54 Y91.706 I-3.542 J2.706 E.66106
G1 X139.54 Y106.79 E.44929
G1 X133.54 Y106.79 E.17872
G1 X133.54 Y113.21 E.19123
G1 X139.54 Y113.21 E.17872
G1 X139.54 Y128.294 E.44929
G2 X139.54 Y133.706 I-3.542 J2.706 E.66106
G1 X139.54 Y138.744 E.15007
G3 X138.744 Y139.54 I-.793 J.002 E.03725
G1 X113.27 Y139.54 E.7588
G1 E-1.75 F6000
;WIPE_START
G1 F3600
G1 X113.26 Y138.54 E-.75
;WIPE_END
G1 X114.66 Y134.99 Z2.24 F18000
G1 X130.31 Y95.31 Z2.24
G1 Z2.04
G1 E2.5 F6000
G1 F3600
G1 X130.31 Y86.69 E.25676
G1 X112.69 Y86.69 E.52484
G1 X112.69 Y95.31 E.25676
G1 X130.25 Y95.31 E.52305
G1 E-1.75 F6000
;WIPE_START
G1 F3600
G1 X130.257 Y94.31 E-.75
;WIPE_END
G1 X128.036 Y97.414 Z2.24 F18000
G1 X119.017 Y110.018 Z2.24
G1 X118.668 Y110
G1 Z2.04
G1 E2.5 F6000
M204 P1500
;TYPE:Inner wall
;WIDTH:0.45
G1 X118.576 Y111.742 E.0561
G1 X118.303 Y113.465 E.0561
G1 X117.852 Y115.151 E.0561
G1 X117.227 Y116.779 E.0561
G1 X116.435 Y118.334 E.0561
G1 X115.484 Y119.797 E.0561
G1 X114.386 Y121.153 E.0561
G1 X113.153 Y122.386 E.0561
G1 X111.797 Y123.484 E.0561
G1 X110.334 Y124.435 E.0561
G1 X108.779 Y125.227 E.0561
G1 X107.151 Y125.852 E.0561
G1 X105.465 Y126.303 E.0561
G1 X103.742 Y126.576 E.0561
G1 X102 Y126.668 E.0561
G1 X100.258 Y126.576 E.0561
G1 X98.535 Y126.303 E.0561
G1 X96.849 Y125.852 E.0561
G1 X95.221 Y125.227 E.0561
G1 X93.666 Y124.435 E.0561
G1 X92.203 Y123.484 E.0561
G1 X90.847 Y122.386 E.0561
G1 X89.614 Y121.153 E.0561
G1 X88.516 Y119.797 E.0561
G1 X87.565 Y118.334 E.0561
G1 X86.773 Y116.779 E.0561
G1 X86.148 Y115.151 E.0561
G1 X85.733 Y113.602 E.05155
G1 X87.01 Y113.602 E.04106
G1 X87.323 Y114.769 E.03884
G1 X87.902 Y116.277 E.05194
G1 X88.635 Y117.716 E.05194
G1 X89.515 Y119.071 E.05194
G1 X90.531 Y120.326 E.05194
G1 X91.674 Y121.469 E.05194
G1 X92.929 Y122.485 E.05194
G1 X94.284 Y123.365 E.05194
G1 X95.723 Y124.098 E.05194
G1 X97.231 Y124.677 E.05195
G1 X98.791 Y125.095 E.05194
G1 X100.387 Y125.348 E.05194
G1 X102 Y125.432 E.05194
G1 X103.613 Y125.348 E.05194
G1 X105.209 Y125.095 E.05194
G1 X106.769 Y124.677 E.05194
G1 X108.277 Y124.098 E.05194
G1 X109.716 Y123.365 E.05194
G1 X111.071 Y122.485 E.05194
G1 X112.326 Y121.469 E.05194
G1 X113.469 Y120.326 E.05194
G1 X114.485 Y119.071 E.05194
G1 X115.365 Y117.716 E.05194
G1 X116.098 Y116.277 E.05194
G1 X116.677 Y114.769 E.05194
G1 X117.095 Y113.209 E.05194
G1 X117.348 Y111.613 E.05194
G1 X117.432 Y110 E.05194
G1 X117.348 Y108.387 E.05194
G1 X117.095 Y106.791 E.05194
G1 X116.677 Y105.231 E.05194
G1 X116.098 Y103.723 E.05194
G1 X115.365 Y102.284 E.05194
G1 X114.485 Y100.929 E.05194
G1 X113.469 Y99.674 E.05194
G1 X112.326 Y98.531 E.05194
G1 X111.071 Y97.515 E.05194
G1 X109.716 Y96.635 E.05194
G1 X108.277 Y95.902 E.05194
G1 X106.769 Y95.323 E.05194
G1 X105.209 Y94.905 E.05194
G1 X103.613 Y94.652 E.05194
G1 X102 Y94.568 E.05194
G1 X100.387 Y94.652 E.05194
G1 X98.791 Y94.905 E.05194
G1 X97.231 Y95.323 E.05194
G1 X95.723 Y95.902 E.05194
G1 X94.284 Y96.635 E.05194
G1 X92.929 Y97.515 E.05194
G1 X91.674 Y98.531 E.05194
G1 X90.531 Y99.674 E.05194
G1 X89.515 Y100.929 E.05194
G1 X88.635 Y102.284 E.05194
G1 X87.902 Y103.723 E.05194
G1 X87.323 Y105.231 E.05194
G1 X87.01 Y106.398 E.03884
G1 X85.733 Y106.398 E.04106
G1 X86.148 Y104.849 E.05155
G1 X86.773 Y103.221 E.0561
G1 X87.565 Y101.666 E.0561
G1 X88.516 Y100.203 E.0561
G1 X89.614 Y98.847 E.0561
G1 X90.847 Y97.614 E.0561
G1 X92.203 Y96.516 E.0561
G1 X93.666 Y95.565 E.0561
G1 X95.221 Y94.773 E.0561
G1 X96.849 Y94.148 E.0561
G1 X98.535 Y93.697 E.0561
G1 X100.258 Y93.424 E.0561
G1 X102 Y93.332 E.0561
G1 X103.742 Y93.424 E.0561
G1 X105.465 Y93.697 E.0561
G1 X107.151 Y94.148 E.0561
G1 X108.779 Y94.773 E.0561
G1 X110.334 Y95.565 E.0561
G1 X111.797 Y96.516 E.0561
G1 X113.153 Y97.614 E.0561
G1 X114.386 Y98.847 E.0561
G1 X115.484 Y100.203 E.0561
G1 X116.435 Y101.666 E.0561
G1 X117.227 Y103.221 E.0561
G1 X117.852 Y104.849 E.0561
G1 X118.303 Y106.535 E.0561
G1 X118.576 Y108.258 E.0561
G1 X118.665 Y109.94 E.05417
G1 X118.26 Y110 F18000
G1 F6000
G1 X118.171 Y111.7 E.05473
G1 X117.905 Y113.381 E.05473
G1 X117.464 Y115.025 E.05473
G1 X116.854 Y116.614 E.05473
G1 X116.082 Y118.13 E.05473
G1 X115.155 Y119.557 E.05473
G1 X114.084 Y120.88 E.05473
G1 X112.88 Y122.083 E.05473
G1 X111.557 Y123.155 E.05473
G1 X110.13 Y124.082 E.05473
G1 X108.614 Y124.854 E.05473
G1 X107.025 Y125.464 E.05473
G1 X105.381 Y125.905 E.05473
G1 X103.7 Y126.171 E.05473
G1 X102 Y126.26 E.05473
G1 X100.3 Y126.171 E.05473
G1 X98.619 Y125.905 E.05473
G1 X96.975 Y125.464 E.05473
G1 X95.386 Y124.854 E.05473
G1 X93.87 Y124.082 E.05473
G1 X92.443 Y123.155 E.05473
G1 X91.12 Y122.084 E.05473
G1 X89.916 Y120.88 E.05473
G1 X88.845 Y119.557 E.05473
G1 X87.918 Y118.13 E.05473
G1 X87.146 Y116.614 E.05473
G1 X86.536 Y115.025 E.05473
G1 X86.264 Y114.009 E.03381
G1 X86.698 Y114.009 E.01396
G1 X86.935 Y114.895 E.02949
G1 X87.529 Y116.443 E.05332
G1 X88.282 Y117.92 E.05332
G1 X89.185 Y119.311 E.05332
G1 X90.228 Y120.599 E.05332
G1 X91.401 Y121.772 E.05332
G1 X92.689 Y122.815 E.05332
G1 X94.08 Y123.718 E.05332
G1 X95.557 Y124.471 E.05331
G1 X97.105 Y125.065 E.05332
G1 X98.707 Y125.494 E.05332
G1 X100.344 Y125.753 E.05332
G1 X102 Y125.84 E.05332
G1 X103.656 Y125.753 E.05332
G1 X105.293 Y125.494 E.05332
G1 X106.895 Y125.065 E.05332
G1 X108.443 Y124.471 E.05332
G1 X109.92 Y123.718 E.05332
G1 X111.311 Y122.815 E.05332
G1 X112.599 Y121.772 E.05332
G1 X113.772 Y120.599 E.05332
G1 X114.815 Y119.311 E.05332
G1 X115.718 Y117.92 E.05332
G1 X116.471 Y116.443 E.05332
G1 X117.065 Y114.895 E.05331
G1 X117.494 Y113.293 E.05332
G1 X117.753 Y111.656 E.05332
G1 X117.84 Y110 E.05332
G1 X117.753 Y108.344 E.05332
G1 X117.494 Y106.707 E.05332
G1 X117.065 Y105.105 E.05332
G1 X116.471 Y103.557 E.05332
G1 X115.718 Y102.08 E.05332
G1 X114.815 Y100.689 E.05332
G1 X113.772 Y99.401 E.05332
G1 X112.599 Y98.228 E.05332
G1 X111.311 Y97.185 E.05332
G1 X109.92 Y96.282 E.05332
G1 X108.443 Y95.529 E.05332
G1 X106.895 Y94.935 E.05332
G1 X105.293 Y94.506 E.05332
G1 X103.656 Y94.247 E.05332
G1 X102 Y94.16 E.05332
G1 X100.344 Y94.247 E.05332
G1 X98.707 Y94.506 E.05332
G1 X97.105 Y94.935 E.05332
G1 X95.557 Y95.529 E.05332
G1 X94.08 Y96.282 E.05331
G1 X92.689 Y97.185 E.05331
G1 X91.401 Y98.228 E.05332
G1 X90.228 Y99.401 E.05332
G1 X89.185 Y100.689 E.05332
G1 X88.282 Y102.08 E.05332
G1 X87.529 Y103.557 E.05332
G1 X86.935 Y105.105 E.05332
G1 X86.698 Y105.991 E.02949
G1 X86.264 Y105.991 E.01396
G1 X86.536 Y104.975 E.03381
G1 X87.146 Y103.386 E.05473
G1 X87.918 Y101.87 E.05473
G1 X88.845 Y100.443 E.05473
G1 X89.916 Y99.12 E.05473
G1 X91.12 Y97.916 E.05473
G1 X92.443 Y96.845 E.05473
G1 X93.87 Y95.918 E.05473
G1 X95.386 Y95.146 E.05473
G1 X96.975 Y94.536 E.05473
G1 X98.619 Y94.095 E.05473
G1 X100.3 Y93.829 E.05473
G1 X102 Y93.74 E.05473
G1 X103.7 Y93.829 E.05473
G1 X105.381 Y94.095 E.05473
G1 X107.025 Y94.536 E.05473
G1 X108.614 Y95.146 E.05473
G1 X110.13 Y95.918 E.05473
G1 X111.557 Y96.845 E.05473
G1 X112.88 Y97.916 E.05473
G1 X114.084 Y99.12 E.05473
G1 X115.155 Y100.443 E.05473
G1 X116.082 Y101.87 E.05473
G1 X116.854 Y103.386 E.05473
G1 X117.464 Y104.975 E.05473
G1 X117.905 Y106.619 E.05473
G1 X118.171 Y108.3 E.05473
G1 X118.257 Y109.94 E.0528
G1 E-1.75
;WIPE_START
G1 X118.208 Y110.939 E-.75
;WIPE_END
G1 X118.967 Y110.979 Z2.24 F18000
G1 X116.999 Y111.583
G1 X109.999 Y115.31
G1 Z2.04
G1 E2.5 F6000
M204 P1000
;TYPE:Outer wall
;WIDTH:0.42
G1 F3600
G1 X110 Y115.305 E.00015
G2 X110.555 Y104.719 I.004 J-5.308 E.48036
G2 X109.461 Y104.718 I-.551 J5.204 E.03265
G2 X109.445 Y115.276 I.543 J5.28 E.46382
G1 X109.939 Y115.307 E.01474
G1 E-1.75 F6000
;WIPE_START
G1 F3600
G1 X110 Y115.305 E-.04552
G1 X110.555 Y115.281 E-.41671
G1 X110.934 Y115.221 E-.28778
;WIPE_END
G1 X113.346 Y112.264 Z2.24 F18000
G1 X116.915 Y107.889 Z2.24
G1 X117.138 Y107.854
G1 Z2.04
G1 E2.5 F6000
;TYPE:Top surface
;WIDTH:0.421359
G1 F1800
G1 X117.138 Y110.009 E.06444
G1 X117.055 Y111.582 E.0471
G1 X116.807 Y113.147 E.04737
G1 X116.759 Y113.327 E.00556
G1 X116.759 Y106.673 E.19891
G1 X116.381 Y105.279 E.04317
G1 X116.381 Y114.721 E.28224
G1 X116.002 Y115.707 E.03157
G1 X116.002 Y104.293 E.34119
G2 X115.624 Y103.44 I-4.251 J1.373 E.02797
G1 X115.624 Y116.56 E.39224
G1 X115.245 Y117.303 E.02492
G1 X115.245 Y111.912 E.16116
G2 X115.245 Y108.088 I-5.139 J-1.912 E.11677
G1 X115.245 Y102.697 E.16116
G2 X114.867 Y102.057 I-3.234 J1.48 E.02227
G1 X114.867 Y107.256 E.15543
G1 X114.488 Y106.673 E.02079
G1 X114.488 Y101.474 E.15541
G2 X114.11 Y100.933 I-2.763 J1.53 E.01977
G1 X114.11 Y106.216 E.15792
G1 X113.732 Y105.839 E.01596
G1 X113.732 Y100.466 E.16062
G1 X113.353 Y99.998 E.01798
G1 X113.353 Y105.532 E.16543
G2 X112.975 Y105.276 I-1.41 J1.672 E.01369
G1 X112.975 Y99.596 E.1698
G1 X112.596 Y99.217 E.016
G1 X112.596 Y105.058 E.1746
G2 X112.218 Y104.872 I-1.073 J1.707 E.01263
G1 X112.218 Y98.839 E.18036
G2 X111.839 Y98.515 I-1.727 J1.638 E.01491
G1 X111.839 Y104.727 E.18568
G2 X111.461 Y104.612 I-.733 J1.743 E.01184
G1 X111.461 Y98.209 E.19142
G1 X111.083 Y97.903 E.01456
G1 X111.083 Y104.52 E.19781
G1 X110.704 Y104.46 E.01145
G1 X110.704 Y97.627 E.20425
G1 X110.326 Y97.381 E.01349
G1 X110.326 Y104.427 E.21063
G2 X109.947 Y104.413 I-.257 J1.793 E.01134
G1 X109.947 Y97.136 E.21755
G1 X109.569 Y96.89 E.01349
G1 X109.569 Y104.433 E.22548
G2 X109.19 Y104.477 I.03 J1.877 E.01141
G1 X109.19 Y96.697 E.23259
G1 X108.812 Y96.504 E.0127
G1 X108.812 Y104.539 E.2402
G1 X108.433 Y104.641 E.01171
G1 X108.433 Y96.311 E.24899
G2 X108.055 Y96.132 I-1.046 J1.711 E.01255
G1 X108.055 Y104.767 E.25816
G2 X107.677 Y104.919 I.532 J1.876 E.01221
G1 X107.677 Y95.986 E.26703
G1 X107.298 Y95.841 E.01212
G1 X107.298 Y105.112 E.27714
G2 X106.92 Y105.344 I.918 J1.917 E.01331
G1 X106.92 Y95.696 E.28844
G2 X106.541 Y95.566 I-.805 J1.736 E.01198
G1 X106.541 Y105.618 E.30048
G2 X106.163 Y105.943 I1.356 J1.963 E.01494
G1 X106.163 Y95.465 E.31323
G1 X105.784 Y95.363 E.01171
G1 X105.784 Y106.336 E.328
G2 X105.406 Y106.825 I2.138 J2.045 E.01852
G1 X105.406 Y95.262 E.34566
G2 X105.028 Y95.174 I-.609 J1.756 E.01164
G1 X105.028 Y107.851 E.37896
G1 E-1.75 F6000
;WIPE_START
G1 F1800
G1 X105.028 Y106.851 E-.75
;WIPE_END
G1 X108.356 Y108.718 Z2.24 F18000
G1 X114.867 Y112.37 Z2.24
G1 Z2.04
G1 E2.5 F6000
G1 F1800
G1 X114.867 Y117.943 E.1666
G1 X114.488 Y118.526 E.02077
G1 X114.488 Y113.327 E.15541
G1 X114.11 Y113.784 E.01774
G1 X114.11 Y119.067 E.15792
G1 X113.732 Y119.534 E.01798
G1 X113.732 Y114.161 E.16062
G1 X113.353 Y114.468 E.01456
G1 X113.353 Y120.002 E.16543
G3 X112.975 Y120.404 I-2.105 J-1.599 E.01655
G1 X112.975 Y114.724 E.1698
G3 X112.596 Y114.942 I-1.226 J-1.691 E.01308
G1 X112.596 Y120.783 E.1746
G1 X112.218 Y121.161 E.016
G1 X112.218 Y115.128 E.18036
G1 X111.839 Y115.273 E.01212
G1 X111.839 Y121.485 E.18568
G1 X111.461 Y121.791 E.01456
G1 X111.461 Y115.388 E.19142
G3 X111.083 Y115.48 I-.63 J-1.754 E.01167
G1 X111.083 Y122.097 E.19781
G3 X110.704 Y122.373 I-1.5 J-1.663 E.01402
G1 X110.704 Y115.54 E.20425
G3 X110.326 Y115.573 I-.344 J-1.784 E.01138
G1 X110.326 Y122.619 E.21063
G1 X109.947 Y122.864 E.01349
G1 X109.947 Y115.587 E.21755
G1 X109.569 Y115.567 E.01133
G1 X109.569 Y123.11 E.22548
G1 X109.19 Y123.303 E.0127
G1 X109.19 Y115.524 E.23256
G3 X108.812 Y115.461 I.109 J-1.832 E.01149
G1 X108.812 Y123.496 E.2402
G1 X108.433 Y123.689 E.0127
G1 X108.433 Y115.359 E.24899
G3 X108.055 Y115.233 I.413 J-1.864 E.01195
G1 X108.055 Y123.868 E.25816
G1 X107.677 Y124.014 E.01212
G1 X107.677 Y115.081 E.26703
G1 X107.298 Y114.888 E.0127
G1 X107.298 Y124.159 E.27714
G1 X106.92 Y124.304 E.01212
G1 X106.92 Y114.655 E.28847
G3 X106.541 Y114.382 I1.146 J-1.991 E.01396
G1 X106.541 Y124.434 E.30048
G1 X106.163 Y124.535 E.01171
G1 X106.163 Y114.057 E.31323
G3 X105.784 Y113.664 I1.68 J-1.997 E.01634
G1 X105.784 Y124.637 E.328
G1 X105.406 Y124.738 E.01171
G1 X105.406 Y113.175 E.34566
G3 X105.028 Y112.537 I2.847 J-2.119 E.02222
G1 X105.028 Y124.826 E.36738
G1 X104.649 Y124.886 E.01145
G1 X104.649 Y111.598 E.39724
G3 X104.649 Y108.402 I5.206 J-1.598 E.09696
G1 X104.649 Y95.114 E.39724
G1 X104.271 Y95.054 E.01145
G1 X104.271 Y124.946 E.8936
G1 X103.892 Y125.006 E.01145
G1 X103.892 Y94.994 E.89718
G2 X103.514 Y94.941 I-.44 J1.774 E.01144
G1 X103.514 Y125.059 E.90033
G1 X103.135 Y125.079 E.01133
G1 X103.135 Y94.921 E.90151
G1 X102.757 Y94.902 E.01133
G1 X102.757 Y125.098 E.9027
G1 X102.378 Y125.118 E.01133
G1 X102.378 Y94.882 E.90389
G1 X102 Y94.862 E.01133
G1 X102 Y125.138 E.90507
G1 X101.622 Y125.118 E.01133
G1 X101.622 Y94.882 E.90389
G1 X101.243 Y94.902 E.01133
G1 X101.243 Y125.098 E.9027
G1 X100.865 Y125.079 E.01133
G1 X100.865 Y94.921 E.90151
G1 X100.486 Y94.941 E.01133
G1 X100.486 Y125.059 E.90033
G3 X100.108 Y125.006 I.061 J-1.827 E.01144
G1 X100.108 Y94.994 E.89718
G1 X99.729 Y95.054 E.01145
G1 X99.729 Y124.946 E.8936
G1 X99.351 Y124.886 E.01145
G1 X99.351 Y95.114 E.89001
G1 X98.972 Y95.174 E.01145
G1 X98.972 Y124.826 E.88643
G3 X98.594 Y124.738 I.231 J-1.844 E.01164
G1 X98.594 Y95.262 E.88115
G1 X98.216 Y95.363 E.01171
G1 X98.216 Y124.637 E.87509
G1 X97.837 Y124.535 E.01171
G1 X97.837 Y95.465 E.86903
G1 X97.459 Y95.566 E.01171
G1 X97.459 Y124.434 E.86296
G3 X97.08 Y124.304 I.427 J-1.865 E.01198
G1 X97.08 Y95.696 E.85522
G1 X96.702 Y95.841 E.01212
G1 X96.702 Y124.159 E.84654
G1 X96.323 Y124.014 E.01212
G1 X96.323 Y95.986 E.83785
G1 X95.945 Y96.132 E.01212
G1 X95.945 Y123.868 E.82917
G3 X95.567 Y123.689 I.667 J-1.89 E.01255
G1 X95.567 Y96.311 E.81841
G1 X95.188 Y96.504 E.0127
G1 X95.188 Y123.496 E.80688
G1 X94.81 Y123.303 E.0127
G1 X94.81 Y96.697 E.79535
G1 X94.431 Y96.89 E.0127
G1 X94.431 Y123.11 E.78382
G1 X94.053 Y122.864 E.01349
G1 X94.053 Y97.136 E.76913
G1 X93.674 Y97.381 E.01349
G1 X93.674 Y122.619 E.75444
G1 X93.296 Y122.373 E.01349
G1 X93.296 Y97.627 E.73974
G2 X92.917 Y97.903 I1.122 J1.939 E.01402
G1 X92.917 Y122.097 E.72328
G1 X92.539 Y121.791 E.01456
G1 X92.539 Y98.209 E.70496
G1 X92.161 Y98.515 E.01456
G1 X92.161 Y121.485 E.68663
G3 X91.782 Y121.161 I1.348 J-1.961 E.01491
G1 X91.782 Y98.839 E.66731
G1 X91.404 Y99.217 E.016
G1 X91.404 Y120.783 E.64468
G1 X91.025 Y120.404 E.016
G1 X91.025 Y99.596 E.62205
G2 X90.647 Y99.998 I1.727 J2.002 E.01655
G1 X90.647 Y120.002 E.59797
G1 X90.268 Y119.534 E.01798
G1 X90.268 Y100.466 E.57003
G1 X89.89 Y100.933 E.01798
G1 X89.89 Y119.067 E.54209
G3 X89.512 Y118.526 I2.385 J-2.071 E.01977
G1 X89.512 Y101.474 E.50975
G1 X89.133 Y102.057 E.02077
G1 X89.133 Y117.943 E.47491
G3 X88.755 Y117.303 I2.854 J-2.12 E.02227
G1 X88.755 Y102.697 E.43664
G1 X88.376 Y103.44 E.02492
G1 X88.376 Y116.56 E.39223
G3 X87.998 Y115.707 I3.874 J-2.228 E.02797
G1 X87.998 Y104.293 E.34118
G1 X87.619 Y105.279 E.03157
G1 X87.619 Y114.721 E.28224
G1 X87.241 Y113.327 E.04318
G1 X87.241 Y106.673 E.19891
G1 X87.193 Y106.853 E.00556
G1 X86.945 Y108.418 E.04737
G1 X86.862 Y109.991 E.04711
G1 X86.862 Y112.146 E.06442
G1 X87.79 Y115.366 F18000
M204 P2000
;TYPE:Gap infill
;WIDTH:0.110337
G1 F6000
G1 X87.761 Y115.21 E.00085
;WIDTH:0.154672
G1 X87.732 Y115.054 E.0014
;WIDTH:0.176839
G1 X87.703 Y114.898 E.00168
G1 X87.031 Y112.57 F18000
;WIDTH:0.101972
G1 F6000
G1 X87.014 Y112.358 E.00099
;WIDTH:0.115773
G1 X86.997 Y112.146 E.00122
G1 X87.315 Y106.492 F18000
;WIDTH:0.22683
G1 F6000
G1 X87.339 Y106.311 E.00266
;WIDTH:0.187213
G1 X87.363 Y106.129 E.00208
;WIDTH:0.147596
G1 X87.387 Y105.948 E.00151
;WIDTH:0.127787
G1 X87.41 Y105.767 E.00123
G1 X88.082 Y104.117 F18000
;WIDTH:0.202469
G1 F6000
G1 X88.122 Y103.899 E.00278
;WIDTH:0.183763
G1 X88.162 Y103.682 E.00246
G1 X88.284 Y103.744 F18000
G1 X88.938 Y102.459
G1 X89.798 Y101.135
G1 X90.792 Y99.908
G1 X91.908 Y98.792
G1 X93.135 Y97.798
G1 X94.459 Y96.938
G1 X95.865 Y96.222
G1 X97.339 Y95.656
G1 X98.864 Y95.247
G1 X100.423 Y95
G1 X102 Y94.918
G1 X103.577 Y95
G1 X105.136 Y95.247
G1 X106.661 Y95.656
G1 X108.135 Y96.222
G1 X109.541 Y96.938
G1 X110.865 Y97.798
G1 X112.092 Y98.792
G1 X113.208 Y99.908
G1 X114.202 Y101.135
G1 X115.062 Y102.459
G1 X115.778 Y103.865
G1 X116.259 Y105.117
G1 X116.297 Y105.102
;WIDTH:0.199009
G1 F6000
G1 X116.268 Y104.946 E.00196
;WIDTH:0.154673
G1 X116.239 Y104.79 E.0014
;WIDTH:0.132506
G1 X116.21 Y104.634 E.00112
G1 X117.003 Y107.854 F18000
;WIDTH:0.129573
G1 F6000
G1 X116.986 Y107.642 E.00145
;WIDTH:0.115773
G1 X116.969 Y107.43 E.00122
G1 E-2.28759
;WIPE_START
G1 X116.986 Y107.642 E-.21241
;WIPE_END
G1 X116.879 Y107.659 Z2.24 F18000
G1 X104.889 Y107.851
G1 Z2.04
G1 E2.5 F6000
;WIDTH:0.127966
G1 X104.857 Y108.023 E.00118
G1 E-2.32494
;WIPE_START
G1 X104.889 Y107.851 E-.17506
;WIPE_END
G1 X104.927 Y111.667 Z2.24 F18000
G1 X104.934 Y112.365 Z2.24
G1 Z2.04
G1 E2.5 F6000
;WIDTH:0.192964
G1 X104.91 Y112.262 E.00125
;WIDTH:0.161222
G1 X104.883 Y112.12 E.00135
;WIDTH:0.136871
G1 X104.857 Y111.977 E.00108
G1 E-2.35506
;WIPE_START
G1 X104.883 Y112.12 E-.14494
;WIPE_END
G1 X108.673 Y112.564 Z2.24 F18000
G1 X116.655 Y113.5 Z2.24
G1 X116.685 Y113.508
G1 Z2.04
G1 E2.5 F6000
;WIDTH:0.226831
G1 X116.661 Y113.689 E.00266
;WIDTH:0.187214
G1 X116.637 Y113.871 E.00208
;WIDTH:0.147597
G1 X116.613 Y114.052 E.00151
;WIDTH:0.127788
G1 X116.59 Y114.233 E.00123
G1 X115.918 Y115.884 F18000
;WIDTH:0.202477
G1 F6000
G1 X115.878 Y116.101 E.00278
;WIDTH:0.183776
G1 X115.838 Y116.318 E.00246
G1 E-2.27907
;WIPE_START
G1 X115.878 Y116.101 E-.22093
;WIPE_END
G1 X112.079 Y115.744 Z2.24 F18000
G1 X87.147 Y113.406 Z2.24
G1 Z2.04
G1 E2.5 F6000
;WIDTH:0.454973
G1 X86.893 Y113.2 E.01065
;WIDTH:0.459567
G1 X86.876 Y113.186 E.00073
G1 X86.852 Y112.87 E.01042
;WIDTH:0.409212
G1 X86.827 Y112.554 E.00916
;WIDTH:0.359541
G1 X86.802 Y112.239 E.00792
;WIDTH:0.30987
G1 X86.777 Y111.923 E.00668
;WIDTH:0.260199
G1 X86.752 Y111.608 E.00543
;WIDTH:0.213696
G3 X86.731 Y110.8 I15.367 J-.811 E.0109
;WIDTH:0.171669
G1 X86.71 Y110.003 E.00811
;WIDTH:0.171522
G3 X86.731 Y109.2 I15.343 J-.003 E.00816
;WIDTH:0.21343
G1 X86.752 Y108.402 E.01074
;WIDTH:0.234837
G1 X86.752 Y108.392 E.00015
;WIDTH:0.2602
G1 X86.777 Y108.077 E.00543
;WIDTH:0.309871
G1 X86.802 Y107.761 E.00668
;WIDTH:0.359541
G1 X86.827 Y107.446 E.00792
;WIDTH:0.409212
G1 X86.852 Y107.13 E.00916
;WIDTH:0.458883
G1 X86.876 Y106.814 E.0104
;WIDTH:0.469342
G1 F5924.45
G1 X86.893 Y106.8 E.00075
;WIDTH:0.438207
G1 F6000
G1 X87.147 Y106.594 E.01022
G1 E-2.17285
;WIPE_START
G1 X86.893 Y106.8 E-.32715
;WIPE_END
G1 X87.247 Y106.864 Z2.24 F18000
G1 X87.656 Y105.339
G1 X88.222 Y103.865
G1 X88.938 Y102.459
G1 X89.798 Y101.135
G1 X90.792 Y99.908
G1 X91.908 Y98.792
G1 X93.135 Y97.798
G1 X94.459 Y96.938
G1 X95.865 Y96.222
G1 X97.339 Y95.656
G1 X98.864 Y95.247
G1 X100.423 Y95
G1 X102 Y94.918
G1 X110.324 Y95.168
G1 X139.261 Y80.801
G1 Z2.04
G1 E2.5 F6000
M204 P1000
;TYPE:Top surface
;WIDTH:0.420477
G1 F1800
G1 X139.261 Y85.55 E.14162
G1 X138.883 Y85.244 E.01449
G1 X138.883 Y80.758 E.13379
G2 X138.506 Y80.739 I-.262 J1.431 E.01131
G1 X138.506 Y84.983 E.12659
G2 X138.128 Y84.772 I-1.195 J1.691 E.01293
G1 X138.128 Y80.739 E.12028
G1 X137.75 Y80.739 E.01126
G1 X137.75 Y84.602 E.11521
G2 X137.373 Y84.468 I-.827 J1.728 E.01197
G1 X137.373 Y80.739 E.1112
G1 X136.995 Y80.739 E.01126
G1 X136.995 Y84.367 E.10819
G2 X136.618 Y84.306 I-.479 J1.767 E.01143
G1 X136.618 Y80.739 E.10637
G1 X136.24 Y80.739 E.01126
G1 X136.24 Y84.273 E.10539
G2 X135.863 Y84.267 I-.214 J1.792 E.01128
G1 X135.863 Y80.739 E.10523
G1 X135.485 Y80.739 E.01126
G1 X135.485 Y84.289 E.10589
G1 X135.108 Y84.349 E.0114
G1 X135.108 Y80.739 E.10767
G1 X134.73 Y80.739 E.01126
G1 X134.73 Y84.44 E.11038
G2 X134.352 Y84.562 I.393 J1.857 E.01186
G1 X134.352 Y80.739 E.11403
G1 X133.975 Y80.739 E.01126
G1 X133.975 Y84.72 E.11872
G2 X133.597 Y84.917 I.749 J1.895 E.01272
G1 X133.597 Y80.739 E.12459
G1 X133.22 Y80.739 E.01126
G1 X133.22 Y85.162 E.13191
G1 X132.842 Y85.467 E.01447
G1 X132.842 Y80.739 E.141
G1 X132.465 Y80.739 E.01126
G1 X132.465 Y85.845 E.15227
G2 X132.087 Y86.335 I2.145 J2.043 E.01849
G1 X132.087 Y80.739 E.16689
G1 X131.71 Y80.739 E.01126
G1 X131.71 Y87.443 E.19994
G1 E-1.75 F6000
;WIPE_START
G1 F1800
G1 X131.71 Y86.443 E-.75
;WIPE_END
G1 X134.732 Y88.772 Z2.24 F18000
G1 X139.148 Y92.176 Z2.24
G1 X139.261 Y92.232
G1 Z2.04
G1 E2.5 F6000
G1 F1800
G1 X139.261 Y106.511 E.42587
G1 X138.883 Y106.511 E.01126
G1 X138.883 Y92.756 E.41024
G3 X138.506 Y93.017 I-1.43 J-1.667 E.01371
G1 X138.506 Y106.511 E.40246
G1 X138.128 Y106.511 E.01126
G1 X138.128 Y93.228 E.39616
G3 X137.75 Y93.398 I-.997 J-1.71 E.01237
G1 X137.75 Y106.511 E.39108
G1 X137.373 Y106.511 E.01126
G1 X137.373 Y93.532 E.38708
G1 X136.995 Y93.633 E.01166
G1 X136.995 Y106.511 E.38406
G1 X136.618 Y106.511 E.01126
G1 X136.618 Y93.694 E.38225
G3 X136.24 Y93.727 I-.345 J-1.78 E.01132
G1 X136.24 Y106.511 E.38127
G1 X135.863 Y106.511 E.01126
G1 X135.863 Y93.733 E.38111
G3 X135.485 Y93.711 I-.085 J-1.807 E.0113
G1 X135.485 Y106.511 E.38176
G1 X135.108 Y106.511 E.01126
G1 X135.108 Y93.651 E.38354
G3 X134.73 Y93.56 I.244 J-1.843 E.0116
G1 X134.73 Y106.511 E.38626
G1 X134.352 Y106.511 E.01126
G1 X134.352 Y93.438 E.38991
G3 X133.975 Y93.28 I.558 J-1.873 E.01222
G1 X133.975 Y106.681 E.39965
G1 E-1.75 F6000
;WIPE_START
G1 F1800
G1 X133.975 Y105.681 E-.75
;WIPE_END
G1 X136.146 Y108.819 Z2.24 F18000
G1 X139.261 Y113.319 Z2.24
G1 Z2.04
G1 E2.5 F6000
G1 F1800
G1 X139.261 Y127.55 E.42442
G1 X138.883 Y127.244 E.01449
G1 X138.883 Y113.489 E.41024
G1 X138.506 Y113.489 E.01126
G1 X138.506 Y126.983 E.40246
G2 X138.128 Y126.772 I-1.195 J1.691 E.01293
G1 X138.128 Y113.489 E.39616
G1 X137.75 Y113.489 E.01126
G1 X137.75 Y126.602 E.39108
G2 X137.373 Y126.468 I-.827 J1.728 E.01197
G1 X137.373 Y113.489 E.38708
G1 X136.995 Y113.489 E.01126
G1 X136.995 Y126.367 E.38406
G2 X136.618 Y126.306 I-.479 J1.767 E.01143
G1 X136.618 Y113.489 E.38225
G1 X136.24 Y113.489 E.01126
G1 X136.24 Y126.273 E.38127
G2 X135.863 Y126.267 I-.214 J1.792 E.01128
G1 X135.863 Y113.489 E.38111
G1 X135.485 Y113.489 E.01126
G1 X135.485 Y126.289 E.38176
G1 X135.108 Y126.349 E.0114
G1 X135.108 Y113.489 E.38354
G1 X134.73 Y113.489 E.01126
G1 X134.73 Y126.44 E.38626
G2 X134.352 Y126.562 I.393 J1.857 E.01186
G1 X134.352 Y113.489 E.38991
G1 X133.975 Y113.489 E.01126
G1 X133.975 Y126.72 E.39459
G2 X133.597 Y126.917 I.749 J1.895 E.01272
G1 X133.597 Y113.489 E.40047
G1 X133.261 Y113.489 E.01003
G1 X133.261 Y106.511 E.20812
G1 X133.597 Y106.511 E.01003
G1 X133.597 Y93.083 E.40047
G1 X133.22 Y92.838 E.01343
G1 X133.22 Y127.162 E1.02368
G1 X132.842 Y127.467 E.01447
G1 X132.842 Y92.533 E1.04186
G1 X132.465 Y92.155 E.01593
G1 X132.465 Y127.845 E1.06441
G2 X132.087 Y128.335 I2.145 J2.043 E.01849
G1 X132.087 Y91.665 E1.09365
G3 X131.71 Y91.005 I2.952 J-2.127 E.02272
G1 X131.71 Y129.443 E1.14637
G1 E-1.75 F6000
;WIPE_START
G1 F1800
G1 X131.71 Y128.443 E-.75
;WIPE_END
G1 X134.732 Y130.772 Z2.24 F18000
G1 X139.148 Y134.176 Z2.24
G1 X139.261 Y134.232
G1 Z2.04
G1 E2.5 F6000
G1 F1800
G1 X139.261 Y138.743 E.13453
G3 X138.883 Y139.242 I-.512 J.005 E.02008
G1 X138.883 Y134.756 E.13379
G3 X138.506 Y135.017 I-1.43 J-1.667 E.01371
G1 X138.506 Y139.261 E.12659
G1 X138.128 Y139.261 E.01126
G1 X138.128 Y135.228 E.12028
G3 X137.75 Y135.398 I-.997 J-1.709 E.01237
G1 X137.75 Y139.261 E.11521
G1 X137.373 Y139.261 E.01126
G1 X137.373 Y135.532 E.1112
G1 X136.995 Y135.633 E.01166
G1 X136.995 Y139.261 E.10819
G1 X136.618 Y139.261 E.01126
G1 X136.618 Y135.694 E.10637
G3 X136.24 Y135.727 I-.345 J-1.78 E.01132
G1 X136.24 Y139.261 E.10539
G1 X135.863 Y139.261 E.01126
G1 X135.863 Y135.733 E.10523
G3 X135.485 Y135.711 I-.085 J-1.808 E.0113
G1 X135.485 Y139.261 E.10589
G1 X135.108 Y139.261 E.01126
G1 X135.108 Y135.651 E.10767
G3 X134.73 Y135.56 I.244 J-1.843 E.0116
G1 X134.73 Y139.261 E.11038
G1 X134.352 Y139.261 E.01126
G1 X134.352 Y135.438 E.11403
G3 X133.975 Y135.28 I.558 J-1.873 E.01222
G1 X133.975 Y139.261 E.11872
G1 X133.597 Y139.261 E.01126
G1 X133.597 Y135.083 E.12459
G1 X133.22 Y134.838 E.01343
G1 X133.22 Y139.261 E.13191
G1 X132.842 Y139.261 E.01126
G1 X132.842 Y134.533 E.141
G1 X132.465 Y134.155 E.01593
G1 X132.465 Y139.261 E.15227
G1 X132.087 Y139.261 E.01126
G1 X132.087 Y133.665 E.16689
G3 X131.71 Y133.005 I2.952 J-2.127 E.02272
G1 X131.71 Y139.261 E.18657
G1 X131.332 Y139.261 E.01126
G1 X131.332 Y80.739 E1.74537
G1 X130.954 Y80.739 E.01126
G1 X130.954 Y139.261 E1.74537
G1 X130.577 Y139.261 E.01126
G1 X130.577 Y80.739 E1.74537
G1 X130.199 Y80.739 E.01126
G1 X130.199 Y86.411 E.16916
G1 X129.822 Y86.411 E.01126
G1 X129.822 Y80.739 E.16916
G1 X129.444 Y80.739 E.01126
G1 X129.444 Y86.411 E.16916
G1 X129.067 Y86.411 E.01126
G1 X129.067 Y80.739 E.16916
G1 X128.689 Y80.739 E.01126
G1 X128.689 Y86.411 E.16916
G1 X128.312 Y86.411 E.01126
G1 X128.312 Y80.739 E.16916
G1 X127.934 Y80.739 E.01126
G1 X127.934 Y86.411 E.16916
G1 X127.556 Y86.411 E.01126
G1 X127.556 Y80.739 E.16916
G1 X127.179 Y80.739 E.01126
G1 X127.179 Y86.411 E.16916
G1 X126.801 Y86.411 E.01126
G1 X126.801 Y80.739 E.16916
G1 X126.424 Y80.739 E.01126
G1 X126.424 Y86.411 E.16916
G1 X126.046 Y86.411 E.01126
G1 X126.046 Y80.739 E.16916
G1 X125.669 Y80.739 E.01126
G1 X125.669 Y86.411 E.16916
G1 X125.291 Y86.411 E.01126
G1 X125.291 Y80.739 E.16916
G1 X124.914 Y80.739 E.01126
G1 X124.914 Y86.411 E.16916
G1 X124.536 Y86.411 E.01126
G1 X124.536 Y80.739 E.16916
G1 X124.158 Y80.739 E.01126
G1 X124.158 Y86.411 E.16916
G1 X123.781 Y86.411 E.01126
G1 X123.781 Y80.739 E.16916
G1 X123.403 Y80.739 E.01126
G1 X123.403 Y86.411 E.16916
G1 X123.026 Y86.411 E.01126
G1 X123.026 Y80.739 E.16916
G1 X122.648 Y80.739 E.01126
G1 X122.648 Y86.411 E.16916
G1 X122.271 Y86.411 E.01126
G1 X122.271 Y80.739 E.16916
G1 X121.893 Y80.739 E.01126
G1 X121.893 Y86.411 E.16916
G1 X121.515 Y86.411 E.01126
G1 X121.516 Y80.739 E.16916
G1 X121.138 Y80.739 E.01126
G1 X121.138 Y86.411 E.16916
G1 X120.76 Y86.411 E.01126
G1 X120.76 Y80.739 E.16916
G1 X120.383 Y80.739 E.01126
G1 X120.383 Y86.411 E.16916
G1 X120.005 Y86.411 E.01126
G1 X120.005 Y80.739 E.16916
G1 X119.628 Y80.739 E.01126
G1 X119.628 Y86.411 E.16916
G1 X119.25 Y86.411 E.01126
G1 X119.25 Y80.739 E.16916
G1 X118.873 Y80.739 E.01126
G1 X118.873 Y86.411 E.16916
G1 X118.495 Y86.411 E.01126
G1 X118.495 Y80.739 E.16916
G1 X118.117 Y80.739 E.01126
G1 X118.117 Y86.411 E.16916
G1 X117.74 Y86.411 E.01126
G1 X117.74 Y80.739 E.16916
G1 X117.362 Y80.739 E.01126
G1 X117.362 Y86.411 E.16916
G1 X116.985 Y86.411 E.01126
G1 X116.985 Y80.739 E.16916
G1 X116.607 Y80.739 E.01126
G1 X116.607 Y86.411 E.16916
G1 X116.23 Y86.411 E.01126
G1 X116.23 Y80.739 E.16916
G1 X115.852 Y80.739 E.01126
G1 X115.852 Y86.411 E.16916
G1 X115.475 Y86.411 E.01126
G1 X115.475 Y80.739 E.16916
G1 X115.097 Y80.739 E.01126
G1 X115.097 Y86.411 E.16916
G1 X114.719 Y86.411 E.01126
G1 X114.719 Y80.739 E.16916
G1 X114.342 Y80.739 E.01126
G1 X114.342 Y86.411 E.16916
G1 X113.964 Y86.411 E.01126
G1 X113.964 Y80.739 E.16916
G1 X113.587 Y80.739 E.01126
G1 X113.587 Y86.411 E.16916
G1 X113.209 Y86.411 E.01126
G1 X113.209 Y80.739 E.16916
G1 X112.832 Y80.739 E.01126
G1 X112.832 Y86.581 E.17422
G1 E-1.75 F6000
;WIPE_START
G1 F1800
G1 X112.832 Y85.581 E-.75
;WIPE_END
G1 X116.152 Y87.462 Z2.24 F18000
G1 X130.199 Y95.419 Z2.24
G1 Z2.04
G1 E2.5 F6000
G1 F1800
G1 X130.199 Y139.261 E1.30754
G1 X129.822 Y139.261 E.01126
G1 X129.822 Y95.589 E1.30248
G1 X129.444 Y95.589 E.01126
G1 X129.444 Y139.261 E1.30248
G1 X129.067 Y139.261 E.01126
G1 X129.067 Y95.589 E1.30248
G1 X128.689 Y95.589 E.01126
G1 X128.689 Y139.261 E1.30248
G1 X128.312 Y139.261 E.01126
G1 X128.312 Y95.589 E1.30248
G1 X127.934 Y95.589 E.01126
G1 X127.934 Y139.261 E1.30248
G1 X127.556 Y139.261 E.01126
G1 X127.556 Y95.589 E1.30248
G1 X127.179 Y95.589 E.01126
G1 X127.179 Y139.261 E1.30248
G1 X126.801 Y139.261 E.01126
G1 X126.801 Y95.589 E1.30248
G1 X126.424 Y95.589 E.01126
G1 X126.424 Y139.261 E1.30248
G1 X126.046 Y139.261 E.01126
G1 X126.046 Y95.589 E1.30248
G1 X125.669 Y95.589 E.01126
G1 X125.669 Y139.261 E1.30248
G1 X125.291 Y139.261 E.01126
G1 X125.291 Y95.589 E1.30248
G1 X124.914 Y95.589 E.01126
G1 X124.914 Y139.261 E1.30248
G1 X124.536 Y139.261 E.01126
G1 X124.536 Y95.589 E1.30248
G1 X124.158 Y95.589 E.01126
G1 X124.158 Y139.261 E1.30248
G1 X123.781 Y139.261 E.01126
G1 X123.781 Y95.589 E1.30248
G1 X123.403 Y95.589 E.01126
G1 X123.403 Y139.261 E1.30248
G1 X123.026 Y139.261 E.01126
G1 X123.026 Y95.589 E1.30248
G1 X122.648 Y95.589 E.01126
G1 X122.648 Y139.261 E1.30248
G1 X122.271 Y139.261 E.01126
G1 X122.271 Y95.589 E1.30248
G1 X121.893 Y95.589 E.01126
G1 X121.893 Y139.261 E1.30248
G1 X121.515 Y139.261 E.01126
G1 X121.515 Y95.589 E1.30248
G1 X121.138 Y95.589 E.01126
G1 X121.138 Y139.261 E1.30248
G1 X120.76 Y139.261 E.01126
G1 X120.76 Y95.589 E1.30248
G1 X120.383 Y95.589 E.01126
G1 X120.383 Y139.261 E1.30248
G1 X120.005 Y139.261 E.01126
G1 X120.005 Y95.589 E1.30248
G1 X119.628 Y95.589 E.01126
G1 X119.628 Y139.261 E1.30248
G1 X119.25 Y139.261 E.01126
G1 X119.25 Y95.589 E1.30248
G1 X118.873 Y95.589 E.01126
G1 X118.873 Y139.261 E1.30248
G1 X118.495 Y139.261 E.01126
G1 X118.495 Y113.886 E.75678
G1 X118.117 Y115.279 E.04304
G1 X118.117 Y139.261 E.71524
G1 X117.74 Y139.261 E.01126
G1 X117.74 Y116.263 E.6859
G1 X117.496 Y116.899 E.02033
G1 X117.362 Y117.161 E.00876
G1 X117.362 Y139.261 E.65912
G1 X116.985 Y139.261 E.01126
G1 X116.985 Y117.902 E.63702
G1 X116.69 Y118.481 E.01939
G1 X116.607 Y118.608 E.00451
G1 X116.607 Y139.261 E.61596
G1 X116.23 Y139.261 E.01126
G1 X116.23 Y119.189 E.59862
G1 X115.852 Y119.771 E.02067
G1 X115.852 Y139.261 E.58128
G1 X115.475 Y139.261 E.01126
G1 X115.475 Y120.276 E.5662
G1 X115.097 Y120.743 E.01789
G1 X115.097 Y139.261 E.5523
G1 X114.719 Y139.261 E.01126
G1 X114.719 Y121.209 E.53839
G3 X114.342 Y121.613 I-2.112 J-1.594 E.01653
G1 X114.342 Y139.261 E.52633
G1 X113.964 Y139.261 E.01126
G1 X113.964 Y121.991 E.51507
G1 X113.587 Y122.368 E.01592
G1 X113.587 Y139.261 E.50381
G1 X113.489 Y139.261 E.00292
G1 X113.489 Y133.261 E.17895
G1 X113.209 Y133.261 E.00834
G1 X113.209 Y122.719 E.3144
G1 X112.832 Y123.025 E.01449
G1 X112.832 Y133.261 E.30528
G1 X112.454 Y133.261 E.01126
G1 X112.454 Y123.331 E.29617
G1 X112.077 Y123.636 E.01449
G1 X112.077 Y133.261 E.28705
G1 X111.699 Y133.261 E.01126
G1 X111.699 Y123.899 E.27922
G1 X111.321 Y124.144 E.01343
G1 X111.321 Y133.261 E.27191
G1 X110.944 Y133.261 E.01126
G1 X110.944 Y124.389 E.2646
G1 X110.566 Y124.634 E.01343
G1 X110.566 Y133.261 E.25729
G1 X110.189 Y133.261 E.01126
G1 X110.189 Y124.839 E.25119
G1 X109.811 Y125.031 E.01264
G1 X109.811 Y133.261 E.24546
G1 X109.434 Y133.261 E.01126
G1 X109.434 Y125.223 E.23972
G1 X109.056 Y125.416 E.01264
G1 X109.056 Y133.261 E.23398
G1 X108.679 Y133.261 E.01126
G1 X108.679 Y125.58 E.22907
G1 X108.301 Y125.725 E.01206
G1 X108.301 Y133.261 E.22475
G1 X107.923 Y133.261 E.01126
G1 X107.923 Y125.87 E.22042
G1 X107.546 Y126.015 E.01206
G1 X107.546 Y133.261 E.2161
G1 X107.168 Y133.261 E.01126
G1 X107.168 Y126.152 E.21203
G1 X106.791 Y126.253 E.01166
G1 X106.791 Y133.261 E.20902
G1 X106.511 Y133.261 E.00835
G1 X106.511 Y139.261 E.17895
G1 X106.413 Y139.261 E.00292
G1 X106.413 Y126.354 E.38495
G1 X106.036 Y126.455 E.01166
G1 X106.036 Y139.261 E.38193
G1 X105.658 Y139.261 E.01126
G1 X105.658 Y126.556 E.37891
G3 X105.281 Y126.63 I-.542 J-1.76 E.0115
G1 X105.281 Y139.261 E.3767
G1 X104.903 Y139.261 E.01126
G1 X104.903 Y126.69 E.37491
G1 X104.525 Y126.75 E.0114
G1 X104.525 Y139.261 E.37313
G1 X104.148 Y139.261 E.01126
G1 X104.148 Y126.81 E.37135
G3 X103.77 Y126.869 I-.472 J-1.766 E.01142
G1 X103.77 Y139.261 E.36957
G1 X103.393 Y139.261 E.01126
G1 X103.393 Y126.889 E.36898
G1 X103.015 Y126.909 E.01128
G1 X103.015 Y139.261 E.36839
G1 X102.638 Y139.261 E.01126
G1 X102.638 Y126.929 E.3678
G1 X102.26 Y126.948 E.01128
G1 X102.26 Y139.261 E.36721
G1 X101.883 Y139.261 E.01126
G1 X101.883 Y126.956 E.36699
G1 X101.505 Y126.936 E.01128
G1 X101.505 Y139.261 E.36758
G1 X101.127 Y139.261 E.01126
G1 X101.127 Y126.916 E.36817
G1 X100.75 Y126.897 E.01128
G1 X100.75 Y139.261 E.36876
G1 X100.372 Y139.261 E.01126
G1 X100.372 Y126.877 E.36935
G3 X99.995 Y126.832 I.022 J-1.818 E.01136
G1 X99.995 Y139.261 E.37067
G1 X99.617 Y139.261 E.01126
G1 X99.617 Y126.773 E.37246
G1 X99.24 Y126.713 E.0114
G1 X99.24 Y139.261 E.37424
G1 X98.862 Y139.261 E.01126
G1 X98.862 Y126.653 E.37602
G1 X98.485 Y126.593 E.0114
G1 X98.485 Y139.261 E.37781
G1 X98.107 Y139.261 E.01126
G1 X98.107 Y126.493 E.38079
G1 X97.729 Y126.392 E.01166
G1 X97.729 Y139.261 E.38381
G1 X97.352 Y139.261 E.01126
G1 X97.352 Y126.291 E.38682
G1 X96.974 Y126.19 E.01166
G1 X96.974 Y139.261 E.38984
G1 X96.597 Y139.261 E.01126
G1 X96.597 Y126.07 E.39342
G1 X96.219 Y125.925 E.01206
G1 X96.219 Y139.261 E.39774
G1 X95.842 Y139.261 E.01126
G1 X95.842 Y125.78 E.40206
G1 X95.464 Y125.635 E.01206
G1 X95.464 Y139.261 E.40638
G1 X95.087 Y139.261 E.01126
G1 X95.087 Y125.488 E.41076
G1 X94.709 Y125.296 E.01264
G1 X94.709 Y139.261 E.4165
G1 X94.331 Y139.261 E.01126
G1 X94.331 Y125.104 E.42223
G1 X93.954 Y124.911 E.01264
G1 X93.954 Y139.261 E.42797
G1 X93.576 Y139.261 E.01126
G1 X93.576 Y124.719 E.43371
G3 X93.199 Y124.482 I.94 J-1.915 E.01332
G1 X93.199 Y139.261 E.44078
G1 X92.821 Y139.261 E.01126
G1 X92.821 Y124.236 E.4481
G1 X92.444 Y123.991 E.01343
G1 X92.444 Y139.261 E.45541
G1 X92.066 Y139.261 E.01126
G1 X92.066 Y123.746 E.46272
G3 X91.688 Y123.446 I1.238 J-1.946 E.01441
G1 X91.688 Y139.261 E.47167
G1 X91.311 Y139.261 E.01126
G1 X91.311 Y123.14 E.48079
G1 X90.933 Y122.835 E.01449
G1 X90.933 Y139.261 E.4899
G1 X90.556 Y139.261 E.01126
G1 X90.556 Y122.511 E.49956
G1 X90.178 Y122.133 E.01592
G1 X90.178 Y139.261 E.51082
G1 X89.801 Y139.261 E.01126
G1 X89.801 Y121.756 E.52208
G1 X89.423 Y121.378 E.01592
G1 X89.423 Y139.261 E.53334
G1 X89.046 Y139.261 E.01126
G1 X89.046 Y120.919 E.54704
G1 X88.668 Y120.452 E.01789
G1 X88.668 Y139.261 E.56095
G1 X88.29 Y139.261 E.01126
G1 X88.29 Y133.005 E.18657
G3 X87.913 Y133.665 I-3.329 J-1.467 E.02272
G1 X87.913 Y139.261 E.16689
G1 X87.535 Y139.261 E.01126
G1 X87.535 Y134.155 E.15227
G1 X87.158 Y134.533 E.01593
G1 X87.158 Y139.261 E.141
G1 X86.78 Y139.261 E.01126
G1 X86.78 Y134.838 E.13191
G1 X86.403 Y135.083 E.01343
G1 X86.403 Y139.261 E.12459
G1 X86.025 Y139.261 E.01126
G1 X86.025 Y135.28 E.11872
G3 X85.648 Y135.438 I-.936 J-1.716 E.01222
G1 X85.648 Y139.261 E.11403
G1 X85.27 Y139.261 E.01126
G1 X85.27 Y135.56 E.11038
G3 X84.892 Y135.651 I-.622 J-1.752 E.0116
G1 X84.892 Y139.261 E.10767
G1 X84.515 Y139.261 E.01126
G1 X84.515 Y135.711 E.10589
G3 X84.137 Y135.733 I-.293 J-1.786 E.0113
G1 X84.137 Y139.261 E.10523
G1 X83.76 Y139.261 E.01126
G1 X83.76 Y135.727 E.10539
G3 X83.382 Y135.694 I-.033 J-1.813 E.01132
G1 X83.382 Y139.261 E.10637
G1 X83.005 Y139.261 E.01126
G1 X83.005 Y135.633 E.10819
G1 X82.627 Y135.532 E.01166
G1 X82.627 Y139.261 E.1112
G1 X82.25 Y139.261 E.01126
G1 X82.25 Y135.398 E.11521
G3 X81.872 Y135.228 I.62 J-1.88 E.01237
G1 X81.872 Y139.261 E.12028
G1 X81.494 Y139.261 E.01126
G1 X81.494 Y135.017 E.12659
G3 X81.117 Y134.756 I1.053 J-1.928 E.01371
G1 X81.117 Y139.242 E.13379
G3 X80.739 Y138.743 I.135 J-.494 E.02008
G1 X80.739 Y134.232 E.13454
G1 E-1.75 F6000
;WIPE_START
G1 F1800
G1 X80.739 Y135.232 E-.75
;WIPE_END
G1 X80.786 Y135.223 Z2.24 F18000
G1 X80.795 Y134.567
G1 X81.244 Y134.845
G1 X88.29 Y129.443
G1 Z2.04
G1 E2.5 F6000
G1 F1800
G1 X88.29 Y119.986 E.28204
G1 X87.913 Y119.409 E.02058
G1 X87.913 Y128.335 E.26621
G2 X87.535 Y127.845 I-2.523 J1.552 E.01849
G1 X87.535 Y118.827 E.26893
G3 X87.158 Y118.182 I2.885 J-2.12 E.02235
G1 X87.158 Y127.467 E.27692
G1 X86.78 Y127.162 E.01447
G1 X86.78 Y117.441 E.28993
G3 X86.403 Y116.634 I3.644 J-2.198 E.0266
G1 X86.403 Y126.917 E.30666
G2 X86.025 Y126.72 I-1.126 J1.698 E.01272
G1 X86.025 Y115.651 E.33012
G1 X85.868 Y115.242 E.01307
G1 X85.648 Y114.419 E.02541
G1 X85.648 Y126.562 E.36218
G2 X85.27 Y126.44 I-.771 J1.734 E.01186
G1 X85.27 Y113.489 E.38626
G1 X84.892 Y113.489 E.01126
G1 X84.892 Y126.349 E.38354
G1 X84.515 Y126.289 E.0114
G1 X84.515 Y113.489 E.38176
G1 X84.137 Y113.489 E.01126
G1 X84.137 Y126.267 E.38111
G2 X83.76 Y126.273 I-.163 J1.797 E.01128
G1 X83.76 Y113.489 E.38127
G1 X83.382 Y113.489 E.01126
G1 X83.382 Y126.306 E.38225
G2 X83.005 Y126.367 I.101 J1.828 E.01143
G1 X83.005 Y113.489 E.38406
G1 X82.627 Y113.489 E.01126
G1 X82.627 Y126.468 E.38708
G2 X82.25 Y126.602 I.45 J1.863 E.01197
G1 X82.25 Y113.489 E.39108
G1 X81.872 Y113.489 E.01126
G1 X81.872 Y126.772 E.39616
G2 X81.494 Y126.983 I.817 J1.903 E.01293
G1 X81.494 Y113.489 E.40246
G1 X81.117 Y113.489 E.01126
G1 X81.117 Y127.244 E.41024
G1 X80.739 Y127.55 E.01449
G1 X80.739 Y113.319 E.42442
G1 E-1.75 F6000
;WIPE_START
G1 F1800
G1 X80.739 Y114.319 E-.75
;WIPE_END
G1 X84.485 Y113.588 Z2.24 F18000
G1 X86.861 Y113.124 Z2.24
G1 X90.613 Y122.647
G1 X105.538 Y126.646
G1 X117.547 Y116.922
G1 X118.925 Y108.221
G1 X118.718 Y106.914
G1 X118.495 Y106.949
G1 Z2.04
G1 E2.5 F6000
G1 F1800
G1 X118.495 Y95.589 E.33881
G1 X118.117 Y95.589 E.01126
G1 X118.117 Y104.721 E.27235
G1 X117.74 Y103.737 E.03142
G1 X117.74 Y95.589 E.24301
G1 X117.362 Y95.589 E.01126
G1 X117.362 Y102.839 E.21623
G1 X116.985 Y102.098 E.0248
G1 X116.985 Y95.589 E.19413
G1 X116.607 Y95.589 E.01126
G1 X116.607 Y101.392 E.17307
G1 X116.23 Y100.811 E.02067
G1 X116.23 Y95.589 E.15573
G1 X115.852 Y95.589 E.01126
G1 X115.852 Y100.229 E.13839
G2 X115.475 Y99.724 I-2.595 J1.543 E.01886
G1 X115.475 Y95.589 E.12331
G1 X115.097 Y95.589 E.01126
G1 X115.097 Y99.257 E.1094
G1 X114.719 Y98.791 E.01789
G1 X114.719 Y95.589 E.0955
G1 X114.342 Y95.589 E.01126
G1 X114.342 Y98.387 E.08344
G1 X113.964 Y98.009 E.01592
G1 X113.964 Y95.589 E.07218
G1 X113.587 Y95.589 E.01126
G1 X113.587 Y97.632 E.06092
G2 X113.209 Y97.281 I-1.858 J1.621 E.0154
G1 X113.209 Y95.589 E.05046
G1 X112.832 Y95.589 E.01126
G1 X112.832 Y96.975 E.04134
G1 X112.454 Y96.669 E.01449
G1 X112.454 Y80.739 E.47511
G1 X112.077 Y80.739 E.01126
G1 X112.077 Y96.364 E.46599
G2 X111.699 Y96.101 I-1.436 J1.665 E.01374
G1 X111.699 Y80.739 E.45817
G1 X111.321 Y80.739 E.01126
G1 X111.321 Y95.856 E.45086
G1 X110.944 Y95.611 E.01343
G1 X110.944 Y80.739 E.44355
G1 X110.566 Y80.739 E.01126
G1 X110.566 Y95.366 E.43623
G2 X110.189 Y95.161 I-1.161 J1.695 E.01283
G1 X110.189 Y80.739 E.43014
G1 X109.811 Y80.739 E.01126
G1 X109.811 Y94.969 E.4244
G1 X109.434 Y94.777 E.01264
G1 X109.434 Y80.739 E.41866
G1 X109.056 Y80.739 E.01126
G1 X109.056 Y94.584 E.41293
G2 X108.679 Y94.42 I-.972 J1.713 E.01231
G1 X108.679 Y80.739 E.40801
G1 X108.301 Y80.739 E.01126
G1 X108.301 Y94.275 E.40369
G1 X107.923 Y94.13 E.01206
G1 X107.923 Y80.739 E.39937
G1 X107.546 Y80.739 E.01126
G1 X107.546 Y93.985 E.39505
G2 X107.168 Y93.848 I-.838 J1.728 E.01199
G1 X107.168 Y80.739 E.39098
G1 X106.791 Y80.739 E.01126
G1 X106.791 Y93.747 E.38796
G1 X106.413 Y93.646 E.01166
G1 X106.413 Y80.739 E.38495
G1 X106.036 Y80.739 E.01126
G1 X106.036 Y93.545 E.38193
G1 X105.658 Y93.444 E.01166
G1 X105.658 Y80.739 E.37891
G1 X105.281 Y80.739 E.01126
G1 X105.281 Y93.37 E.3767
G1 X104.903 Y93.31 E.0114
G1 X104.903 Y80.739 E.37491
G1 X104.525 Y80.739 E.01126
G1 X104.525 Y93.25 E.37313
G1 X104.148 Y93.19 E.0114
G1 X104.148 Y80.739 E.37135
G1 X103.77 Y80.739 E.01126
G1 X103.77 Y93.131 E.36957
G1 X103.393 Y93.111 E.01128
G1 X103.393 Y80.739 E.36898
G1 X103.015 Y80.739 E.01126
G1 X103.015 Y93.091 E.36839
G1 X102.638 Y93.071 E.01128
G1 X102.638 Y80.739 E.3678
G1 X102.26 Y80.739 E.01126
G1 X102.26 Y93.052 E.36721
G2 X101.883 Y93.044 I-.224 J1.792 E.01128
G1 X101.883 Y80.739 E.36699
G1 X101.505 Y80.739 E.01126
G1 X101.505 Y93.064 E.36758
G1 X101.127 Y93.084 E.01128
G1 X101.127 Y80.739 E.36817
G1 X100.75 Y80.739 E.01126
G1 X100.75 Y93.103 E.36876
G1 X100.372 Y93.123 E.01128
G1 X100.372 Y80.739 E.36935
G1 X99.995 Y80.739 E.01126
G1 X99.995 Y93.168 E.37067
G1 X99.617 Y93.227 E.0114
G1 X99.617 Y80.739 E.37246
G1 X99.24 Y80.739 E.01126
G1 X99.24 Y93.287 E.37424
G1 X98.862 Y93.347 E.0114
G1 X98.862 Y80.739 E.37602
G1 X98.485 Y80.739 E.01126
G1 X98.485 Y93.407 E.37781
G2 X98.107 Y93.507 I.287 J1.846 E.01167
G1 X98.107 Y80.739 E.38079
G1 X97.729 Y80.739 E.01126
G1 X97.729 Y93.608 E.38381
G1 X97.352 Y93.709 E.01166
G1 X97.352 Y80.739 E.38682
G1 X96.974 Y80.739 E.01126
G1 X96.974 Y93.81 E.38984
G2 X96.597 Y93.93 I.382 J1.857 E.01184
G1 X96.597 Y80.739 E.39342
G1 X96.219 Y80.739 E.01126
G1 X96.219 Y94.075 E.39774
G1 X95.842 Y94.22 E.01206
G1 X95.842 Y80.739 E.40206
G1 X95.464 Y80.739 E.01126
G1 X95.464 Y94.365 E.40638
G2 X95.087 Y94.512 I.509 J1.868 E.0121
G1 X95.087 Y80.739 E.41076
G1 X94.709 Y80.739 E.01126
G1 X94.709 Y94.704 E.4165
G1 X94.331 Y94.896 E.01264
G1 X94.331 Y80.739 E.42223
G1 X93.954 Y80.739 E.01126
G1 X93.954 Y95.089 E.42797
G1 X93.576 Y95.281 E.01264
G1 X93.576 Y80.739 E.43371
G1 X93.199 Y80.739 E.01126
G1 X93.199 Y95.518 E.44078
G1 X92.821 Y95.764 E.01343
G1 X92.821 Y80.739 E.4481
G1 X92.444 Y80.739 E.01126
G1 X92.444 Y96.009 E.45541
G1 X92.066 Y96.254 E.01343
G1 X92.066 Y80.739 E.46272
G1 X91.688 Y80.739 E.01126
G1 X91.688 Y96.554 E.47167
G1 X91.311 Y96.86 E.01449
G1 X91.311 Y80.739 E.48079
G1 X90.933 Y80.739 E.01126
G1 X90.933 Y97.165 E.4899
G2 X90.556 Y97.489 I1.351 J1.958 E.01486
G1 X90.556 Y80.739 E.49956
G1 X90.178 Y80.739 E.01126
G1 X90.178 Y97.867 E.51082
G1 X89.801 Y98.244 E.01592
G1 X89.801 Y80.739 E.52208
G1 X89.423 Y80.739 E.01126
G1 X89.423 Y98.622 E.53334
G1 X89.046 Y99.081 E.01774
G1 X89.046 Y80.739 E.54704
G1 X88.668 Y80.739 E.01126
G1 X88.668 Y99.548 E.56095
G1 X88.29 Y100.014 E.01789
G1 X88.29 Y91.005 E.26867
G3 X87.913 Y91.665 I-3.329 J-1.467 E.02272
G1 X87.913 Y100.591 E.26621
G1 X87.535 Y101.173 E.02067
G1 X87.535 Y92.155 E.26893
G1 X87.158 Y92.533 E.01593
G1 X87.158 Y101.818 E.27692
G1 X86.78 Y102.559 E.0248
G1 X86.78 Y92.838 E.28993
G1 X86.403 Y93.083 E.01343
G1 X86.403 Y103.366 E.30666
G1 X86.025 Y104.349 E.03142
G1 X86.025 Y93.28 E.33012
G3 X85.648 Y93.438 I-.936 J-1.716 E.01222
G1 X85.648 Y105.581 E.36218
G1 X85.399 Y106.511 E.0287
G1 X85.27 Y106.511 E.00383
G1 X85.27 Y93.56 E.38626
G3 X84.892 Y93.651 I-.622 J-1.752 E.0116
G1 X84.892 Y106.511 E.38354
G1 X84.515 Y106.511 E.01126
G1 X84.515 Y93.711 E.38176
G3 X84.137 Y93.733 I-.293 J-1.785 E.0113
G1 X84.137 Y106.511 E.38111
G1 X83.76 Y106.511 E.01126
G1 X83.76 Y93.727 E.38127
G3 X83.382 Y93.694 I-.033 J-1.813 E.01132
G1 X83.382 Y106.511 E.38225
G1 X83.005 Y106.511 E.01126
G1 X83.005 Y93.633 E.38406
G1 X82.627 Y93.532 E.01166
G1 X82.627 Y106.511 E.38708
G1 X82.25 Y106.511 E.01126
G1 X82.25 Y93.398 E.39108
G3 X81.872 Y93.228 I.62 J-1.88 E.01237
G1 X81.872 Y106.511 E.39616
G1 X81.494 Y106.511 E.01126
G1 X81.494 Y93.017 E.40246
G3 X81.117 Y92.756 I1.053 J-1.928 E.01371
G1 X81.117 Y106.511 E.41024
G1 X80.739 Y106.511 E.01126
G1 X80.739 Y92.232 E.42587
G1 E-1.75 F6000
;WIPE_START
G1 F1800
G1 X80.739 Y93.232 E-.75
;WIPE_END
G1 X80.794 Y93.212 Z2.24 F18000
G1 X80.795 Y92.567
G1 X81.244 Y92.845
G1 X88.29 Y87.443
G1 Z2.04
G1 E2.5 F6000
G1 F1800
G1 X88.29 Y80.739 E.19994
G1 X87.913 Y80.739 E.01126
G1 X87.913 Y86.335 E.16689
G2 X87.535 Y85.845 I-2.523 J1.552 E.01849
G1 X87.535 Y80.739 E.15227
G1 X87.158 Y80.739 E.01126
G1 X87.158 Y85.467 E.141
G1 X86.78 Y85.162 E.01447
G1 X86.78 Y80.739 E.13191
G1 X86.403 Y80.739 E.01126
G1 X86.403 Y84.917 E.12459
G2 X86.025 Y84.72 I-1.126 J1.698 E.01272
G1 X86.025 Y80.739 E.11872
G1 X85.648 Y80.739 E.01126
G1 X85.648 Y84.562 E.11403
G2 X85.27 Y84.44 I-.771 J1.734 E.01186
G1 X85.27 Y80.739 E.11038
G1 X84.892 Y80.739 E.01126
G1 X84.892 Y84.349 E.10767
G1 X84.515 Y84.289 E.0114
G1 X84.515 Y80.739 E.10589
G1 X84.137 Y80.739 E.01126
G1 X84.137 Y84.267 E.10523
G2 X83.76 Y84.273 I-.163 J1.797 E.01128
G1 X83.76 Y80.739 E.10539
G1 X83.382 Y80.739 E.01126
G1 X83.382 Y84.306 E.10637
G2 X83.005 Y84.367 I.101 J1.828 E.01143
G1 X83.005 Y80.739 E.10819
G1 X82.627 Y80.739 E.01126
G1 X82.627 Y84.468 E.1112
G2 X82.25 Y84.602 I.45 J1.863 E.01197
G1 X82.25 Y80.739 E.11521
G1 X81.872 Y80.739 E.01126
G1 X81.872 Y84.772 E.12028
G2 X81.494 Y84.983 I.817 J1.902 E.01293
G1 X81.494 Y80.739 E.12659
G2 X81.117 Y80.758 I-.116 J1.45 E.01131
G1 X81.117 Y85.244 E.13379
G1 X80.739 Y85.55 E.01449
G1 X80.739 Y80.801 E.14162
G1 E-1.75 F6000
;WIPE_START
G1 F1800
G1 X80.739 Y81.801 E-.75
;WIPE_END
G1 X84.54 Y82.15 Z2.24 F18000
G1 X131.98 Y86.5 Z2.24
G1 Z2.04
G1 E2.5 F6000
M204 P2000
;TYPE:Gap infill
;WIDTH:0.124998
G1 X131.913 Y86.751 E.00168
G1 X131.571 Y87.443 F18000
;WIDTH:0.116995
G1 F6000
G1 X131.54 Y87.629 E.00111
G1 E-2.31112
;WIPE_START
G1 X131.571 Y87.443 E-.18888
;WIPE_END
G1 X131.622 Y90.832 Z2.24 F18000
G1 Z2.04
G1 E2.5 F6000
;WIDTH:0.19544
G1 X131.598 Y90.704 E.00157
;WIDTH:0.158292
G1 X131.574 Y90.576 E.00119
;WIDTH:0.120696
G1 X131.55 Y90.444 E.00082
;WIDTH:0.101586
G1 X131.54 Y90.371 E.00034
G1 E-2.42596
;WIPE_START
G1 X131.55 Y90.444 E-.07404
;WIPE_END
G1 X131.557 Y94.26 Z2.24 F18000
G1 X131.622 Y132.832 Z2.24
G1 Z2.04
G1 E2.5 F6000
;WIDTH:0.195441
G1 X131.598 Y132.704 E.00157
;WIDTH:0.158294
G1 X131.574 Y132.576 E.00119
;WIDTH:0.1207
G1 X131.55 Y132.444 E.00082
;WIDTH:0.10159
G1 X131.54 Y132.371 E.00034
G1 E-2.42594
;WIPE_START
G1 X131.55 Y132.444 E-.07406
;WIPE_END
G1 X131.571 Y129.443 Z2.24 F18000
G1 Z2.04
G1 E2.5 F6000
;WIDTH:0.116995
G1 X131.54 Y129.629 E.00111
G1 E-2.31111
;WIPE_START
G1 X131.571 Y129.443 E-.18889
;WIPE_END
G1 X131.98 Y128.5 Z2.24 F18000
G1 Z2.04
G1 E2.5 F6000
;WIDTH:0.125
G1 X131.913 Y128.751 E.00168
G1 E-2.24054
;WIPE_START
G1 X131.98 Y128.5 E-.25946
;WIPE_END
G1 X129.111 Y125.984 Z2.24 F18000
G1 X117.823 Y116.086 Z2.24
G1 Z2.04
G1 E2.5 F6000
;WIDTH:0.198813
G1 X117.852 Y115.93 E.00195
;WIDTH:0.154556
G1 X117.881 Y115.774 E.0014
;WIDTH:0.132428
G1 X117.91 Y115.618 E.00112
G1 X118.569 Y113.706 F18000
;WIDTH:0.236146
G1 F6000
G1 X118.593 Y113.522 E.00283
;WIDTH:0.202225
G1 X118.616 Y113.225 E.00375
;WIDTH:0.156603
G1 X118.64 Y112.927 E.00268
;WIDTH:0.133792
G1 X118.663 Y112.63 E.00214
G1 X118.663 Y107.37 F18000
;WIDTH:0.101871
G1 F6000
G1 X118.646 Y107.16 E.00098
;WIDTH:0.11557
G1 X118.63 Y106.949 E.00121
G1 X118.287 Y105.609 F18000
;WIDTH:0.107543
G1 F6000
G1 X118.263 Y105.432 E.00091
;WIDTH:0.146289
G1 X118.24 Y105.254 E.00146
;WIDTH:0.185036
G1 X118.216 Y105.076 E.00201
;WIDTH:0.20441
G1 X118.193 Y104.899 E.00229
G1 X117.533 Y103.398 F18000
;WIDTH:0.112612
G1 F6000
G1 X117.506 Y103.255 E.0008
;WIDTH:0.161495
G1 X117.48 Y103.112 E.00136
;WIDTH:0.188917
G1 X117.456 Y103.011 E.0012
G1 E-2.39612
;WIPE_START
G1 X117.48 Y103.112 E-.10388
;WIPE_END
G1 X114.145 Y101.256 Z2.24 F18000
G1 X88.087 Y86.751 Z2.24
G1 Z2.04
G1 E2.5 F6000
;WIDTH:0.122749
G1 X88.02 Y86.5 E.00164
G1 E-2.24053
;WIPE_START
G1 X88.087 Y86.751 E-.25947
;WIPE_END
G1 X88.46 Y87.629 Z2.24 F18000
G1 Z2.04
G1 E2.5 F6000
;WIDTH:0.0969172
G1 X88.429 Y87.443 E.00081
G1 E-2.31109
;WIPE_START
G1 X88.46 Y87.629 E-.18891
;WIPE_END
G1 X88.378 Y90.832 Z2.24 F18000
G1 Z2.04
G1 E2.5 F6000
;WIDTH:0.195449
G1 X88.402 Y90.704 E.00157
;WIDTH:0.158306
G1 X88.426 Y90.576 E.00119
;WIDTH:0.120716
G1 X88.45 Y90.444 E.00082
;WIDTH:0.101609
G1 X88.46 Y90.371 E.00034
G1 E-2.42587
;WIPE_START
G1 X88.45 Y90.444 E-.07413
;WIPE_END
G1 X87.781 Y94.201 Z2.24 F18000
G1 X85.942 Y104.526 Z2.24
G1 Z2.04
G1 E2.5 F6000
;WIDTH:0.206931
G1 X85.919 Y104.645 E.00157
;WIDTH:0.17814
G1 X85.896 Y104.771 E.00137
;WIDTH:0.144195
G1 X85.876 Y104.924 E.00124
;WIDTH:0.12552
G1 X85.856 Y105.077 E.00101
G1 X85.734 Y105.044 F18000
G1 X86.861 Y106.389
G1 X86.861 Y113.611
G1 X85.373 Y113.611
G1 X85.544 Y114.246
G1 X85.574 Y114.238
;WIDTH:0.227269
G1 F6000
G1 X85.55 Y114.059 E.00262
;WIDTH:0.189099
G1 X85.527 Y113.881 E.00208
;WIDTH:0.150929
G1 X85.503 Y113.702 E.00154
;WIDTH:0.131844
G1 X85.478 Y113.514 E.00133
G1 X86.319 Y116.458 F18000
;WIDTH:0.198817
G1 F6000
G1 X86.29 Y116.302 E.00195
;WIDTH:0.154559
G1 X86.261 Y116.146 E.0014
;WIDTH:0.132429
G1 X86.232 Y115.99 E.00112
G1 E-2.34134
;WIPE_START
G1 X86.261 Y116.146 E-.15866
;WIPE_END
G1 X86.808 Y119.923 Z2.24 F18000
G1 X88.087 Y128.751 Z2.24
G1 Z2.04
G1 E2.5 F6000
;WIDTH:0.122744
G1 X88.02 Y128.5 E.00164
G1 E-2.24053
;WIPE_START
G1 X88.087 Y128.751 E-.25947
;WIPE_END
G1 X88.46 Y129.629 Z2.24 F18000
G1 Z2.04
G1 E2.5 F6000
;WIDTH:0.0969156
G1 X88.429 Y129.443 E.00081
G1 E-2.3111
;WIPE_START
G1 X88.46 Y129.629 E-.1889
;WIPE_END
G1 X88.378 Y132.832 Z2.24 F18000
G1 Z2.04
G1 E2.5 F6000
;WIDTH:0.195446
G1 X88.402 Y132.704 E.00157
;WIDTH:0.158303
G1 X88.426 Y132.576 E.00119
;WIDTH:0.120712
G1 X88.45 Y132.444 E.00082
;WIDTH:0.101605
G1 X88.46 Y132.371 E.00034
; stop printing object mid_plate.stl id:1992740639744 copy 0
M106 S176
;LAYER_CHANGE
;Z:2.24
;HEIGHT:0.2
G92 E0 ; zero the extruded length again
; BEFORE_LAYER_CHANGE 10 @ 2.24mm
G1 E-2.42589 F6000
;WIPE_START
G1 X88.45 Y132.444 E-.07411
;WIPE_END
; AFTER_LAYER_CHANGE 10 @ 2.24mm
;_SET_FAN_SPEED_CHANGING_LAYER
; printing object mid_plate.stl id:1992740639744 copy 0
G17
G3 Z2.44 I.24 J.559 P1  F18000
G1 X102 Y126.638 Z2.44
G1 X102 Y127.04
G1 Z2.24
G1 E2.5 F6000
M204 P1000
;TYPE:Outer wall
;WIDTH:0.42
G1 F3600
G1 X100.219 Y126.946 E.05312
G1 X98.457 Y126.667 E.05314
G1 X96.734 Y126.206 E.05313
G1 X95.069 Y125.567 E.05312
G1 X93.48 Y124.757 E.05313
G1 X91.984 Y123.785 E.05314
G1 X90.598 Y122.663 E.05312
G1 X89.337 Y121.402 E.05312
G1 X88.215 Y120.016 E.05312
G1 X87.243 Y118.52 E.05314
G1 X86.433 Y116.931 E.05313
G1 X85.794 Y115.266 E.05312
G1 X85.333 Y113.543 E.05313
G1 F3000
G1 X85.247 Y113 E.01638
G1 F1320
G1 X85.215 Y112.8 E.00603
M204 P500
;TYPE:Overhang wall
;WIDTH:0.364292
G1 F1500
G1 X85.054 Y111.781 E.02619
G1 X84.96 Y110 E.04528
G1 X85.054 Y108.219 E.04528
G1 X85.215 Y107.2 E.02619
M204 P1000
;TYPE:Outer wall
;WIDTH:0.42
G1 F1320
G1 X85.247 Y107 E.00603
M106 S176
G1 F3000
G1 X85.333 Y106.457 E.01638
G1 F3600
G1 X85.794 Y104.734 E.05313
G1 X86.433 Y103.069 E.05312
G1 X87.243 Y101.48 E.05313
G1 X88.215 Y99.984 E.05314
G1 X89.337 Y98.598 E.05312
G1 X90.598 Y97.337 E.05312
G1 X91.984 Y96.215 E.05312
G1 X93.48 Y95.243 E.05314
G1 X95.069 Y94.433 E.05313
G1 X96.734 Y93.794 E.05312
G1 X98.457 Y93.333 E.05313
G1 X100.219 Y93.054 E.05314
G1 X102 Y92.96 E.05312
G1 X103.781 Y93.054 E.05312
G1 X105.543 Y93.333 E.05314
G1 X107.266 Y93.794 E.05313
G1 X108.931 Y94.433 E.05312
G1 X110.52 Y95.243 E.05313
G1 X112.016 Y96.215 E.05314
G1 X113.402 Y97.337 E.05312
G1 X114.663 Y98.598 E.05312
G1 X115.785 Y99.984 E.05312
G1 X116.757 Y101.48 E.05314
G1 X117.567 Y103.069 E.05313
G1 X118.206 Y104.734 E.05312
G1 X118.667 Y106.457 E.05313
G1 X118.946 Y108.219 E.05314
G1 X119.04 Y110 E.05312
G1 X118.946 Y111.781 E.05312
G1 X118.667 Y113.543 E.05314
G1 X118.206 Y115.266 E.05313
G1 X117.574 Y116.911 E.05249
G1 X116.757 Y118.52 E.05375
G1 X115.785 Y120.016 E.05314
G1 X114.663 Y121.402 E.05312
G1 X113.402 Y122.663 E.05312
G1 X112.016 Y123.785 E.05312
G1 X110.52 Y124.757 E.05314
G1 X108.931 Y125.567 E.05313
G1 X107.266 Y126.206 E.05312
G1 X105.543 Y126.667 E.05313
G1 X103.781 Y126.946 E.05314
G1 X102.06 Y127.037 E.05133
G1 X102.039 Y126.636 F18000
G1 X102 Y126.638
G1 X102 Y126.638
G1 X102 Y126.647
M204 P1500
;TYPE:Inner wall
;WIDTH:0.45
G1 F4252
G1 X100.26 Y126.556 E.05603
G1 X98.539 Y126.283 E.05603
G1 X96.856 Y125.832 E.05603
G1 X95.229 Y125.208 E.05603
G1 X93.676 Y124.417 E.05604
G1 X92.215 Y123.468 E.05602
G1 X90.861 Y122.371 E.05604
G1 X89.629 Y121.139 E.05603
G1 X88.532 Y119.785 E.05604
G1 X87.583 Y118.324 E.05602
G1 X86.792 Y116.771 E.05604
G1 X86.168 Y115.144 E.05603
G1 X85.717 Y113.461 E.05603
G1 F3000
G1 X85.644 Y113 E.01501
G1 F1140
G1 X85.612 Y112.8 E.00651
M204 P500
;TYPE:Overhang wall
;WIDTH:0.364292
G1 F1500
G1 X85.444 Y111.74 E.02724
G1 X85.353 Y110 E.04423
G1 X85.444 Y108.26 E.04423
G1 X85.612 Y107.2 E.02724
M204 P1500
;TYPE:Inner wall
;WIDTH:0.45
G1 F1140
G1 X85.644 Y107 E.00651
M106 S176
G1 F3000
G1 X85.717 Y106.539 E.01501
G1 F4252
G1 X86.168 Y104.856 E.05603
G1 X86.792 Y103.229 E.05603
G1 X87.583 Y101.676 E.05604
G1 X88.532 Y100.215 E.05602
G1 X89.629 Y98.861 E.05604
G1 X90.861 Y97.629 E.05603
G1 X92.215 Y96.532 E.05604
G1 X93.676 Y95.583 E.05602
G1 X95.229 Y94.792 E.05604
G1 X96.856 Y94.168 E.05603
G1 X98.539 Y93.717 E.05603
G1 X100.26 Y93.444 E.05603
G1 X102 Y93.353 E.05603
G1 X103.74 Y93.444 E.05603
G1 X105.461 Y93.717 E.05603
G1 X107.144 Y94.168 E.05603
G1 X108.771 Y94.792 E.05603
G1 X110.324 Y95.583 E.05604
G1 X111.785 Y96.532 E.05602
G1 X113.139 Y97.629 E.05604
G1 X114.371 Y98.861 E.05603
G1 X115.468 Y100.215 E.05604
G1 X116.417 Y101.676 E.05602
G1 X117.208 Y103.229 E.05604
G1 X117.832 Y104.856 E.05603
G1 X118.283 Y106.539 E.05603
G1 X118.556 Y108.26 E.05603
G1 X118.647 Y110 E.05603
G1 X118.556 Y111.74 E.05603
G1 X118.283 Y113.461 E.05603
G1 X117.832 Y115.144 E.05603
G1 X117.208 Y116.771 E.05603
G1 X116.417 Y118.324 E.05604
G1 X115.468 Y119.785 E.05602
G1 X114.371 Y121.139 E.05604
G1 X113.139 Y122.371 E.05603
G1 X111.785 Y123.468 E.05604
G1 X110.324 Y124.417 E.05602
G1 X108.771 Y125.208 E.05604
G1 X107.144 Y125.832 E.05603
G1 X105.461 Y126.283 E.05603
G1 X103.74 Y126.556 E.05603
G1 X102.06 Y126.644 E.0541
G1 X102 Y126.239 F18000
G1 F4252
G1 X100.303 Y126.15 E.05464
G1 X98.624 Y125.885 E.05466
G1 X96.982 Y125.445 E.05466
G1 X95.395 Y124.836 E.05466
G1 X93.88 Y124.064 E.05468
G1 X92.455 Y123.138 E.05465
G1 X91.134 Y122.068 E.05467
G1 X89.932 Y120.866 E.05466
G1 X88.862 Y119.545 E.05467
G1 X87.936 Y118.12 E.05465
G1 X87.164 Y116.605 E.05468
G1 X86.555 Y115.018 E.05466
G1 X86.115 Y113.376 E.05466
G1 F3000
G1 X86.056 Y113 E.01224
G1 F1140
G1 X86.024 Y112.8 E.00651
M204 P500
;TYPE:Overhang wall
;WIDTH:0.364292
G1 F1500
G1 X85.85 Y111.697 E.02834
G1 X85.761 Y110 E.04315
G1 X85.85 Y108.303 E.04315
G1 X86.024 Y107.2 E.02834
M204 P1500
;TYPE:Inner wall
;WIDTH:0.45
G1 F1140
G1 X86.056 Y107 E.00651
M106 S176
G1 F3000
G1 X86.115 Y106.624 E.01224
G1 F4252
G1 X86.555 Y104.982 E.05466
G1 X87.164 Y103.395 E.05466
G1 X87.936 Y101.88 E.05468
G1 X88.862 Y100.455 E.05465
G1 X89.932 Y99.134 E.05467
G1 X91.134 Y97.932 E.05466
G1 X92.455 Y96.862 E.05467
G1 X93.88 Y95.936 E.05465
G1 X95.395 Y95.164 E.05468
G1 X96.982 Y94.555 E.05466
G1 X98.624 Y94.115 E.05466
G1 X100.303 Y93.85 E.05466
G1 X102 Y93.761 E.05464
G1 X103.697 Y93.85 E.05464
G1 X105.376 Y94.115 E.05466
G1 X107.018 Y94.555 E.05466
G1 X108.605 Y95.164 E.05466
G1 X110.12 Y95.936 E.05468
G1 X111.545 Y96.862 E.05465
G1 X112.866 Y97.932 E.05467
G1 X114.068 Y99.134 E.05466
G1 X115.138 Y100.455 E.05467
G1 X116.064 Y101.88 E.05465
G1 X116.835 Y103.395 E.05466
G1 X117.445 Y104.982 E.05467
G1 X117.885 Y106.624 E.05466
G1 X118.15 Y108.303 E.05466
G1 X118.239 Y110 E.05464
G1 X118.15 Y111.697 E.05464
G1 X117.885 Y113.376 E.05466
G1 X117.445 Y115.018 E.05466
G1 X116.835 Y116.605 E.05467
G1 X116.064 Y118.12 E.05466
G1 X115.138 Y119.545 E.05465
G1 X114.068 Y120.866 E.05467
G1 X112.866 Y122.068 E.05466
G1 X111.545 Y123.138 E.05467
G1 X110.12 Y124.064 E.05465
G1 X108.605 Y124.836 E.05468
G1 X107.018 Y125.445 E.05466
G1 X105.376 Y125.885 E.05466
G1 X103.697 Y126.15 E.05466
G1 X102.06 Y126.236 E.05271
G1 E-1.75 F6000
;WIPE_START
G1 X101.061 Y126.188 E-.75
;WIPE_END
G1 X101.102 Y125.415 Z2.44 F18000
G1 X101.663 Y125.444
G1 X101.979 Y125.461
G1 X102 Y125.06
G1 Z2.24
G1 E2.5 F6000
M204 P1000
;TYPE:Outer wall
;WIDTH:0.42
G1 F3600
G1 X103.574 Y124.978 E.04696
G1 X105.131 Y124.731 E.04696
G1 X106.654 Y124.323 E.04696
G1 X108.126 Y123.758 E.04696
G1 X109.53 Y123.043 E.04696
G1 X110.852 Y122.184 E.04696
G1 X112.077 Y121.192 E.04696
G1 X113.192 Y120.077 E.04696
G1 X114.184 Y118.852 E.04696
G1 X115.043 Y117.53 E.04696
G1 X115.758 Y116.126 E.04696
G1 X116.323 Y114.654 E.04696
G1 X116.731 Y113.131 E.04696
G1 X116.978 Y111.574 E.04696
G1 X117.06 Y110 E.04696
G1 X116.978 Y108.426 E.04696
G1 X116.731 Y106.869 E.04696
G1 X116.323 Y105.346 E.04696
G1 X115.758 Y103.874 E.04696
G1 X115.043 Y102.47 E.04696
G1 X114.184 Y101.148 E.04696
G1 X113.192 Y99.923 E.04696
G1 X112.077 Y98.808 E.04696
G1 X110.852 Y97.816 E.04696
G1 X109.53 Y96.957 E.04696
G1 X108.126 Y96.242 E.04696
G1 X106.654 Y95.677 E.04696
G1 X105.131 Y95.269 E.04696
G1 X103.574 Y95.022 E.04696
G1 X101.957 Y94.942 E.04824
G1 X100.426 Y95.022 E.04567
G1 X98.869 Y95.269 E.04696
G1 X97.346 Y95.677 E.04696
G1 X95.874 Y96.242 E.04696
G1 X94.47 Y96.957 E.04695
G1 X93.148 Y97.816 E.04696
G1 X91.923 Y98.808 E.04696
G1 X90.808 Y99.923 E.04696
G1 X89.816 Y101.148 E.04696
G1 X88.957 Y102.47 E.04696
G1 X88.242 Y103.874 E.04696
G1 X87.677 Y105.346 E.04696
G1 X87.269 Y106.869 E.04696
G1 X87.022 Y108.426 E.04696
G1 X86.94 Y110 E.04696
G1 X87.022 Y111.574 E.04696
G1 X87.269 Y113.131 E.04696
G1 X87.677 Y114.654 E.04696
G1 X88.242 Y116.126 E.04696
G1 X88.957 Y117.53 E.04696
G1 X89.816 Y118.852 E.04696
G1 X90.808 Y120.077 E.04696
G1 X91.923 Y121.192 E.04696
G1 X93.148 Y122.184 E.04696
G1 X94.47 Y123.043 E.04696
G1 X95.874 Y123.758 E.04695
G1 X97.346 Y124.323 E.04696
G1 X98.869 Y124.731 E.04696
G1 X100.426 Y124.978 E.04696
G1 X101.94 Y125.057 E.04517
G1 X101.919 Y125.457 F18000
G1 X101.981 Y125.461
G1 X101.981 Y125.452
M204 P1500
;TYPE:Inner wall
;WIDTH:0.45
G1 F4252
G1 X102 Y125.453 E.00061
G1 X103.615 Y125.368 E.05201
G1 X105.213 Y125.115 E.05201
G1 X106.775 Y124.697 E.05201
G1 X108.285 Y124.117 E.05201
G1 X109.727 Y123.383 E.05201
G1 X111.083 Y122.502 E.05201
G1 X112.34 Y121.484 E.05201
G1 X113.484 Y120.34 E.05201
G1 X114.502 Y119.083 E.05201
G1 X115.383 Y117.727 E.05201
G1 X116.117 Y116.285 E.05201
G1 X116.697 Y114.775 E.05201
G1 X117.115 Y113.213 E.05201
G1 X117.368 Y111.615 E.05201
G1 X117.453 Y110 E.05201
G1 X117.368 Y108.385 E.05201
G1 X117.115 Y106.787 E.05201
G1 X116.697 Y105.225 E.05201
G1 X116.117 Y103.715 E.05201
G1 X115.383 Y102.273 E.05201
G1 X114.502 Y100.917 E.05201
G1 X113.484 Y99.66 E.05201
G1 X112.34 Y98.516 E.05201
G1 X111.083 Y97.498 E.05201
G1 X109.727 Y96.617 E.05201
G1 X108.285 Y95.883 E.05201
G1 X106.775 Y95.303 E.05201
G1 X105.213 Y94.885 E.05201
G1 X103.615 Y94.632 E.05201
G1 X101.936 Y94.55 E.05405
G1 X100.385 Y94.632 E.04996
G1 X98.787 Y94.885 E.05201
G1 X97.225 Y95.303 E.05201
G1 X95.715 Y95.883 E.05201
G1 X94.273 Y96.617 E.05201
G1 X92.917 Y97.498 E.05201
G1 X91.66 Y98.516 E.05201
G1 X90.516 Y99.66 E.05201
G1 X89.498 Y100.917 E.05201
G1 X88.617 Y102.273 E.05201
G1 X87.883 Y103.715 E.05201
G1 X87.303 Y105.225 E.05201
G1 X86.885 Y106.787 E.05201
G1 X86.632 Y108.385 E.05201
G1 X86.547 Y110 E.05201
G1 X86.632 Y111.615 E.05201
G1 X86.885 Y113.213 E.05201
G1 X87.303 Y114.775 E.05201
G1 X87.883 Y116.285 E.05201
G1 X88.617 Y117.727 E.05201
G1 X89.498 Y119.083 E.05201
G1 X90.516 Y120.34 E.05201
G1 X91.66 Y121.484 E.05201
G1 X92.917 Y122.502 E.05201
G1 X94.273 Y123.383 E.05201
G1 X95.715 Y124.117 E.05201
G1 X97.225 Y124.697 E.05201
G1 X98.787 Y125.115 E.05201
G1 X100.385 Y125.368 E.05201
G1 X101.921 Y125.449 E.04947
G1 X101.961 Y125.859 F18000
G1 F4252
G1 X102 Y125.861 E.00126
G1 X103.658 Y125.774 E.05339
G1 X105.298 Y125.514 E.0534
G1 X106.901 Y125.084 E.05337
G1 X108.451 Y124.489 E.05339
G1 X109.93 Y123.736 E.05337
G1 X111.323 Y122.832 E.0534
G1 X112.613 Y121.787 E.05338
G1 X113.787 Y120.613 E.05339
G1 X114.832 Y119.323 E.05338
G1 X115.736 Y117.93 E.0534
G1 X116.489 Y116.451 E.05337
G1 X117.084 Y114.901 E.05339
G1 X117.514 Y113.298 E.05337
G1 X117.774 Y111.658 E.0534
G1 X117.861 Y110 E.05339
G1 X117.774 Y108.342 E.05339
G1 X117.514 Y106.702 E.0534
G1 X117.084 Y105.099 E.05337
G1 X116.489 Y103.549 E.05339
G1 X115.736 Y102.07 E.05337
G1 X114.832 Y100.677 E.0534
G1 X113.787 Y99.387 E.05338
G1 X112.613 Y98.213 E.05339
G1 X111.323 Y97.168 E.05338
G1 X109.93 Y96.264 E.0534
G1 X108.451 Y95.511 E.05337
G1 X106.901 Y94.916 E.05339
G1 X105.298 Y94.486 E.05337
G1 X103.658 Y94.226 E.0534
G1 X101.915 Y94.144 E.05611
G1 X100.342 Y94.226 E.05065
G1 X98.702 Y94.486 E.0534
G1 X97.099 Y94.916 E.05337
G1 X95.549 Y95.511 E.05339
G1 X94.07 Y96.264 E.05337
G1 X92.677 Y97.168 E.0534
G1 X91.387 Y98.213 E.05338
G1 X90.213 Y99.387 E.05339
G1 X89.168 Y100.677 E.05338
G1 X88.264 Y102.07 E.0534
G1 X87.511 Y103.549 E.05337
G1 X86.916 Y105.099 E.05339
G1 X86.486 Y106.702 E.05337
G1 F3000
G1 X86.25 Y108.192 E.04851
G1 F2760
G1 X86.226 Y108.342 E.00488
G1 F1800
G1 X86.139 Y110 E.05339
G1 X86.226 Y111.658 E.05339
G1 F2760
G1 X86.25 Y111.808 E.00488
M106 S176
G1 F3000
G1 X86.486 Y113.298 E.04851
G1 F4252
G1 X86.916 Y114.901 E.05337
G1 X87.511 Y116.451 E.05339
G1 X88.264 Y117.93 E.05337
G1 X89.168 Y119.323 E.0534
G1 X90.213 Y120.613 E.05338
G1 X91.387 Y121.787 E.05339
G1 X92.677 Y122.832 E.05338
G1 X94.07 Y123.736 E.0534
G1 X95.549 Y124.489 E.05337
G1 X97.099 Y125.084 E.05339
G1 X98.702 Y125.514 E.05337
G1 X100.342 Y125.774 E.0534
G1 X101.901 Y125.856 E.0502
; stop printing object mid_plate.stl id:1992740639744 copy 0
;LAYER_CHANGE
;Z:2.44
;HEIGHT:0.2
G92 E0 ; zero the extruded length again
; BEFORE_LAYER_CHANGE 11 @ 2.44mm
G1 E-1.75 F6000
;WIPE_START
G1 X102 Y125.861 E-.07409
G1 X102.9 Y125.814 E-.67592
;WIPE_END
; AFTER_LAYER_CHANGE 11 @ 2.44mm
;_SET_FAN_SPEED_CHANGING_LAYER
; printing object mid_plate.stl id:1992740639744 copy 0
G17
G3 Z2.64 I-.608 J.032 P1  F18000
G1 X102.941 Y126.589 Z2.64
G1 X102.273 Y126.624
G1 X102 Y126.638
G1 X102 Y127.04
G1 Z2.44
G1 E2.5 F6000
M204 P1000
;TYPE:Outer wall
;WIDTH:0.42
G1 F3600
G1 X100.219 Y126.946 E.05313
G1 X98.457 Y126.667 E.05313
G1 X96.734 Y126.206 E.05312
G1 X95.069 Y125.567 E.05313
G1 X93.48 Y124.757 E.05313
G1 X91.984 Y123.785 E.05313
G1 X90.598 Y122.663 E.05313
G1 X89.337 Y121.402 E.05312
G1 X88.215 Y120.016 E.05313
G1 X87.243 Y118.52 E.05313
G1 X86.433 Y116.931 E.05313
G1 X85.794 Y115.266 E.05313
G1 X85.333 Y113.543 E.05313
G1 X85.054 Y111.781 E.05313
G1 X84.96 Y110 E.05313
G1 X85.054 Y108.219 E.05313
G1 X85.333 Y106.457 E.05313
G1 X85.794 Y104.734 E.05313
G1 X86.433 Y103.069 E.05313
G1 X87.243 Y101.48 E.05313
G1 X88.215 Y99.984 E.05313
G1 X89.337 Y98.598 E.05313
G1 X90.598 Y97.337 E.05312
G1 X91.984 Y96.215 E.05313
G1 X93.48 Y95.243 E.05313
G1 X95.069 Y94.433 E.05313
G1 X96.734 Y93.794 E.05313
G1 X98.457 Y93.333 E.05313
G1 X100.219 Y93.054 E.05313
G1 X102.066 Y92.964 E.05507
G1 X103.781 Y93.054 E.05117
G1 X105.543 Y93.333 E.05313
G1 X107.266 Y93.794 E.05313
G1 X108.931 Y94.433 E.05313
G1 X110.52 Y95.243 E.05313
G1 X112.016 Y96.215 E.05313
G1 X113.402 Y97.337 E.05313
G1 X114.663 Y98.598 E.05313
G1 X115.785 Y99.984 E.05313
G1 X116.721 Y101.425 E.05117
G1 X117.567 Y103.069 E.05507
G1 X118.206 Y104.734 E.05313
G1 X118.667 Y106.457 E.05313
G1 X118.946 Y108.219 E.05313
G1 X119.04 Y110 E.05313
G1 X118.946 Y111.781 E.05313
G1 X118.667 Y113.543 E.05313
G1 X118.206 Y115.266 E.05313
G1 X117.59 Y116.869 E.05117
G1 X116.757 Y118.52 E.05507
G1 X115.785 Y120.016 E.05313
G1 X114.663 Y121.402 E.05313
G1 X113.402 Y122.663 E.05313
G1 X112.016 Y123.785 E.05313
G1 X110.52 Y124.757 E.05313
G1 X108.931 Y125.567 E.05313
G1 X107.266 Y126.206 E.05313
G1 X105.543 Y126.667 E.05313
G1 X103.781 Y126.946 E.05313
G1 X102.06 Y127.037 E.05134
G1 X102.039 Y126.636 F18000
G1 X102 Y126.638
G1 X102 Y126.638
G1 X102 Y126.647
M204 P1500
;TYPE:Inner wall
;WIDTH:0.45
G1 F3730
G1 X100.26 Y126.556 E.05603
G1 X98.539 Y126.283 E.05603
G1 X96.856 Y125.832 E.05603
G1 X95.229 Y125.208 E.05603
G1 X93.676 Y124.417 E.05603
G1 X92.215 Y123.468 E.05603
G1 X90.861 Y122.371 E.05603
G1 X89.629 Y121.139 E.05603
G1 X88.532 Y119.785 E.05603
G1 X87.583 Y118.324 E.05603
G1 X86.792 Y116.771 E.05603
G1 X86.168 Y115.144 E.05603
G1 X85.717 Y113.461 E.05603
G1 X85.444 Y111.74 E.05603
G1 X85.353 Y110 E.05603
G1 X85.444 Y108.26 E.05603
G1 X85.717 Y106.539 E.05603
G1 X86.168 Y104.856 E.05603
G1 X86.792 Y103.229 E.05603
G1 X87.583 Y101.676 E.05603
G1 X88.532 Y100.215 E.05603
G1 X89.629 Y98.861 E.05603
G1 X90.861 Y97.629 E.05603
G1 X92.215 Y96.532 E.05603
G1 X93.676 Y95.583 E.05603
G1 X95.229 Y94.792 E.05603
G1 X96.856 Y94.168 E.05603
G1 X98.539 Y93.717 E.05603
G1 X100.26 Y93.444 E.05603
G1 X102.045 Y93.355 E.05748
G1 X103.74 Y93.444 E.05458
G1 X105.461 Y93.717 E.05603
G1 X107.144 Y94.168 E.05603
G1 X108.771 Y94.792 E.05603
G1 X110.324 Y95.583 E.05603
G1 X111.785 Y96.532 E.05603
G1 X113.139 Y97.629 E.05603
G1 X114.371 Y98.861 E.05603
G1 X115.468 Y100.215 E.05603
G1 X116.392 Y101.639 E.05458
G1 X117.208 Y103.229 E.05748
G1 X117.832 Y104.856 E.05603
G1 X118.283 Y106.539 E.05603
G1 X118.556 Y108.26 E.05603
G1 X118.647 Y110 E.05603
G1 X118.556 Y111.74 E.05603
G1 X118.283 Y113.461 E.05603
G1 X117.832 Y115.144 E.05603
G1 X117.224 Y116.729 E.05458
G1 X116.417 Y118.324 E.05748
G1 X115.468 Y119.785 E.05603
G1 X114.371 Y121.139 E.05603
G1 X113.139 Y122.371 E.05603
G1 X111.785 Y123.468 E.05603
G1 X110.324 Y124.417 E.05603
G1 X108.771 Y125.208 E.05603
G1 X107.144 Y125.832 E.05603
G1 X105.461 Y126.283 E.05603
G1 X103.74 Y126.556 E.05603
G1 X102.06 Y126.644 E.0541
G1 X102 Y126.239 F18000
G1 F3730
G1 X100.303 Y126.15 E.05466
G1 X98.624 Y125.885 E.05466
G1 X96.982 Y125.445 E.05466
G1 X95.395 Y124.836 E.05466
G1 X93.88 Y124.064 E.05466
G1 X92.455 Y123.138 E.05466
G1 X91.134 Y122.068 E.05466
G1 X89.932 Y120.866 E.05466
G1 X88.862 Y119.545 E.05466
G1 X87.936 Y118.12 E.05466
G1 X87.164 Y116.605 E.05466
G1 X86.555 Y115.018 E.05466
G1 X86.115 Y113.376 E.05466
G1 X85.85 Y111.697 E.05466
G1 X85.761 Y110 E.05466
G1 X85.85 Y108.303 E.05466
G1 X86.115 Y106.624 E.05466
G1 X86.555 Y104.982 E.05466
G1 X87.164 Y103.395 E.05466
G1 X87.936 Y101.88 E.05466
G1 X88.862 Y100.455 E.05466
G1 X89.932 Y99.134 E.05466
G1 X91.134 Y97.932 E.05466
G1 X92.455 Y96.862 E.05466
G1 X93.88 Y95.936 E.05466
G1 X95.395 Y95.164 E.05466
G1 X96.982 Y94.555 E.05466
G1 X98.624 Y94.115 E.05466
G1 X100.303 Y93.85 E.05466
G1 X102.024 Y93.762 E.05542
G1 X103.697 Y93.85 E.05389
G1 X105.376 Y94.115 E.05466
G1 X107.018 Y94.555 E.05466
G1 X108.605 Y95.164 E.05466
G1 X110.12 Y95.936 E.05466
G1 X111.545 Y96.862 E.05466
G1 X112.866 Y97.932 E.05466
G1 X114.068 Y99.134 E.05466
G1 X115.138 Y100.455 E.05466
G1 X116.051 Y101.86 E.05389
G1 X116.835 Y103.395 E.05542
G1 X117.445 Y104.982 E.05466
G1 X117.885 Y106.624 E.05466
G1 X118.15 Y108.303 E.05466
G1 X118.239 Y110 E.05466
G1 X118.15 Y111.697 E.05466
G1 X117.885 Y113.376 E.05466
G1 X117.445 Y115.018 E.05466
G1 X116.844 Y116.583 E.05389
G1 X116.064 Y118.12 E.05542
G1 X115.138 Y119.545 E.05466
G1 X114.068 Y120.866 E.05466
G1 X112.866 Y122.068 E.05466
G1 X111.545 Y123.138 E.05466
G1 X110.12 Y124.064 E.05466
G1 X108.605 Y124.836 E.05466
G1 X107.018 Y125.445 E.05466
G1 X105.376 Y125.885 E.05466
G1 X103.697 Y126.15 E.05466
G1 X102.06 Y126.236 E.05273
G1 E-1.75 F6000
;WIPE_START
G1 X101.061 Y126.188 E-.75
;WIPE_END
G1 X101.102 Y125.415 Z2.64 F18000
G1 X101.663 Y125.444
G1 X101.979 Y125.461
G1 X102 Y125.06
G1 Z2.44
G1 E2.5 F6000
M204 P1000
;TYPE:Outer wall
;WIDTH:0.42
G1 F3600
G1 X103.574 Y124.978 E.04696
G1 X105.131 Y124.731 E.04696
G1 X106.654 Y124.323 E.04696
G1 X108.126 Y123.758 E.04696
G1 X109.53 Y123.043 E.04696
G1 X110.852 Y122.184 E.04696
G1 X112.077 Y121.192 E.04696
G1 X113.192 Y120.077 E.04696
G1 X114.184 Y118.852 E.04696
G1 X115.043 Y117.53 E.04696
G1 X115.758 Y116.126 E.04696
G1 X116.323 Y114.654 E.04696
G1 X116.731 Y113.131 E.04696
G1 X116.978 Y111.574 E.04696
G1 X117.06 Y110 E.04696
G1 X116.978 Y108.426 E.04696
G1 X116.731 Y106.869 E.04696
G1 X116.323 Y105.346 E.04696
G1 X115.758 Y103.874 E.04696
G1 X115.043 Y102.47 E.04696
G1 X114.184 Y101.148 E.04696
G1 X113.192 Y99.923 E.04696
G1 X112.077 Y98.808 E.04696
G1 X110.852 Y97.816 E.04696
G1 X109.53 Y96.957 E.04696
G1 X108.126 Y96.242 E.04696
G1 X106.654 Y95.677 E.04696
G1 X105.131 Y95.269 E.04696
G1 X103.574 Y95.022 E.04696
G1 X101.918 Y94.944 E.04938
G1 X100.426 Y95.022 E.04452
G1 X98.869 Y95.269 E.04696
G1 X97.346 Y95.677 E.04696
G1 X95.874 Y96.242 E.04696
G1 X94.47 Y96.957 E.04695
G1 X93.148 Y97.816 E.04696
G1 X91.923 Y98.808 E.04696
G1 X90.808 Y99.923 E.04696
G1 X89.816 Y101.148 E.04696
G1 X88.957 Y102.47 E.04696
G1 X88.242 Y103.874 E.04696
G1 X87.677 Y105.346 E.04696
G1 X87.269 Y106.869 E.04696
G1 X87.022 Y108.426 E.04696
G1 X86.94 Y110 E.04696
G1 X87.022 Y111.574 E.04696
G1 X87.269 Y113.131 E.04696
G1 X87.677 Y114.654 E.04696
G1 X88.242 Y116.126 E.04696
G1 X88.957 Y117.53 E.04696
G1 X89.816 Y118.852 E.04696
G1 X90.808 Y120.077 E.04696
G1 X91.923 Y121.192 E.04696
G1 X93.148 Y122.184 E.04696
G1 X94.47 Y123.043 E.04696
G1 X95.874 Y123.758 E.04695
G1 X97.346 Y124.323 E.04696
G1 X98.869 Y124.731 E.04696
G1 X100.426 Y124.978 E.04696
G1 X101.94 Y125.057 E.04517
G1 X101.919 Y125.457 F18000
G1 X101.981 Y125.461
G1 X101.981 Y125.452
M204 P1500
;TYPE:Inner wall
;WIDTH:0.45
G1 F3730
G1 X102 Y125.453 E.00061
G1 X103.615 Y125.368 E.05201
G1 X105.213 Y125.115 E.05201
G1 X106.775 Y124.697 E.05201
G1 X108.285 Y124.117 E.05201
G1 X109.727 Y123.383 E.05201
G1 X111.083 Y122.502 E.05201
G1 X112.34 Y121.484 E.05201
G1 X113.484 Y120.34 E.05201
G1 X114.502 Y119.083 E.05201
G1 X115.383 Y117.727 E.05201
G1 X116.117 Y116.285 E.05201
G1 X116.697 Y114.775 E.05201
G1 X117.115 Y113.213 E.05201
G1 X117.368 Y111.615 E.05201
G1 X117.453 Y110 E.05201
G1 X117.368 Y108.385 E.05201
G1 X117.115 Y106.787 E.05201
G1 X116.697 Y105.225 E.05201
G1 X116.117 Y103.715 E.05201
G1 X115.383 Y102.273 E.05201
G1 X114.502 Y100.917 E.05201
G1 X113.484 Y99.66 E.05201
G1 X112.34 Y98.516 E.05201
G1 X111.083 Y97.498 E.05201
G1 X109.727 Y96.617 E.05201
G1 X108.285 Y95.883 E.05201
G1 X106.775 Y95.303 E.05201
G1 X105.213 Y94.885 E.05201
G1 X103.615 Y94.632 E.05201
G1 X101.898 Y94.552 E.05529
G1 X100.385 Y94.632 E.04872
G1 X98.787 Y94.885 E.05201
G1 X97.225 Y95.303 E.05201
G1 X95.715 Y95.883 E.05201
G1 X94.273 Y96.617 E.05201
G1 X92.917 Y97.498 E.05201
G1 X91.66 Y98.516 E.05201
G1 X90.516 Y99.66 E.05201
G1 X89.498 Y100.917 E.05201
G1 X88.617 Y102.273 E.05201
G1 X87.883 Y103.715 E.05201
G1 X87.303 Y105.225 E.05201
G1 X86.885 Y106.787 E.05201
G1 X86.632 Y108.385 E.05201
G1 X86.547 Y110 E.05201
G1 X86.632 Y111.615 E.05201
G1 X86.885 Y113.213 E.05201
G1 X87.303 Y114.775 E.05201
G1 X87.883 Y116.285 E.05201
G1 X88.617 Y117.727 E.05201
G1 X89.498 Y119.083 E.05201
G1 X90.516 Y120.34 E.05201
G1 X91.66 Y121.484 E.05201
G1 X92.917 Y122.502 E.05201
G1 X94.273 Y123.383 E.05201
G1 X95.715 Y124.117 E.05201
G1 X97.225 Y124.697 E.05201
G1 X98.787 Y125.115 E.05201
G1 X100.385 Y125.368 E.05201
G1 X101.921 Y125.449 E.04947
G1 X101.961 Y125.859 F18000
G1 F3730
G1 X102 Y125.861 E.00125
G1 X103.658 Y125.774 E.05338
G1 X105.298 Y125.514 E.05339
G1 X106.901 Y125.084 E.05338
G1 X108.451 Y124.489 E.05338
G1 X109.93 Y123.736 E.05339
G1 X111.323 Y122.832 E.05339
G1 X112.613 Y121.787 E.05338
G1 X113.787 Y120.613 E.05339
G1 X114.832 Y119.323 E.05338
G1 X115.736 Y117.93 E.05339
G1 X116.489 Y116.451 E.05339
G1 X117.084 Y114.901 E.05338
G1 X117.514 Y113.298 E.05338
G1 X117.774 Y111.658 E.05339
G1 X117.861 Y110 E.05338
G1 X117.774 Y108.342 E.05338
G1 X117.514 Y106.702 E.05339
G1 X117.084 Y105.099 E.05338
G1 X116.489 Y103.549 E.05338
G1 X115.736 Y102.07 E.05339
G1 X114.832 Y100.677 E.05339
G1 X113.787 Y99.387 E.05338
G1 X112.613 Y98.213 E.05339
G1 X111.323 Y97.168 E.05338
G1 X109.93 Y96.264 E.05339
G1 X108.451 Y95.511 E.05339
G1 X106.901 Y94.916 E.05338
G1 X105.298 Y94.486 E.05338
G1 X103.658 Y94.226 E.05339
G1 X102 Y94.139 E.05338
G1 X101.876 Y94.146 E.00398
G1 X100.342 Y94.226 E.04941
G1 X98.702 Y94.486 E.05339
G1 X97.099 Y94.916 E.05339
G1 X95.549 Y95.511 E.05339
G1 X94.07 Y96.264 E.05338
G1 X92.677 Y97.168 E.05338
G1 X91.387 Y98.213 E.05339
G1 X90.213 Y99.387 E.05339
G1 X89.168 Y100.677 E.05338
G1 X88.264 Y102.07 E.05339
G1 X87.511 Y103.549 E.05339
G1 X86.916 Y105.099 E.05338
G1 X86.486 Y106.702 E.05338
G1 X86.226 Y108.342 E.05339
G1 X86.139 Y110 E.05338
G1 X86.226 Y111.658 E.05338
G1 X86.486 Y113.298 E.05339
G1 X86.916 Y114.901 E.05338
G1 X87.511 Y116.451 E.05338
G1 X88.264 Y117.93 E.05339
G1 X89.168 Y119.323 E.05339
G1 X90.213 Y120.613 E.05338
G1 X91.387 Y121.787 E.05339
G1 X92.677 Y122.832 E.05339
G1 X94.07 Y123.736 E.05338
G1 X95.549 Y124.489 E.05338
G1 X97.099 Y125.084 E.05339
G1 X98.702 Y125.514 E.05339
G1 X100.342 Y125.774 E.05339
G1 X101.901 Y125.856 E.05021
; stop printing object mid_plate.stl id:1992740639744 copy 0
;LAYER_CHANGE
;Z:2.64
;HEIGHT:0.2
G92 E0 ; zero the extruded length again
; BEFORE_LAYER_CHANGE 12 @ 2.64mm
G1 E-1.75 F6000
;WIPE_START
G1 X102 Y125.861 E-.07409
G1 X102.9 Y125.814 E-.67592
;WIPE_END
; AFTER_LAYER_CHANGE 12 @ 2.64mm
;_SET_FAN_SPEED_CHANGING_LAYER
; printing object mid_plate.stl id:1992740639744 copy 0
G17
G3 Z2.84 I-.608 J.032 P1  F18000
G1 X102.941 Y126.589 Z2.84
G1 X102.273 Y126.624
G1 X102 Y126.638
G1 X102 Y127.04
G1 Z2.64
G1 E2.5 F6000
M204 P1000
;TYPE:Outer wall
;WIDTH:0.42
G1 F3600
G1 X100.219 Y126.946 E.05313
G1 X98.457 Y126.667 E.05313
G1 X96.734 Y126.206 E.05312
G1 X95.069 Y125.567 E.05313
G1 X93.48 Y124.757 E.05313
G1 X91.984 Y123.785 E.05313
G1 X90.598 Y122.663 E.05313
G1 X89.337 Y121.402 E.05312
G1 X88.215 Y120.016 E.05313
G1 X87.243 Y118.52 E.05313
G1 X86.433 Y116.931 E.05313
G1 X85.794 Y115.266 E.05313
G1 X85.333 Y113.543 E.05313
G1 X85.054 Y111.781 E.05313
G1 X84.96 Y110 E.05313
G1 X85.054 Y108.219 E.05313
G1 X85.333 Y106.457 E.05313
G1 X85.794 Y104.734 E.05313
G1 X86.433 Y103.069 E.05313
G1 X87.243 Y101.48 E.05313
G1 X88.215 Y99.984 E.05313
G1 X89.337 Y98.598 E.05313
G1 X90.598 Y97.337 E.05312
G1 X91.984 Y96.215 E.05313
G1 X93.48 Y95.243 E.05313
G1 X95.069 Y94.433 E.05313
G1 X96.734 Y93.794 E.05313
G1 X98.457 Y93.333 E.05312
G1 X100.219 Y93.054 E.05313
G1 X102.111 Y92.966 E.05641
G1 X103.781 Y93.054 E.04982
G1 X105.543 Y93.333 E.05313
G1 X107.266 Y93.794 E.05313
G1 X108.931 Y94.433 E.05313
G1 X110.52 Y95.243 E.05313
G1 X112.016 Y96.215 E.05313
G1 X113.402 Y97.337 E.05313
G1 X114.663 Y98.598 E.05313
G1 X115.785 Y99.984 E.05313
G1 X116.696 Y101.387 E.04982
G1 X117.567 Y103.069 E.05641
G1 X118.206 Y104.734 E.05313
G1 X118.667 Y106.457 E.05313
G1 X118.946 Y108.219 E.05313
G1 X119.04 Y110 E.05313
G1 X118.946 Y111.781 E.05313
G1 X118.667 Y113.543 E.05313
G1 X118.206 Y115.266 E.05313
G1 X117.606 Y116.827 E.04982
G1 X116.757 Y118.52 E.05641
G1 X115.785 Y120.016 E.05313
G1 X114.663 Y121.402 E.05313
G1 X113.402 Y122.663 E.05313
G1 X112.016 Y123.785 E.05313
G1 X110.52 Y124.757 E.05313
G1 X108.931 Y125.567 E.05313
G1 X107.266 Y126.206 E.05313
G1 X105.543 Y126.667 E.05313
G1 X103.781 Y126.946 E.05313
G1 X102.06 Y127.037 E.05134
G1 X102.039 Y126.636 F18000
G1 X102 Y126.638
G1 X102 Y126.638
G1 X102 Y126.647
M204 P1500
;TYPE:Inner wall
;WIDTH:0.45
G1 F3730
G1 X100.26 Y126.556 E.05603
G1 X98.539 Y126.283 E.05603
G1 X96.856 Y125.832 E.05603
G1 X95.229 Y125.208 E.05603
G1 X93.676 Y124.417 E.05603
G1 X92.215 Y123.468 E.05603
G1 X90.861 Y122.371 E.05603
G1 X89.629 Y121.139 E.05603
G1 X88.532 Y119.785 E.05603
G1 X87.583 Y118.324 E.05603
G1 X86.792 Y116.771 E.05603
G1 X86.168 Y115.144 E.05603
G1 X85.717 Y113.461 E.05603
G1 X85.444 Y111.74 E.05603
G1 X85.353 Y110 E.05603
G1 X85.444 Y108.26 E.05603
G1 X85.717 Y106.539 E.05603
G1 X86.168 Y104.856 E.05603
G1 X86.792 Y103.229 E.05603
G1 X87.583 Y101.676 E.05603
G1 X88.532 Y100.215 E.05603
G1 X89.629 Y98.861 E.05603
G1 X90.861 Y97.629 E.05603
G1 X92.215 Y96.532 E.05603
G1 X93.676 Y95.583 E.05603
G1 X95.229 Y94.792 E.05603
G1 X96.856 Y94.168 E.05603
G1 X98.539 Y93.717 E.05603
G1 X100.26 Y93.444 E.05603
G1 X102.09 Y93.358 E.05892
G1 X103.74 Y93.444 E.05313
G1 X105.461 Y93.717 E.05603
G1 X107.144 Y94.168 E.05603
G1 X108.771 Y94.792 E.05603
G1 X110.324 Y95.583 E.05603
G1 X111.785 Y96.532 E.05603
G1 X113.139 Y97.629 E.05603
G1 X114.371 Y98.861 E.05603
G1 X115.468 Y100.215 E.05603
G1 X116.368 Y101.601 E.05313
G1 X117.208 Y103.229 E.05892
G1 X117.832 Y104.856 E.05603
G1 X118.283 Y106.539 E.05603
G1 X118.556 Y108.26 E.05603
G1 X118.647 Y110 E.05603
G1 X118.556 Y111.74 E.05603
G1 X118.283 Y113.461 E.05603
G1 X117.832 Y115.144 E.05603
G1 X117.24 Y116.687 E.05313
G1 X116.417 Y118.324 E.05892
G1 X115.468 Y119.785 E.05603
G1 X114.371 Y121.139 E.05603
G1 X113.139 Y122.371 E.05603
G1 X111.785 Y123.468 E.05603
G1 X110.324 Y124.417 E.05603
G1 X108.771 Y125.208 E.05603
G1 X107.144 Y125.832 E.05603
G1 X105.461 Y126.283 E.05603
G1 X103.74 Y126.556 E.05603
G1 X102.06 Y126.644 E.0541
G1 X102 Y126.239 F18000
G1 F3730
G1 X100.303 Y126.15 E.05466
G1 X98.624 Y125.885 E.05466
G1 X96.982 Y125.445 E.05466
G1 X95.395 Y124.836 E.05466
G1 X93.88 Y124.064 E.05466
G1 X92.455 Y123.138 E.05466
G1 X91.134 Y122.068 E.05466
G1 X89.932 Y120.866 E.05466
G1 X88.862 Y119.545 E.05466
G1 X87.936 Y118.12 E.05466
G1 X87.164 Y116.605 E.05466
G1 X86.555 Y115.018 E.05466
G1 X86.115 Y113.376 E.05466
G1 X85.85 Y111.697 E.05466
G1 X85.761 Y110 E.05466
G1 X85.85 Y108.303 E.05466
G1 X86.115 Y106.624 E.05466
G1 X86.555 Y104.982 E.05466
G1 X87.164 Y103.395 E.05466
G1 X87.936 Y101.88 E.05466
G1 X88.862 Y100.455 E.05466
G1 X89.932 Y99.134 E.05466
G1 X91.134 Y97.932 E.05466
G1 X92.455 Y96.862 E.05466
G1 X93.88 Y95.936 E.05466
G1 X95.395 Y95.164 E.05466
G1 X96.982 Y94.555 E.05466
G1 X98.624 Y94.115 E.05466
G1 X100.303 Y93.85 E.05466
G1 X102.069 Y93.764 E.05687
G1 X103.697 Y93.85 E.05244
G1 X105.376 Y94.115 E.05466
G1 X107.018 Y94.555 E.05466
G1 X108.605 Y95.164 E.05466
G1 X110.12 Y95.936 E.05466
G1 X111.545 Y96.862 E.05466
G1 X112.866 Y97.932 E.05466
G1 X114.068 Y99.134 E.05466
G1 X115.138 Y100.455 E.05466
G1 X116.026 Y101.822 E.05244
G1 X116.835 Y103.395 E.05687
G1 X117.445 Y104.982 E.05466
G1 X117.885 Y106.624 E.05466
G1 X118.15 Y108.303 E.05466
G1 X118.239 Y110 E.05466
G1 X118.15 Y111.697 E.05466
G1 X117.885 Y113.376 E.05466
G1 X117.445 Y115.018 E.05466
G1 X116.86 Y116.541 E.05244
G1 X116.064 Y118.12 E.05687
G1 X115.138 Y119.545 E.05466
G1 X114.068 Y120.866 E.05466
G1 X112.866 Y122.068 E.05466
G1 X111.545 Y123.138 E.05466
G1 X110.12 Y124.064 E.05466
G1 X108.605 Y124.836 E.05466
G1 X107.018 Y125.445 E.05466
G1 X105.376 Y125.885 E.05466
G1 X103.697 Y126.15 E.05466
G1 X102.06 Y126.236 E.05273
G1 E-1.75 F6000
;WIPE_START
G1 X101.061 Y126.188 E-.75
;WIPE_END
G1 X101.102 Y125.415 Z2.84 F18000
G1 X101.663 Y125.444
G1 X101.979 Y125.461
G1 X102 Y125.06
G1 Z2.64
G1 E2.5 F6000
M204 P1000
;TYPE:Outer wall
;WIDTH:0.42
G1 F3600
G1 X103.574 Y124.978 E.04696
G1 X105.131 Y124.731 E.04696
G1 X106.654 Y124.323 E.04696
G1 X108.126 Y123.758 E.04696
G1 X109.53 Y123.043 E.04696
G1 X110.852 Y122.184 E.04696
G1 X112.077 Y121.192 E.04696
G1 X113.192 Y120.077 E.04696
G1 X114.184 Y118.852 E.04696
G1 X115.043 Y117.53 E.04696
G1 X115.758 Y116.126 E.04696
G1 X116.323 Y114.654 E.04696
G1 X116.731 Y113.131 E.04696
G1 X116.978 Y111.574 E.04696
G1 X117.06 Y110 E.04696
G1 X116.978 Y108.426 E.04696
G1 X116.731 Y106.869 E.04696
G1 X116.323 Y105.346 E.04696
G1 X115.758 Y103.874 E.04696
G1 X115.043 Y102.47 E.04696
G1 X114.184 Y101.148 E.04696
G1 X113.192 Y99.923 E.04696
G1 X112.077 Y98.808 E.04696
G1 X110.852 Y97.816 E.04696
G1 X109.53 Y96.957 E.04696
G1 X108.126 Y96.242 E.04696
G1 X106.654 Y95.677 E.04696
G1 X105.131 Y95.269 E.04696
G1 X103.574 Y95.022 E.04696
G1 X101.88 Y94.946 E.05053
G1 X100.426 Y95.022 E.04337
G1 X98.869 Y95.269 E.04696
G1 X97.346 Y95.677 E.04696
G1 X95.874 Y96.242 E.04696
G1 X94.47 Y96.957 E.04695
G1 X93.148 Y97.816 E.04696
G1 X91.923 Y98.808 E.04696
G1 X90.808 Y99.923 E.04696
G1 X89.816 Y101.148 E.04696
G1 X88.957 Y102.47 E.04696
G1 X88.242 Y103.874 E.04696
G1 X87.677 Y105.346 E.04696
G1 X87.269 Y106.869 E.04696
G1 X87.022 Y108.426 E.04696
G1 X86.94 Y110 E.04696
G1 X87.022 Y111.574 E.04696
G1 X87.269 Y113.131 E.04696
G1 X87.677 Y114.654 E.04696
G1 X88.242 Y116.126 E.04696
G1 X88.957 Y117.53 E.04696
G1 X89.816 Y118.852 E.04696
G1 X90.808 Y120.077 E.04696
G1 X91.923 Y121.192 E.04696
G1 X93.148 Y122.184 E.04696
G1 X94.47 Y123.043 E.04696
G1 X95.874 Y123.758 E.04695
G1 X97.346 Y124.323 E.04696
G1 X98.869 Y124.731 E.04696
G1 X100.426 Y124.978 E.04696
G1 X101.94 Y125.057 E.04517
G1 X101.919 Y125.457 F18000
G1 X101.981 Y125.461
G1 X101.981 Y125.452
M204 P1500
;TYPE:Inner wall
;WIDTH:0.45
G1 F3730
G1 X102 Y125.453 E.00061
G1 X103.615 Y125.368 E.05201
G1 X105.213 Y125.115 E.05201
G1 X106.775 Y124.697 E.05201
G1 X108.285 Y124.117 E.05201
G1 X109.727 Y123.383 E.05201
G1 X111.083 Y122.502 E.05201
G1 X112.34 Y121.484 E.05201
G1 X113.484 Y120.34 E.05201
G1 X114.502 Y119.083 E.05201
G1 X115.383 Y117.727 E.05201
G1 X116.117 Y116.285 E.05201
G1 X116.697 Y114.775 E.05201
G1 X117.115 Y113.213 E.05201
G1 X117.368 Y111.615 E.05201
G1 X117.453 Y110 E.05201
G1 X117.368 Y108.385 E.05201
G1 X117.115 Y106.787 E.05201
G1 X116.697 Y105.225 E.05201
G1 X116.117 Y103.715 E.05201
G1 X115.383 Y102.273 E.05201
G1 X114.502 Y100.917 E.05201
G1 X113.484 Y99.66 E.05201
G1 X112.34 Y98.516 E.05201
G1 X111.083 Y97.498 E.05201
G1 X109.727 Y96.617 E.05201
G1 X108.285 Y95.883 E.05201
G1 X106.775 Y95.303 E.05201
G1 X105.213 Y94.885 E.05201
G1 X103.615 Y94.632 E.05201
G1 X102 Y94.547 E.05201
G1 X101.859 Y94.554 E.00453
G1 X100.385 Y94.632 E.04748
G1 X98.787 Y94.885 E.05201
G1 X97.225 Y95.303 E.05201
G1 X95.715 Y95.883 E.05201
G1 X94.273 Y96.617 E.05201
G1 X92.917 Y97.498 E.05201
G1 X91.66 Y98.516 E.05201
G1 X90.516 Y99.66 E.05201
G1 X89.498 Y100.917 E.05201
G1 X88.617 Y102.273 E.05201
G1 X87.883 Y103.715 E.05201
G1 X87.303 Y105.225 E.05201
G1 X86.885 Y106.787 E.05201
G1 X86.632 Y108.385 E.05201
G1 X86.547 Y110 E.05201
G1 X86.632 Y111.615 E.05201
G1 X86.885 Y113.213 E.05201
G1 X87.303 Y114.775 E.05201
G1 X87.883 Y116.285 E.05201
G1 X88.617 Y117.727 E.05201
G1 X89.498 Y119.083 E.05201
G1 X90.516 Y120.34 E.05201
G1 X91.66 Y121.484 E.05201
G1 X92.917 Y122.502 E.05201
G1 X94.273 Y123.383 E.05201
G1 X95.715 Y124.117 E.05201
G1 X97.225 Y124.697 E.05201
G1 X98.787 Y125.115 E.05201
G1 X100.385 Y125.368 E.05201
G1 X101.921 Y125.449 E.04947
G1 X101.961 Y125.859 F18000
G1 F3730
G1 X102 Y125.861 E.00125
G1 X103.658 Y125.774 E.05338
G1 X105.298 Y125.514 E.05339
G1 X106.901 Y125.084 E.05338
G1 X108.451 Y124.489 E.05338
G1 X109.93 Y123.736 E.05339
G1 X111.323 Y122.832 E.05339
G1 X112.613 Y121.787 E.05338
G1 X113.787 Y120.613 E.05339
G1 X114.832 Y119.323 E.05338
G1 X115.736 Y117.93 E.05339
G1 X116.489 Y116.451 E.05339
G1 X117.084 Y114.901 E.05338
G1 X117.514 Y113.298 E.05338
G1 X117.774 Y111.658 E.05339
G1 X117.861 Y110 E.05338
G1 X117.774 Y108.342 E.05338
G1 X117.514 Y106.702 E.05339
G1 X117.084 Y105.099 E.05338
G1 X116.489 Y103.549 E.05338
G1 X115.736 Y102.07 E.05339
G1 X114.832 Y100.677 E.05339
G1 X113.787 Y99.387 E.05338
G1 X112.613 Y98.213 E.05339
G1 X111.323 Y97.168 E.05338
G1 X109.93 Y96.264 E.05339
G1 X108.451 Y95.511 E.05339
G1 X106.901 Y94.916 E.05338
G1 X105.298 Y94.486 E.05338
G1 X103.658 Y94.226 E.05339
G1 X102 Y94.139 E.05338
G1 X101.838 Y94.148 E.00522
G1 X100.342 Y94.226 E.04816
G1 X98.702 Y94.486 E.05339
G1 X97.099 Y94.916 E.05339
G1 X95.549 Y95.511 E.05339
G1 X94.07 Y96.264 E.05338
G1 X92.677 Y97.168 E.05338
G1 X91.387 Y98.213 E.05339
G1 X90.213 Y99.387 E.05339
G1 X89.168 Y100.677 E.05338
G1 X88.264 Y102.07 E.05339
G1 X87.511 Y103.549 E.05339
G1 X86.916 Y105.099 E.05338
G1 X86.486 Y106.702 E.05338
G1 X86.226 Y108.342 E.05339
G1 X86.139 Y110 E.05338
G1 X86.226 Y111.658 E.05338
G1 X86.486 Y113.298 E.05339
G1 X86.916 Y114.901 E.05338
G1 X87.511 Y116.451 E.05338
G1 X88.264 Y117.93 E.05339
G1 X89.168 Y119.323 E.05339
G1 X90.213 Y120.613 E.05338
G1 X91.387 Y121.787 E.05339
G1 X92.677 Y122.832 E.05339
G1 X94.07 Y123.736 E.05338
G1 X95.549 Y124.489 E.05338
G1 X97.099 Y125.084 E.05339
G1 X98.702 Y125.514 E.05339
G1 X100.342 Y125.774 E.05339
G1 X101.901 Y125.856 E.05021
; stop printing object mid_plate.stl id:1992740639744 copy 0
;LAYER_CHANGE
;Z:2.84
;HEIGHT:0.2
G92 E0 ; zero the extruded length again
; BEFORE_LAYER_CHANGE 13 @ 2.84mm
G1 E-1.75 F6000
;WIPE_START
G1 X102 Y125.861 E-.07409
G1 X102.9 Y125.814 E-.67592
;WIPE_END
; AFTER_LAYER_CHANGE 13 @ 2.84mm
;_SET_FAN_SPEED_CHANGING_LAYER
; printing object mid_plate.stl id:1992740639744 copy 0
G17
G3 Z3.04 I-.608 J.032 P1  F18000
G1 X102.941 Y126.589 Z3.04
G1 X102.273 Y126.624
G1 X102 Y126.638
G1 X102 Y127.04
G1 Z2.84
G1 E2.5 F6000
M204 P1000
;TYPE:Outer wall
;WIDTH:0.42
G1 F3600
G1 X100.219 Y126.946 E.05313
G1 X98.457 Y126.667 E.05313
G1 X96.734 Y126.206 E.05312
G1 X95.069 Y125.567 E.05313
G1 X93.48 Y124.757 E.05313
G1 X91.984 Y123.785 E.05313
G1 X90.598 Y122.663 E.05313
G1 X89.337 Y121.402 E.05312
G1 X88.215 Y120.016 E.05313
G1 X87.243 Y118.52 E.05313
G1 X86.433 Y116.931 E.05313
G1 X85.794 Y115.266 E.05313
G1 X85.333 Y113.543 E.05313
G1 X85.054 Y111.781 E.05313
G1 X84.96 Y110 E.05313
G1 X85.054 Y108.219 E.05313
G1 X85.333 Y106.457 E.05313
G1 X85.794 Y104.734 E.05313
G1 X86.433 Y103.069 E.05313
G1 X87.243 Y101.48 E.05313
G1 X88.215 Y99.984 E.05313
G1 X89.337 Y98.598 E.05313
G1 X90.598 Y97.337 E.05312
G1 X91.984 Y96.215 E.05313
G1 X93.48 Y95.243 E.05313
G1 X95.069 Y94.433 E.05313
G1 X96.734 Y93.794 E.05313
G1 X98.457 Y93.333 E.05312
G1 X100.219 Y93.054 E.05313
G1 X102 Y92.96 E.05313
G1 X102.156 Y92.968 E.00465
G1 X103.781 Y93.054 E.04848
G1 X105.543 Y93.333 E.05313
G1 X107.266 Y93.794 E.05313
G1 X108.931 Y94.433 E.05313
G1 X110.52 Y95.243 E.05313
G1 X112.016 Y96.215 E.05313
G1 X113.402 Y97.337 E.05313
G1 X114.663 Y98.598 E.05313
G1 X115.785 Y99.984 E.05313
G1 X116.757 Y101.48 E.05313
G1 X117.567 Y103.069 E.05313
G1 X118.206 Y104.734 E.05313
G1 X118.667 Y106.457 E.05313
G1 X118.946 Y108.219 E.05313
G1 X119.04 Y110 E.05313
G1 X118.946 Y111.781 E.05313
G1 X118.667 Y113.543 E.05313
G1 X118.206 Y115.266 E.05313
G1 X117.622 Y116.785 E.04848
G1 X117.567 Y116.931 E.00465
G1 X116.757 Y118.52 E.05313
G1 X115.785 Y120.016 E.05313
G1 X114.663 Y121.402 E.05313
G1 X113.402 Y122.663 E.05313
G1 X112.016 Y123.785 E.05313
G1 X110.52 Y124.757 E.05313
G1 X108.931 Y125.567 E.05313
G1 X107.266 Y126.206 E.05313
G1 X105.543 Y126.667 E.05313
G1 X103.781 Y126.946 E.05313
G1 X102.06 Y127.037 E.05134
G1 X102.039 Y126.636 F18000
G1 X102 Y126.638
G1 X102 Y126.638
G1 X102 Y126.647
M204 P1500
;TYPE:Inner wall
;WIDTH:0.45
G1 F3730
G1 X100.26 Y126.556 E.05603
G1 X98.539 Y126.283 E.05603
G1 X96.856 Y125.832 E.05603
G1 X95.229 Y125.208 E.05603
G1 X93.676 Y124.417 E.05603
G1 X92.215 Y123.468 E.05603
G1 X90.861 Y122.371 E.05603
G1 X89.629 Y121.139 E.05603
G1 X88.532 Y119.785 E.05603
G1 X87.583 Y118.324 E.05603
G1 X86.792 Y116.771 E.05603
G1 X86.168 Y115.144 E.05603
G1 X85.717 Y113.461 E.05603
G1 X85.444 Y111.74 E.05603
G1 X85.353 Y110 E.05603
G1 X85.444 Y108.26 E.05603
G1 X85.717 Y106.539 E.05603
G1 X86.168 Y104.856 E.05603
G1 X86.792 Y103.229 E.05603
G1 X87.583 Y101.676 E.05603
G1 X88.532 Y100.215 E.05603
G1 X89.629 Y98.861 E.05603
G1 X90.861 Y97.629 E.05603
G1 X92.215 Y96.532 E.05603
G1 X93.676 Y95.583 E.05603
G1 X95.229 Y94.792 E.05603
G1 X96.856 Y94.168 E.05603
G1 X98.539 Y93.717 E.05603
G1 X100.26 Y93.444 E.05603
G1 X102 Y93.353 E.05603
G1 X102.135 Y93.36 E.00436
G1 X103.74 Y93.444 E.05168
G1 X105.461 Y93.717 E.05603
G1 X107.144 Y94.168 E.05603
G1 X108.771 Y94.792 E.05603
G1 X110.324 Y95.583 E.05603
G1 X111.785 Y96.532 E.05603
G1 X113.139 Y97.629 E.05603
G1 X114.371 Y98.861 E.05603
G1 X115.468 Y100.215 E.05603
G1 X116.417 Y101.676 E.05603
G1 X117.208 Y103.229 E.05603
G1 X117.832 Y104.856 E.05603
G1 X118.283 Y106.539 E.05603
G1 X118.556 Y108.26 E.05603
G1 X118.647 Y110 E.05603
G1 X118.556 Y111.74 E.05603
G1 X118.283 Y113.461 E.05603
G1 X117.832 Y115.144 E.05603
G1 X117.208 Y116.771 E.05603
G1 X116.417 Y118.324 E.05603
G1 X115.468 Y119.785 E.05603
G1 X114.371 Y121.139 E.05603
G1 X113.139 Y122.371 E.05603
G1 X111.785 Y123.468 E.05603
G1 X110.324 Y124.417 E.05603
G1 X108.771 Y125.208 E.05603
G1 X107.144 Y125.832 E.05603
G1 X105.461 Y126.283 E.05603
G1 X103.74 Y126.556 E.05603
G1 X102.06 Y126.644 E.0541
G1 X102 Y126.239 F18000
G1 F3730
G1 X100.303 Y126.15 E.05466
G1 X98.624 Y125.885 E.05466
G1 X96.982 Y125.445 E.05466
G1 X95.395 Y124.836 E.05466
G1 X93.88 Y124.064 E.05466
G1 X92.455 Y123.138 E.05466
G1 X91.134 Y122.068 E.05466
G1 X89.932 Y120.866 E.05466
G1 X88.862 Y119.545 E.05466
G1 X87.936 Y118.12 E.05466
G1 X87.164 Y116.605 E.05466
G1 X86.555 Y115.018 E.05466
G1 X86.115 Y113.376 E.05466
G1 X85.85 Y111.697 E.05466
G1 X85.761 Y110 E.05466
G1 X85.85 Y108.303 E.05466
G1 X86.115 Y106.624 E.05466
G1 X86.555 Y104.982 E.05466
G1 X87.164 Y103.395 E.05466
G1 X87.936 Y101.88 E.05466
G1 X88.862 Y100.455 E.05466
G1 X89.932 Y99.134 E.05466
G1 X91.134 Y97.932 E.05466
G1 X92.455 Y96.862 E.05466
G1 X93.88 Y95.936 E.05466
G1 X95.395 Y95.164 E.05466
G1 X96.982 Y94.555 E.05466
G1 X98.624 Y94.115 E.05466
G1 X100.303 Y93.85 E.05466
G1 X102.114 Y93.767 E.05831
G1 X103.697 Y93.85 E.05099
G1 X105.376 Y94.115 E.05466
G1 X107.018 Y94.555 E.05466
G1 X108.605 Y95.164 E.05466
G1 X110.12 Y95.936 E.05466
G1 X111.545 Y96.862 E.05466
G1 X112.866 Y97.932 E.05466
G1 X114.068 Y99.134 E.05466
G1 X115.138 Y100.455 E.05466
G1 X116.064 Y101.88 E.05466
G1 X116.835 Y103.395 E.05466
G1 X117.445 Y104.982 E.05466
G1 X117.885 Y106.624 E.05466
G1 X118.15 Y108.303 E.05466
G1 X118.239 Y110 E.05466
G1 X118.15 Y111.697 E.05466
G1 X117.885 Y113.376 E.05466
G1 X117.445 Y115.018 E.05466
G1 X116.835 Y116.605 E.05466
G1 X116.064 Y118.12 E.05466
G1 X115.138 Y119.545 E.05466
G1 X114.068 Y120.866 E.05466
G1 X112.866 Y122.068 E.05466
G1 X111.545 Y123.138 E.05466
G1 X110.12 Y124.064 E.05466
G1 X108.605 Y124.836 E.05466
G1 X107.018 Y125.445 E.05466
G1 X105.376 Y125.885 E.05466
G1 X103.697 Y126.15 E.05466
G1 X102.06 Y126.236 E.05273
G1 E-1.75 F6000
;WIPE_START
G1 X101.061 Y126.188 E-.75
;WIPE_END
G1 X101.102 Y125.415 Z3.04 F18000
G1 X101.663 Y125.444
G1 X101.979 Y125.461
G1 X102 Y125.06
G1 Z2.84
G1 E2.5 F6000
M204 P1000
;TYPE:Outer wall
;WIDTH:0.42
G1 F3600
G1 X103.574 Y124.978 E.04696
G1 X105.131 Y124.731 E.04696
G1 X106.654 Y124.323 E.04696
G1 X108.126 Y123.758 E.04696
G1 X109.53 Y123.043 E.04696
G1 X110.852 Y122.184 E.04696
G1 X112.077 Y121.192 E.04696
G1 X113.192 Y120.077 E.04696
G1 X114.184 Y118.852 E.04696
G1 X115.043 Y117.53 E.04696
G1 X115.758 Y116.126 E.04696
G1 X116.323 Y114.654 E.04696
G1 X116.731 Y113.131 E.04696
G1 X116.978 Y111.574 E.04696
G1 X117.06 Y110 E.04696
G1 X116.978 Y108.426 E.04696
G1 X116.731 Y106.869 E.04696
G1 X116.323 Y105.346 E.04696
G1 X115.758 Y103.874 E.04696
G1 X115.043 Y102.47 E.04696
G1 X114.184 Y101.148 E.04696
G1 X113.192 Y99.923 E.04696
G1 X112.077 Y98.808 E.04696
G1 X110.852 Y97.816 E.04696
G1 X109.53 Y96.957 E.04696
G1 X108.126 Y96.242 E.04696
G1 X106.654 Y95.677 E.04696
G1 X105.131 Y95.269 E.04696
G1 X103.574 Y95.022 E.04696
G1 X102 Y94.94 E.04696
G1 X101.841 Y94.948 E.00474
G1 X100.426 Y95.022 E.04222
G1 X98.869 Y95.269 E.04696
G1 X97.346 Y95.677 E.04696
G1 X95.874 Y96.242 E.04696
G1 X94.47 Y96.957 E.04695
G1 X93.148 Y97.816 E.04696
G1 X91.923 Y98.808 E.04696
G1 X90.808 Y99.923 E.04696
G1 X89.816 Y101.148 E.04695
G1 X88.957 Y102.47 E.04696
G1 X88.242 Y103.874 E.04696
G1 X87.677 Y105.346 E.04696
G1 X87.269 Y106.869 E.04696
G1 X87.022 Y108.426 E.04696
G1 X86.94 Y110 E.04696
G1 X87.022 Y111.574 E.04696
G1 X87.269 Y113.131 E.04696
G1 X87.677 Y114.654 E.04696
G1 X88.242 Y116.126 E.04696
G1 X88.957 Y117.53 E.04696
G1 X89.816 Y118.852 E.04696
G1 X90.808 Y120.077 E.04695
G1 X91.923 Y121.192 E.04696
G1 X93.148 Y122.184 E.04696
G1 X94.47 Y123.043 E.04696
G1 X95.874 Y123.758 E.04695
G1 X97.346 Y124.323 E.04696
G1 X98.869 Y124.731 E.04696
G1 X100.426 Y124.978 E.04696
G1 X101.94 Y125.057 E.04517
G1 X101.919 Y125.457 F18000
G1 X101.981 Y125.461
G1 X101.981 Y125.452
M204 P1500
;TYPE:Inner wall
;WIDTH:0.45
G1 F3730
G1 X102 Y125.453 E.00061
G1 X103.615 Y125.368 E.05201
G1 X105.213 Y125.115 E.05201
G1 X106.775 Y124.697 E.05201
G1 X108.285 Y124.117 E.05201
G1 X109.727 Y123.383 E.05201
G1 X111.083 Y122.502 E.05201
G1 X112.34 Y121.484 E.05201
G1 X113.484 Y120.34 E.05201
G1 X114.502 Y119.083 E.05201
G1 X115.383 Y117.727 E.05201
G1 X116.117 Y116.285 E.05201
G1 X116.697 Y114.775 E.05201
G1 X117.115 Y113.213 E.05201
G1 X117.368 Y111.615 E.05201
G1 X117.453 Y110 E.05201
G1 X117.368 Y108.385 E.05201
G1 X117.115 Y106.787 E.05201
G1 X116.697 Y105.225 E.05201
G1 X116.117 Y103.715 E.05201
G1 X115.383 Y102.273 E.05201
G1 X114.502 Y100.917 E.05201
G1 X113.484 Y99.66 E.05201
G1 X112.34 Y98.516 E.05201
G1 X111.083 Y97.498 E.05201
G1 X109.727 Y96.617 E.05201
G1 X108.285 Y95.883 E.05201
G1 X106.775 Y95.303 E.05201
G1 X105.213 Y94.885 E.05201
G1 X103.615 Y94.632 E.05201
G1 X102 Y94.547 E.05201
G1 X101.821 Y94.556 E.00578
G1 X100.385 Y94.632 E.04624
G1 X98.787 Y94.885 E.05201
G1 X97.225 Y95.303 E.05201
G1 X95.715 Y95.883 E.05201
G1 X94.273 Y96.617 E.05201
G1 X92.917 Y97.498 E.05201
G1 X91.66 Y98.516 E.05201
G1 X90.516 Y99.66 E.05201
G1 X89.498 Y100.917 E.05201
G1 X88.617 Y102.273 E.05201
G1 X87.883 Y103.715 E.05201
G1 X87.303 Y105.225 E.05201
G1 X86.885 Y106.787 E.05201
G1 X86.632 Y108.385 E.05201
G1 X86.547 Y110 E.05201
G1 X86.632 Y111.615 E.05201
G1 X86.885 Y113.213 E.05201
G1 X87.303 Y114.775 E.05201
G1 X87.883 Y116.285 E.05201
G1 X88.617 Y117.727 E.05201
G1 X89.498 Y119.083 E.05201
G1 X90.516 Y120.34 E.05201
G1 X91.66 Y121.484 E.05201
G1 X92.917 Y122.502 E.05201
G1 X94.273 Y123.383 E.05201
G1 X95.715 Y124.117 E.05201
G1 X97.225 Y124.697 E.05201
G1 X98.787 Y125.115 E.05201
G1 X100.385 Y125.368 E.05201
G1 X101.921 Y125.449 E.04947
G1 X101.961 Y125.859 F18000
G1 F3730
G1 X102 Y125.861 E.00125
G1 X103.658 Y125.774 E.05338
G1 X105.298 Y125.514 E.05339
G1 X106.901 Y125.084 E.05338
G1 X108.451 Y124.489 E.05338
G1 X109.93 Y123.736 E.05339
G1 X111.323 Y122.832 E.05339
G1 X112.613 Y121.787 E.05338
G1 X113.787 Y120.613 E.05339
G1 X114.832 Y119.323 E.05338
G1 X115.736 Y117.93 E.05339
G1 X116.489 Y116.451 E.05339
G1 X117.084 Y114.901 E.05338
G1 X117.514 Y113.298 E.05338
G1 X117.774 Y111.658 E.05339
G1 X117.861 Y110 E.05338
G1 X117.774 Y108.342 E.05338
G1 X117.514 Y106.702 E.05339
G1 X117.084 Y105.099 E.05338
G1 X116.489 Y103.549 E.05338
G1 X115.736 Y102.07 E.05339
G1 X114.832 Y100.677 E.05339
G1 X113.787 Y99.387 E.05338
G1 X112.613 Y98.213 E.05339
G1 X111.323 Y97.168 E.05338
G1 X109.93 Y96.264 E.05339
G1 X108.451 Y95.511 E.05339
G1 X106.901 Y94.916 E.05338
G1 X105.298 Y94.486 E.05338
G1 X103.658 Y94.226 E.05339
G1 X102 Y94.139 E.05338
G1 X101.799 Y94.15 E.00646
G1 X100.342 Y94.226 E.04692
G1 X98.702 Y94.486 E.05339
G1 X97.099 Y94.916 E.05339
G1 X95.549 Y95.511 E.05339
G1 X94.07 Y96.264 E.05338
G1 X92.677 Y97.168 E.05338
G1 X91.387 Y98.213 E.05339
G1 X90.213 Y99.387 E.05339
G1 X89.168 Y100.677 E.05338
G1 X88.264 Y102.07 E.05338
G1 X87.511 Y103.549 E.05339
G1 X86.916 Y105.099 E.05338
G1 X86.486 Y106.702 E.05338
G1 X86.226 Y108.342 E.05339
G1 X86.139 Y110 E.05338
G1 X86.226 Y111.658 E.05338
G1 X86.486 Y113.298 E.05339
G1 X86.916 Y114.901 E.05338
G1 X87.511 Y116.451 E.05338
G1 X88.264 Y117.93 E.05339
G1 X89.168 Y119.323 E.05338
G1 X90.213 Y120.613 E.05338
G1 X91.387 Y121.787 E.05339
G1 X92.677 Y122.832 E.05339
G1 X94.07 Y123.736 E.05338
G1 X95.549 Y124.489 E.05338
G1 X97.099 Y125.084 E.05339
G1 X98.702 Y125.514 E.05339
G1 X100.342 Y125.774 E.05339
G1 X101.901 Y125.856 E.05021
; stop printing object mid_plate.stl id:1992740639744 copy 0
;LAYER_CHANGE
;Z:3.04
;HEIGHT:0.2
G92 E0 ; zero the extruded length again
; BEFORE_LAYER_CHANGE 14 @ 3.04mm
G1 E-1.75 F6000
;WIPE_START
G1 X102 Y125.861 E-.07409
G1 X102.9 Y125.814 E-.67592
;WIPE_END
; AFTER_LAYER_CHANGE 14 @ 3.04mm
;_SET_FAN_SPEED_CHANGING_LAYER
; printing object mid_plate.stl id:1992740639744 copy 0
G17
G3 Z3.24 I-.608 J.032 P1  F18000
G1 X102.941 Y126.589 Z3.24
G1 X102.273 Y126.624
G1 X102 Y126.638
G1 X102 Y127.04
G1 Z3.04
G1 E2.5 F6000
M204 P1000
;TYPE:Outer wall
;WIDTH:0.42
G1 F3600
G1 X100.219 Y126.946 E.05313
G1 X98.457 Y126.667 E.05313
G1 X96.734 Y126.206 E.05312
G1 X95.069 Y125.567 E.05313
G1 X93.48 Y124.757 E.05313
G1 X91.984 Y123.785 E.05313
G1 X90.598 Y122.663 E.05313
G1 X89.337 Y121.402 E.05312
G1 X88.215 Y120.016 E.05313
G1 X87.243 Y118.52 E.05313
G1 X86.433 Y116.931 E.05313
G1 X85.794 Y115.266 E.05313
G1 X85.333 Y113.543 E.05313
G1 X85.054 Y111.781 E.05313
G1 X84.96 Y110 E.05313
G1 X85.054 Y108.219 E.05313
G1 X85.333 Y106.457 E.05313
G1 X85.794 Y104.734 E.05313
G1 X86.433 Y103.069 E.05313
G1 X87.243 Y101.48 E.05313
G1 X88.215 Y99.984 E.05313
G1 X89.337 Y98.598 E.05313
G1 X90.598 Y97.337 E.05312
G1 X91.984 Y96.215 E.05313
G1 X93.48 Y95.243 E.05313
G1 X95.069 Y94.433 E.05313
G1 X96.734 Y93.794 E.05313
G1 X98.457 Y93.333 E.05312
G1 X100.219 Y93.054 E.05313
G1 X102 Y92.96 E.05313
G1 X102.201 Y92.971 E.00599
G1 X103.781 Y93.054 E.04714
G1 X105.543 Y93.333 E.05313
G1 X107.266 Y93.794 E.05313
G1 X108.931 Y94.433 E.05313
G1 X110.52 Y95.243 E.05313
G1 X112.016 Y96.215 E.05313
G1 X113.402 Y97.337 E.05313
G1 X114.663 Y98.598 E.05313
G1 X115.785 Y99.984 E.05313
G1 X116.757 Y101.48 E.05313
G1 X117.567 Y103.069 E.05313
G1 X118.206 Y104.734 E.05313
G1 X118.667 Y106.457 E.05313
G1 X118.946 Y108.219 E.05313
G1 X119.04 Y110 E.05313
G1 X118.946 Y111.781 E.05313
G1 X118.667 Y113.543 E.05313
G1 X118.206 Y115.266 E.05313
G1 X117.639 Y116.743 E.04714
G1 X117.567 Y116.931 E.00599
G1 X116.757 Y118.52 E.05313
G1 X115.785 Y120.016 E.05313
G1 X114.663 Y121.402 E.05313
G1 X113.402 Y122.663 E.05313
G1 X112.016 Y123.785 E.05313
G1 X110.52 Y124.757 E.05313
G1 X108.931 Y125.567 E.05313
G1 X107.266 Y126.206 E.05313
G1 X105.543 Y126.667 E.05313
G1 X103.781 Y126.946 E.05313
G1 X102.06 Y127.037 E.05134
G1 X102.039 Y126.636 F18000
G1 X102 Y126.638
G1 X102 Y126.638
G1 X102 Y126.647
M204 P1500
;TYPE:Inner wall
;WIDTH:0.45
G1 F3730
G1 X100.26 Y126.556 E.05603
G1 X98.539 Y126.283 E.05603
G1 X96.856 Y125.832 E.05603
G1 X95.229 Y125.208 E.05603
G1 X93.676 Y124.417 E.05603
G1 X92.215 Y123.468 E.05603
G1 X90.861 Y122.371 E.05603
G1 X89.629 Y121.139 E.05603
G1 X88.532 Y119.785 E.05603
G1 X87.583 Y118.324 E.05603
G1 X86.792 Y116.771 E.05603
G1 X86.168 Y115.144 E.05603
G1 X85.717 Y113.461 E.05603
G1 X85.444 Y111.74 E.05603
G1 X85.353 Y110 E.05603
G1 X85.444 Y108.26 E.05603
G1 X85.717 Y106.539 E.05603
G1 X86.168 Y104.856 E.05603
G1 X86.792 Y103.229 E.05603
G1 X87.583 Y101.676 E.05603
G1 X88.532 Y100.215 E.05603
G1 X89.629 Y98.861 E.05603
G1 X90.861 Y97.629 E.05603
G1 X92.215 Y96.532 E.05603
G1 X93.676 Y95.583 E.05603
G1 X95.229 Y94.792 E.05603
G1 X96.856 Y94.168 E.05603
G1 X98.539 Y93.717 E.05603
G1 X100.26 Y93.444 E.05603
G1 X102 Y93.353 E.05603
G1 X102.18 Y93.362 E.00581
G1 X103.74 Y93.444 E.05022
G1 X105.461 Y93.717 E.05603
G1 X107.144 Y94.168 E.05603
G1 X108.771 Y94.792 E.05603
G1 X110.324 Y95.583 E.05603
G1 X111.785 Y96.532 E.05603
G1 X113.139 Y97.629 E.05603
G1 X114.371 Y98.861 E.05603
G1 X115.468 Y100.215 E.05603
G1 X116.417 Y101.676 E.05603
G1 X117.208 Y103.229 E.05603
G1 X117.832 Y104.856 E.05603
G1 X118.283 Y106.539 E.05603
G1 X118.556 Y108.26 E.05603
G1 X118.647 Y110 E.05603
G1 X118.556 Y111.74 E.05603
G1 X118.283 Y113.461 E.05603
G1 X117.832 Y115.144 E.05603
G1 X117.208 Y116.771 E.05603
G1 X116.417 Y118.324 E.05603
G1 X115.468 Y119.785 E.05603
G1 X114.371 Y121.139 E.05603
G1 X113.139 Y122.371 E.05603
G1 X111.785 Y123.468 E.05603
G1 X110.324 Y124.417 E.05603
G1 X108.771 Y125.208 E.05603
G1 X107.144 Y125.832 E.05603
G1 X105.461 Y126.283 E.05603
G1 X103.74 Y126.556 E.05603
G1 X102.06 Y126.644 E.0541
G1 X102 Y126.239 F18000
G1 F3730
G1 X100.303 Y126.15 E.05466
G1 X98.624 Y125.885 E.05466
G1 X96.982 Y125.445 E.05466
G1 X95.395 Y124.836 E.05466
G1 X93.88 Y124.064 E.05466
G1 X92.455 Y123.138 E.05466
G1 X91.134 Y122.068 E.05466
G1 X89.932 Y120.866 E.05466
G1 X88.862 Y119.545 E.05466
G1 X87.936 Y118.12 E.05466
G1 X87.164 Y116.605 E.05466
G1 X86.555 Y115.018 E.05466
G1 X86.115 Y113.376 E.05466
G1 X85.85 Y111.697 E.05466
G1 X85.761 Y110 E.05466
G1 X85.85 Y108.303 E.05466
G1 X86.115 Y106.624 E.05466
G1 X86.555 Y104.982 E.05466
G1 X87.164 Y103.395 E.05466
G1 X87.936 Y101.88 E.05466
G1 X88.862 Y100.455 E.05466
G1 X89.932 Y99.134 E.05466
G1 X91.134 Y97.932 E.05466
G1 X92.455 Y96.862 E.05466
G1 X93.88 Y95.936 E.05466
G1 X95.395 Y95.164 E.05466
G1 X96.982 Y94.555 E.05466
G1 X98.624 Y94.115 E.05466
G1 X100.303 Y93.85 E.05466
G1 X102 Y93.761 E.05466
G1 X102.159 Y93.769 E.00512
G1 X103.697 Y93.85 E.04954
G1 X105.376 Y94.115 E.05466
G1 X107.018 Y94.555 E.05466
G1 X108.605 Y95.164 E.05466
G1 X110.12 Y95.936 E.05466
G1 X111.545 Y96.862 E.05466
G1 X112.866 Y97.932 E.05466
G1 X114.068 Y99.134 E.05466
G1 X115.138 Y100.455 E.05466
G1 X116.064 Y101.88 E.05466
G1 X116.835 Y103.395 E.05466
G1 X117.445 Y104.982 E.05466
G1 X117.885 Y106.624 E.05466
G1 X118.15 Y108.303 E.05466
G1 X118.239 Y110 E.05466
G1 X118.15 Y111.697 E.05466
G1 X117.885 Y113.376 E.05466
G1 X117.445 Y115.018 E.05466
G1 X116.835 Y116.605 E.05466
G1 X116.064 Y118.12 E.05466
G1 X115.138 Y119.545 E.05466
G1 X114.068 Y120.866 E.05466
G1 X112.866 Y122.068 E.05466
G1 X111.545 Y123.138 E.05466
G1 X110.12 Y124.064 E.05466
G1 X108.605 Y124.836 E.05466
G1 X107.018 Y125.445 E.05466
G1 X105.376 Y125.885 E.05466
G1 X103.697 Y126.15 E.05466
G1 X102.06 Y126.236 E.05273
G1 E-1.75 F6000
;WIPE_START
G1 X101.061 Y126.188 E-.75
;WIPE_END
G1 X101.102 Y125.415 Z3.24 F18000
G1 X101.663 Y125.444
G1 X101.979 Y125.461
G1 X102 Y125.06
G1 Z3.04
G1 E2.5 F6000
M204 P1000
;TYPE:Outer wall
;WIDTH:0.42
G1 F3600
G1 X103.574 Y124.978 E.04696
G1 X105.131 Y124.731 E.04696
G1 X106.654 Y124.323 E.04696
G1 X108.126 Y123.758 E.04696
G1 X109.53 Y123.043 E.04696
G1 X110.852 Y122.184 E.04696
G1 X112.077 Y121.192 E.04696
G1 X113.192 Y120.077 E.04696
G1 X114.184 Y118.852 E.04696
G1 X115.043 Y117.53 E.04696
G1 X115.758 Y116.126 E.04696
G1 X116.323 Y114.654 E.04696
G1 X116.731 Y113.131 E.04696
G1 X116.978 Y111.574 E.04696
G1 X117.06 Y110 E.04696
G1 X116.978 Y108.426 E.04696
G1 X116.731 Y106.869 E.04696
G1 X116.323 Y105.346 E.04696
G1 X115.758 Y103.874 E.04696
G1 X115.043 Y102.47 E.04696
G1 X114.184 Y101.148 E.04696
G1 X113.192 Y99.923 E.04696
G1 X112.077 Y98.808 E.04696
G1 X110.852 Y97.816 E.04696
G1 X109.53 Y96.957 E.04696
G1 X108.126 Y96.242 E.04696
G1 X106.654 Y95.677 E.04696
G1 X105.131 Y95.269 E.04696
G1 X103.574 Y95.022 E.04696
G1 X102 Y94.94 E.04696
G1 X101.803 Y94.95 E.00589
G1 X100.426 Y95.022 E.04107
G1 X98.869 Y95.269 E.04696
G1 X97.346 Y95.677 E.04696
G1 X95.874 Y96.242 E.04696
G1 X94.47 Y96.957 E.04695
G1 X93.148 Y97.816 E.04696
G1 X91.923 Y98.808 E.04696
G1 X90.808 Y99.923 E.04696
G1 X89.816 Y101.148 E.04696
G1 X88.957 Y102.47 E.04696
G1 X88.242 Y103.874 E.04696
G1 X87.677 Y105.346 E.04696
G1 X87.269 Y106.869 E.04696
G1 X87.022 Y108.426 E.04696
G1 X86.94 Y110 E.04696
G1 X87.022 Y111.574 E.04696
G1 X87.269 Y113.131 E.04696
G1 X87.677 Y114.654 E.04696
G1 X88.242 Y116.126 E.04696
G1 X88.957 Y117.53 E.04696
G1 X89.816 Y118.852 E.04696
G1 X90.808 Y120.077 E.04696
G1 X91.923 Y121.192 E.04696
G1 X93.148 Y122.184 E.04696
G1 X94.47 Y123.043 E.04696
G1 X95.874 Y123.758 E.04695
G1 X97.346 Y124.323 E.04696
G1 X98.869 Y124.731 E.04696
G1 X100.426 Y124.978 E.04696
G1 X101.94 Y125.057 E.04517
G1 X101.919 Y125.457 F18000
G1 X101.981 Y125.461
G1 X101.981 Y125.452
M204 P1500
;TYPE:Inner wall
;WIDTH:0.45
G1 F3730
G1 X102 Y125.453 E.00061
G1 X103.615 Y125.368 E.05201
G1 X105.213 Y125.115 E.05201
G1 X106.775 Y124.697 E.05201
G1 X108.285 Y124.117 E.05201
G1 X109.727 Y123.383 E.05201
G1 X111.083 Y122.502 E.05201
G1 X112.34 Y121.484 E.05201
G1 X113.484 Y120.34 E.05201
G1 X114.502 Y119.083 E.05201
G1 X115.383 Y117.727 E.05201
G1 X116.117 Y116.285 E.05201
G1 X116.697 Y114.775 E.05201
G1 X117.115 Y113.213 E.05201
G1 X117.368 Y111.615 E.05201
G1 X117.453 Y110 E.05201
G1 X117.368 Y108.385 E.05201
G1 X117.115 Y106.787 E.05201
G1 X116.697 Y105.225 E.05201
G1 X116.117 Y103.715 E.05201
G1 X115.383 Y102.273 E.05201
G1 X114.502 Y100.917 E.05201
G1 X113.484 Y99.66 E.05201
G1 X112.34 Y98.516 E.05201
G1 X111.083 Y97.498 E.05201
G1 X109.727 Y96.617 E.05201
G1 X108.285 Y95.883 E.05201
G1 X106.775 Y95.303 E.05201
G1 X105.213 Y94.885 E.05201
G1 X103.615 Y94.632 E.05201
G1 X102 Y94.547 E.05201
G1 X101.782 Y94.558 E.00702
G1 X100.385 Y94.632 E.045
G1 X98.787 Y94.885 E.05201
G1 X97.225 Y95.303 E.05201
G1 X95.715 Y95.883 E.05201
G1 X94.273 Y96.617 E.05201
G1 X92.917 Y97.498 E.05201
G1 X91.66 Y98.516 E.05201
G1 X90.516 Y99.66 E.05201
G1 X89.498 Y100.917 E.05201
G1 X88.617 Y102.273 E.05201
G1 X87.883 Y103.715 E.05201
G1 X87.303 Y105.225 E.05201
G1 X86.885 Y106.787 E.05201
G1 X86.632 Y108.385 E.05201
G1 X86.547 Y110 E.05201
G1 X86.632 Y111.615 E.05201
G1 X86.885 Y113.213 E.05201
G1 X87.303 Y114.775 E.05201
G1 X87.883 Y116.285 E.05201
G1 X88.617 Y117.727 E.05201
G1 X89.498 Y119.083 E.05201
G1 X90.516 Y120.34 E.05201
G1 X91.66 Y121.484 E.05201
G1 X92.917 Y122.502 E.05201
G1 X94.273 Y123.383 E.05201
G1 X95.715 Y124.117 E.05201
G1 X97.225 Y124.697 E.05201
G1 X98.787 Y125.115 E.05201
G1 X100.385 Y125.368 E.05201
G1 X101.921 Y125.449 E.04947
G1 X101.961 Y125.859 F18000
G1 F3730
G1 X102 Y125.861 E.00125
G1 X103.658 Y125.774 E.05338
G1 X105.298 Y125.514 E.05339
G1 X106.901 Y125.084 E.05338
G1 X108.451 Y124.489 E.05338
G1 X109.93 Y123.736 E.05339
G1 X111.323 Y122.832 E.05339
G1 X112.613 Y121.787 E.05338
G1 X113.787 Y120.613 E.05339
G1 X114.832 Y119.323 E.05338
G1 X115.736 Y117.93 E.05339
G1 X116.489 Y116.451 E.05339
G1 X117.084 Y114.901 E.05338
G1 X117.514 Y113.298 E.05338
G1 X117.774 Y111.658 E.05339
G1 X117.861 Y110 E.05338
G1 X117.774 Y108.342 E.05338
G1 X117.514 Y106.702 E.05339
G1 X117.084 Y105.099 E.05338
G1 X116.489 Y103.549 E.05338
G1 X115.736 Y102.07 E.05339
G1 X114.832 Y100.677 E.05339
G1 X113.787 Y99.387 E.05338
G1 X112.613 Y98.213 E.05339
G1 X111.323 Y97.168 E.05338
G1 X109.93 Y96.264 E.05339
G1 X108.451 Y95.511 E.05339
G1 X106.901 Y94.916 E.05338
G1 X105.298 Y94.486 E.05338
G1 X103.658 Y94.226 E.05339
G1 X102 Y94.139 E.05338
G1 X101.761 Y94.152 E.0077
G1 X100.342 Y94.226 E.04568
G1 X98.702 Y94.486 E.05339
G1 X97.099 Y94.916 E.05339
G1 X95.549 Y95.511 E.05339
G1 X94.07 Y96.264 E.05338
G1 X92.677 Y97.168 E.05338
G1 X91.387 Y98.213 E.05339
G1 X90.213 Y99.387 E.05339
G1 X89.168 Y100.677 E.05338
G1 X88.264 Y102.07 E.05339
G1 X87.511 Y103.549 E.05339
G1 X86.916 Y105.099 E.05338
G1 X86.486 Y106.702 E.05338
G1 X86.226 Y108.342 E.05339
G1 X86.139 Y110 E.05338
G1 X86.226 Y111.658 E.05338
G1 X86.486 Y113.298 E.05339
G1 X86.916 Y114.901 E.05338
G1 X87.511 Y116.451 E.05338
G1 X88.264 Y117.93 E.05339
G1 X89.168 Y119.323 E.05339
G1 X90.213 Y120.613 E.05338
G1 X91.387 Y121.787 E.05339
G1 X92.677 Y122.832 E.05339
G1 X94.07 Y123.736 E.05338
G1 X95.549 Y124.489 E.05338
G1 X97.099 Y125.084 E.05339
G1 X98.702 Y125.514 E.05339
G1 X100.342 Y125.774 E.05339
G1 X101.901 Y125.856 E.05021
; stop printing object mid_plate.stl id:1992740639744 copy 0
;LAYER_CHANGE
;Z:3.24
;HEIGHT:0.2
G92 E0 ; zero the extruded length again
; BEFORE_LAYER_CHANGE 15 @ 3.24mm
G1 E-1.75 F6000
;WIPE_START
G1 X102 Y125.861 E-.07409
G1 X102.9 Y125.814 E-.67592
;WIPE_END
; AFTER_LAYER_CHANGE 15 @ 3.24mm
;_SET_FAN_SPEED_CHANGING_LAYER
; printing object mid_plate.stl id:1992740639744 copy 0
G17
G3 Z3.44 I-.608 J.032 P1  F18000
G1 X102.941 Y126.589 Z3.44
G1 X102.273 Y126.624
G1 X102 Y126.638
G1 X102 Y127.04
G1 Z3.24
G1 E2.5 F6000
M204 P1000
;TYPE:Outer wall
;WIDTH:0.42
G1 F3600
G1 X100.219 Y126.946 E.05313
G1 X98.457 Y126.667 E.05313
G1 X96.734 Y126.206 E.05312
G1 X95.069 Y125.567 E.05313
G1 X93.48 Y124.757 E.05313
G1 X91.984 Y123.785 E.05313
G1 X90.598 Y122.663 E.05313
G1 X89.337 Y121.402 E.05312
G1 X88.215 Y120.016 E.05313
G1 X87.243 Y118.52 E.05313
G1 X86.433 Y116.931 E.05313
G1 X85.794 Y115.266 E.05313
G1 X85.333 Y113.543 E.05313
G1 X85.054 Y111.781 E.05313
G1 X84.96 Y110 E.05313
G1 X85.054 Y108.219 E.05313
G1 X85.333 Y106.457 E.05313
G1 X85.794 Y104.734 E.05313
G1 X86.433 Y103.069 E.05313
G1 X87.243 Y101.48 E.05313
G1 X88.215 Y99.984 E.05313
G1 X89.337 Y98.598 E.05313
G1 X90.598 Y97.337 E.05312
G1 X91.984 Y96.215 E.05313
G1 X93.48 Y95.243 E.05313
G1 X95.069 Y94.433 E.05313
G1 X96.734 Y93.794 E.05313
G1 X98.457 Y93.333 E.05312
G1 X100.219 Y93.054 E.05313
G1 X102 Y92.96 E.05313
G1 X102.246 Y92.973 E.00734
G1 X103.781 Y93.054 E.04579
G1 X105.543 Y93.333 E.05313
G1 X107.266 Y93.794 E.05313
G1 X108.931 Y94.433 E.05313
G1 X110.52 Y95.243 E.05313
G1 X112.016 Y96.215 E.05313
G1 X113.402 Y97.337 E.05313
G1 X114.663 Y98.598 E.05313
G1 X115.785 Y99.984 E.05313
G1 X116.757 Y101.48 E.05313
G1 X117.567 Y103.069 E.05313
G1 X118.206 Y104.734 E.05313
G1 X118.667 Y106.457 E.05313
G1 X118.946 Y108.219 E.05313
G1 X119.04 Y110 E.05313
G1 X118.946 Y111.781 E.05313
G1 X118.667 Y113.543 E.05313
G1 X118.206 Y115.266 E.05313
G1 X117.567 Y116.931 E.05313
G1 X116.757 Y118.52 E.05313
G1 X115.785 Y120.016 E.05313
G1 X114.663 Y121.402 E.05313
G1 X113.402 Y122.663 E.05313
G1 X112.016 Y123.785 E.05313
G1 X110.52 Y124.757 E.05313
G1 X108.931 Y125.567 E.05313
G1 X107.266 Y126.206 E.05313
G1 X105.543 Y126.667 E.05313
G1 X103.781 Y126.946 E.05313
G1 X102.06 Y127.037 E.05134
G1 X102.039 Y126.636 F18000
G1 X102 Y126.638
G1 X102 Y126.638
G1 X102 Y126.647
M204 P1500
;TYPE:Inner wall
;WIDTH:0.45
G1 F3730
G1 X100.26 Y126.556 E.05603
G1 X98.539 Y126.283 E.05603
G1 X96.856 Y125.832 E.05603
G1 X95.229 Y125.208 E.05603
G1 X93.676 Y124.417 E.05603
G1 X92.215 Y123.468 E.05603
G1 X90.861 Y122.371 E.05603
G1 X89.629 Y121.139 E.05603
G1 X88.532 Y119.785 E.05603
G1 X87.583 Y118.324 E.05603
G1 X86.792 Y116.771 E.05603
G1 X86.168 Y115.144 E.05603
G1 X85.717 Y113.461 E.05603
G1 X85.444 Y111.74 E.05603
G1 X85.353 Y110 E.05603
G1 X85.444 Y108.26 E.05603
G1 X85.717 Y106.539 E.05603
G1 X86.168 Y104.856 E.05603
G1 X86.792 Y103.229 E.05603
G1 X87.583 Y101.676 E.05603
G1 X88.532 Y100.215 E.05603
G1 X89.629 Y98.861 E.05603
G1 X90.861 Y97.629 E.05603
G1 X92.215 Y96.532 E.05603
G1 X93.676 Y95.583 E.05603
G1 X95.229 Y94.792 E.05603
G1 X96.856 Y94.168 E.05603
G1 X98.539 Y93.717 E.05603
G1 X100.26 Y93.444 E.05603
G1 X102 Y93.353 E.05603
G1 X102.225 Y93.365 E.00726
G1 X103.74 Y93.444 E.04877
G1 X105.461 Y93.717 E.05603
G1 X107.144 Y94.168 E.05603
G1 X108.771 Y94.792 E.05603
G1 X110.324 Y95.583 E.05603
G1 X111.785 Y96.532 E.05603
G1 X113.139 Y97.629 E.05603
G1 X114.371 Y98.861 E.05603
G1 X115.468 Y100.215 E.05603
G1 X116.417 Y101.676 E.05603
G1 X117.208 Y103.229 E.05603
G1 X117.832 Y104.856 E.05603
G1 X118.283 Y106.539 E.05603
G1 X118.556 Y108.26 E.05603
G1 X118.647 Y110 E.05603
G1 X118.556 Y111.74 E.05603
G1 X118.283 Y113.461 E.05603
G1 X117.832 Y115.144 E.05603
G1 X117.208 Y116.771 E.05603
G1 X116.417 Y118.324 E.05603
G1 X115.468 Y119.785 E.05603
G1 X114.371 Y121.139 E.05603
G1 X113.139 Y122.371 E.05603
G1 X111.785 Y123.468 E.05603
G1 X110.324 Y124.417 E.05603
G1 X108.771 Y125.208 E.05603
G1 X107.144 Y125.832 E.05603
G1 X105.461 Y126.283 E.05603
G1 X103.74 Y126.556 E.05603
G1 X102.06 Y126.644 E.0541
G1 X102 Y126.239 F18000
G1 F3730
G1 X100.303 Y126.15 E.05466
G1 X98.624 Y125.885 E.05466
G1 X96.982 Y125.445 E.05466
G1 X95.395 Y124.836 E.05466
G1 X93.88 Y124.064 E.05466
G1 X92.455 Y123.138 E.05466
G1 X91.134 Y122.068 E.05466
G1 X89.932 Y120.866 E.05466
G1 X88.862 Y119.545 E.05466
G1 X87.936 Y118.12 E.05466
G1 X87.164 Y116.605 E.05466
G1 X86.555 Y115.018 E.05466
G1 X86.115 Y113.376 E.05466
G1 X85.85 Y111.697 E.05466
G1 X85.761 Y110 E.05466
G1 X85.85 Y108.303 E.05466
G1 X86.115 Y106.624 E.05466
G1 X86.555 Y104.982 E.05466
G1 X87.164 Y103.395 E.05466
G1 X87.936 Y101.88 E.05466
G1 X88.862 Y100.455 E.05466
G1 X89.932 Y99.134 E.05466
G1 X91.134 Y97.932 E.05466
G1 X92.455 Y96.862 E.05466
G1 X93.88 Y95.936 E.05466
G1 X95.395 Y95.164 E.05466
G1 X96.982 Y94.555 E.05466
G1 X98.624 Y94.115 E.05466
G1 X100.303 Y93.85 E.05466
G1 X102 Y93.761 E.05466
G1 X102.204 Y93.771 E.00657
G1 X103.697 Y93.85 E.04809
G1 X105.376 Y94.115 E.05466
G1 X107.018 Y94.555 E.05466
G1 X108.605 Y95.164 E.05466
G1 X110.12 Y95.936 E.05466
G1 X111.545 Y96.862 E.05466
G1 X112.866 Y97.932 E.05466
G1 X114.068 Y99.134 E.05466
G1 X115.138 Y100.455 E.05466
G1 X116.064 Y101.88 E.05466
G1 X116.835 Y103.395 E.05466
G1 X117.445 Y104.982 E.05466
G1 X117.885 Y106.624 E.05466
G1 X118.15 Y108.303 E.05466
G1 X118.239 Y110 E.05466
G1 X118.15 Y111.697 E.05466
G1 X117.885 Y113.376 E.05466
G1 X117.445 Y115.018 E.05466
G1 X116.835 Y116.605 E.05466
G1 X116.064 Y118.12 E.05466
G1 X115.138 Y119.545 E.05466
G1 X114.068 Y120.866 E.05466
G1 X112.866 Y122.068 E.05466
G1 X111.545 Y123.138 E.05466
G1 X110.12 Y124.064 E.05466
G1 X108.605 Y124.836 E.05466
G1 X107.018 Y125.445 E.05466
G1 X105.376 Y125.885 E.05466
G1 X103.697 Y126.15 E.05466
G1 X102.06 Y126.236 E.05273
G1 E-1.75 F6000
;WIPE_START
G1 X101.061 Y126.188 E-.75
;WIPE_END
G1 X101.102 Y125.415 Z3.44 F18000
G1 X101.663 Y125.444
G1 X101.979 Y125.461
G1 X102 Y125.06
G1 Z3.24
G1 E2.5 F6000
M204 P1000
;TYPE:Outer wall
;WIDTH:0.42
G1 F3600
G1 X103.574 Y124.978 E.04696
G1 X105.131 Y124.731 E.04696
G1 X106.654 Y124.323 E.04696
G1 X108.126 Y123.758 E.04696
G1 X109.53 Y123.043 E.04696
G1 X110.852 Y122.184 E.04696
G1 X112.077 Y121.192 E.04696
G1 X113.192 Y120.077 E.04696
G1 X114.184 Y118.852 E.04696
G1 X115.043 Y117.53 E.04696
G1 X115.758 Y116.126 E.04696
G1 X116.323 Y114.654 E.04696
G1 X116.731 Y113.131 E.04696
G1 X116.978 Y111.574 E.04696
G1 X117.06 Y110 E.04696
G1 X116.978 Y108.426 E.04696
G1 X116.731 Y106.869 E.04696
G1 X116.323 Y105.346 E.04696
G1 X115.758 Y103.874 E.04696
G1 X115.043 Y102.47 E.04696
G1 X114.184 Y101.148 E.04696
G1 X113.192 Y99.923 E.04696
G1 X112.077 Y98.808 E.04696
G1 X110.852 Y97.816 E.04696
G1 X109.53 Y96.957 E.04696
G1 X108.126 Y96.242 E.04696
G1 X106.654 Y95.677 E.04696
G1 X105.131 Y95.269 E.04696
G1 X103.574 Y95.022 E.04696
G1 X102 Y94.94 E.04696
G1 X101.764 Y94.952 E.00704
G1 X100.426 Y95.022 E.03992
G1 X98.869 Y95.269 E.04696
G1 X97.346 Y95.677 E.04696
G1 X95.874 Y96.242 E.04696
G1 X94.47 Y96.957 E.04695
G1 X93.148 Y97.816 E.04696
G1 X91.923 Y98.808 E.04696
G1 X90.808 Y99.923 E.04696
G1 X89.816 Y101.148 E.04696
G1 X88.957 Y102.47 E.04696
G1 X88.242 Y103.874 E.04696
G1 X87.677 Y105.346 E.04696
G1 X87.269 Y106.869 E.04696
G1 X87.022 Y108.426 E.04696
G1 X86.94 Y110 E.04696
G1 X87.022 Y111.574 E.04696
G1 X87.269 Y113.131 E.04696
G1 X87.677 Y114.654 E.04696
G1 X88.242 Y116.126 E.04696
G1 X88.957 Y117.53 E.04696
G1 X89.816 Y118.852 E.04696
G1 X90.808 Y120.077 E.04696
G1 X91.923 Y121.192 E.04696
G1 X93.148 Y122.184 E.04696
G1 X94.47 Y123.043 E.04696
G1 X95.874 Y123.758 E.04695
G1 X97.346 Y124.323 E.04696
G1 X98.869 Y124.731 E.04696
G1 X100.426 Y124.978 E.04696
G1 X101.94 Y125.057 E.04517
G1 X101.919 Y125.457 F18000
G1 X101.981 Y125.461
G1 X101.981 Y125.452
M204 P1500
;TYPE:Inner wall
;WIDTH:0.45
G1 F3730
G1 X102 Y125.453 E.00061
G1 X103.615 Y125.368 E.05201
G1 X105.213 Y125.115 E.05201
G1 X106.775 Y124.697 E.05201
G1 X108.285 Y124.117 E.05201
G1 X109.727 Y123.383 E.05201
G1 X111.083 Y122.502 E.05201
G1 X112.34 Y121.484 E.05201
G1 X113.484 Y120.34 E.05201
G1 X114.502 Y119.083 E.05201
G1 X115.383 Y117.727 E.05201
G1 X116.117 Y116.285 E.05201
G1 X116.697 Y114.775 E.05201
G1 X117.115 Y113.213 E.05201
G1 X117.368 Y111.615 E.05201
G1 X117.453 Y110 E.05201
G1 X117.368 Y108.385 E.05201
G1 X117.115 Y106.787 E.05201
G1 X116.697 Y105.225 E.05201
G1 X116.117 Y103.715 E.05201
G1 X115.383 Y102.273 E.05201
G1 X114.502 Y100.917 E.05201
G1 X113.484 Y99.66 E.05201
G1 X112.34 Y98.516 E.05201
G1 X111.083 Y97.498 E.05201
G1 X109.727 Y96.617 E.05201
G1 X108.285 Y95.883 E.05201
G1 X106.775 Y95.303 E.05201
G1 X105.213 Y94.885 E.05201
G1 X103.615 Y94.632 E.05201
G1 X102 Y94.547 E.05201
G1 X101.744 Y94.56 E.00826
G1 X100.385 Y94.632 E.04375
G1 X98.787 Y94.885 E.05201
G1 X97.225 Y95.303 E.05201
G1 X95.715 Y95.883 E.05201
G1 X94.273 Y96.617 E.05201
G1 X92.917 Y97.498 E.05201
G1 X91.66 Y98.516 E.05201
G1 X90.516 Y99.66 E.05201
G1 X89.498 Y100.917 E.05201
G1 X88.617 Y102.273 E.05201
G1 X87.883 Y103.715 E.05201
G1 X87.303 Y105.225 E.05201
G1 X86.885 Y106.787 E.05201
G1 X86.632 Y108.385 E.05201
G1 X86.547 Y110 E.05201
G1 X86.632 Y111.615 E.05201
G1 X86.885 Y113.213 E.05201
G1 X87.303 Y114.775 E.05201
G1 X87.883 Y116.285 E.05201
G1 X88.617 Y117.727 E.05201
G1 X89.498 Y119.083 E.05201
G1 X90.516 Y120.34 E.05201
G1 X91.66 Y121.484 E.05201
G1 X92.917 Y122.502 E.05201
G1 X94.273 Y123.383 E.05201
G1 X95.715 Y124.117 E.05201
G1 X97.225 Y124.697 E.05201
G1 X98.787 Y125.115 E.05201
G1 X100.385 Y125.368 E.05201
G1 X101.921 Y125.449 E.04947
G1 X101.961 Y125.859 F18000
G1 F3730
G1 X102 Y125.861 E.00125
G1 X103.658 Y125.774 E.05338
G1 X105.298 Y125.514 E.05339
G1 X106.901 Y125.084 E.05338
G1 X108.451 Y124.489 E.05338
G1 X109.93 Y123.736 E.05339
G1 X111.323 Y122.832 E.05339
G1 X112.613 Y121.787 E.05338
G1 X113.787 Y120.613 E.05339
G1 X114.832 Y119.323 E.05338
G1 X115.736 Y117.93 E.05339
G1 X116.489 Y116.451 E.05339
G1 X117.084 Y114.901 E.05338
G1 X117.514 Y113.298 E.05338
G1 X117.774 Y111.658 E.05339
G1 X117.861 Y110 E.05338
G1 X117.774 Y108.342 E.05338
G1 X117.514 Y106.702 E.05339
G1 X117.084 Y105.099 E.05338
G1 X116.489 Y103.549 E.05338
G1 X115.736 Y102.07 E.05339
G1 X114.832 Y100.677 E.05339
G1 X113.787 Y99.387 E.05338
G1 X112.613 Y98.213 E.05339
G1 X111.323 Y97.168 E.05338
G1 X109.93 Y96.264 E.05339
G1 X108.451 Y95.511 E.05339
G1 X106.901 Y94.916 E.05338
G1 X105.298 Y94.486 E.05338
G1 X103.658 Y94.226 E.05339
G1 X102 Y94.139 E.05338
G1 X101.722 Y94.154 E.00894
G1 X100.342 Y94.226 E.04444
G1 X98.702 Y94.486 E.05339
G1 X97.099 Y94.916 E.05339
G1 X95.549 Y95.511 E.05339
G1 X94.07 Y96.264 E.05338
G1 X92.677 Y97.168 E.05338
G1 X91.387 Y98.213 E.05339
G1 X90.213 Y99.387 E.05339
G1 X89.168 Y100.677 E.05338
G1 X88.264 Y102.07 E.05339
G1 X87.511 Y103.549 E.05339
G1 X86.916 Y105.099 E.05338
G1 X86.486 Y106.702 E.05338
G1 X86.226 Y108.342 E.05339
G1 X86.139 Y110 E.05338
G1 X86.226 Y111.658 E.05338
G1 X86.486 Y113.298 E.05339
G1 X86.916 Y114.901 E.05338
G1 X87.511 Y116.451 E.05338
G1 X88.264 Y117.93 E.05339
G1 X89.168 Y119.323 E.05339
G1 X90.213 Y120.613 E.05338
G1 X91.387 Y121.787 E.05339
G1 X92.677 Y122.832 E.05339
G1 X94.07 Y123.736 E.05338
G1 X95.549 Y124.489 E.05338
G1 X97.099 Y125.084 E.05339
G1 X98.702 Y125.514 E.05339
G1 X100.342 Y125.774 E.05339
G1 X101.901 Y125.856 E.05021
; stop printing object mid_plate.stl id:1992740639744 copy 0
;LAYER_CHANGE
;Z:3.44
;HEIGHT:0.2
G92 E0 ; zero the extruded length again
; BEFORE_LAYER_CHANGE 16 @ 3.44mm
G1 E-1.75 F6000
;WIPE_START
G1 X102 Y125.861 E-.07409
G1 X102.9 Y125.814 E-.67592
;WIPE_END
; AFTER_LAYER_CHANGE 16 @ 3.44mm
;_SET_FAN_SPEED_CHANGING_LAYER
; printing object mid_plate.stl id:1992740639744 copy 0
G17
G3 Z3.64 I-.608 J.032 P1  F18000
G1 X102.941 Y126.589 Z3.64
G1 X102.273 Y126.624
G1 X102 Y126.638
G1 X102 Y127.04
G1 Z3.44
G1 E2.5 F6000
M204 P1000
;TYPE:Outer wall
;WIDTH:0.42
G1 F3600
G1 X100.219 Y126.946 E.05313
G1 X98.457 Y126.667 E.05313
G1 X96.734 Y126.206 E.05312
G1 X95.069 Y125.567 E.05313
G1 X93.48 Y124.757 E.05313
G1 X91.984 Y123.785 E.05313
G1 X90.598 Y122.663 E.05313
G1 X89.337 Y121.402 E.05312
G1 X88.215 Y120.016 E.05313
G1 X87.243 Y118.52 E.05313
G1 X86.433 Y116.931 E.05313
G1 X85.794 Y115.266 E.05313
G1 X85.333 Y113.543 E.05313
G1 X85.054 Y111.781 E.05313
G1 X84.96 Y110 E.05313
G1 X85.054 Y108.219 E.05313
G1 X85.333 Y106.457 E.05313
G1 X85.794 Y104.734 E.05313
G1 X86.433 Y103.069 E.05313
G1 X87.243 Y101.48 E.05313
G1 X88.215 Y99.984 E.05313
G1 X89.337 Y98.598 E.05313
G1 X90.598 Y97.337 E.05312
G1 X91.984 Y96.215 E.05313
G1 X93.48 Y95.243 E.05313
G1 X95.069 Y94.433 E.05313
G1 X96.734 Y93.794 E.05313
G1 X98.457 Y93.333 E.05312
G1 X100.219 Y93.054 E.05313
G1 X102 Y92.96 E.05313
G1 X102.291 Y92.976 E.00868
G1 X103.781 Y93.054 E.04445
G1 X105.543 Y93.333 E.05313
G1 X107.266 Y93.794 E.05313
G1 X108.931 Y94.433 E.05313
G1 X110.52 Y95.243 E.05313
G1 X112.016 Y96.215 E.05313
G1 X113.402 Y97.337 E.05313
G1 X114.663 Y98.598 E.05313
G1 X115.785 Y99.984 E.05313
G1 X116.598 Y101.236 E.04445
G1 X116.757 Y101.48 E.00868
G1 X117.567 Y103.069 E.05313
G1 X118.206 Y104.734 E.05313
G1 X118.667 Y106.457 E.05313
G1 X118.946 Y108.219 E.05313
G1 X119.04 Y110 E.05313
G1 X118.946 Y111.781 E.05313
G1 X118.667 Y113.543 E.05313
G1 X118.206 Y115.266 E.05313
G1 X117.567 Y116.931 E.05313
G1 X116.757 Y118.52 E.05313
G1 X115.785 Y120.016 E.05313
G1 X114.663 Y121.402 E.05313
G1 X113.402 Y122.663 E.05313
G1 X112.016 Y123.785 E.05313
G1 X110.52 Y124.757 E.05313
G1 X108.931 Y125.567 E.05313
G1 X107.266 Y126.206 E.05313
G1 X105.543 Y126.667 E.05313
G1 X103.781 Y126.946 E.05313
G1 X102.06 Y127.037 E.05134
G1 X102.039 Y126.636 F18000
G1 X102 Y126.638
G1 X102 Y126.638
G1 X102 Y126.647
M204 P1500
;TYPE:Inner wall
;WIDTH:0.45
G1 F3730
G1 X100.26 Y126.556 E.05603
G1 X98.539 Y126.283 E.05603
G1 X96.856 Y125.832 E.05603
G1 X95.229 Y125.208 E.05603
G1 X93.676 Y124.417 E.05603
G1 X92.215 Y123.468 E.05603
G1 X90.861 Y122.371 E.05603
G1 X89.629 Y121.139 E.05603
G1 X88.532 Y119.785 E.05603
G1 X87.583 Y118.324 E.05603
G1 X86.792 Y116.771 E.05603
G1 X86.168 Y115.144 E.05603
G1 X85.717 Y113.461 E.05603
G1 X85.444 Y111.74 E.05603
G1 X85.353 Y110 E.05603
G1 X85.444 Y108.26 E.05603
G1 X85.717 Y106.539 E.05603
G1 X86.168 Y104.856 E.05603
G1 X86.792 Y103.229 E.05603
G1 X87.583 Y101.676 E.05603
G1 X88.532 Y100.215 E.05603
G1 X89.629 Y98.861 E.05603
G1 X90.861 Y97.629 E.05603
G1 X92.215 Y96.532 E.05603
G1 X93.676 Y95.583 E.05603
G1 X95.229 Y94.792 E.05603
G1 X96.856 Y94.168 E.05603
G1 X98.539 Y93.717 E.05603
G1 X100.26 Y93.444 E.05603
G1 X102 Y93.353 E.05603
G1 X102.271 Y93.367 E.00871
G1 X103.74 Y93.444 E.04732
G1 X105.461 Y93.717 E.05603
G1 X107.144 Y94.168 E.05603
G1 X108.771 Y94.792 E.05603
G1 X110.324 Y95.583 E.05603
G1 X111.785 Y96.532 E.05603
G1 X113.139 Y97.629 E.05603
G1 X114.371 Y98.861 E.05603
G1 X115.468 Y100.215 E.05603
G1 X116.269 Y101.449 E.04732
G1 X116.417 Y101.676 E.00871
G1 X117.208 Y103.229 E.05603
G1 X117.832 Y104.856 E.05603
G1 X118.283 Y106.539 E.05603
G1 X118.556 Y108.26 E.05603
G1 X118.647 Y110 E.05603
G1 X118.556 Y111.74 E.05603
G1 X118.283 Y113.461 E.05603
G1 X117.832 Y115.144 E.05603
G1 X117.305 Y116.518 E.04732
G1 X117.208 Y116.771 E.00871
G1 X116.417 Y118.324 E.05603
G1 X115.468 Y119.785 E.05603
G1 X114.371 Y121.139 E.05603
G1 X113.139 Y122.371 E.05603
G1 X111.785 Y123.468 E.05603
G1 X110.324 Y124.417 E.05603
G1 X108.771 Y125.208 E.05603
G1 X107.144 Y125.832 E.05603
G1 X105.461 Y126.283 E.05603
G1 X103.74 Y126.556 E.05603
G1 X102.06 Y126.644 E.0541
G1 X102 Y126.239 F18000
G1 F3730
G1 X100.303 Y126.15 E.05466
G1 X98.624 Y125.885 E.05466
G1 X96.982 Y125.445 E.05466
G1 X95.395 Y124.836 E.05466
G1 X93.88 Y124.064 E.05466
G1 X92.455 Y123.138 E.05466
G1 X91.134 Y122.068 E.05466
G1 X89.932 Y120.866 E.05466
G1 X88.862 Y119.545 E.05466
G1 X87.936 Y118.12 E.05466
G1 X87.164 Y116.605 E.05466
G1 X86.555 Y115.018 E.05466
G1 X86.115 Y113.376 E.05466
G1 X85.85 Y111.697 E.05466
G1 X85.761 Y110 E.05466
G1 X85.85 Y108.303 E.05466
G1 X86.115 Y106.624 E.05466
G1 X86.555 Y104.982 E.05466
G1 X87.164 Y103.395 E.05466
G1 X87.936 Y101.88 E.05466
G1 X88.862 Y100.455 E.05466
G1 X89.932 Y99.134 E.05466
G1 X91.134 Y97.932 E.05466
G1 X92.455 Y96.862 E.05466
G1 X93.88 Y95.936 E.05466
G1 X95.395 Y95.164 E.05466
G1 X96.982 Y94.555 E.05466
G1 X98.624 Y94.115 E.05466
G1 X100.303 Y93.85 E.05466
G1 X102 Y93.761 E.05466
G1 X102.249 Y93.774 E.00802
G1 X103.697 Y93.85 E.04664
G1 X105.376 Y94.115 E.05466
G1 X107.018 Y94.555 E.05466
G1 X108.605 Y95.164 E.05466
G1 X110.12 Y95.936 E.05466
G1 X111.545 Y96.862 E.05466
G1 X112.866 Y97.932 E.05466
G1 X114.068 Y99.134 E.05466
G1 X115.138 Y100.455 E.05466
G1 X115.928 Y101.671 E.04664
G1 X116.064 Y101.88 E.00802
G1 X116.835 Y103.395 E.05466
G1 X117.445 Y104.982 E.05466
G1 X117.885 Y106.624 E.05466
G1 X118.15 Y108.303 E.05466
G1 X118.239 Y110 E.05466
G1 X118.15 Y111.697 E.05466
G1 X117.885 Y113.376 E.05466
G1 X117.445 Y115.018 E.05466
G1 X116.835 Y116.605 E.05466
G1 X116.064 Y118.12 E.05466
G1 X115.138 Y119.545 E.05466
G1 X114.068 Y120.866 E.05466
G1 X112.866 Y122.068 E.05466
G1 X111.545 Y123.138 E.05466
G1 X110.12 Y124.064 E.05466
G1 X108.605 Y124.836 E.05466
G1 X107.018 Y125.445 E.05466
G1 X105.376 Y125.885 E.05466
G1 X103.697 Y126.15 E.05466
G1 X102.06 Y126.236 E.05273
G1 E-1.75 F6000
;WIPE_START
G1 X101.061 Y126.188 E-.75
;WIPE_END
G1 X101.102 Y125.415 Z3.64 F18000
G1 X101.663 Y125.444
G1 X101.979 Y125.461
G1 X102 Y125.06
G1 Z3.44
G1 E2.5 F6000
M204 P1000
;TYPE:Outer wall
;WIDTH:0.42
G1 F3600
G1 X103.574 Y124.978 E.04696
G1 X105.131 Y124.731 E.04696
G1 X106.654 Y124.323 E.04696
G1 X108.126 Y123.758 E.04696
G1 X109.53 Y123.043 E.04696
G1 X110.852 Y122.184 E.04696
G1 X112.077 Y121.192 E.04696
G1 X113.192 Y120.077 E.04696
G1 X114.184 Y118.852 E.04696
G1 X115.043 Y117.53 E.04696
G1 X115.758 Y116.126 E.04696
G1 X116.323 Y114.654 E.04696
G1 X116.731 Y113.131 E.04696
G1 X116.978 Y111.574 E.04696
G1 X117.06 Y110 E.04696
G1 X116.978 Y108.426 E.04696
G1 X116.731 Y106.869 E.04696
G1 X116.323 Y105.346 E.04696
G1 X115.758 Y103.874 E.04696
G1 X115.043 Y102.47 E.04696
G1 X114.184 Y101.148 E.04696
G1 X113.192 Y99.923 E.04696
G1 X112.077 Y98.808 E.04696
G1 X110.852 Y97.816 E.04696
G1 X109.53 Y96.957 E.04696
G1 X108.126 Y96.242 E.04696
G1 X106.654 Y95.677 E.04696
G1 X105.131 Y95.269 E.04696
G1 X103.574 Y95.022 E.04696
G1 X102 Y94.94 E.04696
G1 X101.726 Y94.954 E.00819
G1 X100.426 Y95.022 E.03877
G1 X98.869 Y95.269 E.04696
G1 X97.346 Y95.677 E.04696
G1 X95.874 Y96.242 E.04696
G1 X94.47 Y96.957 E.04695
G1 X93.148 Y97.816 E.04696
G1 X91.923 Y98.808 E.04696
G1 X90.808 Y99.923 E.04696
G1 X89.816 Y101.148 E.04696
G1 X88.957 Y102.47 E.04696
G1 X88.242 Y103.874 E.04696
G1 X87.677 Y105.346 E.04696
G1 X87.269 Y106.869 E.04696
G1 X87.022 Y108.426 E.04696
G1 X86.94 Y110 E.04696
G1 X87.022 Y111.574 E.04696
G1 X87.269 Y113.131 E.04696
G1 X87.677 Y114.654 E.04696
G1 X88.242 Y116.126 E.04696
G1 X88.957 Y117.53 E.04696
G1 X89.816 Y118.852 E.04696
G1 X90.808 Y120.077 E.04696
G1 X91.923 Y121.192 E.04696
G1 X93.148 Y122.184 E.04696
G1 X94.47 Y123.043 E.04696
G1 X95.874 Y123.758 E.04695
G1 X97.346 Y124.323 E.04696
G1 X98.869 Y124.731 E.04696
G1 X100.426 Y124.978 E.04696
G1 X101.94 Y125.057 E.04517
G1 X101.919 Y125.457 F18000
G1 X101.981 Y125.461
G1 X101.981 Y125.452
M204 P1500
;TYPE:Inner wall
;WIDTH:0.45
G1 F3730
G1 X102 Y125.453 E.00061
G1 X103.615 Y125.368 E.05201
G1 X105.213 Y125.115 E.05201
G1 X106.775 Y124.697 E.05201
G1 X108.285 Y124.117 E.05201
G1 X109.727 Y123.383 E.05201
G1 X111.083 Y122.502 E.05201
G1 X112.34 Y121.484 E.05201
G1 X113.484 Y120.34 E.05201
G1 X114.502 Y119.083 E.05201
G1 X115.383 Y117.727 E.05201
G1 X116.117 Y116.285 E.05201
G1 X116.697 Y114.775 E.05201
G1 X117.115 Y113.213 E.05201
G1 X117.368 Y111.615 E.05201
G1 X117.453 Y110 E.05201
G1 X117.368 Y108.385 E.05201
G1 X117.115 Y106.787 E.05201
G1 X116.697 Y105.225 E.05201
G1 X116.117 Y103.715 E.05201
G1 X115.383 Y102.273 E.05201
G1 X114.502 Y100.917 E.05201
G1 X113.484 Y99.66 E.05201
G1 X112.34 Y98.516 E.05201
G1 X111.083 Y97.498 E.05201
G1 X109.727 Y96.617 E.05201
G1 X108.285 Y95.883 E.05201
G1 X106.775 Y95.303 E.05201
G1 X105.213 Y94.885 E.05201
G1 X103.615 Y94.632 E.05201
G1 X102 Y94.547 E.05201
G1 X101.705 Y94.562 E.0095
G1 X100.385 Y94.632 E.04251
G1 X98.787 Y94.885 E.05201
G1 X97.225 Y95.303 E.05201
G1 X95.715 Y95.883 E.05201
G1 X94.273 Y96.617 E.05201
G1 X92.917 Y97.498 E.05201
G1 X91.66 Y98.516 E.05201
G1 X90.516 Y99.66 E.05201
G1 X89.498 Y100.917 E.05201
G1 X88.617 Y102.273 E.05201
G1 X87.883 Y103.715 E.05201
G1 X87.303 Y105.225 E.05201
G1 X86.885 Y106.787 E.05201
G1 X86.632 Y108.385 E.05201
G1 X86.547 Y110 E.05201
G1 X86.632 Y111.615 E.05201
G1 X86.885 Y113.213 E.05201
G1 X87.303 Y114.775 E.05201
G1 X87.883 Y116.285 E.05201
G1 X88.617 Y117.727 E.05201
G1 X89.498 Y119.083 E.05201
G1 X90.516 Y120.34 E.05201
G1 X91.66 Y121.484 E.05201
G1 X92.917 Y122.502 E.05201
G1 X94.273 Y123.383 E.05201
G1 X95.715 Y124.117 E.05201
G1 X97.225 Y124.697 E.05201
G1 X98.787 Y125.115 E.05201
G1 X100.385 Y125.368 E.05201
G1 X101.921 Y125.449 E.04947
G1 X101.961 Y125.859 F18000
G1 F3730
G1 X102 Y125.861 E.00125
G1 X103.658 Y125.774 E.05338
G1 X105.298 Y125.514 E.05339
G1 X106.901 Y125.084 E.05338
G1 X108.451 Y124.489 E.05338
G1 X109.93 Y123.736 E.05339
G1 X111.323 Y122.832 E.05339
G1 X112.613 Y121.787 E.05338
G1 X113.787 Y120.613 E.05339
G1 X114.832 Y119.323 E.05338
G1 X115.736 Y117.93 E.05339
G1 X116.489 Y116.451 E.05339
G1 X117.084 Y114.901 E.05338
G1 X117.514 Y113.298 E.05338
G1 X117.774 Y111.658 E.05339
G1 X117.861 Y110 E.05338
G1 X117.774 Y108.342 E.05338
G1 X117.514 Y106.702 E.05339
G1 X117.084 Y105.099 E.05338
G1 X116.489 Y103.549 E.05338
G1 X115.736 Y102.07 E.05339
G1 X114.832 Y100.677 E.05339
G1 X113.787 Y99.387 E.05338
G1 X112.613 Y98.213 E.05339
G1 X111.323 Y97.168 E.05338
G1 X109.93 Y96.264 E.05339
G1 X108.451 Y95.511 E.05339
G1 X106.901 Y94.916 E.05338
G1 X105.298 Y94.486 E.05338
G1 X103.658 Y94.226 E.05339
G1 X102 Y94.139 E.05338
G1 X101.684 Y94.156 E.01018
G1 X100.342 Y94.226 E.0432
G1 X98.702 Y94.486 E.05339
G1 X97.099 Y94.916 E.05339
G1 X95.549 Y95.511 E.05339
G1 X94.07 Y96.264 E.05338
G1 X92.677 Y97.168 E.05338
G1 X91.387 Y98.213 E.05339
G1 X90.213 Y99.387 E.05339
G1 X89.168 Y100.677 E.05338
G1 X88.264 Y102.07 E.05339
G1 X87.511 Y103.549 E.05339
G1 X86.916 Y105.099 E.05338
G1 X86.486 Y106.702 E.05338
G1 X86.226 Y108.342 E.05339
G1 X86.139 Y110 E.05338
G1 X86.226 Y111.658 E.05338
G1 X86.486 Y113.298 E.05339
G1 X86.916 Y114.901 E.05338
G1 X87.511 Y116.451 E.05338
G1 X88.264 Y117.93 E.05339
G1 X89.168 Y119.323 E.05339
G1 X90.213 Y120.613 E.05338
G1 X91.387 Y121.787 E.05339
G1 X92.677 Y122.832 E.05339
G1 X94.07 Y123.736 E.05338
G1 X95.549 Y124.489 E.05338
G1 X97.099 Y125.084 E.05339
G1 X98.702 Y125.514 E.05339
G1 X100.342 Y125.774 E.05339
G1 X101.901 Y125.856 E.05021
; stop printing object mid_plate.stl id:1992740639744 copy 0
;LAYER_CHANGE
;Z:3.64
;HEIGHT:0.2
G92 E0 ; zero the extruded length again
; BEFORE_LAYER_CHANGE 17 @ 3.64mm
G1 E-1.75 F6000
;WIPE_START
G1 X102 Y125.861 E-.07409
G1 X102.9 Y125.814 E-.67592
;WIPE_END
; AFTER_LAYER_CHANGE 17 @ 3.64mm
;_SET_FAN_SPEED_CHANGING_LAYER
; printing object mid_plate.stl id:1992740639744 copy 0
G17
G3 Z3.84 I-.608 J.032 P1  F18000
G1 X102.941 Y126.589 Z3.84
G1 X102.273 Y126.624
G1 X102 Y126.638
G1 X102 Y127.04
G1 Z3.64
G1 E2.5 F6000
M204 P1000
;TYPE:Outer wall
;WIDTH:0.42
G1 F3600
G1 X100.219 Y126.946 E.05313
G1 X98.457 Y126.667 E.05313
G1 X96.734 Y126.206 E.05312
G1 X95.069 Y125.567 E.05313
G1 X93.48 Y124.757 E.05313
G1 X91.984 Y123.785 E.05313
G1 X90.598 Y122.663 E.05313
G1 X89.337 Y121.402 E.05312
G1 X88.215 Y120.016 E.05313
G1 X87.243 Y118.52 E.05313
G1 X86.433 Y116.931 E.05313
G1 X85.794 Y115.266 E.05313
G1 X85.333 Y113.543 E.05313
G1 X85.054 Y111.781 E.05313
G1 X84.96 Y110 E.05313
G1 X85.054 Y108.219 E.05313
G1 X85.333 Y106.457 E.05313
G1 X85.794 Y104.734 E.05313
G1 X86.433 Y103.069 E.05313
G1 X87.243 Y101.48 E.05313
G1 X88.215 Y99.984 E.05313
G1 X89.337 Y98.598 E.05313
G1 X90.598 Y97.337 E.05312
G1 X91.984 Y96.215 E.05313
G1 X93.48 Y95.243 E.05313
G1 X95.069 Y94.433 E.05313
G1 X96.734 Y93.794 E.05313
G1 X98.457 Y93.333 E.05312
G1 X100.219 Y93.054 E.05313
G1 X102 Y92.96 E.05313
G1 X102.336 Y92.978 E.01003
G1 X103.781 Y93.054 E.0431
G1 X105.543 Y93.333 E.05313
G1 X107.266 Y93.794 E.05313
G1 X108.931 Y94.433 E.05313
G1 X110.52 Y95.243 E.05313
G1 X112.016 Y96.215 E.05313
G1 X113.402 Y97.337 E.05313
G1 X114.663 Y98.598 E.05313
G1 X115.785 Y99.984 E.05313
G1 X116.574 Y101.198 E.0431
G1 X116.757 Y101.48 E.01003
G1 X117.567 Y103.069 E.05313
G1 X118.206 Y104.734 E.05313
G1 X118.667 Y106.457 E.05313
G1 X118.946 Y108.219 E.05313
G1 X119.04 Y110 E.05313
G1 X118.946 Y111.781 E.05313
G1 X118.667 Y113.543 E.05313
G1 X118.206 Y115.266 E.05313
G1 X117.567 Y116.931 E.05313
G1 X116.757 Y118.52 E.05313
G1 X115.785 Y120.016 E.05313
G1 X114.663 Y121.402 E.05313
G1 X113.402 Y122.663 E.05313
G1 X112.016 Y123.785 E.05313
G1 X110.52 Y124.757 E.05313
G1 X108.931 Y125.567 E.05313
G1 X107.266 Y126.206 E.05313
G1 X105.543 Y126.667 E.05313
G1 X103.781 Y126.946 E.05313
G1 X102.06 Y127.037 E.05134
G1 X102.039 Y126.636 F18000
G1 X102 Y126.638
G1 X102 Y126.638
G1 X102 Y126.647
M204 P1500
;TYPE:Inner wall
;WIDTH:0.45
G1 F3730
G1 X100.26 Y126.556 E.05603
G1 X98.539 Y126.283 E.05603
G1 X96.856 Y125.832 E.05603
G1 X95.229 Y125.208 E.05603
G1 X93.676 Y124.417 E.05603
G1 X92.215 Y123.468 E.05603
G1 X90.861 Y122.371 E.05603
G1 X89.629 Y121.139 E.05603
G1 X88.532 Y119.785 E.05603
G1 X87.583 Y118.324 E.05603
G1 X86.792 Y116.771 E.05603
G1 X86.168 Y115.144 E.05603
G1 X85.717 Y113.461 E.05603
G1 X85.444 Y111.74 E.05603
G1 X85.353 Y110 E.05603
G1 X85.444 Y108.26 E.05603
G1 X85.717 Y106.539 E.05603
G1 X86.168 Y104.856 E.05603
G1 X86.792 Y103.229 E.05603
G1 X87.583 Y101.676 E.05603
G1 X88.532 Y100.215 E.05603
G1 X89.629 Y98.861 E.05603
G1 X90.861 Y97.629 E.05603
G1 X92.215 Y96.532 E.05603
G1 X93.676 Y95.583 E.05603
G1 X95.229 Y94.792 E.05603
G1 X96.856 Y94.168 E.05603
G1 X98.539 Y93.717 E.05603
G1 X100.26 Y93.444 E.05603
G1 X102 Y93.353 E.05603
G1 X102.316 Y93.369 E.01016
G1 X103.74 Y93.444 E.04587
G1 X105.461 Y93.717 E.05603
G1 X107.144 Y94.168 E.05603
G1 X108.771 Y94.792 E.05603
G1 X110.324 Y95.583 E.05603
G1 X111.785 Y96.532 E.05603
G1 X113.139 Y97.629 E.05603
G1 X114.371 Y98.861 E.05603
G1 X115.468 Y100.215 E.05603
G1 X116.245 Y101.411 E.04587
G1 X116.417 Y101.676 E.01016
G1 X117.208 Y103.229 E.05603
G1 X117.832 Y104.856 E.05603
G1 X118.283 Y106.539 E.05603
G1 X118.556 Y108.26 E.05603
G1 X118.647 Y110 E.05603
G1 X118.556 Y111.74 E.05603
G1 X118.283 Y113.461 E.05603
G1 X117.832 Y115.144 E.05603
G1 X117.208 Y116.771 E.05603
G1 X116.417 Y118.324 E.05603
G1 X115.468 Y119.785 E.05603
G1 X114.371 Y121.139 E.05603
G1 X113.139 Y122.371 E.05603
G1 X111.785 Y123.468 E.05603
G1 X110.324 Y124.417 E.05603
G1 X108.771 Y125.208 E.05603
G1 X107.144 Y125.832 E.05603
G1 X105.461 Y126.283 E.05603
G1 X103.74 Y126.556 E.05603
G1 X102.06 Y126.644 E.0541
G1 X102 Y126.239 F18000
G1 F3730
G1 X100.303 Y126.15 E.05466
G1 X98.624 Y125.885 E.05466
G1 X96.982 Y125.445 E.05466
G1 X95.395 Y124.836 E.05466
G1 X93.88 Y124.064 E.05466
G1 X92.455 Y123.138 E.05466
G1 X91.134 Y122.068 E.05466
G1 X89.932 Y120.866 E.05466
G1 X88.862 Y119.545 E.05466
G1 X87.936 Y118.12 E.05466
G1 X87.164 Y116.605 E.05466
G1 X86.555 Y115.018 E.05466
G1 X86.115 Y113.376 E.05466
G1 X85.85 Y111.697 E.05466
G1 X85.761 Y110 E.05466
G1 X85.85 Y108.303 E.05466
G1 X86.115 Y106.624 E.05466
G1 X86.555 Y104.982 E.05466
G1 X87.164 Y103.395 E.05466
G1 X87.936 Y101.88 E.05466
G1 X88.862 Y100.455 E.05466
G1 X89.932 Y99.134 E.05466
G1 X91.134 Y97.932 E.05466
G1 X92.455 Y96.862 E.05466
G1 X93.88 Y95.936 E.05466
G1 X95.395 Y95.164 E.05466
G1 X96.982 Y94.555 E.05466
G1 X98.624 Y94.115 E.05466
G1 X100.303 Y93.85 E.05466
G1 X102 Y93.761 E.05466
G1 X102.294 Y93.776 E.00948
G1 X103.697 Y93.85 E.04518
G1 X105.376 Y94.115 E.05466
G1 X107.018 Y94.555 E.05466
G1 X108.605 Y95.164 E.05466
G1 X110.12 Y95.936 E.05466
G1 X111.545 Y96.862 E.05466
G1 X112.866 Y97.932 E.05466
G1 X114.068 Y99.134 E.05466
G1 X115.138 Y100.455 E.05466
G1 X115.903 Y101.633 E.04518
G1 X116.064 Y101.88 E.00948
G1 X116.835 Y103.395 E.05466
G1 X117.445 Y104.982 E.05466
G1 X117.885 Y106.624 E.05466
G1 X118.15 Y108.303 E.05466
G1 X118.239 Y110 E.05466
G1 X118.15 Y111.697 E.05466
G1 X117.885 Y113.376 E.05466
G1 X117.445 Y115.018 E.05466
G1 X116.835 Y116.605 E.05466
G1 X116.064 Y118.12 E.05466
G1 X115.138 Y119.545 E.05466
G1 X114.068 Y120.866 E.05466
G1 X112.866 Y122.068 E.05466
G1 X111.545 Y123.138 E.05466
G1 X110.12 Y124.064 E.05466
G1 X108.605 Y124.836 E.05466
G1 X107.018 Y125.445 E.05466
G1 X105.376 Y125.885 E.05466
G1 X103.697 Y126.15 E.05466
G1 X102.06 Y126.236 E.05273
G1 E-1.75 F6000
;WIPE_START
G1 X101.061 Y126.188 E-.75
;WIPE_END
G1 X101.102 Y125.415 Z3.84 F18000
G1 X101.663 Y125.444
G1 X101.979 Y125.461
G1 X102 Y125.06
G1 Z3.64
G1 E2.5 F6000
M204 P1000
;TYPE:Outer wall
;WIDTH:0.42
G1 F3600
G1 X103.574 Y124.978 E.04696
G1 X105.131 Y124.731 E.04696
G1 X106.654 Y124.323 E.04696
G1 X108.126 Y123.758 E.04696
G1 X109.53 Y123.043 E.04696
G1 X110.852 Y122.184 E.04696
G1 X112.077 Y121.192 E.04696
G1 X113.192 Y120.077 E.04696
G1 X114.184 Y118.852 E.04696
G1 X115.043 Y117.53 E.04696
G1 X115.758 Y116.126 E.04696
G1 X116.323 Y114.654 E.04696
G1 X116.731 Y113.131 E.04696
G1 X116.978 Y111.574 E.04696
G1 X117.06 Y110 E.04696
G1 X116.978 Y108.426 E.04696
G1 X116.731 Y106.869 E.04696
G1 X116.323 Y105.346 E.04696
G1 X115.758 Y103.874 E.04696
G1 X115.043 Y102.47 E.04696
G1 X114.184 Y101.148 E.04696
G1 X113.192 Y99.923 E.04696
G1 X112.077 Y98.808 E.04696
G1 X110.852 Y97.816 E.04696
G1 X109.53 Y96.957 E.04696
G1 X108.126 Y96.242 E.04696
G1 X106.654 Y95.677 E.04696
G1 X105.131 Y95.269 E.04696
G1 X103.574 Y95.022 E.04696
G1 X102 Y94.94 E.04696
G1 X101.687 Y94.956 E.00934
G1 X100.426 Y95.022 E.03762
G1 X98.869 Y95.269 E.04696
G1 X97.346 Y95.677 E.04696
G1 X95.874 Y96.242 E.04696
G1 X94.47 Y96.957 E.04695
G1 X93.148 Y97.816 E.04696
G1 X91.923 Y98.808 E.04696
G1 X90.808 Y99.923 E.04696
G1 X89.816 Y101.148 E.04696
G1 X88.957 Y102.47 E.04696
G1 X88.242 Y103.874 E.04696
G1 X87.677 Y105.346 E.04696
G1 X87.269 Y106.869 E.04696
G1 X87.022 Y108.426 E.04696
G1 X86.94 Y110 E.04696
G1 X87.022 Y111.574 E.04696
G1 X87.269 Y113.131 E.04696
G1 X87.677 Y114.654 E.04696
G1 X88.242 Y116.126 E.04696
G1 X88.957 Y117.53 E.04696
G1 X89.816 Y118.852 E.04696
G1 X90.808 Y120.077 E.04696
G1 X91.923 Y121.192 E.04696
G1 X93.148 Y122.184 E.04696
G1 X94.47 Y123.043 E.04696
G1 X95.874 Y123.758 E.04695
G1 X97.346 Y124.323 E.04696
G1 X98.869 Y124.731 E.04696
G1 X100.426 Y124.978 E.04696
G1 X101.94 Y125.057 E.04517
G1 X101.919 Y125.457 F18000
G1 X101.981 Y125.461
G1 X101.981 Y125.452
M204 P1500
;TYPE:Inner wall
;WIDTH:0.45
G1 F3730
G1 X102 Y125.453 E.00061
G1 X103.615 Y125.368 E.05201
G1 X105.213 Y125.115 E.05201
G1 X106.775 Y124.697 E.05201
G1 X108.285 Y124.117 E.05201
G1 X109.727 Y123.383 E.05201
G1 X111.083 Y122.502 E.05201
G1 X112.34 Y121.484 E.05201
G1 X113.484 Y120.34 E.05201
G1 X114.502 Y119.083 E.05201
G1 X115.383 Y117.727 E.05201
G1 X116.117 Y116.285 E.05201
G1 X116.697 Y114.775 E.05201
G1 X117.115 Y113.213 E.05201
G1 X117.368 Y111.615 E.05201
G1 X117.453 Y110 E.05201
G1 X117.368 Y108.385 E.05201
G1 X117.115 Y106.787 E.05201
G1 X116.697 Y105.225 E.05201
G1 X116.117 Y103.715 E.05201
G1 X115.383 Y102.273 E.05201
G1 X114.502 Y100.917 E.05201
G1 X113.484 Y99.66 E.05201
G1 X112.34 Y98.516 E.05201
G1 X111.083 Y97.498 E.05201
G1 X109.727 Y96.617 E.05201
G1 X108.285 Y95.883 E.05201
G1 X106.775 Y95.303 E.05201
G1 X105.213 Y94.885 E.05201
G1 X103.615 Y94.632 E.05201
G1 X102 Y94.547 E.05201
G1 X101.666 Y94.564 E.01074
G1 X100.385 Y94.632 E.04127
G1 X98.787 Y94.885 E.05201
G1 X97.225 Y95.303 E.05201
G1 X95.715 Y95.883 E.05201
G1 X94.273 Y96.617 E.05201
G1 X92.917 Y97.498 E.05201
G1 X91.66 Y98.516 E.05201
G1 X90.516 Y99.66 E.05201
G1 X89.498 Y100.917 E.05201
G1 X88.617 Y102.273 E.05201
G1 X87.883 Y103.715 E.05201
G1 X87.303 Y105.225 E.05201
G1 X86.885 Y106.787 E.05201
G1 X86.632 Y108.385 E.05201
G1 X86.547 Y110 E.05201
G1 X86.632 Y111.615 E.05201
G1 X86.885 Y113.213 E.05201
G1 X87.303 Y114.775 E.05201
G1 X87.883 Y116.285 E.05201
G1 X88.617 Y117.727 E.05201
G1 X89.498 Y119.083 E.05201
G1 X90.516 Y120.34 E.05201
G1 X91.66 Y121.484 E.05201
G1 X92.917 Y122.502 E.05201
G1 X94.273 Y123.383 E.05201
G1 X95.715 Y124.117 E.05201
G1 X97.225 Y124.697 E.05201
G1 X98.787 Y125.115 E.05201
G1 X100.385 Y125.368 E.05201
G1 X101.921 Y125.449 E.04947
G1 X101.961 Y125.859 F18000
G1 F3730
G1 X102 Y125.861 E.00125
G1 X103.658 Y125.774 E.05338
G1 X105.298 Y125.514 E.05339
G1 X106.901 Y125.084 E.05338
G1 X108.451 Y124.489 E.05338
G1 X109.93 Y123.736 E.05339
G1 X111.323 Y122.832 E.05339
G1 X112.613 Y121.787 E.05338
G1 X113.787 Y120.613 E.05339
G1 X114.832 Y119.323 E.05338
G1 X115.736 Y117.93 E.05339
G1 X116.489 Y116.451 E.05339
G1 X117.084 Y114.901 E.05338
G1 X117.514 Y113.298 E.05338
G1 X117.774 Y111.658 E.05339
G1 X117.861 Y110 E.05338
G1 X117.774 Y108.342 E.05338
G1 X117.514 Y106.702 E.05339
G1 X117.084 Y105.099 E.05338
G1 X116.489 Y103.549 E.05338
G1 X115.736 Y102.07 E.05339
G1 X114.832 Y100.677 E.05339
G1 X113.787 Y99.387 E.05338
G1 X112.613 Y98.213 E.05339
G1 X111.323 Y97.168 E.05338
G1 X109.93 Y96.264 E.05339
G1 X108.451 Y95.511 E.05339
G1 X106.901 Y94.916 E.05338
G1 X105.298 Y94.486 E.05338
G1 X103.658 Y94.226 E.05339
G1 X102 Y94.139 E.05338
G1 X101.645 Y94.158 E.01143
G1 X100.342 Y94.226 E.04196
G1 X98.702 Y94.486 E.05339
G1 X97.099 Y94.916 E.05339
G1 X95.549 Y95.511 E.05339
G1 X94.07 Y96.264 E.05338
G1 X92.677 Y97.168 E.05338
G1 X91.387 Y98.213 E.05339
G1 X90.213 Y99.387 E.05339
G1 X89.168 Y100.677 E.05338
G1 X88.264 Y102.07 E.05339
G1 X87.511 Y103.549 E.05339
G1 X86.916 Y105.099 E.05338
G1 X86.486 Y106.702 E.05338
G1 X86.226 Y108.342 E.05339
G1 X86.139 Y110 E.05338
G1 X86.226 Y111.658 E.05338
G1 X86.486 Y113.298 E.05339
G1 X86.916 Y114.901 E.05338
G1 X87.511 Y116.451 E.05338
G1 X88.264 Y117.93 E.05339
G1 X89.168 Y119.323 E.05339
G1 X90.213 Y120.613 E.05338
G1 X91.387 Y121.787 E.05339
G1 X92.677 Y122.832 E.05339
G1 X94.07 Y123.736 E.05338
G1 X95.549 Y124.489 E.05338
G1 X97.099 Y125.084 E.05339
G1 X98.702 Y125.514 E.05339
G1 X100.342 Y125.774 E.05339
G1 X101.901 Y125.856 E.05021
; stop printing object mid_plate.stl id:1992740639744 copy 0
;LAYER_CHANGE
;Z:3.84
;HEIGHT:0.2
G92 E0 ; zero the extruded length again
; BEFORE_LAYER_CHANGE 18 @ 3.84mm
G1 E-1.75 F6000
;WIPE_START
G1 X102 Y125.861 E-.07409
G1 X102.9 Y125.814 E-.67592
;WIPE_END
; AFTER_LAYER_CHANGE 18 @ 3.84mm
;_SET_FAN_SPEED_CHANGING_LAYER
; printing object mid_plate.stl id:1992740639744 copy 0
G17
G3 Z4.04 I-.608 J.032 P1  F18000
G1 X102.941 Y126.589 Z4.04
G1 X102.273 Y126.624
G1 X102 Y126.638
G1 X102 Y127.04
G1 Z3.84
G1 E2.5 F6000
M204 P1000
;TYPE:Outer wall
;WIDTH:0.42
G1 F3600
G1 X100.219 Y126.946 E.05313
G1 X98.457 Y126.667 E.05313
G1 X96.734 Y126.206 E.05312
G1 X95.069 Y125.567 E.05313
G1 X93.48 Y124.757 E.05313
G1 X91.984 Y123.785 E.05313
G1 X90.598 Y122.663 E.05313
G1 X89.337 Y121.402 E.05312
G1 X88.215 Y120.016 E.05313
G1 X87.243 Y118.52 E.05313
G1 X86.433 Y116.931 E.05313
G1 X85.794 Y115.266 E.05313
G1 X85.333 Y113.543 E.05313
G1 X85.054 Y111.781 E.05313
G1 X84.96 Y110 E.05313
G1 X85.054 Y108.219 E.05313
G1 X85.333 Y106.457 E.05313
G1 X85.794 Y104.734 E.05313
G1 X86.433 Y103.069 E.05313
G1 X87.243 Y101.48 E.05313
G1 X88.215 Y99.984 E.05313
G1 X89.337 Y98.598 E.05313
G1 X90.598 Y97.337 E.05312
G1 X91.984 Y96.215 E.05313
G1 X93.48 Y95.243 E.05313
G1 X95.069 Y94.433 E.05313
G1 X96.734 Y93.794 E.05313
G1 X98.457 Y93.333 E.05312
G1 X100.219 Y93.054 E.05313
G1 X102 Y92.96 E.05313
G1 X102.381 Y92.98 E.01137
G1 X103.781 Y93.054 E.04176
G1 X105.543 Y93.333 E.05313
G1 X107.266 Y93.794 E.05313
G1 X108.931 Y94.433 E.05313
G1 X110.52 Y95.243 E.05313
G1 X112.016 Y96.215 E.05313
G1 X113.402 Y97.337 E.05313
G1 X114.663 Y98.598 E.05313
G1 X115.785 Y99.984 E.05313
G1 X116.757 Y101.48 E.05313
G1 X117.567 Y103.069 E.05313
G1 X118.206 Y104.734 E.05313
G1 X118.667 Y106.457 E.05313
G1 X118.946 Y108.219 E.05313
G1 X119.04 Y110 E.05313
G1 X118.946 Y111.781 E.05313
G1 X118.667 Y113.543 E.05313
G1 X118.206 Y115.266 E.05313
G1 X117.567 Y116.931 E.05313
G1 X116.757 Y118.52 E.05313
G1 X115.785 Y120.016 E.05313
G1 X114.663 Y121.402 E.05313
G1 X113.402 Y122.663 E.05313
G1 X112.016 Y123.785 E.05313
G1 X110.52 Y124.757 E.05313
G1 X108.931 Y125.567 E.05313
G1 X107.266 Y126.206 E.05313
G1 X105.543 Y126.667 E.05313
G1 X103.781 Y126.946 E.05313
G1 X102.06 Y127.037 E.05134
G1 X102.039 Y126.636 F18000
G1 X102 Y126.638
G1 X102 Y126.638
G1 X102 Y126.647
M204 P1500
;TYPE:Inner wall
;WIDTH:0.45
G1 F3730
G1 X100.26 Y126.556 E.05603
G1 X98.539 Y126.283 E.05603
G1 X96.856 Y125.832 E.05603
G1 X95.229 Y125.208 E.05603
G1 X93.676 Y124.417 E.05603
G1 X92.215 Y123.468 E.05603
G1 X90.861 Y122.371 E.05603
G1 X89.629 Y121.139 E.05603
G1 X88.532 Y119.785 E.05603
G1 X87.583 Y118.324 E.05603
G1 X86.792 Y116.771 E.05603
G1 X86.168 Y115.144 E.05603
G1 X85.717 Y113.461 E.05603
G1 X85.444 Y111.74 E.05603
G1 X85.353 Y110 E.05603
G1 X85.444 Y108.26 E.05603
G1 X85.717 Y106.539 E.05603
G1 X86.168 Y104.856 E.05603
G1 X86.792 Y103.229 E.05603
G1 X87.583 Y101.676 E.05603
G1 X88.532 Y100.215 E.05603
G1 X89.629 Y98.861 E.05603
G1 X90.861 Y97.629 E.05603
G1 X92.215 Y96.532 E.05603
G1 X93.676 Y95.583 E.05603
G1 X95.229 Y94.792 E.05603
G1 X96.856 Y94.168 E.05603
G1 X98.539 Y93.717 E.05603
G1 X100.26 Y93.444 E.05603
G1 X102 Y93.353 E.05603
G1 X102.361 Y93.372 E.01161
G1 X103.74 Y93.444 E.04442
G1 X105.461 Y93.717 E.05603
G1 X107.144 Y94.168 E.05603
G1 X108.771 Y94.792 E.05603
G1 X110.324 Y95.583 E.05603
G1 X111.785 Y96.532 E.05603
G1 X113.139 Y97.629 E.05603
G1 X114.371 Y98.861 E.05603
G1 X115.468 Y100.215 E.05603
G1 X116.417 Y101.676 E.05603
G1 X117.208 Y103.229 E.05603
G1 X117.832 Y104.856 E.05603
G1 X118.283 Y106.539 E.05603
G1 X118.556 Y108.26 E.05603
G1 X118.647 Y110 E.05603
G1 X118.556 Y111.74 E.05603
G1 X118.283 Y113.461 E.05603
G1 X117.832 Y115.144 E.05603
G1 X117.208 Y116.771 E.05603
G1 X116.417 Y118.324 E.05603
G1 X115.468 Y119.785 E.05603
G1 X114.371 Y121.139 E.05603
G1 X113.139 Y122.371 E.05603
G1 X111.785 Y123.468 E.05603
G1 X110.324 Y124.417 E.05603
G1 X108.771 Y125.208 E.05603
G1 X107.144 Y125.832 E.05603
G1 X105.461 Y126.283 E.05603
G1 X103.74 Y126.556 E.05603
G1 X102.06 Y126.644 E.0541
G1 X102 Y126.239 F18000
G1 F3730
G1 X100.303 Y126.15 E.05466
G1 X98.624 Y125.885 E.05466
G1 X96.982 Y125.445 E.05466
G1 X95.395 Y124.836 E.05466
G1 X93.88 Y124.064 E.05466
G1 X92.455 Y123.138 E.05466
G1 X91.134 Y122.068 E.05466
G1 X89.932 Y120.866 E.05466
G1 X88.862 Y119.545 E.05466
G1 X87.936 Y118.12 E.05466
G1 X87.164 Y116.605 E.05466
G1 X86.555 Y115.018 E.05466
G1 X86.115 Y113.376 E.05466
G1 X85.85 Y111.697 E.05466
G1 X85.761 Y110 E.05466
G1 X85.85 Y108.303 E.05466
G1 X86.115 Y106.624 E.05466
G1 X86.555 Y104.982 E.05466
G1 X87.164 Y103.395 E.05466
G1 X87.936 Y101.88 E.05466
G1 X88.862 Y100.455 E.05466
G1 X89.932 Y99.134 E.05466
G1 X91.134 Y97.932 E.05466
G1 X92.455 Y96.862 E.05466
G1 X93.88 Y95.936 E.05466
G1 X95.395 Y95.164 E.05466
G1 X96.982 Y94.555 E.05466
G1 X98.624 Y94.115 E.05466
G1 X100.303 Y93.85 E.05466
G1 X102 Y93.761 E.05466
G1 X102.339 Y93.778 E.01093
G1 X103.697 Y93.85 E.04373
G1 X105.376 Y94.115 E.05466
G1 X107.018 Y94.555 E.05466
G1 X108.605 Y95.164 E.05466
G1 X110.12 Y95.936 E.05466
G1 X111.545 Y96.862 E.05466
G1 X112.866 Y97.932 E.05466
G1 X114.068 Y99.134 E.05466
G1 X115.138 Y100.455 E.05466
G1 X116.064 Y101.88 E.05466
G1 X116.835 Y103.395 E.05466
G1 X117.445 Y104.982 E.05466
G1 X117.885 Y106.624 E.05466
G1 X118.15 Y108.303 E.05466
G1 X118.239 Y110 E.05466
G1 X118.15 Y111.697 E.05466
G1 X117.885 Y113.376 E.05466
G1 X117.445 Y115.018 E.05466
G1 X116.835 Y116.605 E.05466
G1 X116.064 Y118.12 E.05466
G1 X115.138 Y119.545 E.05466
G1 X114.068 Y120.866 E.05466
G1 X112.866 Y122.068 E.05466
G1 X111.545 Y123.138 E.05466
G1 X110.12 Y124.064 E.05466
G1 X108.605 Y124.836 E.05466
G1 X107.018 Y125.445 E.05466
G1 X105.376 Y125.885 E.05466
G1 X103.697 Y126.15 E.05466
G1 X102.06 Y126.236 E.05273
G1 E-1.75 F6000
;WIPE_START
G1 X101.061 Y126.188 E-.75
;WIPE_END
G1 X101.102 Y125.415 Z4.04 F18000
G1 X101.663 Y125.444
G1 X101.979 Y125.461
G1 X102 Y125.06
G1 Z3.84
G1 E2.5 F6000
M204 P1000
;TYPE:Outer wall
;WIDTH:0.42
G1 F3600
G1 X103.574 Y124.978 E.04696
G1 X105.131 Y124.731 E.04696
G1 X106.654 Y124.323 E.04696
G1 X108.126 Y123.758 E.04696
G1 X109.53 Y123.043 E.04696
G1 X110.852 Y122.184 E.04696
G1 X112.077 Y121.192 E.04696
G1 X113.192 Y120.077 E.04696
G1 X114.184 Y118.852 E.04696
G1 X115.043 Y117.53 E.04696
G1 X115.758 Y116.126 E.04696
G1 X116.323 Y114.654 E.04696
G1 X116.731 Y113.131 E.04696
G1 X116.978 Y111.574 E.04696
G1 X117.06 Y110 E.04696
G1 X116.978 Y108.426 E.04696
G1 X116.731 Y106.869 E.04696
G1 X116.323 Y105.346 E.04696
G1 X115.758 Y103.874 E.04696
G1 X115.043 Y102.47 E.04696
G1 X114.184 Y101.148 E.04696
G1 X113.192 Y99.923 E.04696
G1 X112.077 Y98.808 E.04696
G1 X110.852 Y97.816 E.04696
G1 X109.53 Y96.957 E.04696
G1 X108.126 Y96.242 E.04696
G1 X106.654 Y95.677 E.04696
G1 X105.131 Y95.269 E.04696
G1 X103.574 Y95.022 E.04696
G1 X102 Y94.94 E.04696
G1 X101.648 Y94.958 E.01049
G1 X100.426 Y95.022 E.03647
G1 X98.869 Y95.269 E.04696
G1 X97.346 Y95.677 E.04696
G1 X95.874 Y96.242 E.04696
G1 X94.47 Y96.957 E.04695
G1 X93.148 Y97.816 E.04696
G1 X91.923 Y98.808 E.04696
G1 X90.808 Y99.923 E.04696
G1 X89.816 Y101.148 E.04696
G1 X88.957 Y102.47 E.04696
G1 X88.242 Y103.874 E.04696
G1 X87.677 Y105.346 E.04696
G1 X87.269 Y106.869 E.04696
G1 X87.022 Y108.426 E.04696
G1 X86.94 Y110 E.04696
G1 X87.022 Y111.574 E.04696
G1 X87.269 Y113.131 E.04696
G1 X87.677 Y114.654 E.04696
G1 X88.242 Y116.126 E.04696
G1 X88.957 Y117.53 E.04696
G1 X89.816 Y118.852 E.04696
G1 X90.808 Y120.077 E.04696
G1 X91.923 Y121.192 E.04696
G1 X93.148 Y122.184 E.04696
G1 X94.47 Y123.043 E.04696
G1 X95.874 Y123.758 E.04695
G1 X97.346 Y124.323 E.04696
G1 X98.869 Y124.731 E.04696
G1 X100.426 Y124.978 E.04696
G1 X101.94 Y125.057 E.04517
G1 X101.919 Y125.457 F18000
G1 X101.981 Y125.461
G1 X101.981 Y125.452
M204 P1500
;TYPE:Inner wall
;WIDTH:0.45
G1 F3730
G1 X102 Y125.453 E.00061
G1 X103.615 Y125.368 E.05201
G1 X105.213 Y125.115 E.05201
G1 X106.775 Y124.697 E.05201
G1 X108.285 Y124.117 E.05201
G1 X109.727 Y123.383 E.05201
G1 X111.083 Y122.502 E.05201
G1 X112.34 Y121.484 E.05201
G1 X113.484 Y120.34 E.05201
G1 X114.502 Y119.083 E.05201
G1 X115.383 Y117.727 E.05201
G1 X116.117 Y116.285 E.05201
G1 X116.697 Y114.775 E.05201
G1 X117.115 Y113.213 E.05201
G1 X117.368 Y111.615 E.05201
G1 X117.453 Y110 E.05201
G1 X117.368 Y108.385 E.05201
G1 X117.115 Y106.787 E.05201
G1 X116.697 Y105.225 E.05201
G1 X116.117 Y103.715 E.05201
G1 X115.383 Y102.273 E.05201
G1 X114.502 Y100.917 E.05201
G1 X113.484 Y99.66 E.05201
G1 X112.34 Y98.516 E.05201
G1 X111.083 Y97.498 E.05201
G1 X109.727 Y96.617 E.05201
G1 X108.285 Y95.883 E.05201
G1 X106.775 Y95.303 E.05201
G1 X105.213 Y94.885 E.05201
G1 X103.615 Y94.632 E.05201
G1 X102 Y94.547 E.05201
G1 X101.628 Y94.566 E.01198
G1 X100.385 Y94.632 E.04003
G1 X98.787 Y94.885 E.05201
G1 X97.225 Y95.303 E.05201
G1 X95.715 Y95.883 E.05201
G1 X94.273 Y96.617 E.05201
G1 X92.917 Y97.498 E.05201
G1 X91.66 Y98.516 E.05201
G1 X90.516 Y99.66 E.05201
G1 X89.498 Y100.917 E.05201
G1 X88.617 Y102.273 E.05201
G1 X87.883 Y103.715 E.05201
G1 X87.303 Y105.225 E.05201
G1 X86.885 Y106.787 E.05201
G1 X86.632 Y108.385 E.05201
G1 X86.547 Y110 E.05201
G1 X86.632 Y111.615 E.05201
G1 X86.885 Y113.213 E.05201
G1 X87.303 Y114.775 E.05201
G1 X87.883 Y116.285 E.05201
G1 X88.617 Y117.727 E.05201
G1 X89.498 Y119.083 E.05201
G1 X90.516 Y120.34 E.05201
G1 X91.66 Y121.484 E.05201
G1 X92.917 Y122.502 E.05201
G1 X94.273 Y123.383 E.05201
G1 X95.715 Y124.117 E.05201
G1 X97.225 Y124.697 E.05201
G1 X98.787 Y125.115 E.05201
G1 X100.385 Y125.368 E.05201
G1 X101.921 Y125.449 E.04947
G1 X101.961 Y125.859 F18000
G1 F3730
G1 X102 Y125.861 E.00125
G1 X103.658 Y125.774 E.05338
G1 X105.298 Y125.514 E.05339
G1 X106.901 Y125.084 E.05338
G1 X108.451 Y124.489 E.05338
G1 X109.93 Y123.736 E.05339
G1 X111.323 Y122.832 E.05339
G1 X112.613 Y121.787 E.05338
G1 X113.787 Y120.613 E.05339
G1 X114.832 Y119.323 E.05338
G1 X115.736 Y117.93 E.05339
G1 X116.489 Y116.451 E.05339
G1 X117.084 Y114.901 E.05338
G1 X117.514 Y113.298 E.05338
G1 X117.774 Y111.658 E.05339
G1 X117.861 Y110 E.05338
G1 X117.774 Y108.342 E.05338
G1 X117.514 Y106.702 E.05339
G1 X117.084 Y105.099 E.05338
G1 X116.489 Y103.549 E.05338
G1 X115.736 Y102.07 E.05339
G1 X114.832 Y100.677 E.05339
G1 X113.787 Y99.387 E.05338
G1 X112.613 Y98.213 E.05339
G1 X111.323 Y97.168 E.05338
G1 X109.93 Y96.264 E.05339
G1 X108.451 Y95.511 E.05339
G1 X106.901 Y94.916 E.05338
G1 X105.298 Y94.486 E.05338
G1 X103.658 Y94.226 E.05339
G1 X102 Y94.139 E.05338
G1 X101.607 Y94.16 E.01267
G1 X100.342 Y94.226 E.04072
G1 X98.702 Y94.486 E.05339
G1 X97.099 Y94.916 E.05339
G1 X95.549 Y95.511 E.05339
G1 X94.07 Y96.264 E.05338
G1 X92.677 Y97.168 E.05338
G1 X91.387 Y98.213 E.05339
G1 X90.213 Y99.387 E.05339
G1 X89.168 Y100.677 E.05338
G1 X88.264 Y102.07 E.05339
G1 X87.511 Y103.549 E.05339
G1 X86.916 Y105.099 E.05338
G1 X86.486 Y106.702 E.05338
G1 X86.226 Y108.342 E.05339
G1 X86.139 Y110 E.05338
G1 X86.226 Y111.658 E.05338
G1 X86.486 Y113.298 E.05339
G1 X86.916 Y114.901 E.05338
G1 X87.511 Y116.451 E.05338
G1 X88.264 Y117.93 E.05339
G1 X89.168 Y119.323 E.05339
G1 X90.213 Y120.613 E.05338
G1 X91.387 Y121.787 E.05339
G1 X92.677 Y122.832 E.05339
G1 X94.07 Y123.736 E.05338
G1 X95.549 Y124.489 E.05338
G1 X97.099 Y125.084 E.05339
G1 X98.702 Y125.514 E.05339
G1 X100.342 Y125.774 E.05339
G1 X101.901 Y125.856 E.05021
; stop printing object mid_plate.stl id:1992740639744 copy 0
;LAYER_CHANGE
;Z:4.04
;HEIGHT:0.2
G92 E0 ; zero the extruded length again
; BEFORE_LAYER_CHANGE 19 @ 4.04mm
G1 E-1.75 F6000
;WIPE_START
G1 X102 Y125.861 E-.07409
G1 X102.9 Y125.814 E-.67592
;WIPE_END
; AFTER_LAYER_CHANGE 19 @ 4.04mm
;_SET_FAN_SPEED_CHANGING_LAYER
; printing object mid_plate.stl id:1992740639744 copy 0
G17
G3 Z4.24 I-.608 J.032 P1  F18000
G1 X102.941 Y126.589 Z4.24
G1 X102.273 Y126.624
G1 X102 Y126.638
G1 X102 Y127.04
G1 Z4.04
G1 E2.5 F6000
M204 P1000
;TYPE:Outer wall
;WIDTH:0.42
G1 F3600
G1 X100.219 Y126.946 E.05313
G1 X98.457 Y126.667 E.05313
G1 X96.734 Y126.206 E.05312
G1 X95.069 Y125.567 E.05313
G1 X93.48 Y124.757 E.05313
G1 X91.984 Y123.785 E.05313
G1 X90.598 Y122.663 E.05313
G1 X89.337 Y121.402 E.05312
G1 X88.215 Y120.016 E.05313
G1 X87.243 Y118.52 E.05313
G1 X86.433 Y116.931 E.05313
G1 X85.794 Y115.266 E.05313
G1 X85.333 Y113.543 E.05313
G1 X85.054 Y111.781 E.05313
G1 X84.96 Y110 E.05313
G1 X85.054 Y108.219 E.05313
G1 X85.333 Y106.457 E.05313
G1 X85.794 Y104.734 E.05313
G1 X86.433 Y103.069 E.05313
G1 X87.243 Y101.48 E.05313
G1 X88.215 Y99.984 E.05313
G1 X89.337 Y98.598 E.05313
G1 X90.598 Y97.337 E.05312
G1 X91.984 Y96.215 E.05313
G1 X93.48 Y95.243 E.05313
G1 X95.069 Y94.433 E.05313
G1 X96.734 Y93.794 E.05313
G1 X98.457 Y93.333 E.05312
G1 X100.219 Y93.054 E.05313
G1 X102 Y92.96 E.05313
G1 X102.426 Y92.983 E.01271
G1 X103.781 Y93.054 E.04041
G1 X105.543 Y93.333 E.05313
G1 X107.266 Y93.794 E.05313
G1 X108.931 Y94.433 E.05313
G1 X110.52 Y95.243 E.05313
G1 X112.016 Y96.215 E.05313
G1 X113.402 Y97.337 E.05313
G1 X114.663 Y98.598 E.05313
G1 X115.785 Y99.984 E.05313
G1 X116.757 Y101.48 E.05313
G1 X117.567 Y103.069 E.05313
G1 X118.206 Y104.734 E.05313
G1 X118.667 Y106.457 E.05313
G1 X118.946 Y108.219 E.05313
G1 X119.04 Y110 E.05313
G1 X118.946 Y111.781 E.05313
G1 X118.667 Y113.543 E.05313
G1 X118.206 Y115.266 E.05313
G1 X117.567 Y116.931 E.05313
G1 X116.757 Y118.52 E.05313
G1 X115.785 Y120.016 E.05313
G1 X114.663 Y121.402 E.05313
G1 X113.402 Y122.663 E.05313
G1 X112.016 Y123.785 E.05313
G1 X110.52 Y124.757 E.05313
G1 X108.931 Y125.567 E.05313
G1 X107.266 Y126.206 E.05313
G1 X105.543 Y126.667 E.05313
G1 X103.781 Y126.946 E.05313
G1 X102.06 Y127.037 E.05134
G1 X102.039 Y126.636 F18000
G1 X102 Y126.638
G1 X102 Y126.638
G1 X102 Y126.647
M204 P1500
;TYPE:Inner wall
;WIDTH:0.45
G1 F3730
G1 X100.26 Y126.556 E.05603
G1 X98.539 Y126.283 E.05603
G1 X96.856 Y125.832 E.05603
G1 X95.229 Y125.208 E.05603
G1 X93.676 Y124.417 E.05603
G1 X92.215 Y123.468 E.05603
G1 X90.861 Y122.371 E.05603
G1 X89.629 Y121.139 E.05603
G1 X88.532 Y119.785 E.05603
G1 X87.583 Y118.324 E.05603
G1 X86.792 Y116.771 E.05603
G1 X86.168 Y115.144 E.05603
G1 X85.717 Y113.461 E.05603
G1 X85.444 Y111.74 E.05603
G1 X85.353 Y110 E.05603
G1 X85.444 Y108.26 E.05603
G1 X85.717 Y106.539 E.05603
G1 X86.168 Y104.856 E.05603
G1 X86.792 Y103.229 E.05603
G1 X87.583 Y101.676 E.05603
G1 X88.532 Y100.215 E.05603
G1 X89.629 Y98.861 E.05603
G1 X90.861 Y97.629 E.05603
G1 X92.215 Y96.532 E.05603
G1 X93.676 Y95.583 E.05603
G1 X95.229 Y94.792 E.05603
G1 X96.856 Y94.168 E.05603
G1 X98.539 Y93.717 E.05603
G1 X100.26 Y93.444 E.05603
G1 X102 Y93.353 E.05603
G1 X102.406 Y93.374 E.01307
G1 X103.74 Y93.444 E.04297
G1 X105.461 Y93.717 E.05603
G1 X107.144 Y94.168 E.05603
G1 X108.771 Y94.792 E.05603
G1 X110.324 Y95.583 E.05603
G1 X111.785 Y96.532 E.05603
G1 X113.139 Y97.629 E.05603
G1 X114.371 Y98.861 E.05603
G1 X115.468 Y100.215 E.05603
G1 X116.417 Y101.676 E.05603
G1 X117.208 Y103.229 E.05603
G1 X117.832 Y104.856 E.05603
G1 X118.283 Y106.539 E.05603
G1 X118.556 Y108.26 E.05603
G1 X118.647 Y110 E.05603
G1 X118.556 Y111.74 E.05603
G1 X118.283 Y113.461 E.05603
G1 X117.832 Y115.144 E.05603
G1 X117.208 Y116.771 E.05603
G1 X116.417 Y118.324 E.05603
G1 X115.468 Y119.785 E.05603
G1 X114.371 Y121.139 E.05603
G1 X113.139 Y122.371 E.05603
G1 X111.785 Y123.468 E.05603
G1 X110.324 Y124.417 E.05603
G1 X108.771 Y125.208 E.05603
G1 X107.144 Y125.832 E.05603
G1 X105.461 Y126.283 E.05603
G1 X103.74 Y126.556 E.05603
G1 X102.06 Y126.644 E.0541
G1 X102 Y126.239 F18000
G1 F3730
G1 X100.303 Y126.15 E.05466
G1 X98.624 Y125.885 E.05466
G1 X96.982 Y125.445 E.05466
G1 X95.395 Y124.836 E.05466
G1 X93.88 Y124.064 E.05466
G1 X92.455 Y123.138 E.05466
G1 X91.134 Y122.068 E.05466
G1 X89.932 Y120.866 E.05466
G1 X88.862 Y119.545 E.05466
G1 X87.936 Y118.12 E.05466
G1 X87.164 Y116.605 E.05466
G1 X86.555 Y115.018 E.05466
G1 X86.115 Y113.376 E.05466
G1 X85.85 Y111.697 E.05466
G1 X85.761 Y110 E.05466
G1 X85.85 Y108.303 E.05466
G1 X86.115 Y106.624 E.05466
G1 X86.555 Y104.982 E.05466
G1 X87.164 Y103.395 E.05466
G1 X87.936 Y101.88 E.05466
G1 X88.862 Y100.455 E.05466
G1 X89.932 Y99.134 E.05466
G1 X91.134 Y97.932 E.05466
G1 X92.455 Y96.862 E.05466
G1 X93.88 Y95.936 E.05466
G1 X95.395 Y95.164 E.05466
G1 X96.982 Y94.555 E.05466
G1 X98.624 Y94.115 E.05466
G1 X100.303 Y93.85 E.05466
G1 X102 Y93.761 E.05466
G1 X102.384 Y93.781 E.01238
G1 X103.697 Y93.85 E.04228
G1 X105.376 Y94.115 E.05466
G1 X107.018 Y94.555 E.05466
G1 X108.605 Y95.164 E.05466
G1 X110.12 Y95.936 E.05466
G1 X111.545 Y96.862 E.05466
G1 X112.866 Y97.932 E.05466
G1 X114.068 Y99.134 E.05466
G1 X115.138 Y100.455 E.05466
G1 X116.064 Y101.88 E.05466
G1 X116.835 Y103.395 E.05466
G1 X117.445 Y104.982 E.05466
G1 X117.885 Y106.624 E.05466
G1 X118.15 Y108.303 E.05466
G1 X118.239 Y110 E.05466
G1 X118.15 Y111.697 E.05466
G1 X117.885 Y113.376 E.05466
G1 X117.445 Y115.018 E.05466
G1 X116.835 Y116.605 E.05466
G1 X116.064 Y118.12 E.05466
G1 X115.138 Y119.545 E.05466
G1 X114.068 Y120.866 E.05466
G1 X112.866 Y122.068 E.05466
G1 X111.545 Y123.138 E.05466
G1 X110.12 Y124.064 E.05466
G1 X108.605 Y124.836 E.05466
G1 X107.018 Y125.445 E.05466
G1 X105.376 Y125.885 E.05466
G1 X103.697 Y126.15 E.05466
G1 X102.06 Y126.236 E.05273
G1 E-1.75 F6000
;WIPE_START
G1 X101.061 Y126.188 E-.75
;WIPE_END
G1 X101.102 Y125.415 Z4.24 F18000
G1 X101.663 Y125.444
G1 X101.979 Y125.461
G1 X102 Y125.06
G1 Z4.04
G1 E2.5 F6000
M204 P1000
;TYPE:Outer wall
;WIDTH:0.42
G1 F3600
G1 X103.574 Y124.978 E.04696
G1 X105.131 Y124.731 E.04696
G1 X106.654 Y124.323 E.04696
G1 X108.126 Y123.758 E.04696
G1 X109.53 Y123.043 E.04696
G1 X110.852 Y122.184 E.04696
G1 X112.077 Y121.192 E.04696
G1 X113.192 Y120.077 E.04696
G1 X114.184 Y118.852 E.04696
G1 X115.043 Y117.53 E.04696
G1 X115.758 Y116.126 E.04696
G1 X116.323 Y114.654 E.04696
G1 X116.731 Y113.131 E.04696
G1 X116.978 Y111.574 E.04696
G1 X117.06 Y110 E.04696
G1 X116.978 Y108.426 E.04696
G1 X116.731 Y106.869 E.04696
G1 X116.323 Y105.346 E.04696
G1 X115.758 Y103.874 E.04696
G1 X115.043 Y102.47 E.04696
G1 X114.184 Y101.148 E.04696
G1 X113.192 Y99.923 E.04696
G1 X112.077 Y98.808 E.04696
G1 X110.852 Y97.816 E.04696
G1 X109.53 Y96.957 E.04696
G1 X108.126 Y96.242 E.04696
G1 X106.654 Y95.677 E.04696
G1 X105.131 Y95.269 E.04696
G1 X103.574 Y95.022 E.04696
G1 X102 Y94.94 E.04696
G1 X101.61 Y94.96 E.01164
G1 X100.426 Y95.022 E.03532
G1 X98.869 Y95.269 E.04696
G1 X97.346 Y95.677 E.04696
G1 X95.874 Y96.242 E.04696
G1 X94.47 Y96.957 E.04695
G1 X93.148 Y97.816 E.04696
G1 X91.923 Y98.808 E.04696
G1 X90.808 Y99.923 E.04696
G1 X89.816 Y101.148 E.04696
G1 X88.957 Y102.47 E.04696
G1 X88.242 Y103.874 E.04696
G1 X87.677 Y105.346 E.04696
G1 X87.269 Y106.869 E.04696
G1 X87.022 Y108.426 E.04696
G1 X86.94 Y110 E.04696
G1 X87.022 Y111.574 E.04696
G1 X87.269 Y113.131 E.04696
G1 X87.677 Y114.654 E.04696
G1 X88.242 Y116.126 E.04696
G1 X88.957 Y117.53 E.04696
G1 X89.816 Y118.852 E.04696
G1 X90.808 Y120.077 E.04696
G1 X91.923 Y121.192 E.04696
G1 X93.148 Y122.184 E.04696
G1 X94.47 Y123.043 E.04696
G1 X95.874 Y123.758 E.04695
G1 X97.346 Y124.323 E.04696
G1 X98.869 Y124.731 E.04696
G1 X100.426 Y124.978 E.04696
G1 X101.94 Y125.057 E.04517
G1 X101.919 Y125.457 F18000
G1 X101.981 Y125.461
G1 X101.981 Y125.452
M204 P1500
;TYPE:Inner wall
;WIDTH:0.45
G1 F3730
G1 X102 Y125.453 E.00061
G1 X103.615 Y125.368 E.05201
G1 X105.213 Y125.115 E.05201
G1 X106.775 Y124.697 E.05201
G1 X108.285 Y124.117 E.05201
G1 X109.727 Y123.383 E.05201
G1 X111.083 Y122.502 E.05201
G1 X112.34 Y121.484 E.05201
G1 X113.484 Y120.34 E.05201
G1 X114.502 Y119.083 E.05201
G1 X115.383 Y117.727 E.05201
G1 X116.117 Y116.285 E.05201
G1 X116.697 Y114.775 E.05201
G1 X117.115 Y113.213 E.05201
G1 X117.368 Y111.615 E.05201
G1 X117.453 Y110 E.05201
G1 X117.368 Y108.385 E.05201
G1 X117.115 Y106.787 E.05201
G1 X116.697 Y105.225 E.05201
G1 X116.117 Y103.715 E.05201
G1 X115.383 Y102.273 E.05201
G1 X114.502 Y100.917 E.05201
G1 X113.484 Y99.66 E.05201
G1 X112.34 Y98.516 E.05201
G1 X111.083 Y97.498 E.05201
G1 X109.727 Y96.617 E.05201
G1 X108.285 Y95.883 E.05201
G1 X106.775 Y95.303 E.05201
G1 X105.213 Y94.885 E.05201
G1 X103.615 Y94.632 E.05201
G1 X102 Y94.547 E.05201
G1 X101.589 Y94.568 E.01322
G1 X100.385 Y94.632 E.03879
G1 X98.787 Y94.885 E.05201
G1 X97.225 Y95.303 E.05201
G1 X95.715 Y95.883 E.05201
G1 X94.273 Y96.617 E.05201
G1 X92.917 Y97.498 E.05201
G1 X91.66 Y98.516 E.05201
G1 X90.516 Y99.66 E.05201
G1 X89.498 Y100.917 E.05201
G1 X88.617 Y102.273 E.05201
G1 X87.883 Y103.715 E.05201
G1 X87.303 Y105.225 E.05201
G1 X86.885 Y106.787 E.05201
G1 X86.632 Y108.385 E.05201
G1 X86.547 Y110 E.05201
G1 X86.632 Y111.615 E.05201
G1 X86.885 Y113.213 E.05201
G1 X87.303 Y114.775 E.05201
G1 X87.883 Y116.285 E.05201
G1 X88.617 Y117.727 E.05201
G1 X89.498 Y119.083 E.05201
G1 X90.516 Y120.34 E.05201
G1 X91.66 Y121.484 E.05201
G1 X92.917 Y122.502 E.05201
G1 X94.273 Y123.383 E.05201
G1 X95.715 Y124.117 E.05201
G1 X97.225 Y124.697 E.05201
G1 X98.787 Y125.115 E.05201
G1 X100.385 Y125.368 E.05201
G1 X101.921 Y125.449 E.04947
G1 X101.961 Y125.859 F18000
G1 F3730
G1 X102 Y125.861 E.00125
G1 X103.658 Y125.774 E.05338
G1 X105.298 Y125.514 E.05339
G1 X106.901 Y125.084 E.05338
G1 X108.451 Y124.489 E.05338
G1 X109.93 Y123.736 E.05339
G1 X111.323 Y122.832 E.05339
G1 X112.613 Y121.787 E.05338
G1 X113.787 Y120.613 E.05339
G1 X114.832 Y119.323 E.05338
G1 X115.736 Y117.93 E.05339
G1 X116.489 Y116.451 E.05339
G1 X117.084 Y114.901 E.05338
G1 X117.514 Y113.298 E.05338
G1 X117.774 Y111.658 E.05339
G1 X117.861 Y110 E.05338
G1 X117.774 Y108.342 E.05338
G1 X117.514 Y106.702 E.05339
G1 X117.084 Y105.099 E.05338
G1 X116.489 Y103.549 E.05338
G1 X115.736 Y102.07 E.05339
G1 X114.832 Y100.677 E.05339
G1 X113.787 Y99.387 E.05338
G1 X112.613 Y98.213 E.05339
G1 X111.323 Y97.168 E.05338
G1 X109.93 Y96.264 E.05339
G1 X108.451 Y95.511 E.05339
G1 X106.901 Y94.916 E.05338
G1 X105.298 Y94.486 E.05338
G1 X103.658 Y94.226 E.05339
G1 X102 Y94.139 E.05338
G1 X101.568 Y94.162 E.01391
G1 X100.342 Y94.226 E.03948
G1 X98.702 Y94.486 E.05339
G1 X97.099 Y94.916 E.05339
G1 X95.549 Y95.511 E.05339
G1 X94.07 Y96.264 E.05338
G1 X92.677 Y97.168 E.05338
G1 X91.387 Y98.213 E.05339
G1 X90.213 Y99.387 E.05339
G1 X89.168 Y100.677 E.05338
G1 X88.264 Y102.07 E.05339
G1 X87.511 Y103.549 E.05339
G1 X86.916 Y105.099 E.05338
G1 X86.486 Y106.702 E.05338
G1 X86.226 Y108.342 E.05339
G1 X86.139 Y110 E.05338
G1 X86.226 Y111.658 E.05338
G1 X86.486 Y113.298 E.05339
G1 X86.916 Y114.901 E.05338
G1 X87.511 Y116.451 E.05338
G1 X88.264 Y117.93 E.05339
G1 X89.168 Y119.323 E.05339
G1 X90.213 Y120.613 E.05338
G1 X91.387 Y121.787 E.05339
G1 X92.677 Y122.832 E.05339
G1 X94.07 Y123.736 E.05338
G1 X95.549 Y124.489 E.05338
G1 X97.099 Y125.084 E.05339
G1 X98.702 Y125.514 E.05339
G1 X100.342 Y125.774 E.05339
G1 X101.901 Y125.856 E.05021
; stop printing object mid_plate.stl id:1992740639744 copy 0
;LAYER_CHANGE
;Z:4.24
;HEIGHT:0.2
G92 E0 ; zero the extruded length again
; BEFORE_LAYER_CHANGE 20 @ 4.24mm
G1 E-1.75 F6000
;WIPE_START
G1 X102 Y125.861 E-.07409
G1 X102.9 Y125.814 E-.67592
;WIPE_END
; AFTER_LAYER_CHANGE 20 @ 4.24mm
;_SET_FAN_SPEED_CHANGING_LAYER
; printing object mid_plate.stl id:1992740639744 copy 0
G17
G3 Z4.44 I-.608 J.032 P1  F18000
G1 X102.941 Y126.589 Z4.44
G1 X102.273 Y126.624
G1 X102 Y126.638
G1 X102 Y127.04
G1 Z4.24
G1 E2.5 F6000
M204 P1000
;TYPE:Outer wall
;WIDTH:0.42
G1 F3600
G1 X100.219 Y126.946 E.05313
G1 X98.457 Y126.667 E.05313
G1 X96.734 Y126.206 E.05312
G1 X95.069 Y125.567 E.05313
G1 X93.48 Y124.757 E.05313
G1 X91.984 Y123.785 E.05313
G1 X90.598 Y122.663 E.05313
G1 X89.337 Y121.402 E.05312
G1 X88.215 Y120.016 E.05313
G1 X87.243 Y118.52 E.05313
G1 X86.433 Y116.931 E.05313
G1 X85.794 Y115.266 E.05313
G1 X85.333 Y113.543 E.05313
G1 X85.054 Y111.781 E.05313
G1 X84.96 Y110 E.05313
G1 X85.054 Y108.219 E.05313
G1 X85.333 Y106.457 E.05313
G1 X85.794 Y104.734 E.05313
G1 X86.433 Y103.069 E.05313
G1 X87.243 Y101.48 E.05313
G1 X88.215 Y99.984 E.05313
G1 X89.337 Y98.598 E.05313
G1 X90.598 Y97.337 E.05312
G1 X91.984 Y96.215 E.05313
G1 X93.48 Y95.243 E.05313
G1 X95.069 Y94.433 E.05313
G1 X96.734 Y93.794 E.05313
G1 X98.457 Y93.333 E.05312
G1 X100.219 Y93.054 E.05313
G1 X102 Y92.96 E.05313
G1 X102.471 Y92.985 E.01406
G1 X103.781 Y93.054 E.03907
G1 X105.543 Y93.333 E.05313
G1 X107.266 Y93.794 E.05313
G1 X108.931 Y94.433 E.05313
G1 X110.52 Y95.243 E.05313
G1 X112.016 Y96.215 E.05313
G1 X113.402 Y97.337 E.05313
G1 X114.663 Y98.598 E.05313
G1 X115.785 Y99.984 E.05313
G1 X116.5 Y101.084 E.03907
G1 X116.757 Y101.48 E.01406
G1 X117.567 Y103.069 E.05313
G1 X118.206 Y104.734 E.05313
G1 X118.667 Y106.457 E.05313
G1 X118.946 Y108.219 E.05313
G1 X119.04 Y110 E.05313
G1 X118.946 Y111.781 E.05313
G1 X118.667 Y113.543 E.05313
G1 X118.206 Y115.266 E.05313
G1 X117.567 Y116.931 E.05313
G1 X116.757 Y118.52 E.05313
G1 X115.785 Y120.016 E.05313
G1 X114.663 Y121.402 E.05313
G1 X113.402 Y122.663 E.05313
G1 X112.016 Y123.785 E.05313
G1 X110.52 Y124.757 E.05313
G1 X108.931 Y125.567 E.05313
G1 X107.266 Y126.206 E.05313
G1 X105.543 Y126.667 E.05313
G1 X103.781 Y126.946 E.05313
G1 X102.06 Y127.037 E.05134
G1 X102.039 Y126.636 F18000
G1 X102 Y126.638
G1 X102 Y126.638
G1 X102 Y126.647
M204 P1500
;TYPE:Inner wall
;WIDTH:0.45
G1 F3730
G1 X100.26 Y126.556 E.05603
G1 X98.539 Y126.283 E.05603
G1 X96.856 Y125.832 E.05603
G1 X95.229 Y125.208 E.05603
G1 X93.676 Y124.417 E.05603
G1 X92.215 Y123.468 E.05603
G1 X90.861 Y122.371 E.05603
G1 X89.629 Y121.139 E.05603
G1 X88.532 Y119.785 E.05603
G1 X87.583 Y118.324 E.05603
G1 X86.792 Y116.771 E.05603
G1 X86.168 Y115.144 E.05603
G1 X85.717 Y113.461 E.05603
G1 X85.444 Y111.74 E.05603
G1 X85.353 Y110 E.05603
G1 X85.444 Y108.26 E.05603
G1 X85.717 Y106.539 E.05603
G1 X86.168 Y104.856 E.05603
G1 X86.792 Y103.229 E.05603
G1 X87.583 Y101.676 E.05603
G1 X88.532 Y100.215 E.05603
G1 X89.629 Y98.861 E.05603
G1 X90.861 Y97.629 E.05603
G1 X92.215 Y96.532 E.05603
G1 X93.676 Y95.583 E.05603
G1 X95.229 Y94.792 E.05603
G1 X96.856 Y94.168 E.05603
G1 X98.539 Y93.717 E.05603
G1 X100.26 Y93.444 E.05603
G1 X102 Y93.353 E.05603
G1 X102.451 Y93.377 E.01452
G1 X103.74 Y93.444 E.04152
G1 X105.461 Y93.717 E.05603
G1 X107.144 Y94.168 E.05603
G1 X108.771 Y94.792 E.05603
G1 X110.324 Y95.583 E.05603
G1 X111.785 Y96.532 E.05603
G1 X113.139 Y97.629 E.05603
G1 X114.371 Y98.861 E.05603
G1 X115.468 Y100.215 E.05603
G1 X116.171 Y101.298 E.04152
G1 X116.417 Y101.676 E.01452
G1 X117.208 Y103.229 E.05603
G1 X117.832 Y104.856 E.05603
G1 X118.283 Y106.539 E.05603
G1 X118.556 Y108.26 E.05603
G1 X118.647 Y110 E.05603
G1 X118.556 Y111.74 E.05603
G1 X118.283 Y113.461 E.05603
G1 X117.832 Y115.144 E.05603
G1 X117.208 Y116.771 E.05603
G1 X116.417 Y118.324 E.05603
G1 X115.468 Y119.785 E.05603
G1 X114.371 Y121.139 E.05603
G1 X113.139 Y122.371 E.05603
G1 X111.785 Y123.468 E.05603
G1 X110.324 Y124.417 E.05603
G1 X108.771 Y125.208 E.05603
G1 X107.144 Y125.832 E.05603
G1 X105.461 Y126.283 E.05603
G1 X103.74 Y126.556 E.05603
G1 X102.06 Y126.644 E.0541
G1 X102 Y126.239 F18000
G1 F3730
G1 X100.303 Y126.15 E.05466
G1 X98.624 Y125.885 E.05466
G1 X96.982 Y125.445 E.05466
G1 X95.395 Y124.836 E.05466
G1 X93.88 Y124.064 E.05466
G1 X92.455 Y123.138 E.05466
G1 X91.134 Y122.068 E.05466
G1 X89.932 Y120.866 E.05466
G1 X88.862 Y119.545 E.05466
G1 X87.936 Y118.12 E.05466
G1 X87.164 Y116.605 E.05466
G1 X86.555 Y115.018 E.05466
G1 X86.115 Y113.376 E.05466
G1 X85.85 Y111.697 E.05466
G1 X85.761 Y110 E.05466
G1 X85.85 Y108.303 E.05466
G1 X86.115 Y106.624 E.05466
G1 X86.555 Y104.982 E.05466
G1 X87.164 Y103.395 E.05466
G1 X87.936 Y101.88 E.05466
G1 X88.862 Y100.455 E.05466
G1 X89.932 Y99.134 E.05466
G1 X91.134 Y97.932 E.05466
G1 X92.455 Y96.862 E.05466
G1 X93.88 Y95.936 E.05466
G1 X95.395 Y95.164 E.05466
G1 X96.982 Y94.555 E.05466
G1 X98.624 Y94.115 E.05466
G1 X100.303 Y93.85 E.05466
G1 X102 Y93.761 E.05466
G1 X102.43 Y93.783 E.01383
G1 X103.697 Y93.85 E.04083
G1 X105.376 Y94.115 E.05466
G1 X107.018 Y94.555 E.05466
G1 X108.605 Y95.164 E.05466
G1 X110.12 Y95.936 E.05466
G1 X111.545 Y96.862 E.05466
G1 X112.866 Y97.932 E.05466
G1 X114.068 Y99.134 E.05466
G1 X115.138 Y100.455 E.05466
G1 X115.83 Y101.52 E.04083
G1 X116.064 Y101.88 E.01383
G1 X116.835 Y103.395 E.05466
G1 X117.445 Y104.982 E.05466
G1 X117.885 Y106.624 E.05466
G1 X118.15 Y108.303 E.05466
G1 X118.239 Y110 E.05466
G1 X118.15 Y111.697 E.05466
G1 X117.885 Y113.376 E.05466
G1 X117.445 Y115.018 E.05466
G1 X116.835 Y116.605 E.05466
G1 X116.064 Y118.12 E.05466
G1 X115.138 Y119.545 E.05466
G1 X114.068 Y120.866 E.05466
G1 X112.866 Y122.068 E.05466
G1 X111.545 Y123.138 E.05466
G1 X110.12 Y124.064 E.05466
G1 X108.605 Y124.836 E.05466
G1 X107.018 Y125.445 E.05466
G1 X105.376 Y125.885 E.05466
G1 X103.697 Y126.15 E.05466
G1 X102.06 Y126.236 E.05273
G1 E-1.75 F6000
;WIPE_START
G1 X101.061 Y126.188 E-.75
;WIPE_END
G1 X101.102 Y125.415 Z4.44 F18000
G1 X101.663 Y125.444
G1 X101.979 Y125.461
G1 X102 Y125.06
G1 Z4.24
G1 E2.5 F6000
M204 P1000
;TYPE:Outer wall
;WIDTH:0.42
G1 F3600
G1 X103.574 Y124.978 E.04696
G1 X105.131 Y124.731 E.04696
G1 X106.654 Y124.323 E.04696
G1 X108.126 Y123.758 E.04696
G1 X109.53 Y123.043 E.04696
G1 X110.852 Y122.184 E.04696
G1 X112.077 Y121.192 E.04696
G1 X113.192 Y120.077 E.04696
G1 X114.184 Y118.852 E.04696
G1 X115.043 Y117.53 E.04696
G1 X115.758 Y116.126 E.04696
G1 X116.323 Y114.654 E.04696
G1 X116.731 Y113.131 E.04696
G1 X116.978 Y111.574 E.04696
G1 X117.06 Y110 E.04696
G1 X116.978 Y108.426 E.04696
G1 X116.731 Y106.869 E.04696
G1 X116.323 Y105.346 E.04696
G1 X115.758 Y103.874 E.04696
G1 X115.043 Y102.47 E.04696
G1 X114.184 Y101.148 E.04696
G1 X113.192 Y99.923 E.04696
G1 X112.077 Y98.808 E.04696
G1 X110.852 Y97.816 E.04696
G1 X109.53 Y96.957 E.04696
G1 X108.126 Y96.242 E.04696
G1 X106.654 Y95.677 E.04696
G1 X105.131 Y95.269 E.04696
G1 X103.574 Y95.022 E.04696
G1 X102 Y94.94 E.04696
G1 X101.571 Y94.962 E.01279
G1 X100.426 Y95.022 E.03417
G1 X98.869 Y95.269 E.04696
G1 X97.346 Y95.677 E.04696
G1 X95.874 Y96.242 E.04696
G1 X94.47 Y96.957 E.04695
G1 X93.148 Y97.816 E.04696
G1 X91.923 Y98.808 E.04696
G1 X90.808 Y99.923 E.04696
G1 X89.816 Y101.148 E.04696
G1 X88.957 Y102.47 E.04696
G1 X88.242 Y103.874 E.04696
G1 X87.677 Y105.346 E.04696
G1 X87.269 Y106.869 E.04696
G1 X87.022 Y108.426 E.04696
G1 X86.94 Y110 E.04696
G1 X87.022 Y111.574 E.04696
G1 X87.269 Y113.131 E.04696
G1 X87.677 Y114.654 E.04696
G1 X88.242 Y116.126 E.04696
G1 X88.957 Y117.53 E.04696
G1 X89.816 Y118.852 E.04696
G1 X90.808 Y120.077 E.04696
G1 X91.923 Y121.192 E.04696
G1 X93.148 Y122.184 E.04696
G1 X94.47 Y123.043 E.04696
G1 X95.874 Y123.758 E.04695
G1 X97.346 Y124.323 E.04696
G1 X98.869 Y124.731 E.04696
G1 X100.426 Y124.978 E.04696
G1 X101.94 Y125.057 E.04517
G1 X101.919 Y125.457 F18000
G1 X101.981 Y125.461
G1 X101.981 Y125.452
M204 P1500
;TYPE:Inner wall
;WIDTH:0.45
G1 F3730
G1 X102 Y125.453 E.00061
G1 X103.615 Y125.368 E.05201
G1 X105.213 Y125.115 E.05201
G1 X106.775 Y124.697 E.05201
G1 X108.285 Y124.117 E.05201
G1 X109.727 Y123.383 E.05201
G1 X111.083 Y122.502 E.05201
G1 X112.34 Y121.484 E.05201
G1 X113.484 Y120.34 E.05201
G1 X114.502 Y119.083 E.05201
G1 X115.383 Y117.727 E.05201
G1 X116.117 Y116.285 E.05201
G1 X116.697 Y114.775 E.05201
G1 X117.115 Y113.213 E.05201
G1 X117.368 Y111.615 E.05201
G1 X117.453 Y110 E.05201
G1 X117.368 Y108.385 E.05201
G1 X117.115 Y106.787 E.05201
G1 X116.697 Y105.225 E.05201
G1 X116.117 Y103.715 E.05201
G1 X115.383 Y102.273 E.05201
G1 X114.502 Y100.917 E.05201
G1 X113.484 Y99.66 E.05201
G1 X112.34 Y98.516 E.05201
G1 X111.083 Y97.498 E.05201
G1 X109.727 Y96.617 E.05201
G1 X108.285 Y95.883 E.05201
G1 X106.775 Y95.303 E.05201
G1 X105.213 Y94.885 E.05201
G1 X103.615 Y94.632 E.05201
G1 X102 Y94.547 E.05201
G1 X101.551 Y94.57 E.01446
G1 X100.385 Y94.632 E.03755
G1 X98.787 Y94.885 E.05201
G1 X97.225 Y95.303 E.05201
G1 X95.715 Y95.883 E.05201
G1 X94.273 Y96.617 E.05201
G1 X92.917 Y97.498 E.05201
G1 X91.66 Y98.516 E.05201
G1 X90.516 Y99.66 E.05201
G1 X89.498 Y100.917 E.05201
G1 X88.617 Y102.273 E.05201
G1 X87.883 Y103.715 E.05201
G1 X87.303 Y105.225 E.05201
G1 X86.885 Y106.787 E.05201
G1 X86.632 Y108.385 E.05201
G1 X86.547 Y110 E.05201
G1 X86.632 Y111.615 E.05201
G1 X86.885 Y113.213 E.05201
G1 X87.303 Y114.775 E.05201
G1 X87.883 Y116.285 E.05201
G1 X88.617 Y117.727 E.05201
G1 X89.498 Y119.083 E.05201
G1 X90.516 Y120.34 E.05201
G1 X91.66 Y121.484 E.05201
G1 X92.917 Y122.502 E.05201
G1 X94.273 Y123.383 E.05201
G1 X95.715 Y124.117 E.05201
G1 X97.225 Y124.697 E.05201
G1 X98.787 Y125.115 E.05201
G1 X100.385 Y125.368 E.05201
G1 X101.921 Y125.449 E.04947
G1 X101.961 Y125.859 F18000
G1 F3730
G1 X102 Y125.861 E.00125
G1 X103.658 Y125.774 E.05338
G1 X105.298 Y125.514 E.05339
G1 X106.901 Y125.084 E.05338
G1 X108.451 Y124.489 E.05338
G1 X109.93 Y123.736 E.05339
G1 X111.323 Y122.832 E.05339
G1 X112.613 Y121.787 E.05338
G1 X113.787 Y120.613 E.05339
G1 X114.832 Y119.323 E.05338
G1 X115.736 Y117.93 E.05339
G1 X116.489 Y116.451 E.05339
G1 X117.084 Y114.901 E.05338
G1 X117.514 Y113.298 E.05338
G1 X117.774 Y111.658 E.05339
G1 X117.861 Y110 E.05338
G1 X117.774 Y108.342 E.05338
G1 X117.514 Y106.702 E.05339
G1 X117.084 Y105.099 E.05338
G1 X116.489 Y103.549 E.05338
G1 X115.736 Y102.07 E.05339
G1 X114.832 Y100.677 E.05339
G1 X113.787 Y99.387 E.05338
G1 X112.613 Y98.213 E.05339
G1 X111.323 Y97.168 E.05338
G1 X109.93 Y96.264 E.05339
G1 X108.451 Y95.511 E.05339
G1 X106.901 Y94.916 E.05338
G1 X105.298 Y94.486 E.05338
G1 X103.658 Y94.226 E.05339
G1 X102 Y94.139 E.05338
G1 X101.53 Y94.164 E.01515
G1 X100.342 Y94.226 E.03824
G1 X98.702 Y94.486 E.05339
G1 X97.099 Y94.916 E.05339
G1 X95.549 Y95.511 E.05339
G1 X94.07 Y96.264 E.05338
G1 X92.677 Y97.168 E.05338
G1 X91.387 Y98.213 E.05339
G1 X90.213 Y99.387 E.05339
G1 X89.168 Y100.677 E.05338
G1 X88.264 Y102.07 E.05339
G1 X87.511 Y103.549 E.05339
G1 X86.916 Y105.099 E.05338
G1 X86.486 Y106.702 E.05338
G1 X86.226 Y108.342 E.05339
G1 X86.139 Y110 E.05338
G1 X86.226 Y111.658 E.05338
G1 X86.486 Y113.298 E.05339
G1 X86.916 Y114.901 E.05338
G1 X87.511 Y116.451 E.05338
G1 X88.264 Y117.93 E.05339
G1 X89.168 Y119.323 E.05339
G1 X90.213 Y120.613 E.05338
G1 X91.387 Y121.787 E.05339
G1 X92.677 Y122.832 E.05339
G1 X94.07 Y123.736 E.05338
G1 X95.549 Y124.489 E.05338
G1 X97.099 Y125.084 E.05339
G1 X98.702 Y125.514 E.05339
G1 X100.342 Y125.774 E.05339
G1 X101.901 Y125.856 E.05021
; stop printing object mid_plate.stl id:1992740639744 copy 0
;LAYER_CHANGE
;Z:4.44
;HEIGHT:0.2
G92 E0 ; zero the extruded length again
; BEFORE_LAYER_CHANGE 21 @ 4.44mm
G1 E-1.75 F6000
;WIPE_START
G1 X102 Y125.861 E-.07409
G1 X102.9 Y125.814 E-.67592
;WIPE_END
; AFTER_LAYER_CHANGE 21 @ 4.44mm
;_SET_FAN_SPEED_CHANGING_LAYER
; printing object mid_plate.stl id:1992740639744 copy 0
G17
G3 Z4.64 I-.608 J.032 P1  F18000
G1 X102.941 Y126.589 Z4.64
G1 X102.273 Y126.624
G1 X102 Y126.638
G1 X102 Y127.04
G1 Z4.44
G1 E2.5 F6000
M204 P1000
;TYPE:Outer wall
;WIDTH:0.42
G1 F3600
G1 X100.219 Y126.946 E.05313
G1 X98.457 Y126.667 E.05313
G1 X96.734 Y126.206 E.05312
G1 X95.069 Y125.567 E.05313
G1 X93.48 Y124.757 E.05313
G1 X91.984 Y123.785 E.05313
G1 X90.598 Y122.663 E.05313
G1 X89.337 Y121.402 E.05312
G1 X88.215 Y120.016 E.05313
G1 X87.243 Y118.52 E.05313
G1 X86.433 Y116.931 E.05313
G1 X85.794 Y115.266 E.05313
G1 X85.333 Y113.543 E.05313
G1 X85.054 Y111.781 E.05313
G1 X84.96 Y110 E.05313
G1 X85.054 Y108.219 E.05313
G1 X85.333 Y106.457 E.05313
G1 X85.794 Y104.734 E.05313
G1 X86.433 Y103.069 E.05313
G1 X87.243 Y101.48 E.05313
G1 X88.215 Y99.984 E.05313
G1 X89.337 Y98.598 E.05313
G1 X90.598 Y97.337 E.05312
G1 X91.984 Y96.215 E.05313
G1 X93.48 Y95.243 E.05313
G1 X95.069 Y94.433 E.05313
G1 X96.734 Y93.794 E.05313
G1 X98.457 Y93.333 E.05312
G1 X100.219 Y93.054 E.05313
G1 X102 Y92.96 E.05313
G1 X102.516 Y92.987 E.0154
G1 X103.781 Y93.054 E.03772
G1 X105.543 Y93.333 E.05313
G1 X107.266 Y93.794 E.05313
G1 X108.931 Y94.433 E.05313
G1 X110.52 Y95.243 E.05313
G1 X112.016 Y96.215 E.05313
G1 X113.402 Y97.337 E.05313
G1 X114.663 Y98.598 E.05313
G1 X115.785 Y99.984 E.05313
G1 X116.757 Y101.48 E.05313
G1 X117.567 Y103.069 E.05313
G1 X118.206 Y104.734 E.05313
G1 X118.667 Y106.457 E.05313
G1 X118.946 Y108.219 E.05313
G1 X119.04 Y110 E.05313
G1 X118.946 Y111.781 E.05313
G1 X118.667 Y113.543 E.05313
G1 X118.206 Y115.266 E.05313
G1 X117.567 Y116.931 E.05313
G1 X116.757 Y118.52 E.05313
G1 X115.785 Y120.016 E.05313
G1 X114.663 Y121.402 E.05313
G1 X113.402 Y122.663 E.05313
G1 X112.016 Y123.785 E.05313
G1 X110.52 Y124.757 E.05313
G1 X108.931 Y125.567 E.05313
G1 X107.266 Y126.206 E.05313
G1 X105.543 Y126.667 E.05313
G1 X103.781 Y126.946 E.05313
G1 X102.06 Y127.037 E.05134
G1 X102.039 Y126.636 F18000
G1 X102 Y126.638
G1 X102 Y126.638
G1 X102 Y126.647
M204 P1500
;TYPE:Inner wall
;WIDTH:0.45
G1 F3730
G1 X100.26 Y126.556 E.05603
G1 X98.539 Y126.283 E.05603
G1 X96.856 Y125.832 E.05603
G1 X95.229 Y125.208 E.05603
G1 X93.676 Y124.417 E.05603
G1 X92.215 Y123.468 E.05603
G1 X90.861 Y122.371 E.05603
G1 X89.629 Y121.139 E.05603
G1 X88.532 Y119.785 E.05603
G1 X87.583 Y118.324 E.05603
G1 X86.792 Y116.771 E.05603
G1 X86.168 Y115.144 E.05603
G1 X85.717 Y113.461 E.05603
G1 X85.444 Y111.74 E.05603
G1 X85.353 Y110 E.05603
G1 X85.444 Y108.26 E.05603
G1 X85.717 Y106.539 E.05603
G1 X86.168 Y104.856 E.05603
G1 X86.792 Y103.229 E.05603
G1 X87.583 Y101.676 E.05603
G1 X88.532 Y100.215 E.05603
G1 X89.629 Y98.861 E.05603
G1 X90.861 Y97.629 E.05603
G1 X92.215 Y96.532 E.05603
G1 X93.676 Y95.583 E.05603
G1 X95.229 Y94.792 E.05603
G1 X96.856 Y94.168 E.05603
G1 X98.539 Y93.717 E.05603
G1 X100.26 Y93.444 E.05603
G1 X102 Y93.353 E.05603
G1 X102.496 Y93.379 E.01597
G1 X103.74 Y93.444 E.04006
G1 X105.461 Y93.717 E.05603
G1 X107.144 Y94.168 E.05603
G1 X108.771 Y94.792 E.05603
G1 X110.324 Y95.583 E.05603
G1 X111.785 Y96.532 E.05603
G1 X113.139 Y97.629 E.05603
G1 X114.371 Y98.861 E.05603
G1 X115.468 Y100.215 E.05603
G1 X116.417 Y101.676 E.05603
G1 X117.208 Y103.229 E.05603
G1 X117.832 Y104.856 E.05603
G1 X118.283 Y106.539 E.05603
G1 X118.556 Y108.26 E.05603
G1 X118.647 Y110 E.05603
G1 X118.556 Y111.74 E.05603
G1 X118.283 Y113.461 E.05603
G1 X117.832 Y115.144 E.05603
G1 X117.208 Y116.771 E.05603
G1 X116.417 Y118.324 E.05603
G1 X115.468 Y119.785 E.05603
G1 X114.371 Y121.139 E.05603
G1 X113.139 Y122.371 E.05603
G1 X111.785 Y123.468 E.05603
G1 X110.324 Y124.417 E.05603
G1 X108.771 Y125.208 E.05603
G1 X107.144 Y125.832 E.05603
G1 X105.461 Y126.283 E.05603
G1 X103.74 Y126.556 E.05603
G1 X102.06 Y126.644 E.0541
G1 X102 Y126.239 F18000
G1 F3730
G1 X100.303 Y126.15 E.05466
G1 X98.624 Y125.885 E.05466
G1 X96.982 Y125.445 E.05466
G1 X95.395 Y124.836 E.05466
G1 X93.88 Y124.064 E.05466
G1 X92.455 Y123.138 E.05466
G1 X91.134 Y122.068 E.05466
G1 X89.932 Y120.866 E.05466
G1 X88.862 Y119.545 E.05466
G1 X87.936 Y118.12 E.05466
G1 X87.164 Y116.605 E.05466
G1 X86.555 Y115.018 E.05466
G1 X86.115 Y113.376 E.05466
G1 X85.85 Y111.697 E.05466
G1 X85.761 Y110 E.05466
G1 X85.85 Y108.303 E.05466
G1 X86.115 Y106.624 E.05466
G1 X86.555 Y104.982 E.05466
G1 X87.164 Y103.395 E.05466
G1 X87.936 Y101.88 E.05466
G1 X88.862 Y100.455 E.05466
G1 X89.932 Y99.134 E.05466
G1 X91.134 Y97.932 E.05466
G1 X92.455 Y96.862 E.05466
G1 X93.88 Y95.936 E.05466
G1 X95.395 Y95.164 E.05466
G1 X96.982 Y94.555 E.05466
G1 X98.624 Y94.115 E.05466
G1 X100.303 Y93.85 E.05466
G1 X102 Y93.761 E.05466
G1 X102.475 Y93.785 E.01528
G1 X103.697 Y93.85 E.03938
G1 X105.376 Y94.115 E.05466
G1 X107.018 Y94.555 E.05466
G1 X108.605 Y95.164 E.05466
G1 X110.12 Y95.936 E.05466
G1 X111.545 Y96.862 E.05466
G1 X112.866 Y97.932 E.05466
G1 X114.068 Y99.134 E.05466
G1 X115.138 Y100.455 E.05466
G1 X116.064 Y101.88 E.05466
G1 X116.835 Y103.395 E.05466
G1 X117.445 Y104.982 E.05466
G1 X117.885 Y106.624 E.05466
G1 X118.15 Y108.303 E.05466
G1 X118.239 Y110 E.05466
G1 X118.15 Y111.697 E.05466
G1 X117.885 Y113.376 E.05466
G1 X117.445 Y115.018 E.05466
G1 X116.835 Y116.605 E.05466
G1 X116.064 Y118.12 E.05466
G1 X115.138 Y119.545 E.05466
G1 X114.068 Y120.866 E.05466
G1 X112.866 Y122.068 E.05466
G1 X111.545 Y123.138 E.05466
G1 X110.12 Y124.064 E.05466
G1 X108.605 Y124.836 E.05466
G1 X107.018 Y125.445 E.05466
G1 X105.376 Y125.885 E.05466
G1 X103.697 Y126.15 E.05466
G1 X102.06 Y126.236 E.05273
G1 E-1.75 F6000
;WIPE_START
G1 X101.061 Y126.188 E-.75
;WIPE_END
G1 X101.102 Y125.415 Z4.64 F18000
G1 X101.663 Y125.444
G1 X101.979 Y125.461
G1 X102 Y125.06
G1 Z4.44
G1 E2.5 F6000
M204 P1000
;TYPE:Outer wall
;WIDTH:0.42
G1 F3600
G1 X103.574 Y124.978 E.04696
G1 X105.131 Y124.731 E.04696
G1 X106.654 Y124.323 E.04696
G1 X108.126 Y123.758 E.04696
G1 X109.53 Y123.043 E.04696
G1 X110.852 Y122.184 E.04696
G1 X112.077 Y121.192 E.04696
G1 X113.192 Y120.077 E.04696
G1 X114.184 Y118.852 E.04696
G1 X115.043 Y117.53 E.04696
G1 X115.758 Y116.126 E.04696
G1 X116.323 Y114.654 E.04696
G1 X116.731 Y113.131 E.04696
G1 X116.978 Y111.574 E.04696
G1 X117.06 Y110 E.04696
G1 X116.978 Y108.426 E.04696
G1 X116.731 Y106.869 E.04696
G1 X116.323 Y105.346 E.04696
G1 X115.758 Y103.874 E.04696
G1 X115.043 Y102.47 E.04696
G1 X114.184 Y101.148 E.04696
G1 X113.192 Y99.923 E.04696
G1 X112.077 Y98.808 E.04696
G1 X110.852 Y97.816 E.04696
G1 X109.53 Y96.957 E.04696
G1 X108.126 Y96.242 E.04696
G1 X106.654 Y95.677 E.04696
G1 X105.131 Y95.269 E.04696
G1 X103.574 Y95.022 E.04696
G1 X102 Y94.94 E.04696
G1 X101.533 Y94.964 E.01394
G1 X100.426 Y95.022 E.03302
G1 X98.869 Y95.269 E.04696
G1 X97.346 Y95.677 E.04696
G1 X95.874 Y96.242 E.04696
G1 X94.47 Y96.957 E.04695
G1 X93.148 Y97.816 E.04696
G1 X91.923 Y98.808 E.04696
G1 X90.808 Y99.923 E.04696
G1 X89.816 Y101.148 E.04696
G1 X88.957 Y102.47 E.04696
G1 X88.242 Y103.874 E.04696
G1 X87.677 Y105.346 E.04696
G1 X87.269 Y106.869 E.04696
G1 X87.022 Y108.426 E.04696
G1 X86.94 Y110 E.04696
G1 X87.022 Y111.574 E.04696
G1 X87.269 Y113.131 E.04696
G1 X87.677 Y114.654 E.04696
G1 X88.242 Y116.126 E.04696
G1 X88.957 Y117.53 E.04696
G1 X89.816 Y118.852 E.04696
G1 X90.808 Y120.077 E.04696
G1 X91.923 Y121.192 E.04696
G1 X93.148 Y122.184 E.04696
G1 X94.47 Y123.043 E.04696
G1 X95.874 Y123.758 E.04695
G1 X97.346 Y124.323 E.04696
G1 X98.869 Y124.731 E.04696
G1 X100.426 Y124.978 E.04696
G1 X101.94 Y125.057 E.04517
G1 X101.919 Y125.457 F18000
G1 X101.981 Y125.461
G1 X101.981 Y125.452
M204 P1500
;TYPE:Inner wall
;WIDTH:0.45
G1 F3730
G1 X102 Y125.453 E.00061
G1 X103.615 Y125.368 E.05201
G1 X105.213 Y125.115 E.05201
G1 X106.775 Y124.697 E.05201
G1 X108.285 Y124.117 E.05201
G1 X109.727 Y123.383 E.05201
G1 X111.083 Y122.502 E.05201
G1 X112.34 Y121.484 E.05201
G1 X113.484 Y120.34 E.05201
G1 X114.502 Y119.083 E.05201
G1 X115.383 Y117.727 E.05201
G1 X116.117 Y116.285 E.05201
G1 X116.697 Y114.775 E.05201
G1 X117.115 Y113.213 E.05201
G1 X117.368 Y111.615 E.05201
G1 X117.453 Y110 E.05201
G1 X117.368 Y108.385 E.05201
G1 X117.115 Y106.787 E.05201
G1 X116.697 Y105.225 E.05201
G1 X116.117 Y103.715 E.05201
G1 X115.383 Y102.273 E.05201
G1 X114.502 Y100.917 E.05201
G1 X113.484 Y99.66 E.05201
G1 X112.34 Y98.516 E.05201
G1 X111.083 Y97.498 E.05201
G1 X109.727 Y96.617 E.05201
G1 X108.285 Y95.883 E.05201
G1 X106.775 Y95.303 E.05201
G1 X105.213 Y94.885 E.05201
G1 X103.615 Y94.632 E.05201
G1 X102 Y94.547 E.05201
G1 X101.512 Y94.573 E.0157
G1 X100.385 Y94.632 E.03631
G1 X98.787 Y94.885 E.05201
G1 X97.225 Y95.303 E.05201
G1 X95.715 Y95.883 E.05201
G1 X94.273 Y96.617 E.05201
G1 X92.917 Y97.498 E.05201
G1 X91.66 Y98.516 E.05201
G1 X90.516 Y99.66 E.05201
G1 X89.498 Y100.917 E.05201
G1 X88.617 Y102.273 E.05201
G1 X87.883 Y103.715 E.05201
G1 X87.303 Y105.225 E.05201
G1 X86.885 Y106.787 E.05201
G1 X86.632 Y108.385 E.05201
G1 X86.547 Y110 E.05201
G1 X86.632 Y111.615 E.05201
G1 X86.885 Y113.213 E.05201
G1 X87.303 Y114.775 E.05201
G1 X87.883 Y116.285 E.05201
G1 X88.617 Y117.727 E.05201
G1 X89.498 Y119.083 E.05201
G1 X90.516 Y120.34 E.05201
G1 X91.66 Y121.484 E.05201
G1 X92.917 Y122.502 E.05201
G1 X94.273 Y123.383 E.05201
G1 X95.715 Y124.117 E.05201
G1 X97.225 Y124.697 E.05201
G1 X98.787 Y125.115 E.05201
G1 X100.385 Y125.368 E.05201
G1 X101.921 Y125.449 E.04947
G1 X101.961 Y125.859 F18000
G1 F3730
G1 X102 Y125.861 E.00125
G1 X103.658 Y125.774 E.05338
G1 X105.298 Y125.514 E.05339
G1 X106.901 Y125.084 E.05338
G1 X108.451 Y124.489 E.05338
G1 X109.93 Y123.736 E.05339
G1 X111.323 Y122.832 E.05339
G1 X112.613 Y121.787 E.05338
G1 X113.787 Y120.613 E.05339
G1 X114.832 Y119.323 E.05338
G1 X115.736 Y117.93 E.05339
G1 X116.489 Y116.451 E.05339
G1 X117.084 Y114.901 E.05338
G1 X117.514 Y113.298 E.05338
G1 X117.774 Y111.658 E.05339
G1 X117.861 Y110 E.05338
G1 X117.774 Y108.342 E.05338
G1 X117.514 Y106.702 E.05339
G1 X117.084 Y105.099 E.05338
G1 X116.489 Y103.549 E.05338
G1 X115.736 Y102.07 E.05339
G1 X114.832 Y100.677 E.05339
G1 X113.787 Y99.387 E.05338
G1 X112.613 Y98.213 E.05339
G1 X111.323 Y97.168 E.05338
G1 X109.93 Y96.264 E.05339
G1 X108.451 Y95.511 E.05339
G1 X106.901 Y94.916 E.05338
G1 X105.298 Y94.486 E.05338
G1 X103.658 Y94.226 E.05339
G1 X102 Y94.139 E.05338
G1 X101.491 Y94.166 E.01639
G1 X100.342 Y94.226 E.03699
G1 X98.702 Y94.486 E.05339
G1 X97.099 Y94.916 E.05339
G1 X95.549 Y95.511 E.05339
G1 X94.07 Y96.264 E.05338
G1 X92.677 Y97.168 E.05338
G1 X91.387 Y98.213 E.05339
G1 X90.213 Y99.387 E.05339
G1 X89.168 Y100.677 E.05338
G1 X88.264 Y102.07 E.05339
G1 X87.511 Y103.549 E.05339
G1 X86.916 Y105.099 E.05338
G1 X86.486 Y106.702 E.05338
G1 X86.226 Y108.342 E.05339
G1 X86.139 Y110 E.05338
G1 X86.226 Y111.658 E.05338
G1 X86.486 Y113.298 E.05339
G1 X86.916 Y114.901 E.05338
G1 X87.511 Y116.451 E.05338
G1 X88.264 Y117.93 E.05339
G1 X89.168 Y119.323 E.05339
G1 X90.213 Y120.613 E.05338
G1 X91.387 Y121.787 E.05339
G1 X92.677 Y122.832 E.05339
G1 X94.07 Y123.736 E.05338
G1 X95.549 Y124.489 E.05338
G1 X97.099 Y125.084 E.05339
G1 X98.702 Y125.514 E.05339
G1 X100.342 Y125.774 E.05339
G1 X101.901 Y125.856 E.05021
; stop printing object mid_plate.stl id:1992740639744 copy 0
;LAYER_CHANGE
;Z:4.64
;HEIGHT:0.2
G92 E0 ; zero the extruded length again
; BEFORE_LAYER_CHANGE 22 @ 4.64mm
G1 E-1.75 F6000
;WIPE_START
G1 X102 Y125.861 E-.07409
G1 X102.9 Y125.814 E-.67592
;WIPE_END
; AFTER_LAYER_CHANGE 22 @ 4.64mm
;_SET_FAN_SPEED_CHANGING_LAYER
; printing object mid_plate.stl id:1992740639744 copy 0
G17
G3 Z4.84 I-.608 J.032 P1  F18000
G1 X102.941 Y126.589 Z4.84
G1 X102.273 Y126.624
G1 X102 Y126.638
G1 X102 Y127.04
G1 Z4.64
G1 E2.5 F6000
M204 P1000
;TYPE:Outer wall
;WIDTH:0.42
G1 F3600
G1 X100.219 Y126.946 E.05313
G1 X98.457 Y126.667 E.05313
G1 X96.734 Y126.206 E.05312
G1 X95.069 Y125.567 E.05313
G1 X93.48 Y124.757 E.05313
G1 X91.984 Y123.785 E.05313
G1 X90.598 Y122.663 E.05313
G1 X89.337 Y121.402 E.05312
G1 X88.215 Y120.016 E.05313
G1 X87.243 Y118.52 E.05313
G1 X86.433 Y116.931 E.05313
G1 X85.794 Y115.266 E.05313
G1 X85.333 Y113.543 E.05313
G1 X85.054 Y111.781 E.05313
G1 X84.96 Y110 E.05313
G1 X85.054 Y108.219 E.05313
G1 X85.333 Y106.457 E.05313
G1 X85.794 Y104.734 E.05313
G1 X86.433 Y103.069 E.05313
G1 X87.243 Y101.48 E.05313
G1 X88.215 Y99.984 E.05313
G1 X89.337 Y98.598 E.05313
G1 X90.598 Y97.337 E.05312
G1 X91.984 Y96.215 E.05313
G1 X93.48 Y95.243 E.05313
G1 X95.069 Y94.433 E.05313
G1 X96.734 Y93.794 E.05313
G1 X98.457 Y93.333 E.05312
G1 X100.219 Y93.054 E.05313
G1 X102 Y92.96 E.05313
G1 X102.562 Y92.99 E.01675
G1 X103.781 Y93.054 E.03638
G1 X105.543 Y93.333 E.05313
G1 X107.266 Y93.794 E.05313
G1 X108.931 Y94.433 E.05313
G1 X110.52 Y95.243 E.05313
G1 X112.016 Y96.215 E.05313
G1 X113.402 Y97.337 E.05313
G1 X114.663 Y98.598 E.05313
G1 X115.785 Y99.984 E.05313
G1 X116.757 Y101.48 E.05313
G1 X117.567 Y103.069 E.05313
G1 X118.206 Y104.734 E.05313
G1 X118.667 Y106.457 E.05313
G1 X118.946 Y108.219 E.05313
G1 X119.04 Y110 E.05313
G1 X118.946 Y111.781 E.05313
G1 X118.667 Y113.543 E.05313
G1 X118.206 Y115.266 E.05313
G1 X117.567 Y116.931 E.05313
G1 X116.757 Y118.52 E.05313
G1 X115.785 Y120.016 E.05313
G1 X114.663 Y121.402 E.05313
G1 X113.402 Y122.663 E.05313
G1 X112.016 Y123.785 E.05313
G1 X110.52 Y124.757 E.05313
G1 X108.931 Y125.567 E.05313
G1 X107.266 Y126.206 E.05313
G1 X105.543 Y126.667 E.05313
G1 X103.781 Y126.946 E.05313
G1 X102.06 Y127.037 E.05134
G1 X102.039 Y126.636 F18000
G1 X102 Y126.638
G1 X102 Y126.638
G1 X102 Y126.647
M204 P1500
;TYPE:Inner wall
;WIDTH:0.45
G1 F3730
G1 X100.26 Y126.556 E.05603
G1 X98.539 Y126.283 E.05603
G1 X96.856 Y125.832 E.05603
G1 X95.229 Y125.208 E.05603
G1 X93.676 Y124.417 E.05603
G1 X92.215 Y123.468 E.05603
G1 X90.861 Y122.371 E.05603
G1 X89.629 Y121.139 E.05603
G1 X88.532 Y119.785 E.05603
G1 X87.583 Y118.324 E.05603
G1 X86.792 Y116.771 E.05603
G1 X86.168 Y115.144 E.05603
G1 X85.717 Y113.461 E.05603
G1 X85.444 Y111.74 E.05603
G1 X85.353 Y110 E.05603
G1 X85.444 Y108.26 E.05603
G1 X85.717 Y106.539 E.05603
G1 X86.168 Y104.856 E.05603
G1 X86.792 Y103.229 E.05603
G1 X87.583 Y101.676 E.05603
G1 X88.532 Y100.215 E.05603
G1 X89.629 Y98.861 E.05603
G1 X90.861 Y97.629 E.05603
G1 X92.215 Y96.532 E.05603
G1 X93.676 Y95.583 E.05603
G1 X95.229 Y94.792 E.05603
G1 X96.856 Y94.168 E.05603
G1 X98.539 Y93.717 E.05603
G1 X100.26 Y93.444 E.05603
G1 X102 Y93.353 E.05603
G1 X102.541 Y93.381 E.01742
G1 X103.74 Y93.444 E.03861
G1 X105.461 Y93.717 E.05603
G1 X107.144 Y94.168 E.05603
G1 X108.771 Y94.792 E.05603
G1 X110.324 Y95.583 E.05603
G1 X111.785 Y96.532 E.05603
G1 X113.139 Y97.629 E.05603
G1 X114.371 Y98.861 E.05603
G1 X115.468 Y100.215 E.05603
G1 X116.417 Y101.676 E.05603
G1 X117.208 Y103.229 E.05603
G1 X117.832 Y104.856 E.05603
G1 X118.283 Y106.539 E.05603
G1 X118.556 Y108.26 E.05603
G1 X118.647 Y110 E.05603
G1 X118.556 Y111.74 E.05603
G1 X118.283 Y113.461 E.05603
G1 X117.832 Y115.144 E.05603
G1 X117.208 Y116.771 E.05603
G1 X116.417 Y118.324 E.05603
G1 X115.468 Y119.785 E.05603
G1 X114.371 Y121.139 E.05603
G1 X113.139 Y122.371 E.05603
G1 X111.785 Y123.468 E.05603
G1 X110.324 Y124.417 E.05603
G1 X108.771 Y125.208 E.05603
G1 X107.144 Y125.832 E.05603
G1 X105.461 Y126.283 E.05603
G1 X103.74 Y126.556 E.05603
G1 X102.06 Y126.644 E.0541
G1 X102 Y126.239 F18000
G1 F3730
G1 X100.303 Y126.15 E.05466
G1 X98.624 Y125.885 E.05466
G1 X96.982 Y125.445 E.05466
G1 X95.395 Y124.836 E.05466
G1 X93.88 Y124.064 E.05466
G1 X92.455 Y123.138 E.05466
G1 X91.134 Y122.068 E.05466
G1 X89.932 Y120.866 E.05466
G1 X88.862 Y119.545 E.05466
G1 X87.936 Y118.12 E.05466
G1 X87.164 Y116.605 E.05466
G1 X86.555 Y115.018 E.05466
G1 X86.115 Y113.376 E.05466
G1 X85.85 Y111.697 E.05466
G1 X85.761 Y110 E.05466
G1 X85.85 Y108.303 E.05466
G1 X86.115 Y106.624 E.05466
G1 X86.555 Y104.982 E.05466
G1 X87.164 Y103.395 E.05466
G1 X87.936 Y101.88 E.05466
G1 X88.862 Y100.455 E.05466
G1 X89.932 Y99.134 E.05466
G1 X91.134 Y97.932 E.05466
G1 X92.455 Y96.862 E.05466
G1 X93.88 Y95.936 E.05466
G1 X95.395 Y95.164 E.05466
G1 X96.982 Y94.555 E.05466
G1 X98.624 Y94.115 E.05466
G1 X100.303 Y93.85 E.05466
G1 X102 Y93.761 E.05466
G1 X102.52 Y93.788 E.01673
G1 X103.697 Y93.85 E.03793
G1 X105.376 Y94.115 E.05466
G1 X107.018 Y94.555 E.05466
G1 X108.605 Y95.164 E.05466
G1 X110.12 Y95.936 E.05466
G1 X111.545 Y96.862 E.05466
G1 X112.866 Y97.932 E.05466
G1 X114.068 Y99.134 E.05466
G1 X115.138 Y100.455 E.05466
G1 X116.064 Y101.88 E.05466
G1 X116.835 Y103.395 E.05466
G1 X117.445 Y104.982 E.05466
G1 X117.885 Y106.624 E.05466
G1 X118.15 Y108.303 E.05466
G1 X118.239 Y110 E.05466
G1 X118.15 Y111.697 E.05466
G1 X117.885 Y113.376 E.05466
G1 X117.445 Y115.018 E.05466
G1 X116.835 Y116.605 E.05466
G1 X116.064 Y118.12 E.05466
G1 X115.138 Y119.545 E.05466
G1 X114.068 Y120.866 E.05466
G1 X112.866 Y122.068 E.05466
G1 X111.545 Y123.138 E.05466
G1 X110.12 Y124.064 E.05466
G1 X108.605 Y124.836 E.05466
G1 X107.018 Y125.445 E.05466
G1 X105.376 Y125.885 E.05466
G1 X103.697 Y126.15 E.05466
G1 X102.06 Y126.236 E.05273
G1 E-1.75 F6000
;WIPE_START
G1 X101.061 Y126.188 E-.75
;WIPE_END
G1 X101.102 Y125.415 Z4.84 F18000
G1 X101.663 Y125.444
G1 X101.979 Y125.461
G1 X102 Y125.06
G1 Z4.64
G1 E2.5 F6000
M204 P1000
;TYPE:Outer wall
;WIDTH:0.42
G1 F3600
G1 X103.574 Y124.978 E.04696
G1 X105.131 Y124.731 E.04696
G1 X106.654 Y124.323 E.04696
G1 X108.126 Y123.758 E.04696
G1 X109.53 Y123.043 E.04696
G1 X110.852 Y122.184 E.04696
G1 X112.077 Y121.192 E.04696
G1 X113.192 Y120.077 E.04696
G1 X114.184 Y118.852 E.04696
G1 X115.043 Y117.53 E.04696
G1 X115.758 Y116.126 E.04696
G1 X116.323 Y114.654 E.04696
G1 X116.731 Y113.131 E.04696
G1 X116.978 Y111.574 E.04696
G1 X117.06 Y110 E.04696
G1 X116.978 Y108.426 E.04696
G1 X116.731 Y106.869 E.04696
G1 X116.323 Y105.346 E.04696
G1 X115.758 Y103.874 E.04696
G1 X115.043 Y102.47 E.04696
G1 X114.184 Y101.148 E.04696
G1 X113.192 Y99.923 E.04696
G1 X112.077 Y98.808 E.04696
G1 X110.852 Y97.816 E.04696
G1 X109.53 Y96.957 E.04696
G1 X108.126 Y96.242 E.04696
G1 X106.654 Y95.677 E.04696
G1 X105.131 Y95.269 E.04696
G1 X103.574 Y95.022 E.04696
G1 X102 Y94.94 E.04696
G1 X101.494 Y94.966 E.01508
G1 X100.426 Y95.022 E.03187
G1 X98.869 Y95.269 E.04696
G1 X97.346 Y95.677 E.04696
G1 X95.874 Y96.242 E.04696
G1 X94.47 Y96.957 E.04695
G1 X93.148 Y97.816 E.04696
G1 X91.923 Y98.808 E.04696
G1 X90.808 Y99.923 E.04696
G1 X89.816 Y101.148 E.04696
G1 X88.957 Y102.47 E.04696
G1 X88.242 Y103.874 E.04696
G1 X87.677 Y105.346 E.04696
G1 X87.269 Y106.869 E.04696
G1 X87.022 Y108.426 E.04696
G1 X86.94 Y110 E.04696
G1 X87.022 Y111.574 E.04696
G1 X87.269 Y113.131 E.04696
G1 X87.677 Y114.654 E.04696
G1 X88.242 Y116.126 E.04696
G1 X88.957 Y117.53 E.04696
G1 X89.816 Y118.852 E.04696
G1 X90.808 Y120.077 E.04696
G1 X91.923 Y121.192 E.04696
G1 X93.148 Y122.184 E.04696
G1 X94.47 Y123.043 E.04696
G1 X95.874 Y123.758 E.04695
G1 X97.346 Y124.323 E.04696
G1 X98.869 Y124.731 E.04696
G1 X100.426 Y124.978 E.04696
G1 X101.94 Y125.057 E.04517
G1 X101.919 Y125.457 F18000
G1 X101.981 Y125.461
G1 X101.981 Y125.452
M204 P1500
;TYPE:Inner wall
;WIDTH:0.45
G1 F3730
G1 X102 Y125.453 E.00061
G1 X103.615 Y125.368 E.05201
G1 X105.213 Y125.115 E.05201
G1 X106.775 Y124.697 E.05201
G1 X108.285 Y124.117 E.05201
G1 X109.727 Y123.383 E.05201
G1 X111.083 Y122.502 E.05201
G1 X112.34 Y121.484 E.05201
G1 X113.484 Y120.34 E.05201
G1 X114.502 Y119.083 E.05201
G1 X115.383 Y117.727 E.05201
G1 X116.117 Y116.285 E.05201
G1 X116.697 Y114.775 E.05201
G1 X117.115 Y113.213 E.05201
G1 X117.368 Y111.615 E.05201
G1 X117.453 Y110 E.05201
G1 X117.368 Y108.385 E.05201
G1 X117.115 Y106.787 E.05201
G1 X116.697 Y105.225 E.05201
G1 X116.117 Y103.715 E.05201
G1 X115.383 Y102.273 E.05201
G1 X114.502 Y100.917 E.05201
G1 X113.484 Y99.66 E.05201
G1 X112.34 Y98.516 E.05201
G1 X111.083 Y97.498 E.05201
G1 X109.727 Y96.617 E.05201
G1 X108.285 Y95.883 E.05201
G1 X106.775 Y95.303 E.05201
G1 X105.213 Y94.885 E.05201
G1 X103.615 Y94.632 E.05201
G1 X102 Y94.547 E.05201
G1 X101.474 Y94.575 E.01695
G1 X100.385 Y94.632 E.03507
G1 X98.787 Y94.885 E.05201
G1 X97.225 Y95.303 E.05201
G1 X95.715 Y95.883 E.05201
G1 X94.273 Y96.617 E.05201
G1 X92.917 Y97.498 E.05201
G1 X91.66 Y98.516 E.05201
G1 X90.516 Y99.66 E.05201
G1 X89.498 Y100.917 E.05201
G1 X88.617 Y102.273 E.05201
G1 X87.883 Y103.715 E.05201
G1 X87.303 Y105.225 E.05201
G1 X86.885 Y106.787 E.05201
G1 X86.632 Y108.385 E.05201
G1 X86.547 Y110 E.05201
G1 X86.632 Y111.615 E.05201
G1 X86.885 Y113.213 E.05201
G1 X87.303 Y114.775 E.05201
G1 X87.883 Y116.285 E.05201
G1 X88.617 Y117.727 E.05201
G1 X89.498 Y119.083 E.05201
G1 X90.516 Y120.34 E.05201
G1 X91.66 Y121.484 E.05201
G1 X92.917 Y122.502 E.05201
G1 X94.273 Y123.383 E.05201
G1 X95.715 Y124.117 E.05201
G1 X97.225 Y124.697 E.05201
G1 X98.787 Y125.115 E.05201
G1 X100.385 Y125.368 E.05201
G1 X101.921 Y125.449 E.04947
G1 X101.961 Y125.859 F18000
G1 F3730
G1 X102 Y125.861 E.00125
G1 X103.658 Y125.774 E.05338
G1 X105.298 Y125.514 E.05339
G1 X106.901 Y125.084 E.05338
G1 X108.451 Y124.489 E.05338
G1 X109.93 Y123.736 E.05339
G1 X111.323 Y122.832 E.05339
G1 X112.613 Y121.787 E.05338
G1 X113.787 Y120.613 E.05339
G1 X114.832 Y119.323 E.05338
G1 X115.736 Y117.93 E.05339
G1 X116.489 Y116.451 E.05339
G1 X117.084 Y114.901 E.05338
G1 X117.514 Y113.298 E.05338
G1 X117.774 Y111.658 E.05339
G1 X117.861 Y110 E.05338
G1 X117.774 Y108.342 E.05338
G1 X117.514 Y106.702 E.05339
G1 X117.084 Y105.099 E.05338
G1 X116.489 Y103.549 E.05338
G1 X115.736 Y102.07 E.05339
G1 X114.832 Y100.677 E.05339
G1 X113.787 Y99.387 E.05338
G1 X112.613 Y98.213 E.05339
G1 X111.323 Y97.168 E.05338
G1 X109.93 Y96.264 E.05339
G1 X108.451 Y95.511 E.05339
G1 X106.901 Y94.916 E.05338
G1 X105.298 Y94.486 E.05338
G1 X103.658 Y94.226 E.05339
G1 X102 Y94.139 E.05338
G1 X101.452 Y94.168 E.01763
G1 X100.342 Y94.226 E.03575
G1 X98.702 Y94.486 E.05339
G1 X97.099 Y94.916 E.05339
G1 X95.549 Y95.511 E.05339
G1 X94.07 Y96.264 E.05338
G1 X92.677 Y97.168 E.05338
G1 X91.387 Y98.213 E.05339
G1 X90.213 Y99.387 E.05339
G1 X89.168 Y100.677 E.05338
G1 X88.264 Y102.07 E.05339
G1 X87.511 Y103.549 E.05339
G1 X86.916 Y105.099 E.05338
G1 X86.486 Y106.702 E.05338
G1 X86.226 Y108.342 E.05339
G1 X86.139 Y110 E.05338
G1 X86.226 Y111.658 E.05338
G1 X86.486 Y113.298 E.05339
G1 X86.916 Y114.901 E.05338
G1 X87.511 Y116.451 E.05338
G1 X88.264 Y117.93 E.05339
G1 X89.168 Y119.323 E.05339
G1 X90.213 Y120.613 E.05338
G1 X91.387 Y121.787 E.05339
G1 X92.677 Y122.832 E.05339
G1 X94.07 Y123.736 E.05338
G1 X95.549 Y124.489 E.05338
G1 X97.099 Y125.084 E.05339
G1 X98.702 Y125.514 E.05339
G1 X100.342 Y125.774 E.05339
G1 X101.901 Y125.856 E.05021
; stop printing object mid_plate.stl id:1992740639744 copy 0
;LAYER_CHANGE
;Z:4.84
;HEIGHT:0.2
G92 E0 ; zero the extruded length again
; BEFORE_LAYER_CHANGE 23 @ 4.84mm
G1 E-1.75 F6000
;WIPE_START
G1 X102 Y125.861 E-.07409
G1 X102.9 Y125.814 E-.67592
;WIPE_END
; AFTER_LAYER_CHANGE 23 @ 4.84mm
;_SET_FAN_SPEED_CHANGING_LAYER
; printing object mid_plate.stl id:1992740639744 copy 0
G17
G3 Z5.04 I-.608 J.032 P1  F18000
G1 X102.941 Y126.589 Z5.04
G1 X102.273 Y126.624
G1 X102 Y126.638
G1 X102 Y127.04
G1 Z4.84
G1 E2.5 F6000
M204 P1000
;TYPE:Outer wall
;WIDTH:0.42
G1 F3600
G1 X100.219 Y126.946 E.05313
G1 X98.457 Y126.667 E.05313
G1 X96.734 Y126.206 E.05312
G1 X95.069 Y125.567 E.05313
G1 X93.48 Y124.757 E.05313
G1 X91.984 Y123.785 E.05313
G1 X90.598 Y122.663 E.05313
G1 X89.337 Y121.402 E.05312
G1 X88.215 Y120.016 E.05313
G1 X87.243 Y118.52 E.05313
G1 X86.433 Y116.931 E.05313
G1 X85.794 Y115.266 E.05313
G1 X85.333 Y113.543 E.05313
G1 X85.054 Y111.781 E.05313
G1 X84.96 Y110 E.05313
G1 X85.054 Y108.219 E.05313
G1 X85.333 Y106.457 E.05313
G1 X85.794 Y104.734 E.05313
G1 X86.433 Y103.069 E.05313
G1 X87.243 Y101.48 E.05313
G1 X88.215 Y99.984 E.05313
G1 X89.337 Y98.598 E.05313
G1 X90.598 Y97.337 E.05312
G1 X91.984 Y96.215 E.05313
G1 X93.48 Y95.243 E.05313
G1 X95.069 Y94.433 E.05313
G1 X96.734 Y93.794 E.05313
G1 X98.457 Y93.333 E.05312
G1 X100.219 Y93.054 E.05313
G1 X102 Y92.96 E.05313
G1 X102.607 Y92.992 E.01809
G1 X103.781 Y93.054 E.03503
G1 X105.543 Y93.333 E.05313
G1 X107.266 Y93.794 E.05313
G1 X108.931 Y94.433 E.05313
G1 X110.52 Y95.243 E.05313
G1 X112.016 Y96.215 E.05313
G1 X113.402 Y97.337 E.05313
G1 X114.663 Y98.598 E.05313
G1 X115.785 Y99.984 E.05313
G1 X116.426 Y100.971 E.03503
G1 X116.757 Y101.48 E.01809
G1 X117.567 Y103.069 E.05313
G1 X118.206 Y104.734 E.05313
G1 X118.667 Y106.457 E.05313
G1 X118.946 Y108.219 E.05313
G1 X119.04 Y110 E.05313
G1 X118.946 Y111.781 E.05313
G1 X118.667 Y113.543 E.05313
G1 X118.206 Y115.266 E.05313
G1 X117.567 Y116.931 E.05313
G1 X116.757 Y118.52 E.05313
G1 X115.785 Y120.016 E.05313
G1 X114.663 Y121.402 E.05313
G1 X113.402 Y122.663 E.05313
G1 X112.016 Y123.785 E.05313
G1 X110.52 Y124.757 E.05313
G1 X108.931 Y125.567 E.05313
G1 X107.266 Y126.206 E.05313
G1 X105.543 Y126.667 E.05313
G1 X103.781 Y126.946 E.05313
G1 X102.06 Y127.037 E.05134
G1 X102.039 Y126.636 F18000
G1 X102 Y126.638
G1 X102 Y126.638
G1 X102 Y126.647
M204 P1500
;TYPE:Inner wall
;WIDTH:0.45
G1 F3730
G1 X100.26 Y126.556 E.05603
G1 X98.539 Y126.283 E.05603
G1 X96.856 Y125.832 E.05603
G1 X95.229 Y125.208 E.05603
G1 X93.676 Y124.417 E.05603
G1 X92.215 Y123.468 E.05603
G1 X90.861 Y122.371 E.05603
G1 X89.629 Y121.139 E.05603
G1 X88.532 Y119.785 E.05603
G1 X87.583 Y118.324 E.05603
G1 X86.792 Y116.771 E.05603
G1 X86.168 Y115.144 E.05603
G1 X85.717 Y113.461 E.05603
G1 X85.444 Y111.74 E.05603
G1 X85.353 Y110 E.05603
G1 X85.444 Y108.26 E.05603
G1 X85.717 Y106.539 E.05603
G1 X86.168 Y104.856 E.05603
G1 X86.792 Y103.229 E.05603
G1 X87.583 Y101.676 E.05603
G1 X88.532 Y100.215 E.05603
G1 X89.629 Y98.861 E.05603
G1 X90.861 Y97.629 E.05603
G1 X92.215 Y96.532 E.05603
G1 X93.676 Y95.583 E.05603
G1 X95.229 Y94.792 E.05603
G1 X96.856 Y94.168 E.05603
G1 X98.539 Y93.717 E.05603
G1 X100.26 Y93.444 E.05603
G1 X102 Y93.353 E.05603
G1 X102.586 Y93.384 E.01887
G1 X103.74 Y93.444 E.03716
G1 X105.461 Y93.717 E.05603
G1 X107.144 Y94.168 E.05603
G1 X108.771 Y94.792 E.05603
G1 X110.324 Y95.583 E.05603
G1 X111.785 Y96.532 E.05603
G1 X113.139 Y97.629 E.05603
G1 X114.371 Y98.861 E.05603
G1 X115.468 Y100.215 E.05603
G1 X116.097 Y101.184 E.03716
G1 X116.417 Y101.676 E.01887
G1 X117.208 Y103.229 E.05603
G1 X117.832 Y104.856 E.05603
G1 X118.283 Y106.539 E.05603
G1 X118.556 Y108.26 E.05603
G1 X118.647 Y110 E.05603
G1 X118.556 Y111.74 E.05603
G1 X118.283 Y113.461 E.05603
G1 X117.832 Y115.144 E.05603
G1 X117.208 Y116.771 E.05603
G1 X116.417 Y118.324 E.05603
G1 X115.468 Y119.785 E.05603
G1 X114.371 Y121.139 E.05603
G1 X113.139 Y122.371 E.05603
G1 X111.785 Y123.468 E.05603
G1 X110.324 Y124.417 E.05603
G1 X108.771 Y125.208 E.05603
G1 X107.144 Y125.832 E.05603
G1 X105.461 Y126.283 E.05603
G1 X103.74 Y126.556 E.05603
G1 X102.06 Y126.644 E.0541
G1 X102 Y126.239 F18000
G1 F3730
G1 X100.303 Y126.15 E.05466
G1 X98.624 Y125.885 E.05466
G1 X96.982 Y125.445 E.05466
G1 X95.395 Y124.836 E.05466
G1 X93.88 Y124.064 E.05466
G1 X92.455 Y123.138 E.05466
G1 X91.134 Y122.068 E.05466
G1 X89.932 Y120.866 E.05466
G1 X88.862 Y119.545 E.05466
G1 X87.936 Y118.12 E.05466
G1 X87.164 Y116.605 E.05466
G1 X86.555 Y115.018 E.05466
G1 X86.115 Y113.376 E.05466
G1 X85.85 Y111.697 E.05466
G1 X85.761 Y110 E.05466
G1 X85.85 Y108.303 E.05466
G1 X86.115 Y106.624 E.05466
G1 X86.555 Y104.982 E.05466
G1 X87.164 Y103.395 E.05466
G1 X87.936 Y101.88 E.05466
G1 X88.862 Y100.455 E.05466
G1 X89.932 Y99.134 E.05466
G1 X91.134 Y97.932 E.05466
G1 X92.455 Y96.862 E.05466
G1 X93.88 Y95.936 E.05466
G1 X95.395 Y95.164 E.05466
G1 X96.982 Y94.555 E.05466
G1 X98.624 Y94.115 E.05466
G1 X100.303 Y93.85 E.05466
G1 X102 Y93.761 E.05466
G1 X102.565 Y93.79 E.01819
G1 X103.697 Y93.85 E.03647
G1 X105.376 Y94.115 E.05466
G1 X107.018 Y94.555 E.05466
G1 X108.605 Y95.164 E.05466
G1 X110.12 Y95.936 E.05466
G1 X111.545 Y96.862 E.05466
G1 X112.866 Y97.932 E.05466
G1 X114.068 Y99.134 E.05466
G1 X115.138 Y100.455 E.05466
G1 X115.756 Y101.406 E.03647
G1 X116.064 Y101.88 E.01819
G1 X116.835 Y103.395 E.05466
G1 X117.445 Y104.982 E.05466
G1 X117.885 Y106.624 E.05466
G1 X118.15 Y108.303 E.05466
G1 X118.239 Y110 E.05466
G1 X118.15 Y111.697 E.05466
G1 X117.885 Y113.376 E.05466
G1 X117.445 Y115.018 E.05466
G1 X116.835 Y116.605 E.05466
G1 X116.064 Y118.12 E.05466
G1 X115.138 Y119.545 E.05466
G1 X114.068 Y120.866 E.05466
G1 X112.866 Y122.068 E.05466
G1 X111.545 Y123.138 E.05466
G1 X110.12 Y124.064 E.05466
G1 X108.605 Y124.836 E.05466
G1 X107.018 Y125.445 E.05466
G1 X105.376 Y125.885 E.05466
G1 X103.697 Y126.15 E.05466
G1 X102.06 Y126.236 E.05273
G1 E-1.75 F6000
;WIPE_START
G1 X101.061 Y126.188 E-.75
;WIPE_END
G1 X101.102 Y125.415 Z5.04 F18000
G1 X101.663 Y125.444
G1 X101.979 Y125.461
G1 X102 Y125.06
G1 Z4.84
G1 E2.5 F6000
M204 P1000
;TYPE:Outer wall
;WIDTH:0.42
G1 F3600
G1 X103.574 Y124.978 E.04696
G1 X105.131 Y124.731 E.04696
G1 X106.654 Y124.323 E.04696
G1 X108.126 Y123.758 E.04696
G1 X109.53 Y123.043 E.04696
G1 X110.852 Y122.184 E.04696
G1 X112.077 Y121.192 E.04696
G1 X113.192 Y120.077 E.04696
G1 X114.184 Y118.852 E.04696
G1 X115.043 Y117.53 E.04696
G1 X115.758 Y116.126 E.04696
G1 X116.323 Y114.654 E.04696
G1 X116.731 Y113.131 E.04696
G1 X116.978 Y111.574 E.04696
G1 X117.06 Y110 E.04696
G1 X116.978 Y108.426 E.04696
G1 X116.731 Y106.869 E.04696
G1 X116.323 Y105.346 E.04696
G1 X115.758 Y103.874 E.04696
G1 X115.043 Y102.47 E.04696
G1 X114.184 Y101.148 E.04696
G1 X113.192 Y99.923 E.04696
G1 X112.077 Y98.808 E.04696
G1 X110.852 Y97.816 E.04696
G1 X109.53 Y96.957 E.04696
G1 X108.126 Y96.242 E.04696
G1 X106.654 Y95.677 E.04696
G1 X105.131 Y95.269 E.04696
G1 X103.574 Y95.022 E.04696
G1 X102 Y94.94 E.04696
G1 X101.456 Y94.968 E.01623
G1 X100.426 Y95.022 E.03072
G1 X98.869 Y95.269 E.04696
G1 X97.346 Y95.677 E.04696
G1 X95.874 Y96.242 E.04696
G1 X94.47 Y96.957 E.04695
G1 X93.148 Y97.816 E.04696
G1 X91.923 Y98.808 E.04696
G1 X90.808 Y99.923 E.04696
G1 X89.816 Y101.148 E.04696
G1 X88.957 Y102.47 E.04696
G1 X88.242 Y103.874 E.04696
G1 X87.677 Y105.346 E.04696
G1 X87.269 Y106.869 E.04696
G1 X87.022 Y108.426 E.04696
G1 X86.94 Y110 E.04696
G1 X87.022 Y111.574 E.04696
G1 X87.269 Y113.131 E.04696
G1 X87.677 Y114.654 E.04696
G1 X88.242 Y116.126 E.04696
G1 X88.957 Y117.53 E.04696
G1 X89.816 Y118.852 E.04696
G1 X90.808 Y120.077 E.04696
G1 X91.923 Y121.192 E.04696
G1 X93.148 Y122.184 E.04696
G1 X94.47 Y123.043 E.04696
G1 X95.874 Y123.758 E.04695
G1 X97.346 Y124.323 E.04696
G1 X98.869 Y124.731 E.04696
G1 X100.426 Y124.978 E.04696
G1 X101.94 Y125.057 E.04517
G1 X101.919 Y125.457 F18000
G1 X101.981 Y125.461
G1 X101.981 Y125.452
M204 P1500
;TYPE:Inner wall
;WIDTH:0.45
G1 F3730
G1 X102 Y125.453 E.00061
G1 X103.615 Y125.368 E.05201
G1 X105.213 Y125.115 E.05201
G1 X106.775 Y124.697 E.05201
G1 X108.285 Y124.117 E.05201
G1 X109.727 Y123.383 E.05201
G1 X111.083 Y122.502 E.05201
G1 X112.34 Y121.484 E.05201
G1 X113.484 Y120.34 E.05201
G1 X114.502 Y119.083 E.05201
G1 X115.383 Y117.727 E.05201
G1 X116.117 Y116.285 E.05201
G1 X116.697 Y114.775 E.05201
G1 X117.115 Y113.213 E.05201
G1 X117.368 Y111.615 E.05201
G1 X117.453 Y110 E.05201
G1 X117.368 Y108.385 E.05201
G1 X117.115 Y106.787 E.05201
G1 X116.697 Y105.225 E.05201
G1 X116.117 Y103.715 E.05201
G1 X115.383 Y102.273 E.05201
G1 X114.502 Y100.917 E.05201
G1 X113.484 Y99.66 E.05201
G1 X112.34 Y98.516 E.05201
G1 X111.083 Y97.498 E.05201
G1 X109.727 Y96.617 E.05201
G1 X108.285 Y95.883 E.05201
G1 X106.775 Y95.303 E.05201
G1 X105.213 Y94.885 E.05201
G1 X103.615 Y94.632 E.05201
G1 X102 Y94.547 E.05201
G1 X101.435 Y94.577 E.01819
G1 X100.385 Y94.632 E.03383
G1 X98.787 Y94.885 E.05201
G1 X97.225 Y95.303 E.05201
G1 X95.715 Y95.883 E.05201
G1 X94.273 Y96.617 E.05201
G1 X92.917 Y97.498 E.05201
G1 X91.66 Y98.516 E.05201
G1 X90.516 Y99.66 E.05201
G1 X89.498 Y100.917 E.05201
G1 X88.617 Y102.273 E.05201
G1 X87.883 Y103.715 E.05201
G1 X87.303 Y105.225 E.05201
G1 X86.885 Y106.787 E.05201
G1 X86.632 Y108.385 E.05201
G1 X86.547 Y110 E.05201
G1 X86.632 Y111.615 E.05201
G1 X86.885 Y113.213 E.05201
G1 X87.303 Y114.775 E.05201
G1 X87.883 Y116.285 E.05201
G1 X88.617 Y117.727 E.05201
G1 X89.498 Y119.083 E.05201
G1 X90.516 Y120.34 E.05201
G1 X91.66 Y121.484 E.05201
G1 X92.917 Y122.502 E.05201
G1 X94.273 Y123.383 E.05201
G1 X95.715 Y124.117 E.05201
G1 X97.225 Y124.697 E.05201
G1 X98.787 Y125.115 E.05201
G1 X100.385 Y125.368 E.05201
G1 X101.921 Y125.449 E.04947
G1 X101.961 Y125.859 F18000
G1 F3730
G1 X102 Y125.861 E.00125
G1 X103.658 Y125.774 E.05338
G1 X105.298 Y125.514 E.05339
G1 X106.901 Y125.084 E.05338
G1 X108.451 Y124.489 E.05338
G1 X109.93 Y123.736 E.05339
G1 X111.323 Y122.832 E.05339
G1 X112.613 Y121.787 E.05338
G1 X113.787 Y120.613 E.05339
G1 X114.832 Y119.323 E.05338
G1 X115.736 Y117.93 E.05339
G1 X116.489 Y116.451 E.05339
G1 X117.084 Y114.901 E.05338
G1 X117.514 Y113.298 E.05338
G1 X117.774 Y111.658 E.05339
G1 X117.861 Y110 E.05338
G1 X117.774 Y108.342 E.05338
G1 X117.514 Y106.702 E.05339
G1 X117.084 Y105.099 E.05338
G1 X116.489 Y103.549 E.05338
G1 X115.736 Y102.07 E.05339
G1 X114.832 Y100.677 E.05339
G1 X113.787 Y99.387 E.05338
G1 X112.613 Y98.213 E.05339
G1 X111.323 Y97.168 E.05338
G1 X109.93 Y96.264 E.05339
G1 X108.451 Y95.511 E.05339
G1 X106.901 Y94.916 E.05338
G1 X105.298 Y94.486 E.05338
G1 X103.658 Y94.226 E.05339
G1 X102 Y94.139 E.05338
G1 X101.414 Y94.17 E.01887
G1 X100.342 Y94.226 E.03451
G1 X98.702 Y94.486 E.05339
G1 X97.099 Y94.916 E.05339
G1 X95.549 Y95.511 E.05339
G1 X94.07 Y96.264 E.05338
G1 X92.677 Y97.168 E.05338
G1 X91.387 Y98.213 E.05339
G1 X90.213 Y99.387 E.05339
G1 X89.168 Y100.677 E.05338
G1 X88.264 Y102.07 E.05339
G1 X87.511 Y103.549 E.05339
G1 X86.916 Y105.099 E.05338
G1 X86.486 Y106.702 E.05338
G1 X86.226 Y108.342 E.05339
G1 X86.139 Y110 E.05338
G1 X86.226 Y111.658 E.05338
G1 X86.486 Y113.298 E.05339
G1 X86.916 Y114.901 E.05338
G1 X87.511 Y116.451 E.05338
G1 X88.264 Y117.93 E.05339
G1 X89.168 Y119.323 E.05339
G1 X90.213 Y120.613 E.05338
G1 X91.387 Y121.787 E.05339
G1 X92.677 Y122.832 E.05339
G1 X94.07 Y123.736 E.05338
G1 X95.549 Y124.489 E.05338
G1 X97.099 Y125.084 E.05339
G1 X98.702 Y125.514 E.05339
G1 X100.342 Y125.774 E.05339
G1 X101.901 Y125.856 E.05021
; stop printing object mid_plate.stl id:1992740639744 copy 0
;LAYER_CHANGE
;Z:5.04
;HEIGHT:0.2
G92 E0 ; zero the extruded length again
; BEFORE_LAYER_CHANGE 24 @ 5.04mm
G1 E-1.75 F6000
;WIPE_START
G1 X102 Y125.861 E-.07409
G1 X102.9 Y125.814 E-.67592
;WIPE_END
; AFTER_LAYER_CHANGE 24 @ 5.04mm
;_SET_FAN_SPEED_CHANGING_LAYER
; printing object mid_plate.stl id:1992740639744 copy 0
G17
G3 Z5.24 I-.608 J.032 P1  F18000
G1 X102.941 Y126.589 Z5.24
G1 X102.273 Y126.624
G1 X102 Y126.638
G1 X102 Y127.04
G1 Z5.04
G1 E2.5 F6000
M204 P1000
;TYPE:Outer wall
;WIDTH:0.42
G1 F3600
G1 X100.219 Y126.946 E.05313
G1 X98.457 Y126.667 E.05313
G1 X96.734 Y126.206 E.05312
G1 X95.069 Y125.567 E.05313
G1 X93.48 Y124.757 E.05313
G1 X91.984 Y123.785 E.05313
G1 X90.598 Y122.663 E.05313
G1 X89.337 Y121.402 E.05312
G1 X88.215 Y120.016 E.05313
G1 X87.243 Y118.52 E.05313
G1 X86.433 Y116.931 E.05313
G1 X85.794 Y115.266 E.05313
G1 X85.333 Y113.543 E.05313
G1 X85.054 Y111.781 E.05313
G1 X84.96 Y110 E.05313
G1 X85.054 Y108.219 E.05313
G1 X85.333 Y106.457 E.05313
G1 X85.794 Y104.734 E.05313
G1 X86.433 Y103.069 E.05313
G1 X87.243 Y101.48 E.05313
G1 X88.215 Y99.984 E.05313
G1 X89.337 Y98.598 E.05313
G1 X90.598 Y97.337 E.05312
G1 X91.984 Y96.215 E.05313
G1 X93.48 Y95.243 E.05313
G1 X95.069 Y94.433 E.05313
G1 X96.734 Y93.794 E.05313
G1 X98.457 Y93.333 E.05312
G1 X100.219 Y93.054 E.05313
G1 X102 Y92.96 E.05313
G1 X102.652 Y92.994 E.01944
G1 X103.781 Y93.054 E.03369
G1 X105.543 Y93.333 E.05313
G1 X107.266 Y93.794 E.05313
G1 X108.931 Y94.433 E.05313
G1 X110.52 Y95.243 E.05313
G1 X112.016 Y96.215 E.05313
G1 X113.402 Y97.337 E.05313
G1 X114.663 Y98.598 E.05313
G1 X115.785 Y99.984 E.05313
G1 X116.757 Y101.48 E.05313
G1 X117.567 Y103.069 E.05313
G1 X118.206 Y104.734 E.05313
G1 X118.667 Y106.457 E.05313
G1 X118.946 Y108.219 E.05313
G1 X119.04 Y110 E.05313
G1 X118.946 Y111.781 E.05313
G1 X118.667 Y113.543 E.05313
G1 X118.206 Y115.266 E.05313
G1 X117.567 Y116.931 E.05313
G1 X116.757 Y118.52 E.05313
G1 X115.785 Y120.016 E.05313
G1 X114.663 Y121.402 E.05313
G1 X113.402 Y122.663 E.05313
G1 X112.016 Y123.785 E.05313
G1 X110.52 Y124.757 E.05313
G1 X108.931 Y125.567 E.05313
G1 X107.266 Y126.206 E.05313
G1 X105.543 Y126.667 E.05313
G1 X103.781 Y126.946 E.05313
G1 X102.06 Y127.037 E.05134
G1 X102.039 Y126.636 F18000
G1 X102 Y126.638
G1 X102 Y126.638
G1 X102 Y126.647
M204 P1500
;TYPE:Inner wall
;WIDTH:0.45
G1 F3730
G1 X100.26 Y126.556 E.05603
G1 X98.539 Y126.283 E.05603
G1 X96.856 Y125.832 E.05603
G1 X95.229 Y125.208 E.05603
G1 X93.676 Y124.417 E.05603
G1 X92.215 Y123.468 E.05603
G1 X90.861 Y122.371 E.05603
G1 X89.629 Y121.139 E.05603
G1 X88.532 Y119.785 E.05603
G1 X87.583 Y118.324 E.05603
G1 X86.792 Y116.771 E.05603
G1 X86.168 Y115.144 E.05603
G1 X85.717 Y113.461 E.05603
G1 X85.444 Y111.74 E.05603
G1 X85.353 Y110 E.05603
G1 X85.444 Y108.26 E.05603
G1 X85.717 Y106.539 E.05603
G1 X86.168 Y104.856 E.05603
G1 X86.792 Y103.229 E.05603
G1 X87.583 Y101.676 E.05603
G1 X88.532 Y100.215 E.05603
G1 X89.629 Y98.861 E.05603
G1 X90.861 Y97.629 E.05603
G1 X92.215 Y96.532 E.05603
G1 X93.676 Y95.583 E.05603
G1 X95.229 Y94.792 E.05603
G1 X96.856 Y94.168 E.05603
G1 X98.539 Y93.717 E.05603
G1 X100.26 Y93.444 E.05603
G1 X102 Y93.353 E.05603
G1 X102.631 Y93.386 E.02032
G1 X103.74 Y93.444 E.03571
G1 X105.461 Y93.717 E.05603
G1 X107.144 Y94.168 E.05603
G1 X108.771 Y94.792 E.05603
G1 X110.324 Y95.583 E.05603
G1 X111.785 Y96.532 E.05603
G1 X113.139 Y97.629 E.05603
G1 X114.371 Y98.861 E.05603
G1 X115.468 Y100.215 E.05603
G1 X116.417 Y101.676 E.05603
G1 X117.208 Y103.229 E.05603
G1 X117.832 Y104.856 E.05603
G1 X118.283 Y106.539 E.05603
G1 X118.556 Y108.26 E.05603
G1 X118.647 Y110 E.05603
G1 X118.556 Y111.74 E.05603
G1 X118.283 Y113.461 E.05603
G1 X117.832 Y115.144 E.05603
G1 X117.208 Y116.771 E.05603
G1 X116.417 Y118.324 E.05603
G1 X115.468 Y119.785 E.05603
G1 X114.371 Y121.139 E.05603
G1 X113.139 Y122.371 E.05603
G1 X111.785 Y123.468 E.05603
G1 X110.324 Y124.417 E.05603
G1 X108.771 Y125.208 E.05603
G1 X107.144 Y125.832 E.05603
G1 X105.461 Y126.283 E.05603
G1 X103.74 Y126.556 E.05603
G1 X102.06 Y126.644 E.0541
G1 X102 Y126.239 F18000
G1 F3730
G1 X100.303 Y126.15 E.05466
G1 X98.624 Y125.885 E.05466
G1 X96.982 Y125.445 E.05466
G1 X95.395 Y124.836 E.05466
G1 X93.88 Y124.064 E.05466
G1 X92.455 Y123.138 E.05466
G1 X91.134 Y122.068 E.05466
G1 X89.932 Y120.866 E.05466
G1 X88.862 Y119.545 E.05466
G1 X87.936 Y118.12 E.05466
G1 X87.164 Y116.605 E.05466
G1 X86.555 Y115.018 E.05466
G1 X86.115 Y113.376 E.05466
G1 X85.85 Y111.697 E.05466
G1 X85.761 Y110 E.05466
G1 X85.85 Y108.303 E.05466
G1 X86.115 Y106.624 E.05466
G1 X86.555 Y104.982 E.05466
G1 X87.164 Y103.395 E.05466
G1 X87.936 Y101.88 E.05466
G1 X88.862 Y100.455 E.05466
G1 X89.932 Y99.134 E.05466
G1 X91.134 Y97.932 E.05466
G1 X92.455 Y96.862 E.05466
G1 X93.88 Y95.936 E.05466
G1 X95.395 Y95.164 E.05466
G1 X96.982 Y94.555 E.05466
G1 X98.624 Y94.115 E.05466
G1 X100.303 Y93.85 E.05466
G1 X102 Y93.761 E.05466
G1 X102.61 Y93.793 E.01964
G1 X103.697 Y93.85 E.03502
G1 X105.376 Y94.115 E.05466
G1 X107.018 Y94.555 E.05466
G1 X108.605 Y95.164 E.05466
G1 X110.12 Y95.936 E.05466
G1 X111.545 Y96.862 E.05466
G1 X112.866 Y97.932 E.05466
G1 X114.068 Y99.134 E.05466
G1 X115.138 Y100.455 E.05466
G1 X116.064 Y101.88 E.05466
G1 X116.835 Y103.395 E.05466
G1 X117.445 Y104.982 E.05466
G1 X117.885 Y106.624 E.05466
G1 X118.15 Y108.303 E.05466
G1 X118.239 Y110 E.05466
G1 X118.15 Y111.697 E.05466
G1 X117.885 Y113.376 E.05466
G1 X117.445 Y115.018 E.05466
G1 X116.835 Y116.605 E.05466
G1 X116.064 Y118.12 E.05466
G1 X115.138 Y119.545 E.05466
G1 X114.068 Y120.866 E.05466
G1 X112.866 Y122.068 E.05466
G1 X111.545 Y123.138 E.05466
G1 X110.12 Y124.064 E.05466
G1 X108.605 Y124.836 E.05466
G1 X107.018 Y125.445 E.05466
G1 X105.376 Y125.885 E.05466
G1 X103.697 Y126.15 E.05466
G1 X102.06 Y126.236 E.05273
G1 E-1.75 F6000
;WIPE_START
G1 X101.061 Y126.188 E-.75
;WIPE_END
G1 X101.102 Y125.415 Z5.24 F18000
G1 X101.663 Y125.444
G1 X101.979 Y125.461
G1 X102 Y125.06
G1 Z5.04
G1 E2.5 F6000
M204 P1000
;TYPE:Outer wall
;WIDTH:0.42
G1 F3600
G1 X103.574 Y124.978 E.04696
G1 X105.131 Y124.731 E.04696
G1 X106.654 Y124.323 E.04696
G1 X108.126 Y123.758 E.04696
G1 X109.53 Y123.043 E.04696
G1 X110.852 Y122.184 E.04696
G1 X112.077 Y121.192 E.04696
G1 X113.192 Y120.077 E.04696
G1 X114.184 Y118.852 E.04696
G1 X115.043 Y117.53 E.04696
G1 X115.758 Y116.126 E.04696
G1 X116.323 Y114.654 E.04696
G1 X116.731 Y113.131 E.04696
G1 X116.978 Y111.574 E.04696
G1 X117.06 Y110 E.04696
G1 X116.978 Y108.426 E.04696
G1 X116.731 Y106.869 E.04696
G1 X116.323 Y105.346 E.04696
G1 X115.758 Y103.874 E.04696
G1 X115.043 Y102.47 E.04696
G1 X114.184 Y101.148 E.04696
G1 X113.192 Y99.923 E.04696
G1 X112.077 Y98.808 E.04696
G1 X110.852 Y97.816 E.04696
G1 X109.53 Y96.957 E.04696
G1 X108.126 Y96.242 E.04696
G1 X106.654 Y95.677 E.04696
G1 X105.131 Y95.269 E.04696
G1 X103.574 Y95.022 E.04696
G1 X102 Y94.94 E.04696
G1 X101.417 Y94.97 E.01738
G1 X100.426 Y95.022 E.02957
G1 X98.869 Y95.269 E.04696
G1 X97.346 Y95.677 E.04696
G1 X95.874 Y96.242 E.04696
G1 X94.47 Y96.957 E.04695
G1 X93.148 Y97.816 E.04696
G1 X91.923 Y98.808 E.04696
G1 X90.808 Y99.923 E.04696
G1 X89.816 Y101.148 E.04696
G1 X88.957 Y102.47 E.04696
G1 X88.242 Y103.874 E.04696
G1 X87.677 Y105.346 E.04696
G1 X87.269 Y106.869 E.04696
G1 X87.022 Y108.426 E.04696
G1 X86.94 Y110 E.04696
G1 X87.022 Y111.574 E.04696
G1 X87.269 Y113.131 E.04696
G1 X87.677 Y114.654 E.04696
G1 X88.242 Y116.126 E.04696
G1 X88.957 Y117.53 E.04696
G1 X89.816 Y118.852 E.04696
G1 X90.808 Y120.077 E.04696
G1 X91.923 Y121.192 E.04696
G1 X93.148 Y122.184 E.04696
G1 X94.47 Y123.043 E.04696
G1 X95.874 Y123.758 E.04695
G1 X97.346 Y124.323 E.04696
G1 X98.869 Y124.731 E.04696
G1 X100.426 Y124.978 E.04696
G1 X101.94 Y125.057 E.04517
G1 X101.919 Y125.457 F18000
G1 X101.981 Y125.461
G1 X101.981 Y125.452
M204 P1500
;TYPE:Inner wall
;WIDTH:0.45
G1 F3730
G1 X102 Y125.453 E.00061
G1 X103.615 Y125.368 E.05201
G1 X105.213 Y125.115 E.05201
G1 X106.775 Y124.697 E.05201
G1 X108.285 Y124.117 E.05201
G1 X109.727 Y123.383 E.05201
G1 X111.083 Y122.502 E.05201
G1 X112.34 Y121.484 E.05201
G1 X113.484 Y120.34 E.05201
G1 X114.502 Y119.083 E.05201
G1 X115.383 Y117.727 E.05201
G1 X116.117 Y116.285 E.05201
G1 X116.697 Y114.775 E.05201
G1 X117.115 Y113.213 E.05201
G1 X117.368 Y111.615 E.05201
G1 X117.453 Y110 E.05201
G1 X117.368 Y108.385 E.05201
G1 X117.115 Y106.787 E.05201
G1 X116.697 Y105.225 E.05201
G1 X116.117 Y103.715 E.05201
G1 X115.383 Y102.273 E.05201
G1 X114.502 Y100.917 E.05201
G1 X113.484 Y99.66 E.05201
G1 X112.34 Y98.516 E.05201
G1 X111.083 Y97.498 E.05201
G1 X109.727 Y96.617 E.05201
G1 X108.285 Y95.883 E.05201
G1 X106.775 Y95.303 E.05201
G1 X105.213 Y94.885 E.05201
G1 X103.615 Y94.632 E.05201
G1 X102 Y94.547 E.05201
G1 X101.397 Y94.579 E.01943
G1 X100.385 Y94.632 E.03258
G1 X98.787 Y94.885 E.05201
G1 X97.225 Y95.303 E.05201
G1 X95.715 Y95.883 E.05201
G1 X94.273 Y96.617 E.05201
G1 X92.917 Y97.498 E.05201
G1 X91.66 Y98.516 E.05201
G1 X90.516 Y99.66 E.05201
G1 X89.498 Y100.917 E.05201
G1 X88.617 Y102.273 E.05201
G1 X87.883 Y103.715 E.05201
G1 X87.303 Y105.225 E.05201
G1 X86.885 Y106.787 E.05201
G1 X86.632 Y108.385 E.05201
G1 X86.547 Y110 E.05201
G1 X86.632 Y111.615 E.05201
G1 X86.885 Y113.213 E.05201
G1 X87.303 Y114.775 E.05201
G1 X87.883 Y116.285 E.05201
G1 X88.617 Y117.727 E.05201
G1 X89.498 Y119.083 E.05201
G1 X90.516 Y120.34 E.05201
G1 X91.66 Y121.484 E.05201
G1 X92.917 Y122.502 E.05201
G1 X94.273 Y123.383 E.05201
G1 X95.715 Y124.117 E.05201
G1 X97.225 Y124.697 E.05201
G1 X98.787 Y125.115 E.05201
G1 X100.385 Y125.368 E.05201
G1 X101.921 Y125.449 E.04947
G1 X101.961 Y125.859 F18000
G1 F3730
G1 X102 Y125.861 E.00125
G1 X103.658 Y125.774 E.05338
G1 X105.298 Y125.514 E.05339
G1 X106.901 Y125.084 E.05338
G1 X108.451 Y124.489 E.05338
G1 X109.93 Y123.736 E.05339
G1 X111.323 Y122.832 E.05339
G1 X112.613 Y121.787 E.05338
G1 X113.787 Y120.613 E.05339
G1 X114.832 Y119.323 E.05338
G1 X115.736 Y117.93 E.05339
G1 X116.489 Y116.451 E.05339
G1 X117.084 Y114.901 E.05338
G1 X117.514 Y113.298 E.05338
G1 X117.774 Y111.658 E.05339
G1 X117.861 Y110 E.05338
G1 X117.774 Y108.342 E.05338
G1 X117.514 Y106.702 E.05339
G1 X117.084 Y105.099 E.05338
G1 X116.489 Y103.549 E.05338
G1 X115.736 Y102.07 E.05339
G1 X114.832 Y100.677 E.05339
G1 X113.787 Y99.387 E.05338
G1 X112.613 Y98.213 E.05339
G1 X111.323 Y97.168 E.05338
G1 X109.93 Y96.264 E.05339
G1 X108.451 Y95.511 E.05339
G1 X106.901 Y94.916 E.05338
G1 X105.298 Y94.486 E.05338
G1 X103.658 Y94.226 E.05339
G1 X102 Y94.139 E.05338
G1 X101.375 Y94.172 E.02011
G1 X100.342 Y94.226 E.03327
G1 X98.702 Y94.486 E.05339
G1 X97.099 Y94.916 E.05339
G1 X95.549 Y95.511 E.05339
G1 X94.07 Y96.264 E.05338
G1 X92.677 Y97.168 E.05338
G1 X91.387 Y98.213 E.05339
G1 X90.213 Y99.387 E.05339
G1 X89.168 Y100.677 E.05338
G1 X88.264 Y102.07 E.05339
G1 X87.511 Y103.549 E.05339
G1 X86.916 Y105.099 E.05338
G1 X86.486 Y106.702 E.05338
G1 X86.226 Y108.342 E.05339
G1 X86.139 Y110 E.05338
G1 X86.226 Y111.658 E.05338
G1 X86.486 Y113.298 E.05339
G1 X86.916 Y114.901 E.05338
G1 X87.511 Y116.451 E.05338
G1 X88.264 Y117.93 E.05339
G1 X89.168 Y119.323 E.05339
G1 X90.213 Y120.613 E.05338
G1 X91.387 Y121.787 E.05339
G1 X92.677 Y122.832 E.05339
G1 X94.07 Y123.736 E.05338
G1 X95.549 Y124.489 E.05338
G1 X97.099 Y125.084 E.05339
G1 X98.702 Y125.514 E.05339
G1 X100.342 Y125.774 E.05339
G1 X101.901 Y125.856 E.05021
; stop printing object mid_plate.stl id:1992740639744 copy 0
;LAYER_CHANGE
;Z:5.24
;HEIGHT:0.2
G92 E0 ; zero the extruded length again
; BEFORE_LAYER_CHANGE 25 @ 5.24mm
G1 E-1.75 F6000
;WIPE_START
G1 X102 Y125.861 E-.07409
G1 X102.9 Y125.814 E-.67592
;WIPE_END
; AFTER_LAYER_CHANGE 25 @ 5.24mm
;_SET_FAN_SPEED_CHANGING_LAYER
; printing object mid_plate.stl id:1992740639744 copy 0
G17
G3 Z5.44 I-.608 J.032 P1  F18000
G1 X102.941 Y126.589 Z5.44
G1 X102.273 Y126.624
G1 X102 Y126.638
G1 X102 Y127.04
G1 Z5.24
G1 E2.5 F6000
M204 P1000
;TYPE:Outer wall
;WIDTH:0.42
G1 F3600
G1 X100.219 Y126.946 E.05313
G1 X98.457 Y126.667 E.05313
G1 X96.734 Y126.206 E.05312
G1 X95.069 Y125.567 E.05313
G1 X93.48 Y124.757 E.05313
G1 X91.984 Y123.785 E.05313
G1 X90.598 Y122.663 E.05313
G1 X89.337 Y121.402 E.05312
G1 X88.215 Y120.016 E.05313
G1 X87.243 Y118.52 E.05313
G1 X86.433 Y116.931 E.05313
G1 X85.794 Y115.266 E.05313
G1 X85.333 Y113.543 E.05313
G1 X85.054 Y111.781 E.05313
G1 X84.96 Y110 E.05313
G1 X85.054 Y108.219 E.05313
G1 X85.333 Y106.457 E.05313
G1 X85.794 Y104.734 E.05313
G1 X86.433 Y103.069 E.05313
G1 X87.243 Y101.48 E.05313
G1 X88.215 Y99.984 E.05313
G1 X89.337 Y98.598 E.05313
G1 X90.598 Y97.337 E.05312
G1 X91.984 Y96.215 E.05313
G1 X93.48 Y95.243 E.05313
G1 X95.069 Y94.433 E.05313
G1 X96.734 Y93.794 E.05313
G1 X98.457 Y93.333 E.05312
G1 X100.219 Y93.054 E.05313
G1 X102 Y92.96 E.05313
G1 X102.697 Y92.997 E.02078
G1 X103.781 Y93.054 E.03235
G1 X105.543 Y93.333 E.05313
G1 X107.266 Y93.794 E.05313
G1 X108.931 Y94.433 E.05313
G1 X110.52 Y95.243 E.05313
G1 X112.016 Y96.215 E.05313
G1 X113.402 Y97.337 E.05313
G1 X114.663 Y98.598 E.05313
G1 X115.785 Y99.984 E.05313
G1 X116.377 Y100.895 E.03235
G1 X116.757 Y101.48 E.02078
G1 X117.567 Y103.069 E.05313
G1 X118.206 Y104.734 E.05313
G1 X118.667 Y106.457 E.05313
G1 X118.946 Y108.219 E.05313
G1 X119.04 Y110 E.05313
G1 X118.946 Y111.781 E.05313
G1 X118.667 Y113.543 E.05313
G1 X118.206 Y115.266 E.05313
G1 X117.567 Y116.931 E.05313
G1 X116.757 Y118.52 E.05313
G1 X115.785 Y120.016 E.05313
G1 X114.663 Y121.402 E.05313
G1 X113.402 Y122.663 E.05313
G1 X112.016 Y123.785 E.05313
G1 X110.52 Y124.757 E.05313
G1 X108.931 Y125.567 E.05313
G1 X107.266 Y126.206 E.05313
G1 X105.543 Y126.667 E.05313
G1 X103.781 Y126.946 E.05313
G1 X102.06 Y127.037 E.05134
G1 X102.039 Y126.636 F18000
G1 X102 Y126.638
G1 X102 Y126.638
G1 X102 Y126.647
M204 P1500
;TYPE:Inner wall
;WIDTH:0.45
G1 F3730
G1 X100.26 Y126.556 E.05603
G1 X98.539 Y126.283 E.05603
G1 X96.856 Y125.832 E.05603
G1 X95.229 Y125.208 E.05603
G1 X93.676 Y124.417 E.05603
G1 X92.215 Y123.468 E.05603
G1 X90.861 Y122.371 E.05603
G1 X89.629 Y121.139 E.05603
G1 X88.532 Y119.785 E.05603
G1 X87.583 Y118.324 E.05603
G1 X86.792 Y116.771 E.05603
G1 X86.168 Y115.144 E.05603
G1 X85.717 Y113.461 E.05603
G1 X85.444 Y111.74 E.05603
G1 X85.353 Y110 E.05603
G1 X85.444 Y108.26 E.05603
G1 X85.717 Y106.539 E.05603
G1 X86.168 Y104.856 E.05603
G1 X86.792 Y103.229 E.05603
G1 X87.583 Y101.676 E.05603
G1 X88.532 Y100.215 E.05603
G1 X89.629 Y98.861 E.05603
G1 X90.861 Y97.629 E.05603
G1 X92.215 Y96.532 E.05603
G1 X93.676 Y95.583 E.05603
G1 X95.229 Y94.792 E.05603
G1 X96.856 Y94.168 E.05603
G1 X98.539 Y93.717 E.05603
G1 X100.26 Y93.444 E.05603
G1 X102 Y93.353 E.05603
G1 X102.676 Y93.388 E.02177
G1 X103.74 Y93.444 E.03426
G1 X105.461 Y93.717 E.05603
G1 X107.144 Y94.168 E.05603
G1 X108.771 Y94.792 E.05603
G1 X110.324 Y95.583 E.05603
G1 X111.785 Y96.532 E.05603
G1 X113.139 Y97.629 E.05603
G1 X114.371 Y98.861 E.05603
G1 X115.468 Y100.215 E.05603
G1 X116.048 Y101.109 E.03426
G1 X116.417 Y101.676 E.02177
G1 X117.208 Y103.229 E.05603
G1 X117.832 Y104.856 E.05603
G1 X118.283 Y106.539 E.05603
G1 X118.556 Y108.26 E.05603
G1 X118.647 Y110 E.05603
G1 X118.556 Y111.74 E.05603
G1 X118.283 Y113.461 E.05603
G1 X117.832 Y115.144 E.05603
G1 X117.208 Y116.771 E.05603
G1 X116.417 Y118.324 E.05603
G1 X115.468 Y119.785 E.05603
G1 X114.371 Y121.139 E.05603
G1 X113.139 Y122.371 E.05603
G1 X111.785 Y123.468 E.05603
G1 X110.324 Y124.417 E.05603
G1 X108.771 Y125.208 E.05603
G1 X107.144 Y125.832 E.05603
G1 X105.461 Y126.283 E.05603
G1 X103.74 Y126.556 E.05603
G1 X102.06 Y126.644 E.0541
G1 X102 Y126.239 F18000
G1 F3730
G1 X100.303 Y126.15 E.05466
G1 X98.624 Y125.885 E.05466
G1 X96.982 Y125.445 E.05466
G1 X95.395 Y124.836 E.05466
G1 X93.88 Y124.064 E.05466
G1 X92.455 Y123.138 E.05466
G1 X91.134 Y122.068 E.05466
G1 X89.932 Y120.866 E.05466
G1 X88.862 Y119.545 E.05466
G1 X87.936 Y118.12 E.05466
G1 X87.164 Y116.605 E.05466
G1 X86.555 Y115.018 E.05466
G1 X86.115 Y113.376 E.05466
G1 X85.85 Y111.697 E.05466
G1 X85.761 Y110 E.05466
G1 X85.85 Y108.303 E.05466
G1 X86.115 Y106.624 E.05466
G1 X86.555 Y104.982 E.05466
G1 X87.164 Y103.395 E.05466
G1 X87.936 Y101.88 E.05466
G1 X88.862 Y100.455 E.05466
G1 X89.932 Y99.134 E.05466
G1 X91.134 Y97.932 E.05466
G1 X92.455 Y96.862 E.05466
G1 X93.88 Y95.936 E.05466
G1 X95.395 Y95.164 E.05466
G1 X96.982 Y94.555 E.05466
G1 X98.624 Y94.115 E.05466
G1 X100.303 Y93.85 E.05466
G1 X102 Y93.761 E.05466
G1 X102.655 Y93.795 E.02109
G1 X103.697 Y93.85 E.03357
G1 X105.376 Y94.115 E.05466
G1 X107.018 Y94.555 E.05466
G1 X108.605 Y95.164 E.05466
G1 X110.12 Y95.936 E.05466
G1 X111.545 Y96.862 E.05466
G1 X112.866 Y97.932 E.05466
G1 X114.068 Y99.134 E.05466
G1 X115.138 Y100.455 E.05466
G1 X116.064 Y101.88 E.05466
G1 X116.835 Y103.395 E.05466
G1 X117.445 Y104.982 E.05466
G1 X117.885 Y106.624 E.05466
G1 X118.15 Y108.303 E.05466
G1 X118.239 Y110 E.05466
G1 X118.15 Y111.697 E.05466
G1 X117.885 Y113.376 E.05466
G1 X117.445 Y115.018 E.05466
G1 X116.835 Y116.605 E.05466
G1 X116.064 Y118.12 E.05466
G1 X115.138 Y119.545 E.05466
G1 X114.068 Y120.866 E.05466
G1 X112.866 Y122.068 E.05466
G1 X111.545 Y123.138 E.05466
G1 X110.12 Y124.064 E.05466
G1 X108.605 Y124.836 E.05466
G1 X107.018 Y125.445 E.05466
G1 X105.376 Y125.885 E.05466
G1 X103.697 Y126.15 E.05466
G1 X102.06 Y126.236 E.05273
G1 E-1.75 F6000
;WIPE_START
G1 X101.061 Y126.188 E-.75
;WIPE_END
G1 X101.102 Y125.415 Z5.44 F18000
G1 X101.663 Y125.444
G1 X101.979 Y125.461
G1 X102 Y125.06
G1 Z5.24
G1 E2.5 F6000
M204 P1000
;TYPE:Outer wall
;WIDTH:0.42
G1 F3600
G1 X103.574 Y124.978 E.04696
G1 X105.131 Y124.731 E.04696
G1 X106.654 Y124.323 E.04696
G1 X108.126 Y123.758 E.04696
G1 X109.53 Y123.043 E.04696
G1 X110.852 Y122.184 E.04696
G1 X112.077 Y121.192 E.04696
G1 X113.192 Y120.077 E.04696
G1 X114.184 Y118.852 E.04696
G1 X115.043 Y117.53 E.04696
G1 X115.758 Y116.126 E.04696
G1 X116.323 Y114.654 E.04696
G1 X116.731 Y113.131 E.04696
G1 X116.978 Y111.574 E.04696
G1 X117.06 Y110 E.04696
G1 X116.978 Y108.426 E.04696
G1 X116.731 Y106.869 E.04696
G1 X116.323 Y105.346 E.04696
G1 X115.758 Y103.874 E.04696
G1 X115.043 Y102.47 E.04696
G1 X114.184 Y101.148 E.04696
G1 X113.192 Y99.923 E.04696
G1 X112.077 Y98.808 E.04696
G1 X110.852 Y97.816 E.04696
G1 X109.53 Y96.957 E.04696
G1 X108.126 Y96.242 E.04696
G1 X106.654 Y95.677 E.04696
G1 X105.131 Y95.269 E.04696
G1 X103.574 Y95.022 E.04696
G1 X102 Y94.94 E.04696
G1 X101.379 Y94.972 E.01853
G1 X100.426 Y95.022 E.02842
G1 X98.869 Y95.269 E.04696
G1 X97.346 Y95.677 E.04696
G1 X95.874 Y96.242 E.04696
G1 X94.47 Y96.957 E.04695
G1 X93.148 Y97.816 E.04696
G1 X91.923 Y98.808 E.04696
G1 X90.808 Y99.923 E.04696
G1 X89.816 Y101.148 E.04696
G1 X88.957 Y102.47 E.04696
G1 X88.242 Y103.874 E.04696
G1 X87.677 Y105.346 E.04696
G1 X87.269 Y106.869 E.04696
G1 X87.022 Y108.426 E.04696
G1 X86.94 Y110 E.04696
G1 X87.022 Y111.574 E.04696
G1 X87.269 Y113.131 E.04696
G1 X87.677 Y114.654 E.04696
G1 X88.242 Y116.126 E.04696
G1 X88.957 Y117.53 E.04696
G1 X89.816 Y118.852 E.04696
G1 X90.808 Y120.077 E.04696
G1 X91.923 Y121.192 E.04696
G1 X93.148 Y122.184 E.04696
G1 X94.47 Y123.043 E.04696
G1 X95.874 Y123.758 E.04695
G1 X97.346 Y124.323 E.04696
G1 X98.869 Y124.731 E.04696
G1 X100.426 Y124.978 E.04696
G1 X101.94 Y125.057 E.04517
G1 X101.919 Y125.457 F18000
G1 X101.981 Y125.461
G1 X101.981 Y125.452
M204 P1500
;TYPE:Inner wall
;WIDTH:0.45
G1 F3730
G1 X102 Y125.453 E.00061
G1 X103.615 Y125.368 E.05201
G1 X105.213 Y125.115 E.05201
G1 X106.775 Y124.697 E.05201
G1 X108.285 Y124.117 E.05201
G1 X109.727 Y123.383 E.05201
G1 X111.083 Y122.502 E.05201
G1 X112.34 Y121.484 E.05201
G1 X113.484 Y120.34 E.05201
G1 X114.502 Y119.083 E.05201
G1 X115.383 Y117.727 E.05201
G1 X116.117 Y116.285 E.05201
G1 X116.697 Y114.775 E.05201
G1 X117.115 Y113.213 E.05201
G1 X117.368 Y111.615 E.05201
G1 X117.453 Y110 E.05201
G1 X117.368 Y108.385 E.05201
G1 X117.115 Y106.787 E.05201
G1 X116.697 Y105.225 E.05201
G1 X116.117 Y103.715 E.05201
G1 X115.383 Y102.273 E.05201
G1 X114.502 Y100.917 E.05201
G1 X113.484 Y99.66 E.05201
G1 X112.34 Y98.516 E.05201
G1 X111.083 Y97.498 E.05201
G1 X109.727 Y96.617 E.05201
G1 X108.285 Y95.883 E.05201
G1 X106.775 Y95.303 E.05201
G1 X105.213 Y94.885 E.05201
G1 X103.615 Y94.632 E.05201
G1 X102 Y94.547 E.05201
G1 X101.358 Y94.581 E.02067
G1 X100.385 Y94.632 E.03134
G1 X98.787 Y94.885 E.05201
G1 X97.225 Y95.303 E.05201
G1 X95.715 Y95.883 E.05201
G1 X94.273 Y96.617 E.05201
G1 X92.917 Y97.498 E.05201
G1 X91.66 Y98.516 E.05201
G1 X90.516 Y99.66 E.05201
G1 X89.498 Y100.917 E.05201
G1 X88.617 Y102.273 E.05201
G1 X87.883 Y103.715 E.05201
G1 X87.303 Y105.225 E.05201
G1 X86.885 Y106.787 E.05201
G1 X86.632 Y108.385 E.05201
G1 X86.547 Y110 E.05201
G1 X86.632 Y111.615 E.05201
G1 X86.885 Y113.213 E.05201
G1 X87.303 Y114.775 E.05201
G1 X87.883 Y116.285 E.05201
G1 X88.617 Y117.727 E.05201
G1 X89.498 Y119.083 E.05201
G1 X90.516 Y120.34 E.05201
G1 X91.66 Y121.484 E.05201
G1 X92.917 Y122.502 E.05201
G1 X94.273 Y123.383 E.05201
G1 X95.715 Y124.117 E.05201
G1 X97.225 Y124.697 E.05201
G1 X98.787 Y125.115 E.05201
G1 X100.385 Y125.368 E.05201
G1 X101.921 Y125.449 E.04947
G1 X101.961 Y125.859 F18000
G1 F3730
G1 X102 Y125.861 E.00125
G1 X103.658 Y125.774 E.05338
G1 X105.298 Y125.514 E.05339
G1 X106.901 Y125.084 E.05338
G1 X108.451 Y124.489 E.05338
G1 X109.93 Y123.736 E.05339
G1 X111.323 Y122.832 E.05339
G1 X112.613 Y121.787 E.05338
G1 X113.787 Y120.613 E.05339
G1 X114.832 Y119.323 E.05338
G1 X115.736 Y117.93 E.05339
G1 X116.489 Y116.451 E.05339
G1 X117.084 Y114.901 E.05338
G1 X117.514 Y113.298 E.05338
G1 X117.774 Y111.658 E.05339
G1 X117.861 Y110 E.05338
G1 X117.774 Y108.342 E.05338
G1 X117.514 Y106.702 E.05339
G1 X117.084 Y105.099 E.05338
G1 X116.489 Y103.549 E.05338
G1 X115.736 Y102.07 E.05339
G1 X114.832 Y100.677 E.05339
G1 X113.787 Y99.387 E.05338
G1 X112.613 Y98.213 E.05339
G1 X111.323 Y97.168 E.05338
G1 X109.93 Y96.264 E.05339
G1 X108.451 Y95.511 E.05339
G1 X106.901 Y94.916 E.05338
G1 X105.298 Y94.486 E.05338
G1 X103.658 Y94.226 E.05339
G1 X102 Y94.139 E.05338
G1 X101.337 Y94.174 E.02136
G1 X100.342 Y94.226 E.03203
G1 X98.702 Y94.486 E.05339
G1 X97.099 Y94.916 E.05339
G1 X95.549 Y95.511 E.05339
G1 X94.07 Y96.264 E.05338
G1 X92.677 Y97.168 E.05338
G1 X91.387 Y98.213 E.05339
G1 X90.213 Y99.387 E.05339
G1 X89.168 Y100.677 E.05338
G1 X88.264 Y102.07 E.05339
G1 X87.511 Y103.549 E.05339
G1 X86.916 Y105.099 E.05338
G1 X86.486 Y106.702 E.05338
G1 X86.226 Y108.342 E.05339
G1 X86.139 Y110 E.05338
G1 X86.226 Y111.658 E.05338
G1 X86.486 Y113.298 E.05339
G1 X86.916 Y114.901 E.05338
G1 X87.511 Y116.451 E.05338
G1 X88.264 Y117.93 E.05339
G1 X89.168 Y119.323 E.05339
G1 X90.213 Y120.613 E.05338
G1 X91.387 Y121.787 E.05339
G1 X92.677 Y122.832 E.05339
G1 X94.07 Y123.736 E.05338
G1 X95.549 Y124.489 E.05338
G1 X97.099 Y125.084 E.05339
G1 X98.702 Y125.514 E.05339
G1 X100.342 Y125.774 E.05339
G1 X101.901 Y125.856 E.05021
; stop printing object mid_plate.stl id:1992740639744 copy 0
;LAYER_CHANGE
;Z:5.44
;HEIGHT:0.2
G92 E0 ; zero the extruded length again
; BEFORE_LAYER_CHANGE 26 @ 5.44mm
G1 E-1.75 F6000
;WIPE_START
G1 X102 Y125.861 E-.07409
G1 X102.9 Y125.814 E-.67592
;WIPE_END
; AFTER_LAYER_CHANGE 26 @ 5.44mm
;_SET_FAN_SPEED_CHANGING_LAYER
; printing object mid_plate.stl id:1992740639744 copy 0
G17
G3 Z5.64 I-.608 J.032 P1  F18000
G1 X102.941 Y126.589 Z5.64
G1 X102.273 Y126.624
G1 X102 Y126.638
G1 X102 Y127.04
G1 Z5.44
G1 E2.5 F6000
M204 P1000
;TYPE:Outer wall
;WIDTH:0.42
G1 F3600
G1 X100.219 Y126.946 E.05313
G1 X98.457 Y126.667 E.05313
G1 X96.734 Y126.206 E.05312
G1 X95.069 Y125.567 E.05313
G1 X93.48 Y124.757 E.05313
G1 X91.984 Y123.785 E.05313
G1 X90.598 Y122.663 E.05313
G1 X89.337 Y121.402 E.05312
G1 X88.215 Y120.016 E.05313
G1 X87.243 Y118.52 E.05313
G1 X86.433 Y116.931 E.05313
G1 X85.794 Y115.266 E.05313
G1 X85.333 Y113.543 E.05313
G1 X85.054 Y111.781 E.05313
G1 X84.96 Y110 E.05313
G1 X85.054 Y108.219 E.05313
G1 X85.333 Y106.457 E.05313
G1 X85.794 Y104.734 E.05313
G1 X86.433 Y103.069 E.05313
G1 X87.243 Y101.48 E.05313
G1 X88.215 Y99.984 E.05313
G1 X89.337 Y98.598 E.05313
G1 X90.598 Y97.337 E.05312
G1 X91.984 Y96.215 E.05313
G1 X93.48 Y95.243 E.05313
G1 X95.069 Y94.433 E.05313
G1 X96.734 Y93.794 E.05313
G1 X98.457 Y93.333 E.05312
G1 X100.219 Y93.054 E.05313
G1 X102 Y92.96 E.05313
G1 X102.742 Y92.999 E.02213
G1 X103.781 Y93.054 E.031
G1 X105.543 Y93.333 E.05313
G1 X107.266 Y93.794 E.05313
G1 X108.931 Y94.433 E.05313
G1 X110.52 Y95.243 E.05313
G1 X112.016 Y96.215 E.05313
G1 X113.402 Y97.337 E.05313
G1 X114.663 Y98.598 E.05313
G1 X115.785 Y99.984 E.05313
G1 X116.757 Y101.48 E.05313
G1 X117.567 Y103.069 E.05313
G1 X118.206 Y104.734 E.05313
G1 X118.667 Y106.457 E.05313
G1 X118.946 Y108.219 E.05313
G1 X119.04 Y110 E.05313
G1 X118.946 Y111.781 E.05313
G1 X118.667 Y113.543 E.05313
G1 X118.206 Y115.266 E.05313
G1 X117.567 Y116.931 E.05313
G1 X116.757 Y118.52 E.05313
G1 X115.785 Y120.016 E.05313
G1 X114.663 Y121.402 E.05313
G1 X113.402 Y122.663 E.05313
G1 X112.016 Y123.785 E.05313
G1 X110.52 Y124.757 E.05313
G1 X108.931 Y125.567 E.05313
G1 X107.266 Y126.206 E.05313
G1 X105.543 Y126.667 E.05313
G1 X103.781 Y126.946 E.05313
G1 X102.06 Y127.037 E.05134
G1 X102.039 Y126.636 F18000
G1 X102 Y126.638
G1 X102 Y126.638
G1 X102 Y126.647
M204 P1500
;TYPE:Inner wall
;WIDTH:0.45
G1 F3730
G1 X100.26 Y126.556 E.05603
G1 X98.539 Y126.283 E.05603
G1 X96.856 Y125.832 E.05603
G1 X95.229 Y125.208 E.05603
G1 X93.676 Y124.417 E.05603
G1 X92.215 Y123.468 E.05603
G1 X90.861 Y122.371 E.05603
G1 X89.629 Y121.139 E.05603
G1 X88.532 Y119.785 E.05603
G1 X87.583 Y118.324 E.05603
G1 X86.792 Y116.771 E.05603
G1 X86.168 Y115.144 E.05603
G1 X85.717 Y113.461 E.05603
G1 X85.444 Y111.74 E.05603
G1 X85.353 Y110 E.05603
G1 X85.444 Y108.26 E.05603
G1 X85.717 Y106.539 E.05603
G1 X86.168 Y104.856 E.05603
G1 X86.792 Y103.229 E.05603
G1 X87.583 Y101.676 E.05603
G1 X88.532 Y100.215 E.05603
G1 X89.629 Y98.861 E.05603
G1 X90.861 Y97.629 E.05603
G1 X92.215 Y96.532 E.05603
G1 X93.676 Y95.583 E.05603
G1 X95.229 Y94.792 E.05603
G1 X96.856 Y94.168 E.05603
G1 X98.539 Y93.717 E.05603
G1 X100.26 Y93.444 E.05603
G1 X102 Y93.353 E.05603
G1 X102.721 Y93.391 E.02323
G1 X103.74 Y93.444 E.03281
G1 X105.461 Y93.717 E.05603
G1 X107.144 Y94.168 E.05603
G1 X108.771 Y94.792 E.05603
G1 X110.324 Y95.583 E.05603
G1 X111.785 Y96.532 E.05603
G1 X113.139 Y97.629 E.05603
G1 X114.371 Y98.861 E.05603
G1 X115.468 Y100.215 E.05603
G1 X116.417 Y101.676 E.05603
G1 X117.208 Y103.229 E.05603
G1 X117.832 Y104.856 E.05603
G1 X118.283 Y106.539 E.05603
G1 X118.556 Y108.26 E.05603
G1 X118.647 Y110 E.05603
G1 X118.556 Y111.74 E.05603
G1 X118.283 Y113.461 E.05603
G1 X117.832 Y115.144 E.05603
G1 X117.208 Y116.771 E.05603
G1 X116.417 Y118.324 E.05603
G1 X115.468 Y119.785 E.05603
G1 X114.371 Y121.139 E.05603
G1 X113.139 Y122.371 E.05603
G1 X111.785 Y123.468 E.05603
G1 X110.324 Y124.417 E.05603
G1 X108.771 Y125.208 E.05603
G1 X107.144 Y125.832 E.05603
G1 X105.461 Y126.283 E.05603
G1 X103.74 Y126.556 E.05603
G1 X102.06 Y126.644 E.0541
G1 X102 Y126.239 F18000
G1 F3730
G1 X100.303 Y126.15 E.05466
G1 X98.624 Y125.885 E.05466
G1 X96.982 Y125.445 E.05466
G1 X95.395 Y124.836 E.05466
G1 X93.88 Y124.064 E.05466
G1 X92.455 Y123.138 E.05466
G1 X91.134 Y122.068 E.05466
G1 X89.932 Y120.866 E.05466
G1 X88.862 Y119.545 E.05466
G1 X87.936 Y118.12 E.05466
G1 X87.164 Y116.605 E.05466
G1 X86.555 Y115.018 E.05466
G1 X86.115 Y113.376 E.05466
G1 X85.85 Y111.697 E.05466
G1 X85.761 Y110 E.05466
G1 X85.85 Y108.303 E.05466
G1 X86.115 Y106.624 E.05466
G1 X86.555 Y104.982 E.05466
G1 X87.164 Y103.395 E.05466
G1 X87.936 Y101.88 E.05466
G1 X88.862 Y100.455 E.05466
G1 X89.932 Y99.134 E.05466
G1 X91.134 Y97.932 E.05466
G1 X92.455 Y96.862 E.05466
G1 X93.88 Y95.936 E.05466
G1 X95.395 Y95.164 E.05466
G1 X96.982 Y94.555 E.05466
G1 X98.624 Y94.115 E.05466
G1 X100.303 Y93.85 E.05466
G1 X102 Y93.761 E.05466
G1 X102.7 Y93.797 E.02254
G1 X103.697 Y93.85 E.03212
G1 X105.376 Y94.115 E.05466
G1 X107.018 Y94.555 E.05466
G1 X108.605 Y95.164 E.05466
G1 X110.12 Y95.936 E.05466
G1 X111.545 Y96.862 E.05466
G1 X112.866 Y97.932 E.05466
G1 X114.068 Y99.134 E.05466
G1 X115.138 Y100.455 E.05466
G1 X116.064 Y101.88 E.05466
G1 X116.835 Y103.395 E.05466
G1 X117.445 Y104.982 E.05466
G1 X117.885 Y106.624 E.05466
G1 X118.15 Y108.303 E.05466
G1 X118.239 Y110 E.05466
G1 X118.15 Y111.697 E.05466
G1 X117.885 Y113.376 E.05466
G1 X117.445 Y115.018 E.05466
G1 X116.835 Y116.605 E.05466
G1 X116.064 Y118.12 E.05466
G1 X115.138 Y119.545 E.05466
G1 X114.068 Y120.866 E.05466
G1 X112.866 Y122.068 E.05466
G1 X111.545 Y123.138 E.05466
G1 X110.12 Y124.064 E.05466
G1 X108.605 Y124.836 E.05466
G1 X107.018 Y125.445 E.05466
G1 X105.376 Y125.885 E.05466
G1 X103.697 Y126.15 E.05466
G1 X102.06 Y126.236 E.05273
G1 E-1.75 F6000
;WIPE_START
G1 X101.061 Y126.188 E-.75
;WIPE_END
G1 X101.102 Y125.415 Z5.64 F18000
G1 X101.663 Y125.444
G1 X101.979 Y125.461
G1 X102 Y125.06
G1 Z5.44
G1 E2.5 F6000
M204 P1000
;TYPE:Outer wall
;WIDTH:0.42
G1 F3600
G1 X103.574 Y124.978 E.04696
G1 X105.131 Y124.731 E.04696
G1 X106.654 Y124.323 E.04696
G1 X108.126 Y123.758 E.04696
G1 X109.53 Y123.043 E.04696
G1 X110.852 Y122.184 E.04696
G1 X112.077 Y121.192 E.04696
G1 X113.192 Y120.077 E.04696
G1 X114.184 Y118.852 E.04696
G1 X115.043 Y117.53 E.04696
G1 X115.758 Y116.126 E.04696
G1 X116.323 Y114.654 E.04696
G1 X116.731 Y113.131 E.04696
G1 X116.978 Y111.574 E.04696
G1 X117.06 Y110 E.04696
G1 X116.978 Y108.426 E.04696
G1 X116.731 Y106.869 E.04696
G1 X116.323 Y105.346 E.04696
G1 X115.758 Y103.874 E.04696
G1 X115.043 Y102.47 E.04696
G1 X114.184 Y101.148 E.04696
G1 X113.192 Y99.923 E.04696
G1 X112.077 Y98.808 E.04696
G1 X110.852 Y97.816 E.04696
G1 X109.53 Y96.957 E.04696
G1 X108.126 Y96.242 E.04696
G1 X106.654 Y95.677 E.04696
G1 X105.131 Y95.269 E.04696
G1 X103.574 Y95.022 E.04696
G1 X102 Y94.94 E.04696
G1 X101.34 Y94.974 E.01968
G1 X100.426 Y95.022 E.02727
G1 X98.869 Y95.269 E.04696
G1 X97.346 Y95.677 E.04696
G1 X95.874 Y96.242 E.04696
G1 X94.47 Y96.957 E.04695
G1 X93.148 Y97.816 E.04696
G1 X91.923 Y98.808 E.04696
G1 X90.808 Y99.923 E.04696
G1 X89.816 Y101.148 E.04696
G1 X88.957 Y102.47 E.04696
G1 X88.242 Y103.874 E.04696
G1 X87.677 Y105.346 E.04696
G1 X87.269 Y106.869 E.04696
G1 X87.022 Y108.426 E.04696
G1 X86.94 Y110 E.04696
G1 X87.022 Y111.574 E.04696
G1 X87.269 Y113.131 E.04696
G1 X87.677 Y114.654 E.04696
G1 X88.242 Y116.126 E.04696
G1 X88.957 Y117.53 E.04696
G1 X89.816 Y118.852 E.04696
G1 X90.808 Y120.077 E.04696
G1 X91.923 Y121.192 E.04696
G1 X93.148 Y122.184 E.04696
G1 X94.47 Y123.043 E.04696
G1 X95.874 Y123.758 E.04695
G1 X97.346 Y124.323 E.04696
G1 X98.869 Y124.731 E.04696
G1 X100.426 Y124.978 E.04696
G1 X101.94 Y125.057 E.04517
G1 X101.919 Y125.457 F18000
G1 X101.981 Y125.461
G1 X101.981 Y125.452
M204 P1500
;TYPE:Inner wall
;WIDTH:0.45
G1 F3730
G1 X102 Y125.453 E.00061
G1 X103.615 Y125.368 E.05201
G1 X105.213 Y125.115 E.05201
G1 X106.775 Y124.697 E.05201
G1 X108.285 Y124.117 E.05201
G1 X109.727 Y123.383 E.05201
G1 X111.083 Y122.502 E.05201
G1 X112.34 Y121.484 E.05201
G1 X113.484 Y120.34 E.05201
G1 X114.502 Y119.083 E.05201
G1 X115.383 Y117.727 E.05201
G1 X116.117 Y116.285 E.05201
G1 X116.697 Y114.775 E.05201
G1 X117.115 Y113.213 E.05201
G1 X117.368 Y111.615 E.05201
G1 X117.453 Y110 E.05201
G1 X117.368 Y108.385 E.05201
G1 X117.115 Y106.787 E.05201
G1 X116.697 Y105.225 E.05201
G1 X116.117 Y103.715 E.05201
G1 X115.383 Y102.273 E.05201
G1 X114.502 Y100.917 E.05201
G1 X113.484 Y99.66 E.05201
G1 X112.34 Y98.516 E.05201
G1 X111.083 Y97.498 E.05201
G1 X109.727 Y96.617 E.05201
G1 X108.285 Y95.883 E.05201
G1 X106.775 Y95.303 E.05201
G1 X105.213 Y94.885 E.05201
G1 X103.615 Y94.632 E.05201
G1 X102 Y94.547 E.05201
G1 X101.32 Y94.583 E.02191
G1 X100.385 Y94.632 E.0301
G1 X98.787 Y94.885 E.05201
G1 X97.225 Y95.303 E.05201
G1 X95.715 Y95.883 E.05201
G1 X94.273 Y96.617 E.05201
G1 X92.917 Y97.498 E.05201
G1 X91.66 Y98.516 E.05201
G1 X90.516 Y99.66 E.05201
G1 X89.498 Y100.917 E.05201
G1 X88.617 Y102.273 E.05201
G1 X87.883 Y103.715 E.05201
G1 X87.303 Y105.225 E.05201
G1 X86.885 Y106.787 E.05201
G1 X86.632 Y108.385 E.05201
G1 X86.547 Y110 E.05201
G1 X86.632 Y111.615 E.05201
G1 X86.885 Y113.213 E.05201
G1 X87.303 Y114.775 E.05201
G1 X87.883 Y116.285 E.05201
G1 X88.617 Y117.727 E.05201
G1 X89.498 Y119.083 E.05201
G1 X90.516 Y120.34 E.05201
G1 X91.66 Y121.484 E.05201
G1 X92.917 Y122.502 E.05201
G1 X94.273 Y123.383 E.05201
G1 X95.715 Y124.117 E.05201
G1 X97.225 Y124.697 E.05201
G1 X98.787 Y125.115 E.05201
G1 X100.385 Y125.368 E.05201
G1 X101.921 Y125.449 E.04947
G1 X101.961 Y125.859 F18000
G1 F3730
G1 X102 Y125.861 E.00125
G1 X103.658 Y125.774 E.05338
G1 X105.298 Y125.514 E.05339
G1 X106.901 Y125.084 E.05338
G1 X108.451 Y124.489 E.05338
G1 X109.93 Y123.736 E.05339
G1 X111.323 Y122.832 E.05339
G1 X112.613 Y121.787 E.05338
G1 X113.787 Y120.613 E.05339
G1 X114.832 Y119.323 E.05338
G1 X115.736 Y117.93 E.05339
G1 X116.489 Y116.451 E.05339
G1 X117.084 Y114.901 E.05338
G1 X117.514 Y113.298 E.05338
G1 X117.774 Y111.658 E.05339
G1 X117.861 Y110 E.05338
G1 X117.774 Y108.342 E.05338
G1 X117.514 Y106.702 E.05339
G1 X117.084 Y105.099 E.05338
G1 X116.489 Y103.549 E.05338
G1 X115.736 Y102.07 E.05339
G1 X114.832 Y100.677 E.05339
G1 X113.787 Y99.387 E.05338
G1 X112.613 Y98.213 E.05339
G1 X111.323 Y97.168 E.05338
G1 X109.93 Y96.264 E.05339
G1 X108.451 Y95.511 E.05339
G1 X106.901 Y94.916 E.05338
G1 X105.298 Y94.486 E.05338
G1 X103.658 Y94.226 E.05339
G1 X102 Y94.139 E.05338
G1 X101.298 Y94.176 E.0226
G1 X100.342 Y94.226 E.03079
G1 X98.702 Y94.486 E.05339
G1 X97.099 Y94.916 E.05339
G1 X95.549 Y95.511 E.05339
G1 X94.07 Y96.264 E.05338
G1 X92.677 Y97.168 E.05338
G1 X91.387 Y98.213 E.05339
G1 X90.213 Y99.387 E.05339
G1 X89.168 Y100.677 E.05338
G1 X88.264 Y102.07 E.05339
G1 X87.511 Y103.549 E.05339
G1 X86.916 Y105.099 E.05338
G1 X86.486 Y106.702 E.05338
G1 X86.226 Y108.342 E.05339
G1 X86.139 Y110 E.05338
G1 X86.226 Y111.658 E.05338
G1 X86.486 Y113.298 E.05339
G1 X86.916 Y114.901 E.05338
G1 X87.511 Y116.451 E.05338
G1 X88.264 Y117.93 E.05339
G1 X89.168 Y119.323 E.05339
G1 X90.213 Y120.613 E.05338
G1 X91.387 Y121.787 E.05339
G1 X92.677 Y122.832 E.05339
G1 X94.07 Y123.736 E.05338
G1 X95.549 Y124.489 E.05338
G1 X97.099 Y125.084 E.05339
G1 X98.702 Y125.514 E.05339
G1 X100.342 Y125.774 E.05339
G1 X101.901 Y125.856 E.05021
; stop printing object mid_plate.stl id:1992740639744 copy 0
;LAYER_CHANGE
;Z:5.64
;HEIGHT:0.2
G92 E0 ; zero the extruded length again
; BEFORE_LAYER_CHANGE 27 @ 5.64mm
G1 E-1.75 F6000
;WIPE_START
G1 X102 Y125.861 E-.07409
G1 X102.9 Y125.814 E-.67592
;WIPE_END
; AFTER_LAYER_CHANGE 27 @ 5.64mm
;_SET_FAN_SPEED_CHANGING_LAYER
; printing object mid_plate.stl id:1992740639744 copy 0
G17
G3 Z5.84 I-.608 J.032 P1  F18000
G1 X102.941 Y126.589 Z5.84
G1 X102.273 Y126.624
G1 X102 Y126.638
G1 X102 Y127.04
G1 Z5.64
G1 E2.5 F6000
M204 P1000
;TYPE:Outer wall
;WIDTH:0.42
G1 F3600
G1 X100.219 Y126.946 E.05313
G1 X98.457 Y126.667 E.05313
G1 X96.734 Y126.206 E.05312
G1 X95.069 Y125.567 E.05313
G1 X93.48 Y124.757 E.05313
G1 X91.984 Y123.785 E.05313
G1 X90.598 Y122.663 E.05313
G1 X89.337 Y121.402 E.05312
G1 X88.215 Y120.016 E.05313
G1 X87.243 Y118.52 E.05313
G1 X86.433 Y116.931 E.05313
G1 X85.794 Y115.266 E.05313
G1 X85.333 Y113.543 E.05313
G1 X85.054 Y111.781 E.05313
G1 X84.96 Y110 E.05313
G1 X85.054 Y108.219 E.05313
G1 X85.333 Y106.457 E.05313
G1 X85.794 Y104.734 E.05313
G1 X86.433 Y103.069 E.05313
G1 X87.243 Y101.48 E.05313
G1 X88.215 Y99.984 E.05313
G1 X89.337 Y98.598 E.05313
G1 X90.598 Y97.337 E.05312
G1 X91.984 Y96.215 E.05313
G1 X93.48 Y95.243 E.05313
G1 X95.069 Y94.433 E.05313
G1 X96.734 Y93.794 E.05313
G1 X98.457 Y93.333 E.05312
G1 X100.219 Y93.054 E.05313
G1 X102 Y92.96 E.05313
G1 X102.787 Y93.002 E.02347
G1 X103.781 Y93.054 E.02966
G1 X105.543 Y93.333 E.05313
G1 X107.266 Y93.794 E.05313
G1 X108.931 Y94.433 E.05313
G1 X110.52 Y95.243 E.05313
G1 X112.016 Y96.215 E.05313
G1 X113.402 Y97.337 E.05313
G1 X114.663 Y98.598 E.05313
G1 X115.785 Y99.984 E.05313
G1 X116.757 Y101.48 E.05313
G1 X117.567 Y103.069 E.05313
G1 X118.206 Y104.734 E.05313
G1 X118.667 Y106.457 E.05313
G1 X118.946 Y108.219 E.05313
G1 X119.04 Y110 E.05313
G1 X118.946 Y111.781 E.05313
G1 X118.667 Y113.543 E.05313
G1 X118.206 Y115.266 E.05313
G1 X117.567 Y116.931 E.05313
G1 X116.757 Y118.52 E.05313
G1 X115.785 Y120.016 E.05313
G1 X114.663 Y121.402 E.05313
G1 X113.402 Y122.663 E.05313
G1 X112.016 Y123.785 E.05313
G1 X110.52 Y124.757 E.05313
G1 X108.931 Y125.567 E.05313
G1 X107.266 Y126.206 E.05313
G1 X105.543 Y126.667 E.05313
G1 X103.781 Y126.946 E.05313
G1 X102.06 Y127.037 E.05134
G1 X102.039 Y126.636 F18000
G1 X102 Y126.638
G1 X102 Y126.638
G1 X102 Y126.647
M204 P1500
;TYPE:Inner wall
;WIDTH:0.45
G1 F3730
G1 X100.26 Y126.556 E.05603
G1 X98.539 Y126.283 E.05603
G1 X96.856 Y125.832 E.05603
G1 X95.229 Y125.208 E.05603
G1 X93.676 Y124.417 E.05603
G1 X92.215 Y123.468 E.05603
G1 X90.861 Y122.371 E.05603
G1 X89.629 Y121.139 E.05603
G1 X88.532 Y119.785 E.05603
G1 X87.583 Y118.324 E.05603
G1 X86.792 Y116.771 E.05603
G1 X86.168 Y115.144 E.05603
G1 X85.717 Y113.461 E.05603
G1 X85.444 Y111.74 E.05603
G1 X85.353 Y110 E.05603
G1 X85.444 Y108.26 E.05603
G1 X85.717 Y106.539 E.05603
G1 X86.168 Y104.856 E.05603
G1 X86.792 Y103.229 E.05603
G1 X87.583 Y101.676 E.05603
G1 X88.532 Y100.215 E.05603
G1 X89.629 Y98.861 E.05603
G1 X90.861 Y97.629 E.05603
G1 X92.215 Y96.532 E.05603
G1 X93.676 Y95.583 E.05603
G1 X95.229 Y94.792 E.05603
G1 X96.856 Y94.168 E.05603
G1 X98.539 Y93.717 E.05603
G1 X100.26 Y93.444 E.05603
G1 X102 Y93.353 E.05603
G1 X102.766 Y93.393 E.02468
G1 X103.74 Y93.444 E.03135
G1 X105.461 Y93.717 E.05603
G1 X107.144 Y94.168 E.05603
G1 X108.771 Y94.792 E.05603
G1 X110.324 Y95.583 E.05603
G1 X111.785 Y96.532 E.05603
G1 X113.139 Y97.629 E.05603
G1 X114.371 Y98.861 E.05603
G1 X115.468 Y100.215 E.05603
G1 X116.417 Y101.676 E.05603
G1 X117.208 Y103.229 E.05603
G1 X117.832 Y104.856 E.05603
G1 X118.283 Y106.539 E.05603
G1 X118.556 Y108.26 E.05603
G1 X118.647 Y110 E.05603
G1 X118.556 Y111.74 E.05603
G1 X118.283 Y113.461 E.05603
G1 X117.832 Y115.144 E.05603
G1 X117.208 Y116.771 E.05603
G1 X116.417 Y118.324 E.05603
G1 X115.468 Y119.785 E.05603
G1 X114.371 Y121.139 E.05603
G1 X113.139 Y122.371 E.05603
G1 X111.785 Y123.468 E.05603
G1 X110.324 Y124.417 E.05603
G1 X108.771 Y125.208 E.05603
G1 X107.144 Y125.832 E.05603
G1 X105.461 Y126.283 E.05603
G1 X103.74 Y126.556 E.05603
G1 X102.06 Y126.644 E.0541
G1 X102 Y126.239 F18000
G1 F3730
G1 X100.303 Y126.15 E.05466
G1 X98.624 Y125.885 E.05466
G1 X96.982 Y125.445 E.05466
G1 X95.395 Y124.836 E.05466
G1 X93.88 Y124.064 E.05466
G1 X92.455 Y123.138 E.05466
G1 X91.134 Y122.068 E.05466
G1 X89.932 Y120.866 E.05466
G1 X88.862 Y119.545 E.05466
G1 X87.936 Y118.12 E.05466
G1 X87.164 Y116.605 E.05466
G1 X86.555 Y115.018 E.05466
G1 X86.115 Y113.376 E.05466
G1 X85.85 Y111.697 E.05466
G1 X85.761 Y110 E.05466
G1 X85.85 Y108.303 E.05466
G1 X86.115 Y106.624 E.05466
G1 X86.555 Y104.982 E.05466
G1 X87.164 Y103.395 E.05466
G1 X87.936 Y101.88 E.05466
G1 X88.862 Y100.455 E.05466
G1 X89.932 Y99.134 E.05466
G1 X91.134 Y97.932 E.05466
G1 X92.455 Y96.862 E.05466
G1 X93.88 Y95.936 E.05466
G1 X95.395 Y95.164 E.05466
G1 X96.982 Y94.555 E.05466
G1 X98.624 Y94.115 E.05466
G1 X100.303 Y93.85 E.05466
G1 X102 Y93.761 E.05466
G1 X102.745 Y93.8 E.02399
G1 X103.697 Y93.85 E.03067
G1 X105.376 Y94.115 E.05466
G1 X107.018 Y94.555 E.05466
G1 X108.605 Y95.164 E.05466
G1 X110.12 Y95.936 E.05466
G1 X111.545 Y96.862 E.05466
G1 X112.866 Y97.932 E.05466
G1 X114.068 Y99.134 E.05466
G1 X115.138 Y100.455 E.05466
G1 X116.064 Y101.88 E.05466
G1 X116.835 Y103.395 E.05466
G1 X117.445 Y104.982 E.05466
G1 X117.885 Y106.624 E.05466
G1 X118.15 Y108.303 E.05466
G1 X118.239 Y110 E.05466
G1 X118.15 Y111.697 E.05466
G1 X117.885 Y113.376 E.05466
G1 X117.445 Y115.018 E.05466
G1 X116.835 Y116.605 E.05466
G1 X116.064 Y118.12 E.05466
G1 X115.138 Y119.545 E.05466
G1 X114.068 Y120.866 E.05466
G1 X112.866 Y122.068 E.05466
G1 X111.545 Y123.138 E.05466
G1 X110.12 Y124.064 E.05466
G1 X108.605 Y124.836 E.05466
G1 X107.018 Y125.445 E.05466
G1 X105.376 Y125.885 E.05466
G1 X103.697 Y126.15 E.05466
G1 X102.06 Y126.236 E.05273
G1 E-1.75 F6000
;WIPE_START
G1 X101.061 Y126.188 E-.75
;WIPE_END
G1 X101.102 Y125.415 Z5.84 F18000
G1 X101.663 Y125.444
G1 X101.979 Y125.461
G1 X102 Y125.06
G1 Z5.64
G1 E2.5 F6000
M204 P1000
;TYPE:Outer wall
;WIDTH:0.42
G1 F3600
G1 X103.574 Y124.978 E.04696
G1 X105.131 Y124.731 E.04696
G1 X106.654 Y124.323 E.04696
G1 X108.126 Y123.758 E.04696
G1 X109.53 Y123.043 E.04696
G1 X110.852 Y122.184 E.04696
G1 X112.077 Y121.192 E.04696
G1 X113.192 Y120.077 E.04696
G1 X114.184 Y118.852 E.04696
G1 X115.043 Y117.53 E.04696
G1 X115.758 Y116.126 E.04696
G1 X116.323 Y114.654 E.04696
G1 X116.731 Y113.131 E.04696
G1 X116.978 Y111.574 E.04696
G1 X117.06 Y110 E.04696
G1 X116.978 Y108.426 E.04696
G1 X116.731 Y106.869 E.04696
G1 X116.323 Y105.346 E.04696
G1 X115.758 Y103.874 E.04696
G1 X115.043 Y102.47 E.04696
G1 X114.184 Y101.148 E.04696
G1 X113.192 Y99.923 E.04696
G1 X112.077 Y98.808 E.04696
G1 X110.852 Y97.816 E.04696
G1 X109.53 Y96.957 E.04696
G1 X108.126 Y96.242 E.04696
G1 X106.654 Y95.677 E.04696
G1 X105.131 Y95.269 E.04696
G1 X103.574 Y95.022 E.04696
G1 X102 Y94.94 E.04696
G1 X101.302 Y94.976 E.02083
G1 X100.426 Y95.022 E.02612
G1 X98.869 Y95.269 E.04696
G1 X97.346 Y95.677 E.04696
G1 X95.874 Y96.242 E.04696
G1 X94.47 Y96.957 E.04695
G1 X93.148 Y97.816 E.04696
G1 X91.923 Y98.808 E.04696
G1 X90.808 Y99.923 E.04696
G1 X89.816 Y101.148 E.04696
G1 X88.957 Y102.47 E.04696
G1 X88.242 Y103.874 E.04696
G1 X87.677 Y105.346 E.04696
G1 X87.269 Y106.869 E.04696
G1 X87.022 Y108.426 E.04696
G1 X86.94 Y110 E.04696
G1 X87.022 Y111.574 E.04696
G1 X87.269 Y113.131 E.04696
G1 X87.677 Y114.654 E.04696
G1 X88.242 Y116.126 E.04696
G1 X88.957 Y117.53 E.04696
G1 X89.816 Y118.852 E.04696
G1 X90.808 Y120.077 E.04696
G1 X91.923 Y121.192 E.04696
G1 X93.148 Y122.184 E.04696
G1 X94.47 Y123.043 E.04696
G1 X95.874 Y123.758 E.04695
G1 X97.346 Y124.323 E.04696
G1 X98.869 Y124.731 E.04696
G1 X100.426 Y124.978 E.04696
G1 X101.94 Y125.057 E.04517
G1 X101.919 Y125.457 F18000
G1 X101.981 Y125.461
G1 X101.981 Y125.452
M204 P1500
;TYPE:Inner wall
;WIDTH:0.45
G1 F3730
G1 X102 Y125.453 E.00061
G1 X103.615 Y125.368 E.05201
G1 X105.213 Y125.115 E.05201
G1 X106.775 Y124.697 E.05201
G1 X108.285 Y124.117 E.05201
G1 X109.727 Y123.383 E.05201
G1 X111.083 Y122.502 E.05201
G1 X112.34 Y121.484 E.05201
G1 X113.484 Y120.34 E.05201
G1 X114.502 Y119.083 E.05201
G1 X115.383 Y117.727 E.05201
G1 X116.117 Y116.285 E.05201
G1 X116.697 Y114.775 E.05201
G1 X117.115 Y113.213 E.05201
G1 X117.368 Y111.615 E.05201
G1 X117.453 Y110 E.05201
G1 X117.368 Y108.385 E.05201
G1 X117.115 Y106.787 E.05201
G1 X116.697 Y105.225 E.05201
G1 X116.117 Y103.715 E.05201
G1 X115.383 Y102.273 E.05201
G1 X114.502 Y100.917 E.05201
G1 X113.484 Y99.66 E.05201
G1 X112.34 Y98.516 E.05201
G1 X111.083 Y97.498 E.05201
G1 X109.727 Y96.617 E.05201
G1 X108.285 Y95.883 E.05201
G1 X106.775 Y95.303 E.05201
G1 X105.213 Y94.885 E.05201
G1 X103.615 Y94.632 E.05201
G1 X102 Y94.547 E.05201
G1 X101.281 Y94.585 E.02315
G1 X100.385 Y94.632 E.02886
G1 X98.787 Y94.885 E.05201
G1 X97.225 Y95.303 E.05201
G1 X95.715 Y95.883 E.05201
G1 X94.273 Y96.617 E.05201
G1 X92.917 Y97.498 E.05201
G1 X91.66 Y98.516 E.05201
G1 X90.516 Y99.66 E.05201
G1 X89.498 Y100.917 E.05201
G1 X88.617 Y102.273 E.05201
G1 X87.883 Y103.715 E.05201
G1 X87.303 Y105.225 E.05201
G1 X86.885 Y106.787 E.05201
G1 X86.632 Y108.385 E.05201
G1 X86.547 Y110 E.05201
G1 X86.632 Y111.615 E.05201
G1 X86.885 Y113.213 E.05201
G1 X87.303 Y114.775 E.05201
G1 X87.883 Y116.285 E.05201
G1 X88.617 Y117.727 E.05201
G1 X89.498 Y119.083 E.05201
G1 X90.516 Y120.34 E.05201
G1 X91.66 Y121.484 E.05201
G1 X92.917 Y122.502 E.05201
G1 X94.273 Y123.383 E.05201
G1 X95.715 Y124.117 E.05201
G1 X97.225 Y124.697 E.05201
G1 X98.787 Y125.115 E.05201
G1 X100.385 Y125.368 E.05201
G1 X101.921 Y125.449 E.04947
G1 X101.961 Y125.859 F18000
G1 F3730
G1 X102 Y125.861 E.00125
G1 X103.658 Y125.774 E.05338
G1 X105.298 Y125.514 E.05339
G1 X106.901 Y125.084 E.05338
G1 X108.451 Y124.489 E.05338
G1 X109.93 Y123.736 E.05339
G1 X111.323 Y122.832 E.05339
G1 X112.613 Y121.787 E.05338
G1 X113.787 Y120.613 E.05339
G1 X114.832 Y119.323 E.05338
G1 X115.736 Y117.93 E.05339
G1 X116.489 Y116.451 E.05339
G1 X117.084 Y114.901 E.05338
G1 X117.514 Y113.298 E.05338
G1 X117.774 Y111.658 E.05339
G1 X117.861 Y110 E.05338
G1 X117.774 Y108.342 E.05338
G1 X117.514 Y106.702 E.05339
G1 X117.084 Y105.099 E.05338
G1 X116.489 Y103.549 E.05338
G1 X115.736 Y102.07 E.05339
G1 X114.832 Y100.677 E.05339
G1 X113.787 Y99.387 E.05338
G1 X112.613 Y98.213 E.05339
G1 X111.323 Y97.168 E.05338
G1 X109.93 Y96.264 E.05339
G1 X108.451 Y95.511 E.05339
G1 X106.901 Y94.916 E.05338
G1 X105.298 Y94.486 E.05338
G1 X103.658 Y94.226 E.05339
G1 X102 Y94.139 E.05338
G1 X101.26 Y94.178 E.02384
G1 X100.342 Y94.226 E.02955
G1 X98.702 Y94.486 E.05339
G1 X97.099 Y94.916 E.05339
G1 X95.549 Y95.511 E.05339
G1 X94.07 Y96.264 E.05338
G1 X92.677 Y97.168 E.05338
G1 X91.387 Y98.213 E.05339
G1 X90.213 Y99.387 E.05339
G1 X89.168 Y100.677 E.05338
G1 X88.264 Y102.07 E.05339
G1 X87.511 Y103.549 E.05339
G1 X86.916 Y105.099 E.05338
G1 X86.486 Y106.702 E.05338
G1 X86.226 Y108.342 E.05339
G1 X86.139 Y110 E.05338
G1 X86.226 Y111.658 E.05338
G1 X86.486 Y113.298 E.05339
G1 X86.916 Y114.901 E.05338
G1 X87.511 Y116.451 E.05338
G1 X88.264 Y117.93 E.05339
G1 X89.168 Y119.323 E.05339
G1 X90.213 Y120.613 E.05338
G1 X91.387 Y121.787 E.05339
G1 X92.677 Y122.832 E.05339
G1 X94.07 Y123.736 E.05338
G1 X95.549 Y124.489 E.05338
G1 X97.099 Y125.084 E.05339
G1 X98.702 Y125.514 E.05339
G1 X100.342 Y125.774 E.05339
G1 X101.901 Y125.856 E.05021
; stop printing object mid_plate.stl id:1992740639744 copy 0
;LAYER_CHANGE
;Z:5.84
;HEIGHT:0.2
G92 E0 ; zero the extruded length again
; BEFORE_LAYER_CHANGE 28 @ 5.84mm
G1 E-1.75 F6000
;WIPE_START
G1 X102 Y125.861 E-.07409
G1 X102.9 Y125.814 E-.67592
;WIPE_END
; AFTER_LAYER_CHANGE 28 @ 5.84mm
;_SET_FAN_SPEED_CHANGING_LAYER
; printing object mid_plate.stl id:1992740639744 copy 0
G17
G3 Z6.04 I-.608 J.032 P1  F18000
G1 X102.941 Y126.589 Z6.04
G1 X102.273 Y126.624
G1 X102 Y126.638
G1 X102 Y127.04
G1 Z5.84
G1 E2.5 F6000
M204 P1000
;TYPE:Outer wall
;WIDTH:0.42
G1 F3600
G1 X100.219 Y126.946 E.05313
G1 X98.457 Y126.667 E.05313
G1 X96.734 Y126.206 E.05312
G1 X95.069 Y125.567 E.05313
G1 X93.48 Y124.757 E.05313
G1 X91.984 Y123.785 E.05313
G1 X90.598 Y122.663 E.05313
G1 X89.337 Y121.402 E.05312
G1 X88.215 Y120.016 E.05313
G1 X87.243 Y118.52 E.05313
G1 X86.433 Y116.931 E.05313
G1 X85.794 Y115.266 E.05313
G1 X85.333 Y113.543 E.05313
G1 X85.054 Y111.781 E.05313
G1 X84.96 Y110 E.05313
G1 X85.054 Y108.219 E.05313
G1 X85.333 Y106.457 E.05313
G1 X85.794 Y104.734 E.05313
G1 X86.433 Y103.069 E.05313
G1 X87.243 Y101.48 E.05313
G1 X88.215 Y99.984 E.05313
G1 X89.337 Y98.598 E.05313
G1 X90.598 Y97.337 E.05312
G1 X91.984 Y96.215 E.05313
G1 X93.48 Y95.243 E.05313
G1 X95.069 Y94.433 E.05313
G1 X96.734 Y93.794 E.05313
G1 X98.457 Y93.333 E.05312
G1 X100.219 Y93.054 E.05313
G1 X102 Y92.96 E.05313
G1 X102.832 Y93.004 E.02482
G1 X103.781 Y93.054 E.02831
G1 X105.543 Y93.333 E.05313
G1 X107.266 Y93.794 E.05313
G1 X108.931 Y94.433 E.05313
G1 X110.52 Y95.243 E.05313
G1 X112.016 Y96.215 E.05313
G1 X113.402 Y97.337 E.05313
G1 X114.663 Y98.598 E.05313
G1 X115.785 Y99.984 E.05313
G1 X116.757 Y101.48 E.05313
G1 X117.567 Y103.069 E.05313
G1 X118.206 Y104.734 E.05313
G1 X118.667 Y106.457 E.05313
G1 X118.946 Y108.219 E.05313
G1 X119.04 Y110 E.05313
G1 X118.946 Y111.781 E.05313
G1 X118.667 Y113.543 E.05313
G1 X118.206 Y115.266 E.05313
G1 X117.567 Y116.931 E.05313
G1 X116.757 Y118.52 E.05313
G1 X115.785 Y120.016 E.05313
G1 X114.663 Y121.402 E.05313
G1 X113.402 Y122.663 E.05313
G1 X112.016 Y123.785 E.05313
G1 X110.52 Y124.757 E.05313
G1 X108.931 Y125.567 E.05313
G1 X107.266 Y126.206 E.05313
G1 X105.543 Y126.667 E.05313
G1 X103.781 Y126.946 E.05313
G1 X102.06 Y127.037 E.05134
G1 X102.039 Y126.636 F18000
G1 X102 Y126.638
G1 X102 Y126.638
G1 X102 Y126.647
M204 P1500
;TYPE:Inner wall
;WIDTH:0.45
G1 F3730
G1 X100.26 Y126.556 E.05603
G1 X98.539 Y126.283 E.05603
G1 X96.856 Y125.832 E.05603
G1 X95.229 Y125.208 E.05603
G1 X93.676 Y124.417 E.05603
G1 X92.215 Y123.468 E.05603
G1 X90.861 Y122.371 E.05603
G1 X89.629 Y121.139 E.05603
G1 X88.532 Y119.785 E.05603
G1 X87.583 Y118.324 E.05603
G1 X86.792 Y116.771 E.05603
G1 X86.168 Y115.144 E.05603
G1 X85.717 Y113.461 E.05603
G1 X85.444 Y111.74 E.05603
G1 X85.353 Y110 E.05603
G1 X85.444 Y108.26 E.05603
G1 X85.717 Y106.539 E.05603
G1 X86.168 Y104.856 E.05603
G1 X86.792 Y103.229 E.05603
G1 X87.583 Y101.676 E.05603
G1 X88.532 Y100.215 E.05603
G1 X89.629 Y98.861 E.05603
G1 X90.861 Y97.629 E.05603
G1 X92.215 Y96.532 E.05603
G1 X93.676 Y95.583 E.05603
G1 X95.229 Y94.792 E.05603
G1 X96.856 Y94.168 E.05603
G1 X98.539 Y93.717 E.05603
G1 X100.26 Y93.444 E.05603
G1 X102 Y93.353 E.05603
G1 X102.811 Y93.395 E.02613
G1 X103.74 Y93.444 E.0299
G1 X105.461 Y93.717 E.05603
G1 X107.144 Y94.168 E.05603
G1 X108.771 Y94.792 E.05603
G1 X110.324 Y95.583 E.05603
G1 X111.785 Y96.532 E.05603
G1 X113.139 Y97.629 E.05603
G1 X114.371 Y98.861 E.05603
G1 X115.468 Y100.215 E.05603
G1 X116.417 Y101.676 E.05603
G1 X117.208 Y103.229 E.05603
G1 X117.832 Y104.856 E.05603
G1 X118.283 Y106.539 E.05603
G1 X118.556 Y108.26 E.05603
G1 X118.647 Y110 E.05603
G1 X118.556 Y111.74 E.05603
G1 X118.283 Y113.461 E.05603
G1 X117.832 Y115.144 E.05603
G1 X117.208 Y116.771 E.05603
G1 X116.417 Y118.324 E.05603
G1 X115.468 Y119.785 E.05603
G1 X114.371 Y121.139 E.05603
G1 X113.139 Y122.371 E.05603
G1 X111.785 Y123.468 E.05603
G1 X110.324 Y124.417 E.05603
G1 X108.771 Y125.208 E.05603
G1 X107.144 Y125.832 E.05603
G1 X105.461 Y126.283 E.05603
G1 X103.74 Y126.556 E.05603
G1 X102.06 Y126.644 E.0541
G1 X102 Y126.239 F18000
G1 F3730
G1 X100.303 Y126.15 E.05466
G1 X98.624 Y125.885 E.05466
G1 X96.982 Y125.445 E.05466
G1 X95.395 Y124.836 E.05466
G1 X93.88 Y124.064 E.05466
G1 X92.455 Y123.138 E.05466
G1 X91.134 Y122.068 E.05466
G1 X89.932 Y120.866 E.05466
G1 X88.862 Y119.545 E.05466
G1 X87.936 Y118.12 E.05466
G1 X87.164 Y116.605 E.05466
G1 X86.555 Y115.018 E.05466
G1 X86.115 Y113.376 E.05466
G1 X85.85 Y111.697 E.05466
G1 X85.761 Y110 E.05466
G1 X85.85 Y108.303 E.05466
G1 X86.115 Y106.624 E.05466
G1 X86.555 Y104.982 E.05466
G1 X87.164 Y103.395 E.05466
G1 X87.936 Y101.88 E.05466
G1 X88.862 Y100.455 E.05466
G1 X89.932 Y99.134 E.05466
G1 X91.134 Y97.932 E.05466
G1 X92.455 Y96.862 E.05466
G1 X93.88 Y95.936 E.05466
G1 X95.395 Y95.164 E.05466
G1 X96.982 Y94.555 E.05466
G1 X98.624 Y94.115 E.05466
G1 X100.303 Y93.85 E.05466
G1 X102 Y93.761 E.05466
G1 X102.79 Y93.802 E.02544
G1 X103.697 Y93.85 E.02922
G1 X105.376 Y94.115 E.05466
G1 X107.018 Y94.555 E.05466
G1 X108.605 Y95.164 E.05466
G1 X110.12 Y95.936 E.05466
G1 X111.545 Y96.862 E.05466
G1 X112.866 Y97.932 E.05466
G1 X114.068 Y99.134 E.05466
G1 X115.138 Y100.455 E.05466
G1 X116.064 Y101.88 E.05466
G1 X116.835 Y103.395 E.05466
G1 X117.445 Y104.982 E.05466
G1 X117.885 Y106.624 E.05466
G1 X118.15 Y108.303 E.05466
G1 X118.239 Y110 E.05466
G1 X118.15 Y111.697 E.05466
G1 X117.885 Y113.376 E.05466
G1 X117.445 Y115.018 E.05466
G1 X116.835 Y116.605 E.05466
G1 X116.064 Y118.12 E.05466
G1 X115.138 Y119.545 E.05466
G1 X114.068 Y120.866 E.05466
G1 X112.866 Y122.068 E.05466
G1 X111.545 Y123.138 E.05466
G1 X110.12 Y124.064 E.05466
G1 X108.605 Y124.836 E.05466
G1 X107.018 Y125.445 E.05466
G1 X105.376 Y125.885 E.05466
G1 X103.697 Y126.15 E.05466
G1 X102.06 Y126.236 E.05273
G1 E-1.75 F6000
;WIPE_START
G1 X101.061 Y126.188 E-.75
;WIPE_END
G1 X101.102 Y125.415 Z6.04 F18000
G1 X101.663 Y125.444
G1 X101.979 Y125.461
G1 X102 Y125.06
G1 Z5.84
G1 E2.5 F6000
M204 P1000
;TYPE:Outer wall
;WIDTH:0.42
G1 F3600
G1 X103.574 Y124.978 E.04696
G1 X105.131 Y124.731 E.04696
G1 X106.654 Y124.323 E.04696
G1 X108.126 Y123.758 E.04696
G1 X109.53 Y123.043 E.04696
G1 X110.852 Y122.184 E.04696
G1 X112.077 Y121.192 E.04696
G1 X113.192 Y120.077 E.04696
G1 X114.184 Y118.852 E.04696
G1 X115.043 Y117.53 E.04696
G1 X115.758 Y116.126 E.04696
G1 X116.323 Y114.654 E.04696
G1 X116.731 Y113.131 E.04696
G1 X116.978 Y111.574 E.04696
G1 X117.06 Y110 E.04696
G1 X116.978 Y108.426 E.04696
G1 X116.731 Y106.869 E.04696
G1 X116.323 Y105.346 E.04696
G1 X115.758 Y103.874 E.04696
G1 X115.043 Y102.47 E.04696
G1 X114.184 Y101.148 E.04696
G1 X113.192 Y99.923 E.04696
G1 X112.077 Y98.808 E.04696
G1 X110.852 Y97.816 E.04696
G1 X109.53 Y96.957 E.04696
G1 X108.126 Y96.242 E.04696
G1 X106.654 Y95.677 E.04696
G1 X105.131 Y95.269 E.04696
G1 X103.574 Y95.022 E.04696
G1 X102 Y94.94 E.04696
G1 X101.263 Y94.978 E.02198
G1 X100.426 Y95.022 E.02497
G1 X98.869 Y95.269 E.04696
G1 X97.346 Y95.677 E.04696
G1 X95.874 Y96.242 E.04696
G1 X94.47 Y96.957 E.04695
G1 X93.148 Y97.816 E.04696
G1 X91.923 Y98.808 E.04696
G1 X90.808 Y99.923 E.04696
G1 X89.816 Y101.148 E.04696
G1 X88.957 Y102.47 E.04696
G1 X88.242 Y103.874 E.04696
G1 X87.677 Y105.346 E.04696
G1 X87.269 Y106.869 E.04696
G1 X87.022 Y108.426 E.04696
G1 X86.94 Y110 E.04696
G1 X87.022 Y111.574 E.04696
G1 X87.269 Y113.131 E.04696
G1 X87.677 Y114.654 E.04696
G1 X88.242 Y116.126 E.04696
G1 X88.957 Y117.53 E.04696
G1 X89.816 Y118.852 E.04696
G1 X90.808 Y120.077 E.04696
G1 X91.923 Y121.192 E.04696
G1 X93.148 Y122.184 E.04696
G1 X94.47 Y123.043 E.04696
G1 X95.874 Y123.758 E.04695
G1 X97.346 Y124.323 E.04696
G1 X98.869 Y124.731 E.04696
G1 X100.426 Y124.978 E.04696
G1 X101.94 Y125.057 E.04517
G1 X101.919 Y125.457 F18000
G1 X101.981 Y125.461
G1 X101.981 Y125.452
M204 P1500
;TYPE:Inner wall
;WIDTH:0.45
G1 F3730
G1 X102 Y125.453 E.00061
G1 X103.615 Y125.368 E.05201
G1 X105.213 Y125.115 E.05201
G1 X106.775 Y124.697 E.05201
G1 X108.285 Y124.117 E.05201
G1 X109.727 Y123.383 E.05201
G1 X111.083 Y122.502 E.05201
G1 X112.34 Y121.484 E.05201
G1 X113.484 Y120.34 E.05201
G1 X114.502 Y119.083 E.05201
G1 X115.383 Y117.727 E.05201
G1 X116.117 Y116.285 E.05201
G1 X116.697 Y114.775 E.05201
G1 X117.115 Y113.213 E.05201
G1 X117.368 Y111.615 E.05201
G1 X117.453 Y110 E.05201
G1 X117.368 Y108.385 E.05201
G1 X117.115 Y106.787 E.05201
G1 X116.697 Y105.225 E.05201
G1 X116.117 Y103.715 E.05201
G1 X115.383 Y102.273 E.05201
G1 X114.502 Y100.917 E.05201
G1 X113.484 Y99.66 E.05201
G1 X112.34 Y98.516 E.05201
G1 X111.083 Y97.498 E.05201
G1 X109.727 Y96.617 E.05201
G1 X108.285 Y95.883 E.05201
G1 X106.775 Y95.303 E.05201
G1 X105.213 Y94.885 E.05201
G1 X103.615 Y94.632 E.05201
G1 X102 Y94.547 E.05201
G1 X101.242 Y94.587 E.02439
G1 X100.385 Y94.632 E.02762
G1 X98.787 Y94.885 E.05201
G1 X97.225 Y95.303 E.05201
G1 X95.715 Y95.883 E.05201
G1 X94.273 Y96.617 E.05201
G1 X92.917 Y97.498 E.05201
G1 X91.66 Y98.516 E.05201
G1 X90.516 Y99.66 E.05201
G1 X89.498 Y100.917 E.05201
G1 X88.617 Y102.273 E.05201
G1 X87.883 Y103.715 E.05201
G1 X87.303 Y105.225 E.05201
G1 X86.885 Y106.787 E.05201
G1 X86.632 Y108.385 E.05201
G1 X86.547 Y110 E.05201
G1 X86.632 Y111.615 E.05201
G1 X86.885 Y113.213 E.05201
G1 X87.303 Y114.775 E.05201
G1 X87.883 Y116.285 E.05201
G1 X88.617 Y117.727 E.05201
G1 X89.498 Y119.083 E.05201
G1 X90.516 Y120.34 E.05201
G1 X91.66 Y121.484 E.05201
G1 X92.917 Y122.502 E.05201
G1 X94.273 Y123.383 E.05201
G1 X95.715 Y124.117 E.05201
G1 X97.225 Y124.697 E.05201
G1 X98.787 Y125.115 E.05201
G1 X100.385 Y125.368 E.05201
G1 X101.921 Y125.449 E.04947
G1 X101.961 Y125.859 F18000
G1 F3730
G1 X102 Y125.861 E.00125
G1 X103.658 Y125.774 E.05338
G1 X105.298 Y125.514 E.05339
G1 X106.901 Y125.084 E.05338
G1 X108.451 Y124.489 E.05338
G1 X109.93 Y123.736 E.05339
G1 X111.323 Y122.832 E.05339
G1 X112.613 Y121.787 E.05338
G1 X113.787 Y120.613 E.05339
G1 X114.832 Y119.323 E.05338
G1 X115.736 Y117.93 E.05339
G1 X116.489 Y116.451 E.05339
G1 X117.084 Y114.901 E.05338
G1 X117.514 Y113.298 E.05338
G1 X117.774 Y111.658 E.05339
G1 X117.861 Y110 E.05338
G1 X117.774 Y108.342 E.05338
G1 X117.514 Y106.702 E.05339
G1 X117.084 Y105.099 E.05338
G1 X116.489 Y103.549 E.05338
G1 X115.736 Y102.07 E.05339
G1 X114.832 Y100.677 E.05339
G1 X113.787 Y99.387 E.05338
G1 X112.613 Y98.213 E.05339
G1 X111.323 Y97.168 E.05338
G1 X109.93 Y96.264 E.05339
G1 X108.451 Y95.511 E.05339
G1 X106.901 Y94.916 E.05338
G1 X105.298 Y94.486 E.05338
G1 X103.658 Y94.226 E.05339
G1 X102 Y94.139 E.05338
G1 X101.221 Y94.18 E.02508
G1 X100.342 Y94.226 E.02831
G1 X98.702 Y94.486 E.05339
G1 X97.099 Y94.916 E.05339
G1 X95.549 Y95.511 E.05339
G1 X94.07 Y96.264 E.05338
G1 X92.677 Y97.168 E.05338
G1 X91.387 Y98.213 E.05339
G1 X90.213 Y99.387 E.05339
G1 X89.168 Y100.677 E.05338
G1 X88.264 Y102.07 E.05339
G1 X87.511 Y103.549 E.05339
G1 X86.916 Y105.099 E.05338
G1 X86.486 Y106.702 E.05338
G1 X86.226 Y108.342 E.05339
G1 X86.139 Y110 E.05338
G1 X86.226 Y111.658 E.05338
G1 X86.486 Y113.298 E.05339
G1 X86.916 Y114.901 E.05338
G1 X87.511 Y116.451 E.05338
G1 X88.264 Y117.93 E.05339
G1 X89.168 Y119.323 E.05339
G1 X90.213 Y120.613 E.05338
G1 X91.387 Y121.787 E.05339
G1 X92.677 Y122.832 E.05339
G1 X94.07 Y123.736 E.05338
G1 X95.549 Y124.489 E.05338
G1 X97.099 Y125.084 E.05339
G1 X98.702 Y125.514 E.05339
G1 X100.342 Y125.774 E.05339
G1 X101.901 Y125.856 E.05021
; stop printing object mid_plate.stl id:1992740639744 copy 0
;LAYER_CHANGE
;Z:6.04
;HEIGHT:0.2
G92 E0 ; zero the extruded length again
; BEFORE_LAYER_CHANGE 29 @ 6.04mm
G1 E-1.75 F6000
;WIPE_START
G1 X102 Y125.861 E-.07409
G1 X102.9 Y125.814 E-.67592
;WIPE_END
; AFTER_LAYER_CHANGE 29 @ 6.04mm
;_SET_FAN_SPEED_CHANGING_LAYER
; printing object mid_plate.stl id:1992740639744 copy 0
G17
G3 Z6.24 I-.608 J.032 P1  F18000
G1 X102.941 Y126.589 Z6.24
G1 X102.273 Y126.624
G1 X102 Y126.638
G1 X102 Y127.04
G1 Z6.04
G1 E2.5 F6000
M204 P1000
;TYPE:Outer wall
;WIDTH:0.42
G1 F3600
G1 X100.219 Y126.946 E.05313
G1 X98.457 Y126.667 E.05313
G1 X96.734 Y126.206 E.05312
G1 X95.069 Y125.567 E.05313
G1 X93.48 Y124.757 E.05313
G1 X91.984 Y123.785 E.05313
G1 X90.598 Y122.663 E.05313
G1 X89.337 Y121.402 E.05312
G1 X88.215 Y120.016 E.05313
G1 X87.243 Y118.52 E.05313
G1 X86.433 Y116.931 E.05313
G1 X85.794 Y115.266 E.05313
G1 X85.333 Y113.543 E.05313
G1 X85.054 Y111.781 E.05313
G1 X84.96 Y110 E.05313
G1 X85.054 Y108.219 E.05313
G1 X85.333 Y106.457 E.05313
G1 X85.794 Y104.734 E.05313
G1 X86.433 Y103.069 E.05313
G1 X87.243 Y101.48 E.05313
G1 X88.215 Y99.984 E.05313
G1 X89.337 Y98.598 E.05313
G1 X90.598 Y97.337 E.05312
G1 X91.984 Y96.215 E.05313
G1 X93.48 Y95.243 E.05313
G1 X95.069 Y94.433 E.05313
G1 X96.734 Y93.794 E.05313
G1 X98.457 Y93.333 E.05312
G1 X100.219 Y93.054 E.05313
G1 X102 Y92.96 E.05313
G1 X102.877 Y93.006 E.02616
G1 X103.781 Y93.054 E.02697
G1 X105.543 Y93.333 E.05313
G1 X107.266 Y93.794 E.05313
G1 X108.931 Y94.433 E.05313
G1 X110.52 Y95.243 E.05313
G1 X112.016 Y96.215 E.05313
G1 X113.402 Y97.337 E.05313
G1 X114.663 Y98.598 E.05313
G1 X115.785 Y99.984 E.05313
G1 X116.757 Y101.48 E.05313
G1 X117.567 Y103.069 E.05313
G1 X118.206 Y104.734 E.05313
G1 X118.667 Y106.457 E.05313
G1 X118.946 Y108.219 E.05313
G1 X119.04 Y110 E.05313
G1 X118.946 Y111.781 E.05313
G1 X118.667 Y113.543 E.05313
G1 X118.206 Y115.266 E.05313
G1 X117.567 Y116.931 E.05313
G1 X116.757 Y118.52 E.05313
G1 X115.785 Y120.016 E.05313
G1 X114.663 Y121.402 E.05313
G1 X113.402 Y122.663 E.05313
G1 X112.016 Y123.785 E.05313
G1 X110.52 Y124.757 E.05313
G1 X108.931 Y125.567 E.05313
G1 X107.266 Y126.206 E.05313
G1 X105.543 Y126.667 E.05313
G1 X103.781 Y126.946 E.05313
G1 X102.06 Y127.037 E.05134
G1 X102.039 Y126.636 F18000
G1 X102 Y126.638
G1 X102 Y126.638
G1 X102 Y126.647
M204 P1500
;TYPE:Inner wall
;WIDTH:0.45
G1 F3730
G1 X100.26 Y126.556 E.05603
G1 X98.539 Y126.283 E.05603
G1 X96.856 Y125.832 E.05603
G1 X95.229 Y125.208 E.05603
G1 X93.676 Y124.417 E.05603
G1 X92.215 Y123.468 E.05603
G1 X90.861 Y122.371 E.05603
G1 X89.629 Y121.139 E.05603
G1 X88.532 Y119.785 E.05603
G1 X87.583 Y118.324 E.05603
G1 X86.792 Y116.771 E.05603
G1 X86.168 Y115.144 E.05603
G1 X85.717 Y113.461 E.05603
G1 X85.444 Y111.74 E.05603
G1 X85.353 Y110 E.05603
G1 X85.444 Y108.26 E.05603
G1 X85.717 Y106.539 E.05603
G1 X86.168 Y104.856 E.05603
G1 X86.792 Y103.229 E.05603
G1 X87.583 Y101.676 E.05603
G1 X88.532 Y100.215 E.05603
G1 X89.629 Y98.861 E.05603
G1 X90.861 Y97.629 E.05603
G1 X92.215 Y96.532 E.05603
G1 X93.676 Y95.583 E.05603
G1 X95.229 Y94.792 E.05603
G1 X96.856 Y94.168 E.05603
G1 X98.539 Y93.717 E.05603
G1 X100.26 Y93.444 E.05603
G1 X102 Y93.353 E.05603
G1 X102.857 Y93.398 E.02758
G1 X103.74 Y93.444 E.02845
G1 X105.461 Y93.717 E.05603
G1 X107.144 Y94.168 E.05603
G1 X108.771 Y94.792 E.05603
G1 X110.324 Y95.583 E.05603
G1 X111.785 Y96.532 E.05603
G1 X113.139 Y97.629 E.05603
G1 X114.371 Y98.861 E.05603
G1 X115.468 Y100.215 E.05603
G1 X116.417 Y101.676 E.05603
G1 X117.208 Y103.229 E.05603
G1 X117.832 Y104.856 E.05603
G1 X118.283 Y106.539 E.05603
G1 X118.556 Y108.26 E.05603
G1 X118.647 Y110 E.05603
G1 X118.556 Y111.74 E.05603
G1 X118.283 Y113.461 E.05603
G1 X117.832 Y115.144 E.05603
G1 X117.208 Y116.771 E.05603
G1 X116.417 Y118.324 E.05603
G1 X115.468 Y119.785 E.05603
G1 X114.371 Y121.139 E.05603
G1 X113.139 Y122.371 E.05603
G1 X111.785 Y123.468 E.05603
G1 X110.324 Y124.417 E.05603
G1 X108.771 Y125.208 E.05603
G1 X107.144 Y125.832 E.05603
G1 X105.461 Y126.283 E.05603
G1 X103.74 Y126.556 E.05603
G1 X102.06 Y126.644 E.0541
G1 X102 Y126.239 F18000
G1 F3730
G1 X100.303 Y126.15 E.05466
G1 X98.624 Y125.885 E.05466
G1 X96.982 Y125.445 E.05466
G1 X95.395 Y124.836 E.05466
G1 X93.88 Y124.064 E.05466
G1 X92.455 Y123.138 E.05466
G1 X91.134 Y122.068 E.05466
G1 X89.932 Y120.866 E.05466
G1 X88.862 Y119.545 E.05466
G1 X87.936 Y118.12 E.05466
G1 X87.164 Y116.605 E.05466
G1 X86.555 Y115.018 E.05466
G1 X86.115 Y113.376 E.05466
G1 X85.85 Y111.697 E.05466
G1 X85.761 Y110 E.05466
G1 X85.85 Y108.303 E.05466
G1 X86.115 Y106.624 E.05466
G1 X86.555 Y104.982 E.05466
G1 X87.164 Y103.395 E.05466
G1 X87.936 Y101.88 E.05466
G1 X88.862 Y100.455 E.05466
G1 X89.932 Y99.134 E.05466
G1 X91.134 Y97.932 E.05466
G1 X92.455 Y96.862 E.05466
G1 X93.88 Y95.936 E.05466
G1 X95.395 Y95.164 E.05466
G1 X96.982 Y94.555 E.05466
G1 X98.624 Y94.115 E.05466
G1 X100.303 Y93.85 E.05466
G1 X102 Y93.761 E.05466
G1 X102.835 Y93.804 E.02689
G1 X103.697 Y93.85 E.02777
G1 X105.376 Y94.115 E.05466
G1 X107.018 Y94.555 E.05466
G1 X108.605 Y95.164 E.05466
G1 X110.12 Y95.936 E.05466
G1 X111.545 Y96.862 E.05466
G1 X112.866 Y97.932 E.05466
G1 X114.068 Y99.134 E.05466
G1 X115.138 Y100.455 E.05466
G1 X116.064 Y101.88 E.05466
G1 X116.835 Y103.395 E.05466
G1 X117.445 Y104.982 E.05466
G1 X117.885 Y106.624 E.05466
G1 X118.15 Y108.303 E.05466
G1 X118.239 Y110 E.05466
G1 X118.15 Y111.697 E.05466
G1 X117.885 Y113.376 E.05466
G1 X117.445 Y115.018 E.05466
G1 X116.835 Y116.605 E.05466
G1 X116.064 Y118.12 E.05466
G1 X115.138 Y119.545 E.05466
G1 X114.068 Y120.866 E.05466
G1 X112.866 Y122.068 E.05466
G1 X111.545 Y123.138 E.05466
G1 X110.12 Y124.064 E.05466
G1 X108.605 Y124.836 E.05466
G1 X107.018 Y125.445 E.05466
G1 X105.376 Y125.885 E.05466
G1 X103.697 Y126.15 E.05466
G1 X102.06 Y126.236 E.05273
G1 E-1.75 F6000
;WIPE_START
G1 X101.061 Y126.188 E-.75
;WIPE_END
G1 X101.102 Y125.415 Z6.24 F18000
G1 X101.663 Y125.444
G1 X101.979 Y125.461
G1 X102 Y125.06
G1 Z6.04
G1 E2.5 F6000
M204 P1000
;TYPE:Outer wall
;WIDTH:0.42
G1 F3600
G1 X103.574 Y124.978 E.04696
G1 X105.131 Y124.731 E.04696
G1 X106.654 Y124.323 E.04696
G1 X108.126 Y123.758 E.04696
G1 X109.53 Y123.043 E.04696
G1 X110.852 Y122.184 E.04696
G1 X112.077 Y121.192 E.04696
G1 X113.192 Y120.077 E.04696
G1 X114.184 Y118.852 E.04696
G1 X115.043 Y117.53 E.04696
G1 X115.758 Y116.126 E.04696
G1 X116.323 Y114.654 E.04696
G1 X116.731 Y113.131 E.04696
G1 X116.978 Y111.574 E.04696
G1 X117.06 Y110 E.04696
G1 X116.978 Y108.426 E.04696
G1 X116.731 Y106.869 E.04696
G1 X116.323 Y105.346 E.04696
G1 X115.758 Y103.874 E.04696
G1 X115.043 Y102.47 E.04696
G1 X114.184 Y101.148 E.04696
G1 X113.192 Y99.923 E.04696
G1 X112.077 Y98.808 E.04696
G1 X110.852 Y97.816 E.04696
G1 X109.53 Y96.957 E.04696
G1 X108.126 Y96.242 E.04696
G1 X106.654 Y95.677 E.04696
G1 X105.131 Y95.269 E.04696
G1 X103.574 Y95.022 E.04696
G1 X102 Y94.94 E.04696
G1 X101.224 Y94.98 E.02313
G1 X100.426 Y95.022 E.02382
G1 X98.869 Y95.269 E.04696
G1 X97.346 Y95.677 E.04696
G1 X95.874 Y96.242 E.04696
G1 X94.47 Y96.957 E.04695
G1 X93.148 Y97.816 E.04696
G1 X91.923 Y98.808 E.04696
G1 X90.808 Y99.923 E.04696
G1 X89.816 Y101.148 E.04696
G1 X88.957 Y102.47 E.04696
G1 X88.242 Y103.874 E.04696
G1 X87.677 Y105.346 E.04696
G1 X87.269 Y106.869 E.04696
G1 X87.022 Y108.426 E.04696
G1 X86.94 Y110 E.04696
G1 X87.022 Y111.574 E.04696
G1 X87.269 Y113.131 E.04696
G1 X87.677 Y114.654 E.04696
G1 X88.242 Y116.126 E.04696
G1 X88.957 Y117.53 E.04696
G1 X89.816 Y118.852 E.04696
G1 X90.808 Y120.077 E.04696
G1 X91.923 Y121.192 E.04696
G1 X93.148 Y122.184 E.04696
G1 X94.47 Y123.043 E.04696
G1 X95.874 Y123.758 E.04695
G1 X97.346 Y124.323 E.04696
G1 X98.869 Y124.731 E.04696
G1 X100.426 Y124.978 E.04696
G1 X101.94 Y125.057 E.04517
G1 X101.919 Y125.457 F18000
G1 X101.981 Y125.461
G1 X101.981 Y125.452
M204 P1500
;TYPE:Inner wall
;WIDTH:0.45
G1 F3730
G1 X102 Y125.453 E.00061
G1 X103.615 Y125.368 E.05201
G1 X105.213 Y125.115 E.05201
G1 X106.775 Y124.697 E.05201
G1 X108.285 Y124.117 E.05201
G1 X109.727 Y123.383 E.05201
G1 X111.083 Y122.502 E.05201
G1 X112.34 Y121.484 E.05201
G1 X113.484 Y120.34 E.05201
G1 X114.502 Y119.083 E.05201
G1 X115.383 Y117.727 E.05201
G1 X116.117 Y116.285 E.05201
G1 X116.697 Y114.775 E.05201
G1 X117.115 Y113.213 E.05201
G1 X117.368 Y111.615 E.05201
G1 X117.453 Y110 E.05201
G1 X117.368 Y108.385 E.05201
G1 X117.115 Y106.787 E.05201
G1 X116.697 Y105.225 E.05201
G1 X116.117 Y103.715 E.05201
G1 X115.383 Y102.273 E.05201
G1 X114.502 Y100.917 E.05201
G1 X113.484 Y99.66 E.05201
G1 X112.34 Y98.516 E.05201
G1 X111.083 Y97.498 E.05201
G1 X109.727 Y96.617 E.05201
G1 X108.285 Y95.883 E.05201
G1 X106.775 Y95.303 E.05201
G1 X105.213 Y94.885 E.05201
G1 X103.615 Y94.632 E.05201
G1 X102 Y94.547 E.05201
G1 X101.204 Y94.589 E.02563
G1 X100.385 Y94.632 E.02638
G1 X98.787 Y94.885 E.05201
G1 X97.225 Y95.303 E.05201
G1 X95.715 Y95.883 E.05201
G1 X94.273 Y96.617 E.05201
G1 X92.917 Y97.498 E.05201
G1 X91.66 Y98.516 E.05201
G1 X90.516 Y99.66 E.05201
G1 X89.498 Y100.917 E.05201
G1 X88.617 Y102.273 E.05201
G1 X87.883 Y103.715 E.05201
G1 X87.303 Y105.225 E.05201
G1 X86.885 Y106.787 E.05201
G1 X86.632 Y108.385 E.05201
G1 X86.547 Y110 E.05201
G1 X86.632 Y111.615 E.05201
G1 X86.885 Y113.213 E.05201
G1 X87.303 Y114.775 E.05201
G1 X87.883 Y116.285 E.05201
G1 X88.617 Y117.727 E.05201
G1 X89.498 Y119.083 E.05201
G1 X90.516 Y120.34 E.05201
G1 X91.66 Y121.484 E.05201
G1 X92.917 Y122.502 E.05201
G1 X94.273 Y123.383 E.05201
G1 X95.715 Y124.117 E.05201
G1 X97.225 Y124.697 E.05201
G1 X98.787 Y125.115 E.05201
G1 X100.385 Y125.368 E.05201
G1 X101.921 Y125.449 E.04947
G1 X101.961 Y125.859 F18000
G1 F3730
G1 X102 Y125.861 E.00125
G1 X103.658 Y125.774 E.05338
G1 X105.298 Y125.514 E.05339
G1 X106.901 Y125.084 E.05338
G1 X108.451 Y124.489 E.05338
G1 X109.93 Y123.736 E.05339
G1 X111.323 Y122.832 E.05339
G1 X112.613 Y121.787 E.05338
G1 X113.787 Y120.613 E.05339
G1 X114.832 Y119.323 E.05338
G1 X115.736 Y117.93 E.05339
G1 X116.489 Y116.451 E.05339
G1 X117.084 Y114.901 E.05338
G1 X117.514 Y113.298 E.05338
G1 X117.774 Y111.658 E.05339
G1 X117.861 Y110 E.05338
G1 X117.774 Y108.342 E.05338
G1 X117.514 Y106.702 E.05339
G1 X117.084 Y105.099 E.05338
G1 X116.489 Y103.549 E.05338
G1 X115.736 Y102.07 E.05339
G1 X114.832 Y100.677 E.05339
G1 X113.787 Y99.387 E.05338
G1 X112.613 Y98.213 E.05339
G1 X111.323 Y97.168 E.05338
G1 X109.93 Y96.264 E.05339
G1 X108.451 Y95.511 E.05339
G1 X106.901 Y94.916 E.05338
G1 X105.298 Y94.486 E.05338
G1 X103.658 Y94.226 E.05339
G1 X102 Y94.139 E.05338
G1 X101.183 Y94.182 E.02632
G1 X100.342 Y94.226 E.02706
G1 X98.702 Y94.486 E.05339
G1 X97.099 Y94.916 E.05339
G1 X95.549 Y95.511 E.05339
G1 X94.07 Y96.264 E.05338
G1 X92.677 Y97.168 E.05338
G1 X91.387 Y98.213 E.05339
G1 X90.213 Y99.387 E.05339
G1 X89.168 Y100.677 E.05338
G1 X88.264 Y102.07 E.05339
G1 X87.511 Y103.549 E.05339
G1 X86.916 Y105.099 E.05338
G1 X86.486 Y106.702 E.05338
G1 X86.226 Y108.342 E.05339
G1 X86.139 Y110 E.05338
G1 X86.226 Y111.658 E.05338
G1 X86.486 Y113.298 E.05339
G1 X86.916 Y114.901 E.05338
G1 X87.511 Y116.451 E.05338
G1 X88.264 Y117.93 E.05339
G1 X89.168 Y119.323 E.05339
G1 X90.213 Y120.613 E.05338
G1 X91.387 Y121.787 E.05339
G1 X92.677 Y122.832 E.05339
G1 X94.07 Y123.736 E.05338
G1 X95.549 Y124.489 E.05338
G1 X97.099 Y125.084 E.05339
G1 X98.702 Y125.514 E.05339
G1 X100.342 Y125.774 E.05339
G1 X101.901 Y125.856 E.05021
; stop printing object mid_plate.stl id:1992740639744 copy 0
;LAYER_CHANGE
;Z:6.24
;HEIGHT:0.2
G92 E0 ; zero the extruded length again
; BEFORE_LAYER_CHANGE 30 @ 6.24mm
G1 E-1.75 F6000
;WIPE_START
G1 X102 Y125.861 E-.07409
G1 X102.9 Y125.814 E-.67592
;WIPE_END
; AFTER_LAYER_CHANGE 30 @ 6.24mm
;_SET_FAN_SPEED_CHANGING_LAYER
; printing object mid_plate.stl id:1992740639744 copy 0
G17
G3 Z6.44 I-.608 J.032 P1  F18000
G1 X102.941 Y126.589 Z6.44
G1 X102.273 Y126.624
G1 X102 Y126.638
G1 X102 Y127.04
G1 Z6.24
G1 E2.5 F6000
M204 P1000
;TYPE:Outer wall
;WIDTH:0.42
G1 F3600
G1 X100.219 Y126.946 E.05313
G1 X98.457 Y126.667 E.05313
G1 X96.734 Y126.206 E.05312
G1 X95.069 Y125.567 E.05313
G1 X93.48 Y124.757 E.05313
G1 X91.984 Y123.785 E.05313
G1 X90.598 Y122.663 E.05313
G1 X89.337 Y121.402 E.05312
G1 X88.215 Y120.016 E.05313
G1 X87.243 Y118.52 E.05313
G1 X86.433 Y116.931 E.05313
G1 X85.794 Y115.266 E.05313
G1 X85.333 Y113.543 E.05313
G1 X85.054 Y111.781 E.05313
G1 X84.96 Y110 E.05313
G1 X85.054 Y108.219 E.05313
G1 X85.333 Y106.457 E.05313
G1 X85.794 Y104.734 E.05313
G1 X86.433 Y103.069 E.05313
G1 X87.243 Y101.48 E.05313
G1 X88.215 Y99.984 E.05313
G1 X89.337 Y98.598 E.05313
G1 X90.598 Y97.337 E.05312
G1 X91.984 Y96.215 E.05313
G1 X93.48 Y95.243 E.05313
G1 X95.069 Y94.433 E.05313
G1 X96.734 Y93.794 E.05313
G1 X98.457 Y93.333 E.05312
G1 X100.219 Y93.054 E.05313
G1 X102 Y92.96 E.05313
G1 X102.922 Y93.009 E.0275
G1 X103.781 Y93.054 E.02562
G1 X105.543 Y93.333 E.05313
G1 X107.266 Y93.794 E.05313
G1 X108.931 Y94.433 E.05313
G1 X110.52 Y95.243 E.05313
G1 X112.016 Y96.215 E.05313
G1 X113.402 Y97.337 E.05313
G1 X114.663 Y98.598 E.05313
G1 X115.785 Y99.984 E.05313
G1 X116.757 Y101.48 E.05313
G1 X117.567 Y103.069 E.05313
G1 X118.206 Y104.734 E.05313
G1 X118.667 Y106.457 E.05313
G1 X118.946 Y108.219 E.05313
G1 X119.04 Y110 E.05313
G1 X118.946 Y111.781 E.05313
G1 X118.667 Y113.543 E.05313
G1 X118.206 Y115.266 E.05313
G1 X117.567 Y116.931 E.05313
G1 X116.757 Y118.52 E.05313
G1 X115.785 Y120.016 E.05313
G1 X114.663 Y121.402 E.05313
G1 X113.402 Y122.663 E.05313
G1 X112.016 Y123.785 E.05313
G1 X110.52 Y124.757 E.05313
G1 X108.931 Y125.567 E.05313
G1 X107.266 Y126.206 E.05313
G1 X105.543 Y126.667 E.05313
G1 X103.781 Y126.946 E.05313
G1 X102.06 Y127.037 E.05134
G1 X102.039 Y126.636 F18000
G1 X102 Y126.638
G1 X102 Y126.638
G1 X102 Y126.647
M204 P1500
;TYPE:Inner wall
;WIDTH:0.45
G1 F3730
G1 X100.26 Y126.556 E.05603
G1 X98.539 Y126.283 E.05603
G1 X96.856 Y125.832 E.05603
G1 X95.229 Y125.208 E.05603
G1 X93.676 Y124.417 E.05603
G1 X92.215 Y123.468 E.05603
G1 X90.861 Y122.371 E.05603
G1 X89.629 Y121.139 E.05603
G1 X88.532 Y119.785 E.05603
G1 X87.583 Y118.324 E.05603
G1 X86.792 Y116.771 E.05603
G1 X86.168 Y115.144 E.05603
G1 X85.717 Y113.461 E.05603
G1 X85.444 Y111.74 E.05603
G1 X85.353 Y110 E.05603
G1 X85.444 Y108.26 E.05603
G1 X85.717 Y106.539 E.05603
G1 X86.168 Y104.856 E.05603
G1 X86.792 Y103.229 E.05603
G1 X87.583 Y101.676 E.05603
G1 X88.532 Y100.215 E.05603
G1 X89.629 Y98.861 E.05603
G1 X90.861 Y97.629 E.05603
G1 X92.215 Y96.532 E.05603
G1 X93.676 Y95.583 E.05603
G1 X95.229 Y94.792 E.05603
G1 X96.856 Y94.168 E.05603
G1 X98.539 Y93.717 E.05603
G1 X100.26 Y93.444 E.05603
G1 X102 Y93.353 E.05603
G1 X102.902 Y93.4 E.02903
G1 X103.74 Y93.444 E.027
G1 X105.461 Y93.717 E.05603
G1 X107.144 Y94.168 E.05603
G1 X108.771 Y94.792 E.05603
G1 X110.324 Y95.583 E.05603
G1 X111.785 Y96.532 E.05603
G1 X113.139 Y97.629 E.05603
G1 X114.371 Y98.861 E.05603
G1 X115.468 Y100.215 E.05603
G1 X116.417 Y101.676 E.05603
G1 X117.208 Y103.229 E.05603
G1 X117.832 Y104.856 E.05603
G1 X118.283 Y106.539 E.05603
G1 X118.556 Y108.26 E.05603
G1 X118.647 Y110 E.05603
G1 X118.556 Y111.74 E.05603
G1 X118.283 Y113.461 E.05603
G1 X117.832 Y115.144 E.05603
G1 X117.208 Y116.771 E.05603
G1 X116.417 Y118.324 E.05603
G1 X115.468 Y119.785 E.05603
G1 X114.371 Y121.139 E.05603
G1 X113.139 Y122.371 E.05603
G1 X111.785 Y123.468 E.05603
G1 X110.324 Y124.417 E.05603
G1 X108.771 Y125.208 E.05603
G1 X107.144 Y125.832 E.05603
G1 X105.461 Y126.283 E.05603
G1 X103.74 Y126.556 E.05603
G1 X102.06 Y126.644 E.0541
G1 X102 Y126.239 F18000
G1 F3730
G1 X100.303 Y126.15 E.05466
G1 X98.624 Y125.885 E.05466
G1 X96.982 Y125.445 E.05466
G1 X95.395 Y124.836 E.05466
G1 X93.88 Y124.064 E.05466
G1 X92.455 Y123.138 E.05466
G1 X91.134 Y122.068 E.05466
G1 X89.932 Y120.866 E.05466
G1 X88.862 Y119.545 E.05466
G1 X87.936 Y118.12 E.05466
G1 X87.164 Y116.605 E.05466
G1 X86.555 Y115.018 E.05466
G1 X86.115 Y113.376 E.05466
G1 X85.85 Y111.697 E.05466
G1 X85.761 Y110 E.05466
G1 X85.85 Y108.303 E.05466
G1 X86.115 Y106.624 E.05466
G1 X86.555 Y104.982 E.05466
G1 X87.164 Y103.395 E.05466
G1 X87.936 Y101.88 E.05466
G1 X88.862 Y100.455 E.05466
G1 X89.932 Y99.134 E.05466
G1 X91.134 Y97.932 E.05466
G1 X92.455 Y96.862 E.05466
G1 X93.88 Y95.936 E.05466
G1 X95.395 Y95.164 E.05466
G1 X96.982 Y94.555 E.05466
G1 X98.624 Y94.115 E.05466
G1 X100.303 Y93.85 E.05466
G1 X102 Y93.761 E.05466
G1 X102.88 Y93.807 E.02835
G1 X103.697 Y93.85 E.02631
G1 X105.376 Y94.115 E.05466
G1 X107.018 Y94.555 E.05466
G1 X108.605 Y95.164 E.05466
G1 X110.12 Y95.936 E.05466
G1 X111.545 Y96.862 E.05466
G1 X112.866 Y97.932 E.05466
G1 X114.068 Y99.134 E.05466
G1 X115.138 Y100.455 E.05466
G1 X116.064 Y101.88 E.05466
G1 X116.835 Y103.395 E.05466
G1 X117.445 Y104.982 E.05466
G1 X117.885 Y106.624 E.05466
G1 X118.15 Y108.303 E.05466
G1 X118.239 Y110 E.05466
G1 X118.15 Y111.697 E.05466
G1 X117.885 Y113.376 E.05466
G1 X117.445 Y115.018 E.05466
G1 X116.835 Y116.605 E.05466
G1 X116.064 Y118.12 E.05466
G1 X115.138 Y119.545 E.05466
G1 X114.068 Y120.866 E.05466
G1 X112.866 Y122.068 E.05466
G1 X111.545 Y123.138 E.05466
G1 X110.12 Y124.064 E.05466
G1 X108.605 Y124.836 E.05466
G1 X107.018 Y125.445 E.05466
G1 X105.376 Y125.885 E.05466
G1 X103.697 Y126.15 E.05466
G1 X102.06 Y126.236 E.05273
G1 E-1.75 F6000
;WIPE_START
G1 X101.061 Y126.188 E-.75
;WIPE_END
G1 X101.102 Y125.415 Z6.44 F18000
G1 X101.663 Y125.444
G1 X101.979 Y125.461
G1 X102 Y125.06
G1 Z6.24
G1 E2.5 F6000
M204 P1000
;TYPE:Outer wall
;WIDTH:0.42
G1 F3600
G1 X103.574 Y124.978 E.04696
G1 X105.131 Y124.731 E.04696
G1 X106.654 Y124.323 E.04696
G1 X108.126 Y123.758 E.04696
G1 X109.53 Y123.043 E.04696
G1 X110.852 Y122.184 E.04696
G1 X112.077 Y121.192 E.04696
G1 X113.192 Y120.077 E.04696
G1 X114.184 Y118.852 E.04696
G1 X115.043 Y117.53 E.04696
G1 X115.758 Y116.126 E.04696
G1 X116.323 Y114.654 E.04696
G1 X116.731 Y113.131 E.04696
G1 X116.978 Y111.574 E.04696
G1 X117.06 Y110 E.04696
G1 X116.978 Y108.426 E.04696
G1 X116.731 Y106.869 E.04696
G1 X116.323 Y105.346 E.04696
G1 X115.758 Y103.874 E.04696
G1 X115.043 Y102.47 E.04696
G1 X114.184 Y101.148 E.04696
G1 X113.192 Y99.923 E.04696
G1 X112.077 Y98.808 E.04696
G1 X110.852 Y97.816 E.04696
G1 X109.53 Y96.957 E.04696
G1 X108.126 Y96.242 E.04696
G1 X106.654 Y95.677 E.04696
G1 X105.131 Y95.269 E.04696
G1 X103.574 Y95.022 E.04696
G1 X102 Y94.94 E.04696
G1 X101.186 Y94.982 E.02428
G1 X100.426 Y95.022 E.02267
G1 X98.869 Y95.269 E.04696
G1 X97.346 Y95.677 E.04696
G1 X95.874 Y96.242 E.04696
G1 X94.47 Y96.957 E.04695
G1 X93.148 Y97.816 E.04696
G1 X91.923 Y98.808 E.04696
G1 X90.808 Y99.923 E.04696
G1 X89.816 Y101.148 E.04696
G1 X88.957 Y102.47 E.04696
G1 X88.242 Y103.874 E.04696
G1 X87.677 Y105.346 E.04696
G1 X87.269 Y106.869 E.04696
G1 X87.022 Y108.426 E.04696
G1 X86.94 Y110 E.04696
G1 X87.022 Y111.574 E.04696
G1 X87.269 Y113.131 E.04696
G1 X87.677 Y114.654 E.04696
G1 X88.242 Y116.126 E.04696
G1 X88.957 Y117.53 E.04696
G1 X89.816 Y118.852 E.04696
G1 X90.808 Y120.077 E.04696
G1 X91.923 Y121.192 E.04696
G1 X93.148 Y122.184 E.04696
G1 X94.47 Y123.043 E.04696
G1 X95.874 Y123.758 E.04695
G1 X97.346 Y124.323 E.04696
G1 X98.869 Y124.731 E.04696
G1 X100.426 Y124.978 E.04696
G1 X101.94 Y125.057 E.04517
G1 X101.919 Y125.457 F18000
G1 X101.981 Y125.461
G1 X101.981 Y125.452
M204 P1500
;TYPE:Inner wall
;WIDTH:0.45
G1 F3730
G1 X102 Y125.453 E.00061
G1 X103.615 Y125.368 E.05201
G1 X105.213 Y125.115 E.05201
G1 X106.775 Y124.697 E.05201
G1 X108.285 Y124.117 E.05201
G1 X109.727 Y123.383 E.05201
G1 X111.083 Y122.502 E.05201
G1 X112.34 Y121.484 E.05201
G1 X113.484 Y120.34 E.05201
G1 X114.502 Y119.083 E.05201
G1 X115.383 Y117.727 E.05201
G1 X116.117 Y116.285 E.05201
G1 X116.697 Y114.775 E.05201
G1 X117.115 Y113.213 E.05201
G1 X117.368 Y111.615 E.05201
G1 X117.453 Y110 E.05201
G1 X117.368 Y108.385 E.05201
G1 X117.115 Y106.787 E.05201
G1 X116.697 Y105.225 E.05201
G1 X116.117 Y103.715 E.05201
G1 X115.383 Y102.273 E.05201
G1 X114.502 Y100.917 E.05201
G1 X113.484 Y99.66 E.05201
G1 X112.34 Y98.516 E.05201
G1 X111.083 Y97.498 E.05201
G1 X109.727 Y96.617 E.05201
G1 X108.285 Y95.883 E.05201
G1 X106.775 Y95.303 E.05201
G1 X105.213 Y94.885 E.05201
G1 X103.615 Y94.632 E.05201
G1 X102 Y94.547 E.05201
G1 X101.165 Y94.591 E.02688
G1 X100.385 Y94.632 E.02514
G1 X98.787 Y94.885 E.05201
G1 X97.225 Y95.303 E.05201
G1 X95.715 Y95.883 E.05201
G1 X94.273 Y96.617 E.05201
G1 X92.917 Y97.498 E.05201
G1 X91.66 Y98.516 E.05201
G1 X90.516 Y99.66 E.05201
G1 X89.498 Y100.917 E.05201
G1 X88.617 Y102.273 E.05201
G1 X87.883 Y103.715 E.05201
G1 X87.303 Y105.225 E.05201
G1 X86.885 Y106.787 E.05201
G1 X86.632 Y108.385 E.05201
G1 X86.547 Y110 E.05201
G1 X86.632 Y111.615 E.05201
G1 X86.885 Y113.213 E.05201
G1 X87.303 Y114.775 E.05201
G1 X87.883 Y116.285 E.05201
G1 X88.617 Y117.727 E.05201
G1 X89.498 Y119.083 E.05201
G1 X90.516 Y120.34 E.05201
G1 X91.66 Y121.484 E.05201
G1 X92.917 Y122.502 E.05201
G1 X94.273 Y123.383 E.05201
G1 X95.715 Y124.117 E.05201
G1 X97.225 Y124.697 E.05201
G1 X98.787 Y125.115 E.05201
G1 X100.385 Y125.368 E.05201
G1 X101.921 Y125.449 E.04947
G1 X101.961 Y125.859 F18000
G1 F3730
G1 X102 Y125.861 E.00125
G1 X103.658 Y125.774 E.05338
G1 X105.298 Y125.514 E.05339
G1 X106.901 Y125.084 E.05338
G1 X108.451 Y124.489 E.05338
G1 X109.93 Y123.736 E.05339
G1 X111.323 Y122.832 E.05339
G1 X112.613 Y121.787 E.05338
G1 X113.787 Y120.613 E.05339
G1 X114.832 Y119.323 E.05338
G1 X115.736 Y117.93 E.05339
G1 X116.489 Y116.451 E.05339
G1 X117.084 Y114.901 E.05338
G1 X117.514 Y113.298 E.05338
G1 X117.774 Y111.658 E.05339
G1 X117.861 Y110 E.05338
G1 X117.774 Y108.342 E.05338
G1 X117.514 Y106.702 E.05339
G1 X117.084 Y105.099 E.05338
G1 X116.489 Y103.549 E.05338
G1 X115.736 Y102.07 E.05339
G1 X114.832 Y100.677 E.05339
G1 X113.787 Y99.387 E.05338
G1 X112.613 Y98.213 E.05339
G1 X111.323 Y97.168 E.05338
G1 X109.93 Y96.264 E.05339
G1 X108.451 Y95.511 E.05339
G1 X106.901 Y94.916 E.05338
G1 X105.298 Y94.486 E.05338
G1 X103.658 Y94.226 E.05339
G1 X102 Y94.139 E.05338
G1 X101.144 Y94.184 E.02756
G1 X100.342 Y94.226 E.02582
G1 X98.702 Y94.486 E.05339
G1 X97.099 Y94.916 E.05339
G1 X95.549 Y95.511 E.05339
G1 X94.07 Y96.264 E.05338
G1 X92.677 Y97.168 E.05338
G1 X91.387 Y98.213 E.05339
G1 X90.213 Y99.387 E.05339
G1 X89.168 Y100.677 E.05338
G1 X88.264 Y102.07 E.05339
G1 X87.511 Y103.549 E.05339
G1 X86.916 Y105.099 E.05338
G1 X86.486 Y106.702 E.05338
G1 X86.226 Y108.342 E.05339
G1 X86.139 Y110 E.05338
G1 X86.226 Y111.658 E.05338
G1 X86.486 Y113.298 E.05339
G1 X86.916 Y114.901 E.05338
G1 X87.511 Y116.451 E.05338
G1 X88.264 Y117.93 E.05339
G1 X89.168 Y119.323 E.05339
G1 X90.213 Y120.613 E.05338
G1 X91.387 Y121.787 E.05339
G1 X92.677 Y122.832 E.05339
G1 X94.07 Y123.736 E.05338
G1 X95.549 Y124.489 E.05338
G1 X97.099 Y125.084 E.05339
G1 X98.702 Y125.514 E.05339
G1 X100.342 Y125.774 E.05339
G1 X101.901 Y125.856 E.05021
; stop printing object mid_plate.stl id:1992740639744 copy 0
;LAYER_CHANGE
;Z:6.44
;HEIGHT:0.2
G92 E0 ; zero the extruded length again
; BEFORE_LAYER_CHANGE 31 @ 6.44mm
G1 E-1.75 F6000
;WIPE_START
G1 X102 Y125.861 E-.07409
G1 X102.9 Y125.814 E-.67592
;WIPE_END
; AFTER_LAYER_CHANGE 31 @ 6.44mm
;_SET_FAN_SPEED_CHANGING_LAYER
; printing object mid_plate.stl id:1992740639744 copy 0
G17
G3 Z6.64 I-.608 J.032 P1  F18000
G1 X102.941 Y126.589 Z6.64
G1 X102.273 Y126.624
G1 X102 Y126.638
G1 X102 Y127.04
G1 Z6.44
G1 E2.5 F6000
M204 P1000
;TYPE:Outer wall
;WIDTH:0.42
G1 F3600
G1 X100.219 Y126.946 E.05313
G1 X98.457 Y126.667 E.05313
G1 X96.734 Y126.206 E.05312
G1 X95.069 Y125.567 E.05313
G1 X93.48 Y124.757 E.05313
G1 X91.984 Y123.785 E.05313
G1 X90.598 Y122.663 E.05313
G1 X89.337 Y121.402 E.05312
G1 X88.215 Y120.016 E.05313
G1 X87.243 Y118.52 E.05313
G1 X86.433 Y116.931 E.05313
G1 X85.794 Y115.266 E.05313
G1 X85.333 Y113.543 E.05313
G1 X85.054 Y111.781 E.05313
G1 X84.96 Y110 E.05313
G1 X85.054 Y108.219 E.05313
G1 X85.333 Y106.457 E.05313
G1 X85.794 Y104.734 E.05313
G1 X86.433 Y103.069 E.05313
G1 X87.243 Y101.48 E.05313
G1 X88.215 Y99.984 E.05313
G1 X89.337 Y98.598 E.05313
G1 X90.598 Y97.337 E.05312
G1 X91.984 Y96.215 E.05313
G1 X93.48 Y95.243 E.05313
G1 X95.069 Y94.433 E.05313
G1 X96.734 Y93.794 E.05313
G1 X98.457 Y93.333 E.05312
G1 X100.219 Y93.054 E.05313
G1 X102 Y92.96 E.05313
G1 X102.967 Y93.011 E.02885
G1 X103.781 Y93.054 E.02428
G1 X105.543 Y93.333 E.05313
G1 X107.266 Y93.794 E.05313
G1 X108.931 Y94.433 E.05313
G1 X110.52 Y95.243 E.05313
G1 X112.016 Y96.215 E.05313
G1 X113.402 Y97.337 E.05313
G1 X114.663 Y98.598 E.05313
G1 X115.785 Y99.984 E.05313
G1 X116.757 Y101.48 E.05313
G1 X117.567 Y103.069 E.05313
G1 X118.206 Y104.734 E.05313
G1 X118.667 Y106.457 E.05313
G1 X118.946 Y108.219 E.05313
G1 X119.04 Y110 E.05313
G1 X118.946 Y111.781 E.05313
G1 X118.667 Y113.543 E.05313
G1 X118.206 Y115.266 E.05313
G1 X117.567 Y116.931 E.05313
G1 X116.757 Y118.52 E.05313
G1 X115.785 Y120.016 E.05313
G1 X114.663 Y121.402 E.05313
G1 X113.402 Y122.663 E.05313
G1 X112.016 Y123.785 E.05313
G1 X110.52 Y124.757 E.05313
G1 X108.931 Y125.567 E.05313
G1 X107.266 Y126.206 E.05313
G1 X105.543 Y126.667 E.05313
G1 X103.781 Y126.946 E.05313
G1 X102.06 Y127.037 E.05134
G1 X102.039 Y126.636 F18000
G1 X102 Y126.638
G1 X102 Y126.638
G1 X102 Y126.647
M204 P1500
;TYPE:Inner wall
;WIDTH:0.45
G1 F3730
G1 X100.26 Y126.556 E.05603
G1 X98.539 Y126.283 E.05603
G1 X96.856 Y125.832 E.05603
G1 X95.229 Y125.208 E.05603
G1 X93.676 Y124.417 E.05603
G1 X92.215 Y123.468 E.05603
G1 X90.861 Y122.371 E.05603
G1 X89.629 Y121.139 E.05603
G1 X88.532 Y119.785 E.05603
G1 X87.583 Y118.324 E.05603
G1 X86.792 Y116.771 E.05603
G1 X86.168 Y115.144 E.05603
G1 X85.717 Y113.461 E.05603
G1 X85.444 Y111.74 E.05603
G1 X85.353 Y110 E.05603
G1 X85.444 Y108.26 E.05603
G1 X85.717 Y106.539 E.05603
G1 X86.168 Y104.856 E.05603
G1 X86.792 Y103.229 E.05603
G1 X87.583 Y101.676 E.05603
G1 X88.532 Y100.215 E.05603
G1 X89.629 Y98.861 E.05603
G1 X90.861 Y97.629 E.05603
G1 X92.215 Y96.532 E.05603
G1 X93.676 Y95.583 E.05603
G1 X95.229 Y94.792 E.05603
G1 X96.856 Y94.168 E.05603
G1 X98.539 Y93.717 E.05603
G1 X100.26 Y93.444 E.05603
G1 X102 Y93.353 E.05603
G1 X102.947 Y93.403 E.03048
G1 X103.74 Y93.444 E.02555
G1 X105.461 Y93.717 E.05603
G1 X107.144 Y94.168 E.05603
G1 X108.771 Y94.792 E.05603
G1 X110.324 Y95.583 E.05603
G1 X111.785 Y96.532 E.05603
G1 X113.139 Y97.629 E.05603
G1 X114.371 Y98.861 E.05603
G1 X115.468 Y100.215 E.05603
G1 X116.417 Y101.676 E.05603
G1 X117.208 Y103.229 E.05603
G1 X117.832 Y104.856 E.05603
G1 X118.283 Y106.539 E.05603
G1 X118.556 Y108.26 E.05603
G1 X118.647 Y110 E.05603
G1 X118.556 Y111.74 E.05603
G1 X118.283 Y113.461 E.05603
G1 X117.832 Y115.144 E.05603
G1 X117.208 Y116.771 E.05603
G1 X116.417 Y118.324 E.05603
G1 X115.468 Y119.785 E.05603
G1 X114.371 Y121.139 E.05603
G1 X113.139 Y122.371 E.05603
G1 X111.785 Y123.468 E.05603
G1 X110.324 Y124.417 E.05603
G1 X108.771 Y125.208 E.05603
G1 X107.144 Y125.832 E.05603
G1 X105.461 Y126.283 E.05603
G1 X103.74 Y126.556 E.05603
G1 X102.06 Y126.644 E.0541
G1 X102 Y126.239 F18000
G1 F3730
G1 X100.303 Y126.15 E.05466
G1 X98.624 Y125.885 E.05466
G1 X96.982 Y125.445 E.05466
G1 X95.395 Y124.836 E.05466
G1 X93.88 Y124.064 E.05466
G1 X92.455 Y123.138 E.05466
G1 X91.134 Y122.068 E.05466
G1 X89.932 Y120.866 E.05466
G1 X88.862 Y119.545 E.05466
G1 X87.936 Y118.12 E.05466
G1 X87.164 Y116.605 E.05466
G1 X86.555 Y115.018 E.05466
G1 X86.115 Y113.376 E.05466
G1 X85.85 Y111.697 E.05466
G1 X85.761 Y110 E.05466
G1 X85.85 Y108.303 E.05466
G1 X86.115 Y106.624 E.05466
G1 X86.555 Y104.982 E.05466
G1 X87.164 Y103.395 E.05466
G1 X87.936 Y101.88 E.05466
G1 X88.862 Y100.455 E.05466
G1 X89.932 Y99.134 E.05466
G1 X91.134 Y97.932 E.05466
G1 X92.455 Y96.862 E.05466
G1 X93.88 Y95.936 E.05466
G1 X95.395 Y95.164 E.05466
G1 X96.982 Y94.555 E.05466
G1 X98.624 Y94.115 E.05466
G1 X100.303 Y93.85 E.05466
G1 X102 Y93.761 E.05466
G1 X102.925 Y93.809 E.0298
G1 X103.697 Y93.85 E.02486
G1 X105.376 Y94.115 E.05466
G1 X107.018 Y94.555 E.05466
G1 X108.605 Y95.164 E.05466
G1 X110.12 Y95.936 E.05466
G1 X111.545 Y96.862 E.05466
G1 X112.866 Y97.932 E.05466
G1 X114.068 Y99.134 E.05466
G1 X115.138 Y100.455 E.05466
G1 X116.064 Y101.88 E.05466
G1 X116.835 Y103.395 E.05466
G1 X117.445 Y104.982 E.05466
G1 X117.885 Y106.624 E.05466
G1 X118.15 Y108.303 E.05466
G1 X118.239 Y110 E.05466
G1 X118.15 Y111.697 E.05466
G1 X117.885 Y113.376 E.05466
G1 X117.445 Y115.018 E.05466
G1 X116.835 Y116.605 E.05466
G1 X116.064 Y118.12 E.05466
G1 X115.138 Y119.545 E.05466
G1 X114.068 Y120.866 E.05466
G1 X112.866 Y122.068 E.05466
G1 X111.545 Y123.138 E.05466
G1 X110.12 Y124.064 E.05466
G1 X108.605 Y124.836 E.05466
G1 X107.018 Y125.445 E.05466
G1 X105.376 Y125.885 E.05466
G1 X103.697 Y126.15 E.05466
G1 X102.06 Y126.236 E.05273
G1 E-1.75 F6000
;WIPE_START
G1 X101.061 Y126.188 E-.75
;WIPE_END
G1 X101.102 Y125.415 Z6.64 F18000
G1 X101.663 Y125.444
G1 X101.979 Y125.461
G1 X102 Y125.06
G1 Z6.44
G1 E2.5 F6000
M204 P1000
;TYPE:Outer wall
;WIDTH:0.42
G1 F3600
G1 X103.574 Y124.978 E.04696
G1 X105.131 Y124.731 E.04696
G1 X106.654 Y124.323 E.04696
G1 X108.126 Y123.758 E.04696
G1 X109.53 Y123.043 E.04696
G1 X110.852 Y122.184 E.04696
G1 X112.077 Y121.192 E.04696
G1 X113.192 Y120.077 E.04696
G1 X114.184 Y118.852 E.04696
G1 X115.043 Y117.53 E.04696
G1 X115.758 Y116.126 E.04696
G1 X116.323 Y114.654 E.04696
G1 X116.731 Y113.131 E.04696
G1 X116.978 Y111.574 E.04696
G1 X117.06 Y110 E.04696
G1 X116.978 Y108.426 E.04696
G1 X116.731 Y106.869 E.04696
G1 X116.323 Y105.346 E.04696
G1 X115.758 Y103.874 E.04696
G1 X115.043 Y102.47 E.04696
G1 X114.184 Y101.148 E.04696
G1 X113.192 Y99.923 E.04696
G1 X112.077 Y98.808 E.04696
G1 X110.852 Y97.816 E.04696
G1 X109.53 Y96.957 E.04696
G1 X108.126 Y96.242 E.04696
G1 X106.654 Y95.677 E.04696
G1 X105.131 Y95.269 E.04696
G1 X103.574 Y95.022 E.04696
G1 X102 Y94.94 E.04696
G1 X101.147 Y94.984 E.02543
G1 X100.426 Y95.022 E.02152
G1 X98.869 Y95.269 E.04696
G1 X97.346 Y95.677 E.04696
G1 X95.874 Y96.242 E.04696
G1 X94.47 Y96.957 E.04695
G1 X93.148 Y97.816 E.04696
G1 X91.923 Y98.808 E.04696
G1 X90.808 Y99.923 E.04696
G1 X89.816 Y101.148 E.04696
G1 X88.957 Y102.47 E.04696
G1 X88.242 Y103.874 E.04696
G1 X87.677 Y105.346 E.04696
G1 X87.269 Y106.869 E.04696
G1 X87.022 Y108.426 E.04696
G1 X86.94 Y110 E.04696
G1 X87.022 Y111.574 E.04696
G1 X87.269 Y113.131 E.04696
G1 X87.677 Y114.654 E.04696
G1 X88.242 Y116.126 E.04696
G1 X88.957 Y117.53 E.04696
G1 X89.816 Y118.852 E.04696
G1 X90.808 Y120.077 E.04696
G1 X91.923 Y121.192 E.04696
G1 X93.148 Y122.184 E.04696
G1 X94.47 Y123.043 E.04696
G1 X95.874 Y123.758 E.04695
G1 X97.346 Y124.323 E.04696
G1 X98.869 Y124.731 E.04696
G1 X100.426 Y124.978 E.04696
G1 X101.94 Y125.057 E.04517
G1 X101.919 Y125.457 F18000
G1 X101.981 Y125.461
G1 X101.981 Y125.452
M204 P1500
;TYPE:Inner wall
;WIDTH:0.45
G1 F3730
G1 X102 Y125.453 E.00061
G1 X103.615 Y125.368 E.05201
G1 X105.213 Y125.115 E.05201
G1 X106.775 Y124.697 E.05201
G1 X108.285 Y124.117 E.05201
G1 X109.727 Y123.383 E.05201
G1 X111.083 Y122.502 E.05201
G1 X112.34 Y121.484 E.05201
G1 X113.484 Y120.34 E.05201
G1 X114.502 Y119.083 E.05201
G1 X115.383 Y117.727 E.05201
G1 X116.117 Y116.285 E.05201
G1 X116.697 Y114.775 E.05201
G1 X117.115 Y113.213 E.05201
G1 X117.368 Y111.615 E.05201
G1 X117.453 Y110 E.05201
G1 X117.368 Y108.385 E.05201
G1 X117.115 Y106.787 E.05201
G1 X116.697 Y105.225 E.05201
G1 X116.117 Y103.715 E.05201
G1 X115.383 Y102.273 E.05201
G1 X114.502 Y100.917 E.05201
G1 X113.484 Y99.66 E.05201
G1 X112.34 Y98.516 E.05201
G1 X111.083 Y97.498 E.05201
G1 X109.727 Y96.617 E.05201
G1 X108.285 Y95.883 E.05201
G1 X106.775 Y95.303 E.05201
G1 X105.213 Y94.885 E.05201
G1 X103.615 Y94.632 E.05201
G1 X102 Y94.547 E.05201
G1 X101.127 Y94.593 E.02812
G1 X100.385 Y94.632 E.0239
G1 X98.787 Y94.885 E.05201
G1 X97.225 Y95.303 E.05201
G1 X95.715 Y95.883 E.05201
G1 X94.273 Y96.617 E.05201
G1 X92.917 Y97.498 E.05201
G1 X91.66 Y98.516 E.05201
G1 X90.516 Y99.66 E.05201
G1 X89.498 Y100.917 E.05201
G1 X88.617 Y102.273 E.05201
G1 X87.883 Y103.715 E.05201
G1 X87.303 Y105.225 E.05201
G1 X86.885 Y106.787 E.05201
G1 X86.632 Y108.385 E.05201
G1 X86.547 Y110 E.05201
G1 X86.632 Y111.615 E.05201
G1 X86.885 Y113.213 E.05201
G1 X87.303 Y114.775 E.05201
G1 X87.883 Y116.285 E.05201
G1 X88.617 Y117.727 E.05201
G1 X89.498 Y119.083 E.05201
G1 X90.516 Y120.34 E.05201
G1 X91.66 Y121.484 E.05201
G1 X92.917 Y122.502 E.05201
G1 X94.273 Y123.383 E.05201
G1 X95.715 Y124.117 E.05201
G1 X97.225 Y124.697 E.05201
G1 X98.787 Y125.115 E.05201
G1 X100.385 Y125.368 E.05201
G1 X101.921 Y125.449 E.04947
G1 X101.961 Y125.859 F18000
G1 F3730
G1 X102 Y125.861 E.00125
G1 X103.658 Y125.774 E.05338
G1 X105.298 Y125.514 E.05339
G1 X106.901 Y125.084 E.05338
G1 X108.451 Y124.489 E.05338
G1 X109.93 Y123.736 E.05339
G1 X111.323 Y122.832 E.05339
G1 X112.613 Y121.787 E.05338
G1 X113.787 Y120.613 E.05339
G1 X114.832 Y119.323 E.05338
G1 X115.736 Y117.93 E.05339
G1 X116.489 Y116.451 E.05339
G1 X117.084 Y114.901 E.05338
G1 X117.514 Y113.298 E.05338
G1 X117.774 Y111.658 E.05339
G1 X117.861 Y110 E.05338
G1 X117.774 Y108.342 E.05338
G1 X117.514 Y106.702 E.05339
G1 X117.084 Y105.099 E.05338
G1 X116.489 Y103.549 E.05338
G1 X115.736 Y102.07 E.05339
G1 X114.832 Y100.677 E.05339
G1 X113.787 Y99.387 E.05338
G1 X112.613 Y98.213 E.05339
G1 X111.323 Y97.168 E.05338
G1 X109.93 Y96.264 E.05339
G1 X108.451 Y95.511 E.05339
G1 X106.901 Y94.916 E.05338
G1 X105.298 Y94.486 E.05338
G1 X103.658 Y94.226 E.05339
G1 X102 Y94.139 E.05338
G1 X101.106 Y94.186 E.0288
G1 X100.342 Y94.226 E.02458
G1 X98.702 Y94.486 E.05339
G1 X97.099 Y94.916 E.05339
G1 X95.549 Y95.511 E.05339
G1 X94.07 Y96.264 E.05338
G1 X92.677 Y97.168 E.05338
G1 X91.387 Y98.213 E.05339
G1 X90.213 Y99.387 E.05339
G1 X89.168 Y100.677 E.05338
G1 X88.264 Y102.07 E.05339
G1 X87.511 Y103.549 E.05339
G1 X86.916 Y105.099 E.05338
G1 X86.486 Y106.702 E.05338
G1 X86.226 Y108.342 E.05339
G1 X86.139 Y110 E.05338
G1 X86.226 Y111.658 E.05338
G1 X86.486 Y113.298 E.05339
G1 X86.916 Y114.901 E.05338
G1 X87.511 Y116.451 E.05338
G1 X88.264 Y117.93 E.05339
G1 X89.168 Y119.323 E.05339
G1 X90.213 Y120.613 E.05338
G1 X91.387 Y121.787 E.05339
G1 X92.677 Y122.832 E.05339
G1 X94.07 Y123.736 E.05338
G1 X95.549 Y124.489 E.05338
G1 X97.099 Y125.084 E.05339
G1 X98.702 Y125.514 E.05339
G1 X100.342 Y125.774 E.05339
G1 X101.901 Y125.856 E.05021
; stop printing object mid_plate.stl id:1992740639744 copy 0
;LAYER_CHANGE
;Z:6.64
;HEIGHT:0.2
G92 E0 ; zero the extruded length again
; BEFORE_LAYER_CHANGE 32 @ 6.64mm
G1 E-1.75 F6000
;WIPE_START
G1 X102 Y125.861 E-.07409
G1 X102.9 Y125.814 E-.67592
;WIPE_END
; AFTER_LAYER_CHANGE 32 @ 6.64mm
;_SET_FAN_SPEED_CHANGING_LAYER
; printing object mid_plate.stl id:1992740639744 copy 0
G17
G3 Z6.84 I-.608 J.032 P1  F18000
G1 X102.941 Y126.589 Z6.84
G1 X102.273 Y126.624
G1 X102 Y126.638
G1 X102 Y127.04
G1 Z6.64
G1 E2.5 F6000
M204 P1000
;TYPE:Outer wall
;WIDTH:0.42
G1 F3600
G1 X100.219 Y126.946 E.05313
G1 X98.457 Y126.667 E.05313
G1 X96.734 Y126.206 E.05312
G1 X95.069 Y125.567 E.05313
G1 X93.48 Y124.757 E.05313
G1 X91.984 Y123.785 E.05313
G1 X90.598 Y122.663 E.05313
G1 X89.337 Y121.402 E.05312
G1 X88.215 Y120.016 E.05313
G1 X87.243 Y118.52 E.05313
G1 X86.433 Y116.931 E.05313
G1 X85.794 Y115.266 E.05313
G1 X85.333 Y113.543 E.05313
G1 X85.054 Y111.781 E.05313
G1 X84.96 Y110 E.05313
G1 X85.054 Y108.219 E.05313
G1 X85.333 Y106.457 E.05313
G1 X85.794 Y104.734 E.05313
G1 X86.433 Y103.069 E.05313
G1 X87.243 Y101.48 E.05313
G1 X88.215 Y99.984 E.05313
G1 X89.337 Y98.598 E.05313
G1 X90.598 Y97.337 E.05312
G1 X91.984 Y96.215 E.05313
G1 X93.48 Y95.243 E.05313
G1 X95.069 Y94.433 E.05313
G1 X96.734 Y93.794 E.05313
G1 X98.457 Y93.333 E.05312
G1 X100.219 Y93.054 E.05313
G1 X102 Y92.96 E.05313
G1 X103.012 Y93.013 E.03019
G1 X103.781 Y93.054 E.02293
G1 X105.543 Y93.333 E.05313
G1 X107.266 Y93.794 E.05313
G1 X108.931 Y94.433 E.05313
G1 X110.52 Y95.243 E.05313
G1 X112.016 Y96.215 E.05313
G1 X113.402 Y97.337 E.05313
G1 X114.663 Y98.598 E.05313
G1 X115.785 Y99.984 E.05313
G1 X116.757 Y101.48 E.05313
G1 X117.567 Y103.069 E.05313
G1 X118.206 Y104.734 E.05313
G1 X118.667 Y106.457 E.05313
G1 X118.946 Y108.219 E.05313
G1 X119.04 Y110 E.05313
G1 X118.946 Y111.781 E.05313
G1 X118.667 Y113.543 E.05313
G1 X118.206 Y115.266 E.05313
G1 X117.567 Y116.931 E.05313
G1 X116.757 Y118.52 E.05313
G1 X115.785 Y120.016 E.05313
G1 X114.663 Y121.402 E.05313
G1 X113.402 Y122.663 E.05313
G1 X112.016 Y123.785 E.05313
G1 X110.52 Y124.757 E.05313
G1 X108.931 Y125.567 E.05313
G1 X107.266 Y126.206 E.05313
G1 X105.543 Y126.667 E.05313
G1 X103.781 Y126.946 E.05313
G1 X102.06 Y127.037 E.05134
G1 X102.039 Y126.636 F18000
G1 X102 Y126.638
G1 X102 Y126.638
G1 X102 Y126.647
M204 P1500
;TYPE:Inner wall
;WIDTH:0.45
G1 F3730
G1 X100.26 Y126.556 E.05603
G1 X98.539 Y126.283 E.05603
G1 X96.856 Y125.832 E.05603
G1 X95.229 Y125.208 E.05603
G1 X93.676 Y124.417 E.05603
G1 X92.215 Y123.468 E.05603
G1 X90.861 Y122.371 E.05603
G1 X89.629 Y121.139 E.05603
G1 X88.532 Y119.785 E.05603
G1 X87.583 Y118.324 E.05603
G1 X86.792 Y116.771 E.05603
G1 X86.168 Y115.144 E.05603
G1 X85.717 Y113.461 E.05603
G1 X85.444 Y111.74 E.05603
G1 X85.353 Y110 E.05603
G1 X85.444 Y108.26 E.05603
G1 X85.717 Y106.539 E.05603
G1 X86.168 Y104.856 E.05603
G1 X86.792 Y103.229 E.05603
G1 X87.583 Y101.676 E.05603
G1 X88.532 Y100.215 E.05603
G1 X89.629 Y98.861 E.05603
G1 X90.861 Y97.629 E.05603
G1 X92.215 Y96.532 E.05603
G1 X93.676 Y95.583 E.05603
G1 X95.229 Y94.792 E.05603
G1 X96.856 Y94.168 E.05603
G1 X98.539 Y93.717 E.05603
G1 X100.26 Y93.444 E.05603
G1 X102 Y93.353 E.05603
G1 X102.992 Y93.405 E.03194
G1 X103.74 Y93.444 E.0241
G1 X105.461 Y93.717 E.05603
G1 X107.144 Y94.168 E.05603
G1 X108.771 Y94.792 E.05603
G1 X110.324 Y95.583 E.05603
G1 X111.785 Y96.532 E.05603
G1 X113.139 Y97.629 E.05603
G1 X114.371 Y98.861 E.05603
G1 X115.468 Y100.215 E.05603
G1 X116.417 Y101.676 E.05603
G1 X117.208 Y103.229 E.05603
G1 X117.832 Y104.856 E.05603
G1 X118.283 Y106.539 E.05603
G1 X118.556 Y108.26 E.05603
G1 X118.647 Y110 E.05603
G1 X118.556 Y111.74 E.05603
G1 X118.283 Y113.461 E.05603
G1 X117.832 Y115.144 E.05603
G1 X117.208 Y116.771 E.05603
G1 X116.417 Y118.324 E.05603
G1 X115.468 Y119.785 E.05603
G1 X114.371 Y121.139 E.05603
G1 X113.139 Y122.371 E.05603
G1 X111.785 Y123.468 E.05603
G1 X110.324 Y124.417 E.05603
G1 X108.771 Y125.208 E.05603
G1 X107.144 Y125.832 E.05603
G1 X105.461 Y126.283 E.05603
G1 X103.74 Y126.556 E.05603
G1 X102.06 Y126.644 E.0541
G1 X102 Y126.239 F18000
G1 F3730
G1 X100.303 Y126.15 E.05466
G1 X98.624 Y125.885 E.05466
G1 X96.982 Y125.445 E.05466
G1 X95.395 Y124.836 E.05466
G1 X93.88 Y124.064 E.05466
G1 X92.455 Y123.138 E.05466
G1 X91.134 Y122.068 E.05466
G1 X89.932 Y120.866 E.05466
G1 X88.862 Y119.545 E.05466
G1 X87.936 Y118.12 E.05466
G1 X87.164 Y116.605 E.05466
G1 X86.555 Y115.018 E.05466
G1 X86.115 Y113.376 E.05466
G1 X85.85 Y111.697 E.05466
G1 X85.761 Y110 E.05466
G1 X85.85 Y108.303 E.05466
G1 X86.115 Y106.624 E.05466
G1 X86.555 Y104.982 E.05466
G1 X87.164 Y103.395 E.05466
G1 X87.936 Y101.88 E.05466
G1 X88.862 Y100.455 E.05466
G1 X89.932 Y99.134 E.05466
G1 X91.134 Y97.932 E.05466
G1 X92.455 Y96.862 E.05466
G1 X93.88 Y95.936 E.05466
G1 X95.395 Y95.164 E.05466
G1 X96.982 Y94.555 E.05466
G1 X98.624 Y94.115 E.05466
G1 X100.303 Y93.85 E.05466
G1 X102 Y93.761 E.05466
G1 X102.97 Y93.811 E.03125
G1 X103.697 Y93.85 E.02341
G1 X105.376 Y94.115 E.05466
G1 X107.018 Y94.555 E.05466
G1 X108.605 Y95.164 E.05466
G1 X110.12 Y95.936 E.05466
G1 X111.545 Y96.862 E.05466
G1 X112.866 Y97.932 E.05466
G1 X114.068 Y99.134 E.05466
G1 X115.138 Y100.455 E.05466
G1 X116.064 Y101.88 E.05466
G1 X116.835 Y103.395 E.05466
G1 X117.445 Y104.982 E.05466
G1 X117.885 Y106.624 E.05466
G1 X118.15 Y108.303 E.05466
G1 X118.239 Y110 E.05466
G1 X118.15 Y111.697 E.05466
G1 X117.885 Y113.376 E.05466
G1 X117.445 Y115.018 E.05466
G1 X116.835 Y116.605 E.05466
G1 X116.064 Y118.12 E.05466
G1 X115.138 Y119.545 E.05466
G1 X114.068 Y120.866 E.05466
G1 X112.866 Y122.068 E.05466
G1 X111.545 Y123.138 E.05466
G1 X110.12 Y124.064 E.05466
G1 X108.605 Y124.836 E.05466
G1 X107.018 Y125.445 E.05466
G1 X105.376 Y125.885 E.05466
G1 X103.697 Y126.15 E.05466
G1 X102.06 Y126.236 E.05273
G1 E-1.75 F6000
;WIPE_START
G1 X101.061 Y126.188 E-.75
;WIPE_END
G1 X101.102 Y125.415 Z6.84 F18000
G1 X101.663 Y125.444
G1 X101.979 Y125.461
G1 X102 Y125.06
G1 Z6.64
G1 E2.5 F6000
M204 P1000
;TYPE:Outer wall
;WIDTH:0.42
G1 F3600
G1 X103.574 Y124.978 E.04696
G1 X105.131 Y124.731 E.04696
G1 X106.654 Y124.323 E.04696
G1 X108.126 Y123.758 E.04696
G1 X109.53 Y123.043 E.04696
G1 X110.852 Y122.184 E.04696
G1 X112.077 Y121.192 E.04696
G1 X113.192 Y120.077 E.04696
G1 X114.184 Y118.852 E.04696
G1 X115.043 Y117.53 E.04696
G1 X115.758 Y116.126 E.04696
G1 X116.323 Y114.654 E.04696
G1 X116.731 Y113.131 E.04696
G1 X116.978 Y111.574 E.04696
G1 X117.06 Y110 E.04696
G1 X116.978 Y108.426 E.04696
G1 X116.731 Y106.869 E.04696
G1 X116.323 Y105.346 E.04696
G1 X115.758 Y103.874 E.04696
G1 X115.043 Y102.47 E.04696
G1 X114.184 Y101.148 E.04696
G1 X113.192 Y99.923 E.04696
G1 X112.077 Y98.808 E.04696
G1 X110.852 Y97.816 E.04696
G1 X109.53 Y96.957 E.04696
G1 X108.126 Y96.242 E.04696
G1 X106.654 Y95.677 E.04696
G1 X105.131 Y95.269 E.04696
G1 X103.574 Y95.022 E.04696
G1 X102 Y94.94 E.04696
G1 X101.109 Y94.986 E.02658
G1 X100.426 Y95.022 E.02037
G1 X98.869 Y95.269 E.04696
G1 X97.346 Y95.677 E.04696
G1 X95.874 Y96.242 E.04696
G1 X94.47 Y96.957 E.04695
G1 X93.148 Y97.816 E.04696
G1 X91.923 Y98.808 E.04696
G1 X90.808 Y99.923 E.04696
G1 X89.816 Y101.148 E.04696
G1 X88.957 Y102.47 E.04696
G1 X88.242 Y103.874 E.04696
G1 X87.677 Y105.346 E.04696
G1 X87.269 Y106.869 E.04696
G1 X87.022 Y108.426 E.04696
G1 X86.94 Y110 E.04696
G1 X87.022 Y111.574 E.04696
G1 X87.269 Y113.131 E.04696
G1 X87.677 Y114.654 E.04696
G1 X88.242 Y116.126 E.04696
G1 X88.957 Y117.53 E.04696
G1 X89.816 Y118.852 E.04696
G1 X90.808 Y120.077 E.04696
G1 X91.923 Y121.192 E.04696
G1 X93.148 Y122.184 E.04696
G1 X94.47 Y123.043 E.04696
G1 X95.874 Y123.758 E.04695
G1 X97.346 Y124.323 E.04696
G1 X98.869 Y124.731 E.04696
G1 X100.426 Y124.978 E.04696
G1 X101.94 Y125.057 E.04517
G1 X101.919 Y125.457 F18000
G1 X101.981 Y125.461
G1 X101.981 Y125.452
M204 P1500
;TYPE:Inner wall
;WIDTH:0.45
G1 F3730
G1 X102 Y125.453 E.00061
G1 X103.615 Y125.368 E.05201
G1 X105.213 Y125.115 E.05201
G1 X106.775 Y124.697 E.05201
G1 X108.285 Y124.117 E.05201
G1 X109.727 Y123.383 E.05201
G1 X111.083 Y122.502 E.05201
G1 X112.34 Y121.484 E.05201
G1 X113.484 Y120.34 E.05201
G1 X114.502 Y119.083 E.05201
G1 X115.383 Y117.727 E.05201
G1 X116.117 Y116.285 E.05201
G1 X116.697 Y114.775 E.05201
G1 X117.115 Y113.213 E.05201
G1 X117.368 Y111.615 E.05201
G1 X117.453 Y110 E.05201
G1 X117.368 Y108.385 E.05201
G1 X117.115 Y106.787 E.05201
G1 X116.697 Y105.225 E.05201
G1 X116.117 Y103.715 E.05201
G1 X115.383 Y102.273 E.05201
G1 X114.502 Y100.917 E.05201
G1 X113.484 Y99.66 E.05201
G1 X112.34 Y98.516 E.05201
G1 X111.083 Y97.498 E.05201
G1 X109.727 Y96.617 E.05201
G1 X108.285 Y95.883 E.05201
G1 X106.775 Y95.303 E.05201
G1 X105.213 Y94.885 E.05201
G1 X103.615 Y94.632 E.05201
G1 X102 Y94.547 E.05201
G1 X101.088 Y94.595 E.02936
G1 X100.385 Y94.632 E.02266
G1 X98.787 Y94.885 E.05201
G1 X97.225 Y95.303 E.05201
G1 X95.715 Y95.883 E.05201
G1 X94.273 Y96.617 E.05201
G1 X92.917 Y97.498 E.05201
G1 X91.66 Y98.516 E.05201
G1 X90.516 Y99.66 E.05201
G1 X89.498 Y100.917 E.05201
G1 X88.617 Y102.273 E.05201
G1 X87.883 Y103.715 E.05201
G1 X87.303 Y105.225 E.05201
G1 X86.885 Y106.787 E.05201
G1 X86.632 Y108.385 E.05201
G1 X86.547 Y110 E.05201
G1 X86.632 Y111.615 E.05201
G1 X86.885 Y113.213 E.05201
G1 X87.303 Y114.775 E.05201
G1 X87.883 Y116.285 E.05201
G1 X88.617 Y117.727 E.05201
G1 X89.498 Y119.083 E.05201
G1 X90.516 Y120.34 E.05201
G1 X91.66 Y121.484 E.05201
G1 X92.917 Y122.502 E.05201
G1 X94.273 Y123.383 E.05201
G1 X95.715 Y124.117 E.05201
G1 X97.225 Y124.697 E.05201
G1 X98.787 Y125.115 E.05201
G1 X100.385 Y125.368 E.05201
G1 X101.921 Y125.449 E.04947
G1 X101.961 Y125.859 F18000
G1 F3730
G1 X102 Y125.861 E.00125
G1 X103.658 Y125.774 E.05338
G1 X105.298 Y125.514 E.05339
G1 X106.901 Y125.084 E.05338
G1 X108.451 Y124.489 E.05338
G1 X109.93 Y123.736 E.05339
G1 X111.323 Y122.832 E.05339
G1 X112.613 Y121.787 E.05338
G1 X113.787 Y120.613 E.05339
G1 X114.832 Y119.323 E.05338
G1 X115.736 Y117.93 E.05339
G1 X116.489 Y116.451 E.05339
G1 X117.084 Y114.901 E.05338
G1 X117.514 Y113.298 E.05338
G1 X117.774 Y111.658 E.05339
G1 X117.861 Y110 E.05338
G1 X117.774 Y108.342 E.05338
G1 X117.514 Y106.702 E.05339
G1 X117.084 Y105.099 E.05338
G1 X116.489 Y103.549 E.05338
G1 X115.736 Y102.07 E.05339
G1 X114.832 Y100.677 E.05339
G1 X113.787 Y99.387 E.05338
G1 X112.613 Y98.213 E.05339
G1 X111.323 Y97.168 E.05338
G1 X109.93 Y96.264 E.05339
G1 X108.451 Y95.511 E.05339
G1 X106.901 Y94.916 E.05338
G1 X105.298 Y94.486 E.05338
G1 X103.658 Y94.226 E.05339
G1 X102 Y94.139 E.05338
G1 X101.067 Y94.188 E.03004
G1 X100.342 Y94.226 E.02334
G1 X98.702 Y94.486 E.05339
G1 X97.099 Y94.916 E.05339
G1 X95.549 Y95.511 E.05339
G1 X94.07 Y96.264 E.05338
G1 X92.677 Y97.168 E.05338
G1 X91.387 Y98.213 E.05339
G1 X90.213 Y99.387 E.05339
G1 X89.168 Y100.677 E.05338
G1 X88.264 Y102.07 E.05339
G1 X87.511 Y103.549 E.05339
G1 X86.916 Y105.099 E.05338
G1 X86.486 Y106.702 E.05338
G1 X86.226 Y108.342 E.05339
G1 X86.139 Y110 E.05338
G1 X86.226 Y111.658 E.05338
G1 X86.486 Y113.298 E.05339
G1 X86.916 Y114.901 E.05338
G1 X87.511 Y116.451 E.05338
G1 X88.264 Y117.93 E.05339
G1 X89.168 Y119.323 E.05339
G1 X90.213 Y120.613 E.05338
G1 X91.387 Y121.787 E.05339
G1 X92.677 Y122.832 E.05339
G1 X94.07 Y123.736 E.05338
G1 X95.549 Y124.489 E.05338
G1 X97.099 Y125.084 E.05339
G1 X98.702 Y125.514 E.05339
G1 X100.342 Y125.774 E.05339
G1 X101.901 Y125.856 E.05021
; stop printing object mid_plate.stl id:1992740639744 copy 0
;LAYER_CHANGE
;Z:6.84
;HEIGHT:0.2
G92 E0 ; zero the extruded length again
; BEFORE_LAYER_CHANGE 33 @ 6.84mm
G1 E-1.75 F6000
;WIPE_START
G1 X102 Y125.861 E-.07409
G1 X102.9 Y125.814 E-.67592
;WIPE_END
; AFTER_LAYER_CHANGE 33 @ 6.84mm
;_SET_FAN_SPEED_CHANGING_LAYER
; printing object mid_plate.stl id:1992740639744 copy 0
G17
G3 Z7.04 I-.608 J.032 P1  F18000
G1 X102.941 Y126.589 Z7.04
G1 X102.273 Y126.624
G1 X102 Y126.638
G1 X102 Y127.04
G1 Z6.84
G1 E2.5 F6000
M204 P1000
;TYPE:Outer wall
;WIDTH:0.42
G1 F3600
G1 X100.219 Y126.946 E.05313
G1 X98.457 Y126.667 E.05313
G1 X96.734 Y126.206 E.05312
G1 X95.069 Y125.567 E.05313
G1 X93.48 Y124.757 E.05313
G1 X91.984 Y123.785 E.05313
G1 X90.598 Y122.663 E.05313
G1 X89.337 Y121.402 E.05312
G1 X88.215 Y120.016 E.05313
G1 X87.243 Y118.52 E.05313
G1 X86.433 Y116.931 E.05313
G1 X85.794 Y115.266 E.05313
G1 X85.333 Y113.543 E.05313
G1 X85.054 Y111.781 E.05313
G1 X84.96 Y110 E.05313
G1 X85.054 Y108.219 E.05313
G1 X85.333 Y106.457 E.05313
G1 X85.794 Y104.734 E.05313
G1 X86.433 Y103.069 E.05313
G1 X87.243 Y101.48 E.05313
G1 X88.215 Y99.984 E.05313
G1 X89.337 Y98.598 E.05313
G1 X90.598 Y97.337 E.05312
G1 X91.984 Y96.215 E.05313
G1 X93.48 Y95.243 E.05313
G1 X95.069 Y94.433 E.05313
G1 X96.734 Y93.794 E.05313
G1 X98.457 Y93.333 E.05312
G1 X100.219 Y93.054 E.05313
G1 X102 Y92.96 E.05313
G1 X103.057 Y93.016 E.03154
G1 X103.781 Y93.054 E.02159
G1 X105.543 Y93.333 E.05313
G1 X107.266 Y93.794 E.05313
G1 X108.931 Y94.433 E.05313
G1 X110.52 Y95.243 E.05313
G1 X112.016 Y96.215 E.05313
G1 X113.402 Y97.337 E.05313
G1 X114.663 Y98.598 E.05313
G1 X115.785 Y99.984 E.05313
G1 X116.757 Y101.48 E.05313
G1 X117.567 Y103.069 E.05313
G1 X118.206 Y104.734 E.05313
G1 X118.667 Y106.457 E.05313
G1 X118.946 Y108.219 E.05313
G1 X119.04 Y110 E.05313
G1 X118.946 Y111.781 E.05313
G1 X118.667 Y113.543 E.05313
G1 X118.206 Y115.266 E.05313
G1 X117.567 Y116.931 E.05313
G1 X116.757 Y118.52 E.05313
G1 X115.785 Y120.016 E.05313
G1 X114.663 Y121.402 E.05313
G1 X113.402 Y122.663 E.05313
G1 X112.016 Y123.785 E.05313
G1 X110.52 Y124.757 E.05313
G1 X108.931 Y125.567 E.05313
G1 X107.266 Y126.206 E.05313
G1 X105.543 Y126.667 E.05313
G1 X103.781 Y126.946 E.05313
G1 X102.06 Y127.037 E.05134
G1 X102.039 Y126.636 F18000
G1 X102 Y126.638
G1 X102 Y126.638
G1 X102 Y126.647
M204 P1500
;TYPE:Inner wall
;WIDTH:0.45
G1 F3730
G1 X100.26 Y126.556 E.05603
G1 X98.539 Y126.283 E.05603
G1 X96.856 Y125.832 E.05603
G1 X95.229 Y125.208 E.05603
G1 X93.676 Y124.417 E.05603
G1 X92.215 Y123.468 E.05603
G1 X90.861 Y122.371 E.05603
G1 X89.629 Y121.139 E.05603
G1 X88.532 Y119.785 E.05603
G1 X87.583 Y118.324 E.05603
G1 X86.792 Y116.771 E.05603
G1 X86.168 Y115.144 E.05603
G1 X85.717 Y113.461 E.05603
G1 X85.444 Y111.74 E.05603
G1 X85.353 Y110 E.05603
G1 X85.444 Y108.26 E.05603
G1 X85.717 Y106.539 E.05603
G1 X86.168 Y104.856 E.05603
G1 X86.792 Y103.229 E.05603
G1 X87.583 Y101.676 E.05603
G1 X88.532 Y100.215 E.05603
G1 X89.629 Y98.861 E.05603
G1 X90.861 Y97.629 E.05603
G1 X92.215 Y96.532 E.05603
G1 X93.676 Y95.583 E.05603
G1 X95.229 Y94.792 E.05603
G1 X96.856 Y94.168 E.05603
G1 X98.539 Y93.717 E.05603
G1 X100.26 Y93.444 E.05603
G1 X102 Y93.353 E.05603
G1 X103.037 Y93.407 E.03339
G1 X103.74 Y93.444 E.02265
G1 X105.461 Y93.717 E.05603
G1 X107.144 Y94.168 E.05603
G1 X108.771 Y94.792 E.05603
G1 X110.324 Y95.583 E.05603
G1 X111.785 Y96.532 E.05603
G1 X113.139 Y97.629 E.05603
G1 X114.371 Y98.861 E.05603
G1 X115.468 Y100.215 E.05603
G1 X116.417 Y101.676 E.05603
G1 X117.208 Y103.229 E.05603
G1 X117.832 Y104.856 E.05603
G1 X118.283 Y106.539 E.05603
G1 X118.556 Y108.26 E.05603
G1 X118.647 Y110 E.05603
G1 X118.556 Y111.74 E.05603
G1 X118.283 Y113.461 E.05603
G1 X117.832 Y115.144 E.05603
G1 X117.208 Y116.771 E.05603
G1 X116.417 Y118.324 E.05603
G1 X115.468 Y119.785 E.05603
G1 X114.371 Y121.139 E.05603
G1 X113.139 Y122.371 E.05603
G1 X111.785 Y123.468 E.05603
G1 X110.324 Y124.417 E.05603
G1 X108.771 Y125.208 E.05603
G1 X107.144 Y125.832 E.05603
G1 X105.461 Y126.283 E.05603
G1 X103.74 Y126.556 E.05603
G1 X102.06 Y126.644 E.0541
G1 X102 Y126.239 F18000
G1 F3730
G1 X100.303 Y126.15 E.05466
G1 X98.624 Y125.885 E.05466
G1 X96.982 Y125.445 E.05466
G1 X95.395 Y124.836 E.05466
G1 X93.88 Y124.064 E.05466
G1 X92.455 Y123.138 E.05466
G1 X91.134 Y122.068 E.05466
G1 X89.932 Y120.866 E.05466
G1 X88.862 Y119.545 E.05466
G1 X87.936 Y118.12 E.05466
G1 X87.164 Y116.605 E.05466
G1 X86.555 Y115.018 E.05466
G1 X86.115 Y113.376 E.05466
G1 X85.85 Y111.697 E.05466
G1 X85.761 Y110 E.05466
G1 X85.85 Y108.303 E.05466
G1 X86.115 Y106.624 E.05466
G1 X86.555 Y104.982 E.05466
G1 X87.164 Y103.395 E.05466
G1 X87.936 Y101.88 E.05466
G1 X88.862 Y100.455 E.05466
G1 X89.932 Y99.134 E.05466
G1 X91.134 Y97.932 E.05466
G1 X92.455 Y96.862 E.05466
G1 X93.88 Y95.936 E.05466
G1 X95.395 Y95.164 E.05466
G1 X96.982 Y94.555 E.05466
G1 X98.624 Y94.115 E.05466
G1 X100.303 Y93.85 E.05466
G1 X102 Y93.761 E.05466
G1 X103.016 Y93.814 E.0327
G1 X103.697 Y93.85 E.02196
G1 X105.376 Y94.115 E.05466
G1 X107.018 Y94.555 E.05466
G1 X108.605 Y95.164 E.05466
G1 X110.12 Y95.936 E.05466
G1 X111.545 Y96.862 E.05466
G1 X112.866 Y97.932 E.05466
G1 X114.068 Y99.134 E.05466
G1 X115.138 Y100.455 E.05466
G1 X116.064 Y101.88 E.05466
G1 X116.835 Y103.395 E.05466
G1 X117.445 Y104.982 E.05466
G1 X117.885 Y106.624 E.05466
G1 X118.15 Y108.303 E.05466
G1 X118.239 Y110 E.05466
G1 X118.15 Y111.697 E.05466
G1 X117.885 Y113.376 E.05466
G1 X117.445 Y115.018 E.05466
G1 X116.835 Y116.605 E.05466
G1 X116.064 Y118.12 E.05466
G1 X115.138 Y119.545 E.05466
G1 X114.068 Y120.866 E.05466
G1 X112.866 Y122.068 E.05466
G1 X111.545 Y123.138 E.05466
G1 X110.12 Y124.064 E.05466
G1 X108.605 Y124.836 E.05466
G1 X107.018 Y125.445 E.05466
G1 X105.376 Y125.885 E.05466
G1 X103.697 Y126.15 E.05466
G1 X102.06 Y126.236 E.05273
G1 E-1.75 F6000
;WIPE_START
G1 X101.061 Y126.188 E-.75
;WIPE_END
G1 X101.102 Y125.415 Z7.04 F18000
G1 X101.663 Y125.444
G1 X101.979 Y125.461
G1 X102 Y125.06
G1 Z6.84
G1 E2.5 F6000
M204 P1000
;TYPE:Outer wall
;WIDTH:0.42
G1 F3600
G1 X103.574 Y124.978 E.04696
G1 X105.131 Y124.731 E.04696
G1 X106.654 Y124.323 E.04696
G1 X108.126 Y123.758 E.04696
G1 X109.53 Y123.043 E.04696
G1 X110.852 Y122.184 E.04696
G1 X112.077 Y121.192 E.04696
G1 X113.192 Y120.077 E.04696
G1 X114.184 Y118.852 E.04696
G1 X115.043 Y117.53 E.04696
G1 X115.758 Y116.126 E.04696
G1 X116.323 Y114.654 E.04696
G1 X116.731 Y113.131 E.04696
G1 X116.978 Y111.574 E.04696
G1 X117.06 Y110 E.04696
G1 X116.978 Y108.426 E.04696
G1 X116.731 Y106.869 E.04696
G1 X116.323 Y105.346 E.04696
G1 X115.758 Y103.874 E.04696
G1 X115.043 Y102.47 E.04696
G1 X114.184 Y101.148 E.04696
G1 X113.192 Y99.923 E.04696
G1 X112.077 Y98.808 E.04696
G1 X110.852 Y97.816 E.04696
G1 X109.53 Y96.957 E.04696
G1 X108.126 Y96.242 E.04696
G1 X106.654 Y95.677 E.04696
G1 X105.131 Y95.269 E.04696
G1 X103.574 Y95.022 E.04696
G1 X102 Y94.94 E.04696
G1 X101.07 Y94.988 E.02773
G1 X100.426 Y95.022 E.01922
G1 X98.869 Y95.269 E.04696
G1 X97.346 Y95.677 E.04696
G1 X95.874 Y96.242 E.04696
G1 X94.47 Y96.957 E.04695
G1 X93.148 Y97.816 E.04696
G1 X91.923 Y98.808 E.04696
G1 X90.808 Y99.923 E.04696
G1 X89.816 Y101.148 E.04696
G1 X88.957 Y102.47 E.04696
G1 X88.242 Y103.874 E.04696
G1 X87.677 Y105.346 E.04696
G1 X87.269 Y106.869 E.04696
G1 X87.022 Y108.426 E.04696
G1 X86.94 Y110 E.04696
G1 X87.022 Y111.574 E.04696
G1 X87.269 Y113.131 E.04696
G1 X87.677 Y114.654 E.04696
G1 X88.242 Y116.126 E.04696
G1 X88.957 Y117.53 E.04696
G1 X89.816 Y118.852 E.04696
G1 X90.808 Y120.077 E.04696
G1 X91.923 Y121.192 E.04696
G1 X93.148 Y122.184 E.04696
G1 X94.47 Y123.043 E.04696
G1 X95.874 Y123.758 E.04695
G1 X97.346 Y124.323 E.04696
G1 X98.869 Y124.731 E.04696
G1 X100.426 Y124.978 E.04696
G1 X101.94 Y125.057 E.04517
G1 X101.919 Y125.457 F18000
G1 X101.981 Y125.461
G1 X101.981 Y125.452
M204 P1500
;TYPE:Inner wall
;WIDTH:0.45
G1 F3730
G1 X102 Y125.453 E.00061
G1 X103.615 Y125.368 E.05201
G1 X105.213 Y125.115 E.05201
G1 X106.775 Y124.697 E.05201
G1 X108.285 Y124.117 E.05201
G1 X109.727 Y123.383 E.05201
G1 X111.083 Y122.502 E.05201
G1 X112.34 Y121.484 E.05201
G1 X113.484 Y120.34 E.05201
G1 X114.502 Y119.083 E.05201
G1 X115.383 Y117.727 E.05201
G1 X116.117 Y116.285 E.05201
G1 X116.697 Y114.775 E.05201
G1 X117.115 Y113.213 E.05201
G1 X117.368 Y111.615 E.05201
G1 X117.453 Y110 E.05201
G1 X117.368 Y108.385 E.05201
G1 X117.115 Y106.787 E.05201
G1 X116.697 Y105.225 E.05201
G1 X116.117 Y103.715 E.05201
G1 X115.383 Y102.273 E.05201
G1 X114.502 Y100.917 E.05201
G1 X113.484 Y99.66 E.05201
G1 X112.34 Y98.516 E.05201
G1 X111.083 Y97.498 E.05201
G1 X109.727 Y96.617 E.05201
G1 X108.285 Y95.883 E.05201
G1 X106.775 Y95.303 E.05201
G1 X105.213 Y94.885 E.05201
G1 X103.615 Y94.632 E.05201
G1 X102 Y94.547 E.05201
G1 X101.05 Y94.597 E.0306
G1 X100.385 Y94.632 E.02141
G1 X98.787 Y94.885 E.05201
G1 X97.225 Y95.303 E.05201
G1 X95.715 Y95.883 E.05201
G1 X94.273 Y96.617 E.05201
G1 X92.917 Y97.498 E.05201
G1 X91.66 Y98.516 E.05201
G1 X90.516 Y99.66 E.05201
G1 X89.498 Y100.917 E.05201
G1 X88.617 Y102.273 E.05201
G1 X87.883 Y103.715 E.05201
G1 X87.303 Y105.225 E.05201
G1 X86.885 Y106.787 E.05201
G1 X86.632 Y108.385 E.05201
G1 X86.547 Y110 E.05201
G1 X86.632 Y111.615 E.05201
G1 X86.885 Y113.213 E.05201
G1 X87.303 Y114.775 E.05201
G1 X87.883 Y116.285 E.05201
G1 X88.617 Y117.727 E.05201
G1 X89.498 Y119.083 E.05201
G1 X90.516 Y120.34 E.05201
G1 X91.66 Y121.484 E.05201
G1 X92.917 Y122.502 E.05201
G1 X94.273 Y123.383 E.05201
G1 X95.715 Y124.117 E.05201
G1 X97.225 Y124.697 E.05201
G1 X98.787 Y125.115 E.05201
G1 X100.385 Y125.368 E.05201
G1 X101.921 Y125.449 E.04947
G1 X101.961 Y125.859 F18000
G1 F3730
G1 X102 Y125.861 E.00125
G1 X103.658 Y125.774 E.05338
G1 X105.298 Y125.514 E.05339
G1 X106.901 Y125.084 E.05338
G1 X108.451 Y124.489 E.05338
G1 X109.93 Y123.736 E.05339
G1 X111.323 Y122.832 E.05339
G1 X112.613 Y121.787 E.05338
G1 X113.787 Y120.613 E.05339
G1 X114.832 Y119.323 E.05338
G1 X115.736 Y117.93 E.05339
G1 X116.489 Y116.451 E.05339
G1 X117.084 Y114.901 E.05338
G1 X117.514 Y113.298 E.05338
G1 X117.774 Y111.658 E.05339
G1 X117.861 Y110 E.05338
G1 X117.774 Y108.342 E.05338
G1 X117.514 Y106.702 E.05339
G1 X117.084 Y105.099 E.05338
G1 X116.489 Y103.549 E.05338
G1 X115.736 Y102.07 E.05339
G1 X114.832 Y100.677 E.05339
G1 X113.787 Y99.387 E.05338
G1 X112.613 Y98.213 E.05339
G1 X111.323 Y97.168 E.05338
G1 X109.93 Y96.264 E.05339
G1 X108.451 Y95.511 E.05339
G1 X106.901 Y94.916 E.05338
G1 X105.298 Y94.486 E.05338
G1 X103.658 Y94.226 E.05339
G1 X102 Y94.139 E.05338
G1 X101.028 Y94.19 E.03128
G1 X100.342 Y94.226 E.0221
G1 X98.702 Y94.486 E.05339
G1 X97.099 Y94.916 E.05339
G1 X95.549 Y95.511 E.05339
G1 X94.07 Y96.264 E.05338
G1 X92.677 Y97.168 E.05338
G1 X91.387 Y98.213 E.05339
G1 X90.213 Y99.387 E.05339
G1 X89.168 Y100.677 E.05338
G1 X88.264 Y102.07 E.05339
G1 X87.511 Y103.549 E.05339
G1 X86.916 Y105.099 E.05338
G1 X86.486 Y106.702 E.05338
G1 X86.226 Y108.342 E.05339
G1 X86.139 Y110 E.05338
G1 X86.226 Y111.658 E.05338
G1 X86.486 Y113.298 E.05339
G1 X86.916 Y114.901 E.05338
G1 X87.511 Y116.451 E.05338
G1 X88.264 Y117.93 E.05339
G1 X89.168 Y119.323 E.05339
G1 X90.213 Y120.613 E.05338
G1 X91.387 Y121.787 E.05339
G1 X92.677 Y122.832 E.05339
G1 X94.07 Y123.736 E.05338
G1 X95.549 Y124.489 E.05338
G1 X97.099 Y125.084 E.05339
G1 X98.702 Y125.514 E.05339
G1 X100.342 Y125.774 E.05339
G1 X101.901 Y125.856 E.05021
; stop printing object mid_plate.stl id:1992740639744 copy 0
;LAYER_CHANGE
;Z:7.04
;HEIGHT:0.2
G92 E0 ; zero the extruded length again
; BEFORE_LAYER_CHANGE 34 @ 7.04mm
G1 E-1.75 F6000
;WIPE_START
G1 X102 Y125.861 E-.07409
G1 X102.9 Y125.814 E-.67592
;WIPE_END
; AFTER_LAYER_CHANGE 34 @ 7.04mm
;_SET_FAN_SPEED_CHANGING_LAYER
; printing object mid_plate.stl id:1992740639744 copy 0
G17
G3 Z7.24 I-.608 J.032 P1  F18000
G1 X102.941 Y126.589 Z7.24
G1 X102.273 Y126.624
G1 X102 Y126.638
G1 X102 Y127.04
G1 Z7.04
G1 E2.5 F6000
M204 P1000
;TYPE:Outer wall
;WIDTH:0.42
G1 F3600
G1 X100.219 Y126.946 E.05313
G1 X98.457 Y126.667 E.05313
G1 X96.734 Y126.206 E.05312
G1 X95.069 Y125.567 E.05313
G1 X93.48 Y124.757 E.05313
G1 X91.984 Y123.785 E.05313
G1 X90.598 Y122.663 E.05313
G1 X89.337 Y121.402 E.05312
G1 X88.215 Y120.016 E.05313
G1 X87.243 Y118.52 E.05313
G1 X86.433 Y116.931 E.05313
G1 X85.794 Y115.266 E.05313
G1 X85.333 Y113.543 E.05313
G1 X85.054 Y111.781 E.05313
G1 X84.96 Y110 E.05313
G1 X85.054 Y108.219 E.05313
G1 X85.333 Y106.457 E.05313
G1 X85.794 Y104.734 E.05313
G1 X86.433 Y103.069 E.05313
G1 X87.243 Y101.48 E.05313
G1 X88.215 Y99.984 E.05313
G1 X89.337 Y98.598 E.05313
G1 X90.598 Y97.337 E.05312
G1 X91.984 Y96.215 E.05313
G1 X93.48 Y95.243 E.05313
G1 X95.069 Y94.433 E.05313
G1 X96.734 Y93.794 E.05313
G1 X98.457 Y93.333 E.05312
G1 X100.219 Y93.054 E.05313
G1 X102 Y92.96 E.05313
G1 X103.102 Y93.018 E.03288
G1 X103.781 Y93.054 E.02024
G1 X105.543 Y93.333 E.05313
G1 X107.266 Y93.794 E.05313
G1 X108.931 Y94.433 E.05313
G1 X110.52 Y95.243 E.05313
G1 X112.016 Y96.215 E.05313
G1 X113.402 Y97.337 E.05313
G1 X114.663 Y98.598 E.05313
G1 X115.785 Y99.984 E.05313
G1 X116.757 Y101.48 E.05313
G1 X117.567 Y103.069 E.05313
G1 X118.206 Y104.734 E.05313
G1 X118.667 Y106.457 E.05313
G1 X118.946 Y108.219 E.05313
G1 X119.04 Y110 E.05313
G1 X118.946 Y111.781 E.05313
G1 X118.667 Y113.543 E.05313
G1 X118.206 Y115.266 E.05313
G1 X117.567 Y116.931 E.05313
G1 X116.757 Y118.52 E.05313
G1 X115.785 Y120.016 E.05313
G1 X114.663 Y121.402 E.05313
G1 X113.402 Y122.663 E.05313
G1 X112.016 Y123.785 E.05313
G1 X110.52 Y124.757 E.05313
G1 X108.931 Y125.567 E.05313
G1 X107.266 Y126.206 E.05313
G1 X105.543 Y126.667 E.05313
G1 X103.781 Y126.946 E.05313
G1 X102.06 Y127.037 E.05134
G1 X102.039 Y126.636 F18000
G1 X102 Y126.638
G1 X102 Y126.638
G1 X102 Y126.647
M204 P1500
;TYPE:Inner wall
;WIDTH:0.45
G1 F3730
G1 X100.26 Y126.556 E.05603
G1 X98.539 Y126.283 E.05603
G1 X96.856 Y125.832 E.05603
G1 X95.229 Y125.208 E.05603
G1 X93.676 Y124.417 E.05603
G1 X92.215 Y123.468 E.05603
G1 X90.861 Y122.371 E.05603
G1 X89.629 Y121.139 E.05603
G1 X88.532 Y119.785 E.05603
G1 X87.583 Y118.324 E.05603
G1 X86.792 Y116.771 E.05603
G1 X86.168 Y115.144 E.05603
G1 X85.717 Y113.461 E.05603
G1 X85.444 Y111.74 E.05603
G1 X85.353 Y110 E.05603
G1 X85.444 Y108.26 E.05603
G1 X85.717 Y106.539 E.05603
G1 X86.168 Y104.856 E.05603
G1 X86.792 Y103.229 E.05603
G1 X87.583 Y101.676 E.05603
G1 X88.532 Y100.215 E.05603
G1 X89.629 Y98.861 E.05603
G1 X90.861 Y97.629 E.05603
G1 X92.215 Y96.532 E.05603
G1 X93.676 Y95.583 E.05603
G1 X95.229 Y94.792 E.05603
G1 X96.856 Y94.168 E.05603
G1 X98.539 Y93.717 E.05603
G1 X100.26 Y93.444 E.05603
G1 X102 Y93.353 E.05603
G1 X103.082 Y93.41 E.03484
G1 X103.74 Y93.444 E.02119
G1 X105.461 Y93.717 E.05603
G1 X107.144 Y94.168 E.05603
G1 X108.771 Y94.792 E.05603
G1 X110.324 Y95.583 E.05603
G1 X111.785 Y96.532 E.05603
G1 X113.139 Y97.629 E.05603
G1 X114.371 Y98.861 E.05603
G1 X115.468 Y100.215 E.05603
G1 X116.417 Y101.676 E.05603
G1 X117.208 Y103.229 E.05603
G1 X117.832 Y104.856 E.05603
G1 X118.283 Y106.539 E.05603
G1 X118.556 Y108.26 E.05603
G1 X118.647 Y110 E.05603
G1 X118.556 Y111.74 E.05603
G1 X118.283 Y113.461 E.05603
G1 X117.832 Y115.144 E.05603
G1 X117.208 Y116.771 E.05603
G1 X116.417 Y118.324 E.05603
G1 X115.468 Y119.785 E.05603
G1 X114.371 Y121.139 E.05603
G1 X113.139 Y122.371 E.05603
G1 X111.785 Y123.468 E.05603
G1 X110.324 Y124.417 E.05603
G1 X108.771 Y125.208 E.05603
G1 X107.144 Y125.832 E.05603
G1 X105.461 Y126.283 E.05603
G1 X103.74 Y126.556 E.05603
G1 X102.06 Y126.644 E.0541
G1 X102 Y126.239 F18000
G1 F3730
G1 X100.303 Y126.15 E.05466
G1 X98.624 Y125.885 E.05466
G1 X96.982 Y125.445 E.05466
G1 X95.395 Y124.836 E.05466
G1 X93.88 Y124.064 E.05466
G1 X92.455 Y123.138 E.05466
G1 X91.134 Y122.068 E.05466
G1 X89.932 Y120.866 E.05466
G1 X88.862 Y119.545 E.05466
G1 X87.936 Y118.12 E.05466
G1 X87.164 Y116.605 E.05466
G1 X86.555 Y115.018 E.05466
G1 X86.115 Y113.376 E.05466
G1 X85.85 Y111.697 E.05466
G1 X85.761 Y110 E.05466
G1 X85.85 Y108.303 E.05466
G1 X86.115 Y106.624 E.05466
G1 X86.555 Y104.982 E.05466
G1 X87.164 Y103.395 E.05466
G1 X87.936 Y101.88 E.05466
G1 X88.862 Y100.455 E.05466
G1 X89.932 Y99.134 E.05466
G1 X91.134 Y97.932 E.05466
G1 X92.455 Y96.862 E.05466
G1 X93.88 Y95.936 E.05466
G1 X95.395 Y95.164 E.05466
G1 X96.982 Y94.555 E.05466
G1 X98.624 Y94.115 E.05466
G1 X100.303 Y93.85 E.05466
G1 X102 Y93.761 E.05466
G1 X103.061 Y93.816 E.03415
G1 X103.697 Y93.85 E.02051
G1 X105.376 Y94.115 E.05466
G1 X107.018 Y94.555 E.05466
G1 X108.605 Y95.164 E.05466
G1 X110.12 Y95.936 E.05466
G1 X111.545 Y96.862 E.05466
G1 X112.866 Y97.932 E.05466
G1 X114.068 Y99.134 E.05466
G1 X115.138 Y100.455 E.05466
G1 X116.064 Y101.88 E.05466
G1 X116.835 Y103.395 E.05466
G1 X117.445 Y104.982 E.05466
G1 X117.885 Y106.624 E.05466
G1 X118.15 Y108.303 E.05466
G1 X118.239 Y110 E.05466
G1 X118.15 Y111.697 E.05466
G1 X117.885 Y113.376 E.05466
G1 X117.445 Y115.018 E.05466
G1 X116.835 Y116.605 E.05466
G1 X116.064 Y118.12 E.05466
G1 X115.138 Y119.545 E.05466
G1 X114.068 Y120.866 E.05466
G1 X112.866 Y122.068 E.05466
G1 X111.545 Y123.138 E.05466
G1 X110.12 Y124.064 E.05466
G1 X108.605 Y124.836 E.05466
G1 X107.018 Y125.445 E.05466
G1 X105.376 Y125.885 E.05466
G1 X103.697 Y126.15 E.05466
G1 X102.06 Y126.236 E.05273
G1 E-1.75 F6000
;WIPE_START
G1 X101.061 Y126.188 E-.75
;WIPE_END
G1 X101.102 Y125.415 Z7.24 F18000
G1 X101.663 Y125.444
G1 X101.979 Y125.461
G1 X102 Y125.06
G1 Z7.04
G1 E2.5 F6000
M204 P1000
;TYPE:Outer wall
;WIDTH:0.42
G1 F3600
G1 X103.574 Y124.978 E.04696
G1 X105.131 Y124.731 E.04696
G1 X106.654 Y124.323 E.04696
G1 X108.126 Y123.758 E.04696
G1 X109.53 Y123.043 E.04696
G1 X110.852 Y122.184 E.04696
G1 X112.077 Y121.192 E.04696
G1 X113.192 Y120.077 E.04696
G1 X114.184 Y118.852 E.04696
G1 X115.043 Y117.53 E.04696
G1 X115.758 Y116.126 E.04696
G1 X116.323 Y114.654 E.04696
G1 X116.731 Y113.131 E.04696
G1 X116.978 Y111.574 E.04696
G1 X117.06 Y110 E.04696
G1 X116.978 Y108.426 E.04696
G1 X116.731 Y106.869 E.04696
G1 X116.323 Y105.346 E.04696
G1 X115.758 Y103.874 E.04696
G1 X115.043 Y102.47 E.04696
G1 X114.184 Y101.148 E.04696
G1 X113.192 Y99.923 E.04696
G1 X112.077 Y98.808 E.04696
G1 X110.852 Y97.816 E.04696
G1 X109.53 Y96.957 E.04696
G1 X108.126 Y96.242 E.04696
G1 X106.654 Y95.677 E.04696
G1 X105.131 Y95.269 E.04696
G1 X103.574 Y95.022 E.04696
G1 X102 Y94.94 E.04696
G1 X101.032 Y94.99 E.02888
G1 X100.426 Y95.022 E.01807
G1 X98.869 Y95.269 E.04696
G1 X97.346 Y95.677 E.04696
G1 X95.874 Y96.242 E.04696
G1 X94.47 Y96.957 E.04695
G1 X93.148 Y97.816 E.04696
G1 X91.923 Y98.808 E.04696
G1 X90.808 Y99.923 E.04696
G1 X89.816 Y101.148 E.04696
G1 X88.957 Y102.47 E.04696
G1 X88.242 Y103.874 E.04696
G1 X87.677 Y105.346 E.04696
G1 X87.269 Y106.869 E.04696
G1 X87.022 Y108.426 E.04696
G1 X86.94 Y110 E.04696
G1 X87.022 Y111.574 E.04696
G1 X87.269 Y113.131 E.04696
G1 X87.677 Y114.654 E.04696
G1 X88.242 Y116.126 E.04696
G1 X88.957 Y117.53 E.04696
G1 X89.816 Y118.852 E.04696
G1 X90.808 Y120.077 E.04696
G1 X91.923 Y121.192 E.04696
G1 X93.148 Y122.184 E.04696
G1 X94.47 Y123.043 E.04696
G1 X95.874 Y123.758 E.04695
G1 X97.346 Y124.323 E.04696
G1 X98.869 Y124.731 E.04696
G1 X100.426 Y124.978 E.04696
G1 X101.94 Y125.057 E.04517
G1 X101.919 Y125.457 F18000
G1 X101.981 Y125.461
G1 X101.981 Y125.452
M204 P1500
;TYPE:Inner wall
;WIDTH:0.45
G1 F3730
G1 X102 Y125.453 E.00061
G1 X103.615 Y125.368 E.05201
G1 X105.213 Y125.115 E.05201
G1 X106.775 Y124.697 E.05201
G1 X108.285 Y124.117 E.05201
G1 X109.727 Y123.383 E.05201
G1 X111.083 Y122.502 E.05201
G1 X112.34 Y121.484 E.05201
G1 X113.484 Y120.34 E.05201
G1 X114.502 Y119.083 E.05201
G1 X115.383 Y117.727 E.05201
G1 X116.117 Y116.285 E.05201
G1 X116.697 Y114.775 E.05201
G1 X117.115 Y113.213 E.05201
G1 X117.368 Y111.615 E.05201
G1 X117.453 Y110 E.05201
G1 X117.368 Y108.385 E.05201
G1 X117.115 Y106.787 E.05201
G1 X116.697 Y105.225 E.05201
G1 X116.117 Y103.715 E.05201
G1 X115.383 Y102.273 E.05201
G1 X114.502 Y100.917 E.05201
G1 X113.484 Y99.66 E.05201
G1 X112.34 Y98.516 E.05201
G1 X111.083 Y97.498 E.05201
G1 X109.727 Y96.617 E.05201
G1 X108.285 Y95.883 E.05201
G1 X106.775 Y95.303 E.05201
G1 X105.213 Y94.885 E.05201
G1 X103.615 Y94.632 E.05201
G1 X102 Y94.547 E.05201
G1 X101.011 Y94.599 E.03184
G1 X100.385 Y94.632 E.02017
G1 X98.787 Y94.885 E.05201
G1 X97.225 Y95.303 E.05201
G1 X95.715 Y95.883 E.05201
G1 X94.273 Y96.617 E.05201
G1 X92.917 Y97.498 E.05201
G1 X91.66 Y98.516 E.05201
G1 X90.516 Y99.66 E.05201
G1 X89.498 Y100.917 E.05201
G1 X88.617 Y102.273 E.05201
G1 X87.883 Y103.715 E.05201
G1 X87.303 Y105.225 E.05201
G1 X86.885 Y106.787 E.05201
G1 X86.632 Y108.385 E.05201
G1 X86.547 Y110 E.05201
G1 X86.632 Y111.615 E.05201
G1 X86.885 Y113.213 E.05201
G1 X87.303 Y114.775 E.05201
G1 X87.883 Y116.285 E.05201
G1 X88.617 Y117.727 E.05201
G1 X89.498 Y119.083 E.05201
G1 X90.516 Y120.34 E.05201
G1 X91.66 Y121.484 E.05201
G1 X92.917 Y122.502 E.05201
G1 X94.273 Y123.383 E.05201
G1 X95.715 Y124.117 E.05201
G1 X97.225 Y124.697 E.05201
G1 X98.787 Y125.115 E.05201
G1 X100.385 Y125.368 E.05201
G1 X101.921 Y125.449 E.04947
G1 X101.961 Y125.859 F18000
G1 F3730
G1 X102 Y125.861 E.00125
G1 X103.658 Y125.774 E.05338
G1 X105.298 Y125.514 E.05339
G1 X106.901 Y125.084 E.05338
G1 X108.451 Y124.489 E.05338
G1 X109.93 Y123.736 E.05339
G1 X111.323 Y122.832 E.05339
G1 X112.613 Y121.787 E.05338
G1 X113.787 Y120.613 E.05339
G1 X114.832 Y119.323 E.05338
G1 X115.736 Y117.93 E.05339
G1 X116.489 Y116.451 E.05339
G1 X117.084 Y114.901 E.05338
G1 X117.514 Y113.298 E.05338
G1 X117.774 Y111.658 E.05339
G1 X117.861 Y110 E.05338
G1 X117.774 Y108.342 E.05338
G1 X117.514 Y106.702 E.05339
G1 X117.084 Y105.099 E.05338
G1 X116.489 Y103.549 E.05338
G1 X115.736 Y102.07 E.05339
G1 X114.832 Y100.677 E.05339
G1 X113.787 Y99.387 E.05338
G1 X112.613 Y98.213 E.05339
G1 X111.323 Y97.168 E.05338
G1 X109.93 Y96.264 E.05339
G1 X108.451 Y95.511 E.05339
G1 X106.901 Y94.916 E.05338
G1 X105.298 Y94.486 E.05338
G1 X103.658 Y94.226 E.05339
G1 X102 Y94.139 E.05338
G1 X100.99 Y94.192 E.03253
G1 X100.342 Y94.226 E.02086
G1 X98.702 Y94.486 E.05339
G1 X97.099 Y94.916 E.05339
G1 X95.549 Y95.511 E.05339
G1 X94.07 Y96.264 E.05338
G1 X92.677 Y97.168 E.05338
G1 X91.387 Y98.213 E.05339
G1 X90.213 Y99.387 E.05339
G1 X89.168 Y100.677 E.05338
G1 X88.264 Y102.07 E.05339
G1 X87.511 Y103.549 E.05339
G1 X86.916 Y105.099 E.05338
G1 X86.486 Y106.702 E.05338
G1 X86.226 Y108.342 E.05339
G1 X86.139 Y110 E.05338
G1 X86.226 Y111.658 E.05338
G1 X86.486 Y113.298 E.05339
G1 X86.916 Y114.901 E.05338
G1 X87.511 Y116.451 E.05338
G1 X88.264 Y117.93 E.05339
G1 X89.168 Y119.323 E.05339
G1 X90.213 Y120.613 E.05338
G1 X91.387 Y121.787 E.05339
G1 X92.677 Y122.832 E.05339
G1 X94.07 Y123.736 E.05338
G1 X95.549 Y124.489 E.05338
G1 X97.099 Y125.084 E.05339
G1 X98.702 Y125.514 E.05339
G1 X100.342 Y125.774 E.05339
G1 X101.901 Y125.856 E.05021
; stop printing object mid_plate.stl id:1992740639744 copy 0
;LAYER_CHANGE
;Z:7.24
;HEIGHT:0.2
G92 E0 ; zero the extruded length again
; BEFORE_LAYER_CHANGE 35 @ 7.24mm
G1 E-1.75 F6000
;WIPE_START
G1 X102 Y125.861 E-.07409
G1 X102.9 Y125.814 E-.67592
;WIPE_END
; AFTER_LAYER_CHANGE 35 @ 7.24mm
;_SET_FAN_SPEED_CHANGING_LAYER
; printing object mid_plate.stl id:1992740639744 copy 0
G17
G3 Z7.44 I-.608 J.032 P1  F18000
G1 X102.941 Y126.589 Z7.44
G1 X102.273 Y126.624
G1 X102 Y126.638
G1 X102 Y127.04
G1 Z7.24
G1 E2.5 F6000
M204 P1000
;TYPE:Outer wall
;WIDTH:0.42
G1 F3600
G1 X100.219 Y126.946 E.05313
G1 X98.457 Y126.667 E.05313
G1 X96.734 Y126.206 E.05312
G1 X95.069 Y125.567 E.05313
G1 X93.48 Y124.757 E.05313
G1 X91.984 Y123.785 E.05313
G1 X90.598 Y122.663 E.05313
G1 X89.337 Y121.402 E.05312
G1 X88.215 Y120.016 E.05313
G1 X87.243 Y118.52 E.05313
G1 X86.433 Y116.931 E.05313
G1 X85.794 Y115.266 E.05313
G1 X85.333 Y113.543 E.05313
G1 X85.054 Y111.781 E.05313
G1 X84.96 Y110 E.05313
G1 X85.054 Y108.219 E.05313
G1 X85.333 Y106.457 E.05313
G1 X85.794 Y104.734 E.05313
G1 X86.433 Y103.069 E.05313
G1 X87.243 Y101.48 E.05313
G1 X88.215 Y99.984 E.05313
G1 X89.337 Y98.598 E.05313
G1 X90.598 Y97.337 E.05312
G1 X91.984 Y96.215 E.05313
G1 X93.48 Y95.243 E.05313
G1 X95.069 Y94.433 E.05313
G1 X96.734 Y93.794 E.05313
G1 X98.457 Y93.333 E.05312
G1 X100.219 Y93.054 E.05313
G1 X102 Y92.96 E.05313
G1 X103.148 Y93.02 E.03423
G1 X103.781 Y93.054 E.0189
G1 X105.543 Y93.333 E.05313
G1 X107.266 Y93.794 E.05313
G1 X108.931 Y94.433 E.05313
G1 X110.52 Y95.243 E.05313
G1 X112.016 Y96.215 E.05313
G1 X113.402 Y97.337 E.05313
G1 X114.663 Y98.598 E.05313
G1 X115.785 Y99.984 E.05313
G1 X116.757 Y101.48 E.05313
G1 X117.567 Y103.069 E.05313
G1 X118.206 Y104.734 E.05313
G1 X118.667 Y106.457 E.05313
G1 X118.946 Y108.219 E.05313
G1 X119.04 Y110 E.05313
G1 X118.946 Y111.781 E.05313
G1 X118.667 Y113.543 E.05313
G1 X118.206 Y115.266 E.05313
G1 X117.567 Y116.931 E.05313
G1 X116.757 Y118.52 E.05313
G1 X115.785 Y120.016 E.05313
G1 X114.663 Y121.402 E.05313
G1 X113.402 Y122.663 E.05313
G1 X112.016 Y123.785 E.05313
G1 X110.52 Y124.757 E.05313
G1 X108.931 Y125.567 E.05313
G1 X107.266 Y126.206 E.05313
G1 X105.543 Y126.667 E.05313
G1 X103.781 Y126.946 E.05313
G1 X102.06 Y127.037 E.05134
G1 X102.039 Y126.636 F18000
G1 X102 Y126.638
G1 X102 Y126.638
G1 X102 Y126.647
M204 P1500
;TYPE:Inner wall
;WIDTH:0.45
G1 F3730
G1 X100.26 Y126.556 E.05603
G1 X98.539 Y126.283 E.05603
G1 X96.856 Y125.832 E.05603
G1 X95.229 Y125.208 E.05603
G1 X93.676 Y124.417 E.05603
G1 X92.215 Y123.468 E.05603
G1 X90.861 Y122.371 E.05603
G1 X89.629 Y121.139 E.05603
G1 X88.532 Y119.785 E.05603
G1 X87.583 Y118.324 E.05603
G1 X86.792 Y116.771 E.05603
G1 X86.168 Y115.144 E.05603
G1 X85.717 Y113.461 E.05603
G1 X85.444 Y111.74 E.05603
G1 X85.353 Y110 E.05603
G1 X85.444 Y108.26 E.05603
G1 X85.717 Y106.539 E.05603
G1 X86.168 Y104.856 E.05603
G1 X86.792 Y103.229 E.05603
G1 X87.583 Y101.676 E.05603
G1 X88.532 Y100.215 E.05603
G1 X89.629 Y98.861 E.05603
G1 X90.861 Y97.629 E.05603
G1 X92.215 Y96.532 E.05603
G1 X93.676 Y95.583 E.05603
G1 X95.229 Y94.792 E.05603
G1 X96.856 Y94.168 E.05603
G1 X98.539 Y93.717 E.05603
G1 X100.26 Y93.444 E.05603
G1 X102 Y93.353 E.05603
G1 X103.127 Y93.412 E.03629
G1 X103.74 Y93.444 E.01974
G1 X105.461 Y93.717 E.05603
G1 X107.144 Y94.168 E.05603
G1 X108.771 Y94.792 E.05603
G1 X110.324 Y95.583 E.05603
G1 X111.785 Y96.532 E.05603
G1 X113.139 Y97.629 E.05603
G1 X114.371 Y98.861 E.05603
G1 X115.468 Y100.215 E.05603
G1 X116.417 Y101.676 E.05603
G1 X117.208 Y103.229 E.05603
G1 X117.832 Y104.856 E.05603
G1 X118.283 Y106.539 E.05603
G1 X118.556 Y108.26 E.05603
G1 X118.647 Y110 E.05603
G1 X118.556 Y111.74 E.05603
G1 X118.283 Y113.461 E.05603
G1 X117.832 Y115.144 E.05603
G1 X117.208 Y116.771 E.05603
G1 X116.417 Y118.324 E.05603
G1 X115.468 Y119.785 E.05603
G1 X114.371 Y121.139 E.05603
G1 X113.139 Y122.371 E.05603
G1 X111.785 Y123.468 E.05603
G1 X110.324 Y124.417 E.05603
G1 X108.771 Y125.208 E.05603
G1 X107.144 Y125.832 E.05603
G1 X105.461 Y126.283 E.05603
G1 X103.74 Y126.556 E.05603
G1 X102.06 Y126.644 E.0541
G1 X102 Y126.239 F18000
G1 F3730
G1 X100.303 Y126.15 E.05466
G1 X98.624 Y125.885 E.05466
G1 X96.982 Y125.445 E.05466
G1 X95.395 Y124.836 E.05466
G1 X93.88 Y124.064 E.05466
G1 X92.455 Y123.138 E.05466
G1 X91.134 Y122.068 E.05466
G1 X89.932 Y120.866 E.05466
G1 X88.862 Y119.545 E.05466
G1 X87.936 Y118.12 E.05466
G1 X87.164 Y116.605 E.05466
G1 X86.555 Y115.018 E.05466
G1 X86.115 Y113.376 E.05466
G1 X85.85 Y111.697 E.05466
G1 X85.761 Y110 E.05466
G1 X85.85 Y108.303 E.05466
G1 X86.115 Y106.624 E.05466
G1 X86.555 Y104.982 E.05466
G1 X87.164 Y103.395 E.05466
G1 X87.936 Y101.88 E.05466
G1 X88.862 Y100.455 E.05466
G1 X89.932 Y99.134 E.05466
G1 X91.134 Y97.932 E.05466
G1 X92.455 Y96.862 E.05466
G1 X93.88 Y95.936 E.05466
G1 X95.395 Y95.164 E.05466
G1 X96.982 Y94.555 E.05466
G1 X98.624 Y94.115 E.05466
G1 X100.303 Y93.85 E.05466
G1 X102 Y93.761 E.05466
G1 X103.106 Y93.818 E.0356
G1 X103.697 Y93.85 E.01906
G1 X105.376 Y94.115 E.05466
G1 X107.018 Y94.555 E.05466
G1 X108.605 Y95.164 E.05466
G1 X110.12 Y95.936 E.05466
G1 X111.545 Y96.862 E.05466
G1 X112.866 Y97.932 E.05466
G1 X114.068 Y99.134 E.05466
G1 X115.138 Y100.455 E.05466
G1 X116.064 Y101.88 E.05466
G1 X116.835 Y103.395 E.05466
G1 X117.445 Y104.982 E.05466
G1 X117.885 Y106.624 E.05466
G1 X118.15 Y108.303 E.05466
G1 X118.239 Y110 E.05466
G1 X118.15 Y111.697 E.05466
G1 X117.885 Y113.376 E.05466
G1 X117.445 Y115.018 E.05466
G1 X116.835 Y116.605 E.05466
G1 X116.064 Y118.12 E.05466
G1 X115.138 Y119.545 E.05466
G1 X114.068 Y120.866 E.05466
G1 X112.866 Y122.068 E.05466
G1 X111.545 Y123.138 E.05466
G1 X110.12 Y124.064 E.05466
G1 X108.605 Y124.836 E.05466
G1 X107.018 Y125.445 E.05466
G1 X105.376 Y125.885 E.05466
G1 X103.697 Y126.15 E.05466
G1 X102.06 Y126.236 E.05273
G1 E-1.75 F6000
;WIPE_START
G1 X101.061 Y126.188 E-.75
;WIPE_END
G1 X101.102 Y125.415 Z7.44 F18000
G1 X101.663 Y125.444
G1 X101.979 Y125.461
G1 X102 Y125.06
G1 Z7.24
G1 E2.5 F6000
M204 P1000
;TYPE:Outer wall
;WIDTH:0.42
G1 F3600
G1 X103.574 Y124.978 E.04696
G1 X105.131 Y124.731 E.04696
G1 X106.654 Y124.323 E.04696
G1 X108.126 Y123.758 E.04696
G1 X109.53 Y123.043 E.04696
G1 X110.852 Y122.184 E.04696
G1 X112.077 Y121.192 E.04696
G1 X113.192 Y120.077 E.04696
G1 X114.184 Y118.852 E.04696
G1 X115.043 Y117.53 E.04696
G1 X115.758 Y116.126 E.04696
G1 X116.323 Y114.654 E.04696
G1 X116.731 Y113.131 E.04696
G1 X116.978 Y111.574 E.04696
G1 X117.06 Y110 E.04696
G1 X116.978 Y108.426 E.04696
G1 X116.731 Y106.869 E.04696
G1 X116.323 Y105.346 E.04696
G1 X115.758 Y103.874 E.04696
G1 X115.043 Y102.47 E.04696
G1 X114.184 Y101.148 E.04696
G1 X113.192 Y99.923 E.04696
G1 X112.077 Y98.808 E.04696
G1 X110.852 Y97.816 E.04696
G1 X109.53 Y96.957 E.04696
G1 X108.126 Y96.242 E.04696
G1 X106.654 Y95.677 E.04696
G1 X105.131 Y95.269 E.04696
G1 X103.574 Y95.022 E.04696
G1 X102 Y94.94 E.04696
G1 X100.993 Y94.992 E.03003
G1 X100.426 Y95.022 E.01692
G1 X98.869 Y95.269 E.04696
G1 X97.346 Y95.677 E.04696
G1 X95.874 Y96.242 E.04696
G1 X94.47 Y96.957 E.04695
G1 X93.148 Y97.816 E.04696
G1 X91.923 Y98.808 E.04696
G1 X90.808 Y99.923 E.04696
G1 X89.816 Y101.148 E.04696
G1 X88.957 Y102.47 E.04696
G1 X88.242 Y103.874 E.04696
G1 X87.677 Y105.346 E.04696
G1 X87.269 Y106.869 E.04696
G1 X87.022 Y108.426 E.04696
G1 X86.94 Y110 E.04696
G1 X87.022 Y111.574 E.04696
G1 X87.269 Y113.131 E.04696
G1 X87.677 Y114.654 E.04696
G1 X88.242 Y116.126 E.04696
G1 X88.957 Y117.53 E.04696
G1 X89.816 Y118.852 E.04696
G1 X90.808 Y120.077 E.04696
G1 X91.923 Y121.192 E.04696
G1 X93.148 Y122.184 E.04696
G1 X94.47 Y123.043 E.04696
G1 X95.874 Y123.758 E.04695
G1 X97.346 Y124.323 E.04696
G1 X98.869 Y124.731 E.04696
G1 X100.426 Y124.978 E.04696
G1 X101.94 Y125.057 E.04517
G1 X101.919 Y125.457 F18000
G1 X101.981 Y125.461
G1 X101.981 Y125.452
M204 P1500
;TYPE:Inner wall
;WIDTH:0.45
G1 F3730
G1 X102 Y125.453 E.00061
G1 X103.615 Y125.368 E.05201
G1 X105.213 Y125.115 E.05201
G1 X106.775 Y124.697 E.05201
G1 X108.285 Y124.117 E.05201
G1 X109.727 Y123.383 E.05201
G1 X111.083 Y122.502 E.05201
G1 X112.34 Y121.484 E.05201
G1 X113.484 Y120.34 E.05201
G1 X114.502 Y119.083 E.05201
G1 X115.383 Y117.727 E.05201
G1 X116.117 Y116.285 E.05201
G1 X116.697 Y114.775 E.05201
G1 X117.115 Y113.213 E.05201
G1 X117.368 Y111.615 E.05201
G1 X117.453 Y110 E.05201
G1 X117.368 Y108.385 E.05201
G1 X117.115 Y106.787 E.05201
G1 X116.697 Y105.225 E.05201
G1 X116.117 Y103.715 E.05201
G1 X115.383 Y102.273 E.05201
G1 X114.502 Y100.917 E.05201
G1 X113.484 Y99.66 E.05201
G1 X112.34 Y98.516 E.05201
G1 X111.083 Y97.498 E.05201
G1 X109.727 Y96.617 E.05201
G1 X108.285 Y95.883 E.05201
G1 X106.775 Y95.303 E.05201
G1 X105.213 Y94.885 E.05201
G1 X103.615 Y94.632 E.05201
G1 X102 Y94.547 E.05201
G1 X100.973 Y94.601 E.03308
G1 X100.385 Y94.632 E.01893
G1 X98.787 Y94.885 E.05201
G1 X97.225 Y95.303 E.05201
G1 X95.715 Y95.883 E.05201
G1 X94.273 Y96.617 E.05201
G1 X92.917 Y97.498 E.05201
G1 X91.66 Y98.516 E.05201
G1 X90.516 Y99.66 E.05201
G1 X89.498 Y100.917 E.05201
G1 X88.617 Y102.273 E.05201
G1 X87.883 Y103.715 E.05201
G1 X87.303 Y105.225 E.05201
G1 X86.885 Y106.787 E.05201
G1 X86.632 Y108.385 E.05201
G1 X86.547 Y110 E.05201
G1 X86.632 Y111.615 E.05201
G1 X86.885 Y113.213 E.05201
G1 X87.303 Y114.775 E.05201
G1 X87.883 Y116.285 E.05201
G1 X88.617 Y117.727 E.05201
G1 X89.498 Y119.083 E.05201
G1 X90.516 Y120.34 E.05201
G1 X91.66 Y121.484 E.05201
G1 X92.917 Y122.502 E.05201
G1 X94.273 Y123.383 E.05201
G1 X95.715 Y124.117 E.05201
G1 X97.225 Y124.697 E.05201
G1 X98.787 Y125.115 E.05201
G1 X100.385 Y125.368 E.05201
G1 X101.921 Y125.449 E.04947
G1 X101.961 Y125.859 F18000
G1 F3730
G1 X102 Y125.861 E.00125
G1 X103.658 Y125.774 E.05338
G1 X105.298 Y125.514 E.05339
G1 X106.901 Y125.084 E.05338
G1 X108.451 Y124.489 E.05338
G1 X109.93 Y123.736 E.05339
G1 X111.323 Y122.832 E.05339
G1 X112.613 Y121.787 E.05338
G1 X113.787 Y120.613 E.05339
G1 X114.832 Y119.323 E.05338
G1 X115.736 Y117.93 E.05339
G1 X116.489 Y116.451 E.05339
G1 X117.084 Y114.901 E.05338
G1 X117.514 Y113.298 E.05338
G1 X117.774 Y111.658 E.05339
G1 X117.861 Y110 E.05338
G1 X117.774 Y108.342 E.05338
G1 X117.514 Y106.702 E.05339
G1 X117.084 Y105.099 E.05338
G1 X116.489 Y103.549 E.05338
G1 X115.736 Y102.07 E.05339
G1 X114.832 Y100.677 E.05339
G1 X113.787 Y99.387 E.05338
G1 X112.613 Y98.213 E.05339
G1 X111.323 Y97.168 E.05338
G1 X109.93 Y96.264 E.05339
G1 X108.451 Y95.511 E.05339
G1 X106.901 Y94.916 E.05338
G1 X105.298 Y94.486 E.05338
G1 X103.658 Y94.226 E.05339
G1 X102 Y94.139 E.05338
G1 X100.951 Y94.194 E.03377
G1 X100.342 Y94.226 E.01962
G1 X98.702 Y94.486 E.05339
G1 X97.099 Y94.916 E.05339
G1 X95.549 Y95.511 E.05339
G1 X94.07 Y96.264 E.05338
G1 X92.677 Y97.168 E.05338
G1 X91.387 Y98.213 E.05339
G1 X90.213 Y99.387 E.05339
G1 X89.168 Y100.677 E.05338
G1 X88.264 Y102.07 E.05339
G1 X87.511 Y103.549 E.05339
G1 X86.916 Y105.099 E.05338
G1 X86.486 Y106.702 E.05338
G1 X86.226 Y108.342 E.05339
G1 X86.139 Y110 E.05338
G1 X86.226 Y111.658 E.05338
G1 X86.486 Y113.298 E.05339
G1 X86.916 Y114.901 E.05338
G1 X87.511 Y116.451 E.05338
G1 X88.264 Y117.93 E.05339
G1 X89.168 Y119.323 E.05339
G1 X90.213 Y120.613 E.05338
G1 X91.387 Y121.787 E.05339
G1 X92.677 Y122.832 E.05339
G1 X94.07 Y123.736 E.05338
G1 X95.549 Y124.489 E.05338
G1 X97.099 Y125.084 E.05339
G1 X98.702 Y125.514 E.05339
G1 X100.342 Y125.774 E.05339
G1 X101.901 Y125.856 E.05021
; stop printing object mid_plate.stl id:1992740639744 copy 0
;LAYER_CHANGE
;Z:7.44
;HEIGHT:0.2
G92 E0 ; zero the extruded length again
; BEFORE_LAYER_CHANGE 36 @ 7.44mm
G1 E-1.75 F6000
;WIPE_START
G1 X102 Y125.861 E-.07409
G1 X102.9 Y125.814 E-.67592
;WIPE_END
; AFTER_LAYER_CHANGE 36 @ 7.44mm
;_SET_FAN_SPEED_CHANGING_LAYER
; printing object mid_plate.stl id:1992740639744 copy 0
G17
G3 Z7.64 I-.608 J.032 P1  F18000
G1 X102.941 Y126.589 Z7.64
G1 X102.273 Y126.624
G1 X102 Y126.638
G1 X102 Y127.04
G1 Z7.44
G1 E2.5 F6000
M204 P1000
;TYPE:Outer wall
;WIDTH:0.42
G1 F3600
G1 X100.219 Y126.946 E.05313
G1 X98.457 Y126.667 E.05313
G1 X96.734 Y126.206 E.05312
G1 X95.069 Y125.567 E.05313
G1 X93.48 Y124.757 E.05313
G1 X91.984 Y123.785 E.05313
G1 X90.598 Y122.663 E.05313
G1 X89.337 Y121.402 E.05312
G1 X88.215 Y120.016 E.05313
G1 X87.243 Y118.52 E.05313
G1 X86.433 Y116.931 E.05313
G1 X85.794 Y115.266 E.05313
G1 X85.333 Y113.543 E.05313
G1 X85.054 Y111.781 E.05313
G1 X84.96 Y110 E.05313
G1 X85.054 Y108.219 E.05313
G1 X85.333 Y106.457 E.05313
G1 X85.794 Y104.734 E.05313
G1 X86.433 Y103.069 E.05313
G1 X87.243 Y101.48 E.05313
G1 X88.215 Y99.984 E.05313
G1 X89.337 Y98.598 E.05313
G1 X90.598 Y97.337 E.05312
G1 X91.984 Y96.215 E.05313
G1 X93.48 Y95.243 E.05313
G1 X95.069 Y94.433 E.05313
G1 X96.734 Y93.794 E.05313
G1 X98.457 Y93.333 E.05312
G1 X100.219 Y93.054 E.05313
G1 X102 Y92.96 E.05313
G1 X103.193 Y93.023 E.03557
G1 X103.781 Y93.054 E.01755
G1 X105.543 Y93.333 E.05313
G1 X107.266 Y93.794 E.05313
G1 X108.931 Y94.433 E.05313
G1 X110.52 Y95.243 E.05313
G1 X112.016 Y96.215 E.05313
G1 X113.402 Y97.337 E.05313
G1 X114.663 Y98.598 E.05313
G1 X115.785 Y99.984 E.05313
G1 X116.757 Y101.48 E.05313
G1 X117.567 Y103.069 E.05313
G1 X118.206 Y104.734 E.05313
G1 X118.667 Y106.457 E.05313
G1 X118.946 Y108.219 E.05313
G1 X119.04 Y110 E.05313
G1 X118.946 Y111.781 E.05313
G1 X118.667 Y113.543 E.05313
G1 X118.206 Y115.266 E.05313
G1 X117.567 Y116.931 E.05313
G1 X116.757 Y118.52 E.05313
G1 X115.785 Y120.016 E.05313
G1 X114.663 Y121.402 E.05313
G1 X113.402 Y122.663 E.05313
G1 X112.016 Y123.785 E.05313
G1 X110.52 Y124.757 E.05313
G1 X108.931 Y125.567 E.05313
G1 X107.266 Y126.206 E.05313
G1 X105.543 Y126.667 E.05313
G1 X103.781 Y126.946 E.05313
G1 X102.06 Y127.037 E.05134
G1 X102.039 Y126.636 F18000
G1 X102 Y126.638
G1 X102 Y126.638
G1 X102 Y126.647
M204 P1500
;TYPE:Inner wall
;WIDTH:0.45
G1 F3730
G1 X100.26 Y126.556 E.05603
G1 X98.539 Y126.283 E.05603
G1 X96.856 Y125.832 E.05603
G1 X95.229 Y125.208 E.05603
G1 X93.676 Y124.417 E.05603
G1 X92.215 Y123.468 E.05603
G1 X90.861 Y122.371 E.05603
G1 X89.629 Y121.139 E.05603
G1 X88.532 Y119.785 E.05603
G1 X87.583 Y118.324 E.05603
G1 X86.792 Y116.771 E.05603
G1 X86.168 Y115.144 E.05603
G1 X85.717 Y113.461 E.05603
G1 X85.444 Y111.74 E.05603
G1 X85.353 Y110 E.05603
G1 X85.444 Y108.26 E.05603
G1 X85.717 Y106.539 E.05603
G1 X86.168 Y104.856 E.05603
G1 X86.792 Y103.229 E.05603
G1 X87.583 Y101.676 E.05603
G1 X88.532 Y100.215 E.05603
G1 X89.629 Y98.861 E.05603
G1 X90.861 Y97.629 E.05603
G1 X92.215 Y96.532 E.05603
G1 X93.676 Y95.583 E.05603
G1 X95.229 Y94.792 E.05603
G1 X96.856 Y94.168 E.05603
G1 X98.539 Y93.717 E.05603
G1 X100.26 Y93.444 E.05603
G1 X102 Y93.353 E.05603
G1 X103.172 Y93.414 E.03774
G1 X103.74 Y93.444 E.01829
G1 X105.461 Y93.717 E.05603
G1 X107.144 Y94.168 E.05603
G1 X108.771 Y94.792 E.05603
G1 X110.324 Y95.583 E.05603
G1 X111.785 Y96.532 E.05603
G1 X113.139 Y97.629 E.05603
G1 X114.371 Y98.861 E.05603
G1 X115.468 Y100.215 E.05603
G1 X116.417 Y101.676 E.05603
G1 X117.208 Y103.229 E.05603
G1 X117.832 Y104.856 E.05603
G1 X118.283 Y106.539 E.05603
G1 X118.556 Y108.26 E.05603
G1 X118.647 Y110 E.05603
G1 X118.556 Y111.74 E.05603
G1 X118.283 Y113.461 E.05603
G1 X117.832 Y115.144 E.05603
G1 X117.208 Y116.771 E.05603
G1 X116.417 Y118.324 E.05603
G1 X115.468 Y119.785 E.05603
G1 X114.371 Y121.139 E.05603
G1 X113.139 Y122.371 E.05603
G1 X111.785 Y123.468 E.05603
G1 X110.324 Y124.417 E.05603
G1 X108.771 Y125.208 E.05603
G1 X107.144 Y125.832 E.05603
G1 X105.461 Y126.283 E.05603
G1 X103.74 Y126.556 E.05603
G1 X102.06 Y126.644 E.0541
G1 X102 Y126.239 F18000
G1 F3730
G1 X100.303 Y126.15 E.05466
G1 X98.624 Y125.885 E.05466
G1 X96.982 Y125.445 E.05466
G1 X95.395 Y124.836 E.05466
G1 X93.88 Y124.064 E.05466
G1 X92.455 Y123.138 E.05466
G1 X91.134 Y122.068 E.05466
G1 X89.932 Y120.866 E.05466
G1 X88.862 Y119.545 E.05466
G1 X87.936 Y118.12 E.05466
G1 X87.164 Y116.605 E.05466
G1 X86.555 Y115.018 E.05466
G1 X86.115 Y113.376 E.05466
G1 X85.85 Y111.697 E.05466
G1 X85.761 Y110 E.05466
G1 X85.85 Y108.303 E.05466
G1 X86.115 Y106.624 E.05466
G1 X86.555 Y104.982 E.05466
G1 X87.164 Y103.395 E.05466
G1 X87.936 Y101.88 E.05466
G1 X88.862 Y100.455 E.05466
G1 X89.932 Y99.134 E.05466
G1 X91.134 Y97.932 E.05466
G1 X92.455 Y96.862 E.05466
G1 X93.88 Y95.936 E.05466
G1 X95.395 Y95.164 E.05466
G1 X96.982 Y94.555 E.05466
G1 X98.624 Y94.115 E.05466
G1 X100.303 Y93.85 E.05466
G1 X102 Y93.761 E.05466
G1 X103.151 Y93.821 E.03706
G1 X103.697 Y93.85 E.0176
G1 X105.376 Y94.115 E.05466
G1 X107.018 Y94.555 E.05466
G1 X108.605 Y95.164 E.05466
G1 X110.12 Y95.936 E.05466
G1 X111.545 Y96.862 E.05466
G1 X112.866 Y97.932 E.05466
G1 X114.068 Y99.134 E.05466
G1 X115.138 Y100.455 E.05466
G1 X116.064 Y101.88 E.05466
G1 X116.835 Y103.395 E.05466
G1 X117.445 Y104.982 E.05466
G1 X117.885 Y106.624 E.05466
G1 X118.15 Y108.303 E.05466
G1 X118.239 Y110 E.05466
G1 X118.15 Y111.697 E.05466
G1 X117.885 Y113.376 E.05466
G1 X117.445 Y115.018 E.05466
G1 X116.835 Y116.605 E.05466
G1 X116.064 Y118.12 E.05466
G1 X115.138 Y119.545 E.05466
G1 X114.068 Y120.866 E.05466
G1 X112.866 Y122.068 E.05466
G1 X111.545 Y123.138 E.05466
G1 X110.12 Y124.064 E.05466
G1 X108.605 Y124.836 E.05466
G1 X107.018 Y125.445 E.05466
G1 X105.376 Y125.885 E.05466
G1 X103.697 Y126.15 E.05466
G1 X102.06 Y126.236 E.05273
G1 E-1.75 F6000
;WIPE_START
G1 X101.061 Y126.188 E-.75
;WIPE_END
G1 X101.102 Y125.415 Z7.64 F18000
G1 X101.663 Y125.444
G1 X101.979 Y125.461
G1 X102 Y125.06
G1 Z7.44
G1 E2.5 F6000
M204 P1000
;TYPE:Outer wall
;WIDTH:0.42
G1 F3600
G1 X103.574 Y124.978 E.04696
G1 X105.131 Y124.731 E.04696
G1 X106.654 Y124.323 E.04696
G1 X108.126 Y123.758 E.04696
G1 X109.53 Y123.043 E.04696
G1 X110.852 Y122.184 E.04696
G1 X112.077 Y121.192 E.04696
G1 X113.192 Y120.077 E.04696
G1 X114.184 Y118.852 E.04696
G1 X115.043 Y117.53 E.04696
G1 X115.758 Y116.126 E.04696
G1 X116.323 Y114.654 E.04696
G1 X116.731 Y113.131 E.04696
G1 X116.978 Y111.574 E.04696
G1 X117.06 Y110 E.04696
G1 X116.978 Y108.426 E.04696
G1 X116.731 Y106.869 E.04696
G1 X116.323 Y105.346 E.04696
G1 X115.758 Y103.874 E.04696
G1 X115.043 Y102.47 E.04696
G1 X114.184 Y101.148 E.04696
G1 X113.192 Y99.923 E.04696
G1 X112.077 Y98.808 E.04696
G1 X110.852 Y97.816 E.04696
G1 X109.53 Y96.957 E.04696
G1 X108.126 Y96.242 E.04696
G1 X106.654 Y95.677 E.04696
G1 X105.131 Y95.269 E.04696
G1 X103.574 Y95.022 E.04696
G1 X102 Y94.94 E.04696
G1 X100.955 Y94.994 E.03118
G1 X100.426 Y95.022 E.01577
G1 X98.869 Y95.269 E.04696
G1 X97.346 Y95.677 E.04696
G1 X95.874 Y96.242 E.04696
G1 X94.47 Y96.957 E.04695
G1 X93.148 Y97.816 E.04696
G1 X91.923 Y98.808 E.04696
G1 X90.808 Y99.923 E.04696
G1 X89.816 Y101.148 E.04696
G1 X88.957 Y102.47 E.04696
G1 X88.242 Y103.874 E.04696
G1 X87.677 Y105.346 E.04696
G1 X87.269 Y106.869 E.04696
G1 X87.022 Y108.426 E.04696
G1 X86.94 Y110 E.04696
G1 X87.022 Y111.574 E.04696
G1 X87.269 Y113.131 E.04696
G1 X87.677 Y114.654 E.04696
G1 X88.242 Y116.126 E.04696
G1 X88.957 Y117.53 E.04696
G1 X89.816 Y118.852 E.04696
G1 X90.808 Y120.077 E.04696
G1 X91.923 Y121.192 E.04696
G1 X93.148 Y122.184 E.04696
G1 X94.47 Y123.043 E.04696
G1 X95.874 Y123.758 E.04695
G1 X97.346 Y124.323 E.04696
G1 X98.869 Y124.731 E.04696
G1 X100.426 Y124.978 E.04696
G1 X101.94 Y125.057 E.04517
G1 X101.919 Y125.457 F18000
G1 X101.981 Y125.461
G1 X101.981 Y125.452
M204 P1500
;TYPE:Inner wall
;WIDTH:0.45
G1 F3730
G1 X102 Y125.453 E.00061
G1 X103.615 Y125.368 E.05201
G1 X105.213 Y125.115 E.05201
G1 X106.775 Y124.697 E.05201
G1 X108.285 Y124.117 E.05201
G1 X109.727 Y123.383 E.05201
G1 X111.083 Y122.502 E.05201
G1 X112.34 Y121.484 E.05201
G1 X113.484 Y120.34 E.05201
G1 X114.502 Y119.083 E.05201
G1 X115.383 Y117.727 E.05201
G1 X116.117 Y116.285 E.05201
G1 X116.697 Y114.775 E.05201
G1 X117.115 Y113.213 E.05201
G1 X117.368 Y111.615 E.05201
G1 X117.453 Y110 E.05201
G1 X117.368 Y108.385 E.05201
G1 X117.115 Y106.787 E.05201
G1 X116.697 Y105.225 E.05201
G1 X116.117 Y103.715 E.05201
G1 X115.383 Y102.273 E.05201
G1 X114.502 Y100.917 E.05201
G1 X113.484 Y99.66 E.05201
G1 X112.34 Y98.516 E.05201
G1 X111.083 Y97.498 E.05201
G1 X109.727 Y96.617 E.05201
G1 X108.285 Y95.883 E.05201
G1 X106.775 Y95.303 E.05201
G1 X105.213 Y94.885 E.05201
G1 X103.615 Y94.632 E.05201
G1 X102 Y94.547 E.05201
G1 X100.934 Y94.603 E.03432
G1 X100.385 Y94.632 E.01769
G1 X98.787 Y94.885 E.05201
G1 X97.225 Y95.303 E.05201
G1 X95.715 Y95.883 E.05201
G1 X94.273 Y96.617 E.05201
G1 X92.917 Y97.498 E.05201
G1 X91.66 Y98.516 E.05201
G1 X90.516 Y99.66 E.05201
G1 X89.498 Y100.917 E.05201
G1 X88.617 Y102.273 E.05201
G1 X87.883 Y103.715 E.05201
G1 X87.303 Y105.225 E.05201
G1 X86.885 Y106.787 E.05201
G1 X86.632 Y108.385 E.05201
G1 X86.547 Y110 E.05201
G1 X86.632 Y111.615 E.05201
G1 X86.885 Y113.213 E.05201
G1 X87.303 Y114.775 E.05201
G1 X87.883 Y116.285 E.05201
G1 X88.617 Y117.727 E.05201
G1 X89.498 Y119.083 E.05201
G1 X90.516 Y120.34 E.05201
G1 X91.66 Y121.484 E.05201
G1 X92.917 Y122.502 E.05201
G1 X94.273 Y123.383 E.05201
G1 X95.715 Y124.117 E.05201
G1 X97.225 Y124.697 E.05201
G1 X98.787 Y125.115 E.05201
G1 X100.385 Y125.368 E.05201
G1 X101.921 Y125.449 E.04947
G1 X101.961 Y125.859 F18000
G1 F3730
G1 X102 Y125.861 E.00125
G1 X103.658 Y125.774 E.05338
G1 X105.298 Y125.514 E.05339
G1 X106.901 Y125.084 E.05338
G1 X108.451 Y124.489 E.05338
G1 X109.93 Y123.736 E.05339
G1 X111.323 Y122.832 E.05339
G1 X112.613 Y121.787 E.05338
G1 X113.787 Y120.613 E.05339
G1 X114.832 Y119.323 E.05338
G1 X115.736 Y117.93 E.05339
G1 X116.489 Y116.451 E.05339
G1 X117.084 Y114.901 E.05338
G1 X117.514 Y113.298 E.05338
G1 X117.774 Y111.658 E.05339
G1 X117.861 Y110 E.05338
G1 X117.774 Y108.342 E.05338
G1 X117.514 Y106.702 E.05339
G1 X117.084 Y105.099 E.05338
G1 X116.489 Y103.549 E.05338
G1 X115.736 Y102.07 E.05339
G1 X114.832 Y100.677 E.05339
G1 X113.787 Y99.387 E.05338
G1 X112.613 Y98.213 E.05339
G1 X111.323 Y97.168 E.05338
G1 X109.93 Y96.264 E.05339
G1 X108.451 Y95.511 E.05339
G1 X106.901 Y94.916 E.05338
G1 X105.298 Y94.486 E.05338
G1 X103.658 Y94.226 E.05339
G1 X102 Y94.139 E.05338
G1 X100.913 Y94.196 E.03501
G1 X100.342 Y94.226 E.01838
G1 X98.702 Y94.486 E.05339
G1 X97.099 Y94.916 E.05339
G1 X95.549 Y95.511 E.05339
G1 X94.07 Y96.264 E.05338
G1 X92.677 Y97.168 E.05338
G1 X91.387 Y98.213 E.05339
G1 X90.213 Y99.387 E.05339
G1 X89.168 Y100.677 E.05338
G1 X88.264 Y102.07 E.05339
G1 X87.511 Y103.549 E.05339
G1 X86.916 Y105.099 E.05338
G1 X86.486 Y106.702 E.05338
G1 X86.226 Y108.342 E.05339
G1 X86.139 Y110 E.05338
G1 X86.226 Y111.658 E.05338
G1 X86.486 Y113.298 E.05339
G1 X86.916 Y114.901 E.05338
G1 X87.511 Y116.451 E.05338
G1 X88.264 Y117.93 E.05339
G1 X89.168 Y119.323 E.05339
G1 X90.213 Y120.613 E.05338
G1 X91.387 Y121.787 E.05339
G1 X92.677 Y122.832 E.05339
G1 X94.07 Y123.736 E.05338
G1 X95.549 Y124.489 E.05338
G1 X97.099 Y125.084 E.05339
G1 X98.702 Y125.514 E.05339
G1 X100.342 Y125.774 E.05339
G1 X101.901 Y125.856 E.05021
; stop printing object mid_plate.stl id:1992740639744 copy 0
;LAYER_CHANGE
;Z:7.64
;HEIGHT:0.2
G92 E0 ; zero the extruded length again
; BEFORE_LAYER_CHANGE 37 @ 7.64mm
G1 E-1.75 F6000
;WIPE_START
G1 X102 Y125.861 E-.07409
G1 X102.9 Y125.814 E-.67592
;WIPE_END
; AFTER_LAYER_CHANGE 37 @ 7.64mm
;_SET_FAN_SPEED_CHANGING_LAYER
; printing object mid_plate.stl id:1992740639744 copy 0
G17
G3 Z7.84 I-.608 J.032 P1  F18000
G1 X102.941 Y126.589 Z7.84
G1 X102.273 Y126.624
G1 X102 Y126.638
G1 X102 Y127.04
G1 Z7.64
G1 E2.5 F6000
M204 P1000
;TYPE:Outer wall
;WIDTH:0.42
G1 F3600
G1 X100.219 Y126.946 E.05313
G1 X98.457 Y126.667 E.05313
G1 X96.734 Y126.206 E.05312
G1 X95.069 Y125.567 E.05313
G1 X93.48 Y124.757 E.05313
G1 X91.984 Y123.785 E.05313
G1 X90.598 Y122.663 E.05313
G1 X89.337 Y121.402 E.05312
G1 X88.215 Y120.016 E.05313
G1 X87.243 Y118.52 E.05313
G1 X86.433 Y116.931 E.05313
G1 X85.794 Y115.266 E.05313
G1 X85.333 Y113.543 E.05313
G1 X85.054 Y111.781 E.05313
G1 X84.96 Y110 E.05313
G1 X85.054 Y108.219 E.05313
G1 X85.333 Y106.457 E.05313
G1 X85.794 Y104.734 E.05313
G1 X86.433 Y103.069 E.05313
G1 X87.243 Y101.48 E.05313
G1 X88.215 Y99.984 E.05313
G1 X89.337 Y98.598 E.05313
G1 X90.598 Y97.337 E.05312
G1 X91.984 Y96.215 E.05313
G1 X93.48 Y95.243 E.05313
G1 X95.069 Y94.433 E.05313
G1 X96.734 Y93.794 E.05313
G1 X98.457 Y93.333 E.05312
G1 X100.219 Y93.054 E.05313
G1 X102 Y92.96 E.05313
G1 X103.238 Y93.025 E.03692
G1 X103.781 Y93.054 E.01621
G1 X105.543 Y93.333 E.05313
G1 X107.266 Y93.794 E.05313
G1 X108.931 Y94.433 E.05313
G1 X110.52 Y95.243 E.05313
G1 X112.016 Y96.215 E.05313
G1 X113.402 Y97.337 E.05313
G1 X114.663 Y98.598 E.05313
G1 X115.785 Y99.984 E.05313
G1 X116.757 Y101.48 E.05313
G1 X117.567 Y103.069 E.05313
G1 X118.206 Y104.734 E.05313
G1 X118.667 Y106.457 E.05313
G1 X118.946 Y108.219 E.05313
G1 X119.04 Y110 E.05313
G1 X118.946 Y111.781 E.05313
G1 X118.667 Y113.543 E.05313
G1 X118.206 Y115.266 E.05313
G1 X117.567 Y116.931 E.05313
G1 X116.757 Y118.52 E.05313
G1 X115.785 Y120.016 E.05313
G1 X114.663 Y121.402 E.05313
G1 X113.402 Y122.663 E.05313
G1 X112.016 Y123.785 E.05313
G1 X110.52 Y124.757 E.05313
G1 X108.931 Y125.567 E.05313
G1 X107.266 Y126.206 E.05313
G1 X105.543 Y126.667 E.05313
G1 X103.781 Y126.946 E.05313
G1 X102.06 Y127.037 E.05134
G1 X102.039 Y126.636 F18000
G1 X102 Y126.638
G1 X102 Y126.638
G1 X102 Y126.647
M204 P1500
;TYPE:Inner wall
;WIDTH:0.45
G1 F3730
G1 X100.26 Y126.556 E.05603
G1 X98.539 Y126.283 E.05603
G1 X96.856 Y125.832 E.05603
G1 X95.229 Y125.208 E.05603
G1 X93.676 Y124.417 E.05603
G1 X92.215 Y123.468 E.05603
G1 X90.861 Y122.371 E.05603
G1 X89.629 Y121.139 E.05603
G1 X88.532 Y119.785 E.05603
G1 X87.583 Y118.324 E.05603
G1 X86.792 Y116.771 E.05603
G1 X86.168 Y115.144 E.05603
G1 X85.717 Y113.461 E.05603
G1 X85.444 Y111.74 E.05603
G1 X85.353 Y110 E.05603
G1 X85.444 Y108.26 E.05603
G1 X85.717 Y106.539 E.05603
G1 X86.168 Y104.856 E.05603
G1 X86.792 Y103.229 E.05603
G1 X87.583 Y101.676 E.05603
G1 X88.532 Y100.215 E.05603
G1 X89.629 Y98.861 E.05603
G1 X90.861 Y97.629 E.05603
G1 X92.215 Y96.532 E.05603
G1 X93.676 Y95.583 E.05603
G1 X95.229 Y94.792 E.05603
G1 X96.856 Y94.168 E.05603
G1 X98.539 Y93.717 E.05603
G1 X100.26 Y93.444 E.05603
G1 X102 Y93.353 E.05603
G1 X103.217 Y93.417 E.03919
G1 X103.74 Y93.444 E.01684
G1 X105.461 Y93.717 E.05603
G1 X107.144 Y94.168 E.05603
G1 X108.771 Y94.792 E.05603
G1 X110.324 Y95.583 E.05603
G1 X111.785 Y96.532 E.05603
G1 X113.139 Y97.629 E.05603
G1 X114.371 Y98.861 E.05603
G1 X115.468 Y100.215 E.05603
G1 X116.417 Y101.676 E.05603
G1 X117.208 Y103.229 E.05603
G1 X117.832 Y104.856 E.05603
G1 X118.283 Y106.539 E.05603
G1 X118.556 Y108.26 E.05603
G1 X118.647 Y110 E.05603
G1 X118.556 Y111.74 E.05603
G1 X118.283 Y113.461 E.05603
G1 X117.832 Y115.144 E.05603
G1 X117.208 Y116.771 E.05603
G1 X116.417 Y118.324 E.05603
G1 X115.468 Y119.785 E.05603
G1 X114.371 Y121.139 E.05603
G1 X113.139 Y122.371 E.05603
G1 X111.785 Y123.468 E.05603
G1 X110.324 Y124.417 E.05603
G1 X108.771 Y125.208 E.05603
G1 X107.144 Y125.832 E.05603
G1 X105.461 Y126.283 E.05603
G1 X103.74 Y126.556 E.05603
G1 X102.06 Y126.644 E.0541
G1 X102 Y126.239 F18000
G1 F3730
G1 X100.303 Y126.15 E.05466
G1 X98.624 Y125.885 E.05466
G1 X96.982 Y125.445 E.05466
G1 X95.395 Y124.836 E.05466
G1 X93.88 Y124.064 E.05466
G1 X92.455 Y123.138 E.05466
G1 X91.134 Y122.068 E.05466
G1 X89.932 Y120.866 E.05466
G1 X88.862 Y119.545 E.05466
G1 X87.936 Y118.12 E.05466
G1 X87.164 Y116.605 E.05466
G1 X86.555 Y115.018 E.05466
G1 X86.115 Y113.376 E.05466
G1 X85.85 Y111.697 E.05466
G1 X85.761 Y110 E.05466
G1 X85.85 Y108.303 E.05466
G1 X86.115 Y106.624 E.05466
G1 X86.555 Y104.982 E.05466
G1 X87.164 Y103.395 E.05466
G1 X87.936 Y101.88 E.05466
G1 X88.862 Y100.455 E.05466
G1 X89.932 Y99.134 E.05466
G1 X91.134 Y97.932 E.05466
G1 X92.455 Y96.862 E.05466
G1 X93.88 Y95.936 E.05466
G1 X95.395 Y95.164 E.05466
G1 X96.982 Y94.555 E.05466
G1 X98.624 Y94.115 E.05466
G1 X100.303 Y93.85 E.05466
G1 X102 Y93.761 E.05466
G1 X103.196 Y93.823 E.03851
G1 X103.697 Y93.85 E.01615
G1 X105.376 Y94.115 E.05466
G1 X107.018 Y94.555 E.05466
G1 X108.605 Y95.164 E.05466
G1 X110.12 Y95.936 E.05466
G1 X111.545 Y96.862 E.05466
G1 X112.866 Y97.932 E.05466
G1 X114.068 Y99.134 E.05466
G1 X115.138 Y100.455 E.05466
G1 X116.064 Y101.88 E.05466
G1 X116.835 Y103.395 E.05466
G1 X117.445 Y104.982 E.05466
G1 X117.885 Y106.624 E.05466
G1 X118.15 Y108.303 E.05466
G1 X118.239 Y110 E.05466
G1 X118.15 Y111.697 E.05466
G1 X117.885 Y113.376 E.05466
G1 X117.445 Y115.018 E.05466
G1 X116.835 Y116.605 E.05466
G1 X116.064 Y118.12 E.05466
G1 X115.138 Y119.545 E.05466
G1 X114.068 Y120.866 E.05466
G1 X112.866 Y122.068 E.05466
G1 X111.545 Y123.138 E.05466
G1 X110.12 Y124.064 E.05466
G1 X108.605 Y124.836 E.05466
G1 X107.018 Y125.445 E.05466
G1 X105.376 Y125.885 E.05466
G1 X103.697 Y126.15 E.05466
G1 X102.06 Y126.236 E.05273
G1 E-1.75 F6000
;WIPE_START
G1 X101.061 Y126.188 E-.75
;WIPE_END
G1 X101.102 Y125.415 Z7.84 F18000
G1 X101.663 Y125.444
G1 X101.979 Y125.461
G1 X102 Y125.06
G1 Z7.64
G1 E2.5 F6000
M204 P1000
;TYPE:Outer wall
;WIDTH:0.42
G1 F3600
G1 X103.574 Y124.978 E.04696
G1 X105.131 Y124.731 E.04696
G1 X106.654 Y124.323 E.04696
G1 X108.126 Y123.758 E.04696
G1 X109.53 Y123.043 E.04696
G1 X110.852 Y122.184 E.04696
G1 X112.077 Y121.192 E.04696
G1 X113.192 Y120.077 E.04696
G1 X114.184 Y118.852 E.04696
G1 X115.043 Y117.53 E.04696
G1 X115.758 Y116.126 E.04696
G1 X116.323 Y114.654 E.04696
G1 X116.731 Y113.131 E.04696
G1 X116.978 Y111.574 E.04696
G1 X117.06 Y110 E.04696
G1 X116.978 Y108.426 E.04696
G1 X116.731 Y106.869 E.04696
G1 X116.323 Y105.346 E.04696
G1 X115.758 Y103.874 E.04696
G1 X115.043 Y102.47 E.04696
G1 X114.184 Y101.148 E.04696
G1 X113.192 Y99.923 E.04696
G1 X112.077 Y98.808 E.04696
G1 X110.852 Y97.816 E.04696
G1 X109.53 Y96.957 E.04696
G1 X108.126 Y96.242 E.04696
G1 X106.654 Y95.677 E.04696
G1 X105.131 Y95.269 E.04696
G1 X103.574 Y95.022 E.04696
G1 X102 Y94.94 E.04696
G1 X100.916 Y94.996 E.03233
G1 X100.426 Y95.022 E.01463
G1 X98.869 Y95.269 E.04696
G1 X97.346 Y95.677 E.04696
G1 X95.874 Y96.242 E.04696
G1 X94.47 Y96.957 E.04695
G1 X93.148 Y97.816 E.04696
G1 X91.923 Y98.808 E.04696
G1 X90.808 Y99.923 E.04696
G1 X89.816 Y101.148 E.04696
G1 X88.957 Y102.47 E.04696
G1 X88.242 Y103.874 E.04696
G1 X87.677 Y105.346 E.04696
G1 X87.269 Y106.869 E.04696
G1 X87.022 Y108.426 E.04696
G1 X86.94 Y110 E.04696
G1 X87.022 Y111.574 E.04696
G1 X87.269 Y113.131 E.04696
G1 X87.677 Y114.654 E.04696
G1 X88.242 Y116.126 E.04696
G1 X88.957 Y117.53 E.04696
G1 X89.816 Y118.852 E.04696
G1 X90.808 Y120.077 E.04696
G1 X91.923 Y121.192 E.04696
G1 X93.148 Y122.184 E.04696
G1 X94.47 Y123.043 E.04696
G1 X95.874 Y123.758 E.04695
G1 X97.346 Y124.323 E.04696
G1 X98.869 Y124.731 E.04696
G1 X100.426 Y124.978 E.04696
G1 X101.94 Y125.057 E.04517
G1 X101.919 Y125.457 F18000
G1 X101.981 Y125.461
G1 X101.981 Y125.452
M204 P1500
;TYPE:Inner wall
;WIDTH:0.45
G1 F3730
G1 X102 Y125.453 E.00061
G1 X103.615 Y125.368 E.05201
G1 X105.213 Y125.115 E.05201
G1 X106.775 Y124.697 E.05201
G1 X108.285 Y124.117 E.05201
G1 X109.727 Y123.383 E.05201
G1 X111.083 Y122.502 E.05201
G1 X112.34 Y121.484 E.05201
G1 X113.484 Y120.34 E.05201
G1 X114.502 Y119.083 E.05201
G1 X115.383 Y117.727 E.05201
G1 X116.117 Y116.285 E.05201
G1 X116.697 Y114.775 E.05201
G1 X117.115 Y113.213 E.05201
G1 X117.368 Y111.615 E.05201
G1 X117.453 Y110 E.05201
G1 X117.368 Y108.385 E.05201
G1 X117.115 Y106.787 E.05201
G1 X116.697 Y105.225 E.05201
G1 X116.117 Y103.715 E.05201
G1 X115.383 Y102.273 E.05201
G1 X114.502 Y100.917 E.05201
G1 X113.484 Y99.66 E.05201
G1 X112.34 Y98.516 E.05201
G1 X111.083 Y97.498 E.05201
G1 X109.727 Y96.617 E.05201
G1 X108.285 Y95.883 E.05201
G1 X106.775 Y95.303 E.05201
G1 X105.213 Y94.885 E.05201
G1 X103.615 Y94.632 E.05201
G1 X102 Y94.547 E.05201
G1 X100.896 Y94.605 E.03556
G1 X100.385 Y94.632 E.01645
G1 X98.787 Y94.885 E.05201
G1 X97.225 Y95.303 E.05201
G1 X95.715 Y95.883 E.05201
G1 X94.273 Y96.617 E.05201
G1 X92.917 Y97.498 E.05201
G1 X91.66 Y98.516 E.05201
G1 X90.516 Y99.66 E.05201
G1 X89.498 Y100.917 E.05201
G1 X88.617 Y102.273 E.05201
G1 X87.883 Y103.715 E.05201
G1 X87.303 Y105.225 E.05201
G1 X86.885 Y106.787 E.05201
G1 X86.632 Y108.385 E.05201
G1 X86.547 Y110 E.05201
G1 X86.632 Y111.615 E.05201
G1 X86.885 Y113.213 E.05201
G1 X87.303 Y114.775 E.05201
G1 X87.883 Y116.285 E.05201
G1 X88.617 Y117.727 E.05201
G1 X89.498 Y119.083 E.05201
G1 X90.516 Y120.34 E.05201
G1 X91.66 Y121.484 E.05201
G1 X92.917 Y122.502 E.05201
G1 X94.273 Y123.383 E.05201
G1 X95.715 Y124.117 E.05201
G1 X97.225 Y124.697 E.05201
G1 X98.787 Y125.115 E.05201
G1 X100.385 Y125.368 E.05201
G1 X101.921 Y125.449 E.04947
G1 X101.961 Y125.859 F18000
G1 F3730
G1 X102 Y125.861 E.00125
G1 X103.658 Y125.774 E.05338
G1 X105.298 Y125.514 E.05339
G1 X106.901 Y125.084 E.05338
G1 X108.451 Y124.489 E.05338
G1 X109.93 Y123.736 E.05339
G1 X111.323 Y122.832 E.05339
G1 X112.613 Y121.787 E.05338
G1 X113.787 Y120.613 E.05339
G1 X114.832 Y119.323 E.05338
G1 X115.736 Y117.93 E.05339
G1 X116.489 Y116.451 E.05339
G1 X117.084 Y114.901 E.05338
G1 X117.514 Y113.298 E.05338
G1 X117.774 Y111.658 E.05339
G1 X117.861 Y110 E.05338
G1 X117.774 Y108.342 E.05338
G1 X117.514 Y106.702 E.05339
G1 X117.084 Y105.099 E.05338
G1 X116.489 Y103.549 E.05338
G1 X115.736 Y102.07 E.05339
G1 X114.832 Y100.677 E.05339
G1 X113.787 Y99.387 E.05338
G1 X112.613 Y98.213 E.05339
G1 X111.323 Y97.168 E.05338
G1 X109.93 Y96.264 E.05339
G1 X108.451 Y95.511 E.05339
G1 X106.901 Y94.916 E.05338
G1 X105.298 Y94.486 E.05338
G1 X103.658 Y94.226 E.05339
G1 X102 Y94.139 E.05338
G1 X100.874 Y94.198 E.03625
G1 X100.342 Y94.226 E.01714
G1 X98.702 Y94.486 E.05339
G1 X97.099 Y94.916 E.05339
G1 X95.549 Y95.511 E.05339
G1 X94.07 Y96.264 E.05338
G1 X92.677 Y97.168 E.05338
G1 X91.387 Y98.213 E.05339
G1 X90.213 Y99.387 E.05339
G1 X89.168 Y100.677 E.05338
G1 X88.264 Y102.07 E.05339
G1 X87.511 Y103.549 E.05339
G1 X86.916 Y105.099 E.05338
G1 X86.486 Y106.702 E.05338
G1 X86.226 Y108.342 E.05339
G1 X86.139 Y110 E.05338
G1 X86.226 Y111.658 E.05338
G1 X86.486 Y113.298 E.05339
G1 X86.916 Y114.901 E.05338
G1 X87.511 Y116.451 E.05338
G1 X88.264 Y117.93 E.05339
G1 X89.168 Y119.323 E.05339
G1 X90.213 Y120.613 E.05338
G1 X91.387 Y121.787 E.05339
G1 X92.677 Y122.832 E.05339
G1 X94.07 Y123.736 E.05338
G1 X95.549 Y124.489 E.05338
G1 X97.099 Y125.084 E.05339
G1 X98.702 Y125.514 E.05339
G1 X100.342 Y125.774 E.05339
G1 X101.901 Y125.856 E.05021
; stop printing object mid_plate.stl id:1992740639744 copy 0
;LAYER_CHANGE
;Z:7.84
;HEIGHT:0.2
G92 E0 ; zero the extruded length again
; BEFORE_LAYER_CHANGE 38 @ 7.84mm
G1 E-1.75 F6000
;WIPE_START
G1 X102 Y125.861 E-.07409
G1 X102.9 Y125.814 E-.67592
;WIPE_END
; AFTER_LAYER_CHANGE 38 @ 7.84mm
;_SET_FAN_SPEED_CHANGING_LAYER
; printing object mid_plate.stl id:1992740639744 copy 0
G17
G3 Z8.04 I-.608 J.032 P1  F18000
G1 X102.941 Y126.589 Z8.04
G1 X102.273 Y126.624
G1 X102 Y126.638
G1 X102 Y127.04
G1 Z7.84
G1 E2.5 F6000
M204 P1000
;TYPE:Outer wall
;WIDTH:0.42
G1 F3600
G1 X100.219 Y126.946 E.05313
G1 X98.457 Y126.667 E.05313
G1 X96.734 Y126.206 E.05312
G1 X95.069 Y125.567 E.05313
G1 X93.48 Y124.757 E.05313
G1 X91.984 Y123.785 E.05313
G1 X90.598 Y122.663 E.05313
G1 X89.337 Y121.402 E.05312
G1 X88.215 Y120.016 E.05313
G1 X87.243 Y118.52 E.05313
G1 X86.433 Y116.931 E.05313
G1 X85.794 Y115.266 E.05313
G1 X85.333 Y113.543 E.05313
G1 X85.054 Y111.781 E.05313
G1 X84.96 Y110 E.05313
G1 X85.054 Y108.219 E.05313
G1 X85.333 Y106.457 E.05313
G1 X85.794 Y104.734 E.05313
G1 X86.433 Y103.069 E.05313
G1 X87.243 Y101.48 E.05313
G1 X88.215 Y99.984 E.05313
G1 X89.337 Y98.598 E.05313
G1 X90.598 Y97.337 E.05312
G1 X91.984 Y96.215 E.05313
G1 X93.48 Y95.243 E.05313
G1 X95.069 Y94.433 E.05313
G1 X96.734 Y93.794 E.05313
G1 X98.457 Y93.333 E.05312
G1 X100.219 Y93.054 E.05313
G1 X102 Y92.96 E.05313
G1 X103.283 Y93.028 E.03826
G1 X103.781 Y93.054 E.01487
G1 X105.543 Y93.333 E.05313
G1 X107.266 Y93.794 E.05313
G1 X108.931 Y94.433 E.05313
G1 X110.52 Y95.243 E.05313
G1 X112.016 Y96.215 E.05313
G1 X113.402 Y97.337 E.05313
G1 X114.663 Y98.598 E.05313
G1 X115.785 Y99.984 E.05313
G1 X116.757 Y101.48 E.05313
G1 X117.567 Y103.069 E.05313
G1 X118.206 Y104.734 E.05313
G1 X118.667 Y106.457 E.05313
G1 X118.946 Y108.219 E.05313
G1 X119.04 Y110 E.05313
G1 X118.946 Y111.781 E.05313
G1 X118.667 Y113.543 E.05313
G1 X118.206 Y115.266 E.05313
G1 X117.567 Y116.931 E.05313
G1 X116.757 Y118.52 E.05313
G1 X115.785 Y120.016 E.05313
G1 X114.663 Y121.402 E.05313
G1 X113.402 Y122.663 E.05313
G1 X112.016 Y123.785 E.05313
G1 X110.52 Y124.757 E.05313
G1 X108.931 Y125.567 E.05313
G1 X107.266 Y126.206 E.05313
G1 X105.543 Y126.667 E.05313
G1 X103.781 Y126.946 E.05313
G1 X102.06 Y127.037 E.05134
G1 X102.039 Y126.636 F18000
G1 X102 Y126.638
G1 X102 Y126.638
G1 X102 Y126.647
M204 P1500
;TYPE:Inner wall
;WIDTH:0.45
G1 F3730
G1 X100.26 Y126.556 E.05603
G1 X98.539 Y126.283 E.05603
G1 X96.856 Y125.832 E.05603
G1 X95.229 Y125.208 E.05603
G1 X93.676 Y124.417 E.05603
G1 X92.215 Y123.468 E.05603
G1 X90.861 Y122.371 E.05603
G1 X89.629 Y121.139 E.05603
G1 X88.532 Y119.785 E.05603
G1 X87.583 Y118.324 E.05603
G1 X86.792 Y116.771 E.05603
G1 X86.168 Y115.144 E.05603
G1 X85.717 Y113.461 E.05603
G1 X85.444 Y111.74 E.05603
G1 X85.353 Y110 E.05603
G1 X85.444 Y108.26 E.05603
G1 X85.717 Y106.539 E.05603
G1 X86.168 Y104.856 E.05603
G1 X86.792 Y103.229 E.05603
G1 X87.583 Y101.676 E.05603
G1 X88.532 Y100.215 E.05603
G1 X89.629 Y98.861 E.05603
G1 X90.861 Y97.629 E.05603
G1 X92.215 Y96.532 E.05603
G1 X93.676 Y95.583 E.05603
G1 X95.229 Y94.792 E.05603
G1 X96.856 Y94.168 E.05603
G1 X98.539 Y93.717 E.05603
G1 X100.26 Y93.444 E.05603
G1 X102 Y93.353 E.05603
G1 X103.262 Y93.419 E.04064
G1 X103.74 Y93.444 E.01539
G1 X105.461 Y93.717 E.05603
G1 X107.144 Y94.168 E.05603
G1 X108.771 Y94.792 E.05603
G1 X110.324 Y95.583 E.05603
G1 X111.785 Y96.532 E.05603
G1 X113.139 Y97.629 E.05603
G1 X114.371 Y98.861 E.05603
G1 X115.468 Y100.215 E.05603
G1 X116.417 Y101.676 E.05603
G1 X117.208 Y103.229 E.05603
G1 X117.832 Y104.856 E.05603
G1 X118.283 Y106.539 E.05603
G1 X118.556 Y108.26 E.05603
G1 X118.647 Y110 E.05603
G1 X118.556 Y111.74 E.05603
G1 X118.283 Y113.461 E.05603
G1 X117.832 Y115.144 E.05603
G1 X117.208 Y116.771 E.05603
G1 X116.417 Y118.324 E.05603
G1 X115.468 Y119.785 E.05603
G1 X114.371 Y121.139 E.05603
G1 X113.139 Y122.371 E.05603
G1 X111.785 Y123.468 E.05603
G1 X110.324 Y124.417 E.05603
G1 X108.771 Y125.208 E.05603
G1 X107.144 Y125.832 E.05603
G1 X105.461 Y126.283 E.05603
G1 X103.74 Y126.556 E.05603
G1 X102.06 Y126.644 E.0541
G1 X102 Y126.239 F18000
G1 F3730
G1 X100.303 Y126.15 E.05466
G1 X98.624 Y125.885 E.05466
G1 X96.982 Y125.445 E.05466
G1 X95.395 Y124.836 E.05466
G1 X93.88 Y124.064 E.05466
G1 X92.455 Y123.138 E.05466
G1 X91.134 Y122.068 E.05466
G1 X89.932 Y120.866 E.05466
G1 X88.862 Y119.545 E.05466
G1 X87.936 Y118.12 E.05466
G1 X87.164 Y116.605 E.05466
G1 X86.555 Y115.018 E.05466
G1 X86.115 Y113.376 E.05466
G1 X85.85 Y111.697 E.05466
G1 X85.761 Y110 E.05466
G1 X85.85 Y108.303 E.05466
G1 X86.115 Y106.624 E.05466
G1 X86.555 Y104.982 E.05466
G1 X87.164 Y103.395 E.05466
G1 X87.936 Y101.88 E.05466
G1 X88.862 Y100.455 E.05466
G1 X89.932 Y99.134 E.05466
G1 X91.134 Y97.932 E.05466
G1 X92.455 Y96.862 E.05466
G1 X93.88 Y95.936 E.05466
G1 X95.395 Y95.164 E.05466
G1 X96.982 Y94.555 E.05466
G1 X98.624 Y94.115 E.05466
G1 X100.303 Y93.85 E.05466
G1 X102 Y93.761 E.05466
G1 X103.241 Y93.826 E.03996
G1 X103.697 Y93.85 E.0147
G1 X105.376 Y94.115 E.05466
G1 X107.018 Y94.555 E.05466
G1 X108.605 Y95.164 E.05466
G1 X110.12 Y95.936 E.05466
G1 X111.545 Y96.862 E.05466
G1 X112.866 Y97.932 E.05466
G1 X114.068 Y99.134 E.05466
G1 X115.138 Y100.455 E.05466
G1 X116.064 Y101.88 E.05466
G1 X116.835 Y103.395 E.05466
G1 X117.445 Y104.982 E.05466
G1 X117.885 Y106.624 E.05466
G1 X118.15 Y108.303 E.05466
G1 X118.239 Y110 E.05466
G1 X118.15 Y111.697 E.05466
G1 X117.885 Y113.376 E.05466
G1 X117.445 Y115.018 E.05466
G1 X116.835 Y116.605 E.05466
G1 X116.064 Y118.12 E.05466
G1 X115.138 Y119.545 E.05466
G1 X114.068 Y120.866 E.05466
G1 X112.866 Y122.068 E.05466
G1 X111.545 Y123.138 E.05466
G1 X110.12 Y124.064 E.05466
G1 X108.605 Y124.836 E.05466
G1 X107.018 Y125.445 E.05466
G1 X105.376 Y125.885 E.05466
G1 X103.697 Y126.15 E.05466
G1 X102.06 Y126.236 E.05273
G1 E-1.75 F6000
;WIPE_START
G1 X101.061 Y126.188 E-.75
;WIPE_END
G1 X101.102 Y125.415 Z8.04 F18000
G1 X101.663 Y125.444
G1 X101.979 Y125.461
G1 X102 Y125.06
G1 Z7.84
G1 E2.5 F6000
M204 P1000
;TYPE:Outer wall
;WIDTH:0.42
G1 F3600
G1 X103.574 Y124.978 E.04696
G1 X105.131 Y124.731 E.04696
G1 X106.654 Y124.323 E.04696
G1 X108.126 Y123.758 E.04696
G1 X109.53 Y123.043 E.04696
G1 X110.852 Y122.184 E.04696
G1 X112.077 Y121.192 E.04696
G1 X113.192 Y120.077 E.04696
G1 X114.184 Y118.852 E.04696
G1 X115.043 Y117.53 E.04696
G1 X115.758 Y116.126 E.04696
G1 X116.323 Y114.654 E.04696
G1 X116.731 Y113.131 E.04696
G1 X116.978 Y111.574 E.04696
G1 X117.06 Y110 E.04696
G1 X116.978 Y108.426 E.04696
G1 X116.731 Y106.869 E.04696
G1 X116.323 Y105.346 E.04696
G1 X115.758 Y103.874 E.04696
G1 X115.043 Y102.47 E.04696
G1 X114.184 Y101.148 E.04696
G1 X113.192 Y99.923 E.04696
G1 X112.077 Y98.808 E.04696
G1 X110.852 Y97.816 E.04696
G1 X109.53 Y96.957 E.04696
G1 X108.126 Y96.242 E.04696
G1 X106.654 Y95.677 E.04696
G1 X105.131 Y95.269 E.04696
G1 X103.574 Y95.022 E.04696
G1 X102 Y94.94 E.04696
G1 X100.878 Y94.998 E.03348
G1 X100.426 Y95.022 E.01348
G1 X98.869 Y95.269 E.04696
G1 X97.346 Y95.677 E.04696
G1 X95.874 Y96.242 E.04696
G1 X94.47 Y96.957 E.04695
G1 X93.148 Y97.816 E.04696
G1 X91.923 Y98.808 E.04696
G1 X90.808 Y99.923 E.04696
G1 X89.816 Y101.148 E.04696
G1 X88.957 Y102.47 E.04696
G1 X88.242 Y103.874 E.04696
G1 X87.677 Y105.346 E.04696
G1 X87.269 Y106.869 E.04696
G1 X87.022 Y108.426 E.04696
G1 X86.94 Y110 E.04696
G1 X87.022 Y111.574 E.04696
G1 X87.269 Y113.131 E.04696
G1 X87.677 Y114.654 E.04696
G1 X88.242 Y116.126 E.04696
G1 X88.957 Y117.53 E.04696
G1 X89.816 Y118.852 E.04696
G1 X90.808 Y120.077 E.04696
G1 X91.923 Y121.192 E.04696
G1 X93.148 Y122.184 E.04696
G1 X94.47 Y123.043 E.04696
G1 X95.874 Y123.758 E.04695
G1 X97.346 Y124.323 E.04696
G1 X98.869 Y124.731 E.04696
G1 X100.426 Y124.978 E.04696
G1 X101.94 Y125.057 E.04517
G1 X101.919 Y125.457 F18000
G1 X101.981 Y125.461
G1 X101.981 Y125.452
M204 P1500
;TYPE:Inner wall
;WIDTH:0.45
G1 F3730
G1 X102 Y125.453 E.00061
G1 X103.615 Y125.368 E.05201
G1 X105.213 Y125.115 E.05201
G1 X106.775 Y124.697 E.05201
G1 X108.285 Y124.117 E.05201
G1 X109.727 Y123.383 E.05201
G1 X111.083 Y122.502 E.05201
G1 X112.34 Y121.484 E.05201
G1 X113.484 Y120.34 E.05201
G1 X114.502 Y119.083 E.05201
G1 X115.383 Y117.727 E.05201
G1 X116.117 Y116.285 E.05201
G1 X116.697 Y114.775 E.05201
G1 X117.115 Y113.213 E.05201
G1 X117.368 Y111.615 E.05201
G1 X117.453 Y110 E.05201
G1 X117.368 Y108.385 E.05201
G1 X117.115 Y106.787 E.05201
G1 X116.697 Y105.225 E.05201
G1 X116.117 Y103.715 E.05201
G1 X115.383 Y102.273 E.05201
G1 X114.502 Y100.917 E.05201
G1 X113.484 Y99.66 E.05201
G1 X112.34 Y98.516 E.05201
G1 X111.083 Y97.498 E.05201
G1 X109.727 Y96.617 E.05201
G1 X108.285 Y95.883 E.05201
G1 X106.775 Y95.303 E.05201
G1 X105.213 Y94.885 E.05201
G1 X103.615 Y94.632 E.05201
G1 X102 Y94.547 E.05201
G1 X100.857 Y94.607 E.0368
G1 X100.385 Y94.632 E.01521
G1 X98.787 Y94.885 E.05201
G1 X97.225 Y95.303 E.05201
G1 X95.715 Y95.883 E.05201
G1 X94.273 Y96.617 E.05201
G1 X92.917 Y97.498 E.05201
G1 X91.66 Y98.516 E.05201
G1 X90.516 Y99.66 E.05201
G1 X89.498 Y100.917 E.05201
G1 X88.617 Y102.273 E.05201
G1 X87.883 Y103.715 E.05201
G1 X87.303 Y105.225 E.05201
G1 X86.885 Y106.787 E.05201
G1 X86.632 Y108.385 E.05201
G1 X86.547 Y110 E.05201
G1 X86.632 Y111.615 E.05201
G1 X86.885 Y113.213 E.05201
G1 X87.303 Y114.775 E.05201
G1 X87.883 Y116.285 E.05201
G1 X88.617 Y117.727 E.05201
G1 X89.498 Y119.083 E.05201
G1 X90.516 Y120.34 E.05201
G1 X91.66 Y121.484 E.05201
G1 X92.917 Y122.502 E.05201
G1 X94.273 Y123.383 E.05201
G1 X95.715 Y124.117 E.05201
G1 X97.225 Y124.697 E.05201
G1 X98.787 Y125.115 E.05201
G1 X100.385 Y125.368 E.05201
G1 X101.921 Y125.449 E.04947
G1 X101.961 Y125.859 F18000
G1 F3730
G1 X102 Y125.861 E.00125
G1 X103.658 Y125.774 E.05338
G1 X105.298 Y125.514 E.05339
G1 X106.901 Y125.084 E.05338
G1 X108.451 Y124.489 E.05338
G1 X109.93 Y123.736 E.05339
G1 X111.323 Y122.832 E.05339
G1 X112.613 Y121.787 E.05338
G1 X113.787 Y120.613 E.05339
G1 X114.832 Y119.323 E.05338
G1 X115.736 Y117.93 E.05339
G1 X116.489 Y116.451 E.05339
G1 X117.084 Y114.901 E.05338
G1 X117.514 Y113.298 E.05338
G1 X117.774 Y111.658 E.05339
G1 X117.861 Y110 E.05338
G1 X117.774 Y108.342 E.05338
G1 X117.514 Y106.702 E.05339
G1 X117.084 Y105.099 E.05338
G1 X116.489 Y103.549 E.05338
G1 X115.736 Y102.07 E.05339
G1 X114.832 Y100.677 E.05339
G1 X113.787 Y99.387 E.05338
G1 X112.613 Y98.213 E.05339
G1 X111.323 Y97.168 E.05338
G1 X109.93 Y96.264 E.05339
G1 X108.451 Y95.511 E.05339
G1 X106.901 Y94.916 E.05338
G1 X105.298 Y94.486 E.05338
G1 X103.658 Y94.226 E.05339
G1 X102 Y94.139 E.05338
G1 X100.836 Y94.2 E.03749
G1 X100.342 Y94.226 E.01589
G1 X98.702 Y94.486 E.05339
G1 X97.099 Y94.916 E.05339
G1 X95.549 Y95.511 E.05339
G1 X94.07 Y96.264 E.05338
G1 X92.677 Y97.168 E.05338
G1 X91.387 Y98.213 E.05339
G1 X90.213 Y99.387 E.05339
G1 X89.168 Y100.677 E.05338
G1 X88.264 Y102.07 E.05339
G1 X87.511 Y103.549 E.05339
G1 X86.916 Y105.099 E.05338
G1 X86.486 Y106.702 E.05338
G1 X86.226 Y108.342 E.05339
G1 X86.139 Y110 E.05338
G1 X86.226 Y111.658 E.05338
G1 X86.486 Y113.298 E.05339
G1 X86.916 Y114.901 E.05338
G1 X87.511 Y116.451 E.05338
G1 X88.264 Y117.93 E.05339
G1 X89.168 Y119.323 E.05339
G1 X90.213 Y120.613 E.05338
G1 X91.387 Y121.787 E.05339
G1 X92.677 Y122.832 E.05339
G1 X94.07 Y123.736 E.05338
G1 X95.549 Y124.489 E.05338
G1 X97.099 Y125.084 E.05339
G1 X98.702 Y125.514 E.05339
G1 X100.342 Y125.774 E.05339
G1 X101.901 Y125.856 E.05021
; stop printing object mid_plate.stl id:1992740639744 copy 0
;LAYER_CHANGE
;Z:8.04
;HEIGHT:0.2
G92 E0 ; zero the extruded length again
; BEFORE_LAYER_CHANGE 39 @ 8.04mm
G1 E-1.75 F6000
;WIPE_START
G1 X102 Y125.861 E-.07409
G1 X102.9 Y125.814 E-.67592
;WIPE_END
; AFTER_LAYER_CHANGE 39 @ 8.04mm
;_SET_FAN_SPEED_CHANGING_LAYER
; printing object mid_plate.stl id:1992740639744 copy 0
G17
G3 Z8.24 I-.608 J.032 P1  F18000
G1 X102.941 Y126.589 Z8.24
G1 X102.273 Y126.624
G1 X102 Y126.638
G1 X102 Y127.04
G1 Z8.04
G1 E2.5 F6000
M204 P1000
;TYPE:Outer wall
;WIDTH:0.42
G1 F3600
G1 X100.219 Y126.946 E.05313
G1 X98.457 Y126.667 E.05313
G1 X96.734 Y126.206 E.05312
G1 X95.069 Y125.567 E.05313
G1 X93.48 Y124.757 E.05313
G1 X91.984 Y123.785 E.05313
G1 X90.598 Y122.663 E.05313
G1 X89.337 Y121.402 E.05312
G1 X88.215 Y120.016 E.05313
G1 X87.243 Y118.52 E.05313
G1 X86.433 Y116.931 E.05313
G1 X85.794 Y115.266 E.05313
G1 X85.333 Y113.543 E.05313
G1 X85.054 Y111.781 E.05313
G1 X84.96 Y110 E.05313
G1 X85.054 Y108.219 E.05313
G1 X85.333 Y106.457 E.05313
G1 X85.794 Y104.734 E.05313
G1 X86.433 Y103.069 E.05313
G1 X87.243 Y101.48 E.05313
G1 X88.215 Y99.984 E.05313
G1 X89.337 Y98.598 E.05313
G1 X90.598 Y97.337 E.05312
G1 X91.984 Y96.215 E.05313
G1 X93.48 Y95.243 E.05313
G1 X95.069 Y94.433 E.05313
G1 X96.734 Y93.794 E.05313
G1 X98.457 Y93.333 E.05312
G1 X100.219 Y93.054 E.05313
G1 X102 Y92.96 E.05313
G1 X103.328 Y93.03 E.03961
G1 X103.781 Y93.054 E.01352
G1 X105.543 Y93.333 E.05313
G1 X107.266 Y93.794 E.05313
G1 X108.931 Y94.433 E.05313
G1 X110.52 Y95.243 E.05313
G1 X112.016 Y96.215 E.05313
G1 X113.402 Y97.337 E.05313
G1 X114.663 Y98.598 E.05313
G1 X115.785 Y99.984 E.05313
G1 X116.757 Y101.48 E.05313
G1 X117.567 Y103.069 E.05313
G1 X118.206 Y104.734 E.05313
G1 X118.667 Y106.457 E.05313
G1 X118.946 Y108.219 E.05313
G1 X119.04 Y110 E.05313
G1 X118.946 Y111.781 E.05313
G1 X118.667 Y113.543 E.05313
G1 X118.206 Y115.266 E.05313
G1 X117.567 Y116.931 E.05313
G1 X116.757 Y118.52 E.05313
G1 X115.785 Y120.016 E.05313
G1 X114.663 Y121.402 E.05313
G1 X113.402 Y122.663 E.05313
G1 X112.016 Y123.785 E.05313
G1 X110.52 Y124.757 E.05313
G1 X108.931 Y125.567 E.05313
G1 X107.266 Y126.206 E.05313
G1 X105.543 Y126.667 E.05313
G1 X103.781 Y126.946 E.05313
G1 X102.06 Y127.037 E.05134
G1 X102.039 Y126.636 F18000
G1 X102 Y126.638
G1 X102 Y126.638
G1 X102 Y126.647
M204 P1500
;TYPE:Inner wall
;WIDTH:0.45
G1 F3730
G1 X100.26 Y126.556 E.05603
G1 X98.539 Y126.283 E.05603
G1 X96.856 Y125.832 E.05603
G1 X95.229 Y125.208 E.05603
G1 X93.676 Y124.417 E.05603
G1 X92.215 Y123.468 E.05603
G1 X90.861 Y122.371 E.05603
G1 X89.629 Y121.139 E.05603
G1 X88.532 Y119.785 E.05603
G1 X87.583 Y118.324 E.05603
G1 X86.792 Y116.771 E.05603
G1 X86.168 Y115.144 E.05603
G1 X85.717 Y113.461 E.05603
G1 X85.444 Y111.74 E.05603
G1 X85.353 Y110 E.05603
G1 X85.444 Y108.26 E.05603
G1 X85.717 Y106.539 E.05603
G1 X86.168 Y104.856 E.05603
G1 X86.792 Y103.229 E.05603
G1 X87.583 Y101.676 E.05603
G1 X88.532 Y100.215 E.05603
G1 X89.629 Y98.861 E.05603
G1 X90.861 Y97.629 E.05603
G1 X92.215 Y96.532 E.05603
G1 X93.676 Y95.583 E.05603
G1 X95.229 Y94.792 E.05603
G1 X96.856 Y94.168 E.05603
G1 X98.539 Y93.717 E.05603
G1 X100.26 Y93.444 E.05603
G1 X102 Y93.353 E.05603
G1 X103.307 Y93.421 E.0421
G1 X103.74 Y93.444 E.01394
G1 X105.461 Y93.717 E.05603
G1 X107.144 Y94.168 E.05603
G1 X108.771 Y94.792 E.05603
G1 X110.324 Y95.583 E.05603
G1 X111.785 Y96.532 E.05603
G1 X113.139 Y97.629 E.05603
G1 X114.371 Y98.861 E.05603
G1 X115.468 Y100.215 E.05603
G1 X116.417 Y101.676 E.05603
G1 X117.208 Y103.229 E.05603
G1 X117.832 Y104.856 E.05603
G1 X118.283 Y106.539 E.05603
G1 X118.556 Y108.26 E.05603
G1 X118.647 Y110 E.05603
G1 X118.556 Y111.74 E.05603
G1 X118.283 Y113.461 E.05603
G1 X117.832 Y115.144 E.05603
G1 X117.208 Y116.771 E.05603
G1 X116.417 Y118.324 E.05603
G1 X115.468 Y119.785 E.05603
G1 X114.371 Y121.139 E.05603
G1 X113.139 Y122.371 E.05603
G1 X111.785 Y123.468 E.05603
G1 X110.324 Y124.417 E.05603
G1 X108.771 Y125.208 E.05603
G1 X107.144 Y125.832 E.05603
G1 X105.461 Y126.283 E.05603
G1 X103.74 Y126.556 E.05603
G1 X102.06 Y126.644 E.0541
G1 X102 Y126.239 F18000
G1 F3730
G1 X100.303 Y126.15 E.05466
G1 X98.624 Y125.885 E.05466
G1 X96.982 Y125.445 E.05466
G1 X95.395 Y124.836 E.05466
G1 X93.88 Y124.064 E.05466
G1 X92.455 Y123.138 E.05466
G1 X91.134 Y122.068 E.05466
G1 X89.932 Y120.866 E.05466
G1 X88.862 Y119.545 E.05466
G1 X87.936 Y118.12 E.05466
G1 X87.164 Y116.605 E.05466
G1 X86.555 Y115.018 E.05466
G1 X86.115 Y113.376 E.05466
G1 X85.85 Y111.697 E.05466
G1 X85.761 Y110 E.05466
G1 X85.85 Y108.303 E.05466
G1 X86.115 Y106.624 E.05466
G1 X86.555 Y104.982 E.05466
G1 X87.164 Y103.395 E.05466
G1 X87.936 Y101.88 E.05466
G1 X88.862 Y100.455 E.05466
G1 X89.932 Y99.134 E.05466
G1 X91.134 Y97.932 E.05466
G1 X92.455 Y96.862 E.05466
G1 X93.88 Y95.936 E.05466
G1 X95.395 Y95.164 E.05466
G1 X96.982 Y94.555 E.05466
G1 X98.624 Y94.115 E.05466
G1 X100.303 Y93.85 E.05466
G1 X102 Y93.761 E.05466
G1 X103.286 Y93.828 E.04141
G1 X103.697 Y93.85 E.01325
G1 X105.376 Y94.115 E.05466
G1 X107.018 Y94.555 E.05466
G1 X108.605 Y95.164 E.05466
G1 X110.12 Y95.936 E.05466
G1 X111.545 Y96.862 E.05466
G1 X112.866 Y97.932 E.05466
G1 X114.068 Y99.134 E.05466
G1 X115.138 Y100.455 E.05466
G1 X116.064 Y101.88 E.05466
G1 X116.835 Y103.395 E.05466
G1 X117.445 Y104.982 E.05466
G1 X117.885 Y106.624 E.05466
G1 X118.15 Y108.303 E.05466
G1 X118.239 Y110 E.05466
G1 X118.15 Y111.697 E.05466
G1 X117.885 Y113.376 E.05466
G1 X117.445 Y115.018 E.05466
G1 X116.835 Y116.605 E.05466
G1 X116.064 Y118.12 E.05466
G1 X115.138 Y119.545 E.05466
G1 X114.068 Y120.866 E.05466
G1 X112.866 Y122.068 E.05466
G1 X111.545 Y123.138 E.05466
G1 X110.12 Y124.064 E.05466
G1 X108.605 Y124.836 E.05466
G1 X107.018 Y125.445 E.05466
G1 X105.376 Y125.885 E.05466
G1 X103.697 Y126.15 E.05466
G1 X102.06 Y126.236 E.05273
G1 E-1.75 F6000
;WIPE_START
G1 X101.061 Y126.188 E-.75
;WIPE_END
G1 X101.102 Y125.415 Z8.24 F18000
G1 X101.663 Y125.444
G1 X101.979 Y125.461
G1 X102 Y125.06
G1 Z8.04
G1 E2.5 F6000
M204 P1000
;TYPE:Outer wall
;WIDTH:0.42
G1 F3600
G1 X103.574 Y124.978 E.04696
G1 X105.131 Y124.731 E.04696
G1 X106.654 Y124.323 E.04696
G1 X108.126 Y123.758 E.04696
G1 X109.53 Y123.043 E.04696
G1 X110.852 Y122.184 E.04696
G1 X112.077 Y121.192 E.04696
G1 X113.192 Y120.077 E.04696
G1 X114.184 Y118.852 E.04696
G1 X115.043 Y117.53 E.04696
G1 X115.758 Y116.126 E.04696
G1 X116.323 Y114.654 E.04696
G1 X116.731 Y113.131 E.04696
G1 X116.978 Y111.574 E.04696
G1 X117.06 Y110 E.04696
G1 X116.978 Y108.426 E.04696
G1 X116.731 Y106.869 E.04696
G1 X116.323 Y105.346 E.04696
G1 X115.758 Y103.874 E.04696
G1 X115.043 Y102.47 E.04696
G1 X114.184 Y101.148 E.04696
G1 X113.192 Y99.923 E.04696
G1 X112.077 Y98.808 E.04696
G1 X110.852 Y97.816 E.04696
G1 X109.53 Y96.957 E.04696
G1 X108.126 Y96.242 E.04696
G1 X106.654 Y95.677 E.04696
G1 X105.131 Y95.269 E.04696
G1 X103.574 Y95.022 E.04696
G1 X102 Y94.94 E.04696
G1 X100.839 Y95 E.03463
G1 X100.426 Y95.022 E.01233
G1 X98.869 Y95.269 E.04696
G1 X97.346 Y95.677 E.04696
G1 X95.874 Y96.242 E.04696
G1 X94.47 Y96.957 E.04695
G1 X93.148 Y97.816 E.04696
G1 X91.923 Y98.808 E.04696
G1 X90.808 Y99.923 E.04696
G1 X89.816 Y101.148 E.04696
G1 X88.957 Y102.47 E.04696
G1 X88.242 Y103.874 E.04696
G1 X87.677 Y105.346 E.04696
G1 X87.269 Y106.869 E.04696
G1 X87.022 Y108.426 E.04696
G1 X86.94 Y110 E.04696
G1 X87.022 Y111.574 E.04696
G1 X87.269 Y113.131 E.04696
G1 X87.677 Y114.654 E.04696
G1 X88.242 Y116.126 E.04696
G1 X88.957 Y117.53 E.04696
G1 X89.816 Y118.852 E.04696
G1 X90.808 Y120.077 E.04696
G1 X91.923 Y121.192 E.04696
G1 X93.148 Y122.184 E.04696
G1 X94.47 Y123.043 E.04696
G1 X95.874 Y123.758 E.04695
G1 X97.346 Y124.323 E.04696
G1 X98.869 Y124.731 E.04696
G1 X100.426 Y124.978 E.04696
G1 X101.94 Y125.057 E.04517
G1 X101.919 Y125.457 F18000
G1 X101.981 Y125.461
G1 X101.981 Y125.452
M204 P1500
;TYPE:Inner wall
;WIDTH:0.45
G1 F3730
G1 X102 Y125.453 E.00061
G1 X103.615 Y125.368 E.05201
G1 X105.213 Y125.115 E.05201
G1 X106.775 Y124.697 E.05201
G1 X108.285 Y124.117 E.05201
G1 X109.727 Y123.383 E.05201
G1 X111.083 Y122.502 E.05201
G1 X112.34 Y121.484 E.05201
G1 X113.484 Y120.34 E.05201
G1 X114.502 Y119.083 E.05201
G1 X115.383 Y117.727 E.05201
G1 X116.117 Y116.285 E.05201
G1 X116.697 Y114.775 E.05201
G1 X117.115 Y113.213 E.05201
G1 X117.368 Y111.615 E.05201
G1 X117.453 Y110 E.05201
G1 X117.368 Y108.385 E.05201
G1 X117.115 Y106.787 E.05201
G1 X116.697 Y105.225 E.05201
G1 X116.117 Y103.715 E.05201
G1 X115.383 Y102.273 E.05201
G1 X114.502 Y100.917 E.05201
G1 X113.484 Y99.66 E.05201
G1 X112.34 Y98.516 E.05201
G1 X111.083 Y97.498 E.05201
G1 X109.727 Y96.617 E.05201
G1 X108.285 Y95.883 E.05201
G1 X106.775 Y95.303 E.05201
G1 X105.213 Y94.885 E.05201
G1 X103.615 Y94.632 E.05201
G1 X102 Y94.547 E.05201
G1 X100.818 Y94.609 E.03805
G1 X100.385 Y94.632 E.01397
G1 X98.787 Y94.885 E.05201
G1 X97.225 Y95.303 E.05201
G1 X95.715 Y95.883 E.05201
G1 X94.273 Y96.617 E.05201
G1 X92.917 Y97.498 E.05201
G1 X91.66 Y98.516 E.05201
G1 X90.516 Y99.66 E.05201
G1 X89.498 Y100.917 E.05201
G1 X88.617 Y102.273 E.05201
G1 X87.883 Y103.715 E.05201
G1 X87.303 Y105.225 E.05201
G1 X86.885 Y106.787 E.05201
G1 X86.632 Y108.385 E.05201
G1 X86.547 Y110 E.05201
G1 X86.632 Y111.615 E.05201
G1 X86.885 Y113.213 E.05201
G1 X87.303 Y114.775 E.05201
G1 X87.883 Y116.285 E.05201
G1 X88.617 Y117.727 E.05201
G1 X89.498 Y119.083 E.05201
G1 X90.516 Y120.34 E.05201
G1 X91.66 Y121.484 E.05201
G1 X92.917 Y122.502 E.05201
G1 X94.273 Y123.383 E.05201
G1 X95.715 Y124.117 E.05201
G1 X97.225 Y124.697 E.05201
G1 X98.787 Y125.115 E.05201
G1 X100.385 Y125.368 E.05201
G1 X101.921 Y125.449 E.04947
G1 X101.961 Y125.859 F18000
G1 F3730
G1 X102 Y125.861 E.00125
G1 X103.658 Y125.774 E.05338
G1 X105.298 Y125.514 E.05339
G1 X106.901 Y125.084 E.05338
G1 X108.451 Y124.489 E.05338
G1 X109.93 Y123.736 E.05339
G1 X111.323 Y122.832 E.05339
G1 X112.613 Y121.787 E.05338
G1 X113.787 Y120.613 E.05339
G1 X114.832 Y119.323 E.05338
G1 X115.736 Y117.93 E.05339
G1 X116.489 Y116.451 E.05339
G1 X117.084 Y114.901 E.05338
G1 X117.514 Y113.298 E.05338
G1 X117.774 Y111.658 E.05339
G1 X117.861 Y110 E.05338
G1 X117.774 Y108.342 E.05338
G1 X117.514 Y106.702 E.05339
G1 X117.084 Y105.099 E.05338
G1 X116.489 Y103.549 E.05338
G1 X115.736 Y102.07 E.05339
G1 X114.832 Y100.677 E.05339
G1 X113.787 Y99.387 E.05338
G1 X112.613 Y98.213 E.05339
G1 X111.323 Y97.168 E.05338
G1 X109.93 Y96.264 E.05339
G1 X108.451 Y95.511 E.05339
G1 X106.901 Y94.916 E.05338
G1 X105.298 Y94.486 E.05338
G1 X103.658 Y94.226 E.05339
G1 X102 Y94.139 E.05338
G1 X100.797 Y94.202 E.03873
G1 X100.342 Y94.226 E.01465
G1 X98.702 Y94.486 E.05339
G1 X97.099 Y94.916 E.05339
G1 X95.549 Y95.511 E.05339
G1 X94.07 Y96.264 E.05338
G1 X92.677 Y97.168 E.05338
G1 X91.387 Y98.213 E.05339
G1 X90.213 Y99.387 E.05339
G1 X89.168 Y100.677 E.05338
G1 X88.264 Y102.07 E.05339
G1 X87.511 Y103.549 E.05339
G1 X86.916 Y105.099 E.05338
G1 X86.486 Y106.702 E.05338
G1 X86.226 Y108.342 E.05339
G1 X86.139 Y110 E.05338
G1 X86.226 Y111.658 E.05338
G1 X86.486 Y113.298 E.05339
G1 X86.916 Y114.901 E.05338
G1 X87.511 Y116.451 E.05338
G1 X88.264 Y117.93 E.05339
G1 X89.168 Y119.323 E.05339
G1 X90.213 Y120.613 E.05338
G1 X91.387 Y121.787 E.05339
G1 X92.677 Y122.832 E.05339
G1 X94.07 Y123.736 E.05338
G1 X95.549 Y124.489 E.05338
G1 X97.099 Y125.084 E.05339
G1 X98.702 Y125.514 E.05339
G1 X100.342 Y125.774 E.05339
G1 X101.901 Y125.856 E.05021
; stop printing object mid_plate.stl id:1992740639744 copy 0
;LAYER_CHANGE
;Z:8.24
;HEIGHT:0.2
G92 E0 ; zero the extruded length again
; BEFORE_LAYER_CHANGE 40 @ 8.24mm
G1 E-1.75 F6000
;WIPE_START
G1 X102 Y125.861 E-.07409
G1 X102.9 Y125.814 E-.67592
;WIPE_END
; AFTER_LAYER_CHANGE 40 @ 8.24mm
;_SET_FAN_SPEED_CHANGING_LAYER
; printing object mid_plate.stl id:1992740639744 copy 0
G17
G3 Z8.44 I-.608 J.032 P1  F18000
G1 X102.941 Y126.589 Z8.44
G1 X102.273 Y126.624
G1 X102 Y126.638
G1 X102 Y127.04
G1 Z8.24
G1 E2.5 F6000
M204 P1000
;TYPE:Outer wall
;WIDTH:0.42
G1 F3600
G1 X100.219 Y126.946 E.05313
G1 X98.457 Y126.667 E.05313
G1 X96.734 Y126.206 E.05312
G1 X95.069 Y125.567 E.05313
G1 X93.48 Y124.757 E.05313
G1 X91.984 Y123.785 E.05313
G1 X90.598 Y122.663 E.05313
G1 X89.337 Y121.402 E.05312
G1 X88.215 Y120.016 E.05313
G1 X87.243 Y118.52 E.05313
G1 X86.433 Y116.931 E.05313
G1 X85.794 Y115.266 E.05313
G1 X85.333 Y113.543 E.05313
G1 X85.054 Y111.781 E.05313
G1 X84.96 Y110 E.05313
G1 X85.054 Y108.219 E.05313
G1 X85.333 Y106.457 E.05313
G1 X85.794 Y104.734 E.05313
G1 X86.433 Y103.069 E.05313
G1 X87.243 Y101.48 E.05313
G1 X88.215 Y99.984 E.05313
G1 X89.337 Y98.598 E.05313
G1 X90.598 Y97.337 E.05312
G1 X91.984 Y96.215 E.05313
G1 X93.48 Y95.243 E.05313
G1 X95.069 Y94.433 E.05313
G1 X96.734 Y93.794 E.05313
G1 X98.457 Y93.333 E.05312
G1 X100.219 Y93.054 E.05313
G1 X102 Y92.96 E.05313
G1 X103.373 Y93.032 E.04095
G1 X103.781 Y93.054 E.01218
G1 X105.543 Y93.333 E.05313
G1 X107.266 Y93.794 E.05313
G1 X108.931 Y94.433 E.05313
G1 X110.52 Y95.243 E.05313
G1 X112.016 Y96.215 E.05313
G1 X113.402 Y97.337 E.05313
G1 X114.663 Y98.598 E.05313
G1 X115.785 Y99.984 E.05313
G1 X116.757 Y101.48 E.05313
G1 X117.567 Y103.069 E.05313
G1 X118.206 Y104.734 E.05313
G1 X118.667 Y106.457 E.05313
G1 X118.946 Y108.219 E.05313
G1 X119.04 Y110 E.05313
G1 X118.946 Y111.781 E.05313
G1 X118.667 Y113.543 E.05313
G1 X118.206 Y115.266 E.05313
G1 X117.567 Y116.931 E.05313
G1 X116.757 Y118.52 E.05313
G1 X115.785 Y120.016 E.05313
G1 X114.663 Y121.402 E.05313
G1 X113.402 Y122.663 E.05313
G1 X112.016 Y123.785 E.05313
G1 X110.52 Y124.757 E.05313
G1 X108.931 Y125.567 E.05313
G1 X107.266 Y126.206 E.05313
G1 X105.543 Y126.667 E.05313
G1 X103.781 Y126.946 E.05313
G1 X102.06 Y127.037 E.05134
G1 X102.039 Y126.636 F18000
G1 X102 Y126.638
G1 X102 Y126.638
G1 X102 Y126.647
M204 P1500
;TYPE:Inner wall
;WIDTH:0.45
G1 F3730
G1 X100.26 Y126.556 E.05603
G1 X98.539 Y126.283 E.05603
G1 X96.856 Y125.832 E.05603
G1 X95.229 Y125.208 E.05603
G1 X93.676 Y124.417 E.05603
G1 X92.215 Y123.468 E.05603
G1 X90.861 Y122.371 E.05603
G1 X89.629 Y121.139 E.05603
G1 X88.532 Y119.785 E.05603
G1 X87.583 Y118.324 E.05603
G1 X86.792 Y116.771 E.05603
G1 X86.168 Y115.144 E.05603
G1 X85.717 Y113.461 E.05603
G1 X85.444 Y111.74 E.05603
G1 X85.353 Y110 E.05603
G1 X85.444 Y108.26 E.05603
G1 X85.717 Y106.539 E.05603
G1 X86.168 Y104.856 E.05603
G1 X86.792 Y103.229 E.05603
G1 X87.583 Y101.676 E.05603
G1 X88.532 Y100.215 E.05603
G1 X89.629 Y98.861 E.05603
G1 X90.861 Y97.629 E.05603
G1 X92.215 Y96.532 E.05603
G1 X93.676 Y95.583 E.05603
G1 X95.229 Y94.792 E.05603
G1 X96.856 Y94.168 E.05603
G1 X98.539 Y93.717 E.05603
G1 X100.26 Y93.444 E.05603
G1 X102 Y93.353 E.05603
G1 X103.352 Y93.424 E.04355
G1 X103.74 Y93.444 E.01248
G1 X105.461 Y93.717 E.05603
G1 X107.144 Y94.168 E.05603
G1 X108.771 Y94.792 E.05603
G1 X110.324 Y95.583 E.05603
G1 X111.785 Y96.532 E.05603
G1 X113.139 Y97.629 E.05603
G1 X114.371 Y98.861 E.05603
G1 X115.468 Y100.215 E.05603
G1 X116.417 Y101.676 E.05603
G1 X117.208 Y103.229 E.05603
G1 X117.832 Y104.856 E.05603
G1 X118.283 Y106.539 E.05603
G1 X118.556 Y108.26 E.05603
G1 X118.647 Y110 E.05603
G1 X118.556 Y111.74 E.05603
G1 X118.283 Y113.461 E.05603
G1 X117.832 Y115.144 E.05603
G1 X117.208 Y116.771 E.05603
G1 X116.417 Y118.324 E.05603
G1 X115.468 Y119.785 E.05603
G1 X114.371 Y121.139 E.05603
G1 X113.139 Y122.371 E.05603
G1 X111.785 Y123.468 E.05603
G1 X110.324 Y124.417 E.05603
G1 X108.771 Y125.208 E.05603
G1 X107.144 Y125.832 E.05603
G1 X105.461 Y126.283 E.05603
G1 X103.74 Y126.556 E.05603
G1 X102.06 Y126.644 E.0541
G1 X102 Y126.239 F18000
G1 F3730
G1 X100.303 Y126.15 E.05466
G1 X98.624 Y125.885 E.05466
G1 X96.982 Y125.445 E.05466
G1 X95.395 Y124.836 E.05466
G1 X93.88 Y124.064 E.05466
G1 X92.455 Y123.138 E.05466
G1 X91.134 Y122.068 E.05466
G1 X89.932 Y120.866 E.05466
G1 X88.862 Y119.545 E.05466
G1 X87.936 Y118.12 E.05466
G1 X87.164 Y116.605 E.05466
G1 X86.555 Y115.018 E.05466
G1 X86.115 Y113.376 E.05466
G1 X85.85 Y111.697 E.05466
G1 X85.761 Y110 E.05466
G1 X85.85 Y108.303 E.05466
G1 X86.115 Y106.624 E.05466
G1 X86.555 Y104.982 E.05466
G1 X87.164 Y103.395 E.05466
G1 X87.936 Y101.88 E.05466
G1 X88.862 Y100.455 E.05466
G1 X89.932 Y99.134 E.05466
G1 X91.134 Y97.932 E.05466
G1 X92.455 Y96.862 E.05466
G1 X93.88 Y95.936 E.05466
G1 X95.395 Y95.164 E.05466
G1 X96.982 Y94.555 E.05466
G1 X98.624 Y94.115 E.05466
G1 X100.303 Y93.85 E.05466
G1 X102 Y93.761 E.05466
G1 X103.331 Y93.83 E.04286
G1 X103.697 Y93.85 E.0118
G1 X105.376 Y94.115 E.05466
G1 X107.018 Y94.555 E.05466
G1 X108.605 Y95.164 E.05466
G1 X110.12 Y95.936 E.05466
G1 X111.545 Y96.862 E.05466
G1 X112.866 Y97.932 E.05466
G1 X114.068 Y99.134 E.05466
G1 X115.138 Y100.455 E.05466
G1 X116.064 Y101.88 E.05466
G1 X116.835 Y103.395 E.05466
G1 X117.445 Y104.982 E.05466
G1 X117.885 Y106.624 E.05466
G1 X118.15 Y108.303 E.05466
G1 X118.239 Y110 E.05466
G1 X118.15 Y111.697 E.05466
G1 X117.885 Y113.376 E.05466
G1 X117.445 Y115.018 E.05466
G1 X116.835 Y116.605 E.05466
G1 X116.064 Y118.12 E.05466
G1 X115.138 Y119.545 E.05466
G1 X114.068 Y120.866 E.05466
G1 X112.866 Y122.068 E.05466
G1 X111.545 Y123.138 E.05466
G1 X110.12 Y124.064 E.05466
G1 X108.605 Y124.836 E.05466
G1 X107.018 Y125.445 E.05466
G1 X105.376 Y125.885 E.05466
G1 X103.697 Y126.15 E.05466
G1 X102.06 Y126.236 E.05273
G1 E-1.75 F6000
;WIPE_START
G1 X101.061 Y126.188 E-.75
;WIPE_END
G1 X101.102 Y125.415 Z8.44 F18000
G1 X101.663 Y125.444
G1 X101.979 Y125.461
G1 X102 Y125.06
G1 Z8.24
G1 E2.5 F6000
M204 P1000
;TYPE:Outer wall
;WIDTH:0.42
G1 F3600
G1 X103.574 Y124.978 E.04696
G1 X105.131 Y124.731 E.04696
G1 X106.654 Y124.323 E.04696
G1 X108.126 Y123.758 E.04696
G1 X109.53 Y123.043 E.04696
G1 X110.852 Y122.184 E.04696
G1 X112.077 Y121.192 E.04696
G1 X113.192 Y120.077 E.04696
G1 X114.184 Y118.852 E.04696
G1 X115.043 Y117.53 E.04696
G1 X115.758 Y116.126 E.04696
G1 X116.323 Y114.654 E.04696
G1 X116.731 Y113.131 E.04696
G1 X116.978 Y111.574 E.04696
G1 X117.06 Y110 E.04696
G1 X116.978 Y108.426 E.04696
G1 X116.731 Y106.869 E.04696
G1 X116.323 Y105.346 E.04696
G1 X115.758 Y103.874 E.04696
G1 X115.043 Y102.47 E.04696
G1 X114.184 Y101.148 E.04696
G1 X113.192 Y99.923 E.04696
G1 X112.077 Y98.808 E.04696
G1 X110.852 Y97.816 E.04696
G1 X109.53 Y96.957 E.04696
G1 X108.126 Y96.242 E.04696
G1 X106.654 Y95.677 E.04696
G1 X105.131 Y95.269 E.04696
G1 X103.574 Y95.022 E.04696
G1 X102 Y94.94 E.04696
G1 X100.8 Y95.002 E.03578
G1 X100.426 Y95.022 E.01118
G1 X98.869 Y95.269 E.04696
G1 X97.346 Y95.677 E.04696
G1 X95.874 Y96.242 E.04696
G1 X94.47 Y96.957 E.04695
G1 X93.148 Y97.816 E.04696
G1 X91.923 Y98.808 E.04696
G1 X90.808 Y99.923 E.04696
G1 X89.816 Y101.148 E.04696
G1 X88.957 Y102.47 E.04696
G1 X88.242 Y103.874 E.04696
G1 X87.677 Y105.346 E.04696
G1 X87.269 Y106.869 E.04696
G1 X87.022 Y108.426 E.04696
G1 X86.94 Y110 E.04696
G1 X87.022 Y111.574 E.04696
G1 X87.269 Y113.131 E.04696
G1 X87.677 Y114.654 E.04696
G1 X88.242 Y116.126 E.04696
G1 X88.957 Y117.53 E.04696
G1 X89.816 Y118.852 E.04696
G1 X90.808 Y120.077 E.04696
G1 X91.923 Y121.192 E.04696
G1 X93.148 Y122.184 E.04696
G1 X94.47 Y123.043 E.04696
G1 X95.874 Y123.758 E.04695
G1 X97.346 Y124.323 E.04696
G1 X98.869 Y124.731 E.04696
G1 X100.426 Y124.978 E.04696
G1 X101.94 Y125.057 E.04517
G1 X101.919 Y125.457 F18000
G1 X101.981 Y125.461
G1 X101.981 Y125.452
M204 P1500
;TYPE:Inner wall
;WIDTH:0.45
G1 F3730
G1 X102 Y125.453 E.00061
G1 X103.615 Y125.368 E.05201
G1 X105.213 Y125.115 E.05201
G1 X106.775 Y124.697 E.05201
G1 X108.285 Y124.117 E.05201
G1 X109.727 Y123.383 E.05201
G1 X111.083 Y122.502 E.05201
G1 X112.34 Y121.484 E.05201
G1 X113.484 Y120.34 E.05201
G1 X114.502 Y119.083 E.05201
G1 X115.383 Y117.727 E.05201
G1 X116.117 Y116.285 E.05201
G1 X116.697 Y114.775 E.05201
G1 X117.115 Y113.213 E.05201
G1 X117.368 Y111.615 E.05201
G1 X117.453 Y110 E.05201
G1 X117.368 Y108.385 E.05201
G1 X117.115 Y106.787 E.05201
G1 X116.697 Y105.225 E.05201
G1 X116.117 Y103.715 E.05201
G1 X115.383 Y102.273 E.05201
G1 X114.502 Y100.917 E.05201
G1 X113.484 Y99.66 E.05201
G1 X112.34 Y98.516 E.05201
G1 X111.083 Y97.498 E.05201
G1 X109.727 Y96.617 E.05201
G1 X108.285 Y95.883 E.05201
G1 X106.775 Y95.303 E.05201
G1 X105.213 Y94.885 E.05201
G1 X103.615 Y94.632 E.05201
G1 X102 Y94.547 E.05201
G1 X100.78 Y94.611 E.03929
G1 X100.385 Y94.632 E.01273
G1 X98.787 Y94.885 E.05201
G1 X97.225 Y95.303 E.05201
G1 X95.715 Y95.883 E.05201
G1 X94.273 Y96.617 E.05201
G1 X92.917 Y97.498 E.05201
G1 X91.66 Y98.516 E.05201
G1 X90.516 Y99.66 E.05201
G1 X89.498 Y100.917 E.05201
G1 X88.617 Y102.273 E.05201
G1 X87.883 Y103.715 E.05201
G1 X87.303 Y105.225 E.05201
G1 X86.885 Y106.787 E.05201
G1 X86.632 Y108.385 E.05201
G1 X86.547 Y110 E.05201
G1 X86.632 Y111.615 E.05201
G1 X86.885 Y113.213 E.05201
G1 X87.303 Y114.775 E.05201
G1 X87.883 Y116.285 E.05201
G1 X88.617 Y117.727 E.05201
G1 X89.498 Y119.083 E.05201
G1 X90.516 Y120.34 E.05201
G1 X91.66 Y121.484 E.05201
G1 X92.917 Y122.502 E.05201
G1 X94.273 Y123.383 E.05201
G1 X95.715 Y124.117 E.05201
G1 X97.225 Y124.697 E.05201
G1 X98.787 Y125.115 E.05201
G1 X100.385 Y125.368 E.05201
G1 X101.921 Y125.449 E.04947
G1 X101.961 Y125.859 F18000
G1 F3730
G1 X102 Y125.861 E.00125
G1 X103.658 Y125.774 E.05338
G1 X105.298 Y125.514 E.05339
G1 X106.901 Y125.084 E.05338
G1 X108.451 Y124.489 E.05338
G1 X109.93 Y123.736 E.05339
G1 X111.323 Y122.832 E.05339
G1 X112.613 Y121.787 E.05338
G1 X113.787 Y120.613 E.05339
G1 X114.832 Y119.323 E.05338
G1 X115.736 Y117.93 E.05339
G1 X116.489 Y116.451 E.05339
G1 X117.084 Y114.901 E.05338
G1 X117.514 Y113.298 E.05338
G1 X117.774 Y111.658 E.05339
G1 X117.861 Y110 E.05338
G1 X117.774 Y108.342 E.05338
G1 X117.514 Y106.702 E.05339
G1 X117.084 Y105.099 E.05338
G1 X116.489 Y103.549 E.05338
G1 X115.736 Y102.07 E.05339
G1 X114.832 Y100.677 E.05339
G1 X113.787 Y99.387 E.05338
G1 X112.613 Y98.213 E.05339
G1 X111.323 Y97.168 E.05338
G1 X109.93 Y96.264 E.05339
G1 X108.451 Y95.511 E.05339
G1 X106.901 Y94.916 E.05338
G1 X105.298 Y94.486 E.05338
G1 X103.658 Y94.226 E.05339
G1 X102 Y94.139 E.05338
G1 X100.759 Y94.204 E.03997
G1 X100.342 Y94.226 E.01341
G1 X98.702 Y94.486 E.05339
G1 X97.099 Y94.916 E.05339
G1 X95.549 Y95.511 E.05339
G1 X94.07 Y96.264 E.05338
G1 X92.677 Y97.168 E.05338
G1 X91.387 Y98.213 E.05339
G1 X90.213 Y99.387 E.05339
G1 X89.168 Y100.677 E.05338
G1 X88.264 Y102.07 E.05339
G1 X87.511 Y103.549 E.05339
G1 X86.916 Y105.099 E.05338
G1 X86.486 Y106.702 E.05338
G1 X86.226 Y108.342 E.05339
G1 X86.139 Y110 E.05338
G1 X86.226 Y111.658 E.05338
G1 X86.486 Y113.298 E.05339
G1 X86.916 Y114.901 E.05338
G1 X87.511 Y116.451 E.05338
G1 X88.264 Y117.93 E.05339
G1 X89.168 Y119.323 E.05339
G1 X90.213 Y120.613 E.05338
G1 X91.387 Y121.787 E.05339
G1 X92.677 Y122.832 E.05339
G1 X94.07 Y123.736 E.05338
G1 X95.549 Y124.489 E.05338
G1 X97.099 Y125.084 E.05339
G1 X98.702 Y125.514 E.05339
G1 X100.342 Y125.774 E.05339
G1 X101.901 Y125.856 E.05021
; stop printing object mid_plate.stl id:1992740639744 copy 0
;LAYER_CHANGE
;Z:8.44
;HEIGHT:0.2
G92 E0 ; zero the extruded length again
; BEFORE_LAYER_CHANGE 41 @ 8.44mm
G1 E-1.75 F6000
;WIPE_START
G1 X102 Y125.861 E-.07409
G1 X102.9 Y125.814 E-.67592
;WIPE_END
; AFTER_LAYER_CHANGE 41 @ 8.44mm
;_SET_FAN_SPEED_CHANGING_LAYER
; printing object mid_plate.stl id:1992740639744 copy 0
G17
G3 Z8.64 I-.608 J.032 P1  F18000
G1 X102.941 Y126.589 Z8.64
G1 X102.273 Y126.624
G1 X102 Y126.638
G1 X102 Y127.04
G1 Z8.44
G1 E2.5 F6000
M204 P1000
;TYPE:Outer wall
;WIDTH:0.42
G1 F3600
G1 X100.219 Y126.946 E.05313
G1 X98.457 Y126.667 E.05313
G1 X96.734 Y126.206 E.05312
G1 X95.069 Y125.567 E.05313
G1 X93.48 Y124.757 E.05313
G1 X91.984 Y123.785 E.05313
G1 X90.598 Y122.663 E.05313
G1 X89.337 Y121.402 E.05312
G1 X88.215 Y120.016 E.05313
G1 X87.243 Y118.52 E.05313
G1 X86.433 Y116.931 E.05313
G1 X85.794 Y115.266 E.05313
G1 X85.333 Y113.543 E.05313
G1 X85.054 Y111.781 E.05313
G1 X84.96 Y110 E.05313
G1 X85.054 Y108.219 E.05313
G1 X85.333 Y106.457 E.05313
G1 X85.794 Y104.734 E.05313
G1 X86.433 Y103.069 E.05313
G1 X87.243 Y101.48 E.05313
G1 X88.215 Y99.984 E.05313
G1 X89.337 Y98.598 E.05313
G1 X90.598 Y97.337 E.05312
G1 X91.984 Y96.215 E.05313
G1 X93.48 Y95.243 E.05313
G1 X95.069 Y94.433 E.05313
G1 X96.734 Y93.794 E.05313
G1 X98.457 Y93.333 E.05312
G1 X100.219 Y93.054 E.05313
G1 X102 Y92.96 E.05313
G1 X103.418 Y93.035 E.04229
G1 X103.781 Y93.054 E.01083
G1 X105.543 Y93.333 E.05313
G1 X107.266 Y93.794 E.05313
G1 X108.931 Y94.433 E.05313
G1 X110.52 Y95.243 E.05313
G1 X112.016 Y96.215 E.05313
G1 X113.402 Y97.337 E.05313
G1 X114.663 Y98.598 E.05313
G1 X115.785 Y99.984 E.05313
G1 X116.757 Y101.48 E.05313
G1 X117.567 Y103.069 E.05313
G1 X118.206 Y104.734 E.05313
G1 X118.667 Y106.457 E.05313
G1 X118.946 Y108.219 E.05313
G1 X119.04 Y110 E.05313
G1 X118.946 Y111.781 E.05313
G1 X118.667 Y113.543 E.05313
G1 X118.206 Y115.266 E.05313
G1 X117.567 Y116.931 E.05313
G1 X116.757 Y118.52 E.05313
G1 X115.785 Y120.016 E.05313
G1 X114.663 Y121.402 E.05313
G1 X113.402 Y122.663 E.05313
G1 X112.016 Y123.785 E.05313
G1 X110.52 Y124.757 E.05313
G1 X108.931 Y125.567 E.05313
G1 X107.266 Y126.206 E.05313
G1 X105.543 Y126.667 E.05313
G1 X103.781 Y126.946 E.05313
G1 X102.06 Y127.037 E.05134
G1 X102.039 Y126.636 F18000
G1 X102 Y126.638
G1 X102 Y126.638
G1 X102 Y126.647
M204 P1500
;TYPE:Inner wall
;WIDTH:0.45
G1 F3730
G1 X100.26 Y126.556 E.05603
G1 X98.539 Y126.283 E.05603
G1 X96.856 Y125.832 E.05603
G1 X95.229 Y125.208 E.05603
G1 X93.676 Y124.417 E.05603
G1 X92.215 Y123.468 E.05603
G1 X90.861 Y122.371 E.05603
G1 X89.629 Y121.139 E.05603
G1 X88.532 Y119.785 E.05603
G1 X87.583 Y118.324 E.05603
G1 X86.792 Y116.771 E.05603
G1 X86.168 Y115.144 E.05603
G1 X85.717 Y113.461 E.05603
G1 X85.444 Y111.74 E.05603
G1 X85.353 Y110 E.05603
G1 X85.444 Y108.26 E.05603
G1 X85.717 Y106.539 E.05603
G1 X86.168 Y104.856 E.05603
G1 X86.792 Y103.229 E.05603
G1 X87.583 Y101.676 E.05603
G1 X88.532 Y100.215 E.05603
G1 X89.629 Y98.861 E.05603
G1 X90.861 Y97.629 E.05603
G1 X92.215 Y96.532 E.05603
G1 X93.676 Y95.583 E.05603
G1 X95.229 Y94.792 E.05603
G1 X96.856 Y94.168 E.05603
G1 X98.539 Y93.717 E.05603
G1 X100.26 Y93.444 E.05603
G1 X102 Y93.353 E.05603
G1 X103.397 Y93.426 E.045
G1 X103.74 Y93.444 E.01103
G1 X105.461 Y93.717 E.05603
G1 X107.144 Y94.168 E.05603
G1 X108.771 Y94.792 E.05603
G1 X110.324 Y95.583 E.05603
G1 X111.785 Y96.532 E.05603
G1 X113.139 Y97.629 E.05603
G1 X114.371 Y98.861 E.05603
G1 X115.468 Y100.215 E.05603
G1 X116.417 Y101.676 E.05603
G1 X117.208 Y103.229 E.05603
G1 X117.832 Y104.856 E.05603
G1 X118.283 Y106.539 E.05603
G1 X118.556 Y108.26 E.05603
G1 X118.647 Y110 E.05603
G1 X118.556 Y111.74 E.05603
G1 X118.283 Y113.461 E.05603
G1 X117.832 Y115.144 E.05603
G1 X117.208 Y116.771 E.05603
G1 X116.417 Y118.324 E.05603
G1 X115.468 Y119.785 E.05603
G1 X114.371 Y121.139 E.05603
G1 X113.139 Y122.371 E.05603
G1 X111.785 Y123.468 E.05603
G1 X110.324 Y124.417 E.05603
G1 X108.771 Y125.208 E.05603
G1 X107.144 Y125.832 E.05603
G1 X105.461 Y126.283 E.05603
G1 X103.74 Y126.556 E.05603
G1 X102.06 Y126.644 E.0541
G1 X102 Y126.239 F18000
G1 F3730
G1 X100.303 Y126.15 E.05466
G1 X98.624 Y125.885 E.05466
G1 X96.982 Y125.445 E.05466
G1 X95.395 Y124.836 E.05466
G1 X93.88 Y124.064 E.05466
G1 X92.455 Y123.138 E.05466
G1 X91.134 Y122.068 E.05466
G1 X89.932 Y120.866 E.05466
G1 X88.862 Y119.545 E.05466
G1 X87.936 Y118.12 E.05466
G1 X87.164 Y116.605 E.05466
G1 X86.555 Y115.018 E.05466
G1 X86.115 Y113.376 E.05466
G1 X85.85 Y111.697 E.05466
G1 X85.761 Y110 E.05466
G1 X85.85 Y108.303 E.05466
G1 X86.115 Y106.624 E.05466
G1 X86.555 Y104.982 E.05466
G1 X87.164 Y103.395 E.05466
G1 X87.936 Y101.88 E.05466
G1 X88.862 Y100.455 E.05466
G1 X89.932 Y99.134 E.05466
G1 X91.134 Y97.932 E.05466
G1 X92.455 Y96.862 E.05466
G1 X93.88 Y95.936 E.05466
G1 X95.395 Y95.164 E.05466
G1 X96.982 Y94.555 E.05466
G1 X98.624 Y94.115 E.05466
G1 X100.303 Y93.85 E.05466
G1 X102 Y93.761 E.05466
G1 X103.376 Y93.833 E.04431
G1 X103.697 Y93.85 E.01035
G1 X105.376 Y94.115 E.05466
G1 X107.018 Y94.555 E.05466
G1 X108.605 Y95.164 E.05466
G1 X110.12 Y95.936 E.05466
G1 X111.545 Y96.862 E.05466
G1 X112.866 Y97.932 E.05466
G1 X114.068 Y99.134 E.05466
G1 X115.138 Y100.455 E.05466
G1 X116.064 Y101.88 E.05466
G1 X116.835 Y103.395 E.05466
G1 X117.445 Y104.982 E.05466
G1 X117.885 Y106.624 E.05466
G1 X118.15 Y108.303 E.05466
G1 X118.239 Y110 E.05466
G1 X118.15 Y111.697 E.05466
G1 X117.885 Y113.376 E.05466
G1 X117.445 Y115.018 E.05466
G1 X116.835 Y116.605 E.05466
G1 X116.064 Y118.12 E.05466
G1 X115.138 Y119.545 E.05466
G1 X114.068 Y120.866 E.05466
G1 X112.866 Y122.068 E.05466
G1 X111.545 Y123.138 E.05466
G1 X110.12 Y124.064 E.05466
G1 X108.605 Y124.836 E.05466
G1 X107.018 Y125.445 E.05466
G1 X105.376 Y125.885 E.05466
G1 X103.697 Y126.15 E.05466
G1 X102.06 Y126.236 E.05273
G1 E-1.75 F6000
;WIPE_START
G1 X101.061 Y126.188 E-.75
;WIPE_END
G1 X101.102 Y125.415 Z8.64 F18000
G1 X101.663 Y125.444
G1 X101.979 Y125.461
G1 X102 Y125.06
G1 Z8.44
G1 E2.5 F6000
M204 P1000
;TYPE:Outer wall
;WIDTH:0.42
G1 F3600
G1 X103.574 Y124.978 E.04696
G1 X105.131 Y124.731 E.04696
G1 X106.654 Y124.323 E.04696
G1 X108.126 Y123.758 E.04696
G1 X109.53 Y123.043 E.04696
G1 X110.852 Y122.184 E.04696
G1 X112.077 Y121.192 E.04696
G1 X113.192 Y120.077 E.04696
G1 X114.184 Y118.852 E.04696
G1 X115.043 Y117.53 E.04696
G1 X115.758 Y116.126 E.04696
G1 X116.323 Y114.654 E.04696
G1 X116.731 Y113.131 E.04696
G1 X116.978 Y111.574 E.04696
G1 X117.06 Y110 E.04696
G1 X116.978 Y108.426 E.04696
G1 X116.731 Y106.869 E.04696
G1 X116.323 Y105.346 E.04696
G1 X115.758 Y103.874 E.04696
G1 X115.043 Y102.47 E.04696
G1 X114.184 Y101.148 E.04696
G1 X113.192 Y99.923 E.04696
G1 X112.077 Y98.808 E.04696
G1 X110.852 Y97.816 E.04696
G1 X109.53 Y96.957 E.04696
G1 X108.126 Y96.242 E.04696
G1 X106.654 Y95.677 E.04696
G1 X105.131 Y95.269 E.04696
G1 X103.574 Y95.022 E.04696
G1 X102 Y94.94 E.04696
G1 X100.762 Y95.004 E.03693
G1 X100.426 Y95.022 E.01003
G1 X98.869 Y95.269 E.04696
G1 X97.346 Y95.677 E.04696
G1 X95.874 Y96.242 E.04696
G1 X94.47 Y96.957 E.04695
G1 X93.148 Y97.816 E.04696
G1 X91.923 Y98.808 E.04696
G1 X90.808 Y99.923 E.04696
G1 X89.816 Y101.148 E.04696
G1 X88.957 Y102.47 E.04696
G1 X88.242 Y103.874 E.04696
G1 X87.677 Y105.346 E.04696
G1 X87.269 Y106.869 E.04696
G1 X87.022 Y108.426 E.04696
G1 X86.94 Y110 E.04696
G1 X87.022 Y111.574 E.04696
G1 X87.269 Y113.131 E.04696
G1 X87.677 Y114.654 E.04696
G1 X88.242 Y116.126 E.04696
G1 X88.957 Y117.53 E.04696
G1 X89.816 Y118.852 E.04696
G1 X90.808 Y120.077 E.04696
G1 X91.923 Y121.192 E.04696
G1 X93.148 Y122.184 E.04696
G1 X94.47 Y123.043 E.04696
G1 X95.874 Y123.758 E.04695
G1 X97.346 Y124.323 E.04696
G1 X98.869 Y124.731 E.04696
G1 X100.426 Y124.978 E.04696
G1 X101.94 Y125.057 E.04517
G1 X101.919 Y125.457 F18000
G1 X101.981 Y125.461
G1 X101.981 Y125.452
M204 P1500
;TYPE:Inner wall
;WIDTH:0.45
G1 F3730
G1 X102 Y125.453 E.00061
G1 X103.615 Y125.368 E.05201
G1 X105.213 Y125.115 E.05201
G1 X106.775 Y124.697 E.05201
G1 X108.285 Y124.117 E.05201
G1 X109.727 Y123.383 E.05201
G1 X111.083 Y122.502 E.05201
G1 X112.34 Y121.484 E.05201
G1 X113.484 Y120.34 E.05201
G1 X114.502 Y119.083 E.05201
G1 X115.383 Y117.727 E.05201
G1 X116.117 Y116.285 E.05201
G1 X116.697 Y114.775 E.05201
G1 X117.115 Y113.213 E.05201
G1 X117.368 Y111.615 E.05201
G1 X117.453 Y110 E.05201
G1 X117.368 Y108.385 E.05201
G1 X117.115 Y106.787 E.05201
G1 X116.697 Y105.225 E.05201
G1 X116.117 Y103.715 E.05201
G1 X115.383 Y102.273 E.05201
G1 X114.502 Y100.917 E.05201
G1 X113.484 Y99.66 E.05201
G1 X112.34 Y98.516 E.05201
G1 X111.083 Y97.498 E.05201
G1 X109.727 Y96.617 E.05201
G1 X108.285 Y95.883 E.05201
G1 X106.775 Y95.303 E.05201
G1 X105.213 Y94.885 E.05201
G1 X103.615 Y94.632 E.05201
G1 X102 Y94.547 E.05201
G1 X100.741 Y94.613 E.04053
G1 X100.385 Y94.632 E.01148
G1 X98.787 Y94.885 E.05201
G1 X97.225 Y95.303 E.05201
G1 X95.715 Y95.883 E.05201
G1 X94.273 Y96.617 E.05201
G1 X92.917 Y97.498 E.05201
G1 X91.66 Y98.516 E.05201
G1 X90.516 Y99.66 E.05201
G1 X89.498 Y100.917 E.05201
G1 X88.617 Y102.273 E.05201
G1 X87.883 Y103.715 E.05201
G1 X87.303 Y105.225 E.05201
G1 X86.885 Y106.787 E.05201
G1 X86.632 Y108.385 E.05201
G1 X86.547 Y110 E.05201
G1 X86.632 Y111.615 E.05201
G1 X86.885 Y113.213 E.05201
G1 X87.303 Y114.775 E.05201
G1 X87.883 Y116.285 E.05201
G1 X88.617 Y117.727 E.05201
G1 X89.498 Y119.083 E.05201
G1 X90.516 Y120.34 E.05201
G1 X91.66 Y121.484 E.05201
G1 X92.917 Y122.502 E.05201
G1 X94.273 Y123.383 E.05201
G1 X95.715 Y124.117 E.05201
G1 X97.225 Y124.697 E.05201
G1 X98.787 Y125.115 E.05201
G1 X100.385 Y125.368 E.05201
G1 X101.921 Y125.449 E.04947
G1 X101.961 Y125.859 F18000
G1 F3730
G1 X102 Y125.861 E.00125
G1 X103.658 Y125.774 E.05338
G1 X105.298 Y125.514 E.05339
G1 X106.901 Y125.084 E.05338
G1 X108.451 Y124.489 E.05338
G1 X109.93 Y123.736 E.05339
G1 X111.323 Y122.832 E.05339
G1 X112.613 Y121.787 E.05338
G1 X113.787 Y120.613 E.05339
G1 X114.832 Y119.323 E.05338
G1 X115.736 Y117.93 E.05339
G1 X116.489 Y116.451 E.05339
G1 X117.084 Y114.901 E.05338
G1 X117.514 Y113.298 E.05338
G1 X117.774 Y111.658 E.05339
G1 X117.861 Y110 E.05338
G1 X117.774 Y108.342 E.05338
G1 X117.514 Y106.702 E.05339
G1 X117.084 Y105.099 E.05338
G1 X116.489 Y103.549 E.05338
G1 X115.736 Y102.07 E.05339
G1 X114.832 Y100.677 E.05339
G1 X113.787 Y99.387 E.05338
G1 X112.613 Y98.213 E.05339
G1 X111.323 Y97.168 E.05338
G1 X109.93 Y96.264 E.05339
G1 X108.451 Y95.511 E.05339
G1 X106.901 Y94.916 E.05338
G1 X105.298 Y94.486 E.05338
G1 X103.658 Y94.226 E.05339
G1 X102 Y94.139 E.05338
G1 X100.72 Y94.206 E.04121
G1 X100.342 Y94.226 E.01217
G1 X98.702 Y94.486 E.05339
G1 X97.099 Y94.916 E.05339
G1 X95.549 Y95.511 E.05339
G1 X94.07 Y96.264 E.05338
G1 X92.677 Y97.168 E.05338
G1 X91.387 Y98.213 E.05339
G1 X90.213 Y99.387 E.05339
G1 X89.168 Y100.677 E.05338
G1 X88.264 Y102.07 E.05339
G1 X87.511 Y103.549 E.05339
G1 X86.916 Y105.099 E.05338
G1 X86.486 Y106.702 E.05338
G1 X86.226 Y108.342 E.05339
G1 X86.139 Y110 E.05338
G1 X86.226 Y111.658 E.05338
G1 X86.486 Y113.298 E.05339
G1 X86.916 Y114.901 E.05338
G1 X87.511 Y116.451 E.05338
G1 X88.264 Y117.93 E.05339
G1 X89.168 Y119.323 E.05339
G1 X90.213 Y120.613 E.05338
G1 X91.387 Y121.787 E.05339
G1 X92.677 Y122.832 E.05339
G1 X94.07 Y123.736 E.05338
G1 X95.549 Y124.489 E.05338
G1 X97.099 Y125.084 E.05339
G1 X98.702 Y125.514 E.05339
G1 X100.342 Y125.774 E.05339
G1 X101.901 Y125.856 E.05021
; stop printing object mid_plate.stl id:1992740639744 copy 0
;LAYER_CHANGE
;Z:8.64
;HEIGHT:0.200001
G92 E0 ; zero the extruded length again
; BEFORE_LAYER_CHANGE 42 @ 8.64mm
G1 E-1.75 F6000
;WIPE_START
G1 X102 Y125.861 E-.07409
G1 X102.9 Y125.814 E-.67592
;WIPE_END
; AFTER_LAYER_CHANGE 42 @ 8.64mm
;_SET_FAN_SPEED_CHANGING_LAYER
; printing object mid_plate.stl id:1992740639744 copy 0
G17
G3 Z8.84 I-.608 J.032 P1  F18000
G1 X102.941 Y126.589 Z8.84
G1 X102.273 Y126.624
G1 X102 Y126.638
G1 X102 Y127.04
G1 Z8.64
G1 E2.5 F6000
M204 P1000
;TYPE:Outer wall
;WIDTH:0.42
G1 F3600
G1 X100.219 Y126.946 E.05313
G1 X98.457 Y126.667 E.05313
G1 X96.734 Y126.206 E.05312
G1 X95.069 Y125.567 E.05313
G1 X93.48 Y124.757 E.05313
G1 X91.984 Y123.785 E.05313
G1 X90.598 Y122.663 E.05313
G1 X89.337 Y121.402 E.05312
G1 X88.215 Y120.016 E.05313
G1 X87.243 Y118.52 E.05313
G1 X86.433 Y116.931 E.05313
G1 X85.794 Y115.266 E.05313
G1 X85.333 Y113.543 E.05313
G1 X85.054 Y111.781 E.05313
G1 X84.96 Y110 E.05313
G1 X85.054 Y108.219 E.05313
G1 X85.333 Y106.457 E.05313
G1 X85.794 Y104.734 E.05313
G1 X86.433 Y103.069 E.05313
G1 X87.243 Y101.48 E.05313
G1 X88.215 Y99.984 E.05313
G1 X89.337 Y98.598 E.05313
G1 X90.598 Y97.337 E.05312
G1 X91.984 Y96.215 E.05313
G1 X93.48 Y95.243 E.05313
G1 X95.069 Y94.433 E.05313
G1 X96.734 Y93.794 E.05313
G1 X98.457 Y93.333 E.05312
G1 X100.219 Y93.054 E.05313
G1 X102 Y92.96 E.05313
G1 X103.463 Y93.037 E.04364
G1 X103.781 Y93.054 E.00949
G1 X105.543 Y93.333 E.05313
G1 X107.266 Y93.794 E.05313
G1 X108.931 Y94.433 E.05313
G1 X110.52 Y95.243 E.05313
G1 X112.016 Y96.215 E.05313
G1 X113.402 Y97.337 E.05313
G1 X114.663 Y98.598 E.05313
G1 X115.785 Y99.984 E.05313
G1 X116.757 Y101.48 E.05313
G1 X117.567 Y103.069 E.05313
G1 X118.206 Y104.734 E.05313
G1 X118.667 Y106.457 E.05313
G1 X118.946 Y108.219 E.05313
G1 X119.04 Y110 E.05313
G1 X118.946 Y111.781 E.05313
G1 X118.667 Y113.543 E.05313
G1 X118.206 Y115.266 E.05313
G1 X117.567 Y116.931 E.05313
G1 X116.757 Y118.52 E.05313
G1 X115.785 Y120.016 E.05313
G1 X114.663 Y121.402 E.05313
G1 X113.402 Y122.663 E.05313
G1 X112.016 Y123.785 E.05313
G1 X110.52 Y124.757 E.05313
G1 X108.931 Y125.567 E.05313
G1 X107.266 Y126.206 E.05313
G1 X105.543 Y126.667 E.05313
G1 X103.781 Y126.946 E.05313
G1 X102.06 Y127.037 E.05134
G1 X102.039 Y126.636 F18000
G1 X102 Y126.638
G1 X102 Y126.638
G1 X102 Y126.647
M204 P1500
;TYPE:Inner wall
;WIDTH:0.45
G1 F3730
G1 X100.26 Y126.556 E.05603
G1 X98.539 Y126.283 E.05603
G1 X96.856 Y125.832 E.05603
G1 X95.229 Y125.208 E.05603
G1 X93.676 Y124.417 E.05603
G1 X92.215 Y123.468 E.05603
G1 X90.861 Y122.371 E.05603
G1 X89.629 Y121.139 E.05603
G1 X88.532 Y119.785 E.05603
G1 X87.583 Y118.324 E.05603
G1 X86.792 Y116.771 E.05603
G1 X86.168 Y115.144 E.05603
G1 X85.717 Y113.461 E.05603
G1 X85.444 Y111.74 E.05603
G1 X85.353 Y110 E.05603
G1 X85.444 Y108.26 E.05603
G1 X85.717 Y106.539 E.05603
G1 X86.168 Y104.856 E.05603
G1 X86.792 Y103.229 E.05603
G1 X87.583 Y101.676 E.05603
G1 X88.532 Y100.215 E.05603
G1 X89.629 Y98.861 E.05603
G1 X90.861 Y97.629 E.05603
G1 X92.215 Y96.532 E.05603
G1 X93.676 Y95.583 E.05603
G1 X95.229 Y94.792 E.05603
G1 X96.856 Y94.168 E.05603
G1 X98.539 Y93.717 E.05603
G1 X100.26 Y93.444 E.05603
G1 X102 Y93.353 E.05603
G1 X103.443 Y93.429 E.04645
G1 X103.74 Y93.444 E.00958
G1 X105.461 Y93.717 E.05603
G1 X107.144 Y94.168 E.05603
G1 X108.771 Y94.792 E.05603
G1 X110.324 Y95.583 E.05603
G1 X111.785 Y96.532 E.05603
G1 X113.139 Y97.629 E.05603
G1 X114.371 Y98.861 E.05603
G1 X115.468 Y100.215 E.05603
G1 X116.417 Y101.676 E.05603
G1 X117.208 Y103.229 E.05603
G1 X117.832 Y104.856 E.05603
G1 X118.283 Y106.539 E.05603
G1 X118.556 Y108.26 E.05603
G1 X118.647 Y110 E.05603
G1 X118.556 Y111.74 E.05603
G1 X118.283 Y113.461 E.05603
G1 X117.832 Y115.144 E.05603
G1 X117.208 Y116.771 E.05603
G1 X116.417 Y118.324 E.05603
G1 X115.468 Y119.785 E.05603
G1 X114.371 Y121.139 E.05603
G1 X113.139 Y122.371 E.05603
G1 X111.785 Y123.468 E.05603
G1 X110.324 Y124.417 E.05603
G1 X108.771 Y125.208 E.05603
G1 X107.144 Y125.832 E.05603
G1 X105.461 Y126.283 E.05603
G1 X103.74 Y126.556 E.05603
G1 X102.06 Y126.644 E.0541
G1 X102 Y126.239 F18000
G1 F3730
G1 X100.303 Y126.15 E.05466
G1 X98.624 Y125.885 E.05466
G1 X96.982 Y125.445 E.05466
G1 X95.395 Y124.836 E.05466
G1 X93.88 Y124.064 E.05466
G1 X92.455 Y123.138 E.05466
G1 X91.134 Y122.068 E.05466
G1 X89.932 Y120.866 E.05466
G1 X88.862 Y119.545 E.05466
G1 X87.936 Y118.12 E.05466
G1 X87.164 Y116.605 E.05466
G1 X86.555 Y115.018 E.05466
G1 X86.115 Y113.376 E.05466
G1 X85.85 Y111.697 E.05466
G1 X85.761 Y110 E.05466
G1 X85.85 Y108.303 E.05466
G1 X86.115 Y106.624 E.05466
G1 X86.555 Y104.982 E.05466
G1 X87.164 Y103.395 E.05466
G1 X87.936 Y101.88 E.05466
G1 X88.862 Y100.455 E.05466
G1 X89.932 Y99.134 E.05466
G1 X91.134 Y97.932 E.05466
G1 X92.455 Y96.862 E.05466
G1 X93.88 Y95.936 E.05466
G1 X95.395 Y95.164 E.05466
G1 X96.982 Y94.555 E.05466
G1 X98.624 Y94.115 E.05466
G1 X100.303 Y93.85 E.05466
G1 X102 Y93.761 E.05466
G1 X103.421 Y93.835 E.04576
G1 X103.697 Y93.85 E.0089
G1 X105.376 Y94.115 E.05466
G1 X107.018 Y94.555 E.05466
G1 X108.605 Y95.164 E.05466
G1 X110.12 Y95.936 E.05466
G1 X111.545 Y96.862 E.05466
G1 X112.866 Y97.932 E.05466
G1 X114.068 Y99.134 E.05466
G1 X115.138 Y100.455 E.05466
G1 X116.064 Y101.88 E.05466
G1 X116.835 Y103.395 E.05466
G1 X117.445 Y104.982 E.05466
G1 X117.885 Y106.624 E.05466
G1 X118.15 Y108.303 E.05466
G1 X118.239 Y110 E.05466
G1 X118.15 Y111.698 E.05466
G1 X117.885 Y113.376 E.05466
G1 X117.445 Y115.018 E.05466
G1 X116.835 Y116.605 E.05466
G1 X116.064 Y118.12 E.05466
G1 X115.138 Y119.545 E.05466
G1 X114.068 Y120.866 E.05466
G1 X112.866 Y122.068 E.05466
G1 X111.545 Y123.138 E.05466
G1 X110.12 Y124.064 E.05466
G1 X108.605 Y124.836 E.05466
G1 X107.018 Y125.445 E.05466
G1 X105.376 Y125.885 E.05466
G1 X103.697 Y126.15 E.05466
G1 X102.06 Y126.236 E.05273
G1 E-1.75 F6000
;WIPE_START
G1 X101.061 Y126.188 E-.75
;WIPE_END
G1 X101.102 Y125.415 Z8.84 F18000
G1 X101.663 Y125.444
G1 X101.979 Y125.461
G1 X102 Y125.06
G1 Z8.64
G1 E2.5 F6000
M204 P1000
;TYPE:Outer wall
;WIDTH:0.42
G1 F3600
G1 X103.574 Y124.978 E.04696
G1 X105.131 Y124.731 E.04696
G1 X106.654 Y124.323 E.04696
G1 X108.126 Y123.758 E.04696
G1 X109.53 Y123.043 E.04696
G1 X110.852 Y122.184 E.04696
G1 X112.077 Y121.192 E.04696
G1 X113.192 Y120.077 E.04696
G1 X114.184 Y118.852 E.04696
G1 X115.043 Y117.53 E.04696
G1 X115.758 Y116.126 E.04696
G1 X116.323 Y114.654 E.04696
G1 X116.731 Y113.131 E.04696
G1 X116.978 Y111.574 E.04696
G1 X117.06 Y110 E.04696
G1 X116.978 Y108.426 E.04696
G1 X116.731 Y106.869 E.04696
G1 X116.323 Y105.346 E.04696
G1 X115.758 Y103.874 E.04696
G1 X115.043 Y102.47 E.04696
G1 X114.184 Y101.148 E.04696
G1 X113.192 Y99.923 E.04696
G1 X112.077 Y98.808 E.04696
G1 X110.852 Y97.816 E.04696
G1 X109.53 Y96.957 E.04696
G1 X108.126 Y96.242 E.04696
G1 X106.654 Y95.677 E.04696
G1 X105.131 Y95.269 E.04696
G1 X103.574 Y95.022 E.04696
G1 X102 Y94.94 E.04696
G1 X100.723 Y95.006 E.03808
G1 X100.426 Y95.022 E.00888
G1 X98.869 Y95.269 E.04696
G1 X97.346 Y95.677 E.04696
G1 X95.874 Y96.242 E.04696
G1 X94.47 Y96.957 E.04695
G1 X93.148 Y97.816 E.04696
G1 X91.923 Y98.808 E.04696
G1 X90.808 Y99.923 E.04696
G1 X89.816 Y101.148 E.04696
G1 X88.957 Y102.47 E.04696
G1 X88.242 Y103.874 E.04696
G1 X87.677 Y105.346 E.04696
G1 X87.269 Y106.869 E.04696
G1 X87.022 Y108.426 E.04696
G1 X86.94 Y110 E.04696
G1 X87.022 Y111.574 E.04696
G1 X87.269 Y113.131 E.04696
G1 X87.677 Y114.654 E.04696
G1 X88.242 Y116.126 E.04696
G1 X88.957 Y117.53 E.04696
G1 X89.816 Y118.852 E.04696
G1 X90.808 Y120.077 E.04696
G1 X91.923 Y121.192 E.04696
G1 X93.148 Y122.184 E.04696
G1 X94.47 Y123.043 E.04696
G1 X95.874 Y123.758 E.04695
G1 X97.346 Y124.323 E.04696
G1 X98.869 Y124.731 E.04696
G1 X100.426 Y124.978 E.04696
G1 X101.94 Y125.057 E.04517
G1 X101.919 Y125.457 F18000
G1 X101.981 Y125.461
G1 X101.981 Y125.452
M204 P1500
;TYPE:Inner wall
;WIDTH:0.45
G1 F3730
G1 X102 Y125.453 E.00061
G1 X103.615 Y125.368 E.05201
G1 X105.213 Y125.115 E.05201
G1 X106.775 Y124.697 E.05201
G1 X108.285 Y124.117 E.05201
G1 X109.727 Y123.383 E.05201
G1 X111.083 Y122.502 E.05201
G1 X112.34 Y121.484 E.05201
G1 X113.484 Y120.34 E.05201
G1 X114.502 Y119.083 E.05201
G1 X115.383 Y117.727 E.05201
G1 X116.117 Y116.285 E.05201
G1 X116.697 Y114.775 E.05201
G1 X117.115 Y113.213 E.05201
G1 X117.368 Y111.615 E.05201
G1 X117.453 Y110 E.05201
G1 X117.368 Y108.385 E.05201
G1 X117.115 Y106.787 E.05201
G1 X116.697 Y105.225 E.05201
G1 X116.117 Y103.715 E.05201
G1 X115.383 Y102.273 E.05201
G1 X114.502 Y100.917 E.05201
G1 X113.484 Y99.66 E.05201
G1 X112.34 Y98.516 E.05201
G1 X111.083 Y97.498 E.05201
G1 X109.727 Y96.617 E.05201
G1 X108.285 Y95.883 E.05201
G1 X106.775 Y95.303 E.05201
G1 X105.213 Y94.885 E.05201
G1 X103.615 Y94.632 E.05201
G1 X102 Y94.547 E.05201
G1 X100.703 Y94.615 E.04177
G1 X100.385 Y94.632 E.01024
G1 X98.787 Y94.885 E.05201
G1 X97.225 Y95.303 E.05201
G1 X95.715 Y95.883 E.05201
G1 X94.273 Y96.617 E.05201
G1 X92.917 Y97.498 E.05201
G1 X91.66 Y98.516 E.05201
G1 X90.516 Y99.66 E.05201
G1 X89.498 Y100.917 E.05201
G1 X88.617 Y102.273 E.05201
G1 X87.883 Y103.715 E.05201
G1 X87.303 Y105.225 E.05201
G1 X86.885 Y106.787 E.05201
G1 X86.632 Y108.385 E.05201
G1 X86.547 Y110 E.05201
G1 X86.632 Y111.615 E.05201
G1 X86.885 Y113.213 E.05201
G1 X87.303 Y114.775 E.05201
G1 X87.883 Y116.285 E.05201
G1 X88.617 Y117.727 E.05201
G1 X89.498 Y119.083 E.05201
G1 X90.516 Y120.34 E.05201
G1 X91.66 Y121.484 E.05201
G1 X92.917 Y122.502 E.05201
G1 X94.273 Y123.383 E.05201
G1 X95.715 Y124.117 E.05201
G1 X97.225 Y124.697 E.05201
G1 X98.787 Y125.115 E.05201
G1 X100.385 Y125.368 E.05201
G1 X101.921 Y125.449 E.04947
G1 X101.961 Y125.859 F18000
G1 F3730
G1 X102 Y125.861 E.00125
G1 X103.658 Y125.774 E.05338
G1 X105.298 Y125.514 E.05339
G1 X106.901 Y125.084 E.05338
G1 X108.451 Y124.489 E.05338
G1 X109.93 Y123.736 E.05339
G1 X111.323 Y122.832 E.05339
G1 X112.613 Y121.787 E.05338
G1 X113.787 Y120.613 E.05339
G1 X114.832 Y119.323 E.05338
G1 X115.736 Y117.93 E.05339
G1 X116.489 Y116.451 E.05339
G1 X117.084 Y114.901 E.05338
G1 X117.514 Y113.298 E.05338
G1 X117.774 Y111.658 E.05339
G1 X117.861 Y110 E.05338
G1 X117.774 Y108.342 E.05338
G1 X117.514 Y106.702 E.05339
G1 X117.084 Y105.099 E.05338
G1 X116.489 Y103.549 E.05338
G1 X115.736 Y102.07 E.05339
G1 X114.832 Y100.677 E.05339
G1 X113.787 Y99.387 E.05338
G1 X112.613 Y98.213 E.05339
G1 X111.323 Y97.168 E.05338
G1 X109.93 Y96.264 E.05339
G1 X108.451 Y95.511 E.05339
G1 X106.901 Y94.916 E.05338
G1 X105.298 Y94.486 E.05338
G1 X103.658 Y94.226 E.05339
G1 X102 Y94.139 E.05338
G1 X100.682 Y94.208 E.04246
G1 X100.342 Y94.226 E.01093
G1 X98.702 Y94.486 E.05339
G1 X97.099 Y94.916 E.05339
G1 X95.549 Y95.511 E.05339
G1 X94.07 Y96.264 E.05338
G1 X92.677 Y97.168 E.05338
G1 X91.387 Y98.213 E.05339
G1 X90.213 Y99.387 E.05339
G1 X89.168 Y100.677 E.05338
G1 X88.264 Y102.07 E.05339
G1 X87.511 Y103.549 E.05339
G1 X86.916 Y105.099 E.05338
G1 X86.486 Y106.702 E.05338
G1 X86.226 Y108.342 E.05339
G1 X86.139 Y110 E.05338
G1 X86.226 Y111.658 E.05338
G1 X86.486 Y113.298 E.05339
G1 X86.916 Y114.901 E.05338
G1 X87.511 Y116.451 E.05338
G1 X88.264 Y117.93 E.05339
G1 X89.168 Y119.323 E.05339
G1 X90.213 Y120.613 E.05338
G1 X91.387 Y121.787 E.05339
G1 X92.677 Y122.832 E.05339
G1 X94.07 Y123.736 E.05338
G1 X95.549 Y124.489 E.05338
G1 X97.099 Y125.084 E.05339
G1 X98.702 Y125.514 E.05339
G1 X100.342 Y125.774 E.05339
G1 X101.901 Y125.856 E.05021
; stop printing object mid_plate.stl id:1992740639744 copy 0
;LAYER_CHANGE
;Z:8.84
;HEIGHT:0.2
G92 E0 ; zero the extruded length again
; BEFORE_LAYER_CHANGE 43 @ 8.84mm
G1 E-1.75 F6000
;WIPE_START
G1 X102 Y125.861 E-.07409
G1 X102.9 Y125.814 E-.67592
;WIPE_END
; AFTER_LAYER_CHANGE 43 @ 8.84mm
;_SET_FAN_SPEED_CHANGING_LAYER
; printing object mid_plate.stl id:1992740639744 copy 0
G17
G3 Z9.04 I-.608 J.032 P1  F18000
G1 X102.941 Y126.589 Z9.04
G1 X102.273 Y126.624
G1 X102 Y126.638
G1 X102 Y127.04
G1 Z8.84
G1 E2.5 F6000
M204 P1000
;TYPE:Outer wall
;WIDTH:0.42
G1 F3600
G1 X100.219 Y126.946 E.05313
G1 X98.457 Y126.667 E.05313
G1 X96.734 Y126.206 E.05312
G1 X95.069 Y125.567 E.05313
G1 X93.48 Y124.757 E.05313
G1 X91.984 Y123.785 E.05313
G1 X90.598 Y122.663 E.05313
G1 X89.337 Y121.402 E.05312
G1 X88.215 Y120.016 E.05313
G1 X87.243 Y118.52 E.05313
G1 X86.433 Y116.931 E.05313
G1 X85.794 Y115.266 E.05313
G1 X85.333 Y113.543 E.05313
G1 X85.054 Y111.781 E.05313
G1 X84.96 Y110 E.05313
G1 X85.054 Y108.219 E.05313
G1 X85.333 Y106.457 E.05313
G1 X85.794 Y104.734 E.05313
G1 X86.433 Y103.069 E.05313
G1 X87.243 Y101.48 E.05313
G1 X88.215 Y99.984 E.05313
G1 X89.337 Y98.598 E.05313
G1 X90.598 Y97.337 E.05312
G1 X91.984 Y96.215 E.05313
G1 X93.48 Y95.243 E.05313
G1 X95.069 Y94.433 E.05313
G1 X96.734 Y93.794 E.05313
G1 X98.457 Y93.333 E.05312
G1 X100.219 Y93.054 E.05313
G1 X102 Y92.96 E.05313
G1 X103.508 Y93.039 E.04498
G1 X103.781 Y93.054 E.00814
G1 X105.543 Y93.333 E.05313
G1 X107.266 Y93.794 E.05313
G1 X108.931 Y94.433 E.05313
G1 X110.52 Y95.243 E.05313
G1 X112.016 Y96.215 E.05313
G1 X113.402 Y97.337 E.05313
G1 X114.663 Y98.598 E.05313
G1 X115.785 Y99.984 E.05313
G1 X116.757 Y101.48 E.05313
G1 X117.567 Y103.069 E.05313
G1 X118.206 Y104.734 E.05313
G1 X118.667 Y106.457 E.05313
G1 X118.946 Y108.219 E.05313
G1 X119.04 Y110 E.05313
G1 X118.946 Y111.781 E.05313
G1 X118.667 Y113.543 E.05313
G1 X118.206 Y115.266 E.05313
G1 X117.567 Y116.931 E.05313
G1 X116.757 Y118.52 E.05313
G1 X115.785 Y120.016 E.05313
G1 X114.663 Y121.402 E.05313
G1 X113.402 Y122.663 E.05313
G1 X112.016 Y123.785 E.05313
G1 X110.52 Y124.757 E.05313
G1 X108.931 Y125.567 E.05313
G1 X107.266 Y126.206 E.05313
G1 X105.543 Y126.667 E.05313
G1 X103.781 Y126.946 E.05313
G1 X102.06 Y127.037 E.05134
G1 X102.039 Y126.636 F18000
G1 X102 Y126.638
G1 X102 Y126.638
G1 X102 Y126.647
M204 P1500
;TYPE:Inner wall
;WIDTH:0.45
G1 F3730
G1 X100.26 Y126.556 E.05603
G1 X98.539 Y126.283 E.05603
G1 X96.856 Y125.832 E.05603
G1 X95.229 Y125.208 E.05603
G1 X93.676 Y124.417 E.05603
G1 X92.215 Y123.468 E.05603
G1 X90.861 Y122.371 E.05603
G1 X89.629 Y121.139 E.05603
G1 X88.532 Y119.785 E.05603
G1 X87.583 Y118.324 E.05603
G1 X86.792 Y116.771 E.05603
G1 X86.168 Y115.144 E.05603
G1 X85.717 Y113.461 E.05603
G1 X85.444 Y111.74 E.05603
G1 X85.353 Y110 E.05603
G1 X85.444 Y108.26 E.05603
G1 X85.717 Y106.539 E.05603
G1 X86.168 Y104.856 E.05603
G1 X86.792 Y103.229 E.05603
G1 X87.583 Y101.676 E.05603
G1 X88.532 Y100.215 E.05603
G1 X89.629 Y98.861 E.05603
G1 X90.861 Y97.629 E.05603
G1 X92.215 Y96.532 E.05603
G1 X93.676 Y95.583 E.05603
G1 X95.229 Y94.792 E.05603
G1 X96.856 Y94.168 E.05603
G1 X98.539 Y93.717 E.05603
G1 X100.26 Y93.444 E.05603
G1 X102 Y93.353 E.05603
G1 X103.488 Y93.431 E.0479
G1 X103.74 Y93.444 E.00813
G1 X105.461 Y93.717 E.05603
G1 X107.144 Y94.168 E.05603
G1 X108.771 Y94.792 E.05603
G1 X110.324 Y95.583 E.05603
G1 X111.785 Y96.532 E.05603
G1 X113.139 Y97.629 E.05603
G1 X114.371 Y98.861 E.05603
G1 X115.468 Y100.215 E.05603
G1 X116.417 Y101.676 E.05603
G1 X117.208 Y103.229 E.05603
G1 X117.832 Y104.856 E.05603
G1 X118.283 Y106.539 E.05603
G1 X118.556 Y108.26 E.05603
G1 X118.647 Y110 E.05603
G1 X118.556 Y111.74 E.05603
G1 X118.283 Y113.461 E.05603
G1 X117.832 Y115.144 E.05603
G1 X117.208 Y116.771 E.05603
G1 X116.417 Y118.324 E.05603
G1 X115.468 Y119.785 E.05603
G1 X114.371 Y121.139 E.05603
G1 X113.139 Y122.371 E.05603
G1 X111.785 Y123.468 E.05603
G1 X110.324 Y124.417 E.05603
G1 X108.771 Y125.208 E.05603
G1 X107.144 Y125.832 E.05603
G1 X105.461 Y126.283 E.05603
G1 X103.74 Y126.556 E.05603
G1 X102.06 Y126.644 E.0541
G1 X102 Y126.239 F18000
G1 F3730
G1 X100.303 Y126.15 E.05466
G1 X98.624 Y125.885 E.05466
G1 X96.982 Y125.445 E.05466
G1 X95.395 Y124.836 E.05466
G1 X93.88 Y124.064 E.05466
G1 X92.455 Y123.138 E.05466
G1 X91.134 Y122.068 E.05466
G1 X89.932 Y120.866 E.05466
G1 X88.862 Y119.545 E.05466
G1 X87.936 Y118.12 E.05466
G1 X87.164 Y116.605 E.05466
G1 X86.555 Y115.018 E.05466
G1 X86.115 Y113.376 E.05466
G1 X85.85 Y111.697 E.05466
G1 X85.761 Y110 E.05466
G1 X85.85 Y108.303 E.05466
G1 X86.115 Y106.624 E.05466
G1 X86.555 Y104.982 E.05466
G1 X87.164 Y103.395 E.05466
G1 X87.936 Y101.88 E.05466
G1 X88.862 Y100.455 E.05466
G1 X89.932 Y99.134 E.05466
G1 X91.134 Y97.932 E.05466
G1 X92.455 Y96.862 E.05466
G1 X93.88 Y95.936 E.05466
G1 X95.395 Y95.164 E.05466
G1 X96.982 Y94.555 E.05466
G1 X98.624 Y94.115 E.05466
G1 X100.303 Y93.85 E.05466
G1 X102 Y93.761 E.05466
G1 X103.466 Y93.837 E.04722
G1 X103.697 Y93.85 E.00744
G1 X105.376 Y94.115 E.05466
G1 X107.018 Y94.555 E.05466
G1 X108.605 Y95.164 E.05466
G1 X110.12 Y95.936 E.05466
G1 X111.545 Y96.862 E.05466
G1 X112.866 Y97.932 E.05466
G1 X114.068 Y99.134 E.05466
G1 X115.138 Y100.455 E.05466
G1 X116.064 Y101.88 E.05466
G1 X116.835 Y103.395 E.05466
G1 X117.445 Y104.982 E.05466
G1 X117.885 Y106.624 E.05466
G1 X118.15 Y108.303 E.05466
G1 X118.239 Y110 E.05466
G1 X118.15 Y111.697 E.05466
G1 X117.885 Y113.376 E.05466
G1 X117.445 Y115.018 E.05466
G1 X116.835 Y116.605 E.05466
G1 X116.064 Y118.12 E.05466
G1 X115.138 Y119.545 E.05466
G1 X114.068 Y120.866 E.05466
G1 X112.866 Y122.068 E.05466
G1 X111.545 Y123.138 E.05466
G1 X110.12 Y124.064 E.05466
G1 X108.605 Y124.836 E.05466
G1 X107.018 Y125.445 E.05466
G1 X105.376 Y125.885 E.05466
G1 X103.697 Y126.15 E.05466
G1 X102.06 Y126.236 E.05273
G1 E-1.75 F6000
;WIPE_START
G1 X101.061 Y126.188 E-.75
;WIPE_END
G1 X101.102 Y125.415 Z9.04 F18000
G1 X101.663 Y125.444
G1 X101.979 Y125.461
G1 X102 Y125.06
G1 Z8.84
G1 E2.5 F6000
M204 P1000
;TYPE:Outer wall
;WIDTH:0.42
G1 F3600
G1 X103.574 Y124.978 E.04696
G1 X105.131 Y124.731 E.04696
G1 X106.654 Y124.323 E.04696
G1 X108.126 Y123.758 E.04696
G1 X109.53 Y123.043 E.04696
G1 X110.852 Y122.184 E.04696
G1 X112.077 Y121.192 E.04696
G1 X113.192 Y120.077 E.04696
G1 X114.184 Y118.852 E.04696
G1 X115.043 Y117.53 E.04696
G1 X115.758 Y116.126 E.04696
G1 X116.323 Y114.654 E.04696
G1 X116.731 Y113.131 E.04696
G1 X116.978 Y111.574 E.04696
G1 X117.06 Y110 E.04696
G1 X116.978 Y108.426 E.04696
G1 X116.731 Y106.869 E.04696
G1 X116.323 Y105.346 E.04696
G1 X115.758 Y103.874 E.04696
G1 X115.043 Y102.47 E.04696
G1 X114.184 Y101.148 E.04696
G1 X113.192 Y99.923 E.04696
G1 X112.077 Y98.808 E.04696
G1 X110.852 Y97.816 E.04696
G1 X109.53 Y96.957 E.04696
G1 X108.126 Y96.242 E.04696
G1 X106.654 Y95.677 E.04696
G1 X105.131 Y95.269 E.04696
G1 X103.574 Y95.022 E.04696
G1 X102 Y94.94 E.04696
G1 X100.685 Y95.008 E.03923
G1 X100.426 Y95.022 E.00773
G1 X98.869 Y95.269 E.04696
G1 X97.346 Y95.677 E.04696
G1 X95.874 Y96.242 E.04696
G1 X94.47 Y96.957 E.04695
G1 X93.148 Y97.816 E.04696
G1 X91.923 Y98.808 E.04696
G1 X90.808 Y99.923 E.04696
G1 X89.816 Y101.148 E.04696
G1 X88.957 Y102.47 E.04696
G1 X88.242 Y103.874 E.04696
G1 X87.677 Y105.346 E.04696
G1 X87.269 Y106.869 E.04696
G1 X87.022 Y108.426 E.04696
G1 X86.94 Y110 E.04696
G1 X87.022 Y111.574 E.04696
G1 X87.269 Y113.131 E.04696
G1 X87.677 Y114.654 E.04696
G1 X88.242 Y116.126 E.04696
G1 X88.957 Y117.53 E.04696
G1 X89.816 Y118.852 E.04696
G1 X90.808 Y120.077 E.04696
G1 X91.923 Y121.192 E.04696
G1 X93.148 Y122.184 E.04696
G1 X94.47 Y123.043 E.04696
G1 X95.874 Y123.758 E.04695
G1 X97.346 Y124.323 E.04696
G1 X98.869 Y124.731 E.04696
G1 X100.426 Y124.978 E.04696
G1 X101.94 Y125.057 E.04517
G1 X101.919 Y125.457 F18000
G1 X101.981 Y125.461
G1 X101.981 Y125.452
M204 P1500
;TYPE:Inner wall
;WIDTH:0.45
G1 F3730
G1 X102 Y125.453 E.00061
G1 X103.615 Y125.368 E.05201
G1 X105.213 Y125.115 E.05201
G1 X106.775 Y124.697 E.05201
G1 X108.285 Y124.117 E.05201
G1 X109.727 Y123.383 E.05201
G1 X111.083 Y122.502 E.05201
G1 X112.34 Y121.484 E.05201
G1 X113.484 Y120.34 E.05201
G1 X114.502 Y119.083 E.05201
G1 X115.383 Y117.727 E.05201
G1 X116.117 Y116.285 E.05201
G1 X116.697 Y114.775 E.05201
G1 X117.115 Y113.213 E.05201
G1 X117.368 Y111.615 E.05201
G1 X117.453 Y110 E.05201
G1 X117.368 Y108.385 E.05201
G1 X117.115 Y106.787 E.05201
G1 X116.697 Y105.225 E.05201
G1 X116.117 Y103.715 E.05201
G1 X115.383 Y102.273 E.05201
G1 X114.502 Y100.917 E.05201
G1 X113.484 Y99.66 E.05201
G1 X112.34 Y98.516 E.05201
G1 X111.083 Y97.498 E.05201
G1 X109.727 Y96.617 E.05201
G1 X108.285 Y95.883 E.05201
G1 X106.775 Y95.303 E.05201
G1 X105.213 Y94.885 E.05201
G1 X103.615 Y94.632 E.05201
G1 X102 Y94.547 E.05201
G1 X100.664 Y94.617 E.04301
G1 X100.385 Y94.632 E.009
G1 X98.787 Y94.885 E.05201
G1 X97.225 Y95.303 E.05201
G1 X95.715 Y95.883 E.05201
G1 X94.273 Y96.617 E.05201
G1 X92.917 Y97.498 E.05201
G1 X91.66 Y98.516 E.05201
G1 X90.516 Y99.66 E.05201
G1 X89.498 Y100.917 E.05201
G1 X88.617 Y102.273 E.05201
G1 X87.883 Y103.715 E.05201
G1 X87.303 Y105.225 E.05201
G1 X86.885 Y106.787 E.05201
G1 X86.632 Y108.385 E.05201
G1 X86.547 Y110 E.05201
G1 X86.632 Y111.615 E.05201
G1 X86.885 Y113.213 E.05201
G1 X87.303 Y114.775 E.05201
G1 X87.883 Y116.285 E.05201
G1 X88.617 Y117.727 E.05201
G1 X89.498 Y119.083 E.05201
G1 X90.516 Y120.34 E.05201
G1 X91.66 Y121.484 E.05201
G1 X92.917 Y122.502 E.05201
G1 X94.273 Y123.383 E.05201
G1 X95.715 Y124.117 E.05201
G1 X97.225 Y124.697 E.05201
G1 X98.787 Y125.115 E.05201
G1 X100.385 Y125.368 E.05201
G1 X101.921 Y125.449 E.04947
G1 X101.961 Y125.859 F18000
G1 F3730
G1 X102 Y125.861 E.00125
G1 X103.658 Y125.774 E.05338
G1 X105.298 Y125.514 E.05339
G1 X106.901 Y125.084 E.05338
G1 X108.451 Y124.489 E.05338
G1 X109.93 Y123.736 E.05339
G1 X111.323 Y122.832 E.05339
G1 X112.613 Y121.787 E.05338
G1 X113.787 Y120.613 E.05339
G1 X114.832 Y119.323 E.05338
G1 X115.736 Y117.93 E.05339
G1 X116.489 Y116.451 E.05339
G1 X117.084 Y114.901 E.05338
G1 X117.514 Y113.298 E.05338
G1 X117.774 Y111.658 E.05339
G1 X117.861 Y110 E.05338
G1 X117.774 Y108.342 E.05338
G1 X117.514 Y106.702 E.05339
G1 X117.084 Y105.099 E.05338
G1 X116.489 Y103.549 E.05338
G1 X115.736 Y102.07 E.05339
G1 X114.832 Y100.677 E.05339
G1 X113.787 Y99.387 E.05338
G1 X112.613 Y98.213 E.05339
G1 X111.323 Y97.168 E.05338
G1 X109.93 Y96.264 E.05339
G1 X108.451 Y95.511 E.05339
G1 X106.901 Y94.916 E.05338
G1 X105.298 Y94.486 E.05338
G1 X103.658 Y94.226 E.05339
G1 X102 Y94.139 E.05338
G1 X100.643 Y94.21 E.0437
G1 X100.342 Y94.226 E.00969
G1 X98.702 Y94.486 E.05339
G1 X97.099 Y94.916 E.05339
G1 X95.549 Y95.511 E.05339
G1 X94.07 Y96.264 E.05338
G1 X92.677 Y97.168 E.05338
G1 X91.387 Y98.213 E.05339
G1 X90.213 Y99.387 E.05339
G1 X89.168 Y100.677 E.05338
G1 X88.264 Y102.07 E.05339
G1 X87.511 Y103.549 E.05339
G1 X86.916 Y105.099 E.05338
G1 X86.486 Y106.702 E.05338
G1 X86.226 Y108.342 E.05339
G1 X86.139 Y110 E.05338
G1 X86.226 Y111.658 E.05338
G1 X86.486 Y113.298 E.05339
G1 X86.916 Y114.901 E.05338
G1 X87.511 Y116.451 E.05338
G1 X88.264 Y117.93 E.05339
G1 X89.168 Y119.323 E.05339
G1 X90.213 Y120.613 E.05338
G1 X91.387 Y121.787 E.05339
G1 X92.677 Y122.832 E.05339
G1 X94.07 Y123.736 E.05338
G1 X95.549 Y124.489 E.05338
G1 X97.099 Y125.084 E.05339
G1 X98.702 Y125.514 E.05339
G1 X100.342 Y125.774 E.05339
G1 X101.901 Y125.856 E.05021
; stop printing object mid_plate.stl id:1992740639744 copy 0
;LAYER_CHANGE
;Z:9.04
;HEIGHT:0.2
G92 E0 ; zero the extruded length again
; BEFORE_LAYER_CHANGE 44 @ 9.04mm
G1 E-1.75 F6000
;WIPE_START
G1 X102 Y125.861 E-.07409
G1 X102.9 Y125.814 E-.67592
;WIPE_END
; AFTER_LAYER_CHANGE 44 @ 9.04mm
;_SET_FAN_SPEED_CHANGING_LAYER
; printing object mid_plate.stl id:1992740639744 copy 0
G17
G3 Z9.24 I-.608 J.032 P1  F18000
G1 X102.941 Y126.589 Z9.24
G1 X102.273 Y126.624
G1 X102 Y126.638
G1 X102 Y127.04
G1 Z9.04
G1 E2.5 F6000
M204 P1000
;TYPE:Outer wall
;WIDTH:0.42
G1 F3600
G1 X100.219 Y126.946 E.05313
G1 X98.457 Y126.667 E.05313
G1 X96.734 Y126.206 E.05312
G1 X95.069 Y125.567 E.05313
G1 X93.48 Y124.757 E.05313
G1 X91.984 Y123.785 E.05313
G1 X90.598 Y122.663 E.05313
G1 X89.337 Y121.402 E.05312
G1 X88.215 Y120.016 E.05313
G1 X87.243 Y118.52 E.05313
G1 X86.433 Y116.931 E.05313
G1 X85.794 Y115.266 E.05313
G1 X85.333 Y113.543 E.05313
G1 X85.054 Y111.781 E.05313
G1 X84.96 Y110 E.05313
G1 X85.054 Y108.219 E.05313
G1 X85.333 Y106.457 E.05313
G1 X85.794 Y104.734 E.05313
G1 X86.433 Y103.069 E.05313
G1 X87.243 Y101.48 E.05313
G1 X88.215 Y99.984 E.05313
G1 X89.337 Y98.598 E.05313
G1 X90.598 Y97.337 E.05312
G1 X91.984 Y96.215 E.05313
G1 X93.48 Y95.243 E.05313
G1 X95.069 Y94.433 E.05313
G1 X96.734 Y93.794 E.05313
G1 X98.457 Y93.333 E.05312
G1 X100.219 Y93.054 E.05313
G1 X102 Y92.96 E.05313
G1 X103.553 Y93.042 E.04633
G1 X103.781 Y93.054 E.0068
G1 X105.543 Y93.333 E.05313
G1 X107.266 Y93.794 E.05313
G1 X108.931 Y94.433 E.05313
G1 X110.52 Y95.243 E.05313
G1 X112.016 Y96.215 E.05313
G1 X113.402 Y97.337 E.05313
G1 X114.663 Y98.598 E.05313
G1 X115.785 Y99.984 E.05313
G1 X116.757 Y101.48 E.05313
G1 X117.567 Y103.069 E.05313
G1 X118.206 Y104.734 E.05313
G1 X118.667 Y106.457 E.05313
G1 X118.946 Y108.219 E.05313
G1 X119.04 Y110 E.05313
G1 X118.946 Y111.781 E.05313
G1 X118.667 Y113.543 E.05313
G1 X118.206 Y115.266 E.05313
G1 X117.567 Y116.931 E.05313
G1 X116.757 Y118.52 E.05313
G1 X115.785 Y120.016 E.05313
G1 X114.663 Y121.402 E.05313
G1 X113.402 Y122.663 E.05313
G1 X112.016 Y123.785 E.05313
G1 X110.52 Y124.757 E.05313
G1 X108.931 Y125.567 E.05313
G1 X107.266 Y126.206 E.05313
G1 X105.543 Y126.667 E.05313
G1 X103.781 Y126.946 E.05313
G1 X102.06 Y127.037 E.05134
G1 X102.039 Y126.636 F18000
G1 X102 Y126.638
G1 X102 Y126.638
G1 X102 Y126.647
M204 P1500
;TYPE:Inner wall
;WIDTH:0.45
G1 F3730
G1 X100.26 Y126.556 E.05603
G1 X98.539 Y126.283 E.05603
G1 X96.856 Y125.832 E.05603
G1 X95.229 Y125.208 E.05603
G1 X93.676 Y124.417 E.05603
G1 X92.215 Y123.468 E.05603
G1 X90.861 Y122.371 E.05603
G1 X89.629 Y121.139 E.05603
G1 X88.532 Y119.785 E.05603
G1 X87.583 Y118.324 E.05603
G1 X86.792 Y116.771 E.05603
G1 X86.168 Y115.144 E.05603
G1 X85.717 Y113.461 E.05603
G1 X85.444 Y111.74 E.05603
G1 X85.353 Y110 E.05603
G1 X85.444 Y108.26 E.05603
G1 X85.717 Y106.539 E.05603
G1 X86.168 Y104.856 E.05603
G1 X86.792 Y103.229 E.05603
G1 X87.583 Y101.676 E.05603
G1 X88.532 Y100.215 E.05603
G1 X89.629 Y98.861 E.05603
G1 X90.861 Y97.629 E.05603
G1 X92.215 Y96.532 E.05603
G1 X93.676 Y95.583 E.05603
G1 X95.229 Y94.792 E.05603
G1 X96.856 Y94.168 E.05603
G1 X98.539 Y93.717 E.05603
G1 X100.26 Y93.444 E.05603
G1 X102 Y93.353 E.05603
G1 X103.533 Y93.433 E.04935
G1 X103.74 Y93.444 E.00668
G1 X105.461 Y93.717 E.05603
G1 X107.144 Y94.168 E.05603
G1 X108.771 Y94.792 E.05603
G1 X110.324 Y95.583 E.05603
G1 X111.785 Y96.532 E.05603
G1 X113.139 Y97.629 E.05603
G1 X114.371 Y98.861 E.05603
G1 X115.468 Y100.215 E.05603
G1 X116.417 Y101.676 E.05603
G1 X117.208 Y103.229 E.05603
G1 X117.832 Y104.856 E.05603
G1 X118.283 Y106.539 E.05603
G1 X118.556 Y108.26 E.05603
G1 X118.647 Y110 E.05603
G1 X118.556 Y111.74 E.05603
G1 X118.283 Y113.461 E.05603
G1 X117.832 Y115.144 E.05603
G1 X117.208 Y116.771 E.05603
G1 X116.417 Y118.324 E.05603
G1 X115.468 Y119.785 E.05603
G1 X114.371 Y121.139 E.05603
G1 X113.139 Y122.371 E.05603
G1 X111.785 Y123.468 E.05603
G1 X110.324 Y124.417 E.05603
G1 X108.771 Y125.208 E.05603
G1 X107.144 Y125.832 E.05603
G1 X105.461 Y126.283 E.05603
G1 X103.74 Y126.556 E.05603
G1 X102.06 Y126.644 E.0541
G1 X102 Y126.239 F18000
G1 F3730
G1 X100.303 Y126.15 E.05466
G1 X98.624 Y125.885 E.05466
G1 X96.982 Y125.445 E.05466
G1 X95.395 Y124.836 E.05466
G1 X93.88 Y124.064 E.05466
G1 X92.455 Y123.138 E.05466
G1 X91.134 Y122.068 E.05466
G1 X89.932 Y120.866 E.05466
G1 X88.862 Y119.545 E.05466
G1 X87.936 Y118.12 E.05466
G1 X87.164 Y116.605 E.05466
G1 X86.555 Y115.018 E.05466
G1 X86.115 Y113.376 E.05466
G1 X85.85 Y111.697 E.05466
G1 X85.761 Y110 E.05466
G1 X85.85 Y108.303 E.05466
G1 X86.115 Y106.624 E.05466
G1 X86.555 Y104.982 E.05466
G1 X87.164 Y103.395 E.05466
G1 X87.936 Y101.88 E.05466
G1 X88.862 Y100.455 E.05466
G1 X89.932 Y99.134 E.05466
G1 X91.134 Y97.932 E.05466
G1 X92.455 Y96.862 E.05466
G1 X93.88 Y95.936 E.05466
G1 X95.395 Y95.164 E.05466
G1 X96.982 Y94.555 E.05466
G1 X98.624 Y94.115 E.05466
G1 X100.303 Y93.85 E.05466
G1 X102 Y93.761 E.05466
G1 X103.511 Y93.84 E.04867
G1 X103.697 Y93.85 E.00599
G1 X105.376 Y94.115 E.05466
G1 X107.018 Y94.555 E.05466
G1 X108.605 Y95.164 E.05466
G1 X110.12 Y95.936 E.05466
G1 X111.545 Y96.862 E.05466
G1 X112.866 Y97.932 E.05466
G1 X114.068 Y99.134 E.05466
G1 X115.138 Y100.455 E.05466
G1 X116.064 Y101.88 E.05466
G1 X116.835 Y103.395 E.05466
G1 X117.445 Y104.982 E.05466
G1 X117.885 Y106.624 E.05466
G1 X118.15 Y108.303 E.05466
G1 X118.239 Y110 E.05466
G1 X118.15 Y111.697 E.05466
G1 X117.885 Y113.376 E.05466
G1 X117.445 Y115.018 E.05466
G1 X116.835 Y116.605 E.05466
G1 X116.064 Y118.12 E.05466
G1 X115.138 Y119.545 E.05466
G1 X114.068 Y120.866 E.05466
G1 X112.866 Y122.068 E.05466
G1 X111.545 Y123.138 E.05466
G1 X110.12 Y124.064 E.05466
G1 X108.605 Y124.836 E.05466
G1 X107.018 Y125.445 E.05466
G1 X105.376 Y125.885 E.05466
G1 X103.697 Y126.15 E.05466
G1 X102.06 Y126.236 E.05273
G1 E-1.75 F6000
;WIPE_START
G1 X101.061 Y126.188 E-.75
;WIPE_END
G1 X101.102 Y125.415 Z9.24 F18000
G1 X101.663 Y125.444
G1 X101.979 Y125.461
G1 X102 Y125.06
G1 Z9.04
G1 E2.5 F6000
M204 P1000
;TYPE:Outer wall
;WIDTH:0.42
G1 F3600
G1 X103.574 Y124.978 E.04696
G1 X105.131 Y124.731 E.04696
G1 X106.654 Y124.323 E.04696
G1 X108.126 Y123.758 E.04696
G1 X109.53 Y123.043 E.04696
G1 X110.852 Y122.184 E.04696
G1 X112.077 Y121.192 E.04696
G1 X113.192 Y120.077 E.04696
G1 X114.184 Y118.852 E.04696
G1 X115.043 Y117.53 E.04696
G1 X115.758 Y116.126 E.04696
G1 X116.323 Y114.654 E.04696
G1 X116.731 Y113.131 E.04696
G1 X116.978 Y111.574 E.04696
G1 X117.06 Y110 E.04696
G1 X116.978 Y108.426 E.04696
G1 X116.731 Y106.869 E.04696
G1 X116.323 Y105.346 E.04696
G1 X115.758 Y103.874 E.04696
G1 X115.043 Y102.47 E.04696
G1 X114.184 Y101.148 E.04696
G1 X113.192 Y99.923 E.04696
G1 X112.077 Y98.808 E.04696
G1 X110.852 Y97.816 E.04696
G1 X109.53 Y96.957 E.04696
G1 X108.126 Y96.242 E.04696
G1 X106.654 Y95.677 E.04696
G1 X105.131 Y95.269 E.04696
G1 X103.574 Y95.022 E.04696
G1 X102 Y94.94 E.04696
G1 X100.646 Y95.011 E.04038
G1 X100.426 Y95.022 E.00658
G1 X98.869 Y95.269 E.04696
G1 X97.346 Y95.677 E.04696
G1 X95.874 Y96.242 E.04696
G1 X94.47 Y96.957 E.04695
G1 X93.148 Y97.816 E.04696
G1 X91.923 Y98.808 E.04696
G1 X90.808 Y99.923 E.04696
G1 X89.816 Y101.148 E.04696
G1 X88.957 Y102.47 E.04696
G1 X88.242 Y103.874 E.04696
G1 X87.677 Y105.346 E.04696
G1 X87.269 Y106.869 E.04696
G1 X87.022 Y108.426 E.04696
G1 X86.94 Y110 E.04696
G1 X87.022 Y111.574 E.04696
G1 X87.269 Y113.131 E.04696
G1 X87.677 Y114.654 E.04696
G1 X88.242 Y116.126 E.04696
G1 X88.957 Y117.53 E.04696
G1 X89.816 Y118.852 E.04696
G1 X90.808 Y120.077 E.04696
G1 X91.923 Y121.192 E.04696
G1 X93.148 Y122.184 E.04696
G1 X94.47 Y123.043 E.04696
G1 X95.874 Y123.758 E.04695
G1 X97.346 Y124.323 E.04696
G1 X98.869 Y124.731 E.04696
G1 X100.426 Y124.978 E.04696
G1 X101.94 Y125.057 E.04517
G1 X101.919 Y125.457 F18000
G1 X101.981 Y125.461
G1 X101.981 Y125.452
M204 P1500
;TYPE:Inner wall
;WIDTH:0.45
G1 F3730
G1 X102 Y125.453 E.00061
G1 X103.615 Y125.368 E.05201
G1 X105.213 Y125.115 E.05201
G1 X106.775 Y124.697 E.05201
G1 X108.285 Y124.117 E.05201
G1 X109.727 Y123.383 E.05201
G1 X111.083 Y122.502 E.05201
G1 X112.34 Y121.484 E.05201
G1 X113.484 Y120.34 E.05201
G1 X114.502 Y119.083 E.05201
G1 X115.383 Y117.727 E.05201
G1 X116.117 Y116.285 E.05201
G1 X116.697 Y114.775 E.05201
G1 X117.115 Y113.213 E.05201
G1 X117.368 Y111.615 E.05201
G1 X117.453 Y110 E.05201
G1 X117.368 Y108.385 E.05201
G1 X117.115 Y106.787 E.05201
G1 X116.697 Y105.225 E.05201
G1 X116.117 Y103.715 E.05201
G1 X115.383 Y102.273 E.05201
G1 X114.502 Y100.917 E.05201
G1 X113.484 Y99.66 E.05201
G1 X112.34 Y98.516 E.05201
G1 X111.083 Y97.498 E.05201
G1 X109.727 Y96.617 E.05201
G1 X108.285 Y95.883 E.05201
G1 X106.775 Y95.303 E.05201
G1 X105.213 Y94.885 E.05201
G1 X103.615 Y94.632 E.05201
G1 X102 Y94.547 E.05201
G1 X100.626 Y94.619 E.04425
G1 X100.385 Y94.632 E.00776
G1 X98.787 Y94.885 E.05201
G1 X97.225 Y95.303 E.05201
G1 X95.715 Y95.883 E.05201
G1 X94.273 Y96.617 E.05201
G1 X92.917 Y97.498 E.05201
G1 X91.66 Y98.516 E.05201
G1 X90.516 Y99.66 E.05201
G1 X89.498 Y100.917 E.05201
G1 X88.617 Y102.273 E.05201
G1 X87.883 Y103.715 E.05201
G1 X87.303 Y105.225 E.05201
G1 X86.885 Y106.787 E.05201
G1 X86.632 Y108.385 E.05201
G1 X86.547 Y110 E.05201
G1 X86.632 Y111.615 E.05201
G1 X86.885 Y113.213 E.05201
G1 X87.303 Y114.775 E.05201
G1 X87.883 Y116.285 E.05201
G1 X88.617 Y117.727 E.05201
G1 X89.498 Y119.083 E.05201
G1 X90.516 Y120.34 E.05201
G1 X91.66 Y121.484 E.05201
G1 X92.917 Y122.502 E.05201
G1 X94.273 Y123.383 E.05201
G1 X95.715 Y124.117 E.05201
G1 X97.225 Y124.697 E.05201
G1 X98.787 Y125.115 E.05201
G1 X100.385 Y125.368 E.05201
G1 X101.921 Y125.449 E.04947
G1 X101.961 Y125.859 F18000
G1 F3730
G1 X102 Y125.861 E.00125
G1 X103.658 Y125.774 E.05338
G1 X105.298 Y125.514 E.05339
G1 X106.901 Y125.084 E.05338
G1 X108.451 Y124.489 E.05338
G1 X109.93 Y123.736 E.05339
G1 X111.323 Y122.832 E.05339
G1 X112.613 Y121.787 E.05338
G1 X113.787 Y120.613 E.05339
G1 X114.832 Y119.323 E.05338
G1 X115.736 Y117.93 E.05339
G1 X116.489 Y116.451 E.05339
G1 X117.084 Y114.901 E.05338
G1 X117.514 Y113.298 E.05338
G1 X117.774 Y111.658 E.05339
G1 X117.861 Y110 E.05338
G1 X117.774 Y108.342 E.05338
G1 X117.514 Y106.702 E.05339
G1 X117.084 Y105.099 E.05338
G1 X116.489 Y103.549 E.05338
G1 X115.736 Y102.07 E.05339
G1 X114.832 Y100.677 E.05339
G1 X113.787 Y99.387 E.05338
G1 X112.613 Y98.213 E.05339
G1 X111.323 Y97.168 E.05338
G1 X109.93 Y96.264 E.05339
G1 X108.451 Y95.511 E.05339
G1 X106.901 Y94.916 E.05338
G1 X105.298 Y94.486 E.05338
G1 X103.658 Y94.226 E.05339
G1 X102 Y94.139 E.05338
G1 X100.604 Y94.212 E.04494
G1 X100.342 Y94.226 E.00845
G1 X98.702 Y94.486 E.05339
G1 X97.099 Y94.916 E.05339
G1 X95.549 Y95.511 E.05339
G1 X94.07 Y96.264 E.05338
G1 X92.677 Y97.168 E.05338
G1 X91.387 Y98.213 E.05339
G1 X90.213 Y99.387 E.05339
G1 X89.168 Y100.677 E.05338
G1 X88.264 Y102.07 E.05339
G1 X87.511 Y103.549 E.05339
G1 X86.916 Y105.099 E.05338
G1 X86.486 Y106.702 E.05338
G1 X86.226 Y108.342 E.05339
G1 X86.139 Y110 E.05338
G1 X86.226 Y111.658 E.05338
G1 X86.486 Y113.298 E.05339
G1 X86.916 Y114.901 E.05338
G1 X87.511 Y116.451 E.05338
G1 X88.264 Y117.93 E.05339
G1 X89.168 Y119.323 E.05339
G1 X90.213 Y120.613 E.05338
G1 X91.387 Y121.787 E.05339
G1 X92.677 Y122.832 E.05339
G1 X94.07 Y123.736 E.05338
G1 X95.549 Y124.489 E.05338
G1 X97.099 Y125.084 E.05339
G1 X98.702 Y125.514 E.05339
G1 X100.342 Y125.774 E.05339
G1 X101.901 Y125.856 E.05021
; stop printing object mid_plate.stl id:1992740639744 copy 0
;LAYER_CHANGE
;Z:9.24
;HEIGHT:0.2
G92 E0 ; zero the extruded length again
; BEFORE_LAYER_CHANGE 45 @ 9.24mm
G1 E-1.75 F6000
;WIPE_START
G1 X102 Y125.861 E-.07409
G1 X102.9 Y125.814 E-.67592
;WIPE_END
; AFTER_LAYER_CHANGE 45 @ 9.24mm
;_SET_FAN_SPEED_CHANGING_LAYER
; printing object mid_plate.stl id:1992740639744 copy 0
G17
G3 Z9.44 I-.608 J.032 P1  F18000
G1 X102.941 Y126.589 Z9.44
G1 X102.273 Y126.624
G1 X102 Y126.638
G1 X102 Y127.04
G1 Z9.24
G1 E2.5 F6000
M204 P1000
;TYPE:Outer wall
;WIDTH:0.42
G1 F3600
G1 X100.219 Y126.946 E.05313
G1 X98.457 Y126.667 E.05313
G1 X96.734 Y126.206 E.05312
G1 X95.069 Y125.567 E.05313
G1 X93.48 Y124.757 E.05313
G1 X91.984 Y123.785 E.05313
G1 X90.598 Y122.663 E.05313
G1 X89.337 Y121.402 E.05312
G1 X88.215 Y120.016 E.05313
G1 X87.243 Y118.52 E.05313
G1 X86.433 Y116.931 E.05313
G1 X85.794 Y115.266 E.05313
G1 X85.333 Y113.543 E.05313
G1 X85.054 Y111.781 E.05313
G1 X84.96 Y110 E.05313
G1 X85.054 Y108.219 E.05313
G1 X85.333 Y106.457 E.05313
G1 X85.794 Y104.734 E.05313
G1 X86.433 Y103.069 E.05313
G1 X87.243 Y101.48 E.05313
G1 X88.215 Y99.984 E.05313
G1 X89.337 Y98.598 E.05313
G1 X90.598 Y97.337 E.05312
G1 X91.984 Y96.215 E.05313
G1 X93.48 Y95.243 E.05313
G1 X95.069 Y94.433 E.05313
G1 X96.734 Y93.794 E.05313
G1 X98.457 Y93.333 E.05312
G1 X100.219 Y93.054 E.05313
G1 X102 Y92.96 E.05313
G1 X103.598 Y93.044 E.04767
G1 X103.781 Y93.054 E.00545
G1 X105.543 Y93.333 E.05313
G1 X107.266 Y93.794 E.05313
G1 X108.931 Y94.433 E.05313
G1 X110.52 Y95.243 E.05313
G1 X112.016 Y96.215 E.05313
G1 X113.402 Y97.337 E.05313
G1 X114.663 Y98.598 E.05313
G1 X115.785 Y99.984 E.05313
G1 X116.757 Y101.48 E.05313
G1 X117.567 Y103.069 E.05313
G1 X118.206 Y104.734 E.05313
G1 X118.667 Y106.457 E.05313
G1 X118.946 Y108.219 E.05313
G1 X119.04 Y110 E.05313
G1 X118.946 Y111.781 E.05313
G1 X118.667 Y113.543 E.05313
G1 X118.206 Y115.266 E.05313
G1 X117.567 Y116.931 E.05313
G1 X116.757 Y118.52 E.05313
G1 X115.785 Y120.016 E.05313
G1 X114.663 Y121.402 E.05313
G1 X113.402 Y122.663 E.05313
G1 X112.016 Y123.785 E.05313
G1 X110.52 Y124.757 E.05313
G1 X108.931 Y125.567 E.05313
G1 X107.266 Y126.206 E.05313
G1 X105.543 Y126.667 E.05313
G1 X103.781 Y126.946 E.05313
G1 X102.06 Y127.037 E.05134
G1 X102.039 Y126.636 F18000
G1 X102 Y126.638
G1 X102 Y126.638
G1 X102 Y126.647
M204 P1500
;TYPE:Inner wall
;WIDTH:0.45
G1 F3730
G1 X100.26 Y126.556 E.05603
G1 X98.539 Y126.283 E.05603
G1 X96.856 Y125.832 E.05603
G1 X95.229 Y125.208 E.05603
G1 X93.676 Y124.417 E.05603
G1 X92.215 Y123.468 E.05603
G1 X90.861 Y122.371 E.05603
G1 X89.629 Y121.139 E.05603
G1 X88.532 Y119.785 E.05603
G1 X87.583 Y118.324 E.05603
G1 X86.792 Y116.771 E.05603
G1 X86.168 Y115.144 E.05603
G1 X85.717 Y113.461 E.05603
G1 X85.444 Y111.74 E.05603
G1 X85.353 Y110 E.05603
G1 X85.444 Y108.26 E.05603
G1 X85.717 Y106.539 E.05603
G1 X86.168 Y104.856 E.05603
G1 X86.792 Y103.229 E.05603
G1 X87.583 Y101.676 E.05603
G1 X88.532 Y100.215 E.05603
G1 X89.629 Y98.861 E.05603
G1 X90.861 Y97.629 E.05603
G1 X92.215 Y96.532 E.05603
G1 X93.676 Y95.583 E.05603
G1 X95.229 Y94.792 E.05603
G1 X96.856 Y94.168 E.05603
G1 X98.539 Y93.717 E.05603
G1 X100.26 Y93.444 E.05603
G1 X102 Y93.353 E.05603
G1 X103.578 Y93.436 E.05081
G1 X103.74 Y93.444 E.00523
G1 X105.461 Y93.717 E.05603
G1 X107.144 Y94.168 E.05603
G1 X108.771 Y94.792 E.05603
G1 X110.324 Y95.583 E.05603
G1 X111.785 Y96.532 E.05603
G1 X113.139 Y97.629 E.05603
G1 X114.371 Y98.861 E.05603
G1 X115.468 Y100.215 E.05603
G1 X116.417 Y101.676 E.05603
G1 X117.208 Y103.229 E.05603
G1 X117.832 Y104.856 E.05603
G1 X118.283 Y106.539 E.05603
G1 X118.556 Y108.26 E.05603
G1 X118.647 Y110 E.05603
G1 X118.556 Y111.74 E.05603
G1 X118.283 Y113.461 E.05603
G1 X117.832 Y115.144 E.05603
G1 X117.208 Y116.771 E.05603
G1 X116.417 Y118.324 E.05603
G1 X115.468 Y119.785 E.05603
G1 X114.371 Y121.139 E.05603
G1 X113.139 Y122.371 E.05603
G1 X111.785 Y123.468 E.05603
G1 X110.324 Y124.417 E.05603
G1 X108.771 Y125.208 E.05603
G1 X107.144 Y125.832 E.05603
G1 X105.461 Y126.283 E.05603
G1 X103.74 Y126.556 E.05603
G1 X102.06 Y126.644 E.0541
G1 X102 Y126.239 F18000
G1 F3730
G1 X100.303 Y126.15 E.05466
G1 X98.624 Y125.885 E.05466
G1 X96.982 Y125.445 E.05466
G1 X95.395 Y124.836 E.05466
G1 X93.88 Y124.064 E.05466
G1 X92.455 Y123.138 E.05466
G1 X91.134 Y122.068 E.05466
G1 X89.932 Y120.866 E.05466
G1 X88.862 Y119.545 E.05466
G1 X87.936 Y118.12 E.05466
G1 X87.164 Y116.605 E.05466
G1 X86.555 Y115.018 E.05466
G1 X86.115 Y113.376 E.05466
G1 X85.85 Y111.697 E.05466
G1 X85.761 Y110 E.05466
G1 X85.85 Y108.303 E.05466
G1 X86.115 Y106.624 E.05466
G1 X86.555 Y104.982 E.05466
G1 X87.164 Y103.395 E.05466
G1 X87.936 Y101.88 E.05466
G1 X88.862 Y100.455 E.05466
G1 X89.932 Y99.134 E.05466
G1 X91.134 Y97.932 E.05466
G1 X92.455 Y96.862 E.05466
G1 X93.88 Y95.936 E.05466
G1 X95.395 Y95.164 E.05466
G1 X96.982 Y94.555 E.05466
G1 X98.624 Y94.115 E.05466
G1 X100.303 Y93.85 E.05466
G1 X102 Y93.761 E.05466
G1 X103.556 Y93.842 E.05012
G1 X103.697 Y93.85 E.00454
G1 X105.376 Y94.115 E.05466
G1 X107.018 Y94.555 E.05466
G1 X108.605 Y95.164 E.05466
G1 X110.12 Y95.936 E.05466
G1 X111.545 Y96.862 E.05466
G1 X112.866 Y97.932 E.05466
G1 X114.068 Y99.134 E.05466
G1 X115.138 Y100.455 E.05466
G1 X116.064 Y101.88 E.05466
G1 X116.835 Y103.395 E.05466
G1 X117.445 Y104.982 E.05466
G1 X117.885 Y106.624 E.05466
G1 X118.15 Y108.303 E.05466
G1 X118.239 Y110 E.05466
G1 X118.15 Y111.698 E.05466
G1 X117.885 Y113.376 E.05466
G1 X117.445 Y115.018 E.05466
G1 X116.835 Y116.605 E.05466
G1 X116.064 Y118.12 E.05466
G1 X115.138 Y119.545 E.05466
G1 X114.068 Y120.866 E.05466
G1 X112.866 Y122.068 E.05466
G1 X111.545 Y123.138 E.05466
G1 X110.12 Y124.064 E.05466
G1 X108.605 Y124.836 E.05466
G1 X107.018 Y125.445 E.05466
G1 X105.376 Y125.885 E.05466
G1 X103.697 Y126.15 E.05466
G1 X102.06 Y126.236 E.05273
G1 E-1.75 F6000
;WIPE_START
G1 X101.061 Y126.188 E-.75
;WIPE_END
G1 X101.102 Y125.415 Z9.44 F18000
G1 X101.663 Y125.444
G1 X101.979 Y125.461
G1 X102 Y125.06
G1 Z9.24
G1 E2.5 F6000
M204 P1000
;TYPE:Outer wall
;WIDTH:0.42
G1 F3600
G1 X103.574 Y124.978 E.04696
G1 X105.131 Y124.731 E.04696
G1 X106.654 Y124.323 E.04696
G1 X108.126 Y123.758 E.04696
G1 X109.53 Y123.043 E.04696
G1 X110.852 Y122.184 E.04696
G1 X112.077 Y121.192 E.04696
G1 X113.192 Y120.077 E.04696
G1 X114.184 Y118.852 E.04696
G1 X115.043 Y117.53 E.04696
G1 X115.758 Y116.126 E.04696
G1 X116.323 Y114.654 E.04696
G1 X116.731 Y113.131 E.04696
G1 X116.978 Y111.574 E.04696
G1 X117.06 Y110 E.04696
G1 X116.978 Y108.426 E.04696
G1 X116.731 Y106.869 E.04696
G1 X116.323 Y105.346 E.04696
G1 X115.758 Y103.874 E.04696
G1 X115.043 Y102.47 E.04696
G1 X114.184 Y101.148 E.04696
G1 X113.192 Y99.923 E.04696
G1 X112.077 Y98.808 E.04696
G1 X110.852 Y97.816 E.04696
G1 X109.53 Y96.957 E.04696
G1 X108.126 Y96.242 E.04696
G1 X106.654 Y95.677 E.04696
G1 X105.131 Y95.269 E.04696
G1 X103.574 Y95.022 E.04696
G1 X102 Y94.94 E.04696
G1 X100.608 Y95.013 E.04153
G1 X100.426 Y95.022 E.00543
G1 X98.869 Y95.269 E.04696
G1 X97.346 Y95.677 E.04696
G1 X95.874 Y96.242 E.04696
G1 X94.47 Y96.957 E.04695
G1 X93.148 Y97.816 E.04695
G1 X91.923 Y98.808 E.04696
G1 X90.808 Y99.923 E.04696
G1 X89.816 Y101.148 E.04696
G1 X88.957 Y102.47 E.04696
G1 X88.242 Y103.874 E.04696
G1 X87.677 Y105.346 E.04696
G1 X87.269 Y106.869 E.04696
G1 X87.022 Y108.426 E.04696
G1 X86.94 Y110 E.04696
G1 X87.022 Y111.574 E.04696
G1 X87.269 Y113.131 E.04696
G1 X87.677 Y114.654 E.04696
G1 X88.242 Y116.126 E.04696
G1 X88.957 Y117.53 E.04696
G1 X89.816 Y118.852 E.04696
G1 X90.808 Y120.077 E.04696
G1 X91.923 Y121.192 E.04696
G1 X93.148 Y122.184 E.04696
G1 X94.47 Y123.043 E.04695
G1 X95.874 Y123.758 E.04695
G1 X97.346 Y124.323 E.04696
G1 X98.869 Y124.731 E.04696
G1 X100.426 Y124.978 E.04696
G1 X101.94 Y125.057 E.04517
G1 X101.919 Y125.457 F18000
G1 X101.981 Y125.461
G1 X101.981 Y125.452
M204 P1500
;TYPE:Inner wall
;WIDTH:0.45
G1 F3730
G1 X102 Y125.453 E.00061
G1 X103.615 Y125.368 E.05201
G1 X105.213 Y125.115 E.05201
G1 X106.775 Y124.697 E.05201
G1 X108.285 Y124.117 E.05201
G1 X109.727 Y123.383 E.05201
G1 X111.083 Y122.502 E.05201
G1 X112.34 Y121.484 E.05201
G1 X113.484 Y120.34 E.05201
G1 X114.502 Y119.083 E.05201
G1 X115.383 Y117.727 E.05201
G1 X116.117 Y116.285 E.05201
G1 X116.697 Y114.775 E.05201
G1 X117.115 Y113.213 E.05201
G1 X117.368 Y111.615 E.05201
G1 X117.453 Y110 E.05201
G1 X117.368 Y108.385 E.05201
G1 X117.115 Y106.787 E.05201
G1 X116.697 Y105.225 E.05201
G1 X116.117 Y103.715 E.05201
G1 X115.383 Y102.273 E.05201
G1 X114.502 Y100.917 E.05201
G1 X113.484 Y99.66 E.05201
G1 X112.34 Y98.516 E.05201
G1 X111.083 Y97.498 E.05201
G1 X109.727 Y96.617 E.05201
G1 X108.285 Y95.883 E.05201
G1 X106.775 Y95.303 E.05201
G1 X105.213 Y94.885 E.05201
G1 X103.615 Y94.632 E.05201
G1 X102 Y94.547 E.05201
G1 X100.587 Y94.621 E.04549
G1 X100.385 Y94.632 E.00652
G1 X98.787 Y94.885 E.05201
G1 X97.225 Y95.303 E.05201
G1 X95.715 Y95.883 E.05201
G1 X94.273 Y96.617 E.05201
G1 X92.917 Y97.498 E.05201
G1 X91.66 Y98.516 E.05201
G1 X90.516 Y99.66 E.05201
G1 X89.498 Y100.917 E.05201
G1 X88.617 Y102.273 E.05201
G1 X87.883 Y103.715 E.05201
G1 X87.303 Y105.225 E.05201
G1 X86.885 Y106.787 E.05201
G1 X86.632 Y108.385 E.05201
G1 X86.547 Y110 E.05201
G1 X86.632 Y111.615 E.05201
G1 X86.885 Y113.213 E.05201
G1 X87.303 Y114.775 E.05201
G1 X87.883 Y116.285 E.05201
G1 X88.617 Y117.727 E.05201
G1 X89.498 Y119.083 E.05201
G1 X90.516 Y120.34 E.05201
G1 X91.66 Y121.484 E.05201
G1 X92.917 Y122.502 E.05201
G1 X94.273 Y123.383 E.05201
G1 X95.715 Y124.117 E.05201
G1 X97.225 Y124.697 E.05201
G1 X98.787 Y125.115 E.05201
G1 X100.385 Y125.368 E.05201
G1 X101.921 Y125.449 E.04947
G1 X101.961 Y125.859 F18000
G1 F3730
G1 X102 Y125.861 E.00125
G1 X103.658 Y125.774 E.05338
G1 X105.298 Y125.514 E.05339
G1 X106.901 Y125.084 E.05338
G1 X108.451 Y124.489 E.05338
G1 X109.93 Y123.736 E.05339
G1 X111.323 Y122.832 E.05339
G1 X112.613 Y121.787 E.05338
G1 X113.787 Y120.613 E.05339
G1 X114.832 Y119.323 E.05338
G1 X115.736 Y117.93 E.05339
G1 X116.489 Y116.451 E.05339
G1 X117.084 Y114.901 E.05338
G1 X117.514 Y113.298 E.05338
G1 X117.774 Y111.658 E.05339
G1 X117.861 Y110 E.05338
G1 X117.774 Y108.342 E.05338
G1 X117.514 Y106.702 E.05339
G1 X117.084 Y105.099 E.05338
G1 X116.489 Y103.549 E.05338
G1 X115.736 Y102.07 E.05339
G1 X114.832 Y100.677 E.05339
G1 X113.787 Y99.387 E.05338
G1 X112.613 Y98.213 E.05339
G1 X111.323 Y97.168 E.05338
G1 X109.93 Y96.264 E.05339
G1 X108.451 Y95.511 E.05339
G1 X106.901 Y94.916 E.05338
G1 X105.298 Y94.486 E.05338
G1 X103.658 Y94.226 E.05339
G1 X102 Y94.139 E.05338
G1 X100.566 Y94.214 E.04618
G1 X100.342 Y94.226 E.00721
G1 X98.702 Y94.486 E.05339
G1 X97.099 Y94.916 E.05339
G1 X95.549 Y95.511 E.05339
G1 X94.07 Y96.264 E.05338
G1 X92.677 Y97.168 E.05338
G1 X91.387 Y98.213 E.05339
G1 X90.213 Y99.387 E.05339
G1 X89.168 Y100.677 E.05338
G1 X88.264 Y102.07 E.05339
G1 X87.511 Y103.549 E.05339
G1 X86.916 Y105.099 E.05338
G1 X86.486 Y106.702 E.05338
G1 X86.226 Y108.342 E.05339
G1 X86.139 Y110 E.05338
G1 X86.226 Y111.658 E.05338
G1 X86.486 Y113.298 E.05339
G1 X86.916 Y114.901 E.05338
G1 X87.511 Y116.451 E.05338
G1 X88.264 Y117.93 E.05339
G1 X89.168 Y119.323 E.05339
G1 X90.213 Y120.613 E.05338
G1 X91.387 Y121.787 E.05339
G1 X92.677 Y122.832 E.05339
G1 X94.07 Y123.736 E.05338
G1 X95.549 Y124.489 E.05338
G1 X97.099 Y125.084 E.05339
G1 X98.702 Y125.514 E.05339
G1 X100.342 Y125.774 E.05339
G1 X101.901 Y125.856 E.05021
; stop printing object mid_plate.stl id:1992740639744 copy 0
;LAYER_CHANGE
;Z:9.44
;HEIGHT:0.2
G92 E0 ; zero the extruded length again
; BEFORE_LAYER_CHANGE 46 @ 9.44mm
G1 E-1.75 F6000
;WIPE_START
G1 X102 Y125.861 E-.07409
G1 X102.9 Y125.814 E-.67592
;WIPE_END
; AFTER_LAYER_CHANGE 46 @ 9.44mm
;_SET_FAN_SPEED_CHANGING_LAYER
; printing object mid_plate.stl id:1992740639744 copy 0
G17
G3 Z9.64 I-.608 J.032 P1  F18000
G1 X102.941 Y126.589 Z9.64
G1 X102.273 Y126.624
G1 X102 Y126.638
G1 X102 Y127.04
G1 Z9.44
G1 E2.5 F6000
M204 P1000
;TYPE:Outer wall
;WIDTH:0.42
G1 F3600
G1 X100.219 Y126.946 E.05313
G1 X98.457 Y126.667 E.05313
G1 X96.734 Y126.206 E.05312
G1 X95.069 Y125.567 E.05313
G1 X93.48 Y124.757 E.05313
G1 X91.984 Y123.785 E.05313
G1 X90.598 Y122.663 E.05313
G1 X89.337 Y121.402 E.05312
G1 X88.215 Y120.016 E.05313
G1 X87.243 Y118.52 E.05313
G1 X86.433 Y116.931 E.05313
G1 X85.794 Y115.266 E.05313
G1 X85.333 Y113.543 E.05313
G1 X85.054 Y111.781 E.05313
G1 X84.96 Y110 E.05313
G1 X85.054 Y108.219 E.05313
G1 X85.333 Y106.457 E.05313
G1 X85.794 Y104.734 E.05313
G1 X86.433 Y103.069 E.05313
G1 X87.243 Y101.48 E.05313
G1 X88.215 Y99.984 E.05313
G1 X89.337 Y98.598 E.05313
G1 X90.598 Y97.337 E.05312
G1 X91.984 Y96.215 E.05313
G1 X93.48 Y95.243 E.05313
G1 X95.069 Y94.433 E.05313
G1 X96.734 Y93.794 E.05313
G1 X98.457 Y93.333 E.05312
G1 X100.219 Y93.054 E.05313
G1 X102 Y92.96 E.05313
G1 X103.643 Y93.046 E.04902
G1 X103.781 Y93.054 E.00411
G1 X105.543 Y93.333 E.05313
G1 X107.266 Y93.794 E.05313
G1 X108.931 Y94.433 E.05313
G1 X110.52 Y95.243 E.05313
G1 X112.016 Y96.215 E.05313
G1 X113.402 Y97.337 E.05313
G1 X114.663 Y98.598 E.05313
G1 X115.785 Y99.984 E.05313
G1 X116.757 Y101.48 E.05313
G1 X117.567 Y103.069 E.05313
G1 X118.206 Y104.734 E.05313
G1 X118.667 Y106.457 E.05313
G1 X118.946 Y108.219 E.05313
G1 X119.04 Y110 E.05313
G1 X118.946 Y111.781 E.05313
G1 X118.667 Y113.543 E.05313
G1 X118.206 Y115.266 E.05313
G1 X117.567 Y116.931 E.05313
G1 X116.757 Y118.52 E.05313
G1 X115.785 Y120.016 E.05313
G1 X114.663 Y121.402 E.05313
G1 X113.402 Y122.663 E.05313
G1 X112.016 Y123.785 E.05313
G1 X110.52 Y124.757 E.05313
G1 X108.931 Y125.567 E.05313
G1 X107.266 Y126.206 E.05313
G1 X105.543 Y126.667 E.05313
G1 X103.781 Y126.946 E.05313
G1 X102.06 Y127.037 E.05134
G1 X102.039 Y126.636 F18000
G1 X102 Y126.638
G1 X102 Y126.638
G1 X102 Y126.647
M204 P1500
;TYPE:Inner wall
;WIDTH:0.45
G1 F3730
G1 X100.26 Y126.556 E.05603
G1 X98.539 Y126.283 E.05603
G1 X96.856 Y125.832 E.05603
G1 X95.229 Y125.208 E.05603
G1 X93.676 Y124.417 E.05603
G1 X92.215 Y123.468 E.05603
G1 X90.861 Y122.371 E.05603
G1 X89.629 Y121.139 E.05603
G1 X88.532 Y119.785 E.05603
G1 X87.583 Y118.324 E.05603
G1 X86.792 Y116.771 E.05603
G1 X86.168 Y115.144 E.05603
G1 X85.717 Y113.461 E.05603
G1 X85.444 Y111.74 E.05603
G1 X85.353 Y110 E.05603
G1 X85.444 Y108.26 E.05603
G1 X85.717 Y106.539 E.05603
G1 X86.168 Y104.856 E.05603
G1 X86.792 Y103.229 E.05603
G1 X87.583 Y101.676 E.05603
G1 X88.532 Y100.215 E.05603
G1 X89.629 Y98.861 E.05603
G1 X90.861 Y97.629 E.05603
G1 X92.215 Y96.532 E.05603
G1 X93.676 Y95.583 E.05603
G1 X95.229 Y94.792 E.05603
G1 X96.856 Y94.168 E.05603
G1 X98.539 Y93.717 E.05603
G1 X100.26 Y93.444 E.05603
G1 X102 Y93.353 E.05603
G1 X103.623 Y93.438 E.05226
G1 X105.461 Y93.717 E.05979
G1 X107.144 Y94.168 E.05603
G1 X108.771 Y94.792 E.05603
G1 X110.324 Y95.583 E.05603
G1 X111.785 Y96.532 E.05603
G1 X113.139 Y97.629 E.05603
G1 X114.371 Y98.861 E.05603
G1 X115.468 Y100.215 E.05603
G1 X116.417 Y101.676 E.05603
G1 X117.208 Y103.229 E.05603
G1 X117.832 Y104.856 E.05603
G1 X118.283 Y106.539 E.05603
G1 X118.556 Y108.26 E.05603
G1 X118.647 Y110 E.05603
G1 X118.556 Y111.74 E.05603
G1 X118.283 Y113.461 E.05603
G1 X117.832 Y115.144 E.05603
G1 X117.208 Y116.771 E.05603
G1 X116.417 Y118.324 E.05603
G1 X115.468 Y119.785 E.05603
G1 X114.371 Y121.139 E.05603
G1 X113.139 Y122.371 E.05603
G1 X111.785 Y123.468 E.05603
G1 X110.324 Y124.417 E.05603
G1 X108.771 Y125.208 E.05603
G1 X107.144 Y125.832 E.05603
G1 X105.461 Y126.283 E.05603
G1 X103.74 Y126.556 E.05603
G1 X102.06 Y126.644 E.0541
G1 X102 Y126.239 F18000
G1 F3730
G1 X100.303 Y126.15 E.05466
G1 X98.624 Y125.885 E.05466
G1 X96.982 Y125.445 E.05466
G1 X95.395 Y124.836 E.05466
G1 X93.88 Y124.064 E.05466
G1 X92.455 Y123.138 E.05466
G1 X91.134 Y122.068 E.05466
G1 X89.932 Y120.866 E.05466
G1 X88.862 Y119.545 E.05466
G1 X87.936 Y118.12 E.05466
G1 X87.164 Y116.605 E.05466
G1 X86.555 Y115.018 E.05466
G1 X86.115 Y113.376 E.05466
G1 X85.85 Y111.697 E.05466
G1 X85.761 Y110 E.05466
G1 X85.85 Y108.303 E.05466
G1 X86.115 Y106.624 E.05466
G1 X86.555 Y104.982 E.05466
G1 X87.164 Y103.395 E.05466
G1 X87.936 Y101.88 E.05466
G1 X88.862 Y100.455 E.05466
G1 X89.932 Y99.134 E.05466
G1 X91.134 Y97.932 E.05466
G1 X92.455 Y96.862 E.05466
G1 X93.88 Y95.936 E.05466
G1 X95.395 Y95.164 E.05466
G1 X96.982 Y94.555 E.05466
G1 X98.624 Y94.115 E.05466
G1 X100.303 Y93.85 E.05466
G1 X102 Y93.761 E.05466
G1 X103.602 Y93.844 E.05157
G1 X105.376 Y94.115 E.05773
G1 X107.018 Y94.555 E.05466
G1 X108.605 Y95.164 E.05466
G1 X110.12 Y95.936 E.05466
G1 X111.545 Y96.862 E.05466
G1 X112.866 Y97.932 E.05466
G1 X114.068 Y99.134 E.05466
G1 X115.138 Y100.455 E.05466
G1 X116.064 Y101.88 E.05466
G1 X116.835 Y103.395 E.05466
G1 X117.445 Y104.982 E.05466
G1 X117.885 Y106.624 E.05466
G1 X118.15 Y108.303 E.05466
G1 X118.239 Y110 E.05466
G1 X118.15 Y111.698 E.05466
G1 X117.885 Y113.376 E.05466
G1 X117.445 Y115.018 E.05466
G1 X116.835 Y116.605 E.05466
G1 X116.064 Y118.12 E.05466
G1 X115.138 Y119.545 E.05466
G1 X114.068 Y120.866 E.05466
G1 X112.866 Y122.068 E.05466
G1 X111.545 Y123.138 E.05466
G1 X110.12 Y124.064 E.05466
G1 X108.605 Y124.836 E.05466
G1 X107.018 Y125.445 E.05466
G1 X105.376 Y125.885 E.05466
G1 X103.697 Y126.15 E.05466
G1 X102.06 Y126.236 E.05273
G1 E-1.75 F6000
;WIPE_START
G1 X101.061 Y126.188 E-.75
;WIPE_END
G1 X101.102 Y125.415 Z9.64 F18000
G1 X101.663 Y125.444
G1 X101.979 Y125.461
G1 X102 Y125.06
G1 Z9.44
G1 E2.5 F6000
M204 P1000
;TYPE:Outer wall
;WIDTH:0.42
G1 F3600
G1 X103.574 Y124.978 E.04696
G1 X105.131 Y124.731 E.04696
G1 X106.654 Y124.323 E.04696
G1 X108.126 Y123.758 E.04696
G1 X109.53 Y123.043 E.04696
G1 X110.852 Y122.184 E.04696
G1 X112.077 Y121.192 E.04696
G1 X113.192 Y120.077 E.04696
G1 X114.184 Y118.852 E.04696
G1 X115.043 Y117.53 E.04696
G1 X115.758 Y116.126 E.04696
G1 X116.323 Y114.654 E.04696
G1 X116.731 Y113.131 E.04696
G1 X116.978 Y111.574 E.04696
G1 X117.06 Y110 E.04696
G1 X116.978 Y108.426 E.04696
G1 X116.731 Y106.869 E.04696
G1 X116.323 Y105.346 E.04696
G1 X115.758 Y103.874 E.04696
G1 X115.043 Y102.47 E.04696
G1 X114.184 Y101.148 E.04696
G1 X113.192 Y99.923 E.04696
G1 X112.077 Y98.808 E.04696
G1 X110.852 Y97.816 E.04696
G1 X109.53 Y96.957 E.04696
G1 X108.126 Y96.242 E.04696
G1 X106.654 Y95.677 E.04696
G1 X105.131 Y95.269 E.04696
G1 X103.574 Y95.022 E.04696
G1 X102 Y94.94 E.04696
G1 X100.569 Y95.015 E.04268
G1 X100.426 Y95.022 E.00428
G1 X98.869 Y95.269 E.04696
G1 X97.346 Y95.677 E.04696
G1 X95.874 Y96.242 E.04696
G1 X94.47 Y96.957 E.04695
G1 X93.148 Y97.816 E.04696
G1 X91.923 Y98.808 E.04696
G1 X90.808 Y99.923 E.04696
G1 X89.816 Y101.148 E.04696
G1 X88.957 Y102.47 E.04696
G1 X88.242 Y103.874 E.04696
G1 X87.677 Y105.346 E.04696
G1 X87.269 Y106.869 E.04696
G1 X87.022 Y108.426 E.04696
G1 X86.94 Y110 E.04696
G1 X87.022 Y111.574 E.04696
G1 X87.269 Y113.131 E.04696
G1 X87.677 Y114.654 E.04696
G1 X88.242 Y116.126 E.04696
G1 X88.957 Y117.53 E.04696
G1 X89.816 Y118.852 E.04696
G1 X90.808 Y120.077 E.04696
G1 X91.923 Y121.192 E.04696
G1 X93.148 Y122.184 E.04696
G1 X94.47 Y123.043 E.04696
G1 X95.874 Y123.758 E.04695
G1 X97.346 Y124.323 E.04696
G1 X98.869 Y124.731 E.04696
G1 X100.426 Y124.978 E.04696
G1 X101.94 Y125.057 E.04517
G1 X101.919 Y125.457 F18000
G1 X101.981 Y125.461
G1 X101.981 Y125.452
M204 P1500
;TYPE:Inner wall
;WIDTH:0.45
G1 F3730
G1 X102 Y125.453 E.00061
G1 X103.615 Y125.368 E.05201
G1 X105.213 Y125.115 E.05201
G1 X106.775 Y124.697 E.05201
G1 X108.285 Y124.117 E.05201
G1 X109.727 Y123.383 E.05201
G1 X111.083 Y122.502 E.05201
G1 X112.34 Y121.484 E.05201
G1 X113.484 Y120.34 E.05201
G1 X114.502 Y119.083 E.05201
G1 X115.383 Y117.727 E.05201
G1 X116.117 Y116.285 E.05201
G1 X116.697 Y114.775 E.05201
G1 X117.115 Y113.213 E.05201
G1 X117.368 Y111.615 E.05201
G1 X117.453 Y110 E.05201
G1 X117.368 Y108.385 E.05201
G1 X117.115 Y106.787 E.05201
G1 X116.697 Y105.225 E.05201
G1 X116.117 Y103.715 E.05201
G1 X115.383 Y102.273 E.05201
G1 X114.502 Y100.917 E.05201
G1 X113.484 Y99.66 E.05201
G1 X112.34 Y98.516 E.05201
G1 X111.083 Y97.498 E.05201
G1 X109.727 Y96.617 E.05201
G1 X108.285 Y95.883 E.05201
G1 X106.775 Y95.303 E.05201
G1 X105.213 Y94.885 E.05201
G1 X103.615 Y94.632 E.05201
G1 X102 Y94.547 E.05201
G1 X100.549 Y94.623 E.04673
G1 X100.385 Y94.632 E.00528
G1 X98.787 Y94.885 E.05201
G1 X97.225 Y95.303 E.05201
G1 X95.715 Y95.883 E.05201
G1 X94.273 Y96.617 E.05201
G1 X92.917 Y97.498 E.05201
G1 X91.66 Y98.516 E.05201
G1 X90.516 Y99.66 E.05201
G1 X89.498 Y100.917 E.05201
G1 X88.617 Y102.273 E.05201
G1 X87.883 Y103.715 E.05201
G1 X87.303 Y105.225 E.05201
G1 X86.885 Y106.787 E.05201
G1 X86.632 Y108.385 E.05201
G1 X86.547 Y110 E.05201
G1 X86.632 Y111.615 E.05201
G1 X86.885 Y113.213 E.05201
G1 X87.303 Y114.775 E.05201
G1 X87.883 Y116.285 E.05201
G1 X88.617 Y117.727 E.05201
G1 X89.498 Y119.083 E.05201
G1 X90.516 Y120.34 E.05201
G1 X91.66 Y121.484 E.05201
G1 X92.917 Y122.502 E.05201
G1 X94.273 Y123.383 E.05201
G1 X95.715 Y124.117 E.05201
G1 X97.225 Y124.697 E.05201
G1 X98.787 Y125.115 E.05201
G1 X100.385 Y125.368 E.05201
G1 X101.921 Y125.449 E.04947
G1 X101.961 Y125.859 F18000
G1 F3730
G1 X102 Y125.861 E.00125
G1 X103.658 Y125.774 E.05338
G1 X105.298 Y125.514 E.05339
G1 X106.901 Y125.084 E.05338
G1 X108.451 Y124.489 E.05338
G1 X109.93 Y123.736 E.05339
G1 X111.323 Y122.832 E.05339
G1 X112.613 Y121.787 E.05338
G1 X113.787 Y120.613 E.05339
G1 X114.832 Y119.323 E.05338
G1 X115.736 Y117.93 E.05339
G1 X116.489 Y116.451 E.05339
G1 X117.084 Y114.901 E.05338
G1 X117.514 Y113.298 E.05338
G1 X117.774 Y111.658 E.05339
G1 X117.861 Y110 E.05338
G1 X117.774 Y108.342 E.05338
G1 X117.514 Y106.702 E.05339
G1 X117.084 Y105.099 E.05338
G1 X116.489 Y103.549 E.05338
G1 X115.736 Y102.07 E.05339
G1 X114.832 Y100.677 E.05339
G1 X113.787 Y99.387 E.05338
G1 X112.613 Y98.213 E.05339
G1 X111.323 Y97.168 E.05338
G1 X109.93 Y96.264 E.05339
G1 X108.451 Y95.511 E.05339
G1 X106.901 Y94.916 E.05338
G1 X105.298 Y94.486 E.05338
G1 X103.658 Y94.226 E.05339
G1 X102 Y94.139 E.05338
G1 X100.527 Y94.216 E.04742
G1 X100.342 Y94.226 E.00596
G1 X98.702 Y94.486 E.05338
G1 X97.099 Y94.916 E.05339
G1 X95.549 Y95.511 E.05339
G1 X94.07 Y96.264 E.05338
G1 X92.677 Y97.168 E.05338
G1 X91.387 Y98.213 E.05339
G1 X90.213 Y99.387 E.05339
G1 X89.168 Y100.677 E.05338
G1 X88.264 Y102.07 E.05339
G1 X87.511 Y103.549 E.05339
G1 X86.916 Y105.099 E.05338
G1 X86.486 Y106.702 E.05338
G1 X86.226 Y108.342 E.05339
G1 X86.139 Y110 E.05338
G1 X86.226 Y111.658 E.05338
G1 X86.486 Y113.298 E.05339
G1 X86.916 Y114.901 E.05338
G1 X87.511 Y116.451 E.05338
G1 X88.264 Y117.93 E.05339
G1 X89.168 Y119.323 E.05339
G1 X90.213 Y120.613 E.05338
G1 X91.387 Y121.787 E.05339
G1 X92.677 Y122.832 E.05339
G1 X94.07 Y123.736 E.05338
G1 X95.549 Y124.489 E.05338
G1 X97.099 Y125.084 E.05339
G1 X98.702 Y125.514 E.05339
G1 X100.342 Y125.774 E.05339
G1 X101.901 Y125.856 E.05021
; stop printing object mid_plate.stl id:1992740639744 copy 0
;LAYER_CHANGE
;Z:9.64
;HEIGHT:0.200001
G92 E0 ; zero the extruded length again
; BEFORE_LAYER_CHANGE 47 @ 9.64mm
G1 E-1.75 F6000
;WIPE_START
G1 X102 Y125.861 E-.07409
G1 X102.9 Y125.814 E-.67592
;WIPE_END
; AFTER_LAYER_CHANGE 47 @ 9.64mm
;_SET_FAN_SPEED_CHANGING_LAYER
; printing object mid_plate.stl id:1992740639744 copy 0
G17
G3 Z9.84 I-.608 J.032 P1  F18000
G1 X102.941 Y126.589 Z9.84
G1 X102.273 Y126.624
G1 X102 Y126.638
G1 X102 Y127.04
G1 Z9.64
G1 E2.5 F6000
M204 P1000
;TYPE:Outer wall
;WIDTH:0.42
G1 F3600
G1 X100.219 Y126.946 E.05313
G1 X98.457 Y126.667 E.05313
G1 X96.734 Y126.206 E.05312
G1 X95.069 Y125.567 E.05313
G1 X93.48 Y124.757 E.05313
G1 X91.984 Y123.785 E.05313
G1 X90.598 Y122.663 E.05313
G1 X89.337 Y121.402 E.05312
G1 X88.215 Y120.016 E.05313
G1 X87.243 Y118.52 E.05313
G1 X86.433 Y116.931 E.05313
G1 X85.794 Y115.266 E.05313
G1 X85.333 Y113.543 E.05313
G1 X85.054 Y111.781 E.05313
G1 X84.96 Y110 E.05313
G1 X85.054 Y108.219 E.05313
G1 X85.333 Y106.457 E.05313
G1 X85.794 Y104.734 E.05313
G1 X86.433 Y103.069 E.05313
G1 X87.243 Y101.48 E.05313
G1 X88.215 Y99.984 E.05313
G1 X89.337 Y98.598 E.05313
G1 X90.598 Y97.337 E.05312
G1 X91.984 Y96.215 E.05313
G1 X93.48 Y95.243 E.05313
G1 X95.069 Y94.433 E.05313
G1 X96.734 Y93.794 E.05313
G1 X98.457 Y93.333 E.05312
G1 X100.219 Y93.054 E.05313
G1 X102 Y92.96 E.05313
G1 X103.688 Y93.049 E.05036
G1 X105.543 Y93.333 E.05588
G1 X107.266 Y93.794 E.05313
G1 X108.931 Y94.433 E.05313
G1 X110.52 Y95.243 E.05313
G1 X112.016 Y96.215 E.05313
G1 X113.402 Y97.337 E.05313
G1 X114.663 Y98.598 E.05313
G1 X115.785 Y99.984 E.05313
G1 X116.757 Y101.48 E.05313
G1 X117.567 Y103.069 E.05313
G1 X118.206 Y104.734 E.05313
G1 X118.667 Y106.457 E.05313
G1 X118.946 Y108.219 E.05313
G1 X119.04 Y110 E.05313
G1 X118.946 Y111.781 E.05313
G1 X118.667 Y113.543 E.05313
G1 X118.206 Y115.266 E.05313
G1 X117.567 Y116.931 E.05313
G1 X116.757 Y118.52 E.05313
G1 X115.785 Y120.016 E.05313
G1 X114.663 Y121.402 E.05313
G1 X113.402 Y122.663 E.05313
G1 X112.088 Y123.727 E.05036
G1 X110.52 Y124.757 E.05588
G1 X108.931 Y125.567 E.05313
G1 X107.266 Y126.206 E.05313
G1 X105.543 Y126.667 E.05313
G1 X103.781 Y126.946 E.05313
G1 X102.06 Y127.037 E.05134
G1 X102.039 Y126.636 F18000
G1 X102 Y126.638
G1 X102 Y126.638
G1 X102 Y126.647
M204 P1500
;TYPE:Inner wall
;WIDTH:0.45
G1 F3730
G1 X100.26 Y126.556 E.05603
G1 X98.539 Y126.283 E.05603
G1 X96.856 Y125.832 E.05603
G1 X95.229 Y125.208 E.05603
G1 X93.676 Y124.417 E.05603
G1 X92.215 Y123.468 E.05603
G1 X90.861 Y122.371 E.05603
G1 X89.629 Y121.139 E.05603
G1 X88.532 Y119.785 E.05603
G1 X87.583 Y118.324 E.05603
G1 X86.792 Y116.771 E.05603
G1 X86.168 Y115.144 E.05603
G1 X85.717 Y113.461 E.05603
G1 X85.444 Y111.74 E.05603
G1 X85.353 Y110 E.05603
G1 X85.444 Y108.26 E.05603
G1 X85.717 Y106.539 E.05603
G1 X86.168 Y104.856 E.05603
G1 X86.792 Y103.229 E.05603
G1 X87.583 Y101.676 E.05603
G1 X88.532 Y100.215 E.05603
G1 X89.629 Y98.861 E.05603
G1 X90.861 Y97.629 E.05603
G1 X92.215 Y96.532 E.05603
G1 X93.676 Y95.583 E.05603
G1 X95.229 Y94.792 E.05603
G1 X96.856 Y94.168 E.05603
G1 X98.539 Y93.717 E.05603
G1 X100.26 Y93.444 E.05603
G1 X102 Y93.353 E.05603
G1 X103.668 Y93.44 E.05371
G1 X105.461 Y93.717 E.05834
G1 X107.144 Y94.168 E.05603
G1 X108.771 Y94.792 E.05603
G1 X110.324 Y95.583 E.05603
G1 X111.785 Y96.532 E.05603
G1 X113.139 Y97.629 E.05603
G1 X114.371 Y98.861 E.05603
G1 X115.468 Y100.215 E.05603
G1 X116.417 Y101.676 E.05603
G1 X117.208 Y103.229 E.05603
G1 X117.832 Y104.856 E.05603
G1 X118.283 Y106.539 E.05603
G1 X118.556 Y108.26 E.05603
G1 X118.647 Y110 E.05603
G1 X118.556 Y111.74 E.05603
G1 X118.283 Y113.461 E.05603
G1 X117.832 Y115.144 E.05603
G1 X117.208 Y116.771 E.05603
G1 X116.417 Y118.324 E.05603
G1 X115.468 Y119.785 E.05603
G1 X114.371 Y121.139 E.05603
G1 X113.139 Y122.371 E.05603
G1 X111.841 Y123.422 E.05371
G1 X110.324 Y124.417 E.05834
G1 X108.771 Y125.208 E.05603
G1 X107.144 Y125.832 E.05603
G1 X105.461 Y126.283 E.05603
G1 X103.74 Y126.556 E.05603
G1 X102.06 Y126.644 E.0541
G1 X102 Y126.239 F18000
G1 F3730
G1 X100.303 Y126.15 E.05466
G1 X98.624 Y125.885 E.05466
G1 X96.982 Y125.445 E.05466
G1 X95.395 Y124.836 E.05466
G1 X93.88 Y124.064 E.05466
G1 X92.455 Y123.138 E.05466
G1 X91.134 Y122.068 E.05466
G1 X89.932 Y120.866 E.05466
G1 X88.862 Y119.545 E.05466
G1 X87.936 Y118.12 E.05466
G1 X87.164 Y116.605 E.05466
G1 X86.555 Y115.018 E.05466
G1 X86.115 Y113.376 E.05466
G1 X85.85 Y111.697 E.05466
G1 X85.761 Y110 E.05466
G1 X85.85 Y108.303 E.05466
G1 X86.115 Y106.624 E.05466
G1 X86.555 Y104.982 E.05466
G1 X87.164 Y103.395 E.05466
G1 X87.936 Y101.88 E.05466
G1 X88.862 Y100.455 E.05466
G1 X89.932 Y99.134 E.05466
G1 X91.134 Y97.932 E.05466
G1 X92.455 Y96.862 E.05466
G1 X93.88 Y95.936 E.05466
G1 X95.395 Y95.164 E.05466
G1 X96.982 Y94.555 E.05466
G1 X98.624 Y94.115 E.05466
G1 X100.303 Y93.85 E.05466
G1 X102 Y93.761 E.05466
G1 X103.647 Y93.847 E.05302
G1 X105.376 Y94.115 E.05629
G1 X107.018 Y94.555 E.05466
G1 X108.605 Y95.164 E.05466
G1 X110.12 Y95.936 E.05466
G1 X111.545 Y96.862 E.05466
G1 X112.866 Y97.932 E.05466
G1 X114.068 Y99.134 E.05466
G1 X115.138 Y100.455 E.05466
G1 X116.064 Y101.88 E.05466
G1 X116.835 Y103.395 E.05466
G1 X117.445 Y104.982 E.05466
G1 X117.885 Y106.624 E.05466
G1 X118.15 Y108.303 E.05466
G1 X118.239 Y110 E.05466
G1 X118.15 Y111.697 E.05466
G1 X117.885 Y113.376 E.05466
G1 X117.445 Y115.018 E.05466
G1 X116.835 Y116.605 E.05466
G1 X116.064 Y118.12 E.05466
G1 X115.138 Y119.545 E.05466
G1 X114.068 Y120.866 E.05466
G1 X112.866 Y122.068 E.05466
G1 X111.585 Y123.106 E.05302
G1 X110.12 Y124.064 E.05629
G1 X108.605 Y124.836 E.05466
G1 X107.018 Y125.445 E.05466
G1 X105.376 Y125.885 E.05466
G1 X103.697 Y126.15 E.05466
G1 X102.06 Y126.236 E.05273
G1 E-1.75 F6000
;WIPE_START
G1 X101.061 Y126.188 E-.75
;WIPE_END
G1 X101.102 Y125.415 Z9.84 F18000
G1 X101.663 Y125.444
G1 X101.979 Y125.461
G1 X102 Y125.06
G1 Z9.64
G1 E2.5 F6000
M204 P1000
;TYPE:Outer wall
;WIDTH:0.42
G1 F3600
G1 X103.574 Y124.978 E.04696
G1 X105.131 Y124.731 E.04696
G1 X106.654 Y124.323 E.04696
G1 X108.126 Y123.758 E.04696
G1 X109.53 Y123.043 E.04696
G1 X110.852 Y122.184 E.04696
G1 X112.077 Y121.192 E.04696
G1 X113.192 Y120.077 E.04696
G1 X114.184 Y118.852 E.04696
G1 X115.043 Y117.53 E.04696
G1 X115.758 Y116.126 E.04696
G1 X116.323 Y114.654 E.04696
G1 X116.731 Y113.131 E.04696
G1 X116.978 Y111.574 E.04696
G1 X117.06 Y110 E.04696
G1 X116.978 Y108.426 E.04696
G1 X116.731 Y106.869 E.04696
G1 X116.323 Y105.346 E.04696
G1 X115.758 Y103.874 E.04696
G1 X115.043 Y102.47 E.04696
G1 X114.184 Y101.148 E.04696
G1 X113.192 Y99.923 E.04696
G1 X112.077 Y98.808 E.04696
G1 X110.852 Y97.816 E.04696
G1 X109.53 Y96.957 E.04696
G1 X108.126 Y96.242 E.04696
G1 X106.654 Y95.677 E.04696
G1 X105.131 Y95.269 E.04696
G1 X103.574 Y95.022 E.04696
G1 X102 Y94.94 E.04696
G1 X100.531 Y95.017 E.04383
G1 X98.869 Y95.269 E.05007
G1 X97.346 Y95.677 E.04696
G1 X95.874 Y96.242 E.04696
G1 X94.47 Y96.957 E.04695
G1 X93.148 Y97.816 E.04695
G1 X91.923 Y98.808 E.04696
G1 X90.808 Y99.923 E.04696
G1 X89.816 Y101.148 E.04696
G1 X88.957 Y102.47 E.04696
G1 X88.242 Y103.874 E.04696
G1 X87.677 Y105.346 E.04696
G1 X87.269 Y106.869 E.04696
G1 X87.022 Y108.426 E.04696
G1 X86.94 Y110 E.04696
G1 X87.022 Y111.574 E.04696
G1 X87.269 Y113.131 E.04696
G1 X87.677 Y114.654 E.04696
G1 X88.242 Y116.126 E.04696
G1 X88.957 Y117.53 E.04696
G1 X89.816 Y118.852 E.04696
G1 X90.808 Y120.077 E.04696
G1 X91.923 Y121.192 E.04696
G1 X93.148 Y122.184 E.04696
G1 X94.47 Y123.043 E.04695
G1 X95.874 Y123.758 E.04695
G1 X97.346 Y124.323 E.04696
G1 X98.869 Y124.731 E.04696
G1 X100.426 Y124.978 E.04696
G1 X101.94 Y125.057 E.04517
G1 X101.919 Y125.457 F18000
G1 X101.981 Y125.461
G1 X101.981 Y125.452
M204 P1500
;TYPE:Inner wall
;WIDTH:0.45
G1 F3730
G1 X102 Y125.453 E.00061
G1 X103.615 Y125.368 E.05201
G1 X105.213 Y125.115 E.05201
G1 X106.775 Y124.697 E.05201
G1 X108.285 Y124.117 E.05201
G1 X109.727 Y123.383 E.05201
G1 X111.083 Y122.502 E.05201
G1 X112.34 Y121.484 E.05201
G1 X113.484 Y120.34 E.05201
G1 X114.502 Y119.083 E.05201
G1 X115.383 Y117.727 E.05201
G1 X116.117 Y116.285 E.05201
G1 X116.697 Y114.775 E.05201
G1 X117.115 Y113.213 E.05201
G1 X117.368 Y111.615 E.05201
G1 X117.453 Y110 E.05201
G1 X117.368 Y108.385 E.05201
G1 X117.115 Y106.787 E.05201
G1 X116.697 Y105.225 E.05201
G1 X116.117 Y103.715 E.05201
G1 X115.383 Y102.273 E.05201
G1 X114.502 Y100.917 E.05201
G1 X113.484 Y99.66 E.05201
G1 X112.34 Y98.516 E.05201
G1 X111.083 Y97.498 E.05201
G1 X109.727 Y96.617 E.05201
G1 X108.285 Y95.883 E.05201
G1 X106.775 Y95.303 E.05201
G1 X105.213 Y94.885 E.05201
G1 X103.615 Y94.632 E.05201
G1 X102 Y94.547 E.05201
G1 X100.51 Y94.625 E.04797
G1 X100.385 Y94.632 E.00404
G1 X98.787 Y94.885 E.05201
G1 X97.225 Y95.303 E.05201
G1 X95.715 Y95.883 E.05201
G1 X94.273 Y96.617 E.05201
G1 X92.917 Y97.498 E.05201
G1 X91.66 Y98.516 E.05201
G1 X90.516 Y99.66 E.05201
G1 X89.498 Y100.917 E.05201
G1 X88.617 Y102.273 E.05201
G1 X87.883 Y103.715 E.05201
G1 X87.303 Y105.225 E.05201
G1 X86.885 Y106.787 E.05201
G1 X86.632 Y108.385 E.05201
G1 X86.547 Y110 E.05201
G1 X86.632 Y111.615 E.05201
G1 X86.885 Y113.213 E.05201
G1 X87.303 Y114.775 E.05201
G1 X87.883 Y116.285 E.05201
G1 X88.617 Y117.727 E.05201
G1 X89.498 Y119.083 E.05201
G1 X90.516 Y120.34 E.05201
G1 X91.66 Y121.484 E.05201
G1 X92.917 Y122.502 E.05201
G1 X94.273 Y123.383 E.05201
G1 X95.715 Y124.117 E.05201
G1 X97.225 Y124.697 E.05201
G1 X98.787 Y125.115 E.05201
G1 X100.385 Y125.368 E.05201
G1 X101.921 Y125.449 E.04947
G1 X101.961 Y125.859 F18000
G1 F3730
G1 X102 Y125.861 E.00125
G1 X103.658 Y125.774 E.05338
G1 X105.298 Y125.514 E.05339
G1 X106.901 Y125.084 E.05338
G1 X108.451 Y124.489 E.05338
G1 X109.93 Y123.736 E.05339
G1 X111.323 Y122.832 E.05339
G1 X112.613 Y121.787 E.05338
G1 X113.787 Y120.613 E.05339
G1 X114.832 Y119.323 E.05338
G1 X115.736 Y117.93 E.05339
G1 X116.489 Y116.451 E.05339
G1 X117.084 Y114.901 E.05338
G1 X117.514 Y113.298 E.05338
G1 X117.774 Y111.658 E.05339
G1 X117.861 Y110 E.05338
G1 X117.774 Y108.342 E.05338
G1 X117.514 Y106.702 E.05339
G1 X117.084 Y105.099 E.05338
G1 X116.489 Y103.549 E.05338
G1 X115.736 Y102.07 E.05339
G1 X114.832 Y100.677 E.05339
G1 X113.787 Y99.387 E.05338
G1 X112.613 Y98.213 E.05339
G1 X111.323 Y97.168 E.05338
G1 X109.93 Y96.264 E.05339
G1 X108.451 Y95.511 E.05339
G1 X106.901 Y94.916 E.05338
G1 X105.298 Y94.486 E.05338
G1 X103.658 Y94.226 E.05339
G1 X102 Y94.139 E.05338
G1 X100.489 Y94.219 E.04866
G1 X100.342 Y94.226 E.00472
G1 X98.702 Y94.486 E.05338
G1 X97.099 Y94.916 E.05339
G1 X95.549 Y95.511 E.05339
G1 X94.07 Y96.264 E.05338
G1 X92.677 Y97.168 E.05338
G1 X91.387 Y98.213 E.05339
G1 X90.213 Y99.387 E.05339
G1 X89.168 Y100.677 E.05338
G1 X88.264 Y102.07 E.05339
G1 X87.511 Y103.549 E.05339
G1 X86.916 Y105.099 E.05338
G1 X86.486 Y106.702 E.05338
G1 X86.226 Y108.342 E.05339
G1 X86.139 Y110 E.05338
G1 X86.226 Y111.658 E.05338
G1 X86.486 Y113.298 E.05339
G1 X86.916 Y114.901 E.05338
G1 X87.511 Y116.451 E.05338
G1 X88.264 Y117.93 E.05339
G1 X89.168 Y119.323 E.05339
G1 X90.213 Y120.613 E.05338
G1 X91.387 Y121.787 E.05339
G1 X92.677 Y122.832 E.05339
G1 X94.07 Y123.736 E.05338
G1 X95.549 Y124.489 E.05338
G1 X97.099 Y125.084 E.05339
G1 X98.702 Y125.514 E.05339
G1 X100.342 Y125.774 E.05339
G1 X101.901 Y125.856 E.05021
; stop printing object mid_plate.stl id:1992740639744 copy 0
;LAYER_CHANGE
;Z:9.84
;HEIGHT:0.2
G92 E0 ; zero the extruded length again
; BEFORE_LAYER_CHANGE 48 @ 9.84mm
G1 E-1.75 F6000
;WIPE_START
G1 X102 Y125.861 E-.07409
G1 X102.9 Y125.814 E-.67592
;WIPE_END
; AFTER_LAYER_CHANGE 48 @ 9.84mm
;_SET_FAN_SPEED_CHANGING_LAYER
; printing object mid_plate.stl id:1992740639744 copy 0
G17
G3 Z10.04 I-.608 J.032 P1  F18000
G1 X102.941 Y126.589 Z10.04
G1 X102.273 Y126.624
G1 X102 Y126.638
G1 X102 Y127.04
G1 Z9.84
G1 E2.5 F6000
M204 P1000
;TYPE:Outer wall
;WIDTH:0.42
G1 F3600
G1 X100.219 Y126.946 E.05313
G1 X98.457 Y126.667 E.05313
G1 X96.734 Y126.206 E.05312
G1 X95.069 Y125.567 E.05313
G1 X93.48 Y124.757 E.05313
G1 X91.984 Y123.785 E.05313
G1 X90.598 Y122.663 E.05313
G1 X89.337 Y121.402 E.05312
G1 X88.215 Y120.016 E.05313
G1 X87.243 Y118.52 E.05313
G1 X86.433 Y116.931 E.05313
G1 X85.794 Y115.266 E.05313
G1 X85.333 Y113.543 E.05313
G1 X85.054 Y111.781 E.05313
G1 X84.96 Y110 E.05313
G1 X85.054 Y108.219 E.05313
G1 X85.333 Y106.457 E.05313
G1 X85.794 Y104.734 E.05313
G1 X86.433 Y103.069 E.05313
G1 X87.243 Y101.48 E.05313
G1 X88.215 Y99.984 E.05313
G1 X89.337 Y98.598 E.05313
G1 X90.598 Y97.337 E.05312
G1 X91.984 Y96.215 E.05313
G1 X93.48 Y95.243 E.05313
G1 X95.069 Y94.433 E.05313
G1 X96.734 Y93.794 E.05313
G1 X98.457 Y93.333 E.05312
G1 X100.219 Y93.054 E.05313
G1 X102 Y92.96 E.05313
G1 X103.734 Y93.051 E.05171
G1 X105.543 Y93.333 E.05454
G1 X107.266 Y93.794 E.05313
G1 X108.931 Y94.433 E.05313
G1 X110.52 Y95.243 E.05313
G1 X112.016 Y96.215 E.05313
G1 X113.402 Y97.337 E.05313
G1 X114.663 Y98.598 E.05313
G1 X115.785 Y99.984 E.05313
G1 X116.757 Y101.48 E.05313
G1 X117.567 Y103.069 E.05313
G1 X118.206 Y104.734 E.05313
G1 X118.667 Y106.457 E.05313
G1 X118.946 Y108.219 E.05313
G1 X119.04 Y110 E.05313
G1 X118.946 Y111.781 E.05313
G1 X118.667 Y113.543 E.05313
G1 X118.206 Y115.266 E.05313
G1 X117.567 Y116.931 E.05313
G1 X116.757 Y118.52 E.05313
G1 X115.785 Y120.016 E.05313
G1 X114.663 Y121.402 E.05313
G1 X113.402 Y122.663 E.05313
G1 X112.016 Y123.785 E.05313
G1 X110.52 Y124.757 E.05313
G1 X108.931 Y125.567 E.05313
G1 X107.266 Y126.206 E.05313
G1 X105.543 Y126.667 E.05313
G1 X103.781 Y126.946 E.05313
G1 X102.06 Y127.037 E.05134
G1 X102.039 Y126.636 F18000
G1 X102 Y126.638
G1 X102 Y126.638
G1 X102 Y126.647
M204 P1500
;TYPE:Inner wall
;WIDTH:0.45
G1 F3730
G1 X100.26 Y126.556 E.05603
G1 X98.539 Y126.283 E.05603
G1 X96.856 Y125.832 E.05603
G1 X95.229 Y125.208 E.05603
G1 X93.676 Y124.417 E.05603
G1 X92.215 Y123.468 E.05603
G1 X90.861 Y122.371 E.05603
G1 X89.629 Y121.139 E.05603
G1 X88.532 Y119.785 E.05603
G1 X87.583 Y118.324 E.05603
G1 X86.792 Y116.771 E.05603
G1 X86.168 Y115.144 E.05603
G1 X85.717 Y113.461 E.05603
G1 X85.444 Y111.74 E.05603
G1 X85.353 Y110 E.05603
G1 X85.444 Y108.26 E.05603
G1 X85.717 Y106.539 E.05603
G1 X86.168 Y104.856 E.05603
G1 X86.792 Y103.229 E.05603
G1 X87.583 Y101.676 E.05603
G1 X88.532 Y100.215 E.05603
G1 X89.629 Y98.861 E.05603
G1 X90.861 Y97.629 E.05603
G1 X92.215 Y96.532 E.05603
G1 X93.676 Y95.583 E.05603
G1 X95.229 Y94.792 E.05603
G1 X96.856 Y94.168 E.05603
G1 X98.539 Y93.717 E.05603
G1 X100.26 Y93.444 E.05603
G1 X102 Y93.353 E.05603
G1 X103.713 Y93.443 E.05516
G1 X105.461 Y93.717 E.0569
G1 X107.144 Y94.168 E.05603
G1 X108.771 Y94.792 E.05603
G1 X110.324 Y95.583 E.05603
G1 X111.785 Y96.532 E.05603
G1 X113.139 Y97.629 E.05603
G1 X114.371 Y98.861 E.05603
G1 X115.468 Y100.215 E.05603
G1 X116.417 Y101.676 E.05603
G1 X117.208 Y103.229 E.05603
G1 X117.832 Y104.856 E.05603
G1 X118.283 Y106.539 E.05603
G1 X118.556 Y108.26 E.05603
G1 X118.647 Y110 E.05603
G1 X118.556 Y111.74 E.05603
G1 X118.283 Y113.461 E.05603
G1 X117.832 Y115.144 E.05603
G1 X117.208 Y116.771 E.05603
G1 X116.417 Y118.324 E.05603
G1 X115.468 Y119.785 E.05603
G1 X114.371 Y121.139 E.05603
G1 X113.139 Y122.371 E.05603
G1 X111.785 Y123.468 E.05603
G1 X110.324 Y124.417 E.05603
G1 X108.771 Y125.208 E.05603
G1 X107.144 Y125.832 E.05603
G1 X105.461 Y126.283 E.05603
G1 X103.74 Y126.556 E.05603
G1 X102.06 Y126.644 E.0541
G1 X102 Y126.239 F18000
G1 F3730
G1 X100.303 Y126.15 E.05466
G1 X98.624 Y125.885 E.05466
G1 X96.982 Y125.445 E.05466
G1 X95.395 Y124.836 E.05466
G1 X93.88 Y124.064 E.05466
G1 X92.455 Y123.138 E.05466
G1 X91.134 Y122.068 E.05466
G1 X89.932 Y120.866 E.05466
G1 X88.862 Y119.545 E.05466
G1 X87.936 Y118.12 E.05466
G1 X87.164 Y116.605 E.05466
G1 X86.555 Y115.018 E.05466
G1 X86.115 Y113.376 E.05466
G1 X85.85 Y111.697 E.05466
G1 X85.761 Y110 E.05466
G1 X85.85 Y108.303 E.05466
G1 X86.115 Y106.624 E.05466
G1 X86.555 Y104.982 E.05466
G1 X87.164 Y103.395 E.05466
G1 X87.936 Y101.88 E.05466
G1 X88.862 Y100.455 E.05466
G1 X89.932 Y99.134 E.05466
G1 X91.134 Y97.932 E.05466
G1 X92.455 Y96.862 E.05466
G1 X93.88 Y95.936 E.05466
G1 X95.395 Y95.164 E.05466
G1 X96.982 Y94.555 E.05466
G1 X98.624 Y94.115 E.05466
G1 X100.303 Y93.85 E.05466
G1 X102 Y93.761 E.05466
G1 X103.697 Y93.85 E.05466
G1 X105.376 Y94.115 E.05466
G1 X107.018 Y94.555 E.05466
G1 X108.605 Y95.164 E.05466
G1 X110.12 Y95.936 E.05466
G1 X111.545 Y96.862 E.05466
G1 X112.866 Y97.932 E.05466
G1 X114.068 Y99.134 E.05466
G1 X115.138 Y100.455 E.05466
G1 X116.064 Y101.88 E.05466
G1 X116.835 Y103.395 E.05466
G1 X117.445 Y104.982 E.05466
G1 X117.885 Y106.624 E.05466
G1 X118.15 Y108.303 E.05466
G1 X118.239 Y110 E.05466
G1 X118.15 Y111.698 E.05466
G1 X117.885 Y113.376 E.05466
G1 X117.445 Y115.018 E.05466
G1 X116.835 Y116.605 E.05466
G1 X116.064 Y118.12 E.05466
G1 X115.138 Y119.545 E.05466
G1 X114.068 Y120.866 E.05466
G1 X112.866 Y122.068 E.05466
G1 X111.545 Y123.138 E.05466
G1 X110.12 Y124.064 E.05466
G1 X108.605 Y124.836 E.05466
G1 X107.018 Y125.445 E.05466
G1 X105.376 Y125.885 E.05466
G1 X103.697 Y126.15 E.05466
G1 X102.06 Y126.236 E.05273
G1 E-1.75 F6000
;WIPE_START
G1 X101.061 Y126.188 E-.75
;WIPE_END
G1 X101.102 Y125.415 Z10.04 F18000
G1 X101.663 Y125.444
G1 X101.979 Y125.461
G1 X102 Y125.06
G1 Z9.84
G1 E2.5 F6000
M204 P1000
;TYPE:Outer wall
;WIDTH:0.42
G1 F3600
G1 X103.574 Y124.978 E.04696
G1 X105.131 Y124.731 E.04696
G1 X106.654 Y124.323 E.04696
G1 X108.126 Y123.758 E.04696
G1 X109.53 Y123.043 E.04696
G1 X110.852 Y122.184 E.04696
G1 X112.077 Y121.192 E.04696
G1 X113.192 Y120.077 E.04696
G1 X114.184 Y118.852 E.04696
G1 X115.043 Y117.53 E.04696
G1 X115.758 Y116.126 E.04696
G1 X116.323 Y114.654 E.04696
G1 X116.731 Y113.131 E.04696
G1 X116.978 Y111.574 E.04696
G1 X117.06 Y110 E.04696
G1 X116.978 Y108.426 E.04696
G1 X116.731 Y106.869 E.04696
G1 X116.323 Y105.346 E.04696
G1 X115.758 Y103.874 E.04696
G1 X115.043 Y102.47 E.04696
G1 X114.184 Y101.148 E.04696
G1 X113.192 Y99.923 E.04696
G1 X112.077 Y98.808 E.04696
G1 X110.852 Y97.816 E.04696
G1 X109.53 Y96.957 E.04696
G1 X108.126 Y96.242 E.04696
G1 X106.654 Y95.677 E.04696
G1 X105.131 Y95.269 E.04696
G1 X103.574 Y95.022 E.04696
G1 X102 Y94.94 E.04696
G1 X100.492 Y95.019 E.04498
G1 X98.869 Y95.269 E.04892
G1 X97.346 Y95.677 E.04696
G1 X95.874 Y96.242 E.04696
G1 X94.47 Y96.957 E.04695
G1 X93.148 Y97.816 E.04696
G1 X91.923 Y98.808 E.04696
G1 X90.808 Y99.923 E.04696
G1 X89.816 Y101.148 E.04696
G1 X88.957 Y102.47 E.04696
G1 X88.242 Y103.874 E.04696
G1 X87.677 Y105.346 E.04696
G1 X87.269 Y106.869 E.04696
G1 X87.022 Y108.426 E.04696
G1 X86.94 Y110 E.04696
G1 X87.022 Y111.574 E.04696
G1 X87.269 Y113.131 E.04696
G1 X87.677 Y114.654 E.04696
G1 X88.242 Y116.126 E.04696
G1 X88.957 Y117.53 E.04696
G1 X89.816 Y118.852 E.04696
G1 X90.808 Y120.077 E.04696
G1 X91.923 Y121.192 E.04696
G1 X93.148 Y122.184 E.04696
G1 X94.47 Y123.043 E.04696
G1 X95.874 Y123.758 E.04695
G1 X97.346 Y124.323 E.04696
G1 X98.869 Y124.731 E.04696
G1 X100.426 Y124.978 E.04696
G1 X101.94 Y125.057 E.04517
G1 X101.919 Y125.457 F18000
G1 X101.981 Y125.461
G1 X101.981 Y125.452
M204 P1500
;TYPE:Inner wall
;WIDTH:0.45
G1 F3730
G1 X102 Y125.453 E.00061
G1 X103.615 Y125.368 E.05201
G1 X105.213 Y125.115 E.05201
G1 X106.775 Y124.697 E.05201
G1 X108.285 Y124.117 E.05201
G1 X109.727 Y123.383 E.05201
G1 X111.083 Y122.502 E.05201
G1 X112.34 Y121.484 E.05201
G1 X113.484 Y120.34 E.05201
G1 X114.502 Y119.083 E.05201
G1 X115.383 Y117.727 E.05201
G1 X116.117 Y116.285 E.05201
G1 X116.697 Y114.775 E.05201
G1 X117.115 Y113.213 E.05201
G1 X117.368 Y111.615 E.05201
G1 X117.453 Y110 E.05201
G1 X117.368 Y108.385 E.05201
G1 X117.115 Y106.787 E.05201
G1 X116.697 Y105.225 E.05201
G1 X116.117 Y103.715 E.05201
G1 X115.383 Y102.273 E.05201
G1 X114.502 Y100.917 E.05201
G1 X113.484 Y99.66 E.05201
G1 X112.34 Y98.516 E.05201
G1 X111.083 Y97.498 E.05201
G1 X109.727 Y96.617 E.05201
G1 X108.285 Y95.883 E.05201
G1 X106.775 Y95.303 E.05201
G1 X105.213 Y94.885 E.05201
G1 X103.615 Y94.632 E.05201
G1 X102 Y94.547 E.05201
G1 X100.472 Y94.627 E.04922
G1 X98.787 Y94.885 E.0548
G1 X97.225 Y95.303 E.05201
G1 X95.715 Y95.883 E.05201
G1 X94.273 Y96.617 E.05201
G1 X92.917 Y97.498 E.05201
G1 X91.66 Y98.516 E.05201
G1 X90.516 Y99.66 E.05201
G1 X89.498 Y100.917 E.05201
G1 X88.617 Y102.273 E.05201
G1 X87.883 Y103.715 E.05201
G1 X87.303 Y105.225 E.05201
G1 X86.885 Y106.787 E.05201
G1 X86.632 Y108.385 E.05201
G1 X86.547 Y110 E.05201
G1 X86.632 Y111.615 E.05201
G1 X86.885 Y113.213 E.05201
G1 X87.303 Y114.775 E.05201
G1 X87.883 Y116.285 E.05201
G1 X88.617 Y117.727 E.05201
G1 X89.498 Y119.083 E.05201
G1 X90.516 Y120.34 E.05201
G1 X91.66 Y121.484 E.05201
G1 X92.917 Y122.502 E.05201
G1 X94.273 Y123.383 E.05201
G1 X95.715 Y124.117 E.05201
G1 X97.225 Y124.697 E.05201
G1 X98.787 Y125.115 E.05201
G1 X100.385 Y125.368 E.05201
G1 X101.921 Y125.449 E.04947
G1 X101.961 Y125.859 F18000
G1 F3730
G1 X102 Y125.861 E.00125
G1 X103.658 Y125.774 E.05338
G1 X105.298 Y125.514 E.05339
G1 X106.901 Y125.084 E.05338
G1 X108.451 Y124.489 E.05338
G1 X109.93 Y123.736 E.05339
G1 X111.323 Y122.832 E.05339
G1 X112.613 Y121.787 E.05338
G1 X113.787 Y120.613 E.05339
G1 X114.832 Y119.323 E.05338
G1 X115.736 Y117.93 E.05339
G1 X116.489 Y116.451 E.05339
G1 X117.084 Y114.901 E.05338
G1 X117.514 Y113.298 E.05338
G1 X117.774 Y111.658 E.05339
G1 X117.861 Y110 E.05338
G1 X117.774 Y108.342 E.05338
G1 X117.514 Y106.702 E.05339
G1 X117.084 Y105.099 E.05338
G1 X116.489 Y103.549 E.05338
G1 X115.736 Y102.07 E.05339
G1 X114.832 Y100.677 E.05339
G1 X113.787 Y99.387 E.05338
G1 X112.613 Y98.213 E.05339
G1 X111.323 Y97.168 E.05338
G1 X109.93 Y96.264 E.05339
G1 X108.451 Y95.511 E.05339
G1 X106.901 Y94.916 E.05338
G1 X105.298 Y94.486 E.05338
G1 X103.658 Y94.226 E.05339
G1 X102 Y94.139 E.05338
G1 X100.45 Y94.221 E.0499
G1 X98.702 Y94.486 E.05685
G1 X97.099 Y94.916 E.05338
G1 X95.549 Y95.511 E.05339
G1 X94.07 Y96.264 E.05338
G1 X92.677 Y97.168 E.05338
G1 X91.387 Y98.213 E.05339
G1 X90.213 Y99.387 E.05339
G1 X89.168 Y100.677 E.05338
G1 X88.264 Y102.07 E.05339
G1 X87.511 Y103.549 E.05339
G1 X86.916 Y105.099 E.05338
G1 X86.486 Y106.702 E.05338
G1 X86.226 Y108.342 E.05339
G1 X86.139 Y110 E.05338
G1 X86.226 Y111.658 E.05338
G1 X86.486 Y113.298 E.05339
G1 X86.916 Y114.901 E.05338
G1 X87.511 Y116.451 E.05338
G1 X88.264 Y117.93 E.05339
G1 X89.168 Y119.323 E.05339
G1 X90.213 Y120.613 E.05338
G1 X91.387 Y121.787 E.05339
G1 X92.677 Y122.832 E.05339
G1 X94.07 Y123.736 E.05338
G1 X95.549 Y124.489 E.05338
G1 X97.099 Y125.084 E.05339
G1 X98.702 Y125.514 E.05338
G1 X100.342 Y125.774 E.05339
G1 X101.901 Y125.856 E.05021
; stop printing object mid_plate.stl id:1992740639744 copy 0
M106 S130
;LAYER_CHANGE
;Z:10.04
;HEIGHT:0.2
G92 E0 ; zero the extruded length again
; BEFORE_LAYER_CHANGE 49 @ 10.04mm
G1 E-1.75 F6000
;WIPE_START
G1 X102 Y125.861 E-.07409
G1 X102.9 Y125.814 E-.67592
;WIPE_END
; AFTER_LAYER_CHANGE 49 @ 10.04mm
;_SET_FAN_SPEED_CHANGING_LAYER
; printing object mid_plate.stl id:1992740639744 copy 0
G17
G3 Z10.24 I-.491 J-.36 P1  F18000
G1 X102 Y127.04 Z10.24
G1 Z10.04
G1 E2.5 F6000
M204 P1000
;TYPE:Outer wall
;WIDTH:0.42
G1 F3600
G1 X100.219 Y126.946 E.05313
G1 X98.457 Y126.667 E.05313
G1 X96.734 Y126.206 E.05312
G1 X95.069 Y125.567 E.05313
G1 X93.48 Y124.757 E.05313
G1 X91.984 Y123.785 E.05313
G1 X90.598 Y122.663 E.05313
G1 X89.337 Y121.402 E.05312
G1 X88.215 Y120.016 E.05313
G1 X87.243 Y118.52 E.05313
G1 X86.433 Y116.931 E.05313
G1 X85.794 Y115.266 E.05313
G1 X85.333 Y113.543 E.05313
G1 X85.054 Y111.781 E.05313
G1 X84.96 Y110 E.05313
G1 X85.054 Y108.219 E.05313
G1 X85.333 Y106.457 E.05313
G1 X85.794 Y104.734 E.05313
G1 X86.433 Y103.069 E.05313
G1 X87.243 Y101.48 E.05313
G1 X88.215 Y99.984 E.05313
G1 X89.337 Y98.598 E.05313
G1 X90.598 Y97.337 E.05312
G1 X91.984 Y96.215 E.05313
G1 X93.48 Y95.243 E.05313
G1 X95.069 Y94.433 E.05313
G1 X96.734 Y93.794 E.05313
G1 X98.457 Y93.333 E.05312
G1 X100.219 Y93.054 E.05313
G1 X102 Y92.96 E.05313
G1 X103.768 Y93.053 E.05273
G1 X105.543 Y93.333 E.05353
G1 X107.266 Y93.794 E.05312
G1 X108.931 Y94.433 E.05313
G1 X110.52 Y95.243 E.05313
G1 X112.016 Y96.215 E.05313
G1 X113.402 Y97.337 E.05313
G1 X114.663 Y98.598 E.05313
G1 X115.785 Y99.984 E.05313
G1 X116.757 Y101.48 E.05313
G1 X117.567 Y103.069 E.05313
G1 X118.206 Y104.734 E.05313
G1 X118.667 Y106.457 E.05313
G1 X118.946 Y108.219 E.05313
G1 X119.04 Y110 E.05313
G1 X118.946 Y111.781 E.05313
G1 X118.667 Y113.543 E.05313
G1 X118.206 Y115.266 E.05313
G1 X117.567 Y116.931 E.05313
G1 X116.757 Y118.52 E.05313
G1 X115.785 Y120.016 E.05313
G1 X114.663 Y121.402 E.05313
G1 X113.402 Y122.663 E.05313
G1 X112.026 Y123.777 E.05273
G1 X110.52 Y124.757 E.05353
G1 X108.931 Y125.567 E.05313
G1 X107.266 Y126.206 E.05313
G1 X105.543 Y126.667 E.05313
G1 X103.781 Y126.946 E.05313
G1 X102.06 Y127.037 E.05134
G1 E-1.75 F6000
;WIPE_START
G1 F3600
G1 X101.061 Y126.988 E-.75
;WIPE_END
G1 X102 Y125.06 Z10.24 F18000
G1 Z10.04
G1 E2.5 F6000
G1 F3600
G1 X100.426 Y124.978 E.04696
G1 X98.869 Y124.731 E.04696
G1 X97.346 Y124.323 E.04696
G1 X95.874 Y123.758 E.04696
G1 X94.47 Y123.043 E.04695
G1 X93.148 Y122.184 E.04696
G1 X91.923 Y121.192 E.04696
G1 X90.808 Y120.077 E.04696
G1 X89.816 Y118.852 E.04696
G1 X88.957 Y117.53 E.04696
G1 X88.242 Y116.126 E.04696
G1 X87.677 Y114.654 E.04696
G1 X87.269 Y113.131 E.04696
G1 X87.022 Y111.574 E.04696
G1 X86.94 Y110 E.04696
G1 X87.022 Y108.426 E.04696
G1 X87.269 Y106.869 E.04696
G1 X87.677 Y105.346 E.04696
G1 X88.242 Y103.874 E.04696
G1 X88.957 Y102.47 E.04696
G1 X89.816 Y101.148 E.04696
G1 X90.808 Y99.923 E.04696
G1 X91.923 Y98.808 E.04696
G1 X93.148 Y97.816 E.04696
G1 X94.47 Y96.957 E.04696
G1 X95.874 Y96.242 E.04695
G1 X97.346 Y95.677 E.04696
G1 X98.869 Y95.269 E.04696
G1 X100.437 Y95.021 E.0473
G1 X102 Y94.94 E.04661
G1 X103.574 Y95.022 E.04696
G1 X105.131 Y95.269 E.04696
G1 X106.654 Y95.677 E.04696
G1 X108.126 Y96.242 E.04696
G1 X109.53 Y96.957 E.04696
G1 X110.852 Y97.816 E.04696
G1 X112.077 Y98.808 E.04696
G1 X113.192 Y99.923 E.04696
G1 X114.184 Y101.148 E.04696
G1 X115.043 Y102.47 E.04696
G1 X115.753 Y103.864 E.04661
G1 X116.323 Y105.346 E.0473
G1 X116.731 Y106.869 E.04696
G1 X116.978 Y108.426 E.04696
G1 X117.06 Y110 E.04696
G1 X116.978 Y111.574 E.04696
G1 X116.731 Y113.131 E.04696
G1 X116.323 Y114.654 E.04696
G1 X115.758 Y116.126 E.04696
G1 X115.043 Y117.53 E.04696
G1 X114.184 Y118.852 E.04696
G1 X113.199 Y120.068 E.04661
G1 X112.077 Y121.192 E.0473
G1 X110.852 Y122.184 E.04696
G1 X109.53 Y123.043 E.04696
G1 X108.126 Y123.758 E.04696
G1 X106.654 Y124.323 E.04696
G1 X105.131 Y124.731 E.04696
G1 X103.574 Y124.978 E.04696
G1 X102.06 Y125.057 E.04517
G1 E-1.75 F6000
;WIPE_START
G1 F3600
G1 X101.061 Y125.009 E-.75
;WIPE_END
G1 X103.792 Y122.343 Z10.24 F18000
G1 X118.755 Y107.733 Z10.24
G1 Z10.04
G1 E2.5 F6000
;TYPE:Top surface
;WIDTH:0.423713
G1 F1800
G1 X118.755 Y110.031 E.06914
G1 X118.665 Y111.752 E.05181
G1 X118.374 Y113.545 E.05464
G1 X118.374 Y106.455 E.21324
G1 X117.993 Y105.034 E.04425
G1 X117.993 Y114.966 E.29874
G1 X117.936 Y115.178 E.00661
G1 X117.612 Y116.022 E.02719
G1 X117.612 Y103.978 E.36227
G1 X117.308 Y103.184 E.02557
G1 X117.232 Y103.035 E.00504
G1 X117.232 Y116.965 E.41901
G1 X116.851 Y117.712 E.02523
G1 X116.851 Y113.778 E.11835
G1 X116.593 Y114.741 E.03001
G1 X116.47 Y115.061 E.01029
G1 X116.47 Y118.442 E.10171
G1 X116.089 Y119.028 E.02103
G1 X116.089 Y116.053 E.08951
G1 X116.017 Y116.241 E.00606
G1 X115.709 Y116.846 E.02045
G1 X115.709 Y119.615 E.08327
G3 X115.328 Y120.132 I-2.648 J-1.553 E.01934
G1 X115.328 Y117.594 E.07633
G1 X114.947 Y118.197 E.02146
G1 X114.947 Y120.602 E.07234
G1 X114.566 Y121.072 E.0182
G1 X114.566 Y118.783 E.06884
G3 X114.185 Y119.3 I-2.649 J-1.553 E.01935
G1 X114.185 Y121.479 E.06555
G1 X113.805 Y121.86 E.0162
G1 X113.805 Y119.77 E.06286
G1 X113.424 Y120.241 E.0182
G1 X113.424 Y122.241 E.06017
G3 X113.043 Y122.59 I-1.849 J-1.638 E.01556
G1 X113.043 Y120.625 E.05909
G1 X112.662 Y121.007 E.01621
G1 X112.662 Y122.898 E.05689
G1 X112.281 Y123.206 E.01474
G1 X112.281 Y121.388 E.05469
G3 X111.901 Y121.699 I-1.659 J-1.643 E.01482
G1 X111.901 Y123.515 E.05461
G3 X111.52 Y123.769 I-1.409 J-1.698 E.0138
G1 X111.52 Y122.008 E.05298
G1 X111.139 Y122.316 E.01474
G1 X111.139 Y124.017 E.05116
G1 X110.758 Y124.264 E.01366
G1 X110.758 Y122.582 E.05059
G1 X110.377 Y122.83 E.01366
G1 X110.377 Y124.512 E.0506
G1 X109.997 Y124.706 E.01286
G1 X109.997 Y123.077 E.049
G3 X109.616 Y123.317 I-1.329 J-1.691 E.01356
G1 X109.616 Y124.9 E.04763
G1 X109.235 Y125.094 E.01286
G1 X109.235 Y123.511 E.04763
G1 X108.854 Y123.705 E.01286
G1 X108.854 Y125.288 E.04763
G3 X108.473 Y125.439 I-.908 J-1.735 E.01234
G1 X108.473 Y123.899 E.04634
G3 X108.093 Y124.074 I-1.025 J-1.724 E.01263
G1 X108.093 Y125.585 E.04546
G1 X107.712 Y125.731 E.01227
G1 X107.712 Y124.22 E.04546
G1 X107.331 Y124.366 E.01227
G1 X107.331 Y125.878 E.04546
G3 X106.95 Y125.997 I-.76 J-1.752 E.01203
G1 X106.95 Y124.513 E.04467
G3 X106.569 Y124.639 I-.791 J-1.748 E.01209
G1 X106.569 Y126.099 E.04394
G1 X106.189 Y126.201 E.01186
G1 X106.189 Y124.741 E.04394
G1 X105.808 Y124.843 E.01186
G1 X105.808 Y126.303 E.04394
G3 X105.427 Y126.399 I-.646 J-1.764 E.01183
G1 X105.427 Y124.945 E.04375
G3 X105.046 Y125.031 I-.601 J-1.768 E.01177
G1 X105.046 Y126.46 E.04297
G1 X104.666 Y126.52 E.0116
G1 X104.666 Y125.091 E.04297
G1 X104.285 Y125.152 E.0116
G1 X104.285 Y126.58 E.04297
G1 X103.904 Y126.641 E.0116
G1 X103.904 Y125.212 E.04297
G3 X103.523 Y125.264 I-.437 J-1.786 E.01158
G1 X103.523 Y126.677 E.0425
G1 X103.142 Y126.697 E.01147
G1 X103.142 Y125.284 E.0425
G1 X102.762 Y125.304 E.01147
G1 X102.762 Y126.717 E.0425
G1 X102.381 Y126.737 E.01147
G1 X102.381 Y125.324 E.0425
G1 X102 Y125.344 E.01147
G1 X102 Y126.757 E.0425
G1 X101.619 Y126.737 E.01147
G1 X101.619 Y125.324 E.0425
G1 X101.238 Y125.304 E.01147
G1 X101.238 Y126.717 E.0425
G1 X100.858 Y126.697 E.01147
G1 X100.858 Y125.284 E.0425
G1 X100.477 Y125.264 E.01147
G1 X100.477 Y126.677 E.0425
G3 X100.096 Y126.641 I-.019 J-1.829 E.01153
G1 X100.096 Y125.212 E.04297
G1 X99.715 Y125.152 E.0116
G1 X99.715 Y126.58 E.04297
G1 X99.334 Y126.52 E.0116
G1 X99.334 Y125.091 E.04297
G1 X98.954 Y125.031 E.0116
G1 X98.954 Y126.46 E.04297
G1 X98.573 Y126.399 E.0116
G1 X98.573 Y124.945 E.04375
G1 X98.192 Y124.843 E.01186
G1 X98.192 Y126.303 E.04394
G1 X97.811 Y126.201 E.01186
G1 X97.811 Y124.741 E.04394
G1 X97.43 Y124.639 E.01186
G1 X97.43 Y126.099 E.04394
G1 X97.05 Y125.997 E.01186
G1 X97.05 Y124.512 E.04467
G1 X96.669 Y124.366 E.01227
G1 X96.669 Y125.878 E.04546
G1 X96.288 Y125.731 E.01227
G1 X96.288 Y124.22 E.04546
G1 X95.907 Y124.074 E.01227
G1 X95.907 Y125.585 E.04546
G1 X95.526 Y125.439 E.01227
G1 X95.526 Y123.899 E.04634
G1 X95.146 Y123.705 E.01286
G1 X95.146 Y125.288 E.04763
G1 X94.765 Y125.094 E.01286
G1 X94.765 Y123.511 E.04763
G1 X94.384 Y123.316 E.01286
G1 X94.384 Y124.9 E.04763
G1 X94.003 Y124.706 E.01286
G1 X94.003 Y123.077 E.049
G1 X93.623 Y122.83 E.01366
G1 X93.622 Y124.512 E.05059
G1 X93.242 Y124.265 E.01363
G1 X93.242 Y122.582 E.0506
G3 X92.861 Y122.316 I1.079 J-1.946 E.01401
G1 X92.861 Y124.017 E.05119
G1 X92.48 Y123.77 E.01366
G1 X92.48 Y122.007 E.05302
G1 X92.099 Y121.699 E.01474
G1 X92.099 Y123.515 E.05461
G1 X91.719 Y123.206 E.01474
G1 X91.719 Y121.388 E.05469
G1 X91.338 Y121.007 E.0162
G1 X91.338 Y122.898 E.05687
G1 X90.957 Y122.59 E.01474
G1 X90.957 Y120.626 E.05905
G1 X90.576 Y120.241 E.01631
G1 X90.576 Y122.241 E.06017
G1 X90.195 Y121.86 E.0162
G1 X90.195 Y119.77 E.06286
G1 X89.815 Y119.3 E.0182
G1 X89.815 Y121.479 E.06555
G3 X89.434 Y121.072 I1.748 J-2.015 E.01681
G1 X89.434 Y118.783 E.06884
G1 X89.053 Y118.197 E.02103
G1 X89.053 Y120.602 E.07233
G1 X88.672 Y120.131 E.0182
G1 X88.672 Y117.594 E.07633
G1 X88.291 Y116.846 E.02523
G1 X88.291 Y119.615 E.08327
G1 X87.911 Y119.028 E.02103
G1 X87.911 Y116.053 E.08951
G1 X87.53 Y115.061 E.03196
G1 X87.53 Y118.442 E.10171
G1 X87.149 Y117.712 E.02476
G1 X87.149 Y113.099 E.13876
G1 E-1.75 F6000
;WIPE_START
G1 F1800
G1 X87.149 Y114.099 E-.75
;WIPE_END
G1 X90.858 Y113.2 Z10.24 F18000
G1 X116.851 Y106.901 Z10.24
G1 Z10.04
G1 E2.5 F6000
G1 F1800
G1 X116.851 Y102.288 E.13876
G1 X116.47 Y101.558 E.02476
G1 X116.47 Y104.94 E.10173
G1 X116.089 Y103.95 E.0319
G1 X116.089 Y100.972 E.0896
G1 X115.709 Y100.385 E.02103
G1 X115.709 Y103.154 E.08327
G1 X115.328 Y102.406 E.02523
G1 X115.328 Y99.869 E.07633
G1 X114.947 Y99.398 E.0182
G1 X114.947 Y101.803 E.07234
G1 X114.566 Y101.217 E.02103
G1 X114.566 Y98.928 E.06884
G2 X114.185 Y98.521 I-2.128 J1.607 E.01681
G1 X114.185 Y100.7 E.06555
G1 X113.805 Y100.23 E.0182
G1 X113.805 Y98.14 E.06286
G1 X113.424 Y97.759 E.0162
G1 X113.424 Y99.759 E.06017
G1 X113.043 Y99.374 E.01631
G1 X113.043 Y97.41 E.05905
G1 X112.662 Y97.102 E.01474
G1 X112.662 Y98.993 E.05687
G1 X112.281 Y98.612 E.0162
G1 X112.281 Y96.794 E.05469
G1 X111.901 Y96.485 E.01474
G1 X111.901 Y98.301 E.05461
G1 X111.52 Y97.992 E.01474
G1 X111.52 Y96.23 E.05302
G1 X111.139 Y95.983 E.01366
G1 X111.139 Y97.684 E.05118
G2 X110.758 Y97.418 I-1.459 J1.679 E.01401
G1 X110.758 Y95.735 E.0506
G1 X110.378 Y95.488 E.01363
G1 X110.377 Y97.17 E.05059
G1 X109.997 Y96.923 E.01366
G1 X109.997 Y95.294 E.049
G1 X109.616 Y95.1 E.01286
G1 X109.616 Y96.683 E.04763
G1 X109.235 Y96.489 E.01286
G1 X109.235 Y94.906 E.04763
G1 X108.854 Y94.712 E.01286
G1 X108.854 Y96.295 E.04763
G1 X108.473 Y96.101 E.01286
G1 X108.473 Y94.561 E.04634
G1 X108.093 Y94.415 E.01227
G1 X108.093 Y95.926 E.04546
G1 X107.712 Y95.78 E.01227
G1 X107.712 Y94.269 E.04546
G1 X107.331 Y94.122 E.01227
G1 X107.331 Y95.634 E.04546
G1 X106.95 Y95.488 E.01227
G1 X106.95 Y94.003 E.04467
G1 X106.569 Y93.901 E.01186
G1 X106.569 Y95.361 E.04394
G1 X106.189 Y95.259 E.01186
G1 X106.189 Y93.799 E.04394
G1 X105.808 Y93.697 E.01186
G1 X105.808 Y95.157 E.04394
G1 X105.427 Y95.055 E.01186
G1 X105.427 Y93.601 E.04375
G1 X105.046 Y93.541 E.0116
G1 X105.046 Y94.969 E.04296
G1 X104.666 Y94.909 E.0116
G1 X104.666 Y93.481 E.04295
G1 X104.285 Y93.421 E.0116
G1 X104.285 Y94.848 E.04294
G1 X103.904 Y94.788 E.0116
G1 X103.904 Y93.361 E.04293
G2 X103.523 Y93.323 I-.37 J1.806 E.01153
G1 X103.523 Y94.736 E.0425
G1 X103.142 Y94.716 E.01147
G1 X103.142 Y93.303 E.0425
G1 X102.762 Y93.283 E.01147
G1 X102.762 Y94.696 E.0425
G1 X102.381 Y94.676 E.01147
G1 X102.381 Y93.263 E.0425
G1 X102 Y93.243 E.01147
G1 X102 Y94.656 E.0425
G1 X101.619 Y94.676 E.01147
G1 X101.619 Y93.263 E.0425
G1 X101.238 Y93.283 E.01147
G1 X101.238 Y94.696 E.0425
G1 X100.858 Y94.716 E.01147
G1 X100.858 Y93.303 E.0425
G1 X100.477 Y93.323 E.01147
G1 X100.477 Y94.736 E.0425
G2 X100.096 Y94.789 I.063 J1.852 E.01158
G1 X100.096 Y93.359 E.043
G1 X99.715 Y93.42 E.0116
G1 X99.715 Y94.849 E.04299
G1 X99.334 Y94.909 E.0116
G1 X99.334 Y93.48 E.04298
G1 X98.954 Y93.54 E.0116
G1 X98.954 Y94.969 E.04297
G2 X98.573 Y95.055 I.217 J1.841 E.01177
G1 X98.573 Y93.601 E.04375
G2 X98.192 Y93.697 I.266 J1.86 E.01183
G1 X98.192 Y95.157 E.04394
G1 X97.811 Y95.259 E.01186
G1 X97.811 Y93.799 E.04394
G1 X97.43 Y93.901 E.01186
G1 X97.43 Y95.361 E.04394
G2 X97.05 Y95.488 I.41 J1.875 E.01209
G1 X97.05 Y94.003 E.04467
G2 X96.669 Y94.122 I.38 J1.872 E.01203
G1 X96.669 Y95.634 E.04546
G1 X96.288 Y95.78 E.01227
G1 X96.288 Y94.269 E.04546
G1 X95.907 Y94.415 E.01227
G1 X95.907 Y95.926 E.04546
G2 X95.526 Y96.101 I.644 J1.899 E.01263
G1 X95.526 Y94.561 E.04634
G2 X95.146 Y94.712 I.528 J1.886 E.01234
G1 X95.146 Y96.295 E.04763
G1 X94.765 Y96.489 E.01286
G1 X94.765 Y94.906 E.04763
G1 X94.384 Y95.1 E.01286
G1 X94.384 Y96.684 E.04763
G2 X94.003 Y96.923 I.949 J1.931 E.01356
G1 X94.003 Y95.294 E.049
G1 X93.623 Y95.488 E.01286
G1 X93.623 Y97.17 E.0506
G1 X93.242 Y97.418 E.01366
G1 X93.242 Y95.735 E.0506
G1 X92.861 Y95.983 E.01366
G1 X92.861 Y97.684 E.05119
G1 X92.48 Y97.993 E.01474
G1 X92.48 Y96.23 E.05302
G2 X92.099 Y96.485 I1.025 J1.939 E.01382
G1 X92.099 Y98.301 E.05461
G2 X91.719 Y98.612 I1.289 J1.967 E.01482
G1 X91.719 Y96.794 E.05469
G1 X91.338 Y97.102 E.01474
G1 X91.338 Y98.993 E.05687
G1 X90.957 Y99.374 E.0162
G1 X90.957 Y97.41 E.05905
G2 X90.576 Y97.759 I1.468 J1.986 E.01556
G1 X90.576 Y99.759 E.06017
G1 X90.195 Y100.23 E.0182
G1 X90.195 Y98.14 E.06286
G1 X89.815 Y98.521 E.0162
G1 X89.815 Y100.7 E.06555
G2 X89.434 Y101.217 I2.269 J2.07 E.01935
G1 X89.434 Y98.928 E.06884
G1 X89.053 Y99.398 E.0182
G1 X89.053 Y101.803 E.07233
G1 X88.672 Y102.406 E.02146
G1 X88.672 Y99.869 E.07633
G2 X88.291 Y100.385 I2.267 J2.07 E.01934
G1 X88.291 Y103.154 E.08327
G1 X87.983 Y103.759 E.02044
G1 X87.911 Y103.947 E.00607
G1 X87.911 Y100.972 E.08951
G1 X87.53 Y101.558 E.02103
G1 X87.53 Y104.939 E.10171
G1 X87.407 Y105.259 E.01028
G1 X87.149 Y106.222 E.03002
G1 X87.149 Y102.288 E.11835
G1 X86.768 Y103.035 E.02523
G1 X86.768 Y116.965 E.41901
G1 X86.692 Y116.816 E.00504
G1 X86.387 Y116.022 E.02557
G1 X86.387 Y103.978 E.36227
G1 X86.064 Y104.822 E.02718
G1 X86.007 Y105.035 E.00662
G1 X86.007 Y114.965 E.29872
G1 X85.626 Y113.544 E.04426
G1 X85.626 Y106.456 E.21322
G1 X85.335 Y108.248 E.05463
G1 X85.245 Y109.969 E.05184
G1 X85.245 Y112.267 E.0691
G1 E-1.75 F6000
;WIPE_START
G1 F1800
G1 X85.245 Y111.267 E-.75
;WIPE_END
G1 X88.99 Y110.532 Z10.24 F18000
G1 X117.922 Y104.852 Z10.24
G1 Z10.04
G1 E2.5 F6000
M204 P2000
;TYPE:Gap infill
;WIDTH:0.224266
G1 X117.897 Y104.716 E.00197
;WIDTH:0.185382
G1 X117.872 Y104.581 E.00155
;WIDTH:0.146497
G1 X117.846 Y104.446 E.00112
;WIDTH:0.127055
G1 X117.821 Y104.311 E.00091
G1 E-2.36252
;WIPE_START
G1 X117.846 Y104.446 E-.13748
;WIPE_END
G1 X116.641 Y105.727 Z10.24 F18000
G1 Z10.04
G1 E2.5 F6000
;WIDTH:0.107363
G1 X116.621 Y105.573 E.00079
;WIDTH:0.145751
G1 X116.6 Y105.42 E.00126
;WIDTH:0.185225
G1 X116.579 Y105.258 E.00183
;WIDTH:0.206038
G1 X116.553 Y105.118 E.00183
G1 E-2.35763
;WIPE_START
G1 X116.579 Y105.258 E-.14237
;WIPE_END
G1 X117.02 Y107.356 Z10.24 F18000
G1 Z10.04
G1 E2.5 F6000
;WIDTH:0.103122
G1 X117.003 Y107.128 E.00109
;WIDTH:0.118074
G1 X116.985 Y106.901 E.00135
G1 E-2.27177
;WIPE_START
G1 X117.003 Y107.128 E-.22823
;WIPE_END
G1 X118.621 Y107.733 Z10.24 F18000
G1 Z10.04
G1 E2.5 F6000
;WIDTH:0.133023
G1 X118.603 Y107.505 E.00162
;WIDTH:0.118072
G1 X118.585 Y107.278 E.00135
G1 E-2.27178
;WIPE_START
G1 X118.603 Y107.505 E-.22822
;WIPE_END
G1 X117.589 Y111.184 Z10.24 F18000
G1 X116.924 Y113.595 Z10.24
G1 Z10.04
G1 E2.5 F6000
;WIDTH:0.230654
G1 X116.951 Y113.391 E.00305
;WIDTH:0.189823
G1 X116.978 Y113.18 E.00247
;WIDTH:0.148786
G1 X116.999 Y112.912 E.00225
;WIDTH:0.12858
G1 X117.02 Y112.644 E.00182
G1 E-2.23116
;WIPE_START
G1 X116.999 Y112.912 E-.26884
;WIPE_END
G1 X118.301 Y113.727 Z10.24 F18000
G1 Z10.04
G1 E2.5 F6000
;WIDTH:0.230421
G1 X118.277 Y113.913 E.00277
;WIDTH:0.189778
G1 X118.252 Y114.098 E.00217
;WIDTH:0.149135
G1 X118.228 Y114.284 E.00157
;WIDTH:0.128813
G1 X118.203 Y114.47 E.00127
G1 E-2.31268
;WIPE_START
G1 X118.228 Y114.284 E-.18732
;WIPE_END
G1 X117.53 Y116.2 Z10.24 F18000
G1 Z10.04
G1 E2.5 F6000
;WIDTH:0.202196
G1 X117.5 Y116.36 E.00205
;WIDTH:0.156586
G1 X117.47 Y116.521 E.00146
;WIDTH:0.13378
G1 X117.441 Y116.681 E.00117
G1 E-2.33697
;WIPE_START
G1 X117.47 Y116.521 E-.16303
;WIPE_END
G1 X116.172 Y115.874 Z10.24 F18000
G1 Z10.04
G1 E2.5 F6000
;WIDTH:0.202195
G1 X116.202 Y115.714 E.00205
;WIDTH:0.156585
G1 X116.231 Y115.554 E.00146
;WIDTH:0.13378
G1 X116.261 Y115.393 E.00117
G1 E-2.33697
;WIPE_START
G1 X116.231 Y115.554 E-.16303
;WIPE_END
G1 X112.415 Y115.571 Z10.24 F18000
G1 X86.179 Y115.689 Z10.24
G1 Z10.04
G1 E2.5 F6000
;WIDTH:0.107615
G1 X86.153 Y115.554 E.0007
;WIDTH:0.146508
G1 X86.128 Y115.418 E.00113
;WIDTH:0.1854
G1 X86.103 Y115.283 E.00155
;WIDTH:0.204846
G1 X86.078 Y115.148 E.00176
G1 E-2.36249
;WIPE_START
G1 X86.103 Y115.283 E-.13751
;WIPE_END
G1 X87.447 Y114.882 Z10.24 F18000
G1 Z10.04
G1 E2.5 F6000
;WIDTH:0.214883
G1 X87.42 Y114.733 E.00206
;WIDTH:0.18412
G1 X87.399 Y114.58 E.00172
;WIDTH:0.14574
G1 X87.379 Y114.427 E.00126
;WIDTH:0.12655
G1 X87.359 Y114.273 E.00102
G1 E-2.34544
;WIPE_START
G1 X87.379 Y114.427 E-.15456
;WIPE_END
G1 X87.015 Y113.099 Z10.24 F18000
G1 Z10.04
G1 E2.5 F6000
;WIDTH:0.133025
G1 X86.997 Y112.872 E.00162
;WIDTH:0.118073
G1 X86.98 Y112.644 E.00135
G1 E-2.27176
;WIPE_START
G1 X86.997 Y112.872 E-.22824
;WIPE_END
G1 X85.415 Y112.722 Z10.24 F18000
G1 Z10.04
G1 E2.5 F6000
;WIDTH:0.103121
G1 X85.397 Y112.494 E.00109
;WIDTH:0.118072
G1 X85.379 Y112.267 E.00135
G1 E-2.27181
;WIPE_START
G1 X85.397 Y112.494 E-.22819
;WIPE_END
G1 X86.411 Y108.815 Z10.24 F18000
G1 X87.076 Y106.405 Z10.24
G1 Z10.04
G1 E2.5 F6000
;WIDTH:0.230662
G1 X87.049 Y106.609 E.00305
;WIDTH:0.189845
G1 X87.022 Y106.82 E.00247
;WIDTH:0.148806
G1 X87.001 Y107.088 E.00225
;WIDTH:0.128594
G1 X86.98 Y107.356 E.00182
G1 E-2.23105
;WIPE_START
G1 X87.001 Y107.088 E-.26895
;WIPE_END
G1 X85.699 Y106.273 Z10.24 F18000
G1 Z10.04
G1 E2.5 F6000
;WIDTH:0.230425
G1 X85.723 Y106.088 E.00277
;WIDTH:0.189781
G1 X85.748 Y105.902 E.00217
;WIDTH:0.149137
G1 X85.772 Y105.716 E.00157
;WIDTH:0.128814
G1 X85.797 Y105.53 E.00127
G1 E-2.31267
;WIPE_START
G1 X85.772 Y105.716 E-.18733
;WIPE_END
G1 X86.47 Y103.8 Z10.24 F18000
G1 Z10.04
G1 E2.5 F6000
;WIDTH:0.202201
G1 X86.5 Y103.64 E.00205
;WIDTH:0.156589
G1 X86.53 Y103.479 E.00146
;WIDTH:0.133783
G1 X86.559 Y103.319 E.00117
G1 E-2.33695
;WIPE_START
G1 X86.53 Y103.479 E-.16305
;WIPE_END
G1 X87.828 Y104.126 Z10.24 F18000
G1 Z10.04
G1 E2.5 F6000
;WIDTH:0.202193
G1 X87.798 Y104.286 E.00205
;WIDTH:0.156584
G1 X87.768 Y104.446 E.00146
;WIDTH:0.133779
G1 X87.739 Y104.607 E.00117
; stop printing object mid_plate.stl id:1992740639744 copy 0
G1 E-2.33698 F6000
;WIPE_START
G1 F6000
G1 X87.768 Y104.446 E-.16302
;WIPE_END
M106 S0
;TYPE:Custom
; filament end gcode 
;M106 P3 S0
M140 S0 ; heatbed off
M107 ; fan off
G91 ; relative positioning
M83 ; extruder relative mode
G1 E-3 F3000 ; retract
G1 Z+0.5 F3000 ; lift nozzle
M104 S0 ; extruder off
G28 X Y ; home X/Y
G90 ; absolute positioning
G1 Y220 F3000
M84 ; steppers off
M300 S1318 P266
; EXECUTABLE_BLOCK_END

; filament used [mm] = 3227.96
; filament used [cm3] = 7.76
; filament used [g] = 9.63
; filament cost = 0.17
; total filament used [g] = 9.63
; total filament cost = 0.17
; total layers count = 50
; estimated printing time (normal mode) = 38m 16s
; estimated first layer printing time (normal mode) = 4m 29s

; CONFIG_BLOCK_START
; accel_to_decel_enable = 1
; accel_to_decel_factor = 50%
; activate_air_filtration = 0
; activate_air_filtration_during_print = 1
; activate_air_filtration_on_completion = 1
; activate_chamber_temp_control = 0
; adaptive_bed_mesh_margin = 0
; adaptive_pressure_advance = 0
; adaptive_pressure_advance_bridges = 0
; adaptive_pressure_advance_model = "0,0,0\n0,0,0"
; adaptive_pressure_advance_overhangs = 0
; additional_cooling_fan_speed = 0
; additional_fan_full_speed_layer = 0
; align_infill_direction_to_model = 0
; alternate_extra_wall = 0
; auxiliary_fan = 0
; bbl_calib_mark_logo = 1
; bbl_use_printhost = 0
; bed_custom_model = 
; bed_custom_texture = 
; bed_exclude_area = 0x0
; bed_mesh_max = 0,0
; bed_mesh_min = 0,0
; bed_mesh_probe_distance = 0,0
; bed_temperature_formula = by_highest_temp
; before_layer_change_gcode = G92 E0 ; zero the extruded length again\n; BEFORE_LAYER_CHANGE [layer_num] @ [layer_z]mm
; best_object_pos = 0.5,0.5
; bottom_shell_layers = 4
; bottom_shell_thickness = 0.6
; bottom_solid_infill_flow_ratio = 1
; bottom_surface_density = 100%
; bottom_surface_filament_id = 0
; bottom_surface_pattern = monotonic
; bridge_acceleration = 50%
; bridge_angle = 0
; bridge_density = 100%
; bridge_flow = 0.9
; bridge_line_width = 100%
; bridge_no_support = 1
; bridge_speed = 25
; brim_ears_detection_length = 1
; brim_ears_max_angle = 125
; brim_flow_ratio = 1
; brim_object_gap = 0.15
; brim_type = outer_only
; brim_use_efc_outline = 0
; brim_width = 5
; calib_flowrate_topinfill_special_order = 0
; chamber_minimal_temperature = 0
; chamber_temperature = 0
; change_extrusion_role_gcode = 
; change_filament_gcode = 
; close_additional_fan_first_x_layers = 1
; close_fan_the_first_x_layers = 3
; combine_brims = 0
; compatible_printers_condition = 
; complete_print_exhaust_fan_speed = 70
; cool_plate_temp = 80
; cool_plate_temp_initial_layer = 80
; cooling_tube_length = 0
; cooling_tube_retraction = 0
; counterbore_hole_bridging = none
; curr_bed_type = Cool Plate
; default_acceleration = 2000
; default_filament_colour = ""
; default_filament_profile = "Anycubic Generic PLA"
; default_jerk = 0
; default_junction_deviation = 0
; default_print_profile = 0.20mm Standard @Anycubic Kobra Neo 0.4 nozzle
; deretraction_speed = 0
; detect_narrow_internal_solid_infill = 1
; detect_overhang_wall = 1
; detect_thin_wall = 0
; different_settings_to_system = ;;
; disable_m73 = 1
; dont_filter_internal_bridges = disabled
; dont_slow_down_outer_wall = 0
; draft_shield = disabled
; during_print_exhaust_fan_speed = 70
; elefant_foot_compensation = 0.075
; elefant_foot_compensation_layers = 1
; elefant_foot_layers_density = 100%
; emit_machine_limits_to_gcode = 1
; enable_arc_fitting = 1
; enable_extra_bridge_layer = disabled
; enable_filament_ramming = 0
; enable_long_retraction_when_cut = 0
; enable_overhang_bridge_fan = 1
; enable_overhang_speed = 1
; enable_power_loss_recovery = printer_configuration
; enable_pressure_advance = 0
; enable_prime_tower = 0
; enable_support = 0
; enable_tower_interface_cooldown_during_tower = 0
; enable_tower_interface_features = 0
; enable_wrapping_detection = 0
; enforce_support_layers = 0
; eng_plate_temp = 60
; eng_plate_temp_initial_layer = 60
; ensure_vertical_shell_thickness = ensure_all
; exclude_object = 0
; extra_loading_move = 0
; extra_perimeters_on_overhangs = 1
; extra_solid_infills = 
; extruder_ams_count = 
; extruder_clearance_height_to_lid = 20
; extruder_clearance_height_to_rod = 20
; extruder_clearance_radius = 20
; extruder_colour = #F2754E
; extruder_offset = 0x0
; extruder_printable_area = 
; extruder_printable_height = 0
; extruder_type = Direct Drive
; extrusion_rate_smoothing_external_perimeter_only = 0
; fan_cooling_layer_time = 30
; fan_kickstart = 0
; fan_max_speed = 70
; fan_min_speed = 40
; fan_speedup_overhangs = 1
; fan_speedup_time = 0
; filament_adaptive_volumetric_speed = 0
; filament_adhesiveness_category = 0
; filament_change_extrusion_role_gcode = ""
; filament_change_length = 10
; filament_colour = #F2754E
; filament_cooling_before_tower = 10
; filament_cooling_final_speed = 3.4
; filament_cooling_initial_speed = 2.2
; filament_cooling_moves = 4
; filament_cost = 18
; filament_density = 1.24
; filament_diameter = 1.75
; filament_end_gcode = "; filament end gcode \n;M106 P3 S0\n"
; filament_extruder_variant = "Direct Drive Standard"
; filament_flow_ratio = 0.95
; filament_flush_temp = 0
; filament_flush_volumetric_speed = 0
; filament_ids = NUMPETGHS
; filament_is_support = 0
; filament_loading_speed = 28
; filament_loading_speed_start = 3
; filament_map = 1
; filament_map_mode = Auto For Flush
; filament_max_volumetric_speed = 8
; filament_minimal_purge_on_wipe_tower = 15
; filament_multitool_ramming = 0
; filament_multitool_ramming_flow = 10
; filament_multitool_ramming_volume = 10
; filament_notes = ""
; filament_printable = 3
; filament_ramming_parameters = "120 100 6.6 6.8 7.2 7.6 7.9 8.2 8.7 9.4 9.9 10.0| 0.05 6.6 0.45 6.8 0.95 7.8 1.45 8.3 1.95 9.7 2.45 10 2.95 7.6 3.45 7.6 3.95 7.6 4.45 7.6 4.95 7.6"
; filament_self_index = 1
; filament_settings_id = "numakers PETG-HS Braillix"
; filament_shrink = 100%
; filament_shrinkage_compensation_z = 100%
; filament_soluble = 0
; filament_stamping_distance = 0
; filament_stamping_loading_speed = 0
; filament_start_gcode = "; Filament gcode\n;{if activate_air_filtration[current_extruder] && support_air_filtration}\n;M106 P3 S{during_print_exhaust_fan_speed_num[current_extruder]} \n;{endif}"
; filament_toolchange_delay = 0
; filament_tower_interface_pre_extrusion_dist = 10
; filament_tower_interface_pre_extrusion_length = 0
; filament_tower_interface_print_temp = -1
; filament_tower_interface_purge_volume = 20
; filament_tower_ironing_area = 4
; filament_type = PETG
; filament_unloading_speed = 90
; filament_unloading_speed_start = 100
; filament_vendor = numakers
; file_start_gcode = 
; filename_format = {input_filename_base}_{filament_type[0]}_{layer_height}_{print_time}.gcode
; fill_multiline = 1
; filter_out_gap_fill = 0
; first_layer_flow_ratio = 1
; first_layer_print_sequence = 0
; first_x_layer_fan_speed = 0
; flush_into_infill = 0
; flush_into_objects = 0
; flush_into_support = 0
; flush_multiplier = 0.3
; flush_volumes_matrix = 0,280,280,280,280,0,280,280,280,280,0,280,280,280,280,0
; flush_volumes_vector = 140,140,140,140,140,140,140,140
; full_fan_speed_layer = 3
; fuzzy_skin = none
; fuzzy_skin_first_layer = 0
; fuzzy_skin_layers_between_ripple_offset = 1
; fuzzy_skin_mode = displacement
; fuzzy_skin_noise_type = classic
; fuzzy_skin_octaves = 4
; fuzzy_skin_persistence = 0.5
; fuzzy_skin_point_distance = 0.8
; fuzzy_skin_ripple_offset = 50%
; fuzzy_skin_ripples_per_layer = 15
; fuzzy_skin_scale = 1
; fuzzy_skin_thickness = 0.3
; gap_fill_flow_ratio = 1
; gap_fill_target = topbottom
; gap_infill_speed = 100
; gcode_add_line_number = 0
; gcode_comments = 0
; gcode_flavor = marlin2
; gcode_label_objects = 1
; grab_length = 0
; gyroid_optimized = 0
; has_scarf_joint_seam = 0
; head_wrap_detect_zone = 
; high_current_on_filament_swap = 0
; hole_to_polyhole = 0
; hole_to_polyhole_threshold = 0.01
; hole_to_polyhole_twisted = 1
; host_type = octoprint
; hot_plate_temp = 80
; hot_plate_temp_initial_layer = 80
; idle_temperature = 0
; independent_support_layer_height = 1
; infill_anchor = 400
; infill_anchor_max = 10
; infill_combination = 0
; infill_combination_max_layer_height = 100%
; infill_direction = 45
; infill_jerk = 9
; infill_lock_depth = 1
; infill_overhang_angle = 60
; infill_shift_step = 0.4
; infill_wall_overlap = 15%
; inherits_group = ;;
; initial_layer_acceleration = 500
; initial_layer_infill_speed = 50
; initial_layer_jerk = 9
; initial_layer_line_width = 0.5
; initial_layer_min_bead_width = 85%
; initial_layer_print_height = 0.24
; initial_layer_speed = 50
; initial_layer_travel_acceleration = 100%
; initial_layer_travel_jerk = 100%
; initial_layer_travel_speed = 100%
; inner_wall_acceleration = 1500
; inner_wall_filament_id = 0
; inner_wall_flow_ratio = 1
; inner_wall_jerk = 10
; inner_wall_line_width = 0.45
; inner_wall_speed = 100
; input_shaping_damp_x = 0.1
; input_shaping_damp_y = 0.1
; input_shaping_emit = 0
; input_shaping_freq_x = 0
; input_shaping_freq_y = 0
; input_shaping_type = Default
; interface_shells = 0
; interlocking_beam = 0
; interlocking_beam_layer_count = 2
; interlocking_beam_width = 0.8
; interlocking_boundary_avoidance = 2
; interlocking_depth = 2
; interlocking_orientation = 22.5
; internal_bridge_angle = 0
; internal_bridge_density = 100%
; internal_bridge_fan_speed = -1
; internal_bridge_flow = 1
; internal_bridge_speed = 150%
; internal_solid_filament_id = 0
; internal_solid_infill_acceleration = 100%
; internal_solid_infill_flow_ratio = 1
; internal_solid_infill_line_width = 0.42
; internal_solid_infill_pattern = rectilinear
; internal_solid_infill_speed = 100
; ironing_angle = 0
; ironing_angle_fixed = 0
; ironing_fan_speed = -1
; ironing_flow = 15%
; ironing_inset = 0
; ironing_pattern = rectilinear
; ironing_spacing = 0.1
; ironing_speed = 15
; ironing_type = no ironing
; is_infill_first = 0
; lateral_lattice_angle_1 = -45
; lateral_lattice_angle_2 = 45
; layer_change_gcode = ; AFTER_LAYER_CHANGE [layer_num] @ [layer_z]mm
; layer_height = 0.2
; lightning_overhang_angle = 45
; lightning_prune_angle = 45
; lightning_straightening_angle = 45
; line_width = 0.42
; long_retractions_when_cut = 0
; long_retractions_when_ec = 0
; machine_end_gcode = M140 S0 ; heatbed off\nM107 ; fan off\nG91 ; relative positioning\nM83 ; extruder relative mode\nG1 E-3 F3000 ; retract\nG1 Z+0.5 F3000 ; lift nozzle\nM104 S0 ; extruder off\nG28 X Y ; home X/Y\nG90 ; absolute positioning\nG1 Y220 F3000\nM84 ; steppers off\nM300 S1318 P266
; machine_load_filament_time = 42
; machine_max_acceleration_e = 2000,2000
; machine_max_acceleration_extruding = 2000,2000
; machine_max_acceleration_retracting = 2000,2000
; machine_max_acceleration_travel = 20000,20000
; machine_max_acceleration_x = 2000,2000
; machine_max_acceleration_y = 2000,2000
; machine_max_acceleration_z = 800,800
; machine_max_jerk_e = 5,5
; machine_max_jerk_x = 10,10
; machine_max_jerk_y = 10,10
; machine_max_jerk_z = 2,2
; machine_max_junction_deviation = 0.01
; machine_max_speed_e = 100,100
; machine_max_speed_x = 300,300
; machine_max_speed_y = 300,300
; machine_max_speed_z = 8,8
; machine_min_extruding_rate = 0,0
; machine_min_travel_rate = 0,0
; machine_pause_gcode = M601
; machine_start_gcode = G21 ; metric values\nG90 ; use absolute coordinates\nM83 ; extruder relative mode\nM104 S[first_layer_temperature] ; set extruder temp\nM140 S[first_layer_bed_temperature] ; set bed temp\nG28 ; home all axes\nG29 ; auto bed leveling\nM300 S1318 P266\nG1 Z5 F5000 ; lift nozzle\nG1 X0 Y0 F3000\nG1 Z0.3 ; lower nozzle\nG92 E0 ; zero extruded length\nG1 X10 Y5 F1800 ; move to purge line start\nM190 S[first_layer_bed_temperature] ; wait for bed temp\nM109 S[first_layer_temperature] ; wait for extruder temp\nG1 X60 Y5 E20 F500 ; purge line\nG92 E0 ; zero extruded length\nG1 E-4.5 F4000 ; retract\nG92 E0 ; zero extruded length\nG1 X120 F4000 ; wipe\nM117 Printing...
; machine_tool_change_time = 0
; machine_unload_filament_time = 0
; make_overhang_printable = 0
; make_overhang_printable_angle = 55
; make_overhang_printable_hole_size = 0
; manual_filament_change = 0
; master_extruder_id = 1
; max_bridge_length = 10
; max_layer_height = 0.28
; max_resonance_avoidance_speed = 120
; max_travel_detour_distance = 0
; max_volumetric_extrusion_rate_slope = 0
; max_volumetric_extrusion_rate_slope_segment_length = 5
; min_bead_width = 85%
; min_feature_size = 25%
; min_layer_height = 0.08
; min_length_factor = 0.5
; min_resonance_avoidance_speed = 70
; min_skirt_length = 0
; min_width_top_surface = 300%
; minimum_sparse_infill_area = 15
; mmu_segmented_region_interlocking_depth = 0
; mmu_segmented_region_max_width = 0
; notes = 
; nozzle_diameter = 0.4
; nozzle_flush_dataset = 0
; nozzle_height = 4
; nozzle_hrc = 0
; nozzle_temperature = 230
; nozzle_temperature_initial_layer = 235
; nozzle_temperature_range_high = 260
; nozzle_temperature_range_low = 220
; nozzle_type = brass
; nozzle_volume = 0
; nozzle_volume_type = Standard
; only_one_wall_first_layer = 0
; only_one_wall_top = 1
; ooze_prevention = 0
; other_layers_print_sequence = 0
; other_layers_print_sequence_nums = 0
; outer_wall_acceleration = 1000
; outer_wall_filament_id = 0
; outer_wall_flow_ratio = 1
; outer_wall_jerk = 10
; outer_wall_line_width = 0.42
; outer_wall_speed = 60
; overhang_1_4_speed = 60
; overhang_2_4_speed = 50
; overhang_3_4_speed = 30
; overhang_4_4_speed = 10
; overhang_fan_speed = 50
; overhang_fan_threshold = 50%
; overhang_flow_ratio = 1
; overhang_reverse = 0
; overhang_reverse_internal_only = 0
; overhang_reverse_threshold = 50%
; parallel_printheads_bed_exclude_areas = 
; parallel_printheads_count = 1
; parking_pos_retraction = 0
; part_cooling_fan_min_pwm = 0
; physical_extruder_map = 0
; post_process = 
; precise_outer_wall = 0
; precise_z_height = 0
; preferred_orientation = 0
; preheat_steps = 1
; preheat_time = 30
; pressure_advance = 0.02
; prime_tower_brim_width = 5
; prime_tower_enable_framework = 0
; prime_tower_flat_ironing = 0
; prime_tower_infill_gap = 150%
; prime_tower_skip_points = 1
; prime_tower_width = 45
; prime_volume = 45
; print_compatible_printers = "Anycubic Kobra Neo 0.4 nozzle"
; print_extruder_id = 1
; print_extruder_variant = "Direct Drive Standard"
; print_flow_ratio = 1
; print_order = default
; print_sequence = by layer
; print_settings_id = Braillix 0.20mm PETG
; printable_area = 0x0,220x0,220x220,0x220
; printable_height = 250
; printer_extruder_id = 1
; printer_extruder_variant = "Direct Drive Standard"
; printer_model = Anycubic Kobra Neo
; printer_notes = 
; printer_settings_id = Anycubic Kobra Neo 0.4 nozzle
; printer_structure = i3
; printer_technology = FFF
; printer_variant = 0.4
; printhost_authorization_type = key
; printhost_ssl_ignore_revoke = 0
; printing_by_object_gcode = 
; process_change_extrusion_role_gcode = 
; purge_in_prime_tower = 0
; raft_contact_distance = 0.1
; raft_expansion = 1.5
; raft_first_layer_density = 90%
; raft_first_layer_expansion = 2
; raft_layers = 0
; reduce_crossing_wall = 1
; reduce_fan_stop_start_freq = 1
; reduce_infill_retraction = 1
; relative_bridge_angle = 0
; required_nozzle_HRC = 3
; resolution = 0.012
; resonance_avoidance = 0
; retract_before_wipe = 70%
; retract_length_toolchange = 0
; retract_lift_above = 0.3
; retract_lift_below = 258
; retract_lift_enforce = All Surfaces
; retract_restart_extra = 0
; retract_restart_extra_toolchange = 0
; retract_when_changing_layer = 1
; retraction_distances_when_cut = 18
; retraction_distances_when_ec = 10
; retraction_length = 2.5
; retraction_minimum_travel = 1
; retraction_speed = 100
; role_based_wipe_speed = 1
; scan_first_layer = 0
; scarf_angle_threshold = 155
; scarf_joint_flow_ratio = 1
; scarf_joint_speed = 100%
; scarf_overhang_threshold = 40%
; seam_gap = 15%
; seam_position = back
; seam_slope_conditional = 0
; seam_slope_entire_loop = 0
; seam_slope_inner_walls = 0
; seam_slope_min_length = 20
; seam_slope_start_height = 0
; seam_slope_steps = 10
; seam_slope_type = none
; set_other_flow_ratios = 0
; silent_mode = 0
; single_extruder_multi_material = 1
; single_extruder_multi_material_priming = 0
; single_loop_draft_shield = 0
; skeleton_infill_density = 25%
; skeleton_infill_line_width = 100%
; skin_infill_density = 25%
; skin_infill_depth = 2
; skin_infill_line_width = 100%
; skirt_distance = 2
; skirt_height = 1
; skirt_loops = 0
; skirt_speed = 50
; skirt_start_angle = -135
; skirt_type = combined
; slice_closing_radius = 0.049
; slicing_mode = regular
; slow_down_for_layer_cooling = 1
; slow_down_layer_time = 10
; slow_down_layers = 1
; slow_down_min_speed = 10
; slowdown_for_curled_perimeters = 0
; small_area_infill_flow_compensation = 0
; small_area_infill_flow_compensation_model = 0,0;"\n0.2,0.4444";"\n0.4,0.6145";"\n0.6,0.7059";"\n0.8,0.7619";"\n1.5,0.8571";"\n2,0.8889";"\n3,0.9231";"\n5,0.9520";"\n10,1"
; small_perimeter_speed = 50%
; small_perimeter_threshold = 0
; solid_infill_direction = 45
; solid_infill_rotate_template = 0,90
; sparse_infill_acceleration = 100%
; sparse_infill_density = 25%
; sparse_infill_filament_id = 0
; sparse_infill_flow_ratio = 1
; sparse_infill_line_width = 0.45
; sparse_infill_pattern = crosshatch
; sparse_infill_rotate_template = 
; sparse_infill_speed = 150
; spiral_finishing_flow_ratio = 0
; spiral_mode = 0
; spiral_mode_max_xy_smoothing = 200%
; spiral_mode_smooth = 0
; spiral_starting_flow_ratio = 0
; staggered_inner_seams = 0
; standby_temperature_delta = -5
; start_end_points = 30x-3,54x245
; supertack_plate_temp = 35
; supertack_plate_temp_initial_layer = 35
; support_air_filtration = 1
; support_angle = 0
; support_base_pattern = rectilinear
; support_base_pattern_spacing = 0.2
; support_bottom_interface_spacing = 0.5
; support_bottom_z_distance = 0.1
; support_chamber_temp_control = 1
; support_critical_regions_only = 0
; support_expansion = 0
; support_filament = 0
; support_flow_ratio = 1
; support_interface_bottom_layers = -1
; support_interface_filament = 0
; support_interface_flow_ratio = 1
; support_interface_loop_pattern = 0
; support_interface_not_for_body = 1
; support_interface_pattern = auto
; support_interface_spacing = 0.5
; support_interface_speed = 80
; support_interface_top_layers = 2
; support_ironing = 0
; support_ironing_flow = 10%
; support_ironing_pattern = rectilinear
; support_ironing_spacing = 0.1
; support_line_width = 0.4
; support_material_interface_fan_speed = -1
; support_multi_bed_types = 0
; support_object_first_layer_gap = 0.2
; support_object_skip_flush = 0
; support_object_xy_distance = 0.35
; support_on_build_plate_only = 1
; support_parallel_printheads = 0
; support_remove_small_overhang = 1
; support_speed = 100
; support_style = default
; support_threshold_angle = 40
; support_threshold_overlap = 50%
; support_top_z_distance = 0.1
; support_type = tree(auto)
; symmetric_infill_y_axis = 0
; temperature_vitrification = 85
; template_custom_gcode = 
; textured_cool_plate_temp = 40
; textured_cool_plate_temp_initial_layer = 40
; textured_plate_temp = 80
; textured_plate_temp_initial_layer = 80
; thick_bridges = 0
; thick_internal_bridges = 1
; thumbnails = 230x110/PNG
; thumbnails_format = PNG
; time_cost = 0
; time_lapse_gcode = 
; timelapse_type = 0
; tool_change_on_wipe_tower = 0
; top_bottom_infill_wall_overlap = 25%
; top_shell_layers = 5
; top_shell_thickness = 1
; top_solid_infill_flow_ratio = 1
; top_surface_acceleration = 1000
; top_surface_density = 100%
; top_surface_filament_id = 0
; top_surface_jerk = 9
; top_surface_line_width = 0.42
; top_surface_pattern = monotonic
; top_surface_speed = 30
; travel_acceleration = 2000
; travel_jerk = 10
; travel_slope = 3
; travel_speed = 300
; travel_speed_z = 0
; tree_support_angle_slow = 25
; tree_support_auto_brim = 1
; tree_support_branch_angle = 40
; tree_support_branch_angle_organic = 40
; tree_support_branch_diameter = 5
; tree_support_branch_diameter_angle = 5
; tree_support_branch_diameter_organic = 2
; tree_support_branch_distance = 5
; tree_support_branch_distance_organic = 1
; tree_support_brim_width = 3
; tree_support_tip_diameter = 0.8
; tree_support_top_rate = 30%
; tree_support_wall_count = 0
; upward_compatible_machine = 
; use_3mf = 0
; use_firmware_retraction = 0
; use_relative_e_distances = 1
; volumetric_speed_coefficients = ""
; wall_direction = ccw
; wall_distribution_count = 1
; wall_generator = classic
; wall_loops = 3
; wall_maximum_deviation = 0.025
; wall_maximum_resolution = 0.5
; wall_sequence = outer wall/inner wall
; wall_transition_angle = 10
; wall_transition_filter_deviation = 25%
; wall_transition_length = 100%
; wipe = 1
; wipe_before_external_loop = 0
; wipe_distance = 1
; wipe_on_loops = 0
; wipe_speed = 80%
; wipe_tower_bridging = 10
; wipe_tower_cone_angle = 15
; wipe_tower_extra_flow = 100%
; wipe_tower_extra_rib_length = 0
; wipe_tower_extra_spacing = 100%
; wipe_tower_filament = 0
; wipe_tower_fillet_wall = 1
; wipe_tower_max_purge_speed = 90
; wipe_tower_no_sparse_layers = 0
; wipe_tower_rib_width = 8
; wipe_tower_rotation_angle = 0
; wipe_tower_type = type2
; wipe_tower_wall_type = rib
; wipe_tower_x = 15.000
; wipe_tower_x = 15
; wipe_tower_y = 220.000
; wipe_tower_y = 220
; wiping_volumes_extruders = 70,70,70,70,70,70,70,70,70,70
; wrapping_detection_gcode = 
; wrapping_detection_layers = 20
; wrapping_exclude_area = 
; xy_contour_compensation = 0
; xy_hole_compensation = 0.1
; z_hop = 0.2
; z_hop_types = Auto Lift
; z_offset = 0
; zaa_dont_alternate_fill_direction = 0
; zaa_enabled = 0
; zaa_min_z = 0.05
; zaa_minimize_perimeter_height = 35
; first_layer_bed_temperature = 80
; bed_shape = 0x0,220x0,220x220,0x220
; first_layer_temperature = 235
; first_layer_height = 0.240
; CONFIG_BLOCK_END


