; HEADER_BLOCK_START
; generated by OrcaSlicer 2.4.2 on 2026-07-30 at 23:38:15
; total layer number: 43
; filament_density: 1.24
; filament_diameter: 1.75
; max_z_height: 8.64
; filament: 1
; HEADER_BLOCK_END

; external perimeters extrusion width = 0.42mm
; perimeters extrusion width = 0.45mm
; infill extrusion width = 0.45mm
; solid infill extrusion width = 0.42mm
; top infill extrusion width = 0.42mm
; first layer extrusion width = 0.50mm

; EXECUTABLE_BLOCK_START
M201 X2000 Y2000 Z800 E2000
M203 X300 Y300 Z8 E100
M204 P2000 R2000 T20000 ; sets acceleration (P, T) and retract acceleration (R), mm/sec^2
M205 X10.00 Y10.00 Z2.00 E5.00 ; sets the jerk limits, mm/sec
M205 J0.010
;TYPE:Custom
G21 ; metric values
G90 ; use absolute coordinates
M83 ; extruder relative mode
M104 S235 ; set extruder temp
M140 S60 ; set bed temp
G28 ; home all axes
G29 ; auto bed leveling
M300 S1318 P266
G1 Z5 F5000 ; lift nozzle
G1 X0 Y0 F3000
G1 Z0.3 ; lower nozzle
G92 E0 ; zero extruded length
G1 X10 Y5 F1800 ; move to purge line start
M190 S60 ; wait for bed temp
M109 S235 ; wait for extruder temp
G1 X60 Y5 E20 F500 ; purge line
G92 E0 ; zero extruded length
G1 E-4.5 F4000 ; retract
G92 E0 ; zero extruded length
G1 X120 F4000 ; wipe
M117 Printing...
G90
G21
M83 ; use relative distances for extrusion
; Filament gcode
;
M106 S0
;LAYER_CHANGE
;Z:0.24
;HEIGHT:0.24
G92 E0 ; zero the extruded length again
; BEFORE_LAYER_CHANGE 0 @ 0.24mm
G1 E-2.5 F6000
; AFTER_LAYER_CHANGE 0 @ 0.24mm
;_SET_FAN_SPEED_CHANGING_LAYER
M204 P500
M204 T2000
G1 X77.625 Y140.687 F18000
G1 Z.24
G1 Z.24
G1 E2.5 F6000
;TYPE:Brim
;WIDTH:0.5
G1 F3000
G1 X78.344 Y140.324 E.03423
G1 X79.051 Y140.097 E.03158
G1 X79.683 Y140.001 E.02715
G1 X139.992 Y139.989 E2.56395
G1 X140.634 Y140.037 E.02738
G1 X141.256 Y140.179 E.02711
G1 X141.702 Y140.344 E.02023
G1 X142.376 Y140.69 E.0322
G1 X142.886 Y141.067 E.02697
G1 X143.336 Y141.516 E.02702
G1 X143.712 Y142.024 E.02688
G1 X144.115 Y142.843 E.03882
G1 X144.303 Y143.45 E.02698
G1 X144.398 Y144.08 E.02709
G1 X144.411 Y144.993 E.03883
G1 X144.363 Y145.634 E.02732
G1 X144.221 Y146.256 E.02711
G1 X144.056 Y146.702 E.02023
G1 X143.71 Y147.376 E.0322
G1 X143.333 Y147.886 E.02697
G1 X142.884 Y148.336 E.02702
G1 X142.375 Y148.713 E.02693
G1 X141.656 Y149.076 E.03423
G1 X140.949 Y149.303 E.03158
G1 X140.317 Y149.399 E.02715
G1 X80.008 Y149.411 E2.56395
G1 X79.366 Y149.363 E.02738
G1 X78.744 Y149.221 E.02711
G1 X78.298 Y149.056 E.02023
G1 X77.624 Y148.71 E.0322
G1 X77.114 Y148.333 E.02697
G1 X76.664 Y147.884 E.02702
G1 X76.287 Y147.375 E.02693
G1 X75.924 Y146.656 E.03423
G1 X75.697 Y145.949 E.03158
G1 X75.602 Y145.32 E.02704
G1 X75.589 Y144.407 E.03883
G1 X75.637 Y143.766 E.02732
G1 X75.779 Y143.145 E.02706
G1 X75.991 Y142.59 E.02527
G1 X76.29 Y142.025 E.02716
G1 X76.667 Y141.514 E.02702
G1 X77.116 Y141.064 E.02702
G1 X77.577 Y140.723 E.02438
G1 X77.845 Y141.083 F18000
G1 F3000
G1 X77.852 Y141.077 E.0004
G1 X78.505 Y140.745 E.03113
G1 X79.143 Y140.538 E.02854
G1 X79.706 Y140.451 E.02421
G1 X139.98 Y140.438 E2.56244
G1 X140.577 Y140.484 E.02545
G1 X141.119 Y140.608 E.02363
G1 X141.513 Y140.753 E.01787
G1 X142.129 Y141.068 E.0294
G1 X142.6 Y141.415 E.02489
G1 X143.002 Y141.818 E.02417
G1 X143.333 Y142.269 E.02382
G1 X143.701 Y143.02 E.03553
G1 X143.866 Y143.56 E.02402
G1 X143.95 Y144.126 E.02432
G1 X143.962 Y144.974 E.03604
G1 X143.919 Y145.557 E.02487
G1 X143.792 Y146.119 E.02449
G1 X143.641 Y146.528 E.01855
G1 X143.332 Y147.129 E.02872
G1 X142.998 Y147.585 E.02404
G1 X142.597 Y147.988 E.02417
G1 X142.148 Y148.323 E.02383
G1 X141.495 Y148.655 E.03113
G1 X140.857 Y148.862 E.02854
G1 X140.294 Y148.949 E.02421
G1 X80.02 Y148.962 E2.56244
G1 X79.423 Y148.916 E.02545
G1 X78.881 Y148.792 E.02363
G1 X78.487 Y148.647 E.01787
G1 X77.871 Y148.332 E.0294
G1 X77.4 Y147.985 E.02489
G1 X77.012 Y147.597 E.02332
G1 X76.677 Y147.148 E.02383
G1 X76.345 Y146.495 E.03113
G1 X76.138 Y145.857 E.02854
G1 X76.05 Y145.274 E.02504
G1 X76.038 Y144.426 E.03604
G1 X76.081 Y143.843 E.02487
G1 X76.207 Y143.285 E.0243
G1 X76.404 Y142.769 E.02351
G1 X76.666 Y142.273 E.02382
G1 X77.002 Y141.815 E.02417
G1 X77.403 Y141.412 E.02417
G1 X77.797 Y141.118 E.02088
G1 X78.065 Y141.478 F18000
G1 F3000
G1 X78.08 Y141.466 E.0008
G1 X78.667 Y141.165 E.02803
G1 X79.237 Y140.979 E.02549
G1 X79.751 Y140.9 E.02211
G1 X139.968 Y140.887 E2.56002
G1 X140.519 Y140.931 E.02351
G1 X140.983 Y141.037 E.02022
G1 X141.326 Y141.162 E.01551
G1 X141.883 Y141.446 E.02658
G1 X142.314 Y141.763 E.02278
G1 X142.666 Y142.119 E.02126
G1 X142.953 Y142.513 E.02075
G1 X143.285 Y143.195 E.03226
G1 X143.429 Y143.669 E.02105
G1 X143.502 Y144.171 E.02156
G1 X143.513 Y144.954 E.03329
G1 X143.475 Y145.481 E.02245
G1 X143.363 Y145.982 E.02184
G1 X143.226 Y146.354 E.01685
G1 X142.954 Y146.883 E.02527
G1 X142.662 Y147.285 E.02112
G1 X142.31 Y147.641 E.02131
G1 X141.92 Y147.934 E.02073
G1 X141.333 Y148.235 E.02803
G1 X140.763 Y148.421 E.02549
G1 X140.249 Y148.5 E.02211
G1 X80.032 Y148.513 E2.56002
G1 X79.481 Y148.469 E.02351
G1 X79.017 Y148.363 E.02022
G1 X78.674 Y148.238 E.01551
G1 X78.117 Y147.954 E.02658
G1 X77.686 Y147.637 E.02279
G1 X77.346 Y147.295 E.02047
G1 X77.066 Y146.92 E.01992
G1 X76.765 Y146.333 E.02803
G1 X76.58 Y145.764 E.02546
G1 X76.498 Y145.228 E.02304
G1 X76.487 Y144.446 E.03325
G1 X76.525 Y143.919 E.02245
G1 X76.635 Y143.425 E.02152
G1 X76.811 Y142.962 E.02105
G1 X77.043 Y142.521 E.02119
G1 X77.338 Y142.115 E.02133
G1 X77.69 Y141.759 E.02131
G1 X78.017 Y141.513 E.01738
G1 X78.287 Y141.872 F18000
G1 F3000
G1 X78.31 Y141.855 E.00118
G1 X78.831 Y141.586 E.02492
G1 X79.331 Y141.421 E.02242
G1 X79.796 Y141.348 E.01999
G1 X139.955 Y141.336 E2.55758
G1 X140.46 Y141.378 E.02154
G1 X140.847 Y141.466 E.01688
G1 X141.139 Y141.571 E.01315
G1 X141.636 Y141.824 E.02374
G1 X142.027 Y142.111 E.02063
G1 X142.329 Y142.418 E.01831
G1 X142.572 Y142.756 E.01768
G1 X142.869 Y143.37 E.029
G1 X142.991 Y143.777 E.01808
G1 X143.054 Y144.216 E.01884
G1 X143.064 Y144.935 E.03058
G1 X143.03 Y145.406 E.02007
G1 X142.934 Y145.847 E.01918
G1 X142.811 Y146.181 E.01514
G1 X142.576 Y146.638 E.02186
G1 X142.325 Y146.986 E.01822
G1 X142.021 Y147.295 E.01845
G1 X141.69 Y147.545 E.01763
G1 X141.169 Y147.814 E.02492
G1 X140.669 Y147.979 E.02242
G1 X140.204 Y148.052 E.01999
G1 X80.045 Y148.064 E2.55758
G1 X79.54 Y148.022 E.02155
G1 X79.153 Y147.934 E.01688
G1 X78.861 Y147.829 E.01315
G1 X78.364 Y147.576 E.02374
G1 X77.972 Y147.288 E.02067
G1 X77.693 Y147.009 E.01678
G1 X77.455 Y146.691 E.01689
G1 X77.186 Y146.169 E.02494
G1 X77.021 Y145.67 E.02237
G1 X76.946 Y145.181 E.02101
G1 X76.936 Y144.465 E.03046
G1 X76.97 Y143.994 E.02007
G1 X77.064 Y143.563 E.01876
G1 X77.217 Y143.154 E.01857
G1 X77.42 Y142.767 E.01856
G1 X77.675 Y142.415 E.01849
G1 X77.979 Y142.105 E.01845
G1 X78.24 Y141.908 E.0139
G1 X78.511 Y142.265 F18000
G1 F3000
G1 X78.54 Y142.243 E.00155
G1 X78.995 Y142.005 E.02182
G1 X79.426 Y141.862 E.01931
G1 X79.841 Y141.797 E.01785
G1 X139.942 Y141.785 E2.55512
G1 X140.401 Y141.824 E.01957
G1 X140.713 Y141.895 E.01361
G1 X140.952 Y141.981 E.0108
G1 X141.391 Y142.202 E.02087
G1 X141.74 Y142.459 E.01845
G1 X141.978 Y142.701 E.01442
G1 X142.179 Y142.977 E.0145
G1 X142.445 Y143.523 E.02585
G1 X142.553 Y143.884 E.01601
G1 X142.606 Y144.26 E.01614
G1 X142.615 Y144.928 E.0284
G1 X142.586 Y145.332 E.01722
G1 X142.504 Y145.711 E.01651
G1 X142.396 Y146.007 E.0134
G1 X142.197 Y146.394 E.01849
G1 X141.987 Y146.688 E.01534
G1 X141.732 Y146.95 E.01558
G1 X141.46 Y147.157 E.01453
G1 X141.005 Y147.395 E.02182
G1 X140.574 Y147.538 E.01931
G1 X140.159 Y147.603 E.01785
G1 X80.069 Y147.616 E2.55465
G1 X79.599 Y147.576 E.02004
G1 X79.287 Y147.505 E.01361
G1 X79.048 Y147.419 E.0108
G1 X78.609 Y147.198 E.02087
G1 X78.258 Y146.94 E.01853
G1 X78.04 Y146.721 E.01314
G1 X77.843 Y146.461 E.01389
G1 X77.605 Y146.005 E.02186
G1 X77.462 Y145.575 E.01925
G1 X77.393 Y145.135 E.01896
G1 X77.385 Y144.472 E.02816
G1 X77.414 Y144.068 E.01723
G1 X77.493 Y143.7 E.01601
G1 X77.625 Y143.345 E.01609
G1 X77.798 Y143.012 E.01594
G1 X78.013 Y142.713 E.01567
G1 X78.268 Y142.45 E.0156
G1 X78.464 Y142.301 E.01043
G1 X78.761 Y142.649 F18000
G1 F3000
G1 X78.767 Y142.644 E.00033
G1 X79.167 Y142.421 E.01946
G1 X79.466 Y142.324 E.01335
G1 X80.045 Y142.232 E.02494
G1 X139.96 Y142.232 E2.54719
G1 X140.415 Y142.292 E.01952
G1 X140.866 Y142.441 E.02018
G1 X141.344 Y142.733 E.02382
G1 X141.659 Y143.038 E.01866
G1 X141.937 Y143.476 E.02204
G1 X142.089 Y143.889 E.01872
G1 X142.159 Y144.321 E.0186
G1 X142.168 Y144.944 E.0265
G1 X142.115 Y145.394 E.01927
G1 X141.989 Y145.798 E.01799
G1 X141.784 Y146.184 E.01856
G1 X141.551 Y146.483 E.01613
G1 X141.233 Y146.756 E.01784
G1 X140.833 Y146.979 E.01946
G1 X140.534 Y147.076 E.01335
G1 X139.955 Y147.168 E.02494
G1 X80.04 Y147.168 E2.54719
G1 X79.585 Y147.108 E.01952
G1 X79.134 Y146.959 E.02017
G1 X78.656 Y146.667 E.02382
G1 X78.341 Y146.362 E.01866
G1 X78.063 Y145.924 E.02204
G1 X77.911 Y145.511 E.01872
G1 X77.841 Y145.079 E.0186
G1 X77.832 Y144.456 E.02649
G1 X77.885 Y144.006 E.01927
G1 X78.011 Y143.602 E.01799
G1 X78.216 Y143.217 E.01855
G1 X78.449 Y142.917 E.01613
G1 X78.716 Y142.688 E.01496
G1 X78.997 Y143.034 F18000
G1 F3000
G1 X79.058 Y142.985 E.0033
G1 X79.307 Y142.847 E.01212
G1 X79.533 Y142.767 E.01022
G1 X80.034 Y142.68 E.02161
G1 X139.969 Y142.68 E2.54802
G1 X140.362 Y142.737 E.0169
G1 X140.727 Y142.867 E.01646
G1 X141.11 Y143.115 E.01941
G1 X141.345 Y143.358 E.01437
G1 X141.557 Y143.714 E.01763
G1 X141.668 Y144.041 E.01467
G1 X141.71 Y144.318 E.01188
G1 X141.719 Y144.959 E.02728
G1 X141.685 Y145.266 E.01312
G1 X141.599 Y145.576 E.01369
G1 X141.383 Y145.983 E.01958
G1 X141.199 Y146.206 E.01229
G1 X140.942 Y146.415 E.01405
G1 X140.693 Y146.553 E.01212
G1 X140.467 Y146.633 E.01022
G1 X139.966 Y146.72 E.02162
G1 X80.031 Y146.72 E2.54802
G1 X79.638 Y146.663 E.0169
G1 X79.273 Y146.533 E.01646
G1 X78.89 Y146.285 E.01941
G1 X78.655 Y146.042 E.01437
G1 X78.443 Y145.686 E.01763
G1 X78.332 Y145.359 E.01468
G1 X78.29 Y145.082 E.01188
G1 X78.281 Y144.441 E.02728
G1 X78.315 Y144.134 E.01312
G1 X78.401 Y143.824 E.01369
G1 X78.617 Y143.417 E.01958
G1 X78.801 Y143.194 E.01229
G1 X78.951 Y143.072 E.0082
G1 X79.239 Y143.409 F18000
G1 F3000
G1 X79.277 Y143.377 E.00211
G1 X79.466 Y143.266 E.00932
G1 X79.61 Y143.209 E.00659
G1 X80.023 Y143.129 E.01787
G1 X139.978 Y143.129 E2.54892
G1 X140.301 Y143.181 E.01391
G1 X140.573 Y143.288 E.01244
G1 X140.863 Y143.489 E.01501
G1 X141.015 Y143.662 E.00976
G1 X141.17 Y143.941 E.01358
G1 X141.24 Y144.175 E.01041
G1 X141.261 Y144.315 E.006
G1 X141.271 Y144.974 E.02803
G1 X141.24 Y145.218 E.01043
G1 X141.167 Y145.457 E.01064
G1 X140.989 Y145.769 E.01525
G1 X140.915 Y145.859 E.00497
G1 X140.723 Y146.023 E.01073
G1 X140.534 Y146.134 E.00932
G1 X140.39 Y146.191 E.00659
G1 X139.977 Y146.271 E.01787
G1 X80.022 Y146.271 E2.54892
G1 X79.699 Y146.219 E.01391
G1 X79.427 Y146.112 E.01244
G1 X79.137 Y145.911 E.01501
G1 X78.985 Y145.738 E.00976
G1 X78.83 Y145.459 E.01358
G1 X78.76 Y145.225 E.01041
G1 X78.739 Y145.085 E.006
G1 X78.729 Y144.426 E.02803
G1 X78.76 Y144.182 E.01043
G1 X78.833 Y143.943 E.01064
G1 X79.011 Y143.631 E.01525
G1 X79.085 Y143.541 E.00497
G1 X79.194 Y143.448 E.00608
G1 X79.493 Y143.77 F18000
G1 F3000
G1 X79.702 Y143.647 E.01027
G1 X80.01 Y143.577 E.01344
G1 X139.989 Y143.577 E2.54993
G1 X140.152 Y143.604 E.00703
G1 X140.326 Y143.662 E.00779
G1 X140.534 Y143.793 E.01044
G1 X140.632 Y143.895 E.00604
G1 X140.738 Y144.059 E.0083
G1 X140.813 Y144.312 E.0112
G1 X140.823 Y144.99 E.02883
G1 X140.796 Y145.152 E.00699
G1 X140.738 Y145.326 E.00779
G1 X140.607 Y145.534 E.01044
G1 X140.507 Y145.63 E.00592
G1 X140.298 Y145.753 E.01027
G1 X139.99 Y145.823 E.01345
G1 X80.011 Y145.823 E2.54993
G1 X79.848 Y145.796 E.00703
G1 X79.674 Y145.738 E.00779
G1 X79.466 Y145.607 E.01044
G1 X79.368 Y145.505 E.00604
G1 X79.262 Y145.341 E.0083
G1 X79.187 Y145.088 E.0112
G1 X79.177 Y144.41 E.02883
G1 X79.204 Y144.248 E.00699
G1 X79.262 Y144.074 E.00779
G1 X79.393 Y143.866 E.01044
G1 X79.45 Y143.811 E.00337
G1 X79.761 Y144.134 F18000
G1 F3000
G1 X79.816 Y144.081 E.00323
G1 X80 Y144.026 E.00817
G1 X140 Y144.026 E2.55081
G1 X140.2 Y144.092 E.00894
G1 X140.319 Y144.216 E.0073
G1 X140.359 Y144.318 E.00466
G1 X140.374 Y144.4 E.00355
G1 X140.374 Y145 E.02551
G1 X140.308 Y145.2 E.00894
G1 X140.184 Y145.319 E.0073
G1 X140 Y145.374 E.00817
G1 X80 Y145.374 E2.55081
G1 X79.8 Y145.308 E.00894
G1 X79.681 Y145.184 E.0073
G1 X79.641 Y145.082 E.00466
G1 X79.626 Y145 E.00355
G1 X79.626 Y144.4 E.02551
G1 X79.692 Y144.2 E.00894
G1 X79.718 Y144.176 E.00151
G1 E-1.75 F6000
;WIPE_START
G1 F3000
G1 X79.816 Y144.081 E-.102
G1 X80 Y144.026 E-.14421
G1 X80.672 Y144.026 E-.50378
;WIPE_END
G1 X80.008 Y80.011 F18000
G1 E2.5 F6000
G1 F3000
G1 X79.366 Y79.963 E.02738
G1 X78.744 Y79.821 E.02711
G1 X78.298 Y79.656 E.02023
G1 X77.624 Y79.31 E.0322
G1 X77.114 Y78.933 E.02697
G1 X76.664 Y78.484 E.02702
G1 X76.287 Y77.975 E.02693
G1 X75.924 Y77.256 E.03423
G1 X75.697 Y76.549 E.03158
G1 X75.602 Y75.92 E.02704
G1 X75.589 Y75.007 E.03883
G1 X75.637 Y74.366 E.02732
G1 X75.779 Y73.745 E.02706
G1 X75.991 Y73.19 E.02527
G1 X76.29 Y72.625 E.02716
G1 X76.667 Y72.114 E.02702
G1 X77.116 Y71.664 E.02702
G1 X77.625 Y71.287 E.02693
G1 X78.344 Y70.924 E.03423
G1 X79.051 Y70.697 E.03158
G1 X79.683 Y70.601 E.02715
G1 X139.992 Y70.589 E2.56395
G1 X140.634 Y70.637 E.02738
G1 X141.256 Y70.779 E.02711
G1 X141.702 Y70.944 E.02023
G1 X142.376 Y71.29 E.0322
G1 X142.886 Y71.667 E.02697
G1 X143.336 Y72.116 E.02702
G1 X143.712 Y72.624 E.02688
G1 X144.115 Y73.443 E.03882
G1 X144.303 Y74.05 E.02698
G1 X144.398 Y74.68 E.02709
G1 X144.411 Y75.593 E.03883
G1 X144.363 Y76.234 E.02732
G1 X144.221 Y76.856 E.02711
G1 X144.056 Y77.302 E.02023
G1 X143.71 Y77.976 E.0322
G1 X143.333 Y78.486 E.02697
G1 X142.884 Y78.936 E.02702
G1 X142.375 Y79.313 E.02693
G1 X141.656 Y79.676 E.03423
G1 X140.949 Y79.903 E.03158
G1 X140.317 Y79.999 E.02715
G1 X80.068 Y80.011 E2.5614
G1 X80.068 Y79.562 F18000
G1 F3000
G1 X80.02 Y79.562 E.00205
G1 X79.423 Y79.516 E.02545
G1 X78.881 Y79.392 E.02363
G1 X78.487 Y79.247 E.01787
G1 X77.871 Y78.932 E.0294
G1 X77.4 Y78.585 E.02489
G1 X77.012 Y78.197 E.02332
G1 X76.677 Y77.748 E.02383
G1 X76.345 Y77.095 E.03113
G1 X76.138 Y76.457 E.02854
G1 X76.05 Y75.874 E.02504
G1 X76.038 Y75.026 E.03604
G1 X76.081 Y74.443 E.02487
G1 X76.207 Y73.885 E.0243
G1 X76.404 Y73.369 E.02351
G1 X76.666 Y72.873 E.02382
G1 X77.002 Y72.415 E.02417
G1 X77.403 Y72.012 E.02417
G1 X77.852 Y71.677 E.02383
G1 X78.505 Y71.345 E.03113
G1 X79.143 Y71.138 E.02854
G1 X79.706 Y71.051 E.02421
G1 X139.98 Y71.038 E2.56244
G1 X140.577 Y71.084 E.02545
G1 X141.119 Y71.208 E.02363
G1 X141.513 Y71.353 E.01787
G1 X142.129 Y71.668 E.0294
G1 X142.6 Y72.015 E.02489
G1 X143.002 Y72.418 E.02417
G1 X143.333 Y72.869 E.02382
G1 X143.701 Y73.62 E.03553
G1 X143.866 Y74.16 E.02402
G1 X143.95 Y74.726 E.02432
G1 X143.962 Y75.574 E.03604
G1 X143.919 Y76.157 E.02487
G1 X143.792 Y76.719 E.02449
G1 X143.641 Y77.128 E.01855
G1 X143.332 Y77.729 E.02872
G1 X142.998 Y78.185 E.02404
G1 X142.597 Y78.588 E.02417
G1 X142.148 Y78.923 E.02383
G1 X141.495 Y79.255 E.03113
G1 X140.857 Y79.462 E.02854
G1 X140.294 Y79.549 E.02421
G1 X80.128 Y79.562 E2.55784
G1 X80.128 Y79.113 F18000
G1 F3000
G1 X80.032 Y79.113 E.00408
G1 X79.481 Y79.069 E.02351
G1 X79.017 Y78.963 E.02022
G1 X78.674 Y78.838 E.01551
G1 X78.117 Y78.554 E.02658
G1 X77.686 Y78.237 E.02279
G1 X77.346 Y77.895 E.02047
G1 X77.066 Y77.52 E.01992
G1 X76.765 Y76.933 E.02803
G1 X76.58 Y76.364 E.02546
G1 X76.498 Y75.828 E.02304
G1 X76.487 Y75.046 E.03325
G1 X76.525 Y74.519 E.02245
G1 X76.635 Y74.025 E.02152
G1 X76.811 Y73.562 E.02105
G1 X77.043 Y73.121 E.02119
G1 X77.338 Y72.715 E.02133
G1 X77.69 Y72.359 E.02131
G1 X78.08 Y72.066 E.02073
G1 X78.667 Y71.765 E.02803
G1 X79.237 Y71.579 E.02549
G1 X79.751 Y71.5 E.02211
G1 X139.968 Y71.487 E2.56002
G1 X140.519 Y71.531 E.02351
G1 X140.983 Y71.637 E.02022
G1 X141.326 Y71.762 E.01551
G1 X141.883 Y72.046 E.02658
G1 X142.314 Y72.363 E.02278
G1 X142.666 Y72.719 E.02126
G1 X142.953 Y73.113 E.02075
G1 X143.285 Y73.795 E.03226
G1 X143.429 Y74.269 E.02105
G1 X143.502 Y74.771 E.02156
G1 X143.513 Y75.554 E.03329
G1 X143.475 Y76.081 E.02245
G1 X143.363 Y76.582 E.02184
G1 X143.226 Y76.954 E.01685
G1 X142.954 Y77.483 E.02527
G1 X142.662 Y77.885 E.02112
G1 X142.31 Y78.241 E.02131
G1 X141.92 Y78.534 E.02073
G1 X141.333 Y78.835 E.02803
G1 X140.763 Y79.021 E.02549
G1 X140.249 Y79.1 E.02211
G1 X80.188 Y79.113 E2.55339
G1 X80.188 Y78.664 F18000
G1 F3000
G1 X80.045 Y78.664 E.0061
G1 X79.54 Y78.622 E.02155
G1 X79.153 Y78.534 E.01688
G1 X78.861 Y78.429 E.01315
G1 X78.364 Y78.176 E.02374
G1 X77.972 Y77.888 E.02067
G1 X77.693 Y77.609 E.01678
G1 X77.455 Y77.291 E.01689
G1 X77.186 Y76.769 E.02494
G1 X77.021 Y76.27 E.02237
G1 X76.946 Y75.781 E.02101
G1 X76.936 Y75.065 E.03046
G1 X76.97 Y74.594 E.02007
G1 X77.064 Y74.163 E.01876
G1 X77.217 Y73.754 E.01857
G1 X77.42 Y73.367 E.01856
G1 X77.675 Y73.015 E.01849
G1 X77.979 Y72.705 E.01845
G1 X78.31 Y72.455 E.01763
G1 X78.831 Y72.186 E.02492
G1 X79.331 Y72.021 E.02242
G1 X79.796 Y71.948 E.01999
G1 X139.955 Y71.936 E2.55758
G1 X140.46 Y71.978 E.02154
G1 X140.847 Y72.066 E.01688
G1 X141.139 Y72.171 E.01315
G1 X141.636 Y72.424 E.02374
G1 X142.027 Y72.711 E.02063
G1 X142.329 Y73.018 E.01831
G1 X142.572 Y73.356 E.01768
G1 X142.869 Y73.97 E.029
G1 X142.991 Y74.377 E.01808
G1 X143.054 Y74.816 E.01884
G1 X143.064 Y75.535 E.03058
G1 X143.03 Y76.006 E.02007
G1 X142.934 Y76.447 E.01918
G1 X142.811 Y76.781 E.01514
G1 X142.576 Y77.238 E.02186
G1 X142.325 Y77.586 E.01822
G1 X142.021 Y77.895 E.01845
G1 X141.69 Y78.145 E.01763
G1 X141.169 Y78.414 E.02492
G1 X140.669 Y78.579 E.02242
G1 X140.204 Y78.652 E.01999
G1 X80.248 Y78.664 E2.54894
G1 X80.248 Y78.215 F18000
G1 F3000
G1 X80.069 Y78.216 E.00762
G1 X79.599 Y78.176 E.02004
G1 X79.287 Y78.105 E.01361
G1 X79.048 Y78.019 E.0108
G1 X78.609 Y77.798 E.02087
G1 X78.258 Y77.54 E.01853
G1 X78.04 Y77.321 E.01314
G1 X77.843 Y77.061 E.01389
G1 X77.605 Y76.605 E.02186
G1 X77.462 Y76.175 E.01925
G1 X77.393 Y75.735 E.01896
G1 X77.385 Y75.072 E.02816
G1 X77.414 Y74.668 E.01723
G1 X77.493 Y74.3 E.01601
G1 X77.625 Y73.945 E.01609
G1 X77.798 Y73.612 E.01594
G1 X78.013 Y73.313 E.01567
G1 X78.268 Y73.05 E.0156
G1 X78.54 Y72.843 E.01453
G1 X78.995 Y72.605 E.02182
G1 X79.426 Y72.462 E.01931
G1 X79.841 Y72.397 E.01785
G1 X139.942 Y72.385 E2.55512
G1 X140.401 Y72.424 E.01957
G1 X140.713 Y72.495 E.01361
G1 X140.952 Y72.581 E.0108
G1 X141.391 Y72.802 E.02087
G1 X141.74 Y73.059 E.01845
G1 X141.978 Y73.301 E.01442
G1 X142.179 Y73.577 E.0145
G1 X142.445 Y74.123 E.02585
G1 X142.553 Y74.484 E.01601
G1 X142.606 Y74.86 E.01614
G1 X142.615 Y75.528 E.0284
G1 X142.586 Y75.932 E.01722
G1 X142.504 Y76.311 E.01651
G1 X142.396 Y76.607 E.0134
G1 X142.197 Y76.994 E.01849
G1 X141.987 Y77.288 E.01534
G1 X141.732 Y77.55 E.01558
G1 X141.46 Y77.757 E.01453
G1 X141.005 Y77.995 E.02182
G1 X140.574 Y78.138 E.01931
G1 X140.159 Y78.203 E.01785
G1 X80.308 Y78.215 E2.54448
G1 X80.308 Y77.768 F18000
G1 F3000
G1 X80.04 Y77.768 E.01139
G1 X79.585 Y77.708 E.01952
G1 X79.134 Y77.559 E.02017
G1 X78.656 Y77.267 E.02382
G1 X78.341 Y76.962 E.01866
G1 X78.063 Y76.524 E.02204
G1 X77.911 Y76.111 E.01872
G1 X77.841 Y75.679 E.0186
G1 X77.832 Y75.056 E.02649
G1 X77.885 Y74.606 E.01927
G1 X78.011 Y74.202 E.01799
G1 X78.216 Y73.817 E.01855
G1 X78.449 Y73.517 E.01613
G1 X78.767 Y73.244 E.01784
G1 X79.167 Y73.021 E.01946
G1 X79.466 Y72.924 E.01335
G1 X80.045 Y72.832 E.02494
G1 X139.96 Y72.832 E2.54719
G1 X140.415 Y72.892 E.01952
G1 X140.866 Y73.041 E.02018
G1 X141.344 Y73.333 E.02382
G1 X141.659 Y73.638 E.01866
G1 X141.937 Y74.076 E.02204
G1 X142.089 Y74.489 E.01872
G1 X142.159 Y74.921 E.0186
G1 X142.168 Y75.544 E.0265
G1 X142.115 Y75.994 E.01927
G1 X141.989 Y76.398 E.01799
G1 X141.784 Y76.784 E.01856
G1 X141.551 Y77.083 E.01613
G1 X141.233 Y77.356 E.01784
G1 X140.833 Y77.579 E.01946
G1 X140.534 Y77.676 E.01335
G1 X139.955 Y77.768 E.02494
G1 X80.368 Y77.768 E2.53326
G1 X80.368 Y77.32 F18000
G1 F3000
G1 X80.031 Y77.32 E.01431
G1 X79.638 Y77.263 E.0169
G1 X79.273 Y77.133 E.01646
G1 X78.89 Y76.885 E.01941
G1 X78.655 Y76.642 E.01437
G1 X78.443 Y76.286 E.01763
G1 X78.332 Y75.959 E.01468
G1 X78.29 Y75.682 E.01188
G1 X78.281 Y75.041 E.02728
G1 X78.315 Y74.734 E.01312
G1 X78.401 Y74.424 E.01369
G1 X78.617 Y74.017 E.01958
G1 X78.801 Y73.794 E.01229
G1 X79.058 Y73.585 E.01405
G1 X79.307 Y73.447 E.01212
G1 X79.533 Y73.367 E.01022
G1 X80.034 Y73.28 E.02161
G1 X139.969 Y73.28 E2.54802
G1 X140.362 Y73.337 E.0169
G1 X140.727 Y73.467 E.01646
G1 X141.11 Y73.715 E.01941
G1 X141.345 Y73.958 E.01437
G1 X141.557 Y74.314 E.01763
G1 X141.668 Y74.641 E.01467
G1 X141.71 Y74.918 E.01188
G1 X141.719 Y75.559 E.02728
G1 X141.685 Y75.866 E.01312
G1 X141.599 Y76.176 E.01369
G1 X141.383 Y76.583 E.01958
G1 X141.199 Y76.806 E.01229
G1 X140.942 Y77.015 E.01405
G1 X140.693 Y77.153 E.01212
G1 X140.467 Y77.233 E.01022
G1 X139.966 Y77.32 E.02162
G1 X80.428 Y77.32 E2.53116
G1 X80.428 Y76.871 F18000
G1 F3000
G1 X80.022 Y76.871 E.01727
G1 X79.699 Y76.819 E.01391
G1 X79.427 Y76.712 E.01244
G1 X79.137 Y76.511 E.01501
G1 X78.985 Y76.338 E.00976
G1 X78.83 Y76.059 E.01358
G1 X78.76 Y75.825 E.01041
G1 X78.739 Y75.685 E.006
G1 X78.729 Y75.026 E.02803
G1 X78.76 Y74.782 E.01043
G1 X78.833 Y74.543 E.01064
G1 X79.011 Y74.231 E.01525
G1 X79.085 Y74.141 E.00497
G1 X79.277 Y73.977 E.01073
G1 X79.466 Y73.866 E.00932
G1 X79.61 Y73.809 E.00659
G1 X80.023 Y73.729 E.01787
G1 X139.978 Y73.729 E2.54892
G1 X140.301 Y73.781 E.01391
G1 X140.573 Y73.888 E.01244
G1 X140.863 Y74.089 E.01501
G1 X141.015 Y74.262 E.00976
G1 X141.17 Y74.541 E.01358
G1 X141.24 Y74.775 E.01041
G1 X141.261 Y74.915 E.006
G1 X141.271 Y75.574 E.02803
G1 X141.24 Y75.818 E.01043
G1 X141.167 Y76.057 E.01064
G1 X140.989 Y76.369 E.01525
G1 X140.915 Y76.459 E.00497
G1 X140.723 Y76.623 E.01073
G1 X140.534 Y76.734 E.00932
G1 X140.39 Y76.791 E.00659
G1 X139.977 Y76.871 E.01787
G1 X80.488 Y76.871 E2.5291
G1 X80.488 Y76.423 F18000
G1 F3000
G1 X80.011 Y76.423 E.02029
G1 X79.848 Y76.396 E.00703
G1 X79.674 Y76.338 E.00779
G1 X79.466 Y76.207 E.01044
G1 X79.368 Y76.105 E.00604
G1 X79.262 Y75.941 E.0083
G1 X79.187 Y75.688 E.0112
G1 X79.177 Y75.01 E.02883
G1 X79.204 Y74.848 E.00699
G1 X79.262 Y74.674 E.00779
G1 X79.393 Y74.466 E.01044
G1 X79.493 Y74.37 E.00592
G1 X79.702 Y74.247 E.01027
G1 X80.01 Y74.177 E.01344
G1 X139.989 Y74.177 E2.54993
G1 X140.152 Y74.204 E.00703
G1 X140.326 Y74.262 E.00779
G1 X140.534 Y74.393 E.01044
G1 X140.632 Y74.495 E.00604
G1 X140.738 Y74.659 E.0083
G1 X140.813 Y74.912 E.0112
G1 X140.823 Y75.59 E.02883
G1 X140.796 Y75.752 E.00699
G1 X140.738 Y75.926 E.00779
G1 X140.607 Y76.134 E.01044
G1 X140.507 Y76.23 E.00592
G1 X140.298 Y76.353 E.01027
G1 X139.99 Y76.423 E.01345
G1 X80.548 Y76.423 E2.52709
G1 X80.548 Y75.974 F18000
G1 F3000
G1 X80 Y75.974 E.0233
G1 X79.8 Y75.908 E.00894
G1 X79.681 Y75.784 E.0073
G1 X79.641 Y75.682 E.00466
G1 X79.626 Y75.6 E.00355
G1 X79.626 Y75 E.02551
G1 X79.692 Y74.8 E.00894
G1 X79.816 Y74.681 E.0073
G1 X80 Y74.626 E.00817
G1 X140 Y74.626 E2.55081
G1 X140.2 Y74.692 E.00894
G1 X140.319 Y74.816 E.0073
G1 X140.359 Y74.918 E.00466
G1 X140.374 Y75 E.00355
G1 X140.374 Y75.6 E.02551
G1 X140.308 Y75.8 E.00894
G1 X140.184 Y75.919 E.0073
G1 X140 Y75.974 E.00817
G1 X80.608 Y75.974 E2.52496
; printing object top_plate.stl id:4734322866433739561 copy 0
G1 E-1.75 F6000
;WIPE_START
G1 F3000
G1 X80 Y75.974 E-.456
G1 X79.8 Y75.908 E-.15776
G1 X79.681 Y75.784 E-.12872
G1 X79.678 Y75.775 E-.00751
;WIPE_END
G1 X139.75 Y144.75 F18000
G1 E2.5 F6000
;TYPE:Outer wall
G1 F3000
G1 X80.25 Y144.75 E2.52955
G1 X80.25 Y144.65 E.00425
G1 X139.75 Y144.65 E2.52955
G1 X139.75 Y144.69 E.0017
G1 E-1.75 F6000
;WIPE_START
G1 F3000
G1 X138.75 Y144.691 E-.75
;WIPE_END
G1 X138.75 Y144.532 F18000
G1 X139.327 Y75.35
G1 X139.75 Y75.35
G1 E2.5 F6000
G1 F3000
G1 X80.25 Y75.35 E2.52955
G1 X80.25 Y75.25 E.00425
G1 X139.75 Y75.25 E2.52955
G1 X139.75 Y75.29 E.0017
; stop printing object top_plate.stl id:4734322866433739561 copy 0
;LAYER_CHANGE
;Z:0.44
;HEIGHT:0.2
G92 E0 ; zero the extruded length again
; BEFORE_LAYER_CHANGE 1 @ 0.44mm
G1 E-1.75 F6000
;WIPE_START
G1 F3000
G1 X138.75 Y75.291 E-.75
;WIPE_END
; AFTER_LAYER_CHANGE 1 @ 0.44mm
;_SET_FAN_SPEED_CHANGING_LAYER
M204 P2000
M104 S230 ; set nozzle temperature
; printing object top_plate.stl id:4734322866433739561 copy 0
G1 X138.75 Y75.147 Z.64 F18000
G1 X139.389 Y144.79
G1 X139.79 Y144.79
G1 Z.44
G1 E2.5 F6000
M204 P1000
;WIDTH:0.42
G1 F1511
G1 X80.21 Y144.79 E1.77468
G1 X80.21 Y144.61 E.00536
G1 X139.79 Y144.61 E1.77468
G1 X139.79 Y144.73 E.00357
G1 E-1.75 F6000
;WIPE_START
G1 F3600
G1 X138.79 Y144.731 E-.75
;WIPE_END
G1 X138.79 Y144.853 Z.64 F18000
G1 X139.389 Y75.39
G1 X139.79 Y75.39
G1 Z.44
G1 E2.5 F6000
G1 F1511
G1 X80.21 Y75.39 E1.77468
G1 X80.21 Y75.21 E.00536
G1 X139.79 Y75.21 E1.77468
G1 X139.79 Y75.33 E.00357
; stop printing object top_plate.stl id:4734322866433739561 copy 0
;LAYER_CHANGE
;Z:0.64
;HEIGHT:0.2
G92 E0 ; zero the extruded length again
; BEFORE_LAYER_CHANGE 2 @ 0.64mm
G1 E-1.75 F6000
;WIPE_START
G1 F3600
G1 X138.79 Y75.331 E-.75
;WIPE_END
; AFTER_LAYER_CHANGE 2 @ 0.64mm
;_SET_FAN_SPEED_CHANGING_LAYER
; printing object top_plate.stl id:4734322866433739561 copy 0
G17
G3 Z.84 I-.608 J0 P1  F18000
G1 X138.79 Y75.453 Z.84
G1 X139.389 Y144.79
G1 X139.79 Y144.79
G1 Z.64
G1 E2.5 F6000
G1 F1511
G1 X80.21 Y144.79 E1.77468
G1 X80.21 Y144.61 E.00536
G1 X139.79 Y144.61 E1.77468
G1 X139.79 Y144.73 E.00357
G1 E-1.75 F6000
;WIPE_START
G1 F3600
G1 X138.79 Y144.731 E-.75
;WIPE_END
G1 X138.79 Y144.853 Z.84 F18000
G1 X139.389 Y75.39
G1 X139.79 Y75.39
G1 Z.64
G1 E2.5 F6000
G1 F1511
G1 X80.21 Y75.39 E1.77468
G1 X80.21 Y75.21 E.00536
G1 X139.79 Y75.21 E1.77468
G1 X139.79 Y75.33 E.00357
; stop printing object top_plate.stl id:4734322866433739561 copy 0
M106 S176
;LAYER_CHANGE
;Z:0.84
;HEIGHT:0.2
G92 E0 ; zero the extruded length again
; BEFORE_LAYER_CHANGE 3 @ 0.84mm
G1 E-1.75 F6000
;WIPE_START
G1 F3600
G1 X138.79 Y75.331 E-.75
;WIPE_END
; AFTER_LAYER_CHANGE 3 @ 0.84mm
;_SET_FAN_SPEED_CHANGING_LAYER
; printing object top_plate.stl id:4734322866433739561 copy 0
G17
G3 Z1.04 I-.608 J0 P1  F18000
G1 X138.79 Y75.453 Z1.04
G1 X139.389 Y144.79
G1 X139.79 Y144.79
G1 Z.84
G1 E2.5 F6000
G1 F1511
G1 X80.21 Y144.79 E1.77468
G1 X80.21 Y144.61 E.00536
G1 X139.79 Y144.61 E1.77468
G1 X139.79 Y144.73 E.00357
G1 E-1.75 F6000
;WIPE_START
G1 F3600
G1 X138.79 Y144.731 E-.75
;WIPE_END
G1 X138.79 Y144.853 Z1.04 F18000
G1 X139.389 Y75.39
G1 X139.79 Y75.39
G1 Z.84
G1 E2.5 F6000
G1 F1511
G1 X80.21 Y75.39 E1.77468
G1 X80.21 Y75.21 E.00536
G1 X139.79 Y75.21 E1.77468
G1 X139.79 Y75.33 E.00357
; stop printing object top_plate.stl id:4734322866433739561 copy 0
;LAYER_CHANGE
;Z:1.04
;HEIGHT:0.2
G92 E0 ; zero the extruded length again
; BEFORE_LAYER_CHANGE 4 @ 1.04mm
G1 E-1.75 F6000
;WIPE_START
G1 F3600
G1 X138.79 Y75.331 E-.75
;WIPE_END
; AFTER_LAYER_CHANGE 4 @ 1.04mm
;_SET_FAN_SPEED_CHANGING_LAYER
; printing object top_plate.stl id:4734322866433739561 copy 0
G17
G3 Z1.24 I-.608 J0 P1  F18000
G1 X138.79 Y75.453 Z1.24
G1 X139.389 Y144.79
G1 X139.79 Y144.79
G1 Z1.04
G1 E2.5 F6000
G1 F1511
G1 X80.21 Y144.79 E1.77468
G1 X80.21 Y144.61 E.00536
G1 X139.79 Y144.61 E1.77468
G1 X139.79 Y144.73 E.00357
G1 E-1.75 F6000
;WIPE_START
G1 F3600
G1 X138.79 Y144.731 E-.75
;WIPE_END
G1 X138.79 Y144.853 Z1.24 F18000
G1 X139.389 Y75.39
G1 X139.79 Y75.39
G1 Z1.04
G1 E2.5 F6000
G1 F1511
G1 X80.21 Y75.39 E1.77468
G1 X80.21 Y75.21 E.00536
G1 X139.79 Y75.21 E1.77468
G1 X139.79 Y75.33 E.00357
; stop printing object top_plate.stl id:4734322866433739561 copy 0
;LAYER_CHANGE
;Z:1.24
;HEIGHT:0.2
G92 E0 ; zero the extruded length again
; BEFORE_LAYER_CHANGE 5 @ 1.24mm
G1 E-1.75 F6000
;WIPE_START
G1 F3600
G1 X138.79 Y75.331 E-.75
;WIPE_END
; AFTER_LAYER_CHANGE 5 @ 1.24mm
;_SET_FAN_SPEED_CHANGING_LAYER
; printing object top_plate.stl id:4734322866433739561 copy 0
G17
G3 Z1.44 I-.608 J0 P1  F18000
G1 X138.79 Y75.453 Z1.44
G1 X139.389 Y144.79
G1 X139.79 Y144.79
G1 Z1.24
G1 E2.5 F6000
G1 F1511
G1 X80.21 Y144.79 E1.77468
G1 X80.21 Y144.61 E.00536
G1 X139.79 Y144.61 E1.77468
G1 X139.79 Y144.73 E.00357
G1 E-1.75 F6000
;WIPE_START
G1 F3600
G1 X138.79 Y144.731 E-.75
;WIPE_END
G1 X138.79 Y144.853 Z1.44 F18000
G1 X139.389 Y75.39
G1 X139.79 Y75.39
G1 Z1.24
G1 E2.5 F6000
G1 F1511
G1 X80.21 Y75.39 E1.77468
G1 X80.21 Y75.21 E.00536
G1 X139.79 Y75.21 E1.77468
G1 X139.79 Y75.33 E.00357
; stop printing object top_plate.stl id:4734322866433739561 copy 0
;LAYER_CHANGE
;Z:1.44
;HEIGHT:0.2
G92 E0 ; zero the extruded length again
; BEFORE_LAYER_CHANGE 6 @ 1.44mm
G1 E-1.75 F6000
;WIPE_START
G1 F3600
G1 X138.79 Y75.331 E-.75
;WIPE_END
; AFTER_LAYER_CHANGE 6 @ 1.44mm
;_SET_FAN_SPEED_CHANGING_LAYER
; printing object top_plate.stl id:4734322866433739561 copy 0
G17
G3 Z1.64 I-.608 J0 P1  F18000
G1 X138.79 Y75.453 Z1.64
G1 X139.389 Y144.79
G1 X139.79 Y144.79
G1 Z1.44
G1 E2.5 F6000
G1 F1511
G1 X80.21 Y144.79 E1.77468
G1 X80.21 Y144.61 E.00536
G1 X139.79 Y144.61 E1.77468
G1 X139.79 Y144.73 E.00357
G1 E-1.75 F6000
;WIPE_START
G1 F3600
G1 X138.79 Y144.731 E-.75
;WIPE_END
G1 X138.79 Y144.853 Z1.64 F18000
G1 X139.389 Y75.39
G1 X139.79 Y75.39
G1 Z1.44
G1 E2.5 F6000
G1 F1511
G1 X80.21 Y75.39 E1.77468
G1 X80.21 Y75.21 E.00536
G1 X139.79 Y75.21 E1.77468
G1 X139.79 Y75.33 E.00357
; stop printing object top_plate.stl id:4734322866433739561 copy 0
;LAYER_CHANGE
;Z:1.64
;HEIGHT:0.2
G92 E0 ; zero the extruded length again
; BEFORE_LAYER_CHANGE 7 @ 1.64mm
G1 E-1.75 F6000
;WIPE_START
G1 F3600
G1 X138.79 Y75.331 E-.75
;WIPE_END
; AFTER_LAYER_CHANGE 7 @ 1.64mm
;_SET_FAN_SPEED_CHANGING_LAYER
; printing object top_plate.stl id:4734322866433739561 copy 0
G17
G3 Z1.84 I-.608 J0 P1  F18000
G1 X138.79 Y75.453 Z1.84
G1 X139.389 Y144.79
G1 X139.79 Y144.79
G1 Z1.64
G1 E2.5 F6000
G1 F1511
G1 X80.21 Y144.79 E1.77468
G1 X80.21 Y144.61 E.00536
G1 X139.79 Y144.61 E1.77468
G1 X139.79 Y144.73 E.00357
G1 E-1.75 F6000
;WIPE_START
G1 F3600
G1 X138.79 Y144.731 E-.75
;WIPE_END
G1 X138.79 Y144.853 Z1.84 F18000
G1 X139.389 Y75.39
G1 X139.79 Y75.39
G1 Z1.64
G1 E2.5 F6000
G1 F1511
G1 X80.21 Y75.39 E1.77468
G1 X80.21 Y75.21 E.00536
G1 X139.79 Y75.21 E1.77468
G1 X139.79 Y75.33 E.00357
; stop printing object top_plate.stl id:4734322866433739561 copy 0
;LAYER_CHANGE
;Z:1.84
;HEIGHT:0.2
G92 E0 ; zero the extruded length again
; BEFORE_LAYER_CHANGE 8 @ 1.84mm
G1 E-1.75 F6000
;WIPE_START
G1 F3600
G1 X138.79 Y75.331 E-.75
;WIPE_END
; AFTER_LAYER_CHANGE 8 @ 1.84mm
;_SET_FAN_SPEED_CHANGING_LAYER
; printing object top_plate.stl id:4734322866433739561 copy 0
G17
G3 Z2.04 I-.608 J0 P1  F18000
G1 X138.79 Y75.453 Z2.04
G1 X139.389 Y144.79
G1 X139.79 Y144.79
G1 Z1.84
G1 E2.5 F6000
G1 F1511
G1 X80.21 Y144.79 E1.77468
G1 X80.21 Y144.61 E.00536
G1 X139.79 Y144.61 E1.77468
G1 X139.79 Y144.73 E.00357
G1 E-1.75 F6000
;WIPE_START
G1 F3600
G1 X138.79 Y144.731 E-.75
;WIPE_END
G1 X138.79 Y144.853 Z2.04 F18000
G1 X139.389 Y75.39
G1 X139.79 Y75.39
G1 Z1.84
G1 E2.5 F6000
G1 F1511
G1 X80.21 Y75.39 E1.77468
G1 X80.21 Y75.21 E.00536
G1 X139.79 Y75.21 E1.77468
G1 X139.79 Y75.33 E.00357
; stop printing object top_plate.stl id:4734322866433739561 copy 0
;LAYER_CHANGE
;Z:2.04
;HEIGHT:0.2
G92 E0 ; zero the extruded length again
; BEFORE_LAYER_CHANGE 9 @ 2.04mm
G1 E-1.75 F6000
;WIPE_START
G1 F3600
G1 X138.79 Y75.331 E-.75
;WIPE_END
; AFTER_LAYER_CHANGE 9 @ 2.04mm
;_SET_FAN_SPEED_CHANGING_LAYER
; printing object top_plate.stl id:4734322866433739561 copy 0
G17
G3 Z2.24 I-.608 J0 P1  F18000
G1 X138.79 Y75.453 Z2.24
G1 X139.389 Y144.79
G1 X139.79 Y144.79
G1 Z2.04
G1 E2.5 F6000
G1 F1511
G1 X80.21 Y144.79 E1.77468
G1 X80.21 Y144.61 E.00536
G1 X139.79 Y144.61 E1.77468
G1 X139.79 Y144.73 E.00357
G1 E-1.75 F6000
;WIPE_START
G1 F3600
G1 X138.79 Y144.731 E-.75
;WIPE_END
G1 X138.79 Y144.853 Z2.24 F18000
G1 X139.389 Y75.39
G1 X139.79 Y75.39
G1 Z2.04
G1 E2.5 F6000
G1 F1511
G1 X80.21 Y75.39 E1.77468
G1 X80.21 Y75.21 E.00536
G1 X139.79 Y75.21 E1.77468
G1 X139.79 Y75.33 E.00357
; stop printing object top_plate.stl id:4734322866433739561 copy 0
;LAYER_CHANGE
;Z:2.24
;HEIGHT:0.2
G92 E0 ; zero the extruded length again
; BEFORE_LAYER_CHANGE 10 @ 2.24mm
G1 E-1.75 F6000
;WIPE_START
G1 F3600
G1 X138.79 Y75.331 E-.75
;WIPE_END
; AFTER_LAYER_CHANGE 10 @ 2.24mm
;_SET_FAN_SPEED_CHANGING_LAYER
; printing object top_plate.stl id:4734322866433739561 copy 0
G17
G3 Z2.44 I-.608 J0 P1  F18000
G1 X138.79 Y75.453 Z2.44
G1 X139.389 Y144.79
G1 X139.79 Y144.79
G1 Z2.24
G1 E2.5 F6000
G1 F1511
G1 X80.21 Y144.79 E1.77468
G1 X80.21 Y144.61 E.00536
G1 X139.79 Y144.61 E1.77468
G1 X139.79 Y144.73 E.00357
G1 E-1.75 F6000
;WIPE_START
G1 F3600
G1 X138.79 Y144.731 E-.75
;WIPE_END
G1 X138.79 Y144.853 Z2.44 F18000
G1 X139.389 Y75.39
G1 X139.79 Y75.39
G1 Z2.24
G1 E2.5 F6000
G1 F1511
G1 X80.21 Y75.39 E1.77468
G1 X80.21 Y75.21 E.00536
G1 X139.79 Y75.21 E1.77468
G1 X139.79 Y75.33 E.00357
; stop printing object top_plate.stl id:4734322866433739561 copy 0
;LAYER_CHANGE
;Z:2.44
;HEIGHT:0.2
G92 E0 ; zero the extruded length again
; BEFORE_LAYER_CHANGE 11 @ 2.44mm
G1 E-1.75 F6000
;WIPE_START
G1 F3600
G1 X138.79 Y75.331 E-.75
;WIPE_END
; AFTER_LAYER_CHANGE 11 @ 2.44mm
;_SET_FAN_SPEED_CHANGING_LAYER
; printing object top_plate.stl id:4734322866433739561 copy 0
G17
G3 Z2.64 I-.608 J0 P1  F18000
G1 X138.79 Y75.453 Z2.64
G1 X139.389 Y144.79
G1 X139.79 Y144.79
G1 Z2.44
G1 E2.5 F6000
G1 F1511
G1 X80.21 Y144.79 E1.77468
G1 X80.21 Y144.61 E.00536
G1 X139.79 Y144.61 E1.77468
G1 X139.79 Y144.73 E.00357
G1 E-1.75 F6000
;WIPE_START
G1 F3600
G1 X138.79 Y144.731 E-.75
;WIPE_END
G1 X138.79 Y144.853 Z2.64 F18000
G1 X139.389 Y75.39
G1 X139.79 Y75.39
G1 Z2.44
G1 E2.5 F6000
G1 F1511
G1 X80.21 Y75.39 E1.77468
G1 X80.21 Y75.21 E.00536
G1 X139.79 Y75.21 E1.77468
G1 X139.79 Y75.33 E.00357
; stop printing object top_plate.stl id:4734322866433739561 copy 0
;LAYER_CHANGE
;Z:2.64
;HEIGHT:0.2
G92 E0 ; zero the extruded length again
; BEFORE_LAYER_CHANGE 12 @ 2.64mm
G1 E-1.75 F6000
;WIPE_START
G1 F3600
G1 X138.79 Y75.331 E-.75
;WIPE_END
; AFTER_LAYER_CHANGE 12 @ 2.64mm
;_SET_FAN_SPEED_CHANGING_LAYER
; printing object top_plate.stl id:4734322866433739561 copy 0
G17
G3 Z2.84 I-.608 J0 P1  F18000
G1 X138.79 Y75.453 Z2.84
G1 X139.389 Y144.79
G1 X139.79 Y144.79
G1 Z2.64
G1 E2.5 F6000
G1 F1511
G1 X80.21 Y144.79 E1.77468
G1 X80.21 Y144.61 E.00536
G1 X139.79 Y144.61 E1.77468
G1 X139.79 Y144.73 E.00357
G1 E-1.75 F6000
;WIPE_START
G1 F3600
G1 X138.79 Y144.731 E-.75
;WIPE_END
G1 X138.79 Y144.853 Z2.84 F18000
G1 X139.389 Y75.39
G1 X139.79 Y75.39
G1 Z2.64
G1 E2.5 F6000
G1 F1511
G1 X80.21 Y75.39 E1.77468
G1 X80.21 Y75.21 E.00536
G1 X139.79 Y75.21 E1.77468
G1 X139.79 Y75.33 E.00357
; stop printing object top_plate.stl id:4734322866433739561 copy 0
;LAYER_CHANGE
;Z:2.84
;HEIGHT:0.2
G92 E0 ; zero the extruded length again
; BEFORE_LAYER_CHANGE 13 @ 2.84mm
G1 E-1.75 F6000
;WIPE_START
G1 F3600
G1 X138.79 Y75.331 E-.75
;WIPE_END
; AFTER_LAYER_CHANGE 13 @ 2.84mm
;_SET_FAN_SPEED_CHANGING_LAYER
; printing object top_plate.stl id:4734322866433739561 copy 0
G17
G3 Z3.04 I-.608 J0 P1  F18000
G1 X138.79 Y75.453 Z3.04
G1 X139.389 Y144.79
G1 X139.79 Y144.79
G1 Z2.84
G1 E2.5 F6000
G1 F1511
G1 X80.21 Y144.79 E1.77468
G1 X80.21 Y144.61 E.00536
G1 X139.79 Y144.61 E1.77468
G1 X139.79 Y144.73 E.00357
G1 E-1.75 F6000
;WIPE_START
G1 F3600
G1 X138.79 Y144.731 E-.75
;WIPE_END
G1 X138.79 Y144.853 Z3.04 F18000
G1 X139.389 Y75.39
G1 X139.79 Y75.39
G1 Z2.84
G1 E2.5 F6000
G1 F1511
G1 X80.21 Y75.39 E1.77468
G1 X80.21 Y75.21 E.00536
G1 X139.79 Y75.21 E1.77468
G1 X139.79 Y75.33 E.00357
; stop printing object top_plate.stl id:4734322866433739561 copy 0
;LAYER_CHANGE
;Z:3.04
;HEIGHT:0.2
G92 E0 ; zero the extruded length again
; BEFORE_LAYER_CHANGE 14 @ 3.04mm
G1 E-1.75 F6000
;WIPE_START
G1 F3600
G1 X138.79 Y75.331 E-.75
;WIPE_END
; AFTER_LAYER_CHANGE 14 @ 3.04mm
;_SET_FAN_SPEED_CHANGING_LAYER
; printing object top_plate.stl id:4734322866433739561 copy 0
G17
G3 Z3.24 I-.608 J0 P1  F18000
G1 X138.79 Y75.453 Z3.24
G1 X139.389 Y144.79
G1 X139.79 Y144.79
G1 Z3.04
G1 E2.5 F6000
G1 F1511
G1 X80.21 Y144.79 E1.77468
G1 X80.21 Y144.61 E.00536
G1 X139.79 Y144.61 E1.77468
G1 X139.79 Y144.73 E.00357
G1 E-1.75 F6000
;WIPE_START
G1 F3600
G1 X138.79 Y144.731 E-.75
;WIPE_END
G1 X138.79 Y144.853 Z3.24 F18000
G1 X139.389 Y75.39
G1 X139.79 Y75.39
G1 Z3.04
G1 E2.5 F6000
G1 F1511
G1 X80.21 Y75.39 E1.77468
G1 X80.21 Y75.21 E.00536
G1 X139.79 Y75.21 E1.77468
G1 X139.79 Y75.33 E.00357
; stop printing object top_plate.stl id:4734322866433739561 copy 0
;LAYER_CHANGE
;Z:3.24
;HEIGHT:0.2
G92 E0 ; zero the extruded length again
; BEFORE_LAYER_CHANGE 15 @ 3.24mm
G1 E-1.75 F6000
;WIPE_START
G1 F3600
G1 X138.79 Y75.331 E-.75
;WIPE_END
; AFTER_LAYER_CHANGE 15 @ 3.24mm
;_SET_FAN_SPEED_CHANGING_LAYER
; printing object top_plate.stl id:4734322866433739561 copy 0
G17
G3 Z3.44 I-.608 J0 P1  F18000
G1 X138.79 Y75.453 Z3.44
G1 X139.389 Y144.79
G1 X139.79 Y144.79
G1 Z3.24
G1 E2.5 F6000
G1 F1511
G1 X80.21 Y144.79 E1.77468
G1 X80.21 Y144.61 E.00536
G1 X139.79 Y144.61 E1.77468
G1 X139.79 Y144.73 E.00357
G1 E-1.75 F6000
;WIPE_START
G1 F3600
G1 X138.79 Y144.731 E-.75
;WIPE_END
G1 X138.79 Y144.853 Z3.44 F18000
G1 X139.389 Y75.39
G1 X139.79 Y75.39
G1 Z3.24
G1 E2.5 F6000
G1 F1511
G1 X80.21 Y75.39 E1.77468
G1 X80.21 Y75.21 E.00536
G1 X139.79 Y75.21 E1.77468
G1 X139.79 Y75.33 E.00357
; stop printing object top_plate.stl id:4734322866433739561 copy 0
;LAYER_CHANGE
;Z:3.44
;HEIGHT:0.2
G92 E0 ; zero the extruded length again
; BEFORE_LAYER_CHANGE 16 @ 3.44mm
G1 E-1.75 F6000
;WIPE_START
G1 F3600
G1 X138.79 Y75.331 E-.75
;WIPE_END
; AFTER_LAYER_CHANGE 16 @ 3.44mm
;_SET_FAN_SPEED_CHANGING_LAYER
; printing object top_plate.stl id:4734322866433739561 copy 0
G17
G3 Z3.64 I-.608 J0 P1  F18000
G1 X138.79 Y75.453 Z3.64
G1 X139.389 Y144.79
G1 X139.79 Y144.79
G1 Z3.44
G1 E2.5 F6000
G1 F1511
G1 X80.21 Y144.79 E1.77468
G1 X80.21 Y144.61 E.00536
G1 X139.79 Y144.61 E1.77468
G1 X139.79 Y144.73 E.00357
G1 E-1.75 F6000
;WIPE_START
G1 F3600
G1 X138.79 Y144.731 E-.75
;WIPE_END
G1 X138.79 Y144.853 Z3.64 F18000
G1 X139.389 Y75.39
G1 X139.79 Y75.39
G1 Z3.44
G1 E2.5 F6000
G1 F1511
G1 X80.21 Y75.39 E1.77468
G1 X80.21 Y75.21 E.00536
G1 X139.79 Y75.21 E1.77468
G1 X139.79 Y75.33 E.00357
; stop printing object top_plate.stl id:4734322866433739561 copy 0
;LAYER_CHANGE
;Z:3.64
;HEIGHT:0.2
G92 E0 ; zero the extruded length again
; BEFORE_LAYER_CHANGE 17 @ 3.64mm
G1 E-1.75 F6000
;WIPE_START
G1 F3600
G1 X138.79 Y75.331 E-.75
;WIPE_END
; AFTER_LAYER_CHANGE 17 @ 3.64mm
;_SET_FAN_SPEED_CHANGING_LAYER
; printing object top_plate.stl id:4734322866433739561 copy 0
G17
G3 Z3.84 I-.608 J0 P1  F18000
G1 X138.79 Y75.453 Z3.84
G1 X139.389 Y144.79
G1 X139.79 Y144.79
G1 Z3.64
G1 E2.5 F6000
G1 F1511
G1 X80.21 Y144.79 E1.77468
G1 X80.21 Y144.61 E.00536
G1 X139.79 Y144.61 E1.77468
G1 X139.79 Y144.73 E.00357
G1 E-1.75 F6000
;WIPE_START
G1 F3600
G1 X138.79 Y144.731 E-.75
;WIPE_END
G1 X138.79 Y144.853 Z3.84 F18000
G1 X139.389 Y75.39
G1 X139.79 Y75.39
G1 Z3.64
G1 E2.5 F6000
G1 F1511
G1 X80.21 Y75.39 E1.77468
G1 X80.21 Y75.21 E.00536
G1 X139.79 Y75.21 E1.77468
G1 X139.79 Y75.33 E.00357
; stop printing object top_plate.stl id:4734322866433739561 copy 0
;LAYER_CHANGE
;Z:3.84
;HEIGHT:0.2
G92 E0 ; zero the extruded length again
; BEFORE_LAYER_CHANGE 18 @ 3.84mm
G1 E-1.75 F6000
;WIPE_START
G1 F3600
G1 X138.79 Y75.331 E-.75
;WIPE_END
; AFTER_LAYER_CHANGE 18 @ 3.84mm
;_SET_FAN_SPEED_CHANGING_LAYER
; printing object top_plate.stl id:4734322866433739561 copy 0
G17
G3 Z4.04 I-.608 J0 P1  F18000
G1 X138.79 Y75.453 Z4.04
G1 X139.389 Y144.79
G1 X139.79 Y144.79
G1 Z3.84
G1 E2.5 F6000
G1 F1511
G1 X80.21 Y144.79 E1.77468
G1 X80.21 Y144.61 E.00536
G1 X139.79 Y144.61 E1.77468
G1 X139.79 Y144.73 E.00357
G1 E-1.75 F6000
;WIPE_START
G1 F3600
G1 X138.79 Y144.731 E-.75
;WIPE_END
G1 X138.79 Y144.853 Z4.04 F18000
G1 X139.389 Y75.39
G1 X139.79 Y75.39
G1 Z3.84
G1 E2.5 F6000
G1 F1511
G1 X80.21 Y75.39 E1.77468
G1 X80.21 Y75.21 E.00536
G1 X139.79 Y75.21 E1.77468
G1 X139.79 Y75.33 E.00357
; stop printing object top_plate.stl id:4734322866433739561 copy 0
;LAYER_CHANGE
;Z:4.04
;HEIGHT:0.2
G92 E0 ; zero the extruded length again
; BEFORE_LAYER_CHANGE 19 @ 4.04mm
G1 E-1.75 F6000
;WIPE_START
G1 F3600
G1 X138.79 Y75.331 E-.75
;WIPE_END
; AFTER_LAYER_CHANGE 19 @ 4.04mm
;_SET_FAN_SPEED_CHANGING_LAYER
; printing object top_plate.stl id:4734322866433739561 copy 0
G17
G3 Z4.24 I-.608 J0 P1  F18000
G1 X138.79 Y75.453 Z4.24
G1 X139.389 Y144.79
G1 X139.79 Y144.79
G1 Z4.04
G1 E2.5 F6000
G1 F1511
G1 X80.21 Y144.79 E1.77468
G1 X80.21 Y144.61 E.00536
G1 X139.79 Y144.61 E1.77468
G1 X139.79 Y144.73 E.00357
G1 E-1.75 F6000
;WIPE_START
G1 F3600
G1 X138.79 Y144.731 E-.75
;WIPE_END
G1 X138.79 Y144.853 Z4.24 F18000
G1 X139.389 Y75.39
G1 X139.79 Y75.39
G1 Z4.04
G1 E2.5 F6000
G1 F1511
G1 X80.21 Y75.39 E1.77468
G1 X80.21 Y75.21 E.00536
G1 X139.79 Y75.21 E1.77468
G1 X139.79 Y75.33 E.00357
; stop printing object top_plate.stl id:4734322866433739561 copy 0
M106 S102
;LAYER_CHANGE
;Z:4.24
;HEIGHT:0.2
G92 E0 ; zero the extruded length again
; BEFORE_LAYER_CHANGE 20 @ 4.24mm
G1 E-1.75 F6000
;WIPE_START
G1 F3600
G1 X138.79 Y75.331 E-.75
;WIPE_END
; AFTER_LAYER_CHANGE 20 @ 4.24mm
;_SET_FAN_SPEED_CHANGING_LAYER
; printing object top_plate.stl id:4734322866433739561 copy 0
G17
G3 Z4.44 I-.369 J-.484 P1  F18000
G1 X119.832 Y89.809 Z4.44
G1 Z4.24
G1 E2.5 F6000
M204 P500
;TYPE:Overhang wall
;WIDTH:0.364292
G1 F1500
M106 S127
G1 X100.168 Y89.809 E.49917
G1 X100.185 Y89.491 E.0081
G1 X119.815 Y89.491 E.49832
G1 X119.832 Y89.809 E.00809
G1 X120.17 Y90.131 E.01185
G1 X99.83 Y90.131 E.51637
G1 X99.88 Y89.169 E.02443
G1 X120.12 Y89.169 E.5138
G1 X120.17 Y90.131 E.02443
G1 E-1.75 F6000
;WIPE_START
G1 F1500
G1 X120.12 Y89.169 E-.72188
G1 X120.082 Y89.169 E-.02812
;WIPE_END
G17
G3 Z4.44 I.265 J.548 P1  F18000
G1 X120.433 Y89 Z4.44
G1 Z4.24
G1 E2.5 F6000
G1 F1500
G1 X120.509 Y90.452 E.03691
G1 X99.491 Y90.452 E.53357
G1 X99.567 Y89 E.03691
G1 X99.559 Y88.848 E.00386
G1 X120.441 Y88.848 E.53009
G1 X120.433 Y89 E.00386
G1 X120.754 Y89 E.00817
G1 X120.838 Y90.595 E.04054
G1 X120.867 Y90.773 E.0046
G1 X99.133 Y90.773 E.55173
G1 X99.162 Y90.594 E.0046
G1 X99.246 Y89 E.04053
G1 X99.221 Y88.527 E.01203
G1 X120.779 Y88.527 E.54729
G1 X120.754 Y89 E.01203
G1 X121.076 Y89 E.00817
G1 X121.158 Y90.561 E.03968
G1 X121.243 Y91.095 E.01372
G1 X98.757 Y91.095 E.57083
G1 X98.842 Y90.561 E.01372
G1 X98.924 Y89 E.03968
G1 X98.882 Y88.205 E.0202
G1 X121.118 Y88.205 E.56449
G1 X121.076 Y89 E.0202
G1 X121.398 Y89 E.00817
G1 X121.478 Y90.527 E.03882
G1 X121.619 Y91.416 E.02285
G1 X98.381 Y91.416 E.58993
G1 X98.522 Y90.527 E.02285
G1 X98.602 Y89 E.03882
G1 X98.543 Y87.884 E.02837
G1 X121.457 Y87.884 E.58169
G1 X121.398 Y89 E.02837
G1 X121.72 Y89 E.00817
G1 X121.799 Y90.494 E.03797
G1 X121.995 Y91.737 E.03197
G1 X98.005 Y91.737 E.60903
G1 X98.201 Y90.493 E.03197
G1 X98.28 Y89 E.03797
G1 X98.204 Y87.563 E.03654
G1 X121.796 Y87.563 E.59889
G1 X121.72 Y89 E.03654
G1 E-1.75 F6000
;WIPE_START
G1 F1500
G1 X121.772 Y88.001 E-.75
;WIPE_END
G17
G3 Z4.44 I.487 J.365 P1  F18000
G1 X122.119 Y87.54 Z4.44
G1 Z4.24
G1 E2.5 F6000
G1 F1500
G1 X122.042 Y89 E.03711
G1 X122.119 Y90.46 E.03711
G1 X122.347 Y91.901 E.03703
G1 X122.389 Y92.059 E.00416
G1 X97.611 Y92.059 E.62902
G1 X97.653 Y91.901 E.00416
G1 X97.881 Y90.46 E.03703
G1 X97.958 Y89 E.03711
G1 X97.881 Y87.54 E.03711
G1 X97.834 Y87.241 E.00768
G1 X122.166 Y87.241 E.61769
G1 X122.119 Y87.54 E.00768
G1 X122.439 Y87.574 E.00817
G1 X122.364 Y89 E.03625
G1 X122.439 Y90.426 E.03626
G1 X122.661 Y91.834 E.03618
G1 X122.808 Y92.38 E.01436
G1 X97.192 Y92.38 E.65028
G1 X97.339 Y91.834 E.01436
G1 X97.561 Y90.426 E.03618
G1 X97.636 Y89 E.03625
G1 X97.561 Y87.574 E.03626
G1 X97.458 Y86.92 E.01681
G1 X122.542 Y86.92 E.63679
G1 X122.439 Y87.574 E.01681
G1 X122.759 Y87.607 E.00817
G1 X122.685 Y89 E.0354
G1 X122.759 Y90.393 E.0354
G1 X122.976 Y91.767 E.03532
G1 X123.226 Y92.702 E.02456
G1 X96.773 Y92.702 E.67154
G1 X97.024 Y91.767 E.02456
G1 X97.241 Y90.393 E.03533
G1 X97.315 Y89 E.0354
G1 X97.241 Y87.607 E.0354
G1 X97.082 Y86.598 E.02593
G1 X122.918 Y86.598 E.65589
G1 X122.759 Y87.607 E.02593
G1 E-1.75 F6000
;WIPE_START
G1 F1500
G1 X122.915 Y86.62 E-.75
;WIPE_END
G17
G3 Z4.44 I.394 J.463 P1  F18000
G1 X123.291 Y86.3 Z4.44
G1 Z4.24
G1 E2.5 F6000
G1 F1500
G1 X123.079 Y87.641 E.03447
G1 X123.007 Y89 E.03454
G1 X123.079 Y90.359 E.03454
G1 X123.291 Y91.7 E.03447
G1 X123.646 Y93.023 E.03477
G1 X96.354 Y93.023 E.69286
G1 X96.709 Y91.7 E.03477
G1 X96.921 Y90.359 E.03447
G1 X96.993 Y89 E.03454
G1 X96.921 Y87.641 E.03455
G1 X96.703 Y86.277 E.03507
G1 X123.297 Y86.277 E.67512
G1 X123.291 Y86.3 E.0006
G1 X123.606 Y86.367 E.00817
G1 X123.399 Y87.675 E.03362
G1 X123.329 Y89 E.03369
G1 X123.399 Y90.325 E.03369
G1 X123.606 Y91.633 E.03362
G1 X123.949 Y92.914 E.03365
G1 X124.114 Y93.344 E.01171
G1 X95.886 Y93.344 E.71659
G1 X96.051 Y92.914 E.01171
G1 X96.394 Y91.633 E.03365
G1 X96.601 Y90.325 E.03362
G1 X96.671 Y89 E.03369
G1 X96.601 Y87.675 E.03369
G1 X96.394 Y86.367 E.03362
G1 X96.284 Y85.956 E.0108
G1 X123.716 Y85.956 E.69638
G1 X123.606 Y86.367 E.0108
G1 X123.921 Y86.434 E.00817
G1 X123.719 Y87.708 E.03277
G1 X123.651 Y89 E.03283
G1 X123.719 Y90.292 E.03283
G1 X123.921 Y91.566 E.03276
G1 X124.255 Y92.814 E.0328
G1 X124.581 Y93.666 E.02315
G1 X95.419 Y93.666 E.74033
G1 X95.745 Y92.814 E.02315
G1 X96.079 Y91.566 E.0328
G1 X96.281 Y90.292 E.03277
G1 X96.349 Y89 E.03283
G1 X96.281 Y87.708 E.03284
G1 X96.079 Y86.434 E.03276
G1 X95.865 Y85.634 E.02101
G1 X124.135 Y85.634 E.71765
G1 X123.921 Y86.434 E.02101
G1 X124.235 Y86.501 E.00817
G1 X124.039 Y87.742 E.03191
G1 X123.973 Y89 E.03198
G1 X124.039 Y90.258 E.03198
G1 X124.235 Y91.499 E.03191
G1 X124.561 Y92.715 E.03194
G1 X125.061 Y93.987 E.0347
G1 X94.939 Y93.987 E.76467
G1 X95.439 Y92.715 E.0347
G1 X95.765 Y91.499 E.03194
G1 X95.961 Y90.258 E.03191
G1 X96.027 Y89 E.03198
G1 X95.961 Y87.742 E.03198
G1 X95.765 Y86.501 E.03191
G1 X95.447 Y85.313 E.03121
G1 X124.553 Y85.313 E.73891
G1 X124.235 Y86.501 E.03121
G1 E-1.75 F6000
;WIPE_START
G1 F1500
G1 X124.494 Y85.535 E-.75
;WIPE_END
G17
G3 Z4.44 I.227 J.564 P1  F18000
G1 X124.867 Y85.385 Z4.44
G1 Z4.24
G1 E2.5 F6000
G1 F1500
G1 X124.55 Y86.567 E.03109
G1 X124.359 Y87.776 E.03106
G1 X124.294 Y89 E.03112
G1 X124.359 Y90.224 E.03112
G1 X124.55 Y91.433 E.03106
G1 X124.867 Y92.615 E.03109
G1 X125.307 Y93.762 E.03118
G1 X125.585 Y94.308 E.01557
G1 X94.415 Y94.308 E.79131
G1 X94.693 Y93.762 E.01557
G1 X95.133 Y92.615 E.03118
G1 X95.45 Y91.433 E.03109
G1 X95.641 Y90.224 E.03106
G1 X95.706 Y89 E.03112
G1 X95.641 Y87.776 E.03112
G1 X95.45 Y86.567 E.03106
G1 X95.133 Y85.385 E.03108
G1 X94.982 Y84.992 E.01069
G1 X125.018 Y84.992 E.76248
G1 X124.867 Y85.385 E.01068
G1 E-1.75 F6000
;WIPE_START
G1 F1500
G1 X125.018 Y84.992 E-.31564
G1 X124.439 Y84.992 E-.43437
;WIPE_END
G17
G3 Z4.44 I-.585 J.168 P1  F18000
G1 X129.667 Y103.221 Z4.44
G1 Z4.24
G1 E2.5 F6000
G1 F1500
G1 X130.152 Y103.407 E.01319
G1 X130.152 Y116.593 E.33474
G2 X129.548 Y116.84 I.865 J2.98 E.01659
G1 X129.548 Y103.16 E.34726
G1 X129.667 Y103.221 E.00338
G1 X129.798 Y102.927 E.00817
G1 X130.473 Y103.186 E.01837
G1 X130.473 Y116.814 E.34595
G2 X129.227 Y117.364 I1.98 J6.172 E.03466
G1 X129.227 Y102.636 E.3739
G1 X129.798 Y102.927 E.01627
G1 X129.929 Y102.633 E.00817
G1 X130.795 Y102.965 E.02355
G1 X130.795 Y117.035 E.35717
G1 X129.929 Y117.367 E.02355
G1 X128.905 Y117.889 E.02916
G1 X128.905 Y102.111 E.40054
G1 X129.929 Y102.633 E.02916
G1 E-1.75 F6000
;WIPE_START
G1 F1500
G1 X129.038 Y102.179 E-.75
;WIPE_END
G17
G3 Z4.44 I.513 J-.327 P1  F18000
G1 X128.698 Y101.645 Z4.44
G1 Z4.24
G1 E2.5 F6000
G1 F1500
G1 X130.059 Y102.339 E.0388
G1 X131.116 Y102.744 E.02873
G1 X131.116 Y117.256 E.36839
G1 X130.059 Y117.661 E.02873
G1 X128.698 Y118.355 E.0388
G1 X128.584 Y118.43 E.00345
G1 X128.584 Y101.571 E.42798
G1 X128.698 Y101.645 E.00345
G1 X128.859 Y101.366 E.00817
G1 X130.19 Y102.045 E.03794
G1 X131.437 Y102.523 E.03391
G1 X131.437 Y117.477 E.3796
G1 X130.19 Y117.955 E.03391
G1 X128.859 Y118.634 E.03794
G1 X128.263 Y119.021 E.01805
G1 X128.263 Y100.979 E.45803
G1 X128.859 Y101.366 E.01805
G1 X129.02 Y101.087 E.00817
G1 X130.321 Y101.751 E.03709
G1 X131.759 Y102.294 E.03901
G1 X131.759 Y117.706 E.39123
G1 X130.321 Y118.249 E.03901
G1 X129.02 Y118.913 E.03709
G1 X127.941 Y119.613 E.03265
G1 X127.941 Y100.387 E.48807
G1 X129.02 Y101.087 E.03265
G1 E-1.75 F6000
;WIPE_START
G1 F1500
G1 X128.181 Y100.543 E-.75
;WIPE_END
G17
G3 Z4.44 I.568 J-.219 P1  F18000
G1 X127.985 Y100.032 Z4.44
G1 Z4.24
G1 E2.5 F6000
G1 F1500
G1 X129.181 Y100.809 E.0362
G1 X130.452 Y101.457 E.03623
G1 X131.788 Y101.97 E.03632
G1 X132.08 Y102.048 E.00767
G1 X132.08 Y117.952 E.40375
G1 X131.788 Y118.03 E.00767
G1 X130.452 Y118.543 E.03633
G1 X129.181 Y119.191 E.03623
G1 X127.985 Y119.968 E.0362
G1 X127.62 Y120.263 E.01192
G1 X127.62 Y99.737 E.5211
G1 X127.985 Y100.032 E.01192
G1 X128.174 Y99.772 E.00817
G1 X129.342 Y100.53 E.03535
G1 X130.583 Y101.163 E.03538
G1 X131.888 Y101.663 E.03547
G1 X132.402 Y101.801 E.01351
G1 X132.402 Y118.199 E.41627
G1 X131.888 Y118.337 E.01351
G1 X130.583 Y118.837 E.03547
G1 X129.342 Y119.47 E.03538
G1 X128.174 Y120.228 E.03535
G1 X127.298 Y120.937 E.0286
G1 X127.298 Y99.063 E.55532
G1 X128.174 Y99.772 E.0286
G1 E-1.75 F6000
;WIPE_START
G1 F1500
G1 X127.397 Y99.142 E-.75
;WIPE_END
G17
G3 Z4.44 I.598 J-.112 P1  F18000
G1 X127.305 Y98.655 Z4.44
G1 Z4.24
G1 E2.5 F6000
G1 F1500
G1 X128.363 Y99.511 E.03455
G1 X129.503 Y100.251 E.0345
G1 X130.714 Y100.869 E.03452
G1 X131.987 Y101.357 E.03461
G1 X132.723 Y101.554 E.01934
G1 X132.723 Y118.446 E.4288
G1 X131.987 Y118.643 E.01934
G1 X130.714 Y119.131 E.03461
G1 X129.503 Y119.749 E.03452
G1 X128.363 Y120.489 E.03449
G1 X127.305 Y121.345 E.03456
G1 X126.977 Y121.674 E.01179
G1 X126.977 Y98.326 E.5927
G1 X127.305 Y98.655 E.01179
G1 X127.521 Y98.415 E.00817
G1 X128.552 Y99.251 E.0337
G1 X129.664 Y99.973 E.03364
G1 X130.845 Y100.575 E.03367
G1 X132.086 Y101.051 E.03375
G1 X133.044 Y101.308 E.02517
G1 X133.044 Y118.692 E.44132
G1 X132.086 Y118.949 E.02517
G1 X130.845 Y119.425 E.03375
G1 X129.664 Y120.027 E.03367
G1 X128.552 Y120.749 E.03364
G1 X127.521 Y121.585 E.0337
G1 X126.656 Y122.45 E.03105
G1 X126.656 Y97.55 E.63209
G1 X127.521 Y98.415 E.03105
G1 E-1.75 F6000
;WIPE_START
G1 F1500
G1 X126.814 Y97.708 E-.75
;WIPE_END
G17
G3 Z4.44 I.608 J.014 P1  F18000
G1 X126.824 Y97.264 Z4.44
G1 Z4.24
G1 E2.5 F6000
G1 F1500
G1 X127.736 Y98.176 E.03275
G1 X128.741 Y98.991 E.03284
G1 X129.825 Y99.694 E.03279
G1 X130.976 Y100.281 E.03281
G1 X132.186 Y100.745 E.03289
G1 X133.366 Y101.061 E.03101
G1 X133.366 Y118.939 E.45384
G1 X132.186 Y119.255 E.03101
G1 X130.976 Y119.719 E.0329
G1 X129.825 Y120.306 E.03281
G1 X128.741 Y121.009 E.03278
G1 X127.736 Y121.824 E.03284
G1 X126.824 Y122.736 E.03275
G1 X126.334 Y123.34 E.01974
G1 X126.334 Y96.66 E.67731
G1 X126.824 Y97.264 E.01974
G1 E-1.75 F6000
;WIPE_START
G1 F1500
G1 X126.334 Y96.66 E-.58308
G1 X126.334 Y96.882 E-.16692
;WIPE_END
G17
G3 Z4.44 I.607 J-.048 P1  F18000
G1 X126.27 Y96.07 Z4.44
G1 Z4.24
G1 E2.5 F6000
G1 F1500
G1 X127.063 Y97.049 E.03199
G1 X127.951 Y97.937 E.0319
G1 X128.93 Y98.73 E.03198
G1 X129.985 Y99.415 E.03193
G1 X131.107 Y99.987 E.03196
G1 X132.285 Y100.439 E.03204
G1 X133.501 Y100.765 E.03194
G1 X133.687 Y100.794 E.00479
G1 X133.687 Y119.206 E.4674
G1 X133.501 Y119.235 E.00479
G1 X132.285 Y119.561 E.03194
G1 X131.107 Y120.013 E.03204
G1 X129.985 Y120.585 E.03196
G1 X128.93 Y121.27 E.03193
G1 X127.951 Y122.063 E.03199
G1 X127.063 Y122.951 E.0319
G1 X126.27 Y123.93 E.03198
G1 X126.013 Y124.326 E.01197
G1 X126.013 Y95.674 E.72736
G1 X126.27 Y96.07 E.01197
G1 E-1.75 F6000
;WIPE_START
G1 F1500
G1 X126.013 Y95.674 E-.35365
G1 X126.013 Y96.203 E-.39635
;WIPE_END
G17
G3 Z4.44 I.605 J-.067 P1  F18000
G1 X125.863 Y94.854 Z4.44
G1 Z4.24
G1 E2.5 F6000
G1 F1500
G1 X126.53 Y95.88 E.03108
G1 X127.302 Y96.833 E.03113
G1 X128.167 Y97.698 E.03105
G1 X129.12 Y98.47 E.03113
G1 X130.146 Y99.136 E.03108
G1 X131.238 Y99.693 E.0311
G1 X132.385 Y100.133 E.03118
G1 X133.567 Y100.45 E.03109
G1 X134.008 Y100.52 E.01133
G1 X134.008 Y119.48 E.48134
G1 X133.567 Y119.55 E.01133
G1 X132.385 Y119.867 E.03109
G1 X131.238 Y120.307 E.03118
G1 X130.146 Y120.864 E.0311
G1 X129.12 Y121.53 E.03108
G1 X128.167 Y122.302 E.03113
G1 X127.302 Y123.167 E.03105
G1 X126.53 Y124.12 E.03113
G1 X125.863 Y125.146 E.03108
G1 X125.692 Y125.483 E.0096
G1 X125.692 Y94.517 E.78613
G1 X125.863 Y94.854 E.0096
G1 E-1.75 F6000
;WIPE_START
G1 F1500
G1 X125.692 Y94.517 E-.28373
G1 X125.692 Y95.138 E-.46627
;WIPE_END
G17
G3 Z4.44 I-.6 J-.1 P1  F18000
G1 X119.815 Y130.509 Z4.44
G1 Z4.24
G1 E2.5 F6000
G1 F1500
G1 X100.185 Y130.509 E.49832
G1 X100.168 Y130.191 E.00809
G1 X119.832 Y130.191 E.49917
G1 X119.815 Y130.509 E.0081
G1 X120.12 Y130.831 E.01125
G1 X99.88 Y130.831 E.5138
G1 X99.83 Y129.869 E.02443
G1 X120.17 Y129.869 E.51637
G1 X120.12 Y130.831 E.02443
G1 X120.433 Y131 E.00903
G1 X120.441 Y131.152 E.00386
G1 X99.559 Y131.152 E.53009
G1 X99.567 Y131 E.00386
G1 X99.491 Y129.548 E.03691
G1 X120.509 Y129.548 E.53357
G1 X120.433 Y131 E.03691
G1 E-1.75 F6000
;WIPE_START
G1 F1500
G1 X120.485 Y130.001 E-.75
;WIPE_END
G17
G3 Z4.44 I.523 J.31 P1  F18000
G1 X120.838 Y129.406 Z4.44
G1 Z4.24
G1 E2.5 F6000
G1 F1500
G1 X120.754 Y131 E.04053
G1 X120.779 Y131.473 E.01203
G1 X99.221 Y131.473 E.54729
G1 X99.246 Y131 E.01203
G1 X99.162 Y129.405 E.04054
G1 X99.133 Y129.227 E.00459
G1 X120.867 Y129.227 E.55173
G1 X120.838 Y129.406 E.0046
G1 X121.158 Y129.439 E.00817
G1 X121.076 Y131 E.03968
G1 X121.118 Y131.795 E.0202
G1 X98.882 Y131.795 E.56449
G1 X98.924 Y131 E.0202
G1 X98.842 Y129.439 E.03968
G1 X98.757 Y128.905 E.01372
G1 X121.243 Y128.905 E.57083
G1 X121.158 Y129.439 E.01372
G1 X121.478 Y129.473 E.00817
G1 X121.398 Y131 E.03882
G1 X121.457 Y132.116 E.02837
G1 X98.543 Y132.116 E.58169
G1 X98.602 Y131 E.02837
G1 X98.522 Y129.473 E.03883
G1 X98.381 Y128.584 E.02284
G1 X121.619 Y128.584 E.58993
G1 X121.478 Y129.473 E.02285
G1 X121.799 Y129.507 E.00817
G1 X121.72 Y131 E.03797
G1 X121.796 Y132.437 E.03654
G1 X98.204 Y132.437 E.59889
G1 X98.28 Y131 E.03654
G1 X98.201 Y129.506 E.03797
G1 X98.005 Y128.263 E.03197
G1 X121.995 Y128.263 E.60903
G1 X121.799 Y129.507 E.03197
G1 E-1.75 F6000
;WIPE_START
G1 F1500
G1 X121.955 Y128.519 E-.75
;WIPE_END
G17
G3 Z4.44 I.445 J.415 P1  F18000
G1 X122.347 Y128.099 Z4.44
G1 Z4.24
G1 E2.5 F6000
G1 F1500
G1 X122.119 Y129.54 E.03703
G1 X122.042 Y131 E.03711
G1 X122.119 Y132.46 E.03711
G1 X122.166 Y132.759 E.00768
G1 X97.834 Y132.759 E.61769
G1 X97.881 Y132.46 E.00768
G1 X97.958 Y131 E.03711
G1 X97.881 Y129.54 E.03711
G1 X97.653 Y128.099 E.03703
G1 X97.611 Y127.941 E.00416
G1 X122.389 Y127.941 E.62902
G1 X122.347 Y128.099 E.00416
G1 X122.661 Y128.166 E.00817
G1 X122.439 Y129.574 E.03618
G1 X122.364 Y131 E.03625
G1 X122.439 Y132.426 E.03626
G1 X122.542 Y133.08 E.01681
G1 X97.458 Y133.08 E.63679
G1 X97.561 Y132.426 E.01681
G1 X97.636 Y131 E.03625
G1 X97.561 Y129.574 E.03626
G1 X97.339 Y128.166 E.03618
G1 X97.192 Y127.62 E.01436
G1 X122.808 Y127.62 E.65028
G1 X122.661 Y128.166 E.01436
G1 X122.976 Y128.233 E.00817
G1 X122.759 Y129.607 E.03533
G1 X122.685 Y131 E.0354
G1 X122.759 Y132.393 E.0354
G1 X122.918 Y133.402 E.02593
G1 X97.082 Y133.402 E.65589
G1 X97.241 Y132.393 E.02593
G1 X97.315 Y131 E.0354
G1 X97.241 Y129.607 E.0354
G1 X97.024 Y128.233 E.03532
G1 X96.773 Y127.298 E.02456
G1 X123.227 Y127.298 E.67154
G1 X122.976 Y128.233 E.02456
G1 E-1.75 F6000
;WIPE_START
G1 F1500
G1 X123.227 Y127.298 E-.72565
G1 X123.194 Y127.298 E-.02435
;WIPE_END
G17
G3 Z4.44 I.347 J.5 P1  F18000
G1 X123.643 Y126.987 Z4.44
G1 Z4.24
G1 E2.5 F6000
G1 F1500
G1 X123.291 Y128.3 E.03451
G1 X123.079 Y129.641 E.03447
G1 X123.007 Y131 E.03454
G1 X123.079 Y132.359 E.03454
G1 X123.297 Y133.723 E.03507
G1 X96.703 Y133.723 E.67512
G1 X96.921 Y132.359 E.03507
G1 X96.993 Y131 E.03454
G1 X96.921 Y129.641 E.03455
G1 X96.709 Y128.3 E.03447
G1 X96.354 Y126.977 E.03477
G1 X123.646 Y126.977 E.69286
G1 X123.949 Y127.086 E.00816
G1 X123.606 Y128.367 E.03365
G1 X123.399 Y129.675 E.03362
G1 X123.329 Y131 E.03369
G1 X123.399 Y132.325 E.03369
G1 X123.606 Y133.633 E.03362
G1 X123.716 Y134.044 E.01081
G1 X96.284 Y134.044 E.69638
G1 X96.394 Y133.633 E.0108
G1 X96.601 Y132.325 E.03362
G1 X96.671 Y131 E.03369
G1 X96.601 Y129.675 E.03369
G1 X96.394 Y128.367 E.03362
G1 X96.051 Y127.086 E.03365
G1 X95.886 Y126.656 E.01171
G1 X124.114 Y126.656 E.71659
G1 X123.949 Y127.086 E.01171
G1 X124.255 Y127.186 E.00817
G1 X123.921 Y128.434 E.0328
G1 X123.719 Y129.708 E.03277
G1 X123.651 Y131 E.03283
G1 X123.719 Y132.292 E.03283
G1 X123.921 Y133.566 E.03276
G1 X124.135 Y134.366 E.02101
G1 X95.865 Y134.366 E.71765
G1 X96.079 Y133.566 E.02101
G1 X96.281 Y132.292 E.03277
G1 X96.349 Y131 E.03283
G1 X96.281 Y129.708 E.03284
G1 X96.079 Y128.434 E.03276
G1 X95.745 Y127.186 E.03279
G1 X95.419 Y126.334 E.02315
G1 X124.581 Y126.334 E.74033
G1 X124.255 Y127.186 E.02315
G1 E-1.75 F6000
;WIPE_START
G1 F1500
G1 X124.581 Y126.334 E-.68393
G1 X124.493 Y126.334 E-.06607
;WIPE_END
G17
G3 Z4.44 I.244 J.557 P1  F18000
G1 X125.013 Y126.107 Z4.44
G1 Z4.24
G1 E2.5 F6000
G1 F1500
G1 X124.561 Y127.285 E.03203
G1 X124.235 Y128.501 E.03194
G1 X124.039 Y129.742 E.03191
G1 X123.973 Y131 E.03198
G1 X124.039 Y132.258 E.03198
G1 X124.235 Y133.499 E.03191
G1 X124.553 Y134.687 E.03121
G1 X95.447 Y134.687 E.73891
G1 X95.765 Y133.499 E.03121
G1 X95.961 Y132.258 E.03191
G1 X96.027 Y131 E.03198
G1 X95.961 Y129.742 E.03198
G1 X95.765 Y128.501 E.03191
G1 X95.439 Y127.285 E.03194
G1 X94.939 Y126.013 E.0347
G1 X125.061 Y126.013 E.76467
G1 X125.013 Y126.107 E.00268
G1 E-1.75 F6000
;WIPE_START
G1 F1500
G1 X125.061 Y126.013 E-.07919
G1 X124.166 Y126.013 E-.67081
;WIPE_END
G17
G3 Z4.44 I.16 J-.587 P1  F18000
G1 X90.452 Y116.84 Z4.44
G1 Z4.24
G1 E2.5 F6000
G1 F1500
G2 X89.848 Y116.593 I-1.469 J2.733 E.01659
G1 X89.848 Y103.407 E.33474
G2 X90.452 Y103.16 I-.865 J-2.98 E.01659
G1 X90.452 Y116.84 E.34726
G1 X90.773 Y117.364 E.01562
G2 X89.527 Y116.814 I-3.226 J5.62 E.03466
G1 X89.527 Y103.186 E.34595
G2 X90.773 Y102.636 I-1.98 J-6.172 E.03466
G1 X90.773 Y117.364 E.3739
G1 X91.095 Y117.889 E.01562
G1 X90.071 Y117.367 E.02916
G1 X89.205 Y117.035 E.02355
G1 X89.205 Y102.965 E.35717
G1 X90.071 Y102.633 E.02355
G1 X91.095 Y102.111 E.02916
G1 X91.095 Y117.889 E.40054
G1 X91.416 Y118.43 E.01596
G1 X91.302 Y118.355 E.00345
G1 X89.94 Y117.661 E.0388
G1 X88.884 Y117.256 E.02873
G1 X88.884 Y102.744 E.36839
G1 X89.941 Y102.339 E.02873
G1 X91.302 Y101.645 E.0388
G1 X91.416 Y101.57 E.00345
G1 X91.416 Y118.43 E.42798
M204 T500
G1 X91.737 Y119.021 F18000
G1 F1500
G1 X91.141 Y118.634 E.01805
G1 X89.81 Y117.955 E.03794
G1 X88.563 Y117.477 E.03391
G1 X88.563 Y102.523 E.3796
G1 X89.81 Y102.045 E.03391
G1 X91.141 Y101.366 E.03794
G1 X91.737 Y100.979 E.01805
G1 X91.737 Y119.021 E.45803
G1 X92.059 Y119.613 F18000
G1 F1500
G1 X90.98 Y118.913 E.03265
G1 X89.679 Y118.249 E.03709
G1 X88.241 Y117.706 E.03901
G1 X88.241 Y102.294 E.39123
G1 X89.679 Y101.751 E.03901
G1 X90.98 Y101.087 E.03709
G1 X92.059 Y100.387 E.03265
G1 X92.059 Y119.613 E.48807
G1 X92.38 Y120.263 F18000
G1 F1500
G1 X92.015 Y119.968 E.01192
G1 X90.819 Y119.191 E.03621
G1 X89.548 Y118.543 E.03623
G1 X88.212 Y118.03 E.03632
G1 X87.92 Y117.952 E.00767
G1 X87.92 Y102.048 E.40375
G1 X88.212 Y101.97 E.00767
G1 X89.548 Y101.457 E.03633
G1 X90.819 Y100.809 E.03623
G1 X92.015 Y100.032 E.0362
G1 X92.38 Y99.737 E.01192
G1 X92.38 Y120.263 E.5211
G1 X92.702 Y120.937 F18000
G1 F1500
G1 X91.826 Y120.228 E.0286
G1 X90.658 Y119.47 E.03535
G1 X89.417 Y118.837 E.03538
G1 X88.112 Y118.337 E.03547
G1 X87.598 Y118.199 E.01351
G1 X87.598 Y101.801 E.41628
G1 X88.112 Y101.663 E.01351
G1 X89.417 Y101.163 E.03547
G1 X90.658 Y100.53 E.03538
G1 X91.826 Y99.772 E.03535
G1 X92.702 Y99.063 E.0286
G1 X92.702 Y120.937 E.55532
G1 X93.023 Y121.674 F18000
G1 F1500
G1 X92.695 Y121.345 E.01178
G1 X91.637 Y120.489 E.03455
G1 X90.497 Y119.749 E.0345
G1 X89.286 Y119.131 E.03452
G1 X88.013 Y118.643 E.03461
G1 X87.277 Y118.446 E.01934
G1 X87.277 Y101.554 E.4288
G1 X88.013 Y101.357 E.01934
G1 X89.286 Y100.869 E.03461
G1 X90.497 Y100.251 E.03452
G1 X91.637 Y99.511 E.03449
G1 X92.695 Y98.655 E.03456
G1 X93.023 Y98.326 E.01179
G1 X93.023 Y121.674 E.5927
G1 X93.344 Y122.45 F18000
G1 F1500
G1 X92.479 Y121.585 E.03105
G1 X91.448 Y120.749 E.0337
G1 X90.336 Y120.027 E.03364
G1 X89.155 Y119.425 E.03367
G1 X87.914 Y118.949 E.03375
G1 X86.956 Y118.692 E.02517
G1 X86.956 Y101.308 E.44132
G1 X87.914 Y101.051 E.02517
G1 X89.155 Y100.575 E.03375
G1 X90.336 Y99.973 E.03367
G1 X91.448 Y99.251 E.03364
G1 X92.479 Y98.415 E.0337
G1 X93.344 Y97.55 E.03105
G1 X93.344 Y122.45 E.63209
G1 X93.666 Y123.34 F18000
G1 F1500
G1 X93.176 Y122.736 E.01974
G1 X92.264 Y121.824 E.03275
G1 X91.259 Y121.009 E.03284
G1 X90.175 Y120.306 E.03279
G1 X89.024 Y119.719 E.03281
G1 X87.814 Y119.255 E.03289
G1 X86.634 Y118.939 E.03101
G1 X86.634 Y101.061 E.45384
G1 X87.814 Y100.745 E.03101
G1 X89.024 Y100.281 E.0329
G1 X90.175 Y99.694 E.03281
G1 X91.259 Y98.991 E.03278
G1 X92.264 Y98.176 E.03284
G1 X93.176 Y97.264 E.03275
G1 X93.666 Y96.66 E.01974
G1 X93.666 Y123.34 E.67731
M204 T2000
G1 E-1.75 F6000
;WIPE_START
G1 F1500
G1 X93.666 Y122.34 E-.75
;WIPE_END
G17
G3 Z4.44 I-.601 J.097 P1  F18000
G1 X93.987 Y124.326 Z4.44
G1 Z4.24
G1 E2.5 F6000
G1 F1500
G1 X93.73 Y123.93 E.01197
G1 X92.937 Y122.951 E.03199
G1 X92.049 Y122.063 E.0319
G1 X91.07 Y121.27 E.03199
G1 X90.014 Y120.585 E.03193
G1 X88.893 Y120.013 E.03196
G1 X87.715 Y119.561 E.03204
G1 X86.5 Y119.235 E.03194
G1 X86.313 Y119.206 E.0048
G1 X86.313 Y100.794 E.4674
G1 X86.499 Y100.765 E.00479
G1 X87.715 Y100.439 E.03194
G1 X88.893 Y99.987 E.03204
G1 X90.015 Y99.415 E.03196
G1 X91.07 Y98.73 E.03193
G1 X92.049 Y97.937 E.03199
G1 X92.937 Y97.049 E.0319
G1 X93.73 Y96.07 E.03198
G1 X93.987 Y95.674 E.01197
G1 X93.987 Y124.326 E.72736
G1 E-1.75 F6000
;WIPE_START
G1 F1500
G1 X93.987 Y123.326 E-.75
;WIPE_END
G17
G3 Z4.44 I-.602 J.09 P1  F18000
G1 X94.308 Y125.484 Z4.44
G1 Z4.24
G1 E2.5 F6000
G1 F1500
G1 X94.136 Y125.146 E.00961
G1 X93.47 Y124.12 E.03108
G1 X92.698 Y123.167 E.03113
G1 X91.833 Y122.302 E.03105
G1 X90.88 Y121.53 E.03113
G1 X89.854 Y120.864 E.03108
G1 X88.762 Y120.307 E.0311
G1 X87.615 Y119.867 E.03118
G1 X86.433 Y119.55 E.03108
G1 X85.992 Y119.48 E.01134
G1 X85.992 Y100.52 E.48134
G1 X86.433 Y100.45 E.01133
G1 X87.615 Y100.133 E.03109
G1 X88.762 Y99.693 E.03118
G1 X89.854 Y99.136 E.0311
G1 X90.88 Y98.47 E.03108
G1 X91.833 Y97.698 E.03113
G1 X92.698 Y96.833 E.03105
G1 X93.47 Y95.88 E.03113
G1 X94.137 Y94.854 E.03108
G1 X94.308 Y94.516 E.0096
G1 X94.308 Y125.484 E.78613
G1 E-1.75 F6000
;WIPE_START
G1 F1500
G1 X94.308 Y124.484 E-.75
;WIPE_END
G17
G3 Z4.44 I-.034 J.608 P1  F18000
G1 X125.307 Y126.238 Z4.44
G1 Z4.24
G1 E2.5 F6000
G1 F1500
G1 X124.867 Y127.385 E.03118
G1 X124.55 Y128.567 E.03109
G1 X124.359 Y129.776 E.03106
G1 X124.294 Y131 E.03112
G1 X124.359 Y132.224 E.03112
G1 X124.55 Y133.433 E.03106
G1 X124.867 Y134.615 E.03109
G1 X125.018 Y135.008 E.01068
G1 X94.982 Y135.008 E.76248
G1 X95.133 Y134.615 E.01068
G1 X95.45 Y133.433 E.03109
G1 X95.641 Y132.224 E.03106
G1 X95.706 Y131 E.03112
G1 X95.641 Y129.776 E.03112
G1 X95.45 Y128.567 E.03106
G1 X95.133 Y127.385 E.03108
G1 X94.693 Y126.238 E.03118
G1 X94.415 Y125.692 E.01557
G1 X125.585 Y125.692 E.79131
G1 X125.307 Y126.238 E.01557
G1 E-1.75 F6000
;WIPE_START
G1 F1500
G1 X125.585 Y125.692 E-.45998
G1 X125.199 Y125.692 E-.29002
;WIPE_END
G17
G3 Z4.44 I.608 J0 P1  F18000
G1 X125.173 Y85.484 Z4.44
G1 Z4.24
G1 E2.5 F6000
G1 F1500
G1 X124.865 Y86.634 E.03023
G1 X124.679 Y87.809 E.0302
G1 X124.616 Y89 E.03027
G1 X124.679 Y90.191 E.03027
G1 X124.865 Y91.366 E.0302
G1 X125.173 Y92.516 E.03023
G1 X125.601 Y93.631 E.03032
G1 X126.142 Y94.693 E.03024
G1 X126.79 Y95.691 E.03023
G1 X127.541 Y96.618 E.03027
G1 X128.382 Y97.459 E.03019
G1 X129.309 Y98.21 E.03027
G1 X130.307 Y98.858 E.03022
G1 X131.369 Y99.399 E.03025
G1 X132.484 Y99.827 E.03032
G1 X133.634 Y100.135 E.03023
G1 X134.33 Y100.245 E.01788
G1 X134.33 Y119.755 E.49527
G1 X133.634 Y119.865 E.01787
G1 X132.484 Y120.173 E.03023
G1 X131.369 Y120.601 E.03032
G1 X130.307 Y121.142 E.03025
G1 X129.309 Y121.79 E.03022
G1 X128.382 Y122.541 E.03028
G1 X127.541 Y123.382 E.03019
G1 X126.79 Y124.309 E.03027
G1 X126.142 Y125.307 E.03023
G1 X125.601 Y126.369 E.03025
G1 X125.173 Y127.484 E.03032
G1 X124.865 Y128.634 E.03023
G1 X124.679 Y129.809 E.0302
G1 X124.616 Y131 E.03027
G1 X124.679 Y132.191 E.03027
G1 X124.865 Y133.366 E.0302
G1 X125.173 Y134.516 E.03023
G1 X125.485 Y135.33 E.02212
G1 X94.515 Y135.33 E.78622
G1 X94.827 Y134.516 E.02212
G1 X95.135 Y133.366 E.03023
G1 X95.321 Y132.191 E.0302
G1 X95.384 Y131 E.03026
G1 X95.321 Y129.809 E.03027
G1 X95.135 Y128.634 E.0302
G1 X94.827 Y127.484 E.03023
G1 X94.399 Y126.369 E.03033
G1 X93.858 Y125.307 E.03025
G1 X93.21 Y124.309 E.03022
G1 X92.459 Y123.382 E.03028
G1 X91.618 Y122.541 E.03019
G1 X90.691 Y121.79 E.03027
G1 X89.693 Y121.142 E.03023
G1 X88.631 Y120.601 E.03025
G1 X87.516 Y120.173 E.03032
G1 X86.366 Y119.865 E.03023
G1 X85.67 Y119.755 E.01788
G1 X85.67 Y100.245 E.49527
G1 X86.366 Y100.135 E.01787
G1 X87.516 Y99.827 E.03023
G1 X88.631 Y99.399 E.03032
G1 X89.693 Y98.858 E.03025
G1 X90.691 Y98.21 E.03022
G1 X91.618 Y97.459 E.03028
G1 X92.459 Y96.618 E.03019
G1 X93.21 Y95.691 E.03027
G1 X93.858 Y94.693 E.03023
G1 X94.399 Y93.631 E.03025
G1 X94.827 Y92.516 E.03032
G1 X95.135 Y91.366 E.03023
G1 X95.321 Y90.191 E.0302
G1 X95.384 Y89 E.03026
G1 X95.321 Y87.809 E.03027
G1 X95.135 Y86.634 E.0302
G1 X94.827 Y85.484 E.03023
G1 X94.515 Y84.67 E.02213
G1 X125.485 Y84.67 E.78621
G1 X125.173 Y85.484 E.02212
G1 E-1.75 F6000
;WIPE_START
G1 F1500
G1 X125.485 Y84.67 E-.65364
G1 X125.357 Y84.67 E-.09636
;WIPE_END
G17
G3 Z4.44 I.184 J.58 P1  F18000
G1 X125.895 Y84.5 Z4.44
G1 Z4.24
G1 E2.5 F6000
G1 F1500
G1 X125.479 Y85.583 E.02946
G1 X125.18 Y86.701 E.02938
G1 X124.999 Y87.843 E.02935
G1 X124.938 Y89 E.02941
G1 X124.999 Y90.157 E.02941
G1 X125.18 Y91.299 E.02935
G1 X125.479 Y92.417 E.02938
G1 X125.895 Y93.5 E.02946
G1 X126.421 Y94.532 E.02939
G1 X127.051 Y95.502 E.02937
G1 X127.78 Y96.403 E.02942
G1 X128.597 Y97.22 E.02934
G1 X129.498 Y97.949 E.02942
G1 X130.468 Y98.579 E.02937
G1 X131.5 Y99.105 E.02939
G1 X132.583 Y99.521 E.02946
G1 X133.701 Y99.82 E.02938
G1 X134.651 Y99.971 E.02442
G1 X134.651 Y120.029 E.50921
G1 X133.701 Y120.18 E.02442
G1 X132.583 Y120.479 E.02938
G1 X131.5 Y120.895 E.02947
G1 X130.468 Y121.421 E.02939
G1 X129.498 Y122.051 E.02937
G1 X128.597 Y122.78 E.02942
G1 X127.78 Y123.597 E.02934
G1 X127.051 Y124.498 E.02942
G1 X126.421 Y125.468 E.02937
G1 X125.895 Y126.5 E.02939
G1 X125.479 Y127.583 E.02946
G1 X125.18 Y128.701 E.02938
G1 X124.999 Y129.843 E.02935
G1 X124.938 Y131 E.02941
G1 X124.999 Y132.157 E.02941
G1 X125.18 Y133.299 E.02935
G1 X125.479 Y134.417 E.02938
G1 X125.895 Y135.5 E.02946
G1 X125.972 Y135.651 E.0043
G1 X94.028 Y135.651 E.81092
G1 X94.105 Y135.5 E.0043
G1 X94.521 Y134.417 E.02946
G1 X94.82 Y133.299 E.02938
G1 X95.001 Y132.157 E.02935
G1 X95.062 Y131 E.02941
G1 X95.001 Y129.843 E.02941
G1 X94.82 Y128.701 E.02935
G1 X94.521 Y127.583 E.02937
G1 X94.105 Y126.5 E.02947
G1 X93.579 Y125.468 E.02939
G1 X92.949 Y124.498 E.02937
G1 X92.22 Y123.597 E.02942
G1 X91.403 Y122.78 E.02934
G1 X90.502 Y122.051 E.02942
G1 X89.532 Y121.421 E.02937
G1 X88.5 Y120.895 E.02939
G1 X87.417 Y120.479 E.02946
G1 X86.299 Y120.18 E.02937
G1 X85.349 Y120.029 E.02442
G1 X85.349 Y99.971 E.50921
G1 X86.299 Y99.82 E.02442
G1 X87.417 Y99.521 E.02938
G1 X88.5 Y99.105 E.02947
G1 X89.532 Y98.579 E.02939
G1 X90.502 Y97.949 E.02937
G1 X91.403 Y97.22 E.02942
G1 X92.22 Y96.403 E.02934
G1 X92.949 Y95.502 E.02942
G1 X93.579 Y94.532 E.02937
G1 X94.105 Y93.5 E.02939
G1 X94.521 Y92.417 E.02946
G1 X94.82 Y91.299 E.02938
G1 X95.001 Y90.157 E.02935
G1 X95.062 Y89 E.02941
G1 X95.001 Y87.843 E.02941
G1 X94.82 Y86.701 E.02935
G1 X94.521 Y85.583 E.02937
G1 X94.105 Y84.5 E.02947
G1 X94.028 Y84.349 E.0043
G1 X125.972 Y84.349 E.81092
G1 X125.895 Y84.5 E.0043
G1 X126.189 Y84.631 E.00817
G1 X125.785 Y85.683 E.0286
G1 X125.495 Y86.768 E.02852
G1 X125.319 Y87.877 E.0285
G1 X125.26 Y89 E.02855
G1 X125.319 Y90.123 E.02855
G1 X125.495 Y91.232 E.0285
G1 X125.785 Y92.317 E.02852
G1 X126.189 Y93.369 E.02861
G1 X126.7 Y94.371 E.02853
G1 X127.311 Y95.313 E.02852
G1 X128.019 Y96.187 E.02856
G1 X128.813 Y96.981 E.02849
G1 X129.687 Y97.689 E.02856
G1 X130.629 Y98.3 E.02852
G1 X131.631 Y98.811 E.02854
G1 X132.683 Y99.215 E.02861
G1 X133.768 Y99.505 E.02852
G1 X134.973 Y99.686 E.03092
G1 X134.973 Y120.314 E.52366
G1 X133.768 Y120.495 E.03092
G1 X132.683 Y120.785 E.02852
G1 X131.631 Y121.189 E.02861
G1 X130.629 Y121.7 E.02854
G1 X129.687 Y122.311 E.02851
G1 X128.813 Y123.019 E.02856
G1 X128.019 Y123.813 E.02849
G1 X127.311 Y124.687 E.02856
G1 X126.7 Y125.629 E.02852
G1 X126.189 Y126.631 E.02854
G1 X125.785 Y127.683 E.0286
G1 X125.495 Y128.768 E.02852
G1 X125.319 Y129.877 E.0285
G1 X125.26 Y131 E.02855
G1 X125.319 Y132.123 E.02855
G1 X125.495 Y133.232 E.0285
G1 X125.785 Y134.317 E.02852
G1 X126.189 Y135.369 E.02861
G1 X126.496 Y135.973 E.01719
G1 X93.504 Y135.973 E.83756
G1 X93.811 Y135.369 E.01719
G1 X94.215 Y134.317 E.0286
G1 X94.505 Y133.232 E.02852
G1 X94.681 Y132.123 E.0285
G1 X94.74 Y131 E.02855
G1 X94.681 Y129.877 E.02856
G1 X94.505 Y128.768 E.0285
G1 X94.215 Y127.683 E.02852
G1 X93.811 Y126.631 E.02861
G1 X93.3 Y125.629 E.02854
G1 X92.689 Y124.687 E.02852
G1 X91.981 Y123.813 E.02856
G1 X91.187 Y123.019 E.02849
G1 X90.313 Y122.311 E.02856
G1 X89.371 Y121.7 E.02852
G1 X88.369 Y121.189 E.02854
G1 X87.317 Y120.785 E.02861
G1 X86.232 Y120.495 E.02852
G1 X85.027 Y120.312 E.03093
G1 X85.027 Y99.686 E.5236
G1 X86.232 Y99.505 E.03092
G1 X87.317 Y99.215 E.02852
G1 X88.369 Y98.811 E.02861
G1 X89.371 Y98.3 E.02854
G1 X90.313 Y97.689 E.02851
G1 X91.187 Y96.981 E.02856
G1 X91.981 Y96.187 E.02849
G1 X92.689 Y95.313 E.02856
G1 X93.301 Y94.371 E.02852
G1 X93.811 Y93.369 E.02854
G1 X94.215 Y92.317 E.0286
G1 X94.505 Y91.232 E.02852
G1 X94.681 Y90.123 E.0285
G1 X94.74 Y89 E.02855
G1 X94.681 Y87.877 E.02856
G1 X94.505 Y86.768 E.0285
G1 X94.215 Y85.683 E.02852
G1 X93.811 Y84.631 E.02861
G1 X93.504 Y84.027 E.01719
G1 X126.496 Y84.027 E.83756
G1 X126.189 Y84.631 E.01719
G1 E-1.75 F6000
;WIPE_START
G1 F1500
G1 X126.496 Y84.027 E-.50788
G1 X126.174 Y84.027 E-.24212
;WIPE_END
G17
G3 Z4.44 I.172 J.584 P1  F18000
G1 X126.978 Y83.79 Z4.44
G1 Z4.24
G1 E2.5 F6000
G1 F1500
G1 X126.483 Y84.762 E.02768
G1 X126.091 Y85.782 E.02775
G1 X125.809 Y86.835 E.02767
G1 X125.639 Y87.91 E.02764
G1 X125.582 Y89 E.0277
G1 X125.639 Y90.09 E.0277
G1 X125.809 Y91.165 E.02764
G1 X126.091 Y92.218 E.02767
G1 X126.483 Y93.238 E.02775
G1 X126.978 Y94.21 E.02768
G1 X127.571 Y95.124 E.02766
G1 X128.258 Y95.972 E.02771
G1 X129.028 Y96.742 E.02763
G1 X129.876 Y97.429 E.02771
G1 X130.79 Y98.022 E.02766
G1 X131.762 Y98.517 E.02768
G1 X132.782 Y98.909 E.02775
G1 X133.835 Y99.191 E.02767
G1 X134.91 Y99.361 E.02764
G1 X135.294 Y99.381 E.00975
G1 X135.294 Y120.619 E.53914
G1 X134.91 Y120.639 E.00975
G1 X133.835 Y120.809 E.02764
G1 X132.782 Y121.091 E.02767
G1 X131.762 Y121.483 E.02775
G1 X130.79 Y121.978 E.02768
G1 X129.876 Y122.571 E.02766
G1 X129.028 Y123.258 E.02771
G1 X128.258 Y124.028 E.02763
G1 X127.572 Y124.876 E.0277
G1 X126.978 Y125.79 E.02766
G1 X126.483 Y126.762 E.02768
G1 X126.091 Y127.782 E.02775
G1 X125.809 Y128.835 E.02767
G1 X125.639 Y129.91 E.02764
G1 X125.582 Y131 E.0277
G1 X125.639 Y132.09 E.0277
G1 X125.809 Y133.165 E.02764
G1 X126.091 Y134.218 E.02767
G1 X126.483 Y135.238 E.02775
G1 X127.033 Y136.294 E.03021
G1 X92.967 Y136.294 E.86479
G1 X93.517 Y135.238 E.03022
G1 X93.909 Y134.218 E.02775
G1 X94.191 Y133.165 E.02767
G1 X94.361 Y132.09 E.02764
G1 X94.418 Y131 E.0277
G1 X94.361 Y129.91 E.0277
G1 X94.191 Y128.835 E.02764
G1 X93.909 Y127.782 E.02766
G1 X93.517 Y126.762 E.02775
G1 X93.022 Y125.79 E.02768
G1 X92.429 Y124.876 E.02766
G1 X91.741 Y124.028 E.02771
G1 X90.972 Y123.258 E.02763
G1 X90.124 Y122.571 E.02771
G1 X89.21 Y121.978 E.02766
G1 X88.238 Y121.483 E.02768
G1 X87.218 Y121.091 E.02775
G1 X86.165 Y120.809 E.02766
G1 X85.065 Y120.635 E.02827
G1 X84.706 Y120.618 E.00913
G1 X84.706 Y99.381 E.53913
G1 X85.09 Y99.361 E.00975
G1 X86.165 Y99.191 E.02764
G1 X87.218 Y98.909 E.02767
G1 X88.238 Y98.517 E.02775
G1 X89.21 Y98.022 E.02768
G1 X90.124 Y97.429 E.02766
G1 X90.972 Y96.742 E.02771
G1 X91.742 Y95.972 E.02763
G1 X92.428 Y95.124 E.0277
G1 X93.022 Y94.21 E.02766
G1 X93.517 Y93.238 E.02768
G1 X93.909 Y92.218 E.02775
G1 X94.191 Y91.165 E.02767
G1 X94.361 Y90.09 E.02764
G1 X94.418 Y89 E.0277
G1 X94.361 Y87.91 E.0277
G1 X94.191 Y86.835 E.02764
G1 X93.909 Y85.782 E.02766
G1 X93.517 Y84.762 E.02775
G1 X92.967 Y83.706 E.03021
G1 X127.033 Y83.706 E.86479
G1 X126.978 Y83.79 E.00255
G1 X127.257 Y83.951 E.00817
G1 X126.777 Y84.893 E.02683
G1 X126.397 Y85.881 E.02689
G1 X126.124 Y86.902 E.02681
G1 X125.959 Y87.944 E.02679
G1 X125.904 Y89 E.02684
G1 X125.959 Y90.056 E.02684
G1 X126.124 Y91.098 E.02679
G1 X126.397 Y92.119 E.02681
G1 X126.777 Y93.108 E.02689
G1 X127.257 Y94.049 E.02682
G1 X127.832 Y94.935 E.02681
G1 X128.498 Y95.756 E.02685
G1 X129.244 Y96.502 E.02678
G1 X130.065 Y97.168 E.02685
G1 X130.951 Y97.743 E.02681
G1 X131.892 Y98.223 E.02683
G1 X132.882 Y98.603 E.02689
G1 X133.902 Y98.876 E.02681
G1 X134.944 Y99.041 E.02679
G1 X135.615 Y99.076 E.01706
G1 X135.615 Y120.924 E.55462
G1 X134.944 Y120.959 E.01706
G1 X133.902 Y121.124 E.02679
G1 X132.882 Y121.397 E.02681
G1 X131.892 Y121.777 E.02689
G1 X130.951 Y122.257 E.02683
G1 X130.065 Y122.832 E.0268
G1 X129.244 Y123.498 E.02685
G1 X128.498 Y124.244 E.02678
G1 X127.832 Y125.065 E.02685
G1 X127.257 Y125.951 E.02681
G1 X126.777 Y126.893 E.02683
G1 X126.397 Y127.881 E.02689
G1 X126.124 Y128.902 E.02681
G1 X125.959 Y129.944 E.02679
G1 X125.904 Y131 E.02684
G1 X125.959 Y132.056 E.02684
G1 X126.124 Y133.098 E.02679
G1 X126.397 Y134.119 E.02681
G1 X126.777 Y135.108 E.02689
G1 X127.257 Y136.049 E.02682
G1 X127.625 Y136.615 E.01714
G1 X92.375 Y136.615 E.89483
G1 X92.743 Y136.049 E.01714
G1 X93.223 Y135.107 E.02683
G1 X93.603 Y134.119 E.02689
G1 X93.876 Y133.098 E.02681
G1 X94.041 Y132.056 E.02679
G1 X94.096 Y131 E.02684
G1 X94.041 Y129.944 E.02684
G1 X93.876 Y128.902 E.02679
G1 X93.603 Y127.882 E.02681
G1 X93.223 Y126.892 E.02689
G1 X92.743 Y125.951 E.02683
G1 X92.168 Y125.065 E.02681
G1 X91.502 Y124.244 E.02685
G1 X90.756 Y123.498 E.02678
G1 X89.935 Y122.832 E.02685
G1 X89.049 Y122.257 E.02681
G1 X88.107 Y121.777 E.02683
G1 X87.118 Y121.397 E.02689
G1 X86.098 Y121.124 E.02681
G1 X85.033 Y120.955 E.02739
G1 X84.385 Y120.925 E.01646
G1 X84.385 Y99.076 E.55465
G1 X85.056 Y99.041 E.01706
G1 X86.098 Y98.876 E.02679
G1 X87.118 Y98.603 E.02681
G1 X88.108 Y98.223 E.02689
G1 X89.049 Y97.743 E.02683
G1 X89.935 Y97.168 E.0268
G1 X90.756 Y96.502 E.02685
G1 X91.502 Y95.756 E.02678
G1 X92.168 Y94.935 E.02685
G1 X92.743 Y94.049 E.02681
G1 X93.223 Y93.107 E.02683
G1 X93.603 Y92.119 E.02689
G1 X93.876 Y91.098 E.02681
G1 X94.041 Y90.056 E.02679
G1 X94.096 Y89 E.02684
G1 X94.041 Y87.944 E.02684
G1 X93.876 Y86.902 E.02679
G1 X93.603 Y85.882 E.02681
G1 X93.223 Y84.892 E.02689
G1 X92.743 Y83.951 E.02683
G1 X92.375 Y83.385 E.01714
G1 X127.625 Y83.385 E.89483
G1 X127.257 Y83.951 E.01714
G1 E-1.75 F6000
;WIPE_START
G1 F1500
G1 X127.625 Y83.385 E-.50645
G1 X127.3 Y83.385 E-.24355
;WIPE_END
G17
G3 Z4.44 I.099 J.6 P1  F18000
G1 X128.092 Y83.254 Z4.44
G1 Z4.24
G1 E2.5 F6000
G1 F1500
G1 X127.536 Y84.112 E.02596
G1 X127.071 Y85.023 E.02597
G1 X126.703 Y85.981 E.02603
G1 X126.439 Y86.969 E.02596
G1 X126.279 Y87.978 E.02594
G1 X126.225 Y89 E.02599
G1 X126.279 Y90.022 E.02599
G1 X126.439 Y91.031 E.02593
G1 X126.703 Y92.019 E.02596
G1 X127.071 Y92.977 E.02603
G1 X127.536 Y93.888 E.02597
G1 X128.092 Y94.745 E.02595
G1 X128.737 Y95.541 E.02599
G1 X129.459 Y96.263 E.02593
G1 X130.255 Y96.908 E.02599
G1 X131.112 Y97.464 E.02595
G1 X132.023 Y97.929 E.02597
G1 X132.981 Y98.297 E.02603
G1 X133.969 Y98.561 E.02596
G1 X134.978 Y98.721 E.02594
G1 X135.937 Y98.771 E.02438
G1 X135.937 Y121.229 E.5701
G1 X134.978 Y121.279 E.02438
G1 X133.969 Y121.439 E.02594
G1 X132.981 Y121.703 E.02596
G1 X132.023 Y122.071 E.02604
G1 X131.112 Y122.536 E.02597
G1 X130.255 Y123.092 E.02595
G1 X129.459 Y123.737 E.026
G1 X128.737 Y124.459 E.02593
G1 X128.092 Y125.254 E.02599
G1 X127.536 Y126.112 E.02596
G1 X127.071 Y127.023 E.02597
G1 X126.703 Y127.981 E.02603
G1 X126.439 Y128.969 E.02596
G1 X126.279 Y129.978 E.02594
G1 X126.225 Y131 E.02599
G1 X126.279 Y132.022 E.02599
G1 X126.439 Y133.031 E.02593
G1 X126.703 Y134.019 E.02596
G1 X127.071 Y134.977 E.02603
G1 X127.536 Y135.888 E.02597
G1 X128.092 Y136.745 E.02595
G1 X128.247 Y136.937 E.00625
G1 X91.753 Y136.937 E.92644
G1 X91.908 Y136.746 E.00624
G1 X92.464 Y135.888 E.02596
G1 X92.929 Y134.977 E.02597
G1 X93.297 Y134.019 E.02603
G1 X93.561 Y133.031 E.02596
G1 X93.721 Y132.022 E.02594
G1 X93.775 Y131 E.02599
G1 X93.721 Y129.978 E.02599
G1 X93.561 Y128.969 E.02593
G1 X93.297 Y127.981 E.02596
G1 X92.929 Y127.023 E.02604
G1 X92.464 Y126.112 E.02597
G1 X91.908 Y125.255 E.02595
G1 X91.263 Y124.459 E.026
G1 X90.541 Y123.737 E.02593
G1 X89.745 Y123.092 E.02599
G1 X88.888 Y122.536 E.02595
G1 X87.977 Y122.071 E.02597
G1 X87.019 Y121.703 E.02603
G1 X86.031 Y121.439 E.02596
G1 X85 Y121.276 E.02652
G1 X84.063 Y121.232 E.0238
G1 X84.063 Y98.771 E.57018
G1 X85.022 Y98.721 E.02438
G1 X86.031 Y98.561 E.02594
G1 X87.019 Y98.297 E.02596
G1 X87.977 Y97.929 E.02604
G1 X88.888 Y97.464 E.02597
G1 X89.745 Y96.908 E.02595
G1 X90.541 Y96.263 E.026
G1 X91.263 Y95.541 E.02593
G1 X91.908 Y94.746 E.02599
G1 X92.464 Y93.888 E.02596
G1 X92.929 Y92.977 E.02597
G1 X93.297 Y92.019 E.02603
G1 X93.561 Y91.031 E.02596
G1 X93.721 Y90.022 E.02594
G1 X93.775 Y89 E.02599
G1 X93.721 Y87.978 E.02599
G1 X93.561 Y86.969 E.02593
G1 X93.297 Y85.981 E.02596
G1 X92.929 Y85.023 E.02604
G1 X92.464 Y84.112 E.02597
G1 X91.908 Y83.255 E.02595
G1 X91.753 Y83.063 E.00625
G1 X128.247 Y83.063 E.92644
G1 X128.092 Y83.254 E.00624
G1 X128.353 Y83.444 E.00817
G1 X127.814 Y84.273 E.0251
G1 X127.365 Y85.154 E.02512
G1 X127.009 Y86.08 E.02517
G1 X126.754 Y87.036 E.0251
G1 X126.599 Y88.011 E.02508
G1 X126.547 Y89 E.02513
G1 X126.599 Y89.989 E.02513
G1 X126.754 Y90.964 E.02508
G1 X127.009 Y91.92 E.02511
G1 X127.365 Y92.846 E.02518
G1 X127.814 Y93.727 E.02511
G1 X128.353 Y94.556 E.0251
G1 X128.976 Y95.326 E.02514
G1 X129.674 Y96.024 E.02507
G1 X130.444 Y96.647 E.02514
G1 X131.273 Y97.186 E.0251
G1 X132.154 Y97.635 E.02512
G1 X133.08 Y97.991 E.02518
G1 X134.036 Y98.246 E.0251
G1 X135.011 Y98.401 E.02508
G1 X136 Y98.453 E.02513
G1 X136.258 Y98.439 E.00656
G1 X136.258 Y121.562 E.58701
G1 X135.969 Y121.549 E.00735
G1 X135.011 Y121.599 E.02434
G1 X134.036 Y121.754 E.02508
G1 X133.08 Y122.009 E.0251
G1 X132.154 Y122.365 E.02518
G1 X131.273 Y122.814 E.02512
G1 X130.444 Y123.352 E.0251
G1 X129.674 Y123.976 E.02514
G1 X128.976 Y124.674 E.02507
G1 X128.353 Y125.444 E.02514
G1 X127.814 Y126.273 E.0251
G1 X127.365 Y127.154 E.02512
G1 X127.009 Y128.08 E.02517
G1 X126.754 Y129.036 E.0251
G1 X126.599 Y130.011 E.02508
G1 X126.547 Y131 E.02513
G1 X126.599 Y131.989 E.02513
G1 X126.754 Y132.964 E.02508
G1 X127.009 Y133.92 E.02511
G1 X127.365 Y134.846 E.02518
G1 X127.814 Y135.727 E.02511
G1 X128.353 Y136.556 E.0251
G1 X128.921 Y137.258 E.02293
G1 X91.079 Y137.258 E.96066
G1 X91.647 Y136.556 E.02292
G1 X92.186 Y135.727 E.0251
G1 X92.635 Y134.846 E.02512
G1 X92.991 Y133.92 E.02517
G1 X93.246 Y132.964 E.0251
G1 X93.401 Y131.989 E.02508
G1 X93.453 Y131 E.02513
G1 X93.401 Y130.011 E.02513
G1 X93.246 Y129.036 E.02508
G1 X92.991 Y128.08 E.0251
G1 X92.635 Y127.154 E.02518
G1 X92.186 Y126.273 E.02512
G1 X91.647 Y125.444 E.0251
G1 X91.024 Y124.674 E.02514
G1 X90.326 Y123.976 E.02507
G1 X89.556 Y123.353 E.02514
G1 X88.727 Y122.814 E.0251
G1 X87.846 Y122.365 E.02512
G1 X86.92 Y122.009 E.02518
G1 X85.965 Y121.754 E.0251
G1 X84.967 Y121.596 E.02564
G1 X83.969 Y121.549 E.02537
G1 X83.742 Y121.561 E.00576
G1 X83.742 Y98.439 E.58696
G1 X84 Y98.453 E.00656
G1 X84.989 Y98.401 E.02513
G1 X85.964 Y98.246 E.02508
G1 X86.92 Y97.991 E.0251
G1 X87.846 Y97.635 E.02518
G1 X88.727 Y97.186 E.02512
G1 X89.556 Y96.648 E.0251
G1 X90.326 Y96.024 E.02514
G1 X91.024 Y95.326 E.02507
G1 X91.647 Y94.556 E.02514
G1 X92.186 Y93.727 E.0251
G1 X92.635 Y92.846 E.02512
G1 X92.991 Y91.92 E.02517
G1 X93.246 Y90.964 E.0251
G1 X93.401 Y89.989 E.02508
G1 X93.453 Y89 E.02513
G1 X93.401 Y88.011 E.02513
G1 X93.246 Y87.036 E.02508
G1 X92.991 Y86.08 E.0251
G1 X92.635 Y85.154 E.02518
G1 X92.186 Y84.273 E.02512
G1 X91.647 Y83.444 E.0251
G1 X91.079 Y82.742 E.02293
G1 X128.921 Y82.742 E.96066
G1 X128.353 Y83.444 E.02292
G1 E-1.75 F6000
;WIPE_START
G1 F1500
G1 X128.921 Y82.742 E-.67726
G1 X128.824 Y82.742 E-.07274
;WIPE_END
G17
G3 Z4.44 I-.215 J.569 P1  F18000
G1 X129.215 Y82.89 Z4.44
G1 Z4.24
G1 E2.5 F6000
G1 F1500
G1 X128.613 Y83.633 E.02428
G1 X128.093 Y84.434 E.02425
G1 X127.659 Y85.285 E.02426
G1 X127.316 Y86.18 E.02432
G1 X127.068 Y87.102 E.02425
G1 X126.919 Y88.045 E.02423
G1 X126.869 Y89 E.02428
G1 X126.919 Y89.955 E.02428
G1 X127.068 Y90.898 E.02423
G1 X127.316 Y91.82 E.02425
G1 X127.659 Y92.715 E.02432
G1 X128.093 Y93.566 E.02426
G1 X128.613 Y94.367 E.02425
G1 X129.215 Y95.11 E.02428
G1 X129.89 Y95.785 E.02422
G1 X130.633 Y96.387 E.02428
G1 X131.434 Y96.907 E.02424
G1 X132.285 Y97.341 E.02426
G1 X133.18 Y97.684 E.02432
G1 X134.102 Y97.932 E.02425
G1 X135.045 Y98.081 E.02423
G1 X136 Y98.131 E.02428
G1 X136.579 Y98.101 E.01473
G1 X136.579 Y121.899 E.60416
G1 X135.97 Y121.871 E.0155
G1 X135.045 Y121.919 E.0235
G1 X134.102 Y122.068 E.02423
G1 X133.18 Y122.316 E.02425
G1 X132.285 Y122.659 E.02432
G1 X131.434 Y123.093 E.02426
G1 X130.633 Y123.613 E.02424
G1 X129.89 Y124.215 E.02428
G1 X129.215 Y124.89 E.02422
G1 X128.613 Y125.633 E.02428
G1 X128.093 Y126.434 E.02425
G1 X127.659 Y127.285 E.02426
G1 X127.316 Y128.18 E.02432
G1 X127.068 Y129.102 E.02425
G1 X126.919 Y130.045 E.02423
G1 X126.869 Y131 E.02428
G1 X126.919 Y131.955 E.02428
G1 X127.068 Y132.898 E.02423
G1 X127.316 Y133.82 E.02425
G1 X127.659 Y134.715 E.02432
G1 X128.093 Y135.566 E.02426
G1 X128.613 Y136.367 E.02425
G1 X129.215 Y137.11 E.02428
G1 X129.684 Y137.579 E.01684
G1 X90.316 Y137.579 E.9994
G1 X90.785 Y137.11 E.01684
G1 X91.387 Y136.367 E.02428
G1 X91.907 Y135.566 E.02425
G1 X92.341 Y134.715 E.02426
G1 X92.684 Y133.82 E.02432
G1 X92.932 Y132.898 E.02425
G1 X93.081 Y131.955 E.02423
G1 X93.131 Y131 E.02428
G1 X93.081 Y130.045 E.02428
G1 X92.932 Y129.102 E.02423
G1 X92.684 Y128.18 E.02425
G1 X92.341 Y127.285 E.02432
G1 X91.907 Y126.434 E.02426
G1 X91.387 Y125.633 E.02424
G1 X90.785 Y124.89 E.02428
G1 X90.11 Y124.215 E.02422
G1 X89.367 Y123.613 E.02428
G1 X88.566 Y123.093 E.02424
G1 X87.715 Y122.659 E.02426
G1 X86.82 Y122.316 E.02432
G1 X85.898 Y122.068 E.02425
G1 X84.934 Y121.916 E.02476
G1 X83.97 Y121.871 E.02451
G1 X83.421 Y121.899 E.01396
G1 X83.421 Y98.101 E.60416
G1 X84 Y98.131 E.01473
G1 X84.955 Y98.081 E.02428
G1 X85.898 Y97.932 E.02423
G1 X86.82 Y97.684 E.02425
G1 X87.715 Y97.341 E.02432
G1 X88.566 Y96.907 E.02426
G1 X89.367 Y96.387 E.02424
G1 X90.11 Y95.785 E.02428
G1 X90.785 Y95.11 E.02422
G1 X91.387 Y94.367 E.02428
G1 X91.907 Y93.566 E.02425
G1 X92.341 Y92.715 E.02426
G1 X92.684 Y91.82 E.02432
G1 X92.932 Y90.898 E.02425
G1 X93.081 Y89.955 E.02423
G1 X93.131 Y89 E.02428
G1 X93.081 Y88.045 E.02428
G1 X92.932 Y87.102 E.02423
G1 X92.684 Y86.18 E.02425
G1 X92.341 Y85.285 E.02432
G1 X91.907 Y84.434 E.02426
G1 X91.387 Y83.633 E.02424
G1 X90.785 Y82.89 E.02428
G1 X90.316 Y82.421 E.01684
G1 X129.684 Y82.421 E.9994
G1 X129.215 Y82.89 E.01684
M204 T500
G1 X130.105 Y82.454 F18000
G1 F1500
G1 X129.454 Y83.105 E.02337
G1 X128.873 Y83.822 E.02342
G1 X128.372 Y84.595 E.02339
G1 X127.953 Y85.416 E.02341
G1 X127.622 Y86.279 E.02346
G1 X127.383 Y87.169 E.02339
G1 X127.239 Y88.079 E.02338
G1 X127.191 Y89 E.02342
G1 X127.239 Y89.921 E.02342
G1 X127.383 Y90.831 E.02337
G1 X127.622 Y91.721 E.0234
G1 X127.953 Y92.584 E.02346
G1 X128.372 Y93.405 E.0234
G1 X128.873 Y94.178 E.02339
G1 X129.454 Y94.895 E.02343
G1 X130.105 Y95.546 E.02337
G1 X130.822 Y96.127 E.02343
G1 X131.595 Y96.628 E.02339
G1 X132.416 Y97.047 E.02341
G1 X133.279 Y97.378 E.02346
G1 X134.169 Y97.617 E.02339
G1 X135.079 Y97.761 E.02337
G1 X136 Y97.809 E.02342
G1 X136.901 Y97.762 E.0229
G1 X136.901 Y122.236 E.62131
G2 X134.169 Y122.383 I-.835 J9.933 E.06966
G1 X133.279 Y122.622 E.02339
G1 X132.416 Y122.953 E.02346
G1 X131.595 Y123.372 E.02341
G1 X130.822 Y123.873 E.02339
G1 X130.105 Y124.454 E.02343
G1 X129.454 Y125.105 E.02337
G1 X128.873 Y125.822 E.02342
G1 X128.372 Y126.595 E.02339
G1 X127.953 Y127.416 E.02341
G1 X127.622 Y128.279 E.02346
G1 X127.383 Y129.169 E.02339
G1 X127.239 Y130.079 E.02338
G1 X127.191 Y131 E.02342
G1 X127.239 Y131.921 E.02342
G1 X127.383 Y132.831 E.02337
G1 X127.622 Y133.721 E.0234
G1 X127.953 Y134.584 E.02346
G1 X128.372 Y135.405 E.0234
G1 X128.873 Y136.178 E.02339
G1 X129.454 Y136.895 E.02343
G1 X130.105 Y137.546 E.02337
G1 X130.543 Y137.901 E.01431
G1 X89.457 Y137.901 E1.04301
G1 X89.895 Y137.546 E.01431
G1 X90.546 Y136.895 E.02337
G1 X91.127 Y136.178 E.02342
G1 X91.628 Y135.405 E.02339
G1 X92.047 Y134.584 E.02341
G1 X92.378 Y133.721 E.02346
G1 X92.617 Y132.831 E.02339
G1 X92.761 Y131.921 E.02338
G1 X92.809 Y131 E.02342
G1 X92.761 Y130.079 E.02342
G1 X92.617 Y129.169 E.02337
G1 X92.378 Y128.279 E.02339
G1 X92.047 Y127.416 E.02346
G2 X90.546 Y125.105 I-8.977 J4.188 E.07019
G1 X89.895 Y124.454 E.02337
G1 X89.178 Y123.873 E.02343
G1 X88.405 Y123.372 E.02339
G1 X87.584 Y122.953 E.02341
G1 X86.721 Y122.622 E.02346
G1 X85.831 Y122.383 E.02339
G1 X84.901 Y122.236 E.02389
G2 X83.099 Y122.238 I-.891 J9.022 E.04583
G1 X83.099 Y97.762 E.62136
G1 X84 Y97.809 E.0229
G1 X84.921 Y97.761 E.02342
G1 X85.831 Y97.617 E.02337
G1 X86.721 Y97.378 E.02339
G1 X87.584 Y97.047 E.02346
G1 X88.405 Y96.628 E.02341
G1 X89.178 Y96.127 E.02339
G1 X89.895 Y95.546 E.02343
G1 X90.546 Y94.895 E.02337
G1 X91.127 Y94.178 E.02342
G1 X91.628 Y93.405 E.02339
G1 X92.047 Y92.584 E.02341
G1 X92.378 Y91.721 E.02346
G1 X92.617 Y90.831 E.02339
G1 X92.761 Y89.921 E.02338
G1 X92.809 Y89 E.02342
G1 X92.761 Y88.079 E.02342
G1 X92.617 Y87.169 E.02337
G1 X92.378 Y86.279 E.02339
G1 X92.047 Y85.416 E.02346
G1 X91.628 Y84.595 E.02341
G1 X91.127 Y83.822 E.02339
G1 X90.546 Y83.105 E.02343
G1 X89.895 Y82.454 E.02337
G1 X89.457 Y82.099 E.01431
G1 X130.543 Y82.099 E1.04301
G1 X130.105 Y82.454 E.01431
G1 X131.011 Y82.134 F18000
G1 F1500
G2 X137.222 Y97.388 I4.986 J6.861 E.57232
G1 X137.222 Y122.612 E.64035
G1 X136.869 Y122.556 E.00908
G2 X127.928 Y133.622 I-.848 J8.46 E.42781
G2 X131.559 Y138.222 I8.028 J-2.603 E.15196
G1 X88.441 Y138.222 E1.09461
G1 X88.989 Y137.866 E.01658
G2 X82.778 Y122.612 I-4.986 J-6.861 E.57232
G1 X82.778 Y97.388 E.64035
G1 X83.112 Y97.441 E.0086
G2 X88.441 Y81.778 I.888 J-8.436 E.58042
G1 X131.559 Y81.778 E1.0946
G1 X131.011 Y82.134 E.01658
M204 T2000
G1 E-1.75 F6000
;WIPE_START
G1 F1500
G1 X131.559 Y81.778 E-.48995
G1 X131.212 Y81.778 E-.26005
;WIPE_END
G17
G3 Z4.44 I.097 J.601 P1  F18000
G1 X132.678 Y81.541 Z4.44
G1 Z4.24
G1 E2.5 F6000
G1 F1500
G2 X137.543 Y97.011 I3.323 J7.455 E.60349
G1 X137.543 Y122.989 E.65945
G1 X136.836 Y122.876 E.01819
G2 X128.234 Y133.522 I-.816 J8.139 E.4116
G2 X132.897 Y138.543 I7.811 J-2.578 E.17944
G1 X87.103 Y138.543 E1.16254
G1 X87.322 Y138.459 E.00596
G2 X82.457 Y122.989 I-3.323 J-7.455 E.60349
G1 X82.457 Y97.011 E.65945
G1 X83.146 Y97.121 E.01772
G2 X87.103 Y81.457 I.854 J-8.116 E.59177
G1 X132.897 Y81.457 E1.16254
G1 X132.678 Y81.541 E.00596
G1 E-1.75 F6000
;WIPE_START
G1 F1500
G1 X132.897 Y81.457 E-.17613
G1 X132.132 Y81.457 E-.57387
;WIPE_END
G17
G3 Z4.44 I.007 J.608 P1  F18000
G1 X137.865 Y81.39 Z4.44
G1 Z4.24
G1 E2.5 F6000
G1 F1500
G1 X137.63 Y81.328 E.00617
G2 X137.865 Y96.61 I-1.63 J7.668 E.71465
G1 X137.865 Y123.39 E.67986
G1 X137.63 Y123.328 E.00617
G2 X137.865 Y138.61 I-1.63 J7.668 E.71465
G1 X137.865 Y138.865 E.00648
G1 X82.135 Y138.865 E1.41476
G1 X82.135 Y138.61 E.00648
G1 X82.37 Y138.672 E.00617
G2 X82.135 Y123.39 I1.629 J-7.668 E.7146
G1 X82.135 Y96.61 E.67986
G1 X82.37 Y96.672 E.00617
G2 X82.135 Y81.39 I1.629 J-7.668 E.7146
G1 X82.135 Y81.135 E.00648
G1 X137.865 Y81.135 E1.41476
G1 X137.865 Y81.39 E.00648
G1 X138.186 Y81.809 E.0134
G2 X138.186 Y96.191 I-2.191 J7.191 E.71239
G1 X138.186 Y123.809 E.70112
G2 X138.186 Y138.191 I-2.191 J7.191 E.71239
G1 X138.186 Y139.186 E.02527
G1 X81.814 Y139.186 E1.43107
G1 X81.814 Y138.191 E.02527
G2 X81.814 Y123.809 I2.191 J-7.191 E.71239
G1 X81.814 Y96.191 E.70112
G2 X81.814 Y81.809 I2.191 J-7.191 E.71239
G1 X81.814 Y80.814 E.02527
G1 X138.186 Y80.814 E1.43107
G1 X138.186 Y81.809 E.02527
G1 X138.508 Y82.261 E.01407
G1 X138.224 Y82.152 E.00771
G2 X138.508 Y95.739 I-2.224 J6.843 E.69626
G1 X138.508 Y124.261 E.72405
G1 X138.224 Y124.152 E.00771
G2 X138.508 Y137.739 I-2.224 J6.843 E.69626
G1 X138.508 Y139.508 E.04489
G1 X81.492 Y139.508 E1.44739
G1 X81.492 Y137.739 E.04489
G1 X81.776 Y137.848 E.00771
G2 X81.492 Y124.261 I2.224 J-6.843 E.69626
G1 X81.492 Y95.739 E.72405
G1 X81.776 Y95.848 E.00771
G2 X81.492 Y82.261 I2.224 J-6.843 E.69626
G1 X81.492 Y80.492 E.04489
G1 X138.508 Y80.492 E1.44739
G1 X138.508 Y82.261 E.04489
G1 X138.829 Y82.732 E.01448
G1 X138.798 Y82.717 E.00088
G2 X138.829 Y95.268 I-2.792 J6.282 E.69513
G1 X138.829 Y124.732 E.74799
G1 X138.798 Y124.717 E.00088
G2 X138.829 Y137.268 I-2.792 J6.282 E.69513
G1 X138.829 Y139.829 E.06502
G1 X81.171 Y139.829 E1.46371
G1 X81.171 Y137.268 E.06502
G1 X81.202 Y137.283 E.00088
G2 X81.171 Y124.732 I2.792 J-6.282 E.69513
G1 X81.171 Y95.268 E.74799
G1 X81.202 Y95.283 E.00088
G2 X81.171 Y82.732 I2.792 J-6.282 E.69513
G1 X81.171 Y80.171 E.06502
G1 X138.829 Y80.171 E1.46371
G1 X138.829 Y82.732 E.06502
G1 X139.15 Y83.257 E.01562
G2 X139.15 Y94.743 I-3.154 J5.743 E.68966
G1 X139.15 Y125.257 E.77462
G2 X139.15 Y136.743 I-3.154 J5.743 E.68966
G1 X139.15 Y140.15 E.0865
G1 X80.85 Y140.15 E1.48002
G1 X80.85 Y136.743 E.0865
G2 X80.85 Y125.257 I3.154 J-5.743 E.68966
G1 X80.85 Y94.743 E.77462
G2 X80.85 Y83.257 I3.154 J-5.743 E.68966
G1 X80.85 Y79.85 E.0865
G1 X139.15 Y79.85 E1.48002
G1 X139.15 Y83.257 E.0865
M204 T500
G1 X139.472 Y83.831 F18000
G1 F1500
G2 X139.472 Y94.169 I-3.477 J5.169 E.6841
G1 X139.472 Y125.831 E.80376
G2 X139.472 Y136.169 I-3.477 J5.169 E.6841
G1 X139.472 Y140.472 E.10922
G1 X80.528 Y140.472 E1.49634
G1 X80.528 Y136.169 E.10922
G2 X80.528 Y125.831 I3.477 J-5.169 E.6841
G1 X80.528 Y94.169 E.80376
G2 X80.528 Y83.831 I3.477 J-5.169 E.6841
G1 X80.528 Y79.528 E.10922
G1 X139.472 Y79.528 E1.49634
G1 X139.472 Y83.831 E.10922
G1 X139.793 Y84.474 F18000
G1 F1500
G2 X139.793 Y93.526 I-3.798 J4.526 E.68061
G1 X139.793 Y126.474 E.8364
G2 X139.793 Y135.526 I-3.798 J4.526 E.68061
G1 X139.793 Y140.793 E.1337
G1 X80.207 Y140.793 E1.51266
G1 X80.207 Y135.526 E.1337
G2 X80.207 Y126.474 I3.798 J-4.526 E.68061
G1 X80.207 Y93.526 E.8364
G2 X80.207 Y84.474 I3.798 J-4.526 E.68061
G1 X80.207 Y79.207 E.1337
G1 X139.793 Y79.207 E1.51266
G1 X139.793 Y84.474 E.1337
G1 X140.114 Y85.218 F18000
G1 F1500
G2 X140.114 Y92.782 I-4.116 J3.782 E.68067
G1 X140.114 Y127.218 E.87422
G2 X140.114 Y134.782 I-4.116 J3.782 E.68067
G1 X140.114 Y141.114 E.16077
G1 X79.886 Y141.114 E1.52897
G1 X79.886 Y134.782 E.16077
G2 X79.886 Y127.218 I4.116 J-3.782 E.68067
G1 X79.886 Y92.782 E.87422
G2 X79.886 Y85.218 I4.116 J-3.782 E.68067
G1 X79.886 Y78.886 E.16077
G1 X140.114 Y78.886 E1.52897
G1 X140.114 Y85.218 E.16077
M204 T2000
G1 E-1.75 F6000
;WIPE_START
G1 F1500
G1 X140.114 Y84.218 E-.75
;WIPE_END
G17
G3 Z4.44 I-.6 J.099 P1  F18000
G1 X140.436 Y86.169 Z4.44
G1 Z4.24
G1 E2.5 F6000
G1 F1500
G2 X140.436 Y91.831 I-4.44 J2.831 E.68811
G1 X140.436 Y128.169 E.92249
G2 X140.436 Y133.831 I-4.44 J2.831 E.68811
G1 X140.436 Y141.436 E.19306
G1 X79.564 Y141.436 E1.54529
G1 X79.564 Y133.831 E.19306
G2 X79.564 Y128.169 I4.44 J-2.831 E.68811
G1 X79.564 Y91.831 E.92249
G2 X79.564 Y86.169 I4.44 J-2.831 E.68811
G1 X79.564 Y78.564 E.19306
G1 X140.436 Y78.564 E1.54529
G1 X140.436 Y86.169 E.19306
G1 E-1.75 F6000
;WIPE_START
G1 F1500
G1 X140.436 Y85.169 E-.75
;WIPE_END
G17
G3 Z4.44 I-.604 J.078 P1  F18000
G1 X140.757 Y87.665 Z4.44
G1 Z4.24
G1 E2.5 F6000
G1 F1500
G2 X140.284 Y91.474 I-4.758 J1.343 E.68853
G2 X140.757 Y90.335 I-4.662 J-2.603 E.03138
G1 X140.757 Y129.665 E.99844
G2 X140.284 Y133.474 I-4.758 J1.343 E.68853
G2 X140.757 Y132.335 I-4.662 J-2.603 E.03138
G1 X140.757 Y141.757 E.2392
G1 X79.243 Y141.757 E1.56161
G1 X79.243 Y132.335 E.23919
G2 X79.716 Y128.526 I4.758 J-1.343 E.68848
G2 X79.243 Y129.665 I4.662 J2.603 E.03138
G1 X79.243 Y90.335 E.99844
G2 X79.716 Y86.526 I4.758 J-1.343 E.68848
G2 X79.243 Y87.665 I4.662 J2.603 E.03138
G1 X79.243 Y78.243 E.23919
G1 X140.757 Y78.243 E1.56161
G1 X140.757 Y87.665 E.2392
G1 E-1.75 F6000
;WIPE_START
G1 F1500
G1 X140.757 Y86.665 E-.75
;WIPE_END
G17
G3 Z4.44 I.241 J-.559 P1  F18000
G1 X135.516 Y84.4 Z4.44
G1 Z4.24
G1 E2.5 F6000
G1 F1500
G3 X135.039 Y84.475 I.483 J4.597 E.72501
G1 X135.516 Y84.4 E.01228
G1 X135.55 Y84.72 E.00817
G3 X135.105 Y84.79 I.449 J4.277 E.67457
G1 X135.55 Y84.72 E.01143
G1 X135.584 Y85.04 E.00817
G3 X135.172 Y85.105 I.416 J3.957 E.62412
G1 X135.584 Y85.04 E.01057
G1 X135.617 Y85.36 E.00817
G3 X135.239 Y85.42 I.382 J3.638 E.57368
G1 X135.617 Y85.36 E.00972
G1 X135.651 Y85.68 E.00817
G3 X135.306 Y85.735 I.348 J3.318 E.52324
G1 X135.651 Y85.68 E.00886
G1 X135.685 Y86 E.00817
G3 X135.373 Y86.049 I.315 J2.998 E.4728
G1 X135.685 Y86 E.00801
G1 E-1.75 F6000
;WIPE_START
G1 F1500
G1 X135.373 Y86.049 E-.23667
G1 X135.068 Y86.131 E-.23667
G1 X134.773 Y86.244 E-.23715
G1 X134.726 Y86.268 E-.03951
;WIPE_END
G17
G3 Z4.44 I-.542 J.276 P1  F18000
G1 X135.046 Y86.895 Z4.44
G1 X134.844 Y86.998
G1 X134.641 Y87.13
G1 X134.453 Y87.282
G1 X134.282 Y87.453
G1 X134.13 Y87.641
G1 X133.998 Y87.844
G1 X133.888 Y88.06
G1 X133.801 Y88.286
G1 X133.739 Y88.519
G1 X133.701 Y88.758
G1 X133.688 Y89
G1 X135.516 Y126.4
G1 Z4.24
G1 E2.5 F6000
G1 F1500
G3 X135.039 Y126.475 I.483 J4.597 E.72501
G1 X135.516 Y126.4 E.01228
G1 X135.55 Y126.72 E.00817
G3 X135.105 Y126.79 I.449 J4.277 E.67457
G1 X135.55 Y126.72 E.01143
G1 X135.584 Y127.04 E.00817
G3 X135.172 Y127.105 I.416 J3.957 E.62412
G1 X135.584 Y127.04 E.01057
G1 X135.617 Y127.36 E.00817
G3 X135.239 Y127.42 I.382 J3.638 E.57368
G1 X135.617 Y127.36 E.00972
G1 X135.651 Y127.68 E.00817
G3 X135.306 Y127.735 I.348 J3.318 E.52324
G1 X135.651 Y127.68 E.00886
G1 X135.685 Y128 E.00817
G3 X135.373 Y128.049 I.315 J2.998 E.4728
G1 X135.685 Y128 E.00801
G1 E-1.75 F6000
;WIPE_START
G1 F1500
G1 X135.373 Y128.049 E-.23667
G1 X135.068 Y128.131 E-.23667
G1 X134.773 Y128.244 E-.23715
G1 X134.726 Y128.268 E-.03951
;WIPE_END
G17
G3 Z4.44 I.022 J-.608 P1  F18000
G1 X83.516 Y126.4 Z4.44
G1 Z4.24
G1 E2.5 F6000
G1 F1500
G3 X83.039 Y126.475 I.483 J4.597 E.72501
G1 X83.516 Y126.4 E.01228
G1 X83.55 Y126.72 E.00817
G3 X83.105 Y126.79 I.449 J4.277 E.67457
G1 X83.55 Y126.72 E.01143
G1 X83.584 Y127.04 E.00817
G3 X83.172 Y127.105 I.416 J3.957 E.62412
G1 X83.584 Y127.04 E.01057
G1 X83.617 Y127.36 E.00817
G3 X83.239 Y127.42 I.382 J3.638 E.57368
G1 X83.617 Y127.36 E.00972
G1 X83.651 Y127.68 E.00817
G3 X83.306 Y127.735 I.348 J3.318 E.52324
G1 X83.651 Y127.68 E.00886
G1 X83.685 Y128 E.00817
G3 X83.373 Y128.049 I.315 J2.998 E.4728
G1 X83.685 Y128 E.00801
G1 E-1.75 F6000
;WIPE_START
G1 F1500
G1 X83.373 Y128.049 E-.23667
G1 X83.068 Y128.131 E-.23667
G1 X82.773 Y128.244 E-.23715
G1 X82.726 Y128.268 E-.03951
;WIPE_END
G17
G3 Z4.44 I.574 J.203 P1  F18000
G1 X94.63 Y94.63 Z4.44
G1 Z4.24
G1 E2.5 F6000
G1 F1500
G1 X125.37 Y94.63 E.78038
G1 X125.37 Y125.37 E.78038
G1 X94.63 Y125.37 E.78038
G1 X94.63 Y94.63 E.78038
G1 X94.951 Y94.951 E.01154
G1 X125.049 Y94.951 E.76406
G1 X125.049 Y125.049 E.76406
G1 X94.951 Y125.049 E.76406
G1 X94.951 Y94.951 E.76406
G1 X95.273 Y95.273 E.01154
G1 X124.727 Y95.273 E.74775
G1 X124.727 Y124.727 E.74775
G1 X95.273 Y124.727 E.74775
G1 X95.273 Y95.273 E.74775
G1 X95.594 Y95.594 E.01154
G1 X124.406 Y95.594 E.73143
G1 X124.406 Y124.406 E.73143
G1 X95.594 Y124.406 E.73143
G1 X95.594 Y95.594 E.73143
G1 X95.915 Y95.915 E.01154
G1 X124.085 Y95.915 E.71511
G1 X124.085 Y124.085 E.71511
G1 X95.915 Y124.085 E.71511
G1 X95.915 Y95.915 E.71511
G1 X96.237 Y96.237 E.01154
G1 X123.763 Y96.237 E.6988
G1 X123.763 Y123.763 E.6988
G1 X96.237 Y123.763 E.6988
G1 X96.237 Y96.237 E.6988
G1 X96.558 Y96.558 E.01154
G1 X123.442 Y96.558 E.68248
G1 X123.442 Y123.442 E.68248
G1 X96.558 Y123.442 E.68248
G1 X96.558 Y96.558 E.68248
G1 X96.879 Y96.879 E.01154
G1 X123.121 Y96.879 E.66616
G1 X123.121 Y123.121 E.66616
G1 X96.879 Y123.121 E.66616
G1 X96.879 Y96.879 E.66616
G1 X97.201 Y97.201 E.01154
G1 X122.799 Y97.201 E.64984
G1 X122.799 Y122.799 E.64984
G1 X97.201 Y122.799 E.64984
G1 X97.201 Y97.201 E.64984
G1 X97.522 Y97.522 E.01154
G1 X122.478 Y97.522 E.63353
G1 X122.478 Y122.478 E.63353
G1 X97.522 Y122.478 E.63353
G1 X97.522 Y97.522 E.63353
G1 X97.843 Y97.843 E.01154
G1 X122.157 Y97.843 E.61721
G1 X122.157 Y122.157 E.61721
G1 X97.843 Y122.157 E.61721
G1 X97.843 Y97.843 E.61721
G1 X98.165 Y98.165 E.01154
G1 X121.835 Y98.165 E.60089
G1 X121.835 Y121.835 E.60089
G1 X98.165 Y121.835 E.60089
G1 X98.165 Y98.165 E.60089
G1 X98.486 Y98.486 E.01154
G1 X121.514 Y98.486 E.58458
G1 X121.514 Y121.514 E.58458
G1 X98.486 Y121.514 E.58458
G1 X98.486 Y98.486 E.58458
G1 X98.808 Y98.808 E.01154
G1 X121.192 Y98.808 E.56826
G1 X121.192 Y121.192 E.56826
G1 X98.808 Y121.192 E.56826
G1 X98.808 Y98.808 E.56826
G1 X99.129 Y99.129 E.01154
G1 X120.871 Y99.129 E.55194
G1 X120.871 Y120.871 E.55194
G1 X99.129 Y120.871 E.55194
G1 X99.129 Y99.129 E.55194
G1 X99.45 Y99.45 E.01154
G1 X120.55 Y99.45 E.53563
G1 X120.55 Y120.55 E.53563
G1 X99.45 Y120.55 E.53563
G1 X99.45 Y99.45 E.53563
G1 X99.772 Y99.772 E.01154
G1 X120.228 Y99.772 E.51931
G1 X120.228 Y120.228 E.51931
G1 X99.772 Y120.228 E.51931
G1 X99.772 Y99.772 E.51931
G1 X100.093 Y100.093 E.01154
G1 X119.907 Y100.093 E.50299
G1 X119.907 Y119.907 E.50299
G1 X100.093 Y119.907 E.50299
G1 X100.093 Y100.093 E.50299
G1 X100.414 Y100.414 E.01154
G1 X119.586 Y100.414 E.48668
G1 X119.586 Y119.586 E.48668
G1 X100.414 Y119.586 E.48668
G1 X100.414 Y100.414 E.48668
G1 X100.736 Y100.736 E.01154
G1 X119.264 Y100.736 E.47036
G1 X119.264 Y119.264 E.47036
G1 X100.736 Y119.264 E.47036
G1 X100.736 Y100.736 E.47036
G1 X101.057 Y101.057 E.01154
G1 X118.943 Y101.057 E.45404
G1 X118.943 Y118.943 E.45404
G1 X101.057 Y118.943 E.45404
G1 X101.057 Y101.057 E.45404
G1 X101.379 Y101.379 E.01154
G1 X118.621 Y101.379 E.43773
G1 X118.621 Y118.621 E.43773
G1 X101.379 Y118.621 E.43773
G1 X101.379 Y101.379 E.43773
G1 X101.7 Y101.7 E.01154
G1 X118.3 Y101.7 E.42141
G1 X118.3 Y118.3 E.42141
G1 X101.7 Y118.3 E.42141
G1 X101.7 Y101.7 E.42141
G1 X102.021 Y102.021 E.01154
G1 X117.979 Y102.021 E.40509
G1 X117.979 Y117.979 E.40509
G1 X102.021 Y117.979 E.40509
G1 X102.021 Y102.021 E.40509
G1 X102.343 Y102.343 E.01154
G1 X117.657 Y102.343 E.38878
G1 X117.657 Y117.657 E.38878
G1 X102.343 Y117.657 E.38878
G1 X102.343 Y102.343 E.38878
G1 X102.664 Y102.664 E.01154
G1 X117.336 Y102.664 E.37246
G1 X117.336 Y117.336 E.37246
G1 X102.664 Y117.336 E.37246
G1 X102.664 Y102.664 E.37246
G1 X102.985 Y102.985 E.01154
G1 X117.015 Y102.985 E.35614
G1 X117.015 Y117.015 E.35614
G1 X102.985 Y117.015 E.35614
G1 X102.985 Y102.985 E.35614
G1 E-1.75 F6000
;WIPE_START
G1 F1500
G1 X102.985 Y103.985 E-.75
;WIPE_END
G17
G3 Z4.44 I.432 J-.429 P1  F18000
G1 X83.516 Y84.4 Z4.44
G1 Z4.24
G1 E2.5 F6000
G1 F1500
G3 X83.039 Y84.475 I.483 J4.597 E.72501
G1 X83.516 Y84.4 E.01228
G1 X83.55 Y84.72 E.00817
G3 X83.105 Y84.79 I.449 J4.277 E.67457
G1 X83.55 Y84.72 E.01143
G1 X83.584 Y85.04 E.00817
G3 X83.172 Y85.105 I.416 J3.957 E.62412
G1 X83.584 Y85.04 E.01057
G1 X83.617 Y85.36 E.00817
G3 X83.239 Y85.42 I.382 J3.638 E.57368
G1 X83.617 Y85.36 E.00972
G1 X83.651 Y85.68 E.00817
G3 X83.306 Y85.735 I.348 J3.318 E.52324
G1 X83.651 Y85.68 E.00886
G1 X83.685 Y86 E.00817
G3 X83.373 Y86.049 I.315 J2.998 E.4728
G1 X83.685 Y86 E.00801
G1 E-1.75 F6000
;WIPE_START
G1 F1500
G1 X83.373 Y86.049 E-.23667
G1 X83.068 Y86.131 E-.23667
G1 X82.773 Y86.244 E-.23715
G1 X82.726 Y86.268 E-.03951
;WIPE_END
G17
G3 Z4.44 I.086 J.602 P1  F18000
G1 X140.958 Y77.923 Z4.44
G1 Z4.24
G1 E2.5 F6000
G1 F1500
G3 X141.079 Y78.076 I.009 J.117 E.00585
G1 X141.079 Y141.924 E1.62083
G3 X141.017 Y142.064 I-.105 J.038 E.0043
G1 X140.876 Y142.079 E.00358
G1 X79.076 Y142.079 E1.56886
G3 X78.936 Y142.017 I-.038 J-.105 E.0043
G1 X78.921 Y141.876 E.00358
G1 X78.921 Y78.076 E1.61963
G3 X78.983 Y77.936 I.105 J-.038 E.0043
G1 X79.124 Y77.921 E.00358
G1 X140.958 Y77.923 E1.56972
G1 X141 Y77.604 E.00818
G3 X141.4 Y78.068 I-.028 J.429 E.01733
G1 X141.4 Y141.932 E1.62126
G3 X140.893 Y142.4 I-.451 J.02 E.01994
G1 X79.068 Y142.4 E1.56949
G3 X78.6 Y141.893 I-.02 J-.451 E.01994
G1 X78.6 Y78.068 E1.62026
G3 X79.107 Y77.6 I.451 J-.02 E.01994
G1 X141 Y77.604 E1.5712
G1 X141.042 Y77.284 E.00818
G3 X141.721 Y78.06 I-.064 J.742 E.02891
G1 X141.721 Y141.94 E1.62168
G3 X140.909 Y142.721 I-.756 J.026 E.03227
G1 X79.06 Y142.721 E1.57011
G3 X78.279 Y141.909 I-.026 J-.756 E.03227
G1 X78.279 Y78.06 E1.62089
G3 X79.091 Y77.279 I.756 J-.026 E.03227
G1 X141.042 Y77.284 E1.57269
G1 X141.084 Y76.964 E.00818
G3 X142.043 Y78.051 I-.107 J1.061 E.04045
G1 X142.043 Y141.949 E1.62211
G3 X140.925 Y143.043 I-1.07 J.025 E.04451
G1 X79.051 Y143.043 E1.57074
G3 X77.957 Y141.925 I-.025 J-1.07 E.04451
G1 X77.957 Y78.051 E1.62152
G3 X79.075 Y76.957 I1.07 J-.025 E.04451
G1 X141.084 Y76.964 E1.57417
G1 X141.126 Y76.645 E.00818
G3 X142.364 Y78.043 I-.143 J1.374 E.05206
G1 X142.364 Y141.957 E1.62254
G3 X140.942 Y143.364 I-1.392 J.015 E.05667
G1 X79.043 Y143.364 E1.57137
G3 X77.636 Y141.942 I-.015 J-1.392 E.05667
G1 X77.636 Y78.043 E1.62215
G3 X79.058 Y76.636 I1.392 J-.015 E.05667
G1 X141.126 Y76.645 E1.57565
G1 X141.168 Y76.325 E.00818
G3 X142.685 Y78.034 I-.19 J1.697 E.06357
G1 X142.685 Y141.966 E1.62296
G3 X140.958 Y143.685 I-1.708 J.012 E.06891
G1 X79.034 Y143.685 E1.572
G3 X77.315 Y141.958 I-.012 J-1.708 E.0689
G1 X77.315 Y78.034 E1.62277
G3 X79.042 Y76.315 I1.708 J-.012 E.0689
G1 X141.168 Y76.325 E1.57714
G1 E-1.75 F6000
;WIPE_START
G1 F1500
G1 X140.168 Y76.325 E-.75
;WIPE_END
G17
G3 Z4.44 I.608 J0 P1  F18000
G1 X140.168 Y75.611 Z4.44
G1 X140.984 Y144.389
G1 X140.2 Y144.389
G1 X140.2 Y144.79
G1 Z4.24
G1 E2.5 F6000
M204 P1000
;TYPE:Outer wall
;WIDTH:0.42
G1 F1320
M106 S102
G1 X139.16 Y144.79 E.03098
G1 F3600
G1 X80.84 Y144.79 E1.73715
M106 S127
G1 F1320
G1 X79.8 Y144.79 E.03098
M204 P500
;TYPE:Overhang wall
;WIDTH:0.364292
G1 F1500
G3 X78.42 Y144.729 I-.397 J-6.622 E.03513
G3 X76.21 Y141.995 I.594 J-2.74 E.09647
G1 X76.21 Y78.005 E1.62443
G3 X79.005 Y75.21 I2.8 J.005 E.11142
G1 X79.8 Y75.21 E.02017
M204 P1000
;TYPE:Outer wall
;WIDTH:0.42
G1 F1320
M106 S102
G1 X80.84 Y75.21 E.03098
G1 F3600
G1 X139.16 Y75.21 E1.73715
M106 S127
G1 F1320
G1 X140.2 Y75.21 E.03098
M204 P500
;TYPE:Overhang wall
;WIDTH:0.364292
G1 F1500
G3 X141.58 Y75.271 I.397 J6.622 E.03513
G3 X143.79 Y78.005 I-.594 J2.74 E.09647
G1 X143.79 Y141.995 E1.62443
G3 X140.995 Y144.79 I-2.8 J-.004 E.11143
G1 X140.26 Y144.79 E.01865
G1 X140.26 Y144.389 F18000
G1 X140.2 Y144.389
G1 X140.2 Y144.398
M204 P1500
;TYPE:Inner wall
;WIDTH:0.45
G1 F1140
G1 X79.8 Y144.398 E1.94224
M204 P500
;TYPE:Overhang wall
;WIDTH:0.364292
G1 F1500
G3 X78.749 Y144.384 I-.392 J-10.051 E.02668
G3 X76.602 Y141.984 I.259 J-2.392 E.08956
G1 X76.602 Y78.016 E1.62391
G3 X79.016 Y75.602 I2.408 J-.006 E.09631
G1 X79.8 Y75.602 E.01991
M204 P1500
;TYPE:Inner wall
;WIDTH:0.45
G1 F1140
G1 X140.2 Y75.602 E1.94224
M204 P500
;TYPE:Overhang wall
;WIDTH:0.364292
G1 F1500
G3 X141.251 Y75.616 I.392 J10.051 E.02668
G3 X143.398 Y78.016 I-.259 J2.392 E.08956
G1 X143.398 Y141.984 E1.62391
G3 X140.984 Y144.398 I-2.408 J.006 E.09631
G1 X140.26 Y144.398 E.01839
M204 T500
G1 X140.333 Y143.991 F18000
G1 F1500
G1 X79.026 Y143.991 E1.55633
G3 X77.009 Y141.974 I-.016 J-2.001 E.08062
G1 X77.009 Y78.026 E1.62337
G3 X79.026 Y76.009 I2.001 J-.016 E.08062
G1 X140.974 Y76.009 E1.5726
G1 X141.208 Y76.021 E.00595
G3 X142.991 Y78.026 I-.241 J2.01 E.07446
G1 X142.991 Y141.974 E1.62337
G3 X140.974 Y143.991 I-2.001 J.016 E.08062
G1 X140.393 Y143.991 E.01474
M204 T2000
G1 E-1.75 F6000
;WIPE_START
G1 F1500
G1 X139.393 Y143.991 E-.75
;WIPE_END
G17
G3 Z4.44 I-.608 J0 P1  F18000
G1 X139.393 Y144.389 Z4.44
G1 X136.221 Y91.3
G1 X136.199 Y90.897
G1 Z4.24
G1 E2.5 F6000
G1 F1500
G2 X135.99 Y87.09 I-.204 J-1.898 E.14719
G1 X135.8 Y87.1 E.00482
G2 X136.14 Y90.903 I.195 J1.899 E.15096
M204 T500
G1 X136.161 Y91.303 F18000
G1 X136.241 Y91.299
G1 X136.24 Y91.287
G1 F1500
G2 X135.989 Y86.698 I-.246 J-2.288 E.17744
G1 X135.759 Y86.71 E.00583
G2 X136.181 Y91.293 I.235 J2.289 E.18227
G1 X136.283 Y91.692 F18000
G1 F1500
G2 X135.988 Y86.29 I-.289 J-2.693 E.20885
G1 X135.717 Y86.304 E.00689
G2 X136.223 Y91.698 I.278 J2.694 E.21478
M204 T2000
G1 E-1.75 F6000
;WIPE_START
G1 F1500
G1 X136.564 Y91.651 E-.25753
G1 X136.837 Y91.578 E-.21268
G1 X137.103 Y91.476 E-.21307
G1 X137.182 Y91.436 E-.06672
;WIPE_END
G17
G3 Z4.44 I.542 J-.276 P1  F18000
G1 X137.001 Y91.081 Z4.44
G1 X138.312 Y131
G1 X138.299 Y131.242
G1 X138.261 Y131.481
G1 X138.199 Y131.714
G1 X138.112 Y131.94
G1 X138.002 Y132.156
G1 X137.87 Y132.359
G1 X137.718 Y132.547
G1 X137.547 Y132.718
G1 X137.359 Y132.87
G1 X137.156 Y133.002
G1 X136.94 Y133.112
G1 X136.714 Y133.199
G1 X136.694 Y133.204
G1 X136.589 Y132.813
G1 Z4.24
G1 E2.5 F6000
G1 F1500
G2 X135.99 Y129.09 I-.594 J-1.814 E.13705
G1 X135.8 Y129.1 E.00482
G2 X136.532 Y132.831 I.195 J1.899 E.1611
M204 T500
G1 X136.636 Y133.22 F18000
G1 X136.714 Y133.199
G1 X136.71 Y133.186
G1 F1500
G2 X135.989 Y128.698 I-.715 J-2.187 E.16522
G1 X135.759 Y128.71 E.00583
G2 X136.653 Y133.204 I.235 J2.289 E.19449
G1 X136.836 Y133.573 F18000
G1 F1500
G2 X135.988 Y128.29 I-.842 J-2.575 E.19447
G1 X135.717 Y128.304 E.00689
G2 X136.779 Y133.591 I.278 J2.694 E.22916
M204 T2000
G1 E-1.75 F6000
;WIPE_START
G1 F1500
G1 X137.103 Y133.476 E-.25788
G1 X137.355 Y133.347 E-.21281
G1 X137.593 Y133.193 E-.21272
G1 X137.662 Y133.137 E-.06659
;WIPE_END
G17
G3 Z4.44 I.473 J-.383 P1  F18000
G1 X137.412 Y132.827 Z4.44
G1 X137.359 Y132.87
G1 X137.156 Y133.002
G1 X136.94 Y133.112
G1 X136.714 Y133.199
G1 X136.481 Y133.261
G1 X136.242 Y133.299
G1 X136 Y133.312
G1 X135.758 Y133.299
G1 X135.519 Y133.261
G1 X135.286 Y133.199
G1 X135.06 Y133.112
G1 X134.951 Y133.056
G1 X86.191 Y131.734
G1 X85.811 Y131.588
G1 Z4.24
G1 E2.5 F6000
G1 F1500
G2 X83.99 Y129.09 I-1.816 J-.589 E.09147
G1 X83.8 Y129.1 E.00482
G2 X85.792 Y131.645 I.195 J1.899 E.20668
M204 T500
G1 X86.169 Y131.79 F18000
G1 X86.199 Y131.714
G1 X86.261 Y131.481
G1 X86.261 Y131.48
G1 X86.246 Y131.477
G1 F1500
G2 X83.989 Y128.698 I-2.251 J-.478 E.10416
G1 X83.759 Y128.71 E.00583
G2 X86.233 Y131.536 I.235 J2.289 E.25555
G1 X86.644 Y131.562 F18000
G1 F1500
G2 X83.988 Y128.29 I-2.649 J-.563 E.12258
G1 X83.717 Y128.304 E.00689
G2 X86.631 Y131.62 I.278 J2.694 E.30105
M204 T2000
G1 E-1.75 F6000
;WIPE_START
G1 F1500
G1 X86.696 Y131.283 E-.25745
G1 X86.711 Y131 E-.21283
G1 X86.696 Y130.717 E-.21283
G1 X86.682 Y130.629 E-.06688
;WIPE_END
G17
G3 Z4.44 I-.095 J-.601 P1  F18000
G1 X86.288 Y130.691 Z4.44
G1 X85.562 Y90.703
G1 X85.275 Y90.416
G1 Z4.24
G1 E2.5 F6000
G1 F1500
G2 X83.99 Y87.09 I-1.28 J-1.417 E.11679
G1 X83.8 Y87.1 E.00482
G2 X85.23 Y90.455 I.195 J1.899 E.18137
M204 T500
G1 X85.484 Y90.769 F18000
G1 X85.547 Y90.718
G1 X85.717 Y90.547
G1 X85.707 Y90.537
G1 F1500
G2 X83.989 Y86.698 I-1.712 J-1.538 E.13468
G1 X83.759 Y86.71 E.00583
G2 X85.666 Y90.581 I.235 J2.289 E.22503
G1 X86.009 Y90.809 F18000
G1 F1500
G2 X83.988 Y86.29 I-2.015 J-1.81 E.15852
G1 X83.717 Y86.304 E.00689
G2 X85.968 Y90.853 I.278 J2.694 E.26511
M204 T2000
G1 E-1.75 F6000
;WIPE_START
G1 F1500
G1 X86.193 Y90.593 E-.25763
G1 X86.347 Y90.355 E-.21274
G1 X86.476 Y90.103 E-.21281
G1 X86.508 Y90.019 E-.06682
;WIPE_END
G17
G3 Z4.44 I.218 J-.568 P1  F18000
G1 X86.136 Y89.877 Z4.44
G1 X103.689 Y116.311
G1 X116.311 Y116.311
G1 X116.311 Y115.91
G1 X115.91 Y115.91
G1 Z4.24
G1 E2.5 F6000
G1 F1500
G1 X115.91 Y104.09 E.30006
G1 X104.09 Y104.09 E.30006
G1 X104.09 Y115.91 E.30006
G1 X115.85 Y115.91 E.29854
M204 T500
G1 X115.85 Y116.311 F18000
G1 X116.311 Y116.311
G1 X116.311 Y116.302
G1 X116.302 Y116.302
G1 F1500
G1 X116.302 Y103.698 E.31997
G1 X103.698 Y103.698 E.31997
G1 X103.698 Y116.302 E.31997
G1 X116.242 Y116.302 E.31845
G1 X116.709 Y116.709 F18000
G1 F1500
G1 X116.709 Y103.291 E.34064
G1 X103.291 Y103.291 E.34064
G1 X103.291 Y116.709 E.34064
G1 X116.649 Y116.709 E.33911
; stop printing object top_plate.stl id:4734322866433739561 copy 0
;LAYER_CHANGE
;Z:4.44
;HEIGHT:0.2
G92 E0 ; zero the extruded length again
; BEFORE_LAYER_CHANGE 21 @ 4.44mm
G1 E-1.75 F6000
;WIPE_START
G1 F1500
G1 X116.654 Y115.709 E-.75
;WIPE_END
; AFTER_LAYER_CHANGE 21 @ 4.44mm
;_SET_FAN_SPEED_CHANGING_LAYER
; printing object top_plate.stl id:4734322866433739561 copy 0
M204 T2000
G17
G3 Z4.64 I0 J-.608 P1  F18000
G1 X116.311 Y115.709 Z4.64
G1 X140.382 Y144.389
G1 X140.382 Y144.79
G1 Z4.44
G1 E2.5 F6000
M204 P1000
;TYPE:Outer wall
;WIDTH:0.42
G1 F3600
M106 S102
G1 X79.005 Y144.79 E1.8282
G3 X76.21 Y141.995 I.004 J-2.8 E.13074
G1 X76.21 Y78.005 E1.90602
G3 X79.005 Y75.21 I2.8 J.005 E.13074
G1 X140.995 Y75.21 E1.84644
G1 X141.292 Y75.226 E.00886
G3 X143.79 Y78.005 I-.294 J2.777 E.12197
G1 X143.79 Y141.995 E1.90601
G3 X140.995 Y144.79 I-2.8 J-.004 E.13074
G1 X140.442 Y144.79 E.01646
G1 X140.442 Y144.389 F18000
G1 X140.382 Y144.389
G1 X140.382 Y144.398
M204 P1500
;TYPE:Inner wall
;WIDTH:0.45
G1 F6000
G1 X79.016 Y144.398 E1.97332
G3 X76.602 Y141.984 I-.006 J-2.408 E.122
G1 X76.602 Y78.016 E2.057
G3 X79.016 Y75.602 I2.408 J-.006 E.12199
G1 X140.984 Y75.602 E1.99268
G1 X141.251 Y75.616 E.00857
G3 X143.398 Y78.016 I-.259 J2.392 E.11345
G1 X143.398 Y141.984 E2.05699
G3 X140.984 Y144.398 I-2.408 J.006 E.122
G1 X140.442 Y144.398 E.01744
G1 X140.382 Y143.991 F18000
G1 F6000
G1 X79.026 Y143.991 E1.97297
G3 X77.009 Y141.974 I-.016 J-2.001 E.10212
G1 X77.009 Y78.026 E2.05631
G3 X79.026 Y76.009 I2.001 J-.016 E.10212
G1 X140.974 Y76.009 E1.992
G1 X141.208 Y76.021 E.00754
G3 X142.991 Y78.026 I-.241 J2.01 E.09432
G1 X142.991 Y141.974 E2.05631
G3 X140.974 Y143.991 I-2.001 J.016 E.10212
G1 X140.442 Y143.991 E.01709
G1 E-1.75
;WIPE_START
G1 X139.442 Y143.991 E-.75
;WIPE_END
G17
G3 Z4.64 I-.608 J0 P1  F18000
G1 X139.442 Y144.389 Z4.64
G1 X135.726 Y91.294
G1 X135.79 Y90.888
G1 Z4.44
G1 E2.5 F6000
M204 P1000
;TYPE:Outer wall
;WIDTH:0.42
G1 F3600
G1 X136 Y90.9 E.00626
G2 X136.198 Y87.1 I0 J-1.905 E.17241
G2 X135.8 Y87.1 I-.197 J2.14 E.01185
G2 X135.605 Y90.858 I.2 J1.895 E.16044
G1 X135.731 Y90.879 E.0038
G1 X135.666 Y91.284 F18000
G1 X135.758 Y91.299
G1 X136 Y91.312
G1 X136.016 Y91.311
G1 X136.015 Y91.302
M204 P1500
;TYPE:Inner wall
;WIDTH:0.45
G1 F6000
G1 X136.241 Y91.288 E.00725
G2 X136.236 Y86.709 I-.239 J-2.29 E.21726
G2 X135.759 Y86.71 I-.235 J2.57 E.01536
G2 X135.955 Y91.3 I.242 J2.289 E.22329
G1 X136.034 Y91.709 F18000
G1 F6000
G1 X136.283 Y91.693 E.00804
G2 X136.276 Y86.303 I-.281 J-2.695 E.2558
G2 X135.717 Y86.304 I-.274 J3.016 E.01803
G2 X135.974 Y91.708 I.285 J2.694 E.26361
G1 E-1.75
;WIPE_START
G1 X136.283 Y91.693 E-.2324
G1 X136.564 Y91.651 E-.21261
G1 X136.837 Y91.578 E-.21268
G1 X136.952 Y91.534 E-.09231
;WIPE_END
G17
G3 Z4.64 I.568 J-.218 P1  F18000
G1 X136.81 Y91.162 Z4.64
G1 X138.312 Y131
G1 X138.299 Y131.242
G1 X138.261 Y131.481
G1 X138.199 Y131.714
G1 X138.112 Y131.94
G1 X138.002 Y132.156
G1 X137.87 Y132.359
G1 X137.718 Y132.547
G1 X137.547 Y132.718
G1 X137.359 Y132.87
G1 X137.156 Y133.002
G1 X136.94 Y133.112
G1 X136.714 Y133.199
G1 X136.481 Y133.261
G1 X136.274 Y133.294
G1 X136.21 Y132.888
G1 Z4.44
G1 E2.5 F6000
M204 P1000
;TYPE:Outer wall
;WIDTH:0.42
G1 F3600
G1 X136.395 Y132.859 E.00559
G2 X136.198 Y129.1 I-.395 J-1.864 E.16056
G2 X135.8 Y129.1 I-.197 J2.14 E.01185
G2 X136 Y132.9 I.2 J1.895 E.1723
G1 X136.15 Y132.892 E.00448
G1 X136.172 Y133.303 F18000
G1 X136.016 Y133.311
G1 X136.015 Y133.302
M204 P1500
;TYPE:Inner wall
;WIDTH:0.45
G1 F6000
G1 X136.241 Y133.288 E.00725
G2 X136.236 Y128.709 I-.239 J-2.29 E.21726
G2 X135.759 Y128.71 I-.235 J2.57 E.01536
G2 X135.955 Y133.3 I.242 J2.289 E.22329
G1 X136.034 Y133.709 F18000
G1 F6000
G1 X136.283 Y133.693 E.00804
G2 X136.276 Y128.303 I-.281 J-2.695 E.2558
G2 X135.717 Y128.304 I-.274 J3.016 E.01803
G2 X135.974 Y133.708 I.285 J2.694 E.26361
G1 E-1.75
;WIPE_START
G1 X136.283 Y133.693 E-.2324
G1 X136.564 Y133.651 E-.21261
G1 X136.837 Y133.578 E-.21268
G1 X136.952 Y133.534 E-.09231
;WIPE_END
G17
G3 Z4.64 I.568 J-.218 P1  F18000
G1 X136.81 Y133.162 Z4.64
G1 X85.302 Y132.907
G1 X85.156 Y133.002
G1 X84.94 Y133.112
G1 X84.714 Y133.199
G1 X84.481 Y133.261
G1 X84.242 Y133.299
G1 X84 Y133.312
G1 X83.758 Y133.299
G1 X83.726 Y133.294
G1 X83.79 Y132.888
G1 Z4.44
G1 E2.5 F6000
M204 P1000
;TYPE:Outer wall
;WIDTH:0.42
G1 F3600
G1 X84 Y132.9 E.00626
G2 X84.198 Y129.1 I0 J-1.905 E.17241
G2 X83.8 Y129.1 I-.197 J2.14 E.01185
G2 X83.605 Y132.858 I.2 J1.895 E.16044
G1 X83.731 Y132.879 E.0038
G1 X83.666 Y133.284 F18000
G1 X83.758 Y133.299
G1 X83.984 Y133.311
G1 X83.985 Y133.302
M204 P1500
;TYPE:Inner wall
;WIDTH:0.45
G1 F6000
G1 X84 Y133.301 E.0005
G2 X84.236 Y128.709 I.001 J-2.302 E.22501
G2 X83.759 Y128.71 I-.235 J2.57 E.01536
G2 X83.759 Y133.288 I.242 J2.289 E.21697
G1 X83.925 Y133.298 E.00532
G1 X83.966 Y133.709 F18000
G1 F6000
G1 X84 Y133.708 E.00108
G2 X84.276 Y128.303 I.002 J-2.709 E.26492
G2 X83.717 Y128.304 I-.274 J3.016 E.01803
G2 X83.717 Y133.693 I.285 J2.694 E.25534
G1 X83.907 Y133.705 E.00611
G1 E-1.75
;WIPE_START
G1 X84 Y133.708 E-.07012
G1 X84.283 Y133.696 E-.21273
G1 X84.564 Y133.651 E-.2127
G1 X84.837 Y133.578 E-.21268
G1 X84.889 Y133.558 E-.04177
;WIPE_END
G17
G3 Z4.64 I.568 J-.218 P1  F18000
G1 X84.747 Y133.186 Z4.64
G1 X84.94 Y133.112
G1 X85.156 Y133.002
G1 X85.359 Y132.87
G1 X85.547 Y132.718
G1 X85.718 Y132.547
G1 X85.87 Y132.359
G1 X86.002 Y132.156
G1 X86.112 Y131.94
G1 X86.199 Y131.714
G1 X86.261 Y131.481
G1 X86.299 Y131.242
G1 X86.312 Y131
G1 X86.299 Y130.758
G1 X86.261 Y130.519
G1 X86.199 Y130.286
G1 X86.112 Y130.06
G1 X86.002 Y129.844
G1 X85.87 Y129.641
G1 X85.718 Y129.453
G1 X85.547 Y129.282
G1 X85.359 Y129.13
G1 X85.156 Y128.998
G1 X84.94 Y128.888
G1 X84.767 Y128.822
G1 X83.726 Y91.294
G1 X83.79 Y90.888
G1 Z4.44
G1 E2.5 F6000
M204 P1000
;TYPE:Outer wall
;WIDTH:0.42
G1 F3600
G1 X84 Y90.9 E.00626
G2 X84.198 Y87.1 I0 J-1.905 E.17241
G2 X83.8 Y87.1 I-.197 J2.14 E.01185
G2 X83.605 Y90.858 I.2 J1.895 E.16044
G1 X83.731 Y90.879 E.0038
G1 X83.666 Y91.284 F18000
G1 X83.758 Y91.299
G1 X83.984 Y91.311
G1 X83.985 Y91.302
M204 P1500
;TYPE:Inner wall
;WIDTH:0.45
G1 F6000
G1 X84 Y91.301 E.0005
G2 X84.236 Y86.709 I.001 J-2.302 E.22501
G2 X83.759 Y86.71 I-.235 J2.57 E.01536
G2 X83.759 Y91.288 I.242 J2.289 E.21697
G1 X83.925 Y91.298 E.00532
G1 X83.966 Y91.709 F18000
G1 F6000
G1 X84 Y91.708 E.00108
G2 X84.276 Y86.303 I.002 J-2.709 E.26492
G2 X83.717 Y86.304 I-.274 J3.016 E.01803
G2 X83.717 Y91.693 I.285 J2.694 E.25534
G1 X83.907 Y91.705 E.00611
G1 E-1.75
;WIPE_START
G1 X84 Y91.708 E-.07012
G1 X84.283 Y91.696 E-.21273
G1 X84.564 Y91.651 E-.2127
G1 X84.837 Y91.578 E-.21268
G1 X84.889 Y91.558 E-.04177
;WIPE_END
G17
G3 Z4.64 I.568 J-.218 P1  F18000
G1 X84.747 Y91.186 Z4.64
G1 X103.689 Y116.311
G1 X116.311 Y116.311
G1 X116.311 Y115.91
G1 X115.91 Y115.91
G1 Z4.44
G1 E2.5 F6000
M204 P1000
;TYPE:Outer wall
;WIDTH:0.42
G1 F3600
G1 X115.91 Y104.09 E.35208
G1 X104.09 Y104.09 E.35208
G1 X104.09 Y115.91 E.35208
G1 X115.85 Y115.91 E.35029
G1 X115.85 Y116.311 F18000
G1 X116.311 Y116.311
G1 X116.311 Y116.302
G1 X116.302 Y116.302
M204 P1500
;TYPE:Inner wall
;WIDTH:0.45
G1 F6000
G1 X116.302 Y103.698 E.4053
G1 X103.698 Y103.698 E.4053
G1 X103.698 Y116.302 E.4053
G1 X116.242 Y116.302 E.40337
G1 X116.709 Y116.709 F18000
G1 F6000
G1 X116.709 Y103.291 E.43148
G1 X103.291 Y103.291 E.43148
G1 X103.291 Y116.709 E.43148
G1 X116.649 Y116.709 E.42955
G1 X133.219 Y130.289 F18000
M204 P2000
;TYPE:Internal solid infill
;WIDTH:0.420461
G1 F6000
G1 X133.219 Y90.238 E1.19443
G2 X133.596 Y90.863 I2.158 J-.879 E.02185
G1 X133.596 Y129.137 E1.14147
G3 X133.974 Y128.729 I3.113 J2.498 E.0166
G1 X133.974 Y91.271 E1.1171
G2 X134.351 Y91.554 I1.53 J-1.647 E.0141
G1 X134.351 Y128.446 E1.10021
G3 X134.729 Y128.235 I1.195 J1.702 E.01291
G1 X134.729 Y91.765 E1.08767
G2 X135.106 Y91.908 I1.816 J-4.208 E.01205
G1 X135.106 Y128.092 E1.07911
G3 X135.484 Y128.004 I.609 J1.753 E.01158
G1 X135.484 Y91.996 E1.07385
G2 X135.862 Y92.037 I.383 J-1.781 E.01135
G1 X135.862 Y127.963 E1.07141
G3 X136.239 Y127.968 I.161 J2.036 E.01128
G1 X136.239 Y92.032 E1.07173
G2 X136.617 Y91.98 I-.056 J-1.827 E.01138
G1 X136.617 Y128.02 E1.0748
G3 X136.994 Y128.125 I-1.217 J5.082 E.01169
G1 X136.994 Y91.875 E1.08109
G2 X137.372 Y91.713 I-.576 J-1.866 E.01227
G1 X137.372 Y128.287 E1.09074
G3 X137.749 Y128.511 I-.884 J1.919 E.01312
G1 X137.749 Y91.489 E1.1041
G2 X138.127 Y91.173 I-2.049 J-2.828 E.0147
G1 X138.127 Y128.827 E1.12298
G3 X138.504 Y129.274 I-2.26 J2.292 E.01747
G1 X138.504 Y90.726 E1.14963
G2 X138.753 Y90.294 I-1.94 J-1.404 E.01487
G1 X138.882 Y90.294 E.00385
G1 X138.882 Y130.024 E1.18486
G3 X138.95 Y130.265 I-1.111 J.447 E.00748
G1 X139.259 Y130.265 E.00921
G1 X139.259 Y90.294 E1.19204
G1 X139.637 Y90.294 E.01126
G1 X139.637 Y130.265 E1.19204
G1 X140.015 Y130.265 E.01126
G1 X140.015 Y90.294 E1.19204
G1 X140.392 Y90.294 E.01126
G1 X140.392 Y130.265 E1.19204
G1 X140.77 Y130.265 E.01126
G1 X140.77 Y90.294 E1.19204
G1 X141.147 Y90.294 E.01126
G1 X141.147 Y130.265 E1.19204
G1 X141.525 Y130.265 E.01126
G1 X141.525 Y90.294 E1.19204
G1 X141.902 Y90.294 E.01126
G1 X141.902 Y130.265 E1.19204
G1 X142.28 Y130.265 E.01126
G1 X142.28 Y90.294 E1.19204
G1 X142.657 Y90.294 E.01126
G1 X142.657 Y130.434 E1.1971
G1 X139.047 Y130.453 F18000
;WIDTH:0.419999
G1 F6000
G1 X139.102 Y131.02 E.01695
G1 X139.03 Y131.664 E.01931
G1 X138.794 Y132.339 E.02129
G1 X142.599 Y132.339 E.11332
G1 X142.599 Y130.453 E.05616
G1 X139.107 Y130.453 E.10402
G1 X139.465 Y130.83 F18000
G1 F6000
G3 X139.389 Y131.781 I-4.889 J.084 E.02844
G1 X139.33 Y131.962 E.00567
G1 X142.222 Y131.962 E.08613
G1 X142.222 Y130.83 E.0337
G1 X139.525 Y130.83 E.08031
G1 X139.841 Y131.207 F18000
;WIDTH:0.42
G1 F6000
G1 X139.801 Y131.585 E.01129
G1 X141.845 Y131.585 E.06087
G1 X141.845 Y131.207 E.01123
G1 X139.901 Y131.207 E.05791
G1 X142.657 Y142.74 F18000
;WIDTH:0.420461
G1 F6000
G1 X142.657 Y132.527 E.30458
G1 X142.28 Y132.527 E.01126
G1 X142.28 Y143.038 E.31346
G1 X142.229 Y143.107 E.00255
G1 X141.972 Y143.338 E.01032
G1 X141.902 Y143.379 E.00242
G1 X141.902 Y132.527 E.32363
G1 X141.525 Y132.527 E.01126
G1 X141.525 Y143.559 E.32902
G3 X141.147 Y143.638 I-.371 J-.836 E.01159
G1 X141.147 Y132.527 E.33136
G1 X140.77 Y132.527 E.01126
G1 X140.77 Y143.658 E.33194
G1 X140.392 Y143.658 E.01126
G1 X140.392 Y132.527 E.33194
G1 X140.015 Y132.527 E.01126
G1 X140.015 Y143.658 E.33194
G1 X139.637 Y143.658 E.01126
G1 X139.637 Y132.527 E.33194
G1 X139.259 Y132.527 E.01126
G1 X139.259 Y143.658 E.33194
G1 X138.882 Y143.658 E.01126
G1 X138.882 Y132.527 E.33194
G1 X138.633 Y132.527 E.00742
G1 X138.504 Y132.726 E.00706
G1 X138.504 Y143.658 E.32602
G1 X138.127 Y143.658 E.01126
G1 X138.127 Y133.173 E.31269
G3 X137.749 Y133.489 I-2.426 J-2.512 E.0147
G1 X137.749 Y143.658 E.30326
G1 X137.372 Y143.658 E.01126
G1 X137.372 Y133.713 E.29657
G3 X136.994 Y133.875 I-.953 J-1.704 E.01227
G1 X136.994 Y143.658 E.29175
G1 X136.617 Y143.658 E.01126
G1 X136.617 Y133.98 E.2886
G3 X136.239 Y134.032 I-.434 J-1.775 E.01138
G1 X136.239 Y143.658 E.28707
G1 X135.862 Y143.658 E.01126
G1 X135.862 Y134.037 E.28691
G3 X135.484 Y133.996 I.006 J-1.821 E.01135
G1 X135.484 Y143.658 E.28813
G1 X135.106 Y143.658 E.01126
G1 X135.106 Y133.908 E.29076
G3 X134.729 Y133.765 I1.438 J-4.352 E.01205
G1 X134.729 Y143.658 E.29504
G1 X134.351 Y143.658 E.01126
G1 X134.351 Y133.554 E.30131
G3 X133.974 Y133.271 I1.153 J-1.93 E.0141
G1 X133.974 Y143.658 E.30975
G1 X133.596 Y143.658 E.01126
G1 X133.596 Y132.863 E.32194
G3 X133.219 Y132.238 I1.78 J-1.503 E.02185
G1 X133.219 Y143.658 E.34056
G1 X132.841 Y143.658 E.01126
G1 X132.841 Y76.342 E2.00754
G1 X133.219 Y76.342 E.01126
G1 X133.219 Y87.762 E.34055
G3 X133.596 Y87.137 I3.055 J1.421 E.0218
G1 X133.596 Y76.342 E.32194
G1 X133.974 Y76.342 E.01126
G1 X133.974 Y86.729 E.30975
G3 X134.351 Y86.446 I1.53 J1.647 E.0141
G1 X134.351 Y76.342 E.30131
G1 X134.729 Y76.342 E.01126
G1 X134.729 Y86.235 E.29504
G3 X135.106 Y86.092 I1.816 J4.208 E.01205
G1 X135.106 Y76.342 E.29076
G1 X135.484 Y76.342 E.01126
G1 X135.484 Y86.004 E.28813
G3 X135.862 Y85.963 I.383 J1.781 E.01135
G1 X135.862 Y76.342 E.28691
G1 X136.239 Y76.342 E.01126
G1 X136.239 Y85.968 E.28707
G3 X136.617 Y86.02 I-.03 J1.632 E.01139
G1 X136.617 Y76.342 E.2886
G1 X136.994 Y76.342 E.01126
G1 X136.994 Y86.125 E.29175
G3 X137.372 Y86.287 I-.576 J1.866 E.01227
G1 X137.372 Y76.342 E.29657
G1 X137.749 Y76.342 E.01126
G1 X137.749 Y86.511 E.30326
G3 X138.127 Y86.827 I-2.049 J2.828 E.0147
G1 X138.127 Y76.342 E.31269
G1 X138.504 Y76.342 E.01126
G1 X138.504 Y87.274 E.32602
G3 X138.882 Y88.024 I-2.677 J1.818 E.02511
G1 X138.882 Y76.342 E.34838
G1 X139.259 Y76.342 E.01126
G1 X139.259 Y88.409 E.35986
G1 X139.637 Y88.409 E.01126
G1 X139.637 Y76.342 E.35986
G1 X140.015 Y76.342 E.01126
G1 X140.015 Y88.409 E.35986
G1 X140.392 Y88.409 E.01126
G1 X140.392 Y76.342 E.35986
G1 X140.77 Y76.342 E.01126
G1 X140.77 Y88.409 E.35986
G1 X141.147 Y88.409 E.01126
G1 X141.147 Y76.352 E.35958
G1 X141.164 Y76.353 E.00051
G1 X141.525 Y76.433 E.01101
G1 X141.525 Y88.409 E.35717
G1 X141.902 Y88.409 E.01126
G1 X141.902 Y76.614 E.35175
G3 X142.28 Y76.962 I-1.317 J1.808 E.01535
G1 X142.28 Y88.409 E.34137
G1 X142.657 Y88.409 E.01126
G1 X142.657 Y77.26 E.3325
G1 X138.89 Y90.106 F18000
;WIDTH:0.419999
G1 F6000
G1 X142.599 Y90.106 E.11046
G1 X142.599 Y88.597 E.04493
G1 X139.074 Y88.597 E.10499
G1 X139.087 Y89.305 E.02107
G1 X138.956 Y89.94 E.01931
G1 X138.912 Y90.05 E.00354
G1 X139.387 Y89.729 F18000
G1 F6000
G1 X142.222 Y89.729 E.08445
G1 X142.222 Y88.975 E.02246
G1 X139.464 Y88.975 E.08214
G1 X139.452 Y89.422 E.01334
G1 X139.399 Y89.67 E.00755
G1 X139.84 Y89.352 F18000
;WIDTH:0.42
G1 F6000
G1 X141.785 Y89.352 E.05792
G1 X116.607 Y76.173 F18000
;WIDTH:0.420461
G1 F6000
G1 X116.607 Y102.958 E.79881
G1 X116.229 Y102.958 E.01126
G1 X116.229 Y76.342 E.79374
G1 X115.852 Y76.342 E.01126
G1 X115.852 Y102.958 E.79374
G1 X115.474 Y102.958 E.01126
G1 X115.474 Y76.342 E.79374
G1 X115.097 Y76.342 E.01126
G1 X115.097 Y102.958 E.79374
G1 X114.719 Y102.958 E.01126
G1 X114.719 Y76.342 E.79374
G1 X114.342 Y76.342 E.01126
G1 X114.342 Y102.958 E.79374
G1 X113.964 Y102.958 E.01126
G1 X113.964 Y76.342 E.79374
G1 X113.587 Y76.342 E.01126
G1 X113.587 Y102.958 E.79374
G1 X113.209 Y102.958 E.01126
G1 X113.209 Y76.342 E.79374
G1 X112.832 Y76.342 E.01126
G1 X112.832 Y102.958 E.79374
G1 X112.454 Y102.958 E.01126
G1 X112.454 Y76.342 E.79374
G1 X112.076 Y76.342 E.01126
G1 X112.076 Y102.958 E.79374
G1 X111.699 Y102.958 E.01126
G1 X111.699 Y76.342 E.79374
G1 X111.321 Y76.342 E.01126
G1 X111.321 Y102.958 E.79374
G1 X110.944 Y102.958 E.01126
G1 X110.944 Y76.342 E.79374
G1 X110.566 Y76.342 E.01126
G1 X110.566 Y102.958 E.79374
G1 X110.189 Y102.958 E.01126
G1 X110.189 Y76.342 E.79374
G1 X109.811 Y76.342 E.01126
G1 X109.811 Y102.958 E.79374
G1 X109.434 Y102.958 E.01126
G1 X109.434 Y76.342 E.79374
G1 X109.056 Y76.342 E.01126
G1 X109.056 Y102.958 E.79374
G1 X108.679 Y102.958 E.01126
G1 X108.679 Y76.342 E.79374
G1 X108.301 Y76.342 E.01126
G1 X108.301 Y102.958 E.79374
G1 X107.924 Y102.958 E.01126
G1 X107.924 Y76.342 E.79374
G1 X107.546 Y76.342 E.01126
G1 X107.546 Y102.958 E.79374
G1 X107.168 Y102.958 E.01126
G1 X107.168 Y76.342 E.79374
G1 X106.791 Y76.342 E.01126
G1 X106.791 Y102.958 E.79374
G1 X106.413 Y102.958 E.01126
G1 X106.413 Y76.342 E.79374
G1 X106.036 Y76.342 E.01126
G1 X106.036 Y102.958 E.79374
G1 X105.658 Y102.958 E.01126
G1 X105.658 Y76.342 E.79374
G1 X105.281 Y76.342 E.01126
G1 X105.281 Y102.958 E.79374
G1 X104.903 Y102.958 E.01126
G1 X104.903 Y76.342 E.79374
G1 X104.526 Y76.342 E.01126
G1 X104.526 Y102.958 E.79374
G1 X104.148 Y102.958 E.01126
G1 X104.148 Y76.342 E.79374
G1 X103.771 Y76.342 E.01126
G1 X103.771 Y102.958 E.79374
G1 X103.393 Y102.958 E.01126
G1 X103.393 Y76.342 E.79374
G1 X103.015 Y76.342 E.01126
G1 X103.015 Y143.658 E2.00754
G1 X103.393 Y143.658 E.01126
G1 X103.393 Y117.042 E.79374
G1 X103.771 Y117.042 E.01126
G1 X103.771 Y143.658 E.79374
G1 X104.148 Y143.658 E.01126
G1 X104.148 Y117.042 E.79374
G1 X104.526 Y117.042 E.01126
G1 X104.526 Y143.658 E.79374
G1 X104.903 Y143.658 E.01126
G1 X104.903 Y117.042 E.79374
G1 X105.281 Y117.042 E.01126
G1 X105.281 Y143.658 E.79374
G1 X105.658 Y143.658 E.01126
G1 X105.658 Y117.042 E.79374
G1 X106.036 Y117.042 E.01126
G1 X106.036 Y143.658 E.79374
G1 X106.413 Y143.658 E.01126
G1 X106.413 Y117.042 E.79374
G1 X106.791 Y117.042 E.01126
G1 X106.791 Y143.658 E.79374
G1 X107.168 Y143.658 E.01126
G1 X107.168 Y117.042 E.79374
G1 X107.546 Y117.042 E.01126
G1 X107.546 Y143.658 E.79374
G1 X107.924 Y143.658 E.01126
G1 X107.924 Y117.042 E.79374
G1 X108.301 Y117.042 E.01126
G1 X108.301 Y143.658 E.79374
G1 X108.679 Y143.658 E.01126
G1 X108.679 Y117.042 E.79374
G1 X109.056 Y117.042 E.01126
G1 X109.056 Y143.658 E.79374
G1 X109.434 Y143.658 E.01126
G1 X109.434 Y117.042 E.79374
G1 X109.811 Y117.042 E.01126
G1 X109.811 Y143.658 E.79374
G1 X110.189 Y143.658 E.01126
G1 X110.189 Y117.042 E.79374
G1 X110.566 Y117.042 E.01126
G1 X110.566 Y143.658 E.79374
G1 X110.944 Y143.658 E.01126
G1 X110.944 Y117.042 E.79374
G1 X111.321 Y117.042 E.01126
G1 X111.321 Y143.658 E.79374
G1 X111.699 Y143.658 E.01126
G1 X111.699 Y117.042 E.79374
G1 X112.076 Y117.042 E.01126
G1 X112.076 Y143.658 E.79374
G1 X112.454 Y143.658 E.01126
G1 X112.454 Y117.042 E.79374
G1 X112.832 Y117.042 E.01126
G1 X112.832 Y143.658 E.79374
G1 X113.209 Y143.658 E.01126
G1 X113.209 Y117.042 E.79374
G1 X113.587 Y117.042 E.01126
G1 X113.587 Y143.658 E.79374
G1 X113.964 Y143.658 E.01126
G1 X113.964 Y117.042 E.79374
G1 X114.342 Y117.042 E.01126
G1 X114.342 Y143.658 E.79374
G1 X114.719 Y143.658 E.01126
G1 X114.719 Y117.042 E.79374
G1 X115.097 Y117.042 E.01126
G1 X115.097 Y143.658 E.79374
G1 X115.474 Y143.658 E.01126
G1 X115.474 Y117.042 E.79374
G1 X115.852 Y117.042 E.01126
G1 X115.852 Y143.658 E.79374
G1 X116.229 Y143.658 E.01126
G1 X116.229 Y117.042 E.79374
G1 X116.607 Y117.042 E.01126
G1 X116.607 Y143.658 E.79374
G1 X116.985 Y143.658 E.01126
G1 X116.985 Y76.342 E2.00754
G1 X117.362 Y76.342 E.01126
G1 X117.362 Y143.658 E2.00754
G1 X117.74 Y143.658 E.01126
G1 X117.74 Y76.342 E2.00754
G1 X118.117 Y76.342 E.01126
G1 X118.117 Y143.658 E2.00754
G1 X118.495 Y143.658 E.01126
G1 X118.495 Y76.342 E2.00754
G1 X118.872 Y76.342 E.01126
G1 X118.872 Y143.658 E2.00754
G1 X119.25 Y143.658 E.01126
G1 X119.25 Y76.342 E2.00754
G1 X119.627 Y76.342 E.01126
G1 X119.627 Y143.658 E2.00754
G1 X120.005 Y143.658 E.01126
G1 X120.005 Y76.342 E2.00754
G1 X120.382 Y76.342 E.01126
G1 X120.382 Y143.658 E2.00754
G1 X120.76 Y143.658 E.01126
G1 X120.76 Y76.342 E2.00754
G1 X121.137 Y76.342 E.01126
G1 X121.137 Y143.658 E2.00754
G1 X121.515 Y143.658 E.01126
G1 X121.515 Y76.342 E2.00754
G1 X121.893 Y76.342 E.01126
G1 X121.893 Y143.658 E2.00754
G1 X122.27 Y143.658 E.01126
G1 X122.27 Y76.342 E2.00754
G1 X122.648 Y76.342 E.01126
G1 X122.648 Y143.658 E2.00754
G1 X123.025 Y143.658 E.01126
G1 X123.025 Y76.342 E2.00754
G1 X123.403 Y76.342 E.01126
G1 X123.403 Y143.658 E2.00754
G1 X123.78 Y143.658 E.01126
G1 X123.78 Y76.342 E2.00754
G1 X124.158 Y76.342 E.01126
G1 X124.158 Y143.658 E2.00754
G1 X124.535 Y143.658 E.01126
G1 X124.535 Y76.342 E2.00754
G1 X124.913 Y76.342 E.01126
G1 X124.913 Y143.658 E2.00754
G1 X125.29 Y143.658 E.01126
G1 X125.29 Y76.342 E2.00754
G1 X125.668 Y76.342 E.01126
G1 X125.668 Y143.658 E2.00754
G1 X126.045 Y143.658 E.01126
G1 X126.045 Y76.342 E2.00754
G1 X126.423 Y76.342 E.01126
G1 X126.423 Y143.658 E2.00754
G1 X126.801 Y143.658 E.01126
G1 X126.801 Y76.342 E2.00754
G1 X127.178 Y76.342 E.01126
G1 X127.178 Y143.658 E2.00754
G1 X127.556 Y143.658 E.01126
G1 X127.556 Y76.342 E2.00754
G1 X127.933 Y76.342 E.01126
G1 X127.933 Y143.658 E2.00754
G1 X128.311 Y143.658 E.01126
G1 X128.311 Y76.342 E2.00754
G1 X128.688 Y76.342 E.01126
G1 X128.688 Y143.658 E2.00754
G1 X129.066 Y143.658 E.01126
G1 X129.066 Y76.342 E2.00754
G1 X129.443 Y76.342 E.01126
G1 X129.443 Y143.658 E2.00754
G1 X129.821 Y143.658 E.01126
G1 X129.821 Y76.342 E2.00754
G1 X130.198 Y76.342 E.01126
G1 X130.198 Y143.658 E2.00754
G1 X130.576 Y143.658 E.01126
G1 X130.576 Y76.342 E2.00754
G1 X130.954 Y76.342 E.01126
G1 X130.954 Y143.658 E2.00754
G1 X131.331 Y143.658 E.01126
G1 X131.331 Y76.342 E2.00754
G1 X131.709 Y76.342 E.01126
G1 X131.709 Y143.658 E2.00754
G1 X132.086 Y143.658 E.01126
G1 X132.086 Y76.342 E2.00754
G1 X132.464 Y76.342 E.01126
G1 X132.464 Y143.827 E2.0126
G1 X102.638 Y143.827 F18000
G1 F6000
G1 X102.638 Y76.342 E2.0126
G1 X102.26 Y76.342 E.01126
G1 X102.26 Y143.658 E2.00754
G1 X101.883 Y143.658 E.01126
G1 X101.883 Y76.342 E2.00754
G1 X101.505 Y76.342 E.01126
G1 X101.505 Y143.658 E2.00754
G1 X101.128 Y143.658 E.01126
G1 X101.128 Y76.342 E2.00754
G1 X100.75 Y76.342 E.01126
G1 X100.75 Y143.658 E2.00754
G1 X100.373 Y143.658 E.01126
G1 X100.373 Y76.342 E2.00754
G1 X99.995 Y76.342 E.01126
G1 X99.995 Y143.658 E2.00754
G1 X99.618 Y143.658 E.01126
G1 X99.618 Y76.342 E2.00754
G1 X99.24 Y76.342 E.01126
G1 X99.24 Y143.658 E2.00754
G1 X98.863 Y143.658 E.01126
G1 X98.863 Y76.342 E2.00754
G1 X98.485 Y76.342 E.01126
G1 X98.485 Y143.658 E2.00754
G1 X98.107 Y143.658 E.01126
G1 X98.107 Y76.342 E2.00754
G1 X97.73 Y76.342 E.01126
G1 X97.73 Y143.658 E2.00754
G1 X97.352 Y143.658 E.01126
G1 X97.352 Y76.342 E2.00754
G1 X96.975 Y76.342 E.01126
G1 X96.975 Y143.658 E2.00754
G1 X96.597 Y143.658 E.01126
G1 X96.597 Y76.342 E2.00754
G1 X96.22 Y76.342 E.01126
G1 X96.22 Y143.658 E2.00754
G1 X95.842 Y143.658 E.01126
G1 X95.842 Y76.342 E2.00754
G1 X95.465 Y76.342 E.01126
G1 X95.465 Y143.658 E2.00754
G1 X95.087 Y143.658 E.01126
G1 X95.087 Y76.342 E2.00754
G1 X94.71 Y76.342 E.01126
G1 X94.71 Y143.658 E2.00754
G1 X94.332 Y143.658 E.01126
G1 X94.332 Y76.342 E2.00754
G1 X93.955 Y76.342 E.01126
G1 X93.955 Y143.658 E2.00754
G1 X93.577 Y143.658 E.01126
G1 X93.577 Y76.342 E2.00754
G1 X93.199 Y76.342 E.01126
G1 X93.199 Y143.658 E2.00754
G1 X92.822 Y143.658 E.01126
G1 X92.822 Y76.342 E2.00754
G1 X92.444 Y76.342 E.01126
G1 X92.444 Y143.658 E2.00754
G1 X92.067 Y143.658 E.01126
G1 X92.067 Y76.342 E2.00754
G1 X91.689 Y76.342 E.01126
G1 X91.689 Y143.658 E2.00754
G1 X91.312 Y143.658 E.01126
G1 X91.312 Y76.342 E2.00754
G1 X90.934 Y76.342 E.01126
G1 X90.934 Y143.658 E2.00754
G1 X90.557 Y143.658 E.01126
G1 X90.557 Y76.342 E2.00754
G1 X90.179 Y76.342 E.01126
G1 X90.179 Y143.658 E2.00754
G1 X89.802 Y143.658 E.01126
G1 X89.802 Y76.342 E2.00754
G1 X89.424 Y76.342 E.01126
G1 X89.424 Y143.658 E2.00754
G1 X89.046 Y143.658 E.01126
G1 X89.046 Y76.342 E2.00754
G1 X88.669 Y76.342 E.01126
G1 X88.669 Y143.658 E2.00754
G1 X88.291 Y143.658 E.01126
G1 X88.291 Y76.342 E2.00754
G1 X87.914 Y76.342 E.01126
G1 X87.914 Y143.658 E2.00754
G1 X87.536 Y143.658 E.01126
G1 X87.536 Y76.342 E2.00754
G1 X87.159 Y76.342 E.01126
G1 X87.159 Y143.658 E2.00754
G1 X86.781 Y143.658 E.01126
G1 X86.781 Y132.238 E.34055
G3 X86.404 Y132.863 I-3.055 J-1.421 E.0218
G1 X86.404 Y143.658 E.32194
G1 X86.026 Y143.658 E.01126
G1 X86.026 Y133.271 E.30975
G3 X85.649 Y133.554 I-1.53 J-1.647 E.0141
G1 X85.649 Y143.658 E.30131
G1 X85.271 Y143.658 E.01126
G1 X85.271 Y133.765 E.29504
G3 X84.894 Y133.908 I-1.816 J-4.208 E.01205
G1 X84.894 Y143.658 E.29076
G1 X84.516 Y143.658 E.01126
G1 X84.516 Y133.996 E.28813
G3 X84.138 Y134.037 I-.383 J-1.78 E.01135
G1 X84.138 Y143.658 E.28691
G1 X83.761 Y143.658 E.01126
G1 X83.761 Y134.032 E.28707
G3 X83.383 Y133.98 I.056 J-1.827 E.01138
G1 X83.383 Y143.658 E.2886
G1 X83.006 Y143.658 E.01126
G1 X83.006 Y133.875 E.29175
G3 X82.628 Y133.713 I.576 J-1.866 E.01227
G1 X82.628 Y143.658 E.29657
G1 X82.251 Y143.658 E.01126
G1 X82.251 Y133.489 E.30326
G3 X81.873 Y133.173 I2.049 J-2.828 E.0147
G1 X81.873 Y143.658 E.31269
G1 X81.496 Y143.658 E.01126
G1 X81.496 Y132.726 E.32602
G1 X81.367 Y132.527 E.00706
G1 X81.118 Y132.527 E.00742
G1 X81.118 Y143.658 E.33194
G1 X80.741 Y143.658 E.01126
G1 X80.741 Y132.527 E.33194
G1 X80.363 Y132.527 E.01126
G1 X80.363 Y143.658 E.33194
G1 X79.985 Y143.658 E.01126
G1 X79.985 Y132.527 E.33194
G1 X79.608 Y132.527 E.01126
G1 X79.608 Y143.658 E.33194
G1 X79.23 Y143.658 E.01126
G1 X79.23 Y132.527 E.33194
G1 X78.853 Y132.527 E.01126
G1 X78.853 Y143.648 E.33166
G1 X78.836 Y143.647 E.00051
G1 X78.475 Y143.567 E.01101
G1 X78.475 Y132.527 E.32925
G1 X78.098 Y132.527 E.01126
G1 X78.098 Y143.378 E.32361
G3 X77.72 Y143.038 I.614 J-1.06 E.01528
G1 X77.72 Y132.527 E.31345
G1 X77.343 Y132.527 E.01126
G1 X77.343 Y142.759 E.30516
G1 X77.343 Y130.434 F18000
G1 F6000
G1 X77.343 Y90.294 E1.1971
G1 X77.72 Y90.294 E.01126
G1 X77.72 Y130.265 E1.19204
G1 X78.098 Y130.265 E.01126
G1 X78.098 Y90.294 E1.19204
G1 X78.475 Y90.294 E.01126
G1 X78.475 Y130.265 E1.19204
G1 X78.853 Y130.265 E.01126
G1 X78.853 Y90.294 E1.19204
G1 X79.23 Y90.294 E.01126
G1 X79.23 Y130.265 E1.19204
G1 X79.608 Y130.265 E.01126
G1 X79.608 Y90.294 E1.19204
G1 X79.985 Y90.294 E.01126
G1 X79.985 Y130.265 E1.19204
G1 X80.363 Y130.265 E.01126
G1 X80.363 Y90.294 E1.19204
G1 X80.741 Y90.294 E.01126
G1 X80.741 Y130.265 E1.19204
G1 X81.05 Y130.265 E.00921
G3 X81.118 Y130.024 I1.18 J.206 E.00748
G1 X81.118 Y90.294 E1.18486
G1 X81.247 Y90.294 E.00385
G2 X81.496 Y90.726 I2.189 J-.973 E.01487
G1 X81.496 Y129.274 E1.14963
G3 X81.873 Y128.827 I2.638 J1.846 E.01747
G1 X81.873 Y91.173 E1.12297
G2 X82.251 Y91.489 I2.426 J-2.512 E.0147
G1 X82.251 Y128.511 E1.1041
G3 X82.628 Y128.287 I1.261 J1.695 E.01312
G1 X82.628 Y91.713 E1.09074
G2 X83.006 Y91.875 I.953 J-1.705 E.01227
G1 X83.006 Y128.125 E1.08109
G3 X83.383 Y128.02 I1.595 J4.977 E.01169
G1 X83.383 Y91.98 E1.0748
G2 X83.761 Y92.032 I.434 J-1.775 E.01138
G1 X83.761 Y127.968 E1.07173
G3 X84.138 Y127.964 I.211 J2.031 E.01128
G1 X84.138 Y92.037 E1.07145
G2 X84.516 Y91.996 I-.006 J-1.821 E.01135
G1 X84.516 Y128.004 E1.07385
G3 X84.894 Y128.092 I-.232 J1.842 E.01158
G1 X84.894 Y91.908 E1.07911
G2 X85.271 Y91.765 I-1.438 J-4.351 E.01205
G1 X85.271 Y128.235 E1.08767
G3 X85.649 Y128.446 I-.817 J1.912 E.01291
G1 X85.649 Y91.554 E1.10021
G2 X86.026 Y91.271 I-1.153 J-1.93 E.0141
G1 X86.026 Y128.729 E1.1171
G3 X86.404 Y129.137 I-2.736 J2.907 E.0166
G1 X86.404 Y90.863 E1.14147
G2 X86.781 Y90.238 I-2.677 J-2.045 E.0218
G1 X86.781 Y130.289 E1.19442
G1 X86.238 Y130.434 F18000
G1 X86.199 Y130.286
G1 X86.112 Y130.06
G1 X86.002 Y129.844
G1 X85.87 Y129.641
G1 X85.718 Y129.453
G1 X85.547 Y129.282
G1 X85.359 Y129.13
G1 X85.156 Y128.998
G1 X84.94 Y128.888
G1 X84.714 Y128.801
G1 X84.481 Y128.739
G1 X84.237 Y128.7
G1 X83.973 Y128.69
G1 X83.758 Y128.701
G1 X83.519 Y128.739
G1 X83.286 Y128.801
G1 X83.06 Y128.888
G1 X82.844 Y128.998
G1 X82.641 Y129.13
G1 X82.453 Y129.282
G1 X82.282 Y129.453
G1 X82.13 Y129.641
G1 X81.998 Y129.844
G1 X81.888 Y130.06
G1 X81.801 Y130.286
G1 X81.739 Y130.519
G1 X81.73 Y130.576
G1 X80.956 Y130.453
;WIDTH:0.419999
G1 F6000
G1 X77.401 Y130.453 E.10588
G1 X77.401 Y132.339 E.05616
G1 X81.217 Y132.339 E.11365
G1 X81.044 Y131.94 E.01296
G1 X80.913 Y131.305 E.01931
G1 X80.916 Y130.66 E.01921
G1 X80.945 Y130.512 E.00448
G1 X80.536 Y130.83 F18000
G1 F6000
G1 X77.778 Y130.83 E.08214
G1 X77.778 Y131.962 E.0337
G1 X80.663 Y131.962 E.08592
G1 X80.538 Y131.35 E.01858
G1 X80.536 Y130.89 E.0137
G1 X80.159 Y131.207 F18000
;WIDTH:0.42
G1 F6000
G1 X78.155 Y131.207 E.05968
G1 X78.155 Y131.584 E.01123
G1 X80.197 Y131.584 E.06082
G1 X80.165 Y131.267 E.0095
G1 X78.155 Y89.352 F18000
;WIDTH:0.42
G1 F6000
G1 X80.115 Y89.352 E.05836
G1 X80.6 Y89.729 F18000
;WIDTH:0.419999
G1 F6000
G1 X80.523 Y88.975 E.02258
G1 X77.778 Y88.975 E.08175
G1 X77.778 Y89.729 E.02246
G1 X80.54 Y89.729 E.08227
G1 X81.113 Y90.106 F18000
G1 F6000
G1 X80.962 Y89.626 E.015
G1 X80.898 Y88.981 E.01931
G1 X80.938 Y88.597 E.01147
G1 X77.401 Y88.597 E.10534
G1 X77.401 Y90.106 E.04493
G1 X81.053 Y90.106 E.10878
G1 X77.343 Y88.579 F18000
;WIDTH:0.420461
G1 F6000
G1 X77.343 Y78.03 E.3146
G3 X77.72 Y76.962 I1.67 J-.01 E.03445
G1 X77.72 Y88.409 E.34138
G1 X78.098 Y88.409 E.01126
G1 X78.098 Y76.621 E.35155
G3 X78.475 Y76.441 I.614 J.799 E.01257
G1 X78.475 Y88.409 E.35693
G1 X78.853 Y88.409 E.01126
G1 X78.853 Y76.362 E.35928
G3 X79.23 Y76.342 I.284 J1.84 E.01129
G1 X79.23 Y88.409 E.35986
G1 X79.608 Y88.409 E.01126
G1 X79.608 Y76.342 E.35986
G1 X79.985 Y76.342 E.01126
G1 X79.985 Y88.409 E.35986
G1 X80.363 Y88.409 E.01126
G1 X80.363 Y76.342 E.35986
G1 X80.741 Y76.342 E.01126
G1 X80.741 Y88.409 E.35986
G1 X81.016 Y88.409 E.0082
G3 X81.118 Y88.024 I4.621 J1.026 E.01188
G1 X81.118 Y76.342 E.34838
G1 X81.496 Y76.342 E.01126
G1 X81.496 Y87.274 E.32602
G3 X81.873 Y86.827 I2.638 J1.846 E.01747
G1 X81.873 Y76.342 E.31269
G1 X82.251 Y76.342 E.01126
G1 X82.251 Y86.511 E.30326
G3 X82.628 Y86.287 I1.261 J1.695 E.01312
G1 X82.628 Y76.342 E.29657
G1 X83.006 Y76.342 E.01126
G1 X83.006 Y86.125 E.29175
G3 X83.383 Y86.02 I1.595 J4.977 E.01169
G1 X83.383 Y76.342 E.2886
G1 X83.761 Y76.342 E.01126
G1 X83.761 Y85.968 E.28707
G3 X84.138 Y85.964 I.211 J2.031 E.01128
G1 X84.138 Y76.342 E.28695
G1 X84.516 Y76.342 E.01126
G1 X84.516 Y86.004 E.28813
G3 X84.894 Y86.092 I-.232 J1.842 E.01158
G1 X84.894 Y76.342 E.29076
G1 X85.271 Y76.342 E.01126
G1 X85.271 Y86.235 E.29504
G3 X85.649 Y86.446 I-.817 J1.912 E.01291
G1 X85.649 Y76.342 E.30131
G1 X86.026 Y76.342 E.01126
G1 X86.026 Y86.729 E.30975
G3 X86.404 Y87.137 I-2.736 J2.907 E.0166
G1 X86.404 Y76.342 E.32194
G1 X86.781 Y76.342 E.01126
G1 X86.781 Y88.289 E.35628
; stop printing object top_plate.stl id:4734322866433739561 copy 0
;LAYER_CHANGE
;Z:4.64
;HEIGHT:0.2
G92 E0 ; zero the extruded length again
; BEFORE_LAYER_CHANGE 22 @ 4.64mm
G1 E-1.75 F6000
;WIPE_START
G1 X86.781 Y87.289 E-.75
;WIPE_END
; AFTER_LAYER_CHANGE 22 @ 4.64mm
;_SET_FAN_SPEED_CHANGING_LAYER
; printing object top_plate.stl id:4734322866433739561 copy 0
G17
G3 Z4.84 I-.295 J.532 P1  F18000
G1 X116.311 Y103.689 Z4.84
G1 X116.311 Y116.311
G1 X113.859 Y116.311
G1 X140.43 Y144.389
G1 X140.43 Y144.79
G1 Z4.64
G1 E2.5 F6000
M204 P1000
;TYPE:Outer wall
;WIDTH:0.42
G1 F3600
G1 X79.005 Y144.79 E1.82963
G3 X76.21 Y141.995 I.004 J-2.8 E.13074
G1 X76.21 Y78.005 E1.90602
G3 X79.005 Y75.21 I2.8 J.005 E.13074
G1 X140.995 Y75.21 E1.84644
G1 X141.292 Y75.226 E.00886
G3 X143.79 Y78.005 I-.294 J2.777 E.12197
G1 X143.79 Y141.995 E1.90601
G3 X140.995 Y144.79 I-2.8 J-.004 E.13074
G1 X140.49 Y144.79 E.01502
G1 X140.49 Y144.389 F18000
G1 X140.43 Y144.389
G1 X140.43 Y144.398
M204 P1500
;TYPE:Inner wall
;WIDTH:0.45
G1 F6000
G1 X79.016 Y144.398 E1.97487
G3 X76.602 Y141.984 I-.006 J-2.408 E.122
G1 X76.602 Y78.016 E2.057
G3 X79.016 Y75.602 I2.408 J-.006 E.12199
G1 X140.984 Y75.602 E1.99268
G1 X141.251 Y75.616 E.00857
G3 X143.398 Y78.016 I-.259 J2.392 E.11345
G1 X143.398 Y141.984 E2.05699
G3 X140.984 Y144.398 I-2.408 J.006 E.122
G1 X140.49 Y144.398 E.01588
G1 X140.43 Y143.991 F18000
G1 F6000
G1 X79.026 Y143.991 E1.97453
G3 X77.009 Y141.974 I-.016 J-2.001 E.10212
G1 X77.009 Y78.026 E2.05631
G3 X79.026 Y76.009 I2.001 J-.016 E.10212
G1 X140.974 Y76.009 E1.992
G1 X141.208 Y76.021 E.00754
G3 X142.991 Y78.026 I-.241 J2.01 E.09432
G1 X142.991 Y141.974 E2.05631
G3 X140.974 Y143.991 I-2.001 J.016 E.10212
G1 X140.49 Y143.991 E.01554
G1 E-1.75
;WIPE_START
G1 X139.49 Y143.991 E-.75
;WIPE_END
G17
G3 Z4.84 I-.608 J0 P1  F18000
G1 X139.49 Y144.389 Z4.84
G1 X135.704 Y91.29
G1 X135.767 Y90.893
G1 Z4.64
G1 E2.5 F6000
M204 P1000
;TYPE:Outer wall
;WIDTH:0.42
G1 F3600
G1 X135.801 Y90.898 E.001
G2 X136.397 Y87.131 I.208 J-1.898 E.17319
G2 X135.948 Y87.092 I-.408 J2.097 E.01347
G2 X135.411 Y90.814 I.061 J1.908 E.15873
G1 X135.709 Y90.88 E.00909
G1 X135.645 Y91.281 F18000
G1 X135.758 Y91.299
G1 X135.775 Y91.3
G1 X135.775 Y91.291
M204 P1500
;TYPE:Inner wall
;WIDTH:0.45
G1 F6000
G1 X136 Y91.301 E.00724
G2 X136.712 Y86.81 I.008 J-2.301 E.20969
G2 X135.927 Y86.701 I-.696 J2.132 E.0256
G2 X135.716 Y91.282 I.081 J2.299 E.22042
G1 X135.75 Y91.698 F18000
G1 F6000
G1 X136 Y91.71 E.00803
G2 X136.837 Y86.422 I.009 J-2.709 E.24689
G2 X135.906 Y86.294 I-.818 J2.507 E.03041
G2 X135.691 Y91.691 I.104 J2.707 E.26003
G1 E-1.75
;WIPE_START
G1 X136 Y91.71 E-.23228
G1 X136.283 Y91.696 E-.21279
G1 X136.564 Y91.651 E-.2127
G1 X136.682 Y91.62 E-.09222
;WIPE_END
G17
G3 Z4.84 I.588 J-.157 P1  F18000
G1 X136.579 Y91.235 Z4.84
G1 X138.312 Y131
G1 X138.299 Y131.242
G1 X138.261 Y131.481
G1 X138.199 Y131.714
G1 X138.112 Y131.94
G1 X138.002 Y132.156
G1 X137.87 Y132.359
G1 X137.718 Y132.547
G1 X137.547 Y132.718
G1 X137.359 Y132.87
G1 X137.156 Y133.002
G1 X136.94 Y133.112
G1 X136.714 Y133.199
G1 X136.481 Y133.261
G1 X136.296 Y133.29
G1 X136.233 Y132.893
G1 Z4.64
G1 E2.5 F6000
M204 P1000
;TYPE:Outer wall
;WIDTH:0.42
G1 F3600
G1 X136.591 Y132.819 E.01089
G2 X136.397 Y129.131 I-.582 J-1.818 E.14936
G2 X135.948 Y129.092 I-.408 J2.097 E.01347
G2 X136.174 Y132.902 I.061 J1.908 E.18176
G1 X136.195 Y133.301 F18000
G1 X136.226 Y133.3
G1 X136.225 Y133.291
M204 P1500
;TYPE:Inner wall
;WIDTH:0.45
G1 F6000
G1 X136.241 Y133.289 E.00051
G2 X136.712 Y128.81 I-.233 J-2.289 E.20194
G2 X135.927 Y128.701 I-.696 J2.132 E.0256
G2 X136 Y133.301 I.081 J2.299 E.22959
G1 X136.165 Y133.294 E.00531
G1 X136.25 Y133.698 F18000
G1 F6000
G1 X136.283 Y133.696 E.00109
G2 X136.837 Y128.422 I-.274 J-2.695 E.23776
G2 X135.906 Y128.294 I-.818 J2.507 E.03041
G2 X136 Y133.71 I.104 J2.707 E.26999
G1 X136.19 Y133.7 E.0061
G1 E-1.75
;WIPE_START
G1 X136.283 Y133.696 E-.07043
G1 X136.564 Y133.651 E-.2127
G1 X136.837 Y133.578 E-.21268
G1 X137.103 Y133.476 E-.21307
G1 X137.152 Y133.451 E-.04111
;WIPE_END
G17
G3 Z4.84 I.542 J-.276 P1  F18000
G1 X136.97 Y133.096 Z4.84
G1 X85.299 Y132.909
G1 X85.156 Y133.002
G1 X84.94 Y133.112
G1 X84.714 Y133.199
G1 X84.481 Y133.261
G1 X84.242 Y133.299
G1 X84 Y133.312
G1 X83.758 Y133.299
G1 X83.704 Y133.29
G1 X83.767 Y132.893
G1 Z4.64
G1 E2.5 F6000
M204 P1000
;TYPE:Outer wall
;WIDTH:0.42
G1 F3600
G1 X83.801 Y132.898 E.001
G2 X84.397 Y129.131 I.208 J-1.898 E.17319
G2 X83.948 Y129.092 I-.408 J2.097 E.01347
G2 X83.411 Y132.814 I.061 J1.908 E.15873
G1 X83.709 Y132.88 E.00909
G1 X83.645 Y133.281 F18000
G1 X83.758 Y133.299
G1 X83.775 Y133.3
G1 X83.775 Y133.291
M204 P1500
;TYPE:Inner wall
;WIDTH:0.45
G1 F6000
G1 X84 Y133.301 E.00724
G2 X84.712 Y128.81 I.008 J-2.301 E.20969
G2 X83.927 Y128.701 I-.696 J2.132 E.0256
G2 X83.716 Y133.282 I.081 J2.299 E.22042
G1 X83.75 Y133.698 F18000
G1 F6000
G1 X84 Y133.71 E.00803
G2 X84.837 Y128.422 I.009 J-2.709 E.24689
G2 X83.906 Y128.294 I-.818 J2.507 E.03041
G2 X83.691 Y133.691 I.104 J2.707 E.26003
G1 E-1.75
;WIPE_START
G1 X84 Y133.71 E-.23228
G1 X84.283 Y133.696 E-.21279
G1 X84.564 Y133.651 E-.2127
G1 X84.682 Y133.62 E-.09223
;WIPE_END
G17
G3 Z4.84 I.588 J-.157 P1  F18000
G1 X84.579 Y133.235 Z4.84
G1 X84.714 Y133.199
G1 X84.94 Y133.112
G1 X85.156 Y133.002
G1 X85.359 Y132.87
G1 X85.547 Y132.718
G1 X85.718 Y132.547
G1 X85.87 Y132.359
G1 X86.002 Y132.156
G1 X86.112 Y131.94
G1 X86.199 Y131.714
G1 X86.261 Y131.481
G1 X86.299 Y131.242
G1 X86.312 Y131
G1 X86.299 Y130.758
G1 X86.261 Y130.519
G1 X86.199 Y130.286
G1 X86.112 Y130.06
G1 X86.002 Y129.844
G1 X85.87 Y129.641
G1 X85.718 Y129.453
G1 X85.547 Y129.282
G1 X85.359 Y129.13
G1 X85.156 Y128.998
G1 X84.94 Y128.888
G1 X84.714 Y128.801
G1 X84.578 Y128.765
G1 X83.704 Y91.29
G1 X83.767 Y90.893
G1 Z4.64
G1 E2.5 F6000
M204 P1000
;TYPE:Outer wall
;WIDTH:0.42
G1 F3600
G1 X83.801 Y90.898 E.001
G2 X84.397 Y87.131 I.208 J-1.898 E.17319
G2 X83.948 Y87.092 I-.408 J2.097 E.01347
G2 X83.411 Y90.814 I.061 J1.908 E.15873
G1 X83.709 Y90.88 E.00909
G1 X83.645 Y91.281 F18000
G1 X83.758 Y91.299
G1 X83.775 Y91.3
G1 X83.775 Y91.291
M204 P1500
;TYPE:Inner wall
;WIDTH:0.45
G1 F6000
G1 X84 Y91.301 E.00724
G2 X84.712 Y86.81 I.008 J-2.301 E.20969
G2 X83.927 Y86.701 I-.696 J2.132 E.0256
G2 X83.716 Y91.282 I.081 J2.299 E.22042
G1 X83.75 Y91.698 F18000
G1 F6000
G1 X84 Y91.71 E.00803
G2 X84.837 Y86.422 I.009 J-2.709 E.24689
G2 X83.906 Y86.294 I-.818 J2.507 E.03041
G2 X83.691 Y91.691 I.104 J2.707 E.26003
G1 E-1.75
;WIPE_START
G1 X84 Y91.71 E-.23228
G1 X84.283 Y91.696 E-.21279
G1 X84.564 Y91.651 E-.2127
G1 X84.682 Y91.62 E-.09223
;WIPE_END
G17
G3 Z4.84 I.588 J-.157 P1  F18000
G1 X84.579 Y91.235 Z4.84
G1 X103.689 Y116.311
G1 X116.311 Y116.311
G1 X116.311 Y115.91
G1 X115.91 Y115.91
G1 Z4.64
G1 E2.5 F6000
M204 P1000
;TYPE:Outer wall
;WIDTH:0.42
G1 F3600
G1 X115.91 Y104.09 E.35208
G1 X104.09 Y104.09 E.35208
G1 X104.09 Y115.91 E.35208
G1 X115.85 Y115.91 E.35029
G1 X115.85 Y116.311 F18000
G1 X116.311 Y116.311
G1 X116.311 Y116.302
G1 X116.302 Y116.302
M204 P1500
;TYPE:Inner wall
;WIDTH:0.45
G1 F6000
G1 X116.302 Y103.698 E.4053
G1 X103.698 Y103.698 E.4053
G1 X103.698 Y116.302 E.4053
G1 X116.242 Y116.302 E.40337
G1 X116.709 Y116.709 F18000
G1 F6000
G1 X116.709 Y103.291 E.43148
G1 X103.291 Y103.291 E.43148
G1 X103.291 Y116.709 E.43148
G1 X116.649 Y116.709 E.42955
G1 X135.712 Y128.152 F18000
M204 P2000
;TYPE:Internal solid infill
;WIDTH:0.421088
G1 F6000
G1 X85.064 Y128.152 E1.51297
G3 X85.779 Y128.53 I-1.144 J3.026 E.02421
G1 X134.221 Y128.53 E1.44709
G2 X133.792 Y128.908 I2.459 J3.221 E.0171
G1 X86.208 Y128.908 E1.42146
G3 X86.512 Y129.287 I-2.464 J2.295 E.01452
G1 X133.488 Y129.287 E1.40327
G2 X133.268 Y129.665 I1.7 J1.24 E.01308
G1 X86.732 Y129.665 E1.39016
G3 X86.889 Y130.043 I-1.709 J.933 E.01226
G1 X133.111 Y130.043 E1.38076
G2 X133.014 Y130.421 I5.032 J1.496 E.01167
G1 X86.986 Y130.421 E1.37495
G3 X87.034 Y130.799 I-1.781 J.415 E.01141
G1 X132.966 Y130.799 E1.37212
G2 X132.965 Y131.177 I1.791 J.195 E.01132
G1 X87.035 Y131.177 E1.37204
G3 X86.99 Y131.556 I-1.827 J-.025 E.0114
G1 X133.01 Y131.556 E1.37473
G2 X133.103 Y131.934 I1.847 J-.253 E.01165
G1 X86.897 Y131.934 E1.38027
G3 X86.744 Y132.312 I-4.769 J-1.716 E.0122
G1 X133.256 Y132.312 E1.38945
G2 X133.472 Y132.69 I1.918 J-.846 E.01304
G1 X86.528 Y132.69 E1.40237
G3 X86.231 Y133.068 I-2.95 J-2.006 E.01436
G1 X133.769 Y133.068 E1.42007
G2 X134.19 Y133.446 I2.013 J-1.819 E.01694
G1 X85.81 Y133.446 E1.44524
G3 X85.125 Y133.825 I-1.488 J-1.884 E.02347
G1 X134.875 Y133.825 E1.48614
G2 X137.125 Y133.825 I1.125 J-2.767 E.06894
G1 X142.658 Y133.825 E.16526
G1 X142.658 Y133.446 E.0113
G1 X137.81 Y133.446 E.14481
G2 X138.231 Y133.068 I-1.592 J-2.198 E.01694
G1 X142.658 Y133.068 E.13223
G1 X142.658 Y132.69 E.0113
G1 X138.528 Y132.69 E.12338
G2 X138.744 Y132.312 I-1.702 J-1.224 E.01304
G1 X142.658 Y132.312 E.11692
G1 X142.658 Y131.934 E.0113
G1 X138.716 Y131.934 E.11773
G1 X138.887 Y129.894 F18000
;WIDTH:0.419999
G1 F6000
G1 X139.038 Y130.374 E.015
G1 X139.102 Y131.019 E.01931
G1 X139.062 Y131.403 E.01147
G1 X142.599 Y131.403 E.10534
G1 X142.599 Y129.894 E.04493
G1 X138.947 Y129.894 E.10878
G1 X139.4 Y130.271 F18000
G1 F6000
G1 X139.477 Y131.025 E.02258
G1 X142.222 Y131.025 E.08175
G1 X142.222 Y130.271 E.02246
G1 X139.46 Y130.271 E.08227
G1 X139.825 Y130.648 F18000
;WIDTH:0.42
G1 F6000
G1 X141.785 Y130.648 E.05836
G1 X142.827 Y128.152 F18000
;WIDTH:0.421088
G1 F6000
G1 X137.064 Y128.152 E.17215
G3 X137.779 Y128.53 I-1.144 J3.026 E.02421
G1 X142.658 Y128.53 E.14574
G1 X142.658 Y128.908 E.0113
G1 X138.208 Y128.908 E.13292
G3 X138.512 Y129.287 I-2.464 J2.296 E.01452
G1 X142.658 Y129.287 E.12383
G1 X142.658 Y129.665 E.0113
G1 X138.541 Y129.665 E.12296
G1 X142.827 Y134.203 F18000
G1 F6000
G1 X77.342 Y134.203 E1.9562
G1 X77.342 Y134.581 E.0113
G1 X142.658 Y134.581 E1.95113
G1 X142.658 Y134.959 E.0113
G1 X77.342 Y134.959 E1.95113
G1 X77.342 Y135.337 E.0113
G1 X142.658 Y135.337 E1.95113
G1 X142.658 Y135.715 E.0113
G1 X77.342 Y135.715 E1.95113
G1 X77.342 Y136.094 E.0113
G1 X142.658 Y136.094 E1.95113
G1 X142.658 Y136.472 E.0113
G1 X77.342 Y136.472 E1.95113
G1 X77.342 Y136.85 E.0113
G1 X142.658 Y136.85 E1.95113
G1 X142.658 Y137.228 E.0113
G1 X77.342 Y137.228 E1.95113
G1 X77.342 Y137.606 E.0113
G1 X142.658 Y137.606 E1.95113
G1 X142.658 Y137.984 E.0113
G1 X77.342 Y137.984 E1.95113
G1 X77.342 Y138.363 E.0113
G1 X142.658 Y138.363 E1.95113
G1 X142.658 Y138.741 E.0113
G1 X77.342 Y138.741 E1.95113
G1 X77.342 Y139.119 E.0113
G1 X142.658 Y139.119 E1.95113
G1 X142.658 Y139.497 E.0113
G1 X77.342 Y139.497 E1.95113
G1 X77.342 Y139.875 E.0113
G1 X142.658 Y139.875 E1.95113
G1 X142.658 Y140.253 E.0113
G1 X77.342 Y140.253 E1.95113
G1 X77.342 Y140.632 E.0113
G1 X142.658 Y140.632 E1.95113
G1 X142.658 Y141.01 E.0113
G1 X77.342 Y141.01 E1.95113
G1 X77.342 Y141.388 E.0113
G1 X142.658 Y141.388 E1.95113
G1 X142.658 Y141.766 E.0113
G1 X77.342 Y141.766 E1.95113
G2 X77.362 Y142.144 I1.863 J.095 E.01133
G1 X142.648 Y142.144 E1.95028
G1 X142.568 Y142.522 E.01155
G1 X77.44 Y142.522 E1.94556
G2 X77.62 Y142.901 I.98 J-.235 E.01261
G1 X142.379 Y142.901 E1.93453
G3 X142.039 Y143.279 I-1.061 J-.613 E.01532
G1 X77.961 Y143.279 E1.91417
G2 X79.023 Y143.657 I1.055 J-1.282 E.03435
G1 X141.76 Y143.657 E1.87413
G1 X142.827 Y117.185 F18000
G1 F6000
G1 X77.342 Y117.185 E1.9562
G1 X77.342 Y117.563 E.0113
G1 X142.658 Y117.563 E1.95113
G1 X142.658 Y117.942 E.0113
G1 X77.342 Y117.942 E1.95113
G1 X77.342 Y118.32 E.0113
G1 X142.658 Y118.32 E1.95113
G1 X142.658 Y118.698 E.0113
G1 X77.342 Y118.698 E1.95113
G1 X77.342 Y119.076 E.0113
G1 X142.658 Y119.076 E1.95113
G1 X142.658 Y119.454 E.0113
G1 X77.342 Y119.454 E1.95113
G1 X77.342 Y119.832 E.0113
G1 X142.658 Y119.832 E1.95113
G1 X142.658 Y120.211 E.0113
G1 X77.342 Y120.211 E1.95113
G1 X77.342 Y120.589 E.0113
G1 X142.658 Y120.589 E1.95113
G1 X142.658 Y120.967 E.0113
G1 X77.342 Y120.967 E1.95113
G1 X77.342 Y121.345 E.0113
G1 X142.658 Y121.345 E1.95113
G1 X142.658 Y121.723 E.0113
G1 X77.342 Y121.723 E1.95113
G1 X77.342 Y122.101 E.0113
G1 X142.658 Y122.101 E1.95113
G1 X142.658 Y122.48 E.0113
G1 X77.342 Y122.48 E1.95113
G1 X77.342 Y122.858 E.0113
G1 X142.658 Y122.858 E1.95113
G1 X142.658 Y123.236 E.0113
G1 X77.342 Y123.236 E1.95113
G1 X77.342 Y123.614 E.0113
G1 X142.658 Y123.614 E1.95113
G1 X142.658 Y123.992 E.0113
G1 X77.342 Y123.992 E1.95113
G1 X77.342 Y124.37 E.0113
G1 X142.658 Y124.37 E1.95113
G1 X142.658 Y124.749 E.0113
G1 X77.342 Y124.749 E1.95113
G1 X77.342 Y125.127 E.0113
G1 X142.658 Y125.127 E1.95113
G1 X142.658 Y125.505 E.0113
G1 X77.342 Y125.505 E1.95113
G1 X77.342 Y125.883 E.0113
G1 X142.658 Y125.883 E1.95113
G1 X142.658 Y126.261 E.0113
G1 X77.342 Y126.261 E1.95113
G1 X77.342 Y126.639 E.0113
G1 X142.658 Y126.639 E1.95113
G1 X142.658 Y127.018 E.0113
G1 X77.342 Y127.018 E1.95113
G1 X77.342 Y127.396 E.0113
G1 X142.658 Y127.396 E1.95113
G1 X142.658 Y127.774 E.0113
G1 X77.342 Y127.774 E1.95113
G1 X77.342 Y128.152 E.0113
G1 X82.936 Y128.152 E.16708
G2 X82.221 Y128.53 I1.144 J3.027 E.02421
G1 X77.342 Y128.53 E.14574
G1 X77.342 Y128.908 E.0113
G1 X81.792 Y128.908 E.13292
G2 X81.488 Y129.287 I2.465 J2.296 E.01452
G1 X77.342 Y129.287 E.12383
G1 X77.342 Y129.665 E.0113
G1 X81.459 Y129.665 E.12296
G1 X81.284 Y131.934 F18000
G1 F6000
G1 X77.342 Y131.934 E.11773
G1 X77.342 Y132.312 E.0113
G1 X81.256 Y132.312 E.11692
G2 X81.472 Y132.69 I1.918 J-.846 E.01304
G1 X77.342 Y132.69 E.12338
G1 X77.342 Y133.068 E.0113
G1 X81.769 Y133.068 E.13222
G2 X82.19 Y133.446 I2.013 J-1.819 E.01694
G1 X77.342 Y133.446 E.14481
G1 X77.342 Y133.825 E.0113
G1 X83.484 Y133.825 E.18346
G1 X78.155 Y130.648 F18000
;WIDTH:0.42
G1 F6000
G1 X80.1 Y130.648 E.05792
G1 X80.613 Y130.271 F18000
;WIDTH:0.419999
G1 F6000
G1 X77.778 Y130.271 E.08445
G1 X77.778 Y131.025 E.02246
G1 X80.536 Y131.025 E.08214
G1 X80.548 Y130.578 E.01334
G1 X80.601 Y130.33 E.00755
G1 X81.11 Y129.894 F18000
G1 F6000
G1 X77.401 Y129.894 E.11046
G1 X77.401 Y131.403 E.04493
G1 X80.926 Y131.403 E.10499
G1 X80.913 Y130.695 E.02107
G1 X81.044 Y130.06 E.01931
G1 X81.088 Y129.95 E.00354
G1 X83.631 Y91.848 F18000
;WIDTH:0.421088
G1 F6000
G1 X77.342 Y91.848 E.18787
G1 X77.342 Y91.47 E.0113
G1 X82.221 Y91.47 E.14573
G3 X81.792 Y91.092 I2.46 J-3.222 E.01709
G1 X77.342 Y91.092 E.13292
G1 X77.342 Y90.713 E.0113
G1 X81.488 Y90.713 E.12383
G3 X81.268 Y90.335 I1.701 J-1.24 E.01308
G1 X77.342 Y90.335 E.11727
G1 X77.342 Y89.957 E.0113
G1 X81.293 Y89.957 E.118
G1 X80.953 Y89.547 F18000
;WIDTH:0.419999
G1 F6000
G1 X80.898 Y88.98 E.01695
G1 X80.97 Y88.336 E.01931
G1 X81.206 Y87.661 E.02129
G1 X77.401 Y87.661 E.11332
G1 X77.401 Y89.547 E.05616
G1 X80.893 Y89.547 E.10402
G1 X80.535 Y89.17 F18000
G1 F6000
G3 X80.611 Y88.219 I4.889 J-.084 E.02844
G1 X80.67 Y88.038 E.00567
G1 X77.778 Y88.038 E.08613
G1 X77.778 Y89.17 E.0337
G1 X80.475 Y89.17 E.08031
G1 X80.159 Y88.793 F18000
;WIDTH:0.42
G1 F6000
G1 X80.199 Y88.416 E.01129
G1 X78.155 Y88.416 E.06087
G1 X78.155 Y88.793 E.01123
G1 X80.099 Y88.793 E.05791
G1 X81.675 Y87.31 F18000
;WIDTH:0.421088
G1 F6000
G1 X77.342 Y87.31 E.12942
G1 X77.342 Y86.932 E.0113
G1 X81.769 Y86.932 E.13223
G3 X82.19 Y86.554 I2.014 J1.819 E.01694
G1 X77.342 Y86.554 E.14481
G1 X77.342 Y86.175 E.0113
G1 X83.51 Y86.175 E.18424
G1 X135.51 Y86.175 F18000
G1 F6000
G1 X85.125 Y86.175 E1.50512
G3 X85.81 Y86.554 I-.803 J2.263 E.02347
G1 X134.19 Y86.554 E1.44524
G2 X133.769 Y86.932 I1.592 J2.198 E.01694
G1 X86.231 Y86.932 E1.42007
G3 X86.527 Y87.31 I-2.653 J2.383 E.01436
G1 X133.473 Y87.31 E1.40237
G2 X133.256 Y87.688 I1.702 J1.224 E.01304
G1 X86.744 Y87.688 E1.38945
G3 X86.897 Y88.066 I-4.616 J2.095 E.0122
G1 X133.103 Y88.066 E1.38027
G2 X133.01 Y88.444 I1.754 J.631 E.01165
G1 X86.99 Y88.444 E1.37473
G3 X87.035 Y88.823 I-1.782 J.404 E.0114
G1 X132.965 Y88.823 E1.37204
G2 X132.966 Y89.201 I1.792 J.183 E.01132
G1 X87.034 Y89.201 E1.37211
G3 X86.986 Y89.579 I-1.828 J-.037 E.01141
G1 X133.014 Y89.579 E1.37495
G2 X133.111 Y89.957 I5.131 J-1.118 E.01167
G1 X86.889 Y89.957 E1.38076
G3 X86.732 Y90.335 I-1.867 J-.555 E.01226
G1 X133.268 Y90.335 E1.39016
G2 X133.488 Y90.713 I1.92 J-.861 E.01308
G1 X86.512 Y90.713 E1.40327
G3 X86.208 Y91.092 I-2.769 J-1.918 E.01452
G1 X133.792 Y91.092 E1.42146
G2 X134.221 Y91.47 I2.889 J-2.844 E.01709
G1 X85.779 Y91.47 E1.44708
G3 X85.065 Y91.848 I-1.859 J-2.649 E.02421
G1 X134.935 Y91.848 E1.48977
G2 X137.065 Y91.848 I1.065 J-2.78 E.06504
G1 X142.658 Y91.848 E.16708
G1 X142.658 Y91.47 E.0113
G1 X137.779 Y91.47 E.14573
G2 X138.208 Y91.092 I-2.46 J-3.222 E.01709
G1 X142.658 Y91.092 E.13292
G1 X142.658 Y90.713 E.0113
G1 X138.512 Y90.713 E.12383
G2 X138.732 Y90.335 I-1.7 J-1.24 E.01308
G1 X142.658 Y90.335 E.11727
G1 X142.658 Y89.957 E.0113
G1 X138.707 Y89.957 E.118
G1 X139.044 Y89.547 F18000
;WIDTH:0.419999
G1 F6000
G1 X142.599 Y89.547 E.10588
G1 X142.599 Y87.661 E.05616
G1 X138.783 Y87.661 E.11365
G1 X138.956 Y88.06 E.01296
G1 X139.087 Y88.695 E.01931
G1 X139.084 Y89.34 E.01921
G1 X139.055 Y89.488 E.00448
G1 X139.464 Y89.17 F18000
G1 F6000
G1 X142.222 Y89.17 E.08214
G1 X142.222 Y88.038 E.0337
G1 X139.337 Y88.038 E.08592
G1 X139.462 Y88.65 E.01858
G1 X139.464 Y89.11 E.0137
G1 X139.841 Y88.793 F18000
G1 F6000
G1 X141.845 Y88.793 E.05968
G1 X141.845 Y88.416 E.01123
G1 X139.803 Y88.416 E.06082
G1 X139.835 Y88.733 E.0095
G1 X142.827 Y87.31 F18000
;WIDTH:0.421088
G1 F6000
G1 X138.527 Y87.31 E.12845
G2 X138.231 Y86.932 I-2.949 J2.005 E.01436
G1 X142.658 Y86.932 E.13223
G1 X142.658 Y86.554 E.0113
G1 X137.81 Y86.554 E.14481
G2 X137.125 Y86.175 I-1.488 J1.885 E.02347
G1 X142.658 Y86.175 E.16526
G1 X142.658 Y85.797 E.0113
G1 X77.342 Y85.797 E1.95113
G1 X77.342 Y85.419 E.0113
G1 X142.658 Y85.419 E1.95113
G1 X142.658 Y85.041 E.0113
G1 X77.342 Y85.041 E1.95113
G1 X77.342 Y84.663 E.0113
G1 X142.658 Y84.663 E1.95113
G1 X142.658 Y84.285 E.0113
G1 X77.342 Y84.285 E1.95113
G1 X77.342 Y83.906 E.0113
G1 X142.658 Y83.906 E1.95113
G1 X142.658 Y83.528 E.0113
G1 X77.342 Y83.528 E1.95113
G1 X77.342 Y83.15 E.0113
G1 X142.658 Y83.15 E1.95113
G1 X142.658 Y82.772 E.0113
G1 X77.342 Y82.772 E1.95113
G1 X77.342 Y82.394 E.0113
G1 X142.658 Y82.394 E1.95113
G1 X142.658 Y82.016 E.0113
G1 X77.342 Y82.016 E1.95113
G1 X77.342 Y81.637 E.0113
G1 X142.658 Y81.637 E1.95113
G1 X142.658 Y81.259 E.0113
G1 X77.342 Y81.259 E1.95113
G1 X77.342 Y80.881 E.0113
G1 X142.658 Y80.881 E1.95113
G1 X142.658 Y80.503 E.0113
G1 X77.342 Y80.503 E1.95113
G1 X77.342 Y80.125 E.0113
G1 X142.658 Y80.125 E1.95113
G1 X142.658 Y79.747 E.0113
G1 X77.342 Y79.747 E1.95113
G1 X77.342 Y79.368 E.0113
G1 X142.658 Y79.368 E1.95113
G1 X142.658 Y78.99 E.0113
G1 X77.342 Y78.99 E1.95113
G1 X77.342 Y78.612 E.0113
G1 X142.658 Y78.612 E1.95113
G1 X142.658 Y78.234 E.0113
G1 X77.342 Y78.234 E1.95113
G3 X77.352 Y77.856 I3.621 J-.099 E.01131
G1 X142.648 Y77.856 E1.95057
G1 X142.568 Y77.478 E.01155
G1 X77.432 Y77.478 E1.9458
G1 X77.567 Y77.173 E.00997
G1 X77.621 Y77.099 E.00271
G1 X142.379 Y77.099 E1.93451
G2 X142.039 Y76.721 I-1.061 J.613 E.01532
G1 X77.961 Y76.721 E1.91415
G3 X79.037 Y76.343 I1.052 J1.272 E.03479
G1 X141.741 Y76.343 E1.87311
G1 X142.827 Y92.226 F18000
G1 F6000
G1 X77.342 Y92.226 E1.9562
G1 X77.342 Y92.604 E.0113
G1 X142.658 Y92.604 E1.95113
G1 X142.658 Y92.982 E.0113
G1 X77.342 Y92.982 E1.95113
G1 X77.342 Y93.361 E.0113
G1 X142.658 Y93.361 E1.95113
G1 X142.658 Y93.739 E.0113
G1 X77.342 Y93.739 E1.95113
G1 X77.342 Y94.117 E.0113
G1 X142.658 Y94.117 E1.95113
G1 X142.658 Y94.495 E.0113
G1 X77.342 Y94.495 E1.95113
G1 X77.342 Y94.873 E.0113
G1 X142.658 Y94.873 E1.95113
G1 X142.658 Y95.251 E.0113
G1 X77.342 Y95.251 E1.95113
G1 X77.342 Y95.63 E.0113
G1 X142.658 Y95.63 E1.95113
G1 X142.658 Y96.008 E.0113
G1 X77.342 Y96.008 E1.95113
G1 X77.342 Y96.386 E.0113
G1 X142.658 Y96.386 E1.95113
G1 X142.658 Y96.764 E.0113
G1 X77.342 Y96.764 E1.95113
G1 X77.342 Y97.142 E.0113
G1 X142.658 Y97.142 E1.95113
G1 X142.658 Y97.52 E.0113
G1 X77.342 Y97.52 E1.95113
G1 X77.342 Y97.899 E.0113
G1 X142.658 Y97.899 E1.95113
G1 X142.658 Y98.277 E.0113
G1 X77.342 Y98.277 E1.95113
G1 X77.342 Y98.655 E.0113
G1 X142.658 Y98.655 E1.95113
G1 X142.658 Y99.033 E.0113
G1 X77.342 Y99.033 E1.95113
G1 X77.342 Y99.411 E.0113
G1 X142.658 Y99.411 E1.95113
G1 X142.658 Y99.789 E.0113
G1 X77.342 Y99.789 E1.95113
G1 X77.342 Y100.168 E.0113
G1 X142.658 Y100.168 E1.95113
G1 X142.658 Y100.546 E.0113
G1 X77.342 Y100.546 E1.95113
G1 X77.342 Y100.924 E.0113
G1 X142.658 Y100.924 E1.95113
G1 X142.658 Y101.302 E.0113
G1 X77.342 Y101.302 E1.95113
G1 X77.342 Y101.68 E.0113
G1 X142.658 Y101.68 E1.95113
G1 X142.658 Y102.058 E.0113
G1 X77.342 Y102.058 E1.95113
G1 X77.342 Y102.437 E.0113
G1 X142.658 Y102.437 E1.95113
G1 X142.658 Y102.815 E.0113
G1 X77.342 Y102.815 E1.95113
G1 X77.342 Y103.193 E.0113
G1 X102.958 Y103.193 E.76519
G1 X102.958 Y103.571 E.0113
G1 X77.342 Y103.571 E.76519
G1 X77.342 Y103.949 E.0113
G1 X102.958 Y103.949 E.76519
G1 X102.958 Y104.327 E.0113
G1 X77.342 Y104.327 E.76519
G1 X77.342 Y104.706 E.0113
G1 X102.958 Y104.706 E.76519
G1 X102.958 Y105.084 E.0113
G1 X77.342 Y105.084 E.76519
G1 X77.342 Y105.462 E.0113
G1 X102.958 Y105.462 E.76519
G1 X102.958 Y105.84 E.0113
G1 X77.342 Y105.84 E.76519
G1 X77.342 Y106.218 E.0113
G1 X102.958 Y106.218 E.76519
G1 X102.958 Y106.596 E.0113
G1 X77.342 Y106.596 E.76519
G1 X77.342 Y106.975 E.0113
G1 X102.958 Y106.975 E.76519
G1 X102.958 Y107.353 E.0113
G1 X77.342 Y107.353 E.76519
G1 X77.342 Y107.731 E.0113
G1 X102.958 Y107.731 E.76519
G1 X102.958 Y108.109 E.0113
G1 X77.342 Y108.109 E.76519
G1 X77.342 Y108.487 E.0113
G1 X102.958 Y108.487 E.76519
G1 X102.958 Y108.865 E.0113
G1 X77.342 Y108.865 E.76519
G1 X77.342 Y109.244 E.0113
G1 X102.958 Y109.244 E.76519
G1 X102.958 Y109.622 E.0113
G1 X77.342 Y109.622 E.76519
G1 X77.342 Y110 E.0113
G1 X102.958 Y110 E.76519
G1 X102.958 Y110.378 E.0113
G1 X77.342 Y110.378 E.76519
G1 X77.342 Y110.756 E.0113
G1 X102.958 Y110.756 E.76519
G1 X102.958 Y111.134 E.0113
G1 X77.342 Y111.134 E.76519
G1 X77.342 Y111.513 E.0113
G1 X102.958 Y111.513 E.76519
G1 X102.958 Y111.891 E.0113
G1 X77.342 Y111.891 E.76519
G1 X77.342 Y112.269 E.0113
G1 X102.958 Y112.269 E.76519
G1 X102.958 Y112.647 E.0113
G1 X77.342 Y112.647 E.76519
G1 X77.342 Y113.025 E.0113
G1 X102.958 Y113.025 E.76519
G1 X102.958 Y113.403 E.0113
G1 X77.342 Y113.403 E.76519
G1 X77.342 Y113.782 E.0113
G1 X102.958 Y113.782 E.76519
G1 X102.958 Y114.16 E.0113
G1 X77.342 Y114.16 E.76519
G1 X77.342 Y114.538 E.0113
G1 X102.958 Y114.538 E.76519
G1 X102.958 Y114.916 E.0113
G1 X77.342 Y114.916 E.76519
G1 X77.342 Y115.294 E.0113
G1 X102.958 Y115.294 E.76519
G1 X102.958 Y115.672 E.0113
G1 X77.342 Y115.672 E.76519
G1 X77.342 Y116.051 E.0113
G1 X102.958 Y116.051 E.76519
G1 X102.958 Y116.429 E.0113
G1 X77.342 Y116.429 E.76519
G1 X77.342 Y116.807 E.0113
G1 X102.958 Y116.807 E.76519
G1 X102.958 Y117.042 E.00703
G1 X117.042 Y117.042 E.42075
G1 X117.042 Y116.807 E.00703
G1 X142.658 Y116.807 E.76519
G1 X142.658 Y116.429 E.0113
G1 X117.042 Y116.429 E.76519
G1 X117.042 Y116.051 E.0113
G1 X142.658 Y116.051 E.76519
G1 X142.658 Y115.672 E.0113
G1 X117.042 Y115.672 E.76519
G1 X117.042 Y115.294 E.0113
G1 X142.658 Y115.294 E.76519
G1 X142.658 Y114.916 E.0113
G1 X117.042 Y114.916 E.76519
G1 X117.042 Y114.538 E.0113
G1 X142.658 Y114.538 E.76519
G1 X142.658 Y114.16 E.0113
G1 X117.042 Y114.16 E.76519
G1 X117.042 Y113.782 E.0113
G1 X142.658 Y113.782 E.76519
G1 X142.658 Y113.403 E.0113
G1 X117.042 Y113.403 E.76519
G1 X117.042 Y113.025 E.0113
G1 X142.658 Y113.025 E.76519
G1 X142.658 Y112.647 E.0113
G1 X117.042 Y112.647 E.76519
G1 X117.042 Y112.269 E.0113
G1 X142.658 Y112.269 E.76519
G1 X142.658 Y111.891 E.0113
G1 X117.042 Y111.891 E.76519
G1 X117.042 Y111.513 E.0113
G1 X142.658 Y111.513 E.76519
G1 X142.658 Y111.134 E.0113
G1 X117.042 Y111.134 E.76519
G1 X117.042 Y110.756 E.0113
G1 X142.658 Y110.756 E.76519
G1 X142.658 Y110.378 E.0113
G1 X117.042 Y110.378 E.76519
G1 X117.042 Y110 E.0113
G1 X142.658 Y110 E.76519
G1 X142.658 Y109.622 E.0113
G1 X117.042 Y109.622 E.76519
G1 X117.042 Y109.244 E.0113
G1 X142.658 Y109.244 E.76519
G1 X142.658 Y108.865 E.0113
G1 X117.042 Y108.865 E.76519
G1 X117.042 Y108.487 E.0113
G1 X142.658 Y108.487 E.76519
G1 X142.658 Y108.109 E.0113
G1 X117.042 Y108.109 E.76519
G1 X117.042 Y107.731 E.0113
G1 X142.658 Y107.731 E.76519
G1 X142.658 Y107.353 E.0113
G1 X117.042 Y107.353 E.76519
G1 X117.042 Y106.975 E.0113
G1 X142.658 Y106.975 E.76519
G1 X142.658 Y106.596 E.0113
G1 X117.042 Y106.596 E.76519
G1 X117.042 Y106.218 E.0113
G1 X142.658 Y106.218 E.76519
G1 X142.658 Y105.84 E.0113
G1 X117.042 Y105.84 E.76519
G1 X117.042 Y105.462 E.0113
G1 X142.658 Y105.462 E.76519
G1 X142.658 Y105.084 E.0113
G1 X117.042 Y105.084 E.76519
G1 X117.042 Y104.706 E.0113
G1 X142.658 Y104.706 E.76519
G1 X142.658 Y104.327 E.0113
G1 X117.042 Y104.327 E.76519
G1 X117.042 Y103.949 E.0113
G1 X142.658 Y103.949 E.76519
G1 X142.658 Y103.571 E.0113
G1 X117.042 Y103.571 E.76519
G1 X117.042 Y103.193 E.0113
G1 X142.827 Y103.193 E.77026
; stop printing object top_plate.stl id:4734322866433739561 copy 0
;LAYER_CHANGE
;Z:4.84
;HEIGHT:0.2
G92 E0 ; zero the extruded length again
; BEFORE_LAYER_CHANGE 23 @ 4.84mm
G1 E-1.75 F6000
;WIPE_START
G1 X141.827 Y103.193 E-.75
;WIPE_END
; AFTER_LAYER_CHANGE 23 @ 4.84mm
;_SET_FAN_SPEED_CHANGING_LAYER
; printing object top_plate.stl id:4734322866433739561 copy 0
G17
G3 Z5.04 I-.608 J-.02 P1  F18000
G1 X140.478 Y144.389 Z5.04
G1 X140.478 Y144.79
G1 Z4.84
G1 E2.5 F6000
M204 P1000
;TYPE:Outer wall
;WIDTH:0.42
G1 F3600
G1 X79.005 Y144.79 E1.83107
G3 X76.21 Y141.995 I.004 J-2.8 E.13074
G1 X76.21 Y78.005 E1.90602
G3 X79.005 Y75.21 I2.8 J.005 E.13074
G1 X140.995 Y75.21 E1.84644
G1 X141.292 Y75.226 E.00886
G3 X143.79 Y78.005 I-.294 J2.777 E.12197
G1 X143.79 Y141.995 E1.90601
G3 X140.995 Y144.79 I-2.8 J-.004 E.13074
G1 X140.538 Y144.79 E.01359
G1 X140.538 Y144.389 F18000
G1 X140.478 Y144.389
G1 X140.478 Y144.398
M204 P1500
;TYPE:Inner wall
;WIDTH:0.45
G1 F6000
G1 X79.016 Y144.398 E1.97641
G3 X76.602 Y141.984 I-.006 J-2.408 E.122
G1 X76.602 Y78.016 E2.057
G3 X79.016 Y75.602 I2.408 J-.006 E.12199
G1 X140.984 Y75.602 E1.99268
G1 X141.251 Y75.616 E.00857
G3 X143.398 Y78.016 I-.259 J2.392 E.11345
G1 X143.398 Y141.984 E2.05699
G3 X140.984 Y144.398 I-2.408 J.006 E.122
G1 X140.538 Y144.398 E.01434
G1 X140.478 Y143.991 F18000
G1 F6000
G1 X79.026 Y143.991 E1.97607
G3 X77.009 Y141.974 I-.016 J-2.001 E.10212
G1 X77.009 Y78.026 E2.05631
G3 X79.026 Y76.009 I2.001 J-.016 E.10212
G1 X140.974 Y76.009 E1.992
G1 X141.208 Y76.021 E.00754
G3 X142.991 Y78.026 I-.241 J2.01 E.09432
G1 X142.991 Y141.974 E2.05631
G3 X140.974 Y143.991 I-2.001 J.016 E.10212
G1 X140.538 Y143.991 E.014
G1 E-1.75
;WIPE_START
G1 X139.538 Y143.991 E-.75
;WIPE_END
G1 X139.538 Y144.389 Z5.04 F18000
G1 X135.8 Y91.301
G1 X135.821 Y90.9
G1 Z4.84
G1 E2.5 F6000
M204 P1000
;TYPE:Outer wall
;WIDTH:0.42
G1 F3600
G1 X136.2 Y90.9 E.01127
G2 X136.397 Y87.131 I-.19 J-1.899 E.16133
G2 X135.934 Y87.093 I-.403 J2.05 E.01387
G2 X135.762 Y90.893 I.075 J1.907 E.169
G1 X135.699 Y91.29 F18000
G1 X135.758 Y91.299
G1 X135.775 Y91.3
G1 X135.776 Y91.291
M204 P1500
;TYPE:Inner wall
;WIDTH:0.45
G1 F6000
G1 X136 Y91.301 E.00722
G2 X136.712 Y86.81 I.008 J-2.301 E.20972
G2 X135.914 Y86.701 I-.695 J2.129 E.02603
G2 X135.716 Y91.283 I.095 J2.299 E.21997
G1 X135.751 Y91.698 F18000
G1 F6000
G1 X136 Y91.71 E.00802
G2 X137.103 Y86.524 I.008 J-2.709 E.23764
G2 X135.892 Y86.295 I-1.108 J2.547 E.03994
G2 X135.691 Y91.691 I.116 J2.706 E.25972
G1 E-1.75
;WIPE_START
G1 X136 Y91.71 E-.2319
G1 X136.283 Y91.696 E-.2128
G1 X136.564 Y91.651 E-.2127
G1 X136.683 Y91.619 E-.0926
;WIPE_END
G1 X136.58 Y91.235 Z5.04 F18000
G1 X138.312 Y131
G1 X138.299 Y131.242
G1 X138.261 Y131.481
G1 X138.199 Y131.714
G1 X138.112 Y131.94
G1 X138.002 Y132.156
G1 X137.87 Y132.359
G1 X137.718 Y132.547
G1 X137.547 Y132.718
G1 X137.359 Y132.87
G1 X137.156 Y133.002
G1 X136.94 Y133.112
G1 X136.714 Y133.199
G1 X136.481 Y133.261
G1 X136.242 Y133.299
G1 X136.2 Y133.301
G1 X136.179 Y132.9
G1 Z4.84
G1 E2.5 F6000
M204 P1000
;TYPE:Outer wall
;WIDTH:0.42
G1 F3600
G1 X136.2 Y132.9 E.00063
G2 X136.397 Y129.131 I-.19 J-1.899 E.16133
G2 X135.934 Y129.093 I-.403 J2.05 E.01387
G2 X135.801 Y132.898 I.075 J1.907 E.17016
G1 X136.119 Y132.9 E.00948
G1 X136.14 Y133.304 F18000
G1 X136.225 Y133.3
G1 X136.224 Y133.291
M204 P1500
;TYPE:Inner wall
;WIDTH:0.45
G1 F6000
G1 X136.241 Y133.289 E.00053
G2 X136.712 Y128.81 I-.232 J-2.289 E.20197
G2 X135.914 Y128.701 I-.695 J2.129 E.02603
G2 X136 Y133.301 I.095 J2.299 E.22912
G1 X136.164 Y133.294 E.00529
G1 X136.249 Y133.698 F18000
G1 F6000
G1 X136.283 Y133.696 E.00111
G2 X137.103 Y128.524 I-.276 J-2.695 E.22851
G2 X135.892 Y128.295 I-1.108 J2.547 E.03994
G2 X136 Y133.71 I.116 J2.706 E.26967
G1 X136.189 Y133.701 E.00609
G1 E-1.75
;WIPE_START
G1 X136.283 Y133.696 E-.07084
G1 X136.564 Y133.651 E-.2127
G1 X136.837 Y133.578 E-.21268
G1 X137.103 Y133.476 E-.21307
G1 X137.151 Y133.452 E-.04071
;WIPE_END
G1 X136.97 Y133.097 Z5.04 F18000
G1 X85.289 Y132.915
G1 X85.156 Y133.002
G1 X84.94 Y133.112
G1 X84.714 Y133.199
G1 X84.481 Y133.261
G1 X84.242 Y133.299
G1 X84 Y133.312
G1 X83.8 Y133.301
G1 X83.821 Y132.9
G1 Z4.84
G1 E2.5 F6000
M204 P1000
;TYPE:Outer wall
;WIDTH:0.42
G1 F3600
G1 X84.2 Y132.9 E.01127
G2 X84.397 Y129.131 I-.19 J-1.899 E.16133
G2 X83.934 Y129.093 I-.403 J2.05 E.01387
G2 X83.762 Y132.893 I.075 J1.907 E.169
G1 X83.699 Y133.29 F18000
G1 X83.758 Y133.299
G1 X83.775 Y133.3
G1 X83.776 Y133.291
M204 P1500
;TYPE:Inner wall
;WIDTH:0.45
G1 F6000
G1 X84 Y133.301 E.00722
G2 X84.712 Y128.81 I.008 J-2.301 E.20972
G2 X83.914 Y128.701 I-.695 J2.129 E.02603
G2 X83.716 Y133.283 I.095 J2.299 E.21997
G1 X83.751 Y133.698 F18000
G1 F6000
G1 X84 Y133.71 E.00802
G2 X85.103 Y128.524 I.008 J-2.709 E.23764
G2 X83.892 Y128.295 I-1.108 J2.547 E.03994
G2 X83.691 Y133.691 I.116 J2.706 E.25972
G1 E-1.75
;WIPE_START
G1 X84 Y133.71 E-.2319
G1 X84.283 Y133.696 E-.2128
G1 X84.564 Y133.651 E-.2127
G1 X84.683 Y133.619 E-.0926
;WIPE_END
G1 X84.58 Y133.235 Z5.04 F18000
G1 X84.714 Y133.199
G1 X84.94 Y133.112
G1 X85.156 Y133.002
G1 X85.359 Y132.87
G1 X85.547 Y132.718
G1 X85.718 Y132.547
G1 X85.87 Y132.359
G1 X86.002 Y132.156
G1 X86.112 Y131.94
G1 X86.199 Y131.714
G1 X86.261 Y131.481
G1 X86.299 Y131.242
G1 X86.312 Y131
G1 X86.299 Y130.758
G1 X86.261 Y130.519
G1 X86.199 Y130.286
G1 X86.112 Y130.06
G1 X86.002 Y129.844
G1 X85.87 Y129.641
G1 X85.718 Y129.453
G1 X85.547 Y129.282
G1 X85.359 Y129.13
G1 X85.156 Y128.998
G1 X84.94 Y128.888
G1 X84.714 Y128.801
G1 X84.585 Y128.767
G1 X83.8 Y91.301
G1 X83.821 Y90.9
G1 Z4.84
G1 E2.5 F6000
M204 P1000
;TYPE:Outer wall
;WIDTH:0.42
G1 F3600
G1 X84.2 Y90.9 E.01127
G2 X84.397 Y87.131 I-.19 J-1.899 E.16133
G2 X83.934 Y87.093 I-.403 J2.05 E.01387
G2 X83.762 Y90.893 I.075 J1.907 E.169
G1 X83.699 Y91.29 F18000
G1 X83.758 Y91.299
G1 X83.775 Y91.3
G1 X83.776 Y91.291
M204 P1500
;TYPE:Inner wall
;WIDTH:0.45
G1 F6000
G1 X84 Y91.301 E.00722
G2 X84.712 Y86.81 I.008 J-2.301 E.20972
G2 X83.914 Y86.701 I-.695 J2.129 E.02603
G2 X83.716 Y91.283 I.095 J2.299 E.21997
G1 X83.751 Y91.698 F18000
G1 F6000
G1 X84 Y91.71 E.00802
G2 X85.103 Y86.524 I.008 J-2.709 E.23764
G2 X83.892 Y86.295 I-1.108 J2.547 E.03994
G2 X83.691 Y91.691 I.116 J2.706 E.25972
G1 E-1.75
;WIPE_START
G1 X84 Y91.71 E-.2319
G1 X84.283 Y91.696 E-.2128
G1 X84.564 Y91.651 E-.2127
G1 X84.683 Y91.619 E-.0926
;WIPE_END
G1 X84.58 Y91.235 Z5.04 F18000
G1 X103.689 Y116.311
G1 X116.311 Y116.311
G1 X116.311 Y115.91
G1 X115.91 Y115.91
G1 Z4.84
G1 E2.5 F6000
M204 P1000
;TYPE:Outer wall
;WIDTH:0.42
G1 F3600
G1 X115.91 Y104.09 E.35208
G1 X104.09 Y104.09 E.35208
G1 X104.09 Y115.91 E.35208
G1 X115.85 Y115.91 E.35029
G1 X115.85 Y116.311 F18000
G1 X116.311 Y116.311
G1 X116.311 Y116.302
G1 X116.302 Y116.302
M204 P1500
;TYPE:Inner wall
;WIDTH:0.45
G1 F6000
G1 X116.302 Y103.698 E.4053
G1 X103.698 Y103.698 E.4053
G1 X103.698 Y116.302 E.4053
G1 X116.242 Y116.302 E.40337
G1 X116.709 Y116.709 F18000
G1 F6000
G1 X116.709 Y103.291 E.43148
G1 X103.291 Y103.291 E.43148
G1 X103.291 Y116.709 E.43148
G1 X116.649 Y116.709 E.42955
G1 X133.219 Y130.289 F18000
M204 P2000
;TYPE:Internal solid infill
;WIDTH:0.420461
G1 F6000
G1 X133.219 Y90.238 E1.19443
G2 X133.596 Y90.863 I2.158 J-.878 E.02185
G1 X133.596 Y129.137 E1.14147
G3 X133.974 Y128.729 I3.113 J2.498 E.0166
G1 X133.974 Y91.271 E1.1171
G2 X134.351 Y91.554 I1.53 J-1.647 E.0141
G1 X134.351 Y128.446 E1.10021
G3 X134.729 Y128.235 I1.195 J1.702 E.01291
G1 X134.729 Y91.765 E1.08767
G2 X135.106 Y91.908 I1.816 J-4.209 E.01205
G1 X135.106 Y128.092 E1.07911
G3 X135.484 Y128.007 I.479 J1.254 E.01158
G1 X135.484 Y91.996 E1.07396
G2 X135.862 Y92.037 I.383 J-1.781 E.01135
G1 X135.862 Y127.963 E1.07142
G1 X136.239 Y127.97 E.01126
G1 X136.239 Y92.032 E1.07178
G2 X136.617 Y91.98 I-.056 J-1.827 E.01138
G1 X136.617 Y128.02 E1.0748
G3 X136.994 Y128.125 I-1.217 J5.082 E.01169
G1 X136.994 Y91.875 E1.08109
G2 X137.372 Y91.713 I-.576 J-1.866 E.01227
G1 X137.372 Y128.287 E1.09074
G3 X137.749 Y128.511 I-.884 J1.919 E.01312
G1 X137.749 Y91.489 E1.1041
G2 X138.127 Y91.173 I-2.048 J-2.828 E.0147
G1 X138.127 Y128.827 E1.12298
G3 X138.504 Y129.274 I-2.26 J2.292 E.01747
G1 X138.504 Y90.726 E1.14963
G2 X138.753 Y90.294 I-1.941 J-1.404 E.01487
G1 X138.882 Y90.294 E.00385
G1 X138.882 Y130.024 E1.18486
G3 X138.95 Y130.265 I-1.111 J.447 E.00748
G1 X139.259 Y130.265 E.00921
G1 X139.259 Y90.294 E1.19204
G1 X139.637 Y90.294 E.01126
G1 X139.637 Y130.265 E1.19204
G1 X140.015 Y130.265 E.01126
G1 X140.015 Y90.294 E1.19204
G1 X140.392 Y90.294 E.01126
G1 X140.392 Y130.265 E1.19204
G1 X140.77 Y130.265 E.01126
G1 X140.77 Y90.294 E1.19204
G1 X141.147 Y90.294 E.01126
G1 X141.147 Y130.265 E1.19204
G1 X141.525 Y130.265 E.01126
G1 X141.525 Y90.294 E1.19204
G1 X141.902 Y90.294 E.01126
G1 X141.902 Y130.265 E1.19204
G1 X142.28 Y130.265 E.01126
G1 X142.28 Y90.294 E1.19204
G1 X142.657 Y90.294 E.01126
G1 X142.657 Y130.434 E1.1971
G1 X139.047 Y130.453 F18000
;WIDTH:0.419999
G1 F6000
G1 X139.102 Y131.02 E.01695
G1 X139.03 Y131.664 E.01931
G1 X138.794 Y132.339 E.02129
G1 X142.599 Y132.339 E.11332
G1 X142.599 Y130.453 E.05616
G1 X139.107 Y130.453 E.10402
G1 X139.465 Y130.83 F18000
G1 F6000
G3 X139.389 Y131.781 I-4.889 J.084 E.02844
G1 X139.33 Y131.962 E.00567
G1 X142.222 Y131.962 E.08613
G1 X142.222 Y130.83 E.0337
G1 X139.525 Y130.83 E.08031
G1 X139.841 Y131.207 F18000
;WIDTH:0.42
G1 F6000
G1 X139.801 Y131.585 E.01129
G1 X141.845 Y131.585 E.06087
G1 X141.845 Y131.207 E.01123
G1 X139.901 Y131.207 E.05791
G1 X142.657 Y142.74 F18000
;WIDTH:0.420461
G1 F6000
G1 X142.657 Y132.527 E.30458
G1 X142.28 Y132.527 E.01126
G1 X142.28 Y143.038 E.31346
G1 X142.229 Y143.107 E.00255
G1 X141.972 Y143.338 E.01032
G1 X141.902 Y143.379 E.00242
G1 X141.902 Y132.527 E.32363
G1 X141.525 Y132.527 E.01126
G1 X141.525 Y143.559 E.32902
G3 X141.147 Y143.638 I-.371 J-.836 E.01159
G1 X141.147 Y132.527 E.33136
G1 X140.77 Y132.527 E.01126
G1 X140.77 Y143.658 E.33194
G1 X140.392 Y143.658 E.01126
G1 X140.392 Y132.527 E.33194
G1 X140.015 Y132.527 E.01126
G1 X140.015 Y143.658 E.33194
G1 X139.637 Y143.658 E.01126
G1 X139.637 Y132.527 E.33194
G1 X139.259 Y132.527 E.01126
G1 X139.259 Y143.658 E.33194
G1 X138.882 Y143.658 E.01126
G1 X138.882 Y132.527 E.33194
G1 X138.633 Y132.527 E.00742
G1 X138.504 Y132.726 E.00706
G1 X138.504 Y143.658 E.32602
G1 X138.127 Y143.658 E.01126
G1 X138.127 Y133.173 E.31269
G3 X137.749 Y133.489 I-2.426 J-2.511 E.0147
G1 X137.749 Y143.658 E.30326
G1 X137.372 Y143.658 E.01126
G1 X137.372 Y133.713 E.29657
G3 X136.994 Y133.875 I-.953 J-1.704 E.01227
G1 X136.994 Y143.658 E.29175
G1 X136.617 Y143.658 E.01126
G1 X136.617 Y133.98 E.2886
G3 X136.239 Y134.032 I-.434 J-1.775 E.01138
G1 X136.239 Y143.658 E.28707
G1 X135.862 Y143.658 E.01126
G1 X135.862 Y134.037 E.28691
G3 X135.484 Y133.996 I.006 J-1.821 E.01135
G1 X135.484 Y143.658 E.28813
G1 X135.106 Y143.658 E.01126
G1 X135.106 Y133.908 E.29076
G3 X134.729 Y133.765 I1.439 J-4.353 E.01205
G1 X134.729 Y143.658 E.29504
G1 X134.351 Y143.658 E.01126
G1 X134.351 Y133.554 E.30131
G3 X133.974 Y133.271 I1.153 J-1.93 E.0141
G1 X133.974 Y143.658 E.30975
G1 X133.596 Y143.658 E.01126
G1 X133.596 Y132.863 E.32194
G3 X133.219 Y132.238 I1.78 J-1.503 E.02185
G1 X133.219 Y143.658 E.34056
G1 X132.841 Y143.658 E.01126
G1 X132.841 Y76.342 E2.00754
G1 X133.219 Y76.342 E.01126
G1 X133.219 Y87.762 E.34055
G3 X133.596 Y87.137 I3.055 J1.421 E.0218
G1 X133.596 Y76.342 E.32194
G1 X133.974 Y76.342 E.01126
G1 X133.974 Y86.729 E.30975
G3 X134.351 Y86.446 I1.53 J1.647 E.0141
G1 X134.351 Y76.342 E.30131
G1 X134.729 Y76.342 E.01126
G1 X134.729 Y86.235 E.29504
G3 X135.106 Y86.092 I1.816 J4.208 E.01205
G1 X135.106 Y76.342 E.29076
G1 X135.484 Y76.342 E.01126
G1 X135.484 Y86.007 E.28824
G1 X135.862 Y85.963 E.01134
G1 X135.862 Y76.342 E.28692
G1 X136.239 Y76.342 E.01126
G1 X136.239 Y85.97 E.28712
G3 X136.617 Y86.02 I.003 J1.432 E.01139
G1 X136.617 Y76.342 E.2886
G1 X136.994 Y76.342 E.01126
G1 X136.994 Y86.125 E.29175
G3 X137.372 Y86.287 I-.576 J1.866 E.01227
G1 X137.372 Y76.342 E.29657
G1 X137.749 Y76.342 E.01126
G1 X137.749 Y86.511 E.30326
G3 X138.127 Y86.827 I-2.049 J2.828 E.0147
G1 X138.127 Y76.342 E.31269
G1 X138.504 Y76.342 E.01126
G1 X138.504 Y87.274 E.32602
G3 X138.882 Y88.024 I-2.677 J1.818 E.02511
G1 X138.882 Y76.342 E.34838
G1 X139.259 Y76.342 E.01126
G1 X139.259 Y88.409 E.35986
G1 X139.637 Y88.409 E.01126
G1 X139.637 Y76.342 E.35986
G1 X140.015 Y76.342 E.01126
G1 X140.015 Y88.409 E.35986
G1 X140.392 Y88.409 E.01126
G1 X140.392 Y76.342 E.35986
G1 X140.77 Y76.342 E.01126
G1 X140.77 Y88.409 E.35986
G1 X141.147 Y88.409 E.01126
G1 X141.147 Y76.352 E.35958
G1 X141.164 Y76.353 E.00051
G1 X141.525 Y76.433 E.01101
G1 X141.525 Y88.409 E.35717
G1 X141.902 Y88.409 E.01126
G1 X141.902 Y76.614 E.35175
G3 X142.28 Y76.962 I-1.317 J1.808 E.01535
G1 X142.28 Y88.409 E.34137
G1 X142.657 Y88.409 E.01126
G1 X142.657 Y77.26 E.3325
G1 X138.89 Y90.106 F18000
;WIDTH:0.419999
G1 F6000
G1 X142.599 Y90.106 E.11046
G1 X142.599 Y88.597 E.04493
G1 X139.074 Y88.597 E.10499
G1 X139.087 Y89.305 E.02107
G1 X138.956 Y89.94 E.01931
G1 X138.912 Y90.05 E.00354
G1 X139.387 Y89.729 F18000
G1 F6000
G1 X142.222 Y89.729 E.08445
G1 X142.222 Y88.975 E.02246
G1 X139.464 Y88.975 E.08214
G1 X139.452 Y89.422 E.01334
G1 X139.399 Y89.67 E.00755
G1 X139.84 Y89.352 F18000
;WIDTH:0.42
G1 F6000
G1 X141.785 Y89.352 E.05792
G1 X116.607 Y76.173 F18000
;WIDTH:0.420461
G1 F6000
G1 X116.607 Y102.958 E.79881
G1 X116.229 Y102.958 E.01126
G1 X116.229 Y76.342 E.79374
G1 X115.852 Y76.342 E.01126
G1 X115.852 Y102.958 E.79374
G1 X115.474 Y102.958 E.01126
G1 X115.474 Y76.342 E.79374
G1 X115.097 Y76.342 E.01126
G1 X115.097 Y102.958 E.79374
G1 X114.719 Y102.958 E.01126
G1 X114.719 Y76.342 E.79374
G1 X114.342 Y76.342 E.01126
G1 X114.342 Y102.958 E.79374
G1 X113.964 Y102.958 E.01126
G1 X113.964 Y76.342 E.79374
G1 X113.587 Y76.342 E.01126
G1 X113.587 Y102.958 E.79374
G1 X113.209 Y102.958 E.01126
G1 X113.209 Y76.342 E.79374
G1 X112.832 Y76.342 E.01126
G1 X112.832 Y102.958 E.79374
G1 X112.454 Y102.958 E.01126
G1 X112.454 Y76.342 E.79374
G1 X112.076 Y76.342 E.01126
G1 X112.076 Y102.958 E.79374
G1 X111.699 Y102.958 E.01126
G1 X111.699 Y76.342 E.79374
G1 X111.321 Y76.342 E.01126
G1 X111.321 Y102.958 E.79374
G1 X110.944 Y102.958 E.01126
G1 X110.944 Y76.342 E.79374
G1 X110.566 Y76.342 E.01126
G1 X110.566 Y102.958 E.79374
G1 X110.189 Y102.958 E.01126
G1 X110.189 Y76.342 E.79374
G1 X109.811 Y76.342 E.01126
G1 X109.811 Y102.958 E.79374
G1 X109.434 Y102.958 E.01126
G1 X109.434 Y76.342 E.79374
G1 X109.056 Y76.342 E.01126
G1 X109.056 Y102.958 E.79374
G1 X108.679 Y102.958 E.01126
G1 X108.679 Y76.342 E.79374
G1 X108.301 Y76.342 E.01126
G1 X108.301 Y102.958 E.79374
G1 X107.924 Y102.958 E.01126
G1 X107.924 Y76.342 E.79374
G1 X107.546 Y76.342 E.01126
G1 X107.546 Y102.958 E.79374
G1 X107.168 Y102.958 E.01126
G1 X107.168 Y76.342 E.79374
G1 X106.791 Y76.342 E.01126
G1 X106.791 Y102.958 E.79374
G1 X106.413 Y102.958 E.01126
G1 X106.413 Y76.342 E.79374
G1 X106.036 Y76.342 E.01126
G1 X106.036 Y102.958 E.79374
G1 X105.658 Y102.958 E.01126
G1 X105.658 Y76.342 E.79374
G1 X105.281 Y76.342 E.01126
G1 X105.281 Y102.958 E.79374
G1 X104.903 Y102.958 E.01126
G1 X104.903 Y76.342 E.79374
G1 X104.526 Y76.342 E.01126
G1 X104.526 Y102.958 E.79374
G1 X104.148 Y102.958 E.01126
G1 X104.148 Y76.342 E.79374
G1 X103.771 Y76.342 E.01126
G1 X103.771 Y102.958 E.79374
G1 X103.393 Y102.958 E.01126
G1 X103.393 Y76.342 E.79374
G1 X103.015 Y76.342 E.01126
G1 X103.015 Y143.658 E2.00754
G1 X103.393 Y143.658 E.01126
G1 X103.393 Y117.042 E.79374
G1 X103.771 Y117.042 E.01126
G1 X103.771 Y143.658 E.79374
G1 X104.148 Y143.658 E.01126
G1 X104.148 Y117.042 E.79374
G1 X104.526 Y117.042 E.01126
G1 X104.526 Y143.658 E.79374
G1 X104.903 Y143.658 E.01126
G1 X104.903 Y117.042 E.79374
G1 X105.281 Y117.042 E.01126
G1 X105.281 Y143.658 E.79374
G1 X105.658 Y143.658 E.01126
G1 X105.658 Y117.042 E.79374
G1 X106.036 Y117.042 E.01126
G1 X106.036 Y143.658 E.79374
G1 X106.413 Y143.658 E.01126
G1 X106.413 Y117.042 E.79374
G1 X106.791 Y117.042 E.01126
G1 X106.791 Y143.658 E.79374
G1 X107.168 Y143.658 E.01126
G1 X107.168 Y117.042 E.79374
G1 X107.546 Y117.042 E.01126
G1 X107.546 Y143.658 E.79374
G1 X107.924 Y143.658 E.01126
G1 X107.924 Y117.042 E.79374
G1 X108.301 Y117.042 E.01126
G1 X108.301 Y143.658 E.79374
G1 X108.679 Y143.658 E.01126
G1 X108.679 Y117.042 E.79374
G1 X109.056 Y117.042 E.01126
G1 X109.056 Y143.658 E.79374
G1 X109.434 Y143.658 E.01126
G1 X109.434 Y117.042 E.79374
G1 X109.811 Y117.042 E.01126
G1 X109.811 Y143.658 E.79374
G1 X110.189 Y143.658 E.01126
G1 X110.189 Y117.042 E.79374
G1 X110.566 Y117.042 E.01126
G1 X110.566 Y143.658 E.79374
G1 X110.944 Y143.658 E.01126
G1 X110.944 Y117.042 E.79374
G1 X111.321 Y117.042 E.01126
G1 X111.321 Y143.658 E.79374
G1 X111.699 Y143.658 E.01126
G1 X111.699 Y117.042 E.79374
G1 X112.076 Y117.042 E.01126
G1 X112.076 Y143.658 E.79374
G1 X112.454 Y143.658 E.01126
G1 X112.454 Y117.042 E.79374
G1 X112.832 Y117.042 E.01126
G1 X112.832 Y143.658 E.79374
G1 X113.209 Y143.658 E.01126
G1 X113.209 Y117.042 E.79374
G1 X113.587 Y117.042 E.01126
G1 X113.587 Y143.658 E.79374
G1 X113.964 Y143.658 E.01126
G1 X113.964 Y117.042 E.79374
G1 X114.342 Y117.042 E.01126
G1 X114.342 Y143.658 E.79374
G1 X114.719 Y143.658 E.01126
G1 X114.719 Y117.042 E.79374
G1 X115.097 Y117.042 E.01126
G1 X115.097 Y143.658 E.79374
G1 X115.474 Y143.658 E.01126
G1 X115.474 Y117.042 E.79374
G1 X115.852 Y117.042 E.01126
G1 X115.852 Y143.658 E.79374
G1 X116.229 Y143.658 E.01126
G1 X116.229 Y117.042 E.79374
G1 X116.607 Y117.042 E.01126
G1 X116.607 Y143.658 E.79374
G1 X116.985 Y143.658 E.01126
G1 X116.985 Y76.342 E2.00754
G1 X117.362 Y76.342 E.01126
G1 X117.362 Y143.658 E2.00754
G1 X117.74 Y143.658 E.01126
G1 X117.74 Y76.342 E2.00754
G1 X118.117 Y76.342 E.01126
G1 X118.117 Y143.658 E2.00754
G1 X118.495 Y143.658 E.01126
G1 X118.495 Y76.342 E2.00754
G1 X118.872 Y76.342 E.01126
G1 X118.872 Y143.658 E2.00754
G1 X119.25 Y143.658 E.01126
G1 X119.25 Y76.342 E2.00754
G1 X119.627 Y76.342 E.01126
G1 X119.627 Y143.658 E2.00754
G1 X120.005 Y143.658 E.01126
G1 X120.005 Y76.342 E2.00754
G1 X120.382 Y76.342 E.01126
G1 X120.382 Y143.658 E2.00754
G1 X120.76 Y143.658 E.01126
G1 X120.76 Y76.342 E2.00754
G1 X121.137 Y76.342 E.01126
G1 X121.137 Y143.658 E2.00754
G1 X121.515 Y143.658 E.01126
G1 X121.515 Y76.342 E2.00754
G1 X121.893 Y76.342 E.01126
G1 X121.893 Y143.658 E2.00754
G1 X122.27 Y143.658 E.01126
G1 X122.27 Y76.342 E2.00754
G1 X122.648 Y76.342 E.01126
G1 X122.648 Y143.658 E2.00754
G1 X123.025 Y143.658 E.01126
G1 X123.025 Y76.342 E2.00754
G1 X123.403 Y76.342 E.01126
G1 X123.403 Y143.658 E2.00754
G1 X123.78 Y143.658 E.01126
G1 X123.78 Y76.342 E2.00754
G1 X124.158 Y76.342 E.01126
G1 X124.158 Y143.658 E2.00754
G1 X124.535 Y143.658 E.01126
G1 X124.535 Y76.342 E2.00754
G1 X124.913 Y76.342 E.01126
G1 X124.913 Y143.658 E2.00754
G1 X125.29 Y143.658 E.01126
G1 X125.29 Y76.342 E2.00754
G1 X125.668 Y76.342 E.01126
G1 X125.668 Y143.658 E2.00754
G1 X126.045 Y143.658 E.01126
G1 X126.045 Y76.342 E2.00754
G1 X126.423 Y76.342 E.01126
G1 X126.423 Y143.658 E2.00754
G1 X126.801 Y143.658 E.01126
G1 X126.801 Y76.342 E2.00754
G1 X127.178 Y76.342 E.01126
G1 X127.178 Y143.658 E2.00754
G1 X127.556 Y143.658 E.01126
G1 X127.556 Y76.342 E2.00754
G1 X127.933 Y76.342 E.01126
G1 X127.933 Y143.658 E2.00754
G1 X128.311 Y143.658 E.01126
G1 X128.311 Y76.342 E2.00754
G1 X128.688 Y76.342 E.01126
G1 X128.688 Y143.658 E2.00754
G1 X129.066 Y143.658 E.01126
G1 X129.066 Y76.342 E2.00754
G1 X129.443 Y76.342 E.01126
G1 X129.443 Y143.658 E2.00754
G1 X129.821 Y143.658 E.01126
G1 X129.821 Y76.342 E2.00754
G1 X130.198 Y76.342 E.01126
G1 X130.198 Y143.658 E2.00754
G1 X130.576 Y143.658 E.01126
G1 X130.576 Y76.342 E2.00754
G1 X130.954 Y76.342 E.01126
G1 X130.954 Y143.658 E2.00754
G1 X131.331 Y143.658 E.01126
G1 X131.331 Y76.342 E2.00754
G1 X131.709 Y76.342 E.01126
G1 X131.709 Y143.658 E2.00754
G1 X132.086 Y143.658 E.01126
G1 X132.086 Y76.342 E2.00754
G1 X132.464 Y76.342 E.01126
G1 X132.464 Y143.827 E2.0126
G1 X102.638 Y143.827 F18000
G1 F6000
G1 X102.638 Y76.342 E2.0126
G1 X102.26 Y76.342 E.01126
G1 X102.26 Y143.658 E2.00754
G1 X101.883 Y143.658 E.01126
G1 X101.883 Y76.342 E2.00754
G1 X101.505 Y76.342 E.01126
G1 X101.505 Y143.658 E2.00754
G1 X101.128 Y143.658 E.01126
G1 X101.128 Y76.342 E2.00754
G1 X100.75 Y76.342 E.01126
G1 X100.75 Y143.658 E2.00754
G1 X100.373 Y143.658 E.01126
G1 X100.373 Y76.342 E2.00754
G1 X99.995 Y76.342 E.01126
G1 X99.995 Y143.658 E2.00754
G1 X99.618 Y143.658 E.01126
G1 X99.618 Y76.342 E2.00754
G1 X99.24 Y76.342 E.01126
G1 X99.24 Y143.658 E2.00754
G1 X98.863 Y143.658 E.01126
G1 X98.863 Y76.342 E2.00754
G1 X98.485 Y76.342 E.01126
G1 X98.485 Y143.658 E2.00754
G1 X98.107 Y143.658 E.01126
G1 X98.107 Y76.342 E2.00754
G1 X97.73 Y76.342 E.01126
G1 X97.73 Y143.658 E2.00754
G1 X97.352 Y143.658 E.01126
G1 X97.352 Y76.342 E2.00754
G1 X96.975 Y76.342 E.01126
G1 X96.975 Y143.658 E2.00754
G1 X96.597 Y143.658 E.01126
G1 X96.597 Y76.342 E2.00754
G1 X96.22 Y76.342 E.01126
G1 X96.22 Y143.658 E2.00754
G1 X95.842 Y143.658 E.01126
G1 X95.842 Y76.342 E2.00754
G1 X95.465 Y76.342 E.01126
G1 X95.465 Y143.658 E2.00754
G1 X95.087 Y143.658 E.01126
G1 X95.087 Y76.342 E2.00754
G1 X94.71 Y76.342 E.01126
G1 X94.71 Y143.658 E2.00754
G1 X94.332 Y143.658 E.01126
G1 X94.332 Y76.342 E2.00754
G1 X93.955 Y76.342 E.01126
G1 X93.955 Y143.658 E2.00754
G1 X93.577 Y143.658 E.01126
G1 X93.577 Y76.342 E2.00754
G1 X93.199 Y76.342 E.01126
G1 X93.199 Y143.658 E2.00754
G1 X92.822 Y143.658 E.01126
G1 X92.822 Y76.342 E2.00754
G1 X92.444 Y76.342 E.01126
G1 X92.444 Y143.658 E2.00754
G1 X92.067 Y143.658 E.01126
G1 X92.067 Y76.342 E2.00754
G1 X91.689 Y76.342 E.01126
G1 X91.689 Y143.658 E2.00754
G1 X91.312 Y143.658 E.01126
G1 X91.312 Y76.342 E2.00754
G1 X90.934 Y76.342 E.01126
G1 X90.934 Y143.658 E2.00754
G1 X90.557 Y143.658 E.01126
G1 X90.557 Y76.342 E2.00754
G1 X90.179 Y76.342 E.01126
G1 X90.179 Y143.658 E2.00754
G1 X89.802 Y143.658 E.01126
G1 X89.802 Y76.342 E2.00754
G1 X89.424 Y76.342 E.01126
G1 X89.424 Y143.658 E2.00754
G1 X89.046 Y143.658 E.01126
G1 X89.046 Y76.342 E2.00754
G1 X88.669 Y76.342 E.01126
G1 X88.669 Y143.658 E2.00754
G1 X88.291 Y143.658 E.01126
G1 X88.291 Y76.342 E2.00754
G1 X87.914 Y76.342 E.01126
G1 X87.914 Y143.658 E2.00754
G1 X87.536 Y143.658 E.01126
G1 X87.536 Y76.342 E2.00754
G1 X87.159 Y76.342 E.01126
G1 X87.159 Y143.658 E2.00754
G1 X86.781 Y143.658 E.01126
G1 X86.781 Y132.238 E.34055
G3 X86.404 Y132.863 I-3.055 J-1.421 E.0218
G1 X86.404 Y143.658 E.32194
G1 X86.026 Y143.658 E.01126
G1 X86.026 Y133.271 E.30975
G3 X85.649 Y133.554 I-1.53 J-1.647 E.0141
G1 X85.649 Y143.658 E.30131
G1 X85.271 Y143.658 E.01126
G1 X85.271 Y133.765 E.29504
G3 X84.894 Y133.908 I-1.816 J-4.208 E.01205
G1 X84.894 Y143.658 E.29076
G1 X84.516 Y143.658 E.01126
G1 X84.516 Y133.996 E.28813
G3 X84.138 Y134.037 I-.383 J-1.78 E.01135
G1 X84.138 Y143.658 E.28691
G1 X83.761 Y143.658 E.01126
G1 X83.761 Y134.032 E.28707
G3 X83.383 Y133.98 I.056 J-1.827 E.01138
G1 X83.383 Y143.658 E.2886
G1 X83.006 Y143.658 E.01126
G1 X83.006 Y133.875 E.29175
G3 X82.628 Y133.713 I.576 J-1.866 E.01227
G1 X82.628 Y143.658 E.29657
G1 X82.251 Y143.658 E.01126
G1 X82.251 Y133.489 E.30326
G3 X81.873 Y133.173 I2.049 J-2.828 E.0147
G1 X81.873 Y143.658 E.31269
G1 X81.496 Y143.658 E.01126
G1 X81.496 Y132.726 E.32602
G1 X81.367 Y132.527 E.00706
G1 X81.118 Y132.527 E.00742
G1 X81.118 Y143.658 E.33194
G1 X80.741 Y143.658 E.01126
G1 X80.741 Y132.527 E.33194
G1 X80.363 Y132.527 E.01126
G1 X80.363 Y143.658 E.33194
G1 X79.985 Y143.658 E.01126
G1 X79.985 Y132.527 E.33194
G1 X79.608 Y132.527 E.01126
G1 X79.608 Y143.658 E.33194
G1 X79.23 Y143.658 E.01126
G1 X79.23 Y132.527 E.33194
G1 X78.853 Y132.527 E.01126
G1 X78.853 Y143.648 E.33166
G1 X78.836 Y143.647 E.00051
G1 X78.475 Y143.567 E.01101
G1 X78.475 Y132.527 E.32925
G1 X78.098 Y132.527 E.01126
G1 X78.098 Y143.378 E.32361
G3 X77.72 Y143.038 I.614 J-1.06 E.01528
G1 X77.72 Y132.527 E.31345
G1 X77.343 Y132.527 E.01126
G1 X77.343 Y142.759 E.30516
G1 X77.343 Y130.434 F18000
G1 F6000
G1 X77.343 Y90.294 E1.1971
G1 X77.72 Y90.294 E.01126
G1 X77.72 Y130.265 E1.19204
G1 X78.098 Y130.265 E.01126
G1 X78.098 Y90.294 E1.19204
G1 X78.475 Y90.294 E.01126
G1 X78.475 Y130.265 E1.19204
G1 X78.853 Y130.265 E.01126
G1 X78.853 Y90.294 E1.19204
G1 X79.23 Y90.294 E.01126
G1 X79.23 Y130.265 E1.19204
G1 X79.608 Y130.265 E.01126
G1 X79.608 Y90.294 E1.19204
G1 X79.985 Y90.294 E.01126
G1 X79.985 Y130.265 E1.19204
G1 X80.363 Y130.265 E.01126
G1 X80.363 Y90.294 E1.19204
G1 X80.741 Y90.294 E.01126
G1 X80.741 Y130.265 E1.19204
G1 X81.05 Y130.265 E.00921
G3 X81.118 Y130.024 I1.18 J.206 E.00748
G1 X81.118 Y90.294 E1.18486
G1 X81.247 Y90.294 E.00385
G2 X81.496 Y90.726 I2.189 J-.973 E.01487
G1 X81.496 Y129.274 E1.14963
G3 X81.873 Y128.827 I2.638 J1.845 E.01747
G1 X81.873 Y91.173 E1.12297
G2 X82.251 Y91.489 I2.426 J-2.511 E.0147
G1 X82.251 Y128.511 E1.1041
G3 X82.628 Y128.287 I1.262 J1.695 E.01312
G1 X82.628 Y91.713 E1.09074
G2 X83.006 Y91.875 I.953 J-1.705 E.01227
G1 X83.006 Y128.125 E1.08109
G3 X83.383 Y128.019 I1.678 J5.257 E.0117
G1 X83.383 Y91.98 E1.07479
G2 X83.761 Y92.032 I.434 J-1.775 E.01138
G1 X83.761 Y127.975 E1.07193
G3 X84.138 Y127.967 I.215 J1.329 E.0113
G1 X84.138 Y92.037 E1.07155
G2 X84.516 Y91.996 I-.006 J-1.821 E.01135
G1 X84.516 Y128.004 E1.07385
G3 X84.894 Y128.092 I-.232 J1.842 E.01158
G1 X84.894 Y91.908 E1.07911
G2 X85.271 Y91.765 I-1.438 J-4.351 E.01205
G1 X85.271 Y128.235 E1.08767
G3 X85.649 Y128.446 I-.817 J1.912 E.01291
G1 X85.649 Y91.554 E1.10021
G2 X86.026 Y91.271 I-1.153 J-1.93 E.0141
G1 X86.026 Y128.729 E1.1171
G3 X86.404 Y129.137 I-2.736 J2.907 E.0166
G1 X86.404 Y90.863 E1.14147
G2 X86.781 Y90.238 I-2.677 J-2.045 E.0218
G1 X86.781 Y130.289 E1.19442
G1 X86.238 Y130.434 F18000
G1 X86.199 Y130.286
G1 X86.112 Y130.06
G1 X86.002 Y129.844
G1 X85.87 Y129.641
G1 X85.718 Y129.453
G1 X85.547 Y129.282
G1 X85.359 Y129.13
G1 X85.156 Y128.998
G1 X84.94 Y128.888
G1 X84.714 Y128.801
G1 X84.481 Y128.739
G1 X84.242 Y128.701
G1 X84 Y128.688
G1 X83.758 Y128.701
G1 X83.519 Y128.739
G1 X83.286 Y128.801
G1 X83.06 Y128.888
G1 X82.844 Y128.998
G1 X82.641 Y129.13
G1 X82.453 Y129.282
G1 X82.282 Y129.453
G1 X82.13 Y129.641
G1 X81.998 Y129.844
G1 X81.888 Y130.06
G1 X81.801 Y130.286
G1 X81.739 Y130.519
G1 X81.73 Y130.576
G1 X80.956 Y130.453
;WIDTH:0.419999
G1 F6000
G1 X77.401 Y130.453 E.10588
G1 X77.401 Y132.339 E.05616
G1 X81.217 Y132.339 E.11365
G1 X81.044 Y131.94 E.01296
G1 X80.913 Y131.305 E.01931
G1 X80.916 Y130.66 E.01921
G1 X80.945 Y130.512 E.00448
G1 X80.536 Y130.83 F18000
G1 F6000
G1 X77.778 Y130.83 E.08214
G1 X77.778 Y131.962 E.0337
G1 X80.663 Y131.962 E.08592
G1 X80.538 Y131.35 E.01858
G1 X80.536 Y130.89 E.0137
G1 X80.159 Y131.207 F18000
G1 F6000
G1 X78.155 Y131.207 E.05968
G1 X78.155 Y131.584 E.01123
G1 X80.197 Y131.584 E.06082
G1 X80.165 Y131.267 E.0095
G1 X78.155 Y89.352 F18000
;WIDTH:0.42
G1 F6000
G1 X80.115 Y89.352 E.05836
G1 X80.6 Y89.729 F18000
;WIDTH:0.419999
G1 F6000
G1 X80.523 Y88.975 E.02258
G1 X77.778 Y88.975 E.08175
G1 X77.778 Y89.729 E.02246
G1 X80.54 Y89.729 E.08227
G1 X81.113 Y90.106 F18000
G1 F6000
G1 X80.962 Y89.626 E.015
G1 X80.898 Y88.981 E.01931
G1 X80.938 Y88.597 E.01147
G1 X77.401 Y88.597 E.10534
G1 X77.401 Y90.106 E.04493
G1 X81.053 Y90.106 E.10878
G1 X77.343 Y88.579 F18000
;WIDTH:0.420461
G1 F6000
G1 X77.343 Y78.03 E.3146
G3 X77.72 Y76.962 I1.67 J-.01 E.03445
G1 X77.72 Y88.409 E.34138
G1 X78.098 Y88.409 E.01126
G1 X78.098 Y76.621 E.35155
G3 X78.475 Y76.441 I.614 J.799 E.01257
G1 X78.475 Y88.409 E.35693
G1 X78.853 Y88.409 E.01126
G1 X78.853 Y76.362 E.35928
G3 X79.23 Y76.342 I.284 J1.84 E.01129
G1 X79.23 Y88.409 E.35986
G1 X79.608 Y88.409 E.01126
G1 X79.608 Y76.342 E.35986
G1 X79.985 Y76.342 E.01126
G1 X79.985 Y88.409 E.35986
G1 X80.363 Y88.409 E.01126
G1 X80.363 Y76.342 E.35986
G1 X80.741 Y76.342 E.01126
G1 X80.741 Y88.409 E.35986
G1 X81.016 Y88.409 E.0082
G3 X81.118 Y88.024 I4.621 J1.026 E.01188
G1 X81.118 Y76.342 E.34838
G1 X81.496 Y76.342 E.01126
G1 X81.496 Y87.274 E.32602
G3 X81.873 Y86.827 I2.638 J1.845 E.01747
G1 X81.873 Y76.342 E.31269
G1 X82.251 Y76.342 E.01126
G1 X82.251 Y86.511 E.30325
G3 X82.628 Y86.287 I1.262 J1.695 E.01312
G1 X82.628 Y76.342 E.29657
G1 X83.006 Y76.342 E.01126
G1 X83.006 Y86.125 E.29175
G3 X83.383 Y86.019 I1.677 J5.257 E.0117
G1 X83.383 Y76.342 E.28859
G1 X83.761 Y76.342 E.01126
G1 X83.761 Y85.975 E.28727
G3 X84.138 Y85.967 I.215 J1.329 E.0113
G1 X84.138 Y76.342 E.28705
G1 X84.516 Y76.342 E.01126
G1 X84.516 Y86.004 E.28813
G3 X84.894 Y86.092 I-.232 J1.842 E.01158
G1 X84.894 Y76.342 E.29076
G1 X85.271 Y76.342 E.01126
G1 X85.271 Y86.235 E.29504
G3 X85.649 Y86.446 I-.817 J1.912 E.01291
G1 X85.649 Y76.342 E.30131
G1 X86.026 Y76.342 E.01126
G1 X86.026 Y86.729 E.30975
G3 X86.404 Y87.137 I-2.736 J2.907 E.0166
G1 X86.404 Y76.342 E.32194
G1 X86.781 Y76.342 E.01126
G1 X86.781 Y88.289 E.35628
; stop printing object top_plate.stl id:4734322866433739561 copy 0
;LAYER_CHANGE
;Z:5.04
;HEIGHT:0.2
G92 E0 ; zero the extruded length again
; BEFORE_LAYER_CHANGE 24 @ 5.04mm
G1 E-1.75 F6000
;WIPE_START
G1 X86.781 Y87.289 E-.75
;WIPE_END
; AFTER_LAYER_CHANGE 24 @ 5.04mm
;_SET_FAN_SPEED_CHANGING_LAYER
; printing object top_plate.stl id:4734322866433739561 copy 0
G17
G3 Z5.24 I-.295 J.532 P1  F18000
G1 X116.311 Y103.689 Z5.24
G1 X116.311 Y116.311
G1 X113.907 Y116.311
G1 X140.526 Y144.389
G1 X140.526 Y144.79
G1 Z5.04
G1 E2.5 F6000
M204 P1000
;TYPE:Outer wall
;WIDTH:0.42
G1 F3600
G1 X79.005 Y144.79 E1.83249
G3 X76.21 Y141.995 I.004 J-2.8 E.13074
G1 X76.21 Y78.005 E1.90602
G3 X79.005 Y75.21 I2.8 J.005 E.13074
G1 X140.995 Y75.21 E1.84644
G1 X141.292 Y75.226 E.00886
G3 X143.79 Y78.005 I-.294 J2.777 E.12197
G1 X143.79 Y141.995 E1.90601
G3 X140.995 Y144.79 I-2.8 J-.004 E.13074
G1 X140.586 Y144.79 E.01216
G1 X140.586 Y144.389 F18000
G1 X140.526 Y144.389
G1 X140.526 Y144.398
M204 P1500
;TYPE:Inner wall
;WIDTH:0.45
G1 F6000
G1 X79.016 Y144.398 E1.97795
G3 X76.602 Y141.984 I-.006 J-2.408 E.122
G1 X76.602 Y78.016 E2.057
G3 X79.016 Y75.602 I2.408 J-.006 E.12199
G1 X140.984 Y75.602 E1.99268
G1 X141.251 Y75.616 E.00857
G3 X143.398 Y78.016 I-.259 J2.392 E.11345
G1 X143.398 Y141.984 E2.05699
G3 X140.984 Y144.398 I-2.408 J.006 E.122
G1 X140.586 Y144.398 E.0128
G1 X140.526 Y143.991 F18000
G1 F6000
G1 X79.026 Y143.991 E1.97761
G3 X77.009 Y141.974 I-.016 J-2.001 E.10212
G1 X77.009 Y78.026 E2.05631
G3 X79.026 Y76.009 I2.001 J-.016 E.10212
G1 X140.974 Y76.009 E1.992
G1 X141.208 Y76.021 E.00754
G3 X142.991 Y78.026 I-.241 J2.01 E.09432
G1 X142.991 Y141.974 E2.05631
G3 X140.974 Y143.991 I-2.001 J.016 E.10212
G1 X140.586 Y143.991 E.01246
G1 E-1.75
;WIPE_START
G1 X139.586 Y143.991 E-.75
;WIPE_END
G1 X139.586 Y144.389 Z5.24 F18000
G1 X135.812 Y91.302
G1 X135.834 Y90.9
G1 Z5.04
G1 E2.5 F6000
M204 P1000
;TYPE:Outer wall
;WIDTH:0.42
G1 F3600
G1 X136.2 Y90.9 E.0109
G2 X136.397 Y87.131 I-.19 J-1.899 E.16135
G2 X135.921 Y87.094 I-.399 J2.023 E.01427
G2 X135.774 Y90.895 I.089 J1.907 E.16892
G1 X135.711 Y91.291 F18000
G1 X135.758 Y91.299
G1 X135.776 Y91.3
G1 X135.776 Y91.291
M204 P1500
;TYPE:Inner wall
;WIDTH:0.45
G1 F6000
G1 X136 Y91.301 E.0072
G2 X136.712 Y86.81 I.009 J-2.301 E.20974
G2 X135.9 Y86.702 I-.695 J2.128 E.02646
G2 X135.717 Y91.283 I.108 J2.298 E.21953
G1 X135.752 Y91.698 F18000
G1 F6000
G1 X136 Y91.711 E.008
G2 X137.103 Y86.524 I.008 J-2.709 E.23769
G2 X135.879 Y86.296 I-1.107 J2.543 E.04037
G2 X135.692 Y91.692 I.129 J2.706 E.25934
G1 E-1.75
;WIPE_START
G1 X136 Y91.711 E-.23151
G1 X136.283 Y91.696 E-.21283
G1 X136.564 Y91.651 E-.2127
G1 X136.683 Y91.619 E-.09296
;WIPE_END
G1 X136.58 Y91.234 Z5.24 F18000
G1 X138.312 Y131
G1 X138.299 Y131.242
G1 X138.261 Y131.481
G1 X138.199 Y131.714
G1 X138.112 Y131.94
G1 X138.002 Y132.156
G1 X137.87 Y132.359
G1 X137.718 Y132.547
G1 X137.547 Y132.718
G1 X137.359 Y132.87
G1 X137.156 Y133.002
G1 X136.94 Y133.112
G1 X136.714 Y133.199
G1 X136.481 Y133.261
G1 X136.242 Y133.299
G1 X136.188 Y133.302
G1 X136.166 Y132.9
G1 Z5.04
G1 E2.5 F6000
M204 P1000
;TYPE:Outer wall
;WIDTH:0.42
G1 F3600
G1 X136.2 Y132.9 E.00099
G2 X136.397 Y129.131 I-.19 J-1.899 E.16135
G2 X135.921 Y129.094 I-.399 J2.023 E.01427
G2 X135.801 Y132.898 I.089 J1.907 E.16972
G1 X136.106 Y132.9 E.00911
G1 X136.128 Y133.305 F18000
G1 X136.224 Y133.3
G1 X136.224 Y133.291
M204 P1500
;TYPE:Inner wall
;WIDTH:0.45
G1 F6000
G1 X136.241 Y133.29 E.00054
G2 X136.712 Y128.81 I-.232 J-2.289 E.20199
G2 X135.9 Y128.702 I-.695 J2.128 E.02646
G2 X136 Y133.301 I.108 J2.298 E.22866
G1 X136.164 Y133.294 E.00527
G1 X136.248 Y133.698 F18000
G1 F6000
G1 X136.283 Y133.697 E.00113
G2 X137.103 Y128.524 I-.276 J-2.695 E.22856
G2 X135.879 Y128.296 I-1.107 J2.543 E.04037
G2 X136 Y133.711 I.129 J2.706 E.26927
G1 X136.188 Y133.701 E.00607
G1 E-1.75
;WIPE_START
G1 X136.283 Y133.697 E-.07131
G1 X136.564 Y133.651 E-.21274
G1 X136.837 Y133.578 E-.21268
G1 X137.103 Y133.476 E-.21307
G1 X137.15 Y133.452 E-.04019
;WIPE_END
G1 X136.969 Y133.097 Z5.24 F18000
G1 X85.29 Y132.915
G1 X85.156 Y133.002
G1 X84.94 Y133.112
G1 X84.714 Y133.199
G1 X84.481 Y133.261
G1 X84.242 Y133.299
G1 X84 Y133.312
G1 X83.812 Y133.302
G1 X83.834 Y132.9
G1 Z5.04
G1 E2.5 F6000
M204 P1000
;TYPE:Outer wall
;WIDTH:0.42
G1 F3600
G1 X84.2 Y132.9 E.0109
G2 X84.397 Y129.131 I-.19 J-1.899 E.16135
G2 X83.921 Y129.094 I-.399 J2.023 E.01427
G2 X83.774 Y132.895 I.089 J1.907 E.16892
G1 X83.711 Y133.291 F18000
G1 X83.758 Y133.299
G1 X83.776 Y133.3
G1 X83.776 Y133.291
M204 P1500
;TYPE:Inner wall
;WIDTH:0.45
G1 F6000
G1 X84 Y133.301 E.0072
G2 X84.712 Y128.81 I.009 J-2.301 E.20974
G2 X83.9 Y128.702 I-.695 J2.128 E.02646
G2 X83.717 Y133.283 I.108 J2.298 E.21953
G1 X83.752 Y133.698 F18000
G1 F6000
G1 X84 Y133.711 E.008
G2 X85.103 Y128.524 I.008 J-2.709 E.23769
G2 X83.879 Y128.296 I-1.107 J2.543 E.04037
G2 X83.692 Y133.692 I.129 J2.706 E.25934
G1 E-1.75
;WIPE_START
G1 X84 Y133.711 E-.23151
G1 X84.283 Y133.696 E-.21283
G1 X84.564 Y133.651 E-.2127
G1 X84.683 Y133.619 E-.09296
;WIPE_END
G1 X84.58 Y133.234 Z5.24 F18000
G1 X84.714 Y133.199
G1 X84.94 Y133.112
G1 X85.156 Y133.002
G1 X85.359 Y132.87
G1 X85.547 Y132.718
G1 X85.718 Y132.547
G1 X85.87 Y132.359
G1 X86.002 Y132.156
G1 X86.112 Y131.94
G1 X86.199 Y131.714
G1 X86.261 Y131.481
G1 X86.299 Y131.242
G1 X86.312 Y131
G1 X86.299 Y130.758
G1 X86.261 Y130.519
G1 X86.199 Y130.286
G1 X86.112 Y130.06
G1 X86.002 Y129.844
G1 X85.87 Y129.641
G1 X85.718 Y129.453
G1 X85.547 Y129.282
G1 X85.359 Y129.13
G1 X85.156 Y128.998
G1 X84.94 Y128.888
G1 X84.714 Y128.801
G1 X84.587 Y128.767
G1 X83.812 Y91.302
G1 X83.834 Y90.9
G1 Z5.04
G1 E2.5 F6000
M204 P1000
;TYPE:Outer wall
;WIDTH:0.42
G1 F3600
G1 X84.2 Y90.9 E.0109
G2 X84.397 Y87.131 I-.19 J-1.899 E.16135
G2 X83.921 Y87.094 I-.399 J2.023 E.01427
G2 X83.774 Y90.895 I.089 J1.907 E.16892
G1 X83.711 Y91.291 F18000
G1 X83.758 Y91.299
G1 X83.776 Y91.3
G1 X83.776 Y91.291
M204 P1500
;TYPE:Inner wall
;WIDTH:0.45
G1 F6000
G1 X84 Y91.301 E.0072
G2 X84.712 Y86.81 I.009 J-2.301 E.20974
G2 X83.9 Y86.702 I-.695 J2.128 E.02646
G2 X83.717 Y91.283 I.108 J2.298 E.21953
G1 X83.752 Y91.698 F18000
G1 F6000
G1 X84 Y91.711 E.008
G2 X85.103 Y86.524 I.008 J-2.709 E.23769
G2 X83.879 Y86.296 I-1.107 J2.543 E.04037
G2 X83.692 Y91.692 I.129 J2.706 E.25934
G1 E-1.75
;WIPE_START
G1 X84 Y91.711 E-.23151
G1 X84.283 Y91.696 E-.21283
G1 X84.564 Y91.651 E-.2127
G1 X84.683 Y91.619 E-.09296
;WIPE_END
G1 X84.58 Y91.234 Z5.24 F18000
G1 X103.689 Y116.311
G1 X116.311 Y116.311
G1 X116.311 Y115.91
G1 X115.91 Y115.91
G1 Z5.04
G1 E2.5 F6000
M204 P1000
;TYPE:Outer wall
;WIDTH:0.42
G1 F3600
G1 X115.91 Y104.09 E.35208
G1 X104.09 Y104.09 E.35208
G1 X104.09 Y115.91 E.35208
G1 X115.85 Y115.91 E.35029
G1 X115.85 Y116.311 F18000
G1 X116.311 Y116.311
G1 X116.311 Y116.302
G1 X116.302 Y116.302
M204 P1500
;TYPE:Inner wall
;WIDTH:0.45
G1 F6000
G1 X116.302 Y103.698 E.4053
G1 X103.698 Y103.698 E.4053
G1 X103.698 Y116.302 E.4053
G1 X116.242 Y116.302 E.40337
G1 X116.709 Y116.709 F18000
G1 F6000
G1 X116.709 Y103.291 E.43148
G1 X103.291 Y103.291 E.43148
G1 X103.291 Y116.709 E.43148
G1 X116.649 Y116.709 E.42955
G1 X117.231 Y117.435 F18000
M204 P2000
;TYPE:Sparse infill
G1 F6205.95
G1 X114.948 Y117.435 E.07343
G1 X141.137 Y143.624 E1.191
G2 X142.543 Y142.543 I-.257 J-1.789 E.05961
G1 X117.435 Y117.435 E1.14183
G1 X117.435 Y115.151 E.07343
G1 X117.435 Y107.283 F18000
G1 F6205.95
G1 X117.435 Y104.999 E.07343
G1 X142.643 Y130.208 E1.14636
G1 X142.643 Y127.721 E.07997
G1 X91.28 Y76.357 E2.33579
G1 X93.563 Y76.357 E.07343
G1 X101.024 Y76.357 F18000
G1 F6205.95
G1 X98.741 Y76.357 E.07343
G1 X142.643 Y120.259 E1.99649
G1 X142.643 Y117.772 E.07997
G1 X101.228 Y76.357 E1.88339
G1 X103.715 Y76.357 E.07997
G1 X142.643 Y115.285 E1.77029
G1 X142.643 Y112.798 E.07997
G1 X106.202 Y76.357 E1.65719
G1 X108.689 Y76.357 E.07997
G1 X142.643 Y110.311 E1.54409
G1 X142.643 Y107.824 E.07997
G1 X111.176 Y76.357 E1.43099
G1 X113.663 Y76.357 E.07997
G1 X142.643 Y105.337 E1.31789
G1 X142.643 Y102.85 E.07997
G1 X116.15 Y76.357 E1.20479
G1 X118.637 Y76.357 E.07997
G1 X142.643 Y100.363 E1.09169
G1 X142.643 Y97.876 E.07997
G1 X136.733 Y91.967 E.26875
G2 X138.286 Y91.032 I-.753 J-3.009 E.05913
G1 X142.643 Y95.389 E.19814
G1 X142.643 Y93.106 E.07343
G1 X141.225 Y76.381 F18000
G1 F6205.95
G3 X142.64 Y77.977 I-.336 J1.723 E.07371
G1 X141.023 Y76.36 E.07352
G2 X138.533 Y76.357 I-1.274 J23.813 E.08011
G1 X142.643 Y80.467 E.1869
G1 X142.643 Y82.954 E.07997
G1 X136.046 Y76.357 E.3
G1 X133.559 Y76.357 E.07997
G1 X142.643 Y85.441 E.4131
G1 X142.643 Y87.928 E.07997
G1 X131.072 Y76.357 E.5262
G1 X128.585 Y76.357 E.07997
G1 X142.643 Y90.415 E.6393
G1 X142.643 Y92.902 E.07997
G1 X139.043 Y89.303 E.16367
G2 X135.706 Y85.966 I-3.036 J-.302 E.17354
G1 X126.098 Y76.357 E.43694
G1 X123.611 Y76.357 E.07997
G1 X133.968 Y86.714 E.471
G2 X133.033 Y88.267 I2.075 J2.306 E.05913
G1 X121.124 Y76.357 E.54161
G1 X123.407 Y76.357 E.07343
G1 X112.717 Y102.565 F18000
G1 F6205.95
G1 X115.001 Y102.565 E.07343
G1 X88.792 Y76.357 E1.19184
G1 X86.305 Y76.357 E.07997
G1 X112.514 Y102.565 E1.19184
G1 X110.027 Y102.565 E.07997
G1 X83.818 Y76.357 E1.19184
G1 X81.331 Y76.357 E.07997
G1 X107.54 Y102.565 E1.19184
G1 X105.053 Y102.565 E.07997
G1 X78.863 Y76.376 E1.191
G2 X77.457 Y77.457 I.257 J1.789 E.05961
G1 X102.565 Y102.565 E1.14183
G1 X102.565 Y104.849 E.07343
G1 X102.928 Y103.087 F18000
;TYPE:Internal solid infill
;WIDTH:0.3832
G1 F6000
G1 X102.929 Y116.94 E.37237
G1 X102.955 Y117.045 E.00289
G1 X103.087 Y117.072 E.00362
G1 X116.94 Y117.071 E.37237
G1 X117.045 Y117.045 E.00289
G1 X117.072 Y116.913 E.00362
G1 X117.072 Y103.087 E.37162
G1 X117.045 Y102.955 E.00362
G1 X116.913 Y102.928 E.00362
G1 X103.06 Y102.929 E.37237
G1 X102.955 Y102.955 E.00289
G1 X102.94 Y103.029 E.00201
G1 X102.565 Y107.743 F18000
;TYPE:Sparse infill
;WIDTH:0.45
G1 F6205.95
G1 X102.565 Y110.027 E.07343
G1 X84.546 Y92.007 E.81946
G2 X86.173 Y91.147 I-.551 J-3.014 E.06011
G1 X102.565 Y107.54 E.74545
G1 X102.565 Y105.053 E.07997
G1 X87.014 Y89.501 E.70722
G2 X83.503 Y85.99 I-3.03 J-.481 E.18603
G1 X77.357 Y79.844 E.27947
G1 X77.357 Y82.331 E.07997
G1 X81.853 Y86.827 E.20442
G2 X80.993 Y88.454 I2.155 J2.178 E.06011
G1 X77.357 Y84.818 E.16534
G1 X77.357 Y87.305 E.07997
G1 X102.565 Y112.514 E1.14636
G1 X102.565 Y115.001 E.07997
G1 X77.357 Y89.792 E1.14636
G1 X77.357 Y87.509 E.07343
G1 X77.357 Y119.84 F18000
G1 F6205.95
G1 X77.357 Y122.124 E.07343
G1 X83.267 Y128.033 E.26875
G2 X81.714 Y128.968 I.753 J3.009 E.05913
G1 X77.357 Y124.611 E.19814
G1 X77.357 Y122.327 E.07343
G1 X77.357 Y129.788 F18000
G1 F6205.95
G1 X77.357 Y132.072 E.07343
G1 X88.928 Y143.643 E.5262
G1 X86.441 Y143.643 E.07997
G1 X77.357 Y134.559 E.4131
G1 X77.357 Y137.046 E.07997
G1 X83.954 Y143.643 E.3
G1 X81.467 Y143.643 E.07997
G1 X77.357 Y139.533 E.1869
G1 X77.365 Y142.027 E.08021
G1 X78.977 Y143.64 E.07333
G3 X77.385 Y142.229 I.122 J-1.742 E.07353
G1 X89.132 Y143.643 F18000
G1 F6205.95
G1 X91.415 Y143.643 E.07343
G1 X77.357 Y129.585 E.6393
G1 X77.357 Y127.098 E.07997
G1 X80.957 Y130.697 E.16367
G2 X84.303 Y134.043 I3.05 J.297 E.1739
G1 X93.902 Y143.643 E.43653
G1 X96.389 Y143.643 E.07997
G1 X86.032 Y133.286 E.471
G2 X86.967 Y131.733 I-2.075 J-2.306 E.05913
G1 X98.876 Y143.643 E.54161
G1 X101.363 Y143.643 E.07997
G1 X77.357 Y119.637 E1.09169
G1 X77.357 Y117.15 E.07997
G1 X103.85 Y143.643 E1.20479
G1 X106.337 Y143.643 E.07997
G1 X77.357 Y114.663 E1.31789
G1 X77.357 Y112.176 E.07997
G1 X108.824 Y143.643 E1.43099
G1 X111.311 Y143.643 E.07997
G1 X77.357 Y109.689 E1.54409
G1 X77.357 Y107.202 E.07997
G1 X113.798 Y143.643 E1.65719
G1 X116.285 Y143.643 E.07997
G1 X77.357 Y104.715 E1.77029
G1 X77.357 Y102.228 E.07997
G1 X118.772 Y143.643 E1.88339
G1 X121.259 Y143.643 E.07997
G1 X77.357 Y99.741 E1.99649
G1 X77.357 Y97.254 E.07997
G1 X123.746 Y143.643 E2.10959
G1 X126.233 Y143.643 E.07997
G1 X77.357 Y94.767 E2.22269
G1 X77.357 Y92.28 E.07997
G1 X128.721 Y143.643 E2.33579
G1 X131.208 Y143.643 E.07997
G1 X104.999 Y117.435 E1.19184
G1 X107.486 Y117.435 E.07997
G1 X133.695 Y143.643 E1.19184
G1 X136.182 Y143.643 E.07997
G1 X109.973 Y117.435 E1.19184
G1 X112.46 Y117.435 E.07997
G1 X138.669 Y143.643 E1.19184
G1 X136.385 Y143.643 E.07343
G1 X136.3 Y134.044 F18000
G1 F6205.95
G3 X132.986 Y130.499 I-.272 J-3.067 E.1797
G1 X117.435 Y114.948 E.70722
G1 X117.435 Y112.46 E.07997
G1 X133.827 Y128.853 E.74545
G3 X135.456 Y127.995 I2.161 J2.13 E.06016
G1 X117.435 Y109.973 E.81957
G1 X117.435 Y107.486 E.07997
G1 X142.643 Y132.695 E1.14636
G1 X142.643 Y135.182 E.07997
G1 X139.007 Y131.546 E.16534
G3 X138.147 Y133.173 I-3.014 J-.551 E.06011
G1 X142.643 Y137.669 E.20442
G1 X142.643 Y140.156 E.07997
G1 X136.501 Y134.014 E.2793
G2 X137.999 Y133.312 I-.671 J-3.384 E.05372
G1 X142.643 Y127.517 F18000
G1 F6205.95
G1 X142.643 Y125.233 E.07343
G1 X93.767 Y76.357 E2.22269
G1 X96.254 Y76.357 E.07997
G1 X142.643 Y122.746 E2.10959
G1 X142.643 Y125.03 E.07343
; stop printing object top_plate.stl id:4734322866433739561 copy 0
;LAYER_CHANGE
;Z:5.24
;HEIGHT:0.2
G92 E0 ; zero the extruded length again
; BEFORE_LAYER_CHANGE 25 @ 5.24mm
G1 E-1.75 F6000
;WIPE_START
G1 F6205.95
G1 X142.643 Y124.03 E-.75
;WIPE_END
; AFTER_LAYER_CHANGE 25 @ 5.24mm
;_SET_FAN_SPEED_CHANGING_LAYER
; printing object top_plate.stl id:4734322866433739561 copy 0
G17
G3 Z5.44 I0 J.608 P1  F18000
G1 X143.389 Y124.03 Z5.44
G1 X140.984 Y144.389
G1 X140.574 Y144.389
G1 X140.574 Y144.79
G1 Z5.24
G1 E2.5 F6000
M204 P1000
;TYPE:Outer wall
;WIDTH:0.42
G1 F3600
G1 X79.005 Y144.79 E1.83391
G3 X76.21 Y141.995 I.004 J-2.8 E.13074
G1 X76.21 Y78.005 E1.90602
G3 X79.005 Y75.21 I2.8 J.005 E.13074
G1 X140.995 Y75.21 E1.84644
G1 X141.292 Y75.226 E.00886
G3 X143.79 Y78.005 I-.294 J2.777 E.12197
G1 X143.79 Y141.995 E1.90601
G3 X140.995 Y144.79 I-2.8 J-.004 E.13074
G1 X140.634 Y144.79 E.01075
G1 X140.634 Y144.389 F18000
G1 X140.574 Y144.389
G1 X140.574 Y144.398
M204 P1500
;TYPE:Inner wall
;WIDTH:0.45
G1 F6000
G1 X79.016 Y144.398 E1.97948
G3 X76.602 Y141.984 I-.006 J-2.408 E.122
G1 X76.602 Y78.016 E2.057
G3 X79.016 Y75.602 I2.408 J-.006 E.12199
G1 X140.984 Y75.602 E1.99268
G1 X141.251 Y75.616 E.00857
G3 X143.398 Y78.016 I-.259 J2.392 E.11345
G1 X143.398 Y141.984 E2.05699
G3 X140.984 Y144.398 I-2.408 J.006 E.122
G1 X140.634 Y144.398 E.01127
G1 X140.574 Y143.991 F18000
G1 F6000
G1 X79.026 Y143.991 E1.97914
G3 X77.009 Y141.974 I-.016 J-2.001 E.10212
G1 X77.009 Y78.026 E2.05631
G3 X79.026 Y76.009 I2.001 J-.016 E.10212
G1 X140.974 Y76.009 E1.992
G1 X141.208 Y76.021 E.00754
G3 X142.991 Y78.026 I-.241 J2.01 E.09432
G1 X142.991 Y141.974 E2.05631
G3 X140.974 Y143.991 I-2.001 J.016 E.10212
G1 X140.634 Y143.991 E.01093
G1 E-1.75
;WIPE_START
G1 X139.634 Y143.991 E-.75
;WIPE_END
G1 X139.634 Y144.389 Z5.44 F18000
G1 X135.825 Y91.303
G1 X135.847 Y90.9
G1 Z5.24
G1 E2.5 F6000
M204 P1000
;TYPE:Outer wall
;WIDTH:0.42
G1 F3600
G1 X136.2 Y90.9 E.01051
G2 X136.397 Y87.131 I-.19 J-1.899 E.16136
G2 X135.907 Y87.094 I-.398 J2.009 E.01466
G2 X135.787 Y90.896 I.103 J1.906 E.1689
G1 X135.724 Y91.294 F18000
G1 X135.758 Y91.299
G1 X135.776 Y91.3
G1 X135.777 Y91.291
M204 P1500
;TYPE:Inner wall
;WIDTH:0.45
G1 F6000
G1 X136 Y91.301 E.00718
G2 X136.712 Y86.81 I.009 J-2.301 E.20975
G2 X135.887 Y86.703 I-.695 J2.129 E.0269
G2 X135.717 Y91.283 I.122 J2.298 E.21912
G1 X135.752 Y91.698 F18000
G1 F6000
G1 X136 Y91.711 E.00798
G2 X137.103 Y86.524 I.008 J-2.709 E.23769
G2 X135.865 Y86.296 I-1.106 J2.541 E.04081
G2 X135.693 Y91.692 I.142 J2.705 E.25892
G1 E-1.75
;WIPE_START
G1 X136 Y91.711 E-.23104
G1 X136.283 Y91.696 E-.21283
G1 X136.564 Y91.651 E-.2127
G1 X136.684 Y91.619 E-.09343
;WIPE_END
G1 X136.581 Y91.234 Z5.44 F18000
G1 X138.312 Y131
G1 X138.299 Y131.242
G1 X138.261 Y131.481
G1 X138.199 Y131.714
G1 X138.112 Y131.94
G1 X138.002 Y132.156
G1 X137.87 Y132.359
G1 X137.718 Y132.547
G1 X137.547 Y132.718
G1 X137.359 Y132.87
G1 X137.156 Y133.002
G1 X136.94 Y133.112
G1 X136.714 Y133.199
G1 X136.481 Y133.261
G1 X136.242 Y133.299
G1 X136.174 Y133.303
G1 X136.153 Y132.9
G1 Z5.24
G1 E2.5 F6000
M204 P1000
;TYPE:Outer wall
;WIDTH:0.42
G1 F3600
G1 X136.2 Y132.9 E.00138
G2 X136.397 Y129.131 I-.19 J-1.899 E.16136
G2 X135.907 Y129.094 I-.398 J2.008 E.01466
G2 X135.801 Y132.898 I.103 J1.906 E.16931
G1 X136.093 Y132.9 E.00872
G1 X136.115 Y133.306 F18000
G1 X136.224 Y133.3
G1 X136.223 Y133.291
M204 P1500
;TYPE:Inner wall
;WIDTH:0.45
G1 F6000
G1 X136.241 Y133.29 E.00056
G2 X136.712 Y128.81 I-.232 J-2.289 E.202
G2 X135.887 Y128.703 I-.695 J2.129 E.0269
G2 X136 Y133.301 I.122 J2.298 E.22823
G1 X136.163 Y133.294 E.00525
G1 X136.248 Y133.698 F18000
G1 F6000
G1 X136.283 Y133.697 E.00115
G2 X137.103 Y128.524 I-.276 J-2.695 E.22856
G2 X135.865 Y128.296 I-1.106 J2.541 E.04081
G2 X136 Y133.711 I.142 J2.705 E.26883
G1 X136.188 Y133.701 E.00605
G1 E-1.75
;WIPE_START
G1 X136.283 Y133.697 E-.07179
G1 X136.564 Y133.651 E-.21274
G1 X136.837 Y133.578 E-.21268
G1 X137.103 Y133.476 E-.21307
G1 X137.15 Y133.452 E-.03972
;WIPE_END
G1 X136.969 Y133.097 Z5.44 F18000
G1 X85.29 Y132.915
G1 X85.156 Y133.002
G1 X84.94 Y133.112
G1 X84.714 Y133.199
G1 X84.481 Y133.261
G1 X84.242 Y133.299
G1 X84 Y133.312
G1 X83.825 Y133.303
G1 X83.847 Y132.9
G1 Z5.24
G1 E2.5 F6000
M204 P1000
;TYPE:Outer wall
;WIDTH:0.42
G1 F3600
G1 X84.2 Y132.9 E.01051
G2 X84.397 Y129.131 I-.19 J-1.899 E.16136
G2 X83.907 Y129.094 I-.398 J2.008 E.01466
G2 X83.787 Y132.896 I.103 J1.906 E.1689
G1 X83.724 Y133.294 F18000
G1 X83.758 Y133.299
G1 X83.776 Y133.3
G1 X83.777 Y133.291
M204 P1500
;TYPE:Inner wall
;WIDTH:0.45
G1 F6000
G1 X84 Y133.301 E.00718
G2 X84.712 Y128.81 I.009 J-2.301 E.20975
G2 X83.887 Y128.703 I-.695 J2.129 E.0269
G2 X83.717 Y133.283 I.122 J2.298 E.21912
G1 X83.752 Y133.698 F18000
G1 F6000
G1 X84 Y133.711 E.00798
G2 X85.103 Y128.524 I.008 J-2.709 E.23769
G2 X83.865 Y128.296 I-1.106 J2.541 E.04081
G2 X83.693 Y133.692 I.142 J2.705 E.25892
G1 E-1.75
;WIPE_START
G1 X84 Y133.711 E-.23103
G1 X84.283 Y133.696 E-.21283
G1 X84.564 Y133.651 E-.2127
G1 X84.684 Y133.619 E-.09343
;WIPE_END
G1 X84.581 Y133.234 Z5.44 F18000
G1 X84.714 Y133.199
G1 X84.94 Y133.112
G1 X85.156 Y133.002
G1 X85.359 Y132.87
G1 X85.547 Y132.718
G1 X85.718 Y132.547
G1 X85.87 Y132.359
G1 X86.002 Y132.156
G1 X86.112 Y131.94
G1 X86.199 Y131.714
G1 X86.261 Y131.481
G1 X86.299 Y131.242
G1 X86.312 Y131
G1 X86.299 Y130.758
G1 X86.261 Y130.519
G1 X86.199 Y130.286
G1 X86.112 Y130.06
G1 X86.002 Y129.844
G1 X85.87 Y129.641
G1 X85.718 Y129.453
G1 X85.547 Y129.282
G1 X85.359 Y129.13
G1 X85.156 Y128.998
G1 X84.94 Y128.888
G1 X84.714 Y128.801
G1 X84.589 Y128.768
G1 X83.825 Y91.303
G1 X83.847 Y90.9
G1 Z5.24
G1 E2.5 F6000
M204 P1000
;TYPE:Outer wall
;WIDTH:0.42
G1 F3600
G1 X84.2 Y90.9 E.01051
G2 X84.397 Y87.131 I-.19 J-1.899 E.16136
G2 X83.907 Y87.094 I-.398 J2.009 E.01466
G2 X83.787 Y90.896 I.103 J1.906 E.1689
G1 X83.724 Y91.294 F18000
G1 X83.758 Y91.299
G1 X83.776 Y91.3
G1 X83.777 Y91.291
M204 P1500
;TYPE:Inner wall
;WIDTH:0.45
G1 F6000
G1 X84 Y91.301 E.00718
G2 X84.712 Y86.81 I.009 J-2.301 E.20975
G2 X83.887 Y86.703 I-.695 J2.129 E.0269
G2 X83.717 Y91.283 I.122 J2.298 E.21912
G1 X83.752 Y91.698 F18000
G1 F6000
G1 X84 Y91.711 E.00798
G2 X85.103 Y86.524 I.008 J-2.709 E.23769
G2 X83.865 Y86.296 I-1.106 J2.541 E.04081
G2 X83.693 Y91.692 I.142 J2.705 E.25892
G1 E-1.75
;WIPE_START
G1 X84 Y91.711 E-.23103
G1 X84.283 Y91.696 E-.21283
G1 X84.564 Y91.651 E-.2127
G1 X84.684 Y91.619 E-.09343
;WIPE_END
G1 X84.581 Y91.234 Z5.44 F18000
G1 X103.689 Y116.311
G1 X116.311 Y116.311
G1 X116.311 Y115.91
G1 X115.91 Y115.91
G1 Z5.24
G1 E2.5 F6000
M204 P1000
;TYPE:Outer wall
;WIDTH:0.42
G1 F3600
G1 X115.91 Y104.09 E.35208
G1 X104.09 Y104.09 E.35208
G1 X104.09 Y115.91 E.35208
G1 X115.85 Y115.91 E.35029
G1 X115.85 Y116.311 F18000
G1 X116.311 Y116.311
G1 X116.311 Y116.302
G1 X116.302 Y116.302
M204 P1500
;TYPE:Inner wall
;WIDTH:0.45
G1 F6000
G1 X116.302 Y103.698 E.4053
G1 X103.698 Y103.698 E.4053
G1 X103.698 Y116.302 E.4053
G1 X116.242 Y116.302 E.40337
G1 X116.709 Y116.709 F18000
G1 F6000
G1 X116.709 Y103.291 E.43148
G1 X103.291 Y103.291 E.43148
G1 X103.291 Y116.709 E.43148
G1 X116.649 Y116.709 E.42955
G1 X120.152 Y117.158 F18000
M204 P500
;TYPE:Internal Bridge
;WIDTH:0.379473
;HEIGHT:0.379473
G1 F2250
M106 S127
G1 X117.295 Y120.015 E.18046
G1 X116.991 Y119.711 E.01918
G1 X119.711 Y116.991 E.17183
G1 X119.547 Y116.827 E.01036
G1 X119.979 Y116.116 E.03719
G1 X116.116 Y119.979 E.24409
G1 X115.28 Y120.487 E.04367
G1 X115.14 Y120.347 E.00882
G1 X120.347 Y115.14 E.32894
G1 X120.044 Y114.837 E.01918
G1 X114.837 Y120.044 E.32894
G1 X114.533 Y119.74 E.01918
G1 X119.74 Y114.533 E.32894
G1 X119.576 Y114.369 E.01036
G1 X120.008 Y113.657 E.03719
G1 X117.069 Y116.597 E.1857
G1 X117.069 Y117.069 E.02106
G1 X116.597 Y117.069 E.02106
G1 X113.657 Y120.008 E.1857
G1 X112.822 Y120.516 E.04367
G1 X112.682 Y120.376 E.00882
G1 X115.99 Y117.069 E.20894
G1 X115.382 Y117.069 E.02713
G1 X112.378 Y120.072 E.18976
G1 X112.075 Y119.769 E.01918
G1 X114.775 Y117.069 E.17058
G1 X114.168 Y117.069 E.02713
G1 X111.199 Y120.037 E.18752
G1 X110.364 Y120.545 E.04367
G1 X110.224 Y120.405 E.00882
G1 X113.56 Y117.069 E.21076
G1 X112.953 Y117.069 E.02713
G1 X109.92 Y120.101 E.19158
G1 X109.617 Y119.798 E.01918
G1 X112.345 Y117.069 E.17239
G1 X111.738 Y117.069 E.02713
G1 X108.741 Y120.066 E.18934
G1 X107.905 Y120.573 E.04367
G1 X107.766 Y120.434 E.00882
G1 X111.131 Y117.069 E.21258
G1 X110.523 Y117.069 E.02713
G1 X107.462 Y120.13 E.1934
G1 X107.158 Y119.826 E.01918
G1 X109.916 Y117.069 E.17421
G1 X109.309 Y117.069 E.02713
G1 X106.855 Y119.523 E.15503
G1 X106.691 Y119.359 E.01036
G1 X105.979 Y119.791 E.03719
G1 X108.701 Y117.069 E.17197
G1 X108.094 Y117.069 E.02713
G1 X105.004 Y120.159 E.19521
G1 X104.7 Y119.855 E.01918
G1 X107.487 Y117.069 E.17603
G1 X106.879 Y117.069 E.02713
G1 X104.396 Y119.551 E.15684
G1 X104.232 Y119.387 E.01036
G1 X103.521 Y119.82 E.03719
G1 X106.272 Y117.069 E.17379
G1 X105.664 Y117.069 E.02713
G1 X102.546 Y120.188 E.19703
G1 X102.242 Y119.884 E.01918
G1 X105.057 Y117.069 E.17785
G1 X104.45 Y117.069 E.02713
G1 X101.938 Y119.58 E.15866
G1 X101.774 Y119.416 E.01036
G1 X101.063 Y119.848 E.03719
G1 X103.842 Y117.069 E.17561
G1 X103.235 Y117.069 E.02713
G1 X100.087 Y120.216 E.19885
G1 X99.784 Y119.913 E.01918
G1 X102.931 Y116.765 E.19885
G1 X102.931 Y116.157 E.02713
G1 X99.785 Y119.304 E.19879
G1 X100.494 Y118.136 E.06105
G1 X100.42 Y118.062 E.0047
G1 X102.931 Y115.55 E.15867
G1 X102.931 Y114.943 E.02713
G1 X100.116 Y117.758 E.17785
G1 X99.812 Y117.454 E.01918
G1 X102.931 Y114.335 E.19704
G1 X102.931 Y113.728 E.02713
G1 X99.813 Y116.846 E.19697
G1 X100.523 Y115.678 E.06105
G1 X100.448 Y115.604 E.0047
G1 X102.931 Y113.121 E.15685
G1 X102.931 Y112.513 E.02713
G1 X100.145 Y115.3 E.17603
G1 X99.841 Y114.996 E.01918
G1 X102.931 Y111.906 E.19522
G1 X102.931 Y111.299 E.02713
G1 X99.842 Y114.388 E.19515
G1 X100.552 Y113.22 E.06105
G1 X100.477 Y113.145 E.0047
G1 X102.931 Y110.691 E.15503
G1 X102.931 Y110.084 E.02713
G1 X100.174 Y112.842 E.17422
G1 X99.87 Y112.538 E.01918
G1 X102.931 Y109.476 E.1934
G1 X102.931 Y108.869 E.02713
G1 X99.871 Y111.93 E.19333
G1 X100.58 Y110.761 E.06105
G1 X100.506 Y110.687 E.0047
G1 X102.931 Y108.262 E.15321
G1 X102.931 Y107.654 E.02713
G1 X100.202 Y110.383 E.1724
G1 X99.899 Y110.08 E.01918
G1 X102.931 Y107.047 E.19158
G1 X102.931 Y106.44 E.02713
G1 X99.9 Y109.471 E.19152
G1 X100.609 Y108.303 E.06105
G1 X100.535 Y108.229 E.0047
G1 X102.931 Y105.832 E.1514
G1 X102.931 Y105.225 E.02713
G1 X100.231 Y107.925 E.17058
G1 X99.927 Y107.621 E.01918
G1 X102.931 Y104.618 E.18976
G1 X102.931 Y104.01 E.02713
G1 X99.487 Y107.454 E.21758
G1 X103.689 Y116.311 F18000
G1 X116.311 Y116.311
G1 X116.311 Y116.183
G1 X116.875 Y116.183
G1 F2250
G1 X120.376 Y112.682 E.22115
G1 X120.072 Y112.378 E.01918
G1 X117.069 Y115.382 E.18976
G1 X117.069 Y114.775 E.02713
G1 X119.769 Y112.075 E.17058
G1 X119.605 Y111.911 E.01036
G1 X120.037 Y111.199 E.03719
G1 X117.069 Y114.168 E.18752
G1 X117.069 Y113.56 E.02713
G1 X120.405 Y110.224 E.21076
G1 X120.101 Y109.92 E.01918
G1 X117.069 Y112.953 E.19158
G1 X117.069 Y112.345 E.02713
G1 X119.798 Y109.617 E.17239
G1 X119.634 Y109.453 E.01036
G1 X120.066 Y108.741 E.03719
G1 X117.069 Y111.738 E.18934
G1 X117.069 Y111.131 E.02713
G1 X120.434 Y107.766 E.21258
G1 X120.13 Y107.462 E.01918
G1 X117.069 Y110.523 E.1934
G1 X117.069 Y109.916 E.02713
G1 X119.826 Y107.158 E.17421
G1 X119.523 Y106.855 E.01918
G1 X117.069 Y109.309 E.15503
G1 X117.069 Y108.701 E.02713
G1 X119.791 Y105.979 E.17197
G1 X120.298 Y105.143 E.04367
G1 X120.159 Y105.004 E.00882
G1 X117.069 Y108.094 E.19521
G1 X117.069 Y107.487 E.02713
G1 X119.855 Y104.7 E.17603
G1 X119.551 Y104.396 E.01918
G1 X117.069 Y106.879 E.15684
G1 X117.069 Y106.272 E.02713
G1 X119.82 Y103.521 E.17379
G1 X120.327 Y102.685 E.04367
G1 X120.188 Y102.546 E.00882
G1 X117.069 Y105.664 E.19703
G1 X117.069 Y105.057 E.02713
G1 X119.884 Y102.242 E.17785
G1 X119.58 Y101.938 E.01918
G1 X117.069 Y104.45 E.15866
G1 X117.069 Y103.842 E.02713
G1 X119.848 Y101.063 E.17561
G1 X120.356 Y100.227 E.04367
G1 X120.216 Y100.087 E.00882
G1 X117.069 Y103.235 E.19885
G1 X117.069 Y102.931 E.01356
G1 X116.765 Y102.931 E.01357
G1 X119.913 Y99.784 E.19885
G1 X119.683 Y99.554 E.01448
G1 X119.304 Y99.785 E.01982
G1 X116.158 Y102.931 E.19879
G1 X115.55 Y102.931 E.02713
G1 X118.062 Y100.42 E.15867
G1 X117.758 Y100.116 E.01918
G1 X114.943 Y102.931 E.17785
G1 X114.335 Y102.931 E.02713
G1 X117.454 Y99.812 E.19704
G1 X117.225 Y99.583 E.01448
G1 X116.846 Y99.813 E.01982
G1 X113.728 Y102.931 E.19697
G1 X113.121 Y102.931 E.02713
G1 X115.604 Y100.448 E.15685
G1 X115.3 Y100.145 E.01918
G1 X112.513 Y102.931 E.17603
G1 X111.906 Y102.931 E.02713
G1 X114.996 Y99.841 E.19522
G1 X114.767 Y99.612 E.01448
G1 X114.388 Y99.842 E.01982
G1 X111.299 Y102.931 E.19515
G1 X110.691 Y102.931 E.02713
G1 X113.145 Y100.477 E.15503
G1 X112.842 Y100.174 E.01918
G1 X110.084 Y102.931 E.17422
G1 X109.476 Y102.931 E.02713
G1 X112.538 Y99.87 E.1934
G1 X112.309 Y99.641 E.01448
G1 X111.93 Y99.871 E.01982
G1 X108.869 Y102.931 E.19333
G1 X108.262 Y102.931 E.02713
G1 X110.687 Y100.506 E.15321
G1 X110.383 Y100.202 E.01918
G1 X107.654 Y102.931 E.1724
G1 X107.047 Y102.931 E.02713
G1 X110.08 Y99.899 E.19158
G1 X109.85 Y99.669 E.01448
G1 X109.471 Y99.9 E.01982
G1 X106.44 Y102.931 E.19152
G1 X105.832 Y102.931 E.02713
G1 X108.229 Y100.535 E.1514
G1 X107.925 Y100.231 E.01918
G1 X105.225 Y102.931 E.17058
G1 X104.618 Y102.931 E.02713
G1 X107.621 Y99.927 E.18976
G1 X107.392 Y99.698 E.01448
G1 X107.013 Y99.928 E.01982
G1 X103.817 Y103.125 E.20191
G1 X106.042 Y100.292 F18000
G1 F2250
G1 X103.403 Y102.931 E.16672
G1 X102.931 Y102.931 E.02106
G1 X102.931 Y103.403 E.02106
G1 X100.564 Y105.771 E.14958
G1 X100.26 Y105.467 E.01918
G1 X105.467 Y100.26 E.32894
G1 X105.163 Y99.956 E.01918
G1 X99.956 Y105.163 E.32894
G1 X99.653 Y104.86 E.01918
G1 X104.86 Y99.653 E.32894
G1 X104.63 Y99.423 E.01448
G1 X104.251 Y99.654 E.01982
G1 X99.654 Y104.251 E.29044
G1 X100.363 Y103.083 E.06105
G1 X100.289 Y103.009 E.0047
G1 X103.009 Y100.289 E.17183
G1 X102.705 Y99.985 E.01918
G1 X99.985 Y102.705 E.17183
G1 X99.681 Y102.401 E.01918
G1 X102.538 Y99.545 E.18046
G1 X99.313 Y102.088 F18000
M204 P2000
;TYPE:Sparse infill
;WIDTH:0.45
;HEIGHT:0.2
G1 F6205.95
M106 S102
G1 X99.045 Y102.357 E.0122
G1 X99.835 Y103.147 E.03593
G1 X99.207 Y104.181 E.03891
G1 X86.173 Y91.147 E.59271
G3 X84.546 Y92.007 I-2.178 J-2.155 E.06011
G1 X99.482 Y106.943 E.67923
G1 X100.11 Y105.909 E.03891
G1 X98.895 Y104.694 E.05524
G1 X99.101 Y104.355 E.01275
G1 X77.357 Y97.457 F18000
G1 F6205.95
G1 X77.357 Y99.741 E.07343
G1 X121.259 Y143.643 E1.99649
G1 X118.772 Y143.643 E.07997
G1 X77.357 Y102.228 E1.88339
G1 X77.357 Y104.715 E.07997
G1 X116.285 Y143.643 E1.77029
G1 X113.798 Y143.643 E.07997
G1 X77.357 Y107.202 E1.65719
G1 X77.357 Y109.689 E.07997
G1 X111.311 Y143.643 E1.54409
G1 X108.824 Y143.643 E.07997
G1 X77.357 Y112.176 E1.43099
G1 X77.357 Y114.663 E.07997
G1 X106.337 Y143.643 E1.31789
G1 X103.85 Y143.643 E.07997
G1 X77.357 Y117.15 E1.20479
G1 X77.357 Y114.866 E.07343
G1 X77.357 Y122.327 F18000
G1 F6205.95
G1 X77.357 Y124.611 E.07343
G1 X81.714 Y128.968 E.19814
G3 X83.267 Y128.033 I2.306 J2.075 E.05913
G1 X77.357 Y122.124 E.26875
G1 X77.357 Y119.637 E.07997
G1 X101.363 Y143.643 E1.09169
G1 X98.876 Y143.643 E.07997
G1 X86.967 Y131.733 E.54161
G3 X86.032 Y133.286 I-3.009 J-.753 E.05913
G1 X96.389 Y143.643 E.471
G1 X93.902 Y143.643 E.07997
G1 X84.303 Y134.043 E.43653
G3 X80.957 Y130.697 I-.297 J-3.05 E.1739
G1 X77.357 Y127.098 E.16367
G1 X77.357 Y129.585 E.07997
G1 X91.415 Y143.643 E.6393
G1 X88.928 Y143.643 E.07997
G1 X77.357 Y132.072 E.5262
G1 X77.357 Y129.788 E.07343
G1 X77.385 Y142.229 F18000
G1 F6205.95
G2 X78.977 Y143.64 I1.714 J-.331 E.07353
G1 X77.365 Y142.027 E.07333
G1 X77.357 Y139.533 E.08021
G1 X81.467 Y143.643 E.1869
G1 X83.954 Y143.643 E.07997
G1 X77.357 Y137.046 E.3
G1 X77.357 Y134.559 E.07997
G1 X86.441 Y143.643 E.4131
G1 X84.158 Y143.643 E.07343
G1 X136.385 Y143.643 F18000
G1 F6205.95
G1 X138.669 Y143.643 E.07343
G1 X115.729 Y120.703 E1.04318
G1 X116.764 Y120.075 E.03891
G1 X117.554 Y120.865 E.03593
G1 X117.966 Y120.453 E.01875
G1 X141.137 Y143.624 E1.05372
G2 X142.543 Y142.543 I-.257 J-1.789 E.05961
G1 X119.21 Y119.21 E1.0611
G1 X120.453 Y117.966 E.05655
G1 X132.986 Y130.499 E.56995
G2 X136.501 Y134.014 I3.014 J.501 E.18669
G1 X142.643 Y140.156 E.2793
G1 X142.643 Y137.669 E.07997
G1 X138.147 Y133.173 E.20442
G2 X139.007 Y131.546 I-2.155 J-2.178 E.06011
G1 X142.643 Y135.182 E.16534
G1 X142.643 Y132.695 E.07997
G1 X120.761 Y110.813 E.99508
G1 X121.073 Y110.3 E.0193
G1 X120.162 Y109.389 E.04143
G1 X120.79 Y108.355 E.03891
G1 X142.643 Y130.208 E.99378
G1 X142.643 Y127.721 E.07997
G1 X120.515 Y105.593 E1.00628
G1 X119.887 Y106.627 E.03891
G1 X121.101 Y107.842 E.05524
G1 X120.895 Y108.181 E.01275
G1 X120.655 Y110.987 F18000
G1 F6205.95
G1 X120.133 Y111.847 E.03237
G1 X121.044 Y112.758 E.04143
G1 X120.732 Y113.271 E.0193
G1 X135.456 Y127.995 E.66959
G2 X133.827 Y128.853 I.532 J2.989 E.06016
G1 X120.703 Y115.729 E.59679
G1 X121.015 Y115.217 E.0193
G1 X120.104 Y114.305 E.04143
G1 X120.627 Y113.445 E.03237
G1 X115.556 Y120.809 F18000
G1 F6205.95
G1 X115.217 Y121.015 E.01275
G1 X114.305 Y120.104 E.04143
G1 X113.271 Y120.732 E.03891
G1 X136.182 Y143.643 E1.04187
G1 X133.695 Y143.643 E.07997
G1 X110.813 Y120.761 E1.04056
G1 X110.3 Y121.073 E.0193
G1 X109.389 Y120.162 E.04143
G1 X108.355 Y120.79 E.03891
G1 X131.208 Y143.643 E1.03925
G1 X128.721 Y143.643 E.07997
G1 X105.593 Y120.515 E1.05175
G1 X105.08 Y120.826 E.0193
G1 X104.169 Y119.915 E.04143
G1 X103.135 Y120.544 E.03891
G1 X126.233 Y143.643 E1.05045
G1 X123.746 Y143.643 E.07997
G1 X100.676 Y120.572 E1.04914
G1 X100.163 Y120.884 E.0193
G1 X99.026 Y119.747 E.05171
G1 X99.338 Y119.234 E.0193
G1 X77.357 Y97.254 E.99958
G1 X77.357 Y94.767 E.07997
G1 X99.367 Y116.776 E1.00089
G1 X99.995 Y115.742 E.03891
G1 X99.084 Y114.83 E.04143
G1 X99.395 Y114.318 E.0193
G1 X77.357 Y92.28 E1.0022
G1 X77.357 Y89.792 E.07997
G1 X99.424 Y111.859 E1.00351
G1 X100.052 Y110.825 E.03891
G1 X99.141 Y109.914 E.04143
G1 X99.453 Y109.401 E.0193
G1 X77.357 Y87.305 E1.00482
G1 X77.357 Y84.818 E.07997
G1 X80.993 Y88.454 E.16534
G3 X81.853 Y86.827 I3.014 J.551 E.06011
G1 X77.357 Y82.331 E.20442
G1 X77.357 Y79.844 E.07997
G1 X83.503 Y85.99 E.27946
G3 X87.014 Y89.501 I.481 J3.03 E.18604
G1 X99.457 Y101.944 E.56587
G1 X100.701 Y100.701 E.05655
G1 X77.457 Y77.457 E1.05703
G3 X78.863 Y76.376 I1.663 J.707 E.05961
G1 X101.944 Y99.457 E1.04965
G1 X102.357 Y99.045 E.01875
G1 X103.147 Y99.835 E.03593
G1 X104.181 Y99.207 E.03891
G1 X81.331 Y76.357 E1.0391
G1 X83.818 Y76.357 E.07997
G1 X106.943 Y99.482 E1.0516
G1 X107.456 Y99.17 E.0193
G1 X108.367 Y100.081 E.04143
G1 X109.401 Y99.453 E.03891
G1 X86.305 Y76.357 E1.05029
G1 X88.792 Y76.357 E.07997
G1 X111.859 Y99.424 E1.04898
G1 X112.372 Y99.113 E.0193
G1 X113.283 Y100.024 E.04143
G1 X114.318 Y99.395 E.03891
G1 X91.28 Y76.357 E1.04768
G1 X93.767 Y76.357 E.07997
G1 X116.776 Y99.367 E1.04637
G1 X117.289 Y99.055 E.0193
G1 X118.2 Y99.966 E.04143
G1 X119.234 Y99.338 E.03891
G1 X96.254 Y76.357 E1.04506
G1 X98.741 Y76.357 E.07997
G1 X142.643 Y120.259 E1.99649
G1 X142.643 Y122.746 E.07997
G1 X120.572 Y100.676 E1.00366
G1 X119.944 Y101.711 E.03891
G1 X120.855 Y102.622 E.04143
G1 X120.544 Y103.135 E.0193
G1 X142.643 Y125.233 E1.00497
G1 X142.643 Y127.517 E.07343
G1 X142.643 Y120.056 F18000
G1 F6205.95
G1 X142.643 Y117.772 E.07343
G1 X101.228 Y76.357 E1.88339
G1 X103.715 Y76.357 E.07997
G1 X142.643 Y115.285 E1.77029
G1 X142.643 Y112.798 E.07997
G1 X106.202 Y76.357 E1.65719
G1 X108.485 Y76.357 E.07343
G1 X130.868 Y76.357 F18000
G1 F6205.95
G1 X128.585 Y76.357 E.07343
G1 X142.643 Y90.415 E.6393
G1 X142.643 Y87.928 E.07997
G1 X131.072 Y76.357 E.5262
G1 X133.559 Y76.357 E.07997
G1 X142.643 Y85.441 E.4131
G1 X142.643 Y82.954 E.07997
G1 X136.046 Y76.357 E.3
G1 X138.533 Y76.357 E.07997
G1 X142.643 Y80.467 E.1869
G2 X142.64 Y77.977 I-23.811 J-1.216 E.08011
G1 X141.023 Y76.36 E.07352
G3 X142.619 Y77.775 I-.074 J1.692 E.0742
G1 X142.643 Y100.16 F18000
G1 F6205.95
G1 X142.643 Y97.876 E.07343
G1 X136.733 Y91.967 E.26875
G2 X138.286 Y91.032 I-.753 J-3.009 E.05913
G1 X142.643 Y95.389 E.19814
G1 X142.643 Y92.902 E.07997
G1 X139.043 Y89.303 E.16367
G2 X135.705 Y85.965 I-3.037 J-.302 E.17356
G1 X126.098 Y76.357 E.43692
G1 X123.611 Y76.357 E.07997
G1 X133.968 Y86.714 E.471
G2 X133.033 Y88.267 I2.075 J2.306 E.05913
G1 X121.124 Y76.357 E.54161
G1 X118.637 Y76.357 E.07997
G1 X142.643 Y100.363 E1.09169
G1 X142.643 Y102.85 E.07997
G1 X116.15 Y76.357 E1.20479
G1 X113.663 Y76.357 E.07997
G1 X142.643 Y105.337 E1.31789
G1 X142.643 Y107.824 E.07997
G1 X111.176 Y76.357 E1.43099
G1 X108.689 Y76.357 E.07997
G1 X142.643 Y110.311 E1.54409
G1 X142.643 Y108.028 E.07343
; stop printing object top_plate.stl id:4734322866433739561 copy 0
;LAYER_CHANGE
;Z:5.44
;HEIGHT:0.2
G92 E0 ; zero the extruded length again
; BEFORE_LAYER_CHANGE 26 @ 5.44mm
G1 E-1.75 F6000
;WIPE_START
G1 F6205.95
G1 X142.643 Y109.028 E-.75
;WIPE_END
; AFTER_LAYER_CHANGE 26 @ 5.44mm
;_SET_FAN_SPEED_CHANGING_LAYER
; printing object top_plate.stl id:4734322866433739561 copy 0
G17
G3 Z5.64 I0 J.608 P1  F18000
G1 X143.389 Y109.028 Z5.64
G1 X140.984 Y144.389
G1 X140.621 Y144.389
G1 X140.621 Y144.79
G1 Z5.44
G1 E2.5 F6000
M204 P1000
;TYPE:Outer wall
;WIDTH:0.42
G1 F3600
G1 X79.005 Y144.79 E1.83531
G3 X76.21 Y141.995 I.004 J-2.8 E.13074
G1 X76.21 Y78.005 E1.90602
G3 X79.005 Y75.21 I2.8 J.005 E.13074
G1 X140.995 Y75.21 E1.84644
G1 X141.292 Y75.226 E.00886
G3 X143.79 Y78.005 I-.294 J2.777 E.12197
G1 X143.79 Y141.995 E1.90601
G3 X140.995 Y144.79 I-2.8 J-.004 E.13074
G1 X140.681 Y144.79 E.00935
G1 X140.681 Y144.389 F18000
G1 X140.621 Y144.389
G1 X140.621 Y144.398
M204 P1500
;TYPE:Inner wall
;WIDTH:0.45
G1 F6000
G1 X79.016 Y144.398 E1.98099
G3 X76.602 Y141.984 I-.006 J-2.408 E.122
G1 X76.602 Y78.016 E2.057
G3 X79.016 Y75.602 I2.408 J-.006 E.12199
G1 X140.984 Y75.602 E1.99268
G1 X141.251 Y75.616 E.00857
G3 X143.398 Y78.016 I-.259 J2.392 E.11345
G1 X143.398 Y141.984 E2.05699
G3 X140.984 Y144.398 I-2.408 J.006 E.122
G1 X140.681 Y144.398 E.00976
G1 X140.621 Y143.991 F18000
G1 F6000
G1 X79.026 Y143.991 E1.98065
G3 X77.009 Y141.974 I-.016 J-2.001 E.10212
G1 X77.009 Y78.026 E2.05631
G3 X79.026 Y76.009 I2.001 J-.016 E.10212
G1 X140.974 Y76.009 E1.992
G1 X141.208 Y76.021 E.00754
G3 X142.991 Y78.026 I-.241 J2.01 E.09432
G1 X142.991 Y141.974 E2.05631
G3 X140.974 Y143.991 I-2.001 J.016 E.10212
G1 X140.681 Y143.991 E.00942
G1 E-1.75
;WIPE_START
G1 X139.681 Y143.991 E-.75
;WIPE_END
G1 X139.681 Y144.389 Z5.64 F18000
G1 X135.839 Y91.303
G1 X135.86 Y90.9
G1 Z5.44
G1 E2.5 F6000
M204 P1000
;TYPE:Outer wall
;WIDTH:0.42
G1 F3600
G1 X136.2 Y90.9 E.01011
G2 X136.397 Y87.131 I-.19 J-1.899 E.16134
G2 X135.894 Y87.095 I-.397 J2.004 E.01506
G2 X135.8 Y90.898 I.116 J1.905 E.16893
G1 X135.737 Y91.296 F18000
G1 X135.758 Y91.299
G1 X135.777 Y91.3
G1 X135.777 Y91.291
M204 P1500
;TYPE:Inner wall
;WIDTH:0.45
G1 F6000
G1 X136 Y91.301 E.00716
G2 X136.712 Y86.81 I.009 J-2.301 E.20974
G2 X135.873 Y86.704 I-.695 J2.131 E.02733
G2 X135.718 Y91.283 I.135 J2.297 E.21872
G1 X135.753 Y91.698 F18000
G1 F6000
G1 X136 Y91.71 E.00796
G2 X137.103 Y86.524 I.008 J-2.709 E.23765
G2 X135.852 Y86.297 I-1.106 J2.54 E.04124
G2 X135.693 Y91.691 I.156 J2.704 E.25847
G1 E-1.75
;WIPE_START
G1 X136 Y91.71 E-.23049
G1 X136.283 Y91.696 E-.2128
G1 X136.564 Y91.651 E-.2127
G1 X136.685 Y91.619 E-.09401
;WIPE_END
G1 X136.582 Y91.234 Z5.64 F18000
G1 X138.312 Y131
G1 X138.299 Y131.242
G1 X138.261 Y131.481
G1 X138.199 Y131.714
G1 X138.112 Y131.94
G1 X138.002 Y132.156
G1 X137.87 Y132.359
G1 X137.718 Y132.547
G1 X137.547 Y132.718
G1 X137.359 Y132.87
G1 X137.156 Y133.002
G1 X136.94 Y133.112
G1 X136.714 Y133.199
G1 X136.481 Y133.261
G1 X136.242 Y133.299
G1 X136.161 Y133.303
G1 X136.14 Y132.9
G1 Z5.44
G1 E2.5 F6000
M204 P1000
;TYPE:Outer wall
;WIDTH:0.42
G1 F3600
G1 X136.2 Y132.9 E.00179
G2 X136.397 Y129.131 I-.19 J-1.899 E.16134
G2 X135.894 Y129.095 I-.397 J2.004 E.01506
G2 X135.801 Y132.898 I.116 J1.905 E.16893
G1 X136.08 Y132.9 E.00831
G1 X136.101 Y133.306 F18000
G1 X136.223 Y133.3
G1 X136.223 Y133.291
M204 P1500
;TYPE:Inner wall
;WIDTH:0.45
G1 F6000
G1 X136.241 Y133.289 E.00059
G2 X136.712 Y128.81 I-.232 J-2.289 E.20199
G2 X135.873 Y128.704 I-.695 J2.131 E.02733
G2 X136 Y133.301 I.135 J2.297 E.2278
G1 X136.163 Y133.294 E.00523
G1 X136.247 Y133.698 F18000
G1 F6000
G1 X136.283 Y133.696 E.00117
G2 X137.103 Y128.524 I-.275 J-2.695 E.22852
G2 X135.852 Y128.297 I-1.106 J2.54 E.04124
G2 X136 Y133.71 I.156 J2.704 E.26836
G1 X136.187 Y133.701 E.00603
G1 E-1.75
;WIPE_START
G1 X136.283 Y133.696 E-.07225
G1 X136.564 Y133.651 E-.2127
G1 X136.837 Y133.578 E-.21268
G1 X137.103 Y133.476 E-.21307
G1 X137.149 Y133.453 E-.0393
;WIPE_END
G1 X136.968 Y133.098 Z5.64 F18000
G1 X85.29 Y132.915
G1 X85.156 Y133.002
G1 X84.94 Y133.112
G1 X84.714 Y133.199
G1 X84.481 Y133.261
G1 X84.242 Y133.299
G1 X84 Y133.312
G1 X83.839 Y133.303
G1 X83.86 Y132.9
G1 Z5.44
G1 E2.5 F6000
M204 P1000
;TYPE:Outer wall
;WIDTH:0.42
G1 F3600
G1 X84.2 Y132.9 E.01011
G2 X84.397 Y129.131 I-.19 J-1.899 E.16134
G2 X83.894 Y129.095 I-.397 J2.004 E.01506
G2 X83.8 Y132.898 I.116 J1.905 E.16893
G1 X83.737 Y133.296 F18000
G1 X83.758 Y133.299
G1 X83.777 Y133.3
G1 X83.777 Y133.291
M204 P1500
;TYPE:Inner wall
;WIDTH:0.45
G1 F6000
G1 X84 Y133.301 E.00716
G2 X84.712 Y128.81 I.009 J-2.301 E.20974
G2 X83.873 Y128.704 I-.695 J2.131 E.02733
G2 X83.718 Y133.283 I.135 J2.297 E.21872
G1 X83.753 Y133.698 F18000
G1 F6000
G1 X84 Y133.71 E.00796
G2 X85.103 Y128.524 I.008 J-2.709 E.23765
G2 X83.852 Y128.297 I-1.106 J2.54 E.04124
G2 X83.693 Y133.691 I.156 J2.704 E.25847
G1 E-1.75
;WIPE_START
G1 X84 Y133.71 E-.23049
G1 X84.283 Y133.696 E-.2128
G1 X84.564 Y133.651 E-.2127
G1 X84.685 Y133.619 E-.09401
;WIPE_END
G1 X84.582 Y133.234 Z5.64 F18000
G1 X84.714 Y133.199
G1 X84.94 Y133.112
G1 X85.156 Y133.002
G1 X85.359 Y132.87
G1 X85.547 Y132.718
G1 X85.718 Y132.547
G1 X85.87 Y132.359
G1 X86.002 Y132.156
G1 X86.112 Y131.94
G1 X86.199 Y131.714
G1 X86.261 Y131.481
G1 X86.299 Y131.242
G1 X86.312 Y131
G1 X86.299 Y130.758
G1 X86.261 Y130.519
G1 X86.199 Y130.286
G1 X86.112 Y130.06
G1 X86.002 Y129.844
G1 X85.87 Y129.641
G1 X85.718 Y129.453
G1 X85.547 Y129.282
G1 X85.359 Y129.13
G1 X85.156 Y128.998
G1 X84.94 Y128.888
G1 X84.714 Y128.801
G1 X84.591 Y128.768
G1 X83.839 Y91.303
G1 X83.86 Y90.9
G1 Z5.44
G1 E2.5 F6000
M204 P1000
;TYPE:Outer wall
;WIDTH:0.42
G1 F3600
G1 X84.2 Y90.9 E.01011
G2 X84.397 Y87.131 I-.19 J-1.899 E.16134
G2 X83.894 Y87.095 I-.397 J2.004 E.01506
G2 X83.8 Y90.898 I.116 J1.905 E.16893
G1 X83.737 Y91.296 F18000
G1 X83.758 Y91.299
G1 X83.777 Y91.3
G1 X83.777 Y91.291
M204 P1500
;TYPE:Inner wall
;WIDTH:0.45
G1 F6000
G1 X84 Y91.301 E.00716
G2 X84.712 Y86.81 I.009 J-2.301 E.20974
G2 X83.873 Y86.704 I-.695 J2.131 E.02733
G2 X83.718 Y91.283 I.135 J2.297 E.21872
G1 X83.753 Y91.698 F18000
G1 F6000
G1 X84 Y91.71 E.00796
G2 X85.103 Y86.524 I.008 J-2.709 E.23765
G2 X83.852 Y86.297 I-1.106 J2.54 E.04124
G2 X83.693 Y91.691 I.156 J2.704 E.25847
G1 E-1.75
;WIPE_START
G1 X84 Y91.71 E-.23049
G1 X84.283 Y91.696 E-.2128
G1 X84.564 Y91.651 E-.2127
G1 X84.685 Y91.619 E-.09401
;WIPE_END
G1 X84.582 Y91.234 Z5.64 F18000
G1 X103.689 Y116.311
G1 X116.311 Y116.311
G1 X116.311 Y115.91
G1 X115.91 Y115.91
G1 Z5.44
G1 E2.5 F6000
M204 P1000
;TYPE:Outer wall
;WIDTH:0.42
G1 F3600
G1 X115.91 Y104.09 E.35208
G1 X104.09 Y104.09 E.35208
G1 X104.09 Y115.91 E.35208
G1 X115.85 Y115.91 E.35029
G1 X115.85 Y116.311 F18000
G1 X116.311 Y116.311
G1 X116.311 Y116.302
G1 X116.302 Y116.302
M204 P1500
;TYPE:Inner wall
;WIDTH:0.45
G1 F6000
G1 X116.302 Y103.698 E.4053
G1 X103.698 Y103.698 E.4053
G1 X103.698 Y116.302 E.4053
G1 X116.242 Y116.302 E.40337
G1 X116.709 Y116.709 F18000
G1 F6000
G1 X116.709 Y103.291 E.43148
G1 X103.291 Y103.291 E.43148
G1 X103.291 Y116.709 E.43148
G1 X116.649 Y116.709 E.42955
G1 X117.923 Y115.095 F18000
M204 P2000
;TYPE:Internal solid infill
;WIDTH:0.55499
G1 F4933.536
G1 X117.923 Y103.977 E.4497
G1 X117.478 Y115.539 F18000
;WIDTH:0.419999
G1 F6000
G1 X118.367 Y115.539 E.02648
G1 X118.367 Y103.473 E.35942
G1 X117.478 Y103.473 E.02648
G1 X117.478 Y115.479 E.35763
G1 X117.101 Y115.916 F18000
;WIDTH:0.419147
G1 F6000
G1 X118.745 Y115.916 E.04884
G1 X118.745 Y103.096 E.38102
G3 X117.093 Y103.047 I-.411 J-14.039 E.04914
G1 X116.913 Y102.997 E.00555
G1 X117.052 Y103.087 E.00494
G1 X117.101 Y103.917 E.02471
G1 X117.101 Y115.856 E.35482
G1 X116.311 Y115.856 F18000
G1 X116.311 Y116.311
G1 X103.689 Y116.311
G1 X103.689 Y115.916
G1 X102.899 Y115.916
;WIDTH:0.419119
G1 F6000
G1 X102.899 Y103.917 E.35658
G1 X102.951 Y103.087 E.02472
G1 X103.072 Y102.998 E.00447
G1 X102.907 Y103.044 E.00507
G3 X101.255 Y103.096 I-1.241 J-13.144 E.04914
G1 X101.255 Y115.916 E.38099
G1 X102.839 Y115.916 E.04705
G1 X102.522 Y115.539 F18000
;WIDTH:0.419999
G1 F6000
G1 X102.522 Y103.473 E.35942
G1 X101.633 Y103.473 E.02648
G1 X101.633 Y115.539 E.35942
G1 X102.462 Y115.539 E.0247
G1 X102.077 Y115.095 F18000
;WIDTH:0.55499
G1 F4933.536
G1 X102.077 Y103.977 E.4497
G1 X103.072 Y102.998 F18000
;WIDTH:0.38292
G1 F6000
G1 X116.853 Y102.997 E.37013
G1 X118.914 Y101.27 F18000
;WIDTH:0.448687
G1 F6000
G1 X101.255 Y101.27 E.56601
G1 X101.255 Y101.676 E.01301
G1 X118.745 Y101.676 E.56057
G1 X118.745 Y102.081 E.01301
G1 X101.255 Y102.081 E.56057
G1 X101.255 Y102.487 E.01301
G1 X118.745 Y102.487 E.56057
G1 X118.745 Y102.893 E.01301
G1 X101.086 Y102.893 E.56601
G1 X100.863 Y103.554 F18000
;TYPE:Sparse infill
;WIDTH:0.45
G1 F6205.95
G1 X100.863 Y105.837 E.07343
G1 X86.173 Y91.147 E.66804
G3 X84.546 Y92.007 I-2.178 J-2.155 E.06011
G1 X100.863 Y108.324 E.74206
G1 X100.863 Y110.608 E.07343
G1 X103.689 Y116.311 F18000
G1 X106.498 Y119.137
G1 F6205.95
G1 X104.215 Y119.137 E.07343
G1 X128.721 Y143.643 E1.11443
G1 X131.208 Y143.643 E.07997
G1 X106.702 Y119.137 E1.11443
G1 X109.189 Y119.137 E.07997
G1 X133.695 Y143.643 E1.11443
G1 X136.182 Y143.643 E.07997
G1 X111.676 Y119.137 E1.11443
G1 X113.959 Y119.137 E.07343
G1 X118.914 Y118.368 F18000
;TYPE:Internal solid infill
;WIDTH:0.42
G1 F6000
G1 X101.255 Y118.368 E.52599
G1 X101.255 Y117.99 E.01123
G1 X118.745 Y117.99 E.52094
G1 X118.745 Y117.613 E.01123
G1 X101.255 Y117.613 E.52094
G1 X101.255 Y117.236 E.01123
G1 X118.914 Y117.236 E.52599
G1 X118.914 Y116.105 F18000
G1 F6000
G1 X117.042 Y116.105 E.05575
G1 X117.042 Y116.482 E.01123
G1 X118.745 Y116.482 E.0507
G1 X118.745 Y116.859 E.01123
G1 X117.042 Y116.859 E.0507
G1 X117.042 Y117.042 E.00546
G1 X102.958 Y117.042 E.41954
G1 X102.958 Y116.859 E.00546
G1 X101.255 Y116.859 E.0507
G1 X101.255 Y116.482 E.01123
G1 X102.958 Y116.482 E.0507
G1 X102.958 Y116.105 E.01123
G1 X101.086 Y116.105 E.05575
G1 X100.863 Y118.069 F18000
;TYPE:Sparse infill
;WIDTH:0.45
G1 F6205.95
G1 X100.863 Y115.785 E.07343
G1 X77.357 Y92.28 E1.06896
G1 X77.357 Y94.767 E.07997
G1 X100.863 Y118.272 E1.06896
G1 X100.863 Y118.896 E.02004
G1 X101.104 Y119.137 E.01096
G1 X101.728 Y119.137 E.02004
G1 X126.233 Y143.643 E1.11443
G1 X123.746 Y143.643 E.07997
G1 X77.357 Y97.254 E2.10959
G1 X77.357 Y99.741 E.07997
G1 X121.259 Y143.643 E1.99649
G1 X118.772 Y143.643 E.07997
G1 X77.357 Y102.228 E1.88339
G1 X77.357 Y104.715 E.07997
G1 X116.285 Y143.643 E1.77029
G1 X113.798 Y143.643 E.07997
G1 X77.357 Y107.202 E1.65719
G1 X77.357 Y109.689 E.07997
G1 X111.311 Y143.643 E1.54409
G1 X108.824 Y143.643 E.07997
G1 X77.357 Y112.176 E1.43099
G1 X77.357 Y114.663 E.07997
G1 X106.337 Y143.643 E1.31789
G1 X103.85 Y143.643 E.07997
G1 X77.357 Y117.15 E1.20479
G1 X77.357 Y114.866 E.07343
G1 X77.357 Y122.327 F18000
G1 F6205.95
G1 X77.357 Y124.611 E.07343
G1 X81.714 Y128.968 E.19814
G3 X83.267 Y128.033 I2.306 J2.075 E.05913
G1 X77.357 Y122.124 E.26875
G1 X77.357 Y119.637 E.07997
G1 X101.363 Y143.643 E1.09169
G1 X98.876 Y143.643 E.07997
G1 X86.967 Y131.733 E.54161
G3 X86.032 Y133.286 I-3.009 J-.753 E.05913
G1 X96.389 Y143.643 E.471
G1 X93.902 Y143.643 E.07997
G1 X84.303 Y134.043 E.43653
G3 X80.957 Y130.697 I-.297 J-3.05 E.1739
G1 X77.357 Y127.098 E.16367
G1 X77.357 Y129.585 E.07997
G1 X91.415 Y143.643 E.6393
G1 X88.928 Y143.643 E.07997
G1 X77.357 Y132.072 E.5262
G1 X77.357 Y129.788 E.07343
G1 X77.385 Y142.229 F18000
G1 F6205.95
G2 X78.977 Y143.64 I1.714 J-.331 E.07353
G1 X77.365 Y142.027 E.07333
G1 X77.357 Y139.533 E.08021
G1 X81.467 Y143.643 E.1869
G1 X83.954 Y143.643 E.07997
G1 X77.357 Y137.046 E.3
G1 X77.357 Y134.559 E.07997
G1 X86.441 Y143.643 E.4131
G1 X84.158 Y143.643 E.07343
G1 X84.158 Y144.389 F18000
G1 X116.311 Y116.311
G1 X119.137 Y111.879
G1 F6205.95
G1 X119.137 Y114.163 E.07343
G1 X133.827 Y128.853 E.66804
G3 X135.456 Y127.995 I2.163 J2.133 E.06016
G1 X119.137 Y111.676 E.74215
G1 X119.137 Y109.189 E.07997
G1 X142.643 Y132.695 E1.06896
G1 X142.643 Y135.182 E.07997
G1 X139.007 Y131.546 E.16534
G3 X138.147 Y133.173 I-3.014 J-.551 E.06011
G1 X142.643 Y137.669 E.20442
G1 X142.643 Y140.156 E.07997
G1 X136.501 Y134.014 E.2793
G3 X132.986 Y130.499 I-.501 J-3.014 E.18669
G1 X119.137 Y116.65 E.62982
G1 X119.137 Y118.896 E.07222
G1 X119.016 Y119.016 E.00548
G1 X142.543 Y142.543 E1.0699
G3 X141.137 Y143.624 I-1.663 J-.707 E.05961
G1 X116.65 Y119.137 E1.11359
G1 X114.163 Y119.137 E.07997
G1 X138.669 Y143.643 E1.11443
G1 X136.385 Y143.643 E.07343
G1 X142.643 Y132.491 F18000
G1 F6205.95
G1 X142.643 Y130.208 E.07343
G1 X119.137 Y106.702 E1.06896
G1 X119.137 Y104.215 E.07997
G1 X142.643 Y127.721 E1.06896
G1 X142.643 Y125.437 E.07343
G1 X142.643 Y108.028 F18000
G1 F6205.95
G1 X142.643 Y110.311 E.07343
G1 X108.689 Y76.357 E1.54409
G1 X111.176 Y76.357 E.07997
G1 X142.643 Y107.824 E1.43099
G1 X142.643 Y105.541 E.07343
G1 X142.619 Y77.775 F18000
G1 F6205.95
G2 X141.023 Y76.36 I-1.671 J.277 E.0742
G1 X142.64 Y77.977 E.07352
G3 X142.643 Y80.467 I-23.808 J1.274 E.08011
G1 X138.533 Y76.357 E.1869
G1 X136.046 Y76.357 E.07997
G1 X142.643 Y82.954 E.3
G1 X142.643 Y85.441 E.07997
G1 X133.559 Y76.357 E.4131
G1 X131.072 Y76.357 E.07997
G1 X142.643 Y87.928 E.5262
G1 X142.643 Y90.415 E.07997
G1 X128.585 Y76.357 E.6393
G1 X130.868 Y76.357 E.07343
G1 X123.407 Y76.357 F18000
G1 F6205.95
G1 X121.124 Y76.357 E.07343
G1 X133.033 Y88.267 E.54161
G3 X133.968 Y86.714 I3.009 J.753 E.05913
G1 X123.611 Y76.357 E.471
G1 X126.098 Y76.357 E.07997
G1 X135.705 Y85.964 E.43689
G3 X139.043 Y89.303 I.301 J3.038 E.17359
G1 X142.643 Y92.902 E.16367
G1 X142.643 Y95.389 E.07997
G1 X138.286 Y91.032 E.19814
G3 X136.733 Y91.967 I-2.306 J-2.075 E.05913
G1 X142.643 Y97.876 E.26875
G1 X142.643 Y100.363 E.07997
G1 X118.637 Y76.357 E1.09169
G1 X116.15 Y76.357 E.07997
G1 X142.643 Y102.85 E1.20479
G1 X142.643 Y105.337 E.07997
G1 X113.663 Y76.357 E1.31789
G1 X115.946 Y76.357 E.07343
G1 X108.485 Y76.357 F18000
G1 F6205.95
G1 X106.202 Y76.357 E.07343
G1 X142.643 Y112.798 E1.65719
G1 X142.643 Y115.285 E.07997
G1 X103.715 Y76.357 E1.77029
G1 X101.228 Y76.357 E.07997
G1 X142.643 Y117.772 E1.88339
G1 X142.643 Y120.259 E.07997
G1 X98.741 Y76.357 E1.99649
G1 X96.254 Y76.357 E.07997
G1 X142.643 Y122.746 E2.10959
G1 X142.643 Y125.233 E.07997
G1 X119.137 Y101.728 E1.06896
G1 X119.137 Y101.104 E.02004
G1 X118.896 Y100.863 E.01096
G1 X118.272 Y100.863 E.02004
G1 X93.767 Y76.357 E1.11443
G1 X91.28 Y76.357 E.07997
G1 X115.785 Y100.863 E1.11443
G1 X113.298 Y100.863 E.07997
G1 X88.792 Y76.357 E1.11443
G1 X86.305 Y76.357 E.07997
G1 X110.811 Y100.863 E1.11443
G1 X108.324 Y100.863 E.07997
G1 X83.818 Y76.357 E1.11443
G1 X81.331 Y76.357 E.07997
G1 X105.837 Y100.863 E1.11443
G1 X103.35 Y100.863 E.07997
G1 X78.863 Y76.376 E1.11359
G2 X77.457 Y77.457 I.257 J1.789 E.05961
G1 X100.984 Y100.984 E1.0699
G1 X100.863 Y101.104 E.00548
G1 X100.863 Y103.35 E.07222
G1 X87.014 Y89.501 E.62982
G2 X83.502 Y85.989 I-3.031 J-.481 E.18605
G1 X77.357 Y79.844 E.27945
G1 X77.357 Y82.331 E.07997
G1 X81.853 Y86.827 E.20442
G2 X80.993 Y88.454 I2.155 J2.178 E.06011
G1 X77.357 Y84.818 E.16534
G1 X77.357 Y87.305 E.07997
G1 X100.863 Y110.811 E1.06896
G1 X100.863 Y113.298 E.07997
G1 X77.357 Y89.792 E1.06896
G1 X77.357 Y87.509 E.07343
; stop printing object top_plate.stl id:4734322866433739561 copy 0
;LAYER_CHANGE
;Z:5.64
;HEIGHT:0.2
G92 E0 ; zero the extruded length again
; BEFORE_LAYER_CHANGE 27 @ 5.64mm
G1 E-1.75 F6000
;WIPE_START
G1 F6205.95
G1 X77.357 Y88.509 E-.75
;WIPE_END
; AFTER_LAYER_CHANGE 27 @ 5.64mm
;_SET_FAN_SPEED_CHANGING_LAYER
; printing object top_plate.stl id:4734322866433739561 copy 0
G17
G3 Z5.84 I0 J-.608 P1  F18000
G1 X76.611 Y88.509 Z5.84
G1 X79.016 Y75.611
G1 X143.389 Y78.016
G1 X140.984 Y144.389
G1 X140.667 Y144.389
G1 X140.667 Y144.79
G1 Z5.64
G1 E2.5 F6000
M204 P1000
;TYPE:Outer wall
;WIDTH:0.42
G1 F3600
G1 X79.005 Y144.79 E1.83669
G3 X76.21 Y141.995 I.004 J-2.8 E.13074
G1 X76.21 Y78.005 E1.90602
G3 X79.005 Y75.21 I2.8 J.005 E.13074
G1 X140.995 Y75.21 E1.84644
G1 X141.292 Y75.226 E.00886
G3 X143.79 Y78.005 I-.294 J2.777 E.12197
G1 X143.79 Y141.995 E1.90601
G3 X140.995 Y144.79 I-2.8 J-.004 E.13074
G1 X140.727 Y144.79 E.00796
G1 X140.727 Y144.389 F18000
G1 X140.667 Y144.389
G1 X140.667 Y144.398
M204 P1500
;TYPE:Inner wall
;WIDTH:0.45
G1 F6000
G1 X79.016 Y144.398 E1.98249
G3 X76.602 Y141.984 I-.006 J-2.408 E.122
G1 X76.602 Y78.016 E2.057
G3 X79.016 Y75.602 I2.408 J-.006 E.12199
G1 X140.984 Y75.602 E1.99268
G1 X141.251 Y75.616 E.00857
G3 X143.398 Y78.016 I-.259 J2.392 E.11345
G1 X143.398 Y141.984 E2.05699
G3 X140.984 Y144.398 I-2.408 J.006 E.122
G1 X140.727 Y144.398 E.00827
G1 X140.667 Y143.991 F18000
G1 F6000
G1 X79.026 Y143.991 E1.98214
G3 X77.009 Y141.974 I-.016 J-2.001 E.10212
G1 X77.009 Y78.026 E2.05631
G3 X79.026 Y76.009 I2.001 J-.016 E.10212
G1 X140.974 Y76.009 E1.992
G1 X141.208 Y76.021 E.00754
G3 X142.991 Y78.026 I-.241 J2.01 E.09432
G1 X142.991 Y141.974 E2.05631
G3 X140.974 Y143.991 I-2.001 J.016 E.10212
G1 X140.727 Y143.991 E.00792
G1 E-1.75
;WIPE_START
G1 X139.727 Y143.991 E-.75
;WIPE_END
G1 X139.727 Y144.389 Z5.84 F18000
G1 X135.853 Y91.304
G1 X135.874 Y90.9
G1 Z5.64
G1 E2.5 F6000
M204 P1000
;TYPE:Outer wall
;WIDTH:0.42
G1 F3600
G1 X136.2 Y90.9 E.00969
G2 X136.397 Y87.131 I-.19 J-1.899 E.16132
G2 X135.881 Y87.096 I-.397 J2.007 E.01546
G2 X135.801 Y90.898 I.129 J1.905 E.16857
G1 X135.814 Y90.898 E.00041
G1 X135.793 Y91.301 F18000
G1 X135.778 Y91.3
G1 X135.778 Y91.291
M204 P1500
;TYPE:Inner wall
;WIDTH:0.45
G1 F6000
G1 X136 Y91.301 E.00714
G2 X136.712 Y86.81 I.008 J-2.301 E.20972
G2 X135.86 Y86.704 I-.696 J2.134 E.02776
G2 X135.719 Y91.283 I.148 J2.296 E.21833
G1 X135.754 Y91.698 F18000
G1 F6000
G1 X136 Y91.71 E.00793
G2 X136.837 Y86.422 I.01 J-2.709 E.2469
G2 X135.839 Y86.298 I-.819 J2.511 E.03256
G2 X135.694 Y91.691 I.171 J2.703 E.25794
G1 E-1.75
;WIPE_START
G1 X136 Y91.71 E-.22996
G1 X136.283 Y91.696 E-.21279
G1 X136.564 Y91.651 E-.21271
G1 X136.685 Y91.619 E-.09455
;WIPE_END
G1 X136.582 Y91.234 Z5.84 F18000
G1 X138.312 Y131
G1 X138.299 Y131.242
G1 X138.261 Y131.481
G1 X138.199 Y131.714
G1 X138.112 Y131.94
G1 X138.002 Y132.156
G1 X137.87 Y132.359
G1 X137.718 Y132.547
G1 X137.547 Y132.718
G1 X137.359 Y132.87
G1 X137.156 Y133.002
G1 X136.94 Y133.112
G1 X136.714 Y133.199
G1 X136.481 Y133.261
G1 X136.242 Y133.299
G1 X136.147 Y133.304
G1 X136.126 Y132.9
G1 Z5.64
G1 E2.5 F6000
M204 P1000
;TYPE:Outer wall
;WIDTH:0.42
G1 F3600
G1 X136.2 Y132.9 E.0022
G2 X136.397 Y129.131 I-.19 J-1.899 E.16132
G2 X135.881 Y129.096 I-.397 J2.006 E.01546
G2 X135.801 Y132.898 I.129 J1.905 E.16857
G1 X136.066 Y132.9 E.0079
G1 X136.087 Y133.307 F18000
G1 X136.222 Y133.3
G1 X136.222 Y133.291
M204 P1500
;TYPE:Inner wall
;WIDTH:0.45
G1 F6000
G1 X136.241 Y133.289 E.00061
G2 X136.712 Y128.81 I-.232 J-2.289 E.20197
G2 X135.86 Y128.704 I-.696 J2.134 E.02776
G2 X136 Y133.301 I.148 J2.296 E.2274
G1 X136.162 Y133.294 E.00521
G1 X136.246 Y133.698 F18000
G1 F6000
G1 X136.283 Y133.696 E.00119
G2 X136.837 Y128.422 I-.274 J-2.695 E.23777
G2 X135.839 Y128.298 I-.819 J2.511 E.03256
G2 X136 Y133.71 I.171 J2.703 E.26781
G1 X136.186 Y133.701 E.006
G1 E-1.75
;WIPE_START
G1 X136.283 Y133.696 E-.07276
G1 X136.564 Y133.651 E-.21271
G1 X136.837 Y133.578 E-.21267
G1 X137.103 Y133.476 E-.21308
G1 X137.149 Y133.453 E-.03879
;WIPE_END
G1 X136.968 Y133.098 Z5.84 F18000
G1 X85.29 Y132.915
G1 X85.156 Y133.002
G1 X84.94 Y133.112
G1 X84.714 Y133.199
G1 X84.481 Y133.261
G1 X84.242 Y133.299
G1 X84 Y133.312
G1 X83.853 Y133.304
G1 X83.874 Y132.9
G1 Z5.64
G1 E2.5 F6000
M204 P1000
;TYPE:Outer wall
;WIDTH:0.42
G1 F3600
G1 X84.2 Y132.9 E.00969
G2 X84.397 Y129.131 I-.19 J-1.899 E.16132
G2 X83.881 Y129.096 I-.397 J2.006 E.01546
G2 X83.801 Y132.898 I.129 J1.905 E.16857
G1 X83.814 Y132.898 E.00041
G1 X83.793 Y133.301 F18000
G1 X83.778 Y133.3
G1 X83.778 Y133.291
M204 P1500
;TYPE:Inner wall
;WIDTH:0.45
G1 F6000
G1 X84 Y133.301 E.00714
G2 X84.712 Y128.81 I.008 J-2.301 E.20972
G2 X83.86 Y128.704 I-.696 J2.134 E.02776
G2 X83.719 Y133.283 I.148 J2.296 E.21833
G1 X83.754 Y133.698 F18000
G1 F6000
G1 X84 Y133.71 E.00793
G2 X84.837 Y128.422 I.01 J-2.709 E.2469
G2 X83.839 Y128.298 I-.819 J2.511 E.03256
G2 X83.694 Y133.691 I.171 J2.703 E.25794
G1 E-1.75
;WIPE_START
G1 X84 Y133.71 E-.22996
G1 X84.283 Y133.696 E-.21279
G1 X84.564 Y133.651 E-.21271
G1 X84.685 Y133.619 E-.09455
;WIPE_END
G1 X84.582 Y133.234 Z5.84 F18000
G1 X84.714 Y133.199
G1 X84.94 Y133.112
G1 X85.156 Y133.002
G1 X85.359 Y132.87
G1 X85.547 Y132.718
G1 X85.718 Y132.547
G1 X85.87 Y132.359
G1 X86.002 Y132.156
G1 X86.112 Y131.94
G1 X86.199 Y131.714
G1 X86.261 Y131.481
G1 X86.299 Y131.242
G1 X86.312 Y131
G1 X86.299 Y130.758
G1 X86.261 Y130.519
G1 X86.199 Y130.286
G1 X86.112 Y130.06
G1 X86.002 Y129.844
G1 X85.87 Y129.641
G1 X85.718 Y129.453
G1 X85.547 Y129.282
G1 X85.359 Y129.13
G1 X85.156 Y128.998
G1 X84.94 Y128.888
G1 X84.714 Y128.801
G1 X84.593 Y128.769
G1 X83.853 Y91.304
G1 X83.874 Y90.9
G1 Z5.64
G1 E2.5 F6000
M204 P1000
;TYPE:Outer wall
;WIDTH:0.42
G1 F3600
G1 X84.2 Y90.9 E.00969
G2 X84.397 Y87.131 I-.19 J-1.899 E.16132
G2 X83.881 Y87.096 I-.397 J2.007 E.01546
G2 X83.801 Y90.898 I.129 J1.905 E.16857
G1 X83.814 Y90.898 E.00041
G1 X83.793 Y91.301 F18000
G1 X83.778 Y91.3
G1 X83.778 Y91.291
M204 P1500
;TYPE:Inner wall
;WIDTH:0.45
G1 F6000
G1 X84 Y91.301 E.00714
G2 X84.712 Y86.81 I.008 J-2.301 E.20972
G2 X83.86 Y86.704 I-.696 J2.134 E.02776
G2 X83.719 Y91.283 I.148 J2.296 E.21833
G1 X83.754 Y91.698 F18000
G1 F6000
G1 X84 Y91.71 E.00793
G2 X84.837 Y86.422 I.01 J-2.709 E.2469
G2 X83.839 Y86.298 I-.819 J2.511 E.03256
G2 X83.694 Y91.691 I.171 J2.703 E.25794
G1 E-1.75
;WIPE_START
G1 X84 Y91.71 E-.22996
G1 X84.283 Y91.696 E-.21279
G1 X84.564 Y91.651 E-.21271
G1 X84.685 Y91.619 E-.09455
;WIPE_END
G1 X84.582 Y91.234 Z5.84 F18000
G1 X103.689 Y116.311
G1 X116.311 Y116.311
G1 X116.311 Y115.91
G1 X115.91 Y115.91
G1 Z5.64
G1 E2.5 F6000
M204 P1000
;TYPE:Outer wall
;WIDTH:0.42
G1 F3600
G1 X115.91 Y104.09 E.35208
G1 X104.09 Y104.09 E.35208
G1 X104.09 Y115.91 E.35208
G1 X115.85 Y115.91 E.35029
G1 X115.85 Y116.311 F18000
G1 X116.311 Y116.311
G1 X116.311 Y116.302
G1 X116.302 Y116.302
M204 P1500
;TYPE:Inner wall
;WIDTH:0.45
G1 F6000
G1 X116.302 Y103.698 E.4053
G1 X103.698 Y103.698 E.4053
G1 X103.698 Y116.302 E.4053
G1 X116.242 Y116.302 E.40337
G1 X116.709 Y116.709 F18000
G1 F6000
G1 X116.709 Y103.291 E.43148
G1 X103.291 Y103.291 E.43148
G1 X103.291 Y116.709 E.43148
G1 X116.649 Y116.709 E.42955
G1 X118.743 Y118.914 F18000
M204 P2000
;TYPE:Internal solid infill
;WIDTH:0.423051
G1 F6000
G1 X118.743 Y117.093 E.05469
G1 X118.363 Y117.093 E.01141
G1 X118.363 Y118.745 E.0496
G1 X117.983 Y118.745 E.01141
G1 X117.983 Y117.093 E.0496
G1 X117.603 Y117.093 E.01141
G1 X117.603 Y118.745 E.0496
G1 X117.222 Y118.745 E.01141
G1 X117.222 Y117.093 E.0496
G1 X116.842 Y117.093 E.01141
G1 X116.842 Y118.745 E.0496
G1 X116.462 Y118.745 E.01141
G1 X116.462 Y117.093 E.0496
G1 X116.082 Y117.093 E.01141
G1 X116.082 Y118.745 E.0496
G1 X115.702 Y118.745 E.01141
G1 X115.702 Y117.093 E.0496
G1 X115.322 Y117.093 E.01141
G1 X115.322 Y118.745 E.0496
G1 X114.942 Y118.745 E.01141
G1 X114.942 Y117.093 E.0496
G1 X114.562 Y117.093 E.01141
G1 X114.562 Y118.745 E.0496
G1 X114.181 Y118.745 E.01141
G1 X114.181 Y117.093 E.0496
G1 X113.801 Y117.093 E.01141
G1 X113.801 Y118.745 E.0496
G1 X113.421 Y118.745 E.01141
G1 X113.421 Y117.093 E.0496
G1 X113.041 Y117.093 E.01141
G1 X113.041 Y118.745 E.0496
G1 X112.661 Y118.745 E.01141
G1 X112.661 Y117.093 E.0496
G1 X112.281 Y117.093 E.01141
G1 X112.281 Y118.745 E.0496
G1 X111.901 Y118.745 E.01141
G1 X111.901 Y117.093 E.0496
G1 X111.52 Y117.093 E.01141
G1 X111.52 Y118.745 E.0496
G1 X111.14 Y118.745 E.01141
G1 X111.14 Y117.093 E.0496
G1 X110.76 Y117.093 E.01141
G1 X110.76 Y118.745 E.0496
G1 X110.38 Y118.745 E.01141
G1 X110.38 Y117.093 E.0496
G1 X110 Y117.093 E.01141
G1 X110 Y118.745 E.0496
G1 X109.62 Y118.745 E.01141
G1 X109.62 Y117.093 E.0496
G1 X109.24 Y117.093 E.01141
G1 X109.24 Y118.745 E.0496
G1 X108.86 Y118.745 E.01141
G1 X108.86 Y117.093 E.0496
G1 X108.479 Y117.093 E.01141
G1 X108.479 Y118.745 E.0496
G1 X108.099 Y118.745 E.01141
G1 X108.099 Y117.093 E.0496
G1 X107.719 Y117.093 E.01141
G1 X107.719 Y118.745 E.0496
G1 X107.339 Y118.745 E.01141
G1 X107.339 Y117.093 E.0496
G1 X106.959 Y117.093 E.01141
G1 X106.959 Y118.745 E.0496
G1 X106.579 Y118.745 E.01141
G1 X106.579 Y117.093 E.0496
G1 X106.199 Y117.093 E.01141
G1 X106.199 Y118.745 E.0496
G1 X105.819 Y118.745 E.01141
G1 X105.819 Y117.093 E.0496
G1 X105.438 Y117.093 E.01141
G1 X105.438 Y118.745 E.0496
G1 X105.058 Y118.745 E.01141
G1 X105.058 Y117.093 E.0496
G1 X104.678 Y117.093 E.01141
G1 X104.678 Y118.745 E.0496
G1 X104.298 Y118.745 E.01141
G1 X104.298 Y117.093 E.0496
G1 X103.918 Y117.093 E.01141
G1 X103.918 Y118.745 E.0496
G1 X103.538 Y118.745 E.01141
G1 X103.538 Y117.093 E.0496
G1 X103.158 Y117.093 E.01141
G1 X103.158 Y118.745 E.0496
G1 X102.777 Y118.745 E.01141
G1 X102.777 Y117.093 E.0496
G1 X102.397 Y117.093 E.01141
G1 X102.397 Y118.745 E.0496
G1 X102.017 Y118.745 E.01141
G1 X102.017 Y117.093 E.0496
G1 X101.637 Y117.093 E.01141
G1 X101.637 Y118.745 E.0496
G1 X101.267 Y118.745 E.01112
G1 X101.257 Y116.923 E.0547
G1 X103.087 Y117.003 F18000
;WIDTH:0.38292
G1 F6000
G1 X116.868 Y117.002 E.37013
G1 X116.311 Y103.689 F18000
G1 X103.689 Y103.689
G1 X102.077 Y104.905
;WIDTH:0.55501
G1 F4933.343
G1 X102.077 Y116.023 E.44971
G1 X102.522 Y104.461 F18000
;WIDTH:0.419999
G1 F6000
G1 X101.633 Y104.461 E.02649
G1 X101.633 Y116.527 E.35942
G1 X102.522 Y116.527 E.02649
G1 X102.522 Y104.521 E.35763
G1 X102.899 Y104.084 F18000
;WIDTH:0.419147
G1 F6000
G1 X101.255 Y104.084 E.04884
G1 X101.255 Y116.904 E.38102
G3 X102.907 Y116.953 I.411 J14.037 E.04914
G1 X103.087 Y117.003 E.00555
G1 X102.948 Y116.913 E.00494
G1 X102.899 Y116.083 E.02471
G1 X102.899 Y104.144 E.35482
G1 X103.689 Y104.144 F18000
G1 X103.689 Y103.689
G1 X116.311 Y103.689
G1 X116.311 Y104.084
G1 X117.101 Y104.084
;WIDTH:0.419119
G1 F6000
G1 X117.101 Y116.083 E.35658
G1 X117.049 Y116.913 E.02472
G1 X116.928 Y117.002 E.00447
G1 X117.093 Y116.956 E.00507
G3 X118.745 Y116.904 I1.241 J13.142 E.04914
G1 X118.745 Y104.084 E.38099
G1 X117.161 Y104.084 E.04705
G1 X117.478 Y104.461 F18000
;WIDTH:0.419999
G1 F6000
G1 X117.478 Y116.527 E.35942
G1 X118.367 Y116.527 E.02649
G1 X118.367 Y104.461 E.35942
G1 X117.538 Y104.461 E.0247
G1 X117.923 Y116.083 F18000
;WIDTH:0.55501
G1 F4933.343
G1 X117.923 Y104.965 E.44971
G1 X118.743 Y104.065 F18000
;WIDTH:0.423051
G1 F6000
G1 X118.733 Y101.255 E.08436
G1 X118.363 Y101.255 E.01112
G1 X118.363 Y103.895 E.07926
G1 X117.983 Y103.895 E.01141
G1 X117.983 Y101.255 E.07926
G1 X117.603 Y101.255 E.01141
G1 X117.603 Y103.895 E.07926
G1 X117.222 Y103.895 E.01141
G1 X117.222 Y101.255 E.07926
G1 X116.842 Y101.255 E.01141
G1 X116.842 Y102.958 E.05111
G1 X116.462 Y102.958 E.01141
G1 X116.462 Y101.255 E.05111
G1 X116.082 Y101.255 E.01141
G1 X116.082 Y102.958 E.05111
G1 X115.702 Y102.958 E.01141
G1 X115.702 Y101.255 E.05111
G1 X115.322 Y101.255 E.01141
G1 X115.322 Y102.958 E.05111
G1 X114.942 Y102.958 E.01141
G1 X114.942 Y101.255 E.05111
G1 X114.562 Y101.255 E.01141
G1 X114.562 Y102.958 E.05111
G1 X114.181 Y102.958 E.01141
G1 X114.181 Y101.255 E.05111
G1 X113.801 Y101.255 E.01141
G1 X113.801 Y102.958 E.05111
G1 X113.421 Y102.958 E.01141
G1 X113.421 Y101.255 E.05111
G1 X113.041 Y101.255 E.01141
G1 X113.041 Y102.958 E.05111
G1 X112.661 Y102.958 E.01141
G1 X112.661 Y101.255 E.05111
G1 X112.281 Y101.255 E.01141
G1 X112.281 Y102.958 E.05111
G1 X111.901 Y102.958 E.01141
G1 X111.901 Y101.255 E.05111
G1 X111.52 Y101.255 E.01141
G1 X111.52 Y102.958 E.05111
G1 X111.14 Y102.958 E.01141
G1 X111.14 Y101.255 E.05111
G1 X110.76 Y101.255 E.01141
G1 X110.76 Y102.958 E.05111
G1 X110.38 Y102.958 E.01141
G1 X110.38 Y101.255 E.05111
G1 X110 Y101.255 E.01141
G1 X110 Y102.958 E.05111
G1 X109.62 Y102.958 E.01141
G1 X109.62 Y101.255 E.05111
G1 X109.24 Y101.255 E.01141
G1 X109.24 Y102.958 E.05111
G1 X108.86 Y102.958 E.01141
G1 X108.86 Y101.255 E.05111
G1 X108.479 Y101.255 E.01141
G1 X108.479 Y102.958 E.05111
G1 X108.099 Y102.958 E.01141
G1 X108.099 Y101.255 E.05111
G1 X107.719 Y101.255 E.01141
G1 X107.719 Y102.958 E.05111
G1 X107.339 Y102.958 E.01141
G1 X107.339 Y101.255 E.05111
G1 X106.959 Y101.255 E.01141
G1 X106.959 Y102.958 E.05111
G1 X106.579 Y102.958 E.01141
G1 X106.579 Y101.255 E.05111
G1 X106.199 Y101.255 E.01141
G1 X106.199 Y102.958 E.05111
G1 X105.819 Y102.958 E.01141
G1 X105.819 Y101.255 E.05111
G1 X105.438 Y101.255 E.01141
G1 X105.438 Y102.958 E.05111
G1 X105.058 Y102.958 E.01141
G1 X105.058 Y101.255 E.05111
G1 X104.678 Y101.255 E.01141
G1 X104.678 Y102.958 E.05111
G1 X104.298 Y102.958 E.01141
G1 X104.298 Y101.255 E.05111
G1 X103.918 Y101.255 E.01141
G1 X103.918 Y102.958 E.05111
G1 X103.538 Y102.958 E.01141
G1 X103.538 Y101.255 E.05111
G1 X103.158 Y101.255 E.01141
G1 X103.158 Y102.958 E.05111
G1 X102.958 Y102.958 E.00601
G1 X102.958 Y103.895 E.02815
G1 X102.777 Y103.895 E.00541
G1 X102.777 Y101.255 E.07926
G1 X102.397 Y101.255 E.01141
G1 X102.397 Y103.895 E.07926
G1 X102.017 Y103.895 E.01141
G1 X102.017 Y101.255 E.07926
G1 X101.637 Y101.255 E.01141
G1 X101.637 Y103.895 E.07926
G1 X101.257 Y103.895 E.01141
G1 X101.257 Y101.086 E.08436
G1 X100.863 Y103.554 F18000
;TYPE:Sparse infill
;WIDTH:0.45
G1 F6205.95
G1 X100.863 Y105.837 E.07343
G1 X86.44 Y91.414 E.65592
G3 X84.862 Y92.323 I-2.662 J-2.799 E.05912
G1 X100.863 Y108.324 E.7277
G1 X100.863 Y110.811 E.07997
G1 X77.357 Y87.305 E1.06896
G1 X77.357 Y84.818 E.07997
G1 X80.677 Y88.138 E.15098
G3 X81.586 Y86.56 I3.708 J1.083 E.05912
G1 X77.357 Y82.331 E.1923
G1 X77.357 Y79.844 E.07997
G1 X83.179 Y85.666 E.26476
G3 X85.401 Y85.862 I.827 J3.327 E.07304
G1 X87.138 Y87.599 F18000
G1 F6205.95
G3 X87.334 Y89.821 I-3.48 J1.425 E.07281
G1 X100.863 Y103.35 E.61528
G1 X100.863 Y101.104 E.07222
G1 X100.984 Y100.984 E.00548
G1 X77.457 Y77.457 E1.0699
G3 X78.863 Y76.376 I1.663 J.707 E.05961
G1 X103.35 Y100.863 E1.11359
G1 X105.837 Y100.863 E.07997
G1 X81.331 Y76.357 E1.11443
G1 X83.818 Y76.357 E.07997
G1 X108.324 Y100.863 E1.11443
G1 X110.811 Y100.863 E.07997
G1 X86.305 Y76.357 E1.11443
G1 X88.792 Y76.357 E.07997
G1 X113.298 Y100.863 E1.11443
G1 X115.785 Y100.863 E.07997
G1 X91.28 Y76.357 E1.11443
G1 X93.563 Y76.357 E.07343
G1 X101.024 Y76.357 F18000
G1 F6205.95
G1 X98.741 Y76.357 E.07343
G1 X142.643 Y120.259 E1.99649
G1 X142.643 Y117.772 E.07997
G1 X101.228 Y76.357 E1.88339
G1 X103.715 Y76.357 E.07997
G1 X142.643 Y115.285 E1.77029
G1 X142.643 Y112.798 E.07997
G1 X106.202 Y76.357 E1.65719
G1 X108.689 Y76.357 E.07997
G1 X142.643 Y110.311 E1.54409
G1 X142.643 Y107.824 E.07997
G1 X111.176 Y76.357 E1.43099
G1 X113.663 Y76.357 E.07997
G1 X142.643 Y105.337 E1.31789
G1 X142.643 Y107.621 E.07343
G1 X142.643 Y100.16 F18000
G1 F6205.95
G1 X142.643 Y97.876 E.07343
G1 X137.041 Y92.275 E.25475
G2 X138.554 Y91.3 I-1.383 J-3.81 E.05835
G1 X142.643 Y95.389 E.18595
G1 X142.643 Y92.902 E.07997
G1 X139.375 Y89.634 E.14861
G2 X138.844 Y87.077 I-3.583 J-.59 E.08591
G1 X137.923 Y86.156 F18000
G1 F6205.95
G2 X135.367 Y85.626 I-1.965 J3.05 E.08587
G1 X126.098 Y76.357 E.42151
G1 X123.611 Y76.357 E.07997
G1 X133.7 Y86.446 E.45881
G2 X132.725 Y87.959 I2.836 J2.896 E.05835
G1 X121.124 Y76.357 E.5276
G1 X118.637 Y76.357 E.07997
G1 X133.071 Y90.792 E.65643
G2 X134.208 Y91.929 I2.961 J-1.824 E.05217
G1 X142.643 Y100.363 E.38357
G1 X142.643 Y102.85 E.07997
G1 X116.15 Y76.357 E1.20479
G1 X118.433 Y76.357 E.07343
G1 X130.868 Y76.357 F18000
G1 F6205.95
G1 X128.585 Y76.357 E.07343
G1 X142.643 Y90.415 E.6393
G1 X142.643 Y87.928 E.07997
G1 X131.072 Y76.357 E.5262
G1 X133.559 Y76.357 E.07997
G1 X142.643 Y85.441 E.4131
G1 X142.643 Y82.954 E.07997
G1 X136.046 Y76.357 E.3
G1 X138.533 Y76.357 E.07997
G1 X142.643 Y80.467 E.1869
G2 X142.64 Y77.977 I-23.811 J-1.216 E.08011
G1 X141.023 Y76.36 E.07352
G3 X142.619 Y77.775 I-.074 J1.692 E.0742
G1 X143.361 Y77.658 F18000
G1 X134.282 Y87.453
G1 X134.13 Y87.641
G1 X133.998 Y87.844
G1 X133.888 Y88.06
G1 X133.801 Y88.286
G1 X133.739 Y88.519
G1 X133.701 Y88.758
G1 X133.688 Y89
G1 X133.701 Y89.242
G1 X133.739 Y89.481
G1 X133.801 Y89.714
G1 X133.888 Y89.94
G1 X133.998 Y90.156
G1 X134.13 Y90.359
G1 X133.524 Y90.819
;TYPE:Internal solid infill
;WIDTH:0.38292
G1 F6000
G1 X133.957 Y91.294 E.01724
G1 X134.478 Y91.669 E.01725
G1 X135.067 Y91.927 E.01726
G1 X135.695 Y92.057 E.01724
G1 X136.338 Y92.054 E.01725
G1 X136.965 Y91.917 E.01724
G1 X137.551 Y91.652 E.01726
G1 X138.068 Y91.272 E.01725
G1 X138.495 Y90.792 E.01724
G1 X138.813 Y90.235 E.01725
G1 X139.008 Y89.622 E.01726
G1 X139.073 Y89 E.01681
G1 X139.002 Y88.345 E.01769
G1 X138.8 Y87.735 E.01726
G1 X138.476 Y87.181 E.01725
G1 X138.043 Y86.706 E.01724
G1 X137.522 Y86.331 E.01725
G1 X136.933 Y86.073 E.01726
G1 X136.303 Y85.942 E.01729
G1 X135.799 Y85.937 E.01355
G1 X135.071 Y86.071 E.01987
G1 X134.463 Y86.338 E.01783
G1 X133.932 Y86.728 E.01769
G1 X133.505 Y87.208 E.01724
G1 X133.187 Y87.765 E.01725
G1 X132.992 Y88.378 E.01726
G1 X132.928 Y89.017 E.01725
G1 X132.998 Y89.655 E.01725
G1 X133.2 Y90.265 E.01726
G1 X133.494 Y90.767 E.01564
G1 X119.137 Y101.931 F18000
;TYPE:Sparse infill
;WIDTH:0.45
G1 F6205.95
G1 X119.137 Y104.215 E.07343
G1 X142.643 Y127.721 E1.06896
G1 X142.643 Y130.208 E.07997
G1 X119.137 Y106.702 E1.06896
G1 X119.137 Y109.189 E.07997
G1 X142.643 Y132.695 E1.06896
G1 X142.643 Y135.182 E.07997
G1 X139.323 Y131.862 E.15098
G3 X138.414 Y133.44 I-3.708 J-1.083 E.05912
G1 X142.643 Y137.669 E.1923
G1 X142.643 Y140.156 E.07997
G1 X136.821 Y134.334 E.26476
G3 X134.599 Y134.138 I-.797 J-3.675 E.07281
G1 X132.862 Y132.401 F18000
G1 F6205.95
G3 X132.666 Y130.179 I3.48 J-1.425 E.07281
G1 X119.137 Y116.65 E.61528
G1 X119.137 Y118.896 E.07222
G1 X119.016 Y119.016 E.00548
G1 X142.543 Y142.543 E1.0699
G3 X141.137 Y143.624 I-1.663 J-.707 E.05961
G1 X116.65 Y119.137 E1.11359
G1 X114.163 Y119.137 E.07997
G1 X138.669 Y143.643 E1.11443
G1 X136.182 Y143.643 E.07997
G1 X111.676 Y119.137 E1.11443
G1 X109.189 Y119.137 E.07997
G1 X133.695 Y143.643 E1.11443
G1 X131.411 Y143.643 E.07343
G1 X133.505 Y129.208 F18000
;TYPE:Internal solid infill
;WIDTH:0.38292
G1 F6000
G1 X133.187 Y129.765 E.01725
G1 X132.992 Y130.378 E.01726
G1 X132.928 Y131.017 E.01725
G1 X132.998 Y131.655 E.01725
G1 X133.2 Y132.265 E.01726
G1 X133.524 Y132.819 E.01725
G1 X133.957 Y133.294 E.01724
G1 X134.478 Y133.669 E.01725
G1 X135.067 Y133.927 E.01726
G1 X135.695 Y134.057 E.01724
G1 X136.338 Y134.054 E.01725
G1 X136.965 Y133.917 E.01724
G1 X137.551 Y133.652 E.01726
G1 X138.068 Y133.272 E.01725
G1 X138.495 Y132.792 E.01724
G1 X138.813 Y132.235 E.01725
G1 X139.008 Y131.622 E.01726
G1 X139.073 Y131 E.01681
G1 X139.002 Y130.345 E.01769
G1 X138.8 Y129.735 E.01726
G1 X138.476 Y129.181 E.01725
G1 X138.043 Y128.706 E.01724
G1 X137.522 Y128.331 E.01725
G1 X136.933 Y128.073 E.01726
G1 X136.303 Y127.942 E.01729
G1 X135.799 Y127.937 E.01355
G1 X135.071 Y128.071 E.01987
G1 X134.463 Y128.338 E.01783
G1 X133.932 Y128.728 E.01769
G1 X133.545 Y129.163 E.01563
G1 X142.643 Y127.517 F18000
;TYPE:Sparse infill
;WIDTH:0.45
G1 F6205.95
G1 X142.643 Y125.233 E.07343
G1 X119.137 Y101.728 E1.06896
G1 X119.137 Y101.104 E.02004
G1 X118.896 Y100.863 E.01096
G1 X118.272 Y100.863 E.02004
G1 X93.767 Y76.357 E1.11443
G1 X96.254 Y76.357 E.07997
G1 X142.643 Y122.746 E2.10959
G1 X142.643 Y125.03 E.07343
G1 X119.137 Y111.879 F18000
G1 F6205.95
G1 X119.137 Y114.163 E.07343
G1 X133.56 Y128.586 E.65592
G3 X135.138 Y127.677 I2.662 J2.799 E.05912
G1 X119.137 Y111.676 E.7277
G1 X119.137 Y109.392 E.07343
G1 X116.311 Y116.311 F18000
G1 X108.985 Y119.137
G1 F6205.95
G1 X106.702 Y119.137 E.07343
G1 X131.208 Y143.643 E1.11443
G1 X128.721 Y143.643 E.07997
G1 X104.215 Y119.137 E1.11443
G1 X106.498 Y119.137 E.07343
G1 X86.476 Y129.181 F18000
;TYPE:Internal solid infill
;WIDTH:0.38292
G1 F6000
G1 X86.043 Y128.706 E.01724
G1 X85.522 Y128.331 E.01725
G1 X84.933 Y128.073 E.01726
G1 X84.303 Y127.942 E.01729
G1 X83.799 Y127.937 E.01355
G1 X83.071 Y128.071 E.01987
G1 X82.463 Y128.338 E.01783
G1 X81.932 Y128.728 E.01769
G1 X81.505 Y129.208 E.01724
G1 X81.187 Y129.765 E.01725
G1 X80.992 Y130.378 E.01726
G1 X80.928 Y131.017 E.01725
G1 X80.998 Y131.655 E.01725
G1 X81.2 Y132.265 E.01726
G1 X81.524 Y132.819 E.01725
G1 X81.957 Y133.294 E.01724
G1 X82.478 Y133.669 E.01725
G1 X83.067 Y133.927 E.01726
G1 X83.695 Y134.057 E.01724
G1 X84.338 Y134.054 E.01725
G1 X84.965 Y133.917 E.01724
G1 X85.551 Y133.652 E.01726
G1 X86.068 Y133.272 E.01725
G1 X86.495 Y132.792 E.01724
G1 X86.813 Y132.235 E.01725
G1 X87.008 Y131.622 E.01726
G1 X87.073 Y131 E.01681
G1 X87.002 Y130.345 E.01769
G1 X86.8 Y129.735 E.01726
G1 X86.506 Y129.233 E.01564
G1 X85.872 Y129.644 F18000
G1 X86.002 Y129.844
G1 X86.112 Y130.06
G1 X86.199 Y130.286
G1 X86.261 Y130.519
G1 X86.299 Y130.758
G1 X86.312 Y131
G1 X86.299 Y131.242
G1 X86.261 Y131.481
G1 X86.199 Y131.714
G1 X86.112 Y131.94
G1 X86.002 Y132.156
G1 X85.87 Y132.359
G1 X85.718 Y132.547
G1 X85.547 Y132.718
G1 X85.359 Y132.87
G1 X85.156 Y133.002
G1 X84.94 Y133.112
G1 X84.714 Y133.199
G1 X84.481 Y133.261
G1 X82.077 Y133.844
;TYPE:Sparse infill
;WIDTH:0.45
G1 F6205.95
G2 X84.634 Y134.375 I1.967 J-3.052 E.08591
G1 X93.902 Y143.643 E.42147
G1 X96.389 Y143.643 E.07997
G1 X86.3 Y133.554 E.45881
G2 X87.275 Y132.041 I-2.836 J-2.896 E.05835
G1 X98.876 Y143.643 E.5276
G1 X101.363 Y143.643 E.07997
G1 X86.929 Y129.208 E.65643
G2 X85.792 Y128.071 I-2.961 J1.824 E.05217
G1 X77.357 Y119.637 E.38357
G1 X77.357 Y117.15 E.07997
G1 X103.85 Y143.643 E1.20479
G1 X106.337 Y143.643 E.07997
G1 X77.357 Y114.663 E1.31789
G1 X77.357 Y112.176 E.07997
G1 X108.824 Y143.643 E1.43099
G1 X111.311 Y143.643 E.07997
G1 X77.357 Y109.689 E1.54409
G1 X77.357 Y107.202 E.07997
G1 X113.798 Y143.643 E1.65719
G1 X116.285 Y143.643 E.07997
G1 X77.357 Y104.715 E1.77029
G1 X77.357 Y102.228 E.07997
G1 X118.772 Y143.643 E1.88339
G1 X121.259 Y143.643 E.07997
G1 X77.357 Y99.741 E1.99649
G1 X77.357 Y97.254 E.07997
G1 X123.746 Y143.643 E2.10959
G1 X126.233 Y143.643 E.07997
G1 X101.728 Y119.137 E1.11443
G1 X101.104 Y119.137 E.02004
G1 X100.863 Y118.896 E.01096
G1 X100.863 Y118.272 E.02004
G1 X77.357 Y94.767 E1.06896
G1 X77.357 Y92.28 E.07997
G1 X100.863 Y115.785 E1.06896
G1 X100.863 Y113.298 E.07997
G1 X77.357 Y89.792 E1.06896
G1 X77.357 Y87.509 E.07343
G1 X76.611 Y87.509 F18000
G1 X82.844 Y91.002
G1 X83.06 Y91.112
G1 X83.286 Y91.199
G1 X83.519 Y91.261
G1 X83.758 Y91.299
G1 X84 Y91.312
G1 X84.242 Y91.299
G1 X84.481 Y91.261
G1 X84.714 Y91.199
G1 X84.94 Y91.112
G1 X85.156 Y91.002
G1 X85.359 Y90.87
G1 X85.547 Y90.718
G1 X85.718 Y90.547
G1 X85.87 Y90.359
G1 X86.495 Y90.792
;TYPE:Internal solid infill
;WIDTH:0.38292
G1 F6000
G1 X86.813 Y90.235 E.01725
G1 X87.008 Y89.622 E.01726
G1 X87.073 Y89 E.01681
G1 X87.002 Y88.345 E.01769
G1 X86.8 Y87.735 E.01726
G1 X86.476 Y87.181 E.01725
G1 X86.043 Y86.706 E.01724
G1 X85.522 Y86.331 E.01725
G1 X84.933 Y86.073 E.01726
G1 X84.303 Y85.942 E.01729
G1 X83.799 Y85.937 E.01355
G1 X83.071 Y86.071 E.01987
G1 X82.463 Y86.338 E.01783
G1 X81.932 Y86.728 E.01769
G1 X81.505 Y87.208 E.01724
G1 X81.187 Y87.765 E.01725
G1 X80.992 Y88.378 E.01726
G1 X80.928 Y89.017 E.01725
G1 X80.998 Y89.655 E.01725
G1 X81.2 Y90.265 E.01726
G1 X81.524 Y90.819 E.01725
G1 X81.957 Y91.294 E.01724
G1 X82.478 Y91.669 E.01725
G1 X83.067 Y91.927 E.01726
G1 X83.695 Y92.057 E.01724
G1 X84.338 Y92.054 E.01725
G1 X84.965 Y91.917 E.01724
G1 X85.551 Y91.652 E.01726
G1 X86.068 Y91.272 E.01725
G1 X86.455 Y90.837 E.01563
G1 X77.357 Y119.84 F18000
;TYPE:Sparse infill
;WIDTH:0.45
G1 F6205.95
G1 X77.357 Y122.124 E.07343
G1 X82.959 Y127.725 E.25475
G2 X81.446 Y128.7 I1.383 J3.81 E.05835
G1 X77.357 Y124.611 E.18595
G1 X77.357 Y122.327 E.07343
G1 X77.357 Y129.788 F18000
G1 F6205.95
G1 X77.357 Y132.072 E.07343
G1 X88.928 Y143.643 E.5262
G1 X86.441 Y143.643 E.07997
G1 X77.357 Y134.559 E.4131
G1 X77.357 Y137.046 E.07997
G1 X83.954 Y143.643 E.3
G1 X81.467 Y143.643 E.07997
G1 X77.357 Y139.533 E.1869
G1 X77.365 Y142.027 E.08021
G1 X78.977 Y143.64 E.07333
G3 X77.385 Y142.229 I.122 J-1.742 E.07353
G1 X81.156 Y132.923 F18000
G1 F6205.95
G3 X80.625 Y130.366 I3.052 J-1.967 E.08591
G1 X77.357 Y127.098 E.14861
G1 X77.357 Y129.585 E.07997
G1 X91.415 Y143.643 E.6393
G1 X89.132 Y143.643 E.07343
; stop printing object top_plate.stl id:4734322866433739561 copy 0
;LAYER_CHANGE
;Z:5.84
;HEIGHT:0.2
G92 E0 ; zero the extruded length again
; BEFORE_LAYER_CHANGE 28 @ 5.84mm
G1 E-1.75 F6000
;WIPE_START
G1 F6205.95
G1 X90.132 Y143.643 E-.75
;WIPE_END
; AFTER_LAYER_CHANGE 28 @ 5.84mm
;_SET_FAN_SPEED_CHANGING_LAYER
; printing object top_plate.stl id:4734322866433739561 copy 0
G17
G3 Z6.04 I-.608 J0 P1  F18000
G1 X90.132 Y144.389 Z6.04
G1 X140.713 Y144.389
G1 X140.713 Y144.79
G1 Z5.84
G1 E2.5 F6000
M204 P1000
;TYPE:Outer wall
;WIDTH:0.42
G1 F3600
G1 X79.005 Y144.79 E1.83806
G3 X76.21 Y141.995 I.004 J-2.8 E.13074
G1 X76.21 Y78.005 E1.90602
G3 X79.005 Y75.21 I2.8 J.005 E.13074
G1 X140.995 Y75.21 E1.84644
G1 X141.292 Y75.226 E.00886
G3 X143.79 Y78.005 I-.294 J2.777 E.12197
G1 X143.79 Y141.995 E1.90601
G3 X140.995 Y144.79 I-2.8 J-.004 E.13074
G1 X140.773 Y144.79 E.0066
G1 X140.773 Y144.389 F18000
G1 X140.713 Y144.389
G1 X140.713 Y144.398
M204 P1500
;TYPE:Inner wall
;WIDTH:0.45
G1 F6000
G1 X79.016 Y144.398 E1.98396
G3 X76.602 Y141.984 I-.006 J-2.408 E.122
G1 X76.602 Y78.016 E2.057
G3 X79.016 Y75.602 I2.408 J-.006 E.12199
G1 X140.984 Y75.602 E1.99268
G1 X141.251 Y75.616 E.00857
G3 X143.398 Y78.016 I-.259 J2.392 E.11345
G1 X143.398 Y141.984 E2.05699
G3 X140.984 Y144.398 I-2.408 J.006 E.122
G1 X140.773 Y144.398 E.00679
G1 X140.713 Y143.991 F18000
G1 F6000
G1 X79.026 Y143.991 E1.98362
G3 X77.009 Y141.974 I-.016 J-2.001 E.10212
G1 X77.009 Y78.026 E2.05631
G3 X79.026 Y76.009 I2.001 J-.016 E.10212
G1 X140.974 Y76.009 E1.992
G1 X141.208 Y76.021 E.00754
G3 X142.991 Y78.026 I-.241 J2.01 E.09432
G1 X142.991 Y141.974 E2.05631
G3 X140.974 Y143.991 I-2.001 J.016 E.10212
G1 X140.773 Y143.991 E.00645
G1 E-1.75
;WIPE_START
G1 X139.773 Y143.991 E-.75
;WIPE_END
G1 X139.773 Y144.389 Z6.04 F18000
G1 X135.867 Y91.305
G1 X135.889 Y90.9
G1 Z5.84
G1 E2.5 F6000
M204 P1000
;TYPE:Outer wall
;WIDTH:0.42
G1 F3600
G1 X136.2 Y90.9 E.00927
G2 X136.397 Y87.131 I-.191 J-1.899 E.16128
G2 X135.867 Y87.097 I-.398 J2.015 E.01586
G2 X135.801 Y90.898 I.141 J1.904 E.16824
G1 X135.829 Y90.899 E.00084
G1 X135.807 Y91.302 F18000
G1 X135.778 Y91.3
G1 X135.779 Y91.291
M204 P1500
;TYPE:Inner wall
;WIDTH:0.45
G1 F6000
G1 X136 Y91.301 E.00712
G2 X136.712 Y86.81 I.008 J-2.301 E.20969
G2 X135.847 Y86.705 I-.697 J2.139 E.02819
G2 X135.719 Y91.283 I.161 J2.295 E.21796
G1 X135.754 Y91.698 F18000
G1 F6000
G1 X136 Y91.71 E.00791
G2 X136.837 Y86.422 I.009 J-2.709 E.24688
G2 X135.825 Y86.299 I-.82 J2.515 E.03299
G2 X135.695 Y91.691 I.184 J2.702 E.25757
G1 E-1.75
;WIPE_START
G1 X136 Y91.71 E-.22945
G1 X136.283 Y91.696 E-.21279
G1 X136.563 Y91.651 E-.21269
G1 X136.686 Y91.619 E-.09507
;WIPE_END
G1 X136.583 Y91.234 Z6.04 F18000
G1 X138.312 Y131
G1 X138.299 Y131.242
G1 X138.261 Y131.481
G1 X138.199 Y131.714
G1 X138.112 Y131.94
G1 X138.002 Y132.156
G1 X137.87 Y132.359
G1 X137.718 Y132.547
G1 X137.547 Y132.718
G1 X137.359 Y132.87
G1 X137.156 Y133.002
G1 X136.94 Y133.112
G1 X136.714 Y133.199
G1 X136.481 Y133.261
G1 X136.242 Y133.299
G1 X136.133 Y133.305
G1 X136.111 Y132.9
G1 Z5.84
G1 E2.5 F6000
M204 P1000
;TYPE:Outer wall
;WIDTH:0.42
G1 F3600
G1 X136.2 Y132.9 E.00263
G2 X136.397 Y129.131 I-.191 J-1.899 E.16128
G2 X135.867 Y129.097 I-.398 J2.015 E.01586
G2 X135.801 Y132.898 I.141 J1.904 E.16824
G1 X136.051 Y132.9 E.00747
G1 X136.073 Y133.308 F18000
G1 X136.222 Y133.3
G1 X136.221 Y133.291
M204 P1500
;TYPE:Inner wall
;WIDTH:0.45
G1 F6000
G1 X136.241 Y133.289 E.00063
G2 X136.712 Y128.81 I-.233 J-2.289 E.20194
G2 X135.847 Y128.705 I-.697 J2.139 E.02819
G2 X136 Y133.301 I.161 J2.295 E.227
G1 X136.161 Y133.294 E.00519
G1 X136.246 Y133.698 F18000
G1 F6000
G1 X136.283 Y133.696 E.00121
G2 X136.837 Y128.422 I-.274 J-2.695 E.23775
G2 X135.825 Y128.299 I-.82 J2.515 E.03299
G2 X136 Y133.71 I.184 J2.702 E.26742
G1 X136.186 Y133.701 E.00598
G1 E-1.75
;WIPE_START
G1 X136.283 Y133.696 E-.07327
G1 X136.563 Y133.651 E-.21269
G1 X136.837 Y133.578 E-.2127
G1 X137.103 Y133.476 E-.21307
G1 X137.148 Y133.453 E-.03827
;WIPE_END
G1 X136.967 Y133.098 Z6.04 F18000
G1 X85.29 Y132.915
G1 X85.156 Y133.002
G1 X84.94 Y133.112
G1 X84.714 Y133.199
G1 X84.481 Y133.261
G1 X84.242 Y133.299
G1 X84 Y133.312
G1 X83.867 Y133.305
G1 X83.889 Y132.9
G1 Z5.84
G1 E2.5 F6000
M204 P1000
;TYPE:Outer wall
;WIDTH:0.42
G1 F3600
G1 X84.2 Y132.9 E.00927
G2 X84.397 Y129.131 I-.191 J-1.899 E.16128
G2 X83.867 Y129.097 I-.398 J2.015 E.01586
G2 X83.801 Y132.898 I.141 J1.904 E.16824
G1 X83.829 Y132.899 E.00084
G1 X83.807 Y133.302 F18000
G1 X83.778 Y133.3
G1 X83.779 Y133.291
M204 P1500
;TYPE:Inner wall
;WIDTH:0.45
G1 F6000
G1 X84 Y133.301 E.00712
G2 X84.712 Y128.81 I.008 J-2.301 E.20969
G2 X83.847 Y128.705 I-.697 J2.139 E.02819
G2 X83.719 Y133.283 I.161 J2.295 E.21796
G1 X83.754 Y133.698 F18000
G1 F6000
G1 X84 Y133.71 E.00791
G2 X84.837 Y128.422 I.009 J-2.709 E.24688
G2 X83.825 Y128.299 I-.82 J2.515 E.03299
G2 X83.695 Y133.691 I.184 J2.702 E.25757
G1 E-1.75
;WIPE_START
G1 X84 Y133.71 E-.22945
G1 X84.283 Y133.696 E-.21279
G1 X84.563 Y133.651 E-.21269
G1 X84.686 Y133.619 E-.09507
;WIPE_END
G1 X84.583 Y133.234 Z6.04 F18000
G1 X84.714 Y133.199
G1 X84.94 Y133.112
G1 X85.156 Y133.002
G1 X85.359 Y132.87
G1 X85.547 Y132.718
G1 X85.718 Y132.547
G1 X85.87 Y132.359
G1 X86.002 Y132.156
G1 X86.112 Y131.94
G1 X86.199 Y131.714
G1 X86.261 Y131.481
G1 X86.299 Y131.242
G1 X86.312 Y131
G1 X86.299 Y130.758
G1 X86.261 Y130.519
G1 X86.199 Y130.286
G1 X86.112 Y130.06
G1 X86.002 Y129.844
G1 X85.87 Y129.641
G1 X85.718 Y129.453
G1 X85.547 Y129.282
G1 X85.359 Y129.13
G1 X85.156 Y128.998
G1 X84.94 Y128.888
G1 X84.714 Y128.801
G1 X84.595 Y128.77
G1 X83.867 Y91.305
G1 X83.889 Y90.9
G1 Z5.84
G1 E2.5 F6000
M204 P1000
;TYPE:Outer wall
;WIDTH:0.42
G1 F3600
G1 X84.2 Y90.9 E.00927
G2 X84.397 Y87.131 I-.191 J-1.899 E.16128
G2 X83.867 Y87.097 I-.398 J2.015 E.01586
G2 X83.801 Y90.898 I.141 J1.904 E.16824
G1 X83.829 Y90.899 E.00084
G1 X83.807 Y91.302 F18000
G1 X83.778 Y91.3
G1 X83.779 Y91.291
M204 P1500
;TYPE:Inner wall
;WIDTH:0.45
G1 F6000
G1 X84 Y91.301 E.00712
G2 X84.712 Y86.81 I.008 J-2.301 E.20969
G2 X83.847 Y86.705 I-.697 J2.139 E.02819
G2 X83.719 Y91.283 I.161 J2.295 E.21796
G1 X83.754 Y91.698 F18000
G1 F6000
G1 X84 Y91.71 E.00791
G2 X84.837 Y86.422 I.009 J-2.709 E.24688
G2 X83.825 Y86.299 I-.82 J2.515 E.03299
G2 X83.695 Y91.691 I.184 J2.702 E.25757
G1 E-1.75
;WIPE_START
G1 X84 Y91.71 E-.22945
G1 X84.283 Y91.696 E-.21279
G1 X84.563 Y91.651 E-.21269
G1 X84.686 Y91.619 E-.09507
;WIPE_END
G1 X84.583 Y91.234 Z6.04 F18000
G1 X103.689 Y116.311
G1 X116.311 Y116.311
G1 X116.311 Y115.91
G1 X115.91 Y115.91
G1 Z5.84
G1 E2.5 F6000
M204 P1000
;TYPE:Outer wall
;WIDTH:0.42
G1 F3600
G1 X115.91 Y104.09 E.35208
G1 X104.09 Y104.09 E.35208
G1 X104.09 Y115.91 E.35208
G1 X115.85 Y115.91 E.35029
G1 X115.85 Y116.311 F18000
G1 X116.311 Y116.311
G1 X116.311 Y116.302
G1 X116.302 Y116.302
M204 P1500
;TYPE:Inner wall
;WIDTH:0.45
G1 F6000
G1 X116.302 Y103.698 E.4053
G1 X103.698 Y103.698 E.4053
G1 X103.698 Y116.302 E.4053
G1 X116.242 Y116.302 E.40337
G1 X116.709 Y116.709 F18000
G1 F6000
G1 X116.709 Y103.291 E.43148
G1 X103.291 Y103.291 E.43148
G1 X103.291 Y116.709 E.43148
G1 X116.649 Y116.709 E.42955
G1 X117.923 Y115.095 F18000
M204 P2000
;TYPE:Internal solid infill
;WIDTH:0.555
G1 F4933.44
G1 X117.923 Y103.977 E.4497
G1 X117.478 Y115.539 F18000
;WIDTH:0.419999
G1 F6000
G1 X118.367 Y115.539 E.02648
G1 X118.367 Y103.473 E.35942
G1 X117.478 Y103.473 E.02648
G1 X117.478 Y115.479 E.35763
G1 X117.101 Y115.916 F18000
;WIDTH:0.419147
G1 F6000
G1 X118.745 Y115.916 E.04884
G1 X118.745 Y103.096 E.38102
G3 X117.093 Y103.047 I-.411 J-14.038 E.04914
G1 X116.913 Y102.997 E.00555
G1 X117.052 Y103.087 E.00494
G1 X117.101 Y103.917 E.02471
G1 X117.101 Y115.856 E.35482
G1 X116.311 Y115.856 F18000
G1 X116.311 Y116.311
G1 X103.689 Y116.311
G1 X103.689 Y115.916
G1 X102.899 Y115.916
;WIDTH:0.419119
G1 F6000
G1 X102.899 Y103.917 E.35658
G1 X102.951 Y103.087 E.02472
G1 X103.072 Y102.998 E.00447
G1 X102.907 Y103.044 E.00507
G3 X101.255 Y103.096 I-1.241 J-13.143 E.04914
G1 X101.255 Y115.916 E.38099
G1 X102.839 Y115.916 E.04705
G1 X102.522 Y115.539 F18000
;WIDTH:0.419999
G1 F6000
G1 X102.522 Y103.473 E.35942
G1 X101.633 Y103.473 E.02648
G1 X101.633 Y115.539 E.35942
G1 X102.462 Y115.539 E.0247
G1 X102.077 Y115.095 F18000
;WIDTH:0.555
G1 F4933.44
G1 X102.077 Y103.977 E.4497
G1 X103.072 Y102.998 F18000
;WIDTH:0.38292
G1 F6000
G1 X116.853 Y102.997 E.37013
G1 X118.914 Y101.27 F18000
;WIDTH:0.448691
G1 F6000
G1 X101.255 Y101.27 E.56602
G1 X101.255 Y101.676 E.01301
G1 X118.745 Y101.676 E.56058
G1 X118.745 Y102.081 E.01301
G1 X101.255 Y102.081 E.56058
G1 X101.255 Y102.487 E.01301
G1 X118.745 Y102.487 E.56058
G1 X118.745 Y102.893 E.01301
G1 X101.086 Y102.893 E.56602
G1 X100.863 Y105.771 F18000
;TYPE:Sparse infill
;WIDTH:0.45
G1 F6205.95
G1 X100.863 Y103.488 E.07343
G3 X100.476 Y103.161 I.671 J-1.188 E.0164
G1 X99.628 Y101.917 E.0484
G1 X99.43 Y101.719 E.00899
G1 X98.187 Y100.871 E.0484
G1 X97.989 Y100.674 E.00899
G1 X97.141 Y99.43 E.0484
G1 X96.943 Y99.232 E.00899
G1 X95.7 Y98.384 E.0484
G1 X94.456 Y96.745 E.06616
G1 X93.213 Y95.897 E.0484
G1 X93.015 Y95.7 E.00899
G1 X92.167 Y94.456 E.0484
G1 X91.969 Y94.258 E.00899
G1 X90.726 Y93.41 E.0484
G1 X90.528 Y93.213 E.00899
G1 X89.68 Y91.969 E.0484
G1 X89.482 Y91.771 E.00899
G1 X88.496 Y91.099 E.03837
G1 X87.369 Y92.227 E.05128
G1 X88.041 Y93.213 E.03837
G1 X88.239 Y93.41 E.00899
G1 X89.482 Y94.258 E.0484
G1 X89.68 Y94.456 E.00899
G1 X90.528 Y95.7 E.0484
G1 X90.726 Y95.897 E.00899
G1 X91.969 Y96.745 E.0484
G1 X92.167 Y96.943 E.00899
G1 X93.015 Y98.187 E.0484
G1 X93.213 Y98.384 E.00899
G1 X94.456 Y99.232 E.0484
G1 X94.654 Y99.43 E.00899
G1 X95.502 Y100.674 E.0484
G1 X95.7 Y100.871 E.00899
G1 X96.943 Y101.719 E.0484
G1 X97.141 Y101.917 E.00899
G1 X97.989 Y103.161 E.0484
G1 X98.187 Y103.359 E.00899
G1 X99.43 Y104.206 E.0484
G1 X99.628 Y104.404 E.00899
G1 X100.476 Y105.648 E.0484
G2 X100.863 Y105.975 I1.058 J-.861 E.0164
G1 X100.863 Y108.462 E.07997
G3 X100.476 Y108.135 I.671 J-1.188 E.0164
G1 X99.628 Y106.891 E.0484
G1 X97.989 Y105.648 E.06616
G1 X97.141 Y104.404 E.0484
G1 X95.502 Y103.161 E.06616
G1 X94.654 Y101.917 E.0484
G1 X94.456 Y101.719 E.00899
G1 X93.213 Y100.871 E.0484
G1 X91.969 Y99.232 E.06616
G1 X90.726 Y98.384 E.0484
G1 X90.528 Y98.187 E.00899
G1 X89.68 Y96.943 E.0484
G1 X89.482 Y96.745 E.00899
G1 X88.239 Y95.897 E.0484
G1 X88.041 Y95.7 E.00899
G1 X87.193 Y94.456 E.0484
G1 X86.995 Y94.258 E.00899
G1 X86.009 Y93.586 E.03837
G1 X85.655 Y93.941 E.01612
G1 X85.472 Y93.758 E.00831
G1 X84.561 Y94.311 E.03428
G1 X85.554 Y95.7 E.05489
G1 X85.752 Y95.897 E.00899
G1 X86.995 Y96.745 E.0484
G1 X87.193 Y96.943 E.00899
G1 X88.041 Y98.187 E.0484
G1 X88.239 Y98.384 E.00899
G1 X89.482 Y99.232 E.0484
G1 X89.68 Y99.43 E.00899
G1 X90.528 Y100.674 E.0484
G1 X90.726 Y100.871 E.00899
G1 X91.969 Y101.719 E.0484
G1 X92.167 Y101.917 E.00899
G1 X93.015 Y103.161 E.0484
G1 X93.213 Y103.359 E.00899
G1 X94.456 Y104.206 E.0484
G1 X94.654 Y104.404 E.00899
G1 X95.502 Y105.648 E.0484
G1 X95.7 Y105.846 E.00899
G1 X96.943 Y106.693 E.0484
G1 X98.187 Y108.333 E.06616
G1 X99.43 Y109.18 E.0484
G1 X99.628 Y109.378 E.00899
G1 X100.476 Y110.622 E.0484
G2 X100.863 Y110.949 I1.059 J-.861 E.0164
G1 X100.863 Y113.436 E.07997
G3 X100.476 Y113.109 I.671 J-1.188 E.0164
G1 X99.628 Y111.865 E.0484
G1 X99.43 Y111.667 E.00899
G1 X98.187 Y110.82 E.0484
G1 X97.989 Y110.622 E.00899
G1 X97.141 Y109.378 E.0484
G1 X96.943 Y109.18 E.00899
G1 X95.7 Y108.333 E.0484
G1 X95.502 Y108.135 E.00899
G1 X94.654 Y106.891 E.0484
G1 X94.456 Y106.693 E.00899
G1 X93.213 Y105.846 E.0484
G1 X93.015 Y105.648 E.00899
G1 X92.167 Y104.404 E.0484
G1 X90.528 Y103.161 E.06616
G1 X89.68 Y101.917 E.0484
G1 X89.482 Y101.719 E.00899
G1 X88.239 Y100.871 E.0484
G1 X88.041 Y100.674 E.00899
G1 X87.193 Y99.43 E.0484
G1 X86.995 Y99.232 E.00899
G1 X85.752 Y98.384 E.0484
G1 X85.554 Y98.187 E.00899
G1 X84.706 Y96.943 E.0484
G1 X84.508 Y96.745 E.00899
G1 X83.265 Y95.897 E.0484
G1 X83.067 Y95.7 E.00899
G1 X82.364 Y94.669 E.0401
G1 X81.77 Y95.03 E.02234
G1 X77.9 Y91.16 E.176
G1 X78.031 Y90.944 E.00812
G1 X85.518 Y93.485 F18000
M204 P500
;TYPE:Internal Bridge
;WIDTH:0.379473
;HEIGHT:0.379473
G1 F2250
M106 S127
G1 X88.374 Y90.628 E.18046
G1 X88.256 Y90.51 E.00749
G1 X88.829 Y89.567 E.0493
G1 X84.593 Y93.803 E.26761
G1 X83.989 Y94.17 E.03157
G1 X83.803 Y93.985 E.0117
G1 X89.01 Y88.777 E.32894
G1 X88.707 Y88.474 E.01918
G1 X83.5 Y93.681 E.32894
G1 X83.381 Y93.562 E.00749
G1 X82.438 Y94.135 E.0493
G1 X84.557 Y92.016 E.13385
G3 X83.9 Y92.065 I-.566 J-3.161 E.02945
G1 X81.649 Y94.317 E.14224
G1 X81.345 Y94.013 E.01918
G1 X83.356 Y92.002 E.12705
G3 X82.892 Y91.859 I.448 J-2.282 E.02175
G1 X81.042 Y93.71 E.11689
G1 X80.738 Y93.406 E.01918
G1 X82.478 Y91.666 E.10992
G3 X82.116 Y91.42 I2.295 J-3.768 E.01954
G1 X80.434 Y93.102 E.10625
G1 X80.13 Y92.799 E.01918
G1 X81.796 Y91.133 E.10523
G3 X81.516 Y90.805 I1.42 J-1.499 E.01928
G1 X79.827 Y92.495 E.10673
G1 X79.523 Y92.191 E.01918
G1 X81.286 Y90.428 E.11138
G3 X81.101 Y90.006 I1.906 J-1.085 E.02064
G1 X79.219 Y91.887 E.11889
G1 X78.916 Y91.584 E.01918
G1 X80.978 Y89.522 E.13028
G3 X80.931 Y88.961 I3.522 J-.575 E.02516
G1 X78.612 Y91.28 E.14652
G1 X78.428 Y91.096 E.01161
G1 X78.799 Y90.486 E.03192
G1 X81.32 Y87.965 E.15922
G1 X81.847 Y88.167 F18000
G1 X81.888 Y88.06
G1 X81.998 Y87.844
G1 X82.13 Y87.641
G1 X82.282 Y87.453
G1 X82.453 Y87.282
G1 X82.641 Y87.13
G1 X82.844 Y86.998
G1 X83.06 Y86.888
G1 X83.286 Y86.801
G1 X83.519 Y86.739
G1 X83.758 Y86.701
G1 X84 Y86.688
G1 X84.242 Y86.701
G1 X84.481 Y86.739
G1 X84.714 Y86.801
G1 X84.94 Y86.888
G1 X85.156 Y86.998
G1 X85.359 Y87.13
G1 X85.547 Y87.282
G1 X85.718 Y87.453
G1 X85.87 Y87.641
G1 X86.002 Y87.844
G1 X86.112 Y88.06
G1 X86.199 Y88.286
G1 X86.261 Y88.519
G1 X86.299 Y88.758
G1 X86.312 Y89
G1 X86.299 Y89.242
G1 X86.261 Y89.481
G1 X86.21 Y89.672
G1 X86.755 Y89.818
G1 F2250
G1 X89.161 Y87.412 E.15198
G1 X89.528 Y86.808 E.03157
G1 X89.343 Y86.623 E.0117
G1 X87.065 Y88.9 E.14388
G2 X87.002 Y88.356 I-4.273 J.221 E.02448
G1 X89.039 Y86.319 E.12869
G1 X88.736 Y86.016 E.01918
G1 X86.859 Y87.892 E.11853
G2 X86.666 Y87.478 I-2.055 J.707 E.02045
G1 X88.432 Y85.712 E.11156
G1 X88.128 Y85.408 E.01918
G1 X86.42 Y87.116 E.1079
G2 X86.133 Y86.796 I-1.669 J1.21 E.01925
G1 X87.825 Y85.105 E.10687
G1 X87.521 Y84.801 E.01918
G1 X85.805 Y86.516 E.10837
G2 X85.428 Y86.286 I-1.288 J1.689 E.01975
G1 X87.217 Y84.497 E.11302
G1 X86.913 Y84.193 E.01918
G1 X85.006 Y86.101 E.12053
G2 X84.522 Y85.978 I-1.084 J3.241 E.02233
G1 X86.61 Y83.89 E.13192
G1 X86.306 Y83.586 E.01918
G1 X83.952 Y85.941 E.14874
G2 X83.262 Y86.023 I.066 J3.47 E.0311
G1 X85.512 Y83.773 E.14214
G1 X84.575 Y84.342 E.04895
G1 X84.455 Y84.222 E.00757
G1 X79.248 Y89.429 E.32894
G1 X78.945 Y89.126 E.01918
G1 X84.152 Y83.919 E.32894
G1 X83.968 Y83.735 E.01161
G1 X83.357 Y84.106 E.03192
G1 X78.556 Y88.907 E.30331
G1 X77.357 Y87.364 F18000
M204 P2000
;TYPE:Sparse infill
;WIDTH:0.45
;HEIGHT:0.2
G1 F6205.95
M106 S102
G1 X77.357 Y89.647 E.07343
G1 X78.137 Y90.77 E.04395
G1 X78.84 Y89.613 E.04354
G1 X78.233 Y89.005 E.02762
G1 X78.494 Y88.575 E.01618
G3 X78.093 Y88.239 I.689 J-1.229 E.01694
G1 X77.357 Y87.16 E.04197
G1 X77.357 Y84.673 E.07997
G1 X78.093 Y85.752 E.04197
G1 X78.291 Y85.949 E.00899
G1 X79.495 Y86.77 E.04686
G1 X80.553 Y85.712 E.04813
G1 X79.732 Y84.508 E.04686
G1 X79.534 Y84.31 E.00899
G1 X78.291 Y83.462 E.0484
G1 X78.093 Y83.265 E.00899
G1 X77.357 Y82.186 E.04197
G1 X77.357 Y79.699 E.07997
G1 X78.093 Y80.778 E.04197
G1 X78.291 Y80.975 E.00899
G1 X79.534 Y81.823 E.0484
G1 X79.732 Y82.021 E.00899
G1 X80.58 Y83.265 E.0484
G1 X80.778 Y83.462 E.00899
G1 X81.982 Y84.283 E.04686
G1 X82.301 Y83.964 E.01454
G1 X82.484 Y84.147 E.00831
G1 X83.428 Y83.573 E.0355
G3 X83.067 Y83.265 I.636 J-1.108 E.01536
G1 X82.219 Y82.021 E.0484
G1 X82.021 Y81.823 E.00899
G1 X80.778 Y80.975 E.0484
G1 X80.58 Y80.778 E.00899
G1 X79.732 Y79.534 E.0484
G1 X79.534 Y79.336 E.00899
G1 X78.291 Y78.488 E.0484
G1 X78.093 Y78.291 E.00899
G1 X77.484 Y77.397 E.03477
G3 X78.843 Y76.378 I1.64 J.77 E.05686
G3 X79.732 Y77.047 I-1.324 J2.685 E.03599
G1 X80.58 Y78.291 E.0484
G1 X80.778 Y78.488 E.00899
G1 X82.021 Y79.336 E.0484
G1 X83.265 Y80.975 E.06616
G1 X84.508 Y81.823 E.0484
G1 X84.706 Y82.021 E.00899
G1 X85.551 Y83.26 E.04822
G1 X86.186 Y82.874 E.02389
G1 X90.056 Y86.745 E.176
G1 X89.798 Y87.169 E.01596
G1 X90.528 Y88.239 E.04164
G1 X92.167 Y89.482 E.06616
G1 X93.015 Y90.726 E.0484
G1 X93.213 Y90.923 E.00899
G1 X94.456 Y91.771 E.0484
G1 X95.7 Y93.41 E.06616
G1 X96.943 Y94.258 E.0484
G1 X97.141 Y94.456 E.00899
G1 X97.989 Y95.7 E.0484
G1 X98.187 Y95.897 E.00899
G1 X99.43 Y96.745 E.0484
G1 X99.628 Y96.943 E.00899
G1 X100.476 Y98.187 E.0484
G1 X100.674 Y98.384 E.00899
G1 X101.917 Y99.232 E.0484
G1 X102.115 Y99.43 E.00899
G1 X102.963 Y100.674 E.0484
G1 X103.153 Y100.863 E.00863
G1 X101.104 Y100.863 E.06586
G1 X100.925 Y101.043 E.00816
G3 X100.476 Y100.674 I.751 J-1.372 E.0188
G1 X99.628 Y99.43 E.0484
G1 X97.989 Y98.187 E.06616
G1 X97.141 Y96.943 E.0484
G1 X96.943 Y96.745 E.00899
G1 X95.7 Y95.897 E.0484
G1 X95.502 Y95.7 E.00899
G1 X94.654 Y94.456 E.0484
G1 X94.456 Y94.258 E.00899
G1 X93.213 Y93.41 E.0484
G1 X93.015 Y93.213 E.00899
G1 X92.167 Y91.969 E.0484
G1 X90.528 Y90.726 E.06616
G1 X89.68 Y89.482 E.0484
G1 X89.487 Y89.289 E.00879
G1 X89.724 Y88.899 E.01467
G1 X89.116 Y88.292 E.02762
G1 X89.693 Y87.343 E.0357
G1 X108.453 Y76.357 F18000
G1 F6205.95
G1 X106.17 Y76.357 E.07343
G3 X107.089 Y77.047 I-1.364 J2.775 E.03717
G1 X107.937 Y78.291 E.0484
G1 X108.135 Y78.488 E.00899
G1 X109.378 Y79.336 E.0484
G1 X109.576 Y79.534 E.00899
G1 X110.424 Y80.778 E.0484
G1 X110.622 Y80.975 E.00899
G1 X111.865 Y81.823 E.0484
G1 X112.063 Y82.021 E.00899
G1 X112.911 Y83.265 E.0484
G1 X113.109 Y83.462 E.00899
G1 X114.352 Y84.31 E.0484
G1 X114.55 Y84.508 E.00899
G1 X115.398 Y85.752 E.0484
G1 X115.596 Y85.949 E.00899
G1 X116.839 Y86.797 E.0484
G1 X117.037 Y86.995 E.00899
G1 X117.885 Y88.239 E.0484
G1 X118.083 Y88.436 E.00899
G1 X119.326 Y89.284 E.0484
G1 X119.524 Y89.482 E.00899
G1 X120.372 Y90.726 E.0484
G1 X120.57 Y90.923 E.00899
G1 X121.813 Y91.771 E.0484
G1 X122.011 Y91.969 E.00899
G1 X122.859 Y93.213 E.0484
G1 X123.057 Y93.41 E.00899
G1 X124.3 Y94.258 E.0484
G1 X124.498 Y94.456 E.00899
G1 X125.346 Y95.7 E.0484
G1 X125.544 Y95.897 E.00899
G1 X126.787 Y96.745 E.0484
G1 X126.985 Y96.943 E.00899
G1 X127.833 Y98.187 E.0484
G1 X128.031 Y98.384 E.00899
G1 X129.274 Y99.232 E.0484
G1 X129.472 Y99.43 E.00899
G1 X130.32 Y100.674 E.0484
G1 X130.518 Y100.871 E.00899
G1 X131.761 Y101.719 E.0484
G1 X131.959 Y101.917 E.00899
G1 X132.807 Y103.161 E.0484
G1 X133.005 Y103.359 E.00899
G1 X134.248 Y104.206 E.0484
G1 X134.446 Y104.404 E.00899
G1 X135.294 Y105.648 E.0484
G1 X135.492 Y105.846 E.00899
G1 X136.735 Y106.693 E.0484
G1 X136.933 Y106.891 E.00899
G1 X137.781 Y108.135 E.0484
G1 X137.979 Y108.333 E.00899
G1 X139.222 Y109.18 E.0484
G1 X139.42 Y109.378 E.00899
G1 X140.268 Y110.622 E.0484
G1 X140.466 Y110.82 E.00899
G1 X141.709 Y111.667 E.0484
G1 X141.907 Y111.865 E.00899
G1 X142.643 Y112.944 E.04197
G1 X142.643 Y110.457 E.07997
G1 X141.907 Y109.378 E.04197
G1 X141.709 Y109.18 E.00899
G1 X140.466 Y108.333 E.0484
G1 X140.268 Y108.135 E.00899
G1 X139.42 Y106.891 E.0484
G1 X137.781 Y105.648 E.06616
G1 X136.933 Y104.404 E.0484
G1 X136.735 Y104.206 E.00899
G1 X135.492 Y103.359 E.0484
G1 X135.294 Y103.161 E.00899
G1 X134.446 Y101.917 E.0484
G1 X134.248 Y101.719 E.00899
G1 X133.005 Y100.871 E.0484
G1 X132.807 Y100.674 E.00899
G1 X131.959 Y99.43 E.0484
G1 X131.761 Y99.232 E.00899
G1 X130.518 Y98.384 E.0484
G1 X130.32 Y98.187 E.00899
G1 X129.472 Y96.943 E.0484
G1 X129.274 Y96.745 E.00899
G1 X128.031 Y95.897 E.0484
G1 X127.833 Y95.7 E.00899
G1 X126.985 Y94.456 E.0484
G1 X126.787 Y94.258 E.00899
G1 X125.544 Y93.41 E.0484
G1 X125.346 Y93.213 E.00899
G1 X124.498 Y91.969 E.0484
G1 X124.3 Y91.771 E.00899
G1 X123.057 Y90.923 E.0484
G1 X122.859 Y90.726 E.00899
G1 X122.011 Y89.482 E.0484
G1 X120.372 Y88.239 E.06616
G1 X119.524 Y86.995 E.0484
G1 X119.326 Y86.797 E.00899
G1 X118.083 Y85.949 E.0484
G1 X117.885 Y85.752 E.00899
G1 X117.037 Y84.508 E.0484
G1 X116.839 Y84.31 E.00899
G1 X115.596 Y83.462 E.0484
G1 X115.398 Y83.265 E.00899
G1 X114.55 Y82.021 E.0484
G1 X114.352 Y81.823 E.00899
G1 X113.109 Y80.975 E.0484
G1 X112.911 Y80.778 E.00899
G1 X112.063 Y79.534 E.0484
G1 X111.865 Y79.336 E.00899
G1 X110.622 Y78.488 E.0484
G1 X110.424 Y78.291 E.00899
G1 X109.576 Y77.047 E.0484
G2 X108.657 Y76.357 I-2.283 J2.085 E.03717
G1 X111.144 Y76.357 E.07997
G3 X112.063 Y77.047 I-1.364 J2.775 E.03717
G1 X112.911 Y78.291 E.0484
G1 X113.109 Y78.488 E.00899
G1 X114.352 Y79.336 E.0484
G1 X114.55 Y79.534 E.00899
G1 X115.398 Y80.778 E.0484
G1 X115.596 Y80.975 E.00899
G1 X116.839 Y81.823 E.0484
G1 X117.037 Y82.021 E.00899
G1 X117.885 Y83.265 E.0484
G1 X118.083 Y83.462 E.00899
G1 X119.326 Y84.31 E.0484
G1 X119.524 Y84.508 E.00899
G1 X120.372 Y85.752 E.0484
G1 X120.57 Y85.949 E.00899
G1 X121.813 Y86.797 E.0484
G1 X122.011 Y86.995 E.00899
G1 X122.859 Y88.239 E.0484
G1 X123.057 Y88.436 E.00899
G1 X124.3 Y89.284 E.0484
G1 X124.498 Y89.482 E.00899
G1 X125.346 Y90.726 E.0484
G1 X125.544 Y90.923 E.00899
G1 X126.787 Y91.771 E.0484
G1 X126.985 Y91.969 E.00899
G1 X127.833 Y93.213 E.0484
G1 X128.031 Y93.41 E.00899
G1 X129.274 Y94.258 E.0484
G1 X129.472 Y94.456 E.00899
G1 X130.32 Y95.7 E.0484
G1 X130.518 Y95.897 E.00899
G1 X131.761 Y96.745 E.0484
G1 X131.959 Y96.943 E.00899
G1 X132.807 Y98.187 E.0484
G1 X133.005 Y98.384 E.00899
G1 X134.248 Y99.232 E.0484
G1 X134.446 Y99.43 E.00899
G1 X135.294 Y100.674 E.0484
G1 X135.492 Y100.871 E.00899
G1 X136.735 Y101.719 E.0484
G1 X136.933 Y101.917 E.00899
G1 X137.781 Y103.161 E.0484
G1 X137.979 Y103.359 E.00899
G1 X139.222 Y104.206 E.0484
G1 X139.42 Y104.404 E.00899
G1 X140.268 Y105.648 E.0484
G1 X140.466 Y105.846 E.00899
G1 X141.709 Y106.693 E.0484
G1 X141.907 Y106.891 E.00899
G1 X142.643 Y107.97 E.04197
G1 X142.643 Y105.483 E.07997
G1 X141.907 Y104.404 E.04197
G1 X140.268 Y103.161 E.06616
G1 X139.42 Y101.917 E.0484
G1 X139.222 Y101.719 E.00899
G1 X137.979 Y100.871 E.0484
G1 X137.781 Y100.674 E.00899
G1 X136.933 Y99.43 E.0484
G1 X136.735 Y99.232 E.00899
G1 X135.492 Y98.384 E.0484
G1 X135.294 Y98.187 E.00899
G1 X134.446 Y96.943 E.0484
G1 X134.248 Y96.745 E.00899
G1 X133.005 Y95.897 E.0484
G1 X132.807 Y95.7 E.00899
G1 X131.959 Y94.456 E.0484
G1 X131.761 Y94.258 E.00899
G1 X130.518 Y93.41 E.0484
G1 X130.32 Y93.213 E.00899
G1 X129.472 Y91.969 E.0484
G1 X129.274 Y91.771 E.00899
G1 X128.031 Y90.923 E.0484
G1 X127.833 Y90.726 E.00899
G1 X126.985 Y89.482 E.0484
G1 X126.787 Y89.284 E.00899
G1 X125.544 Y88.436 E.0484
G1 X125.346 Y88.239 E.00899
G1 X124.498 Y86.995 E.0484
G1 X124.3 Y86.797 E.00899
G1 X123.057 Y85.949 E.0484
G1 X121.813 Y84.31 E.06616
G1 X120.57 Y83.462 E.0484
G1 X120.372 Y83.265 E.00899
G1 X119.524 Y82.021 E.0484
G1 X119.326 Y81.823 E.00899
G1 X118.083 Y80.975 E.0484
G1 X117.885 Y80.778 E.00899
G1 X117.037 Y79.534 E.0484
G1 X116.839 Y79.336 E.00899
G1 X115.596 Y78.488 E.0484
G1 X115.398 Y78.291 E.00899
G1 X114.55 Y77.047 E.0484
G2 X113.631 Y76.357 I-2.283 J2.085 E.03717
G1 X116.118 Y76.357 E.07997
G3 X117.037 Y77.047 I-1.364 J2.775 E.03717
G1 X117.885 Y78.291 E.0484
G1 X118.083 Y78.488 E.00899
G1 X119.326 Y79.336 E.0484
G1 X120.57 Y80.975 E.06616
G1 X121.813 Y81.823 E.0484
G1 X122.011 Y82.021 E.00899
G1 X122.859 Y83.265 E.0484
G1 X123.057 Y83.462 E.00899
G1 X124.3 Y84.31 E.0484
G1 X124.498 Y84.508 E.00899
G1 X125.346 Y85.752 E.0484
G1 X125.544 Y85.949 E.00899
G1 X126.787 Y86.797 E.0484
G1 X126.985 Y86.995 E.00899
G1 X127.833 Y88.239 E.0484
G1 X128.031 Y88.436 E.00899
G1 X129.274 Y89.284 E.0484
G3 X130.003 Y90.261 I-2.216 J2.414 E.0394
G1 X130.65 Y89.195 E.04008
G1 X130.346 Y88.892 E.01381
G1 X130.592 Y88.487 E.01522
G3 X130.32 Y88.239 I.521 J-.843 E.01192
G1 X129.472 Y86.995 E.0484
G1 X129.274 Y86.797 E.00899
G1 X128.031 Y85.949 E.0484
G1 X127.833 Y85.752 E.00899
G1 X126.985 Y84.508 E.0484
G1 X126.787 Y84.31 E.00899
G1 X125.544 Y83.462 E.0484
G1 X125.346 Y83.265 E.00899
G1 X124.498 Y82.021 E.0484
G1 X124.3 Y81.823 E.00899
G1 X123.057 Y80.975 E.0484
G1 X122.859 Y80.778 E.00899
G1 X122.011 Y79.534 E.0484
G1 X120.372 Y78.291 E.06616
G1 X119.524 Y77.047 E.0484
G2 X118.605 Y76.357 I-2.283 J2.085 E.03717
G1 X121.092 Y76.357 E.07997
G3 X122.011 Y77.047 I-1.364 J2.775 E.03717
G1 X122.859 Y78.291 E.0484
G1 X123.057 Y78.488 E.00899
G1 X124.3 Y79.336 E.0484
G1 X124.498 Y79.534 E.00899
G1 X125.346 Y80.778 E.0484
G1 X125.544 Y80.975 E.00899
G1 X126.787 Y81.823 E.0484
G1 X126.985 Y82.021 E.00899
G1 X127.833 Y83.265 E.0484
G1 X128.031 Y83.462 E.00899
G1 X129.274 Y84.31 E.0484
G1 X129.472 Y84.508 E.00899
G1 X130.32 Y85.752 E.0484
G1 X130.518 Y85.949 E.00899
G1 X131.587 Y86.678 E.0416
G1 X132.688 Y85.577 E.05008
G1 X131.959 Y84.508 E.0416
G1 X130.32 Y83.265 E.06616
G1 X129.472 Y82.021 E.0484
G1 X129.274 Y81.823 E.00899
G1 X128.031 Y80.975 E.0484
G1 X127.833 Y80.778 E.00899
G1 X126.985 Y79.534 E.0484
G1 X125.346 Y78.291 E.06616
G1 X124.498 Y77.047 E.0484
G2 X123.579 Y76.357 I-2.283 J2.085 E.03717
G1 X126.066 Y76.357 E.07997
G3 X126.985 Y77.047 I-1.364 J2.775 E.03717
G1 X127.833 Y78.291 E.0484
G1 X129.472 Y79.534 E.06616
G1 X130.32 Y80.778 E.0484
G1 X130.518 Y80.975 E.00899
G1 X131.761 Y81.823 E.0484
G1 X131.959 Y82.021 E.00899
G1 X132.807 Y83.265 E.0484
G1 X133.005 Y83.462 E.00899
G1 X134.074 Y84.191 E.0416
G1 X134.415 Y83.85 E.01551
G1 X134.598 Y84.033 E.00831
G1 X135.513 Y83.477 E.03444
G3 X135.294 Y83.265 I.452 J-.685 E.00986
G1 X134.446 Y82.021 E.0484
G1 X132.807 Y80.778 E.06616
G1 X131.959 Y79.534 E.0484
G1 X131.761 Y79.336 E.00899
G1 X130.518 Y78.488 E.0484
G1 X130.32 Y78.291 E.00899
G1 X129.472 Y77.047 E.0484
G2 X128.553 Y76.357 I-2.283 J2.085 E.03717
G1 X131.04 Y76.357 E.07997
G3 X131.959 Y77.047 I-1.364 J2.775 E.03717
G1 X132.807 Y78.291 E.0484
G1 X133.005 Y78.488 E.00899
G1 X134.248 Y79.336 E.0484
G1 X134.446 Y79.534 E.00899
G1 X135.294 Y80.778 E.0484
G1 X135.492 Y80.975 E.00899
G1 X136.735 Y81.823 E.0484
G1 X136.933 Y82.021 E.00899
G1 X137.69 Y83.131 E.04319
G1 X138.299 Y82.761 E.02293
G1 X142.17 Y86.631 E.176
G1 X141.929 Y87.027 E.01491
G1 X142.643 Y88.074 E.04073
G1 X142.643 Y90.561 E.07997
G1 X141.907 Y89.482 E.04197
G2 X141.585 Y89.2 I-.907 J.709 E.01384
G1 X141.837 Y88.785 E.01559
G1 X141.23 Y88.178 E.02762
G1 X141.823 Y87.201 E.03676
G1 X142.643 Y90.764 F18000
G1 F6205.95
G1 X142.643 Y93.048 E.07343
G1 X141.907 Y91.969 E.04197
G1 X141.709 Y91.771 E.00899
G1 X140.589 Y91.007 E.04363
G1 X139.504 Y92.092 E.04933
G1 X140.268 Y93.213 E.04363
G1 X140.466 Y93.41 E.00899
G1 X141.709 Y94.258 E.0484
G1 X141.907 Y94.456 E.00899
G1 X142.643 Y95.535 E.04197
G1 X142.643 Y98.022 E.07997
G1 X141.907 Y96.943 E.04197
G1 X141.709 Y96.745 E.00899
G1 X140.466 Y95.897 E.0484
G1 X140.268 Y95.7 E.00899
G1 X139.42 Y94.456 E.0484
G1 X139.222 Y94.258 E.00899
G1 X138.101 Y93.494 E.04363
G1 X137.017 Y94.579 E.04933
G1 X137.781 Y95.7 E.04363
G1 X137.979 Y95.897 E.00899
G1 X139.222 Y96.745 E.0484
G1 X139.42 Y96.943 E.00899
G1 X140.268 Y98.187 E.0484
G1 X140.466 Y98.384 E.00899
G1 X141.709 Y99.232 E.0484
G1 X141.907 Y99.43 E.00899
G1 X142.643 Y100.509 E.04197
G1 X142.643 Y102.996 E.07997
G1 X141.907 Y101.917 E.04197
G1 X141.709 Y101.719 E.00899
G1 X140.466 Y100.871 E.0484
G1 X140.268 Y100.674 E.00899
G1 X139.42 Y99.43 E.0484
G1 X139.222 Y99.232 E.00899
G1 X137.979 Y98.384 E.0484
G1 X137.781 Y98.187 E.00899
G1 X136.933 Y96.943 E.0484
G1 X136.735 Y96.745 E.00899
G1 X135.492 Y95.897 E.0484
G3 X134.739 Y94.885 I2.299 J-2.497 E.0408
G1 X134.188 Y95.22 E.02073
G1 X129.71 Y90.743 E.20362
G1 X129.897 Y90.435 E.01159
G1 X136.201 Y94.428 F18000
M204 P500
;TYPE:Internal Bridge
;WIDTH:0.379473
;HEIGHT:0.379473
G1 F2250
M106 S127
G1 X140.581 Y90.048 E.2767
G1 X141.309 Y88.849 E.06266
G1 X141.241 Y88.781 E.00432
G1 X136.034 Y93.988 E.32894
G1 X135.799 Y93.752 E.01487
G1 X135.45 Y93.964 E.0182
G1 X140.937 Y88.477 E.34662
G1 X140.702 Y88.242 E.01487
G1 X140.913 Y87.893 E.0182
G1 X138.943 Y89.864 E.12446
G3 X136.864 Y91.943 I-2.948 J-.869 E.13699
G1 X134.183 Y94.624 E.16934
G1 X133.879 Y94.32 E.01918
G1 X136.136 Y92.063 E.14255
G3 X135.558 Y92.035 I-.135 J-3.1 E.02591
G1 X133.576 Y94.016 E.1252
G1 X133.272 Y93.713 E.01918
G1 X135.062 Y91.923 E.11305
G3 X134.633 Y91.745 I1.435 J-4.055 E.02076
G1 X132.968 Y93.409 E.10514
G1 X132.665 Y93.105 E.01918
G1 X134.25 Y91.52 E.10016
G3 X133.913 Y91.25 I2.355 J-3.282 E.01931
G1 X132.361 Y92.802 E.09805
G1 X132.057 Y92.498 E.01918
G1 X133.621 Y90.934 E.09877
G3 X133.369 Y90.579 I1.559 J-1.371 E.0195
G1 X131.754 Y92.194 E.10206
G1 X131.45 Y91.891 E.01918
G1 X133.166 Y90.174 E.10842
G3 X133.017 Y89.716 I2.107 J-.938 E.02157
G1 X131.146 Y91.587 E.1182
G1 X130.842 Y91.283 E.01918
G1 X132.939 Y89.187 E.13245
G3 X132.966 Y88.552 I3.085 J-.186 E.02842
G1 X130.402 Y91.116 E.16199
G1 X136 Y91.312 F18000
G1 X136.242 Y91.299
G1 X136.481 Y91.261
G1 X136.714 Y91.199
G1 X136.94 Y91.112
G1 X137.156 Y91.002
G1 X137.359 Y90.87
G1 X137.547 Y90.718
G1 X137.718 Y90.547
G1 X137.87 Y90.359
G1 X138.002 Y90.156
G1 X138.112 Y89.94
G1 X138.199 Y89.714
G1 X138.261 Y89.481
G1 X138.297 Y89.257
G1 X138.854 Y89.345
G1 F2250
G1 X141.573 Y86.626 E.17177
G1 X141.27 Y86.322 E.01918
G1 X139.035 Y88.558 E.1412
G2 X138.923 Y88.062 I-2.417 J.282 E.02275
G1 X140.966 Y86.019 E.12905
G1 X140.662 Y85.715 E.01918
G1 X138.745 Y87.633 E.12113
G2 X138.52 Y87.25 I-1.943 J.885 E.01986
G1 X140.359 Y85.411 E.11616
G1 X140.055 Y85.108 E.01918
G1 X138.25 Y86.913 E.11405
G2 X137.934 Y86.621 I-1.551 J1.356 E.01923
G1 X139.751 Y84.804 E.11477
G1 X139.448 Y84.5 E.01918
G1 X137.579 Y86.369 E.11805
G2 X137.174 Y86.166 I-1.881 J3.246 E.02023
G1 X139.144 Y84.197 E.12442
G1 X138.84 Y83.893 E.01918
G1 X136.716 Y86.017 E.1342
G2 X136.182 Y85.943 I-.64 J2.659 E.0241
G1 X138.536 Y83.589 E.14872
G1 X138.236 Y83.289 E.01899
G1 X135.307 Y86.211 E.18482
G1 X137.249 Y83.662 F18000
G1 F2250
G1 X130.248 Y90.663 E.44228
G1 X131.175 Y89.129 E.08008
G1 X136.382 Y83.922 E.32894
G1 X136.081 Y83.621 E.01899
G1 X136.066 Y83.631 E.00083
G1 X130.884 Y88.812 E.32733
G1 X131.811 Y87.278 E.08008
G1 X135.094 Y83.995 E.20741
G1 X135.81 Y76.357 F18000
M204 P2000
;TYPE:Sparse infill
;WIDTH:0.45
;HEIGHT:0.2
G1 F6205.95
M106 S102
G1 X133.527 Y76.357 E.07343
G3 X134.446 Y77.047 I-1.364 J2.775 E.03717
G1 X135.294 Y78.291 E.0484
G1 X135.492 Y78.488 E.00899
G1 X136.735 Y79.336 E.0484
G1 X136.933 Y79.534 E.00899
G1 X137.781 Y80.778 E.0484
G1 X137.979 Y80.975 E.00899
G1 X139.222 Y81.823 E.0484
G1 X139.42 Y82.021 E.00899
G1 X140.268 Y83.265 E.0484
G1 X140.466 Y83.462 E.00899
G1 X141.709 Y84.31 E.0484
G1 X141.907 Y84.508 E.00899
G1 X142.643 Y85.587 E.04197
G1 X142.643 Y83.1 E.07997
G1 X141.907 Y82.021 E.04197
G1 X141.709 Y81.823 E.00899
G1 X140.466 Y80.975 E.0484
G1 X140.268 Y80.778 E.00899
G1 X139.42 Y79.534 E.0484
G1 X139.222 Y79.336 E.00899
G1 X137.979 Y78.488 E.0484
G1 X137.781 Y78.291 E.00899
G1 X136.933 Y77.047 E.0484
G2 X136.014 Y76.357 I-2.283 J2.085 E.03717
G1 X138.501 Y76.357 E.07997
G3 X139.42 Y77.047 I-1.364 J2.775 E.03717
G1 X140.268 Y78.291 E.0484
G1 X140.466 Y78.488 E.00899
G1 X141.709 Y79.336 E.0484
G1 X141.907 Y79.534 E.00899
G1 X142.643 Y80.613 E.04197
G1 X142.643 Y78.126 E.07997
G1 X141.907 Y77.047 E.04197
G2 X140.965 Y76.357 I-3.84 J4.26 E.03762
G1 X138.705 Y76.357 E.07267
G1 X138.705 Y75.611 F18000
G1 X116.311 Y116.311
G1 X106.696 Y119.137
G1 F6205.95
G1 X104.412 Y119.137 E.07343
G1 X104.602 Y119.326 E.00862
G1 X105.45 Y120.57 E.0484
G1 X105.648 Y120.768 E.00899
G1 X106.891 Y121.616 E.0484
G1 X107.089 Y121.813 E.00899
G1 X107.937 Y123.057 E.0484
G1 X108.135 Y123.255 E.00899
G1 X109.378 Y124.103 E.0484
G1 X110.622 Y125.742 E.06616
G1 X111.865 Y126.59 E.0484
G1 X112.063 Y126.787 E.00899
G1 X112.911 Y128.031 E.0484
G1 X113.109 Y128.229 E.00899
G1 X114.352 Y129.077 E.0484
G1 X114.55 Y129.274 E.00899
G1 X115.398 Y130.518 E.0484
G1 X115.596 Y130.716 E.00899
G1 X116.839 Y131.564 E.0484
G1 X117.037 Y131.761 E.00899
G1 X117.885 Y133.005 E.0484
G1 X118.083 Y133.203 E.00899
G1 X119.326 Y134.051 E.0484
G1 X119.524 Y134.248 E.00899
G1 X120.372 Y135.492 E.0484
G1 X120.57 Y135.69 E.00899
G1 X121.813 Y136.538 E.0484
G1 X122.011 Y136.735 E.00899
G1 X122.859 Y137.979 E.0484
G1 X123.057 Y138.177 E.00899
G1 X124.3 Y139.025 E.0484
G1 X124.498 Y139.222 E.00899
G1 X125.346 Y140.466 E.0484
G1 X126.985 Y141.709 E.06616
G1 X127.833 Y142.953 E.0484
G2 X128.752 Y143.643 I2.283 J-2.085 E.03717
G1 X131.239 Y143.643 E.07997
G3 X130.32 Y142.953 I1.364 J-2.775 E.03717
G1 X129.472 Y141.709 E.0484
G1 X129.274 Y141.512 E.00899
G1 X128.031 Y140.664 E.0484
G1 X126.787 Y139.025 E.06616
G1 X125.544 Y138.177 E.0484
G1 X125.346 Y137.979 E.00899
G1 X124.498 Y136.735 E.0484
G1 X124.3 Y136.538 E.00899
G1 X123.057 Y135.69 E.0484
G1 X122.859 Y135.492 E.00899
G1 X122.011 Y134.248 E.0484
G1 X121.813 Y134.051 E.00899
G1 X120.57 Y133.203 E.0484
G1 X120.372 Y133.005 E.00899
G1 X119.524 Y131.761 E.0484
G1 X117.885 Y130.518 E.06616
G1 X117.037 Y129.274 E.0484
G1 X116.839 Y129.077 E.00899
G1 X115.596 Y128.229 E.0484
G1 X115.398 Y128.031 E.00899
G1 X114.55 Y126.787 E.0484
G1 X114.352 Y126.59 E.00899
G1 X113.109 Y125.742 E.0484
G1 X112.911 Y125.544 E.00899
G1 X112.063 Y124.3 E.0484
G1 X111.865 Y124.103 E.00899
G1 X110.622 Y123.255 E.0484
G1 X110.424 Y123.057 E.00899
G1 X109.576 Y121.813 E.0484
G1 X109.378 Y121.616 E.00899
G1 X108.135 Y120.768 E.0484
G1 X107.937 Y120.57 E.00899
G1 X107.089 Y119.326 E.0484
G1 X106.899 Y119.137 E.00862
G1 X109.183 Y119.137 E.07343
G1 X112.077 Y119.137 F18000
G1 F6205.95
G1 X114.36 Y119.137 E.07343
G1 X114.55 Y119.326 E.00862
G1 X115.398 Y120.57 E.0484
G1 X115.596 Y120.768 E.00899
G1 X116.839 Y121.616 E.0484
G1 X117.037 Y121.813 E.00899
G1 X117.885 Y123.057 E.0484
G1 X118.083 Y123.255 E.00899
G1 X119.326 Y124.103 E.0484
G1 X119.524 Y124.3 E.00899
G1 X120.372 Y125.544 E.0484
G1 X120.57 Y125.742 E.00899
G1 X121.813 Y126.59 E.0484
G1 X123.057 Y128.229 E.06616
G1 X124.3 Y129.077 E.0484
G1 X124.498 Y129.274 E.00899
G1 X125.346 Y130.518 E.0484
G1 X125.544 Y130.716 E.00899
G1 X126.787 Y131.564 E.0484
G1 X126.985 Y131.761 E.00899
G1 X127.833 Y133.005 E.0484
G1 X128.031 Y133.203 E.00899
G1 X129.274 Y134.051 E.0484
G1 X129.472 Y134.248 E.00899
G1 X130.32 Y135.492 E.0484
G1 X130.518 Y135.69 E.00899
G1 X131.761 Y136.538 E.0484
G1 X131.959 Y136.735 E.00899
G1 X132.807 Y137.979 E.0484
G1 X133.005 Y138.177 E.00899
G1 X134.248 Y139.025 E.0484
G1 X135.492 Y140.664 E.06616
G1 X136.735 Y141.512 E.0484
G1 X136.933 Y141.709 E.00899
G1 X137.781 Y142.953 E.0484
G2 X138.7 Y143.643 I2.283 J-2.085 E.03717
G1 X136.213 Y143.643 E.07997
G3 X135.294 Y142.953 I1.364 J-2.775 E.03717
G1 X134.446 Y141.709 E.0484
G1 X134.248 Y141.512 E.00899
G1 X133.005 Y140.664 E.0484
G1 X131.761 Y139.025 E.06616
G1 X130.518 Y138.177 E.0484
G1 X130.32 Y137.979 E.00899
G1 X129.472 Y136.735 E.0484
G1 X129.274 Y136.538 E.00899
G1 X128.031 Y135.69 E.0484
G1 X127.833 Y135.492 E.00899
G1 X126.985 Y134.248 E.0484
G1 X126.787 Y134.051 E.00899
G1 X125.544 Y133.203 E.0484
G1 X125.346 Y133.005 E.00899
G1 X124.498 Y131.761 E.0484
G1 X124.3 Y131.564 E.00899
G1 X123.057 Y130.716 E.0484
G1 X122.859 Y130.518 E.00899
G1 X122.011 Y129.274 E.0484
G1 X121.813 Y129.077 E.00899
G1 X120.57 Y128.229 E.0484
G1 X120.372 Y128.031 E.00899
G1 X119.524 Y126.787 E.0484
G1 X119.326 Y126.59 E.00899
G1 X118.083 Y125.742 E.0484
G1 X117.885 Y125.544 E.00899
G1 X117.037 Y124.3 E.0484
G1 X116.839 Y124.103 E.00899
G1 X115.596 Y123.255 E.0484
G1 X114.352 Y121.616 E.06616
G1 X113.109 Y120.768 E.0484
G1 X112.911 Y120.57 E.00899
G1 X112.063 Y119.326 E.0484
G1 X111.873 Y119.137 E.00862
G1 X109.386 Y119.137 E.07997
G1 X109.576 Y119.326 E.00862
G1 X110.424 Y120.57 E.0484
G1 X110.622 Y120.768 E.00899
G1 X111.865 Y121.616 E.0484
G1 X112.063 Y121.813 E.00899
G1 X112.911 Y123.057 E.0484
G1 X113.109 Y123.255 E.00899
G1 X114.352 Y124.103 E.0484
G1 X114.55 Y124.3 E.00899
G1 X115.398 Y125.544 E.0484
G1 X115.596 Y125.742 E.00899
G1 X116.839 Y126.59 E.0484
G1 X117.037 Y126.787 E.00899
G1 X117.885 Y128.031 E.0484
G1 X119.524 Y129.274 E.06616
G1 X120.372 Y130.518 E.0484
G1 X120.57 Y130.716 E.00899
G1 X121.813 Y131.564 E.0484
G1 X122.011 Y131.761 E.00899
G1 X122.859 Y133.005 E.0484
G1 X123.057 Y133.203 E.00899
G1 X124.3 Y134.051 E.0484
G1 X124.498 Y134.248 E.00899
G1 X125.346 Y135.492 E.0484
G1 X125.544 Y135.69 E.00899
G1 X126.787 Y136.538 E.0484
G1 X126.985 Y136.735 E.00899
G1 X127.833 Y137.979 E.0484
G1 X128.031 Y138.177 E.00899
G1 X129.274 Y139.025 E.0484
G1 X130.518 Y140.664 E.06616
G1 X131.761 Y141.512 E.0484
G1 X131.959 Y141.709 E.00899
G1 X132.807 Y142.953 E.0484
G2 X133.726 Y143.643 I2.283 J-2.085 E.03717
G1 X131.443 Y143.643 E.07343
G1 X130.248 Y132.57 F18000
G1 F6205.95
G1 X130.814 Y131.639 E.03506
G1 X130.207 Y131.031 E.02762
G1 X130.444 Y130.641 E.01467
G1 X129.472 Y129.274 E.05393
G1 X127.833 Y128.031 E.06616
G1 X126.985 Y126.787 E.0484
G1 X126.787 Y126.59 E.00899
G1 X125.544 Y125.742 E.0484
G1 X125.346 Y125.544 E.00899
G1 X124.498 Y124.3 E.0484
G1 X124.3 Y124.103 E.00899
G1 X123.057 Y123.255 E.0484
G1 X122.859 Y123.057 E.00899
G1 X122.011 Y121.813 E.0484
G1 X120.372 Y120.57 E.06616
G1 X119.524 Y119.326 E.0484
G2 X119.075 Y118.957 I-1.2 J1.002 E.0188
G1 X118.896 Y119.137 E.00816
G1 X116.847 Y119.137 E.06586
G1 X117.037 Y119.326 E.00862
G1 X117.885 Y120.57 E.0484
G1 X118.083 Y120.768 E.00899
G1 X119.326 Y121.616 E.0484
G1 X119.524 Y121.813 E.00899
G1 X120.372 Y123.057 E.0484
G1 X120.57 Y123.255 E.00899
G1 X121.813 Y124.103 E.0484
G1 X122.011 Y124.3 E.00899
G1 X122.859 Y125.544 E.0484
G1 X123.057 Y125.742 E.00899
G1 X124.3 Y126.59 E.0484
G1 X125.544 Y128.229 E.06616
G1 X126.787 Y129.077 E.0484
G1 X126.985 Y129.274 E.00899
G1 X127.833 Y130.518 E.0484
G1 X129.472 Y131.761 E.06616
G1 X130.142 Y132.744 E.03826
G1 X129.874 Y133.186 E.01661
G1 X133.745 Y137.056 E.176
G1 X134.381 Y136.67 E.02393
G1 X135.294 Y137.979 E.05133
G1 X135.492 Y138.177 E.00899
G1 X136.735 Y139.025 E.0484
G1 X137.979 Y140.664 E.06616
G1 X139.222 Y141.512 E.0484
G1 X139.42 Y141.709 E.00899
G1 X140.268 Y142.953 E.0484
G2 X141.157 Y143.622 I2.213 J-2.016 E.03599
G2 X142.516 Y142.603 I-.28 J-1.79 E.05686
G1 X141.907 Y141.709 E.03477
G1 X141.709 Y141.512 E.00899
G1 X140.466 Y140.664 E.0484
G1 X140.268 Y140.466 E.00899
G1 X139.42 Y139.222 E.0484
G1 X139.222 Y139.025 E.00899
G1 X137.979 Y138.177 E.0484
G1 X137.781 Y137.979 E.00899
G1 X136.933 Y136.735 E.0484
G2 X136.486 Y136.367 I-1.197 J.999 E.01874
G1 X137.446 Y135.784 E.03614
G1 X137.629 Y135.967 E.00831
G1 X137.942 Y135.653 E.01425
G1 X139.222 Y136.538 E.05003
G1 X139.42 Y136.735 E.00899
G1 X140.268 Y137.979 E.0484
G1 X140.466 Y138.177 E.00899
G1 X141.709 Y139.025 E.0484
G1 X141.907 Y139.222 E.00899
G1 X142.643 Y140.301 E.04197
G1 X142.643 Y137.814 E.07997
G1 X141.907 Y136.735 E.04197
G1 X141.709 Y136.538 E.00899
G1 X140.466 Y135.69 E.0484
G1 X140.268 Y135.492 E.00899
G1 X139.384 Y134.212 E.05003
G1 X140.429 Y133.166 E.04756
G1 X141.709 Y134.051 E.05003
G1 X141.907 Y134.248 E.00899
G1 X142.643 Y135.327 E.04197
G1 X142.643 Y132.84 E.07997
G1 X141.907 Y131.761 E.04197
G2 X141.427 Y131.371 I-1.272 J1.075 E.02002
G1 X141.698 Y130.925 E.01677
G1 X141.09 Y130.318 E.02762
G1 X141.793 Y129.16 E.04354
G1 X142.643 Y130.353 E.04708
G1 X142.643 Y127.866 E.07997
G1 X141.907 Y126.787 E.04197
G1 X140.268 Y125.544 E.06616
G1 X139.42 Y124.3 E.0484
G1 X139.222 Y124.103 E.00899
G1 X137.979 Y123.255 E.0484
G1 X137.781 Y123.057 E.00899
G1 X136.933 Y121.813 E.0484
G1 X136.735 Y121.616 E.00899
G1 X135.492 Y120.768 E.0484
G1 X135.294 Y120.57 E.00899
G1 X134.446 Y119.326 E.0484
G1 X134.248 Y119.129 E.00899
G1 X133.005 Y118.281 E.0484
G1 X132.807 Y118.083 E.00899
G1 X131.959 Y116.839 E.0484
G1 X131.761 Y116.641 E.00899
G1 X130.518 Y115.794 E.0484
G1 X130.32 Y115.596 E.00899
G1 X129.472 Y114.352 E.0484
G1 X129.274 Y114.154 E.00899
G1 X128.031 Y113.307 E.0484
G1 X127.833 Y113.109 E.00899
G1 X126.985 Y111.865 E.0484
G1 X126.787 Y111.667 E.00899
G1 X125.544 Y110.82 E.0484
G1 X125.346 Y110.622 E.00899
G1 X124.498 Y109.378 E.0484
G1 X122.859 Y108.135 E.06616
G1 X122.011 Y106.891 E.0484
G1 X121.813 Y106.693 E.00899
G1 X120.57 Y105.846 E.0484
G1 X120.372 Y105.648 E.00899
G1 X119.524 Y104.404 E.0484
G2 X119.137 Y104.077 I-1.058 J.861 E.0164
G1 X119.137 Y106.564 E.07997
G3 X119.524 Y106.891 I-.671 J1.188 E.0164
G1 X120.372 Y108.135 E.0484
G1 X120.57 Y108.333 E.00899
G1 X121.813 Y109.18 E.0484
G1 X122.011 Y109.378 E.00899
G1 X122.859 Y110.622 E.0484
G1 X123.057 Y110.82 E.00899
G1 X124.3 Y111.667 E.0484
G1 X124.498 Y111.865 E.00899
G1 X125.346 Y113.109 E.0484
G1 X125.544 Y113.307 E.00899
G1 X126.787 Y114.154 E.0484
G1 X126.985 Y114.352 E.00899
G1 X127.833 Y115.596 E.0484
G1 X129.472 Y116.839 E.06616
G1 X130.32 Y118.083 E.0484
G1 X130.518 Y118.281 E.00899
G1 X131.761 Y119.129 E.0484
G1 X131.959 Y119.326 E.00899
G1 X132.807 Y120.57 E.0484
G1 X133.005 Y120.768 E.00899
G1 X134.248 Y121.616 E.0484
G1 X134.446 Y121.813 E.00899
G1 X135.294 Y123.057 E.0484
G1 X135.492 Y123.255 E.00899
G1 X136.735 Y124.103 E.0484
G1 X136.933 Y124.3 E.00899
G1 X137.582 Y125.251 E.03702
G1 X138.16 Y124.9 E.02175
G1 X142.03 Y128.77 E.176
G1 X141.899 Y128.986 E.00812
G1 X141.159 Y131.378 F18000
M204 P500
;TYPE:Internal Bridge
;WIDTH:0.379473
;HEIGHT:0.379473
G1 F2250
M106 S127
G1 X136.928 Y135.609 E.26731
G1 X135.963 Y136.196 E.05045
G1 X135.848 Y136.081 E.00722
G1 X141.055 Y130.874 E.32894
G1 X140.752 Y130.571 E.01918
G1 X135.545 Y135.778 E.32894
G1 X135.355 Y135.588 E.01197
G1 X134.773 Y135.942 E.03041
G1 X136.738 Y133.977 E.12413
G3 X136.039 Y134.069 I-.775 J-3.191 E.03156
G1 X133.694 Y136.414 E.14815
G1 X133.39 Y136.11 E.01918
G1 X135.478 Y134.022 E.13191
G3 X134.994 Y133.899 I.6 J-3.364 E.02233
G1 X133.086 Y135.806 E.12053
G1 X132.783 Y135.503 E.01918
G1 X134.572 Y133.714 E.11302
G3 X134.195 Y133.484 I2.362 J-4.298 E.01975
G1 X132.479 Y135.199 E.10837
G1 X132.175 Y134.895 E.01918
G1 X133.867 Y133.204 E.10687
G3 X133.58 Y132.884 I1.381 J-1.53 E.01925
G1 X131.872 Y134.592 E.1079
G1 X131.568 Y134.288 E.01918
G1 X133.334 Y132.522 E.11156
G3 X133.141 Y132.108 I1.861 J-1.121 E.02045
G1 X131.264 Y133.984 E.11853
G1 X130.961 Y133.681 E.01918
G1 X132.998 Y131.644 E.12869
G3 X132.935 Y131.099 I4.214 J-.766 E.02448
G1 X130.657 Y133.377 E.14388
G1 X130.402 Y133.122 E.01609
G1 X130.554 Y132.873 E.01304
G1 X133.245 Y130.182 E.16999
G1 X133.79 Y130.328 F18000
G1 X133.739 Y130.519
G1 X133.701 Y130.758
G1 X133.688 Y131
G1 X133.701 Y131.242
G1 X133.739 Y131.481
G1 X133.801 Y131.714
G1 X133.888 Y131.94
G1 X133.998 Y132.156
G1 X134.13 Y132.359
G1 X134.282 Y132.547
G1 X134.453 Y132.718
G1 X134.641 Y132.87
G1 X134.844 Y133.002
G1 X135.06 Y133.112
G1 X135.286 Y133.199
G1 X135.519 Y133.261
G1 X135.758 Y133.299
G1 X136 Y133.312
G1 X136.242 Y133.299
G1 X136.481 Y133.261
G1 X136.714 Y133.199
G1 X136.94 Y133.112
G1 X137.156 Y133.002
G1 X137.359 Y132.87
G1 X137.547 Y132.718
G1 X137.718 Y132.547
G1 X137.87 Y132.359
G1 X138.002 Y132.156
G1 X138.112 Y131.94
G1 X138.153 Y131.832
G1 X138.68 Y132.035
G1 F2250
G1 X140.916 Y129.799 E.14121
G1 X141.502 Y128.834 E.05045
G1 X141.388 Y128.72 E.00722
G1 X139.069 Y131.039 E.14651
G2 X139.022 Y130.478 I-3.57 J.014 E.02516
G1 X141.084 Y128.416 E.13027
G1 X140.781 Y128.112 E.01918
G1 X138.899 Y129.994 E.11889
G2 X138.714 Y129.572 I-2.091 J.663 E.02064
G1 X140.477 Y127.809 E.11137
G1 X140.173 Y127.505 E.01918
G1 X138.484 Y129.195 E.10672
G2 X138.204 Y128.867 I-1.701 J1.171 E.01928
G1 X139.869 Y127.201 E.10523
G1 X139.566 Y126.898 E.01918
G1 X137.884 Y128.58 E.10626
G2 X137.522 Y128.334 I-2.655 J3.521 E.01954
G1 X139.262 Y126.594 E.10992
G1 X138.958 Y126.29 E.01918
G1 X137.108 Y128.141 E.11689
G2 X136.644 Y127.998 I-.912 J2.139 E.02175
G1 X138.655 Y125.987 E.12705
G1 X138.351 Y125.683 E.01918
G1 X136.092 Y127.942 E.14273
G2 X135.441 Y127.986 I-.173 J2.321 E.02922
G1 X137.847 Y125.58 E.15198
G1 X136.549 Y126.368 E.06783
G1 X136.5 Y126.319 E.00309
G1 X131.293 Y131.526 E.32894
G1 X130.989 Y131.222 E.01918
G1 X136.196 Y126.015 E.32894
G1 X135.942 Y125.761 E.01609
G1 X135.692 Y125.912 E.01304
G1 X130.886 Y130.718 E.30361
G1 X131.675 Y129.421 E.06783
G1 X131.626 Y129.372 E.00309
G1 X134.721 Y126.276 E.19555
G1 X142.643 Y113.147 F18000
M204 P2000
;TYPE:Sparse infill
;WIDTH:0.45
;HEIGHT:0.2
G1 F6205.95
M106 S102
G1 X142.643 Y115.431 E.07343
G1 X141.907 Y114.352 E.04197
G1 X141.709 Y114.154 E.00899
G1 X140.466 Y113.307 E.0484
G1 X140.268 Y113.109 E.00899
G1 X139.42 Y111.865 E.0484
G1 X139.222 Y111.667 E.00899
G1 X137.979 Y110.82 E.0484
G1 X137.781 Y110.622 E.00899
G1 X136.933 Y109.378 E.0484
G1 X136.735 Y109.18 E.00899
G1 X135.492 Y108.333 E.0484
G1 X135.294 Y108.135 E.00899
G1 X134.446 Y106.891 E.0484
G1 X134.248 Y106.693 E.00899
G1 X133.005 Y105.846 E.0484
G1 X132.807 Y105.648 E.00899
G1 X131.959 Y104.404 E.0484
G1 X131.761 Y104.206 E.00899
G1 X130.518 Y103.359 E.0484
G1 X130.32 Y103.161 E.00899
G1 X129.472 Y101.917 E.0484
G1 X129.274 Y101.719 E.00899
G1 X128.031 Y100.871 E.0484
G1 X127.833 Y100.674 E.00899
G1 X126.985 Y99.43 E.0484
G1 X126.787 Y99.232 E.00899
G1 X125.544 Y98.384 E.0484
G1 X125.346 Y98.187 E.00899
G1 X124.498 Y96.943 E.0484
G1 X124.3 Y96.745 E.00899
G1 X123.057 Y95.897 E.0484
G1 X122.859 Y95.7 E.00899
G1 X122.011 Y94.456 E.0484
G1 X121.813 Y94.258 E.00899
G1 X120.57 Y93.41 E.0484
G1 X120.372 Y93.213 E.00899
G1 X119.524 Y91.969 E.0484
G1 X119.326 Y91.771 E.00899
G1 X118.083 Y90.923 E.0484
G1 X117.885 Y90.726 E.00899
G1 X117.037 Y89.482 E.0484
G1 X116.839 Y89.284 E.00899
G1 X115.596 Y88.436 E.0484
G1 X115.398 Y88.239 E.00899
G1 X114.55 Y86.995 E.0484
G1 X114.352 Y86.797 E.00899
G1 X113.109 Y85.949 E.0484
G1 X112.911 Y85.752 E.00899
G1 X112.063 Y84.508 E.0484
G1 X111.865 Y84.31 E.00899
G1 X110.622 Y83.462 E.0484
G1 X110.424 Y83.265 E.00899
G1 X109.576 Y82.021 E.0484
G1 X109.378 Y81.823 E.00899
G1 X108.135 Y80.975 E.0484
G1 X107.937 Y80.778 E.00899
G1 X107.089 Y79.534 E.0484
G1 X106.891 Y79.336 E.00899
G1 X105.648 Y78.488 E.0484
G1 X105.45 Y78.291 E.00899
G1 X104.602 Y77.047 E.0484
G2 X103.683 Y76.357 I-2.283 J2.085 E.03717
G1 X101.196 Y76.357 E.07997
G3 X102.115 Y77.047 I-1.364 J2.775 E.03717
G1 X102.963 Y78.291 E.0484
G1 X103.161 Y78.488 E.00899
G1 X104.404 Y79.336 E.0484
G1 X104.602 Y79.534 E.00899
G1 X105.45 Y80.778 E.0484
G1 X107.089 Y82.021 E.06616
G1 X107.937 Y83.265 E.0484
G1 X108.135 Y83.462 E.00899
G1 X109.378 Y84.31 E.0484
G1 X109.576 Y84.508 E.00899
G1 X110.424 Y85.752 E.0484
G1 X110.622 Y85.949 E.00899
G1 X111.865 Y86.797 E.0484
G1 X112.063 Y86.995 E.00899
G1 X112.911 Y88.239 E.0484
G1 X113.109 Y88.436 E.00899
G1 X114.352 Y89.284 E.0484
G1 X114.55 Y89.482 E.00899
G1 X115.398 Y90.726 E.0484
G1 X115.596 Y90.923 E.00899
G1 X116.839 Y91.771 E.0484
G1 X117.037 Y91.969 E.00899
G1 X117.885 Y93.213 E.0484
G1 X118.083 Y93.41 E.00899
G1 X119.326 Y94.258 E.0484
G1 X119.524 Y94.456 E.00899
G1 X120.372 Y95.7 E.0484
G1 X122.011 Y96.943 E.06616
G1 X122.859 Y98.187 E.0484
G1 X123.057 Y98.384 E.00899
G1 X124.3 Y99.232 E.0484
G1 X124.498 Y99.43 E.00899
G1 X125.346 Y100.674 E.0484
G1 X126.985 Y101.917 E.06616
G1 X127.833 Y103.161 E.0484
G1 X128.031 Y103.359 E.00899
G1 X129.274 Y104.206 E.0484
G1 X129.472 Y104.404 E.00899
G1 X130.32 Y105.648 E.0484
G1 X130.518 Y105.846 E.00899
G1 X131.761 Y106.693 E.0484
G1 X131.959 Y106.891 E.00899
G1 X132.807 Y108.135 E.0484
G1 X133.005 Y108.333 E.00899
G1 X134.248 Y109.18 E.0484
G1 X134.446 Y109.378 E.00899
G1 X135.294 Y110.622 E.0484
G1 X135.492 Y110.82 E.00899
G1 X136.735 Y111.667 E.0484
G1 X136.933 Y111.865 E.00899
G1 X137.781 Y113.109 E.0484
G1 X137.979 Y113.307 E.00899
G1 X139.222 Y114.154 E.0484
G1 X140.466 Y115.794 E.06616
G1 X141.709 Y116.641 E.0484
G1 X141.907 Y116.839 E.00899
G1 X142.643 Y117.918 E.04197
G1 X142.643 Y120.405 E.07997
G1 X141.907 Y119.326 E.04197
G1 X141.709 Y119.129 E.00899
G1 X140.466 Y118.281 E.0484
G1 X140.268 Y118.083 E.00899
G1 X139.42 Y116.839 E.0484
G1 X139.222 Y116.641 E.00899
G1 X137.979 Y115.794 E.0484
G1 X137.781 Y115.596 E.00899
G1 X136.933 Y114.352 E.0484
G1 X136.735 Y114.154 E.00899
G1 X135.492 Y113.307 E.0484
G1 X135.294 Y113.109 E.00899
G1 X134.446 Y111.865 E.0484
G1 X134.248 Y111.667 E.00899
G1 X133.005 Y110.82 E.0484
G1 X132.807 Y110.622 E.00899
G1 X131.959 Y109.378 E.0484
G1 X131.761 Y109.18 E.00899
G1 X130.518 Y108.333 E.0484
G1 X130.32 Y108.135 E.00899
G1 X129.472 Y106.891 E.0484
G1 X129.274 Y106.693 E.00899
G1 X128.031 Y105.846 E.0484
G1 X127.833 Y105.648 E.00899
G1 X126.985 Y104.404 E.0484
G1 X126.787 Y104.206 E.00899
G1 X125.544 Y103.359 E.0484
G1 X125.346 Y103.161 E.00899
G1 X124.498 Y101.917 E.0484
G1 X124.3 Y101.719 E.00899
G1 X123.057 Y100.871 E.0484
G1 X122.859 Y100.674 E.00899
G1 X122.011 Y99.43 E.0484
G1 X121.813 Y99.232 E.00899
G1 X120.57 Y98.384 E.0484
G1 X120.372 Y98.187 E.00899
G1 X119.524 Y96.943 E.0484
G1 X119.326 Y96.745 E.00899
G1 X118.083 Y95.897 E.0484
G1 X117.885 Y95.7 E.00899
G1 X117.037 Y94.456 E.0484
G1 X116.839 Y94.258 E.00899
G1 X115.596 Y93.41 E.0484
G1 X115.398 Y93.213 E.00899
G1 X114.55 Y91.969 E.0484
G1 X114.352 Y91.771 E.00899
G1 X113.109 Y90.923 E.0484
G1 X112.911 Y90.726 E.00899
G1 X112.063 Y89.482 E.0484
G1 X111.865 Y89.284 E.00899
G1 X110.622 Y88.436 E.0484
G1 X110.424 Y88.239 E.00899
G1 X109.576 Y86.995 E.0484
G1 X109.378 Y86.797 E.00899
G1 X108.135 Y85.949 E.0484
G1 X107.937 Y85.752 E.00899
G1 X107.089 Y84.508 E.0484
G1 X106.891 Y84.31 E.00899
G1 X105.648 Y83.462 E.0484
G1 X105.45 Y83.265 E.00899
G1 X104.602 Y82.021 E.0484
G1 X104.404 Y81.823 E.00899
G1 X103.161 Y80.975 E.0484
G1 X102.963 Y80.778 E.00899
G1 X102.115 Y79.534 E.0484
G1 X101.917 Y79.336 E.00899
G1 X100.674 Y78.488 E.0484
G1 X100.476 Y78.291 E.00899
G1 X99.628 Y77.047 E.0484
G2 X98.709 Y76.357 I-2.283 J2.085 E.03717
G1 X96.222 Y76.357 E.07997
G3 X97.141 Y77.047 I-1.364 J2.775 E.03717
G1 X97.989 Y78.291 E.0484
G1 X98.187 Y78.488 E.00899
G1 X99.43 Y79.336 E.0484
G1 X99.628 Y79.534 E.00899
G1 X100.476 Y80.778 E.0484
G1 X100.674 Y80.975 E.00899
G1 X101.917 Y81.823 E.0484
G1 X102.115 Y82.021 E.00899
G1 X102.963 Y83.265 E.0484
G1 X103.161 Y83.462 E.00899
G1 X104.404 Y84.31 E.0484
G1 X105.648 Y85.949 E.06616
G1 X106.891 Y86.797 E.0484
G1 X107.089 Y86.995 E.00899
G1 X107.937 Y88.239 E.0484
G1 X108.135 Y88.436 E.00899
G1 X109.378 Y89.284 E.0484
G1 X109.576 Y89.482 E.00899
G1 X110.424 Y90.726 E.0484
G1 X110.622 Y90.923 E.00899
G1 X111.865 Y91.771 E.0484
G1 X112.063 Y91.969 E.00899
G1 X112.911 Y93.213 E.0484
G1 X113.109 Y93.41 E.00899
G1 X114.352 Y94.258 E.0484
G1 X114.55 Y94.456 E.00899
G1 X115.398 Y95.7 E.0484
G1 X115.596 Y95.897 E.00899
G1 X116.839 Y96.745 E.0484
G1 X117.037 Y96.943 E.00899
G1 X117.885 Y98.187 E.0484
G1 X118.083 Y98.384 E.00899
G1 X119.326 Y99.232 E.0484
G1 X119.524 Y99.43 E.00899
G1 X120.372 Y100.674 E.0484
G1 X120.57 Y100.871 E.00899
G1 X121.813 Y101.719 E.0484
G1 X122.011 Y101.917 E.00899
G1 X122.859 Y103.161 E.0484
G1 X123.057 Y103.359 E.00899
G1 X124.3 Y104.206 E.0484
G1 X125.544 Y105.846 E.06616
G1 X126.787 Y106.693 E.0484
G1 X126.985 Y106.891 E.00899
G1 X127.833 Y108.135 E.0484
G1 X128.031 Y108.333 E.00899
G1 X129.274 Y109.18 E.0484
G1 X129.472 Y109.378 E.00899
G1 X130.32 Y110.622 E.0484
G1 X130.518 Y110.82 E.00899
G1 X131.761 Y111.667 E.0484
G1 X131.959 Y111.865 E.00899
G1 X132.807 Y113.109 E.0484
G1 X133.005 Y113.307 E.00899
G1 X134.248 Y114.154 E.0484
G1 X134.446 Y114.352 E.00899
G1 X135.294 Y115.596 E.0484
G1 X135.492 Y115.794 E.00899
G1 X136.735 Y116.641 E.0484
G1 X136.933 Y116.839 E.00899
G1 X137.781 Y118.083 E.0484
G1 X137.979 Y118.281 E.00899
G1 X139.222 Y119.129 E.0484
G1 X139.42 Y119.326 E.00899
G1 X140.268 Y120.57 E.0484
G1 X141.907 Y121.813 E.06616
G1 X142.643 Y122.892 E.04197
G1 X142.643 Y125.379 E.07997
G1 X141.907 Y124.3 E.04197
G1 X141.709 Y124.103 E.00899
G1 X140.466 Y123.255 E.0484
G1 X140.268 Y123.057 E.00899
G1 X139.42 Y121.813 E.0484
G1 X139.222 Y121.616 E.00899
G1 X137.979 Y120.768 E.0484
G1 X137.781 Y120.57 E.00899
G1 X136.933 Y119.326 E.0484
G1 X136.735 Y119.129 E.00899
G1 X135.492 Y118.281 E.0484
G1 X135.294 Y118.083 E.00899
G1 X134.446 Y116.839 E.0484
G1 X134.248 Y116.641 E.00899
G1 X133.005 Y115.794 E.0484
G1 X132.807 Y115.596 E.00899
G1 X131.959 Y114.352 E.0484
G1 X131.761 Y114.154 E.00899
G1 X130.518 Y113.307 E.0484
G1 X130.32 Y113.109 E.00899
G1 X129.472 Y111.865 E.0484
G1 X129.274 Y111.667 E.00899
G1 X128.031 Y110.82 E.0484
G1 X127.833 Y110.622 E.00899
G1 X126.985 Y109.378 E.0484
G1 X126.787 Y109.18 E.00899
G1 X125.544 Y108.333 E.0484
G1 X125.346 Y108.135 E.00899
G1 X124.498 Y106.891 E.0484
G1 X124.3 Y106.693 E.00899
G1 X123.057 Y105.846 E.0484
G1 X122.859 Y105.648 E.00899
G1 X122.011 Y104.404 E.0484
G1 X121.813 Y104.206 E.00899
G1 X120.57 Y103.359 E.0484
G1 X120.372 Y103.161 E.00899
G1 X119.524 Y101.917 E.0484
G2 X119.137 Y101.59 I-1.058 J.861 E.0164
G1 X119.137 Y101.104 E.01562
G1 X118.896 Y100.863 E.01096
G1 X118.075 Y100.863 E.0264
G1 X117.885 Y100.674 E.00863
G1 X117.037 Y99.43 E.0484
G1 X116.839 Y99.232 E.00899
G1 X115.596 Y98.384 E.0484
G1 X115.398 Y98.187 E.00899
G1 X114.55 Y96.943 E.0484
G1 X114.352 Y96.745 E.00899
G1 X113.109 Y95.897 E.0484
G1 X112.911 Y95.7 E.00899
G1 X112.063 Y94.456 E.0484
G1 X110.424 Y93.213 E.06616
G1 X109.576 Y91.969 E.0484
G1 X109.378 Y91.771 E.00899
G1 X108.135 Y90.923 E.0484
G1 X107.937 Y90.726 E.00899
G1 X107.089 Y89.482 E.0484
G1 X106.891 Y89.284 E.00899
G1 X105.648 Y88.436 E.0484
G1 X105.45 Y88.239 E.00899
G1 X104.602 Y86.995 E.0484
G1 X104.404 Y86.797 E.00899
G1 X103.161 Y85.949 E.0484
G1 X102.963 Y85.752 E.00899
G1 X102.115 Y84.508 E.0484
G1 X101.917 Y84.31 E.00899
G1 X100.674 Y83.462 E.0484
G1 X100.476 Y83.265 E.00899
G1 X99.628 Y82.021 E.0484
G1 X97.989 Y80.778 E.06616
G1 X97.141 Y79.534 E.0484
G1 X96.943 Y79.336 E.00899
G1 X95.7 Y78.488 E.0484
G1 X95.502 Y78.291 E.00899
G1 X94.654 Y77.047 E.0484
G2 X93.735 Y76.357 I-2.283 J2.085 E.03717
G1 X91.248 Y76.357 E.07997
G3 X92.167 Y77.047 I-1.364 J2.775 E.03717
G1 X93.015 Y78.291 E.0484
G1 X93.213 Y78.488 E.00899
G1 X94.456 Y79.336 E.0484
G1 X94.654 Y79.534 E.00899
G1 X95.502 Y80.778 E.0484
G1 X95.7 Y80.975 E.00899
G1 X96.943 Y81.823 E.0484
G1 X97.141 Y82.021 E.00899
G1 X97.989 Y83.265 E.0484
G1 X98.187 Y83.462 E.00899
G1 X99.43 Y84.31 E.0484
G1 X99.628 Y84.508 E.00899
G1 X100.476 Y85.752 E.0484
G1 X100.674 Y85.949 E.00899
G1 X101.917 Y86.797 E.0484
G1 X102.115 Y86.995 E.00899
G1 X102.963 Y88.239 E.0484
G1 X104.602 Y89.482 E.06616
G1 X105.45 Y90.726 E.0484
G1 X105.648 Y90.923 E.00899
G1 X106.891 Y91.771 E.0484
G1 X107.089 Y91.969 E.00899
G1 X107.937 Y93.213 E.0484
G1 X108.135 Y93.41 E.00899
G1 X109.378 Y94.258 E.0484
G1 X109.576 Y94.456 E.00899
G1 X110.424 Y95.7 E.0484
G1 X110.622 Y95.897 E.00899
G1 X111.865 Y96.745 E.0484
G1 X112.063 Y96.943 E.00899
G1 X112.911 Y98.187 E.0484
G1 X113.109 Y98.384 E.00899
G1 X114.352 Y99.232 E.0484
G1 X114.55 Y99.43 E.00899
G1 X115.398 Y100.674 E.0484
G1 X115.588 Y100.863 E.00863
G1 X113.101 Y100.863 E.07997
G1 X112.911 Y100.674 E.00863
G1 X112.063 Y99.43 E.0484
G1 X111.865 Y99.232 E.00899
G1 X110.622 Y98.384 E.0484
G1 X110.424 Y98.187 E.00899
G1 X109.576 Y96.943 E.0484
G1 X109.378 Y96.745 E.00899
G1 X108.135 Y95.897 E.0484
G1 X106.891 Y94.258 E.06616
G1 X105.648 Y93.41 E.0484
G1 X105.45 Y93.213 E.00899
G1 X104.602 Y91.969 E.0484
G1 X104.404 Y91.771 E.00899
G1 X103.161 Y90.923 E.0484
G1 X102.963 Y90.726 E.00899
G1 X102.115 Y89.482 E.0484
G1 X101.917 Y89.284 E.00899
G1 X100.674 Y88.436 E.0484
G1 X100.476 Y88.239 E.00899
G1 X99.628 Y86.995 E.0484
G1 X99.43 Y86.797 E.00899
G1 X98.187 Y85.949 E.0484
G1 X97.989 Y85.752 E.00899
G1 X97.141 Y84.508 E.0484
G1 X96.943 Y84.31 E.00899
G1 X95.7 Y83.462 E.0484
G1 X95.502 Y83.265 E.00899
G1 X94.654 Y82.021 E.0484
G1 X94.456 Y81.823 E.00899
G1 X93.213 Y80.975 E.0484
G1 X93.015 Y80.778 E.00899
G1 X92.167 Y79.534 E.0484
G1 X90.528 Y78.291 E.06616
G1 X89.68 Y77.047 E.0484
G2 X88.761 Y76.357 I-2.283 J2.085 E.03717
G1 X86.274 Y76.357 E.07997
G3 X87.193 Y77.047 I-1.364 J2.775 E.03717
G1 X88.041 Y78.291 E.0484
G1 X88.239 Y78.488 E.00899
G1 X89.482 Y79.336 E.0484
G1 X90.726 Y80.975 E.06616
G1 X91.969 Y81.823 E.0484
G1 X92.167 Y82.021 E.00899
G1 X93.015 Y83.265 E.0484
G1 X93.213 Y83.462 E.00899
G1 X94.456 Y84.31 E.0484
G1 X94.654 Y84.508 E.00899
G1 X95.502 Y85.752 E.0484
G1 X95.7 Y85.949 E.00899
G1 X96.943 Y86.797 E.0484
G1 X97.141 Y86.995 E.00899
G1 X97.989 Y88.239 E.0484
G1 X98.187 Y88.436 E.00899
G1 X99.43 Y89.284 E.0484
G1 X99.628 Y89.482 E.00899
G1 X100.476 Y90.726 E.0484
G1 X102.115 Y91.969 E.06616
G1 X102.963 Y93.213 E.0484
G1 X103.161 Y93.41 E.00899
G1 X104.404 Y94.258 E.0484
G1 X104.602 Y94.456 E.00899
G1 X105.45 Y95.7 E.0484
G1 X105.648 Y95.897 E.00899
G1 X106.891 Y96.745 E.0484
G1 X107.089 Y96.943 E.00899
G1 X107.937 Y98.187 E.0484
G1 X108.135 Y98.384 E.00899
G1 X109.378 Y99.232 E.0484
G1 X109.576 Y99.43 E.00899
G1 X110.424 Y100.674 E.0484
G1 X110.614 Y100.863 E.00863
G1 X108.127 Y100.863 E.07997
G1 X107.937 Y100.674 E.00863
G1 X107.089 Y99.43 E.0484
G1 X106.891 Y99.232 E.00899
G1 X105.648 Y98.384 E.0484
G1 X104.404 Y96.745 E.06616
G1 X103.161 Y95.897 E.0484
G1 X102.963 Y95.7 E.00899
G1 X102.115 Y94.456 E.0484
G1 X101.917 Y94.258 E.00899
G1 X100.674 Y93.41 E.0484
G1 X100.476 Y93.213 E.00899
G1 X99.628 Y91.969 E.0484
G1 X99.43 Y91.771 E.00899
G1 X98.187 Y90.923 E.0484
G1 X97.989 Y90.726 E.00899
G1 X97.141 Y89.482 E.0484
G1 X96.943 Y89.284 E.00899
G1 X95.7 Y88.436 E.0484
G1 X95.502 Y88.239 E.00899
G1 X94.654 Y86.995 E.0484
G1 X94.456 Y86.797 E.00899
G1 X93.213 Y85.949 E.0484
G1 X93.015 Y85.752 E.00899
G1 X92.167 Y84.508 E.0484
G1 X91.969 Y84.31 E.00899
G1 X90.726 Y83.462 E.0484
G1 X90.528 Y83.265 E.00899
G1 X89.68 Y82.021 E.0484
G1 X89.482 Y81.823 E.00899
G1 X88.239 Y80.975 E.0484
G1 X86.995 Y79.336 E.06616
G1 X85.752 Y78.488 E.0484
G1 X85.554 Y78.291 E.00899
G1 X84.706 Y77.047 E.0484
G2 X83.787 Y76.357 I-2.283 J2.085 E.03717
G1 X81.3 Y76.357 E.07997
G3 X82.219 Y77.047 I-1.364 J2.775 E.03717
G1 X83.067 Y78.291 E.0484
G1 X83.265 Y78.488 E.00899
G1 X84.508 Y79.336 E.0484
G1 X85.752 Y80.975 E.06616
G1 X86.995 Y81.823 E.0484
G1 X87.193 Y82.021 E.00899
G1 X88.041 Y83.265 E.0484
G1 X88.239 Y83.462 E.00899
G1 X89.482 Y84.31 E.0484
G1 X89.68 Y84.508 E.00899
G1 X90.528 Y85.752 E.0484
G1 X90.726 Y85.949 E.00899
G1 X91.969 Y86.797 E.0484
G1 X92.167 Y86.995 E.00899
G1 X93.015 Y88.239 E.0484
G1 X93.213 Y88.436 E.00899
G1 X94.456 Y89.284 E.0484
G1 X94.654 Y89.482 E.00899
G1 X95.502 Y90.726 E.0484
G1 X95.7 Y90.923 E.00899
G1 X96.943 Y91.771 E.0484
G1 X98.187 Y93.41 E.06616
G1 X99.43 Y94.258 E.0484
G1 X99.628 Y94.456 E.00899
G1 X100.476 Y95.7 E.0484
G1 X100.674 Y95.897 E.00899
G1 X101.917 Y96.745 E.0484
G1 X102.115 Y96.943 E.00899
G1 X102.963 Y98.187 E.0484
G1 X103.161 Y98.384 E.00899
G1 X104.404 Y99.232 E.0484
G1 X104.602 Y99.43 E.00899
G1 X105.45 Y100.674 E.0484
G1 X105.64 Y100.863 E.00863
G1 X107.923 Y100.863 E.07343
G1 X116.311 Y103.689 F18000
G1 X119.137 Y106.768
G1 F6205.95
G1 X119.137 Y109.051 E.07343
G3 X119.524 Y109.378 I-.671 J1.188 E.0164
G1 X120.372 Y110.622 E.0484
G1 X120.57 Y110.82 E.00899
G1 X121.813 Y111.667 E.0484
G1 X123.057 Y113.307 E.06616
G1 X124.3 Y114.154 E.0484
G1 X124.498 Y114.352 E.00899
G1 X125.346 Y115.596 E.0484
G1 X125.544 Y115.794 E.00899
G1 X126.787 Y116.641 E.0484
G1 X126.985 Y116.839 E.00899
G1 X127.833 Y118.083 E.0484
G1 X128.031 Y118.281 E.00899
G1 X129.274 Y119.129 E.0484
G1 X129.472 Y119.326 E.00899
G1 X130.32 Y120.57 E.0484
G1 X130.518 Y120.768 E.00899
G1 X131.761 Y121.616 E.0484
G1 X131.959 Y121.813 E.00899
G1 X132.807 Y123.057 E.0484
G1 X133.005 Y123.255 E.00899
G1 X134.248 Y124.103 E.0484
G1 X134.446 Y124.3 E.00899
G1 X135.369 Y125.619 E.05176
G1 X134.458 Y126.173 E.03428
G1 X134.275 Y125.99 E.00831
G1 X133.908 Y126.357 E.01671
G1 X133.005 Y125.742 E.03514
G1 X132.807 Y125.544 E.00899
G1 X131.959 Y124.3 E.0484
G1 X131.761 Y124.103 E.00899
G1 X130.518 Y123.255 E.0484
G1 X130.32 Y123.057 E.00899
G1 X129.472 Y121.813 E.0484
G1 X129.274 Y121.616 E.00899
G1 X128.031 Y120.768 E.0484
G1 X126.787 Y119.129 E.06616
G1 X125.544 Y118.281 E.0484
G1 X125.346 Y118.083 E.00899
G1 X124.498 Y116.839 E.0484
G1 X122.859 Y115.596 E.06616
G1 X122.011 Y114.352 E.0484
G1 X120.372 Y113.109 E.06616
G1 X119.524 Y111.865 E.0484
G2 X119.137 Y111.538 I-1.058 J.861 E.0164
G1 X119.137 Y114.025 E.07997
G3 X119.524 Y114.352 I-.671 J1.188 E.0164
G1 X120.372 Y115.596 E.0484
G1 X120.57 Y115.794 E.00899
G1 X121.813 Y116.641 E.0484
G1 X122.011 Y116.839 E.00899
G1 X122.859 Y118.083 E.0484
G1 X123.057 Y118.281 E.00899
G1 X124.3 Y119.129 E.0484
G1 X124.498 Y119.326 E.00899
G1 X125.346 Y120.57 E.0484
G1 X125.544 Y120.768 E.00899
G1 X126.787 Y121.616 E.0484
G1 X126.985 Y121.813 E.00899
G1 X127.833 Y123.057 E.0484
G1 X128.031 Y123.255 E.00899
G1 X129.274 Y124.103 E.0484
G1 X129.472 Y124.3 E.00899
G1 X130.32 Y125.544 E.0484
G1 X130.518 Y125.742 E.00899
G1 X131.761 Y126.59 E.0484
G1 X131.959 Y126.787 E.00899
G1 X132.575 Y127.69 E.03514
G1 X131.421 Y128.844 E.05248
G1 X130.518 Y128.229 E.03514
G1 X130.32 Y128.031 E.00899
G1 X129.472 Y126.787 E.0484
G1 X129.274 Y126.59 E.00899
G1 X128.031 Y125.742 E.0484
G1 X127.833 Y125.544 E.00899
G1 X126.985 Y124.3 E.0484
G1 X126.787 Y124.103 E.00899
G1 X125.544 Y123.255 E.0484
G1 X124.3 Y121.616 E.06616
G1 X123.057 Y120.768 E.0484
G1 X122.859 Y120.57 E.00899
G1 X122.011 Y119.326 E.0484
G1 X121.813 Y119.129 E.00899
G1 X120.57 Y118.281 E.0484
G1 X120.372 Y118.083 E.00899
G1 X119.524 Y116.839 E.0484
G2 X119.137 Y116.512 I-1.058 J.861 E.0164
G1 X119.137 Y114.229 E.07343
G1 X118.914 Y118.368 F18000
;TYPE:Internal solid infill
;WIDTH:0.42
G1 F6000
G1 X101.255 Y118.368 E.526
G1 X101.255 Y117.99 E.01123
G1 X118.745 Y117.99 E.52094
G1 X118.745 Y117.613 E.01123
G1 X101.255 Y117.613 E.52094
G1 X101.255 Y117.236 E.01123
G1 X118.914 Y117.236 E.526
G1 X118.914 Y116.105 F18000
G1 F6000
G1 X117.042 Y116.105 E.05576
G1 X117.042 Y116.482 E.01123
G1 X118.745 Y116.482 E.0507
G1 X118.745 Y116.859 E.01123
G1 X117.042 Y116.859 E.0507
G1 X117.042 Y117.042 E.00546
G1 X102.958 Y117.042 E.41954
G1 X102.958 Y116.859 E.00546
G1 X101.255 Y116.859 E.0507
G1 X101.255 Y116.482 E.01123
G1 X102.958 Y116.482 E.0507
G1 X102.958 Y116.105 E.01123
G1 X101.086 Y116.105 E.05576
G1 X100.863 Y118.206 F18000
;TYPE:Sparse infill
;WIDTH:0.45
G1 F6205.95
G1 X100.863 Y115.923 E.07343
G3 X100.476 Y115.596 I.671 J-1.188 E.0164
G1 X99.628 Y114.352 E.0484
G1 X99.43 Y114.154 E.00899
G1 X98.187 Y113.307 E.0484
G1 X97.989 Y113.109 E.00899
G1 X97.141 Y111.865 E.0484
G1 X96.943 Y111.667 E.00899
G1 X95.7 Y110.82 E.0484
G1 X95.502 Y110.622 E.00899
G1 X94.654 Y109.378 E.0484
G1 X94.456 Y109.18 E.00899
G1 X93.213 Y108.333 E.0484
G1 X93.015 Y108.135 E.00899
G1 X92.167 Y106.891 E.0484
G1 X91.969 Y106.693 E.00899
G1 X90.726 Y105.846 E.0484
G1 X90.528 Y105.648 E.00899
G1 X89.68 Y104.404 E.0484
G1 X89.482 Y104.206 E.00899
G1 X88.239 Y103.359 E.0484
G1 X88.041 Y103.161 E.00899
G1 X87.193 Y101.917 E.0484
G1 X86.995 Y101.719 E.00899
G1 X85.752 Y100.871 E.0484
G1 X85.554 Y100.674 E.00899
G1 X84.706 Y99.43 E.0484
G1 X84.508 Y99.232 E.00899
G1 X83.265 Y98.384 E.0484
G1 X83.067 Y98.187 E.00899
G1 X82.219 Y96.943 E.0484
G1 X82.021 Y96.745 E.00899
G1 X80.778 Y95.897 E.0484
G1 X80.58 Y95.7 E.00899
G1 X79.732 Y94.456 E.0484
G1 X79.534 Y94.258 E.00899
G1 X78.291 Y93.41 E.0484
G1 X78.093 Y93.213 E.00899
G1 X77.357 Y92.134 E.04197
G1 X77.357 Y94.621 E.07997
G1 X78.093 Y95.7 E.04197
G1 X78.291 Y95.897 E.00899
G1 X79.534 Y96.745 E.0484
G1 X79.732 Y96.943 E.00899
G1 X80.58 Y98.187 E.0484
G1 X80.778 Y98.384 E.00899
G1 X82.021 Y99.232 E.0484
G1 X82.219 Y99.43 E.00899
G1 X83.067 Y100.674 E.0484
G1 X83.265 Y100.871 E.00899
G1 X84.508 Y101.719 E.0484
G1 X84.706 Y101.917 E.00899
G1 X85.554 Y103.161 E.0484
G1 X85.752 Y103.359 E.00899
G1 X86.995 Y104.206 E.0484
G1 X87.193 Y104.404 E.00899
G1 X88.041 Y105.648 E.0484
G1 X89.68 Y106.891 E.06616
G1 X90.528 Y108.135 E.0484
G1 X90.726 Y108.333 E.00899
G1 X91.969 Y109.18 E.0484
G1 X92.167 Y109.378 E.00899
G1 X93.015 Y110.622 E.0484
G1 X93.213 Y110.82 E.00899
G1 X94.456 Y111.667 E.0484
G1 X94.654 Y111.865 E.00899
G1 X95.502 Y113.109 E.0484
G1 X95.7 Y113.307 E.00899
G1 X96.943 Y114.154 E.0484
G1 X97.141 Y114.352 E.00899
G1 X97.989 Y115.596 E.0484
G1 X98.187 Y115.794 E.00899
G1 X99.43 Y116.641 E.0484
G1 X99.628 Y116.839 E.00899
G1 X100.476 Y118.083 E.0484
G2 X100.863 Y118.41 I1.058 J-.861 E.0164
G1 X100.863 Y118.896 E.01562
G1 X101.104 Y119.137 E.01096
G1 X101.925 Y119.137 E.0264
G1 X102.115 Y119.326 E.00862
G1 X102.963 Y120.57 E.0484
G1 X103.161 Y120.768 E.00899
G1 X104.404 Y121.616 E.0484
G1 X104.602 Y121.813 E.00899
G1 X105.45 Y123.057 E.0484
G1 X105.648 Y123.255 E.00899
G1 X106.891 Y124.103 E.0484
G1 X107.089 Y124.3 E.00899
G1 X107.937 Y125.544 E.0484
G1 X109.576 Y126.787 E.06616
G1 X110.424 Y128.031 E.0484
G1 X110.622 Y128.229 E.00899
G1 X111.865 Y129.077 E.0484
G1 X112.063 Y129.274 E.00899
G1 X112.911 Y130.518 E.0484
G1 X113.109 Y130.716 E.00899
G1 X114.352 Y131.564 E.0484
G1 X114.55 Y131.761 E.00899
G1 X115.398 Y133.005 E.0484
G1 X115.596 Y133.203 E.00899
G1 X116.839 Y134.051 E.0484
G1 X117.037 Y134.248 E.00899
G1 X117.885 Y135.492 E.0484
G1 X118.083 Y135.69 E.00899
G1 X119.326 Y136.538 E.0484
G1 X119.524 Y136.735 E.00899
G1 X120.372 Y137.979 E.0484
G1 X122.011 Y139.222 E.06616
G1 X122.859 Y140.466 E.0484
G1 X123.057 Y140.664 E.00899
G1 X124.3 Y141.512 E.0484
G1 X124.498 Y141.709 E.00899
G1 X125.346 Y142.953 E.0484
G2 X126.265 Y143.643 I2.283 J-2.085 E.03717
G1 X123.778 Y143.643 E.07997
G3 X122.859 Y142.953 I1.364 J-2.775 E.03717
G1 X122.011 Y141.709 E.0484
G1 X121.813 Y141.512 E.00899
G1 X120.57 Y140.664 E.0484
G1 X120.372 Y140.466 E.00899
G1 X119.524 Y139.222 E.0484
G1 X119.326 Y139.025 E.00899
G1 X118.083 Y138.177 E.0484
G1 X117.885 Y137.979 E.00899
G1 X117.037 Y136.735 E.0484
G1 X116.839 Y136.538 E.00899
G1 X115.596 Y135.69 E.0484
G1 X115.398 Y135.492 E.00899
G1 X114.55 Y134.248 E.0484
G1 X114.352 Y134.051 E.00899
G1 X113.109 Y133.203 E.0484
G1 X112.911 Y133.005 E.00899
G1 X112.063 Y131.761 E.0484
G1 X111.865 Y131.564 E.00899
G1 X110.622 Y130.716 E.0484
G1 X110.424 Y130.518 E.00899
G1 X109.576 Y129.274 E.0484
G1 X109.378 Y129.077 E.00899
G1 X108.135 Y128.229 E.0484
G1 X107.937 Y128.031 E.00899
G1 X107.089 Y126.787 E.0484
G1 X106.891 Y126.59 E.00899
G1 X105.648 Y125.742 E.0484
G1 X105.45 Y125.544 E.00899
G1 X104.602 Y124.3 E.0484
G1 X104.404 Y124.103 E.00899
G1 X103.161 Y123.255 E.0484
G1 X102.963 Y123.057 E.00899
G1 X102.115 Y121.813 E.0484
G1 X101.917 Y121.616 E.00899
G1 X100.674 Y120.768 E.0484
G1 X100.476 Y120.57 E.00899
G1 X99.628 Y119.326 E.0484
G1 X99.43 Y119.129 E.00899
G1 X98.187 Y118.281 E.0484
G1 X97.989 Y118.083 E.00899
G1 X97.141 Y116.839 E.0484
G1 X96.943 Y116.641 E.00899
G1 X95.7 Y115.794 E.0484
G1 X95.502 Y115.596 E.00899
G1 X94.654 Y114.352 E.0484
G1 X94.456 Y114.154 E.00899
G1 X93.213 Y113.307 E.0484
G1 X93.015 Y113.109 E.00899
G1 X92.167 Y111.865 E.0484
G1 X91.969 Y111.667 E.00899
G1 X90.726 Y110.82 E.0484
G1 X90.528 Y110.622 E.00899
G1 X89.68 Y109.378 E.0484
G1 X89.482 Y109.18 E.00899
G1 X88.239 Y108.333 E.0484
G1 X88.041 Y108.135 E.00899
G1 X87.193 Y106.891 E.0484
G1 X86.995 Y106.693 E.00899
G1 X85.752 Y105.846 E.0484
G1 X85.554 Y105.648 E.00899
G1 X84.706 Y104.404 E.0484
G1 X84.508 Y104.206 E.00899
G1 X83.265 Y103.359 E.0484
G1 X83.067 Y103.161 E.00899
G1 X82.219 Y101.917 E.0484
G1 X82.021 Y101.719 E.00899
G1 X80.778 Y100.871 E.0484
G1 X80.58 Y100.674 E.00899
G1 X79.732 Y99.43 E.0484
G1 X79.534 Y99.232 E.00899
G1 X78.291 Y98.384 E.0484
G1 X78.093 Y98.187 E.00899
G1 X77.357 Y97.108 E.04197
G1 X77.357 Y99.595 E.07997
G1 X78.093 Y100.674 E.04197
G1 X78.291 Y100.871 E.00899
G1 X79.534 Y101.719 E.0484
G1 X79.732 Y101.917 E.00899
G1 X80.58 Y103.161 E.0484
G1 X80.778 Y103.359 E.00899
G1 X82.021 Y104.206 E.0484
G1 X82.219 Y104.404 E.00899
G1 X83.067 Y105.648 E.0484
G1 X83.265 Y105.846 E.00899
G1 X84.508 Y106.693 E.0484
G1 X84.706 Y106.891 E.00899
G1 X85.554 Y108.135 E.0484
G1 X87.193 Y109.378 E.06616
G1 X88.041 Y110.622 E.0484
G1 X88.239 Y110.82 E.00899
G1 X89.482 Y111.667 E.0484
G1 X89.68 Y111.865 E.00899
G1 X90.528 Y113.109 E.0484
G1 X90.726 Y113.307 E.00899
G1 X91.969 Y114.154 E.0484
G1 X92.167 Y114.352 E.00899
G1 X93.015 Y115.596 E.0484
G1 X93.213 Y115.794 E.00899
G1 X94.456 Y116.641 E.0484
G1 X94.654 Y116.839 E.00899
G1 X95.502 Y118.083 E.0484
G1 X95.7 Y118.281 E.00899
G1 X96.943 Y119.129 E.0484
G1 X97.141 Y119.326 E.00899
G1 X97.989 Y120.57 E.0484
G1 X98.187 Y120.768 E.00899
G1 X99.43 Y121.616 E.0484
G1 X99.628 Y121.813 E.00899
G1 X100.476 Y123.057 E.0484
G1 X100.674 Y123.255 E.00899
G1 X101.917 Y124.103 E.0484
G1 X102.115 Y124.3 E.00899
G1 X102.963 Y125.544 E.0484
G1 X103.161 Y125.742 E.00899
G1 X104.404 Y126.59 E.0484
G1 X104.602 Y126.787 E.00899
G1 X105.45 Y128.031 E.0484
G1 X107.089 Y129.274 E.06616
G1 X107.937 Y130.518 E.0484
G1 X108.135 Y130.716 E.00899
G1 X109.378 Y131.564 E.0484
G1 X109.576 Y131.761 E.00899
G1 X110.424 Y133.005 E.0484
G1 X110.622 Y133.203 E.00899
G1 X111.865 Y134.051 E.0484
G1 X112.063 Y134.248 E.00899
G1 X112.911 Y135.492 E.0484
G1 X113.109 Y135.69 E.00899
G1 X114.352 Y136.538 E.0484
G1 X114.55 Y136.735 E.00899
G1 X115.398 Y137.979 E.0484
G1 X115.596 Y138.177 E.00899
G1 X116.839 Y139.025 E.0484
G1 X117.037 Y139.222 E.00899
G1 X117.885 Y140.466 E.0484
G1 X118.083 Y140.664 E.00899
G1 X119.326 Y141.512 E.0484
G1 X119.524 Y141.709 E.00899
G1 X120.372 Y142.953 E.0484
G2 X121.291 Y143.643 I2.283 J-2.085 E.03717
G1 X118.804 Y143.643 E.07997
G3 X117.885 Y142.953 I1.364 J-2.775 E.03717
G1 X117.037 Y141.709 E.0484
G1 X116.839 Y141.512 E.00899
G1 X115.596 Y140.664 E.0484
G1 X115.398 Y140.466 E.00899
G1 X114.55 Y139.222 E.0484
G1 X114.352 Y139.025 E.00899
G1 X113.109 Y138.177 E.0484
G1 X112.911 Y137.979 E.00899
G1 X112.063 Y136.735 E.0484
G1 X111.865 Y136.538 E.00899
G1 X110.622 Y135.69 E.0484
G1 X110.424 Y135.492 E.00899
G1 X109.576 Y134.248 E.0484
G1 X109.378 Y134.051 E.00899
G1 X108.135 Y133.203 E.0484
G1 X107.937 Y133.005 E.00899
G1 X107.089 Y131.761 E.0484
G1 X106.891 Y131.564 E.00899
G1 X105.648 Y130.716 E.0484
G1 X105.45 Y130.518 E.00899
G1 X104.602 Y129.274 E.0484
G1 X104.404 Y129.077 E.00899
G1 X103.161 Y128.229 E.0484
G1 X102.963 Y128.031 E.00899
G1 X102.115 Y126.787 E.0484
G1 X101.917 Y126.59 E.00899
G1 X100.674 Y125.742 E.0484
G1 X100.476 Y125.544 E.00899
G1 X99.628 Y124.3 E.0484
G1 X99.43 Y124.103 E.00899
G1 X98.187 Y123.255 E.0484
G1 X97.989 Y123.057 E.00899
G1 X97.141 Y121.813 E.0484
G1 X96.943 Y121.616 E.00899
G1 X95.7 Y120.768 E.0484
G1 X95.502 Y120.57 E.00899
G1 X94.654 Y119.326 E.0484
G1 X94.456 Y119.129 E.00899
G1 X93.213 Y118.281 E.0484
G1 X93.015 Y118.083 E.00899
G1 X92.167 Y116.839 E.0484
G1 X91.969 Y116.641 E.00899
G1 X90.726 Y115.794 E.0484
G1 X90.528 Y115.596 E.00899
G1 X89.68 Y114.352 E.0484
G1 X89.482 Y114.154 E.00899
G1 X88.239 Y113.307 E.0484
G1 X88.041 Y113.109 E.00899
G1 X87.193 Y111.865 E.0484
G1 X86.995 Y111.667 E.00899
G1 X85.752 Y110.82 E.0484
G1 X85.554 Y110.622 E.00899
G1 X84.706 Y109.378 E.0484
G1 X84.508 Y109.18 E.00899
G1 X83.265 Y108.333 E.0484
G1 X83.067 Y108.135 E.00899
G1 X82.219 Y106.891 E.0484
G1 X82.021 Y106.693 E.00899
G1 X80.778 Y105.846 E.0484
G1 X80.58 Y105.648 E.00899
G1 X79.732 Y104.404 E.0484
G1 X79.534 Y104.206 E.00899
G1 X78.291 Y103.359 E.0484
G1 X78.093 Y103.161 E.00899
G1 X77.357 Y102.082 E.04197
G1 X77.357 Y104.569 E.07997
G1 X78.093 Y105.648 E.04197
G1 X79.732 Y106.891 E.06616
G1 X80.58 Y108.135 E.0484
G1 X80.778 Y108.333 E.00899
G1 X82.021 Y109.18 E.0484
G1 X82.219 Y109.378 E.00899
G1 X83.067 Y110.622 E.0484
G1 X84.706 Y111.865 E.06616
G1 X85.554 Y113.109 E.0484
G1 X85.752 Y113.307 E.00899
G1 X86.995 Y114.154 E.0484
G1 X87.193 Y114.352 E.00899
G1 X88.041 Y115.596 E.0484
G1 X88.239 Y115.794 E.00899
G1 X89.482 Y116.641 E.0484
G1 X89.68 Y116.839 E.00899
G1 X90.528 Y118.083 E.0484
G1 X90.726 Y118.281 E.00899
G1 X91.969 Y119.129 E.0484
G1 X92.167 Y119.326 E.00899
G1 X93.015 Y120.57 E.0484
G1 X93.213 Y120.768 E.00899
G1 X94.456 Y121.616 E.0484
G1 X94.654 Y121.813 E.00899
G1 X95.502 Y123.057 E.0484
G1 X95.7 Y123.255 E.00899
G1 X96.943 Y124.103 E.0484
G1 X97.141 Y124.3 E.00899
G1 X97.989 Y125.544 E.0484
G1 X98.187 Y125.742 E.00899
G1 X99.43 Y126.59 E.0484
G1 X99.628 Y126.787 E.00899
G1 X100.476 Y128.031 E.0484
G1 X100.674 Y128.229 E.00899
G1 X101.917 Y129.077 E.0484
G1 X102.115 Y129.274 E.00899
G1 X102.963 Y130.518 E.0484
G1 X104.602 Y131.761 E.06616
G1 X105.45 Y133.005 E.0484
G1 X105.648 Y133.203 E.00899
G1 X106.891 Y134.051 E.0484
G1 X107.089 Y134.248 E.00899
G1 X107.937 Y135.492 E.0484
G1 X108.135 Y135.69 E.00899
G1 X109.378 Y136.538 E.0484
G1 X109.576 Y136.735 E.00899
G1 X110.424 Y137.979 E.0484
G1 X110.622 Y138.177 E.00899
G1 X111.865 Y139.025 E.0484
G1 X112.063 Y139.222 E.00899
G1 X112.911 Y140.466 E.0484
G1 X113.109 Y140.664 E.00899
G1 X114.352 Y141.512 E.0484
G1 X114.55 Y141.709 E.00899
G1 X115.398 Y142.953 E.0484
G2 X116.317 Y143.643 I2.283 J-2.085 E.03717
G1 X113.83 Y143.643 E.07997
G3 X112.911 Y142.953 I1.364 J-2.775 E.03717
G1 X112.063 Y141.709 E.0484
G1 X111.865 Y141.512 E.00899
G1 X110.622 Y140.664 E.0484
G1 X110.424 Y140.466 E.00899
G1 X109.576 Y139.222 E.0484
G1 X109.378 Y139.025 E.00899
G1 X108.135 Y138.177 E.0484
G1 X107.937 Y137.979 E.00899
G1 X107.089 Y136.735 E.0484
G1 X106.891 Y136.538 E.00899
G1 X105.648 Y135.69 E.0484
G1 X105.45 Y135.492 E.00899
G1 X104.602 Y134.248 E.0484
G1 X104.404 Y134.051 E.00899
G1 X103.161 Y133.203 E.0484
G1 X102.963 Y133.005 E.00899
G1 X102.115 Y131.761 E.0484
G1 X101.917 Y131.564 E.00899
G1 X100.674 Y130.716 E.0484
G1 X100.476 Y130.518 E.00899
G1 X99.628 Y129.274 E.0484
G1 X99.43 Y129.077 E.00899
G1 X98.187 Y128.229 E.0484
G1 X97.989 Y128.031 E.00899
G1 X97.141 Y126.787 E.0484
G1 X96.943 Y126.59 E.00899
G1 X95.7 Y125.742 E.0484
G1 X95.502 Y125.544 E.00899
G1 X94.654 Y124.3 E.0484
G1 X94.456 Y124.103 E.00899
G1 X93.213 Y123.255 E.0484
G1 X93.015 Y123.057 E.00899
G1 X92.167 Y121.813 E.0484
G1 X91.969 Y121.616 E.00899
G1 X90.726 Y120.768 E.0484
G1 X90.528 Y120.57 E.00899
G1 X89.68 Y119.326 E.0484
G1 X89.482 Y119.129 E.00899
G1 X88.239 Y118.281 E.0484
G1 X88.041 Y118.083 E.00899
G1 X87.193 Y116.839 E.0484
G1 X86.995 Y116.641 E.00899
G1 X85.752 Y115.794 E.0484
G1 X85.554 Y115.596 E.00899
G1 X84.706 Y114.352 E.0484
G1 X84.508 Y114.154 E.00899
G1 X83.265 Y113.307 E.0484
G1 X83.067 Y113.109 E.00899
G1 X82.219 Y111.865 E.0484
G1 X82.021 Y111.667 E.00899
G1 X80.778 Y110.82 E.0484
G1 X80.58 Y110.622 E.00899
G1 X79.732 Y109.378 E.0484
G1 X79.534 Y109.18 E.00899
G1 X78.291 Y108.333 E.0484
G1 X78.093 Y108.135 E.00899
G1 X77.357 Y107.056 E.04197
G1 X77.357 Y109.543 E.07997
G1 X78.093 Y110.622 E.04197
G1 X78.291 Y110.82 E.00899
G1 X79.534 Y111.667 E.0484
G1 X79.732 Y111.865 E.00899
G1 X80.58 Y113.109 E.0484
G1 X82.219 Y114.352 E.06616
G1 X83.067 Y115.596 E.0484
G1 X83.265 Y115.794 E.00899
G1 X84.508 Y116.641 E.0484
G1 X84.706 Y116.839 E.00899
G1 X85.554 Y118.083 E.0484
G1 X85.752 Y118.281 E.00899
G1 X86.995 Y119.129 E.0484
G1 X87.193 Y119.326 E.00899
G1 X88.041 Y120.57 E.0484
G1 X88.239 Y120.768 E.00899
G1 X89.482 Y121.616 E.0484
G1 X89.68 Y121.813 E.00899
G1 X90.528 Y123.057 E.0484
G1 X90.726 Y123.255 E.00899
G1 X91.969 Y124.103 E.0484
G1 X92.167 Y124.3 E.00899
G1 X93.015 Y125.544 E.0484
G1 X93.213 Y125.742 E.00899
G1 X94.456 Y126.59 E.0484
G1 X94.654 Y126.787 E.00899
G1 X95.502 Y128.031 E.0484
G1 X95.7 Y128.229 E.00899
G1 X96.943 Y129.077 E.0484
G1 X97.141 Y129.274 E.00899
G1 X97.989 Y130.518 E.0484
G1 X99.628 Y131.761 E.06616
G1 X100.476 Y133.005 E.0484
G1 X100.674 Y133.203 E.00899
G1 X101.917 Y134.051 E.0484
G1 X102.115 Y134.248 E.00899
G1 X102.963 Y135.492 E.0484
G1 X103.161 Y135.69 E.00899
G1 X104.404 Y136.538 E.0484
G1 X104.602 Y136.735 E.00899
G1 X105.45 Y137.979 E.0484
G1 X105.648 Y138.177 E.00899
G1 X106.891 Y139.025 E.0484
G1 X107.089 Y139.222 E.00899
G1 X107.937 Y140.466 E.0484
G1 X108.135 Y140.664 E.00899
G1 X109.378 Y141.512 E.0484
G1 X109.576 Y141.709 E.00899
G1 X110.424 Y142.953 E.0484
G2 X111.343 Y143.643 I2.283 J-2.085 E.03717
G1 X108.856 Y143.643 E.07997
G3 X107.937 Y142.953 I1.364 J-2.775 E.03717
G1 X107.089 Y141.709 E.0484
G1 X106.891 Y141.512 E.00899
G1 X105.648 Y140.664 E.0484
G1 X105.45 Y140.466 E.00899
G1 X104.602 Y139.222 E.0484
G1 X104.404 Y139.025 E.00899
G1 X103.161 Y138.177 E.0484
G1 X102.963 Y137.979 E.00899
G1 X102.115 Y136.735 E.0484
G1 X101.917 Y136.538 E.00899
G1 X100.674 Y135.69 E.0484
G1 X100.476 Y135.492 E.00899
G1 X99.628 Y134.248 E.0484
G1 X99.43 Y134.051 E.00899
G1 X98.187 Y133.203 E.0484
G1 X97.989 Y133.005 E.00899
G1 X97.141 Y131.761 E.0484
G1 X96.943 Y131.564 E.00899
G1 X95.7 Y130.716 E.0484
G1 X95.502 Y130.518 E.00899
G1 X94.654 Y129.274 E.0484
G1 X94.456 Y129.077 E.00899
G1 X93.213 Y128.229 E.0484
G1 X93.015 Y128.031 E.00899
G1 X92.167 Y126.787 E.0484
G1 X91.969 Y126.59 E.00899
G1 X90.726 Y125.742 E.0484
G1 X90.528 Y125.544 E.00899
G1 X89.68 Y124.3 E.0484
G1 X89.482 Y124.103 E.00899
G1 X88.239 Y123.255 E.0484
G1 X88.041 Y123.057 E.00899
G1 X87.193 Y121.813 E.0484
G1 X86.995 Y121.616 E.00899
G1 X85.752 Y120.768 E.0484
G1 X85.554 Y120.57 E.00899
G1 X84.706 Y119.326 E.0484
G1 X84.508 Y119.129 E.00899
G1 X83.265 Y118.281 E.0484
G1 X83.067 Y118.083 E.00899
G1 X82.219 Y116.839 E.0484
G1 X82.021 Y116.641 E.00899
G1 X80.778 Y115.794 E.0484
G1 X80.58 Y115.596 E.00899
G1 X79.732 Y114.352 E.0484
G1 X79.534 Y114.154 E.00899
G1 X78.291 Y113.307 E.0484
G1 X78.093 Y113.109 E.00899
G1 X77.357 Y112.03 E.04197
G1 X77.357 Y114.517 E.07997
G1 X78.093 Y115.596 E.04197
G1 X79.732 Y116.839 E.06616
G1 X80.58 Y118.083 E.0484
G1 X80.778 Y118.281 E.00899
G1 X82.021 Y119.129 E.0484
G1 X82.219 Y119.326 E.00899
G1 X83.067 Y120.57 E.0484
G1 X83.265 Y120.768 E.00899
G1 X84.508 Y121.616 E.0484
G1 X84.706 Y121.813 E.00899
G1 X85.554 Y123.057 E.0484
G1 X85.752 Y123.255 E.00899
G1 X86.995 Y124.103 E.0484
G1 X87.193 Y124.3 E.00899
G1 X88.041 Y125.544 E.0484
G1 X88.239 Y125.742 E.00899
G1 X89.482 Y126.59 E.0484
G1 X89.68 Y126.787 E.00899
G1 X90.528 Y128.031 E.0484
G1 X90.726 Y128.229 E.00899
G1 X91.969 Y129.077 E.0484
G1 X92.167 Y129.274 E.00899
G1 X93.015 Y130.518 E.0484
G1 X93.213 Y130.716 E.00899
G1 X94.456 Y131.564 E.0484
G1 X94.654 Y131.761 E.00899
G1 X95.502 Y133.005 E.0484
G1 X95.7 Y133.203 E.00899
G1 X96.943 Y134.051 E.0484
G1 X98.187 Y135.69 E.06616
G1 X99.43 Y136.538 E.0484
G1 X99.628 Y136.735 E.00899
G1 X100.476 Y137.979 E.0484
G1 X100.674 Y138.177 E.00899
G1 X101.917 Y139.025 E.0484
G1 X102.115 Y139.222 E.00899
G1 X102.963 Y140.466 E.0484
G1 X103.161 Y140.664 E.00899
G1 X104.404 Y141.512 E.0484
G1 X104.602 Y141.709 E.00899
G1 X105.45 Y142.953 E.0484
G2 X106.369 Y143.643 I2.283 J-2.085 E.03717
G1 X103.882 Y143.643 E.07997
G3 X102.963 Y142.953 I1.364 J-2.775 E.03717
G1 X102.115 Y141.709 E.0484
G1 X101.917 Y141.512 E.00899
G1 X100.674 Y140.664 E.0484
G1 X99.43 Y139.025 E.06616
G1 X98.187 Y138.177 E.0484
G1 X97.989 Y137.979 E.00899
G1 X97.141 Y136.735 E.0484
G1 X96.943 Y136.538 E.00899
G1 X95.7 Y135.69 E.0484
G1 X95.502 Y135.492 E.00899
G1 X94.654 Y134.248 E.0484
G1 X94.456 Y134.051 E.00899
G1 X93.213 Y133.203 E.0484
G1 X93.015 Y133.005 E.00899
G1 X92.167 Y131.761 E.0484
G1 X91.969 Y131.564 E.00899
G1 X90.726 Y130.716 E.0484
G3 X89.938 Y129.653 I2.416 J-2.614 E.0428
G1 X89.28 Y130.735 E.04073
G1 X90.07 Y131.525 E.03593
G1 X89.742 Y131.853 E.01491
G1 X90.528 Y133.005 E.04483
G1 X90.726 Y133.203 E.00899
G1 X91.969 Y134.051 E.0484
G1 X92.167 Y134.248 E.00899
G1 X93.015 Y135.492 E.0484
G1 X93.213 Y135.69 E.00899
G1 X94.456 Y136.538 E.0484
G1 X94.654 Y136.735 E.00899
G1 X95.502 Y137.979 E.0484
G1 X95.7 Y138.177 E.00899
G1 X96.943 Y139.025 E.0484
G1 X97.141 Y139.222 E.00899
G1 X97.989 Y140.466 E.0484
G1 X99.628 Y141.709 E.06616
G1 X100.476 Y142.953 E.0484
G2 X101.395 Y143.643 I2.283 J-2.085 E.03717
G1 X98.908 Y143.643 E.07997
G3 X97.989 Y142.953 I1.364 J-2.775 E.03717
G1 X97.141 Y141.709 E.0484
G1 X96.943 Y141.512 E.00899
G1 X95.7 Y140.664 E.0484
G1 X95.502 Y140.466 E.00899
G1 X94.654 Y139.222 E.0484
G1 X94.456 Y139.025 E.00899
G1 X93.213 Y138.177 E.0484
G1 X93.015 Y137.979 E.00899
G1 X92.167 Y136.735 E.0484
G1 X91.969 Y136.538 E.00899
G1 X90.726 Y135.69 E.0484
G1 X90.528 Y135.492 E.00899
G1 X89.68 Y134.248 E.0484
G1 X89.482 Y134.051 E.00899
G1 X88.33 Y133.265 E.04483
G1 X87.255 Y134.34 E.04888
G1 X88.041 Y135.492 E.04483
G1 X89.68 Y136.735 E.06616
G1 X90.528 Y137.979 E.0484
G1 X90.726 Y138.177 E.00899
G1 X91.969 Y139.025 E.0484
G1 X92.167 Y139.222 E.00899
G1 X93.015 Y140.466 E.0484
G1 X94.654 Y141.709 E.06616
G1 X95.502 Y142.953 E.0484
G2 X96.421 Y143.643 I2.283 J-2.085 E.03717
G1 X93.934 Y143.643 E.07997
G3 X93.015 Y142.953 I1.364 J-2.775 E.03717
G1 X92.167 Y141.709 E.0484
G1 X90.528 Y140.466 E.06616
G1 X89.68 Y139.222 E.0484
G1 X89.482 Y139.025 E.00899
G1 X88.239 Y138.177 E.0484
G1 X88.041 Y137.979 E.00899
G1 X87.193 Y136.735 E.0484
G1 X86.995 Y136.538 E.00899
G1 X85.843 Y135.752 E.04483
G1 X85.515 Y136.08 E.01491
G1 X85.333 Y135.897 E.00831
G1 X84.4 Y136.464 E.03509
G3 X84.706 Y136.735 I-.565 J.944 E.01323
G1 X85.554 Y137.979 E.0484
G1 X87.193 Y139.222 E.06616
G1 X88.041 Y140.466 E.0484
G1 X88.239 Y140.664 E.00899
G1 X89.482 Y141.512 E.0484
G1 X89.68 Y141.709 E.00899
G1 X90.528 Y142.953 E.0484
G2 X91.447 Y143.643 I2.283 J-2.085 E.03717
G1 X89.164 Y143.643 E.07343
G1 X81.295 Y143.643 F18000
G1 F6205.95
G1 X79.036 Y143.643 E.07267
G3 X78.093 Y142.953 I2.895 J-4.946 E.03763
G1 X77.357 Y141.874 E.04197
G1 X77.357 Y139.387 E.07997
G1 X78.093 Y140.466 E.04197
G1 X78.291 Y140.664 E.00899
G1 X79.534 Y141.512 E.0484
G1 X79.732 Y141.709 E.00899
G1 X80.58 Y142.953 E.0484
G2 X81.499 Y143.643 I2.283 J-2.085 E.03717
G1 X83.986 Y143.643 E.07997
G3 X83.067 Y142.953 I1.364 J-2.775 E.03717
G1 X82.219 Y141.709 E.0484
G1 X82.021 Y141.512 E.00899
G1 X80.778 Y140.664 E.0484
G1 X80.58 Y140.466 E.00899
G1 X79.732 Y139.222 E.0484
G1 X79.534 Y139.025 E.00899
G1 X78.291 Y138.177 E.0484
G1 X78.093 Y137.979 E.00899
G1 X77.357 Y136.9 E.04197
G1 X77.357 Y134.413 E.07997
G1 X78.093 Y135.492 E.04197
G1 X78.291 Y135.69 E.00899
G1 X79.534 Y136.538 E.0484
G1 X79.732 Y136.735 E.00899
G1 X80.58 Y137.979 E.0484
G1 X80.778 Y138.177 E.00899
G1 X82.021 Y139.025 E.0484
G1 X82.219 Y139.222 E.00899
G1 X83.067 Y140.466 E.0484
G1 X83.265 Y140.664 E.00899
G1 X84.508 Y141.512 E.0484
G1 X84.706 Y141.709 E.00899
G1 X85.554 Y142.953 E.0484
G2 X86.473 Y143.643 I2.283 J-2.085 E.03717
G1 X88.96 Y143.643 E.07997
G3 X88.041 Y142.953 I1.364 J-2.775 E.03717
G1 X87.193 Y141.709 E.0484
G1 X86.995 Y141.512 E.00899
G1 X85.752 Y140.664 E.0484
G1 X85.554 Y140.466 E.00899
G1 X84.706 Y139.222 E.0484
G1 X83.067 Y137.979 E.06616
G1 X82.256 Y136.79 E.04628
G1 X81.631 Y137.17 E.02352
G1 X77.761 Y133.299 E.176
G1 X78.012 Y132.886 E.01555
G1 X77.357 Y131.926 E.03735
G1 X77.357 Y129.439 E.07997
G1 X78.093 Y130.518 E.04197
G2 X78.335 Y130.746 I.725 J-.527 E.01077
G1 X78.093 Y131.145 E.015
G1 X78.7 Y131.752 E.02762
G1 X78.117 Y132.712 E.03611
G1 X85.191 Y135.72 F18000
M204 P500
;TYPE:Internal Bridge
;WIDTH:0.379473
;HEIGHT:0.379473
G1 F2250
M106 S127
G1 X89.432 Y131.479 E.26797
G1 X89.129 Y131.175 E.01918
G1 X84.219 Y136.084 E.31013
G1 X83.849 Y136.309 E.01936
G1 X83.618 Y136.078 E.01459
G1 X88.825 Y130.871 E.32894
G1 X88.752 Y130.799 E.00459
G1 X89.467 Y129.622 E.06151
G1 X83.036 Y136.053 E.40627
G1 X84.693 Y133.789 F18000
G1 F2250
G1 X82.065 Y136.417 E.166
G1 X81.694 Y136.642 E.01936
G1 X81.463 Y136.411 E.01459
G1 X83.813 Y134.061 E.14845
G3 X83.284 Y133.983 I.208 J-3.24 E.02393
G1 X81.16 Y136.107 E.1342
G1 X80.856 Y135.803 E.01918
G1 X82.826 Y133.834 E.12442
G3 X82.421 Y133.631 I1.477 J-3.449 E.02023
G1 X80.552 Y135.5 E.11805
G1 X80.249 Y135.196 E.01918
G1 X82.065 Y133.379 E.11477
G3 X81.75 Y133.087 I1.236 J-1.648 E.01923
G1 X79.945 Y134.892 E.11405
G1 X79.641 Y134.589 E.01918
G1 X81.48 Y132.75 E.11616
G3 X81.255 Y132.367 I1.718 J-1.267 E.01986
G1 X79.338 Y134.285 E.12113
G1 X79.034 Y133.981 E.01918
G1 X81.077 Y131.938 E.12905
G3 X80.965 Y131.442 I2.306 J-.778 E.02275
G1 X78.73 Y133.678 E.1412
G1 X78.427 Y133.374 E.01918
G1 X81.146 Y130.655 E.17177
G1 X81.703 Y130.743 F18000
G1 X81.701 Y130.758
G1 X81.688 Y131
G1 X81.701 Y131.242
G1 X81.739 Y131.481
G1 X81.801 Y131.714
G1 X81.888 Y131.94
G1 X81.998 Y132.156
G1 X82.13 Y132.359
G1 X82.282 Y132.547
G1 X82.453 Y132.718
G1 X82.641 Y132.87
G1 X82.844 Y133.002
G1 X83.06 Y133.112
G1 X83.286 Y133.199
G1 X83.519 Y133.261
G1 X83.758 Y133.299
G1 X84 Y133.312
G1 X84.242 Y133.299
G1 X84.481 Y133.261
G1 X84.714 Y133.199
G1 X84.94 Y133.112
G1 X85.156 Y133.002
G1 X85.359 Y132.87
G1 X85.547 Y132.718
G1 X85.718 Y132.547
G1 X85.87 Y132.359
G1 X86.002 Y132.156
G1 X86.112 Y131.94
G1 X86.199 Y131.714
G1 X86.243 Y131.547
G1 X86.789 Y131.693
G1 F2250
G1 X89.461 Y129.02 E.16881
G1 X89.157 Y128.717 E.01918
G1 X87.061 Y130.813 E.13245
G2 X86.983 Y130.284 I-3.24 J.208 E.02393
G1 X88.854 Y128.413 E.1182
G1 X88.55 Y128.109 E.01918
G1 X86.834 Y129.826 E.10842
G2 X86.631 Y129.421 I-3.448 J1.477 E.02023
G1 X88.246 Y127.806 E.10206
G1 X87.943 Y127.502 E.01918
G1 X86.379 Y129.065 E.09877
G2 X86.087 Y128.75 I-1.648 J1.236 E.01923
G1 X87.639 Y127.198 E.09805
G1 X87.335 Y126.895 E.01918
G1 X85.75 Y128.48 E.10016
G2 X85.367 Y128.255 I-1.268 J1.718 E.01986
G1 X87.032 Y126.591 E.10514
G1 X86.728 Y126.287 E.01918
G1 X84.938 Y128.077 E.11305
G2 X84.442 Y127.965 I-.778 J2.306 E.02275
G1 X86.424 Y125.984 E.1252
G1 X86.121 Y125.68 E.01918
G1 X83.647 Y128.154 E.1563
G1 X85.954 Y125.239 F18000
G1 F2250
G1 X83.136 Y128.057 E.17798
G2 X81.057 Y130.136 I.869 J2.948 E.13697
G1 X78.802 Y132.392 E.14247
G1 X79.228 Y131.689 E.03673
G1 X79.063 Y131.523 E.01047
G1 X84.835 Y125.751 E.36462
G1 X84.132 Y126.178 E.03674
G1 X83.966 Y126.012 E.01047
G1 X78.759 Y131.219 E.32894
G1 X78.621 Y131.081 E.00872
G1 X79.134 Y130.237 E.04413
G1 X83.56 Y125.811 E.27959
G1 X77.357 Y124.669 F18000
M204 P2000
;TYPE:Sparse infill
;WIDTH:0.45
;HEIGHT:0.2
G1 F6205.95
M106 S102
G1 X77.357 Y126.952 E.07343
G1 X78.093 Y128.031 E.04197
G1 X78.291 Y128.229 E.00899
G1 X79.329 Y128.936 E.0404
G1 X80.44 Y127.825 E.05053
G1 X79.732 Y126.787 E.0404
G1 X79.534 Y126.59 E.00899
G1 X78.291 Y125.742 E.0484
G1 X78.093 Y125.544 E.00899
G1 X77.357 Y124.465 E.04197
G1 X77.357 Y121.978 E.07997
G1 X78.093 Y123.057 E.04197
G1 X78.291 Y123.255 E.00899
G1 X79.534 Y124.103 E.0484
G1 X79.732 Y124.3 E.00899
G1 X80.58 Y125.544 E.0484
G1 X80.778 Y125.742 E.00899
G1 X81.816 Y126.449 E.0404
G1 X82.162 Y126.103 E.01574
G1 X82.344 Y126.286 E.00831
G1 X83.256 Y125.733 E.03428
G1 X83.067 Y125.544 E.00859
G1 X82.219 Y124.3 E.0484
G1 X82.021 Y124.103 E.00899
G1 X80.778 Y123.255 E.0484
G1 X80.58 Y123.057 E.00899
G1 X79.732 Y121.813 E.0484
G1 X79.534 Y121.616 E.00899
G1 X78.291 Y120.768 E.0484
G1 X78.093 Y120.57 E.00899
G1 X77.357 Y119.491 E.04197
G1 X77.357 Y117.004 E.07997
G1 X78.093 Y118.083 E.04197
G1 X78.291 Y118.281 E.00899
G1 X79.534 Y119.129 E.0484
G1 X79.732 Y119.326 E.00899
G1 X80.58 Y120.57 E.0484
G1 X80.778 Y120.768 E.00899
G1 X82.021 Y121.616 E.0484
G1 X82.219 Y121.813 E.00899
G1 X83.067 Y123.057 E.0484
G1 X83.265 Y123.255 E.00899
G1 X84.508 Y124.103 E.0484
G3 X85.207 Y125.035 I-2.117 J2.314 E.0377
G1 X85.743 Y124.71 E.02014
G1 X90.22 Y129.188 E.20362
G1 X90.044 Y129.479 E.01094
; stop printing object top_plate.stl id:4734322866433739561 copy 0
;LAYER_CHANGE
;Z:6.04
;HEIGHT:0.2
G92 E0 ; zero the extruded length again
; BEFORE_LAYER_CHANGE 29 @ 6.04mm
G1 E-1.75 F6000
;WIPE_START
G1 F6205.95
G1 X90.22 Y129.188 E-.25518
G1 X89.754 Y128.721 E-.49482
;WIPE_END
; AFTER_LAYER_CHANGE 29 @ 6.04mm
;_SET_FAN_SPEED_CHANGING_LAYER
; printing object top_plate.stl id:4734322866433739561 copy 0
G17
G3 Z6.24 I-.183 J.58 P1  F18000
G1 X139.487 Y144.389 Z6.24
G1 X140.758 Y144.389
G1 X140.758 Y144.79
G1 Z6.04
G1 E2.5 F6000
M204 P1000
;TYPE:Outer wall
;WIDTH:0.42
G1 F3600
G1 X79.005 Y144.79 E1.8394
G3 X76.21 Y141.995 I.004 J-2.8 E.13074
G1 X76.21 Y78.005 E1.90602
G3 X79.005 Y75.21 I2.8 J.005 E.13074
G1 X140.995 Y75.21 E1.84644
G1 X141.292 Y75.226 E.00886
G3 X143.79 Y78.005 I-.294 J2.777 E.12197
G1 X143.79 Y141.995 E1.90601
G3 X140.995 Y144.79 I-2.8 J-.004 E.13074
G1 X140.818 Y144.79 E.00525
G1 X140.818 Y144.389 F18000
G1 X140.758 Y144.389
G1 X140.758 Y144.398
M204 P1500
;TYPE:Inner wall
;WIDTH:0.45
G1 F6000
G1 X79.016 Y144.398 E1.98541
G3 X76.602 Y141.984 I-.006 J-2.408 E.122
G1 X76.602 Y78.016 E2.057
G3 X79.016 Y75.602 I2.408 J-.006 E.12199
G1 X140.984 Y75.602 E1.99268
G1 X141.251 Y75.616 E.00857
G3 X143.398 Y78.016 I-.259 J2.392 E.11345
G1 X143.398 Y141.984 E2.05699
G3 X140.984 Y144.398 I-2.408 J.006 E.122
G1 X140.818 Y144.398 E.00534
G1 X140.758 Y143.991 F18000
G1 F6000
G1 X79.026 Y143.991 E1.98507
G3 X77.009 Y141.974 I-.016 J-2.001 E.10212
G1 X77.009 Y78.026 E2.05631
G3 X79.026 Y76.009 I2.001 J-.016 E.10212
G1 X140.974 Y76.009 E1.992
G1 X141.208 Y76.021 E.00754
G3 X142.991 Y78.026 I-.241 J2.01 E.09432
G1 X142.991 Y141.974 E2.05631
G3 X140.974 Y143.991 I-2.001 J.016 E.10212
G1 X140.818 Y143.991 E.005
G1 E-1.75
;WIPE_START
G1 X139.818 Y143.991 E-.75
;WIPE_END
G1 X139.818 Y144.389 Z6.24 F18000
G1 X135.881 Y91.305
G1 X135.903 Y90.9
G1 Z6.04
G1 E2.5 F6000
M204 P1000
;TYPE:Outer wall
;WIDTH:0.42
G1 F3600
G1 X136.2 Y90.9 E.00884
G2 X136.397 Y87.131 I-.192 J-1.9 E.16122
G2 X135.854 Y87.097 I-.4 J2.027 E.01626
G2 X135.8 Y90.898 I.153 J1.903 E.16793
G1 X135.843 Y90.899 E.00126
G1 X135.822 Y91.302 F18000
G1 X135.901 Y91.306
G1 X135.901 Y91.298
M204 P1500
;TYPE:Inner wall
;WIDTH:0.45
G1 F6000
G1 X136 Y91.302 E.00318
G2 X136.479 Y86.747 I.01 J-2.302 E.21762
G2 X135.833 Y86.706 I-.481 J2.434 E.02086
G2 X135.759 Y91.288 I.176 J2.295 E.21878
G1 X135.841 Y91.294 E.00264
G1 X135.755 Y91.698 F18000
G1 F6000
G1 X136 Y91.708 E.00789
G2 X136.837 Y86.422 I.009 J-2.708 E.24679
G2 X135.812 Y86.299 I-.822 J2.52 E.03342
G2 X135.695 Y91.69 I.197 J2.701 E.25715
G1 E-1.75
;WIPE_START
G1 X136 Y91.708 E-.22883
G1 X136.283 Y91.696 E-.21274
G1 X136.563 Y91.651 E-.21269
G1 X136.687 Y91.618 E-.09574
;WIPE_END
G1 X136.584 Y91.234 Z6.24 F18000
G1 X138.312 Y131
G1 X138.299 Y131.242
G1 X138.261 Y131.481
G1 X138.199 Y131.714
G1 X138.112 Y131.94
G1 X138.002 Y132.156
G1 X137.87 Y132.359
G1 X137.718 Y132.547
G1 X137.547 Y132.718
G1 X137.359 Y132.87
G1 X137.156 Y133.002
G1 X136.94 Y133.112
G1 X136.714 Y133.199
G1 X136.481 Y133.261
G1 X136.242 Y133.299
G1 X136.119 Y133.305
G1 X136.097 Y132.9
G1 Z6.04
G1 E2.5 F6000
M204 P1000
;TYPE:Outer wall
;WIDTH:0.42
G1 F3600
G1 X136.2 Y132.9 E.00305
G2 X136.397 Y129.131 I-.192 J-1.9 E.16122
G2 X135.854 Y129.097 I-.4 J2.027 E.01626
G2 X135.8 Y132.898 I.153 J1.903 E.16793
G1 X136.037 Y132.9 E.00705
G1 X136.059 Y133.309 F18000
G1 X136.099 Y133.306
G1 X136.099 Y133.298
M204 P1500
;TYPE:Inner wall
;WIDTH:0.45
G1 F6000
G1 X136.241 Y133.29 E.00458
G2 X136.479 Y128.747 I-.231 J-2.29 E.20986
G2 X135.833 Y128.706 I-.481 J2.434 E.02086
G2 X136 Y133.302 I.176 J2.295 E.22653
G1 X136.039 Y133.3 E.00125
G1 X136.245 Y133.698 F18000
G1 F6000
G1 X136.283 Y133.694 E.00123
G2 X136.837 Y128.422 I-.274 J-2.694 E.23766
G2 X135.812 Y128.299 I-.822 J2.52 E.03342
G2 X136 Y133.708 I.197 J2.701 E.26696
G1 X136.185 Y133.7 E.00596
G1 E-1.75
;WIPE_START
G1 X136.283 Y133.694 E-.07374
G1 X136.563 Y133.651 E-.21264
G1 X136.837 Y133.578 E-.21269
G1 X137.103 Y133.476 E-.21308
G1 X137.148 Y133.453 E-.03786
;WIPE_END
G1 X136.967 Y133.098 Z6.24 F18000
G1 X85.291 Y132.914
G1 X85.156 Y133.002
G1 X84.94 Y133.112
G1 X84.714 Y133.199
G1 X84.481 Y133.261
G1 X84.242 Y133.299
G1 X84 Y133.312
G1 X83.881 Y133.305
G1 X83.903 Y132.9
G1 Z6.04
G1 E2.5 F6000
M204 P1000
;TYPE:Outer wall
;WIDTH:0.42
G1 F3600
G1 X84.2 Y132.9 E.00884
G2 X84.397 Y129.131 I-.192 J-1.9 E.16122
G2 X83.854 Y129.097 I-.4 J2.027 E.01626
G2 X83.8 Y132.898 I.153 J1.903 E.16793
G1 X83.843 Y132.899 E.00126
G1 X83.822 Y133.302 F18000
G1 X83.901 Y133.306
G1 X83.901 Y133.298
M204 P1500
;TYPE:Inner wall
;WIDTH:0.45
G1 F6000
G1 X84 Y133.302 E.00317
G2 X84.479 Y128.747 I.01 J-2.302 E.21762
G2 X83.833 Y128.706 I-.481 J2.434 E.02086
G2 X83.759 Y133.288 I.176 J2.295 E.21878
G1 X83.841 Y133.294 E.00264
G1 X83.755 Y133.698 F18000
G1 F6000
G1 X84 Y133.708 E.00789
G2 X84.837 Y128.422 I.009 J-2.708 E.24679
G2 X83.812 Y128.299 I-.822 J2.52 E.03342
G2 X83.695 Y133.69 I.197 J2.701 E.25715
G1 E-1.75
;WIPE_START
G1 X84 Y133.708 E-.22882
G1 X84.283 Y133.696 E-.21274
G1 X84.563 Y133.651 E-.21269
G1 X84.687 Y133.618 E-.09575
;WIPE_END
G1 X84.584 Y133.234 Z6.24 F18000
G1 X84.714 Y133.199
G1 X84.94 Y133.112
G1 X85.156 Y133.002
G1 X85.359 Y132.87
G1 X85.547 Y132.718
G1 X85.718 Y132.547
G1 X85.87 Y132.359
G1 X86.002 Y132.156
G1 X86.112 Y131.94
G1 X86.199 Y131.714
G1 X86.261 Y131.481
G1 X86.299 Y131.242
G1 X86.312 Y131
G1 X86.299 Y130.758
G1 X86.261 Y130.519
G1 X86.199 Y130.286
G1 X86.112 Y130.06
G1 X86.002 Y129.844
G1 X85.87 Y129.641
G1 X85.718 Y129.453
G1 X85.547 Y129.282
G1 X85.359 Y129.13
G1 X85.156 Y128.998
G1 X84.94 Y128.888
G1 X84.714 Y128.801
G1 X84.598 Y128.77
G1 X83.881 Y91.305
G1 X83.903 Y90.9
G1 Z6.04
G1 E2.5 F6000
M204 P1000
;TYPE:Outer wall
;WIDTH:0.42
G1 F3600
G1 X84.2 Y90.9 E.00884
G2 X84.397 Y87.131 I-.192 J-1.9 E.16122
G2 X83.854 Y87.097 I-.4 J2.027 E.01626
G2 X83.8 Y90.898 I.153 J1.903 E.16793
G1 X83.843 Y90.899 E.00126
G1 X83.822 Y91.302 F18000
G1 X83.901 Y91.306
G1 X83.901 Y91.298
M204 P1500
;TYPE:Inner wall
;WIDTH:0.45
G1 F6000
G1 X84 Y91.302 E.00317
G2 X84.479 Y86.747 I.01 J-2.302 E.21762
G2 X83.833 Y86.706 I-.481 J2.434 E.02086
G2 X83.759 Y91.288 I.176 J2.295 E.21878
G1 X83.841 Y91.294 E.00264
G1 X83.755 Y91.698 F18000
G1 F6000
G1 X84 Y91.708 E.00789
G2 X84.837 Y86.422 I.009 J-2.708 E.24679
G2 X83.812 Y86.299 I-.822 J2.52 E.03342
G2 X83.695 Y91.69 I.197 J2.701 E.25715
G1 E-1.75
;WIPE_START
G1 X84 Y91.708 E-.22882
G1 X84.283 Y91.696 E-.21274
G1 X84.563 Y91.651 E-.21269
G1 X84.687 Y91.618 E-.09575
;WIPE_END
G1 X84.584 Y91.234 Z6.24 F18000
G1 X102.068 Y105.141
G1 X115.91 Y115.91
G1 Z6.04
G1 E2.5 F6000
M204 P1000
;TYPE:Outer wall
;WIDTH:0.42
G1 F3600
G1 X115.91 Y104.09 E.35208
G1 X104.09 Y104.09 E.35208
G1 X104.09 Y115.91 E.35208
G1 X115.85 Y115.91 E.35029
G1 E-1.75 F6000
;WIPE_START
G1 F3600
G1 X115.855 Y114.91 E-.75
;WIPE_END
G1 X117.932 Y117.932 Z6.24 F18000
G1 X118.282 Y118.282
G1 Z6.04
G1 E2.5 F6000
M204 P1500
;TYPE:Inner wall
;WIDTH:0.45
G1 X118.282 Y101.718 E.53261
G1 X101.718 Y101.718 E.53261
G1 X101.718 Y118.282 E.53261
G1 X118.222 Y118.282 E.53068
G1 X118.689 Y118.689 F18000
G1 F6000
G1 X118.689 Y101.311 E.55879
G1 X101.311 Y101.311 E.55879
G1 X101.311 Y118.689 E.55879
G1 X118.629 Y118.689 E.55686
G1 X119.037 Y113.972 F18000
M204 P2000
;TYPE:Sparse infill
G1 F6205.95
G1 X119.037 Y116.255 E.07343
G1 X119.326 Y116.288 E.00937
G1 X119.878 Y116.839 E.02507
G1 X120.018 Y118.083 E.04024
G1 X120.57 Y118.634 E.02507
G1 X121.813 Y118.775 E.04024
G1 X122.365 Y119.326 E.02507
G1 X122.505 Y120.57 E.04024
G1 X123.057 Y121.121 E.02507
G1 X124.3 Y121.262 E.04024
G1 X124.852 Y121.813 E.02507
G1 X124.992 Y123.057 E.04024
G1 X125.544 Y123.608 E.02507
G1 X126.787 Y123.749 E.04024
G1 X127.339 Y124.3 E.02507
G1 X127.479 Y125.544 E.04024
G1 X128.031 Y126.095 E.02507
G1 X129.274 Y126.236 E.04024
G1 X129.826 Y126.787 E.02507
G1 X129.967 Y128.031 E.04024
G1 X130.518 Y128.582 E.02507
G1 X131.761 Y128.723 E.04024
G1 X132.116 Y129.078 E.01615
G3 X132.661 Y128.238 I3.499 J1.673 E.03227
G1 X132.454 Y128.031 E.00944
G1 X132.313 Y126.787 E.04024
G1 X131.761 Y126.236 E.02507
G1 X130.518 Y126.095 E.04024
G1 X129.967 Y125.544 E.02507
G1 X129.826 Y124.3 E.04024
G1 X129.274 Y123.749 E.02507
G1 X128.031 Y123.608 E.04024
G1 X127.479 Y123.057 E.02507
G1 X127.339 Y121.813 E.04024
G1 X126.787 Y121.262 E.02507
G1 X125.544 Y121.121 E.04024
G1 X124.992 Y120.57 E.02507
G1 X124.852 Y119.326 E.04024
G1 X124.3 Y118.775 E.02507
G1 X123.057 Y118.634 E.04024
G1 X122.505 Y118.083 E.02507
G1 X122.365 Y116.839 E.04024
G1 X121.813 Y116.288 E.02507
G1 X120.57 Y116.147 E.04024
G1 X120.018 Y115.596 E.02507
G1 X119.878 Y114.352 E.04024
G1 X119.326 Y113.801 E.02507
G1 X119.037 Y113.768 E.00937
G1 X119.037 Y111.485 E.07343
G1 X117.986 Y101.843 F18000
M204 P1000
;TYPE:Top surface
;WIDTH:0.423199
G1 F1800
G1 X117.986 Y117.987 E.48497
G1 X117.606 Y117.987 E.01142
G1 X117.606 Y102.013 E.47988
G1 X117.225 Y102.013 E.01142
G1 X117.225 Y117.987 E.47988
G1 X116.845 Y117.987 E.01142
G1 X116.845 Y102.013 E.47988
G1 X116.465 Y102.013 E.01142
G1 X116.465 Y117.987 E.47988
G1 X116.084 Y117.987 E.01142
G1 X116.084 Y102.013 E.47988
G1 X115.704 Y102.013 E.01142
G1 X115.704 Y103.811 E.05402
G1 X115.324 Y103.811 E.01142
G1 X115.324 Y102.013 E.05402
G1 X114.944 Y102.013 E.01142
G1 X114.944 Y103.811 E.05402
G1 X114.563 Y103.811 E.01142
G1 X114.563 Y102.013 E.05402
G1 X114.183 Y102.013 E.01142
G1 X114.183 Y103.811 E.05402
G1 X113.803 Y103.811 E.01142
G1 X113.803 Y102.013 E.05402
G1 X113.422 Y102.013 E.01142
G1 X113.422 Y103.811 E.05402
G1 X113.042 Y103.811 E.01142
G1 X113.042 Y102.013 E.05402
G1 X112.662 Y102.013 E.01142
G1 X112.662 Y103.811 E.05402
G1 X112.282 Y103.811 E.01142
G1 X112.282 Y102.013 E.05402
G1 X111.901 Y102.013 E.01142
G1 X111.901 Y103.811 E.05402
G1 X111.521 Y103.811 E.01142
G1 X111.521 Y102.013 E.05402
G1 X111.141 Y102.013 E.01142
G1 X111.141 Y103.811 E.05402
G1 X110.761 Y103.811 E.01142
G1 X110.761 Y102.013 E.05402
G1 X110.38 Y102.013 E.01142
G1 X110.38 Y103.811 E.05402
G1 X110 Y103.811 E.01142
G1 X110 Y102.013 E.05402
G1 X109.62 Y102.013 E.01142
G1 X109.62 Y103.811 E.05402
G1 X109.239 Y103.811 E.01142
G1 X109.239 Y102.013 E.05402
G1 X108.859 Y102.013 E.01142
G1 X108.859 Y103.811 E.05402
G1 X108.479 Y103.811 E.01142
G1 X108.479 Y102.013 E.05402
G1 X108.099 Y102.013 E.01142
G1 X108.099 Y103.811 E.05402
G1 X107.718 Y103.811 E.01142
G1 X107.718 Y102.013 E.05402
G1 X107.338 Y102.013 E.01142
G1 X107.338 Y103.811 E.05402
G1 X106.958 Y103.811 E.01142
G1 X106.958 Y102.013 E.05402
G1 X106.577 Y102.013 E.01142
G1 X106.577 Y103.811 E.05402
G1 X106.197 Y103.811 E.01142
G1 X106.197 Y102.013 E.05402
G1 X105.817 Y102.013 E.01142
G1 X105.817 Y103.811 E.05402
G1 X105.437 Y103.811 E.01142
G1 X105.437 Y102.013 E.05402
G1 X105.056 Y102.013 E.01142
G1 X105.056 Y103.811 E.05402
G1 X104.676 Y103.811 E.01142
G1 X104.676 Y102.013 E.05402
G1 X104.296 Y102.013 E.01142
G1 X104.296 Y103.981 E.05912
G1 E-1.75 F6000
;WIPE_START
G1 F1800
G1 X104.296 Y102.981 E-.75
;WIPE_END
G1 X106.809 Y105.853 Z6.24 F18000
G1 X115.704 Y116.019 Z6.24
G1 Z6.04
G1 E2.5 F6000
G1 F1800
G1 X115.704 Y117.987 E.05912
G1 X115.324 Y117.987 E.01142
G1 X115.324 Y116.189 E.05402
G1 X114.944 Y116.189 E.01142
G1 X114.944 Y117.987 E.05402
G1 X114.563 Y117.987 E.01142
G1 X114.563 Y116.189 E.05402
G1 X114.183 Y116.189 E.01142
G1 X114.183 Y117.987 E.05402
G1 X113.803 Y117.987 E.01142
G1 X113.803 Y116.189 E.05402
G1 X113.422 Y116.189 E.01142
G1 X113.422 Y117.987 E.05402
G1 X113.042 Y117.987 E.01142
G1 X113.042 Y116.189 E.05402
G1 X112.662 Y116.189 E.01142
G1 X112.662 Y117.987 E.05402
G1 X112.282 Y117.987 E.01142
G1 X112.282 Y116.189 E.05402
G1 X111.901 Y116.189 E.01142
G1 X111.901 Y117.987 E.05402
G1 X111.521 Y117.987 E.01142
G1 X111.521 Y116.189 E.05402
G1 X111.141 Y116.189 E.01142
G1 X111.141 Y117.987 E.05402
G1 X110.761 Y117.987 E.01142
G1 X110.761 Y116.189 E.05402
G1 X110.38 Y116.189 E.01142
G1 X110.38 Y117.987 E.05402
G1 X110 Y117.987 E.01142
G1 X110 Y116.189 E.05402
G1 X109.62 Y116.189 E.01142
G1 X109.62 Y117.987 E.05402
G1 X109.239 Y117.987 E.01142
G1 X109.239 Y116.189 E.05402
G1 X108.859 Y116.189 E.01142
G1 X108.859 Y117.987 E.05402
G1 X108.479 Y117.987 E.01142
G1 X108.479 Y116.189 E.05402
G1 X108.099 Y116.189 E.01142
G1 X108.099 Y117.987 E.05402
G1 X107.718 Y117.987 E.01142
G1 X107.718 Y116.189 E.05402
G1 X107.338 Y116.189 E.01142
G1 X107.338 Y117.987 E.05402
G1 X106.958 Y117.987 E.01142
G1 X106.958 Y116.189 E.05402
G1 X106.577 Y116.189 E.01142
G1 X106.577 Y117.987 E.05402
G1 X106.197 Y117.987 E.01142
G1 X106.197 Y116.189 E.05402
G1 X105.817 Y116.189 E.01142
G1 X105.817 Y117.987 E.05402
G1 X105.437 Y117.987 E.01142
G1 X105.437 Y116.189 E.05402
G1 X105.056 Y116.189 E.01142
G1 X105.056 Y117.987 E.05402
G1 X104.676 Y117.987 E.01142
G1 X104.676 Y116.189 E.05402
G1 X104.296 Y116.189 E.01142
G1 X104.296 Y117.987 E.05402
G1 X103.916 Y117.987 E.01142
G1 X103.916 Y102.013 E.47988
G1 X103.535 Y102.013 E.01142
G1 X103.535 Y117.987 E.47988
G1 X103.155 Y117.987 E.01142
G1 X103.155 Y102.013 E.47988
G1 X102.775 Y102.013 E.01142
G1 X102.775 Y117.987 E.47988
G1 X102.394 Y117.987 E.01142
G1 X102.394 Y102.013 E.47988
G1 X102.014 Y102.013 E.01142
G1 X102.014 Y118.157 E.48497
G1 X100.963 Y113.489 F18000
M204 P2000
;TYPE:Sparse infill
;WIDTH:0.45
G1 F6205.95
G1 X100.963 Y111.206 E.07343
G1 X100.674 Y111.173 E.00937
G1 X100.122 Y110.622 E.02507
G1 X99.982 Y109.378 E.04024
G1 X99.43 Y108.827 E.02507
G1 X98.187 Y108.686 E.04024
G1 X97.635 Y108.135 E.02507
G1 X97.495 Y106.891 E.04024
G1 X96.943 Y106.34 E.02507
G1 X95.7 Y106.199 E.04024
G1 X95.148 Y105.648 E.02507
G1 X95.008 Y104.404 E.04024
G1 X94.456 Y103.853 E.02507
G1 X93.213 Y103.712 E.04024
G1 X92.661 Y103.161 E.02507
G1 X92.521 Y101.917 E.04024
G1 X91.969 Y101.366 E.02507
G1 X90.726 Y101.225 E.04024
G1 X90.174 Y100.674 E.02507
G1 X90.033 Y99.43 E.04024
G1 X89.482 Y98.879 E.02507
G1 X88.239 Y98.738 E.04024
G1 X87.687 Y98.187 E.02507
G1 X87.546 Y96.943 E.04024
G1 X86.995 Y96.392 E.02507
G1 X85.752 Y96.251 E.04024
G1 X85.2 Y95.7 E.02507
G1 X85.059 Y94.456 E.04024
G1 X84.508 Y93.905 E.02507
G1 X83.265 Y93.764 E.04024
G1 X82.713 Y93.213 E.02507
G1 X82.705 Y93.139 E.0024
G2 X85.195 Y93.165 I1.29 J-4.2 E.08119
G1 X85.752 Y93.764 E.02628
G1 X86.995 Y93.905 E.04024
G1 X87.546 Y94.456 E.02507
G1 X87.687 Y95.7 E.04024
G1 X88.239 Y96.251 E.02507
G1 X89.482 Y96.392 E.04024
G1 X90.033 Y96.943 E.02507
G1 X90.174 Y98.187 E.04024
G1 X90.726 Y98.738 E.02507
G1 X91.969 Y98.879 E.04024
G1 X92.521 Y99.43 E.02507
G1 X92.661 Y100.674 E.04024
G1 X93.213 Y101.225 E.02507
G1 X94.456 Y101.366 E.04024
G1 X95.008 Y101.917 E.02507
G1 X95.148 Y103.161 E.04024
G1 X95.7 Y103.712 E.02507
G1 X96.943 Y103.853 E.04024
G1 X97.495 Y104.404 E.02507
G1 X97.635 Y105.648 E.04024
G1 X98.187 Y106.199 E.02507
G1 X99.43 Y106.34 E.04024
G1 X99.982 Y106.891 E.02507
G1 X100.122 Y108.135 E.04024
G1 X100.674 Y108.686 E.02507
G1 X100.963 Y108.719 E.00937
G1 X100.963 Y106.232 E.07997
G1 X100.674 Y106.199 E.00937
G1 X100.122 Y105.648 E.02507
G1 X99.982 Y104.404 E.04024
G1 X99.43 Y103.853 E.02507
G1 X98.187 Y103.712 E.04024
G1 X97.635 Y103.161 E.02507
G1 X97.495 Y101.917 E.04024
G1 X96.943 Y101.366 E.02507
G1 X95.7 Y101.225 E.04024
G1 X95.148 Y100.674 E.02507
G1 X95.008 Y99.43 E.04024
G1 X94.456 Y98.879 E.02507
G1 X93.213 Y98.738 E.04024
G1 X92.661 Y98.187 E.02507
G1 X92.521 Y96.943 E.04024
G1 X91.969 Y96.392 E.02507
G1 X90.726 Y96.251 E.04024
G1 X90.174 Y95.7 E.02507
G1 X90.033 Y94.456 E.04024
G1 X89.482 Y93.905 E.02507
G1 X88.239 Y93.764 E.04024
G1 X87.687 Y93.213 E.02507
G1 X87.546 Y91.969 E.04024
G1 X87.339 Y91.762 E.00944
G2 X87.884 Y90.922 I-2.955 J-2.513 E.03227
G1 X88.239 Y91.277 E.01615
G1 X89.482 Y91.418 E.04024
G1 X90.033 Y91.969 E.02507
G1 X90.174 Y93.213 E.04024
G1 X90.726 Y93.764 E.02507
G1 X91.969 Y93.905 E.04024
G1 X92.521 Y94.456 E.02507
G1 X92.661 Y95.7 E.04024
G1 X93.213 Y96.251 E.02507
G1 X94.456 Y96.392 E.04024
G1 X95.008 Y96.943 E.02507
G1 X95.148 Y98.187 E.04024
G1 X95.7 Y98.738 E.02507
G1 X96.943 Y98.879 E.04024
G1 X97.495 Y99.43 E.02507
G1 X97.635 Y100.674 E.04024
G1 X98.187 Y101.225 E.02507
G1 X99.43 Y101.366 E.04024
G1 X99.982 Y101.917 E.02507
G1 X100.122 Y103.161 E.04024
G1 X100.674 Y103.712 E.02507
G1 X100.963 Y103.745 E.00937
G1 X100.963 Y106.028 E.07343
G1 X102.068 Y102.068 F18000
G1 X113.05 Y100.963
G1 F6205.95
G1 X115.334 Y100.963 E.07343
G1 X115.044 Y100.674 E.01316
G1 X114.904 Y99.43 E.04024
G1 X114.352 Y98.879 E.02507
G1 X113.109 Y98.738 E.04024
G1 X112.557 Y98.187 E.02507
G1 X112.417 Y96.943 E.04024
G1 X111.865 Y96.392 E.02507
G1 X110.622 Y96.251 E.04024
G1 X110.07 Y95.7 E.02507
G1 X109.93 Y94.456 E.04024
G1 X109.378 Y93.905 E.02507
G1 X108.135 Y93.764 E.04024
G1 X107.583 Y93.213 E.02507
G1 X107.443 Y91.969 E.04024
G1 X106.891 Y91.418 E.02507
G1 X105.648 Y91.277 E.04024
G1 X105.096 Y90.726 E.02507
G1 X104.956 Y89.482 E.04024
G1 X104.404 Y88.931 E.02507
G1 X103.161 Y88.79 E.04024
G1 X102.609 Y88.239 E.02507
G1 X102.469 Y86.995 E.04024
G1 X101.917 Y86.444 E.02507
G1 X100.674 Y86.303 E.04024
G1 X100.122 Y85.752 E.02507
G1 X99.982 Y84.508 E.04024
G1 X99.43 Y83.957 E.02507
G1 X98.187 Y83.816 E.04024
G1 X97.635 Y83.265 E.02507
G1 X97.495 Y82.021 E.04024
G1 X96.943 Y81.47 E.02507
G1 X95.7 Y81.329 E.04024
G1 X95.148 Y80.778 E.02507
G1 X95.008 Y79.534 E.04024
G1 X94.456 Y78.983 E.02507
G1 X93.213 Y78.842 E.04024
G1 X92.661 Y78.291 E.02507
G1 X92.521 Y77.047 E.04024
G1 X91.969 Y76.496 E.02507
G2 X89.804 Y76.357 I-1.693 J9.488 E.0699
G1 X92.291 Y76.357 F18000
G1 F6205.95
G3 X94.456 Y76.496 I.472 J9.627 E.0699
G1 X95.008 Y77.047 E.02507
G1 X95.148 Y78.291 E.04024
G1 X95.7 Y78.842 E.02507
G1 X96.943 Y78.983 E.04024
G1 X97.495 Y79.534 E.02507
G1 X97.635 Y80.778 E.04024
G1 X98.187 Y81.329 E.02507
G1 X99.43 Y81.47 E.04024
G1 X99.982 Y82.021 E.02507
G1 X100.122 Y83.265 E.04024
G1 X100.674 Y83.816 E.02507
G1 X101.917 Y83.957 E.04024
G1 X102.469 Y84.508 E.02507
G1 X102.609 Y85.752 E.04024
G1 X103.161 Y86.303 E.02507
G1 X104.404 Y86.444 E.04024
G1 X104.956 Y86.995 E.02507
G1 X105.096 Y88.239 E.04024
G1 X105.648 Y88.79 E.02507
G1 X106.891 Y88.931 E.04024
G1 X107.443 Y89.482 E.02507
G1 X107.583 Y90.726 E.04024
G1 X108.135 Y91.277 E.02507
G1 X109.378 Y91.418 E.04024
G1 X109.93 Y91.969 E.02507
G1 X110.07 Y93.213 E.04024
G1 X110.622 Y93.764 E.02507
G1 X111.865 Y93.905 E.04024
G1 X112.417 Y94.456 E.02507
G1 X112.557 Y95.7 E.04024
G1 X113.109 Y96.251 E.02507
G1 X114.352 Y96.392 E.04024
G1 X114.904 Y96.943 E.02507
G1 X115.044 Y98.187 E.04024
G1 X115.596 Y98.738 E.02507
G1 X116.839 Y98.879 E.04024
G1 X117.391 Y99.43 E.02507
G1 X117.531 Y100.674 E.04024
G1 X117.821 Y100.963 E.01316
G1 X119.037 Y100.963 E.0391
G1 X119.037 Y101.333 E.0119
G1 X119.326 Y101.366 E.00937
G1 X119.878 Y101.917 E.02507
G1 X120.018 Y103.161 E.04024
G1 X120.57 Y103.712 E.02507
G1 X121.813 Y103.853 E.04024
G1 X122.365 Y104.404 E.02507
G1 X122.505 Y105.648 E.04024
G1 X123.057 Y106.199 E.02507
G1 X124.3 Y106.34 E.04024
G1 X124.852 Y106.891 E.02507
G1 X124.992 Y108.135 E.04024
G1 X125.544 Y108.686 E.02507
G1 X126.787 Y108.827 E.04024
G1 X127.339 Y109.378 E.02507
G1 X127.479 Y110.622 E.04024
G1 X128.031 Y111.173 E.02507
G1 X129.274 Y111.314 E.04024
G1 X129.826 Y111.865 E.02507
G1 X129.967 Y113.109 E.04024
G1 X130.518 Y113.66 E.02507
G1 X131.761 Y113.801 E.04024
G1 X132.313 Y114.352 E.02507
G1 X132.454 Y115.596 E.04024
G1 X133.005 Y116.147 E.02507
G1 X134.248 Y116.288 E.04024
G1 X134.8 Y116.839 E.02507
G1 X134.941 Y118.083 E.04024
G1 X135.492 Y118.634 E.02507
G1 X136.735 Y118.775 E.04024
G1 X137.287 Y119.326 E.02507
G1 X137.428 Y120.57 E.04024
G1 X137.979 Y121.121 E.02507
G1 X139.222 Y121.262 E.04024
G1 X139.774 Y121.813 E.02507
G1 X139.915 Y123.057 E.04024
G1 X140.466 Y123.608 E.02507
G1 X141.709 Y123.749 E.04024
G1 X142.261 Y124.3 E.02507
G1 X142.402 Y125.544 E.04024
G1 X142.643 Y125.785 E.01096
G1 X142.643 Y127.265 E.0476
G1 X142.643 Y129.752 F18000
G1 F6205.95
G1 X142.643 Y128.272 E.0476
G1 X142.402 Y128.031 E.01096
G1 X142.261 Y126.787 E.04024
G1 X141.709 Y126.236 E.02507
G1 X140.466 Y126.095 E.04024
G1 X139.915 Y125.544 E.02507
G1 X139.774 Y124.3 E.04024
G1 X139.222 Y123.749 E.02507
G1 X137.979 Y123.608 E.04024
G1 X137.428 Y123.057 E.02507
G1 X137.287 Y121.813 E.04024
G1 X136.735 Y121.262 E.02507
G1 X135.492 Y121.121 E.04024
G1 X134.941 Y120.57 E.02507
G1 X134.8 Y119.326 E.04024
G1 X134.248 Y118.775 E.02507
G1 X133.005 Y118.634 E.04024
G1 X132.454 Y118.083 E.02507
G1 X132.313 Y116.839 E.04024
G1 X131.761 Y116.288 E.02507
G1 X130.518 Y116.147 E.04024
G1 X129.967 Y115.596 E.02507
G1 X129.826 Y114.352 E.04024
G1 X129.274 Y113.801 E.02507
G1 X128.031 Y113.66 E.04024
G1 X127.479 Y113.109 E.02507
G1 X127.339 Y111.865 E.04024
G1 X126.787 Y111.314 E.02507
G1 X125.544 Y111.173 E.04024
G1 X124.992 Y110.622 E.02507
G1 X124.852 Y109.378 E.04024
G1 X124.3 Y108.827 E.02507
G1 X123.057 Y108.686 E.04024
G1 X122.505 Y108.135 E.02507
G1 X122.365 Y106.891 E.04024
G1 X121.813 Y106.34 E.02507
G1 X120.57 Y106.199 E.04024
G1 X120.018 Y105.648 E.02507
G1 X119.878 Y104.404 E.04024
G1 X119.326 Y103.853 E.02507
G1 X119.037 Y103.82 E.00937
G1 X119.037 Y106.307 E.07997
G1 X119.326 Y106.34 E.00937
G1 X119.878 Y106.891 E.02507
G1 X120.018 Y108.135 E.04024
G1 X120.57 Y108.686 E.02507
G1 X121.813 Y108.827 E.04024
G1 X122.365 Y109.378 E.02507
G1 X122.505 Y110.622 E.04024
G1 X123.057 Y111.173 E.02507
G1 X124.3 Y111.314 E.04024
G1 X124.852 Y111.865 E.02507
G1 X124.992 Y113.109 E.04024
G1 X125.544 Y113.66 E.02507
G1 X126.787 Y113.801 E.04024
G1 X127.339 Y114.352 E.02507
G1 X127.479 Y115.596 E.04024
G1 X128.031 Y116.147 E.02507
G1 X129.274 Y116.288 E.04024
G1 X129.826 Y116.839 E.02507
G1 X129.967 Y118.083 E.04024
G1 X130.518 Y118.634 E.02507
G1 X131.761 Y118.775 E.04024
G1 X132.313 Y119.326 E.02507
G1 X132.454 Y120.57 E.04024
G1 X133.005 Y121.121 E.02507
G1 X134.248 Y121.262 E.04024
G1 X134.8 Y121.813 E.02507
G1 X134.941 Y123.057 E.04024
G1 X135.492 Y123.608 E.02507
G1 X136.735 Y123.749 E.04024
G1 X137.287 Y124.3 E.02507
G1 X137.428 Y125.544 E.04024
G1 X137.979 Y126.095 E.02507
G1 X139.222 Y126.236 E.04024
G1 X139.774 Y126.787 E.02507
G1 X139.915 Y128.031 E.04024
G1 X140.466 Y128.582 E.02507
G1 X141.709 Y128.723 E.04024
G1 X142.261 Y129.274 E.02507
G1 X142.402 Y130.518 E.04024
G1 X142.643 Y130.759 E.01096
G1 X142.643 Y132.239 E.0476
G1 X142.643 Y134.726 F18000
G1 F6205.95
G1 X142.643 Y133.246 E.0476
G1 X142.402 Y133.005 E.01096
G1 X142.261 Y131.761 E.04024
G1 X141.709 Y131.21 E.02507
G1 X140.466 Y131.069 E.04024
G1 X140.336 Y130.939 E.00593
G2 X137.295 Y126.861 I-4.351 J.072 E.17468
G1 X137.287 Y126.787 E.0024
G1 X136.735 Y126.236 E.02507
G1 X135.492 Y126.095 E.04024
G1 X134.941 Y125.544 E.02507
G1 X134.8 Y124.3 E.04024
G1 X134.248 Y123.749 E.02507
G1 X133.005 Y123.608 E.04024
G1 X132.454 Y123.057 E.02507
G1 X132.313 Y121.813 E.04024
G1 X131.761 Y121.262 E.02507
G1 X130.518 Y121.121 E.04024
G1 X129.967 Y120.57 E.02507
G1 X129.826 Y119.326 E.04024
G1 X129.274 Y118.775 E.02507
G1 X128.031 Y118.634 E.04024
G1 X127.479 Y118.083 E.02507
G1 X127.339 Y116.839 E.04024
G1 X126.787 Y116.288 E.02507
G1 X125.544 Y116.147 E.04024
G1 X124.992 Y115.596 E.02507
G1 X124.852 Y114.352 E.04024
G1 X124.3 Y113.801 E.02507
G1 X123.057 Y113.66 E.04024
G1 X122.505 Y113.109 E.02507
G1 X122.365 Y111.865 E.04024
G1 X121.813 Y111.314 E.02507
G1 X120.57 Y111.173 E.04024
G1 X120.018 Y110.622 E.02507
G1 X119.878 Y109.378 E.04024
G1 X119.326 Y108.827 E.02507
G1 X119.037 Y108.794 E.00937
G1 X119.037 Y111.281 E.07997
G1 X119.326 Y111.314 E.00937
G1 X119.878 Y111.865 E.02507
G1 X120.018 Y113.109 E.04024
G1 X120.57 Y113.66 E.02507
G1 X121.813 Y113.801 E.04024
G1 X122.365 Y114.352 E.02507
G1 X122.505 Y115.596 E.04024
G1 X123.057 Y116.147 E.02507
G1 X124.3 Y116.288 E.04024
G1 X124.852 Y116.839 E.02507
G1 X124.992 Y118.083 E.04024
G1 X125.544 Y118.634 E.02507
G1 X126.787 Y118.775 E.04024
G1 X127.339 Y119.326 E.02507
G1 X127.479 Y120.57 E.04024
G1 X128.031 Y121.121 E.02507
G1 X129.274 Y121.262 E.04024
G1 X129.826 Y121.813 E.02507
G1 X129.967 Y123.057 E.04024
G1 X130.518 Y123.608 E.02507
G1 X131.761 Y123.749 E.04024
G1 X132.313 Y124.3 E.02507
G1 X132.454 Y125.544 E.04024
G1 X133.005 Y126.095 E.02507
G1 X134.248 Y126.236 E.04024
G1 X134.805 Y126.835 E.02628
G2 X132.791 Y128.082 I1.214 J4.211 E.07714
G1 X133.502 Y129.161 F18000
;TYPE:Internal solid infill
;WIDTH:0.419999
G1 F6000
G1 X133.939 Y128.682 E.01931
G1 X134.466 Y128.304 E.01932
G1 X135.065 Y128.043 E.01945
G1 X135.802 Y127.907 E.02233
G1 X136.34 Y127.916 E.01602
G1 X136.978 Y128.056 E.01946
G1 X137.568 Y128.324 E.0193
G1 X138.09 Y128.708 E.01932
G1 X138.521 Y129.193 E.01931
G1 X138.842 Y129.756 E.01932
G1 X139.038 Y130.374 E.01932
G1 X139.102 Y131.02 E.01931
G1 X139.03 Y131.664 E.01931
G1 X138.826 Y132.28 E.01933
G1 X138.498 Y132.839 E.01931
G1 X138.061 Y133.318 E.01931
G1 X137.534 Y133.696 E.01932
G1 X136.94 Y133.956 E.01933
G1 X136.305 Y134.087 E.01931
G1 X135.656 Y134.083 E.01932
G1 X135.023 Y133.944 E.01931
G1 X134.432 Y133.676 E.01933
G1 X133.91 Y133.292 E.01932
G1 X133.479 Y132.807 E.01931
G1 X133.158 Y132.244 E.01932
G1 X132.962 Y131.626 E.01932
G1 X132.898 Y130.98 E.01931
G1 X132.97 Y130.336 E.01931
G1 X133.174 Y129.72 E.01933
G1 X133.472 Y129.212 E.01753
G1 X133.383 Y128.653 F18000
;WIDTH:0.507163
G1 F5441.803
G1 X132.993 Y129.182 E.02409
G1 X132.759 Y129.627 E.01843
G1 X132.575 Y130.208 E.02235
G1 X132.488 Y130.937 E.02694
G1 X132.552 Y131.669 E.02693
G1 X132.766 Y132.371 E.02693
G1 X133.122 Y133.013 E.02693
G1 X133.604 Y133.568 E.02692
G1 X134.187 Y134.014 E.02693
G1 X134.853 Y134.327 E.02698
G1 X135.569 Y134.492 E.02697
G1 X136.305 Y134.505 E.02697
G1 X136.938 Y134.389 E.02362
G1 X137.428 Y134.212 E.0191
G1 X138.07 Y133.841 E.02719
G1 X138.617 Y133.347 E.02703
G1 X139.007 Y132.818 E.02409
G1 X139.241 Y132.373 E.01843
G1 X139.425 Y131.792 E.02235
G1 X139.512 Y131.063 E.02694
G1 X139.495 Y130.628 E.01596
G1 X139.341 Y129.909 E.02694
G1 X139.042 Y129.238 E.02695
G1 X138.609 Y128.645 E.02694
G1 X138.055 Y128.148 E.02728
G2 X137.148 Y127.672 I-2.037 J2.777 E.03771
G1 X136.425 Y127.514 E.02715
G1 X135.806 Y127.486 E.02271
G1 X134.987 Y127.632 E.03052
G1 X134.439 Y127.851 E.02165
G1 X133.933 Y128.157 E.02165
G1 X133.428 Y128.613 E.02498
G1 X133.064 Y128.365 F18000
;WIDTH:0.419999
G1 F6000
G1 X132.616 Y128.981 E.02271
G2 X132.076 Y130.592 I3.96 J2.224 E.05089
G1 X132.077 Y131.418 E.02461
G1 X132.25 Y132.224 E.02456
G1 X132.586 Y132.977 E.02457
G1 X133.072 Y133.644 E.02456
G1 X133.687 Y134.196 E.02465
G1 X134.162 Y134.484 E.01653
G1 X134.785 Y134.753 E.02021
G1 X135.593 Y134.924 E.02459
G1 X136.419 Y134.923 E.02461
G1 X137.078 Y134.788 E.02003
G1 X137.608 Y134.603 E.01672
G1 X138.323 Y134.188 E.02463
G1 X138.936 Y133.635 E.02459
G1 X139.384 Y133.019 E.02271
G2 X139.924 Y131.408 I-3.96 J-2.224 E.05089
G1 X139.923 Y130.627 E.02327
G2 X139.732 Y129.735 I-10.806 J1.845 E.02719
G1 X139.414 Y129.023 E.02323
G1 X138.928 Y128.356 E.02456
G1 X138.313 Y127.804 E.02465
G2 X136.781 Y127.137 I-2.643 J3.978 E.05001
G1 X135.947 Y127.057 E.02495
G1 X135.554 Y127.083 E.01174
G1 X134.774 Y127.25 E.02377
G2 X133.678 Y127.811 I1.53 J4.343 E.03678
G1 X133.109 Y128.324 E.02284
G1 X134.71 Y135.14 F18000
;TYPE:Sparse infill
;WIDTH:0.45
G1 F6205.95
G1 X134.571 Y135.092 E.00473
G3 X131.672 Y131.2 I1.41 J-4.076 E.16576
G1 X130.518 Y131.069 E.03734
G1 X129.967 Y130.518 E.02507
G1 X129.826 Y129.274 E.04024
G1 X129.274 Y128.723 E.02507
G1 X128.031 Y128.582 E.04024
G1 X127.479 Y128.031 E.02507
G1 X127.339 Y126.787 E.04024
G1 X126.787 Y126.236 E.02507
G1 X125.544 Y126.095 E.04024
G1 X124.992 Y125.544 E.02507
G1 X124.852 Y124.3 E.04024
G1 X124.3 Y123.749 E.02507
G1 X123.057 Y123.608 E.04024
G1 X122.505 Y123.057 E.02507
G1 X122.365 Y121.813 E.04024
G1 X121.813 Y121.262 E.02507
G1 X120.57 Y121.121 E.04024
G1 X120.018 Y120.57 E.02507
G1 X119.878 Y119.326 E.04024
G1 X119.326 Y118.775 E.02507
G1 X119.037 Y118.742 E.00937
G1 X119.037 Y119.037 E.00948
G1 X117.101 Y119.037 E.06224
G1 X117.391 Y119.326 E.01316
G1 X117.531 Y120.57 E.04024
G1 X118.083 Y121.121 E.02507
G1 X119.326 Y121.262 E.04024
G1 X119.878 Y121.813 E.02507
G1 X120.018 Y123.057 E.04024
G1 X120.57 Y123.608 E.02507
G1 X121.813 Y123.749 E.04024
G1 X122.365 Y124.3 E.02507
G1 X122.505 Y125.544 E.04024
G1 X123.057 Y126.095 E.02507
G1 X124.3 Y126.236 E.04024
G1 X124.852 Y126.787 E.02507
G1 X124.992 Y128.031 E.04024
G1 X125.544 Y128.582 E.02507
G1 X126.787 Y128.723 E.04024
G1 X127.339 Y129.274 E.02507
G1 X127.479 Y130.518 E.04024
G1 X128.031 Y131.069 E.02507
G1 X129.274 Y131.21 E.04024
G1 X129.826 Y131.761 E.02507
G1 X129.967 Y133.005 E.04024
G1 X130.518 Y133.556 E.02507
G1 X131.761 Y133.697 E.04024
G1 X132.313 Y134.248 E.02507
G1 X132.454 Y135.492 E.04024
G1 X133.005 Y136.043 E.02507
G1 X134.248 Y136.184 E.04024
G1 X134.8 Y136.735 E.02507
G1 X134.941 Y137.979 E.04024
G1 X135.492 Y138.53 E.02507
G1 X136.735 Y138.671 E.04024
G1 X137.287 Y139.222 E.02507
G1 X137.428 Y140.466 E.04024
G1 X137.979 Y141.017 E.02507
G1 X139.222 Y141.158 E.04024
G1 X139.774 Y141.709 E.02507
G1 X139.915 Y142.953 E.04024
G1 X140.466 Y143.504 E.02507
G1 X141.341 Y143.603 E.02833
G2 X142.391 Y142.859 I-.667 J-2.053 E.04201
G1 X142.261 Y141.709 E.03721
G1 X141.709 Y141.158 E.02507
G1 X140.466 Y141.017 E.04024
G1 X139.915 Y140.466 E.02507
G1 X139.774 Y139.222 E.04024
G1 X139.222 Y138.671 E.02507
G1 X137.979 Y138.53 E.04024
G1 X137.428 Y137.979 E.02507
G1 X137.287 Y136.735 E.04024
G1 X136.735 Y136.184 E.02507
G1 X135.492 Y136.043 E.04024
G1 X134.941 Y135.492 E.02507
G1 X134.907 Y135.193 E.00968
G2 X137.384 Y135.11 I1.098 J-4.256 E.08081
G1 X137.428 Y135.492 E.01237
G1 X137.979 Y136.043 E.02507
G1 X139.222 Y136.184 E.04024
G1 X139.774 Y136.735 E.02507
G1 X139.915 Y137.979 E.04024
G1 X140.466 Y138.53 E.02507
G1 X141.709 Y138.671 E.04024
G1 X142.261 Y139.222 E.02507
G1 X142.402 Y140.466 E.04024
G1 X142.643 Y140.707 E.01096
G3 X142.635 Y142.117 I-13.48 J.629 E.04536
G1 X142.643 Y139.7 F18000
G1 F6205.95
G1 X142.643 Y138.22 E.0476
G1 X142.402 Y137.979 E.01096
G1 X142.261 Y136.735 E.04024
G1 X141.709 Y136.184 E.02507
G1 X140.466 Y136.043 E.04024
G1 X139.915 Y135.492 E.02507
G1 X139.774 Y134.248 E.04024
G1 X139.316 Y133.79 E.02083
G2 X139.901 Y132.887 I-3.044 J-2.615 E.03472
G1 X139.915 Y133.005 E.00381
G1 X140.466 Y133.556 E.02507
G1 X141.709 Y133.697 E.04024
G1 X142.261 Y134.248 E.02507
G1 X142.402 Y135.492 E.04024
G1 X142.643 Y135.733 E.01096
G1 X142.643 Y137.213 E.0476
G1 X140.144 Y143.643 F18000
G1 F6205.95
G3 X137.979 Y143.504 I-.472 J-9.627 E.0699
G1 X137.428 Y142.953 E.02507
G1 X137.287 Y141.709 E.04024
G1 X136.735 Y141.158 E.02507
G1 X135.492 Y141.017 E.04024
G1 X134.941 Y140.466 E.02507
G1 X134.8 Y139.222 E.04024
G1 X134.248 Y138.671 E.02507
G1 X133.005 Y138.53 E.04024
G1 X132.454 Y137.979 E.02507
G1 X132.313 Y136.735 E.04024
G1 X131.761 Y136.184 E.02507
G1 X130.518 Y136.043 E.04024
G1 X129.967 Y135.492 E.02507
G1 X129.826 Y134.248 E.04024
G1 X129.274 Y133.697 E.02507
G1 X128.031 Y133.556 E.04024
G1 X127.479 Y133.005 E.02507
G1 X127.339 Y131.761 E.04024
G1 X126.787 Y131.21 E.02507
G1 X125.544 Y131.069 E.04024
G1 X124.992 Y130.518 E.02507
G1 X124.852 Y129.274 E.04024
G1 X124.3 Y128.723 E.02507
G1 X123.057 Y128.582 E.04024
G1 X122.505 Y128.031 E.02507
G1 X122.365 Y126.787 E.04024
G1 X121.813 Y126.236 E.02507
G1 X120.57 Y126.095 E.04024
G1 X120.018 Y125.544 E.02507
G1 X119.878 Y124.3 E.04024
G1 X119.326 Y123.749 E.02507
G1 X118.083 Y123.608 E.04024
G1 X117.531 Y123.057 E.02507
G1 X117.391 Y121.813 E.04024
G1 X116.839 Y121.262 E.02507
G1 X115.596 Y121.121 E.04024
G1 X115.044 Y120.57 E.02507
G1 X114.904 Y119.326 E.04024
G1 X114.614 Y119.037 E.01316
G1 X112.127 Y119.037 E.07997
G1 X112.417 Y119.326 E.01316
G1 X112.557 Y120.57 E.04024
G1 X113.109 Y121.121 E.02507
G1 X114.352 Y121.262 E.04024
G1 X114.904 Y121.813 E.02507
G1 X115.044 Y123.057 E.04024
G1 X115.596 Y123.608 E.02507
G1 X116.839 Y123.749 E.04024
G1 X117.391 Y124.3 E.02507
G1 X117.531 Y125.544 E.04024
G1 X118.083 Y126.095 E.02507
G1 X119.326 Y126.236 E.04024
G1 X119.878 Y126.787 E.02507
G1 X120.018 Y128.031 E.04024
G1 X120.57 Y128.582 E.02507
G1 X121.813 Y128.723 E.04024
G1 X122.365 Y129.274 E.02507
G1 X122.505 Y130.518 E.04024
G1 X123.057 Y131.069 E.02507
G1 X124.3 Y131.21 E.04024
G1 X124.852 Y131.761 E.02507
G1 X124.992 Y133.005 E.04024
G1 X125.544 Y133.556 E.02507
G1 X126.787 Y133.697 E.04024
G1 X127.339 Y134.248 E.02507
G1 X127.479 Y135.492 E.04024
G1 X128.031 Y136.043 E.02507
G1 X129.274 Y136.184 E.04024
G1 X129.826 Y136.735 E.02507
G1 X129.967 Y137.979 E.04024
G1 X130.518 Y138.53 E.02507
G1 X131.761 Y138.671 E.04024
G1 X132.313 Y139.222 E.02507
G1 X132.454 Y140.466 E.04024
G1 X133.005 Y141.017 E.02507
G1 X134.248 Y141.158 E.04024
G1 X134.8 Y141.709 E.02507
G1 X134.941 Y142.953 E.04024
G1 X135.492 Y143.504 E.02507
G2 X137.657 Y143.643 I1.693 J-9.488 E.0699
G1 X135.17 Y143.643 F18000
G1 F6205.95
G3 X133.005 Y143.504 I-.472 J-9.627 E.0699
G1 X132.454 Y142.953 E.02507
G1 X132.313 Y141.709 E.04024
G1 X131.761 Y141.158 E.02507
G1 X130.518 Y141.017 E.04024
G1 X129.967 Y140.466 E.02507
G1 X129.826 Y139.222 E.04024
G1 X129.274 Y138.671 E.02507
G1 X128.031 Y138.53 E.04024
G1 X127.479 Y137.979 E.02507
G1 X127.339 Y136.735 E.04024
G1 X126.787 Y136.184 E.02507
G1 X125.544 Y136.043 E.04024
G1 X124.992 Y135.492 E.02507
G1 X124.852 Y134.248 E.04024
G1 X124.3 Y133.697 E.02507
G1 X123.057 Y133.556 E.04024
G1 X122.505 Y133.005 E.02507
G1 X122.365 Y131.761 E.04024
G1 X121.813 Y131.21 E.02507
G1 X120.57 Y131.069 E.04024
G1 X120.018 Y130.518 E.02507
G1 X119.878 Y129.274 E.04024
G1 X119.326 Y128.723 E.02507
G1 X118.083 Y128.582 E.04024
G1 X117.531 Y128.031 E.02507
G1 X117.391 Y126.787 E.04024
G1 X116.839 Y126.236 E.02507
G1 X115.596 Y126.095 E.04024
G1 X115.044 Y125.544 E.02507
G1 X114.904 Y124.3 E.04024
G1 X114.352 Y123.749 E.02507
G1 X113.109 Y123.608 E.04024
G1 X112.557 Y123.057 E.02507
G1 X112.417 Y121.813 E.04024
G1 X111.865 Y121.262 E.02507
G1 X110.622 Y121.121 E.04024
G1 X110.07 Y120.57 E.02507
G1 X109.93 Y119.326 E.04024
G1 X109.64 Y119.037 E.01316
G1 X107.153 Y119.037 E.07997
G1 X107.443 Y119.326 E.01316
G1 X107.583 Y120.57 E.04024
G1 X108.135 Y121.121 E.02507
G1 X109.378 Y121.262 E.04024
G1 X109.93 Y121.813 E.02507
G1 X110.07 Y123.057 E.04024
G1 X110.622 Y123.608 E.02507
G1 X111.865 Y123.749 E.04024
G1 X112.417 Y124.3 E.02507
G1 X112.557 Y125.544 E.04024
G1 X113.109 Y126.095 E.02507
G1 X114.352 Y126.236 E.04024
G1 X114.904 Y126.787 E.02507
G1 X115.044 Y128.031 E.04024
G1 X115.596 Y128.582 E.02507
G1 X116.839 Y128.723 E.04024
G1 X117.391 Y129.274 E.02507
G1 X117.531 Y130.518 E.04024
G1 X118.083 Y131.069 E.02507
G1 X119.326 Y131.21 E.04024
G1 X119.878 Y131.761 E.02507
G1 X120.018 Y133.005 E.04024
G1 X120.57 Y133.556 E.02507
G1 X121.813 Y133.697 E.04024
G1 X122.365 Y134.248 E.02507
G1 X122.505 Y135.492 E.04024
G1 X123.057 Y136.043 E.02507
G1 X124.3 Y136.184 E.04024
G1 X124.852 Y136.735 E.02507
G1 X124.992 Y137.979 E.04024
G1 X125.544 Y138.53 E.02507
G1 X126.787 Y138.671 E.04024
G1 X127.339 Y139.222 E.02507
G1 X127.479 Y140.466 E.04024
G1 X128.031 Y141.017 E.02507
G1 X129.274 Y141.158 E.04024
G1 X129.826 Y141.709 E.02507
G1 X129.967 Y142.953 E.04024
G1 X130.518 Y143.504 E.02507
G2 X132.683 Y143.643 I1.693 J-9.488 E.0699
G1 X130.196 Y143.643 F18000
G1 F6205.95
G3 X128.031 Y143.504 I-.472 J-9.627 E.0699
G1 X127.479 Y142.953 E.02507
G1 X127.339 Y141.709 E.04024
G1 X126.787 Y141.158 E.02507
G1 X125.544 Y141.017 E.04024
G1 X124.992 Y140.466 E.02507
G1 X124.852 Y139.222 E.04024
G1 X124.3 Y138.671 E.02507
G1 X123.057 Y138.53 E.04024
G1 X122.505 Y137.979 E.02507
G1 X122.365 Y136.735 E.04024
G1 X121.813 Y136.184 E.02507
G1 X120.57 Y136.043 E.04024
G1 X120.018 Y135.492 E.02507
G1 X119.878 Y134.248 E.04024
G1 X119.326 Y133.697 E.02507
G1 X118.083 Y133.556 E.04024
G1 X117.531 Y133.005 E.02507
G1 X117.391 Y131.761 E.04024
G1 X116.839 Y131.21 E.02507
G1 X115.596 Y131.069 E.04024
G1 X115.044 Y130.518 E.02507
G1 X114.904 Y129.274 E.04024
G1 X114.352 Y128.723 E.02507
G1 X113.109 Y128.582 E.04024
G1 X112.557 Y128.031 E.02507
G1 X112.417 Y126.787 E.04024
G1 X111.865 Y126.236 E.02507
G1 X110.622 Y126.095 E.04024
G1 X110.07 Y125.544 E.02507
G1 X109.93 Y124.3 E.04024
G1 X109.378 Y123.749 E.02507
G1 X108.135 Y123.608 E.04024
G1 X107.583 Y123.057 E.02507
G1 X107.443 Y121.813 E.04024
G1 X106.891 Y121.262 E.02507
G1 X105.648 Y121.121 E.04024
G1 X105.096 Y120.57 E.02507
G1 X104.956 Y119.326 E.04024
G1 X104.666 Y119.037 E.01316
G1 X106.95 Y119.037 E.07343
G1 X86.521 Y129.193 F18000
;TYPE:Internal solid infill
;WIDTH:0.419999
G1 F6000
G1 X86.842 Y129.756 E.01932
G1 X87.038 Y130.374 E.01932
G1 X87.102 Y131.02 E.01931
G1 X87.03 Y131.664 E.01931
G1 X86.826 Y132.28 E.01933
G1 X86.498 Y132.839 E.01931
G1 X86.061 Y133.318 E.01931
G1 X85.534 Y133.696 E.01932
G1 X84.94 Y133.956 E.01933
G1 X84.305 Y134.087 E.01931
G1 X83.656 Y134.083 E.01932
G1 X83.023 Y133.944 E.01931
G1 X82.432 Y133.676 E.01933
G1 X81.91 Y133.292 E.01932
G1 X81.479 Y132.807 E.01931
G1 X81.158 Y132.244 E.01932
G1 X80.962 Y131.626 E.01932
G1 X80.898 Y130.98 E.01931
G1 X80.97 Y130.336 E.01931
G1 X81.174 Y129.72 E.01933
G1 X81.502 Y129.161 E.01931
G1 X81.939 Y128.682 E.01931
G1 X82.466 Y128.304 E.01932
G1 X83.065 Y128.043 E.01945
G1 X83.802 Y127.907 E.02233
G1 X84.34 Y127.916 E.01602
G1 X84.978 Y128.056 E.01946
G1 X85.568 Y128.324 E.0193
G1 X86.09 Y128.708 E.01932
G1 X86.481 Y129.148 E.01752
G1 X86.609 Y128.645 F18000
;WIDTH:0.507165
G1 F5441.78
G1 X86.055 Y128.148 E.02728
G2 X85.148 Y127.672 I-2.037 J2.777 E.03771
G1 X84.425 Y127.514 E.02715
G1 X83.806 Y127.486 E.02271
G1 X82.987 Y127.632 E.03052
G1 X82.439 Y127.851 E.02165
G1 X81.933 Y128.157 E.02165
G1 X81.383 Y128.653 E.02718
G1 X80.993 Y129.182 E.02409
G1 X80.759 Y129.627 E.01843
G1 X80.575 Y130.208 E.02235
G1 X80.488 Y130.937 E.02694
G1 X80.552 Y131.669 E.02693
G1 X80.766 Y132.371 E.02693
G1 X81.122 Y133.013 E.02693
G1 X81.604 Y133.568 E.02692
G1 X82.187 Y134.014 E.02693
G1 X82.853 Y134.327 E.02698
G1 X83.569 Y134.492 E.02697
G1 X84.305 Y134.505 E.02697
G1 X84.938 Y134.389 E.02362
G1 X85.428 Y134.212 E.0191
G1 X86.07 Y133.841 E.02719
G1 X86.617 Y133.347 E.02703
G1 X87.007 Y132.818 E.02409
G1 X87.241 Y132.373 E.01843
G1 X87.425 Y131.792 E.02235
G1 X87.512 Y131.063 E.02694
G1 X87.495 Y130.628 E.01596
G1 X87.341 Y129.909 E.02694
G1 X87.042 Y129.238 E.02695
G1 X86.644 Y128.693 E.02474
G1 X86.928 Y128.356 F18000
;WIDTH:0.419999
G1 F6000
G1 X86.313 Y127.804 E.02465
G2 X84.781 Y127.137 I-2.643 J3.977 E.05001
G1 X83.947 Y127.057 E.02495
G1 X83.554 Y127.083 E.01174
G1 X82.774 Y127.25 E.02377
G2 X81.678 Y127.811 I1.53 J4.343 E.03678
G1 X81.064 Y128.365 E.02463
G1 X80.616 Y128.981 E.02271
G2 X80.076 Y130.592 I3.96 J2.224 E.05089
G1 X80.077 Y131.418 E.02461
G1 X80.25 Y132.224 E.02456
G1 X80.586 Y132.977 E.02457
G1 X81.072 Y133.644 E.02456
G1 X81.687 Y134.196 E.02465
G1 X82.162 Y134.484 E.01653
G1 X82.785 Y134.753 E.02021
G1 X83.593 Y134.924 E.02459
G1 X84.419 Y134.923 E.02461
G1 X85.078 Y134.788 E.02003
G1 X85.608 Y134.603 E.01672
G1 X86.323 Y134.188 E.02463
G1 X86.936 Y133.635 E.02459
G1 X87.384 Y133.019 E.02271
G2 X87.924 Y131.408 I-3.96 J-2.224 E.05089
G1 X87.923 Y130.627 E.02327
G2 X87.732 Y129.735 I-10.806 J1.845 E.02719
G1 X87.414 Y129.023 E.02323
G1 X86.964 Y128.405 E.02277
G1 X85.257 Y126.851 F18000
;TYPE:Sparse infill
;WIDTH:0.45
G1 F6205.95
G3 X88.336 Y130.947 I-1.269 J4.159 E.1762
G1 X88.335 Y131.08 E.00427
G1 X89.482 Y131.21 E.03714
G1 X90.033 Y131.761 E.02507
G1 X90.174 Y133.005 E.04024
G1 X90.726 Y133.556 E.02507
G1 X91.969 Y133.697 E.04024
G1 X92.521 Y134.248 E.02507
G1 X92.661 Y135.492 E.04024
G1 X93.213 Y136.043 E.02507
G1 X94.456 Y136.184 E.04024
G1 X95.008 Y136.735 E.02507
G1 X95.148 Y137.979 E.04024
G1 X95.7 Y138.53 E.02507
G1 X96.943 Y138.671 E.04024
G1 X97.495 Y139.222 E.02507
G1 X97.635 Y140.466 E.04024
G1 X98.187 Y141.017 E.02507
G1 X99.43 Y141.158 E.04024
G1 X99.982 Y141.709 E.02507
G1 X100.122 Y142.953 E.04024
G1 X100.674 Y143.504 E.02507
G2 X102.838 Y143.643 I1.693 J-9.488 E.0699
G1 X105.326 Y143.643 F18000
G1 F6205.95
G3 X103.161 Y143.504 I-.472 J-9.627 E.0699
G1 X102.609 Y142.953 E.02507
G1 X102.469 Y141.709 E.04024
G1 X101.917 Y141.158 E.02507
G1 X100.674 Y141.017 E.04024
G1 X100.122 Y140.466 E.02507
G1 X99.982 Y139.222 E.04024
G1 X99.43 Y138.671 E.02507
G1 X98.187 Y138.53 E.04024
G1 X97.635 Y137.979 E.02507
G1 X97.495 Y136.735 E.04024
G1 X96.943 Y136.184 E.02507
G1 X95.7 Y136.043 E.04024
G1 X95.148 Y135.492 E.02507
G1 X95.008 Y134.248 E.04024
G1 X94.456 Y133.697 E.02507
G1 X93.213 Y133.556 E.04024
G1 X92.661 Y133.005 E.02507
G1 X92.521 Y131.761 E.04024
G1 X91.969 Y131.21 E.02507
G1 X90.726 Y131.069 E.04024
G1 X90.174 Y130.518 E.02507
G1 X90.033 Y129.274 E.04024
G1 X89.482 Y128.723 E.02507
G1 X88.239 Y128.582 E.04024
G1 X87.687 Y128.031 E.02507
G1 X87.546 Y126.787 E.04024
G1 X86.995 Y126.236 E.02507
G1 X85.752 Y126.095 E.04024
G1 X85.2 Y125.544 E.02507
G1 X85.059 Y124.3 E.04024
G1 X84.508 Y123.749 E.02507
G1 X83.265 Y123.608 E.04024
G1 X82.713 Y123.057 E.02507
G1 X82.572 Y121.813 E.04024
G1 X82.021 Y121.262 E.02507
G1 X80.778 Y121.121 E.04024
G1 X80.226 Y120.57 E.02507
G1 X80.085 Y119.326 E.04024
G1 X79.534 Y118.775 E.02507
G1 X78.291 Y118.634 E.04024
G1 X77.739 Y118.083 E.02507
G1 X77.598 Y116.839 E.04024
G1 X77.357 Y116.598 E.01096
G1 X77.357 Y115.118 E.04759
G1 X77.357 Y112.631 F18000
G1 F6205.95
G1 X77.357 Y114.111 E.04759
G1 X77.598 Y114.352 E.01096
G1 X77.739 Y115.596 E.04024
G1 X78.291 Y116.147 E.02507
G1 X79.534 Y116.288 E.04024
G1 X80.085 Y116.839 E.02507
G1 X80.226 Y118.083 E.04024
G1 X80.778 Y118.634 E.02507
G1 X82.021 Y118.775 E.04024
G1 X82.572 Y119.326 E.02507
G1 X82.713 Y120.57 E.04024
G1 X83.265 Y121.121 E.02507
G1 X84.508 Y121.262 E.04024
G1 X85.059 Y121.813 E.02507
G1 X85.2 Y123.057 E.04024
G1 X85.752 Y123.608 E.02507
G1 X86.995 Y123.749 E.04024
G1 X87.546 Y124.3 E.02507
G1 X87.687 Y125.544 E.04024
G1 X88.239 Y126.095 E.02507
G1 X89.482 Y126.236 E.04024
G1 X90.033 Y126.787 E.02507
G1 X90.174 Y128.031 E.04024
G1 X90.726 Y128.582 E.02507
G1 X91.969 Y128.723 E.04024
G1 X92.521 Y129.274 E.02507
G1 X92.661 Y130.518 E.04024
G1 X93.213 Y131.069 E.02507
G1 X94.456 Y131.21 E.04024
G1 X95.008 Y131.761 E.02507
G1 X95.148 Y133.005 E.04024
G1 X95.7 Y133.556 E.02507
G1 X96.943 Y133.697 E.04024
G1 X97.495 Y134.248 E.02507
G1 X97.635 Y135.492 E.04024
G1 X98.187 Y136.043 E.02507
G1 X99.43 Y136.184 E.04024
G1 X99.982 Y136.735 E.02507
G1 X100.122 Y137.979 E.04024
G1 X100.674 Y138.53 E.02507
G1 X101.917 Y138.671 E.04024
G1 X102.469 Y139.222 E.02507
G1 X102.609 Y140.466 E.04024
G1 X103.161 Y141.017 E.02507
G1 X104.404 Y141.158 E.04024
G1 X104.956 Y141.709 E.02507
G1 X105.096 Y142.953 E.04024
G1 X105.648 Y143.504 E.02507
G2 X107.813 Y143.643 I1.693 J-9.488 E.0699
G1 X110.3 Y143.643 F18000
G1 F6205.95
G3 X108.135 Y143.504 I-.472 J-9.627 E.0699
G1 X107.583 Y142.953 E.02507
G1 X107.443 Y141.709 E.04024
G1 X106.891 Y141.158 E.02507
G1 X105.648 Y141.017 E.04024
G1 X105.096 Y140.466 E.02507
G1 X104.956 Y139.222 E.04024
G1 X104.404 Y138.671 E.02507
G1 X103.161 Y138.53 E.04024
G1 X102.609 Y137.979 E.02507
G1 X102.469 Y136.735 E.04024
G1 X101.917 Y136.184 E.02507
G1 X100.674 Y136.043 E.04024
G1 X100.122 Y135.492 E.02507
G1 X99.982 Y134.248 E.04024
G1 X99.43 Y133.697 E.02507
G1 X98.187 Y133.556 E.04024
G1 X97.635 Y133.005 E.02507
G1 X97.495 Y131.761 E.04024
G1 X96.943 Y131.21 E.02507
G1 X95.7 Y131.069 E.04024
G1 X95.148 Y130.518 E.02507
G1 X95.008 Y129.274 E.04024
G1 X94.456 Y128.723 E.02507
G1 X93.213 Y128.582 E.04024
G1 X92.661 Y128.031 E.02507
G1 X92.521 Y126.787 E.04024
G1 X91.969 Y126.236 E.02507
G1 X90.726 Y126.095 E.04024
G1 X90.174 Y125.544 E.02507
G1 X90.033 Y124.3 E.04024
G1 X89.482 Y123.749 E.02507
G1 X88.239 Y123.608 E.04024
G1 X87.687 Y123.057 E.02507
G1 X87.546 Y121.813 E.04024
G1 X86.995 Y121.262 E.02507
G1 X85.752 Y121.121 E.04024
G1 X85.2 Y120.57 E.02507
G1 X85.059 Y119.326 E.04024
G1 X84.508 Y118.775 E.02507
G1 X83.265 Y118.634 E.04024
G1 X82.713 Y118.083 E.02507
G1 X82.572 Y116.839 E.04024
G1 X82.021 Y116.288 E.02507
G1 X80.778 Y116.147 E.04024
G1 X80.226 Y115.596 E.02507
G1 X80.085 Y114.352 E.04024
G1 X79.534 Y113.801 E.02507
G1 X78.291 Y113.66 E.04024
G1 X77.739 Y113.109 E.02507
G1 X77.598 Y111.865 E.04024
G1 X77.357 Y111.624 E.01096
G1 X77.357 Y110.144 E.04759
G1 X77.357 Y107.657 F18000
G1 F6205.95
G1 X77.357 Y109.137 E.04759
G1 X77.598 Y109.378 E.01096
G1 X77.739 Y110.622 E.04024
G1 X78.291 Y111.173 E.02507
G1 X79.534 Y111.314 E.04024
G1 X80.085 Y111.865 E.02507
G1 X80.226 Y113.109 E.04024
G1 X80.778 Y113.66 E.02507
G1 X82.021 Y113.801 E.04024
G1 X82.572 Y114.352 E.02507
G1 X82.713 Y115.596 E.04024
G1 X83.265 Y116.147 E.02507
G1 X84.508 Y116.288 E.04024
G1 X85.059 Y116.839 E.02507
G1 X85.2 Y118.083 E.04024
G1 X85.752 Y118.634 E.02507
G1 X86.995 Y118.775 E.04024
G1 X87.546 Y119.326 E.02507
G1 X87.687 Y120.57 E.04024
G1 X88.239 Y121.121 E.02507
G1 X89.482 Y121.262 E.04024
G1 X90.033 Y121.813 E.02507
G1 X90.174 Y123.057 E.04024
G1 X90.726 Y123.608 E.02507
G1 X91.969 Y123.749 E.04024
G1 X92.521 Y124.3 E.02507
G1 X92.661 Y125.544 E.04024
G1 X93.213 Y126.095 E.02507
G1 X94.456 Y126.236 E.04024
G1 X95.008 Y126.787 E.02507
G1 X95.148 Y128.031 E.04024
G1 X95.7 Y128.582 E.02507
G1 X96.943 Y128.723 E.04024
G1 X97.495 Y129.274 E.02507
G1 X97.635 Y130.518 E.04024
G1 X98.187 Y131.069 E.02507
G1 X99.43 Y131.21 E.04024
G1 X99.982 Y131.761 E.02507
G1 X100.122 Y133.005 E.04024
G1 X100.674 Y133.556 E.02507
G1 X101.917 Y133.697 E.04024
G1 X102.469 Y134.248 E.02507
G1 X102.609 Y135.492 E.04024
G1 X103.161 Y136.043 E.02507
G1 X104.404 Y136.184 E.04024
G1 X104.956 Y136.735 E.02507
G1 X105.096 Y137.979 E.04024
G1 X105.648 Y138.53 E.02507
G1 X106.891 Y138.671 E.04024
G1 X107.443 Y139.222 E.02507
G1 X107.583 Y140.466 E.04024
G1 X108.135 Y141.017 E.02507
G1 X109.378 Y141.158 E.04024
G1 X109.93 Y141.709 E.02507
G1 X110.07 Y142.953 E.04024
G1 X110.622 Y143.504 E.02507
G2 X112.787 Y143.643 I1.693 J-9.488 E.0699
G1 X115.274 Y143.643 F18000
G1 F6205.95
G3 X113.109 Y143.504 I-.472 J-9.627 E.0699
G1 X112.557 Y142.953 E.02507
G1 X112.417 Y141.709 E.04024
G1 X111.865 Y141.158 E.02507
G1 X110.622 Y141.017 E.04024
G1 X110.07 Y140.466 E.02507
G1 X109.93 Y139.222 E.04024
G1 X109.378 Y138.671 E.02507
G1 X108.135 Y138.53 E.04024
G1 X107.583 Y137.979 E.02507
G1 X107.443 Y136.735 E.04024
G1 X106.891 Y136.184 E.02507
G1 X105.648 Y136.043 E.04024
G1 X105.096 Y135.492 E.02507
G1 X104.956 Y134.248 E.04024
G1 X104.404 Y133.697 E.02507
G1 X103.161 Y133.556 E.04024
G1 X102.609 Y133.005 E.02507
G1 X102.469 Y131.761 E.04024
G1 X101.917 Y131.21 E.02507
G1 X100.674 Y131.069 E.04024
G1 X100.122 Y130.518 E.02507
G1 X99.982 Y129.274 E.04024
G1 X99.43 Y128.723 E.02507
G1 X98.187 Y128.582 E.04024
G1 X97.635 Y128.031 E.02507
G1 X97.495 Y126.787 E.04024
G1 X96.943 Y126.236 E.02507
G1 X95.7 Y126.095 E.04024
G1 X95.148 Y125.544 E.02507
G1 X95.008 Y124.3 E.04024
G1 X94.456 Y123.749 E.02507
G1 X93.213 Y123.608 E.04024
G1 X92.661 Y123.057 E.02507
G1 X92.521 Y121.813 E.04024
G1 X91.969 Y121.262 E.02507
G1 X90.726 Y121.121 E.04024
G1 X90.174 Y120.57 E.02507
G1 X90.033 Y119.326 E.04024
G1 X89.482 Y118.775 E.02507
G1 X88.239 Y118.634 E.04024
G1 X87.687 Y118.083 E.02507
G1 X87.546 Y116.839 E.04024
G1 X86.995 Y116.288 E.02507
G1 X85.752 Y116.147 E.04024
G1 X85.2 Y115.596 E.02507
G1 X85.059 Y114.352 E.04024
G1 X84.508 Y113.801 E.02507
G1 X83.265 Y113.66 E.04024
G1 X82.713 Y113.109 E.02507
G1 X82.572 Y111.865 E.04024
G1 X82.021 Y111.314 E.02507
G1 X80.778 Y111.173 E.04024
G1 X80.226 Y110.622 E.02507
G1 X80.085 Y109.378 E.04024
G1 X79.534 Y108.827 E.02507
G1 X78.291 Y108.686 E.04024
G1 X77.739 Y108.135 E.02507
G1 X77.598 Y106.891 E.04024
G1 X77.357 Y106.65 E.01096
G1 X77.357 Y105.17 E.04759
G1 X77.357 Y102.683 F18000
G1 F6205.95
G1 X77.357 Y104.163 E.04759
G1 X77.598 Y104.404 E.01096
G1 X77.739 Y105.648 E.04024
G1 X78.291 Y106.199 E.02507
G1 X79.534 Y106.34 E.04024
G1 X80.085 Y106.891 E.02507
G1 X80.226 Y108.135 E.04024
G1 X80.778 Y108.686 E.02507
G1 X82.021 Y108.827 E.04024
G1 X82.572 Y109.378 E.02507
G1 X82.713 Y110.622 E.04024
G1 X83.265 Y111.173 E.02507
G1 X84.508 Y111.314 E.04024
G1 X85.059 Y111.865 E.02507
G1 X85.2 Y113.109 E.04024
G1 X85.752 Y113.66 E.02507
G1 X86.995 Y113.801 E.04024
G1 X87.546 Y114.352 E.02507
G1 X87.687 Y115.596 E.04024
G1 X88.239 Y116.147 E.02507
G1 X89.482 Y116.288 E.04024
G1 X90.033 Y116.839 E.02507
G1 X90.174 Y118.083 E.04024
G1 X90.726 Y118.634 E.02507
G1 X91.969 Y118.775 E.04024
G1 X92.521 Y119.326 E.02507
G1 X92.661 Y120.57 E.04024
G1 X93.213 Y121.121 E.02507
G1 X94.456 Y121.262 E.04024
G1 X95.008 Y121.813 E.02507
G1 X95.148 Y123.057 E.04024
G1 X95.7 Y123.608 E.02507
G1 X96.943 Y123.749 E.04024
G1 X97.495 Y124.3 E.02507
G1 X97.635 Y125.544 E.04024
G1 X98.187 Y126.095 E.02507
G1 X99.43 Y126.236 E.04024
G1 X99.982 Y126.787 E.02507
G1 X100.122 Y128.031 E.04024
G1 X100.674 Y128.582 E.02507
G1 X101.917 Y128.723 E.04024
G1 X102.469 Y129.274 E.02507
G1 X102.609 Y130.518 E.04024
G1 X103.161 Y131.069 E.02507
G1 X104.404 Y131.21 E.04024
G1 X104.956 Y131.761 E.02507
G1 X105.096 Y133.005 E.04024
G1 X105.648 Y133.556 E.02507
G1 X106.891 Y133.697 E.04024
G1 X107.443 Y134.248 E.02507
G1 X107.583 Y135.492 E.04024
G1 X108.135 Y136.043 E.02507
G1 X109.378 Y136.184 E.04024
G1 X109.93 Y136.735 E.02507
G1 X110.07 Y137.979 E.04024
G1 X110.622 Y138.53 E.02507
G1 X111.865 Y138.671 E.04024
G1 X112.417 Y139.222 E.02507
G1 X112.557 Y140.466 E.04024
G1 X113.109 Y141.017 E.02507
G1 X114.352 Y141.158 E.04024
G1 X114.904 Y141.709 E.02507
G1 X115.044 Y142.953 E.04024
G1 X115.596 Y143.504 E.02507
G2 X117.761 Y143.643 I1.693 J-9.488 E.0699
G1 X120.248 Y143.643 F18000
G1 F6205.95
G3 X118.083 Y143.504 I-.472 J-9.627 E.0699
G1 X117.531 Y142.953 E.02507
G1 X117.391 Y141.709 E.04024
G1 X116.839 Y141.158 E.02507
G1 X115.596 Y141.017 E.04024
G1 X115.044 Y140.466 E.02507
G1 X114.904 Y139.222 E.04024
G1 X114.352 Y138.671 E.02507
G1 X113.109 Y138.53 E.04024
G1 X112.557 Y137.979 E.02507
G1 X112.417 Y136.735 E.04024
G1 X111.865 Y136.184 E.02507
G1 X110.622 Y136.043 E.04024
G1 X110.07 Y135.492 E.02507
G1 X109.93 Y134.248 E.04024
G1 X109.378 Y133.697 E.02507
G1 X108.135 Y133.556 E.04024
G1 X107.583 Y133.005 E.02507
G1 X107.443 Y131.761 E.04024
G1 X106.891 Y131.21 E.02507
G1 X105.648 Y131.069 E.04024
G1 X105.096 Y130.518 E.02507
G1 X104.956 Y129.274 E.04024
G1 X104.404 Y128.723 E.02507
G1 X103.161 Y128.582 E.04024
G1 X102.609 Y128.031 E.02507
G1 X102.469 Y126.787 E.04024
G1 X101.917 Y126.236 E.02507
G1 X100.674 Y126.095 E.04024
G1 X100.122 Y125.544 E.02507
G1 X99.982 Y124.3 E.04024
G1 X99.43 Y123.749 E.02507
G1 X98.187 Y123.608 E.04024
G1 X97.635 Y123.057 E.02507
G1 X97.495 Y121.813 E.04024
G1 X96.943 Y121.262 E.02507
G1 X95.7 Y121.121 E.04024
G1 X95.148 Y120.57 E.02507
G1 X95.008 Y119.326 E.04024
G1 X94.456 Y118.775 E.02507
G1 X93.213 Y118.634 E.04024
G1 X92.661 Y118.083 E.02507
G1 X92.521 Y116.839 E.04024
G1 X91.969 Y116.288 E.02507
G1 X90.726 Y116.147 E.04024
G1 X90.174 Y115.596 E.02507
G1 X90.033 Y114.352 E.04024
G1 X89.482 Y113.801 E.02507
G1 X88.239 Y113.66 E.04024
G1 X87.687 Y113.109 E.02507
G1 X87.546 Y111.865 E.04024
G1 X86.995 Y111.314 E.02507
G1 X85.752 Y111.173 E.04024
G1 X85.2 Y110.622 E.02507
G1 X85.059 Y109.378 E.04024
G1 X84.508 Y108.827 E.02507
G1 X83.265 Y108.686 E.04024
G1 X82.713 Y108.135 E.02507
G1 X82.572 Y106.891 E.04024
G1 X82.021 Y106.34 E.02507
G1 X80.778 Y106.199 E.04024
G1 X80.226 Y105.648 E.02507
G1 X80.085 Y104.404 E.04024
G1 X79.534 Y103.853 E.02507
G1 X78.291 Y103.712 E.04024
G1 X77.739 Y103.161 E.02507
G1 X77.598 Y101.917 E.04024
G1 X77.357 Y101.676 E.01096
G1 X77.357 Y100.196 E.04759
G1 X77.357 Y97.709 F18000
G1 F6205.95
G1 X77.357 Y99.189 E.04759
G1 X77.598 Y99.43 E.01096
G1 X77.739 Y100.674 E.04024
G1 X78.291 Y101.225 E.02507
G1 X79.534 Y101.366 E.04024
G1 X80.085 Y101.917 E.02507
G1 X80.226 Y103.161 E.04024
G1 X80.778 Y103.712 E.02507
G1 X82.021 Y103.853 E.04024
G1 X82.572 Y104.404 E.02507
G1 X82.713 Y105.648 E.04024
G1 X83.265 Y106.199 E.02507
G1 X84.508 Y106.34 E.04024
G1 X85.059 Y106.891 E.02507
G1 X85.2 Y108.135 E.04024
G1 X85.752 Y108.686 E.02507
G1 X86.995 Y108.827 E.04024
G1 X87.546 Y109.378 E.02507
G1 X87.687 Y110.622 E.04024
G1 X88.239 Y111.173 E.02507
G1 X89.482 Y111.314 E.04024
G1 X90.033 Y111.865 E.02507
G1 X90.174 Y113.109 E.04024
G1 X90.726 Y113.66 E.02507
G1 X91.969 Y113.801 E.04024
G1 X92.521 Y114.352 E.02507
G1 X92.661 Y115.596 E.04024
G1 X93.213 Y116.147 E.02507
G1 X94.456 Y116.288 E.04024
G1 X95.008 Y116.839 E.02507
G1 X95.148 Y118.083 E.04024
G1 X95.7 Y118.634 E.02507
G1 X96.943 Y118.775 E.04024
G1 X97.495 Y119.326 E.02507
G1 X97.635 Y120.57 E.04024
G1 X98.187 Y121.121 E.02507
G1 X99.43 Y121.262 E.04024
G1 X99.982 Y121.813 E.02507
G1 X100.122 Y123.057 E.04024
G1 X100.674 Y123.608 E.02507
G1 X101.917 Y123.749 E.04024
G1 X102.469 Y124.3 E.02507
G1 X102.609 Y125.544 E.04024
G1 X103.161 Y126.095 E.02507
G1 X104.404 Y126.236 E.04024
G1 X104.956 Y126.787 E.02507
G1 X105.096 Y128.031 E.04024
G1 X105.648 Y128.582 E.02507
G1 X106.891 Y128.723 E.04024
G1 X107.443 Y129.274 E.02507
G1 X107.583 Y130.518 E.04024
G1 X108.135 Y131.069 E.02507
G1 X109.378 Y131.21 E.04024
G1 X109.93 Y131.761 E.02507
G1 X110.07 Y133.005 E.04024
G1 X110.622 Y133.556 E.02507
G1 X111.865 Y133.697 E.04024
G1 X112.417 Y134.248 E.02507
G1 X112.557 Y135.492 E.04024
G1 X113.109 Y136.043 E.02507
G1 X114.352 Y136.184 E.04024
G1 X114.904 Y136.735 E.02507
G1 X115.044 Y137.979 E.04024
G1 X115.596 Y138.53 E.02507
G1 X116.839 Y138.671 E.04024
G1 X117.391 Y139.222 E.02507
G1 X117.531 Y140.466 E.04024
G1 X118.083 Y141.017 E.02507
G1 X119.326 Y141.158 E.04024
G1 X119.878 Y141.709 E.02507
G1 X120.018 Y142.953 E.04024
G1 X120.57 Y143.504 E.02507
G2 X122.735 Y143.643 I1.693 J-9.488 E.0699
G1 X125.222 Y143.643 F18000
G1 F6205.95
G3 X123.057 Y143.504 I-.472 J-9.627 E.0699
G1 X122.505 Y142.953 E.02507
G1 X122.365 Y141.709 E.04024
G1 X121.813 Y141.158 E.02507
G1 X120.57 Y141.017 E.04024
G1 X120.018 Y140.466 E.02507
G1 X119.878 Y139.222 E.04024
G1 X119.326 Y138.671 E.02507
G1 X118.083 Y138.53 E.04024
G1 X117.531 Y137.979 E.02507
G1 X117.391 Y136.735 E.04024
G1 X116.839 Y136.184 E.02507
G1 X115.596 Y136.043 E.04024
G1 X115.044 Y135.492 E.02507
G1 X114.904 Y134.248 E.04024
G1 X114.352 Y133.697 E.02507
G1 X113.109 Y133.556 E.04024
G1 X112.557 Y133.005 E.02507
G1 X112.417 Y131.761 E.04024
G1 X111.865 Y131.21 E.02507
G1 X110.622 Y131.069 E.04024
G1 X110.07 Y130.518 E.02507
G1 X109.93 Y129.274 E.04024
G1 X109.378 Y128.723 E.02507
G1 X108.135 Y128.582 E.04024
G1 X107.583 Y128.031 E.02507
G1 X107.443 Y126.787 E.04024
G1 X106.891 Y126.236 E.02507
G1 X105.648 Y126.095 E.04024
G1 X105.096 Y125.544 E.02507
G1 X104.956 Y124.3 E.04024
G1 X104.404 Y123.749 E.02507
G1 X103.161 Y123.608 E.04024
G1 X102.609 Y123.057 E.02507
G1 X102.469 Y121.813 E.04024
G1 X101.917 Y121.262 E.02507
G1 X100.674 Y121.121 E.04024
G1 X100.122 Y120.57 E.02507
G1 X99.982 Y119.326 E.04024
G1 X99.43 Y118.775 E.02507
G1 X98.187 Y118.634 E.04024
G1 X97.635 Y118.083 E.02507
G1 X97.495 Y116.839 E.04024
G1 X96.943 Y116.288 E.02507
G1 X95.7 Y116.147 E.04024
G1 X95.148 Y115.596 E.02507
G1 X95.008 Y114.352 E.04024
G1 X94.456 Y113.801 E.02507
G1 X93.213 Y113.66 E.04024
G1 X92.661 Y113.109 E.02507
G1 X92.521 Y111.865 E.04024
G1 X91.969 Y111.314 E.02507
G1 X90.726 Y111.173 E.04024
G1 X90.174 Y110.622 E.02507
G1 X90.033 Y109.378 E.04024
G1 X89.482 Y108.827 E.02507
G1 X88.239 Y108.686 E.04024
G1 X87.687 Y108.135 E.02507
G1 X87.546 Y106.891 E.04024
G1 X86.995 Y106.34 E.02507
G1 X85.752 Y106.199 E.04024
G1 X85.2 Y105.648 E.02507
G1 X85.059 Y104.404 E.04024
G1 X84.508 Y103.853 E.02507
G1 X83.265 Y103.712 E.04024
G1 X82.713 Y103.161 E.02507
G1 X82.572 Y101.917 E.04024
G1 X82.021 Y101.366 E.02507
G1 X80.778 Y101.225 E.04024
G1 X80.226 Y100.674 E.02507
G1 X80.085 Y99.43 E.04024
G1 X79.534 Y98.879 E.02507
G1 X78.291 Y98.738 E.04024
G1 X77.739 Y98.187 E.02507
G1 X77.598 Y96.943 E.04024
G1 X77.357 Y96.702 E.01096
G1 X77.357 Y95.222 E.04759
G1 X77.357 Y92.735 F18000
G1 F6205.95
G1 X77.357 Y94.215 E.04759
G1 X77.598 Y94.456 E.01096
G1 X77.739 Y95.7 E.04024
G1 X78.291 Y96.251 E.02507
G1 X79.534 Y96.392 E.04024
G1 X80.085 Y96.943 E.02507
G1 X80.226 Y98.187 E.04024
G1 X80.778 Y98.738 E.02507
G1 X82.021 Y98.879 E.04024
G1 X82.572 Y99.43 E.02507
G1 X82.713 Y100.674 E.04024
G1 X83.265 Y101.225 E.02507
G1 X84.508 Y101.366 E.04024
G1 X85.059 Y101.917 E.02507
G1 X85.2 Y103.161 E.04024
G1 X85.752 Y103.712 E.02507
G1 X86.995 Y103.853 E.04024
G1 X87.546 Y104.404 E.02507
G1 X87.687 Y105.648 E.04024
G1 X88.239 Y106.199 E.02507
G1 X89.482 Y106.34 E.04024
G1 X90.033 Y106.891 E.02507
G1 X90.174 Y108.135 E.04024
G1 X90.726 Y108.686 E.02507
G1 X91.969 Y108.827 E.04024
G1 X92.521 Y109.378 E.02507
G1 X92.661 Y110.622 E.04024
G1 X93.213 Y111.173 E.02507
G1 X94.456 Y111.314 E.04024
G1 X95.008 Y111.865 E.02507
G1 X95.148 Y113.109 E.04024
G1 X95.7 Y113.66 E.02507
G1 X96.943 Y113.801 E.04024
G1 X97.495 Y114.352 E.02507
G1 X97.635 Y115.596 E.04024
G1 X98.187 Y116.147 E.02507
G1 X99.43 Y116.288 E.04024
G1 X99.982 Y116.839 E.02507
G1 X100.122 Y118.083 E.04024
G1 X100.674 Y118.634 E.02507
G1 X100.963 Y118.667 E.00937
G1 X100.963 Y119.037 E.0119
G1 X102.179 Y119.037 E.0391
G1 X102.469 Y119.326 E.01316
G1 X102.609 Y120.57 E.04024
G1 X103.161 Y121.121 E.02507
G1 X104.404 Y121.262 E.04024
G1 X104.956 Y121.813 E.02507
G1 X105.096 Y123.057 E.04024
G1 X105.648 Y123.608 E.02507
G1 X106.891 Y123.749 E.04024
G1 X107.443 Y124.3 E.02507
G1 X107.583 Y125.544 E.04024
G1 X108.135 Y126.095 E.02507
G1 X109.378 Y126.236 E.04024
G1 X109.93 Y126.787 E.02507
G1 X110.07 Y128.031 E.04024
G1 X110.622 Y128.582 E.02507
G1 X111.865 Y128.723 E.04024
G1 X112.417 Y129.274 E.02507
G1 X112.557 Y130.518 E.04024
G1 X113.109 Y131.069 E.02507
G1 X114.352 Y131.21 E.04024
G1 X114.904 Y131.761 E.02507
G1 X115.044 Y133.005 E.04024
G1 X115.596 Y133.556 E.02507
G1 X116.839 Y133.697 E.04024
G1 X117.391 Y134.248 E.02507
G1 X117.531 Y135.492 E.04024
G1 X118.083 Y136.043 E.02507
G1 X119.326 Y136.184 E.04024
G1 X119.878 Y136.735 E.02507
G1 X120.018 Y137.979 E.04024
G1 X120.57 Y138.53 E.02507
G1 X121.813 Y138.671 E.04024
G1 X122.365 Y139.222 E.02507
G1 X122.505 Y140.466 E.04024
G1 X123.057 Y141.017 E.02507
G1 X124.3 Y141.158 E.04024
G1 X124.852 Y141.709 E.02507
G1 X124.992 Y142.953 E.04024
G1 X125.544 Y143.504 E.02507
G2 X127.709 Y143.643 I1.693 J-9.488 E.0699
G1 X127.709 Y144.389 F18000
G1 X143.389 Y141.984
G1 X143.389 Y124.778
G1 X142.643 Y124.778
G1 F6205.95
G1 X142.643 Y123.298 E.0476
G1 X142.402 Y123.057 E.01096
G1 X142.261 Y121.813 E.04024
G1 X141.709 Y121.262 E.02507
G1 X140.466 Y121.121 E.04024
G1 X139.915 Y120.57 E.02507
G1 X139.774 Y119.326 E.04024
G1 X139.222 Y118.775 E.02507
G1 X137.979 Y118.634 E.04024
G1 X137.428 Y118.083 E.02507
G1 X137.287 Y116.839 E.04024
G1 X136.735 Y116.288 E.02507
G1 X135.492 Y116.147 E.04024
G1 X134.941 Y115.596 E.02507
G1 X134.8 Y114.352 E.04024
G1 X134.248 Y113.801 E.02507
G1 X133.005 Y113.66 E.04024
G1 X132.454 Y113.109 E.02507
G1 X132.313 Y111.865 E.04024
G1 X131.761 Y111.314 E.02507
G1 X130.518 Y111.173 E.04024
G1 X129.967 Y110.622 E.02507
G1 X129.826 Y109.378 E.04024
G1 X129.274 Y108.827 E.02507
G1 X128.031 Y108.686 E.04024
G1 X127.479 Y108.135 E.02507
G1 X127.339 Y106.891 E.04024
G1 X126.787 Y106.34 E.02507
G1 X125.544 Y106.199 E.04024
G1 X124.992 Y105.648 E.02507
G1 X124.852 Y104.404 E.04024
G1 X124.3 Y103.853 E.02507
G1 X123.057 Y103.712 E.04024
G1 X122.505 Y103.161 E.02507
G1 X122.365 Y101.917 E.04024
G1 X121.813 Y101.366 E.02507
G1 X120.57 Y101.225 E.04024
G1 X120.018 Y100.674 E.02507
G1 X119.878 Y99.43 E.04024
G1 X119.326 Y98.879 E.02507
G1 X118.083 Y98.738 E.04024
G1 X117.531 Y98.187 E.02507
G1 X117.391 Y96.943 E.04024
G1 X116.839 Y96.392 E.02507
G1 X115.596 Y96.251 E.04024
G1 X115.044 Y95.7 E.02507
G1 X114.904 Y94.456 E.04024
G1 X114.352 Y93.905 E.02507
G1 X113.109 Y93.764 E.04024
G1 X112.557 Y93.213 E.02507
G1 X112.417 Y91.969 E.04024
G1 X111.865 Y91.418 E.02507
G1 X110.622 Y91.277 E.04024
G1 X110.07 Y90.726 E.02507
G1 X109.93 Y89.482 E.04024
G1 X109.378 Y88.931 E.02507
G1 X108.135 Y88.79 E.04024
G1 X107.583 Y88.239 E.02507
G1 X107.443 Y86.995 E.04024
G1 X106.891 Y86.444 E.02507
G1 X105.648 Y86.303 E.04024
G1 X105.096 Y85.752 E.02507
G1 X104.956 Y84.508 E.04024
G1 X104.404 Y83.957 E.02507
G1 X103.161 Y83.816 E.04024
G1 X102.609 Y83.265 E.02507
G1 X102.469 Y82.021 E.04024
G1 X101.917 Y81.47 E.02507
G1 X100.674 Y81.329 E.04024
G1 X100.122 Y80.778 E.02507
G1 X99.982 Y79.534 E.04024
G1 X99.43 Y78.983 E.02507
G1 X98.187 Y78.842 E.04024
G1 X97.635 Y78.291 E.02507
G1 X97.495 Y77.047 E.04024
G1 X96.943 Y76.496 E.02507
G2 X94.778 Y76.357 I-1.693 J9.488 E.0699
G1 X97.265 Y76.357 F18000
G1 F6205.95
G3 X99.43 Y76.496 I.472 J9.627 E.0699
G1 X99.982 Y77.047 E.02507
G1 X100.122 Y78.291 E.04024
G1 X100.674 Y78.842 E.02507
G1 X101.917 Y78.983 E.04024
G1 X102.469 Y79.534 E.02507
G1 X102.609 Y80.778 E.04024
G1 X103.161 Y81.329 E.02507
G1 X104.404 Y81.47 E.04024
G1 X104.956 Y82.021 E.02507
G1 X105.096 Y83.265 E.04024
G1 X105.648 Y83.816 E.02507
G1 X106.891 Y83.957 E.04024
G1 X107.443 Y84.508 E.02507
G1 X107.583 Y85.752 E.04024
G1 X108.135 Y86.303 E.02507
G1 X109.378 Y86.444 E.04024
G1 X109.93 Y86.995 E.02507
G1 X110.07 Y88.239 E.04024
G1 X110.622 Y88.79 E.02507
G1 X111.865 Y88.931 E.04024
G1 X112.417 Y89.482 E.02507
G1 X112.557 Y90.726 E.04024
G1 X113.109 Y91.277 E.02507
G1 X114.352 Y91.418 E.04024
G1 X114.904 Y91.969 E.02507
G1 X115.044 Y93.213 E.04024
G1 X115.596 Y93.764 E.02507
G1 X116.839 Y93.905 E.04024
G1 X117.391 Y94.456 E.02507
G1 X117.531 Y95.7 E.04024
G1 X118.083 Y96.251 E.02507
G1 X119.326 Y96.392 E.04024
G1 X119.878 Y96.943 E.02507
G1 X120.018 Y98.187 E.04024
G1 X120.57 Y98.738 E.02507
G1 X121.813 Y98.879 E.04024
G1 X122.365 Y99.43 E.02507
G1 X122.505 Y100.674 E.04024
G1 X123.057 Y101.225 E.02507
G1 X124.3 Y101.366 E.04024
G1 X124.852 Y101.917 E.02507
G1 X124.992 Y103.161 E.04024
G1 X125.544 Y103.712 E.02507
G1 X126.787 Y103.853 E.04024
G1 X127.339 Y104.404 E.02507
G1 X127.479 Y105.648 E.04024
G1 X128.031 Y106.199 E.02507
G1 X129.274 Y106.34 E.04024
G1 X129.826 Y106.891 E.02507
G1 X129.967 Y108.135 E.04024
G1 X130.518 Y108.686 E.02507
G1 X131.761 Y108.827 E.04024
G1 X132.313 Y109.378 E.02507
G1 X132.454 Y110.622 E.04024
G1 X133.005 Y111.173 E.02507
G1 X134.248 Y111.314 E.04024
G1 X134.8 Y111.865 E.02507
G1 X134.941 Y113.109 E.04024
G1 X135.492 Y113.66 E.02507
G1 X136.735 Y113.801 E.04024
G1 X137.287 Y114.352 E.02507
G1 X137.428 Y115.596 E.04024
G1 X137.979 Y116.147 E.02507
G1 X139.222 Y116.288 E.04024
G1 X139.774 Y116.839 E.02507
G1 X139.915 Y118.083 E.04024
G1 X140.466 Y118.634 E.02507
G1 X141.709 Y118.775 E.04024
G1 X142.261 Y119.326 E.02507
G1 X142.402 Y120.57 E.04024
G1 X142.643 Y120.811 E.01096
G1 X142.643 Y122.291 E.0476
G1 X142.643 Y119.804 F18000
G1 F6205.95
G1 X142.643 Y118.324 E.0476
G1 X142.402 Y118.083 E.01096
G1 X142.261 Y116.839 E.04024
G1 X141.709 Y116.288 E.02507
G1 X140.466 Y116.147 E.04024
G1 X139.915 Y115.596 E.02507
G1 X139.774 Y114.352 E.04024
G1 X139.222 Y113.801 E.02507
G1 X137.979 Y113.66 E.04024
G1 X137.428 Y113.109 E.02507
G1 X137.287 Y111.865 E.04024
G1 X136.735 Y111.314 E.02507
G1 X135.492 Y111.173 E.04024
G1 X134.941 Y110.622 E.02507
G1 X134.8 Y109.378 E.04024
G1 X134.248 Y108.827 E.02507
G1 X133.005 Y108.686 E.04024
G1 X132.454 Y108.135 E.02507
G1 X132.313 Y106.891 E.04024
G1 X131.761 Y106.34 E.02507
G1 X130.518 Y106.199 E.04024
G1 X129.967 Y105.648 E.02507
G1 X129.826 Y104.404 E.04024
G1 X129.274 Y103.853 E.02507
G1 X128.031 Y103.712 E.04024
G1 X127.479 Y103.161 E.02507
G1 X127.339 Y101.917 E.04024
G1 X126.787 Y101.366 E.02507
G1 X125.544 Y101.225 E.04024
G1 X124.992 Y100.674 E.02507
G1 X124.852 Y99.43 E.04024
G1 X124.3 Y98.879 E.02507
G1 X123.057 Y98.738 E.04024
G1 X122.505 Y98.187 E.02507
G1 X122.365 Y96.943 E.04024
G1 X121.813 Y96.392 E.02507
G1 X120.57 Y96.251 E.04024
G1 X120.018 Y95.7 E.02507
G1 X119.878 Y94.456 E.04024
G1 X119.326 Y93.905 E.02507
G1 X118.083 Y93.764 E.04024
G1 X117.531 Y93.213 E.02507
G1 X117.391 Y91.969 E.04024
G1 X116.839 Y91.418 E.02507
G1 X115.596 Y91.277 E.04024
G1 X115.044 Y90.726 E.02507
G1 X114.904 Y89.482 E.04024
G1 X114.352 Y88.931 E.02507
G1 X113.109 Y88.79 E.04024
G1 X112.557 Y88.239 E.02507
G1 X112.417 Y86.995 E.04024
G1 X111.865 Y86.444 E.02507
G1 X110.622 Y86.303 E.04024
G1 X110.07 Y85.752 E.02507
G1 X109.93 Y84.508 E.04024
G1 X109.378 Y83.957 E.02507
G1 X108.135 Y83.816 E.04024
G1 X107.583 Y83.265 E.02507
G1 X107.443 Y82.021 E.04024
G1 X106.891 Y81.47 E.02507
G1 X105.648 Y81.329 E.04024
G1 X105.096 Y80.778 E.02507
G1 X104.956 Y79.534 E.04024
G1 X104.404 Y78.983 E.02507
G1 X103.161 Y78.842 E.04024
G1 X102.609 Y78.291 E.02507
G1 X102.469 Y77.047 E.04024
G1 X101.917 Y76.496 E.02507
G2 X99.752 Y76.357 I-1.693 J9.488 E.0699
G1 X102.239 Y76.357 F18000
G1 F6205.95
G3 X104.404 Y76.496 I.472 J9.627 E.0699
G1 X104.956 Y77.047 E.02507
G1 X105.096 Y78.291 E.04024
G1 X105.648 Y78.842 E.02507
G1 X106.891 Y78.983 E.04024
G1 X107.443 Y79.534 E.02507
G1 X107.583 Y80.778 E.04024
G1 X108.135 Y81.329 E.02507
G1 X109.378 Y81.47 E.04024
G1 X109.93 Y82.021 E.02507
G1 X110.07 Y83.265 E.04024
G1 X110.622 Y83.816 E.02507
G1 X111.865 Y83.957 E.04024
G1 X112.417 Y84.508 E.02507
G1 X112.557 Y85.752 E.04024
G1 X113.109 Y86.303 E.02507
G1 X114.352 Y86.444 E.04024
G1 X114.904 Y86.995 E.02507
G1 X115.044 Y88.239 E.04024
G1 X115.596 Y88.79 E.02507
G1 X116.839 Y88.931 E.04024
G1 X117.391 Y89.482 E.02507
G1 X117.531 Y90.726 E.04024
G1 X118.083 Y91.277 E.02507
G1 X119.326 Y91.418 E.04024
G1 X119.878 Y91.969 E.02507
G1 X120.018 Y93.213 E.04024
G1 X120.57 Y93.764 E.02507
G1 X121.813 Y93.905 E.04024
G1 X122.365 Y94.456 E.02507
G1 X122.505 Y95.7 E.04024
G1 X123.057 Y96.251 E.02507
G1 X124.3 Y96.392 E.04024
G1 X124.852 Y96.943 E.02507
G1 X124.992 Y98.187 E.04024
G1 X125.544 Y98.738 E.02507
G1 X126.787 Y98.879 E.04024
G1 X127.339 Y99.43 E.02507
G1 X127.479 Y100.674 E.04024
G1 X128.031 Y101.225 E.02507
G1 X129.274 Y101.366 E.04024
G1 X129.826 Y101.917 E.02507
G1 X129.967 Y103.161 E.04024
G1 X130.518 Y103.712 E.02507
G1 X131.761 Y103.853 E.04024
G1 X132.313 Y104.404 E.02507
G1 X132.454 Y105.648 E.04024
G1 X133.005 Y106.199 E.02507
G1 X134.248 Y106.34 E.04024
G1 X134.8 Y106.891 E.02507
G1 X134.941 Y108.135 E.04024
G1 X135.492 Y108.686 E.02507
G1 X136.735 Y108.827 E.04024
G1 X137.287 Y109.378 E.02507
G1 X137.428 Y110.622 E.04024
G1 X137.979 Y111.173 E.02507
G1 X139.222 Y111.314 E.04024
G1 X139.774 Y111.865 E.02507
G1 X139.915 Y113.109 E.04024
G1 X140.466 Y113.66 E.02507
G1 X141.709 Y113.801 E.04024
G1 X142.261 Y114.352 E.02507
G1 X142.402 Y115.596 E.04024
G1 X142.643 Y115.837 E.01096
G1 X142.643 Y117.317 E.0476
G1 X142.643 Y114.83 F18000
G1 F6205.95
G1 X142.643 Y113.35 E.0476
G1 X142.402 Y113.109 E.01096
G1 X142.261 Y111.865 E.04024
G1 X141.709 Y111.314 E.02507
G1 X140.466 Y111.173 E.04024
G1 X139.915 Y110.622 E.02507
G1 X139.774 Y109.378 E.04024
G1 X139.222 Y108.827 E.02507
G1 X137.979 Y108.686 E.04024
G1 X137.428 Y108.135 E.02507
G1 X137.287 Y106.891 E.04024
G1 X136.735 Y106.34 E.02507
G1 X135.492 Y106.199 E.04024
G1 X134.941 Y105.648 E.02507
G1 X134.8 Y104.404 E.04024
G1 X134.248 Y103.853 E.02507
G1 X133.005 Y103.712 E.04024
G1 X132.454 Y103.161 E.02507
G1 X132.313 Y101.917 E.04024
G1 X131.761 Y101.366 E.02507
G1 X130.518 Y101.225 E.04024
G1 X129.967 Y100.674 E.02507
G1 X129.826 Y99.43 E.04024
G1 X129.274 Y98.879 E.02507
G1 X128.031 Y98.738 E.04024
G1 X127.479 Y98.187 E.02507
G1 X127.339 Y96.943 E.04024
G1 X126.787 Y96.392 E.02507
G1 X125.544 Y96.251 E.04024
G1 X124.992 Y95.7 E.02507
G1 X124.852 Y94.456 E.04024
G1 X124.3 Y93.905 E.02507
G1 X123.057 Y93.764 E.04024
G1 X122.505 Y93.213 E.02507
G1 X122.365 Y91.969 E.04024
G1 X121.813 Y91.418 E.02507
G1 X120.57 Y91.277 E.04024
G1 X120.018 Y90.726 E.02507
G1 X119.878 Y89.482 E.04024
G1 X119.326 Y88.931 E.02507
G1 X118.083 Y88.79 E.04024
G1 X117.531 Y88.239 E.02507
G1 X117.391 Y86.995 E.04024
G1 X116.839 Y86.444 E.02507
G1 X115.596 Y86.303 E.04024
G1 X115.044 Y85.752 E.02507
G1 X114.904 Y84.508 E.04024
G1 X114.352 Y83.957 E.02507
G1 X113.109 Y83.816 E.04024
G1 X112.557 Y83.265 E.02507
G1 X112.417 Y82.021 E.04024
G1 X111.865 Y81.47 E.02507
G1 X110.622 Y81.329 E.04024
G1 X110.07 Y80.778 E.02507
G1 X109.93 Y79.534 E.04024
G1 X109.378 Y78.983 E.02507
G1 X108.135 Y78.842 E.04024
G1 X107.583 Y78.291 E.02507
G1 X107.443 Y77.047 E.04024
G1 X106.891 Y76.496 E.02507
G2 X104.726 Y76.357 I-1.693 J9.488 E.0699
G1 X107.213 Y76.357 F18000
G1 F6205.95
G3 X109.378 Y76.496 I.472 J9.627 E.0699
G1 X109.93 Y77.047 E.02507
G1 X110.07 Y78.291 E.04024
G1 X110.622 Y78.842 E.02507
G1 X111.865 Y78.983 E.04024
G1 X112.417 Y79.534 E.02507
G1 X112.557 Y80.778 E.04024
G1 X113.109 Y81.329 E.02507
G1 X114.352 Y81.47 E.04024
G1 X114.904 Y82.021 E.02507
G1 X115.044 Y83.265 E.04024
G1 X115.596 Y83.816 E.02507
G1 X116.839 Y83.957 E.04024
G1 X117.391 Y84.508 E.02507
G1 X117.531 Y85.752 E.04024
G1 X118.083 Y86.303 E.02507
G1 X119.326 Y86.444 E.04024
G1 X119.878 Y86.995 E.02507
G1 X120.018 Y88.239 E.04024
G1 X120.57 Y88.79 E.02507
G1 X121.813 Y88.931 E.04024
G1 X122.365 Y89.482 E.02507
G1 X122.505 Y90.726 E.04024
G1 X123.057 Y91.277 E.02507
G1 X124.3 Y91.418 E.04024
G1 X124.852 Y91.969 E.02507
G1 X124.992 Y93.213 E.04024
G1 X125.544 Y93.764 E.02507
G1 X126.787 Y93.905 E.04024
G1 X127.339 Y94.456 E.02507
G1 X127.479 Y95.7 E.04024
G1 X128.031 Y96.251 E.02507
G1 X129.274 Y96.392 E.04024
G1 X129.826 Y96.943 E.02507
G1 X129.967 Y98.187 E.04024
G1 X130.518 Y98.738 E.02507
G1 X131.761 Y98.879 E.04024
G1 X132.313 Y99.43 E.02507
G1 X132.454 Y100.674 E.04024
G1 X133.005 Y101.225 E.02507
G1 X134.248 Y101.366 E.04024
G1 X134.8 Y101.917 E.02507
G1 X134.941 Y103.161 E.04024
G1 X135.492 Y103.712 E.02507
G1 X136.735 Y103.853 E.04024
G1 X137.287 Y104.404 E.02507
G1 X137.428 Y105.648 E.04024
G1 X137.979 Y106.199 E.02507
G1 X139.222 Y106.34 E.04024
G1 X139.774 Y106.891 E.02507
G1 X139.915 Y108.135 E.04024
G1 X140.466 Y108.686 E.02507
G1 X141.709 Y108.827 E.04024
G1 X142.261 Y109.378 E.02507
G1 X142.402 Y110.622 E.04024
G1 X142.643 Y110.863 E.01096
G1 X142.643 Y112.343 E.0476
G1 X142.643 Y109.856 F18000
G1 F6205.95
G1 X142.643 Y108.376 E.0476
G1 X142.402 Y108.135 E.01096
G1 X142.261 Y106.891 E.04024
G1 X141.709 Y106.34 E.02507
G1 X140.466 Y106.199 E.04024
G1 X139.915 Y105.648 E.02507
G1 X139.774 Y104.404 E.04024
G1 X139.222 Y103.853 E.02507
G1 X137.979 Y103.712 E.04024
G1 X137.428 Y103.161 E.02507
G1 X137.287 Y101.917 E.04024
G1 X136.735 Y101.366 E.02507
G1 X135.492 Y101.225 E.04024
G1 X134.941 Y100.674 E.02507
G1 X134.8 Y99.43 E.04024
G1 X134.248 Y98.879 E.02507
G1 X133.005 Y98.738 E.04024
G1 X132.454 Y98.187 E.02507
G1 X132.313 Y96.943 E.04024
G1 X131.761 Y96.392 E.02507
G1 X130.518 Y96.251 E.04024
G1 X129.967 Y95.7 E.02507
G1 X129.826 Y94.456 E.04024
G1 X129.274 Y93.905 E.02507
G1 X128.031 Y93.764 E.04024
G1 X127.479 Y93.213 E.02507
G1 X127.339 Y91.969 E.04024
G1 X126.787 Y91.418 E.02507
G1 X125.544 Y91.277 E.04024
G1 X124.992 Y90.726 E.02507
G1 X124.852 Y89.482 E.04024
G1 X124.3 Y88.931 E.02507
G1 X123.057 Y88.79 E.04024
G1 X122.505 Y88.239 E.02507
G1 X122.365 Y86.995 E.04024
G1 X121.813 Y86.444 E.02507
G1 X120.57 Y86.303 E.04024
G1 X120.018 Y85.752 E.02507
G1 X119.878 Y84.508 E.04024
G1 X119.326 Y83.957 E.02507
G1 X118.083 Y83.816 E.04024
G1 X117.531 Y83.265 E.02507
G1 X117.391 Y82.021 E.04024
G1 X116.839 Y81.47 E.02507
G1 X115.596 Y81.329 E.04024
G1 X115.044 Y80.778 E.02507
G1 X114.904 Y79.534 E.04024
G1 X114.352 Y78.983 E.02507
G1 X113.109 Y78.842 E.04024
G1 X112.557 Y78.291 E.02507
G1 X112.417 Y77.047 E.04024
G1 X111.865 Y76.496 E.02507
G2 X109.7 Y76.357 I-1.693 J9.488 E.0699
G1 X112.187 Y76.357 F18000
G1 F6205.95
G3 X114.352 Y76.496 I.472 J9.627 E.0699
G1 X114.904 Y77.047 E.02507
G1 X115.044 Y78.291 E.04024
G1 X115.596 Y78.842 E.02507
G1 X116.839 Y78.983 E.04024
G1 X117.391 Y79.534 E.02507
G1 X117.531 Y80.778 E.04024
G1 X118.083 Y81.329 E.02507
G1 X119.326 Y81.47 E.04024
G1 X119.878 Y82.021 E.02507
G1 X120.018 Y83.265 E.04024
G1 X120.57 Y83.816 E.02507
G1 X121.813 Y83.957 E.04024
G1 X122.365 Y84.508 E.02507
G1 X122.505 Y85.752 E.04024
G1 X123.057 Y86.303 E.02507
G1 X124.3 Y86.444 E.04024
G1 X124.852 Y86.995 E.02507
G1 X124.992 Y88.239 E.04024
G1 X125.544 Y88.79 E.02507
G1 X126.787 Y88.931 E.04024
G1 X127.339 Y89.482 E.02507
G1 X127.479 Y90.726 E.04024
G1 X128.031 Y91.277 E.02507
G1 X129.274 Y91.418 E.04024
G1 X129.826 Y91.969 E.02507
G1 X129.967 Y93.213 E.04024
G1 X130.518 Y93.764 E.02507
G1 X131.761 Y93.905 E.04024
G1 X132.313 Y94.456 E.02507
G1 X132.454 Y95.7 E.04024
G1 X133.005 Y96.251 E.02507
G1 X134.248 Y96.392 E.04024
G1 X134.8 Y96.943 E.02507
G1 X134.941 Y98.187 E.04024
G1 X135.492 Y98.738 E.02507
G1 X136.735 Y98.879 E.04024
G1 X137.287 Y99.43 E.02507
G1 X137.428 Y100.674 E.04024
G1 X137.979 Y101.225 E.02507
G1 X139.222 Y101.366 E.04024
G1 X139.774 Y101.917 E.02507
G1 X139.915 Y103.161 E.04024
G1 X140.466 Y103.712 E.02507
G1 X141.709 Y103.853 E.04024
G1 X142.261 Y104.404 E.02507
G1 X142.402 Y105.648 E.04024
G1 X142.643 Y105.889 E.01096
G1 X142.643 Y107.369 E.0476
G1 X142.643 Y104.882 F18000
G1 F6205.95
G1 X142.643 Y103.402 E.0476
G1 X142.402 Y103.161 E.01096
G1 X142.261 Y101.917 E.04024
G1 X141.709 Y101.366 E.02507
G1 X140.466 Y101.225 E.04024
G1 X139.915 Y100.674 E.02507
G1 X139.774 Y99.43 E.04024
G1 X139.222 Y98.879 E.02507
G1 X137.979 Y98.738 E.04024
G1 X137.428 Y98.187 E.02507
G1 X137.287 Y96.943 E.04024
G1 X136.735 Y96.392 E.02507
G1 X135.492 Y96.251 E.04024
G1 X134.941 Y95.7 E.02507
G1 X134.8 Y94.456 E.04024
G1 X134.248 Y93.905 E.02507
G1 X133.005 Y93.764 E.04024
G1 X132.454 Y93.213 E.02507
G1 X132.313 Y91.969 E.04024
G1 X131.761 Y91.418 E.02507
G1 X130.518 Y91.277 E.04024
G1 X129.967 Y90.726 E.02507
G1 X129.826 Y89.482 E.04024
G1 X129.274 Y88.931 E.02507
G1 X128.031 Y88.79 E.04024
G1 X127.479 Y88.239 E.02507
G1 X127.339 Y86.995 E.04024
G1 X126.787 Y86.444 E.02507
G1 X125.544 Y86.303 E.04024
G1 X124.992 Y85.752 E.02507
G1 X124.852 Y84.508 E.04024
G1 X124.3 Y83.957 E.02507
G1 X123.057 Y83.816 E.04024
G1 X122.505 Y83.265 E.02507
G1 X122.365 Y82.021 E.04024
G1 X121.813 Y81.47 E.02507
G1 X120.57 Y81.329 E.04024
G1 X120.018 Y80.778 E.02507
G1 X119.878 Y79.534 E.04024
G1 X119.326 Y78.983 E.02507
G1 X118.083 Y78.842 E.04024
G1 X117.531 Y78.291 E.02507
G1 X117.391 Y77.047 E.04024
G1 X116.839 Y76.496 E.02507
G2 X114.675 Y76.357 I-1.693 J9.488 E.0699
G1 X117.162 Y76.357 F18000
G1 F6205.95
G3 X119.326 Y76.496 I.472 J9.627 E.0699
G1 X119.878 Y77.047 E.02507
G1 X120.018 Y78.291 E.04024
G1 X120.57 Y78.842 E.02507
G1 X121.813 Y78.983 E.04024
G1 X122.365 Y79.534 E.02507
G1 X122.505 Y80.778 E.04024
G1 X123.057 Y81.329 E.02507
G1 X124.3 Y81.47 E.04024
G1 X124.852 Y82.021 E.02507
G1 X124.992 Y83.265 E.04024
G1 X125.544 Y83.816 E.02507
G1 X126.787 Y83.957 E.04024
G1 X127.339 Y84.508 E.02507
G1 X127.479 Y85.752 E.04024
G1 X128.031 Y86.303 E.02507
G1 X129.274 Y86.444 E.04024
G1 X129.826 Y86.995 E.02507
G1 X129.967 Y88.239 E.04024
G1 X130.518 Y88.79 E.02507
G1 X131.665 Y88.92 E.03714
G2 X134.571 Y93.092 I4.344 J.073 E.17464
G1 X134.743 Y93.149 E.00582
G1 X133.072 Y91.644 F18000
;TYPE:Internal solid infill
;WIDTH:0.419999
G1 F6000
G1 X133.687 Y92.196 E.02465
G1 X134.162 Y92.484 E.01653
G1 X134.785 Y92.753 E.02021
G1 X135.593 Y92.924 E.02459
G1 X136.419 Y92.923 E.02461
G1 X137.078 Y92.788 E.02003
G1 X137.608 Y92.603 E.01672
G1 X138.323 Y92.188 E.02463
G1 X138.936 Y91.635 E.02459
G1 X139.384 Y91.019 E.02271
G2 X139.924 Y89.408 I-3.96 J-2.224 E.05089
G1 X139.923 Y88.627 E.02327
G2 X139.732 Y87.735 I-10.806 J1.845 E.02719
G1 X139.414 Y87.023 E.02323
G1 X138.928 Y86.356 E.02456
G1 X138.313 Y85.804 E.02465
G2 X136.781 Y85.137 I-2.643 J3.978 E.05001
G1 X135.947 Y85.057 E.02495
G1 X135.554 Y85.083 E.01174
G1 X134.774 Y85.25 E.02377
G2 X133.678 Y85.811 I1.53 J4.343 E.03678
G1 X133.064 Y86.365 E.02463
G1 X132.616 Y86.981 E.02271
G2 X132.076 Y88.592 I3.96 J2.224 E.05089
G1 X132.077 Y89.418 E.02461
G1 X132.25 Y90.224 E.02456
G1 X132.586 Y90.977 E.02457
G1 X133.036 Y91.595 E.02277
G1 X133.122 Y91.013 F18000
;WIDTH:0.507251
G1 F5440.766
G1 X133.604 Y91.568 E.02692
G1 X134.187 Y92.014 E.02693
G1 X134.853 Y92.327 E.02699
G1 X135.569 Y92.492 E.02697
G1 X136.305 Y92.505 E.02698
G1 X136.938 Y92.389 E.02362
G1 X137.428 Y92.212 E.0191
G1 X138.07 Y91.841 E.02719
G1 X138.617 Y91.347 E.02704
G1 X139.007 Y90.818 E.0241
G1 X139.241 Y90.373 E.01843
G1 X139.425 Y89.792 E.02236
G1 X139.512 Y89.063 E.02695
G1 X139.495 Y88.628 E.01596
G1 X139.341 Y87.909 E.02695
G1 X139.042 Y87.238 E.02696
G1 X138.609 Y86.645 E.02694
G1 X138.055 Y86.148 E.02729
G2 X137.148 Y85.672 I-2.037 J2.777 E.03772
G1 X136.425 Y85.514 E.02715
G1 X135.806 Y85.486 E.02272
G1 X134.987 Y85.632 E.03053
G1 X134.439 Y85.851 E.02166
G1 X133.933 Y86.157 E.02165
G1 X133.383 Y86.653 E.02719
G1 X132.993 Y87.182 E.0241
G1 X132.759 Y87.627 E.01843
G1 X132.575 Y88.208 E.02236
G1 X132.488 Y88.937 E.02695
G1 X132.552 Y89.669 E.02693
G1 X132.766 Y90.371 E.02694
G1 X133.093 Y90.961 E.02473
G1 X133.479 Y90.807 F18000
;WIDTH:0.419999
G1 F6000
G1 X133.158 Y90.244 E.01932
G1 X132.962 Y89.626 E.01932
G1 X132.898 Y88.98 E.01931
G1 X132.97 Y88.336 E.01931
G1 X133.174 Y87.72 E.01933
G1 X133.502 Y87.161 E.01931
G1 X133.939 Y86.682 E.01931
G1 X134.466 Y86.304 E.01932
G1 X135.065 Y86.043 E.01945
G1 X135.802 Y85.907 E.02233
G1 X136.34 Y85.916 E.01602
G1 X136.978 Y86.056 E.01946
G1 X137.568 Y86.324 E.0193
G1 X138.09 Y86.708 E.01932
G1 X138.521 Y87.193 E.01931
G1 X138.842 Y87.756 E.01932
G1 X139.038 Y88.374 E.01932
G1 X139.102 Y89.02 E.01931
G1 X139.03 Y89.664 E.01931
G1 X138.826 Y90.28 E.01933
G1 X138.498 Y90.839 E.01931
G1 X138.061 Y91.318 E.01931
G1 X137.534 Y91.696 E.01932
G1 X136.94 Y91.956 E.01933
G1 X136.305 Y92.087 E.01931
G1 X135.656 Y92.083 E.01932
G1 X135.023 Y91.944 E.01931
G1 X134.432 Y91.676 E.01933
G1 X133.91 Y91.292 E.01932
G1 X133.519 Y90.852 E.01752
G1 X134.13 Y90.359 F18000
G1 X133.998 Y90.156
G1 X133.888 Y89.94
G1 X133.801 Y89.714
G1 X133.739 Y89.481
G1 X133.701 Y89.242
G1 X133.688 Y89
G1 X133.701 Y88.758
G1 X133.739 Y88.519
G1 X133.801 Y88.286
G1 X133.888 Y88.06
G1 X133.998 Y87.844
G1 X134.13 Y87.641
G1 X134.282 Y87.453
G1 X134.453 Y87.282
G1 X134.641 Y87.13
G1 X137.518 Y84.942
;TYPE:Sparse infill
;WIDTH:0.45
G1 F6205.95
G3 X140.183 Y87.871 I-1.483 J4.026 E.13237
G1 X140.241 Y88.087 E.00719
G2 X140.466 Y88.79 I.948 J.084 E.02436
G1 X141.709 Y88.931 E.04024
G1 X142.261 Y89.482 E.02507
G1 X142.402 Y90.726 E.04024
G1 X142.643 Y90.967 E.01096
G1 X142.643 Y92.447 E.0476
G1 X142.643 Y89.96 F18000
G1 F6205.95
G1 X142.643 Y88.48 E.0476
G1 X142.402 Y88.239 E.01096
G1 X142.261 Y86.995 E.04024
G1 X141.709 Y86.444 E.02507
G1 X140.466 Y86.303 E.04024
G1 X139.915 Y85.752 E.02507
G1 X139.774 Y84.508 E.04024
G1 X139.222 Y83.957 E.02507
G1 X137.979 Y83.816 E.04024
G1 X137.428 Y83.265 E.02507
G1 X137.287 Y82.021 E.04024
G1 X136.735 Y81.47 E.02507
G1 X135.492 Y81.329 E.04024
G1 X134.941 Y80.778 E.02507
G1 X134.8 Y79.534 E.04024
G1 X134.248 Y78.983 E.02507
G1 X133.005 Y78.842 E.04024
G1 X132.454 Y78.291 E.02507
G1 X132.313 Y77.047 E.04024
G1 X131.761 Y76.496 E.02507
G2 X129.597 Y76.357 I-1.693 J9.488 E.0699
G1 X127.11 Y76.357 F18000
G1 F6205.95
G3 X129.274 Y76.496 I.472 J9.627 E.0699
G1 X129.826 Y77.047 E.02507
G1 X129.967 Y78.291 E.04024
G1 X130.518 Y78.842 E.02507
G1 X131.761 Y78.983 E.04024
G1 X132.313 Y79.534 E.02507
G1 X132.454 Y80.778 E.04024
G1 X133.005 Y81.329 E.02507
G1 X134.248 Y81.47 E.04024
G1 X134.8 Y82.021 E.02507
G1 X134.941 Y83.265 E.04024
G1 X135.492 Y83.816 E.02507
G1 X136.735 Y83.957 E.04024
G1 X137.287 Y84.508 E.02507
G1 X137.328 Y84.87 E.01171
G1 X137.19 Y84.833 E.00459
G2 X134.836 Y84.826 I-1.189 J4.172 E.07666
G1 X134.8 Y84.508 E.0103
G1 X134.248 Y83.957 E.02507
G1 X133.005 Y83.816 E.04024
G1 X132.454 Y83.265 E.02507
G1 X132.313 Y82.021 E.04024
G1 X131.761 Y81.47 E.02507
G1 X130.518 Y81.329 E.04024
G1 X129.967 Y80.778 E.02507
G1 X129.826 Y79.534 E.04024
G1 X129.274 Y78.983 E.02507
G1 X128.031 Y78.842 E.04024
G1 X127.479 Y78.291 E.02507
G1 X127.339 Y77.047 E.04024
G1 X126.787 Y76.496 E.02507
G2 X124.623 Y76.357 I-1.693 J9.488 E.0699
G1 X122.136 Y76.357 F18000
G1 F6205.95
G3 X124.3 Y76.496 I.472 J9.627 E.0699
G1 X124.852 Y77.047 E.02507
G1 X124.992 Y78.291 E.04024
G1 X125.544 Y78.842 E.02507
G1 X126.787 Y78.983 E.04024
G1 X127.339 Y79.534 E.02507
G1 X127.479 Y80.778 E.04024
G1 X128.031 Y81.329 E.02507
G1 X129.274 Y81.47 E.04024
G1 X129.826 Y82.021 E.02507
G1 X129.967 Y83.265 E.04024
G1 X130.518 Y83.816 E.02507
G1 X131.761 Y83.957 E.04024
G1 X132.313 Y84.508 E.02507
G1 X132.454 Y85.752 E.04024
G1 X132.783 Y86.089 E.01517
G2 X132.211 Y86.893 I3.786 J3.302 E.03179
G1 X131.761 Y86.444 E.02043
G1 X130.518 Y86.303 E.04024
G1 X129.967 Y85.752 E.02507
G1 X129.826 Y84.508 E.04024
G1 X129.274 Y83.957 E.02507
G1 X128.031 Y83.816 E.04024
G1 X127.479 Y83.265 E.02507
G1 X127.339 Y82.021 E.04024
G1 X126.787 Y81.47 E.02507
G1 X125.544 Y81.329 E.04024
G1 X124.992 Y80.778 E.02507
G1 X124.852 Y79.534 E.04024
G1 X124.3 Y78.983 E.02507
G1 X123.057 Y78.842 E.04024
G1 X122.505 Y78.291 E.02507
G1 X122.365 Y77.047 E.04024
G1 X121.813 Y76.496 E.02507
G2 X119.649 Y76.357 I-1.693 J9.488 E.0699
G1 X132.084 Y76.357 F18000
G1 F6205.95
G3 X134.248 Y76.496 I.472 J9.627 E.0699
G1 X134.8 Y77.047 E.02507
G1 X134.941 Y78.291 E.04024
G1 X135.492 Y78.842 E.02507
G1 X136.735 Y78.983 E.04024
G1 X137.287 Y79.534 E.02507
G1 X137.428 Y80.778 E.04024
G1 X137.979 Y81.329 E.02507
G1 X139.222 Y81.47 E.04024
G1 X139.774 Y82.021 E.02507
G1 X139.915 Y83.265 E.04024
G1 X140.466 Y83.816 E.02507
G1 X141.709 Y83.957 E.04024
G1 X142.261 Y84.508 E.02507
G1 X142.402 Y85.752 E.04024
G1 X142.643 Y85.993 E.01096
G1 X142.643 Y87.473 E.0476
G1 X142.643 Y84.986 F18000
G1 F6205.95
G1 X142.643 Y83.506 E.0476
G1 X142.402 Y83.265 E.01096
G1 X142.261 Y82.021 E.04024
G1 X141.709 Y81.47 E.02507
G1 X140.466 Y81.329 E.04024
G1 X139.915 Y80.778 E.02507
G1 X139.774 Y79.534 E.04024
G1 X139.222 Y78.983 E.02507
G1 X137.979 Y78.842 E.04024
G1 X137.428 Y78.291 E.02507
G1 X137.287 Y77.047 E.04024
G1 X136.735 Y76.496 E.02507
G2 X134.571 Y76.357 I-1.693 J9.488 E.0699
G1 X137.058 Y76.357 F18000
G1 F6205.95
G3 X139.222 Y76.496 I.472 J9.627 E.0699
G1 X139.774 Y77.047 E.02507
G1 X139.915 Y78.291 E.04024
G1 X140.466 Y78.842 E.02507
G1 X141.709 Y78.983 E.04024
G1 X142.261 Y79.534 E.02507
G1 X142.402 Y80.778 E.04024
G1 X142.643 Y81.019 E.01096
G1 X142.643 Y82.499 E.0476
G1 X142.643 Y80.012 F18000
G1 F6205.95
G1 X142.643 Y78.532 E.0476
G1 X142.402 Y78.291 E.01096
G1 X142.261 Y77.047 E.04024
G1 X141.773 Y76.56 E.02216
G1 X141.602 Y76.484 E.00602
G1 X140.488 Y76.357 E.03607
G3 X141.41 Y76.42 I.261 J2.957 E.02984
G1 X142.643 Y94.934 F18000
G1 F6205.95
G1 X142.643 Y93.454 E.0476
G1 X142.402 Y93.213 E.01096
G1 X142.261 Y91.969 E.04024
G1 X141.709 Y91.418 E.02507
G1 X140.466 Y91.277 E.04024
G1 X139.96 Y90.771 E.023
G3 X139.441 Y91.636 I-3.991 J-1.809 E.03251
G1 X139.774 Y91.969 E.01515
G1 X139.915 Y93.213 E.04024
G1 X140.466 Y93.764 E.02507
G1 X141.709 Y93.905 E.04024
G1 X142.261 Y94.456 E.02507
G1 X142.402 Y95.7 E.04024
G1 X142.643 Y95.941 E.01096
G1 X142.643 Y97.421 E.0476
G1 X142.643 Y99.908 F18000
G1 F6205.95
G1 X142.643 Y98.428 E.0476
G1 X142.402 Y98.187 E.01096
G1 X142.261 Y96.943 E.04024
G1 X141.709 Y96.392 E.02507
G1 X140.466 Y96.251 E.04024
G1 X139.915 Y95.7 E.02507
G1 X139.774 Y94.456 E.04024
G1 X139.222 Y93.905 E.02507
G1 X137.979 Y93.764 E.04024
G1 X137.428 Y93.213 E.02507
G1 X137.415 Y93.098 E.00371
G3 X134.939 Y93.201 I-1.413 J-4.149 E.08077
G1 X135.492 Y93.764 E.02536
G1 X136.735 Y93.905 E.04024
G1 X137.287 Y94.456 E.02507
G1 X137.428 Y95.7 E.04024
G1 X137.979 Y96.251 E.02507
G1 X139.222 Y96.392 E.04024
G1 X139.774 Y96.943 E.02507
G1 X139.915 Y98.187 E.04024
G1 X140.466 Y98.738 E.02507
G1 X141.709 Y98.879 E.04024
G1 X142.261 Y99.43 E.02507
G1 X142.402 Y100.674 E.04024
G1 X142.643 Y100.915 E.01096
G1 X142.643 Y102.395 E.0476
G1 X86.498 Y90.839 F18000
;TYPE:Internal solid infill
;WIDTH:0.419999
G1 F6000
G1 X86.061 Y91.318 E.01931
G1 X85.534 Y91.696 E.01932
G1 X84.94 Y91.956 E.01933
G1 X84.305 Y92.087 E.01931
G1 X83.656 Y92.083 E.01932
G1 X83.023 Y91.944 E.01931
G1 X82.432 Y91.676 E.01933
G1 X81.91 Y91.292 E.01932
G1 X81.479 Y90.807 E.01931
G1 X81.158 Y90.244 E.01932
G1 X80.962 Y89.626 E.01932
G1 X80.898 Y88.98 E.01931
G1 X80.97 Y88.336 E.01931
G1 X81.174 Y87.72 E.01933
G1 X81.502 Y87.161 E.01931
G1 X81.939 Y86.682 E.01931
G1 X82.466 Y86.304 E.01932
G1 X83.065 Y86.043 E.01945
G1 X83.802 Y85.907 E.02233
G1 X84.34 Y85.916 E.01602
G1 X84.978 Y86.056 E.01946
G1 X85.568 Y86.324 E.0193
G1 X86.09 Y86.708 E.01932
G1 X86.521 Y87.193 E.01931
G1 X86.842 Y87.756 E.01932
G1 X87.038 Y88.374 E.01932
G1 X87.102 Y89.02 E.01931
G1 X87.03 Y89.664 E.01931
G1 X86.826 Y90.28 E.01933
G1 X86.528 Y90.788 E.01753
G1 X86.617 Y91.347 F18000
;WIDTH:0.507165
G1 F5441.777
G1 X87.007 Y90.818 E.02409
G1 X87.241 Y90.373 E.01843
G1 X87.425 Y89.792 E.02235
G1 X87.512 Y89.063 E.02694
G1 X87.495 Y88.628 E.01596
G1 X87.341 Y87.909 E.02694
G1 X87.042 Y87.238 E.02695
G1 X86.609 Y86.645 E.02694
G1 X86.055 Y86.148 E.02728
G2 X85.148 Y85.672 I-2.037 J2.777 E.03771
G1 X84.425 Y85.514 E.02715
G1 X83.806 Y85.486 E.02271
G1 X82.987 Y85.632 E.03052
G1 X82.439 Y85.851 E.02165
G1 X81.933 Y86.157 E.02165
G1 X81.383 Y86.653 E.02718
G1 X80.993 Y87.182 E.02409
G1 X80.759 Y87.627 E.01843
G1 X80.575 Y88.208 E.02235
G1 X80.488 Y88.937 E.02694
G1 X80.552 Y89.669 E.02693
G1 X80.766 Y90.371 E.02693
G1 X81.122 Y91.013 E.02693
G1 X81.604 Y91.568 E.02692
G1 X82.187 Y92.014 E.02693
G1 X82.853 Y92.327 E.02698
G1 X83.569 Y92.492 E.02697
G1 X84.305 Y92.505 E.02697
G1 X84.938 Y92.389 E.02362
G1 X85.428 Y92.212 E.0191
G1 X86.07 Y91.841 E.02719
G1 X86.572 Y91.387 E.02483
G1 X86.936 Y91.635 F18000
;WIDTH:0.419999
G1 F6000
G1 X87.384 Y91.019 E.02271
G2 X87.924 Y89.408 I-3.96 J-2.224 E.05089
G1 X87.923 Y88.627 E.02327
G2 X87.732 Y87.735 I-10.806 J1.845 E.02719
G1 X87.414 Y87.023 E.02323
G1 X86.928 Y86.356 E.02456
G1 X86.313 Y85.804 E.02465
G2 X84.781 Y85.137 I-2.643 J3.978 E.05001
G1 X83.947 Y85.057 E.02495
G1 X83.554 Y85.083 E.01174
G1 X82.774 Y85.25 E.02377
G2 X81.678 Y85.811 I1.53 J4.343 E.03678
G1 X81.064 Y86.365 E.02463
G1 X80.616 Y86.981 E.02271
G2 X80.076 Y88.592 I3.96 J2.224 E.05089
G1 X80.077 Y89.418 E.02461
G1 X80.25 Y90.224 E.02456
G1 X80.586 Y90.977 E.02457
G1 X81.072 Y91.644 E.02456
G1 X81.687 Y92.196 E.02465
G1 X82.162 Y92.484 E.01653
G1 X82.785 Y92.753 E.02021
G1 X83.593 Y92.924 E.02459
G1 X84.419 Y92.923 E.02461
G1 X85.078 Y92.788 E.02003
G1 X85.608 Y92.603 E.01672
G1 X86.323 Y92.188 E.02463
G1 X86.891 Y91.676 E.0228
G1 X82.513 Y93.07 F18000
;TYPE:Sparse infill
;WIDTH:0.45
G1 F6205.95
G3 X79.664 Y89.061 I1.469 J-4.061 E.16826
G1 X79.534 Y88.931 E.00593
G1 X78.291 Y88.79 E.04024
G1 X77.739 Y88.239 E.02507
G1 X77.598 Y86.995 E.04024
G1 X77.357 Y86.754 E.01096
G1 X77.357 Y85.274 E.04759
G1 X77.357 Y82.787 F18000
G1 F6205.95
G1 X77.357 Y84.267 E.04759
G1 X77.598 Y84.508 E.01096
G1 X77.739 Y85.752 E.04024
G1 X78.291 Y86.303 E.02507
G1 X79.534 Y86.444 E.04024
G1 X80.085 Y86.995 E.02507
G1 X80.099 Y87.113 E.00381
G3 X80.684 Y86.21 I3.63 J1.712 E.03472
G1 X80.226 Y85.752 E.02083
G1 X80.085 Y84.508 E.04024
G1 X79.534 Y83.957 E.02507
G1 X78.291 Y83.816 E.04024
G1 X77.739 Y83.265 E.02507
G1 X77.598 Y82.021 E.04024
G1 X77.357 Y81.78 E.01096
G1 X77.357 Y80.3 E.04759
G1 X77.365 Y77.883 F18000
G1 F6205.95
G2 X77.357 Y79.293 I13.476 J.781 E.04536
G1 X77.598 Y79.534 E.01096
G1 X77.739 Y80.778 E.04024
G1 X78.291 Y81.329 E.02507
G1 X79.534 Y81.47 E.04024
G1 X80.085 Y82.021 E.02507
G1 X80.226 Y83.265 E.04024
G1 X80.778 Y83.816 E.02507
G1 X82.021 Y83.957 E.04024
G1 X82.572 Y84.508 E.02507
G1 X82.616 Y84.89 E.01237
G3 X85.093 Y84.807 I1.38 J4.16 E.08082
G1 X85.059 Y84.508 E.00968
G1 X84.508 Y83.957 E.02507
G1 X83.265 Y83.816 E.04024
G1 X82.713 Y83.265 E.02507
G1 X82.572 Y82.021 E.04024
G1 X82.021 Y81.47 E.02507
G1 X80.778 Y81.329 E.04024
G1 X80.226 Y80.778 E.02507
G1 X80.085 Y79.534 E.04024
G1 X79.534 Y78.983 E.02507
G1 X78.291 Y78.842 E.04024
G1 X77.739 Y78.291 E.02507
G1 X77.609 Y77.141 E.03721
G3 X78.659 Y76.397 I1.716 J1.309 E.04201
G1 X79.534 Y76.496 E.02833
G1 X80.085 Y77.047 E.02507
G1 X80.226 Y78.291 E.04024
G1 X80.778 Y78.842 E.02507
G1 X82.021 Y78.983 E.04024
G1 X82.572 Y79.534 E.02507
G1 X82.713 Y80.778 E.04024
G1 X83.265 Y81.329 E.02507
G1 X84.508 Y81.47 E.04024
G1 X85.059 Y82.021 E.02507
G1 X85.2 Y83.265 E.04024
G1 X85.752 Y83.816 E.02507
G1 X86.995 Y83.957 E.04024
G1 X87.546 Y84.508 E.02507
G1 X87.687 Y85.752 E.04024
G1 X88.239 Y86.303 E.02507
G1 X89.482 Y86.444 E.04024
G1 X90.033 Y86.995 E.02507
G1 X90.174 Y88.239 E.04024
G1 X90.726 Y88.79 E.02507
G1 X91.969 Y88.931 E.04024
G1 X92.521 Y89.482 E.02507
G1 X92.661 Y90.726 E.04024
G1 X93.213 Y91.277 E.02507
G1 X94.456 Y91.418 E.04024
G1 X95.008 Y91.969 E.02507
G1 X95.148 Y93.213 E.04024
G1 X95.7 Y93.764 E.02507
G1 X96.943 Y93.905 E.04024
G1 X97.495 Y94.456 E.02507
G1 X97.635 Y95.7 E.04024
G1 X98.187 Y96.251 E.02507
G1 X99.43 Y96.392 E.04024
G1 X99.982 Y96.943 E.02507
G1 X100.122 Y98.187 E.04024
G1 X100.674 Y98.738 E.02507
G1 X101.917 Y98.879 E.04024
G1 X102.469 Y99.43 E.02507
G1 X102.609 Y100.674 E.04024
G1 X102.899 Y100.963 E.01316
G1 X100.963 Y100.963 E.06224
G1 X100.963 Y101.258 E.00948
G1 X100.674 Y101.225 E.00937
G1 X100.122 Y100.674 E.02507
G1 X99.982 Y99.43 E.04024
G1 X99.43 Y98.879 E.02507
G1 X98.187 Y98.738 E.04024
G1 X97.635 Y98.187 E.02507
G1 X97.495 Y96.943 E.04024
G1 X96.943 Y96.392 E.02507
G1 X95.7 Y96.251 E.04024
G1 X95.148 Y95.7 E.02507
G1 X95.008 Y94.456 E.04024
G1 X94.456 Y93.905 E.02507
G1 X93.213 Y93.764 E.04024
G1 X92.661 Y93.213 E.02507
G1 X92.521 Y91.969 E.04024
G1 X91.969 Y91.418 E.02507
G1 X90.726 Y91.277 E.04024
G1 X90.174 Y90.726 E.02507
G1 X90.033 Y89.482 E.04024
G1 X89.482 Y88.931 E.02507
G1 X88.328 Y88.8 E.03734
G2 X85.429 Y84.908 I-4.336 J.204 E.16561
G1 X85.29 Y84.86 E.00473
G1 X77.357 Y87.761 F18000
G1 F6205.95
G1 X77.357 Y89.241 E.04759
G1 X77.598 Y89.482 E.01096
G1 X77.739 Y90.726 E.04024
G1 X78.291 Y91.277 E.02507
G1 X79.534 Y91.418 E.04024
G1 X80.085 Y91.969 E.02507
G1 X80.226 Y93.213 E.04024
G1 X80.778 Y93.764 E.02507
G1 X82.021 Y93.905 E.04024
G1 X82.572 Y94.456 E.02507
G1 X82.713 Y95.7 E.04024
G1 X83.265 Y96.251 E.02507
G1 X84.508 Y96.392 E.04024
G1 X85.059 Y96.943 E.02507
G1 X85.2 Y98.187 E.04024
G1 X85.752 Y98.738 E.02507
G1 X86.995 Y98.879 E.04024
G1 X87.546 Y99.43 E.02507
G1 X87.687 Y100.674 E.04024
G1 X88.239 Y101.225 E.02507
G1 X89.482 Y101.366 E.04024
G1 X90.033 Y101.917 E.02507
G1 X90.174 Y103.161 E.04024
G1 X90.726 Y103.712 E.02507
G1 X91.969 Y103.853 E.04024
G1 X92.521 Y104.404 E.02507
G1 X92.661 Y105.648 E.04024
G1 X93.213 Y106.199 E.02507
G1 X94.456 Y106.34 E.04024
G1 X95.008 Y106.891 E.02507
G1 X95.148 Y108.135 E.04024
G1 X95.7 Y108.686 E.02507
G1 X96.943 Y108.827 E.04024
G1 X97.495 Y109.378 E.02507
G1 X97.635 Y110.622 E.04024
G1 X98.187 Y111.173 E.02507
G1 X99.43 Y111.314 E.04024
G1 X99.982 Y111.865 E.02507
G1 X100.122 Y113.109 E.04024
G1 X100.674 Y113.66 E.02507
G1 X100.963 Y113.693 E.00937
G1 X100.963 Y116.18 E.07997
G1 X100.674 Y116.147 E.00937
G1 X100.122 Y115.596 E.02507
G1 X99.982 Y114.352 E.04024
G1 X99.43 Y113.801 E.02507
G1 X98.187 Y113.66 E.04024
G1 X97.635 Y113.109 E.02507
G1 X97.495 Y111.865 E.04024
G1 X96.943 Y111.314 E.02507
G1 X95.7 Y111.173 E.04024
G1 X95.148 Y110.622 E.02507
G1 X95.008 Y109.378 E.04024
G1 X94.456 Y108.827 E.02507
G1 X93.213 Y108.686 E.04024
G1 X92.661 Y108.135 E.02507
G1 X92.521 Y106.891 E.04024
G1 X91.969 Y106.34 E.02507
G1 X90.726 Y106.199 E.04024
G1 X90.174 Y105.648 E.02507
G1 X90.033 Y104.404 E.04024
G1 X89.482 Y103.853 E.02507
G1 X88.239 Y103.712 E.04024
G1 X87.687 Y103.161 E.02507
G1 X87.546 Y101.917 E.04024
G1 X86.995 Y101.366 E.02507
G1 X85.752 Y101.225 E.04024
G1 X85.2 Y100.674 E.02507
G1 X85.059 Y99.43 E.04024
G1 X84.508 Y98.879 E.02507
G1 X83.265 Y98.738 E.04024
G1 X82.713 Y98.187 E.02507
G1 X82.572 Y96.943 E.04024
G1 X82.021 Y96.392 E.02507
G1 X80.778 Y96.251 E.04024
G1 X80.226 Y95.7 E.02507
G1 X80.085 Y94.456 E.04024
G1 X79.534 Y93.905 E.02507
G1 X78.291 Y93.764 E.04024
G1 X77.739 Y93.213 E.02507
G1 X77.598 Y91.969 E.04024
G1 X77.357 Y91.728 E.01096
G1 X77.357 Y90.248 E.04759
G1 X79.856 Y76.357 F18000
G1 F6205.95
G3 X82.021 Y76.496 I.472 J9.627 E.0699
G1 X82.572 Y77.047 E.02507
G1 X82.713 Y78.291 E.04024
G1 X83.265 Y78.842 E.02507
G1 X84.508 Y78.983 E.04024
G1 X85.059 Y79.534 E.02507
G1 X85.2 Y80.778 E.04024
G1 X85.752 Y81.329 E.02507
G1 X86.995 Y81.47 E.04024
G1 X87.546 Y82.021 E.02507
G1 X87.687 Y83.265 E.04024
G1 X88.239 Y83.816 E.02507
G1 X89.482 Y83.957 E.04024
G1 X90.033 Y84.508 E.02507
G1 X90.174 Y85.752 E.04024
G1 X90.726 Y86.303 E.02507
G1 X91.969 Y86.444 E.04024
G1 X92.521 Y86.995 E.02507
G1 X92.661 Y88.239 E.04024
G1 X93.213 Y88.79 E.02507
G1 X94.456 Y88.931 E.04024
G1 X95.008 Y89.482 E.02507
G1 X95.148 Y90.726 E.04024
G1 X95.7 Y91.277 E.02507
G1 X96.943 Y91.418 E.04024
G1 X97.495 Y91.969 E.02507
G1 X97.635 Y93.213 E.04024
G1 X98.187 Y93.764 E.02507
G1 X99.43 Y93.905 E.04024
G1 X99.982 Y94.456 E.02507
G1 X100.122 Y95.7 E.04024
G1 X100.674 Y96.251 E.02507
G1 X101.917 Y96.392 E.04024
G1 X102.469 Y96.943 E.02507
G1 X102.609 Y98.187 E.04024
G1 X103.161 Y98.738 E.02507
G1 X104.404 Y98.879 E.04024
G1 X104.956 Y99.43 E.02507
G1 X105.096 Y100.674 E.04024
G1 X105.386 Y100.963 E.01316
G1 X107.873 Y100.963 E.07997
G1 X107.583 Y100.674 E.01316
G1 X107.443 Y99.43 E.04024
G1 X106.891 Y98.879 E.02507
G1 X105.648 Y98.738 E.04024
G1 X105.096 Y98.187 E.02507
G1 X104.956 Y96.943 E.04024
G1 X104.404 Y96.392 E.02507
G1 X103.161 Y96.251 E.04024
G1 X102.609 Y95.7 E.02507
G1 X102.469 Y94.456 E.04024
G1 X101.917 Y93.905 E.02507
G1 X100.674 Y93.764 E.04024
G1 X100.122 Y93.213 E.02507
G1 X99.982 Y91.969 E.04024
G1 X99.43 Y91.418 E.02507
G1 X98.187 Y91.277 E.04024
G1 X97.635 Y90.726 E.02507
G1 X97.495 Y89.482 E.04024
G1 X96.943 Y88.931 E.02507
G1 X95.7 Y88.79 E.04024
G1 X95.148 Y88.239 E.02507
G1 X95.008 Y86.995 E.04024
G1 X94.456 Y86.444 E.02507
G1 X93.213 Y86.303 E.04024
G1 X92.661 Y85.752 E.02507
G1 X92.521 Y84.508 E.04024
G1 X91.969 Y83.957 E.02507
G1 X90.726 Y83.816 E.04024
G1 X90.174 Y83.265 E.02507
G1 X90.033 Y82.021 E.04024
G1 X89.482 Y81.47 E.02507
G1 X88.239 Y81.329 E.04024
G1 X87.687 Y80.778 E.02507
G1 X87.546 Y79.534 E.04024
G1 X86.995 Y78.983 E.02507
G1 X85.752 Y78.842 E.04024
G1 X85.2 Y78.291 E.02507
G1 X85.059 Y77.047 E.04024
G1 X84.508 Y76.496 E.02507
G2 X82.343 Y76.357 I-1.693 J9.488 E.0699
G1 X84.83 Y76.357 F18000
G1 F6205.95
G3 X86.995 Y76.496 I.472 J9.627 E.0699
G1 X87.546 Y77.047 E.02507
G1 X87.687 Y78.291 E.04024
G1 X88.239 Y78.842 E.02507
G1 X89.482 Y78.983 E.04024
G1 X90.033 Y79.534 E.02507
G1 X90.174 Y80.778 E.04024
G1 X90.726 Y81.329 E.02507
G1 X91.969 Y81.47 E.04024
G1 X92.521 Y82.021 E.02507
G1 X92.661 Y83.265 E.04024
G1 X93.213 Y83.816 E.02507
G1 X94.456 Y83.957 E.04024
G1 X95.008 Y84.508 E.02507
G1 X95.148 Y85.752 E.04024
G1 X95.7 Y86.303 E.02507
G1 X96.943 Y86.444 E.04024
G1 X97.495 Y86.995 E.02507
G1 X97.635 Y88.239 E.04024
G1 X98.187 Y88.79 E.02507
G1 X99.43 Y88.931 E.04024
G1 X99.982 Y89.482 E.02507
G1 X100.122 Y90.726 E.04024
G1 X100.674 Y91.277 E.02507
G1 X101.917 Y91.418 E.04024
G1 X102.469 Y91.969 E.02507
G1 X102.609 Y93.213 E.04024
G1 X103.161 Y93.764 E.02507
G1 X104.404 Y93.905 E.04024
G1 X104.956 Y94.456 E.02507
G1 X105.096 Y95.7 E.04024
G1 X105.648 Y96.251 E.02507
G1 X106.891 Y96.392 E.04024
G1 X107.443 Y96.943 E.02507
G1 X107.583 Y98.187 E.04024
G1 X108.135 Y98.738 E.02507
G1 X109.378 Y98.879 E.04024
G1 X109.93 Y99.43 E.02507
G1 X110.07 Y100.674 E.04024
G1 X110.36 Y100.963 E.01316
G1 X112.847 Y100.963 E.07997
G1 X112.557 Y100.674 E.01316
G1 X112.417 Y99.43 E.04024
G1 X111.865 Y98.879 E.02507
G1 X110.622 Y98.738 E.04024
G1 X110.07 Y98.187 E.02507
G1 X109.93 Y96.943 E.04024
G1 X109.378 Y96.392 E.02507
G1 X108.135 Y96.251 E.04024
G1 X107.583 Y95.7 E.02507
G1 X107.443 Y94.456 E.04024
G1 X106.891 Y93.905 E.02507
G1 X105.648 Y93.764 E.04024
G1 X105.096 Y93.213 E.02507
G1 X104.956 Y91.969 E.04024
G1 X104.404 Y91.418 E.02507
G1 X103.161 Y91.277 E.04024
G1 X102.609 Y90.726 E.02507
G1 X102.469 Y89.482 E.04024
G1 X101.917 Y88.931 E.02507
G1 X100.674 Y88.79 E.04024
G1 X100.122 Y88.239 E.02507
G1 X99.982 Y86.995 E.04024
G1 X99.43 Y86.444 E.02507
G1 X98.187 Y86.303 E.04024
G1 X97.635 Y85.752 E.02507
G1 X97.495 Y84.508 E.04024
G1 X96.943 Y83.957 E.02507
G1 X95.7 Y83.816 E.04024
G1 X95.148 Y83.265 E.02507
G1 X95.008 Y82.021 E.04024
G1 X94.456 Y81.47 E.02507
G1 X93.213 Y81.329 E.04024
G1 X92.661 Y80.778 E.02507
G1 X92.521 Y79.534 E.04024
G1 X91.969 Y78.983 E.02507
G1 X90.726 Y78.842 E.04024
G1 X90.174 Y78.291 E.02507
G1 X90.033 Y77.047 E.04024
G1 X89.482 Y76.496 E.02507
G2 X87.317 Y76.357 I-1.693 J9.488 E.0699
G1 X87.317 Y75.611 F18000
G1 X76.611 Y78.016
G1 X76.611 Y117.605
G1 X77.357 Y117.605
G1 F6205.95
G1 X77.357 Y119.085 E.04759
G1 X77.598 Y119.326 E.01096
G1 X77.739 Y120.57 E.04024
G1 X78.291 Y121.121 E.02507
G1 X79.534 Y121.262 E.04024
G1 X80.085 Y121.813 E.02507
G1 X80.226 Y123.057 E.04024
G1 X80.778 Y123.608 E.02507
G1 X82.021 Y123.749 E.04024
G1 X82.572 Y124.3 E.02507
G1 X82.713 Y125.544 E.04024
G1 X83.265 Y126.095 E.02507
G1 X84.508 Y126.236 E.04024
G1 X85.061 Y126.799 E.02536
G2 X82.585 Y126.902 I-1.063 J4.238 E.08077
G1 X82.572 Y126.787 E.00371
G1 X82.021 Y126.236 E.02507
G1 X80.778 Y126.095 E.04024
G1 X80.226 Y125.544 E.02507
G1 X80.085 Y124.3 E.04024
G1 X79.534 Y123.749 E.02507
G1 X78.291 Y123.608 E.04024
G1 X77.739 Y123.057 E.02507
G1 X77.598 Y121.813 E.04024
G1 X77.357 Y121.572 E.01096
G1 X77.357 Y120.092 E.04759
G1 X77.357 Y122.579 F18000
G1 F6205.95
G1 X77.357 Y124.059 E.04759
G1 X77.598 Y124.3 E.01096
G1 X77.739 Y125.544 E.04024
G1 X78.291 Y126.095 E.02507
G1 X79.534 Y126.236 E.04024
G1 X80.085 Y126.787 E.02507
G1 X80.226 Y128.031 E.04024
G1 X80.559 Y128.364 E.01515
G2 X80.04 Y129.229 I3.471 J2.674 E.03251
G1 X79.534 Y128.723 E.023
G1 X78.291 Y128.582 E.04024
G1 X77.739 Y128.031 E.02507
G1 X77.598 Y126.787 E.04024
G1 X77.357 Y126.546 E.01096
G1 X77.357 Y125.066 E.04759
G1 X77.357 Y127.553 F18000
G1 F6205.95
G1 X77.357 Y129.033 E.04759
G1 X77.598 Y129.274 E.01096
G1 X77.739 Y130.518 E.04024
G1 X78.291 Y131.069 E.02507
G1 X79.534 Y131.21 E.04024
G1 X79.68 Y131.356 E.00663
G2 X82.482 Y135.058 I4.297 J-.341 E.15767
G1 X77.357 Y135.014 F18000
G1 F6205.95
G1 X77.357 Y136.494 E.04759
G1 X77.598 Y136.735 E.01096
G1 X77.739 Y137.979 E.04024
G1 X78.291 Y138.53 E.02507
G1 X79.534 Y138.671 E.04024
G1 X80.085 Y139.222 E.02507
G1 X80.226 Y140.466 E.04024
G1 X80.778 Y141.017 E.02507
G1 X82.021 Y141.158 E.04024
G1 X82.572 Y141.709 E.02507
G1 X82.713 Y142.953 E.04024
G1 X83.265 Y143.504 E.02507
G2 X85.429 Y143.643 I1.693 J-9.488 E.0699
G1 X87.916 Y143.643 F18000
G1 F6205.95
G3 X85.752 Y143.504 I-.472 J-9.627 E.0699
G1 X85.2 Y142.953 E.02507
G1 X85.059 Y141.709 E.04024
G1 X84.508 Y141.158 E.02507
G1 X83.265 Y141.017 E.04024
G1 X82.713 Y140.466 E.02507
G1 X82.572 Y139.222 E.04024
G1 X82.021 Y138.671 E.02507
G1 X80.778 Y138.53 E.04024
G1 X80.226 Y137.979 E.02507
G1 X80.085 Y136.735 E.04024
G1 X79.534 Y136.184 E.02507
G1 X78.291 Y136.043 E.04024
G1 X77.739 Y135.492 E.02507
G1 X77.598 Y134.248 E.04024
G1 X77.357 Y134.007 E.01096
G1 X77.357 Y132.527 E.04759
G1 X77.357 Y130.04 F18000
G1 F6205.95
G1 X77.357 Y131.52 E.04759
G1 X77.598 Y131.761 E.01096
G1 X77.739 Y133.005 E.04024
G1 X78.291 Y133.556 E.02507
G1 X79.534 Y133.697 E.04024
G1 X80.085 Y134.248 E.02507
G1 X80.226 Y135.492 E.04024
G1 X80.778 Y136.043 E.02507
G1 X82.021 Y136.184 E.04024
G1 X82.572 Y136.735 E.02507
G1 X82.713 Y137.979 E.04024
G1 X83.265 Y138.53 E.02507
G1 X84.508 Y138.671 E.04024
G1 X85.059 Y139.222 E.02507
G1 X85.2 Y140.466 E.04024
G1 X85.752 Y141.017 E.02507
G1 X86.995 Y141.158 E.04024
G1 X87.546 Y141.709 E.02507
G1 X87.687 Y142.953 E.04024
G1 X88.239 Y143.504 E.02507
G2 X90.403 Y143.643 I1.693 J-9.488 E.0699
G1 X92.89 Y143.643 F18000
G1 F6205.95
G3 X90.726 Y143.504 I-.472 J-9.627 E.0699
G1 X90.174 Y142.953 E.02507
G1 X90.033 Y141.709 E.04024
G1 X89.482 Y141.158 E.02507
G1 X88.239 Y141.017 E.04024
G1 X87.687 Y140.466 E.02507
G1 X87.546 Y139.222 E.04024
G1 X86.995 Y138.671 E.02507
G1 X85.752 Y138.53 E.04024
G1 X85.2 Y137.979 E.02507
G1 X85.059 Y136.735 E.04024
G1 X84.508 Y136.184 E.02507
G1 X83.265 Y136.043 E.04024
G1 X82.713 Y135.492 E.02507
G1 X82.672 Y135.13 E.01171
G2 X85.164 Y135.174 I1.32 J-4.199 E.08126
G1 X85.2 Y135.492 E.0103
G1 X85.752 Y136.043 E.02507
G1 X86.995 Y136.184 E.04024
G1 X87.546 Y136.735 E.02507
G1 X87.687 Y137.979 E.04024
G1 X88.239 Y138.53 E.02507
G1 X89.482 Y138.671 E.04024
G1 X90.033 Y139.222 E.02507
G1 X90.174 Y140.466 E.04024
G1 X90.726 Y141.017 E.02507
G1 X91.969 Y141.158 E.04024
G1 X92.521 Y141.709 E.02507
G1 X92.661 Y142.953 E.04024
G1 X93.213 Y143.504 E.02507
G2 X95.377 Y143.643 I1.693 J-9.488 E.0699
G1 X97.864 Y143.643 F18000
G1 F6205.95
G3 X95.7 Y143.504 I-.472 J-9.627 E.0699
G1 X95.148 Y142.953 E.02507
G1 X95.008 Y141.709 E.04024
G1 X94.456 Y141.158 E.02507
G1 X93.213 Y141.017 E.04024
G1 X92.661 Y140.466 E.02507
G1 X92.521 Y139.222 E.04024
G1 X91.969 Y138.671 E.02507
G1 X90.726 Y138.53 E.04024
G1 X90.174 Y137.979 E.02507
G1 X90.033 Y136.735 E.04024
G1 X89.482 Y136.184 E.02507
G1 X88.239 Y136.043 E.04024
G1 X87.687 Y135.492 E.02507
G1 X87.546 Y134.248 E.04024
G1 X87.217 Y133.911 E.01517
G2 X87.789 Y133.107 I-3.786 J-3.302 E.03179
G1 X88.239 Y133.556 E.02043
G1 X89.482 Y133.697 E.04024
G1 X90.033 Y134.248 E.02507
G1 X90.174 Y135.492 E.04024
G1 X90.726 Y136.043 E.02507
G1 X91.969 Y136.184 E.04024
G1 X92.521 Y136.735 E.02507
G1 X92.661 Y137.979 E.04024
G1 X93.213 Y138.53 E.02507
G1 X94.456 Y138.671 E.04024
G1 X95.008 Y139.222 E.02507
G1 X95.148 Y140.466 E.04024
G1 X95.7 Y141.017 E.02507
G1 X96.943 Y141.158 E.04024
G1 X97.495 Y141.709 E.02507
G1 X97.635 Y142.953 E.04024
G1 X98.187 Y143.504 E.02507
G2 X100.351 Y143.643 I1.693 J-9.488 E.0699
G1 X82.942 Y143.643 F18000
G1 F6205.95
G3 X80.778 Y143.504 I-.472 J-9.627 E.0699
G1 X80.226 Y142.953 E.02507
G1 X80.085 Y141.709 E.04024
G1 X79.534 Y141.158 E.02507
G1 X78.291 Y141.017 E.04024
G1 X77.739 Y140.466 E.02507
G1 X77.598 Y139.222 E.04024
G1 X77.357 Y138.981 E.01096
G1 X77.357 Y137.501 E.04759
G1 X77.357 Y139.988 F18000
G1 F6205.95
G1 X77.357 Y141.468 E.04759
G1 X77.598 Y141.709 E.01096
G1 X77.739 Y142.953 E.04024
G1 X78.227 Y143.44 E.02216
G1 X78.398 Y143.516 E.00602
G1 X79.512 Y143.643 E.03607
G3 X78.59 Y143.58 I-.261 J-2.957 E.02985
; stop printing object top_plate.stl id:4734322866433739561 copy 0
;LAYER_CHANGE
;Z:6.24
;HEIGHT:0.2
G92 E0 ; zero the extruded length again
; BEFORE_LAYER_CHANGE 30 @ 6.24mm
G1 E-1.75 F6000
;WIPE_START
G1 F6205.95
G1 X79.512 Y143.643 E-.6933
G1 X79.437 Y143.634 E-.0567
;WIPE_END
; AFTER_LAYER_CHANGE 30 @ 6.24mm
;_SET_FAN_SPEED_CHANGING_LAYER
; printing object top_plate.stl id:4734322866433739561 copy 0
G17
G3 Z6.44 I-.608 J0 P1  F18000
G1 X79.437 Y144.389 Z6.44
G1 X140.802 Y144.389
G1 X140.802 Y144.79
G1 Z6.24
G1 E2.5 F6000
M204 P1000
;TYPE:Outer wall
;WIDTH:0.42
G1 F3600
G1 X79.005 Y144.79 E1.84072
G3 X76.21 Y141.995 I.004 J-2.8 E.13074
G1 X76.21 Y78.005 E1.90602
G3 X79.005 Y75.21 I2.8 J.005 E.13074
G1 X140.995 Y75.21 E1.84644
G1 X141.292 Y75.226 E.00886
G3 X143.79 Y78.005 I-.294 J2.777 E.12197
G1 X143.79 Y141.995 E1.90601
G3 X140.995 Y144.79 I-2.8 J-.004 E.13074
G1 X140.862 Y144.79 E.00393
G1 X140.862 Y144.389 F18000
G1 X140.802 Y144.389
G1 X140.802 Y144.398
M204 P1500
;TYPE:Inner wall
;WIDTH:0.45
G1 F6000
G1 X79.016 Y144.398 E1.98684
G3 X76.602 Y141.984 I-.006 J-2.408 E.122
G1 X76.602 Y78.016 E2.057
G3 X79.016 Y75.602 I2.408 J-.006 E.12199
G1 X140.984 Y75.602 E1.99268
G1 X141.251 Y75.616 E.00857
G3 X143.398 Y78.016 I-.259 J2.392 E.11345
G1 X143.398 Y141.984 E2.05699
G3 X140.984 Y144.398 I-2.408 J.006 E.122
G1 X140.862 Y144.398 E.00392
G1 X140.802 Y143.991 F18000
G1 F6000
G1 X79.026 Y143.991 E1.9865
G3 X77.009 Y141.974 I-.016 J-2.001 E.10212
G1 X77.009 Y78.026 E2.05631
G3 X79.026 Y76.009 I2.001 J-.016 E.10212
G1 X140.974 Y76.009 E1.992
G1 X141.208 Y76.021 E.00754
G3 X142.991 Y78.026 I-.241 J2.01 E.09432
G1 X142.991 Y141.974 E2.05631
G3 X140.974 Y143.991 I-2.001 J.016 E.10212
G1 X140.862 Y143.991 E.00357
G1 E-1.75
;WIPE_START
G1 X139.862 Y143.991 E-.75
;WIPE_END
G1 X139.862 Y144.389 Z6.44 F18000
G1 X135.955 Y91.309
G1 X135.976 Y90.908
G1 Z6.24
G1 E2.5 F6000
M204 P1000
;TYPE:Outer wall
;WIDTH:0.42
G1 F3600
G1 X136 Y90.909 E.00071
G2 X136.2 Y87.1 I.006 J-1.909 E.17308
G2 X135.826 Y87.099 I-.193 J1.767 E.01114
G2 X135.603 Y90.866 I.18 J1.901 E.16124
G1 X135.916 Y90.901 E.00938
G1 X135.895 Y91.306 F18000
G1 X135.932 Y91.308
G1 X135.932 Y91.299
M204 P1500
;TYPE:Inner wall
;WIDTH:0.45
G1 F6000
G1 X136 Y91.301 E.00217
G2 X136.241 Y86.71 I.007 J-2.302 E.22519
G2 X135.788 Y86.708 I-.234 J2.144 E.01459
G2 X135.76 Y91.288 I.219 J2.291 E.21751
G1 X135.873 Y91.295 E.00364
G1 X135.961 Y91.709 F18000
G1 F6000
G1 X136 Y91.708 E.00126
G2 X136.283 Y86.304 I.007 J-2.709 E.26503
G2 X135.748 Y86.303 I-.276 J2.536 E.01725
G2 X135.717 Y91.693 I.259 J2.697 E.25597
G1 X135.901 Y91.705 E.00593
G1 E-1.75
;WIPE_START
G1 X136 Y91.708 E-.07431
G1 X136.283 Y91.696 E-.21274
G1 X136.563 Y91.651 E-.2127
G1 X136.837 Y91.578 E-.21268
G1 X136.884 Y91.56 E-.03757
;WIPE_END
G1 X136.741 Y91.188 Z6.44 F18000
G1 X138.312 Y131
G1 X138.299 Y131.242
G1 X138.261 Y131.481
G1 X138.199 Y131.714
G1 X138.112 Y131.94
G1 X138.002 Y132.156
G1 X137.87 Y132.359
G1 X137.718 Y132.547
G1 X137.547 Y132.718
G1 X137.359 Y132.87
G1 X137.156 Y133.002
G1 X136.94 Y133.112
G1 X136.714 Y133.199
G1 X136.481 Y133.261
G1 X136.242 Y133.299
G1 X136.045 Y133.309
G1 X136.024 Y132.908
G1 Z6.24
G1 E2.5 F6000
M204 P1000
;TYPE:Outer wall
;WIDTH:0.42
G1 F3600
G1 X136.397 Y132.869 E.01118
G2 X136.2 Y129.1 I-.391 J-1.869 E.16117
G2 X135.826 Y129.099 I-.193 J1.767 E.01114
G2 X135.964 Y132.909 I.18 J1.901 E.17207
G1 X135.943 Y133.309 F18000
G1 X136 Y133.312
G1 X136.068 Y133.308
G1 X136.068 Y133.299
M204 P1500
;TYPE:Inner wall
;WIDTH:0.45
G1 F6000
G1 X136.241 Y133.289 E.00557
G2 X136.241 Y128.71 I-.234 J-2.29 E.21744
G2 X135.788 Y128.708 I-.234 J2.144 E.01459
G2 X136 Y133.301 I.219 J2.291 E.22525
G1 X136.008 Y133.301 E.00024
G1 X135.961 Y133.709 F18000
G1 F6000
G1 X136 Y133.708 E.00126
G2 X136.283 Y128.304 I.007 J-2.709 E.26503
G2 X135.748 Y128.303 I-.276 J2.536 E.01725
G2 X135.717 Y133.693 I.259 J2.697 E.25597
G1 X135.901 Y133.705 E.00593
G1 E-1.75
;WIPE_START
G1 X136 Y133.708 E-.07431
G1 X136.283 Y133.696 E-.21274
G1 X136.563 Y133.651 E-.2127
G1 X136.837 Y133.578 E-.21268
G1 X136.884 Y133.56 E-.03757
;WIPE_END
G1 X136.741 Y133.188 Z6.44 F18000
G1 X85.276 Y132.924
G1 X85.156 Y133.002
G1 X84.94 Y133.112
G1 X84.714 Y133.199
G1 X84.481 Y133.261
G1 X84.242 Y133.299
G1 X84 Y133.312
G1 X83.955 Y133.309
G1 X83.976 Y132.908
G1 Z6.24
G1 E2.5 F6000
M204 P1000
;TYPE:Outer wall
;WIDTH:0.42
G1 F3600
G1 X84 Y132.909 E.00071
G2 X84.2 Y129.1 I.006 J-1.909 E.17308
G2 X83.826 Y129.099 I-.193 J1.767 E.01114
G2 X83.603 Y132.866 I.18 J1.901 E.16124
G1 X83.916 Y132.901 E.00938
G1 X83.895 Y133.306 F18000
G1 X83.932 Y133.308
G1 X83.932 Y133.299
M204 P1500
;TYPE:Inner wall
;WIDTH:0.45
G1 F6000
G1 X84 Y133.301 E.00217
G2 X84.241 Y128.71 I.007 J-2.302 E.22519
G2 X83.788 Y128.708 I-.234 J2.144 E.01459
G2 X83.76 Y133.288 I.219 J2.291 E.21751
G1 X83.873 Y133.295 E.00364
G1 X83.961 Y133.709 F18000
G1 F6000
G1 X84 Y133.708 E.00126
G2 X84.283 Y128.304 I.007 J-2.709 E.26503
G2 X83.748 Y128.303 I-.276 J2.536 E.01725
G2 X83.717 Y133.693 I.259 J2.697 E.25597
G1 X83.901 Y133.705 E.00593
G1 E-1.75
;WIPE_START
G1 X84 Y133.708 E-.07431
G1 X84.283 Y133.696 E-.21274
G1 X84.563 Y133.651 E-.2127
G1 X84.837 Y133.578 E-.21268
G1 X84.884 Y133.56 E-.03757
;WIPE_END
G1 X84.741 Y133.188 Z6.44 F18000
G1 X84.94 Y133.112
G1 X85.156 Y133.002
G1 X85.359 Y132.87
G1 X85.547 Y132.718
G1 X85.718 Y132.547
G1 X85.87 Y132.359
G1 X86.002 Y132.156
G1 X86.112 Y131.94
G1 X86.199 Y131.714
G1 X86.261 Y131.481
G1 X86.299 Y131.242
G1 X86.312 Y131
G1 X86.299 Y130.758
G1 X86.261 Y130.519
G1 X86.199 Y130.286
G1 X86.112 Y130.06
G1 X86.002 Y129.844
G1 X85.87 Y129.641
G1 X85.718 Y129.453
G1 X85.547 Y129.282
G1 X85.359 Y129.13
G1 X85.156 Y128.998
G1 X84.94 Y128.888
G1 X84.783 Y128.828
G1 X83.955 Y91.309
G1 X83.976 Y90.908
G1 Z6.24
G1 E2.5 F6000
M204 P1000
;TYPE:Outer wall
;WIDTH:0.42
G1 F3600
G1 X84 Y90.909 E.00071
G2 X84.2 Y87.1 I.006 J-1.909 E.17308
G2 X83.826 Y87.099 I-.193 J1.767 E.01114
G2 X83.603 Y90.866 I.18 J1.901 E.16124
G1 X83.916 Y90.901 E.00938
G1 X83.895 Y91.306 F18000
G1 X83.932 Y91.308
G1 X83.932 Y91.299
M204 P1500
;TYPE:Inner wall
;WIDTH:0.45
G1 F6000
G1 X84 Y91.301 E.00217
G2 X84.241 Y86.71 I.007 J-2.302 E.22519
G2 X83.788 Y86.708 I-.234 J2.144 E.01459
G2 X83.76 Y91.288 I.219 J2.291 E.21751
G1 X83.873 Y91.295 E.00364
G1 X83.961 Y91.709 F18000
G1 F6000
G1 X84 Y91.708 E.00126
G2 X84.283 Y86.304 I.007 J-2.709 E.26503
G2 X83.748 Y86.303 I-.276 J2.536 E.01725
G2 X83.717 Y91.693 I.259 J2.697 E.25597
G1 X83.901 Y91.705 E.00593
G1 E-1.75
;WIPE_START
G1 X84 Y91.708 E-.07431
G1 X84.283 Y91.696 E-.21274
G1 X84.563 Y91.651 E-.2127
G1 X84.837 Y91.578 E-.21268
G1 X84.884 Y91.56 E-.03757
;WIPE_END
G1 X84.741 Y91.188 Z6.44 F18000
G1 X101.689 Y118.311
G1 X118.311 Y118.311
G1 X118.311 Y117.91
G1 X117.91 Y117.91
G1 Z6.24
G1 E2.5 F6000
M204 P1000
;TYPE:Outer wall
;WIDTH:0.42
G1 F3600
G1 X117.91 Y102.09 E.47122
G1 X102.09 Y102.09 E.47122
G1 X102.09 Y117.91 E.47122
G1 X117.85 Y117.91 E.46944
G1 X117.85 Y118.311 F18000
G1 X118.311 Y118.311
G1 X118.311 Y118.302
G1 X118.302 Y118.302
M204 P1500
;TYPE:Inner wall
;WIDTH:0.45
G1 F6000
G1 X118.302 Y101.698 E.53393
G1 X101.698 Y101.698 E.53393
G1 X101.698 Y118.302 E.53393
G1 X118.242 Y118.302 E.532
G1 X118.709 Y118.709 F18000
G1 F6000
G1 X118.709 Y101.291 E.56011
G1 X101.291 Y101.291 E.56011
G1 X101.291 Y118.709 E.56011
G1 X118.649 Y118.709 E.55818
G1 X117.693 Y119.435 F18000
M204 P2000
;TYPE:Sparse infill
G1 F6205.95
G1 X119.435 Y119.435 E.056
G1 X119.435 Y118.562 E.02806
G1 X119.914 Y118.083 E.02179
G1 X119.982 Y116.839 E.04005
G1 X120.57 Y116.252 E.02671
G1 X121.813 Y116.183 E.04005
G1 X122.401 Y115.596 E.02671
G1 X122.469 Y114.352 E.04005
G1 X123.057 Y113.765 E.02671
G1 X124.3 Y113.696 E.04005
G1 X124.888 Y113.109 E.02671
G1 X124.957 Y111.865 E.04005
G1 X125.544 Y111.278 E.02671
G1 X126.787 Y111.209 E.04005
G1 X127.375 Y110.622 E.02671
G1 X127.444 Y109.378 E.04005
G1 X128.031 Y108.791 E.02671
G1 X129.274 Y108.722 E.04005
G1 X129.862 Y108.135 E.02671
G1 X129.931 Y106.891 E.04005
G1 X130.518 Y106.304 E.02671
G1 X131.761 Y106.235 E.04005
G1 X132.349 Y105.648 E.02671
G1 X132.418 Y104.404 E.04005
G1 X133.005 Y103.817 E.02671
G1 X134.248 Y103.748 E.04005
G1 X134.836 Y103.161 E.02671
G1 X134.905 Y101.917 E.04005
G1 X135.492 Y101.33 E.02671
G1 X136.735 Y101.261 E.04005
G1 X137.323 Y100.674 E.02671
G1 X137.392 Y99.43 E.04005
G1 X137.979 Y98.843 E.02671
G1 X139.222 Y98.774 E.04005
G1 X139.81 Y98.187 E.02671
G1 X139.879 Y96.943 E.04005
G1 X140.466 Y96.356 E.02671
G1 X141.709 Y96.287 E.04005
G1 X142.265 Y95.731 E.02529
G1 X142.265 Y93.244 E.07997
G1 X141.709 Y93.8 E.02529
G1 X140.466 Y93.869 E.04005
G1 X139.879 Y94.456 E.02671
G1 X139.81 Y95.7 E.04005
G1 X139.222 Y96.287 E.02671
G1 X137.979 Y96.356 E.04005
G1 X137.392 Y96.943 E.02671
G1 X137.323 Y98.187 E.04005
G1 X136.735 Y98.774 E.02671
G1 X135.492 Y98.843 E.04005
G1 X134.905 Y99.43 E.02671
G1 X134.836 Y100.674 E.04005
G1 X134.248 Y101.261 E.02671
G1 X133.005 Y101.33 E.04005
G1 X132.418 Y101.917 E.02671
G1 X132.349 Y103.161 E.04005
G1 X131.761 Y103.748 E.02671
G1 X130.518 Y103.817 E.04005
G1 X129.931 Y104.404 E.02671
G1 X129.862 Y105.648 E.04005
G1 X129.274 Y106.235 E.02671
G1 X128.031 Y106.304 E.04005
G1 X127.444 Y106.891 E.02671
G1 X127.375 Y108.135 E.04005
G1 X126.787 Y108.722 E.02671
G1 X125.544 Y108.791 E.04005
G1 X124.957 Y109.378 E.02671
G1 X124.888 Y110.622 E.04005
G1 X124.3 Y111.209 E.02671
G1 X123.057 Y111.278 E.04005
G1 X122.469 Y111.865 E.02671
G1 X122.401 Y113.109 E.04005
G1 X121.813 Y113.696 E.02671
G1 X120.57 Y113.765 E.04005
G1 X119.982 Y114.352 E.02671
G1 X119.914 Y115.596 E.04005
G1 X119.435 Y116.075 E.02179
G1 X119.435 Y113.791 E.07343
G1 X119.435 Y100.949 F18000
G1 F6205.95
G1 X119.435 Y100.565 E.01234
G1 X117.433 Y100.565 E.06437
G1 X117.495 Y99.43 E.03656
G1 X118.083 Y98.843 E.02671
G1 X119.326 Y98.774 E.04005
G1 X119.914 Y98.187 E.02671
G1 X119.982 Y96.943 E.04005
G1 X120.57 Y96.356 E.02671
G1 X121.813 Y96.287 E.04005
G1 X122.401 Y95.7 E.02671
G1 X122.47 Y94.456 E.04005
G1 X123.057 Y93.869 E.02671
G1 X124.3 Y93.8 E.04005
G1 X124.888 Y93.213 E.02671
G1 X124.957 Y91.969 E.04005
G1 X125.544 Y91.382 E.02671
G1 X126.787 Y91.313 E.04005
G1 X127.375 Y90.726 E.02671
G1 X127.444 Y89.482 E.04005
G1 X128.031 Y88.895 E.02671
G1 X129.274 Y88.826 E.04005
G1 X129.862 Y88.239 E.02671
G1 X129.931 Y86.995 E.04005
G1 X130.518 Y86.408 E.02671
G1 X131.761 Y86.339 E.04005
G1 X132.349 Y85.752 E.02671
G1 X132.418 Y84.508 E.04005
G1 X133.005 Y83.921 E.02671
G1 X134.248 Y83.852 E.04005
G1 X134.836 Y83.265 E.02671
G1 X134.905 Y82.021 E.04005
G1 X135.492 Y81.434 E.02671
G1 X136.735 Y81.365 E.04005
G1 X137.323 Y80.778 E.02671
G1 X137.392 Y79.534 E.04005
G1 X137.979 Y78.947 E.02671
G1 X139.222 Y78.878 E.04005
G1 X139.81 Y78.291 E.02671
G1 X139.879 Y77.047 E.04005
G1 X140.191 Y76.735 E.01421
G1 X137.704 Y76.735 E.07997
G1 X137.392 Y77.047 E.01421
G1 X137.323 Y78.291 E.04005
G1 X136.735 Y78.878 E.02671
G1 X135.492 Y78.947 E.04005
G1 X134.905 Y79.534 E.02671
G1 X134.836 Y80.778 E.04005
G1 X134.248 Y81.365 E.02671
G1 X133.005 Y81.434 E.04005
G1 X132.418 Y82.021 E.02671
G1 X132.349 Y83.265 E.04005
G1 X131.761 Y83.852 E.02671
G1 X130.518 Y83.921 E.04005
G1 X129.931 Y84.508 E.02671
G1 X129.862 Y85.752 E.04005
G1 X129.274 Y86.339 E.02671
G1 X128.031 Y86.408 E.04005
G1 X127.444 Y86.995 E.02671
G1 X127.375 Y88.239 E.04005
G1 X126.787 Y88.826 E.02671
G1 X125.544 Y88.895 E.04005
G1 X124.957 Y89.482 E.02671
G1 X124.888 Y90.726 E.04005
G1 X124.3 Y91.313 E.02671
G1 X123.057 Y91.382 E.04005
G1 X122.47 Y91.969 E.02671
G1 X122.401 Y93.213 E.04005
G1 X121.813 Y93.8 E.02671
G1 X120.57 Y93.869 E.04005
G1 X119.982 Y94.456 E.02671
G1 X119.914 Y95.7 E.04005
G1 X119.326 Y96.287 E.02671
G1 X118.083 Y96.356 E.04005
G1 X117.495 Y96.943 E.02671
G1 X117.427 Y98.187 E.04005
G1 X116.839 Y98.774 E.02671
G1 X115.596 Y98.843 E.04005
G1 X115.008 Y99.43 E.02671
G1 X114.946 Y100.565 E.03656
G1 X112.459 Y100.565 E.07997
G1 X112.521 Y99.43 E.03656
G1 X113.109 Y98.843 E.02671
G1 X114.352 Y98.774 E.04005
G1 X114.94 Y98.187 E.02671
G1 X115.008 Y96.943 E.04005
G1 X115.596 Y96.356 E.02671
G1 X116.839 Y96.287 E.04005
G1 X117.427 Y95.7 E.02671
G1 X117.495 Y94.456 E.04005
G1 X118.083 Y93.869 E.02671
G1 X119.326 Y93.8 E.04005
G1 X119.914 Y93.213 E.02671
G1 X119.982 Y91.969 E.04005
G1 X120.57 Y91.382 E.02671
G1 X121.813 Y91.313 E.04005
G1 X122.401 Y90.726 E.02671
G1 X122.47 Y89.482 E.04005
G1 X123.057 Y88.895 E.02671
G1 X124.3 Y88.826 E.04005
G1 X124.888 Y88.239 E.02671
G1 X124.957 Y86.995 E.04005
G1 X125.544 Y86.408 E.02671
G1 X126.787 Y86.339 E.04005
G1 X127.375 Y85.752 E.02671
G1 X127.444 Y84.508 E.04005
G1 X128.031 Y83.921 E.02671
G1 X129.274 Y83.852 E.04005
G1 X129.862 Y83.265 E.02671
G1 X129.931 Y82.021 E.04005
G1 X130.518 Y81.434 E.02671
G1 X131.761 Y81.365 E.04005
G1 X132.349 Y80.778 E.02671
G1 X132.418 Y79.534 E.04005
G1 X133.005 Y78.947 E.02671
G1 X134.248 Y78.878 E.04005
G1 X134.836 Y78.291 E.02671
G1 X134.905 Y77.047 E.04005
G1 X135.217 Y76.735 E.01421
G1 X137.501 Y76.735 E.07343
G1 X140.395 Y76.735 F18000
G1 F6205.95
G1 X140.955 Y76.735 E.01801
G3 X142.265 Y78.322 I-.051 J1.377 E.07475
G1 X141.709 Y78.878 E.02529
G1 X140.466 Y78.947 E.04005
G1 X139.879 Y79.534 E.02671
G1 X139.81 Y80.778 E.04005
G1 X139.222 Y81.365 E.02671
G1 X137.979 Y81.434 E.04005
G1 X137.392 Y82.021 E.02671
G1 X137.323 Y83.265 E.04005
G1 X136.735 Y83.852 E.02671
G1 X135.492 Y83.921 E.04005
G1 X134.905 Y84.508 E.02671
G1 X134.888 Y84.812 E.0098
G3 X137.351 Y84.877 I1.12 J4.254 E.08031
G1 X137.392 Y84.508 E.01195
G1 X137.979 Y83.921 E.02671
G1 X139.222 Y83.852 E.04005
G1 X139.81 Y83.265 E.02671
G1 X139.879 Y82.021 E.04005
G1 X140.466 Y81.434 E.02671
G1 X141.709 Y81.365 E.04005
G1 X142.265 Y80.809 E.02529
G1 X142.265 Y83.296 E.07997
G1 X141.709 Y83.852 E.02529
G1 X140.466 Y83.921 E.04005
G1 X139.879 Y84.508 E.02671
G1 X139.81 Y85.752 E.04005
G1 X139.332 Y86.23 E.02173
G3 X139.875 Y87.061 I-3.364 J2.79 E.03201
G1 X139.879 Y86.995 E.00213
G1 X140.466 Y86.408 E.02671
G1 X141.709 Y86.339 E.04005
G1 X142.265 Y85.783 E.02529
G1 X142.265 Y88.27 E.07997
G1 X141.709 Y88.826 E.02529
G1 X140.466 Y88.895 E.04005
G1 X140.338 Y89.023 E.00584
G3 X139.7 Y91.258 I-4.273 J-.011 E.07567
G3 X137.518 Y93.058 I-3.709 J-2.272 E.09267
G1 X142.265 Y93.04 F18000
G1 F6205.95
G1 X142.265 Y90.757 E.07343
G1 X141.709 Y91.313 E.02529
G1 X140.466 Y91.382 E.04005
G1 X139.879 Y91.969 E.02671
G1 X139.81 Y93.213 E.04005
G1 X139.222 Y93.8 E.02671
G1 X137.979 Y93.869 E.04005
G1 X137.392 Y94.456 E.02671
G1 X137.323 Y95.7 E.04005
G1 X136.735 Y96.287 E.02671
G1 X135.492 Y96.356 E.04005
G1 X134.905 Y96.943 E.02671
G1 X134.836 Y98.187 E.04005
G1 X134.248 Y98.774 E.02671
G1 X133.005 Y98.843 E.04005
G1 X132.418 Y99.43 E.02671
G1 X132.349 Y100.674 E.04005
G1 X131.761 Y101.261 E.02671
G1 X130.518 Y101.33 E.04005
G1 X129.931 Y101.917 E.02671
G1 X129.862 Y103.161 E.04005
G1 X129.274 Y103.748 E.02671
G1 X128.031 Y103.817 E.04005
G1 X127.444 Y104.404 E.02671
G1 X127.375 Y105.648 E.04005
G1 X126.787 Y106.235 E.02671
G1 X125.544 Y106.304 E.04005
G1 X124.957 Y106.891 E.02671
G1 X124.888 Y108.135 E.04005
G1 X124.3 Y108.722 E.02671
G1 X123.057 Y108.791 E.04005
G1 X122.469 Y109.378 E.02671
G1 X122.401 Y110.622 E.04005
G1 X121.813 Y111.209 E.02671
G1 X120.57 Y111.278 E.04005
G1 X119.982 Y111.865 E.02671
G1 X119.914 Y113.109 E.04005
G1 X119.435 Y113.588 E.02179
G1 X119.435 Y111.101 E.07997
G1 X119.914 Y110.622 E.02179
G1 X119.982 Y109.378 E.04005
G1 X120.57 Y108.791 E.02671
G1 X121.813 Y108.722 E.04005
G1 X122.401 Y108.135 E.02671
G1 X122.469 Y106.891 E.04005
G1 X123.057 Y106.304 E.02671
G1 X124.3 Y106.235 E.04005
G1 X124.888 Y105.648 E.02671
G1 X124.957 Y104.404 E.04005
G1 X125.544 Y103.817 E.02671
G1 X126.787 Y103.748 E.04005
G1 X127.375 Y103.161 E.02671
G1 X127.444 Y101.917 E.04005
G1 X128.031 Y101.33 E.02671
G1 X129.274 Y101.261 E.04005
G1 X129.862 Y100.674 E.02671
G1 X129.931 Y99.43 E.04005
G1 X130.518 Y98.843 E.02671
G1 X131.761 Y98.774 E.04005
G1 X132.349 Y98.187 E.02671
G1 X132.418 Y96.943 E.04005
G1 X133.005 Y96.356 E.02671
G1 X134.248 Y96.287 E.04005
G1 X134.836 Y95.7 E.02671
G1 X134.905 Y94.456 E.04005
G1 X135.492 Y93.869 E.02671
G1 X136.735 Y93.8 E.04005
G1 X137.323 Y93.213 E.02671
G1 X137.327 Y93.13 E.00266
G3 X134.838 Y93.174 I-1.32 J-4.217 E.08116
G1 X134.248 Y93.8 E.02764
G1 X133.005 Y93.869 E.04005
G1 X132.418 Y94.456 E.02671
G1 X132.349 Y95.7 E.04005
G1 X131.761 Y96.287 E.02671
G1 X130.518 Y96.356 E.04005
G1 X129.931 Y96.943 E.02671
G1 X129.862 Y98.187 E.04005
G1 X129.274 Y98.774 E.02671
G1 X128.031 Y98.843 E.04005
G1 X127.444 Y99.43 E.02671
G1 X127.375 Y100.674 E.04005
G1 X126.787 Y101.261 E.02671
G1 X125.544 Y101.33 E.04005
G1 X124.957 Y101.917 E.02671
G1 X124.888 Y103.161 E.04005
G1 X124.3 Y103.748 E.02671
G1 X123.057 Y103.817 E.04005
G1 X122.469 Y104.404 E.02671
G1 X122.401 Y105.648 E.04005
G1 X121.813 Y106.235 E.02671
G1 X120.57 Y106.304 E.04005
G1 X119.982 Y106.891 E.02671
G1 X119.914 Y108.135 E.04005
G1 X119.435 Y108.614 E.02179
G1 X119.435 Y106.127 E.07997
G1 X119.914 Y105.648 E.02179
G1 X119.982 Y104.404 E.04005
G1 X120.57 Y103.817 E.02671
G1 X121.813 Y103.748 E.04005
G1 X122.401 Y103.161 E.02671
G1 X122.469 Y101.917 E.04005
G1 X123.057 Y101.33 E.02671
G1 X124.3 Y101.261 E.04005
G1 X124.888 Y100.674 E.02671
G1 X124.957 Y99.43 E.04005
G1 X125.544 Y98.843 E.02671
G1 X126.787 Y98.774 E.04005
G1 X127.375 Y98.187 E.02671
G1 X127.444 Y96.943 E.04005
G1 X128.031 Y96.356 E.02671
G1 X129.274 Y96.287 E.04005
G1 X129.862 Y95.7 E.02671
G1 X129.931 Y94.456 E.04005
G1 X130.518 Y93.869 E.02671
G1 X131.761 Y93.8 E.04005
G1 X132.349 Y93.213 E.02671
G1 X132.418 Y91.969 E.04005
G1 X132.645 Y91.742 E.01034
G3 X132.129 Y90.946 I3.364 J-2.747 E.03057
G1 X131.761 Y91.313 E.0167
G1 X130.518 Y91.382 E.04005
G1 X129.931 Y91.969 E.02671
G1 X129.862 Y93.213 E.04005
G1 X129.274 Y93.8 E.02671
G1 X128.031 Y93.869 E.04005
G1 X127.444 Y94.456 E.02671
G1 X127.375 Y95.7 E.04005
G1 X126.787 Y96.287 E.02671
G1 X125.544 Y96.356 E.04005
G1 X124.957 Y96.943 E.02671
G1 X124.888 Y98.187 E.04005
G1 X124.3 Y98.774 E.02671
G1 X123.057 Y98.843 E.04005
G1 X122.47 Y99.43 E.02671
G1 X122.401 Y100.674 E.04005
G1 X121.813 Y101.261 E.02671
G1 X120.57 Y101.33 E.04005
G1 X119.982 Y101.917 E.02671
G1 X119.914 Y103.161 E.04005
G1 X119.435 Y103.64 E.02179
G1 X119.435 Y101.153 E.07997
G1 X119.914 Y100.674 E.02179
G1 X119.982 Y99.43 E.04005
G1 X120.57 Y98.843 E.02671
G1 X121.813 Y98.774 E.04005
G1 X122.401 Y98.187 E.02671
G1 X122.47 Y96.943 E.04005
G1 X123.057 Y96.356 E.02671
G1 X124.3 Y96.287 E.04005
G1 X124.888 Y95.7 E.02671
G1 X124.957 Y94.456 E.04005
G1 X125.544 Y93.869 E.02671
G1 X126.787 Y93.8 E.04005
G1 X127.375 Y93.213 E.02671
G1 X127.444 Y91.969 E.04005
G1 X128.031 Y91.382 E.02671
G1 X129.274 Y91.313 E.04005
G1 X129.862 Y90.726 E.02671
G1 X129.931 Y89.482 E.04005
G1 X130.518 Y88.895 E.02671
G1 X131.67 Y88.831 E.03711
G3 X132.3 Y86.742 I4.254 J.143 E.07094
G3 X134.67 Y84.871 I3.689 J2.235 E.0992
G1 X134.691 Y84.865 E.00071
G1 X139.505 Y88.695 F18000
;TYPE:Internal solid infill
;WIDTH:0.505305
G1 F5463.671
G1 X139.365 Y87.973 E.02688
G1 X139.078 Y87.296 E.02685
G1 X138.656 Y86.693 E.02686
G1 X138.119 Y86.191 E.02685
G2 X136.063 Y85.482 I-2.157 J2.915 E.08067
G1 X135.341 Y85.55 E.0265
G1 X134.628 Y85.762 E.02717
G1 X133.983 Y86.116 E.02687
G1 X133.428 Y86.599 E.02686
G1 X132.988 Y87.178 E.02659
G1 X132.676 Y87.854 E.02717
G1 X132.507 Y88.569 E.02685
G1 X132.495 Y89.305 E.02687
G1 X132.635 Y90.026 E.02685
G1 X132.922 Y90.704 E.02688
G1 X133.344 Y91.307 E.02686
G1 X133.881 Y91.809 E.02685
G1 X134.332 Y92.093 E.01947
G1 X134.916 Y92.344 E.0232
G1 X135.637 Y92.496 E.02694
G1 X136.377 Y92.495 E.02701
G2 X137.431 Y92.219 I-.457 J-3.905 E.03994
G1 X138.017 Y91.883 E.02467
G1 X138.572 Y91.401 E.02683
G1 X139.012 Y90.822 E.02659
G1 X139.324 Y90.146 E.02717
G1 X139.493 Y89.431 E.02685
G1 X139.504 Y88.755 E.02468
G1 X137.718 Y90.547 F18000
G1 X137.547 Y90.718
G1 X137.359 Y90.87
G1 X137.156 Y91.002
G1 X136.94 Y91.112
G1 X136.714 Y91.199
G1 X136.481 Y91.261
G1 X136.242 Y91.299
G1 X136 Y91.312
G1 X135.758 Y91.299
G1 X135.519 Y91.261
G1 X135.286 Y91.199
G1 X135.06 Y91.112
G1 X134.844 Y91.002
G1 X134.641 Y90.87
G1 X134.453 Y90.718
G1 X134.282 Y90.547
G1 X133.682 Y91.061
;WIDTH:0.419999
G1 F6000
G1 X133.304 Y90.534 E.01932
G1 X133.044 Y89.94 E.01933
G1 X132.913 Y89.305 E.01931
G1 X132.917 Y88.656 E.01932
G1 X133.056 Y88.023 E.01931
G1 X133.324 Y87.432 E.01933
G1 X133.708 Y86.91 E.01931
G1 X134.193 Y86.479 E.01932
G1 X134.756 Y86.158 E.01932
G1 X135.383 Y85.959 E.01959
G1 X136.02 Y85.898 E.01905
G1 X136.664 Y85.97 E.01931
G1 X137.28 Y86.174 E.01933
G1 X137.839 Y86.502 E.01931
G1 X138.318 Y86.939 E.01931
G1 X138.696 Y87.466 E.01932
G1 X138.956 Y88.06 E.01933
G1 X139.087 Y88.695 E.01931
G1 X139.083 Y89.344 E.01932
G1 X138.944 Y89.977 E.01931
G1 X138.676 Y90.568 E.01933
G1 X138.292 Y91.09 E.01932
G1 X137.807 Y91.521 E.01931
G1 X137.244 Y91.842 E.01932
G1 X136.626 Y92.038 E.01932
G1 X135.98 Y92.102 E.01931
G1 X135.336 Y92.03 E.01931
G1 X134.72 Y91.826 E.01933
G1 X134.161 Y91.498 E.01931
G1 X133.726 Y91.102 E.01752
G1 X133.072 Y91.644 F18000
G1 F6000
G1 X133.687 Y92.196 E.02465
G1 X134.163 Y92.484 E.01654
G1 X134.785 Y92.753 E.0202
G1 X135.593 Y92.924 E.02459
G1 X136.419 Y92.923 E.02461
G1 X137.078 Y92.788 E.02003
G1 X137.608 Y92.603 E.01671
G1 X138.323 Y92.189 E.02463
G1 X138.936 Y91.635 E.02459
G1 X139.384 Y91.019 E.02269
G2 X139.924 Y89.408 I-3.959 J-2.224 E.0509
G1 X139.923 Y88.627 E.02329
G1 X139.774 Y87.886 E.0225
G1 X139.46 Y87.125 E.02452
G1 X138.994 Y86.447 E.0245
G1 X138.398 Y85.88 E.0245
G1 X137.89 Y85.543 E.01818
G1 X137.292 Y85.275 E.01951
G1 X136.782 Y85.137 E.01574
G1 X135.967 Y85.056 E.02439
G1 X135.554 Y85.083 E.01234
G1 X134.774 Y85.25 E.02376
G2 X133.678 Y85.811 I1.53 J4.342 E.03678
G1 X133.064 Y86.365 E.02463
G1 X132.616 Y86.981 E.02269
G2 X132.076 Y88.592 I3.959 J2.224 E.0509
G1 X132.077 Y89.418 E.02461
G1 X132.25 Y90.224 E.02457
G1 X132.586 Y90.977 E.02457
G1 X133.036 Y91.595 E.02277
G1 X125.473 Y76.735 F18000
;TYPE:Sparse infill
;WIDTH:0.45
G1 F6205.95
G1 X127.756 Y76.735 E.07343
G1 X127.444 Y77.047 E.01421
G1 X127.375 Y78.291 E.04005
G1 X126.787 Y78.878 E.02671
G1 X125.544 Y78.947 E.04005
G1 X124.957 Y79.534 E.02671
G1 X124.888 Y80.778 E.04005
G1 X124.3 Y81.365 E.02671
G1 X123.057 Y81.434 E.04005
G1 X122.47 Y82.021 E.02671
G1 X122.401 Y83.265 E.04005
G1 X121.813 Y83.852 E.02671
G1 X120.57 Y83.921 E.04005
G1 X119.982 Y84.508 E.02671
G1 X119.914 Y85.752 E.04005
G1 X119.326 Y86.339 E.02671
G1 X118.083 Y86.408 E.04005
G1 X117.495 Y86.995 E.02671
G1 X117.427 Y88.239 E.04005
G1 X116.839 Y88.826 E.02671
G1 X115.596 Y88.895 E.04005
G1 X115.008 Y89.482 E.02671
G1 X114.94 Y90.726 E.04005
G1 X114.352 Y91.313 E.02671
G1 X113.109 Y91.382 E.04005
G1 X112.521 Y91.969 E.02671
G1 X112.453 Y93.213 E.04005
G1 X111.865 Y93.8 E.02671
G1 X110.622 Y93.869 E.04005
G1 X110.034 Y94.456 E.02671
G1 X109.966 Y95.7 E.04005
G1 X109.378 Y96.287 E.02671
G1 X108.135 Y96.356 E.04005
G1 X107.547 Y96.943 E.02671
G1 X107.479 Y98.187 E.04005
G1 X106.891 Y98.774 E.02671
G1 X105.648 Y98.843 E.04005
G1 X105.06 Y99.43 E.02671
G1 X104.998 Y100.565 E.03656
G1 X107.485 Y100.565 E.07997
G1 X107.547 Y99.43 E.03656
G1 X108.135 Y98.843 E.02671
G1 X109.378 Y98.774 E.04005
G1 X109.966 Y98.187 E.02671
G1 X110.034 Y96.943 E.04005
G1 X110.622 Y96.356 E.02671
G1 X111.865 Y96.287 E.04005
G1 X112.453 Y95.7 E.02671
G1 X112.521 Y94.456 E.04005
G1 X113.109 Y93.869 E.02671
G1 X114.352 Y93.8 E.04005
G1 X114.94 Y93.213 E.02671
G1 X115.008 Y91.969 E.04005
G1 X115.596 Y91.382 E.02671
G1 X116.839 Y91.313 E.04005
G1 X117.427 Y90.726 E.02671
G1 X117.495 Y89.482 E.04005
G1 X118.083 Y88.895 E.02671
G1 X119.326 Y88.826 E.04005
G1 X119.914 Y88.239 E.02671
G1 X119.982 Y86.995 E.04005
G1 X120.57 Y86.408 E.02671
G1 X121.813 Y86.339 E.04005
G1 X122.401 Y85.752 E.02671
G1 X122.47 Y84.508 E.04005
G1 X123.057 Y83.921 E.02671
G1 X124.3 Y83.852 E.04005
G1 X124.888 Y83.265 E.02671
G1 X124.957 Y82.021 E.04005
G1 X125.544 Y81.434 E.02671
G1 X126.787 Y81.365 E.04005
G1 X127.375 Y80.778 E.02671
G1 X127.444 Y79.534 E.04005
G1 X128.031 Y78.947 E.02671
G1 X129.274 Y78.878 E.04005
G1 X129.862 Y78.291 E.02671
G1 X129.931 Y77.047 E.04005
G1 X130.243 Y76.735 E.01421
G1 X132.73 Y76.735 E.07997
G1 X132.418 Y77.047 E.01421
G1 X132.349 Y78.291 E.04005
G1 X131.761 Y78.878 E.02671
G1 X130.518 Y78.947 E.04005
G1 X129.931 Y79.534 E.02671
G1 X129.862 Y80.778 E.04005
G1 X129.274 Y81.365 E.02671
G1 X128.031 Y81.434 E.04005
G1 X127.444 Y82.021 E.02671
G1 X127.375 Y83.265 E.04005
G1 X126.787 Y83.852 E.02671
G1 X125.544 Y83.921 E.04005
G1 X124.957 Y84.508 E.02671
G1 X124.888 Y85.752 E.04005
G1 X124.3 Y86.339 E.02671
G1 X123.057 Y86.408 E.04005
G1 X122.47 Y86.995 E.02671
G1 X122.401 Y88.239 E.04005
G1 X121.813 Y88.826 E.02671
G1 X120.57 Y88.895 E.04005
G1 X119.982 Y89.482 E.02671
G1 X119.914 Y90.726 E.04005
G1 X119.326 Y91.313 E.02671
G1 X118.083 Y91.382 E.04005
G1 X117.495 Y91.969 E.02671
G1 X117.427 Y93.213 E.04005
G1 X116.839 Y93.8 E.02671
G1 X115.596 Y93.869 E.04005
G1 X115.008 Y94.456 E.02671
G1 X114.94 Y95.7 E.04005
G1 X114.352 Y96.287 E.02671
G1 X113.109 Y96.356 E.04005
G1 X112.521 Y96.943 E.02671
G1 X112.453 Y98.187 E.04005
G1 X111.865 Y98.774 E.02671
G1 X110.622 Y98.843 E.04005
G1 X110.034 Y99.43 E.02671
G1 X109.972 Y100.565 E.03656
G1 X107.688 Y100.565 E.07343
G1 X100.928 Y101.087 F18000
;TYPE:Internal solid infill
;WIDTH:0.383138
G1 F6000
G1 X100.929 Y118.94 E.4798
G1 X100.955 Y119.045 E.00289
G1 X101.087 Y119.072 E.00362
G1 X118.94 Y119.071 E.4798
G1 X119.045 Y119.045 E.00289
G1 X119.072 Y118.913 E.00362
G1 X119.072 Y101.087 E.47905
G1 X119.045 Y100.955 E.00362
G1 X118.913 Y100.928 E.00362
G1 X101.06 Y100.929 E.4798
G1 X100.955 Y100.955 E.00289
G1 X100.94 Y101.029 E.00201
G1 X100.565 Y116.157 F18000
;TYPE:Sparse infill
;WIDTH:0.45
G1 F6205.95
G1 X100.565 Y113.873 E.07343
G1 X100.086 Y114.352 E.02179
G1 X100.018 Y115.596 E.04005
G1 X99.43 Y116.183 E.02671
G1 X98.187 Y116.252 E.04005
G1 X97.599 Y116.839 E.02671
G1 X97.531 Y118.083 E.04005
G1 X96.943 Y118.67 E.02671
G1 X95.7 Y118.739 E.04005
G1 X95.112 Y119.326 E.02671
G1 X95.043 Y120.57 E.04005
G1 X94.456 Y121.157 E.02671
G1 X93.213 Y121.226 E.04005
G1 X92.625 Y121.813 E.02671
G1 X92.556 Y123.057 E.04005
G1 X91.969 Y123.644 E.02671
G1 X90.726 Y123.713 E.04005
G1 X90.138 Y124.3 E.02671
G1 X90.069 Y125.544 E.04005
G1 X89.482 Y126.131 E.02671
G1 X88.239 Y126.2 E.04005
G1 X87.651 Y126.787 E.02671
G1 X87.582 Y128.031 E.04005
G1 X87.355 Y128.258 E.01034
G3 X87.871 Y129.054 I-3.363 J2.747 E.03057
G1 X88.239 Y128.687 E.0167
G1 X89.482 Y128.618 E.04005
G1 X90.069 Y128.031 E.02671
G1 X90.138 Y126.787 E.04005
G1 X90.726 Y126.2 E.02671
G1 X91.969 Y126.131 E.04005
G1 X92.556 Y125.544 E.02671
G1 X92.625 Y124.3 E.04005
G1 X93.213 Y123.713 E.02671
G1 X94.456 Y123.644 E.04005
G1 X95.043 Y123.057 E.02671
G1 X95.112 Y121.813 E.04005
G1 X95.7 Y121.226 E.02671
G1 X96.943 Y121.157 E.04005
G1 X97.531 Y120.57 E.02671
G1 X97.599 Y119.326 E.04005
G1 X98.187 Y118.739 E.02671
G1 X99.43 Y118.67 E.04005
G1 X100.018 Y118.083 E.02671
G1 X100.086 Y116.839 E.04005
G1 X100.565 Y116.36 E.02179
G1 X100.565 Y118.847 E.07997
G1 X100.086 Y119.326 E.02179
G1 X100.018 Y120.57 E.04005
G1 X99.43 Y121.157 E.02671
G1 X98.187 Y121.226 E.04005
G1 X97.599 Y121.813 E.02671
G1 X97.531 Y123.057 E.04005
G1 X96.943 Y123.644 E.02671
G1 X95.7 Y123.713 E.04005
G1 X95.112 Y124.3 E.02671
G1 X95.043 Y125.544 E.04005
G1 X94.456 Y126.131 E.02671
G1 X93.213 Y126.2 E.04005
G1 X92.625 Y126.787 E.02671
G1 X92.556 Y128.031 E.04005
G1 X91.969 Y128.618 E.02671
G1 X90.726 Y128.687 E.04005
G1 X90.138 Y129.274 E.02671
G1 X90.069 Y130.518 E.04005
G1 X89.482 Y131.105 E.02671
G1 X88.33 Y131.169 E.03711
G3 X87.7 Y133.258 I-4.206 J-.129 E.07096
G3 X85.152 Y135.177 I-3.661 J-2.209 E.10512
G1 X85.095 Y135.492 E.01029
G1 X84.508 Y136.079 E.02671
G1 X83.265 Y136.148 E.04005
G1 X82.677 Y136.735 E.02671
G1 X82.608 Y137.979 E.04005
G1 X82.021 Y138.566 E.02671
G1 X80.778 Y138.635 E.04005
G1 X80.19 Y139.222 E.02671
G1 X80.121 Y140.466 E.04005
G1 X79.534 Y141.053 E.02671
G1 X78.291 Y141.122 E.04005
G1 X77.735 Y141.678 E.02529
G1 X77.735 Y139.191 E.07997
G1 X78.291 Y138.635 E.02529
G1 X79.534 Y138.566 E.04005
G1 X80.121 Y137.979 E.02671
G1 X80.19 Y136.735 E.04005
G1 X80.778 Y136.148 E.02671
G1 X82.021 Y136.079 E.04005
G1 X82.608 Y135.492 E.02671
G1 X82.629 Y135.115 E.01214
G2 X84.913 Y135.241 I1.381 J-4.274 E.07435
G1 X84.916 Y135.24 E.0001
G1 X87.505 Y130.695 F18000
;TYPE:Internal solid infill
;WIDTH:0.505305
G1 F5463.665
G1 X87.365 Y129.973 E.02688
G1 X87.078 Y129.296 E.02685
G1 X86.656 Y128.693 E.02686
G1 X86.119 Y128.191 E.02685
G2 X84.063 Y127.482 I-2.157 J2.915 E.08067
G1 X83.341 Y127.55 E.0265
G1 X82.628 Y127.762 E.02717
G1 X81.983 Y128.116 E.02687
G1 X81.428 Y128.599 E.02686
G1 X80.988 Y129.178 E.02659
G1 X80.676 Y129.854 E.02717
G1 X80.507 Y130.569 E.02685
G1 X80.495 Y131.305 E.02687
G1 X80.635 Y132.026 E.02685
G1 X80.922 Y132.704 E.02688
G1 X81.344 Y133.307 E.02686
G1 X81.881 Y133.809 E.02685
G1 X82.332 Y134.093 E.01947
G1 X82.916 Y134.344 E.0232
G1 X83.637 Y134.496 E.02694
G1 X84.377 Y134.495 E.02701
G2 X85.431 Y134.219 I-.457 J-3.905 E.03994
G1 X86.017 Y133.883 E.02467
G1 X86.572 Y133.401 E.02683
G1 X87.012 Y132.822 E.02659
G1 X87.324 Y132.146 E.02717
G1 X87.493 Y131.431 E.02685
G1 X87.504 Y130.755 E.02468
G1 X86.318 Y128.939 F18000
;WIDTH:0.419999
G1 F6000
G1 X86.696 Y129.466 E.01932
G1 X86.956 Y130.06 E.01933
G1 X87.087 Y130.695 E.01931
G1 X87.083 Y131.344 E.01932
G1 X86.944 Y131.977 E.01931
G1 X86.676 Y132.568 E.01933
G1 X86.292 Y133.09 E.01932
G1 X85.807 Y133.521 E.01931
G1 X85.244 Y133.842 E.01932
G1 X84.626 Y134.038 E.01932
G1 X83.98 Y134.102 E.01931
G1 X83.336 Y134.03 E.01931
G1 X82.72 Y133.826 E.01933
G1 X82.161 Y133.498 E.01931
G1 X81.682 Y133.061 E.01931
G1 X81.304 Y132.534 E.01932
G1 X81.044 Y131.94 E.01933
G1 X80.913 Y131.305 E.01931
G1 X80.917 Y130.656 E.01932
G1 X81.056 Y130.023 E.01931
G1 X81.324 Y129.432 E.01933
G1 X81.708 Y128.91 E.01931
G1 X82.193 Y128.479 E.01932
G1 X82.756 Y128.158 E.01932
G1 X83.383 Y127.959 E.01959
G1 X84.02 Y127.898 E.01905
G1 X84.664 Y127.97 E.01931
G1 X85.28 Y128.174 E.01933
G1 X85.839 Y128.502 E.01931
G1 X86.274 Y128.898 E.01752
G1 X86.994 Y128.447 F18000
G1 F6000
G1 X86.398 Y127.88 E.0245
G1 X85.89 Y127.543 E.01818
G1 X85.292 Y127.275 E.01951
G1 X84.782 Y127.137 E.01574
G1 X83.967 Y127.056 E.02439
G1 X83.554 Y127.083 E.01234
G1 X82.774 Y127.25 E.02376
G2 X81.678 Y127.811 I1.53 J4.342 E.03678
G1 X81.064 Y128.365 E.02463
G1 X80.616 Y128.981 E.02269
G2 X80.076 Y130.592 I3.959 J2.224 E.0509
G1 X80.077 Y131.418 E.02461
G1 X80.25 Y132.224 E.02457
G1 X80.586 Y132.977 E.02457
G1 X81.072 Y133.644 E.02456
G1 X81.687 Y134.196 E.02465
G1 X82.163 Y134.484 E.01654
G1 X82.785 Y134.753 E.0202
G1 X83.593 Y134.924 E.02459
G1 X84.419 Y134.923 E.02461
G1 X85.078 Y134.788 E.02003
G1 X85.608 Y134.603 E.01671
G1 X86.323 Y134.189 E.02463
G1 X86.936 Y133.635 E.02459
G1 X87.384 Y133.019 E.02269
G2 X87.924 Y131.408 I-3.959 J-2.224 E.0509
G1 X87.923 Y130.627 E.02329
G1 X87.774 Y129.886 E.0225
G1 X87.46 Y129.125 E.02452
G1 X87.028 Y128.496 E.02272
G1 X87.227 Y128.1 F18000
;TYPE:Sparse infill
;WIDTH:0.45
G1 F6205.95
G2 X85.19 Y126.833 I-3.22 J2.906 E.07816
G1 X85.164 Y126.787 E.00168
G1 X85.752 Y126.2 E.02671
G1 X86.995 Y126.131 E.04005
G1 X87.582 Y125.544 E.02671
G1 X87.651 Y124.3 E.04005
G1 X88.239 Y123.713 E.02671
G1 X89.482 Y123.644 E.04005
G1 X90.069 Y123.057 E.02671
G1 X90.138 Y121.813 E.04005
G1 X90.726 Y121.226 E.02671
G1 X91.969 Y121.157 E.04005
G1 X92.556 Y120.57 E.02671
G1 X92.625 Y119.326 E.04005
G1 X93.213 Y118.739 E.02671
G1 X94.456 Y118.67 E.04005
G1 X95.043 Y118.083 E.02671
G1 X95.112 Y116.839 E.04005
G1 X95.7 Y116.252 E.02671
G1 X96.943 Y116.183 E.04005
G1 X97.531 Y115.596 E.02671
G1 X97.599 Y114.352 E.04005
G1 X98.187 Y113.765 E.02671
G1 X99.43 Y113.696 E.04005
G1 X100.018 Y113.109 E.02671
G1 X100.086 Y111.865 E.04005
G1 X100.565 Y111.386 E.02179
G1 X100.565 Y108.899 E.07997
G1 X100.086 Y109.378 E.02179
G1 X100.018 Y110.622 E.04005
G1 X99.43 Y111.209 E.02671
G1 X98.187 Y111.278 E.04005
G1 X97.599 Y111.865 E.02671
G1 X97.531 Y113.109 E.04005
G1 X96.943 Y113.696 E.02671
G1 X95.7 Y113.765 E.04005
G1 X95.112 Y114.352 E.02671
G1 X95.043 Y115.596 E.04005
G1 X94.456 Y116.183 E.02671
G1 X93.213 Y116.252 E.04005
G1 X92.625 Y116.839 E.02671
G1 X92.556 Y118.083 E.04005
G1 X91.969 Y118.67 E.02671
G1 X90.726 Y118.739 E.04005
G1 X90.138 Y119.326 E.02671
G1 X90.069 Y120.57 E.04005
G1 X89.482 Y121.157 E.02671
G1 X88.239 Y121.226 E.04005
G1 X87.651 Y121.813 E.02671
G1 X87.582 Y123.057 E.04005
G1 X86.995 Y123.644 E.02671
G1 X85.752 Y123.713 E.04005
G1 X85.164 Y124.3 E.02671
G1 X85.095 Y125.544 E.04005
G1 X84.508 Y126.131 E.02671
G1 X83.265 Y126.2 E.04005
G1 X82.677 Y126.787 E.02671
G1 X82.67 Y126.871 E.00269
G2 X80.3 Y128.742 I1.319 J4.106 E.0992
G2 X79.662 Y130.977 I3.679 J2.258 E.07565
G1 X79.534 Y131.105 E.00584
G1 X78.291 Y131.174 E.04005
G1 X77.735 Y131.73 E.02529
G1 X77.735 Y134.217 E.07997
G1 X78.291 Y133.661 E.02529
G1 X79.534 Y133.592 E.04005
G1 X80.121 Y133.005 E.02671
G1 X80.125 Y132.939 E.00213
G2 X80.668 Y133.77 I3.907 J-1.959 E.03201
G1 X80.19 Y134.248 E.02173
G1 X80.121 Y135.492 E.04005
G1 X79.534 Y136.079 E.02671
G1 X78.291 Y136.148 E.04005
G1 X77.735 Y136.704 E.02529
G1 X77.735 Y134.421 E.07343
G1 X77.735 Y126.96 F18000
G1 F6205.95
G1 X77.735 Y129.243 E.07343
G1 X78.291 Y128.687 E.02529
G1 X79.534 Y128.618 E.04005
G1 X80.121 Y128.031 E.02671
G1 X80.19 Y126.787 E.04005
G1 X80.778 Y126.2 E.02671
G1 X82.021 Y126.131 E.04005
G1 X82.608 Y125.544 E.02671
G1 X82.677 Y124.3 E.04005
G1 X83.265 Y123.713 E.02671
G1 X84.508 Y123.644 E.04005
G1 X85.095 Y123.057 E.02671
G1 X85.164 Y121.813 E.04005
G1 X85.752 Y121.226 E.02671
G1 X86.995 Y121.157 E.04005
G1 X87.582 Y120.57 E.02671
G1 X87.651 Y119.326 E.04005
G1 X88.239 Y118.739 E.02671
G1 X89.482 Y118.67 E.04005
G1 X90.069 Y118.083 E.02671
G1 X90.138 Y116.839 E.04005
G1 X90.726 Y116.252 E.02671
G1 X91.969 Y116.183 E.04005
G1 X92.556 Y115.596 E.02671
G1 X92.625 Y114.352 E.04005
G1 X93.213 Y113.765 E.02671
G1 X94.456 Y113.696 E.04005
G1 X95.043 Y113.109 E.02671
G1 X95.112 Y111.865 E.04005
G1 X95.7 Y111.278 E.02671
G1 X96.943 Y111.209 E.04005
G1 X97.531 Y110.622 E.02671
G1 X97.599 Y109.378 E.04005
G1 X98.187 Y108.791 E.02671
G1 X99.43 Y108.722 E.04005
G1 X100.018 Y108.135 E.02671
G1 X100.086 Y106.891 E.04005
G1 X100.565 Y106.412 E.02179
G1 X100.565 Y103.925 E.07997
G1 X100.086 Y104.404 E.02179
G1 X100.018 Y105.648 E.04005
G1 X99.43 Y106.235 E.02671
G1 X98.187 Y106.304 E.04005
G1 X97.599 Y106.891 E.02671
G1 X97.531 Y108.135 E.04005
G1 X96.943 Y108.722 E.02671
G1 X95.7 Y108.791 E.04005
G1 X95.112 Y109.378 E.02671
G1 X95.043 Y110.622 E.04005
G1 X94.456 Y111.209 E.02671
G1 X93.213 Y111.278 E.04005
G1 X92.625 Y111.865 E.02671
G1 X92.556 Y113.109 E.04005
G1 X91.969 Y113.696 E.02671
G1 X90.726 Y113.765 E.04005
G1 X90.138 Y114.352 E.02671
G1 X90.069 Y115.596 E.04005
G1 X89.482 Y116.183 E.02671
G1 X88.239 Y116.252 E.04005
G1 X87.651 Y116.839 E.02671
G1 X87.582 Y118.083 E.04005
G1 X86.995 Y118.67 E.02671
G1 X85.752 Y118.739 E.04005
G1 X85.164 Y119.326 E.02671
G1 X85.095 Y120.57 E.04005
G1 X84.508 Y121.157 E.02671
G1 X83.265 Y121.226 E.04005
G1 X82.677 Y121.813 E.02671
G1 X82.608 Y123.057 E.04005
G1 X82.021 Y123.644 E.02671
G1 X80.778 Y123.713 E.04005
G1 X80.19 Y124.3 E.02671
G1 X80.121 Y125.544 E.04005
G1 X79.534 Y126.131 E.02671
G1 X78.291 Y126.2 E.04005
G1 X77.735 Y126.756 E.02529
G1 X77.735 Y124.269 E.07997
G1 X78.291 Y123.713 E.02529
G1 X79.534 Y123.644 E.04005
G1 X80.121 Y123.057 E.02671
G1 X80.19 Y121.813 E.04005
G1 X80.778 Y121.226 E.02671
G1 X82.021 Y121.157 E.04005
G1 X82.608 Y120.57 E.02671
G1 X82.677 Y119.326 E.04005
G1 X83.265 Y118.739 E.02671
G1 X84.508 Y118.67 E.04005
G1 X85.095 Y118.083 E.02671
G1 X85.164 Y116.839 E.04005
G1 X85.752 Y116.252 E.02671
G1 X86.995 Y116.183 E.04005
G1 X87.582 Y115.596 E.02671
G1 X87.651 Y114.352 E.04005
G1 X88.239 Y113.765 E.02671
G1 X89.482 Y113.696 E.04005
G1 X90.069 Y113.109 E.02671
G1 X90.138 Y111.865 E.04005
G1 X90.726 Y111.278 E.02671
G1 X91.969 Y111.209 E.04005
G1 X92.556 Y110.622 E.02671
G1 X92.625 Y109.378 E.04005
G1 X93.213 Y108.791 E.02671
G1 X94.456 Y108.722 E.04005
G1 X95.043 Y108.135 E.02671
G1 X95.112 Y106.891 E.04005
G1 X95.7 Y106.304 E.02671
G1 X96.943 Y106.235 E.04005
G1 X97.531 Y105.648 E.02671
G1 X97.599 Y104.404 E.04005
G1 X98.187 Y103.817 E.02671
G1 X99.43 Y103.748 E.04005
G1 X100.018 Y103.161 E.02671
G1 X100.086 Y101.917 E.04005
G1 X100.565 Y101.438 E.02179
G1 X100.565 Y100.565 E.02806
G1 X102.511 Y100.565 E.06255
G1 X102.573 Y99.43 E.03656
G1 X103.161 Y98.843 E.02671
G1 X104.404 Y98.774 E.04005
G1 X104.992 Y98.187 E.02671
G1 X105.06 Y96.943 E.04005
G1 X105.648 Y96.356 E.02671
G1 X106.891 Y96.287 E.04005
G1 X107.479 Y95.7 E.02671
G1 X107.547 Y94.456 E.04005
G1 X108.135 Y93.869 E.02671
G1 X109.378 Y93.8 E.04005
G1 X109.966 Y93.213 E.02671
G1 X110.034 Y91.969 E.04005
G1 X110.622 Y91.382 E.02671
G1 X111.865 Y91.313 E.04005
G1 X112.453 Y90.726 E.02671
G1 X112.521 Y89.482 E.04005
G1 X113.109 Y88.895 E.02671
G1 X114.352 Y88.826 E.04005
G1 X114.94 Y88.239 E.02671
G1 X115.008 Y86.995 E.04005
G1 X115.596 Y86.408 E.02671
G1 X116.839 Y86.339 E.04005
G1 X117.427 Y85.752 E.02671
G1 X117.495 Y84.508 E.04005
G1 X118.083 Y83.921 E.02671
G1 X119.326 Y83.852 E.04005
G1 X119.914 Y83.265 E.02671
G1 X119.982 Y82.021 E.04005
G1 X120.57 Y81.434 E.02671
G1 X121.813 Y81.365 E.04005
G1 X122.401 Y80.778 E.02671
G1 X122.47 Y79.534 E.04005
G1 X123.057 Y78.947 E.02671
G1 X124.3 Y78.878 E.04005
G1 X124.888 Y78.291 E.02671
G1 X124.957 Y77.047 E.04005
G1 X125.269 Y76.735 E.01421
G1 X122.782 Y76.735 E.07997
G1 X122.47 Y77.047 E.01421
G1 X122.401 Y78.291 E.04005
G1 X121.813 Y78.878 E.02671
G1 X120.57 Y78.947 E.04005
G1 X119.982 Y79.534 E.02671
G1 X119.914 Y80.778 E.04005
G1 X119.326 Y81.365 E.02671
G1 X118.083 Y81.434 E.04005
G1 X117.495 Y82.021 E.02671
G1 X117.427 Y83.265 E.04005
G1 X116.839 Y83.852 E.02671
G1 X115.596 Y83.921 E.04005
G1 X115.008 Y84.508 E.02671
G1 X114.94 Y85.752 E.04005
G1 X114.352 Y86.339 E.02671
G1 X113.109 Y86.408 E.04005
G1 X112.521 Y86.995 E.02671
G1 X112.453 Y88.239 E.04005
G1 X111.865 Y88.826 E.02671
G1 X110.622 Y88.895 E.04005
G1 X110.034 Y89.482 E.02671
G1 X109.966 Y90.726 E.04005
G1 X109.378 Y91.313 E.02671
G1 X108.135 Y91.382 E.04005
G1 X107.547 Y91.969 E.02671
G1 X107.479 Y93.213 E.04005
G1 X106.891 Y93.8 E.02671
G1 X105.648 Y93.869 E.04005
G1 X105.06 Y94.456 E.02671
G1 X104.992 Y95.7 E.04005
G1 X104.404 Y96.287 E.02671
G1 X103.161 Y96.356 E.04005
G1 X102.573 Y96.943 E.02671
G1 X102.505 Y98.187 E.04005
G1 X101.917 Y98.774 E.02671
G1 X100.674 Y98.843 E.04005
G1 X100.086 Y99.43 E.02671
G1 X100.018 Y100.674 E.04005
G1 X99.43 Y101.261 E.02671
G1 X98.187 Y101.33 E.04005
G1 X97.599 Y101.917 E.02671
G1 X97.531 Y103.161 E.04005
G1 X96.943 Y103.748 E.02671
G1 X95.7 Y103.817 E.04005
G1 X95.112 Y104.404 E.02671
G1 X95.043 Y105.648 E.04005
G1 X94.456 Y106.235 E.02671
G1 X93.213 Y106.304 E.04005
G1 X92.625 Y106.891 E.02671
G1 X92.556 Y108.135 E.04005
G1 X91.969 Y108.722 E.02671
G1 X90.726 Y108.791 E.04005
G1 X90.138 Y109.378 E.02671
G1 X90.069 Y110.622 E.04005
G1 X89.482 Y111.209 E.02671
G1 X88.239 Y111.278 E.04005
G1 X87.651 Y111.865 E.02671
G1 X87.582 Y113.109 E.04005
G1 X86.995 Y113.696 E.02671
G1 X85.752 Y113.765 E.04005
G1 X85.164 Y114.352 E.02671
G1 X85.095 Y115.596 E.04005
G1 X84.508 Y116.183 E.02671
G1 X83.265 Y116.252 E.04005
G1 X82.677 Y116.839 E.02671
G1 X82.608 Y118.083 E.04005
G1 X82.021 Y118.67 E.02671
G1 X80.778 Y118.739 E.04005
G1 X80.19 Y119.326 E.02671
G1 X80.121 Y120.57 E.04005
G1 X79.534 Y121.157 E.02671
G1 X78.291 Y121.226 E.04005
G1 X77.735 Y121.782 E.02529
G1 X77.735 Y119.295 E.07997
G1 X78.291 Y118.739 E.02529
G1 X79.534 Y118.67 E.04005
G1 X80.121 Y118.083 E.02671
G1 X80.19 Y116.839 E.04005
G1 X80.778 Y116.252 E.02671
G1 X82.021 Y116.183 E.04005
G1 X82.608 Y115.596 E.02671
G1 X82.677 Y114.352 E.04005
G1 X83.265 Y113.765 E.02671
G1 X84.508 Y113.696 E.04005
G1 X85.095 Y113.109 E.02671
G1 X85.164 Y111.865 E.04005
G1 X85.752 Y111.278 E.02671
G1 X86.995 Y111.209 E.04005
G1 X87.582 Y110.622 E.02671
G1 X87.651 Y109.378 E.04005
G1 X88.239 Y108.791 E.02671
G1 X89.482 Y108.722 E.04005
G1 X90.069 Y108.135 E.02671
G1 X90.138 Y106.891 E.04005
G1 X90.726 Y106.304 E.02671
G1 X91.969 Y106.235 E.04005
G1 X92.556 Y105.648 E.02671
G1 X92.625 Y104.404 E.04005
G1 X93.213 Y103.817 E.02671
G1 X94.456 Y103.748 E.04005
G1 X95.043 Y103.161 E.02671
G1 X95.112 Y101.917 E.04005
G1 X95.7 Y101.33 E.02671
G1 X96.943 Y101.261 E.04005
G1 X97.531 Y100.674 E.02671
G1 X97.599 Y99.43 E.04005
G1 X98.187 Y98.843 E.02671
G1 X99.43 Y98.774 E.04005
G1 X100.018 Y98.187 E.02671
G1 X100.086 Y96.943 E.04005
G1 X100.674 Y96.356 E.02671
G1 X101.917 Y96.287 E.04005
G1 X102.505 Y95.7 E.02671
G1 X102.573 Y94.456 E.04005
G1 X103.161 Y93.869 E.02671
G1 X104.404 Y93.8 E.04005
G1 X104.992 Y93.213 E.02671
G1 X105.06 Y91.969 E.04005
G1 X105.648 Y91.382 E.02671
G1 X106.891 Y91.313 E.04005
G1 X107.479 Y90.726 E.02671
G1 X107.547 Y89.482 E.04005
G1 X108.135 Y88.895 E.02671
G1 X109.378 Y88.826 E.04005
G1 X109.966 Y88.239 E.02671
G1 X110.034 Y86.995 E.04005
G1 X110.622 Y86.408 E.02671
G1 X111.865 Y86.339 E.04005
G1 X112.453 Y85.752 E.02671
G1 X112.521 Y84.508 E.04005
G1 X113.109 Y83.921 E.02671
G1 X114.352 Y83.852 E.04005
G1 X114.94 Y83.265 E.02671
G1 X115.008 Y82.021 E.04005
G1 X115.596 Y81.434 E.02671
G1 X116.839 Y81.365 E.04005
G1 X117.427 Y80.778 E.02671
G1 X117.495 Y79.534 E.04005
G1 X118.083 Y78.947 E.02671
G1 X119.326 Y78.878 E.04005
G1 X119.914 Y78.291 E.02671
G1 X119.982 Y77.047 E.04005
G1 X120.295 Y76.735 E.01421
G1 X117.808 Y76.735 E.07997
G1 X117.495 Y77.047 E.01421
G1 X117.427 Y78.291 E.04005
G1 X116.839 Y78.878 E.02671
G1 X115.596 Y78.947 E.04005
G1 X115.008 Y79.534 E.02671
G1 X114.94 Y80.778 E.04005
G1 X114.352 Y81.365 E.02671
G1 X113.109 Y81.434 E.04005
G1 X112.521 Y82.021 E.02671
G1 X112.453 Y83.265 E.04005
G1 X111.865 Y83.852 E.02671
G1 X110.622 Y83.921 E.04005
G1 X110.034 Y84.508 E.02671
G1 X109.966 Y85.752 E.04005
G1 X109.378 Y86.339 E.02671
G1 X108.135 Y86.408 E.04005
G1 X107.547 Y86.995 E.02671
G1 X107.479 Y88.239 E.04005
G1 X106.891 Y88.826 E.02671
G1 X105.648 Y88.895 E.04005
G1 X105.06 Y89.482 E.02671
G1 X104.992 Y90.726 E.04005
G1 X104.404 Y91.313 E.02671
G1 X103.161 Y91.382 E.04005
G1 X102.573 Y91.969 E.02671
G1 X102.505 Y93.213 E.04005
G1 X101.917 Y93.8 E.02671
G1 X100.674 Y93.869 E.04005
G1 X100.086 Y94.456 E.02671
G1 X100.018 Y95.7 E.04005
G1 X99.43 Y96.287 E.02671
G1 X98.187 Y96.356 E.04005
G1 X97.599 Y96.943 E.02671
G1 X97.531 Y98.187 E.04005
G1 X96.943 Y98.774 E.02671
G1 X95.7 Y98.843 E.04005
G1 X95.112 Y99.43 E.02671
G1 X95.043 Y100.674 E.04005
G1 X94.456 Y101.261 E.02671
G1 X93.213 Y101.33 E.04005
G1 X92.625 Y101.917 E.02671
G1 X92.556 Y103.161 E.04005
G1 X91.969 Y103.748 E.02671
G1 X90.726 Y103.817 E.04005
G1 X90.138 Y104.404 E.02671
G1 X90.069 Y105.648 E.04005
G1 X89.482 Y106.235 E.02671
G1 X88.239 Y106.304 E.04005
G1 X87.651 Y106.891 E.02671
G1 X87.582 Y108.135 E.04005
G1 X86.995 Y108.722 E.02671
G1 X85.752 Y108.791 E.04005
G1 X85.164 Y109.378 E.02671
G1 X85.095 Y110.622 E.04005
G1 X84.508 Y111.209 E.02671
G1 X83.265 Y111.278 E.04005
G1 X82.677 Y111.865 E.02671
G1 X82.608 Y113.109 E.04005
G1 X82.021 Y113.696 E.02671
G1 X80.778 Y113.765 E.04005
G1 X80.19 Y114.352 E.02671
G1 X80.121 Y115.596 E.04005
G1 X79.534 Y116.183 E.02671
G1 X78.291 Y116.252 E.04005
G1 X77.735 Y116.808 E.02529
G1 X77.735 Y114.321 E.07997
G1 X78.291 Y113.765 E.02529
G1 X79.534 Y113.696 E.04005
G1 X80.121 Y113.109 E.02671
G1 X80.19 Y111.865 E.04005
G1 X80.778 Y111.278 E.02671
G1 X82.021 Y111.209 E.04005
G1 X82.608 Y110.622 E.02671
G1 X82.677 Y109.378 E.04005
G1 X83.265 Y108.791 E.02671
G1 X84.508 Y108.722 E.04005
G1 X85.095 Y108.135 E.02671
G1 X85.164 Y106.891 E.04005
G1 X85.752 Y106.304 E.02671
G1 X86.995 Y106.235 E.04005
G1 X87.582 Y105.648 E.02671
G1 X87.651 Y104.404 E.04005
G1 X88.239 Y103.817 E.02671
G1 X89.482 Y103.748 E.04005
G1 X90.069 Y103.161 E.02671
G1 X90.138 Y101.917 E.04005
G1 X90.726 Y101.33 E.02671
G1 X91.969 Y101.261 E.04005
G1 X92.556 Y100.674 E.02671
G1 X92.625 Y99.43 E.04005
G1 X93.213 Y98.843 E.02671
G1 X94.456 Y98.774 E.04005
G1 X95.043 Y98.187 E.02671
G1 X95.112 Y96.943 E.04005
G1 X95.7 Y96.356 E.02671
G1 X96.943 Y96.287 E.04005
G1 X97.531 Y95.7 E.02671
G1 X97.599 Y94.456 E.04005
G1 X98.187 Y93.869 E.02671
G1 X99.43 Y93.8 E.04005
G1 X100.018 Y93.213 E.02671
G1 X100.086 Y91.969 E.04005
G1 X100.674 Y91.382 E.02671
G1 X101.917 Y91.313 E.04005
G1 X102.505 Y90.726 E.02671
G1 X102.573 Y89.482 E.04005
G1 X103.161 Y88.895 E.02671
G1 X104.404 Y88.826 E.04005
G1 X104.992 Y88.239 E.02671
G1 X105.06 Y86.995 E.04005
G1 X105.648 Y86.408 E.02671
G1 X106.891 Y86.339 E.04005
G1 X107.479 Y85.752 E.02671
G1 X107.547 Y84.508 E.04005
G1 X108.135 Y83.921 E.02671
G1 X109.378 Y83.852 E.04005
G1 X109.966 Y83.265 E.02671
G1 X110.034 Y82.021 E.04005
G1 X110.622 Y81.434 E.02671
G1 X111.865 Y81.365 E.04005
G1 X112.453 Y80.778 E.02671
G1 X112.521 Y79.534 E.04005
G1 X113.109 Y78.947 E.02671
G1 X114.352 Y78.878 E.04005
G1 X114.94 Y78.291 E.02671
G1 X115.008 Y77.047 E.04005
G1 X115.321 Y76.735 E.01421
G1 X112.834 Y76.735 E.07997
G1 X112.521 Y77.047 E.01421
G1 X112.453 Y78.291 E.04005
G1 X111.865 Y78.878 E.02671
G1 X110.622 Y78.947 E.04005
G1 X110.034 Y79.534 E.02671
G1 X109.966 Y80.778 E.04005
G1 X109.378 Y81.365 E.02671
G1 X108.135 Y81.434 E.04005
G1 X107.547 Y82.021 E.02671
G1 X107.479 Y83.265 E.04005
G1 X106.891 Y83.852 E.02671
G1 X105.648 Y83.921 E.04005
G1 X105.06 Y84.508 E.02671
G1 X104.992 Y85.752 E.04005
G1 X104.404 Y86.339 E.02671
G1 X103.161 Y86.408 E.04005
G1 X102.573 Y86.995 E.02671
G1 X102.505 Y88.239 E.04005
G1 X101.917 Y88.826 E.02671
G1 X100.674 Y88.895 E.04005
G1 X100.086 Y89.482 E.02671
G1 X100.018 Y90.726 E.04005
G1 X99.43 Y91.313 E.02671
G1 X98.187 Y91.382 E.04005
G1 X97.599 Y91.969 E.02671
G1 X97.531 Y93.213 E.04005
G1 X96.943 Y93.8 E.02671
G1 X95.7 Y93.869 E.04005
G1 X95.112 Y94.456 E.02671
G1 X95.043 Y95.7 E.04005
G1 X94.456 Y96.287 E.02671
G1 X93.213 Y96.356 E.04005
G1 X92.625 Y96.943 E.02671
G1 X92.556 Y98.187 E.04005
G1 X91.969 Y98.774 E.02671
G1 X90.726 Y98.843 E.04005
G1 X90.138 Y99.43 E.02671
G1 X90.069 Y100.674 E.04005
G1 X89.482 Y101.261 E.02671
G1 X88.239 Y101.33 E.04005
G1 X87.651 Y101.917 E.02671
G1 X87.582 Y103.161 E.04005
G1 X86.995 Y103.748 E.02671
G1 X85.752 Y103.817 E.04005
G1 X85.164 Y104.404 E.02671
G1 X85.095 Y105.648 E.04005
G1 X84.508 Y106.235 E.02671
G1 X83.265 Y106.304 E.04005
G1 X82.677 Y106.891 E.02671
G1 X82.608 Y108.135 E.04005
G1 X82.021 Y108.722 E.02671
G1 X80.778 Y108.791 E.04005
G1 X80.19 Y109.378 E.02671
G1 X80.121 Y110.622 E.04005
G1 X79.534 Y111.209 E.02671
G1 X78.291 Y111.278 E.04005
G1 X77.735 Y111.834 E.02529
G1 X77.735 Y109.347 E.07997
G1 X78.291 Y108.791 E.02529
G1 X79.534 Y108.722 E.04005
G1 X80.121 Y108.135 E.02671
G1 X80.19 Y106.891 E.04005
G1 X80.778 Y106.304 E.02671
G1 X82.021 Y106.235 E.04005
G1 X82.608 Y105.648 E.02671
G1 X82.677 Y104.404 E.04005
G1 X83.265 Y103.817 E.02671
G1 X84.508 Y103.748 E.04005
G1 X85.095 Y103.161 E.02671
G1 X85.164 Y101.917 E.04005
G1 X85.752 Y101.33 E.02671
G1 X86.995 Y101.261 E.04005
G1 X87.582 Y100.674 E.02671
G1 X87.651 Y99.43 E.04005
G1 X88.239 Y98.843 E.02671
G1 X89.482 Y98.774 E.04005
G1 X90.069 Y98.187 E.02671
G1 X90.138 Y96.943 E.04005
G1 X90.726 Y96.356 E.02671
G1 X91.969 Y96.287 E.04005
G1 X92.556 Y95.7 E.02671
G1 X92.625 Y94.456 E.04005
G1 X93.213 Y93.869 E.02671
G1 X94.456 Y93.8 E.04005
G1 X95.043 Y93.213 E.02671
G1 X95.112 Y91.969 E.04005
G1 X95.7 Y91.382 E.02671
G1 X96.943 Y91.313 E.04005
G1 X97.531 Y90.726 E.02671
G1 X97.599 Y89.482 E.04005
G1 X98.187 Y88.895 E.02671
G1 X99.43 Y88.826 E.04005
G1 X100.018 Y88.239 E.02671
G1 X100.086 Y86.995 E.04005
G1 X100.674 Y86.408 E.02671
G1 X101.917 Y86.339 E.04005
G1 X102.505 Y85.752 E.02671
G1 X102.573 Y84.508 E.04005
G1 X103.161 Y83.921 E.02671
G1 X104.404 Y83.852 E.04005
G1 X104.992 Y83.265 E.02671
G1 X105.06 Y82.021 E.04005
G1 X105.648 Y81.434 E.02671
G1 X106.891 Y81.365 E.04005
G1 X107.479 Y80.778 E.02671
G1 X107.547 Y79.534 E.04005
G1 X108.135 Y78.947 E.02671
G1 X109.378 Y78.878 E.04005
G1 X109.966 Y78.291 E.02671
G1 X110.034 Y77.047 E.04005
G1 X110.347 Y76.735 E.01421
G1 X107.86 Y76.735 E.07997
G1 X107.547 Y77.047 E.01421
G1 X107.479 Y78.291 E.04005
G1 X106.891 Y78.878 E.02671
G1 X105.648 Y78.947 E.04005
G1 X105.06 Y79.534 E.02671
G1 X104.992 Y80.778 E.04005
G1 X104.404 Y81.365 E.02671
G1 X103.161 Y81.434 E.04005
G1 X102.573 Y82.021 E.02671
G1 X102.505 Y83.265 E.04005
G1 X101.917 Y83.852 E.02671
G1 X100.674 Y83.921 E.04005
G1 X100.086 Y84.508 E.02671
G1 X100.018 Y85.752 E.04005
G1 X99.43 Y86.339 E.02671
G1 X98.187 Y86.408 E.04005
G1 X97.599 Y86.995 E.02671
G1 X97.531 Y88.239 E.04005
G1 X96.943 Y88.826 E.02671
G1 X95.7 Y88.895 E.04005
G1 X95.112 Y89.482 E.02671
G1 X95.043 Y90.726 E.04005
G1 X94.456 Y91.313 E.02671
G1 X93.213 Y91.382 E.04005
G1 X92.625 Y91.969 E.02671
G1 X92.556 Y93.213 E.04005
G1 X91.969 Y93.8 E.02671
G1 X90.726 Y93.869 E.04005
G1 X90.138 Y94.456 E.02671
G1 X90.069 Y95.7 E.04005
G1 X89.482 Y96.287 E.02671
G1 X88.239 Y96.356 E.04005
G1 X87.651 Y96.943 E.02671
G1 X87.582 Y98.187 E.04005
G1 X86.995 Y98.774 E.02671
G1 X85.752 Y98.843 E.04005
G1 X85.164 Y99.43 E.02671
G1 X85.095 Y100.674 E.04005
G1 X84.508 Y101.261 E.02671
G1 X83.265 Y101.33 E.04005
G1 X82.677 Y101.917 E.02671
G1 X82.608 Y103.161 E.04005
G1 X82.021 Y103.748 E.02671
G1 X80.778 Y103.817 E.04005
G1 X80.19 Y104.404 E.02671
G1 X80.121 Y105.648 E.04005
G1 X79.534 Y106.235 E.02671
G1 X78.291 Y106.304 E.04005
G1 X77.735 Y106.86 E.02529
G1 X77.735 Y104.373 E.07997
G1 X78.291 Y103.817 E.02529
G1 X79.534 Y103.748 E.04005
G1 X80.121 Y103.161 E.02671
G1 X80.19 Y101.917 E.04005
G1 X80.778 Y101.33 E.02671
G1 X82.021 Y101.261 E.04005
G1 X82.608 Y100.674 E.02671
G1 X82.677 Y99.43 E.04005
G1 X83.265 Y98.843 E.02671
G1 X84.508 Y98.774 E.04005
G1 X85.095 Y98.187 E.02671
G1 X85.164 Y96.943 E.04005
G1 X85.752 Y96.356 E.02671
G1 X86.995 Y96.287 E.04005
G1 X87.582 Y95.7 E.02671
G1 X87.651 Y94.456 E.04005
G1 X88.239 Y93.869 E.02671
G1 X89.482 Y93.8 E.04005
G1 X90.069 Y93.213 E.02671
G1 X90.138 Y91.969 E.04005
G1 X90.726 Y91.382 E.02671
G1 X91.969 Y91.313 E.04005
G1 X92.556 Y90.726 E.02671
G1 X92.625 Y89.482 E.04005
G1 X93.213 Y88.895 E.02671
G1 X94.456 Y88.826 E.04005
G1 X95.043 Y88.239 E.02671
G1 X95.112 Y86.995 E.04005
G1 X95.7 Y86.408 E.02671
G1 X96.943 Y86.339 E.04005
G1 X97.531 Y85.752 E.02671
G1 X97.599 Y84.508 E.04005
G1 X98.187 Y83.921 E.02671
G1 X99.43 Y83.852 E.04005
G1 X100.018 Y83.265 E.02671
G1 X100.086 Y82.021 E.04005
G1 X100.674 Y81.434 E.02671
G1 X101.917 Y81.365 E.04005
G1 X102.505 Y80.778 E.02671
G1 X102.573 Y79.534 E.04005
G1 X103.161 Y78.947 E.02671
G1 X104.404 Y78.878 E.04005
G1 X104.992 Y78.291 E.02671
G1 X105.06 Y77.047 E.04005
G1 X105.373 Y76.735 E.01421
G1 X102.886 Y76.735 E.07997
G1 X102.573 Y77.047 E.01421
G1 X102.505 Y78.291 E.04005
G1 X101.917 Y78.878 E.02671
G1 X100.674 Y78.947 E.04005
G1 X100.086 Y79.534 E.02671
G1 X100.018 Y80.778 E.04005
G1 X99.43 Y81.365 E.02671
G1 X98.187 Y81.434 E.04005
G1 X97.599 Y82.021 E.02671
G1 X97.531 Y83.265 E.04005
G1 X96.943 Y83.852 E.02671
G1 X95.7 Y83.921 E.04005
G1 X95.112 Y84.508 E.02671
G1 X95.043 Y85.752 E.04005
G1 X94.456 Y86.339 E.02671
G1 X93.213 Y86.408 E.04005
G1 X92.625 Y86.995 E.02671
G1 X92.556 Y88.239 E.04005
G1 X91.969 Y88.826 E.02671
G1 X90.726 Y88.895 E.04005
G1 X90.138 Y89.482 E.02671
G1 X90.069 Y90.726 E.04005
G1 X89.482 Y91.313 E.02671
G1 X88.239 Y91.382 E.04005
G1 X87.651 Y91.969 E.02671
G1 X87.582 Y93.213 E.04005
G1 X86.995 Y93.8 E.02671
G1 X85.752 Y93.869 E.04005
G1 X85.164 Y94.456 E.02671
G1 X85.095 Y95.7 E.04005
G1 X84.508 Y96.287 E.02671
G1 X83.265 Y96.356 E.04005
G1 X82.677 Y96.943 E.02671
G1 X82.608 Y98.187 E.04005
G1 X82.021 Y98.774 E.02671
G1 X80.778 Y98.843 E.04005
G1 X80.19 Y99.43 E.02671
G1 X80.121 Y100.674 E.04005
G1 X79.534 Y101.261 E.02671
G1 X78.291 Y101.33 E.04005
G1 X77.735 Y101.886 E.02529
G1 X77.735 Y99.399 E.07997
G1 X78.291 Y98.843 E.02529
G1 X79.534 Y98.774 E.04005
G1 X80.121 Y98.187 E.02671
G1 X80.19 Y96.943 E.04005
G1 X80.778 Y96.356 E.02671
G1 X82.021 Y96.287 E.04005
G1 X82.608 Y95.7 E.02671
G1 X82.677 Y94.456 E.04005
G1 X83.265 Y93.869 E.02671
G1 X84.508 Y93.8 E.04005
G1 X85.097 Y93.192 E.02721
G3 X82.649 Y93.123 I-1.104 J-4.279 E.07977
G1 X82.021 Y93.8 E.02971
G1 X80.778 Y93.869 E.04005
G1 X80.19 Y94.456 E.02671
G1 X80.121 Y95.7 E.04005
G1 X79.534 Y96.287 E.02671
G1 X78.291 Y96.356 E.04005
G1 X77.735 Y96.912 E.02529
G1 X77.735 Y94.425 E.07997
G1 X78.291 Y93.869 E.02529
G1 X79.534 Y93.8 E.04005
G1 X80.121 Y93.213 E.02671
G1 X80.19 Y91.969 E.04005
G1 X80.543 Y91.616 E.01605
G3 X80.052 Y90.795 I3.993 J-2.947 E.03082
G1 X79.534 Y91.313 E.02355
G1 X78.291 Y91.382 E.04005
G1 X77.735 Y91.938 E.02529
G1 X77.735 Y89.451 E.07997
G1 X78.291 Y88.895 E.02529
G1 X79.534 Y88.826 E.04005
G1 X79.678 Y88.682 E.00654
G3 X80.3 Y86.742 I4.244 J.291 E.06615
G3 X82.467 Y84.947 I3.715 J2.28 E.09213
G1 X77.735 Y84.68 F18000
G1 F6205.95
G1 X77.735 Y86.964 E.07343
G1 X78.291 Y86.408 E.02529
G1 X79.534 Y86.339 E.04005
G1 X80.121 Y85.752 E.02671
G1 X80.19 Y84.508 E.04005
G1 X80.778 Y83.921 E.02671
G1 X82.021 Y83.852 E.04005
G1 X82.608 Y83.265 E.02671
G1 X82.677 Y82.021 E.04005
G1 X83.265 Y81.434 E.02671
G1 X84.508 Y81.365 E.04005
G1 X85.095 Y80.778 E.02671
G1 X85.164 Y79.534 E.04005
G1 X85.752 Y78.947 E.02671
G1 X86.995 Y78.878 E.04005
G1 X87.582 Y78.291 E.02671
G1 X87.651 Y77.047 E.04005
G1 X87.964 Y76.735 E.01421
G1 X90.451 Y76.735 E.07997
G1 X90.138 Y77.047 E.01421
G1 X90.069 Y78.291 E.04005
G1 X89.482 Y78.878 E.02671
G1 X88.239 Y78.947 E.04005
G1 X87.651 Y79.534 E.02671
G1 X87.582 Y80.778 E.04005
G1 X86.995 Y81.365 E.02671
G1 X85.752 Y81.434 E.04005
G1 X85.164 Y82.021 E.02671
G1 X85.095 Y83.265 E.04005
G1 X84.508 Y83.852 E.02671
G1 X83.265 Y83.921 E.04005
G1 X82.677 Y84.508 E.02671
G1 X82.657 Y84.875 E.01181
G3 X85.147 Y84.822 I1.333 J4.073 E.08126
G1 X85.164 Y84.508 E.0101
G1 X85.752 Y83.921 E.02671
G1 X86.995 Y83.852 E.04005
G1 X87.582 Y83.265 E.02671
G1 X87.651 Y82.021 E.04005
G1 X88.239 Y81.434 E.02671
G1 X89.482 Y81.365 E.04005
G1 X90.069 Y80.778 E.02671
G1 X90.138 Y79.534 E.04005
G1 X90.726 Y78.947 E.02671
G1 X91.969 Y78.878 E.04005
G1 X92.556 Y78.291 E.02671
G1 X92.625 Y77.047 E.04005
G1 X92.938 Y76.735 E.01421
G1 X95.425 Y76.735 E.07997
G1 X95.112 Y77.047 E.01421
G1 X95.043 Y78.291 E.04005
G1 X94.456 Y78.878 E.02671
G1 X93.213 Y78.947 E.04005
G1 X92.625 Y79.534 E.02671
G1 X92.556 Y80.778 E.04005
G1 X91.969 Y81.365 E.02671
G1 X90.726 Y81.434 E.04005
G1 X90.138 Y82.021 E.02671
G1 X90.069 Y83.265 E.04005
G1 X89.482 Y83.852 E.02671
G1 X88.239 Y83.921 E.04005
G1 X87.651 Y84.508 E.02671
G1 X87.582 Y85.752 E.04005
G1 X87.23 Y86.104 E.01602
G3 X87.762 Y86.84 I-3.243 J2.906 E.02927
G1 X88.239 Y86.408 E.02068
G1 X89.482 Y86.339 E.04005
G1 X90.069 Y85.752 E.02671
G1 X90.138 Y84.508 E.04005
G1 X90.726 Y83.921 E.02671
G1 X91.969 Y83.852 E.04005
G1 X92.556 Y83.265 E.02671
G1 X92.625 Y82.021 E.04005
G1 X93.213 Y81.434 E.02671
G1 X94.456 Y81.365 E.04005
G1 X95.043 Y80.778 E.02671
G1 X95.112 Y79.534 E.04005
G1 X95.7 Y78.947 E.02671
G1 X96.943 Y78.878 E.04005
G1 X97.531 Y78.291 E.02671
G1 X97.599 Y77.047 E.04005
G1 X97.912 Y76.735 E.01421
G1 X100.399 Y76.735 E.07997
G1 X100.086 Y77.047 E.01421
G1 X100.018 Y78.291 E.04005
G1 X99.43 Y78.878 E.02671
G1 X98.187 Y78.947 E.04005
G1 X97.599 Y79.534 E.02671
G1 X97.531 Y80.778 E.04005
G1 X96.943 Y81.365 E.02671
G1 X95.7 Y81.434 E.04005
G1 X95.112 Y82.021 E.02671
G1 X95.043 Y83.265 E.04005
G1 X94.456 Y83.852 E.02671
G1 X93.213 Y83.921 E.04005
G1 X92.625 Y84.508 E.02671
G1 X92.556 Y85.752 E.04005
G1 X91.969 Y86.339 E.02671
G1 X90.726 Y86.408 E.04005
G1 X90.138 Y86.995 E.02671
G1 X90.069 Y88.239 E.04005
G1 X89.482 Y88.826 E.02671
G1 X88.333 Y88.89 E.03701
G3 X87.7 Y91.258 I-4.372 J.1 E.07989
G3 X85.33 Y93.129 I-3.745 J-2.306 E.09912
G1 X85.293 Y93.139 E.00123
G1 X87.505 Y88.695 F18000
;TYPE:Internal solid infill
;WIDTH:0.505306
G1 F5463.659
G1 X87.365 Y87.973 E.02688
G1 X87.078 Y87.296 E.02685
G1 X86.656 Y86.693 E.02686
G1 X86.119 Y86.191 E.02685
G2 X84.063 Y85.482 I-2.157 J2.915 E.08067
G1 X83.341 Y85.55 E.0265
G1 X82.628 Y85.762 E.02717
G1 X81.983 Y86.116 E.02687
G1 X81.428 Y86.599 E.02686
G1 X80.988 Y87.178 E.02659
G1 X80.676 Y87.854 E.02717
G1 X80.507 Y88.569 E.02685
G1 X80.495 Y89.305 E.02687
G1 X80.635 Y90.026 E.02685
G1 X80.922 Y90.704 E.02688
G1 X81.344 Y91.307 E.02686
G1 X81.881 Y91.809 E.02685
G1 X82.332 Y92.093 E.01947
G1 X82.916 Y92.344 E.0232
G1 X83.637 Y92.496 E.02694
G1 X84.377 Y92.495 E.02701
G2 X85.431 Y92.219 I-.457 J-3.905 E.03994
G1 X86.017 Y91.883 E.02467
G1 X86.572 Y91.401 E.02683
G1 X87.012 Y90.822 E.02659
G1 X87.324 Y90.146 E.02717
G1 X87.493 Y89.431 E.02685
G1 X87.504 Y88.755 E.02468
G1 X86.292 Y91.09 F18000
;WIDTH:0.419999
G1 F6000
G1 X85.807 Y91.521 E.01931
G1 X85.244 Y91.842 E.01932
G1 X84.626 Y92.038 E.01932
G1 X83.98 Y92.102 E.01931
G1 X83.336 Y92.03 E.01931
G1 X82.72 Y91.826 E.01933
G1 X82.161 Y91.498 E.01931
G1 X81.682 Y91.061 E.01931
G1 X81.304 Y90.534 E.01932
G1 X81.044 Y89.94 E.01933
G1 X80.913 Y89.305 E.01931
G1 X80.917 Y88.656 E.01932
G1 X81.056 Y88.023 E.01931
G1 X81.324 Y87.432 E.01933
G1 X81.708 Y86.91 E.01931
G1 X82.193 Y86.479 E.01932
G1 X82.756 Y86.158 E.01932
G1 X83.383 Y85.959 E.01959
G1 X84.02 Y85.898 E.01905
G1 X84.664 Y85.97 E.01931
G1 X85.28 Y86.174 E.01933
G1 X85.839 Y86.502 E.01931
G1 X86.318 Y86.939 E.01931
G1 X86.696 Y87.466 E.01932
G1 X86.956 Y88.06 E.01933
G1 X87.087 Y88.695 E.01931
G1 X87.083 Y89.344 E.01932
G1 X86.944 Y89.977 E.01931
G1 X86.676 Y90.568 E.01933
G1 X86.327 Y91.042 E.01753
G1 X86.936 Y91.635 F18000
G1 F6000
G1 X87.384 Y91.019 E.02269
G2 X87.924 Y89.408 I-3.959 J-2.224 E.0509
G1 X87.923 Y88.627 E.02329
G1 X87.774 Y87.886 E.0225
G1 X87.46 Y87.125 E.02452
G1 X86.994 Y86.447 E.0245
G1 X86.398 Y85.88 E.0245
G1 X85.89 Y85.543 E.01818
G1 X85.292 Y85.275 E.01951
G1 X84.782 Y85.137 E.01574
G1 X83.967 Y85.056 E.02439
G1 X83.554 Y85.083 E.01234
G1 X82.774 Y85.25 E.02376
G2 X81.678 Y85.811 I1.53 J4.342 E.03678
G1 X81.064 Y86.365 E.02463
G1 X80.616 Y86.981 E.02269
G2 X80.076 Y88.592 I3.959 J2.224 E.0509
G1 X80.077 Y89.418 E.02461
G1 X80.25 Y90.224 E.02457
G1 X80.586 Y90.977 E.02457
G1 X81.072 Y91.644 E.02456
G1 X81.687 Y92.196 E.02465
G1 X82.163 Y92.484 E.01654
G1 X82.785 Y92.753 E.0202
G1 X83.593 Y92.924 E.02459
G1 X84.419 Y92.923 E.02461
G1 X85.078 Y92.788 E.02003
G1 X85.608 Y92.603 E.01671
G1 X86.323 Y92.189 E.02463
G1 X86.891 Y91.676 E.0228
G1 X87.76 Y76.735 F18000
;TYPE:Sparse infill
;WIDTH:0.45
G1 F6205.95
G1 X85.477 Y76.735 E.07343
G1 X85.164 Y77.047 E.01421
G1 X85.095 Y78.291 E.04005
G1 X84.508 Y78.878 E.02671
G1 X83.265 Y78.947 E.04005
G1 X82.677 Y79.534 E.02671
G1 X82.608 Y80.778 E.04005
G1 X82.021 Y81.365 E.02671
G1 X80.778 Y81.434 E.04005
G1 X80.19 Y82.021 E.02671
G1 X80.121 Y83.265 E.04005
G1 X79.534 Y83.852 E.02671
G1 X78.291 Y83.921 E.04005
G1 X77.735 Y84.477 E.02529
G1 X77.735 Y81.99 E.07997
G1 X78.291 Y81.434 E.02529
G1 X79.534 Y81.365 E.04005
G1 X80.121 Y80.778 E.02671
G1 X80.19 Y79.534 E.04005
G1 X80.778 Y78.947 E.02671
G1 X82.021 Y78.878 E.04005
G1 X82.608 Y78.291 E.02671
G1 X82.677 Y77.047 E.04005
G1 X82.99 Y76.735 E.01421
G1 X80.503 Y76.735 E.07997
G1 X80.19 Y77.047 E.01421
G1 X80.121 Y78.291 E.04005
G1 X79.534 Y78.878 E.02671
G1 X78.291 Y78.947 E.04005
G1 X77.735 Y79.503 E.02529
G1 X77.735 Y78.045 E.04687
G3 X78.737 Y76.768 I1.297 J-.014 E.05642
G3 X80.299 Y76.735 I.944 J7.64 E.05034
G1 X100.565 Y119.051 F18000
G1 F6205.95
G1 X100.565 Y119.435 E.01234
G1 X102.567 Y119.435 E.06437
G1 X102.505 Y120.57 E.03656
G1 X101.917 Y121.157 E.02671
G1 X100.674 Y121.226 E.04005
G1 X100.086 Y121.813 E.02671
G1 X100.018 Y123.057 E.04005
G1 X99.43 Y123.644 E.02671
G1 X98.187 Y123.713 E.04005
G1 X97.599 Y124.3 E.02671
G1 X97.531 Y125.544 E.04005
G1 X96.943 Y126.131 E.02671
G1 X95.7 Y126.2 E.04005
G1 X95.112 Y126.787 E.02671
G1 X95.043 Y128.031 E.04005
G1 X94.456 Y128.618 E.02671
G1 X93.213 Y128.687 E.04005
G1 X92.625 Y129.274 E.02671
G1 X92.556 Y130.518 E.04005
G1 X91.969 Y131.105 E.02671
G1 X90.726 Y131.174 E.04005
G1 X90.138 Y131.761 E.02671
G1 X90.069 Y133.005 E.04005
G1 X89.482 Y133.592 E.02671
G1 X88.239 Y133.661 E.04005
G1 X87.651 Y134.248 E.02671
G1 X87.582 Y135.492 E.04005
G1 X86.995 Y136.079 E.02671
G1 X85.752 Y136.148 E.04005
G1 X85.164 Y136.735 E.02671
G1 X85.095 Y137.979 E.04005
G1 X84.508 Y138.566 E.02671
G1 X83.265 Y138.635 E.04005
G1 X82.677 Y139.222 E.02671
G1 X82.608 Y140.466 E.04005
G1 X82.021 Y141.053 E.02671
G1 X80.778 Y141.122 E.04005
G1 X80.19 Y141.709 E.02671
G1 X80.121 Y142.953 E.04005
G1 X79.809 Y143.265 E.01421
G1 X82.296 Y143.265 E.07997
G1 X82.608 Y142.953 E.01421
G1 X82.677 Y141.709 E.04005
G1 X83.265 Y141.122 E.02671
G1 X84.508 Y141.053 E.04005
G1 X85.095 Y140.466 E.02671
G1 X85.164 Y139.222 E.04005
G1 X85.752 Y138.635 E.02671
G1 X86.995 Y138.566 E.04005
G1 X87.582 Y137.979 E.02671
G1 X87.651 Y136.735 E.04005
G1 X88.239 Y136.148 E.02671
G1 X89.482 Y136.079 E.04005
G1 X90.069 Y135.492 E.02671
G1 X90.138 Y134.248 E.04005
G1 X90.726 Y133.661 E.02671
G1 X91.969 Y133.592 E.04005
G1 X92.556 Y133.005 E.02671
G1 X92.625 Y131.761 E.04005
G1 X93.213 Y131.174 E.02671
G1 X94.456 Y131.105 E.04005
G1 X95.043 Y130.518 E.02671
G1 X95.112 Y129.274 E.04005
G1 X95.7 Y128.687 E.02671
G1 X96.943 Y128.618 E.04005
G1 X97.531 Y128.031 E.02671
G1 X97.599 Y126.787 E.04005
G1 X98.187 Y126.2 E.02671
G1 X99.43 Y126.131 E.04005
G1 X100.018 Y125.544 E.02671
G1 X100.086 Y124.3 E.04005
G1 X100.674 Y123.713 E.02671
G1 X101.917 Y123.644 E.04005
G1 X102.505 Y123.057 E.02671
G1 X102.573 Y121.813 E.04005
G1 X103.161 Y121.226 E.02671
G1 X104.404 Y121.157 E.04005
G1 X104.992 Y120.57 E.02671
G1 X105.054 Y119.435 E.03656
G1 X107.541 Y119.435 E.07997
G1 X107.479 Y120.57 E.03656
G1 X106.891 Y121.157 E.02671
G1 X105.648 Y121.226 E.04005
G1 X105.06 Y121.813 E.02671
G1 X104.992 Y123.057 E.04005
G1 X104.404 Y123.644 E.02671
G1 X103.161 Y123.713 E.04005
G1 X102.573 Y124.3 E.02671
G1 X102.505 Y125.544 E.04005
G1 X101.917 Y126.131 E.02671
G1 X100.674 Y126.2 E.04005
G1 X100.086 Y126.787 E.02671
G1 X100.018 Y128.031 E.04005
G1 X99.43 Y128.618 E.02671
G1 X98.187 Y128.687 E.04005
G1 X97.599 Y129.274 E.02671
G1 X97.531 Y130.518 E.04005
G1 X96.943 Y131.105 E.02671
G1 X95.7 Y131.174 E.04005
G1 X95.112 Y131.761 E.02671
G1 X95.043 Y133.005 E.04005
G1 X94.456 Y133.592 E.02671
G1 X93.213 Y133.661 E.04005
G1 X92.625 Y134.248 E.02671
G1 X92.556 Y135.492 E.04005
G1 X91.969 Y136.079 E.02671
G1 X90.726 Y136.148 E.04005
G1 X90.138 Y136.735 E.02671
G1 X90.069 Y137.979 E.04005
G1 X89.482 Y138.566 E.02671
G1 X88.239 Y138.635 E.04005
G1 X87.651 Y139.222 E.02671
G1 X87.582 Y140.466 E.04005
G1 X86.995 Y141.053 E.02671
G1 X85.752 Y141.122 E.04005
G1 X85.164 Y141.709 E.02671
G1 X85.095 Y142.953 E.04005
G1 X84.783 Y143.265 E.01421
G1 X87.27 Y143.265 E.07997
G1 X87.582 Y142.953 E.01421
G1 X87.651 Y141.709 E.04005
G1 X88.239 Y141.122 E.02671
G1 X89.482 Y141.053 E.04005
G1 X90.069 Y140.466 E.02671
G1 X90.138 Y139.222 E.04005
G1 X90.726 Y138.635 E.02671
G1 X91.969 Y138.566 E.04005
G1 X92.556 Y137.979 E.02671
G1 X92.625 Y136.735 E.04005
G1 X93.213 Y136.148 E.02671
G1 X94.456 Y136.079 E.04005
G1 X95.043 Y135.492 E.02671
G1 X95.112 Y134.248 E.04005
G1 X95.7 Y133.661 E.02671
G1 X96.943 Y133.592 E.04005
G1 X97.531 Y133.005 E.02671
G1 X97.599 Y131.761 E.04005
G1 X98.187 Y131.174 E.02671
G1 X99.43 Y131.105 E.04005
G1 X100.018 Y130.518 E.02671
G1 X100.086 Y129.274 E.04005
G1 X100.674 Y128.687 E.02671
G1 X101.917 Y128.618 E.04005
G1 X102.505 Y128.031 E.02671
G1 X102.573 Y126.787 E.04005
G1 X103.161 Y126.2 E.02671
G1 X104.404 Y126.131 E.04005
G1 X104.992 Y125.544 E.02671
G1 X105.06 Y124.3 E.04005
G1 X105.648 Y123.713 E.02671
G1 X106.891 Y123.644 E.04005
G1 X107.479 Y123.057 E.02671
G1 X107.547 Y121.813 E.04005
G1 X108.135 Y121.226 E.02671
G1 X109.378 Y121.157 E.04005
G1 X109.966 Y120.57 E.02671
G1 X110.028 Y119.435 E.03656
G1 X112.515 Y119.435 E.07997
G1 X112.453 Y120.57 E.03656
G1 X111.865 Y121.157 E.02671
G1 X110.622 Y121.226 E.04005
G1 X110.034 Y121.813 E.02671
G1 X109.966 Y123.057 E.04005
G1 X109.378 Y123.644 E.02671
G1 X108.135 Y123.713 E.04005
G1 X107.547 Y124.3 E.02671
G1 X107.479 Y125.544 E.04005
G1 X106.891 Y126.131 E.02671
G1 X105.648 Y126.2 E.04005
G1 X105.06 Y126.787 E.02671
G1 X104.992 Y128.031 E.04005
G1 X104.404 Y128.618 E.02671
G1 X103.161 Y128.687 E.04005
G1 X102.573 Y129.274 E.02671
G1 X102.505 Y130.518 E.04005
G1 X101.917 Y131.105 E.02671
G1 X100.674 Y131.174 E.04005
G1 X100.086 Y131.761 E.02671
G1 X100.018 Y133.005 E.04005
G1 X99.43 Y133.592 E.02671
G1 X98.187 Y133.661 E.04005
G1 X97.599 Y134.248 E.02671
G1 X97.531 Y135.492 E.04005
G1 X96.943 Y136.079 E.02671
G1 X95.7 Y136.148 E.04005
G1 X95.112 Y136.735 E.02671
G1 X95.043 Y137.979 E.04005
G1 X94.456 Y138.566 E.02671
G1 X93.213 Y138.635 E.04005
G1 X92.625 Y139.222 E.02671
G1 X92.556 Y140.466 E.04005
G1 X91.969 Y141.053 E.02671
G1 X90.726 Y141.122 E.04005
G1 X90.138 Y141.709 E.02671
G1 X90.069 Y142.953 E.04005
G1 X89.757 Y143.265 E.01421
G1 X92.244 Y143.265 E.07997
G1 X92.556 Y142.953 E.01421
G1 X92.625 Y141.709 E.04005
G1 X93.213 Y141.122 E.02671
G1 X94.456 Y141.053 E.04005
G1 X95.043 Y140.466 E.02671
G1 X95.112 Y139.222 E.04005
G1 X95.7 Y138.635 E.02671
G1 X96.943 Y138.566 E.04005
G1 X97.531 Y137.979 E.02671
G1 X97.599 Y136.735 E.04005
G1 X98.187 Y136.148 E.02671
G1 X99.43 Y136.079 E.04005
G1 X100.018 Y135.492 E.02671
G1 X100.086 Y134.248 E.04005
G1 X100.674 Y133.661 E.02671
G1 X101.917 Y133.592 E.04005
G1 X102.505 Y133.005 E.02671
G1 X102.573 Y131.761 E.04005
G1 X103.161 Y131.174 E.02671
G1 X104.404 Y131.105 E.04005
G1 X104.992 Y130.518 E.02671
G1 X105.06 Y129.274 E.04005
G1 X105.648 Y128.687 E.02671
G1 X106.891 Y128.618 E.04005
G1 X107.479 Y128.031 E.02671
G1 X107.547 Y126.787 E.04005
G1 X108.135 Y126.2 E.02671
G1 X109.378 Y126.131 E.04005
G1 X109.966 Y125.544 E.02671
G1 X110.034 Y124.3 E.04005
G1 X110.622 Y123.713 E.02671
G1 X111.865 Y123.644 E.04005
G1 X112.453 Y123.057 E.02671
G1 X112.521 Y121.813 E.04005
G1 X113.109 Y121.226 E.02671
G1 X114.352 Y121.157 E.04005
G1 X114.94 Y120.57 E.02671
G1 X115.002 Y119.435 E.03656
G1 X117.489 Y119.435 E.07997
G1 X117.427 Y120.57 E.03656
G1 X116.839 Y121.157 E.02671
G1 X115.596 Y121.226 E.04005
G1 X115.008 Y121.813 E.02671
G1 X114.94 Y123.057 E.04005
G1 X114.352 Y123.644 E.02671
G1 X113.109 Y123.713 E.04005
G1 X112.521 Y124.3 E.02671
G1 X112.453 Y125.544 E.04005
G1 X111.865 Y126.131 E.02671
G1 X110.622 Y126.2 E.04005
G1 X110.034 Y126.787 E.02671
G1 X109.966 Y128.031 E.04005
G1 X109.378 Y128.618 E.02671
G1 X108.135 Y128.687 E.04005
G1 X107.547 Y129.274 E.02671
G1 X107.479 Y130.518 E.04005
G1 X106.891 Y131.105 E.02671
G1 X105.648 Y131.174 E.04005
G1 X105.06 Y131.761 E.02671
G1 X104.992 Y133.005 E.04005
G1 X104.404 Y133.592 E.02671
G1 X103.161 Y133.661 E.04005
G1 X102.573 Y134.248 E.02671
G1 X102.505 Y135.492 E.04005
G1 X101.917 Y136.079 E.02671
G1 X100.674 Y136.148 E.04005
G1 X100.086 Y136.735 E.02671
G1 X100.018 Y137.979 E.04005
G1 X99.43 Y138.566 E.02671
G1 X98.187 Y138.635 E.04005
G1 X97.599 Y139.222 E.02671
G1 X97.531 Y140.466 E.04005
G1 X96.943 Y141.053 E.02671
G1 X95.7 Y141.122 E.04005
G1 X95.112 Y141.709 E.02671
G1 X95.043 Y142.953 E.04005
G1 X94.731 Y143.265 E.01421
G1 X97.218 Y143.265 E.07997
G1 X97.531 Y142.953 E.01421
G1 X97.599 Y141.709 E.04005
G1 X98.187 Y141.122 E.02671
G1 X99.43 Y141.053 E.04005
G1 X100.018 Y140.466 E.02671
G1 X100.086 Y139.222 E.04005
G1 X100.674 Y138.635 E.02671
G1 X101.917 Y138.566 E.04005
G1 X102.505 Y137.979 E.02671
G1 X102.573 Y136.735 E.04005
G1 X103.161 Y136.148 E.02671
G1 X104.404 Y136.079 E.04005
G1 X104.992 Y135.492 E.02671
G1 X105.06 Y134.248 E.04005
G1 X105.648 Y133.661 E.02671
G1 X106.891 Y133.592 E.04005
G1 X107.479 Y133.005 E.02671
G1 X107.547 Y131.761 E.04005
G1 X108.135 Y131.174 E.02671
G1 X109.378 Y131.105 E.04005
G1 X109.966 Y130.518 E.02671
G1 X110.034 Y129.274 E.04005
G1 X110.622 Y128.687 E.02671
G1 X111.865 Y128.618 E.04005
G1 X112.453 Y128.031 E.02671
G1 X112.521 Y126.787 E.04005
G1 X113.109 Y126.2 E.02671
G1 X114.352 Y126.131 E.04005
G1 X114.94 Y125.544 E.02671
G1 X115.008 Y124.3 E.04005
G1 X115.596 Y123.713 E.02671
G1 X116.839 Y123.644 E.04005
G1 X117.427 Y123.057 E.02671
G1 X117.495 Y121.813 E.04005
G1 X118.083 Y121.226 E.02671
G1 X119.326 Y121.157 E.04005
G1 X119.914 Y120.57 E.02671
G1 X119.982 Y119.326 E.04005
G1 X120.57 Y118.739 E.02671
G1 X121.813 Y118.67 E.04005
G1 X122.401 Y118.083 E.02671
G1 X122.469 Y116.839 E.04005
G1 X123.057 Y116.252 E.02671
G1 X124.3 Y116.183 E.04005
G1 X124.888 Y115.596 E.02671
G1 X124.957 Y114.352 E.04005
G1 X125.544 Y113.765 E.02671
G1 X126.787 Y113.696 E.04005
G1 X127.375 Y113.109 E.02671
G1 X127.444 Y111.865 E.04005
G1 X128.031 Y111.278 E.02671
G1 X129.274 Y111.209 E.04005
G1 X129.862 Y110.622 E.02671
G1 X129.931 Y109.378 E.04005
G1 X130.518 Y108.791 E.02671
G1 X131.761 Y108.722 E.04005
G1 X132.349 Y108.135 E.02671
G1 X132.418 Y106.891 E.04005
G1 X133.005 Y106.304 E.02671
G1 X134.248 Y106.235 E.04005
G1 X134.836 Y105.648 E.02671
G1 X134.905 Y104.404 E.04005
G1 X135.492 Y103.817 E.02671
G1 X136.735 Y103.748 E.04005
G1 X137.323 Y103.161 E.02671
G1 X137.392 Y101.917 E.04005
G1 X137.979 Y101.33 E.02671
G1 X139.222 Y101.261 E.04005
G1 X139.81 Y100.674 E.02671
G1 X139.879 Y99.43 E.04005
G1 X140.466 Y98.843 E.02671
G1 X141.709 Y98.774 E.04005
G1 X142.265 Y98.218 E.02529
G1 X142.265 Y100.705 E.07997
G1 X141.709 Y101.261 E.02529
G1 X140.466 Y101.33 E.04005
G1 X139.879 Y101.917 E.02671
G1 X139.81 Y103.161 E.04005
G1 X139.222 Y103.748 E.02671
G1 X137.979 Y103.817 E.04005
G1 X137.392 Y104.404 E.02671
G1 X137.323 Y105.648 E.04005
G1 X136.735 Y106.235 E.02671
G1 X135.492 Y106.304 E.04005
G1 X134.905 Y106.891 E.02671
G1 X134.836 Y108.135 E.04005
G1 X134.248 Y108.722 E.02671
G1 X133.005 Y108.791 E.04005
G1 X132.418 Y109.378 E.02671
G1 X132.349 Y110.622 E.04005
G1 X131.761 Y111.209 E.02671
G1 X130.518 Y111.278 E.04005
G1 X129.931 Y111.865 E.02671
G1 X129.862 Y113.109 E.04005
G1 X129.274 Y113.696 E.02671
G1 X128.031 Y113.765 E.04005
G1 X127.444 Y114.352 E.02671
G1 X127.375 Y115.596 E.04005
G1 X126.787 Y116.183 E.02671
G1 X125.544 Y116.252 E.04005
G1 X124.957 Y116.839 E.02671
G1 X124.888 Y118.083 E.04005
G1 X124.3 Y118.67 E.02671
G1 X123.057 Y118.739 E.04005
G1 X122.469 Y119.326 E.02671
G1 X122.401 Y120.57 E.04005
G1 X121.813 Y121.157 E.02671
G1 X120.57 Y121.226 E.04005
G1 X119.982 Y121.813 E.02671
G1 X119.914 Y123.057 E.04005
G1 X119.326 Y123.644 E.02671
G1 X118.083 Y123.713 E.04005
G1 X117.495 Y124.3 E.02671
G1 X117.427 Y125.544 E.04005
G1 X116.839 Y126.131 E.02671
G1 X115.596 Y126.2 E.04005
G1 X115.008 Y126.787 E.02671
G1 X114.94 Y128.031 E.04005
G1 X114.352 Y128.618 E.02671
G1 X113.109 Y128.687 E.04005
G1 X112.521 Y129.274 E.02671
G1 X112.453 Y130.518 E.04005
G1 X111.865 Y131.105 E.02671
G1 X110.622 Y131.174 E.04005
G1 X110.034 Y131.761 E.02671
G1 X109.966 Y133.005 E.04005
G1 X109.378 Y133.592 E.02671
G1 X108.135 Y133.661 E.04005
G1 X107.547 Y134.248 E.02671
G1 X107.479 Y135.492 E.04005
G1 X106.891 Y136.079 E.02671
G1 X105.648 Y136.148 E.04005
G1 X105.06 Y136.735 E.02671
G1 X104.992 Y137.979 E.04005
G1 X104.404 Y138.566 E.02671
G1 X103.161 Y138.635 E.04005
G1 X102.573 Y139.222 E.02671
G1 X102.505 Y140.466 E.04005
G1 X101.917 Y141.053 E.02671
G1 X100.674 Y141.122 E.04005
G1 X100.086 Y141.709 E.02671
G1 X100.018 Y142.953 E.04005
G1 X99.705 Y143.265 E.01421
G1 X102.192 Y143.265 E.07997
G1 X102.505 Y142.953 E.01421
G1 X102.573 Y141.709 E.04005
G1 X103.161 Y141.122 E.02671
G1 X104.404 Y141.053 E.04005
G1 X104.992 Y140.466 E.02671
G1 X105.06 Y139.222 E.04005
G1 X105.648 Y138.635 E.02671
G1 X106.891 Y138.566 E.04005
G1 X107.479 Y137.979 E.02671
G1 X107.547 Y136.735 E.04005
G1 X108.135 Y136.148 E.02671
G1 X109.378 Y136.079 E.04005
G1 X109.966 Y135.492 E.02671
G1 X110.034 Y134.248 E.04005
G1 X110.622 Y133.661 E.02671
G1 X111.865 Y133.592 E.04005
G1 X112.453 Y133.005 E.02671
G1 X112.521 Y131.761 E.04005
G1 X113.109 Y131.174 E.02671
G1 X114.352 Y131.105 E.04005
G1 X114.94 Y130.518 E.02671
G1 X115.008 Y129.274 E.04005
G1 X115.596 Y128.687 E.02671
G1 X116.839 Y128.618 E.04005
G1 X117.427 Y128.031 E.02671
G1 X117.495 Y126.787 E.04005
G1 X118.083 Y126.2 E.02671
G1 X119.326 Y126.131 E.04005
G1 X119.914 Y125.544 E.02671
G1 X119.982 Y124.3 E.04005
G1 X120.57 Y123.713 E.02671
G1 X121.813 Y123.644 E.04005
G1 X122.401 Y123.057 E.02671
G1 X122.469 Y121.813 E.04005
G1 X123.057 Y121.226 E.02671
G1 X124.3 Y121.157 E.04005
G1 X124.888 Y120.57 E.02671
G1 X124.957 Y119.326 E.04005
G1 X125.544 Y118.739 E.02671
G1 X126.787 Y118.67 E.04005
G1 X127.375 Y118.083 E.02671
G1 X127.444 Y116.839 E.04005
G1 X128.031 Y116.252 E.02671
G1 X129.274 Y116.183 E.04005
G1 X129.862 Y115.596 E.02671
G1 X129.931 Y114.352 E.04005
G1 X130.518 Y113.765 E.02671
G1 X131.761 Y113.696 E.04005
G1 X132.349 Y113.109 E.02671
G1 X132.418 Y111.865 E.04005
G1 X133.005 Y111.278 E.02671
G1 X134.248 Y111.209 E.04005
G1 X134.836 Y110.622 E.02671
G1 X134.905 Y109.378 E.04005
G1 X135.492 Y108.791 E.02671
G1 X136.735 Y108.722 E.04005
G1 X137.323 Y108.135 E.02671
G1 X137.392 Y106.891 E.04005
G1 X137.979 Y106.304 E.02671
G1 X139.222 Y106.235 E.04005
G1 X139.81 Y105.648 E.02671
G1 X139.879 Y104.404 E.04005
G1 X140.466 Y103.817 E.02671
G1 X141.709 Y103.748 E.04005
G1 X142.265 Y103.192 E.02529
G1 X142.265 Y105.679 E.07997
G1 X141.709 Y106.235 E.02529
G1 X140.466 Y106.304 E.04005
G1 X139.879 Y106.891 E.02671
G1 X139.81 Y108.135 E.04005
G1 X139.222 Y108.722 E.02671
G1 X137.979 Y108.791 E.04005
G1 X137.392 Y109.378 E.02671
G1 X137.323 Y110.622 E.04005
G1 X136.735 Y111.209 E.02671
G1 X135.492 Y111.278 E.04005
G1 X134.905 Y111.865 E.02671
G1 X134.836 Y113.109 E.04005
G1 X134.248 Y113.696 E.02671
G1 X133.005 Y113.765 E.04005
G1 X132.418 Y114.352 E.02671
G1 X132.349 Y115.596 E.04005
G1 X131.761 Y116.183 E.02671
G1 X130.518 Y116.252 E.04005
G1 X129.931 Y116.839 E.02671
G1 X129.862 Y118.083 E.04005
G1 X129.274 Y118.67 E.02671
G1 X128.031 Y118.739 E.04005
G1 X127.444 Y119.326 E.02671
G1 X127.375 Y120.57 E.04005
G1 X126.787 Y121.157 E.02671
G1 X125.544 Y121.226 E.04005
G1 X124.957 Y121.813 E.02671
G1 X124.888 Y123.057 E.04005
G1 X124.3 Y123.644 E.02671
G1 X123.057 Y123.713 E.04005
G1 X122.469 Y124.3 E.02671
G1 X122.401 Y125.544 E.04005
G1 X121.813 Y126.131 E.02671
G1 X120.57 Y126.2 E.04005
G1 X119.982 Y126.787 E.02671
G1 X119.914 Y128.031 E.04005
G1 X119.326 Y128.618 E.02671
G1 X118.083 Y128.687 E.04005
G1 X117.495 Y129.274 E.02671
G1 X117.427 Y130.518 E.04005
G1 X116.839 Y131.105 E.02671
G1 X115.596 Y131.174 E.04005
G1 X115.008 Y131.761 E.02671
G1 X114.94 Y133.005 E.04005
G1 X114.352 Y133.592 E.02671
G1 X113.109 Y133.661 E.04005
G1 X112.521 Y134.248 E.02671
G1 X112.453 Y135.492 E.04005
G1 X111.865 Y136.079 E.02671
G1 X110.622 Y136.148 E.04005
G1 X110.034 Y136.735 E.02671
G1 X109.966 Y137.979 E.04005
G1 X109.378 Y138.566 E.02671
G1 X108.135 Y138.635 E.04005
G1 X107.547 Y139.222 E.02671
G1 X107.479 Y140.466 E.04005
G1 X106.891 Y141.053 E.02671
G1 X105.648 Y141.122 E.04005
G1 X105.06 Y141.709 E.02671
G1 X104.992 Y142.953 E.04005
G1 X104.679 Y143.265 E.01421
G1 X107.166 Y143.265 E.07997
G1 X107.479 Y142.953 E.01421
G1 X107.547 Y141.709 E.04005
G1 X108.135 Y141.122 E.02671
G1 X109.378 Y141.053 E.04005
G1 X109.966 Y140.466 E.02671
G1 X110.034 Y139.222 E.04005
G1 X110.622 Y138.635 E.02671
G1 X111.865 Y138.566 E.04005
G1 X112.453 Y137.979 E.02671
G1 X112.521 Y136.735 E.04005
G1 X113.109 Y136.148 E.02671
G1 X114.352 Y136.079 E.04005
G1 X114.94 Y135.492 E.02671
G1 X115.008 Y134.248 E.04005
G1 X115.596 Y133.661 E.02671
G1 X116.839 Y133.592 E.04005
G1 X117.427 Y133.005 E.02671
G1 X117.495 Y131.761 E.04005
G1 X118.083 Y131.174 E.02671
G1 X119.326 Y131.105 E.04005
G1 X119.914 Y130.518 E.02671
G1 X119.982 Y129.274 E.04005
G1 X120.57 Y128.687 E.02671
G1 X121.813 Y128.618 E.04005
G1 X122.401 Y128.031 E.02671
G1 X122.469 Y126.787 E.04005
G1 X123.057 Y126.2 E.02671
G1 X124.3 Y126.131 E.04005
G1 X124.888 Y125.544 E.02671
G1 X124.957 Y124.3 E.04005
G1 X125.544 Y123.713 E.02671
G1 X126.787 Y123.644 E.04005
G1 X127.375 Y123.057 E.02671
G1 X127.444 Y121.813 E.04005
G1 X128.031 Y121.226 E.02671
G1 X129.274 Y121.157 E.04005
G1 X129.862 Y120.57 E.02671
G1 X129.931 Y119.326 E.04005
G1 X130.518 Y118.739 E.02671
G1 X131.761 Y118.67 E.04005
G1 X132.349 Y118.083 E.02671
G1 X132.418 Y116.839 E.04005
G1 X133.005 Y116.252 E.02671
G1 X134.248 Y116.183 E.04005
G1 X134.836 Y115.596 E.02671
G1 X134.905 Y114.352 E.04005
G1 X135.492 Y113.765 E.02671
G1 X136.735 Y113.696 E.04005
G1 X137.323 Y113.109 E.02671
G1 X137.392 Y111.865 E.04005
G1 X137.979 Y111.278 E.02671
G1 X139.222 Y111.209 E.04005
G1 X139.81 Y110.622 E.02671
G1 X139.879 Y109.378 E.04005
G1 X140.466 Y108.791 E.02671
G1 X141.709 Y108.722 E.04005
G1 X142.265 Y108.166 E.02529
G1 X142.265 Y110.653 E.07997
G1 X141.709 Y111.209 E.02529
G1 X140.466 Y111.278 E.04005
G1 X139.879 Y111.865 E.02671
G1 X139.81 Y113.109 E.04005
G1 X139.222 Y113.696 E.02671
G1 X137.979 Y113.765 E.04005
G1 X137.392 Y114.352 E.02671
G1 X137.323 Y115.596 E.04005
G1 X136.735 Y116.183 E.02671
G1 X135.492 Y116.252 E.04005
G1 X134.905 Y116.839 E.02671
G1 X134.836 Y118.083 E.04005
G1 X134.248 Y118.67 E.02671
G1 X133.005 Y118.739 E.04005
G1 X132.418 Y119.326 E.02671
G1 X132.349 Y120.57 E.04005
G1 X131.761 Y121.157 E.02671
G1 X130.518 Y121.226 E.04005
G1 X129.931 Y121.813 E.02671
G1 X129.862 Y123.057 E.04005
G1 X129.274 Y123.644 E.02671
G1 X128.031 Y123.713 E.04005
G1 X127.444 Y124.3 E.02671
G1 X127.375 Y125.544 E.04005
G1 X126.787 Y126.131 E.02671
G1 X125.544 Y126.2 E.04005
G1 X124.957 Y126.787 E.02671
G1 X124.888 Y128.031 E.04005
G1 X124.3 Y128.618 E.02671
G1 X123.057 Y128.687 E.04005
G1 X122.469 Y129.274 E.02671
G1 X122.401 Y130.518 E.04005
G1 X121.813 Y131.105 E.02671
G1 X120.57 Y131.174 E.04005
G1 X119.982 Y131.761 E.02671
G1 X119.914 Y133.005 E.04005
G1 X119.326 Y133.592 E.02671
G1 X118.083 Y133.661 E.04005
G1 X117.495 Y134.248 E.02671
G1 X117.427 Y135.492 E.04005
G1 X116.839 Y136.079 E.02671
G1 X115.596 Y136.148 E.04005
G1 X115.008 Y136.735 E.02671
G1 X114.94 Y137.979 E.04005
G1 X114.352 Y138.566 E.02671
G1 X113.109 Y138.635 E.04005
G1 X112.521 Y139.222 E.02671
G1 X112.453 Y140.466 E.04005
G1 X111.865 Y141.053 E.02671
G1 X110.622 Y141.122 E.04005
G1 X110.034 Y141.709 E.02671
G1 X109.966 Y142.953 E.04005
G1 X109.653 Y143.265 E.01421
G1 X112.14 Y143.265 E.07997
G1 X112.453 Y142.953 E.01421
G1 X112.521 Y141.709 E.04005
G1 X113.109 Y141.122 E.02671
G1 X114.352 Y141.053 E.04005
G1 X114.94 Y140.466 E.02671
G1 X115.008 Y139.222 E.04005
G1 X115.596 Y138.635 E.02671
G1 X116.839 Y138.566 E.04005
G1 X117.427 Y137.979 E.02671
G1 X117.495 Y136.735 E.04005
G1 X118.083 Y136.148 E.02671
G1 X119.326 Y136.079 E.04005
G1 X119.914 Y135.492 E.02671
G1 X119.982 Y134.248 E.04005
G1 X120.57 Y133.661 E.02671
G1 X121.813 Y133.592 E.04005
G1 X122.401 Y133.005 E.02671
G1 X122.469 Y131.761 E.04005
G1 X123.057 Y131.174 E.02671
G1 X124.3 Y131.105 E.04005
G1 X124.888 Y130.518 E.02671
G1 X124.957 Y129.274 E.04005
G1 X125.544 Y128.687 E.02671
G1 X126.787 Y128.618 E.04005
G1 X127.375 Y128.031 E.02671
G1 X127.444 Y126.787 E.04005
G1 X128.031 Y126.2 E.02671
G1 X129.274 Y126.131 E.04005
G1 X129.862 Y125.544 E.02671
G1 X129.931 Y124.3 E.04005
G1 X130.518 Y123.713 E.02671
G1 X131.761 Y123.644 E.04005
G1 X132.349 Y123.057 E.02671
G1 X132.418 Y121.813 E.04005
G1 X133.005 Y121.226 E.02671
G1 X134.248 Y121.157 E.04005
G1 X134.836 Y120.57 E.02671
G1 X134.905 Y119.326 E.04005
G1 X135.492 Y118.739 E.02671
G1 X136.735 Y118.67 E.04005
G1 X137.323 Y118.083 E.02671
G1 X137.392 Y116.839 E.04005
G1 X137.979 Y116.252 E.02671
G1 X139.222 Y116.183 E.04005
G1 X139.81 Y115.596 E.02671
G1 X139.879 Y114.352 E.04005
G1 X140.466 Y113.765 E.02671
G1 X141.709 Y113.696 E.04005
G1 X142.265 Y113.14 E.02529
G1 X142.265 Y115.627 E.07997
G1 X141.709 Y116.183 E.02529
G1 X140.466 Y116.252 E.04005
G1 X139.879 Y116.839 E.02671
G1 X139.81 Y118.083 E.04005
G1 X139.222 Y118.67 E.02671
G1 X137.979 Y118.739 E.04005
G1 X137.392 Y119.326 E.02671
G1 X137.323 Y120.57 E.04005
G1 X136.735 Y121.157 E.02671
G1 X135.492 Y121.226 E.04005
G1 X134.905 Y121.813 E.02671
G1 X134.836 Y123.057 E.04005
G1 X134.248 Y123.644 E.02671
G1 X133.005 Y123.713 E.04005
G1 X132.418 Y124.3 E.02671
G1 X132.349 Y125.544 E.04005
G1 X131.761 Y126.131 E.02671
G1 X130.518 Y126.2 E.04005
G1 X129.931 Y126.787 E.02671
G1 X129.862 Y128.031 E.04005
G1 X129.274 Y128.618 E.02671
G1 X128.031 Y128.687 E.04005
G1 X127.444 Y129.274 E.02671
G1 X127.375 Y130.518 E.04005
G1 X126.787 Y131.105 E.02671
G1 X125.544 Y131.174 E.04005
G1 X124.957 Y131.761 E.02671
G1 X124.888 Y133.005 E.04005
G1 X124.3 Y133.592 E.02671
G1 X123.057 Y133.661 E.04005
G1 X122.469 Y134.248 E.02671
G1 X122.401 Y135.492 E.04005
G1 X121.813 Y136.079 E.02671
G1 X120.57 Y136.148 E.04005
G1 X119.982 Y136.735 E.02671
G1 X119.914 Y137.979 E.04005
G1 X119.326 Y138.566 E.02671
G1 X118.083 Y138.635 E.04005
G1 X117.495 Y139.222 E.02671
G1 X117.427 Y140.466 E.04005
G1 X116.839 Y141.053 E.02671
G1 X115.596 Y141.122 E.04005
G1 X115.008 Y141.709 E.02671
G1 X114.94 Y142.953 E.04005
G1 X114.627 Y143.265 E.01421
G1 X117.114 Y143.265 E.07997
G1 X117.427 Y142.953 E.01421
G1 X117.495 Y141.709 E.04005
G1 X118.083 Y141.122 E.02671
G1 X119.326 Y141.053 E.04005
G1 X119.914 Y140.466 E.02671
G1 X119.982 Y139.222 E.04005
G1 X120.57 Y138.635 E.02671
G1 X121.813 Y138.566 E.04005
G1 X122.401 Y137.979 E.02671
G1 X122.469 Y136.735 E.04005
G1 X123.057 Y136.148 E.02671
G1 X124.3 Y136.079 E.04005
G1 X124.888 Y135.492 E.02671
G1 X124.957 Y134.248 E.04005
G1 X125.544 Y133.661 E.02671
G1 X126.787 Y133.592 E.04005
G1 X127.375 Y133.005 E.02671
G1 X127.444 Y131.761 E.04005
G1 X128.031 Y131.174 E.02671
G1 X129.274 Y131.105 E.04005
G1 X129.862 Y130.518 E.02671
G1 X129.931 Y129.274 E.04005
G1 X130.518 Y128.687 E.02671
G1 X131.761 Y128.618 E.04005
G1 X132.349 Y128.031 E.02671
G1 X132.418 Y126.787 E.04005
G1 X133.005 Y126.2 E.02671
G1 X134.248 Y126.131 E.04005
G1 X134.836 Y125.544 E.02671
G1 X134.905 Y124.3 E.04005
G1 X135.492 Y123.713 E.02671
G1 X136.735 Y123.644 E.04005
G1 X137.323 Y123.057 E.02671
G1 X137.392 Y121.813 E.04005
G1 X137.979 Y121.226 E.02671
G1 X139.222 Y121.157 E.04005
G1 X139.81 Y120.57 E.02671
G1 X139.879 Y119.326 E.04005
G1 X140.466 Y118.739 E.02671
G1 X141.709 Y118.67 E.04005
G1 X142.265 Y118.114 E.02529
G1 X142.265 Y120.601 E.07997
G1 X141.709 Y121.157 E.02529
G1 X140.466 Y121.226 E.04005
G1 X139.879 Y121.813 E.02671
G1 X139.81 Y123.057 E.04005
G1 X139.222 Y123.644 E.02671
G1 X137.979 Y123.713 E.04005
G1 X137.392 Y124.3 E.02671
G1 X137.323 Y125.544 E.04005
G1 X136.735 Y126.131 E.02671
G1 X135.492 Y126.2 E.04005
G1 X134.903 Y126.808 E.02721
G3 X137.19 Y126.833 I1.099 J4.07 E.07446
G3 X137.351 Y126.877 I-.342 J1.557 E.00537
G1 X137.979 Y126.2 E.02971
G1 X139.222 Y126.131 E.04005
G1 X139.81 Y125.544 E.02671
G1 X139.879 Y124.3 E.04005
G1 X140.466 Y123.713 E.02671
G1 X141.709 Y123.644 E.04005
G1 X142.265 Y123.088 E.02529
G1 X142.265 Y125.575 E.07997
G1 X141.709 Y126.131 E.02529
G1 X140.466 Y126.2 E.04005
G1 X139.879 Y126.787 E.02671
G1 X139.81 Y128.031 E.04005
G1 X139.457 Y128.384 E.01605
G3 X139.888 Y129.088 I-3.812 J2.823 E.02659
G1 X139.948 Y129.205 E.00422
G1 X140.466 Y128.687 E.02355
G1 X141.709 Y128.618 E.04005
G1 X142.265 Y128.062 E.02529
G1 X142.265 Y130.549 E.07997
G1 X141.709 Y131.105 E.02529
G1 X140.466 Y131.174 E.04005
G1 X140.322 Y131.318 E.00654
G3 X139.7 Y133.258 I-4.189 J-.274 E.06617
G3 X137.533 Y135.053 I-3.708 J-2.272 E.09214
G1 X139.505 Y130.695 F18000
;TYPE:Internal solid infill
;WIDTH:0.505304
G1 F5463.677
G1 X139.365 Y129.973 E.02688
G1 X139.078 Y129.296 E.02685
G1 X138.656 Y128.693 E.02686
G1 X138.119 Y128.191 E.02685
G2 X136.063 Y127.482 I-2.157 J2.915 E.08067
G1 X135.341 Y127.55 E.0265
G1 X134.628 Y127.762 E.02717
G1 X133.983 Y128.116 E.02687
G1 X133.428 Y128.599 E.02686
G1 X132.988 Y129.178 E.02659
G1 X132.676 Y129.854 E.02717
G1 X132.507 Y130.569 E.02685
G1 X132.495 Y131.305 E.02687
G1 X132.635 Y132.026 E.02685
G1 X132.922 Y132.704 E.02688
G1 X133.344 Y133.307 E.02686
G1 X133.881 Y133.809 E.02685
G1 X134.332 Y134.093 E.01947
G1 X134.916 Y134.344 E.0232
G1 X135.637 Y134.496 E.02694
G1 X136.377 Y134.495 E.02701
G2 X137.431 Y134.219 I-.457 J-3.905 E.03994
G1 X138.017 Y133.883 E.02467
G1 X138.572 Y133.401 E.02683
G1 X139.012 Y132.822 E.02659
G1 X139.324 Y132.146 E.02717
G1 X139.493 Y131.431 E.02685
G1 X139.504 Y130.755 E.02468
G1 X137.359 Y129.13 F18000
G1 X137.156 Y128.998
G1 X136.94 Y128.888
G1 X136.714 Y128.801
G1 X136.481 Y128.739
G1 X136.242 Y128.701
G1 X136 Y128.688
G1 X135.787 Y128.7
G1 X135.524 Y128.738
G1 X135.286 Y128.801
G1 X135.06 Y128.888
G1 X134.844 Y128.998
G1 X134.641 Y129.13
G1 X134.453 Y129.282
G1 X134.282 Y129.453
G1 X133.708 Y128.91
;WIDTH:0.419999
G1 F6000
G1 X134.193 Y128.479 E.01932
G1 X134.756 Y128.158 E.01932
G1 X135.383 Y127.959 E.01959
G1 X136.02 Y127.898 E.01905
G1 X136.664 Y127.97 E.01931
G1 X137.28 Y128.174 E.01933
G1 X137.839 Y128.502 E.01931
G1 X138.318 Y128.939 E.01931
G1 X138.696 Y129.466 E.01932
G1 X138.956 Y130.06 E.01933
G1 X139.087 Y130.695 E.01931
G1 X139.083 Y131.344 E.01932
G1 X138.944 Y131.977 E.01931
G1 X138.676 Y132.568 E.01933
G1 X138.292 Y133.09 E.01932
G1 X137.807 Y133.521 E.01931
G1 X137.244 Y133.842 E.01932
G1 X136.626 Y134.038 E.01932
G1 X135.98 Y134.102 E.01931
G1 X135.336 Y134.03 E.01931
G1 X134.72 Y133.826 E.01933
G1 X134.161 Y133.498 E.01931
G1 X133.682 Y133.061 E.01931
G1 X133.304 Y132.534 E.01932
G1 X133.044 Y131.94 E.01933
G1 X132.913 Y131.305 E.01931
G1 X132.917 Y130.656 E.01932
G1 X133.056 Y130.023 E.01931
G1 X133.324 Y129.432 E.01933
G1 X133.672 Y128.958 E.01752
G1 X133.064 Y128.365 F18000
G1 F6000
G1 X132.616 Y128.981 E.02269
G2 X132.076 Y130.592 I3.959 J2.224 E.0509
G1 X132.077 Y131.418 E.02461
G1 X132.25 Y132.224 E.02457
G1 X132.586 Y132.977 E.02457
G1 X133.072 Y133.644 E.02456
G1 X133.687 Y134.196 E.02465
G1 X134.163 Y134.484 E.01654
G1 X134.785 Y134.753 E.0202
G1 X135.593 Y134.924 E.02459
G1 X136.419 Y134.923 E.02461
G1 X137.078 Y134.788 E.02003
G1 X137.608 Y134.603 E.01671
G1 X138.323 Y134.189 E.02463
G1 X138.936 Y133.635 E.02459
G1 X139.384 Y133.019 E.02269
G2 X139.924 Y131.408 I-3.959 J-2.224 E.0509
G1 X139.923 Y130.627 E.02329
G1 X139.774 Y129.886 E.0225
G1 X139.46 Y129.125 E.02452
G1 X138.994 Y128.447 E.0245
G1 X138.398 Y127.88 E.0245
G1 X137.89 Y127.543 E.01818
G1 X137.292 Y127.275 E.01951
G1 X136.782 Y127.137 E.01574
G1 X135.967 Y127.056 E.02439
G1 X135.554 Y127.083 E.01234
G1 X134.774 Y127.25 E.02376
G2 X133.678 Y127.811 I1.53 J4.342 E.03678
G1 X133.109 Y128.324 E.02284
G1 X134.707 Y126.861 F18000
;TYPE:Sparse infill
;WIDTH:0.45
G1 F6205.95
G1 X134.67 Y126.871 E.00123
G2 X132.3 Y128.742 I1.319 J4.106 E.0992
G2 X131.667 Y131.11 I3.699 J2.257 E.07991
G1 X130.518 Y131.174 E.03701
G1 X129.931 Y131.761 E.02671
G1 X129.862 Y133.005 E.04005
G1 X129.274 Y133.592 E.02671
G1 X128.031 Y133.661 E.04005
G1 X127.444 Y134.248 E.02671
G1 X127.375 Y135.492 E.04005
G1 X126.787 Y136.079 E.02671
G1 X125.544 Y136.148 E.04005
G1 X124.957 Y136.735 E.02671
G1 X124.888 Y137.979 E.04005
G1 X124.3 Y138.566 E.02671
G1 X123.057 Y138.635 E.04005
G1 X122.469 Y139.222 E.02671
G1 X122.401 Y140.466 E.04005
G1 X121.813 Y141.053 E.02671
G1 X120.57 Y141.122 E.04005
G1 X119.982 Y141.709 E.02671
G1 X119.914 Y142.953 E.04005
G1 X119.601 Y143.265 E.01421
G1 X122.088 Y143.265 E.07997
G1 X122.401 Y142.953 E.01421
G1 X122.469 Y141.709 E.04005
G1 X123.057 Y141.122 E.02671
G1 X124.3 Y141.053 E.04005
G1 X124.888 Y140.466 E.02671
G1 X124.957 Y139.222 E.04005
G1 X125.544 Y138.635 E.02671
G1 X126.787 Y138.566 E.04005
G1 X127.375 Y137.979 E.02671
G1 X127.444 Y136.735 E.04005
G1 X128.031 Y136.148 E.02671
G1 X129.274 Y136.079 E.04005
G1 X129.862 Y135.492 E.02671
G1 X129.931 Y134.248 E.04005
G1 X130.518 Y133.661 E.02671
G1 X131.761 Y133.592 E.04005
G1 X132.238 Y133.16 E.02068
G2 X132.77 Y133.896 I3.776 J-2.17 E.02927
G1 X132.418 Y134.248 E.01602
G1 X132.349 Y135.492 E.04005
G1 X131.761 Y136.079 E.02671
G1 X130.518 Y136.148 E.04005
G1 X129.931 Y136.735 E.02671
G1 X129.862 Y137.979 E.04005
G1 X129.274 Y138.566 E.02671
G1 X128.031 Y138.635 E.04005
G1 X127.444 Y139.222 E.02671
G1 X127.375 Y140.466 E.04005
G1 X126.787 Y141.053 E.02671
G1 X125.544 Y141.122 E.04005
G1 X124.957 Y141.709 E.02671
G1 X124.888 Y142.953 E.04005
G1 X124.575 Y143.265 E.01421
G1 X127.062 Y143.265 E.07997
G1 X127.375 Y142.953 E.01421
G1 X127.444 Y141.709 E.04005
G1 X128.031 Y141.122 E.02671
G1 X129.274 Y141.053 E.04005
G1 X129.862 Y140.466 E.02671
G1 X129.931 Y139.222 E.04005
G1 X130.518 Y138.635 E.02671
G1 X131.761 Y138.566 E.04005
G1 X132.349 Y137.979 E.02671
G1 X132.418 Y136.735 E.04005
G1 X133.005 Y136.148 E.02671
G1 X134.248 Y136.079 E.04005
G1 X134.836 Y135.492 E.02671
G1 X134.853 Y135.178 E.0101
G2 X137.343 Y135.125 I1.155 J-4.252 E.08119
G1 X137.323 Y135.492 E.01181
G1 X136.735 Y136.079 E.02671
G1 X135.492 Y136.148 E.04005
G1 X134.905 Y136.735 E.02671
G1 X134.836 Y137.979 E.04005
G1 X134.248 Y138.566 E.02671
G1 X133.005 Y138.635 E.04005
G1 X132.418 Y139.222 E.02671
G1 X132.349 Y140.466 E.04005
G1 X131.761 Y141.053 E.02671
G1 X130.518 Y141.122 E.04005
G1 X129.931 Y141.709 E.02671
G1 X129.862 Y142.953 E.04005
G1 X129.549 Y143.265 E.01421
G1 X132.036 Y143.265 E.07997
G1 X132.349 Y142.953 E.01421
G1 X132.418 Y141.709 E.04005
G1 X133.005 Y141.122 E.02671
G1 X134.248 Y141.053 E.04005
G1 X134.836 Y140.466 E.02671
G1 X134.905 Y139.222 E.04005
G1 X135.492 Y138.635 E.02671
G1 X136.735 Y138.566 E.04005
G1 X137.323 Y137.979 E.02671
G1 X137.392 Y136.735 E.04005
G1 X137.979 Y136.148 E.02671
G1 X139.222 Y136.079 E.04005
G1 X139.81 Y135.492 E.02671
G1 X139.879 Y134.248 E.04005
G1 X140.466 Y133.661 E.02671
G1 X141.709 Y133.592 E.04005
G1 X142.265 Y133.036 E.02529
G1 X142.265 Y135.523 E.07997
G1 X141.709 Y136.079 E.02529
G1 X140.466 Y136.148 E.04005
G1 X139.879 Y136.735 E.02671
G1 X139.81 Y137.979 E.04005
G1 X139.222 Y138.566 E.02671
G1 X137.979 Y138.635 E.04005
G1 X137.392 Y139.222 E.02671
G1 X137.323 Y140.466 E.04005
G1 X136.735 Y141.053 E.02671
G1 X135.492 Y141.122 E.04005
G1 X134.905 Y141.709 E.02671
G1 X134.836 Y142.953 E.04005
G1 X134.523 Y143.265 E.01421
G1 X137.01 Y143.265 E.07997
G1 X137.323 Y142.953 E.01421
G1 X137.392 Y141.709 E.04005
G1 X137.979 Y141.122 E.02671
G1 X139.222 Y141.053 E.04005
G1 X139.81 Y140.466 E.02671
G1 X139.879 Y139.222 E.04005
G1 X140.466 Y138.635 E.02671
G1 X141.709 Y138.566 E.04005
G1 X142.265 Y138.01 E.02529
G1 X142.265 Y140.497 E.07997
G1 X141.709 Y141.053 E.02529
G1 X140.466 Y141.122 E.04005
G1 X139.879 Y141.709 E.02671
G1 X139.81 Y142.953 E.04005
G1 X139.497 Y143.265 E.01421
G2 X141.263 Y143.232 I.72 J-8.671 E.05689
G2 X142.265 Y141.955 I-.295 J-1.264 E.05642
G1 X142.265 Y140.701 E.04032
G1 X142.628 Y141.956 F18000
;TYPE:Internal solid infill
;WIDTH:0.38292
G1 F6000
G1 X142.628 Y78.044 E1.71652
G1 X142.543 Y77.494 E.01495
G2 X142.19 Y76.897 I-1.545 J.512 E.01877
G1 X141.806 Y76.6 E.01303
G1 X141.477 Y76.451 E.00971
G1 X140.956 Y76.372 E.01414
G1 X79.037 Y76.373 E1.663
G2 X77.451 Y77.523 I-.015 J1.648 E.05635
G1 X77.372 Y78.044 E.01414
G1 X77.373 Y141.963 E1.71672
G2 X78.523 Y143.549 I1.648 J.015 E.05635
G1 X79.044 Y143.628 E.01414
G1 X140.963 Y143.627 E1.663
G2 X142.549 Y142.477 I.015 J-1.648 E.05635
G1 X142.619 Y142.015 E.01253
; stop printing object top_plate.stl id:4734322866433739561 copy 0
;LAYER_CHANGE
;Z:6.44
;HEIGHT:0.2
G92 E0 ; zero the extruded length again
; BEFORE_LAYER_CHANGE 31 @ 6.44mm
G1 E-1.75 F6000
;WIPE_START
G1 X142.549 Y142.477 E-.34996
G1 X142.414 Y142.797 E-.26091
G1 X142.306 Y142.948 E-.13913
;WIPE_END
; AFTER_LAYER_CHANGE 31 @ 6.44mm
;_SET_FAN_SPEED_CHANGING_LAYER
; printing object top_plate.stl id:4734322866433739561 copy 0
G17
G3 Z6.64 I-.331 J.51 P1  F18000
G1 X142.955 Y143.369 Z6.64
G1 X140.984 Y144.389
G1 X140.846 Y144.389
G1 X140.846 Y144.79
G1 Z6.44
G1 E2.5 F6000
M204 P1000
;TYPE:Outer wall
;WIDTH:0.42
G1 F3600
G1 X79.005 Y144.79 E1.84202
G3 X76.21 Y141.995 I.004 J-2.8 E.13074
G1 X76.21 Y78.005 E1.90602
G3 X79.005 Y75.21 I2.8 J.005 E.13074
G1 X140.995 Y75.21 E1.84644
G1 X141.292 Y75.226 E.00886
G3 X143.79 Y78.005 I-.294 J2.777 E.12197
G1 X143.79 Y141.995 E1.90601
G3 X140.995 Y144.79 I-2.8 J-.004 E.13074
G1 X140.906 Y144.79 E.00264
G1 X140.906 Y144.389 F18000
G1 X140.846 Y144.389
G1 X140.846 Y144.398
M204 P1500
;TYPE:Inner wall
;WIDTH:0.45
G1 F6000
G1 X79.016 Y144.398 E1.98823
G3 X76.602 Y141.984 I-.006 J-2.408 E.122
G1 X76.602 Y78.016 E2.057
G3 X79.016 Y75.602 I2.408 J-.006 E.12199
G1 X140.984 Y75.602 E1.99268
G1 X141.251 Y75.616 E.00857
G3 X143.398 Y78.016 I-.259 J2.392 E.11345
G1 X143.398 Y141.984 E2.05699
G3 X140.984 Y144.398 I-2.408 J.006 E.122
G1 X140.906 Y144.398 E.00252
G1 X140.846 Y143.991 F18000
G1 F6000
G1 X79.026 Y143.991 E1.98789
G3 X77.009 Y141.974 I-.016 J-2.001 E.10212
G1 X77.009 Y78.026 E2.05631
G3 X79.026 Y76.009 I2.001 J-.016 E.10212
G1 X140.974 Y76.009 E1.992
G1 X141.208 Y76.021 E.00754
G3 X142.991 Y78.026 I-.241 J2.01 E.09432
G1 X142.991 Y141.974 E2.05631
G3 X140.974 Y143.991 I-2.001 J.016 E.10212
G1 X140.906 Y143.991 E.00218
G1 E-1.75
;WIPE_START
G1 X139.906 Y143.991 E-.75
;WIPE_END
G1 X139.906 Y144.389 Z6.64 F18000
G1 X140.619 Y131.395
G1 X140.636 Y131.077
G1 X140.637 Y131.055
G1 X140.637 Y131.023
G1 X140.638 Y130.995
G1 X140.637 Y130.965
G1 X140.636 Y130.932
G1 X140.635 Y130.91
G1 X140.619 Y130.593
G1 X140.617 Y130.571
G1 X140.614 Y130.538
G1 X140.612 Y130.51
G1 X136.198 Y93.63
G1 X136.085 Y92.096
G1 X135.977 Y91.31
G1 X135.998 Y90.91
G1 Z6.44
G1 E2.5 F6000
M204 P1000
;TYPE:Outer wall
;WIDTH:0.42
G1 F3600
G1 X136 Y90.907 E.00011
G2 X136 Y87.09 I.006 J-1.909 E.179
G1 X135.812 Y87.099 E.00561
G2 X135.604 Y90.865 I.194 J1.899 E.16076
G1 X135.938 Y90.903 E.01003
G1 X135.917 Y91.307 F18000
G1 X135.95 Y91.309
G1 X135.95 Y91.3
M204 P1500
;TYPE:Inner wall
;WIDTH:0.45
G1 F6000
G1 X136 Y91.3 E.00161
G2 X136 Y86.697 I.007 J-2.301 E.23292
G1 X135.772 Y86.709 E.00734
G2 X135.76 Y91.286 I.235 J2.289 E.21696
G1 X135.89 Y91.296 E.00421
G1 X136.04 Y91.709 F18000
G1 F6000
G1 X136.283 Y91.693 E.00784
G2 X136 Y86.289 I-.275 J-2.695 E.265
G1 X135.731 Y86.303 E.00867
G2 X135.98 Y91.706 I.277 J2.694 E.26382
G1 E-1.75
;WIPE_START
G1 X136.283 Y91.693 E-.22765
G1 X136.563 Y91.651 E-.21258
G1 X136.837 Y91.578 E-.21269
G1 X136.958 Y91.532 E-.09708
;WIPE_END
G1 X137.098 Y91.895 Z6.64 F18000
G1 X136.912 Y93.547
G1 X136.153 Y126.369
G1 X136.118 Y127.906
G1 X137.547 Y129.282
G1 X137.718 Y129.453
G1 X137.87 Y129.641
G1 X138.002 Y129.844
G1 X138.112 Y130.06
G1 X138.199 Y130.286
G1 X138.261 Y130.519
G1 X138.299 Y130.758
G1 X138.312 Y131
G1 X138.299 Y131.242
G1 X138.261 Y131.481
G1 X138.199 Y131.714
G1 X138.112 Y131.94
G1 X138.002 Y132.156
G1 X137.87 Y132.359
G1 X137.718 Y132.547
G1 X137.547 Y132.718
G1 X137.359 Y132.87
G1 X137.156 Y133.002
G1 X136.94 Y133.112
G1 X136.714 Y133.199
G1 X136.481 Y133.261
G1 X136.242 Y133.299
G1 X136.023 Y133.31
G1 X136.002 Y132.91
G1 Z6.44
G1 E2.5 F6000
M204 P1000
;TYPE:Outer wall
;WIDTH:0.42
G1 F3600
G1 X136.397 Y132.867 E.01182
G2 X136 Y129.09 I-.391 J-1.869 E.1671
G1 X135.812 Y129.099 E.00561
G2 X135.944 Y132.906 I.194 J1.899 E.17098
G1 X135.922 Y133.308 F18000
G1 X136 Y133.312
G1 X136.051 Y133.309
G1 X136.05 Y133.3
M204 P1500
;TYPE:Inner wall
;WIDTH:0.45
G1 F6000
G1 X136.24 Y133.288 E.00614
G2 X136 Y128.697 I-.234 J-2.289 E.22518
G1 X135.772 Y128.709 E.00734
G2 X135.99 Y133.299 I.235 J2.289 E.22438
G1 X136.04 Y133.709 F18000
G1 F6000
G1 X136.283 Y133.693 E.00784
G2 X136 Y128.289 I-.275 J-2.695 E.265
G1 X135.731 Y128.303 E.00867
G2 X135.98 Y133.706 I.277 J2.694 E.26382
G1 E-1.75
;WIPE_START
G1 X136.283 Y133.693 E-.22765
G1 X136.563 Y133.651 E-.21258
G1 X136.837 Y133.578 E-.21269
G1 X136.958 Y133.532 E-.09709
;WIPE_END
G1 X137.098 Y133.895 Z6.64 F18000
G1 X134.166 Y133.499
G1 X132.082 Y133.475
G1 X88.202 Y132.96
G1 X86.414 Y132.938
G1 X84.481 Y133.261
G1 X84.242 Y133.299
G1 X84 Y133.312
G1 X83.977 Y133.31
G1 X83.998 Y132.91
G1 Z6.44
G1 E2.5 F6000
M204 P1000
;TYPE:Outer wall
;WIDTH:0.42
G1 F3600
G1 X84 Y132.907 E.00011
G2 X84 Y129.09 I.006 J-1.909 E.179
G1 X83.812 Y129.099 E.00561
G2 X83.604 Y132.865 I.194 J1.899 E.16076
G1 X83.938 Y132.903 E.01003
G1 X83.917 Y133.307 F18000
G1 X83.95 Y133.309
G1 X83.95 Y133.3
M204 P1500
;TYPE:Inner wall
;WIDTH:0.45
G1 F6000
G1 X84 Y133.3 E.00161
G2 X84 Y128.697 I.007 J-2.301 E.23292
G1 X83.772 Y128.709 E.00734
G2 X83.76 Y133.286 I.235 J2.289 E.21696
G1 X83.89 Y133.296 E.00421
G1 X84.04 Y133.709 F18000
G1 F6000
G1 X84.283 Y133.693 E.00784
G2 X84 Y128.289 I-.275 J-2.695 E.265
G1 X83.731 Y128.303 E.00867
G2 X83.98 Y133.706 I.277 J2.694 E.26382
G1 E-1.75
;WIPE_START
G1 X84.283 Y133.693 E-.22764
G1 X84.563 Y133.651 E-.21258
G1 X84.837 Y133.578 E-.21269
G1 X84.958 Y133.532 E-.09709
;WIPE_END
G1 X84.816 Y133.16 Z6.64 F18000
G1 X84.94 Y133.112
G1 X85.156 Y133.002
G1 X85.359 Y132.87
G1 X85.547 Y132.718
G1 X85.718 Y132.547
G1 X85.87 Y132.359
G1 X86.002 Y132.156
G1 X86.112 Y131.94
G1 X86.199 Y131.714
G1 X86.261 Y131.481
G1 X86.299 Y131.242
G1 X86.312 Y131
G1 X86.299 Y130.758
G1 X86.261 Y130.519
G1 X86.199 Y130.286
G1 X86.112 Y130.06
G1 X86.002 Y129.844
G1 X84.834 Y128.018
G1 X84.798 Y126.435
G1 X84.059 Y93.637
G1 X84.025 Y92.099
G1 X83.977 Y91.31
G1 X83.998 Y90.91
G1 Z6.44
G1 E2.5 F6000
M204 P1000
;TYPE:Outer wall
;WIDTH:0.42
G1 F3600
G1 X84 Y90.907 E.00011
G2 X84 Y87.09 I.006 J-1.909 E.179
G1 X83.812 Y87.099 E.00561
G2 X83.604 Y90.865 I.194 J1.899 E.16076
G1 X83.938 Y90.903 E.01003
G1 X83.917 Y91.307 F18000
G1 X83.95 Y91.309
G1 X83.95 Y91.3
M204 P1500
;TYPE:Inner wall
;WIDTH:0.45
G1 F6000
G1 X84 Y91.3 E.00161
G2 X84 Y86.697 I.007 J-2.301 E.23292
G1 X83.772 Y86.709 E.00734
G2 X83.76 Y91.286 I.235 J2.289 E.21696
G1 X83.89 Y91.296 E.00421
G1 X84.04 Y91.709 F18000
G1 F6000
G1 X84.283 Y91.693 E.00784
G2 X84 Y86.289 I-.275 J-2.695 E.265
G1 X83.731 Y86.303 E.00867
G2 X83.98 Y91.706 I.277 J2.694 E.26382
G1 E-1.75
;WIPE_START
G1 X84.283 Y91.693 E-.22764
G1 X84.563 Y91.651 E-.21258
G1 X84.837 Y91.578 E-.21269
G1 X84.958 Y91.532 E-.09709
;WIPE_END
G1 X85.098 Y91.895 Z6.64 F18000
G1 X86.593 Y92.841
G1 X101.689 Y118.311
G1 X118.311 Y118.311
G1 X118.311 Y117.91
G1 X117.91 Y117.91
G1 Z6.44
G1 E2.5 F6000
M204 P1000
;TYPE:Outer wall
;WIDTH:0.42
G1 F3600
G1 X117.91 Y102.09 E.47122
G1 X102.09 Y102.09 E.47122
G1 X102.09 Y117.91 E.47122
G1 X117.85 Y117.91 E.46944
G1 X117.85 Y118.311 F18000
G1 X118.311 Y118.311
G1 X118.311 Y118.302
G1 X118.302 Y118.302
M204 P1500
;TYPE:Inner wall
;WIDTH:0.45
G1 F6000
G1 X118.302 Y101.698 E.53393
G1 X101.698 Y101.698 E.53393
G1 X101.698 Y118.302 E.53393
G1 X118.242 Y118.302 E.532
G1 X118.709 Y118.709 F18000
G1 F6000
G1 X118.709 Y101.291 E.56011
G1 X101.291 Y101.291 E.56011
G1 X101.291 Y118.709 E.56011
G1 X118.649 Y118.709 E.55818
G1 X118.311 Y118.311 F18000
G1 X137.888 Y126.764
G1 X137.918 Y126.778
G1 X137.947 Y126.792
G1 X137.966 Y126.801
G1 X138.25 Y126.946
G1 X138.27 Y126.956
G1 X138.299 Y126.972
G1 X138.323 Y126.986
G1 X138.349 Y127.002
G1 X138.377 Y127.019
G1 X138.395 Y127.03
G1 X138.663 Y127.204
G1 X138.68 Y127.216
G1 X138.707 Y127.235
G1 X138.73 Y127.251
G1 X138.754 Y127.269
G1 X138.779 Y127.288
G1 X138.796 Y127.302
G1 X139.043 Y127.502
G1 X139.061 Y127.517
G1 X139.085 Y127.537
G1 X139.107 Y127.557
G1 X139.128 Y127.577
G1 X139.153 Y127.6
G1 X139.168 Y127.615
G1 X139.393 Y127.84
G1 X139.408 Y127.856
G1 X139.431 Y127.88
G1 X139.45 Y127.901
G1 X139.47 Y127.924
G1 X139.49 Y127.948
G1 X139.504 Y127.965
G1 X139.705 Y128.213
G1 X139.718 Y128.229
G1 X139.738 Y128.256
G1 X139.755 Y128.278
G1 X139.772 Y128.302
G1 X139.79 Y128.329
G1 X139.802 Y128.347
G1 X139.975 Y128.614
G1 X139.988 Y128.633
G1 X140.004 Y128.661
G1 X140.018 Y128.684
G1 X140.034 Y128.712
G1 X140.049 Y128.74
G1 X140.059 Y128.759
G1 X140.203 Y129.043
G1 X140.213 Y129.063
G1 X140.227 Y129.093
G1 X140.238 Y129.117
G1 X140.251 Y129.146
G1 X140.263 Y129.176
G1 X140.271 Y129.196
G1 X140.385 Y129.494
G1 X140.393 Y129.515
G1 X140.403 Y129.545
G1 X140.412 Y129.572
G1 X140.421 Y129.6
G1 X140.43 Y129.631
G1 X140.436 Y129.653
G1 X140.518 Y129.96
G1 X140.524 Y129.981
G1 X140.531 Y130.012
G1 X140.537 Y130.039
G1 X140.543 Y130.069
G1 X140.549 Y130.101
G1 X140.553 Y130.124
G1 X140.602 Y130.438
G1 X140.605 Y130.459
G1 X140.61 Y130.492
G1 X140.613 Y130.519
G1 X140.616 Y130.551
G1 X140.618 Y130.583
G1 X140.619 Y130.604
G1 X140.636 Y130.923
G1 X140.637 Y130.944
G1 X140.637 Y130.977
G1 X140.638 Y131.004
G1 X140.637 Y131.035
G1 X140.636 Y131.067
G1 X140.635 Y131.089
G1 X140.619 Y131.406
G1 X140.617 Y131.428
G1 X140.615 Y131.461
G1 X140.612 Y131.49
G1 X140.608 Y131.519
G1 X140.604 Y131.551
G1 X140.601 Y131.574
G1 X140.551 Y131.887
G1 X140.547 Y131.91
G1 X140.541 Y131.942
G1 X140.535 Y131.97
G1 X140.528 Y131.999
G1 X140.521 Y132.03
G1 X140.515 Y132.051
G1 X140.469 Y132.225
G1 X140.686 Y132.284
M204 P1000
;TYPE:Top surface
;WIDTH:0.433462
G1 F1800
G1 X140.686 Y130.823 E.04504
G1 X140.665 Y130.483 E.01053
G1 X140.592 Y130.029 E.01419
G1 X140.49 Y129.639 E.01242
G1 X140.296 Y129.11 E.01737
G1 X140.296 Y132.89 E.11658
G1 X140.078 Y133.322 E.01494
G1 X139.905 Y133.596 E.00999
G1 X139.905 Y128.404 E.16018
G1 X139.777 Y128.215 E.00706
G1 X139.515 Y127.891 E.01286
G1 X139.515 Y134.109 E.19186
G1 X139.124 Y134.502 E.01708
G1 X139.124 Y127.498 E.21608
G1 X138.734 Y127.185 E.01543
G1 X138.734 Y129.669 E.0766
G3 X138.734 Y132.331 I-2.696 J1.331 E.0851
G1 X138.734 Y134.815 E.0766
G1 X138.343 Y135.066 E.01434
G1 X138.343 Y132.937 E.06568
G3 X137.953 Y133.331 I-2.397 J-1.989 E.01713
G1 X137.953 Y135.267 E.05974
G1 X137.562 Y135.423 E.01297
G1 X137.562 Y133.611 E.05592
G3 X137.172 Y133.807 I-1.93 J-3.354 E.01349
G1 X137.172 Y135.541 E.05349
G1 X136.781 Y135.624 E.01232
G1 X136.781 Y133.938 E.05201
G3 X136.39 Y134.016 I-.567 J-1.82 E.01231
G1 X136.39 Y135.675 E.05118
G1 X136 Y135.693 E.01206
G1 X136 Y134.044 E.05087
G3 X135.609 Y134.016 I-.061 J-1.877 E.0121
G1 X135.609 Y135.675 E.05118
G1 X135.219 Y135.624 E.01215
G1 X135.219 Y133.938 E.05201
G3 X134.828 Y133.807 I.43 J-1.924 E.01273
G1 X134.828 Y135.541 E.05349
G1 X134.438 Y135.423 E.01258
G1 X134.438 Y133.61 E.05592
G3 X134.047 Y133.331 I1.131 J-1.99 E.01485
G1 X134.047 Y135.267 E.05974
G1 X133.657 Y135.066 E.01355
G1 X133.657 Y132.662 E.07417
G1 E-1.75 F6000
;WIPE_START
G1 F1800
G1 X133.657 Y133.662 E-.75
;WIPE_END
G1 X133.939 Y133.314 Z6.64 F18000
G1 X137.822 Y133.508
G1 X138.832 Y129.739
G1 X138.685 Y129.45
G1 X138.532 Y129.215
G1 X138.343 Y129.338
G1 Z6.44
G1 E2.5 F6000
G1 F1800
G1 X138.343 Y126.934 E.07417
G1 X137.953 Y126.733 E.01355
G1 X137.953 Y128.669 E.05974
G2 X137.562 Y128.389 I-1.521 J1.711 E.01485
G1 X137.562 Y126.577 E.05592
G1 X137.172 Y126.459 E.01258
G1 X137.172 Y128.193 E.05349
G2 X136.781 Y128.062 I-.82 J1.793 E.01273
G1 X136.781 Y126.376 E.05201
G1 X136.39 Y126.325 E.01215
G1 X136.39 Y127.984 E.05118
G2 X136 Y127.956 I-.624 J5.927 E.01208
G1 X136 Y126.308 E.05084
G1 X135.609 Y126.325 E.01206
G1 X135.609 Y127.985 E.05121
G2 X135.219 Y128.062 I.151 J1.792 E.01231
G1 X135.219 Y126.376 E.05201
G1 X134.828 Y126.459 E.01232
G1 X134.828 Y128.193 E.05349
G2 X134.438 Y128.39 I1.54 J3.549 E.01349
G1 X134.438 Y126.577 E.05592
G1 X134.047 Y126.733 E.01298
G1 X134.047 Y128.669 E.05974
G2 X133.657 Y129.063 I2.007 J2.382 E.01713
G1 X133.657 Y126.934 E.06569
G1 X133.266 Y127.186 E.01434
G1 X133.266 Y129.669 E.07661
G2 X133.266 Y132.331 I2.697 J1.331 E.08509
G1 X133.266 Y134.814 E.07661
G1 X132.876 Y134.502 E.01543
G1 X132.876 Y127.498 E.21607
G1 X132.485 Y127.891 E.01708
G1 X132.485 Y134.109 E.19185
G1 X132.222 Y133.785 E.01289
G1 X132.095 Y133.596 E.00703
G1 X132.095 Y128.404 E.16017
G1 X131.922 Y128.678 E.00998
G1 X131.704 Y129.111 E.01495
G1 X131.704 Y132.889 E.11657
G1 X131.51 Y132.361 E.01736
G1 X131.408 Y131.971 E.01243
G1 X131.336 Y131.518 E.01415
G1 X131.313 Y131.175 E.01063
G1 X131.313 Y129.717 E.04497
G1 E-1.75 F6000
;WIPE_START
G1 F1800
G1 X131.313 Y130.717 E-.75
;WIPE_END
G1 X134.719 Y128.995 Z6.64 F18000
G1 X138.648 Y127.01 Z6.64
G1 Z6.44
G1 E2.5 F6000
M204 P2000
;TYPE:Gap infill
;WIDTH:0.0946242
G1 X138.56 Y126.874 E.00066
G1 X138.533 Y126.868 E.00011
G1 X137.118 Y126.249 F18000
;WIDTH:0.137796
G1 F6000
G1 X137.014 Y126.274 E.00081
G1 X136.893 Y126.202 E.00105
G1 X135.51 Y126.142 F18000
;WIDTH:0.12205
G1 F6000
G1 X135.346 Y126.228 E.00116
G1 X133.858 Y126.636 F18000
;WIDTH:0.0949346
G1 F6000
G2 X133.749 Y126.761 I.363 J.427 E.00069
G1 X131.403 Y129.717 F18000
;WIDTH:0.217872
G1 F6000
G3 X131.433 Y129.504 I6.288 J.768 E.00296
;WIDTH:0.181251
G1 X131.446 Y129.426 E.00087
;WIDTH:0.147851
G1 X131.468 Y129.307 E.001
;WIDTH:0.127955
G1 X131.49 Y129.189 E.00081
G1 X133.468 Y135.132 F18000
;WIDTH:0.0870634
G1 F6000
G1 X133.44 Y135.126 E.0001
G1 X133.353 Y134.99 E.00057
G1 X135.103 Y135.797 F18000
;WIDTH:0.134295
G1 F6000
G1 X134.986 Y135.726 E.00099
G1 X135.007 Y135.65 E.00057
G1 X136.654 Y135.772 F18000
;WIDTH:0.135286
G1 F6000
G1 X136.49 Y135.858 E.00135
G1 X137.525 Y135.638 F18000
;WIDTH:0.137039
G1 F6000
G1 X137.415 Y135.619 E.00083
G1 X137.376 Y135.532 E.00071
G1 X138.251 Y135.239 F18000
;WIDTH:0.10855
G1 F6000
G3 X138.142 Y135.365 I-.472 J-.301 E.00087
G1 X140.597 Y132.284 F18000
;WIDTH:0.222014
G1 F6000
G3 X140.571 Y132.473 I-8.081 J-1.012 E.0027
;WIDTH:0.189976
G1 X140.559 Y132.546 E.00086
;WIDTH:0.155422
G1 X140.534 Y132.679 E.0012
;WIDTH:0.132991
G1 X140.51 Y132.811 E.00096
G1 X140.686 Y90.284 F18000
M204 P1000
;TYPE:Top surface
;WIDTH:0.433462
G1 F1800
G1 X140.686 Y88.823 E.04504
G1 X140.665 Y88.483 E.01053
G1 X140.592 Y88.029 E.01419
G1 X140.49 Y87.639 E.01242
G1 X140.296 Y87.11 E.01737
G1 X140.296 Y90.89 E.11658
G1 X140.078 Y91.322 E.01494
G1 X139.905 Y91.596 E.00999
G1 X139.905 Y86.404 E.16018
G1 X139.777 Y86.215 E.00706
G1 X139.515 Y85.891 E.01286
G1 X139.515 Y92.109 E.19186
G1 X139.124 Y92.502 E.01708
G1 X139.124 Y85.498 E.21608
G1 X138.734 Y85.185 E.01543
G1 X138.734 Y87.669 E.0766
G3 X138.734 Y90.331 I-2.696 J1.331 E.0851
G1 X138.734 Y92.815 E.0766
G1 X138.343 Y93.066 E.01434
G1 X138.343 Y90.937 E.06568
G3 X137.953 Y91.331 I-2.397 J-1.989 E.01713
G1 X137.953 Y93.267 E.05974
G1 X137.562 Y93.423 E.01297
G1 X137.562 Y91.611 E.05592
G3 X137.172 Y91.807 I-1.93 J-3.354 E.01349
G1 X137.172 Y93.541 E.05349
G1 X136.781 Y93.624 E.01232
G1 X136.781 Y91.938 E.05201
G3 X136.39 Y92.016 I-.567 J-1.82 E.01231
G1 X136.39 Y93.675 E.05118
G1 X136 Y93.693 E.01206
G1 X136 Y92.044 E.05087
G3 X135.609 Y92.016 I-.061 J-1.877 E.0121
G1 X135.609 Y93.675 E.05118
G1 X135.219 Y93.624 E.01215
G1 X135.219 Y91.938 E.05201
G3 X134.828 Y91.807 I.43 J-1.924 E.01273
G1 X134.828 Y93.541 E.05349
G1 X134.438 Y93.423 E.01258
G1 X134.438 Y91.61 E.05592
G3 X134.047 Y91.331 I1.131 J-1.99 E.01485
G1 X134.047 Y93.267 E.05974
G1 X133.657 Y93.066 E.01355
G1 X133.657 Y90.662 E.07417
G1 E-1.75 F6000
;WIPE_START
G1 F1800
G1 X133.657 Y91.662 E-.75
;WIPE_END
G1 X133.939 Y91.314 Z6.64 F18000
G1 X137.822 Y91.508
G1 X138.832 Y87.739
G1 X138.685 Y87.45
G1 X138.532 Y87.215
G1 X138.343 Y87.338
G1 Z6.44
G1 E2.5 F6000
G1 F1800
G1 X138.343 Y84.934 E.07417
G1 X137.953 Y84.733 E.01355
G1 X137.953 Y86.669 E.05974
G2 X137.562 Y86.389 I-1.521 J1.711 E.01485
G1 X137.562 Y84.577 E.05592
G1 X137.172 Y84.459 E.01258
G1 X137.172 Y86.193 E.05349
G2 X136.781 Y86.062 I-.82 J1.793 E.01273
G1 X136.781 Y84.376 E.05201
G1 X136.39 Y84.325 E.01215
G1 X136.39 Y85.984 E.05118
G2 X136 Y85.956 I-.624 J5.927 E.01208
G1 X136 Y84.308 E.05084
G1 X135.609 Y84.325 E.01206
G1 X135.609 Y85.985 E.05121
G2 X135.219 Y86.062 I.151 J1.792 E.01231
G1 X135.219 Y84.376 E.05201
G1 X134.828 Y84.459 E.01232
G1 X134.828 Y86.193 E.05349
G2 X134.438 Y86.39 I1.54 J3.549 E.01349
G1 X134.438 Y84.577 E.05592
G1 X134.047 Y84.733 E.01298
G1 X134.047 Y86.669 E.05974
G2 X133.657 Y87.063 I2.007 J2.382 E.01713
G1 X133.657 Y84.934 E.06569
G1 X133.266 Y85.186 E.01434
G1 X133.266 Y87.669 E.07661
G2 X133.266 Y90.331 I2.697 J1.331 E.08509
G1 X133.266 Y92.814 E.07661
G1 X132.876 Y92.502 E.01543
G1 X132.876 Y85.498 E.21607
G1 X132.485 Y85.891 E.01708
G1 X132.485 Y92.109 E.19185
G1 X132.222 Y91.785 E.01289
G1 X132.095 Y91.596 E.00703
G1 X132.095 Y86.404 E.16017
G1 X131.922 Y86.678 E.00998
G1 X131.704 Y87.111 E.01495
G1 X131.704 Y90.889 E.11657
G1 X131.51 Y90.361 E.01736
G1 X131.408 Y89.971 E.01243
G1 X131.336 Y89.518 E.01415
G1 X131.313 Y89.175 E.01063
G1 X131.313 Y87.717 E.04497
G1 E-1.75 F6000
;WIPE_START
G1 F1800
G1 X131.313 Y88.717 E-.75
;WIPE_END
G1 X134.719 Y86.995 Z6.64 F18000
G1 X138.648 Y85.01 Z6.64
G1 Z6.44
G1 E2.5 F6000
M204 P2000
;TYPE:Gap infill
;WIDTH:0.0946246
G1 X138.56 Y84.874 E.00066
G1 X138.533 Y84.868 E.00011
G1 X137.118 Y84.249 F18000
;WIDTH:0.137789
G1 F6000
G1 X137.014 Y84.274 E.00081
G1 X136.893 Y84.202 E.00105
G1 X135.51 Y84.142 F18000
;WIDTH:0.122049
G1 F6000
G1 X135.346 Y84.228 E.00116
G1 X133.858 Y84.636 F18000
;WIDTH:0.0949348
G1 F6000
G2 X133.749 Y84.761 I.362 J.426 E.00069
G1 X131.403 Y87.717 F18000
;WIDTH:0.217872
G1 F6000
G3 X131.433 Y87.504 I6.288 J.768 E.00296
;WIDTH:0.181251
G1 X131.446 Y87.426 E.00087
;WIDTH:0.147851
G1 X131.468 Y87.307 E.001
;WIDTH:0.127955
G1 X131.49 Y87.189 E.00081
G1 X133.468 Y93.132 F18000
;WIDTH:0.0870634
G1 F6000
G1 X133.44 Y93.126 E.0001
G1 X133.353 Y92.99 E.00057
G1 X135.103 Y93.797 F18000
;WIDTH:0.134297
G1 F6000
G1 X134.986 Y93.726 E.00099
G1 X135.007 Y93.65 E.00057
G1 X136.654 Y93.772 F18000
;WIDTH:0.135286
G1 F6000
G1 X136.49 Y93.858 E.00135
G1 X137.525 Y93.638 F18000
;WIDTH:0.137045
G1 F6000
G1 X137.415 Y93.619 E.00083
G1 X137.376 Y93.532 E.00071
G1 X138.251 Y93.239 F18000
;WIDTH:0.108552
G1 F6000
G3 X138.142 Y93.365 I-.472 J-.301 E.00087
G1 X140.597 Y90.284 F18000
;WIDTH:0.222014
G1 F6000
G3 X140.571 Y90.473 I-8.081 J-1.012 E.0027
;WIDTH:0.189976
G1 X140.559 Y90.546 E.00086
;WIDTH:0.155422
G1 X140.534 Y90.679 E.0012
;WIDTH:0.132991
G1 X140.51 Y90.811 E.00096
G1 X140.299 Y90.73 F18000
G1 X140.267 Y90.814
G1 X140.258 Y90.836
G1 X140.246 Y90.865
G1 X140.235 Y90.89
G1 X140.222 Y90.918
G1 X140.208 Y90.948
G1 X140.199 Y90.966
G1 X140.054 Y91.25
G1 X140.043 Y91.27
G1 X140.028 Y91.298
G1 X140.014 Y91.324
G1 X139.998 Y91.35
G1 X139.981 Y91.377
G1 X139.97 Y91.395
G1 X139.796 Y91.662
G1 X139.784 Y91.68
G1 X139.766 Y91.706
G1 X139.749 Y91.73
G1 X139.731 Y91.754
G1 X139.711 Y91.78
G1 X139.697 Y91.797
G1 X139.498 Y92.044
G1 X139.483 Y92.061
G1 X139.462 Y92.086
G1 X139.444 Y92.106
G1 X139.422 Y92.129
G1 X139.4 Y92.153
G1 X139.385 Y92.168
G1 X139.16 Y92.393
G1 X139.144 Y92.408
G1 X139.12 Y92.431
G1 X139.1 Y92.449
G1 X139.076 Y92.47
G1 X139.052 Y92.49
G1 X139.035 Y92.505
G1 X138.788 Y92.705
G1 X138.77 Y92.719
G1 X138.745 Y92.738
G1 X138.723 Y92.754
G1 X138.698 Y92.772
G1 X138.671 Y92.79
G1 X138.652 Y92.803
G1 X138.385 Y92.976
G1 X138.368 Y92.987
G1 X138.34 Y93.004
G1 X138.315 Y93.019
G1 X138.288 Y93.034
G1 X138.259 Y93.049
G1 X138.24 Y93.059
G1 X137.957 Y93.203
G1 X137.936 Y93.213
G1 X137.908 Y93.227
G1 X137.882 Y93.239
G1 X137.854 Y93.251
G1 X137.825 Y93.262
G1 X137.803 Y93.271
G1 X137.507 Y93.385
G1 X137.487 Y93.392
G1 X137.456 Y93.403
G1 X137.43 Y93.412
G1 X137.399 Y93.421
G1 X137.369 Y93.43
G1 X137.348 Y93.436
G1 X137.04 Y93.518
G1 X137.018 Y93.524
G1 X136.987 Y93.531
G1 X136.96 Y93.537
G1 X136.93 Y93.543
G1 X136.898 Y93.549
G1 X136.876 Y93.553
G1 X136.562 Y93.602
G1 X136.54 Y93.605
G1 X136.508 Y93.61
G1 X136.481 Y93.613
G1 X136.45 Y93.615
G1 X136.418 Y93.618
G1 X136.396 Y93.619
G1 X136.077 Y93.636
G1 X136.056 Y93.637
G1 X136.024 Y93.637
G1 X135.996 Y93.638
G1 X135.965 Y93.637
G1 X135.933 Y93.636
G1 X135.91 Y93.635
G1 X135.594 Y93.619
G1 X135.572 Y93.617
G1 X135.539 Y93.615
G1 X135.511 Y93.612
G1 X135.48 Y93.608
G1 X135.449 Y93.604
G1 X135.425 Y93.6
G1 X135.113 Y93.551
G1 X135.09 Y93.547
G1 X135.059 Y93.541
G1 X135.031 Y93.535
G1 X135.001 Y93.528
G1 X134.97 Y93.521
G1 X134.949 Y93.516
G1 X134.642 Y93.433
G1 X134.62 Y93.427
G1 X134.59 Y93.418
G1 X134.562 Y93.409
G1 X134.533 Y93.399
G1 X134.503 Y93.388
G1 X134.483 Y93.381
G1 X134.185 Y93.267
G1 X134.164 Y93.258
G1 X134.136 Y93.246
G1 X134.109 Y93.234
G1 X134.082 Y93.222
G1 X134.053 Y93.208
G1 X134.034 Y93.199
G1 X133.75 Y93.054
G1 X133.73 Y93.044
G1 X133.701 Y93.028
G1 X133.677 Y93.014
G1 X133.651 Y92.998
G1 X133.623 Y92.981
G1 X133.605 Y92.97
G1 X133.337 Y92.796
G1 X133.32 Y92.784
G1 X133.293 Y92.765
G1 X133.27 Y92.749
G1 X133.246 Y92.731
G1 X133.221 Y92.712
G1 X133.204 Y92.698
G1 X132.956 Y92.498
G1 X132.94 Y92.484
G1 X132.915 Y92.463
G1 X132.893 Y92.443
G1 X132.872 Y92.423
G1 X132.847 Y92.4
G1 X132.832 Y92.385
G1 X132.607 Y92.16
G1 X132.592 Y92.144
G1 X132.569 Y92.12
G1 X132.55 Y92.099
G1 X132.53 Y92.077
G1 X132.51 Y92.052
G1 X132.496 Y92.035
G1 X132.295 Y91.788
G1 X132.282 Y91.771
G1 X132.262 Y91.744
G1 X132.245 Y91.722
G1 X132.228 Y91.697
G1 X132.21 Y91.671
G1 X132.198 Y91.653
G1 X132.024 Y91.386
G1 X132.012 Y91.367
G1 X131.996 Y91.34
G1 X131.981 Y91.314
G1 X131.966 Y91.288
G1 X131.951 Y91.26
G1 X131.94 Y91.239
G1 X131.796 Y90.956
G1 X131.787 Y90.937
G1 X131.773 Y90.907
G1 X131.762 Y90.883
G1 X131.749 Y90.854
G1 X131.737 Y90.824
G1 X131.729 Y90.803
G1 X131.698 Y90.722
G1 X88.469 Y90.225
G1 X88.686 Y90.284
M204 P1000
;TYPE:Top surface
;WIDTH:0.433462
G1 F1800
G1 X88.686 Y88.823 E.04504
G1 X88.665 Y88.483 E.01053
G1 X88.592 Y88.029 E.01419
G1 X88.49 Y87.639 E.01242
G1 X88.296 Y87.11 E.01737
G1 X88.296 Y90.89 E.11658
G1 X88.078 Y91.322 E.01494
G1 X87.905 Y91.596 E.00999
G1 X87.905 Y86.404 E.16018
G1 X87.777 Y86.215 E.00706
G1 X87.515 Y85.891 E.01286
G1 X87.515 Y92.109 E.19186
G1 X87.124 Y92.502 E.01708
G1 X87.124 Y85.498 E.21608
G1 X86.734 Y85.185 E.01543
G1 X86.734 Y87.669 E.0766
G3 X86.734 Y90.331 I-2.696 J1.331 E.0851
G1 X86.734 Y92.815 E.0766
G1 X86.343 Y93.066 E.01434
G1 X86.343 Y90.937 E.06568
G3 X85.953 Y91.331 I-2.397 J-1.989 E.01713
G1 X85.953 Y93.267 E.05974
G1 X85.562 Y93.423 E.01297
G1 X85.562 Y91.611 E.05592
G3 X85.172 Y91.807 I-1.93 J-3.354 E.01349
G1 X85.172 Y93.541 E.05349
G1 X84.781 Y93.624 E.01232
G1 X84.781 Y91.938 E.05201
G3 X84.39 Y92.016 I-.567 J-1.82 E.01231
G1 X84.39 Y93.675 E.05118
G1 X84 Y93.693 E.01206
G1 X84 Y92.044 E.05087
G3 X83.609 Y92.016 I-.061 J-1.877 E.0121
G1 X83.609 Y93.675 E.05118
G1 X83.219 Y93.624 E.01215
G1 X83.219 Y91.938 E.05201
G3 X82.828 Y91.807 I.43 J-1.924 E.01273
G1 X82.828 Y93.541 E.05349
G1 X82.438 Y93.423 E.01258
G1 X82.438 Y91.61 E.05592
G3 X82.047 Y91.331 I1.131 J-1.99 E.01485
G1 X82.047 Y93.267 E.05974
G1 X81.657 Y93.066 E.01355
G1 X81.657 Y90.662 E.07417
G1 E-1.75 F6000
;WIPE_START
G1 F1800
G1 X81.657 Y91.662 E-.75
;WIPE_END
G1 X81.939 Y91.314 Z6.64 F18000
G1 X85.822 Y91.508
G1 X86.832 Y87.739
G1 X86.685 Y87.45
G1 X86.532 Y87.215
G1 X86.343 Y87.338
G1 Z6.44
G1 E2.5 F6000
G1 F1800
G1 X86.343 Y84.934 E.07417
G1 X85.953 Y84.733 E.01355
G1 X85.953 Y86.669 E.05974
G2 X85.562 Y86.389 I-1.521 J1.711 E.01485
G1 X85.562 Y84.577 E.05592
G1 X85.172 Y84.459 E.01258
G1 X85.172 Y86.193 E.05349
G2 X84.781 Y86.062 I-.82 J1.793 E.01273
G1 X84.781 Y84.376 E.05201
G1 X84.39 Y84.325 E.01215
G1 X84.39 Y85.984 E.05118
G2 X84 Y85.956 I-.624 J5.927 E.01208
G1 X84 Y84.308 E.05084
G1 X83.609 Y84.325 E.01206
G1 X83.609 Y85.985 E.05121
G2 X83.219 Y86.062 I.151 J1.792 E.01231
G1 X83.219 Y84.376 E.05201
G1 X82.828 Y84.459 E.01232
G1 X82.828 Y86.193 E.05349
G2 X82.438 Y86.39 I1.54 J3.549 E.01349
G1 X82.438 Y84.577 E.05592
G1 X82.047 Y84.733 E.01298
G1 X82.047 Y86.669 E.05974
G2 X81.657 Y87.063 I2.007 J2.382 E.01713
G1 X81.657 Y84.934 E.06569
G1 X81.266 Y85.186 E.01434
G1 X81.266 Y87.669 E.07661
G2 X81.266 Y90.331 I2.697 J1.331 E.08509
G1 X81.266 Y92.814 E.07661
G1 X80.876 Y92.502 E.01543
G1 X80.876 Y85.498 E.21607
G1 X80.485 Y85.891 E.01708
G1 X80.485 Y92.109 E.19185
G1 X80.222 Y91.785 E.01289
G1 X80.095 Y91.596 E.00703
G1 X80.095 Y86.404 E.16017
G1 X79.922 Y86.678 E.00998
G1 X79.704 Y87.111 E.01495
G1 X79.704 Y90.889 E.11657
G1 X79.51 Y90.361 E.01736
G1 X79.408 Y89.971 E.01243
G1 X79.336 Y89.518 E.01415
G1 X79.313 Y89.175 E.01063
G1 X79.313 Y87.717 E.04497
G1 E-1.75 F6000
;WIPE_START
G1 F1800
G1 X79.313 Y88.717 E-.75
;WIPE_END
G1 X82.719 Y86.995 Z6.64 F18000
G1 X86.648 Y85.01 Z6.64
G1 Z6.44
G1 E2.5 F6000
M204 P2000
;TYPE:Gap infill
;WIDTH:0.0946246
G1 X86.56 Y84.874 E.00066
G1 X86.533 Y84.868 E.00011
G1 X85.118 Y84.249 F18000
;WIDTH:0.137789
G1 F6000
G1 X85.014 Y84.274 E.00081
G1 X84.893 Y84.202 E.00105
G1 X83.51 Y84.142 F18000
;WIDTH:0.122049
G1 F6000
G1 X83.346 Y84.228 E.00116
G1 X81.858 Y84.636 F18000
;WIDTH:0.0949348
G1 F6000
G2 X81.749 Y84.761 I.362 J.426 E.00069
G1 X79.403 Y87.717 F18000
;WIDTH:0.217872
G1 F6000
G3 X79.433 Y87.504 I6.285 J.768 E.00296
;WIDTH:0.181251
G1 X79.446 Y87.426 E.00087
;WIDTH:0.147851
G1 X79.468 Y87.307 E.001
;WIDTH:0.127955
G1 X79.49 Y87.189 E.00081
G1 X81.468 Y93.132 F18000
;WIDTH:0.0870634
G1 F6000
G1 X81.44 Y93.126 E.0001
G1 X81.353 Y92.99 E.00057
G1 X83.103 Y93.797 F18000
;WIDTH:0.134297
G1 F6000
G1 X82.986 Y93.726 E.00099
G1 X83.007 Y93.65 E.00057
G1 X84.654 Y93.772 F18000
;WIDTH:0.135286
G1 F6000
G1 X84.49 Y93.858 E.00135
G1 X85.525 Y93.638 F18000
;WIDTH:0.137045
G1 F6000
G1 X85.415 Y93.619 E.00083
G1 X85.376 Y93.532 E.00071
G1 X86.251 Y93.239 F18000
;WIDTH:0.108552
G1 F6000
G3 X86.142 Y93.365 I-.472 J-.301 E.00087
G1 X88.597 Y90.284 F18000
;WIDTH:0.222014
G1 F6000
G3 X88.571 Y90.473 I-8.087 J-1.013 E.0027
;WIDTH:0.189976
G1 X88.559 Y90.546 E.00086
;WIDTH:0.155422
G1 X88.534 Y90.679 E.0012
;WIDTH:0.132991
G1 X88.51 Y90.811 E.00096
G1 X88.686 Y132.284 F18000
M204 P1000
;TYPE:Top surface
;WIDTH:0.433462
G1 F1800
G1 X88.686 Y130.823 E.04504
G1 X88.665 Y130.483 E.01053
G1 X88.592 Y130.029 E.01419
G1 X88.49 Y129.639 E.01242
G1 X88.296 Y129.11 E.01737
G1 X88.296 Y132.89 E.11658
G1 X88.078 Y133.322 E.01494
G1 X87.905 Y133.596 E.00999
G1 X87.905 Y128.404 E.16018
G1 X87.777 Y128.215 E.00706
G1 X87.515 Y127.891 E.01286
G1 X87.515 Y134.109 E.19186
G1 X87.124 Y134.502 E.01708
G1 X87.124 Y127.498 E.21608
G1 X86.734 Y127.185 E.01543
G1 X86.734 Y129.669 E.0766
G3 X86.734 Y132.331 I-2.696 J1.331 E.0851
G1 X86.734 Y134.815 E.0766
G1 X86.343 Y135.066 E.01434
G1 X86.343 Y132.937 E.06568
G3 X85.953 Y133.331 I-2.397 J-1.989 E.01713
G1 X85.953 Y135.267 E.05974
G1 X85.562 Y135.423 E.01297
G1 X85.562 Y133.611 E.05592
G3 X85.172 Y133.807 I-1.93 J-3.354 E.01349
G1 X85.172 Y135.541 E.05349
G1 X84.781 Y135.624 E.01232
G1 X84.781 Y133.938 E.05201
G3 X84.39 Y134.016 I-.567 J-1.82 E.01231
G1 X84.39 Y135.675 E.05118
G1 X84 Y135.693 E.01206
G1 X84 Y134.044 E.05087
G3 X83.609 Y134.016 I-.061 J-1.877 E.0121
G1 X83.609 Y135.675 E.05118
G1 X83.219 Y135.624 E.01215
G1 X83.219 Y133.938 E.05201
G3 X82.828 Y133.807 I.43 J-1.924 E.01273
G1 X82.828 Y135.541 E.05349
G1 X82.438 Y135.423 E.01258
G1 X82.438 Y133.61 E.05592
G3 X82.047 Y133.331 I1.131 J-1.99 E.01485
G1 X82.047 Y135.267 E.05974
G1 X81.657 Y135.066 E.01355
G1 X81.657 Y132.662 E.07417
G1 E-1.75 F6000
;WIPE_START
G1 F1800
G1 X81.657 Y133.662 E-.75
;WIPE_END
G1 X81.939 Y133.314 Z6.64 F18000
G1 X85.822 Y133.508
G1 X86.832 Y129.739
G1 X86.685 Y129.45
G1 X86.532 Y129.215
G1 X86.343 Y129.338
G1 Z6.44
G1 E2.5 F6000
G1 F1800
G1 X86.343 Y126.934 E.07417
G1 X85.953 Y126.733 E.01355
G1 X85.953 Y128.669 E.05974
G2 X85.562 Y128.389 I-1.521 J1.711 E.01485
G1 X85.562 Y126.577 E.05592
G1 X85.172 Y126.459 E.01258
G1 X85.172 Y128.193 E.05349
G2 X84.781 Y128.062 I-.82 J1.793 E.01273
G1 X84.781 Y126.376 E.05201
G1 X84.39 Y126.325 E.01215
G1 X84.39 Y127.984 E.05118
G2 X84 Y127.956 I-.624 J5.927 E.01208
G1 X84 Y126.308 E.05084
G1 X83.609 Y126.325 E.01206
G1 X83.609 Y127.985 E.05121
G2 X83.219 Y128.062 I.151 J1.792 E.01231
G1 X83.219 Y126.376 E.05201
G1 X82.828 Y126.459 E.01232
G1 X82.828 Y128.193 E.05349
G2 X82.438 Y128.39 I1.54 J3.549 E.01349
G1 X82.438 Y126.577 E.05592
G1 X82.047 Y126.733 E.01298
G1 X82.047 Y128.669 E.05974
G2 X81.657 Y129.063 I2.007 J2.382 E.01713
G1 X81.657 Y126.934 E.06569
G1 X81.266 Y127.186 E.01434
G1 X81.266 Y129.669 E.07661
G2 X81.266 Y132.331 I2.697 J1.331 E.08509
G1 X81.266 Y134.814 E.07661
G1 X80.876 Y134.502 E.01543
G1 X80.876 Y127.498 E.21607
G1 X80.485 Y127.891 E.01708
G1 X80.485 Y134.109 E.19185
G1 X80.222 Y133.785 E.01289
G1 X80.095 Y133.596 E.00703
G1 X80.095 Y128.404 E.16017
G1 X79.922 Y128.678 E.00998
G1 X79.704 Y129.111 E.01495
G1 X79.704 Y132.889 E.11657
G1 X79.51 Y132.361 E.01736
G1 X79.408 Y131.971 E.01243
G1 X79.336 Y131.518 E.01415
G1 X79.313 Y131.175 E.01063
G1 X79.313 Y129.717 E.04497
G1 E-1.75 F6000
;WIPE_START
G1 F1800
G1 X79.313 Y130.717 E-.75
;WIPE_END
G1 X82.719 Y128.995 Z6.64 F18000
G1 X86.648 Y127.01 Z6.64
G1 Z6.44
G1 E2.5 F6000
M204 P2000
;TYPE:Gap infill
;WIDTH:0.0946242
G1 X86.56 Y126.874 E.00066
G1 X86.533 Y126.868 E.00011
G1 X85.118 Y126.249 F18000
;WIDTH:0.137796
G1 F6000
G1 X85.014 Y126.274 E.00081
G1 X84.893 Y126.202 E.00105
G1 X83.51 Y126.142 F18000
;WIDTH:0.12205
G1 F6000
G1 X83.346 Y126.228 E.00116
G1 X81.858 Y126.636 F18000
;WIDTH:0.0949346
G1 F6000
G2 X81.749 Y126.761 I.363 J.427 E.00069
G1 X79.403 Y129.717 F18000
;WIDTH:0.217872
G1 F6000
G3 X79.433 Y129.504 I6.285 J.768 E.00296
;WIDTH:0.181251
G1 X79.446 Y129.426 E.00087
;WIDTH:0.147851
G1 X79.468 Y129.307 E.001
;WIDTH:0.127955
G1 X79.49 Y129.189 E.00081
G1 X81.468 Y135.132 F18000
;WIDTH:0.0870633
G1 F6000
G1 X81.44 Y135.126 E.0001
G1 X81.353 Y134.99 E.00057
G1 X83.103 Y135.797 F18000
;WIDTH:0.134295
G1 F6000
G1 X82.986 Y135.726 E.00099
G1 X83.007 Y135.65 E.00057
G1 X84.654 Y135.772 F18000
;WIDTH:0.135286
G1 F6000
G1 X84.49 Y135.858 E.00135
G1 X85.525 Y135.638 F18000
;WIDTH:0.137039
G1 F6000
G1 X85.415 Y135.619 E.00083
G1 X85.376 Y135.532 E.00071
G1 X86.251 Y135.239 F18000
;WIDTH:0.108551
G1 F6000
G3 X86.142 Y135.365 I-.472 J-.301 E.00087
G1 X88.597 Y132.284 F18000
;WIDTH:0.222014
G1 F6000
G3 X88.571 Y132.473 I-8.087 J-1.013 E.0027
;WIDTH:0.189976
G1 X88.559 Y132.546 E.00086
;WIDTH:0.155422
G1 X88.534 Y132.679 E.0012
;WIDTH:0.132991
G1 X88.51 Y132.811 E.00096
G1 X77.28 Y142.572 F18000
M204 P500
;TYPE:Internal Bridge
;WIDTH:0.379473
;HEIGHT:0.379473
G1 F2250
M106 S127
G1 X77.938 Y143.229 E.04152
G2 X78.942 Y143.626 I1.047 J-1.18 E.04924
G1 X77.38 Y142.064 E.09869
G3 X77.369 Y141.446 I3.025 J-.364 E.02768
G1 X79.554 Y143.631 E.13807
G1 X80.162 Y143.631 E.02713
G1 X77.369 Y140.838 E.17644
G1 X77.369 Y140.231 E.02713
G1 X80.769 Y143.631 E.21481
G1 X81.376 Y143.631 E.02713
G1 X77.369 Y139.624 E.25318
G1 X77.369 Y139.016 E.02713
G1 X81.984 Y143.631 E.29155
G1 X82.591 Y143.631 E.02713
G1 X77.369 Y138.409 E.32992
G1 X77.369 Y137.802 E.02713
G1 X83.198 Y143.631 E.36828
G1 X83.806 Y143.631 E.02713
G1 X77.369 Y137.194 E.40665
G1 X77.369 Y136.587 E.02713
G1 X84.413 Y143.631 E.44502
G1 X85.021 Y143.631 E.02713
G1 X77.369 Y135.979 E.48339
G1 X77.369 Y135.372 E.02713
G1 X85.628 Y143.631 E.52176
G1 X86.235 Y143.631 E.02713
G1 X77.369 Y134.765 E.56013
G1 X77.369 Y134.157 E.02713
G1 X86.843 Y143.631 E.5985
G1 X87.45 Y143.631 E.02713
G1 X77.369 Y133.55 E.63686
G1 X77.369 Y132.943 E.02713
G1 X88.057 Y143.631 E.67523
G1 X88.665 Y143.631 E.02713
G1 X77.369 Y132.335 E.7136
G1 X77.369 Y131.728 E.02713
G1 X89.272 Y143.631 E.75197
G1 X89.88 Y143.631 E.02713
G1 X81.884 Y135.636 E.50507
G1 X81.454 Y135.415 E.02162
G1 X81.07 Y135.169 E.02035
G1 X80.507 Y134.709 E.03247
G1 X80.203 Y134.399 E.01941
G1 X79.873 Y133.99 E.0235
G1 X79.589 Y133.554 E.02322
G1 X79.364 Y133.116 E.02201
G1 X77.369 Y131.12 E.12604
G1 X77.369 Y130.513 E.02713
G1 X79.047 Y132.192 E.10603
G1 X78.996 Y131.961 E.01053
G1 X78.925 Y131.462 E.02252
G1 X77.369 Y129.906 E.09833
G1 X77.369 Y129.298 E.02713
G1 X78.909 Y130.839 E.0973
G1 X78.958 Y130.28 E.02504
G1 X77.369 Y128.691 E.1004
G1 X77.369 Y128.084 E.02713
G1 X79.057 Y129.772 E.10665
G1 X79.196 Y129.304 E.02181
G1 X77.369 Y127.476 E.11545
G1 X77.369 Y126.869 E.02713
G1 X79.37 Y128.871 E.12645
G1 X79.576 Y128.469 E.02015
G1 X77.369 Y126.262 E.13946
G1 X77.369 Y125.654 E.02713
G1 X79.812 Y128.098 E.15438
G1 X80.076 Y127.754 E.01935
G1 X77.369 Y125.047 E.17101
G1 X77.369 Y124.439 E.02713
G1 X80.364 Y127.434 E.1892
G1 X80.676 Y127.139 E.01919
G1 X77.369 Y123.832 E.20891
G1 X77.369 Y123.225 E.02713
G1 X81.014 Y126.87 E.23028
G1 X81.381 Y126.629 E.01959
G1 X77.369 Y122.617 E.25344
G1 X77.369 Y122.01 E.02713
G1 X81.776 Y126.418 E.27844
G1 X82.202 Y126.236 E.02067
G1 X77.369 Y121.403 E.3053
G1 X77.369 Y120.795 E.02713
G1 X82.66 Y126.087 E.33428
G1 X83.158 Y125.977 E.02277
G1 X77.369 Y120.188 E.36573
G1 X77.369 Y119.581 E.02713
G1 X83.704 Y125.916 E.40022
G1 X83.984 Y125.904 E.01252
G1 X84.313 Y125.917 E.0147
G1 X77.369 Y118.973 E.43868
G1 X77.369 Y118.366 E.02713
G1 X85.271 Y126.269 E.49923
G1 X85.203 Y126.525 F18000
G1 X85.039 Y126.481
G1 X85.018 Y126.476
G1 X84.987 Y126.469
G1 X84.96 Y126.463
G1 X84.93 Y126.457
G1 X84.898 Y126.451
G1 X84.876 Y126.447
G1 X84.561 Y126.397
G1 X84.538 Y126.394
G1 X84.504 Y126.39
G1 X84.474 Y126.387
G1 X84.442 Y126.384
G1 X84.408 Y126.381
G1 X84.385 Y126.38
G1 X84.051 Y126.365
G1 X84.011 Y126.364
G1 X83.976 Y126.363
G1 X83.945 Y126.364
G1 X83.914 Y126.365
G1 X83.893 Y126.366
G1 X83.593 Y126.381
G1 X83.571 Y126.383
G1 X83.539 Y126.386
G1 X83.511 Y126.388
G1 X83.48 Y126.392
G1 X83.448 Y126.396
G1 X83.426 Y126.4
G1 X83.111 Y126.449
G1 X83.09 Y126.453
G1 X83.058 Y126.459
G1 X83.03 Y126.465
G1 X83.001 Y126.472
G1 X82.97 Y126.479
G1 X82.948 Y126.485
G1 X82.641 Y126.567
G1 X82.62 Y126.573
G1 X82.589 Y126.582
G1 X82.562 Y126.591
G1 X82.533 Y126.601
G1 X82.502 Y126.612
G1 X82.482 Y126.619
G1 X82.185 Y126.733
G1 X82.165 Y126.742
G1 X82.135 Y126.754
G1 X82.109 Y126.765
G1 X82.081 Y126.778
G1 X82.053 Y126.792
G1 X82.033 Y126.802
G1 X81.749 Y126.946
G1 X81.73 Y126.957
G1 X81.701 Y126.972
G1 X81.677 Y126.986
G1 X81.65 Y127.002
G1 X81.623 Y127.019
G1 X81.604 Y127.031
G1 X81.338 Y127.204
G1 X81.319 Y127.217
G1 X81.293 Y127.235
G1 X81.27 Y127.251
G1 X81.246 Y127.269
G1 X81.22 Y127.289
G1 X81.203 Y127.303
G1 X80.955 Y127.503
G1 X80.939 Y127.517
G1 X80.914 Y127.538
G1 X80.893 Y127.557
G1 X80.871 Y127.578
G1 X80.847 Y127.6
G1 X80.832 Y127.615
G1 X80.607 Y127.841
G1 X80.591 Y127.856
G1 X80.569 Y127.88
G1 X80.55 Y127.901
G1 X80.53 Y127.924
G1 X80.509 Y127.948
G1 X80.495 Y127.965
G1 X80.295 Y128.213
G1 X80.281 Y128.23
G1 X80.262 Y128.256
G1 X80.245 Y128.278
G1 X80.228 Y128.303
G1 X80.209 Y128.33
G1 X80.198 Y128.348
G1 X80.024 Y128.615
G1 X80.012 Y128.633
G1 X79.995 Y128.661
G1 X79.981 Y128.685
G1 X79.966 Y128.712
G1 X79.951 Y128.74
G1 X79.941 Y128.76
G1 X79.796 Y129.044
G1 X79.787 Y129.064
G1 X79.773 Y129.092
G1 X79.761 Y129.118
G1 X79.749 Y129.146
G1 X79.737 Y129.176
G1 X79.729 Y129.196
G1 X79.615 Y129.494
G1 X79.607 Y129.514
G1 X79.597 Y129.545
G1 X79.588 Y129.572
G1 X79.579 Y129.601
G1 X79.57 Y129.632
G1 X79.564 Y129.653
G1 X79.482 Y129.96
G1 X79.476 Y129.982
G1 X79.467 Y130.022
G1 X79.461 Y130.048
G1 X79.457 Y130.07
G1 X79.451 Y130.102
G1 X79.447 Y130.124
G1 X79.398 Y130.438
G1 X79.394 Y130.46
G1 X79.39 Y130.493
G1 X79.387 Y130.521
G1 X79.384 Y130.551
G1 X79.382 Y130.583
G1 X79.381 Y130.605
G1 X79.364 Y130.923
G1 X79.363 Y130.945
G1 X79.363 Y130.977
G1 X79.362 Y131.005
G1 X79.363 Y131.035
G1 X79.364 Y131.068
G1 X79.365 Y131.09
G1 X79.381 Y131.407
G1 X79.383 Y131.429
G1 X79.386 Y131.461
G1 X79.388 Y131.489
G1 X79.392 Y131.52
G1 X79.396 Y131.552
G1 X79.399 Y131.574
G1 X79.449 Y131.889
G1 X79.453 Y131.91
G1 X79.459 Y131.942
G1 X79.465 Y131.97
G1 X79.472 Y131.999
G1 X79.479 Y132.03
G1 X79.485 Y132.051
G1 X79.567 Y132.359
G1 X79.573 Y132.38
G1 X79.582 Y132.411
G1 X79.591 Y132.438
G1 X79.601 Y132.467
G1 X79.612 Y132.497
G1 X79.619 Y132.518
G1 X79.733 Y132.815
G1 X79.742 Y132.835
G1 X79.754 Y132.865
G1 X79.766 Y132.891
G1 X79.778 Y132.919
G1 X79.792 Y132.948
G1 X79.802 Y132.967
G1 X79.946 Y133.251
G1 X79.957 Y133.271
G1 X79.972 Y133.299
G1 X79.986 Y133.323
G1 X80.002 Y133.349
G1 X80.019 Y133.377
G1 X80.031 Y133.396
G1 X80.204 Y133.663
G1 X80.216 Y133.681
G1 X80.235 Y133.707
G1 X80.251 Y133.73
G1 X80.269 Y133.754
G1 X80.289 Y133.779
G1 X80.303 Y133.797
G1 X80.503 Y134.044
G1 X80.517 Y134.061
G1 X80.538 Y134.086
G1 X80.557 Y134.107
G1 X80.578 Y134.129
G1 X80.6 Y134.153
G1 X80.615 Y134.168
G1 X80.84 Y134.393
G1 X80.856 Y134.409
G1 X80.88 Y134.431
G1 X80.901 Y134.45
G1 X80.924 Y134.47
G1 X80.948 Y134.491
G1 X80.965 Y134.505
G1 X81.213 Y134.705
G1 X81.23 Y134.719
G1 X81.256 Y134.738
G1 X81.278 Y134.755
G1 X81.303 Y134.772
G1 X81.33 Y134.791
G1 X81.348 Y134.803
G1 X81.615 Y134.976
G1 X81.633 Y134.987
G1 X81.66 Y135.004
G1 X81.685 Y135.019
G1 X81.712 Y135.034
G1 X81.741 Y135.049
G1 X81.76 Y135.059
G1 X82.043 Y135.203
G1 X82.064 Y135.213
G1 X82.092 Y135.227
G1 X82.118 Y135.239
G1 X82.146 Y135.251
G1 X82.176 Y135.263
G1 X82.196 Y135.271
G1 X82.494 Y135.385
G1 X82.514 Y135.393
G1 X82.545 Y135.403
G1 X82.572 Y135.412
G1 X82.601 Y135.421
G1 X82.609 Y135.424
G1 X82.534 Y135.678
G1 F2250
G1 X90.487 Y143.631 E.5024
G1 X91.094 Y143.631 E.02713
G1 X83.538 Y136.075 E.47736
G1 X84.161 Y136.091 E.02787
G1 X91.702 Y143.631 E.47634
G1 X92.309 Y143.631 E.02713
G1 X84.72 Y136.042 E.47943
G1 X85.228 Y135.943 E.02314
G1 X92.916 Y143.631 E.48568
G1 X93.524 Y143.631 E.02713
G1 X85.696 Y135.804 E.49448
G1 X86.129 Y135.63 E.02086
G1 X94.131 Y143.631 E.50548
G1 X94.738 Y143.631 E.02713
G1 X86.531 Y135.424 E.5185
G1 X86.902 Y135.188 E.01965
G1 X95.346 Y143.631 E.53341
G1 X95.953 Y143.631 E.02713
G1 X87.246 Y134.924 E.55005
G1 X87.566 Y134.636 E.01921
G1 X96.561 Y143.631 E.56823
G1 X97.168 Y143.631 E.02713
G1 X87.861 Y134.324 E.58794
G1 X88.13 Y133.986 E.01931
G1 X97.775 Y143.631 E.60931
G1 X98.383 Y143.631 E.02713
G1 X88.371 Y133.619 E.63247
G1 X88.582 Y133.224 E.02005
G1 X98.99 Y143.631 E.65747
G1 X99.597 Y143.631 E.02713
G1 X88.764 Y132.798 E.68434
G1 X88.913 Y132.34 E.02154
G1 X100.205 Y143.631 E.71331
G1 X100.812 Y143.631 E.02713
G1 X89.023 Y131.842 E.74476
G1 X89.084 Y131.296 E.02454
G1 X101.419 Y143.631 E.77925
G1 X102.027 Y143.631 E.02713
G1 X89.083 Y130.688 E.81768
G1 X89.064 Y130.426 E.0117
G1 X88.995 Y129.993 E.01962
G1 X102.634 Y143.631 E.86159
G1 X103.242 Y143.631 E.02713
G1 X88.735 Y129.125 E.91641
G1 X88.62 Y128.85 E.01331
G1 X88.364 Y128.369 E.02434
G1 X88.099 Y127.972 E.02134
G1 X87.709 Y127.507 E.02707
G1 X87.383 Y127.189 E.02035
G1 X86.931 Y126.832 E.02576
G1 X86.484 Y126.551 E.02358
G1 X86.11 Y126.361 E.01872
G1 X85.875 Y126.265 E.01135
G1 X77.369 Y117.758 E.53737
G1 X77.369 Y117.151 E.02713
G1 X103.849 Y143.631 E1.67282
G1 X104.456 Y143.631 E.02713
G1 X77.369 Y116.544 E1.71118
G1 X77.369 Y115.936 E.02713
G1 X105.064 Y143.631 E1.74955
G1 X105.671 Y143.631 E.02713
G1 X77.369 Y115.329 E1.78792
G1 X77.369 Y114.722 E.02713
G1 X106.278 Y143.631 E1.82629
G1 X106.886 Y143.631 E.02713
G1 X77.369 Y114.114 E1.86466
G1 X77.369 Y113.507 E.02713
G1 X107.493 Y143.631 E1.90303
G1 X108.101 Y143.631 E.02713
G1 X77.369 Y112.9 E1.9414
G1 X77.369 Y112.292 E.02713
G1 X108.708 Y143.631 E1.97976
G1 X109.315 Y143.631 E.02713
G1 X77.369 Y111.685 E2.01813
G1 X77.369 Y111.077 E.02713
G1 X109.923 Y143.631 E2.0565
G1 X110.53 Y143.631 E.02713
G1 X77.369 Y110.47 E2.09487
G1 X77.369 Y109.863 E.02713
G1 X111.137 Y143.631 E2.13324
G1 X111.745 Y143.631 E.02713
G1 X77.369 Y109.255 E2.17161
G1 X77.369 Y108.648 E.02713
G1 X112.352 Y143.631 E2.20998
G1 X112.959 Y143.631 E.02713
G1 X77.369 Y108.041 E2.24834
G1 X77.369 Y107.433 E.02713
G1 X113.567 Y143.631 E2.28671
G1 X114.174 Y143.631 E.02713
G1 X77.369 Y106.826 E2.32508
G1 X77.369 Y106.218 E.02713
G1 X114.782 Y143.631 E2.36345
G1 X115.389 Y143.631 E.02713
G1 X77.369 Y105.611 E2.40182
G1 X77.369 Y105.004 E.02713
G1 X115.996 Y143.631 E2.44019
G1 X116.604 Y143.631 E.02713
G1 X77.369 Y104.396 E2.47856
G1 X77.369 Y103.789 E.02713
G1 X117.211 Y143.631 E2.51693
G1 X117.818 Y143.631 E.02713
G1 X77.369 Y103.182 E2.55529
G1 X77.369 Y102.574 E.02713
G1 X118.426 Y143.631 E2.59366
G1 X119.033 Y143.631 E.02713
G1 X77.369 Y101.967 E2.63203
G1 X77.369 Y101.36 E.02713
G1 X119.64 Y143.631 E2.6704
G1 X120.248 Y143.631 E.02713
G1 X77.369 Y100.752 E2.70877
G1 X77.369 Y100.145 E.02713
G1 X120.855 Y143.631 E2.74714
G1 X121.463 Y143.631 E.02713
G1 X77.369 Y99.537 E2.78551
G1 X77.369 Y98.93 E.02713
G1 X122.07 Y143.631 E2.82387
G1 X122.677 Y143.631 E.02713
G1 X77.369 Y98.323 E2.86224
G1 X77.369 Y97.715 E.02713
G1 X123.285 Y143.631 E2.90061
G1 X123.892 Y143.631 E.02713
G1 X77.369 Y97.108 E2.93898
G1 X77.369 Y96.501 E.02713
G1 X124.499 Y143.631 E2.97735
G1 X125.107 Y143.631 E.02713
G1 X77.369 Y95.893 E3.01572
G1 X77.369 Y95.286 E.02713
G1 X125.714 Y143.631 E3.05409
G1 X126.322 Y143.631 E.02713
G1 X101.759 Y119.069 E1.55168
G1 X102.366 Y119.069 E.02713
G1 X126.929 Y143.631 E1.55168
G1 X127.536 Y143.631 E.02713
G1 X102.973 Y119.069 E1.55168
G1 X103.581 Y119.069 E.02713
G1 X128.144 Y143.631 E1.55168
G1 X128.751 Y143.631 E.02713
G1 X104.188 Y119.069 E1.55168
G1 X104.796 Y119.069 E.02713
G1 X129.358 Y143.631 E1.55168
G1 X129.966 Y143.631 E.02713
G1 X105.403 Y119.069 E1.55168
G1 X106.01 Y119.069 E.02713
G1 X130.573 Y143.631 E1.55168
G1 X131.18 Y143.631 E.02713
G1 X106.618 Y119.069 E1.55168
G1 X107.225 Y119.069 E.02713
G1 X131.788 Y143.631 E1.55168
G1 X132.395 Y143.631 E.02713
G1 X107.832 Y119.069 E1.55168
G1 X108.44 Y119.069 E.02713
G1 X133.003 Y143.631 E1.55168
G1 X133.61 Y143.631 E.02713
G1 X109.047 Y119.069 E1.55168
G1 X109.655 Y119.069 E.02713
G1 X134.217 Y143.631 E1.55168
G1 X134.825 Y143.631 E.02713
G1 X110.262 Y119.069 E1.55168
G1 X110.869 Y119.069 E.02713
G1 X135.432 Y143.631 E1.55168
G1 X136.039 Y143.631 E.02713
G1 X111.477 Y119.069 E1.55168
G1 X112.084 Y119.069 E.02713
G1 X136.647 Y143.631 E1.55168
G1 X137.254 Y143.631 E.02713
G1 X112.691 Y119.069 E1.55168
G1 X113.299 Y119.069 E.02713
G1 X137.861 Y143.631 E1.55168
G1 X138.469 Y143.631 E.02713
G1 X113.906 Y119.069 E1.55168
G1 X114.513 Y119.069 E.02713
G1 X139.076 Y143.631 E1.55168
G1 X139.684 Y143.631 E.02713
G1 X115.121 Y119.069 E1.55168
G1 X115.728 Y119.069 E.02713
G1 X140.291 Y143.631 E1.55168
G1 X140.898 Y143.631 E.02713
G1 X116.336 Y119.069 E1.55168
G1 X116.943 Y119.069 E.02713
G1 X141.435 Y143.561 E1.54723
G2 X141.857 Y143.375 I-.227 J-1.085 E.02073
G1 X134.274 Y135.792 E.47901
G1 X134.83 Y135.959 E.02593
G1 X135.103 Y136.014 E.01243
G1 X142.193 Y143.104 E.44791
G1 X142.41 Y142.814 E.01617
G1 X142.441 Y142.744 E.00341
G1 X135.785 Y136.088 E.42049
G1 X136.383 Y136.079 E.02674
G1 X142.594 Y142.29 E.39232
G2 X142.631 Y141.72 I-2.207 J-.432 E.02557
G1 X136.921 Y136.01 E.36072
G1 X137.412 Y135.894 E.02254
G1 X142.631 Y141.113 E.3297
G1 X142.631 Y140.506 E.02713
G1 X137.865 Y135.739 E.30111
G1 X138.285 Y135.551 E.02054
G1 X142.631 Y139.898 E.27459
G1 X142.631 Y139.291 E.02713
G1 X138.675 Y135.335 E.24991
G1 X139.039 Y135.091 E.01955
G1 X142.631 Y138.683 E.22695
G1 X142.631 Y138.076 E.02713
G1 X139.374 Y134.819 E.20576
G1 X139.682 Y134.52 E.01919
G1 X142.631 Y137.469 E.1863
G1 X142.631 Y136.861 E.02713
G1 X139.965 Y134.195 E.16842
G1 X140.224 Y133.846 E.0194
G1 X142.631 Y136.254 E.1521
G1 X142.631 Y135.647 E.02713
G1 X140.456 Y133.471 E.13742
G1 X140.659 Y133.067 E.02022
G1 X142.631 Y135.039 E.12462
G1 X142.631 Y134.432 E.02713
G1 X140.829 Y132.629 E.11389
G1 X140.962 Y132.156 E.02198
G1 X142.631 Y133.824 E.10543
G1 X142.631 Y133.217 E.02713
G1 X141.055 Y131.64 E.09961
G1 X141.095 Y131.074 E.02538
G1 X142.631 Y132.61 E.09704
G1 X142.631 Y132.002 E.02713
G1 X141.065 Y130.436 E.09895
G1 X140.992 Y129.975 E.02086
G1 X140.919 Y129.683 E.01343
G1 X142.825 Y131.588 E.12036
G1 E-1.75 F6000
;WIPE_START
G1 F2250
G1 X142.118 Y130.881 E-.75
;WIPE_END
G1 X138.684 Y129.216 Z6.64 F18000
G1 X117.357 Y118.875 Z6.64
G1 Z6.44
G1 E2.5 F6000
G1 F2250
G1 X131.208 Y132.726 E.87498
G1 X131.041 Y132.17 E.02593
G1 X130.986 Y131.897 E.01243
G1 X118.158 Y119.069 E.8104
G1 X118.765 Y119.069 E.02713
G1 X130.912 Y131.215 E.76733
G1 X130.921 Y130.617 E.02674
G1 X119.069 Y118.765 E.74871
G1 X119.069 Y118.158 E.02713
G1 X130.99 Y130.079 E.75309
G1 X131.106 Y129.588 E.02254
G1 X119.069 Y117.55 E.76044
G1 X119.069 Y116.943 E.02713
G1 X131.261 Y129.135 E.77022
G1 X131.449 Y128.715 E.02054
G1 X119.069 Y116.335 E.78207
G1 X119.069 Y115.728 E.02713
G1 X131.665 Y128.325 E.79575
G1 X131.909 Y127.961 E.01955
G1 X119.069 Y115.121 E.81116
G1 X119.069 Y114.513 E.02713
G1 X132.181 Y127.626 E.82834
G1 X132.48 Y127.318 E.01919
G1 X119.069 Y113.906 E.84725
G1 X119.069 Y113.299 E.02713
G1 X132.805 Y127.035 E.86774
G1 X133.154 Y126.776 E.0194
G1 X119.069 Y112.691 E.88978
G1 X119.069 Y112.084 E.02713
G1 X133.529 Y126.544 E.91347
G1 X133.933 Y126.341 E.02022
G1 X119.069 Y111.476 E.93904
G1 X119.069 Y110.869 E.02713
G1 X134.371 Y126.171 E.96668
G1 X134.844 Y126.038 E.02198
G1 X119.069 Y110.262 E.99659
G1 X119.069 Y109.654 E.02713
G1 X135.36 Y125.945 E1.02914
G1 X135.927 Y125.905 E.0254
G1 X119.069 Y109.047 E1.06497
G1 X119.069 Y108.44 E.02713
G1 X136.564 Y125.935 E1.10521
G1 X137.027 Y126.008 E.02093
G1 X137.317 Y126.081 E.01336
G1 X119.069 Y107.832 E1.15279
G1 X119.069 Y107.225 E.02713
G1 X138.3 Y126.457 E1.2149
G1 X138.576 Y126.603 E.01395
G1 X138.968 Y126.857 E.02087
G1 X139.492 Y127.29 E.03034
G1 X139.797 Y127.601 E.01948
G1 X140.113 Y127.99 E.02238
G1 X140.393 Y128.416 E.02277
G1 X140.543 Y128.7 E.01435
G1 X142.631 Y130.788 E.1319
G1 X142.631 Y130.18 E.02713
G1 X119.069 Y106.618 E1.48851
G1 X119.069 Y106.01 E.02713
G1 X142.631 Y129.573 E1.48851
G1 X142.631 Y128.966 E.02713
G1 X119.069 Y105.403 E1.48851
G1 X119.069 Y104.795 E.02713
G1 X142.631 Y128.358 E1.48851
G1 X142.631 Y127.751 E.02713
G1 X119.069 Y104.188 E1.48851
G1 X119.069 Y103.581 E.02713
G1 X142.631 Y127.143 E1.48851
G1 X142.631 Y126.536 E.02713
G1 X119.069 Y102.973 E1.48851
G1 X119.069 Y102.366 E.02713
G1 X142.631 Y125.929 E1.48851
G1 X142.631 Y125.321 E.02713
G1 X118.875 Y101.565 E1.50072
G1 X118.311 Y101.689 F18000
G1 X118.311 Y118.311
G1 X101.689 Y118.311
G1 X101.125 Y118.435
G1 F2250
G1 X77.369 Y94.679 E1.50072
G1 X77.369 Y94.071 E.02713
G1 X100.931 Y117.634 E1.48851
G1 X100.931 Y117.027 E.02713
G1 X77.369 Y93.464 E1.48851
G1 X77.369 Y92.856 E.02713
G1 X100.931 Y116.419 E1.48851
G1 X100.931 Y115.812 E.02713
G1 X77.369 Y92.249 E1.48851
G1 X77.369 Y91.642 E.02713
G1 X100.931 Y115.204 E1.48851
G1 X100.931 Y114.597 E.02713
G1 X77.369 Y91.034 E1.48851
G1 X77.369 Y90.427 E.02713
G1 X100.931 Y113.99 E1.48851
G1 X100.931 Y113.382 E.02713
G1 X77.369 Y89.82 E1.48851
G1 X77.369 Y89.212 E.02713
G1 X79.456 Y91.3 E.13189
G1 X79.604 Y91.578 E.01405
G1 X79.856 Y91.967 E.02071
G1 X80.291 Y92.493 E.03047
G1 X80.6 Y92.796 E.01936
G1 X80.989 Y93.112 E.02239
G1 X81.414 Y93.392 E.02273
G1 X81.7 Y93.544 E.01446
G1 X100.931 Y112.775 E1.21488
G1 X100.931 Y112.168 E.02713
G1 X82.683 Y93.919 E1.15278
G1 X82.975 Y93.992 E.01342
G1 X83.436 Y94.065 E.02087
G1 X100.931 Y111.56 E1.1052
G1 X100.931 Y110.953 E.02713
G1 X84.074 Y94.095 E1.06493
G1 X84.64 Y94.055 E.02538
G1 X100.931 Y110.345 E1.02913
G1 X100.931 Y109.738 E.02713
G1 X85.156 Y93.962 E.99658
G1 X85.629 Y93.829 E.02198
G1 X100.931 Y109.131 E.96667
G1 X100.931 Y108.523 E.02713
G1 X86.067 Y93.659 E.93904
G1 X86.471 Y93.456 E.02022
G1 X100.931 Y107.916 E.91347
G1 X100.931 Y107.309 E.02713
G1 X86.846 Y93.224 E.88978
G1 X87.195 Y92.965 E.0194
G1 X100.931 Y106.701 E.86773
G1 X100.931 Y106.094 E.02713
G1 X87.52 Y92.682 E.84724
G1 X87.819 Y92.374 E.01919
G1 X100.931 Y105.487 E.82833
G1 X100.931 Y104.879 E.02713
G1 X88.091 Y92.039 E.81116
G1 X88.335 Y91.675 E.01955
G1 X100.931 Y104.272 E.79575
G1 X100.931 Y103.664 E.02713
G1 X88.551 Y91.285 E.78206
G1 X88.739 Y90.865 E.02054
G1 X100.931 Y103.057 E.77022
G1 X100.931 Y102.45 E.02713
G1 X88.894 Y90.412 E.76044
G1 X89.01 Y89.921 E.02254
G1 X100.931 Y101.842 E.75309
G1 X100.931 Y101.235 E.02713
G1 X89.079 Y89.383 E.74871
G1 X89.088 Y88.785 E.02674
G1 X101.235 Y100.931 E.76734
G1 X101.842 Y100.931 E.02713
G1 X89.014 Y88.103 E.81041
G1 X88.959 Y87.83 E.01244
G1 X88.792 Y87.274 E.02594
G1 X102.643 Y101.125 E.87499
G1 X79.368 Y90.604 F18000
G1 F2250
G1 X77.369 Y88.605 E.1263
G1 X77.369 Y87.997 E.02713
G1 X78.935 Y89.564 E.09894
G1 X78.905 Y88.926 E.02851
G1 X77.369 Y87.39 E.09704
G1 X77.369 Y86.783 E.02713
G1 X78.945 Y88.36 E.09961
G1 X79.038 Y87.844 E.02338
G1 X77.369 Y86.175 E.10543
G1 X77.369 Y85.568 E.02713
G1 X79.171 Y87.371 E.11389
G1 X79.341 Y86.933 E.02096
G1 X77.369 Y84.961 E.12462
G1 X77.369 Y84.353 E.02713
G1 X79.544 Y86.529 E.13742
G1 X79.776 Y86.154 E.01971
G1 X77.369 Y83.746 E.1521
G1 X77.369 Y83.139 E.02713
G1 X80.035 Y85.805 E.16842
G1 X80.318 Y85.48 E.01923
G1 X77.369 Y82.531 E.1863
G1 X77.369 Y81.924 E.02713
G1 X80.626 Y85.181 E.20576
G1 X80.961 Y84.909 E.01929
G1 X77.369 Y81.316 E.22696
G1 X77.369 Y80.709 E.02713
G1 X81.325 Y84.665 E.24991
G1 X81.715 Y84.449 E.01996
G1 X77.369 Y80.102 E.2746
G1 X77.369 Y79.494 E.02713
G1 X82.135 Y84.261 E.30112
G1 X82.588 Y84.106 E.02137
G1 X77.369 Y78.887 E.32971
G1 X77.369 Y78.28 E.02713
G1 X83.079 Y83.99 E.36073
G1 X83.617 Y83.921 E.02423
G1 X77.406 Y77.71 E.39233
G3 X77.559 Y77.255 I1.145 J.132 E.02158
G1 X84.217 Y83.913 E.42056
G1 X84.534 Y83.931 E.0142
G1 X84.897 Y83.986 E.0164
G1 X77.807 Y76.896 E.44791
G1 X78.043 Y76.683 E.01421
G1 X78.143 Y76.625 E.00517
G1 X86.08 Y84.561 E.50134
G1 X78.411 Y76.286 F18000
G1 F2250
G1 X103.057 Y100.931 E1.55692
G1 X103.665 Y100.931 E.02713
G1 X79.102 Y76.369 E1.55168
G1 X79.709 Y76.369 E.02713
G1 X104.272 Y100.931 E1.55168
G1 X104.879 Y100.931 E.02713
G1 X80.317 Y76.369 E1.55168
G1 X80.924 Y76.369 E.02713
G1 X105.487 Y100.931 E1.55168
G1 X106.094 Y100.931 E.02713
G1 X81.531 Y76.369 E1.55168
G1 X82.139 Y76.369 E.02713
G1 X106.701 Y100.931 E1.55168
G1 X107.309 Y100.931 E.02713
G1 X82.746 Y76.369 E1.55168
G1 X83.353 Y76.369 E.02713
G1 X107.916 Y100.931 E1.55168
G1 X108.524 Y100.931 E.02713
G1 X83.961 Y76.369 E1.55168
G1 X84.568 Y76.369 E.02713
G1 X109.131 Y100.931 E1.55168
G1 X109.738 Y100.931 E.02713
G1 X85.176 Y76.369 E1.55168
G1 X85.783 Y76.369 E.02713
G1 X110.346 Y100.931 E1.55168
G1 X110.953 Y100.931 E.02713
G1 X86.39 Y76.369 E1.55168
G1 X86.998 Y76.369 E.02713
G1 X111.56 Y100.931 E1.55168
G1 X112.168 Y100.931 E.02713
G1 X87.605 Y76.369 E1.55168
G1 X88.212 Y76.369 E.02713
G1 X112.775 Y100.931 E1.55168
G1 X113.382 Y100.931 E.02713
G1 X88.82 Y76.369 E1.55168
G1 X89.427 Y76.369 E.02713
G1 X113.99 Y100.931 E1.55168
G1 X114.597 Y100.931 E.02713
G1 X90.034 Y76.369 E1.55168
G1 X90.642 Y76.369 E.02713
G1 X115.205 Y100.931 E1.55168
G1 X115.812 Y100.931 E.02713
G1 X91.249 Y76.369 E1.55168
G1 X91.857 Y76.369 E.02713
G1 X116.419 Y100.931 E1.55168
G1 X117.027 Y100.931 E.02713
G1 X92.464 Y76.369 E1.55168
G1 X93.071 Y76.369 E.02713
G1 X117.634 Y100.931 E1.55168
G1 X118.241 Y100.931 E.02713
G1 X93.679 Y76.369 E1.55168
G1 X94.286 Y76.369 E.02713
G1 X142.631 Y124.714 E3.05408
G1 X142.631 Y124.107 E.02713
G1 X94.893 Y76.369 E3.01571
G1 X95.501 Y76.369 E.02713
G1 X142.631 Y123.499 E2.97734
G1 X142.631 Y122.892 E.02713
G1 X96.108 Y76.369 E2.93897
G1 X96.715 Y76.369 E.02713
G1 X142.631 Y122.285 E2.9006
G1 X142.631 Y121.677 E.02713
G1 X97.323 Y76.369 E2.86223
G1 X97.93 Y76.369 E.02713
G1 X142.631 Y121.07 E2.82387
G1 X142.631 Y120.462 E.02713
G1 X98.538 Y76.369 E2.7855
G1 X99.145 Y76.369 E.02713
G1 X142.631 Y119.855 E2.74713
G1 X142.631 Y119.248 E.02713
G1 X99.752 Y76.369 E2.70876
G1 X100.36 Y76.369 E.02713
G1 X142.631 Y118.64 E2.67039
G1 X142.631 Y118.033 E.02713
G1 X100.967 Y76.369 E2.63202
G1 X101.574 Y76.369 E.02713
G1 X142.631 Y117.426 E2.59365
G1 X142.631 Y116.818 E.02713
G1 X102.182 Y76.369 E2.55528
G1 X102.789 Y76.369 E.02713
G1 X142.631 Y116.211 E2.51692
G1 X142.631 Y115.603 E.02713
G1 X103.397 Y76.369 E2.47855
G1 X104.004 Y76.369 E.02713
G1 X142.631 Y114.996 E2.44018
G1 X142.631 Y114.389 E.02713
G1 X104.611 Y76.369 E2.40181
G1 X105.219 Y76.369 E.02713
G1 X142.631 Y113.781 E2.36344
G1 X142.631 Y113.174 E.02713
G1 X105.826 Y76.369 E2.32507
G1 X106.433 Y76.369 E.02713
G1 X142.631 Y112.567 E2.2867
G1 X142.631 Y111.959 E.02713
G1 X107.041 Y76.369 E2.24834
G1 X107.648 Y76.369 E.02713
G1 X142.631 Y111.352 E2.20997
G1 X142.631 Y110.745 E.02713
G1 X108.255 Y76.369 E2.1716
G1 X108.863 Y76.369 E.02713
G1 X142.631 Y110.137 E2.13323
G1 X142.631 Y109.53 E.02713
G1 X109.47 Y76.369 E2.09486
G1 X110.078 Y76.369 E.02713
G1 X142.631 Y108.922 E2.05649
G1 X142.631 Y108.315 E.02713
G1 X110.685 Y76.369 E2.01812
G1 X111.292 Y76.369 E.02713
G1 X142.631 Y107.708 E1.97976
G1 X142.631 Y107.1 E.02713
G1 X111.9 Y76.369 E1.94139
G1 X112.507 Y76.369 E.02713
G1 X142.631 Y106.493 E1.90302
G1 X142.631 Y105.886 E.02713
G1 X113.114 Y76.369 E1.86465
G1 X113.722 Y76.369 E.02713
G1 X142.631 Y105.278 E1.82628
G1 X142.631 Y104.671 E.02713
G1 X114.329 Y76.369 E1.78791
G1 X114.936 Y76.369 E.02713
G1 X142.631 Y104.064 E1.74954
G1 X142.631 Y103.456 E.02713
G1 X115.544 Y76.369 E1.71118
G1 X116.151 Y76.369 E.02713
G1 X142.631 Y102.849 E1.67281
G1 X142.631 Y102.241 E.02713
G1 X134.125 Y93.735 E.53736
G1 X133.85 Y93.62 E.01332
G1 X133.368 Y93.363 E.0244
G1 X132.971 Y93.099 E.02129
G1 X132.508 Y92.71 E.027
G1 X132.189 Y92.383 E.02043
G1 X131.832 Y91.931 E.02574
G1 X131.551 Y91.485 E.02353
G1 X131.361 Y91.11 E.01877
G1 X131.265 Y90.875 E.01136
G1 X116.759 Y76.369 E.91639
G1 X117.366 Y76.369 E.02713
G1 X131.004 Y90.007 E.86158
G1 X130.936 Y89.573 E.01962
G1 X130.917 Y89.312 E.01169
G1 X117.973 Y76.369 E.81767
G1 X118.581 Y76.369 E.02713
G1 X130.916 Y88.704 E.77925
G1 X130.977 Y88.158 E.02454
G1 X119.188 Y76.369 E.74475
G1 X119.795 Y76.369 E.02713
G1 X131.087 Y87.66 E.7133
G1 X131.236 Y87.201 E.02154
G1 X120.403 Y76.369 E.68433
G1 X121.01 Y76.369 E.02713
G1 X131.418 Y86.776 E.65746
G1 X131.629 Y86.38 E.02005
G1 X121.617 Y76.369 E.63247
G1 X122.225 Y76.369 E.02713
G1 X131.87 Y86.014 E.60931
G1 X132.139 Y85.676 E.01931
G1 X122.832 Y76.369 E.58794
G1 X123.44 Y76.369 E.02713
G1 X132.435 Y85.364 E.56823
G1 X132.754 Y85.076 E.01921
G1 X124.047 Y76.369 E.55004
G1 X124.654 Y76.369 E.02713
G1 X133.098 Y84.812 E.53341
G1 X133.469 Y84.576 E.01965
G1 X125.262 Y76.369 E.51849
G1 X125.869 Y76.369 E.02713
G1 X133.871 Y84.37 E.50548
G1 X134.304 Y84.196 E.02086
G1 X126.476 Y76.369 E.49448
G1 X127.084 Y76.369 E.02713
G1 X134.772 Y84.057 E.48568
G1 X135.28 Y83.958 E.02314
G1 X127.691 Y76.369 E.47943
G1 X128.299 Y76.369 E.02713
G1 X135.839 Y83.909 E.47633
G1 X136.462 Y83.925 E.02787
G1 X128.906 Y76.369 E.47737
G1 X129.513 Y76.369 E.02713
G1 X137.466 Y84.322 E.50241
G1 X137.391 Y84.576 F18000
G1 X137.424 Y84.586
G1 X137.445 Y84.593
G1 X137.467 Y84.601
G1 X137.496 Y84.611
G1 X137.517 Y84.619
G1 X137.814 Y84.733
G1 X137.836 Y84.742
G1 X137.866 Y84.754
G1 X137.891 Y84.766
G1 X137.918 Y84.778
G1 X137.947 Y84.792
G1 X137.966 Y84.801
G1 X138.25 Y84.946
G1 X138.27 Y84.956
G1 X138.299 Y84.972
G1 X138.323 Y84.986
G1 X138.349 Y85.002
G1 X138.377 Y85.019
G1 X138.395 Y85.03
G1 X138.663 Y85.204
G1 X138.68 Y85.216
G1 X138.707 Y85.235
G1 X138.73 Y85.251
G1 X138.754 Y85.269
G1 X138.779 Y85.288
G1 X138.796 Y85.302
G1 X139.043 Y85.502
G1 X139.061 Y85.517
G1 X139.085 Y85.537
G1 X139.107 Y85.557
G1 X139.128 Y85.577
G1 X139.153 Y85.6
G1 X139.168 Y85.615
G1 X139.393 Y85.84
G1 X139.408 Y85.856
G1 X139.431 Y85.88
G1 X139.45 Y85.901
G1 X139.47 Y85.924
G1 X139.49 Y85.948
G1 X139.504 Y85.965
G1 X139.705 Y86.213
G1 X139.718 Y86.229
G1 X139.738 Y86.256
G1 X139.755 Y86.278
G1 X139.772 Y86.302
G1 X139.79 Y86.329
G1 X139.802 Y86.347
G1 X139.975 Y86.614
G1 X139.988 Y86.633
G1 X140.004 Y86.661
G1 X140.018 Y86.684
G1 X140.034 Y86.712
G1 X140.049 Y86.74
G1 X140.059 Y86.759
G1 X140.203 Y87.043
G1 X140.213 Y87.063
G1 X140.227 Y87.093
G1 X140.238 Y87.117
G1 X140.251 Y87.146
G1 X140.263 Y87.176
G1 X140.271 Y87.196
G1 X140.385 Y87.494
G1 X140.393 Y87.515
G1 X140.403 Y87.545
G1 X140.412 Y87.572
G1 X140.421 Y87.6
G1 X140.43 Y87.631
G1 X140.436 Y87.653
G1 X140.518 Y87.96
G1 X140.524 Y87.981
G1 X140.531 Y88.012
G1 X140.537 Y88.039
G1 X140.543 Y88.069
G1 X140.549 Y88.101
G1 X140.553 Y88.124
G1 X140.602 Y88.438
G1 X140.605 Y88.459
G1 X140.61 Y88.492
G1 X140.613 Y88.519
G1 X140.616 Y88.551
G1 X140.618 Y88.583
G1 X140.619 Y88.604
G1 X140.636 Y88.923
G1 X140.637 Y88.944
G1 X140.637 Y88.977
G1 X140.638 Y89.004
G1 X140.637 Y89.035
G1 X140.636 Y89.067
G1 X140.635 Y89.089
G1 X140.619 Y89.406
G1 X140.617 Y89.428
G1 X140.615 Y89.461
G1 X140.612 Y89.49
G1 X140.608 Y89.519
G1 X140.604 Y89.551
G1 X140.601 Y89.574
G1 X140.551 Y89.887
G1 X140.547 Y89.91
G1 X140.541 Y89.942
G1 X140.535 Y89.97
G1 X140.528 Y89.999
G1 X140.521 Y90.03
G1 X140.515 Y90.051
G1 X140.433 Y90.359
G1 X140.427 Y90.38
G1 X140.418 Y90.41
G1 X140.409 Y90.438
G1 X140.399 Y90.467
G1 X140.388 Y90.497
G1 X140.381 Y90.517
G1 X140.267 Y90.814
G1 X140.258 Y90.836
G1 X140.246 Y90.865
G1 X140.235 Y90.89
G1 X140.222 Y90.918
G1 X140.208 Y90.948
G1 X140.199 Y90.966
G1 X140.054 Y91.25
G1 X140.043 Y91.27
G1 X140.028 Y91.298
G1 X140.014 Y91.324
G1 X139.998 Y91.35
G1 X139.981 Y91.377
G1 X139.97 Y91.395
G1 X139.796 Y91.662
G1 X139.784 Y91.68
G1 X139.766 Y91.706
G1 X139.749 Y91.73
G1 X139.731 Y91.754
G1 X139.711 Y91.78
G1 X139.697 Y91.797
G1 X139.498 Y92.044
G1 X139.483 Y92.061
G1 X139.462 Y92.086
G1 X139.444 Y92.106
G1 X139.422 Y92.129
G1 X139.4 Y92.153
G1 X139.385 Y92.168
G1 X139.16 Y92.393
G1 X139.144 Y92.408
G1 X139.12 Y92.431
G1 X139.1 Y92.449
G1 X139.076 Y92.47
G1 X139.052 Y92.49
G1 X139.035 Y92.505
G1 X138.788 Y92.705
G1 X138.77 Y92.719
G1 X138.745 Y92.738
G1 X138.723 Y92.754
G1 X138.698 Y92.772
G1 X138.671 Y92.79
G1 X138.652 Y92.803
G1 X138.385 Y92.976
G1 X138.368 Y92.987
G1 X138.34 Y93.004
G1 X138.315 Y93.019
G1 X138.288 Y93.034
G1 X138.259 Y93.049
G1 X138.24 Y93.059
G1 X137.957 Y93.203
G1 X137.936 Y93.213
G1 X137.908 Y93.227
G1 X137.882 Y93.239
G1 X137.854 Y93.251
G1 X137.825 Y93.262
G1 X137.803 Y93.271
G1 X137.507 Y93.385
G1 X137.487 Y93.392
G1 X137.456 Y93.403
G1 X137.43 Y93.412
G1 X137.399 Y93.421
G1 X137.369 Y93.43
G1 X137.348 Y93.436
G1 X137.04 Y93.518
G1 X137.018 Y93.524
G1 X136.987 Y93.531
G1 X136.96 Y93.537
G1 X136.93 Y93.543
G1 X136.898 Y93.549
G1 X136.876 Y93.553
G1 X136.562 Y93.602
G1 X136.54 Y93.605
G1 X136.508 Y93.61
G1 X136.481 Y93.613
G1 X136.45 Y93.615
G1 X136.418 Y93.618
G1 X136.396 Y93.619
G1 X136.077 Y93.636
G1 X136.056 Y93.637
G1 X136.024 Y93.637
G1 X135.996 Y93.638
G1 X135.965 Y93.637
G1 X135.933 Y93.636
G1 X135.91 Y93.635
G1 X135.594 Y93.619
G1 X135.572 Y93.617
G1 X135.539 Y93.615
G1 X135.511 Y93.612
G1 X135.48 Y93.608
G1 X135.449 Y93.604
G1 X135.425 Y93.6
G1 X135.113 Y93.551
G1 X135.09 Y93.547
G1 X135.059 Y93.541
G1 X135.031 Y93.535
G1 X135.001 Y93.528
G1 X134.97 Y93.521
G1 X134.949 Y93.516
G1 X134.798 Y93.475
G1 X134.729 Y93.732
G1 F2250
G1 X142.631 Y101.634 E.49922
G1 X142.631 Y101.027 E.02713
G1 X135.688 Y94.083 E.43864
G1 X135.999 Y94.097 E.0139
G1 X136.296 Y94.084 E.01329
G1 X142.631 Y100.419 E.40021
G1 X142.631 Y99.812 E.02713
G1 X136.842 Y94.023 E.36572
G1 X137.34 Y93.913 E.02277
G1 X142.631 Y99.205 E.33427
G1 X142.631 Y98.597 E.02713
G1 X137.799 Y93.764 E.3053
G1 X138.224 Y93.582 E.02067
G1 X142.631 Y97.99 E.27843
G1 X142.631 Y97.383 E.02713
G1 X138.62 Y93.371 E.25343
G1 X138.986 Y93.13 E.01959
G1 X142.631 Y96.775 E.23027
G1 X142.631 Y96.168 E.02713
G1 X139.324 Y92.861 E.20891
G1 X139.636 Y92.565 E.01919
G1 X142.631 Y95.56 E.18919
G1 X142.631 Y94.953 E.02713
G1 X139.924 Y92.246 E.17101
G1 X140.188 Y91.902 E.01935
G1 X142.631 Y94.346 E.15438
G1 X142.631 Y93.738 E.02713
G1 X140.424 Y91.531 E.13946
G1 X140.63 Y91.129 E.02015
G1 X142.631 Y93.131 E.12645
G1 X142.631 Y92.524 E.02713
G1 X140.804 Y90.696 E.11545
G1 X140.943 Y90.228 E.02181
G1 X142.631 Y91.916 E.10665
G1 X142.631 Y91.309 E.02713
G1 X141.042 Y89.72 E.1004
G1 X141.091 Y89.161 E.02504
G1 X142.631 Y90.701 E.0973
G1 X142.631 Y90.094 E.02713
G1 X141.075 Y88.538 E.09833
G1 X141.004 Y88.038 E.02252
G1 X140.953 Y87.808 E.01053
G1 X142.631 Y89.487 E.10604
G1 X142.631 Y88.879 E.02713
G1 X140.636 Y86.884 E.12605
G1 X140.412 Y86.449 E.02188
G1 X140.127 Y86.01 E.02334
G1 X139.799 Y85.603 E.02335
G1 X139.492 Y85.29 E.01962
G1 X138.93 Y84.831 E.03241
G1 X138.546 Y84.585 E.02035
G1 X138.116 Y84.364 E.0216
G1 X130.121 Y76.369 E.50508
G1 X130.728 Y76.369 E.02713
G1 X142.631 Y88.272 E.75196
G1 X142.631 Y87.665 E.02713
G1 X131.335 Y76.369 E.71359
G1 X131.943 Y76.369 E.02713
G1 X142.631 Y87.057 E.67522
G1 X142.631 Y86.45 E.02713
G1 X132.55 Y76.369 E.63686
G1 X133.157 Y76.369 E.02713
G1 X142.631 Y85.843 E.59849
G1 X142.631 Y85.235 E.02713
G1 X133.765 Y76.369 E.56012
G1 X134.372 Y76.369 E.02713
G1 X142.631 Y84.628 E.52175
G1 X142.631 Y84.02 E.02713
G1 X134.98 Y76.369 E.48338
G1 X135.587 Y76.369 E.02713
G1 X142.631 Y83.413 E.44501
G1 X142.631 Y82.806 E.02713
G1 X136.194 Y76.369 E.40664
G1 X136.802 Y76.369 E.02713
G1 X142.631 Y82.198 E.36828
G1 X142.631 Y81.591 E.02713
G1 X137.409 Y76.369 E.32991
G1 X138.016 Y76.369 E.02713
G1 X142.631 Y80.984 E.29154
G1 X142.631 Y80.376 E.02713
G1 X138.624 Y76.369 E.25317
G1 X139.231 Y76.369 E.02713
G1 X142.631 Y79.769 E.2148
G1 X142.631 Y79.162 E.02713
G1 X139.838 Y76.369 E.17643
G1 X140.446 Y76.369 E.02713
G1 X142.631 Y78.554 E.13806
G2 X142.626 Y77.942 I-5.856 J-.259 E.02736
G1 X141.058 Y76.374 E.09907
G3 X142.137 Y76.845 I-.097 J1.691 E.05373
G1 X142.734 Y77.442 E.03772
; stop printing object top_plate.stl id:4734322866433739561 copy 0
;LAYER_CHANGE
;Z:6.64
;HEIGHT:0.2
G92 E0 ; zero the extruded length again
; BEFORE_LAYER_CHANGE 32 @ 6.64mm
G1 E-1.75 F6000
;WIPE_START
G1 F2250
G1 X142.137 Y76.845 E-.63332
G1 X142.022 Y76.741 E-.11668
;WIPE_END
; AFTER_LAYER_CHANGE 32 @ 6.64mm
;_SET_FAN_SPEED_CHANGING_LAYER
; printing object top_plate.stl id:4734322866433739561 copy 0
G17
G3 Z6.84 I.473 J.383 P1  F18000
G1 X142.503 Y76.148 Z6.84
G1 X140.984 Y144.389
G1 X140.888 Y144.389
G1 X140.888 Y144.79
G1 Z6.64
G1 E2.5 F6000
M204 P1000
;TYPE:Outer wall
;WIDTH:0.42
G1 F3600
M106 S102
G1 X79.005 Y144.79 E1.84328
G3 X76.21 Y141.995 I.004 J-2.8 E.13074
G1 X76.21 Y78.005 E1.90602
G3 X79.005 Y75.21 I2.8 J.005 E.13074
G1 X140.995 Y75.21 E1.84644
G1 X141.292 Y75.226 E.00886
G3 X143.79 Y78.005 I-.294 J2.777 E.12197
G1 X143.79 Y141.995 E1.90601
G3 X140.995 Y144.79 I-2.8 J-.004 E.13074
G1 X140.948 Y144.79 E.00137
G1 X140.948 Y144.389 F18000
G1 X140.888 Y144.389
G1 X140.888 Y144.398
M204 P1500
;TYPE:Inner wall
;WIDTH:0.45
G1 F6000
G1 X79.016 Y144.398 E1.9896
G3 X76.602 Y141.984 I-.006 J-2.408 E.122
G1 X76.602 Y78.016 E2.057
G3 X79.016 Y75.602 I2.408 J-.006 E.12199
G1 X140.984 Y75.602 E1.99268
G1 X141.251 Y75.616 E.00857
G3 X143.398 Y78.016 I-.259 J2.392 E.11345
G1 X143.398 Y141.984 E2.05699
G3 X140.984 Y144.398 I-2.408 J.006 E.122
G1 X140.948 Y144.398 E.00115
G1 X140.888 Y143.991 F18000
G1 F6000
G1 X79.026 Y143.991 E1.98926
G3 X77.009 Y141.974 I-.016 J-2.001 E.10212
G1 X77.009 Y78.026 E2.05631
G3 X79.026 Y76.009 I2.001 J-.016 E.10212
G1 X140.974 Y76.009 E1.992
G1 X141.208 Y76.021 E.00754
G3 X142.991 Y78.026 I-.241 J2.01 E.09432
G1 X142.991 Y141.974 E2.05631
G3 X140.974 Y143.991 I-2.001 J.016 E.10212
G1 X140.948 Y143.991 E.00081
G1 E-1.75
;WIPE_START
G1 X139.948 Y143.991 E-.75
;WIPE_END
G1 X139.948 Y144.389 Z6.84 F18000
G1 X139.512 Y131
G1 X139.492 Y130.633
G1 X139.435 Y130.27
G1 X139.34 Y129.915
G1 X139.208 Y129.572
G1 X139.041 Y129.244
G1 X138.841 Y128.936
G1 X138.774 Y128.854
G1 X135.903 Y92.507
G1 X135.924 Y92.106
G1 Z6.64
G1 E2.5 F6000
M204 P1000
;TYPE:Outer wall
;WIDTH:0.42
G1 F3600
G1 X136 Y92.107 E.00226
G2 X135.982 Y85.89 I-.009 J-3.108 E.29082
G1 X135.675 Y85.907 E.00917
G2 X135.675 Y92.091 I.316 J3.092 E.27201
G1 X135.864 Y92.103 E.00565
G1 X135.843 Y92.503 F18000
G1 X136 Y92.512
G1 X136.017 Y92.511
G1 X136.017 Y92.502
M204 P1500
;TYPE:Inner wall
;WIDTH:0.45
G1 F6000
G1 X136.366 Y92.481 E.01124
G2 X136.364 Y85.516 I-.365 J-3.482 E.33024
G2 X135.634 Y85.516 I-.364 J3.684 E.02353
G2 X135.957 Y92.5 I.367 J3.482 E.34052
G1 X135.963 Y92.909 F18000
G1 F6000
G1 X136 Y92.907 E.00118
G2 X136.406 Y85.11 I.001 J-3.909 E.38186
G2 X135.591 Y85.111 I-.405 J4.108 E.02624
G2 X135.592 Y92.885 I.41 J3.887 E.3685
G1 X135.904 Y92.905 E.01005
G1 E-1.75
;WIPE_START
G1 X136 Y92.907 E-.07233
G1 X136.409 Y92.889 E-.30689
G1 X136.813 Y92.825 E-.30704
G1 X136.895 Y92.803 E-.06374
;WIPE_END
G1 X136.792 Y92.418 Z6.84 F18000
G1 X139.492 Y130.633
G1 X139.512 Y131
G1 X139.492 Y131.367
G1 X139.435 Y131.73
G1 X139.34 Y132.085
G1 X139.208 Y132.428
G1 X139.041 Y132.756
G1 X138.841 Y133.064
G1 X138.61 Y133.35
G1 X138.35 Y133.61
G1 X138.064 Y133.841
G1 X137.756 Y134.041
G1 X137.428 Y134.208
G1 X137.085 Y134.34
G1 X136.73 Y134.435
G1 X136.367 Y134.492
G1 X136.097 Y134.507
G1 X136.076 Y134.106
G1 Z6.64
G1 E2.5 F6000
M204 P1000
;TYPE:Outer wall
;WIDTH:0.42
G1 F3600
G1 X136.325 Y134.089 E.00743
G2 X135.982 Y127.89 I-.334 J-3.09 E.28113
G1 X135.675 Y127.907 E.00917
G2 X136 Y134.107 I.316 J3.092 E.2817
G1 X136.016 Y134.107 E.00047
G1 X136.037 Y134.51 F18000
G1 X136.017 Y134.511
G1 X136.017 Y134.502
M204 P1500
;TYPE:Inner wall
;WIDTH:0.45
G1 F6000
G1 X136.366 Y134.481 E.01124
G2 X136.364 Y127.516 I-.365 J-3.482 E.33024
G2 X135.634 Y127.516 I-.364 J3.684 E.02353
G2 X135.957 Y134.5 I.367 J3.482 E.34052
G1 X135.963 Y134.909 F18000
G1 F6000
G1 X136 Y134.907 E.00118
G2 X136.406 Y127.11 I.001 J-3.909 E.38186
G2 X135.591 Y127.111 I-.405 J4.108 E.02624
G2 X135.592 Y134.885 I.41 J3.887 E.3685
G1 X135.904 Y134.905 E.01005
G1 E-1.75
;WIPE_START
G1 X136 Y134.907 E-.07233
G1 X136.409 Y134.889 E-.30689
G1 X136.813 Y134.825 E-.30704
G1 X136.895 Y134.803 E-.06374
;WIPE_END
G1 X136.792 Y134.418 Z6.84 F18000
G1 X85.585 Y134.128
G1 X85.428 Y134.208
G1 X85.085 Y134.34
G1 X84.73 Y134.435
G1 X84.367 Y134.492
G1 X84 Y134.512
G1 X83.903 Y134.507
G1 X83.924 Y134.106
G1 Z6.64
G1 E2.5 F6000
M204 P1000
;TYPE:Outer wall
;WIDTH:0.42
G1 F3600
G1 X84 Y134.107 E.00226
G2 X83.982 Y127.89 I-.009 J-3.108 E.29082
G1 X83.675 Y127.907 E.00917
G2 X83.675 Y134.091 I.316 J3.092 E.27201
G1 X83.864 Y134.103 E.00565
G1 X83.843 Y134.504 F18000
G1 X83.983 Y134.511
G1 X83.983 Y134.502
M204 P1500
;TYPE:Inner wall
;WIDTH:0.45
G1 F6000
G1 X84 Y134.5 E.00055
G2 X84.364 Y127.516 I.001 J-3.502 E.34203
G2 X83.634 Y127.516 I-.364 J3.684 E.02353
G2 X83.634 Y134.481 I.367 J3.482 E.33011
G1 X83.923 Y134.498 E.00931
G1 X83.963 Y134.909 F18000
G1 F6000
G1 X84 Y134.907 E.00118
G2 X84.406 Y127.11 I.001 J-3.909 E.38186
G2 X83.591 Y127.111 I-.405 J4.108 E.02624
G2 X83.592 Y134.885 I.41 J3.887 E.3685
G1 X83.904 Y134.905 E.01005
G1 E-1.75
;WIPE_START
G1 X84 Y134.907 E-.07233
G1 X84.409 Y134.889 E-.30689
G1 X84.813 Y134.825 E-.30704
G1 X84.895 Y134.803 E-.06374
;WIPE_END
G1 X84.792 Y134.418 Z6.84 F18000
G1 X85.085 Y134.34
G1 X85.428 Y134.208
G1 X85.756 Y134.041
G1 X86.064 Y133.841
G1 X86.35 Y133.61
G1 X86.61 Y133.35
G1 X86.841 Y133.064
G1 X87.041 Y132.756
G1 X87.208 Y132.428
G1 X87.34 Y132.085
G1 X87.435 Y131.73
G1 X87.492 Y131.367
G1 X87.512 Y131
G1 X87.492 Y130.633
G1 X87.435 Y130.27
G1 X87.34 Y129.915
G1 X87.208 Y129.572
G1 X87.041 Y129.244
G1 X86.841 Y128.936
G1 X86.61 Y128.65
G1 X86.35 Y128.39
G1 X86.064 Y128.159
G1 X85.756 Y127.959
G1 X85.428 Y127.792
G1 X85.085 Y127.66
G1 X84.731 Y127.565
G1 X83.903 Y92.507
G1 X83.924 Y92.106
G1 Z6.64
G1 E2.5 F6000
M204 P1000
;TYPE:Outer wall
;WIDTH:0.42
G1 F3600
G1 X84 Y92.107 E.00226
G2 X83.982 Y85.89 I-.009 J-3.108 E.29082
G1 X83.675 Y85.907 E.00917
G2 X83.675 Y92.091 I.316 J3.092 E.27201
G1 X83.864 Y92.103 E.00565
G1 X83.843 Y92.504 F18000
G1 X83.983 Y92.511
G1 X83.983 Y92.502
M204 P1500
;TYPE:Inner wall
;WIDTH:0.45
G1 F6000
G1 X84 Y92.5 E.00055
G2 X84.364 Y85.516 I.001 J-3.502 E.34203
G2 X83.634 Y85.516 I-.364 J3.684 E.02353
G2 X83.634 Y92.481 I.367 J3.482 E.33011
G1 X83.923 Y92.498 E.00931
G1 X83.963 Y92.909 F18000
G1 F6000
G1 X84 Y92.907 E.00118
G2 X84.406 Y85.11 I.001 J-3.909 E.38186
G2 X83.591 Y85.111 I-.405 J4.108 E.02624
G2 X83.592 Y92.885 I.41 J3.887 E.3685
G1 X83.904 Y92.905 E.01005
G1 E-1.75
;WIPE_START
G1 X84 Y92.907 E-.07233
G1 X84.409 Y92.889 E-.30689
G1 X84.813 Y92.825 E-.30704
G1 X84.895 Y92.803 E-.06374
;WIPE_END
G1 X84.792 Y92.418 Z6.84 F18000
G1 X101.689 Y118.311
G1 X118.311 Y118.311
G1 X118.311 Y117.91
G1 X117.91 Y117.91
G1 Z6.64
G1 E2.5 F6000
M204 P1000
;TYPE:Outer wall
;WIDTH:0.42
G1 F3600
G1 X117.91 Y102.09 E.47122
G1 X102.09 Y102.09 E.47122
G1 X102.09 Y117.91 E.47122
G1 X117.85 Y117.91 E.46944
G1 X117.85 Y118.311 F18000
G1 X118.311 Y118.311
G1 X118.311 Y118.302
G1 X118.302 Y118.302
M204 P1500
;TYPE:Inner wall
;WIDTH:0.45
G1 F6000
G1 X118.302 Y101.698 E.53393
G1 X101.698 Y101.698 E.53393
G1 X101.698 Y118.302 E.53393
G1 X118.242 Y118.302 E.532
G1 X118.709 Y118.709 F18000
G1 F6000
G1 X118.709 Y101.291 E.56011
G1 X101.291 Y101.291 E.56011
G1 X101.291 Y118.709 E.56011
G1 X118.649 Y118.709 E.55818
G1 X135.142 Y127.018 F18000
M204 P2000
;TYPE:Internal solid infill
;WIDTH:0.421088
G1 F6000
G1 X85.453 Y127.018 E1.48433
G3 X86.232 Y127.396 I-1.525 J4.136 E.02592
G1 X133.768 Y127.396 E1.42001
G2 X133.249 Y127.774 I1.547 J2.668 E.01922
G1 X86.751 Y127.774 E1.389
G3 X87.146 Y128.152 I-1.598 J2.065 E.01637
G1 X132.854 Y128.152 E1.36539
G2 X132.55 Y128.53 I10.717 J8.916 E.01449
G1 X87.45 Y128.53 E1.34725
G3 X87.691 Y128.908 I-1.672 J1.334 E.01343
G1 X132.309 Y128.908 E1.33283
G2 X132.118 Y129.287 I1.708 J1.1 E.01268
G1 X87.882 Y129.287 E1.32142
G1 X88.028 Y129.665 E.0121
G1 X131.972 Y129.665 E1.31274
G2 X131.868 Y130.043 I1.744 J.683 E.01174
G1 X88.132 Y130.043 E1.30653
G3 X88.2 Y130.421 I-1.769 J.514 E.0115
G1 X131.8 Y130.421 E1.30246
G2 X131.766 Y130.799 I1.777 J.351 E.01136
G1 X88.234 Y130.799 E1.30042
G3 X88.235 Y131.177 I-1.803 J.195 E.01132
G1 X131.765 Y131.177 E1.30035
G2 X131.797 Y131.556 I1.81 J.039 E.01136
G1 X88.203 Y131.556 E1.30224
G3 X88.138 Y131.934 I-1.836 J-.123 E.01149
G1 X131.862 Y131.934 E1.30615
G1 X131.963 Y132.312 E.0117
G1 X88.037 Y132.312 E1.31221
G1 X87.891 Y132.69 E.0121
G1 X132.109 Y132.69 E1.32088
G2 X132.297 Y133.068 I1.897 J-.708 E.01264
G1 X87.703 Y133.068 E1.33212
G3 X87.465 Y133.446 I-1.912 J-.94 E.01337
G1 X132.535 Y133.446 E1.34635
G2 X132.833 Y133.825 I1.955 J-1.236 E.01442
G1 X87.167 Y133.825 E1.36417
G3 X86.78 Y134.203 I-5.508 J-5.244 E.01616
G1 X133.22 Y134.203 E1.38727
G2 X133.732 Y134.581 I2.062 J-2.255 E.01905
G1 X86.268 Y134.581 E1.41785
G3 X85.514 Y134.959 I-2.28 J-3.607 E.02525
G1 X134.486 Y134.959 E1.46293
G2 X137.514 Y134.959 I1.514 J-3.864 E.09258
G1 X142.658 Y134.959 E.15366
G1 X142.658 Y134.581 E.0113
G1 X138.268 Y134.581 E.13112
G2 X138.78 Y134.203 I-1.55 J-2.634 E.01905
G1 X142.658 Y134.203 E.11583
G1 X142.658 Y133.825 E.0113
G1 X138.93 Y133.825 E.11136
G1 X141.387 Y132.076 F18000
;WIDTH:0.564049
G1 F4847.774
G1 X141.404 Y131.861 E.00889
;WIDTH:0.528727
G1 F5200.246
G1 X141.422 Y131.645 E.00829
;WIDTH:0.481613
G1 F5758.739
G1 X141.44 Y131.43 E.00748
G2 X141.428 Y130.346 I-10.315 J-.43 E.03757
G1 X141.067 Y129.121 F18000
;WIDTH:0.402681
G1 F6000
G1 X141.186 Y129.51 E.01155
;WIDTH:0.443819
G1 X141.305 Y129.898 E.01287
;WIDTH:0.484957
G1 F5715.17
G1 X141.425 Y130.287 E.01419
G1 X141.445 Y130 E.01004
;WIDTH:0.443819
G1 F6000
G1 X141.466 Y129.713 E.0091
;WIDTH:0.394524
G2 X141.486 Y129.121 I-4.116 J-.439 E.01647
G1 X141.127 Y129.121 E.00999
G1 X140.515 Y128.763 F18000
;WIDTH:0.419999
G1 F6000
G1 X140.774 Y129.345 E.01898
G1 X141.014 Y130.374 E.03146
G1 X141.035 Y131.43 E.03147
G3 X140.814 Y132.534 I-11.198 J-1.668 E.03354
G1 X141.845 Y132.534 E.03071
G1 X141.845 Y128.763 E.11232
G1 X140.575 Y128.763 E.03781
G1 X139.858 Y128.386 F18000
G1 F6000
G1 X140.08 Y128.713 E.01177
G1 X140.453 Y129.56 E.02758
G1 X140.645 Y130.452 E.02718
G1 X140.658 Y131.43 E.02913
G1 X140.466 Y132.389 E.02913
G1 X140.248 Y132.911 E.01685
G1 X142.222 Y132.911 E.0588
G1 X142.222 Y128.386 E.13478
G1 X139.918 Y128.386 E.06862
G1 X139.079 Y128.009 F18000
G1 F6000
G1 X139.21 Y128.136 E.00544
G1 X139.736 Y128.866 E.02679
G1 X140.098 Y129.689 E.02679
G1 X140.281 Y130.57 E.02679
G1 X140.276 Y131.469 E.02679
G1 X140.085 Y132.348 E.02679
G1 X139.72 Y133.162 E.02659
G1 X139.635 Y133.288 E.0045
G1 X142.599 Y133.288 E.08827
G1 X142.599 Y128.009 E.15725
G1 X139.139 Y128.009 E.10304
G1 X138.482 Y127.774 F18000
;WIDTH:0.421088
G1 F6000
G1 X142.658 Y127.774 E.12475
G1 X142.658 Y127.396 E.0113
G1 X138.232 Y127.396 E.1322
G2 X137.453 Y127.018 I-2.305 J3.758 E.02592
G1 X142.827 Y127.018 E.16055
G1 X142.827 Y119.076 F18000
G1 F6000
G1 X77.342 Y119.076 E1.9562
G1 X77.342 Y119.454 E.0113
G1 X142.658 Y119.454 E1.95113
G1 X142.658 Y119.832 E.0113
G1 X77.342 Y119.832 E1.95113
G1 X77.342 Y120.211 E.0113
G1 X142.658 Y120.211 E1.95113
G1 X142.658 Y120.589 E.0113
G1 X77.342 Y120.589 E1.95113
G1 X77.342 Y120.967 E.0113
G1 X142.658 Y120.967 E1.95113
G1 X142.658 Y121.345 E.0113
G1 X77.342 Y121.345 E1.95113
G1 X77.342 Y121.723 E.0113
G1 X142.658 Y121.723 E1.95113
G1 X142.658 Y122.101 E.0113
G1 X77.342 Y122.101 E1.95113
G1 X77.342 Y122.48 E.0113
G1 X142.658 Y122.48 E1.95113
G1 X142.658 Y122.858 E.0113
G1 X77.342 Y122.858 E1.95113
G1 X77.342 Y123.236 E.0113
G1 X142.658 Y123.236 E1.95113
G1 X142.658 Y123.614 E.0113
G1 X77.342 Y123.614 E1.95113
G1 X77.342 Y123.992 E.0113
G1 X142.658 Y123.992 E1.95113
G1 X142.658 Y124.37 E.0113
G1 X77.342 Y124.37 E1.95113
G1 X77.342 Y124.749 E.0113
G1 X142.658 Y124.749 E1.95113
G1 X142.658 Y125.127 E.0113
G1 X77.342 Y125.127 E1.95113
G1 X77.342 Y125.505 E.0113
G1 X142.658 Y125.505 E1.95113
G1 X142.658 Y125.883 E.0113
G1 X77.342 Y125.883 E1.95113
G1 X77.342 Y126.261 E.0113
G1 X142.658 Y126.261 E1.95113
G1 X142.658 Y126.639 E.0113
G1 X77.342 Y126.639 E1.95113
G1 X77.342 Y127.018 E.0113
G1 X82.547 Y127.018 E.15548
G2 X81.768 Y127.396 I1.525 J4.136 E.02592
G1 X77.342 Y127.396 E.1322
G1 X77.342 Y127.774 E.0113
G1 X81.518 Y127.774 E.12475
G1 X78.613 Y132.076 F18000
;WIDTH:0.564045
G1 F4847.811
G1 X78.596 Y131.861 E.00889
;WIDTH:0.528723
G1 F5200.289
G1 X78.578 Y131.645 E.00829
;WIDTH:0.481609
G1 F5758.797
G1 X78.56 Y131.43 E.00748
G3 X78.572 Y130.346 I10.315 J-.43 E.03757
G1 X78.933 Y129.121 F18000
;WIDTH:0.382108
G1 F6000
G1 X78.514 Y129.121 E.01125
;WIDTH:0.402677
G1 X78.534 Y129.51 E.01106
;WIDTH:0.443814
G1 X78.555 Y129.898 E.01232
;WIDTH:0.484952
G1 F5715.241
G1 X78.575 Y130.287 E.01358
G1 X78.655 Y130.01 E.01004
;WIDTH:0.443814
G1 F6000
G1 X78.735 Y129.734 E.0091
;WIDTH:0.402328
G3 X78.913 Y129.178 I4.867 J1.255 E.01661
G1 X79.485 Y128.763 F18000
;WIDTH:0.419999
G1 F6000
G1 X78.155 Y128.763 E.0396
G1 X78.155 Y132.534 E.11232
G1 X79.186 Y132.534 E.03071
G3 X78.965 Y131.43 I10.977 J-2.772 E.03354
G1 X78.965 Y130.57 E.02562
G1 X79.165 Y129.533 E.03146
G1 X79.462 Y128.818 E.02304
G1 X80.142 Y128.386 F18000
G1 F6000
G1 X77.778 Y128.386 E.07041
G1 X77.778 Y132.911 E.13478
G1 X79.752 Y132.911 E.0588
G1 X79.534 Y132.389 E.01685
G1 X79.351 Y131.528 E.02622
G1 X79.342 Y130.57 E.02854
G1 X79.534 Y129.611 E.02913
G1 X79.92 Y128.713 E.02913
G1 X80.108 Y128.435 E.00998
G1 X80.921 Y128.009 F18000
G1 F6000
G1 X77.401 Y128.009 E.10483
G1 X77.401 Y133.288 E.15725
G1 X80.365 Y133.288 E.08827
G1 X79.915 Y132.348 E.03104
G1 X79.722 Y131.463 E.02699
G1 X79.719 Y130.57 E.02659
G1 X79.907 Y129.672 E.02731
G1 X80.265 Y128.866 E.02628
G1 X80.79 Y128.136 E.02678
G1 X80.878 Y128.051 E.00365
G1 X81.434 Y128.607 F18000
G1 X81.39 Y128.65
G1 X81.159 Y128.936
G1 X80.959 Y129.244
G1 X80.792 Y129.572
G1 X80.66 Y129.915
G1 X80.565 Y130.27
G1 X80.508 Y130.633
G1 X80.488 Y131
G1 X80.508 Y131.367
G1 X80.565 Y131.73
G1 X80.66 Y132.085
G1 X80.792 Y132.428
G1 X80.959 Y132.756
G1 X81.159 Y133.064
G1 X81.39 Y133.35
G1 X81.468 Y133.427
G1 X81.07 Y133.825
;WIDTH:0.421088
G1 F6000
G1 X77.342 Y133.825 E.11136
G1 X77.342 Y134.203 E.0113
G1 X81.22 Y134.203 E.11583
G2 X81.732 Y134.581 I2.062 J-2.255 E.01905
G1 X77.342 Y134.581 E.13112
G1 X77.342 Y134.959 E.0113
G1 X83.054 Y134.959 E.17063
G1 X78.259 Y143.657 F18000
G1 F6000
G1 X140.963 Y143.657 E1.87312
G2 X141.972 Y143.338 I-.036 J-1.874 E.03205
G1 X142.039 Y143.279 E.00267
G1 X77.961 Y143.279 E1.91417
G1 X77.893 Y143.229 E.0025
G1 X77.662 Y142.972 E.01034
G1 X77.62 Y142.901 E.00248
G1 X142.379 Y142.901 E1.93453
G1 X142.433 Y142.827 E.00271
G1 X142.568 Y142.522 E.00997
G1 X77.44 Y142.522 E1.94556
G3 X77.362 Y142.144 I.837 J-.37 E.01162
G1 X142.648 Y142.144 E1.95028
G2 X142.658 Y141.766 I-3.611 J-.279 E.01131
G1 X77.342 Y141.766 E1.95113
G1 X77.342 Y141.388 E.0113
G1 X142.658 Y141.388 E1.95113
G1 X142.658 Y141.01 E.0113
G1 X77.342 Y141.01 E1.95113
G1 X77.342 Y140.632 E.0113
G1 X142.658 Y140.632 E1.95113
G1 X142.658 Y140.253 E.0113
G1 X77.342 Y140.253 E1.95113
G1 X77.342 Y139.875 E.0113
G1 X142.658 Y139.875 E1.95113
G1 X142.658 Y139.497 E.0113
G1 X77.342 Y139.497 E1.95113
G1 X77.342 Y139.119 E.0113
G1 X142.658 Y139.119 E1.95113
G1 X142.658 Y138.741 E.0113
G1 X77.342 Y138.741 E1.95113
G1 X77.342 Y138.363 E.0113
G1 X142.658 Y138.363 E1.95113
G1 X142.658 Y137.984 E.0113
G1 X77.342 Y137.984 E1.95113
G1 X77.342 Y137.606 E.0113
G1 X142.658 Y137.606 E1.95113
G1 X142.658 Y137.228 E.0113
G1 X77.342 Y137.228 E1.95113
G1 X77.342 Y136.85 E.0113
G1 X142.658 Y136.85 E1.95113
G1 X142.658 Y136.472 E.0113
G1 X77.342 Y136.472 E1.95113
G1 X77.342 Y136.094 E.0113
G1 X142.658 Y136.094 E1.95113
G1 X142.658 Y135.715 E.0113
G1 X77.342 Y135.715 E1.95113
G1 X77.342 Y135.337 E.0113
G1 X142.827 Y135.337 E1.9562
G1 X142.827 Y101.302 F18000
G1 F6000
G1 X119.042 Y101.302 E.71051
G1 X119.042 Y101.68 E.0113
G1 X142.658 Y101.68 E.70544
G1 X142.658 Y102.058 E.0113
G1 X119.042 Y102.058 E.70544
G1 X119.042 Y102.437 E.0113
G1 X142.658 Y102.437 E.70544
G1 X142.658 Y102.815 E.0113
G1 X119.042 Y102.815 E.70544
G1 X119.042 Y103.193 E.0113
G1 X142.658 Y103.193 E.70544
G1 X142.658 Y103.571 E.0113
G1 X119.042 Y103.571 E.70544
G1 X119.042 Y103.949 E.0113
G1 X142.658 Y103.949 E.70544
G1 X142.658 Y104.327 E.0113
G1 X119.042 Y104.327 E.70544
G1 X119.042 Y104.706 E.0113
G1 X142.658 Y104.706 E.70544
G1 X142.658 Y105.084 E.0113
G1 X119.042 Y105.084 E.70544
G1 X119.042 Y105.462 E.0113
G1 X142.658 Y105.462 E.70544
G1 X142.658 Y105.84 E.0113
G1 X119.042 Y105.84 E.70544
G1 X119.042 Y106.218 E.0113
G1 X142.658 Y106.218 E.70544
G1 X142.658 Y106.596 E.0113
G1 X119.042 Y106.596 E.70544
G1 X119.042 Y106.975 E.0113
G1 X142.658 Y106.975 E.70544
G1 X142.658 Y107.353 E.0113
G1 X119.042 Y107.353 E.70544
G1 X119.042 Y107.731 E.0113
G1 X142.658 Y107.731 E.70544
G1 X142.658 Y108.109 E.0113
G1 X119.042 Y108.109 E.70544
G1 X119.042 Y108.487 E.0113
G1 X142.658 Y108.487 E.70544
G1 X142.658 Y108.865 E.0113
G1 X119.042 Y108.865 E.70544
G1 X119.042 Y109.244 E.0113
G1 X142.658 Y109.244 E.70544
G1 X142.658 Y109.622 E.0113
G1 X119.042 Y109.622 E.70544
G1 X119.042 Y110 E.0113
G1 X142.658 Y110 E.70544
G1 X142.658 Y110.378 E.0113
G1 X119.042 Y110.378 E.70544
G1 X119.042 Y110.756 E.0113
G1 X142.658 Y110.756 E.70544
G1 X142.658 Y111.134 E.0113
G1 X119.042 Y111.134 E.70544
G1 X119.042 Y111.513 E.0113
G1 X142.658 Y111.513 E.70544
G1 X142.658 Y111.891 E.0113
G1 X119.042 Y111.891 E.70544
G1 X119.042 Y112.269 E.0113
G1 X142.658 Y112.269 E.70544
G1 X142.658 Y112.647 E.0113
G1 X119.042 Y112.647 E.70544
G1 X119.042 Y113.025 E.0113
G1 X142.658 Y113.025 E.70544
G1 X142.658 Y113.403 E.0113
G1 X119.042 Y113.403 E.70544
G1 X119.042 Y113.782 E.0113
G1 X142.658 Y113.782 E.70544
G1 X142.658 Y114.16 E.0113
G1 X119.042 Y114.16 E.70544
G1 X119.042 Y114.538 E.0113
G1 X142.658 Y114.538 E.70544
G1 X142.658 Y114.916 E.0113
G1 X119.042 Y114.916 E.70544
G1 X119.042 Y115.294 E.0113
G1 X142.658 Y115.294 E.70544
G1 X142.658 Y115.672 E.0113
G1 X119.042 Y115.672 E.70544
G1 X119.042 Y116.051 E.0113
G1 X142.658 Y116.051 E.70544
G1 X142.658 Y116.429 E.0113
G1 X119.042 Y116.429 E.70544
G1 X119.042 Y116.807 E.0113
G1 X142.658 Y116.807 E.70544
G1 X142.658 Y117.185 E.0113
G1 X119.042 Y117.185 E.70544
G1 X119.042 Y117.563 E.0113
G1 X142.658 Y117.563 E.70544
G1 X142.658 Y117.942 E.0113
G1 X119.042 Y117.942 E.70544
G1 X119.042 Y118.32 E.0113
G1 X142.658 Y118.32 E.70544
G1 X142.658 Y118.698 E.0113
G1 X119.042 Y118.698 E.70544
G1 X119.042 Y119.042 E.01029
G1 X100.958 Y119.042 E.54024
G1 X100.958 Y118.698 E.01029
G1 X77.342 Y118.698 E.70544
G1 X77.342 Y118.32 E.0113
G1 X100.958 Y118.32 E.70544
G1 X100.958 Y117.942 E.0113
G1 X77.342 Y117.942 E.70544
G1 X77.342 Y117.563 E.0113
G1 X100.958 Y117.563 E.70544
G1 X100.958 Y117.185 E.0113
G1 X77.342 Y117.185 E.70544
G1 X77.342 Y116.807 E.0113
G1 X100.958 Y116.807 E.70544
G1 X100.958 Y116.429 E.0113
G1 X77.342 Y116.429 E.70544
G1 X77.342 Y116.051 E.0113
G1 X100.958 Y116.051 E.70544
G1 X100.958 Y115.672 E.0113
G1 X77.342 Y115.672 E.70544
G1 X77.342 Y115.294 E.0113
G1 X100.958 Y115.294 E.70544
G1 X100.958 Y114.916 E.0113
G1 X77.342 Y114.916 E.70544
G1 X77.342 Y114.538 E.0113
G1 X100.958 Y114.538 E.70544
G1 X100.958 Y114.16 E.0113
G1 X77.342 Y114.16 E.70544
G1 X77.342 Y113.782 E.0113
G1 X100.958 Y113.782 E.70544
G1 X100.958 Y113.403 E.0113
G1 X77.342 Y113.403 E.70544
G1 X77.342 Y113.025 E.0113
G1 X100.958 Y113.025 E.70544
G1 X100.958 Y112.647 E.0113
G1 X77.342 Y112.647 E.70544
G1 X77.342 Y112.269 E.0113
G1 X100.958 Y112.269 E.70544
G1 X100.958 Y111.891 E.0113
G1 X77.342 Y111.891 E.70544
G1 X77.342 Y111.513 E.0113
G1 X100.958 Y111.513 E.70544
G1 X100.958 Y111.134 E.0113
G1 X77.342 Y111.134 E.70544
G1 X77.342 Y110.756 E.0113
G1 X100.958 Y110.756 E.70544
G1 X100.958 Y110.378 E.0113
G1 X77.342 Y110.378 E.70544
G1 X77.342 Y110 E.0113
G1 X100.958 Y110 E.70544
G1 X100.958 Y109.622 E.0113
G1 X77.342 Y109.622 E.70544
G1 X77.342 Y109.244 E.0113
G1 X100.958 Y109.244 E.70544
G1 X100.958 Y108.865 E.0113
G1 X77.342 Y108.865 E.70544
G1 X77.342 Y108.487 E.0113
G1 X100.958 Y108.487 E.70544
G1 X100.958 Y108.109 E.0113
G1 X77.342 Y108.109 E.70544
G1 X77.342 Y107.731 E.0113
G1 X100.958 Y107.731 E.70544
G1 X100.958 Y107.353 E.0113
G1 X77.342 Y107.353 E.70544
G1 X77.342 Y106.975 E.0113
G1 X100.958 Y106.975 E.70544
G1 X100.958 Y106.596 E.0113
G1 X77.342 Y106.596 E.70544
G1 X77.342 Y106.218 E.0113
G1 X100.958 Y106.218 E.70544
G1 X100.958 Y105.84 E.0113
G1 X77.342 Y105.84 E.70544
G1 X77.342 Y105.462 E.0113
G1 X100.958 Y105.462 E.70544
G1 X100.958 Y105.084 E.0113
G1 X77.342 Y105.084 E.70544
G1 X77.342 Y104.706 E.0113
G1 X100.958 Y104.706 E.70544
G1 X100.958 Y104.327 E.0113
G1 X77.342 Y104.327 E.70544
G1 X77.342 Y103.949 E.0113
G1 X100.958 Y103.949 E.70544
G1 X100.958 Y103.571 E.0113
G1 X77.342 Y103.571 E.70544
G1 X77.342 Y103.193 E.0113
G1 X100.958 Y103.193 E.70544
G1 X100.958 Y102.815 E.0113
G1 X77.342 Y102.815 E.70544
G1 X77.342 Y102.437 E.0113
G1 X100.958 Y102.437 E.70544
G1 X100.958 Y102.058 E.0113
G1 X77.342 Y102.058 E.70544
G1 X77.342 Y101.68 E.0113
G1 X100.958 Y101.68 E.70544
G1 X100.958 Y101.302 E.0113
G1 X77.342 Y101.302 E.70544
G1 X77.342 Y100.924 E.0113
G1 X142.658 Y100.924 E1.95113
G1 X142.658 Y100.546 E.0113
G1 X77.342 Y100.546 E1.95113
G1 X77.342 Y100.168 E.0113
G1 X142.658 Y100.168 E1.95113
G1 X142.658 Y99.789 E.0113
G1 X77.342 Y99.789 E1.95113
G1 X77.342 Y99.411 E.0113
G1 X142.658 Y99.411 E1.95113
G1 X142.658 Y99.033 E.0113
G1 X77.342 Y99.033 E1.95113
G1 X77.342 Y98.655 E.0113
G1 X142.658 Y98.655 E1.95113
G1 X142.658 Y98.277 E.0113
G1 X77.342 Y98.277 E1.95113
G1 X77.342 Y97.899 E.0113
G1 X142.658 Y97.899 E1.95113
G1 X142.658 Y97.52 E.0113
G1 X77.342 Y97.52 E1.95113
G1 X77.342 Y97.142 E.0113
G1 X142.658 Y97.142 E1.95113
G1 X142.658 Y96.764 E.0113
G1 X77.342 Y96.764 E1.95113
G1 X77.342 Y96.386 E.0113
G1 X142.658 Y96.386 E1.95113
G1 X142.658 Y96.008 E.0113
G1 X77.342 Y96.008 E1.95113
G1 X77.342 Y95.63 E.0113
G1 X142.658 Y95.63 E1.95113
G1 X142.658 Y95.251 E.0113
G1 X77.342 Y95.251 E1.95113
G1 X77.342 Y94.873 E.0113
G1 X142.658 Y94.873 E1.95113
G1 X142.658 Y94.495 E.0113
G1 X77.342 Y94.495 E1.95113
G1 X77.342 Y94.117 E.0113
G1 X142.658 Y94.117 E1.95113
G1 X142.658 Y93.739 E.0113
G1 X77.342 Y93.739 E1.95113
G1 X77.342 Y93.361 E.0113
G1 X142.827 Y93.361 E1.9562
G1 X138.906 Y91.848 F18000
G1 F6000
G1 X142.658 Y91.848 E.11206
G1 X142.658 Y92.226 E.0113
G1 X138.751 Y92.226 E.11669
G3 X138.232 Y92.604 I-2.066 J-2.289 E.01922
G1 X142.658 Y92.604 E.13219
G1 X142.658 Y92.982 E.0113
G1 X137.453 Y92.982 E.15548
G3 X134.547 Y92.982 I-1.453 J-3.889 E.08868
G1 X85.453 Y92.982 E1.46657
G2 X86.232 Y92.604 I-1.525 J-4.135 E.02592
G1 X133.768 Y92.604 E1.42
G3 X133.249 Y92.226 I1.546 J-2.667 E.01922
G1 X86.751 Y92.226 E1.38899
G2 X87.146 Y91.848 I-1.598 J-2.065 E.01637
G1 X132.854 Y91.848 E1.36539
G3 X132.55 Y91.47 I10.722 J-8.919 E.01449
G1 X87.45 Y91.47 E1.34725
G2 X87.691 Y91.092 I-1.673 J-1.334 E.01343
G1 X132.309 Y91.092 E1.33283
G3 X132.118 Y90.713 I1.707 J-1.1 E.01268
G1 X87.882 Y90.713 E1.32142
G1 X88.028 Y90.335 E.0121
G1 X131.972 Y90.335 E1.31274
G3 X131.868 Y89.957 I1.743 J-.683 E.01174
G1 X88.132 Y89.957 E1.30653
G2 X88.2 Y89.579 I-1.769 J-.514 E.0115
G1 X131.8 Y89.579 E1.30246
G3 X131.766 Y89.201 I1.777 J-.351 E.01136
G1 X88.234 Y89.201 E1.30042
G2 X88.235 Y88.823 I-1.803 J-.195 E.01132
G1 X131.765 Y88.823 E1.30035
G3 X131.797 Y88.444 I1.81 J-.039 E.01136
G1 X88.203 Y88.444 E1.30224
G2 X88.138 Y88.066 I-1.836 J.124 E.01149
G1 X131.862 Y88.066 E1.30615
G1 X131.963 Y87.688 E.0117
G1 X88.037 Y87.688 E1.31221
G1 X87.891 Y87.31 E.0121
G1 X132.109 Y87.31 E1.32088
G3 X132.297 Y86.932 I1.897 J.708 E.01264
G1 X87.703 Y86.932 E1.33212
G2 X87.465 Y86.554 I-1.912 J.94 E.01337
G1 X132.535 Y86.554 E1.34635
G3 X132.833 Y86.175 I1.955 J1.236 E.01442
G1 X87.167 Y86.175 E1.36417
G2 X86.78 Y85.797 I-5.508 J5.245 E.01616
G1 X133.22 Y85.797 E1.38728
G3 X133.732 Y85.419 I2.062 J2.256 E.01905
G1 X86.268 Y85.419 E1.41786
G2 X85.514 Y85.041 I-2.28 J3.607 E.02525
G1 X135.055 Y85.041 E1.47991
G1 X135.2 Y85.584 F18000
G1 X135.27 Y85.565
G1 X135.633 Y85.508
G1 X135.981 Y85.489
G1 X136.365 Y85.507
G1 X136.73 Y85.565
G1 X137.085 Y85.66
G1 X137.428 Y85.792
G1 X137.756 Y85.959
G1 X141.425 Y88.287
;WIDTH:0.483803
G1 F5730.131
G1 X141.446 Y87.857 E.015
;WIDTH:0.423275
G1 F6000
G2 X141.468 Y86.907 I-9.392 J-.69 E.02856
G1 X140.991 Y86.907 E.01434
G1 X141.203 Y87.454 E.01765
;WIDTH:0.440357
G1 X141.306 Y87.841 E.01258
;WIDTH:0.46208
G1 X141.409 Y88.229 E.01326
G1 X141.373 Y90.206 F18000
;WIDTH:0.590316
G1 F4615.152
G1 X141.392 Y90.026 E.00785
;WIDTH:0.552656
G1 F4956.126
G1 X141.411 Y89.845 E.00731
;WIDTH:0.514996
G1 F5351.503
G1 X141.429 Y89.665 E.00677
;WIDTH:0.492702
G1 F5616.76
G1 X141.428 Y88.346 E.04684
G1 X140.774 Y90.655 F18000
;WIDTH:0.419999
G1 F6000
G2 X141.845 Y90.678 I.834 J-13.841 E.03189
G1 X141.845 Y86.53 E.12355
G1 X140.408 Y86.53 E.0428
G1 X140.774 Y87.345 E.02662
G1 X141.014 Y88.374 E.03146
G1 X141.035 Y89.43 E.03147
G3 X140.789 Y90.597 I-8.887 J-1.263 E.03554
G1 X140.183 Y91.055 F18000
G1 F6000
G1 X142.222 Y91.055 E.06071
G1 X142.222 Y86.153 E.14601
G1 X139.689 Y86.153 E.07545
G1 X140.021 Y86.61 E.01683
G1 X140.42 Y87.477 E.02844
G1 X140.645 Y88.452 E.02981
G1 X140.658 Y89.43 E.02913
G3 X140.43 Y90.501 I-11.82 J-1.953 E.03264
G1 X140.208 Y91 E.01626
G1 X139.529 Y91.432 F18000
G1 F6000
G1 X142.599 Y91.432 E.09143
G1 X142.599 Y85.776 E.16848
G1 X138.816 Y85.776 E.11266
G1 X139.21 Y86.136 E.0159
G1 X139.736 Y86.866 E.02679
G1 X140.098 Y87.689 E.02679
G1 X140.281 Y88.57 E.02679
G1 X140.276 Y89.469 E.02679
G1 X140.085 Y90.348 E.02679
G1 X139.717 Y91.166 E.02672
G1 X139.564 Y91.383 E.00792
G1 X142.827 Y85.419 F18000
;WIDTH:0.421088
G1 F6000
G1 X138.268 Y85.419 E.13619
G2 X137.514 Y85.041 I-2.28 J3.608 E.02525
G1 X142.827 Y85.041 E.15873
G1 X141.741 Y76.343 F18000
G1 F6000
G1 X79.037 Y76.343 E1.87311
G2 X77.961 Y76.721 I-.025 J1.65 E.03479
G1 X142.039 Y76.721 E1.91415
G3 X142.379 Y77.099 I-.72 J.992 E.01532
G1 X77.621 Y77.099 E1.93451
G1 X77.567 Y77.173 E.00271
G1 X77.432 Y77.478 E.00997
G1 X142.568 Y77.478 E1.9458
G1 X142.648 Y77.856 E.01155
G1 X77.352 Y77.856 E1.95057
G2 X77.342 Y78.234 I3.611 J.279 E.01131
G1 X142.658 Y78.234 E1.95113
G1 X142.658 Y78.612 E.0113
G1 X77.342 Y78.612 E1.95113
G1 X77.342 Y78.99 E.0113
G1 X142.658 Y78.99 E1.95113
G1 X142.658 Y79.368 E.0113
G1 X77.342 Y79.368 E1.95113
G1 X77.342 Y79.747 E.0113
G1 X142.658 Y79.747 E1.95113
G1 X142.658 Y80.125 E.0113
G1 X77.342 Y80.125 E1.95113
G1 X77.342 Y80.503 E.0113
G1 X142.658 Y80.503 E1.95113
G1 X142.658 Y80.881 E.0113
G1 X77.342 Y80.881 E1.95113
G1 X77.342 Y81.259 E.0113
G1 X142.658 Y81.259 E1.95113
G1 X142.658 Y81.637 E.0113
G1 X77.342 Y81.637 E1.95113
G1 X77.342 Y82.016 E.0113
G1 X142.658 Y82.016 E1.95113
G1 X142.658 Y82.394 E.0113
G1 X77.342 Y82.394 E1.95113
G1 X77.342 Y82.772 E.0113
G1 X142.658 Y82.772 E1.95113
G1 X142.658 Y83.15 E.0113
G1 X77.342 Y83.15 E1.95113
G1 X77.342 Y83.528 E.0113
G1 X142.658 Y83.528 E1.95113
G1 X142.658 Y83.906 E.0113
G1 X77.342 Y83.906 E1.95113
G1 X77.342 Y84.285 E.0113
G1 X142.658 Y84.285 E1.95113
G1 X142.658 Y84.663 E.0113
G1 X77.342 Y84.663 E1.95113
G1 X77.342 Y85.041 E.0113
G1 X82.486 Y85.041 E.15366
G2 X81.732 Y85.419 I1.525 J3.986 E.02525
G1 X77.173 Y85.419 E.13619
G1 X78.598 Y88 F18000
;WIDTH:0.529628
G1 F5190.624
G1 X78.701 Y87.719 E.01148
;WIDTH:0.487335
G1 F5684.593
G1 X78.803 Y87.439 E.01048
;WIDTH:0.434749
G1 F6000
G2 X78.988 Y86.909 I-7.89 J-3.05 E.01737
G1 X78.534 Y86.909 E.01404
G1 X78.551 Y87.707 E.0247
;WIDTH:0.480731
G1 F5770.337
G1 X78.57 Y87.824 E.00409
;WIDTH:0.504079
G1 F5478.194
G1 X78.588 Y87.94 E.00431
G1 X78.618 Y90.216 F18000
;WIDTH:0.568575
G1 F4806.037
G1 X78.596 Y89.857 E.01492
;WIDTH:0.525384
G1 F5236.278
G1 X78.574 Y89.499 E.01369
;WIDTH:0.471369
G1 F5896.431
G1 X78.553 Y89.14 E.01216
G1 X78.595 Y88.06 E.0366
G1 X79.251 Y90.678 F18000
;WIDTH:0.419999
G1 F6000
G1 X79.064 Y90.097 E.01817
G1 X78.948 Y89.099 E.02995
G1 X79.038 Y88.046 E.03147
G3 X79.425 Y86.855 I8.506 J2.106 E.03733
G1 X79.613 Y86.53 E.01118
G1 X78.155 Y86.53 E.0434
G1 X78.155 Y90.678 E.12355
G1 X79.191 Y90.678 E.03086
G1 X79.808 Y91.055 F18000
G1 F6000
G1 X79.703 Y90.848 E.00691
G1 X79.429 Y90.001 E.02654
G1 X79.323 Y89.059 E.02822
G1 X79.413 Y88.085 E.02913
G3 X79.751 Y87.044 I10.494 J2.834 E.03264
G1 X80.182 Y86.299 E.02562
G1 X80.296 Y86.153 E.00552
G1 X77.778 Y86.153 E.075
G1 X77.778 Y91.055 E.14601
G1 X79.748 Y91.055 E.05868
G1 X80.462 Y91.432 F18000
;WIDTH:0.419999
G1 F6000
G1 X80.062 Y90.732 E.02402
G1 X79.788 Y89.875 E.02679
G1 X79.698 Y88.98 E.02679
G1 X79.796 Y88.086 E.02679
G1 X80.078 Y87.232 E.02679
G1 X80.531 Y86.455 E.02679
G1 X81.152 Y85.776 E.02742
G1 X77.401 Y85.776 E.11173
G1 X77.401 Y91.432 E.16848
G1 X80.402 Y91.432 E.08937
G1 X81.094 Y91.848 F18000
;WIDTH:0.421088
G1 F6000
G1 X77.342 Y91.848 E.11206
G1 X77.342 Y92.226 E.0113
G1 X81.249 Y92.226 E.11669
G2 X81.768 Y92.604 I2.065 J-2.289 E.01922
G1 X77.342 Y92.604 E.13219
G1 X77.342 Y92.982 E.0113
G1 X83.142 Y92.982 E.17324
; stop printing object top_plate.stl id:4734322866433739561 copy 0
;LAYER_CHANGE
;Z:6.84
;HEIGHT:0.2
G92 E0 ; zero the extruded length again
; BEFORE_LAYER_CHANGE 33 @ 6.84mm
G1 E-1.75 F6000
;WIPE_START
G1 X82.142 Y92.982 E-.75
;WIPE_END
; AFTER_LAYER_CHANGE 33 @ 6.84mm
;_SET_FAN_SPEED_CHANGING_LAYER
; printing object top_plate.stl id:4734322866433739561 copy 0
G17
G3 Z7.04 I-.482 J.372 P1  F18000
G1 X101.689 Y118.311 Z7.04
G1 X110.883 Y118.311
G1 X140.93 Y144.389
G1 X140.93 Y144.79
G1 Z6.84
G1 E2.5 F6000
M204 P1000
;TYPE:Outer wall
;WIDTH:0.42
G1 F3600
G1 X79.005 Y144.79 E1.84451
G3 X76.21 Y141.995 I.004 J-2.8 E.13074
G1 X76.21 Y78.005 E1.90602
G3 X79.005 Y75.21 I2.8 J.005 E.13074
G1 X140.995 Y75.21 E1.84644
G1 X141.292 Y75.226 E.00886
G3 X143.79 Y78.005 I-.294 J2.777 E.12197
G1 X143.79 Y141.995 E1.90601
G3 X140.995 Y144.79 I-2.8 J-.004 E.13074
G1 X140.99 Y144.79 E.00014
G1 X140.984 Y144.389 F18000
G1 X140.984 Y144.389
G1 X140.93 Y144.389
G1 X140.93 Y144.398
M204 P1500
;TYPE:Inner wall
;WIDTH:0.45
G1 F6000
G1 X79.016 Y144.398 E1.99093
G3 X76.602 Y141.984 I-.006 J-2.408 E.122
G1 X76.602 Y78.016 E2.057
G3 X79.016 Y75.602 I2.408 J-.006 E.12199
G1 X140.984 Y75.602 E1.99268
G1 X141.251 Y75.616 E.00857
G3 X143.398 Y78.016 I-.259 J2.392 E.11345
G1 X143.398 Y141.984 E2.05699
G3 X140.99 Y144.398 I-2.408 J.006 E.12182
G1 X140.93 Y143.991 F18000
G1 F6000
G1 X79.026 Y143.991 E1.99059
G3 X77.009 Y141.974 I-.016 J-2.001 E.10212
G1 X77.009 Y78.026 E2.05631
G3 X79.026 Y76.009 I2.001 J-.016 E.10212
G1 X140.974 Y76.009 E1.992
G1 X141.208 Y76.021 E.00754
G3 X142.991 Y78.026 I-.241 J2.01 E.09432
G1 X142.991 Y141.974 E2.05631
G3 X140.99 Y143.991 I-2.001 J.016 E.1016
G1 E-1.75
;WIPE_START
G1 X139.99 Y143.991 E-.75
;WIPE_END
G1 X139.99 Y144.389 Z7.04 F18000
G1 X139.512 Y131
G1 X139.493 Y130.633
G1 X139.435 Y130.27
G1 X139.34 Y129.915
G1 X139.208 Y129.572
G1 X139.041 Y129.244
G1 X138.841 Y128.936
G1 X138.812 Y128.9
G1 X135.92 Y92.508
G1 X135.941 Y92.107
G1 Z6.84
G1 E2.5 F6000
M204 P1000
;TYPE:Outer wall
;WIDTH:0.42
G1 F3600
G1 X136 Y92.11 E.00175
G2 X137.265 Y86.159 I.008 J-3.108 E.25258
G2 X135.883 Y85.896 I-1.272 J2.922 E.04224
G2 X135.675 Y92.092 I.125 J3.106 E.27718
G1 X135.881 Y92.104 E.00616
G1 X135.86 Y92.504 F18000
G1 X136 Y92.512
G1 X136.018 Y92.511
G1 X136.017 Y92.502
M204 P1500
;TYPE:Inner wall
;WIDTH:0.45
G1 F6000
G1 X136.366 Y92.482 E.01124
G2 X137.752 Y85.966 I-.358 J-3.481 E.28333
G2 X135.863 Y85.504 I-1.736 J3.004 E.06337
G2 X135.957 Y92.5 I.145 J3.497 E.34724
G1 X136.037 Y92.909 F18000
G1 F6000
G1 X136.409 Y92.889 E.01198
G2 X137.955 Y85.613 I-.4 J-3.887 E.31639
G2 X135.842 Y85.098 I-1.938 J3.353 E.07091
G2 X135.977 Y92.91 I.167 J3.904 E.38837
G1 E-1.75
;WIPE_START
G1 X136.409 Y92.889 E-.32431
G1 X136.813 Y92.825 E-.30705
G1 X136.966 Y92.784 E-.11864
;WIPE_END
G1 X136.863 Y92.399 Z7.04 F18000
G1 X139.493 Y130.633
G1 X139.512 Y131
G1 X139.493 Y131.367
G1 X139.435 Y131.73
G1 X139.34 Y132.085
G1 X139.208 Y132.428
G1 X139.041 Y132.756
G1 X138.841 Y133.064
G1 X138.61 Y133.35
G1 X138.35 Y133.61
G1 X138.064 Y133.841
G1 X137.756 Y134.041
G1 X137.428 Y134.208
G1 X137.085 Y134.34
G1 X136.73 Y134.435
G1 X136.367 Y134.492
G1 X136.08 Y134.508
G1 X136.059 Y134.107
G1 Z6.84
G1 E2.5 F6000
M204 P1000
;TYPE:Outer wall
;WIDTH:0.42
G1 F3600
G1 X136.325 Y134.093 E.00795
G2 X137.265 Y128.159 I-.317 J-3.092 E.24288
G2 X135.883 Y127.896 I-1.272 J2.922 E.04224
G2 X135.999 Y134.11 I.125 J3.106 E.28684
G1 X135.978 Y134.511 F18000
G1 X136 Y134.512
G1 X136.018 Y134.511
G1 X136.017 Y134.502
M204 P1500
;TYPE:Inner wall
;WIDTH:0.45
G1 F6000
G1 X136.366 Y134.482 E.01124
G2 X137.752 Y127.966 I-.358 J-3.481 E.28333
G2 X135.863 Y127.504 I-1.736 J3.004 E.06337
G2 X135.957 Y134.5 I.145 J3.497 E.34724
G1 X136.037 Y134.909 F18000
G1 F6000
G1 X136.409 Y134.889 E.01198
G2 X137.955 Y127.613 I-.4 J-3.887 E.31639
G2 X135.842 Y127.098 I-1.938 J3.353 E.07091
G2 X135.977 Y134.91 I.167 J3.904 E.38837
G1 E-1.75
;WIPE_START
G1 X136.409 Y134.889 E-.32431
G1 X136.813 Y134.825 E-.30705
G1 X136.966 Y134.784 E-.11864
;WIPE_END
G1 X136.863 Y134.399 Z7.04 F18000
G1 X85.585 Y134.128
G1 X85.428 Y134.208
G1 X85.085 Y134.34
G1 X84.73 Y134.435
G1 X84.367 Y134.492
G1 X84 Y134.512
G1 X83.92 Y134.508
G1 X83.941 Y134.107
G1 Z6.84
G1 E2.5 F6000
M204 P1000
;TYPE:Outer wall
;WIDTH:0.42
G1 F3600
G1 X84 Y134.11 E.00175
G2 X85.265 Y128.159 I.008 J-3.108 E.25258
G2 X83.883 Y127.896 I-1.272 J2.922 E.04224
G2 X83.675 Y134.092 I.125 J3.106 E.27718
G1 X83.881 Y134.104 E.00616
G1 X83.86 Y134.504 F18000
G1 X83.982 Y134.511
G1 X83.983 Y134.502
M204 P1500
;TYPE:Inner wall
;WIDTH:0.45
G1 F6000
G1 X84 Y134.5 E.00056
G2 X85.752 Y127.966 I.008 J-3.5 E.29512
G2 X83.863 Y127.504 I-1.736 J3.004 E.06337
G2 X83.634 Y134.48 I.145 J3.497 E.33682
G1 X83.923 Y134.498 E.0093
G1 X83.963 Y134.909 F18000
G1 F6000
G1 X84 Y134.91 E.00119
G2 X85.955 Y127.613 I.009 J-3.908 E.32955
G2 X83.842 Y127.098 I-1.938 J3.353 E.07091
G2 X83.591 Y134.887 I.167 J3.904 E.37595
G1 X83.903 Y134.905 E.01004
G1 E-1.75
;WIPE_START
G1 X84 Y134.91 E-.07264
G1 X84.409 Y134.889 E-.30699
G1 X84.813 Y134.825 E-.30705
G1 X84.895 Y134.803 E-.06332
;WIPE_END
G1 X84.792 Y134.418 Z7.04 F18000
G1 X85.085 Y134.34
G1 X85.428 Y134.208
G1 X85.756 Y134.041
G1 X86.064 Y133.841
G1 X86.35 Y133.61
G1 X86.61 Y133.35
G1 X86.841 Y133.064
G1 X87.041 Y132.756
G1 X87.208 Y132.428
G1 X87.34 Y132.085
G1 X87.435 Y131.73
G1 X87.493 Y131.367
G1 X87.512 Y131
G1 X87.493 Y130.633
G1 X87.435 Y130.27
G1 X87.34 Y129.915
G1 X87.208 Y129.572
G1 X87.041 Y129.244
G1 X86.841 Y128.936
G1 X86.61 Y128.65
G1 X86.35 Y128.39
G1 X86.064 Y128.159
G1 X85.756 Y127.959
G1 X85.428 Y127.792
G1 X85.085 Y127.66
G1 X84.733 Y127.566
G1 X83.92 Y92.508
G1 X83.941 Y92.107
G1 Z6.84
G1 E2.5 F6000
M204 P1000
;TYPE:Outer wall
;WIDTH:0.42
G1 F3600
G1 X84 Y92.11 E.00175
G2 X85.265 Y86.159 I.008 J-3.108 E.25258
G2 X83.883 Y85.896 I-1.272 J2.922 E.04224
G2 X83.675 Y92.092 I.125 J3.106 E.27718
G1 X83.881 Y92.104 E.00616
G1 X83.86 Y92.504 F18000
G1 X83.982 Y92.511
G1 X83.983 Y92.502
M204 P1500
;TYPE:Inner wall
;WIDTH:0.45
G1 F6000
G1 X84 Y92.5 E.00056
G2 X85.752 Y85.966 I.008 J-3.5 E.29512
G2 X83.863 Y85.504 I-1.736 J3.004 E.06337
G2 X83.634 Y92.48 I.145 J3.497 E.33682
G1 X83.923 Y92.498 E.0093
G1 X83.963 Y92.909 F18000
G1 F6000
G1 X84 Y92.91 E.00119
G2 X85.955 Y85.613 I.009 J-3.908 E.32955
G2 X83.842 Y85.098 I-1.938 J3.353 E.07091
G2 X83.591 Y92.887 I.167 J3.904 E.37595
G1 X83.903 Y92.905 E.01004
G1 E-1.75
;WIPE_START
G1 X84 Y92.91 E-.07264
G1 X84.409 Y92.889 E-.30699
G1 X84.813 Y92.825 E-.30705
G1 X84.895 Y92.803 E-.06332
;WIPE_END
G1 X84.792 Y92.418 Z7.04 F18000
G1 X101.689 Y118.311
G1 X118.311 Y118.311
G1 X118.311 Y117.91
G1 X117.91 Y117.91
G1 Z6.84
G1 E2.5 F6000
M204 P1000
;TYPE:Outer wall
;WIDTH:0.42
G1 F3600
G1 X117.91 Y102.09 E.47122
G1 X102.09 Y102.09 E.47122
G1 X102.09 Y117.91 E.47122
G1 X117.85 Y117.91 E.46944
G1 X117.85 Y118.311 F18000
G1 X118.311 Y118.311
G1 X118.311 Y118.302
G1 X118.302 Y118.302
M204 P1500
;TYPE:Inner wall
;WIDTH:0.45
G1 F6000
G1 X118.302 Y101.698 E.53393
G1 X101.698 Y101.698 E.53393
G1 X101.698 Y118.302 E.53393
G1 X118.242 Y118.302 E.532
G1 X118.709 Y118.709 F18000
G1 F6000
G1 X118.709 Y101.291 E.56011
G1 X101.291 Y101.291 E.56011
G1 X101.291 Y118.709 E.56011
G1 X118.649 Y118.709 E.55818
G1 X118.872 Y143.827 F18000
M204 P2000
;TYPE:Internal solid infill
;WIDTH:0.420461
G1 F6000
G1 X118.872 Y119.042 E.73916
G1 X118.495 Y119.042 E.01126
G1 X118.495 Y143.658 E.7341
G1 X118.117 Y143.658 E.01126
G1 X118.117 Y119.042 E.7341
G1 X117.74 Y119.042 E.01126
G1 X117.74 Y143.658 E.7341
G1 X117.362 Y143.658 E.01126
G1 X117.362 Y119.042 E.7341
G1 X116.985 Y119.042 E.01126
G1 X116.985 Y143.658 E.7341
G1 X116.607 Y143.658 E.01126
G1 X116.607 Y119.042 E.7341
G1 X116.229 Y119.042 E.01126
G1 X116.229 Y143.658 E.7341
G1 X115.852 Y143.658 E.01126
G1 X115.852 Y119.042 E.7341
G1 X115.474 Y119.042 E.01126
G1 X115.474 Y143.658 E.7341
G1 X115.097 Y143.658 E.01126
G1 X115.097 Y119.042 E.7341
G1 X114.719 Y119.042 E.01126
G1 X114.719 Y143.658 E.7341
G1 X114.342 Y143.658 E.01126
G1 X114.342 Y119.042 E.7341
G1 X113.964 Y119.042 E.01126
G1 X113.964 Y143.658 E.7341
G1 X113.587 Y143.658 E.01126
G1 X113.587 Y119.042 E.7341
G1 X113.209 Y119.042 E.01126
G1 X113.209 Y143.658 E.7341
G1 X112.832 Y143.658 E.01126
G1 X112.832 Y119.042 E.7341
G1 X112.454 Y119.042 E.01126
G1 X112.454 Y143.658 E.7341
G1 X112.076 Y143.658 E.01126
G1 X112.076 Y119.042 E.7341
G1 X111.699 Y119.042 E.01126
G1 X111.699 Y143.658 E.7341
G1 X111.321 Y143.658 E.01126
G1 X111.321 Y119.042 E.7341
G1 X110.944 Y119.042 E.01126
G1 X110.944 Y143.658 E.7341
G1 X110.566 Y143.658 E.01126
G1 X110.566 Y119.042 E.7341
G1 X110.189 Y119.042 E.01126
G1 X110.189 Y143.658 E.7341
G1 X109.811 Y143.658 E.01126
G1 X109.811 Y119.042 E.7341
G1 X109.434 Y119.042 E.01126
G1 X109.434 Y143.658 E.7341
G1 X109.056 Y143.658 E.01126
G1 X109.056 Y119.042 E.7341
G1 X108.679 Y119.042 E.01126
G1 X108.679 Y143.658 E.7341
G1 X108.301 Y143.658 E.01126
G1 X108.301 Y119.042 E.7341
G1 X107.924 Y119.042 E.01126
G1 X107.924 Y143.658 E.7341
G1 X107.546 Y143.658 E.01126
G1 X107.546 Y119.042 E.7341
G1 X107.168 Y119.042 E.01126
G1 X107.168 Y143.658 E.7341
G1 X106.791 Y143.658 E.01126
G1 X106.791 Y119.042 E.7341
G1 X106.413 Y119.042 E.01126
G1 X106.413 Y143.658 E.7341
G1 X106.036 Y143.658 E.01126
G1 X106.036 Y119.042 E.7341
G1 X105.658 Y119.042 E.01126
G1 X105.658 Y143.658 E.7341
G1 X105.281 Y143.658 E.01126
G1 X105.281 Y119.042 E.7341
G1 X104.903 Y119.042 E.01126
G1 X104.903 Y143.658 E.7341
G1 X104.526 Y143.658 E.01126
G1 X104.526 Y119.042 E.7341
G1 X104.148 Y119.042 E.01126
G1 X104.148 Y143.658 E.7341
G1 X103.771 Y143.658 E.01126
G1 X103.771 Y119.042 E.7341
G1 X103.393 Y119.042 E.01126
G1 X103.393 Y143.658 E.7341
G1 X103.015 Y143.658 E.01126
G1 X103.015 Y119.042 E.7341
G1 X102.638 Y119.042 E.01126
G1 X102.638 Y143.658 E.7341
G1 X102.26 Y143.658 E.01126
G1 X102.26 Y119.042 E.7341
G1 X101.883 Y119.042 E.01126
G1 X101.883 Y143.658 E.7341
G1 X101.505 Y143.658 E.01126
G1 X101.505 Y119.042 E.7341
G1 X101.128 Y119.042 E.01126
G1 X101.128 Y143.658 E.7341
G1 X100.75 Y143.658 E.01126
G1 X100.75 Y76.342 E2.00754
G1 X101.128 Y76.342 E.01126
G1 X101.128 Y100.958 E.7341
G1 X101.505 Y100.958 E.01126
G1 X101.505 Y76.342 E.7341
G1 X101.883 Y76.342 E.01126
G1 X101.883 Y100.958 E.7341
G1 X102.26 Y100.958 E.01126
G1 X102.26 Y76.342 E.7341
G1 X102.638 Y76.342 E.01126
G1 X102.638 Y100.958 E.7341
G1 X103.015 Y100.958 E.01126
G1 X103.015 Y76.342 E.7341
G1 X103.393 Y76.342 E.01126
G1 X103.393 Y100.958 E.7341
G1 X103.771 Y100.958 E.01126
G1 X103.771 Y76.342 E.7341
G1 X104.148 Y76.342 E.01126
G1 X104.148 Y100.958 E.7341
G1 X104.526 Y100.958 E.01126
G1 X104.526 Y76.342 E.7341
G1 X104.903 Y76.342 E.01126
G1 X104.903 Y100.958 E.7341
G1 X105.281 Y100.958 E.01126
G1 X105.281 Y76.342 E.7341
G1 X105.658 Y76.342 E.01126
G1 X105.658 Y100.958 E.7341
G1 X106.036 Y100.958 E.01126
G1 X106.036 Y76.342 E.7341
G1 X106.413 Y76.342 E.01126
G1 X106.413 Y100.958 E.7341
G1 X106.791 Y100.958 E.01126
G1 X106.791 Y76.342 E.7341
G1 X107.168 Y76.342 E.01126
G1 X107.168 Y100.958 E.7341
G1 X107.546 Y100.958 E.01126
G1 X107.546 Y76.342 E.7341
G1 X107.924 Y76.342 E.01126
G1 X107.924 Y100.958 E.7341
G1 X108.301 Y100.958 E.01126
G1 X108.301 Y76.342 E.7341
G1 X108.679 Y76.342 E.01126
G1 X108.679 Y100.958 E.7341
G1 X109.056 Y100.958 E.01126
G1 X109.056 Y76.342 E.7341
G1 X109.434 Y76.342 E.01126
G1 X109.434 Y100.958 E.7341
G1 X109.811 Y100.958 E.01126
G1 X109.811 Y76.342 E.7341
G1 X110.189 Y76.342 E.01126
G1 X110.189 Y100.958 E.7341
G1 X110.566 Y100.958 E.01126
G1 X110.566 Y76.342 E.7341
G1 X110.944 Y76.342 E.01126
G1 X110.944 Y100.958 E.7341
G1 X111.321 Y100.958 E.01126
G1 X111.321 Y76.342 E.7341
G1 X111.699 Y76.342 E.01126
G1 X111.699 Y100.958 E.7341
G1 X112.076 Y100.958 E.01126
G1 X112.076 Y76.342 E.7341
G1 X112.454 Y76.342 E.01126
G1 X112.454 Y100.958 E.7341
G1 X112.832 Y100.958 E.01126
G1 X112.832 Y76.342 E.7341
G1 X113.209 Y76.342 E.01126
G1 X113.209 Y100.958 E.7341
G1 X113.587 Y100.958 E.01126
G1 X113.587 Y76.342 E.7341
G1 X113.964 Y76.342 E.01126
G1 X113.964 Y100.958 E.7341
G1 X114.342 Y100.958 E.01126
G1 X114.342 Y76.342 E.7341
G1 X114.719 Y76.342 E.01126
G1 X114.719 Y100.958 E.7341
G1 X115.097 Y100.958 E.01126
G1 X115.097 Y76.342 E.7341
G1 X115.474 Y76.342 E.01126
G1 X115.474 Y100.958 E.7341
G1 X115.852 Y100.958 E.01126
G1 X115.852 Y76.342 E.7341
G1 X116.229 Y76.342 E.01126
G1 X116.229 Y100.958 E.7341
G1 X116.607 Y100.958 E.01126
G1 X116.607 Y76.342 E.7341
G1 X116.985 Y76.342 E.01126
G1 X116.985 Y100.958 E.7341
G1 X117.362 Y100.958 E.01126
G1 X117.362 Y76.342 E.7341
G1 X117.74 Y76.342 E.01126
G1 X117.74 Y100.958 E.7341
G1 X118.117 Y100.958 E.01126
G1 X118.117 Y76.342 E.7341
G1 X118.495 Y76.342 E.01126
G1 X118.495 Y100.958 E.7341
G1 X118.872 Y100.958 E.01126
G1 X118.872 Y76.342 E.7341
G1 X119.25 Y76.342 E.01126
G1 X119.25 Y143.658 E2.00754
G1 X119.627 Y143.658 E.01126
G1 X119.627 Y76.342 E2.00754
G1 X120.005 Y76.342 E.01126
G1 X120.005 Y143.658 E2.00754
G1 X120.382 Y143.658 E.01126
G1 X120.382 Y76.342 E2.00754
G1 X120.76 Y76.342 E.01126
G1 X120.76 Y143.658 E2.00754
G1 X121.137 Y143.658 E.01126
G1 X121.137 Y76.342 E2.00754
G1 X121.515 Y76.342 E.01126
G1 X121.515 Y143.658 E2.00754
G1 X121.893 Y143.658 E.01126
G1 X121.893 Y76.342 E2.00754
G1 X122.27 Y76.342 E.01126
G1 X122.27 Y143.658 E2.00754
G1 X122.648 Y143.658 E.01126
G1 X122.648 Y76.342 E2.00754
G1 X123.025 Y76.342 E.01126
G1 X123.025 Y143.658 E2.00754
G1 X123.403 Y143.658 E.01126
G1 X123.403 Y76.342 E2.00754
G1 X123.78 Y76.342 E.01126
G1 X123.78 Y143.658 E2.00754
G1 X124.158 Y143.658 E.01126
G1 X124.158 Y76.342 E2.00754
G1 X124.535 Y76.342 E.01126
G1 X124.535 Y143.658 E2.00754
G1 X124.913 Y143.658 E.01126
G1 X124.913 Y76.342 E2.00754
G1 X125.29 Y76.342 E.01126
G1 X125.29 Y143.658 E2.00754
G1 X125.668 Y143.658 E.01126
G1 X125.668 Y76.342 E2.00754
G1 X126.045 Y76.342 E.01126
G1 X126.045 Y143.658 E2.00754
G1 X126.423 Y143.658 E.01126
G1 X126.423 Y76.342 E2.00754
G1 X126.801 Y76.342 E.01126
G1 X126.801 Y143.658 E2.00754
G1 X127.178 Y143.658 E.01126
G1 X127.178 Y76.342 E2.00754
G1 X127.556 Y76.342 E.01126
G1 X127.556 Y143.658 E2.00754
G1 X127.933 Y143.658 E.01126
G1 X127.933 Y76.342 E2.00754
G1 X128.311 Y76.342 E.01126
G1 X128.311 Y143.658 E2.00754
G1 X128.688 Y143.658 E.01126
G1 X128.688 Y76.342 E2.00754
G1 X129.066 Y76.342 E.01126
G1 X129.066 Y143.658 E2.00754
G1 X129.443 Y143.658 E.01126
G1 X129.443 Y76.342 E2.00754
G1 X129.821 Y76.342 E.01126
G1 X129.821 Y143.658 E2.00754
G1 X130.198 Y143.658 E.01126
G1 X130.198 Y76.342 E2.00754
G1 X130.576 Y76.342 E.01126
G1 X130.576 Y143.658 E2.00754
G1 X130.954 Y143.658 E.01126
G1 X130.954 Y76.342 E2.00754
G1 X131.331 Y76.342 E.01126
G1 X131.331 Y143.658 E2.00754
G1 X131.709 Y143.658 E.01126
G1 X131.709 Y76.342 E2.00754
G1 X132.086 Y76.342 E.01126
G1 X132.086 Y87.368 E.32883
G3 X132.464 Y86.663 I4.14 J1.762 E.02389
G1 X132.464 Y76.342 E.30779
G1 X132.841 Y76.342 E.01126
G1 X132.841 Y86.166 E.29295
G3 X133.219 Y85.798 I6.339 J6.137 E.01571
G1 X133.219 Y76.342 E.282
G1 X133.596 Y76.342 E.01126
G1 X133.596 Y85.507 E.27332
G3 X133.974 Y85.275 I1.288 J1.674 E.01324
G1 X133.974 Y76.342 E.2664
G1 X134.351 Y76.342 E.01126
G1 X134.351 Y85.093 E.26096
G3 X134.729 Y84.952 I.855 J1.722 E.01203
G1 X134.729 Y76.342 E.25678
G1 X135.106 Y76.342 E.01126
G1 X135.106 Y84.851 E.25376
G3 X135.484 Y84.79 I.48 J1.77 E.01143
G1 X135.484 Y76.342 E.25194
G1 X135.862 Y76.342 E.01126
G1 X135.862 Y84.765 E.25118
G1 X136.239 Y84.773 E.01126
G1 X136.239 Y76.342 E.25144
G1 X136.617 Y76.342 E.01126
G1 X136.617 Y84.806 E.25242
G3 X136.994 Y84.878 I-.155 J1.837 E.01148
G1 X136.994 Y76.342 E.25457
G1 X137.372 Y76.342 E.01126
G1 X137.372 Y84.986 E.25779
G3 X137.749 Y85.134 I-.516 J1.874 E.01211
G1 X137.749 Y76.342 E.2622
G1 X138.127 Y76.342 E.01126
G1 X138.127 Y85.327 E.26795
G3 X138.504 Y85.574 I-.99 J1.926 E.01348
G1 X138.504 Y76.342 E.27531
G1 X138.882 Y76.342 E.01126
G1 X138.882 Y85.888 E.28467
G3 X139.259 Y86.29 I-1.722 J1.994 E.01648
G1 X139.259 Y76.342 E.29666
G1 X139.637 Y76.342 E.01126
G1 X139.637 Y86.524 E.30363
G1 X140.015 Y86.524 E.01126
G1 X140.015 Y76.342 E.30363
G1 X140.392 Y76.342 E.01126
G1 X140.392 Y86.524 E.30363
G1 X140.77 Y86.524 E.01126
G1 X140.77 Y76.342 E.30363
G3 X141.147 Y76.352 I.098 J3.615 E.01127
G1 X141.147 Y86.524 E.30335
G1 X141.525 Y86.524 E.01126
G1 X141.525 Y76.433 E.30094
G3 X141.902 Y76.614 I-.386 J1.284 E.01255
G1 X141.902 Y86.524 E.29552
G1 X142.28 Y86.524 E.01126
G1 X142.28 Y76.962 E.28515
G3 X142.657 Y78.03 I-1.292 J1.058 E.03445
G1 X142.657 Y86.693 E.25837
G1 X141.429 Y89.665 F18000
;WIDTH:0.485955
G1 F5702.294
G1 X141.44 Y88.57 E.03832
;WIDTH:0.493405
G1 F5607.995
G1 X141.424 Y88.375 E.00697
;WIDTH:0.528726
G1 F5200.257
G1 X141.408 Y88.179 E.00752
;WIDTH:0.546387
G1 F5017.841
G1 X141.392 Y87.984 E.00779
G1 X141.436 Y89.713 F18000
;WIDTH:0.477157
G1 F5817.827
G1 X141.353 Y89.99 E.0099
;WIDTH:0.439139
G1 F6000
G1 X141.269 Y90.266 E.00903
;WIDTH:0.387259
G3 X141.067 Y90.879 I-6.872 J-1.93 E.01757
G1 X141.486 Y90.879 E.01142
;WIDTH:0.398796
G1 X141.471 Y90.51 E.01037
;WIDTH:0.432164
G1 X141.455 Y90.142 E.01134
;WIDTH:0.448848
G1 X141.439 Y89.773 E.01183
G1 X140.515 Y91.237 F18000
;WIDTH:0.419999
G1 F6000
G1 X141.845 Y91.237 E.0396
G1 X141.845 Y87.466 E.11232
G1 X140.814 Y87.466 E.03071
G3 X141.035 Y88.57 I-10.976 J2.772 E.03354
G1 X141.035 Y89.43 E.02562
G1 X140.835 Y90.467 E.03146
G1 X140.538 Y91.182 E.02304
G1 X139.858 Y91.614 F18000
G1 F6000
G1 X142.222 Y91.614 E.07041
G1 X142.222 Y87.089 E.13478
G1 X140.248 Y87.089 E.0588
G1 X140.466 Y87.611 E.01685
G1 X140.645 Y88.452 E.02562
G1 X140.658 Y89.43 E.02913
G1 X140.466 Y90.389 E.02913
G1 X140.08 Y91.287 E.02913
G1 X139.892 Y91.565 E.00998
G1 X139.079 Y91.991 F18000
G1 F6000
G1 X142.599 Y91.991 E.10483
G1 X142.599 Y86.712 E.15725
G1 X139.635 Y86.712 E.08827
G1 X140.085 Y87.652 E.03104
G1 X140.276 Y88.531 E.02679
G1 X140.281 Y89.43 E.02679
G1 X140.093 Y90.328 E.02731
G1 X139.736 Y91.134 E.02628
G1 X139.21 Y91.864 E.02679
G1 X139.122 Y91.949 E.00365
G1 X142.657 Y92.01 F18000
;WIDTH:0.420461
G1 F6000
G1 X142.657 Y128.379 E1.08464
G1 X142.28 Y128.379 E.01126
G1 X142.28 Y92.18 E1.07958
G1 X141.902 Y92.18 E.01126
G1 X141.902 Y128.379 E1.07958
G1 X141.525 Y128.379 E.01126
G1 X141.525 Y92.18 E1.07958
G1 X141.147 Y92.18 E.01126
G1 X141.147 Y128.379 E1.07958
G1 X140.77 Y128.379 E.01126
G1 X140.77 Y92.18 E1.07958
G1 X140.392 Y92.18 E.01126
G1 X140.392 Y128.379 E1.07958
G1 X140.015 Y128.379 E.01126
G1 X140.015 Y92.18 E1.07958
G1 X139.637 Y92.18 E.01126
G1 X139.637 Y128.379 E1.07958
G1 X139.332 Y128.379 E.0091
G1 X139.259 Y128.29 E.00343
G1 X139.259 Y92.18 E1.07691
G1 X138.882 Y92.18 E.01126
G1 X138.882 Y127.888 E1.06492
G2 X138.504 Y127.574 I-1.678 J1.636 E.01466
G1 X138.504 Y92.426 E1.04822
G3 X138.127 Y92.673 I-1.368 J-1.68 E.01348
G1 X138.127 Y127.327 E1.0335
G2 X137.749 Y127.134 I-1.104 J1.694 E.01267
G1 X137.749 Y92.866 E1.02199
G3 X137.372 Y93.014 I-.894 J-1.726 E.01211
G1 X137.372 Y126.986 E1.01317
G2 X136.994 Y126.878 I-.702 J1.738 E.01173
G1 X136.994 Y93.122 E1.00672
G3 X136.617 Y93.194 I-.532 J-1.764 E.01148
G1 X136.617 Y126.806 E1.00242
G2 X136.239 Y126.773 I-.31 J1.382 E.01134
G1 X136.239 Y93.232 E1.00031
G3 X135.862 Y93.237 I-.214 J-1.798 E.01128
G1 X135.862 Y126.765 E.99989
G2 X135.484 Y126.79 I.082 J4.009 E.01129
G1 X135.484 Y93.21 E1.00147
G3 X135.106 Y93.149 I.102 J-1.831 E.01143
G1 X135.106 Y126.851 E1.00511
G1 X134.729 Y126.952 E.01166
G1 X134.729 Y93.048 E1.01115
G3 X134.351 Y92.907 I.477 J-1.862 E.01203
G1 X134.351 Y127.093 E1.01951
G2 X133.974 Y127.275 I.682 J1.891 E.01253
G1 X133.974 Y92.725 E1.0304
G3 X133.596 Y92.493 I.91 J-1.906 E.01324
G1 X133.596 Y127.507 E1.04423
G2 X133.219 Y127.798 I1.201 J1.949 E.01424
G1 X133.219 Y92.202 E1.06159
G3 X132.841 Y91.834 I5.962 J-6.504 E.01571
G1 X132.841 Y128.166 E1.0835
G2 X132.464 Y128.663 I2.187 J2.052 E.01866
G1 X132.464 Y91.337 E1.11318
G3 X132.086 Y90.632 I3.762 J-2.467 E.02389
G1 X132.086 Y129.368 E1.15525
G2 X132.086 Y132.632 I3.856 J1.632 E.09996
G1 X132.086 Y143.658 E.32883
G1 X132.464 Y143.658 E.01126
G1 X132.464 Y133.337 E.30779
G2 X132.841 Y133.834 I2.565 J-1.554 E.01866
G1 X132.841 Y143.658 E.29295
G1 X133.219 Y143.658 E.01126
G1 X133.219 Y134.202 E.282
G2 X133.596 Y134.493 I1.579 J-1.657 E.01424
G1 X133.596 Y143.658 E.27332
G1 X133.974 Y143.658 E.01126
G1 X133.974 Y134.725 E.2664
G2 X134.351 Y134.907 I1.059 J-1.709 E.01253
G1 X134.351 Y143.658 E.26096
G1 X134.729 Y143.658 E.01126
G1 X134.729 Y135.048 E.25678
G1 X135.106 Y135.149 E.01166
G1 X135.106 Y143.658 E.25376
G1 X135.484 Y143.658 E.01126
G1 X135.484 Y135.21 E.25194
G2 X135.862 Y135.237 I.319 J-1.777 E.01131
G1 X135.862 Y143.658 E.25112
G1 X136.239 Y143.658 E.01126
G1 X136.239 Y135.232 E.25128
G2 X136.617 Y135.194 I.008 J-1.81 E.01134
G1 X136.617 Y143.658 E.25242
G1 X136.994 Y143.658 E.01126
G1 X136.994 Y135.122 E.25457
G2 X137.372 Y135.014 I-.324 J-1.846 E.01173
G1 X137.372 Y143.658 E.25779
G1 X137.749 Y143.658 E.01126
G1 X137.749 Y134.866 E.2622
G2 X138.127 Y134.673 I-.727 J-1.888 E.01267
G1 X138.127 Y143.658 E.26795
G1 X138.504 Y143.658 E.01126
G1 X138.504 Y134.426 E.27531
G1 X138.521 Y134.413 E.00064
G1 X138.882 Y134.413 E.01077
G1 X138.882 Y143.658 E.27571
G1 X139.259 Y143.658 E.01126
G1 X139.259 Y134.413 E.27571
G1 X139.637 Y134.413 E.01126
G1 X139.637 Y143.658 E.27571
G1 X140.015 Y143.658 E.01126
G1 X140.015 Y134.413 E.27571
G1 X140.392 Y134.413 E.01126
G1 X140.392 Y143.658 E.27571
G1 X140.77 Y143.658 E.01126
G1 X140.77 Y134.413 E.27571
G1 X141.147 Y134.413 E.01126
G1 X141.147 Y143.638 E.27513
G2 X141.525 Y143.559 I.006 J-.914 E.01159
G1 X141.525 Y134.413 E.27279
G1 X141.902 Y134.413 E.01126
G1 X141.902 Y143.379 E.2674
G1 X141.972 Y143.338 E.00242
G1 X142.229 Y143.107 E.01032
G1 X142.28 Y143.038 E.00255
G1 X142.28 Y134.413 E.25723
G1 X142.657 Y134.413 E.01126
G1 X142.657 Y142.74 E.24835
G1 X141.395 Y132.096 F18000
;WIDTH:0.546878
G1 F5012.956
G1 X141.413 Y131.777 E.0127
;WIDTH:0.512368
G1 F5381.46
G1 X141.43 Y131.459 E.01183
;WIDTH:0.477859
G1 F5808.441
G1 X141.447 Y131.14 E.01096
;WIDTH:0.483151
G1 F5738.621
G1 X141.425 Y130.57 E.01985
;WIDTH:0.528244
G1 F5205.427
G1 X141.402 Y130 E.02188
;WIDTH:0.55079
G1 F4974.335
G1 X141.388 Y129.844 E.00627
G1 X141.395 Y132.096 F18000
;WIDTH:0.54076
G1 F5074.555
G1 X141.295 Y132.345 E.01054
;WIDTH:0.494016
G1 F5600.401
G1 X141.194 Y132.593 E.00955
;WIDTH:0.430352
G1 F6000
G2 X141.022 Y133.091 I2.291 J1.071 E.01615
G1 X141.466 Y133.091 E.01357
;WIDTH:0.441551
G1 X141.448 Y132.692 E.01257
;WIDTH:0.476853
G1 F5821.906
G1 X141.43 Y132.293 E.01369
;WIDTH:0.511911
G1 F5386.704
G1 X141.418 Y132.224 E.0026
;WIDTH:0.529318
G1 F5193.927
G1 X141.406 Y132.155 E.00269
G1 X140.749 Y129.322 F18000
;WIDTH:0.419999
G1 F6000
G1 X140.936 Y129.903 E.01817
G1 X141.052 Y130.901 E.02995
G1 X140.962 Y131.954 E.03147
G3 X140.575 Y133.145 I-8.506 J-2.106 E.03733
G1 X140.387 Y133.47 E.01118
G1 X141.845 Y133.47 E.0434
G1 X141.845 Y129.322 E.12355
G1 X140.809 Y129.322 E.03086
G1 X140.192 Y128.945 F18000
G1 F6000
G1 X140.297 Y129.152 E.00691
G1 X140.571 Y129.999 E.02654
G1 X140.677 Y130.941 E.02822
G1 X140.587 Y131.915 E.02913
G3 X140.249 Y132.956 I-10.494 J-2.834 E.03264
G1 X139.818 Y133.701 E.02562
G1 X139.704 Y133.847 E.00552
G1 X142.222 Y133.847 E.075
G1 X142.222 Y128.945 E.14601
G1 X140.252 Y128.945 E.05868
G1 X139.538 Y128.568 F18000
;WIDTH:0.419999
G1 F6000
G1 X139.938 Y129.268 E.02402
G1 X140.212 Y130.125 E.02679
G1 X140.302 Y131.02 E.02679
G1 X140.204 Y131.914 E.02679
G1 X139.922 Y132.768 E.02679
G1 X139.469 Y133.545 E.02679
G1 X138.848 Y134.224 E.02742
G1 X142.599 Y134.224 E.11173
G1 X142.599 Y128.568 E.16848
G1 X139.598 Y128.568 E.08937
G1 X137.085 Y127.66 F18000
G1 X136.73 Y127.565
G1 X136.367 Y127.508
G1 X136 Y127.488
G1 X135.633 Y127.508
G1 X135.27 Y127.565
G1 X134.915 Y127.66
G1 X134.572 Y127.792
G1 X134.244 Y127.959
G1 X133.936 Y128.159
G1 X133.65 Y128.39
G1 X133.39 Y128.65
G1 X133.159 Y128.936
G1 X132.959 Y129.244
G1 X132.792 Y129.572
G1 X132.66 Y129.915
G1 X132.565 Y130.27
G1 X132.508 Y130.633
G1 X132.488 Y131
G1 X132.505 Y131.327
G1 X100.373 Y144.389
G1 X100.373 Y143.827
;WIDTH:0.420461
G1 F6000
G1 X100.373 Y76.342 E2.0126
G1 X99.995 Y76.342 E.01126
G1 X99.995 Y143.658 E2.00754
G1 X99.618 Y143.658 E.01126
G1 X99.618 Y76.342 E2.00754
G1 X99.24 Y76.342 E.01126
G1 X99.24 Y143.658 E2.00754
G1 X98.863 Y143.658 E.01126
G1 X98.863 Y76.342 E2.00754
G1 X98.485 Y76.342 E.01126
G1 X98.485 Y143.658 E2.00754
G1 X98.107 Y143.658 E.01126
G1 X98.107 Y76.342 E2.00754
G1 X97.73 Y76.342 E.01126
G1 X97.73 Y143.658 E2.00754
G1 X97.352 Y143.658 E.01126
G1 X97.352 Y76.342 E2.00754
G1 X96.975 Y76.342 E.01126
G1 X96.975 Y143.658 E2.00754
G1 X96.597 Y143.658 E.01126
G1 X96.597 Y76.342 E2.00754
G1 X96.22 Y76.342 E.01126
G1 X96.22 Y143.658 E2.00754
G1 X95.842 Y143.658 E.01126
G1 X95.842 Y76.342 E2.00754
G1 X95.465 Y76.342 E.01126
G1 X95.465 Y143.658 E2.00754
G1 X95.087 Y143.658 E.01126
G1 X95.087 Y76.342 E2.00754
G1 X94.71 Y76.342 E.01126
G1 X94.71 Y143.658 E2.00754
G1 X94.332 Y143.658 E.01126
G1 X94.332 Y76.342 E2.00754
G1 X93.955 Y76.342 E.01126
G1 X93.955 Y143.658 E2.00754
G1 X93.577 Y143.658 E.01126
G1 X93.577 Y76.342 E2.00754
G1 X93.199 Y76.342 E.01126
G1 X93.199 Y143.658 E2.00754
G1 X92.822 Y143.658 E.01126
G1 X92.822 Y76.342 E2.00754
G1 X92.444 Y76.342 E.01126
G1 X92.444 Y143.658 E2.00754
G1 X92.067 Y143.658 E.01126
G1 X92.067 Y76.342 E2.00754
G1 X91.689 Y76.342 E.01126
G1 X91.689 Y143.658 E2.00754
G1 X91.312 Y143.658 E.01126
G1 X91.312 Y76.342 E2.00754
G1 X90.934 Y76.342 E.01126
G1 X90.934 Y143.658 E2.00754
G1 X90.557 Y143.658 E.01126
G1 X90.557 Y76.342 E2.00754
G1 X90.179 Y76.342 E.01126
G1 X90.179 Y143.658 E2.00754
G1 X89.802 Y143.658 E.01126
G1 X89.802 Y76.342 E2.00754
G1 X89.424 Y76.342 E.01126
G1 X89.424 Y143.658 E2.00754
G1 X89.046 Y143.658 E.01126
G1 X89.046 Y76.342 E2.00754
G1 X88.669 Y76.342 E.01126
G1 X88.669 Y143.658 E2.00754
G1 X88.291 Y143.658 E.01126
G1 X88.291 Y76.342 E2.00754
G1 X87.914 Y76.342 E.01126
G1 X87.914 Y87.369 E.32883
G2 X87.536 Y86.663 I-4.14 J1.762 E.02389
G1 X87.536 Y76.342 E.30779
G1 X87.159 Y76.342 E.01126
G1 X87.159 Y86.166 E.29295
G2 X86.781 Y85.798 I-6.338 J6.135 E.01571
G1 X86.781 Y76.342 E.282
G1 X86.404 Y76.342 E.01126
G1 X86.404 Y85.507 E.27332
G2 X86.026 Y85.275 I-1.288 J1.674 E.01324
G1 X86.026 Y76.342 E.2664
G1 X85.649 Y76.342 E.01126
G1 X85.649 Y85.093 E.26096
G2 X85.271 Y84.952 I-.855 J1.722 E.01203
G1 X85.271 Y76.342 E.25678
G1 X84.894 Y76.342 E.01126
G1 X84.894 Y84.851 E.25376
G2 X84.516 Y84.79 I-.48 J1.771 E.01143
G1 X84.516 Y76.342 E.25194
G1 X84.138 Y76.342 E.01126
G1 X84.138 Y84.771 E.25137
G2 X83.761 Y84.768 I-.209 J2.5 E.01127
G1 X83.761 Y76.342 E.25128
G1 X83.383 Y76.342 E.01126
G1 X83.383 Y84.806 E.25242
G2 X83.006 Y84.878 I.155 J1.836 E.01148
G1 X83.006 Y76.342 E.25456
G1 X82.628 Y76.342 E.01126
G1 X82.628 Y84.986 E.25779
G2 X82.251 Y85.134 I.516 J1.874 E.01211
G1 X82.251 Y76.342 E.2622
G1 X81.873 Y76.342 E.01126
G1 X81.873 Y85.327 E.26795
G2 X81.496 Y85.574 I.99 J1.927 E.01348
G1 X81.496 Y76.342 E.27531
G1 X81.118 Y76.342 E.01126
G1 X81.118 Y85.888 E.28467
G2 X80.741 Y86.29 I1.722 J1.994 E.01648
G1 X80.741 Y76.342 E.29666
G1 X80.363 Y76.342 E.01126
G1 X80.363 Y86.524 E.30363
G1 X79.985 Y86.524 E.01126
G1 X79.985 Y76.342 E.30363
G1 X79.608 Y76.342 E.01126
G1 X79.608 Y86.524 E.30363
G1 X79.23 Y86.524 E.01126
G1 X79.23 Y76.342 E.30363
G2 X78.853 Y76.362 I-.094 J1.86 E.01129
G1 X78.853 Y86.524 E.30305
G1 X78.475 Y86.524 E.01126
G1 X78.475 Y76.441 E.30071
G2 X78.098 Y76.621 I.236 J.979 E.01257
G1 X78.098 Y86.524 E.29532
G1 X77.72 Y86.524 E.01126
G1 X77.72 Y76.962 E.28515
G2 X77.343 Y78.03 I1.292 J1.057 E.03445
G1 X77.343 Y86.693 E.25838
G1 X78.613 Y87.924 F18000
;WIDTH:0.564045
G1 F4847.811
G1 X78.596 Y88.139 E.00889
;WIDTH:0.528723
G1 F5200.289
G1 X78.578 Y88.355 E.00829
;WIDTH:0.481838
G1 F5755.786
G1 X78.56 Y88.57 E.00749
G2 X78.568 Y89.605 I11.892 J.43 E.03589
G1 X78.933 Y90.879 F18000
;WIDTH:0.398791
G1 F6000
G1 X78.818 Y90.49 E.01142
;WIDTH:0.43216
G1 X78.702 Y90.1 E.01249
;WIDTH:0.468075
G1 F5942.111
G2 X78.571 Y89.665 I-4.817 J1.218 E.01529
;WIDTH:0.477153
G1 F5817.883
G1 X78.552 Y89.968 E.01041
;WIDTH:0.439135
G1 F6000
G1 X78.533 Y90.271 E.0095
;WIDTH:0.394019
G2 X78.514 Y90.879 I4.837 J.456 E.01689
G1 X78.873 Y90.879 E.00998
G1 X79.485 Y91.237 F18000
;WIDTH:0.419999
G1 F6000
G1 X79.226 Y90.655 E.01898
G1 X78.986 Y89.626 E.03146
G1 X78.965 Y88.57 E.03147
G3 X79.186 Y87.466 I11.197 J1.668 E.03354
G1 X78.155 Y87.466 E.03071
G1 X78.155 Y91.237 E.11232
G1 X79.425 Y91.237 E.03781
G1 X80.142 Y91.614 F18000
;WIDTH:0.419999
G1 F6000
G1 X79.92 Y91.287 E.01177
G1 X79.547 Y90.44 E.02758
G1 X79.351 Y89.528 E.02779
G1 X79.342 Y88.57 E.02853
G1 X79.534 Y87.611 E.02913
G1 X79.752 Y87.089 E.01685
G1 X77.778 Y87.089 E.0588
G1 X77.778 Y91.614 E.13478
G1 X80.082 Y91.614 E.06862
G1 X80.921 Y91.991 F18000
G1 F6000
G1 X80.79 Y91.864 E.00544
G1 X80.264 Y91.134 E.02679
G1 X79.902 Y90.311 E.02679
G1 X79.719 Y89.43 E.02679
G1 X79.724 Y88.531 E.02679
G1 X79.915 Y87.652 E.02679
G1 X80.28 Y86.838 E.02659
G1 X80.365 Y86.712 E.0045
G1 X77.401 Y86.712 E.08827
G1 X77.401 Y91.991 E.15725
G1 X80.861 Y91.991 E.10304
G1 X77.343 Y92.01 F18000
;WIDTH:0.420461
G1 F6000
G1 X77.343 Y128.379 E1.08464
G1 X77.72 Y128.379 E.01126
G1 X77.72 Y92.18 E1.07958
G1 X78.098 Y92.18 E.01126
G1 X78.098 Y128.379 E1.07958
G1 X78.475 Y128.379 E.01126
G1 X78.475 Y92.18 E1.07958
G1 X78.853 Y92.18 E.01126
G1 X78.853 Y128.379 E1.07958
G1 X79.23 Y128.379 E.01126
G1 X79.23 Y92.18 E1.07958
G1 X79.608 Y92.18 E.01126
G1 X79.608 Y128.379 E1.07958
G1 X79.985 Y128.379 E.01126
G1 X79.985 Y92.18 E1.07958
G1 X80.363 Y92.18 E.01126
G1 X80.363 Y128.379 E1.07958
G1 X80.668 Y128.379 E.0091
G1 X80.741 Y128.29 E.00343
G1 X80.741 Y92.18 E1.07691
G1 X81.118 Y92.18 E.01126
G1 X81.118 Y127.888 E1.06492
G3 X81.496 Y127.574 I1.678 J1.636 E.01466
G1 X81.496 Y92.426 E1.04822
G2 X81.873 Y92.673 I1.367 J-1.68 E.01348
G1 X81.873 Y127.327 E1.0335
G3 X82.251 Y127.134 I1.103 J1.692 E.01267
G1 X82.251 Y92.866 E1.02199
G2 X82.628 Y93.014 I.894 J-1.727 E.01211
G1 X82.628 Y126.986 E1.01317
G3 X83.006 Y126.878 I.702 J1.738 E.01173
G1 X83.006 Y93.122 E1.00672
G2 X83.383 Y93.194 I.532 J-1.764 E.01148
G1 X83.383 Y126.806 E1.00242
G3 X83.761 Y126.768 I.37 J1.772 E.01134
G1 X83.761 Y93.232 E1.00015
G2 X84.138 Y93.237 I.214 J-1.798 E.01128
G1 X84.138 Y126.771 E1.00008
G3 X84.516 Y126.79 I.118 J1.408 E.01131
G1 X84.516 Y93.21 E1.00147
G2 X84.894 Y93.149 I-.102 J-1.83 E.01143
G1 X84.894 Y126.851 E1.00511
G1 X85.271 Y126.952 E.01166
G1 X85.271 Y93.048 E1.01115
G2 X85.649 Y92.907 I-.477 J-1.862 E.01203
G1 X85.649 Y127.093 E1.01951
G3 X86.026 Y127.275 I-.682 J1.892 E.01253
G1 X86.026 Y92.725 E1.0304
G2 X86.404 Y92.493 I-.91 J-1.906 E.01324
G1 X86.404 Y127.507 E1.04423
G3 X86.781 Y127.798 I-1.201 J1.948 E.01424
G1 X86.781 Y92.202 E1.06159
G2 X87.159 Y91.834 I-5.961 J-6.503 E.01571
G1 X87.159 Y128.166 E1.0835
G3 X87.536 Y128.663 I-2.187 J2.052 E.01866
G1 X87.536 Y91.337 E1.11318
G2 X87.914 Y90.632 I-3.762 J-2.467 E.02389
G1 X87.914 Y129.886 E1.17068
G1 X87.371 Y130.031 F18000
G1 X87.34 Y129.915
G1 X87.208 Y129.572
G1 X87.041 Y129.244
G1 X86.841 Y128.936
G1 X86.61 Y128.65
G1 X86.35 Y128.39
G1 X86.064 Y128.159
G1 X85.756 Y127.959
G1 X85.428 Y127.792
G1 X85.085 Y127.66
G1 X84.73 Y127.565
G1 X84.367 Y127.508
G1 X84 Y127.488
G1 X83.633 Y127.508
G1 X83.27 Y127.565
G1 X82.915 Y127.66
G1 X82.572 Y127.792
G1 X82.244 Y127.959
G1 X81.936 Y128.159
G1 X81.65 Y128.39
G1 X81.39 Y128.65
G1 X78.571 Y131.665
;WIDTH:0.476779
G1 F5822.896
G1 X78.551 Y132.119 E.01559
;WIDTH:0.422953
G1 F6000
G2 X78.532 Y133.093 I11.412 J.714 E.02927
G1 X79.009 Y133.093 E.01432
G1 X78.797 Y132.546 E.01764
;WIDTH:0.435643
G1 X78.692 Y132.134 E.01318
;WIDTH:0.452655
G1 X78.587 Y131.722 E.01375
G1 X78.627 Y129.794 F18000
;WIDTH:0.586909
G1 F4644.063
G1 X78.605 Y130.052 E.01116
;WIDTH:0.542441
G1 F5057.477
G1 X78.583 Y130.311 E.01025
;WIDTH:0.484659
G1 F5719.023
G1 X78.56 Y130.57 E.00906
G2 X78.568 Y131.605 I11.891 J.43 E.03612
G1 X79.226 Y129.345 F18000
;WIDTH:0.419999
G1 F6000
G2 X78.155 Y129.322 I-.834 J13.836 E.03189
G1 X78.155 Y133.47 E.12355
G1 X79.592 Y133.47 E.0428
G1 X79.226 Y132.655 E.02662
G1 X78.986 Y131.626 E.03146
G1 X78.965 Y130.57 E.03147
G3 X79.211 Y129.403 I8.887 J1.263 E.03554
G1 X79.817 Y128.945 F18000
;WIDTH:0.419999
G1 F6000
G1 X77.778 Y128.945 E.06071
G1 X77.778 Y133.847 E.14601
G1 X80.311 Y133.847 E.07545
G1 X79.979 Y133.39 E.01683
G1 X79.58 Y132.523 E.02844
G1 X79.355 Y131.548 E.02981
G1 X79.342 Y130.57 E.02913
G3 X79.57 Y129.499 I11.82 J1.953 E.03264
G1 X79.792 Y129 E.01626
G1 X80.471 Y128.568 F18000
;WIDTH:0.419999
G1 F6000
G1 X77.401 Y128.568 E.09143
G1 X77.401 Y134.224 E.16848
G1 X81.184 Y134.224 E.11266
G1 X80.79 Y133.864 E.0159
G1 X80.264 Y133.134 E.02679
G1 X79.902 Y132.311 E.02679
G1 X79.719 Y131.43 E.02679
G1 X79.724 Y130.531 E.02679
G1 X79.915 Y129.652 E.02679
G1 X80.283 Y128.834 E.02672
G1 X80.436 Y128.617 E.00792
G1 X77.343 Y134.243 F18000
;WIDTH:0.420461
G1 F6000
G1 X77.343 Y141.959 E.23013
G2 X77.662 Y142.972 I1.877 J-.034 E.03211
G1 X77.72 Y143.038 E.00262
G1 X77.72 Y134.413 E.25722
G1 X78.098 Y134.413 E.01126
G1 X78.098 Y143.378 E.26738
G1 X78.173 Y143.433 E.00276
G1 X78.475 Y143.567 E.00988
G1 X78.475 Y134.413 E.27303
G1 X78.853 Y134.413 E.01126
G1 X78.853 Y143.648 E.27543
G2 X79.23 Y143.658 I.28 J-3.605 E.01127
G1 X79.23 Y134.413 E.27571
G1 X79.608 Y134.413 E.01126
G1 X79.608 Y143.658 E.27571
G1 X79.985 Y143.658 E.01126
G1 X79.985 Y134.413 E.27571
G1 X80.363 Y134.413 E.01126
G1 X80.363 Y143.658 E.27571
G1 X80.741 Y143.658 E.01126
G1 X80.741 Y134.413 E.27571
G1 X81.118 Y134.413 E.01126
G1 X81.118 Y143.658 E.27571
G1 X81.496 Y143.658 E.01126
G1 X81.496 Y134.426 E.27531
G2 X81.873 Y134.673 I1.368 J-1.68 E.01348
G1 X81.873 Y143.658 E.26795
G1 X82.251 Y143.658 E.01126
G1 X82.251 Y134.866 E.2622
G2 X82.628 Y135.014 I.894 J-1.727 E.01211
G1 X82.628 Y143.658 E.25779
G1 X83.006 Y143.658 E.01126
G1 X83.006 Y135.122 E.25457
G2 X83.383 Y135.194 I.532 J-1.764 E.01148
G1 X83.383 Y143.658 E.25242
G1 X83.761 Y143.658 E.01126
G1 X83.761 Y135.232 E.25128
G2 X84.138 Y135.237 I.214 J-1.798 E.01128
G1 X84.138 Y143.658 E.25112
G1 X84.516 Y143.658 E.01126
G1 X84.516 Y135.21 E.25194
G2 X84.894 Y135.149 I-.102 J-1.831 E.01143
G1 X84.894 Y143.658 E.25376
G1 X85.271 Y143.658 E.01126
G1 X85.271 Y135.048 E.25678
G2 X85.649 Y134.907 I-.477 J-1.863 E.01203
G1 X85.649 Y143.658 E.26096
G1 X86.026 Y143.658 E.01126
G1 X86.026 Y134.725 E.2664
G2 X86.404 Y134.493 I-.91 J-1.906 E.01324
G1 X86.404 Y143.658 E.27332
G1 X86.781 Y143.658 E.01126
G1 X86.781 Y134.202 E.282
G2 X87.159 Y133.834 I-5.961 J-6.503 E.01571
G1 X87.159 Y143.658 E.29295
G1 X87.536 Y143.658 E.01126
G1 X87.536 Y133.337 E.30779
G2 X87.914 Y132.632 I-3.762 J-2.467 E.02389
G1 X87.914 Y143.827 E.33389
; stop printing object top_plate.stl id:4734322866433739561 copy 0
;LAYER_CHANGE
;Z:7.04
;HEIGHT:0.2
G92 E0 ; zero the extruded length again
; BEFORE_LAYER_CHANGE 34 @ 7.04mm
G1 E-1.75 F6000
;WIPE_START
G1 X87.914 Y142.827 E-.75
;WIPE_END
; AFTER_LAYER_CHANGE 34 @ 7.04mm
;_SET_FAN_SPEED_CHANGING_LAYER
; printing object top_plate.stl id:4734322866433739561 copy 0
G17
G3 Z7.24 I-.022 J.608 P1  F18000
G1 X130.141 Y144.389 Z7.24
G1 X140.97 Y144.389
G1 X140.97 Y144.79
G1 Z7.04
G1 E2.5 F6000
M204 P1000
;TYPE:Outer wall
;WIDTH:0.42
G1 F3600
G1 X79.005 Y144.79 E1.84571
G3 X76.21 Y141.995 I.004 J-2.8 E.13074
G1 X76.21 Y78.005 E1.90602
G3 X79.005 Y75.21 I2.8 J.005 E.13074
G1 X140.995 Y75.21 E1.84644
G1 X141.292 Y75.226 E.00886
G3 X143.79 Y78.005 I-.294 J2.777 E.12197
G1 X143.79 Y141.995 E1.90601
G3 X141.03 Y144.79 I-2.8 J-.004 E.12968
G1 X141.009 Y144.388 F18000
G1 X140.984 Y144.389
G1 X140.97 Y144.389
G1 X140.97 Y144.398
M204 P1500
;TYPE:Inner wall
;WIDTH:0.45
G1 F6000
G1 X79.016 Y144.398 E1.99222
G3 X76.602 Y141.984 I-.006 J-2.408 E.122
G1 X76.602 Y78.016 E2.057
G3 X79.016 Y75.602 I2.408 J-.006 E.12199
G1 X140.984 Y75.602 E1.99268
G1 X141.251 Y75.616 E.00857
G3 X143.398 Y78.016 I-.259 J2.392 E.11345
G1 X143.398 Y141.984 E2.05699
G3 X141.03 Y144.398 I-2.408 J.006 E.12053
G1 X140.97 Y143.991 F18000
G1 F6000
G1 X79.026 Y143.991 E1.99188
G3 X77.009 Y141.974 I-.016 J-2.001 E.10212
G1 X77.009 Y78.026 E2.05631
G3 X79.026 Y76.009 I2.001 J-.016 E.10212
G1 X140.974 Y76.009 E1.992
G1 X141.208 Y76.021 E.00754
G3 X142.991 Y78.026 I-.241 J2.01 E.09432
G1 X142.991 Y141.974 E2.05631
G3 X141.03 Y143.991 I-2.001 J.016 E.10031
G1 E-1.75
;WIPE_START
G1 X140.03 Y143.991 E-.75
;WIPE_END
G1 X140.03 Y144.389 Z7.24 F18000
G1 X139.512 Y131
G1 X139.493 Y130.633
G1 X139.435 Y130.27
G1 X139.34 Y129.915
G1 X139.208 Y129.572
G1 X139.041 Y129.244
G1 X138.849 Y128.948
G1 X135.936 Y92.508
G1 X135.957 Y92.108
G1 Z7.04
G1 E2.5 F6000
M204 P1000
;TYPE:Outer wall
;WIDTH:0.42
G1 F3600
G1 X136 Y92.11 E.00128
G2 X137.265 Y86.159 I.008 J-3.108 E.25257
G2 X135.8 Y85.9 I-1.27 J2.915 E.04474
G2 X135.675 Y92.092 I.208 J3.101 E.27471
G1 X135.897 Y92.105 E.00662
G1 X135.876 Y92.505 F18000
G1 X136 Y92.512
G1 X136.018 Y92.511
G1 X136.017 Y92.502
M204 P1500
;TYPE:Inner wall
;WIDTH:0.45
G1 F6000
G1 X136.366 Y92.482 E.01123
G2 X137.752 Y85.966 I-.358 J-3.481 E.28332
G2 X135.779 Y85.508 I-1.737 J3.006 E.06606
G2 X135.958 Y92.5 I.229 J3.492 E.34456
G1 X136.037 Y92.909 F18000
G1 F6000
G1 X136.409 Y92.889 E.01197
G2 X137.955 Y85.613 I-.4 J-3.887 E.31638
G2 X135.758 Y85.102 I-1.939 J3.356 E.07361
G2 X135.977 Y92.91 I.251 J3.9 E.38571
G1 E-1.75
;WIPE_START
G1 X136.409 Y92.889 E-.3241
G1 X136.813 Y92.825 E-.30705
G1 X136.966 Y92.784 E-.11885
;WIPE_END
G1 X136.863 Y92.399 Z7.24 F18000
G1 X139.493 Y130.633
G1 X139.512 Y131
G1 X139.493 Y131.367
G1 X139.435 Y131.73
G1 X139.34 Y132.085
G1 X139.208 Y132.428
G1 X139.041 Y132.756
G1 X138.841 Y133.064
G1 X138.61 Y133.35
G1 X138.35 Y133.61
G1 X138.064 Y133.841
G1 X137.756 Y134.041
G1 X137.428 Y134.208
G1 X137.085 Y134.34
G1 X136.73 Y134.435
G1 X136.367 Y134.492
G1 X136.064 Y134.508
G1 X136.043 Y134.108
G1 Z7.04
G1 E2.5 F6000
M204 P1000
;TYPE:Outer wall
;WIDTH:0.42
G1 F3600
G1 X136.325 Y134.093 E.00841
G2 X137.265 Y128.159 I-.317 J-3.092 E.24287
G2 X135.8 Y127.9 I-1.27 J2.915 E.04474
G2 X135.983 Y134.11 I.208 J3.101 E.2839
G1 X135.962 Y134.51 F18000
G1 X136 Y134.512
G1 X136.018 Y134.511
G1 X136.017 Y134.502
M204 P1500
;TYPE:Inner wall
;WIDTH:0.45
G1 F6000
G1 X136.366 Y134.482 E.01123
G2 X137.752 Y127.966 I-.358 J-3.481 E.28332
G2 X135.779 Y127.508 I-1.737 J3.006 E.06606
G2 X135.958 Y134.5 I.229 J3.492 E.34456
G1 X136.037 Y134.909 F18000
G1 F6000
G1 X136.409 Y134.889 E.01197
G2 X137.955 Y127.613 I-.4 J-3.887 E.31638
G2 X135.758 Y127.102 I-1.939 J3.356 E.07361
G2 X135.977 Y134.91 I.251 J3.9 E.38571
G1 E-1.75
;WIPE_START
G1 X136.409 Y134.889 E-.3241
G1 X136.813 Y134.825 E-.30705
G1 X136.966 Y134.784 E-.11885
;WIPE_END
G1 X136.863 Y134.399 Z7.24 F18000
G1 X85.584 Y134.129
G1 X85.428 Y134.208
G1 X85.085 Y134.34
G1 X84.73 Y134.435
G1 X84.367 Y134.492
G1 X84 Y134.512
G1 X83.936 Y134.508
G1 X83.957 Y134.108
G1 Z7.04
G1 E2.5 F6000
M204 P1000
;TYPE:Outer wall
;WIDTH:0.42
G1 F3600
G1 X84 Y134.11 E.00128
G2 X85.265 Y128.159 I.008 J-3.108 E.25257
G2 X83.8 Y127.9 I-1.27 J2.915 E.04474
G2 X83.675 Y134.092 I.208 J3.101 E.27471
G1 X83.897 Y134.105 E.00662
G1 X83.876 Y134.505 F18000
G1 X83.982 Y134.511
G1 X83.983 Y134.502
M204 P1500
;TYPE:Inner wall
;WIDTH:0.45
G1 F6000
G1 X84 Y134.5 E.00056
G2 X85.752 Y127.966 I.008 J-3.5 E.29511
G2 X83.779 Y127.508 I-1.737 J3.006 E.06606
G2 X83.634 Y134.48 I.229 J3.492 E.33414
G1 X83.923 Y134.498 E.00929
G1 X83.963 Y134.909 F18000
G1 F6000
G1 X84 Y134.91 E.00119
G2 X85.955 Y127.613 I.009 J-3.908 E.32955
G2 X83.758 Y127.102 I-1.939 J3.356 E.07361
G2 X83.591 Y134.887 I.251 J3.9 E.37328
G1 X83.903 Y134.905 E.01004
G1 E-1.75
;WIPE_START
G1 X84 Y134.91 E-.07285
G1 X84.409 Y134.889 E-.30699
G1 X84.813 Y134.825 E-.30705
G1 X84.894 Y134.803 E-.06311
;WIPE_END
G1 X84.791 Y134.419 Z7.24 F18000
G1 X85.085 Y134.34
G1 X85.428 Y134.208
G1 X85.756 Y134.041
G1 X86.064 Y133.841
G1 X86.35 Y133.61
G1 X86.61 Y133.35
G1 X86.841 Y133.064
G1 X87.041 Y132.756
G1 X87.208 Y132.428
G1 X87.34 Y132.085
G1 X87.435 Y131.73
G1 X87.493 Y131.367
G1 X87.512 Y131
G1 X87.493 Y130.633
G1 X87.435 Y130.27
G1 X87.34 Y129.915
G1 X87.208 Y129.572
G1 X87.041 Y129.244
G1 X86.841 Y128.936
G1 X86.61 Y128.65
G1 X86.35 Y128.39
G1 X86.064 Y128.159
G1 X85.756 Y127.959
G1 X85.428 Y127.792
G1 X85.085 Y127.66
G1 X84.736 Y127.567
G1 X83.936 Y92.508
G1 X83.957 Y92.108
G1 Z7.04
G1 E2.5 F6000
M204 P1000
;TYPE:Outer wall
;WIDTH:0.42
G1 F3600
G1 X84 Y92.11 E.00128
G2 X85.265 Y86.159 I.008 J-3.108 E.25257
G2 X83.8 Y85.9 I-1.27 J2.915 E.04474
G2 X83.675 Y92.092 I.208 J3.101 E.27471
G1 X83.897 Y92.105 E.00662
G1 X83.876 Y92.505 F18000
G1 X83.982 Y92.511
G1 X83.983 Y92.502
M204 P1500
;TYPE:Inner wall
;WIDTH:0.45
G1 F6000
G1 X84 Y92.5 E.00056
G2 X85.752 Y85.966 I.008 J-3.5 E.29511
G2 X83.779 Y85.508 I-1.737 J3.006 E.06606
G2 X83.634 Y92.48 I.229 J3.492 E.33414
G1 X83.923 Y92.498 E.00929
G1 X83.963 Y92.909 F18000
G1 F6000
G1 X84 Y92.91 E.00119
G2 X85.955 Y85.613 I.009 J-3.908 E.32955
G2 X83.758 Y85.102 I-1.939 J3.356 E.07361
G2 X83.591 Y92.887 I.251 J3.9 E.37328
G1 X83.903 Y92.905 E.01004
G1 E-1.75
;WIPE_START
G1 X84 Y92.91 E-.07285
G1 X84.409 Y92.889 E-.30699
G1 X84.813 Y92.825 E-.30705
G1 X84.894 Y92.803 E-.06311
;WIPE_END
G1 X84.791 Y92.419 Z7.24 F18000
G1 X101.689 Y118.311
G1 X118.311 Y118.311
G1 X118.311 Y117.91
G1 X117.91 Y117.91
G1 Z7.04
G1 E2.5 F6000
M204 P1000
;TYPE:Outer wall
;WIDTH:0.42
G1 F3600
G1 X117.91 Y102.09 E.47122
G1 X102.09 Y102.09 E.47122
G1 X102.09 Y117.91 E.47122
G1 X117.85 Y117.91 E.46944
G1 X117.85 Y118.311 F18000
G1 X118.311 Y118.311
G1 X118.311 Y118.302
G1 X118.302 Y118.302
M204 P1500
;TYPE:Inner wall
;WIDTH:0.45
G1 F6000
G1 X118.302 Y101.698 E.53393
G1 X101.698 Y101.698 E.53393
G1 X101.698 Y118.302 E.53393
G1 X118.242 Y118.302 E.532
G1 X118.709 Y118.709 F18000
G1 F6000
G1 X118.709 Y101.291 E.56011
G1 X101.291 Y101.291 E.56011
G1 X101.291 Y118.709 E.56011
G1 X118.649 Y118.709 E.55818
G1 X135.142 Y127.018 F18000
M204 P2000
;TYPE:Internal solid infill
;WIDTH:0.421088
G1 F6000
G1 X85.453 Y127.018 E1.48433
G3 X86.232 Y127.396 I-1.525 J4.136 E.02592
G1 X133.768 Y127.396 E1.42001
G2 X133.249 Y127.774 I1.547 J2.668 E.01922
G1 X86.751 Y127.774 E1.389
G3 X87.146 Y128.152 I-1.598 J2.065 E.01637
G1 X132.854 Y128.152 E1.36539
G2 X132.55 Y128.53 I10.715 J8.914 E.01449
G1 X87.45 Y128.53 E1.34725
G3 X87.691 Y128.908 I-1.672 J1.334 E.01343
G1 X132.309 Y128.908 E1.33283
G2 X132.118 Y129.287 I1.708 J1.1 E.01268
G1 X87.882 Y129.287 E1.32142
G1 X88.028 Y129.665 E.0121
G1 X131.972 Y129.665 E1.31274
G2 X131.868 Y130.043 I1.743 J.683 E.01174
G1 X88.132 Y130.043 E1.30653
G3 X88.2 Y130.421 I-1.769 J.514 E.0115
G1 X131.8 Y130.421 E1.30246
G2 X131.766 Y130.799 I1.777 J.351 E.01136
G1 X88.234 Y130.799 E1.30042
G3 X88.235 Y131.177 I-1.803 J.195 E.01132
G1 X131.765 Y131.177 E1.30035
G2 X131.797 Y131.556 I1.81 J.039 E.01136
G1 X88.203 Y131.556 E1.30224
G3 X88.138 Y131.934 I-1.836 J-.124 E.01149
G1 X131.862 Y131.934 E1.30615
G1 X131.963 Y132.312 E.0117
G1 X88.037 Y132.312 E1.31221
G1 X87.891 Y132.69 E.0121
G1 X132.109 Y132.69 E1.32088
G2 X132.297 Y133.068 I1.897 J-.708 E.01264
G1 X87.703 Y133.068 E1.33212
G3 X87.465 Y133.446 I-1.912 J-.94 E.01337
G1 X132.535 Y133.446 E1.34635
G2 X132.833 Y133.825 I1.955 J-1.236 E.01442
G1 X87.167 Y133.825 E1.36417
G3 X86.78 Y134.203 I-5.508 J-5.244 E.01616
G1 X133.22 Y134.203 E1.38727
G2 X133.732 Y134.581 I2.062 J-2.256 E.01905
G1 X86.268 Y134.581 E1.41785
G3 X85.514 Y134.959 I-2.28 J-3.607 E.02525
G1 X134.486 Y134.959 E1.46293
G2 X137.514 Y134.959 I1.514 J-3.864 E.09258
G1 X142.658 Y134.959 E.15366
G1 X142.658 Y134.581 E.0113
G1 X138.268 Y134.581 E.13112
G2 X138.78 Y134.203 I-1.55 J-2.634 E.01905
G1 X142.658 Y134.203 E.11583
G1 X142.658 Y133.825 E.0113
G1 X138.93 Y133.825 E.11136
G1 X141.387 Y132.076 F18000
;WIDTH:0.564049
G1 F4847.774
G1 X141.404 Y131.861 E.00889
;WIDTH:0.528727
G1 F5200.246
G1 X141.422 Y131.645 E.00829
;WIDTH:0.481613
G1 F5758.742
G1 X141.44 Y131.43 E.00748
G2 X141.428 Y130.346 I-10.315 J-.43 E.03757
G1 X141.067 Y129.121 F18000
;WIDTH:0.40268
G1 F6000
G1 X141.186 Y129.51 E.01155
;WIDTH:0.443818
G1 X141.305 Y129.898 E.01287
;WIDTH:0.484956
G1 F5715.191
G1 X141.425 Y130.287 E.01419
G1 X141.445 Y130 E.01004
;WIDTH:0.443818
G1 F6000
G1 X141.466 Y129.713 E.0091
;WIDTH:0.394524
G2 X141.486 Y129.121 I-4.116 J-.439 E.01647
G1 X141.127 Y129.121 E.00999
G1 X140.515 Y128.763 F18000
;WIDTH:0.419999
G1 F6000
G1 X140.774 Y129.345 E.01898
G1 X141.014 Y130.374 E.03146
G1 X141.035 Y131.43 E.03147
G3 X140.814 Y132.534 I-11.198 J-1.668 E.03354
G1 X141.845 Y132.534 E.03071
G1 X141.845 Y128.763 E.11232
G1 X140.575 Y128.763 E.03781
G1 X139.858 Y128.386 F18000
G1 F6000
G1 X140.08 Y128.713 E.01177
G1 X140.453 Y129.56 E.02758
G1 X140.645 Y130.452 E.02718
G1 X140.658 Y131.43 E.02913
G1 X140.466 Y132.389 E.02913
G1 X140.248 Y132.911 E.01685
G1 X142.222 Y132.911 E.0588
G1 X142.222 Y128.386 E.13478
G1 X139.918 Y128.386 E.06862
G1 X139.079 Y128.009 F18000
G1 F6000
G1 X139.21 Y128.136 E.00544
G1 X139.736 Y128.866 E.02679
G1 X140.098 Y129.689 E.02679
G1 X140.281 Y130.57 E.02679
G1 X140.276 Y131.469 E.02679
G1 X140.085 Y132.348 E.02679
G1 X139.72 Y133.162 E.02659
G1 X139.635 Y133.288 E.0045
G1 X142.599 Y133.288 E.08827
G1 X142.599 Y128.009 E.15725
G1 X139.139 Y128.009 E.10304
G1 X138.482 Y127.774 F18000
;WIDTH:0.421088
G1 F6000
G1 X142.658 Y127.774 E.12475
G1 X142.658 Y127.396 E.0113
G1 X138.232 Y127.396 E.1322
G2 X137.453 Y127.018 I-2.305 J3.758 E.02592
G1 X142.827 Y127.018 E.16055
G1 X142.827 Y119.076 F18000
G1 F6000
G1 X77.342 Y119.076 E1.9562
G1 X77.342 Y119.454 E.0113
G1 X142.658 Y119.454 E1.95113
G1 X142.658 Y119.832 E.0113
G1 X77.342 Y119.832 E1.95113
G1 X77.342 Y120.211 E.0113
G1 X142.658 Y120.211 E1.95113
G1 X142.658 Y120.589 E.0113
G1 X77.342 Y120.589 E1.95113
G1 X77.342 Y120.967 E.0113
G1 X142.658 Y120.967 E1.95113
G1 X142.658 Y121.345 E.0113
G1 X77.342 Y121.345 E1.95113
G1 X77.342 Y121.723 E.0113
G1 X142.658 Y121.723 E1.95113
G1 X142.658 Y122.101 E.0113
G1 X77.342 Y122.101 E1.95113
G1 X77.342 Y122.48 E.0113
G1 X142.658 Y122.48 E1.95113
G1 X142.658 Y122.858 E.0113
G1 X77.342 Y122.858 E1.95113
G1 X77.342 Y123.236 E.0113
G1 X142.658 Y123.236 E1.95113
G1 X142.658 Y123.614 E.0113
G1 X77.342 Y123.614 E1.95113
G1 X77.342 Y123.992 E.0113
G1 X142.658 Y123.992 E1.95113
G1 X142.658 Y124.37 E.0113
G1 X77.342 Y124.37 E1.95113
G1 X77.342 Y124.749 E.0113
G1 X142.658 Y124.749 E1.95113
G1 X142.658 Y125.127 E.0113
G1 X77.342 Y125.127 E1.95113
G1 X77.342 Y125.505 E.0113
G1 X142.658 Y125.505 E1.95113
G1 X142.658 Y125.883 E.0113
G1 X77.342 Y125.883 E1.95113
G1 X77.342 Y126.261 E.0113
G1 X142.658 Y126.261 E1.95113
G1 X142.658 Y126.639 E.0113
G1 X77.342 Y126.639 E1.95113
G1 X77.342 Y127.018 E.0113
G1 X82.547 Y127.018 E.15548
G2 X81.768 Y127.396 I1.525 J4.136 E.02592
G1 X77.342 Y127.396 E.1322
G1 X77.342 Y127.774 E.0113
G1 X81.518 Y127.774 E.12475
G1 X78.613 Y132.076 F18000
;WIDTH:0.564045
G1 F4847.811
G1 X78.596 Y131.861 E.00889
;WIDTH:0.528723
G1 F5200.289
G1 X78.578 Y131.645 E.00829
;WIDTH:0.481609
G1 F5758.794
G1 X78.56 Y131.43 E.00748
G3 X78.572 Y130.346 I10.315 J-.43 E.03757
G1 X78.933 Y129.121 F18000
;WIDTH:0.382108
G1 F6000
G1 X78.514 Y129.121 E.01125
;WIDTH:0.402677
G1 X78.534 Y129.51 E.01106
;WIDTH:0.443813
G1 X78.555 Y129.898 E.01232
;WIDTH:0.48495
G1 F5715.263
G1 X78.575 Y130.287 E.01358
G1 X78.655 Y130.01 E.01004
;WIDTH:0.443813
G1 F6000
G1 X78.735 Y129.734 E.0091
;WIDTH:0.402327
G3 X78.913 Y129.178 I4.866 J1.255 E.01661
G1 X79.485 Y128.763 F18000
;WIDTH:0.419999
G1 F6000
G1 X78.155 Y128.763 E.0396
G1 X78.155 Y132.534 E.11232
G1 X79.186 Y132.534 E.03071
G3 X78.965 Y131.43 I10.977 J-2.772 E.03354
G1 X78.965 Y130.57 E.02562
G1 X79.165 Y129.533 E.03146
G1 X79.462 Y128.818 E.02304
G1 X80.142 Y128.386 F18000
G1 F6000
G1 X77.778 Y128.386 E.07041
G1 X77.778 Y132.911 E.13478
G1 X79.752 Y132.911 E.0588
G1 X79.534 Y132.389 E.01685
G1 X79.351 Y131.528 E.02622
G1 X79.342 Y130.57 E.02853
G1 X79.534 Y129.611 E.02913
G1 X79.92 Y128.713 E.02913
G1 X80.108 Y128.435 E.00998
G1 X80.921 Y128.009 F18000
G1 F6000
G1 X77.401 Y128.009 E.10483
G1 X77.401 Y133.288 E.15725
G1 X80.365 Y133.288 E.08827
G1 X79.915 Y132.348 E.03104
G1 X79.722 Y131.463 E.02699
G1 X79.719 Y130.57 E.02659
G1 X79.907 Y129.672 E.02731
G1 X80.264 Y128.866 E.02628
G1 X80.79 Y128.136 E.02679
G1 X80.878 Y128.051 E.00365
G1 X81.434 Y128.607 F18000
G1 X81.39 Y128.65
G1 X81.159 Y128.936
G1 X80.959 Y129.244
G1 X80.792 Y129.572
G1 X80.66 Y129.915
G1 X80.565 Y130.27
G1 X80.508 Y130.633
G1 X80.488 Y131
G1 X80.508 Y131.367
G1 X80.565 Y131.73
G1 X80.66 Y132.085
G1 X80.792 Y132.428
G1 X80.959 Y132.756
G1 X81.159 Y133.064
G1 X81.39 Y133.35
G1 X81.468 Y133.427
G1 X81.07 Y133.825
;WIDTH:0.421088
G1 F6000
G1 X77.342 Y133.825 E.11136
G1 X77.342 Y134.203 E.0113
G1 X81.22 Y134.203 E.11583
G2 X81.732 Y134.581 I2.062 J-2.255 E.01905
G1 X77.342 Y134.581 E.13112
G1 X77.342 Y134.959 E.0113
G1 X83.054 Y134.959 E.17063
G1 X78.259 Y143.657 F18000
G1 F6000
G1 X140.963 Y143.657 E1.87312
G2 X141.972 Y143.338 I-.036 J-1.874 E.03205
G1 X142.039 Y143.279 E.00267
G1 X77.961 Y143.279 E1.91417
G1 X77.893 Y143.229 E.0025
G1 X77.662 Y142.972 E.01034
G1 X77.62 Y142.901 E.00248
G1 X142.379 Y142.901 E1.93453
G1 X142.433 Y142.827 E.00271
G1 X142.568 Y142.522 E.00997
G1 X77.44 Y142.522 E1.94556
G3 X77.362 Y142.144 I.837 J-.37 E.01162
G1 X142.648 Y142.144 E1.95028
G2 X142.658 Y141.766 I-3.611 J-.279 E.01131
G1 X77.342 Y141.766 E1.95113
G1 X77.342 Y141.388 E.0113
G1 X142.658 Y141.388 E1.95113
G1 X142.658 Y141.01 E.0113
G1 X77.342 Y141.01 E1.95113
G1 X77.342 Y140.632 E.0113
G1 X142.658 Y140.632 E1.95113
G1 X142.658 Y140.253 E.0113
G1 X77.342 Y140.253 E1.95113
G1 X77.342 Y139.875 E.0113
G1 X142.658 Y139.875 E1.95113
G1 X142.658 Y139.497 E.0113
G1 X77.342 Y139.497 E1.95113
G1 X77.342 Y139.119 E.0113
G1 X142.658 Y139.119 E1.95113
G1 X142.658 Y138.741 E.0113
G1 X77.342 Y138.741 E1.95113
G1 X77.342 Y138.363 E.0113
G1 X142.658 Y138.363 E1.95113
G1 X142.658 Y137.984 E.0113
G1 X77.342 Y137.984 E1.95113
G1 X77.342 Y137.606 E.0113
G1 X142.658 Y137.606 E1.95113
G1 X142.658 Y137.228 E.0113
G1 X77.342 Y137.228 E1.95113
G1 X77.342 Y136.85 E.0113
G1 X142.658 Y136.85 E1.95113
G1 X142.658 Y136.472 E.0113
G1 X77.342 Y136.472 E1.95113
G1 X77.342 Y136.094 E.0113
G1 X142.658 Y136.094 E1.95113
G1 X142.658 Y135.715 E.0113
G1 X77.342 Y135.715 E1.95113
G1 X77.342 Y135.337 E.0113
G1 X142.827 Y135.337 E1.9562
G1 X142.827 Y101.302 F18000
G1 F6000
G1 X119.042 Y101.302 E.71051
G1 X119.042 Y101.68 E.0113
G1 X142.658 Y101.68 E.70544
G1 X142.658 Y102.058 E.0113
G1 X119.042 Y102.058 E.70544
G1 X119.042 Y102.437 E.0113
G1 X142.658 Y102.437 E.70544
G1 X142.658 Y102.815 E.0113
G1 X119.042 Y102.815 E.70544
G1 X119.042 Y103.193 E.0113
G1 X142.658 Y103.193 E.70544
G1 X142.658 Y103.571 E.0113
G1 X119.042 Y103.571 E.70544
G1 X119.042 Y103.949 E.0113
G1 X142.658 Y103.949 E.70544
G1 X142.658 Y104.327 E.0113
G1 X119.042 Y104.327 E.70544
G1 X119.042 Y104.706 E.0113
G1 X142.658 Y104.706 E.70544
G1 X142.658 Y105.084 E.0113
G1 X119.042 Y105.084 E.70544
G1 X119.042 Y105.462 E.0113
G1 X142.658 Y105.462 E.70544
G1 X142.658 Y105.84 E.0113
G1 X119.042 Y105.84 E.70544
G1 X119.042 Y106.218 E.0113
G1 X142.658 Y106.218 E.70544
G1 X142.658 Y106.596 E.0113
G1 X119.042 Y106.596 E.70544
G1 X119.042 Y106.975 E.0113
G1 X142.658 Y106.975 E.70544
G1 X142.658 Y107.353 E.0113
G1 X119.042 Y107.353 E.70544
G1 X119.042 Y107.731 E.0113
G1 X142.658 Y107.731 E.70544
G1 X142.658 Y108.109 E.0113
G1 X119.042 Y108.109 E.70544
G1 X119.042 Y108.487 E.0113
G1 X142.658 Y108.487 E.70544
G1 X142.658 Y108.865 E.0113
G1 X119.042 Y108.865 E.70544
G1 X119.042 Y109.244 E.0113
G1 X142.658 Y109.244 E.70544
G1 X142.658 Y109.622 E.0113
G1 X119.042 Y109.622 E.70544
G1 X119.042 Y110 E.0113
G1 X142.658 Y110 E.70544
G1 X142.658 Y110.378 E.0113
G1 X119.042 Y110.378 E.70544
G1 X119.042 Y110.756 E.0113
G1 X142.658 Y110.756 E.70544
G1 X142.658 Y111.134 E.0113
G1 X119.042 Y111.134 E.70544
G1 X119.042 Y111.513 E.0113
G1 X142.658 Y111.513 E.70544
G1 X142.658 Y111.891 E.0113
G1 X119.042 Y111.891 E.70544
G1 X119.042 Y112.269 E.0113
G1 X142.658 Y112.269 E.70544
G1 X142.658 Y112.647 E.0113
G1 X119.042 Y112.647 E.70544
G1 X119.042 Y113.025 E.0113
G1 X142.658 Y113.025 E.70544
G1 X142.658 Y113.403 E.0113
G1 X119.042 Y113.403 E.70544
G1 X119.042 Y113.782 E.0113
G1 X142.658 Y113.782 E.70544
G1 X142.658 Y114.16 E.0113
G1 X119.042 Y114.16 E.70544
G1 X119.042 Y114.538 E.0113
G1 X142.658 Y114.538 E.70544
G1 X142.658 Y114.916 E.0113
G1 X119.042 Y114.916 E.70544
G1 X119.042 Y115.294 E.0113
G1 X142.658 Y115.294 E.70544
G1 X142.658 Y115.672 E.0113
G1 X119.042 Y115.672 E.70544
G1 X119.042 Y116.051 E.0113
G1 X142.658 Y116.051 E.70544
G1 X142.658 Y116.429 E.0113
G1 X119.042 Y116.429 E.70544
G1 X119.042 Y116.807 E.0113
G1 X142.658 Y116.807 E.70544
G1 X142.658 Y117.185 E.0113
G1 X119.042 Y117.185 E.70544
G1 X119.042 Y117.563 E.0113
G1 X142.658 Y117.563 E.70544
G1 X142.658 Y117.942 E.0113
G1 X119.042 Y117.942 E.70544
G1 X119.042 Y118.32 E.0113
G1 X142.658 Y118.32 E.70544
G1 X142.658 Y118.698 E.0113
G1 X119.042 Y118.698 E.70544
G1 X119.042 Y119.042 E.01029
G1 X100.958 Y119.042 E.54024
G1 X100.958 Y118.698 E.01029
G1 X77.342 Y118.698 E.70544
G1 X77.342 Y118.32 E.0113
G1 X100.958 Y118.32 E.70544
G1 X100.958 Y117.942 E.0113
G1 X77.342 Y117.942 E.70544
G1 X77.342 Y117.563 E.0113
G1 X100.958 Y117.563 E.70544
G1 X100.958 Y117.185 E.0113
G1 X77.342 Y117.185 E.70544
G1 X77.342 Y116.807 E.0113
G1 X100.958 Y116.807 E.70544
G1 X100.958 Y116.429 E.0113
G1 X77.342 Y116.429 E.70544
G1 X77.342 Y116.051 E.0113
G1 X100.958 Y116.051 E.70544
G1 X100.958 Y115.672 E.0113
G1 X77.342 Y115.672 E.70544
G1 X77.342 Y115.294 E.0113
G1 X100.958 Y115.294 E.70544
G1 X100.958 Y114.916 E.0113
G1 X77.342 Y114.916 E.70544
G1 X77.342 Y114.538 E.0113
G1 X100.958 Y114.538 E.70544
G1 X100.958 Y114.16 E.0113
G1 X77.342 Y114.16 E.70544
G1 X77.342 Y113.782 E.0113
G1 X100.958 Y113.782 E.70544
G1 X100.958 Y113.403 E.0113
G1 X77.342 Y113.403 E.70544
G1 X77.342 Y113.025 E.0113
G1 X100.958 Y113.025 E.70544
G1 X100.958 Y112.647 E.0113
G1 X77.342 Y112.647 E.70544
G1 X77.342 Y112.269 E.0113
G1 X100.958 Y112.269 E.70544
G1 X100.958 Y111.891 E.0113
G1 X77.342 Y111.891 E.70544
G1 X77.342 Y111.513 E.0113
G1 X100.958 Y111.513 E.70544
G1 X100.958 Y111.134 E.0113
G1 X77.342 Y111.134 E.70544
G1 X77.342 Y110.756 E.0113
G1 X100.958 Y110.756 E.70544
G1 X100.958 Y110.378 E.0113
G1 X77.342 Y110.378 E.70544
G1 X77.342 Y110 E.0113
G1 X100.958 Y110 E.70544
G1 X100.958 Y109.622 E.0113
G1 X77.342 Y109.622 E.70544
G1 X77.342 Y109.244 E.0113
G1 X100.958 Y109.244 E.70544
G1 X100.958 Y108.865 E.0113
G1 X77.342 Y108.865 E.70544
G1 X77.342 Y108.487 E.0113
G1 X100.958 Y108.487 E.70544
G1 X100.958 Y108.109 E.0113
G1 X77.342 Y108.109 E.70544
G1 X77.342 Y107.731 E.0113
G1 X100.958 Y107.731 E.70544
G1 X100.958 Y107.353 E.0113
G1 X77.342 Y107.353 E.70544
G1 X77.342 Y106.975 E.0113
G1 X100.958 Y106.975 E.70544
G1 X100.958 Y106.596 E.0113
G1 X77.342 Y106.596 E.70544
G1 X77.342 Y106.218 E.0113
G1 X100.958 Y106.218 E.70544
G1 X100.958 Y105.84 E.0113
G1 X77.342 Y105.84 E.70544
G1 X77.342 Y105.462 E.0113
G1 X100.958 Y105.462 E.70544
G1 X100.958 Y105.084 E.0113
G1 X77.342 Y105.084 E.70544
G1 X77.342 Y104.706 E.0113
G1 X100.958 Y104.706 E.70544
G1 X100.958 Y104.327 E.0113
G1 X77.342 Y104.327 E.70544
G1 X77.342 Y103.949 E.0113
G1 X100.958 Y103.949 E.70544
G1 X100.958 Y103.571 E.0113
G1 X77.342 Y103.571 E.70544
G1 X77.342 Y103.193 E.0113
G1 X100.958 Y103.193 E.70544
G1 X100.958 Y102.815 E.0113
G1 X77.342 Y102.815 E.70544
G1 X77.342 Y102.437 E.0113
G1 X100.958 Y102.437 E.70544
G1 X100.958 Y102.058 E.0113
G1 X77.342 Y102.058 E.70544
G1 X77.342 Y101.68 E.0113
G1 X100.958 Y101.68 E.70544
G1 X100.958 Y101.302 E.0113
G1 X77.342 Y101.302 E.70544
G1 X77.342 Y100.924 E.0113
G1 X142.658 Y100.924 E1.95113
G1 X142.658 Y100.546 E.0113
G1 X77.342 Y100.546 E1.95113
G1 X77.342 Y100.168 E.0113
G1 X142.658 Y100.168 E1.95113
G1 X142.658 Y99.789 E.0113
G1 X77.342 Y99.789 E1.95113
G1 X77.342 Y99.411 E.0113
G1 X142.658 Y99.411 E1.95113
G1 X142.658 Y99.033 E.0113
G1 X77.342 Y99.033 E1.95113
G1 X77.342 Y98.655 E.0113
G1 X142.658 Y98.655 E1.95113
G1 X142.658 Y98.277 E.0113
G1 X77.342 Y98.277 E1.95113
G1 X77.342 Y97.899 E.0113
G1 X142.658 Y97.899 E1.95113
G1 X142.658 Y97.52 E.0113
G1 X77.342 Y97.52 E1.95113
G1 X77.342 Y97.142 E.0113
G1 X142.658 Y97.142 E1.95113
G1 X142.658 Y96.764 E.0113
G1 X77.342 Y96.764 E1.95113
G1 X77.342 Y96.386 E.0113
G1 X142.658 Y96.386 E1.95113
G1 X142.658 Y96.008 E.0113
G1 X77.342 Y96.008 E1.95113
G1 X77.342 Y95.63 E.0113
G1 X142.658 Y95.63 E1.95113
G1 X142.658 Y95.251 E.0113
G1 X77.342 Y95.251 E1.95113
G1 X77.342 Y94.873 E.0113
G1 X142.658 Y94.873 E1.95113
G1 X142.658 Y94.495 E.0113
G1 X77.342 Y94.495 E1.95113
G1 X77.342 Y94.117 E.0113
G1 X142.658 Y94.117 E1.95113
G1 X142.658 Y93.739 E.0113
G1 X77.342 Y93.739 E1.95113
G1 X77.342 Y93.361 E.0113
G1 X142.827 Y93.361 E1.9562
G1 X138.906 Y91.848 F18000
G1 F6000
G1 X142.658 Y91.848 E.11206
G1 X142.658 Y92.226 E.0113
G1 X138.751 Y92.226 E.11669
G3 X138.232 Y92.604 I-2.065 J-2.289 E.01922
G1 X142.658 Y92.604 E.13219
G1 X142.658 Y92.982 E.0113
G1 X137.453 Y92.982 E.15548
G3 X134.547 Y92.982 I-1.453 J-3.889 E.08868
G1 X85.453 Y92.982 E1.46657
G2 X86.232 Y92.604 I-1.525 J-4.135 E.02592
G1 X133.768 Y92.604 E1.42
G3 X133.249 Y92.226 I1.547 J-2.668 E.01922
G1 X86.751 Y92.226 E1.389
G2 X87.146 Y91.848 I-1.598 J-2.065 E.01637
G1 X132.854 Y91.848 E1.36539
G3 X132.55 Y91.47 I10.72 J-8.918 E.01449
G1 X87.45 Y91.47 E1.34725
G2 X87.691 Y91.092 I-1.672 J-1.334 E.01343
G1 X132.309 Y91.092 E1.33283
G3 X132.118 Y90.713 I1.708 J-1.1 E.01268
G1 X87.882 Y90.713 E1.32142
G1 X88.028 Y90.335 E.0121
G1 X131.972 Y90.335 E1.31274
G3 X131.868 Y89.957 I1.744 J-.683 E.01174
G1 X88.132 Y89.957 E1.30653
G2 X88.2 Y89.579 I-1.769 J-.514 E.0115
G1 X131.8 Y89.579 E1.30246
G3 X131.766 Y89.201 I1.777 J-.351 E.01136
G1 X88.234 Y89.201 E1.30042
G2 X88.235 Y88.823 I-1.803 J-.195 E.01132
G1 X131.765 Y88.823 E1.30035
G3 X131.797 Y88.444 I1.81 J-.039 E.01136
G1 X88.203 Y88.444 E1.30224
G2 X88.138 Y88.066 I-1.836 J.124 E.01149
G1 X131.862 Y88.066 E1.30615
G1 X131.963 Y87.688 E.0117
G1 X88.037 Y87.688 E1.31221
G1 X87.891 Y87.31 E.0121
G1 X132.109 Y87.31 E1.32088
G3 X132.297 Y86.932 I1.897 J.708 E.01264
G1 X87.703 Y86.932 E1.33212
G2 X87.465 Y86.554 I-1.912 J.94 E.01337
G1 X132.535 Y86.554 E1.34635
G3 X132.833 Y86.175 I1.955 J1.236 E.01442
G1 X87.167 Y86.175 E1.36417
G2 X86.78 Y85.797 I-5.508 J5.245 E.01616
G1 X133.22 Y85.797 E1.38728
G3 X133.732 Y85.419 I2.062 J2.256 E.01905
G1 X86.268 Y85.419 E1.41786
G2 X85.514 Y85.041 I-2.28 J3.607 E.02525
G1 X135.055 Y85.041 E1.47991
G1 X135.2 Y85.584 F18000
G1 X135.27 Y85.565
G1 X135.633 Y85.508
G1 X136 Y85.488
G1 X136.367 Y85.508
G1 X136.73 Y85.565
G1 X137.085 Y85.66
G1 X137.428 Y85.792
G1 X137.756 Y85.959
G1 X141.425 Y88.287
;WIDTH:0.483802
G1 F5730.15
G1 X141.446 Y87.857 E.015
;WIDTH:0.423275
G1 F6000
G2 X141.468 Y86.907 I-9.393 J-.69 E.02856
G1 X140.991 Y86.907 E.01434
G1 X141.203 Y87.454 E.01765
;WIDTH:0.440356
G1 X141.306 Y87.841 E.01258
;WIDTH:0.462079
G1 X141.409 Y88.229 E.01326
G1 X141.373 Y90.206 F18000
;WIDTH:0.590318
G1 F4615.138
G1 X141.392 Y90.026 E.00785
;WIDTH:0.552657
G1 F4956.116
G1 X141.411 Y89.845 E.00731
;WIDTH:0.514997
G1 F5351.498
G1 X141.429 Y89.665 E.00677
;WIDTH:0.492702
G1 F5616.765
G1 X141.428 Y88.346 E.04684
G1 X140.774 Y90.655 F18000
;WIDTH:0.419999
G1 F6000
G2 X141.845 Y90.678 I.834 J-13.835 E.03189
G1 X141.845 Y86.53 E.12355
G1 X140.408 Y86.53 E.0428
G1 X140.774 Y87.345 E.02662
G1 X141.014 Y88.374 E.03146
G1 X141.035 Y89.43 E.03147
G3 X140.789 Y90.597 I-8.888 J-1.263 E.03554
G1 X140.183 Y91.055 F18000
G1 F6000
G1 X142.222 Y91.055 E.06071
G1 X142.222 Y86.153 E.14601
G1 X139.689 Y86.153 E.07545
G1 X140.021 Y86.61 E.01683
G1 X140.42 Y87.477 E.02844
G1 X140.645 Y88.452 E.02981
G1 X140.658 Y89.43 E.02913
G3 X140.43 Y90.501 I-11.821 J-1.953 E.03264
G1 X140.208 Y91 E.01626
G1 X139.529 Y91.432 F18000
G1 F6000
G1 X142.599 Y91.432 E.09143
G1 X142.599 Y85.776 E.16848
G1 X138.816 Y85.776 E.11266
G1 X139.21 Y86.136 E.0159
G1 X139.736 Y86.866 E.02679
G1 X140.098 Y87.689 E.02679
G1 X140.281 Y88.57 E.02679
G1 X140.276 Y89.469 E.02679
G1 X140.085 Y90.348 E.02679
G1 X139.717 Y91.166 E.02672
G1 X139.564 Y91.383 E.00792
G1 X142.827 Y85.419 F18000
;WIDTH:0.421088
G1 F6000
G1 X138.268 Y85.419 E.13619
G2 X137.514 Y85.041 I-2.28 J3.607 E.02525
G1 X142.827 Y85.041 E.15873
G1 X141.741 Y76.343 F18000
G1 F6000
G1 X79.037 Y76.343 E1.87311
G2 X77.961 Y76.721 I-.025 J1.65 E.03479
G1 X142.039 Y76.721 E1.91415
G3 X142.379 Y77.099 I-.72 J.992 E.01532
G1 X77.621 Y77.099 E1.93451
G1 X77.567 Y77.173 E.00271
G1 X77.432 Y77.478 E.00997
G1 X142.568 Y77.478 E1.9458
G1 X142.648 Y77.856 E.01155
G1 X77.352 Y77.856 E1.95057
G2 X77.342 Y78.234 I3.611 J.279 E.01131
G1 X142.658 Y78.234 E1.95113
G1 X142.658 Y78.612 E.0113
G1 X77.342 Y78.612 E1.95113
G1 X77.342 Y78.99 E.0113
G1 X142.658 Y78.99 E1.95113
G1 X142.658 Y79.368 E.0113
G1 X77.342 Y79.368 E1.95113
G1 X77.342 Y79.747 E.0113
G1 X142.658 Y79.747 E1.95113
G1 X142.658 Y80.125 E.0113
G1 X77.342 Y80.125 E1.95113
G1 X77.342 Y80.503 E.0113
G1 X142.658 Y80.503 E1.95113
G1 X142.658 Y80.881 E.0113
G1 X77.342 Y80.881 E1.95113
G1 X77.342 Y81.259 E.0113
G1 X142.658 Y81.259 E1.95113
G1 X142.658 Y81.637 E.0113
G1 X77.342 Y81.637 E1.95113
G1 X77.342 Y82.016 E.0113
G1 X142.658 Y82.016 E1.95113
G1 X142.658 Y82.394 E.0113
G1 X77.342 Y82.394 E1.95113
G1 X77.342 Y82.772 E.0113
G1 X142.658 Y82.772 E1.95113
G1 X142.658 Y83.15 E.0113
G1 X77.342 Y83.15 E1.95113
G1 X77.342 Y83.528 E.0113
G1 X142.658 Y83.528 E1.95113
G1 X142.658 Y83.906 E.0113
G1 X77.342 Y83.906 E1.95113
G1 X77.342 Y84.285 E.0113
G1 X142.658 Y84.285 E1.95113
G1 X142.658 Y84.663 E.0113
G1 X77.342 Y84.663 E1.95113
G1 X77.342 Y85.041 E.0113
G1 X82.486 Y85.041 E.15366
G2 X81.732 Y85.419 I1.525 J3.986 E.02525
G1 X77.173 Y85.419 E.13619
G1 X78.598 Y88 F18000
;WIDTH:0.529635
G1 F5190.551
G1 X78.701 Y87.719 E.01148
;WIDTH:0.487339
G1 F5684.536
G1 X78.803 Y87.439 E.01048
;WIDTH:0.43475
G1 F6000
G2 X78.988 Y86.909 I-7.886 J-3.049 E.01737
G1 X78.534 Y86.909 E.01404
G1 X78.551 Y87.707 E.0247
;WIDTH:0.480736
G1 F5770.271
G1 X78.57 Y87.824 E.00409
;WIDTH:0.504085
G1 F5478.123
G1 X78.588 Y87.94 E.00431
G1 X78.618 Y90.216 F18000
;WIDTH:0.568575
G1 F4806.034
G1 X78.596 Y89.857 E.01492
;WIDTH:0.525385
G1 F5236.267
G1 X78.574 Y89.499 E.01369
;WIDTH:0.47137
G1 F5896.41
G1 X78.553 Y89.14 E.01216
G1 X78.595 Y88.06 E.0366
G1 X79.251 Y90.678 F18000
;WIDTH:0.419999
G1 F6000
G1 X79.064 Y90.097 E.01817
G1 X78.948 Y89.099 E.02995
G1 X79.038 Y88.046 E.03147
G3 X79.425 Y86.855 I8.506 J2.106 E.03733
G1 X79.613 Y86.53 E.01118
G1 X78.155 Y86.53 E.0434
G1 X78.155 Y90.678 E.12355
G1 X79.191 Y90.678 E.03086
G1 X79.808 Y91.055 F18000
G1 F6000
G1 X79.703 Y90.848 E.00691
G1 X79.429 Y90.001 E.02654
G1 X79.323 Y89.059 E.02822
G1 X79.413 Y88.085 E.02913
G3 X79.751 Y87.044 I10.493 J2.834 E.03264
G1 X80.182 Y86.299 E.02562
G1 X80.296 Y86.153 E.00552
G1 X77.778 Y86.153 E.075
G1 X77.778 Y91.055 E.14601
G1 X79.748 Y91.055 E.05868
G1 X80.462 Y91.432 F18000
G1 F6000
G1 X80.062 Y90.732 E.02402
G1 X79.788 Y89.875 E.02679
G1 X79.698 Y88.98 E.02679
G1 X79.796 Y88.086 E.02679
G1 X80.078 Y87.232 E.02679
G1 X80.531 Y86.455 E.02679
G1 X81.152 Y85.776 E.02742
G1 X77.401 Y85.776 E.11173
G1 X77.401 Y91.432 E.16848
G1 X80.402 Y91.432 E.08937
G1 X81.094 Y91.848 F18000
;WIDTH:0.421088
G1 F6000
G1 X77.342 Y91.848 E.11206
G1 X77.342 Y92.226 E.0113
G1 X81.249 Y92.226 E.11669
G2 X81.768 Y92.604 I2.066 J-2.289 E.01922
G1 X77.342 Y92.604 E.13219
G1 X77.342 Y92.982 E.0113
G1 X83.142 Y92.982 E.17324
; stop printing object top_plate.stl id:4734322866433739561 copy 0
;LAYER_CHANGE
;Z:7.24
;HEIGHT:0.2
G92 E0 ; zero the extruded length again
; BEFORE_LAYER_CHANGE 35 @ 7.24mm
G1 E-1.75 F6000
;WIPE_START
G1 X82.142 Y92.982 E-.75
;WIPE_END
; AFTER_LAYER_CHANGE 35 @ 7.24mm
;_SET_FAN_SPEED_CHANGING_LAYER
; printing object top_plate.stl id:4734322866433739561 copy 0
G17
G3 Z7.44 I-.402 J.457 P1  F18000
G1 X138.205 Y142.322 Z7.44
G1 X140.988 Y144.389
G1 X141.009 Y144.789
G1 Z7.24
G1 E2.5 F6000
M204 P1000
;TYPE:Outer wall
;WIDTH:0.42
G1 F3600
G1 X140.995 Y144.79 E.00043
G1 X79.005 Y144.79 E1.84644
G3 X76.21 Y141.995 I.004 J-2.8 E.13074
G1 X76.21 Y78.005 E1.90602
G3 X79.005 Y75.21 I2.8 J.005 E.13074
G1 X140.995 Y75.21 E1.84644
G1 X141.292 Y75.226 E.00886
G3 X143.79 Y78.005 I-.294 J2.777 E.12197
G1 X143.79 Y141.995 E1.90601
G3 X141.292 Y144.774 I-2.8 J-.004 E.12188
G1 X141.069 Y144.786 E.00664
G1 X141.048 Y144.386 F18000
G1 X140.988 Y144.389
G1 X140.988 Y144.398
M204 P1500
;TYPE:Inner wall
;WIDTH:0.45
G1 F6000
G1 X140.984 Y144.398 E.00014
G1 X79.016 Y144.398 E1.99268
G3 X76.602 Y141.984 I-.006 J-2.408 E.122
G1 X76.602 Y78.016 E2.057
G3 X79.016 Y75.602 I2.408 J-.006 E.12199
G1 X140.984 Y75.602 E1.99268
G1 X141.251 Y75.616 E.00857
G3 X143.398 Y78.016 I-.259 J2.392 E.11345
G1 X143.398 Y141.984 E2.05699
G3 X141.251 Y144.384 I-2.408 J.006 E.11342
G1 X141.048 Y144.395 E.00651
G1 X140.974 Y143.991 F18000
G1 F6000
G1 X79.026 Y143.991 E1.992
G3 X77.009 Y141.974 I-.016 J-2.001 E.10212
G1 X77.009 Y78.026 E2.05631
G3 X79.026 Y76.009 I2.001 J-.016 E.10212
G1 X140.974 Y76.009 E1.992
G1 X141.208 Y76.021 E.00754
G3 X142.991 Y78.026 I-.241 J2.01 E.09432
G1 X142.991 Y141.974 E2.05631
G3 X141.033 Y143.99 I-2.001 J.016 E.1002
G1 E-1.75
;WIPE_START
G1 X140.033 Y143.99 E-.75
;WIPE_END
G1 X140.033 Y144.389 Z7.44 F18000
G1 X139.859 Y141.761
G1 X135.971 Y92.109
G1 Z7.24
G1 E2.5 F6000
M204 P1000
;TYPE:Outer wall
;WIDTH:0.42
G1 F3600
G1 X136 Y92.108 E.00086
G2 X136.325 Y85.907 I.006 J-3.109 E.28159
G2 X135.701 Y85.905 I-.319 J2.975 E.01862
G2 X135.675 Y92.09 I.305 J3.094 E.27193
G1 X135.911 Y92.105 E.00704
G1 E-1.75 F6000
;WIPE_START
G1 F3600
G1 X136 Y92.108 E-.06668
G1 X136.325 Y92.093 E-.24409
G1 X136.647 Y92.042 E-.24422
G1 X136.898 Y91.975 E-.19501
;WIPE_END
G1 X136.819 Y95.791 Z7.44 F18000
G1 X136.029 Y134.109 Z7.44
G1 Z7.24
G1 E2.5 F6000
G1 F3600
G1 X136.325 Y134.091 E.00883
G2 X136.325 Y127.907 I-.319 J-3.092 E.27189
G2 X135.701 Y127.905 I-.319 J2.975 E.01862
G2 X135.969 Y134.108 I.305 J3.094 E.2807
G1 E-1.75 F6000
;WIPE_START
G1 F3600
G1 X136.325 Y134.091 E-.26721
G1 X136.647 Y134.042 E-.24414
G1 X136.954 Y133.96 E-.23865
;WIPE_END
G1 X133.138 Y133.971 Z7.44 F18000
G1 X83.971 Y134.109 Z7.44
G1 Z7.24
G1 E2.5 F6000
G1 F3600
G1 X84 Y134.108 E.00086
G2 X84.325 Y127.907 I.006 J-3.109 E.28159
G2 X83.701 Y127.905 I-.319 J2.975 E.01862
G2 X83.675 Y134.09 I.305 J3.094 E.27193
G1 X83.911 Y134.105 E.00704
G1 E-1.75 F6000
;WIPE_START
G1 F3600
G1 X84 Y134.108 E-.06668
G1 X84.325 Y134.093 E-.24409
G1 X84.647 Y134.042 E-.24422
G1 X84.898 Y133.975 E-.19501
;WIPE_END
G1 X84.813 Y130.16 Z7.44 F18000
G1 X83.971 Y92.109 Z7.44
G1 Z7.24
G1 E2.5 F6000
G1 F3600
G1 X84 Y92.108 E.00086
G2 X84.325 Y85.907 I.006 J-3.109 E.28159
G2 X83.701 Y85.905 I-.319 J2.975 E.01862
G2 X83.675 Y92.09 I.305 J3.094 E.27193
G1 X83.911 Y92.105 E.00704
G1 E-1.75 F6000
;WIPE_START
G1 F3600
G1 X84 Y92.108 E-.06668
G1 X84.325 Y92.093 E-.24409
G1 X84.647 Y92.042 E-.24422
G1 X84.898 Y91.975 E-.19501
;WIPE_END
G1 X87.899 Y94.333 Z7.44 F18000
G1 X117.91 Y117.91 Z7.44
G1 Z7.24
G1 E2.5 F6000
G1 F3600
G1 X117.91 Y102.09 E.47122
G1 X102.09 Y102.09 E.47122
G1 X102.09 Y117.91 E.47122
G1 X117.85 Y117.91 E.46944
G1 E-1.75 F6000
;WIPE_START
G1 F3600
G1 X117.854 Y116.91 E-.75
;WIPE_END
G1 X120.354 Y119.793 Z7.44 F18000
G1 X139.558 Y141.941 Z7.44
G1 X139.717 Y142.253
G1 Z7.24
G1 E2.5 F6000
M204 P1500
;TYPE:Inner wall
;WIDTH:0.45
G1 X139.839 Y142.185 E.00448
G2 X141.682 Y139.018 I-1.849 J-3.195 E.1233
G1 X141.682 Y80.982 E1.86621
G2 X138.018 Y77.318 I-3.692 J.028 E.18468
G1 X81.982 Y77.318 E1.8019
G2 X78.318 Y80.982 I.028 J3.692 E.18468
G1 X78.318 Y139.018 E1.86622
G2 X81.982 Y142.682 I3.692 J-.028 E.18468
G1 X138.018 Y142.682 E1.8019
G2 X139.496 Y142.36 I-.028 J-3.692 E.04899
G1 X139.663 Y142.279 E.00596
G1 X139.901 Y142.615 F18000
G1 F6000
G1 X140.042 Y142.538 E.00517
G2 X142.089 Y139.028 I-2.053 J-3.548 E.13667
G1 X142.089 Y80.972 E1.8669
G2 X138.028 Y76.911 I-4.099 J.039 E.20456
G1 X81.972 Y76.911 E1.80259
G2 X77.911 Y80.972 I.039 J4.099 E.20456
G1 X77.911 Y139.028 E1.8669
G2 X81.972 Y143.089 I4.099 J-.039 E.20456
G1 X138.028 Y143.089 E1.80258
G2 X139.662 Y142.732 I-.039 J-4.099 E.05414
G1 X139.848 Y142.642 E.00665
G1 X138.851 Y143.499 F18000
M204 P2000
;TYPE:Gap infill
;WIDTH:0.538657
G1 F5096.082
G3 X138.034 Y143.54 I-1.04 J-12.582 E.03206
G1 X81.953 Y143.54 E2.19609
G3 X81.149 Y143.499 I-.001 J-7.94 E.03156
G1 X77.705 Y140.229 F18000
;TYPE:Internal solid infill
;WIDTH:0.419999
G1 F6000
G1 X77.401 Y140.252 E.00906
G1 X77.404 Y141.981 E.05147
G1 X77.46 Y142.395 E.01246
G2 X78.097 Y143.305 I1.649 J-.476 E.03368
G1 X78.502 Y143.515 E.01359
G1 X79.046 Y143.599 E.0164
G1 X80.748 Y143.599 E.05068
G1 X80.771 Y143.305 E.00877
G1 X79.777 Y142.891 E.03208
G1 X79.016 Y142.343 E.02792
G1 X78.386 Y141.65 E.0279
G1 X77.914 Y140.841 E.02791
G1 X77.724 Y140.285 E.01749
G1 X77.837 Y141.577 F18000
;WIDTH:0.527322
G1 F5215.338
G1 X77.866 Y142.222 E.0247
G1 X77.955 Y142.491 E.01084
G1 X78.226 Y142.86 E.01751
G1 X78.546 Y143.068 E.01462
G1 X79.07 Y143.172 E.02045
G1 X79.433 Y143.173 E.01388
G1 X78.766 Y142.688 E.03158
G3 X77.986 Y141.836 I6.431 J-6.669 E.04422
G1 X77.867 Y141.629 E.00912
G1 X77.501 Y139.851 F18000
;TYPE:Gap infill
;WIDTH:0.538637
G1 F5096.287
G3 X77.46 Y139.047 I7.898 J-.804 E.03156
G1 X77.46 Y80.966 E2.27432
G3 X77.501 Y80.149 I12.624 J.223 E.03206
G1 X77.695 Y79.771 F18000
;TYPE:Internal solid infill
;WIDTH:0.419999
G1 F6000
G1 X78.109 Y78.777 E.03208
G1 X78.657 Y78.016 E.02792
G1 X79.35 Y77.386 E.0279
G1 X80.159 Y76.914 E.02791
G1 X80.771 Y76.705 E.01927
G1 X80.748 Y76.401 E.00906
G1 X79.019 Y76.404 E.05147
G1 X78.605 Y76.46 E.01246
G2 X77.695 Y77.097 I.476 J1.649 E.03368
G1 X77.485 Y77.502 E.01359
G1 X77.401 Y78.046 E.0164
G1 X77.401 Y79.748 E.05068
G1 X77.635 Y79.766 E.00699
G1 X77.827 Y78.433 F18000
;WIDTH:0.527555
G1 F5212.827
G1 X78.312 Y77.766 E.03159
G3 X79.164 Y76.986 I6.669 J6.431 E.04424
G1 X79.423 Y76.837 E.01142
G1 X78.778 Y76.866 E.02471
G1 X78.509 Y76.955 E.01084
G1 X78.14 Y77.226 E.01752
G1 X77.932 Y77.546 E.01462
G1 X77.828 Y78.07 E.02046
G1 X77.827 Y78.373 E.0116
G1 X81.149 Y76.501 F18000
;TYPE:Gap infill
;WIDTH:0.538657
G1 F5096.083
G3 X81.953 Y76.46 I.804 J7.899 E.03156
G1 X138.034 Y76.46 E2.19609
G3 X138.851 Y76.501 I-.223 J12.624 E.03206
G1 X141.387 Y79.912 F18000
M204 P1000
;TYPE:Top surface
;WIDTH:0.421075
G1 F1800
G1 X141.387 Y139.021 E1.76569
G3 X141.009 Y140.548 I-3.445 J-.044 E.04738
G1 X141.009 Y79.452 E1.825
G2 X140.631 Y78.872 I-3.006 J1.545 E.02073
G1 X140.631 Y141.128 E1.85967
G3 X140.252 Y141.53 I-3.397 J-2.818 E.01649
G1 X140.252 Y78.47 E1.88367
G2 X139.874 Y78.183 I-1.551 J1.648 E.01422
G1 X139.874 Y141.817 E1.90085
G3 X139.496 Y142.035 I-1.225 J-1.689 E.01306
G1 X139.496 Y77.965 E1.91386
G2 X139.118 Y77.805 I-.954 J1.727 E.01229
G1 X139.118 Y87.676 E.29487
G3 X139.118 Y90.324 I-3.083 J1.324 E.08129
G1 X139.118 Y129.676 E1.17553
G3 X139.224 Y132.047 I-3.171 J1.33 E.07239
G1 X139.118 Y132.324 E.00884
G1 X139.118 Y142.195 E.29487
G3 X138.74 Y142.304 I-.707 J-1.734 E.01178
G1 X138.74 Y132.996 E.27807
G3 X138.362 Y133.426 I-2.231 J-1.581 E.01714
G1 X138.362 Y142.368 E.26713
G3 X137.983 Y142.387 I-1.03 J-16.57 E.01131
G1 X137.983 Y133.748 E.25807
G3 X137.605 Y133.981 I-1.295 J-1.677 E.01329
G1 X137.605 Y142.387 E.2511
G1 X137.227 Y142.387 E.0113
G1 X137.227 Y134.155 E.24592
G3 X136.849 Y134.277 I-.769 J-1.734 E.01189
G1 X136.849 Y142.387 E.24227
G1 X136.471 Y142.387 E.0113
G1 X136.471 Y134.353 E.24001
G3 X136.093 Y134.385 I-.342 J-1.778 E.01136
G1 X136.093 Y142.387 E.23905
G1 X135.715 Y142.387 E.0113
G1 X135.715 Y134.375 E.23935
G3 X135.336 Y134.322 I.061 J-1.82 E.01143
G1 X135.336 Y142.387 E.24092
G1 X134.958 Y142.387 E.0113
G1 X134.958 Y134.226 E.24381
G3 X134.58 Y134.076 I2.811 J-7.654 E.01215
G1 X134.58 Y142.387 E.24828
G1 X134.202 Y142.387 E.0113
G1 X134.202 Y133.869 E.25447
G3 X133.824 Y133.594 I1.124 J-1.943 E.01399
G1 X133.824 Y142.387 E.26268
G1 X133.446 Y142.387 E.0113
G1 X133.446 Y133.225 E.2737
G3 X133.067 Y132.7 I2.318 J-2.069 E.01936
G1 X133.067 Y142.557 E.29445
G1 E-1.75 F6000
;WIPE_START
G1 F1800
G1 X133.067 Y141.557 E-.75
;WIPE_END
G1 X134.672 Y138.095 Z7.44 F18000
G1 X138.74 Y129.315 Z7.44
G1 Z7.24
G1 E2.5 F6000
G1 F1800
G1 X138.74 Y90.996 E1.14465
G3 X138.362 Y91.426 I-2.231 J-1.581 E.01714
G1 X138.362 Y128.574 E1.10968
G2 X137.983 Y128.252 I-3.365 J3.563 E.01485
G1 X137.984 Y91.748 E1.09042
G3 X137.605 Y91.981 I-1.295 J-1.677 E.01329
G1 X137.605 Y128.019 E1.07649
G2 X137.227 Y127.845 I-1.017 J1.716 E.01245
G1 X137.227 Y92.155 E1.06612
G3 X136.849 Y92.277 I-.769 J-1.734 E.01189
G1 X136.849 Y127.723 E1.05882
G2 X136.471 Y127.647 I-.55 J1.765 E.01154
G1 X136.471 Y92.353 E1.05429
G3 X136.093 Y92.385 I-.342 J-1.778 E.01136
G1 X136.093 Y127.615 E1.05237
G2 X135.715 Y127.625 I-.141 J1.809 E.01132
G1 X135.715 Y92.375 E1.05298
G3 X135.336 Y92.322 I.061 J-1.82 E.01143
G1 X135.336 Y127.678 E1.05612
G2 X134.958 Y127.774 I.238 J1.718 E.01168
G1 X134.958 Y92.226 E1.0619
G3 X134.58 Y92.076 I2.811 J-7.654 E.01215
G1 X134.58 Y127.924 E1.07084
G2 X134.202 Y128.131 I.793 J1.897 E.0129
G1 X134.202 Y91.869 E1.08322
G3 X133.824 Y91.594 I1.124 J-1.943 E.01399
G1 X133.824 Y128.406 E1.09965
G2 X133.446 Y128.775 I2.555 J2.998 E.01579
G1 X133.446 Y91.225 E1.12169
G3 X133.067 Y90.7 I2.318 J-2.069 E.01936
G1 X133.067 Y129.673 E1.16417
G1 E-1.75 F6000
;WIPE_START
G1 F1800
G1 X133.067 Y128.673 E-.75
;WIPE_END
G1 X133.586 Y124.892 Z7.44 F18000
G1 X138.74 Y87.315 Z7.44
G1 Z7.24
G1 E2.5 F6000
G1 F1800
G1 X138.74 Y77.696 E.28735
G2 X138.362 Y77.632 I-.495 J1.777 E.01148
G1 X138.362 Y86.574 E.26713
G2 X137.984 Y86.252 I-3.365 J3.564 E.01485
G1 X137.984 Y77.613 E.25807
G1 X137.605 Y77.613 E.0113
G1 X137.605 Y86.019 E.2511
G2 X137.227 Y85.845 I-1.017 J1.716 E.01245
G1 X137.227 Y77.613 E.24592
G1 X136.849 Y77.613 E.0113
G1 X136.849 Y85.723 E.24227
G2 X136.471 Y85.647 I-.55 J1.765 E.01154
G1 X136.471 Y77.613 E.24001
G1 X136.093 Y77.613 E.0113
G1 X136.093 Y85.615 E.23905
G2 X135.715 Y85.625 I-.141 J1.808 E.01132
G1 X135.715 Y77.613 E.23935
G1 X135.336 Y77.613 E.0113
G1 X135.336 Y85.678 E.24092
G2 X134.958 Y85.774 I.238 J1.718 E.01168
G1 X134.958 Y77.613 E.24381
G1 X134.58 Y77.613 E.0113
G1 X134.58 Y85.924 E.24828
G2 X134.202 Y86.131 I.793 J1.897 E.0129
G1 X134.202 Y77.613 E.25447
G1 X133.824 Y77.613 E.0113
G1 X133.824 Y86.406 E.26268
G2 X133.446 Y86.775 I2.556 J2.998 E.01579
G1 X133.446 Y77.613 E.2737
G1 X133.067 Y77.613 E.0113
G1 X133.067 Y87.673 E.30051
G1 E-1.75 F6000
;WIPE_START
G1 F1800
G1 X133.067 Y86.673 E-.75
;WIPE_END
G1 X132.911 Y82.86 Z7.44 F18000
G1 X132.689 Y77.443 Z7.44
G1 Z7.24
G1 E2.5 F6000
G1 F1800
G1 X132.689 Y142.387 E1.94
G1 X132.311 Y142.387 E.0113
G1 X132.311 Y77.613 E1.93493
G1 X131.933 Y77.613 E.0113
G1 X131.933 Y142.387 E1.93493
G1 X131.555 Y142.387 E.0113
G1 X131.555 Y77.613 E1.93493
G1 X131.177 Y77.613 E.0113
G1 X131.177 Y142.387 E1.93493
G1 X130.799 Y142.387 E.0113
G1 X130.799 Y77.613 E1.93493
G1 X130.42 Y77.613 E.0113
G1 X130.42 Y142.387 E1.93493
G1 X130.042 Y142.387 E.0113
G1 X130.042 Y77.613 E1.93493
G1 X129.664 Y77.613 E.0113
G1 X129.664 Y142.387 E1.93493
G1 X129.286 Y142.387 E.0113
G1 X129.286 Y77.613 E1.93493
G1 X128.908 Y77.613 E.0113
G1 X128.908 Y142.387 E1.93493
G1 X128.53 Y142.387 E.0113
G1 X128.53 Y77.613 E1.93493
G1 X128.151 Y77.613 E.0113
G1 X128.151 Y142.387 E1.93493
G1 X127.773 Y142.387 E.0113
G1 X127.773 Y77.613 E1.93493
G1 X127.395 Y77.613 E.0113
G1 X127.395 Y142.387 E1.93493
G1 X127.017 Y142.387 E.0113
G1 X127.017 Y77.613 E1.93493
G1 X126.639 Y77.613 E.0113
G1 X126.639 Y142.387 E1.93493
G1 X126.261 Y142.387 E.0113
G1 X126.261 Y77.613 E1.93493
G1 X125.883 Y77.613 E.0113
G1 X125.883 Y142.387 E1.93493
G1 X125.504 Y142.387 E.0113
G1 X125.504 Y77.613 E1.93493
G1 X125.126 Y77.613 E.0113
G1 X125.126 Y142.387 E1.93493
G1 X124.748 Y142.387 E.0113
G1 X124.748 Y77.613 E1.93493
G1 X124.37 Y77.613 E.0113
G1 X124.37 Y142.387 E1.93493
G1 X123.992 Y142.387 E.0113
G1 X123.992 Y77.613 E1.93493
G1 X123.614 Y77.613 E.0113
G1 X123.614 Y142.387 E1.93493
G1 X123.235 Y142.387 E.0113
G1 X123.235 Y77.613 E1.93493
G1 X122.857 Y77.613 E.0113
G1 X122.857 Y142.387 E1.93493
G1 X122.479 Y142.387 E.0113
G1 X122.479 Y77.613 E1.93493
G1 X122.101 Y77.613 E.0113
G1 X122.101 Y142.387 E1.93493
G1 X121.723 Y142.387 E.0113
G1 X121.723 Y77.613 E1.93493
G1 X121.345 Y77.613 E.0113
G1 X121.345 Y142.387 E1.93493
G1 X120.967 Y142.387 E.0113
G1 X120.967 Y77.613 E1.93493
G1 X120.588 Y77.613 E.0113
G1 X120.588 Y142.387 E1.93493
G1 X120.21 Y142.387 E.0113
G1 X120.21 Y77.613 E1.93493
G1 X119.832 Y77.613 E.0113
G1 X119.832 Y142.387 E1.93493
G1 X119.454 Y142.387 E.0113
G1 X119.454 Y77.613 E1.93493
G1 X119.076 Y77.613 E.0113
G1 X119.076 Y142.387 E1.93493
G1 X118.698 Y142.387 E.0113
G1 X118.698 Y77.613 E1.93493
G1 X118.319 Y77.613 E.0113
G1 X118.319 Y142.387 E1.93493
G1 X117.941 Y142.387 E.0113
G1 X117.941 Y118.189 E.72284
G1 X118.189 Y118.189 E.0074
G1 X118.189 Y101.811 E.48924
G1 X117.941 Y101.811 E.0074
G1 X117.941 Y77.613 E.72284
G1 X117.563 Y77.613 E.0113
G1 X117.563 Y101.811 E.72284
G1 X117.185 Y101.811 E.0113
G1 X117.185 Y77.613 E.72284
G1 X116.807 Y77.613 E.0113
G1 X116.807 Y101.811 E.72284
G1 X116.429 Y101.811 E.0113
G1 X116.429 Y77.613 E.72284
G1 X116.051 Y77.613 E.0113
G1 X116.051 Y101.811 E.72284
G1 X115.672 Y101.811 E.0113
G1 X115.672 Y77.613 E.72284
G1 X115.294 Y77.613 E.0113
G1 X115.294 Y101.811 E.72284
G1 X114.916 Y101.811 E.0113
G1 X114.916 Y77.613 E.72284
G1 X114.538 Y77.613 E.0113
G1 X114.538 Y101.811 E.72284
G1 X114.16 Y101.811 E.0113
G1 X114.16 Y77.613 E.72284
G1 X113.782 Y77.613 E.0113
G1 X113.782 Y101.811 E.72284
G1 X113.403 Y101.811 E.0113
G1 X113.403 Y77.613 E.72284
G1 X113.025 Y77.613 E.0113
G1 X113.025 Y101.811 E.72284
G1 X112.647 Y101.811 E.0113
G1 X112.647 Y77.613 E.72284
G1 X112.269 Y77.613 E.0113
G1 X112.269 Y101.811 E.72284
G1 X111.891 Y101.811 E.0113
G1 X111.891 Y77.613 E.72284
G1 X111.513 Y77.613 E.0113
G1 X111.513 Y101.811 E.72284
G1 X111.134 Y101.811 E.0113
G1 X111.134 Y77.613 E.72284
G1 X110.756 Y77.613 E.0113
G1 X110.756 Y101.811 E.72284
G1 X110.378 Y101.811 E.0113
G1 X110.378 Y77.613 E.72284
G1 X110 Y77.613 E.0113
G1 X110 Y101.811 E.72284
G1 X109.622 Y101.811 E.0113
G1 X109.622 Y77.613 E.72284
G1 X109.244 Y77.613 E.0113
G1 X109.244 Y101.811 E.72284
G1 X108.866 Y101.811 E.0113
G1 X108.866 Y77.613 E.72284
G1 X108.487 Y77.613 E.0113
G1 X108.487 Y101.811 E.72284
G1 X108.109 Y101.811 E.0113
G1 X108.109 Y77.613 E.72284
G1 X107.731 Y77.613 E.0113
G1 X107.731 Y101.811 E.72284
G1 X107.353 Y101.811 E.0113
G1 X107.353 Y77.613 E.72284
G1 X106.975 Y77.613 E.0113
G1 X106.975 Y101.811 E.72284
G1 X106.597 Y101.811 E.0113
G1 X106.597 Y77.613 E.72284
G1 X106.218 Y77.613 E.0113
G1 X106.218 Y101.811 E.72284
G1 X105.84 Y101.811 E.0113
G1 X105.84 Y77.613 E.72284
G1 X105.462 Y77.613 E.0113
G1 X105.462 Y101.811 E.72284
G1 X105.084 Y101.811 E.0113
G1 X105.084 Y77.613 E.72284
G1 X104.706 Y77.613 E.0113
G1 X104.706 Y101.811 E.72284
G1 X104.328 Y101.811 E.0113
G1 X104.328 Y77.613 E.72284
G1 X103.95 Y77.613 E.0113
G1 X103.95 Y101.811 E.72284
G1 X103.571 Y101.811 E.0113
G1 X103.571 Y77.613 E.72284
G1 X103.193 Y77.613 E.0113
G1 X103.193 Y101.811 E.72284
G1 X102.815 Y101.811 E.0113
G1 X102.815 Y77.613 E.72284
G1 X102.437 Y77.613 E.0113
G1 X102.437 Y101.981 E.72791
G1 E-1.75 F6000
;WIPE_START
G1 F1800
G1 X102.437 Y100.981 E-.75
;WIPE_END
G1 X104.97 Y103.835 Z7.44 F18000
G1 X117.563 Y118.019 Z7.44
G1 Z7.24
G1 E2.5 F6000
G1 F1800
G1 X117.563 Y142.387 E.72791
G1 X117.185 Y142.387 E.0113
G1 X117.185 Y118.189 E.72284
G1 X116.807 Y118.189 E.0113
G1 X116.807 Y142.387 E.72284
G1 X116.429 Y142.387 E.0113
G1 X116.429 Y118.189 E.72284
G1 X116.051 Y118.189 E.0113
G1 X116.051 Y142.387 E.72284
G1 X115.672 Y142.387 E.0113
G1 X115.672 Y118.189 E.72284
G1 X115.294 Y118.189 E.0113
G1 X115.294 Y142.387 E.72284
G1 X114.916 Y142.387 E.0113
G1 X114.916 Y118.189 E.72284
G1 X114.538 Y118.189 E.0113
G1 X114.538 Y142.387 E.72284
G1 X114.16 Y142.387 E.0113
G1 X114.16 Y118.189 E.72284
G1 X113.782 Y118.189 E.0113
G1 X113.782 Y142.387 E.72284
G1 X113.403 Y142.387 E.0113
G1 X113.403 Y118.189 E.72284
G1 X113.025 Y118.189 E.0113
G1 X113.025 Y142.387 E.72284
G1 X112.647 Y142.387 E.0113
G1 X112.647 Y118.189 E.72284
G1 X112.269 Y118.189 E.0113
G1 X112.269 Y142.387 E.72284
G1 X111.891 Y142.387 E.0113
G1 X111.891 Y118.189 E.72284
G1 X111.513 Y118.189 E.0113
G1 X111.513 Y142.387 E.72284
G1 X111.134 Y142.387 E.0113
G1 X111.134 Y118.189 E.72284
G1 X110.756 Y118.189 E.0113
G1 X110.756 Y142.387 E.72284
G1 X110.378 Y142.387 E.0113
G1 X110.378 Y118.189 E.72284
G1 X110 Y118.189 E.0113
G1 X110 Y142.387 E.72284
G1 X109.622 Y142.387 E.0113
G1 X109.622 Y118.189 E.72284
G1 X109.244 Y118.189 E.0113
G1 X109.244 Y142.387 E.72284
G1 X108.866 Y142.387 E.0113
G1 X108.866 Y118.189 E.72284
G1 X108.487 Y118.189 E.0113
G1 X108.487 Y142.387 E.72284
G1 X108.109 Y142.387 E.0113
G1 X108.109 Y118.189 E.72284
G1 X107.731 Y118.189 E.0113
G1 X107.731 Y142.387 E.72284
G1 X107.353 Y142.387 E.0113
G1 X107.353 Y118.189 E.72284
G1 X106.975 Y118.189 E.0113
G1 X106.975 Y142.387 E.72284
G1 X106.597 Y142.387 E.0113
G1 X106.597 Y118.189 E.72284
G1 X106.218 Y118.189 E.0113
G1 X106.218 Y142.387 E.72284
G1 X105.84 Y142.387 E.0113
G1 X105.84 Y118.189 E.72284
G1 X105.462 Y118.189 E.0113
G1 X105.462 Y142.387 E.72284
G1 X105.084 Y142.387 E.0113
G1 X105.084 Y118.189 E.72284
G1 X104.706 Y118.189 E.0113
G1 X104.706 Y142.387 E.72284
G1 X104.328 Y142.387 E.0113
G1 X104.328 Y118.189 E.72284
G1 X103.95 Y118.189 E.0113
G1 X103.95 Y142.387 E.72284
G1 X103.571 Y142.387 E.0113
G1 X103.571 Y118.189 E.72284
G1 X103.193 Y118.189 E.0113
G1 X103.193 Y142.387 E.72284
G1 X102.815 Y142.387 E.0113
G1 X102.815 Y118.189 E.72284
G1 X102.437 Y118.189 E.0113
G1 X102.437 Y142.387 E.72284
G1 X102.059 Y142.387 E.0113
G1 X102.059 Y118.189 E.72284
G1 X101.811 Y118.189 E.0074
G1 X101.811 Y101.811 E.48924
G1 X102.059 Y101.811 E.0074
G1 X102.059 Y77.613 E.72284
G1 X101.681 Y77.613 E.0113
G1 X101.681 Y142.387 E1.93493
G1 X101.302 Y142.387 E.0113
G1 X101.302 Y77.613 E1.93493
G1 X100.924 Y77.613 E.0113
G1 X100.924 Y142.387 E1.93493
G1 X100.546 Y142.387 E.0113
G1 X100.546 Y77.613 E1.93493
G1 X100.168 Y77.613 E.0113
G1 X100.168 Y142.387 E1.93493
G1 X99.79 Y142.387 E.0113
G1 X99.79 Y77.613 E1.93493
G1 X99.412 Y77.613 E.0113
G1 X99.412 Y142.387 E1.93493
G1 X99.034 Y142.387 E.0113
G1 X99.034 Y77.613 E1.93493
G1 X98.655 Y77.613 E.0113
G1 X98.655 Y142.387 E1.93493
G1 X98.277 Y142.387 E.0113
G1 X98.277 Y77.613 E1.93493
G1 X97.899 Y77.613 E.0113
G1 X97.899 Y142.387 E1.93493
G1 X97.521 Y142.387 E.0113
G1 X97.521 Y77.613 E1.93493
G1 X97.143 Y77.613 E.0113
G1 X97.143 Y142.387 E1.93493
G1 X96.765 Y142.387 E.0113
G1 X96.765 Y77.613 E1.93493
G1 X96.386 Y77.613 E.0113
G1 X96.386 Y142.387 E1.93493
G1 X96.008 Y142.387 E.0113
G1 X96.008 Y77.613 E1.93493
G1 X95.63 Y77.613 E.0113
G1 X95.63 Y142.387 E1.93493
G1 X95.252 Y142.387 E.0113
G1 X95.252 Y77.613 E1.93493
G1 X94.874 Y77.613 E.0113
G1 X94.874 Y142.387 E1.93493
G1 X94.496 Y142.387 E.0113
G1 X94.496 Y77.613 E1.93493
G1 X94.118 Y77.613 E.0113
G1 X94.118 Y142.387 E1.93493
G1 X93.739 Y142.387 E.0113
G1 X93.739 Y77.613 E1.93493
G1 X93.361 Y77.613 E.0113
G1 X93.361 Y142.387 E1.93493
G1 X92.983 Y142.387 E.0113
G1 X92.983 Y77.613 E1.93493
G1 X92.605 Y77.613 E.0113
G1 X92.605 Y142.387 E1.93493
G1 X92.227 Y142.387 E.0113
G1 X92.227 Y77.613 E1.93493
G1 X91.849 Y77.613 E.0113
G1 X91.849 Y142.387 E1.93493
G1 X91.47 Y142.387 E.0113
G1 X91.47 Y77.613 E1.93493
G1 X91.092 Y77.613 E.0113
G1 X91.092 Y142.387 E1.93493
G1 X90.714 Y142.387 E.0113
G1 X90.714 Y77.613 E1.93493
G1 X90.336 Y77.613 E.0113
G1 X90.336 Y142.387 E1.93493
G1 X89.958 Y142.387 E.0113
G1 X89.958 Y77.613 E1.93493
G1 X89.58 Y77.613 E.0113
G1 X89.58 Y142.387 E1.93493
G1 X89.202 Y142.387 E.0113
G1 X89.202 Y77.613 E1.93493
G1 X88.823 Y77.613 E.0113
G1 X88.823 Y142.387 E1.93493
G1 X88.445 Y142.387 E.0113
G1 X88.445 Y77.613 E1.93493
G1 X88.067 Y77.613 E.0113
G1 X88.067 Y142.387 E1.93493
G1 X87.689 Y142.387 E.0113
G1 X87.689 Y77.613 E1.93493
G1 X87.311 Y77.613 E.0113
G1 X87.311 Y142.387 E1.93493
G1 X86.933 Y142.387 E.0113
G1 X86.933 Y132.7 E.28939
G3 X86.554 Y133.225 I-2.696 J-1.543 E.01936
G1 X86.554 Y142.387 E.27371
G1 X86.176 Y142.387 E.0113
G1 X86.176 Y133.594 E.26268
G3 X85.798 Y133.869 I-1.503 J-1.668 E.01399
G1 X85.798 Y142.387 E.25447
G1 X85.42 Y142.387 E.0113
G1 X85.42 Y134.076 E.24828
G3 X85.042 Y134.226 I-3.191 J-7.507 E.01215
G1 X85.042 Y142.387 E.24381
G1 X84.664 Y142.387 E.0113
G1 X84.664 Y134.322 E.24092
G3 X84.285 Y134.375 I-.439 J-1.768 E.01143
G1 X84.285 Y142.387 E.23935
G1 X83.907 Y142.387 E.0113
G1 X83.907 Y134.385 E.23905
G3 X83.529 Y134.353 I-.037 J-1.81 E.01136
G1 X83.529 Y142.387 E.24001
G1 X83.151 Y142.387 E.0113
G1 X83.151 Y134.277 E.24227
G3 X82.773 Y134.155 I.391 J-1.856 E.01189
G1 X82.773 Y142.387 E.24592
G1 X82.395 Y142.387 E.0113
G1 X82.395 Y133.981 E.2511
G3 X82.017 Y133.748 I.916 J-1.91 E.01329
G1 X82.017 Y142.387 E.25807
G3 X81.638 Y142.368 I.653 J-16.614 E.01131
G1 X81.638 Y133.426 E.26713
G3 X81.26 Y132.996 I1.853 J-2.011 E.01714
G1 X81.26 Y142.48 E.28331
G1 E-1.75 F6000
;WIPE_START
G1 F1800
G1 X81.26 Y141.48 E-.75
;WIPE_END
G1 X82.913 Y138.04 Z7.44 F18000
G1 X86.933 Y129.673 Z7.44
G1 Z7.24
G1 E2.5 F6000
G1 F1800
G1 X86.933 Y90.7 E1.16418
G3 X86.554 Y91.225 I-2.696 J-1.543 E.01936
G1 X86.554 Y128.775 E1.12169
G2 X86.176 Y128.406 I-2.933 J2.629 E.01579
G1 X86.176 Y91.594 E1.09965
G3 X85.798 Y91.869 I-1.502 J-1.668 E.01399
G1 X85.798 Y128.131 E1.08322
G2 X85.42 Y127.924 I-1.171 J1.69 E.0129
G1 X85.42 Y92.076 E1.07085
G3 X85.042 Y92.226 I-3.19 J-7.504 E.01215
G1 X85.042 Y127.774 E1.0619
G2 X84.664 Y127.678 I-.651 J1.755 E.01168
G1 X84.664 Y92.322 E1.05612
G3 X84.285 Y92.375 I-.439 J-1.768 E.01143
G1 X84.285 Y127.625 E1.05298
G2 X83.907 Y127.615 I-.237 J1.798 E.01132
G1 X83.907 Y92.385 E1.05237
G3 X83.529 Y92.353 I-.037 J-1.81 E.01136
G1 X83.529 Y127.649 E1.05434
G2 X83.151 Y127.723 I.138 J1.707 E.01153
G1 X83.151 Y92.277 E1.05882
G3 X82.773 Y92.155 I.391 J-1.856 E.01189
G1 X82.773 Y127.845 E1.06611
G2 X82.395 Y128.019 I.639 J1.89 E.01245
G1 X82.395 Y91.981 E1.07649
G3 X82.017 Y91.748 I.916 J-1.91 E.01329
G1 X82.017 Y128.252 E1.09041
G2 X81.638 Y128.574 I2.986 J3.884 E.01485
G1 X81.638 Y91.426 E1.10968
G3 X81.26 Y90.996 I1.853 J-2.011 E.01714
G1 X81.26 Y129.315 E1.14465
G1 E-1.75 F6000
;WIPE_START
G1 F1800
G1 X81.26 Y128.315 E-.75
;WIPE_END
G1 X81.788 Y124.535 Z7.44 F18000
G1 X86.933 Y87.673 Z7.44
G1 Z7.24
G1 E2.5 F6000
G1 F1800
G1 X86.933 Y77.613 E.30051
G1 X86.554 Y77.613 E.0113
G1 X86.554 Y86.775 E.27371
G2 X86.176 Y86.406 I-2.933 J2.628 E.01579
G1 X86.176 Y77.613 E.26269
G1 X85.798 Y77.613 E.0113
G1 X85.798 Y86.131 E.25447
G2 X85.42 Y85.924 I-1.171 J1.69 E.0129
G1 X85.42 Y77.613 E.24828
G1 X85.042 Y77.613 E.0113
G1 X85.042 Y85.774 E.24381
G2 X84.664 Y85.678 I-.651 J1.755 E.01168
G1 X84.664 Y77.613 E.24092
G1 X84.285 Y77.613 E.0113
G1 X84.285 Y85.625 E.23935
G2 X83.907 Y85.615 I-.237 J1.798 E.01132
G1 X83.907 Y77.613 E.23905
G1 X83.529 Y77.613 E.0113
G1 X83.529 Y85.649 E.24006
G2 X83.151 Y85.723 I.138 J1.707 E.01153
G1 X83.151 Y77.613 E.24227
G1 X82.773 Y77.613 E.0113
G1 X82.773 Y85.845 E.24592
G2 X82.395 Y86.019 I.639 J1.89 E.01245
G1 X82.395 Y77.613 E.2511
G1 X82.017 Y77.613 E.0113
G1 X82.017 Y86.252 E.25807
G2 X81.638 Y86.574 I2.986 J3.885 E.01485
G1 X81.638 Y77.632 E.26712
G2 X81.26 Y77.696 I.116 J1.841 E.01148
G1 X81.26 Y87.315 E.28734
G1 E-1.75 F6000
;WIPE_START
G1 F1800
G1 X81.26 Y86.315 E-.75
;WIPE_END
G1 X81.094 Y82.502 Z7.44 F18000
G1 X80.882 Y77.623 Z7.44
G1 Z7.24
G1 E2.5 F6000
G1 F1800
G1 X80.882 Y87.676 E.3003
G2 X80.882 Y90.324 I3.083 J1.324 E.0813
G1 X80.882 Y129.676 E1.17552
G2 X80.882 Y132.324 I3.083 J1.324 E.08129
G1 X80.882 Y142.195 E.29487
G3 X80.504 Y142.035 I.576 J-1.887 E.01229
G1 X80.504 Y77.965 E1.91387
G2 X80.126 Y78.183 I.846 J1.907 E.01306
G1 X80.126 Y141.817 E1.90085
G3 X79.748 Y141.53 I1.173 J-1.936 E.01422
G1 X79.748 Y78.47 E1.88368
G2 X79.369 Y78.872 I3.018 J3.219 E.01649
G1 X79.369 Y141.128 E1.85967
G3 X78.991 Y140.548 I2.627 J-2.126 E.02072
G1 X78.991 Y79.452 E1.82501
G2 X78.613 Y80.978 I3.066 J1.57 E.04736
G1 X78.613 Y140.088 E1.76573
G1 X78.784 Y140.263 F18000
M204 P2000
;TYPE:Gap infill
;WIDTH:0.088171
G1 F6000
G1 X78.751 Y140.088 E.00064
G1 E-2.32199
;WIPE_START
G1 X78.784 Y140.263 E-.17801
;WIPE_END
G1 X79.943 Y136.628 Z7.44 F18000
G1 X81.154 Y132.833 Z7.44
G1 Z7.24
G1 E2.5 F6000
;WIDTH:0.1208
G1 X81.086 Y132.582 E.0016
G1 E-2.24008
;WIPE_START
G1 X81.154 Y132.833 E-.25992
;WIPE_END
G1 X84.965 Y132.637 Z7.44 F18000
G1 X87.03 Y132.531 Z7.44
G1 Z7.24
G1 E2.5 F6000
;WIDTH:0.155552
G1 X87.066 Y132.362 E.00154
;WIDTH:0.137768
G1 X87.085 Y132.262 E.00076
;WIDTH:0.121235
G1 X87.103 Y132.161 E.00063
G1 E-2.39799
;WIPE_START
G1 X87.085 Y132.262 E-.10201
;WIPE_END
G1 X87.103 Y129.839 Z7.44 F18000
G1 Z7.24
G1 E2.5 F6000
;WIDTH:0.08817
G1 X87.072 Y129.673 E.0006
G1 X86.729 Y129.12 F18000
;WIDTH:0.12387
G1 F6000
G1 X86.669 Y128.935 E.00124
G1 E-2.30564
;WIPE_START
G1 X86.729 Y129.12 E-.19436
;WIPE_END
G1 X86.729 Y125.304 Z7.44 F18000
G1 X86.729 Y87.12 Z7.44
G1 Z7.24
G1 E2.5 F6000
;WIDTH:0.123873
G1 X86.669 Y86.935 E.00124
G1 E-2.30564
;WIPE_START
G1 X86.729 Y87.12 E-.19436
;WIPE_END
G1 X87.103 Y87.839 Z7.44 F18000
G1 Z7.24
G1 E2.5 F6000
;WIDTH:0.08817
G1 X87.072 Y87.673 E.0006
G1 E-2.3312
;WIPE_START
G1 X87.103 Y87.839 E-.1688
;WIPE_END
G1 X87.03 Y90.531 Z7.44 F18000
G1 Z7.24
G1 E2.5 F6000
;WIDTH:0.155556
G1 X87.066 Y90.362 E.00154
;WIDTH:0.137771
G1 X87.085 Y90.262 E.00076
;WIDTH:0.121238
G1 X87.103 Y90.161 E.00063
G1 E-2.39799
;WIPE_START
G1 X87.085 Y90.262 E-.10201
;WIPE_END
G1 X83.286 Y90.628 Z7.44 F18000
G1 X81.154 Y90.833 Z7.44
G1 Z7.24
G1 E2.5 F6000
;WIDTH:0.120796
G1 X81.086 Y90.582 E.0016
G1 E-2.24009
;WIPE_START
G1 X81.154 Y90.833 E-.25991
;WIPE_END
G1 X84.909 Y90.152 Z7.44 F18000
G1 X141.16 Y79.946 Z7.44
G1 X141.249 Y79.912
G1 Z7.24
G1 E2.5 F6000
;WIDTH:0.12892
G1 X141.216 Y79.737 E.00121
G1 E-2.32192
;WIPE_START
G1 X141.249 Y79.912 E-.17808
;WIPE_END
G1 X140.429 Y83.639 Z7.44 F18000
G1 X138.846 Y90.833 Z7.44
G1 Z7.24
G1 E2.5 F6000
;WIDTH:0.120857
G1 X138.914 Y90.582 E.0016
G1 E-2.24004
;WIPE_START
G1 X138.846 Y90.833 E-.25996
;WIPE_END
G1 X135.73 Y88.63 Z7.44 F18000
G1 X133.331 Y86.935 Z7.44
G1 Z7.24
G1 E2.5 F6000
;WIDTH:0.12659
G1 X133.271 Y87.12 E.00128
G1 X132.928 Y87.673 F18000
;WIDTH:0.12604
G1 F6000
G1 X132.897 Y87.839 E.00111
G1 E-2.33124
;WIPE_START
G1 X132.928 Y87.673 E-.16876
;WIPE_END
G1 X132.97 Y90.532 Z7.44 F18000
G1 Z7.24
G1 E2.5 F6000
;WIDTH:0.155484
G1 X132.934 Y90.362 E.00154
;WIDTH:0.137718
G1 X132.915 Y90.262 E.00076
;WIDTH:0.121202
G1 X132.897 Y90.161 E.00063
G1 E-2.39809
;WIPE_START
G1 X132.915 Y90.262 E-.10191
;WIPE_END
G1 X132.92 Y94.078 Z7.44 F18000
G1 X132.97 Y132.532 Z7.44
G1 Z7.24
G1 E2.5 F6000
;WIDTH:0.155489
G1 X132.934 Y132.362 E.00154
;WIDTH:0.137721
G1 X132.915 Y132.262 E.00076
;WIDTH:0.121204
G1 X132.897 Y132.161 E.00063
G1 E-2.39808
;WIPE_START
G1 X132.915 Y132.262 E-.10192
;WIPE_END
G1 X132.928 Y129.673 Z7.44 F18000
G1 Z7.24
G1 E2.5 F6000
;WIDTH:0.126039
G1 X132.897 Y129.839 E.00111
G1 E-2.33124
;WIPE_START
G1 X132.928 Y129.673 E-.16876
;WIPE_END
G1 X133.331 Y128.935 Z7.44 F18000
G1 Z7.24
G1 E2.5 F6000
;WIDTH:0.126594
G1 X133.271 Y129.12 E.00128
G1 E-2.30566
;WIPE_START
G1 X133.331 Y128.935 E-.19434
;WIPE_END
G1 X136.447 Y131.137 Z7.44 F18000
G1 X138.846 Y132.833 Z7.44
G1 Z7.24
G1 E2.5 F6000
;WIDTH:0.120853
G1 X138.914 Y132.582 E.0016
G1 E-2.24004
;WIPE_START
G1 X138.846 Y132.833 E-.25996
;WIPE_END
G1 X140.608 Y136.218 Z7.44 F18000
G1 X142.499 Y139.851 Z7.44
G1 Z7.24
G1 E2.5 F6000
;WIDTH:0.538637
G1 F5096.286
G2 X142.54 Y139.034 I-12.584 J-1.04 E.03206
G1 X142.54 Y80.953 E2.27432
G2 X142.499 Y80.149 I-7.939 J-.001 E.03156
G1 X142.295 Y79.771 F18000
;TYPE:Internal solid infill
;WIDTH:0.419999
G1 F6000
G1 X142.599 Y79.748 E.00906
G1 X142.599 Y78.086 E.04948
G1 X142.528 Y77.588 E.015
G1 X142.381 Y77.202 E.01228
G1 X142.132 Y76.885 E.01203
G1 X141.809 Y76.644 E.01201
G1 X141.393 Y76.469 E.01343
G1 X140.913 Y76.401 E.01445
G1 X139.252 Y76.401 E.04945
G1 X139.229 Y76.695 E.00877
G1 X140.223 Y77.109 E.03208
G1 X140.986 Y77.658 E.028
G1 X141.614 Y78.35 E.02782
G1 X142.086 Y79.159 E.02791
G1 X142.276 Y79.715 E.01749
G1 X142.167 Y78.437 F18000
;WIDTH:0.514688
G1 F5355.005
G1 X142.167 Y78.086 E.01305
G1 X142.085 Y77.598 E.01844
G1 X141.859 Y77.226 E.01623
G2 X141.33 Y76.876 I-1.083 J1.061 E.02381
G2 X140.525 Y76.813 I-.611 J2.644 E.03021
G3 X141.49 Y77.559 I-3.905 J6.047 E.04549
G1 X141.935 Y78.061 E.02499
G1 X142.136 Y78.386 E.01423
G1 X142.305 Y140.229 F18000
;WIDTH:0.419999
G1 F6000
G1 X141.891 Y141.223 E.03208
G1 X141.343 Y141.984 E.02792
G1 X140.65 Y142.614 E.0279
G1 X139.841 Y143.086 E.02791
G1 X139.229 Y143.295 E.01927
G1 X139.252 Y143.599 E.00906
G1 X140.98 Y143.596 E.05147
G1 X141.395 Y143.54 E.01246
G2 X142.305 Y142.903 I-.476 J-1.649 E.03368
G1 X142.515 Y142.498 E.01359
G1 X142.599 Y141.954 E.0164
G1 X142.599 Y140.252 E.05068
G1 X142.365 Y140.234 E.00699
G1 X142.173 Y141.567 F18000
;WIDTH:0.527553
G1 F5212.843
G1 X141.688 Y142.234 E.03159
G3 X140.836 Y143.014 I-6.669 J-6.432 E.04424
G1 X140.577 Y143.163 E.01143
G1 X141.222 Y143.134 E.02471
G1 X141.491 Y143.045 E.01084
G1 X141.86 Y142.774 E.01752
G1 X142.068 Y142.454 E.01462
G1 X142.172 Y141.93 E.02046
G1 X142.173 Y141.627 E.01159
; stop printing object top_plate.stl id:4734322866433739561 copy 0
M106 S127
;LAYER_CHANGE
;Z:7.44
;HEIGHT:0.2
G92 E0 ; zero the extruded length again
; BEFORE_LAYER_CHANGE 36 @ 7.44mm
G1 E-1.75 F6000
;WIPE_START
G1 F5212.843
G1 X142.172 Y141.93 E-.22715
G1 X142.068 Y142.454 E-.4009
G1 X141.98 Y142.591 E-.12195
;WIPE_END
; AFTER_LAYER_CHANGE 36 @ 7.44mm
;_SET_FAN_SPEED_CHANGING_LAYER
; printing object top_plate.stl id:4734322866433739561 copy 0
G17
G3 Z7.64 I-.537 J-.285 P1  F18000
G1 X141.026 Y144.387 Z7.64
G1 X141.047 Y144.787
G1 Z7.44
G1 E2.5 F6000
M204 P1000
;TYPE:Outer wall
;WIDTH:0.42
G1 F3600
G1 X140.995 Y144.79 E.00155
G1 X79.005 Y144.79 E1.84644
G3 X76.21 Y141.995 I.004 J-2.8 E.13074
G1 X76.21 Y78.005 E1.90602
G3 X79.005 Y75.21 I2.8 J.005 E.13074
G1 X140.995 Y75.21 E1.84644
G1 X141.292 Y75.226 E.00886
G3 X143.79 Y78.005 I-.294 J2.777 E.12197
G1 X143.79 Y141.995 E1.90601
G3 X141.292 Y144.774 I-2.8 J-.004 E.12188
G1 X141.106 Y144.784 E.00552
G1 X141.085 Y144.384 F18000
G1 X141.026 Y144.387
G1 X141.026 Y144.396
M204 P1500
;TYPE:Inner wall
;WIDTH:0.45
G1 F6000
G1 X140.984 Y144.398 E.00135
G1 X79.016 Y144.398 E1.99268
G3 X76.602 Y141.984 I-.006 J-2.408 E.122
G1 X76.602 Y78.016 E2.057
G3 X79.016 Y75.602 I2.408 J-.006 E.12199
G1 X140.984 Y75.602 E1.99268
G1 X141.251 Y75.616 E.00857
G3 X143.398 Y78.016 I-.259 J2.392 E.11345
G1 X143.398 Y141.984 E2.05699
G3 X141.251 Y144.384 I-2.408 J.006 E.11342
G1 X141.086 Y144.393 E.0053
G1 X140.974 Y143.991 F18000
G1 F6000
G1 X79.026 Y143.991 E1.992
G3 X77.009 Y141.974 I-.016 J-2.001 E.10212
G1 X77.009 Y78.026 E2.05631
G3 X79.026 Y76.009 I2.001 J-.016 E.10212
G1 X140.974 Y76.009 E1.992
G1 X141.208 Y76.021 E.00754
G3 X142.991 Y78.026 I-.241 J2.01 E.09432
G1 X142.991 Y141.974 E2.05631
G3 X141.033 Y143.99 I-2.001 J.016 E.1002
G1 E-1.75
;WIPE_START
G1 X140.033 Y143.99 E-.75
;WIPE_END
G1 X140.033 Y144.389 Z7.64 F18000
G1 X138.029 Y142.71
G1 X138.008 Y142.31
G1 Z7.44
G1 E2.5 F6000
M204 P1000
;TYPE:Outer wall
;WIDTH:0.42
G1 F3600
G2 X141.31 Y139.008 I-.018 J-3.32 E.15426
G1 X141.31 Y80.992 E1.7281
G2 X138.008 Y77.69 I-3.32 J.018 E.15426
G1 X81.992 Y77.69 E1.66853
G2 X78.69 Y80.992 I.018 J3.32 E.15426
G1 X78.69 Y139.008 E1.7281
G2 X81.992 Y142.31 I3.32 J-.018 E.15426
G1 X137.948 Y142.31 E1.66674
G1 X137.948 Y142.711 F18000
G1 X138.019 Y142.711
G1 X138.029 Y142.71
G1 X138.028 Y142.702
M204 P1500
;TYPE:Inner wall
;WIDTH:0.45
G1 F6000
G1 X138.387 Y142.681 E.01155
G2 X141.702 Y139.018 I-.397 J-3.691 E.1738
G1 X141.702 Y80.982 E1.86625
G2 X138.018 Y77.298 I-3.712 J.029 E.18568
G1 X81.982 Y77.298 E1.80194
G2 X78.298 Y80.982 I.029 J3.712 E.18568
G1 X78.298 Y139.018 E1.86625
G2 X81.982 Y142.702 I3.712 J-.029 E.18568
G1 X137.968 Y142.702 E1.80032
G1 X138.049 Y143.108 F18000
G1 F6000
G1 X138.43 Y143.086 E.01226
G2 X142.109 Y139.029 I-.44 J-4.096 E.19265
G1 X142.109 Y80.971 E1.86693
G2 X138.029 Y76.891 I-4.12 J.039 E.20556
G1 X81.971 Y76.891 E1.80262
G2 X77.891 Y80.971 I.039 J4.12 E.20556
G1 X77.891 Y139.029 E1.86693
G2 X81.971 Y143.109 I4.12 J-.039 E.20556
G1 X137.989 Y143.109 E1.80134
G1 X138.464 Y143.539 F18000
M204 P2000
;TYPE:Gap infill
;WIDTH:0.517702
G1 F5321.006
G1 X81.953 Y143.55 E2.1194
G3 X81.51 Y143.538 I.011 J-8.423 E.01664
;WIDTH:0.542412
G1 F5057.77
G1 X81.069 Y143.503 E.01745
G1 X77.706 Y140.308 F18000
;TYPE:Internal solid infill
;WIDTH:0.419999
G1 F6000
G1 X77.401 Y140.332 E.0091
G1 X77.404 Y141.98 E.04908
G1 X77.46 Y142.394 E.01244
G2 X78.097 Y143.305 I1.649 J-.475 E.03372
G1 X78.502 Y143.515 E.01359
G1 X79.046 Y143.599 E.0164
G1 X80.668 Y143.599 E.04831
G1 X80.691 Y143.305 E.00878
G1 X79.766 Y142.909 E.02997
G1 X79.002 Y142.359 E.02805
G1 X78.369 Y141.662 E.02802
G1 X77.895 Y140.849 E.02804
G1 X77.726 Y140.365 E.01529
G1 X77.831 Y141.599 F18000
;WIDTH:0.516977
G1 F5329.146
G1 X77.861 Y142.224 E.02342
G1 X77.95 Y142.493 E.0106
G1 X78.222 Y142.864 E.01724
G1 X78.54 Y143.071 E.0142
G1 X79.07 Y143.177 E.02026
G1 X79.414 Y143.178 E.01288
G1 X78.755 Y142.699 E.03053
G3 X77.974 Y141.845 I6.486 J-6.721 E.04336
G1 X77.861 Y141.651 E.0084
G1 X77.497 Y139.931 F18000
;TYPE:Gap infill
;WIDTH:0.542407
G1 F5057.828
G1 X77.462 Y139.49 E.01746
;WIDTH:0.517696
G1 F5321.074
G3 X77.45 Y139.047 I8.422 J-.455 E.01664
G1 X77.461 Y80.536 E2.19438
;WIDTH:0.555558
G1 F4928.073
G3 X77.497 Y80.069 I8.928 J.456 E.01898
G1 X77.695 Y79.691 F18000
;TYPE:Internal solid infill
;WIDTH:0.419999
G1 F6000
G1 X78.091 Y78.766 E.02997
G1 X78.641 Y78.002 E.02805
G1 X79.338 Y77.369 E.02802
G1 X80.151 Y76.895 E.02804
G1 X80.692 Y76.706 E.01708
G1 X80.668 Y76.401 E.0091
G1 X79.02 Y76.404 E.04908
G1 X78.606 Y76.46 E.01244
G2 X77.695 Y77.097 I.475 J1.649 E.03372
G1 X77.485 Y77.502 E.01359
G1 X77.401 Y78.046 E.0164
G1 X77.401 Y79.668 E.04831
G1 X77.635 Y79.686 E.00699
G1 X77.822 Y78.414 F18000
;WIDTH:0.517213
G1 F5326.494
G1 X78.301 Y77.755 E.03054
G3 X79.155 Y76.974 I6.721 J6.485 E.04338
G1 X79.401 Y76.831 E.01065
G1 X78.776 Y76.861 E.02343
G1 X78.507 Y76.95 E.01061
G1 X78.136 Y77.222 E.01725
G1 X77.929 Y77.54 E.01421
G1 X77.823 Y78.07 E.02026
G1 X77.822 Y78.354 E.01064
G1 X81.069 Y76.497 F18000
;TYPE:Gap infill
;WIDTH:0.542406
G1 F5057.831
G1 X81.51 Y76.462 E.01746
;WIDTH:0.517702
G1 F5321.007
G3 X81.953 Y76.45 I.455 J8.421 E.01664
G1 X138.464 Y76.461 E2.1194
;WIDTH:0.555558
G1 F4928.073
G3 X138.931 Y76.497 I-.456 J8.928 E.01898
G1 X142.294 Y79.692 F18000
;TYPE:Internal solid infill
;WIDTH:0.419999
G1 F6000
G1 X142.599 Y79.668 E.0091
G1 X142.599 Y78.086 E.04713
G1 X142.528 Y77.586 E.01502
G1 X142.381 Y77.202 E.01224
G1 X142.133 Y76.885 E.012
G1 X141.81 Y76.645 E.01199
G1 X141.395 Y76.469 E.01343
G1 X140.914 Y76.401 E.01448
G1 X139.332 Y76.401 E.0471
G1 X139.309 Y76.695 E.00878
G1 X140.234 Y77.091 E.02997
G1 X141 Y77.643 E.02813
G1 X141.631 Y78.338 E.02795
G1 X142.105 Y79.151 E.02804
G1 X142.274 Y79.635 E.01529
G1 X142.172 Y78.415 F18000
;WIDTH:0.504446
G1 F5473.833
G1 X142.172 Y78.086 E.01201
G1 X142.091 Y77.598 E.01804
G1 X141.878 Y77.244 E.01506
G2 X141.333 Y76.871 I-1.07 J.982 E.02428
G2 X140.544 Y76.808 I-.604 J2.587 E.02896
G3 X141.501 Y77.549 I-3.919 J6.053 E.04418
G1 X141.948 Y78.052 E.02453
G1 X142.141 Y78.364 E.01337
G1 X142.503 Y80.069 F18000
;TYPE:Gap infill
;WIDTH:0.542411
G1 F5057.785
G1 X142.538 Y80.51 E.01745
;WIDTH:0.517696
G1 F5321.073
G3 X142.55 Y80.953 I-8.411 J.455 E.01664
G1 X142.539 Y139.464 E2.19438
;WIDTH:0.555563
G1 F4928.025
G3 X142.503 Y139.931 I-8.931 J-.456 E.01898
G1 X142.305 Y140.309 F18000
;TYPE:Internal solid infill
;WIDTH:0.419999
G1 F6000
G1 X141.909 Y141.234 E.02997
G1 X141.359 Y141.998 E.02805
G1 X140.662 Y142.631 E.02802
G1 X139.849 Y143.105 E.02804
G1 X139.308 Y143.294 E.01708
G1 X139.332 Y143.599 E.0091
G1 X140.98 Y143.596 E.04908
G1 X141.394 Y143.54 E.01245
G2 X142.305 Y142.903 I-.475 J-1.649 E.03372
G1 X142.515 Y142.498 E.01359
G1 X142.599 Y141.954 E.0164
G1 X142.599 Y140.332 E.04831
G1 X142.365 Y140.314 E.00699
G1 X142.178 Y141.586 F18000
;WIDTH:0.517213
G1 F5326.496
G1 X141.699 Y142.245 E.03054
G3 X140.845 Y143.026 I-6.72 J-6.485 E.04338
G1 X140.599 Y143.169 E.01065
G1 X141.224 Y143.139 E.02343
G1 X141.493 Y143.05 E.01061
G1 X141.864 Y142.778 E.01725
G1 X142.071 Y142.46 E.01421
G1 X142.177 Y141.93 E.02027
G1 X142.178 Y141.646 E.01064
G1 X138.931 Y143.503 F18000
;TYPE:Gap infill
;WIDTH:0.555563
G1 F4928.029
G3 X138.464 Y143.539 I-.923 J-8.893 E.01898
; stop printing object top_plate.stl id:4734322866433739561 copy 0
;LAYER_CHANGE
;Z:7.64
;HEIGHT:0.2
G92 E0 ; zero the extruded length again
; BEFORE_LAYER_CHANGE 37 @ 7.64mm
G1 E-1.9295 F6000
;WIPE_START
G1 F4928.029
G1 X138.931 Y143.503 E-.5705
;WIPE_END
; AFTER_LAYER_CHANGE 37 @ 7.64mm
;_SET_FAN_SPEED_CHANGING_LAYER
; printing object top_plate.stl id:4734322866433739561 copy 0
G17
G3 Z7.84 I-.233 J.562 P1  F18000
G1 X141.062 Y144.385 Z7.84
G1 X141.083 Y144.785
G1 Z7.64
G1 E2.5 F6000
M204 P1000
;TYPE:Outer wall
;WIDTH:0.42
G1 F3600
G1 X140.995 Y144.79 E.00263
G1 X79.005 Y144.79 E1.84644
G3 X76.21 Y141.995 I.004 J-2.8 E.13074
G1 X76.21 Y78.005 E1.90602
G3 X79.005 Y75.21 I2.8 J.005 E.13074
G1 X140.995 Y75.21 E1.84644
G1 X141.292 Y75.226 E.00886
G3 X143.79 Y78.005 I-.294 J2.777 E.12197
G1 X143.79 Y141.995 E1.90601
G3 X141.292 Y144.774 I-2.8 J-.004 E.12188
G1 X141.143 Y144.782 E.00445
G1 X141.122 Y144.382 F18000
G1 X141.062 Y144.385
G1 X141.062 Y144.394
M204 P1500
;TYPE:Inner wall
;WIDTH:0.45
G1 F6000
G1 X140.984 Y144.398 E.00251
G1 X79.016 Y144.398 E1.99268
G3 X76.602 Y141.984 I-.006 J-2.408 E.122
G1 X76.602 Y78.016 E2.057
G3 X79.016 Y75.602 I2.408 J-.006 E.12199
G1 X140.984 Y75.602 E1.99268
G1 X141.251 Y75.616 E.00857
G3 X143.398 Y78.016 I-.259 J2.392 E.11345
G1 X143.398 Y141.984 E2.05699
G3 X141.251 Y144.384 I-2.408 J.006 E.11342
G1 X141.122 Y144.391 E.00414
G1 X141.001 Y143.988 F18000
G1 F6000
G1 X140.974 Y143.991 E.00089
G1 X79.026 Y143.991 E1.992
G3 X77.009 Y141.974 I-.016 J-2.001 E.10212
G1 X77.009 Y78.026 E2.05631
G3 X79.026 Y76.009 I2.001 J-.016 E.10212
G1 X140.974 Y76.009 E1.992
G1 X141.208 Y76.021 E.00754
G3 X142.991 Y78.026 I-.241 J2.01 E.09432
G1 X142.991 Y141.974 E2.05631
G3 X141.414 Y143.946 I-2.001 J.016 E.08787
G1 X141.061 Y143.982 E.01141
G1 E-1.75
;WIPE_START
G1 X140.974 Y143.991 E-.06568
G1 X140.061 Y143.991 E-.68432
;WIPE_END
G1 X140.061 Y144.389 Z7.84 F18000
G1 X138.029 Y142.71
G1 X138.008 Y142.31
G1 Z7.64
G1 E2.5 F6000
M204 P1000
;TYPE:Outer wall
;WIDTH:0.42
G1 F3600
G2 X141.31 Y139.008 I-.018 J-3.32 E.15426
G1 X141.31 Y80.992 E1.7281
G2 X138.008 Y77.69 I-3.32 J.018 E.15426
G1 X81.992 Y77.69 E1.66853
G2 X78.69 Y80.992 I.018 J3.32 E.15426
G1 X78.69 Y139.008 E1.7281
G2 X81.992 Y142.31 I3.32 J-.018 E.15426
G1 X137.948 Y142.31 E1.66674
G1 X137.948 Y142.711 F18000
G1 X138.019 Y142.711
G1 X138.029 Y142.71
G1 X138.028 Y142.702
M204 P1500
;TYPE:Inner wall
;WIDTH:0.45
G1 F6000
G1 X138.387 Y142.681 E.01155
G2 X141.702 Y139.018 I-.397 J-3.691 E.1738
G1 X141.702 Y80.982 E1.86625
G2 X138.018 Y77.298 I-3.712 J.029 E.18568
G1 X81.982 Y77.298 E1.80194
G2 X78.298 Y80.982 I.029 J3.712 E.18568
G1 X78.298 Y139.018 E1.86625
G2 X81.982 Y142.702 I3.712 J-.029 E.18568
G1 X137.968 Y142.702 E1.80032
G1 X138.049 Y143.108 F18000
G1 F6000
G1 X138.43 Y143.086 E.01226
G2 X142.109 Y139.029 I-.44 J-4.096 E.19265
G1 X142.109 Y80.971 E1.86693
G2 X138.029 Y76.891 I-4.12 J.039 E.20556
G1 X81.971 Y76.891 E1.80262
G2 X77.891 Y80.971 I.039 J4.12 E.20556
G1 X77.891 Y139.029 E1.86693
G2 X81.971 Y143.109 I4.12 J-.039 E.20556
G1 X137.989 Y143.109 E1.80134
G1 X138.464 Y143.539 F18000
M204 P2000
;TYPE:Gap infill
;WIDTH:0.517702
G1 F5321.006
G1 X81.953 Y143.55 E2.1194
G3 X81.51 Y143.538 I.011 J-8.423 E.01664
;WIDTH:0.542412
G1 F5057.77
G1 X81.069 Y143.503 E.01745
G1 X77.706 Y140.308 F18000
;TYPE:Internal solid infill
;WIDTH:0.419999
G1 F6000
G1 X77.401 Y140.332 E.0091
G1 X77.404 Y141.98 E.04908
G1 X77.46 Y142.394 E.01244
G2 X78.097 Y143.305 I1.649 J-.475 E.03372
G1 X78.502 Y143.515 E.01359
G1 X79.046 Y143.599 E.0164
G1 X80.668 Y143.599 E.04831
G1 X80.691 Y143.305 E.00878
G1 X79.766 Y142.909 E.02997
G1 X79.002 Y142.359 E.02805
G1 X78.369 Y141.662 E.02802
G1 X77.895 Y140.849 E.02804
G1 X77.726 Y140.365 E.01529
G1 X77.831 Y141.599 F18000
;WIDTH:0.516976
G1 F5329.159
G1 X77.861 Y142.224 E.02342
G1 X77.95 Y142.493 E.01061
G1 X78.222 Y142.864 E.01724
G1 X78.54 Y143.071 E.0142
G1 X79.07 Y143.177 E.02026
G1 X79.414 Y143.178 E.01288
G1 X78.755 Y142.699 E.03053
G3 X77.974 Y141.845 I6.486 J-6.721 E.04336
G1 X77.861 Y141.651 E.0084
G1 X77.497 Y139.931 F18000
;TYPE:Gap infill
;WIDTH:0.542407
G1 F5057.828
G1 X77.462 Y139.49 E.01746
;WIDTH:0.517696
G1 F5321.074
G3 X77.45 Y139.047 I8.422 J-.455 E.01664
G1 X77.461 Y80.536 E2.19438
;WIDTH:0.555558
G1 F4928.073
G3 X77.497 Y80.069 I8.928 J.456 E.01898
G1 X77.695 Y79.691 F18000
;TYPE:Internal solid infill
;WIDTH:0.419999
G1 F6000
G1 X78.091 Y78.766 E.02997
G1 X78.641 Y78.002 E.02805
G1 X79.338 Y77.369 E.02802
G1 X80.151 Y76.895 E.02804
G1 X80.692 Y76.706 E.01708
G1 X80.668 Y76.401 E.0091
G1 X79.02 Y76.404 E.04908
G1 X78.606 Y76.46 E.01244
G2 X77.695 Y77.097 I.475 J1.649 E.03372
G1 X77.485 Y77.502 E.01359
G1 X77.401 Y78.046 E.0164
G1 X77.401 Y79.668 E.04831
G1 X77.635 Y79.686 E.00699
G1 X77.822 Y78.414 F18000
;WIDTH:0.517215
G1 F5326.472
G1 X78.301 Y77.755 E.03054
G3 X79.155 Y76.974 I6.721 J6.486 E.04338
G1 X79.401 Y76.831 E.01065
G1 X78.776 Y76.861 E.02343
G1 X78.507 Y76.95 E.01061
G1 X78.136 Y77.222 E.01725
G1 X77.929 Y77.54 E.01421
G1 X77.823 Y78.07 E.02026
G1 X77.822 Y78.354 E.01064
G1 X81.069 Y76.497 F18000
;TYPE:Gap infill
;WIDTH:0.542406
G1 F5057.831
G1 X81.51 Y76.462 E.01746
;WIDTH:0.517702
G1 F5321.007
G3 X81.953 Y76.45 I.455 J8.421 E.01664
G1 X138.464 Y76.461 E2.1194
;WIDTH:0.555558
G1 F4928.073
G3 X138.931 Y76.497 I-.456 J8.928 E.01898
G1 X142.294 Y79.692 F18000
;TYPE:Internal solid infill
;WIDTH:0.419999
G1 F6000
G1 X142.599 Y79.668 E.0091
G1 X142.599 Y78.086 E.04713
G1 X142.528 Y77.586 E.01502
G1 X142.381 Y77.202 E.01224
G1 X142.133 Y76.885 E.012
G1 X141.81 Y76.645 E.01199
G1 X141.395 Y76.469 E.01343
G1 X140.914 Y76.401 E.01448
G1 X139.332 Y76.401 E.0471
G1 X139.309 Y76.695 E.00878
G1 X140.234 Y77.091 E.02997
G1 X141 Y77.643 E.02813
G1 X141.631 Y78.338 E.02795
G1 X142.105 Y79.151 E.02804
G1 X142.274 Y79.635 E.01529
G1 X142.172 Y78.415 F18000
;WIDTH:0.504446
G1 F5473.835
G1 X142.172 Y78.086 E.01201
G1 X142.091 Y77.598 E.01804
G1 X141.878 Y77.244 E.01506
G2 X141.333 Y76.871 I-1.07 J.982 E.02428
G2 X140.544 Y76.808 I-.604 J2.587 E.02896
G3 X141.501 Y77.549 I-3.919 J6.053 E.04418
G1 X141.947 Y78.052 E.02453
G1 X142.141 Y78.364 E.01337
G1 X142.503 Y80.069 F18000
;TYPE:Gap infill
;WIDTH:0.542411
G1 F5057.785
G1 X142.538 Y80.51 E.01745
;WIDTH:0.517696
G1 F5321.073
G3 X142.55 Y80.953 I-8.411 J.455 E.01664
G1 X142.539 Y139.464 E2.19438
;WIDTH:0.555563
G1 F4928.025
G3 X142.503 Y139.931 I-8.931 J-.456 E.01898
G1 X142.305 Y140.309 F18000
;TYPE:Internal solid infill
;WIDTH:0.419999
G1 F6000
G1 X141.909 Y141.234 E.02997
G1 X141.359 Y141.998 E.02805
G1 X140.662 Y142.631 E.02802
G1 X139.849 Y143.105 E.02804
G1 X139.308 Y143.294 E.01708
G1 X139.332 Y143.599 E.0091
G1 X140.98 Y143.596 E.04908
G1 X141.394 Y143.54 E.01245
G2 X142.305 Y142.903 I-.475 J-1.649 E.03372
G1 X142.515 Y142.498 E.01359
G1 X142.599 Y141.954 E.0164
G1 X142.599 Y140.332 E.04831
G1 X142.365 Y140.314 E.00699
G1 X142.178 Y141.586 F18000
;WIDTH:0.517214
G1 F5326.478
G1 X141.699 Y142.245 E.03054
G3 X140.845 Y143.026 I-6.721 J-6.485 E.04338
G1 X140.599 Y143.169 E.01065
G1 X141.224 Y143.139 E.02343
G1 X141.493 Y143.05 E.01061
G1 X141.864 Y142.778 E.01725
G1 X142.071 Y142.46 E.01421
G1 X142.177 Y141.93 E.02027
G1 X142.178 Y141.646 E.01064
G1 X138.931 Y143.503 F18000
;TYPE:Gap infill
;WIDTH:0.555563
G1 F4928.029
G3 X138.464 Y143.539 I-.923 J-8.893 E.01898
; stop printing object top_plate.stl id:4734322866433739561 copy 0
;LAYER_CHANGE
;Z:7.84
;HEIGHT:0.2
G92 E0 ; zero the extruded length again
; BEFORE_LAYER_CHANGE 38 @ 7.84mm
G1 E-1.9295 F6000
;WIPE_START
G1 F4928.029
G1 X138.931 Y143.503 E-.5705
;WIPE_END
; AFTER_LAYER_CHANGE 38 @ 7.84mm
;_SET_FAN_SPEED_CHANGING_LAYER
; printing object top_plate.stl id:4734322866433739561 copy 0
G17
G3 Z8.04 I-.229 J.564 P1  F18000
G1 X141.096 Y144.383 Z8.04
G1 X141.117 Y144.784
G1 Z7.84
G1 E2.5 F6000
M204 P1000
;TYPE:Outer wall
;WIDTH:0.42
G1 F3600
G1 X140.995 Y144.79 E.00366
G1 X79.005 Y144.79 E1.84644
G3 X76.21 Y141.995 I.004 J-2.8 E.13074
G1 X76.21 Y78.005 E1.90602
G3 X79.005 Y75.21 I2.8 J.005 E.13074
G1 X140.995 Y75.21 E1.84644
G1 X141.292 Y75.226 E.00886
G3 X143.79 Y78.005 I-.294 J2.777 E.12197
G1 X143.79 Y141.995 E1.90601
G3 X141.292 Y144.774 I-2.8 J-.004 E.12188
G1 X141.177 Y144.78 E.00341
G1 X141.156 Y144.38 F18000
G1 X141.096 Y144.383
G1 X141.097 Y144.392
M204 P1500
;TYPE:Inner wall
;WIDTH:0.45
G1 F6000
G1 X140.984 Y144.398 E.00362
G1 X79.016 Y144.398 E1.99268
G3 X76.602 Y141.984 I-.006 J-2.408 E.122
G1 X76.602 Y78.016 E2.057
G3 X79.016 Y75.602 I2.408 J-.006 E.12199
G1 X140.984 Y75.602 E1.99268
G1 X141.251 Y75.616 E.00857
G3 X143.398 Y78.016 I-.259 J2.392 E.11345
G1 X143.398 Y141.984 E2.05699
G3 X141.251 Y144.384 I-2.408 J.006 E.11342
G1 X141.157 Y144.389 E.00302
G1 X141.035 Y143.985 F18000
G1 F6000
G1 X140.974 Y143.991 E.002
G1 X79.026 Y143.991 E1.992
G3 X77.009 Y141.974 I-.016 J-2.001 E.10212
G1 X77.009 Y78.026 E2.05631
G3 X79.026 Y76.009 I2.001 J-.016 E.10212
G1 X140.974 Y76.009 E1.992
G1 X141.208 Y76.021 E.00754
G3 X142.991 Y78.026 I-.241 J2.01 E.09432
G1 X142.991 Y141.974 E2.05631
G3 X141.414 Y143.946 I-2.001 J.016 E.08787
G1 X141.095 Y143.978 E.0103
G1 E-1.75
;WIPE_START
G1 X140.974 Y143.991 E-.09156
G1 X140.096 Y143.991 E-.65844
;WIPE_END
G1 X140.096 Y144.389 Z8.04 F18000
G1 X138.029 Y142.71
G1 X138.008 Y142.31
G1 Z7.84
G1 E2.5 F6000
M204 P1000
;TYPE:Outer wall
;WIDTH:0.42
G1 F3600
G2 X141.31 Y139.008 I-.018 J-3.32 E.15426
G1 X141.31 Y80.992 E1.7281
G2 X138.008 Y77.69 I-3.32 J.018 E.15426
G1 X81.992 Y77.69 E1.66853
G2 X78.69 Y80.992 I.018 J3.32 E.15426
G1 X78.69 Y139.008 E1.7281
G2 X81.992 Y142.31 I3.32 J-.018 E.15426
G1 X137.948 Y142.31 E1.66674
G1 X137.948 Y142.711 F18000
G1 X138.019 Y142.711
G1 X138.029 Y142.71
G1 X138.028 Y142.702
M204 P1500
;TYPE:Inner wall
;WIDTH:0.45
G1 F6000
G1 X138.387 Y142.681 E.01155
G2 X141.702 Y139.018 I-.397 J-3.691 E.1738
G1 X141.702 Y80.982 E1.86625
G2 X138.018 Y77.298 I-3.712 J.029 E.18568
G1 X81.982 Y77.298 E1.80194
G2 X78.298 Y80.982 I.029 J3.712 E.18568
G1 X78.298 Y139.018 E1.86625
G2 X81.982 Y142.702 I3.712 J-.029 E.18568
G1 X137.968 Y142.702 E1.80032
G1 X138.049 Y143.108 F18000
G1 F6000
G1 X138.43 Y143.086 E.01226
G2 X142.109 Y139.029 I-.44 J-4.096 E.19265
G1 X142.109 Y80.971 E1.86693
G2 X138.029 Y76.891 I-4.12 J.039 E.20556
G1 X81.971 Y76.891 E1.80262
G2 X77.891 Y80.971 I.039 J4.12 E.20556
G1 X77.891 Y139.029 E1.86693
G2 X81.971 Y143.109 I4.12 J-.039 E.20556
G1 X137.989 Y143.109 E1.80134
G1 X138.464 Y143.539 F18000
M204 P2000
;TYPE:Gap infill
;WIDTH:0.517702
G1 F5321.006
G1 X81.953 Y143.55 E2.1194
G3 X81.51 Y143.538 I.011 J-8.423 E.01664
;WIDTH:0.542412
G1 F5057.77
G1 X81.069 Y143.503 E.01745
G1 X77.706 Y140.308 F18000
;TYPE:Internal solid infill
;WIDTH:0.419999
G1 F6000
G1 X77.401 Y140.332 E.0091
G1 X77.404 Y141.98 E.04908
G1 X77.46 Y142.394 E.01244
G2 X78.097 Y143.305 I1.649 J-.475 E.03372
G1 X78.502 Y143.515 E.01359
G1 X79.046 Y143.599 E.0164
G1 X80.668 Y143.599 E.04831
G1 X80.691 Y143.305 E.00878
G1 X79.766 Y142.909 E.02997
G1 X79.002 Y142.359 E.02805
G1 X78.369 Y141.662 E.02802
G1 X77.895 Y140.849 E.02804
G1 X77.726 Y140.365 E.01529
G1 X77.831 Y141.599 F18000
;WIDTH:0.516976
G1 F5329.156
G1 X77.861 Y142.224 E.02342
G1 X77.95 Y142.493 E.01061
G1 X78.222 Y142.864 E.01724
G1 X78.54 Y143.071 E.0142
G1 X79.07 Y143.177 E.02026
G1 X79.414 Y143.178 E.01288
G1 X78.755 Y142.699 E.03053
G3 X77.974 Y141.845 I6.485 J-6.721 E.04336
G1 X77.861 Y141.651 E.0084
G1 X77.497 Y139.931 F18000
;TYPE:Gap infill
;WIDTH:0.542406
G1 F5057.831
G1 X77.462 Y139.49 E.01746
;WIDTH:0.517696
G1 F5321.074
G3 X77.45 Y139.047 I8.421 J-.455 E.01664
G1 X77.461 Y80.536 E2.19438
;WIDTH:0.555558
G1 F4928.073
G3 X77.497 Y80.069 I8.928 J.456 E.01898
G1 X77.695 Y79.691 F18000
;TYPE:Internal solid infill
;WIDTH:0.419999
G1 F6000
G1 X78.091 Y78.766 E.02997
G1 X78.641 Y78.002 E.02805
G1 X79.338 Y77.369 E.02802
G1 X80.151 Y76.895 E.02804
G1 X80.692 Y76.706 E.01708
G1 X80.668 Y76.401 E.0091
G1 X79.02 Y76.404 E.04908
G1 X78.606 Y76.46 E.01244
G2 X77.695 Y77.097 I.475 J1.649 E.03372
G1 X77.485 Y77.502 E.01359
G1 X77.401 Y78.046 E.0164
G1 X77.401 Y79.668 E.04831
G1 X77.635 Y79.686 E.00699
G1 X77.822 Y78.414 F18000
;WIDTH:0.517216
G1 F5326.454
G1 X78.301 Y77.755 E.03054
G3 X79.155 Y76.974 I6.721 J6.485 E.04338
G1 X79.401 Y76.831 E.01065
G1 X78.776 Y76.861 E.02343
G1 X78.507 Y76.95 E.01061
G1 X78.136 Y77.222 E.01725
G1 X77.929 Y77.54 E.01421
G1 X77.823 Y78.07 E.02026
G1 X77.822 Y78.354 E.01064
G1 X81.069 Y76.497 F18000
;TYPE:Gap infill
;WIDTH:0.542407
G1 F5057.828
G1 X81.51 Y76.462 E.01746
;WIDTH:0.517702
G1 F5321.007
G3 X81.953 Y76.45 I.455 J8.422 E.01664
G1 X138.464 Y76.461 E2.1194
;WIDTH:0.555558
G1 F4928.073
G3 X138.931 Y76.497 I-.456 J8.928 E.01898
G1 X142.294 Y79.692 F18000
;TYPE:Internal solid infill
;WIDTH:0.419999
G1 F6000
G1 X142.599 Y79.668 E.0091
G1 X142.599 Y78.086 E.04713
G1 X142.528 Y77.586 E.01502
G1 X142.381 Y77.202 E.01224
G1 X142.133 Y76.885 E.012
G1 X141.81 Y76.645 E.01199
G1 X141.395 Y76.469 E.01343
G1 X140.914 Y76.401 E.01448
G1 X139.332 Y76.401 E.0471
G1 X139.309 Y76.695 E.00878
G1 X140.234 Y77.091 E.02997
G1 X141 Y77.643 E.02813
G1 X141.631 Y78.338 E.02795
G1 X142.105 Y79.151 E.02804
G1 X142.274 Y79.635 E.01529
G1 X142.172 Y78.415 F18000
;WIDTH:0.504446
G1 F5473.834
G1 X142.172 Y78.086 E.01201
G1 X142.091 Y77.598 E.01804
G1 X141.878 Y77.244 E.01506
G2 X141.333 Y76.871 I-1.07 J.982 E.02428
G2 X140.544 Y76.808 I-.604 J2.587 E.02896
G3 X141.501 Y77.549 I-3.919 J6.052 E.04418
G1 X141.947 Y78.052 E.02453
G1 X142.141 Y78.364 E.01337
G1 X142.503 Y80.069 F18000
;TYPE:Gap infill
;WIDTH:0.542411
G1 F5057.785
G1 X142.538 Y80.51 E.01745
;WIDTH:0.517696
G1 F5321.073
G3 X142.55 Y80.953 I-8.411 J.455 E.01664
G1 X142.539 Y139.464 E2.19438
;WIDTH:0.555563
G1 F4928.025
G3 X142.503 Y139.931 I-8.931 J-.456 E.01898
G1 X142.305 Y140.309 F18000
;TYPE:Internal solid infill
;WIDTH:0.419999
G1 F6000
G1 X141.909 Y141.234 E.02997
G1 X141.359 Y141.998 E.02805
G1 X140.662 Y142.631 E.02802
G1 X139.849 Y143.105 E.02804
G1 X139.308 Y143.294 E.01708
G1 X139.332 Y143.599 E.0091
G1 X140.98 Y143.596 E.04908
G1 X141.394 Y143.54 E.01245
G2 X142.305 Y142.903 I-.475 J-1.649 E.03372
G1 X142.515 Y142.498 E.01359
G1 X142.599 Y141.954 E.0164
G1 X142.599 Y140.332 E.04831
G1 X142.365 Y140.314 E.00699
G1 X142.178 Y141.586 F18000
;WIDTH:0.517215
G1 F5326.472
G1 X141.699 Y142.245 E.03054
G3 X140.845 Y143.026 I-6.721 J-6.486 E.04338
G1 X140.599 Y143.169 E.01065
G1 X141.224 Y143.139 E.02343
G1 X141.493 Y143.05 E.01061
G1 X141.864 Y142.778 E.01725
G1 X142.071 Y142.46 E.01421
G1 X142.177 Y141.93 E.02027
G1 X142.178 Y141.646 E.01064
G1 X138.931 Y143.503 F18000
;TYPE:Gap infill
;WIDTH:0.555563
G1 F4928.029
G3 X138.464 Y143.539 I-.923 J-8.893 E.01898
; stop printing object top_plate.stl id:4734322866433739561 copy 0
M106 S102
;LAYER_CHANGE
;Z:8.04
;HEIGHT:0.2
G92 E0 ; zero the extruded length again
; BEFORE_LAYER_CHANGE 39 @ 8.04mm
G1 E-1.92949 F6000
;WIPE_START
G1 F4928.029
G1 X138.931 Y143.503 E-.57051
;WIPE_END
; AFTER_LAYER_CHANGE 39 @ 8.04mm
;_SET_FAN_SPEED_CHANGING_LAYER
; printing object top_plate.stl id:4734322866433739561 copy 0
G17
G3 Z8.24 I-.304 J.527 P1  F18000
G1 X141.15 Y144.782 Z8.24
G1 Z8.04
G1 E2.5 F6000
M204 P1000
;TYPE:Outer wall
;WIDTH:0.42
G1 F3600
G1 X140.995 Y144.79 E.00464
G1 X79.005 Y144.79 E1.84644
G3 X76.21 Y141.995 I.004 J-2.8 E.13074
G1 X76.21 Y78.005 E1.90601
G3 X79.005 Y75.21 I2.8 J.005 E.13074
G1 X140.995 Y75.21 E1.84644
G1 X141.292 Y75.226 E.00886
G3 X143.79 Y78.005 I-.294 J2.777 E.12197
G1 X143.79 Y141.995 E1.90601
G3 X141.292 Y144.774 I-2.8 J-.004 E.12188
G1 X141.21 Y144.778 E.00243
G1 E-1.75 F6000
;WIPE_START
G1 F3600
G1 X140.995 Y144.79 E-.16193
G1 X140.21 Y144.79 E-.58807
;WIPE_END
G1 X136.398 Y144.628 Z8.24 F18000
G1 X81.992 Y142.31 Z8.24
G1 Z8.04
G1 E2.5 F6000
G1 F3600
G1 X138.008 Y142.31 E1.66853
G2 X141.31 Y139.008 I-.018 J-3.32 E.15426
G1 X141.31 Y80.992 E1.7281
G2 X138.008 Y77.69 I-3.32 J.018 E.15426
G1 X81.992 Y77.69 E1.66853
G2 X78.69 Y80.992 I.018 J3.32 E.15426
G1 X78.69 Y139.008 E1.7281
G2 X81.932 Y142.309 I3.32 J-.018 E.15247
G1 E-1.75 F6000
;WIPE_START
G1 F3600
G1 X82.932 Y142.309 E-.75
;WIPE_END
G1 X84.248 Y138.727 Z8.24 F18000
G1 X106.814 Y77.289 Z8.24
G1 X106.813 Y77.298
G1 Z8.04
G1 E2.5 F6000
M204 P1500
;TYPE:Inner wall
;WIDTH:0.45
G1 X106.016 Y76.5 E.03629
G1 X106.913 Y75.602 E.04083
G1 X113.087 Y75.602 E.1985
G1 X113.984 Y76.5 E.04083
G1 X113.187 Y77.298 E.03629
G1 X106.873 Y77.298 E.203
G1 X106.982 Y76.891 F18000
G1 F6000
G1 X106.591 Y76.5 E.01777
G1 X107.082 Y76.009 E.02232
G1 X112.918 Y76.009 E.18766
G1 X113.409 Y76.5 E.02232
G1 X113.018 Y76.891 E.01777
G1 X107.042 Y76.891 E.19216
G1 X106.929 Y76.45 F18000
M204 P2000
;TYPE:Gap infill
;WIDTH:0.517526
G1 F5322.974
G1 X113.071 Y76.45 E.23026
G1 E-1.75 F6000
;WIPE_START
G1 F5322.974
G1 X112.071 Y76.45 E-.75
;WIPE_END
G1 X115.886 Y76.525 Z8.24 F18000
G1 X143.51 Y77.07 Z8.24
G1 Z8.04
G1 E2.5 F6000
M204 P1000
;TYPE:Top surface
;WIDTH:0.421565
G1 F1800
G1 X143.51 Y142.003 E1.94215
G3 X143.131 Y143.321 I-2.481 J0 E.04154
G1 X143.131 Y76.679 E1.99326
G2 X142.753 Y76.208 I-2.167 J1.352 E.01813
G1 X142.753 Y143.792 E2.02147
G3 X142.374 Y144.097 I-1.764 J-1.806 E.01455
G1 X142.374 Y75.903 E2.03968
G2 X141.996 Y75.697 I-1.614 J2.512 E.01291
G1 X141.996 Y144.303 E2.05202
G3 X141.617 Y144.43 I-.79 J-1.728 E.01197
G1 X141.617 Y75.57 E2.05962
G2 X141.238 Y75.502 I-.746 J3.072 E.01151
G1 X141.238 Y79.459 E.11835
G3 X141.589 Y80.985 I-3.343 J1.572 E.04718
G1 X141.589 Y139.015 E1.73571
G3 X141.238 Y140.541 I-3.694 J-.046 E.04718
G1 X141.238 Y144.498 E.11835
G3 X140.86 Y144.511 I-.315 J-3.614 E.01134
G1 X140.86 Y141.165 E.10007
G3 X140.481 Y141.589 I-2.21 J-1.594 E.01702
G1 X140.481 Y144.511 E.0874
G1 X140.102 Y144.511 E.01133
G1 X140.102 Y141.909 E.07781
G3 X139.724 Y142.145 I-1.311 J-1.683 E.01337
G1 X139.724 Y144.511 E.07076
G1 X139.345 Y144.511 E.01133
G1 X139.345 Y142.324 E.06542
G3 X138.966 Y142.452 I-.799 J-1.727 E.01198
G1 X138.966 Y144.511 E.06157
G1 X138.588 Y144.511 E.01133
G1 X138.588 Y142.537 E.05906
G3 X138.209 Y142.579 I-.39 J-1.773 E.01142
G1 X138.209 Y144.511 E.05779
G1 X137.83 Y144.511 E.01133
G1 X137.83 Y142.589 E.05748
G1 X137.452 Y142.589 E.01133
G1 X137.452 Y144.511 E.05748
G1 X137.073 Y144.511 E.01133
G1 X137.073 Y142.589 E.05748
G1 X136.695 Y142.589 E.01133
G1 X136.695 Y144.511 E.05748
G1 X136.316 Y144.511 E.01133
G1 X136.316 Y142.589 E.05748
G1 X135.937 Y142.589 E.01133
G1 X135.937 Y144.511 E.05748
G1 X135.559 Y144.511 E.01133
G1 X135.559 Y142.589 E.05748
G1 X135.18 Y142.589 E.01133
G1 X135.18 Y144.511 E.05748
G1 X134.801 Y144.511 E.01133
G1 X134.801 Y142.589 E.05748
G1 X134.423 Y142.589 E.01133
G1 X134.423 Y144.511 E.05748
G1 X134.044 Y144.511 E.01133
G1 X134.044 Y142.589 E.05748
G1 X133.665 Y142.589 E.01133
G1 X133.665 Y144.511 E.05748
G1 X133.287 Y144.511 E.01133
G1 X133.287 Y142.589 E.05748
G1 X132.908 Y142.589 E.01133
G1 X132.908 Y144.511 E.05748
G1 X132.529 Y144.511 E.01133
G1 X132.529 Y142.589 E.05748
G1 X132.151 Y142.589 E.01133
G1 X132.151 Y144.511 E.05748
G1 X131.772 Y144.511 E.01133
G1 X131.772 Y142.589 E.05748
G1 X131.393 Y142.589 E.01133
G1 X131.393 Y144.511 E.05748
G1 X131.015 Y144.511 E.01133
G1 X131.015 Y142.589 E.05748
G1 X130.636 Y142.589 E.01133
G1 X130.636 Y144.511 E.05748
G1 X130.258 Y144.511 E.01133
G1 X130.258 Y142.589 E.05748
G1 X129.879 Y142.589 E.01133
G1 X129.879 Y144.511 E.05748
G1 X129.5 Y144.511 E.01133
G1 X129.5 Y142.589 E.05748
G1 X129.122 Y142.589 E.01133
G1 X129.122 Y144.511 E.05748
G1 X128.743 Y144.511 E.01133
G1 X128.743 Y142.589 E.05748
G1 X128.364 Y142.589 E.01133
G1 X128.364 Y144.511 E.05748
G1 X127.986 Y144.511 E.01133
G1 X127.986 Y142.589 E.05748
G1 X127.607 Y142.589 E.01133
G1 X127.607 Y144.511 E.05748
G1 X127.228 Y144.511 E.01133
G1 X127.228 Y142.589 E.05748
G1 X126.85 Y142.589 E.01133
G1 X126.85 Y144.511 E.05748
G1 X126.471 Y144.511 E.01133
G1 X126.471 Y142.589 E.05748
G1 X126.092 Y142.589 E.01133
G1 X126.092 Y144.511 E.05748
G1 X125.714 Y144.511 E.01133
G1 X125.714 Y142.589 E.05748
G1 X125.335 Y142.589 E.01133
G1 X125.335 Y144.511 E.05748
G1 X124.957 Y144.511 E.01133
G1 X124.957 Y142.589 E.05748
G1 X124.578 Y142.589 E.01133
G1 X124.578 Y144.511 E.05748
G1 X124.199 Y144.511 E.01133
G1 X124.199 Y142.589 E.05748
G1 X123.821 Y142.589 E.01133
G1 X123.821 Y144.511 E.05748
G1 X123.442 Y144.511 E.01133
G1 X123.442 Y142.589 E.05748
G1 X123.063 Y142.589 E.01133
G1 X123.063 Y144.511 E.05748
G1 X122.685 Y144.511 E.01133
G1 X122.685 Y142.589 E.05748
G1 X122.306 Y142.589 E.01133
G1 X122.306 Y144.511 E.05748
G1 X121.927 Y144.511 E.01133
G1 X121.927 Y142.589 E.05748
G1 X121.549 Y142.589 E.01133
G1 X121.549 Y144.511 E.05748
G1 X121.17 Y144.511 E.01133
G1 X121.17 Y142.589 E.05748
G1 X120.791 Y142.589 E.01133
G1 X120.791 Y144.511 E.05748
G1 X120.413 Y144.511 E.01133
G1 X120.413 Y142.589 E.05748
G1 X120.034 Y142.589 E.01133
G1 X120.034 Y144.511 E.05748
G1 X119.655 Y144.511 E.01133
G1 X119.655 Y142.589 E.05748
G1 X119.277 Y142.589 E.01133
G1 X119.277 Y144.511 E.05748
G1 X118.898 Y144.511 E.01133
G1 X118.898 Y142.589 E.05748
G1 X118.52 Y142.589 E.01133
G1 X118.52 Y144.511 E.05748
G1 X118.141 Y144.511 E.01133
G1 X118.141 Y142.589 E.05748
G1 X117.762 Y142.589 E.01133
G1 X117.762 Y144.511 E.05748
G1 X117.384 Y144.511 E.01133
G1 X117.384 Y142.589 E.05748
G1 X117.005 Y142.589 E.01133
G1 X117.005 Y144.511 E.05748
G1 X116.626 Y144.511 E.01133
G1 X116.626 Y142.589 E.05748
G1 X116.248 Y142.589 E.01133
G1 X116.248 Y144.511 E.05748
G1 X115.869 Y144.511 E.01133
G1 X115.869 Y142.589 E.05748
G1 X115.49 Y142.589 E.01133
G1 X115.49 Y144.511 E.05748
G1 X115.112 Y144.511 E.01133
G1 X115.112 Y142.589 E.05748
G1 X114.733 Y142.589 E.01133
G1 X114.733 Y144.511 E.05748
G1 X114.354 Y144.511 E.01133
G1 X114.354 Y142.589 E.05748
G1 X113.976 Y142.589 E.01133
G1 X113.976 Y144.511 E.05748
G1 X113.597 Y144.511 E.01133
G1 X113.597 Y142.589 E.05748
G1 X113.219 Y142.589 E.01133
G1 X113.219 Y144.511 E.05748
G1 X112.84 Y144.511 E.01133
G1 X112.84 Y142.589 E.05748
G1 X112.461 Y142.589 E.01133
G1 X112.461 Y144.511 E.05748
G1 X112.083 Y144.511 E.01133
G1 X112.083 Y142.589 E.05748
G1 X111.704 Y142.589 E.01133
G1 X111.704 Y144.511 E.05748
G1 X111.325 Y144.511 E.01133
G1 X111.325 Y142.589 E.05748
G1 X110.947 Y142.589 E.01133
G1 X110.947 Y144.511 E.05748
G1 X110.568 Y144.511 E.01133
G1 X110.568 Y142.589 E.05748
G1 X110.189 Y142.589 E.01133
G1 X110.189 Y144.511 E.05748
G1 X109.811 Y144.511 E.01133
G1 X109.811 Y142.589 E.05748
G1 X109.432 Y142.589 E.01133
G1 X109.432 Y144.511 E.05748
G1 X109.053 Y144.511 E.01133
G1 X109.053 Y142.589 E.05748
G1 X108.675 Y142.589 E.01133
G1 X108.675 Y144.511 E.05748
G1 X108.296 Y144.511 E.01133
G1 X108.296 Y142.589 E.05748
G1 X107.917 Y142.589 E.01133
G1 X107.917 Y144.511 E.05748
G1 X107.539 Y144.511 E.01133
G1 X107.539 Y142.589 E.05748
G1 X107.16 Y142.589 E.01133
G1 X107.16 Y144.511 E.05748
G1 X106.782 Y144.511 E.01133
G1 X106.782 Y142.589 E.05748
G1 X106.403 Y142.589 E.01133
G1 X106.403 Y144.511 E.05748
G1 X106.024 Y144.511 E.01133
G1 X106.024 Y142.589 E.05748
G1 X105.646 Y142.589 E.01133
G1 X105.646 Y144.511 E.05748
G1 X105.267 Y144.511 E.01133
G1 X105.267 Y142.589 E.05748
G1 X104.888 Y142.589 E.01133
G1 X104.888 Y144.511 E.05748
G1 X104.51 Y144.511 E.01133
G1 X104.51 Y142.589 E.05748
G1 X104.131 Y142.589 E.01133
G1 X104.131 Y144.511 E.05748
G1 X103.752 Y144.511 E.01133
G1 X103.752 Y142.589 E.05748
G1 X103.374 Y142.589 E.01133
G1 X103.374 Y144.511 E.05748
G1 X102.995 Y144.511 E.01133
G1 X102.995 Y142.589 E.05748
G1 X102.616 Y142.589 E.01133
G1 X102.616 Y144.511 E.05748
G1 X102.238 Y144.511 E.01133
G1 X102.238 Y142.589 E.05748
G1 X101.859 Y142.589 E.01133
G1 X101.859 Y144.511 E.05748
G1 X101.481 Y144.511 E.01133
G1 X101.481 Y142.589 E.05748
G1 X101.102 Y142.589 E.01133
G1 X101.102 Y144.511 E.05748
G1 X100.723 Y144.511 E.01133
G1 X100.723 Y142.589 E.05748
G1 X100.345 Y142.589 E.01133
G1 X100.345 Y144.511 E.05748
G1 X99.966 Y144.511 E.01133
G1 X99.966 Y142.589 E.05748
G1 X99.587 Y142.589 E.01133
G1 X99.587 Y144.511 E.05748
G1 X99.209 Y144.511 E.01133
G1 X99.209 Y142.589 E.05748
G1 X98.83 Y142.589 E.01133
G1 X98.83 Y144.511 E.05748
G1 X98.451 Y144.511 E.01133
G1 X98.451 Y142.589 E.05748
G1 X98.073 Y142.589 E.01133
G1 X98.073 Y144.511 E.05748
G1 X97.694 Y144.511 E.01133
G1 X97.694 Y142.589 E.05748
G1 X97.315 Y142.589 E.01133
G1 X97.315 Y144.511 E.05748
G1 X96.937 Y144.511 E.01133
G1 X96.937 Y142.589 E.05748
G1 X96.558 Y142.589 E.01133
G1 X96.558 Y144.511 E.05748
G1 X96.179 Y144.511 E.01133
G1 X96.179 Y142.589 E.05748
G1 X95.801 Y142.589 E.01133
G1 X95.801 Y144.511 E.05748
G1 X95.422 Y144.511 E.01133
G1 X95.422 Y142.589 E.05748
G1 X95.044 Y142.589 E.01133
G1 X95.044 Y144.511 E.05748
G1 X94.665 Y144.511 E.01133
G1 X94.665 Y142.589 E.05748
G1 X94.286 Y142.589 E.01133
G1 X94.286 Y144.511 E.05748
G1 X93.908 Y144.511 E.01133
G1 X93.908 Y142.589 E.05748
G1 X93.529 Y142.589 E.01133
G1 X93.529 Y144.511 E.05748
G1 X93.15 Y144.511 E.01133
G1 X93.15 Y142.589 E.05748
G1 X92.772 Y142.589 E.01133
G1 X92.772 Y144.511 E.05748
G1 X92.393 Y144.511 E.01133
G1 X92.393 Y142.589 E.05748
G1 X92.014 Y142.589 E.01133
G1 X92.014 Y144.511 E.05748
G1 X91.636 Y144.511 E.01133
G1 X91.636 Y142.589 E.05748
G1 X91.257 Y142.589 E.01133
G1 X91.257 Y144.511 E.05748
G1 X90.878 Y144.511 E.01133
G1 X90.878 Y142.589 E.05748
G1 X90.5 Y142.589 E.01133
G1 X90.5 Y144.511 E.05748
G1 X90.121 Y144.511 E.01133
G1 X90.121 Y142.589 E.05748
G1 X89.743 Y142.589 E.01133
G1 X89.743 Y144.511 E.05748
G1 X89.364 Y144.511 E.01133
G1 X89.364 Y142.589 E.05748
G1 X88.985 Y142.589 E.01133
G1 X88.985 Y144.511 E.05748
G1 X88.607 Y144.511 E.01133
G1 X88.607 Y142.589 E.05748
G1 X88.228 Y142.589 E.01133
G1 X88.228 Y144.511 E.05748
G1 X87.849 Y144.511 E.01133
G1 X87.849 Y142.589 E.05748
G1 X87.471 Y142.589 E.01133
G1 X87.471 Y144.511 E.05748
G1 X87.092 Y144.511 E.01133
G1 X87.092 Y142.589 E.05748
G1 X86.713 Y142.589 E.01133
G1 X86.713 Y144.511 E.05748
G1 X86.335 Y144.511 E.01133
G1 X86.335 Y142.589 E.05748
G1 X85.956 Y142.589 E.01133
G1 X85.956 Y144.511 E.05748
G1 X85.577 Y144.511 E.01133
G1 X85.577 Y142.589 E.05748
G1 X85.199 Y142.589 E.01133
G1 X85.199 Y144.511 E.05748
G1 X84.82 Y144.511 E.01133
G1 X84.82 Y142.589 E.05748
G1 X84.441 Y142.589 E.01133
G1 X84.441 Y144.511 E.05748
G1 X84.063 Y144.511 E.01133
G1 X84.063 Y142.589 E.05748
G1 X83.684 Y142.589 E.01133
G1 X83.684 Y144.511 E.05748
G1 X83.306 Y144.511 E.01133
G1 X83.306 Y142.589 E.05748
G1 X82.927 Y142.589 E.01133
G1 X82.927 Y144.511 E.05748
G1 X82.548 Y144.511 E.01133
G1 X82.548 Y142.589 E.05748
G1 X82.17 Y142.589 E.01133
G1 X82.17 Y144.511 E.05748
G1 X81.791 Y144.511 E.01133
G1 X81.791 Y142.579 E.05779
G3 X81.412 Y142.537 I.012 J-1.816 E.01142
G1 X81.412 Y144.511 E.05906
G1 X81.034 Y144.511 E.01133
G1 X81.034 Y142.452 E.06157
G3 X80.655 Y142.324 I.42 J-1.856 E.01198
G1 X80.655 Y144.511 E.06542
G1 X80.276 Y144.511 E.01133
G1 X80.276 Y142.145 E.07076
G3 X79.898 Y141.909 I.932 J-1.918 E.01337
G1 X79.898 Y144.511 E.07781
G1 X79.519 Y144.511 E.01133
G1 X79.519 Y141.589 E.0874
G3 X79.14 Y141.165 I1.831 J-2.018 E.01702
G1 X79.14 Y144.681 E.10514
G1 E-1.75 F6000
;WIPE_START
G1 F1800
G1 X79.14 Y143.681 E-.75
;WIPE_END
G1 X81.698 Y140.848 Z8.24 F18000
G1 X140.86 Y75.319 Z8.24
G1 Z8.04
G1 E2.5 F6000
G1 F1800
G1 X140.86 Y78.835 E.10514
G2 X140.481 Y78.411 I-2.21 J1.594 E.01702
G1 X140.481 Y75.489 E.0874
G1 X140.102 Y75.489 E.01133
G1 X140.102 Y78.091 E.07781
G2 X139.724 Y77.855 I-1.311 J1.682 E.01337
G1 X139.724 Y75.489 E.07076
G1 X139.345 Y75.489 E.01133
G1 X139.345 Y77.676 E.06542
G2 X138.966 Y77.548 I-.799 J1.727 E.01198
G1 X138.966 Y75.489 E.06157
G1 X138.588 Y75.489 E.01133
G1 X138.588 Y77.463 E.05906
G2 X138.209 Y77.421 I-.39 J1.774 E.01142
G1 X138.209 Y75.489 E.05779
G1 X137.83 Y75.489 E.01133
G1 X137.83 Y77.411 E.05748
G1 X137.452 Y77.411 E.01133
G1 X137.452 Y75.489 E.05748
G1 X137.073 Y75.489 E.01133
G1 X137.073 Y77.411 E.05748
G1 X136.695 Y77.411 E.01133
G1 X136.695 Y75.489 E.05748
G1 X136.316 Y75.489 E.01133
G1 X136.316 Y77.411 E.05748
G1 X135.937 Y77.411 E.01133
G1 X135.937 Y75.489 E.05748
G1 X135.559 Y75.489 E.01133
G1 X135.559 Y77.411 E.05748
G1 X135.18 Y77.411 E.01133
G1 X135.18 Y75.489 E.05748
G1 X134.801 Y75.489 E.01133
G1 X134.801 Y77.411 E.05748
G1 X134.423 Y77.411 E.01133
G1 X134.423 Y75.489 E.05748
G1 X134.044 Y75.489 E.01133
G1 X134.044 Y77.411 E.05748
G1 X133.665 Y77.411 E.01133
G1 X133.665 Y75.489 E.05748
G1 X133.287 Y75.489 E.01133
G1 X133.287 Y77.411 E.05748
G1 X132.908 Y77.411 E.01133
G1 X132.908 Y75.489 E.05748
G1 X132.529 Y75.489 E.01133
G1 X132.529 Y77.411 E.05748
G1 X132.151 Y77.411 E.01133
G1 X132.151 Y75.489 E.05748
G1 X131.772 Y75.489 E.01133
G1 X131.772 Y77.411 E.05748
G1 X131.393 Y77.411 E.01133
G1 X131.393 Y75.489 E.05748
G1 X131.015 Y75.489 E.01133
G1 X131.015 Y77.411 E.05748
G1 X130.636 Y77.411 E.01133
G1 X130.636 Y75.489 E.05748
G1 X130.258 Y75.489 E.01133
G1 X130.258 Y77.411 E.05748
G1 X129.879 Y77.411 E.01133
G1 X129.879 Y75.489 E.05748
G1 X129.5 Y75.489 E.01133
G1 X129.5 Y77.411 E.05748
G1 X129.122 Y77.411 E.01133
G1 X129.122 Y75.489 E.05748
G1 X128.743 Y75.489 E.01133
G1 X128.743 Y77.411 E.05748
G1 X128.364 Y77.411 E.01133
G1 X128.364 Y75.489 E.05748
G1 X127.986 Y75.489 E.01133
G1 X127.986 Y77.411 E.05748
G1 X127.607 Y77.411 E.01133
G1 X127.607 Y75.489 E.05748
G1 X127.228 Y75.489 E.01133
G1 X127.228 Y77.411 E.05748
G1 X126.85 Y77.411 E.01133
G1 X126.85 Y75.489 E.05748
G1 X126.471 Y75.489 E.01133
G1 X126.471 Y77.411 E.05748
G1 X126.092 Y77.411 E.01133
G1 X126.092 Y75.489 E.05748
G1 X125.714 Y75.489 E.01133
G1 X125.714 Y77.411 E.05748
G1 X125.335 Y77.411 E.01133
G1 X125.335 Y75.489 E.05748
G1 X124.957 Y75.489 E.01133
G1 X124.957 Y77.411 E.05748
G1 X124.578 Y77.411 E.01133
G1 X124.578 Y75.489 E.05748
G1 X124.199 Y75.489 E.01133
G1 X124.199 Y77.411 E.05748
G1 X123.821 Y77.411 E.01133
G1 X123.821 Y75.489 E.05748
G1 X123.442 Y75.489 E.01133
G1 X123.442 Y77.411 E.05748
G1 X123.063 Y77.411 E.01133
G1 X123.063 Y75.489 E.05748
G1 X122.685 Y75.489 E.01133
G1 X122.685 Y77.411 E.05748
G1 X122.306 Y77.411 E.01133
G1 X122.306 Y75.489 E.05748
G1 X121.927 Y75.489 E.01133
G1 X121.927 Y77.411 E.05748
G1 X121.549 Y77.411 E.01133
G1 X121.549 Y75.489 E.05748
G1 X121.17 Y75.489 E.01133
G1 X121.17 Y77.411 E.05748
G1 X120.791 Y77.411 E.01133
G1 X120.791 Y75.489 E.05748
G1 X120.413 Y75.489 E.01133
G1 X120.413 Y77.411 E.05748
G1 X120.034 Y77.411 E.01133
G1 X120.034 Y75.489 E.05748
G1 X119.655 Y75.489 E.01133
G1 X119.655 Y77.411 E.05748
G1 X119.277 Y77.411 E.01133
G1 X119.277 Y75.489 E.05748
G1 X118.898 Y75.489 E.01133
G1 X118.898 Y77.411 E.05748
G1 X118.52 Y77.411 E.01133
G1 X118.52 Y75.489 E.05748
G1 X118.141 Y75.489 E.01133
G1 X118.141 Y77.411 E.05748
G1 X117.762 Y77.411 E.01133
G1 X117.762 Y75.489 E.05748
G1 X117.384 Y75.489 E.01133
G1 X117.384 Y77.411 E.05748
G1 X117.005 Y77.411 E.01133
G1 X117.005 Y75.489 E.05748
G1 X116.626 Y75.489 E.01133
G1 X116.626 Y77.411 E.05748
G1 X116.248 Y77.411 E.01133
G1 X116.248 Y75.489 E.05748
G1 X115.869 Y75.489 E.01133
G1 X115.869 Y77.411 E.05748
G1 X115.49 Y77.411 E.01133
G1 X115.49 Y75.489 E.05748
G1 X115.112 Y75.489 E.01133
G1 X115.112 Y77.411 E.05748
G1 X114.733 Y77.411 E.01133
G1 X114.733 Y75.489 E.05748
G1 X114.354 Y75.489 E.01133
G1 X114.354 Y77.411 E.05748
G1 X113.976 Y77.411 E.01133
G1 X113.976 Y76.924 E.01455
G1 X113.597 Y77.303 E.01602
G1 X113.597 Y77.581 E.0083
G1 E-1.75 F6000
;WIPE_START
G1 F1800
G1 X113.597 Y77.303 E-.20815
G1 X113.976 Y76.924 E-.40163
G1 X113.976 Y77.111 E-.14023
;WIPE_END
G1 X113.976 Y76.316 Z8.24 F18000
G1 Z8.04
G1 E2.5 F6000
G1 F1800
G1 X113.976 Y75.489 E.02472
G1 X113.597 Y75.489 E.01133
G1 X113.597 Y75.937 E.01339
G1 X106.403 Y75.937 F18000
G1 F1800
G1 X106.403 Y75.489 E.01339
G1 X106.024 Y75.489 E.01133
G1 X106.024 Y76.315 E.02472
G1 X106.403 Y77.063 F18000
G1 F1800
G1 X106.403 Y77.411 E.0104
G1 X106.024 Y77.411 E.01133
G1 X106.024 Y76.685 E.02173
G1 X105.646 Y77.581 F18000
G1 F1800
G1 X105.646 Y75.489 E.06256
G1 X105.267 Y75.489 E.01133
G1 X105.267 Y77.411 E.05748
G1 X104.888 Y77.411 E.01133
G1 X104.888 Y75.489 E.05748
G1 X104.51 Y75.489 E.01133
G1 X104.51 Y77.411 E.05748
G1 X104.131 Y77.411 E.01133
G1 X104.131 Y75.489 E.05748
G1 X103.752 Y75.489 E.01133
G1 X103.752 Y77.411 E.05748
G1 X103.374 Y77.411 E.01133
G1 X103.374 Y75.489 E.05748
G1 X102.995 Y75.489 E.01133
G1 X102.995 Y77.411 E.05748
G1 X102.616 Y77.411 E.01133
G1 X102.616 Y75.489 E.05748
G1 X102.238 Y75.489 E.01133
G1 X102.238 Y77.411 E.05748
G1 X101.859 Y77.411 E.01133
G1 X101.859 Y75.489 E.05748
G1 X101.481 Y75.489 E.01133
G1 X101.481 Y77.411 E.05748
G1 X101.102 Y77.411 E.01133
G1 X101.102 Y75.489 E.05748
G1 X100.723 Y75.489 E.01133
G1 X100.723 Y77.411 E.05748
G1 X100.345 Y77.411 E.01133
G1 X100.345 Y75.489 E.05748
G1 X99.966 Y75.489 E.01133
G1 X99.966 Y77.411 E.05748
G1 X99.587 Y77.411 E.01133
G1 X99.587 Y75.489 E.05748
G1 X99.209 Y75.489 E.01133
G1 X99.209 Y77.411 E.05748
G1 X98.83 Y77.411 E.01133
G1 X98.83 Y75.489 E.05748
G1 X98.451 Y75.489 E.01133
G1 X98.451 Y77.411 E.05748
G1 X98.073 Y77.411 E.01133
G1 X98.073 Y75.489 E.05748
G1 X97.694 Y75.489 E.01133
G1 X97.694 Y77.411 E.05748
G1 X97.315 Y77.411 E.01133
G1 X97.315 Y75.489 E.05748
G1 X96.937 Y75.489 E.01133
G1 X96.937 Y77.411 E.05748
G1 X96.558 Y77.411 E.01133
G1 X96.558 Y75.489 E.05748
G1 X96.179 Y75.489 E.01133
G1 X96.179 Y77.411 E.05748
G1 X95.801 Y77.411 E.01133
G1 X95.801 Y75.489 E.05748
G1 X95.422 Y75.489 E.01133
G1 X95.422 Y77.411 E.05748
G1 X95.044 Y77.411 E.01133
G1 X95.044 Y75.489 E.05748
G1 X94.665 Y75.489 E.01133
G1 X94.665 Y77.411 E.05748
G1 X94.286 Y77.411 E.01133
G1 X94.286 Y75.489 E.05748
G1 X93.908 Y75.489 E.01133
G1 X93.908 Y77.411 E.05748
G1 X93.529 Y77.411 E.01133
G1 X93.529 Y75.489 E.05748
G1 X93.15 Y75.489 E.01133
G1 X93.15 Y77.411 E.05748
G1 X92.772 Y77.411 E.01133
G1 X92.772 Y75.489 E.05748
G1 X92.393 Y75.489 E.01133
G1 X92.393 Y77.411 E.05748
G1 X92.014 Y77.411 E.01133
G1 X92.014 Y75.489 E.05748
G1 X91.636 Y75.489 E.01133
G1 X91.636 Y77.411 E.05748
G1 X91.257 Y77.411 E.01133
G1 X91.257 Y75.489 E.05748
G1 X90.878 Y75.489 E.01133
G1 X90.878 Y77.411 E.05748
G1 X90.5 Y77.411 E.01133
G1 X90.5 Y75.489 E.05748
G1 X90.121 Y75.489 E.01133
G1 X90.121 Y77.411 E.05748
G1 X89.743 Y77.411 E.01133
G1 X89.743 Y75.489 E.05748
G1 X89.364 Y75.489 E.01133
G1 X89.364 Y77.411 E.05748
G1 X88.985 Y77.411 E.01133
G1 X88.985 Y75.489 E.05748
G1 X88.607 Y75.489 E.01133
G1 X88.607 Y77.411 E.05748
G1 X88.228 Y77.411 E.01133
G1 X88.228 Y75.489 E.05748
G1 X87.849 Y75.489 E.01133
G1 X87.849 Y77.411 E.05748
G1 X87.471 Y77.411 E.01133
G1 X87.471 Y75.489 E.05748
G1 X87.092 Y75.489 E.01133
G1 X87.092 Y77.411 E.05748
G1 X86.713 Y77.411 E.01133
G1 X86.713 Y75.489 E.05748
G1 X86.335 Y75.489 E.01133
G1 X86.335 Y77.411 E.05748
G1 X85.956 Y77.411 E.01133
G1 X85.956 Y75.489 E.05748
G1 X85.577 Y75.489 E.01133
G1 X85.577 Y77.411 E.05748
G1 X85.199 Y77.411 E.01133
G1 X85.199 Y75.489 E.05748
G1 X84.82 Y75.489 E.01133
G1 X84.82 Y77.411 E.05748
G1 X84.442 Y77.411 E.01133
G1 X84.442 Y75.489 E.05748
G1 X84.063 Y75.489 E.01133
G1 X84.063 Y77.411 E.05748
G1 X83.684 Y77.411 E.01133
G1 X83.684 Y75.489 E.05748
G1 X83.306 Y75.489 E.01133
G1 X83.306 Y77.411 E.05748
G1 X82.927 Y77.411 E.01133
G1 X82.927 Y75.489 E.05748
G1 X82.548 Y75.489 E.01133
G1 X82.548 Y77.411 E.05748
G1 X82.17 Y77.411 E.01133
G1 X82.17 Y75.489 E.05748
G1 X81.791 Y75.489 E.01133
G1 X81.791 Y77.421 E.05779
G2 X81.412 Y77.463 I.012 J1.816 E.01142
G1 X81.412 Y75.489 E.05906
G1 X81.034 Y75.489 E.01133
G1 X81.034 Y77.548 E.06157
G2 X80.655 Y77.676 I.42 J1.856 E.01198
G1 X80.655 Y75.489 E.06542
G1 X80.276 Y75.489 E.01133
G1 X80.276 Y77.855 E.07076
G2 X79.898 Y78.091 I.932 J1.919 E.01337
G1 X79.898 Y75.489 E.07781
G1 X79.519 Y75.489 E.01133
G1 X79.519 Y78.411 E.0874
G2 X79.14 Y78.835 I1.831 J2.018 E.01702
G1 X79.14 Y75.489 E.10007
G2 X78.762 Y75.502 I-.064 J3.627 E.01134
G1 X78.762 Y79.459 E.11834
G2 X78.411 Y80.985 I3.343 J1.572 E.04719
G1 X78.411 Y139.015 E1.73571
G2 X78.762 Y140.541 I3.694 J-.046 E.04719
G1 X78.762 Y144.498 E.11834
G3 X78.383 Y144.43 I.367 J-3.139 E.01151
G1 X78.383 Y75.57 E2.05962
G2 X78.005 Y75.697 I.411 J1.855 E.01197
G1 X78.005 Y144.303 E2.05202
G3 X77.626 Y144.097 I1.235 J-2.717 E.01291
G1 X77.626 Y75.903 E2.03968
G2 X77.247 Y76.208 I1.385 J2.111 E.01455
G1 X77.247 Y143.792 E2.02148
G3 X76.869 Y143.321 I1.788 J-1.823 E.01813
G1 X76.869 Y76.679 E1.99326
G2 X76.49 Y77.995 I2.099 J1.316 E.0415
G1 X76.49 Y142.93 E1.9422
; stop printing object top_plate.stl id:4734322866433739561 copy 0
M106 S178
;LAYER_CHANGE
;Z:8.24
;HEIGHT:0.2
G92 E0 ; zero the extruded length again
; BEFORE_LAYER_CHANGE 40 @ 8.24mm
G1 E-1.75 F6000
;WIPE_START
G1 F1800
G1 X76.49 Y141.93 E-.75
;WIPE_END
; AFTER_LAYER_CHANGE 40 @ 8.24mm
;_SET_FAN_SPEED_CHANGING_LAYER
; printing object top_plate.stl id:4734322866433739561 copy 0
G17
G3 Z8.44 I.528 J.302 P1  F18000
G1 X113.81 Y76.582 Z8.44
G1 X113.983 Y76.868
G1 Z8.24
G1 E2.5 F6000
;TYPE:Outer wall
;WIDTH:0.42
G1 F600
G1 X106.017 Y76.868 E.23731
G3 X106.017 Y76.132 I-.012 J-.368 E.03512
G1 X113.983 Y76.132 E.23731
G1 X114.103 Y76.151 E.0036
G3 X114.044 Y76.865 I-.107 J.35 E.02961
G1 X113.855 Y76.555 F18000
G1 X113.901 Y76.505
G1 X113.908 Y76.5
G1 X113.908 Y76.5
G1 X114.167 Y76.5
M204 P2000
;TYPE:Gap infill
;WIDTH:0.38541
G1 F600
G1 X105.833 Y76.5 E.22544
; stop printing object top_plate.stl id:4734322866433739561 copy 0
;LAYER_CHANGE
;Z:8.44
;HEIGHT:0.2
G92 E0 ; zero the extruded length again
; BEFORE_LAYER_CHANGE 41 @ 8.44mm
G1 E-1.75 F6000
;WIPE_START
G1 X106.833 Y76.5 E-.75
;WIPE_END
; AFTER_LAYER_CHANGE 41 @ 8.44mm
;_SET_FAN_SPEED_CHANGING_LAYER
; printing object top_plate.stl id:4734322866433739561 copy 0
G17
G3 Z8.64 I-.608 J0 P1  F18000
G1 X106.833 Y76.653 Z8.64
G1 X113.852 Y76.51
G1 X113.791 Y76.564
G1 X113.983 Y76.775
G1 Z8.44
G1 E2.5 F6000
M204 P1000
;TYPE:Outer wall
;WIDTH:0.42
G1 F600
G1 X106.017 Y76.775 E.23731
G3 X106.017 Y76.225 I-.012 J-.275 E.0265
G1 X114.059 Y76.236 E.23955
G3 X114.044 Y76.772 I-.063 J.266 E.02225
G1 X113.826 Y76.533 F18000
G1 X113.853 Y76.5
G1 X113.853 Y76.5
G1 X114 Y76.5
M204 P2000
;TYPE:Gap infill
;WIDTH:0.201667
G1 F600
G1 X106 Y76.5 E.10032
G1 X105.948 Y76.552 E.00092
; stop printing object top_plate.stl id:4734322866433739561 copy 0
;LAYER_CHANGE
;Z:8.64
;HEIGHT:0.200001
G92 E0 ; zero the extruded length again
; BEFORE_LAYER_CHANGE 42 @ 8.64mm
G1 E-1.75 F6000
;WIPE_START
G1 X106 Y76.5 E-.05509
G1 X106.927 Y76.5 E-.69491
;WIPE_END
; AFTER_LAYER_CHANGE 42 @ 8.64mm
;_SET_FAN_SPEED_CHANGING_LAYER
; printing object top_plate.stl id:4734322866433739561 copy 0
M204 T1000
G17
G3 Z8.84 I.608 J0 P1  F18000
G1 X106.927 Y76.347 Z8.84
G1 X106.347 Y76.596
G1 X106.263 Y76.582
G1 X106.015 Y76.567
G1 Z8.64
G1 E2.5 F6000
M204 P1000
;TYPE:Outer wall
;WIDTH:0.37852
G1 F600
G3 X106.015 Y76.433 I-.009 J-.067 E.00605
G1 X113.988 Y76.434 E.21136
G3 X113.985 Y76.567 I.006 J.066 E.00597
G1 X106.075 Y76.567 E.2097
; stop printing object top_plate.stl id:4734322866433739561 copy 0
G1 E-1.75 F6000
;WIPE_START
G1 F3600
G1 X105.961 Y76.551 E-.08616
G1 X105.936 Y76.5 E-.04247
G1 X105.961 Y76.449 E-.04247
G1 X106.015 Y76.433 E-.04205
G1 X106.731 Y76.434 E-.53685
;WIPE_END
M106 S0
;TYPE:Custom
; filament end gcode 
;M106 P3 S0
M140 S0 ; heatbed off
M107 ; fan off
G91 ; relative positioning
M83 ; extruder relative mode
G1 E-3 F3000 ; retract
G1 Z+0.5 F3000 ; lift nozzle
M104 S0 ; extruder off
G28 X Y ; home X/Y
G90 ; absolute positioning
G1 Y220 F3000
M84 ; steppers off
M300 S1318 P266
; EXECUTABLE_BLOCK_END

; filament used [mm] = 4770.27
; filament used [cm3] = 11.47
; filament used [g] = 14.23
; filament cost = 0.26
; total filament used [g] = 14.23
; total filament cost = 0.26
; total layers count = 43
; estimated printing time (normal mode) = 1h 0m 45s
; estimated first layer printing time (normal mode) = 4m 29s

; CONFIG_BLOCK_START
; accel_to_decel_enable = 1
; accel_to_decel_factor = 50%
; activate_air_filtration = 0
; activate_air_filtration_during_print = 1
; activate_air_filtration_on_completion = 1
; activate_chamber_temp_control = 0
; adaptive_bed_mesh_margin = 0
; adaptive_pressure_advance = 0
; adaptive_pressure_advance_bridges = 0
; adaptive_pressure_advance_model = "0,0,0\n0,0,0"
; adaptive_pressure_advance_overhangs = 0
; additional_cooling_fan_speed = 0
; additional_fan_full_speed_layer = 0
; align_infill_direction_to_model = 0
; alternate_extra_wall = 0
; auxiliary_fan = 0
; bbl_calib_mark_logo = 1
; bbl_use_printhost = 0
; bed_custom_model = 
; bed_custom_texture = 
; bed_exclude_area = 0x0
; bed_mesh_max = 0,0
; bed_mesh_min = 0,0
; bed_mesh_probe_distance = 0,0
; bed_temperature_formula = by_highest_temp
; before_layer_change_gcode = G92 E0 ; zero the extruded length again\n; BEFORE_LAYER_CHANGE [layer_num] @ [layer_z]mm
; best_object_pos = 0.5,0.5
; bottom_shell_layers = 4
; bottom_shell_thickness = 0.6
; bottom_solid_infill_flow_ratio = 1
; bottom_surface_density = 100%
; bottom_surface_filament_id = 0
; bottom_surface_pattern = monotonic
; bridge_acceleration = 50%
; bridge_angle = 0
; bridge_density = 100%
; bridge_flow = 0.9
; bridge_line_width = 100%
; bridge_no_support = 1
; bridge_speed = 25
; brim_ears_detection_length = 1
; brim_ears_max_angle = 125
; brim_flow_ratio = 1
; brim_object_gap = 0.15
; brim_type = outer_only
; brim_use_efc_outline = 0
; brim_width = 5
; calib_flowrate_topinfill_special_order = 0
; chamber_minimal_temperature = 0
; chamber_temperature = 0
; change_extrusion_role_gcode = 
; change_filament_gcode = 
; close_additional_fan_first_x_layers = 1
; close_fan_the_first_x_layers = 3
; combine_brims = 0
; compatible_printers_condition = 
; complete_print_exhaust_fan_speed = 70
; cool_plate_temp = 60
; cool_plate_temp_initial_layer = 60
; cooling_tube_length = 0
; cooling_tube_retraction = 0
; counterbore_hole_bridging = none
; curr_bed_type = Cool Plate
; default_acceleration = 2000
; default_filament_colour = ""
; default_filament_profile = "Anycubic Generic PLA"
; default_jerk = 0
; default_junction_deviation = 0
; default_print_profile = 0.20mm Standard @Anycubic Kobra Neo 0.4 nozzle
; deretraction_speed = 0
; detect_narrow_internal_solid_infill = 1
; detect_overhang_wall = 1
; detect_thin_wall = 0
; different_settings_to_system = ;;
; disable_m73 = 1
; dont_filter_internal_bridges = disabled
; dont_slow_down_outer_wall = 0
; draft_shield = disabled
; during_print_exhaust_fan_speed = 70
; elefant_foot_compensation = 0.075
; elefant_foot_compensation_layers = 1
; elefant_foot_layers_density = 100%
; emit_machine_limits_to_gcode = 1
; enable_arc_fitting = 1
; enable_extra_bridge_layer = disabled
; enable_filament_ramming = 0
; enable_long_retraction_when_cut = 0
; enable_overhang_bridge_fan = 1
; enable_overhang_speed = 1
; enable_power_loss_recovery = printer_configuration
; enable_pressure_advance = 0
; enable_prime_tower = 0
; enable_support = 0
; enable_tower_interface_cooldown_during_tower = 0
; enable_tower_interface_features = 0
; enable_wrapping_detection = 0
; enforce_support_layers = 0
; eng_plate_temp = 60
; eng_plate_temp_initial_layer = 60
; ensure_vertical_shell_thickness = ensure_all
; exclude_object = 0
; extra_loading_move = 0
; extra_perimeters_on_overhangs = 1
; extra_solid_infills = 
; extruder_ams_count = 
; extruder_clearance_height_to_lid = 20
; extruder_clearance_height_to_rod = 20
; extruder_clearance_radius = 20
; extruder_colour = #F2754E
; extruder_offset = 0x0
; extruder_printable_area = 
; extruder_printable_height = 0
; extruder_type = Direct Drive
; extrusion_rate_smoothing_external_perimeter_only = 0
; fan_cooling_layer_time = 30
; fan_kickstart = 0
; fan_max_speed = 70
; fan_min_speed = 40
; fan_speedup_overhangs = 1
; fan_speedup_time = 0
; filament_adaptive_volumetric_speed = 0
; filament_adhesiveness_category = 0
; filament_change_extrusion_role_gcode = ""
; filament_change_length = 10
; filament_colour = #F2754E
; filament_cooling_before_tower = 10
; filament_cooling_final_speed = 3.4
; filament_cooling_initial_speed = 2.2
; filament_cooling_moves = 4
; filament_cost = 18
; filament_density = 1.24
; filament_diameter = 1.75
; filament_end_gcode = "; filament end gcode \n;M106 P3 S0\n"
; filament_extruder_variant = "Direct Drive Standard"
; filament_flow_ratio = 0.95
; filament_flush_temp = 0
; filament_flush_volumetric_speed = 0
; filament_ids = NUMPETGHS
; filament_is_support = 0
; filament_loading_speed = 28
; filament_loading_speed_start = 3
; filament_map = 1
; filament_map_mode = Auto For Flush
; filament_max_volumetric_speed = 8
; filament_minimal_purge_on_wipe_tower = 15
; filament_multitool_ramming = 0
; filament_multitool_ramming_flow = 10
; filament_multitool_ramming_volume = 10
; filament_notes = ""
; filament_printable = 3
; filament_ramming_parameters = "120 100 6.6 6.8 7.2 7.6 7.9 8.2 8.7 9.4 9.9 10.0| 0.05 6.6 0.45 6.8 0.95 7.8 1.45 8.3 1.95 9.7 2.45 10 2.95 7.6 3.45 7.6 3.95 7.6 4.45 7.6 4.95 7.6"
; filament_self_index = 1
; filament_settings_id = "numakers PETG-HS Braillix"
; filament_shrink = 100%
; filament_shrinkage_compensation_z = 100%
; filament_soluble = 0
; filament_stamping_distance = 0
; filament_stamping_loading_speed = 0
; filament_start_gcode = "; Filament gcode\n;{if activate_air_filtration[current_extruder] && support_air_filtration}\n;M106 P3 S{during_print_exhaust_fan_speed_num[current_extruder]} \n;{endif}"
; filament_toolchange_delay = 0
; filament_tower_interface_pre_extrusion_dist = 10
; filament_tower_interface_pre_extrusion_length = 0
; filament_tower_interface_print_temp = -1
; filament_tower_interface_purge_volume = 20
; filament_tower_ironing_area = 4
; filament_type = PETG
; filament_unloading_speed = 90
; filament_unloading_speed_start = 100
; filament_vendor = numakers
; file_start_gcode = 
; filename_format = {input_filename_base}_{filament_type[0]}_{layer_height}_{print_time}.gcode
; fill_multiline = 1
; filter_out_gap_fill = 0
; first_layer_flow_ratio = 1
; first_layer_print_sequence = 0
; first_x_layer_fan_speed = 0
; flush_into_infill = 0
; flush_into_objects = 0
; flush_into_support = 0
; flush_multiplier = 0.3
; flush_volumes_matrix = 0,280,280,280,280,0,280,280,280,280,0,280,280,280,280,0
; flush_volumes_vector = 140,140,140,140,140,140,140,140
; full_fan_speed_layer = 3
; fuzzy_skin = none
; fuzzy_skin_first_layer = 0
; fuzzy_skin_layers_between_ripple_offset = 1
; fuzzy_skin_mode = displacement
; fuzzy_skin_noise_type = classic
; fuzzy_skin_octaves = 4
; fuzzy_skin_persistence = 0.5
; fuzzy_skin_point_distance = 0.8
; fuzzy_skin_ripple_offset = 50%
; fuzzy_skin_ripples_per_layer = 15
; fuzzy_skin_scale = 1
; fuzzy_skin_thickness = 0.3
; gap_fill_flow_ratio = 1
; gap_fill_target = topbottom
; gap_infill_speed = 100
; gcode_add_line_number = 0
; gcode_comments = 0
; gcode_flavor = marlin2
; gcode_label_objects = 1
; grab_length = 0
; gyroid_optimized = 0
; has_scarf_joint_seam = 0
; head_wrap_detect_zone = 
; high_current_on_filament_swap = 0
; hole_to_polyhole = 0
; hole_to_polyhole_threshold = 0.01
; hole_to_polyhole_twisted = 1
; host_type = octoprint
; hot_plate_temp = 80
; hot_plate_temp_initial_layer = 80
; idle_temperature = 0
; independent_support_layer_height = 1
; infill_anchor = 400
; infill_anchor_max = 10
; infill_combination = 0
; infill_combination_max_layer_height = 100%
; infill_direction = 45
; infill_jerk = 9
; infill_lock_depth = 1
; infill_overhang_angle = 60
; infill_shift_step = 0.4
; infill_wall_overlap = 15%
; inherits_group = ;;
; initial_layer_acceleration = 500
; initial_layer_infill_speed = 50
; initial_layer_jerk = 9
; initial_layer_line_width = 0.5
; initial_layer_min_bead_width = 85%
; initial_layer_print_height = 0.24
; initial_layer_speed = 50
; initial_layer_travel_acceleration = 100%
; initial_layer_travel_jerk = 100%
; initial_layer_travel_speed = 100%
; inner_wall_acceleration = 1500
; inner_wall_filament_id = 0
; inner_wall_flow_ratio = 1
; inner_wall_jerk = 10
; inner_wall_line_width = 0.45
; inner_wall_speed = 100
; input_shaping_damp_x = 0.1
; input_shaping_damp_y = 0.1
; input_shaping_emit = 0
; input_shaping_freq_x = 0
; input_shaping_freq_y = 0
; input_shaping_type = Default
; interface_shells = 0
; interlocking_beam = 0
; interlocking_beam_layer_count = 2
; interlocking_beam_width = 0.8
; interlocking_boundary_avoidance = 2
; interlocking_depth = 2
; interlocking_orientation = 22.5
; internal_bridge_angle = 0
; internal_bridge_density = 100%
; internal_bridge_fan_speed = -1
; internal_bridge_flow = 1
; internal_bridge_speed = 150%
; internal_solid_filament_id = 0
; internal_solid_infill_acceleration = 100%
; internal_solid_infill_flow_ratio = 1
; internal_solid_infill_line_width = 0.42
; internal_solid_infill_pattern = rectilinear
; internal_solid_infill_speed = 100
; ironing_angle = 0
; ironing_angle_fixed = 0
; ironing_fan_speed = -1
; ironing_flow = 15%
; ironing_inset = 0
; ironing_pattern = rectilinear
; ironing_spacing = 0.1
; ironing_speed = 15
; ironing_type = no ironing
; is_infill_first = 0
; lateral_lattice_angle_1 = -45
; lateral_lattice_angle_2 = 45
; layer_change_gcode = ; AFTER_LAYER_CHANGE [layer_num] @ [layer_z]mm
; layer_height = 0.2
; lightning_overhang_angle = 45
; lightning_prune_angle = 45
; lightning_straightening_angle = 45
; line_width = 0.42
; long_retractions_when_cut = 0
; long_retractions_when_ec = 0
; machine_end_gcode = M140 S0 ; heatbed off\nM107 ; fan off\nG91 ; relative positioning\nM83 ; extruder relative mode\nG1 E-3 F3000 ; retract\nG1 Z+0.5 F3000 ; lift nozzle\nM104 S0 ; extruder off\nG28 X Y ; home X/Y\nG90 ; absolute positioning\nG1 Y220 F3000\nM84 ; steppers off\nM300 S1318 P266
; machine_load_filament_time = 42
; machine_max_acceleration_e = 2000,2000
; machine_max_acceleration_extruding = 2000,2000
; machine_max_acceleration_retracting = 2000,2000
; machine_max_acceleration_travel = 20000,20000
; machine_max_acceleration_x = 2000,2000
; machine_max_acceleration_y = 2000,2000
; machine_max_acceleration_z = 800,800
; machine_max_jerk_e = 5,5
; machine_max_jerk_x = 10,10
; machine_max_jerk_y = 10,10
; machine_max_jerk_z = 2,2
; machine_max_junction_deviation = 0.01
; machine_max_speed_e = 100,100
; machine_max_speed_x = 300,300
; machine_max_speed_y = 300,300
; machine_max_speed_z = 8,8
; machine_min_extruding_rate = 0,0
; machine_min_travel_rate = 0,0
; machine_pause_gcode = M601
; machine_start_gcode = G21 ; metric values\nG90 ; use absolute coordinates\nM83 ; extruder relative mode\nM104 S[first_layer_temperature] ; set extruder temp\nM140 S[first_layer_bed_temperature] ; set bed temp\nG28 ; home all axes\nG29 ; auto bed leveling\nM300 S1318 P266\nG1 Z5 F5000 ; lift nozzle\nG1 X0 Y0 F3000\nG1 Z0.3 ; lower nozzle\nG92 E0 ; zero extruded length\nG1 X10 Y5 F1800 ; move to purge line start\nM190 S[first_layer_bed_temperature] ; wait for bed temp\nM109 S[first_layer_temperature] ; wait for extruder temp\nG1 X60 Y5 E20 F500 ; purge line\nG92 E0 ; zero extruded length\nG1 E-4.5 F4000 ; retract\nG92 E0 ; zero extruded length\nG1 X120 F4000 ; wipe\nM117 Printing...
; machine_tool_change_time = 0
; machine_unload_filament_time = 0
; make_overhang_printable = 0
; make_overhang_printable_angle = 55
; make_overhang_printable_hole_size = 0
; manual_filament_change = 0
; master_extruder_id = 1
; max_bridge_length = 10
; max_layer_height = 0.28
; max_resonance_avoidance_speed = 120
; max_travel_detour_distance = 0
; max_volumetric_extrusion_rate_slope = 0
; max_volumetric_extrusion_rate_slope_segment_length = 5
; min_bead_width = 85%
; min_feature_size = 25%
; min_layer_height = 0.08
; min_length_factor = 0.5
; min_resonance_avoidance_speed = 70
; min_skirt_length = 0
; min_width_top_surface = 300%
; minimum_sparse_infill_area = 15
; mmu_segmented_region_interlocking_depth = 0
; mmu_segmented_region_max_width = 0
; notes = 
; nozzle_diameter = 0.4
; nozzle_flush_dataset = 0
; nozzle_height = 4
; nozzle_hrc = 0
; nozzle_temperature = 230
; nozzle_temperature_initial_layer = 235
; nozzle_temperature_range_high = 260
; nozzle_temperature_range_low = 220
; nozzle_type = brass
; nozzle_volume = 0
; nozzle_volume_type = Standard
; only_one_wall_first_layer = 0
; only_one_wall_top = 1
; ooze_prevention = 0
; other_layers_print_sequence = 0
; other_layers_print_sequence_nums = 0
; outer_wall_acceleration = 1000
; outer_wall_filament_id = 0
; outer_wall_flow_ratio = 1
; outer_wall_jerk = 10
; outer_wall_line_width = 0.42
; outer_wall_speed = 60
; overhang_1_4_speed = 60
; overhang_2_4_speed = 50
; overhang_3_4_speed = 30
; overhang_4_4_speed = 10
; overhang_fan_speed = 50
; overhang_fan_threshold = 50%
; overhang_flow_ratio = 1
; overhang_reverse = 0
; overhang_reverse_internal_only = 0
; overhang_reverse_threshold = 50%
; parallel_printheads_bed_exclude_areas = 
; parallel_printheads_count = 1
; parking_pos_retraction = 0
; part_cooling_fan_min_pwm = 0
; physical_extruder_map = 0
; post_process = 
; precise_outer_wall = 0
; precise_z_height = 0
; preferred_orientation = 0
; preheat_steps = 1
; preheat_time = 30
; pressure_advance = 0.02
; prime_tower_brim_width = 5
; prime_tower_enable_framework = 0
; prime_tower_flat_ironing = 0
; prime_tower_infill_gap = 150%
; prime_tower_skip_points = 1
; prime_tower_width = 45
; prime_volume = 45
; print_compatible_printers = "Anycubic Kobra Neo 0.4 nozzle"
; print_extruder_id = 1
; print_extruder_variant = "Direct Drive Standard"
; print_flow_ratio = 1
; print_order = default
; print_sequence = by layer
; print_settings_id = Braillix 0.20mm PETG
; printable_area = 0x0,220x0,220x220,0x220
; printable_height = 250
; printer_extruder_id = 1
; printer_extruder_variant = "Direct Drive Standard"
; printer_model = Anycubic Kobra Neo
; printer_notes = 
; printer_settings_id = Anycubic Kobra Neo 0.4 nozzle
; printer_structure = i3
; printer_technology = FFF
; printer_variant = 0.4
; printhost_authorization_type = key
; printhost_ssl_ignore_revoke = 0
; printing_by_object_gcode = 
; process_change_extrusion_role_gcode = 
; purge_in_prime_tower = 0
; raft_contact_distance = 0.1
; raft_expansion = 1.5
; raft_first_layer_density = 90%
; raft_first_layer_expansion = 2
; raft_layers = 0
; reduce_crossing_wall = 1
; reduce_fan_stop_start_freq = 1
; reduce_infill_retraction = 1
; relative_bridge_angle = 0
; required_nozzle_HRC = 3
; resolution = 0.012
; resonance_avoidance = 0
; retract_before_wipe = 70%
; retract_length_toolchange = 0
; retract_lift_above = 0.3
; retract_lift_below = 258
; retract_lift_enforce = All Surfaces
; retract_restart_extra = 0
; retract_restart_extra_toolchange = 0
; retract_when_changing_layer = 1
; retraction_distances_when_cut = 18
; retraction_distances_when_ec = 10
; retraction_length = 2.5
; retraction_minimum_travel = 1
; retraction_speed = 100
; role_based_wipe_speed = 1
; scan_first_layer = 0
; scarf_angle_threshold = 155
; scarf_joint_flow_ratio = 1
; scarf_joint_speed = 100%
; scarf_overhang_threshold = 40%
; seam_gap = 15%
; seam_position = back
; seam_slope_conditional = 0
; seam_slope_entire_loop = 0
; seam_slope_inner_walls = 0
; seam_slope_min_length = 20
; seam_slope_start_height = 0
; seam_slope_steps = 10
; seam_slope_type = none
; set_other_flow_ratios = 0
; silent_mode = 0
; single_extruder_multi_material = 1
; single_extruder_multi_material_priming = 0
; single_loop_draft_shield = 0
; skeleton_infill_density = 25%
; skeleton_infill_line_width = 100%
; skin_infill_density = 25%
; skin_infill_depth = 2
; skin_infill_line_width = 100%
; skirt_distance = 2
; skirt_height = 1
; skirt_loops = 0
; skirt_speed = 50
; skirt_start_angle = -135
; skirt_type = combined
; slice_closing_radius = 0.049
; slicing_mode = regular
; slow_down_for_layer_cooling = 1
; slow_down_layer_time = 10
; slow_down_layers = 1
; slow_down_min_speed = 10
; slowdown_for_curled_perimeters = 0
; small_area_infill_flow_compensation = 0
; small_area_infill_flow_compensation_model = 0,0;"\n0.2,0.4444";"\n0.4,0.6145";"\n0.6,0.7059";"\n0.8,0.7619";"\n1.5,0.8571";"\n2,0.8889";"\n3,0.9231";"\n5,0.9520";"\n10,1"
; small_perimeter_speed = 50%
; small_perimeter_threshold = 0
; solid_infill_direction = 45
; solid_infill_rotate_template = 0,90
; sparse_infill_acceleration = 100%
; sparse_infill_density = 25%
; sparse_infill_filament_id = 0
; sparse_infill_flow_ratio = 1
; sparse_infill_line_width = 0.45
; sparse_infill_pattern = crosshatch
; sparse_infill_rotate_template = 
; sparse_infill_speed = 150
; spiral_finishing_flow_ratio = 0
; spiral_mode = 0
; spiral_mode_max_xy_smoothing = 200%
; spiral_mode_smooth = 0
; spiral_starting_flow_ratio = 0
; staggered_inner_seams = 0
; standby_temperature_delta = -5
; start_end_points = 30x-3,54x245
; supertack_plate_temp = 35
; supertack_plate_temp_initial_layer = 35
; support_air_filtration = 1
; support_angle = 0
; support_base_pattern = rectilinear
; support_base_pattern_spacing = 0.2
; support_bottom_interface_spacing = 0.5
; support_bottom_z_distance = 0.1
; support_chamber_temp_control = 1
; support_critical_regions_only = 0
; support_expansion = 0
; support_filament = 0
; support_flow_ratio = 1
; support_interface_bottom_layers = -1
; support_interface_filament = 0
; support_interface_flow_ratio = 1
; support_interface_loop_pattern = 0
; support_interface_not_for_body = 1
; support_interface_pattern = auto
; support_interface_spacing = 0.5
; support_interface_speed = 80
; support_interface_top_layers = 2
; support_ironing = 0
; support_ironing_flow = 10%
; support_ironing_pattern = rectilinear
; support_ironing_spacing = 0.1
; support_line_width = 0.4
; support_material_interface_fan_speed = -1
; support_multi_bed_types = 0
; support_object_first_layer_gap = 0.2
; support_object_skip_flush = 0
; support_object_xy_distance = 0.35
; support_on_build_plate_only = 1
; support_parallel_printheads = 0
; support_remove_small_overhang = 1
; support_speed = 100
; support_style = default
; support_threshold_angle = 40
; support_threshold_overlap = 50%
; support_top_z_distance = 0.1
; support_type = tree(auto)
; symmetric_infill_y_axis = 0
; temperature_vitrification = 85
; template_custom_gcode = 
; textured_cool_plate_temp = 40
; textured_cool_plate_temp_initial_layer = 40
; textured_plate_temp = 60
; textured_plate_temp_initial_layer = 60
; thick_bridges = 0
; thick_internal_bridges = 1
; thumbnails = 230x110/PNG
; thumbnails_format = PNG
; time_cost = 0
; time_lapse_gcode = 
; timelapse_type = 0
; tool_change_on_wipe_tower = 0
; top_bottom_infill_wall_overlap = 25%
; top_shell_layers = 5
; top_shell_thickness = 1
; top_solid_infill_flow_ratio = 1
; top_surface_acceleration = 1000
; top_surface_density = 100%
; top_surface_filament_id = 0
; top_surface_jerk = 9
; top_surface_line_width = 0.42
; top_surface_pattern = monotonic
; top_surface_speed = 30
; travel_acceleration = 2000
; travel_jerk = 10
; travel_slope = 3
; travel_speed = 300
; travel_speed_z = 0
; tree_support_angle_slow = 25
; tree_support_auto_brim = 1
; tree_support_branch_angle = 40
; tree_support_branch_angle_organic = 40
; tree_support_branch_diameter = 5
; tree_support_branch_diameter_angle = 5
; tree_support_branch_diameter_organic = 2
; tree_support_branch_distance = 5
; tree_support_branch_distance_organic = 1
; tree_support_brim_width = 3
; tree_support_tip_diameter = 0.8
; tree_support_top_rate = 30%
; tree_support_wall_count = 0
; upward_compatible_machine = 
; use_3mf = 0
; use_firmware_retraction = 0
; use_relative_e_distances = 1
; volumetric_speed_coefficients = ""
; wall_direction = ccw
; wall_distribution_count = 1
; wall_generator = classic
; wall_loops = 3
; wall_maximum_deviation = 0.025
; wall_maximum_resolution = 0.5
; wall_sequence = outer wall/inner wall
; wall_transition_angle = 10
; wall_transition_filter_deviation = 25%
; wall_transition_length = 100%
; wipe = 1
; wipe_before_external_loop = 0
; wipe_distance = 1
; wipe_on_loops = 0
; wipe_speed = 80%
; wipe_tower_bridging = 10
; wipe_tower_cone_angle = 15
; wipe_tower_extra_flow = 100%
; wipe_tower_extra_rib_length = 0
; wipe_tower_extra_spacing = 100%
; wipe_tower_filament = 0
; wipe_tower_fillet_wall = 1
; wipe_tower_max_purge_speed = 90
; wipe_tower_no_sparse_layers = 0
; wipe_tower_rib_width = 8
; wipe_tower_rotation_angle = 0
; wipe_tower_type = type2
; wipe_tower_wall_type = rib
; wipe_tower_x = 15.000
; wipe_tower_x = 15
; wipe_tower_y = 220.000
; wipe_tower_y = 220
; wiping_volumes_extruders = 70,70,70,70,70,70,70,70,70,70
; wrapping_detection_gcode = 
; wrapping_detection_layers = 20
; wrapping_exclude_area = 
; xy_contour_compensation = 0
; xy_hole_compensation = 0.1
; z_hop = 0.2
; z_hop_types = Auto Lift
; z_offset = 0
; zaa_dont_alternate_fill_direction = 0
; zaa_enabled = 0
; zaa_min_z = 0.05
; zaa_minimize_perimeter_height = 35
; first_layer_bed_temperature = 60
; bed_shape = 0x0,220x0,220x220,0x220
; first_layer_temperature = 235
; first_layer_height = 0.240
; CONFIG_BLOCK_END


