solid OpenSCAD_Model
  facet normal 0 0 -1
    outer loop
      vertex 15.2208 0 0
      vertex 14.5079 1.16318 0
      vertex 16.3336 1.16318 0
    endloop
  endfacet
  facet normal 0 0 -1
    outer loop
      vertex 14.5079 1.16318 0
      vertex 15.0956 0.00984192 0
      vertex 14.9735 0.0391541 0
    endloop
  endfacet
  facet normal 0 0 -1
    outer loop
      vertex 14.5079 1.16318 0
      vertex 14.9735 0.0391541 0
      vertex 14.8576 0.0871887 0
    endloop
  endfacet
  facet normal 0 0 -1
    outer loop
      vertex 14.5079 1.16318 0
      vertex 14.8576 0.0871887 0
      vertex 14.7505 0.152786 0
    endloop
  endfacet
  facet normal 0 0 -1
    outer loop
      vertex 14.5079 1.16318 0
      vertex 14.7505 0.152786 0
      vertex 14.6551 0.234314 0
    endloop
  endfacet
  facet normal 0 0 -1
    outer loop
      vertex 14.5079 1.16318 0
      vertex 14.6551 0.234314 0
      vertex 14.5735 0.329758 0
    endloop
  endfacet
  facet normal 0 0 -1
    outer loop
      vertex 14.5079 1.16318 0
      vertex 14.5735 0.329758 0
      vertex 14.5079 0.436798 0
    endloop
  endfacet
  facet normal 0 0 -1
    outer loop
      vertex 16.3336 1.16318 0
      vertex 14.5079 1.16318 0
      vertex 15.2155 2.5 0
    endloop
  endfacet
  facet normal 0 0 -1
    outer loop
      vertex 14.4599 0.55278 0
      vertex 14.5079 1.16318 0
      vertex 14.5079 0.436798 0
    endloop
  endfacet
  facet normal 0 0 -1
    outer loop
      vertex 14.4599 0.55278 0
      vertex 14.4599 1.04721 0
      vertex 14.5079 1.16318 0
    endloop
  endfacet
  facet normal 0 0 -1
    outer loop
      vertex 14.4306 0.67485 0
      vertex 14.4599 1.04721 0
      vertex 14.4599 0.55278 0
    endloop
  endfacet
  facet normal 0 0 -1
    outer loop
      vertex 14.4306 0.67485 0
      vertex 14.4306 0.92514 0
      vertex 14.4599 1.04721 0
    endloop
  endfacet
  facet normal 0 -0 -1
    outer loop
      vertex 14.4306 0.92514 0
      vertex 14.4306 0.67485 0
      vertex 14.4208 0.799988 0
    endloop
  endfacet
  facet normal 0 0 -1
    outer loop
      vertex 16.4109 0.67485 0
      vertex 16.4109 0.92514 0
      vertex 16.4208 0.799988 0
    endloop
  endfacet
  facet normal 0 0 -1
    outer loop
      vertex 16.3816 0.55278 0
      vertex 16.4109 0.92514 0
      vertex 16.4109 0.67485 0
    endloop
  endfacet
  facet normal 0 0 -1
    outer loop
      vertex 16.3816 0.55278 0
      vertex 16.3816 1.04721 0
      vertex 16.4109 0.92514 0
    endloop
  endfacet
  facet normal 0 0 -1
    outer loop
      vertex 16.3336 0.436798 0
      vertex 16.3816 1.04721 0
      vertex 16.3816 0.55278 0
    endloop
  endfacet
  facet normal 0 0 -1
    outer loop
      vertex 16.3336 0.436798 0
      vertex 16.3336 1.16318 0
      vertex 16.3816 1.04721 0
    endloop
  endfacet
  facet normal 0 0 -1
    outer loop
      vertex 16.268 0.329758 0
      vertex 16.3336 1.16318 0
      vertex 16.3336 0.436798 0
    endloop
  endfacet
  facet normal 0 0 -1
    outer loop
      vertex 16.1864 0.234314 0
      vertex 16.3336 1.16318 0
      vertex 16.268 0.329758 0
    endloop
  endfacet
  facet normal 0 0 -1
    outer loop
      vertex 16.091 0.152786 0
      vertex 16.3336 1.16318 0
      vertex 16.1864 0.234314 0
    endloop
  endfacet
  facet normal 0 0 -1
    outer loop
      vertex 15.9839 0.0871887 0
      vertex 16.3336 1.16318 0
      vertex 16.091 0.152786 0
    endloop
  endfacet
  facet normal 0 0 -1
    outer loop
      vertex 15.868 0.0391541 0
      vertex 16.3336 1.16318 0
      vertex 15.9839 0.0871887 0
    endloop
  endfacet
  facet normal 0 0 -1
    outer loop
      vertex 15.7459 0.00984192 0
      vertex 16.3336 1.16318 0
      vertex 15.868 0.0391541 0
    endloop
  endfacet
  facet normal 0 0 -1
    outer loop
      vertex 15.6208 0 0
      vertex 16.3336 1.16318 0
      vertex 15.7459 0.00984192 0
    endloop
  endfacet
  facet normal 0 0 -1
    outer loop
      vertex 15.2208 0 0
      vertex 16.3336 1.16318 0
      vertex 15.6208 0 0
    endloop
  endfacet
  facet normal 0 0 -1
    outer loop
      vertex 15.636 2.5 0
      vertex 15.9208 3.5 0
      vertex 15.9208 2.5 0
    endloop
  endfacet
  facet normal 0 0 -1
    outer loop
      vertex 15.636 2.5 0
      vertex 15.4208 3.5 0
      vertex 15.9208 3.5 0
    endloop
  endfacet
  facet normal 0 0 -1
    outer loop
      vertex 16.3336 1.16318 0
      vertex 15.2155 2.5 0
      vertex 15.636 2.5 0
    endloop
  endfacet
  facet normal 0 0 -1
    outer loop
      vertex 14.5079 1.16318 0
      vertex 15.2208 0 0
      vertex 15.0956 0.00984192 0
    endloop
  endfacet
  facet normal 0 0 -1
    outer loop
      vertex 15.636 2.5 0
      vertex 15.2155 2.5 0
      vertex 15.4208 3.5 0
    endloop
  endfacet
  facet normal 0 0 -1
    outer loop
      vertex 14.9208 3.5 0
      vertex 15.4208 3.5 0
      vertex 15.2155 2.5 0
    endloop
  endfacet
  facet normal 0 0 -1
    outer loop
      vertex 14.9208 3.5 0
      vertex 15.2155 2.5 0
      vertex 14.9208 2.5 0
    endloop
  endfacet
  facet normal 0 0 -1
    outer loop
      vertex 15.4208 3.5 0
      vertex 14.9208 3.5 0
      vertex 15.4208 4.5 0
    endloop
  endfacet
  facet normal 0 0 -1
    outer loop
      vertex 14.9208 3.5 0
      vertex 0.5 4.5 0
      vertex 15.4208 4.5 0
    endloop
  endfacet
  facet normal 0 0 -1
    outer loop
      vertex 0 4.5 0
      vertex 0.5 4.5 0
      vertex 0 3.5 0
    endloop
  endfacet
  facet normal 0 0 -1
    outer loop
      vertex 0 3.5 0
      vertex 0.5 4.5 0
      vertex 14.9208 3.5 0
    endloop
  endfacet
  facet normal 0 0 -1
    outer loop
      vertex 0.5 10.5 0
      vertex 1.09999 12 0
      vertex 1.09999 10.5 0
    endloop
  endfacet
  facet normal 0 0 -1
    outer loop
      vertex 0.5 4.5 0
      vertex 0 4.5 0
      vertex 0.5 10.5 0
    endloop
  endfacet
  facet normal 0 0 -1
    outer loop
      vertex -0.5 10.5 0
      vertex 0 4.5 0
      vertex -0.5 4.5 0
    endloop
  endfacet
  facet normal 0 0 -1
    outer loop
      vertex 0 4.5 0
      vertex -0.5 10.5 0
      vertex 0.5 10.5 0
    endloop
  endfacet
  facet normal 0 0 -1
    outer loop
      vertex -0.5 10.5 0
      vertex 1.09999 12 0
      vertex 0.5 10.5 0
    endloop
  endfacet
  facet normal 0 0 -1
    outer loop
      vertex -1.09999 12 0
      vertex -0.5 10.5 0
      vertex -1.09999 10.5 0
    endloop
  endfacet
  facet normal 0 0 -1
    outer loop
      vertex -0.5 10.5 0
      vertex -1.09999 12 0
      vertex 1.09999 12 0
    endloop
  endfacet
  facet normal 0 0 1
    outer loop
      vertex 1.09999 12 1
      vertex 0.5 10.5 1
      vertex 1.09999 10.5 1
    endloop
  endfacet
  facet normal 0 0 1
    outer loop
      vertex 0.5 10.5 1
      vertex 0 4.5 1
      vertex 0.5 4.5 1
    endloop
  endfacet
  facet normal 0 0 1
    outer loop
      vertex 0.5 10.5 1
      vertex -0.5 10.5 1
      vertex 0 4.5 1
    endloop
  endfacet
  facet normal 0 0 1
    outer loop
      vertex 1.09999 12 1
      vertex -0.5 10.5 1
      vertex 0.5 10.5 1
    endloop
  endfacet
  facet normal -0 0 1
    outer loop
      vertex -1.09999 12 1
      vertex -0.5 10.5 1
      vertex 1.09999 12 1
    endloop
  endfacet
  facet normal 0 0 1
    outer loop
      vertex -0.5 10.5 1
      vertex -1.09999 12 1
      vertex -1.09999 10.5 1
    endloop
  endfacet
  facet normal 0 0 1
    outer loop
      vertex 14.9208 3.5 1
      vertex 15.4208 3.5 1
      vertex 15.4208 4.5 1
    endloop
  endfacet
  facet normal 0 0 1
    outer loop
      vertex 15.4208 3.5 1
      vertex 15.2155 2.5 1
      vertex 15.2208 0 1
    endloop
  endfacet
  facet normal 0 0 1
    outer loop
      vertex 15.4208 3.5 1
      vertex 14.9208 3.5 1
      vertex 15.2155 2.5 1
    endloop
  endfacet
  facet normal -0 0 1
    outer loop
      vertex 0.5 4.5 1
      vertex 14.9208 3.5 1
      vertex 15.4208 4.5 1
    endloop
  endfacet
  facet normal 0 0 1
    outer loop
      vertex 0 3.5 1
      vertex 0.5 4.5 1
      vertex 0 4.5 1
    endloop
  endfacet
  facet normal 0 0 1
    outer loop
      vertex 0.5 4.5 1
      vertex 0 3.5 1
      vertex 14.9208 3.5 1
    endloop
  endfacet
  facet normal 0 0 1
    outer loop
      vertex 15.9208 3.5 1
      vertex 15.636 2.5 1
      vertex 15.9208 2.5 1
    endloop
  endfacet
  facet normal -0 0 1
    outer loop
      vertex 15.4208 3.5 1
      vertex 15.636 2.5 1
      vertex 15.9208 3.5 1
    endloop
  endfacet
  facet normal 0 0 1
    outer loop
      vertex 15.2208 0 1
      vertex 15.636 2.5 1
      vertex 15.4208 3.5 1
    endloop
  endfacet
  facet normal 0 0 1
    outer loop
      vertex 15.636 2.5 1
      vertex 15.2208 0 1
      vertex 15.6208 0 1
    endloop
  endfacet
  facet normal 0 0 1
    outer loop
      vertex 16.4109 0.92514 1
      vertex 16.4109 0.67485 1
      vertex 16.4208 0.799988 1
    endloop
  endfacet
  facet normal 0 0 1
    outer loop
      vertex 16.3816 1.04721 1
      vertex 16.4109 0.67485 1
      vertex 16.4109 0.92514 1
    endloop
  endfacet
  facet normal 0 0 1
    outer loop
      vertex 16.3816 1.04721 1
      vertex 16.3816 0.55278 1
      vertex 16.4109 0.67485 1
    endloop
  endfacet
  facet normal 0 0 1
    outer loop
      vertex 16.3336 1.16318 1
      vertex 16.3816 0.55278 1
      vertex 16.3816 1.04721 1
    endloop
  endfacet
  facet normal 0 0 1
    outer loop
      vertex 16.3336 1.16318 1
      vertex 16.3336 0.436798 1
      vertex 16.3816 0.55278 1
    endloop
  endfacet
  facet normal 0 0 1
    outer loop
      vertex 16.3336 1.16318 1
      vertex 16.268 0.329758 1
      vertex 16.3336 0.436798 1
    endloop
  endfacet
  facet normal 0 0 1
    outer loop
      vertex 16.3336 1.16318 1
      vertex 16.1864 0.234314 1
      vertex 16.268 0.329758 1
    endloop
  endfacet
  facet normal 0 0 1
    outer loop
      vertex 16.3336 1.16318 1
      vertex 16.091 0.152786 1
      vertex 16.1864 0.234314 1
    endloop
  endfacet
  facet normal 0 0 1
    outer loop
      vertex 16.3336 1.16318 1
      vertex 15.9839 0.0871887 1
      vertex 16.091 0.152786 1
    endloop
  endfacet
  facet normal 0 0 1
    outer loop
      vertex 16.3336 1.16318 1
      vertex 15.868 0.0391541 1
      vertex 15.9839 0.0871887 1
    endloop
  endfacet
  facet normal 0 0 1
    outer loop
      vertex 16.3336 1.16318 1
      vertex 15.7459 0.00984192 1
      vertex 15.868 0.0391541 1
    endloop
  endfacet
  facet normal 0 0 1
    outer loop
      vertex 15.6208 0 1
      vertex 16.3336 1.16318 1
      vertex 15.636 2.5 1
    endloop
  endfacet
  facet normal 0 0 1
    outer loop
      vertex 16.3336 1.16318 1
      vertex 15.6208 0 1
      vertex 15.7459 0.00984192 1
    endloop
  endfacet
  facet normal -0 0 1
    outer loop
      vertex 14.5079 1.16318 1
      vertex 15.2208 0 1
      vertex 15.2155 2.5 1
    endloop
  endfacet
  facet normal 0 0 1
    outer loop
      vertex 15.2208 0 1
      vertex 14.5079 1.16318 1
      vertex 15.0956 0.00984192 1
    endloop
  endfacet
  facet normal 0 0 1
    outer loop
      vertex 15.0956 0.00984192 1
      vertex 14.5079 1.16318 1
      vertex 14.9735 0.0391541 1
    endloop
  endfacet
  facet normal 0 0 1
    outer loop
      vertex 14.9735 0.0391541 1
      vertex 14.5079 1.16318 1
      vertex 14.8576 0.0871887 1
    endloop
  endfacet
  facet normal 0 0 1
    outer loop
      vertex 14.8576 0.0871887 1
      vertex 14.5079 1.16318 1
      vertex 14.7505 0.152786 1
    endloop
  endfacet
  facet normal 0 0 1
    outer loop
      vertex 14.7505 0.152786 1
      vertex 14.5079 1.16318 1
      vertex 14.6551 0.234314 1
    endloop
  endfacet
  facet normal 0 0 1
    outer loop
      vertex 14.6551 0.234314 1
      vertex 14.5079 1.16318 1
      vertex 14.5735 0.329758 1
    endloop
  endfacet
  facet normal 0 0 1
    outer loop
      vertex 14.5079 1.16318 1
      vertex 14.5079 0.436798 1
      vertex 14.5735 0.329758 1
    endloop
  endfacet
  facet normal -0 0 1
    outer loop
      vertex 14.4599 1.04721 1
      vertex 14.5079 0.436798 1
      vertex 14.5079 1.16318 1
    endloop
  endfacet
  facet normal 0 0 1
    outer loop
      vertex 14.4599 1.04721 1
      vertex 14.4599 0.55278 1
      vertex 14.5079 0.436798 1
    endloop
  endfacet
  facet normal -0 0 1
    outer loop
      vertex 14.4306 0.92514 1
      vertex 14.4599 0.55278 1
      vertex 14.4599 1.04721 1
    endloop
  endfacet
  facet normal 0 0 1
    outer loop
      vertex 14.4306 0.92514 1
      vertex 14.4306 0.67485 1
      vertex 14.4599 0.55278 1
    endloop
  endfacet
  facet normal 0 -0 1
    outer loop
      vertex 14.4306 0.67485 1
      vertex 14.4306 0.92514 1
      vertex 14.4208 0.799988 1
    endloop
  endfacet
  facet normal 0 0 1
    outer loop
      vertex 15.2155 2.5 1
      vertex 14.9208 3.5 1
      vertex 14.9208 2.5 1
    endloop
  endfacet
  facet normal 0 0 1
    outer loop
      vertex 0 4.5 1
      vertex -0.5 10.5 1
      vertex -0.5 4.5 1
    endloop
  endfacet
  facet normal -1 0 0
    outer loop
      vertex 0 3.5 0
      vertex 0 4.5 1
      vertex 0 4.5 0
    endloop
  endfacet
  facet normal -1 -0 0
    outer loop
      vertex 0 4.5 1
      vertex 0 3.5 0
      vertex 0 3.5 1
    endloop
  endfacet
  facet normal 0 -1 0
    outer loop
      vertex 0 3.5 0
      vertex 14.9208 3.5 1
      vertex 0 3.5 1
    endloop
  endfacet
  facet normal 0 -1 -0
    outer loop
      vertex 14.9208 3.5 1
      vertex 0 3.5 0
      vertex 14.9208 3.5 0
    endloop
  endfacet
  facet normal -1 0 0
    outer loop
      vertex 14.9208 2.5 0
      vertex 14.9208 3.5 1
      vertex 14.9208 3.5 0
    endloop
  endfacet
  facet normal -1 -0 0
    outer loop
      vertex 14.9208 3.5 1
      vertex 14.9208 2.5 0
      vertex 14.9208 2.5 1
    endloop
  endfacet
  facet normal 0 -1 0
    outer loop
      vertex 14.9208 2.5 0
      vertex 15.2155 2.5 1
      vertex 14.9208 2.5 1
    endloop
  endfacet
  facet normal 0 -1 -0
    outer loop
      vertex 15.2155 2.5 1
      vertex 14.9208 2.5 0
      vertex 15.2155 2.5 0
    endloop
  endfacet
  facet normal -0.883823 0.467821 0
    outer loop
      vertex 14.5079 1.16318 0
      vertex 15.2155 2.5 1
      vertex 15.2155 2.5 0
    endloop
  endfacet
  facet normal -0.883823 0.467821 0
    outer loop
      vertex 15.2155 2.5 1
      vertex 14.5079 1.16318 0
      vertex 14.5079 1.16318 1
    endloop
  endfacet
  facet normal -0.923982 0.382436 0
    outer loop
      vertex 14.4599 1.04721 0
      vertex 14.5079 1.16318 1
      vertex 14.5079 1.16318 0
    endloop
  endfacet
  facet normal -0.923982 0.382436 0
    outer loop
      vertex 14.5079 1.16318 1
      vertex 14.4599 1.04721 0
      vertex 14.4599 1.04721 1
    endloop
  endfacet
  facet normal -0.972382 0.233397 0
    outer loop
      vertex 14.4306 0.92514 0
      vertex 14.4599 1.04721 1
      vertex 14.4599 1.04721 0
    endloop
  endfacet
  facet normal -0.972382 0.233397 0
    outer loop
      vertex 14.4599 1.04721 1
      vertex 14.4306 0.92514 0
      vertex 14.4306 0.92514 1
    endloop
  endfacet
  facet normal -0.996948 0.0780658 0
    outer loop
      vertex 14.4208 0.799988 0
      vertex 14.4306 0.92514 1
      vertex 14.4306 0.92514 0
    endloop
  endfacet
  facet normal -0.996948 0.0780658 0
    outer loop
      vertex 14.4306 0.92514 1
      vertex 14.4208 0.799988 0
      vertex 14.4208 0.799988 1
    endloop
  endfacet
  facet normal -0.996948 -0.0780745 0
    outer loop
      vertex 14.4306 0.67485 0
      vertex 14.4208 0.799988 1
      vertex 14.4208 0.799988 0
    endloop
  endfacet
  facet normal -0.996948 -0.0780745 0
    outer loop
      vertex 14.4208 0.799988 1
      vertex 14.4306 0.67485 0
      vertex 14.4306 0.67485 1
    endloop
  endfacet
  facet normal -0.972382 -0.233397 0
    outer loop
      vertex 14.4599 0.55278 0
      vertex 14.4306 0.67485 1
      vertex 14.4306 0.67485 0
    endloop
  endfacet
  facet normal -0.972382 -0.233397 0
    outer loop
      vertex 14.4306 0.67485 1
      vertex 14.4599 0.55278 0
      vertex 14.4599 0.55278 1
    endloop
  endfacet
  facet normal -0.923996 -0.382402 0
    outer loop
      vertex 14.5079 0.436798 0
      vertex 14.4599 0.55278 1
      vertex 14.4599 0.55278 0
    endloop
  endfacet
  facet normal -0.923996 -0.382402 0
    outer loop
      vertex 14.4599 0.55278 1
      vertex 14.5079 0.436798 0
      vertex 14.5079 0.436798 1
    endloop
  endfacet
  facet normal -0.85262 -0.522532 0
    outer loop
      vertex 14.5735 0.329758 0
      vertex 14.5079 0.436798 1
      vertex 14.5079 0.436798 0
    endloop
  endfacet
  facet normal -0.85262 -0.522532 0
    outer loop
      vertex 14.5079 0.436798 1
      vertex 14.5735 0.329758 0
      vertex 14.5735 0.329758 1
    endloop
  endfacet
  facet normal -0.760079 -0.649831 0
    outer loop
      vertex 14.6551 0.234314 0
      vertex 14.5735 0.329758 1
      vertex 14.5735 0.329758 0
    endloop
  endfacet
  facet normal -0.760079 -0.649831 0
    outer loop
      vertex 14.5735 0.329758 1
      vertex 14.6551 0.234314 0
      vertex 14.6551 0.234314 1
    endloop
  endfacet
  facet normal -0.649672 -0.760214 0
    outer loop
      vertex 14.6551 0.234314 0
      vertex 14.7505 0.152786 1
      vertex 14.6551 0.234314 1
    endloop
  endfacet
  facet normal -0.649672 -0.760214 -0
    outer loop
      vertex 14.7505 0.152786 1
      vertex 14.6551 0.234314 0
      vertex 14.7505 0.152786 0
    endloop
  endfacet
  facet normal -0.522304 -0.85276 0
    outer loop
      vertex 14.7505 0.152786 0
      vertex 14.8576 0.0871887 1
      vertex 14.7505 0.152786 1
    endloop
  endfacet
  facet normal -0.522304 -0.85276 -0
    outer loop
      vertex 14.8576 0.0871887 1
      vertex 14.7505 0.152786 0
      vertex 14.8576 0.0871887 0
    endloop
  endfacet
  facet normal -0.382869 -0.923803 0
    outer loop
      vertex 14.8576 0.0871887 0
      vertex 14.9735 0.0391541 1
      vertex 14.8576 0.0871887 1
    endloop
  endfacet
  facet normal -0.382869 -0.923803 -0
    outer loop
      vertex 14.9735 0.0391541 1
      vertex 14.8576 0.0871887 0
      vertex 14.9735 0.0391541 0
    endloop
  endfacet
  facet normal -0.233435 -0.972373 0
    outer loop
      vertex 14.9735 0.0391541 0
      vertex 15.0956 0.00984192 1
      vertex 14.9735 0.0391541 1
    endloop
  endfacet
  facet normal -0.233435 -0.972373 -0
    outer loop
      vertex 15.0956 0.00984192 1
      vertex 14.9735 0.0391541 0
      vertex 15.0956 0.00984192 0
    endloop
  endfacet
  facet normal -0.0783678 -0.996925 0
    outer loop
      vertex 15.0956 0.00984192 0
      vertex 15.2208 0 1
      vertex 15.0956 0.00984192 1
    endloop
  endfacet
  facet normal -0.0783678 -0.996925 -0
    outer loop
      vertex 15.2208 0 1
      vertex 15.0956 0.00984192 0
      vertex 15.2208 0 0
    endloop
  endfacet
  facet normal 0 -1 0
    outer loop
      vertex 15.2208 0 0
      vertex 15.6208 0 1
      vertex 15.2208 0 1
    endloop
  endfacet
  facet normal 0 -1 -0
    outer loop
      vertex 15.6208 0 1
      vertex 15.2208 0 0
      vertex 15.6208 0 0
    endloop
  endfacet
  facet normal 0.0784301 -0.99692 0
    outer loop
      vertex 15.6208 0 0
      vertex 15.7459 0.00984192 1
      vertex 15.6208 0 1
    endloop
  endfacet
  facet normal 0.0784301 -0.99692 0
    outer loop
      vertex 15.7459 0.00984192 1
      vertex 15.6208 0 0
      vertex 15.7459 0.00984192 0
    endloop
  endfacet
  facet normal 0.233435 -0.972373 0
    outer loop
      vertex 15.7459 0.00984192 0
      vertex 15.868 0.0391541 1
      vertex 15.7459 0.00984192 1
    endloop
  endfacet
  facet normal 0.233435 -0.972373 0
    outer loop
      vertex 15.868 0.0391541 1
      vertex 15.7459 0.00984192 0
      vertex 15.868 0.0391541 0
    endloop
  endfacet
  facet normal 0.382869 -0.923803 0
    outer loop
      vertex 15.868 0.0391541 0
      vertex 15.9839 0.0871887 1
      vertex 15.868 0.0391541 1
    endloop
  endfacet
  facet normal 0.382869 -0.923803 0
    outer loop
      vertex 15.9839 0.0871887 1
      vertex 15.868 0.0391541 0
      vertex 15.9839 0.0871887 0
    endloop
  endfacet
  facet normal 0.522304 -0.85276 0
    outer loop
      vertex 15.9839 0.0871887 0
      vertex 16.091 0.152786 1
      vertex 15.9839 0.0871887 1
    endloop
  endfacet
  facet normal 0.522304 -0.85276 0
    outer loop
      vertex 16.091 0.152786 1
      vertex 15.9839 0.0871887 0
      vertex 16.091 0.152786 0
    endloop
  endfacet
  facet normal 0.649672 -0.760214 0
    outer loop
      vertex 16.091 0.152786 0
      vertex 16.1864 0.234314 1
      vertex 16.091 0.152786 1
    endloop
  endfacet
  facet normal 0.649672 -0.760214 0
    outer loop
      vertex 16.1864 0.234314 1
      vertex 16.091 0.152786 0
      vertex 16.1864 0.234314 0
    endloop
  endfacet
  facet normal 0.760079 -0.649831 0
    outer loop
      vertex 16.1864 0.234314 1
      vertex 16.268 0.329758 0
      vertex 16.268 0.329758 1
    endloop
  endfacet
  facet normal 0.760079 -0.649831 0
    outer loop
      vertex 16.268 0.329758 0
      vertex 16.1864 0.234314 1
      vertex 16.1864 0.234314 0
    endloop
  endfacet
  facet normal 0.85262 -0.522532 0
    outer loop
      vertex 16.268 0.329758 1
      vertex 16.3336 0.436798 0
      vertex 16.3336 0.436798 1
    endloop
  endfacet
  facet normal 0.85262 -0.522532 0
    outer loop
      vertex 16.3336 0.436798 0
      vertex 16.268 0.329758 1
      vertex 16.268 0.329758 0
    endloop
  endfacet
  facet normal 0.923996 -0.382402 0
    outer loop
      vertex 16.3336 0.436798 1
      vertex 16.3816 0.55278 0
      vertex 16.3816 0.55278 1
    endloop
  endfacet
  facet normal 0.923996 -0.382402 0
    outer loop
      vertex 16.3816 0.55278 0
      vertex 16.3336 0.436798 1
      vertex 16.3336 0.436798 0
    endloop
  endfacet
  facet normal 0.972382 -0.233397 0
    outer loop
      vertex 16.3816 0.55278 1
      vertex 16.4109 0.67485 0
      vertex 16.4109 0.67485 1
    endloop
  endfacet
  facet normal 0.972382 -0.233397 0
    outer loop
      vertex 16.4109 0.67485 0
      vertex 16.3816 0.55278 1
      vertex 16.3816 0.55278 0
    endloop
  endfacet
  facet normal 0.996885 -0.0788662 0
    outer loop
      vertex 16.4109 0.67485 1
      vertex 16.4208 0.799988 0
      vertex 16.4208 0.799988 1
    endloop
  endfacet
  facet normal 0.996885 -0.0788662 0
    outer loop
      vertex 16.4208 0.799988 0
      vertex 16.4109 0.67485 1
      vertex 16.4109 0.67485 0
    endloop
  endfacet
  facet normal 0.996886 0.0788575 0
    outer loop
      vertex 16.4208 0.799988 1
      vertex 16.4109 0.92514 0
      vertex 16.4109 0.92514 1
    endloop
  endfacet
  facet normal 0.996886 0.0788575 0
    outer loop
      vertex 16.4109 0.92514 0
      vertex 16.4208 0.799988 1
      vertex 16.4208 0.799988 0
    endloop
  endfacet
  facet normal 0.972382 0.233397 0
    outer loop
      vertex 16.4109 0.92514 1
      vertex 16.3816 1.04721 0
      vertex 16.3816 1.04721 1
    endloop
  endfacet
  facet normal 0.972382 0.233397 0
    outer loop
      vertex 16.3816 1.04721 0
      vertex 16.4109 0.92514 1
      vertex 16.4109 0.92514 0
    endloop
  endfacet
  facet normal 0.923982 0.382436 0
    outer loop
      vertex 16.3816 1.04721 1
      vertex 16.3336 1.16318 0
      vertex 16.3336 1.16318 1
    endloop
  endfacet
  facet normal 0.923982 0.382436 0
    outer loop
      vertex 16.3336 1.16318 0
      vertex 16.3816 1.04721 1
      vertex 16.3816 1.04721 0
    endloop
  endfacet
  facet normal 0.88655 0.462633 0
    outer loop
      vertex 16.3336 1.16318 1
      vertex 15.636 2.5 0
      vertex 15.636 2.5 1
    endloop
  endfacet
  facet normal 0.88655 0.462633 0
    outer loop
      vertex 15.636 2.5 0
      vertex 16.3336 1.16318 1
      vertex 16.3336 1.16318 0
    endloop
  endfacet
  facet normal 0 -1 0
    outer loop
      vertex 15.636 2.5 0
      vertex 15.9208 2.5 1
      vertex 15.636 2.5 1
    endloop
  endfacet
  facet normal 0 -1 -0
    outer loop
      vertex 15.9208 2.5 1
      vertex 15.636 2.5 0
      vertex 15.9208 2.5 0
    endloop
  endfacet
  facet normal 1 -0 0
    outer loop
      vertex 15.9208 2.5 1
      vertex 15.9208 3.5 0
      vertex 15.9208 3.5 1
    endloop
  endfacet
  facet normal 1 0 0
    outer loop
      vertex 15.9208 3.5 0
      vertex 15.9208 2.5 1
      vertex 15.9208 2.5 0
    endloop
  endfacet
  facet normal 0 1 -0
    outer loop
      vertex 15.9208 3.5 0
      vertex 15.4208 3.5 1
      vertex 15.9208 3.5 1
    endloop
  endfacet
  facet normal 0 1 0
    outer loop
      vertex 15.4208 3.5 1
      vertex 15.9208 3.5 0
      vertex 15.4208 3.5 0
    endloop
  endfacet
  facet normal 1 -0 0
    outer loop
      vertex 15.4208 3.5 1
      vertex 15.4208 4.5 0
      vertex 15.4208 4.5 1
    endloop
  endfacet
  facet normal 1 0 0
    outer loop
      vertex 15.4208 4.5 0
      vertex 15.4208 3.5 1
      vertex 15.4208 3.5 0
    endloop
  endfacet
  facet normal 0 1 -0
    outer loop
      vertex 15.4208 4.5 0
      vertex 0.5 4.5 1
      vertex 15.4208 4.5 1
    endloop
  endfacet
  facet normal 0 1 0
    outer loop
      vertex 0.5 4.5 1
      vertex 15.4208 4.5 0
      vertex 0.5 4.5 0
    endloop
  endfacet
  facet normal 1 -0 0
    outer loop
      vertex 0.5 4.5 1
      vertex 0.5 10.5 0
      vertex 0.5 10.5 1
    endloop
  endfacet
  facet normal 1 0 0
    outer loop
      vertex 0.5 10.5 0
      vertex 0.5 4.5 1
      vertex 0.5 4.5 0
    endloop
  endfacet
  facet normal 0 -1 0
    outer loop
      vertex 0.5 10.5 0
      vertex 1.09999 10.5 1
      vertex 0.5 10.5 1
    endloop
  endfacet
  facet normal 0 -1 -0
    outer loop
      vertex 1.09999 10.5 1
      vertex 0.5 10.5 0
      vertex 1.09999 10.5 0
    endloop
  endfacet
  facet normal 1 -0 0
    outer loop
      vertex 1.09999 10.5 1
      vertex 1.09999 12 0
      vertex 1.09999 12 1
    endloop
  endfacet
  facet normal 1 0 0
    outer loop
      vertex 1.09999 12 0
      vertex 1.09999 10.5 1
      vertex 1.09999 10.5 0
    endloop
  endfacet
  facet normal 0 1 -0
    outer loop
      vertex 1.09999 12 0
      vertex -1.09999 12 1
      vertex 1.09999 12 1
    endloop
  endfacet
  facet normal 0 1 0
    outer loop
      vertex -1.09999 12 1
      vertex 1.09999 12 0
      vertex -1.09999 12 0
    endloop
  endfacet
  facet normal -1 0 0
    outer loop
      vertex -1.09999 10.5 0
      vertex -1.09999 12 1
      vertex -1.09999 12 0
    endloop
  endfacet
  facet normal -1 -0 0
    outer loop
      vertex -1.09999 12 1
      vertex -1.09999 10.5 0
      vertex -1.09999 10.5 1
    endloop
  endfacet
  facet normal 0 -1 0
    outer loop
      vertex -1.09999 10.5 0
      vertex -0.5 10.5 1
      vertex -1.09999 10.5 1
    endloop
  endfacet
  facet normal 0 -1 -0
    outer loop
      vertex -0.5 10.5 1
      vertex -1.09999 10.5 0
      vertex -0.5 10.5 0
    endloop
  endfacet
  facet normal -1 0 0
    outer loop
      vertex -0.5 4.5 0
      vertex -0.5 10.5 1
      vertex -0.5 10.5 0
    endloop
  endfacet
  facet normal -1 -0 0
    outer loop
      vertex -0.5 10.5 1
      vertex -0.5 4.5 0
      vertex -0.5 4.5 1
    endloop
  endfacet
  facet normal 0 -1 0
    outer loop
      vertex -0.5 4.5 0
      vertex 0 4.5 1
      vertex -0.5 4.5 1
    endloop
  endfacet
  facet normal 0 -1 -0
    outer loop
      vertex 0 4.5 1
      vertex -0.5 4.5 0
      vertex 0 4.5 0
    endloop
  endfacet
  facet normal 0 0 -1
    outer loop
      vertex 46.7 0 0
      vertex 45.9872 1.16318 0
      vertex 47.8128 1.16318 0
    endloop
  endfacet
  facet normal 0 0 -1
    outer loop
      vertex 45.9872 1.16318 0
      vertex 46.5748 0.00984192 0
      vertex 46.4528 0.0391541 0
    endloop
  endfacet
  facet normal 0 0 -1
    outer loop
      vertex 45.9872 1.16318 0
      vertex 46.4528 0.0391541 0
      vertex 46.3368 0.0871887 0
    endloop
  endfacet
  facet normal 0 0 -1
    outer loop
      vertex 45.9872 1.16318 0
      vertex 46.3368 0.0871887 0
      vertex 46.2298 0.152786 0
    endloop
  endfacet
  facet normal 0 0 -1
    outer loop
      vertex 45.9872 1.16318 0
      vertex 46.2298 0.152786 0
      vertex 46.1343 0.234314 0
    endloop
  endfacet
  facet normal 0 0 -1
    outer loop
      vertex 45.9872 1.16318 0
      vertex 46.1343 0.234314 0
      vertex 46.0528 0.329758 0
    endloop
  endfacet
  facet normal 0 0 -1
    outer loop
      vertex 45.9872 1.16318 0
      vertex 46.0528 0.329758 0
      vertex 45.9872 0.436798 0
    endloop
  endfacet
  facet normal 0 0 -1
    outer loop
      vertex 47.8128 1.16318 0
      vertex 45.9872 1.16318 0
      vertex 46.6947 2.5 0
    endloop
  endfacet
  facet normal 0 0 -1
    outer loop
      vertex 45.9391 0.55278 0
      vertex 45.9872 1.16318 0
      vertex 45.9872 0.436798 0
    endloop
  endfacet
  facet normal 0 0 -1
    outer loop
      vertex 45.9391 0.55278 0
      vertex 45.9391 1.04721 0
      vertex 45.9872 1.16318 0
    endloop
  endfacet
  facet normal 0 0 -1
    outer loop
      vertex 45.9098 0.67485 0
      vertex 45.9391 1.04721 0
      vertex 45.9391 0.55278 0
    endloop
  endfacet
  facet normal 0 0 -1
    outer loop
      vertex 45.9098 0.67485 0
      vertex 45.9098 0.92514 0
      vertex 45.9391 1.04721 0
    endloop
  endfacet
  facet normal 0 -0 -1
    outer loop
      vertex 45.9098 0.92514 0
      vertex 45.9098 0.67485 0
      vertex 45.9 0.799988 0
    endloop
  endfacet
  facet normal 0 0 -1
    outer loop
      vertex 47.8901 0.67485 0
      vertex 47.8901 0.92514 0
      vertex 47.9 0.799988 0
    endloop
  endfacet
  facet normal 0 0 -1
    outer loop
      vertex 47.8608 0.55278 0
      vertex 47.8901 0.92514 0
      vertex 47.8901 0.67485 0
    endloop
  endfacet
  facet normal 0 0 -1
    outer loop
      vertex 47.8608 0.55278 0
      vertex 47.8608 1.04721 0
      vertex 47.8901 0.92514 0
    endloop
  endfacet
  facet normal 0 0 -1
    outer loop
      vertex 47.8128 0.436798 0
      vertex 47.8608 1.04721 0
      vertex 47.8608 0.55278 0
    endloop
  endfacet
  facet normal 0 0 -1
    outer loop
      vertex 47.8128 0.436798 0
      vertex 47.8128 1.16318 0
      vertex 47.8608 1.04721 0
    endloop
  endfacet
  facet normal 0 0 -1
    outer loop
      vertex 47.7472 0.329758 0
      vertex 47.8128 1.16318 0
      vertex 47.8128 0.436798 0
    endloop
  endfacet
  facet normal 0 0 -1
    outer loop
      vertex 47.6657 0.234314 0
      vertex 47.8128 1.16318 0
      vertex 47.7472 0.329758 0
    endloop
  endfacet
  facet normal 0 0 -1
    outer loop
      vertex 47.5702 0.152786 0
      vertex 47.8128 1.16318 0
      vertex 47.6657 0.234314 0
    endloop
  endfacet
  facet normal 0 0 -1
    outer loop
      vertex 47.4632 0.0871887 0
      vertex 47.8128 1.16318 0
      vertex 47.5702 0.152786 0
    endloop
  endfacet
  facet normal 0 0 -1
    outer loop
      vertex 47.3472 0.0391541 0
      vertex 47.8128 1.16318 0
      vertex 47.4632 0.0871887 0
    endloop
  endfacet
  facet normal 0 0 -1
    outer loop
      vertex 47.2251 0.00984192 0
      vertex 47.8128 1.16318 0
      vertex 47.3472 0.0391541 0
    endloop
  endfacet
  facet normal 0 0 -1
    outer loop
      vertex 47.1 0 0
      vertex 47.8128 1.16318 0
      vertex 47.2251 0.00984192 0
    endloop
  endfacet
  facet normal 0 0 -1
    outer loop
      vertex 46.7 0 0
      vertex 47.8128 1.16318 0
      vertex 47.1 0 0
    endloop
  endfacet
  facet normal 0 0 -1
    outer loop
      vertex 47.1152 2.5 0
      vertex 47.4 4 0
      vertex 47.4 2.5 0
    endloop
  endfacet
  facet normal 0 0 -1
    outer loop
      vertex 47.1152 2.5 0
      vertex 46.9 4 0
      vertex 47.4 4 0
    endloop
  endfacet
  facet normal 0 0 -1
    outer loop
      vertex 47.8128 1.16318 0
      vertex 46.6947 2.5 0
      vertex 47.1152 2.5 0
    endloop
  endfacet
  facet normal 0 0 -1
    outer loop
      vertex 45.9872 1.16318 0
      vertex 46.7 0 0
      vertex 46.5748 0.00984192 0
    endloop
  endfacet
  facet normal 0 0 -1
    outer loop
      vertex 47.1152 2.5 0
      vertex 46.6947 2.5 0
      vertex 46.9 4 0
    endloop
  endfacet
  facet normal 0 0 -1
    outer loop
      vertex 46.4 4 0
      vertex 46.9 4 0
      vertex 46.6947 2.5 0
    endloop
  endfacet
  facet normal 0 0 -1
    outer loop
      vertex 46.4 4 0
      vertex 46.6947 2.5 0
      vertex 46.4 2.5 0
    endloop
  endfacet
  facet normal 0 0 -1
    outer loop
      vertex 46.9 4 0
      vertex 46.4 4 0
      vertex 46.9 5 0
    endloop
  endfacet
  facet normal 0 0 -1
    outer loop
      vertex 46.4 4 0
      vertex 30.5 5 0
      vertex 46.9 5 0
    endloop
  endfacet
  facet normal 0 0 -1
    outer loop
      vertex 30 5 0
      vertex 30.5 5 0
      vertex 30 4 0
    endloop
  endfacet
  facet normal 0 0 -1
    outer loop
      vertex 30 4 0
      vertex 30.5 5 0
      vertex 46.4 4 0
    endloop
  endfacet
  facet normal 0 0 -1
    outer loop
      vertex 30.5 10.5 0
      vertex 31.1 12 0
      vertex 31.1 10.5 0
    endloop
  endfacet
  facet normal 0 0 -1
    outer loop
      vertex 30.5 5 0
      vertex 30 5 0
      vertex 30.5 10.5 0
    endloop
  endfacet
  facet normal 0 0 -1
    outer loop
      vertex 29.5 10.5 0
      vertex 30 5 0
      vertex 29.5 5 0
    endloop
  endfacet
  facet normal 0 0 -1
    outer loop
      vertex 30 5 0
      vertex 29.5 10.5 0
      vertex 30.5 10.5 0
    endloop
  endfacet
  facet normal 0 0 -1
    outer loop
      vertex 29.5 10.5 0
      vertex 31.1 12 0
      vertex 30.5 10.5 0
    endloop
  endfacet
  facet normal 0 0 -1
    outer loop
      vertex 28.9 12 0
      vertex 29.5 10.5 0
      vertex 28.9 10.5 0
    endloop
  endfacet
  facet normal 0 0 -1
    outer loop
      vertex 29.5 10.5 0
      vertex 28.9 12 0
      vertex 31.1 12 0
    endloop
  endfacet
  facet normal 0 0 1
    outer loop
      vertex 31.1 12 1
      vertex 30.5 10.5 1
      vertex 31.1 10.5 1
    endloop
  endfacet
  facet normal 0 0 1
    outer loop
      vertex 30.5 10.5 1
      vertex 30 5 1
      vertex 30.5 5 1
    endloop
  endfacet
  facet normal 0 0 1
    outer loop
      vertex 30.5 10.5 1
      vertex 29.5 10.5 1
      vertex 30 5 1
    endloop
  endfacet
  facet normal 0 0 1
    outer loop
      vertex 31.1 12 1
      vertex 29.5 10.5 1
      vertex 30.5 10.5 1
    endloop
  endfacet
  facet normal -0 0 1
    outer loop
      vertex 28.9 12 1
      vertex 29.5 10.5 1
      vertex 31.1 12 1
    endloop
  endfacet
  facet normal 0 0 1
    outer loop
      vertex 29.5 10.5 1
      vertex 28.9 12 1
      vertex 28.9 10.5 1
    endloop
  endfacet
  facet normal 0 0 1
    outer loop
      vertex 46.4 4 1
      vertex 46.9 4 1
      vertex 46.9 5 1
    endloop
  endfacet
  facet normal 0 0 1
    outer loop
      vertex 46.9 4 1
      vertex 46.6947 2.5 1
      vertex 46.7 0 1
    endloop
  endfacet
  facet normal 0 0 1
    outer loop
      vertex 46.9 4 1
      vertex 46.4 4 1
      vertex 46.6947 2.5 1
    endloop
  endfacet
  facet normal -0 0 1
    outer loop
      vertex 30.5 5 1
      vertex 46.4 4 1
      vertex 46.9 5 1
    endloop
  endfacet
  facet normal 0 0 1
    outer loop
      vertex 30 4 1
      vertex 30.5 5 1
      vertex 30 5 1
    endloop
  endfacet
  facet normal 0 0 1
    outer loop
      vertex 30.5 5 1
      vertex 30 4 1
      vertex 46.4 4 1
    endloop
  endfacet
  facet normal 0 0 1
    outer loop
      vertex 47.4 4 1
      vertex 47.1152 2.5 1
      vertex 47.4 2.5 1
    endloop
  endfacet
  facet normal -0 0 1
    outer loop
      vertex 46.9 4 1
      vertex 47.1152 2.5 1
      vertex 47.4 4 1
    endloop
  endfacet
  facet normal 0 0 1
    outer loop
      vertex 46.7 0 1
      vertex 47.1152 2.5 1
      vertex 46.9 4 1
    endloop
  endfacet
  facet normal 0 0 1
    outer loop
      vertex 47.1152 2.5 1
      vertex 46.7 0 1
      vertex 47.1 0 1
    endloop
  endfacet
  facet normal 0 0 1
    outer loop
      vertex 47.8901 0.92514 1
      vertex 47.8901 0.67485 1
      vertex 47.9 0.799988 1
    endloop
  endfacet
  facet normal 0 0 1
    outer loop
      vertex 47.8608 1.04721 1
      vertex 47.8901 0.67485 1
      vertex 47.8901 0.92514 1
    endloop
  endfacet
  facet normal 0 0 1
    outer loop
      vertex 47.8608 1.04721 1
      vertex 47.8608 0.55278 1
      vertex 47.8901 0.67485 1
    endloop
  endfacet
  facet normal 0 0 1
    outer loop
      vertex 47.8128 1.16318 1
      vertex 47.8608 0.55278 1
      vertex 47.8608 1.04721 1
    endloop
  endfacet
  facet normal 0 0 1
    outer loop
      vertex 47.8128 1.16318 1
      vertex 47.8128 0.436798 1
      vertex 47.8608 0.55278 1
    endloop
  endfacet
  facet normal 0 0 1
    outer loop
      vertex 47.8128 1.16318 1
      vertex 47.7472 0.329758 1
      vertex 47.8128 0.436798 1
    endloop
  endfacet
  facet normal 0 0 1
    outer loop
      vertex 47.8128 1.16318 1
      vertex 47.6657 0.234314 1
      vertex 47.7472 0.329758 1
    endloop
  endfacet
  facet normal 0 0 1
    outer loop
      vertex 47.8128 1.16318 1
      vertex 47.5702 0.152786 1
      vertex 47.6657 0.234314 1
    endloop
  endfacet
  facet normal 0 0 1
    outer loop
      vertex 47.8128 1.16318 1
      vertex 47.4632 0.0871887 1
      vertex 47.5702 0.152786 1
    endloop
  endfacet
  facet normal 0 0 1
    outer loop
      vertex 47.8128 1.16318 1
      vertex 47.3472 0.0391541 1
      vertex 47.4632 0.0871887 1
    endloop
  endfacet
  facet normal 0 0 1
    outer loop
      vertex 47.8128 1.16318 1
      vertex 47.2251 0.00984192 1
      vertex 47.3472 0.0391541 1
    endloop
  endfacet
  facet normal 0 0 1
    outer loop
      vertex 47.1 0 1
      vertex 47.8128 1.16318 1
      vertex 47.1152 2.5 1
    endloop
  endfacet
  facet normal 0 0 1
    outer loop
      vertex 47.8128 1.16318 1
      vertex 47.1 0 1
      vertex 47.2251 0.00984192 1
    endloop
  endfacet
  facet normal -0 0 1
    outer loop
      vertex 45.9872 1.16318 1
      vertex 46.7 0 1
      vertex 46.6947 2.5 1
    endloop
  endfacet
  facet normal 0 0 1
    outer loop
      vertex 46.7 0 1
      vertex 45.9872 1.16318 1
      vertex 46.5748 0.00984192 1
    endloop
  endfacet
  facet normal 0 0 1
    outer loop
      vertex 46.5748 0.00984192 1
      vertex 45.9872 1.16318 1
      vertex 46.4528 0.0391541 1
    endloop
  endfacet
  facet normal 0 0 1
    outer loop
      vertex 46.4528 0.0391541 1
      vertex 45.9872 1.16318 1
      vertex 46.3368 0.0871887 1
    endloop
  endfacet
  facet normal 0 0 1
    outer loop
      vertex 46.3368 0.0871887 1
      vertex 45.9872 1.16318 1
      vertex 46.2298 0.152786 1
    endloop
  endfacet
  facet normal 0 0 1
    outer loop
      vertex 46.2298 0.152786 1
      vertex 45.9872 1.16318 1
      vertex 46.1343 0.234314 1
    endloop
  endfacet
  facet normal 0 0 1
    outer loop
      vertex 46.1343 0.234314 1
      vertex 45.9872 1.16318 1
      vertex 46.0528 0.329758 1
    endloop
  endfacet
  facet normal 0 0 1
    outer loop
      vertex 45.9872 1.16318 1
      vertex 45.9872 0.436798 1
      vertex 46.0528 0.329758 1
    endloop
  endfacet
  facet normal -0 0 1
    outer loop
      vertex 45.9391 1.04721 1
      vertex 45.9872 0.436798 1
      vertex 45.9872 1.16318 1
    endloop
  endfacet
  facet normal 0 0 1
    outer loop
      vertex 45.9391 1.04721 1
      vertex 45.9391 0.55278 1
      vertex 45.9872 0.436798 1
    endloop
  endfacet
  facet normal -0 0 1
    outer loop
      vertex 45.9098 0.92514 1
      vertex 45.9391 0.55278 1
      vertex 45.9391 1.04721 1
    endloop
  endfacet
  facet normal 0 0 1
    outer loop
      vertex 45.9098 0.92514 1
      vertex 45.9098 0.67485 1
      vertex 45.9391 0.55278 1
    endloop
  endfacet
  facet normal 0 -0 1
    outer loop
      vertex 45.9098 0.67485 1
      vertex 45.9098 0.92514 1
      vertex 45.9 0.799988 1
    endloop
  endfacet
  facet normal 0 0 1
    outer loop
      vertex 46.6947 2.5 1
      vertex 46.4 4 1
      vertex 46.4 2.5 1
    endloop
  endfacet
  facet normal 0 0 1
    outer loop
      vertex 30 5 1
      vertex 29.5 10.5 1
      vertex 29.5 5 1
    endloop
  endfacet
  facet normal -1 0 0
    outer loop
      vertex 30 4 0
      vertex 30 5 1
      vertex 30 5 0
    endloop
  endfacet
  facet normal -1 -0 0
    outer loop
      vertex 30 5 1
      vertex 30 4 0
      vertex 30 4 1
    endloop
  endfacet
  facet normal 0 -1 0
    outer loop
      vertex 30 4 0
      vertex 46.4 4 1
      vertex 30 4 1
    endloop
  endfacet
  facet normal 0 -1 -0
    outer loop
      vertex 46.4 4 1
      vertex 30 4 0
      vertex 46.4 4 0
    endloop
  endfacet
  facet normal -1 0 0
    outer loop
      vertex 46.4 2.5 0
      vertex 46.4 4 1
      vertex 46.4 4 0
    endloop
  endfacet
  facet normal -1 -0 0
    outer loop
      vertex 46.4 4 1
      vertex 46.4 2.5 0
      vertex 46.4 2.5 1
    endloop
  endfacet
  facet normal 0 -1 0
    outer loop
      vertex 46.4 2.5 0
      vertex 46.6947 2.5 1
      vertex 46.4 2.5 1
    endloop
  endfacet
  facet normal 0 -1 -0
    outer loop
      vertex 46.6947 2.5 1
      vertex 46.4 2.5 0
      vertex 46.6947 2.5 0
    endloop
  endfacet
  facet normal -0.88385 0.46777 0
    outer loop
      vertex 45.9872 1.16318 0
      vertex 46.6947 2.5 1
      vertex 46.6947 2.5 0
    endloop
  endfacet
  facet normal -0.88385 0.46777 0
    outer loop
      vertex 46.6947 2.5 1
      vertex 45.9872 1.16318 0
      vertex 45.9872 1.16318 1
    endloop
  endfacet
  facet normal -0.9237 0.383116 0
    outer loop
      vertex 45.9391 1.04721 0
      vertex 45.9872 1.16318 1
      vertex 45.9872 1.16318 0
    endloop
  endfacet
  facet normal -0.9237 0.383116 0
    outer loop
      vertex 45.9872 1.16318 1
      vertex 45.9391 1.04721 0
      vertex 45.9391 1.04721 1
    endloop
  endfacet
  facet normal -0.972382 0.233397 0
    outer loop
      vertex 45.9098 0.92514 0
      vertex 45.9391 1.04721 1
      vertex 45.9391 1.04721 0
    endloop
  endfacet
  facet normal -0.972382 0.233397 0
    outer loop
      vertex 45.9391 1.04721 1
      vertex 45.9098 0.92514 0
      vertex 45.9098 0.92514 1
    endloop
  endfacet
  facet normal -0.996948 0.0780658 0
    outer loop
      vertex 45.9 0.799988 0
      vertex 45.9098 0.92514 1
      vertex 45.9098 0.92514 0
    endloop
  endfacet
  facet normal -0.996948 0.0780658 0
    outer loop
      vertex 45.9098 0.92514 1
      vertex 45.9 0.799988 0
      vertex 45.9 0.799988 1
    endloop
  endfacet
  facet normal -0.996948 -0.0780745 0
    outer loop
      vertex 45.9098 0.67485 0
      vertex 45.9 0.799988 1
      vertex 45.9 0.799988 0
    endloop
  endfacet
  facet normal -0.996948 -0.0780745 0
    outer loop
      vertex 45.9 0.799988 1
      vertex 45.9098 0.67485 0
      vertex 45.9098 0.67485 1
    endloop
  endfacet
  facet normal -0.972382 -0.233397 0
    outer loop
      vertex 45.9391 0.55278 0
      vertex 45.9098 0.67485 1
      vertex 45.9098 0.67485 0
    endloop
  endfacet
  facet normal -0.972382 -0.233397 0
    outer loop
      vertex 45.9098 0.67485 1
      vertex 45.9391 0.55278 0
      vertex 45.9391 0.55278 1
    endloop
  endfacet
  facet normal -0.923714 -0.383082 0
    outer loop
      vertex 45.9872 0.436798 0
      vertex 45.9391 0.55278 1
      vertex 45.9391 0.55278 0
    endloop
  endfacet
  facet normal -0.923714 -0.383082 0
    outer loop
      vertex 45.9391 0.55278 1
      vertex 45.9872 0.436798 0
      vertex 45.9872 0.436798 1
    endloop
  endfacet
  facet normal -0.85262 -0.522532 0
    outer loop
      vertex 46.0528 0.329758 0
      vertex 45.9872 0.436798 1
      vertex 45.9872 0.436798 0
    endloop
  endfacet
  facet normal -0.85262 -0.522532 0
    outer loop
      vertex 45.9872 0.436798 1
      vertex 46.0528 0.329758 0
      vertex 46.0528 0.329758 1
    endloop
  endfacet
  facet normal -0.760472 -0.64937 0
    outer loop
      vertex 46.1343 0.234314 0
      vertex 46.0528 0.329758 1
      vertex 46.0528 0.329758 0
    endloop
  endfacet
  facet normal -0.760472 -0.64937 0
    outer loop
      vertex 46.0528 0.329758 1
      vertex 46.1343 0.234314 0
      vertex 46.1343 0.234314 1
    endloop
  endfacet
  facet normal -0.649279 -0.76055 0
    outer loop
      vertex 46.1343 0.234314 0
      vertex 46.2298 0.152786 1
      vertex 46.1343 0.234314 1
    endloop
  endfacet
  facet normal -0.649279 -0.76055 -0
    outer loop
      vertex 46.2298 0.152786 1
      vertex 46.1343 0.234314 0
      vertex 46.2298 0.152786 0
    endloop
  endfacet
  facet normal -0.522659 -0.852542 0
    outer loop
      vertex 46.2298 0.152786 0
      vertex 46.3368 0.0871887 1
      vertex 46.2298 0.152786 1
    endloop
  endfacet
  facet normal -0.522659 -0.852542 -0
    outer loop
      vertex 46.3368 0.0871887 1
      vertex 46.2298 0.152786 0
      vertex 46.3368 0.0871887 0
    endloop
  endfacet
  facet normal -0.382587 -0.923919 0
    outer loop
      vertex 46.3368 0.0871887 0
      vertex 46.4528 0.0391541 1
      vertex 46.3368 0.0871887 1
    endloop
  endfacet
  facet normal -0.382587 -0.923919 -0
    outer loop
      vertex 46.4528 0.0391541 1
      vertex 46.3368 0.0871887 0
      vertex 46.4528 0.0391541 0
    endloop
  endfacet
  facet normal -0.233615 -0.972329 0
    outer loop
      vertex 46.4528 0.0391541 0
      vertex 46.5748 0.00984192 1
      vertex 46.4528 0.0391541 1
    endloop
  endfacet
  facet normal -0.233615 -0.972329 -0
    outer loop
      vertex 46.5748 0.00984192 1
      vertex 46.4528 0.0391541 0
      vertex 46.5748 0.00984192 0
    endloop
  endfacet
  facet normal -0.0783678 -0.996925 0
    outer loop
      vertex 46.5748 0.00984192 0
      vertex 46.7 0 1
      vertex 46.5748 0.00984192 1
    endloop
  endfacet
  facet normal -0.0783678 -0.996925 -0
    outer loop
      vertex 46.7 0 1
      vertex 46.5748 0.00984192 0
      vertex 46.7 0 0
    endloop
  endfacet
  facet normal 0 -1 0
    outer loop
      vertex 46.7 0 0
      vertex 47.1 0 1
      vertex 46.7 0 1
    endloop
  endfacet
  facet normal 0 -1 -0
    outer loop
      vertex 47.1 0 1
      vertex 46.7 0 0
      vertex 47.1 0 0
    endloop
  endfacet
  facet normal 0.0784301 -0.99692 0
    outer loop
      vertex 47.1 0 0
      vertex 47.2251 0.00984192 1
      vertex 47.1 0 1
    endloop
  endfacet
  facet normal 0.0784301 -0.99692 0
    outer loop
      vertex 47.2251 0.00984192 1
      vertex 47.1 0 0
      vertex 47.2251 0.00984192 0
    endloop
  endfacet
  facet normal 0.233435 -0.972373 0
    outer loop
      vertex 47.2251 0.00984192 0
      vertex 47.3472 0.0391541 1
      vertex 47.2251 0.00984192 1
    endloop
  endfacet
  facet normal 0.233435 -0.972373 0
    outer loop
      vertex 47.3472 0.0391541 1
      vertex 47.2251 0.00984192 0
      vertex 47.3472 0.0391541 0
    endloop
  endfacet
  facet normal 0.382587 -0.923919 0
    outer loop
      vertex 47.3472 0.0391541 0
      vertex 47.4632 0.0871887 1
      vertex 47.3472 0.0391541 1
    endloop
  endfacet
  facet normal 0.382587 -0.923919 0
    outer loop
      vertex 47.4632 0.0871887 1
      vertex 47.3472 0.0391541 0
      vertex 47.4632 0.0871887 0
    endloop
  endfacet
  facet normal 0.522659 -0.852542 0
    outer loop
      vertex 47.4632 0.0871887 0
      vertex 47.5702 0.152786 1
      vertex 47.4632 0.0871887 1
    endloop
  endfacet
  facet normal 0.522659 -0.852542 0
    outer loop
      vertex 47.5702 0.152786 1
      vertex 47.4632 0.0871887 0
      vertex 47.5702 0.152786 0
    endloop
  endfacet
  facet normal 0.649279 -0.76055 0
    outer loop
      vertex 47.5702 0.152786 0
      vertex 47.6657 0.234314 1
      vertex 47.5702 0.152786 1
    endloop
  endfacet
  facet normal 0.649279 -0.76055 0
    outer loop
      vertex 47.6657 0.234314 1
      vertex 47.5702 0.152786 0
      vertex 47.6657 0.234314 0
    endloop
  endfacet
  facet normal 0.760472 -0.64937 0
    outer loop
      vertex 47.6657 0.234314 1
      vertex 47.7472 0.329758 0
      vertex 47.7472 0.329758 1
    endloop
  endfacet
  facet normal 0.760472 -0.64937 0
    outer loop
      vertex 47.7472 0.329758 0
      vertex 47.6657 0.234314 1
      vertex 47.6657 0.234314 0
    endloop
  endfacet
  facet normal 0.85262 -0.522532 0
    outer loop
      vertex 47.7472 0.329758 1
      vertex 47.8128 0.436798 0
      vertex 47.8128 0.436798 1
    endloop
  endfacet
  facet normal 0.85262 -0.522532 0
    outer loop
      vertex 47.8128 0.436798 0
      vertex 47.7472 0.329758 1
      vertex 47.7472 0.329758 0
    endloop
  endfacet
  facet normal 0.923996 -0.382402 0
    outer loop
      vertex 47.8128 0.436798 1
      vertex 47.8608 0.55278 0
      vertex 47.8608 0.55278 1
    endloop
  endfacet
  facet normal 0.923996 -0.382402 0
    outer loop
      vertex 47.8608 0.55278 0
      vertex 47.8128 0.436798 1
      vertex 47.8128 0.436798 0
    endloop
  endfacet
  facet normal 0.972382 -0.233397 0
    outer loop
      vertex 47.8608 0.55278 1
      vertex 47.8901 0.67485 0
      vertex 47.8901 0.67485 1
    endloop
  endfacet
  facet normal 0.972382 -0.233397 0
    outer loop
      vertex 47.8901 0.67485 0
      vertex 47.8608 0.55278 1
      vertex 47.8608 0.55278 0
    endloop
  endfacet
  facet normal 0.996885 -0.0788662 0
    outer loop
      vertex 47.8901 0.67485 1
      vertex 47.9 0.799988 0
      vertex 47.9 0.799988 1
    endloop
  endfacet
  facet normal 0.996885 -0.0788662 0
    outer loop
      vertex 47.9 0.799988 0
      vertex 47.8901 0.67485 1
      vertex 47.8901 0.67485 0
    endloop
  endfacet
  facet normal 0.996886 0.0788575 0
    outer loop
      vertex 47.9 0.799988 1
      vertex 47.8901 0.92514 0
      vertex 47.8901 0.92514 1
    endloop
  endfacet
  facet normal 0.996886 0.0788575 0
    outer loop
      vertex 47.8901 0.92514 0
      vertex 47.9 0.799988 1
      vertex 47.9 0.799988 0
    endloop
  endfacet
  facet normal 0.972382 0.233397 0
    outer loop
      vertex 47.8901 0.92514 1
      vertex 47.8608 1.04721 0
      vertex 47.8608 1.04721 1
    endloop
  endfacet
  facet normal 0.972382 0.233397 0
    outer loop
      vertex 47.8608 1.04721 0
      vertex 47.8901 0.92514 1
      vertex 47.8901 0.92514 0
    endloop
  endfacet
  facet normal 0.923982 0.382436 0
    outer loop
      vertex 47.8608 1.04721 1
      vertex 47.8128 1.16318 0
      vertex 47.8128 1.16318 1
    endloop
  endfacet
  facet normal 0.923982 0.382436 0
    outer loop
      vertex 47.8128 1.16318 0
      vertex 47.8608 1.04721 1
      vertex 47.8608 1.04721 0
    endloop
  endfacet
  facet normal 0.88655 0.462633 0
    outer loop
      vertex 47.8128 1.16318 1
      vertex 47.1152 2.5 0
      vertex 47.1152 2.5 1
    endloop
  endfacet
  facet normal 0.88655 0.462633 0
    outer loop
      vertex 47.1152 2.5 0
      vertex 47.8128 1.16318 1
      vertex 47.8128 1.16318 0
    endloop
  endfacet
  facet normal 0 -1 0
    outer loop
      vertex 47.1152 2.5 0
      vertex 47.4 2.5 1
      vertex 47.1152 2.5 1
    endloop
  endfacet
  facet normal 0 -1 -0
    outer loop
      vertex 47.4 2.5 1
      vertex 47.1152 2.5 0
      vertex 47.4 2.5 0
    endloop
  endfacet
  facet normal 1 -0 0
    outer loop
      vertex 47.4 2.5 1
      vertex 47.4 4 0
      vertex 47.4 4 1
    endloop
  endfacet
  facet normal 1 0 0
    outer loop
      vertex 47.4 4 0
      vertex 47.4 2.5 1
      vertex 47.4 2.5 0
    endloop
  endfacet
  facet normal 0 1 -0
    outer loop
      vertex 47.4 4 0
      vertex 46.9 4 1
      vertex 47.4 4 1
    endloop
  endfacet
  facet normal 0 1 0
    outer loop
      vertex 46.9 4 1
      vertex 47.4 4 0
      vertex 46.9 4 0
    endloop
  endfacet
  facet normal 1 -0 0
    outer loop
      vertex 46.9 4 1
      vertex 46.9 5 0
      vertex 46.9 5 1
    endloop
  endfacet
  facet normal 1 0 0
    outer loop
      vertex 46.9 5 0
      vertex 46.9 4 1
      vertex 46.9 4 0
    endloop
  endfacet
  facet normal 0 1 -0
    outer loop
      vertex 46.9 5 0
      vertex 30.5 5 1
      vertex 46.9 5 1
    endloop
  endfacet
  facet normal 0 1 0
    outer loop
      vertex 30.5 5 1
      vertex 46.9 5 0
      vertex 30.5 5 0
    endloop
  endfacet
  facet normal 1 -0 0
    outer loop
      vertex 30.5 5 1
      vertex 30.5 10.5 0
      vertex 30.5 10.5 1
    endloop
  endfacet
  facet normal 1 0 0
    outer loop
      vertex 30.5 10.5 0
      vertex 30.5 5 1
      vertex 30.5 5 0
    endloop
  endfacet
  facet normal 0 -1 0
    outer loop
      vertex 30.5 10.5 0
      vertex 31.1 10.5 1
      vertex 30.5 10.5 1
    endloop
  endfacet
  facet normal 0 -1 -0
    outer loop
      vertex 31.1 10.5 1
      vertex 30.5 10.5 0
      vertex 31.1 10.5 0
    endloop
  endfacet
  facet normal 1 -0 0
    outer loop
      vertex 31.1 10.5 1
      vertex 31.1 12 0
      vertex 31.1 12 1
    endloop
  endfacet
  facet normal 1 0 0
    outer loop
      vertex 31.1 12 0
      vertex 31.1 10.5 1
      vertex 31.1 10.5 0
    endloop
  endfacet
  facet normal 0 1 -0
    outer loop
      vertex 31.1 12 0
      vertex 28.9 12 1
      vertex 31.1 12 1
    endloop
  endfacet
  facet normal 0 1 0
    outer loop
      vertex 28.9 12 1
      vertex 31.1 12 0
      vertex 28.9 12 0
    endloop
  endfacet
  facet normal -1 0 0
    outer loop
      vertex 28.9 10.5 0
      vertex 28.9 12 1
      vertex 28.9 12 0
    endloop
  endfacet
  facet normal -1 -0 0
    outer loop
      vertex 28.9 12 1
      vertex 28.9 10.5 0
      vertex 28.9 10.5 1
    endloop
  endfacet
  facet normal 0 -1 0
    outer loop
      vertex 28.9 10.5 0
      vertex 29.5 10.5 1
      vertex 28.9 10.5 1
    endloop
  endfacet
  facet normal 0 -1 -0
    outer loop
      vertex 29.5 10.5 1
      vertex 28.9 10.5 0
      vertex 29.5 10.5 0
    endloop
  endfacet
  facet normal -1 0 0
    outer loop
      vertex 29.5 5 0
      vertex 29.5 10.5 1
      vertex 29.5 10.5 0
    endloop
  endfacet
  facet normal -1 -0 0
    outer loop
      vertex 29.5 10.5 1
      vertex 29.5 5 0
      vertex 29.5 5 1
    endloop
  endfacet
  facet normal 0 -1 0
    outer loop
      vertex 29.5 5 0
      vertex 30 5 1
      vertex 29.5 5 1
    endloop
  endfacet
  facet normal 0 -1 -0
    outer loop
      vertex 30 5 1
      vertex 29.5 5 0
      vertex 30 5 0
    endloop
  endfacet
  facet normal 0 0 -1
    outer loop
      vertex 79.771 0.67485 0
      vertex 79.771 0.92514 0
      vertex 79.7808 0.799988 0
    endloop
  endfacet
  facet normal 0 0 -1
    outer loop
      vertex 79.7417 0.55278 0
      vertex 79.771 0.92514 0
      vertex 79.771 0.67485 0
    endloop
  endfacet
  facet normal 0 0 -1
    outer loop
      vertex 79.7417 0.55278 0
      vertex 79.7417 1.04721 0
      vertex 79.771 0.92514 0
    endloop
  endfacet
  facet normal 0 0 -1
    outer loop
      vertex 79.6936 0.436798 0
      vertex 79.7417 1.04721 0
      vertex 79.7417 0.55278 0
    endloop
  endfacet
  facet normal 0 0 -1
    outer loop
      vertex 79.6936 0.436798 0
      vertex 79.6936 1.16318 0
      vertex 79.7417 1.04721 0
    endloop
  endfacet
  facet normal 0 0 -1
    outer loop
      vertex 79.6281 0.329758 0
      vertex 79.6936 1.16318 0
      vertex 79.6936 0.436798 0
    endloop
  endfacet
  facet normal 0 0 -1
    outer loop
      vertex 79.5465 0.234314 0
      vertex 79.6936 1.16318 0
      vertex 79.6281 0.329758 0
    endloop
  endfacet
  facet normal 0 0 -1
    outer loop
      vertex 79.4511 0.152786 0
      vertex 79.6936 1.16318 0
      vertex 79.5465 0.234314 0
    endloop
  endfacet
  facet normal 0 0 -1
    outer loop
      vertex 79.344 0.0871887 0
      vertex 79.6936 1.16318 0
      vertex 79.4511 0.152786 0
    endloop
  endfacet
  facet normal 0 0 -1
    outer loop
      vertex 79.228 0.0391541 0
      vertex 79.6936 1.16318 0
      vertex 79.344 0.0871887 0
    endloop
  endfacet
  facet normal 0 0 -1
    outer loop
      vertex 79.106 0.00984192 0
      vertex 79.6936 1.16318 0
      vertex 79.228 0.0391541 0
    endloop
  endfacet
  facet normal 0 0 -1
    outer loop
      vertex 78.9808 0 0
      vertex 79.6936 1.16318 0
      vertex 79.106 0.00984192 0
    endloop
  endfacet
  facet normal -0 0 -1
    outer loop
      vertex 79.6936 1.16318 0
      vertex 78.9808 0 0
      vertex 77.868 1.16318 0
    endloop
  endfacet
  facet normal 0 0 -1
    outer loop
      vertex 78.996 2.5 0
      vertex 79.2808 9.5 0
      vertex 79.2808 2.5 0
    endloop
  endfacet
  facet normal 0 0 -1
    outer loop
      vertex 78.996 2.5 0
      vertex 78.7808 9.5 0
      vertex 79.2808 9.5 0
    endloop
  endfacet
  facet normal 0 0 -1
    outer loop
      vertex 79.6936 1.16318 0
      vertex 77.868 1.16318 0
      vertex 78.996 2.5 0
    endloop
  endfacet
  facet normal 0 0 -1
    outer loop
      vertex 77.868 1.16318 0
      vertex 78.9808 0 0
      vertex 78.5808 0 0
    endloop
  endfacet
  facet normal 0 0 -1
    outer loop
      vertex 78.996 2.5 0
      vertex 78.5755 2.5 0
      vertex 78.7808 9.5 0
    endloop
  endfacet
  facet normal 0 0 -1
    outer loop
      vertex 78.2808 9.5 0
      vertex 78.7808 9.5 0
      vertex 78.5755 2.5 0
    endloop
  endfacet
  facet normal 0 0 -1
    outer loop
      vertex 78.2808 9.5 0
      vertex 78.5755 2.5 0
      vertex 78.2808 2.5 0
    endloop
  endfacet
  facet normal 0 0 -1
    outer loop
      vertex 78.7808 9.5 0
      vertex 78.2808 9.5 0
      vertex 78.7808 10.5 0
    endloop
  endfacet
  facet normal 0 0 -1
    outer loop
      vertex 78.2808 9.5 0
      vertex 61.1 10.5 0
      vertex 78.7808 10.5 0
    endloop
  endfacet
  facet normal 0 0 -1
    outer loop
      vertex 60 9.5 0
      vertex 61.1 10.5 0
      vertex 78.2808 9.5 0
    endloop
  endfacet
  facet normal 0 0 -1
    outer loop
      vertex 60 10.5 0
      vertex 61.1 10.5 0
      vertex 60 9.5 0
    endloop
  endfacet
  facet normal 0 0 -1
    outer loop
      vertex 61.1 10.5 0
      vertex 60 10.5 0
      vertex 61.1 12 0
    endloop
  endfacet
  facet normal 0 0 -1
    outer loop
      vertex 58.9 12 0
      vertex 60 10.5 0
      vertex 58.9 10.5 0
    endloop
  endfacet
  facet normal 0 0 -1
    outer loop
      vertex 60 10.5 0
      vertex 58.9 12 0
      vertex 61.1 12 0
    endloop
  endfacet
  facet normal 0 0 -1
    outer loop
      vertex 77.868 1.16318 0
      vertex 78.5808 0 0
      vertex 78.4557 0.00984192 0
    endloop
  endfacet
  facet normal 0 0 -1
    outer loop
      vertex 77.868 1.16318 0
      vertex 78.4557 0.00984192 0
      vertex 78.3336 0.0391541 0
    endloop
  endfacet
  facet normal 0 0 -1
    outer loop
      vertex 77.868 1.16318 0
      vertex 78.3336 0.0391541 0
      vertex 78.2176 0.0871887 0
    endloop
  endfacet
  facet normal 0 0 -1
    outer loop
      vertex 77.868 1.16318 0
      vertex 78.2176 0.0871887 0
      vertex 78.1106 0.152786 0
    endloop
  endfacet
  facet normal 0 0 -1
    outer loop
      vertex 77.868 1.16318 0
      vertex 78.1106 0.152786 0
      vertex 78.0152 0.234314 0
    endloop
  endfacet
  facet normal 0 0 -1
    outer loop
      vertex 77.868 1.16318 0
      vertex 78.0152 0.234314 0
      vertex 77.9336 0.329758 0
    endloop
  endfacet
  facet normal 0 0 -1
    outer loop
      vertex 77.868 1.16318 0
      vertex 77.9336 0.329758 0
      vertex 77.868 0.436798 0
    endloop
  endfacet
  facet normal -0 0 -1
    outer loop
      vertex 78.996 2.5 0
      vertex 77.868 1.16318 0
      vertex 78.5755 2.5 0
    endloop
  endfacet
  facet normal 0 0 -1
    outer loop
      vertex 77.82 0.55278 0
      vertex 77.868 1.16318 0
      vertex 77.868 0.436798 0
    endloop
  endfacet
  facet normal 0 0 -1
    outer loop
      vertex 77.82 0.55278 0
      vertex 77.82 1.04721 0
      vertex 77.868 1.16318 0
    endloop
  endfacet
  facet normal 0 0 -1
    outer loop
      vertex 77.7907 0.67485 0
      vertex 77.82 1.04721 0
      vertex 77.82 0.55278 0
    endloop
  endfacet
  facet normal 0 0 -1
    outer loop
      vertex 77.7907 0.67485 0
      vertex 77.7907 0.92514 0
      vertex 77.82 1.04721 0
    endloop
  endfacet
  facet normal 0 -0 -1
    outer loop
      vertex 77.7907 0.92514 0
      vertex 77.7907 0.67485 0
      vertex 77.7808 0.799988 0
    endloop
  endfacet
  facet normal 0 0 1
    outer loop
      vertex 61.1 12 1
      vertex 60 10.5 1
      vertex 61.1 10.5 1
    endloop
  endfacet
  facet normal -0 0 1
    outer loop
      vertex 58.9 12 1
      vertex 60 10.5 1
      vertex 61.1 12 1
    endloop
  endfacet
  facet normal 0 0 1
    outer loop
      vertex 60 10.5 1
      vertex 58.9 12 1
      vertex 58.9 10.5 1
    endloop
  endfacet
  facet normal 0 0 1
    outer loop
      vertex 78.2808 9.5 1
      vertex 78.7808 9.5 1
      vertex 78.7808 10.5 1
    endloop
  endfacet
  facet normal 0 0 1
    outer loop
      vertex 78.7808 9.5 1
      vertex 78.5755 2.5 1
      vertex 78.5808 0 1
    endloop
  endfacet
  facet normal 0 0 1
    outer loop
      vertex 78.7808 9.5 1
      vertex 78.2808 9.5 1
      vertex 78.5755 2.5 1
    endloop
  endfacet
  facet normal -0 0 1
    outer loop
      vertex 61.1 10.5 1
      vertex 78.2808 9.5 1
      vertex 78.7808 10.5 1
    endloop
  endfacet
  facet normal 0 0 1
    outer loop
      vertex 60 9.5 1
      vertex 61.1 10.5 1
      vertex 60 10.5 1
    endloop
  endfacet
  facet normal 0 0 1
    outer loop
      vertex 61.1 10.5 1
      vertex 60 9.5 1
      vertex 78.2808 9.5 1
    endloop
  endfacet
  facet normal 0 0 1
    outer loop
      vertex 79.2808 9.5 1
      vertex 78.996 2.5 1
      vertex 79.2808 2.5 1
    endloop
  endfacet
  facet normal -0 0 1
    outer loop
      vertex 78.7808 9.5 1
      vertex 78.996 2.5 1
      vertex 79.2808 9.5 1
    endloop
  endfacet
  facet normal 0 0 1
    outer loop
      vertex 78.5808 0 1
      vertex 78.996 2.5 1
      vertex 78.7808 9.5 1
    endloop
  endfacet
  facet normal 0 0 1
    outer loop
      vertex 78.996 2.5 1
      vertex 78.5808 0 1
      vertex 78.9808 0 1
    endloop
  endfacet
  facet normal 0 0 1
    outer loop
      vertex 79.771 0.92514 1
      vertex 79.771 0.67485 1
      vertex 79.7808 0.799988 1
    endloop
  endfacet
  facet normal 0 0 1
    outer loop
      vertex 79.7417 1.04721 1
      vertex 79.771 0.67485 1
      vertex 79.771 0.92514 1
    endloop
  endfacet
  facet normal 0 0 1
    outer loop
      vertex 79.7417 1.04721 1
      vertex 79.7417 0.55278 1
      vertex 79.771 0.67485 1
    endloop
  endfacet
  facet normal 0 0 1
    outer loop
      vertex 79.6936 1.16318 1
      vertex 79.7417 0.55278 1
      vertex 79.7417 1.04721 1
    endloop
  endfacet
  facet normal 0 0 1
    outer loop
      vertex 79.6936 1.16318 1
      vertex 79.6936 0.436798 1
      vertex 79.7417 0.55278 1
    endloop
  endfacet
  facet normal 0 0 1
    outer loop
      vertex 79.6936 1.16318 1
      vertex 79.6281 0.329758 1
      vertex 79.6936 0.436798 1
    endloop
  endfacet
  facet normal 0 0 1
    outer loop
      vertex 79.6936 1.16318 1
      vertex 79.5465 0.234314 1
      vertex 79.6281 0.329758 1
    endloop
  endfacet
  facet normal 0 0 1
    outer loop
      vertex 79.6936 1.16318 1
      vertex 79.4511 0.152786 1
      vertex 79.5465 0.234314 1
    endloop
  endfacet
  facet normal 0 0 1
    outer loop
      vertex 79.6936 1.16318 1
      vertex 79.344 0.0871887 1
      vertex 79.4511 0.152786 1
    endloop
  endfacet
  facet normal 0 0 1
    outer loop
      vertex 79.6936 1.16318 1
      vertex 79.228 0.0391541 1
      vertex 79.344 0.0871887 1
    endloop
  endfacet
  facet normal 0 0 1
    outer loop
      vertex 79.6936 1.16318 1
      vertex 79.106 0.00984192 1
      vertex 79.228 0.0391541 1
    endloop
  endfacet
  facet normal 0 0 1
    outer loop
      vertex 78.9808 0 1
      vertex 79.6936 1.16318 1
      vertex 78.996 2.5 1
    endloop
  endfacet
  facet normal 0 0 1
    outer loop
      vertex 79.6936 1.16318 1
      vertex 78.9808 0 1
      vertex 79.106 0.00984192 1
    endloop
  endfacet
  facet normal -0 0 1
    outer loop
      vertex 77.868 1.16318 1
      vertex 78.5808 0 1
      vertex 78.5755 2.5 1
    endloop
  endfacet
  facet normal 0 0 1
    outer loop
      vertex 78.5808 0 1
      vertex 77.868 1.16318 1
      vertex 78.4557 0.00984192 1
    endloop
  endfacet
  facet normal 0 0 1
    outer loop
      vertex 78.4557 0.00984192 1
      vertex 77.868 1.16318 1
      vertex 78.3336 0.0391541 1
    endloop
  endfacet
  facet normal 0 0 1
    outer loop
      vertex 78.3336 0.0391541 1
      vertex 77.868 1.16318 1
      vertex 78.2176 0.0871887 1
    endloop
  endfacet
  facet normal 0 0 1
    outer loop
      vertex 78.2176 0.0871887 1
      vertex 77.868 1.16318 1
      vertex 78.1106 0.152786 1
    endloop
  endfacet
  facet normal 0 0 1
    outer loop
      vertex 78.1106 0.152786 1
      vertex 77.868 1.16318 1
      vertex 78.0152 0.234314 1
    endloop
  endfacet
  facet normal 0 0 1
    outer loop
      vertex 78.0152 0.234314 1
      vertex 77.868 1.16318 1
      vertex 77.9336 0.329758 1
    endloop
  endfacet
  facet normal 0 0 1
    outer loop
      vertex 77.868 1.16318 1
      vertex 77.868 0.436798 1
      vertex 77.9336 0.329758 1
    endloop
  endfacet
  facet normal -0 0 1
    outer loop
      vertex 77.82 1.04721 1
      vertex 77.868 0.436798 1
      vertex 77.868 1.16318 1
    endloop
  endfacet
  facet normal 0 0 1
    outer loop
      vertex 77.82 1.04721 1
      vertex 77.82 0.55278 1
      vertex 77.868 0.436798 1
    endloop
  endfacet
  facet normal -0 0 1
    outer loop
      vertex 77.7907 0.92514 1
      vertex 77.82 0.55278 1
      vertex 77.82 1.04721 1
    endloop
  endfacet
  facet normal 0 0 1
    outer loop
      vertex 77.7907 0.92514 1
      vertex 77.7907 0.67485 1
      vertex 77.82 0.55278 1
    endloop
  endfacet
  facet normal 0 -0 1
    outer loop
      vertex 77.7907 0.67485 1
      vertex 77.7907 0.92514 1
      vertex 77.7808 0.799988 1
    endloop
  endfacet
  facet normal 0 0 1
    outer loop
      vertex 78.5755 2.5 1
      vertex 78.2808 9.5 1
      vertex 78.2808 2.5 1
    endloop
  endfacet
  facet normal 0 -1 0
    outer loop
      vertex 60 9.5 0
      vertex 78.2808 9.5 1
      vertex 60 9.5 1
    endloop
  endfacet
  facet normal 0 -1 -0
    outer loop
      vertex 78.2808 9.5 1
      vertex 60 9.5 0
      vertex 78.2808 9.5 0
    endloop
  endfacet
  facet normal -1 0 0
    outer loop
      vertex 78.2808 2.5 0
      vertex 78.2808 9.5 1
      vertex 78.2808 9.5 0
    endloop
  endfacet
  facet normal -1 -0 0
    outer loop
      vertex 78.2808 9.5 1
      vertex 78.2808 2.5 0
      vertex 78.2808 2.5 1
    endloop
  endfacet
  facet normal 0 -1 0
    outer loop
      vertex 78.2808 2.5 0
      vertex 78.5755 2.5 1
      vertex 78.2808 2.5 1
    endloop
  endfacet
  facet normal 0 -1 -0
    outer loop
      vertex 78.5755 2.5 1
      vertex 78.2808 2.5 0
      vertex 78.5755 2.5 0
    endloop
  endfacet
  facet normal -0.88385 0.46777 0
    outer loop
      vertex 77.868 1.16318 0
      vertex 78.5755 2.5 1
      vertex 78.5755 2.5 0
    endloop
  endfacet
  facet normal -0.88385 0.46777 0
    outer loop
      vertex 78.5755 2.5 1
      vertex 77.868 1.16318 0
      vertex 77.868 1.16318 1
    endloop
  endfacet
  facet normal -0.923982 0.382436 0
    outer loop
      vertex 77.82 1.04721 0
      vertex 77.868 1.16318 1
      vertex 77.868 1.16318 0
    endloop
  endfacet
  facet normal -0.923982 0.382436 0
    outer loop
      vertex 77.868 1.16318 1
      vertex 77.82 1.04721 0
      vertex 77.82 1.04721 1
    endloop
  endfacet
  facet normal -0.972382 0.233397 0
    outer loop
      vertex 77.7907 0.92514 0
      vertex 77.82 1.04721 1
      vertex 77.82 1.04721 0
    endloop
  endfacet
  facet normal -0.972382 0.233397 0
    outer loop
      vertex 77.82 1.04721 1
      vertex 77.7907 0.92514 0
      vertex 77.7907 0.92514 1
    endloop
  endfacet
  facet normal -0.996886 0.0788575 0
    outer loop
      vertex 77.7808 0.799988 0
      vertex 77.7907 0.92514 1
      vertex 77.7907 0.92514 0
    endloop
  endfacet
  facet normal -0.996886 0.0788575 0
    outer loop
      vertex 77.7907 0.92514 1
      vertex 77.7808 0.799988 0
      vertex 77.7808 0.799988 1
    endloop
  endfacet
  facet normal -0.996885 -0.0788662 0
    outer loop
      vertex 77.7907 0.67485 0
      vertex 77.7808 0.799988 1
      vertex 77.7808 0.799988 0
    endloop
  endfacet
  facet normal -0.996885 -0.0788662 0
    outer loop
      vertex 77.7808 0.799988 1
      vertex 77.7907 0.67485 0
      vertex 77.7907 0.67485 1
    endloop
  endfacet
  facet normal -0.972382 -0.233397 0
    outer loop
      vertex 77.82 0.55278 0
      vertex 77.7907 0.67485 1
      vertex 77.7907 0.67485 0
    endloop
  endfacet
  facet normal -0.972382 -0.233397 0
    outer loop
      vertex 77.7907 0.67485 1
      vertex 77.82 0.55278 0
      vertex 77.82 0.55278 1
    endloop
  endfacet
  facet normal -0.923996 -0.382402 0
    outer loop
      vertex 77.868 0.436798 0
      vertex 77.82 0.55278 1
      vertex 77.82 0.55278 0
    endloop
  endfacet
  facet normal -0.923996 -0.382402 0
    outer loop
      vertex 77.82 0.55278 1
      vertex 77.868 0.436798 0
      vertex 77.868 0.436798 1
    endloop
  endfacet
  facet normal -0.85262 -0.522532 0
    outer loop
      vertex 77.9336 0.329758 0
      vertex 77.868 0.436798 1
      vertex 77.868 0.436798 0
    endloop
  endfacet
  facet normal -0.85262 -0.522532 0
    outer loop
      vertex 77.868 0.436798 1
      vertex 77.9336 0.329758 0
      vertex 77.9336 0.329758 1
    endloop
  endfacet
  facet normal -0.760079 -0.649831 0
    outer loop
      vertex 78.0152 0.234314 0
      vertex 77.9336 0.329758 1
      vertex 77.9336 0.329758 0
    endloop
  endfacet
  facet normal -0.760079 -0.649831 0
    outer loop
      vertex 77.9336 0.329758 1
      vertex 78.0152 0.234314 0
      vertex 78.0152 0.234314 1
    endloop
  endfacet
  facet normal -0.649672 -0.760214 0
    outer loop
      vertex 78.0152 0.234314 0
      vertex 78.1106 0.152786 1
      vertex 78.0152 0.234314 1
    endloop
  endfacet
  facet normal -0.649672 -0.760214 -0
    outer loop
      vertex 78.1106 0.152786 1
      vertex 78.0152 0.234314 0
      vertex 78.1106 0.152786 0
    endloop
  endfacet
  facet normal -0.522659 -0.852542 0
    outer loop
      vertex 78.1106 0.152786 0
      vertex 78.2176 0.0871887 1
      vertex 78.1106 0.152786 1
    endloop
  endfacet
  facet normal -0.522659 -0.852542 -0
    outer loop
      vertex 78.2176 0.0871887 1
      vertex 78.1106 0.152786 0
      vertex 78.2176 0.0871887 0
    endloop
  endfacet
  facet normal -0.382587 -0.923919 0
    outer loop
      vertex 78.2176 0.0871887 0
      vertex 78.3336 0.0391541 1
      vertex 78.2176 0.0871887 1
    endloop
  endfacet
  facet normal -0.382587 -0.923919 -0
    outer loop
      vertex 78.3336 0.0391541 1
      vertex 78.2176 0.0871887 0
      vertex 78.3336 0.0391541 0
    endloop
  endfacet
  facet normal -0.233435 -0.972373 0
    outer loop
      vertex 78.3336 0.0391541 0
      vertex 78.4557 0.00984192 1
      vertex 78.3336 0.0391541 1
    endloop
  endfacet
  facet normal -0.233435 -0.972373 -0
    outer loop
      vertex 78.4557 0.00984192 1
      vertex 78.3336 0.0391541 0
      vertex 78.4557 0.00984192 0
    endloop
  endfacet
  facet normal -0.0784301 -0.99692 0
    outer loop
      vertex 78.4557 0.00984192 0
      vertex 78.5808 0 1
      vertex 78.4557 0.00984192 1
    endloop
  endfacet
  facet normal -0.0784301 -0.99692 -0
    outer loop
      vertex 78.5808 0 1
      vertex 78.4557 0.00984192 0
      vertex 78.5808 0 0
    endloop
  endfacet
  facet normal 0 -1 0
    outer loop
      vertex 78.5808 0 0
      vertex 78.9808 0 1
      vertex 78.5808 0 1
    endloop
  endfacet
  facet normal 0 -1 -0
    outer loop
      vertex 78.9808 0 1
      vertex 78.5808 0 0
      vertex 78.9808 0 0
    endloop
  endfacet
  facet normal 0.0783678 -0.996925 0
    outer loop
      vertex 78.9808 0 0
      vertex 79.106 0.00984192 1
      vertex 78.9808 0 1
    endloop
  endfacet
  facet normal 0.0783678 -0.996925 0
    outer loop
      vertex 79.106 0.00984192 1
      vertex 78.9808 0 0
      vertex 79.106 0.00984192 0
    endloop
  endfacet
  facet normal 0.233615 -0.972329 0
    outer loop
      vertex 79.106 0.00984192 0
      vertex 79.228 0.0391541 1
      vertex 79.106 0.00984192 1
    endloop
  endfacet
  facet normal 0.233615 -0.972329 0
    outer loop
      vertex 79.228 0.0391541 1
      vertex 79.106 0.00984192 0
      vertex 79.228 0.0391541 0
    endloop
  endfacet
  facet normal 0.382587 -0.923919 0
    outer loop
      vertex 79.228 0.0391541 0
      vertex 79.344 0.0871887 1
      vertex 79.228 0.0391541 1
    endloop
  endfacet
  facet normal 0.382587 -0.923919 0
    outer loop
      vertex 79.344 0.0871887 1
      vertex 79.228 0.0391541 0
      vertex 79.344 0.0871887 0
    endloop
  endfacet
  facet normal 0.522304 -0.85276 0
    outer loop
      vertex 79.344 0.0871887 0
      vertex 79.4511 0.152786 1
      vertex 79.344 0.0871887 1
    endloop
  endfacet
  facet normal 0.522304 -0.85276 0
    outer loop
      vertex 79.4511 0.152786 1
      vertex 79.344 0.0871887 0
      vertex 79.4511 0.152786 0
    endloop
  endfacet
  facet normal 0.649672 -0.760214 0
    outer loop
      vertex 79.4511 0.152786 0
      vertex 79.5465 0.234314 1
      vertex 79.4511 0.152786 1
    endloop
  endfacet
  facet normal 0.649672 -0.760214 0
    outer loop
      vertex 79.5465 0.234314 1
      vertex 79.4511 0.152786 0
      vertex 79.5465 0.234314 0
    endloop
  endfacet
  facet normal 0.760079 -0.649831 0
    outer loop
      vertex 79.5465 0.234314 1
      vertex 79.6281 0.329758 0
      vertex 79.6281 0.329758 1
    endloop
  endfacet
  facet normal 0.760079 -0.649831 0
    outer loop
      vertex 79.6281 0.329758 0
      vertex 79.5465 0.234314 1
      vertex 79.5465 0.234314 0
    endloop
  endfacet
  facet normal 0.852974 -0.521953 0
    outer loop
      vertex 79.6281 0.329758 1
      vertex 79.6936 0.436798 0
      vertex 79.6936 0.436798 1
    endloop
  endfacet
  facet normal 0.852974 -0.521953 0
    outer loop
      vertex 79.6936 0.436798 0
      vertex 79.6281 0.329758 1
      vertex 79.6281 0.329758 0
    endloop
  endfacet
  facet normal 0.923714 -0.383082 0
    outer loop
      vertex 79.6936 0.436798 1
      vertex 79.7417 0.55278 0
      vertex 79.7417 0.55278 1
    endloop
  endfacet
  facet normal 0.923714 -0.383082 0
    outer loop
      vertex 79.7417 0.55278 0
      vertex 79.6936 0.436798 1
      vertex 79.6936 0.436798 0
    endloop
  endfacet
  facet normal 0.972382 -0.233397 0
    outer loop
      vertex 79.7417 0.55278 1
      vertex 79.771 0.67485 0
      vertex 79.771 0.67485 1
    endloop
  endfacet
  facet normal 0.972382 -0.233397 0
    outer loop
      vertex 79.771 0.67485 0
      vertex 79.7417 0.55278 1
      vertex 79.7417 0.55278 0
    endloop
  endfacet
  facet normal 0.996948 -0.0780745 0
    outer loop
      vertex 79.771 0.67485 1
      vertex 79.7808 0.799988 0
      vertex 79.7808 0.799988 1
    endloop
  endfacet
  facet normal 0.996948 -0.0780745 0
    outer loop
      vertex 79.7808 0.799988 0
      vertex 79.771 0.67485 1
      vertex 79.771 0.67485 0
    endloop
  endfacet
  facet normal 0.996948 0.0780658 0
    outer loop
      vertex 79.7808 0.799988 1
      vertex 79.771 0.92514 0
      vertex 79.771 0.92514 1
    endloop
  endfacet
  facet normal 0.996948 0.0780658 0
    outer loop
      vertex 79.771 0.92514 0
      vertex 79.7808 0.799988 1
      vertex 79.7808 0.799988 0
    endloop
  endfacet
  facet normal 0.972382 0.233397 0
    outer loop
      vertex 79.771 0.92514 1
      vertex 79.7417 1.04721 0
      vertex 79.7417 1.04721 1
    endloop
  endfacet
  facet normal 0.972382 0.233397 0
    outer loop
      vertex 79.7417 1.04721 0
      vertex 79.771 0.92514 1
      vertex 79.771 0.92514 0
    endloop
  endfacet
  facet normal 0.9237 0.383116 0
    outer loop
      vertex 79.7417 1.04721 1
      vertex 79.6936 1.16318 0
      vertex 79.6936 1.16318 1
    endloop
  endfacet
  facet normal 0.9237 0.383116 0
    outer loop
      vertex 79.6936 1.16318 0
      vertex 79.7417 1.04721 1
      vertex 79.7417 1.04721 0
    endloop
  endfacet
  facet normal 0.88655 0.462633 0
    outer loop
      vertex 79.6936 1.16318 1
      vertex 78.996 2.5 0
      vertex 78.996 2.5 1
    endloop
  endfacet
  facet normal 0.88655 0.462633 0
    outer loop
      vertex 78.996 2.5 0
      vertex 79.6936 1.16318 1
      vertex 79.6936 1.16318 0
    endloop
  endfacet
  facet normal 0 -1 0
    outer loop
      vertex 78.996 2.5 0
      vertex 79.2808 2.5 1
      vertex 78.996 2.5 1
    endloop
  endfacet
  facet normal 0 -1 -0
    outer loop
      vertex 79.2808 2.5 1
      vertex 78.996 2.5 0
      vertex 79.2808 2.5 0
    endloop
  endfacet
  facet normal 1 -0 0
    outer loop
      vertex 79.2808 2.5 1
      vertex 79.2808 9.5 0
      vertex 79.2808 9.5 1
    endloop
  endfacet
  facet normal 1 0 0
    outer loop
      vertex 79.2808 9.5 0
      vertex 79.2808 2.5 1
      vertex 79.2808 2.5 0
    endloop
  endfacet
  facet normal 0 1 -0
    outer loop
      vertex 79.2808 9.5 0
      vertex 78.7808 9.5 1
      vertex 79.2808 9.5 1
    endloop
  endfacet
  facet normal 0 1 0
    outer loop
      vertex 78.7808 9.5 1
      vertex 79.2808 9.5 0
      vertex 78.7808 9.5 0
    endloop
  endfacet
  facet normal 1 -0 0
    outer loop
      vertex 78.7808 9.5 1
      vertex 78.7808 10.5 0
      vertex 78.7808 10.5 1
    endloop
  endfacet
  facet normal 1 0 0
    outer loop
      vertex 78.7808 10.5 0
      vertex 78.7808 9.5 1
      vertex 78.7808 9.5 0
    endloop
  endfacet
  facet normal 0 1 -0
    outer loop
      vertex 78.7808 10.5 0
      vertex 61.1 10.5 1
      vertex 78.7808 10.5 1
    endloop
  endfacet
  facet normal 0 1 0
    outer loop
      vertex 61.1 10.5 1
      vertex 78.7808 10.5 0
      vertex 61.1 10.5 0
    endloop
  endfacet
  facet normal 1 -0 0
    outer loop
      vertex 61.1 10.5 1
      vertex 61.1 12 0
      vertex 61.1 12 1
    endloop
  endfacet
  facet normal 1 0 0
    outer loop
      vertex 61.1 12 0
      vertex 61.1 10.5 1
      vertex 61.1 10.5 0
    endloop
  endfacet
  facet normal 0 1 -0
    outer loop
      vertex 61.1 12 0
      vertex 58.9 12 1
      vertex 61.1 12 1
    endloop
  endfacet
  facet normal 0 1 0
    outer loop
      vertex 58.9 12 1
      vertex 61.1 12 0
      vertex 58.9 12 0
    endloop
  endfacet
  facet normal -1 0 0
    outer loop
      vertex 58.9 10.5 0
      vertex 58.9 12 1
      vertex 58.9 12 0
    endloop
  endfacet
  facet normal -1 -0 0
    outer loop
      vertex 58.9 12 1
      vertex 58.9 10.5 0
      vertex 58.9 10.5 1
    endloop
  endfacet
  facet normal 0 -1 0
    outer loop
      vertex 58.9 10.5 0
      vertex 60 10.5 1
      vertex 58.9 10.5 1
    endloop
  endfacet
  facet normal 0 -1 -0
    outer loop
      vertex 60 10.5 1
      vertex 58.9 10.5 0
      vertex 60 10.5 0
    endloop
  endfacet
  facet normal -1 0 0
    outer loop
      vertex 60 9.5 0
      vertex 60 10.5 1
      vertex 60 10.5 0
    endloop
  endfacet
  facet normal -1 -0 0
    outer loop
      vertex 60 10.5 1
      vertex 60 9.5 0
      vertex 60 9.5 1
    endloop
  endfacet
  facet normal 0 0 -1
    outer loop
      vertex 105.517 0 0
      vertex 104.804 1.16318 0
      vertex 106.629 1.16318 0
    endloop
  endfacet
  facet normal 0 0 -1
    outer loop
      vertex 104.804 1.16318 0
      vertex 105.391 0.00984192 0
      vertex 105.269 0.0391541 0
    endloop
  endfacet
  facet normal 0 0 -1
    outer loop
      vertex 104.804 1.16318 0
      vertex 105.269 0.0391541 0
      vertex 105.153 0.0871887 0
    endloop
  endfacet
  facet normal 0 0 -1
    outer loop
      vertex 104.804 1.16318 0
      vertex 105.153 0.0871887 0
      vertex 105.046 0.152786 0
    endloop
  endfacet
  facet normal 0 0 -1
    outer loop
      vertex 104.804 1.16318 0
      vertex 105.046 0.152786 0
      vertex 104.951 0.234314 0
    endloop
  endfacet
  facet normal 0 0 -1
    outer loop
      vertex 104.804 1.16318 0
      vertex 104.951 0.234314 0
      vertex 104.869 0.329758 0
    endloop
  endfacet
  facet normal 0 0 -1
    outer loop
      vertex 104.804 1.16318 0
      vertex 104.869 0.329758 0
      vertex 104.804 0.436798 0
    endloop
  endfacet
  facet normal 0 0 -1
    outer loop
      vertex 106.629 1.16318 0
      vertex 104.804 1.16318 0
      vertex 105.511 2.5 0
    endloop
  endfacet
  facet normal 0 0 -1
    outer loop
      vertex 104.756 0.55278 0
      vertex 104.804 1.16318 0
      vertex 104.804 0.436798 0
    endloop
  endfacet
  facet normal 0 0 -1
    outer loop
      vertex 104.756 0.55278 0
      vertex 104.756 1.04721 0
      vertex 104.804 1.16318 0
    endloop
  endfacet
  facet normal 0 0 -1
    outer loop
      vertex 104.726 0.67485 0
      vertex 104.756 1.04721 0
      vertex 104.756 0.55278 0
    endloop
  endfacet
  facet normal 0 0 -1
    outer loop
      vertex 104.726 0.67485 0
      vertex 104.726 0.92514 0
      vertex 104.756 1.04721 0
    endloop
  endfacet
  facet normal 0 -0 -1
    outer loop
      vertex 104.726 0.92514 0
      vertex 104.726 0.67485 0
      vertex 104.717 0.799988 0
    endloop
  endfacet
  facet normal 0 0 -1
    outer loop
      vertex 106.707 0.67485 0
      vertex 106.707 0.92514 0
      vertex 106.717 0.799988 0
    endloop
  endfacet
  facet normal 0 0 -1
    outer loop
      vertex 106.677 0.55278 0
      vertex 106.707 0.92514 0
      vertex 106.707 0.67485 0
    endloop
  endfacet
  facet normal 0 0 -1
    outer loop
      vertex 106.677 0.55278 0
      vertex 106.677 1.04721 0
      vertex 106.707 0.92514 0
    endloop
  endfacet
  facet normal 0 0 -1
    outer loop
      vertex 106.629 0.436798 0
      vertex 106.677 1.04721 0
      vertex 106.677 0.55278 0
    endloop
  endfacet
  facet normal 0 0 -1
    outer loop
      vertex 106.629 0.436798 0
      vertex 106.629 1.16318 0
      vertex 106.677 1.04721 0
    endloop
  endfacet
  facet normal 0 0 -1
    outer loop
      vertex 106.564 0.329758 0
      vertex 106.629 1.16318 0
      vertex 106.629 0.436798 0
    endloop
  endfacet
  facet normal 0 0 -1
    outer loop
      vertex 106.482 0.234314 0
      vertex 106.629 1.16318 0
      vertex 106.564 0.329758 0
    endloop
  endfacet
  facet normal 0 0 -1
    outer loop
      vertex 106.387 0.152786 0
      vertex 106.629 1.16318 0
      vertex 106.482 0.234314 0
    endloop
  endfacet
  facet normal 0 0 -1
    outer loop
      vertex 106.28 0.0871887 0
      vertex 106.629 1.16318 0
      vertex 106.387 0.152786 0
    endloop
  endfacet
  facet normal 0 0 -1
    outer loop
      vertex 106.164 0.0391541 0
      vertex 106.629 1.16318 0
      vertex 106.28 0.0871887 0
    endloop
  endfacet
  facet normal 0 0 -1
    outer loop
      vertex 106.042 0.00984192 0
      vertex 106.629 1.16318 0
      vertex 106.164 0.0391541 0
    endloop
  endfacet
  facet normal 0 0 -1
    outer loop
      vertex 105.917 0 0
      vertex 106.629 1.16318 0
      vertex 106.042 0.00984192 0
    endloop
  endfacet
  facet normal 0 0 -1
    outer loop
      vertex 105.517 0 0
      vertex 106.629 1.16318 0
      vertex 105.917 0 0
    endloop
  endfacet
  facet normal 0 0 -1
    outer loop
      vertex 105.932 2.5 0
      vertex 106.217 3.5 0
      vertex 106.217 2.5 0
    endloop
  endfacet
  facet normal 0 0 -1
    outer loop
      vertex 105.932 2.5 0
      vertex 105.717 3.5 0
      vertex 106.217 3.5 0
    endloop
  endfacet
  facet normal 0 0 -1
    outer loop
      vertex 106.629 1.16318 0
      vertex 105.511 2.5 0
      vertex 105.932 2.5 0
    endloop
  endfacet
  facet normal 0 0 -1
    outer loop
      vertex 104.804 1.16318 0
      vertex 105.517 0 0
      vertex 105.391 0.00984192 0
    endloop
  endfacet
  facet normal 0 0 -1
    outer loop
      vertex 105.932 2.5 0
      vertex 105.511 2.5 0
      vertex 105.717 3.5 0
    endloop
  endfacet
  facet normal 0 0 -1
    outer loop
      vertex 105.217 3.5 0
      vertex 105.717 3.5 0
      vertex 105.511 2.5 0
    endloop
  endfacet
  facet normal 0 0 -1
    outer loop
      vertex 105.217 3.5 0
      vertex 105.511 2.5 0
      vertex 105.217 2.5 0
    endloop
  endfacet
  facet normal 0 0 -1
    outer loop
      vertex 105.717 3.5 0
      vertex 105.217 3.5 0
      vertex 105.717 4.5 0
    endloop
  endfacet
  facet normal 0 0 -1
    outer loop
      vertex 105.217 3.5 0
      vertex 90.5 4.5 0
      vertex 105.717 4.5 0
    endloop
  endfacet
  facet normal 0 0 -1
    outer loop
      vertex 90 4.5 0
      vertex 90.5 4.5 0
      vertex 90 3.5 0
    endloop
  endfacet
  facet normal 0 0 -1
    outer loop
      vertex 90 3.5 0
      vertex 90.5 4.5 0
      vertex 105.217 3.5 0
    endloop
  endfacet
  facet normal 0 0 -1
    outer loop
      vertex 90.5 10.5 0
      vertex 91.1 12 0
      vertex 91.1 10.5 0
    endloop
  endfacet
  facet normal 0 0 -1
    outer loop
      vertex 90.5 4.5 0
      vertex 90 4.5 0
      vertex 90.5 10.5 0
    endloop
  endfacet
  facet normal 0 0 -1
    outer loop
      vertex 89.5 10.5 0
      vertex 90 4.5 0
      vertex 89.5 4.5 0
    endloop
  endfacet
  facet normal 0 0 -1
    outer loop
      vertex 90 4.5 0
      vertex 89.5 10.5 0
      vertex 90.5 10.5 0
    endloop
  endfacet
  facet normal 0 0 -1
    outer loop
      vertex 89.5 10.5 0
      vertex 91.1 12 0
      vertex 90.5 10.5 0
    endloop
  endfacet
  facet normal 0 0 -1
    outer loop
      vertex 88.9 12 0
      vertex 89.5 10.5 0
      vertex 88.9 10.5 0
    endloop
  endfacet
  facet normal 0 0 -1
    outer loop
      vertex 89.5 10.5 0
      vertex 88.9 12 0
      vertex 91.1 12 0
    endloop
  endfacet
  facet normal 0 0 1
    outer loop
      vertex 91.1 12 1
      vertex 90.5 10.5 1
      vertex 91.1 10.5 1
    endloop
  endfacet
  facet normal 0 0 1
    outer loop
      vertex 90.5 10.5 1
      vertex 90 4.5 1
      vertex 90.5 4.5 1
    endloop
  endfacet
  facet normal 0 0 1
    outer loop
      vertex 90.5 10.5 1
      vertex 89.5 10.5 1
      vertex 90 4.5 1
    endloop
  endfacet
  facet normal 0 0 1
    outer loop
      vertex 91.1 12 1
      vertex 89.5 10.5 1
      vertex 90.5 10.5 1
    endloop
  endfacet
  facet normal -0 0 1
    outer loop
      vertex 88.9 12 1
      vertex 89.5 10.5 1
      vertex 91.1 12 1
    endloop
  endfacet
  facet normal 0 0 1
    outer loop
      vertex 89.5 10.5 1
      vertex 88.9 12 1
      vertex 88.9 10.5 1
    endloop
  endfacet
  facet normal 0 0 1
    outer loop
      vertex 105.217 3.5 1
      vertex 105.717 3.5 1
      vertex 105.717 4.5 1
    endloop
  endfacet
  facet normal 0 0 1
    outer loop
      vertex 105.717 3.5 1
      vertex 105.511 2.5 1
      vertex 105.517 0 1
    endloop
  endfacet
  facet normal 0 0 1
    outer loop
      vertex 105.717 3.5 1
      vertex 105.217 3.5 1
      vertex 105.511 2.5 1
    endloop
  endfacet
  facet normal -0 0 1
    outer loop
      vertex 90.5 4.5 1
      vertex 105.217 3.5 1
      vertex 105.717 4.5 1
    endloop
  endfacet
  facet normal 0 0 1
    outer loop
      vertex 90 3.5 1
      vertex 90.5 4.5 1
      vertex 90 4.5 1
    endloop
  endfacet
  facet normal 0 0 1
    outer loop
      vertex 90.5 4.5 1
      vertex 90 3.5 1
      vertex 105.217 3.5 1
    endloop
  endfacet
  facet normal 0 0 1
    outer loop
      vertex 106.217 3.5 1
      vertex 105.932 2.5 1
      vertex 106.217 2.5 1
    endloop
  endfacet
  facet normal -0 0 1
    outer loop
      vertex 105.717 3.5 1
      vertex 105.932 2.5 1
      vertex 106.217 3.5 1
    endloop
  endfacet
  facet normal 0 0 1
    outer loop
      vertex 105.517 0 1
      vertex 105.932 2.5 1
      vertex 105.717 3.5 1
    endloop
  endfacet
  facet normal 0 0 1
    outer loop
      vertex 105.932 2.5 1
      vertex 105.517 0 1
      vertex 105.917 0 1
    endloop
  endfacet
  facet normal 0 0 1
    outer loop
      vertex 106.707 0.92514 1
      vertex 106.707 0.67485 1
      vertex 106.717 0.799988 1
    endloop
  endfacet
  facet normal 0 0 1
    outer loop
      vertex 106.677 1.04721 1
      vertex 106.707 0.67485 1
      vertex 106.707 0.92514 1
    endloop
  endfacet
  facet normal 0 0 1
    outer loop
      vertex 106.677 1.04721 1
      vertex 106.677 0.55278 1
      vertex 106.707 0.67485 1
    endloop
  endfacet
  facet normal 0 0 1
    outer loop
      vertex 106.629 1.16318 1
      vertex 106.677 0.55278 1
      vertex 106.677 1.04721 1
    endloop
  endfacet
  facet normal 0 0 1
    outer loop
      vertex 106.629 1.16318 1
      vertex 106.629 0.436798 1
      vertex 106.677 0.55278 1
    endloop
  endfacet
  facet normal 0 0 1
    outer loop
      vertex 106.629 1.16318 1
      vertex 106.564 0.329758 1
      vertex 106.629 0.436798 1
    endloop
  endfacet
  facet normal 0 0 1
    outer loop
      vertex 106.629 1.16318 1
      vertex 106.482 0.234314 1
      vertex 106.564 0.329758 1
    endloop
  endfacet
  facet normal 0 0 1
    outer loop
      vertex 106.629 1.16318 1
      vertex 106.387 0.152786 1
      vertex 106.482 0.234314 1
    endloop
  endfacet
  facet normal 0 0 1
    outer loop
      vertex 106.629 1.16318 1
      vertex 106.28 0.0871887 1
      vertex 106.387 0.152786 1
    endloop
  endfacet
  facet normal 0 0 1
    outer loop
      vertex 106.629 1.16318 1
      vertex 106.164 0.0391541 1
      vertex 106.28 0.0871887 1
    endloop
  endfacet
  facet normal 0 0 1
    outer loop
      vertex 106.629 1.16318 1
      vertex 106.042 0.00984192 1
      vertex 106.164 0.0391541 1
    endloop
  endfacet
  facet normal 0 0 1
    outer loop
      vertex 105.917 0 1
      vertex 106.629 1.16318 1
      vertex 105.932 2.5 1
    endloop
  endfacet
  facet normal 0 0 1
    outer loop
      vertex 106.629 1.16318 1
      vertex 105.917 0 1
      vertex 106.042 0.00984192 1
    endloop
  endfacet
  facet normal -0 0 1
    outer loop
      vertex 104.804 1.16318 1
      vertex 105.517 0 1
      vertex 105.511 2.5 1
    endloop
  endfacet
  facet normal 0 0 1
    outer loop
      vertex 105.517 0 1
      vertex 104.804 1.16318 1
      vertex 105.391 0.00984192 1
    endloop
  endfacet
  facet normal 0 0 1
    outer loop
      vertex 105.391 0.00984192 1
      vertex 104.804 1.16318 1
      vertex 105.269 0.0391541 1
    endloop
  endfacet
  facet normal 0 0 1
    outer loop
      vertex 105.269 0.0391541 1
      vertex 104.804 1.16318 1
      vertex 105.153 0.0871887 1
    endloop
  endfacet
  facet normal 0 0 1
    outer loop
      vertex 105.153 0.0871887 1
      vertex 104.804 1.16318 1
      vertex 105.046 0.152786 1
    endloop
  endfacet
  facet normal 0 0 1
    outer loop
      vertex 105.046 0.152786 1
      vertex 104.804 1.16318 1
      vertex 104.951 0.234314 1
    endloop
  endfacet
  facet normal 0 0 1
    outer loop
      vertex 104.951 0.234314 1
      vertex 104.804 1.16318 1
      vertex 104.869 0.329758 1
    endloop
  endfacet
  facet normal 0 0 1
    outer loop
      vertex 104.804 1.16318 1
      vertex 104.804 0.436798 1
      vertex 104.869 0.329758 1
    endloop
  endfacet
  facet normal -0 0 1
    outer loop
      vertex 104.756 1.04721 1
      vertex 104.804 0.436798 1
      vertex 104.804 1.16318 1
    endloop
  endfacet
  facet normal 0 0 1
    outer loop
      vertex 104.756 1.04721 1
      vertex 104.756 0.55278 1
      vertex 104.804 0.436798 1
    endloop
  endfacet
  facet normal -0 0 1
    outer loop
      vertex 104.726 0.92514 1
      vertex 104.756 0.55278 1
      vertex 104.756 1.04721 1
    endloop
  endfacet
  facet normal 0 0 1
    outer loop
      vertex 104.726 0.92514 1
      vertex 104.726 0.67485 1
      vertex 104.756 0.55278 1
    endloop
  endfacet
  facet normal 0 -0 1
    outer loop
      vertex 104.726 0.67485 1
      vertex 104.726 0.92514 1
      vertex 104.717 0.799988 1
    endloop
  endfacet
  facet normal 0 0 1
    outer loop
      vertex 105.511 2.5 1
      vertex 105.217 3.5 1
      vertex 105.217 2.5 1
    endloop
  endfacet
  facet normal 0 0 1
    outer loop
      vertex 90 4.5 1
      vertex 89.5 10.5 1
      vertex 89.5 4.5 1
    endloop
  endfacet
  facet normal -1 0 0
    outer loop
      vertex 90 3.5 0
      vertex 90 4.5 1
      vertex 90 4.5 0
    endloop
  endfacet
  facet normal -1 -0 0
    outer loop
      vertex 90 4.5 1
      vertex 90 3.5 0
      vertex 90 3.5 1
    endloop
  endfacet
  facet normal 0 -1 0
    outer loop
      vertex 90 3.5 0
      vertex 105.217 3.5 1
      vertex 90 3.5 1
    endloop
  endfacet
  facet normal 0 -1 -0
    outer loop
      vertex 105.217 3.5 1
      vertex 90 3.5 0
      vertex 105.217 3.5 0
    endloop
  endfacet
  facet normal -1 0 0
    outer loop
      vertex 105.217 2.5 0
      vertex 105.217 3.5 1
      vertex 105.217 3.5 0
    endloop
  endfacet
  facet normal -1 -0 0
    outer loop
      vertex 105.217 3.5 1
      vertex 105.217 2.5 0
      vertex 105.217 2.5 1
    endloop
  endfacet
  facet normal 0 -1 0
    outer loop
      vertex 105.217 2.5 0
      vertex 105.511 2.5 1
      vertex 105.217 2.5 1
    endloop
  endfacet
  facet normal 0 -1 -0
    outer loop
      vertex 105.511 2.5 1
      vertex 105.217 2.5 0
      vertex 105.511 2.5 0
    endloop
  endfacet
  facet normal -0.883987 0.467512 0
    outer loop
      vertex 104.804 1.16318 0
      vertex 105.511 2.5 1
      vertex 105.511 2.5 0
    endloop
  endfacet
  facet normal -0.883987 0.467512 0
    outer loop
      vertex 105.511 2.5 1
      vertex 104.804 1.16318 0
      vertex 104.804 1.16318 1
    endloop
  endfacet
  facet normal -0.923982 0.382436 0
    outer loop
      vertex 104.756 1.04721 0
      vertex 104.804 1.16318 1
      vertex 104.804 1.16318 0
    endloop
  endfacet
  facet normal -0.923982 0.382436 0
    outer loop
      vertex 104.804 1.16318 1
      vertex 104.756 1.04721 0
      vertex 104.756 1.04721 1
    endloop
  endfacet
  facet normal -0.971103 0.238659 0
    outer loop
      vertex 104.726 0.92514 0
      vertex 104.756 1.04721 1
      vertex 104.756 1.04721 0
    endloop
  endfacet
  facet normal -0.971103 0.238659 0
    outer loop
      vertex 104.756 1.04721 1
      vertex 104.726 0.92514 0
      vertex 104.726 0.92514 1
    endloop
  endfacet
  facet normal -0.997424 0.0717273 0
    outer loop
      vertex 104.717 0.799988 0
      vertex 104.726 0.92514 1
      vertex 104.726 0.92514 0
    endloop
  endfacet
  facet normal -0.997424 0.0717273 0
    outer loop
      vertex 104.726 0.92514 1
      vertex 104.717 0.799988 0
      vertex 104.717 0.799988 1
    endloop
  endfacet
  facet normal -0.997424 -0.0717353 0
    outer loop
      vertex 104.726 0.67485 0
      vertex 104.717 0.799988 1
      vertex 104.717 0.799988 0
    endloop
  endfacet
  facet normal -0.997424 -0.0717353 0
    outer loop
      vertex 104.717 0.799988 1
      vertex 104.726 0.67485 0
      vertex 104.726 0.67485 1
    endloop
  endfacet
  facet normal -0.971103 -0.238659 0
    outer loop
      vertex 104.756 0.55278 0
      vertex 104.726 0.67485 1
      vertex 104.726 0.67485 0
    endloop
  endfacet
  facet normal -0.971103 -0.238659 0
    outer loop
      vertex 104.726 0.67485 1
      vertex 104.756 0.55278 0
      vertex 104.756 0.55278 1
    endloop
  endfacet
  facet normal -0.923996 -0.382402 0
    outer loop
      vertex 104.804 0.436798 0
      vertex 104.756 0.55278 1
      vertex 104.756 0.55278 0
    endloop
  endfacet
  facet normal -0.923996 -0.382402 0
    outer loop
      vertex 104.756 0.55278 1
      vertex 104.804 0.436798 0
      vertex 104.804 0.436798 1
    endloop
  endfacet
  facet normal -0.854747 -0.519045 0
    outer loop
      vertex 104.869 0.329758 0
      vertex 104.804 0.436798 1
      vertex 104.804 0.436798 0
    endloop
  endfacet
  facet normal -0.854747 -0.519045 0
    outer loop
      vertex 104.804 0.436798 1
      vertex 104.869 0.329758 0
      vertex 104.869 0.329758 1
    endloop
  endfacet
  facet normal -0.758507 -0.651665 0
    outer loop
      vertex 104.951 0.234314 0
      vertex 104.869 0.329758 1
      vertex 104.869 0.329758 0
    endloop
  endfacet
  facet normal -0.758507 -0.651665 0
    outer loop
      vertex 104.869 0.329758 1
      vertex 104.951 0.234314 0
      vertex 104.951 0.234314 1
    endloop
  endfacet
  facet normal -0.651249 -0.758864 0
    outer loop
      vertex 104.951 0.234314 0
      vertex 105.046 0.152786 1
      vertex 104.951 0.234314 1
    endloop
  endfacet
  facet normal -0.651249 -0.758864 -0
    outer loop
      vertex 105.046 0.152786 1
      vertex 104.951 0.234314 0
      vertex 105.046 0.152786 0
    endloop
  endfacet
  facet normal -0.522659 -0.852542 0
    outer loop
      vertex 105.046 0.152786 0
      vertex 105.153 0.0871887 1
      vertex 105.046 0.152786 1
    endloop
  endfacet
  facet normal -0.522659 -0.852542 -0
    outer loop
      vertex 105.153 0.0871887 1
      vertex 105.046 0.152786 0
      vertex 105.153 0.0871887 0
    endloop
  endfacet
  facet normal -0.382587 -0.923919 0
    outer loop
      vertex 105.153 0.0871887 0
      vertex 105.269 0.0391541 1
      vertex 105.153 0.0871887 1
    endloop
  endfacet
  facet normal -0.382587 -0.923919 -0
    outer loop
      vertex 105.269 0.0391541 1
      vertex 105.153 0.0871887 0
      vertex 105.269 0.0391541 0
    endloop
  endfacet
  facet normal -0.233615 -0.972329 0
    outer loop
      vertex 105.269 0.0391541 0
      vertex 105.391 0.00984192 1
      vertex 105.269 0.0391541 1
    endloop
  endfacet
  facet normal -0.233615 -0.972329 -0
    outer loop
      vertex 105.391 0.00984192 1
      vertex 105.269 0.0391541 0
      vertex 105.391 0.00984192 0
    endloop
  endfacet
  facet normal -0.0778733 -0.996963 0
    outer loop
      vertex 105.391 0.00984192 0
      vertex 105.517 0 1
      vertex 105.391 0.00984192 1
    endloop
  endfacet
  facet normal -0.0778733 -0.996963 -0
    outer loop
      vertex 105.517 0 1
      vertex 105.391 0.00984192 0
      vertex 105.517 0 0
    endloop
  endfacet
  facet normal 0 -1 0
    outer loop
      vertex 105.517 0 0
      vertex 105.917 0 1
      vertex 105.517 0 1
    endloop
  endfacet
  facet normal 0 -1 -0
    outer loop
      vertex 105.917 0 1
      vertex 105.517 0 0
      vertex 105.917 0 0
    endloop
  endfacet
  facet normal 0.0784924 -0.996915 0
    outer loop
      vertex 105.917 0 0
      vertex 106.042 0.00984192 1
      vertex 105.917 0 1
    endloop
  endfacet
  facet normal 0.0784924 -0.996915 0
    outer loop
      vertex 106.042 0.00984192 1
      vertex 105.917 0 0
      vertex 106.042 0.00984192 0
    endloop
  endfacet
  facet normal 0.233615 -0.972329 0
    outer loop
      vertex 106.042 0.00984192 0
      vertex 106.164 0.0391541 1
      vertex 106.042 0.00984192 1
    endloop
  endfacet
  facet normal 0.233615 -0.972329 0
    outer loop
      vertex 106.164 0.0391541 1
      vertex 106.042 0.00984192 0
      vertex 106.164 0.0391541 0
    endloop
  endfacet
  facet normal 0.382587 -0.923919 0
    outer loop
      vertex 106.164 0.0391541 0
      vertex 106.28 0.0871887 1
      vertex 106.164 0.0391541 1
    endloop
  endfacet
  facet normal 0.382587 -0.923919 0
    outer loop
      vertex 106.28 0.0871887 1
      vertex 106.164 0.0391541 0
      vertex 106.28 0.0871887 0
    endloop
  endfacet
  facet normal 0.522659 -0.852542 0
    outer loop
      vertex 106.28 0.0871887 0
      vertex 106.387 0.152786 1
      vertex 106.28 0.0871887 1
    endloop
  endfacet
  facet normal 0.522659 -0.852542 0
    outer loop
      vertex 106.387 0.152786 1
      vertex 106.28 0.0871887 0
      vertex 106.387 0.152786 0
    endloop
  endfacet
  facet normal 0.651249 -0.758864 0
    outer loop
      vertex 106.387 0.152786 0
      vertex 106.482 0.234314 1
      vertex 106.387 0.152786 1
    endloop
  endfacet
  facet normal 0.651249 -0.758864 0
    outer loop
      vertex 106.482 0.234314 1
      vertex 106.387 0.152786 0
      vertex 106.482 0.234314 0
    endloop
  endfacet
  facet normal 0.758507 -0.651665 0
    outer loop
      vertex 106.482 0.234314 1
      vertex 106.564 0.329758 0
      vertex 106.564 0.329758 1
    endloop
  endfacet
  facet normal 0.758507 -0.651665 0
    outer loop
      vertex 106.564 0.329758 0
      vertex 106.482 0.234314 1
      vertex 106.482 0.234314 0
    endloop
  endfacet
  facet normal 0.854747 -0.519045 0
    outer loop
      vertex 106.564 0.329758 1
      vertex 106.629 0.436798 0
      vertex 106.629 0.436798 1
    endloop
  endfacet
  facet normal 0.854747 -0.519045 0
    outer loop
      vertex 106.629 0.436798 0
      vertex 106.564 0.329758 1
      vertex 106.564 0.329758 0
    endloop
  endfacet
  facet normal 0.923996 -0.382402 0
    outer loop
      vertex 106.629 0.436798 1
      vertex 106.677 0.55278 0
      vertex 106.677 0.55278 1
    endloop
  endfacet
  facet normal 0.923996 -0.382402 0
    outer loop
      vertex 106.677 0.55278 0
      vertex 106.629 0.436798 1
      vertex 106.629 0.436798 0
    endloop
  endfacet
  facet normal 0.971103 -0.238659 0
    outer loop
      vertex 106.677 0.55278 1
      vertex 106.707 0.67485 0
      vertex 106.707 0.67485 1
    endloop
  endfacet
  facet normal 0.971103 -0.238659 0
    outer loop
      vertex 106.707 0.67485 0
      vertex 106.677 0.55278 1
      vertex 106.677 0.55278 0
    endloop
  endfacet
  facet normal 0.996822 -0.0796578 0
    outer loop
      vertex 106.707 0.67485 1
      vertex 106.717 0.799988 0
      vertex 106.717 0.799988 1
    endloop
  endfacet
  facet normal 0.996822 -0.0796578 0
    outer loop
      vertex 106.717 0.799988 0
      vertex 106.707 0.67485 1
      vertex 106.707 0.67485 0
    endloop
  endfacet
  facet normal 0.996823 0.079649 0
    outer loop
      vertex 106.717 0.799988 1
      vertex 106.707 0.92514 0
      vertex 106.707 0.92514 1
    endloop
  endfacet
  facet normal 0.996823 0.079649 0
    outer loop
      vertex 106.707 0.92514 0
      vertex 106.717 0.799988 1
      vertex 106.717 0.799988 0
    endloop
  endfacet
  facet normal 0.971103 0.238659 0
    outer loop
      vertex 106.707 0.92514 1
      vertex 106.677 1.04721 0
      vertex 106.677 1.04721 1
    endloop
  endfacet
  facet normal 0.971103 0.238659 0
    outer loop
      vertex 106.677 1.04721 0
      vertex 106.707 0.92514 1
      vertex 106.707 0.92514 0
    endloop
  endfacet
  facet normal 0.923982 0.382436 0
    outer loop
      vertex 106.677 1.04721 1
      vertex 106.629 1.16318 0
      vertex 106.629 1.16318 1
    endloop
  endfacet
  facet normal 0.923982 0.382436 0
    outer loop
      vertex 106.629 1.16318 0
      vertex 106.677 1.04721 1
      vertex 106.677 1.04721 0
    endloop
  endfacet
  facet normal 0.886713 0.46232 0
    outer loop
      vertex 106.629 1.16318 1
      vertex 105.932 2.5 0
      vertex 105.932 2.5 1
    endloop
  endfacet
  facet normal 0.886713 0.46232 0
    outer loop
      vertex 105.932 2.5 0
      vertex 106.629 1.16318 1
      vertex 106.629 1.16318 0
    endloop
  endfacet
  facet normal 0 -1 0
    outer loop
      vertex 105.932 2.5 0
      vertex 106.217 2.5 1
      vertex 105.932 2.5 1
    endloop
  endfacet
  facet normal 0 -1 -0
    outer loop
      vertex 106.217 2.5 1
      vertex 105.932 2.5 0
      vertex 106.217 2.5 0
    endloop
  endfacet
  facet normal 1 -0 0
    outer loop
      vertex 106.217 2.5 1
      vertex 106.217 3.5 0
      vertex 106.217 3.5 1
    endloop
  endfacet
  facet normal 1 0 0
    outer loop
      vertex 106.217 3.5 0
      vertex 106.217 2.5 1
      vertex 106.217 2.5 0
    endloop
  endfacet
  facet normal 0 1 -0
    outer loop
      vertex 106.217 3.5 0
      vertex 105.717 3.5 1
      vertex 106.217 3.5 1
    endloop
  endfacet
  facet normal 0 1 0
    outer loop
      vertex 105.717 3.5 1
      vertex 106.217 3.5 0
      vertex 105.717 3.5 0
    endloop
  endfacet
  facet normal 1 -0 0
    outer loop
      vertex 105.717 3.5 1
      vertex 105.717 4.5 0
      vertex 105.717 4.5 1
    endloop
  endfacet
  facet normal 1 0 0
    outer loop
      vertex 105.717 4.5 0
      vertex 105.717 3.5 1
      vertex 105.717 3.5 0
    endloop
  endfacet
  facet normal 0 1 -0
    outer loop
      vertex 105.717 4.5 0
      vertex 90.5 4.5 1
      vertex 105.717 4.5 1
    endloop
  endfacet
  facet normal 0 1 0
    outer loop
      vertex 90.5 4.5 1
      vertex 105.717 4.5 0
      vertex 90.5 4.5 0
    endloop
  endfacet
  facet normal 1 -0 0
    outer loop
      vertex 90.5 4.5 1
      vertex 90.5 10.5 0
      vertex 90.5 10.5 1
    endloop
  endfacet
  facet normal 1 0 0
    outer loop
      vertex 90.5 10.5 0
      vertex 90.5 4.5 1
      vertex 90.5 4.5 0
    endloop
  endfacet
  facet normal 0 -1 0
    outer loop
      vertex 90.5 10.5 0
      vertex 91.1 10.5 1
      vertex 90.5 10.5 1
    endloop
  endfacet
  facet normal 0 -1 -0
    outer loop
      vertex 91.1 10.5 1
      vertex 90.5 10.5 0
      vertex 91.1 10.5 0
    endloop
  endfacet
  facet normal 1 -0 0
    outer loop
      vertex 91.1 10.5 1
      vertex 91.1 12 0
      vertex 91.1 12 1
    endloop
  endfacet
  facet normal 1 0 0
    outer loop
      vertex 91.1 12 0
      vertex 91.1 10.5 1
      vertex 91.1 10.5 0
    endloop
  endfacet
  facet normal 0 1 -0
    outer loop
      vertex 91.1 12 0
      vertex 88.9 12 1
      vertex 91.1 12 1
    endloop
  endfacet
  facet normal 0 1 0
    outer loop
      vertex 88.9 12 1
      vertex 91.1 12 0
      vertex 88.9 12 0
    endloop
  endfacet
  facet normal -1 0 0
    outer loop
      vertex 88.9 10.5 0
      vertex 88.9 12 1
      vertex 88.9 12 0
    endloop
  endfacet
  facet normal -1 -0 0
    outer loop
      vertex 88.9 12 1
      vertex 88.9 10.5 0
      vertex 88.9 10.5 1
    endloop
  endfacet
  facet normal 0 -1 0
    outer loop
      vertex 88.9 10.5 0
      vertex 89.5 10.5 1
      vertex 88.9 10.5 1
    endloop
  endfacet
  facet normal 0 -1 -0
    outer loop
      vertex 89.5 10.5 1
      vertex 88.9 10.5 0
      vertex 89.5 10.5 0
    endloop
  endfacet
  facet normal -1 0 0
    outer loop
      vertex 89.5 4.5 0
      vertex 89.5 10.5 1
      vertex 89.5 10.5 0
    endloop
  endfacet
  facet normal -1 -0 0
    outer loop
      vertex 89.5 10.5 1
      vertex 89.5 4.5 0
      vertex 89.5 4.5 1
    endloop
  endfacet
  facet normal 0 -1 0
    outer loop
      vertex 89.5 4.5 0
      vertex 90 4.5 1
      vertex 89.5 4.5 1
    endloop
  endfacet
  facet normal 0 -1 -0
    outer loop
      vertex 90 4.5 1
      vertex 89.5 4.5 0
      vertex 90 4.5 0
    endloop
  endfacet
  facet normal 0 0 -1
    outer loop
      vertex 137 0 0
      vertex 136.287 1.16318 0
      vertex 138.113 1.16318 0
    endloop
  endfacet
  facet normal 0 0 -1
    outer loop
      vertex 136.287 1.16318 0
      vertex 136.875 0.00984192 0
      vertex 136.753 0.0391541 0
    endloop
  endfacet
  facet normal 0 0 -1
    outer loop
      vertex 136.287 1.16318 0
      vertex 136.753 0.0391541 0
      vertex 136.637 0.0871887 0
    endloop
  endfacet
  facet normal 0 0 -1
    outer loop
      vertex 136.287 1.16318 0
      vertex 136.637 0.0871887 0
      vertex 136.53 0.152786 0
    endloop
  endfacet
  facet normal 0 0 -1
    outer loop
      vertex 136.287 1.16318 0
      vertex 136.53 0.152786 0
      vertex 136.434 0.234314 0
    endloop
  endfacet
  facet normal 0 0 -1
    outer loop
      vertex 136.287 1.16318 0
      vertex 136.434 0.234314 0
      vertex 136.353 0.329758 0
    endloop
  endfacet
  facet normal 0 0 -1
    outer loop
      vertex 136.287 1.16318 0
      vertex 136.353 0.329758 0
      vertex 136.287 0.436798 0
    endloop
  endfacet
  facet normal 0 0 -1
    outer loop
      vertex 138.113 1.16318 0
      vertex 136.287 1.16318 0
      vertex 136.995 2.5 0
    endloop
  endfacet
  facet normal 0 0 -1
    outer loop
      vertex 136.239 0.55278 0
      vertex 136.287 1.16318 0
      vertex 136.287 0.436798 0
    endloop
  endfacet
  facet normal 0 0 -1
    outer loop
      vertex 136.239 0.55278 0
      vertex 136.239 1.04721 0
      vertex 136.287 1.16318 0
    endloop
  endfacet
  facet normal 0 0 -1
    outer loop
      vertex 136.21 0.67485 0
      vertex 136.239 1.04721 0
      vertex 136.239 0.55278 0
    endloop
  endfacet
  facet normal 0 0 -1
    outer loop
      vertex 136.21 0.67485 0
      vertex 136.21 0.92514 0
      vertex 136.239 1.04721 0
    endloop
  endfacet
  facet normal 0 -0 -1
    outer loop
      vertex 136.21 0.92514 0
      vertex 136.21 0.67485 0
      vertex 136.2 0.799988 0
    endloop
  endfacet
  facet normal 0 0 -1
    outer loop
      vertex 138.19 0.67485 0
      vertex 138.19 0.92514 0
      vertex 138.2 0.799988 0
    endloop
  endfacet
  facet normal 0 0 -1
    outer loop
      vertex 138.161 0.55278 0
      vertex 138.19 0.92514 0
      vertex 138.19 0.67485 0
    endloop
  endfacet
  facet normal 0 0 -1
    outer loop
      vertex 138.161 0.55278 0
      vertex 138.161 1.04721 0
      vertex 138.19 0.92514 0
    endloop
  endfacet
  facet normal 0 0 -1
    outer loop
      vertex 138.113 0.436798 0
      vertex 138.161 1.04721 0
      vertex 138.161 0.55278 0
    endloop
  endfacet
  facet normal 0 0 -1
    outer loop
      vertex 138.113 0.436798 0
      vertex 138.113 1.16318 0
      vertex 138.161 1.04721 0
    endloop
  endfacet
  facet normal 0 0 -1
    outer loop
      vertex 138.047 0.329758 0
      vertex 138.113 1.16318 0
      vertex 138.113 0.436798 0
    endloop
  endfacet
  facet normal 0 0 -1
    outer loop
      vertex 137.966 0.234314 0
      vertex 138.113 1.16318 0
      vertex 138.047 0.329758 0
    endloop
  endfacet
  facet normal 0 0 -1
    outer loop
      vertex 137.87 0.152786 0
      vertex 138.113 1.16318 0
      vertex 137.966 0.234314 0
    endloop
  endfacet
  facet normal 0 0 -1
    outer loop
      vertex 137.763 0.0871887 0
      vertex 138.113 1.16318 0
      vertex 137.87 0.152786 0
    endloop
  endfacet
  facet normal 0 0 -1
    outer loop
      vertex 137.647 0.0391541 0
      vertex 138.113 1.16318 0
      vertex 137.763 0.0871887 0
    endloop
  endfacet
  facet normal 0 0 -1
    outer loop
      vertex 137.525 0.00984192 0
      vertex 138.113 1.16318 0
      vertex 137.647 0.0391541 0
    endloop
  endfacet
  facet normal 0 0 -1
    outer loop
      vertex 137.4 0 0
      vertex 138.113 1.16318 0
      vertex 137.525 0.00984192 0
    endloop
  endfacet
  facet normal 0 0 -1
    outer loop
      vertex 137 0 0
      vertex 138.113 1.16318 0
      vertex 137.4 0 0
    endloop
  endfacet
  facet normal 0 0 -1
    outer loop
      vertex 137.415 2.5 0
      vertex 137.7 7.79999 0
      vertex 137.7 2.5 0
    endloop
  endfacet
  facet normal 0 0 -1
    outer loop
      vertex 137.415 2.5 0
      vertex 137.2 7.79999 0
      vertex 137.7 7.79999 0
    endloop
  endfacet
  facet normal 0 0 -1
    outer loop
      vertex 138.113 1.16318 0
      vertex 136.995 2.5 0
      vertex 137.415 2.5 0
    endloop
  endfacet
  facet normal 0 0 -1
    outer loop
      vertex 136.287 1.16318 0
      vertex 137 0 0
      vertex 136.875 0.00984192 0
    endloop
  endfacet
  facet normal 0 0 -1
    outer loop
      vertex 137.415 2.5 0
      vertex 136.995 2.5 0
      vertex 137.2 7.79999 0
    endloop
  endfacet
  facet normal 0 0 -1
    outer loop
      vertex 136.7 7.79999 0
      vertex 137.2 7.79999 0
      vertex 136.995 2.5 0
    endloop
  endfacet
  facet normal 0 0 -1
    outer loop
      vertex 136.7 7.79999 0
      vertex 136.995 2.5 0
      vertex 136.7 2.5 0
    endloop
  endfacet
  facet normal 0 0 -1
    outer loop
      vertex 137.2 7.79999 0
      vertex 136.7 7.79999 0
      vertex 137.2 8.79999 0
    endloop
  endfacet
  facet normal 0 0 -1
    outer loop
      vertex 136.7 7.79999 0
      vertex 120.5 8.79999 0
      vertex 137.2 8.79999 0
    endloop
  endfacet
  facet normal 0 0 -1
    outer loop
      vertex 120 8.79999 0
      vertex 120.5 8.79999 0
      vertex 120 7.79999 0
    endloop
  endfacet
  facet normal 0 0 -1
    outer loop
      vertex 120 7.79999 0
      vertex 120.5 8.79999 0
      vertex 136.7 7.79999 0
    endloop
  endfacet
  facet normal 0 0 -1
    outer loop
      vertex 120.5 10.5 0
      vertex 121.1 12 0
      vertex 121.1 10.5 0
    endloop
  endfacet
  facet normal 0 0 -1
    outer loop
      vertex 120.5 8.79999 0
      vertex 120 8.79999 0
      vertex 120.5 10.5 0
    endloop
  endfacet
  facet normal 0 0 -1
    outer loop
      vertex 119.5 10.5 0
      vertex 120 8.79999 0
      vertex 119.5 8.79999 0
    endloop
  endfacet
  facet normal 0 0 -1
    outer loop
      vertex 120 8.79999 0
      vertex 119.5 10.5 0
      vertex 120.5 10.5 0
    endloop
  endfacet
  facet normal 0 0 -1
    outer loop
      vertex 120.5 10.5 0
      vertex 119.5 10.5 0
      vertex 121.1 12 0
    endloop
  endfacet
  facet normal 0 0 -1
    outer loop
      vertex 118.9 12 0
      vertex 119.5 10.5 0
      vertex 118.9 10.5 0
    endloop
  endfacet
  facet normal 0 0 -1
    outer loop
      vertex 119.5 10.5 0
      vertex 118.9 12 0
      vertex 121.1 12 0
    endloop
  endfacet
  facet normal 0 0 1
    outer loop
      vertex 121.1 12 1
      vertex 120.5 10.5 1
      vertex 121.1 10.5 1
    endloop
  endfacet
  facet normal 0 0 1
    outer loop
      vertex 120.5 10.5 1
      vertex 120 8.79999 1
      vertex 120.5 8.79999 1
    endloop
  endfacet
  facet normal 0 0 1
    outer loop
      vertex 120.5 10.5 1
      vertex 119.5 10.5 1
      vertex 120 8.79999 1
    endloop
  endfacet
  facet normal 0 0 1
    outer loop
      vertex 121.1 12 1
      vertex 119.5 10.5 1
      vertex 120.5 10.5 1
    endloop
  endfacet
  facet normal -0 0 1
    outer loop
      vertex 118.9 12 1
      vertex 119.5 10.5 1
      vertex 121.1 12 1
    endloop
  endfacet
  facet normal 0 0 1
    outer loop
      vertex 119.5 10.5 1
      vertex 118.9 12 1
      vertex 118.9 10.5 1
    endloop
  endfacet
  facet normal 0 0 1
    outer loop
      vertex 136.7 7.79999 1
      vertex 137.2 7.79999 1
      vertex 137.2 8.79999 1
    endloop
  endfacet
  facet normal 0 0 1
    outer loop
      vertex 137.2 7.79999 1
      vertex 136.995 2.5 1
      vertex 137 0 1
    endloop
  endfacet
  facet normal 0 0 1
    outer loop
      vertex 137.2 7.79999 1
      vertex 136.7 7.79999 1
      vertex 136.995 2.5 1
    endloop
  endfacet
  facet normal -0 0 1
    outer loop
      vertex 120.5 8.79999 1
      vertex 136.7 7.79999 1
      vertex 137.2 8.79999 1
    endloop
  endfacet
  facet normal 0 0 1
    outer loop
      vertex 120 7.79999 1
      vertex 120.5 8.79999 1
      vertex 120 8.79999 1
    endloop
  endfacet
  facet normal 0 0 1
    outer loop
      vertex 120.5 8.79999 1
      vertex 120 7.79999 1
      vertex 136.7 7.79999 1
    endloop
  endfacet
  facet normal 0 0 1
    outer loop
      vertex 137.7 7.79999 1
      vertex 137.415 2.5 1
      vertex 137.7 2.5 1
    endloop
  endfacet
  facet normal -0 0 1
    outer loop
      vertex 137.2 7.79999 1
      vertex 137.415 2.5 1
      vertex 137.7 7.79999 1
    endloop
  endfacet
  facet normal 0 0 1
    outer loop
      vertex 137 0 1
      vertex 137.415 2.5 1
      vertex 137.2 7.79999 1
    endloop
  endfacet
  facet normal 0 0 1
    outer loop
      vertex 137.415 2.5 1
      vertex 137 0 1
      vertex 137.4 0 1
    endloop
  endfacet
  facet normal 0 0 1
    outer loop
      vertex 138.19 0.92514 1
      vertex 138.19 0.67485 1
      vertex 138.2 0.799988 1
    endloop
  endfacet
  facet normal 0 0 1
    outer loop
      vertex 138.161 1.04721 1
      vertex 138.19 0.67485 1
      vertex 138.19 0.92514 1
    endloop
  endfacet
  facet normal 0 0 1
    outer loop
      vertex 138.161 1.04721 1
      vertex 138.161 0.55278 1
      vertex 138.19 0.67485 1
    endloop
  endfacet
  facet normal 0 0 1
    outer loop
      vertex 138.113 1.16318 1
      vertex 138.161 0.55278 1
      vertex 138.161 1.04721 1
    endloop
  endfacet
  facet normal 0 0 1
    outer loop
      vertex 138.113 1.16318 1
      vertex 138.113 0.436798 1
      vertex 138.161 0.55278 1
    endloop
  endfacet
  facet normal 0 0 1
    outer loop
      vertex 138.113 1.16318 1
      vertex 138.047 0.329758 1
      vertex 138.113 0.436798 1
    endloop
  endfacet
  facet normal 0 0 1
    outer loop
      vertex 138.113 1.16318 1
      vertex 137.966 0.234314 1
      vertex 138.047 0.329758 1
    endloop
  endfacet
  facet normal 0 0 1
    outer loop
      vertex 138.113 1.16318 1
      vertex 137.87 0.152786 1
      vertex 137.966 0.234314 1
    endloop
  endfacet
  facet normal 0 0 1
    outer loop
      vertex 138.113 1.16318 1
      vertex 137.763 0.0871887 1
      vertex 137.87 0.152786 1
    endloop
  endfacet
  facet normal 0 0 1
    outer loop
      vertex 138.113 1.16318 1
      vertex 137.647 0.0391541 1
      vertex 137.763 0.0871887 1
    endloop
  endfacet
  facet normal 0 0 1
    outer loop
      vertex 138.113 1.16318 1
      vertex 137.525 0.00984192 1
      vertex 137.647 0.0391541 1
    endloop
  endfacet
  facet normal 0 0 1
    outer loop
      vertex 137.4 0 1
      vertex 138.113 1.16318 1
      vertex 137.415 2.5 1
    endloop
  endfacet
  facet normal 0 0 1
    outer loop
      vertex 138.113 1.16318 1
      vertex 137.4 0 1
      vertex 137.525 0.00984192 1
    endloop
  endfacet
  facet normal -0 0 1
    outer loop
      vertex 136.287 1.16318 1
      vertex 137 0 1
      vertex 136.995 2.5 1
    endloop
  endfacet
  facet normal 0 0 1
    outer loop
      vertex 137 0 1
      vertex 136.287 1.16318 1
      vertex 136.875 0.00984192 1
    endloop
  endfacet
  facet normal 0 0 1
    outer loop
      vertex 136.875 0.00984192 1
      vertex 136.287 1.16318 1
      vertex 136.753 0.0391541 1
    endloop
  endfacet
  facet normal 0 0 1
    outer loop
      vertex 136.753 0.0391541 1
      vertex 136.287 1.16318 1
      vertex 136.637 0.0871887 1
    endloop
  endfacet
  facet normal 0 0 1
    outer loop
      vertex 136.637 0.0871887 1
      vertex 136.287 1.16318 1
      vertex 136.53 0.152786 1
    endloop
  endfacet
  facet normal 0 0 1
    outer loop
      vertex 136.53 0.152786 1
      vertex 136.287 1.16318 1
      vertex 136.434 0.234314 1
    endloop
  endfacet
  facet normal 0 0 1
    outer loop
      vertex 136.434 0.234314 1
      vertex 136.287 1.16318 1
      vertex 136.353 0.329758 1
    endloop
  endfacet
  facet normal 0 0 1
    outer loop
      vertex 136.287 1.16318 1
      vertex 136.287 0.436798 1
      vertex 136.353 0.329758 1
    endloop
  endfacet
  facet normal -0 0 1
    outer loop
      vertex 136.239 1.04721 1
      vertex 136.287 0.436798 1
      vertex 136.287 1.16318 1
    endloop
  endfacet
  facet normal 0 0 1
    outer loop
      vertex 136.239 1.04721 1
      vertex 136.239 0.55278 1
      vertex 136.287 0.436798 1
    endloop
  endfacet
  facet normal -0 0 1
    outer loop
      vertex 136.21 0.92514 1
      vertex 136.239 0.55278 1
      vertex 136.239 1.04721 1
    endloop
  endfacet
  facet normal 0 0 1
    outer loop
      vertex 136.21 0.92514 1
      vertex 136.21 0.67485 1
      vertex 136.239 0.55278 1
    endloop
  endfacet
  facet normal 0 -0 1
    outer loop
      vertex 136.21 0.67485 1
      vertex 136.21 0.92514 1
      vertex 136.2 0.799988 1
    endloop
  endfacet
  facet normal 0 0 1
    outer loop
      vertex 136.995 2.5 1
      vertex 136.7 7.79999 1
      vertex 136.7 2.5 1
    endloop
  endfacet
  facet normal 0 0 1
    outer loop
      vertex 120 8.79999 1
      vertex 119.5 10.5 1
      vertex 119.5 8.79999 1
    endloop
  endfacet
  facet normal -1 0 0
    outer loop
      vertex 120 7.79999 0
      vertex 120 8.79999 1
      vertex 120 8.79999 0
    endloop
  endfacet
  facet normal -1 -0 0
    outer loop
      vertex 120 8.79999 1
      vertex 120 7.79999 0
      vertex 120 7.79999 1
    endloop
  endfacet
  facet normal 0 -1 0
    outer loop
      vertex 120 7.79999 0
      vertex 136.7 7.79999 1
      vertex 120 7.79999 1
    endloop
  endfacet
  facet normal 0 -1 -0
    outer loop
      vertex 136.7 7.79999 1
      vertex 120 7.79999 0
      vertex 136.7 7.79999 0
    endloop
  endfacet
  facet normal -1 0 0
    outer loop
      vertex 136.7 2.5 0
      vertex 136.7 7.79999 1
      vertex 136.7 7.79999 0
    endloop
  endfacet
  facet normal -1 -0 0
    outer loop
      vertex 136.7 7.79999 1
      vertex 136.7 2.5 0
      vertex 136.7 2.5 1
    endloop
  endfacet
  facet normal 0 -1 0
    outer loop
      vertex 136.7 2.5 0
      vertex 136.995 2.5 1
      vertex 136.7 2.5 1
    endloop
  endfacet
  facet normal 0 -1 -0
    outer loop
      vertex 136.995 2.5 1
      vertex 136.7 2.5 0
      vertex 136.995 2.5 0
    endloop
  endfacet
  facet normal -0.883714 0.468028 0
    outer loop
      vertex 136.287 1.16318 0
      vertex 136.995 2.5 1
      vertex 136.995 2.5 0
    endloop
  endfacet
  facet normal -0.883714 0.468028 0
    outer loop
      vertex 136.995 2.5 1
      vertex 136.287 1.16318 0
      vertex 136.287 1.16318 1
    endloop
  endfacet
  facet normal -0.923982 0.382436 0
    outer loop
      vertex 136.239 1.04721 0
      vertex 136.287 1.16318 1
      vertex 136.287 1.16318 0
    endloop
  endfacet
  facet normal -0.923982 0.382436 0
    outer loop
      vertex 136.287 1.16318 1
      vertex 136.239 1.04721 0
      vertex 136.239 1.04721 1
    endloop
  endfacet
  facet normal -0.972922 0.231136 0
    outer loop
      vertex 136.21 0.92514 0
      vertex 136.239 1.04721 1
      vertex 136.239 1.04721 0
    endloop
  endfacet
  facet normal -0.972922 0.231136 0
    outer loop
      vertex 136.239 1.04721 1
      vertex 136.21 0.92514 0
      vertex 136.21 0.92514 1
    endloop
  endfacet
  facet normal -0.996823 0.079649 0
    outer loop
      vertex 136.2 0.799988 0
      vertex 136.21 0.92514 1
      vertex 136.21 0.92514 0
    endloop
  endfacet
  facet normal -0.996823 0.079649 0
    outer loop
      vertex 136.21 0.92514 1
      vertex 136.2 0.799988 0
      vertex 136.2 0.799988 1
    endloop
  endfacet
  facet normal -0.996822 -0.0796578 0
    outer loop
      vertex 136.21 0.67485 0
      vertex 136.2 0.799988 1
      vertex 136.2 0.799988 0
    endloop
  endfacet
  facet normal -0.996822 -0.0796578 0
    outer loop
      vertex 136.2 0.799988 1
      vertex 136.21 0.67485 0
      vertex 136.21 0.67485 1
    endloop
  endfacet
  facet normal -0.972922 -0.231136 0
    outer loop
      vertex 136.239 0.55278 0
      vertex 136.21 0.67485 1
      vertex 136.21 0.67485 0
    endloop
  endfacet
  facet normal -0.972922 -0.231136 0
    outer loop
      vertex 136.21 0.67485 1
      vertex 136.239 0.55278 0
      vertex 136.239 0.55278 1
    endloop
  endfacet
  facet normal -0.923996 -0.382402 0
    outer loop
      vertex 136.287 0.436798 0
      vertex 136.239 0.55278 1
      vertex 136.239 0.55278 0
    endloop
  endfacet
  facet normal -0.923996 -0.382402 0
    outer loop
      vertex 136.239 0.55278 1
      vertex 136.287 0.436798 0
      vertex 136.287 0.436798 1
    endloop
  endfacet
  facet normal -0.851199 -0.524843 0
    outer loop
      vertex 136.353 0.329758 0
      vertex 136.287 0.436798 1
      vertex 136.287 0.436798 0
    endloop
  endfacet
  facet normal -0.851199 -0.524843 0
    outer loop
      vertex 136.287 0.436798 1
      vertex 136.353 0.329758 0
      vertex 136.353 0.329758 1
    endloop
  endfacet
  facet normal -0.762441 -0.647057 0
    outer loop
      vertex 136.434 0.234314 0
      vertex 136.353 0.329758 1
      vertex 136.353 0.329758 0
    endloop
  endfacet
  facet normal -0.762441 -0.647057 0
    outer loop
      vertex 136.353 0.329758 1
      vertex 136.434 0.234314 0
      vertex 136.434 0.234314 1
    endloop
  endfacet
  facet normal -0.647316 -0.762221 0
    outer loop
      vertex 136.434 0.234314 0
      vertex 136.53 0.152786 1
      vertex 136.434 0.234314 1
    endloop
  endfacet
  facet normal -0.647316 -0.762221 -0
    outer loop
      vertex 136.53 0.152786 1
      vertex 136.434 0.234314 0
      vertex 136.53 0.152786 0
    endloop
  endfacet
  facet normal -0.522659 -0.852542 0
    outer loop
      vertex 136.53 0.152786 0
      vertex 136.637 0.0871887 1
      vertex 136.53 0.152786 1
    endloop
  endfacet
  facet normal -0.522659 -0.852542 -0
    outer loop
      vertex 136.637 0.0871887 1
      vertex 136.53 0.152786 0
      vertex 136.637 0.0871887 0
    endloop
  endfacet
  facet normal -0.382587 -0.923919 0
    outer loop
      vertex 136.637 0.0871887 0
      vertex 136.753 0.0391541 1
      vertex 136.637 0.0871887 1
    endloop
  endfacet
  facet normal -0.382587 -0.923919 -0
    outer loop
      vertex 136.753 0.0391541 1
      vertex 136.637 0.0871887 0
      vertex 136.753 0.0391541 0
    endloop
  endfacet
  facet normal -0.233615 -0.972329 0
    outer loop
      vertex 136.753 0.0391541 0
      vertex 136.875 0.00984192 1
      vertex 136.753 0.0391541 1
    endloop
  endfacet
  facet normal -0.233615 -0.972329 -0
    outer loop
      vertex 136.875 0.00984192 1
      vertex 136.753 0.0391541 0
      vertex 136.875 0.00984192 0
    endloop
  endfacet
  facet normal -0.0784924 -0.996915 0
    outer loop
      vertex 136.875 0.00984192 0
      vertex 137 0 1
      vertex 136.875 0.00984192 1
    endloop
  endfacet
  facet normal -0.0784924 -0.996915 -0
    outer loop
      vertex 137 0 1
      vertex 136.875 0.00984192 0
      vertex 137 0 0
    endloop
  endfacet
  facet normal 0 -1 0
    outer loop
      vertex 137 0 0
      vertex 137.4 0 1
      vertex 137 0 1
    endloop
  endfacet
  facet normal 0 -1 -0
    outer loop
      vertex 137.4 0 1
      vertex 137 0 0
      vertex 137.4 0 0
    endloop
  endfacet
  facet normal 0.0784924 -0.996915 0
    outer loop
      vertex 137.4 0 0
      vertex 137.525 0.00984192 1
      vertex 137.4 0 1
    endloop
  endfacet
  facet normal 0.0784924 -0.996915 0
    outer loop
      vertex 137.525 0.00984192 1
      vertex 137.4 0 0
      vertex 137.525 0.00984192 0
    endloop
  endfacet
  facet normal 0.233615 -0.972329 0
    outer loop
      vertex 137.525 0.00984192 0
      vertex 137.647 0.0391541 1
      vertex 137.525 0.00984192 1
    endloop
  endfacet
  facet normal 0.233615 -0.972329 0
    outer loop
      vertex 137.647 0.0391541 1
      vertex 137.525 0.00984192 0
      vertex 137.647 0.0391541 0
    endloop
  endfacet
  facet normal 0.382587 -0.923919 0
    outer loop
      vertex 137.647 0.0391541 0
      vertex 137.763 0.0871887 1
      vertex 137.647 0.0391541 1
    endloop
  endfacet
  facet normal 0.382587 -0.923919 0
    outer loop
      vertex 137.763 0.0871887 1
      vertex 137.647 0.0391541 0
      vertex 137.763 0.0871887 0
    endloop
  endfacet
  facet normal 0.522659 -0.852542 0
    outer loop
      vertex 137.763 0.0871887 0
      vertex 137.87 0.152786 1
      vertex 137.763 0.0871887 1
    endloop
  endfacet
  facet normal 0.522659 -0.852542 0
    outer loop
      vertex 137.87 0.152786 1
      vertex 137.763 0.0871887 0
      vertex 137.87 0.152786 0
    endloop
  endfacet
  facet normal 0.647316 -0.762221 0
    outer loop
      vertex 137.87 0.152786 0
      vertex 137.966 0.234314 1
      vertex 137.87 0.152786 1
    endloop
  endfacet
  facet normal 0.647316 -0.762221 0
    outer loop
      vertex 137.966 0.234314 1
      vertex 137.87 0.152786 0
      vertex 137.966 0.234314 0
    endloop
  endfacet
  facet normal 0.762441 -0.647057 0
    outer loop
      vertex 137.966 0.234314 1
      vertex 138.047 0.329758 0
      vertex 138.047 0.329758 1
    endloop
  endfacet
  facet normal 0.762441 -0.647057 0
    outer loop
      vertex 138.047 0.329758 0
      vertex 137.966 0.234314 1
      vertex 137.966 0.234314 0
    endloop
  endfacet
  facet normal 0.851199 -0.524843 0
    outer loop
      vertex 138.047 0.329758 1
      vertex 138.113 0.436798 0
      vertex 138.113 0.436798 1
    endloop
  endfacet
  facet normal 0.851199 -0.524843 0
    outer loop
      vertex 138.113 0.436798 0
      vertex 138.047 0.329758 1
      vertex 138.047 0.329758 0
    endloop
  endfacet
  facet normal 0.923996 -0.382402 0
    outer loop
      vertex 138.113 0.436798 1
      vertex 138.161 0.55278 0
      vertex 138.161 0.55278 1
    endloop
  endfacet
  facet normal 0.923996 -0.382402 0
    outer loop
      vertex 138.161 0.55278 0
      vertex 138.113 0.436798 1
      vertex 138.113 0.436798 0
    endloop
  endfacet
  facet normal 0.972922 -0.231136 0
    outer loop
      vertex 138.161 0.55278 1
      vertex 138.19 0.67485 0
      vertex 138.19 0.67485 1
    endloop
  endfacet
  facet normal 0.972922 -0.231136 0
    outer loop
      vertex 138.19 0.67485 0
      vertex 138.161 0.55278 1
      vertex 138.161 0.55278 0
    endloop
  endfacet
  facet normal 0.996822 -0.0796578 0
    outer loop
      vertex 138.19 0.67485 1
      vertex 138.2 0.799988 0
      vertex 138.2 0.799988 1
    endloop
  endfacet
  facet normal 0.996822 -0.0796578 0
    outer loop
      vertex 138.2 0.799988 0
      vertex 138.19 0.67485 1
      vertex 138.19 0.67485 0
    endloop
  endfacet
  facet normal 0.996823 0.079649 0
    outer loop
      vertex 138.2 0.799988 1
      vertex 138.19 0.92514 0
      vertex 138.19 0.92514 1
    endloop
  endfacet
  facet normal 0.996823 0.079649 0
    outer loop
      vertex 138.19 0.92514 0
      vertex 138.2 0.799988 1
      vertex 138.2 0.799988 0
    endloop
  endfacet
  facet normal 0.972922 0.231136 0
    outer loop
      vertex 138.19 0.92514 1
      vertex 138.161 1.04721 0
      vertex 138.161 1.04721 1
    endloop
  endfacet
  facet normal 0.972922 0.231136 0
    outer loop
      vertex 138.161 1.04721 0
      vertex 138.19 0.92514 1
      vertex 138.19 0.92514 0
    endloop
  endfacet
  facet normal 0.923982 0.382436 0
    outer loop
      vertex 138.161 1.04721 1
      vertex 138.113 1.16318 0
      vertex 138.113 1.16318 1
    endloop
  endfacet
  facet normal 0.923982 0.382436 0
    outer loop
      vertex 138.113 1.16318 0
      vertex 138.161 1.04721 1
      vertex 138.161 1.04721 0
    endloop
  endfacet
  facet normal 0.886441 0.462842 0
    outer loop
      vertex 138.113 1.16318 1
      vertex 137.415 2.5 0
      vertex 137.415 2.5 1
    endloop
  endfacet
  facet normal 0.886441 0.462842 0
    outer loop
      vertex 137.415 2.5 0
      vertex 138.113 1.16318 1
      vertex 138.113 1.16318 0
    endloop
  endfacet
  facet normal 0 -1 0
    outer loop
      vertex 137.415 2.5 0
      vertex 137.7 2.5 1
      vertex 137.415 2.5 1
    endloop
  endfacet
  facet normal 0 -1 -0
    outer loop
      vertex 137.7 2.5 1
      vertex 137.415 2.5 0
      vertex 137.7 2.5 0
    endloop
  endfacet
  facet normal 1 -0 0
    outer loop
      vertex 137.7 2.5 1
      vertex 137.7 7.79999 0
      vertex 137.7 7.79999 1
    endloop
  endfacet
  facet normal 1 0 0
    outer loop
      vertex 137.7 7.79999 0
      vertex 137.7 2.5 1
      vertex 137.7 2.5 0
    endloop
  endfacet
  facet normal 0 1 -0
    outer loop
      vertex 137.7 7.79999 0
      vertex 137.2 7.79999 1
      vertex 137.7 7.79999 1
    endloop
  endfacet
  facet normal 0 1 0
    outer loop
      vertex 137.2 7.79999 1
      vertex 137.7 7.79999 0
      vertex 137.2 7.79999 0
    endloop
  endfacet
  facet normal 1 -0 0
    outer loop
      vertex 137.2 7.79999 1
      vertex 137.2 8.79999 0
      vertex 137.2 8.79999 1
    endloop
  endfacet
  facet normal 1 0 0
    outer loop
      vertex 137.2 8.79999 0
      vertex 137.2 7.79999 1
      vertex 137.2 7.79999 0
    endloop
  endfacet
  facet normal 0 1 -0
    outer loop
      vertex 137.2 8.79999 0
      vertex 120.5 8.79999 1
      vertex 137.2 8.79999 1
    endloop
  endfacet
  facet normal 0 1 0
    outer loop
      vertex 120.5 8.79999 1
      vertex 137.2 8.79999 0
      vertex 120.5 8.79999 0
    endloop
  endfacet
  facet normal 1 -0 0
    outer loop
      vertex 120.5 8.79999 1
      vertex 120.5 10.5 0
      vertex 120.5 10.5 1
    endloop
  endfacet
  facet normal 1 0 0
    outer loop
      vertex 120.5 10.5 0
      vertex 120.5 8.79999 1
      vertex 120.5 8.79999 0
    endloop
  endfacet
  facet normal 0 -1 0
    outer loop
      vertex 120.5 10.5 0
      vertex 121.1 10.5 1
      vertex 120.5 10.5 1
    endloop
  endfacet
  facet normal 0 -1 -0
    outer loop
      vertex 121.1 10.5 1
      vertex 120.5 10.5 0
      vertex 121.1 10.5 0
    endloop
  endfacet
  facet normal 1 -0 0
    outer loop
      vertex 121.1 10.5 1
      vertex 121.1 12 0
      vertex 121.1 12 1
    endloop
  endfacet
  facet normal 1 0 0
    outer loop
      vertex 121.1 12 0
      vertex 121.1 10.5 1
      vertex 121.1 10.5 0
    endloop
  endfacet
  facet normal 0 1 -0
    outer loop
      vertex 121.1 12 0
      vertex 118.9 12 1
      vertex 121.1 12 1
    endloop
  endfacet
  facet normal 0 1 0
    outer loop
      vertex 118.9 12 1
      vertex 121.1 12 0
      vertex 118.9 12 0
    endloop
  endfacet
  facet normal -1 0 0
    outer loop
      vertex 118.9 10.5 0
      vertex 118.9 12 1
      vertex 118.9 12 0
    endloop
  endfacet
  facet normal -1 -0 0
    outer loop
      vertex 118.9 12 1
      vertex 118.9 10.5 0
      vertex 118.9 10.5 1
    endloop
  endfacet
  facet normal 0 -1 0
    outer loop
      vertex 118.9 10.5 0
      vertex 119.5 10.5 1
      vertex 118.9 10.5 1
    endloop
  endfacet
  facet normal 0 -1 -0
    outer loop
      vertex 119.5 10.5 1
      vertex 118.9 10.5 0
      vertex 119.5 10.5 0
    endloop
  endfacet
  facet normal -1 0 0
    outer loop
      vertex 119.5 8.79999 0
      vertex 119.5 10.5 1
      vertex 119.5 10.5 0
    endloop
  endfacet
  facet normal -1 -0 0
    outer loop
      vertex 119.5 10.5 1
      vertex 119.5 8.79999 0
      vertex 119.5 8.79999 1
    endloop
  endfacet
  facet normal 0 -1 0
    outer loop
      vertex 119.5 8.79999 0
      vertex 120 8.79999 1
      vertex 119.5 8.79999 1
    endloop
  endfacet
  facet normal 0 -1 -0
    outer loop
      vertex 120 8.79999 1
      vertex 119.5 8.79999 0
      vertex 120 8.79999 0
    endloop
  endfacet
  facet normal 0 0 -1
    outer loop
      vertex 170.068 0.67485 0
      vertex 170.068 0.92514 0
      vertex 170.078 0.799988 0
    endloop
  endfacet
  facet normal 0 0 -1
    outer loop
      vertex 170.039 0.55278 0
      vertex 170.068 0.92514 0
      vertex 170.068 0.67485 0
    endloop
  endfacet
  facet normal 0 0 -1
    outer loop
      vertex 170.039 0.55278 0
      vertex 170.039 1.04721 0
      vertex 170.068 0.92514 0
    endloop
  endfacet
  facet normal 0 0 -1
    outer loop
      vertex 169.991 0.436798 0
      vertex 170.039 1.04721 0
      vertex 170.039 0.55278 0
    endloop
  endfacet
  facet normal 0 0 -1
    outer loop
      vertex 169.991 0.436798 0
      vertex 169.991 1.16318 0
      vertex 170.039 1.04721 0
    endloop
  endfacet
  facet normal 0 0 -1
    outer loop
      vertex 169.925 0.329758 0
      vertex 169.991 1.16318 0
      vertex 169.991 0.436798 0
    endloop
  endfacet
  facet normal 0 0 -1
    outer loop
      vertex 169.844 0.234314 0
      vertex 169.991 1.16318 0
      vertex 169.925 0.329758 0
    endloop
  endfacet
  facet normal 0 0 -1
    outer loop
      vertex 169.748 0.152786 0
      vertex 169.991 1.16318 0
      vertex 169.844 0.234314 0
    endloop
  endfacet
  facet normal 0 0 -1
    outer loop
      vertex 169.641 0.0871887 0
      vertex 169.991 1.16318 0
      vertex 169.748 0.152786 0
    endloop
  endfacet
  facet normal 0 0 -1
    outer loop
      vertex 169.525 0.0391541 0
      vertex 169.991 1.16318 0
      vertex 169.641 0.0871887 0
    endloop
  endfacet
  facet normal 0 0 -1
    outer loop
      vertex 169.403 0.00984192 0
      vertex 169.991 1.16318 0
      vertex 169.525 0.0391541 0
    endloop
  endfacet
  facet normal 0 0 -1
    outer loop
      vertex 169.278 0 0
      vertex 169.991 1.16318 0
      vertex 169.403 0.00984192 0
    endloop
  endfacet
  facet normal -0 0 -1
    outer loop
      vertex 169.991 1.16318 0
      vertex 169.278 0 0
      vertex 168.165 1.16318 0
    endloop
  endfacet
  facet normal 0 0 -1
    outer loop
      vertex 169.293 2.5 0
      vertex 169.578 9.5 0
      vertex 169.578 2.5 0
    endloop
  endfacet
  facet normal 0 0 -1
    outer loop
      vertex 169.293 2.5 0
      vertex 169.078 9.5 0
      vertex 169.578 9.5 0
    endloop
  endfacet
  facet normal 0 0 -1
    outer loop
      vertex 169.991 1.16318 0
      vertex 168.165 1.16318 0
      vertex 169.293 2.5 0
    endloop
  endfacet
  facet normal 0 0 -1
    outer loop
      vertex 168.165 1.16318 0
      vertex 169.278 0 0
      vertex 168.878 0 0
    endloop
  endfacet
  facet normal 0 0 -1
    outer loop
      vertex 169.293 2.5 0
      vertex 168.873 2.5 0
      vertex 169.078 9.5 0
    endloop
  endfacet
  facet normal 0 0 -1
    outer loop
      vertex 168.578 9.5 0
      vertex 169.078 9.5 0
      vertex 168.873 2.5 0
    endloop
  endfacet
  facet normal 0 0 -1
    outer loop
      vertex 168.578 9.5 0
      vertex 168.873 2.5 0
      vertex 168.578 2.5 0
    endloop
  endfacet
  facet normal 0 0 -1
    outer loop
      vertex 169.078 9.5 0
      vertex 168.578 9.5 0
      vertex 169.078 10.5 0
    endloop
  endfacet
  facet normal 0 0 -1
    outer loop
      vertex 168.578 9.5 0
      vertex 151.1 10.5 0
      vertex 169.078 10.5 0
    endloop
  endfacet
  facet normal 0 0 -1
    outer loop
      vertex 150 9.5 0
      vertex 151.1 10.5 0
      vertex 168.578 9.5 0
    endloop
  endfacet
  facet normal 0 0 -1
    outer loop
      vertex 150 10.5 0
      vertex 151.1 10.5 0
      vertex 150 9.5 0
    endloop
  endfacet
  facet normal 0 0 -1
    outer loop
      vertex 151.1 10.5 0
      vertex 150 10.5 0
      vertex 151.1 12 0
    endloop
  endfacet
  facet normal 0 0 -1
    outer loop
      vertex 148.9 12 0
      vertex 150 10.5 0
      vertex 148.9 10.5 0
    endloop
  endfacet
  facet normal 0 0 -1
    outer loop
      vertex 150 10.5 0
      vertex 148.9 12 0
      vertex 151.1 12 0
    endloop
  endfacet
  facet normal 0 0 -1
    outer loop
      vertex 168.165 1.16318 0
      vertex 168.878 0 0
      vertex 168.753 0.00984192 0
    endloop
  endfacet
  facet normal 0 0 -1
    outer loop
      vertex 168.165 1.16318 0
      vertex 168.753 0.00984192 0
      vertex 168.631 0.0391541 0
    endloop
  endfacet
  facet normal 0 0 -1
    outer loop
      vertex 168.165 1.16318 0
      vertex 168.631 0.0391541 0
      vertex 168.515 0.0871887 0
    endloop
  endfacet
  facet normal 0 0 -1
    outer loop
      vertex 168.165 1.16318 0
      vertex 168.515 0.0871887 0
      vertex 168.408 0.152786 0
    endloop
  endfacet
  facet normal 0 0 -1
    outer loop
      vertex 168.165 1.16318 0
      vertex 168.408 0.152786 0
      vertex 168.312 0.234314 0
    endloop
  endfacet
  facet normal 0 0 -1
    outer loop
      vertex 168.165 1.16318 0
      vertex 168.312 0.234314 0
      vertex 168.231 0.329758 0
    endloop
  endfacet
  facet normal 0 0 -1
    outer loop
      vertex 168.165 1.16318 0
      vertex 168.231 0.329758 0
      vertex 168.165 0.436798 0
    endloop
  endfacet
  facet normal -0 0 -1
    outer loop
      vertex 169.293 2.5 0
      vertex 168.165 1.16318 0
      vertex 168.873 2.5 0
    endloop
  endfacet
  facet normal 0 0 -1
    outer loop
      vertex 168.117 0.55278 0
      vertex 168.165 1.16318 0
      vertex 168.165 0.436798 0
    endloop
  endfacet
  facet normal 0 0 -1
    outer loop
      vertex 168.117 0.55278 0
      vertex 168.117 1.04721 0
      vertex 168.165 1.16318 0
    endloop
  endfacet
  facet normal 0 0 -1
    outer loop
      vertex 168.088 0.67485 0
      vertex 168.117 1.04721 0
      vertex 168.117 0.55278 0
    endloop
  endfacet
  facet normal 0 0 -1
    outer loop
      vertex 168.088 0.67485 0
      vertex 168.088 0.92514 0
      vertex 168.117 1.04721 0
    endloop
  endfacet
  facet normal 0 -0 -1
    outer loop
      vertex 168.088 0.92514 0
      vertex 168.088 0.67485 0
      vertex 168.078 0.799988 0
    endloop
  endfacet
  facet normal 0 0 1
    outer loop
      vertex 151.1 12 1
      vertex 150 10.5 1
      vertex 151.1 10.5 1
    endloop
  endfacet
  facet normal -0 0 1
    outer loop
      vertex 148.9 12 1
      vertex 150 10.5 1
      vertex 151.1 12 1
    endloop
  endfacet
  facet normal 0 0 1
    outer loop
      vertex 150 10.5 1
      vertex 148.9 12 1
      vertex 148.9 10.5 1
    endloop
  endfacet
  facet normal 0 0 1
    outer loop
      vertex 168.578 9.5 1
      vertex 169.078 9.5 1
      vertex 169.078 10.5 1
    endloop
  endfacet
  facet normal 0 0 1
    outer loop
      vertex 169.078 9.5 1
      vertex 168.873 2.5 1
      vertex 168.878 0 1
    endloop
  endfacet
  facet normal 0 0 1
    outer loop
      vertex 169.078 9.5 1
      vertex 168.578 9.5 1
      vertex 168.873 2.5 1
    endloop
  endfacet
  facet normal -0 0 1
    outer loop
      vertex 151.1 10.5 1
      vertex 168.578 9.5 1
      vertex 169.078 10.5 1
    endloop
  endfacet
  facet normal 0 0 1
    outer loop
      vertex 150 9.5 1
      vertex 151.1 10.5 1
      vertex 150 10.5 1
    endloop
  endfacet
  facet normal 0 0 1
    outer loop
      vertex 151.1 10.5 1
      vertex 150 9.5 1
      vertex 168.578 9.5 1
    endloop
  endfacet
  facet normal 0 0 1
    outer loop
      vertex 169.578 9.5 1
      vertex 169.293 2.5 1
      vertex 169.578 2.5 1
    endloop
  endfacet
  facet normal -0 0 1
    outer loop
      vertex 169.078 9.5 1
      vertex 169.293 2.5 1
      vertex 169.578 9.5 1
    endloop
  endfacet
  facet normal 0 0 1
    outer loop
      vertex 168.878 0 1
      vertex 169.293 2.5 1
      vertex 169.078 9.5 1
    endloop
  endfacet
  facet normal 0 0 1
    outer loop
      vertex 169.293 2.5 1
      vertex 168.878 0 1
      vertex 169.278 0 1
    endloop
  endfacet
  facet normal 0 0 1
    outer loop
      vertex 170.068 0.92514 1
      vertex 170.068 0.67485 1
      vertex 170.078 0.799988 1
    endloop
  endfacet
  facet normal 0 0 1
    outer loop
      vertex 170.039 1.04721 1
      vertex 170.068 0.67485 1
      vertex 170.068 0.92514 1
    endloop
  endfacet
  facet normal 0 0 1
    outer loop
      vertex 170.039 1.04721 1
      vertex 170.039 0.55278 1
      vertex 170.068 0.67485 1
    endloop
  endfacet
  facet normal 0 0 1
    outer loop
      vertex 169.991 1.16318 1
      vertex 170.039 0.55278 1
      vertex 170.039 1.04721 1
    endloop
  endfacet
  facet normal 0 0 1
    outer loop
      vertex 169.991 1.16318 1
      vertex 169.991 0.436798 1
      vertex 170.039 0.55278 1
    endloop
  endfacet
  facet normal 0 0 1
    outer loop
      vertex 169.991 1.16318 1
      vertex 169.925 0.329758 1
      vertex 169.991 0.436798 1
    endloop
  endfacet
  facet normal 0 0 1
    outer loop
      vertex 169.991 1.16318 1
      vertex 169.844 0.234314 1
      vertex 169.925 0.329758 1
    endloop
  endfacet
  facet normal 0 0 1
    outer loop
      vertex 169.991 1.16318 1
      vertex 169.748 0.152786 1
      vertex 169.844 0.234314 1
    endloop
  endfacet
  facet normal 0 0 1
    outer loop
      vertex 169.991 1.16318 1
      vertex 169.641 0.0871887 1
      vertex 169.748 0.152786 1
    endloop
  endfacet
  facet normal 0 0 1
    outer loop
      vertex 169.991 1.16318 1
      vertex 169.525 0.0391541 1
      vertex 169.641 0.0871887 1
    endloop
  endfacet
  facet normal 0 0 1
    outer loop
      vertex 169.991 1.16318 1
      vertex 169.403 0.00984192 1
      vertex 169.525 0.0391541 1
    endloop
  endfacet
  facet normal 0 0 1
    outer loop
      vertex 169.278 0 1
      vertex 169.991 1.16318 1
      vertex 169.293 2.5 1
    endloop
  endfacet
  facet normal 0 0 1
    outer loop
      vertex 169.991 1.16318 1
      vertex 169.278 0 1
      vertex 169.403 0.00984192 1
    endloop
  endfacet
  facet normal -0 0 1
    outer loop
      vertex 168.165 1.16318 1
      vertex 168.878 0 1
      vertex 168.873 2.5 1
    endloop
  endfacet
  facet normal 0 0 1
    outer loop
      vertex 168.878 0 1
      vertex 168.165 1.16318 1
      vertex 168.753 0.00984192 1
    endloop
  endfacet
  facet normal 0 0 1
    outer loop
      vertex 168.753 0.00984192 1
      vertex 168.165 1.16318 1
      vertex 168.631 0.0391541 1
    endloop
  endfacet
  facet normal 0 0 1
    outer loop
      vertex 168.631 0.0391541 1
      vertex 168.165 1.16318 1
      vertex 168.515 0.0871887 1
    endloop
  endfacet
  facet normal 0 0 1
    outer loop
      vertex 168.515 0.0871887 1
      vertex 168.165 1.16318 1
      vertex 168.408 0.152786 1
    endloop
  endfacet
  facet normal 0 0 1
    outer loop
      vertex 168.408 0.152786 1
      vertex 168.165 1.16318 1
      vertex 168.312 0.234314 1
    endloop
  endfacet
  facet normal 0 0 1
    outer loop
      vertex 168.312 0.234314 1
      vertex 168.165 1.16318 1
      vertex 168.231 0.329758 1
    endloop
  endfacet
  facet normal 0 0 1
    outer loop
      vertex 168.165 1.16318 1
      vertex 168.165 0.436798 1
      vertex 168.231 0.329758 1
    endloop
  endfacet
  facet normal -0 0 1
    outer loop
      vertex 168.117 1.04721 1
      vertex 168.165 0.436798 1
      vertex 168.165 1.16318 1
    endloop
  endfacet
  facet normal 0 0 1
    outer loop
      vertex 168.117 1.04721 1
      vertex 168.117 0.55278 1
      vertex 168.165 0.436798 1
    endloop
  endfacet
  facet normal -0 0 1
    outer loop
      vertex 168.088 0.92514 1
      vertex 168.117 0.55278 1
      vertex 168.117 1.04721 1
    endloop
  endfacet
  facet normal 0 0 1
    outer loop
      vertex 168.088 0.92514 1
      vertex 168.088 0.67485 1
      vertex 168.117 0.55278 1
    endloop
  endfacet
  facet normal 0 -0 1
    outer loop
      vertex 168.088 0.67485 1
      vertex 168.088 0.92514 1
      vertex 168.078 0.799988 1
    endloop
  endfacet
  facet normal 0 0 1
    outer loop
      vertex 168.873 2.5 1
      vertex 168.578 9.5 1
      vertex 168.578 2.5 1
    endloop
  endfacet
  facet normal 0 -1 0
    outer loop
      vertex 150 9.5 0
      vertex 168.578 9.5 1
      vertex 150 9.5 1
    endloop
  endfacet
  facet normal 0 -1 -0
    outer loop
      vertex 168.578 9.5 1
      vertex 150 9.5 0
      vertex 168.578 9.5 0
    endloop
  endfacet
  facet normal -1 0 0
    outer loop
      vertex 168.578 2.5 0
      vertex 168.578 9.5 1
      vertex 168.578 9.5 0
    endloop
  endfacet
  facet normal -1 -0 0
    outer loop
      vertex 168.578 9.5 1
      vertex 168.578 2.5 0
      vertex 168.578 2.5 1
    endloop
  endfacet
  facet normal 0 -1 0
    outer loop
      vertex 168.578 2.5 0
      vertex 168.873 2.5 1
      vertex 168.578 2.5 1
    endloop
  endfacet
  facet normal 0 -1 -0
    outer loop
      vertex 168.873 2.5 1
      vertex 168.578 2.5 0
      vertex 168.873 2.5 0
    endloop
  endfacet
  facet normal -0.883714 0.468028 0
    outer loop
      vertex 168.165 1.16318 0
      vertex 168.873 2.5 1
      vertex 168.873 2.5 0
    endloop
  endfacet
  facet normal -0.883714 0.468028 0
    outer loop
      vertex 168.873 2.5 1
      vertex 168.165 1.16318 0
      vertex 168.165 1.16318 1
    endloop
  endfacet
  facet normal -0.923982 0.382436 0
    outer loop
      vertex 168.117 1.04721 0
      vertex 168.165 1.16318 1
      vertex 168.165 1.16318 0
    endloop
  endfacet
  facet normal -0.923982 0.382436 0
    outer loop
      vertex 168.165 1.16318 1
      vertex 168.117 1.04721 0
      vertex 168.117 1.04721 1
    endloop
  endfacet
  facet normal -0.972922 0.231136 0
    outer loop
      vertex 168.088 0.92514 0
      vertex 168.117 1.04721 1
      vertex 168.117 1.04721 0
    endloop
  endfacet
  facet normal -0.972922 0.231136 0
    outer loop
      vertex 168.117 1.04721 1
      vertex 168.088 0.92514 0
      vertex 168.088 0.92514 1
    endloop
  endfacet
  facet normal -0.996823 0.079649 0
    outer loop
      vertex 168.078 0.799988 0
      vertex 168.088 0.92514 1
      vertex 168.088 0.92514 0
    endloop
  endfacet
  facet normal -0.996823 0.079649 0
    outer loop
      vertex 168.088 0.92514 1
      vertex 168.078 0.799988 0
      vertex 168.078 0.799988 1
    endloop
  endfacet
  facet normal -0.996822 -0.0796578 0
    outer loop
      vertex 168.088 0.67485 0
      vertex 168.078 0.799988 1
      vertex 168.078 0.799988 0
    endloop
  endfacet
  facet normal -0.996822 -0.0796578 0
    outer loop
      vertex 168.078 0.799988 1
      vertex 168.088 0.67485 0
      vertex 168.088 0.67485 1
    endloop
  endfacet
  facet normal -0.972922 -0.231136 0
    outer loop
      vertex 168.117 0.55278 0
      vertex 168.088 0.67485 1
      vertex 168.088 0.67485 0
    endloop
  endfacet
  facet normal -0.972922 -0.231136 0
    outer loop
      vertex 168.088 0.67485 1
      vertex 168.117 0.55278 0
      vertex 168.117 0.55278 1
    endloop
  endfacet
  facet normal -0.923996 -0.382402 0
    outer loop
      vertex 168.165 0.436798 0
      vertex 168.117 0.55278 1
      vertex 168.117 0.55278 0
    endloop
  endfacet
  facet normal -0.923996 -0.382402 0
    outer loop
      vertex 168.117 0.55278 1
      vertex 168.165 0.436798 0
      vertex 168.165 0.436798 1
    endloop
  endfacet
  facet normal -0.851199 -0.524843 0
    outer loop
      vertex 168.231 0.329758 0
      vertex 168.165 0.436798 1
      vertex 168.165 0.436798 0
    endloop
  endfacet
  facet normal -0.851199 -0.524843 0
    outer loop
      vertex 168.165 0.436798 1
      vertex 168.231 0.329758 0
      vertex 168.231 0.329758 1
    endloop
  endfacet
  facet normal -0.762441 -0.647057 0
    outer loop
      vertex 168.312 0.234314 0
      vertex 168.231 0.329758 1
      vertex 168.231 0.329758 0
    endloop
  endfacet
  facet normal -0.762441 -0.647057 0
    outer loop
      vertex 168.231 0.329758 1
      vertex 168.312 0.234314 0
      vertex 168.312 0.234314 1
    endloop
  endfacet
  facet normal -0.647316 -0.762221 0
    outer loop
      vertex 168.312 0.234314 0
      vertex 168.408 0.152786 1
      vertex 168.312 0.234314 1
    endloop
  endfacet
  facet normal -0.647316 -0.762221 -0
    outer loop
      vertex 168.408 0.152786 1
      vertex 168.312 0.234314 0
      vertex 168.408 0.152786 0
    endloop
  endfacet
  facet normal -0.522659 -0.852542 0
    outer loop
      vertex 168.408 0.152786 0
      vertex 168.515 0.0871887 1
      vertex 168.408 0.152786 1
    endloop
  endfacet
  facet normal -0.522659 -0.852542 -0
    outer loop
      vertex 168.515 0.0871887 1
      vertex 168.408 0.152786 0
      vertex 168.515 0.0871887 0
    endloop
  endfacet
  facet normal -0.382587 -0.923919 0
    outer loop
      vertex 168.515 0.0871887 0
      vertex 168.631 0.0391541 1
      vertex 168.515 0.0871887 1
    endloop
  endfacet
  facet normal -0.382587 -0.923919 -0
    outer loop
      vertex 168.631 0.0391541 1
      vertex 168.515 0.0871887 0
      vertex 168.631 0.0391541 0
    endloop
  endfacet
  facet normal -0.233615 -0.972329 0
    outer loop
      vertex 168.631 0.0391541 0
      vertex 168.753 0.00984192 1
      vertex 168.631 0.0391541 1
    endloop
  endfacet
  facet normal -0.233615 -0.972329 -0
    outer loop
      vertex 168.753 0.00984192 1
      vertex 168.631 0.0391541 0
      vertex 168.753 0.00984192 0
    endloop
  endfacet
  facet normal -0.0784924 -0.996915 0
    outer loop
      vertex 168.753 0.00984192 0
      vertex 168.878 0 1
      vertex 168.753 0.00984192 1
    endloop
  endfacet
  facet normal -0.0784924 -0.996915 -0
    outer loop
      vertex 168.878 0 1
      vertex 168.753 0.00984192 0
      vertex 168.878 0 0
    endloop
  endfacet
  facet normal 0 -1 0
    outer loop
      vertex 168.878 0 0
      vertex 169.278 0 1
      vertex 168.878 0 1
    endloop
  endfacet
  facet normal 0 -1 -0
    outer loop
      vertex 169.278 0 1
      vertex 168.878 0 0
      vertex 169.278 0 0
    endloop
  endfacet
  facet normal 0.0784924 -0.996915 0
    outer loop
      vertex 169.278 0 0
      vertex 169.403 0.00984192 1
      vertex 169.278 0 1
    endloop
  endfacet
  facet normal 0.0784924 -0.996915 0
    outer loop
      vertex 169.403 0.00984192 1
      vertex 169.278 0 0
      vertex 169.403 0.00984192 0
    endloop
  endfacet
  facet normal 0.233615 -0.972329 0
    outer loop
      vertex 169.403 0.00984192 0
      vertex 169.525 0.0391541 1
      vertex 169.403 0.00984192 1
    endloop
  endfacet
  facet normal 0.233615 -0.972329 0
    outer loop
      vertex 169.525 0.0391541 1
      vertex 169.403 0.00984192 0
      vertex 169.525 0.0391541 0
    endloop
  endfacet
  facet normal 0.382587 -0.923919 0
    outer loop
      vertex 169.525 0.0391541 0
      vertex 169.641 0.0871887 1
      vertex 169.525 0.0391541 1
    endloop
  endfacet
  facet normal 0.382587 -0.923919 0
    outer loop
      vertex 169.641 0.0871887 1
      vertex 169.525 0.0391541 0
      vertex 169.641 0.0871887 0
    endloop
  endfacet
  facet normal 0.522659 -0.852542 0
    outer loop
      vertex 169.641 0.0871887 0
      vertex 169.748 0.152786 1
      vertex 169.641 0.0871887 1
    endloop
  endfacet
  facet normal 0.522659 -0.852542 0
    outer loop
      vertex 169.748 0.152786 1
      vertex 169.641 0.0871887 0
      vertex 169.748 0.152786 0
    endloop
  endfacet
  facet normal 0.647316 -0.762221 0
    outer loop
      vertex 169.748 0.152786 0
      vertex 169.844 0.234314 1
      vertex 169.748 0.152786 1
    endloop
  endfacet
  facet normal 0.647316 -0.762221 0
    outer loop
      vertex 169.844 0.234314 1
      vertex 169.748 0.152786 0
      vertex 169.844 0.234314 0
    endloop
  endfacet
  facet normal 0.762441 -0.647057 0
    outer loop
      vertex 169.844 0.234314 1
      vertex 169.925 0.329758 0
      vertex 169.925 0.329758 1
    endloop
  endfacet
  facet normal 0.762441 -0.647057 0
    outer loop
      vertex 169.925 0.329758 0
      vertex 169.844 0.234314 1
      vertex 169.844 0.234314 0
    endloop
  endfacet
  facet normal 0.851199 -0.524843 0
    outer loop
      vertex 169.925 0.329758 1
      vertex 169.991 0.436798 0
      vertex 169.991 0.436798 1
    endloop
  endfacet
  facet normal 0.851199 -0.524843 0
    outer loop
      vertex 169.991 0.436798 0
      vertex 169.925 0.329758 1
      vertex 169.925 0.329758 0
    endloop
  endfacet
  facet normal 0.923996 -0.382402 0
    outer loop
      vertex 169.991 0.436798 1
      vertex 170.039 0.55278 0
      vertex 170.039 0.55278 1
    endloop
  endfacet
  facet normal 0.923996 -0.382402 0
    outer loop
      vertex 170.039 0.55278 0
      vertex 169.991 0.436798 1
      vertex 169.991 0.436798 0
    endloop
  endfacet
  facet normal 0.972922 -0.231136 0
    outer loop
      vertex 170.039 0.55278 1
      vertex 170.068 0.67485 0
      vertex 170.068 0.67485 1
    endloop
  endfacet
  facet normal 0.972922 -0.231136 0
    outer loop
      vertex 170.068 0.67485 0
      vertex 170.039 0.55278 1
      vertex 170.039 0.55278 0
    endloop
  endfacet
  facet normal 0.996822 -0.0796578 0
    outer loop
      vertex 170.068 0.67485 1
      vertex 170.078 0.799988 0
      vertex 170.078 0.799988 1
    endloop
  endfacet
  facet normal 0.996822 -0.0796578 0
    outer loop
      vertex 170.078 0.799988 0
      vertex 170.068 0.67485 1
      vertex 170.068 0.67485 0
    endloop
  endfacet
  facet normal 0.996823 0.079649 0
    outer loop
      vertex 170.078 0.799988 1
      vertex 170.068 0.92514 0
      vertex 170.068 0.92514 1
    endloop
  endfacet
  facet normal 0.996823 0.079649 0
    outer loop
      vertex 170.068 0.92514 0
      vertex 170.078 0.799988 1
      vertex 170.078 0.799988 0
    endloop
  endfacet
  facet normal 0.972922 0.231136 0
    outer loop
      vertex 170.068 0.92514 1
      vertex 170.039 1.04721 0
      vertex 170.039 1.04721 1
    endloop
  endfacet
  facet normal 0.972922 0.231136 0
    outer loop
      vertex 170.039 1.04721 0
      vertex 170.068 0.92514 1
      vertex 170.068 0.92514 0
    endloop
  endfacet
  facet normal 0.923982 0.382436 0
    outer loop
      vertex 170.039 1.04721 1
      vertex 169.991 1.16318 0
      vertex 169.991 1.16318 1
    endloop
  endfacet
  facet normal 0.923982 0.382436 0
    outer loop
      vertex 169.991 1.16318 0
      vertex 170.039 1.04721 1
      vertex 170.039 1.04721 0
    endloop
  endfacet
  facet normal 0.886441 0.462842 0
    outer loop
      vertex 169.991 1.16318 1
      vertex 169.293 2.5 0
      vertex 169.293 2.5 1
    endloop
  endfacet
  facet normal 0.886441 0.462842 0
    outer loop
      vertex 169.293 2.5 0
      vertex 169.991 1.16318 1
      vertex 169.991 1.16318 0
    endloop
  endfacet
  facet normal 0 -1 0
    outer loop
      vertex 169.293 2.5 0
      vertex 169.578 2.5 1
      vertex 169.293 2.5 1
    endloop
  endfacet
  facet normal 0 -1 -0
    outer loop
      vertex 169.578 2.5 1
      vertex 169.293 2.5 0
      vertex 169.578 2.5 0
    endloop
  endfacet
  facet normal 1 -0 0
    outer loop
      vertex 169.578 2.5 1
      vertex 169.578 9.5 0
      vertex 169.578 9.5 1
    endloop
  endfacet
  facet normal 1 0 0
    outer loop
      vertex 169.578 9.5 0
      vertex 169.578 2.5 1
      vertex 169.578 2.5 0
    endloop
  endfacet
  facet normal 0 1 -0
    outer loop
      vertex 169.578 9.5 0
      vertex 169.078 9.5 1
      vertex 169.578 9.5 1
    endloop
  endfacet
  facet normal 0 1 0
    outer loop
      vertex 169.078 9.5 1
      vertex 169.578 9.5 0
      vertex 169.078 9.5 0
    endloop
  endfacet
  facet normal 1 -0 0
    outer loop
      vertex 169.078 9.5 1
      vertex 169.078 10.5 0
      vertex 169.078 10.5 1
    endloop
  endfacet
  facet normal 1 0 0
    outer loop
      vertex 169.078 10.5 0
      vertex 169.078 9.5 1
      vertex 169.078 9.5 0
    endloop
  endfacet
  facet normal 0 1 -0
    outer loop
      vertex 169.078 10.5 0
      vertex 151.1 10.5 1
      vertex 169.078 10.5 1
    endloop
  endfacet
  facet normal 0 1 0
    outer loop
      vertex 151.1 10.5 1
      vertex 169.078 10.5 0
      vertex 151.1 10.5 0
    endloop
  endfacet
  facet normal 1 -0 0
    outer loop
      vertex 151.1 10.5 1
      vertex 151.1 12 0
      vertex 151.1 12 1
    endloop
  endfacet
  facet normal 1 0 0
    outer loop
      vertex 151.1 12 0
      vertex 151.1 10.5 1
      vertex 151.1 10.5 0
    endloop
  endfacet
  facet normal 0 1 -0
    outer loop
      vertex 151.1 12 0
      vertex 148.9 12 1
      vertex 151.1 12 1
    endloop
  endfacet
  facet normal 0 1 0
    outer loop
      vertex 148.9 12 1
      vertex 151.1 12 0
      vertex 148.9 12 0
    endloop
  endfacet
  facet normal -1 0 0
    outer loop
      vertex 148.9 10.5 0
      vertex 148.9 12 1
      vertex 148.9 12 0
    endloop
  endfacet
  facet normal -1 -0 0
    outer loop
      vertex 148.9 12 1
      vertex 148.9 10.5 0
      vertex 148.9 10.5 1
    endloop
  endfacet
  facet normal 0 -1 0
    outer loop
      vertex 148.9 10.5 0
      vertex 150 10.5 1
      vertex 148.9 10.5 1
    endloop
  endfacet
  facet normal 0 -1 -0
    outer loop
      vertex 150 10.5 1
      vertex 148.9 10.5 0
      vertex 150 10.5 0
    endloop
  endfacet
  facet normal -1 0 0
    outer loop
      vertex 150 9.5 0
      vertex 150 10.5 1
      vertex 150 10.5 0
    endloop
  endfacet
  facet normal -1 -0 0
    outer loop
      vertex 150 10.5 1
      vertex 150 9.5 0
      vertex 150 9.5 1
    endloop
  endfacet
endsolid OpenSCAD_Model
